C,NEMP.WORLD,DISPATCHSCADA,AEMO,PUBLIC,2022/10/20,23:25:09,0000000373287514,DISPATCHSCADA,0000000373287508
I,DISPATCH,UNIT_SCADA,1,SETTLEMENTDATE,DUID,SCADAVALUE
D,DISPATCH,UNIT_SCADA,1,"2022/10/20 23:30:00",BARCSF1,0
D,DISPATCH,UNIT_SCADA,1,"2022/10/20 23:30:00",BUTLERSG,8.699999
D,DISPATCH,UNIT_SCADA,1,"2022/10/20 23:30:00",CAPTL_WF,86.309914
D,DISPATCH,UNIT_SCADA,1,"2022/10/20 23:30:00",CHALLHWF,8.50
D,DISPATCH,UNIT_SCADA,1,"2022/10/20 23:30:00",CLOVER,13.42
D,DISPATCH,UNIT_SCADA,1,"2022/10/20 23:30:00",CLUNY,5.577020
D,DISPATCH,UNIT_SCADA,1,"2022/10/20 23:30:00",CULLRGWF,-0.04
D,DISPATCH,UNIT_SCADA,1,"2022/10/20 23:30:00",DIAPURWF1,2.70
D,DISPATCH,UNIT_SCADA,1,"2022/10/20 23:30:00",ERGT01,0
D,DISPATCH,UNIT_SCADA,1,"2022/10/20 23:30:00",GB01,0
D,DISPATCH,UNIT_SCADA,1,"2022/10/20 23:30:00",GERMCRK,19.200001
D,DISPATCH,UNIT_SCADA,1,"2022/10/20 23:30:00",GRIFSF1,0.001526
D,DISPATCH,UNIT_SCADA,1,"2022/10/20 23:30:00",HEZ1,0
D,DISPATCH,UNIT_SCADA,1,"2022/10/20 23:30:00",HUGSF1,-0.12
D,DISPATCH,UNIT_SCADA,1,"2022/10/20 23:30:00",KEPBG1,0
D,DISPATCH,UNIT_SCADA,1,"2022/10/20 23:30:00",LRSF1,-0.0310
D,DISPATCH,UNIT_SCADA,1,"2022/10/20 23:30:00",MBAHNTH,46.856247
D,DISPATCH,UNIT_SCADA,1,"2022/10/20 23:30:00",MLSP1,0
D,DISPATCH,UNIT_SCADA,1,"2022/10/20 23:30:00",MLWF1,5.1750
D,DISPATCH,UNIT_SCADA,1,"2022/10/20 23:30:00",PALOONA,30.389999
D,DISPATCH,UNIT_SCADA,1,"2022/10/20 23:30:00",PIONEER,25.700001
D,DISPATCH,UNIT_SCADA,1,"2022/10/20 23:30:00",PORTWF,40.200001
D,DISPATCH,UNIT_SCADA,1,"2022/10/20 23:30:00",REPULSE,9.378195
D,DISPATCH,UNIT_SCADA,1,"2022/10/20 23:30:00",ROWALLAN,8.8395
D,DISPATCH,UNIT_SCADA,1,"2022/10/20 23:30:00",ROYALLA1,0
D,DISPATCH,UNIT_SCADA,1,"2022/10/20 23:30:00",RPCG,-0.50
D,DISPATCH,UNIT_SCADA,1,"2022/10/20 23:30:00",RUBICON,0
D,DISPATCH,UNIT_SCADA,1,"2022/10/20 23:30:00",WAUBRAWF,30.945999
D,DISPATCH,UNIT_SCADA,1,"2022/10/20 23:30:00",WOOLNTH1,80.229996
D,DISPATCH,UNIT_SCADA,1,"2022/10/20 23:30:00",YAMBUKWF,4.40
D,DISPATCH,UNIT_SCADA,1,"2022/10/20 23:30:00",YSWF1,0
D,DISPATCH,UNIT_SCADA,1,"2022/10/20 23:30:00",ADPBA1G,0.0080
D,DISPATCH,UNIT_SCADA,1,"2022/10/20 23:30:00",ADPBA1L,0
D,DISPATCH,UNIT_SCADA,1,"2022/10/20 23:30:00",ADPPV1,0
D,DISPATCH,UNIT_SCADA,1,"2022/10/20 23:30:00",AGLHAL,0
D,DISPATCH,UNIT_SCADA,1,"2022/10/20 23:30:00",AGLSOM,0
D,DISPATCH,UNIT_SCADA,1,"2022/10/20 23:30:00",ANGAST1,0
D,DISPATCH,UNIT_SCADA,1,"2022/10/20 23:30:00",ARWF1,17.90
D,DISPATCH,UNIT_SCADA,1,"2022/10/20 23:30:00",BALBG1,0
D,DISPATCH,UNIT_SCADA,1,"2022/10/20 23:30:00",BALBL1,0
D,DISPATCH,UNIT_SCADA,1,"2022/10/20 23:30:00",BALDHWF1,105.20
D,DISPATCH,UNIT_SCADA,1,"2022/10/20 23:30:00",BANGOWF1,70.496680
D,DISPATCH,UNIT_SCADA,1,"2022/10/20 23:30:00",BANGOWF2,64.398190
D,DISPATCH,UNIT_SCADA,1,"2022/10/20 23:30:00",BANN1,0
D,DISPATCH,UNIT_SCADA,1,"2022/10/20 23:30:00",BARCALDN,0
D,DISPATCH,UNIT_SCADA,1,"2022/10/20 23:30:00",BARKIPS1,0
D,DISPATCH,UNIT_SCADA,1,"2022/10/20 23:30:00",BARRON-1,0
D,DISPATCH,UNIT_SCADA,1,"2022/10/20 23:30:00",BARRON-2,0
D,DISPATCH,UNIT_SCADA,1,"2022/10/20 23:30:00",BASTYAN,0
D,DISPATCH,UNIT_SCADA,1,"2022/10/20 23:30:00",BBTHREE1,0
D,DISPATCH,UNIT_SCADA,1,"2022/10/20 23:30:00",BBTHREE2,0
D,DISPATCH,UNIT_SCADA,1,"2022/10/20 23:30:00",BBTHREE3,-1.12
D,DISPATCH,UNIT_SCADA,1,"2022/10/20 23:30:00",BDL01,0
D,DISPATCH,UNIT_SCADA,1,"2022/10/20 23:30:00",BDL02,0
D,DISPATCH,UNIT_SCADA,1,"2022/10/20 23:30:00",BERYLSF1,0
D,DISPATCH,UNIT_SCADA,1,"2022/10/20 23:30:00",BLOWERNG,62.60
D,DISPATCH,UNIT_SCADA,1,"2022/10/20 23:30:00",BLUEGSF1,0
D,DISPATCH,UNIT_SCADA,1,"2022/10/20 23:30:00",BLUFF1,0.70
D,DISPATCH,UNIT_SCADA,1,"2022/10/20 23:30:00",BNGSF1,0
D,DISPATCH,UNIT_SCADA,1,"2022/10/20 23:30:00",BNGSF2,0
D,DISPATCH,UNIT_SCADA,1,"2022/10/20 23:30:00",BOCORWF1,1.52
D,DISPATCH,UNIT_SCADA,1,"2022/10/20 23:30:00",BODWF1,109.882150
D,DISPATCH,UNIT_SCADA,1,"2022/10/20 23:30:00",BOMENSF1,0
D,DISPATCH,UNIT_SCADA,1,"2022/10/20 23:30:00",BOWWBA1G,0
D,DISPATCH,UNIT_SCADA,1,"2022/10/20 23:30:00",BOWWBA1L,0.0010
D,DISPATCH,UNIT_SCADA,1,"2022/10/20 23:30:00",BOWWPV1,0
D,DISPATCH,UNIT_SCADA,1,"2022/10/20 23:30:00",BRAEMAR1,0
D,DISPATCH,UNIT_SCADA,1,"2022/10/20 23:30:00",BRAEMAR2,0
D,DISPATCH,UNIT_SCADA,1,"2022/10/20 23:30:00",BRAEMAR3,0
D,DISPATCH,UNIT_SCADA,1,"2022/10/20 23:30:00",BRAEMAR5,0.201420
D,DISPATCH,UNIT_SCADA,1,"2022/10/20 23:30:00",BRAEMAR6,0
D,DISPATCH,UNIT_SCADA,1,"2022/10/20 23:30:00",BRAEMAR7,0.060430
D,DISPATCH,UNIT_SCADA,1,"2022/10/20 23:30:00",BROKENH1,0
D,DISPATCH,UNIT_SCADA,1,"2022/10/20 23:30:00",BRYB1WF1,83.933780
D,DISPATCH,UNIT_SCADA,1,"2022/10/20 23:30:00",BULBESG1,0
D,DISPATCH,UNIT_SCADA,1,"2022/10/20 23:30:00",BULBESL1,0.03
D,DISPATCH,UNIT_SCADA,1,"2022/10/20 23:30:00",BULGANA1,28.87
D,DISPATCH,UNIT_SCADA,1,"2022/10/20 23:30:00",BW01,659.739070
D,DISPATCH,UNIT_SCADA,1,"2022/10/20 23:30:00",BW02,638.034670
D,DISPATCH,UNIT_SCADA,1,"2022/10/20 23:30:00",BW03,584.518190
D,DISPATCH,UNIT_SCADA,1,"2022/10/20 23:30:00",BW04,0
D,DISPATCH,UNIT_SCADA,1,"2022/10/20 23:30:00",CALL_B_1,320.600010
D,DISPATCH,UNIT_SCADA,1,"2022/10/20 23:30:00",CALL_B_2,322.700010
D,DISPATCH,UNIT_SCADA,1,"2022/10/20 23:30:00",CATHROCK,2.90
D,DISPATCH,UNIT_SCADA,1,"2022/10/20 23:30:00",CBWWBA1G,0
D,DISPATCH,UNIT_SCADA,1,"2022/10/20 23:30:00",CBWWBA1L,0
D,DISPATCH,UNIT_SCADA,1,"2022/10/20 23:30:00",CETHANA,90.221120
D,DISPATCH,UNIT_SCADA,1,"2022/10/20 23:30:00",CG1,0
D,DISPATCH,UNIT_SCADA,1,"2022/10/20 23:30:00",CG2,0
D,DISPATCH,UNIT_SCADA,1,"2022/10/20 23:30:00",CG3,0
D,DISPATCH,UNIT_SCADA,1,"2022/10/20 23:30:00",CG4,0
D,DISPATCH,UNIT_SCADA,1,"2022/10/20 23:30:00",CHILDSF1,0
D,DISPATCH,UNIT_SCADA,1,"2022/10/20 23:30:00",CHYTWF1,0
D,DISPATCH,UNIT_SCADA,1,"2022/10/20 23:30:00",CLARESF1,0
D,DISPATCH,UNIT_SCADA,1,"2022/10/20 23:30:00",CLEMGPWF,0
D,DISPATCH,UNIT_SCADA,1,"2022/10/20 23:30:00",CLERMSF1,0
D,DISPATCH,UNIT_SCADA,1,"2022/10/20 23:30:00",CNUNDAWF,13.515770
D,DISPATCH,UNIT_SCADA,1,"2022/10/20 23:30:00",COHUNSF1,0
D,DISPATCH,UNIT_SCADA,1,"2022/10/20 23:30:00",COLEASF1,0
D,DISPATCH,UNIT_SCADA,1,"2022/10/20 23:30:00",COLUMSF1,0
D,DISPATCH,UNIT_SCADA,1,"2022/10/20 23:30:00",COLWF01,103.706420
D,DISPATCH,UNIT_SCADA,1,"2022/10/20 23:30:00",COOPGWF1,313.350010
D,DISPATCH,UNIT_SCADA,1,"2022/10/20 23:30:00",CPP_3,390.50
D,DISPATCH,UNIT_SCADA,1,"2022/10/20 23:30:00",CPP_4,0
D,DISPATCH,UNIT_SCADA,1,"2022/10/20 23:30:00",CPSA,0
D,DISPATCH,UNIT_SCADA,1,"2022/10/20 23:30:00",CROOKWF2,53.733120
D,DISPATCH,UNIT_SCADA,1,"2022/10/20 23:30:00",CROWLWF1,25.298940
D,DISPATCH,UNIT_SCADA,1,"2022/10/20 23:30:00",CRURWF1,76.4992
D,DISPATCH,UNIT_SCADA,1,"2022/10/20 23:30:00",CRWASF1,0
D,DISPATCH,UNIT_SCADA,1,"2022/10/20 23:30:00",CSPVPS1,0
D,DISPATCH,UNIT_SCADA,1,"2022/10/20 23:30:00",CTHLWF1,0.003050
D,DISPATCH,UNIT_SCADA,1,"2022/10/20 23:30:00",DALNTH01,0
D,DISPATCH,UNIT_SCADA,1,"2022/10/20 23:30:00",DALNTHL1,0.050350
D,DISPATCH,UNIT_SCADA,1,"2022/10/20 23:30:00",DARLSF1,0
D,DISPATCH,UNIT_SCADA,1,"2022/10/20 23:30:00",DARTM1,0
D,DISPATCH,UNIT_SCADA,1,"2022/10/20 23:30:00",DAYDSF1,0
D,DISPATCH,UNIT_SCADA,1,"2022/10/20 23:30:00",DDPS1,0
D,DISPATCH,UNIT_SCADA,1,"2022/10/20 23:30:00",DDSF1,0
D,DISPATCH,UNIT_SCADA,1,"2022/10/20 23:30:00",DEVILS_G,56.195560
D,DISPATCH,UNIT_SCADA,1,"2022/10/20 23:30:00",DG_NSW1,0
D,DISPATCH,UNIT_SCADA,1,"2022/10/20 23:30:00",DG_QLD1,0
D,DISPATCH,UNIT_SCADA,1,"2022/10/20 23:30:00",DG_SA1,0
D,DISPATCH,UNIT_SCADA,1,"2022/10/20 23:30:00",DG_TAS1,0
D,DISPATCH,UNIT_SCADA,1,"2022/10/20 23:30:00",DG_VIC1,0
D,DISPATCH,UNIT_SCADA,1,"2022/10/20 23:30:00",DRYCGT1,0
D,DISPATCH,UNIT_SCADA,1,"2022/10/20 23:30:00",DRYCGT2,0
D,DISPATCH,UNIT_SCADA,1,"2022/10/20 23:30:00",DRYCGT3,0
D,DISPATCH,UNIT_SCADA,1,"2022/10/20 23:30:00",DUNDWF1,117.22
D,DISPATCH,UNIT_SCADA,1,"2022/10/20 23:30:00",DUNDWF2,38.59
D,DISPATCH,UNIT_SCADA,1,"2022/10/20 23:30:00",DUNDWF3,91.03
D,DISPATCH,UNIT_SCADA,1,"2022/10/20 23:30:00",EILDON1,59.84
D,DISPATCH,UNIT_SCADA,1,"2022/10/20 23:30:00",EILDON2,60.12
D,DISPATCH,UNIT_SCADA,1,"2022/10/20 23:30:00",ELAINWF1,5.36
D,DISPATCH,UNIT_SCADA,1,"2022/10/20 23:30:00",EMERASF1,0
D,DISPATCH,UNIT_SCADA,1,"2022/10/20 23:30:00",ER01,0
D,DISPATCH,UNIT_SCADA,1,"2022/10/20 23:30:00",ER02,604.6601
D,DISPATCH,UNIT_SCADA,1,"2022/10/20 23:30:00",ER03,604.586850
D,DISPATCH,UNIT_SCADA,1,"2022/10/20 23:30:00",ER04,604.733340
D,DISPATCH,UNIT_SCADA,1,"2022/10/20 23:30:00",FINLYSF1,0
D,DISPATCH,UNIT_SCADA,1,"2022/10/20 23:30:00",FISHER,43.93
D,DISPATCH,UNIT_SCADA,1,"2022/10/20 23:30:00",GANGARR1,0
D,DISPATCH,UNIT_SCADA,1,"2022/10/20 23:30:00",GANNBG1,0.023740
D,DISPATCH,UNIT_SCADA,1,"2022/10/20 23:30:00",GANNBL1,0
D,DISPATCH,UNIT_SCADA,1,"2022/10/20 23:30:00",GANNSF1,0
D,DISPATCH,UNIT_SCADA,1,"2022/10/20 23:30:00",GLRWNSF1,0
D,DISPATCH,UNIT_SCADA,1,"2022/10/20 23:30:00",GNNDHSF1,0
D,DISPATCH,UNIT_SCADA,1,"2022/10/20 23:30:00",GOONSF1,0
D,DISPATCH,UNIT_SCADA,1,"2022/10/20 23:30:00",GORDON,223.769230
D,DISPATCH,UNIT_SCADA,1,"2022/10/20 23:30:00",GRANWF1,0
D,DISPATCH,UNIT_SCADA,1,"2022/10/20 23:30:00",GSTONE1,202.1250
D,DISPATCH,UNIT_SCADA,1,"2022/10/20 23:30:00",GSTONE2,0
D,DISPATCH,UNIT_SCADA,1,"2022/10/20 23:30:00",GSTONE3,139.649990
D,DISPATCH,UNIT_SCADA,1,"2022/10/20 23:30:00",GSTONE4,0
D,DISPATCH,UNIT_SCADA,1,"2022/10/20 23:30:00",GSTONE5,201.95
D,DISPATCH,UNIT_SCADA,1,"2022/10/20 23:30:00",GSTONE6,201.95
D,DISPATCH,UNIT_SCADA,1,"2022/10/20 23:30:00",GULLRSF1,0
D,DISPATCH,UNIT_SCADA,1,"2022/10/20 23:30:00",GULLRWF1,51.674210
D,DISPATCH,UNIT_SCADA,1,"2022/10/20 23:30:00",GULLRWF2,101.913180
D,DISPATCH,UNIT_SCADA,1,"2022/10/20 23:30:00",GUNNING1,0
D,DISPATCH,UNIT_SCADA,1,"2022/10/20 23:30:00",GUTHEGA,68.30
D,DISPATCH,UNIT_SCADA,1,"2022/10/20 23:30:00",HALLWF1,18.81
D,DISPATCH,UNIT_SCADA,1,"2022/10/20 23:30:00",HALLWF2,17.29
D,DISPATCH,UNIT_SCADA,1,"2022/10/20 23:30:00",HAMISF1,0
D,DISPATCH,UNIT_SCADA,1,"2022/10/20 23:30:00",HAUGHT11,0
D,DISPATCH,UNIT_SCADA,1,"2022/10/20 23:30:00",HAYMSF1,0
D,DISPATCH,UNIT_SCADA,1,"2022/10/20 23:30:00",HDWF1,34.90
D,DISPATCH,UNIT_SCADA,1,"2022/10/20 23:30:00",HDWF2,10.30
D,DISPATCH,UNIT_SCADA,1,"2022/10/20 23:30:00",HDWF3,20
D,DISPATCH,UNIT_SCADA,1,"2022/10/20 23:30:00",HILLSTN1,0
D,DISPATCH,UNIT_SCADA,1,"2022/10/20 23:30:00",HPRG1,0.90
D,DISPATCH,UNIT_SCADA,1,"2022/10/20 23:30:00",HPRL1,0
D,DISPATCH,UNIT_SCADA,1,"2022/10/20 23:30:00",HUMENSW,54.579810
D,DISPATCH,UNIT_SCADA,1,"2022/10/20 23:30:00",HUMEV,0
D,DISPATCH,UNIT_SCADA,1,"2022/10/20 23:30:00",HVWWBA1G,0
D,DISPATCH,UNIT_SCADA,1,"2022/10/20 23:30:00",HVWWBA1L,0.0060
D,DISPATCH,UNIT_SCADA,1,"2022/10/20 23:30:00",HVWWPV1,0
D,DISPATCH,UNIT_SCADA,1,"2022/10/20 23:30:00",JBUTTERS,0
D,DISPATCH,UNIT_SCADA,1,"2022/10/20 23:30:00",JEMALNG1,0
D,DISPATCH,UNIT_SCADA,1,"2022/10/20 23:30:00",JLA01,0
D,DISPATCH,UNIT_SCADA,1,"2022/10/20 23:30:00",JLA02,0
D,DISPATCH,UNIT_SCADA,1,"2022/10/20 23:30:00",JLA03,0
D,DISPATCH,UNIT_SCADA,1,"2022/10/20 23:30:00",JLA04,0
D,DISPATCH,UNIT_SCADA,1,"2022/10/20 23:30:00",JLB01,0
D,DISPATCH,UNIT_SCADA,1,"2022/10/20 23:30:00",JLB02,0.10
D,DISPATCH,UNIT_SCADA,1,"2022/10/20 23:30:00",JLB03,0
D,DISPATCH,UNIT_SCADA,1,"2022/10/20 23:30:00",JUNEESF1,0
D,DISPATCH,UNIT_SCADA,1,"2022/10/20 23:30:00",KABANWF1,0
D,DISPATCH,UNIT_SCADA,1,"2022/10/20 23:30:00",KAREEYA1,0
D,DISPATCH,UNIT_SCADA,1,"2022/10/20 23:30:00",KAREEYA2,0
D,DISPATCH,UNIT_SCADA,1,"2022/10/20 23:30:00",KAREEYA3,4.9250
D,DISPATCH,UNIT_SCADA,1,"2022/10/20 23:30:00",KAREEYA4,0
D,DISPATCH,UNIT_SCADA,1,"2022/10/20 23:30:00",KARSF1,0
D,DISPATCH,UNIT_SCADA,1,"2022/10/20 23:30:00",KEPSF1,0
D,DISPATCH,UNIT_SCADA,1,"2022/10/20 23:30:00",KEPWF1,1.59
D,DISPATCH,UNIT_SCADA,1,"2022/10/20 23:30:00",KIAMSF1,0
D,DISPATCH,UNIT_SCADA,1,"2022/10/20 23:30:00",KIATAWF1,14.50
D,DISPATCH,UNIT_SCADA,1,"2022/10/20 23:30:00",KPP_1,0
D,DISPATCH,UNIT_SCADA,1,"2022/10/20 23:30:00",KSP1,0
D,DISPATCH,UNIT_SCADA,1,"2022/10/20 23:30:00",LADBROK1,0.01
D,DISPATCH,UNIT_SCADA,1,"2022/10/20 23:30:00",LADBROK2,0.02
D,DISPATCH,UNIT_SCADA,1,"2022/10/20 23:30:00",LBBG1,5.40
D,DISPATCH,UNIT_SCADA,1,"2022/10/20 23:30:00",LBBL1,0
D,DISPATCH,UNIT_SCADA,1,"2022/10/20 23:30:00",LD01,322.440250
D,DISPATCH,UNIT_SCADA,1,"2022/10/20 23:30:00",LD02,0
D,DISPATCH,UNIT_SCADA,1,"2022/10/20 23:30:00",LD04,299.533080
D,DISPATCH,UNIT_SCADA,1,"2022/10/20 23:30:00",LEM_WIL,86.948750
D,DISPATCH,UNIT_SCADA,1,"2022/10/20 23:30:00",LGAPWF1,91.91
D,DISPATCH,UNIT_SCADA,1,"2022/10/20 23:30:00",LGAPWF2,70.81
D,DISPATCH,UNIT_SCADA,1,"2022/10/20 23:30:00",LILYSF1,0
D,DISPATCH,UNIT_SCADA,1,"2022/10/20 23:30:00",LIMOSF11,0
D,DISPATCH,UNIT_SCADA,1,"2022/10/20 23:30:00",LIMOSF21,0
D,DISPATCH,UNIT_SCADA,1,"2022/10/20 23:30:00",LI_WY_CA,56.147540
D,DISPATCH,UNIT_SCADA,1,"2022/10/20 23:30:00",LKBONNY1,17.9512
D,DISPATCH,UNIT_SCADA,1,"2022/10/20 23:30:00",LKBONNY2,47.534470
D,DISPATCH,UNIT_SCADA,1,"2022/10/20 23:30:00",LKBONNY3,13.118190
D,DISPATCH,UNIT_SCADA,1,"2022/10/20 23:30:00",LK_ECHO,0
D,DISPATCH,UNIT_SCADA,1,"2022/10/20 23:30:00",LNGS1,0
D,DISPATCH,UNIT_SCADA,1,"2022/10/20 23:30:00",LNGS2,0
D,DISPATCH,UNIT_SCADA,1,"2022/10/20 23:30:00",LONSDALE,0
D,DISPATCH,UNIT_SCADA,1,"2022/10/20 23:30:00",LOYYB1,576.315190
D,DISPATCH,UNIT_SCADA,1,"2022/10/20 23:30:00",LOYYB2,577.443050
D,DISPATCH,UNIT_SCADA,1,"2022/10/20 23:30:00",LYA1,561
D,DISPATCH,UNIT_SCADA,1,"2022/10/20 23:30:00",LYA2,0
D,DISPATCH,UNIT_SCADA,1,"2022/10/20 23:30:00",LYA3,561
D,DISPATCH,UNIT_SCADA,1,"2022/10/20 23:30:00",LYA4,561
D,DISPATCH,UNIT_SCADA,1,"2022/10/20 23:30:00",MACARTH1,48.898870
D,DISPATCH,UNIT_SCADA,1,"2022/10/20 23:30:00",MACKNTSH,0
D,DISPATCH,UNIT_SCADA,1,"2022/10/20 23:30:00",MANSLR1,0
D,DISPATCH,UNIT_SCADA,1,"2022/10/20 23:30:00",MAPS2PV1,0
D,DISPATCH,UNIT_SCADA,1,"2022/10/20 23:30:00",MAPS3PV1,0
D,DISPATCH,UNIT_SCADA,1,"2022/10/20 23:30:00",MARYRSF1,0
D,DISPATCH,UNIT_SCADA,1,"2022/10/20 23:30:00",MBPS2PV1,0
D,DISPATCH,UNIT_SCADA,1,"2022/10/20 23:30:00",MCKAY1,225.73
D,DISPATCH,UNIT_SCADA,1,"2022/10/20 23:30:00",MEADOWBK,5.801740
D,DISPATCH,UNIT_SCADA,1,"2022/10/20 23:30:00",MERCER01,17.90
D,DISPATCH,UNIT_SCADA,1,"2022/10/20 23:30:00",METZSF1,0
D,DISPATCH,UNIT_SCADA,1,"2022/10/20 23:30:00",MEWF1,10.279940
D,DISPATCH,UNIT_SCADA,1,"2022/10/20 23:30:00",MIDDLSF1,0
D,DISPATCH,UNIT_SCADA,1,"2022/10/20 23:30:00",MINTARO,0.128180
D,DISPATCH,UNIT_SCADA,1,"2022/10/20 23:30:00",MOLNGSF1,0
D,DISPATCH,UNIT_SCADA,1,"2022/10/20 23:30:00",MOORAWF1,12.57
D,DISPATCH,UNIT_SCADA,1,"2022/10/20 23:30:00",MOREESF1,0
D,DISPATCH,UNIT_SCADA,1,"2022/10/20 23:30:00",MORTLK11,0
D,DISPATCH,UNIT_SCADA,1,"2022/10/20 23:30:00",MORTLK12,0
D,DISPATCH,UNIT_SCADA,1,"2022/10/20 23:30:00",MOUSF1,0
D,DISPATCH,UNIT_SCADA,1,"2022/10/20 23:30:00",MP1,0
D,DISPATCH,UNIT_SCADA,1,"2022/10/20 23:30:00",MP2,351.482420
D,DISPATCH,UNIT_SCADA,1,"2022/10/20 23:30:00",MPP_1,187.750430
D,DISPATCH,UNIT_SCADA,1,"2022/10/20 23:30:00",MPP_2,185.293690
D,DISPATCH,UNIT_SCADA,1,"2022/10/20 23:30:00",MRTLSWF1,0
D,DISPATCH,UNIT_SCADA,1,"2022/10/20 23:30:00",MSTUART1,0
D,DISPATCH,UNIT_SCADA,1,"2022/10/20 23:30:00",MSTUART2,0
D,DISPATCH,UNIT_SCADA,1,"2022/10/20 23:30:00",MSTUART3,0
D,DISPATCH,UNIT_SCADA,1,"2022/10/20 23:30:00",MTGELWF1,62.492750
D,DISPATCH,UNIT_SCADA,1,"2022/10/20 23:30:00",MTMILLAR,16.30
D,DISPATCH,UNIT_SCADA,1,"2022/10/20 23:30:00",MURRAY,56.50
D,DISPATCH,UNIT_SCADA,1,"2022/10/20 23:30:00",MUSSELR1,18.90
D,DISPATCH,UNIT_SCADA,1,"2022/10/20 23:30:00",MUWAWF1,65.61
D,DISPATCH,UNIT_SCADA,1,"2022/10/20 23:30:00",MUWAWF2,80.70
D,DISPATCH,UNIT_SCADA,1,"2022/10/20 23:30:00",MWPS1PV1,0
D,DISPATCH,UNIT_SCADA,1,"2022/10/20 23:30:00",MWPS2PV1,0
D,DISPATCH,UNIT_SCADA,1,"2022/10/20 23:30:00",MWPS3PV1,0
D,DISPATCH,UNIT_SCADA,1,"2022/10/20 23:30:00",MWPS4PV1,0
D,DISPATCH,UNIT_SCADA,1,"2022/10/20 23:30:00",NBHWF1,12.10
D,DISPATCH,UNIT_SCADA,1,"2022/10/20 23:30:00",NEVERSF1,0
D,DISPATCH,UNIT_SCADA,1,"2022/10/20 23:30:00",NPS,0
D,DISPATCH,UNIT_SCADA,1,"2022/10/20 23:30:00",NUMURSF1,0
D,DISPATCH,UNIT_SCADA,1,"2022/10/20 23:30:00",NYNGAN1,0
D,DISPATCH,UNIT_SCADA,1,"2022/10/20 23:30:00",OAKEY1,0
D,DISPATCH,UNIT_SCADA,1,"2022/10/20 23:30:00",OAKEY1SF,0
D,DISPATCH,UNIT_SCADA,1,"2022/10/20 23:30:00",OAKEY2,0
D,DISPATCH,UNIT_SCADA,1,"2022/10/20 23:30:00",OAKEY2SF,0
D,DISPATCH,UNIT_SCADA,1,"2022/10/20 23:30:00",OAKLAND1,6.80
D,DISPATCH,UNIT_SCADA,1,"2022/10/20 23:30:00",OSB-AG,181.03
D,DISPATCH,UNIT_SCADA,1,"2022/10/20 23:30:00",PAREPS1,0
D,DISPATCH,UNIT_SCADA,1,"2022/10/20 23:30:00",PAREPW1,46.57
D,DISPATCH,UNIT_SCADA,1,"2022/10/20 23:30:00",PARSF1,0.001530
D,DISPATCH,UNIT_SCADA,1,"2022/10/20 23:30:00",POAT110,3.48
D,DISPATCH,UNIT_SCADA,1,"2022/10/20 23:30:00",POAT220,0
D,DISPATCH,UNIT_SCADA,1,"2022/10/20 23:30:00",POR01,0
D,DISPATCH,UNIT_SCADA,1,"2022/10/20 23:30:00",POR03,0
D,DISPATCH,UNIT_SCADA,1,"2022/10/20 23:30:00",PPCCGT,166.169980
D,DISPATCH,UNIT_SCADA,1,"2022/10/20 23:30:00",PTSTAN1,0
D,DISPATCH,UNIT_SCADA,1,"2022/10/20 23:30:00",PUMP1,0
D,DISPATCH,UNIT_SCADA,1,"2022/10/20 23:30:00",PUMP2,0
D,DISPATCH,UNIT_SCADA,1,"2022/10/20 23:30:00",QBYNBG1,0
D,DISPATCH,UNIT_SCADA,1,"2022/10/20 23:30:00",QBYNBL1,0.0005
D,DISPATCH,UNIT_SCADA,1,"2022/10/20 23:30:00",QPS1,0
D,DISPATCH,UNIT_SCADA,1,"2022/10/20 23:30:00",QPS2,0
D,DISPATCH,UNIT_SCADA,1,"2022/10/20 23:30:00",QPS3,0
D,DISPATCH,UNIT_SCADA,1,"2022/10/20 23:30:00",QPS4,0
D,DISPATCH,UNIT_SCADA,1,"2022/10/20 23:30:00",QPS5,0
D,DISPATCH,UNIT_SCADA,1,"2022/10/20 23:30:00",REECE1,0
D,DISPATCH,UNIT_SCADA,1,"2022/10/20 23:30:00",REECE2,0
D,DISPATCH,UNIT_SCADA,1,"2022/10/20 23:30:00",ROMA_7,0
D,DISPATCH,UNIT_SCADA,1,"2022/10/20 23:30:00",ROMA_8,0
D,DISPATCH,UNIT_SCADA,1,"2022/10/20 23:30:00",RRSF1,0
D,DISPATCH,UNIT_SCADA,1,"2022/10/20 23:30:00",RT_NSW1,0
D,DISPATCH,UNIT_SCADA,1,"2022/10/20 23:30:00",RT_NSW2,0
D,DISPATCH,UNIT_SCADA,1,"2022/10/20 23:30:00",RT_NSW3,0
D,DISPATCH,UNIT_SCADA,1,"2022/10/20 23:30:00",RT_NSW4,0
D,DISPATCH,UNIT_SCADA,1,"2022/10/20 23:30:00",RT_NSW5,0
D,DISPATCH,UNIT_SCADA,1,"2022/10/20 23:30:00",RT_NSW6,0
D,DISPATCH,UNIT_SCADA,1,"2022/10/20 23:30:00",RT_QLD1,0
D,DISPATCH,UNIT_SCADA,1,"2022/10/20 23:30:00",RT_SA1,0
D,DISPATCH,UNIT_SCADA,1,"2022/10/20 23:30:00",RT_SA2,0
D,DISPATCH,UNIT_SCADA,1,"2022/10/20 23:30:00",RT_SA3,0
D,DISPATCH,UNIT_SCADA,1,"2022/10/20 23:30:00",RT_SA4,0
D,DISPATCH,UNIT_SCADA,1,"2022/10/20 23:30:00",RT_SA5,0
D,DISPATCH,UNIT_SCADA,1,"2022/10/20 23:30:00",RT_SA6,0
D,DISPATCH,UNIT_SCADA,1,"2022/10/20 23:30:00",RT_TAS1,0
D,DISPATCH,UNIT_SCADA,1,"2022/10/20 23:30:00",RT_VIC1,0
D,DISPATCH,UNIT_SCADA,1,"2022/10/20 23:30:00",RT_VIC10,0
D,DISPATCH,UNIT_SCADA,1,"2022/10/20 23:30:00",RT_VIC11,0
D,DISPATCH,UNIT_SCADA,1,"2022/10/20 23:30:00",RT_VIC12,0
D,DISPATCH,UNIT_SCADA,1,"2022/10/20 23:30:00",RT_VIC2,0
D,DISPATCH,UNIT_SCADA,1,"2022/10/20 23:30:00",RT_VIC3,0
D,DISPATCH,UNIT_SCADA,1,"2022/10/20 23:30:00",RT_VIC4,0
D,DISPATCH,UNIT_SCADA,1,"2022/10/20 23:30:00",RT_VIC5,0
D,DISPATCH,UNIT_SCADA,1,"2022/10/20 23:30:00",RT_VIC6,0
D,DISPATCH,UNIT_SCADA,1,"2022/10/20 23:30:00",RT_VIC7,0
D,DISPATCH,UNIT_SCADA,1,"2022/10/20 23:30:00",RT_VIC8,0
D,DISPATCH,UNIT_SCADA,1,"2022/10/20 23:30:00",RT_VIC9,0
D,DISPATCH,UNIT_SCADA,1,"2022/10/20 23:30:00",RUGBYR1,0
D,DISPATCH,UNIT_SCADA,1,"2022/10/20 23:30:00",SALTCRK1,29.16
D,DISPATCH,UNIT_SCADA,1,"2022/10/20 23:30:00",SAPHWF1,240.407410
D,DISPATCH,UNIT_SCADA,1,"2022/10/20 23:30:00",SEBSF1,0
D,DISPATCH,UNIT_SCADA,1,"2022/10/20 23:30:00",SHGEN,0
D,DISPATCH,UNIT_SCADA,1,"2022/10/20 23:30:00",SHPUMP,0
D,DISPATCH,UNIT_SCADA,1,"2022/10/20 23:30:00",SITHE01,0.153860
D,DISPATCH,UNIT_SCADA,1,"2022/10/20 23:30:00",SMCSF1,0
D,DISPATCH,UNIT_SCADA,1,"2022/10/20 23:30:00",SNAPPER1,0
D,DISPATCH,UNIT_SCADA,1,"2022/10/20 23:30:00",SNOWNTH1,38.40
D,DISPATCH,UNIT_SCADA,1,"2022/10/20 23:30:00",SNOWSTH1,28
D,DISPATCH,UNIT_SCADA,1,"2022/10/20 23:30:00",SNOWTWN1,35.407450
D,DISPATCH,UNIT_SCADA,1,"2022/10/20 23:30:00",SNOWYP,0
D,DISPATCH,UNIT_SCADA,1,"2022/10/20 23:30:00",SNUG1,0
D,DISPATCH,UNIT_SCADA,1,"2022/10/20 23:30:00",SRSF1,0
D,DISPATCH,UNIT_SCADA,1,"2022/10/20 23:30:00",STAN-1,278.915340
D,DISPATCH,UNIT_SCADA,1,"2022/10/20 23:30:00",STAN-2,359.077850
D,DISPATCH,UNIT_SCADA,1,"2022/10/20 23:30:00",STAN-3,363.743530
D,DISPATCH,UNIT_SCADA,1,"2022/10/20 23:30:00",STAN-4,364.5126
D,DISPATCH,UNIT_SCADA,1,"2022/10/20 23:30:00",STARHLWF,19.294370
D,DISPATCH,UNIT_SCADA,1,"2022/10/20 23:30:00",STOCKYD1,131.81
D,DISPATCH,UNIT_SCADA,1,"2022/10/20 23:30:00",STWF1,19.825130
D,DISPATCH,UNIT_SCADA,1,"2022/10/20 23:30:00",SUNRSF1,0
D,DISPATCH,UNIT_SCADA,1,"2022/10/20 23:30:00",SUNTPSF1,0
D,DISPATCH,UNIT_SCADA,1,"2022/10/20 23:30:00",SWAN_E,225.112490
D,DISPATCH,UNIT_SCADA,1,"2022/10/20 23:30:00",TALWA1,0
D,DISPATCH,UNIT_SCADA,1,"2022/10/20 23:30:00",TARALGA1,0
D,DISPATCH,UNIT_SCADA,1,"2022/10/20 23:30:00",TARONG#1,349.899990
D,DISPATCH,UNIT_SCADA,1,"2022/10/20 23:30:00",TARONG#2,350.300020
D,DISPATCH,UNIT_SCADA,1,"2022/10/20 23:30:00",TARONG#3,0.90
D,DISPATCH,UNIT_SCADA,1,"2022/10/20 23:30:00",TARONG#4,228.20
D,DISPATCH,UNIT_SCADA,1,"2022/10/20 23:30:00",TARRALEA,53.80
D,DISPATCH,UNIT_SCADA,1,"2022/10/20 23:30:00",TBSF1,0
D,DISPATCH,UNIT_SCADA,1,"2022/10/20 23:30:00",TNPS1,352
D,DISPATCH,UNIT_SCADA,1,"2022/10/20 23:30:00",TORRB1,0
D,DISPATCH,UNIT_SCADA,1,"2022/10/20 23:30:00",TORRB2,64
D,DISPATCH,UNIT_SCADA,1,"2022/10/20 23:30:00",TORRB3,0
D,DISPATCH,UNIT_SCADA,1,"2022/10/20 23:30:00",TORRB4,0
D,DISPATCH,UNIT_SCADA,1,"2022/10/20 23:30:00",TREVALLN,97.934250
D,DISPATCH,UNIT_SCADA,1,"2022/10/20 23:30:00",TRIBUTE,0
D,DISPATCH,UNIT_SCADA,1,"2022/10/20 23:30:00",TUMUT3,229.42
D,DISPATCH,UNIT_SCADA,1,"2022/10/20 23:30:00",TUNGATIN,3.700020
D,DISPATCH,UNIT_SCADA,1,"2022/10/20 23:30:00",TVCC201,0
D,DISPATCH,UNIT_SCADA,1,"2022/10/20 23:30:00",TVPP104,0
D,DISPATCH,UNIT_SCADA,1,"2022/10/20 23:30:00",UPPTUMUT,0
D,DISPATCH,UNIT_SCADA,1,"2022/10/20 23:30:00",URANQ11,0
D,DISPATCH,UNIT_SCADA,1,"2022/10/20 23:30:00",URANQ12,0
D,DISPATCH,UNIT_SCADA,1,"2022/10/20 23:30:00",URANQ13,0
D,DISPATCH,UNIT_SCADA,1,"2022/10/20 23:30:00",URANQ14,0
D,DISPATCH,UNIT_SCADA,1,"2022/10/20 23:30:00",VBBG1,45.30
D,DISPATCH,UNIT_SCADA,1,"2022/10/20 23:30:00",VBBL1,0
D,DISPATCH,UNIT_SCADA,1,"2022/10/20 23:30:00",VP5,562.150940
D,DISPATCH,UNIT_SCADA,1,"2022/10/20 23:30:00",VP6,598.260440
D,DISPATCH,UNIT_SCADA,1,"2022/10/20 23:30:00",VPGS1,0
D,DISPATCH,UNIT_SCADA,1,"2022/10/20 23:30:00",VPGS2,0
D,DISPATCH,UNIT_SCADA,1,"2022/10/20 23:30:00",VPGS3,0
D,DISPATCH,UNIT_SCADA,1,"2022/10/20 23:30:00",VPGS4,0
D,DISPATCH,UNIT_SCADA,1,"2022/10/20 23:30:00",VPGS5,0
D,DISPATCH,UNIT_SCADA,1,"2022/10/20 23:30:00",VPGS6,0
D,DISPATCH,UNIT_SCADA,1,"2022/10/20 23:30:00",W/HOE#1,0
D,DISPATCH,UNIT_SCADA,1,"2022/10/20 23:30:00",W/HOE#2,0
D,DISPATCH,UNIT_SCADA,1,"2022/10/20 23:30:00",WAGGNSF1,0
D,DISPATCH,UNIT_SCADA,1,"2022/10/20 23:30:00",WALGRVG1,0.000930
D,DISPATCH,UNIT_SCADA,1,"2022/10/20 23:30:00",WALGRVL1,0
D,DISPATCH,UNIT_SCADA,1,"2022/10/20 23:30:00",WANDBG1,0
D,DISPATCH,UNIT_SCADA,1,"2022/10/20 23:30:00",WANDBL1,0
D,DISPATCH,UNIT_SCADA,1,"2022/10/20 23:30:00",WARWSF1,0
D,DISPATCH,UNIT_SCADA,1,"2022/10/20 23:30:00",WARWSF2,0
D,DISPATCH,UNIT_SCADA,1,"2022/10/20 23:30:00",WATERLWF,20.30
D,DISPATCH,UNIT_SCADA,1,"2022/10/20 23:30:00",WDGPH1,0
D,DISPATCH,UNIT_SCADA,1,"2022/10/20 23:30:00",WELLSF1,0
D,DISPATCH,UNIT_SCADA,1,"2022/10/20 23:30:00",WEMENSF1,0
D,DISPATCH,UNIT_SCADA,1,"2022/10/20 23:30:00",WGWF1,14.30
D,DISPATCH,UNIT_SCADA,1,"2022/10/20 23:30:00",WHITSF1,0
D,DISPATCH,UNIT_SCADA,1,"2022/10/20 23:30:00",WINTSF1,0
D,DISPATCH,UNIT_SCADA,1,"2022/10/20 23:30:00",WKIEWA1,34.10
D,DISPATCH,UNIT_SCADA,1,"2022/10/20 23:30:00",WKIEWA2,34.20
D,DISPATCH,UNIT_SCADA,1,"2022/10/20 23:30:00",WOODLWN1,32.744150
D,DISPATCH,UNIT_SCADA,1,"2022/10/20 23:30:00",WOOLGSF1,0
D,DISPATCH,UNIT_SCADA,1,"2022/10/20 23:30:00",WPWF,42.24
D,DISPATCH,UNIT_SCADA,1,"2022/10/20 23:30:00",WRSF1,0
D,DISPATCH,UNIT_SCADA,1,"2022/10/20 23:30:00",WRWF1,107.179980
D,DISPATCH,UNIT_SCADA,1,"2022/10/20 23:30:00",WSTWYSF1,0
D,DISPATCH,UNIT_SCADA,1,"2022/10/20 23:30:00",YABULU,0
D,DISPATCH,UNIT_SCADA,1,"2022/10/20 23:30:00",YABULU2,0
D,DISPATCH,UNIT_SCADA,1,"2022/10/20 23:30:00",YARANSF1,0
D,DISPATCH,UNIT_SCADA,1,"2022/10/20 23:30:00",YARWUN_1,164.399990
D,DISPATCH,UNIT_SCADA,1,"2022/10/20 23:30:00",YATSF1,0
D,DISPATCH,UNIT_SCADA,1,"2022/10/20 23:30:00",YENDWF1,21.29
D,DISPATCH,UNIT_SCADA,1,"2022/10/20 23:30:00",YWPS1,278.944310
D,DISPATCH,UNIT_SCADA,1,"2022/10/20 23:30:00",YWPS2,360.149350
D,DISPATCH,UNIT_SCADA,1,"2022/10/20 23:30:00",YWPS3,359.953160
D,DISPATCH,UNIT_SCADA,1,"2022/10/20 23:30:00",YWPS4,0
C,"END OF REPORT",419
