C,NEMP.WORLD,DISPATCHSCADA,AEMO,PUBLIC,2022/10/20,18:30:09,0000000373273381,DISPATCHSCADA,0000000373273375
I,DISPATCH,UNIT_SCADA,1,SETTLEMENTDATE,DUID,SCADAVALUE
D,DISPATCH,UNIT_SCADA,1,"2022/10/20 18:35:00",BARCSF1,0.10
D,DISPATCH,UNIT_SCADA,1,"2022/10/20 18:35:00",BUTLERSG,8.699999
D,DISPATCH,UNIT_SCADA,1,"2022/10/20 18:35:00",CAPTL_WF,82.641891
D,DISPATCH,UNIT_SCADA,1,"2022/10/20 18:35:00",CHALLHWF,5.60
D,DISPATCH,UNIT_SCADA,1,"2022/10/20 18:35:00",CLOVER,13.07
D,DISPATCH,UNIT_SCADA,1,"2022/10/20 18:35:00",CLUNY,6.433967
D,DISPATCH,UNIT_SCADA,1,"2022/10/20 18:35:00",CULLRGWF,-0.03
D,DISPATCH,UNIT_SCADA,1,"2022/10/20 18:35:00",DIAPURWF1,2
D,DISPATCH,UNIT_SCADA,1,"2022/10/20 18:35:00",ERGT01,0
D,DISPATCH,UNIT_SCADA,1,"2022/10/20 18:35:00",GB01,0
D,DISPATCH,UNIT_SCADA,1,"2022/10/20 18:35:00",GERMCRK,20.40
D,DISPATCH,UNIT_SCADA,1,"2022/10/20 18:35:00",GRIFSF1,0.001526
D,DISPATCH,UNIT_SCADA,1,"2022/10/20 18:35:00",HEZ1,0
D,DISPATCH,UNIT_SCADA,1,"2022/10/20 18:35:00",HUGSF1,-0.0420
D,DISPATCH,UNIT_SCADA,1,"2022/10/20 18:35:00",KEPBG1,2.01
D,DISPATCH,UNIT_SCADA,1,"2022/10/20 18:35:00",LRSF1,0.0110
D,DISPATCH,UNIT_SCADA,1,"2022/10/20 18:35:00",MBAHNTH,43.8750
D,DISPATCH,UNIT_SCADA,1,"2022/10/20 18:35:00",MLSP1,0
D,DISPATCH,UNIT_SCADA,1,"2022/10/20 18:35:00",MLWF1,8.7450
D,DISPATCH,UNIT_SCADA,1,"2022/10/20 18:35:00",PALOONA,30.76
D,DISPATCH,UNIT_SCADA,1,"2022/10/20 18:35:00",PIONEER,41.100002
D,DISPATCH,UNIT_SCADA,1,"2022/10/20 18:35:00",PORTWF,37
D,DISPATCH,UNIT_SCADA,1,"2022/10/20 18:35:00",REPULSE,9.796903
D,DISPATCH,UNIT_SCADA,1,"2022/10/20 18:35:00",ROWALLAN,8.9531
D,DISPATCH,UNIT_SCADA,1,"2022/10/20 18:35:00",ROYALLA1,0
D,DISPATCH,UNIT_SCADA,1,"2022/10/20 18:35:00",RPCG,-1.80
D,DISPATCH,UNIT_SCADA,1,"2022/10/20 18:35:00",RUBICON,0
D,DISPATCH,UNIT_SCADA,1,"2022/10/20 18:35:00",WAUBRAWF,79.810997
D,DISPATCH,UNIT_SCADA,1,"2022/10/20 18:35:00",WOOLNTH1,95.669998
D,DISPATCH,UNIT_SCADA,1,"2022/10/20 18:35:00",YAMBUKWF,5.40
D,DISPATCH,UNIT_SCADA,1,"2022/10/20 18:35:00",YSWF1,2.10
D,DISPATCH,UNIT_SCADA,1,"2022/10/20 18:35:00",ADPBA1G,0.0080
D,DISPATCH,UNIT_SCADA,1,"2022/10/20 18:35:00",ADPBA1L,0
D,DISPATCH,UNIT_SCADA,1,"2022/10/20 18:35:00",ADPPV1,0.3680
D,DISPATCH,UNIT_SCADA,1,"2022/10/20 18:35:00",AGLHAL,30.785560
D,DISPATCH,UNIT_SCADA,1,"2022/10/20 18:35:00",AGLSOM,0
D,DISPATCH,UNIT_SCADA,1,"2022/10/20 18:35:00",ANGAST1,0
D,DISPATCH,UNIT_SCADA,1,"2022/10/20 18:35:00",ARWF1,51.20
D,DISPATCH,UNIT_SCADA,1,"2022/10/20 18:35:00",BALBG1,0
D,DISPATCH,UNIT_SCADA,1,"2022/10/20 18:35:00",BALBL1,0
D,DISPATCH,UNIT_SCADA,1,"2022/10/20 18:35:00",BALDHWF1,104.9010
D,DISPATCH,UNIT_SCADA,1,"2022/10/20 18:35:00",BANGOWF1,84.198060
D,DISPATCH,UNIT_SCADA,1,"2022/10/20 18:35:00",BANGOWF2,62.597920
D,DISPATCH,UNIT_SCADA,1,"2022/10/20 18:35:00",BANN1,2.37
D,DISPATCH,UNIT_SCADA,1,"2022/10/20 18:35:00",BARCALDN,0
D,DISPATCH,UNIT_SCADA,1,"2022/10/20 18:35:00",BARKIPS1,163.44
D,DISPATCH,UNIT_SCADA,1,"2022/10/20 18:35:00",BARRON-1,27.84
D,DISPATCH,UNIT_SCADA,1,"2022/10/20 18:35:00",BARRON-2,28.12
D,DISPATCH,UNIT_SCADA,1,"2022/10/20 18:35:00",BASTYAN,69.670010
D,DISPATCH,UNIT_SCADA,1,"2022/10/20 18:35:00",BBTHREE1,0
D,DISPATCH,UNIT_SCADA,1,"2022/10/20 18:35:00",BBTHREE2,0
D,DISPATCH,UNIT_SCADA,1,"2022/10/20 18:35:00",BBTHREE3,-1.06
D,DISPATCH,UNIT_SCADA,1,"2022/10/20 18:35:00",BDL01,0
D,DISPATCH,UNIT_SCADA,1,"2022/10/20 18:35:00",BDL02,0
D,DISPATCH,UNIT_SCADA,1,"2022/10/20 18:35:00",BERYLSF1,0
D,DISPATCH,UNIT_SCADA,1,"2022/10/20 18:35:00",BLOWERNG,62.60
D,DISPATCH,UNIT_SCADA,1,"2022/10/20 18:35:00",BLUEGSF1,0
D,DISPATCH,UNIT_SCADA,1,"2022/10/20 18:35:00",BLUFF1,1.70
D,DISPATCH,UNIT_SCADA,1,"2022/10/20 18:35:00",BNGSF1,12.49
D,DISPATCH,UNIT_SCADA,1,"2022/10/20 18:35:00",BNGSF2,10.84
D,DISPATCH,UNIT_SCADA,1,"2022/10/20 18:35:00",BOCORWF1,51.51
D,DISPATCH,UNIT_SCADA,1,"2022/10/20 18:35:00",BODWF1,112.551030
D,DISPATCH,UNIT_SCADA,1,"2022/10/20 18:35:00",BOMENSF1,0
D,DISPATCH,UNIT_SCADA,1,"2022/10/20 18:35:00",BOWWBA1G,0
D,DISPATCH,UNIT_SCADA,1,"2022/10/20 18:35:00",BOWWBA1L,0.0030
D,DISPATCH,UNIT_SCADA,1,"2022/10/20 18:35:00",BOWWPV1,0
D,DISPATCH,UNIT_SCADA,1,"2022/10/20 18:35:00",BRAEMAR1,0
D,DISPATCH,UNIT_SCADA,1,"2022/10/20 18:35:00",BRAEMAR2,0
D,DISPATCH,UNIT_SCADA,1,"2022/10/20 18:35:00",BRAEMAR3,0
D,DISPATCH,UNIT_SCADA,1,"2022/10/20 18:35:00",BRAEMAR5,144.478560
D,DISPATCH,UNIT_SCADA,1,"2022/10/20 18:35:00",BRAEMAR6,0
D,DISPATCH,UNIT_SCADA,1,"2022/10/20 18:35:00",BRAEMAR7,153.935240
D,DISPATCH,UNIT_SCADA,1,"2022/10/20 18:35:00",BROKENH1,0
D,DISPATCH,UNIT_SCADA,1,"2022/10/20 18:35:00",BRYB1WF1,81.278710
D,DISPATCH,UNIT_SCADA,1,"2022/10/20 18:35:00",BULBESG1,0
D,DISPATCH,UNIT_SCADA,1,"2022/10/20 18:35:00",BULBESL1,0.03
D,DISPATCH,UNIT_SCADA,1,"2022/10/20 18:35:00",BULGANA1,79.08
D,DISPATCH,UNIT_SCADA,1,"2022/10/20 18:35:00",BW01,657.419680
D,DISPATCH,UNIT_SCADA,1,"2022/10/20 18:35:00",BW02,638.278810
D,DISPATCH,UNIT_SCADA,1,"2022/10/20 18:35:00",BW03,605.343690
D,DISPATCH,UNIT_SCADA,1,"2022/10/20 18:35:00",BW04,0
D,DISPATCH,UNIT_SCADA,1,"2022/10/20 18:35:00",CALL_B_1,318.200010
D,DISPATCH,UNIT_SCADA,1,"2022/10/20 18:35:00",CALL_B_2,318.200010
D,DISPATCH,UNIT_SCADA,1,"2022/10/20 18:35:00",CATHROCK,9.60
D,DISPATCH,UNIT_SCADA,1,"2022/10/20 18:35:00",CBWWBA1G,0
D,DISPATCH,UNIT_SCADA,1,"2022/10/20 18:35:00",CBWWBA1L,0
D,DISPATCH,UNIT_SCADA,1,"2022/10/20 18:35:00",CETHANA,97.585750
D,DISPATCH,UNIT_SCADA,1,"2022/10/20 18:35:00",CG1,0
D,DISPATCH,UNIT_SCADA,1,"2022/10/20 18:35:00",CG2,0
D,DISPATCH,UNIT_SCADA,1,"2022/10/20 18:35:00",CG3,0
D,DISPATCH,UNIT_SCADA,1,"2022/10/20 18:35:00",CG4,0
D,DISPATCH,UNIT_SCADA,1,"2022/10/20 18:35:00",CHILDSF1,0
D,DISPATCH,UNIT_SCADA,1,"2022/10/20 18:35:00",CHYTWF1,12.40
D,DISPATCH,UNIT_SCADA,1,"2022/10/20 18:35:00",CLARESF1,0
D,DISPATCH,UNIT_SCADA,1,"2022/10/20 18:35:00",CLEMGPWF,8.6442
D,DISPATCH,UNIT_SCADA,1,"2022/10/20 18:35:00",CLERMSF1,0
D,DISPATCH,UNIT_SCADA,1,"2022/10/20 18:35:00",CNUNDAWF,10.612380
D,DISPATCH,UNIT_SCADA,1,"2022/10/20 18:35:00",COHUNSF1,0
D,DISPATCH,UNIT_SCADA,1,"2022/10/20 18:35:00",COLEASF1,0
D,DISPATCH,UNIT_SCADA,1,"2022/10/20 18:35:00",COLUMSF1,0
D,DISPATCH,UNIT_SCADA,1,"2022/10/20 18:35:00",COLWF01,122.604710
D,DISPATCH,UNIT_SCADA,1,"2022/10/20 18:35:00",COOPGWF1,359.640010
D,DISPATCH,UNIT_SCADA,1,"2022/10/20 18:35:00",CPP_3,369.325010
D,DISPATCH,UNIT_SCADA,1,"2022/10/20 18:35:00",CPP_4,0
D,DISPATCH,UNIT_SCADA,1,"2022/10/20 18:35:00",CPSA,0
D,DISPATCH,UNIT_SCADA,1,"2022/10/20 18:35:00",CROOKWF2,40.292970
D,DISPATCH,UNIT_SCADA,1,"2022/10/20 18:35:00",CROWLWF1,26.738690
D,DISPATCH,UNIT_SCADA,1,"2022/10/20 18:35:00",CRURWF1,115.395970
D,DISPATCH,UNIT_SCADA,1,"2022/10/20 18:35:00",CRWASF1,0.015070
D,DISPATCH,UNIT_SCADA,1,"2022/10/20 18:35:00",CSPVPS1,0
D,DISPATCH,UNIT_SCADA,1,"2022/10/20 18:35:00",CTHLWF1,0.003050
D,DISPATCH,UNIT_SCADA,1,"2022/10/20 18:35:00",DALNTH01,5.0431
D,DISPATCH,UNIT_SCADA,1,"2022/10/20 18:35:00",DALNTHL1,0
D,DISPATCH,UNIT_SCADA,1,"2022/10/20 18:35:00",DARLSF1,0
D,DISPATCH,UNIT_SCADA,1,"2022/10/20 18:35:00",DARTM1,0
D,DISPATCH,UNIT_SCADA,1,"2022/10/20 18:35:00",DAYDSF1,0
D,DISPATCH,UNIT_SCADA,1,"2022/10/20 18:35:00",DDPS1,0
D,DISPATCH,UNIT_SCADA,1,"2022/10/20 18:35:00",DDSF1,0
D,DISPATCH,UNIT_SCADA,1,"2022/10/20 18:35:00",DEVILS_G,60.538960
D,DISPATCH,UNIT_SCADA,1,"2022/10/20 18:35:00",DG_NSW1,0
D,DISPATCH,UNIT_SCADA,1,"2022/10/20 18:35:00",DG_QLD1,0
D,DISPATCH,UNIT_SCADA,1,"2022/10/20 18:35:00",DG_SA1,0
D,DISPATCH,UNIT_SCADA,1,"2022/10/20 18:35:00",DG_TAS1,0
D,DISPATCH,UNIT_SCADA,1,"2022/10/20 18:35:00",DG_VIC1,0
D,DISPATCH,UNIT_SCADA,1,"2022/10/20 18:35:00",DRYCGT1,0
D,DISPATCH,UNIT_SCADA,1,"2022/10/20 18:35:00",DRYCGT2,0
D,DISPATCH,UNIT_SCADA,1,"2022/10/20 18:35:00",DRYCGT3,0
D,DISPATCH,UNIT_SCADA,1,"2022/10/20 18:35:00",DUNDWF1,63.09
D,DISPATCH,UNIT_SCADA,1,"2022/10/20 18:35:00",DUNDWF2,14.38
D,DISPATCH,UNIT_SCADA,1,"2022/10/20 18:35:00",DUNDWF3,63.74
D,DISPATCH,UNIT_SCADA,1,"2022/10/20 18:35:00",EILDON1,59.96
D,DISPATCH,UNIT_SCADA,1,"2022/10/20 18:35:00",EILDON2,59.96
D,DISPATCH,UNIT_SCADA,1,"2022/10/20 18:35:00",ELAINWF1,16.17
D,DISPATCH,UNIT_SCADA,1,"2022/10/20 18:35:00",EMERASF1,0
D,DISPATCH,UNIT_SCADA,1,"2022/10/20 18:35:00",ER01,0
D,DISPATCH,UNIT_SCADA,1,"2022/10/20 18:35:00",ER02,502.558930
D,DISPATCH,UNIT_SCADA,1,"2022/10/20 18:35:00",ER03,638.205570
D,DISPATCH,UNIT_SCADA,1,"2022/10/20 18:35:00",ER04,697.703490
D,DISPATCH,UNIT_SCADA,1,"2022/10/20 18:35:00",FINLYSF1,0
D,DISPATCH,UNIT_SCADA,1,"2022/10/20 18:35:00",FISHER,43.96
D,DISPATCH,UNIT_SCADA,1,"2022/10/20 18:35:00",GANGARR1,0
D,DISPATCH,UNIT_SCADA,1,"2022/10/20 18:35:00",GANNBG1,4.886850
D,DISPATCH,UNIT_SCADA,1,"2022/10/20 18:35:00",GANNBL1,0
D,DISPATCH,UNIT_SCADA,1,"2022/10/20 18:35:00",GANNSF1,0.20
D,DISPATCH,UNIT_SCADA,1,"2022/10/20 18:35:00",GLRWNSF1,0.42
D,DISPATCH,UNIT_SCADA,1,"2022/10/20 18:35:00",GNNDHSF1,0
D,DISPATCH,UNIT_SCADA,1,"2022/10/20 18:35:00",GOONSF1,0
D,DISPATCH,UNIT_SCADA,1,"2022/10/20 18:35:00",GORDON,273.293210
D,DISPATCH,UNIT_SCADA,1,"2022/10/20 18:35:00",GRANWF1,0
D,DISPATCH,UNIT_SCADA,1,"2022/10/20 18:35:00",GSTONE1,220.6750
D,DISPATCH,UNIT_SCADA,1,"2022/10/20 18:35:00",GSTONE2,0
D,DISPATCH,UNIT_SCADA,1,"2022/10/20 18:35:00",GSTONE3,215.599990
D,DISPATCH,UNIT_SCADA,1,"2022/10/20 18:35:00",GSTONE4,0
D,DISPATCH,UNIT_SCADA,1,"2022/10/20 18:35:00",GSTONE5,221.20
D,DISPATCH,UNIT_SCADA,1,"2022/10/20 18:35:00",GSTONE6,220.50
D,DISPATCH,UNIT_SCADA,1,"2022/10/20 18:35:00",GULLRSF1,0
D,DISPATCH,UNIT_SCADA,1,"2022/10/20 18:35:00",GULLRWF1,87.993670
D,DISPATCH,UNIT_SCADA,1,"2022/10/20 18:35:00",GULLRWF2,107.321460
D,DISPATCH,UNIT_SCADA,1,"2022/10/20 18:35:00",GUNNING1,0
D,DISPATCH,UNIT_SCADA,1,"2022/10/20 18:35:00",GUTHEGA,67.90
D,DISPATCH,UNIT_SCADA,1,"2022/10/20 18:35:00",HALLWF1,4.08
D,DISPATCH,UNIT_SCADA,1,"2022/10/20 18:35:00",HALLWF2,4.18
D,DISPATCH,UNIT_SCADA,1,"2022/10/20 18:35:00",HAMISF1,0
D,DISPATCH,UNIT_SCADA,1,"2022/10/20 18:35:00",HAUGHT11,0
D,DISPATCH,UNIT_SCADA,1,"2022/10/20 18:35:00",HAYMSF1,0
D,DISPATCH,UNIT_SCADA,1,"2022/10/20 18:35:00",HDWF1,7.90
D,DISPATCH,UNIT_SCADA,1,"2022/10/20 18:35:00",HDWF2,10.20
D,DISPATCH,UNIT_SCADA,1,"2022/10/20 18:35:00",HDWF3,9.40
D,DISPATCH,UNIT_SCADA,1,"2022/10/20 18:35:00",HILLSTN1,0
D,DISPATCH,UNIT_SCADA,1,"2022/10/20 18:35:00",HPRG1,8.10
D,DISPATCH,UNIT_SCADA,1,"2022/10/20 18:35:00",HPRL1,0
D,DISPATCH,UNIT_SCADA,1,"2022/10/20 18:35:00",HUMENSW,54.961270
D,DISPATCH,UNIT_SCADA,1,"2022/10/20 18:35:00",HUMEV,0
D,DISPATCH,UNIT_SCADA,1,"2022/10/20 18:35:00",HVWWBA1G,0
D,DISPATCH,UNIT_SCADA,1,"2022/10/20 18:35:00",HVWWBA1L,0.0070
D,DISPATCH,UNIT_SCADA,1,"2022/10/20 18:35:00",HVWWPV1,0.3480
D,DISPATCH,UNIT_SCADA,1,"2022/10/20 18:35:00",JBUTTERS,34.527880
D,DISPATCH,UNIT_SCADA,1,"2022/10/20 18:35:00",JEMALNG1,0
D,DISPATCH,UNIT_SCADA,1,"2022/10/20 18:35:00",JLA01,0
D,DISPATCH,UNIT_SCADA,1,"2022/10/20 18:35:00",JLA02,0
D,DISPATCH,UNIT_SCADA,1,"2022/10/20 18:35:00",JLA03,0
D,DISPATCH,UNIT_SCADA,1,"2022/10/20 18:35:00",JLA04,0
D,DISPATCH,UNIT_SCADA,1,"2022/10/20 18:35:00",JLB01,0
D,DISPATCH,UNIT_SCADA,1,"2022/10/20 18:35:00",JLB02,0.10
D,DISPATCH,UNIT_SCADA,1,"2022/10/20 18:35:00",JLB03,0
D,DISPATCH,UNIT_SCADA,1,"2022/10/20 18:35:00",JUNEESF1,0
D,DISPATCH,UNIT_SCADA,1,"2022/10/20 18:35:00",KABANWF1,0.5970
D,DISPATCH,UNIT_SCADA,1,"2022/10/20 18:35:00",KAREEYA1,0
D,DISPATCH,UNIT_SCADA,1,"2022/10/20 18:35:00",KAREEYA2,0
D,DISPATCH,UNIT_SCADA,1,"2022/10/20 18:35:00",KAREEYA3,4.8675
D,DISPATCH,UNIT_SCADA,1,"2022/10/20 18:35:00",KAREEYA4,0
D,DISPATCH,UNIT_SCADA,1,"2022/10/20 18:35:00",KARSF1,1.60
D,DISPATCH,UNIT_SCADA,1,"2022/10/20 18:35:00",KEPSF1,0.02
D,DISPATCH,UNIT_SCADA,1,"2022/10/20 18:35:00",KEPWF1,3.79
D,DISPATCH,UNIT_SCADA,1,"2022/10/20 18:35:00",KIAMSF1,0
D,DISPATCH,UNIT_SCADA,1,"2022/10/20 18:35:00",KIATAWF1,6.20
D,DISPATCH,UNIT_SCADA,1,"2022/10/20 18:35:00",KPP_1,0
D,DISPATCH,UNIT_SCADA,1,"2022/10/20 18:35:00",KSP1,0
D,DISPATCH,UNIT_SCADA,1,"2022/10/20 18:35:00",LADBROK1,0.01
D,DISPATCH,UNIT_SCADA,1,"2022/10/20 18:35:00",LADBROK2,0.02
D,DISPATCH,UNIT_SCADA,1,"2022/10/20 18:35:00",LBBG1,1.80
D,DISPATCH,UNIT_SCADA,1,"2022/10/20 18:35:00",LBBL1,0
D,DISPATCH,UNIT_SCADA,1,"2022/10/20 18:35:00",LD01,378.179260
D,DISPATCH,UNIT_SCADA,1,"2022/10/20 18:35:00",LD02,36.787010
D,DISPATCH,UNIT_SCADA,1,"2022/10/20 18:35:00",LD04,307.077240
D,DISPATCH,UNIT_SCADA,1,"2022/10/20 18:35:00",LEM_WIL,86.816020
D,DISPATCH,UNIT_SCADA,1,"2022/10/20 18:35:00",LGAPWF1,63.67
D,DISPATCH,UNIT_SCADA,1,"2022/10/20 18:35:00",LGAPWF2,47.74
D,DISPATCH,UNIT_SCADA,1,"2022/10/20 18:35:00",LILYSF1,0
D,DISPATCH,UNIT_SCADA,1,"2022/10/20 18:35:00",LIMOSF11,3.932710
D,DISPATCH,UNIT_SCADA,1,"2022/10/20 18:35:00",LIMOSF21,0.4788
D,DISPATCH,UNIT_SCADA,1,"2022/10/20 18:35:00",LI_WY_CA,63.039580
D,DISPATCH,UNIT_SCADA,1,"2022/10/20 18:35:00",LKBONNY1,19.8267
D,DISPATCH,UNIT_SCADA,1,"2022/10/20 18:35:00",LKBONNY2,33.088930
D,DISPATCH,UNIT_SCADA,1,"2022/10/20 18:35:00",LKBONNY3,7.870910
D,DISPATCH,UNIT_SCADA,1,"2022/10/20 18:35:00",LK_ECHO,0
D,DISPATCH,UNIT_SCADA,1,"2022/10/20 18:35:00",LNGS1,0
D,DISPATCH,UNIT_SCADA,1,"2022/10/20 18:35:00",LNGS2,0
D,DISPATCH,UNIT_SCADA,1,"2022/10/20 18:35:00",LONSDALE,0
D,DISPATCH,UNIT_SCADA,1,"2022/10/20 18:35:00",LOYYB1,581.954410
D,DISPATCH,UNIT_SCADA,1,"2022/10/20 18:35:00",LOYYB2,576.691160
D,DISPATCH,UNIT_SCADA,1,"2022/10/20 18:35:00",LYA1,559
D,DISPATCH,UNIT_SCADA,1,"2022/10/20 18:35:00",LYA2,0
D,DISPATCH,UNIT_SCADA,1,"2022/10/20 18:35:00",LYA3,557
D,DISPATCH,UNIT_SCADA,1,"2022/10/20 18:35:00",LYA4,558
D,DISPATCH,UNIT_SCADA,1,"2022/10/20 18:35:00",MACARTH1,47.198910
D,DISPATCH,UNIT_SCADA,1,"2022/10/20 18:35:00",MACKNTSH,74.37
D,DISPATCH,UNIT_SCADA,1,"2022/10/20 18:35:00",MANSLR1,0
D,DISPATCH,UNIT_SCADA,1,"2022/10/20 18:35:00",MAPS2PV1,0
D,DISPATCH,UNIT_SCADA,1,"2022/10/20 18:35:00",MAPS3PV1,0
D,DISPATCH,UNIT_SCADA,1,"2022/10/20 18:35:00",MARYRSF1,0
D,DISPATCH,UNIT_SCADA,1,"2022/10/20 18:35:00",MBPS2PV1,0
D,DISPATCH,UNIT_SCADA,1,"2022/10/20 18:35:00",MCKAY1,223.459990
D,DISPATCH,UNIT_SCADA,1,"2022/10/20 18:35:00",MEADOWBK,19.920260
D,DISPATCH,UNIT_SCADA,1,"2022/10/20 18:35:00",MERCER01,13.90
D,DISPATCH,UNIT_SCADA,1,"2022/10/20 18:35:00",METZSF1,0
D,DISPATCH,UNIT_SCADA,1,"2022/10/20 18:35:00",MEWF1,19.052550
D,DISPATCH,UNIT_SCADA,1,"2022/10/20 18:35:00",MIDDLSF1,0
D,DISPATCH,UNIT_SCADA,1,"2022/10/20 18:35:00",MINTARO,0.128180
D,DISPATCH,UNIT_SCADA,1,"2022/10/20 18:35:00",MOLNGSF1,0
D,DISPATCH,UNIT_SCADA,1,"2022/10/20 18:35:00",MOORAWF1,15.88
D,DISPATCH,UNIT_SCADA,1,"2022/10/20 18:35:00",MOREESF1,0
D,DISPATCH,UNIT_SCADA,1,"2022/10/20 18:35:00",MORTLK11,0
D,DISPATCH,UNIT_SCADA,1,"2022/10/20 18:35:00",MORTLK12,0
D,DISPATCH,UNIT_SCADA,1,"2022/10/20 18:35:00",MOUSF1,0
D,DISPATCH,UNIT_SCADA,1,"2022/10/20 18:35:00",MP1,0
D,DISPATCH,UNIT_SCADA,1,"2022/10/20 18:35:00",MP2,640.231930
D,DISPATCH,UNIT_SCADA,1,"2022/10/20 18:35:00",MPP_1,169.897050
D,DISPATCH,UNIT_SCADA,1,"2022/10/20 18:35:00",MPP_2,178.045520
D,DISPATCH,UNIT_SCADA,1,"2022/10/20 18:35:00",MRTLSWF1,0
D,DISPATCH,UNIT_SCADA,1,"2022/10/20 18:35:00",MSTUART1,0
D,DISPATCH,UNIT_SCADA,1,"2022/10/20 18:35:00",MSTUART2,0
D,DISPATCH,UNIT_SCADA,1,"2022/10/20 18:35:00",MSTUART3,0
D,DISPATCH,UNIT_SCADA,1,"2022/10/20 18:35:00",MTGELWF1,55.348370
D,DISPATCH,UNIT_SCADA,1,"2022/10/20 18:35:00",MTMILLAR,16.80
D,DISPATCH,UNIT_SCADA,1,"2022/10/20 18:35:00",MURRAY,470.100040
D,DISPATCH,UNIT_SCADA,1,"2022/10/20 18:35:00",MUSSELR1,0
D,DISPATCH,UNIT_SCADA,1,"2022/10/20 18:35:00",MUWAWF1,7.37
D,DISPATCH,UNIT_SCADA,1,"2022/10/20 18:35:00",MUWAWF2,13.70
D,DISPATCH,UNIT_SCADA,1,"2022/10/20 18:35:00",MWPS1PV1,0.18
D,DISPATCH,UNIT_SCADA,1,"2022/10/20 18:35:00",MWPS2PV1,0.01
D,DISPATCH,UNIT_SCADA,1,"2022/10/20 18:35:00",MWPS3PV1,0.01
D,DISPATCH,UNIT_SCADA,1,"2022/10/20 18:35:00",MWPS4PV1,0.60
D,DISPATCH,UNIT_SCADA,1,"2022/10/20 18:35:00",NBHWF1,3.70
D,DISPATCH,UNIT_SCADA,1,"2022/10/20 18:35:00",NEVERSF1,0
D,DISPATCH,UNIT_SCADA,1,"2022/10/20 18:35:00",NPS,0
D,DISPATCH,UNIT_SCADA,1,"2022/10/20 18:35:00",NUMURSF1,0.18
D,DISPATCH,UNIT_SCADA,1,"2022/10/20 18:35:00",NYNGAN1,0
D,DISPATCH,UNIT_SCADA,1,"2022/10/20 18:35:00",OAKEY1,126.511380
D,DISPATCH,UNIT_SCADA,1,"2022/10/20 18:35:00",OAKEY1SF,0
D,DISPATCH,UNIT_SCADA,1,"2022/10/20 18:35:00",OAKEY2,0
D,DISPATCH,UNIT_SCADA,1,"2022/10/20 18:35:00",OAKEY2SF,0
D,DISPATCH,UNIT_SCADA,1,"2022/10/20 18:35:00",OAKLAND1,19.50
D,DISPATCH,UNIT_SCADA,1,"2022/10/20 18:35:00",OSB-AG,176.519990
D,DISPATCH,UNIT_SCADA,1,"2022/10/20 18:35:00",PAREPS1,0
D,DISPATCH,UNIT_SCADA,1,"2022/10/20 18:35:00",PAREPW1,148.039990
D,DISPATCH,UNIT_SCADA,1,"2022/10/20 18:35:00",PARSF1,0.001530
D,DISPATCH,UNIT_SCADA,1,"2022/10/20 18:35:00",POAT110,3
D,DISPATCH,UNIT_SCADA,1,"2022/10/20 18:35:00",POAT220,0
D,DISPATCH,UNIT_SCADA,1,"2022/10/20 18:35:00",POR01,0.008670
D,DISPATCH,UNIT_SCADA,1,"2022/10/20 18:35:00",POR03,0
D,DISPATCH,UNIT_SCADA,1,"2022/10/20 18:35:00",PPCCGT,193.685240
D,DISPATCH,UNIT_SCADA,1,"2022/10/20 18:35:00",PTSTAN1,0
D,DISPATCH,UNIT_SCADA,1,"2022/10/20 18:35:00",PUMP1,0
D,DISPATCH,UNIT_SCADA,1,"2022/10/20 18:35:00",PUMP2,0
D,DISPATCH,UNIT_SCADA,1,"2022/10/20 18:35:00",QBYNBG1,0.0035
D,DISPATCH,UNIT_SCADA,1,"2022/10/20 18:35:00",QBYNBL1,0
D,DISPATCH,UNIT_SCADA,1,"2022/10/20 18:35:00",QPS1,0
D,DISPATCH,UNIT_SCADA,1,"2022/10/20 18:35:00",QPS2,0
D,DISPATCH,UNIT_SCADA,1,"2022/10/20 18:35:00",QPS3,0
D,DISPATCH,UNIT_SCADA,1,"2022/10/20 18:35:00",QPS4,0
D,DISPATCH,UNIT_SCADA,1,"2022/10/20 18:35:00",QPS5,118.06
D,DISPATCH,UNIT_SCADA,1,"2022/10/20 18:35:00",REECE1,98.859090
D,DISPATCH,UNIT_SCADA,1,"2022/10/20 18:35:00",REECE2,99.740010
D,DISPATCH,UNIT_SCADA,1,"2022/10/20 18:35:00",ROMA_7,0
D,DISPATCH,UNIT_SCADA,1,"2022/10/20 18:35:00",ROMA_8,0
D,DISPATCH,UNIT_SCADA,1,"2022/10/20 18:35:00",RRSF1,0
D,DISPATCH,UNIT_SCADA,1,"2022/10/20 18:35:00",RT_NSW1,0
D,DISPATCH,UNIT_SCADA,1,"2022/10/20 18:35:00",RT_NSW2,0
D,DISPATCH,UNIT_SCADA,1,"2022/10/20 18:35:00",RT_NSW3,0
D,DISPATCH,UNIT_SCADA,1,"2022/10/20 18:35:00",RT_NSW4,0
D,DISPATCH,UNIT_SCADA,1,"2022/10/20 18:35:00",RT_NSW5,0
D,DISPATCH,UNIT_SCADA,1,"2022/10/20 18:35:00",RT_NSW6,0
D,DISPATCH,UNIT_SCADA,1,"2022/10/20 18:35:00",RT_QLD1,0
D,DISPATCH,UNIT_SCADA,1,"2022/10/20 18:35:00",RT_SA1,0
D,DISPATCH,UNIT_SCADA,1,"2022/10/20 18:35:00",RT_SA2,0
D,DISPATCH,UNIT_SCADA,1,"2022/10/20 18:35:00",RT_SA3,0
D,DISPATCH,UNIT_SCADA,1,"2022/10/20 18:35:00",RT_SA4,0
D,DISPATCH,UNIT_SCADA,1,"2022/10/20 18:35:00",RT_SA5,0
D,DISPATCH,UNIT_SCADA,1,"2022/10/20 18:35:00",RT_SA6,0
D,DISPATCH,UNIT_SCADA,1,"2022/10/20 18:35:00",RT_TAS1,0
D,DISPATCH,UNIT_SCADA,1,"2022/10/20 18:35:00",RT_VIC1,0
D,DISPATCH,UNIT_SCADA,1,"2022/10/20 18:35:00",RT_VIC10,0
D,DISPATCH,UNIT_SCADA,1,"2022/10/20 18:35:00",RT_VIC11,0
D,DISPATCH,UNIT_SCADA,1,"2022/10/20 18:35:00",RT_VIC12,0
D,DISPATCH,UNIT_SCADA,1,"2022/10/20 18:35:00",RT_VIC2,0
D,DISPATCH,UNIT_SCADA,1,"2022/10/20 18:35:00",RT_VIC3,0
D,DISPATCH,UNIT_SCADA,1,"2022/10/20 18:35:00",RT_VIC4,0
D,DISPATCH,UNIT_SCADA,1,"2022/10/20 18:35:00",RT_VIC5,0
D,DISPATCH,UNIT_SCADA,1,"2022/10/20 18:35:00",RT_VIC6,0
D,DISPATCH,UNIT_SCADA,1,"2022/10/20 18:35:00",RT_VIC7,0
D,DISPATCH,UNIT_SCADA,1,"2022/10/20 18:35:00",RT_VIC8,0
D,DISPATCH,UNIT_SCADA,1,"2022/10/20 18:35:00",RT_VIC9,0
D,DISPATCH,UNIT_SCADA,1,"2022/10/20 18:35:00",RUGBYR1,0
D,DISPATCH,UNIT_SCADA,1,"2022/10/20 18:35:00",SALTCRK1,22.62
D,DISPATCH,UNIT_SCADA,1,"2022/10/20 18:35:00",SAPHWF1,229.356830
D,DISPATCH,UNIT_SCADA,1,"2022/10/20 18:35:00",SEBSF1,0
D,DISPATCH,UNIT_SCADA,1,"2022/10/20 18:35:00",SHGEN,80.748480
D,DISPATCH,UNIT_SCADA,1,"2022/10/20 18:35:00",SHPUMP,0
D,DISPATCH,UNIT_SCADA,1,"2022/10/20 18:35:00",SITHE01,0.153860
D,DISPATCH,UNIT_SCADA,1,"2022/10/20 18:35:00",SMCSF1,0
D,DISPATCH,UNIT_SCADA,1,"2022/10/20 18:35:00",SNAPPER1,0
D,DISPATCH,UNIT_SCADA,1,"2022/10/20 18:35:00",SNOWNTH1,66
D,DISPATCH,UNIT_SCADA,1,"2022/10/20 18:35:00",SNOWSTH1,26.40
D,DISPATCH,UNIT_SCADA,1,"2022/10/20 18:35:00",SNOWTWN1,48.611120
D,DISPATCH,UNIT_SCADA,1,"2022/10/20 18:35:00",SNOWYP,0
D,DISPATCH,UNIT_SCADA,1,"2022/10/20 18:35:00",SNUG1,0
D,DISPATCH,UNIT_SCADA,1,"2022/10/20 18:35:00",SRSF1,0
D,DISPATCH,UNIT_SCADA,1,"2022/10/20 18:35:00",STAN-1,276.0954
D,DISPATCH,UNIT_SCADA,1,"2022/10/20 18:35:00",STAN-2,364.179320
D,DISPATCH,UNIT_SCADA,1,"2022/10/20 18:35:00",STAN-3,363.192350
D,DISPATCH,UNIT_SCADA,1,"2022/10/20 18:35:00",STAN-4,364.0896
D,DISPATCH,UNIT_SCADA,1,"2022/10/20 18:35:00",STARHLWF,7.297870
D,DISPATCH,UNIT_SCADA,1,"2022/10/20 18:35:00",STOCKYD1,171.539990
D,DISPATCH,UNIT_SCADA,1,"2022/10/20 18:35:00",STWF1,103.410390
D,DISPATCH,UNIT_SCADA,1,"2022/10/20 18:35:00",SUNRSF1,2.330050
D,DISPATCH,UNIT_SCADA,1,"2022/10/20 18:35:00",SUNTPSF1,0
D,DISPATCH,UNIT_SCADA,1,"2022/10/20 18:35:00",SWAN_E,352.9119
D,DISPATCH,UNIT_SCADA,1,"2022/10/20 18:35:00",TALWA1,0
D,DISPATCH,UNIT_SCADA,1,"2022/10/20 18:35:00",TARALGA1,0
D,DISPATCH,UNIT_SCADA,1,"2022/10/20 18:35:00",TARONG#1,350.399990
D,DISPATCH,UNIT_SCADA,1,"2022/10/20 18:35:00",TARONG#2,350.100010
D,DISPATCH,UNIT_SCADA,1,"2022/10/20 18:35:00",TARONG#3,0.90
D,DISPATCH,UNIT_SCADA,1,"2022/10/20 18:35:00",TARONG#4,294.399990
D,DISPATCH,UNIT_SCADA,1,"2022/10/20 18:35:00",TARRALEA,54
D,DISPATCH,UNIT_SCADA,1,"2022/10/20 18:35:00",TBSF1,2.70
D,DISPATCH,UNIT_SCADA,1,"2022/10/20 18:35:00",TNPS1,421.3750
D,DISPATCH,UNIT_SCADA,1,"2022/10/20 18:35:00",TORRB1,0
D,DISPATCH,UNIT_SCADA,1,"2022/10/20 18:35:00",TORRB2,74
D,DISPATCH,UNIT_SCADA,1,"2022/10/20 18:35:00",TORRB3,0
D,DISPATCH,UNIT_SCADA,1,"2022/10/20 18:35:00",TORRB4,0
D,DISPATCH,UNIT_SCADA,1,"2022/10/20 18:35:00",TREVALLN,98.533070
D,DISPATCH,UNIT_SCADA,1,"2022/10/20 18:35:00",TRIBUTE,0
D,DISPATCH,UNIT_SCADA,1,"2022/10/20 18:35:00",TUMUT3,386.09
D,DISPATCH,UNIT_SCADA,1,"2022/10/20 18:35:00",TUNGATIN,4.890020
D,DISPATCH,UNIT_SCADA,1,"2022/10/20 18:35:00",TVCC201,0
D,DISPATCH,UNIT_SCADA,1,"2022/10/20 18:35:00",TVPP104,57.826560
D,DISPATCH,UNIT_SCADA,1,"2022/10/20 18:35:00",UPPTUMUT,122.153150
D,DISPATCH,UNIT_SCADA,1,"2022/10/20 18:35:00",URANQ11,0
D,DISPATCH,UNIT_SCADA,1,"2022/10/20 18:35:00",URANQ12,0
D,DISPATCH,UNIT_SCADA,1,"2022/10/20 18:35:00",URANQ13,0
D,DISPATCH,UNIT_SCADA,1,"2022/10/20 18:35:00",URANQ14,154.753950
D,DISPATCH,UNIT_SCADA,1,"2022/10/20 18:35:00",VBBG1,51.10
D,DISPATCH,UNIT_SCADA,1,"2022/10/20 18:35:00",VBBL1,0
D,DISPATCH,UNIT_SCADA,1,"2022/10/20 18:35:00",VP5,560.441890
D,DISPATCH,UNIT_SCADA,1,"2022/10/20 18:35:00",VP6,627.143190
D,DISPATCH,UNIT_SCADA,1,"2022/10/20 18:35:00",VPGS1,0
D,DISPATCH,UNIT_SCADA,1,"2022/10/20 18:35:00",VPGS2,0
D,DISPATCH,UNIT_SCADA,1,"2022/10/20 18:35:00",VPGS3,0
D,DISPATCH,UNIT_SCADA,1,"2022/10/20 18:35:00",VPGS4,0
D,DISPATCH,UNIT_SCADA,1,"2022/10/20 18:35:00",VPGS5,0
D,DISPATCH,UNIT_SCADA,1,"2022/10/20 18:35:00",VPGS6,0
D,DISPATCH,UNIT_SCADA,1,"2022/10/20 18:35:00",W/HOE#1,161.64
D,DISPATCH,UNIT_SCADA,1,"2022/10/20 18:35:00",W/HOE#2,0
D,DISPATCH,UNIT_SCADA,1,"2022/10/20 18:35:00",WAGGNSF1,0
D,DISPATCH,UNIT_SCADA,1,"2022/10/20 18:35:00",WALGRVG1,5.518720
D,DISPATCH,UNIT_SCADA,1,"2022/10/20 18:35:00",WALGRVL1,0
D,DISPATCH,UNIT_SCADA,1,"2022/10/20 18:35:00",WANDBG1,59.729370
D,DISPATCH,UNIT_SCADA,1,"2022/10/20 18:35:00",WANDBL1,0
D,DISPATCH,UNIT_SCADA,1,"2022/10/20 18:35:00",WARWSF1,0
D,DISPATCH,UNIT_SCADA,1,"2022/10/20 18:35:00",WARWSF2,0
D,DISPATCH,UNIT_SCADA,1,"2022/10/20 18:35:00",WATERLWF,0
D,DISPATCH,UNIT_SCADA,1,"2022/10/20 18:35:00",WDGPH1,0
D,DISPATCH,UNIT_SCADA,1,"2022/10/20 18:35:00",WELLSF1,0
D,DISPATCH,UNIT_SCADA,1,"2022/10/20 18:35:00",WEMENSF1,1.50
D,DISPATCH,UNIT_SCADA,1,"2022/10/20 18:35:00",WGWF1,9.40
D,DISPATCH,UNIT_SCADA,1,"2022/10/20 18:35:00",WHITSF1,0
D,DISPATCH,UNIT_SCADA,1,"2022/10/20 18:35:00",WINTSF1,0.26
D,DISPATCH,UNIT_SCADA,1,"2022/10/20 18:35:00",WKIEWA1,34.10
D,DISPATCH,UNIT_SCADA,1,"2022/10/20 18:35:00",WKIEWA2,34.30
D,DISPATCH,UNIT_SCADA,1,"2022/10/20 18:35:00",WOODLWN1,35.697320
D,DISPATCH,UNIT_SCADA,1,"2022/10/20 18:35:00",WOOLGSF1,0
D,DISPATCH,UNIT_SCADA,1,"2022/10/20 18:35:00",WPWF,30.94
D,DISPATCH,UNIT_SCADA,1,"2022/10/20 18:35:00",WRSF1,0
D,DISPATCH,UNIT_SCADA,1,"2022/10/20 18:35:00",WRWF1,91.076220
D,DISPATCH,UNIT_SCADA,1,"2022/10/20 18:35:00",WSTWYSF1,0
D,DISPATCH,UNIT_SCADA,1,"2022/10/20 18:35:00",YABULU,151.560010
D,DISPATCH,UNIT_SCADA,1,"2022/10/20 18:35:00",YABULU2,0
D,DISPATCH,UNIT_SCADA,1,"2022/10/20 18:35:00",YARANSF1,0
D,DISPATCH,UNIT_SCADA,1,"2022/10/20 18:35:00",YARWUN_1,162.83
D,DISPATCH,UNIT_SCADA,1,"2022/10/20 18:35:00",YATSF1,1.47
D,DISPATCH,UNIT_SCADA,1,"2022/10/20 18:35:00",YENDWF1,28.72
D,DISPATCH,UNIT_SCADA,1,"2022/10/20 18:35:00",YWPS1,355.888610
D,DISPATCH,UNIT_SCADA,1,"2022/10/20 18:35:00",YWPS2,288.969640
D,DISPATCH,UNIT_SCADA,1,"2022/10/20 18:35:00",YWPS3,359.388610
D,DISPATCH,UNIT_SCADA,1,"2022/10/20 18:35:00",YWPS4,0
C,"END OF REPORT",419
