C,NEMP.WORLD,DISPATCHSCADA,AEMO,PUBLIC,2022/10/20,12:15:11,0000000373253649,DISPATCHSCADA,0000000373253643
I,DISPATCH,UNIT_SCADA,1,SETTLEMENTDATE,DUID,SCADAVALUE
D,DISPATCH,UNIT_SCADA,1,"2022/10/20 12:20:00",BARCSF1,10.30
D,DISPATCH,UNIT_SCADA,1,"2022/10/20 12:20:00",BUTLERSG,8.699999
D,DISPATCH,UNIT_SCADA,1,"2022/10/20 12:20:00",CAPTL_WF,40.762341
D,DISPATCH,UNIT_SCADA,1,"2022/10/20 12:20:00",CHALLHWF,5.60
D,DISPATCH,UNIT_SCADA,1,"2022/10/20 12:20:00",CLOVER,10.82
D,DISPATCH,UNIT_SCADA,1,"2022/10/20 12:20:00",CLUNY,5.190661
D,DISPATCH,UNIT_SCADA,1,"2022/10/20 12:20:00",CULLRGWF,-0.06
D,DISPATCH,UNIT_SCADA,1,"2022/10/20 12:20:00",DIAPURWF1,4.20
D,DISPATCH,UNIT_SCADA,1,"2022/10/20 12:20:00",ERGT01,0
D,DISPATCH,UNIT_SCADA,1,"2022/10/20 12:20:00",GB01,0
D,DISPATCH,UNIT_SCADA,1,"2022/10/20 12:20:00",GERMCRK,18
D,DISPATCH,UNIT_SCADA,1,"2022/10/20 12:20:00",GRIFSF1,4.499886
D,DISPATCH,UNIT_SCADA,1,"2022/10/20 12:20:00",HEZ1,0
D,DISPATCH,UNIT_SCADA,1,"2022/10/20 12:20:00",HUGSF1,14.214001
D,DISPATCH,UNIT_SCADA,1,"2022/10/20 12:20:00",KEPBG1,0.01
D,DISPATCH,UNIT_SCADA,1,"2022/10/20 12:20:00",LRSF1,13.130001
D,DISPATCH,UNIT_SCADA,1,"2022/10/20 12:20:00",MBAHNTH,45.918747
D,DISPATCH,UNIT_SCADA,1,"2022/10/20 12:20:00",MLSP1,8.659001
D,DISPATCH,UNIT_SCADA,1,"2022/10/20 12:20:00",MLWF1,4.62
D,DISPATCH,UNIT_SCADA,1,"2022/10/20 12:20:00",PALOONA,30.23
D,DISPATCH,UNIT_SCADA,1,"2022/10/20 12:20:00",PIONEER,39.299999
D,DISPATCH,UNIT_SCADA,1,"2022/10/20 12:20:00",PORTWF,93.300003
D,DISPATCH,UNIT_SCADA,1,"2022/10/20 12:20:00",REPULSE,9.486839
D,DISPATCH,UNIT_SCADA,1,"2022/10/20 12:20:00",ROWALLAN,8.9389
D,DISPATCH,UNIT_SCADA,1,"2022/10/20 12:20:00",ROYALLA1,3.761003
D,DISPATCH,UNIT_SCADA,1,"2022/10/20 12:20:00",RPCG,-1.80
D,DISPATCH,UNIT_SCADA,1,"2022/10/20 12:20:00",RUBICON,0
D,DISPATCH,UNIT_SCADA,1,"2022/10/20 12:20:00",WAUBRAWF,17.679001
D,DISPATCH,UNIT_SCADA,1,"2022/10/20 12:20:00",WOOLNTH1,30.40
D,DISPATCH,UNIT_SCADA,1,"2022/10/20 12:20:00",YAMBUKWF,7.10
D,DISPATCH,UNIT_SCADA,1,"2022/10/20 12:20:00",YSWF1,5
D,DISPATCH,UNIT_SCADA,1,"2022/10/20 12:20:00",ADPBA1G,0.0080
D,DISPATCH,UNIT_SCADA,1,"2022/10/20 12:20:00",ADPBA1L,0
D,DISPATCH,UNIT_SCADA,1,"2022/10/20 12:20:00",ADPPV1,0.06
D,DISPATCH,UNIT_SCADA,1,"2022/10/20 12:20:00",AGLHAL,0
D,DISPATCH,UNIT_SCADA,1,"2022/10/20 12:20:00",AGLSOM,0
D,DISPATCH,UNIT_SCADA,1,"2022/10/20 12:20:00",ANGAST1,0
D,DISPATCH,UNIT_SCADA,1,"2022/10/20 12:20:00",ARWF1,17.30
D,DISPATCH,UNIT_SCADA,1,"2022/10/20 12:20:00",BALBG1,0
D,DISPATCH,UNIT_SCADA,1,"2022/10/20 12:20:00",BALBL1,0
D,DISPATCH,UNIT_SCADA,1,"2022/10/20 12:20:00",BALDHWF1,25.73
D,DISPATCH,UNIT_SCADA,1,"2022/10/20 12:20:00",BANGOWF1,31.7998
D,DISPATCH,UNIT_SCADA,1,"2022/10/20 12:20:00",BANGOWF2,25.098570
D,DISPATCH,UNIT_SCADA,1,"2022/10/20 12:20:00",BANN1,18.31
D,DISPATCH,UNIT_SCADA,1,"2022/10/20 12:20:00",BARCALDN,0
D,DISPATCH,UNIT_SCADA,1,"2022/10/20 12:20:00",BARKIPS1,0
D,DISPATCH,UNIT_SCADA,1,"2022/10/20 12:20:00",BARRON-1,0
D,DISPATCH,UNIT_SCADA,1,"2022/10/20 12:20:00",BARRON-2,0
D,DISPATCH,UNIT_SCADA,1,"2022/10/20 12:20:00",BASTYAN,54.900010
D,DISPATCH,UNIT_SCADA,1,"2022/10/20 12:20:00",BBTHREE1,0
D,DISPATCH,UNIT_SCADA,1,"2022/10/20 12:20:00",BBTHREE2,24.05
D,DISPATCH,UNIT_SCADA,1,"2022/10/20 12:20:00",BBTHREE3,-1.04
D,DISPATCH,UNIT_SCADA,1,"2022/10/20 12:20:00",BDL01,0
D,DISPATCH,UNIT_SCADA,1,"2022/10/20 12:20:00",BDL02,0
D,DISPATCH,UNIT_SCADA,1,"2022/10/20 12:20:00",BERYLSF1,35.7014
D,DISPATCH,UNIT_SCADA,1,"2022/10/20 12:20:00",BLOWERNG,62.50
D,DISPATCH,UNIT_SCADA,1,"2022/10/20 12:20:00",BLUEGSF1,43.894780
D,DISPATCH,UNIT_SCADA,1,"2022/10/20 12:20:00",BLUFF1,0
D,DISPATCH,UNIT_SCADA,1,"2022/10/20 12:20:00",BNGSF1,63
D,DISPATCH,UNIT_SCADA,1,"2022/10/20 12:20:00",BNGSF2,64.65
D,DISPATCH,UNIT_SCADA,1,"2022/10/20 12:20:00",BOCORWF1,21.46
D,DISPATCH,UNIT_SCADA,1,"2022/10/20 12:20:00",BODWF1,92.7909
D,DISPATCH,UNIT_SCADA,1,"2022/10/20 12:20:00",BOMENSF1,22.370340
D,DISPATCH,UNIT_SCADA,1,"2022/10/20 12:20:00",BOWWBA1G,0.0010
D,DISPATCH,UNIT_SCADA,1,"2022/10/20 12:20:00",BOWWBA1L,0
D,DISPATCH,UNIT_SCADA,1,"2022/10/20 12:20:00",BOWWPV1,0
D,DISPATCH,UNIT_SCADA,1,"2022/10/20 12:20:00",BRAEMAR1,0
D,DISPATCH,UNIT_SCADA,1,"2022/10/20 12:20:00",BRAEMAR2,0
D,DISPATCH,UNIT_SCADA,1,"2022/10/20 12:20:00",BRAEMAR3,0
D,DISPATCH,UNIT_SCADA,1,"2022/10/20 12:20:00",BRAEMAR5,0.292060
D,DISPATCH,UNIT_SCADA,1,"2022/10/20 12:20:00",BRAEMAR6,0
D,DISPATCH,UNIT_SCADA,1,"2022/10/20 12:20:00",BRAEMAR7,0.130920
D,DISPATCH,UNIT_SCADA,1,"2022/10/20 12:20:00",BROKENH1,33.799480
D,DISPATCH,UNIT_SCADA,1,"2022/10/20 12:20:00",BRYB1WF1,113.823150
D,DISPATCH,UNIT_SCADA,1,"2022/10/20 12:20:00",BULBESG1,0
D,DISPATCH,UNIT_SCADA,1,"2022/10/20 12:20:00",BULBESL1,1.58
D,DISPATCH,UNIT_SCADA,1,"2022/10/20 12:20:00",BULGANA1,1.84
D,DISPATCH,UNIT_SCADA,1,"2022/10/20 12:20:00",BW01,659.250790
D,DISPATCH,UNIT_SCADA,1,"2022/10/20 12:20:00",BW02,619.552920
D,DISPATCH,UNIT_SCADA,1,"2022/10/20 12:20:00",BW03,462.128630
D,DISPATCH,UNIT_SCADA,1,"2022/10/20 12:20:00",BW04,0
D,DISPATCH,UNIT_SCADA,1,"2022/10/20 12:20:00",CALL_B_1,322
D,DISPATCH,UNIT_SCADA,1,"2022/10/20 12:20:00",CALL_B_2,321.700010
D,DISPATCH,UNIT_SCADA,1,"2022/10/20 12:20:00",CATHROCK,0
D,DISPATCH,UNIT_SCADA,1,"2022/10/20 12:20:00",CBWWBA1G,0
D,DISPATCH,UNIT_SCADA,1,"2022/10/20 12:20:00",CBWWBA1L,0
D,DISPATCH,UNIT_SCADA,1,"2022/10/20 12:20:00",CETHANA,71.180880
D,DISPATCH,UNIT_SCADA,1,"2022/10/20 12:20:00",CG1,0
D,DISPATCH,UNIT_SCADA,1,"2022/10/20 12:20:00",CG2,0
D,DISPATCH,UNIT_SCADA,1,"2022/10/20 12:20:00",CG3,0
D,DISPATCH,UNIT_SCADA,1,"2022/10/20 12:20:00",CG4,0
D,DISPATCH,UNIT_SCADA,1,"2022/10/20 12:20:00",CHILDSF1,12.82
D,DISPATCH,UNIT_SCADA,1,"2022/10/20 12:20:00",CHYTWF1,6.37
D,DISPATCH,UNIT_SCADA,1,"2022/10/20 12:20:00",CLARESF1,26.548220
D,DISPATCH,UNIT_SCADA,1,"2022/10/20 12:20:00",CLEMGPWF,12.173910
D,DISPATCH,UNIT_SCADA,1,"2022/10/20 12:20:00",CLERMSF1,39.07
D,DISPATCH,UNIT_SCADA,1,"2022/10/20 12:20:00",CNUNDAWF,0
D,DISPATCH,UNIT_SCADA,1,"2022/10/20 12:20:00",COHUNSF1,0.08
D,DISPATCH,UNIT_SCADA,1,"2022/10/20 12:20:00",COLEASF1,64.3019
D,DISPATCH,UNIT_SCADA,1,"2022/10/20 12:20:00",COLUMSF1,12.74
D,DISPATCH,UNIT_SCADA,1,"2022/10/20 12:20:00",COLWF01,84.861530
D,DISPATCH,UNIT_SCADA,1,"2022/10/20 12:20:00",COOPGWF1,119.07
D,DISPATCH,UNIT_SCADA,1,"2022/10/20 12:20:00",CPP_3,282.700010
D,DISPATCH,UNIT_SCADA,1,"2022/10/20 12:20:00",CPP_4,0
D,DISPATCH,UNIT_SCADA,1,"2022/10/20 12:20:00",CPSA,0
D,DISPATCH,UNIT_SCADA,1,"2022/10/20 12:20:00",CROOKWF2,33.273820
D,DISPATCH,UNIT_SCADA,1,"2022/10/20 12:20:00",CROWLWF1,0
D,DISPATCH,UNIT_SCADA,1,"2022/10/20 12:20:00",CRURWF1,12.197830
D,DISPATCH,UNIT_SCADA,1,"2022/10/20 12:20:00",CRWASF1,22.605820
D,DISPATCH,UNIT_SCADA,1,"2022/10/20 12:20:00",CSPVPS1,1.05
D,DISPATCH,UNIT_SCADA,1,"2022/10/20 12:20:00",CTHLWF1,0.003050
D,DISPATCH,UNIT_SCADA,1,"2022/10/20 12:20:00",DALNTH01,0.010680
D,DISPATCH,UNIT_SCADA,1,"2022/10/20 12:20:00",DALNTHL1,0
D,DISPATCH,UNIT_SCADA,1,"2022/10/20 12:20:00",DARLSF1,77.539940
D,DISPATCH,UNIT_SCADA,1,"2022/10/20 12:20:00",DARTM1,0
D,DISPATCH,UNIT_SCADA,1,"2022/10/20 12:20:00",DAYDSF1,6.1050
D,DISPATCH,UNIT_SCADA,1,"2022/10/20 12:20:00",DDPS1,0
D,DISPATCH,UNIT_SCADA,1,"2022/10/20 12:20:00",DDSF1,27.928580
D,DISPATCH,UNIT_SCADA,1,"2022/10/20 12:20:00",DEVILS_G,59.308450
D,DISPATCH,UNIT_SCADA,1,"2022/10/20 12:20:00",DG_NSW1,0
D,DISPATCH,UNIT_SCADA,1,"2022/10/20 12:20:00",DG_QLD1,0
D,DISPATCH,UNIT_SCADA,1,"2022/10/20 12:20:00",DG_SA1,0
D,DISPATCH,UNIT_SCADA,1,"2022/10/20 12:20:00",DG_TAS1,0
D,DISPATCH,UNIT_SCADA,1,"2022/10/20 12:20:00",DG_VIC1,0
D,DISPATCH,UNIT_SCADA,1,"2022/10/20 12:20:00",DRYCGT1,0
D,DISPATCH,UNIT_SCADA,1,"2022/10/20 12:20:00",DRYCGT2,0
D,DISPATCH,UNIT_SCADA,1,"2022/10/20 12:20:00",DRYCGT3,0
D,DISPATCH,UNIT_SCADA,1,"2022/10/20 12:20:00",DUNDWF1,52.45
D,DISPATCH,UNIT_SCADA,1,"2022/10/20 12:20:00",DUNDWF2,20.49
D,DISPATCH,UNIT_SCADA,1,"2022/10/20 12:20:00",DUNDWF3,51.10
D,DISPATCH,UNIT_SCADA,1,"2022/10/20 12:20:00",EILDON1,60.12
D,DISPATCH,UNIT_SCADA,1,"2022/10/20 12:20:00",EILDON2,59.96
D,DISPATCH,UNIT_SCADA,1,"2022/10/20 12:20:00",ELAINWF1,28.63
D,DISPATCH,UNIT_SCADA,1,"2022/10/20 12:20:00",EMERASF1,0
D,DISPATCH,UNIT_SCADA,1,"2022/10/20 12:20:00",ER01,0
D,DISPATCH,UNIT_SCADA,1,"2022/10/20 12:20:00",ER02,309.367520
D,DISPATCH,UNIT_SCADA,1,"2022/10/20 12:20:00",ER03,409.222560
D,DISPATCH,UNIT_SCADA,1,"2022/10/20 12:20:00",ER04,409.759670
D,DISPATCH,UNIT_SCADA,1,"2022/10/20 12:20:00",FINLYSF1,56.052490
D,DISPATCH,UNIT_SCADA,1,"2022/10/20 12:20:00",FISHER,43.90
D,DISPATCH,UNIT_SCADA,1,"2022/10/20 12:20:00",GANGARR1,70.6520
D,DISPATCH,UNIT_SCADA,1,"2022/10/20 12:20:00",GANNBG1,0
D,DISPATCH,UNIT_SCADA,1,"2022/10/20 12:20:00",GANNBL1,0.046140
D,DISPATCH,UNIT_SCADA,1,"2022/10/20 12:20:00",GANNSF1,27.30
D,DISPATCH,UNIT_SCADA,1,"2022/10/20 12:20:00",GLRWNSF1,0
D,DISPATCH,UNIT_SCADA,1,"2022/10/20 12:20:00",GNNDHSF1,63.540170
D,DISPATCH,UNIT_SCADA,1,"2022/10/20 12:20:00",GOONSF1,12.867630
D,DISPATCH,UNIT_SCADA,1,"2022/10/20 12:20:00",GORDON,209.257780
D,DISPATCH,UNIT_SCADA,1,"2022/10/20 12:20:00",GRANWF1,0
D,DISPATCH,UNIT_SCADA,1,"2022/10/20 12:20:00",GSTONE1,204.9250
D,DISPATCH,UNIT_SCADA,1,"2022/10/20 12:20:00",GSTONE2,0
D,DISPATCH,UNIT_SCADA,1,"2022/10/20 12:20:00",GSTONE3,200.20
D,DISPATCH,UNIT_SCADA,1,"2022/10/20 12:20:00",GSTONE4,0
D,DISPATCH,UNIT_SCADA,1,"2022/10/20 12:20:00",GSTONE5,204.5750
D,DISPATCH,UNIT_SCADA,1,"2022/10/20 12:20:00",GSTONE6,204.75
D,DISPATCH,UNIT_SCADA,1,"2022/10/20 12:20:00",GULLRSF1,3.124950
D,DISPATCH,UNIT_SCADA,1,"2022/10/20 12:20:00",GULLRWF1,60.004090
D,DISPATCH,UNIT_SCADA,1,"2022/10/20 12:20:00",GULLRWF2,70.060150
D,DISPATCH,UNIT_SCADA,1,"2022/10/20 12:20:00",GUNNING1,0
D,DISPATCH,UNIT_SCADA,1,"2022/10/20 12:20:00",GUTHEGA,68.100010
D,DISPATCH,UNIT_SCADA,1,"2022/10/20 12:20:00",HALLWF1,0
D,DISPATCH,UNIT_SCADA,1,"2022/10/20 12:20:00",HALLWF2,0
D,DISPATCH,UNIT_SCADA,1,"2022/10/20 12:20:00",HAMISF1,2.80
D,DISPATCH,UNIT_SCADA,1,"2022/10/20 12:20:00",HAUGHT11,4.843010
D,DISPATCH,UNIT_SCADA,1,"2022/10/20 12:20:00",HAYMSF1,2.5030
D,DISPATCH,UNIT_SCADA,1,"2022/10/20 12:20:00",HDWF1,43
D,DISPATCH,UNIT_SCADA,1,"2022/10/20 12:20:00",HDWF2,49.30
D,DISPATCH,UNIT_SCADA,1,"2022/10/20 12:20:00",HDWF3,60.20
D,DISPATCH,UNIT_SCADA,1,"2022/10/20 12:20:00",HILLSTN1,52.822020
D,DISPATCH,UNIT_SCADA,1,"2022/10/20 12:20:00",HPRG1,0
D,DISPATCH,UNIT_SCADA,1,"2022/10/20 12:20:00",HPRL1,2.20
D,DISPATCH,UNIT_SCADA,1,"2022/10/20 12:20:00",HUMENSW,54.727470
D,DISPATCH,UNIT_SCADA,1,"2022/10/20 12:20:00",HUMEV,0
D,DISPATCH,UNIT_SCADA,1,"2022/10/20 12:20:00",HVWWBA1G,0
D,DISPATCH,UNIT_SCADA,1,"2022/10/20 12:20:00",HVWWBA1L,0.0070
D,DISPATCH,UNIT_SCADA,1,"2022/10/20 12:20:00",HVWWPV1,0.1010
D,DISPATCH,UNIT_SCADA,1,"2022/10/20 12:20:00",JBUTTERS,0
D,DISPATCH,UNIT_SCADA,1,"2022/10/20 12:20:00",JEMALNG1,1.21
D,DISPATCH,UNIT_SCADA,1,"2022/10/20 12:20:00",JLA01,0
D,DISPATCH,UNIT_SCADA,1,"2022/10/20 12:20:00",JLA02,0
D,DISPATCH,UNIT_SCADA,1,"2022/10/20 12:20:00",JLA03,0
D,DISPATCH,UNIT_SCADA,1,"2022/10/20 12:20:00",JLA04,0
D,DISPATCH,UNIT_SCADA,1,"2022/10/20 12:20:00",JLB01,0
D,DISPATCH,UNIT_SCADA,1,"2022/10/20 12:20:00",JLB02,0.10
D,DISPATCH,UNIT_SCADA,1,"2022/10/20 12:20:00",JLB03,0
D,DISPATCH,UNIT_SCADA,1,"2022/10/20 12:20:00",JUNEESF1,6.1975
D,DISPATCH,UNIT_SCADA,1,"2022/10/20 12:20:00",KABANWF1,0
D,DISPATCH,UNIT_SCADA,1,"2022/10/20 12:20:00",KAREEYA1,0
D,DISPATCH,UNIT_SCADA,1,"2022/10/20 12:20:00",KAREEYA2,0
D,DISPATCH,UNIT_SCADA,1,"2022/10/20 12:20:00",KAREEYA3,5.0150
D,DISPATCH,UNIT_SCADA,1,"2022/10/20 12:20:00",KAREEYA4,0
D,DISPATCH,UNIT_SCADA,1,"2022/10/20 12:20:00",KARSF1,4.10
D,DISPATCH,UNIT_SCADA,1,"2022/10/20 12:20:00",KEPSF1,11.98
D,DISPATCH,UNIT_SCADA,1,"2022/10/20 12:20:00",KEPWF1,4.86
D,DISPATCH,UNIT_SCADA,1,"2022/10/20 12:20:00",KIAMSF1,18.299380
D,DISPATCH,UNIT_SCADA,1,"2022/10/20 12:20:00",KIATAWF1,4.60
D,DISPATCH,UNIT_SCADA,1,"2022/10/20 12:20:00",KPP_1,0
D,DISPATCH,UNIT_SCADA,1,"2022/10/20 12:20:00",KSP1,30.33
D,DISPATCH,UNIT_SCADA,1,"2022/10/20 12:20:00",LADBROK1,0.01
D,DISPATCH,UNIT_SCADA,1,"2022/10/20 12:20:00",LADBROK2,0.01
D,DISPATCH,UNIT_SCADA,1,"2022/10/20 12:20:00",LBBG1,0
D,DISPATCH,UNIT_SCADA,1,"2022/10/20 12:20:00",LBBL1,0.15
D,DISPATCH,UNIT_SCADA,1,"2022/10/20 12:20:00",LD01,283.5658
D,DISPATCH,UNIT_SCADA,1,"2022/10/20 12:20:00",LD02,0
D,DISPATCH,UNIT_SCADA,1,"2022/10/20 12:20:00",LD04,283.584110
D,DISPATCH,UNIT_SCADA,1,"2022/10/20 12:20:00",LEM_WIL,77.670490
D,DISPATCH,UNIT_SCADA,1,"2022/10/20 12:20:00",LGAPWF1,20.23
D,DISPATCH,UNIT_SCADA,1,"2022/10/20 12:20:00",LGAPWF2,15.01
D,DISPATCH,UNIT_SCADA,1,"2022/10/20 12:20:00",LILYSF1,27.000830
D,DISPATCH,UNIT_SCADA,1,"2022/10/20 12:20:00",LIMOSF11,96.525060
D,DISPATCH,UNIT_SCADA,1,"2022/10/20 12:20:00",LIMOSF21,7.111160
D,DISPATCH,UNIT_SCADA,1,"2022/10/20 12:20:00",LI_WY_CA,55.555020
D,DISPATCH,UNIT_SCADA,1,"2022/10/20 12:20:00",LKBONNY1,0
D,DISPATCH,UNIT_SCADA,1,"2022/10/20 12:20:00",LKBONNY2,0
D,DISPATCH,UNIT_SCADA,1,"2022/10/20 12:20:00",LKBONNY3,0
D,DISPATCH,UNIT_SCADA,1,"2022/10/20 12:20:00",LK_ECHO,0
D,DISPATCH,UNIT_SCADA,1,"2022/10/20 12:20:00",LNGS1,0
D,DISPATCH,UNIT_SCADA,1,"2022/10/20 12:20:00",LNGS2,0
D,DISPATCH,UNIT_SCADA,1,"2022/10/20 12:20:00",LONSDALE,0
D,DISPATCH,UNIT_SCADA,1,"2022/10/20 12:20:00",LOYYB1,468.793670
D,DISPATCH,UNIT_SCADA,1,"2022/10/20 12:20:00",LOYYB2,456.763310
D,DISPATCH,UNIT_SCADA,1,"2022/10/20 12:20:00",LYA1,366
D,DISPATCH,UNIT_SCADA,1,"2022/10/20 12:20:00",LYA2,0
D,DISPATCH,UNIT_SCADA,1,"2022/10/20 12:20:00",LYA3,366
D,DISPATCH,UNIT_SCADA,1,"2022/10/20 12:20:00",LYA4,365
D,DISPATCH,UNIT_SCADA,1,"2022/10/20 12:20:00",MACARTH1,77.498210
D,DISPATCH,UNIT_SCADA,1,"2022/10/20 12:20:00",MACKNTSH,0
D,DISPATCH,UNIT_SCADA,1,"2022/10/20 12:20:00",MANSLR1,14.0840
D,DISPATCH,UNIT_SCADA,1,"2022/10/20 12:20:00",MAPS2PV1,0
D,DISPATCH,UNIT_SCADA,1,"2022/10/20 12:20:00",MAPS3PV1,0
D,DISPATCH,UNIT_SCADA,1,"2022/10/20 12:20:00",MARYRSF1,19.28
D,DISPATCH,UNIT_SCADA,1,"2022/10/20 12:20:00",MBPS2PV1,0
D,DISPATCH,UNIT_SCADA,1,"2022/10/20 12:20:00",MCKAY1,0.02
D,DISPATCH,UNIT_SCADA,1,"2022/10/20 12:20:00",MEADOWBK,5.944640
D,DISPATCH,UNIT_SCADA,1,"2022/10/20 12:20:00",MERCER01,28.80
D,DISPATCH,UNIT_SCADA,1,"2022/10/20 12:20:00",METZSF1,27.582630
D,DISPATCH,UNIT_SCADA,1,"2022/10/20 12:20:00",MEWF1,12.517380
D,DISPATCH,UNIT_SCADA,1,"2022/10/20 12:20:00",MIDDLSF1,3.45
D,DISPATCH,UNIT_SCADA,1,"2022/10/20 12:20:00",MINTARO,0.128180
D,DISPATCH,UNIT_SCADA,1,"2022/10/20 12:20:00",MOLNGSF1,0.355230
D,DISPATCH,UNIT_SCADA,1,"2022/10/20 12:20:00",MOORAWF1,80.94
D,DISPATCH,UNIT_SCADA,1,"2022/10/20 12:20:00",MOREESF1,9.9580
D,DISPATCH,UNIT_SCADA,1,"2022/10/20 12:20:00",MORTLK11,0
D,DISPATCH,UNIT_SCADA,1,"2022/10/20 12:20:00",MORTLK12,0
D,DISPATCH,UNIT_SCADA,1,"2022/10/20 12:20:00",MOUSF1,0
D,DISPATCH,UNIT_SCADA,1,"2022/10/20 12:20:00",MP1,0
D,DISPATCH,UNIT_SCADA,1,"2022/10/20 12:20:00",MP2,373.406590
D,DISPATCH,UNIT_SCADA,1,"2022/10/20 12:20:00",MPP_1,170.4769
D,DISPATCH,UNIT_SCADA,1,"2022/10/20 12:20:00",MPP_2,179.678270
D,DISPATCH,UNIT_SCADA,1,"2022/10/20 12:20:00",MRTLSWF1,0
D,DISPATCH,UNIT_SCADA,1,"2022/10/20 12:20:00",MSTUART1,0
D,DISPATCH,UNIT_SCADA,1,"2022/10/20 12:20:00",MSTUART2,0
D,DISPATCH,UNIT_SCADA,1,"2022/10/20 12:20:00",MSTUART3,0
D,DISPATCH,UNIT_SCADA,1,"2022/10/20 12:20:00",MTGELWF1,48.071230
D,DISPATCH,UNIT_SCADA,1,"2022/10/20 12:20:00",MTMILLAR,0.40
D,DISPATCH,UNIT_SCADA,1,"2022/10/20 12:20:00",MURRAY,0
D,DISPATCH,UNIT_SCADA,1,"2022/10/20 12:20:00",MUSSELR1,72.70
D,DISPATCH,UNIT_SCADA,1,"2022/10/20 12:20:00",MUWAWF1,56.72
D,DISPATCH,UNIT_SCADA,1,"2022/10/20 12:20:00",MUWAWF2,44.20
D,DISPATCH,UNIT_SCADA,1,"2022/10/20 12:20:00",MWPS1PV1,0.13
D,DISPATCH,UNIT_SCADA,1,"2022/10/20 12:20:00",MWPS2PV1,0
D,DISPATCH,UNIT_SCADA,1,"2022/10/20 12:20:00",MWPS3PV1,0.07
D,DISPATCH,UNIT_SCADA,1,"2022/10/20 12:20:00",MWPS4PV1,0.01
D,DISPATCH,UNIT_SCADA,1,"2022/10/20 12:20:00",NBHWF1,0
D,DISPATCH,UNIT_SCADA,1,"2022/10/20 12:20:00",NEVERSF1,87.61
D,DISPATCH,UNIT_SCADA,1,"2022/10/20 12:20:00",NPS,0
D,DISPATCH,UNIT_SCADA,1,"2022/10/20 12:20:00",NUMURSF1,93.32
D,DISPATCH,UNIT_SCADA,1,"2022/10/20 12:20:00",NYNGAN1,25.25
D,DISPATCH,UNIT_SCADA,1,"2022/10/20 12:20:00",OAKEY1,0
D,DISPATCH,UNIT_SCADA,1,"2022/10/20 12:20:00",OAKEY1SF,17.7020
D,DISPATCH,UNIT_SCADA,1,"2022/10/20 12:20:00",OAKEY2,0
D,DISPATCH,UNIT_SCADA,1,"2022/10/20 12:20:00",OAKEY2SF,35.49
D,DISPATCH,UNIT_SCADA,1,"2022/10/20 12:20:00",OAKLAND1,7
D,DISPATCH,UNIT_SCADA,1,"2022/10/20 12:20:00",OSB-AG,0
D,DISPATCH,UNIT_SCADA,1,"2022/10/20 12:20:00",PAREPS1,0.0660
D,DISPATCH,UNIT_SCADA,1,"2022/10/20 12:20:00",PAREPW1,51.46
D,DISPATCH,UNIT_SCADA,1,"2022/10/20 12:20:00",PARSF1,6.099030
D,DISPATCH,UNIT_SCADA,1,"2022/10/20 12:20:00",POAT110,0
D,DISPATCH,UNIT_SCADA,1,"2022/10/20 12:20:00",POAT220,0
D,DISPATCH,UNIT_SCADA,1,"2022/10/20 12:20:00",POR01,0
D,DISPATCH,UNIT_SCADA,1,"2022/10/20 12:20:00",POR03,0
D,DISPATCH,UNIT_SCADA,1,"2022/10/20 12:20:00",PPCCGT,0
D,DISPATCH,UNIT_SCADA,1,"2022/10/20 12:20:00",PTSTAN1,0
D,DISPATCH,UNIT_SCADA,1,"2022/10/20 12:20:00",PUMP1,0
D,DISPATCH,UNIT_SCADA,1,"2022/10/20 12:20:00",PUMP2,0
D,DISPATCH,UNIT_SCADA,1,"2022/10/20 12:20:00",QBYNBG1,0.588490
D,DISPATCH,UNIT_SCADA,1,"2022/10/20 12:20:00",QBYNBL1,0
D,DISPATCH,UNIT_SCADA,1,"2022/10/20 12:20:00",QPS1,0
D,DISPATCH,UNIT_SCADA,1,"2022/10/20 12:20:00",QPS2,0
D,DISPATCH,UNIT_SCADA,1,"2022/10/20 12:20:00",QPS3,0
D,DISPATCH,UNIT_SCADA,1,"2022/10/20 12:20:00",QPS4,0
D,DISPATCH,UNIT_SCADA,1,"2022/10/20 12:20:00",QPS5,77.07
D,DISPATCH,UNIT_SCADA,1,"2022/10/20 12:20:00",REECE1,0
D,DISPATCH,UNIT_SCADA,1,"2022/10/20 12:20:00",REECE2,0
D,DISPATCH,UNIT_SCADA,1,"2022/10/20 12:20:00",ROMA_7,0
D,DISPATCH,UNIT_SCADA,1,"2022/10/20 12:20:00",ROMA_8,0
D,DISPATCH,UNIT_SCADA,1,"2022/10/20 12:20:00",RRSF1,52.626080
D,DISPATCH,UNIT_SCADA,1,"2022/10/20 12:20:00",RT_NSW1,0
D,DISPATCH,UNIT_SCADA,1,"2022/10/20 12:20:00",RT_NSW2,0
D,DISPATCH,UNIT_SCADA,1,"2022/10/20 12:20:00",RT_NSW3,0
D,DISPATCH,UNIT_SCADA,1,"2022/10/20 12:20:00",RT_NSW4,0
D,DISPATCH,UNIT_SCADA,1,"2022/10/20 12:20:00",RT_NSW5,0
D,DISPATCH,UNIT_SCADA,1,"2022/10/20 12:20:00",RT_NSW6,0
D,DISPATCH,UNIT_SCADA,1,"2022/10/20 12:20:00",RT_QLD1,0
D,DISPATCH,UNIT_SCADA,1,"2022/10/20 12:20:00",RT_SA1,0
D,DISPATCH,UNIT_SCADA,1,"2022/10/20 12:20:00",RT_SA2,0
D,DISPATCH,UNIT_SCADA,1,"2022/10/20 12:20:00",RT_SA3,0
D,DISPATCH,UNIT_SCADA,1,"2022/10/20 12:20:00",RT_SA4,0
D,DISPATCH,UNIT_SCADA,1,"2022/10/20 12:20:00",RT_SA5,0
D,DISPATCH,UNIT_SCADA,1,"2022/10/20 12:20:00",RT_SA6,0
D,DISPATCH,UNIT_SCADA,1,"2022/10/20 12:20:00",RT_TAS1,0
D,DISPATCH,UNIT_SCADA,1,"2022/10/20 12:20:00",RT_VIC1,0
D,DISPATCH,UNIT_SCADA,1,"2022/10/20 12:20:00",RT_VIC10,0
D,DISPATCH,UNIT_SCADA,1,"2022/10/20 12:20:00",RT_VIC11,0
D,DISPATCH,UNIT_SCADA,1,"2022/10/20 12:20:00",RT_VIC12,0
D,DISPATCH,UNIT_SCADA,1,"2022/10/20 12:20:00",RT_VIC2,0
D,DISPATCH,UNIT_SCADA,1,"2022/10/20 12:20:00",RT_VIC3,0
D,DISPATCH,UNIT_SCADA,1,"2022/10/20 12:20:00",RT_VIC4,0
D,DISPATCH,UNIT_SCADA,1,"2022/10/20 12:20:00",RT_VIC5,0
D,DISPATCH,UNIT_SCADA,1,"2022/10/20 12:20:00",RT_VIC6,0
D,DISPATCH,UNIT_SCADA,1,"2022/10/20 12:20:00",RT_VIC7,0
D,DISPATCH,UNIT_SCADA,1,"2022/10/20 12:20:00",RT_VIC8,0
D,DISPATCH,UNIT_SCADA,1,"2022/10/20 12:20:00",RT_VIC9,0
D,DISPATCH,UNIT_SCADA,1,"2022/10/20 12:20:00",RUGBYR1,53.600250
D,DISPATCH,UNIT_SCADA,1,"2022/10/20 12:20:00",SALTCRK1,19.85
D,DISPATCH,UNIT_SCADA,1,"2022/10/20 12:20:00",SAPHWF1,27.910280
D,DISPATCH,UNIT_SCADA,1,"2022/10/20 12:20:00",SEBSF1,16.512760
D,DISPATCH,UNIT_SCADA,1,"2022/10/20 12:20:00",SHGEN,0
D,DISPATCH,UNIT_SCADA,1,"2022/10/20 12:20:00",SHPUMP,0
D,DISPATCH,UNIT_SCADA,1,"2022/10/20 12:20:00",SITHE01,0.083520
D,DISPATCH,UNIT_SCADA,1,"2022/10/20 12:20:00",SMCSF1,43.1890
D,DISPATCH,UNIT_SCADA,1,"2022/10/20 12:20:00",SNAPPER1,0
D,DISPATCH,UNIT_SCADA,1,"2022/10/20 12:20:00",SNOWNTH1,69.600010
D,DISPATCH,UNIT_SCADA,1,"2022/10/20 12:20:00",SNOWSTH1,31
D,DISPATCH,UNIT_SCADA,1,"2022/10/20 12:20:00",SNOWTWN1,0
D,DISPATCH,UNIT_SCADA,1,"2022/10/20 12:20:00",SNOWYP,0
D,DISPATCH,UNIT_SCADA,1,"2022/10/20 12:20:00",SNUG1,0
D,DISPATCH,UNIT_SCADA,1,"2022/10/20 12:20:00",SRSF1,15.42
D,DISPATCH,UNIT_SCADA,1,"2022/10/20 12:20:00",STAN-1,280.415010
D,DISPATCH,UNIT_SCADA,1,"2022/10/20 12:20:00",STAN-2,351.938320
D,DISPATCH,UNIT_SCADA,1,"2022/10/20 12:20:00",STAN-3,159.5816
D,DISPATCH,UNIT_SCADA,1,"2022/10/20 12:20:00",STAN-4,361.449160
D,DISPATCH,UNIT_SCADA,1,"2022/10/20 12:20:00",STARHLWF,0.01
D,DISPATCH,UNIT_SCADA,1,"2022/10/20 12:20:00",STOCKYD1,77.55
D,DISPATCH,UNIT_SCADA,1,"2022/10/20 12:20:00",STWF1,0
D,DISPATCH,UNIT_SCADA,1,"2022/10/20 12:20:00",SUNRSF1,69.585720
D,DISPATCH,UNIT_SCADA,1,"2022/10/20 12:20:00",SUNTPSF1,90.718540
D,DISPATCH,UNIT_SCADA,1,"2022/10/20 12:20:00",SWAN_E,226.308750
D,DISPATCH,UNIT_SCADA,1,"2022/10/20 12:20:00",TALWA1,0
D,DISPATCH,UNIT_SCADA,1,"2022/10/20 12:20:00",TARALGA1,0
D,DISPATCH,UNIT_SCADA,1,"2022/10/20 12:20:00",TARONG#1,349.50
D,DISPATCH,UNIT_SCADA,1,"2022/10/20 12:20:00",TARONG#2,347.50
D,DISPATCH,UNIT_SCADA,1,"2022/10/20 12:20:00",TARONG#3,0.90
D,DISPATCH,UNIT_SCADA,1,"2022/10/20 12:20:00",TARONG#4,264.300020
D,DISPATCH,UNIT_SCADA,1,"2022/10/20 12:20:00",TARRALEA,54
D,DISPATCH,UNIT_SCADA,1,"2022/10/20 12:20:00",TBSF1,0.10
D,DISPATCH,UNIT_SCADA,1,"2022/10/20 12:20:00",TNPS1,356.1250
D,DISPATCH,UNIT_SCADA,1,"2022/10/20 12:20:00",TORRB1,0
D,DISPATCH,UNIT_SCADA,1,"2022/10/20 12:20:00",TORRB2,44
D,DISPATCH,UNIT_SCADA,1,"2022/10/20 12:20:00",TORRB3,0
D,DISPATCH,UNIT_SCADA,1,"2022/10/20 12:20:00",TORRB4,0
D,DISPATCH,UNIT_SCADA,1,"2022/10/20 12:20:00",TREVALLN,99.228640
D,DISPATCH,UNIT_SCADA,1,"2022/10/20 12:20:00",TRIBUTE,0
D,DISPATCH,UNIT_SCADA,1,"2022/10/20 12:20:00",TUMUT3,0
D,DISPATCH,UNIT_SCADA,1,"2022/10/20 12:20:00",TUNGATIN,8.380020
D,DISPATCH,UNIT_SCADA,1,"2022/10/20 12:20:00",TVCC201,0
D,DISPATCH,UNIT_SCADA,1,"2022/10/20 12:20:00",TVPP104,0
D,DISPATCH,UNIT_SCADA,1,"2022/10/20 12:20:00",UPPTUMUT,62.116330
D,DISPATCH,UNIT_SCADA,1,"2022/10/20 12:20:00",URANQ11,0
D,DISPATCH,UNIT_SCADA,1,"2022/10/20 12:20:00",URANQ12,0
D,DISPATCH,UNIT_SCADA,1,"2022/10/20 12:20:00",URANQ13,0
D,DISPATCH,UNIT_SCADA,1,"2022/10/20 12:20:00",URANQ14,0
D,DISPATCH,UNIT_SCADA,1,"2022/10/20 12:20:00",VBBG1,0
D,DISPATCH,UNIT_SCADA,1,"2022/10/20 12:20:00",VBBL1,94.60
D,DISPATCH,UNIT_SCADA,1,"2022/10/20 12:20:00",VP5,522.940730
D,DISPATCH,UNIT_SCADA,1,"2022/10/20 12:20:00",VP6,525.870540
D,DISPATCH,UNIT_SCADA,1,"2022/10/20 12:20:00",VPGS1,0
D,DISPATCH,UNIT_SCADA,1,"2022/10/20 12:20:00",VPGS2,0
D,DISPATCH,UNIT_SCADA,1,"2022/10/20 12:20:00",VPGS3,0
D,DISPATCH,UNIT_SCADA,1,"2022/10/20 12:20:00",VPGS4,0
D,DISPATCH,UNIT_SCADA,1,"2022/10/20 12:20:00",VPGS5,0
D,DISPATCH,UNIT_SCADA,1,"2022/10/20 12:20:00",VPGS6,0
D,DISPATCH,UNIT_SCADA,1,"2022/10/20 12:20:00",W/HOE#1,0
D,DISPATCH,UNIT_SCADA,1,"2022/10/20 12:20:00",W/HOE#2,0
D,DISPATCH,UNIT_SCADA,1,"2022/10/20 12:20:00",WAGGNSF1,0
D,DISPATCH,UNIT_SCADA,1,"2022/10/20 12:20:00",WALGRVG1,0.000930
D,DISPATCH,UNIT_SCADA,1,"2022/10/20 12:20:00",WALGRVL1,0
D,DISPATCH,UNIT_SCADA,1,"2022/10/20 12:20:00",WANDBG1,0
D,DISPATCH,UNIT_SCADA,1,"2022/10/20 12:20:00",WANDBL1,27.439530
D,DISPATCH,UNIT_SCADA,1,"2022/10/20 12:20:00",WARWSF1,11.63
D,DISPATCH,UNIT_SCADA,1,"2022/10/20 12:20:00",WARWSF2,11.12
D,DISPATCH,UNIT_SCADA,1,"2022/10/20 12:20:00",WATERLWF,34.90
D,DISPATCH,UNIT_SCADA,1,"2022/10/20 12:20:00",WDGPH1,97.6370
D,DISPATCH,UNIT_SCADA,1,"2022/10/20 12:20:00",WELLSF1,102.592510
D,DISPATCH,UNIT_SCADA,1,"2022/10/20 12:20:00",WEMENSF1,39.40
D,DISPATCH,UNIT_SCADA,1,"2022/10/20 12:20:00",WGWF1,37.70
D,DISPATCH,UNIT_SCADA,1,"2022/10/20 12:20:00",WHITSF1,2.60
D,DISPATCH,UNIT_SCADA,1,"2022/10/20 12:20:00",WINTSF1,83.61
D,DISPATCH,UNIT_SCADA,1,"2022/10/20 12:20:00",WKIEWA1,32.30
D,DISPATCH,UNIT_SCADA,1,"2022/10/20 12:20:00",WKIEWA2,14.20
D,DISPATCH,UNIT_SCADA,1,"2022/10/20 12:20:00",WOODLWN1,18.892380
D,DISPATCH,UNIT_SCADA,1,"2022/10/20 12:20:00",WOOLGSF1,10.4873
D,DISPATCH,UNIT_SCADA,1,"2022/10/20 12:20:00",WPWF,0
D,DISPATCH,UNIT_SCADA,1,"2022/10/20 12:20:00",WRSF1,1.610160
D,DISPATCH,UNIT_SCADA,1,"2022/10/20 12:20:00",WRWF1,0
D,DISPATCH,UNIT_SCADA,1,"2022/10/20 12:20:00",WSTWYSF1,0.079350
D,DISPATCH,UNIT_SCADA,1,"2022/10/20 12:20:00",YABULU,0
D,DISPATCH,UNIT_SCADA,1,"2022/10/20 12:20:00",YABULU2,0
D,DISPATCH,UNIT_SCADA,1,"2022/10/20 12:20:00",YARANSF1,72.86
D,DISPATCH,UNIT_SCADA,1,"2022/10/20 12:20:00",YARWUN_1,160.81
D,DISPATCH,UNIT_SCADA,1,"2022/10/20 12:20:00",YATSF1,2.23
D,DISPATCH,UNIT_SCADA,1,"2022/10/20 12:20:00",YENDWF1,56.32
D,DISPATCH,UNIT_SCADA,1,"2022/10/20 12:20:00",YWPS1,249.620250
D,DISPATCH,UNIT_SCADA,1,"2022/10/20 12:20:00",YWPS2,251.875950
D,DISPATCH,UNIT_SCADA,1,"2022/10/20 12:20:00",YWPS3,281.479740
D,DISPATCH,UNIT_SCADA,1,"2022/10/20 12:20:00",YWPS4,0
C,"END OF REPORT",419
