C,NEMP.WORLD,DISPATCHSCADA,AEMO,PUBLIC,2022/10/20,18:35:10,0000000373273664,DISPATCHSCADA,0000000373273658
I,DISPATCH,UNIT_SCADA,1,SETTLEMENTDATE,DUID,SCADAVALUE
D,DISPATCH,UNIT_SCADA,1,"2022/10/20 18:40:00",BARCSF1,0.10
D,DISPATCH,UNIT_SCADA,1,"2022/10/20 18:40:00",BUTLERSG,8.699999
D,DISPATCH,UNIT_SCADA,1,"2022/10/20 18:40:00",CAPTL_WF,73.137833
D,DISPATCH,UNIT_SCADA,1,"2022/10/20 18:40:00",CHALLHWF,6.10
D,DISPATCH,UNIT_SCADA,1,"2022/10/20 18:40:00",CLOVER,13.02
D,DISPATCH,UNIT_SCADA,1,"2022/10/20 18:40:00",CLUNY,6.405585
D,DISPATCH,UNIT_SCADA,1,"2022/10/20 18:40:00",CULLRGWF,-0.05
D,DISPATCH,UNIT_SCADA,1,"2022/10/20 18:40:00",DIAPURWF1,1.80
D,DISPATCH,UNIT_SCADA,1,"2022/10/20 18:40:00",ERGT01,0
D,DISPATCH,UNIT_SCADA,1,"2022/10/20 18:40:00",GB01,0
D,DISPATCH,UNIT_SCADA,1,"2022/10/20 18:40:00",GERMCRK,20.200001
D,DISPATCH,UNIT_SCADA,1,"2022/10/20 18:40:00",GRIFSF1,0.001526
D,DISPATCH,UNIT_SCADA,1,"2022/10/20 18:40:00",HEZ1,0
D,DISPATCH,UNIT_SCADA,1,"2022/10/20 18:40:00",HUGSF1,-0.0420
D,DISPATCH,UNIT_SCADA,1,"2022/10/20 18:40:00",KEPBG1,2.01
D,DISPATCH,UNIT_SCADA,1,"2022/10/20 18:40:00",LRSF1,0.0110
D,DISPATCH,UNIT_SCADA,1,"2022/10/20 18:40:00",MBAHNTH,43.743744
D,DISPATCH,UNIT_SCADA,1,"2022/10/20 18:40:00",MLSP1,0
D,DISPATCH,UNIT_SCADA,1,"2022/10/20 18:40:00",MLWF1,7.9950
D,DISPATCH,UNIT_SCADA,1,"2022/10/20 18:40:00",PALOONA,30.969999
D,DISPATCH,UNIT_SCADA,1,"2022/10/20 18:40:00",PIONEER,40.700001
D,DISPATCH,UNIT_SCADA,1,"2022/10/20 18:40:00",PORTWF,39.400002
D,DISPATCH,UNIT_SCADA,1,"2022/10/20 18:40:00",REPULSE,9.765163
D,DISPATCH,UNIT_SCADA,1,"2022/10/20 18:40:00",ROWALLAN,8.9034
D,DISPATCH,UNIT_SCADA,1,"2022/10/20 18:40:00",ROYALLA1,0
D,DISPATCH,UNIT_SCADA,1,"2022/10/20 18:40:00",RPCG,-1.80
D,DISPATCH,UNIT_SCADA,1,"2022/10/20 18:40:00",RUBICON,0
D,DISPATCH,UNIT_SCADA,1,"2022/10/20 18:40:00",WAUBRAWF,77.099998
D,DISPATCH,UNIT_SCADA,1,"2022/10/20 18:40:00",WOOLNTH1,96.470001
D,DISPATCH,UNIT_SCADA,1,"2022/10/20 18:40:00",YAMBUKWF,5.10
D,DISPATCH,UNIT_SCADA,1,"2022/10/20 18:40:00",YSWF1,1.70
D,DISPATCH,UNIT_SCADA,1,"2022/10/20 18:40:00",ADPBA1G,0.0080
D,DISPATCH,UNIT_SCADA,1,"2022/10/20 18:40:00",ADPBA1L,0
D,DISPATCH,UNIT_SCADA,1,"2022/10/20 18:40:00",ADPPV1,0.2910
D,DISPATCH,UNIT_SCADA,1,"2022/10/20 18:40:00",AGLHAL,30.800820
D,DISPATCH,UNIT_SCADA,1,"2022/10/20 18:40:00",AGLSOM,0
D,DISPATCH,UNIT_SCADA,1,"2022/10/20 18:40:00",ANGAST1,0
D,DISPATCH,UNIT_SCADA,1,"2022/10/20 18:40:00",ARWF1,54.10
D,DISPATCH,UNIT_SCADA,1,"2022/10/20 18:40:00",BALBG1,0
D,DISPATCH,UNIT_SCADA,1,"2022/10/20 18:40:00",BALBL1,0
D,DISPATCH,UNIT_SCADA,1,"2022/10/20 18:40:00",BALDHWF1,104.218990
D,DISPATCH,UNIT_SCADA,1,"2022/10/20 18:40:00",BANGOWF1,78.299540
D,DISPATCH,UNIT_SCADA,1,"2022/10/20 18:40:00",BANGOWF2,60.099870
D,DISPATCH,UNIT_SCADA,1,"2022/10/20 18:40:00",BANN1,0.99
D,DISPATCH,UNIT_SCADA,1,"2022/10/20 18:40:00",BARCALDN,0
D,DISPATCH,UNIT_SCADA,1,"2022/10/20 18:40:00",BARKIPS1,192.97
D,DISPATCH,UNIT_SCADA,1,"2022/10/20 18:40:00",BARRON-1,27.84
D,DISPATCH,UNIT_SCADA,1,"2022/10/20 18:40:00",BARRON-2,28.12
D,DISPATCH,UNIT_SCADA,1,"2022/10/20 18:40:00",BASTYAN,69.610010
D,DISPATCH,UNIT_SCADA,1,"2022/10/20 18:40:00",BBTHREE1,0
D,DISPATCH,UNIT_SCADA,1,"2022/10/20 18:40:00",BBTHREE2,0
D,DISPATCH,UNIT_SCADA,1,"2022/10/20 18:40:00",BBTHREE3,-1.10
D,DISPATCH,UNIT_SCADA,1,"2022/10/20 18:40:00",BDL01,0
D,DISPATCH,UNIT_SCADA,1,"2022/10/20 18:40:00",BDL02,0
D,DISPATCH,UNIT_SCADA,1,"2022/10/20 18:40:00",BERYLSF1,0
D,DISPATCH,UNIT_SCADA,1,"2022/10/20 18:40:00",BLOWERNG,62.60
D,DISPATCH,UNIT_SCADA,1,"2022/10/20 18:40:00",BLUEGSF1,0
D,DISPATCH,UNIT_SCADA,1,"2022/10/20 18:40:00",BLUFF1,1.90
D,DISPATCH,UNIT_SCADA,1,"2022/10/20 18:40:00",BNGSF1,8.60
D,DISPATCH,UNIT_SCADA,1,"2022/10/20 18:40:00",BNGSF2,7.40
D,DISPATCH,UNIT_SCADA,1,"2022/10/20 18:40:00",BOCORWF1,56.38
D,DISPATCH,UNIT_SCADA,1,"2022/10/20 18:40:00",BODWF1,111.412310
D,DISPATCH,UNIT_SCADA,1,"2022/10/20 18:40:00",BOMENSF1,0
D,DISPATCH,UNIT_SCADA,1,"2022/10/20 18:40:00",BOWWBA1G,0
D,DISPATCH,UNIT_SCADA,1,"2022/10/20 18:40:00",BOWWBA1L,0.0030
D,DISPATCH,UNIT_SCADA,1,"2022/10/20 18:40:00",BOWWPV1,0
D,DISPATCH,UNIT_SCADA,1,"2022/10/20 18:40:00",BRAEMAR1,0
D,DISPATCH,UNIT_SCADA,1,"2022/10/20 18:40:00",BRAEMAR2,0
D,DISPATCH,UNIT_SCADA,1,"2022/10/20 18:40:00",BRAEMAR3,0
D,DISPATCH,UNIT_SCADA,1,"2022/10/20 18:40:00",BRAEMAR5,145.042540
D,DISPATCH,UNIT_SCADA,1,"2022/10/20 18:40:00",BRAEMAR6,0
D,DISPATCH,UNIT_SCADA,1,"2022/10/20 18:40:00",BRAEMAR7,153.965450
D,DISPATCH,UNIT_SCADA,1,"2022/10/20 18:40:00",BROKENH1,0
D,DISPATCH,UNIT_SCADA,1,"2022/10/20 18:40:00",BRYB1WF1,77.128250
D,DISPATCH,UNIT_SCADA,1,"2022/10/20 18:40:00",BULBESG1,0
D,DISPATCH,UNIT_SCADA,1,"2022/10/20 18:40:00",BULBESL1,0.03
D,DISPATCH,UNIT_SCADA,1,"2022/10/20 18:40:00",BULGANA1,75.97
D,DISPATCH,UNIT_SCADA,1,"2022/10/20 18:40:00",BW01,660.251770
D,DISPATCH,UNIT_SCADA,1,"2022/10/20 18:40:00",BW02,637.888120
D,DISPATCH,UNIT_SCADA,1,"2022/10/20 18:40:00",BW03,608.102540
D,DISPATCH,UNIT_SCADA,1,"2022/10/20 18:40:00",BW04,0
D,DISPATCH,UNIT_SCADA,1,"2022/10/20 18:40:00",CALL_B_1,319.700010
D,DISPATCH,UNIT_SCADA,1,"2022/10/20 18:40:00",CALL_B_2,321.200010
D,DISPATCH,UNIT_SCADA,1,"2022/10/20 18:40:00",CATHROCK,9.20
D,DISPATCH,UNIT_SCADA,1,"2022/10/20 18:40:00",CBWWBA1G,0
D,DISPATCH,UNIT_SCADA,1,"2022/10/20 18:40:00",CBWWBA1L,0
D,DISPATCH,UNIT_SCADA,1,"2022/10/20 18:40:00",CETHANA,97.765370
D,DISPATCH,UNIT_SCADA,1,"2022/10/20 18:40:00",CG1,0
D,DISPATCH,UNIT_SCADA,1,"2022/10/20 18:40:00",CG2,0
D,DISPATCH,UNIT_SCADA,1,"2022/10/20 18:40:00",CG3,0
D,DISPATCH,UNIT_SCADA,1,"2022/10/20 18:40:00",CG4,0
D,DISPATCH,UNIT_SCADA,1,"2022/10/20 18:40:00",CHILDSF1,0
D,DISPATCH,UNIT_SCADA,1,"2022/10/20 18:40:00",CHYTWF1,12.29
D,DISPATCH,UNIT_SCADA,1,"2022/10/20 18:40:00",CLARESF1,0
D,DISPATCH,UNIT_SCADA,1,"2022/10/20 18:40:00",CLEMGPWF,8.572160
D,DISPATCH,UNIT_SCADA,1,"2022/10/20 18:40:00",CLERMSF1,0
D,DISPATCH,UNIT_SCADA,1,"2022/10/20 18:40:00",CNUNDAWF,11.613550
D,DISPATCH,UNIT_SCADA,1,"2022/10/20 18:40:00",COHUNSF1,0
D,DISPATCH,UNIT_SCADA,1,"2022/10/20 18:40:00",COLEASF1,0
D,DISPATCH,UNIT_SCADA,1,"2022/10/20 18:40:00",COLUMSF1,0
D,DISPATCH,UNIT_SCADA,1,"2022/10/20 18:40:00",COLWF01,118.600750
D,DISPATCH,UNIT_SCADA,1,"2022/10/20 18:40:00",COOPGWF1,359.600010
D,DISPATCH,UNIT_SCADA,1,"2022/10/20 18:40:00",CPP_3,372.075010
D,DISPATCH,UNIT_SCADA,1,"2022/10/20 18:40:00",CPP_4,0
D,DISPATCH,UNIT_SCADA,1,"2022/10/20 18:40:00",CPSA,0
D,DISPATCH,UNIT_SCADA,1,"2022/10/20 18:40:00",CROOKWF2,41.743190
D,DISPATCH,UNIT_SCADA,1,"2022/10/20 18:40:00",CROWLWF1,27.838460
D,DISPATCH,UNIT_SCADA,1,"2022/10/20 18:40:00",CRURWF1,122.697410
D,DISPATCH,UNIT_SCADA,1,"2022/10/20 18:40:00",CRWASF1,0.015070
D,DISPATCH,UNIT_SCADA,1,"2022/10/20 18:40:00",CSPVPS1,0
D,DISPATCH,UNIT_SCADA,1,"2022/10/20 18:40:00",CTHLWF1,0.003050
D,DISPATCH,UNIT_SCADA,1,"2022/10/20 18:40:00",DALNTH01,5.079720
D,DISPATCH,UNIT_SCADA,1,"2022/10/20 18:40:00",DALNTHL1,0
D,DISPATCH,UNIT_SCADA,1,"2022/10/20 18:40:00",DARLSF1,0
D,DISPATCH,UNIT_SCADA,1,"2022/10/20 18:40:00",DARTM1,0
D,DISPATCH,UNIT_SCADA,1,"2022/10/20 18:40:00",DAYDSF1,0
D,DISPATCH,UNIT_SCADA,1,"2022/10/20 18:40:00",DDPS1,0
D,DISPATCH,UNIT_SCADA,1,"2022/10/20 18:40:00",DDSF1,0
D,DISPATCH,UNIT_SCADA,1,"2022/10/20 18:40:00",DEVILS_G,59.816280
D,DISPATCH,UNIT_SCADA,1,"2022/10/20 18:40:00",DG_NSW1,0
D,DISPATCH,UNIT_SCADA,1,"2022/10/20 18:40:00",DG_QLD1,0
D,DISPATCH,UNIT_SCADA,1,"2022/10/20 18:40:00",DG_SA1,0
D,DISPATCH,UNIT_SCADA,1,"2022/10/20 18:40:00",DG_TAS1,0
D,DISPATCH,UNIT_SCADA,1,"2022/10/20 18:40:00",DG_VIC1,0
D,DISPATCH,UNIT_SCADA,1,"2022/10/20 18:40:00",DRYCGT1,0
D,DISPATCH,UNIT_SCADA,1,"2022/10/20 18:40:00",DRYCGT2,0
D,DISPATCH,UNIT_SCADA,1,"2022/10/20 18:40:00",DRYCGT3,0
D,DISPATCH,UNIT_SCADA,1,"2022/10/20 18:40:00",DUNDWF1,61.93
D,DISPATCH,UNIT_SCADA,1,"2022/10/20 18:40:00",DUNDWF2,18.41
D,DISPATCH,UNIT_SCADA,1,"2022/10/20 18:40:00",DUNDWF3,68.05
D,DISPATCH,UNIT_SCADA,1,"2022/10/20 18:40:00",EILDON1,60.08
D,DISPATCH,UNIT_SCADA,1,"2022/10/20 18:40:00",EILDON2,59.92
D,DISPATCH,UNIT_SCADA,1,"2022/10/20 18:40:00",ELAINWF1,14.50
D,DISPATCH,UNIT_SCADA,1,"2022/10/20 18:40:00",EMERASF1,0
D,DISPATCH,UNIT_SCADA,1,"2022/10/20 18:40:00",ER01,0
D,DISPATCH,UNIT_SCADA,1,"2022/10/20 18:40:00",ER02,519.868770
D,DISPATCH,UNIT_SCADA,1,"2022/10/20 18:40:00",ER03,638.645020
D,DISPATCH,UNIT_SCADA,1,"2022/10/20 18:40:00",ER04,699.217220
D,DISPATCH,UNIT_SCADA,1,"2022/10/20 18:40:00",FINLYSF1,0
D,DISPATCH,UNIT_SCADA,1,"2022/10/20 18:40:00",FISHER,43.91
D,DISPATCH,UNIT_SCADA,1,"2022/10/20 18:40:00",GANGARR1,0
D,DISPATCH,UNIT_SCADA,1,"2022/10/20 18:40:00",GANNBG1,4.862780
D,DISPATCH,UNIT_SCADA,1,"2022/10/20 18:40:00",GANNBL1,0
D,DISPATCH,UNIT_SCADA,1,"2022/10/20 18:40:00",GANNSF1,0.10
D,DISPATCH,UNIT_SCADA,1,"2022/10/20 18:40:00",GLRWNSF1,0.16
D,DISPATCH,UNIT_SCADA,1,"2022/10/20 18:40:00",GNNDHSF1,0
D,DISPATCH,UNIT_SCADA,1,"2022/10/20 18:40:00",GOONSF1,0
D,DISPATCH,UNIT_SCADA,1,"2022/10/20 18:40:00",GORDON,272.766540
D,DISPATCH,UNIT_SCADA,1,"2022/10/20 18:40:00",GRANWF1,0
D,DISPATCH,UNIT_SCADA,1,"2022/10/20 18:40:00",GSTONE1,220.6750
D,DISPATCH,UNIT_SCADA,1,"2022/10/20 18:40:00",GSTONE2,0
D,DISPATCH,UNIT_SCADA,1,"2022/10/20 18:40:00",GSTONE3,204.5750
D,DISPATCH,UNIT_SCADA,1,"2022/10/20 18:40:00",GSTONE4,0
D,DISPATCH,UNIT_SCADA,1,"2022/10/20 18:40:00",GSTONE5,221.20
D,DISPATCH,UNIT_SCADA,1,"2022/10/20 18:40:00",GSTONE6,220.50
D,DISPATCH,UNIT_SCADA,1,"2022/10/20 18:40:00",GULLRSF1,0
D,DISPATCH,UNIT_SCADA,1,"2022/10/20 18:40:00",GULLRWF1,83.343730
D,DISPATCH,UNIT_SCADA,1,"2022/10/20 18:40:00",GULLRWF2,108.521190
D,DISPATCH,UNIT_SCADA,1,"2022/10/20 18:40:00",GUNNING1,0
D,DISPATCH,UNIT_SCADA,1,"2022/10/20 18:40:00",GUTHEGA,67.90
D,DISPATCH,UNIT_SCADA,1,"2022/10/20 18:40:00",HALLWF1,3.39
D,DISPATCH,UNIT_SCADA,1,"2022/10/20 18:40:00",HALLWF2,2.60
D,DISPATCH,UNIT_SCADA,1,"2022/10/20 18:40:00",HAMISF1,0
D,DISPATCH,UNIT_SCADA,1,"2022/10/20 18:40:00",HAUGHT11,0
D,DISPATCH,UNIT_SCADA,1,"2022/10/20 18:40:00",HAYMSF1,0
D,DISPATCH,UNIT_SCADA,1,"2022/10/20 18:40:00",HDWF1,9.20
D,DISPATCH,UNIT_SCADA,1,"2022/10/20 18:40:00",HDWF2,9
D,DISPATCH,UNIT_SCADA,1,"2022/10/20 18:40:00",HDWF3,10.50
D,DISPATCH,UNIT_SCADA,1,"2022/10/20 18:40:00",HILLSTN1,0
D,DISPATCH,UNIT_SCADA,1,"2022/10/20 18:40:00",HPRG1,3.70
D,DISPATCH,UNIT_SCADA,1,"2022/10/20 18:40:00",HPRL1,0
D,DISPATCH,UNIT_SCADA,1,"2022/10/20 18:40:00",HUMENSW,54.696710
D,DISPATCH,UNIT_SCADA,1,"2022/10/20 18:40:00",HUMEV,0
D,DISPATCH,UNIT_SCADA,1,"2022/10/20 18:40:00",HVWWBA1G,0
D,DISPATCH,UNIT_SCADA,1,"2022/10/20 18:40:00",HVWWBA1L,0.0070
D,DISPATCH,UNIT_SCADA,1,"2022/10/20 18:40:00",HVWWPV1,0.2980
D,DISPATCH,UNIT_SCADA,1,"2022/10/20 18:40:00",JBUTTERS,78.097630
D,DISPATCH,UNIT_SCADA,1,"2022/10/20 18:40:00",JEMALNG1,0
D,DISPATCH,UNIT_SCADA,1,"2022/10/20 18:40:00",JLA01,0
D,DISPATCH,UNIT_SCADA,1,"2022/10/20 18:40:00",JLA02,0
D,DISPATCH,UNIT_SCADA,1,"2022/10/20 18:40:00",JLA03,0
D,DISPATCH,UNIT_SCADA,1,"2022/10/20 18:40:00",JLA04,0
D,DISPATCH,UNIT_SCADA,1,"2022/10/20 18:40:00",JLB01,0
D,DISPATCH,UNIT_SCADA,1,"2022/10/20 18:40:00",JLB02,0.10
D,DISPATCH,UNIT_SCADA,1,"2022/10/20 18:40:00",JLB03,0
D,DISPATCH,UNIT_SCADA,1,"2022/10/20 18:40:00",JUNEESF1,0
D,DISPATCH,UNIT_SCADA,1,"2022/10/20 18:40:00",KABANWF1,1.01
D,DISPATCH,UNIT_SCADA,1,"2022/10/20 18:40:00",KAREEYA1,0
D,DISPATCH,UNIT_SCADA,1,"2022/10/20 18:40:00",KAREEYA2,0
D,DISPATCH,UNIT_SCADA,1,"2022/10/20 18:40:00",KAREEYA3,4.90
D,DISPATCH,UNIT_SCADA,1,"2022/10/20 18:40:00",KAREEYA4,0
D,DISPATCH,UNIT_SCADA,1,"2022/10/20 18:40:00",KARSF1,1.10
D,DISPATCH,UNIT_SCADA,1,"2022/10/20 18:40:00",KEPSF1,0
D,DISPATCH,UNIT_SCADA,1,"2022/10/20 18:40:00",KEPWF1,4.17
D,DISPATCH,UNIT_SCADA,1,"2022/10/20 18:40:00",KIAMSF1,0
D,DISPATCH,UNIT_SCADA,1,"2022/10/20 18:40:00",KIATAWF1,5.20
D,DISPATCH,UNIT_SCADA,1,"2022/10/20 18:40:00",KPP_1,0
D,DISPATCH,UNIT_SCADA,1,"2022/10/20 18:40:00",KSP1,0
D,DISPATCH,UNIT_SCADA,1,"2022/10/20 18:40:00",LADBROK1,0.01
D,DISPATCH,UNIT_SCADA,1,"2022/10/20 18:40:00",LADBROK2,0.02
D,DISPATCH,UNIT_SCADA,1,"2022/10/20 18:40:00",LBBG1,1.95
D,DISPATCH,UNIT_SCADA,1,"2022/10/20 18:40:00",LBBL1,0
D,DISPATCH,UNIT_SCADA,1,"2022/10/20 18:40:00",LD01,379.900510
D,DISPATCH,UNIT_SCADA,1,"2022/10/20 18:40:00",LD02,37.4279
D,DISPATCH,UNIT_SCADA,1,"2022/10/20 18:40:00",LD04,313.907290
D,DISPATCH,UNIT_SCADA,1,"2022/10/20 18:40:00",LEM_WIL,87.025380
D,DISPATCH,UNIT_SCADA,1,"2022/10/20 18:40:00",LGAPWF1,62.68
D,DISPATCH,UNIT_SCADA,1,"2022/10/20 18:40:00",LGAPWF2,50.97
D,DISPATCH,UNIT_SCADA,1,"2022/10/20 18:40:00",LILYSF1,0
D,DISPATCH,UNIT_SCADA,1,"2022/10/20 18:40:00",LIMOSF11,2.069580
D,DISPATCH,UNIT_SCADA,1,"2022/10/20 18:40:00",LIMOSF21,0.284090
D,DISPATCH,UNIT_SCADA,1,"2022/10/20 18:40:00",LI_WY_CA,62.994420
D,DISPATCH,UNIT_SCADA,1,"2022/10/20 18:40:00",LKBONNY1,19.558770
D,DISPATCH,UNIT_SCADA,1,"2022/10/20 18:40:00",LKBONNY2,38.419560
D,DISPATCH,UNIT_SCADA,1,"2022/10/20 18:40:00",LKBONNY3,8.038380
D,DISPATCH,UNIT_SCADA,1,"2022/10/20 18:40:00",LK_ECHO,0
D,DISPATCH,UNIT_SCADA,1,"2022/10/20 18:40:00",LNGS1,0
D,DISPATCH,UNIT_SCADA,1,"2022/10/20 18:40:00",LNGS2,0
D,DISPATCH,UNIT_SCADA,1,"2022/10/20 18:40:00",LONSDALE,0
D,DISPATCH,UNIT_SCADA,1,"2022/10/20 18:40:00",LOYYB1,580.074710
D,DISPATCH,UNIT_SCADA,1,"2022/10/20 18:40:00",LOYYB2,575.187320
D,DISPATCH,UNIT_SCADA,1,"2022/10/20 18:40:00",LYA1,561
D,DISPATCH,UNIT_SCADA,1,"2022/10/20 18:40:00",LYA2,0
D,DISPATCH,UNIT_SCADA,1,"2022/10/20 18:40:00",LYA3,558
D,DISPATCH,UNIT_SCADA,1,"2022/10/20 18:40:00",LYA4,561
D,DISPATCH,UNIT_SCADA,1,"2022/10/20 18:40:00",MACARTH1,50.398830
D,DISPATCH,UNIT_SCADA,1,"2022/10/20 18:40:00",MACKNTSH,74.240010
D,DISPATCH,UNIT_SCADA,1,"2022/10/20 18:40:00",MANSLR1,0
D,DISPATCH,UNIT_SCADA,1,"2022/10/20 18:40:00",MAPS2PV1,0
D,DISPATCH,UNIT_SCADA,1,"2022/10/20 18:40:00",MAPS3PV1,0
D,DISPATCH,UNIT_SCADA,1,"2022/10/20 18:40:00",MARYRSF1,0
D,DISPATCH,UNIT_SCADA,1,"2022/10/20 18:40:00",MBPS2PV1,0
D,DISPATCH,UNIT_SCADA,1,"2022/10/20 18:40:00",MCKAY1,222.53
D,DISPATCH,UNIT_SCADA,1,"2022/10/20 18:40:00",MEADOWBK,19.920260
D,DISPATCH,UNIT_SCADA,1,"2022/10/20 18:40:00",MERCER01,13.90
D,DISPATCH,UNIT_SCADA,1,"2022/10/20 18:40:00",METZSF1,0
D,DISPATCH,UNIT_SCADA,1,"2022/10/20 18:40:00",MEWF1,18.886660
D,DISPATCH,UNIT_SCADA,1,"2022/10/20 18:40:00",MIDDLSF1,0
D,DISPATCH,UNIT_SCADA,1,"2022/10/20 18:40:00",MINTARO,0.128180
D,DISPATCH,UNIT_SCADA,1,"2022/10/20 18:40:00",MOLNGSF1,0
D,DISPATCH,UNIT_SCADA,1,"2022/10/20 18:40:00",MOORAWF1,13.55
D,DISPATCH,UNIT_SCADA,1,"2022/10/20 18:40:00",MOREESF1,0
D,DISPATCH,UNIT_SCADA,1,"2022/10/20 18:40:00",MORTLK11,0
D,DISPATCH,UNIT_SCADA,1,"2022/10/20 18:40:00",MORTLK12,0
D,DISPATCH,UNIT_SCADA,1,"2022/10/20 18:40:00",MOUSF1,0
D,DISPATCH,UNIT_SCADA,1,"2022/10/20 18:40:00",MP1,0
D,DISPATCH,UNIT_SCADA,1,"2022/10/20 18:40:00",MP2,641.159670
D,DISPATCH,UNIT_SCADA,1,"2022/10/20 18:40:00",MPP_1,178.1981
D,DISPATCH,UNIT_SCADA,1,"2022/10/20 18:40:00",MPP_2,176.504330
D,DISPATCH,UNIT_SCADA,1,"2022/10/20 18:40:00",MRTLSWF1,0
D,DISPATCH,UNIT_SCADA,1,"2022/10/20 18:40:00",MSTUART1,0
D,DISPATCH,UNIT_SCADA,1,"2022/10/20 18:40:00",MSTUART2,0
D,DISPATCH,UNIT_SCADA,1,"2022/10/20 18:40:00",MSTUART3,0
D,DISPATCH,UNIT_SCADA,1,"2022/10/20 18:40:00",MTGELWF1,56.6866
D,DISPATCH,UNIT_SCADA,1,"2022/10/20 18:40:00",MTMILLAR,17.70
D,DISPATCH,UNIT_SCADA,1,"2022/10/20 18:40:00",MURRAY,471.000030
D,DISPATCH,UNIT_SCADA,1,"2022/10/20 18:40:00",MUSSELR1,4.40
D,DISPATCH,UNIT_SCADA,1,"2022/10/20 18:40:00",MUWAWF1,6.38
D,DISPATCH,UNIT_SCADA,1,"2022/10/20 18:40:00",MUWAWF2,13.80
D,DISPATCH,UNIT_SCADA,1,"2022/10/20 18:40:00",MWPS1PV1,0.11
D,DISPATCH,UNIT_SCADA,1,"2022/10/20 18:40:00",MWPS2PV1,0.01
D,DISPATCH,UNIT_SCADA,1,"2022/10/20 18:40:00",MWPS3PV1,0
D,DISPATCH,UNIT_SCADA,1,"2022/10/20 18:40:00",MWPS4PV1,0.15
D,DISPATCH,UNIT_SCADA,1,"2022/10/20 18:40:00",NBHWF1,3.50
D,DISPATCH,UNIT_SCADA,1,"2022/10/20 18:40:00",NEVERSF1,0
D,DISPATCH,UNIT_SCADA,1,"2022/10/20 18:40:00",NPS,0
D,DISPATCH,UNIT_SCADA,1,"2022/10/20 18:40:00",NUMURSF1,0
D,DISPATCH,UNIT_SCADA,1,"2022/10/20 18:40:00",NYNGAN1,0
D,DISPATCH,UNIT_SCADA,1,"2022/10/20 18:40:00",OAKEY1,126.890430
D,DISPATCH,UNIT_SCADA,1,"2022/10/20 18:40:00",OAKEY1SF,0
D,DISPATCH,UNIT_SCADA,1,"2022/10/20 18:40:00",OAKEY2,0
D,DISPATCH,UNIT_SCADA,1,"2022/10/20 18:40:00",OAKEY2SF,0
D,DISPATCH,UNIT_SCADA,1,"2022/10/20 18:40:00",OAKLAND1,25.20
D,DISPATCH,UNIT_SCADA,1,"2022/10/20 18:40:00",OSB-AG,175.98
D,DISPATCH,UNIT_SCADA,1,"2022/10/20 18:40:00",PAREPS1,0
D,DISPATCH,UNIT_SCADA,1,"2022/10/20 18:40:00",PAREPW1,150.41
D,DISPATCH,UNIT_SCADA,1,"2022/10/20 18:40:00",PARSF1,0.001530
D,DISPATCH,UNIT_SCADA,1,"2022/10/20 18:40:00",POAT110,2.99
D,DISPATCH,UNIT_SCADA,1,"2022/10/20 18:40:00",POAT220,0
D,DISPATCH,UNIT_SCADA,1,"2022/10/20 18:40:00",POR01,0.008670
D,DISPATCH,UNIT_SCADA,1,"2022/10/20 18:40:00",POR03,0
D,DISPATCH,UNIT_SCADA,1,"2022/10/20 18:40:00",PPCCGT,196.369660
D,DISPATCH,UNIT_SCADA,1,"2022/10/20 18:40:00",PTSTAN1,0
D,DISPATCH,UNIT_SCADA,1,"2022/10/20 18:40:00",PUMP1,0
D,DISPATCH,UNIT_SCADA,1,"2022/10/20 18:40:00",PUMP2,0
D,DISPATCH,UNIT_SCADA,1,"2022/10/20 18:40:00",QBYNBG1,0.0045
D,DISPATCH,UNIT_SCADA,1,"2022/10/20 18:40:00",QBYNBL1,0
D,DISPATCH,UNIT_SCADA,1,"2022/10/20 18:40:00",QPS1,0
D,DISPATCH,UNIT_SCADA,1,"2022/10/20 18:40:00",QPS2,0
D,DISPATCH,UNIT_SCADA,1,"2022/10/20 18:40:00",QPS3,0
D,DISPATCH,UNIT_SCADA,1,"2022/10/20 18:40:00",QPS4,0
D,DISPATCH,UNIT_SCADA,1,"2022/10/20 18:40:00",QPS5,118.92
D,DISPATCH,UNIT_SCADA,1,"2022/10/20 18:40:00",REECE1,99.718250
D,DISPATCH,UNIT_SCADA,1,"2022/10/20 18:40:00",REECE2,99.560010
D,DISPATCH,UNIT_SCADA,1,"2022/10/20 18:40:00",ROMA_7,0
D,DISPATCH,UNIT_SCADA,1,"2022/10/20 18:40:00",ROMA_8,0
D,DISPATCH,UNIT_SCADA,1,"2022/10/20 18:40:00",RRSF1,0
D,DISPATCH,UNIT_SCADA,1,"2022/10/20 18:40:00",RT_NSW1,0
D,DISPATCH,UNIT_SCADA,1,"2022/10/20 18:40:00",RT_NSW2,0
D,DISPATCH,UNIT_SCADA,1,"2022/10/20 18:40:00",RT_NSW3,0
D,DISPATCH,UNIT_SCADA,1,"2022/10/20 18:40:00",RT_NSW4,0
D,DISPATCH,UNIT_SCADA,1,"2022/10/20 18:40:00",RT_NSW5,0
D,DISPATCH,UNIT_SCADA,1,"2022/10/20 18:40:00",RT_NSW6,0
D,DISPATCH,UNIT_SCADA,1,"2022/10/20 18:40:00",RT_QLD1,0
D,DISPATCH,UNIT_SCADA,1,"2022/10/20 18:40:00",RT_SA1,0
D,DISPATCH,UNIT_SCADA,1,"2022/10/20 18:40:00",RT_SA2,0
D,DISPATCH,UNIT_SCADA,1,"2022/10/20 18:40:00",RT_SA3,0
D,DISPATCH,UNIT_SCADA,1,"2022/10/20 18:40:00",RT_SA4,0
D,DISPATCH,UNIT_SCADA,1,"2022/10/20 18:40:00",RT_SA5,0
D,DISPATCH,UNIT_SCADA,1,"2022/10/20 18:40:00",RT_SA6,0
D,DISPATCH,UNIT_SCADA,1,"2022/10/20 18:40:00",RT_TAS1,0
D,DISPATCH,UNIT_SCADA,1,"2022/10/20 18:40:00",RT_VIC1,0
D,DISPATCH,UNIT_SCADA,1,"2022/10/20 18:40:00",RT_VIC10,0
D,DISPATCH,UNIT_SCADA,1,"2022/10/20 18:40:00",RT_VIC11,0
D,DISPATCH,UNIT_SCADA,1,"2022/10/20 18:40:00",RT_VIC12,0
D,DISPATCH,UNIT_SCADA,1,"2022/10/20 18:40:00",RT_VIC2,0
D,DISPATCH,UNIT_SCADA,1,"2022/10/20 18:40:00",RT_VIC3,0
D,DISPATCH,UNIT_SCADA,1,"2022/10/20 18:40:00",RT_VIC4,0
D,DISPATCH,UNIT_SCADA,1,"2022/10/20 18:40:00",RT_VIC5,0
D,DISPATCH,UNIT_SCADA,1,"2022/10/20 18:40:00",RT_VIC6,0
D,DISPATCH,UNIT_SCADA,1,"2022/10/20 18:40:00",RT_VIC7,0
D,DISPATCH,UNIT_SCADA,1,"2022/10/20 18:40:00",RT_VIC8,0
D,DISPATCH,UNIT_SCADA,1,"2022/10/20 18:40:00",RT_VIC9,0
D,DISPATCH,UNIT_SCADA,1,"2022/10/20 18:40:00",RUGBYR1,0
D,DISPATCH,UNIT_SCADA,1,"2022/10/20 18:40:00",SALTCRK1,18.58
D,DISPATCH,UNIT_SCADA,1,"2022/10/20 18:40:00",SAPHWF1,223.057910
D,DISPATCH,UNIT_SCADA,1,"2022/10/20 18:40:00",SEBSF1,0
D,DISPATCH,UNIT_SCADA,1,"2022/10/20 18:40:00",SHGEN,80.646240
D,DISPATCH,UNIT_SCADA,1,"2022/10/20 18:40:00",SHPUMP,0
D,DISPATCH,UNIT_SCADA,1,"2022/10/20 18:40:00",SITHE01,0.123710
D,DISPATCH,UNIT_SCADA,1,"2022/10/20 18:40:00",SMCSF1,0
D,DISPATCH,UNIT_SCADA,1,"2022/10/20 18:40:00",SNAPPER1,0
D,DISPATCH,UNIT_SCADA,1,"2022/10/20 18:40:00",SNOWNTH1,59.80
D,DISPATCH,UNIT_SCADA,1,"2022/10/20 18:40:00",SNOWSTH1,22.80
D,DISPATCH,UNIT_SCADA,1,"2022/10/20 18:40:00",SNOWTWN1,45.389850
D,DISPATCH,UNIT_SCADA,1,"2022/10/20 18:40:00",SNOWYP,0
D,DISPATCH,UNIT_SCADA,1,"2022/10/20 18:40:00",SNUG1,0
D,DISPATCH,UNIT_SCADA,1,"2022/10/20 18:40:00",SRSF1,0
D,DISPATCH,UNIT_SCADA,1,"2022/10/20 18:40:00",STAN-1,278.415440
D,DISPATCH,UNIT_SCADA,1,"2022/10/20 18:40:00",STAN-2,364.128050
D,DISPATCH,UNIT_SCADA,1,"2022/10/20 18:40:00",STAN-3,365.640560
D,DISPATCH,UNIT_SCADA,1,"2022/10/20 18:40:00",STAN-4,366.178920
D,DISPATCH,UNIT_SCADA,1,"2022/10/20 18:40:00",STARHLWF,8.397550
D,DISPATCH,UNIT_SCADA,1,"2022/10/20 18:40:00",STOCKYD1,162.42
D,DISPATCH,UNIT_SCADA,1,"2022/10/20 18:40:00",STWF1,109.782560
D,DISPATCH,UNIT_SCADA,1,"2022/10/20 18:40:00",SUNRSF1,0.9659
D,DISPATCH,UNIT_SCADA,1,"2022/10/20 18:40:00",SUNTPSF1,0
D,DISPATCH,UNIT_SCADA,1,"2022/10/20 18:40:00",SWAN_E,353.111270
D,DISPATCH,UNIT_SCADA,1,"2022/10/20 18:40:00",TALWA1,0
D,DISPATCH,UNIT_SCADA,1,"2022/10/20 18:40:00",TARALGA1,0
D,DISPATCH,UNIT_SCADA,1,"2022/10/20 18:40:00",TARONG#1,349.399990
D,DISPATCH,UNIT_SCADA,1,"2022/10/20 18:40:00",TARONG#2,350.200010
D,DISPATCH,UNIT_SCADA,1,"2022/10/20 18:40:00",TARONG#3,0.90
D,DISPATCH,UNIT_SCADA,1,"2022/10/20 18:40:00",TARONG#4,294.800020
D,DISPATCH,UNIT_SCADA,1,"2022/10/20 18:40:00",TARRALEA,54
D,DISPATCH,UNIT_SCADA,1,"2022/10/20 18:40:00",TBSF1,3
D,DISPATCH,UNIT_SCADA,1,"2022/10/20 18:40:00",TNPS1,420.0625
D,DISPATCH,UNIT_SCADA,1,"2022/10/20 18:40:00",TORRB1,0
D,DISPATCH,UNIT_SCADA,1,"2022/10/20 18:40:00",TORRB2,82
D,DISPATCH,UNIT_SCADA,1,"2022/10/20 18:40:00",TORRB3,0
D,DISPATCH,UNIT_SCADA,1,"2022/10/20 18:40:00",TORRB4,0
D,DISPATCH,UNIT_SCADA,1,"2022/10/20 18:40:00",TREVALLN,98.542770
D,DISPATCH,UNIT_SCADA,1,"2022/10/20 18:40:00",TRIBUTE,0
D,DISPATCH,UNIT_SCADA,1,"2022/10/20 18:40:00",TUMUT3,348.710020
D,DISPATCH,UNIT_SCADA,1,"2022/10/20 18:40:00",TUNGATIN,3.500020
D,DISPATCH,UNIT_SCADA,1,"2022/10/20 18:40:00",TVCC201,0
D,DISPATCH,UNIT_SCADA,1,"2022/10/20 18:40:00",TVPP104,57.885170
D,DISPATCH,UNIT_SCADA,1,"2022/10/20 18:40:00",UPPTUMUT,120.6505
D,DISPATCH,UNIT_SCADA,1,"2022/10/20 18:40:00",URANQ11,0
D,DISPATCH,UNIT_SCADA,1,"2022/10/20 18:40:00",URANQ12,0
D,DISPATCH,UNIT_SCADA,1,"2022/10/20 18:40:00",URANQ13,0
D,DISPATCH,UNIT_SCADA,1,"2022/10/20 18:40:00",URANQ14,154.735640
D,DISPATCH,UNIT_SCADA,1,"2022/10/20 18:40:00",VBBG1,49.30
D,DISPATCH,UNIT_SCADA,1,"2022/10/20 18:40:00",VBBL1,0
D,DISPATCH,UNIT_SCADA,1,"2022/10/20 18:40:00",VP5,562.492740
D,DISPATCH,UNIT_SCADA,1,"2022/10/20 18:40:00",VP6,634.223450
D,DISPATCH,UNIT_SCADA,1,"2022/10/20 18:40:00",VPGS1,0
D,DISPATCH,UNIT_SCADA,1,"2022/10/20 18:40:00",VPGS2,0
D,DISPATCH,UNIT_SCADA,1,"2022/10/20 18:40:00",VPGS3,0
D,DISPATCH,UNIT_SCADA,1,"2022/10/20 18:40:00",VPGS4,0
D,DISPATCH,UNIT_SCADA,1,"2022/10/20 18:40:00",VPGS5,0
D,DISPATCH,UNIT_SCADA,1,"2022/10/20 18:40:00",VPGS6,0
D,DISPATCH,UNIT_SCADA,1,"2022/10/20 18:40:00",W/HOE#1,219.319990
D,DISPATCH,UNIT_SCADA,1,"2022/10/20 18:40:00",W/HOE#2,0
D,DISPATCH,UNIT_SCADA,1,"2022/10/20 18:40:00",WAGGNSF1,0
D,DISPATCH,UNIT_SCADA,1,"2022/10/20 18:40:00",WALGRVG1,5.016080
D,DISPATCH,UNIT_SCADA,1,"2022/10/20 18:40:00",WALGRVL1,0
D,DISPATCH,UNIT_SCADA,1,"2022/10/20 18:40:00",WANDBG1,59.884180
D,DISPATCH,UNIT_SCADA,1,"2022/10/20 18:40:00",WANDBL1,0
D,DISPATCH,UNIT_SCADA,1,"2022/10/20 18:40:00",WARWSF1,0
D,DISPATCH,UNIT_SCADA,1,"2022/10/20 18:40:00",WARWSF2,0
D,DISPATCH,UNIT_SCADA,1,"2022/10/20 18:40:00",WATERLWF,0.50
D,DISPATCH,UNIT_SCADA,1,"2022/10/20 18:40:00",WDGPH1,0
D,DISPATCH,UNIT_SCADA,1,"2022/10/20 18:40:00",WELLSF1,0
D,DISPATCH,UNIT_SCADA,1,"2022/10/20 18:40:00",WEMENSF1,0.70
D,DISPATCH,UNIT_SCADA,1,"2022/10/20 18:40:00",WGWF1,8.50
D,DISPATCH,UNIT_SCADA,1,"2022/10/20 18:40:00",WHITSF1,0
D,DISPATCH,UNIT_SCADA,1,"2022/10/20 18:40:00",WINTSF1,0.43
D,DISPATCH,UNIT_SCADA,1,"2022/10/20 18:40:00",WKIEWA1,34
D,DISPATCH,UNIT_SCADA,1,"2022/10/20 18:40:00",WKIEWA2,34
D,DISPATCH,UNIT_SCADA,1,"2022/10/20 18:40:00",WOODLWN1,34.7393
D,DISPATCH,UNIT_SCADA,1,"2022/10/20 18:40:00",WOOLGSF1,0
D,DISPATCH,UNIT_SCADA,1,"2022/10/20 18:40:00",WPWF,31.80
D,DISPATCH,UNIT_SCADA,1,"2022/10/20 18:40:00",WRSF1,0
D,DISPATCH,UNIT_SCADA,1,"2022/10/20 18:40:00",WRWF1,88.498060
D,DISPATCH,UNIT_SCADA,1,"2022/10/20 18:40:00",WSTWYSF1,0
D,DISPATCH,UNIT_SCADA,1,"2022/10/20 18:40:00",YABULU,152.010010
D,DISPATCH,UNIT_SCADA,1,"2022/10/20 18:40:00",YABULU2,0
D,DISPATCH,UNIT_SCADA,1,"2022/10/20 18:40:00",YARANSF1,0
D,DISPATCH,UNIT_SCADA,1,"2022/10/20 18:40:00",YARWUN_1,163.34
D,DISPATCH,UNIT_SCADA,1,"2022/10/20 18:40:00",YATSF1,0.74
D,DISPATCH,UNIT_SCADA,1,"2022/10/20 18:40:00",YENDWF1,25.75
D,DISPATCH,UNIT_SCADA,1,"2022/10/20 18:40:00",YWPS1,357.643040
D,DISPATCH,UNIT_SCADA,1,"2022/10/20 18:40:00",YWPS2,290.724060
D,DISPATCH,UNIT_SCADA,1,"2022/10/20 18:40:00",YWPS3,360.235440
D,DISPATCH,UNIT_SCADA,1,"2022/10/20 18:40:00",YWPS4,0
C,"END OF REPORT",419
