C,NEMP.WORLD,DISPATCHSCADA,AEMO,PUBLIC,2022/10/20,19:25:10,0000000373276145,DISPATCHSCADA,0000000373276139
I,DISPATCH,UNIT_SCADA,1,SETTLEMENTDATE,DUID,SCADAVALUE
D,DISPATCH,UNIT_SCADA,1,"2022/10/20 19:30:00",BARCSF1,0.10
D,DISPATCH,UNIT_SCADA,1,"2022/10/20 19:30:00",BUTLERSG,8.699999
D,DISPATCH,UNIT_SCADA,1,"2022/10/20 19:30:00",CAPTL_WF,90.7006
D,DISPATCH,UNIT_SCADA,1,"2022/10/20 19:30:00",CHALLHWF,9.10
D,DISPATCH,UNIT_SCADA,1,"2022/10/20 19:30:00",CLOVER,13.14
D,DISPATCH,UNIT_SCADA,1,"2022/10/20 19:30:00",CLUNY,6.371710
D,DISPATCH,UNIT_SCADA,1,"2022/10/20 19:30:00",CULLRGWF,-0.05
D,DISPATCH,UNIT_SCADA,1,"2022/10/20 19:30:00",DIAPURWF1,1.40
D,DISPATCH,UNIT_SCADA,1,"2022/10/20 19:30:00",ERGT01,0
D,DISPATCH,UNIT_SCADA,1,"2022/10/20 19:30:00",GB01,0
D,DISPATCH,UNIT_SCADA,1,"2022/10/20 19:30:00",GERMCRK,20
D,DISPATCH,UNIT_SCADA,1,"2022/10/20 19:30:00",GRIFSF1,0.001526
D,DISPATCH,UNIT_SCADA,1,"2022/10/20 19:30:00",HEZ1,0
D,DISPATCH,UNIT_SCADA,1,"2022/10/20 19:30:00",HUGSF1,-0.0420
D,DISPATCH,UNIT_SCADA,1,"2022/10/20 19:30:00",KEPBG1,0
D,DISPATCH,UNIT_SCADA,1,"2022/10/20 19:30:00",LRSF1,0.0110
D,DISPATCH,UNIT_SCADA,1,"2022/10/20 19:30:00",MBAHNTH,43.912506
D,DISPATCH,UNIT_SCADA,1,"2022/10/20 19:30:00",MLSP1,0
D,DISPATCH,UNIT_SCADA,1,"2022/10/20 19:30:00",MLWF1,3.39
D,DISPATCH,UNIT_SCADA,1,"2022/10/20 19:30:00",PALOONA,30.66
D,DISPATCH,UNIT_SCADA,1,"2022/10/20 19:30:00",PIONEER,25.700001
D,DISPATCH,UNIT_SCADA,1,"2022/10/20 19:30:00",PORTWF,47.799999
D,DISPATCH,UNIT_SCADA,1,"2022/10/20 19:30:00",REPULSE,9.619898
D,DISPATCH,UNIT_SCADA,1,"2022/10/20 19:30:00",ROWALLAN,8.8963
D,DISPATCH,UNIT_SCADA,1,"2022/10/20 19:30:00",ROYALLA1,0
D,DISPATCH,UNIT_SCADA,1,"2022/10/20 19:30:00",RPCG,-0.50
D,DISPATCH,UNIT_SCADA,1,"2022/10/20 19:30:00",RUBICON,0
D,DISPATCH,UNIT_SCADA,1,"2022/10/20 19:30:00",WAUBRAWF,80.6380
D,DISPATCH,UNIT_SCADA,1,"2022/10/20 19:30:00",WOOLNTH1,94.75
D,DISPATCH,UNIT_SCADA,1,"2022/10/20 19:30:00",YAMBUKWF,5.30
D,DISPATCH,UNIT_SCADA,1,"2022/10/20 19:30:00",YSWF1,1.20
D,DISPATCH,UNIT_SCADA,1,"2022/10/20 19:30:00",ADPBA1G,0.0080
D,DISPATCH,UNIT_SCADA,1,"2022/10/20 19:30:00",ADPBA1L,0
D,DISPATCH,UNIT_SCADA,1,"2022/10/20 19:30:00",ADPPV1,0
D,DISPATCH,UNIT_SCADA,1,"2022/10/20 19:30:00",AGLHAL,30.90
D,DISPATCH,UNIT_SCADA,1,"2022/10/20 19:30:00",AGLSOM,0
D,DISPATCH,UNIT_SCADA,1,"2022/10/20 19:30:00",ANGAST1,0
D,DISPATCH,UNIT_SCADA,1,"2022/10/20 19:30:00",ARWF1,30.10
D,DISPATCH,UNIT_SCADA,1,"2022/10/20 19:30:00",BALBG1,0
D,DISPATCH,UNIT_SCADA,1,"2022/10/20 19:30:00",BALBL1,0
D,DISPATCH,UNIT_SCADA,1,"2022/10/20 19:30:00",BALDHWF1,105.55
D,DISPATCH,UNIT_SCADA,1,"2022/10/20 19:30:00",BANGOWF1,87.996950
D,DISPATCH,UNIT_SCADA,1,"2022/10/20 19:30:00",BANGOWF2,67.498050
D,DISPATCH,UNIT_SCADA,1,"2022/10/20 19:30:00",BANN1,0
D,DISPATCH,UNIT_SCADA,1,"2022/10/20 19:30:00",BARCALDN,0
D,DISPATCH,UNIT_SCADA,1,"2022/10/20 19:30:00",BARKIPS1,89.07
D,DISPATCH,UNIT_SCADA,1,"2022/10/20 19:30:00",BARRON-1,27.84
D,DISPATCH,UNIT_SCADA,1,"2022/10/20 19:30:00",BARRON-2,28.12
D,DISPATCH,UNIT_SCADA,1,"2022/10/20 19:30:00",BASTYAN,69.710010
D,DISPATCH,UNIT_SCADA,1,"2022/10/20 19:30:00",BBTHREE1,0
D,DISPATCH,UNIT_SCADA,1,"2022/10/20 19:30:00",BBTHREE2,0
D,DISPATCH,UNIT_SCADA,1,"2022/10/20 19:30:00",BBTHREE3,-1.08
D,DISPATCH,UNIT_SCADA,1,"2022/10/20 19:30:00",BDL01,0
D,DISPATCH,UNIT_SCADA,1,"2022/10/20 19:30:00",BDL02,0
D,DISPATCH,UNIT_SCADA,1,"2022/10/20 19:30:00",BERYLSF1,0
D,DISPATCH,UNIT_SCADA,1,"2022/10/20 19:30:00",BLOWERNG,62.60
D,DISPATCH,UNIT_SCADA,1,"2022/10/20 19:30:00",BLUEGSF1,0
D,DISPATCH,UNIT_SCADA,1,"2022/10/20 19:30:00",BLUFF1,2
D,DISPATCH,UNIT_SCADA,1,"2022/10/20 19:30:00",BNGSF1,0
D,DISPATCH,UNIT_SCADA,1,"2022/10/20 19:30:00",BNGSF2,0
D,DISPATCH,UNIT_SCADA,1,"2022/10/20 19:30:00",BOCORWF1,26.66
D,DISPATCH,UNIT_SCADA,1,"2022/10/20 19:30:00",BODWF1,109.308610
D,DISPATCH,UNIT_SCADA,1,"2022/10/20 19:30:00",BOMENSF1,0
D,DISPATCH,UNIT_SCADA,1,"2022/10/20 19:30:00",BOWWBA1G,0.0010
D,DISPATCH,UNIT_SCADA,1,"2022/10/20 19:30:00",BOWWBA1L,0
D,DISPATCH,UNIT_SCADA,1,"2022/10/20 19:30:00",BOWWPV1,0
D,DISPATCH,UNIT_SCADA,1,"2022/10/20 19:30:00",BRAEMAR1,0
D,DISPATCH,UNIT_SCADA,1,"2022/10/20 19:30:00",BRAEMAR2,0
D,DISPATCH,UNIT_SCADA,1,"2022/10/20 19:30:00",BRAEMAR3,0
D,DISPATCH,UNIT_SCADA,1,"2022/10/20 19:30:00",BRAEMAR5,144.679990
D,DISPATCH,UNIT_SCADA,1,"2022/10/20 19:30:00",BRAEMAR6,0
D,DISPATCH,UNIT_SCADA,1,"2022/10/20 19:30:00",BRAEMAR7,140.500520
D,DISPATCH,UNIT_SCADA,1,"2022/10/20 19:30:00",BROKENH1,0
D,DISPATCH,UNIT_SCADA,1,"2022/10/20 19:30:00",BRYB1WF1,102.861070
D,DISPATCH,UNIT_SCADA,1,"2022/10/20 19:30:00",BULBESG1,0
D,DISPATCH,UNIT_SCADA,1,"2022/10/20 19:30:00",BULBESL1,0.03
D,DISPATCH,UNIT_SCADA,1,"2022/10/20 19:30:00",BULGANA1,54.03
D,DISPATCH,UNIT_SCADA,1,"2022/10/20 19:30:00",BW01,657.322020
D,DISPATCH,UNIT_SCADA,1,"2022/10/20 19:30:00",BW02,638.913570
D,DISPATCH,UNIT_SCADA,1,"2022/10/20 19:30:00",BW03,612.765690
D,DISPATCH,UNIT_SCADA,1,"2022/10/20 19:30:00",BW04,0
D,DISPATCH,UNIT_SCADA,1,"2022/10/20 19:30:00",CALL_B_1,319.399990
D,DISPATCH,UNIT_SCADA,1,"2022/10/20 19:30:00",CALL_B_2,319.600010
D,DISPATCH,UNIT_SCADA,1,"2022/10/20 19:30:00",CATHROCK,2.90
D,DISPATCH,UNIT_SCADA,1,"2022/10/20 19:30:00",CBWWBA1G,0
D,DISPATCH,UNIT_SCADA,1,"2022/10/20 19:30:00",CBWWBA1L,0
D,DISPATCH,UNIT_SCADA,1,"2022/10/20 19:30:00",CETHANA,97.765370
D,DISPATCH,UNIT_SCADA,1,"2022/10/20 19:30:00",CG1,0
D,DISPATCH,UNIT_SCADA,1,"2022/10/20 19:30:00",CG2,0
D,DISPATCH,UNIT_SCADA,1,"2022/10/20 19:30:00",CG3,0
D,DISPATCH,UNIT_SCADA,1,"2022/10/20 19:30:00",CG4,0
D,DISPATCH,UNIT_SCADA,1,"2022/10/20 19:30:00",CHILDSF1,0
D,DISPATCH,UNIT_SCADA,1,"2022/10/20 19:30:00",CHYTWF1,7.49
D,DISPATCH,UNIT_SCADA,1,"2022/10/20 19:30:00",CLARESF1,0
D,DISPATCH,UNIT_SCADA,1,"2022/10/20 19:30:00",CLEMGPWF,5.114480
D,DISPATCH,UNIT_SCADA,1,"2022/10/20 19:30:00",CLERMSF1,0
D,DISPATCH,UNIT_SCADA,1,"2022/10/20 19:30:00",CNUNDAWF,15.117640
D,DISPATCH,UNIT_SCADA,1,"2022/10/20 19:30:00",COHUNSF1,0
D,DISPATCH,UNIT_SCADA,1,"2022/10/20 19:30:00",COLEASF1,0
D,DISPATCH,UNIT_SCADA,1,"2022/10/20 19:30:00",COLUMSF1,0
D,DISPATCH,UNIT_SCADA,1,"2022/10/20 19:30:00",COLWF01,118.973070
D,DISPATCH,UNIT_SCADA,1,"2022/10/20 19:30:00",COOPGWF1,303.350010
D,DISPATCH,UNIT_SCADA,1,"2022/10/20 19:30:00",CPP_3,370.975010
D,DISPATCH,UNIT_SCADA,1,"2022/10/20 19:30:00",CPP_4,0
D,DISPATCH,UNIT_SCADA,1,"2022/10/20 19:30:00",CPSA,0
D,DISPATCH,UNIT_SCADA,1,"2022/10/20 19:30:00",CROOKWF2,36.702830
D,DISPATCH,UNIT_SCADA,1,"2022/10/20 19:30:00",CROWLWF1,33.427460
D,DISPATCH,UNIT_SCADA,1,"2022/10/20 19:30:00",CRURWF1,68.998630
D,DISPATCH,UNIT_SCADA,1,"2022/10/20 19:30:00",CRWASF1,0
D,DISPATCH,UNIT_SCADA,1,"2022/10/20 19:30:00",CSPVPS1,0
D,DISPATCH,UNIT_SCADA,1,"2022/10/20 19:30:00",CTHLWF1,0.003050
D,DISPATCH,UNIT_SCADA,1,"2022/10/20 19:30:00",DALNTH01,0
D,DISPATCH,UNIT_SCADA,1,"2022/10/20 19:30:00",DALNTHL1,0.056460
D,DISPATCH,UNIT_SCADA,1,"2022/10/20 19:30:00",DARLSF1,0
D,DISPATCH,UNIT_SCADA,1,"2022/10/20 19:30:00",DARTM1,0
D,DISPATCH,UNIT_SCADA,1,"2022/10/20 19:30:00",DAYDSF1,0
D,DISPATCH,UNIT_SCADA,1,"2022/10/20 19:30:00",DDPS1,0
D,DISPATCH,UNIT_SCADA,1,"2022/10/20 19:30:00",DDSF1,0
D,DISPATCH,UNIT_SCADA,1,"2022/10/20 19:30:00",DEVILS_G,60.360730
D,DISPATCH,UNIT_SCADA,1,"2022/10/20 19:30:00",DG_NSW1,0
D,DISPATCH,UNIT_SCADA,1,"2022/10/20 19:30:00",DG_QLD1,0
D,DISPATCH,UNIT_SCADA,1,"2022/10/20 19:30:00",DG_SA1,0
D,DISPATCH,UNIT_SCADA,1,"2022/10/20 19:30:00",DG_TAS1,0
D,DISPATCH,UNIT_SCADA,1,"2022/10/20 19:30:00",DG_VIC1,0
D,DISPATCH,UNIT_SCADA,1,"2022/10/20 19:30:00",DRYCGT1,0
D,DISPATCH,UNIT_SCADA,1,"2022/10/20 19:30:00",DRYCGT2,0
D,DISPATCH,UNIT_SCADA,1,"2022/10/20 19:30:00",DRYCGT3,0
D,DISPATCH,UNIT_SCADA,1,"2022/10/20 19:30:00",DUNDWF1,75.48
D,DISPATCH,UNIT_SCADA,1,"2022/10/20 19:30:00",DUNDWF2,24.44
D,DISPATCH,UNIT_SCADA,1,"2022/10/20 19:30:00",DUNDWF3,91.56
D,DISPATCH,UNIT_SCADA,1,"2022/10/20 19:30:00",EILDON1,59.88
D,DISPATCH,UNIT_SCADA,1,"2022/10/20 19:30:00",EILDON2,60.08
D,DISPATCH,UNIT_SCADA,1,"2022/10/20 19:30:00",ELAINWF1,10.49
D,DISPATCH,UNIT_SCADA,1,"2022/10/20 19:30:00",EMERASF1,0
D,DISPATCH,UNIT_SCADA,1,"2022/10/20 19:30:00",ER01,0
D,DISPATCH,UNIT_SCADA,1,"2022/10/20 19:30:00",ER02,677.146550
D,DISPATCH,UNIT_SCADA,1,"2022/10/20 19:30:00",ER03,639.353030
D,DISPATCH,UNIT_SCADA,1,"2022/10/20 19:30:00",ER04,699.241640
D,DISPATCH,UNIT_SCADA,1,"2022/10/20 19:30:00",FINLYSF1,0
D,DISPATCH,UNIT_SCADA,1,"2022/10/20 19:30:00",FISHER,43.87
D,DISPATCH,UNIT_SCADA,1,"2022/10/20 19:30:00",GANGARR1,0
D,DISPATCH,UNIT_SCADA,1,"2022/10/20 19:30:00",GANNBG1,20.0245
D,DISPATCH,UNIT_SCADA,1,"2022/10/20 19:30:00",GANNBL1,0
D,DISPATCH,UNIT_SCADA,1,"2022/10/20 19:30:00",GANNSF1,0
D,DISPATCH,UNIT_SCADA,1,"2022/10/20 19:30:00",GLRWNSF1,0
D,DISPATCH,UNIT_SCADA,1,"2022/10/20 19:30:00",GNNDHSF1,0
D,DISPATCH,UNIT_SCADA,1,"2022/10/20 19:30:00",GOONSF1,0
D,DISPATCH,UNIT_SCADA,1,"2022/10/20 19:30:00",GORDON,271.019350
D,DISPATCH,UNIT_SCADA,1,"2022/10/20 19:30:00",GRANWF1,0
D,DISPATCH,UNIT_SCADA,1,"2022/10/20 19:30:00",GSTONE1,208.95
D,DISPATCH,UNIT_SCADA,1,"2022/10/20 19:30:00",GSTONE2,0
D,DISPATCH,UNIT_SCADA,1,"2022/10/20 19:30:00",GSTONE3,200.20
D,DISPATCH,UNIT_SCADA,1,"2022/10/20 19:30:00",GSTONE4,0
D,DISPATCH,UNIT_SCADA,1,"2022/10/20 19:30:00",GSTONE5,207.55
D,DISPATCH,UNIT_SCADA,1,"2022/10/20 19:30:00",GSTONE6,208.0750
D,DISPATCH,UNIT_SCADA,1,"2022/10/20 19:30:00",GULLRSF1,0
D,DISPATCH,UNIT_SCADA,1,"2022/10/20 19:30:00",GULLRWF1,73.583890
D,DISPATCH,UNIT_SCADA,1,"2022/10/20 19:30:00",GULLRWF2,62.239720
D,DISPATCH,UNIT_SCADA,1,"2022/10/20 19:30:00",GUNNING1,0
D,DISPATCH,UNIT_SCADA,1,"2022/10/20 19:30:00",GUTHEGA,67.40
D,DISPATCH,UNIT_SCADA,1,"2022/10/20 19:30:00",HALLWF1,4.26
D,DISPATCH,UNIT_SCADA,1,"2022/10/20 19:30:00",HALLWF2,2.33
D,DISPATCH,UNIT_SCADA,1,"2022/10/20 19:30:00",HAMISF1,0
D,DISPATCH,UNIT_SCADA,1,"2022/10/20 19:30:00",HAUGHT11,0
D,DISPATCH,UNIT_SCADA,1,"2022/10/20 19:30:00",HAYMSF1,0
D,DISPATCH,UNIT_SCADA,1,"2022/10/20 19:30:00",HDWF1,11.80
D,DISPATCH,UNIT_SCADA,1,"2022/10/20 19:30:00",HDWF2,10.40
D,DISPATCH,UNIT_SCADA,1,"2022/10/20 19:30:00",HDWF3,11
D,DISPATCH,UNIT_SCADA,1,"2022/10/20 19:30:00",HILLSTN1,0
D,DISPATCH,UNIT_SCADA,1,"2022/10/20 19:30:00",HPRG1,0.60
D,DISPATCH,UNIT_SCADA,1,"2022/10/20 19:30:00",HPRL1,0
D,DISPATCH,UNIT_SCADA,1,"2022/10/20 19:30:00",HUMENSW,55.0474
D,DISPATCH,UNIT_SCADA,1,"2022/10/20 19:30:00",HUMEV,0
D,DISPATCH,UNIT_SCADA,1,"2022/10/20 19:30:00",HVWWBA1G,0
D,DISPATCH,UNIT_SCADA,1,"2022/10/20 19:30:00",HVWWBA1L,0.0060
D,DISPATCH,UNIT_SCADA,1,"2022/10/20 19:30:00",HVWWPV1,0
D,DISPATCH,UNIT_SCADA,1,"2022/10/20 19:30:00",JBUTTERS,9.298230
D,DISPATCH,UNIT_SCADA,1,"2022/10/20 19:30:00",JEMALNG1,0
D,DISPATCH,UNIT_SCADA,1,"2022/10/20 19:30:00",JLA01,0
D,DISPATCH,UNIT_SCADA,1,"2022/10/20 19:30:00",JLA02,0
D,DISPATCH,UNIT_SCADA,1,"2022/10/20 19:30:00",JLA03,0
D,DISPATCH,UNIT_SCADA,1,"2022/10/20 19:30:00",JLA04,0
D,DISPATCH,UNIT_SCADA,1,"2022/10/20 19:30:00",JLB01,0
D,DISPATCH,UNIT_SCADA,1,"2022/10/20 19:30:00",JLB02,0.10
D,DISPATCH,UNIT_SCADA,1,"2022/10/20 19:30:00",JLB03,0
D,DISPATCH,UNIT_SCADA,1,"2022/10/20 19:30:00",JUNEESF1,0
D,DISPATCH,UNIT_SCADA,1,"2022/10/20 19:30:00",KABANWF1,0
D,DISPATCH,UNIT_SCADA,1,"2022/10/20 19:30:00",KAREEYA1,0
D,DISPATCH,UNIT_SCADA,1,"2022/10/20 19:30:00",KAREEYA2,0
D,DISPATCH,UNIT_SCADA,1,"2022/10/20 19:30:00",KAREEYA3,4.9325
D,DISPATCH,UNIT_SCADA,1,"2022/10/20 19:30:00",KAREEYA4,0
D,DISPATCH,UNIT_SCADA,1,"2022/10/20 19:30:00",KARSF1,0
D,DISPATCH,UNIT_SCADA,1,"2022/10/20 19:30:00",KEPSF1,0
D,DISPATCH,UNIT_SCADA,1,"2022/10/20 19:30:00",KEPWF1,9.84
D,DISPATCH,UNIT_SCADA,1,"2022/10/20 19:30:00",KIAMSF1,0
D,DISPATCH,UNIT_SCADA,1,"2022/10/20 19:30:00",KIATAWF1,1.10
D,DISPATCH,UNIT_SCADA,1,"2022/10/20 19:30:00",KPP_1,0
D,DISPATCH,UNIT_SCADA,1,"2022/10/20 19:30:00",KSP1,0
D,DISPATCH,UNIT_SCADA,1,"2022/10/20 19:30:00",LADBROK1,0.01
D,DISPATCH,UNIT_SCADA,1,"2022/10/20 19:30:00",LADBROK2,0.02
D,DISPATCH,UNIT_SCADA,1,"2022/10/20 19:30:00",LBBG1,1.80
D,DISPATCH,UNIT_SCADA,1,"2022/10/20 19:30:00",LBBL1,0
D,DISPATCH,UNIT_SCADA,1,"2022/10/20 19:30:00",LD01,380.413210
D,DISPATCH,UNIT_SCADA,1,"2022/10/20 19:30:00",LD02,39.332260
D,DISPATCH,UNIT_SCADA,1,"2022/10/20 19:30:00",LD04,316.525790
D,DISPATCH,UNIT_SCADA,1,"2022/10/20 19:30:00",LEM_WIL,87.006670
D,DISPATCH,UNIT_SCADA,1,"2022/10/20 19:30:00",LGAPWF1,94.92
D,DISPATCH,UNIT_SCADA,1,"2022/10/20 19:30:00",LGAPWF2,55.64
D,DISPATCH,UNIT_SCADA,1,"2022/10/20 19:30:00",LILYSF1,0
D,DISPATCH,UNIT_SCADA,1,"2022/10/20 19:30:00",LIMOSF11,0
D,DISPATCH,UNIT_SCADA,1,"2022/10/20 19:30:00",LIMOSF21,0
D,DISPATCH,UNIT_SCADA,1,"2022/10/20 19:30:00",LI_WY_CA,62.927280
D,DISPATCH,UNIT_SCADA,1,"2022/10/20 19:30:00",LKBONNY1,16.0757
D,DISPATCH,UNIT_SCADA,1,"2022/10/20 19:30:00",LKBONNY2,61.823720
D,DISPATCH,UNIT_SCADA,1,"2022/10/20 19:30:00",LKBONNY3,16.746620
D,DISPATCH,UNIT_SCADA,1,"2022/10/20 19:30:00",LK_ECHO,0
D,DISPATCH,UNIT_SCADA,1,"2022/10/20 19:30:00",LNGS1,0
D,DISPATCH,UNIT_SCADA,1,"2022/10/20 19:30:00",LNGS2,0
D,DISPATCH,UNIT_SCADA,1,"2022/10/20 19:30:00",LONSDALE,0
D,DISPATCH,UNIT_SCADA,1,"2022/10/20 19:30:00",LOYYB1,580.450620
D,DISPATCH,UNIT_SCADA,1,"2022/10/20 19:30:00",LOYYB2,575.563290
D,DISPATCH,UNIT_SCADA,1,"2022/10/20 19:30:00",LYA1,557
D,DISPATCH,UNIT_SCADA,1,"2022/10/20 19:30:00",LYA2,0
D,DISPATCH,UNIT_SCADA,1,"2022/10/20 19:30:00",LYA3,556
D,DISPATCH,UNIT_SCADA,1,"2022/10/20 19:30:00",LYA4,558
D,DISPATCH,UNIT_SCADA,1,"2022/10/20 19:30:00",MACARTH1,94.897810
D,DISPATCH,UNIT_SCADA,1,"2022/10/20 19:30:00",MACKNTSH,71.76
D,DISPATCH,UNIT_SCADA,1,"2022/10/20 19:30:00",MANSLR1,0
D,DISPATCH,UNIT_SCADA,1,"2022/10/20 19:30:00",MAPS2PV1,0
D,DISPATCH,UNIT_SCADA,1,"2022/10/20 19:30:00",MAPS3PV1,0
D,DISPATCH,UNIT_SCADA,1,"2022/10/20 19:30:00",MARYRSF1,0
D,DISPATCH,UNIT_SCADA,1,"2022/10/20 19:30:00",MBPS2PV1,0
D,DISPATCH,UNIT_SCADA,1,"2022/10/20 19:30:00",MCKAY1,220.079990
D,DISPATCH,UNIT_SCADA,1,"2022/10/20 19:30:00",MEADOWBK,19.948840
D,DISPATCH,UNIT_SCADA,1,"2022/10/20 19:30:00",MERCER01,14.40
D,DISPATCH,UNIT_SCADA,1,"2022/10/20 19:30:00",METZSF1,0
D,DISPATCH,UNIT_SCADA,1,"2022/10/20 19:30:00",MEWF1,0
D,DISPATCH,UNIT_SCADA,1,"2022/10/20 19:30:00",MIDDLSF1,0
D,DISPATCH,UNIT_SCADA,1,"2022/10/20 19:30:00",MINTARO,0.128180
D,DISPATCH,UNIT_SCADA,1,"2022/10/20 19:30:00",MOLNGSF1,0
D,DISPATCH,UNIT_SCADA,1,"2022/10/20 19:30:00",MOORAWF1,11.07
D,DISPATCH,UNIT_SCADA,1,"2022/10/20 19:30:00",MOREESF1,0
D,DISPATCH,UNIT_SCADA,1,"2022/10/20 19:30:00",MORTLK11,0
D,DISPATCH,UNIT_SCADA,1,"2022/10/20 19:30:00",MORTLK12,0
D,DISPATCH,UNIT_SCADA,1,"2022/10/20 19:30:00",MOUSF1,0
D,DISPATCH,UNIT_SCADA,1,"2022/10/20 19:30:00",MP1,0
D,DISPATCH,UNIT_SCADA,1,"2022/10/20 19:30:00",MP2,615.133910
D,DISPATCH,UNIT_SCADA,1,"2022/10/20 19:30:00",MPP_1,203.330170
D,DISPATCH,UNIT_SCADA,1,"2022/10/20 19:30:00",MPP_2,177.953960
D,DISPATCH,UNIT_SCADA,1,"2022/10/20 19:30:00",MRTLSWF1,0
D,DISPATCH,UNIT_SCADA,1,"2022/10/20 19:30:00",MSTUART1,0
D,DISPATCH,UNIT_SCADA,1,"2022/10/20 19:30:00",MSTUART2,0
D,DISPATCH,UNIT_SCADA,1,"2022/10/20 19:30:00",MSTUART3,0
D,DISPATCH,UNIT_SCADA,1,"2022/10/20 19:30:00",MTGELWF1,65.530870
D,DISPATCH,UNIT_SCADA,1,"2022/10/20 19:30:00",MTMILLAR,12.90
D,DISPATCH,UNIT_SCADA,1,"2022/10/20 19:30:00",MURRAY,344.100010
D,DISPATCH,UNIT_SCADA,1,"2022/10/20 19:30:00",MUSSELR1,4.20
D,DISPATCH,UNIT_SCADA,1,"2022/10/20 19:30:00",MUWAWF1,4.81
D,DISPATCH,UNIT_SCADA,1,"2022/10/20 19:30:00",MUWAWF2,17.10
D,DISPATCH,UNIT_SCADA,1,"2022/10/20 19:30:00",MWPS1PV1,0
D,DISPATCH,UNIT_SCADA,1,"2022/10/20 19:30:00",MWPS2PV1,0
D,DISPATCH,UNIT_SCADA,1,"2022/10/20 19:30:00",MWPS3PV1,0
D,DISPATCH,UNIT_SCADA,1,"2022/10/20 19:30:00",MWPS4PV1,0
D,DISPATCH,UNIT_SCADA,1,"2022/10/20 19:30:00",NBHWF1,7.10
D,DISPATCH,UNIT_SCADA,1,"2022/10/20 19:30:00",NEVERSF1,0
D,DISPATCH,UNIT_SCADA,1,"2022/10/20 19:30:00",NPS,0
D,DISPATCH,UNIT_SCADA,1,"2022/10/20 19:30:00",NUMURSF1,0
D,DISPATCH,UNIT_SCADA,1,"2022/10/20 19:30:00",NYNGAN1,0
D,DISPATCH,UNIT_SCADA,1,"2022/10/20 19:30:00",OAKEY1,125.951070
D,DISPATCH,UNIT_SCADA,1,"2022/10/20 19:30:00",OAKEY1SF,0
D,DISPATCH,UNIT_SCADA,1,"2022/10/20 19:30:00",OAKEY2,0
D,DISPATCH,UNIT_SCADA,1,"2022/10/20 19:30:00",OAKEY2SF,0
D,DISPATCH,UNIT_SCADA,1,"2022/10/20 19:30:00",OAKLAND1,23.60
D,DISPATCH,UNIT_SCADA,1,"2022/10/20 19:30:00",OSB-AG,177.269990
D,DISPATCH,UNIT_SCADA,1,"2022/10/20 19:30:00",PAREPS1,0
D,DISPATCH,UNIT_SCADA,1,"2022/10/20 19:30:00",PAREPW1,151.19
D,DISPATCH,UNIT_SCADA,1,"2022/10/20 19:30:00",PARSF1,0.001530
D,DISPATCH,UNIT_SCADA,1,"2022/10/20 19:30:00",POAT110,2.93
D,DISPATCH,UNIT_SCADA,1,"2022/10/20 19:30:00",POAT220,0
D,DISPATCH,UNIT_SCADA,1,"2022/10/20 19:30:00",POR01,0.008670
D,DISPATCH,UNIT_SCADA,1,"2022/10/20 19:30:00",POR03,0
D,DISPATCH,UNIT_SCADA,1,"2022/10/20 19:30:00",PPCCGT,172.881030
D,DISPATCH,UNIT_SCADA,1,"2022/10/20 19:30:00",PTSTAN1,0
D,DISPATCH,UNIT_SCADA,1,"2022/10/20 19:30:00",PUMP1,0
D,DISPATCH,UNIT_SCADA,1,"2022/10/20 19:30:00",PUMP2,0
D,DISPATCH,UNIT_SCADA,1,"2022/10/20 19:30:00",QBYNBG1,0
D,DISPATCH,UNIT_SCADA,1,"2022/10/20 19:30:00",QBYNBL1,0.0045
D,DISPATCH,UNIT_SCADA,1,"2022/10/20 19:30:00",QPS1,0
D,DISPATCH,UNIT_SCADA,1,"2022/10/20 19:30:00",QPS2,0
D,DISPATCH,UNIT_SCADA,1,"2022/10/20 19:30:00",QPS3,0
D,DISPATCH,UNIT_SCADA,1,"2022/10/20 19:30:00",QPS4,0
D,DISPATCH,UNIT_SCADA,1,"2022/10/20 19:30:00",QPS5,120.439990
D,DISPATCH,UNIT_SCADA,1,"2022/10/20 19:30:00",REECE1,99.587510
D,DISPATCH,UNIT_SCADA,1,"2022/10/20 19:30:00",REECE2,99.370010
D,DISPATCH,UNIT_SCADA,1,"2022/10/20 19:30:00",ROMA_7,0
D,DISPATCH,UNIT_SCADA,1,"2022/10/20 19:30:00",ROMA_8,0
D,DISPATCH,UNIT_SCADA,1,"2022/10/20 19:30:00",RRSF1,0
D,DISPATCH,UNIT_SCADA,1,"2022/10/20 19:30:00",RT_NSW1,0
D,DISPATCH,UNIT_SCADA,1,"2022/10/20 19:30:00",RT_NSW2,0
D,DISPATCH,UNIT_SCADA,1,"2022/10/20 19:30:00",RT_NSW3,0
D,DISPATCH,UNIT_SCADA,1,"2022/10/20 19:30:00",RT_NSW4,0
D,DISPATCH,UNIT_SCADA,1,"2022/10/20 19:30:00",RT_NSW5,0
D,DISPATCH,UNIT_SCADA,1,"2022/10/20 19:30:00",RT_NSW6,0
D,DISPATCH,UNIT_SCADA,1,"2022/10/20 19:30:00",RT_QLD1,0
D,DISPATCH,UNIT_SCADA,1,"2022/10/20 19:30:00",RT_SA1,0
D,DISPATCH,UNIT_SCADA,1,"2022/10/20 19:30:00",RT_SA2,0
D,DISPATCH,UNIT_SCADA,1,"2022/10/20 19:30:00",RT_SA3,0
D,DISPATCH,UNIT_SCADA,1,"2022/10/20 19:30:00",RT_SA4,0
D,DISPATCH,UNIT_SCADA,1,"2022/10/20 19:30:00",RT_SA5,0
D,DISPATCH,UNIT_SCADA,1,"2022/10/20 19:30:00",RT_SA6,0
D,DISPATCH,UNIT_SCADA,1,"2022/10/20 19:30:00",RT_TAS1,0
D,DISPATCH,UNIT_SCADA,1,"2022/10/20 19:30:00",RT_VIC1,0
D,DISPATCH,UNIT_SCADA,1,"2022/10/20 19:30:00",RT_VIC10,0
D,DISPATCH,UNIT_SCADA,1,"2022/10/20 19:30:00",RT_VIC11,0
D,DISPATCH,UNIT_SCADA,1,"2022/10/20 19:30:00",RT_VIC12,0
D,DISPATCH,UNIT_SCADA,1,"2022/10/20 19:30:00",RT_VIC2,0
D,DISPATCH,UNIT_SCADA,1,"2022/10/20 19:30:00",RT_VIC3,0
D,DISPATCH,UNIT_SCADA,1,"2022/10/20 19:30:00",RT_VIC4,0
D,DISPATCH,UNIT_SCADA,1,"2022/10/20 19:30:00",RT_VIC5,0
D,DISPATCH,UNIT_SCADA,1,"2022/10/20 19:30:00",RT_VIC6,0
D,DISPATCH,UNIT_SCADA,1,"2022/10/20 19:30:00",RT_VIC7,0
D,DISPATCH,UNIT_SCADA,1,"2022/10/20 19:30:00",RT_VIC8,0
D,DISPATCH,UNIT_SCADA,1,"2022/10/20 19:30:00",RT_VIC9,0
D,DISPATCH,UNIT_SCADA,1,"2022/10/20 19:30:00",RUGBYR1,0
D,DISPATCH,UNIT_SCADA,1,"2022/10/20 19:30:00",SALTCRK1,38.65
D,DISPATCH,UNIT_SCADA,1,"2022/10/20 19:30:00",SAPHWF1,237.038220
D,DISPATCH,UNIT_SCADA,1,"2022/10/20 19:30:00",SEBSF1,0
D,DISPATCH,UNIT_SCADA,1,"2022/10/20 19:30:00",SHGEN,80.646240
D,DISPATCH,UNIT_SCADA,1,"2022/10/20 19:30:00",SHPUMP,0
D,DISPATCH,UNIT_SCADA,1,"2022/10/20 19:30:00",SITHE01,0.133760
D,DISPATCH,UNIT_SCADA,1,"2022/10/20 19:30:00",SMCSF1,0
D,DISPATCH,UNIT_SCADA,1,"2022/10/20 19:30:00",SNAPPER1,0
D,DISPATCH,UNIT_SCADA,1,"2022/10/20 19:30:00",SNOWNTH1,33.30
D,DISPATCH,UNIT_SCADA,1,"2022/10/20 19:30:00",SNOWSTH1,15.90
D,DISPATCH,UNIT_SCADA,1,"2022/10/20 19:30:00",SNOWTWN1,32.369320
D,DISPATCH,UNIT_SCADA,1,"2022/10/20 19:30:00",SNOWYP,0
D,DISPATCH,UNIT_SCADA,1,"2022/10/20 19:30:00",SNUG1,0
D,DISPATCH,UNIT_SCADA,1,"2022/10/20 19:30:00",SRSF1,0
D,DISPATCH,UNIT_SCADA,1,"2022/10/20 19:30:00",STAN-1,281.094360
D,DISPATCH,UNIT_SCADA,1,"2022/10/20 19:30:00",STAN-2,365.089390
D,DISPATCH,UNIT_SCADA,1,"2022/10/20 19:30:00",STAN-3,364.948390
D,DISPATCH,UNIT_SCADA,1,"2022/10/20 19:30:00",STAN-4,365.268860
D,DISPATCH,UNIT_SCADA,1,"2022/10/20 19:30:00",STARHLWF,10.197030
D,DISPATCH,UNIT_SCADA,1,"2022/10/20 19:30:00",STOCKYD1,153.30
D,DISPATCH,UNIT_SCADA,1,"2022/10/20 19:30:00",STWF1,116.945760
D,DISPATCH,UNIT_SCADA,1,"2022/10/20 19:30:00",SUNRSF1,0
D,DISPATCH,UNIT_SCADA,1,"2022/10/20 19:30:00",SUNTPSF1,0
D,DISPATCH,UNIT_SCADA,1,"2022/10/20 19:30:00",SWAN_E,338.955630
D,DISPATCH,UNIT_SCADA,1,"2022/10/20 19:30:00",TALWA1,0
D,DISPATCH,UNIT_SCADA,1,"2022/10/20 19:30:00",TARALGA1,0
D,DISPATCH,UNIT_SCADA,1,"2022/10/20 19:30:00",TARONG#1,349.399990
D,DISPATCH,UNIT_SCADA,1,"2022/10/20 19:30:00",TARONG#2,349.399990
D,DISPATCH,UNIT_SCADA,1,"2022/10/20 19:30:00",TARONG#3,0.90
D,DISPATCH,UNIT_SCADA,1,"2022/10/20 19:30:00",TARONG#4,295
D,DISPATCH,UNIT_SCADA,1,"2022/10/20 19:30:00",TARRALEA,54.10
D,DISPATCH,UNIT_SCADA,1,"2022/10/20 19:30:00",TBSF1,0
D,DISPATCH,UNIT_SCADA,1,"2022/10/20 19:30:00",TNPS1,418.3750
D,DISPATCH,UNIT_SCADA,1,"2022/10/20 19:30:00",TORRB1,0
D,DISPATCH,UNIT_SCADA,1,"2022/10/20 19:30:00",TORRB2,58
D,DISPATCH,UNIT_SCADA,1,"2022/10/20 19:30:00",TORRB3,0
D,DISPATCH,UNIT_SCADA,1,"2022/10/20 19:30:00",TORRB4,0
D,DISPATCH,UNIT_SCADA,1,"2022/10/20 19:30:00",TREVALLN,98.339130
D,DISPATCH,UNIT_SCADA,1,"2022/10/20 19:30:00",TRIBUTE,0
D,DISPATCH,UNIT_SCADA,1,"2022/10/20 19:30:00",TUMUT3,413.34
D,DISPATCH,UNIT_SCADA,1,"2022/10/20 19:30:00",TUNGATIN,4.200020
D,DISPATCH,UNIT_SCADA,1,"2022/10/20 19:30:00",TVCC201,0
D,DISPATCH,UNIT_SCADA,1,"2022/10/20 19:30:00",TVPP104,57.924240
D,DISPATCH,UNIT_SCADA,1,"2022/10/20 19:30:00",UPPTUMUT,119.4702
D,DISPATCH,UNIT_SCADA,1,"2022/10/20 19:30:00",URANQ11,0
D,DISPATCH,UNIT_SCADA,1,"2022/10/20 19:30:00",URANQ12,0
D,DISPATCH,UNIT_SCADA,1,"2022/10/20 19:30:00",URANQ13,0
D,DISPATCH,UNIT_SCADA,1,"2022/10/20 19:30:00",URANQ14,61.887540
D,DISPATCH,UNIT_SCADA,1,"2022/10/20 19:30:00",VBBG1,0.40
D,DISPATCH,UNIT_SCADA,1,"2022/10/20 19:30:00",VBBL1,0
D,DISPATCH,UNIT_SCADA,1,"2022/10/20 19:30:00",VP5,563.396120
D,DISPATCH,UNIT_SCADA,1,"2022/10/20 19:30:00",VP6,603.143430
D,DISPATCH,UNIT_SCADA,1,"2022/10/20 19:30:00",VPGS1,0
D,DISPATCH,UNIT_SCADA,1,"2022/10/20 19:30:00",VPGS2,0
D,DISPATCH,UNIT_SCADA,1,"2022/10/20 19:30:00",VPGS3,0
D,DISPATCH,UNIT_SCADA,1,"2022/10/20 19:30:00",VPGS4,0
D,DISPATCH,UNIT_SCADA,1,"2022/10/20 19:30:00",VPGS5,0
D,DISPATCH,UNIT_SCADA,1,"2022/10/20 19:30:00",VPGS6,0
D,DISPATCH,UNIT_SCADA,1,"2022/10/20 19:30:00",W/HOE#1,160.73
D,DISPATCH,UNIT_SCADA,1,"2022/10/20 19:30:00",W/HOE#2,0
D,DISPATCH,UNIT_SCADA,1,"2022/10/20 19:30:00",WAGGNSF1,0
D,DISPATCH,UNIT_SCADA,1,"2022/10/20 19:30:00",WALGRVG1,0.175920
D,DISPATCH,UNIT_SCADA,1,"2022/10/20 19:30:00",WALGRVL1,0
D,DISPATCH,UNIT_SCADA,1,"2022/10/20 19:30:00",WANDBG1,0
D,DISPATCH,UNIT_SCADA,1,"2022/10/20 19:30:00",WANDBL1,0
D,DISPATCH,UNIT_SCADA,1,"2022/10/20 19:30:00",WARWSF1,0
D,DISPATCH,UNIT_SCADA,1,"2022/10/20 19:30:00",WARWSF2,0
D,DISPATCH,UNIT_SCADA,1,"2022/10/20 19:30:00",WATERLWF,8.30
D,DISPATCH,UNIT_SCADA,1,"2022/10/20 19:30:00",WDGPH1,0
D,DISPATCH,UNIT_SCADA,1,"2022/10/20 19:30:00",WELLSF1,0
D,DISPATCH,UNIT_SCADA,1,"2022/10/20 19:30:00",WEMENSF1,0
D,DISPATCH,UNIT_SCADA,1,"2022/10/20 19:30:00",WGWF1,7.50
D,DISPATCH,UNIT_SCADA,1,"2022/10/20 19:30:00",WHITSF1,0
D,DISPATCH,UNIT_SCADA,1,"2022/10/20 19:30:00",WINTSF1,0
D,DISPATCH,UNIT_SCADA,1,"2022/10/20 19:30:00",WKIEWA1,33.80
D,DISPATCH,UNIT_SCADA,1,"2022/10/20 19:30:00",WKIEWA2,33.80
D,DISPATCH,UNIT_SCADA,1,"2022/10/20 19:30:00",WOODLWN1,35.266650
D,DISPATCH,UNIT_SCADA,1,"2022/10/20 19:30:00",WOOLGSF1,0
D,DISPATCH,UNIT_SCADA,1,"2022/10/20 19:30:00",WPWF,37.91
D,DISPATCH,UNIT_SCADA,1,"2022/10/20 19:30:00",WRSF1,0
D,DISPATCH,UNIT_SCADA,1,"2022/10/20 19:30:00",WRWF1,90.417020
D,DISPATCH,UNIT_SCADA,1,"2022/10/20 19:30:00",WSTWYSF1,0
D,DISPATCH,UNIT_SCADA,1,"2022/10/20 19:30:00",YABULU,152.910020
D,DISPATCH,UNIT_SCADA,1,"2022/10/20 19:30:00",YABULU2,0
D,DISPATCH,UNIT_SCADA,1,"2022/10/20 19:30:00",YARANSF1,0
D,DISPATCH,UNIT_SCADA,1,"2022/10/20 19:30:00",YARWUN_1,163.289990
D,DISPATCH,UNIT_SCADA,1,"2022/10/20 19:30:00",YATSF1,0
D,DISPATCH,UNIT_SCADA,1,"2022/10/20 19:30:00",YENDWF1,18.53
D,DISPATCH,UNIT_SCADA,1,"2022/10/20 19:30:00",YWPS1,354.134190
D,DISPATCH,UNIT_SCADA,1,"2022/10/20 19:30:00",YWPS2,347.116460
D,DISPATCH,UNIT_SCADA,1,"2022/10/20 19:30:00",YWPS3,359.388610
D,DISPATCH,UNIT_SCADA,1,"2022/10/20 19:30:00",YWPS4,0
C,"END OF REPORT",419
