C,NEMP.WORLD,DISPATCHSCADA,AEMO,PUBLIC,2022/10/20,05:40:10,0000000373232587,DISPATCHSCADA,0000000373232581
I,DISPATCH,UNIT_SCADA,1,SETTLEMENTDATE,DUID,SCADAVALUE
D,DISPATCH,UNIT_SCADA,1,"2022/10/20 05:45:00",BARCSF1,0.10
D,DISPATCH,UNIT_SCADA,1,"2022/10/20 05:45:00",BUTLERSG,8.699999
D,DISPATCH,UNIT_SCADA,1,"2022/10/20 05:45:00",CAPTL_WF,23.199574
D,DISPATCH,UNIT_SCADA,1,"2022/10/20 05:45:00",CHALLHWF,22.50
D,DISPATCH,UNIT_SCADA,1,"2022/10/20 05:45:00",CLOVER,13.150001
D,DISPATCH,UNIT_SCADA,1,"2022/10/20 05:45:00",CLUNY,6.234378
D,DISPATCH,UNIT_SCADA,1,"2022/10/20 05:45:00",CULLRGWF,-0.01
D,DISPATCH,UNIT_SCADA,1,"2022/10/20 05:45:00",DIAPURWF1,7.30
D,DISPATCH,UNIT_SCADA,1,"2022/10/20 05:45:00",ERGT01,0
D,DISPATCH,UNIT_SCADA,1,"2022/10/20 05:45:00",GB01,0
D,DISPATCH,UNIT_SCADA,1,"2022/10/20 05:45:00",GERMCRK,22.90
D,DISPATCH,UNIT_SCADA,1,"2022/10/20 05:45:00",GRIFSF1,0.001526
D,DISPATCH,UNIT_SCADA,1,"2022/10/20 05:45:00",HEZ1,0
D,DISPATCH,UNIT_SCADA,1,"2022/10/20 05:45:00",HUGSF1,-0.1740
D,DISPATCH,UNIT_SCADA,1,"2022/10/20 05:45:00",KEPBG1,0.01
D,DISPATCH,UNIT_SCADA,1,"2022/10/20 05:45:00",LRSF1,0.0240
D,DISPATCH,UNIT_SCADA,1,"2022/10/20 05:45:00",MBAHNTH,47.831253
D,DISPATCH,UNIT_SCADA,1,"2022/10/20 05:45:00",MLSP1,0.209001
D,DISPATCH,UNIT_SCADA,1,"2022/10/20 05:45:00",PALOONA,30.059999
D,DISPATCH,UNIT_SCADA,1,"2022/10/20 05:45:00",PIONEER,43.100002
D,DISPATCH,UNIT_SCADA,1,"2022/10/20 05:45:00",PORTWF,40.700001
D,DISPATCH,UNIT_SCADA,1,"2022/10/20 05:45:00",REPULSE,9.619898
D,DISPATCH,UNIT_SCADA,1,"2022/10/20 05:45:00",ROWALLAN,8.910501
D,DISPATCH,UNIT_SCADA,1,"2022/10/20 05:45:00",ROYALLA1,0
D,DISPATCH,UNIT_SCADA,1,"2022/10/20 05:45:00",RPCG,-1.20
D,DISPATCH,UNIT_SCADA,1,"2022/10/20 05:45:00",RUBICON,0
D,DISPATCH,UNIT_SCADA,1,"2022/10/20 05:45:00",WAUBRAWF,87.664001
D,DISPATCH,UNIT_SCADA,1,"2022/10/20 05:45:00",WOOLNTH1,40.369999
D,DISPATCH,UNIT_SCADA,1,"2022/10/20 05:45:00",YAMBUKWF,3.90
D,DISPATCH,UNIT_SCADA,1,"2022/10/20 05:45:00",YSWF1,1.10
D,DISPATCH,UNIT_SCADA,1,"2022/10/20 05:45:00",ADPBA1G,0.0080
D,DISPATCH,UNIT_SCADA,1,"2022/10/20 05:45:00",ADPBA1L,0
D,DISPATCH,UNIT_SCADA,1,"2022/10/20 05:45:00",ADPPV1,0
D,DISPATCH,UNIT_SCADA,1,"2022/10/20 05:45:00",AGLHAL,0
D,DISPATCH,UNIT_SCADA,1,"2022/10/20 05:45:00",AGLSOM,0
D,DISPATCH,UNIT_SCADA,1,"2022/10/20 05:45:00",ANGAST1,0
D,DISPATCH,UNIT_SCADA,1,"2022/10/20 05:45:00",ARWF1,11.30
D,DISPATCH,UNIT_SCADA,1,"2022/10/20 05:45:00",BALBG1,0
D,DISPATCH,UNIT_SCADA,1,"2022/10/20 05:45:00",BALBL1,0
D,DISPATCH,UNIT_SCADA,1,"2022/10/20 05:45:00",BALDHWF1,5.3290
D,DISPATCH,UNIT_SCADA,1,"2022/10/20 05:45:00",BANGOWF1,62.498510
D,DISPATCH,UNIT_SCADA,1,"2022/10/20 05:45:00",BANGOWF2,62.597920
D,DISPATCH,UNIT_SCADA,1,"2022/10/20 05:45:00",BANN1,0
D,DISPATCH,UNIT_SCADA,1,"2022/10/20 05:45:00",BARCALDN,0
D,DISPATCH,UNIT_SCADA,1,"2022/10/20 05:45:00",BARKIPS1,0
D,DISPATCH,UNIT_SCADA,1,"2022/10/20 05:45:00",BARRON-1,28.04
D,DISPATCH,UNIT_SCADA,1,"2022/10/20 05:45:00",BARRON-2,0
D,DISPATCH,UNIT_SCADA,1,"2022/10/20 05:45:00",BASTYAN,0
D,DISPATCH,UNIT_SCADA,1,"2022/10/20 05:45:00",BBTHREE1,-1.14
D,DISPATCH,UNIT_SCADA,1,"2022/10/20 05:45:00",BBTHREE2,0
D,DISPATCH,UNIT_SCADA,1,"2022/10/20 05:45:00",BBTHREE3,0
D,DISPATCH,UNIT_SCADA,1,"2022/10/20 05:45:00",BDL01,0
D,DISPATCH,UNIT_SCADA,1,"2022/10/20 05:45:00",BDL02,0
D,DISPATCH,UNIT_SCADA,1,"2022/10/20 05:45:00",BERYLSF1,0
D,DISPATCH,UNIT_SCADA,1,"2022/10/20 05:45:00",BLOWERNG,62.60
D,DISPATCH,UNIT_SCADA,1,"2022/10/20 05:45:00",BLUEGSF1,0.172790
D,DISPATCH,UNIT_SCADA,1,"2022/10/20 05:45:00",BLUFF1,11
D,DISPATCH,UNIT_SCADA,1,"2022/10/20 05:45:00",BNGSF1,0
D,DISPATCH,UNIT_SCADA,1,"2022/10/20 05:45:00",BNGSF2,0
D,DISPATCH,UNIT_SCADA,1,"2022/10/20 05:45:00",BOCORWF1,0
D,DISPATCH,UNIT_SCADA,1,"2022/10/20 05:45:00",BODWF1,100.923110
D,DISPATCH,UNIT_SCADA,1,"2022/10/20 05:45:00",BOMENSF1,1.660790
D,DISPATCH,UNIT_SCADA,1,"2022/10/20 05:45:00",BOWWBA1G,0
D,DISPATCH,UNIT_SCADA,1,"2022/10/20 05:45:00",BOWWBA1L,0
D,DISPATCH,UNIT_SCADA,1,"2022/10/20 05:45:00",BOWWPV1,0
D,DISPATCH,UNIT_SCADA,1,"2022/10/20 05:45:00",BRAEMAR1,0
D,DISPATCH,UNIT_SCADA,1,"2022/10/20 05:45:00",BRAEMAR2,0
D,DISPATCH,UNIT_SCADA,1,"2022/10/20 05:45:00",BRAEMAR3,0
D,DISPATCH,UNIT_SCADA,1,"2022/10/20 05:45:00",BRAEMAR5,0.292060
D,DISPATCH,UNIT_SCADA,1,"2022/10/20 05:45:00",BRAEMAR6,0
D,DISPATCH,UNIT_SCADA,1,"2022/10/20 05:45:00",BRAEMAR7,0.130920
D,DISPATCH,UNIT_SCADA,1,"2022/10/20 05:45:00",BROKENH1,0
D,DISPATCH,UNIT_SCADA,1,"2022/10/20 05:45:00",BRYB1WF1,100.846880
D,DISPATCH,UNIT_SCADA,1,"2022/10/20 05:45:00",BULBESG1,0
D,DISPATCH,UNIT_SCADA,1,"2022/10/20 05:45:00",BULBESL1,0.03
D,DISPATCH,UNIT_SCADA,1,"2022/10/20 05:45:00",BULGANA1,43.84
D,DISPATCH,UNIT_SCADA,1,"2022/10/20 05:45:00",BW01,540.987240
D,DISPATCH,UNIT_SCADA,1,"2022/10/20 05:45:00",BW02,553.878050
D,DISPATCH,UNIT_SCADA,1,"2022/10/20 05:45:00",BW03,550.899540
D,DISPATCH,UNIT_SCADA,1,"2022/10/20 05:45:00",BW04,0
D,DISPATCH,UNIT_SCADA,1,"2022/10/20 05:45:00",CALL_B_1,319.399990
D,DISPATCH,UNIT_SCADA,1,"2022/10/20 05:45:00",CALL_B_2,323.600010
D,DISPATCH,UNIT_SCADA,1,"2022/10/20 05:45:00",CATHROCK,7.80
D,DISPATCH,UNIT_SCADA,1,"2022/10/20 05:45:00",CBWWBA1G,0
D,DISPATCH,UNIT_SCADA,1,"2022/10/20 05:45:00",CBWWBA1L,0
D,DISPATCH,UNIT_SCADA,1,"2022/10/20 05:45:00",CETHANA,93.214870
D,DISPATCH,UNIT_SCADA,1,"2022/10/20 05:45:00",CG1,0
D,DISPATCH,UNIT_SCADA,1,"2022/10/20 05:45:00",CG2,0
D,DISPATCH,UNIT_SCADA,1,"2022/10/20 05:45:00",CG3,0
D,DISPATCH,UNIT_SCADA,1,"2022/10/20 05:45:00",CG4,0
D,DISPATCH,UNIT_SCADA,1,"2022/10/20 05:45:00",CHILDSF1,0
D,DISPATCH,UNIT_SCADA,1,"2022/10/20 05:45:00",CHYTWF1,5.65
D,DISPATCH,UNIT_SCADA,1,"2022/10/20 05:45:00",CLARESF1,0
D,DISPATCH,UNIT_SCADA,1,"2022/10/20 05:45:00",CLEMGPWF,19.017240
D,DISPATCH,UNIT_SCADA,1,"2022/10/20 05:45:00",CLERMSF1,0
D,DISPATCH,UNIT_SCADA,1,"2022/10/20 05:45:00",CNUNDAWF,18.221260
D,DISPATCH,UNIT_SCADA,1,"2022/10/20 05:45:00",COHUNSF1,0
D,DISPATCH,UNIT_SCADA,1,"2022/10/20 05:45:00",COLEASF1,0
D,DISPATCH,UNIT_SCADA,1,"2022/10/20 05:45:00",COLUMSF1,0
D,DISPATCH,UNIT_SCADA,1,"2022/10/20 05:45:00",COLWF01,113.2433
D,DISPATCH,UNIT_SCADA,1,"2022/10/20 05:45:00",COOPGWF1,383.149990
D,DISPATCH,UNIT_SCADA,1,"2022/10/20 05:45:00",CPP_3,359.700010
D,DISPATCH,UNIT_SCADA,1,"2022/10/20 05:45:00",CPP_4,0
D,DISPATCH,UNIT_SCADA,1,"2022/10/20 05:45:00",CPSA,0
D,DISPATCH,UNIT_SCADA,1,"2022/10/20 05:45:00",CROOKWF2,26.605020
D,DISPATCH,UNIT_SCADA,1,"2022/10/20 05:45:00",CROWLWF1,36.354050
D,DISPATCH,UNIT_SCADA,1,"2022/10/20 05:45:00",CRURWF1,95.898910
D,DISPATCH,UNIT_SCADA,1,"2022/10/20 05:45:00",CRWASF1,0
D,DISPATCH,UNIT_SCADA,1,"2022/10/20 05:45:00",CSPVPS1,0.0760
D,DISPATCH,UNIT_SCADA,1,"2022/10/20 05:45:00",CTHLWF1,0.003050
D,DISPATCH,UNIT_SCADA,1,"2022/10/20 05:45:00",DALNTH01,0
D,DISPATCH,UNIT_SCADA,1,"2022/10/20 05:45:00",DALNTHL1,0.175480
D,DISPATCH,UNIT_SCADA,1,"2022/10/20 05:45:00",DARLSF1,0
D,DISPATCH,UNIT_SCADA,1,"2022/10/20 05:45:00",DARTM1,0
D,DISPATCH,UNIT_SCADA,1,"2022/10/20 05:45:00",DAYDSF1,0
D,DISPATCH,UNIT_SCADA,1,"2022/10/20 05:45:00",DDPS1,0
D,DISPATCH,UNIT_SCADA,1,"2022/10/20 05:45:00",DDSF1,0
D,DISPATCH,UNIT_SCADA,1,"2022/10/20 05:45:00",DEVILS_G,60.653710
D,DISPATCH,UNIT_SCADA,1,"2022/10/20 05:45:00",DG_NSW1,0
D,DISPATCH,UNIT_SCADA,1,"2022/10/20 05:45:00",DG_QLD1,0
D,DISPATCH,UNIT_SCADA,1,"2022/10/20 05:45:00",DG_SA1,0
D,DISPATCH,UNIT_SCADA,1,"2022/10/20 05:45:00",DG_TAS1,0
D,DISPATCH,UNIT_SCADA,1,"2022/10/20 05:45:00",DG_VIC1,0
D,DISPATCH,UNIT_SCADA,1,"2022/10/20 05:45:00",DRYCGT1,0
D,DISPATCH,UNIT_SCADA,1,"2022/10/20 05:45:00",DRYCGT2,0
D,DISPATCH,UNIT_SCADA,1,"2022/10/20 05:45:00",DRYCGT3,0
D,DISPATCH,UNIT_SCADA,1,"2022/10/20 05:45:00",DUNDWF1,91.26
D,DISPATCH,UNIT_SCADA,1,"2022/10/20 05:45:00",DUNDWF2,25.53
D,DISPATCH,UNIT_SCADA,1,"2022/10/20 05:45:00",DUNDWF3,64.95
D,DISPATCH,UNIT_SCADA,1,"2022/10/20 05:45:00",EILDON1,60.28
D,DISPATCH,UNIT_SCADA,1,"2022/10/20 05:45:00",EILDON2,59.68
D,DISPATCH,UNIT_SCADA,1,"2022/10/20 05:45:00",ELAINWF1,22.86
D,DISPATCH,UNIT_SCADA,1,"2022/10/20 05:45:00",EMERASF1,0
D,DISPATCH,UNIT_SCADA,1,"2022/10/20 05:45:00",ER01,0
D,DISPATCH,UNIT_SCADA,1,"2022/10/20 05:45:00",ER02,651.975280
D,DISPATCH,UNIT_SCADA,1,"2022/10/20 05:45:00",ER03,658.493960
D,DISPATCH,UNIT_SCADA,1,"2022/10/20 05:45:00",ER04,658.2254
D,DISPATCH,UNIT_SCADA,1,"2022/10/20 05:45:00",FINLYSF1,0
D,DISPATCH,UNIT_SCADA,1,"2022/10/20 05:45:00",FISHER,45.94
D,DISPATCH,UNIT_SCADA,1,"2022/10/20 05:45:00",GANGARR1,0
D,DISPATCH,UNIT_SCADA,1,"2022/10/20 05:45:00",GANNBG1,2.420650
D,DISPATCH,UNIT_SCADA,1,"2022/10/20 05:45:00",GANNBL1,0
D,DISPATCH,UNIT_SCADA,1,"2022/10/20 05:45:00",GANNSF1,0.20
D,DISPATCH,UNIT_SCADA,1,"2022/10/20 05:45:00",GLRWNSF1,1.59
D,DISPATCH,UNIT_SCADA,1,"2022/10/20 05:45:00",GNNDHSF1,1.256350
D,DISPATCH,UNIT_SCADA,1,"2022/10/20 05:45:00",GOONSF1,0
D,DISPATCH,UNIT_SCADA,1,"2022/10/20 05:45:00",GORDON,230.304520
D,DISPATCH,UNIT_SCADA,1,"2022/10/20 05:45:00",GRANWF1,6.65
D,DISPATCH,UNIT_SCADA,1,"2022/10/20 05:45:00",GSTONE1,203.349990
D,DISPATCH,UNIT_SCADA,1,"2022/10/20 05:45:00",GSTONE2,0
D,DISPATCH,UNIT_SCADA,1,"2022/10/20 05:45:00",GSTONE3,199.849990
D,DISPATCH,UNIT_SCADA,1,"2022/10/20 05:45:00",GSTONE4,0
D,DISPATCH,UNIT_SCADA,1,"2022/10/20 05:45:00",GSTONE5,203.349990
D,DISPATCH,UNIT_SCADA,1,"2022/10/20 05:45:00",GSTONE6,202.474990
D,DISPATCH,UNIT_SCADA,1,"2022/10/20 05:45:00",GULLRSF1,0
D,DISPATCH,UNIT_SCADA,1,"2022/10/20 05:45:00",GULLRWF1,56.744140
D,DISPATCH,UNIT_SCADA,1,"2022/10/20 05:45:00",GULLRWF2,98.250530
D,DISPATCH,UNIT_SCADA,1,"2022/10/20 05:45:00",GUNNING1,0
D,DISPATCH,UNIT_SCADA,1,"2022/10/20 05:45:00",GUTHEGA,68
D,DISPATCH,UNIT_SCADA,1,"2022/10/20 05:45:00",HALLWF1,65.77
D,DISPATCH,UNIT_SCADA,1,"2022/10/20 05:45:00",HALLWF2,51.89
D,DISPATCH,UNIT_SCADA,1,"2022/10/20 05:45:00",HAMISF1,0
D,DISPATCH,UNIT_SCADA,1,"2022/10/20 05:45:00",HAUGHT11,0
D,DISPATCH,UNIT_SCADA,1,"2022/10/20 05:45:00",HAYMSF1,0
D,DISPATCH,UNIT_SCADA,1,"2022/10/20 05:45:00",HDWF1,40.60
D,DISPATCH,UNIT_SCADA,1,"2022/10/20 05:45:00",HDWF2,17.50
D,DISPATCH,UNIT_SCADA,1,"2022/10/20 05:45:00",HDWF3,27
D,DISPATCH,UNIT_SCADA,1,"2022/10/20 05:45:00",HILLSTN1,0
D,DISPATCH,UNIT_SCADA,1,"2022/10/20 05:45:00",HPRG1,0.40
D,DISPATCH,UNIT_SCADA,1,"2022/10/20 05:45:00",HPRL1,0
D,DISPATCH,UNIT_SCADA,1,"2022/10/20 05:45:00",HUMENSW,54.315260
D,DISPATCH,UNIT_SCADA,1,"2022/10/20 05:45:00",HUMEV,0
D,DISPATCH,UNIT_SCADA,1,"2022/10/20 05:45:00",HVWWBA1G,0
D,DISPATCH,UNIT_SCADA,1,"2022/10/20 05:45:00",HVWWBA1L,0.0070
D,DISPATCH,UNIT_SCADA,1,"2022/10/20 05:45:00",HVWWPV1,0
D,DISPATCH,UNIT_SCADA,1,"2022/10/20 05:45:00",JBUTTERS,0
D,DISPATCH,UNIT_SCADA,1,"2022/10/20 05:45:00",JEMALNG1,0
D,DISPATCH,UNIT_SCADA,1,"2022/10/20 05:45:00",JLA01,0
D,DISPATCH,UNIT_SCADA,1,"2022/10/20 05:45:00",JLA02,0
D,DISPATCH,UNIT_SCADA,1,"2022/10/20 05:45:00",JLA03,0
D,DISPATCH,UNIT_SCADA,1,"2022/10/20 05:45:00",JLA04,0
D,DISPATCH,UNIT_SCADA,1,"2022/10/20 05:45:00",JLB01,0
D,DISPATCH,UNIT_SCADA,1,"2022/10/20 05:45:00",JLB02,0.10
D,DISPATCH,UNIT_SCADA,1,"2022/10/20 05:45:00",JLB03,0
D,DISPATCH,UNIT_SCADA,1,"2022/10/20 05:45:00",JUNEESF1,0
D,DISPATCH,UNIT_SCADA,1,"2022/10/20 05:45:00",KABANWF1,1.2350
D,DISPATCH,UNIT_SCADA,1,"2022/10/20 05:45:00",KAREEYA1,17.9950
D,DISPATCH,UNIT_SCADA,1,"2022/10/20 05:45:00",KAREEYA2,0
D,DISPATCH,UNIT_SCADA,1,"2022/10/20 05:45:00",KAREEYA3,21.5625
D,DISPATCH,UNIT_SCADA,1,"2022/10/20 05:45:00",KAREEYA4,0
D,DISPATCH,UNIT_SCADA,1,"2022/10/20 05:45:00",KARSF1,0
D,DISPATCH,UNIT_SCADA,1,"2022/10/20 05:45:00",KEPSF1,0
D,DISPATCH,UNIT_SCADA,1,"2022/10/20 05:45:00",KEPWF1,0
D,DISPATCH,UNIT_SCADA,1,"2022/10/20 05:45:00",KIAMSF1,0
D,DISPATCH,UNIT_SCADA,1,"2022/10/20 05:45:00",KIATAWF1,31
D,DISPATCH,UNIT_SCADA,1,"2022/10/20 05:45:00",KPP_1,0
D,DISPATCH,UNIT_SCADA,1,"2022/10/20 05:45:00",KSP1,0
D,DISPATCH,UNIT_SCADA,1,"2022/10/20 05:45:00",LADBROK1,0.01
D,DISPATCH,UNIT_SCADA,1,"2022/10/20 05:45:00",LADBROK2,38.03
D,DISPATCH,UNIT_SCADA,1,"2022/10/20 05:45:00",LBBG1,0
D,DISPATCH,UNIT_SCADA,1,"2022/10/20 05:45:00",LBBL1,4.95
D,DISPATCH,UNIT_SCADA,1,"2022/10/20 05:45:00",LD01,324.234740
D,DISPATCH,UNIT_SCADA,1,"2022/10/20 05:45:00",LD02,0
D,DISPATCH,UNIT_SCADA,1,"2022/10/20 05:45:00",LD04,323.154390
D,DISPATCH,UNIT_SCADA,1,"2022/10/20 05:45:00",LEM_WIL,87.259660
D,DISPATCH,UNIT_SCADA,1,"2022/10/20 05:45:00",LGAPWF1,93.009990
D,DISPATCH,UNIT_SCADA,1,"2022/10/20 05:45:00",LGAPWF2,50.23
D,DISPATCH,UNIT_SCADA,1,"2022/10/20 05:45:00",LILYSF1,0
D,DISPATCH,UNIT_SCADA,1,"2022/10/20 05:45:00",LIMOSF11,0
D,DISPATCH,UNIT_SCADA,1,"2022/10/20 05:45:00",LIMOSF21,0
D,DISPATCH,UNIT_SCADA,1,"2022/10/20 05:45:00",LI_WY_CA,77.198270
D,DISPATCH,UNIT_SCADA,1,"2022/10/20 05:45:00",LKBONNY1,0
D,DISPATCH,UNIT_SCADA,1,"2022/10/20 05:45:00",LKBONNY2,29.0029
D,DISPATCH,UNIT_SCADA,1,"2022/10/20 05:45:00",LKBONNY3,7.982560
D,DISPATCH,UNIT_SCADA,1,"2022/10/20 05:45:00",LK_ECHO,0
D,DISPATCH,UNIT_SCADA,1,"2022/10/20 05:45:00",LNGS1,0
D,DISPATCH,UNIT_SCADA,1,"2022/10/20 05:45:00",LNGS2,0
D,DISPATCH,UNIT_SCADA,1,"2022/10/20 05:45:00",LONSDALE,0
D,DISPATCH,UNIT_SCADA,1,"2022/10/20 05:45:00",LOYYB1,583.082280
D,DISPATCH,UNIT_SCADA,1,"2022/10/20 05:45:00",LOYYB2,577.067080
D,DISPATCH,UNIT_SCADA,1,"2022/10/20 05:45:00",LYA1,498
D,DISPATCH,UNIT_SCADA,1,"2022/10/20 05:45:00",LYA2,0
D,DISPATCH,UNIT_SCADA,1,"2022/10/20 05:45:00",LYA3,497
D,DISPATCH,UNIT_SCADA,1,"2022/10/20 05:45:00",LYA4,498
D,DISPATCH,UNIT_SCADA,1,"2022/10/20 05:45:00",MACARTH1,40.099080
D,DISPATCH,UNIT_SCADA,1,"2022/10/20 05:45:00",MACKNTSH,0
D,DISPATCH,UNIT_SCADA,1,"2022/10/20 05:45:00",MANSLR1,0
D,DISPATCH,UNIT_SCADA,1,"2022/10/20 05:45:00",MAPS2PV1,0
D,DISPATCH,UNIT_SCADA,1,"2022/10/20 05:45:00",MAPS3PV1,0
D,DISPATCH,UNIT_SCADA,1,"2022/10/20 05:45:00",MARYRSF1,0.06
D,DISPATCH,UNIT_SCADA,1,"2022/10/20 05:45:00",MBPS2PV1,0
D,DISPATCH,UNIT_SCADA,1,"2022/10/20 05:45:00",MCKAY1,240.6850
D,DISPATCH,UNIT_SCADA,1,"2022/10/20 05:45:00",MEADOWBK,19.805940
D,DISPATCH,UNIT_SCADA,1,"2022/10/20 05:45:00",MERCER01,17.20
D,DISPATCH,UNIT_SCADA,1,"2022/10/20 05:45:00",METZSF1,3.324450
D,DISPATCH,UNIT_SCADA,1,"2022/10/20 05:45:00",MEWF1,4.325380
D,DISPATCH,UNIT_SCADA,1,"2022/10/20 05:45:00",MIDDLSF1,0.11
D,DISPATCH,UNIT_SCADA,1,"2022/10/20 05:45:00",MINTARO,0.128180
D,DISPATCH,UNIT_SCADA,1,"2022/10/20 05:45:00",MOLNGSF1,0
D,DISPATCH,UNIT_SCADA,1,"2022/10/20 05:45:00",MOORAWF1,31.89
D,DISPATCH,UNIT_SCADA,1,"2022/10/20 05:45:00",MOREESF1,0.0080
D,DISPATCH,UNIT_SCADA,1,"2022/10/20 05:45:00",MORTLK11,0
D,DISPATCH,UNIT_SCADA,1,"2022/10/20 05:45:00",MORTLK12,0
D,DISPATCH,UNIT_SCADA,1,"2022/10/20 05:45:00",MOUSF1,0
D,DISPATCH,UNIT_SCADA,1,"2022/10/20 05:45:00",MP1,0
D,DISPATCH,UNIT_SCADA,1,"2022/10/20 05:45:00",MP2,573.726990
D,DISPATCH,UNIT_SCADA,1,"2022/10/20 05:45:00",MPP_1,174.520610
D,DISPATCH,UNIT_SCADA,1,"2022/10/20 05:45:00",MPP_2,0
D,DISPATCH,UNIT_SCADA,1,"2022/10/20 05:45:00",MRTLSWF1,0
D,DISPATCH,UNIT_SCADA,1,"2022/10/20 05:45:00",MSTUART1,0
D,DISPATCH,UNIT_SCADA,1,"2022/10/20 05:45:00",MSTUART2,0
D,DISPATCH,UNIT_SCADA,1,"2022/10/20 05:45:00",MSTUART3,0
D,DISPATCH,UNIT_SCADA,1,"2022/10/20 05:45:00",MTGELWF1,28.629410
D,DISPATCH,UNIT_SCADA,1,"2022/10/20 05:45:00",MTMILLAR,8.10
D,DISPATCH,UNIT_SCADA,1,"2022/10/20 05:45:00",MURRAY,0
D,DISPATCH,UNIT_SCADA,1,"2022/10/20 05:45:00",MUSSELR1,0
D,DISPATCH,UNIT_SCADA,1,"2022/10/20 05:45:00",MUWAWF1,187.11
D,DISPATCH,UNIT_SCADA,1,"2022/10/20 05:45:00",MUWAWF2,178.20
D,DISPATCH,UNIT_SCADA,1,"2022/10/20 05:45:00",MWPS1PV1,0
D,DISPATCH,UNIT_SCADA,1,"2022/10/20 05:45:00",MWPS2PV1,0
D,DISPATCH,UNIT_SCADA,1,"2022/10/20 05:45:00",MWPS3PV1,0
D,DISPATCH,UNIT_SCADA,1,"2022/10/20 05:45:00",MWPS4PV1,0
D,DISPATCH,UNIT_SCADA,1,"2022/10/20 05:45:00",NBHWF1,102.80
D,DISPATCH,UNIT_SCADA,1,"2022/10/20 05:45:00",NEVERSF1,0
D,DISPATCH,UNIT_SCADA,1,"2022/10/20 05:45:00",NPS,0
D,DISPATCH,UNIT_SCADA,1,"2022/10/20 05:45:00",NUMURSF1,0
D,DISPATCH,UNIT_SCADA,1,"2022/10/20 05:45:00",NYNGAN1,0
D,DISPATCH,UNIT_SCADA,1,"2022/10/20 05:45:00",OAKEY1,0
D,DISPATCH,UNIT_SCADA,1,"2022/10/20 05:45:00",OAKEY1SF,0
D,DISPATCH,UNIT_SCADA,1,"2022/10/20 05:45:00",OAKEY2,0
D,DISPATCH,UNIT_SCADA,1,"2022/10/20 05:45:00",OAKEY2SF,0
D,DISPATCH,UNIT_SCADA,1,"2022/10/20 05:45:00",OAKLAND1,20.60
D,DISPATCH,UNIT_SCADA,1,"2022/10/20 05:45:00",OSB-AG,0
D,DISPATCH,UNIT_SCADA,1,"2022/10/20 05:45:00",PAREPS1,0.0660
D,DISPATCH,UNIT_SCADA,1,"2022/10/20 05:45:00",PAREPW1,78.55
D,DISPATCH,UNIT_SCADA,1,"2022/10/20 05:45:00",PARSF1,0.001530
D,DISPATCH,UNIT_SCADA,1,"2022/10/20 05:45:00",POAT110,0
D,DISPATCH,UNIT_SCADA,1,"2022/10/20 05:45:00",POAT220,0
D,DISPATCH,UNIT_SCADA,1,"2022/10/20 05:45:00",POR01,0
D,DISPATCH,UNIT_SCADA,1,"2022/10/20 05:45:00",POR03,0
D,DISPATCH,UNIT_SCADA,1,"2022/10/20 05:45:00",PPCCGT,174.223240
D,DISPATCH,UNIT_SCADA,1,"2022/10/20 05:45:00",PTSTAN1,0
D,DISPATCH,UNIT_SCADA,1,"2022/10/20 05:45:00",PUMP1,0
D,DISPATCH,UNIT_SCADA,1,"2022/10/20 05:45:00",PUMP2,0
D,DISPATCH,UNIT_SCADA,1,"2022/10/20 05:45:00",QBYNBG1,0
D,DISPATCH,UNIT_SCADA,1,"2022/10/20 05:45:00",QBYNBL1,0.0005
D,DISPATCH,UNIT_SCADA,1,"2022/10/20 05:45:00",QPS1,0
D,DISPATCH,UNIT_SCADA,1,"2022/10/20 05:45:00",QPS2,0
D,DISPATCH,UNIT_SCADA,1,"2022/10/20 05:45:00",QPS3,0
D,DISPATCH,UNIT_SCADA,1,"2022/10/20 05:45:00",QPS4,0
D,DISPATCH,UNIT_SCADA,1,"2022/10/20 05:45:00",QPS5,76.27
D,DISPATCH,UNIT_SCADA,1,"2022/10/20 05:45:00",REECE1,47.477770
D,DISPATCH,UNIT_SCADA,1,"2022/10/20 05:45:00",REECE2,34.97
D,DISPATCH,UNIT_SCADA,1,"2022/10/20 05:45:00",ROMA_7,0
D,DISPATCH,UNIT_SCADA,1,"2022/10/20 05:45:00",ROMA_8,0
D,DISPATCH,UNIT_SCADA,1,"2022/10/20 05:45:00",RRSF1,0
D,DISPATCH,UNIT_SCADA,1,"2022/10/20 05:45:00",RT_NSW1,0
D,DISPATCH,UNIT_SCADA,1,"2022/10/20 05:45:00",RT_NSW2,0
D,DISPATCH,UNIT_SCADA,1,"2022/10/20 05:45:00",RT_NSW3,0
D,DISPATCH,UNIT_SCADA,1,"2022/10/20 05:45:00",RT_NSW4,0
D,DISPATCH,UNIT_SCADA,1,"2022/10/20 05:45:00",RT_NSW5,0
D,DISPATCH,UNIT_SCADA,1,"2022/10/20 05:45:00",RT_NSW6,0
D,DISPATCH,UNIT_SCADA,1,"2022/10/20 05:45:00",RT_QLD1,0
D,DISPATCH,UNIT_SCADA,1,"2022/10/20 05:45:00",RT_SA1,0
D,DISPATCH,UNIT_SCADA,1,"2022/10/20 05:45:00",RT_SA2,0
D,DISPATCH,UNIT_SCADA,1,"2022/10/20 05:45:00",RT_SA3,0
D,DISPATCH,UNIT_SCADA,1,"2022/10/20 05:45:00",RT_SA4,0
D,DISPATCH,UNIT_SCADA,1,"2022/10/20 05:45:00",RT_SA5,0
D,DISPATCH,UNIT_SCADA,1,"2022/10/20 05:45:00",RT_SA6,0
D,DISPATCH,UNIT_SCADA,1,"2022/10/20 05:45:00",RT_TAS1,0
D,DISPATCH,UNIT_SCADA,1,"2022/10/20 05:45:00",RT_VIC1,0
D,DISPATCH,UNIT_SCADA,1,"2022/10/20 05:45:00",RT_VIC10,0
D,DISPATCH,UNIT_SCADA,1,"2022/10/20 05:45:00",RT_VIC11,0
D,DISPATCH,UNIT_SCADA,1,"2022/10/20 05:45:00",RT_VIC12,0
D,DISPATCH,UNIT_SCADA,1,"2022/10/20 05:45:00",RT_VIC2,0
D,DISPATCH,UNIT_SCADA,1,"2022/10/20 05:45:00",RT_VIC3,0
D,DISPATCH,UNIT_SCADA,1,"2022/10/20 05:45:00",RT_VIC4,0
D,DISPATCH,UNIT_SCADA,1,"2022/10/20 05:45:00",RT_VIC5,0
D,DISPATCH,UNIT_SCADA,1,"2022/10/20 05:45:00",RT_VIC6,0
D,DISPATCH,UNIT_SCADA,1,"2022/10/20 05:45:00",RT_VIC7,0
D,DISPATCH,UNIT_SCADA,1,"2022/10/20 05:45:00",RT_VIC8,0
D,DISPATCH,UNIT_SCADA,1,"2022/10/20 05:45:00",RT_VIC9,0
D,DISPATCH,UNIT_SCADA,1,"2022/10/20 05:45:00",RUGBYR1,0
D,DISPATCH,UNIT_SCADA,1,"2022/10/20 05:45:00",SALTCRK1,14.37
D,DISPATCH,UNIT_SCADA,1,"2022/10/20 05:45:00",SAPHWF1,194.721910
D,DISPATCH,UNIT_SCADA,1,"2022/10/20 05:45:00",SEBSF1,1.817650
D,DISPATCH,UNIT_SCADA,1,"2022/10/20 05:45:00",SHGEN,0
D,DISPATCH,UNIT_SCADA,1,"2022/10/20 05:45:00",SHPUMP,0
D,DISPATCH,UNIT_SCADA,1,"2022/10/20 05:45:00",SITHE01,0.005650
D,DISPATCH,UNIT_SCADA,1,"2022/10/20 05:45:00",SMCSF1,0
D,DISPATCH,UNIT_SCADA,1,"2022/10/20 05:45:00",SNAPPER1,0
D,DISPATCH,UNIT_SCADA,1,"2022/10/20 05:45:00",SNOWNTH1,138.50
D,DISPATCH,UNIT_SCADA,1,"2022/10/20 05:45:00",SNOWSTH1,121.30
D,DISPATCH,UNIT_SCADA,1,"2022/10/20 05:45:00",SNOWTWN1,93.322080
D,DISPATCH,UNIT_SCADA,1,"2022/10/20 05:45:00",SNOWYP,0
D,DISPATCH,UNIT_SCADA,1,"2022/10/20 05:45:00",SNUG1,0
D,DISPATCH,UNIT_SCADA,1,"2022/10/20 05:45:00",SRSF1,0
D,DISPATCH,UNIT_SCADA,1,"2022/10/20 05:45:00",STAN-1,284.760250
D,DISPATCH,UNIT_SCADA,1,"2022/10/20 05:45:00",STAN-2,364.576690
D,DISPATCH,UNIT_SCADA,1,"2022/10/20 05:45:00",STAN-3,220.030350
D,DISPATCH,UNIT_SCADA,1,"2022/10/20 05:45:00",STAN-4,364.820220
D,DISPATCH,UNIT_SCADA,1,"2022/10/20 05:45:00",STARHLWF,22.893320
D,DISPATCH,UNIT_SCADA,1,"2022/10/20 05:45:00",STOCKYD1,240.47
D,DISPATCH,UNIT_SCADA,1,"2022/10/20 05:45:00",STWF1,86.985580
D,DISPATCH,UNIT_SCADA,1,"2022/10/20 05:45:00",SUNRSF1,0
D,DISPATCH,UNIT_SCADA,1,"2022/10/20 05:45:00",SUNTPSF1,0
D,DISPATCH,UNIT_SCADA,1,"2022/10/20 05:45:00",SWAN_E,248.439360
D,DISPATCH,UNIT_SCADA,1,"2022/10/20 05:45:00",TALWA1,0
D,DISPATCH,UNIT_SCADA,1,"2022/10/20 05:45:00",TARALGA1,0
D,DISPATCH,UNIT_SCADA,1,"2022/10/20 05:45:00",TARONG#1,312.200010
D,DISPATCH,UNIT_SCADA,1,"2022/10/20 05:45:00",TARONG#2,313.700010
D,DISPATCH,UNIT_SCADA,1,"2022/10/20 05:45:00",TARONG#3,0.90
D,DISPATCH,UNIT_SCADA,1,"2022/10/20 05:45:00",TARONG#4,223.30
D,DISPATCH,UNIT_SCADA,1,"2022/10/20 05:45:00",TARRALEA,54
D,DISPATCH,UNIT_SCADA,1,"2022/10/20 05:45:00",TBSF1,0
D,DISPATCH,UNIT_SCADA,1,"2022/10/20 05:45:00",TNPS1,430.1875
D,DISPATCH,UNIT_SCADA,1,"2022/10/20 05:45:00",TORRB1,0
D,DISPATCH,UNIT_SCADA,1,"2022/10/20 05:45:00",TORRB2,41
D,DISPATCH,UNIT_SCADA,1,"2022/10/20 05:45:00",TORRB3,0
D,DISPATCH,UNIT_SCADA,1,"2022/10/20 05:45:00",TORRB4,0
D,DISPATCH,UNIT_SCADA,1,"2022/10/20 05:45:00",TREVALLN,99.641580
D,DISPATCH,UNIT_SCADA,1,"2022/10/20 05:45:00",TRIBUTE,0
D,DISPATCH,UNIT_SCADA,1,"2022/10/20 05:45:00",TUMUT3,0
D,DISPATCH,UNIT_SCADA,1,"2022/10/20 05:45:00",TUNGATIN,3.800020
D,DISPATCH,UNIT_SCADA,1,"2022/10/20 05:45:00",TVCC201,0
D,DISPATCH,UNIT_SCADA,1,"2022/10/20 05:45:00",TVPP104,0
D,DISPATCH,UNIT_SCADA,1,"2022/10/20 05:45:00",UPPTUMUT,0
D,DISPATCH,UNIT_SCADA,1,"2022/10/20 05:45:00",URANQ11,0
D,DISPATCH,UNIT_SCADA,1,"2022/10/20 05:45:00",URANQ12,0
D,DISPATCH,UNIT_SCADA,1,"2022/10/20 05:45:00",URANQ13,0
D,DISPATCH,UNIT_SCADA,1,"2022/10/20 05:45:00",URANQ14,0
D,DISPATCH,UNIT_SCADA,1,"2022/10/20 05:45:00",VBBG1,60.80
D,DISPATCH,UNIT_SCADA,1,"2022/10/20 05:45:00",VBBL1,0
D,DISPATCH,UNIT_SCADA,1,"2022/10/20 05:45:00",VP5,601.702940
D,DISPATCH,UNIT_SCADA,1,"2022/10/20 05:45:00",VP6,599.456790
D,DISPATCH,UNIT_SCADA,1,"2022/10/20 05:45:00",VPGS1,0
D,DISPATCH,UNIT_SCADA,1,"2022/10/20 05:45:00",VPGS2,0
D,DISPATCH,UNIT_SCADA,1,"2022/10/20 05:45:00",VPGS3,0
D,DISPATCH,UNIT_SCADA,1,"2022/10/20 05:45:00",VPGS4,0
D,DISPATCH,UNIT_SCADA,1,"2022/10/20 05:45:00",VPGS5,0
D,DISPATCH,UNIT_SCADA,1,"2022/10/20 05:45:00",VPGS6,0
D,DISPATCH,UNIT_SCADA,1,"2022/10/20 05:45:00",W/HOE#1,0
D,DISPATCH,UNIT_SCADA,1,"2022/10/20 05:45:00",W/HOE#2,0
D,DISPATCH,UNIT_SCADA,1,"2022/10/20 05:45:00",WAGGNSF1,0
D,DISPATCH,UNIT_SCADA,1,"2022/10/20 05:45:00",WALGRVG1,0.043750
D,DISPATCH,UNIT_SCADA,1,"2022/10/20 05:45:00",WALGRVL1,0
D,DISPATCH,UNIT_SCADA,1,"2022/10/20 05:45:00",WANDBG1,0
D,DISPATCH,UNIT_SCADA,1,"2022/10/20 05:45:00",WANDBL1,0
D,DISPATCH,UNIT_SCADA,1,"2022/10/20 05:45:00",WARWSF1,0
D,DISPATCH,UNIT_SCADA,1,"2022/10/20 05:45:00",WARWSF2,0
D,DISPATCH,UNIT_SCADA,1,"2022/10/20 05:45:00",WATERLWF,91.20
D,DISPATCH,UNIT_SCADA,1,"2022/10/20 05:45:00",WDGPH1,0
D,DISPATCH,UNIT_SCADA,1,"2022/10/20 05:45:00",WELLSF1,0
D,DISPATCH,UNIT_SCADA,1,"2022/10/20 05:45:00",WEMENSF1,0
D,DISPATCH,UNIT_SCADA,1,"2022/10/20 05:45:00",WGWF1,117
D,DISPATCH,UNIT_SCADA,1,"2022/10/20 05:45:00",WHITSF1,0
D,DISPATCH,UNIT_SCADA,1,"2022/10/20 05:45:00",WINTSF1,1.35
D,DISPATCH,UNIT_SCADA,1,"2022/10/20 05:45:00",WKIEWA1,34
D,DISPATCH,UNIT_SCADA,1,"2022/10/20 05:45:00",WKIEWA2,34
D,DISPATCH,UNIT_SCADA,1,"2022/10/20 05:45:00",WOODLWN1,19.173630
D,DISPATCH,UNIT_SCADA,1,"2022/10/20 05:45:00",WOOLGSF1,0
D,DISPATCH,UNIT_SCADA,1,"2022/10/20 05:45:00",WPWF,55.48
D,DISPATCH,UNIT_SCADA,1,"2022/10/20 05:45:00",WRSF1,0
D,DISPATCH,UNIT_SCADA,1,"2022/10/20 05:45:00",WRWF1,41.170680
D,DISPATCH,UNIT_SCADA,1,"2022/10/20 05:45:00",WSTWYSF1,0
D,DISPATCH,UNIT_SCADA,1,"2022/10/20 05:45:00",YABULU,0
D,DISPATCH,UNIT_SCADA,1,"2022/10/20 05:45:00",YABULU2,0
D,DISPATCH,UNIT_SCADA,1,"2022/10/20 05:45:00",YARANSF1,0.17
D,DISPATCH,UNIT_SCADA,1,"2022/10/20 05:45:00",YARWUN_1,130.11
D,DISPATCH,UNIT_SCADA,1,"2022/10/20 05:45:00",YATSF1,0
D,DISPATCH,UNIT_SCADA,1,"2022/10/20 05:45:00",YENDWF1,38.79
D,DISPATCH,UNIT_SCADA,1,"2022/10/20 05:45:00",YWPS1,367.417720
D,DISPATCH,UNIT_SCADA,1,"2022/10/20 05:45:00",YWPS2,288.718990
D,DISPATCH,UNIT_SCADA,1,"2022/10/20 05:45:00",YWPS3,362.775940
D,DISPATCH,UNIT_SCADA,1,"2022/10/20 05:45:00",YWPS4,0
C,"END OF REPORT",418
