C,NEMP.WORLD,DISPATCHSCADA,AEMO,PUBLIC,2022/10/20,07:40:10,0000000373238228,DISPATCHSCADA,0000000373238222
I,DISPATCH,UNIT_SCADA,1,SETTLEMENTDATE,DUID,SCADAVALUE
D,DISPATCH,UNIT_SCADA,1,"2022/10/20 07:45:00",BARCSF1,4.40
D,DISPATCH,UNIT_SCADA,1,"2022/10/20 07:45:00",BUTLERSG,8.699999
D,DISPATCH,UNIT_SCADA,1,"2022/10/20 07:45:00",CAPTL_WF,59.375908
D,DISPATCH,UNIT_SCADA,1,"2022/10/20 07:45:00",CHALLHWF,12.90
D,DISPATCH,UNIT_SCADA,1,"2022/10/20 07:45:00",CLOVER,13.34
D,DISPATCH,UNIT_SCADA,1,"2022/10/20 07:45:00",CLUNY,6.195926
D,DISPATCH,UNIT_SCADA,1,"2022/10/20 07:45:00",CULLRGWF,-0.06
D,DISPATCH,UNIT_SCADA,1,"2022/10/20 07:45:00",DIAPURWF1,7.30
D,DISPATCH,UNIT_SCADA,1,"2022/10/20 07:45:00",ERGT01,0
D,DISPATCH,UNIT_SCADA,1,"2022/10/20 07:45:00",GB01,0
D,DISPATCH,UNIT_SCADA,1,"2022/10/20 07:45:00",GERMCRK,22.799999
D,DISPATCH,UNIT_SCADA,1,"2022/10/20 07:45:00",GRIFSF1,3.199817
D,DISPATCH,UNIT_SCADA,1,"2022/10/20 07:45:00",HEZ1,0
D,DISPATCH,UNIT_SCADA,1,"2022/10/20 07:45:00",HUGSF1,1.9880
D,DISPATCH,UNIT_SCADA,1,"2022/10/20 07:45:00",KEPBG1,0.01
D,DISPATCH,UNIT_SCADA,1,"2022/10/20 07:45:00",LRSF1,6.9390
D,DISPATCH,UNIT_SCADA,1,"2022/10/20 07:45:00",MBAHNTH,45.168747
D,DISPATCH,UNIT_SCADA,1,"2022/10/20 07:45:00",MLSP1,5.592001
D,DISPATCH,UNIT_SCADA,1,"2022/10/20 07:45:00",MLWF1,6.18
D,DISPATCH,UNIT_SCADA,1,"2022/10/20 07:45:00",PALOONA,30.299999
D,DISPATCH,UNIT_SCADA,1,"2022/10/20 07:45:00",PIONEER,41.100002
D,DISPATCH,UNIT_SCADA,1,"2022/10/20 07:45:00",PORTWF,57
D,DISPATCH,UNIT_SCADA,1,"2022/10/20 07:45:00",REPULSE,9.295186
D,DISPATCH,UNIT_SCADA,1,"2022/10/20 07:45:00",ROWALLAN,8.8821
D,DISPATCH,UNIT_SCADA,1,"2022/10/20 07:45:00",ROYALLA1,9.514003
D,DISPATCH,UNIT_SCADA,1,"2022/10/20 07:45:00",RPCG,-1.20
D,DISPATCH,UNIT_SCADA,1,"2022/10/20 07:45:00",RUBICON,0
D,DISPATCH,UNIT_SCADA,1,"2022/10/20 07:45:00",WAUBRAWF,48.630001
D,DISPATCH,UNIT_SCADA,1,"2022/10/20 07:45:00",WOOLNTH1,14.449999
D,DISPATCH,UNIT_SCADA,1,"2022/10/20 07:45:00",YAMBUKWF,6.60
D,DISPATCH,UNIT_SCADA,1,"2022/10/20 07:45:00",YSWF1,0.60
D,DISPATCH,UNIT_SCADA,1,"2022/10/20 07:45:00",ADPBA1G,0.0080
D,DISPATCH,UNIT_SCADA,1,"2022/10/20 07:45:00",ADPBA1L,0
D,DISPATCH,UNIT_SCADA,1,"2022/10/20 07:45:00",ADPPV1,3.2560
D,DISPATCH,UNIT_SCADA,1,"2022/10/20 07:45:00",AGLHAL,0
D,DISPATCH,UNIT_SCADA,1,"2022/10/20 07:45:00",AGLSOM,0
D,DISPATCH,UNIT_SCADA,1,"2022/10/20 07:45:00",ANGAST1,0
D,DISPATCH,UNIT_SCADA,1,"2022/10/20 07:45:00",ARWF1,21
D,DISPATCH,UNIT_SCADA,1,"2022/10/20 07:45:00",BALBG1,0
D,DISPATCH,UNIT_SCADA,1,"2022/10/20 07:45:00",BALBL1,17.54
D,DISPATCH,UNIT_SCADA,1,"2022/10/20 07:45:00",BALDHWF1,1.5590
D,DISPATCH,UNIT_SCADA,1,"2022/10/20 07:45:00",BANGOWF1,29.695280
D,DISPATCH,UNIT_SCADA,1,"2022/10/20 07:45:00",BANGOWF2,33.098570
D,DISPATCH,UNIT_SCADA,1,"2022/10/20 07:45:00",BANN1,4.46
D,DISPATCH,UNIT_SCADA,1,"2022/10/20 07:45:00",BARCALDN,0
D,DISPATCH,UNIT_SCADA,1,"2022/10/20 07:45:00",BARKIPS1,0
D,DISPATCH,UNIT_SCADA,1,"2022/10/20 07:45:00",BARRON-1,28.04
D,DISPATCH,UNIT_SCADA,1,"2022/10/20 07:45:00",BARRON-2,0
D,DISPATCH,UNIT_SCADA,1,"2022/10/20 07:45:00",BASTYAN,50.01
D,DISPATCH,UNIT_SCADA,1,"2022/10/20 07:45:00",BBTHREE1,0
D,DISPATCH,UNIT_SCADA,1,"2022/10/20 07:45:00",BBTHREE2,0
D,DISPATCH,UNIT_SCADA,1,"2022/10/20 07:45:00",BBTHREE3,-1.09
D,DISPATCH,UNIT_SCADA,1,"2022/10/20 07:45:00",BDL01,0
D,DISPATCH,UNIT_SCADA,1,"2022/10/20 07:45:00",BDL02,0
D,DISPATCH,UNIT_SCADA,1,"2022/10/20 07:45:00",BERYLSF1,8.991390
D,DISPATCH,UNIT_SCADA,1,"2022/10/20 07:45:00",BLOWERNG,62.60
D,DISPATCH,UNIT_SCADA,1,"2022/10/20 07:45:00",BLUEGSF1,15.442940
D,DISPATCH,UNIT_SCADA,1,"2022/10/20 07:45:00",BLUFF1,4.30
D,DISPATCH,UNIT_SCADA,1,"2022/10/20 07:45:00",BNGSF1,24.37
D,DISPATCH,UNIT_SCADA,1,"2022/10/20 07:45:00",BNGSF2,24.09
D,DISPATCH,UNIT_SCADA,1,"2022/10/20 07:45:00",BOCORWF1,0
D,DISPATCH,UNIT_SCADA,1,"2022/10/20 07:45:00",BODWF1,102.909590
D,DISPATCH,UNIT_SCADA,1,"2022/10/20 07:45:00",BOMENSF1,24.882580
D,DISPATCH,UNIT_SCADA,1,"2022/10/20 07:45:00",BOWWBA1G,0
D,DISPATCH,UNIT_SCADA,1,"2022/10/20 07:45:00",BOWWBA1L,0.0010
D,DISPATCH,UNIT_SCADA,1,"2022/10/20 07:45:00",BOWWPV1,0.0010
D,DISPATCH,UNIT_SCADA,1,"2022/10/20 07:45:00",BRAEMAR1,0
D,DISPATCH,UNIT_SCADA,1,"2022/10/20 07:45:00",BRAEMAR2,0
D,DISPATCH,UNIT_SCADA,1,"2022/10/20 07:45:00",BRAEMAR3,0
D,DISPATCH,UNIT_SCADA,1,"2022/10/20 07:45:00",BRAEMAR5,0.292060
D,DISPATCH,UNIT_SCADA,1,"2022/10/20 07:45:00",BRAEMAR6,0
D,DISPATCH,UNIT_SCADA,1,"2022/10/20 07:45:00",BRAEMAR7,0.130920
D,DISPATCH,UNIT_SCADA,1,"2022/10/20 07:45:00",BROKENH1,3.699940
D,DISPATCH,UNIT_SCADA,1,"2022/10/20 07:45:00",BRYB1WF1,119.011220
D,DISPATCH,UNIT_SCADA,1,"2022/10/20 07:45:00",BULBESG1,6.36
D,DISPATCH,UNIT_SCADA,1,"2022/10/20 07:45:00",BULBESL1,0
D,DISPATCH,UNIT_SCADA,1,"2022/10/20 07:45:00",BULGANA1,30.51
D,DISPATCH,UNIT_SCADA,1,"2022/10/20 07:45:00",BW01,655.173580
D,DISPATCH,UNIT_SCADA,1,"2022/10/20 07:45:00",BW02,617.599730
D,DISPATCH,UNIT_SCADA,1,"2022/10/20 07:45:00",BW03,545.064450
D,DISPATCH,UNIT_SCADA,1,"2022/10/20 07:45:00",BW04,0
D,DISPATCH,UNIT_SCADA,1,"2022/10/20 07:45:00",CALL_B_1,318
D,DISPATCH,UNIT_SCADA,1,"2022/10/20 07:45:00",CALL_B_2,315.600010
D,DISPATCH,UNIT_SCADA,1,"2022/10/20 07:45:00",CATHROCK,1.60
D,DISPATCH,UNIT_SCADA,1,"2022/10/20 07:45:00",CBWWBA1G,0
D,DISPATCH,UNIT_SCADA,1,"2022/10/20 07:45:00",CBWWBA1L,0
D,DISPATCH,UNIT_SCADA,1,"2022/10/20 07:45:00",CETHANA,97.825250
D,DISPATCH,UNIT_SCADA,1,"2022/10/20 07:45:00",CG1,0
D,DISPATCH,UNIT_SCADA,1,"2022/10/20 07:45:00",CG2,0
D,DISPATCH,UNIT_SCADA,1,"2022/10/20 07:45:00",CG3,0
D,DISPATCH,UNIT_SCADA,1,"2022/10/20 07:45:00",CG4,0
D,DISPATCH,UNIT_SCADA,1,"2022/10/20 07:45:00",CHILDSF1,5.52
D,DISPATCH,UNIT_SCADA,1,"2022/10/20 07:45:00",CHYTWF1,0
D,DISPATCH,UNIT_SCADA,1,"2022/10/20 07:45:00",CLARESF1,27.164670
D,DISPATCH,UNIT_SCADA,1,"2022/10/20 07:45:00",CLEMGPWF,16.351950
D,DISPATCH,UNIT_SCADA,1,"2022/10/20 07:45:00",CLERMSF1,16.50
D,DISPATCH,UNIT_SCADA,1,"2022/10/20 07:45:00",CNUNDAWF,14.516930
D,DISPATCH,UNIT_SCADA,1,"2022/10/20 07:45:00",COHUNSF1,2.33
D,DISPATCH,UNIT_SCADA,1,"2022/10/20 07:45:00",COLEASF1,22.498280
D,DISPATCH,UNIT_SCADA,1,"2022/10/20 07:45:00",COLUMSF1,13.1840
D,DISPATCH,UNIT_SCADA,1,"2022/10/20 07:45:00",COLWF01,110.118260
D,DISPATCH,UNIT_SCADA,1,"2022/10/20 07:45:00",COOPGWF1,346.290010
D,DISPATCH,UNIT_SCADA,1,"2022/10/20 07:45:00",CPP_3,357.50
D,DISPATCH,UNIT_SCADA,1,"2022/10/20 07:45:00",CPP_4,0
D,DISPATCH,UNIT_SCADA,1,"2022/10/20 07:45:00",CPSA,0
D,DISPATCH,UNIT_SCADA,1,"2022/10/20 07:45:00",CROOKWF2,45.463950
D,DISPATCH,UNIT_SCADA,1,"2022/10/20 07:45:00",CROWLWF1,42.299390
D,DISPATCH,UNIT_SCADA,1,"2022/10/20 07:45:00",CRURWF1,75.698250
D,DISPATCH,UNIT_SCADA,1,"2022/10/20 07:45:00",CRWASF1,21.405690
D,DISPATCH,UNIT_SCADA,1,"2022/10/20 07:45:00",CSPVPS1,11.2720
D,DISPATCH,UNIT_SCADA,1,"2022/10/20 07:45:00",CTHLWF1,0.003050
D,DISPATCH,UNIT_SCADA,1,"2022/10/20 07:45:00",DALNTH01,0
D,DISPATCH,UNIT_SCADA,1,"2022/10/20 07:45:00",DALNTHL1,0.065610
D,DISPATCH,UNIT_SCADA,1,"2022/10/20 07:45:00",DARLSF1,56.605170
D,DISPATCH,UNIT_SCADA,1,"2022/10/20 07:45:00",DARTM1,0
D,DISPATCH,UNIT_SCADA,1,"2022/10/20 07:45:00",DAYDSF1,26.5210
D,DISPATCH,UNIT_SCADA,1,"2022/10/20 07:45:00",DDPS1,0
D,DISPATCH,UNIT_SCADA,1,"2022/10/20 07:45:00",DDSF1,8.843780
D,DISPATCH,UNIT_SCADA,1,"2022/10/20 07:45:00",DEVILS_G,57.885070
D,DISPATCH,UNIT_SCADA,1,"2022/10/20 07:45:00",DG_NSW1,0
D,DISPATCH,UNIT_SCADA,1,"2022/10/20 07:45:00",DG_QLD1,0
D,DISPATCH,UNIT_SCADA,1,"2022/10/20 07:45:00",DG_SA1,0
D,DISPATCH,UNIT_SCADA,1,"2022/10/20 07:45:00",DG_TAS1,0
D,DISPATCH,UNIT_SCADA,1,"2022/10/20 07:45:00",DG_VIC1,0
D,DISPATCH,UNIT_SCADA,1,"2022/10/20 07:45:00",DRYCGT1,0
D,DISPATCH,UNIT_SCADA,1,"2022/10/20 07:45:00",DRYCGT2,0
D,DISPATCH,UNIT_SCADA,1,"2022/10/20 07:45:00",DRYCGT3,0
D,DISPATCH,UNIT_SCADA,1,"2022/10/20 07:45:00",DUNDWF1,72.29
D,DISPATCH,UNIT_SCADA,1,"2022/10/20 07:45:00",DUNDWF2,21.95
D,DISPATCH,UNIT_SCADA,1,"2022/10/20 07:45:00",DUNDWF3,72.39
D,DISPATCH,UNIT_SCADA,1,"2022/10/20 07:45:00",EILDON1,60
D,DISPATCH,UNIT_SCADA,1,"2022/10/20 07:45:00",EILDON2,59.92
D,DISPATCH,UNIT_SCADA,1,"2022/10/20 07:45:00",ELAINWF1,8.90
D,DISPATCH,UNIT_SCADA,1,"2022/10/20 07:45:00",EMERASF1,0
D,DISPATCH,UNIT_SCADA,1,"2022/10/20 07:45:00",ER01,0
D,DISPATCH,UNIT_SCADA,1,"2022/10/20 07:45:00",ER02,650.730160
D,DISPATCH,UNIT_SCADA,1,"2022/10/20 07:45:00",ER03,651.267270
D,DISPATCH,UNIT_SCADA,1,"2022/10/20 07:45:00",ER04,652.024110
D,DISPATCH,UNIT_SCADA,1,"2022/10/20 07:45:00",FINLYSF1,121.5259
D,DISPATCH,UNIT_SCADA,1,"2022/10/20 07:45:00",FISHER,45.98
D,DISPATCH,UNIT_SCADA,1,"2022/10/20 07:45:00",GANGARR1,9.8460
D,DISPATCH,UNIT_SCADA,1,"2022/10/20 07:45:00",GANNBG1,0
D,DISPATCH,UNIT_SCADA,1,"2022/10/20 07:45:00",GANNBL1,0.177760
D,DISPATCH,UNIT_SCADA,1,"2022/10/20 07:45:00",GANNSF1,22.60
D,DISPATCH,UNIT_SCADA,1,"2022/10/20 07:45:00",GLRWNSF1,108.72
D,DISPATCH,UNIT_SCADA,1,"2022/10/20 07:45:00",GNNDHSF1,8.718930
D,DISPATCH,UNIT_SCADA,1,"2022/10/20 07:45:00",GOONSF1,11.695730
D,DISPATCH,UNIT_SCADA,1,"2022/10/20 07:45:00",GORDON,250.898470
D,DISPATCH,UNIT_SCADA,1,"2022/10/20 07:45:00",GRANWF1,14.77
D,DISPATCH,UNIT_SCADA,1,"2022/10/20 07:45:00",GSTONE1,200.20
D,DISPATCH,UNIT_SCADA,1,"2022/10/20 07:45:00",GSTONE2,0
D,DISPATCH,UNIT_SCADA,1,"2022/10/20 07:45:00",GSTONE3,202.8250
D,DISPATCH,UNIT_SCADA,1,"2022/10/20 07:45:00",GSTONE4,0
D,DISPATCH,UNIT_SCADA,1,"2022/10/20 07:45:00",GSTONE5,202.649990
D,DISPATCH,UNIT_SCADA,1,"2022/10/20 07:45:00",GSTONE6,202.474990
D,DISPATCH,UNIT_SCADA,1,"2022/10/20 07:45:00",GULLRSF1,0.874990
D,DISPATCH,UNIT_SCADA,1,"2022/10/20 07:45:00",GULLRWF1,78.683810
D,DISPATCH,UNIT_SCADA,1,"2022/10/20 07:45:00",GULLRWF2,84.0379
D,DISPATCH,UNIT_SCADA,1,"2022/10/20 07:45:00",GUNNING1,0
D,DISPATCH,UNIT_SCADA,1,"2022/10/20 07:45:00",GUTHEGA,67.100010
D,DISPATCH,UNIT_SCADA,1,"2022/10/20 07:45:00",HALLWF1,54.58
D,DISPATCH,UNIT_SCADA,1,"2022/10/20 07:45:00",HALLWF2,55.32
D,DISPATCH,UNIT_SCADA,1,"2022/10/20 07:45:00",HAMISF1,8.60
D,DISPATCH,UNIT_SCADA,1,"2022/10/20 07:45:00",HAUGHT11,34.869250
D,DISPATCH,UNIT_SCADA,1,"2022/10/20 07:45:00",HAYMSF1,7.7690
D,DISPATCH,UNIT_SCADA,1,"2022/10/20 07:45:00",HDWF1,39.90
D,DISPATCH,UNIT_SCADA,1,"2022/10/20 07:45:00",HDWF2,9.80
D,DISPATCH,UNIT_SCADA,1,"2022/10/20 07:45:00",HDWF3,23.30
D,DISPATCH,UNIT_SCADA,1,"2022/10/20 07:45:00",HILLSTN1,3.394690
D,DISPATCH,UNIT_SCADA,1,"2022/10/20 07:45:00",HPRG1,0
D,DISPATCH,UNIT_SCADA,1,"2022/10/20 07:45:00",HPRL1,5.80
D,DISPATCH,UNIT_SCADA,1,"2022/10/20 07:45:00",HUMENSW,55.0474
D,DISPATCH,UNIT_SCADA,1,"2022/10/20 07:45:00",HUMEV,0
D,DISPATCH,UNIT_SCADA,1,"2022/10/20 07:45:00",HVWWBA1G,0
D,DISPATCH,UNIT_SCADA,1,"2022/10/20 07:45:00",HVWWBA1L,0.0070
D,DISPATCH,UNIT_SCADA,1,"2022/10/20 07:45:00",HVWWPV1,3.8550
D,DISPATCH,UNIT_SCADA,1,"2022/10/20 07:45:00",JBUTTERS,0
D,DISPATCH,UNIT_SCADA,1,"2022/10/20 07:45:00",JEMALNG1,4.30
D,DISPATCH,UNIT_SCADA,1,"2022/10/20 07:45:00",JLA01,0
D,DISPATCH,UNIT_SCADA,1,"2022/10/20 07:45:00",JLA02,0
D,DISPATCH,UNIT_SCADA,1,"2022/10/20 07:45:00",JLA03,0
D,DISPATCH,UNIT_SCADA,1,"2022/10/20 07:45:00",JLA04,0
D,DISPATCH,UNIT_SCADA,1,"2022/10/20 07:45:00",JLB01,0
D,DISPATCH,UNIT_SCADA,1,"2022/10/20 07:45:00",JLB02,0.10
D,DISPATCH,UNIT_SCADA,1,"2022/10/20 07:45:00",JLB03,0
D,DISPATCH,UNIT_SCADA,1,"2022/10/20 07:45:00",JUNEESF1,5.990660
D,DISPATCH,UNIT_SCADA,1,"2022/10/20 07:45:00",KABANWF1,0.7690
D,DISPATCH,UNIT_SCADA,1,"2022/10/20 07:45:00",KAREEYA1,17.8750
D,DISPATCH,UNIT_SCADA,1,"2022/10/20 07:45:00",KAREEYA2,0
D,DISPATCH,UNIT_SCADA,1,"2022/10/20 07:45:00",KAREEYA3,21.3325
D,DISPATCH,UNIT_SCADA,1,"2022/10/20 07:45:00",KAREEYA4,0
D,DISPATCH,UNIT_SCADA,1,"2022/10/20 07:45:00",KARSF1,18.70
D,DISPATCH,UNIT_SCADA,1,"2022/10/20 07:45:00",KEPSF1,2.18
D,DISPATCH,UNIT_SCADA,1,"2022/10/20 07:45:00",KEPWF1,0
D,DISPATCH,UNIT_SCADA,1,"2022/10/20 07:45:00",KIAMSF1,2.117190
D,DISPATCH,UNIT_SCADA,1,"2022/10/20 07:45:00",KIATAWF1,23.90
D,DISPATCH,UNIT_SCADA,1,"2022/10/20 07:45:00",KPP_1,0
D,DISPATCH,UNIT_SCADA,1,"2022/10/20 07:45:00",KSP1,44.20
D,DISPATCH,UNIT_SCADA,1,"2022/10/20 07:45:00",LADBROK1,0.01
D,DISPATCH,UNIT_SCADA,1,"2022/10/20 07:45:00",LADBROK2,37.51
D,DISPATCH,UNIT_SCADA,1,"2022/10/20 07:45:00",LBBG1,0
D,DISPATCH,UNIT_SCADA,1,"2022/10/20 07:45:00",LBBL1,3.15
D,DISPATCH,UNIT_SCADA,1,"2022/10/20 07:45:00",LD01,315.939820
D,DISPATCH,UNIT_SCADA,1,"2022/10/20 07:45:00",LD02,0
D,DISPATCH,UNIT_SCADA,1,"2022/10/20 07:45:00",LD04,313.852360
D,DISPATCH,UNIT_SCADA,1,"2022/10/20 07:45:00",LEM_WIL,86.733670
D,DISPATCH,UNIT_SCADA,1,"2022/10/20 07:45:00",LGAPWF1,91.92
D,DISPATCH,UNIT_SCADA,1,"2022/10/20 07:45:00",LGAPWF2,56.01
D,DISPATCH,UNIT_SCADA,1,"2022/10/20 07:45:00",LILYSF1,5.210110
D,DISPATCH,UNIT_SCADA,1,"2022/10/20 07:45:00",LIMOSF11,19.270770
D,DISPATCH,UNIT_SCADA,1,"2022/10/20 07:45:00",LIMOSF21,2.277160
D,DISPATCH,UNIT_SCADA,1,"2022/10/20 07:45:00",LI_WY_CA,76.382370
D,DISPATCH,UNIT_SCADA,1,"2022/10/20 07:45:00",LKBONNY1,0
D,DISPATCH,UNIT_SCADA,1,"2022/10/20 07:45:00",LKBONNY2,25.045230
D,DISPATCH,UNIT_SCADA,1,"2022/10/20 07:45:00",LKBONNY3,11.052770
D,DISPATCH,UNIT_SCADA,1,"2022/10/20 07:45:00",LK_ECHO,0
D,DISPATCH,UNIT_SCADA,1,"2022/10/20 07:45:00",LNGS1,0
D,DISPATCH,UNIT_SCADA,1,"2022/10/20 07:45:00",LNGS2,0
D,DISPATCH,UNIT_SCADA,1,"2022/10/20 07:45:00",LONSDALE,0
D,DISPATCH,UNIT_SCADA,1,"2022/10/20 07:45:00",LOYYB1,577.443050
D,DISPATCH,UNIT_SCADA,1,"2022/10/20 07:45:00",LOYYB2,572.931640
D,DISPATCH,UNIT_SCADA,1,"2022/10/20 07:45:00",LYA1,539
D,DISPATCH,UNIT_SCADA,1,"2022/10/20 07:45:00",LYA2,0
D,DISPATCH,UNIT_SCADA,1,"2022/10/20 07:45:00",LYA3,539
D,DISPATCH,UNIT_SCADA,1,"2022/10/20 07:45:00",LYA4,540
D,DISPATCH,UNIT_SCADA,1,"2022/10/20 07:45:00",MACARTH1,0
D,DISPATCH,UNIT_SCADA,1,"2022/10/20 07:45:00",MACKNTSH,0
D,DISPATCH,UNIT_SCADA,1,"2022/10/20 07:45:00",MANSLR1,1.4470
D,DISPATCH,UNIT_SCADA,1,"2022/10/20 07:45:00",MAPS2PV1,0
D,DISPATCH,UNIT_SCADA,1,"2022/10/20 07:45:00",MAPS3PV1,0
D,DISPATCH,UNIT_SCADA,1,"2022/10/20 07:45:00",MARYRSF1,5.26
D,DISPATCH,UNIT_SCADA,1,"2022/10/20 07:45:00",MBPS2PV1,0
D,DISPATCH,UNIT_SCADA,1,"2022/10/20 07:45:00",MCKAY1,168.225010
D,DISPATCH,UNIT_SCADA,1,"2022/10/20 07:45:00",MEADOWBK,19.977420
D,DISPATCH,UNIT_SCADA,1,"2022/10/20 07:45:00",MERCER01,19.80
D,DISPATCH,UNIT_SCADA,1,"2022/10/20 07:45:00",METZSF1,18.1331
D,DISPATCH,UNIT_SCADA,1,"2022/10/20 07:45:00",MEWF1,0
D,DISPATCH,UNIT_SCADA,1,"2022/10/20 07:45:00",MIDDLSF1,6.27
D,DISPATCH,UNIT_SCADA,1,"2022/10/20 07:45:00",MINTARO,0.128180
D,DISPATCH,UNIT_SCADA,1,"2022/10/20 07:45:00",MOLNGSF1,1.0901
D,DISPATCH,UNIT_SCADA,1,"2022/10/20 07:45:00",MOORAWF1,17.05
D,DISPATCH,UNIT_SCADA,1,"2022/10/20 07:45:00",MOREESF1,2.4440
D,DISPATCH,UNIT_SCADA,1,"2022/10/20 07:45:00",MORTLK11,0
D,DISPATCH,UNIT_SCADA,1,"2022/10/20 07:45:00",MORTLK12,0
D,DISPATCH,UNIT_SCADA,1,"2022/10/20 07:45:00",MOUSF1,0
D,DISPATCH,UNIT_SCADA,1,"2022/10/20 07:45:00",MP1,0
D,DISPATCH,UNIT_SCADA,1,"2022/10/20 07:45:00",MP2,412.1767
D,DISPATCH,UNIT_SCADA,1,"2022/10/20 07:45:00",MPP_1,175.7261
D,DISPATCH,UNIT_SCADA,1,"2022/10/20 07:45:00",MPP_2,0
D,DISPATCH,UNIT_SCADA,1,"2022/10/20 07:45:00",MRTLSWF1,0
D,DISPATCH,UNIT_SCADA,1,"2022/10/20 07:45:00",MSTUART1,0
D,DISPATCH,UNIT_SCADA,1,"2022/10/20 07:45:00",MSTUART2,0
D,DISPATCH,UNIT_SCADA,1,"2022/10/20 07:45:00",MSTUART3,0
D,DISPATCH,UNIT_SCADA,1,"2022/10/20 07:45:00",MTGELWF1,50.032040
D,DISPATCH,UNIT_SCADA,1,"2022/10/20 07:45:00",MTMILLAR,1.90
D,DISPATCH,UNIT_SCADA,1,"2022/10/20 07:45:00",MURRAY,0
D,DISPATCH,UNIT_SCADA,1,"2022/10/20 07:45:00",MUSSELR1,35
D,DISPATCH,UNIT_SCADA,1,"2022/10/20 07:45:00",MUWAWF1,156.179990
D,DISPATCH,UNIT_SCADA,1,"2022/10/20 07:45:00",MUWAWF2,144.600010
D,DISPATCH,UNIT_SCADA,1,"2022/10/20 07:45:00",MWPS1PV1,0.04
D,DISPATCH,UNIT_SCADA,1,"2022/10/20 07:45:00",MWPS2PV1,0.33
D,DISPATCH,UNIT_SCADA,1,"2022/10/20 07:45:00",MWPS3PV1,0.20
D,DISPATCH,UNIT_SCADA,1,"2022/10/20 07:45:00",MWPS4PV1,0.82
D,DISPATCH,UNIT_SCADA,1,"2022/10/20 07:45:00",NBHWF1,86.80
D,DISPATCH,UNIT_SCADA,1,"2022/10/20 07:45:00",NEVERSF1,2.24
D,DISPATCH,UNIT_SCADA,1,"2022/10/20 07:45:00",NPS,0
D,DISPATCH,UNIT_SCADA,1,"2022/10/20 07:45:00",NUMURSF1,86.45
D,DISPATCH,UNIT_SCADA,1,"2022/10/20 07:45:00",NYNGAN1,1.75
D,DISPATCH,UNIT_SCADA,1,"2022/10/20 07:45:00",OAKEY1,0
D,DISPATCH,UNIT_SCADA,1,"2022/10/20 07:45:00",OAKEY1SF,5.3360
D,DISPATCH,UNIT_SCADA,1,"2022/10/20 07:45:00",OAKEY2,0
D,DISPATCH,UNIT_SCADA,1,"2022/10/20 07:45:00",OAKEY2SF,8.79
D,DISPATCH,UNIT_SCADA,1,"2022/10/20 07:45:00",OAKLAND1,3.40
D,DISPATCH,UNIT_SCADA,1,"2022/10/20 07:45:00",OSB-AG,0
D,DISPATCH,UNIT_SCADA,1,"2022/10/20 07:45:00",PAREPS1,0.0660
D,DISPATCH,UNIT_SCADA,1,"2022/10/20 07:45:00",PAREPW1,100.30
D,DISPATCH,UNIT_SCADA,1,"2022/10/20 07:45:00",PARSF1,5.900660
D,DISPATCH,UNIT_SCADA,1,"2022/10/20 07:45:00",POAT110,0
D,DISPATCH,UNIT_SCADA,1,"2022/10/20 07:45:00",POAT220,0
D,DISPATCH,UNIT_SCADA,1,"2022/10/20 07:45:00",POR01,0
D,DISPATCH,UNIT_SCADA,1,"2022/10/20 07:45:00",POR03,0
D,DISPATCH,UNIT_SCADA,1,"2022/10/20 07:45:00",PPCCGT,171.538820
D,DISPATCH,UNIT_SCADA,1,"2022/10/20 07:45:00",PTSTAN1,0
D,DISPATCH,UNIT_SCADA,1,"2022/10/20 07:45:00",PUMP1,0
D,DISPATCH,UNIT_SCADA,1,"2022/10/20 07:45:00",PUMP2,0
D,DISPATCH,UNIT_SCADA,1,"2022/10/20 07:45:00",QBYNBG1,0.0075
D,DISPATCH,UNIT_SCADA,1,"2022/10/20 07:45:00",QBYNBL1,0
D,DISPATCH,UNIT_SCADA,1,"2022/10/20 07:45:00",QPS1,0
D,DISPATCH,UNIT_SCADA,1,"2022/10/20 07:45:00",QPS2,0
D,DISPATCH,UNIT_SCADA,1,"2022/10/20 07:45:00",QPS3,0
D,DISPATCH,UNIT_SCADA,1,"2022/10/20 07:45:00",QPS4,0
D,DISPATCH,UNIT_SCADA,1,"2022/10/20 07:45:00",QPS5,74.46
D,DISPATCH,UNIT_SCADA,1,"2022/10/20 07:45:00",REECE1,44.234140
D,DISPATCH,UNIT_SCADA,1,"2022/10/20 07:45:00",REECE2,33.36
D,DISPATCH,UNIT_SCADA,1,"2022/10/20 07:45:00",ROMA_7,0
D,DISPATCH,UNIT_SCADA,1,"2022/10/20 07:45:00",ROMA_8,0
D,DISPATCH,UNIT_SCADA,1,"2022/10/20 07:45:00",RRSF1,92.040480
D,DISPATCH,UNIT_SCADA,1,"2022/10/20 07:45:00",RT_NSW1,0
D,DISPATCH,UNIT_SCADA,1,"2022/10/20 07:45:00",RT_NSW2,0
D,DISPATCH,UNIT_SCADA,1,"2022/10/20 07:45:00",RT_NSW3,0
D,DISPATCH,UNIT_SCADA,1,"2022/10/20 07:45:00",RT_NSW4,0
D,DISPATCH,UNIT_SCADA,1,"2022/10/20 07:45:00",RT_NSW5,0
D,DISPATCH,UNIT_SCADA,1,"2022/10/20 07:45:00",RT_NSW6,0
D,DISPATCH,UNIT_SCADA,1,"2022/10/20 07:45:00",RT_QLD1,0
D,DISPATCH,UNIT_SCADA,1,"2022/10/20 07:45:00",RT_SA1,0
D,DISPATCH,UNIT_SCADA,1,"2022/10/20 07:45:00",RT_SA2,0
D,DISPATCH,UNIT_SCADA,1,"2022/10/20 07:45:00",RT_SA3,0
D,DISPATCH,UNIT_SCADA,1,"2022/10/20 07:45:00",RT_SA4,0
D,DISPATCH,UNIT_SCADA,1,"2022/10/20 07:45:00",RT_SA5,0
D,DISPATCH,UNIT_SCADA,1,"2022/10/20 07:45:00",RT_SA6,0
D,DISPATCH,UNIT_SCADA,1,"2022/10/20 07:45:00",RT_TAS1,0
D,DISPATCH,UNIT_SCADA,1,"2022/10/20 07:45:00",RT_VIC1,0
D,DISPATCH,UNIT_SCADA,1,"2022/10/20 07:45:00",RT_VIC10,0
D,DISPATCH,UNIT_SCADA,1,"2022/10/20 07:45:00",RT_VIC11,0
D,DISPATCH,UNIT_SCADA,1,"2022/10/20 07:45:00",RT_VIC12,0
D,DISPATCH,UNIT_SCADA,1,"2022/10/20 07:45:00",RT_VIC2,0
D,DISPATCH,UNIT_SCADA,1,"2022/10/20 07:45:00",RT_VIC3,0
D,DISPATCH,UNIT_SCADA,1,"2022/10/20 07:45:00",RT_VIC4,0
D,DISPATCH,UNIT_SCADA,1,"2022/10/20 07:45:00",RT_VIC5,0
D,DISPATCH,UNIT_SCADA,1,"2022/10/20 07:45:00",RT_VIC6,0
D,DISPATCH,UNIT_SCADA,1,"2022/10/20 07:45:00",RT_VIC7,0
D,DISPATCH,UNIT_SCADA,1,"2022/10/20 07:45:00",RT_VIC8,0
D,DISPATCH,UNIT_SCADA,1,"2022/10/20 07:45:00",RT_VIC9,0
D,DISPATCH,UNIT_SCADA,1,"2022/10/20 07:45:00",RUGBYR1,2.756220
D,DISPATCH,UNIT_SCADA,1,"2022/10/20 07:45:00",SALTCRK1,20.37
D,DISPATCH,UNIT_SCADA,1,"2022/10/20 07:45:00",SAPHWF1,108.642710
D,DISPATCH,UNIT_SCADA,1,"2022/10/20 07:45:00",SEBSF1,26.434860
D,DISPATCH,UNIT_SCADA,1,"2022/10/20 07:45:00",SHGEN,78.396790
D,DISPATCH,UNIT_SCADA,1,"2022/10/20 07:45:00",SHPUMP,0
D,DISPATCH,UNIT_SCADA,1,"2022/10/20 07:45:00",SITHE01,0.143810
D,DISPATCH,UNIT_SCADA,1,"2022/10/20 07:45:00",SMCSF1,20.3780
D,DISPATCH,UNIT_SCADA,1,"2022/10/20 07:45:00",SNAPPER1,0
D,DISPATCH,UNIT_SCADA,1,"2022/10/20 07:45:00",SNOWNTH1,136.900010
D,DISPATCH,UNIT_SCADA,1,"2022/10/20 07:45:00",SNOWSTH1,114.70
D,DISPATCH,UNIT_SCADA,1,"2022/10/20 07:45:00",SNOWTWN1,64.8243
D,DISPATCH,UNIT_SCADA,1,"2022/10/20 07:45:00",SNOWYP,0
D,DISPATCH,UNIT_SCADA,1,"2022/10/20 07:45:00",SNUG1,0
D,DISPATCH,UNIT_SCADA,1,"2022/10/20 07:45:00",SRSF1,1.56
D,DISPATCH,UNIT_SCADA,1,"2022/10/20 07:45:00",STAN-1,277.120850
D,DISPATCH,UNIT_SCADA,1,"2022/10/20 07:45:00",STAN-2,364.589510
D,DISPATCH,UNIT_SCADA,1,"2022/10/20 07:45:00",STAN-3,159.568790
D,DISPATCH,UNIT_SCADA,1,"2022/10/20 07:45:00",STAN-4,361.667050
D,DISPATCH,UNIT_SCADA,1,"2022/10/20 07:45:00",STARHLWF,6.098220
D,DISPATCH,UNIT_SCADA,1,"2022/10/20 07:45:00",STOCKYD1,172.52
D,DISPATCH,UNIT_SCADA,1,"2022/10/20 07:45:00",STWF1,36.6125
D,DISPATCH,UNIT_SCADA,1,"2022/10/20 07:45:00",SUNRSF1,6.724650
D,DISPATCH,UNIT_SCADA,1,"2022/10/20 07:45:00",SUNTPSF1,24.195320
D,DISPATCH,UNIT_SCADA,1,"2022/10/20 07:45:00",SWAN_E,209.162510
D,DISPATCH,UNIT_SCADA,1,"2022/10/20 07:45:00",TALWA1,0
D,DISPATCH,UNIT_SCADA,1,"2022/10/20 07:45:00",TARALGA1,0
D,DISPATCH,UNIT_SCADA,1,"2022/10/20 07:45:00",TARONG#1,348.800020
D,DISPATCH,UNIT_SCADA,1,"2022/10/20 07:45:00",TARONG#2,348
D,DISPATCH,UNIT_SCADA,1,"2022/10/20 07:45:00",TARONG#3,0.90
D,DISPATCH,UNIT_SCADA,1,"2022/10/20 07:45:00",TARONG#4,293
D,DISPATCH,UNIT_SCADA,1,"2022/10/20 07:45:00",TARRALEA,54
D,DISPATCH,UNIT_SCADA,1,"2022/10/20 07:45:00",TBSF1,13.60
D,DISPATCH,UNIT_SCADA,1,"2022/10/20 07:45:00",TNPS1,440.50
D,DISPATCH,UNIT_SCADA,1,"2022/10/20 07:45:00",TORRB1,0
D,DISPATCH,UNIT_SCADA,1,"2022/10/20 07:45:00",TORRB2,40
D,DISPATCH,UNIT_SCADA,1,"2022/10/20 07:45:00",TORRB3,0
D,DISPATCH,UNIT_SCADA,1,"2022/10/20 07:45:00",TORRB4,0
D,DISPATCH,UNIT_SCADA,1,"2022/10/20 07:45:00",TREVALLN,98.313630
D,DISPATCH,UNIT_SCADA,1,"2022/10/20 07:45:00",TRIBUTE,0
D,DISPATCH,UNIT_SCADA,1,"2022/10/20 07:45:00",TUMUT3,0
D,DISPATCH,UNIT_SCADA,1,"2022/10/20 07:45:00",TUNGATIN,5.110020
D,DISPATCH,UNIT_SCADA,1,"2022/10/20 07:45:00",TVCC201,0
D,DISPATCH,UNIT_SCADA,1,"2022/10/20 07:45:00",TVPP104,40.009730
D,DISPATCH,UNIT_SCADA,1,"2022/10/20 07:45:00",UPPTUMUT,37.249820
D,DISPATCH,UNIT_SCADA,1,"2022/10/20 07:45:00",URANQ11,0
D,DISPATCH,UNIT_SCADA,1,"2022/10/20 07:45:00",URANQ12,0
D,DISPATCH,UNIT_SCADA,1,"2022/10/20 07:45:00",URANQ13,0
D,DISPATCH,UNIT_SCADA,1,"2022/10/20 07:45:00",URANQ14,0
D,DISPATCH,UNIT_SCADA,1,"2022/10/20 07:45:00",VBBG1,0
D,DISPATCH,UNIT_SCADA,1,"2022/10/20 07:45:00",VBBL1,5.70
D,DISPATCH,UNIT_SCADA,1,"2022/10/20 07:45:00",VP5,526.529720
D,DISPATCH,UNIT_SCADA,1,"2022/10/20 07:45:00",VP6,527.188960
D,DISPATCH,UNIT_SCADA,1,"2022/10/20 07:45:00",VPGS1,0
D,DISPATCH,UNIT_SCADA,1,"2022/10/20 07:45:00",VPGS2,0
D,DISPATCH,UNIT_SCADA,1,"2022/10/20 07:45:00",VPGS3,0
D,DISPATCH,UNIT_SCADA,1,"2022/10/20 07:45:00",VPGS4,0
D,DISPATCH,UNIT_SCADA,1,"2022/10/20 07:45:00",VPGS5,0
D,DISPATCH,UNIT_SCADA,1,"2022/10/20 07:45:00",VPGS6,0
D,DISPATCH,UNIT_SCADA,1,"2022/10/20 07:45:00",W/HOE#1,0
D,DISPATCH,UNIT_SCADA,1,"2022/10/20 07:45:00",W/HOE#2,158.31
D,DISPATCH,UNIT_SCADA,1,"2022/10/20 07:45:00",WAGGNSF1,0
D,DISPATCH,UNIT_SCADA,1,"2022/10/20 07:45:00",WALGRVG1,0.000930
D,DISPATCH,UNIT_SCADA,1,"2022/10/20 07:45:00",WALGRVL1,0
D,DISPATCH,UNIT_SCADA,1,"2022/10/20 07:45:00",WANDBG1,0
D,DISPATCH,UNIT_SCADA,1,"2022/10/20 07:45:00",WANDBL1,0
D,DISPATCH,UNIT_SCADA,1,"2022/10/20 07:45:00",WARWSF1,12.09
D,DISPATCH,UNIT_SCADA,1,"2022/10/20 07:45:00",WARWSF2,12.65
D,DISPATCH,UNIT_SCADA,1,"2022/10/20 07:45:00",WATERLWF,65.30
D,DISPATCH,UNIT_SCADA,1,"2022/10/20 07:45:00",WDGPH1,6.4720
D,DISPATCH,UNIT_SCADA,1,"2022/10/20 07:45:00",WELLSF1,19.913020
D,DISPATCH,UNIT_SCADA,1,"2022/10/20 07:45:00",WEMENSF1,7.20
D,DISPATCH,UNIT_SCADA,1,"2022/10/20 07:45:00",WGWF1,116.50
D,DISPATCH,UNIT_SCADA,1,"2022/10/20 07:45:00",WHITSF1,9.40
D,DISPATCH,UNIT_SCADA,1,"2022/10/20 07:45:00",WINTSF1,72.17
D,DISPATCH,UNIT_SCADA,1,"2022/10/20 07:45:00",WKIEWA1,33.70
D,DISPATCH,UNIT_SCADA,1,"2022/10/20 07:45:00",WKIEWA2,33.80
D,DISPATCH,UNIT_SCADA,1,"2022/10/20 07:45:00",WOODLWN1,26.855390
D,DISPATCH,UNIT_SCADA,1,"2022/10/20 07:45:00",WOOLGSF1,8.228860
D,DISPATCH,UNIT_SCADA,1,"2022/10/20 07:45:00",WPWF,40.40
D,DISPATCH,UNIT_SCADA,1,"2022/10/20 07:45:00",WRSF1,1.040070
D,DISPATCH,UNIT_SCADA,1,"2022/10/20 07:45:00",WRWF1,19.102460
D,DISPATCH,UNIT_SCADA,1,"2022/10/20 07:45:00",WSTWYSF1,0
D,DISPATCH,UNIT_SCADA,1,"2022/10/20 07:45:00",YABULU,0
D,DISPATCH,UNIT_SCADA,1,"2022/10/20 07:45:00",YABULU2,0
D,DISPATCH,UNIT_SCADA,1,"2022/10/20 07:45:00",YARANSF1,20.63
D,DISPATCH,UNIT_SCADA,1,"2022/10/20 07:45:00",YARWUN_1,129.349990
D,DISPATCH,UNIT_SCADA,1,"2022/10/20 07:45:00",YATSF1,30.83
D,DISPATCH,UNIT_SCADA,1,"2022/10/20 07:45:00",YENDWF1,17.81
D,DISPATCH,UNIT_SCADA,1,"2022/10/20 07:45:00",YWPS1,363.908870
D,DISPATCH,UNIT_SCADA,1,"2022/10/20 07:45:00",YWPS2,288.718990
D,DISPATCH,UNIT_SCADA,1,"2022/10/20 07:45:00",YWPS3,358.259490
D,DISPATCH,UNIT_SCADA,1,"2022/10/20 07:45:00",YWPS4,0
C,"END OF REPORT",419
