C,NEMP.WORLD,DISPATCHSCADA,AEMO,PUBLIC,2022/10/20,15:05:10,0000000373262726,DISPATCHSCADA,0000000373262720
I,DISPATCH,UNIT_SCADA,1,SETTLEMENTDATE,DUID,SCADAVALUE
D,DISPATCH,UNIT_SCADA,1,"2022/10/20 15:10:00",BARCSF1,0.60
D,DISPATCH,UNIT_SCADA,1,"2022/10/20 15:10:00",BUTLERSG,8.699999
D,DISPATCH,UNIT_SCADA,1,"2022/10/20 15:10:00",CAPTL_WF,69.860443
D,DISPATCH,UNIT_SCADA,1,"2022/10/20 15:10:00",CLOVER,10.36
D,DISPATCH,UNIT_SCADA,1,"2022/10/20 15:10:00",CLUNY,6.143740
D,DISPATCH,UNIT_SCADA,1,"2022/10/20 15:10:00",CULLRGWF,-0.01
D,DISPATCH,UNIT_SCADA,1,"2022/10/20 15:10:00",ERGT01,0
D,DISPATCH,UNIT_SCADA,1,"2022/10/20 15:10:00",GB01,0
D,DISPATCH,UNIT_SCADA,1,"2022/10/20 15:10:00",GERMCRK,22
D,DISPATCH,UNIT_SCADA,1,"2022/10/20 15:10:00",GRIFSF1,3.401236
D,DISPATCH,UNIT_SCADA,1,"2022/10/20 15:10:00",HEZ1,0
D,DISPATCH,UNIT_SCADA,1,"2022/10/20 15:10:00",HUGSF1,12.538001
D,DISPATCH,UNIT_SCADA,1,"2022/10/20 15:10:00",KEPBG1,0
D,DISPATCH,UNIT_SCADA,1,"2022/10/20 15:10:00",LRSF1,13.311001
D,DISPATCH,UNIT_SCADA,1,"2022/10/20 15:10:00",MBAHNTH,43.068756
D,DISPATCH,UNIT_SCADA,1,"2022/10/20 15:10:00",MLSP1,1.599001
D,DISPATCH,UNIT_SCADA,1,"2022/10/20 15:10:00",PALOONA,30.33
D,DISPATCH,UNIT_SCADA,1,"2022/10/20 15:10:00",PIONEER,43.200001
D,DISPATCH,UNIT_SCADA,1,"2022/10/20 15:10:00",PORTWF,45.900002
D,DISPATCH,UNIT_SCADA,1,"2022/10/20 15:10:00",REPULSE,9.568627
D,DISPATCH,UNIT_SCADA,1,"2022/10/20 15:10:00",ROWALLAN,8.8963
D,DISPATCH,UNIT_SCADA,1,"2022/10/20 15:10:00",ROYALLA1,4.622003
D,DISPATCH,UNIT_SCADA,1,"2022/10/20 15:10:00",RPCG,-1.80
D,DISPATCH,UNIT_SCADA,1,"2022/10/20 15:10:00",RUBICON,0
D,DISPATCH,UNIT_SCADA,1,"2022/10/20 15:10:00",WAUBRAWF,64.450996
D,DISPATCH,UNIT_SCADA,1,"2022/10/20 15:10:00",WOOLNTH1,95.119995
D,DISPATCH,UNIT_SCADA,1,"2022/10/20 15:10:00",ADPBA1G,0.0080
D,DISPATCH,UNIT_SCADA,1,"2022/10/20 15:10:00",ADPBA1L,0
D,DISPATCH,UNIT_SCADA,1,"2022/10/20 15:10:00",ADPPV1,8.7960
D,DISPATCH,UNIT_SCADA,1,"2022/10/20 15:10:00",AGLHAL,0
D,DISPATCH,UNIT_SCADA,1,"2022/10/20 15:10:00",AGLSOM,0
D,DISPATCH,UNIT_SCADA,1,"2022/10/20 15:10:00",ANGAST1,0
D,DISPATCH,UNIT_SCADA,1,"2022/10/20 15:10:00",ARWF1,11.373640
D,DISPATCH,UNIT_SCADA,1,"2022/10/20 15:10:00",BALBG1,0
D,DISPATCH,UNIT_SCADA,1,"2022/10/20 15:10:00",BALBL1,0
D,DISPATCH,UNIT_SCADA,1,"2022/10/20 15:10:00",BALDHWF1,92.3870
D,DISPATCH,UNIT_SCADA,1,"2022/10/20 15:10:00",BANGOWF1,33.7969
D,DISPATCH,UNIT_SCADA,1,"2022/10/20 15:10:00",BANGOWF2,25
D,DISPATCH,UNIT_SCADA,1,"2022/10/20 15:10:00",BANN1,26.563640
D,DISPATCH,UNIT_SCADA,1,"2022/10/20 15:10:00",BARCALDN,0
D,DISPATCH,UNIT_SCADA,1,"2022/10/20 15:10:00",BARKIPS1,0
D,DISPATCH,UNIT_SCADA,1,"2022/10/20 15:10:00",BARRON-1,24.60
D,DISPATCH,UNIT_SCADA,1,"2022/10/20 15:10:00",BARRON-2,0
D,DISPATCH,UNIT_SCADA,1,"2022/10/20 15:10:00",BASTYAN,50.88
D,DISPATCH,UNIT_SCADA,1,"2022/10/20 15:10:00",BBTHREE1,0
D,DISPATCH,UNIT_SCADA,1,"2022/10/20 15:10:00",BBTHREE2,0
D,DISPATCH,UNIT_SCADA,1,"2022/10/20 15:10:00",BBTHREE3,-1.13
D,DISPATCH,UNIT_SCADA,1,"2022/10/20 15:10:00",BDL01,0
D,DISPATCH,UNIT_SCADA,1,"2022/10/20 15:10:00",BDL02,0
D,DISPATCH,UNIT_SCADA,1,"2022/10/20 15:10:00",BERYLSF1,0.861570
D,DISPATCH,UNIT_SCADA,1,"2022/10/20 15:10:00",BLOWERNG,62.50
D,DISPATCH,UNIT_SCADA,1,"2022/10/20 15:10:00",BLUEGSF1,74.813440
D,DISPATCH,UNIT_SCADA,1,"2022/10/20 15:10:00",BLUFF1,1.10
D,DISPATCH,UNIT_SCADA,1,"2022/10/20 15:10:00",BNGSF1,25.58
D,DISPATCH,UNIT_SCADA,1,"2022/10/20 15:10:00",BNGSF2,24.15
D,DISPATCH,UNIT_SCADA,1,"2022/10/20 15:10:00",BOCORWF1,56.72
D,DISPATCH,UNIT_SCADA,1,"2022/10/20 15:10:00",BODWF1,68.243570
D,DISPATCH,UNIT_SCADA,1,"2022/10/20 15:10:00",BOMENSF1,23.912110
D,DISPATCH,UNIT_SCADA,1,"2022/10/20 15:10:00",BOWWBA1G,0
D,DISPATCH,UNIT_SCADA,1,"2022/10/20 15:10:00",BOWWBA1L,0.0010
D,DISPATCH,UNIT_SCADA,1,"2022/10/20 15:10:00",BOWWPV1,0
D,DISPATCH,UNIT_SCADA,1,"2022/10/20 15:10:00",BRAEMAR1,0
D,DISPATCH,UNIT_SCADA,1,"2022/10/20 15:10:00",BRAEMAR2,0
D,DISPATCH,UNIT_SCADA,1,"2022/10/20 15:10:00",BRAEMAR3,0
D,DISPATCH,UNIT_SCADA,1,"2022/10/20 15:10:00",BRAEMAR5,0.292060
D,DISPATCH,UNIT_SCADA,1,"2022/10/20 15:10:00",BRAEMAR6,0
D,DISPATCH,UNIT_SCADA,1,"2022/10/20 15:10:00",BRAEMAR7,108.917870
D,DISPATCH,UNIT_SCADA,1,"2022/10/20 15:10:00",BROKENH1,19.199710
D,DISPATCH,UNIT_SCADA,1,"2022/10/20 15:10:00",BRYB1WF1,70.902570
D,DISPATCH,UNIT_SCADA,1,"2022/10/20 15:10:00",BULBESG1,0
D,DISPATCH,UNIT_SCADA,1,"2022/10/20 15:10:00",BULBESL1,0.64
D,DISPATCH,UNIT_SCADA,1,"2022/10/20 15:10:00",BULGANA1,3.90
D,DISPATCH,UNIT_SCADA,1,"2022/10/20 15:10:00",BW01,654.538820
D,DISPATCH,UNIT_SCADA,1,"2022/10/20 15:10:00",BW02,616.134890
D,DISPATCH,UNIT_SCADA,1,"2022/10/20 15:10:00",BW03,553.926880
D,DISPATCH,UNIT_SCADA,1,"2022/10/20 15:10:00",BW04,0
D,DISPATCH,UNIT_SCADA,1,"2022/10/20 15:10:00",CALL_B_1,318.100010
D,DISPATCH,UNIT_SCADA,1,"2022/10/20 15:10:00",CALL_B_2,317.600010
D,DISPATCH,UNIT_SCADA,1,"2022/10/20 15:10:00",CATHROCK,4.90
D,DISPATCH,UNIT_SCADA,1,"2022/10/20 15:10:00",CBWWBA1G,0
D,DISPATCH,UNIT_SCADA,1,"2022/10/20 15:10:00",CBWWBA1L,0
D,DISPATCH,UNIT_SCADA,1,"2022/10/20 15:10:00",CETHANA,91.837750
D,DISPATCH,UNIT_SCADA,1,"2022/10/20 15:10:00",CG1,0
D,DISPATCH,UNIT_SCADA,1,"2022/10/20 15:10:00",CG2,0
D,DISPATCH,UNIT_SCADA,1,"2022/10/20 15:10:00",CG3,0
D,DISPATCH,UNIT_SCADA,1,"2022/10/20 15:10:00",CG4,0
D,DISPATCH,UNIT_SCADA,1,"2022/10/20 15:10:00",CHILDSF1,6.20
D,DISPATCH,UNIT_SCADA,1,"2022/10/20 15:10:00",CHYTWF1,9.76
D,DISPATCH,UNIT_SCADA,1,"2022/10/20 15:10:00",CLARESF1,35.448830
D,DISPATCH,UNIT_SCADA,1,"2022/10/20 15:10:00",CLEMGPWF,0
D,DISPATCH,UNIT_SCADA,1,"2022/10/20 15:10:00",CLERMSF1,16.43
D,DISPATCH,UNIT_SCADA,1,"2022/10/20 15:10:00",CNUNDAWF,9.110630
D,DISPATCH,UNIT_SCADA,1,"2022/10/20 15:10:00",COHUNSF1,12.1360
D,DISPATCH,UNIT_SCADA,1,"2022/10/20 15:10:00",COLEASF1,23.802930
D,DISPATCH,UNIT_SCADA,1,"2022/10/20 15:10:00",COLUMSF1,14.4210
D,DISPATCH,UNIT_SCADA,1,"2022/10/20 15:10:00",COLWF01,95.284960
D,DISPATCH,UNIT_SCADA,1,"2022/10/20 15:10:00",COOPGWF1,278.850010
D,DISPATCH,UNIT_SCADA,1,"2022/10/20 15:10:00",CPP_3,356.675020
D,DISPATCH,UNIT_SCADA,1,"2022/10/20 15:10:00",CPP_4,0
D,DISPATCH,UNIT_SCADA,1,"2022/10/20 15:10:00",CPSA,0
D,DISPATCH,UNIT_SCADA,1,"2022/10/20 15:10:00",CROOKWF2,28.564280
D,DISPATCH,UNIT_SCADA,1,"2022/10/20 15:10:00",CROWLWF1,0
D,DISPATCH,UNIT_SCADA,1,"2022/10/20 15:10:00",CRURWF1,10.0959
D,DISPATCH,UNIT_SCADA,1,"2022/10/20 15:10:00",CRWASF1,29.9991
D,DISPATCH,UNIT_SCADA,1,"2022/10/20 15:10:00",CSPVPS1,6.7510
D,DISPATCH,UNIT_SCADA,1,"2022/10/20 15:10:00",CTHLWF1,0.003050
D,DISPATCH,UNIT_SCADA,1,"2022/10/20 15:10:00",DALNTH01,0
D,DISPATCH,UNIT_SCADA,1,"2022/10/20 15:10:00",DALNTHL1,0.178530
D,DISPATCH,UNIT_SCADA,1,"2022/10/20 15:10:00",DARLSF1,54.382970
D,DISPATCH,UNIT_SCADA,1,"2022/10/20 15:10:00",DARTM1,0
D,DISPATCH,UNIT_SCADA,1,"2022/10/20 15:10:00",DAYDSF1,35.0740
D,DISPATCH,UNIT_SCADA,1,"2022/10/20 15:10:00",DDPS1,0
D,DISPATCH,UNIT_SCADA,1,"2022/10/20 15:10:00",DDSF1,14.874110
D,DISPATCH,UNIT_SCADA,1,"2022/10/20 15:10:00",DEVILS_G,58.837250
D,DISPATCH,UNIT_SCADA,1,"2022/10/20 15:10:00",DG_NSW1,0
D,DISPATCH,UNIT_SCADA,1,"2022/10/20 15:10:00",DG_QLD1,0
D,DISPATCH,UNIT_SCADA,1,"2022/10/20 15:10:00",DG_SA1,0
D,DISPATCH,UNIT_SCADA,1,"2022/10/20 15:10:00",DG_TAS1,0
D,DISPATCH,UNIT_SCADA,1,"2022/10/20 15:10:00",DG_VIC1,0
D,DISPATCH,UNIT_SCADA,1,"2022/10/20 15:10:00",DRYCGT1,0
D,DISPATCH,UNIT_SCADA,1,"2022/10/20 15:10:00",DRYCGT2,0
D,DISPATCH,UNIT_SCADA,1,"2022/10/20 15:10:00",DRYCGT3,0
D,DISPATCH,UNIT_SCADA,1,"2022/10/20 15:10:00",DUNDWF1,61.55
D,DISPATCH,UNIT_SCADA,1,"2022/10/20 15:10:00",DUNDWF2,19.11
D,DISPATCH,UNIT_SCADA,1,"2022/10/20 15:10:00",DUNDWF3,45.93
D,DISPATCH,UNIT_SCADA,1,"2022/10/20 15:10:00",EILDON1,59.96
D,DISPATCH,UNIT_SCADA,1,"2022/10/20 15:10:00",EILDON2,60.04
D,DISPATCH,UNIT_SCADA,1,"2022/10/20 15:10:00",ELAINWF1,17.9630
D,DISPATCH,UNIT_SCADA,1,"2022/10/20 15:10:00",EMERASF1,0
D,DISPATCH,UNIT_SCADA,1,"2022/10/20 15:10:00",ER01,0
D,DISPATCH,UNIT_SCADA,1,"2022/10/20 15:10:00",ER02,552.2179
D,DISPATCH,UNIT_SCADA,1,"2022/10/20 15:10:00",ER03,551.680790
D,DISPATCH,UNIT_SCADA,1,"2022/10/20 15:10:00",ER04,550.704220
D,DISPATCH,UNIT_SCADA,1,"2022/10/20 15:10:00",FINLYSF1,118.3093
D,DISPATCH,UNIT_SCADA,1,"2022/10/20 15:10:00",FISHER,44.01
D,DISPATCH,UNIT_SCADA,1,"2022/10/20 15:10:00",GANGARR1,0
D,DISPATCH,UNIT_SCADA,1,"2022/10/20 15:10:00",GANNBG1,0
D,DISPATCH,UNIT_SCADA,1,"2022/10/20 15:10:00",GANNBL1,5.601040
D,DISPATCH,UNIT_SCADA,1,"2022/10/20 15:10:00",GANNSF1,39.1065
D,DISPATCH,UNIT_SCADA,1,"2022/10/20 15:10:00",GLRWNSF1,96.55
D,DISPATCH,UNIT_SCADA,1,"2022/10/20 15:10:00",GNNDHSF1,18.331660
D,DISPATCH,UNIT_SCADA,1,"2022/10/20 15:10:00",GOONSF1,43.341720
D,DISPATCH,UNIT_SCADA,1,"2022/10/20 15:10:00",GORDON,215.062320
D,DISPATCH,UNIT_SCADA,1,"2022/10/20 15:10:00",GRANWF1,0
D,DISPATCH,UNIT_SCADA,1,"2022/10/20 15:10:00",GSTONE1,200.724990
D,DISPATCH,UNIT_SCADA,1,"2022/10/20 15:10:00",GSTONE2,0
D,DISPATCH,UNIT_SCADA,1,"2022/10/20 15:10:00",GSTONE3,200.024990
D,DISPATCH,UNIT_SCADA,1,"2022/10/20 15:10:00",GSTONE4,0
D,DISPATCH,UNIT_SCADA,1,"2022/10/20 15:10:00",GSTONE5,184.974990
D,DISPATCH,UNIT_SCADA,1,"2022/10/20 15:10:00",GSTONE6,200.55
D,DISPATCH,UNIT_SCADA,1,"2022/10/20 15:10:00",GULLRSF1,1.074980
D,DISPATCH,UNIT_SCADA,1,"2022/10/20 15:10:00",GULLRWF1,67.933970
D,DISPATCH,UNIT_SCADA,1,"2022/10/20 15:10:00",GULLRWF2,68.054260
D,DISPATCH,UNIT_SCADA,1,"2022/10/20 15:10:00",GUNNING1,0
D,DISPATCH,UNIT_SCADA,1,"2022/10/20 15:10:00",GUTHEGA,63.20
D,DISPATCH,UNIT_SCADA,1,"2022/10/20 15:10:00",HALLWF1,0
D,DISPATCH,UNIT_SCADA,1,"2022/10/20 15:10:00",HALLWF2,0
D,DISPATCH,UNIT_SCADA,1,"2022/10/20 15:10:00",HAMISF1,13.60
D,DISPATCH,UNIT_SCADA,1,"2022/10/20 15:10:00",HAUGHT11,29.244430
D,DISPATCH,UNIT_SCADA,1,"2022/10/20 15:10:00",HAYMSF1,16.4290
D,DISPATCH,UNIT_SCADA,1,"2022/10/20 15:10:00",HDWF1,2.70
D,DISPATCH,UNIT_SCADA,1,"2022/10/20 15:10:00",HDWF2,3.20
D,DISPATCH,UNIT_SCADA,1,"2022/10/20 15:10:00",HDWF3,2.90
D,DISPATCH,UNIT_SCADA,1,"2022/10/20 15:10:00",HILLSTN1,15.790080
D,DISPATCH,UNIT_SCADA,1,"2022/10/20 15:10:00",HPRG1,0
D,DISPATCH,UNIT_SCADA,1,"2022/10/20 15:10:00",HPRL1,22.20
D,DISPATCH,UNIT_SCADA,1,"2022/10/20 15:10:00",HUMENSW,54.287570
D,DISPATCH,UNIT_SCADA,1,"2022/10/20 15:10:00",HUMEV,0
D,DISPATCH,UNIT_SCADA,1,"2022/10/20 15:10:00",HVWWBA1G,0
D,DISPATCH,UNIT_SCADA,1,"2022/10/20 15:10:00",HVWWBA1L,0.0070
D,DISPATCH,UNIT_SCADA,1,"2022/10/20 15:10:00",HVWWPV1,4.35
D,DISPATCH,UNIT_SCADA,1,"2022/10/20 15:10:00",JBUTTERS,0
D,DISPATCH,UNIT_SCADA,1,"2022/10/20 15:10:00",JEMALNG1,25.52
D,DISPATCH,UNIT_SCADA,1,"2022/10/20 15:10:00",JLA01,0
D,DISPATCH,UNIT_SCADA,1,"2022/10/20 15:10:00",JLA02,0
D,DISPATCH,UNIT_SCADA,1,"2022/10/20 15:10:00",JLA03,0
D,DISPATCH,UNIT_SCADA,1,"2022/10/20 15:10:00",JLA04,0
D,DISPATCH,UNIT_SCADA,1,"2022/10/20 15:10:00",JLB01,0
D,DISPATCH,UNIT_SCADA,1,"2022/10/20 15:10:00",JLB02,0.10
D,DISPATCH,UNIT_SCADA,1,"2022/10/20 15:10:00",JLB03,0
D,DISPATCH,UNIT_SCADA,1,"2022/10/20 15:10:00",JUNEESF1,11.641860
D,DISPATCH,UNIT_SCADA,1,"2022/10/20 15:10:00",KABANWF1,1.4470
D,DISPATCH,UNIT_SCADA,1,"2022/10/20 15:10:00",KAREEYA1,18.4525
D,DISPATCH,UNIT_SCADA,1,"2022/10/20 15:10:00",KAREEYA2,0
D,DISPATCH,UNIT_SCADA,1,"2022/10/20 15:10:00",KAREEYA3,21.8475
D,DISPATCH,UNIT_SCADA,1,"2022/10/20 15:10:00",KAREEYA4,0
D,DISPATCH,UNIT_SCADA,1,"2022/10/20 15:10:00",KARSF1,49.0320
D,DISPATCH,UNIT_SCADA,1,"2022/10/20 15:10:00",KEPSF1,7.22
D,DISPATCH,UNIT_SCADA,1,"2022/10/20 15:10:00",KEPWF1,17.14
D,DISPATCH,UNIT_SCADA,1,"2022/10/20 15:10:00",KIAMSF1,41.058210
D,DISPATCH,UNIT_SCADA,1,"2022/10/20 15:10:00",KIATAWF1,7.3060
D,DISPATCH,UNIT_SCADA,1,"2022/10/20 15:10:00",KPP_1,0
D,DISPATCH,UNIT_SCADA,1,"2022/10/20 15:10:00",KSP1,14.47
D,DISPATCH,UNIT_SCADA,1,"2022/10/20 15:10:00",LADBROK1,0.01
D,DISPATCH,UNIT_SCADA,1,"2022/10/20 15:10:00",LADBROK2,0.02
D,DISPATCH,UNIT_SCADA,1,"2022/10/20 15:10:00",LBBG1,0
D,DISPATCH,UNIT_SCADA,1,"2022/10/20 15:10:00",LBBL1,0.30
D,DISPATCH,UNIT_SCADA,1,"2022/10/20 15:10:00",LD01,274.8497
D,DISPATCH,UNIT_SCADA,1,"2022/10/20 15:10:00",LD02,30.762660
D,DISPATCH,UNIT_SCADA,1,"2022/10/20 15:10:00",LD04,275.051120
D,DISPATCH,UNIT_SCADA,1,"2022/10/20 15:10:00",LEM_WIL,78.656410
D,DISPATCH,UNIT_SCADA,1,"2022/10/20 15:10:00",LGAPWF1,56.25
D,DISPATCH,UNIT_SCADA,1,"2022/10/20 15:10:00",LGAPWF2,39.61
D,DISPATCH,UNIT_SCADA,1,"2022/10/20 15:10:00",LILYSF1,97.517560
D,DISPATCH,UNIT_SCADA,1,"2022/10/20 15:10:00",LIMOSF11,71.911650
D,DISPATCH,UNIT_SCADA,1,"2022/10/20 15:10:00",LIMOSF21,9.948550
D,DISPATCH,UNIT_SCADA,1,"2022/10/20 15:10:00",LI_WY_CA,62.409530
D,DISPATCH,UNIT_SCADA,1,"2022/10/20 15:10:00",LKBONNY1,0
D,DISPATCH,UNIT_SCADA,1,"2022/10/20 15:10:00",LKBONNY2,10.091850
D,DISPATCH,UNIT_SCADA,1,"2022/10/20 15:10:00",LKBONNY3,2.679460
D,DISPATCH,UNIT_SCADA,1,"2022/10/20 15:10:00",LK_ECHO,0
D,DISPATCH,UNIT_SCADA,1,"2022/10/20 15:10:00",LNGS1,0
D,DISPATCH,UNIT_SCADA,1,"2022/10/20 15:10:00",LNGS2,0
D,DISPATCH,UNIT_SCADA,1,"2022/10/20 15:10:00",LONSDALE,0
D,DISPATCH,UNIT_SCADA,1,"2022/10/20 15:10:00",LOYYB1,451.50
D,DISPATCH,UNIT_SCADA,1,"2022/10/20 15:10:00",LOYYB2,452.251890
D,DISPATCH,UNIT_SCADA,1,"2022/10/20 15:10:00",LYA1,460
D,DISPATCH,UNIT_SCADA,1,"2022/10/20 15:10:00",LYA2,0
D,DISPATCH,UNIT_SCADA,1,"2022/10/20 15:10:00",LYA3,482
D,DISPATCH,UNIT_SCADA,1,"2022/10/20 15:10:00",LYA4,480
D,DISPATCH,UNIT_SCADA,1,"2022/10/20 15:10:00",MACARTH1,42.999010
D,DISPATCH,UNIT_SCADA,1,"2022/10/20 15:10:00",MACKNTSH,0
D,DISPATCH,UNIT_SCADA,1,"2022/10/20 15:10:00",MANSLR1,5.4160
D,DISPATCH,UNIT_SCADA,1,"2022/10/20 15:10:00",MAPS2PV1,0
D,DISPATCH,UNIT_SCADA,1,"2022/10/20 15:10:00",MAPS3PV1,0
D,DISPATCH,UNIT_SCADA,1,"2022/10/20 15:10:00",MARYRSF1,6.72
D,DISPATCH,UNIT_SCADA,1,"2022/10/20 15:10:00",MBPS2PV1,0
D,DISPATCH,UNIT_SCADA,1,"2022/10/20 15:10:00",MCKAY1,0.02
D,DISPATCH,UNIT_SCADA,1,"2022/10/20 15:10:00",MEADOWBK,5.744580
D,DISPATCH,UNIT_SCADA,1,"2022/10/20 15:10:00",MERCER01,22.5040
D,DISPATCH,UNIT_SCADA,1,"2022/10/20 15:10:00",METZSF1,86.638240
D,DISPATCH,UNIT_SCADA,1,"2022/10/20 15:10:00",MEWF1,25.243650
D,DISPATCH,UNIT_SCADA,1,"2022/10/20 15:10:00",MIDDLSF1,17.24
D,DISPATCH,UNIT_SCADA,1,"2022/10/20 15:10:00",MINTARO,0.128180
D,DISPATCH,UNIT_SCADA,1,"2022/10/20 15:10:00",MOLNGSF1,6.781110
D,DISPATCH,UNIT_SCADA,1,"2022/10/20 15:10:00",MOORAWF1,31.8550
D,DISPATCH,UNIT_SCADA,1,"2022/10/20 15:10:00",MOREESF1,30.08
D,DISPATCH,UNIT_SCADA,1,"2022/10/20 15:10:00",MORTLK11,0
D,DISPATCH,UNIT_SCADA,1,"2022/10/20 15:10:00",MORTLK12,0
D,DISPATCH,UNIT_SCADA,1,"2022/10/20 15:10:00",MOUSF1,0
D,DISPATCH,UNIT_SCADA,1,"2022/10/20 15:10:00",MP1,0
D,DISPATCH,UNIT_SCADA,1,"2022/10/20 15:10:00",MP2,453.290620
D,DISPATCH,UNIT_SCADA,1,"2022/10/20 15:10:00",MPP_1,175.298840
D,DISPATCH,UNIT_SCADA,1,"2022/10/20 15:10:00",MPP_2,194.128810
D,DISPATCH,UNIT_SCADA,1,"2022/10/20 15:10:00",MRTLSWF1,0
D,DISPATCH,UNIT_SCADA,1,"2022/10/20 15:10:00",MSTUART1,0
D,DISPATCH,UNIT_SCADA,1,"2022/10/20 15:10:00",MSTUART2,0
D,DISPATCH,UNIT_SCADA,1,"2022/10/20 15:10:00",MSTUART3,0
D,DISPATCH,UNIT_SCADA,1,"2022/10/20 15:10:00",MTGELWF1,41.6240
D,DISPATCH,UNIT_SCADA,1,"2022/10/20 15:10:00",MTMILLAR,9.60
D,DISPATCH,UNIT_SCADA,1,"2022/10/20 15:10:00",MURRAY,0
D,DISPATCH,UNIT_SCADA,1,"2022/10/20 15:10:00",MUSSELR1,0
D,DISPATCH,UNIT_SCADA,1,"2022/10/20 15:10:00",MUWAWF1,52.94
D,DISPATCH,UNIT_SCADA,1,"2022/10/20 15:10:00",MUWAWF2,34
D,DISPATCH,UNIT_SCADA,1,"2022/10/20 15:10:00",MWPS1PV1,2.96
D,DISPATCH,UNIT_SCADA,1,"2022/10/20 15:10:00",MWPS2PV1,2.66
D,DISPATCH,UNIT_SCADA,1,"2022/10/20 15:10:00",MWPS3PV1,0.63
D,DISPATCH,UNIT_SCADA,1,"2022/10/20 15:10:00",MWPS4PV1,1.33
D,DISPATCH,UNIT_SCADA,1,"2022/10/20 15:10:00",NBHWF1,0
D,DISPATCH,UNIT_SCADA,1,"2022/10/20 15:10:00",NEVERSF1,8.09
D,DISPATCH,UNIT_SCADA,1,"2022/10/20 15:10:00",NPS,0
D,DISPATCH,UNIT_SCADA,1,"2022/10/20 15:10:00",NUMURSF1,47.1850
D,DISPATCH,UNIT_SCADA,1,"2022/10/20 15:10:00",NYNGAN1,1.50
D,DISPATCH,UNIT_SCADA,1,"2022/10/20 15:10:00",OAKEY1,0
D,DISPATCH,UNIT_SCADA,1,"2022/10/20 15:10:00",OAKEY1SF,7.3950
D,DISPATCH,UNIT_SCADA,1,"2022/10/20 15:10:00",OAKEY2,0
D,DISPATCH,UNIT_SCADA,1,"2022/10/20 15:10:00",OAKEY2SF,12.61
D,DISPATCH,UNIT_SCADA,1,"2022/10/20 15:10:00",OAKLAND1,12.5310
D,DISPATCH,UNIT_SCADA,1,"2022/10/20 15:10:00",OSB-AG,16.85
D,DISPATCH,UNIT_SCADA,1,"2022/10/20 15:10:00",PAREPS1,0
D,DISPATCH,UNIT_SCADA,1,"2022/10/20 15:10:00",PAREPW1,47.72
D,DISPATCH,UNIT_SCADA,1,"2022/10/20 15:10:00",PARSF1,31.700620
D,DISPATCH,UNIT_SCADA,1,"2022/10/20 15:10:00",POAT110,0
D,DISPATCH,UNIT_SCADA,1,"2022/10/20 15:10:00",POAT220,0
D,DISPATCH,UNIT_SCADA,1,"2022/10/20 15:10:00",POR01,0
D,DISPATCH,UNIT_SCADA,1,"2022/10/20 15:10:00",POR03,0
D,DISPATCH,UNIT_SCADA,1,"2022/10/20 15:10:00",PPCCGT,163.485570
D,DISPATCH,UNIT_SCADA,1,"2022/10/20 15:10:00",PTSTAN1,0
D,DISPATCH,UNIT_SCADA,1,"2022/10/20 15:10:00",PUMP1,0
D,DISPATCH,UNIT_SCADA,1,"2022/10/20 15:10:00",PUMP2,0
D,DISPATCH,UNIT_SCADA,1,"2022/10/20 15:10:00",QBYNBG1,0
D,DISPATCH,UNIT_SCADA,1,"2022/10/20 15:10:00",QBYNBL1,1.274480
D,DISPATCH,UNIT_SCADA,1,"2022/10/20 15:10:00",QPS1,0
D,DISPATCH,UNIT_SCADA,1,"2022/10/20 15:10:00",QPS2,0
D,DISPATCH,UNIT_SCADA,1,"2022/10/20 15:10:00",QPS3,0
D,DISPATCH,UNIT_SCADA,1,"2022/10/20 15:10:00",QPS4,0
D,DISPATCH,UNIT_SCADA,1,"2022/10/20 15:10:00",QPS5,72.689990
D,DISPATCH,UNIT_SCADA,1,"2022/10/20 15:10:00",REECE1,0
D,DISPATCH,UNIT_SCADA,1,"2022/10/20 15:10:00",REECE2,0
D,DISPATCH,UNIT_SCADA,1,"2022/10/20 15:10:00",ROMA_7,0
D,DISPATCH,UNIT_SCADA,1,"2022/10/20 15:10:00",ROMA_8,0
D,DISPATCH,UNIT_SCADA,1,"2022/10/20 15:10:00",RRSF1,2.207790
D,DISPATCH,UNIT_SCADA,1,"2022/10/20 15:10:00",RT_NSW1,0
D,DISPATCH,UNIT_SCADA,1,"2022/10/20 15:10:00",RT_NSW2,0
D,DISPATCH,UNIT_SCADA,1,"2022/10/20 15:10:00",RT_NSW3,0
D,DISPATCH,UNIT_SCADA,1,"2022/10/20 15:10:00",RT_NSW4,0
D,DISPATCH,UNIT_SCADA,1,"2022/10/20 15:10:00",RT_NSW5,0
D,DISPATCH,UNIT_SCADA,1,"2022/10/20 15:10:00",RT_NSW6,0
D,DISPATCH,UNIT_SCADA,1,"2022/10/20 15:10:00",RT_QLD1,0
D,DISPATCH,UNIT_SCADA,1,"2022/10/20 15:10:00",RT_SA1,0
D,DISPATCH,UNIT_SCADA,1,"2022/10/20 15:10:00",RT_SA2,0
D,DISPATCH,UNIT_SCADA,1,"2022/10/20 15:10:00",RT_SA3,0
D,DISPATCH,UNIT_SCADA,1,"2022/10/20 15:10:00",RT_SA4,0
D,DISPATCH,UNIT_SCADA,1,"2022/10/20 15:10:00",RT_SA5,0
D,DISPATCH,UNIT_SCADA,1,"2022/10/20 15:10:00",RT_SA6,0
D,DISPATCH,UNIT_SCADA,1,"2022/10/20 15:10:00",RT_TAS1,0
D,DISPATCH,UNIT_SCADA,1,"2022/10/20 15:10:00",RT_VIC1,0
D,DISPATCH,UNIT_SCADA,1,"2022/10/20 15:10:00",RT_VIC10,0
D,DISPATCH,UNIT_SCADA,1,"2022/10/20 15:10:00",RT_VIC11,0
D,DISPATCH,UNIT_SCADA,1,"2022/10/20 15:10:00",RT_VIC12,0
D,DISPATCH,UNIT_SCADA,1,"2022/10/20 15:10:00",RT_VIC2,0
D,DISPATCH,UNIT_SCADA,1,"2022/10/20 15:10:00",RT_VIC3,0
D,DISPATCH,UNIT_SCADA,1,"2022/10/20 15:10:00",RT_VIC4,0
D,DISPATCH,UNIT_SCADA,1,"2022/10/20 15:10:00",RT_VIC5,0
D,DISPATCH,UNIT_SCADA,1,"2022/10/20 15:10:00",RT_VIC6,0
D,DISPATCH,UNIT_SCADA,1,"2022/10/20 15:10:00",RT_VIC7,0
D,DISPATCH,UNIT_SCADA,1,"2022/10/20 15:10:00",RT_VIC8,0
D,DISPATCH,UNIT_SCADA,1,"2022/10/20 15:10:00",RT_VIC9,0
D,DISPATCH,UNIT_SCADA,1,"2022/10/20 15:10:00",RUGBYR1,0.035480
D,DISPATCH,UNIT_SCADA,1,"2022/10/20 15:10:00",SALTCRK1,17.95
D,DISPATCH,UNIT_SCADA,1,"2022/10/20 15:10:00",SAPHWF1,17.0428
D,DISPATCH,UNIT_SCADA,1,"2022/10/20 15:10:00",SEBSF1,9.760170
D,DISPATCH,UNIT_SCADA,1,"2022/10/20 15:10:00",SHGEN,0
D,DISPATCH,UNIT_SCADA,1,"2022/10/20 15:10:00",SHPUMP,0
D,DISPATCH,UNIT_SCADA,1,"2022/10/20 15:10:00",SITHE01,0.143810
D,DISPATCH,UNIT_SCADA,1,"2022/10/20 15:10:00",SMCSF1,6.9040
D,DISPATCH,UNIT_SCADA,1,"2022/10/20 15:10:00",SNAPPER1,0
D,DISPATCH,UNIT_SCADA,1,"2022/10/20 15:10:00",SNOWNTH1,24.80
D,DISPATCH,UNIT_SCADA,1,"2022/10/20 15:10:00",SNOWSTH1,13.80
D,DISPATCH,UNIT_SCADA,1,"2022/10/20 15:10:00",SNOWTWN1,15.923690
D,DISPATCH,UNIT_SCADA,1,"2022/10/20 15:10:00",SNOWYP,0
D,DISPATCH,UNIT_SCADA,1,"2022/10/20 15:10:00",SNUG1,0
D,DISPATCH,UNIT_SCADA,1,"2022/10/20 15:10:00",SRSF1,9.79
D,DISPATCH,UNIT_SCADA,1,"2022/10/20 15:10:00",STAN-1,338.710360
D,DISPATCH,UNIT_SCADA,1,"2022/10/20 15:10:00",STAN-2,354.899260
D,DISPATCH,UNIT_SCADA,1,"2022/10/20 15:10:00",STAN-3,158.287020
D,DISPATCH,UNIT_SCADA,1,"2022/10/20 15:10:00",STAN-4,336.864590
D,DISPATCH,UNIT_SCADA,1,"2022/10/20 15:10:00",STARHLWF,13.795980
D,DISPATCH,UNIT_SCADA,1,"2022/10/20 15:10:00",STOCKYD1,186.88
D,DISPATCH,UNIT_SCADA,1,"2022/10/20 15:10:00",STWF1,0
D,DISPATCH,UNIT_SCADA,1,"2022/10/20 15:10:00",SUNRSF1,36.095210
D,DISPATCH,UNIT_SCADA,1,"2022/10/20 15:10:00",SUNTPSF1,48.745250
D,DISPATCH,UNIT_SCADA,1,"2022/10/20 15:10:00",SWAN_E,190.819990
D,DISPATCH,UNIT_SCADA,1,"2022/10/20 15:10:00",TALWA1,0
D,DISPATCH,UNIT_SCADA,1,"2022/10/20 15:10:00",TARALGA1,0
D,DISPATCH,UNIT_SCADA,1,"2022/10/20 15:10:00",TARONG#1,344.700010
D,DISPATCH,UNIT_SCADA,1,"2022/10/20 15:10:00",TARONG#2,344.50
D,DISPATCH,UNIT_SCADA,1,"2022/10/20 15:10:00",TARONG#3,0.90
D,DISPATCH,UNIT_SCADA,1,"2022/10/20 15:10:00",TARONG#4,284.800020
D,DISPATCH,UNIT_SCADA,1,"2022/10/20 15:10:00",TARRALEA,54
D,DISPATCH,UNIT_SCADA,1,"2022/10/20 15:10:00",TBSF1,0.10
D,DISPATCH,UNIT_SCADA,1,"2022/10/20 15:10:00",TNPS1,317.3125
D,DISPATCH,UNIT_SCADA,1,"2022/10/20 15:10:00",TORRB1,0
D,DISPATCH,UNIT_SCADA,1,"2022/10/20 15:10:00",TORRB2,40
D,DISPATCH,UNIT_SCADA,1,"2022/10/20 15:10:00",TORRB3,0
D,DISPATCH,UNIT_SCADA,1,"2022/10/20 15:10:00",TORRB4,0
D,DISPATCH,UNIT_SCADA,1,"2022/10/20 15:10:00",TREVALLN,100.631380
D,DISPATCH,UNIT_SCADA,1,"2022/10/20 15:10:00",TRIBUTE,0
D,DISPATCH,UNIT_SCADA,1,"2022/10/20 15:10:00",TUMUT3,0
D,DISPATCH,UNIT_SCADA,1,"2022/10/20 15:10:00",TUNGATIN,2.700020
D,DISPATCH,UNIT_SCADA,1,"2022/10/20 15:10:00",TVCC201,0
D,DISPATCH,UNIT_SCADA,1,"2022/10/20 15:10:00",TVPP104,0
D,DISPATCH,UNIT_SCADA,1,"2022/10/20 15:10:00",UPPTUMUT,0
D,DISPATCH,UNIT_SCADA,1,"2022/10/20 15:10:00",URANQ11,0
D,DISPATCH,UNIT_SCADA,1,"2022/10/20 15:10:00",URANQ12,0
D,DISPATCH,UNIT_SCADA,1,"2022/10/20 15:10:00",URANQ13,0
D,DISPATCH,UNIT_SCADA,1,"2022/10/20 15:10:00",URANQ14,0
D,DISPATCH,UNIT_SCADA,1,"2022/10/20 15:10:00",VBBG1,0
D,DISPATCH,UNIT_SCADA,1,"2022/10/20 15:10:00",VBBL1,19
D,DISPATCH,UNIT_SCADA,1,"2022/10/20 15:10:00",VP5,550.407410
D,DISPATCH,UNIT_SCADA,1,"2022/10/20 15:10:00",VP6,589.568790
D,DISPATCH,UNIT_SCADA,1,"2022/10/20 15:10:00",VPGS1,0
D,DISPATCH,UNIT_SCADA,1,"2022/10/20 15:10:00",VPGS2,0
D,DISPATCH,UNIT_SCADA,1,"2022/10/20 15:10:00",VPGS3,0
D,DISPATCH,UNIT_SCADA,1,"2022/10/20 15:10:00",VPGS4,0
D,DISPATCH,UNIT_SCADA,1,"2022/10/20 15:10:00",VPGS5,0
D,DISPATCH,UNIT_SCADA,1,"2022/10/20 15:10:00",VPGS6,0
D,DISPATCH,UNIT_SCADA,1,"2022/10/20 15:10:00",W/HOE#1,0
D,DISPATCH,UNIT_SCADA,1,"2022/10/20 15:10:00",W/HOE#2,0
D,DISPATCH,UNIT_SCADA,1,"2022/10/20 15:10:00",WAGGNSF1,0
D,DISPATCH,UNIT_SCADA,1,"2022/10/20 15:10:00",WALGRVG1,0
D,DISPATCH,UNIT_SCADA,1,"2022/10/20 15:10:00",WALGRVL1,0.656210
D,DISPATCH,UNIT_SCADA,1,"2022/10/20 15:10:00",WANDBG1,0
D,DISPATCH,UNIT_SCADA,1,"2022/10/20 15:10:00",WANDBL1,0.865640
D,DISPATCH,UNIT_SCADA,1,"2022/10/20 15:10:00",WARWSF1,3.32
D,DISPATCH,UNIT_SCADA,1,"2022/10/20 15:10:00",WARWSF2,3.43
D,DISPATCH,UNIT_SCADA,1,"2022/10/20 15:10:00",WATERLWF,3.30
D,DISPATCH,UNIT_SCADA,1,"2022/10/20 15:10:00",WDGPH1,49.8090
D,DISPATCH,UNIT_SCADA,1,"2022/10/20 15:10:00",WELLSF1,14.4625
D,DISPATCH,UNIT_SCADA,1,"2022/10/20 15:10:00",WEMENSF1,8.2395
D,DISPATCH,UNIT_SCADA,1,"2022/10/20 15:10:00",WGWF1,4.70
D,DISPATCH,UNIT_SCADA,1,"2022/10/20 15:10:00",WHITSF1,12.60
D,DISPATCH,UNIT_SCADA,1,"2022/10/20 15:10:00",WINTSF1,85.15
D,DISPATCH,UNIT_SCADA,1,"2022/10/20 15:10:00",WKIEWA1,31.70
D,DISPATCH,UNIT_SCADA,1,"2022/10/20 15:10:00",WKIEWA2,13.90
D,DISPATCH,UNIT_SCADA,1,"2022/10/20 15:10:00",WOODLWN1,21.1512
D,DISPATCH,UNIT_SCADA,1,"2022/10/20 15:10:00",WOOLGSF1,6.179580
D,DISPATCH,UNIT_SCADA,1,"2022/10/20 15:10:00",WPWF,39.57
D,DISPATCH,UNIT_SCADA,1,"2022/10/20 15:10:00",WRSF1,7.879880
D,DISPATCH,UNIT_SCADA,1,"2022/10/20 15:10:00",WRWF1,4.807810
D,DISPATCH,UNIT_SCADA,1,"2022/10/20 15:10:00",WSTWYSF1,1.5456
D,DISPATCH,UNIT_SCADA,1,"2022/10/20 15:10:00",YABULU,0
D,DISPATCH,UNIT_SCADA,1,"2022/10/20 15:10:00",YABULU2,0
D,DISPATCH,UNIT_SCADA,1,"2022/10/20 15:10:00",YARANSF1,22.63
D,DISPATCH,UNIT_SCADA,1,"2022/10/20 15:10:00",YARWUN_1,160
D,DISPATCH,UNIT_SCADA,1,"2022/10/20 15:10:00",YATSF1,80.9540
D,DISPATCH,UNIT_SCADA,1,"2022/10/20 15:10:00",YENDWF1,27.6070
D,DISPATCH,UNIT_SCADA,1,"2022/10/20 15:10:00",YWPS1,323.807590
D,DISPATCH,UNIT_SCADA,1,"2022/10/20 15:10:00",YWPS2,289.470890
D,DISPATCH,UNIT_SCADA,1,"2022/10/20 15:10:00",YWPS3,310.554440
D,DISPATCH,UNIT_SCADA,1,"2022/10/20 15:10:00",YWPS4,0
C,"END OF REPORT",414
