C,NEMP.WORLD,DISPATCHSCADA,AEMO,PUBLIC,2022/10/20,20:00:09,0000000373277834,DISPATCHSCADA,0000000373277828
I,DISPATCH,UNIT_SCADA,1,SETTLEMENTDATE,DUID,SCADAVALUE
D,DISPATCH,UNIT_SCADA,1,"2022/10/20 20:05:00",BARCSF1,0.10
D,DISPATCH,UNIT_SCADA,1,"2022/10/20 20:05:00",BUTLERSG,8.699999
D,DISPATCH,UNIT_SCADA,1,"2022/10/20 20:05:00",CAPTL_WF,107.083664
D,DISPATCH,UNIT_SCADA,1,"2022/10/20 20:05:00",CHALLHWF,10.50
D,DISPATCH,UNIT_SCADA,1,"2022/10/20 20:05:00",CLOVER,13.20
D,DISPATCH,UNIT_SCADA,1,"2022/10/20 20:05:00",CLUNY,6.395514
D,DISPATCH,UNIT_SCADA,1,"2022/10/20 20:05:00",CULLRGWF,-0.03
D,DISPATCH,UNIT_SCADA,1,"2022/10/20 20:05:00",DIAPURWF1,0.60
D,DISPATCH,UNIT_SCADA,1,"2022/10/20 20:05:00",ERGT01,0
D,DISPATCH,UNIT_SCADA,1,"2022/10/20 20:05:00",GB01,0
D,DISPATCH,UNIT_SCADA,1,"2022/10/20 20:05:00",GERMCRK,21.50
D,DISPATCH,UNIT_SCADA,1,"2022/10/20 20:05:00",GRIFSF1,0.001526
D,DISPATCH,UNIT_SCADA,1,"2022/10/20 20:05:00",HEZ1,0
D,DISPATCH,UNIT_SCADA,1,"2022/10/20 20:05:00",HUGSF1,-0.0420
D,DISPATCH,UNIT_SCADA,1,"2022/10/20 20:05:00",KEPBG1,0
D,DISPATCH,UNIT_SCADA,1,"2022/10/20 20:05:00",LRSF1,0.0110
D,DISPATCH,UNIT_SCADA,1,"2022/10/20 20:05:00",MBAHNTH,45.037506
D,DISPATCH,UNIT_SCADA,1,"2022/10/20 20:05:00",MLSP1,0
D,DISPATCH,UNIT_SCADA,1,"2022/10/20 20:05:00",MLWF1,7.71
D,DISPATCH,UNIT_SCADA,1,"2022/10/20 20:05:00",PALOONA,30.869999
D,DISPATCH,UNIT_SCADA,1,"2022/10/20 20:05:00",PIONEER,22.700001
D,DISPATCH,UNIT_SCADA,1,"2022/10/20 20:05:00",PORTWF,42.299999
D,DISPATCH,UNIT_SCADA,1,"2022/10/20 20:05:00",REPULSE,9.931182
D,DISPATCH,UNIT_SCADA,1,"2022/10/20 20:05:00",ROWALLAN,8.9034
D,DISPATCH,UNIT_SCADA,1,"2022/10/20 20:05:00",ROYALLA1,0
D,DISPATCH,UNIT_SCADA,1,"2022/10/20 20:05:00",RPCG,-0.50
D,DISPATCH,UNIT_SCADA,1,"2022/10/20 20:05:00",RUBICON,0
D,DISPATCH,UNIT_SCADA,1,"2022/10/20 20:05:00",WAUBRAWF,75.469002
D,DISPATCH,UNIT_SCADA,1,"2022/10/20 20:05:00",WOOLNTH1,74.739998
D,DISPATCH,UNIT_SCADA,1,"2022/10/20 20:05:00",YAMBUKWF,7.20
D,DISPATCH,UNIT_SCADA,1,"2022/10/20 20:05:00",YSWF1,1.10
D,DISPATCH,UNIT_SCADA,1,"2022/10/20 20:05:00",ADPBA1G,0.0080
D,DISPATCH,UNIT_SCADA,1,"2022/10/20 20:05:00",ADPBA1L,0
D,DISPATCH,UNIT_SCADA,1,"2022/10/20 20:05:00",ADPPV1,0
D,DISPATCH,UNIT_SCADA,1,"2022/10/20 20:05:00",AGLHAL,31.029710
D,DISPATCH,UNIT_SCADA,1,"2022/10/20 20:05:00",AGLSOM,0
D,DISPATCH,UNIT_SCADA,1,"2022/10/20 20:05:00",ANGAST1,0
D,DISPATCH,UNIT_SCADA,1,"2022/10/20 20:05:00",ARWF1,9
D,DISPATCH,UNIT_SCADA,1,"2022/10/20 20:05:00",BALBG1,0
D,DISPATCH,UNIT_SCADA,1,"2022/10/20 20:05:00",BALBL1,0
D,DISPATCH,UNIT_SCADA,1,"2022/10/20 20:05:00",BALDHWF1,104.9270
D,DISPATCH,UNIT_SCADA,1,"2022/10/20 20:05:00",BANGOWF1,86.795760
D,DISPATCH,UNIT_SCADA,1,"2022/10/20 20:05:00",BANGOWF2,67.399480
D,DISPATCH,UNIT_SCADA,1,"2022/10/20 20:05:00",BANN1,0
D,DISPATCH,UNIT_SCADA,1,"2022/10/20 20:05:00",BARCALDN,0
D,DISPATCH,UNIT_SCADA,1,"2022/10/20 20:05:00",BARKIPS1,190.69
D,DISPATCH,UNIT_SCADA,1,"2022/10/20 20:05:00",BARRON-1,27.84
D,DISPATCH,UNIT_SCADA,1,"2022/10/20 20:05:00",BARRON-2,0
D,DISPATCH,UNIT_SCADA,1,"2022/10/20 20:05:00",BASTYAN,69.05
D,DISPATCH,UNIT_SCADA,1,"2022/10/20 20:05:00",BBTHREE1,0
D,DISPATCH,UNIT_SCADA,1,"2022/10/20 20:05:00",BBTHREE2,0
D,DISPATCH,UNIT_SCADA,1,"2022/10/20 20:05:00",BBTHREE3,-1.10
D,DISPATCH,UNIT_SCADA,1,"2022/10/20 20:05:00",BDL01,0
D,DISPATCH,UNIT_SCADA,1,"2022/10/20 20:05:00",BDL02,0
D,DISPATCH,UNIT_SCADA,1,"2022/10/20 20:05:00",BERYLSF1,0
D,DISPATCH,UNIT_SCADA,1,"2022/10/20 20:05:00",BLOWERNG,62.60
D,DISPATCH,UNIT_SCADA,1,"2022/10/20 20:05:00",BLUEGSF1,0
D,DISPATCH,UNIT_SCADA,1,"2022/10/20 20:05:00",BLUFF1,1.10
D,DISPATCH,UNIT_SCADA,1,"2022/10/20 20:05:00",BNGSF1,0
D,DISPATCH,UNIT_SCADA,1,"2022/10/20 20:05:00",BNGSF2,0
D,DISPATCH,UNIT_SCADA,1,"2022/10/20 20:05:00",BOCORWF1,22.93
D,DISPATCH,UNIT_SCADA,1,"2022/10/20 20:05:00",BODWF1,109.191380
D,DISPATCH,UNIT_SCADA,1,"2022/10/20 20:05:00",BOMENSF1,0
D,DISPATCH,UNIT_SCADA,1,"2022/10/20 20:05:00",BOWWBA1G,0.0010
D,DISPATCH,UNIT_SCADA,1,"2022/10/20 20:05:00",BOWWBA1L,0
D,DISPATCH,UNIT_SCADA,1,"2022/10/20 20:05:00",BOWWPV1,0
D,DISPATCH,UNIT_SCADA,1,"2022/10/20 20:05:00",BRAEMAR1,0
D,DISPATCH,UNIT_SCADA,1,"2022/10/20 20:05:00",BRAEMAR2,0
D,DISPATCH,UNIT_SCADA,1,"2022/10/20 20:05:00",BRAEMAR3,0
D,DISPATCH,UNIT_SCADA,1,"2022/10/20 20:05:00",BRAEMAR5,143.270050
D,DISPATCH,UNIT_SCADA,1,"2022/10/20 20:05:00",BRAEMAR6,0
D,DISPATCH,UNIT_SCADA,1,"2022/10/20 20:05:00",BRAEMAR7,138.526610
D,DISPATCH,UNIT_SCADA,1,"2022/10/20 20:05:00",BROKENH1,0
D,DISPATCH,UNIT_SCADA,1,"2022/10/20 20:05:00",BRYB1WF1,112.693980
D,DISPATCH,UNIT_SCADA,1,"2022/10/20 20:05:00",BULBESG1,0
D,DISPATCH,UNIT_SCADA,1,"2022/10/20 20:05:00",BULBESL1,0.03
D,DISPATCH,UNIT_SCADA,1,"2022/10/20 20:05:00",BULGANA1,39.18
D,DISPATCH,UNIT_SCADA,1,"2022/10/20 20:05:00",BW01,658.030090
D,DISPATCH,UNIT_SCADA,1,"2022/10/20 20:05:00",BW02,636.545350
D,DISPATCH,UNIT_SCADA,1,"2022/10/20 20:05:00",BW03,613.229550
D,DISPATCH,UNIT_SCADA,1,"2022/10/20 20:05:00",BW04,0
D,DISPATCH,UNIT_SCADA,1,"2022/10/20 20:05:00",CALL_B_1,319.100010
D,DISPATCH,UNIT_SCADA,1,"2022/10/20 20:05:00",CALL_B_2,318.800020
D,DISPATCH,UNIT_SCADA,1,"2022/10/20 20:05:00",CATHROCK,1.70
D,DISPATCH,UNIT_SCADA,1,"2022/10/20 20:05:00",CBWWBA1G,0
D,DISPATCH,UNIT_SCADA,1,"2022/10/20 20:05:00",CBWWBA1L,0
D,DISPATCH,UNIT_SCADA,1,"2022/10/20 20:05:00",CETHANA,97.4660
D,DISPATCH,UNIT_SCADA,1,"2022/10/20 20:05:00",CG1,0
D,DISPATCH,UNIT_SCADA,1,"2022/10/20 20:05:00",CG2,0
D,DISPATCH,UNIT_SCADA,1,"2022/10/20 20:05:00",CG3,0
D,DISPATCH,UNIT_SCADA,1,"2022/10/20 20:05:00",CG4,0
D,DISPATCH,UNIT_SCADA,1,"2022/10/20 20:05:00",CHILDSF1,0
D,DISPATCH,UNIT_SCADA,1,"2022/10/20 20:05:00",CHYTWF1,4.91
D,DISPATCH,UNIT_SCADA,1,"2022/10/20 20:05:00",CLARESF1,0
D,DISPATCH,UNIT_SCADA,1,"2022/10/20 20:05:00",CLEMGPWF,0.2161
D,DISPATCH,UNIT_SCADA,1,"2022/10/20 20:05:00",CLERMSF1,0
D,DISPATCH,UNIT_SCADA,1,"2022/10/20 20:05:00",CNUNDAWF,15.017520
D,DISPATCH,UNIT_SCADA,1,"2022/10/20 20:05:00",COHUNSF1,0
D,DISPATCH,UNIT_SCADA,1,"2022/10/20 20:05:00",COLEASF1,0
D,DISPATCH,UNIT_SCADA,1,"2022/10/20 20:05:00",COLUMSF1,0
D,DISPATCH,UNIT_SCADA,1,"2022/10/20 20:05:00",COLWF01,105.314710
D,DISPATCH,UNIT_SCADA,1,"2022/10/20 20:05:00",COOPGWF1,371.359990
D,DISPATCH,UNIT_SCADA,1,"2022/10/20 20:05:00",CPP_3,377.575010
D,DISPATCH,UNIT_SCADA,1,"2022/10/20 20:05:00",CPP_4,0
D,DISPATCH,UNIT_SCADA,1,"2022/10/20 20:05:00",CPSA,0
D,DISPATCH,UNIT_SCADA,1,"2022/10/20 20:05:00",CROOKWF2,35.633480
D,DISPATCH,UNIT_SCADA,1,"2022/10/20 20:05:00",CROWLWF1,32.583680
D,DISPATCH,UNIT_SCADA,1,"2022/10/20 20:05:00",CRURWF1,85.296330
D,DISPATCH,UNIT_SCADA,1,"2022/10/20 20:05:00",CRWASF1,0
D,DISPATCH,UNIT_SCADA,1,"2022/10/20 20:05:00",CSPVPS1,0
D,DISPATCH,UNIT_SCADA,1,"2022/10/20 20:05:00",CTHLWF1,0.003050
D,DISPATCH,UNIT_SCADA,1,"2022/10/20 20:05:00",DALNTH01,0
D,DISPATCH,UNIT_SCADA,1,"2022/10/20 20:05:00",DALNTHL1,0.074770
D,DISPATCH,UNIT_SCADA,1,"2022/10/20 20:05:00",DARLSF1,0
D,DISPATCH,UNIT_SCADA,1,"2022/10/20 20:05:00",DARTM1,0
D,DISPATCH,UNIT_SCADA,1,"2022/10/20 20:05:00",DAYDSF1,0
D,DISPATCH,UNIT_SCADA,1,"2022/10/20 20:05:00",DDPS1,0
D,DISPATCH,UNIT_SCADA,1,"2022/10/20 20:05:00",DDSF1,0
D,DISPATCH,UNIT_SCADA,1,"2022/10/20 20:05:00",DEVILS_G,58.419750
D,DISPATCH,UNIT_SCADA,1,"2022/10/20 20:05:00",DG_NSW1,0
D,DISPATCH,UNIT_SCADA,1,"2022/10/20 20:05:00",DG_QLD1,0
D,DISPATCH,UNIT_SCADA,1,"2022/10/20 20:05:00",DG_SA1,0
D,DISPATCH,UNIT_SCADA,1,"2022/10/20 20:05:00",DG_TAS1,0
D,DISPATCH,UNIT_SCADA,1,"2022/10/20 20:05:00",DG_VIC1,0
D,DISPATCH,UNIT_SCADA,1,"2022/10/20 20:05:00",DRYCGT1,0
D,DISPATCH,UNIT_SCADA,1,"2022/10/20 20:05:00",DRYCGT2,0
D,DISPATCH,UNIT_SCADA,1,"2022/10/20 20:05:00",DRYCGT3,0
D,DISPATCH,UNIT_SCADA,1,"2022/10/20 20:05:00",DUNDWF1,74.72
D,DISPATCH,UNIT_SCADA,1,"2022/10/20 20:05:00",DUNDWF2,14.69
D,DISPATCH,UNIT_SCADA,1,"2022/10/20 20:05:00",DUNDWF3,82.84
D,DISPATCH,UNIT_SCADA,1,"2022/10/20 20:05:00",EILDON1,60
D,DISPATCH,UNIT_SCADA,1,"2022/10/20 20:05:00",EILDON2,60.16
D,DISPATCH,UNIT_SCADA,1,"2022/10/20 20:05:00",ELAINWF1,8.04
D,DISPATCH,UNIT_SCADA,1,"2022/10/20 20:05:00",EMERASF1,0
D,DISPATCH,UNIT_SCADA,1,"2022/10/20 20:05:00",ER01,0
D,DISPATCH,UNIT_SCADA,1,"2022/10/20 20:05:00",ER02,675.291080
D,DISPATCH,UNIT_SCADA,1,"2022/10/20 20:05:00",ER03,638.571780
D,DISPATCH,UNIT_SCADA,1,"2022/10/20 20:05:00",ER04,693.284480
D,DISPATCH,UNIT_SCADA,1,"2022/10/20 20:05:00",FINLYSF1,0
D,DISPATCH,UNIT_SCADA,1,"2022/10/20 20:05:00",FISHER,43.96
D,DISPATCH,UNIT_SCADA,1,"2022/10/20 20:05:00",GANGARR1,0
D,DISPATCH,UNIT_SCADA,1,"2022/10/20 20:05:00",GANNBG1,19.676740
D,DISPATCH,UNIT_SCADA,1,"2022/10/20 20:05:00",GANNBL1,0
D,DISPATCH,UNIT_SCADA,1,"2022/10/20 20:05:00",GANNSF1,0
D,DISPATCH,UNIT_SCADA,1,"2022/10/20 20:05:00",GLRWNSF1,0
D,DISPATCH,UNIT_SCADA,1,"2022/10/20 20:05:00",GNNDHSF1,0
D,DISPATCH,UNIT_SCADA,1,"2022/10/20 20:05:00",GOONSF1,0
D,DISPATCH,UNIT_SCADA,1,"2022/10/20 20:05:00",GORDON,263.227290
D,DISPATCH,UNIT_SCADA,1,"2022/10/20 20:05:00",GRANWF1,0
D,DISPATCH,UNIT_SCADA,1,"2022/10/20 20:05:00",GSTONE1,213.849990
D,DISPATCH,UNIT_SCADA,1,"2022/10/20 20:05:00",GSTONE2,0
D,DISPATCH,UNIT_SCADA,1,"2022/10/20 20:05:00",GSTONE3,200.024990
D,DISPATCH,UNIT_SCADA,1,"2022/10/20 20:05:00",GSTONE4,0
D,DISPATCH,UNIT_SCADA,1,"2022/10/20 20:05:00",GSTONE5,214.3750
D,DISPATCH,UNIT_SCADA,1,"2022/10/20 20:05:00",GSTONE6,214.20
D,DISPATCH,UNIT_SCADA,1,"2022/10/20 20:05:00",GULLRSF1,0
D,DISPATCH,UNIT_SCADA,1,"2022/10/20 20:05:00",GULLRWF1,68.773950
D,DISPATCH,UNIT_SCADA,1,"2022/10/20 20:05:00",GULLRWF2,97.126970
D,DISPATCH,UNIT_SCADA,1,"2022/10/20 20:05:00",GUNNING1,0
D,DISPATCH,UNIT_SCADA,1,"2022/10/20 20:05:00",GUTHEGA,67.80
D,DISPATCH,UNIT_SCADA,1,"2022/10/20 20:05:00",HALLWF1,5.44
D,DISPATCH,UNIT_SCADA,1,"2022/10/20 20:05:00",HALLWF2,4.74
D,DISPATCH,UNIT_SCADA,1,"2022/10/20 20:05:00",HAMISF1,0
D,DISPATCH,UNIT_SCADA,1,"2022/10/20 20:05:00",HAUGHT11,0
D,DISPATCH,UNIT_SCADA,1,"2022/10/20 20:05:00",HAYMSF1,0
D,DISPATCH,UNIT_SCADA,1,"2022/10/20 20:05:00",HDWF1,16.30
D,DISPATCH,UNIT_SCADA,1,"2022/10/20 20:05:00",HDWF2,14.90
D,DISPATCH,UNIT_SCADA,1,"2022/10/20 20:05:00",HDWF3,20.90
D,DISPATCH,UNIT_SCADA,1,"2022/10/20 20:05:00",HILLSTN1,0
D,DISPATCH,UNIT_SCADA,1,"2022/10/20 20:05:00",HPRG1,0
D,DISPATCH,UNIT_SCADA,1,"2022/10/20 20:05:00",HPRL1,1.80
D,DISPATCH,UNIT_SCADA,1,"2022/10/20 20:05:00",HUMENSW,55.019710
D,DISPATCH,UNIT_SCADA,1,"2022/10/20 20:05:00",HUMEV,0
D,DISPATCH,UNIT_SCADA,1,"2022/10/20 20:05:00",HVWWBA1G,0
D,DISPATCH,UNIT_SCADA,1,"2022/10/20 20:05:00",HVWWBA1L,0.0070
D,DISPATCH,UNIT_SCADA,1,"2022/10/20 20:05:00",HVWWPV1,0
D,DISPATCH,UNIT_SCADA,1,"2022/10/20 20:05:00",JBUTTERS,9.041870
D,DISPATCH,UNIT_SCADA,1,"2022/10/20 20:05:00",JEMALNG1,0
D,DISPATCH,UNIT_SCADA,1,"2022/10/20 20:05:00",JLA01,0
D,DISPATCH,UNIT_SCADA,1,"2022/10/20 20:05:00",JLA02,0
D,DISPATCH,UNIT_SCADA,1,"2022/10/20 20:05:00",JLA03,0
D,DISPATCH,UNIT_SCADA,1,"2022/10/20 20:05:00",JLA04,0
D,DISPATCH,UNIT_SCADA,1,"2022/10/20 20:05:00",JLB01,0
D,DISPATCH,UNIT_SCADA,1,"2022/10/20 20:05:00",JLB02,0.10
D,DISPATCH,UNIT_SCADA,1,"2022/10/20 20:05:00",JLB03,0
D,DISPATCH,UNIT_SCADA,1,"2022/10/20 20:05:00",JUNEESF1,0
D,DISPATCH,UNIT_SCADA,1,"2022/10/20 20:05:00",KABANWF1,0
D,DISPATCH,UNIT_SCADA,1,"2022/10/20 20:05:00",KAREEYA1,0
D,DISPATCH,UNIT_SCADA,1,"2022/10/20 20:05:00",KAREEYA2,0
D,DISPATCH,UNIT_SCADA,1,"2022/10/20 20:05:00",KAREEYA3,4.7175
D,DISPATCH,UNIT_SCADA,1,"2022/10/20 20:05:00",KAREEYA4,0
D,DISPATCH,UNIT_SCADA,1,"2022/10/20 20:05:00",KARSF1,0
D,DISPATCH,UNIT_SCADA,1,"2022/10/20 20:05:00",KEPSF1,0
D,DISPATCH,UNIT_SCADA,1,"2022/10/20 20:05:00",KEPWF1,6.11
D,DISPATCH,UNIT_SCADA,1,"2022/10/20 20:05:00",KIAMSF1,0
D,DISPATCH,UNIT_SCADA,1,"2022/10/20 20:05:00",KIATAWF1,1.70
D,DISPATCH,UNIT_SCADA,1,"2022/10/20 20:05:00",KPP_1,0
D,DISPATCH,UNIT_SCADA,1,"2022/10/20 20:05:00",KSP1,0
D,DISPATCH,UNIT_SCADA,1,"2022/10/20 20:05:00",LADBROK1,0.01
D,DISPATCH,UNIT_SCADA,1,"2022/10/20 20:05:00",LADBROK2,0.02
D,DISPATCH,UNIT_SCADA,1,"2022/10/20 20:05:00",LBBG1,0.60
D,DISPATCH,UNIT_SCADA,1,"2022/10/20 20:05:00",LBBL1,0
D,DISPATCH,UNIT_SCADA,1,"2022/10/20 20:05:00",LD01,376.641140
D,DISPATCH,UNIT_SCADA,1,"2022/10/20 20:05:00",LD02,74.489580
D,DISPATCH,UNIT_SCADA,1,"2022/10/20 20:05:00",LD04,311.416960
D,DISPATCH,UNIT_SCADA,1,"2022/10/20 20:05:00",LEM_WIL,86.739910
D,DISPATCH,UNIT_SCADA,1,"2022/10/20 20:05:00",LGAPWF1,95.39
D,DISPATCH,UNIT_SCADA,1,"2022/10/20 20:05:00",LGAPWF2,78.17
D,DISPATCH,UNIT_SCADA,1,"2022/10/20 20:05:00",LILYSF1,0
D,DISPATCH,UNIT_SCADA,1,"2022/10/20 20:05:00",LIMOSF11,0
D,DISPATCH,UNIT_SCADA,1,"2022/10/20 20:05:00",LIMOSF21,0
D,DISPATCH,UNIT_SCADA,1,"2022/10/20 20:05:00",LI_WY_CA,62.730440
D,DISPATCH,UNIT_SCADA,1,"2022/10/20 20:05:00",LKBONNY1,22.505980
D,DISPATCH,UNIT_SCADA,1,"2022/10/20 20:05:00",LKBONNY2,61.790620
D,DISPATCH,UNIT_SCADA,1,"2022/10/20 20:05:00",LKBONNY3,14.569560
D,DISPATCH,UNIT_SCADA,1,"2022/10/20 20:05:00",LK_ECHO,0
D,DISPATCH,UNIT_SCADA,1,"2022/10/20 20:05:00",LNGS1,0
D,DISPATCH,UNIT_SCADA,1,"2022/10/20 20:05:00",LNGS2,0
D,DISPATCH,UNIT_SCADA,1,"2022/10/20 20:05:00",LONSDALE,0
D,DISPATCH,UNIT_SCADA,1,"2022/10/20 20:05:00",LOYYB1,579.698730
D,DISPATCH,UNIT_SCADA,1,"2022/10/20 20:05:00",LOYYB2,574.435420
D,DISPATCH,UNIT_SCADA,1,"2022/10/20 20:05:00",LYA1,555
D,DISPATCH,UNIT_SCADA,1,"2022/10/20 20:05:00",LYA2,0
D,DISPATCH,UNIT_SCADA,1,"2022/10/20 20:05:00",LYA3,553
D,DISPATCH,UNIT_SCADA,1,"2022/10/20 20:05:00",LYA4,555
D,DISPATCH,UNIT_SCADA,1,"2022/10/20 20:05:00",MACARTH1,101.897640
D,DISPATCH,UNIT_SCADA,1,"2022/10/20 20:05:00",MACKNTSH,70.44
D,DISPATCH,UNIT_SCADA,1,"2022/10/20 20:05:00",MANSLR1,0
D,DISPATCH,UNIT_SCADA,1,"2022/10/20 20:05:00",MAPS2PV1,0
D,DISPATCH,UNIT_SCADA,1,"2022/10/20 20:05:00",MAPS3PV1,0
D,DISPATCH,UNIT_SCADA,1,"2022/10/20 20:05:00",MARYRSF1,0
D,DISPATCH,UNIT_SCADA,1,"2022/10/20 20:05:00",MBPS2PV1,0
D,DISPATCH,UNIT_SCADA,1,"2022/10/20 20:05:00",MCKAY1,219.97
D,DISPATCH,UNIT_SCADA,1,"2022/10/20 20:05:00",MEADOWBK,19.948840
D,DISPATCH,UNIT_SCADA,1,"2022/10/20 20:05:00",MERCER01,16.30
D,DISPATCH,UNIT_SCADA,1,"2022/10/20 20:05:00",METZSF1,0
D,DISPATCH,UNIT_SCADA,1,"2022/10/20 20:05:00",MEWF1,1
D,DISPATCH,UNIT_SCADA,1,"2022/10/20 20:05:00",MIDDLSF1,0
D,DISPATCH,UNIT_SCADA,1,"2022/10/20 20:05:00",MINTARO,0.128180
D,DISPATCH,UNIT_SCADA,1,"2022/10/20 20:05:00",MOLNGSF1,0
D,DISPATCH,UNIT_SCADA,1,"2022/10/20 20:05:00",MOORAWF1,8.26
D,DISPATCH,UNIT_SCADA,1,"2022/10/20 20:05:00",MOREESF1,0
D,DISPATCH,UNIT_SCADA,1,"2022/10/20 20:05:00",MORTLK11,0
D,DISPATCH,UNIT_SCADA,1,"2022/10/20 20:05:00",MORTLK12,0
D,DISPATCH,UNIT_SCADA,1,"2022/10/20 20:05:00",MOUSF1,0
D,DISPATCH,UNIT_SCADA,1,"2022/10/20 20:05:00",MP1,0
D,DISPATCH,UNIT_SCADA,1,"2022/10/20 20:05:00",MP2,617.8927
D,DISPATCH,UNIT_SCADA,1,"2022/10/20 20:05:00",MPP_1,191.290590
D,DISPATCH,UNIT_SCADA,1,"2022/10/20 20:05:00",MPP_2,179.846120
D,DISPATCH,UNIT_SCADA,1,"2022/10/20 20:05:00",MRTLSWF1,0
D,DISPATCH,UNIT_SCADA,1,"2022/10/20 20:05:00",MSTUART1,0
D,DISPATCH,UNIT_SCADA,1,"2022/10/20 20:05:00",MSTUART2,0
D,DISPATCH,UNIT_SCADA,1,"2022/10/20 20:05:00",MSTUART3,0
D,DISPATCH,UNIT_SCADA,1,"2022/10/20 20:05:00",MTGELWF1,39.062160
D,DISPATCH,UNIT_SCADA,1,"2022/10/20 20:05:00",MTMILLAR,14.40
D,DISPATCH,UNIT_SCADA,1,"2022/10/20 20:05:00",MURRAY,120.70
D,DISPATCH,UNIT_SCADA,1,"2022/10/20 20:05:00",MUSSELR1,26.60
D,DISPATCH,UNIT_SCADA,1,"2022/10/20 20:05:00",MUWAWF1,1.72
D,DISPATCH,UNIT_SCADA,1,"2022/10/20 20:05:00",MUWAWF2,2.20
D,DISPATCH,UNIT_SCADA,1,"2022/10/20 20:05:00",MWPS1PV1,0
D,DISPATCH,UNIT_SCADA,1,"2022/10/20 20:05:00",MWPS2PV1,0
D,DISPATCH,UNIT_SCADA,1,"2022/10/20 20:05:00",MWPS3PV1,0
D,DISPATCH,UNIT_SCADA,1,"2022/10/20 20:05:00",MWPS4PV1,0
D,DISPATCH,UNIT_SCADA,1,"2022/10/20 20:05:00",NBHWF1,17.30
D,DISPATCH,UNIT_SCADA,1,"2022/10/20 20:05:00",NEVERSF1,0
D,DISPATCH,UNIT_SCADA,1,"2022/10/20 20:05:00",NPS,0
D,DISPATCH,UNIT_SCADA,1,"2022/10/20 20:05:00",NUMURSF1,0
D,DISPATCH,UNIT_SCADA,1,"2022/10/20 20:05:00",NYNGAN1,0
D,DISPATCH,UNIT_SCADA,1,"2022/10/20 20:05:00",OAKEY1,125.857680
D,DISPATCH,UNIT_SCADA,1,"2022/10/20 20:05:00",OAKEY1SF,0
D,DISPATCH,UNIT_SCADA,1,"2022/10/20 20:05:00",OAKEY2,0
D,DISPATCH,UNIT_SCADA,1,"2022/10/20 20:05:00",OAKEY2SF,0
D,DISPATCH,UNIT_SCADA,1,"2022/10/20 20:05:00",OAKLAND1,22.60
D,DISPATCH,UNIT_SCADA,1,"2022/10/20 20:05:00",OSB-AG,178.019990
D,DISPATCH,UNIT_SCADA,1,"2022/10/20 20:05:00",PAREPS1,0
D,DISPATCH,UNIT_SCADA,1,"2022/10/20 20:05:00",PAREPW1,102.59
D,DISPATCH,UNIT_SCADA,1,"2022/10/20 20:05:00",PARSF1,0.001530
D,DISPATCH,UNIT_SCADA,1,"2022/10/20 20:05:00",POAT110,3.06
D,DISPATCH,UNIT_SCADA,1,"2022/10/20 20:05:00",POAT220,0
D,DISPATCH,UNIT_SCADA,1,"2022/10/20 20:05:00",POR01,0.008670
D,DISPATCH,UNIT_SCADA,1,"2022/10/20 20:05:00",POR03,0
D,DISPATCH,UNIT_SCADA,1,"2022/10/20 20:05:00",PPCCGT,162.814470
D,DISPATCH,UNIT_SCADA,1,"2022/10/20 20:05:00",PTSTAN1,0
D,DISPATCH,UNIT_SCADA,1,"2022/10/20 20:05:00",PUMP1,0
D,DISPATCH,UNIT_SCADA,1,"2022/10/20 20:05:00",PUMP2,0
D,DISPATCH,UNIT_SCADA,1,"2022/10/20 20:05:00",QBYNBG1,0.0005
D,DISPATCH,UNIT_SCADA,1,"2022/10/20 20:05:00",QBYNBL1,0
D,DISPATCH,UNIT_SCADA,1,"2022/10/20 20:05:00",QPS1,0
D,DISPATCH,UNIT_SCADA,1,"2022/10/20 20:05:00",QPS2,0
D,DISPATCH,UNIT_SCADA,1,"2022/10/20 20:05:00",QPS3,0
D,DISPATCH,UNIT_SCADA,1,"2022/10/20 20:05:00",QPS4,0
D,DISPATCH,UNIT_SCADA,1,"2022/10/20 20:05:00",QPS5,119.24
D,DISPATCH,UNIT_SCADA,1,"2022/10/20 20:05:00",REECE1,91.313450
D,DISPATCH,UNIT_SCADA,1,"2022/10/20 20:05:00",REECE2,98.850010
D,DISPATCH,UNIT_SCADA,1,"2022/10/20 20:05:00",ROMA_7,0
D,DISPATCH,UNIT_SCADA,1,"2022/10/20 20:05:00",ROMA_8,0
D,DISPATCH,UNIT_SCADA,1,"2022/10/20 20:05:00",RRSF1,0
D,DISPATCH,UNIT_SCADA,1,"2022/10/20 20:05:00",RT_NSW1,0
D,DISPATCH,UNIT_SCADA,1,"2022/10/20 20:05:00",RT_NSW2,0
D,DISPATCH,UNIT_SCADA,1,"2022/10/20 20:05:00",RT_NSW3,0
D,DISPATCH,UNIT_SCADA,1,"2022/10/20 20:05:00",RT_NSW4,0
D,DISPATCH,UNIT_SCADA,1,"2022/10/20 20:05:00",RT_NSW5,0
D,DISPATCH,UNIT_SCADA,1,"2022/10/20 20:05:00",RT_NSW6,0
D,DISPATCH,UNIT_SCADA,1,"2022/10/20 20:05:00",RT_QLD1,0
D,DISPATCH,UNIT_SCADA,1,"2022/10/20 20:05:00",RT_SA1,0
D,DISPATCH,UNIT_SCADA,1,"2022/10/20 20:05:00",RT_SA2,0
D,DISPATCH,UNIT_SCADA,1,"2022/10/20 20:05:00",RT_SA3,0
D,DISPATCH,UNIT_SCADA,1,"2022/10/20 20:05:00",RT_SA4,0
D,DISPATCH,UNIT_SCADA,1,"2022/10/20 20:05:00",RT_SA5,0
D,DISPATCH,UNIT_SCADA,1,"2022/10/20 20:05:00",RT_SA6,0
D,DISPATCH,UNIT_SCADA,1,"2022/10/20 20:05:00",RT_TAS1,0
D,DISPATCH,UNIT_SCADA,1,"2022/10/20 20:05:00",RT_VIC1,0
D,DISPATCH,UNIT_SCADA,1,"2022/10/20 20:05:00",RT_VIC10,0
D,DISPATCH,UNIT_SCADA,1,"2022/10/20 20:05:00",RT_VIC11,0
D,DISPATCH,UNIT_SCADA,1,"2022/10/20 20:05:00",RT_VIC12,0
D,DISPATCH,UNIT_SCADA,1,"2022/10/20 20:05:00",RT_VIC2,0
D,DISPATCH,UNIT_SCADA,1,"2022/10/20 20:05:00",RT_VIC3,0
D,DISPATCH,UNIT_SCADA,1,"2022/10/20 20:05:00",RT_VIC4,0
D,DISPATCH,UNIT_SCADA,1,"2022/10/20 20:05:00",RT_VIC5,0
D,DISPATCH,UNIT_SCADA,1,"2022/10/20 20:05:00",RT_VIC6,0
D,DISPATCH,UNIT_SCADA,1,"2022/10/20 20:05:00",RT_VIC7,0
D,DISPATCH,UNIT_SCADA,1,"2022/10/20 20:05:00",RT_VIC8,0
D,DISPATCH,UNIT_SCADA,1,"2022/10/20 20:05:00",RT_VIC9,0
D,DISPATCH,UNIT_SCADA,1,"2022/10/20 20:05:00",RUGBYR1,0
D,DISPATCH,UNIT_SCADA,1,"2022/10/20 20:05:00",SALTCRK1,39.30
D,DISPATCH,UNIT_SCADA,1,"2022/10/20 20:05:00",SAPHWF1,248.793780
D,DISPATCH,UNIT_SCADA,1,"2022/10/20 20:05:00",SEBSF1,0
D,DISPATCH,UNIT_SCADA,1,"2022/10/20 20:05:00",SHGEN,80.237240
D,DISPATCH,UNIT_SCADA,1,"2022/10/20 20:05:00",SHPUMP,0
D,DISPATCH,UNIT_SCADA,1,"2022/10/20 20:05:00",SITHE01,0.123710
D,DISPATCH,UNIT_SCADA,1,"2022/10/20 20:05:00",SMCSF1,0
D,DISPATCH,UNIT_SCADA,1,"2022/10/20 20:05:00",SNAPPER1,0
D,DISPATCH,UNIT_SCADA,1,"2022/10/20 20:05:00",SNOWNTH1,25.70
D,DISPATCH,UNIT_SCADA,1,"2022/10/20 20:05:00",SNOWSTH1,14.10
D,DISPATCH,UNIT_SCADA,1,"2022/10/20 20:05:00",SNOWTWN1,21.481540
D,DISPATCH,UNIT_SCADA,1,"2022/10/20 20:05:00",SNOWYP,0
D,DISPATCH,UNIT_SCADA,1,"2022/10/20 20:05:00",SNUG1,0
D,DISPATCH,UNIT_SCADA,1,"2022/10/20 20:05:00",SRSF1,0
D,DISPATCH,UNIT_SCADA,1,"2022/10/20 20:05:00",STAN-1,280.068940
D,DISPATCH,UNIT_SCADA,1,"2022/10/20 20:05:00",STAN-2,362.756560
D,DISPATCH,UNIT_SCADA,1,"2022/10/20 20:05:00",STAN-3,363.858890
D,DISPATCH,UNIT_SCADA,1,"2022/10/20 20:05:00",STAN-4,363.192350
D,DISPATCH,UNIT_SCADA,1,"2022/10/20 20:05:00",STARHLWF,13.795980
D,DISPATCH,UNIT_SCADA,1,"2022/10/20 20:05:00",STOCKYD1,166.56
D,DISPATCH,UNIT_SCADA,1,"2022/10/20 20:05:00",STWF1,112.045780
D,DISPATCH,UNIT_SCADA,1,"2022/10/20 20:05:00",SUNRSF1,0
D,DISPATCH,UNIT_SCADA,1,"2022/10/20 20:05:00",SUNTPSF1,0
D,DISPATCH,UNIT_SCADA,1,"2022/10/20 20:05:00",SWAN_E,339.753140
D,DISPATCH,UNIT_SCADA,1,"2022/10/20 20:05:00",TALWA1,0
D,DISPATCH,UNIT_SCADA,1,"2022/10/20 20:05:00",TARALGA1,0
D,DISPATCH,UNIT_SCADA,1,"2022/10/20 20:05:00",TARONG#1,349.100010
D,DISPATCH,UNIT_SCADA,1,"2022/10/20 20:05:00",TARONG#2,348.600010
D,DISPATCH,UNIT_SCADA,1,"2022/10/20 20:05:00",TARONG#3,0.90
D,DISPATCH,UNIT_SCADA,1,"2022/10/20 20:05:00",TARONG#4,292.800020
D,DISPATCH,UNIT_SCADA,1,"2022/10/20 20:05:00",TARRALEA,54
D,DISPATCH,UNIT_SCADA,1,"2022/10/20 20:05:00",TBSF1,0
D,DISPATCH,UNIT_SCADA,1,"2022/10/20 20:05:00",TNPS1,418.5625
D,DISPATCH,UNIT_SCADA,1,"2022/10/20 20:05:00",TORRB1,0
D,DISPATCH,UNIT_SCADA,1,"2022/10/20 20:05:00",TORRB2,60
D,DISPATCH,UNIT_SCADA,1,"2022/10/20 20:05:00",TORRB3,0
D,DISPATCH,UNIT_SCADA,1,"2022/10/20 20:05:00",TORRB4,0
D,DISPATCH,UNIT_SCADA,1,"2022/10/20 20:05:00",TREVALLN,97.934170
D,DISPATCH,UNIT_SCADA,1,"2022/10/20 20:05:00",TRIBUTE,0
D,DISPATCH,UNIT_SCADA,1,"2022/10/20 20:05:00",TUMUT3,380.59
D,DISPATCH,UNIT_SCADA,1,"2022/10/20 20:05:00",TUNGATIN,5.410020
D,DISPATCH,UNIT_SCADA,1,"2022/10/20 20:05:00",TVCC201,0
D,DISPATCH,UNIT_SCADA,1,"2022/10/20 20:05:00",TVPP104,57.963310
D,DISPATCH,UNIT_SCADA,1,"2022/10/20 20:05:00",UPPTUMUT,119.0685
D,DISPATCH,UNIT_SCADA,1,"2022/10/20 20:05:00",URANQ11,0
D,DISPATCH,UNIT_SCADA,1,"2022/10/20 20:05:00",URANQ12,0
D,DISPATCH,UNIT_SCADA,1,"2022/10/20 20:05:00",URANQ13,0
D,DISPATCH,UNIT_SCADA,1,"2022/10/20 20:05:00",URANQ14,0
D,DISPATCH,UNIT_SCADA,1,"2022/10/20 20:05:00",VBBG1,0
D,DISPATCH,UNIT_SCADA,1,"2022/10/20 20:05:00",VBBL1,0.40
D,DISPATCH,UNIT_SCADA,1,"2022/10/20 20:05:00",VP5,561.882390
D,DISPATCH,UNIT_SCADA,1,"2022/10/20 20:05:00",VP6,599.432370
D,DISPATCH,UNIT_SCADA,1,"2022/10/20 20:05:00",VPGS1,0
D,DISPATCH,UNIT_SCADA,1,"2022/10/20 20:05:00",VPGS2,0
D,DISPATCH,UNIT_SCADA,1,"2022/10/20 20:05:00",VPGS3,0
D,DISPATCH,UNIT_SCADA,1,"2022/10/20 20:05:00",VPGS4,0
D,DISPATCH,UNIT_SCADA,1,"2022/10/20 20:05:00",VPGS5,0
D,DISPATCH,UNIT_SCADA,1,"2022/10/20 20:05:00",VPGS6,0
D,DISPATCH,UNIT_SCADA,1,"2022/10/20 20:05:00",W/HOE#1,0
D,DISPATCH,UNIT_SCADA,1,"2022/10/20 20:05:00",W/HOE#2,0
D,DISPATCH,UNIT_SCADA,1,"2022/10/20 20:05:00",WAGGNSF1,0
D,DISPATCH,UNIT_SCADA,1,"2022/10/20 20:05:00",WALGRVG1,2.538290
D,DISPATCH,UNIT_SCADA,1,"2022/10/20 20:05:00",WALGRVL1,0
D,DISPATCH,UNIT_SCADA,1,"2022/10/20 20:05:00",WANDBG1,59.454460
D,DISPATCH,UNIT_SCADA,1,"2022/10/20 20:05:00",WANDBL1,0
D,DISPATCH,UNIT_SCADA,1,"2022/10/20 20:05:00",WARWSF1,0
D,DISPATCH,UNIT_SCADA,1,"2022/10/20 20:05:00",WARWSF2,0
D,DISPATCH,UNIT_SCADA,1,"2022/10/20 20:05:00",WATERLWF,8.30
D,DISPATCH,UNIT_SCADA,1,"2022/10/20 20:05:00",WDGPH1,0
D,DISPATCH,UNIT_SCADA,1,"2022/10/20 20:05:00",WELLSF1,0
D,DISPATCH,UNIT_SCADA,1,"2022/10/20 20:05:00",WEMENSF1,0
D,DISPATCH,UNIT_SCADA,1,"2022/10/20 20:05:00",WGWF1,7.50
D,DISPATCH,UNIT_SCADA,1,"2022/10/20 20:05:00",WHITSF1,0
D,DISPATCH,UNIT_SCADA,1,"2022/10/20 20:05:00",WINTSF1,0
D,DISPATCH,UNIT_SCADA,1,"2022/10/20 20:05:00",WKIEWA1,33.80
D,DISPATCH,UNIT_SCADA,1,"2022/10/20 20:05:00",WKIEWA2,34
D,DISPATCH,UNIT_SCADA,1,"2022/10/20 20:05:00",WOODLWN1,41.920070
D,DISPATCH,UNIT_SCADA,1,"2022/10/20 20:05:00",WOOLGSF1,0
D,DISPATCH,UNIT_SCADA,1,"2022/10/20 20:05:00",WPWF,49.54
D,DISPATCH,UNIT_SCADA,1,"2022/10/20 20:05:00",WRSF1,0
D,DISPATCH,UNIT_SCADA,1,"2022/10/20 20:05:00",WRWF1,117.319290
D,DISPATCH,UNIT_SCADA,1,"2022/10/20 20:05:00",WSTWYSF1,0
D,DISPATCH,UNIT_SCADA,1,"2022/10/20 20:05:00",YABULU,153.270020
D,DISPATCH,UNIT_SCADA,1,"2022/10/20 20:05:00",YABULU2,0
D,DISPATCH,UNIT_SCADA,1,"2022/10/20 20:05:00",YARANSF1,0
D,DISPATCH,UNIT_SCADA,1,"2022/10/20 20:05:00",YARWUN_1,163.34
D,DISPATCH,UNIT_SCADA,1,"2022/10/20 20:05:00",YATSF1,0
D,DISPATCH,UNIT_SCADA,1,"2022/10/20 20:05:00",YENDWF1,10.84
D,DISPATCH,UNIT_SCADA,1,"2022/10/20 20:05:00",YWPS1,344.3595
D,DISPATCH,UNIT_SCADA,1,"2022/10/20 20:05:00",YWPS2,359.146850
D,DISPATCH,UNIT_SCADA,1,"2022/10/20 20:05:00",YWPS3,358.824040
D,DISPATCH,UNIT_SCADA,1,"2022/10/20 20:05:00",YWPS4,0
C,"END OF REPORT",419
