C,NEMP.WORLD,DISPATCHSCADA,AEMO,PUBLIC,2022/10/20,22:55:10,0000000373286117,DISPATCHSCADA,0000000373286111
I,DISPATCH,UNIT_SCADA,1,SETTLEMENTDATE,DUID,SCADAVALUE
D,DISPATCH,UNIT_SCADA,1,"2022/10/20 23:00:00",BARCSF1,0
D,DISPATCH,UNIT_SCADA,1,"2022/10/20 23:00:00",BUTLERSG,8.699999
D,DISPATCH,UNIT_SCADA,1,"2022/10/20 23:00:00",CAPTL_WF,87.950562
D,DISPATCH,UNIT_SCADA,1,"2022/10/20 23:00:00",CHALLHWF,3.10
D,DISPATCH,UNIT_SCADA,1,"2022/10/20 23:00:00",CLOVER,13.34
D,DISPATCH,UNIT_SCADA,1,"2022/10/20 23:00:00",CLUNY,5.586175
D,DISPATCH,UNIT_SCADA,1,"2022/10/20 23:00:00",CULLRGWF,-0.05
D,DISPATCH,UNIT_SCADA,1,"2022/10/20 23:00:00",DIAPURWF1,2.10
D,DISPATCH,UNIT_SCADA,1,"2022/10/20 23:00:00",ERGT01,0
D,DISPATCH,UNIT_SCADA,1,"2022/10/20 23:00:00",GB01,0
D,DISPATCH,UNIT_SCADA,1,"2022/10/20 23:00:00",GERMCRK,19.50
D,DISPATCH,UNIT_SCADA,1,"2022/10/20 23:00:00",GRIFSF1,0.001526
D,DISPATCH,UNIT_SCADA,1,"2022/10/20 23:00:00",HEZ1,0
D,DISPATCH,UNIT_SCADA,1,"2022/10/20 23:00:00",HUGSF1,-0.12
D,DISPATCH,UNIT_SCADA,1,"2022/10/20 23:00:00",KEPBG1,0
D,DISPATCH,UNIT_SCADA,1,"2022/10/20 23:00:00",LRSF1,-0.0310
D,DISPATCH,UNIT_SCADA,1,"2022/10/20 23:00:00",MBAHNTH,46.800003
D,DISPATCH,UNIT_SCADA,1,"2022/10/20 23:00:00",MLSP1,0
D,DISPATCH,UNIT_SCADA,1,"2022/10/20 23:00:00",MLWF1,1.1550
D,DISPATCH,UNIT_SCADA,1,"2022/10/20 23:00:00",PALOONA,30.42
D,DISPATCH,UNIT_SCADA,1,"2022/10/20 23:00:00",PIONEER,25.90
D,DISPATCH,UNIT_SCADA,1,"2022/10/20 23:00:00",PORTWF,38.400002
D,DISPATCH,UNIT_SCADA,1,"2022/10/20 23:00:00",REPULSE,9.536889
D,DISPATCH,UNIT_SCADA,1,"2022/10/20 23:00:00",ROWALLAN,8.8253
D,DISPATCH,UNIT_SCADA,1,"2022/10/20 23:00:00",ROYALLA1,0
D,DISPATCH,UNIT_SCADA,1,"2022/10/20 23:00:00",RPCG,-0.50
D,DISPATCH,UNIT_SCADA,1,"2022/10/20 23:00:00",RUBICON,0
D,DISPATCH,UNIT_SCADA,1,"2022/10/20 23:00:00",WAUBRAWF,24.301001
D,DISPATCH,UNIT_SCADA,1,"2022/10/20 23:00:00",WOOLNTH1,81.119995
D,DISPATCH,UNIT_SCADA,1,"2022/10/20 23:00:00",YAMBUKWF,3.60
D,DISPATCH,UNIT_SCADA,1,"2022/10/20 23:00:00",YSWF1,0
D,DISPATCH,UNIT_SCADA,1,"2022/10/20 23:00:00",ADPBA1G,0.0080
D,DISPATCH,UNIT_SCADA,1,"2022/10/20 23:00:00",ADPBA1L,0
D,DISPATCH,UNIT_SCADA,1,"2022/10/20 23:00:00",ADPPV1,0
D,DISPATCH,UNIT_SCADA,1,"2022/10/20 23:00:00",AGLHAL,0
D,DISPATCH,UNIT_SCADA,1,"2022/10/20 23:00:00",AGLSOM,0
D,DISPATCH,UNIT_SCADA,1,"2022/10/20 23:00:00",ANGAST1,0
D,DISPATCH,UNIT_SCADA,1,"2022/10/20 23:00:00",ARWF1,25.60
D,DISPATCH,UNIT_SCADA,1,"2022/10/20 23:00:00",BALBG1,0
D,DISPATCH,UNIT_SCADA,1,"2022/10/20 23:00:00",BALBL1,0
D,DISPATCH,UNIT_SCADA,1,"2022/10/20 23:00:00",BALDHWF1,103.7710
D,DISPATCH,UNIT_SCADA,1,"2022/10/20 23:00:00",BANGOWF1,48.797130
D,DISPATCH,UNIT_SCADA,1,"2022/10/20 23:00:00",BANGOWF2,60.797660
D,DISPATCH,UNIT_SCADA,1,"2022/10/20 23:00:00",BANN1,0
D,DISPATCH,UNIT_SCADA,1,"2022/10/20 23:00:00",BARCALDN,0
D,DISPATCH,UNIT_SCADA,1,"2022/10/20 23:00:00",BARKIPS1,0.03
D,DISPATCH,UNIT_SCADA,1,"2022/10/20 23:00:00",BARRON-1,0
D,DISPATCH,UNIT_SCADA,1,"2022/10/20 23:00:00",BARRON-2,0
D,DISPATCH,UNIT_SCADA,1,"2022/10/20 23:00:00",BASTYAN,0
D,DISPATCH,UNIT_SCADA,1,"2022/10/20 23:00:00",BBTHREE1,0
D,DISPATCH,UNIT_SCADA,1,"2022/10/20 23:00:00",BBTHREE2,0
D,DISPATCH,UNIT_SCADA,1,"2022/10/20 23:00:00",BBTHREE3,-1.07
D,DISPATCH,UNIT_SCADA,1,"2022/10/20 23:00:00",BDL01,0
D,DISPATCH,UNIT_SCADA,1,"2022/10/20 23:00:00",BDL02,0
D,DISPATCH,UNIT_SCADA,1,"2022/10/20 23:00:00",BERYLSF1,0
D,DISPATCH,UNIT_SCADA,1,"2022/10/20 23:00:00",BLOWERNG,62.40
D,DISPATCH,UNIT_SCADA,1,"2022/10/20 23:00:00",BLUEGSF1,0
D,DISPATCH,UNIT_SCADA,1,"2022/10/20 23:00:00",BLUFF1,0.40
D,DISPATCH,UNIT_SCADA,1,"2022/10/20 23:00:00",BNGSF1,0
D,DISPATCH,UNIT_SCADA,1,"2022/10/20 23:00:00",BNGSF2,0
D,DISPATCH,UNIT_SCADA,1,"2022/10/20 23:00:00",BOCORWF1,1.30
D,DISPATCH,UNIT_SCADA,1,"2022/10/20 23:00:00",BODWF1,111.72
D,DISPATCH,UNIT_SCADA,1,"2022/10/20 23:00:00",BOMENSF1,0
D,DISPATCH,UNIT_SCADA,1,"2022/10/20 23:00:00",BOWWBA1G,0
D,DISPATCH,UNIT_SCADA,1,"2022/10/20 23:00:00",BOWWBA1L,0.0010
D,DISPATCH,UNIT_SCADA,1,"2022/10/20 23:00:00",BOWWPV1,0
D,DISPATCH,UNIT_SCADA,1,"2022/10/20 23:00:00",BRAEMAR1,0
D,DISPATCH,UNIT_SCADA,1,"2022/10/20 23:00:00",BRAEMAR2,0
D,DISPATCH,UNIT_SCADA,1,"2022/10/20 23:00:00",BRAEMAR3,0
D,DISPATCH,UNIT_SCADA,1,"2022/10/20 23:00:00",BRAEMAR5,0.201420
D,DISPATCH,UNIT_SCADA,1,"2022/10/20 23:00:00",BRAEMAR6,0
D,DISPATCH,UNIT_SCADA,1,"2022/10/20 23:00:00",BRAEMAR7,0.060430
D,DISPATCH,UNIT_SCADA,1,"2022/10/20 23:00:00",BROKENH1,0
D,DISPATCH,UNIT_SCADA,1,"2022/10/20 23:00:00",BRYB1WF1,81.956210
D,DISPATCH,UNIT_SCADA,1,"2022/10/20 23:00:00",BULBESG1,0
D,DISPATCH,UNIT_SCADA,1,"2022/10/20 23:00:00",BULBESL1,0.03
D,DISPATCH,UNIT_SCADA,1,"2022/10/20 23:00:00",BULGANA1,15.55
D,DISPATCH,UNIT_SCADA,1,"2022/10/20 23:00:00",BW01,660.1297
D,DISPATCH,UNIT_SCADA,1,"2022/10/20 23:00:00",BW02,640.061040
D,DISPATCH,UNIT_SCADA,1,"2022/10/20 23:00:00",BW03,522.652040
D,DISPATCH,UNIT_SCADA,1,"2022/10/20 23:00:00",BW04,0
D,DISPATCH,UNIT_SCADA,1,"2022/10/20 23:00:00",CALL_B_1,325.300020
D,DISPATCH,UNIT_SCADA,1,"2022/10/20 23:00:00",CALL_B_2,328.200010
D,DISPATCH,UNIT_SCADA,1,"2022/10/20 23:00:00",CATHROCK,4.50
D,DISPATCH,UNIT_SCADA,1,"2022/10/20 23:00:00",CBWWBA1G,0
D,DISPATCH,UNIT_SCADA,1,"2022/10/20 23:00:00",CBWWBA1L,0
D,DISPATCH,UNIT_SCADA,1,"2022/10/20 23:00:00",CETHANA,90.76
D,DISPATCH,UNIT_SCADA,1,"2022/10/20 23:00:00",CG1,0
D,DISPATCH,UNIT_SCADA,1,"2022/10/20 23:00:00",CG2,0
D,DISPATCH,UNIT_SCADA,1,"2022/10/20 23:00:00",CG3,0
D,DISPATCH,UNIT_SCADA,1,"2022/10/20 23:00:00",CG4,0
D,DISPATCH,UNIT_SCADA,1,"2022/10/20 23:00:00",CHILDSF1,0
D,DISPATCH,UNIT_SCADA,1,"2022/10/20 23:00:00",CHYTWF1,2.12
D,DISPATCH,UNIT_SCADA,1,"2022/10/20 23:00:00",CLARESF1,0
D,DISPATCH,UNIT_SCADA,1,"2022/10/20 23:00:00",CLEMGPWF,0
D,DISPATCH,UNIT_SCADA,1,"2022/10/20 23:00:00",CLERMSF1,0
D,DISPATCH,UNIT_SCADA,1,"2022/10/20 23:00:00",CNUNDAWF,13.916230
D,DISPATCH,UNIT_SCADA,1,"2022/10/20 23:00:00",COHUNSF1,0
D,DISPATCH,UNIT_SCADA,1,"2022/10/20 23:00:00",COLEASF1,0
D,DISPATCH,UNIT_SCADA,1,"2022/10/20 23:00:00",COLUMSF1,0
D,DISPATCH,UNIT_SCADA,1,"2022/10/20 23:00:00",COLWF01,123.494320
D,DISPATCH,UNIT_SCADA,1,"2022/10/20 23:00:00",COOPGWF1,318.640010
D,DISPATCH,UNIT_SCADA,1,"2022/10/20 23:00:00",CPP_3,394.350010
D,DISPATCH,UNIT_SCADA,1,"2022/10/20 23:00:00",CPP_4,0
D,DISPATCH,UNIT_SCADA,1,"2022/10/20 23:00:00",CPSA,0
D,DISPATCH,UNIT_SCADA,1,"2022/10/20 23:00:00",CROOKWF2,36.4831
D,DISPATCH,UNIT_SCADA,1,"2022/10/20 23:00:00",CROWLWF1,25.987070
D,DISPATCH,UNIT_SCADA,1,"2022/10/20 23:00:00",CRURWF1,78.795840
D,DISPATCH,UNIT_SCADA,1,"2022/10/20 23:00:00",CRWASF1,0
D,DISPATCH,UNIT_SCADA,1,"2022/10/20 23:00:00",CSPVPS1,0
D,DISPATCH,UNIT_SCADA,1,"2022/10/20 23:00:00",CTHLWF1,0.003050
D,DISPATCH,UNIT_SCADA,1,"2022/10/20 23:00:00",DALNTH01,0
D,DISPATCH,UNIT_SCADA,1,"2022/10/20 23:00:00",DALNTHL1,0.090030
D,DISPATCH,UNIT_SCADA,1,"2022/10/20 23:00:00",DARLSF1,0
D,DISPATCH,UNIT_SCADA,1,"2022/10/20 23:00:00",DARTM1,0
D,DISPATCH,UNIT_SCADA,1,"2022/10/20 23:00:00",DAYDSF1,0
D,DISPATCH,UNIT_SCADA,1,"2022/10/20 23:00:00",DDPS1,0
D,DISPATCH,UNIT_SCADA,1,"2022/10/20 23:00:00",DDSF1,0
D,DISPATCH,UNIT_SCADA,1,"2022/10/20 23:00:00",DEVILS_G,57.491990
D,DISPATCH,UNIT_SCADA,1,"2022/10/20 23:00:00",DG_NSW1,0
D,DISPATCH,UNIT_SCADA,1,"2022/10/20 23:00:00",DG_QLD1,0
D,DISPATCH,UNIT_SCADA,1,"2022/10/20 23:00:00",DG_SA1,0
D,DISPATCH,UNIT_SCADA,1,"2022/10/20 23:00:00",DG_TAS1,0
D,DISPATCH,UNIT_SCADA,1,"2022/10/20 23:00:00",DG_VIC1,0
D,DISPATCH,UNIT_SCADA,1,"2022/10/20 23:00:00",DRYCGT1,0
D,DISPATCH,UNIT_SCADA,1,"2022/10/20 23:00:00",DRYCGT2,0
D,DISPATCH,UNIT_SCADA,1,"2022/10/20 23:00:00",DRYCGT3,0
D,DISPATCH,UNIT_SCADA,1,"2022/10/20 23:00:00",DUNDWF1,117.98
D,DISPATCH,UNIT_SCADA,1,"2022/10/20 23:00:00",DUNDWF2,32.23
D,DISPATCH,UNIT_SCADA,1,"2022/10/20 23:00:00",DUNDWF3,87.38
D,DISPATCH,UNIT_SCADA,1,"2022/10/20 23:00:00",EILDON1,59.96
D,DISPATCH,UNIT_SCADA,1,"2022/10/20 23:00:00",EILDON2,60.04
D,DISPATCH,UNIT_SCADA,1,"2022/10/20 23:00:00",ELAINWF1,12.12
D,DISPATCH,UNIT_SCADA,1,"2022/10/20 23:00:00",EMERASF1,0
D,DISPATCH,UNIT_SCADA,1,"2022/10/20 23:00:00",ER01,0
D,DISPATCH,UNIT_SCADA,1,"2022/10/20 23:00:00",ER02,587.521180
D,DISPATCH,UNIT_SCADA,1,"2022/10/20 23:00:00",ER03,585.104130
D,DISPATCH,UNIT_SCADA,1,"2022/10/20 23:00:00",ER04,584.127560
D,DISPATCH,UNIT_SCADA,1,"2022/10/20 23:00:00",FINLYSF1,0
D,DISPATCH,UNIT_SCADA,1,"2022/10/20 23:00:00",FISHER,43.99
D,DISPATCH,UNIT_SCADA,1,"2022/10/20 23:00:00",GANGARR1,0
D,DISPATCH,UNIT_SCADA,1,"2022/10/20 23:00:00",GANNBG1,1.044620
D,DISPATCH,UNIT_SCADA,1,"2022/10/20 23:00:00",GANNBL1,0
D,DISPATCH,UNIT_SCADA,1,"2022/10/20 23:00:00",GANNSF1,0
D,DISPATCH,UNIT_SCADA,1,"2022/10/20 23:00:00",GLRWNSF1,0
D,DISPATCH,UNIT_SCADA,1,"2022/10/20 23:00:00",GNNDHSF1,0
D,DISPATCH,UNIT_SCADA,1,"2022/10/20 23:00:00",GOONSF1,0
D,DISPATCH,UNIT_SCADA,1,"2022/10/20 23:00:00",GORDON,237.028560
D,DISPATCH,UNIT_SCADA,1,"2022/10/20 23:00:00",GRANWF1,0
D,DISPATCH,UNIT_SCADA,1,"2022/10/20 23:00:00",GSTONE1,203.349990
D,DISPATCH,UNIT_SCADA,1,"2022/10/20 23:00:00",GSTONE2,0
D,DISPATCH,UNIT_SCADA,1,"2022/10/20 23:00:00",GSTONE3,140
D,DISPATCH,UNIT_SCADA,1,"2022/10/20 23:00:00",GSTONE4,0
D,DISPATCH,UNIT_SCADA,1,"2022/10/20 23:00:00",GSTONE5,202.8250
D,DISPATCH,UNIT_SCADA,1,"2022/10/20 23:00:00",GSTONE6,203.524990
D,DISPATCH,UNIT_SCADA,1,"2022/10/20 23:00:00",GULLRSF1,0
D,DISPATCH,UNIT_SCADA,1,"2022/10/20 23:00:00",GULLRWF1,70.213940
D,DISPATCH,UNIT_SCADA,1,"2022/10/20 23:00:00",GULLRWF2,100.421460
D,DISPATCH,UNIT_SCADA,1,"2022/10/20 23:00:00",GUNNING1,0
D,DISPATCH,UNIT_SCADA,1,"2022/10/20 23:00:00",GUTHEGA,67.70
D,DISPATCH,UNIT_SCADA,1,"2022/10/20 23:00:00",HALLWF1,8.55
D,DISPATCH,UNIT_SCADA,1,"2022/10/20 23:00:00",HALLWF2,11.90
D,DISPATCH,UNIT_SCADA,1,"2022/10/20 23:00:00",HAMISF1,0
D,DISPATCH,UNIT_SCADA,1,"2022/10/20 23:00:00",HAUGHT11,0
D,DISPATCH,UNIT_SCADA,1,"2022/10/20 23:00:00",HAYMSF1,0
D,DISPATCH,UNIT_SCADA,1,"2022/10/20 23:00:00",HDWF1,21.50
D,DISPATCH,UNIT_SCADA,1,"2022/10/20 23:00:00",HDWF2,8.70
D,DISPATCH,UNIT_SCADA,1,"2022/10/20 23:00:00",HDWF3,19.20
D,DISPATCH,UNIT_SCADA,1,"2022/10/20 23:00:00",HILLSTN1,0
D,DISPATCH,UNIT_SCADA,1,"2022/10/20 23:00:00",HPRG1,8.10
D,DISPATCH,UNIT_SCADA,1,"2022/10/20 23:00:00",HPRL1,0
D,DISPATCH,UNIT_SCADA,1,"2022/10/20 23:00:00",HUMENSW,54.9305
D,DISPATCH,UNIT_SCADA,1,"2022/10/20 23:00:00",HUMEV,0
D,DISPATCH,UNIT_SCADA,1,"2022/10/20 23:00:00",HVWWBA1G,0
D,DISPATCH,UNIT_SCADA,1,"2022/10/20 23:00:00",HVWWBA1L,0.0060
D,DISPATCH,UNIT_SCADA,1,"2022/10/20 23:00:00",HVWWPV1,0
D,DISPATCH,UNIT_SCADA,1,"2022/10/20 23:00:00",JBUTTERS,0
D,DISPATCH,UNIT_SCADA,1,"2022/10/20 23:00:00",JEMALNG1,0
D,DISPATCH,UNIT_SCADA,1,"2022/10/20 23:00:00",JLA01,0
D,DISPATCH,UNIT_SCADA,1,"2022/10/20 23:00:00",JLA02,0
D,DISPATCH,UNIT_SCADA,1,"2022/10/20 23:00:00",JLA03,0
D,DISPATCH,UNIT_SCADA,1,"2022/10/20 23:00:00",JLA04,0
D,DISPATCH,UNIT_SCADA,1,"2022/10/20 23:00:00",JLB01,0
D,DISPATCH,UNIT_SCADA,1,"2022/10/20 23:00:00",JLB02,0.10
D,DISPATCH,UNIT_SCADA,1,"2022/10/20 23:00:00",JLB03,0
D,DISPATCH,UNIT_SCADA,1,"2022/10/20 23:00:00",JUNEESF1,0
D,DISPATCH,UNIT_SCADA,1,"2022/10/20 23:00:00",KABANWF1,0
D,DISPATCH,UNIT_SCADA,1,"2022/10/20 23:00:00",KAREEYA1,0
D,DISPATCH,UNIT_SCADA,1,"2022/10/20 23:00:00",KAREEYA2,0
D,DISPATCH,UNIT_SCADA,1,"2022/10/20 23:00:00",KAREEYA3,5.1725
D,DISPATCH,UNIT_SCADA,1,"2022/10/20 23:00:00",KAREEYA4,0
D,DISPATCH,UNIT_SCADA,1,"2022/10/20 23:00:00",KARSF1,0
D,DISPATCH,UNIT_SCADA,1,"2022/10/20 23:00:00",KEPSF1,0
D,DISPATCH,UNIT_SCADA,1,"2022/10/20 23:00:00",KEPWF1,1.26
D,DISPATCH,UNIT_SCADA,1,"2022/10/20 23:00:00",KIAMSF1,0
D,DISPATCH,UNIT_SCADA,1,"2022/10/20 23:00:00",KIATAWF1,8.60
D,DISPATCH,UNIT_SCADA,1,"2022/10/20 23:00:00",KPP_1,0
D,DISPATCH,UNIT_SCADA,1,"2022/10/20 23:00:00",KSP1,0
D,DISPATCH,UNIT_SCADA,1,"2022/10/20 23:00:00",LADBROK1,0.02
D,DISPATCH,UNIT_SCADA,1,"2022/10/20 23:00:00",LADBROK2,0.02
D,DISPATCH,UNIT_SCADA,1,"2022/10/20 23:00:00",LBBG1,8.55
D,DISPATCH,UNIT_SCADA,1,"2022/10/20 23:00:00",LBBL1,0
D,DISPATCH,UNIT_SCADA,1,"2022/10/20 23:00:00",LD01,359.062470
D,DISPATCH,UNIT_SCADA,1,"2022/10/20 23:00:00",LD02,0
D,DISPATCH,UNIT_SCADA,1,"2022/10/20 23:00:00",LD04,322.861420
D,DISPATCH,UNIT_SCADA,1,"2022/10/20 23:00:00",LEM_WIL,87.034730
D,DISPATCH,UNIT_SCADA,1,"2022/10/20 23:00:00",LGAPWF1,94.97
D,DISPATCH,UNIT_SCADA,1,"2022/10/20 23:00:00",LGAPWF2,65.54
D,DISPATCH,UNIT_SCADA,1,"2022/10/20 23:00:00",LILYSF1,0
D,DISPATCH,UNIT_SCADA,1,"2022/10/20 23:00:00",LIMOSF11,0
D,DISPATCH,UNIT_SCADA,1,"2022/10/20 23:00:00",LIMOSF21,0
D,DISPATCH,UNIT_SCADA,1,"2022/10/20 23:00:00",LI_WY_CA,56.732420
D,DISPATCH,UNIT_SCADA,1,"2022/10/20 23:00:00",LKBONNY1,16.790170
D,DISPATCH,UNIT_SCADA,1,"2022/10/20 23:00:00",LKBONNY2,45.592110
D,DISPATCH,UNIT_SCADA,1,"2022/10/20 23:00:00",LKBONNY3,11.499350
D,DISPATCH,UNIT_SCADA,1,"2022/10/20 23:00:00",LK_ECHO,0
D,DISPATCH,UNIT_SCADA,1,"2022/10/20 23:00:00",LNGS1,0
D,DISPATCH,UNIT_SCADA,1,"2022/10/20 23:00:00",LNGS2,0
D,DISPATCH,UNIT_SCADA,1,"2022/10/20 23:00:00",LONSDALE,0
D,DISPATCH,UNIT_SCADA,1,"2022/10/20 23:00:00",LOYYB1,553.006350
D,DISPATCH,UNIT_SCADA,1,"2022/10/20 23:00:00",LOYYB2,578.194950
D,DISPATCH,UNIT_SCADA,1,"2022/10/20 23:00:00",LYA1,561
D,DISPATCH,UNIT_SCADA,1,"2022/10/20 23:00:00",LYA2,0
D,DISPATCH,UNIT_SCADA,1,"2022/10/20 23:00:00",LYA3,562
D,DISPATCH,UNIT_SCADA,1,"2022/10/20 23:00:00",LYA4,562
D,DISPATCH,UNIT_SCADA,1,"2022/10/20 23:00:00",MACARTH1,91.997880
D,DISPATCH,UNIT_SCADA,1,"2022/10/20 23:00:00",MACKNTSH,0
D,DISPATCH,UNIT_SCADA,1,"2022/10/20 23:00:00",MANSLR1,0
D,DISPATCH,UNIT_SCADA,1,"2022/10/20 23:00:00",MAPS2PV1,0
D,DISPATCH,UNIT_SCADA,1,"2022/10/20 23:00:00",MAPS3PV1,0
D,DISPATCH,UNIT_SCADA,1,"2022/10/20 23:00:00",MARYRSF1,0
D,DISPATCH,UNIT_SCADA,1,"2022/10/20 23:00:00",MBPS2PV1,0
D,DISPATCH,UNIT_SCADA,1,"2022/10/20 23:00:00",MCKAY1,231.585010
D,DISPATCH,UNIT_SCADA,1,"2022/10/20 23:00:00",MEADOWBK,6.030380
D,DISPATCH,UNIT_SCADA,1,"2022/10/20 23:00:00",MERCER01,25.10
D,DISPATCH,UNIT_SCADA,1,"2022/10/20 23:00:00",METZSF1,0
D,DISPATCH,UNIT_SCADA,1,"2022/10/20 23:00:00",MEWF1,0
D,DISPATCH,UNIT_SCADA,1,"2022/10/20 23:00:00",MIDDLSF1,0
D,DISPATCH,UNIT_SCADA,1,"2022/10/20 23:00:00",MINTARO,0.128180
D,DISPATCH,UNIT_SCADA,1,"2022/10/20 23:00:00",MOLNGSF1,0
D,DISPATCH,UNIT_SCADA,1,"2022/10/20 23:00:00",MOORAWF1,0
D,DISPATCH,UNIT_SCADA,1,"2022/10/20 23:00:00",MOREESF1,0
D,DISPATCH,UNIT_SCADA,1,"2022/10/20 23:00:00",MORTLK11,0
D,DISPATCH,UNIT_SCADA,1,"2022/10/20 23:00:00",MORTLK12,0
D,DISPATCH,UNIT_SCADA,1,"2022/10/20 23:00:00",MOUSF1,0
D,DISPATCH,UNIT_SCADA,1,"2022/10/20 23:00:00",MP1,0
D,DISPATCH,UNIT_SCADA,1,"2022/10/20 23:00:00",MP2,361.614410
D,DISPATCH,UNIT_SCADA,1,"2022/10/20 23:00:00",MPP_1,190.893840
D,DISPATCH,UNIT_SCADA,1,"2022/10/20 23:00:00",MPP_2,178.091290
D,DISPATCH,UNIT_SCADA,1,"2022/10/20 23:00:00",MRTLSWF1,0
D,DISPATCH,UNIT_SCADA,1,"2022/10/20 23:00:00",MSTUART1,0
D,DISPATCH,UNIT_SCADA,1,"2022/10/20 23:00:00",MSTUART2,0
D,DISPATCH,UNIT_SCADA,1,"2022/10/20 23:00:00",MSTUART3,0
D,DISPATCH,UNIT_SCADA,1,"2022/10/20 23:00:00",MTGELWF1,53.6317
D,DISPATCH,UNIT_SCADA,1,"2022/10/20 23:00:00",MTMILLAR,19.20
D,DISPATCH,UNIT_SCADA,1,"2022/10/20 23:00:00",MURRAY,0
D,DISPATCH,UNIT_SCADA,1,"2022/10/20 23:00:00",MUSSELR1,18.60
D,DISPATCH,UNIT_SCADA,1,"2022/10/20 23:00:00",MUWAWF1,97.97
D,DISPATCH,UNIT_SCADA,1,"2022/10/20 23:00:00",MUWAWF2,97.30
D,DISPATCH,UNIT_SCADA,1,"2022/10/20 23:00:00",MWPS1PV1,0
D,DISPATCH,UNIT_SCADA,1,"2022/10/20 23:00:00",MWPS2PV1,0
D,DISPATCH,UNIT_SCADA,1,"2022/10/20 23:00:00",MWPS3PV1,0
D,DISPATCH,UNIT_SCADA,1,"2022/10/20 23:00:00",MWPS4PV1,0
D,DISPATCH,UNIT_SCADA,1,"2022/10/20 23:00:00",NBHWF1,17.20
D,DISPATCH,UNIT_SCADA,1,"2022/10/20 23:00:00",NEVERSF1,0
D,DISPATCH,UNIT_SCADA,1,"2022/10/20 23:00:00",NPS,0
D,DISPATCH,UNIT_SCADA,1,"2022/10/20 23:00:00",NUMURSF1,0
D,DISPATCH,UNIT_SCADA,1,"2022/10/20 23:00:00",NYNGAN1,0
D,DISPATCH,UNIT_SCADA,1,"2022/10/20 23:00:00",OAKEY1,0
D,DISPATCH,UNIT_SCADA,1,"2022/10/20 23:00:00",OAKEY1SF,0
D,DISPATCH,UNIT_SCADA,1,"2022/10/20 23:00:00",OAKEY2,0
D,DISPATCH,UNIT_SCADA,1,"2022/10/20 23:00:00",OAKEY2SF,0
D,DISPATCH,UNIT_SCADA,1,"2022/10/20 23:00:00",OAKLAND1,5.70
D,DISPATCH,UNIT_SCADA,1,"2022/10/20 23:00:00",OSB-AG,180.069990
D,DISPATCH,UNIT_SCADA,1,"2022/10/20 23:00:00",PAREPS1,0
D,DISPATCH,UNIT_SCADA,1,"2022/10/20 23:00:00",PAREPW1,53.70
D,DISPATCH,UNIT_SCADA,1,"2022/10/20 23:00:00",PARSF1,0.001530
D,DISPATCH,UNIT_SCADA,1,"2022/10/20 23:00:00",POAT110,3.48
D,DISPATCH,UNIT_SCADA,1,"2022/10/20 23:00:00",POAT220,0
D,DISPATCH,UNIT_SCADA,1,"2022/10/20 23:00:00",POR01,0
D,DISPATCH,UNIT_SCADA,1,"2022/10/20 23:00:00",POR03,0
D,DISPATCH,UNIT_SCADA,1,"2022/10/20 23:00:00",PPCCGT,171.538820
D,DISPATCH,UNIT_SCADA,1,"2022/10/20 23:00:00",PTSTAN1,0
D,DISPATCH,UNIT_SCADA,1,"2022/10/20 23:00:00",PUMP1,0
D,DISPATCH,UNIT_SCADA,1,"2022/10/20 23:00:00",PUMP2,0
D,DISPATCH,UNIT_SCADA,1,"2022/10/20 23:00:00",QBYNBG1,0.0035
D,DISPATCH,UNIT_SCADA,1,"2022/10/20 23:00:00",QBYNBL1,0
D,DISPATCH,UNIT_SCADA,1,"2022/10/20 23:00:00",QPS1,0
D,DISPATCH,UNIT_SCADA,1,"2022/10/20 23:00:00",QPS2,0
D,DISPATCH,UNIT_SCADA,1,"2022/10/20 23:00:00",QPS3,0
D,DISPATCH,UNIT_SCADA,1,"2022/10/20 23:00:00",QPS4,0
D,DISPATCH,UNIT_SCADA,1,"2022/10/20 23:00:00",QPS5,0
D,DISPATCH,UNIT_SCADA,1,"2022/10/20 23:00:00",REECE1,0
D,DISPATCH,UNIT_SCADA,1,"2022/10/20 23:00:00",REECE2,0
D,DISPATCH,UNIT_SCADA,1,"2022/10/20 23:00:00",ROMA_7,0
D,DISPATCH,UNIT_SCADA,1,"2022/10/20 23:00:00",ROMA_8,0
D,DISPATCH,UNIT_SCADA,1,"2022/10/20 23:00:00",RRSF1,0
D,DISPATCH,UNIT_SCADA,1,"2022/10/20 23:00:00",RT_NSW1,0
D,DISPATCH,UNIT_SCADA,1,"2022/10/20 23:00:00",RT_NSW2,0
D,DISPATCH,UNIT_SCADA,1,"2022/10/20 23:00:00",RT_NSW3,0
D,DISPATCH,UNIT_SCADA,1,"2022/10/20 23:00:00",RT_NSW4,0
D,DISPATCH,UNIT_SCADA,1,"2022/10/20 23:00:00",RT_NSW5,0
D,DISPATCH,UNIT_SCADA,1,"2022/10/20 23:00:00",RT_NSW6,0
D,DISPATCH,UNIT_SCADA,1,"2022/10/20 23:00:00",RT_QLD1,0
D,DISPATCH,UNIT_SCADA,1,"2022/10/20 23:00:00",RT_SA1,0
D,DISPATCH,UNIT_SCADA,1,"2022/10/20 23:00:00",RT_SA2,0
D,DISPATCH,UNIT_SCADA,1,"2022/10/20 23:00:00",RT_SA3,0
D,DISPATCH,UNIT_SCADA,1,"2022/10/20 23:00:00",RT_SA4,0
D,DISPATCH,UNIT_SCADA,1,"2022/10/20 23:00:00",RT_SA5,0
D,DISPATCH,UNIT_SCADA,1,"2022/10/20 23:00:00",RT_SA6,0
D,DISPATCH,UNIT_SCADA,1,"2022/10/20 23:00:00",RT_TAS1,0
D,DISPATCH,UNIT_SCADA,1,"2022/10/20 23:00:00",RT_VIC1,0
D,DISPATCH,UNIT_SCADA,1,"2022/10/20 23:00:00",RT_VIC10,0
D,DISPATCH,UNIT_SCADA,1,"2022/10/20 23:00:00",RT_VIC11,0
D,DISPATCH,UNIT_SCADA,1,"2022/10/20 23:00:00",RT_VIC12,0
D,DISPATCH,UNIT_SCADA,1,"2022/10/20 23:00:00",RT_VIC2,0
D,DISPATCH,UNIT_SCADA,1,"2022/10/20 23:00:00",RT_VIC3,0
D,DISPATCH,UNIT_SCADA,1,"2022/10/20 23:00:00",RT_VIC4,0
D,DISPATCH,UNIT_SCADA,1,"2022/10/20 23:00:00",RT_VIC5,0
D,DISPATCH,UNIT_SCADA,1,"2022/10/20 23:00:00",RT_VIC6,0
D,DISPATCH,UNIT_SCADA,1,"2022/10/20 23:00:00",RT_VIC7,0
D,DISPATCH,UNIT_SCADA,1,"2022/10/20 23:00:00",RT_VIC8,0
D,DISPATCH,UNIT_SCADA,1,"2022/10/20 23:00:00",RT_VIC9,0
D,DISPATCH,UNIT_SCADA,1,"2022/10/20 23:00:00",RUGBYR1,0
D,DISPATCH,UNIT_SCADA,1,"2022/10/20 23:00:00",SALTCRK1,34.09
D,DISPATCH,UNIT_SCADA,1,"2022/10/20 23:00:00",SAPHWF1,230.162510
D,DISPATCH,UNIT_SCADA,1,"2022/10/20 23:00:00",SEBSF1,0
D,DISPATCH,UNIT_SCADA,1,"2022/10/20 23:00:00",SHGEN,0
D,DISPATCH,UNIT_SCADA,1,"2022/10/20 23:00:00",SHPUMP,0
D,DISPATCH,UNIT_SCADA,1,"2022/10/20 23:00:00",SITHE01,0.123710
D,DISPATCH,UNIT_SCADA,1,"2022/10/20 23:00:00",SMCSF1,0
D,DISPATCH,UNIT_SCADA,1,"2022/10/20 23:00:00",SNAPPER1,0
D,DISPATCH,UNIT_SCADA,1,"2022/10/20 23:00:00",SNOWNTH1,49.10
D,DISPATCH,UNIT_SCADA,1,"2022/10/20 23:00:00",SNOWSTH1,54.80
D,DISPATCH,UNIT_SCADA,1,"2022/10/20 23:00:00",SNOWTWN1,49.689840
D,DISPATCH,UNIT_SCADA,1,"2022/10/20 23:00:00",SNOWYP,0
D,DISPATCH,UNIT_SCADA,1,"2022/10/20 23:00:00",SNUG1,0
D,DISPATCH,UNIT_SCADA,1,"2022/10/20 23:00:00",SRSF1,0
D,DISPATCH,UNIT_SCADA,1,"2022/10/20 23:00:00",STAN-1,286.618840
D,DISPATCH,UNIT_SCADA,1,"2022/10/20 23:00:00",STAN-2,363.038540
D,DISPATCH,UNIT_SCADA,1,"2022/10/20 23:00:00",STAN-3,365.473940
D,DISPATCH,UNIT_SCADA,1,"2022/10/20 23:00:00",STAN-4,364.1665
D,DISPATCH,UNIT_SCADA,1,"2022/10/20 23:00:00",STARHLWF,22.793350
D,DISPATCH,UNIT_SCADA,1,"2022/10/20 23:00:00",STOCKYD1,85.55
D,DISPATCH,UNIT_SCADA,1,"2022/10/20 23:00:00",STWF1,23.165030
D,DISPATCH,UNIT_SCADA,1,"2022/10/20 23:00:00",SUNRSF1,0
D,DISPATCH,UNIT_SCADA,1,"2022/10/20 23:00:00",SUNTPSF1,0
D,DISPATCH,UNIT_SCADA,1,"2022/10/20 23:00:00",SWAN_E,280.738130
D,DISPATCH,UNIT_SCADA,1,"2022/10/20 23:00:00",TALWA1,0
D,DISPATCH,UNIT_SCADA,1,"2022/10/20 23:00:00",TARALGA1,0
D,DISPATCH,UNIT_SCADA,1,"2022/10/20 23:00:00",TARONG#1,349.399990
D,DISPATCH,UNIT_SCADA,1,"2022/10/20 23:00:00",TARONG#2,349.100010
D,DISPATCH,UNIT_SCADA,1,"2022/10/20 23:00:00",TARONG#3,0.90
D,DISPATCH,UNIT_SCADA,1,"2022/10/20 23:00:00",TARONG#4,233.400010
D,DISPATCH,UNIT_SCADA,1,"2022/10/20 23:00:00",TARRALEA,54
D,DISPATCH,UNIT_SCADA,1,"2022/10/20 23:00:00",TBSF1,0
D,DISPATCH,UNIT_SCADA,1,"2022/10/20 23:00:00",TNPS1,357.25
D,DISPATCH,UNIT_SCADA,1,"2022/10/20 23:00:00",TORRB1,0
D,DISPATCH,UNIT_SCADA,1,"2022/10/20 23:00:00",TORRB2,67
D,DISPATCH,UNIT_SCADA,1,"2022/10/20 23:00:00",TORRB3,0
D,DISPATCH,UNIT_SCADA,1,"2022/10/20 23:00:00",TORRB4,0
D,DISPATCH,UNIT_SCADA,1,"2022/10/20 23:00:00",TREVALLN,98.060610
D,DISPATCH,UNIT_SCADA,1,"2022/10/20 23:00:00",TRIBUTE,0
D,DISPATCH,UNIT_SCADA,1,"2022/10/20 23:00:00",TUMUT3,132.17
D,DISPATCH,UNIT_SCADA,1,"2022/10/20 23:00:00",TUNGATIN,7.130020
D,DISPATCH,UNIT_SCADA,1,"2022/10/20 23:00:00",TVCC201,0
D,DISPATCH,UNIT_SCADA,1,"2022/10/20 23:00:00",TVPP104,0
D,DISPATCH,UNIT_SCADA,1,"2022/10/20 23:00:00",UPPTUMUT,0
D,DISPATCH,UNIT_SCADA,1,"2022/10/20 23:00:00",URANQ11,0
D,DISPATCH,UNIT_SCADA,1,"2022/10/20 23:00:00",URANQ12,0
D,DISPATCH,UNIT_SCADA,1,"2022/10/20 23:00:00",URANQ13,0
D,DISPATCH,UNIT_SCADA,1,"2022/10/20 23:00:00",URANQ14,0
D,DISPATCH,UNIT_SCADA,1,"2022/10/20 23:00:00",VBBG1,44.50
D,DISPATCH,UNIT_SCADA,1,"2022/10/20 23:00:00",VBBL1,0
D,DISPATCH,UNIT_SCADA,1,"2022/10/20 23:00:00",VP5,536.881590
D,DISPATCH,UNIT_SCADA,1,"2022/10/20 23:00:00",VP6,572.966670
D,DISPATCH,UNIT_SCADA,1,"2022/10/20 23:00:00",VPGS1,0
D,DISPATCH,UNIT_SCADA,1,"2022/10/20 23:00:00",VPGS2,0
D,DISPATCH,UNIT_SCADA,1,"2022/10/20 23:00:00",VPGS3,0
D,DISPATCH,UNIT_SCADA,1,"2022/10/20 23:00:00",VPGS4,0
D,DISPATCH,UNIT_SCADA,1,"2022/10/20 23:00:00",VPGS5,0
D,DISPATCH,UNIT_SCADA,1,"2022/10/20 23:00:00",VPGS6,0
D,DISPATCH,UNIT_SCADA,1,"2022/10/20 23:00:00",W/HOE#1,0
D,DISPATCH,UNIT_SCADA,1,"2022/10/20 23:00:00",W/HOE#2,0
D,DISPATCH,UNIT_SCADA,1,"2022/10/20 23:00:00",WAGGNSF1,0
D,DISPATCH,UNIT_SCADA,1,"2022/10/20 23:00:00",WALGRVG1,18.9725
D,DISPATCH,UNIT_SCADA,1,"2022/10/20 23:00:00",WALGRVL1,0
D,DISPATCH,UNIT_SCADA,1,"2022/10/20 23:00:00",WANDBG1,2.118680
D,DISPATCH,UNIT_SCADA,1,"2022/10/20 23:00:00",WANDBL1,0
D,DISPATCH,UNIT_SCADA,1,"2022/10/20 23:00:00",WARWSF1,0
D,DISPATCH,UNIT_SCADA,1,"2022/10/20 23:00:00",WARWSF2,0
D,DISPATCH,UNIT_SCADA,1,"2022/10/20 23:00:00",WATERLWF,29.40
D,DISPATCH,UNIT_SCADA,1,"2022/10/20 23:00:00",WDGPH1,0
D,DISPATCH,UNIT_SCADA,1,"2022/10/20 23:00:00",WELLSF1,0
D,DISPATCH,UNIT_SCADA,1,"2022/10/20 23:00:00",WEMENSF1,0
D,DISPATCH,UNIT_SCADA,1,"2022/10/20 23:00:00",WGWF1,4.30
D,DISPATCH,UNIT_SCADA,1,"2022/10/20 23:00:00",WHITSF1,0
D,DISPATCH,UNIT_SCADA,1,"2022/10/20 23:00:00",WINTSF1,0
D,DISPATCH,UNIT_SCADA,1,"2022/10/20 23:00:00",WKIEWA1,34.30
D,DISPATCH,UNIT_SCADA,1,"2022/10/20 23:00:00",WKIEWA2,34.30
D,DISPATCH,UNIT_SCADA,1,"2022/10/20 23:00:00",WOODLWN1,41.181780
D,DISPATCH,UNIT_SCADA,1,"2022/10/20 23:00:00",WOOLGSF1,0
D,DISPATCH,UNIT_SCADA,1,"2022/10/20 23:00:00",WPWF,46.22
D,DISPATCH,UNIT_SCADA,1,"2022/10/20 23:00:00",WRSF1,0
D,DISPATCH,UNIT_SCADA,1,"2022/10/20 23:00:00",WRWF1,131.530940
D,DISPATCH,UNIT_SCADA,1,"2022/10/20 23:00:00",WSTWYSF1,0
D,DISPATCH,UNIT_SCADA,1,"2022/10/20 23:00:00",YABULU,0
D,DISPATCH,UNIT_SCADA,1,"2022/10/20 23:00:00",YABULU2,0
D,DISPATCH,UNIT_SCADA,1,"2022/10/20 23:00:00",YARANSF1,0
D,DISPATCH,UNIT_SCADA,1,"2022/10/20 23:00:00",YARWUN_1,164.039990
D,DISPATCH,UNIT_SCADA,1,"2022/10/20 23:00:00",YATSF1,0
D,DISPATCH,UNIT_SCADA,1,"2022/10/20 23:00:00",YENDWF1,5.65
D,DISPATCH,UNIT_SCADA,1,"2022/10/20 23:00:00",YWPS1,292.478490
D,DISPATCH,UNIT_SCADA,1,"2022/10/20 23:00:00",YWPS2,363.407590
D,DISPATCH,UNIT_SCADA,1,"2022/10/20 23:00:00",YWPS3,364.751890
D,DISPATCH,UNIT_SCADA,1,"2022/10/20 23:00:00",YWPS4,0
C,"END OF REPORT",419
