C,NEMP.WORLD,DISPATCHSCADA,AEMO,PUBLIC,2022/10/20,02:50:09,0000000373223789,DISPATCHSCADA,0000000373223783
I,DISPATCH,UNIT_SCADA,1,SETTLEMENTDATE,DUID,SCADAVALUE
D,DISPATCH,UNIT_SCADA,1,"2022/10/20 02:55:00",BARCSF1,0.10
D,DISPATCH,UNIT_SCADA,1,"2022/10/20 02:55:00",BUTLERSG,8.699999
D,DISPATCH,UNIT_SCADA,1,"2022/10/20 02:55:00",CAPTL_WF,0
D,DISPATCH,UNIT_SCADA,1,"2022/10/20 02:55:00",CHALLHWF,18.299999
D,DISPATCH,UNIT_SCADA,1,"2022/10/20 02:55:00",CLOVER,13.29
D,DISPATCH,UNIT_SCADA,1,"2022/10/20 02:55:00",CLUNY,6.224308
D,DISPATCH,UNIT_SCADA,1,"2022/10/20 02:55:00",CULLRGWF,-0.04
D,DISPATCH,UNIT_SCADA,1,"2022/10/20 02:55:00",DIAPURWF1,7.30
D,DISPATCH,UNIT_SCADA,1,"2022/10/20 02:55:00",ERGT01,0
D,DISPATCH,UNIT_SCADA,1,"2022/10/20 02:55:00",GB01,0
D,DISPATCH,UNIT_SCADA,1,"2022/10/20 02:55:00",GERMCRK,21.799999
D,DISPATCH,UNIT_SCADA,1,"2022/10/20 02:55:00",GRIFSF1,0.001526
D,DISPATCH,UNIT_SCADA,1,"2022/10/20 02:55:00",HEZ1,0
D,DISPATCH,UNIT_SCADA,1,"2022/10/20 02:55:00",HUGSF1,-0.1740
D,DISPATCH,UNIT_SCADA,1,"2022/10/20 02:55:00",KEPBG1,0.02
D,DISPATCH,UNIT_SCADA,1,"2022/10/20 02:55:00",LRSF1,0.0240
D,DISPATCH,UNIT_SCADA,1,"2022/10/20 02:55:00",MBAHNTH,50.175003
D,DISPATCH,UNIT_SCADA,1,"2022/10/20 02:55:00",MLSP1,0
D,DISPATCH,UNIT_SCADA,1,"2022/10/20 02:55:00",MLWF1,0.7650
D,DISPATCH,UNIT_SCADA,1,"2022/10/20 02:55:00",PALOONA,30.459999
D,DISPATCH,UNIT_SCADA,1,"2022/10/20 02:55:00",PIONEER,44.900002
D,DISPATCH,UNIT_SCADA,1,"2022/10/20 02:55:00",PORTWF,26.50
D,DISPATCH,UNIT_SCADA,1,"2022/10/20 02:55:00",REPULSE,9.461204
D,DISPATCH,UNIT_SCADA,1,"2022/10/20 02:55:00",ROWALLAN,9.1519
D,DISPATCH,UNIT_SCADA,1,"2022/10/20 02:55:00",ROYALLA1,0
D,DISPATCH,UNIT_SCADA,1,"2022/10/20 02:55:00",RPCG,-1.20
D,DISPATCH,UNIT_SCADA,1,"2022/10/20 02:55:00",RUBICON,0
D,DISPATCH,UNIT_SCADA,1,"2022/10/20 02:55:00",WAUBRAWF,90.789001
D,DISPATCH,UNIT_SCADA,1,"2022/10/20 02:55:00",WOOLNTH1,12.179999
D,DISPATCH,UNIT_SCADA,1,"2022/10/20 02:55:00",YAMBUKWF,1.80
D,DISPATCH,UNIT_SCADA,1,"2022/10/20 02:55:00",YSWF1,3
D,DISPATCH,UNIT_SCADA,1,"2022/10/20 02:55:00",ADPBA1G,0.0080
D,DISPATCH,UNIT_SCADA,1,"2022/10/20 02:55:00",ADPBA1L,0
D,DISPATCH,UNIT_SCADA,1,"2022/10/20 02:55:00",ADPPV1,0
D,DISPATCH,UNIT_SCADA,1,"2022/10/20 02:55:00",AGLHAL,0
D,DISPATCH,UNIT_SCADA,1,"2022/10/20 02:55:00",AGLSOM,0
D,DISPATCH,UNIT_SCADA,1,"2022/10/20 02:55:00",ANGAST1,0
D,DISPATCH,UNIT_SCADA,1,"2022/10/20 02:55:00",ARWF1,11.50
D,DISPATCH,UNIT_SCADA,1,"2022/10/20 02:55:00",BALBG1,0
D,DISPATCH,UNIT_SCADA,1,"2022/10/20 02:55:00",BALBL1,0
D,DISPATCH,UNIT_SCADA,1,"2022/10/20 02:55:00",BALDHWF1,0
D,DISPATCH,UNIT_SCADA,1,"2022/10/20 02:55:00",BANGOWF1,47.195550
D,DISPATCH,UNIT_SCADA,1,"2022/10/20 02:55:00",BANGOWF2,46.099870
D,DISPATCH,UNIT_SCADA,1,"2022/10/20 02:55:00",BANN1,0
D,DISPATCH,UNIT_SCADA,1,"2022/10/20 02:55:00",BARCALDN,0
D,DISPATCH,UNIT_SCADA,1,"2022/10/20 02:55:00",BARKIPS1,0
D,DISPATCH,UNIT_SCADA,1,"2022/10/20 02:55:00",BARRON-1,0
D,DISPATCH,UNIT_SCADA,1,"2022/10/20 02:55:00",BARRON-2,0
D,DISPATCH,UNIT_SCADA,1,"2022/10/20 02:55:00",BASTYAN,0
D,DISPATCH,UNIT_SCADA,1,"2022/10/20 02:55:00",BBTHREE1,-1.09
D,DISPATCH,UNIT_SCADA,1,"2022/10/20 02:55:00",BBTHREE2,0
D,DISPATCH,UNIT_SCADA,1,"2022/10/20 02:55:00",BBTHREE3,0
D,DISPATCH,UNIT_SCADA,1,"2022/10/20 02:55:00",BDL01,0
D,DISPATCH,UNIT_SCADA,1,"2022/10/20 02:55:00",BDL02,0
D,DISPATCH,UNIT_SCADA,1,"2022/10/20 02:55:00",BERYLSF1,0
D,DISPATCH,UNIT_SCADA,1,"2022/10/20 02:55:00",BLOWERNG,62.60
D,DISPATCH,UNIT_SCADA,1,"2022/10/20 02:55:00",BLUEGSF1,0
D,DISPATCH,UNIT_SCADA,1,"2022/10/20 02:55:00",BLUFF1,1.90
D,DISPATCH,UNIT_SCADA,1,"2022/10/20 02:55:00",BNGSF1,0
D,DISPATCH,UNIT_SCADA,1,"2022/10/20 02:55:00",BNGSF2,0
D,DISPATCH,UNIT_SCADA,1,"2022/10/20 02:55:00",BOCORWF1,4.09
D,DISPATCH,UNIT_SCADA,1,"2022/10/20 02:55:00",BODWF1,90.871410
D,DISPATCH,UNIT_SCADA,1,"2022/10/20 02:55:00",BOMENSF1,0
D,DISPATCH,UNIT_SCADA,1,"2022/10/20 02:55:00",BOWWBA1G,0.0010
D,DISPATCH,UNIT_SCADA,1,"2022/10/20 02:55:00",BOWWBA1L,0
D,DISPATCH,UNIT_SCADA,1,"2022/10/20 02:55:00",BOWWPV1,0.0010
D,DISPATCH,UNIT_SCADA,1,"2022/10/20 02:55:00",BRAEMAR1,0
D,DISPATCH,UNIT_SCADA,1,"2022/10/20 02:55:00",BRAEMAR2,0
D,DISPATCH,UNIT_SCADA,1,"2022/10/20 02:55:00",BRAEMAR3,0
D,DISPATCH,UNIT_SCADA,1,"2022/10/20 02:55:00",BRAEMAR5,0.292060
D,DISPATCH,UNIT_SCADA,1,"2022/10/20 02:55:00",BRAEMAR6,0
D,DISPATCH,UNIT_SCADA,1,"2022/10/20 02:55:00",BRAEMAR7,0.130920
D,DISPATCH,UNIT_SCADA,1,"2022/10/20 02:55:00",BROKENH1,0
D,DISPATCH,UNIT_SCADA,1,"2022/10/20 02:55:00",BRYB1WF1,131.084150
D,DISPATCH,UNIT_SCADA,1,"2022/10/20 02:55:00",BULBESG1,0
D,DISPATCH,UNIT_SCADA,1,"2022/10/20 02:55:00",BULBESL1,0.03
D,DISPATCH,UNIT_SCADA,1,"2022/10/20 02:55:00",BULGANA1,40.08
D,DISPATCH,UNIT_SCADA,1,"2022/10/20 02:55:00",BW01,441.327550
D,DISPATCH,UNIT_SCADA,1,"2022/10/20 02:55:00",BW02,437.372410
D,DISPATCH,UNIT_SCADA,1,"2022/10/20 02:55:00",BW03,436.859680
D,DISPATCH,UNIT_SCADA,1,"2022/10/20 02:55:00",BW04,0
D,DISPATCH,UNIT_SCADA,1,"2022/10/20 02:55:00",CALL_B_1,319.399990
D,DISPATCH,UNIT_SCADA,1,"2022/10/20 02:55:00",CALL_B_2,319.899990
D,DISPATCH,UNIT_SCADA,1,"2022/10/20 02:55:00",CATHROCK,10.50
D,DISPATCH,UNIT_SCADA,1,"2022/10/20 02:55:00",CBWWBA1G,0
D,DISPATCH,UNIT_SCADA,1,"2022/10/20 02:55:00",CBWWBA1L,0
D,DISPATCH,UNIT_SCADA,1,"2022/10/20 02:55:00",CETHANA,98.244380
D,DISPATCH,UNIT_SCADA,1,"2022/10/20 02:55:00",CG1,0
D,DISPATCH,UNIT_SCADA,1,"2022/10/20 02:55:00",CG2,0
D,DISPATCH,UNIT_SCADA,1,"2022/10/20 02:55:00",CG3,0
D,DISPATCH,UNIT_SCADA,1,"2022/10/20 02:55:00",CG4,0
D,DISPATCH,UNIT_SCADA,1,"2022/10/20 02:55:00",CHILDSF1,0
D,DISPATCH,UNIT_SCADA,1,"2022/10/20 02:55:00",CHYTWF1,15.15
D,DISPATCH,UNIT_SCADA,1,"2022/10/20 02:55:00",CLARESF1,0
D,DISPATCH,UNIT_SCADA,1,"2022/10/20 02:55:00",CLEMGPWF,27.3733
D,DISPATCH,UNIT_SCADA,1,"2022/10/20 02:55:00",CLERMSF1,0
D,DISPATCH,UNIT_SCADA,1,"2022/10/20 02:55:00",CNUNDAWF,0
D,DISPATCH,UNIT_SCADA,1,"2022/10/20 02:55:00",COHUNSF1,0
D,DISPATCH,UNIT_SCADA,1,"2022/10/20 02:55:00",COLEASF1,0
D,DISPATCH,UNIT_SCADA,1,"2022/10/20 02:55:00",COLUMSF1,0
D,DISPATCH,UNIT_SCADA,1,"2022/10/20 02:55:00",COLWF01,44.019230
D,DISPATCH,UNIT_SCADA,1,"2022/10/20 02:55:00",COOPGWF1,360.549990
D,DISPATCH,UNIT_SCADA,1,"2022/10/20 02:55:00",CPP_3,359.149990
D,DISPATCH,UNIT_SCADA,1,"2022/10/20 02:55:00",CPP_4,0
D,DISPATCH,UNIT_SCADA,1,"2022/10/20 02:55:00",CPSA,0
D,DISPATCH,UNIT_SCADA,1,"2022/10/20 02:55:00",CROOKWF2,18.752120
D,DISPATCH,UNIT_SCADA,1,"2022/10/20 02:55:00",CROWLWF1,38.000640
D,DISPATCH,UNIT_SCADA,1,"2022/10/20 02:55:00",CRURWF1,44.899440
D,DISPATCH,UNIT_SCADA,1,"2022/10/20 02:55:00",CRWASF1,0
D,DISPATCH,UNIT_SCADA,1,"2022/10/20 02:55:00",CSPVPS1,0
D,DISPATCH,UNIT_SCADA,1,"2022/10/20 02:55:00",CTHLWF1,0.003050
D,DISPATCH,UNIT_SCADA,1,"2022/10/20 02:55:00",DALNTH01,0
D,DISPATCH,UNIT_SCADA,1,"2022/10/20 02:55:00",DALNTHL1,0.086980
D,DISPATCH,UNIT_SCADA,1,"2022/10/20 02:55:00",DARLSF1,0
D,DISPATCH,UNIT_SCADA,1,"2022/10/20 02:55:00",DARTM1,0
D,DISPATCH,UNIT_SCADA,1,"2022/10/20 02:55:00",DAYDSF1,0
D,DISPATCH,UNIT_SCADA,1,"2022/10/20 02:55:00",DDPS1,0
D,DISPATCH,UNIT_SCADA,1,"2022/10/20 02:55:00",DDSF1,0
D,DISPATCH,UNIT_SCADA,1,"2022/10/20 02:55:00",DEVILS_G,54.711140
D,DISPATCH,UNIT_SCADA,1,"2022/10/20 02:55:00",DG_NSW1,0
D,DISPATCH,UNIT_SCADA,1,"2022/10/20 02:55:00",DG_QLD1,0
D,DISPATCH,UNIT_SCADA,1,"2022/10/20 02:55:00",DG_SA1,0
D,DISPATCH,UNIT_SCADA,1,"2022/10/20 02:55:00",DG_TAS1,0
D,DISPATCH,UNIT_SCADA,1,"2022/10/20 02:55:00",DG_VIC1,0
D,DISPATCH,UNIT_SCADA,1,"2022/10/20 02:55:00",DRYCGT1,0
D,DISPATCH,UNIT_SCADA,1,"2022/10/20 02:55:00",DRYCGT2,0
D,DISPATCH,UNIT_SCADA,1,"2022/10/20 02:55:00",DRYCGT3,0
D,DISPATCH,UNIT_SCADA,1,"2022/10/20 02:55:00",DUNDWF1,82.50
D,DISPATCH,UNIT_SCADA,1,"2022/10/20 02:55:00",DUNDWF2,27.87
D,DISPATCH,UNIT_SCADA,1,"2022/10/20 02:55:00",DUNDWF3,70.50
D,DISPATCH,UNIT_SCADA,1,"2022/10/20 02:55:00",EILDON1,59.96
D,DISPATCH,UNIT_SCADA,1,"2022/10/20 02:55:00",EILDON2,60.04
D,DISPATCH,UNIT_SCADA,1,"2022/10/20 02:55:00",ELAINWF1,32.47
D,DISPATCH,UNIT_SCADA,1,"2022/10/20 02:55:00",EMERASF1,0
D,DISPATCH,UNIT_SCADA,1,"2022/10/20 02:55:00",ER01,0
D,DISPATCH,UNIT_SCADA,1,"2022/10/20 02:55:00",ER02,282.1210
D,DISPATCH,UNIT_SCADA,1,"2022/10/20 02:55:00",ER03,325.603120
D,DISPATCH,UNIT_SCADA,1,"2022/10/20 02:55:00",ER04,325.896090
D,DISPATCH,UNIT_SCADA,1,"2022/10/20 02:55:00",FINLYSF1,0
D,DISPATCH,UNIT_SCADA,1,"2022/10/20 02:55:00",FISHER,30.91
D,DISPATCH,UNIT_SCADA,1,"2022/10/20 02:55:00",GANGARR1,0
D,DISPATCH,UNIT_SCADA,1,"2022/10/20 02:55:00",GANNBG1,0
D,DISPATCH,UNIT_SCADA,1,"2022/10/20 02:55:00",GANNBL1,8.012060
D,DISPATCH,UNIT_SCADA,1,"2022/10/20 02:55:00",GANNSF1,0
D,DISPATCH,UNIT_SCADA,1,"2022/10/20 02:55:00",GLRWNSF1,0
D,DISPATCH,UNIT_SCADA,1,"2022/10/20 02:55:00",GNNDHSF1,0
D,DISPATCH,UNIT_SCADA,1,"2022/10/20 02:55:00",GOONSF1,0
D,DISPATCH,UNIT_SCADA,1,"2022/10/20 02:55:00",GORDON,195.086910
D,DISPATCH,UNIT_SCADA,1,"2022/10/20 02:55:00",GRANWF1,0
D,DISPATCH,UNIT_SCADA,1,"2022/10/20 02:55:00",GSTONE1,172.55
D,DISPATCH,UNIT_SCADA,1,"2022/10/20 02:55:00",GSTONE2,0
D,DISPATCH,UNIT_SCADA,1,"2022/10/20 02:55:00",GSTONE3,200.024990
D,DISPATCH,UNIT_SCADA,1,"2022/10/20 02:55:00",GSTONE4,0
D,DISPATCH,UNIT_SCADA,1,"2022/10/20 02:55:00",GSTONE5,201.774990
D,DISPATCH,UNIT_SCADA,1,"2022/10/20 02:55:00",GSTONE6,201.25
D,DISPATCH,UNIT_SCADA,1,"2022/10/20 02:55:00",GULLRSF1,0
D,DISPATCH,UNIT_SCADA,1,"2022/10/20 02:55:00",GULLRWF1,51.664220
D,DISPATCH,UNIT_SCADA,1,"2022/10/20 02:55:00",GULLRWF2,50.940720
D,DISPATCH,UNIT_SCADA,1,"2022/10/20 02:55:00",GUNNING1,0
D,DISPATCH,UNIT_SCADA,1,"2022/10/20 02:55:00",GUTHEGA,68.100010
D,DISPATCH,UNIT_SCADA,1,"2022/10/20 02:55:00",HALLWF1,53.33
D,DISPATCH,UNIT_SCADA,1,"2022/10/20 02:55:00",HALLWF2,54.24
D,DISPATCH,UNIT_SCADA,1,"2022/10/20 02:55:00",HAMISF1,0
D,DISPATCH,UNIT_SCADA,1,"2022/10/20 02:55:00",HAUGHT11,0
D,DISPATCH,UNIT_SCADA,1,"2022/10/20 02:55:00",HAYMSF1,0
D,DISPATCH,UNIT_SCADA,1,"2022/10/20 02:55:00",HDWF1,78.30
D,DISPATCH,UNIT_SCADA,1,"2022/10/20 02:55:00",HDWF2,47.20
D,DISPATCH,UNIT_SCADA,1,"2022/10/20 02:55:00",HDWF3,59.20
D,DISPATCH,UNIT_SCADA,1,"2022/10/20 02:55:00",HILLSTN1,0
D,DISPATCH,UNIT_SCADA,1,"2022/10/20 02:55:00",HPRG1,0
D,DISPATCH,UNIT_SCADA,1,"2022/10/20 02:55:00",HPRL1,28.80
D,DISPATCH,UNIT_SCADA,1,"2022/10/20 02:55:00",HUMENSW,55.222740
D,DISPATCH,UNIT_SCADA,1,"2022/10/20 02:55:00",HUMEV,0
D,DISPATCH,UNIT_SCADA,1,"2022/10/20 02:55:00",HVWWBA1G,0
D,DISPATCH,UNIT_SCADA,1,"2022/10/20 02:55:00",HVWWBA1L,0.0060
D,DISPATCH,UNIT_SCADA,1,"2022/10/20 02:55:00",HVWWPV1,0
D,DISPATCH,UNIT_SCADA,1,"2022/10/20 02:55:00",JBUTTERS,0
D,DISPATCH,UNIT_SCADA,1,"2022/10/20 02:55:00",JEMALNG1,0
D,DISPATCH,UNIT_SCADA,1,"2022/10/20 02:55:00",JLA01,0
D,DISPATCH,UNIT_SCADA,1,"2022/10/20 02:55:00",JLA02,0
D,DISPATCH,UNIT_SCADA,1,"2022/10/20 02:55:00",JLA03,0
D,DISPATCH,UNIT_SCADA,1,"2022/10/20 02:55:00",JLA04,0
D,DISPATCH,UNIT_SCADA,1,"2022/10/20 02:55:00",JLB01,0
D,DISPATCH,UNIT_SCADA,1,"2022/10/20 02:55:00",JLB02,0.10
D,DISPATCH,UNIT_SCADA,1,"2022/10/20 02:55:00",JLB03,0
D,DISPATCH,UNIT_SCADA,1,"2022/10/20 02:55:00",JUNEESF1,0
D,DISPATCH,UNIT_SCADA,1,"2022/10/20 02:55:00",KABANWF1,1.5150
D,DISPATCH,UNIT_SCADA,1,"2022/10/20 02:55:00",KAREEYA1,0
D,DISPATCH,UNIT_SCADA,1,"2022/10/20 02:55:00",KAREEYA2,0
D,DISPATCH,UNIT_SCADA,1,"2022/10/20 02:55:00",KAREEYA3,21.5750
D,DISPATCH,UNIT_SCADA,1,"2022/10/20 02:55:00",KAREEYA4,0
D,DISPATCH,UNIT_SCADA,1,"2022/10/20 02:55:00",KARSF1,0
D,DISPATCH,UNIT_SCADA,1,"2022/10/20 02:55:00",KEPSF1,0
D,DISPATCH,UNIT_SCADA,1,"2022/10/20 02:55:00",KEPWF1,3.07
D,DISPATCH,UNIT_SCADA,1,"2022/10/20 02:55:00",KIAMSF1,0
D,DISPATCH,UNIT_SCADA,1,"2022/10/20 02:55:00",KIATAWF1,30.90
D,DISPATCH,UNIT_SCADA,1,"2022/10/20 02:55:00",KPP_1,0
D,DISPATCH,UNIT_SCADA,1,"2022/10/20 02:55:00",KSP1,0
D,DISPATCH,UNIT_SCADA,1,"2022/10/20 02:55:00",LADBROK1,0.01
D,DISPATCH,UNIT_SCADA,1,"2022/10/20 02:55:00",LADBROK2,37.90
D,DISPATCH,UNIT_SCADA,1,"2022/10/20 02:55:00",LBBG1,0
D,DISPATCH,UNIT_SCADA,1,"2022/10/20 02:55:00",LBBL1,0
D,DISPATCH,UNIT_SCADA,1,"2022/10/20 02:55:00",LD01,320.792270
D,DISPATCH,UNIT_SCADA,1,"2022/10/20 02:55:00",LD02,0
D,DISPATCH,UNIT_SCADA,1,"2022/10/20 02:55:00",LD04,320.6824
D,DISPATCH,UNIT_SCADA,1,"2022/10/20 02:55:00",LEM_WIL,86.875240
D,DISPATCH,UNIT_SCADA,1,"2022/10/20 02:55:00",LGAPWF1,74.24
D,DISPATCH,UNIT_SCADA,1,"2022/10/20 02:55:00",LGAPWF2,43.39
D,DISPATCH,UNIT_SCADA,1,"2022/10/20 02:55:00",LILYSF1,0
D,DISPATCH,UNIT_SCADA,1,"2022/10/20 02:55:00",LIMOSF11,0
D,DISPATCH,UNIT_SCADA,1,"2022/10/20 02:55:00",LIMOSF21,0
D,DISPATCH,UNIT_SCADA,1,"2022/10/20 02:55:00",LI_WY_CA,55.978930
D,DISPATCH,UNIT_SCADA,1,"2022/10/20 02:55:00",LKBONNY1,0
D,DISPATCH,UNIT_SCADA,1,"2022/10/20 02:55:00",LKBONNY2,29.315440
D,DISPATCH,UNIT_SCADA,1,"2022/10/20 02:55:00",LKBONNY3,10.271260
D,DISPATCH,UNIT_SCADA,1,"2022/10/20 02:55:00",LK_ECHO,0
D,DISPATCH,UNIT_SCADA,1,"2022/10/20 02:55:00",LNGS1,0
D,DISPATCH,UNIT_SCADA,1,"2022/10/20 02:55:00",LNGS2,0
D,DISPATCH,UNIT_SCADA,1,"2022/10/20 02:55:00",LONSDALE,0
D,DISPATCH,UNIT_SCADA,1,"2022/10/20 02:55:00",LOYYB1,481.9519
D,DISPATCH,UNIT_SCADA,1,"2022/10/20 02:55:00",LOYYB2,481.9519
D,DISPATCH,UNIT_SCADA,1,"2022/10/20 02:55:00",LYA1,503
D,DISPATCH,UNIT_SCADA,1,"2022/10/20 02:55:00",LYA2,0
D,DISPATCH,UNIT_SCADA,1,"2022/10/20 02:55:00",LYA3,500
D,DISPATCH,UNIT_SCADA,1,"2022/10/20 02:55:00",LYA4,503
D,DISPATCH,UNIT_SCADA,1,"2022/10/20 02:55:00",MACARTH1,38.199120
D,DISPATCH,UNIT_SCADA,1,"2022/10/20 02:55:00",MACKNTSH,0
D,DISPATCH,UNIT_SCADA,1,"2022/10/20 02:55:00",MANSLR1,0
D,DISPATCH,UNIT_SCADA,1,"2022/10/20 02:55:00",MAPS2PV1,0
D,DISPATCH,UNIT_SCADA,1,"2022/10/20 02:55:00",MAPS3PV1,0
D,DISPATCH,UNIT_SCADA,1,"2022/10/20 02:55:00",MARYRSF1,0
D,DISPATCH,UNIT_SCADA,1,"2022/10/20 02:55:00",MBPS2PV1,0
D,DISPATCH,UNIT_SCADA,1,"2022/10/20 02:55:00",MCKAY1,0.02
D,DISPATCH,UNIT_SCADA,1,"2022/10/20 02:55:00",MEADOWBK,20.120320
D,DISPATCH,UNIT_SCADA,1,"2022/10/20 02:55:00",MERCER01,34.50
D,DISPATCH,UNIT_SCADA,1,"2022/10/20 02:55:00",METZSF1,0
D,DISPATCH,UNIT_SCADA,1,"2022/10/20 02:55:00",MEWF1,0
D,DISPATCH,UNIT_SCADA,1,"2022/10/20 02:55:00",MIDDLSF1,0
D,DISPATCH,UNIT_SCADA,1,"2022/10/20 02:55:00",MINTARO,0.128180
D,DISPATCH,UNIT_SCADA,1,"2022/10/20 02:55:00",MOLNGSF1,0
D,DISPATCH,UNIT_SCADA,1,"2022/10/20 02:55:00",MOORAWF1,46.76
D,DISPATCH,UNIT_SCADA,1,"2022/10/20 02:55:00",MOREESF1,0
D,DISPATCH,UNIT_SCADA,1,"2022/10/20 02:55:00",MORTLK11,0
D,DISPATCH,UNIT_SCADA,1,"2022/10/20 02:55:00",MORTLK12,0
D,DISPATCH,UNIT_SCADA,1,"2022/10/20 02:55:00",MOUSF1,0
D,DISPATCH,UNIT_SCADA,1,"2022/10/20 02:55:00",MP1,0
D,DISPATCH,UNIT_SCADA,1,"2022/10/20 02:55:00",MP2,278.5809
D,DISPATCH,UNIT_SCADA,1,"2022/10/20 02:55:00",MPP_1,158.010060
D,DISPATCH,UNIT_SCADA,1,"2022/10/20 02:55:00",MPP_2,0
D,DISPATCH,UNIT_SCADA,1,"2022/10/20 02:55:00",MRTLSWF1,0
D,DISPATCH,UNIT_SCADA,1,"2022/10/20 02:55:00",MSTUART1,0
D,DISPATCH,UNIT_SCADA,1,"2022/10/20 02:55:00",MSTUART2,0
D,DISPATCH,UNIT_SCADA,1,"2022/10/20 02:55:00",MSTUART3,0
D,DISPATCH,UNIT_SCADA,1,"2022/10/20 02:55:00",MTGELWF1,21.057770
D,DISPATCH,UNIT_SCADA,1,"2022/10/20 02:55:00",MTMILLAR,19.20
D,DISPATCH,UNIT_SCADA,1,"2022/10/20 02:55:00",MURRAY,0
D,DISPATCH,UNIT_SCADA,1,"2022/10/20 02:55:00",MUSSELR1,28.90
D,DISPATCH,UNIT_SCADA,1,"2022/10/20 02:55:00",MUWAWF1,184.73
D,DISPATCH,UNIT_SCADA,1,"2022/10/20 02:55:00",MUWAWF2,185.50
D,DISPATCH,UNIT_SCADA,1,"2022/10/20 02:55:00",MWPS1PV1,0
D,DISPATCH,UNIT_SCADA,1,"2022/10/20 02:55:00",MWPS2PV1,0
D,DISPATCH,UNIT_SCADA,1,"2022/10/20 02:55:00",MWPS3PV1,0
D,DISPATCH,UNIT_SCADA,1,"2022/10/20 02:55:00",MWPS4PV1,0
D,DISPATCH,UNIT_SCADA,1,"2022/10/20 02:55:00",NBHWF1,109.600010
D,DISPATCH,UNIT_SCADA,1,"2022/10/20 02:55:00",NEVERSF1,0
D,DISPATCH,UNIT_SCADA,1,"2022/10/20 02:55:00",NPS,0
D,DISPATCH,UNIT_SCADA,1,"2022/10/20 02:55:00",NUMURSF1,0
D,DISPATCH,UNIT_SCADA,1,"2022/10/20 02:55:00",NYNGAN1,0
D,DISPATCH,UNIT_SCADA,1,"2022/10/20 02:55:00",OAKEY1,0
D,DISPATCH,UNIT_SCADA,1,"2022/10/20 02:55:00",OAKEY1SF,0
D,DISPATCH,UNIT_SCADA,1,"2022/10/20 02:55:00",OAKEY2,0
D,DISPATCH,UNIT_SCADA,1,"2022/10/20 02:55:00",OAKEY2SF,0
D,DISPATCH,UNIT_SCADA,1,"2022/10/20 02:55:00",OAKLAND1,14.80
D,DISPATCH,UNIT_SCADA,1,"2022/10/20 02:55:00",OSB-AG,0
D,DISPATCH,UNIT_SCADA,1,"2022/10/20 02:55:00",PAREPS1,0.0660
D,DISPATCH,UNIT_SCADA,1,"2022/10/20 02:55:00",PAREPW1,32.19
D,DISPATCH,UNIT_SCADA,1,"2022/10/20 02:55:00",PARSF1,0.001530
D,DISPATCH,UNIT_SCADA,1,"2022/10/20 02:55:00",POAT110,0
D,DISPATCH,UNIT_SCADA,1,"2022/10/20 02:55:00",POAT220,0
D,DISPATCH,UNIT_SCADA,1,"2022/10/20 02:55:00",POR01,0
D,DISPATCH,UNIT_SCADA,1,"2022/10/20 02:55:00",POR03,0
D,DISPATCH,UNIT_SCADA,1,"2022/10/20 02:55:00",PPCCGT,123.890430
D,DISPATCH,UNIT_SCADA,1,"2022/10/20 02:55:00",PTSTAN1,0
D,DISPATCH,UNIT_SCADA,1,"2022/10/20 02:55:00",PUMP1,0
D,DISPATCH,UNIT_SCADA,1,"2022/10/20 02:55:00",PUMP2,0
D,DISPATCH,UNIT_SCADA,1,"2022/10/20 02:55:00",QBYNBG1,0
D,DISPATCH,UNIT_SCADA,1,"2022/10/20 02:55:00",QBYNBL1,0.0075
D,DISPATCH,UNIT_SCADA,1,"2022/10/20 02:55:00",QPS1,0
D,DISPATCH,UNIT_SCADA,1,"2022/10/20 02:55:00",QPS2,0
D,DISPATCH,UNIT_SCADA,1,"2022/10/20 02:55:00",QPS3,0
D,DISPATCH,UNIT_SCADA,1,"2022/10/20 02:55:00",QPS4,0
D,DISPATCH,UNIT_SCADA,1,"2022/10/20 02:55:00",QPS5,75.21
D,DISPATCH,UNIT_SCADA,1,"2022/10/20 02:55:00",REECE1,0
D,DISPATCH,UNIT_SCADA,1,"2022/10/20 02:55:00",REECE2,0
D,DISPATCH,UNIT_SCADA,1,"2022/10/20 02:55:00",ROMA_7,0
D,DISPATCH,UNIT_SCADA,1,"2022/10/20 02:55:00",ROMA_8,0
D,DISPATCH,UNIT_SCADA,1,"2022/10/20 02:55:00",RRSF1,0
D,DISPATCH,UNIT_SCADA,1,"2022/10/20 02:55:00",RT_NSW1,0
D,DISPATCH,UNIT_SCADA,1,"2022/10/20 02:55:00",RT_NSW2,0
D,DISPATCH,UNIT_SCADA,1,"2022/10/20 02:55:00",RT_NSW3,0
D,DISPATCH,UNIT_SCADA,1,"2022/10/20 02:55:00",RT_NSW4,0
D,DISPATCH,UNIT_SCADA,1,"2022/10/20 02:55:00",RT_NSW5,0
D,DISPATCH,UNIT_SCADA,1,"2022/10/20 02:55:00",RT_NSW6,0
D,DISPATCH,UNIT_SCADA,1,"2022/10/20 02:55:00",RT_QLD1,0
D,DISPATCH,UNIT_SCADA,1,"2022/10/20 02:55:00",RT_SA1,0
D,DISPATCH,UNIT_SCADA,1,"2022/10/20 02:55:00",RT_SA2,0
D,DISPATCH,UNIT_SCADA,1,"2022/10/20 02:55:00",RT_SA3,0
D,DISPATCH,UNIT_SCADA,1,"2022/10/20 02:55:00",RT_SA4,0
D,DISPATCH,UNIT_SCADA,1,"2022/10/20 02:55:00",RT_SA5,0
D,DISPATCH,UNIT_SCADA,1,"2022/10/20 02:55:00",RT_SA6,0
D,DISPATCH,UNIT_SCADA,1,"2022/10/20 02:55:00",RT_TAS1,0
D,DISPATCH,UNIT_SCADA,1,"2022/10/20 02:55:00",RT_VIC1,0
D,DISPATCH,UNIT_SCADA,1,"2022/10/20 02:55:00",RT_VIC10,0
D,DISPATCH,UNIT_SCADA,1,"2022/10/20 02:55:00",RT_VIC11,0
D,DISPATCH,UNIT_SCADA,1,"2022/10/20 02:55:00",RT_VIC12,0
D,DISPATCH,UNIT_SCADA,1,"2022/10/20 02:55:00",RT_VIC2,0
D,DISPATCH,UNIT_SCADA,1,"2022/10/20 02:55:00",RT_VIC3,0
D,DISPATCH,UNIT_SCADA,1,"2022/10/20 02:55:00",RT_VIC4,0
D,DISPATCH,UNIT_SCADA,1,"2022/10/20 02:55:00",RT_VIC5,0
D,DISPATCH,UNIT_SCADA,1,"2022/10/20 02:55:00",RT_VIC6,0
D,DISPATCH,UNIT_SCADA,1,"2022/10/20 02:55:00",RT_VIC7,0
D,DISPATCH,UNIT_SCADA,1,"2022/10/20 02:55:00",RT_VIC8,0
D,DISPATCH,UNIT_SCADA,1,"2022/10/20 02:55:00",RT_VIC9,0
D,DISPATCH,UNIT_SCADA,1,"2022/10/20 02:55:00",RUGBYR1,0
D,DISPATCH,UNIT_SCADA,1,"2022/10/20 02:55:00",SALTCRK1,14.25
D,DISPATCH,UNIT_SCADA,1,"2022/10/20 02:55:00",SAPHWF1,164.426640
D,DISPATCH,UNIT_SCADA,1,"2022/10/20 02:55:00",SEBSF1,0
D,DISPATCH,UNIT_SCADA,1,"2022/10/20 02:55:00",SHGEN,0
D,DISPATCH,UNIT_SCADA,1,"2022/10/20 02:55:00",SHPUMP,0
D,DISPATCH,UNIT_SCADA,1,"2022/10/20 02:55:00",SITHE01,0.133760
D,DISPATCH,UNIT_SCADA,1,"2022/10/20 02:55:00",SMCSF1,0
D,DISPATCH,UNIT_SCADA,1,"2022/10/20 02:55:00",SNAPPER1,0
D,DISPATCH,UNIT_SCADA,1,"2022/10/20 02:55:00",SNOWNTH1,129.600010
D,DISPATCH,UNIT_SCADA,1,"2022/10/20 02:55:00",SNOWSTH1,117
D,DISPATCH,UNIT_SCADA,1,"2022/10/20 02:55:00",SNOWTWN1,91.182090
D,DISPATCH,UNIT_SCADA,1,"2022/10/20 02:55:00",SNOWYP,0
D,DISPATCH,UNIT_SCADA,1,"2022/10/20 02:55:00",SNUG1,0
D,DISPATCH,UNIT_SCADA,1,"2022/10/20 02:55:00",SRSF1,0
D,DISPATCH,UNIT_SCADA,1,"2022/10/20 02:55:00",STAN-1,279.017880
D,DISPATCH,UNIT_SCADA,1,"2022/10/20 02:55:00",STAN-2,364.8074
D,DISPATCH,UNIT_SCADA,1,"2022/10/20 02:55:00",STAN-3,363.320560
D,DISPATCH,UNIT_SCADA,1,"2022/10/20 02:55:00",STAN-4,364.256260
D,DISPATCH,UNIT_SCADA,1,"2022/10/20 02:55:00",STARHLWF,13.795980
D,DISPATCH,UNIT_SCADA,1,"2022/10/20 02:55:00",STOCKYD1,220.289990
D,DISPATCH,UNIT_SCADA,1,"2022/10/20 02:55:00",STWF1,74.977340
D,DISPATCH,UNIT_SCADA,1,"2022/10/20 02:55:00",SUNRSF1,0
D,DISPATCH,UNIT_SCADA,1,"2022/10/20 02:55:00",SUNTPSF1,0
D,DISPATCH,UNIT_SCADA,1,"2022/10/20 02:55:00",SWAN_E,219.729370
D,DISPATCH,UNIT_SCADA,1,"2022/10/20 02:55:00",TALWA1,0
D,DISPATCH,UNIT_SCADA,1,"2022/10/20 02:55:00",TARALGA1,0
D,DISPATCH,UNIT_SCADA,1,"2022/10/20 02:55:00",TARONG#1,281
D,DISPATCH,UNIT_SCADA,1,"2022/10/20 02:55:00",TARONG#2,279.700010
D,DISPATCH,UNIT_SCADA,1,"2022/10/20 02:55:00",TARONG#3,0.90
D,DISPATCH,UNIT_SCADA,1,"2022/10/20 02:55:00",TARONG#4,190.400010
D,DISPATCH,UNIT_SCADA,1,"2022/10/20 02:55:00",TARRALEA,54
D,DISPATCH,UNIT_SCADA,1,"2022/10/20 02:55:00",TBSF1,0
D,DISPATCH,UNIT_SCADA,1,"2022/10/20 02:55:00",TNPS1,299.50
D,DISPATCH,UNIT_SCADA,1,"2022/10/20 02:55:00",TORRB1,0
D,DISPATCH,UNIT_SCADA,1,"2022/10/20 02:55:00",TORRB2,40
D,DISPATCH,UNIT_SCADA,1,"2022/10/20 02:55:00",TORRB3,0
D,DISPATCH,UNIT_SCADA,1,"2022/10/20 02:55:00",TORRB4,0
D,DISPATCH,UNIT_SCADA,1,"2022/10/20 02:55:00",TREVALLN,100.062260
D,DISPATCH,UNIT_SCADA,1,"2022/10/20 02:55:00",TRIBUTE,0
D,DISPATCH,UNIT_SCADA,1,"2022/10/20 02:55:00",TUMUT3,0
D,DISPATCH,UNIT_SCADA,1,"2022/10/20 02:55:00",TUNGATIN,3.400020
D,DISPATCH,UNIT_SCADA,1,"2022/10/20 02:55:00",TVCC201,0
D,DISPATCH,UNIT_SCADA,1,"2022/10/20 02:55:00",TVPP104,0
D,DISPATCH,UNIT_SCADA,1,"2022/10/20 02:55:00",UPPTUMUT,0
D,DISPATCH,UNIT_SCADA,1,"2022/10/20 02:55:00",URANQ11,0
D,DISPATCH,UNIT_SCADA,1,"2022/10/20 02:55:00",URANQ12,0
D,DISPATCH,UNIT_SCADA,1,"2022/10/20 02:55:00",URANQ13,0
D,DISPATCH,UNIT_SCADA,1,"2022/10/20 02:55:00",URANQ14,0
D,DISPATCH,UNIT_SCADA,1,"2022/10/20 02:55:00",VBBG1,0
D,DISPATCH,UNIT_SCADA,1,"2022/10/20 02:55:00",VBBL1,87.20
D,DISPATCH,UNIT_SCADA,1,"2022/10/20 02:55:00",VP5,546.720760
D,DISPATCH,UNIT_SCADA,1,"2022/10/20 02:55:00",VP6,550.0412
D,DISPATCH,UNIT_SCADA,1,"2022/10/20 02:55:00",VPGS1,0
D,DISPATCH,UNIT_SCADA,1,"2022/10/20 02:55:00",VPGS2,0
D,DISPATCH,UNIT_SCADA,1,"2022/10/20 02:55:00",VPGS3,0
D,DISPATCH,UNIT_SCADA,1,"2022/10/20 02:55:00",VPGS4,0
D,DISPATCH,UNIT_SCADA,1,"2022/10/20 02:55:00",VPGS5,0
D,DISPATCH,UNIT_SCADA,1,"2022/10/20 02:55:00",VPGS6,0
D,DISPATCH,UNIT_SCADA,1,"2022/10/20 02:55:00",W/HOE#1,0
D,DISPATCH,UNIT_SCADA,1,"2022/10/20 02:55:00",W/HOE#2,0
D,DISPATCH,UNIT_SCADA,1,"2022/10/20 02:55:00",WAGGNSF1,0
D,DISPATCH,UNIT_SCADA,1,"2022/10/20 02:55:00",WALGRVG1,0.000930
D,DISPATCH,UNIT_SCADA,1,"2022/10/20 02:55:00",WALGRVL1,0
D,DISPATCH,UNIT_SCADA,1,"2022/10/20 02:55:00",WANDBG1,0
D,DISPATCH,UNIT_SCADA,1,"2022/10/20 02:55:00",WANDBL1,0
D,DISPATCH,UNIT_SCADA,1,"2022/10/20 02:55:00",WARWSF1,0
D,DISPATCH,UNIT_SCADA,1,"2022/10/20 02:55:00",WARWSF2,0
D,DISPATCH,UNIT_SCADA,1,"2022/10/20 02:55:00",WATERLWF,68.40
D,DISPATCH,UNIT_SCADA,1,"2022/10/20 02:55:00",WDGPH1,0
D,DISPATCH,UNIT_SCADA,1,"2022/10/20 02:55:00",WELLSF1,0
D,DISPATCH,UNIT_SCADA,1,"2022/10/20 02:55:00",WEMENSF1,0
D,DISPATCH,UNIT_SCADA,1,"2022/10/20 02:55:00",WGWF1,116.50
D,DISPATCH,UNIT_SCADA,1,"2022/10/20 02:55:00",WHITSF1,0
D,DISPATCH,UNIT_SCADA,1,"2022/10/20 02:55:00",WINTSF1,0
D,DISPATCH,UNIT_SCADA,1,"2022/10/20 02:55:00",WKIEWA1,33.90
D,DISPATCH,UNIT_SCADA,1,"2022/10/20 02:55:00",WKIEWA2,34
D,DISPATCH,UNIT_SCADA,1,"2022/10/20 02:55:00",WOODLWN1,7.088490
D,DISPATCH,UNIT_SCADA,1,"2022/10/20 02:55:00",WOOLGSF1,0
D,DISPATCH,UNIT_SCADA,1,"2022/10/20 02:55:00",WPWF,87.62
D,DISPATCH,UNIT_SCADA,1,"2022/10/20 02:55:00",WRSF1,0
D,DISPATCH,UNIT_SCADA,1,"2022/10/20 02:55:00",WRWF1,53.999230
D,DISPATCH,UNIT_SCADA,1,"2022/10/20 02:55:00",WSTWYSF1,0
D,DISPATCH,UNIT_SCADA,1,"2022/10/20 02:55:00",YABULU,0
D,DISPATCH,UNIT_SCADA,1,"2022/10/20 02:55:00",YABULU2,0
D,DISPATCH,UNIT_SCADA,1,"2022/10/20 02:55:00",YARANSF1,0
D,DISPATCH,UNIT_SCADA,1,"2022/10/20 02:55:00",YARWUN_1,159.30
D,DISPATCH,UNIT_SCADA,1,"2022/10/20 02:55:00",YATSF1,0
D,DISPATCH,UNIT_SCADA,1,"2022/10/20 02:55:00",YENDWF1,33.95
D,DISPATCH,UNIT_SCADA,1,"2022/10/20 02:55:00",YWPS1,365.913910
D,DISPATCH,UNIT_SCADA,1,"2022/10/20 02:55:00",YWPS2,359.146850
D,DISPATCH,UNIT_SCADA,1,"2022/10/20 02:55:00",YWPS3,357.9772
D,DISPATCH,UNIT_SCADA,1,"2022/10/20 02:55:00",YWPS4,0
C,"END OF REPORT",419
