C,NEMP.WORLD,DISPATCHSCADA,AEMO,PUBLIC,2022/10/20,10:05:10,0000000373245890,DISPATCHSCADA,0000000373245884
I,DISPATCH,UNIT_SCADA,1,SETTLEMENTDATE,DUID,SCADAVALUE
D,DISPATCH,UNIT_SCADA,1,"2022/10/20 10:10:00",BARCSF1,10.50
D,DISPATCH,UNIT_SCADA,1,"2022/10/20 10:10:00",BUTLERSG,8.699999
D,DISPATCH,UNIT_SCADA,1,"2022/10/20 10:10:00",CAPTL_WF,32.504402
D,DISPATCH,UNIT_SCADA,1,"2022/10/20 10:10:00",CHALLHWF,4.90
D,DISPATCH,UNIT_SCADA,1,"2022/10/20 10:10:00",CLOVER,11.27
D,DISPATCH,UNIT_SCADA,1,"2022/10/20 10:10:00",CLUNY,6.186770
D,DISPATCH,UNIT_SCADA,1,"2022/10/20 10:10:00",CULLRGWF,-0.06
D,DISPATCH,UNIT_SCADA,1,"2022/10/20 10:10:00",DIAPURWF1,4.90
D,DISPATCH,UNIT_SCADA,1,"2022/10/20 10:10:00",ERGT01,0
D,DISPATCH,UNIT_SCADA,1,"2022/10/20 10:10:00",GB01,0
D,DISPATCH,UNIT_SCADA,1,"2022/10/20 10:10:00",GERMCRK,19.50
D,DISPATCH,UNIT_SCADA,1,"2022/10/20 10:10:00",GRIFSF1,3.498894
D,DISPATCH,UNIT_SCADA,1,"2022/10/20 10:10:00",HEZ1,0
D,DISPATCH,UNIT_SCADA,1,"2022/10/20 10:10:00",HUGSF1,14.406001
D,DISPATCH,UNIT_SCADA,1,"2022/10/20 10:10:00",KEPBG1,0
D,DISPATCH,UNIT_SCADA,1,"2022/10/20 10:10:00",LRSF1,8.077001
D,DISPATCH,UNIT_SCADA,1,"2022/10/20 10:10:00",MBAHNTH,47.962494
D,DISPATCH,UNIT_SCADA,1,"2022/10/20 10:10:00",MLSP1,5.127001
D,DISPATCH,UNIT_SCADA,1,"2022/10/20 10:10:00",MLWF1,6.15
D,DISPATCH,UNIT_SCADA,1,"2022/10/20 10:10:00",PALOONA,30.119999
D,DISPATCH,UNIT_SCADA,1,"2022/10/20 10:10:00",PIONEER,41.100002
D,DISPATCH,UNIT_SCADA,1,"2022/10/20 10:10:00",PORTWF,74.300003
D,DISPATCH,UNIT_SCADA,1,"2022/10/20 10:10:00",REPULSE,9.550317
D,DISPATCH,UNIT_SCADA,1,"2022/10/20 10:10:00",ROWALLAN,8.9602
D,DISPATCH,UNIT_SCADA,1,"2022/10/20 10:10:00",ROYALLA1,11.780004
D,DISPATCH,UNIT_SCADA,1,"2022/10/20 10:10:00",RPCG,-1.80
D,DISPATCH,UNIT_SCADA,1,"2022/10/20 10:10:00",RUBICON,0
D,DISPATCH,UNIT_SCADA,1,"2022/10/20 10:10:00",WAUBRAWF,5.9720
D,DISPATCH,UNIT_SCADA,1,"2022/10/20 10:10:00",WOOLNTH1,-0.85
D,DISPATCH,UNIT_SCADA,1,"2022/10/20 10:10:00",YAMBUKWF,5.40
D,DISPATCH,UNIT_SCADA,1,"2022/10/20 10:10:00",YSWF1,0.80
D,DISPATCH,UNIT_SCADA,1,"2022/10/20 10:10:00",ADPBA1G,0.0080
D,DISPATCH,UNIT_SCADA,1,"2022/10/20 10:10:00",ADPBA1L,0
D,DISPATCH,UNIT_SCADA,1,"2022/10/20 10:10:00",ADPPV1,0.0640
D,DISPATCH,UNIT_SCADA,1,"2022/10/20 10:10:00",AGLHAL,0
D,DISPATCH,UNIT_SCADA,1,"2022/10/20 10:10:00",AGLSOM,0
D,DISPATCH,UNIT_SCADA,1,"2022/10/20 10:10:00",ANGAST1,0
D,DISPATCH,UNIT_SCADA,1,"2022/10/20 10:10:00",ARWF1,1.60
D,DISPATCH,UNIT_SCADA,1,"2022/10/20 10:10:00",BALBG1,0
D,DISPATCH,UNIT_SCADA,1,"2022/10/20 10:10:00",BALBL1,0
D,DISPATCH,UNIT_SCADA,1,"2022/10/20 10:10:00",BALDHWF1,5.2270
D,DISPATCH,UNIT_SCADA,1,"2022/10/20 10:10:00",BANGOWF1,26.697190
D,DISPATCH,UNIT_SCADA,1,"2022/10/20 10:10:00",BANGOWF2,49.897540
D,DISPATCH,UNIT_SCADA,1,"2022/10/20 10:10:00",BANN1,15.55
D,DISPATCH,UNIT_SCADA,1,"2022/10/20 10:10:00",BARCALDN,0
D,DISPATCH,UNIT_SCADA,1,"2022/10/20 10:10:00",BARKIPS1,0
D,DISPATCH,UNIT_SCADA,1,"2022/10/20 10:10:00",BARRON-1,0
D,DISPATCH,UNIT_SCADA,1,"2022/10/20 10:10:00",BARRON-2,0
D,DISPATCH,UNIT_SCADA,1,"2022/10/20 10:10:00",BASTYAN,53.13
D,DISPATCH,UNIT_SCADA,1,"2022/10/20 10:10:00",BBTHREE1,0
D,DISPATCH,UNIT_SCADA,1,"2022/10/20 10:10:00",BBTHREE2,0
D,DISPATCH,UNIT_SCADA,1,"2022/10/20 10:10:00",BBTHREE3,-1
D,DISPATCH,UNIT_SCADA,1,"2022/10/20 10:10:00",BDL01,0
D,DISPATCH,UNIT_SCADA,1,"2022/10/20 10:10:00",BDL02,0
D,DISPATCH,UNIT_SCADA,1,"2022/10/20 10:10:00",BERYLSF1,3.070590
D,DISPATCH,UNIT_SCADA,1,"2022/10/20 10:10:00",BLOWERNG,62.60
D,DISPATCH,UNIT_SCADA,1,"2022/10/20 10:10:00",BLUEGSF1,64.270330
D,DISPATCH,UNIT_SCADA,1,"2022/10/20 10:10:00",BLUFF1,10.20
D,DISPATCH,UNIT_SCADA,1,"2022/10/20 10:10:00",BNGSF1,66.21
D,DISPATCH,UNIT_SCADA,1,"2022/10/20 10:10:00",BNGSF2,109.92
D,DISPATCH,UNIT_SCADA,1,"2022/10/20 10:10:00",BOCORWF1,0.19
D,DISPATCH,UNIT_SCADA,1,"2022/10/20 10:10:00",BODWF1,103.263350
D,DISPATCH,UNIT_SCADA,1,"2022/10/20 10:10:00",BOMENSF1,37.769740
D,DISPATCH,UNIT_SCADA,1,"2022/10/20 10:10:00",BOWWBA1G,0
D,DISPATCH,UNIT_SCADA,1,"2022/10/20 10:10:00",BOWWBA1L,0
D,DISPATCH,UNIT_SCADA,1,"2022/10/20 10:10:00",BOWWPV1,0
D,DISPATCH,UNIT_SCADA,1,"2022/10/20 10:10:00",BRAEMAR1,0
D,DISPATCH,UNIT_SCADA,1,"2022/10/20 10:10:00",BRAEMAR2,0
D,DISPATCH,UNIT_SCADA,1,"2022/10/20 10:10:00",BRAEMAR3,0
D,DISPATCH,UNIT_SCADA,1,"2022/10/20 10:10:00",BRAEMAR5,0.292060
D,DISPATCH,UNIT_SCADA,1,"2022/10/20 10:10:00",BRAEMAR6,0
D,DISPATCH,UNIT_SCADA,1,"2022/10/20 10:10:00",BRAEMAR7,0.130920
D,DISPATCH,UNIT_SCADA,1,"2022/10/20 10:10:00",BROKENH1,14.099780
D,DISPATCH,UNIT_SCADA,1,"2022/10/20 10:10:00",BRYB1WF1,76.322580
D,DISPATCH,UNIT_SCADA,1,"2022/10/20 10:10:00",BULBESG1,0
D,DISPATCH,UNIT_SCADA,1,"2022/10/20 10:10:00",BULBESL1,0.03
D,DISPATCH,UNIT_SCADA,1,"2022/10/20 10:10:00",BULGANA1,19.42
D,DISPATCH,UNIT_SCADA,1,"2022/10/20 10:10:00",BW01,657.492920
D,DISPATCH,UNIT_SCADA,1,"2022/10/20 10:10:00",BW02,617.697390
D,DISPATCH,UNIT_SCADA,1,"2022/10/20 10:10:00",BW03,547.701230
D,DISPATCH,UNIT_SCADA,1,"2022/10/20 10:10:00",BW04,0
D,DISPATCH,UNIT_SCADA,1,"2022/10/20 10:10:00",CALL_B_1,318.800020
D,DISPATCH,UNIT_SCADA,1,"2022/10/20 10:10:00",CALL_B_2,319
D,DISPATCH,UNIT_SCADA,1,"2022/10/20 10:10:00",CATHROCK,0
D,DISPATCH,UNIT_SCADA,1,"2022/10/20 10:10:00",CBWWBA1G,0
D,DISPATCH,UNIT_SCADA,1,"2022/10/20 10:10:00",CBWWBA1L,0
D,DISPATCH,UNIT_SCADA,1,"2022/10/20 10:10:00",CETHANA,5.378250
D,DISPATCH,UNIT_SCADA,1,"2022/10/20 10:10:00",CG1,0
D,DISPATCH,UNIT_SCADA,1,"2022/10/20 10:10:00",CG2,0
D,DISPATCH,UNIT_SCADA,1,"2022/10/20 10:10:00",CG3,0
D,DISPATCH,UNIT_SCADA,1,"2022/10/20 10:10:00",CG4,0
D,DISPATCH,UNIT_SCADA,1,"2022/10/20 10:10:00",CHILDSF1,18.20
D,DISPATCH,UNIT_SCADA,1,"2022/10/20 10:10:00",CHYTWF1,3
D,DISPATCH,UNIT_SCADA,1,"2022/10/20 10:10:00",CLARESF1,88.465410
D,DISPATCH,UNIT_SCADA,1,"2022/10/20 10:10:00",CLEMGPWF,8.572160
D,DISPATCH,UNIT_SCADA,1,"2022/10/20 10:10:00",CLERMSF1,14.87
D,DISPATCH,UNIT_SCADA,1,"2022/10/20 10:10:00",CNUNDAWF,0
D,DISPATCH,UNIT_SCADA,1,"2022/10/20 10:10:00",COHUNSF1,7.58
D,DISPATCH,UNIT_SCADA,1,"2022/10/20 10:10:00",COLEASF1,28.602660
D,DISPATCH,UNIT_SCADA,1,"2022/10/20 10:10:00",COLUMSF1,21.4820
D,DISPATCH,UNIT_SCADA,1,"2022/10/20 10:10:00",COLWF01,67.382320
D,DISPATCH,UNIT_SCADA,1,"2022/10/20 10:10:00",COOPGWF1,187.289990
D,DISPATCH,UNIT_SCADA,1,"2022/10/20 10:10:00",CPP_3,359.425020
D,DISPATCH,UNIT_SCADA,1,"2022/10/20 10:10:00",CPP_4,0
D,DISPATCH,UNIT_SCADA,1,"2022/10/20 10:10:00",CPSA,0
D,DISPATCH,UNIT_SCADA,1,"2022/10/20 10:10:00",CROOKWF2,51.704280
D,DISPATCH,UNIT_SCADA,1,"2022/10/20 10:10:00",CROWLWF1,24.715260
D,DISPATCH,UNIT_SCADA,1,"2022/10/20 10:10:00",CRURWF1,60.697110
D,DISPATCH,UNIT_SCADA,1,"2022/10/20 10:10:00",CRWASF1,30.2460
D,DISPATCH,UNIT_SCADA,1,"2022/10/20 10:10:00",CSPVPS1,2.3060
D,DISPATCH,UNIT_SCADA,1,"2022/10/20 10:10:00",CTHLWF1,0.003050
D,DISPATCH,UNIT_SCADA,1,"2022/10/20 10:10:00",DALNTH01,0
D,DISPATCH,UNIT_SCADA,1,"2022/10/20 10:10:00",DALNTHL1,0.080870
D,DISPATCH,UNIT_SCADA,1,"2022/10/20 10:10:00",DARLSF1,67.526480
D,DISPATCH,UNIT_SCADA,1,"2022/10/20 10:10:00",DARTM1,0
D,DISPATCH,UNIT_SCADA,1,"2022/10/20 10:10:00",DAYDSF1,5.2620
D,DISPATCH,UNIT_SCADA,1,"2022/10/20 10:10:00",DDPS1,0
D,DISPATCH,UNIT_SCADA,1,"2022/10/20 10:10:00",DDSF1,31.6160
D,DISPATCH,UNIT_SCADA,1,"2022/10/20 10:10:00",DEVILS_G,9.866020
D,DISPATCH,UNIT_SCADA,1,"2022/10/20 10:10:00",DG_NSW1,0
D,DISPATCH,UNIT_SCADA,1,"2022/10/20 10:10:00",DG_QLD1,0
D,DISPATCH,UNIT_SCADA,1,"2022/10/20 10:10:00",DG_SA1,0
D,DISPATCH,UNIT_SCADA,1,"2022/10/20 10:10:00",DG_TAS1,0
D,DISPATCH,UNIT_SCADA,1,"2022/10/20 10:10:00",DG_VIC1,0
D,DISPATCH,UNIT_SCADA,1,"2022/10/20 10:10:00",DRYCGT1,0
D,DISPATCH,UNIT_SCADA,1,"2022/10/20 10:10:00",DRYCGT2,0
D,DISPATCH,UNIT_SCADA,1,"2022/10/20 10:10:00",DRYCGT3,0
D,DISPATCH,UNIT_SCADA,1,"2022/10/20 10:10:00",DUNDWF1,70.86
D,DISPATCH,UNIT_SCADA,1,"2022/10/20 10:10:00",DUNDWF2,18.69
D,DISPATCH,UNIT_SCADA,1,"2022/10/20 10:10:00",DUNDWF3,51.65
D,DISPATCH,UNIT_SCADA,1,"2022/10/20 10:10:00",EILDON1,59.72
D,DISPATCH,UNIT_SCADA,1,"2022/10/20 10:10:00",EILDON2,59.88
D,DISPATCH,UNIT_SCADA,1,"2022/10/20 10:10:00",ELAINWF1,18.73
D,DISPATCH,UNIT_SCADA,1,"2022/10/20 10:10:00",EMERASF1,0
D,DISPATCH,UNIT_SCADA,1,"2022/10/20 10:10:00",ER01,0
D,DISPATCH,UNIT_SCADA,1,"2022/10/20 10:10:00",ER02,342.229340
D,DISPATCH,UNIT_SCADA,1,"2022/10/20 10:10:00",ER03,446.161590
D,DISPATCH,UNIT_SCADA,1,"2022/10/20 10:10:00",ER04,442.963290
D,DISPATCH,UNIT_SCADA,1,"2022/10/20 10:10:00",FINLYSF1,114.341960
D,DISPATCH,UNIT_SCADA,1,"2022/10/20 10:10:00",FISHER,44.04
D,DISPATCH,UNIT_SCADA,1,"2022/10/20 10:10:00",GANGARR1,16.0940
D,DISPATCH,UNIT_SCADA,1,"2022/10/20 10:10:00",GANNBG1,0
D,DISPATCH,UNIT_SCADA,1,"2022/10/20 10:10:00",GANNBL1,4.956410
D,DISPATCH,UNIT_SCADA,1,"2022/10/20 10:10:00",GANNSF1,31.70
D,DISPATCH,UNIT_SCADA,1,"2022/10/20 10:10:00",GLRWNSF1,110
D,DISPATCH,UNIT_SCADA,1,"2022/10/20 10:10:00",GNNDHSF1,18.945980
D,DISPATCH,UNIT_SCADA,1,"2022/10/20 10:10:00",GOONSF1,3.892880
D,DISPATCH,UNIT_SCADA,1,"2022/10/20 10:10:00",GORDON,221.718770
D,DISPATCH,UNIT_SCADA,1,"2022/10/20 10:10:00",GRANWF1,0.88
D,DISPATCH,UNIT_SCADA,1,"2022/10/20 10:10:00",GSTONE1,181.649990
D,DISPATCH,UNIT_SCADA,1,"2022/10/20 10:10:00",GSTONE2,0
D,DISPATCH,UNIT_SCADA,1,"2022/10/20 10:10:00",GSTONE3,186.3750
D,DISPATCH,UNIT_SCADA,1,"2022/10/20 10:10:00",GSTONE4,0
D,DISPATCH,UNIT_SCADA,1,"2022/10/20 10:10:00",GSTONE5,187.95
D,DISPATCH,UNIT_SCADA,1,"2022/10/20 10:10:00",GSTONE6,187.599990
D,DISPATCH,UNIT_SCADA,1,"2022/10/20 10:10:00",GULLRSF1,4.394930
D,DISPATCH,UNIT_SCADA,1,"2022/10/20 10:10:00",GULLRWF1,76.703830
D,DISPATCH,UNIT_SCADA,1,"2022/10/20 10:10:00",GULLRWF2,85.415370
D,DISPATCH,UNIT_SCADA,1,"2022/10/20 10:10:00",GUNNING1,0
D,DISPATCH,UNIT_SCADA,1,"2022/10/20 10:10:00",GUTHEGA,67.60
D,DISPATCH,UNIT_SCADA,1,"2022/10/20 10:10:00",HALLWF1,9.55
D,DISPATCH,UNIT_SCADA,1,"2022/10/20 10:10:00",HALLWF2,10.65
D,DISPATCH,UNIT_SCADA,1,"2022/10/20 10:10:00",HAMISF1,0
D,DISPATCH,UNIT_SCADA,1,"2022/10/20 10:10:00",HAUGHT11,39.143420
D,DISPATCH,UNIT_SCADA,1,"2022/10/20 10:10:00",HAYMSF1,0
D,DISPATCH,UNIT_SCADA,1,"2022/10/20 10:10:00",HDWF1,61.90
D,DISPATCH,UNIT_SCADA,1,"2022/10/20 10:10:00",HDWF2,50.20
D,DISPATCH,UNIT_SCADA,1,"2022/10/20 10:10:00",HDWF3,69.30
D,DISPATCH,UNIT_SCADA,1,"2022/10/20 10:10:00",HILLSTN1,20.203520
D,DISPATCH,UNIT_SCADA,1,"2022/10/20 10:10:00",HPRG1,4.60
D,DISPATCH,UNIT_SCADA,1,"2022/10/20 10:10:00",HPRL1,0
D,DISPATCH,UNIT_SCADA,1,"2022/10/20 10:10:00",HUMENSW,54.139920
D,DISPATCH,UNIT_SCADA,1,"2022/10/20 10:10:00",HUMEV,0
D,DISPATCH,UNIT_SCADA,1,"2022/10/20 10:10:00",HVWWBA1G,0
D,DISPATCH,UNIT_SCADA,1,"2022/10/20 10:10:00",HVWWBA1L,0.0060
D,DISPATCH,UNIT_SCADA,1,"2022/10/20 10:10:00",HVWWPV1,0.0160
D,DISPATCH,UNIT_SCADA,1,"2022/10/20 10:10:00",JBUTTERS,0
D,DISPATCH,UNIT_SCADA,1,"2022/10/20 10:10:00",JEMALNG1,5.48
D,DISPATCH,UNIT_SCADA,1,"2022/10/20 10:10:00",JLA01,0
D,DISPATCH,UNIT_SCADA,1,"2022/10/20 10:10:00",JLA02,0
D,DISPATCH,UNIT_SCADA,1,"2022/10/20 10:10:00",JLA03,0
D,DISPATCH,UNIT_SCADA,1,"2022/10/20 10:10:00",JLA04,0
D,DISPATCH,UNIT_SCADA,1,"2022/10/20 10:10:00",JLB01,0
D,DISPATCH,UNIT_SCADA,1,"2022/10/20 10:10:00",JLB02,0.10
D,DISPATCH,UNIT_SCADA,1,"2022/10/20 10:10:00",JLB03,0
D,DISPATCH,UNIT_SCADA,1,"2022/10/20 10:10:00",JUNEESF1,25.125890
D,DISPATCH,UNIT_SCADA,1,"2022/10/20 10:10:00",KABANWF1,0
D,DISPATCH,UNIT_SCADA,1,"2022/10/20 10:10:00",KAREEYA1,0
D,DISPATCH,UNIT_SCADA,1,"2022/10/20 10:10:00",KAREEYA2,0
D,DISPATCH,UNIT_SCADA,1,"2022/10/20 10:10:00",KAREEYA3,4.6575
D,DISPATCH,UNIT_SCADA,1,"2022/10/20 10:10:00",KAREEYA4,0
D,DISPATCH,UNIT_SCADA,1,"2022/10/20 10:10:00",KARSF1,21.20
D,DISPATCH,UNIT_SCADA,1,"2022/10/20 10:10:00",KEPSF1,10.08
D,DISPATCH,UNIT_SCADA,1,"2022/10/20 10:10:00",KEPWF1,3.32
D,DISPATCH,UNIT_SCADA,1,"2022/10/20 10:10:00",KIAMSF1,26.760510
D,DISPATCH,UNIT_SCADA,1,"2022/10/20 10:10:00",KIATAWF1,12.10
D,DISPATCH,UNIT_SCADA,1,"2022/10/20 10:10:00",KPP_1,0
D,DISPATCH,UNIT_SCADA,1,"2022/10/20 10:10:00",KSP1,44.14
D,DISPATCH,UNIT_SCADA,1,"2022/10/20 10:10:00",LADBROK1,0.01
D,DISPATCH,UNIT_SCADA,1,"2022/10/20 10:10:00",LADBROK2,0.02
D,DISPATCH,UNIT_SCADA,1,"2022/10/20 10:10:00",LBBG1,0
D,DISPATCH,UNIT_SCADA,1,"2022/10/20 10:10:00",LBBL1,11.10
D,DISPATCH,UNIT_SCADA,1,"2022/10/20 10:10:00",LD01,278.145690
D,DISPATCH,UNIT_SCADA,1,"2022/10/20 10:10:00",LD02,0
D,DISPATCH,UNIT_SCADA,1,"2022/10/20 10:10:00",LD04,279.848630
D,DISPATCH,UNIT_SCADA,1,"2022/10/20 10:10:00",LEM_WIL,63.2182
D,DISPATCH,UNIT_SCADA,1,"2022/10/20 10:10:00",LGAPWF1,58.61
D,DISPATCH,UNIT_SCADA,1,"2022/10/20 10:10:00",LGAPWF2,0
D,DISPATCH,UNIT_SCADA,1,"2022/10/20 10:10:00",LILYSF1,43.778050
D,DISPATCH,UNIT_SCADA,1,"2022/10/20 10:10:00",LIMOSF11,51.467610
D,DISPATCH,UNIT_SCADA,1,"2022/10/20 10:10:00",LIMOSF21,5.197740
D,DISPATCH,UNIT_SCADA,1,"2022/10/20 10:10:00",LI_WY_CA,55.883870
D,DISPATCH,UNIT_SCADA,1,"2022/10/20 10:10:00",LKBONNY1,0
D,DISPATCH,UNIT_SCADA,1,"2022/10/20 10:10:00",LKBONNY2,0
D,DISPATCH,UNIT_SCADA,1,"2022/10/20 10:10:00",LKBONNY3,0
D,DISPATCH,UNIT_SCADA,1,"2022/10/20 10:10:00",LK_ECHO,0
D,DISPATCH,UNIT_SCADA,1,"2022/10/20 10:10:00",LNGS1,0
D,DISPATCH,UNIT_SCADA,1,"2022/10/20 10:10:00",LNGS2,0
D,DISPATCH,UNIT_SCADA,1,"2022/10/20 10:10:00",LONSDALE,0
D,DISPATCH,UNIT_SCADA,1,"2022/10/20 10:10:00",LOYYB1,436.462040
D,DISPATCH,UNIT_SCADA,1,"2022/10/20 10:10:00",LOYYB2,437.965820
D,DISPATCH,UNIT_SCADA,1,"2022/10/20 10:10:00",LYA1,517
D,DISPATCH,UNIT_SCADA,1,"2022/10/20 10:10:00",LYA2,0
D,DISPATCH,UNIT_SCADA,1,"2022/10/20 10:10:00",LYA3,370
D,DISPATCH,UNIT_SCADA,1,"2022/10/20 10:10:00",LYA4,373
D,DISPATCH,UNIT_SCADA,1,"2022/10/20 10:10:00",MACARTH1,45.298950
D,DISPATCH,UNIT_SCADA,1,"2022/10/20 10:10:00",MACKNTSH,0
D,DISPATCH,UNIT_SCADA,1,"2022/10/20 10:10:00",MANSLR1,25.3470
D,DISPATCH,UNIT_SCADA,1,"2022/10/20 10:10:00",MAPS2PV1,0
D,DISPATCH,UNIT_SCADA,1,"2022/10/20 10:10:00",MAPS3PV1,0
D,DISPATCH,UNIT_SCADA,1,"2022/10/20 10:10:00",MARYRSF1,4.65
D,DISPATCH,UNIT_SCADA,1,"2022/10/20 10:10:00",MBPS2PV1,0
D,DISPATCH,UNIT_SCADA,1,"2022/10/20 10:10:00",MCKAY1,0.02
D,DISPATCH,UNIT_SCADA,1,"2022/10/20 10:10:00",MEADOWBK,5.830320
D,DISPATCH,UNIT_SCADA,1,"2022/10/20 10:10:00",MERCER01,21.60
D,DISPATCH,UNIT_SCADA,1,"2022/10/20 10:10:00",METZSF1,35.494960
D,DISPATCH,UNIT_SCADA,1,"2022/10/20 10:10:00",MEWF1,3
D,DISPATCH,UNIT_SCADA,1,"2022/10/20 10:10:00",MIDDLSF1,15.06
D,DISPATCH,UNIT_SCADA,1,"2022/10/20 10:10:00",MINTARO,0.128180
D,DISPATCH,UNIT_SCADA,1,"2022/10/20 10:10:00",MOLNGSF1,12.591740
D,DISPATCH,UNIT_SCADA,1,"2022/10/20 10:10:00",MOORAWF1,38.62
D,DISPATCH,UNIT_SCADA,1,"2022/10/20 10:10:00",MOREESF1,11.3880
D,DISPATCH,UNIT_SCADA,1,"2022/10/20 10:10:00",MORTLK11,0
D,DISPATCH,UNIT_SCADA,1,"2022/10/20 10:10:00",MORTLK12,0
D,DISPATCH,UNIT_SCADA,1,"2022/10/20 10:10:00",MOUSF1,0
D,DISPATCH,UNIT_SCADA,1,"2022/10/20 10:10:00",MP1,0
D,DISPATCH,UNIT_SCADA,1,"2022/10/20 10:10:00",MP2,346.697170
D,DISPATCH,UNIT_SCADA,1,"2022/10/20 10:10:00",MPP_1,183.1116
D,DISPATCH,UNIT_SCADA,1,"2022/10/20 10:10:00",MPP_2,144.7955
D,DISPATCH,UNIT_SCADA,1,"2022/10/20 10:10:00",MRTLSWF1,0
D,DISPATCH,UNIT_SCADA,1,"2022/10/20 10:10:00",MSTUART1,0
D,DISPATCH,UNIT_SCADA,1,"2022/10/20 10:10:00",MSTUART2,0
D,DISPATCH,UNIT_SCADA,1,"2022/10/20 10:10:00",MSTUART3,0
D,DISPATCH,UNIT_SCADA,1,"2022/10/20 10:10:00",MTGELWF1,38.462480
D,DISPATCH,UNIT_SCADA,1,"2022/10/20 10:10:00",MTMILLAR,1.40
D,DISPATCH,UNIT_SCADA,1,"2022/10/20 10:10:00",MURRAY,0
D,DISPATCH,UNIT_SCADA,1,"2022/10/20 10:10:00",MUSSELR1,99.599990
D,DISPATCH,UNIT_SCADA,1,"2022/10/20 10:10:00",MUWAWF1,45.40
D,DISPATCH,UNIT_SCADA,1,"2022/10/20 10:10:00",MUWAWF2,67.60
D,DISPATCH,UNIT_SCADA,1,"2022/10/20 10:10:00",MWPS1PV1,0.13
D,DISPATCH,UNIT_SCADA,1,"2022/10/20 10:10:00",MWPS2PV1,0
D,DISPATCH,UNIT_SCADA,1,"2022/10/20 10:10:00",MWPS3PV1,0
D,DISPATCH,UNIT_SCADA,1,"2022/10/20 10:10:00",MWPS4PV1,0.01
D,DISPATCH,UNIT_SCADA,1,"2022/10/20 10:10:00",NBHWF1,68.10
D,DISPATCH,UNIT_SCADA,1,"2022/10/20 10:10:00",NEVERSF1,76.95
D,DISPATCH,UNIT_SCADA,1,"2022/10/20 10:10:00",NPS,0
D,DISPATCH,UNIT_SCADA,1,"2022/10/20 10:10:00",NUMURSF1,93.23
D,DISPATCH,UNIT_SCADA,1,"2022/10/20 10:10:00",NYNGAN1,36
D,DISPATCH,UNIT_SCADA,1,"2022/10/20 10:10:00",OAKEY1,0
D,DISPATCH,UNIT_SCADA,1,"2022/10/20 10:10:00",OAKEY1SF,6.7790
D,DISPATCH,UNIT_SCADA,1,"2022/10/20 10:10:00",OAKEY2,0
D,DISPATCH,UNIT_SCADA,1,"2022/10/20 10:10:00",OAKEY2SF,12.30
D,DISPATCH,UNIT_SCADA,1,"2022/10/20 10:10:00",OAKLAND1,11.20
D,DISPATCH,UNIT_SCADA,1,"2022/10/20 10:10:00",OSB-AG,0
D,DISPATCH,UNIT_SCADA,1,"2022/10/20 10:10:00",PAREPS1,0.0660
D,DISPATCH,UNIT_SCADA,1,"2022/10/20 10:10:00",PAREPW1,68.79
D,DISPATCH,UNIT_SCADA,1,"2022/10/20 10:10:00",PARSF1,3.099110
D,DISPATCH,UNIT_SCADA,1,"2022/10/20 10:10:00",POAT110,0
D,DISPATCH,UNIT_SCADA,1,"2022/10/20 10:10:00",POAT220,0
D,DISPATCH,UNIT_SCADA,1,"2022/10/20 10:10:00",POR01,0
D,DISPATCH,UNIT_SCADA,1,"2022/10/20 10:10:00",POR03,0
D,DISPATCH,UNIT_SCADA,1,"2022/10/20 10:10:00",PPCCGT,0
D,DISPATCH,UNIT_SCADA,1,"2022/10/20 10:10:00",PTSTAN1,0
D,DISPATCH,UNIT_SCADA,1,"2022/10/20 10:10:00",PUMP1,0
D,DISPATCH,UNIT_SCADA,1,"2022/10/20 10:10:00",PUMP2,0
D,DISPATCH,UNIT_SCADA,1,"2022/10/20 10:10:00",QBYNBG1,0
D,DISPATCH,UNIT_SCADA,1,"2022/10/20 10:10:00",QBYNBL1,0.461490
D,DISPATCH,UNIT_SCADA,1,"2022/10/20 10:10:00",QPS1,0
D,DISPATCH,UNIT_SCADA,1,"2022/10/20 10:10:00",QPS2,0
D,DISPATCH,UNIT_SCADA,1,"2022/10/20 10:10:00",QPS3,0
D,DISPATCH,UNIT_SCADA,1,"2022/10/20 10:10:00",QPS4,0
D,DISPATCH,UNIT_SCADA,1,"2022/10/20 10:10:00",QPS5,71.91
D,DISPATCH,UNIT_SCADA,1,"2022/10/20 10:10:00",REECE1,47.720570
D,DISPATCH,UNIT_SCADA,1,"2022/10/20 10:10:00",REECE2,0
D,DISPATCH,UNIT_SCADA,1,"2022/10/20 10:10:00",ROMA_7,0
D,DISPATCH,UNIT_SCADA,1,"2022/10/20 10:10:00",ROMA_8,0
D,DISPATCH,UNIT_SCADA,1,"2022/10/20 10:10:00",RRSF1,93.347640
D,DISPATCH,UNIT_SCADA,1,"2022/10/20 10:10:00",RT_NSW1,0
D,DISPATCH,UNIT_SCADA,1,"2022/10/20 10:10:00",RT_NSW2,0
D,DISPATCH,UNIT_SCADA,1,"2022/10/20 10:10:00",RT_NSW3,0
D,DISPATCH,UNIT_SCADA,1,"2022/10/20 10:10:00",RT_NSW4,0
D,DISPATCH,UNIT_SCADA,1,"2022/10/20 10:10:00",RT_NSW5,0
D,DISPATCH,UNIT_SCADA,1,"2022/10/20 10:10:00",RT_NSW6,0
D,DISPATCH,UNIT_SCADA,1,"2022/10/20 10:10:00",RT_QLD1,0
D,DISPATCH,UNIT_SCADA,1,"2022/10/20 10:10:00",RT_SA1,0
D,DISPATCH,UNIT_SCADA,1,"2022/10/20 10:10:00",RT_SA2,0
D,DISPATCH,UNIT_SCADA,1,"2022/10/20 10:10:00",RT_SA3,0
D,DISPATCH,UNIT_SCADA,1,"2022/10/20 10:10:00",RT_SA4,0
D,DISPATCH,UNIT_SCADA,1,"2022/10/20 10:10:00",RT_SA5,0
D,DISPATCH,UNIT_SCADA,1,"2022/10/20 10:10:00",RT_SA6,0
D,DISPATCH,UNIT_SCADA,1,"2022/10/20 10:10:00",RT_TAS1,0
D,DISPATCH,UNIT_SCADA,1,"2022/10/20 10:10:00",RT_VIC1,0
D,DISPATCH,UNIT_SCADA,1,"2022/10/20 10:10:00",RT_VIC10,0
D,DISPATCH,UNIT_SCADA,1,"2022/10/20 10:10:00",RT_VIC11,0
D,DISPATCH,UNIT_SCADA,1,"2022/10/20 10:10:00",RT_VIC12,0
D,DISPATCH,UNIT_SCADA,1,"2022/10/20 10:10:00",RT_VIC2,0
D,DISPATCH,UNIT_SCADA,1,"2022/10/20 10:10:00",RT_VIC3,0
D,DISPATCH,UNIT_SCADA,1,"2022/10/20 10:10:00",RT_VIC4,0
D,DISPATCH,UNIT_SCADA,1,"2022/10/20 10:10:00",RT_VIC5,0
D,DISPATCH,UNIT_SCADA,1,"2022/10/20 10:10:00",RT_VIC6,0
D,DISPATCH,UNIT_SCADA,1,"2022/10/20 10:10:00",RT_VIC7,0
D,DISPATCH,UNIT_SCADA,1,"2022/10/20 10:10:00",RT_VIC8,0
D,DISPATCH,UNIT_SCADA,1,"2022/10/20 10:10:00",RT_VIC9,0
D,DISPATCH,UNIT_SCADA,1,"2022/10/20 10:10:00",RUGBYR1,12.694020
D,DISPATCH,UNIT_SCADA,1,"2022/10/20 10:10:00",SALTCRK1,22.98
D,DISPATCH,UNIT_SCADA,1,"2022/10/20 10:10:00",SAPHWF1,193.495070
D,DISPATCH,UNIT_SCADA,1,"2022/10/20 10:10:00",SEBSF1,40.551120
D,DISPATCH,UNIT_SCADA,1,"2022/10/20 10:10:00",SHGEN,0
D,DISPATCH,UNIT_SCADA,1,"2022/10/20 10:10:00",SHPUMP,0
D,DISPATCH,UNIT_SCADA,1,"2022/10/20 10:10:00",SITHE01,0.1840
D,DISPATCH,UNIT_SCADA,1,"2022/10/20 10:10:00",SMCSF1,62.5640
D,DISPATCH,UNIT_SCADA,1,"2022/10/20 10:10:00",SNAPPER1,0
D,DISPATCH,UNIT_SCADA,1,"2022/10/20 10:10:00",SNOWNTH1,114.20
D,DISPATCH,UNIT_SCADA,1,"2022/10/20 10:10:00",SNOWSTH1,73.60
D,DISPATCH,UNIT_SCADA,1,"2022/10/20 10:10:00",SNOWTWN1,3.651850
D,DISPATCH,UNIT_SCADA,1,"2022/10/20 10:10:00",SNOWYP,0
D,DISPATCH,UNIT_SCADA,1,"2022/10/20 10:10:00",SNUG1,0
D,DISPATCH,UNIT_SCADA,1,"2022/10/20 10:10:00",SRSF1,24.46
D,DISPATCH,UNIT_SCADA,1,"2022/10/20 10:10:00",STAN-1,274.903350
D,DISPATCH,UNIT_SCADA,1,"2022/10/20 10:10:00",STAN-2,329.199550
D,DISPATCH,UNIT_SCADA,1,"2022/10/20 10:10:00",STAN-3,153.954590
D,DISPATCH,UNIT_SCADA,1,"2022/10/20 10:10:00",STAN-4,330.340330
D,DISPATCH,UNIT_SCADA,1,"2022/10/20 10:10:00",STARHLWF,0.01
D,DISPATCH,UNIT_SCADA,1,"2022/10/20 10:10:00",STOCKYD1,49.37
D,DISPATCH,UNIT_SCADA,1,"2022/10/20 10:10:00",STWF1,0
D,DISPATCH,UNIT_SCADA,1,"2022/10/20 10:10:00",SUNRSF1,26.793320
D,DISPATCH,UNIT_SCADA,1,"2022/10/20 10:10:00",SUNTPSF1,73.978790
D,DISPATCH,UNIT_SCADA,1,"2022/10/20 10:10:00",SWAN_E,217.735630
D,DISPATCH,UNIT_SCADA,1,"2022/10/20 10:10:00",TALWA1,0
D,DISPATCH,UNIT_SCADA,1,"2022/10/20 10:10:00",TARALGA1,0
D,DISPATCH,UNIT_SCADA,1,"2022/10/20 10:10:00",TARONG#1,344.800020
D,DISPATCH,UNIT_SCADA,1,"2022/10/20 10:10:00",TARONG#2,345.600010
D,DISPATCH,UNIT_SCADA,1,"2022/10/20 10:10:00",TARONG#3,0.90
D,DISPATCH,UNIT_SCADA,1,"2022/10/20 10:10:00",TARONG#4,209.80
D,DISPATCH,UNIT_SCADA,1,"2022/10/20 10:10:00",TARRALEA,54
D,DISPATCH,UNIT_SCADA,1,"2022/10/20 10:10:00",TBSF1,0.10
D,DISPATCH,UNIT_SCADA,1,"2022/10/20 10:10:00",TNPS1,398.8750
D,DISPATCH,UNIT_SCADA,1,"2022/10/20 10:10:00",TORRB1,0
D,DISPATCH,UNIT_SCADA,1,"2022/10/20 10:10:00",TORRB2,40
D,DISPATCH,UNIT_SCADA,1,"2022/10/20 10:10:00",TORRB3,0
D,DISPATCH,UNIT_SCADA,1,"2022/10/20 10:10:00",TORRB4,0
D,DISPATCH,UNIT_SCADA,1,"2022/10/20 10:10:00",TREVALLN,97.977180
D,DISPATCH,UNIT_SCADA,1,"2022/10/20 10:10:00",TRIBUTE,0
D,DISPATCH,UNIT_SCADA,1,"2022/10/20 10:10:00",TUMUT3,0
D,DISPATCH,UNIT_SCADA,1,"2022/10/20 10:10:00",TUNGATIN,5.840020
D,DISPATCH,UNIT_SCADA,1,"2022/10/20 10:10:00",TVCC201,0
D,DISPATCH,UNIT_SCADA,1,"2022/10/20 10:10:00",TVPP104,57.885170
D,DISPATCH,UNIT_SCADA,1,"2022/10/20 10:10:00",UPPTUMUT,0
D,DISPATCH,UNIT_SCADA,1,"2022/10/20 10:10:00",URANQ11,0
D,DISPATCH,UNIT_SCADA,1,"2022/10/20 10:10:00",URANQ12,0
D,DISPATCH,UNIT_SCADA,1,"2022/10/20 10:10:00",URANQ13,0
D,DISPATCH,UNIT_SCADA,1,"2022/10/20 10:10:00",URANQ14,0
D,DISPATCH,UNIT_SCADA,1,"2022/10/20 10:10:00",VBBG1,0
D,DISPATCH,UNIT_SCADA,1,"2022/10/20 10:10:00",VBBL1,1.30
D,DISPATCH,UNIT_SCADA,1,"2022/10/20 10:10:00",VP5,498.550380
D,DISPATCH,UNIT_SCADA,1,"2022/10/20 10:10:00",VP6,500.820950
D,DISPATCH,UNIT_SCADA,1,"2022/10/20 10:10:00",VPGS1,0
D,DISPATCH,UNIT_SCADA,1,"2022/10/20 10:10:00",VPGS2,0
D,DISPATCH,UNIT_SCADA,1,"2022/10/20 10:10:00",VPGS3,0
D,DISPATCH,UNIT_SCADA,1,"2022/10/20 10:10:00",VPGS4,0
D,DISPATCH,UNIT_SCADA,1,"2022/10/20 10:10:00",VPGS5,0
D,DISPATCH,UNIT_SCADA,1,"2022/10/20 10:10:00",VPGS6,0
D,DISPATCH,UNIT_SCADA,1,"2022/10/20 10:10:00",W/HOE#1,0
D,DISPATCH,UNIT_SCADA,1,"2022/10/20 10:10:00",W/HOE#2,0
D,DISPATCH,UNIT_SCADA,1,"2022/10/20 10:10:00",WAGGNSF1,0
D,DISPATCH,UNIT_SCADA,1,"2022/10/20 10:10:00",WALGRVG1,0.010240
D,DISPATCH,UNIT_SCADA,1,"2022/10/20 10:10:00",WALGRVL1,0
D,DISPATCH,UNIT_SCADA,1,"2022/10/20 10:10:00",WANDBG1,0
D,DISPATCH,UNIT_SCADA,1,"2022/10/20 10:10:00",WANDBL1,50.443650
D,DISPATCH,UNIT_SCADA,1,"2022/10/20 10:10:00",WARWSF1,6.01
D,DISPATCH,UNIT_SCADA,1,"2022/10/20 10:10:00",WARWSF2,6.44
D,DISPATCH,UNIT_SCADA,1,"2022/10/20 10:10:00",WATERLWF,49.90
D,DISPATCH,UNIT_SCADA,1,"2022/10/20 10:10:00",WDGPH1,36.5450
D,DISPATCH,UNIT_SCADA,1,"2022/10/20 10:10:00",WELLSF1,74.381630
D,DISPATCH,UNIT_SCADA,1,"2022/10/20 10:10:00",WEMENSF1,16.30
D,DISPATCH,UNIT_SCADA,1,"2022/10/20 10:10:00",WGWF1,94.90
D,DISPATCH,UNIT_SCADA,1,"2022/10/20 10:10:00",WHITSF1,0
D,DISPATCH,UNIT_SCADA,1,"2022/10/20 10:10:00",WINTSF1,85.22
D,DISPATCH,UNIT_SCADA,1,"2022/10/20 10:10:00",WKIEWA1,33.80
D,DISPATCH,UNIT_SCADA,1,"2022/10/20 10:10:00",WKIEWA2,14
D,DISPATCH,UNIT_SCADA,1,"2022/10/20 10:10:00",WOODLWN1,12.6081
D,DISPATCH,UNIT_SCADA,1,"2022/10/20 10:10:00",WOOLGSF1,38.268930
D,DISPATCH,UNIT_SCADA,1,"2022/10/20 10:10:00",WPWF,11.76
D,DISPATCH,UNIT_SCADA,1,"2022/10/20 10:10:00",WRSF1,0.620140
D,DISPATCH,UNIT_SCADA,1,"2022/10/20 10:10:00",WRWF1,35.147630
D,DISPATCH,UNIT_SCADA,1,"2022/10/20 10:10:00",WSTWYSF1,0
D,DISPATCH,UNIT_SCADA,1,"2022/10/20 10:10:00",YABULU,0
D,DISPATCH,UNIT_SCADA,1,"2022/10/20 10:10:00",YABULU2,0
D,DISPATCH,UNIT_SCADA,1,"2022/10/20 10:10:00",YARANSF1,13.59
D,DISPATCH,UNIT_SCADA,1,"2022/10/20 10:10:00",YARWUN_1,162.78
D,DISPATCH,UNIT_SCADA,1,"2022/10/20 10:10:00",YATSF1,19.42
D,DISPATCH,UNIT_SCADA,1,"2022/10/20 10:10:00",YENDWF1,38.44
D,DISPATCH,UNIT_SCADA,1,"2022/10/20 10:10:00",YWPS1,297.9924
D,DISPATCH,UNIT_SCADA,1,"2022/10/20 10:10:00",YWPS2,288.217710
D,DISPATCH,UNIT_SCADA,1,"2022/10/20 10:10:00",YWPS3,301.239230
D,DISPATCH,UNIT_SCADA,1,"2022/10/20 10:10:00",YWPS4,0
C,"END OF REPORT",419
