C,NEMP.WORLD,DISPATCHSCADA,AEMO,PUBLIC,2022/10/20,16:45:09,0000000373267854,DISPATCHSCADA,0000000373267848
I,DISPATCH,UNIT_SCADA,1,SETTLEMENTDATE,DUID,SCADAVALUE
D,DISPATCH,UNIT_SCADA,1,"2022/10/20 16:50:00",BARCSF1,4
D,DISPATCH,UNIT_SCADA,1,"2022/10/20 16:50:00",BUTLERSG,8.699999
D,DISPATCH,UNIT_SCADA,1,"2022/10/20 16:50:00",CAPTL_WF,85.063797
D,DISPATCH,UNIT_SCADA,1,"2022/10/20 16:50:00",CHALLHWF,13
D,DISPATCH,UNIT_SCADA,1,"2022/10/20 16:50:00",CLOVER,10.51
D,DISPATCH,UNIT_SCADA,1,"2022/10/20 16:50:00",CLUNY,6.310369
D,DISPATCH,UNIT_SCADA,1,"2022/10/20 16:50:00",CULLRGWF,-0.04
D,DISPATCH,UNIT_SCADA,1,"2022/10/20 16:50:00",DIAPURWF1,1.30
D,DISPATCH,UNIT_SCADA,1,"2022/10/20 16:50:00",ERGT01,0
D,DISPATCH,UNIT_SCADA,1,"2022/10/20 16:50:00",GB01,0
D,DISPATCH,UNIT_SCADA,1,"2022/10/20 16:50:00",GERMCRK,21.700001
D,DISPATCH,UNIT_SCADA,1,"2022/10/20 16:50:00",GRIFSF1,5.101091
D,DISPATCH,UNIT_SCADA,1,"2022/10/20 16:50:00",HEZ1,0
D,DISPATCH,UNIT_SCADA,1,"2022/10/20 16:50:00",HUGSF1,1.6980
D,DISPATCH,UNIT_SCADA,1,"2022/10/20 16:50:00",KEPBG1,0.01
D,DISPATCH,UNIT_SCADA,1,"2022/10/20 16:50:00",LRSF1,10.882001
D,DISPATCH,UNIT_SCADA,1,"2022/10/20 16:50:00",MBAHNTH,43.518753
D,DISPATCH,UNIT_SCADA,1,"2022/10/20 16:50:00",MLSP1,0.690001
D,DISPATCH,UNIT_SCADA,1,"2022/10/20 16:50:00",MLWF1,6.66
D,DISPATCH,UNIT_SCADA,1,"2022/10/20 16:50:00",PALOONA,30.359999
D,DISPATCH,UNIT_SCADA,1,"2022/10/20 16:50:00",PIONEER,24.200001
D,DISPATCH,UNIT_SCADA,1,"2022/10/20 16:50:00",PORTWF,34.099998
D,DISPATCH,UNIT_SCADA,1,"2022/10/20 16:50:00",REPULSE,9.391623
D,DISPATCH,UNIT_SCADA,1,"2022/10/20 16:50:00",ROWALLAN,8.9531
D,DISPATCH,UNIT_SCADA,1,"2022/10/20 16:50:00",ROYALLA1,1.711003
D,DISPATCH,UNIT_SCADA,1,"2022/10/20 16:50:00",RPCG,-1.80
D,DISPATCH,UNIT_SCADA,1,"2022/10/20 16:50:00",RUBICON,0
D,DISPATCH,UNIT_SCADA,1,"2022/10/20 16:50:00",WAUBRAWF,57.02
D,DISPATCH,UNIT_SCADA,1,"2022/10/20 16:50:00",WOOLNTH1,96
D,DISPATCH,UNIT_SCADA,1,"2022/10/20 16:50:00",YAMBUKWF,1.90
D,DISPATCH,UNIT_SCADA,1,"2022/10/20 16:50:00",YSWF1,1.40
D,DISPATCH,UNIT_SCADA,1,"2022/10/20 16:50:00",ADPBA1G,0.0080
D,DISPATCH,UNIT_SCADA,1,"2022/10/20 16:50:00",ADPBA1L,0
D,DISPATCH,UNIT_SCADA,1,"2022/10/20 16:50:00",ADPPV1,8.7960
D,DISPATCH,UNIT_SCADA,1,"2022/10/20 16:50:00",AGLHAL,29.778450
D,DISPATCH,UNIT_SCADA,1,"2022/10/20 16:50:00",AGLSOM,0
D,DISPATCH,UNIT_SCADA,1,"2022/10/20 16:50:00",ANGAST1,0
D,DISPATCH,UNIT_SCADA,1,"2022/10/20 16:50:00",ARWF1,63.20
D,DISPATCH,UNIT_SCADA,1,"2022/10/20 16:50:00",BALBG1,2.29
D,DISPATCH,UNIT_SCADA,1,"2022/10/20 16:50:00",BALBL1,0
D,DISPATCH,UNIT_SCADA,1,"2022/10/20 16:50:00",BALDHWF1,103.7750
D,DISPATCH,UNIT_SCADA,1,"2022/10/20 16:50:00",BANGOWF1,73.299460
D,DISPATCH,UNIT_SCADA,1,"2022/10/20 16:50:00",BANGOWF2,8.898830
D,DISPATCH,UNIT_SCADA,1,"2022/10/20 16:50:00",BANN1,12.48
D,DISPATCH,UNIT_SCADA,1,"2022/10/20 16:50:00",BARCALDN,0
D,DISPATCH,UNIT_SCADA,1,"2022/10/20 16:50:00",BARKIPS1,0
D,DISPATCH,UNIT_SCADA,1,"2022/10/20 16:50:00",BARRON-1,25.64
D,DISPATCH,UNIT_SCADA,1,"2022/10/20 16:50:00",BARRON-2,25.28
D,DISPATCH,UNIT_SCADA,1,"2022/10/20 16:50:00",BASTYAN,53.560010
D,DISPATCH,UNIT_SCADA,1,"2022/10/20 16:50:00",BBTHREE1,0
D,DISPATCH,UNIT_SCADA,1,"2022/10/20 16:50:00",BBTHREE2,0
D,DISPATCH,UNIT_SCADA,1,"2022/10/20 16:50:00",BBTHREE3,-1.10
D,DISPATCH,UNIT_SCADA,1,"2022/10/20 16:50:00",BDL01,0
D,DISPATCH,UNIT_SCADA,1,"2022/10/20 16:50:00",BDL02,0
D,DISPATCH,UNIT_SCADA,1,"2022/10/20 16:50:00",BERYLSF1,7.2125
D,DISPATCH,UNIT_SCADA,1,"2022/10/20 16:50:00",BLOWERNG,62.50
D,DISPATCH,UNIT_SCADA,1,"2022/10/20 16:50:00",BLUEGSF1,6.437630
D,DISPATCH,UNIT_SCADA,1,"2022/10/20 16:50:00",BLUFF1,0
D,DISPATCH,UNIT_SCADA,1,"2022/10/20 16:50:00",BNGSF1,108.92
D,DISPATCH,UNIT_SCADA,1,"2022/10/20 16:50:00",BNGSF2,110.22
D,DISPATCH,UNIT_SCADA,1,"2022/10/20 16:50:00",BOCORWF1,55.36
D,DISPATCH,UNIT_SCADA,1,"2022/10/20 16:50:00",BODWF1,90.582540
D,DISPATCH,UNIT_SCADA,1,"2022/10/20 16:50:00",BOMENSF1,13.159990
D,DISPATCH,UNIT_SCADA,1,"2022/10/20 16:50:00",BOWWBA1G,0
D,DISPATCH,UNIT_SCADA,1,"2022/10/20 16:50:00",BOWWBA1L,0.0020
D,DISPATCH,UNIT_SCADA,1,"2022/10/20 16:50:00",BOWWPV1,0
D,DISPATCH,UNIT_SCADA,1,"2022/10/20 16:50:00",BRAEMAR1,0
D,DISPATCH,UNIT_SCADA,1,"2022/10/20 16:50:00",BRAEMAR2,0
D,DISPATCH,UNIT_SCADA,1,"2022/10/20 16:50:00",BRAEMAR3,0
D,DISPATCH,UNIT_SCADA,1,"2022/10/20 16:50:00",BRAEMAR5,92.612920
D,DISPATCH,UNIT_SCADA,1,"2022/10/20 16:50:00",BRAEMAR6,0
D,DISPATCH,UNIT_SCADA,1,"2022/10/20 16:50:00",BRAEMAR7,142.927630
D,DISPATCH,UNIT_SCADA,1,"2022/10/20 16:50:00",BROKENH1,15.799760
D,DISPATCH,UNIT_SCADA,1,"2022/10/20 16:50:00",BRYB1WF1,82.658120
D,DISPATCH,UNIT_SCADA,1,"2022/10/20 16:50:00",BULBESG1,0
D,DISPATCH,UNIT_SCADA,1,"2022/10/20 16:50:00",BULBESL1,17.65
D,DISPATCH,UNIT_SCADA,1,"2022/10/20 16:50:00",BULGANA1,45.95
D,DISPATCH,UNIT_SCADA,1,"2022/10/20 16:50:00",BW01,660.935360
D,DISPATCH,UNIT_SCADA,1,"2022/10/20 16:50:00",BW02,621.017760
D,DISPATCH,UNIT_SCADA,1,"2022/10/20 16:50:00",BW03,497.163360
D,DISPATCH,UNIT_SCADA,1,"2022/10/20 16:50:00",BW04,0
D,DISPATCH,UNIT_SCADA,1,"2022/10/20 16:50:00",CALL_B_1,323
D,DISPATCH,UNIT_SCADA,1,"2022/10/20 16:50:00",CALL_B_2,322.800020
D,DISPATCH,UNIT_SCADA,1,"2022/10/20 16:50:00",CATHROCK,10.10
D,DISPATCH,UNIT_SCADA,1,"2022/10/20 16:50:00",CBWWBA1G,0
D,DISPATCH,UNIT_SCADA,1,"2022/10/20 16:50:00",CBWWBA1L,0
D,DISPATCH,UNIT_SCADA,1,"2022/10/20 16:50:00",CETHANA,97.4660
D,DISPATCH,UNIT_SCADA,1,"2022/10/20 16:50:00",CG1,0
D,DISPATCH,UNIT_SCADA,1,"2022/10/20 16:50:00",CG2,0
D,DISPATCH,UNIT_SCADA,1,"2022/10/20 16:50:00",CG3,0
D,DISPATCH,UNIT_SCADA,1,"2022/10/20 16:50:00",CG4,0
D,DISPATCH,UNIT_SCADA,1,"2022/10/20 16:50:00",CHILDSF1,1.71
D,DISPATCH,UNIT_SCADA,1,"2022/10/20 16:50:00",CHYTWF1,8.36
D,DISPATCH,UNIT_SCADA,1,"2022/10/20 16:50:00",CLARESF1,0
D,DISPATCH,UNIT_SCADA,1,"2022/10/20 16:50:00",CLEMGPWF,14.623110
D,DISPATCH,UNIT_SCADA,1,"2022/10/20 16:50:00",CLERMSF1,43.93
D,DISPATCH,UNIT_SCADA,1,"2022/10/20 16:50:00",CNUNDAWF,7.809110
D,DISPATCH,UNIT_SCADA,1,"2022/10/20 16:50:00",COHUNSF1,5.01
D,DISPATCH,UNIT_SCADA,1,"2022/10/20 16:50:00",COLEASF1,7.899980
D,DISPATCH,UNIT_SCADA,1,"2022/10/20 16:50:00",COLUMSF1,25.6480
D,DISPATCH,UNIT_SCADA,1,"2022/10/20 16:50:00",COLWF01,99.920650
D,DISPATCH,UNIT_SCADA,1,"2022/10/20 16:50:00",COOPGWF1,326.739990
D,DISPATCH,UNIT_SCADA,1,"2022/10/20 16:50:00",CPP_3,374.274990
D,DISPATCH,UNIT_SCADA,1,"2022/10/20 16:50:00",CPP_4,0
D,DISPATCH,UNIT_SCADA,1,"2022/10/20 16:50:00",CPSA,0
D,DISPATCH,UNIT_SCADA,1,"2022/10/20 16:50:00",CROOKWF2,55.304190
D,DISPATCH,UNIT_SCADA,1,"2022/10/20 16:50:00",CROWLWF1,28.903420
D,DISPATCH,UNIT_SCADA,1,"2022/10/20 16:50:00",CRURWF1,49.196230
D,DISPATCH,UNIT_SCADA,1,"2022/10/20 16:50:00",CRWASF1,15.117820
D,DISPATCH,UNIT_SCADA,1,"2022/10/20 16:50:00",CSPVPS1,3.7040
D,DISPATCH,UNIT_SCADA,1,"2022/10/20 16:50:00",CTHLWF1,0.003050
D,DISPATCH,UNIT_SCADA,1,"2022/10/20 16:50:00",DALNTH01,0
D,DISPATCH,UNIT_SCADA,1,"2022/10/20 16:50:00",DALNTHL1,0.1297
D,DISPATCH,UNIT_SCADA,1,"2022/10/20 16:50:00",DARLSF1,59.450680
D,DISPATCH,UNIT_SCADA,1,"2022/10/20 16:50:00",DARTM1,0
D,DISPATCH,UNIT_SCADA,1,"2022/10/20 16:50:00",DAYDSF1,14.2270
D,DISPATCH,UNIT_SCADA,1,"2022/10/20 16:50:00",DDPS1,0
D,DISPATCH,UNIT_SCADA,1,"2022/10/20 16:50:00",DDSF1,5.839870
D,DISPATCH,UNIT_SCADA,1,"2022/10/20 16:50:00",DEVILS_G,60.983310
D,DISPATCH,UNIT_SCADA,1,"2022/10/20 16:50:00",DG_NSW1,0
D,DISPATCH,UNIT_SCADA,1,"2022/10/20 16:50:00",DG_QLD1,0
D,DISPATCH,UNIT_SCADA,1,"2022/10/20 16:50:00",DG_SA1,0
D,DISPATCH,UNIT_SCADA,1,"2022/10/20 16:50:00",DG_TAS1,0
D,DISPATCH,UNIT_SCADA,1,"2022/10/20 16:50:00",DG_VIC1,0
D,DISPATCH,UNIT_SCADA,1,"2022/10/20 16:50:00",DRYCGT1,0
D,DISPATCH,UNIT_SCADA,1,"2022/10/20 16:50:00",DRYCGT2,0
D,DISPATCH,UNIT_SCADA,1,"2022/10/20 16:50:00",DRYCGT3,0
D,DISPATCH,UNIT_SCADA,1,"2022/10/20 16:50:00",DUNDWF1,78.38
D,DISPATCH,UNIT_SCADA,1,"2022/10/20 16:50:00",DUNDWF2,14.25
D,DISPATCH,UNIT_SCADA,1,"2022/10/20 16:50:00",DUNDWF3,63
D,DISPATCH,UNIT_SCADA,1,"2022/10/20 16:50:00",EILDON1,60.04
D,DISPATCH,UNIT_SCADA,1,"2022/10/20 16:50:00",EILDON2,60.20
D,DISPATCH,UNIT_SCADA,1,"2022/10/20 16:50:00",ELAINWF1,19.42
D,DISPATCH,UNIT_SCADA,1,"2022/10/20 16:50:00",EMERASF1,0
D,DISPATCH,UNIT_SCADA,1,"2022/10/20 16:50:00",ER01,0
D,DISPATCH,UNIT_SCADA,1,"2022/10/20 16:50:00",ER02,679.514770
D,DISPATCH,UNIT_SCADA,1,"2022/10/20 16:50:00",ER03,639.279790
D,DISPATCH,UNIT_SCADA,1,"2022/10/20 16:50:00",ER04,690.647770
D,DISPATCH,UNIT_SCADA,1,"2022/10/20 16:50:00",FINLYSF1,116.417180
D,DISPATCH,UNIT_SCADA,1,"2022/10/20 16:50:00",FISHER,43.87
D,DISPATCH,UNIT_SCADA,1,"2022/10/20 16:50:00",GANGARR1,13.4840
D,DISPATCH,UNIT_SCADA,1,"2022/10/20 16:50:00",GANNBG1,0.636190
D,DISPATCH,UNIT_SCADA,1,"2022/10/20 16:50:00",GANNBL1,0
D,DISPATCH,UNIT_SCADA,1,"2022/10/20 16:50:00",GANNSF1,19
D,DISPATCH,UNIT_SCADA,1,"2022/10/20 16:50:00",GLRWNSF1,30.39
D,DISPATCH,UNIT_SCADA,1,"2022/10/20 16:50:00",GNNDHSF1,41.590520
D,DISPATCH,UNIT_SCADA,1,"2022/10/20 16:50:00",GOONSF1,9.974520
D,DISPATCH,UNIT_SCADA,1,"2022/10/20 16:50:00",GORDON,259.488560
D,DISPATCH,UNIT_SCADA,1,"2022/10/20 16:50:00",GRANWF1,0
D,DISPATCH,UNIT_SCADA,1,"2022/10/20 16:50:00",GSTONE1,199.849990
D,DISPATCH,UNIT_SCADA,1,"2022/10/20 16:50:00",GSTONE2,0
D,DISPATCH,UNIT_SCADA,1,"2022/10/20 16:50:00",GSTONE3,199.849990
D,DISPATCH,UNIT_SCADA,1,"2022/10/20 16:50:00",GSTONE4,0
D,DISPATCH,UNIT_SCADA,1,"2022/10/20 16:50:00",GSTONE5,200.20
D,DISPATCH,UNIT_SCADA,1,"2022/10/20 16:50:00",GSTONE6,200.20
D,DISPATCH,UNIT_SCADA,1,"2022/10/20 16:50:00",GULLRSF1,0
D,DISPATCH,UNIT_SCADA,1,"2022/10/20 16:50:00",GULLRWF1,91.9136
D,DISPATCH,UNIT_SCADA,1,"2022/10/20 16:50:00",GULLRWF2,99.170940
D,DISPATCH,UNIT_SCADA,1,"2022/10/20 16:50:00",GUNNING1,0
D,DISPATCH,UNIT_SCADA,1,"2022/10/20 16:50:00",GUTHEGA,68.100010
D,DISPATCH,UNIT_SCADA,1,"2022/10/20 16:50:00",HALLWF1,0
D,DISPATCH,UNIT_SCADA,1,"2022/10/20 16:50:00",HALLWF2,0
D,DISPATCH,UNIT_SCADA,1,"2022/10/20 16:50:00",HAMISF1,4.70
D,DISPATCH,UNIT_SCADA,1,"2022/10/20 16:50:00",HAUGHT11,0
D,DISPATCH,UNIT_SCADA,1,"2022/10/20 16:50:00",HAYMSF1,4.2520
D,DISPATCH,UNIT_SCADA,1,"2022/10/20 16:50:00",HDWF1,14.10
D,DISPATCH,UNIT_SCADA,1,"2022/10/20 16:50:00",HDWF2,23.50
D,DISPATCH,UNIT_SCADA,1,"2022/10/20 16:50:00",HDWF3,23.60
D,DISPATCH,UNIT_SCADA,1,"2022/10/20 16:50:00",HILLSTN1,0.802910
D,DISPATCH,UNIT_SCADA,1,"2022/10/20 16:50:00",HPRG1,9.80
D,DISPATCH,UNIT_SCADA,1,"2022/10/20 16:50:00",HPRL1,0
D,DISPATCH,UNIT_SCADA,1,"2022/10/20 16:50:00",HUMENSW,54.961270
D,DISPATCH,UNIT_SCADA,1,"2022/10/20 16:50:00",HUMEV,0
D,DISPATCH,UNIT_SCADA,1,"2022/10/20 16:50:00",HVWWBA1G,0
D,DISPATCH,UNIT_SCADA,1,"2022/10/20 16:50:00",HVWWBA1L,0.0060
D,DISPATCH,UNIT_SCADA,1,"2022/10/20 16:50:00",HVWWPV1,3.9460
D,DISPATCH,UNIT_SCADA,1,"2022/10/20 16:50:00",JBUTTERS,0
D,DISPATCH,UNIT_SCADA,1,"2022/10/20 16:50:00",JEMALNG1,8.05
D,DISPATCH,UNIT_SCADA,1,"2022/10/20 16:50:00",JLA01,0
D,DISPATCH,UNIT_SCADA,1,"2022/10/20 16:50:00",JLA02,0
D,DISPATCH,UNIT_SCADA,1,"2022/10/20 16:50:00",JLA03,0
D,DISPATCH,UNIT_SCADA,1,"2022/10/20 16:50:00",JLA04,0
D,DISPATCH,UNIT_SCADA,1,"2022/10/20 16:50:00",JLB01,0
D,DISPATCH,UNIT_SCADA,1,"2022/10/20 16:50:00",JLB02,0.10
D,DISPATCH,UNIT_SCADA,1,"2022/10/20 16:50:00",JLB03,0
D,DISPATCH,UNIT_SCADA,1,"2022/10/20 16:50:00",JUNEESF1,1.991490
D,DISPATCH,UNIT_SCADA,1,"2022/10/20 16:50:00",KABANWF1,0.9150
D,DISPATCH,UNIT_SCADA,1,"2022/10/20 16:50:00",KAREEYA1,18.21
D,DISPATCH,UNIT_SCADA,1,"2022/10/20 16:50:00",KAREEYA2,0
D,DISPATCH,UNIT_SCADA,1,"2022/10/20 16:50:00",KAREEYA3,21.62
D,DISPATCH,UNIT_SCADA,1,"2022/10/20 16:50:00",KAREEYA4,0
D,DISPATCH,UNIT_SCADA,1,"2022/10/20 16:50:00",KARSF1,32.10
D,DISPATCH,UNIT_SCADA,1,"2022/10/20 16:50:00",KEPSF1,5.70
D,DISPATCH,UNIT_SCADA,1,"2022/10/20 16:50:00",KEPWF1,19.61
D,DISPATCH,UNIT_SCADA,1,"2022/10/20 16:50:00",KIAMSF1,28.149080
D,DISPATCH,UNIT_SCADA,1,"2022/10/20 16:50:00",KIATAWF1,7.60
D,DISPATCH,UNIT_SCADA,1,"2022/10/20 16:50:00",KPP_1,0
D,DISPATCH,UNIT_SCADA,1,"2022/10/20 16:50:00",KSP1,26.63
D,DISPATCH,UNIT_SCADA,1,"2022/10/20 16:50:00",LADBROK1,0.02
D,DISPATCH,UNIT_SCADA,1,"2022/10/20 16:50:00",LADBROK2,0.02
D,DISPATCH,UNIT_SCADA,1,"2022/10/20 16:50:00",LBBG1,1.05
D,DISPATCH,UNIT_SCADA,1,"2022/10/20 16:50:00",LBBL1,0
D,DISPATCH,UNIT_SCADA,1,"2022/10/20 16:50:00",LD01,356.077760
D,DISPATCH,UNIT_SCADA,1,"2022/10/20 16:50:00",LD02,31.550040
D,DISPATCH,UNIT_SCADA,1,"2022/10/20 16:50:00",LD04,326.523650
D,DISPATCH,UNIT_SCADA,1,"2022/10/20 16:50:00",LEM_WIL,86.970570
D,DISPATCH,UNIT_SCADA,1,"2022/10/20 16:50:00",LGAPWF1,68.63
D,DISPATCH,UNIT_SCADA,1,"2022/10/20 16:50:00",LGAPWF2,35.89
D,DISPATCH,UNIT_SCADA,1,"2022/10/20 16:50:00",LILYSF1,5.963780
D,DISPATCH,UNIT_SCADA,1,"2022/10/20 16:50:00",LIMOSF11,71.8613
D,DISPATCH,UNIT_SCADA,1,"2022/10/20 16:50:00",LIMOSF21,9.329030
D,DISPATCH,UNIT_SCADA,1,"2022/10/20 16:50:00",LI_WY_CA,63.503150
D,DISPATCH,UNIT_SCADA,1,"2022/10/20 16:50:00",LKBONNY1,0
D,DISPATCH,UNIT_SCADA,1,"2022/10/20 16:50:00",LKBONNY2,7.641360
D,DISPATCH,UNIT_SCADA,1,"2022/10/20 16:50:00",LKBONNY3,2.958570
D,DISPATCH,UNIT_SCADA,1,"2022/10/20 16:50:00",LK_ECHO,0
D,DISPATCH,UNIT_SCADA,1,"2022/10/20 16:50:00",LNGS1,0
D,DISPATCH,UNIT_SCADA,1,"2022/10/20 16:50:00",LNGS2,0
D,DISPATCH,UNIT_SCADA,1,"2022/10/20 16:50:00",LONSDALE,0
D,DISPATCH,UNIT_SCADA,1,"2022/10/20 16:50:00",LOYYB1,580.8266
D,DISPATCH,UNIT_SCADA,1,"2022/10/20 16:50:00",LOYYB2,575.563290
D,DISPATCH,UNIT_SCADA,1,"2022/10/20 16:50:00",LYA1,561
D,DISPATCH,UNIT_SCADA,1,"2022/10/20 16:50:00",LYA2,0
D,DISPATCH,UNIT_SCADA,1,"2022/10/20 16:50:00",LYA3,560
D,DISPATCH,UNIT_SCADA,1,"2022/10/20 16:50:00",LYA4,562
D,DISPATCH,UNIT_SCADA,1,"2022/10/20 16:50:00",MACARTH1,49.898850
D,DISPATCH,UNIT_SCADA,1,"2022/10/20 16:50:00",MACKNTSH,0
D,DISPATCH,UNIT_SCADA,1,"2022/10/20 16:50:00",MANSLR1,6.6140
D,DISPATCH,UNIT_SCADA,1,"2022/10/20 16:50:00",MAPS2PV1,0
D,DISPATCH,UNIT_SCADA,1,"2022/10/20 16:50:00",MAPS3PV1,0
D,DISPATCH,UNIT_SCADA,1,"2022/10/20 16:50:00",MARYRSF1,2.93
D,DISPATCH,UNIT_SCADA,1,"2022/10/20 16:50:00",MBPS2PV1,0
D,DISPATCH,UNIT_SCADA,1,"2022/10/20 16:50:00",MCKAY1,212.349990
D,DISPATCH,UNIT_SCADA,1,"2022/10/20 16:50:00",MEADOWBK,5.801740
D,DISPATCH,UNIT_SCADA,1,"2022/10/20 16:50:00",MERCER01,27
D,DISPATCH,UNIT_SCADA,1,"2022/10/20 16:50:00",METZSF1,38.595670
D,DISPATCH,UNIT_SCADA,1,"2022/10/20 16:50:00",MEWF1,17.755140
D,DISPATCH,UNIT_SCADA,1,"2022/10/20 16:50:00",MIDDLSF1,2.88
D,DISPATCH,UNIT_SCADA,1,"2022/10/20 16:50:00",MINTARO,0.128180
D,DISPATCH,UNIT_SCADA,1,"2022/10/20 16:50:00",MOLNGSF1,2.821090
D,DISPATCH,UNIT_SCADA,1,"2022/10/20 16:50:00",MOORAWF1,38.02
D,DISPATCH,UNIT_SCADA,1,"2022/10/20 16:50:00",MOREESF1,1.2020
D,DISPATCH,UNIT_SCADA,1,"2022/10/20 16:50:00",MORTLK11,0
D,DISPATCH,UNIT_SCADA,1,"2022/10/20 16:50:00",MORTLK12,0
D,DISPATCH,UNIT_SCADA,1,"2022/10/20 16:50:00",MOUSF1,0
D,DISPATCH,UNIT_SCADA,1,"2022/10/20 16:50:00",MP1,0
D,DISPATCH,UNIT_SCADA,1,"2022/10/20 16:50:00",MP2,610.324280
D,DISPATCH,UNIT_SCADA,1,"2022/10/20 16:50:00",MPP_1,140.538160
D,DISPATCH,UNIT_SCADA,1,"2022/10/20 16:50:00",MPP_2,177.389370
D,DISPATCH,UNIT_SCADA,1,"2022/10/20 16:50:00",MRTLSWF1,0
D,DISPATCH,UNIT_SCADA,1,"2022/10/20 16:50:00",MSTUART1,0
D,DISPATCH,UNIT_SCADA,1,"2022/10/20 16:50:00",MSTUART2,0
D,DISPATCH,UNIT_SCADA,1,"2022/10/20 16:50:00",MSTUART3,0
D,DISPATCH,UNIT_SCADA,1,"2022/10/20 16:50:00",MTGELWF1,45.229960
D,DISPATCH,UNIT_SCADA,1,"2022/10/20 16:50:00",MTMILLAR,12
D,DISPATCH,UNIT_SCADA,1,"2022/10/20 16:50:00",MURRAY,0
D,DISPATCH,UNIT_SCADA,1,"2022/10/20 16:50:00",MUSSELR1,0
D,DISPATCH,UNIT_SCADA,1,"2022/10/20 16:50:00",MUWAWF1,29.51
D,DISPATCH,UNIT_SCADA,1,"2022/10/20 16:50:00",MUWAWF2,25.90
D,DISPATCH,UNIT_SCADA,1,"2022/10/20 16:50:00",MWPS1PV1,1.18
D,DISPATCH,UNIT_SCADA,1,"2022/10/20 16:50:00",MWPS2PV1,4.60
D,DISPATCH,UNIT_SCADA,1,"2022/10/20 16:50:00",MWPS3PV1,1.65
D,DISPATCH,UNIT_SCADA,1,"2022/10/20 16:50:00",MWPS4PV1,1.18
D,DISPATCH,UNIT_SCADA,1,"2022/10/20 16:50:00",NBHWF1,0.70
D,DISPATCH,UNIT_SCADA,1,"2022/10/20 16:50:00",NEVERSF1,4.29
D,DISPATCH,UNIT_SCADA,1,"2022/10/20 16:50:00",NPS,0
D,DISPATCH,UNIT_SCADA,1,"2022/10/20 16:50:00",NUMURSF1,14.67
D,DISPATCH,UNIT_SCADA,1,"2022/10/20 16:50:00",NYNGAN1,15.25
D,DISPATCH,UNIT_SCADA,1,"2022/10/20 16:50:00",OAKEY1,125.786270
D,DISPATCH,UNIT_SCADA,1,"2022/10/20 16:50:00",OAKEY1SF,2.6670
D,DISPATCH,UNIT_SCADA,1,"2022/10/20 16:50:00",OAKEY2,0
D,DISPATCH,UNIT_SCADA,1,"2022/10/20 16:50:00",OAKEY2SF,5.76
D,DISPATCH,UNIT_SCADA,1,"2022/10/20 16:50:00",OAKLAND1,14
D,DISPATCH,UNIT_SCADA,1,"2022/10/20 16:50:00",OSB-AG,143.95
D,DISPATCH,UNIT_SCADA,1,"2022/10/20 16:50:00",PAREPS1,0
D,DISPATCH,UNIT_SCADA,1,"2022/10/20 16:50:00",PAREPW1,168.679990
D,DISPATCH,UNIT_SCADA,1,"2022/10/20 16:50:00",PARSF1,7.600520
D,DISPATCH,UNIT_SCADA,1,"2022/10/20 16:50:00",POAT110,3.14
D,DISPATCH,UNIT_SCADA,1,"2022/10/20 16:50:00",POAT220,0
D,DISPATCH,UNIT_SCADA,1,"2022/10/20 16:50:00",POR01,0.008670
D,DISPATCH,UNIT_SCADA,1,"2022/10/20 16:50:00",POR03,0
D,DISPATCH,UNIT_SCADA,1,"2022/10/20 16:50:00",PPCCGT,167.512190
D,DISPATCH,UNIT_SCADA,1,"2022/10/20 16:50:00",PTSTAN1,0
D,DISPATCH,UNIT_SCADA,1,"2022/10/20 16:50:00",PUMP1,0
D,DISPATCH,UNIT_SCADA,1,"2022/10/20 16:50:00",PUMP2,0
D,DISPATCH,UNIT_SCADA,1,"2022/10/20 16:50:00",QBYNBG1,0
D,DISPATCH,UNIT_SCADA,1,"2022/10/20 16:50:00",QBYNBL1,1.047480
D,DISPATCH,UNIT_SCADA,1,"2022/10/20 16:50:00",QPS1,0
D,DISPATCH,UNIT_SCADA,1,"2022/10/20 16:50:00",QPS2,0
D,DISPATCH,UNIT_SCADA,1,"2022/10/20 16:50:00",QPS3,0
D,DISPATCH,UNIT_SCADA,1,"2022/10/20 16:50:00",QPS4,0
D,DISPATCH,UNIT_SCADA,1,"2022/10/20 16:50:00",QPS5,75.65
D,DISPATCH,UNIT_SCADA,1,"2022/10/20 16:50:00",REECE1,48.349380
D,DISPATCH,UNIT_SCADA,1,"2022/10/20 16:50:00",REECE2,36.54
D,DISPATCH,UNIT_SCADA,1,"2022/10/20 16:50:00",ROMA_7,0
D,DISPATCH,UNIT_SCADA,1,"2022/10/20 16:50:00",ROMA_8,0
D,DISPATCH,UNIT_SCADA,1,"2022/10/20 16:50:00",RRSF1,74.381580
D,DISPATCH,UNIT_SCADA,1,"2022/10/20 16:50:00",RT_NSW1,0
D,DISPATCH,UNIT_SCADA,1,"2022/10/20 16:50:00",RT_NSW2,0
D,DISPATCH,UNIT_SCADA,1,"2022/10/20 16:50:00",RT_NSW3,0
D,DISPATCH,UNIT_SCADA,1,"2022/10/20 16:50:00",RT_NSW4,0
D,DISPATCH,UNIT_SCADA,1,"2022/10/20 16:50:00",RT_NSW5,0
D,DISPATCH,UNIT_SCADA,1,"2022/10/20 16:50:00",RT_NSW6,0
D,DISPATCH,UNIT_SCADA,1,"2022/10/20 16:50:00",RT_QLD1,0
D,DISPATCH,UNIT_SCADA,1,"2022/10/20 16:50:00",RT_SA1,0
D,DISPATCH,UNIT_SCADA,1,"2022/10/20 16:50:00",RT_SA2,0
D,DISPATCH,UNIT_SCADA,1,"2022/10/20 16:50:00",RT_SA3,0
D,DISPATCH,UNIT_SCADA,1,"2022/10/20 16:50:00",RT_SA4,0
D,DISPATCH,UNIT_SCADA,1,"2022/10/20 16:50:00",RT_SA5,0
D,DISPATCH,UNIT_SCADA,1,"2022/10/20 16:50:00",RT_SA6,0
D,DISPATCH,UNIT_SCADA,1,"2022/10/20 16:50:00",RT_TAS1,0
D,DISPATCH,UNIT_SCADA,1,"2022/10/20 16:50:00",RT_VIC1,0
D,DISPATCH,UNIT_SCADA,1,"2022/10/20 16:50:00",RT_VIC10,0
D,DISPATCH,UNIT_SCADA,1,"2022/10/20 16:50:00",RT_VIC11,0
D,DISPATCH,UNIT_SCADA,1,"2022/10/20 16:50:00",RT_VIC12,0
D,DISPATCH,UNIT_SCADA,1,"2022/10/20 16:50:00",RT_VIC2,0
D,DISPATCH,UNIT_SCADA,1,"2022/10/20 16:50:00",RT_VIC3,0
D,DISPATCH,UNIT_SCADA,1,"2022/10/20 16:50:00",RT_VIC4,0
D,DISPATCH,UNIT_SCADA,1,"2022/10/20 16:50:00",RT_VIC5,0
D,DISPATCH,UNIT_SCADA,1,"2022/10/20 16:50:00",RT_VIC6,0
D,DISPATCH,UNIT_SCADA,1,"2022/10/20 16:50:00",RT_VIC7,0
D,DISPATCH,UNIT_SCADA,1,"2022/10/20 16:50:00",RT_VIC8,0
D,DISPATCH,UNIT_SCADA,1,"2022/10/20 16:50:00",RT_VIC9,0
D,DISPATCH,UNIT_SCADA,1,"2022/10/20 16:50:00",RUGBYR1,7.345660
D,DISPATCH,UNIT_SCADA,1,"2022/10/20 16:50:00",SALTCRK1,22.06
D,DISPATCH,UNIT_SCADA,1,"2022/10/20 16:50:00",SAPHWF1,74.9691
D,DISPATCH,UNIT_SCADA,1,"2022/10/20 16:50:00",SEBSF1,4.304450
D,DISPATCH,UNIT_SCADA,1,"2022/10/20 16:50:00",SHGEN,0
D,DISPATCH,UNIT_SCADA,1,"2022/10/20 16:50:00",SHPUMP,0
D,DISPATCH,UNIT_SCADA,1,"2022/10/20 16:50:00",SITHE01,0.005650
D,DISPATCH,UNIT_SCADA,1,"2022/10/20 16:50:00",SMCSF1,13.3760
D,DISPATCH,UNIT_SCADA,1,"2022/10/20 16:50:00",SNAPPER1,0
D,DISPATCH,UNIT_SCADA,1,"2022/10/20 16:50:00",SNOWNTH1,24.50
D,DISPATCH,UNIT_SCADA,1,"2022/10/20 16:50:00",SNOWSTH1,22.20
D,DISPATCH,UNIT_SCADA,1,"2022/10/20 16:50:00",SNOWTWN1,16.283490
D,DISPATCH,UNIT_SCADA,1,"2022/10/20 16:50:00",SNOWYP,0
D,DISPATCH,UNIT_SCADA,1,"2022/10/20 16:50:00",SNUG1,0
D,DISPATCH,UNIT_SCADA,1,"2022/10/20 16:50:00",SRSF1,3.83
D,DISPATCH,UNIT_SCADA,1,"2022/10/20 16:50:00",STAN-1,285.0166
D,DISPATCH,UNIT_SCADA,1,"2022/10/20 16:50:00",STAN-2,363.948610
D,DISPATCH,UNIT_SCADA,1,"2022/10/20 16:50:00",STAN-3,272.6218
D,DISPATCH,UNIT_SCADA,1,"2022/10/20 16:50:00",STAN-4,363.551270
D,DISPATCH,UNIT_SCADA,1,"2022/10/20 16:50:00",STARHLWF,16.495190
D,DISPATCH,UNIT_SCADA,1,"2022/10/20 16:50:00",STOCKYD1,225.740010
D,DISPATCH,UNIT_SCADA,1,"2022/10/20 16:50:00",STWF1,3.7409
D,DISPATCH,UNIT_SCADA,1,"2022/10/20 16:50:00",SUNRSF1,99.359120
D,DISPATCH,UNIT_SCADA,1,"2022/10/20 16:50:00",SUNTPSF1,36.816360
D,DISPATCH,UNIT_SCADA,1,"2022/10/20 16:50:00",SWAN_E,245.448760
D,DISPATCH,UNIT_SCADA,1,"2022/10/20 16:50:00",TALWA1,0
D,DISPATCH,UNIT_SCADA,1,"2022/10/20 16:50:00",TARALGA1,0
D,DISPATCH,UNIT_SCADA,1,"2022/10/20 16:50:00",TARONG#1,349.899990
D,DISPATCH,UNIT_SCADA,1,"2022/10/20 16:50:00",TARONG#2,349.899990
D,DISPATCH,UNIT_SCADA,1,"2022/10/20 16:50:00",TARONG#3,0.90
D,DISPATCH,UNIT_SCADA,1,"2022/10/20 16:50:00",TARONG#4,247.900010
D,DISPATCH,UNIT_SCADA,1,"2022/10/20 16:50:00",TARRALEA,54
D,DISPATCH,UNIT_SCADA,1,"2022/10/20 16:50:00",TBSF1,0.10
D,DISPATCH,UNIT_SCADA,1,"2022/10/20 16:50:00",TNPS1,427.1875
D,DISPATCH,UNIT_SCADA,1,"2022/10/20 16:50:00",TORRB1,0
D,DISPATCH,UNIT_SCADA,1,"2022/10/20 16:50:00",TORRB2,65
D,DISPATCH,UNIT_SCADA,1,"2022/10/20 16:50:00",TORRB3,0
D,DISPATCH,UNIT_SCADA,1,"2022/10/20 16:50:00",TORRB4,0
D,DISPATCH,UNIT_SCADA,1,"2022/10/20 16:50:00",TREVALLN,99.834950
D,DISPATCH,UNIT_SCADA,1,"2022/10/20 16:50:00",TRIBUTE,0
D,DISPATCH,UNIT_SCADA,1,"2022/10/20 16:50:00",TUMUT3,144.05
D,DISPATCH,UNIT_SCADA,1,"2022/10/20 16:50:00",TUNGATIN,8.820010
D,DISPATCH,UNIT_SCADA,1,"2022/10/20 16:50:00",TVCC201,0
D,DISPATCH,UNIT_SCADA,1,"2022/10/20 16:50:00",TVPP104,8.244190
D,DISPATCH,UNIT_SCADA,1,"2022/10/20 16:50:00",UPPTUMUT,0
D,DISPATCH,UNIT_SCADA,1,"2022/10/20 16:50:00",URANQ11,0
D,DISPATCH,UNIT_SCADA,1,"2022/10/20 16:50:00",URANQ12,0
D,DISPATCH,UNIT_SCADA,1,"2022/10/20 16:50:00",URANQ13,0
D,DISPATCH,UNIT_SCADA,1,"2022/10/20 16:50:00",URANQ14,0
D,DISPATCH,UNIT_SCADA,1,"2022/10/20 16:50:00",VBBG1,11.10
D,DISPATCH,UNIT_SCADA,1,"2022/10/20 16:50:00",VBBL1,0
D,DISPATCH,UNIT_SCADA,1,"2022/10/20 16:50:00",VP5,533.292660
D,DISPATCH,UNIT_SCADA,1,"2022/10/20 16:50:00",VP6,534.757510
D,DISPATCH,UNIT_SCADA,1,"2022/10/20 16:50:00",VPGS1,0
D,DISPATCH,UNIT_SCADA,1,"2022/10/20 16:50:00",VPGS2,0
D,DISPATCH,UNIT_SCADA,1,"2022/10/20 16:50:00",VPGS3,0
D,DISPATCH,UNIT_SCADA,1,"2022/10/20 16:50:00",VPGS4,0
D,DISPATCH,UNIT_SCADA,1,"2022/10/20 16:50:00",VPGS5,0
D,DISPATCH,UNIT_SCADA,1,"2022/10/20 16:50:00",VPGS6,0
D,DISPATCH,UNIT_SCADA,1,"2022/10/20 16:50:00",W/HOE#1,163.67
D,DISPATCH,UNIT_SCADA,1,"2022/10/20 16:50:00",W/HOE#2,0
D,DISPATCH,UNIT_SCADA,1,"2022/10/20 16:50:00",WAGGNSF1,0
D,DISPATCH,UNIT_SCADA,1,"2022/10/20 16:50:00",WALGRVG1,1.0062
D,DISPATCH,UNIT_SCADA,1,"2022/10/20 16:50:00",WALGRVL1,0
D,DISPATCH,UNIT_SCADA,1,"2022/10/20 16:50:00",WANDBG1,0.927960
D,DISPATCH,UNIT_SCADA,1,"2022/10/20 16:50:00",WANDBL1,0
D,DISPATCH,UNIT_SCADA,1,"2022/10/20 16:50:00",WARWSF1,4.06
D,DISPATCH,UNIT_SCADA,1,"2022/10/20 16:50:00",WARWSF2,4.47
D,DISPATCH,UNIT_SCADA,1,"2022/10/20 16:50:00",WATERLWF,1
D,DISPATCH,UNIT_SCADA,1,"2022/10/20 16:50:00",WDGPH1,5.3870
D,DISPATCH,UNIT_SCADA,1,"2022/10/20 16:50:00",WELLSF1,82.371250
D,DISPATCH,UNIT_SCADA,1,"2022/10/20 16:50:00",WEMENSF1,50.10
D,DISPATCH,UNIT_SCADA,1,"2022/10/20 16:50:00",WGWF1,5.80
D,DISPATCH,UNIT_SCADA,1,"2022/10/20 16:50:00",WHITSF1,5.50
D,DISPATCH,UNIT_SCADA,1,"2022/10/20 16:50:00",WINTSF1,26.51
D,DISPATCH,UNIT_SCADA,1,"2022/10/20 16:50:00",WKIEWA1,34.40
D,DISPATCH,UNIT_SCADA,1,"2022/10/20 16:50:00",WKIEWA2,34.30
D,DISPATCH,UNIT_SCADA,1,"2022/10/20 16:50:00",WOODLWN1,28.270450
D,DISPATCH,UNIT_SCADA,1,"2022/10/20 16:50:00",WOOLGSF1,2.571010
D,DISPATCH,UNIT_SCADA,1,"2022/10/20 16:50:00",WPWF,40.42
D,DISPATCH,UNIT_SCADA,1,"2022/10/20 16:50:00",WRSF1,2.829680
D,DISPATCH,UNIT_SCADA,1,"2022/10/20 16:50:00",WRWF1,27.231250
D,DISPATCH,UNIT_SCADA,1,"2022/10/20 16:50:00",WSTWYSF1,2.241410
D,DISPATCH,UNIT_SCADA,1,"2022/10/20 16:50:00",YABULU,0
D,DISPATCH,UNIT_SCADA,1,"2022/10/20 16:50:00",YABULU2,0
D,DISPATCH,UNIT_SCADA,1,"2022/10/20 16:50:00",YARANSF1,10.06
D,DISPATCH,UNIT_SCADA,1,"2022/10/20 16:50:00",YARWUN_1,160.259990
D,DISPATCH,UNIT_SCADA,1,"2022/10/20 16:50:00",YATSF1,71.70
D,DISPATCH,UNIT_SCADA,1,"2022/10/20 16:50:00",YENDWF1,27.51
D,DISPATCH,UNIT_SCADA,1,"2022/10/20 16:50:00",YWPS1,356.891140
D,DISPATCH,UNIT_SCADA,1,"2022/10/20 16:50:00",YWPS2,293.230380
D,DISPATCH,UNIT_SCADA,1,"2022/10/20 16:50:00",YWPS3,361.364560
D,DISPATCH,UNIT_SCADA,1,"2022/10/20 16:50:00",YWPS4,0
C,"END OF REPORT",419
