C,NEMP.WORLD,DISPATCHSCADA,AEMO,PUBLIC,2022/10/20,09:20:09,0000000373243566,DISPATCHSCADA,0000000373243560
I,DISPATCH,UNIT_SCADA,1,SETTLEMENTDATE,DUID,SCADAVALUE
D,DISPATCH,UNIT_SCADA,1,"2022/10/20 09:25:00",BARCSF1,11
D,DISPATCH,UNIT_SCADA,1,"2022/10/20 09:25:00",BUTLERSG,8.699999
D,DISPATCH,UNIT_SCADA,1,"2022/10/20 09:25:00",CAPTL_WF,40.762341
D,DISPATCH,UNIT_SCADA,1,"2022/10/20 09:25:00",CHALLHWF,2.90
D,DISPATCH,UNIT_SCADA,1,"2022/10/20 09:25:00",CLOVER,11.79
D,DISPATCH,UNIT_SCADA,1,"2022/10/20 09:25:00",CLUNY,6.224308
D,DISPATCH,UNIT_SCADA,1,"2022/10/20 09:25:00",CULLRGWF,-0.04
D,DISPATCH,UNIT_SCADA,1,"2022/10/20 09:25:00",DIAPURWF1,3.80
D,DISPATCH,UNIT_SCADA,1,"2022/10/20 09:25:00",ERGT01,0
D,DISPATCH,UNIT_SCADA,1,"2022/10/20 09:25:00",GB01,0
D,DISPATCH,UNIT_SCADA,1,"2022/10/20 09:25:00",GERMCRK,19.700001
D,DISPATCH,UNIT_SCADA,1,"2022/10/20 09:25:00",GRIFSF1,3.898680
D,DISPATCH,UNIT_SCADA,1,"2022/10/20 09:25:00",HEZ1,0
D,DISPATCH,UNIT_SCADA,1,"2022/10/20 09:25:00",HUGSF1,14.066001
D,DISPATCH,UNIT_SCADA,1,"2022/10/20 09:25:00",KEPBG1,0.01
D,DISPATCH,UNIT_SCADA,1,"2022/10/20 09:25:00",LRSF1,10.098001
D,DISPATCH,UNIT_SCADA,1,"2022/10/20 09:25:00",MBAHNTH,45.074997
D,DISPATCH,UNIT_SCADA,1,"2022/10/20 09:25:00",MLSP1,9.733001
D,DISPATCH,UNIT_SCADA,1,"2022/10/20 09:25:00",MLWF1,5.9250
D,DISPATCH,UNIT_SCADA,1,"2022/10/20 09:25:00",PALOONA,30.129999
D,DISPATCH,UNIT_SCADA,1,"2022/10/20 09:25:00",PIONEER,43.299999
D,DISPATCH,UNIT_SCADA,1,"2022/10/20 09:25:00",PORTWF,62.200001
D,DISPATCH,UNIT_SCADA,1,"2022/10/20 09:25:00",REPULSE,9.372091
D,DISPATCH,UNIT_SCADA,1,"2022/10/20 09:25:00",ROWALLAN,8.846601
D,DISPATCH,UNIT_SCADA,1,"2022/10/20 09:25:00",ROYALLA1,14.000003
D,DISPATCH,UNIT_SCADA,1,"2022/10/20 09:25:00",RPCG,-1.80
D,DISPATCH,UNIT_SCADA,1,"2022/10/20 09:25:00",RUBICON,0
D,DISPATCH,UNIT_SCADA,1,"2022/10/20 09:25:00",WAUBRAWF,6.9920
D,DISPATCH,UNIT_SCADA,1,"2022/10/20 09:25:00",WOOLNTH1,-0.52
D,DISPATCH,UNIT_SCADA,1,"2022/10/20 09:25:00",YAMBUKWF,5.50
D,DISPATCH,UNIT_SCADA,1,"2022/10/20 09:25:00",YSWF1,0.20
D,DISPATCH,UNIT_SCADA,1,"2022/10/20 09:25:00",ADPBA1G,0.0080
D,DISPATCH,UNIT_SCADA,1,"2022/10/20 09:25:00",ADPBA1L,0
D,DISPATCH,UNIT_SCADA,1,"2022/10/20 09:25:00",ADPPV1,0.0540
D,DISPATCH,UNIT_SCADA,1,"2022/10/20 09:25:00",AGLHAL,0
D,DISPATCH,UNIT_SCADA,1,"2022/10/20 09:25:00",AGLSOM,0
D,DISPATCH,UNIT_SCADA,1,"2022/10/20 09:25:00",ANGAST1,0
D,DISPATCH,UNIT_SCADA,1,"2022/10/20 09:25:00",ARWF1,6.50
D,DISPATCH,UNIT_SCADA,1,"2022/10/20 09:25:00",BALBG1,0
D,DISPATCH,UNIT_SCADA,1,"2022/10/20 09:25:00",BALBL1,0
D,DISPATCH,UNIT_SCADA,1,"2022/10/20 09:25:00",BALDHWF1,3.69
D,DISPATCH,UNIT_SCADA,1,"2022/10/20 09:25:00",BANGOWF1,34.299840
D,DISPATCH,UNIT_SCADA,1,"2022/10/20 09:25:00",BANGOWF2,36.797660
D,DISPATCH,UNIT_SCADA,1,"2022/10/20 09:25:00",BANN1,13.50
D,DISPATCH,UNIT_SCADA,1,"2022/10/20 09:25:00",BARCALDN,0
D,DISPATCH,UNIT_SCADA,1,"2022/10/20 09:25:00",BARKIPS1,0
D,DISPATCH,UNIT_SCADA,1,"2022/10/20 09:25:00",BARRON-1,0
D,DISPATCH,UNIT_SCADA,1,"2022/10/20 09:25:00",BARRON-2,0
D,DISPATCH,UNIT_SCADA,1,"2022/10/20 09:25:00",BASTYAN,51.76
D,DISPATCH,UNIT_SCADA,1,"2022/10/20 09:25:00",BBTHREE1,0
D,DISPATCH,UNIT_SCADA,1,"2022/10/20 09:25:00",BBTHREE2,0
D,DISPATCH,UNIT_SCADA,1,"2022/10/20 09:25:00",BBTHREE3,0
D,DISPATCH,UNIT_SCADA,1,"2022/10/20 09:25:00",BDL01,0
D,DISPATCH,UNIT_SCADA,1,"2022/10/20 09:25:00",BDL02,0
D,DISPATCH,UNIT_SCADA,1,"2022/10/20 09:25:00",BERYLSF1,2.250170
D,DISPATCH,UNIT_SCADA,1,"2022/10/20 09:25:00",BLOWERNG,62.50
D,DISPATCH,UNIT_SCADA,1,"2022/10/20 09:25:00",BLUEGSF1,47.159290
D,DISPATCH,UNIT_SCADA,1,"2022/10/20 09:25:00",BLUFF1,47.90
D,DISPATCH,UNIT_SCADA,1,"2022/10/20 09:25:00",BNGSF1,109.96
D,DISPATCH,UNIT_SCADA,1,"2022/10/20 09:25:00",BNGSF2,110.35
D,DISPATCH,UNIT_SCADA,1,"2022/10/20 09:25:00",BOCORWF1,0
D,DISPATCH,UNIT_SCADA,1,"2022/10/20 09:25:00",BODWF1,100.491910
D,DISPATCH,UNIT_SCADA,1,"2022/10/20 09:25:00",BOMENSF1,18.422520
D,DISPATCH,UNIT_SCADA,1,"2022/10/20 09:25:00",BOWWBA1G,0
D,DISPATCH,UNIT_SCADA,1,"2022/10/20 09:25:00",BOWWBA1L,0
D,DISPATCH,UNIT_SCADA,1,"2022/10/20 09:25:00",BOWWPV1,0
D,DISPATCH,UNIT_SCADA,1,"2022/10/20 09:25:00",BRAEMAR1,0
D,DISPATCH,UNIT_SCADA,1,"2022/10/20 09:25:00",BRAEMAR2,0
D,DISPATCH,UNIT_SCADA,1,"2022/10/20 09:25:00",BRAEMAR3,0
D,DISPATCH,UNIT_SCADA,1,"2022/10/20 09:25:00",BRAEMAR5,0.292060
D,DISPATCH,UNIT_SCADA,1,"2022/10/20 09:25:00",BRAEMAR6,0
D,DISPATCH,UNIT_SCADA,1,"2022/10/20 09:25:00",BRAEMAR7,0.130920
D,DISPATCH,UNIT_SCADA,1,"2022/10/20 09:25:00",BROKENH1,15.499760
D,DISPATCH,UNIT_SCADA,1,"2022/10/20 09:25:00",BRYB1WF1,92.6009
D,DISPATCH,UNIT_SCADA,1,"2022/10/20 09:25:00",BULBESG1,0
D,DISPATCH,UNIT_SCADA,1,"2022/10/20 09:25:00",BULBESL1,0.19
D,DISPATCH,UNIT_SCADA,1,"2022/10/20 09:25:00",BULGANA1,14.98
D,DISPATCH,UNIT_SCADA,1,"2022/10/20 09:25:00",BW01,660.056460
D,DISPATCH,UNIT_SCADA,1,"2022/10/20 09:25:00",BW02,620.309750
D,DISPATCH,UNIT_SCADA,1,"2022/10/20 09:25:00",BW03,548.1651
D,DISPATCH,UNIT_SCADA,1,"2022/10/20 09:25:00",BW04,0
D,DISPATCH,UNIT_SCADA,1,"2022/10/20 09:25:00",CALL_B_1,320.100010
D,DISPATCH,UNIT_SCADA,1,"2022/10/20 09:25:00",CALL_B_2,319.800020
D,DISPATCH,UNIT_SCADA,1,"2022/10/20 09:25:00",CATHROCK,5.10
D,DISPATCH,UNIT_SCADA,1,"2022/10/20 09:25:00",CBWWBA1G,0
D,DISPATCH,UNIT_SCADA,1,"2022/10/20 09:25:00",CBWWBA1L,0
D,DISPATCH,UNIT_SCADA,1,"2022/10/20 09:25:00",CETHANA,94.651880
D,DISPATCH,UNIT_SCADA,1,"2022/10/20 09:25:00",CG1,0
D,DISPATCH,UNIT_SCADA,1,"2022/10/20 09:25:00",CG2,0
D,DISPATCH,UNIT_SCADA,1,"2022/10/20 09:25:00",CG3,0
D,DISPATCH,UNIT_SCADA,1,"2022/10/20 09:25:00",CG4,0
D,DISPATCH,UNIT_SCADA,1,"2022/10/20 09:25:00",CHILDSF1,9.49
D,DISPATCH,UNIT_SCADA,1,"2022/10/20 09:25:00",CHYTWF1,1.63
D,DISPATCH,UNIT_SCADA,1,"2022/10/20 09:25:00",CLARESF1,86.491130
D,DISPATCH,UNIT_SCADA,1,"2022/10/20 09:25:00",CLEMGPWF,11.453560
D,DISPATCH,UNIT_SCADA,1,"2022/10/20 09:25:00",CLERMSF1,27.56
D,DISPATCH,UNIT_SCADA,1,"2022/10/20 09:25:00",CNUNDAWF,0.200230
D,DISPATCH,UNIT_SCADA,1,"2022/10/20 09:25:00",COHUNSF1,6.18
D,DISPATCH,UNIT_SCADA,1,"2022/10/20 09:25:00",COLEASF1,18.701080
D,DISPATCH,UNIT_SCADA,1,"2022/10/20 09:25:00",COLUMSF1,30.0030
D,DISPATCH,UNIT_SCADA,1,"2022/10/20 09:25:00",COLWF01,91.015490
D,DISPATCH,UNIT_SCADA,1,"2022/10/20 09:25:00",COOPGWF1,185.94
D,DISPATCH,UNIT_SCADA,1,"2022/10/20 09:25:00",CPP_3,361.6250
D,DISPATCH,UNIT_SCADA,1,"2022/10/20 09:25:00",CPP_4,0
D,DISPATCH,UNIT_SCADA,1,"2022/10/20 09:25:00",CPSA,0
D,DISPATCH,UNIT_SCADA,1,"2022/10/20 09:25:00",CROOKWF2,34.713050
D,DISPATCH,UNIT_SCADA,1,"2022/10/20 09:25:00",CROWLWF1,20.572160
D,DISPATCH,UNIT_SCADA,1,"2022/10/20 09:25:00",CRURWF1,57.896010
D,DISPATCH,UNIT_SCADA,1,"2022/10/20 09:25:00",CRWASF1,29.490180
D,DISPATCH,UNIT_SCADA,1,"2022/10/20 09:25:00",CSPVPS1,9.1570
D,DISPATCH,UNIT_SCADA,1,"2022/10/20 09:25:00",CTHLWF1,0.003050
D,DISPATCH,UNIT_SCADA,1,"2022/10/20 09:25:00",DALNTH01,0
D,DISPATCH,UNIT_SCADA,1,"2022/10/20 09:25:00",DALNTHL1,2.095060
D,DISPATCH,UNIT_SCADA,1,"2022/10/20 09:25:00",DARLSF1,31.591850
D,DISPATCH,UNIT_SCADA,1,"2022/10/20 09:25:00",DARTM1,0
D,DISPATCH,UNIT_SCADA,1,"2022/10/20 09:25:00",DAYDSF1,22.9020
D,DISPATCH,UNIT_SCADA,1,"2022/10/20 09:25:00",DDPS1,0
D,DISPATCH,UNIT_SCADA,1,"2022/10/20 09:25:00",DDSF1,12.046850
D,DISPATCH,UNIT_SCADA,1,"2022/10/20 09:25:00",DEVILS_G,58.051090
D,DISPATCH,UNIT_SCADA,1,"2022/10/20 09:25:00",DG_NSW1,0
D,DISPATCH,UNIT_SCADA,1,"2022/10/20 09:25:00",DG_QLD1,0
D,DISPATCH,UNIT_SCADA,1,"2022/10/20 09:25:00",DG_SA1,0
D,DISPATCH,UNIT_SCADA,1,"2022/10/20 09:25:00",DG_TAS1,0
D,DISPATCH,UNIT_SCADA,1,"2022/10/20 09:25:00",DG_VIC1,0
D,DISPATCH,UNIT_SCADA,1,"2022/10/20 09:25:00",DRYCGT1,0
D,DISPATCH,UNIT_SCADA,1,"2022/10/20 09:25:00",DRYCGT2,0
D,DISPATCH,UNIT_SCADA,1,"2022/10/20 09:25:00",DRYCGT3,0
D,DISPATCH,UNIT_SCADA,1,"2022/10/20 09:25:00",DUNDWF1,57.83
D,DISPATCH,UNIT_SCADA,1,"2022/10/20 09:25:00",DUNDWF2,14.94
D,DISPATCH,UNIT_SCADA,1,"2022/10/20 09:25:00",DUNDWF3,42.43
D,DISPATCH,UNIT_SCADA,1,"2022/10/20 09:25:00",EILDON1,59.96
D,DISPATCH,UNIT_SCADA,1,"2022/10/20 09:25:00",EILDON2,59.96
D,DISPATCH,UNIT_SCADA,1,"2022/10/20 09:25:00",ELAINWF1,16.84
D,DISPATCH,UNIT_SCADA,1,"2022/10/20 09:25:00",EMERASF1,0
D,DISPATCH,UNIT_SCADA,1,"2022/10/20 09:25:00",ER01,0
D,DISPATCH,UNIT_SCADA,1,"2022/10/20 09:25:00",ER02,422.015720
D,DISPATCH,UNIT_SCADA,1,"2022/10/20 09:25:00",ER03,426.239410
D,DISPATCH,UNIT_SCADA,1,"2022/10/20 09:25:00",ER04,430.9758
D,DISPATCH,UNIT_SCADA,1,"2022/10/20 09:25:00",FINLYSF1,131.6701
D,DISPATCH,UNIT_SCADA,1,"2022/10/20 09:25:00",FISHER,43.79
D,DISPATCH,UNIT_SCADA,1,"2022/10/20 09:25:00",GANGARR1,23.5450
D,DISPATCH,UNIT_SCADA,1,"2022/10/20 09:25:00",GANNBG1,0
D,DISPATCH,UNIT_SCADA,1,"2022/10/20 09:25:00",GANNBL1,4.994740
D,DISPATCH,UNIT_SCADA,1,"2022/10/20 09:25:00",GANNSF1,24.70
D,DISPATCH,UNIT_SCADA,1,"2022/10/20 09:25:00",GLRWNSF1,109.97
D,DISPATCH,UNIT_SCADA,1,"2022/10/20 09:25:00",GNNDHSF1,20.592580
D,DISPATCH,UNIT_SCADA,1,"2022/10/20 09:25:00",GOONSF1,21.222250
D,DISPATCH,UNIT_SCADA,1,"2022/10/20 09:25:00",GORDON,241.7188
D,DISPATCH,UNIT_SCADA,1,"2022/10/20 09:25:00",GRANWF1,0.35
D,DISPATCH,UNIT_SCADA,1,"2022/10/20 09:25:00",GSTONE1,174.1250
D,DISPATCH,UNIT_SCADA,1,"2022/10/20 09:25:00",GSTONE2,0
D,DISPATCH,UNIT_SCADA,1,"2022/10/20 09:25:00",GSTONE3,185.149990
D,DISPATCH,UNIT_SCADA,1,"2022/10/20 09:25:00",GSTONE4,0
D,DISPATCH,UNIT_SCADA,1,"2022/10/20 09:25:00",GSTONE5,187.4250
D,DISPATCH,UNIT_SCADA,1,"2022/10/20 09:25:00",GSTONE6,187.4250
D,DISPATCH,UNIT_SCADA,1,"2022/10/20 09:25:00",GULLRSF1,2.174970
D,DISPATCH,UNIT_SCADA,1,"2022/10/20 09:25:00",GULLRWF1,59.1341
D,DISPATCH,UNIT_SCADA,1,"2022/10/20 09:25:00",GULLRWF2,87.852910
D,DISPATCH,UNIT_SCADA,1,"2022/10/20 09:25:00",GUNNING1,0
D,DISPATCH,UNIT_SCADA,1,"2022/10/20 09:25:00",GUTHEGA,67.60
D,DISPATCH,UNIT_SCADA,1,"2022/10/20 09:25:00",HALLWF1,36.29
D,DISPATCH,UNIT_SCADA,1,"2022/10/20 09:25:00",HALLWF2,54.09
D,DISPATCH,UNIT_SCADA,1,"2022/10/20 09:25:00",HAMISF1,5.50
D,DISPATCH,UNIT_SCADA,1,"2022/10/20 09:25:00",HAUGHT11,94.519290
D,DISPATCH,UNIT_SCADA,1,"2022/10/20 09:25:00",HAYMSF1,6.8480
D,DISPATCH,UNIT_SCADA,1,"2022/10/20 09:25:00",HDWF1,61.70
D,DISPATCH,UNIT_SCADA,1,"2022/10/20 09:25:00",HDWF2,28.20
D,DISPATCH,UNIT_SCADA,1,"2022/10/20 09:25:00",HDWF3,44
D,DISPATCH,UNIT_SCADA,1,"2022/10/20 09:25:00",HILLSTN1,26.260480
D,DISPATCH,UNIT_SCADA,1,"2022/10/20 09:25:00",HPRG1,0.40
D,DISPATCH,UNIT_SCADA,1,"2022/10/20 09:25:00",HPRL1,0
D,DISPATCH,UNIT_SCADA,1,"2022/10/20 09:25:00",HUMENSW,55.136610
D,DISPATCH,UNIT_SCADA,1,"2022/10/20 09:25:00",HUMEV,0
D,DISPATCH,UNIT_SCADA,1,"2022/10/20 09:25:00",HVWWBA1G,0
D,DISPATCH,UNIT_SCADA,1,"2022/10/20 09:25:00",HVWWBA1L,0.0060
D,DISPATCH,UNIT_SCADA,1,"2022/10/20 09:25:00",HVWWPV1,0.0520
D,DISPATCH,UNIT_SCADA,1,"2022/10/20 09:25:00",JBUTTERS,0
D,DISPATCH,UNIT_SCADA,1,"2022/10/20 09:25:00",JEMALNG1,9.38
D,DISPATCH,UNIT_SCADA,1,"2022/10/20 09:25:00",JLA01,0
D,DISPATCH,UNIT_SCADA,1,"2022/10/20 09:25:00",JLA02,0
D,DISPATCH,UNIT_SCADA,1,"2022/10/20 09:25:00",JLA03,0
D,DISPATCH,UNIT_SCADA,1,"2022/10/20 09:25:00",JLA04,0
D,DISPATCH,UNIT_SCADA,1,"2022/10/20 09:25:00",JLB01,0
D,DISPATCH,UNIT_SCADA,1,"2022/10/20 09:25:00",JLB02,0.10
D,DISPATCH,UNIT_SCADA,1,"2022/10/20 09:25:00",JLB03,0
D,DISPATCH,UNIT_SCADA,1,"2022/10/20 09:25:00",JUNEESF1,12.094460
D,DISPATCH,UNIT_SCADA,1,"2022/10/20 09:25:00",KABANWF1,0
D,DISPATCH,UNIT_SCADA,1,"2022/10/20 09:25:00",KAREEYA1,0
D,DISPATCH,UNIT_SCADA,1,"2022/10/20 09:25:00",KAREEYA2,0
D,DISPATCH,UNIT_SCADA,1,"2022/10/20 09:25:00",KAREEYA3,5.0050
D,DISPATCH,UNIT_SCADA,1,"2022/10/20 09:25:00",KAREEYA4,0
D,DISPATCH,UNIT_SCADA,1,"2022/10/20 09:25:00",KARSF1,24.40
D,DISPATCH,UNIT_SCADA,1,"2022/10/20 09:25:00",KEPSF1,9.67
D,DISPATCH,UNIT_SCADA,1,"2022/10/20 09:25:00",KEPWF1,1.16
D,DISPATCH,UNIT_SCADA,1,"2022/10/20 09:25:00",KIAMSF1,20.252540
D,DISPATCH,UNIT_SCADA,1,"2022/10/20 09:25:00",KIATAWF1,12.90
D,DISPATCH,UNIT_SCADA,1,"2022/10/20 09:25:00",KPP_1,0
D,DISPATCH,UNIT_SCADA,1,"2022/10/20 09:25:00",KSP1,34.59
D,DISPATCH,UNIT_SCADA,1,"2022/10/20 09:25:00",LADBROK1,0.01
D,DISPATCH,UNIT_SCADA,1,"2022/10/20 09:25:00",LADBROK2,5.88
D,DISPATCH,UNIT_SCADA,1,"2022/10/20 09:25:00",LBBG1,0
D,DISPATCH,UNIT_SCADA,1,"2022/10/20 09:25:00",LBBL1,0
D,DISPATCH,UNIT_SCADA,1,"2022/10/20 09:25:00",LD01,276.259640
D,DISPATCH,UNIT_SCADA,1,"2022/10/20 09:25:00",LD02,0
D,DISPATCH,UNIT_SCADA,1,"2022/10/20 09:25:00",LD04,276.937160
D,DISPATCH,UNIT_SCADA,1,"2022/10/20 09:25:00",LEM_WIL,86.954990
D,DISPATCH,UNIT_SCADA,1,"2022/10/20 09:25:00",LGAPWF1,0
D,DISPATCH,UNIT_SCADA,1,"2022/10/20 09:25:00",LGAPWF2,0
D,DISPATCH,UNIT_SCADA,1,"2022/10/20 09:25:00",LILYSF1,17.432570
D,DISPATCH,UNIT_SCADA,1,"2022/10/20 09:25:00",LIMOSF11,22.3122
D,DISPATCH,UNIT_SCADA,1,"2022/10/20 09:25:00",LIMOSF21,4.233070
D,DISPATCH,UNIT_SCADA,1,"2022/10/20 09:25:00",LI_WY_CA,55.978930
D,DISPATCH,UNIT_SCADA,1,"2022/10/20 09:25:00",LKBONNY1,0
D,DISPATCH,UNIT_SCADA,1,"2022/10/20 09:25:00",LKBONNY2,0
D,DISPATCH,UNIT_SCADA,1,"2022/10/20 09:25:00",LKBONNY3,0
D,DISPATCH,UNIT_SCADA,1,"2022/10/20 09:25:00",LK_ECHO,0
D,DISPATCH,UNIT_SCADA,1,"2022/10/20 09:25:00",LNGS1,0
D,DISPATCH,UNIT_SCADA,1,"2022/10/20 09:25:00",LNGS2,0
D,DISPATCH,UNIT_SCADA,1,"2022/10/20 09:25:00",LONSDALE,0
D,DISPATCH,UNIT_SCADA,1,"2022/10/20 09:25:00",LOYYB1,446.612670
D,DISPATCH,UNIT_SCADA,1,"2022/10/20 09:25:00",LOYYB2,448.116460
D,DISPATCH,UNIT_SCADA,1,"2022/10/20 09:25:00",LYA1,520
D,DISPATCH,UNIT_SCADA,1,"2022/10/20 09:25:00",LYA2,0
D,DISPATCH,UNIT_SCADA,1,"2022/10/20 09:25:00",LYA3,469
D,DISPATCH,UNIT_SCADA,1,"2022/10/20 09:25:00",LYA4,469
D,DISPATCH,UNIT_SCADA,1,"2022/10/20 09:25:00",MACARTH1,55.098730
D,DISPATCH,UNIT_SCADA,1,"2022/10/20 09:25:00",MACKNTSH,0
D,DISPATCH,UNIT_SCADA,1,"2022/10/20 09:25:00",MANSLR1,17.2070
D,DISPATCH,UNIT_SCADA,1,"2022/10/20 09:25:00",MAPS2PV1,0
D,DISPATCH,UNIT_SCADA,1,"2022/10/20 09:25:00",MAPS3PV1,0
D,DISPATCH,UNIT_SCADA,1,"2022/10/20 09:25:00",MARYRSF1,3.84
D,DISPATCH,UNIT_SCADA,1,"2022/10/20 09:25:00",MBPS2PV1,0
D,DISPATCH,UNIT_SCADA,1,"2022/10/20 09:25:00",MCKAY1,0.02
D,DISPATCH,UNIT_SCADA,1,"2022/10/20 09:25:00",MEADOWBK,6.0018
D,DISPATCH,UNIT_SCADA,1,"2022/10/20 09:25:00",MERCER01,19.10
D,DISPATCH,UNIT_SCADA,1,"2022/10/20 09:25:00",METZSF1,28.630240
D,DISPATCH,UNIT_SCADA,1,"2022/10/20 09:25:00",MEWF1,2.236540
D,DISPATCH,UNIT_SCADA,1,"2022/10/20 09:25:00",MIDDLSF1,4.73
D,DISPATCH,UNIT_SCADA,1,"2022/10/20 09:25:00",MINTARO,0.128180
D,DISPATCH,UNIT_SCADA,1,"2022/10/20 09:25:00",MOLNGSF1,8.968640
D,DISPATCH,UNIT_SCADA,1,"2022/10/20 09:25:00",MOORAWF1,23.79
D,DISPATCH,UNIT_SCADA,1,"2022/10/20 09:25:00",MOREESF1,9.34
D,DISPATCH,UNIT_SCADA,1,"2022/10/20 09:25:00",MORTLK11,0
D,DISPATCH,UNIT_SCADA,1,"2022/10/20 09:25:00",MORTLK12,0
D,DISPATCH,UNIT_SCADA,1,"2022/10/20 09:25:00",MOUSF1,0
D,DISPATCH,UNIT_SCADA,1,"2022/10/20 09:25:00",MP1,0
D,DISPATCH,UNIT_SCADA,1,"2022/10/20 09:25:00",MP2,350.383760
D,DISPATCH,UNIT_SCADA,1,"2022/10/20 09:25:00",MPP_1,174.352770
D,DISPATCH,UNIT_SCADA,1,"2022/10/20 09:25:00",MPP_2,76.800060
D,DISPATCH,UNIT_SCADA,1,"2022/10/20 09:25:00",MRTLSWF1,0
D,DISPATCH,UNIT_SCADA,1,"2022/10/20 09:25:00",MSTUART1,0
D,DISPATCH,UNIT_SCADA,1,"2022/10/20 09:25:00",MSTUART2,0
D,DISPATCH,UNIT_SCADA,1,"2022/10/20 09:25:00",MSTUART3,0
D,DISPATCH,UNIT_SCADA,1,"2022/10/20 09:25:00",MTGELWF1,36.169010
D,DISPATCH,UNIT_SCADA,1,"2022/10/20 09:25:00",MTMILLAR,1.40
D,DISPATCH,UNIT_SCADA,1,"2022/10/20 09:25:00",MURRAY,0
D,DISPATCH,UNIT_SCADA,1,"2022/10/20 09:25:00",MUSSELR1,99.399990
D,DISPATCH,UNIT_SCADA,1,"2022/10/20 09:25:00",MUWAWF1,57.22
D,DISPATCH,UNIT_SCADA,1,"2022/10/20 09:25:00",MUWAWF2,34.80
D,DISPATCH,UNIT_SCADA,1,"2022/10/20 09:25:00",MWPS1PV1,0.13
D,DISPATCH,UNIT_SCADA,1,"2022/10/20 09:25:00",MWPS2PV1,0
D,DISPATCH,UNIT_SCADA,1,"2022/10/20 09:25:00",MWPS3PV1,0
D,DISPATCH,UNIT_SCADA,1,"2022/10/20 09:25:00",MWPS4PV1,0.01
D,DISPATCH,UNIT_SCADA,1,"2022/10/20 09:25:00",NBHWF1,74
D,DISPATCH,UNIT_SCADA,1,"2022/10/20 09:25:00",NEVERSF1,27.47
D,DISPATCH,UNIT_SCADA,1,"2022/10/20 09:25:00",NPS,0
D,DISPATCH,UNIT_SCADA,1,"2022/10/20 09:25:00",NUMURSF1,94.15
D,DISPATCH,UNIT_SCADA,1,"2022/10/20 09:25:00",NYNGAN1,15.50
D,DISPATCH,UNIT_SCADA,1,"2022/10/20 09:25:00",OAKEY1,0
D,DISPATCH,UNIT_SCADA,1,"2022/10/20 09:25:00",OAKEY1SF,2.3030
D,DISPATCH,UNIT_SCADA,1,"2022/10/20 09:25:00",OAKEY2,0
D,DISPATCH,UNIT_SCADA,1,"2022/10/20 09:25:00",OAKEY2SF,4.87
D,DISPATCH,UNIT_SCADA,1,"2022/10/20 09:25:00",OAKLAND1,9.40
D,DISPATCH,UNIT_SCADA,1,"2022/10/20 09:25:00",OSB-AG,0
D,DISPATCH,UNIT_SCADA,1,"2022/10/20 09:25:00",PAREPS1,0.0660
D,DISPATCH,UNIT_SCADA,1,"2022/10/20 09:25:00",PAREPW1,111.93
D,DISPATCH,UNIT_SCADA,1,"2022/10/20 09:25:00",PARSF1,13.499660
D,DISPATCH,UNIT_SCADA,1,"2022/10/20 09:25:00",POAT110,0
D,DISPATCH,UNIT_SCADA,1,"2022/10/20 09:25:00",POAT220,0
D,DISPATCH,UNIT_SCADA,1,"2022/10/20 09:25:00",POR01,0
D,DISPATCH,UNIT_SCADA,1,"2022/10/20 09:25:00",POR03,0
D,DISPATCH,UNIT_SCADA,1,"2022/10/20 09:25:00",PPCCGT,0
D,DISPATCH,UNIT_SCADA,1,"2022/10/20 09:25:00",PTSTAN1,0
D,DISPATCH,UNIT_SCADA,1,"2022/10/20 09:25:00",PUMP1,0
D,DISPATCH,UNIT_SCADA,1,"2022/10/20 09:25:00",PUMP2,0
D,DISPATCH,UNIT_SCADA,1,"2022/10/20 09:25:00",QBYNBG1,0
D,DISPATCH,UNIT_SCADA,1,"2022/10/20 09:25:00",QBYNBL1,0.0025
D,DISPATCH,UNIT_SCADA,1,"2022/10/20 09:25:00",QPS1,0
D,DISPATCH,UNIT_SCADA,1,"2022/10/20 09:25:00",QPS2,0
D,DISPATCH,UNIT_SCADA,1,"2022/10/20 09:25:00",QPS3,0
D,DISPATCH,UNIT_SCADA,1,"2022/10/20 09:25:00",QPS4,0
D,DISPATCH,UNIT_SCADA,1,"2022/10/20 09:25:00",QPS5,74.29
D,DISPATCH,UNIT_SCADA,1,"2022/10/20 09:25:00",REECE1,46.668420
D,DISPATCH,UNIT_SCADA,1,"2022/10/20 09:25:00",REECE2,0
D,DISPATCH,UNIT_SCADA,1,"2022/10/20 09:25:00",ROMA_7,0
D,DISPATCH,UNIT_SCADA,1,"2022/10/20 09:25:00",ROMA_8,0
D,DISPATCH,UNIT_SCADA,1,"2022/10/20 09:25:00",RRSF1,11.028030
D,DISPATCH,UNIT_SCADA,1,"2022/10/20 09:25:00",RT_NSW1,0
D,DISPATCH,UNIT_SCADA,1,"2022/10/20 09:25:00",RT_NSW2,0
D,DISPATCH,UNIT_SCADA,1,"2022/10/20 09:25:00",RT_NSW3,0
D,DISPATCH,UNIT_SCADA,1,"2022/10/20 09:25:00",RT_NSW4,0
D,DISPATCH,UNIT_SCADA,1,"2022/10/20 09:25:00",RT_NSW5,0
D,DISPATCH,UNIT_SCADA,1,"2022/10/20 09:25:00",RT_NSW6,0
D,DISPATCH,UNIT_SCADA,1,"2022/10/20 09:25:00",RT_QLD1,0
D,DISPATCH,UNIT_SCADA,1,"2022/10/20 09:25:00",RT_SA1,0
D,DISPATCH,UNIT_SCADA,1,"2022/10/20 09:25:00",RT_SA2,0
D,DISPATCH,UNIT_SCADA,1,"2022/10/20 09:25:00",RT_SA3,0
D,DISPATCH,UNIT_SCADA,1,"2022/10/20 09:25:00",RT_SA4,0
D,DISPATCH,UNIT_SCADA,1,"2022/10/20 09:25:00",RT_SA5,0
D,DISPATCH,UNIT_SCADA,1,"2022/10/20 09:25:00",RT_SA6,0
D,DISPATCH,UNIT_SCADA,1,"2022/10/20 09:25:00",RT_TAS1,0
D,DISPATCH,UNIT_SCADA,1,"2022/10/20 09:25:00",RT_VIC1,0
D,DISPATCH,UNIT_SCADA,1,"2022/10/20 09:25:00",RT_VIC10,0
D,DISPATCH,UNIT_SCADA,1,"2022/10/20 09:25:00",RT_VIC11,0
D,DISPATCH,UNIT_SCADA,1,"2022/10/20 09:25:00",RT_VIC12,0
D,DISPATCH,UNIT_SCADA,1,"2022/10/20 09:25:00",RT_VIC2,0
D,DISPATCH,UNIT_SCADA,1,"2022/10/20 09:25:00",RT_VIC3,0
D,DISPATCH,UNIT_SCADA,1,"2022/10/20 09:25:00",RT_VIC4,0
D,DISPATCH,UNIT_SCADA,1,"2022/10/20 09:25:00",RT_VIC5,0
D,DISPATCH,UNIT_SCADA,1,"2022/10/20 09:25:00",RT_VIC6,0
D,DISPATCH,UNIT_SCADA,1,"2022/10/20 09:25:00",RT_VIC7,0
D,DISPATCH,UNIT_SCADA,1,"2022/10/20 09:25:00",RT_VIC8,0
D,DISPATCH,UNIT_SCADA,1,"2022/10/20 09:25:00",RT_VIC9,0
D,DISPATCH,UNIT_SCADA,1,"2022/10/20 09:25:00",RUGBYR1,22.210560
D,DISPATCH,UNIT_SCADA,1,"2022/10/20 09:25:00",SALTCRK1,20.30
D,DISPATCH,UNIT_SCADA,1,"2022/10/20 09:25:00",SAPHWF1,228.569470
D,DISPATCH,UNIT_SCADA,1,"2022/10/20 09:25:00",SEBSF1,89.7770
D,DISPATCH,UNIT_SCADA,1,"2022/10/20 09:25:00",SHGEN,0
D,DISPATCH,UNIT_SCADA,1,"2022/10/20 09:25:00",SHPUMP,0
D,DISPATCH,UNIT_SCADA,1,"2022/10/20 09:25:00",SITHE01,0.1639
D,DISPATCH,UNIT_SCADA,1,"2022/10/20 09:25:00",SMCSF1,95.1640
D,DISPATCH,UNIT_SCADA,1,"2022/10/20 09:25:00",SNAPPER1,0
D,DISPATCH,UNIT_SCADA,1,"2022/10/20 09:25:00",SNOWNTH1,123.80
D,DISPATCH,UNIT_SCADA,1,"2022/10/20 09:25:00",SNOWSTH1,93.20
D,DISPATCH,UNIT_SCADA,1,"2022/10/20 09:25:00",SNOWTWN1,49.442020
D,DISPATCH,UNIT_SCADA,1,"2022/10/20 09:25:00",SNOWYP,0
D,DISPATCH,UNIT_SCADA,1,"2022/10/20 09:25:00",SNUG1,0
D,DISPATCH,UNIT_SCADA,1,"2022/10/20 09:25:00",SRSF1,23.21
D,DISPATCH,UNIT_SCADA,1,"2022/10/20 09:25:00",STAN-1,275.5058
D,DISPATCH,UNIT_SCADA,1,"2022/10/20 09:25:00",STAN-2,330.353150
D,DISPATCH,UNIT_SCADA,1,"2022/10/20 09:25:00",STAN-3,155.851620
D,DISPATCH,UNIT_SCADA,1,"2022/10/20 09:25:00",STAN-4,330.045530
D,DISPATCH,UNIT_SCADA,1,"2022/10/20 09:25:00",STARHLWF,0.01
D,DISPATCH,UNIT_SCADA,1,"2022/10/20 09:25:00",STOCKYD1,54.78
D,DISPATCH,UNIT_SCADA,1,"2022/10/20 09:25:00",STWF1,0
D,DISPATCH,UNIT_SCADA,1,"2022/10/20 09:25:00",SUNRSF1,18.104830
D,DISPATCH,UNIT_SCADA,1,"2022/10/20 09:25:00",SUNTPSF1,50.3859
D,DISPATCH,UNIT_SCADA,1,"2022/10/20 09:25:00",SWAN_E,155.131870
D,DISPATCH,UNIT_SCADA,1,"2022/10/20 09:25:00",TALWA1,0
D,DISPATCH,UNIT_SCADA,1,"2022/10/20 09:25:00",TARALGA1,0
D,DISPATCH,UNIT_SCADA,1,"2022/10/20 09:25:00",TARONG#1,345.100010
D,DISPATCH,UNIT_SCADA,1,"2022/10/20 09:25:00",TARONG#2,344.800020
D,DISPATCH,UNIT_SCADA,1,"2022/10/20 09:25:00",TARONG#3,0.90
D,DISPATCH,UNIT_SCADA,1,"2022/10/20 09:25:00",TARONG#4,283.700010
D,DISPATCH,UNIT_SCADA,1,"2022/10/20 09:25:00",TARRALEA,54
D,DISPATCH,UNIT_SCADA,1,"2022/10/20 09:25:00",TBSF1,0.20
D,DISPATCH,UNIT_SCADA,1,"2022/10/20 09:25:00",TNPS1,372.4375
D,DISPATCH,UNIT_SCADA,1,"2022/10/20 09:25:00",TORRB1,0
D,DISPATCH,UNIT_SCADA,1,"2022/10/20 09:25:00",TORRB2,41
D,DISPATCH,UNIT_SCADA,1,"2022/10/20 09:25:00",TORRB3,0
D,DISPATCH,UNIT_SCADA,1,"2022/10/20 09:25:00",TORRB4,0
D,DISPATCH,UNIT_SCADA,1,"2022/10/20 09:25:00",TREVALLN,97.932910
D,DISPATCH,UNIT_SCADA,1,"2022/10/20 09:25:00",TRIBUTE,0
D,DISPATCH,UNIT_SCADA,1,"2022/10/20 09:25:00",TUMUT3,0
D,DISPATCH,UNIT_SCADA,1,"2022/10/20 09:25:00",TUNGATIN,3.800020
D,DISPATCH,UNIT_SCADA,1,"2022/10/20 09:25:00",TVCC201,0
D,DISPATCH,UNIT_SCADA,1,"2022/10/20 09:25:00",TVPP104,40.0488
D,DISPATCH,UNIT_SCADA,1,"2022/10/20 09:25:00",UPPTUMUT,0
D,DISPATCH,UNIT_SCADA,1,"2022/10/20 09:25:00",URANQ11,0
D,DISPATCH,UNIT_SCADA,1,"2022/10/20 09:25:00",URANQ12,0
D,DISPATCH,UNIT_SCADA,1,"2022/10/20 09:25:00",URANQ13,0
D,DISPATCH,UNIT_SCADA,1,"2022/10/20 09:25:00",URANQ14,0
D,DISPATCH,UNIT_SCADA,1,"2022/10/20 09:25:00",VBBG1,1.90
D,DISPATCH,UNIT_SCADA,1,"2022/10/20 09:25:00",VBBL1,0
D,DISPATCH,UNIT_SCADA,1,"2022/10/20 09:25:00",VP5,500.039670
D,DISPATCH,UNIT_SCADA,1,"2022/10/20 09:25:00",VP6,501.944030
D,DISPATCH,UNIT_SCADA,1,"2022/10/20 09:25:00",VPGS1,0
D,DISPATCH,UNIT_SCADA,1,"2022/10/20 09:25:00",VPGS2,0
D,DISPATCH,UNIT_SCADA,1,"2022/10/20 09:25:00",VPGS3,0
D,DISPATCH,UNIT_SCADA,1,"2022/10/20 09:25:00",VPGS4,0
D,DISPATCH,UNIT_SCADA,1,"2022/10/20 09:25:00",VPGS5,0
D,DISPATCH,UNIT_SCADA,1,"2022/10/20 09:25:00",VPGS6,0
D,DISPATCH,UNIT_SCADA,1,"2022/10/20 09:25:00",W/HOE#1,0
D,DISPATCH,UNIT_SCADA,1,"2022/10/20 09:25:00",W/HOE#2,0
D,DISPATCH,UNIT_SCADA,1,"2022/10/20 09:25:00",WAGGNSF1,0
D,DISPATCH,UNIT_SCADA,1,"2022/10/20 09:25:00",WALGRVG1,0.000930
D,DISPATCH,UNIT_SCADA,1,"2022/10/20 09:25:00",WALGRVL1,0
D,DISPATCH,UNIT_SCADA,1,"2022/10/20 09:25:00",WANDBG1,0
D,DISPATCH,UNIT_SCADA,1,"2022/10/20 09:25:00",WANDBL1,0
D,DISPATCH,UNIT_SCADA,1,"2022/10/20 09:25:00",WARWSF1,14.14
D,DISPATCH,UNIT_SCADA,1,"2022/10/20 09:25:00",WARWSF2,15.94
D,DISPATCH,UNIT_SCADA,1,"2022/10/20 09:25:00",WATERLWF,67.90
D,DISPATCH,UNIT_SCADA,1,"2022/10/20 09:25:00",WDGPH1,126.224010
D,DISPATCH,UNIT_SCADA,1,"2022/10/20 09:25:00",WELLSF1,159.459820
D,DISPATCH,UNIT_SCADA,1,"2022/10/20 09:25:00",WEMENSF1,38.60
D,DISPATCH,UNIT_SCADA,1,"2022/10/20 09:25:00",WGWF1,103
D,DISPATCH,UNIT_SCADA,1,"2022/10/20 09:25:00",WHITSF1,7.70
D,DISPATCH,UNIT_SCADA,1,"2022/10/20 09:25:00",WINTSF1,85.02
D,DISPATCH,UNIT_SCADA,1,"2022/10/20 09:25:00",WKIEWA1,29.10
D,DISPATCH,UNIT_SCADA,1,"2022/10/20 09:25:00",WKIEWA2,29.10
D,DISPATCH,UNIT_SCADA,1,"2022/10/20 09:25:00",WOODLWN1,22.144380
D,DISPATCH,UNIT_SCADA,1,"2022/10/20 09:25:00",WOOLGSF1,20.724740
D,DISPATCH,UNIT_SCADA,1,"2022/10/20 09:25:00",WPWF,53.25
D,DISPATCH,UNIT_SCADA,1,"2022/10/20 09:25:00",WRSF1,3.239850
D,DISPATCH,UNIT_SCADA,1,"2022/10/20 09:25:00",WRWF1,53.900360
D,DISPATCH,UNIT_SCADA,1,"2022/10/20 09:25:00",WSTWYSF1,0
D,DISPATCH,UNIT_SCADA,1,"2022/10/20 09:25:00",YABULU,0
D,DISPATCH,UNIT_SCADA,1,"2022/10/20 09:25:00",YABULU2,0
D,DISPATCH,UNIT_SCADA,1,"2022/10/20 09:25:00",YARANSF1,11.38
D,DISPATCH,UNIT_SCADA,1,"2022/10/20 09:25:00",YARWUN_1,162.98
D,DISPATCH,UNIT_SCADA,1,"2022/10/20 09:25:00",YATSF1,10.07
D,DISPATCH,UNIT_SCADA,1,"2022/10/20 09:25:00",YENDWF1,23.76
D,DISPATCH,UNIT_SCADA,1,"2022/10/20 09:25:00",YWPS1,338.3443
D,DISPATCH,UNIT_SCADA,1,"2022/10/20 09:25:00",YWPS2,289.220250
D,DISPATCH,UNIT_SCADA,1,"2022/10/20 09:25:00",YWPS3,335.394930
D,DISPATCH,UNIT_SCADA,1,"2022/10/20 09:25:00",YWPS4,0
C,"END OF REPORT",419
