C,NEMP.WORLD,DISPATCHSCADA,AEMO,PUBLIC,2022/10/20,10:55:10,0000000373248652,DISPATCHSCADA,0000000373248646
I,DISPATCH,UNIT_SCADA,1,SETTLEMENTDATE,DUID,SCADAVALUE
D,DISPATCH,UNIT_SCADA,1,"2022/10/20 11:00:00",BARCSF1,10.90
D,DISPATCH,UNIT_SCADA,1,"2022/10/20 11:00:00",BUTLERSG,8.699999
D,DISPATCH,UNIT_SCADA,1,"2022/10/20 11:00:00",CAPTL_WF,27.851986
D,DISPATCH,UNIT_SCADA,1,"2022/10/20 11:00:00",CHALLHWF,4
D,DISPATCH,UNIT_SCADA,1,"2022/10/20 11:00:00",CLOVER,9.99
D,DISPATCH,UNIT_SCADA,1,"2022/10/20 11:00:00",CLUNY,6.167544
D,DISPATCH,UNIT_SCADA,1,"2022/10/20 11:00:00",CULLRGWF,-0.05
D,DISPATCH,UNIT_SCADA,1,"2022/10/20 11:00:00",DIAPURWF1,3.40
D,DISPATCH,UNIT_SCADA,1,"2022/10/20 11:00:00",ERGT01,0
D,DISPATCH,UNIT_SCADA,1,"2022/10/20 11:00:00",GB01,0
D,DISPATCH,UNIT_SCADA,1,"2022/10/20 11:00:00",GERMCRK,19.10
D,DISPATCH,UNIT_SCADA,1,"2022/10/20 11:00:00",GRIFSF1,13.701076
D,DISPATCH,UNIT_SCADA,1,"2022/10/20 11:00:00",HEZ1,0
D,DISPATCH,UNIT_SCADA,1,"2022/10/20 11:00:00",HUGSF1,9.1380
D,DISPATCH,UNIT_SCADA,1,"2022/10/20 11:00:00",KEPBG1,0
D,DISPATCH,UNIT_SCADA,1,"2022/10/20 11:00:00",LRSF1,11.2340
D,DISPATCH,UNIT_SCADA,1,"2022/10/20 11:00:00",MBAHNTH,45.974991
D,DISPATCH,UNIT_SCADA,1,"2022/10/20 11:00:00",MLSP1,3.554001
D,DISPATCH,UNIT_SCADA,1,"2022/10/20 11:00:00",MLWF1,4.6050
D,DISPATCH,UNIT_SCADA,1,"2022/10/20 11:00:00",PALOONA,30.389999
D,DISPATCH,UNIT_SCADA,1,"2022/10/20 11:00:00",PIONEER,38
D,DISPATCH,UNIT_SCADA,1,"2022/10/20 11:00:00",PORTWF,83.699997
D,DISPATCH,UNIT_SCADA,1,"2022/10/20 11:00:00",REPULSE,9.346457
D,DISPATCH,UNIT_SCADA,1,"2022/10/20 11:00:00",ROWALLAN,8.910501
D,DISPATCH,UNIT_SCADA,1,"2022/10/20 11:00:00",ROYALLA1,6.369003
D,DISPATCH,UNIT_SCADA,1,"2022/10/20 11:00:00",RPCG,-1.80
D,DISPATCH,UNIT_SCADA,1,"2022/10/20 11:00:00",RUBICON,0
D,DISPATCH,UNIT_SCADA,1,"2022/10/20 11:00:00",WAUBRAWF,12.5280
D,DISPATCH,UNIT_SCADA,1,"2022/10/20 11:00:00",WOOLNTH1,-0.72
D,DISPATCH,UNIT_SCADA,1,"2022/10/20 11:00:00",YAMBUKWF,6.60
D,DISPATCH,UNIT_SCADA,1,"2022/10/20 11:00:00",YSWF1,1.10
D,DISPATCH,UNIT_SCADA,1,"2022/10/20 11:00:00",ADPBA1G,0.0080
D,DISPATCH,UNIT_SCADA,1,"2022/10/20 11:00:00",ADPBA1L,0
D,DISPATCH,UNIT_SCADA,1,"2022/10/20 11:00:00",ADPPV1,0.0610
D,DISPATCH,UNIT_SCADA,1,"2022/10/20 11:00:00",AGLHAL,0
D,DISPATCH,UNIT_SCADA,1,"2022/10/20 11:00:00",AGLSOM,0
D,DISPATCH,UNIT_SCADA,1,"2022/10/20 11:00:00",ANGAST1,0
D,DISPATCH,UNIT_SCADA,1,"2022/10/20 11:00:00",ARWF1,0
D,DISPATCH,UNIT_SCADA,1,"2022/10/20 11:00:00",BALBG1,0
D,DISPATCH,UNIT_SCADA,1,"2022/10/20 11:00:00",BALBL1,10.63
D,DISPATCH,UNIT_SCADA,1,"2022/10/20 11:00:00",BALDHWF1,8.1610
D,DISPATCH,UNIT_SCADA,1,"2022/10/20 11:00:00",BANGOWF1,23.396350
D,DISPATCH,UNIT_SCADA,1,"2022/10/20 11:00:00",BANGOWF2,49.199740
D,DISPATCH,UNIT_SCADA,1,"2022/10/20 11:00:00",BANN1,16.94
D,DISPATCH,UNIT_SCADA,1,"2022/10/20 11:00:00",BARCALDN,0
D,DISPATCH,UNIT_SCADA,1,"2022/10/20 11:00:00",BARKIPS1,0
D,DISPATCH,UNIT_SCADA,1,"2022/10/20 11:00:00",BARRON-1,0
D,DISPATCH,UNIT_SCADA,1,"2022/10/20 11:00:00",BARRON-2,0
D,DISPATCH,UNIT_SCADA,1,"2022/10/20 11:00:00",BASTYAN,50.10
D,DISPATCH,UNIT_SCADA,1,"2022/10/20 11:00:00",BBTHREE1,0
D,DISPATCH,UNIT_SCADA,1,"2022/10/20 11:00:00",BBTHREE2,0
D,DISPATCH,UNIT_SCADA,1,"2022/10/20 11:00:00",BBTHREE3,-1.05
D,DISPATCH,UNIT_SCADA,1,"2022/10/20 11:00:00",BDL01,0
D,DISPATCH,UNIT_SCADA,1,"2022/10/20 11:00:00",BDL02,0
D,DISPATCH,UNIT_SCADA,1,"2022/10/20 11:00:00",BERYLSF1,11.611950
D,DISPATCH,UNIT_SCADA,1,"2022/10/20 11:00:00",BLOWERNG,62.50
D,DISPATCH,UNIT_SCADA,1,"2022/10/20 11:00:00",BLUEGSF1,74.846210
D,DISPATCH,UNIT_SCADA,1,"2022/10/20 11:00:00",BLUFF1,10.30
D,DISPATCH,UNIT_SCADA,1,"2022/10/20 11:00:00",BNGSF1,108.259990
D,DISPATCH,UNIT_SCADA,1,"2022/10/20 11:00:00",BNGSF2,105.88
D,DISPATCH,UNIT_SCADA,1,"2022/10/20 11:00:00",BOCORWF1,3.72
D,DISPATCH,UNIT_SCADA,1,"2022/10/20 11:00:00",BODWF1,103.730140
D,DISPATCH,UNIT_SCADA,1,"2022/10/20 11:00:00",BOMENSF1,66.719150
D,DISPATCH,UNIT_SCADA,1,"2022/10/20 11:00:00",BOWWBA1G,0
D,DISPATCH,UNIT_SCADA,1,"2022/10/20 11:00:00",BOWWBA1L,0
D,DISPATCH,UNIT_SCADA,1,"2022/10/20 11:00:00",BOWWPV1,0
D,DISPATCH,UNIT_SCADA,1,"2022/10/20 11:00:00",BRAEMAR1,0
D,DISPATCH,UNIT_SCADA,1,"2022/10/20 11:00:00",BRAEMAR2,0
D,DISPATCH,UNIT_SCADA,1,"2022/10/20 11:00:00",BRAEMAR3,0
D,DISPATCH,UNIT_SCADA,1,"2022/10/20 11:00:00",BRAEMAR5,0.292060
D,DISPATCH,UNIT_SCADA,1,"2022/10/20 11:00:00",BRAEMAR6,0
D,DISPATCH,UNIT_SCADA,1,"2022/10/20 11:00:00",BRAEMAR7,0.130920
D,DISPATCH,UNIT_SCADA,1,"2022/10/20 11:00:00",BROKENH1,21.199680
D,DISPATCH,UNIT_SCADA,1,"2022/10/20 11:00:00",BRYB1WF1,85.899140
D,DISPATCH,UNIT_SCADA,1,"2022/10/20 11:00:00",BULBESG1,0
D,DISPATCH,UNIT_SCADA,1,"2022/10/20 11:00:00",BULBESL1,2.40
D,DISPATCH,UNIT_SCADA,1,"2022/10/20 11:00:00",BULGANA1,3.82
D,DISPATCH,UNIT_SCADA,1,"2022/10/20 11:00:00",BW01,652.341490
D,DISPATCH,UNIT_SCADA,1,"2022/10/20 11:00:00",BW02,613.1319
D,DISPATCH,UNIT_SCADA,1,"2022/10/20 11:00:00",BW03,509.028780
D,DISPATCH,UNIT_SCADA,1,"2022/10/20 11:00:00",BW04,0
D,DISPATCH,UNIT_SCADA,1,"2022/10/20 11:00:00",CALL_B_1,316.300020
D,DISPATCH,UNIT_SCADA,1,"2022/10/20 11:00:00",CALL_B_2,314.399990
D,DISPATCH,UNIT_SCADA,1,"2022/10/20 11:00:00",CATHROCK,0.10
D,DISPATCH,UNIT_SCADA,1,"2022/10/20 11:00:00",CBWWBA1G,0
D,DISPATCH,UNIT_SCADA,1,"2022/10/20 11:00:00",CBWWBA1L,0
D,DISPATCH,UNIT_SCADA,1,"2022/10/20 11:00:00",CETHANA,14.000250
D,DISPATCH,UNIT_SCADA,1,"2022/10/20 11:00:00",CG1,0
D,DISPATCH,UNIT_SCADA,1,"2022/10/20 11:00:00",CG2,0
D,DISPATCH,UNIT_SCADA,1,"2022/10/20 11:00:00",CG3,0
D,DISPATCH,UNIT_SCADA,1,"2022/10/20 11:00:00",CG4,0
D,DISPATCH,UNIT_SCADA,1,"2022/10/20 11:00:00",CHILDSF1,14.16
D,DISPATCH,UNIT_SCADA,1,"2022/10/20 11:00:00",CHYTWF1,2.57
D,DISPATCH,UNIT_SCADA,1,"2022/10/20 11:00:00",CLARESF1,83.320830
D,DISPATCH,UNIT_SCADA,1,"2022/10/20 11:00:00",CLEMGPWF,20.602010
D,DISPATCH,UNIT_SCADA,1,"2022/10/20 11:00:00",CLERMSF1,37.89
D,DISPATCH,UNIT_SCADA,1,"2022/10/20 11:00:00",CNUNDAWF,0
D,DISPATCH,UNIT_SCADA,1,"2022/10/20 11:00:00",COHUNSF1,0.07
D,DISPATCH,UNIT_SCADA,1,"2022/10/20 11:00:00",COLEASF1,39.898150
D,DISPATCH,UNIT_SCADA,1,"2022/10/20 11:00:00",COLUMSF1,37.4940
D,DISPATCH,UNIT_SCADA,1,"2022/10/20 11:00:00",COLWF01,72.179750
D,DISPATCH,UNIT_SCADA,1,"2022/10/20 11:00:00",COOPGWF1,185.490010
D,DISPATCH,UNIT_SCADA,1,"2022/10/20 11:00:00",CPP_3,365.75
D,DISPATCH,UNIT_SCADA,1,"2022/10/20 11:00:00",CPP_4,0
D,DISPATCH,UNIT_SCADA,1,"2022/10/20 11:00:00",CPSA,0
D,DISPATCH,UNIT_SCADA,1,"2022/10/20 11:00:00",CROOKWF2,46.775010
D,DISPATCH,UNIT_SCADA,1,"2022/10/20 11:00:00",CROWLWF1,12.115460
D,DISPATCH,UNIT_SCADA,1,"2022/10/20 11:00:00",CRURWF1,63.099950
D,DISPATCH,UNIT_SCADA,1,"2022/10/20 11:00:00",CRWASF1,29.099010
D,DISPATCH,UNIT_SCADA,1,"2022/10/20 11:00:00",CSPVPS1,1.0280
D,DISPATCH,UNIT_SCADA,1,"2022/10/20 11:00:00",CTHLWF1,0.003050
D,DISPATCH,UNIT_SCADA,1,"2022/10/20 11:00:00",DALNTH01,0
D,DISPATCH,UNIT_SCADA,1,"2022/10/20 11:00:00",DALNTHL1,0.083920
D,DISPATCH,UNIT_SCADA,1,"2022/10/20 11:00:00",DARLSF1,73.109090
D,DISPATCH,UNIT_SCADA,1,"2022/10/20 11:00:00",DARTM1,0
D,DISPATCH,UNIT_SCADA,1,"2022/10/20 11:00:00",DAYDSF1,0
D,DISPATCH,UNIT_SCADA,1,"2022/10/20 11:00:00",DDPS1,0
D,DISPATCH,UNIT_SCADA,1,"2022/10/20 11:00:00",DDSF1,35.958780
D,DISPATCH,UNIT_SCADA,1,"2022/10/20 11:00:00",DEVILS_G,9.079870
D,DISPATCH,UNIT_SCADA,1,"2022/10/20 11:00:00",DG_NSW1,0
D,DISPATCH,UNIT_SCADA,1,"2022/10/20 11:00:00",DG_QLD1,0
D,DISPATCH,UNIT_SCADA,1,"2022/10/20 11:00:00",DG_SA1,0
D,DISPATCH,UNIT_SCADA,1,"2022/10/20 11:00:00",DG_TAS1,0
D,DISPATCH,UNIT_SCADA,1,"2022/10/20 11:00:00",DG_VIC1,0
D,DISPATCH,UNIT_SCADA,1,"2022/10/20 11:00:00",DRYCGT1,0
D,DISPATCH,UNIT_SCADA,1,"2022/10/20 11:00:00",DRYCGT2,0
D,DISPATCH,UNIT_SCADA,1,"2022/10/20 11:00:00",DRYCGT3,0
D,DISPATCH,UNIT_SCADA,1,"2022/10/20 11:00:00",DUNDWF1,48.07
D,DISPATCH,UNIT_SCADA,1,"2022/10/20 11:00:00",DUNDWF2,14.21
D,DISPATCH,UNIT_SCADA,1,"2022/10/20 11:00:00",DUNDWF3,45.02
D,DISPATCH,UNIT_SCADA,1,"2022/10/20 11:00:00",EILDON1,59.80
D,DISPATCH,UNIT_SCADA,1,"2022/10/20 11:00:00",EILDON2,59.92
D,DISPATCH,UNIT_SCADA,1,"2022/10/20 11:00:00",ELAINWF1,29.23
D,DISPATCH,UNIT_SCADA,1,"2022/10/20 11:00:00",EMERASF1,0
D,DISPATCH,UNIT_SCADA,1,"2022/10/20 11:00:00",ER01,0
D,DISPATCH,UNIT_SCADA,1,"2022/10/20 11:00:00",ER02,347.307560
D,DISPATCH,UNIT_SCADA,1,"2022/10/20 11:00:00",ER03,410.809480
D,DISPATCH,UNIT_SCADA,1,"2022/10/20 11:00:00",ER04,419.305730
D,DISPATCH,UNIT_SCADA,1,"2022/10/20 11:00:00",FINLYSF1,127.977420
D,DISPATCH,UNIT_SCADA,1,"2022/10/20 11:00:00",FISHER,43.96
D,DISPATCH,UNIT_SCADA,1,"2022/10/20 11:00:00",GANGARR1,11.5670
D,DISPATCH,UNIT_SCADA,1,"2022/10/20 11:00:00",GANNBG1,0
D,DISPATCH,UNIT_SCADA,1,"2022/10/20 11:00:00",GANNBL1,5.535230
D,DISPATCH,UNIT_SCADA,1,"2022/10/20 11:00:00",GANNSF1,37
D,DISPATCH,UNIT_SCADA,1,"2022/10/20 11:00:00",GLRWNSF1,110.04
D,DISPATCH,UNIT_SCADA,1,"2022/10/20 11:00:00",GNNDHSF1,91.038910
D,DISPATCH,UNIT_SCADA,1,"2022/10/20 11:00:00",GOONSF1,8.292360
D,DISPATCH,UNIT_SCADA,1,"2022/10/20 11:00:00",GORDON,204.261950
D,DISPATCH,UNIT_SCADA,1,"2022/10/20 11:00:00",GRANWF1,0.71
D,DISPATCH,UNIT_SCADA,1,"2022/10/20 11:00:00",GSTONE1,200.20
D,DISPATCH,UNIT_SCADA,1,"2022/10/20 11:00:00",GSTONE2,0
D,DISPATCH,UNIT_SCADA,1,"2022/10/20 11:00:00",GSTONE3,199.6750
D,DISPATCH,UNIT_SCADA,1,"2022/10/20 11:00:00",GSTONE4,0
D,DISPATCH,UNIT_SCADA,1,"2022/10/20 11:00:00",GSTONE5,200.20
D,DISPATCH,UNIT_SCADA,1,"2022/10/20 11:00:00",GSTONE6,199.6750
D,DISPATCH,UNIT_SCADA,1,"2022/10/20 11:00:00",GULLRSF1,4.214940
D,DISPATCH,UNIT_SCADA,1,"2022/10/20 11:00:00",GULLRWF1,64.404020
D,DISPATCH,UNIT_SCADA,1,"2022/10/20 11:00:00",GULLRWF2,84.101380
D,DISPATCH,UNIT_SCADA,1,"2022/10/20 11:00:00",GUNNING1,0
D,DISPATCH,UNIT_SCADA,1,"2022/10/20 11:00:00",GUTHEGA,66.90
D,DISPATCH,UNIT_SCADA,1,"2022/10/20 11:00:00",HALLWF1,18.54
D,DISPATCH,UNIT_SCADA,1,"2022/10/20 11:00:00",HALLWF2,33.11
D,DISPATCH,UNIT_SCADA,1,"2022/10/20 11:00:00",HAMISF1,0
D,DISPATCH,UNIT_SCADA,1,"2022/10/20 11:00:00",HAUGHT11,37.447680
D,DISPATCH,UNIT_SCADA,1,"2022/10/20 11:00:00",HAYMSF1,0
D,DISPATCH,UNIT_SCADA,1,"2022/10/20 11:00:00",HDWF1,61.10
D,DISPATCH,UNIT_SCADA,1,"2022/10/20 11:00:00",HDWF2,69.80
D,DISPATCH,UNIT_SCADA,1,"2022/10/20 11:00:00",HDWF3,63.40
D,DISPATCH,UNIT_SCADA,1,"2022/10/20 11:00:00",HILLSTN1,22.654980
D,DISPATCH,UNIT_SCADA,1,"2022/10/20 11:00:00",HPRG1,0
D,DISPATCH,UNIT_SCADA,1,"2022/10/20 11:00:00",HPRL1,31.80
D,DISPATCH,UNIT_SCADA,1,"2022/10/20 11:00:00",HUMENSW,54.785920
D,DISPATCH,UNIT_SCADA,1,"2022/10/20 11:00:00",HUMEV,0
D,DISPATCH,UNIT_SCADA,1,"2022/10/20 11:00:00",HVWWBA1G,0
D,DISPATCH,UNIT_SCADA,1,"2022/10/20 11:00:00",HVWWBA1L,0.0070
D,DISPATCH,UNIT_SCADA,1,"2022/10/20 11:00:00",HVWWPV1,0.0180
D,DISPATCH,UNIT_SCADA,1,"2022/10/20 11:00:00",JBUTTERS,0
D,DISPATCH,UNIT_SCADA,1,"2022/10/20 11:00:00",JEMALNG1,6.46
D,DISPATCH,UNIT_SCADA,1,"2022/10/20 11:00:00",JLA01,0
D,DISPATCH,UNIT_SCADA,1,"2022/10/20 11:00:00",JLA02,0
D,DISPATCH,UNIT_SCADA,1,"2022/10/20 11:00:00",JLA03,0
D,DISPATCH,UNIT_SCADA,1,"2022/10/20 11:00:00",JLA04,0
D,DISPATCH,UNIT_SCADA,1,"2022/10/20 11:00:00",JLB01,0
D,DISPATCH,UNIT_SCADA,1,"2022/10/20 11:00:00",JLB02,0.10
D,DISPATCH,UNIT_SCADA,1,"2022/10/20 11:00:00",JLB03,0
D,DISPATCH,UNIT_SCADA,1,"2022/10/20 11:00:00",JUNEESF1,14.398460
D,DISPATCH,UNIT_SCADA,1,"2022/10/20 11:00:00",KABANWF1,0.4660
D,DISPATCH,UNIT_SCADA,1,"2022/10/20 11:00:00",KAREEYA1,0
D,DISPATCH,UNIT_SCADA,1,"2022/10/20 11:00:00",KAREEYA2,0
D,DISPATCH,UNIT_SCADA,1,"2022/10/20 11:00:00",KAREEYA3,4.4950
D,DISPATCH,UNIT_SCADA,1,"2022/10/20 11:00:00",KAREEYA4,0
D,DISPATCH,UNIT_SCADA,1,"2022/10/20 11:00:00",KARSF1,37
D,DISPATCH,UNIT_SCADA,1,"2022/10/20 11:00:00",KEPSF1,10.41
D,DISPATCH,UNIT_SCADA,1,"2022/10/20 11:00:00",KEPWF1,3.34
D,DISPATCH,UNIT_SCADA,1,"2022/10/20 11:00:00",KIAMSF1,17.910280
D,DISPATCH,UNIT_SCADA,1,"2022/10/20 11:00:00",KIATAWF1,6.20
D,DISPATCH,UNIT_SCADA,1,"2022/10/20 11:00:00",KPP_1,0
D,DISPATCH,UNIT_SCADA,1,"2022/10/20 11:00:00",KSP1,16.26
D,DISPATCH,UNIT_SCADA,1,"2022/10/20 11:00:00",LADBROK1,0.01
D,DISPATCH,UNIT_SCADA,1,"2022/10/20 11:00:00",LADBROK2,0.01
D,DISPATCH,UNIT_SCADA,1,"2022/10/20 11:00:00",LBBG1,0
D,DISPATCH,UNIT_SCADA,1,"2022/10/20 11:00:00",LBBL1,11.25
D,DISPATCH,UNIT_SCADA,1,"2022/10/20 11:00:00",LD01,273.238310
D,DISPATCH,UNIT_SCADA,1,"2022/10/20 11:00:00",LD02,0
D,DISPATCH,UNIT_SCADA,1,"2022/10/20 11:00:00",LD04,274.5018
D,DISPATCH,UNIT_SCADA,1,"2022/10/20 11:00:00",LEM_WIL,66.517430
D,DISPATCH,UNIT_SCADA,1,"2022/10/20 11:00:00",LGAPWF1,55.33
D,DISPATCH,UNIT_SCADA,1,"2022/10/20 11:00:00",LGAPWF2,23.33
D,DISPATCH,UNIT_SCADA,1,"2022/10/20 11:00:00",LILYSF1,42.991610
D,DISPATCH,UNIT_SCADA,1,"2022/10/20 11:00:00",LIMOSF11,65.436030
D,DISPATCH,UNIT_SCADA,1,"2022/10/20 11:00:00",LIMOSF21,10.199890
D,DISPATCH,UNIT_SCADA,1,"2022/10/20 11:00:00",LI_WY_CA,55.107180
D,DISPATCH,UNIT_SCADA,1,"2022/10/20 11:00:00",LKBONNY1,0
D,DISPATCH,UNIT_SCADA,1,"2022/10/20 11:00:00",LKBONNY2,0.033140
D,DISPATCH,UNIT_SCADA,1,"2022/10/20 11:00:00",LKBONNY3,0
D,DISPATCH,UNIT_SCADA,1,"2022/10/20 11:00:00",LK_ECHO,0
D,DISPATCH,UNIT_SCADA,1,"2022/10/20 11:00:00",LNGS1,0
D,DISPATCH,UNIT_SCADA,1,"2022/10/20 11:00:00",LNGS2,0
D,DISPATCH,UNIT_SCADA,1,"2022/10/20 11:00:00",LONSDALE,0
D,DISPATCH,UNIT_SCADA,1,"2022/10/20 11:00:00",LOYYB1,416.912660
D,DISPATCH,UNIT_SCADA,1,"2022/10/20 11:00:00",LOYYB2,415.784820
D,DISPATCH,UNIT_SCADA,1,"2022/10/20 11:00:00",LYA1,426
D,DISPATCH,UNIT_SCADA,1,"2022/10/20 11:00:00",LYA2,0
D,DISPATCH,UNIT_SCADA,1,"2022/10/20 11:00:00",LYA3,345
D,DISPATCH,UNIT_SCADA,1,"2022/10/20 11:00:00",LYA4,345
D,DISPATCH,UNIT_SCADA,1,"2022/10/20 11:00:00",MACARTH1,56.798690
D,DISPATCH,UNIT_SCADA,1,"2022/10/20 11:00:00",MACKNTSH,0
D,DISPATCH,UNIT_SCADA,1,"2022/10/20 11:00:00",MANSLR1,21.9060
D,DISPATCH,UNIT_SCADA,1,"2022/10/20 11:00:00",MAPS2PV1,0
D,DISPATCH,UNIT_SCADA,1,"2022/10/20 11:00:00",MAPS3PV1,0
D,DISPATCH,UNIT_SCADA,1,"2022/10/20 11:00:00",MARYRSF1,15
D,DISPATCH,UNIT_SCADA,1,"2022/10/20 11:00:00",MBPS2PV1,0
D,DISPATCH,UNIT_SCADA,1,"2022/10/20 11:00:00",MCKAY1,0.02
D,DISPATCH,UNIT_SCADA,1,"2022/10/20 11:00:00",MEADOWBK,5.830320
D,DISPATCH,UNIT_SCADA,1,"2022/10/20 11:00:00",MERCER01,29.60
D,DISPATCH,UNIT_SCADA,1,"2022/10/20 11:00:00",METZSF1,22.134010
D,DISPATCH,UNIT_SCADA,1,"2022/10/20 11:00:00",MEWF1,2.373380
D,DISPATCH,UNIT_SCADA,1,"2022/10/20 11:00:00",MIDDLSF1,14.05
D,DISPATCH,UNIT_SCADA,1,"2022/10/20 11:00:00",MINTARO,0.128180
D,DISPATCH,UNIT_SCADA,1,"2022/10/20 11:00:00",MOLNGSF1,17.389180
D,DISPATCH,UNIT_SCADA,1,"2022/10/20 11:00:00",MOORAWF1,56.85
D,DISPATCH,UNIT_SCADA,1,"2022/10/20 11:00:00",MOREESF1,11.0640
D,DISPATCH,UNIT_SCADA,1,"2022/10/20 11:00:00",MORTLK11,0
D,DISPATCH,UNIT_SCADA,1,"2022/10/20 11:00:00",MORTLK12,0
D,DISPATCH,UNIT_SCADA,1,"2022/10/20 11:00:00",MOUSF1,0
D,DISPATCH,UNIT_SCADA,1,"2022/10/20 11:00:00",MP1,0
D,DISPATCH,UNIT_SCADA,1,"2022/10/20 11:00:00",MP2,340.227360
D,DISPATCH,UNIT_SCADA,1,"2022/10/20 11:00:00",MPP_1,177.480930
D,DISPATCH,UNIT_SCADA,1,"2022/10/20 11:00:00",MPP_2,182.913240
D,DISPATCH,UNIT_SCADA,1,"2022/10/20 11:00:00",MRTLSWF1,0
D,DISPATCH,UNIT_SCADA,1,"2022/10/20 11:00:00",MSTUART1,0
D,DISPATCH,UNIT_SCADA,1,"2022/10/20 11:00:00",MSTUART2,0
D,DISPATCH,UNIT_SCADA,1,"2022/10/20 11:00:00",MSTUART3,0
D,DISPATCH,UNIT_SCADA,1,"2022/10/20 11:00:00",MTGELWF1,41.378520
D,DISPATCH,UNIT_SCADA,1,"2022/10/20 11:00:00",MTMILLAR,1.90
D,DISPATCH,UNIT_SCADA,1,"2022/10/20 11:00:00",MURRAY,0
D,DISPATCH,UNIT_SCADA,1,"2022/10/20 11:00:00",MUSSELR1,99.80
D,DISPATCH,UNIT_SCADA,1,"2022/10/20 11:00:00",MUWAWF1,53.32
D,DISPATCH,UNIT_SCADA,1,"2022/10/20 11:00:00",MUWAWF2,32.60
D,DISPATCH,UNIT_SCADA,1,"2022/10/20 11:00:00",MWPS1PV1,0.13
D,DISPATCH,UNIT_SCADA,1,"2022/10/20 11:00:00",MWPS2PV1,0
D,DISPATCH,UNIT_SCADA,1,"2022/10/20 11:00:00",MWPS3PV1,0
D,DISPATCH,UNIT_SCADA,1,"2022/10/20 11:00:00",MWPS4PV1,0.01
D,DISPATCH,UNIT_SCADA,1,"2022/10/20 11:00:00",NBHWF1,85.40
D,DISPATCH,UNIT_SCADA,1,"2022/10/20 11:00:00",NEVERSF1,30.07
D,DISPATCH,UNIT_SCADA,1,"2022/10/20 11:00:00",NPS,0
D,DISPATCH,UNIT_SCADA,1,"2022/10/20 11:00:00",NUMURSF1,93.48
D,DISPATCH,UNIT_SCADA,1,"2022/10/20 11:00:00",NYNGAN1,47.25
D,DISPATCH,UNIT_SCADA,1,"2022/10/20 11:00:00",OAKEY1,0
D,DISPATCH,UNIT_SCADA,1,"2022/10/20 11:00:00",OAKEY1SF,10.0730
D,DISPATCH,UNIT_SCADA,1,"2022/10/20 11:00:00",OAKEY2,0
D,DISPATCH,UNIT_SCADA,1,"2022/10/20 11:00:00",OAKEY2SF,18.72
D,DISPATCH,UNIT_SCADA,1,"2022/10/20 11:00:00",OAKLAND1,5.50
D,DISPATCH,UNIT_SCADA,1,"2022/10/20 11:00:00",OSB-AG,0
D,DISPATCH,UNIT_SCADA,1,"2022/10/20 11:00:00",PAREPS1,0.0660
D,DISPATCH,UNIT_SCADA,1,"2022/10/20 11:00:00",PAREPW1,69.95
D,DISPATCH,UNIT_SCADA,1,"2022/10/20 11:00:00",PARSF1,5.500880
D,DISPATCH,UNIT_SCADA,1,"2022/10/20 11:00:00",POAT110,0
D,DISPATCH,UNIT_SCADA,1,"2022/10/20 11:00:00",POAT220,0
D,DISPATCH,UNIT_SCADA,1,"2022/10/20 11:00:00",POR01,0
D,DISPATCH,UNIT_SCADA,1,"2022/10/20 11:00:00",POR03,0
D,DISPATCH,UNIT_SCADA,1,"2022/10/20 11:00:00",PPCCGT,0
D,DISPATCH,UNIT_SCADA,1,"2022/10/20 11:00:00",PTSTAN1,0
D,DISPATCH,UNIT_SCADA,1,"2022/10/20 11:00:00",PUMP1,246.019990
D,DISPATCH,UNIT_SCADA,1,"2022/10/20 11:00:00",PUMP2,0
D,DISPATCH,UNIT_SCADA,1,"2022/10/20 11:00:00",QBYNBG1,1.978470
D,DISPATCH,UNIT_SCADA,1,"2022/10/20 11:00:00",QBYNBL1,0
D,DISPATCH,UNIT_SCADA,1,"2022/10/20 11:00:00",QPS1,0
D,DISPATCH,UNIT_SCADA,1,"2022/10/20 11:00:00",QPS2,0
D,DISPATCH,UNIT_SCADA,1,"2022/10/20 11:00:00",QPS3,0
D,DISPATCH,UNIT_SCADA,1,"2022/10/20 11:00:00",QPS4,0
D,DISPATCH,UNIT_SCADA,1,"2022/10/20 11:00:00",QPS5,72.95
D,DISPATCH,UNIT_SCADA,1,"2022/10/20 11:00:00",REECE1,0
D,DISPATCH,UNIT_SCADA,1,"2022/10/20 11:00:00",REECE2,0
D,DISPATCH,UNIT_SCADA,1,"2022/10/20 11:00:00",ROMA_7,0
D,DISPATCH,UNIT_SCADA,1,"2022/10/20 11:00:00",ROMA_8,0
D,DISPATCH,UNIT_SCADA,1,"2022/10/20 11:00:00",RRSF1,72.580870
D,DISPATCH,UNIT_SCADA,1,"2022/10/20 11:00:00",RT_NSW1,0
D,DISPATCH,UNIT_SCADA,1,"2022/10/20 11:00:00",RT_NSW2,0
D,DISPATCH,UNIT_SCADA,1,"2022/10/20 11:00:00",RT_NSW3,0
D,DISPATCH,UNIT_SCADA,1,"2022/10/20 11:00:00",RT_NSW4,0
D,DISPATCH,UNIT_SCADA,1,"2022/10/20 11:00:00",RT_NSW5,0
D,DISPATCH,UNIT_SCADA,1,"2022/10/20 11:00:00",RT_NSW6,0
D,DISPATCH,UNIT_SCADA,1,"2022/10/20 11:00:00",RT_QLD1,0
D,DISPATCH,UNIT_SCADA,1,"2022/10/20 11:00:00",RT_SA1,0
D,DISPATCH,UNIT_SCADA,1,"2022/10/20 11:00:00",RT_SA2,0
D,DISPATCH,UNIT_SCADA,1,"2022/10/20 11:00:00",RT_SA3,0
D,DISPATCH,UNIT_SCADA,1,"2022/10/20 11:00:00",RT_SA4,0
D,DISPATCH,UNIT_SCADA,1,"2022/10/20 11:00:00",RT_SA5,0
D,DISPATCH,UNIT_SCADA,1,"2022/10/20 11:00:00",RT_SA6,0
D,DISPATCH,UNIT_SCADA,1,"2022/10/20 11:00:00",RT_TAS1,0
D,DISPATCH,UNIT_SCADA,1,"2022/10/20 11:00:00",RT_VIC1,0
D,DISPATCH,UNIT_SCADA,1,"2022/10/20 11:00:00",RT_VIC10,0
D,DISPATCH,UNIT_SCADA,1,"2022/10/20 11:00:00",RT_VIC11,0
D,DISPATCH,UNIT_SCADA,1,"2022/10/20 11:00:00",RT_VIC12,0
D,DISPATCH,UNIT_SCADA,1,"2022/10/20 11:00:00",RT_VIC2,0
D,DISPATCH,UNIT_SCADA,1,"2022/10/20 11:00:00",RT_VIC3,0
D,DISPATCH,UNIT_SCADA,1,"2022/10/20 11:00:00",RT_VIC4,0
D,DISPATCH,UNIT_SCADA,1,"2022/10/20 11:00:00",RT_VIC5,0
D,DISPATCH,UNIT_SCADA,1,"2022/10/20 11:00:00",RT_VIC6,0
D,DISPATCH,UNIT_SCADA,1,"2022/10/20 11:00:00",RT_VIC7,0
D,DISPATCH,UNIT_SCADA,1,"2022/10/20 11:00:00",RT_VIC8,0
D,DISPATCH,UNIT_SCADA,1,"2022/10/20 11:00:00",RT_VIC9,0
D,DISPATCH,UNIT_SCADA,1,"2022/10/20 11:00:00",RUGBYR1,1.4656
D,DISPATCH,UNIT_SCADA,1,"2022/10/20 11:00:00",SALTCRK1,17.75
D,DISPATCH,UNIT_SCADA,1,"2022/10/20 11:00:00",SAPHWF1,49.361410
D,DISPATCH,UNIT_SCADA,1,"2022/10/20 11:00:00",SEBSF1,29.105380
D,DISPATCH,UNIT_SCADA,1,"2022/10/20 11:00:00",SHGEN,0
D,DISPATCH,UNIT_SCADA,1,"2022/10/20 11:00:00",SHPUMP,0
D,DISPATCH,UNIT_SCADA,1,"2022/10/20 11:00:00",SITHE01,0.083520
D,DISPATCH,UNIT_SCADA,1,"2022/10/20 11:00:00",SMCSF1,81.5910
D,DISPATCH,UNIT_SCADA,1,"2022/10/20 11:00:00",SNAPPER1,0
D,DISPATCH,UNIT_SCADA,1,"2022/10/20 11:00:00",SNOWNTH1,110.20
D,DISPATCH,UNIT_SCADA,1,"2022/10/20 11:00:00",SNOWSTH1,58.60
D,DISPATCH,UNIT_SCADA,1,"2022/10/20 11:00:00",SNOWTWN1,75.381290
D,DISPATCH,UNIT_SCADA,1,"2022/10/20 11:00:00",SNOWYP,0
D,DISPATCH,UNIT_SCADA,1,"2022/10/20 11:00:00",SNUG1,0
D,DISPATCH,UNIT_SCADA,1,"2022/10/20 11:00:00",SRSF1,19
D,DISPATCH,UNIT_SCADA,1,"2022/10/20 11:00:00",STAN-1,274.429110
D,DISPATCH,UNIT_SCADA,1,"2022/10/20 11:00:00",STAN-2,346.0806
D,DISPATCH,UNIT_SCADA,1,"2022/10/20 11:00:00",STAN-3,154.839020
D,DISPATCH,UNIT_SCADA,1,"2022/10/20 11:00:00",STAN-4,345.888340
D,DISPATCH,UNIT_SCADA,1,"2022/10/20 11:00:00",STARHLWF,0.199940
D,DISPATCH,UNIT_SCADA,1,"2022/10/20 11:00:00",STOCKYD1,71.23
D,DISPATCH,UNIT_SCADA,1,"2022/10/20 11:00:00",STWF1,0
D,DISPATCH,UNIT_SCADA,1,"2022/10/20 11:00:00",SUNRSF1,47.713440
D,DISPATCH,UNIT_SCADA,1,"2022/10/20 11:00:00",SUNTPSF1,60.981770
D,DISPATCH,UNIT_SCADA,1,"2022/10/20 11:00:00",SWAN_E,213.349370
D,DISPATCH,UNIT_SCADA,1,"2022/10/20 11:00:00",TALWA1,0
D,DISPATCH,UNIT_SCADA,1,"2022/10/20 11:00:00",TARALGA1,0
D,DISPATCH,UNIT_SCADA,1,"2022/10/20 11:00:00",TARONG#1,342.200010
D,DISPATCH,UNIT_SCADA,1,"2022/10/20 11:00:00",TARONG#2,341.50
D,DISPATCH,UNIT_SCADA,1,"2022/10/20 11:00:00",TARONG#3,0.90
D,DISPATCH,UNIT_SCADA,1,"2022/10/20 11:00:00",TARONG#4,206.30
D,DISPATCH,UNIT_SCADA,1,"2022/10/20 11:00:00",TARRALEA,54
D,DISPATCH,UNIT_SCADA,1,"2022/10/20 11:00:00",TBSF1,0.20
D,DISPATCH,UNIT_SCADA,1,"2022/10/20 11:00:00",TNPS1,394.9375
D,DISPATCH,UNIT_SCADA,1,"2022/10/20 11:00:00",TORRB1,0
D,DISPATCH,UNIT_SCADA,1,"2022/10/20 11:00:00",TORRB2,40
D,DISPATCH,UNIT_SCADA,1,"2022/10/20 11:00:00",TORRB3,0
D,DISPATCH,UNIT_SCADA,1,"2022/10/20 11:00:00",TORRB4,0
D,DISPATCH,UNIT_SCADA,1,"2022/10/20 11:00:00",TREVALLN,97.812220
D,DISPATCH,UNIT_SCADA,1,"2022/10/20 11:00:00",TRIBUTE,0
D,DISPATCH,UNIT_SCADA,1,"2022/10/20 11:00:00",TUMUT3,0
D,DISPATCH,UNIT_SCADA,1,"2022/10/20 11:00:00",TUNGATIN,2.600020
D,DISPATCH,UNIT_SCADA,1,"2022/10/20 11:00:00",TVCC201,0
D,DISPATCH,UNIT_SCADA,1,"2022/10/20 11:00:00",TVPP104,57.748420
D,DISPATCH,UNIT_SCADA,1,"2022/10/20 11:00:00",UPPTUMUT,61.5849
D,DISPATCH,UNIT_SCADA,1,"2022/10/20 11:00:00",URANQ11,0
D,DISPATCH,UNIT_SCADA,1,"2022/10/20 11:00:00",URANQ12,0
D,DISPATCH,UNIT_SCADA,1,"2022/10/20 11:00:00",URANQ13,0
D,DISPATCH,UNIT_SCADA,1,"2022/10/20 11:00:00",URANQ14,0
D,DISPATCH,UNIT_SCADA,1,"2022/10/20 11:00:00",VBBG1,0
D,DISPATCH,UNIT_SCADA,1,"2022/10/20 11:00:00",VBBL1,88.50
D,DISPATCH,UNIT_SCADA,1,"2022/10/20 11:00:00",VP5,499.404880
D,DISPATCH,UNIT_SCADA,1,"2022/10/20 11:00:00",VP6,498.867770
D,DISPATCH,UNIT_SCADA,1,"2022/10/20 11:00:00",VPGS1,0
D,DISPATCH,UNIT_SCADA,1,"2022/10/20 11:00:00",VPGS2,0
D,DISPATCH,UNIT_SCADA,1,"2022/10/20 11:00:00",VPGS3,0
D,DISPATCH,UNIT_SCADA,1,"2022/10/20 11:00:00",VPGS4,0
D,DISPATCH,UNIT_SCADA,1,"2022/10/20 11:00:00",VPGS5,0
D,DISPATCH,UNIT_SCADA,1,"2022/10/20 11:00:00",VPGS6,0
D,DISPATCH,UNIT_SCADA,1,"2022/10/20 11:00:00",W/HOE#1,0
D,DISPATCH,UNIT_SCADA,1,"2022/10/20 11:00:00",W/HOE#2,0
D,DISPATCH,UNIT_SCADA,1,"2022/10/20 11:00:00",WAGGNSF1,0
D,DISPATCH,UNIT_SCADA,1,"2022/10/20 11:00:00",WALGRVG1,0
D,DISPATCH,UNIT_SCADA,1,"2022/10/20 11:00:00",WALGRVL1,16.587790
D,DISPATCH,UNIT_SCADA,1,"2022/10/20 11:00:00",WANDBG1,0
D,DISPATCH,UNIT_SCADA,1,"2022/10/20 11:00:00",WANDBL1,50.861870
D,DISPATCH,UNIT_SCADA,1,"2022/10/20 11:00:00",WARWSF1,14.97
D,DISPATCH,UNIT_SCADA,1,"2022/10/20 11:00:00",WARWSF2,12.24
D,DISPATCH,UNIT_SCADA,1,"2022/10/20 11:00:00",WATERLWF,44.40
D,DISPATCH,UNIT_SCADA,1,"2022/10/20 11:00:00",WDGPH1,122.8430
D,DISPATCH,UNIT_SCADA,1,"2022/10/20 11:00:00",WELLSF1,77.854580
D,DISPATCH,UNIT_SCADA,1,"2022/10/20 11:00:00",WEMENSF1,8.40
D,DISPATCH,UNIT_SCADA,1,"2022/10/20 11:00:00",WGWF1,82.60
D,DISPATCH,UNIT_SCADA,1,"2022/10/20 11:00:00",WHITSF1,0
D,DISPATCH,UNIT_SCADA,1,"2022/10/20 11:00:00",WINTSF1,83.77
D,DISPATCH,UNIT_SCADA,1,"2022/10/20 11:00:00",WKIEWA1,33.50
D,DISPATCH,UNIT_SCADA,1,"2022/10/20 11:00:00",WKIEWA2,13.80
D,DISPATCH,UNIT_SCADA,1,"2022/10/20 11:00:00",WOODLWN1,13.733120
D,DISPATCH,UNIT_SCADA,1,"2022/10/20 11:00:00",WOOLGSF1,70.418430
D,DISPATCH,UNIT_SCADA,1,"2022/10/20 11:00:00",WPWF,7.26
D,DISPATCH,UNIT_SCADA,1,"2022/10/20 11:00:00",WRSF1,0.620140
D,DISPATCH,UNIT_SCADA,1,"2022/10/20 11:00:00",WRWF1,20.271920
D,DISPATCH,UNIT_SCADA,1,"2022/10/20 11:00:00",WSTWYSF1,0
D,DISPATCH,UNIT_SCADA,1,"2022/10/20 11:00:00",YABULU,0
D,DISPATCH,UNIT_SCADA,1,"2022/10/20 11:00:00",YABULU2,0
D,DISPATCH,UNIT_SCADA,1,"2022/10/20 11:00:00",YARANSF1,54.36
D,DISPATCH,UNIT_SCADA,1,"2022/10/20 11:00:00",YARWUN_1,162.98
D,DISPATCH,UNIT_SCADA,1,"2022/10/20 11:00:00",YATSF1,35.63
D,DISPATCH,UNIT_SCADA,1,"2022/10/20 11:00:00",YENDWF1,54.02
D,DISPATCH,UNIT_SCADA,1,"2022/10/20 11:00:00",YWPS1,298.994930
D,DISPATCH,UNIT_SCADA,1,"2022/10/20 11:00:00",YWPS2,286.964570
D,DISPATCH,UNIT_SCADA,1,"2022/10/20 11:00:00",YWPS3,298.134190
D,DISPATCH,UNIT_SCADA,1,"2022/10/20 11:00:00",YWPS4,0
C,"END OF REPORT",419
