C,NEMP.WORLD,DISPATCHSCADA,AEMO,PUBLIC,2022/10/20,12:10:09,0000000373253364,DISPATCHSCADA,0000000373253358
I,DISPATCH,UNIT_SCADA,1,SETTLEMENTDATE,DUID,SCADAVALUE
D,DISPATCH,UNIT_SCADA,1,"2022/10/20 12:15:00",BARCSF1,11
D,DISPATCH,UNIT_SCADA,1,"2022/10/20 12:15:00",BUTLERSG,8.699999
D,DISPATCH,UNIT_SCADA,1,"2022/10/20 12:15:00",CAPTL_WF,46.461647
D,DISPATCH,UNIT_SCADA,1,"2022/10/20 12:15:00",CHALLHWF,4.10
D,DISPATCH,UNIT_SCADA,1,"2022/10/20 12:15:00",CLOVER,10.81
D,DISPATCH,UNIT_SCADA,1,"2022/10/20 12:15:00",CLUNY,5.176929
D,DISPATCH,UNIT_SCADA,1,"2022/10/20 12:15:00",CULLRGWF,-0.06
D,DISPATCH,UNIT_SCADA,1,"2022/10/20 12:15:00",DIAPURWF1,3.40
D,DISPATCH,UNIT_SCADA,1,"2022/10/20 12:15:00",ERGT01,0
D,DISPATCH,UNIT_SCADA,1,"2022/10/20 12:15:00",GB01,0
D,DISPATCH,UNIT_SCADA,1,"2022/10/20 12:15:00",GERMCRK,18
D,DISPATCH,UNIT_SCADA,1,"2022/10/20 12:15:00",GRIFSF1,5.198749
D,DISPATCH,UNIT_SCADA,1,"2022/10/20 12:15:00",HEZ1,0
D,DISPATCH,UNIT_SCADA,1,"2022/10/20 12:15:00",HUGSF1,14.398001
D,DISPATCH,UNIT_SCADA,1,"2022/10/20 12:15:00",KEPBG1,0.01
D,DISPATCH,UNIT_SCADA,1,"2022/10/20 12:15:00",LRSF1,6.13
D,DISPATCH,UNIT_SCADA,1,"2022/10/20 12:15:00",MBAHNTH,46.1250
D,DISPATCH,UNIT_SCADA,1,"2022/10/20 12:15:00",MLSP1,9.145001
D,DISPATCH,UNIT_SCADA,1,"2022/10/20 12:15:00",MLWF1,5.19
D,DISPATCH,UNIT_SCADA,1,"2022/10/20 12:15:00",PALOONA,30.26
D,DISPATCH,UNIT_SCADA,1,"2022/10/20 12:15:00",PIONEER,41.200001
D,DISPATCH,UNIT_SCADA,1,"2022/10/20 12:15:00",PORTWF,91.400002
D,DISPATCH,UNIT_SCADA,1,"2022/10/20 12:15:00",REPULSE,9.594262
D,DISPATCH,UNIT_SCADA,1,"2022/10/20 12:15:00",ROWALLAN,8.9247
D,DISPATCH,UNIT_SCADA,1,"2022/10/20 12:15:00",ROYALLA1,3.701003
D,DISPATCH,UNIT_SCADA,1,"2022/10/20 12:15:00",RPCG,-1.80
D,DISPATCH,UNIT_SCADA,1,"2022/10/20 12:15:00",RUBICON,0
D,DISPATCH,UNIT_SCADA,1,"2022/10/20 12:15:00",WAUBRAWF,16.804001
D,DISPATCH,UNIT_SCADA,1,"2022/10/20 12:15:00",WOOLNTH1,26.609999
D,DISPATCH,UNIT_SCADA,1,"2022/10/20 12:15:00",YAMBUKWF,7.90
D,DISPATCH,UNIT_SCADA,1,"2022/10/20 12:15:00",YSWF1,4.40
D,DISPATCH,UNIT_SCADA,1,"2022/10/20 12:15:00",ADPBA1G,0.0080
D,DISPATCH,UNIT_SCADA,1,"2022/10/20 12:15:00",ADPBA1L,0
D,DISPATCH,UNIT_SCADA,1,"2022/10/20 12:15:00",ADPPV1,0.0630
D,DISPATCH,UNIT_SCADA,1,"2022/10/20 12:15:00",AGLHAL,0
D,DISPATCH,UNIT_SCADA,1,"2022/10/20 12:15:00",AGLSOM,0
D,DISPATCH,UNIT_SCADA,1,"2022/10/20 12:15:00",ANGAST1,0
D,DISPATCH,UNIT_SCADA,1,"2022/10/20 12:15:00",ARWF1,18.60
D,DISPATCH,UNIT_SCADA,1,"2022/10/20 12:15:00",BALBG1,0
D,DISPATCH,UNIT_SCADA,1,"2022/10/20 12:15:00",BALBL1,0
D,DISPATCH,UNIT_SCADA,1,"2022/10/20 12:15:00",BALDHWF1,20.93
D,DISPATCH,UNIT_SCADA,1,"2022/10/20 12:15:00",BANGOWF1,33.499050
D,DISPATCH,UNIT_SCADA,1,"2022/10/20 12:15:00",BANGOWF2,25
D,DISPATCH,UNIT_SCADA,1,"2022/10/20 12:15:00",BANN1,19.58
D,DISPATCH,UNIT_SCADA,1,"2022/10/20 12:15:00",BARCALDN,0
D,DISPATCH,UNIT_SCADA,1,"2022/10/20 12:15:00",BARKIPS1,0
D,DISPATCH,UNIT_SCADA,1,"2022/10/20 12:15:00",BARRON-1,0
D,DISPATCH,UNIT_SCADA,1,"2022/10/20 12:15:00",BARRON-2,0
D,DISPATCH,UNIT_SCADA,1,"2022/10/20 12:15:00",BASTYAN,57.23
D,DISPATCH,UNIT_SCADA,1,"2022/10/20 12:15:00",BBTHREE1,0
D,DISPATCH,UNIT_SCADA,1,"2022/10/20 12:15:00",BBTHREE2,23.72
D,DISPATCH,UNIT_SCADA,1,"2022/10/20 12:15:00",BBTHREE3,-1.06
D,DISPATCH,UNIT_SCADA,1,"2022/10/20 12:15:00",BDL01,0
D,DISPATCH,UNIT_SCADA,1,"2022/10/20 12:15:00",BDL02,0
D,DISPATCH,UNIT_SCADA,1,"2022/10/20 12:15:00",BERYLSF1,21.411810
D,DISPATCH,UNIT_SCADA,1,"2022/10/20 12:15:00",BLOWERNG,62.50
D,DISPATCH,UNIT_SCADA,1,"2022/10/20 12:15:00",BLUEGSF1,67.411960
D,DISPATCH,UNIT_SCADA,1,"2022/10/20 12:15:00",BLUFF1,0
D,DISPATCH,UNIT_SCADA,1,"2022/10/20 12:15:00",BNGSF1,64.189990
D,DISPATCH,UNIT_SCADA,1,"2022/10/20 12:15:00",BNGSF2,81.57
D,DISPATCH,UNIT_SCADA,1,"2022/10/20 12:15:00",BOCORWF1,15.84
D,DISPATCH,UNIT_SCADA,1,"2022/10/20 12:15:00",BODWF1,92.372250
D,DISPATCH,UNIT_SCADA,1,"2022/10/20 12:15:00",BOMENSF1,21.440150
D,DISPATCH,UNIT_SCADA,1,"2022/10/20 12:15:00",BOWWBA1G,0.0010
D,DISPATCH,UNIT_SCADA,1,"2022/10/20 12:15:00",BOWWBA1L,0
D,DISPATCH,UNIT_SCADA,1,"2022/10/20 12:15:00",BOWWPV1,0
D,DISPATCH,UNIT_SCADA,1,"2022/10/20 12:15:00",BRAEMAR1,0
D,DISPATCH,UNIT_SCADA,1,"2022/10/20 12:15:00",BRAEMAR2,0
D,DISPATCH,UNIT_SCADA,1,"2022/10/20 12:15:00",BRAEMAR3,0
D,DISPATCH,UNIT_SCADA,1,"2022/10/20 12:15:00",BRAEMAR5,0.292060
D,DISPATCH,UNIT_SCADA,1,"2022/10/20 12:15:00",BRAEMAR6,0
D,DISPATCH,UNIT_SCADA,1,"2022/10/20 12:15:00",BRAEMAR7,0.130920
D,DISPATCH,UNIT_SCADA,1,"2022/10/20 12:15:00",BROKENH1,21.099680
D,DISPATCH,UNIT_SCADA,1,"2022/10/20 12:15:00",BRYB1WF1,107.676810
D,DISPATCH,UNIT_SCADA,1,"2022/10/20 12:15:00",BULBESG1,0
D,DISPATCH,UNIT_SCADA,1,"2022/10/20 12:15:00",BULBESL1,1.14
D,DISPATCH,UNIT_SCADA,1,"2022/10/20 12:15:00",BULGANA1,3.04
D,DISPATCH,UNIT_SCADA,1,"2022/10/20 12:15:00",BW01,659.201970
D,DISPATCH,UNIT_SCADA,1,"2022/10/20 12:15:00",BW02,617.941530
D,DISPATCH,UNIT_SCADA,1,"2022/10/20 12:15:00",BW03,448.480960
D,DISPATCH,UNIT_SCADA,1,"2022/10/20 12:15:00",BW04,0
D,DISPATCH,UNIT_SCADA,1,"2022/10/20 12:15:00",CALL_B_1,322.600010
D,DISPATCH,UNIT_SCADA,1,"2022/10/20 12:15:00",CALL_B_2,321.50
D,DISPATCH,UNIT_SCADA,1,"2022/10/20 12:15:00",CATHROCK,0
D,DISPATCH,UNIT_SCADA,1,"2022/10/20 12:15:00",CBWWBA1G,0
D,DISPATCH,UNIT_SCADA,1,"2022/10/20 12:15:00",CBWWBA1L,0
D,DISPATCH,UNIT_SCADA,1,"2022/10/20 12:15:00",CETHANA,16.7545
D,DISPATCH,UNIT_SCADA,1,"2022/10/20 12:15:00",CG1,0
D,DISPATCH,UNIT_SCADA,1,"2022/10/20 12:15:00",CG2,0
D,DISPATCH,UNIT_SCADA,1,"2022/10/20 12:15:00",CG3,0
D,DISPATCH,UNIT_SCADA,1,"2022/10/20 12:15:00",CG4,0
D,DISPATCH,UNIT_SCADA,1,"2022/10/20 12:15:00",CHILDSF1,11.72
D,DISPATCH,UNIT_SCADA,1,"2022/10/20 12:15:00",CHYTWF1,6.31
D,DISPATCH,UNIT_SCADA,1,"2022/10/20 12:15:00",CLARESF1,21.063680
D,DISPATCH,UNIT_SCADA,1,"2022/10/20 12:15:00",CLEMGPWF,8.6442
D,DISPATCH,UNIT_SCADA,1,"2022/10/20 12:15:00",CLERMSF1,62.56
D,DISPATCH,UNIT_SCADA,1,"2022/10/20 12:15:00",CNUNDAWF,0
D,DISPATCH,UNIT_SCADA,1,"2022/10/20 12:15:00",COHUNSF1,9.28
D,DISPATCH,UNIT_SCADA,1,"2022/10/20 12:15:00",COLEASF1,51.797890
D,DISPATCH,UNIT_SCADA,1,"2022/10/20 12:15:00",COLUMSF1,13.8860
D,DISPATCH,UNIT_SCADA,1,"2022/10/20 12:15:00",COLWF01,87.286180
D,DISPATCH,UNIT_SCADA,1,"2022/10/20 12:15:00",COOPGWF1,126.11
D,DISPATCH,UNIT_SCADA,1,"2022/10/20 12:15:00",CPP_3,284.350010
D,DISPATCH,UNIT_SCADA,1,"2022/10/20 12:15:00",CPP_4,0
D,DISPATCH,UNIT_SCADA,1,"2022/10/20 12:15:00",CPSA,0
D,DISPATCH,UNIT_SCADA,1,"2022/10/20 12:15:00",CROOKWF2,32.263070
D,DISPATCH,UNIT_SCADA,1,"2022/10/20 12:15:00",CROWLWF1,8.229380
D,DISPATCH,UNIT_SCADA,1,"2022/10/20 12:15:00",CRURWF1,47.399640
D,DISPATCH,UNIT_SCADA,1,"2022/10/20 12:15:00",CRWASF1,22.2761
D,DISPATCH,UNIT_SCADA,1,"2022/10/20 12:15:00",CSPVPS1,0.4530
D,DISPATCH,UNIT_SCADA,1,"2022/10/20 12:15:00",CTHLWF1,0.003050
D,DISPATCH,UNIT_SCADA,1,"2022/10/20 12:15:00",DALNTH01,0
D,DISPATCH,UNIT_SCADA,1,"2022/10/20 12:15:00",DALNTHL1,0.090030
D,DISPATCH,UNIT_SCADA,1,"2022/10/20 12:15:00",DARLSF1,83.176740
D,DISPATCH,UNIT_SCADA,1,"2022/10/20 12:15:00",DARTM1,0
D,DISPATCH,UNIT_SCADA,1,"2022/10/20 12:15:00",DAYDSF1,0
D,DISPATCH,UNIT_SCADA,1,"2022/10/20 12:15:00",DDPS1,0
D,DISPATCH,UNIT_SCADA,1,"2022/10/20 12:15:00",DDSF1,34.594810
D,DISPATCH,UNIT_SCADA,1,"2022/10/20 12:15:00",DEVILS_G,10.591140
D,DISPATCH,UNIT_SCADA,1,"2022/10/20 12:15:00",DG_NSW1,0
D,DISPATCH,UNIT_SCADA,1,"2022/10/20 12:15:00",DG_QLD1,0
D,DISPATCH,UNIT_SCADA,1,"2022/10/20 12:15:00",DG_SA1,0
D,DISPATCH,UNIT_SCADA,1,"2022/10/20 12:15:00",DG_TAS1,0
D,DISPATCH,UNIT_SCADA,1,"2022/10/20 12:15:00",DG_VIC1,0
D,DISPATCH,UNIT_SCADA,1,"2022/10/20 12:15:00",DRYCGT1,0
D,DISPATCH,UNIT_SCADA,1,"2022/10/20 12:15:00",DRYCGT2,0
D,DISPATCH,UNIT_SCADA,1,"2022/10/20 12:15:00",DRYCGT3,0
D,DISPATCH,UNIT_SCADA,1,"2022/10/20 12:15:00",DUNDWF1,54.08
D,DISPATCH,UNIT_SCADA,1,"2022/10/20 12:15:00",DUNDWF2,18.15
D,DISPATCH,UNIT_SCADA,1,"2022/10/20 12:15:00",DUNDWF3,53.39
D,DISPATCH,UNIT_SCADA,1,"2022/10/20 12:15:00",EILDON1,60.12
D,DISPATCH,UNIT_SCADA,1,"2022/10/20 12:15:00",EILDON2,59.96
D,DISPATCH,UNIT_SCADA,1,"2022/10/20 12:15:00",ELAINWF1,30.48
D,DISPATCH,UNIT_SCADA,1,"2022/10/20 12:15:00",EMERASF1,0
D,DISPATCH,UNIT_SCADA,1,"2022/10/20 12:15:00",ER01,0
D,DISPATCH,UNIT_SCADA,1,"2022/10/20 12:15:00",ER02,310.514980
D,DISPATCH,UNIT_SCADA,1,"2022/10/20 12:15:00",ER03,410.296780
D,DISPATCH,UNIT_SCADA,1,"2022/10/20 12:15:00",ER04,409.710850
D,DISPATCH,UNIT_SCADA,1,"2022/10/20 12:15:00",FINLYSF1,65.641260
D,DISPATCH,UNIT_SCADA,1,"2022/10/20 12:15:00",FISHER,43.77
D,DISPATCH,UNIT_SCADA,1,"2022/10/20 12:15:00",GANGARR1,59.8910
D,DISPATCH,UNIT_SCADA,1,"2022/10/20 12:15:00",GANNBG1,0
D,DISPATCH,UNIT_SCADA,1,"2022/10/20 12:15:00",GANNBL1,0.163020
D,DISPATCH,UNIT_SCADA,1,"2022/10/20 12:15:00",GANNSF1,25.60
D,DISPATCH,UNIT_SCADA,1,"2022/10/20 12:15:00",GLRWNSF1,0
D,DISPATCH,UNIT_SCADA,1,"2022/10/20 12:15:00",GNNDHSF1,57.074620
D,DISPATCH,UNIT_SCADA,1,"2022/10/20 12:15:00",GOONSF1,15.411610
D,DISPATCH,UNIT_SCADA,1,"2022/10/20 12:15:00",GORDON,194.249940
D,DISPATCH,UNIT_SCADA,1,"2022/10/20 12:15:00",GRANWF1,0
D,DISPATCH,UNIT_SCADA,1,"2022/10/20 12:15:00",GSTONE1,203.70
D,DISPATCH,UNIT_SCADA,1,"2022/10/20 12:15:00",GSTONE2,0
D,DISPATCH,UNIT_SCADA,1,"2022/10/20 12:15:00",GSTONE3,200.20
D,DISPATCH,UNIT_SCADA,1,"2022/10/20 12:15:00",GSTONE4,0
D,DISPATCH,UNIT_SCADA,1,"2022/10/20 12:15:00",GSTONE5,202.474990
D,DISPATCH,UNIT_SCADA,1,"2022/10/20 12:15:00",GSTONE6,202.474990
D,DISPATCH,UNIT_SCADA,1,"2022/10/20 12:15:00",GULLRSF1,2.044970
D,DISPATCH,UNIT_SCADA,1,"2022/10/20 12:15:00",GULLRWF1,61.684060
D,DISPATCH,UNIT_SCADA,1,"2022/10/20 12:15:00",GULLRWF2,72.999160
D,DISPATCH,UNIT_SCADA,1,"2022/10/20 12:15:00",GUNNING1,0
D,DISPATCH,UNIT_SCADA,1,"2022/10/20 12:15:00",GUTHEGA,67.80
D,DISPATCH,UNIT_SCADA,1,"2022/10/20 12:15:00",HALLWF1,0
D,DISPATCH,UNIT_SCADA,1,"2022/10/20 12:15:00",HALLWF2,0
D,DISPATCH,UNIT_SCADA,1,"2022/10/20 12:15:00",HAMISF1,0
D,DISPATCH,UNIT_SCADA,1,"2022/10/20 12:15:00",HAUGHT11,6.055170
D,DISPATCH,UNIT_SCADA,1,"2022/10/20 12:15:00",HAYMSF1,0
D,DISPATCH,UNIT_SCADA,1,"2022/10/20 12:15:00",HDWF1,46.70
D,DISPATCH,UNIT_SCADA,1,"2022/10/20 12:15:00",HDWF2,63.80
D,DISPATCH,UNIT_SCADA,1,"2022/10/20 12:15:00",HDWF3,65.60
D,DISPATCH,UNIT_SCADA,1,"2022/10/20 12:15:00",HILLSTN1,48.850940
D,DISPATCH,UNIT_SCADA,1,"2022/10/20 12:15:00",HPRG1,12.30
D,DISPATCH,UNIT_SCADA,1,"2022/10/20 12:15:00",HPRL1,0
D,DISPATCH,UNIT_SCADA,1,"2022/10/20 12:15:00",HUMENSW,54.521370
D,DISPATCH,UNIT_SCADA,1,"2022/10/20 12:15:00",HUMEV,0
D,DISPATCH,UNIT_SCADA,1,"2022/10/20 12:15:00",HVWWBA1G,0
D,DISPATCH,UNIT_SCADA,1,"2022/10/20 12:15:00",HVWWBA1L,0.0070
D,DISPATCH,UNIT_SCADA,1,"2022/10/20 12:15:00",HVWWPV1,0.0870
D,DISPATCH,UNIT_SCADA,1,"2022/10/20 12:15:00",JBUTTERS,0
D,DISPATCH,UNIT_SCADA,1,"2022/10/20 12:15:00",JEMALNG1,1.21
D,DISPATCH,UNIT_SCADA,1,"2022/10/20 12:15:00",JLA01,0
D,DISPATCH,UNIT_SCADA,1,"2022/10/20 12:15:00",JLA02,0
D,DISPATCH,UNIT_SCADA,1,"2022/10/20 12:15:00",JLA03,0
D,DISPATCH,UNIT_SCADA,1,"2022/10/20 12:15:00",JLA04,0
D,DISPATCH,UNIT_SCADA,1,"2022/10/20 12:15:00",JLB01,0
D,DISPATCH,UNIT_SCADA,1,"2022/10/20 12:15:00",JLB02,0.10
D,DISPATCH,UNIT_SCADA,1,"2022/10/20 12:15:00",JLB03,0
D,DISPATCH,UNIT_SCADA,1,"2022/10/20 12:15:00",JUNEESF1,6.084860
D,DISPATCH,UNIT_SCADA,1,"2022/10/20 12:15:00",KABANWF1,0
D,DISPATCH,UNIT_SCADA,1,"2022/10/20 12:15:00",KAREEYA1,0
D,DISPATCH,UNIT_SCADA,1,"2022/10/20 12:15:00",KAREEYA2,0
D,DISPATCH,UNIT_SCADA,1,"2022/10/20 12:15:00",KAREEYA3,5.0025
D,DISPATCH,UNIT_SCADA,1,"2022/10/20 12:15:00",KAREEYA4,0
D,DISPATCH,UNIT_SCADA,1,"2022/10/20 12:15:00",KARSF1,35.60
D,DISPATCH,UNIT_SCADA,1,"2022/10/20 12:15:00",KEPSF1,11.98
D,DISPATCH,UNIT_SCADA,1,"2022/10/20 12:15:00",KEPWF1,7.64
D,DISPATCH,UNIT_SCADA,1,"2022/10/20 12:15:00",KIAMSF1,20.1915
D,DISPATCH,UNIT_SCADA,1,"2022/10/20 12:15:00",KIATAWF1,5.70
D,DISPATCH,UNIT_SCADA,1,"2022/10/20 12:15:00",KPP_1,0
D,DISPATCH,UNIT_SCADA,1,"2022/10/20 12:15:00",KSP1,18.36
D,DISPATCH,UNIT_SCADA,1,"2022/10/20 12:15:00",LADBROK1,0.01
D,DISPATCH,UNIT_SCADA,1,"2022/10/20 12:15:00",LADBROK2,0.01
D,DISPATCH,UNIT_SCADA,1,"2022/10/20 12:15:00",LBBG1,0
D,DISPATCH,UNIT_SCADA,1,"2022/10/20 12:15:00",LBBL1,2.85
D,DISPATCH,UNIT_SCADA,1,"2022/10/20 12:15:00",LD01,286.440610
D,DISPATCH,UNIT_SCADA,1,"2022/10/20 12:15:00",LD02,0
D,DISPATCH,UNIT_SCADA,1,"2022/10/20 12:15:00",LD04,283.016450
D,DISPATCH,UNIT_SCADA,1,"2022/10/20 12:15:00",LEM_WIL,47.018520
D,DISPATCH,UNIT_SCADA,1,"2022/10/20 12:15:00",LGAPWF1,30.76
D,DISPATCH,UNIT_SCADA,1,"2022/10/20 12:15:00",LGAPWF2,22.05
D,DISPATCH,UNIT_SCADA,1,"2022/10/20 12:15:00",LILYSF1,42.205180
D,DISPATCH,UNIT_SCADA,1,"2022/10/20 12:15:00",LIMOSF11,117.482720
D,DISPATCH,UNIT_SCADA,1,"2022/10/20 12:15:00",LIMOSF21,16.6287
D,DISPATCH,UNIT_SCADA,1,"2022/10/20 12:15:00",LI_WY_CA,55.560970
D,DISPATCH,UNIT_SCADA,1,"2022/10/20 12:15:00",LKBONNY1,0
D,DISPATCH,UNIT_SCADA,1,"2022/10/20 12:15:00",LKBONNY2,0
D,DISPATCH,UNIT_SCADA,1,"2022/10/20 12:15:00",LKBONNY3,0
D,DISPATCH,UNIT_SCADA,1,"2022/10/20 12:15:00",LK_ECHO,0
D,DISPATCH,UNIT_SCADA,1,"2022/10/20 12:15:00",LNGS1,0
D,DISPATCH,UNIT_SCADA,1,"2022/10/20 12:15:00",LNGS2,0
D,DISPATCH,UNIT_SCADA,1,"2022/10/20 12:15:00",LONSDALE,0
D,DISPATCH,UNIT_SCADA,1,"2022/10/20 12:15:00",LOYYB1,428.943020
D,DISPATCH,UNIT_SCADA,1,"2022/10/20 12:15:00",LOYYB2,460.898740
D,DISPATCH,UNIT_SCADA,1,"2022/10/20 12:15:00",LYA1,367
D,DISPATCH,UNIT_SCADA,1,"2022/10/20 12:15:00",LYA2,0
D,DISPATCH,UNIT_SCADA,1,"2022/10/20 12:15:00",LYA3,367
D,DISPATCH,UNIT_SCADA,1,"2022/10/20 12:15:00",LYA4,367
D,DISPATCH,UNIT_SCADA,1,"2022/10/20 12:15:00",MACARTH1,79.798160
D,DISPATCH,UNIT_SCADA,1,"2022/10/20 12:15:00",MACKNTSH,0
D,DISPATCH,UNIT_SCADA,1,"2022/10/20 12:15:00",MANSLR1,15.64
D,DISPATCH,UNIT_SCADA,1,"2022/10/20 12:15:00",MAPS2PV1,0
D,DISPATCH,UNIT_SCADA,1,"2022/10/20 12:15:00",MAPS3PV1,0
D,DISPATCH,UNIT_SCADA,1,"2022/10/20 12:15:00",MARYRSF1,19.28
D,DISPATCH,UNIT_SCADA,1,"2022/10/20 12:15:00",MBPS2PV1,0
D,DISPATCH,UNIT_SCADA,1,"2022/10/20 12:15:00",MCKAY1,0.02
D,DISPATCH,UNIT_SCADA,1,"2022/10/20 12:15:00",MEADOWBK,5.973220
D,DISPATCH,UNIT_SCADA,1,"2022/10/20 12:15:00",MERCER01,29.10
D,DISPATCH,UNIT_SCADA,1,"2022/10/20 12:15:00",METZSF1,23.076330
D,DISPATCH,UNIT_SCADA,1,"2022/10/20 12:15:00",MEWF1,9.017860
D,DISPATCH,UNIT_SCADA,1,"2022/10/20 12:15:00",MIDDLSF1,5.06
D,DISPATCH,UNIT_SCADA,1,"2022/10/20 12:15:00",MINTARO,0.128180
D,DISPATCH,UNIT_SCADA,1,"2022/10/20 12:15:00",MOLNGSF1,0.369880
D,DISPATCH,UNIT_SCADA,1,"2022/10/20 12:15:00",MOORAWF1,87.72
D,DISPATCH,UNIT_SCADA,1,"2022/10/20 12:15:00",MOREESF1,10.16
D,DISPATCH,UNIT_SCADA,1,"2022/10/20 12:15:00",MORTLK11,0
D,DISPATCH,UNIT_SCADA,1,"2022/10/20 12:15:00",MORTLK12,0
D,DISPATCH,UNIT_SCADA,1,"2022/10/20 12:15:00",MOUSF1,0
D,DISPATCH,UNIT_SCADA,1,"2022/10/20 12:15:00",MP1,0
D,DISPATCH,UNIT_SCADA,1,"2022/10/20 12:15:00",MP2,365.545140
D,DISPATCH,UNIT_SCADA,1,"2022/10/20 12:15:00",MPP_1,170.858380
D,DISPATCH,UNIT_SCADA,1,"2022/10/20 12:15:00",MPP_2,178.030260
D,DISPATCH,UNIT_SCADA,1,"2022/10/20 12:15:00",MRTLSWF1,0
D,DISPATCH,UNIT_SCADA,1,"2022/10/20 12:15:00",MSTUART1,0
D,DISPATCH,UNIT_SCADA,1,"2022/10/20 12:15:00",MSTUART2,0
D,DISPATCH,UNIT_SCADA,1,"2022/10/20 12:15:00",MSTUART3,0
D,DISPATCH,UNIT_SCADA,1,"2022/10/20 12:15:00",MTGELWF1,45.702990
D,DISPATCH,UNIT_SCADA,1,"2022/10/20 12:15:00",MTMILLAR,0.40
D,DISPATCH,UNIT_SCADA,1,"2022/10/20 12:15:00",MURRAY,0
D,DISPATCH,UNIT_SCADA,1,"2022/10/20 12:15:00",MUSSELR1,75.10
D,DISPATCH,UNIT_SCADA,1,"2022/10/20 12:15:00",MUWAWF1,56.79
D,DISPATCH,UNIT_SCADA,1,"2022/10/20 12:15:00",MUWAWF2,46.70
D,DISPATCH,UNIT_SCADA,1,"2022/10/20 12:15:00",MWPS1PV1,0.13
D,DISPATCH,UNIT_SCADA,1,"2022/10/20 12:15:00",MWPS2PV1,0
D,DISPATCH,UNIT_SCADA,1,"2022/10/20 12:15:00",MWPS3PV1,0.60
D,DISPATCH,UNIT_SCADA,1,"2022/10/20 12:15:00",MWPS4PV1,0.01
D,DISPATCH,UNIT_SCADA,1,"2022/10/20 12:15:00",NBHWF1,0
D,DISPATCH,UNIT_SCADA,1,"2022/10/20 12:15:00",NEVERSF1,89.85
D,DISPATCH,UNIT_SCADA,1,"2022/10/20 12:15:00",NPS,0
D,DISPATCH,UNIT_SCADA,1,"2022/10/20 12:15:00",NUMURSF1,93.15
D,DISPATCH,UNIT_SCADA,1,"2022/10/20 12:15:00",NYNGAN1,19
D,DISPATCH,UNIT_SCADA,1,"2022/10/20 12:15:00",OAKEY1,0
D,DISPATCH,UNIT_SCADA,1,"2022/10/20 12:15:00",OAKEY1SF,12.3780
D,DISPATCH,UNIT_SCADA,1,"2022/10/20 12:15:00",OAKEY2,0
D,DISPATCH,UNIT_SCADA,1,"2022/10/20 12:15:00",OAKEY2SF,24.12
D,DISPATCH,UNIT_SCADA,1,"2022/10/20 12:15:00",OAKLAND1,7.10
D,DISPATCH,UNIT_SCADA,1,"2022/10/20 12:15:00",OSB-AG,0
D,DISPATCH,UNIT_SCADA,1,"2022/10/20 12:15:00",PAREPS1,0.0660
D,DISPATCH,UNIT_SCADA,1,"2022/10/20 12:15:00",PAREPW1,69.12
D,DISPATCH,UNIT_SCADA,1,"2022/10/20 12:15:00",PARSF1,7.100020
D,DISPATCH,UNIT_SCADA,1,"2022/10/20 12:15:00",POAT110,0
D,DISPATCH,UNIT_SCADA,1,"2022/10/20 12:15:00",POAT220,0
D,DISPATCH,UNIT_SCADA,1,"2022/10/20 12:15:00",POR01,0
D,DISPATCH,UNIT_SCADA,1,"2022/10/20 12:15:00",POR03,0
D,DISPATCH,UNIT_SCADA,1,"2022/10/20 12:15:00",PPCCGT,0
D,DISPATCH,UNIT_SCADA,1,"2022/10/20 12:15:00",PTSTAN1,0
D,DISPATCH,UNIT_SCADA,1,"2022/10/20 12:15:00",PUMP1,0
D,DISPATCH,UNIT_SCADA,1,"2022/10/20 12:15:00",PUMP2,0
D,DISPATCH,UNIT_SCADA,1,"2022/10/20 12:15:00",QBYNBG1,0.819490
D,DISPATCH,UNIT_SCADA,1,"2022/10/20 12:15:00",QBYNBL1,0
D,DISPATCH,UNIT_SCADA,1,"2022/10/20 12:15:00",QPS1,0
D,DISPATCH,UNIT_SCADA,1,"2022/10/20 12:15:00",QPS2,0
D,DISPATCH,UNIT_SCADA,1,"2022/10/20 12:15:00",QPS3,0
D,DISPATCH,UNIT_SCADA,1,"2022/10/20 12:15:00",QPS4,0
D,DISPATCH,UNIT_SCADA,1,"2022/10/20 12:15:00",QPS5,78.63
D,DISPATCH,UNIT_SCADA,1,"2022/10/20 12:15:00",REECE1,0
D,DISPATCH,UNIT_SCADA,1,"2022/10/20 12:15:00",REECE2,0
D,DISPATCH,UNIT_SCADA,1,"2022/10/20 12:15:00",ROMA_7,0
D,DISPATCH,UNIT_SCADA,1,"2022/10/20 12:15:00",ROMA_8,0
D,DISPATCH,UNIT_SCADA,1,"2022/10/20 12:15:00",RRSF1,28.661480
D,DISPATCH,UNIT_SCADA,1,"2022/10/20 12:15:00",RT_NSW1,0
D,DISPATCH,UNIT_SCADA,1,"2022/10/20 12:15:00",RT_NSW2,0
D,DISPATCH,UNIT_SCADA,1,"2022/10/20 12:15:00",RT_NSW3,0
D,DISPATCH,UNIT_SCADA,1,"2022/10/20 12:15:00",RT_NSW4,0
D,DISPATCH,UNIT_SCADA,1,"2022/10/20 12:15:00",RT_NSW5,0
D,DISPATCH,UNIT_SCADA,1,"2022/10/20 12:15:00",RT_NSW6,0
D,DISPATCH,UNIT_SCADA,1,"2022/10/20 12:15:00",RT_QLD1,0
D,DISPATCH,UNIT_SCADA,1,"2022/10/20 12:15:00",RT_SA1,0
D,DISPATCH,UNIT_SCADA,1,"2022/10/20 12:15:00",RT_SA2,0
D,DISPATCH,UNIT_SCADA,1,"2022/10/20 12:15:00",RT_SA3,0
D,DISPATCH,UNIT_SCADA,1,"2022/10/20 12:15:00",RT_SA4,0
D,DISPATCH,UNIT_SCADA,1,"2022/10/20 12:15:00",RT_SA5,0
D,DISPATCH,UNIT_SCADA,1,"2022/10/20 12:15:00",RT_SA6,0
D,DISPATCH,UNIT_SCADA,1,"2022/10/20 12:15:00",RT_TAS1,0
D,DISPATCH,UNIT_SCADA,1,"2022/10/20 12:15:00",RT_VIC1,0
D,DISPATCH,UNIT_SCADA,1,"2022/10/20 12:15:00",RT_VIC10,0
D,DISPATCH,UNIT_SCADA,1,"2022/10/20 12:15:00",RT_VIC11,0
D,DISPATCH,UNIT_SCADA,1,"2022/10/20 12:15:00",RT_VIC12,0
D,DISPATCH,UNIT_SCADA,1,"2022/10/20 12:15:00",RT_VIC2,0
D,DISPATCH,UNIT_SCADA,1,"2022/10/20 12:15:00",RT_VIC3,0
D,DISPATCH,UNIT_SCADA,1,"2022/10/20 12:15:00",RT_VIC4,0
D,DISPATCH,UNIT_SCADA,1,"2022/10/20 12:15:00",RT_VIC5,0
D,DISPATCH,UNIT_SCADA,1,"2022/10/20 12:15:00",RT_VIC6,0
D,DISPATCH,UNIT_SCADA,1,"2022/10/20 12:15:00",RT_VIC7,0
D,DISPATCH,UNIT_SCADA,1,"2022/10/20 12:15:00",RT_VIC8,0
D,DISPATCH,UNIT_SCADA,1,"2022/10/20 12:15:00",RT_VIC9,0
D,DISPATCH,UNIT_SCADA,1,"2022/10/20 12:15:00",RUGBYR1,47.208450
D,DISPATCH,UNIT_SCADA,1,"2022/10/20 12:15:00",SALTCRK1,18.75
D,DISPATCH,UNIT_SCADA,1,"2022/10/20 12:15:00",SAPHWF1,23.3875
D,DISPATCH,UNIT_SCADA,1,"2022/10/20 12:15:00",SEBSF1,16.894450
D,DISPATCH,UNIT_SCADA,1,"2022/10/20 12:15:00",SHGEN,0
D,DISPATCH,UNIT_SCADA,1,"2022/10/20 12:15:00",SHPUMP,0
D,DISPATCH,UNIT_SCADA,1,"2022/10/20 12:15:00",SITHE01,0.143810
D,DISPATCH,UNIT_SCADA,1,"2022/10/20 12:15:00",SMCSF1,35.8480
D,DISPATCH,UNIT_SCADA,1,"2022/10/20 12:15:00",SNAPPER1,0
D,DISPATCH,UNIT_SCADA,1,"2022/10/20 12:15:00",SNOWNTH1,51.40
D,DISPATCH,UNIT_SCADA,1,"2022/10/20 12:15:00",SNOWSTH1,31.20
D,DISPATCH,UNIT_SCADA,1,"2022/10/20 12:15:00",SNOWTWN1,0
D,DISPATCH,UNIT_SCADA,1,"2022/10/20 12:15:00",SNOWYP,0
D,DISPATCH,UNIT_SCADA,1,"2022/10/20 12:15:00",SNUG1,0
D,DISPATCH,UNIT_SCADA,1,"2022/10/20 12:15:00",SRSF1,22.14
D,DISPATCH,UNIT_SCADA,1,"2022/10/20 12:15:00",STAN-1,279.863860
D,DISPATCH,UNIT_SCADA,1,"2022/10/20 12:15:00",STAN-2,349.759310
D,DISPATCH,UNIT_SCADA,1,"2022/10/20 12:15:00",STAN-3,159.5816
D,DISPATCH,UNIT_SCADA,1,"2022/10/20 12:15:00",STAN-4,352.861210
D,DISPATCH,UNIT_SCADA,1,"2022/10/20 12:15:00",STARHLWF,0.01
D,DISPATCH,UNIT_SCADA,1,"2022/10/20 12:15:00",STOCKYD1,78.55
D,DISPATCH,UNIT_SCADA,1,"2022/10/20 12:15:00",STWF1,0
D,DISPATCH,UNIT_SCADA,1,"2022/10/20 12:15:00",SUNRSF1,78.374920
D,DISPATCH,UNIT_SCADA,1,"2022/10/20 12:15:00",SUNTPSF1,96.845350
D,DISPATCH,UNIT_SCADA,1,"2022/10/20 12:15:00",SWAN_E,225.91
D,DISPATCH,UNIT_SCADA,1,"2022/10/20 12:15:00",TALWA1,0
D,DISPATCH,UNIT_SCADA,1,"2022/10/20 12:15:00",TARALGA1,0
D,DISPATCH,UNIT_SCADA,1,"2022/10/20 12:15:00",TARONG#1,349.399990
D,DISPATCH,UNIT_SCADA,1,"2022/10/20 12:15:00",TARONG#2,350.300020
D,DISPATCH,UNIT_SCADA,1,"2022/10/20 12:15:00",TARONG#3,0.90
D,DISPATCH,UNIT_SCADA,1,"2022/10/20 12:15:00",TARONG#4,248.20
D,DISPATCH,UNIT_SCADA,1,"2022/10/20 12:15:00",TARRALEA,54
D,DISPATCH,UNIT_SCADA,1,"2022/10/20 12:15:00",TBSF1,0.10
D,DISPATCH,UNIT_SCADA,1,"2022/10/20 12:15:00",TNPS1,370.75
D,DISPATCH,UNIT_SCADA,1,"2022/10/20 12:15:00",TORRB1,0
D,DISPATCH,UNIT_SCADA,1,"2022/10/20 12:15:00",TORRB2,44
D,DISPATCH,UNIT_SCADA,1,"2022/10/20 12:15:00",TORRB3,0
D,DISPATCH,UNIT_SCADA,1,"2022/10/20 12:15:00",TORRB4,0
D,DISPATCH,UNIT_SCADA,1,"2022/10/20 12:15:00",TREVALLN,99.167180
D,DISPATCH,UNIT_SCADA,1,"2022/10/20 12:15:00",TRIBUTE,0
D,DISPATCH,UNIT_SCADA,1,"2022/10/20 12:15:00",TUMUT3,0
D,DISPATCH,UNIT_SCADA,1,"2022/10/20 12:15:00",TUNGATIN,8.750020
D,DISPATCH,UNIT_SCADA,1,"2022/10/20 12:15:00",TVCC201,0
D,DISPATCH,UNIT_SCADA,1,"2022/10/20 12:15:00",TVPP104,0
D,DISPATCH,UNIT_SCADA,1,"2022/10/20 12:15:00",UPPTUMUT,109.3088
D,DISPATCH,UNIT_SCADA,1,"2022/10/20 12:15:00",URANQ11,0
D,DISPATCH,UNIT_SCADA,1,"2022/10/20 12:15:00",URANQ12,0
D,DISPATCH,UNIT_SCADA,1,"2022/10/20 12:15:00",URANQ13,0
D,DISPATCH,UNIT_SCADA,1,"2022/10/20 12:15:00",URANQ14,0
D,DISPATCH,UNIT_SCADA,1,"2022/10/20 12:15:00",VBBG1,0
D,DISPATCH,UNIT_SCADA,1,"2022/10/20 12:15:00",VBBL1,84.30
D,DISPATCH,UNIT_SCADA,1,"2022/10/20 12:15:00",VP5,500.991850
D,DISPATCH,UNIT_SCADA,1,"2022/10/20 12:15:00",VP6,498.306210
D,DISPATCH,UNIT_SCADA,1,"2022/10/20 12:15:00",VPGS1,0
D,DISPATCH,UNIT_SCADA,1,"2022/10/20 12:15:00",VPGS2,0
D,DISPATCH,UNIT_SCADA,1,"2022/10/20 12:15:00",VPGS3,0
D,DISPATCH,UNIT_SCADA,1,"2022/10/20 12:15:00",VPGS4,0
D,DISPATCH,UNIT_SCADA,1,"2022/10/20 12:15:00",VPGS5,0
D,DISPATCH,UNIT_SCADA,1,"2022/10/20 12:15:00",VPGS6,0
D,DISPATCH,UNIT_SCADA,1,"2022/10/20 12:15:00",W/HOE#1,0
D,DISPATCH,UNIT_SCADA,1,"2022/10/20 12:15:00",W/HOE#2,0
D,DISPATCH,UNIT_SCADA,1,"2022/10/20 12:15:00",WAGGNSF1,0
D,DISPATCH,UNIT_SCADA,1,"2022/10/20 12:15:00",WALGRVG1,0.000930
D,DISPATCH,UNIT_SCADA,1,"2022/10/20 12:15:00",WALGRVL1,0
D,DISPATCH,UNIT_SCADA,1,"2022/10/20 12:15:00",WANDBG1,1.362310
D,DISPATCH,UNIT_SCADA,1,"2022/10/20 12:15:00",WANDBL1,0
D,DISPATCH,UNIT_SCADA,1,"2022/10/20 12:15:00",WARWSF1,11.24
D,DISPATCH,UNIT_SCADA,1,"2022/10/20 12:15:00",WARWSF2,9.98
D,DISPATCH,UNIT_SCADA,1,"2022/10/20 12:15:00",WATERLWF,42.30
D,DISPATCH,UNIT_SCADA,1,"2022/10/20 12:15:00",WDGPH1,124.448010
D,DISPATCH,UNIT_SCADA,1,"2022/10/20 12:15:00",WELLSF1,110.8629
D,DISPATCH,UNIT_SCADA,1,"2022/10/20 12:15:00",WEMENSF1,40.90
D,DISPATCH,UNIT_SCADA,1,"2022/10/20 12:15:00",WGWF1,34.60
D,DISPATCH,UNIT_SCADA,1,"2022/10/20 12:15:00",WHITSF1,0
D,DISPATCH,UNIT_SCADA,1,"2022/10/20 12:15:00",WINTSF1,83.45
D,DISPATCH,UNIT_SCADA,1,"2022/10/20 12:15:00",WKIEWA1,32.30
D,DISPATCH,UNIT_SCADA,1,"2022/10/20 12:15:00",WKIEWA2,14.20
D,DISPATCH,UNIT_SCADA,1,"2022/10/20 12:15:00",WOODLWN1,17.6531
D,DISPATCH,UNIT_SCADA,1,"2022/10/20 12:15:00",WOOLGSF1,8.412160
D,DISPATCH,UNIT_SCADA,1,"2022/10/20 12:15:00",WPWF,0
D,DISPATCH,UNIT_SCADA,1,"2022/10/20 12:15:00",WRSF1,3.599960
D,DISPATCH,UNIT_SCADA,1,"2022/10/20 12:15:00",WRWF1,0.426030
D,DISPATCH,UNIT_SCADA,1,"2022/10/20 12:15:00",WSTWYSF1,0.055130
D,DISPATCH,UNIT_SCADA,1,"2022/10/20 12:15:00",YABULU,0
D,DISPATCH,UNIT_SCADA,1,"2022/10/20 12:15:00",YABULU2,0
D,DISPATCH,UNIT_SCADA,1,"2022/10/20 12:15:00",YARANSF1,72.92
D,DISPATCH,UNIT_SCADA,1,"2022/10/20 12:15:00",YARWUN_1,161.97
D,DISPATCH,UNIT_SCADA,1,"2022/10/20 12:15:00",YATSF1,39.98
D,DISPATCH,UNIT_SCADA,1,"2022/10/20 12:15:00",YENDWF1,51.90
D,DISPATCH,UNIT_SCADA,1,"2022/10/20 12:15:00",YWPS1,253.379750
D,DISPATCH,UNIT_SCADA,1,"2022/10/20 12:15:00",YWPS2,253.129120
D,DISPATCH,UNIT_SCADA,1,"2022/10/20 12:15:00",YWPS3,283.737980
D,DISPATCH,UNIT_SCADA,1,"2022/10/20 12:15:00",YWPS4,0
C,"END OF REPORT",419
