C,NEMP.WORLD,DISPATCHSCADA,AEMO,PUBLIC,2022/10/20,06:15:10,0000000373234151,DISPATCHSCADA,0000000373234145
I,DISPATCH,UNIT_SCADA,1,SETTLEMENTDATE,DUID,SCADAVALUE
D,DISPATCH,UNIT_SCADA,1,"2022/10/20 06:20:00",BARCSF1,0.40
D,DISPATCH,UNIT_SCADA,1,"2022/10/20 06:20:00",BUTLERSG,8.699999
D,DISPATCH,UNIT_SCADA,1,"2022/10/20 06:20:00",CAPTL_WF,36.895096
D,DISPATCH,UNIT_SCADA,1,"2022/10/20 06:20:00",CHALLHWF,19.10
D,DISPATCH,UNIT_SCADA,1,"2022/10/20 06:20:00",CLOVER,13.14
D,DISPATCH,UNIT_SCADA,1,"2022/10/20 06:20:00",CLUNY,6.252689
D,DISPATCH,UNIT_SCADA,1,"2022/10/20 06:20:00",CULLRGWF,-0.03
D,DISPATCH,UNIT_SCADA,1,"2022/10/20 06:20:00",DIAPURWF1,7.30
D,DISPATCH,UNIT_SCADA,1,"2022/10/20 06:20:00",ERGT01,0
D,DISPATCH,UNIT_SCADA,1,"2022/10/20 06:20:00",GB01,0
D,DISPATCH,UNIT_SCADA,1,"2022/10/20 06:20:00",GERMCRK,22.799999
D,DISPATCH,UNIT_SCADA,1,"2022/10/20 06:20:00",GRIFSF1,0.700389
D,DISPATCH,UNIT_SCADA,1,"2022/10/20 06:20:00",HEZ1,0
D,DISPATCH,UNIT_SCADA,1,"2022/10/20 06:20:00",HUGSF1,0.0280
D,DISPATCH,UNIT_SCADA,1,"2022/10/20 06:20:00",KEPBG1,0.01
D,DISPATCH,UNIT_SCADA,1,"2022/10/20 06:20:00",LRSF1,0.3290
D,DISPATCH,UNIT_SCADA,1,"2022/10/20 06:20:00",MBAHNTH,47.868759
D,DISPATCH,UNIT_SCADA,1,"2022/10/20 06:20:00",MLSP1,1.313001
D,DISPATCH,UNIT_SCADA,1,"2022/10/20 06:20:00",MLWF1,1.08
D,DISPATCH,UNIT_SCADA,1,"2022/10/20 06:20:00",PALOONA,30.199999
D,DISPATCH,UNIT_SCADA,1,"2022/10/20 06:20:00",PIONEER,44.50
D,DISPATCH,UNIT_SCADA,1,"2022/10/20 06:20:00",PORTWF,39.200001
D,DISPATCH,UNIT_SCADA,1,"2022/10/20 06:20:00",REPULSE,9.473412
D,DISPATCH,UNIT_SCADA,1,"2022/10/20 06:20:00",ROWALLAN,8.9318
D,DISPATCH,UNIT_SCADA,1,"2022/10/20 06:20:00",ROYALLA1,1.572003
D,DISPATCH,UNIT_SCADA,1,"2022/10/20 06:20:00",RPCG,-1.20
D,DISPATCH,UNIT_SCADA,1,"2022/10/20 06:20:00",RUBICON,0
D,DISPATCH,UNIT_SCADA,1,"2022/10/20 06:20:00",WAUBRAWF,69.953003
D,DISPATCH,UNIT_SCADA,1,"2022/10/20 06:20:00",WOOLNTH1,27.26
D,DISPATCH,UNIT_SCADA,1,"2022/10/20 06:20:00",YAMBUKWF,5.80
D,DISPATCH,UNIT_SCADA,1,"2022/10/20 06:20:00",YSWF1,0.90
D,DISPATCH,UNIT_SCADA,1,"2022/10/20 06:20:00",ADPBA1G,0.0080
D,DISPATCH,UNIT_SCADA,1,"2022/10/20 06:20:00",ADPBA1L,0
D,DISPATCH,UNIT_SCADA,1,"2022/10/20 06:20:00",ADPPV1,0.5030
D,DISPATCH,UNIT_SCADA,1,"2022/10/20 06:20:00",AGLHAL,0
D,DISPATCH,UNIT_SCADA,1,"2022/10/20 06:20:00",AGLSOM,0
D,DISPATCH,UNIT_SCADA,1,"2022/10/20 06:20:00",ANGAST1,0
D,DISPATCH,UNIT_SCADA,1,"2022/10/20 06:20:00",ARWF1,6
D,DISPATCH,UNIT_SCADA,1,"2022/10/20 06:20:00",BALBG1,0
D,DISPATCH,UNIT_SCADA,1,"2022/10/20 06:20:00",BALBL1,0
D,DISPATCH,UNIT_SCADA,1,"2022/10/20 06:20:00",BALDHWF1,0.6260
D,DISPATCH,UNIT_SCADA,1,"2022/10/20 06:20:00",BANGOWF1,64.397960
D,DISPATCH,UNIT_SCADA,1,"2022/10/20 06:20:00",BANGOWF2,65.798970
D,DISPATCH,UNIT_SCADA,1,"2022/10/20 06:20:00",BANN1,1.16
D,DISPATCH,UNIT_SCADA,1,"2022/10/20 06:20:00",BARCALDN,0
D,DISPATCH,UNIT_SCADA,1,"2022/10/20 06:20:00",BARKIPS1,0
D,DISPATCH,UNIT_SCADA,1,"2022/10/20 06:20:00",BARRON-1,28.04
D,DISPATCH,UNIT_SCADA,1,"2022/10/20 06:20:00",BARRON-2,0
D,DISPATCH,UNIT_SCADA,1,"2022/10/20 06:20:00",BASTYAN,69.55
D,DISPATCH,UNIT_SCADA,1,"2022/10/20 06:20:00",BBTHREE1,-1
D,DISPATCH,UNIT_SCADA,1,"2022/10/20 06:20:00",BBTHREE2,0
D,DISPATCH,UNIT_SCADA,1,"2022/10/20 06:20:00",BBTHREE3,0
D,DISPATCH,UNIT_SCADA,1,"2022/10/20 06:20:00",BDL01,0
D,DISPATCH,UNIT_SCADA,1,"2022/10/20 06:20:00",BDL02,0
D,DISPATCH,UNIT_SCADA,1,"2022/10/20 06:20:00",BERYLSF1,0.912020
D,DISPATCH,UNIT_SCADA,1,"2022/10/20 06:20:00",BLOWERNG,62.60
D,DISPATCH,UNIT_SCADA,1,"2022/10/20 06:20:00",BLUEGSF1,3.446910
D,DISPATCH,UNIT_SCADA,1,"2022/10/20 06:20:00",BLUFF1,3.40
D,DISPATCH,UNIT_SCADA,1,"2022/10/20 06:20:00",BNGSF1,0.22
D,DISPATCH,UNIT_SCADA,1,"2022/10/20 06:20:00",BNGSF2,0.25
D,DISPATCH,UNIT_SCADA,1,"2022/10/20 06:20:00",BOCORWF1,0
D,DISPATCH,UNIT_SCADA,1,"2022/10/20 06:20:00",BODWF1,104.540210
D,DISPATCH,UNIT_SCADA,1,"2022/10/20 06:20:00",BOMENSF1,25.970250
D,DISPATCH,UNIT_SCADA,1,"2022/10/20 06:20:00",BOWWBA1G,0
D,DISPATCH,UNIT_SCADA,1,"2022/10/20 06:20:00",BOWWBA1L,0.0040
D,DISPATCH,UNIT_SCADA,1,"2022/10/20 06:20:00",BOWWPV1,0
D,DISPATCH,UNIT_SCADA,1,"2022/10/20 06:20:00",BRAEMAR1,0
D,DISPATCH,UNIT_SCADA,1,"2022/10/20 06:20:00",BRAEMAR2,0
D,DISPATCH,UNIT_SCADA,1,"2022/10/20 06:20:00",BRAEMAR3,0
D,DISPATCH,UNIT_SCADA,1,"2022/10/20 06:20:00",BRAEMAR5,0.292060
D,DISPATCH,UNIT_SCADA,1,"2022/10/20 06:20:00",BRAEMAR6,0
D,DISPATCH,UNIT_SCADA,1,"2022/10/20 06:20:00",BRAEMAR7,0.130920
D,DISPATCH,UNIT_SCADA,1,"2022/10/20 06:20:00",BROKENH1,0
D,DISPATCH,UNIT_SCADA,1,"2022/10/20 06:20:00",BRYB1WF1,83.476010
D,DISPATCH,UNIT_SCADA,1,"2022/10/20 06:20:00",BULBESG1,0
D,DISPATCH,UNIT_SCADA,1,"2022/10/20 06:20:00",BULBESL1,0.03
D,DISPATCH,UNIT_SCADA,1,"2022/10/20 06:20:00",BULGANA1,59.13
D,DISPATCH,UNIT_SCADA,1,"2022/10/20 06:20:00",BW01,623.9231
D,DISPATCH,UNIT_SCADA,1,"2022/10/20 06:20:00",BW02,620.334170
D,DISPATCH,UNIT_SCADA,1,"2022/10/20 06:20:00",BW03,548.946350
D,DISPATCH,UNIT_SCADA,1,"2022/10/20 06:20:00",BW04,0
D,DISPATCH,UNIT_SCADA,1,"2022/10/20 06:20:00",CALL_B_1,319.50
D,DISPATCH,UNIT_SCADA,1,"2022/10/20 06:20:00",CALL_B_2,319.50
D,DISPATCH,UNIT_SCADA,1,"2022/10/20 06:20:00",CATHROCK,7.40
D,DISPATCH,UNIT_SCADA,1,"2022/10/20 06:20:00",CBWWBA1G,0
D,DISPATCH,UNIT_SCADA,1,"2022/10/20 06:20:00",CBWWBA1L,0
D,DISPATCH,UNIT_SCADA,1,"2022/10/20 06:20:00",CETHANA,97.525880
D,DISPATCH,UNIT_SCADA,1,"2022/10/20 06:20:00",CG1,0
D,DISPATCH,UNIT_SCADA,1,"2022/10/20 06:20:00",CG2,0
D,DISPATCH,UNIT_SCADA,1,"2022/10/20 06:20:00",CG3,0
D,DISPATCH,UNIT_SCADA,1,"2022/10/20 06:20:00",CG4,0
D,DISPATCH,UNIT_SCADA,1,"2022/10/20 06:20:00",CHILDSF1,0.44
D,DISPATCH,UNIT_SCADA,1,"2022/10/20 06:20:00",CHYTWF1,6.53
D,DISPATCH,UNIT_SCADA,1,"2022/10/20 06:20:00",CLARESF1,0
D,DISPATCH,UNIT_SCADA,1,"2022/10/20 06:20:00",CLEMGPWF,4.033960
D,DISPATCH,UNIT_SCADA,1,"2022/10/20 06:20:00",CLERMSF1,0
D,DISPATCH,UNIT_SCADA,1,"2022/10/20 06:20:00",CNUNDAWF,15.718340
D,DISPATCH,UNIT_SCADA,1,"2022/10/20 06:20:00",COHUNSF1,0.55
D,DISPATCH,UNIT_SCADA,1,"2022/10/20 06:20:00",COLEASF1,3.800640
D,DISPATCH,UNIT_SCADA,1,"2022/10/20 06:20:00",COLUMSF1,1.8520
D,DISPATCH,UNIT_SCADA,1,"2022/10/20 06:20:00",COLWF01,98.808270
D,DISPATCH,UNIT_SCADA,1,"2022/10/20 06:20:00",COOPGWF1,369.980010
D,DISPATCH,UNIT_SCADA,1,"2022/10/20 06:20:00",CPP_3,359.425020
D,DISPATCH,UNIT_SCADA,1,"2022/10/20 06:20:00",CPP_4,0
D,DISPATCH,UNIT_SCADA,1,"2022/10/20 06:20:00",CPSA,0
D,DISPATCH,UNIT_SCADA,1,"2022/10/20 06:20:00",CROOKWF2,36.8542
D,DISPATCH,UNIT_SCADA,1,"2022/10/20 06:20:00",CROWLWF1,42.5001
D,DISPATCH,UNIT_SCADA,1,"2022/10/20 06:20:00",CRURWF1,85.296330
D,DISPATCH,UNIT_SCADA,1,"2022/10/20 06:20:00",CRWASF1,7.262720
D,DISPATCH,UNIT_SCADA,1,"2022/10/20 06:20:00",CSPVPS1,1.6110
D,DISPATCH,UNIT_SCADA,1,"2022/10/20 06:20:00",CTHLWF1,0.003050
D,DISPATCH,UNIT_SCADA,1,"2022/10/20 06:20:00",DALNTH01,0
D,DISPATCH,UNIT_SCADA,1,"2022/10/20 06:20:00",DALNTHL1,6.028830
D,DISPATCH,UNIT_SCADA,1,"2022/10/20 06:20:00",DARLSF1,8.340030
D,DISPATCH,UNIT_SCADA,1,"2022/10/20 06:20:00",DARTM1,0
D,DISPATCH,UNIT_SCADA,1,"2022/10/20 06:20:00",DAYDSF1,3.8970
D,DISPATCH,UNIT_SCADA,1,"2022/10/20 06:20:00",DDPS1,0
D,DISPATCH,UNIT_SCADA,1,"2022/10/20 06:20:00",DDSF1,0.467140
D,DISPATCH,UNIT_SCADA,1,"2022/10/20 06:20:00",DEVILS_G,59.662460
D,DISPATCH,UNIT_SCADA,1,"2022/10/20 06:20:00",DG_NSW1,0
D,DISPATCH,UNIT_SCADA,1,"2022/10/20 06:20:00",DG_QLD1,0
D,DISPATCH,UNIT_SCADA,1,"2022/10/20 06:20:00",DG_SA1,0
D,DISPATCH,UNIT_SCADA,1,"2022/10/20 06:20:00",DG_TAS1,0
D,DISPATCH,UNIT_SCADA,1,"2022/10/20 06:20:00",DG_VIC1,0
D,DISPATCH,UNIT_SCADA,1,"2022/10/20 06:20:00",DRYCGT1,0
D,DISPATCH,UNIT_SCADA,1,"2022/10/20 06:20:00",DRYCGT2,0
D,DISPATCH,UNIT_SCADA,1,"2022/10/20 06:20:00",DRYCGT3,0
D,DISPATCH,UNIT_SCADA,1,"2022/10/20 06:20:00",DUNDWF1,57.86
D,DISPATCH,UNIT_SCADA,1,"2022/10/20 06:20:00",DUNDWF2,16.95
D,DISPATCH,UNIT_SCADA,1,"2022/10/20 06:20:00",DUNDWF3,29.42
D,DISPATCH,UNIT_SCADA,1,"2022/10/20 06:20:00",EILDON1,59.96
D,DISPATCH,UNIT_SCADA,1,"2022/10/20 06:20:00",EILDON2,59.88
D,DISPATCH,UNIT_SCADA,1,"2022/10/20 06:20:00",ELAINWF1,21.59
D,DISPATCH,UNIT_SCADA,1,"2022/10/20 06:20:00",EMERASF1,0
D,DISPATCH,UNIT_SCADA,1,"2022/10/20 06:20:00",ER01,0
D,DISPATCH,UNIT_SCADA,1,"2022/10/20 06:20:00",ER02,678.88
D,DISPATCH,UNIT_SCADA,1,"2022/10/20 06:20:00",ER03,677.781310
D,DISPATCH,UNIT_SCADA,1,"2022/10/20 06:20:00",ER04,688.157470
D,DISPATCH,UNIT_SCADA,1,"2022/10/20 06:20:00",FINLYSF1,26.449990
D,DISPATCH,UNIT_SCADA,1,"2022/10/20 06:20:00",FISHER,45.80
D,DISPATCH,UNIT_SCADA,1,"2022/10/20 06:20:00",GANGARR1,3.4080
D,DISPATCH,UNIT_SCADA,1,"2022/10/20 06:20:00",GANNBG1,14.863560
D,DISPATCH,UNIT_SCADA,1,"2022/10/20 06:20:00",GANNBL1,0
D,DISPATCH,UNIT_SCADA,1,"2022/10/20 06:20:00",GANNSF1,3
D,DISPATCH,UNIT_SCADA,1,"2022/10/20 06:20:00",GLRWNSF1,21.41
D,DISPATCH,UNIT_SCADA,1,"2022/10/20 06:20:00",GNNDHSF1,5.541540
D,DISPATCH,UNIT_SCADA,1,"2022/10/20 06:20:00",GOONSF1,0.853280
D,DISPATCH,UNIT_SCADA,1,"2022/10/20 06:20:00",GORDON,262.345030
D,DISPATCH,UNIT_SCADA,1,"2022/10/20 06:20:00",GRANWF1,13.05
D,DISPATCH,UNIT_SCADA,1,"2022/10/20 06:20:00",GSTONE1,199.849990
D,DISPATCH,UNIT_SCADA,1,"2022/10/20 06:20:00",GSTONE2,0
D,DISPATCH,UNIT_SCADA,1,"2022/10/20 06:20:00",GSTONE3,199.849990
D,DISPATCH,UNIT_SCADA,1,"2022/10/20 06:20:00",GSTONE4,0
D,DISPATCH,UNIT_SCADA,1,"2022/10/20 06:20:00",GSTONE5,200.024990
D,DISPATCH,UNIT_SCADA,1,"2022/10/20 06:20:00",GSTONE6,201.25
D,DISPATCH,UNIT_SCADA,1,"2022/10/20 06:20:00",GULLRSF1,0
D,DISPATCH,UNIT_SCADA,1,"2022/10/20 06:20:00",GULLRWF1,76.493840
D,DISPATCH,UNIT_SCADA,1,"2022/10/20 06:20:00",GULLRWF2,106.5026
D,DISPATCH,UNIT_SCADA,1,"2022/10/20 06:20:00",GUNNING1,0
D,DISPATCH,UNIT_SCADA,1,"2022/10/20 06:20:00",GUTHEGA,67.40
D,DISPATCH,UNIT_SCADA,1,"2022/10/20 06:20:00",HALLWF1,71.43
D,DISPATCH,UNIT_SCADA,1,"2022/10/20 06:20:00",HALLWF2,50.59
D,DISPATCH,UNIT_SCADA,1,"2022/10/20 06:20:00",HAMISF1,0
D,DISPATCH,UNIT_SCADA,1,"2022/10/20 06:20:00",HAUGHT11,3.730180
D,DISPATCH,UNIT_SCADA,1,"2022/10/20 06:20:00",HAYMSF1,0
D,DISPATCH,UNIT_SCADA,1,"2022/10/20 06:20:00",HDWF1,39.10
D,DISPATCH,UNIT_SCADA,1,"2022/10/20 06:20:00",HDWF2,21.80
D,DISPATCH,UNIT_SCADA,1,"2022/10/20 06:20:00",HDWF3,23.90
D,DISPATCH,UNIT_SCADA,1,"2022/10/20 06:20:00",HILLSTN1,0.934850
D,DISPATCH,UNIT_SCADA,1,"2022/10/20 06:20:00",HPRG1,0
D,DISPATCH,UNIT_SCADA,1,"2022/10/20 06:20:00",HPRL1,0.20
D,DISPATCH,UNIT_SCADA,1,"2022/10/20 06:20:00",HUMENSW,54.404470
D,DISPATCH,UNIT_SCADA,1,"2022/10/20 06:20:00",HUMEV,0
D,DISPATCH,UNIT_SCADA,1,"2022/10/20 06:20:00",HVWWBA1G,0
D,DISPATCH,UNIT_SCADA,1,"2022/10/20 06:20:00",HVWWBA1L,0.0070
D,DISPATCH,UNIT_SCADA,1,"2022/10/20 06:20:00",HVWWPV1,0.3260
D,DISPATCH,UNIT_SCADA,1,"2022/10/20 06:20:00",JBUTTERS,0
D,DISPATCH,UNIT_SCADA,1,"2022/10/20 06:20:00",JEMALNG1,0
D,DISPATCH,UNIT_SCADA,1,"2022/10/20 06:20:00",JLA01,0
D,DISPATCH,UNIT_SCADA,1,"2022/10/20 06:20:00",JLA02,0
D,DISPATCH,UNIT_SCADA,1,"2022/10/20 06:20:00",JLA03,0
D,DISPATCH,UNIT_SCADA,1,"2022/10/20 06:20:00",JLA04,0
D,DISPATCH,UNIT_SCADA,1,"2022/10/20 06:20:00",JLB01,0
D,DISPATCH,UNIT_SCADA,1,"2022/10/20 06:20:00",JLB02,0.10
D,DISPATCH,UNIT_SCADA,1,"2022/10/20 06:20:00",JLB03,0
D,DISPATCH,UNIT_SCADA,1,"2022/10/20 06:20:00",JUNEESF1,4.115970
D,DISPATCH,UNIT_SCADA,1,"2022/10/20 06:20:00",KABANWF1,1.6210
D,DISPATCH,UNIT_SCADA,1,"2022/10/20 06:20:00",KAREEYA1,17.9250
D,DISPATCH,UNIT_SCADA,1,"2022/10/20 06:20:00",KAREEYA2,0
D,DISPATCH,UNIT_SCADA,1,"2022/10/20 06:20:00",KAREEYA3,21.3675
D,DISPATCH,UNIT_SCADA,1,"2022/10/20 06:20:00",KAREEYA4,0
D,DISPATCH,UNIT_SCADA,1,"2022/10/20 06:20:00",KARSF1,1.70
D,DISPATCH,UNIT_SCADA,1,"2022/10/20 06:20:00",KEPSF1,0
D,DISPATCH,UNIT_SCADA,1,"2022/10/20 06:20:00",KEPWF1,0
D,DISPATCH,UNIT_SCADA,1,"2022/10/20 06:20:00",KIAMSF1,1.285570
D,DISPATCH,UNIT_SCADA,1,"2022/10/20 06:20:00",KIATAWF1,30.80
D,DISPATCH,UNIT_SCADA,1,"2022/10/20 06:20:00",KPP_1,0
D,DISPATCH,UNIT_SCADA,1,"2022/10/20 06:20:00",KSP1,0.89
D,DISPATCH,UNIT_SCADA,1,"2022/10/20 06:20:00",LADBROK1,0.01
D,DISPATCH,UNIT_SCADA,1,"2022/10/20 06:20:00",LADBROK2,37.89
D,DISPATCH,UNIT_SCADA,1,"2022/10/20 06:20:00",LBBG1,0
D,DISPATCH,UNIT_SCADA,1,"2022/10/20 06:20:00",LBBL1,0
D,DISPATCH,UNIT_SCADA,1,"2022/10/20 06:20:00",LD01,317.020170
D,DISPATCH,UNIT_SCADA,1,"2022/10/20 06:20:00",LD02,0
D,DISPATCH,UNIT_SCADA,1,"2022/10/20 06:20:00",LD04,319.180880
D,DISPATCH,UNIT_SCADA,1,"2022/10/20 06:20:00",LEM_WIL,86.636540
D,DISPATCH,UNIT_SCADA,1,"2022/10/20 06:20:00",LGAPWF1,91.90
D,DISPATCH,UNIT_SCADA,1,"2022/10/20 06:20:00",LGAPWF2,60.55
D,DISPATCH,UNIT_SCADA,1,"2022/10/20 06:20:00",LILYSF1,0
D,DISPATCH,UNIT_SCADA,1,"2022/10/20 06:20:00",LIMOSF11,8.233010
D,DISPATCH,UNIT_SCADA,1,"2022/10/20 06:20:00",LIMOSF21,0.946090
D,DISPATCH,UNIT_SCADA,1,"2022/10/20 06:20:00",LI_WY_CA,76.829010
D,DISPATCH,UNIT_SCADA,1,"2022/10/20 06:20:00",LKBONNY1,0
D,DISPATCH,UNIT_SCADA,1,"2022/10/20 06:20:00",LKBONNY2,30.526890
D,DISPATCH,UNIT_SCADA,1,"2022/10/20 06:20:00",LKBONNY3,6.810290
D,DISPATCH,UNIT_SCADA,1,"2022/10/20 06:20:00",LK_ECHO,0
D,DISPATCH,UNIT_SCADA,1,"2022/10/20 06:20:00",LNGS1,0
D,DISPATCH,UNIT_SCADA,1,"2022/10/20 06:20:00",LNGS2,0
D,DISPATCH,UNIT_SCADA,1,"2022/10/20 06:20:00",LONSDALE,0
D,DISPATCH,UNIT_SCADA,1,"2022/10/20 06:20:00",LOYYB1,580.450620
D,DISPATCH,UNIT_SCADA,1,"2022/10/20 06:20:00",LOYYB2,575.187320
D,DISPATCH,UNIT_SCADA,1,"2022/10/20 06:20:00",LYA1,556
D,DISPATCH,UNIT_SCADA,1,"2022/10/20 06:20:00",LYA2,0
D,DISPATCH,UNIT_SCADA,1,"2022/10/20 06:20:00",LYA3,557
D,DISPATCH,UNIT_SCADA,1,"2022/10/20 06:20:00",LYA4,557
D,DISPATCH,UNIT_SCADA,1,"2022/10/20 06:20:00",MACARTH1,51.9988
D,DISPATCH,UNIT_SCADA,1,"2022/10/20 06:20:00",MACKNTSH,0
D,DISPATCH,UNIT_SCADA,1,"2022/10/20 06:20:00",MANSLR1,0
D,DISPATCH,UNIT_SCADA,1,"2022/10/20 06:20:00",MAPS2PV1,0
D,DISPATCH,UNIT_SCADA,1,"2022/10/20 06:20:00",MAPS3PV1,0
D,DISPATCH,UNIT_SCADA,1,"2022/10/20 06:20:00",MARYRSF1,1.20
D,DISPATCH,UNIT_SCADA,1,"2022/10/20 06:20:00",MBPS2PV1,0
D,DISPATCH,UNIT_SCADA,1,"2022/10/20 06:20:00",MCKAY1,239.899990
D,DISPATCH,UNIT_SCADA,1,"2022/10/20 06:20:00",MEADOWBK,19.834520
D,DISPATCH,UNIT_SCADA,1,"2022/10/20 06:20:00",MERCER01,22.90
D,DISPATCH,UNIT_SCADA,1,"2022/10/20 06:20:00",METZSF1,15.232430
D,DISPATCH,UNIT_SCADA,1,"2022/10/20 06:20:00",MEWF1,0
D,DISPATCH,UNIT_SCADA,1,"2022/10/20 06:20:00",MIDDLSF1,0.87
D,DISPATCH,UNIT_SCADA,1,"2022/10/20 06:20:00",MINTARO,0.128180
D,DISPATCH,UNIT_SCADA,1,"2022/10/20 06:20:00",MOLNGSF1,0
D,DISPATCH,UNIT_SCADA,1,"2022/10/20 06:20:00",MOORAWF1,29.04
D,DISPATCH,UNIT_SCADA,1,"2022/10/20 06:20:00",MOREESF1,0.9560
D,DISPATCH,UNIT_SCADA,1,"2022/10/20 06:20:00",MORTLK11,0
D,DISPATCH,UNIT_SCADA,1,"2022/10/20 06:20:00",MORTLK12,0
D,DISPATCH,UNIT_SCADA,1,"2022/10/20 06:20:00",MOUSF1,0
D,DISPATCH,UNIT_SCADA,1,"2022/10/20 06:20:00",MP1,0
D,DISPATCH,UNIT_SCADA,1,"2022/10/20 06:20:00",MP2,548.726620
D,DISPATCH,UNIT_SCADA,1,"2022/10/20 06:20:00",MPP_1,179.800340
D,DISPATCH,UNIT_SCADA,1,"2022/10/20 06:20:00",MPP_2,0
D,DISPATCH,UNIT_SCADA,1,"2022/10/20 06:20:00",MRTLSWF1,0
D,DISPATCH,UNIT_SCADA,1,"2022/10/20 06:20:00",MSTUART1,0
D,DISPATCH,UNIT_SCADA,1,"2022/10/20 06:20:00",MSTUART2,0
D,DISPATCH,UNIT_SCADA,1,"2022/10/20 06:20:00",MSTUART3,0
D,DISPATCH,UNIT_SCADA,1,"2022/10/20 06:20:00",MTGELWF1,24.8558
D,DISPATCH,UNIT_SCADA,1,"2022/10/20 06:20:00",MTMILLAR,11.50
D,DISPATCH,UNIT_SCADA,1,"2022/10/20 06:20:00",MURRAY,155
D,DISPATCH,UNIT_SCADA,1,"2022/10/20 06:20:00",MUSSELR1,8
D,DISPATCH,UNIT_SCADA,1,"2022/10/20 06:20:00",MUWAWF1,180.91
D,DISPATCH,UNIT_SCADA,1,"2022/10/20 06:20:00",MUWAWF2,173.100010
D,DISPATCH,UNIT_SCADA,1,"2022/10/20 06:20:00",MWPS1PV1,0.03
D,DISPATCH,UNIT_SCADA,1,"2022/10/20 06:20:00",MWPS2PV1,0.03
D,DISPATCH,UNIT_SCADA,1,"2022/10/20 06:20:00",MWPS3PV1,0
D,DISPATCH,UNIT_SCADA,1,"2022/10/20 06:20:00",MWPS4PV1,0.03
D,DISPATCH,UNIT_SCADA,1,"2022/10/20 06:20:00",NBHWF1,105.600010
D,DISPATCH,UNIT_SCADA,1,"2022/10/20 06:20:00",NEVERSF1,1.13
D,DISPATCH,UNIT_SCADA,1,"2022/10/20 06:20:00",NPS,0
D,DISPATCH,UNIT_SCADA,1,"2022/10/20 06:20:00",NUMURSF1,27.13
D,DISPATCH,UNIT_SCADA,1,"2022/10/20 06:20:00",NYNGAN1,0
D,DISPATCH,UNIT_SCADA,1,"2022/10/20 06:20:00",OAKEY1,0
D,DISPATCH,UNIT_SCADA,1,"2022/10/20 06:20:00",OAKEY1SF,0.8050
D,DISPATCH,UNIT_SCADA,1,"2022/10/20 06:20:00",OAKEY2,0
D,DISPATCH,UNIT_SCADA,1,"2022/10/20 06:20:00",OAKEY2SF,1.43
D,DISPATCH,UNIT_SCADA,1,"2022/10/20 06:20:00",OAKLAND1,25
D,DISPATCH,UNIT_SCADA,1,"2022/10/20 06:20:00",OSB-AG,0
D,DISPATCH,UNIT_SCADA,1,"2022/10/20 06:20:00",PAREPS1,0.0660
D,DISPATCH,UNIT_SCADA,1,"2022/10/20 06:20:00",PAREPW1,86.92
D,DISPATCH,UNIT_SCADA,1,"2022/10/20 06:20:00",PARSF1,0.599680
D,DISPATCH,UNIT_SCADA,1,"2022/10/20 06:20:00",POAT110,0
D,DISPATCH,UNIT_SCADA,1,"2022/10/20 06:20:00",POAT220,0
D,DISPATCH,UNIT_SCADA,1,"2022/10/20 06:20:00",POR01,0
D,DISPATCH,UNIT_SCADA,1,"2022/10/20 06:20:00",POR03,0
D,DISPATCH,UNIT_SCADA,1,"2022/10/20 06:20:00",PPCCGT,172.881030
D,DISPATCH,UNIT_SCADA,1,"2022/10/20 06:20:00",PTSTAN1,0
D,DISPATCH,UNIT_SCADA,1,"2022/10/20 06:20:00",PUMP1,0
D,DISPATCH,UNIT_SCADA,1,"2022/10/20 06:20:00",PUMP2,0
D,DISPATCH,UNIT_SCADA,1,"2022/10/20 06:20:00",QBYNBG1,0
D,DISPATCH,UNIT_SCADA,1,"2022/10/20 06:20:00",QBYNBL1,0.0015
D,DISPATCH,UNIT_SCADA,1,"2022/10/20 06:20:00",QPS1,0
D,DISPATCH,UNIT_SCADA,1,"2022/10/20 06:20:00",QPS2,0
D,DISPATCH,UNIT_SCADA,1,"2022/10/20 06:20:00",QPS3,0
D,DISPATCH,UNIT_SCADA,1,"2022/10/20 06:20:00",QPS4,0
D,DISPATCH,UNIT_SCADA,1,"2022/10/20 06:20:00",QPS5,75.60
D,DISPATCH,UNIT_SCADA,1,"2022/10/20 06:20:00",REECE1,44.433360
D,DISPATCH,UNIT_SCADA,1,"2022/10/20 06:20:00",REECE2,79.850010
D,DISPATCH,UNIT_SCADA,1,"2022/10/20 06:20:00",ROMA_7,0
D,DISPATCH,UNIT_SCADA,1,"2022/10/20 06:20:00",ROMA_8,0
D,DISPATCH,UNIT_SCADA,1,"2022/10/20 06:20:00",RRSF1,7.312570
D,DISPATCH,UNIT_SCADA,1,"2022/10/20 06:20:00",RT_NSW1,0
D,DISPATCH,UNIT_SCADA,1,"2022/10/20 06:20:00",RT_NSW2,0
D,DISPATCH,UNIT_SCADA,1,"2022/10/20 06:20:00",RT_NSW3,0
D,DISPATCH,UNIT_SCADA,1,"2022/10/20 06:20:00",RT_NSW4,0
D,DISPATCH,UNIT_SCADA,1,"2022/10/20 06:20:00",RT_NSW5,0
D,DISPATCH,UNIT_SCADA,1,"2022/10/20 06:20:00",RT_NSW6,0
D,DISPATCH,UNIT_SCADA,1,"2022/10/20 06:20:00",RT_QLD1,0
D,DISPATCH,UNIT_SCADA,1,"2022/10/20 06:20:00",RT_SA1,0
D,DISPATCH,UNIT_SCADA,1,"2022/10/20 06:20:00",RT_SA2,0
D,DISPATCH,UNIT_SCADA,1,"2022/10/20 06:20:00",RT_SA3,0
D,DISPATCH,UNIT_SCADA,1,"2022/10/20 06:20:00",RT_SA4,0
D,DISPATCH,UNIT_SCADA,1,"2022/10/20 06:20:00",RT_SA5,0
D,DISPATCH,UNIT_SCADA,1,"2022/10/20 06:20:00",RT_SA6,0
D,DISPATCH,UNIT_SCADA,1,"2022/10/20 06:20:00",RT_TAS1,0
D,DISPATCH,UNIT_SCADA,1,"2022/10/20 06:20:00",RT_VIC1,0
D,DISPATCH,UNIT_SCADA,1,"2022/10/20 06:20:00",RT_VIC10,0
D,DISPATCH,UNIT_SCADA,1,"2022/10/20 06:20:00",RT_VIC11,0
D,DISPATCH,UNIT_SCADA,1,"2022/10/20 06:20:00",RT_VIC12,0
D,DISPATCH,UNIT_SCADA,1,"2022/10/20 06:20:00",RT_VIC2,0
D,DISPATCH,UNIT_SCADA,1,"2022/10/20 06:20:00",RT_VIC3,0
D,DISPATCH,UNIT_SCADA,1,"2022/10/20 06:20:00",RT_VIC4,0
D,DISPATCH,UNIT_SCADA,1,"2022/10/20 06:20:00",RT_VIC5,0
D,DISPATCH,UNIT_SCADA,1,"2022/10/20 06:20:00",RT_VIC6,0
D,DISPATCH,UNIT_SCADA,1,"2022/10/20 06:20:00",RT_VIC7,0
D,DISPATCH,UNIT_SCADA,1,"2022/10/20 06:20:00",RT_VIC8,0
D,DISPATCH,UNIT_SCADA,1,"2022/10/20 06:20:00",RT_VIC9,0
D,DISPATCH,UNIT_SCADA,1,"2022/10/20 06:20:00",RUGBYR1,1.695490
D,DISPATCH,UNIT_SCADA,1,"2022/10/20 06:20:00",SALTCRK1,11.35
D,DISPATCH,UNIT_SCADA,1,"2022/10/20 06:20:00",SAPHWF1,251.805910
D,DISPATCH,UNIT_SCADA,1,"2022/10/20 06:20:00",SEBSF1,10.445420
D,DISPATCH,UNIT_SCADA,1,"2022/10/20 06:20:00",SHGEN,0
D,DISPATCH,UNIT_SCADA,1,"2022/10/20 06:20:00",SHPUMP,0
D,DISPATCH,UNIT_SCADA,1,"2022/10/20 06:20:00",SITHE01,0.083520
D,DISPATCH,UNIT_SCADA,1,"2022/10/20 06:20:00",SMCSF1,3.0180
D,DISPATCH,UNIT_SCADA,1,"2022/10/20 06:20:00",SNAPPER1,0
D,DISPATCH,UNIT_SCADA,1,"2022/10/20 06:20:00",SNOWNTH1,137.100010
D,DISPATCH,UNIT_SCADA,1,"2022/10/20 06:20:00",SNOWSTH1,120.30
D,DISPATCH,UNIT_SCADA,1,"2022/10/20 06:20:00",SNOWTWN1,84.268840
D,DISPATCH,UNIT_SCADA,1,"2022/10/20 06:20:00",SNOWYP,0
D,DISPATCH,UNIT_SCADA,1,"2022/10/20 06:20:00",SNUG1,0
D,DISPATCH,UNIT_SCADA,1,"2022/10/20 06:20:00",SRSF1,1.63
D,DISPATCH,UNIT_SCADA,1,"2022/10/20 06:20:00",STAN-1,279.4024
D,DISPATCH,UNIT_SCADA,1,"2022/10/20 06:20:00",STAN-2,365.127840
D,DISPATCH,UNIT_SCADA,1,"2022/10/20 06:20:00",STAN-3,218.646030
D,DISPATCH,UNIT_SCADA,1,"2022/10/20 06:20:00",STAN-4,363.961430
D,DISPATCH,UNIT_SCADA,1,"2022/10/20 06:20:00",STARHLWF,2.599240
D,DISPATCH,UNIT_SCADA,1,"2022/10/20 06:20:00",STOCKYD1,246.84
D,DISPATCH,UNIT_SCADA,1,"2022/10/20 06:20:00",STWF1,50.774090
D,DISPATCH,UNIT_SCADA,1,"2022/10/20 06:20:00",SUNRSF1,4.811170
D,DISPATCH,UNIT_SCADA,1,"2022/10/20 06:20:00",SUNTPSF1,3.379570
D,DISPATCH,UNIT_SCADA,1,"2022/10/20 06:20:00",SWAN_E,244.053130
D,DISPATCH,UNIT_SCADA,1,"2022/10/20 06:20:00",TALWA1,0
D,DISPATCH,UNIT_SCADA,1,"2022/10/20 06:20:00",TARALGA1,0
D,DISPATCH,UNIT_SCADA,1,"2022/10/20 06:20:00",TARONG#1,349.600010
D,DISPATCH,UNIT_SCADA,1,"2022/10/20 06:20:00",TARONG#2,349
D,DISPATCH,UNIT_SCADA,1,"2022/10/20 06:20:00",TARONG#3,0.90
D,DISPATCH,UNIT_SCADA,1,"2022/10/20 06:20:00",TARONG#4,293.899990
D,DISPATCH,UNIT_SCADA,1,"2022/10/20 06:20:00",TARRALEA,54
D,DISPATCH,UNIT_SCADA,1,"2022/10/20 06:20:00",TBSF1,0
D,DISPATCH,UNIT_SCADA,1,"2022/10/20 06:20:00",TNPS1,441.6250
D,DISPATCH,UNIT_SCADA,1,"2022/10/20 06:20:00",TORRB1,0
D,DISPATCH,UNIT_SCADA,1,"2022/10/20 06:20:00",TORRB2,40
D,DISPATCH,UNIT_SCADA,1,"2022/10/20 06:20:00",TORRB3,0
D,DISPATCH,UNIT_SCADA,1,"2022/10/20 06:20:00",TORRB4,0
D,DISPATCH,UNIT_SCADA,1,"2022/10/20 06:20:00",TREVALLN,99.002240
D,DISPATCH,UNIT_SCADA,1,"2022/10/20 06:20:00",TRIBUTE,0
D,DISPATCH,UNIT_SCADA,1,"2022/10/20 06:20:00",TUMUT3,0
D,DISPATCH,UNIT_SCADA,1,"2022/10/20 06:20:00",TUNGATIN,3.100020
D,DISPATCH,UNIT_SCADA,1,"2022/10/20 06:20:00",TVCC201,0
D,DISPATCH,UNIT_SCADA,1,"2022/10/20 06:20:00",TVPP104,7.833940
D,DISPATCH,UNIT_SCADA,1,"2022/10/20 06:20:00",UPPTUMUT,0
D,DISPATCH,UNIT_SCADA,1,"2022/10/20 06:20:00",URANQ11,0
D,DISPATCH,UNIT_SCADA,1,"2022/10/20 06:20:00",URANQ12,0
D,DISPATCH,UNIT_SCADA,1,"2022/10/20 06:20:00",URANQ13,0
D,DISPATCH,UNIT_SCADA,1,"2022/10/20 06:20:00",URANQ14,0
D,DISPATCH,UNIT_SCADA,1,"2022/10/20 06:20:00",VBBG1,189
D,DISPATCH,UNIT_SCADA,1,"2022/10/20 06:20:00",VBBL1,0
D,DISPATCH,UNIT_SCADA,1,"2022/10/20 06:20:00",VP5,602.069150
D,DISPATCH,UNIT_SCADA,1,"2022/10/20 06:20:00",VP6,604.510620
D,DISPATCH,UNIT_SCADA,1,"2022/10/20 06:20:00",VPGS1,0
D,DISPATCH,UNIT_SCADA,1,"2022/10/20 06:20:00",VPGS2,0
D,DISPATCH,UNIT_SCADA,1,"2022/10/20 06:20:00",VPGS3,0
D,DISPATCH,UNIT_SCADA,1,"2022/10/20 06:20:00",VPGS4,0
D,DISPATCH,UNIT_SCADA,1,"2022/10/20 06:20:00",VPGS5,0
D,DISPATCH,UNIT_SCADA,1,"2022/10/20 06:20:00",VPGS6,0
D,DISPATCH,UNIT_SCADA,1,"2022/10/20 06:20:00",W/HOE#1,0
D,DISPATCH,UNIT_SCADA,1,"2022/10/20 06:20:00",W/HOE#2,0
D,DISPATCH,UNIT_SCADA,1,"2022/10/20 06:20:00",WAGGNSF1,0
D,DISPATCH,UNIT_SCADA,1,"2022/10/20 06:20:00",WALGRVG1,0.025130
D,DISPATCH,UNIT_SCADA,1,"2022/10/20 06:20:00",WALGRVL1,0
D,DISPATCH,UNIT_SCADA,1,"2022/10/20 06:20:00",WANDBG1,0
D,DISPATCH,UNIT_SCADA,1,"2022/10/20 06:20:00",WANDBL1,0
D,DISPATCH,UNIT_SCADA,1,"2022/10/20 06:20:00",WARWSF1,1.41
D,DISPATCH,UNIT_SCADA,1,"2022/10/20 06:20:00",WARWSF2,1.31
D,DISPATCH,UNIT_SCADA,1,"2022/10/20 06:20:00",WATERLWF,73.20
D,DISPATCH,UNIT_SCADA,1,"2022/10/20 06:20:00",WDGPH1,2.0450
D,DISPATCH,UNIT_SCADA,1,"2022/10/20 06:20:00",WELLSF1,2.597090
D,DISPATCH,UNIT_SCADA,1,"2022/10/20 06:20:00",WEMENSF1,0.30
D,DISPATCH,UNIT_SCADA,1,"2022/10/20 06:20:00",WGWF1,119
D,DISPATCH,UNIT_SCADA,1,"2022/10/20 06:20:00",WHITSF1,0
D,DISPATCH,UNIT_SCADA,1,"2022/10/20 06:20:00",WINTSF1,13.32
D,DISPATCH,UNIT_SCADA,1,"2022/10/20 06:20:00",WKIEWA1,33.90
D,DISPATCH,UNIT_SCADA,1,"2022/10/20 06:20:00",WKIEWA2,34
D,DISPATCH,UNIT_SCADA,1,"2022/10/20 06:20:00",WOODLWN1,27.927670
D,DISPATCH,UNIT_SCADA,1,"2022/10/20 06:20:00",WOOLGSF1,2.690430
D,DISPATCH,UNIT_SCADA,1,"2022/10/20 06:20:00",WPWF,47.81
D,DISPATCH,UNIT_SCADA,1,"2022/10/20 06:20:00",WRSF1,0.839870
D,DISPATCH,UNIT_SCADA,1,"2022/10/20 06:20:00",WRWF1,72.937520
D,DISPATCH,UNIT_SCADA,1,"2022/10/20 06:20:00",WSTWYSF1,0
D,DISPATCH,UNIT_SCADA,1,"2022/10/20 06:20:00",YABULU,0
D,DISPATCH,UNIT_SCADA,1,"2022/10/20 06:20:00",YABULU2,0
D,DISPATCH,UNIT_SCADA,1,"2022/10/20 06:20:00",YARANSF1,3.91
D,DISPATCH,UNIT_SCADA,1,"2022/10/20 06:20:00",YARWUN_1,129.649990
D,DISPATCH,UNIT_SCADA,1,"2022/10/20 06:20:00",YATSF1,1.39
D,DISPATCH,UNIT_SCADA,1,"2022/10/20 06:20:00",YENDWF1,42.15
D,DISPATCH,UNIT_SCADA,1,"2022/10/20 06:20:00",YWPS1,365.412660
D,DISPATCH,UNIT_SCADA,1,"2022/10/20 06:20:00",YWPS2,291.726590
D,DISPATCH,UNIT_SCADA,1,"2022/10/20 06:20:00",YWPS3,359.6709
D,DISPATCH,UNIT_SCADA,1,"2022/10/20 06:20:00",YWPS4,0
C,"END OF REPORT",419
