C,NEMP.WORLD,DISPATCHSCADA,AEMO,PUBLIC,2022/10/20,05:45:10,0000000373232806,DISPATCHSCADA,0000000373232800
I,DISPATCH,UNIT_SCADA,1,SETTLEMENTDATE,DUID,SCADAVALUE
D,DISPATCH,UNIT_SCADA,1,"2022/10/20 05:50:00",BARCSF1,0.10
D,DISPATCH,UNIT_SCADA,1,"2022/10/20 05:50:00",BUTLERSG,8.699999
D,DISPATCH,UNIT_SCADA,1,"2022/10/20 05:50:00",CAPTL_WF,26.019928
D,DISPATCH,UNIT_SCADA,1,"2022/10/20 05:50:00",CHALLHWF,21.599998
D,DISPATCH,UNIT_SCADA,1,"2022/10/20 05:50:00",CLOVER,13.12
D,DISPATCH,UNIT_SCADA,1,"2022/10/20 05:50:00",CLUNY,6.200503
D,DISPATCH,UNIT_SCADA,1,"2022/10/20 05:50:00",CULLRGWF,-0.04
D,DISPATCH,UNIT_SCADA,1,"2022/10/20 05:50:00",DIAPURWF1,7.30
D,DISPATCH,UNIT_SCADA,1,"2022/10/20 05:50:00",ERGT01,0
D,DISPATCH,UNIT_SCADA,1,"2022/10/20 05:50:00",GB01,0
D,DISPATCH,UNIT_SCADA,1,"2022/10/20 05:50:00",GERMCRK,22.90
D,DISPATCH,UNIT_SCADA,1,"2022/10/20 05:50:00",GRIFSF1,0.099184
D,DISPATCH,UNIT_SCADA,1,"2022/10/20 05:50:00",HEZ1,0
D,DISPATCH,UNIT_SCADA,1,"2022/10/20 05:50:00",HUGSF1,-0.1740
D,DISPATCH,UNIT_SCADA,1,"2022/10/20 05:50:00",KEPBG1,0.01
D,DISPATCH,UNIT_SCADA,1,"2022/10/20 05:50:00",LRSF1,0.0240
D,DISPATCH,UNIT_SCADA,1,"2022/10/20 05:50:00",MBAHNTH,47.850006
D,DISPATCH,UNIT_SCADA,1,"2022/10/20 05:50:00",MLSP1,0.359001
D,DISPATCH,UNIT_SCADA,1,"2022/10/20 05:50:00",MLWF1,3.87
D,DISPATCH,UNIT_SCADA,1,"2022/10/20 05:50:00",PALOONA,30.119999
D,DISPATCH,UNIT_SCADA,1,"2022/10/20 05:50:00",PIONEER,42.50
D,DISPATCH,UNIT_SCADA,1,"2022/10/20 05:50:00",PORTWF,38.700001
D,DISPATCH,UNIT_SCADA,1,"2022/10/20 05:50:00",REPULSE,9.486839
D,DISPATCH,UNIT_SCADA,1,"2022/10/20 05:50:00",ROWALLAN,8.8892
D,DISPATCH,UNIT_SCADA,1,"2022/10/20 05:50:00",ROYALLA1,0
D,DISPATCH,UNIT_SCADA,1,"2022/10/20 05:50:00",RPCG,-1.20
D,DISPATCH,UNIT_SCADA,1,"2022/10/20 05:50:00",RUBICON,0
D,DISPATCH,UNIT_SCADA,1,"2022/10/20 05:50:00",WAUBRAWF,84.688004
D,DISPATCH,UNIT_SCADA,1,"2022/10/20 05:50:00",WOOLNTH1,39.110001
D,DISPATCH,UNIT_SCADA,1,"2022/10/20 05:50:00",YAMBUKWF,5.30
D,DISPATCH,UNIT_SCADA,1,"2022/10/20 05:50:00",YSWF1,1.20
D,DISPATCH,UNIT_SCADA,1,"2022/10/20 05:50:00",ADPBA1G,0.0080
D,DISPATCH,UNIT_SCADA,1,"2022/10/20 05:50:00",ADPBA1L,0
D,DISPATCH,UNIT_SCADA,1,"2022/10/20 05:50:00",ADPPV1,0
D,DISPATCH,UNIT_SCADA,1,"2022/10/20 05:50:00",AGLHAL,0
D,DISPATCH,UNIT_SCADA,1,"2022/10/20 05:50:00",AGLSOM,0
D,DISPATCH,UNIT_SCADA,1,"2022/10/20 05:50:00",ANGAST1,0
D,DISPATCH,UNIT_SCADA,1,"2022/10/20 05:50:00",ARWF1,13.20
D,DISPATCH,UNIT_SCADA,1,"2022/10/20 05:50:00",BALBG1,0
D,DISPATCH,UNIT_SCADA,1,"2022/10/20 05:50:00",BALBL1,0
D,DISPATCH,UNIT_SCADA,1,"2022/10/20 05:50:00",BALDHWF1,5.1210
D,DISPATCH,UNIT_SCADA,1,"2022/10/20 05:50:00",BANGOWF1,64.695810
D,DISPATCH,UNIT_SCADA,1,"2022/10/20 05:50:00",BANGOWF2,62.699090
D,DISPATCH,UNIT_SCADA,1,"2022/10/20 05:50:00",BANN1,0
D,DISPATCH,UNIT_SCADA,1,"2022/10/20 05:50:00",BARCALDN,0
D,DISPATCH,UNIT_SCADA,1,"2022/10/20 05:50:00",BARKIPS1,0
D,DISPATCH,UNIT_SCADA,1,"2022/10/20 05:50:00",BARRON-1,28.04
D,DISPATCH,UNIT_SCADA,1,"2022/10/20 05:50:00",BARRON-2,0
D,DISPATCH,UNIT_SCADA,1,"2022/10/20 05:50:00",BASTYAN,0
D,DISPATCH,UNIT_SCADA,1,"2022/10/20 05:50:00",BBTHREE1,-1.05
D,DISPATCH,UNIT_SCADA,1,"2022/10/20 05:50:00",BBTHREE2,0
D,DISPATCH,UNIT_SCADA,1,"2022/10/20 05:50:00",BBTHREE3,0
D,DISPATCH,UNIT_SCADA,1,"2022/10/20 05:50:00",BDL01,0
D,DISPATCH,UNIT_SCADA,1,"2022/10/20 05:50:00",BDL02,0
D,DISPATCH,UNIT_SCADA,1,"2022/10/20 05:50:00",BERYLSF1,0
D,DISPATCH,UNIT_SCADA,1,"2022/10/20 05:50:00",BLOWERNG,62.60
D,DISPATCH,UNIT_SCADA,1,"2022/10/20 05:50:00",BLUEGSF1,0.635330
D,DISPATCH,UNIT_SCADA,1,"2022/10/20 05:50:00",BLUFF1,10.90
D,DISPATCH,UNIT_SCADA,1,"2022/10/20 05:50:00",BNGSF1,0
D,DISPATCH,UNIT_SCADA,1,"2022/10/20 05:50:00",BNGSF2,0
D,DISPATCH,UNIT_SCADA,1,"2022/10/20 05:50:00",BOCORWF1,0
D,DISPATCH,UNIT_SCADA,1,"2022/10/20 05:50:00",BODWF1,102.262790
D,DISPATCH,UNIT_SCADA,1,"2022/10/20 05:50:00",BOMENSF1,2.261390
D,DISPATCH,UNIT_SCADA,1,"2022/10/20 05:50:00",BOWWBA1G,0
D,DISPATCH,UNIT_SCADA,1,"2022/10/20 05:50:00",BOWWBA1L,0
D,DISPATCH,UNIT_SCADA,1,"2022/10/20 05:50:00",BOWWPV1,0
D,DISPATCH,UNIT_SCADA,1,"2022/10/20 05:50:00",BRAEMAR1,0
D,DISPATCH,UNIT_SCADA,1,"2022/10/20 05:50:00",BRAEMAR2,0
D,DISPATCH,UNIT_SCADA,1,"2022/10/20 05:50:00",BRAEMAR3,0
D,DISPATCH,UNIT_SCADA,1,"2022/10/20 05:50:00",BRAEMAR5,0.292060
D,DISPATCH,UNIT_SCADA,1,"2022/10/20 05:50:00",BRAEMAR6,0
D,DISPATCH,UNIT_SCADA,1,"2022/10/20 05:50:00",BRAEMAR7,0.130920
D,DISPATCH,UNIT_SCADA,1,"2022/10/20 05:50:00",BROKENH1,0
D,DISPATCH,UNIT_SCADA,1,"2022/10/20 05:50:00",BRYB1WF1,97.404440
D,DISPATCH,UNIT_SCADA,1,"2022/10/20 05:50:00",BULBESG1,0
D,DISPATCH,UNIT_SCADA,1,"2022/10/20 05:50:00",BULBESL1,0.03
D,DISPATCH,UNIT_SCADA,1,"2022/10/20 05:50:00",BULGANA1,47.78
D,DISPATCH,UNIT_SCADA,1,"2022/10/20 05:50:00",BW01,551.216920
D,DISPATCH,UNIT_SCADA,1,"2022/10/20 05:50:00",BW02,570.894960
D,DISPATCH,UNIT_SCADA,1,"2022/10/20 05:50:00",BW03,548.213930
D,DISPATCH,UNIT_SCADA,1,"2022/10/20 05:50:00",BW04,0
D,DISPATCH,UNIT_SCADA,1,"2022/10/20 05:50:00",CALL_B_1,319.100010
D,DISPATCH,UNIT_SCADA,1,"2022/10/20 05:50:00",CALL_B_2,319.300020
D,DISPATCH,UNIT_SCADA,1,"2022/10/20 05:50:00",CATHROCK,7.70
D,DISPATCH,UNIT_SCADA,1,"2022/10/20 05:50:00",CBWWBA1G,0
D,DISPATCH,UNIT_SCADA,1,"2022/10/20 05:50:00",CBWWBA1L,0
D,DISPATCH,UNIT_SCADA,1,"2022/10/20 05:50:00",CETHANA,95.55
D,DISPATCH,UNIT_SCADA,1,"2022/10/20 05:50:00",CG1,0
D,DISPATCH,UNIT_SCADA,1,"2022/10/20 05:50:00",CG2,0
D,DISPATCH,UNIT_SCADA,1,"2022/10/20 05:50:00",CG3,0
D,DISPATCH,UNIT_SCADA,1,"2022/10/20 05:50:00",CG4,0
D,DISPATCH,UNIT_SCADA,1,"2022/10/20 05:50:00",CHILDSF1,0
D,DISPATCH,UNIT_SCADA,1,"2022/10/20 05:50:00",CHYTWF1,5.45
D,DISPATCH,UNIT_SCADA,1,"2022/10/20 05:50:00",CLARESF1,0
D,DISPATCH,UNIT_SCADA,1,"2022/10/20 05:50:00",CLEMGPWF,17.504510
D,DISPATCH,UNIT_SCADA,1,"2022/10/20 05:50:00",CLERMSF1,0
D,DISPATCH,UNIT_SCADA,1,"2022/10/20 05:50:00",CNUNDAWF,15.5181
D,DISPATCH,UNIT_SCADA,1,"2022/10/20 05:50:00",COHUNSF1,0
D,DISPATCH,UNIT_SCADA,1,"2022/10/20 05:50:00",COLEASF1,0
D,DISPATCH,UNIT_SCADA,1,"2022/10/20 05:50:00",COLUMSF1,0
D,DISPATCH,UNIT_SCADA,1,"2022/10/20 05:50:00",COLWF01,104.515140
D,DISPATCH,UNIT_SCADA,1,"2022/10/20 05:50:00",COOPGWF1,379.38
D,DISPATCH,UNIT_SCADA,1,"2022/10/20 05:50:00",CPP_3,358.325010
D,DISPATCH,UNIT_SCADA,1,"2022/10/20 05:50:00",CPP_4,0
D,DISPATCH,UNIT_SCADA,1,"2022/10/20 05:50:00",CPSA,0
D,DISPATCH,UNIT_SCADA,1,"2022/10/20 05:50:00",CROOKWF2,27.324030
D,DISPATCH,UNIT_SCADA,1,"2022/10/20 05:50:00",CROWLWF1,35.446780
D,DISPATCH,UNIT_SCADA,1,"2022/10/20 05:50:00",CRURWF1,98.297330
D,DISPATCH,UNIT_SCADA,1,"2022/10/20 05:50:00",CRWASF1,0.722270
D,DISPATCH,UNIT_SCADA,1,"2022/10/20 05:50:00",CSPVPS1,0.1810
D,DISPATCH,UNIT_SCADA,1,"2022/10/20 05:50:00",CTHLWF1,0.003050
D,DISPATCH,UNIT_SCADA,1,"2022/10/20 05:50:00",DALNTH01,0
D,DISPATCH,UNIT_SCADA,1,"2022/10/20 05:50:00",DALNTHL1,4.005490
D,DISPATCH,UNIT_SCADA,1,"2022/10/20 05:50:00",DARLSF1,0
D,DISPATCH,UNIT_SCADA,1,"2022/10/20 05:50:00",DARTM1,0
D,DISPATCH,UNIT_SCADA,1,"2022/10/20 05:50:00",DAYDSF1,0
D,DISPATCH,UNIT_SCADA,1,"2022/10/20 05:50:00",DDPS1,0
D,DISPATCH,UNIT_SCADA,1,"2022/10/20 05:50:00",DDSF1,1.260160
D,DISPATCH,UNIT_SCADA,1,"2022/10/20 05:50:00",DEVILS_G,59.916380
D,DISPATCH,UNIT_SCADA,1,"2022/10/20 05:50:00",DG_NSW1,0
D,DISPATCH,UNIT_SCADA,1,"2022/10/20 05:50:00",DG_QLD1,0
D,DISPATCH,UNIT_SCADA,1,"2022/10/20 05:50:00",DG_SA1,0
D,DISPATCH,UNIT_SCADA,1,"2022/10/20 05:50:00",DG_TAS1,0
D,DISPATCH,UNIT_SCADA,1,"2022/10/20 05:50:00",DG_VIC1,0
D,DISPATCH,UNIT_SCADA,1,"2022/10/20 05:50:00",DRYCGT1,0
D,DISPATCH,UNIT_SCADA,1,"2022/10/20 05:50:00",DRYCGT2,0
D,DISPATCH,UNIT_SCADA,1,"2022/10/20 05:50:00",DRYCGT3,0
D,DISPATCH,UNIT_SCADA,1,"2022/10/20 05:50:00",DUNDWF1,85.88
D,DISPATCH,UNIT_SCADA,1,"2022/10/20 05:50:00",DUNDWF2,25.28
D,DISPATCH,UNIT_SCADA,1,"2022/10/20 05:50:00",DUNDWF3,63.03
D,DISPATCH,UNIT_SCADA,1,"2022/10/20 05:50:00",EILDON1,59.92
D,DISPATCH,UNIT_SCADA,1,"2022/10/20 05:50:00",EILDON2,59.80
D,DISPATCH,UNIT_SCADA,1,"2022/10/20 05:50:00",ELAINWF1,21.98
D,DISPATCH,UNIT_SCADA,1,"2022/10/20 05:50:00",EMERASF1,0
D,DISPATCH,UNIT_SCADA,1,"2022/10/20 05:50:00",ER01,0
D,DISPATCH,UNIT_SCADA,1,"2022/10/20 05:50:00",ER02,665.452030
D,DISPATCH,UNIT_SCADA,1,"2022/10/20 05:50:00",ER03,667.112240
D,DISPATCH,UNIT_SCADA,1,"2022/10/20 05:50:00",ER04,663.962770
D,DISPATCH,UNIT_SCADA,1,"2022/10/20 05:50:00",FINLYSF1,0.692760
D,DISPATCH,UNIT_SCADA,1,"2022/10/20 05:50:00",FISHER,45.75
D,DISPATCH,UNIT_SCADA,1,"2022/10/20 05:50:00",GANGARR1,0
D,DISPATCH,UNIT_SCADA,1,"2022/10/20 05:50:00",GANNBG1,0
D,DISPATCH,UNIT_SCADA,1,"2022/10/20 05:50:00",GANNBL1,0.539650
D,DISPATCH,UNIT_SCADA,1,"2022/10/20 05:50:00",GANNSF1,0.30
D,DISPATCH,UNIT_SCADA,1,"2022/10/20 05:50:00",GLRWNSF1,2.56
D,DISPATCH,UNIT_SCADA,1,"2022/10/20 05:50:00",GNNDHSF1,1.870680
D,DISPATCH,UNIT_SCADA,1,"2022/10/20 05:50:00",GOONSF1,0
D,DISPATCH,UNIT_SCADA,1,"2022/10/20 05:50:00",GORDON,258.826050
D,DISPATCH,UNIT_SCADA,1,"2022/10/20 05:50:00",GRANWF1,8.27
D,DISPATCH,UNIT_SCADA,1,"2022/10/20 05:50:00",GSTONE1,201.25
D,DISPATCH,UNIT_SCADA,1,"2022/10/20 05:50:00",GSTONE2,0
D,DISPATCH,UNIT_SCADA,1,"2022/10/20 05:50:00",GSTONE3,199.849990
D,DISPATCH,UNIT_SCADA,1,"2022/10/20 05:50:00",GSTONE4,0
D,DISPATCH,UNIT_SCADA,1,"2022/10/20 05:50:00",GSTONE5,201.0750
D,DISPATCH,UNIT_SCADA,1,"2022/10/20 05:50:00",GSTONE6,201.599990
D,DISPATCH,UNIT_SCADA,1,"2022/10/20 05:50:00",GULLRSF1,0
D,DISPATCH,UNIT_SCADA,1,"2022/10/20 05:50:00",GULLRWF1,56.684140
D,DISPATCH,UNIT_SCADA,1,"2022/10/20 05:50:00",GULLRWF2,97.856960
D,DISPATCH,UNIT_SCADA,1,"2022/10/20 05:50:00",GUNNING1,0
D,DISPATCH,UNIT_SCADA,1,"2022/10/20 05:50:00",GUTHEGA,67.40
D,DISPATCH,UNIT_SCADA,1,"2022/10/20 05:50:00",HALLWF1,67.25
D,DISPATCH,UNIT_SCADA,1,"2022/10/20 05:50:00",HALLWF2,53.17
D,DISPATCH,UNIT_SCADA,1,"2022/10/20 05:50:00",HAMISF1,0
D,DISPATCH,UNIT_SCADA,1,"2022/10/20 05:50:00",HAUGHT11,0
D,DISPATCH,UNIT_SCADA,1,"2022/10/20 05:50:00",HAYMSF1,0
D,DISPATCH,UNIT_SCADA,1,"2022/10/20 05:50:00",HDWF1,39.30
D,DISPATCH,UNIT_SCADA,1,"2022/10/20 05:50:00",HDWF2,18.20
D,DISPATCH,UNIT_SCADA,1,"2022/10/20 05:50:00",HDWF3,27.30
D,DISPATCH,UNIT_SCADA,1,"2022/10/20 05:50:00",HILLSTN1,0
D,DISPATCH,UNIT_SCADA,1,"2022/10/20 05:50:00",HPRG1,0.10
D,DISPATCH,UNIT_SCADA,1,"2022/10/20 05:50:00",HPRL1,0
D,DISPATCH,UNIT_SCADA,1,"2022/10/20 05:50:00",HUMENSW,54.844370
D,DISPATCH,UNIT_SCADA,1,"2022/10/20 05:50:00",HUMEV,0
D,DISPATCH,UNIT_SCADA,1,"2022/10/20 05:50:00",HVWWBA1G,0
D,DISPATCH,UNIT_SCADA,1,"2022/10/20 05:50:00",HVWWBA1L,0.0070
D,DISPATCH,UNIT_SCADA,1,"2022/10/20 05:50:00",HVWWPV1,0
D,DISPATCH,UNIT_SCADA,1,"2022/10/20 05:50:00",JBUTTERS,0
D,DISPATCH,UNIT_SCADA,1,"2022/10/20 05:50:00",JEMALNG1,0
D,DISPATCH,UNIT_SCADA,1,"2022/10/20 05:50:00",JLA01,0
D,DISPATCH,UNIT_SCADA,1,"2022/10/20 05:50:00",JLA02,0
D,DISPATCH,UNIT_SCADA,1,"2022/10/20 05:50:00",JLA03,0
D,DISPATCH,UNIT_SCADA,1,"2022/10/20 05:50:00",JLA04,0
D,DISPATCH,UNIT_SCADA,1,"2022/10/20 05:50:00",JLB01,0
D,DISPATCH,UNIT_SCADA,1,"2022/10/20 05:50:00",JLB02,0.10
D,DISPATCH,UNIT_SCADA,1,"2022/10/20 05:50:00",JLB03,0
D,DISPATCH,UNIT_SCADA,1,"2022/10/20 05:50:00",JUNEESF1,0.988740
D,DISPATCH,UNIT_SCADA,1,"2022/10/20 05:50:00",KABANWF1,1.29
D,DISPATCH,UNIT_SCADA,1,"2022/10/20 05:50:00",KAREEYA1,17.9550
D,DISPATCH,UNIT_SCADA,1,"2022/10/20 05:50:00",KAREEYA2,0
D,DISPATCH,UNIT_SCADA,1,"2022/10/20 05:50:00",KAREEYA3,21.4775
D,DISPATCH,UNIT_SCADA,1,"2022/10/20 05:50:00",KAREEYA4,0
D,DISPATCH,UNIT_SCADA,1,"2022/10/20 05:50:00",KARSF1,0
D,DISPATCH,UNIT_SCADA,1,"2022/10/20 05:50:00",KEPSF1,0
D,DISPATCH,UNIT_SCADA,1,"2022/10/20 05:50:00",KEPWF1,0
D,DISPATCH,UNIT_SCADA,1,"2022/10/20 05:50:00",KIAMSF1,0
D,DISPATCH,UNIT_SCADA,1,"2022/10/20 05:50:00",KIATAWF1,30.70
D,DISPATCH,UNIT_SCADA,1,"2022/10/20 05:50:00",KPP_1,0
D,DISPATCH,UNIT_SCADA,1,"2022/10/20 05:50:00",KSP1,0
D,DISPATCH,UNIT_SCADA,1,"2022/10/20 05:50:00",LADBROK1,0.01
D,DISPATCH,UNIT_SCADA,1,"2022/10/20 05:50:00",LADBROK2,37.76
D,DISPATCH,UNIT_SCADA,1,"2022/10/20 05:50:00",LBBG1,2.10
D,DISPATCH,UNIT_SCADA,1,"2022/10/20 05:50:00",LBBL1,0
D,DISPATCH,UNIT_SCADA,1,"2022/10/20 05:50:00",LD01,322.312070
D,DISPATCH,UNIT_SCADA,1,"2022/10/20 05:50:00",LD02,0
D,DISPATCH,UNIT_SCADA,1,"2022/10/20 05:50:00",LD04,320.444340
D,DISPATCH,UNIT_SCADA,1,"2022/10/20 05:50:00",LEM_WIL,86.916020
D,DISPATCH,UNIT_SCADA,1,"2022/10/20 05:50:00",LGAPWF1,91.939990
D,DISPATCH,UNIT_SCADA,1,"2022/10/20 05:50:00",LGAPWF2,51.21
D,DISPATCH,UNIT_SCADA,1,"2022/10/20 05:50:00",LILYSF1,0
D,DISPATCH,UNIT_SCADA,1,"2022/10/20 05:50:00",LIMOSF11,0
D,DISPATCH,UNIT_SCADA,1,"2022/10/20 05:50:00",LIMOSF21,0
D,DISPATCH,UNIT_SCADA,1,"2022/10/20 05:50:00",LI_WY_CA,76.910030
D,DISPATCH,UNIT_SCADA,1,"2022/10/20 05:50:00",LKBONNY1,0
D,DISPATCH,UNIT_SCADA,1,"2022/10/20 05:50:00",LKBONNY2,26.948820
D,DISPATCH,UNIT_SCADA,1,"2022/10/20 05:50:00",LKBONNY3,7.145230
D,DISPATCH,UNIT_SCADA,1,"2022/10/20 05:50:00",LK_ECHO,0
D,DISPATCH,UNIT_SCADA,1,"2022/10/20 05:50:00",LNGS1,0
D,DISPATCH,UNIT_SCADA,1,"2022/10/20 05:50:00",LNGS2,0
D,DISPATCH,UNIT_SCADA,1,"2022/10/20 05:50:00",LONSDALE,0
D,DISPATCH,UNIT_SCADA,1,"2022/10/20 05:50:00",LOYYB1,580.8266
D,DISPATCH,UNIT_SCADA,1,"2022/10/20 05:50:00",LOYYB2,575.187320
D,DISPATCH,UNIT_SCADA,1,"2022/10/20 05:50:00",LYA1,510
D,DISPATCH,UNIT_SCADA,1,"2022/10/20 05:50:00",LYA2,0
D,DISPATCH,UNIT_SCADA,1,"2022/10/20 05:50:00",LYA3,508
D,DISPATCH,UNIT_SCADA,1,"2022/10/20 05:50:00",LYA4,510
D,DISPATCH,UNIT_SCADA,1,"2022/10/20 05:50:00",MACARTH1,42.799010
D,DISPATCH,UNIT_SCADA,1,"2022/10/20 05:50:00",MACKNTSH,0
D,DISPATCH,UNIT_SCADA,1,"2022/10/20 05:50:00",MANSLR1,0
D,DISPATCH,UNIT_SCADA,1,"2022/10/20 05:50:00",MAPS2PV1,0
D,DISPATCH,UNIT_SCADA,1,"2022/10/20 05:50:00",MAPS3PV1,0
D,DISPATCH,UNIT_SCADA,1,"2022/10/20 05:50:00",MARYRSF1,0.17
D,DISPATCH,UNIT_SCADA,1,"2022/10/20 05:50:00",MBPS2PV1,0
D,DISPATCH,UNIT_SCADA,1,"2022/10/20 05:50:00",MCKAY1,239.7950
D,DISPATCH,UNIT_SCADA,1,"2022/10/20 05:50:00",MEADOWBK,19.8631
D,DISPATCH,UNIT_SCADA,1,"2022/10/20 05:50:00",MERCER01,18.80
D,DISPATCH,UNIT_SCADA,1,"2022/10/20 05:50:00",METZSF1,4.630010
D,DISPATCH,UNIT_SCADA,1,"2022/10/20 05:50:00",MEWF1,3
D,DISPATCH,UNIT_SCADA,1,"2022/10/20 05:50:00",MIDDLSF1,0.44
D,DISPATCH,UNIT_SCADA,1,"2022/10/20 05:50:00",MINTARO,0.128180
D,DISPATCH,UNIT_SCADA,1,"2022/10/20 05:50:00",MOLNGSF1,0
D,DISPATCH,UNIT_SCADA,1,"2022/10/20 05:50:00",MOORAWF1,32.15
D,DISPATCH,UNIT_SCADA,1,"2022/10/20 05:50:00",MOREESF1,0
D,DISPATCH,UNIT_SCADA,1,"2022/10/20 05:50:00",MORTLK11,0
D,DISPATCH,UNIT_SCADA,1,"2022/10/20 05:50:00",MORTLK12,0
D,DISPATCH,UNIT_SCADA,1,"2022/10/20 05:50:00",MOUSF1,0
D,DISPATCH,UNIT_SCADA,1,"2022/10/20 05:50:00",MP1,0
D,DISPATCH,UNIT_SCADA,1,"2022/10/20 05:50:00",MP2,557.930850
D,DISPATCH,UNIT_SCADA,1,"2022/10/20 05:50:00",MPP_1,175.253070
D,DISPATCH,UNIT_SCADA,1,"2022/10/20 05:50:00",MPP_2,0
D,DISPATCH,UNIT_SCADA,1,"2022/10/20 05:50:00",MRTLSWF1,0
D,DISPATCH,UNIT_SCADA,1,"2022/10/20 05:50:00",MSTUART1,0
D,DISPATCH,UNIT_SCADA,1,"2022/10/20 05:50:00",MSTUART2,0
D,DISPATCH,UNIT_SCADA,1,"2022/10/20 05:50:00",MSTUART3,0
D,DISPATCH,UNIT_SCADA,1,"2022/10/20 05:50:00",MTGELWF1,26.305430
D,DISPATCH,UNIT_SCADA,1,"2022/10/20 05:50:00",MTMILLAR,8.10
D,DISPATCH,UNIT_SCADA,1,"2022/10/20 05:50:00",MURRAY,0
D,DISPATCH,UNIT_SCADA,1,"2022/10/20 05:50:00",MUSSELR1,0
D,DISPATCH,UNIT_SCADA,1,"2022/10/20 05:50:00",MUWAWF1,186.570010
D,DISPATCH,UNIT_SCADA,1,"2022/10/20 05:50:00",MUWAWF2,176.600010
D,DISPATCH,UNIT_SCADA,1,"2022/10/20 05:50:00",MWPS1PV1,0
D,DISPATCH,UNIT_SCADA,1,"2022/10/20 05:50:00",MWPS2PV1,0
D,DISPATCH,UNIT_SCADA,1,"2022/10/20 05:50:00",MWPS3PV1,0
D,DISPATCH,UNIT_SCADA,1,"2022/10/20 05:50:00",MWPS4PV1,0
D,DISPATCH,UNIT_SCADA,1,"2022/10/20 05:50:00",NBHWF1,102
D,DISPATCH,UNIT_SCADA,1,"2022/10/20 05:50:00",NEVERSF1,0
D,DISPATCH,UNIT_SCADA,1,"2022/10/20 05:50:00",NPS,0
D,DISPATCH,UNIT_SCADA,1,"2022/10/20 05:50:00",NUMURSF1,1.51
D,DISPATCH,UNIT_SCADA,1,"2022/10/20 05:50:00",NYNGAN1,0
D,DISPATCH,UNIT_SCADA,1,"2022/10/20 05:50:00",OAKEY1,0
D,DISPATCH,UNIT_SCADA,1,"2022/10/20 05:50:00",OAKEY1SF,0
D,DISPATCH,UNIT_SCADA,1,"2022/10/20 05:50:00",OAKEY2,0
D,DISPATCH,UNIT_SCADA,1,"2022/10/20 05:50:00",OAKEY2SF,0
D,DISPATCH,UNIT_SCADA,1,"2022/10/20 05:50:00",OAKLAND1,16.90
D,DISPATCH,UNIT_SCADA,1,"2022/10/20 05:50:00",OSB-AG,0
D,DISPATCH,UNIT_SCADA,1,"2022/10/20 05:50:00",PAREPS1,0.0660
D,DISPATCH,UNIT_SCADA,1,"2022/10/20 05:50:00",PAREPW1,82.30
D,DISPATCH,UNIT_SCADA,1,"2022/10/20 05:50:00",PARSF1,0.099180
D,DISPATCH,UNIT_SCADA,1,"2022/10/20 05:50:00",POAT110,0
D,DISPATCH,UNIT_SCADA,1,"2022/10/20 05:50:00",POAT220,0
D,DISPATCH,UNIT_SCADA,1,"2022/10/20 05:50:00",POR01,0
D,DISPATCH,UNIT_SCADA,1,"2022/10/20 05:50:00",POR03,0
D,DISPATCH,UNIT_SCADA,1,"2022/10/20 05:50:00",PPCCGT,174.223240
D,DISPATCH,UNIT_SCADA,1,"2022/10/20 05:50:00",PTSTAN1,0
D,DISPATCH,UNIT_SCADA,1,"2022/10/20 05:50:00",PUMP1,0
D,DISPATCH,UNIT_SCADA,1,"2022/10/20 05:50:00",PUMP2,0
D,DISPATCH,UNIT_SCADA,1,"2022/10/20 05:50:00",QBYNBG1,0
D,DISPATCH,UNIT_SCADA,1,"2022/10/20 05:50:00",QBYNBL1,0.0005
D,DISPATCH,UNIT_SCADA,1,"2022/10/20 05:50:00",QPS1,0
D,DISPATCH,UNIT_SCADA,1,"2022/10/20 05:50:00",QPS2,0
D,DISPATCH,UNIT_SCADA,1,"2022/10/20 05:50:00",QPS3,0
D,DISPATCH,UNIT_SCADA,1,"2022/10/20 05:50:00",QPS4,0
D,DISPATCH,UNIT_SCADA,1,"2022/10/20 05:50:00",QPS5,74.58
D,DISPATCH,UNIT_SCADA,1,"2022/10/20 05:50:00",REECE1,44.408460
D,DISPATCH,UNIT_SCADA,1,"2022/10/20 05:50:00",REECE2,66.810010
D,DISPATCH,UNIT_SCADA,1,"2022/10/20 05:50:00",ROMA_7,0
D,DISPATCH,UNIT_SCADA,1,"2022/10/20 05:50:00",ROMA_8,0
D,DISPATCH,UNIT_SCADA,1,"2022/10/20 05:50:00",RRSF1,0
D,DISPATCH,UNIT_SCADA,1,"2022/10/20 05:50:00",RT_NSW1,0
D,DISPATCH,UNIT_SCADA,1,"2022/10/20 05:50:00",RT_NSW2,0
D,DISPATCH,UNIT_SCADA,1,"2022/10/20 05:50:00",RT_NSW3,0
D,DISPATCH,UNIT_SCADA,1,"2022/10/20 05:50:00",RT_NSW4,0
D,DISPATCH,UNIT_SCADA,1,"2022/10/20 05:50:00",RT_NSW5,0
D,DISPATCH,UNIT_SCADA,1,"2022/10/20 05:50:00",RT_NSW6,0
D,DISPATCH,UNIT_SCADA,1,"2022/10/20 05:50:00",RT_QLD1,0
D,DISPATCH,UNIT_SCADA,1,"2022/10/20 05:50:00",RT_SA1,0
D,DISPATCH,UNIT_SCADA,1,"2022/10/20 05:50:00",RT_SA2,0
D,DISPATCH,UNIT_SCADA,1,"2022/10/20 05:50:00",RT_SA3,0
D,DISPATCH,UNIT_SCADA,1,"2022/10/20 05:50:00",RT_SA4,0
D,DISPATCH,UNIT_SCADA,1,"2022/10/20 05:50:00",RT_SA5,0
D,DISPATCH,UNIT_SCADA,1,"2022/10/20 05:50:00",RT_SA6,0
D,DISPATCH,UNIT_SCADA,1,"2022/10/20 05:50:00",RT_TAS1,0
D,DISPATCH,UNIT_SCADA,1,"2022/10/20 05:50:00",RT_VIC1,0
D,DISPATCH,UNIT_SCADA,1,"2022/10/20 05:50:00",RT_VIC10,0
D,DISPATCH,UNIT_SCADA,1,"2022/10/20 05:50:00",RT_VIC11,0
D,DISPATCH,UNIT_SCADA,1,"2022/10/20 05:50:00",RT_VIC12,0
D,DISPATCH,UNIT_SCADA,1,"2022/10/20 05:50:00",RT_VIC2,0
D,DISPATCH,UNIT_SCADA,1,"2022/10/20 05:50:00",RT_VIC3,0
D,DISPATCH,UNIT_SCADA,1,"2022/10/20 05:50:00",RT_VIC4,0
D,DISPATCH,UNIT_SCADA,1,"2022/10/20 05:50:00",RT_VIC5,0
D,DISPATCH,UNIT_SCADA,1,"2022/10/20 05:50:00",RT_VIC6,0
D,DISPATCH,UNIT_SCADA,1,"2022/10/20 05:50:00",RT_VIC7,0
D,DISPATCH,UNIT_SCADA,1,"2022/10/20 05:50:00",RT_VIC8,0
D,DISPATCH,UNIT_SCADA,1,"2022/10/20 05:50:00",RT_VIC9,0
D,DISPATCH,UNIT_SCADA,1,"2022/10/20 05:50:00",RUGBYR1,0
D,DISPATCH,UNIT_SCADA,1,"2022/10/20 05:50:00",SALTCRK1,13.22
D,DISPATCH,UNIT_SCADA,1,"2022/10/20 05:50:00",SAPHWF1,190.803390
D,DISPATCH,UNIT_SCADA,1,"2022/10/20 05:50:00",SEBSF1,2.687710
D,DISPATCH,UNIT_SCADA,1,"2022/10/20 05:50:00",SHGEN,0
D,DISPATCH,UNIT_SCADA,1,"2022/10/20 05:50:00",SHPUMP,0
D,DISPATCH,UNIT_SCADA,1,"2022/10/20 05:50:00",SITHE01,0.123710
D,DISPATCH,UNIT_SCADA,1,"2022/10/20 05:50:00",SMCSF1,0
D,DISPATCH,UNIT_SCADA,1,"2022/10/20 05:50:00",SNAPPER1,0
D,DISPATCH,UNIT_SCADA,1,"2022/10/20 05:50:00",SNOWNTH1,139.50
D,DISPATCH,UNIT_SCADA,1,"2022/10/20 05:50:00",SNOWSTH1,121.30
D,DISPATCH,UNIT_SCADA,1,"2022/10/20 05:50:00",SNOWTWN1,79.618820
D,DISPATCH,UNIT_SCADA,1,"2022/10/20 05:50:00",SNOWYP,0
D,DISPATCH,UNIT_SCADA,1,"2022/10/20 05:50:00",SNUG1,0
D,DISPATCH,UNIT_SCADA,1,"2022/10/20 05:50:00",SRSF1,0
D,DISPATCH,UNIT_SCADA,1,"2022/10/20 05:50:00",STAN-1,280.491910
D,DISPATCH,UNIT_SCADA,1,"2022/10/20 05:50:00",STAN-2,364.576690
D,DISPATCH,UNIT_SCADA,1,"2022/10/20 05:50:00",STAN-3,219.786820
D,DISPATCH,UNIT_SCADA,1,"2022/10/20 05:50:00",STAN-4,365.7431
D,DISPATCH,UNIT_SCADA,1,"2022/10/20 05:50:00",STARHLWF,18.594580
D,DISPATCH,UNIT_SCADA,1,"2022/10/20 05:50:00",STOCKYD1,223.34
D,DISPATCH,UNIT_SCADA,1,"2022/10/20 05:50:00",STWF1,79.3280
D,DISPATCH,UNIT_SCADA,1,"2022/10/20 05:50:00",SUNRSF1,0
D,DISPATCH,UNIT_SCADA,1,"2022/10/20 05:50:00",SUNTPSF1,0
D,DISPATCH,UNIT_SCADA,1,"2022/10/20 05:50:00",SWAN_E,243.654390
D,DISPATCH,UNIT_SCADA,1,"2022/10/20 05:50:00",TALWA1,0
D,DISPATCH,UNIT_SCADA,1,"2022/10/20 05:50:00",TARALGA1,0
D,DISPATCH,UNIT_SCADA,1,"2022/10/20 05:50:00",TARONG#1,329.800020
D,DISPATCH,UNIT_SCADA,1,"2022/10/20 05:50:00",TARONG#2,330.800020
D,DISPATCH,UNIT_SCADA,1,"2022/10/20 05:50:00",TARONG#3,0.90
D,DISPATCH,UNIT_SCADA,1,"2022/10/20 05:50:00",TARONG#4,240.50
D,DISPATCH,UNIT_SCADA,1,"2022/10/20 05:50:00",TARRALEA,53.90
D,DISPATCH,UNIT_SCADA,1,"2022/10/20 05:50:00",TBSF1,0
D,DISPATCH,UNIT_SCADA,1,"2022/10/20 05:50:00",TNPS1,440.8750
D,DISPATCH,UNIT_SCADA,1,"2022/10/20 05:50:00",TORRB1,0
D,DISPATCH,UNIT_SCADA,1,"2022/10/20 05:50:00",TORRB2,40
D,DISPATCH,UNIT_SCADA,1,"2022/10/20 05:50:00",TORRB3,0
D,DISPATCH,UNIT_SCADA,1,"2022/10/20 05:50:00",TORRB4,0
D,DISPATCH,UNIT_SCADA,1,"2022/10/20 05:50:00",TREVALLN,99.064030
D,DISPATCH,UNIT_SCADA,1,"2022/10/20 05:50:00",TRIBUTE,0
D,DISPATCH,UNIT_SCADA,1,"2022/10/20 05:50:00",TUMUT3,0
D,DISPATCH,UNIT_SCADA,1,"2022/10/20 05:50:00",TUNGATIN,5.730020
D,DISPATCH,UNIT_SCADA,1,"2022/10/20 05:50:00",TVCC201,0
D,DISPATCH,UNIT_SCADA,1,"2022/10/20 05:50:00",TVPP104,0
D,DISPATCH,UNIT_SCADA,1,"2022/10/20 05:50:00",UPPTUMUT,0
D,DISPATCH,UNIT_SCADA,1,"2022/10/20 05:50:00",URANQ11,0
D,DISPATCH,UNIT_SCADA,1,"2022/10/20 05:50:00",URANQ12,0
D,DISPATCH,UNIT_SCADA,1,"2022/10/20 05:50:00",URANQ13,0
D,DISPATCH,UNIT_SCADA,1,"2022/10/20 05:50:00",URANQ14,0
D,DISPATCH,UNIT_SCADA,1,"2022/10/20 05:50:00",VBBG1,33.70
D,DISPATCH,UNIT_SCADA,1,"2022/10/20 05:50:00",VBBL1,0
D,DISPATCH,UNIT_SCADA,1,"2022/10/20 05:50:00",VP5,600.189210
D,DISPATCH,UNIT_SCADA,1,"2022/10/20 05:50:00",VP6,598.651060
D,DISPATCH,UNIT_SCADA,1,"2022/10/20 05:50:00",VPGS1,0
D,DISPATCH,UNIT_SCADA,1,"2022/10/20 05:50:00",VPGS2,0
D,DISPATCH,UNIT_SCADA,1,"2022/10/20 05:50:00",VPGS3,0
D,DISPATCH,UNIT_SCADA,1,"2022/10/20 05:50:00",VPGS4,0
D,DISPATCH,UNIT_SCADA,1,"2022/10/20 05:50:00",VPGS5,0
D,DISPATCH,UNIT_SCADA,1,"2022/10/20 05:50:00",VPGS6,0
D,DISPATCH,UNIT_SCADA,1,"2022/10/20 05:50:00",W/HOE#1,0
D,DISPATCH,UNIT_SCADA,1,"2022/10/20 05:50:00",W/HOE#2,0
D,DISPATCH,UNIT_SCADA,1,"2022/10/20 05:50:00",WAGGNSF1,0
D,DISPATCH,UNIT_SCADA,1,"2022/10/20 05:50:00",WALGRVG1,0
D,DISPATCH,UNIT_SCADA,1,"2022/10/20 05:50:00",WALGRVL1,0.053060
D,DISPATCH,UNIT_SCADA,1,"2022/10/20 05:50:00",WANDBG1,0
D,DISPATCH,UNIT_SCADA,1,"2022/10/20 05:50:00",WANDBL1,0.106970
D,DISPATCH,UNIT_SCADA,1,"2022/10/20 05:50:00",WARWSF1,0
D,DISPATCH,UNIT_SCADA,1,"2022/10/20 05:50:00",WARWSF2,0
D,DISPATCH,UNIT_SCADA,1,"2022/10/20 05:50:00",WATERLWF,87.80
D,DISPATCH,UNIT_SCADA,1,"2022/10/20 05:50:00",WDGPH1,0
D,DISPATCH,UNIT_SCADA,1,"2022/10/20 05:50:00",WELLSF1,0
D,DISPATCH,UNIT_SCADA,1,"2022/10/20 05:50:00",WEMENSF1,0
D,DISPATCH,UNIT_SCADA,1,"2022/10/20 05:50:00",WGWF1,118.30
D,DISPATCH,UNIT_SCADA,1,"2022/10/20 05:50:00",WHITSF1,0
D,DISPATCH,UNIT_SCADA,1,"2022/10/20 05:50:00",WINTSF1,2.13
D,DISPATCH,UNIT_SCADA,1,"2022/10/20 05:50:00",WKIEWA1,33.80
D,DISPATCH,UNIT_SCADA,1,"2022/10/20 05:50:00",WKIEWA2,33.90
D,DISPATCH,UNIT_SCADA,1,"2022/10/20 05:50:00",WOODLWN1,22.082860
D,DISPATCH,UNIT_SCADA,1,"2022/10/20 05:50:00",WOOLGSF1,0.007010
D,DISPATCH,UNIT_SCADA,1,"2022/10/20 05:50:00",WPWF,49.81
D,DISPATCH,UNIT_SCADA,1,"2022/10/20 05:50:00",WRSF1,0
D,DISPATCH,UNIT_SCADA,1,"2022/10/20 05:50:00",WRWF1,42.011750
D,DISPATCH,UNIT_SCADA,1,"2022/10/20 05:50:00",WSTWYSF1,0
D,DISPATCH,UNIT_SCADA,1,"2022/10/20 05:50:00",YABULU,0
D,DISPATCH,UNIT_SCADA,1,"2022/10/20 05:50:00",YABULU2,0
D,DISPATCH,UNIT_SCADA,1,"2022/10/20 05:50:00",YARANSF1,0.56
D,DISPATCH,UNIT_SCADA,1,"2022/10/20 05:50:00",YARWUN_1,129.80
D,DISPATCH,UNIT_SCADA,1,"2022/10/20 05:50:00",YATSF1,0
D,DISPATCH,UNIT_SCADA,1,"2022/10/20 05:50:00",YENDWF1,40.88
D,DISPATCH,UNIT_SCADA,1,"2022/10/20 05:50:00",YWPS1,365.6633
D,DISPATCH,UNIT_SCADA,1,"2022/10/20 05:50:00",YWPS2,289.721530
D,DISPATCH,UNIT_SCADA,1,"2022/10/20 05:50:00",YWPS3,358.259490
D,DISPATCH,UNIT_SCADA,1,"2022/10/20 05:50:00",YWPS4,0
C,"END OF REPORT",419
