C,NEMP.WORLD,DISPATCHSCADA,AEMO,PUBLIC,2022/10/20,16:50:10,0000000373268305,DISPATCHSCADA,0000000373268299
I,DISPATCH,UNIT_SCADA,1,SETTLEMENTDATE,DUID,SCADAVALUE
D,DISPATCH,UNIT_SCADA,1,"2022/10/20 16:55:00",BARCSF1,2.40
D,DISPATCH,UNIT_SCADA,1,"2022/10/20 16:55:00",BUTLERSG,8.699999
D,DISPATCH,UNIT_SCADA,1,"2022/10/20 16:55:00",CAPTL_WF,80.149658
D,DISPATCH,UNIT_SCADA,1,"2022/10/20 16:55:00",CHALLHWF,10.90
D,DISPATCH,UNIT_SCADA,1,"2022/10/20 16:55:00",CLOVER,10.48
D,DISPATCH,UNIT_SCADA,1,"2022/10/20 16:55:00",CLUNY,6.238956
D,DISPATCH,UNIT_SCADA,1,"2022/10/20 16:55:00",CULLRGWF,-0.04
D,DISPATCH,UNIT_SCADA,1,"2022/10/20 16:55:00",DIAPURWF1,1.10
D,DISPATCH,UNIT_SCADA,1,"2022/10/20 16:55:00",ERGT01,0
D,DISPATCH,UNIT_SCADA,1,"2022/10/20 16:55:00",GB01,0
D,DISPATCH,UNIT_SCADA,1,"2022/10/20 16:55:00",GERMCRK,21.700001
D,DISPATCH,UNIT_SCADA,1,"2022/10/20 16:55:00",GRIFSF1,9.199664
D,DISPATCH,UNIT_SCADA,1,"2022/10/20 16:55:00",HEZ1,0
D,DISPATCH,UNIT_SCADA,1,"2022/10/20 16:55:00",HUGSF1,6.5870
D,DISPATCH,UNIT_SCADA,1,"2022/10/20 16:55:00",KEPBG1,0.01
D,DISPATCH,UNIT_SCADA,1,"2022/10/20 16:55:00",LRSF1,10.6520
D,DISPATCH,UNIT_SCADA,1,"2022/10/20 16:55:00",MBAHNTH,43.800003
D,DISPATCH,UNIT_SCADA,1,"2022/10/20 16:55:00",MLSP1,0.590001
D,DISPATCH,UNIT_SCADA,1,"2022/10/20 16:55:00",MLWF1,7.35
D,DISPATCH,UNIT_SCADA,1,"2022/10/20 16:55:00",PALOONA,30.32
D,DISPATCH,UNIT_SCADA,1,"2022/10/20 16:55:00",PIONEER,25.50
D,DISPATCH,UNIT_SCADA,1,"2022/10/20 16:55:00",PORTWF,33.799999
D,DISPATCH,UNIT_SCADA,1,"2022/10/20 16:55:00",REPULSE,9.574731
D,DISPATCH,UNIT_SCADA,1,"2022/10/20 16:55:00",ROWALLAN,8.8821
D,DISPATCH,UNIT_SCADA,1,"2022/10/20 16:55:00",ROYALLA1,1.813003
D,DISPATCH,UNIT_SCADA,1,"2022/10/20 16:55:00",RPCG,-1.80
D,DISPATCH,UNIT_SCADA,1,"2022/10/20 16:55:00",RUBICON,0
D,DISPATCH,UNIT_SCADA,1,"2022/10/20 16:55:00",WAUBRAWF,61.2080
D,DISPATCH,UNIT_SCADA,1,"2022/10/20 16:55:00",WOOLNTH1,95.639999
D,DISPATCH,UNIT_SCADA,1,"2022/10/20 16:55:00",YAMBUKWF,2.30
D,DISPATCH,UNIT_SCADA,1,"2022/10/20 16:55:00",YSWF1,1.10
D,DISPATCH,UNIT_SCADA,1,"2022/10/20 16:55:00",ADPBA1G,0.0080
D,DISPATCH,UNIT_SCADA,1,"2022/10/20 16:55:00",ADPBA1L,0
D,DISPATCH,UNIT_SCADA,1,"2022/10/20 16:55:00",ADPPV1,8.7760
D,DISPATCH,UNIT_SCADA,1,"2022/10/20 16:55:00",AGLHAL,30.404080
D,DISPATCH,UNIT_SCADA,1,"2022/10/20 16:55:00",AGLSOM,0
D,DISPATCH,UNIT_SCADA,1,"2022/10/20 16:55:00",ANGAST1,0
D,DISPATCH,UNIT_SCADA,1,"2022/10/20 16:55:00",ARWF1,69.80
D,DISPATCH,UNIT_SCADA,1,"2022/10/20 16:55:00",BALBG1,3.43
D,DISPATCH,UNIT_SCADA,1,"2022/10/20 16:55:00",BALBL1,0
D,DISPATCH,UNIT_SCADA,1,"2022/10/20 16:55:00",BALDHWF1,103.24
D,DISPATCH,UNIT_SCADA,1,"2022/10/20 16:55:00",BANGOWF1,70.999620
D,DISPATCH,UNIT_SCADA,1,"2022/10/20 16:55:00",BANGOWF2,9.098570
D,DISPATCH,UNIT_SCADA,1,"2022/10/20 16:55:00",BANN1,12.94
D,DISPATCH,UNIT_SCADA,1,"2022/10/20 16:55:00",BARCALDN,0
D,DISPATCH,UNIT_SCADA,1,"2022/10/20 16:55:00",BARKIPS1,0
D,DISPATCH,UNIT_SCADA,1,"2022/10/20 16:55:00",BARRON-1,25.64
D,DISPATCH,UNIT_SCADA,1,"2022/10/20 16:55:00",BARRON-2,25.28
D,DISPATCH,UNIT_SCADA,1,"2022/10/20 16:55:00",BASTYAN,53.02
D,DISPATCH,UNIT_SCADA,1,"2022/10/20 16:55:00",BBTHREE1,0
D,DISPATCH,UNIT_SCADA,1,"2022/10/20 16:55:00",BBTHREE2,0
D,DISPATCH,UNIT_SCADA,1,"2022/10/20 16:55:00",BBTHREE3,-1.14
D,DISPATCH,UNIT_SCADA,1,"2022/10/20 16:55:00",BDL01,0
D,DISPATCH,UNIT_SCADA,1,"2022/10/20 16:55:00",BDL02,0
D,DISPATCH,UNIT_SCADA,1,"2022/10/20 16:55:00",BERYLSF1,5.452190
D,DISPATCH,UNIT_SCADA,1,"2022/10/20 16:55:00",BLOWERNG,62.50
D,DISPATCH,UNIT_SCADA,1,"2022/10/20 16:55:00",BLUEGSF1,9.288190
D,DISPATCH,UNIT_SCADA,1,"2022/10/20 16:55:00",BLUFF1,0
D,DISPATCH,UNIT_SCADA,1,"2022/10/20 16:55:00",BNGSF1,105.35
D,DISPATCH,UNIT_SCADA,1,"2022/10/20 16:55:00",BNGSF2,106.88
D,DISPATCH,UNIT_SCADA,1,"2022/10/20 16:55:00",BOCORWF1,54.99
D,DISPATCH,UNIT_SCADA,1,"2022/10/20 16:55:00",BODWF1,88.642110
D,DISPATCH,UNIT_SCADA,1,"2022/10/20 16:55:00",BOMENSF1,15.232780
D,DISPATCH,UNIT_SCADA,1,"2022/10/20 16:55:00",BOWWBA1G,0
D,DISPATCH,UNIT_SCADA,1,"2022/10/20 16:55:00",BOWWBA1L,0.0020
D,DISPATCH,UNIT_SCADA,1,"2022/10/20 16:55:00",BOWWPV1,0
D,DISPATCH,UNIT_SCADA,1,"2022/10/20 16:55:00",BRAEMAR1,0
D,DISPATCH,UNIT_SCADA,1,"2022/10/20 16:55:00",BRAEMAR2,0
D,DISPATCH,UNIT_SCADA,1,"2022/10/20 16:55:00",BRAEMAR3,0
D,DISPATCH,UNIT_SCADA,1,"2022/10/20 16:55:00",BRAEMAR5,139.241650
D,DISPATCH,UNIT_SCADA,1,"2022/10/20 16:55:00",BRAEMAR6,0
D,DISPATCH,UNIT_SCADA,1,"2022/10/20 16:55:00",BRAEMAR7,141.709050
D,DISPATCH,UNIT_SCADA,1,"2022/10/20 16:55:00",BROKENH1,13.2998
D,DISPATCH,UNIT_SCADA,1,"2022/10/20 16:55:00",BRYB1WF1,90.348670
D,DISPATCH,UNIT_SCADA,1,"2022/10/20 16:55:00",BULBESG1,0
D,DISPATCH,UNIT_SCADA,1,"2022/10/20 16:55:00",BULBESL1,19.48
D,DISPATCH,UNIT_SCADA,1,"2022/10/20 16:55:00",BULGANA1,44.63
D,DISPATCH,UNIT_SCADA,1,"2022/10/20 16:55:00",BW01,659.104310
D,DISPATCH,UNIT_SCADA,1,"2022/10/20 16:55:00",BW02,618.966980
D,DISPATCH,UNIT_SCADA,1,"2022/10/20 16:55:00",BW03,508.906680
D,DISPATCH,UNIT_SCADA,1,"2022/10/20 16:55:00",BW04,0
D,DISPATCH,UNIT_SCADA,1,"2022/10/20 16:55:00",CALL_B_1,321.800020
D,DISPATCH,UNIT_SCADA,1,"2022/10/20 16:55:00",CALL_B_2,322
D,DISPATCH,UNIT_SCADA,1,"2022/10/20 16:55:00",CATHROCK,10.10
D,DISPATCH,UNIT_SCADA,1,"2022/10/20 16:55:00",CBWWBA1G,0
D,DISPATCH,UNIT_SCADA,1,"2022/10/20 16:55:00",CBWWBA1L,0
D,DISPATCH,UNIT_SCADA,1,"2022/10/20 16:55:00",CETHANA,97.406130
D,DISPATCH,UNIT_SCADA,1,"2022/10/20 16:55:00",CG1,0
D,DISPATCH,UNIT_SCADA,1,"2022/10/20 16:55:00",CG2,0
D,DISPATCH,UNIT_SCADA,1,"2022/10/20 16:55:00",CG3,0
D,DISPATCH,UNIT_SCADA,1,"2022/10/20 16:55:00",CG4,0
D,DISPATCH,UNIT_SCADA,1,"2022/10/20 16:55:00",CHILDSF1,1.11
D,DISPATCH,UNIT_SCADA,1,"2022/10/20 16:55:00",CHYTWF1,8
D,DISPATCH,UNIT_SCADA,1,"2022/10/20 16:55:00",CLARESF1,0
D,DISPATCH,UNIT_SCADA,1,"2022/10/20 16:55:00",CLEMGPWF,11.669670
D,DISPATCH,UNIT_SCADA,1,"2022/10/20 16:55:00",CLERMSF1,45.09
D,DISPATCH,UNIT_SCADA,1,"2022/10/20 16:55:00",CNUNDAWF,6.607710
D,DISPATCH,UNIT_SCADA,1,"2022/10/20 16:55:00",COHUNSF1,5.09
D,DISPATCH,UNIT_SCADA,1,"2022/10/20 16:55:00",COLEASF1,10.001140
D,DISPATCH,UNIT_SCADA,1,"2022/10/20 16:55:00",COLUMSF1,15.7550
D,DISPATCH,UNIT_SCADA,1,"2022/10/20 16:55:00",COLWF01,99.6460
D,DISPATCH,UNIT_SCADA,1,"2022/10/20 16:55:00",COOPGWF1,336.820010
D,DISPATCH,UNIT_SCADA,1,"2022/10/20 16:55:00",CPP_3,372.6250
D,DISPATCH,UNIT_SCADA,1,"2022/10/20 16:55:00",CPP_4,0
D,DISPATCH,UNIT_SCADA,1,"2022/10/20 16:55:00",CPSA,0
D,DISPATCH,UNIT_SCADA,1,"2022/10/20 16:55:00",CROOKWF2,61.004960
D,DISPATCH,UNIT_SCADA,1,"2022/10/20 16:55:00",CROWLWF1,29.309950
D,DISPATCH,UNIT_SCADA,1,"2022/10/20 16:55:00",CRURWF1,50.798120
D,DISPATCH,UNIT_SCADA,1,"2022/10/20 16:55:00",CRWASF1,16.984060
D,DISPATCH,UNIT_SCADA,1,"2022/10/20 16:55:00",CSPVPS1,4.0490
D,DISPATCH,UNIT_SCADA,1,"2022/10/20 16:55:00",CTHLWF1,0.003050
D,DISPATCH,UNIT_SCADA,1,"2022/10/20 16:55:00",DALNTH01,0
D,DISPATCH,UNIT_SCADA,1,"2022/10/20 16:55:00",DALNTHL1,0.077820
D,DISPATCH,UNIT_SCADA,1,"2022/10/20 16:55:00",DARLSF1,90.751210
D,DISPATCH,UNIT_SCADA,1,"2022/10/20 16:55:00",DARTM1,0
D,DISPATCH,UNIT_SCADA,1,"2022/10/20 16:55:00",DAYDSF1,11.67
D,DISPATCH,UNIT_SCADA,1,"2022/10/20 16:55:00",DDPS1,0
D,DISPATCH,UNIT_SCADA,1,"2022/10/20 16:55:00",DDSF1,5.229060
D,DISPATCH,UNIT_SCADA,1,"2022/10/20 16:55:00",DEVILS_G,60.158080
D,DISPATCH,UNIT_SCADA,1,"2022/10/20 16:55:00",DG_NSW1,0
D,DISPATCH,UNIT_SCADA,1,"2022/10/20 16:55:00",DG_QLD1,0
D,DISPATCH,UNIT_SCADA,1,"2022/10/20 16:55:00",DG_SA1,0
D,DISPATCH,UNIT_SCADA,1,"2022/10/20 16:55:00",DG_TAS1,0
D,DISPATCH,UNIT_SCADA,1,"2022/10/20 16:55:00",DG_VIC1,0
D,DISPATCH,UNIT_SCADA,1,"2022/10/20 16:55:00",DRYCGT1,0
D,DISPATCH,UNIT_SCADA,1,"2022/10/20 16:55:00",DRYCGT2,0
D,DISPATCH,UNIT_SCADA,1,"2022/10/20 16:55:00",DRYCGT3,0
D,DISPATCH,UNIT_SCADA,1,"2022/10/20 16:55:00",DUNDWF1,67.93
D,DISPATCH,UNIT_SCADA,1,"2022/10/20 16:55:00",DUNDWF2,13.02
D,DISPATCH,UNIT_SCADA,1,"2022/10/20 16:55:00",DUNDWF3,59.50
D,DISPATCH,UNIT_SCADA,1,"2022/10/20 16:55:00",EILDON1,59.64
D,DISPATCH,UNIT_SCADA,1,"2022/10/20 16:55:00",EILDON2,59.92
D,DISPATCH,UNIT_SCADA,1,"2022/10/20 16:55:00",ELAINWF1,18.72
D,DISPATCH,UNIT_SCADA,1,"2022/10/20 16:55:00",EMERASF1,0
D,DISPATCH,UNIT_SCADA,1,"2022/10/20 16:55:00",ER01,0
D,DISPATCH,UNIT_SCADA,1,"2022/10/20 16:55:00",ER02,680.344850
D,DISPATCH,UNIT_SCADA,1,"2022/10/20 16:55:00",ER03,639.768070
D,DISPATCH,UNIT_SCADA,1,"2022/10/20 16:55:00",ER04,689.500240
D,DISPATCH,UNIT_SCADA,1,"2022/10/20 16:55:00",FINLYSF1,113.304340
D,DISPATCH,UNIT_SCADA,1,"2022/10/20 16:55:00",FISHER,43.89
D,DISPATCH,UNIT_SCADA,1,"2022/10/20 16:55:00",GANGARR1,9.3170
D,DISPATCH,UNIT_SCADA,1,"2022/10/20 16:55:00",GANNBG1,0.006440
D,DISPATCH,UNIT_SCADA,1,"2022/10/20 16:55:00",GANNBL1,0
D,DISPATCH,UNIT_SCADA,1,"2022/10/20 16:55:00",GANNSF1,12.30
D,DISPATCH,UNIT_SCADA,1,"2022/10/20 16:55:00",GLRWNSF1,33.99
D,DISPATCH,UNIT_SCADA,1,"2022/10/20 16:55:00",GNNDHSF1,33.493480
D,DISPATCH,UNIT_SCADA,1,"2022/10/20 16:55:00",GOONSF1,8.912490
D,DISPATCH,UNIT_SCADA,1,"2022/10/20 16:55:00",GORDON,261.602290
D,DISPATCH,UNIT_SCADA,1,"2022/10/20 16:55:00",GRANWF1,0
D,DISPATCH,UNIT_SCADA,1,"2022/10/20 16:55:00",GSTONE1,200.3750
D,DISPATCH,UNIT_SCADA,1,"2022/10/20 16:55:00",GSTONE2,0
D,DISPATCH,UNIT_SCADA,1,"2022/10/20 16:55:00",GSTONE3,199.849990
D,DISPATCH,UNIT_SCADA,1,"2022/10/20 16:55:00",GSTONE4,0
D,DISPATCH,UNIT_SCADA,1,"2022/10/20 16:55:00",GSTONE5,201.25
D,DISPATCH,UNIT_SCADA,1,"2022/10/20 16:55:00",GSTONE6,200.20
D,DISPATCH,UNIT_SCADA,1,"2022/10/20 16:55:00",GULLRSF1,0.2650
D,DISPATCH,UNIT_SCADA,1,"2022/10/20 16:55:00",GULLRWF1,103.723430
D,DISPATCH,UNIT_SCADA,1,"2022/10/20 16:55:00",GULLRWF2,98.6187
D,DISPATCH,UNIT_SCADA,1,"2022/10/20 16:55:00",GUNNING1,0
D,DISPATCH,UNIT_SCADA,1,"2022/10/20 16:55:00",GUTHEGA,67.90
D,DISPATCH,UNIT_SCADA,1,"2022/10/20 16:55:00",HALLWF1,0
D,DISPATCH,UNIT_SCADA,1,"2022/10/20 16:55:00",HALLWF2,0
D,DISPATCH,UNIT_SCADA,1,"2022/10/20 16:55:00",HAMISF1,3.90
D,DISPATCH,UNIT_SCADA,1,"2022/10/20 16:55:00",HAUGHT11,0
D,DISPATCH,UNIT_SCADA,1,"2022/10/20 16:55:00",HAYMSF1,3.4890
D,DISPATCH,UNIT_SCADA,1,"2022/10/20 16:55:00",HDWF1,14.10
D,DISPATCH,UNIT_SCADA,1,"2022/10/20 16:55:00",HDWF2,21.30
D,DISPATCH,UNIT_SCADA,1,"2022/10/20 16:55:00",HDWF3,27.10
D,DISPATCH,UNIT_SCADA,1,"2022/10/20 16:55:00",HILLSTN1,0.560960
D,DISPATCH,UNIT_SCADA,1,"2022/10/20 16:55:00",HPRG1,8.70
D,DISPATCH,UNIT_SCADA,1,"2022/10/20 16:55:00",HPRL1,0
D,DISPATCH,UNIT_SCADA,1,"2022/10/20 16:55:00",HUMENSW,53.816910
D,DISPATCH,UNIT_SCADA,1,"2022/10/20 16:55:00",HUMEV,0
D,DISPATCH,UNIT_SCADA,1,"2022/10/20 16:55:00",HVWWBA1G,0
D,DISPATCH,UNIT_SCADA,1,"2022/10/20 16:55:00",HVWWBA1L,0.0060
D,DISPATCH,UNIT_SCADA,1,"2022/10/20 16:55:00",HVWWPV1,5.1930
D,DISPATCH,UNIT_SCADA,1,"2022/10/20 16:55:00",JBUTTERS,0
D,DISPATCH,UNIT_SCADA,1,"2022/10/20 16:55:00",JEMALNG1,8.05
D,DISPATCH,UNIT_SCADA,1,"2022/10/20 16:55:00",JLA01,0
D,DISPATCH,UNIT_SCADA,1,"2022/10/20 16:55:00",JLA02,0
D,DISPATCH,UNIT_SCADA,1,"2022/10/20 16:55:00",JLA03,0
D,DISPATCH,UNIT_SCADA,1,"2022/10/20 16:55:00",JLA04,0
D,DISPATCH,UNIT_SCADA,1,"2022/10/20 16:55:00",JLB01,0
D,DISPATCH,UNIT_SCADA,1,"2022/10/20 16:55:00",JLB02,0.10
D,DISPATCH,UNIT_SCADA,1,"2022/10/20 16:55:00",JLB03,0
D,DISPATCH,UNIT_SCADA,1,"2022/10/20 16:55:00",JUNEESF1,2.163970
D,DISPATCH,UNIT_SCADA,1,"2022/10/20 16:55:00",KABANWF1,1.6740
D,DISPATCH,UNIT_SCADA,1,"2022/10/20 16:55:00",KAREEYA1,18.1125
D,DISPATCH,UNIT_SCADA,1,"2022/10/20 16:55:00",KAREEYA2,0
D,DISPATCH,UNIT_SCADA,1,"2022/10/20 16:55:00",KAREEYA3,21.6425
D,DISPATCH,UNIT_SCADA,1,"2022/10/20 16:55:00",KAREEYA4,0
D,DISPATCH,UNIT_SCADA,1,"2022/10/20 16:55:00",KARSF1,23.70
D,DISPATCH,UNIT_SCADA,1,"2022/10/20 16:55:00",KEPSF1,8.56
D,DISPATCH,UNIT_SCADA,1,"2022/10/20 16:55:00",KEPWF1,16.61
D,DISPATCH,UNIT_SCADA,1,"2022/10/20 16:55:00",KIAMSF1,32.5742
D,DISPATCH,UNIT_SCADA,1,"2022/10/20 16:55:00",KIATAWF1,8.20
D,DISPATCH,UNIT_SCADA,1,"2022/10/20 16:55:00",KPP_1,0
D,DISPATCH,UNIT_SCADA,1,"2022/10/20 16:55:00",KSP1,10.28
D,DISPATCH,UNIT_SCADA,1,"2022/10/20 16:55:00",LADBROK1,0.01
D,DISPATCH,UNIT_SCADA,1,"2022/10/20 16:55:00",LADBROK2,0.02
D,DISPATCH,UNIT_SCADA,1,"2022/10/20 16:55:00",LBBG1,0
D,DISPATCH,UNIT_SCADA,1,"2022/10/20 16:55:00",LBBL1,0
D,DISPATCH,UNIT_SCADA,1,"2022/10/20 16:55:00",LD01,350.5112
D,DISPATCH,UNIT_SCADA,1,"2022/10/20 16:55:00",LD02,30.359810
D,DISPATCH,UNIT_SCADA,1,"2022/10/20 16:55:00",LD04,321.744450
D,DISPATCH,UNIT_SCADA,1,"2022/10/20 16:55:00",LEM_WIL,87.078370
D,DISPATCH,UNIT_SCADA,1,"2022/10/20 16:55:00",LGAPWF1,63.45
D,DISPATCH,UNIT_SCADA,1,"2022/10/20 16:55:00",LGAPWF2,36.8010
D,DISPATCH,UNIT_SCADA,1,"2022/10/20 16:55:00",LILYSF1,5.341180
D,DISPATCH,UNIT_SCADA,1,"2022/10/20 16:55:00",LIMOSF11,68.1149
D,DISPATCH,UNIT_SCADA,1,"2022/10/20 16:55:00",LIMOSF21,10.221130
D,DISPATCH,UNIT_SCADA,1,"2022/10/20 16:55:00",LI_WY_CA,63.359260
D,DISPATCH,UNIT_SCADA,1,"2022/10/20 16:55:00",LKBONNY1,0
D,DISPATCH,UNIT_SCADA,1,"2022/10/20 16:55:00",LKBONNY2,6.815240
D,DISPATCH,UNIT_SCADA,1,"2022/10/20 16:55:00",LKBONNY3,2.958570
D,DISPATCH,UNIT_SCADA,1,"2022/10/20 16:55:00",LK_ECHO,0
D,DISPATCH,UNIT_SCADA,1,"2022/10/20 16:55:00",LNGS1,0
D,DISPATCH,UNIT_SCADA,1,"2022/10/20 16:55:00",LNGS2,0
D,DISPATCH,UNIT_SCADA,1,"2022/10/20 16:55:00",LONSDALE,0
D,DISPATCH,UNIT_SCADA,1,"2022/10/20 16:55:00",LOYYB1,579.698730
D,DISPATCH,UNIT_SCADA,1,"2022/10/20 16:55:00",LOYYB2,574.8114
D,DISPATCH,UNIT_SCADA,1,"2022/10/20 16:55:00",LYA1,562
D,DISPATCH,UNIT_SCADA,1,"2022/10/20 16:55:00",LYA2,0
D,DISPATCH,UNIT_SCADA,1,"2022/10/20 16:55:00",LYA3,562
D,DISPATCH,UNIT_SCADA,1,"2022/10/20 16:55:00",LYA4,563
D,DISPATCH,UNIT_SCADA,1,"2022/10/20 16:55:00",MACARTH1,55.598720
D,DISPATCH,UNIT_SCADA,1,"2022/10/20 16:55:00",MACKNTSH,0
D,DISPATCH,UNIT_SCADA,1,"2022/10/20 16:55:00",MANSLR1,6.1830
D,DISPATCH,UNIT_SCADA,1,"2022/10/20 16:55:00",MAPS2PV1,0
D,DISPATCH,UNIT_SCADA,1,"2022/10/20 16:55:00",MAPS3PV1,0
D,DISPATCH,UNIT_SCADA,1,"2022/10/20 16:55:00",MARYRSF1,2.69
D,DISPATCH,UNIT_SCADA,1,"2022/10/20 16:55:00",MBPS2PV1,0
D,DISPATCH,UNIT_SCADA,1,"2022/10/20 16:55:00",MCKAY1,222.4950
D,DISPATCH,UNIT_SCADA,1,"2022/10/20 16:55:00",MEADOWBK,5.887480
D,DISPATCH,UNIT_SCADA,1,"2022/10/20 16:55:00",MERCER01,23.40
D,DISPATCH,UNIT_SCADA,1,"2022/10/20 16:55:00",METZSF1,42.586060
D,DISPATCH,UNIT_SCADA,1,"2022/10/20 16:55:00",MEWF1,26.318850
D,DISPATCH,UNIT_SCADA,1,"2022/10/20 16:55:00",MIDDLSF1,8.14
D,DISPATCH,UNIT_SCADA,1,"2022/10/20 16:55:00",MINTARO,0.128180
D,DISPATCH,UNIT_SCADA,1,"2022/10/20 16:55:00",MOLNGSF1,2.850390
D,DISPATCH,UNIT_SCADA,1,"2022/10/20 16:55:00",MOORAWF1,34.16
D,DISPATCH,UNIT_SCADA,1,"2022/10/20 16:55:00",MOREESF1,1.0540
D,DISPATCH,UNIT_SCADA,1,"2022/10/20 16:55:00",MORTLK11,0
D,DISPATCH,UNIT_SCADA,1,"2022/10/20 16:55:00",MORTLK12,0
D,DISPATCH,UNIT_SCADA,1,"2022/10/20 16:55:00",MOUSF1,0
D,DISPATCH,UNIT_SCADA,1,"2022/10/20 16:55:00",MP1,0
D,DISPATCH,UNIT_SCADA,1,"2022/10/20 16:55:00",MP2,605.1972
D,DISPATCH,UNIT_SCADA,1,"2022/10/20 16:55:00",MPP_1,156.484130
D,DISPATCH,UNIT_SCADA,1,"2022/10/20 16:55:00",MPP_2,177.190990
D,DISPATCH,UNIT_SCADA,1,"2022/10/20 16:55:00",MRTLSWF1,0
D,DISPATCH,UNIT_SCADA,1,"2022/10/20 16:55:00",MSTUART1,0
D,DISPATCH,UNIT_SCADA,1,"2022/10/20 16:55:00",MSTUART2,0
D,DISPATCH,UNIT_SCADA,1,"2022/10/20 16:55:00",MSTUART3,0
D,DISPATCH,UNIT_SCADA,1,"2022/10/20 16:55:00",MTGELWF1,43.858150
D,DISPATCH,UNIT_SCADA,1,"2022/10/20 16:55:00",MTMILLAR,12.40
D,DISPATCH,UNIT_SCADA,1,"2022/10/20 16:55:00",MURRAY,0
D,DISPATCH,UNIT_SCADA,1,"2022/10/20 16:55:00",MUSSELR1,4
D,DISPATCH,UNIT_SCADA,1,"2022/10/20 16:55:00",MUWAWF1,21.80
D,DISPATCH,UNIT_SCADA,1,"2022/10/20 16:55:00",MUWAWF2,30.60
D,DISPATCH,UNIT_SCADA,1,"2022/10/20 16:55:00",MWPS1PV1,0.79
D,DISPATCH,UNIT_SCADA,1,"2022/10/20 16:55:00",MWPS2PV1,3.13
D,DISPATCH,UNIT_SCADA,1,"2022/10/20 16:55:00",MWPS3PV1,1.62
D,DISPATCH,UNIT_SCADA,1,"2022/10/20 16:55:00",MWPS4PV1,0.93
D,DISPATCH,UNIT_SCADA,1,"2022/10/20 16:55:00",NBHWF1,0.80
D,DISPATCH,UNIT_SCADA,1,"2022/10/20 16:55:00",NEVERSF1,3.34
D,DISPATCH,UNIT_SCADA,1,"2022/10/20 16:55:00",NPS,0
D,DISPATCH,UNIT_SCADA,1,"2022/10/20 16:55:00",NUMURSF1,12.53
D,DISPATCH,UNIT_SCADA,1,"2022/10/20 16:55:00",NYNGAN1,11.25
D,DISPATCH,UNIT_SCADA,1,"2022/10/20 16:55:00",OAKEY1,125.588510
D,DISPATCH,UNIT_SCADA,1,"2022/10/20 16:55:00",OAKEY1SF,2.5320
D,DISPATCH,UNIT_SCADA,1,"2022/10/20 16:55:00",OAKEY2,0
D,DISPATCH,UNIT_SCADA,1,"2022/10/20 16:55:00",OAKEY2SF,5.48
D,DISPATCH,UNIT_SCADA,1,"2022/10/20 16:55:00",OAKLAND1,16.80
D,DISPATCH,UNIT_SCADA,1,"2022/10/20 16:55:00",OSB-AG,147.72
D,DISPATCH,UNIT_SCADA,1,"2022/10/20 16:55:00",PAREPS1,0
D,DISPATCH,UNIT_SCADA,1,"2022/10/20 16:55:00",PAREPW1,173.489990
D,DISPATCH,UNIT_SCADA,1,"2022/10/20 16:55:00",PARSF1,6.800950
D,DISPATCH,UNIT_SCADA,1,"2022/10/20 16:55:00",POAT110,3.08
D,DISPATCH,UNIT_SCADA,1,"2022/10/20 16:55:00",POAT220,0
D,DISPATCH,UNIT_SCADA,1,"2022/10/20 16:55:00",POR01,0.008670
D,DISPATCH,UNIT_SCADA,1,"2022/10/20 16:55:00",POR03,0
D,DISPATCH,UNIT_SCADA,1,"2022/10/20 16:55:00",PPCCGT,166.169980
D,DISPATCH,UNIT_SCADA,1,"2022/10/20 16:55:00",PTSTAN1,0
D,DISPATCH,UNIT_SCADA,1,"2022/10/20 16:55:00",PUMP1,0
D,DISPATCH,UNIT_SCADA,1,"2022/10/20 16:55:00",PUMP2,0
D,DISPATCH,UNIT_SCADA,1,"2022/10/20 16:55:00",QBYNBG1,0
D,DISPATCH,UNIT_SCADA,1,"2022/10/20 16:55:00",QBYNBL1,2.349460
D,DISPATCH,UNIT_SCADA,1,"2022/10/20 16:55:00",QPS1,0
D,DISPATCH,UNIT_SCADA,1,"2022/10/20 16:55:00",QPS2,0
D,DISPATCH,UNIT_SCADA,1,"2022/10/20 16:55:00",QPS3,0
D,DISPATCH,UNIT_SCADA,1,"2022/10/20 16:55:00",QPS4,0
D,DISPATCH,UNIT_SCADA,1,"2022/10/20 16:55:00",QPS5,74.56
D,DISPATCH,UNIT_SCADA,1,"2022/10/20 16:55:00",REECE1,47.515120
D,DISPATCH,UNIT_SCADA,1,"2022/10/20 16:55:00",REECE2,37.59
D,DISPATCH,UNIT_SCADA,1,"2022/10/20 16:55:00",ROMA_7,0
D,DISPATCH,UNIT_SCADA,1,"2022/10/20 16:55:00",ROMA_8,0
D,DISPATCH,UNIT_SCADA,1,"2022/10/20 16:55:00",RRSF1,65.192680
D,DISPATCH,UNIT_SCADA,1,"2022/10/20 16:55:00",RT_NSW1,0
D,DISPATCH,UNIT_SCADA,1,"2022/10/20 16:55:00",RT_NSW2,0
D,DISPATCH,UNIT_SCADA,1,"2022/10/20 16:55:00",RT_NSW3,0
D,DISPATCH,UNIT_SCADA,1,"2022/10/20 16:55:00",RT_NSW4,0
D,DISPATCH,UNIT_SCADA,1,"2022/10/20 16:55:00",RT_NSW5,0
D,DISPATCH,UNIT_SCADA,1,"2022/10/20 16:55:00",RT_NSW6,0
D,DISPATCH,UNIT_SCADA,1,"2022/10/20 16:55:00",RT_QLD1,0
D,DISPATCH,UNIT_SCADA,1,"2022/10/20 16:55:00",RT_SA1,0
D,DISPATCH,UNIT_SCADA,1,"2022/10/20 16:55:00",RT_SA2,0
D,DISPATCH,UNIT_SCADA,1,"2022/10/20 16:55:00",RT_SA3,0
D,DISPATCH,UNIT_SCADA,1,"2022/10/20 16:55:00",RT_SA4,0
D,DISPATCH,UNIT_SCADA,1,"2022/10/20 16:55:00",RT_SA5,0
D,DISPATCH,UNIT_SCADA,1,"2022/10/20 16:55:00",RT_SA6,0
D,DISPATCH,UNIT_SCADA,1,"2022/10/20 16:55:00",RT_TAS1,0
D,DISPATCH,UNIT_SCADA,1,"2022/10/20 16:55:00",RT_VIC1,0
D,DISPATCH,UNIT_SCADA,1,"2022/10/20 16:55:00",RT_VIC10,0
D,DISPATCH,UNIT_SCADA,1,"2022/10/20 16:55:00",RT_VIC11,0
D,DISPATCH,UNIT_SCADA,1,"2022/10/20 16:55:00",RT_VIC12,0
D,DISPATCH,UNIT_SCADA,1,"2022/10/20 16:55:00",RT_VIC2,0
D,DISPATCH,UNIT_SCADA,1,"2022/10/20 16:55:00",RT_VIC3,0
D,DISPATCH,UNIT_SCADA,1,"2022/10/20 16:55:00",RT_VIC4,0
D,DISPATCH,UNIT_SCADA,1,"2022/10/20 16:55:00",RT_VIC5,0
D,DISPATCH,UNIT_SCADA,1,"2022/10/20 16:55:00",RT_VIC6,0
D,DISPATCH,UNIT_SCADA,1,"2022/10/20 16:55:00",RT_VIC7,0
D,DISPATCH,UNIT_SCADA,1,"2022/10/20 16:55:00",RT_VIC8,0
D,DISPATCH,UNIT_SCADA,1,"2022/10/20 16:55:00",RT_VIC9,0
D,DISPATCH,UNIT_SCADA,1,"2022/10/20 16:55:00",RUGBYR1,6.235650
D,DISPATCH,UNIT_SCADA,1,"2022/10/20 16:55:00",SALTCRK1,20.64
D,DISPATCH,UNIT_SCADA,1,"2022/10/20 16:55:00",SAPHWF1,77.212170
D,DISPATCH,UNIT_SCADA,1,"2022/10/20 16:55:00",SEBSF1,4.801440
D,DISPATCH,UNIT_SCADA,1,"2022/10/20 16:55:00",SHGEN,0
D,DISPATCH,UNIT_SCADA,1,"2022/10/20 16:55:00",SHPUMP,0
D,DISPATCH,UNIT_SCADA,1,"2022/10/20 16:55:00",SITHE01,0.005650
D,DISPATCH,UNIT_SCADA,1,"2022/10/20 16:55:00",SMCSF1,11.6410
D,DISPATCH,UNIT_SCADA,1,"2022/10/20 16:55:00",SNAPPER1,0
D,DISPATCH,UNIT_SCADA,1,"2022/10/20 16:55:00",SNOWNTH1,24.90
D,DISPATCH,UNIT_SCADA,1,"2022/10/20 16:55:00",SNOWSTH1,24.10
D,DISPATCH,UNIT_SCADA,1,"2022/10/20 16:55:00",SNOWTWN1,17.351550
D,DISPATCH,UNIT_SCADA,1,"2022/10/20 16:55:00",SNOWYP,0
D,DISPATCH,UNIT_SCADA,1,"2022/10/20 16:55:00",SNUG1,0
D,DISPATCH,UNIT_SCADA,1,"2022/10/20 16:55:00",SRSF1,4.17
D,DISPATCH,UNIT_SCADA,1,"2022/10/20 16:55:00",STAN-1,280.286830
D,DISPATCH,UNIT_SCADA,1,"2022/10/20 16:55:00",STAN-2,363.948610
D,DISPATCH,UNIT_SCADA,1,"2022/10/20 16:55:00",STAN-3,272.634610
D,DISPATCH,UNIT_SCADA,1,"2022/10/20 16:55:00",STAN-4,364.576690
D,DISPATCH,UNIT_SCADA,1,"2022/10/20 16:55:00",STARHLWF,15.395510
D,DISPATCH,UNIT_SCADA,1,"2022/10/20 16:55:00",STOCKYD1,233.28
D,DISPATCH,UNIT_SCADA,1,"2022/10/20 16:55:00",STWF1,4.586860
D,DISPATCH,UNIT_SCADA,1,"2022/10/20 16:55:00",SUNRSF1,89.636070
D,DISPATCH,UNIT_SCADA,1,"2022/10/20 16:55:00",SUNTPSF1,30.031590
D,DISPATCH,UNIT_SCADA,1,"2022/10/20 16:55:00",SWAN_E,283.130650
D,DISPATCH,UNIT_SCADA,1,"2022/10/20 16:55:00",TALWA1,0
D,DISPATCH,UNIT_SCADA,1,"2022/10/20 16:55:00",TARALGA1,0
D,DISPATCH,UNIT_SCADA,1,"2022/10/20 16:55:00",TARONG#1,349.899990
D,DISPATCH,UNIT_SCADA,1,"2022/10/20 16:55:00",TARONG#2,349.899990
D,DISPATCH,UNIT_SCADA,1,"2022/10/20 16:55:00",TARONG#3,0.90
D,DISPATCH,UNIT_SCADA,1,"2022/10/20 16:55:00",TARONG#4,246.70
D,DISPATCH,UNIT_SCADA,1,"2022/10/20 16:55:00",TARRALEA,53.90
D,DISPATCH,UNIT_SCADA,1,"2022/10/20 16:55:00",TBSF1,0.10
D,DISPATCH,UNIT_SCADA,1,"2022/10/20 16:55:00",TNPS1,424.3750
D,DISPATCH,UNIT_SCADA,1,"2022/10/20 16:55:00",TORRB1,0
D,DISPATCH,UNIT_SCADA,1,"2022/10/20 16:55:00",TORRB2,64
D,DISPATCH,UNIT_SCADA,1,"2022/10/20 16:55:00",TORRB3,0
D,DISPATCH,UNIT_SCADA,1,"2022/10/20 16:55:00",TORRB4,0
D,DISPATCH,UNIT_SCADA,1,"2022/10/20 16:55:00",TREVALLN,99.796530
D,DISPATCH,UNIT_SCADA,1,"2022/10/20 16:55:00",TRIBUTE,0
D,DISPATCH,UNIT_SCADA,1,"2022/10/20 16:55:00",TUMUT3,257.010010
D,DISPATCH,UNIT_SCADA,1,"2022/10/20 16:55:00",TUNGATIN,5.900020
D,DISPATCH,UNIT_SCADA,1,"2022/10/20 16:55:00",TVCC201,0
D,DISPATCH,UNIT_SCADA,1,"2022/10/20 16:55:00",TVPP104,23.638560
D,DISPATCH,UNIT_SCADA,1,"2022/10/20 16:55:00",UPPTUMUT,0
D,DISPATCH,UNIT_SCADA,1,"2022/10/20 16:55:00",URANQ11,0
D,DISPATCH,UNIT_SCADA,1,"2022/10/20 16:55:00",URANQ12,0
D,DISPATCH,UNIT_SCADA,1,"2022/10/20 16:55:00",URANQ13,0
D,DISPATCH,UNIT_SCADA,1,"2022/10/20 16:55:00",URANQ14,0
D,DISPATCH,UNIT_SCADA,1,"2022/10/20 16:55:00",VBBG1,5.60
D,DISPATCH,UNIT_SCADA,1,"2022/10/20 16:55:00",VBBL1,0
D,DISPATCH,UNIT_SCADA,1,"2022/10/20 16:55:00",VP5,546.2569
D,DISPATCH,UNIT_SCADA,1,"2022/10/20 16:55:00",VP6,548.478640
D,DISPATCH,UNIT_SCADA,1,"2022/10/20 16:55:00",VPGS1,0
D,DISPATCH,UNIT_SCADA,1,"2022/10/20 16:55:00",VPGS2,0
D,DISPATCH,UNIT_SCADA,1,"2022/10/20 16:55:00",VPGS3,0
D,DISPATCH,UNIT_SCADA,1,"2022/10/20 16:55:00",VPGS4,0
D,DISPATCH,UNIT_SCADA,1,"2022/10/20 16:55:00",VPGS5,0
D,DISPATCH,UNIT_SCADA,1,"2022/10/20 16:55:00",VPGS6,0
D,DISPATCH,UNIT_SCADA,1,"2022/10/20 16:55:00",W/HOE#1,161.28
D,DISPATCH,UNIT_SCADA,1,"2022/10/20 16:55:00",W/HOE#2,0
D,DISPATCH,UNIT_SCADA,1,"2022/10/20 16:55:00",WAGGNSF1,0
D,DISPATCH,UNIT_SCADA,1,"2022/10/20 16:55:00",WALGRVG1,0.019550
D,DISPATCH,UNIT_SCADA,1,"2022/10/20 16:55:00",WALGRVL1,0
D,DISPATCH,UNIT_SCADA,1,"2022/10/20 16:55:00",WANDBG1,0
D,DISPATCH,UNIT_SCADA,1,"2022/10/20 16:55:00",WANDBL1,0
D,DISPATCH,UNIT_SCADA,1,"2022/10/20 16:55:00",WARWSF1,4.40
D,DISPATCH,UNIT_SCADA,1,"2022/10/20 16:55:00",WARWSF2,4.70
D,DISPATCH,UNIT_SCADA,1,"2022/10/20 16:55:00",WATERLWF,1.50
D,DISPATCH,UNIT_SCADA,1,"2022/10/20 16:55:00",WDGPH1,4.7760
D,DISPATCH,UNIT_SCADA,1,"2022/10/20 16:55:00",WELLSF1,45.597010
D,DISPATCH,UNIT_SCADA,1,"2022/10/20 16:55:00",WEMENSF1,21.10
D,DISPATCH,UNIT_SCADA,1,"2022/10/20 16:55:00",WGWF1,5.50
D,DISPATCH,UNIT_SCADA,1,"2022/10/20 16:55:00",WHITSF1,4.30
D,DISPATCH,UNIT_SCADA,1,"2022/10/20 16:55:00",WINTSF1,24.50
D,DISPATCH,UNIT_SCADA,1,"2022/10/20 16:55:00",WKIEWA1,34.30
D,DISPATCH,UNIT_SCADA,1,"2022/10/20 16:55:00",WKIEWA2,34.20
D,DISPATCH,UNIT_SCADA,1,"2022/10/20 16:55:00",WOODLWN1,30.801740
D,DISPATCH,UNIT_SCADA,1,"2022/10/20 16:55:00",WOOLGSF1,3.657980
D,DISPATCH,UNIT_SCADA,1,"2022/10/20 16:55:00",WPWF,42.05
D,DISPATCH,UNIT_SCADA,1,"2022/10/20 16:55:00",WRSF1,2.900480
D,DISPATCH,UNIT_SCADA,1,"2022/10/20 16:55:00",WRWF1,27.608450
D,DISPATCH,UNIT_SCADA,1,"2022/10/20 16:55:00",WSTWYSF1,2.348670
D,DISPATCH,UNIT_SCADA,1,"2022/10/20 16:55:00",YABULU,0
D,DISPATCH,UNIT_SCADA,1,"2022/10/20 16:55:00",YABULU2,0
D,DISPATCH,UNIT_SCADA,1,"2022/10/20 16:55:00",YARANSF1,9.14
D,DISPATCH,UNIT_SCADA,1,"2022/10/20 16:55:00",YARWUN_1,161.67
D,DISPATCH,UNIT_SCADA,1,"2022/10/20 16:55:00",YATSF1,77.43
D,DISPATCH,UNIT_SCADA,1,"2022/10/20 16:55:00",YENDWF1,27.18
D,DISPATCH,UNIT_SCADA,1,"2022/10/20 16:55:00",YWPS1,353.883540
D,DISPATCH,UNIT_SCADA,1,"2022/10/20 16:55:00",YWPS2,289.220250
D,DISPATCH,UNIT_SCADA,1,"2022/10/20 16:55:00",YWPS3,359.953160
D,DISPATCH,UNIT_SCADA,1,"2022/10/20 16:55:00",YWPS4,0
C,"END OF REPORT",419
