C,NEMP.WORLD,DISPATCHSCADA,AEMO,PUBLIC,2022/10/20,09:15:09,0000000373243303,DISPATCHSCADA,0000000373243297
I,DISPATCH,UNIT_SCADA,1,SETTLEMENTDATE,DUID,SCADAVALUE
D,DISPATCH,UNIT_SCADA,1,"2022/10/20 09:20:00",BARCSF1,10.900001
D,DISPATCH,UNIT_SCADA,1,"2022/10/20 09:20:00",BUTLERSG,8.699999
D,DISPATCH,UNIT_SCADA,1,"2022/10/20 09:20:00",CAPTL_WF,47.051498
D,DISPATCH,UNIT_SCADA,1,"2022/10/20 09:20:00",CHALLHWF,3.30
D,DISPATCH,UNIT_SCADA,1,"2022/10/20 09:20:00",CLOVER,13.23
D,DISPATCH,UNIT_SCADA,1,"2022/10/20 09:20:00",CLUNY,6.186770
D,DISPATCH,UNIT_SCADA,1,"2022/10/20 09:20:00",CULLRGWF,-0.05
D,DISPATCH,UNIT_SCADA,1,"2022/10/20 09:20:00",DIAPURWF1,4.40
D,DISPATCH,UNIT_SCADA,1,"2022/10/20 09:20:00",ERGT01,0
D,DISPATCH,UNIT_SCADA,1,"2022/10/20 09:20:00",GB01,0
D,DISPATCH,UNIT_SCADA,1,"2022/10/20 09:20:00",GERMCRK,19.50
D,DISPATCH,UNIT_SCADA,1,"2022/10/20 09:20:00",GRIFSF1,3.300526
D,DISPATCH,UNIT_SCADA,1,"2022/10/20 09:20:00",HEZ1,0
D,DISPATCH,UNIT_SCADA,1,"2022/10/20 09:20:00",HUGSF1,14.066001
D,DISPATCH,UNIT_SCADA,1,"2022/10/20 09:20:00",KEPBG1,0.01
D,DISPATCH,UNIT_SCADA,1,"2022/10/20 09:20:00",LRSF1,10.139001
D,DISPATCH,UNIT_SCADA,1,"2022/10/20 09:20:00",MBAHNTH,45.224991
D,DISPATCH,UNIT_SCADA,1,"2022/10/20 09:20:00",MLSP1,9.633001
D,DISPATCH,UNIT_SCADA,1,"2022/10/20 09:20:00",MLWF1,4.98
D,DISPATCH,UNIT_SCADA,1,"2022/10/20 09:20:00",PALOONA,30.309999
D,DISPATCH,UNIT_SCADA,1,"2022/10/20 09:20:00",PIONEER,43.600002
D,DISPATCH,UNIT_SCADA,1,"2022/10/20 09:20:00",PORTWF,65.400002
D,DISPATCH,UNIT_SCADA,1,"2022/10/20 09:20:00",REPULSE,9.473412
D,DISPATCH,UNIT_SCADA,1,"2022/10/20 09:20:00",ROWALLAN,8.8679
D,DISPATCH,UNIT_SCADA,1,"2022/10/20 09:20:00",ROYALLA1,15.630004
D,DISPATCH,UNIT_SCADA,1,"2022/10/20 09:20:00",RPCG,-1.80
D,DISPATCH,UNIT_SCADA,1,"2022/10/20 09:20:00",RUBICON,0
D,DISPATCH,UNIT_SCADA,1,"2022/10/20 09:20:00",WAUBRAWF,6.54
D,DISPATCH,UNIT_SCADA,1,"2022/10/20 09:20:00",WOOLNTH1,-0.37
D,DISPATCH,UNIT_SCADA,1,"2022/10/20 09:20:00",YAMBUKWF,4.50
D,DISPATCH,UNIT_SCADA,1,"2022/10/20 09:20:00",YSWF1,0.10
D,DISPATCH,UNIT_SCADA,1,"2022/10/20 09:20:00",ADPBA1G,0.0080
D,DISPATCH,UNIT_SCADA,1,"2022/10/20 09:20:00",ADPBA1L,0
D,DISPATCH,UNIT_SCADA,1,"2022/10/20 09:20:00",ADPPV1,0.0540
D,DISPATCH,UNIT_SCADA,1,"2022/10/20 09:20:00",AGLHAL,0
D,DISPATCH,UNIT_SCADA,1,"2022/10/20 09:20:00",AGLSOM,0
D,DISPATCH,UNIT_SCADA,1,"2022/10/20 09:20:00",ANGAST1,0
D,DISPATCH,UNIT_SCADA,1,"2022/10/20 09:20:00",ARWF1,7.40
D,DISPATCH,UNIT_SCADA,1,"2022/10/20 09:20:00",BALBG1,0
D,DISPATCH,UNIT_SCADA,1,"2022/10/20 09:20:00",BALBL1,0
D,DISPATCH,UNIT_SCADA,1,"2022/10/20 09:20:00",BALDHWF1,4.6310
D,DISPATCH,UNIT_SCADA,1,"2022/10/20 09:20:00",BANGOWF1,31.7998
D,DISPATCH,UNIT_SCADA,1,"2022/10/20 09:20:00",BANGOWF2,40.299610
D,DISPATCH,UNIT_SCADA,1,"2022/10/20 09:20:00",BANN1,12.92
D,DISPATCH,UNIT_SCADA,1,"2022/10/20 09:20:00",BARCALDN,0
D,DISPATCH,UNIT_SCADA,1,"2022/10/20 09:20:00",BARKIPS1,0
D,DISPATCH,UNIT_SCADA,1,"2022/10/20 09:20:00",BARRON-1,0
D,DISPATCH,UNIT_SCADA,1,"2022/10/20 09:20:00",BARRON-2,0
D,DISPATCH,UNIT_SCADA,1,"2022/10/20 09:20:00",BASTYAN,53.82
D,DISPATCH,UNIT_SCADA,1,"2022/10/20 09:20:00",BBTHREE1,0
D,DISPATCH,UNIT_SCADA,1,"2022/10/20 09:20:00",BBTHREE2,0
D,DISPATCH,UNIT_SCADA,1,"2022/10/20 09:20:00",BBTHREE3,-1.04
D,DISPATCH,UNIT_SCADA,1,"2022/10/20 09:20:00",BDL01,0
D,DISPATCH,UNIT_SCADA,1,"2022/10/20 09:20:00",BDL02,0
D,DISPATCH,UNIT_SCADA,1,"2022/10/20 09:20:00",BERYLSF1,2.311240
D,DISPATCH,UNIT_SCADA,1,"2022/10/20 09:20:00",BLOWERNG,62.50
D,DISPATCH,UNIT_SCADA,1,"2022/10/20 09:20:00",BLUEGSF1,30.712830
D,DISPATCH,UNIT_SCADA,1,"2022/10/20 09:20:00",BLUFF1,46.10
D,DISPATCH,UNIT_SCADA,1,"2022/10/20 09:20:00",BNGSF1,109.96
D,DISPATCH,UNIT_SCADA,1,"2022/10/20 09:20:00",BNGSF2,110.35
D,DISPATCH,UNIT_SCADA,1,"2022/10/20 09:20:00",BOCORWF1,0
D,DISPATCH,UNIT_SCADA,1,"2022/10/20 09:20:00",BODWF1,101.0508
D,DISPATCH,UNIT_SCADA,1,"2022/10/20 09:20:00",BOMENSF1,18.2211
D,DISPATCH,UNIT_SCADA,1,"2022/10/20 09:20:00",BOWWBA1G,0
D,DISPATCH,UNIT_SCADA,1,"2022/10/20 09:20:00",BOWWBA1L,0
D,DISPATCH,UNIT_SCADA,1,"2022/10/20 09:20:00",BOWWPV1,0
D,DISPATCH,UNIT_SCADA,1,"2022/10/20 09:20:00",BRAEMAR1,0
D,DISPATCH,UNIT_SCADA,1,"2022/10/20 09:20:00",BRAEMAR2,0
D,DISPATCH,UNIT_SCADA,1,"2022/10/20 09:20:00",BRAEMAR3,0
D,DISPATCH,UNIT_SCADA,1,"2022/10/20 09:20:00",BRAEMAR5,0.292060
D,DISPATCH,UNIT_SCADA,1,"2022/10/20 09:20:00",BRAEMAR6,0
D,DISPATCH,UNIT_SCADA,1,"2022/10/20 09:20:00",BRAEMAR7,0.130920
D,DISPATCH,UNIT_SCADA,1,"2022/10/20 09:20:00",BROKENH1,8.099880
D,DISPATCH,UNIT_SCADA,1,"2022/10/20 09:20:00",BRYB1WF1,90.641640
D,DISPATCH,UNIT_SCADA,1,"2022/10/20 09:20:00",BULBESG1,0
D,DISPATCH,UNIT_SCADA,1,"2022/10/20 09:20:00",BULBESL1,1.90
D,DISPATCH,UNIT_SCADA,1,"2022/10/20 09:20:00",BULGANA1,13.92
D,DISPATCH,UNIT_SCADA,1,"2022/10/20 09:20:00",BW01,658.127750
D,DISPATCH,UNIT_SCADA,1,"2022/10/20 09:20:00",BW02,618.014830
D,DISPATCH,UNIT_SCADA,1,"2022/10/20 09:20:00",BW03,553.511840
D,DISPATCH,UNIT_SCADA,1,"2022/10/20 09:20:00",BW04,0
D,DISPATCH,UNIT_SCADA,1,"2022/10/20 09:20:00",CALL_B_1,319.800020
D,DISPATCH,UNIT_SCADA,1,"2022/10/20 09:20:00",CALL_B_2,321.700010
D,DISPATCH,UNIT_SCADA,1,"2022/10/20 09:20:00",CATHROCK,4.60
D,DISPATCH,UNIT_SCADA,1,"2022/10/20 09:20:00",CBWWBA1G,0
D,DISPATCH,UNIT_SCADA,1,"2022/10/20 09:20:00",CBWWBA1L,0
D,DISPATCH,UNIT_SCADA,1,"2022/10/20 09:20:00",CETHANA,59.984250
D,DISPATCH,UNIT_SCADA,1,"2022/10/20 09:20:00",CG1,0
D,DISPATCH,UNIT_SCADA,1,"2022/10/20 09:20:00",CG2,0
D,DISPATCH,UNIT_SCADA,1,"2022/10/20 09:20:00",CG3,0
D,DISPATCH,UNIT_SCADA,1,"2022/10/20 09:20:00",CG4,0
D,DISPATCH,UNIT_SCADA,1,"2022/10/20 09:20:00",CHILDSF1,12.25
D,DISPATCH,UNIT_SCADA,1,"2022/10/20 09:20:00",CHYTWF1,1.30
D,DISPATCH,UNIT_SCADA,1,"2022/10/20 09:20:00",CLARESF1,77.2137
D,DISPATCH,UNIT_SCADA,1,"2022/10/20 09:20:00",CLEMGPWF,10.589140
D,DISPATCH,UNIT_SCADA,1,"2022/10/20 09:20:00",CLERMSF1,32.71
D,DISPATCH,UNIT_SCADA,1,"2022/10/20 09:20:00",CNUNDAWF,0.200230
D,DISPATCH,UNIT_SCADA,1,"2022/10/20 09:20:00",COHUNSF1,6.28
D,DISPATCH,UNIT_SCADA,1,"2022/10/20 09:20:00",COLEASF1,18.000690
D,DISPATCH,UNIT_SCADA,1,"2022/10/20 09:20:00",COLUMSF1,24.68
D,DISPATCH,UNIT_SCADA,1,"2022/10/20 09:20:00",COLWF01,98.319980
D,DISPATCH,UNIT_SCADA,1,"2022/10/20 09:20:00",COOPGWF1,226.70
D,DISPATCH,UNIT_SCADA,1,"2022/10/20 09:20:00",CPP_3,361.6250
D,DISPATCH,UNIT_SCADA,1,"2022/10/20 09:20:00",CPP_4,0
D,DISPATCH,UNIT_SCADA,1,"2022/10/20 09:20:00",CPSA,0
D,DISPATCH,UNIT_SCADA,1,"2022/10/20 09:20:00",CROOKWF2,35.914250
D,DISPATCH,UNIT_SCADA,1,"2022/10/20 09:20:00",CROWLWF1,25.975810
D,DISPATCH,UNIT_SCADA,1,"2022/10/20 09:20:00",CRURWF1,59.697030
D,DISPATCH,UNIT_SCADA,1,"2022/10/20 09:20:00",CRWASF1,30.238720
D,DISPATCH,UNIT_SCADA,1,"2022/10/20 09:20:00",CSPVPS1,15.9010
D,DISPATCH,UNIT_SCADA,1,"2022/10/20 09:20:00",CTHLWF1,0.003050
D,DISPATCH,UNIT_SCADA,1,"2022/10/20 09:20:00",DALNTH01,0
D,DISPATCH,UNIT_SCADA,1,"2022/10/20 09:20:00",DALNTHL1,1.976040
D,DISPATCH,UNIT_SCADA,1,"2022/10/20 09:20:00",DARLSF1,34.762550
D,DISPATCH,UNIT_SCADA,1,"2022/10/20 09:20:00",DARTM1,0
D,DISPATCH,UNIT_SCADA,1,"2022/10/20 09:20:00",DAYDSF1,26.2030
D,DISPATCH,UNIT_SCADA,1,"2022/10/20 09:20:00",DDPS1,0
D,DISPATCH,UNIT_SCADA,1,"2022/10/20 09:20:00",DDSF1,8.771580
D,DISPATCH,UNIT_SCADA,1,"2022/10/20 09:20:00",DEVILS_G,58.800620
D,DISPATCH,UNIT_SCADA,1,"2022/10/20 09:20:00",DG_NSW1,0
D,DISPATCH,UNIT_SCADA,1,"2022/10/20 09:20:00",DG_QLD1,0
D,DISPATCH,UNIT_SCADA,1,"2022/10/20 09:20:00",DG_SA1,0
D,DISPATCH,UNIT_SCADA,1,"2022/10/20 09:20:00",DG_TAS1,0
D,DISPATCH,UNIT_SCADA,1,"2022/10/20 09:20:00",DG_VIC1,0
D,DISPATCH,UNIT_SCADA,1,"2022/10/20 09:20:00",DRYCGT1,0
D,DISPATCH,UNIT_SCADA,1,"2022/10/20 09:20:00",DRYCGT2,0
D,DISPATCH,UNIT_SCADA,1,"2022/10/20 09:20:00",DRYCGT3,0
D,DISPATCH,UNIT_SCADA,1,"2022/10/20 09:20:00",DUNDWF1,47.06
D,DISPATCH,UNIT_SCADA,1,"2022/10/20 09:20:00",DUNDWF2,16.96
D,DISPATCH,UNIT_SCADA,1,"2022/10/20 09:20:00",DUNDWF3,44.75
D,DISPATCH,UNIT_SCADA,1,"2022/10/20 09:20:00",EILDON1,59.84
D,DISPATCH,UNIT_SCADA,1,"2022/10/20 09:20:00",EILDON2,60.16
D,DISPATCH,UNIT_SCADA,1,"2022/10/20 09:20:00",ELAINWF1,15.21
D,DISPATCH,UNIT_SCADA,1,"2022/10/20 09:20:00",EMERASF1,0
D,DISPATCH,UNIT_SCADA,1,"2022/10/20 09:20:00",ER01,0
D,DISPATCH,UNIT_SCADA,1,"2022/10/20 09:20:00",ER02,437.787450
D,DISPATCH,UNIT_SCADA,1,"2022/10/20 09:20:00",ER03,437.763030
D,DISPATCH,UNIT_SCADA,1,"2022/10/20 09:20:00",ER04,439.423220
D,DISPATCH,UNIT_SCADA,1,"2022/10/20 09:20:00",FINLYSF1,127.019150
D,DISPATCH,UNIT_SCADA,1,"2022/10/20 09:20:00",FISHER,43.87
D,DISPATCH,UNIT_SCADA,1,"2022/10/20 09:20:00",GANGARR1,17.6290
D,DISPATCH,UNIT_SCADA,1,"2022/10/20 09:20:00",GANNBG1,0
D,DISPATCH,UNIT_SCADA,1,"2022/10/20 09:20:00",GANNBL1,3.628410
D,DISPATCH,UNIT_SCADA,1,"2022/10/20 09:20:00",GANNSF1,22.90
D,DISPATCH,UNIT_SCADA,1,"2022/10/20 09:20:00",GLRWNSF1,110.10
D,DISPATCH,UNIT_SCADA,1,"2022/10/20 09:20:00",GNNDHSF1,43.232090
D,DISPATCH,UNIT_SCADA,1,"2022/10/20 09:20:00",GOONSF1,13.143510
D,DISPATCH,UNIT_SCADA,1,"2022/10/20 09:20:00",GORDON,248.375580
D,DISPATCH,UNIT_SCADA,1,"2022/10/20 09:20:00",GRANWF1,0
D,DISPATCH,UNIT_SCADA,1,"2022/10/20 09:20:00",GSTONE1,169.05
D,DISPATCH,UNIT_SCADA,1,"2022/10/20 09:20:00",GSTONE2,0
D,DISPATCH,UNIT_SCADA,1,"2022/10/20 09:20:00",GSTONE3,167.30
D,DISPATCH,UNIT_SCADA,1,"2022/10/20 09:20:00",GSTONE4,0
D,DISPATCH,UNIT_SCADA,1,"2022/10/20 09:20:00",GSTONE5,168.70
D,DISPATCH,UNIT_SCADA,1,"2022/10/20 09:20:00",GSTONE6,169.75
D,DISPATCH,UNIT_SCADA,1,"2022/10/20 09:20:00",GULLRSF1,1.094980
D,DISPATCH,UNIT_SCADA,1,"2022/10/20 09:20:00",GULLRWF1,62.094060
D,DISPATCH,UNIT_SCADA,1,"2022/10/20 09:20:00",GULLRWF2,83.4666
D,DISPATCH,UNIT_SCADA,1,"2022/10/20 09:20:00",GUNNING1,0
D,DISPATCH,UNIT_SCADA,1,"2022/10/20 09:20:00",GUTHEGA,67.80
D,DISPATCH,UNIT_SCADA,1,"2022/10/20 09:20:00",HALLWF1,33.23
D,DISPATCH,UNIT_SCADA,1,"2022/10/20 09:20:00",HALLWF2,58
D,DISPATCH,UNIT_SCADA,1,"2022/10/20 09:20:00",HAMISF1,7.90
D,DISPATCH,UNIT_SCADA,1,"2022/10/20 09:20:00",HAUGHT11,82.4320
D,DISPATCH,UNIT_SCADA,1,"2022/10/20 09:20:00",HAYMSF1,8.1220
D,DISPATCH,UNIT_SCADA,1,"2022/10/20 09:20:00",HDWF1,55.10
D,DISPATCH,UNIT_SCADA,1,"2022/10/20 09:20:00",HDWF2,26.70
D,DISPATCH,UNIT_SCADA,1,"2022/10/20 09:20:00",HDWF3,41.10
D,DISPATCH,UNIT_SCADA,1,"2022/10/20 09:20:00",HILLSTN1,21.036030
D,DISPATCH,UNIT_SCADA,1,"2022/10/20 09:20:00",HPRG1,17.30
D,DISPATCH,UNIT_SCADA,1,"2022/10/20 09:20:00",HPRL1,0
D,DISPATCH,UNIT_SCADA,1,"2022/10/20 09:20:00",HUMENSW,54.696710
D,DISPATCH,UNIT_SCADA,1,"2022/10/20 09:20:00",HUMEV,0
D,DISPATCH,UNIT_SCADA,1,"2022/10/20 09:20:00",HVWWBA1G,0
D,DISPATCH,UNIT_SCADA,1,"2022/10/20 09:20:00",HVWWBA1L,0.0060
D,DISPATCH,UNIT_SCADA,1,"2022/10/20 09:20:00",HVWWPV1,0.0920
D,DISPATCH,UNIT_SCADA,1,"2022/10/20 09:20:00",JBUTTERS,0
D,DISPATCH,UNIT_SCADA,1,"2022/10/20 09:20:00",JEMALNG1,13.40
D,DISPATCH,UNIT_SCADA,1,"2022/10/20 09:20:00",JLA01,0
D,DISPATCH,UNIT_SCADA,1,"2022/10/20 09:20:00",JLA02,0
D,DISPATCH,UNIT_SCADA,1,"2022/10/20 09:20:00",JLA03,0
D,DISPATCH,UNIT_SCADA,1,"2022/10/20 09:20:00",JLA04,0
D,DISPATCH,UNIT_SCADA,1,"2022/10/20 09:20:00",JLB01,0
D,DISPATCH,UNIT_SCADA,1,"2022/10/20 09:20:00",JLB02,0.10
D,DISPATCH,UNIT_SCADA,1,"2022/10/20 09:20:00",JLB03,0
D,DISPATCH,UNIT_SCADA,1,"2022/10/20 09:20:00",JUNEESF1,12.334080
D,DISPATCH,UNIT_SCADA,1,"2022/10/20 09:20:00",KABANWF1,0.4180
D,DISPATCH,UNIT_SCADA,1,"2022/10/20 09:20:00",KAREEYA1,0
D,DISPATCH,UNIT_SCADA,1,"2022/10/20 09:20:00",KAREEYA2,0
D,DISPATCH,UNIT_SCADA,1,"2022/10/20 09:20:00",KAREEYA3,4.9675
D,DISPATCH,UNIT_SCADA,1,"2022/10/20 09:20:00",KAREEYA4,0
D,DISPATCH,UNIT_SCADA,1,"2022/10/20 09:20:00",KARSF1,12.70
D,DISPATCH,UNIT_SCADA,1,"2022/10/20 09:20:00",KEPSF1,12.25
D,DISPATCH,UNIT_SCADA,1,"2022/10/20 09:20:00",KEPWF1,1.63
D,DISPATCH,UNIT_SCADA,1,"2022/10/20 09:20:00",KIAMSF1,29.4995
D,DISPATCH,UNIT_SCADA,1,"2022/10/20 09:20:00",KIATAWF1,10.80
D,DISPATCH,UNIT_SCADA,1,"2022/10/20 09:20:00",KPP_1,0
D,DISPATCH,UNIT_SCADA,1,"2022/10/20 09:20:00",KSP1,17.01
D,DISPATCH,UNIT_SCADA,1,"2022/10/20 09:20:00",LADBROK1,0.01
D,DISPATCH,UNIT_SCADA,1,"2022/10/20 09:20:00",LADBROK2,5.85
D,DISPATCH,UNIT_SCADA,1,"2022/10/20 09:20:00",LBBG1,2.70
D,DISPATCH,UNIT_SCADA,1,"2022/10/20 09:20:00",LBBL1,0
D,DISPATCH,UNIT_SCADA,1,"2022/10/20 09:20:00",LD01,282.357240
D,DISPATCH,UNIT_SCADA,1,"2022/10/20 09:20:00",LD02,0
D,DISPATCH,UNIT_SCADA,1,"2022/10/20 09:20:00",LD04,282.650240
D,DISPATCH,UNIT_SCADA,1,"2022/10/20 09:20:00",LEM_WIL,86.961220
D,DISPATCH,UNIT_SCADA,1,"2022/10/20 09:20:00",LGAPWF1,0
D,DISPATCH,UNIT_SCADA,1,"2022/10/20 09:20:00",LGAPWF2,0
D,DISPATCH,UNIT_SCADA,1,"2022/10/20 09:20:00",LILYSF1,33.554430
D,DISPATCH,UNIT_SCADA,1,"2022/10/20 09:20:00",LIMOSF11,21.335320
D,DISPATCH,UNIT_SCADA,1,"2022/10/20 09:20:00",LIMOSF21,4.105620
D,DISPATCH,UNIT_SCADA,1,"2022/10/20 09:20:00",LI_WY_CA,56.560910
D,DISPATCH,UNIT_SCADA,1,"2022/10/20 09:20:00",LKBONNY1,0
D,DISPATCH,UNIT_SCADA,1,"2022/10/20 09:20:00",LKBONNY2,0
D,DISPATCH,UNIT_SCADA,1,"2022/10/20 09:20:00",LKBONNY3,0
D,DISPATCH,UNIT_SCADA,1,"2022/10/20 09:20:00",LK_ECHO,0
D,DISPATCH,UNIT_SCADA,1,"2022/10/20 09:20:00",LNGS1,0
D,DISPATCH,UNIT_SCADA,1,"2022/10/20 09:20:00",LNGS2,0
D,DISPATCH,UNIT_SCADA,1,"2022/10/20 09:20:00",LONSDALE,0
D,DISPATCH,UNIT_SCADA,1,"2022/10/20 09:20:00",LOYYB1,463.154420
D,DISPATCH,UNIT_SCADA,1,"2022/10/20 09:20:00",LOYYB2,469.169620
D,DISPATCH,UNIT_SCADA,1,"2022/10/20 09:20:00",LYA1,522
D,DISPATCH,UNIT_SCADA,1,"2022/10/20 09:20:00",LYA2,0
D,DISPATCH,UNIT_SCADA,1,"2022/10/20 09:20:00",LYA3,470
D,DISPATCH,UNIT_SCADA,1,"2022/10/20 09:20:00",LYA4,470
D,DISPATCH,UNIT_SCADA,1,"2022/10/20 09:20:00",MACARTH1,54.198750
D,DISPATCH,UNIT_SCADA,1,"2022/10/20 09:20:00",MACKNTSH,0
D,DISPATCH,UNIT_SCADA,1,"2022/10/20 09:20:00",MANSLR1,14.7280
D,DISPATCH,UNIT_SCADA,1,"2022/10/20 09:20:00",MAPS2PV1,0
D,DISPATCH,UNIT_SCADA,1,"2022/10/20 09:20:00",MAPS3PV1,0
D,DISPATCH,UNIT_SCADA,1,"2022/10/20 09:20:00",MARYRSF1,2.10
D,DISPATCH,UNIT_SCADA,1,"2022/10/20 09:20:00",MBPS2PV1,0
D,DISPATCH,UNIT_SCADA,1,"2022/10/20 09:20:00",MCKAY1,0.02
D,DISPATCH,UNIT_SCADA,1,"2022/10/20 09:20:00",MEADOWBK,5.801740
D,DISPATCH,UNIT_SCADA,1,"2022/10/20 09:20:00",MERCER01,17.60
D,DISPATCH,UNIT_SCADA,1,"2022/10/20 09:20:00",METZSF1,31.488780
D,DISPATCH,UNIT_SCADA,1,"2022/10/20 09:20:00",MEWF1,1.208260
D,DISPATCH,UNIT_SCADA,1,"2022/10/20 09:20:00",MIDDLSF1,3.02
D,DISPATCH,UNIT_SCADA,1,"2022/10/20 09:20:00",MINTARO,0.128180
D,DISPATCH,UNIT_SCADA,1,"2022/10/20 09:20:00",MOLNGSF1,11.854430
D,DISPATCH,UNIT_SCADA,1,"2022/10/20 09:20:00",MOORAWF1,23.12
D,DISPATCH,UNIT_SCADA,1,"2022/10/20 09:20:00",MOREESF1,10.16
D,DISPATCH,UNIT_SCADA,1,"2022/10/20 09:20:00",MORTLK11,0
D,DISPATCH,UNIT_SCADA,1,"2022/10/20 09:20:00",MORTLK12,0
D,DISPATCH,UNIT_SCADA,1,"2022/10/20 09:20:00",MOUSF1,0
D,DISPATCH,UNIT_SCADA,1,"2022/10/20 09:20:00",MP1,0
D,DISPATCH,UNIT_SCADA,1,"2022/10/20 09:20:00",MP2,351.946290
D,DISPATCH,UNIT_SCADA,1,"2022/10/20 09:20:00",MPP_1,171.728160
D,DISPATCH,UNIT_SCADA,1,"2022/10/20 09:20:00",MPP_2,82.095040
D,DISPATCH,UNIT_SCADA,1,"2022/10/20 09:20:00",MRTLSWF1,0
D,DISPATCH,UNIT_SCADA,1,"2022/10/20 09:20:00",MSTUART1,0
D,DISPATCH,UNIT_SCADA,1,"2022/10/20 09:20:00",MSTUART2,0
D,DISPATCH,UNIT_SCADA,1,"2022/10/20 09:20:00",MSTUART3,0
D,DISPATCH,UNIT_SCADA,1,"2022/10/20 09:20:00",MTGELWF1,39.300210
D,DISPATCH,UNIT_SCADA,1,"2022/10/20 09:20:00",MTMILLAR,1.40
D,DISPATCH,UNIT_SCADA,1,"2022/10/20 09:20:00",MURRAY,0
D,DISPATCH,UNIT_SCADA,1,"2022/10/20 09:20:00",MUSSELR1,99.20
D,DISPATCH,UNIT_SCADA,1,"2022/10/20 09:20:00",MUWAWF1,51.21
D,DISPATCH,UNIT_SCADA,1,"2022/10/20 09:20:00",MUWAWF2,39.40
D,DISPATCH,UNIT_SCADA,1,"2022/10/20 09:20:00",MWPS1PV1,0.13
D,DISPATCH,UNIT_SCADA,1,"2022/10/20 09:20:00",MWPS2PV1,0
D,DISPATCH,UNIT_SCADA,1,"2022/10/20 09:20:00",MWPS3PV1,0.03
D,DISPATCH,UNIT_SCADA,1,"2022/10/20 09:20:00",MWPS4PV1,0.01
D,DISPATCH,UNIT_SCADA,1,"2022/10/20 09:20:00",NBHWF1,67.90
D,DISPATCH,UNIT_SCADA,1,"2022/10/20 09:20:00",NEVERSF1,17.91
D,DISPATCH,UNIT_SCADA,1,"2022/10/20 09:20:00",NPS,0
D,DISPATCH,UNIT_SCADA,1,"2022/10/20 09:20:00",NUMURSF1,91.36
D,DISPATCH,UNIT_SCADA,1,"2022/10/20 09:20:00",NYNGAN1,15.75
D,DISPATCH,UNIT_SCADA,1,"2022/10/20 09:20:00",OAKEY1,0
D,DISPATCH,UNIT_SCADA,1,"2022/10/20 09:20:00",OAKEY1SF,2.0050
D,DISPATCH,UNIT_SCADA,1,"2022/10/20 09:20:00",OAKEY2,0
D,DISPATCH,UNIT_SCADA,1,"2022/10/20 09:20:00",OAKEY2SF,3.37
D,DISPATCH,UNIT_SCADA,1,"2022/10/20 09:20:00",OAKLAND1,7.30
D,DISPATCH,UNIT_SCADA,1,"2022/10/20 09:20:00",OSB-AG,0
D,DISPATCH,UNIT_SCADA,1,"2022/10/20 09:20:00",PAREPS1,0.0660
D,DISPATCH,UNIT_SCADA,1,"2022/10/20 09:20:00",PAREPW1,99.66
D,DISPATCH,UNIT_SCADA,1,"2022/10/20 09:20:00",PARSF1,9.098960
D,DISPATCH,UNIT_SCADA,1,"2022/10/20 09:20:00",POAT110,0
D,DISPATCH,UNIT_SCADA,1,"2022/10/20 09:20:00",POAT220,0
D,DISPATCH,UNIT_SCADA,1,"2022/10/20 09:20:00",POR01,0
D,DISPATCH,UNIT_SCADA,1,"2022/10/20 09:20:00",POR03,0
D,DISPATCH,UNIT_SCADA,1,"2022/10/20 09:20:00",PPCCGT,37.318010
D,DISPATCH,UNIT_SCADA,1,"2022/10/20 09:20:00",PTSTAN1,0
D,DISPATCH,UNIT_SCADA,1,"2022/10/20 09:20:00",PUMP1,0
D,DISPATCH,UNIT_SCADA,1,"2022/10/20 09:20:00",PUMP2,0
D,DISPATCH,UNIT_SCADA,1,"2022/10/20 09:20:00",QBYNBG1,0
D,DISPATCH,UNIT_SCADA,1,"2022/10/20 09:20:00",QBYNBL1,0.0005
D,DISPATCH,UNIT_SCADA,1,"2022/10/20 09:20:00",QPS1,0
D,DISPATCH,UNIT_SCADA,1,"2022/10/20 09:20:00",QPS2,0
D,DISPATCH,UNIT_SCADA,1,"2022/10/20 09:20:00",QPS3,0
D,DISPATCH,UNIT_SCADA,1,"2022/10/20 09:20:00",QPS4,0
D,DISPATCH,UNIT_SCADA,1,"2022/10/20 09:20:00",QPS5,75.46
D,DISPATCH,UNIT_SCADA,1,"2022/10/20 09:20:00",REECE1,48.903470
D,DISPATCH,UNIT_SCADA,1,"2022/10/20 09:20:00",REECE2,0
D,DISPATCH,UNIT_SCADA,1,"2022/10/20 09:20:00",ROMA_7,0
D,DISPATCH,UNIT_SCADA,1,"2022/10/20 09:20:00",ROMA_8,0
D,DISPATCH,UNIT_SCADA,1,"2022/10/20 09:20:00",RRSF1,26.339870
D,DISPATCH,UNIT_SCADA,1,"2022/10/20 09:20:00",RT_NSW1,0
D,DISPATCH,UNIT_SCADA,1,"2022/10/20 09:20:00",RT_NSW2,0
D,DISPATCH,UNIT_SCADA,1,"2022/10/20 09:20:00",RT_NSW3,0
D,DISPATCH,UNIT_SCADA,1,"2022/10/20 09:20:00",RT_NSW4,0
D,DISPATCH,UNIT_SCADA,1,"2022/10/20 09:20:00",RT_NSW5,0
D,DISPATCH,UNIT_SCADA,1,"2022/10/20 09:20:00",RT_NSW6,0
D,DISPATCH,UNIT_SCADA,1,"2022/10/20 09:20:00",RT_QLD1,0
D,DISPATCH,UNIT_SCADA,1,"2022/10/20 09:20:00",RT_SA1,0
D,DISPATCH,UNIT_SCADA,1,"2022/10/20 09:20:00",RT_SA2,0
D,DISPATCH,UNIT_SCADA,1,"2022/10/20 09:20:00",RT_SA3,0
D,DISPATCH,UNIT_SCADA,1,"2022/10/20 09:20:00",RT_SA4,0
D,DISPATCH,UNIT_SCADA,1,"2022/10/20 09:20:00",RT_SA5,0
D,DISPATCH,UNIT_SCADA,1,"2022/10/20 09:20:00",RT_SA6,0
D,DISPATCH,UNIT_SCADA,1,"2022/10/20 09:20:00",RT_TAS1,0
D,DISPATCH,UNIT_SCADA,1,"2022/10/20 09:20:00",RT_VIC1,0
D,DISPATCH,UNIT_SCADA,1,"2022/10/20 09:20:00",RT_VIC10,0
D,DISPATCH,UNIT_SCADA,1,"2022/10/20 09:20:00",RT_VIC11,0
D,DISPATCH,UNIT_SCADA,1,"2022/10/20 09:20:00",RT_VIC12,0
D,DISPATCH,UNIT_SCADA,1,"2022/10/20 09:20:00",RT_VIC2,0
D,DISPATCH,UNIT_SCADA,1,"2022/10/20 09:20:00",RT_VIC3,0
D,DISPATCH,UNIT_SCADA,1,"2022/10/20 09:20:00",RT_VIC4,0
D,DISPATCH,UNIT_SCADA,1,"2022/10/20 09:20:00",RT_VIC5,0
D,DISPATCH,UNIT_SCADA,1,"2022/10/20 09:20:00",RT_VIC6,0
D,DISPATCH,UNIT_SCADA,1,"2022/10/20 09:20:00",RT_VIC7,0
D,DISPATCH,UNIT_SCADA,1,"2022/10/20 09:20:00",RT_VIC8,0
D,DISPATCH,UNIT_SCADA,1,"2022/10/20 09:20:00",RT_VIC9,0
D,DISPATCH,UNIT_SCADA,1,"2022/10/20 09:20:00",RUGBYR1,20.635650
D,DISPATCH,UNIT_SCADA,1,"2022/10/20 09:20:00",SALTCRK1,18.13
D,DISPATCH,UNIT_SCADA,1,"2022/10/20 09:20:00",SAPHWF1,222.133210
D,DISPATCH,UNIT_SCADA,1,"2022/10/20 09:20:00",SEBSF1,89.418170
D,DISPATCH,UNIT_SCADA,1,"2022/10/20 09:20:00",SHGEN,0
D,DISPATCH,UNIT_SCADA,1,"2022/10/20 09:20:00",SHPUMP,0
D,DISPATCH,UNIT_SCADA,1,"2022/10/20 09:20:00",SITHE01,0.1840
D,DISPATCH,UNIT_SCADA,1,"2022/10/20 09:20:00",SMCSF1,92.7290
D,DISPATCH,UNIT_SCADA,1,"2022/10/20 09:20:00",SNAPPER1,0
D,DISPATCH,UNIT_SCADA,1,"2022/10/20 09:20:00",SNOWNTH1,122.20
D,DISPATCH,UNIT_SCADA,1,"2022/10/20 09:20:00",SNOWSTH1,91.90
D,DISPATCH,UNIT_SCADA,1,"2022/10/20 09:20:00",SNOWTWN1,31.937260
D,DISPATCH,UNIT_SCADA,1,"2022/10/20 09:20:00",SNOWYP,0
D,DISPATCH,UNIT_SCADA,1,"2022/10/20 09:20:00",SNUG1,0
D,DISPATCH,UNIT_SCADA,1,"2022/10/20 09:20:00",SRSF1,19.18
D,DISPATCH,UNIT_SCADA,1,"2022/10/20 09:20:00",STAN-1,275.005890
D,DISPATCH,UNIT_SCADA,1,"2022/10/20 09:20:00",STAN-2,331.442690
D,DISPATCH,UNIT_SCADA,1,"2022/10/20 09:20:00",STAN-3,155.851620
D,DISPATCH,UNIT_SCADA,1,"2022/10/20 09:20:00",STAN-4,330.3916
D,DISPATCH,UNIT_SCADA,1,"2022/10/20 09:20:00",STARHLWF,0.01
D,DISPATCH,UNIT_SCADA,1,"2022/10/20 09:20:00",STOCKYD1,57.93
D,DISPATCH,UNIT_SCADA,1,"2022/10/20 09:20:00",STWF1,0
D,DISPATCH,UNIT_SCADA,1,"2022/10/20 09:20:00",SUNRSF1,13.774320
D,DISPATCH,UNIT_SCADA,1,"2022/10/20 09:20:00",SUNTPSF1,67.117110
D,DISPATCH,UNIT_SCADA,1,"2022/10/20 09:20:00",SWAN_E,155.131870
D,DISPATCH,UNIT_SCADA,1,"2022/10/20 09:20:00",TALWA1,0
D,DISPATCH,UNIT_SCADA,1,"2022/10/20 09:20:00",TARALGA1,0
D,DISPATCH,UNIT_SCADA,1,"2022/10/20 09:20:00",TARONG#1,346.600010
D,DISPATCH,UNIT_SCADA,1,"2022/10/20 09:20:00",TARONG#2,345
D,DISPATCH,UNIT_SCADA,1,"2022/10/20 09:20:00",TARONG#3,0.90
D,DISPATCH,UNIT_SCADA,1,"2022/10/20 09:20:00",TARONG#4,285
D,DISPATCH,UNIT_SCADA,1,"2022/10/20 09:20:00",TARRALEA,54.10
D,DISPATCH,UNIT_SCADA,1,"2022/10/20 09:20:00",TBSF1,0.20
D,DISPATCH,UNIT_SCADA,1,"2022/10/20 09:20:00",TNPS1,390.0625
D,DISPATCH,UNIT_SCADA,1,"2022/10/20 09:20:00",TORRB1,0
D,DISPATCH,UNIT_SCADA,1,"2022/10/20 09:20:00",TORRB2,43
D,DISPATCH,UNIT_SCADA,1,"2022/10/20 09:20:00",TORRB3,0
D,DISPATCH,UNIT_SCADA,1,"2022/10/20 09:20:00",TORRB4,0
D,DISPATCH,UNIT_SCADA,1,"2022/10/20 09:20:00",TREVALLN,98.173630
D,DISPATCH,UNIT_SCADA,1,"2022/10/20 09:20:00",TRIBUTE,0
D,DISPATCH,UNIT_SCADA,1,"2022/10/20 09:20:00",TUMUT3,0
D,DISPATCH,UNIT_SCADA,1,"2022/10/20 09:20:00",TUNGATIN,8.470020
D,DISPATCH,UNIT_SCADA,1,"2022/10/20 09:20:00",TVCC201,0
D,DISPATCH,UNIT_SCADA,1,"2022/10/20 09:20:00",TVPP104,40.009730
D,DISPATCH,UNIT_SCADA,1,"2022/10/20 09:20:00",UPPTUMUT,0
D,DISPATCH,UNIT_SCADA,1,"2022/10/20 09:20:00",URANQ11,0
D,DISPATCH,UNIT_SCADA,1,"2022/10/20 09:20:00",URANQ12,0
D,DISPATCH,UNIT_SCADA,1,"2022/10/20 09:20:00",URANQ13,0
D,DISPATCH,UNIT_SCADA,1,"2022/10/20 09:20:00",URANQ14,0
D,DISPATCH,UNIT_SCADA,1,"2022/10/20 09:20:00",VBBG1,48.60
D,DISPATCH,UNIT_SCADA,1,"2022/10/20 09:20:00",VBBL1,0
D,DISPATCH,UNIT_SCADA,1,"2022/10/20 09:20:00",VP5,499.795530
D,DISPATCH,UNIT_SCADA,1,"2022/10/20 09:20:00",VP6,501.089510
D,DISPATCH,UNIT_SCADA,1,"2022/10/20 09:20:00",VPGS1,0
D,DISPATCH,UNIT_SCADA,1,"2022/10/20 09:20:00",VPGS2,0
D,DISPATCH,UNIT_SCADA,1,"2022/10/20 09:20:00",VPGS3,0
D,DISPATCH,UNIT_SCADA,1,"2022/10/20 09:20:00",VPGS4,0
D,DISPATCH,UNIT_SCADA,1,"2022/10/20 09:20:00",VPGS5,0
D,DISPATCH,UNIT_SCADA,1,"2022/10/20 09:20:00",VPGS6,0
D,DISPATCH,UNIT_SCADA,1,"2022/10/20 09:20:00",W/HOE#1,0
D,DISPATCH,UNIT_SCADA,1,"2022/10/20 09:20:00",W/HOE#2,0
D,DISPATCH,UNIT_SCADA,1,"2022/10/20 09:20:00",WAGGNSF1,0
D,DISPATCH,UNIT_SCADA,1,"2022/10/20 09:20:00",WALGRVG1,0.000930
D,DISPATCH,UNIT_SCADA,1,"2022/10/20 09:20:00",WALGRVL1,0
D,DISPATCH,UNIT_SCADA,1,"2022/10/20 09:20:00",WANDBG1,0
D,DISPATCH,UNIT_SCADA,1,"2022/10/20 09:20:00",WANDBL1,0
D,DISPATCH,UNIT_SCADA,1,"2022/10/20 09:20:00",WARWSF1,12.15
D,DISPATCH,UNIT_SCADA,1,"2022/10/20 09:20:00",WARWSF2,12.10
D,DISPATCH,UNIT_SCADA,1,"2022/10/20 09:20:00",WATERLWF,70.90
D,DISPATCH,UNIT_SCADA,1,"2022/10/20 09:20:00",WDGPH1,91.4780
D,DISPATCH,UNIT_SCADA,1,"2022/10/20 09:20:00",WELLSF1,156.530110
D,DISPATCH,UNIT_SCADA,1,"2022/10/20 09:20:00",WEMENSF1,32.70
D,DISPATCH,UNIT_SCADA,1,"2022/10/20 09:20:00",WGWF1,102.80
D,DISPATCH,UNIT_SCADA,1,"2022/10/20 09:20:00",WHITSF1,9.90
D,DISPATCH,UNIT_SCADA,1,"2022/10/20 09:20:00",WINTSF1,84.98
D,DISPATCH,UNIT_SCADA,1,"2022/10/20 09:20:00",WKIEWA1,29
D,DISPATCH,UNIT_SCADA,1,"2022/10/20 09:20:00",WKIEWA2,29.10
D,DISPATCH,UNIT_SCADA,1,"2022/10/20 09:20:00",WOODLWN1,19.402150
D,DISPATCH,UNIT_SCADA,1,"2022/10/20 09:20:00",WOOLGSF1,15.106050
D,DISPATCH,UNIT_SCADA,1,"2022/10/20 09:20:00",WPWF,53.70
D,DISPATCH,UNIT_SCADA,1,"2022/10/20 09:20:00",WRSF1,3.099460
D,DISPATCH,UNIT_SCADA,1,"2022/10/20 09:20:00",WRWF1,57.495380
D,DISPATCH,UNIT_SCADA,1,"2022/10/20 09:20:00",WSTWYSF1,0
D,DISPATCH,UNIT_SCADA,1,"2022/10/20 09:20:00",YABULU,0
D,DISPATCH,UNIT_SCADA,1,"2022/10/20 09:20:00",YABULU2,0
D,DISPATCH,UNIT_SCADA,1,"2022/10/20 09:20:00",YARANSF1,8.34
D,DISPATCH,UNIT_SCADA,1,"2022/10/20 09:20:00",YARWUN_1,163.789990
D,DISPATCH,UNIT_SCADA,1,"2022/10/20 09:20:00",YATSF1,11.30
D,DISPATCH,UNIT_SCADA,1,"2022/10/20 09:20:00",YENDWF1,24.03
D,DISPATCH,UNIT_SCADA,1,"2022/10/20 09:20:00",YWPS1,347.868350
D,DISPATCH,UNIT_SCADA,1,"2022/10/20 09:20:00",YWPS2,290.473420
D,DISPATCH,UNIT_SCADA,1,"2022/10/20 09:20:00",YWPS3,340.758240
D,DISPATCH,UNIT_SCADA,1,"2022/10/20 09:20:00",YWPS4,0
C,"END OF REPORT",419
