C,NEMP.WORLD,DISPATCHSCADA,AEMO,PUBLIC,2022/10/20,19:00:09,0000000373274924,DISPATCHSCADA,0000000373274918
I,DISPATCH,UNIT_SCADA,1,SETTLEMENTDATE,DUID,SCADAVALUE
D,DISPATCH,UNIT_SCADA,1,"2022/10/20 19:05:00",BARCSF1,0.10
D,DISPATCH,UNIT_SCADA,1,"2022/10/20 19:05:00",BUTLERSG,8.699999
D,DISPATCH,UNIT_SCADA,1,"2022/10/20 19:05:00",CAPTL_WF,77.200394
D,DISPATCH,UNIT_SCADA,1,"2022/10/20 19:05:00",CHALLHWF,6.60
D,DISPATCH,UNIT_SCADA,1,"2022/10/20 19:05:00",CLOVER,13.110001
D,DISPATCH,UNIT_SCADA,1,"2022/10/20 19:05:00",CLUNY,6.281987
D,DISPATCH,UNIT_SCADA,1,"2022/10/20 19:05:00",CULLRGWF,-0.03
D,DISPATCH,UNIT_SCADA,1,"2022/10/20 19:05:00",DIAPURWF1,1.60
D,DISPATCH,UNIT_SCADA,1,"2022/10/20 19:05:00",ERGT01,0
D,DISPATCH,UNIT_SCADA,1,"2022/10/20 19:05:00",GB01,0
D,DISPATCH,UNIT_SCADA,1,"2022/10/20 19:05:00",GERMCRK,20.40
D,DISPATCH,UNIT_SCADA,1,"2022/10/20 19:05:00",GRIFSF1,0.001526
D,DISPATCH,UNIT_SCADA,1,"2022/10/20 19:05:00",HEZ1,0
D,DISPATCH,UNIT_SCADA,1,"2022/10/20 19:05:00",HUGSF1,-0.0420
D,DISPATCH,UNIT_SCADA,1,"2022/10/20 19:05:00",KEPBG1,0
D,DISPATCH,UNIT_SCADA,1,"2022/10/20 19:05:00",LRSF1,0.0110
D,DISPATCH,UNIT_SCADA,1,"2022/10/20 19:05:00",MBAHNTH,43.6875
D,DISPATCH,UNIT_SCADA,1,"2022/10/20 19:05:00",MLSP1,0
D,DISPATCH,UNIT_SCADA,1,"2022/10/20 19:05:00",MLWF1,4.6650
D,DISPATCH,UNIT_SCADA,1,"2022/10/20 19:05:00",PALOONA,30.90
D,DISPATCH,UNIT_SCADA,1,"2022/10/20 19:05:00",PIONEER,31.10
D,DISPATCH,UNIT_SCADA,1,"2022/10/20 19:05:00",PORTWF,43.099998
D,DISPATCH,UNIT_SCADA,1,"2022/10/20 19:05:00",REPULSE,9.733425
D,DISPATCH,UNIT_SCADA,1,"2022/10/20 19:05:00",ROWALLAN,8.7543
D,DISPATCH,UNIT_SCADA,1,"2022/10/20 19:05:00",ROYALLA1,0
D,DISPATCH,UNIT_SCADA,1,"2022/10/20 19:05:00",RPCG,-0.50
D,DISPATCH,UNIT_SCADA,1,"2022/10/20 19:05:00",RUBICON,0
D,DISPATCH,UNIT_SCADA,1,"2022/10/20 19:05:00",WAUBRAWF,74.8610
D,DISPATCH,UNIT_SCADA,1,"2022/10/20 19:05:00",WOOLNTH1,95.169998
D,DISPATCH,UNIT_SCADA,1,"2022/10/20 19:05:00",YAMBUKWF,5.40
D,DISPATCH,UNIT_SCADA,1,"2022/10/20 19:05:00",YSWF1,1.10
D,DISPATCH,UNIT_SCADA,1,"2022/10/20 19:05:00",ADPBA1G,0.0080
D,DISPATCH,UNIT_SCADA,1,"2022/10/20 19:05:00",ADPBA1L,0
D,DISPATCH,UNIT_SCADA,1,"2022/10/20 19:05:00",ADPPV1,0.0670
D,DISPATCH,UNIT_SCADA,1,"2022/10/20 19:05:00",AGLHAL,30.808450
D,DISPATCH,UNIT_SCADA,1,"2022/10/20 19:05:00",AGLSOM,0
D,DISPATCH,UNIT_SCADA,1,"2022/10/20 19:05:00",ANGAST1,0
D,DISPATCH,UNIT_SCADA,1,"2022/10/20 19:05:00",ARWF1,59.70
D,DISPATCH,UNIT_SCADA,1,"2022/10/20 19:05:00",BALBG1,0
D,DISPATCH,UNIT_SCADA,1,"2022/10/20 19:05:00",BALBL1,0
D,DISPATCH,UNIT_SCADA,1,"2022/10/20 19:05:00",BALDHWF1,104.4980
D,DISPATCH,UNIT_SCADA,1,"2022/10/20 19:05:00",BANGOWF1,90.496990
D,DISPATCH,UNIT_SCADA,1,"2022/10/20 19:05:00",BANGOWF2,67.199740
D,DISPATCH,UNIT_SCADA,1,"2022/10/20 19:05:00",BANN1,0
D,DISPATCH,UNIT_SCADA,1,"2022/10/20 19:05:00",BARCALDN,0
D,DISPATCH,UNIT_SCADA,1,"2022/10/20 19:05:00",BARKIPS1,91.29
D,DISPATCH,UNIT_SCADA,1,"2022/10/20 19:05:00",BARRON-1,27.84
D,DISPATCH,UNIT_SCADA,1,"2022/10/20 19:05:00",BARRON-2,28.12
D,DISPATCH,UNIT_SCADA,1,"2022/10/20 19:05:00",BASTYAN,70.20
D,DISPATCH,UNIT_SCADA,1,"2022/10/20 19:05:00",BBTHREE1,0
D,DISPATCH,UNIT_SCADA,1,"2022/10/20 19:05:00",BBTHREE2,0
D,DISPATCH,UNIT_SCADA,1,"2022/10/20 19:05:00",BBTHREE3,-1.07
D,DISPATCH,UNIT_SCADA,1,"2022/10/20 19:05:00",BDL01,0
D,DISPATCH,UNIT_SCADA,1,"2022/10/20 19:05:00",BDL02,0
D,DISPATCH,UNIT_SCADA,1,"2022/10/20 19:05:00",BERYLSF1,0
D,DISPATCH,UNIT_SCADA,1,"2022/10/20 19:05:00",BLOWERNG,62.60
D,DISPATCH,UNIT_SCADA,1,"2022/10/20 19:05:00",BLUEGSF1,0
D,DISPATCH,UNIT_SCADA,1,"2022/10/20 19:05:00",BLUFF1,1.50
D,DISPATCH,UNIT_SCADA,1,"2022/10/20 19:05:00",BNGSF1,0.23
D,DISPATCH,UNIT_SCADA,1,"2022/10/20 19:05:00",BNGSF2,0.25
D,DISPATCH,UNIT_SCADA,1,"2022/10/20 19:05:00",BOCORWF1,36.74
D,DISPATCH,UNIT_SCADA,1,"2022/10/20 19:05:00",BODWF1,112.220280
D,DISPATCH,UNIT_SCADA,1,"2022/10/20 19:05:00",BOMENSF1,0
D,DISPATCH,UNIT_SCADA,1,"2022/10/20 19:05:00",BOWWBA1G,0
D,DISPATCH,UNIT_SCADA,1,"2022/10/20 19:05:00",BOWWBA1L,0.0030
D,DISPATCH,UNIT_SCADA,1,"2022/10/20 19:05:00",BOWWPV1,0
D,DISPATCH,UNIT_SCADA,1,"2022/10/20 19:05:00",BRAEMAR1,0
D,DISPATCH,UNIT_SCADA,1,"2022/10/20 19:05:00",BRAEMAR2,0
D,DISPATCH,UNIT_SCADA,1,"2022/10/20 19:05:00",BRAEMAR3,0
D,DISPATCH,UNIT_SCADA,1,"2022/10/20 19:05:00",BRAEMAR5,145.677020
D,DISPATCH,UNIT_SCADA,1,"2022/10/20 19:05:00",BRAEMAR6,0
D,DISPATCH,UNIT_SCADA,1,"2022/10/20 19:05:00",BRAEMAR7,141.175280
D,DISPATCH,UNIT_SCADA,1,"2022/10/20 19:05:00",BROKENH1,0
D,DISPATCH,UNIT_SCADA,1,"2022/10/20 19:05:00",BRYB1WF1,103.5935
D,DISPATCH,UNIT_SCADA,1,"2022/10/20 19:05:00",BULBESG1,0
D,DISPATCH,UNIT_SCADA,1,"2022/10/20 19:05:00",BULBESL1,0.03
D,DISPATCH,UNIT_SCADA,1,"2022/10/20 19:05:00",BULGANA1,67.19
D,DISPATCH,UNIT_SCADA,1,"2022/10/20 19:05:00",BW01,659.177550
D,DISPATCH,UNIT_SCADA,1,"2022/10/20 19:05:00",BW02,639.182130
D,DISPATCH,UNIT_SCADA,1,"2022/10/20 19:05:00",BW03,617.697390
D,DISPATCH,UNIT_SCADA,1,"2022/10/20 19:05:00",BW04,0
D,DISPATCH,UNIT_SCADA,1,"2022/10/20 19:05:00",CALL_B_1,322.399990
D,DISPATCH,UNIT_SCADA,1,"2022/10/20 19:05:00",CALL_B_2,322.200010
D,DISPATCH,UNIT_SCADA,1,"2022/10/20 19:05:00",CATHROCK,4.30
D,DISPATCH,UNIT_SCADA,1,"2022/10/20 19:05:00",CBWWBA1G,0
D,DISPATCH,UNIT_SCADA,1,"2022/10/20 19:05:00",CBWWBA1L,0
D,DISPATCH,UNIT_SCADA,1,"2022/10/20 19:05:00",CETHANA,97.406130
D,DISPATCH,UNIT_SCADA,1,"2022/10/20 19:05:00",CG1,0
D,DISPATCH,UNIT_SCADA,1,"2022/10/20 19:05:00",CG2,0
D,DISPATCH,UNIT_SCADA,1,"2022/10/20 19:05:00",CG3,0
D,DISPATCH,UNIT_SCADA,1,"2022/10/20 19:05:00",CG4,0
D,DISPATCH,UNIT_SCADA,1,"2022/10/20 19:05:00",CHILDSF1,0
D,DISPATCH,UNIT_SCADA,1,"2022/10/20 19:05:00",CHYTWF1,10.53
D,DISPATCH,UNIT_SCADA,1,"2022/10/20 19:05:00",CLARESF1,0
D,DISPATCH,UNIT_SCADA,1,"2022/10/20 19:05:00",CLEMGPWF,4.754310
D,DISPATCH,UNIT_SCADA,1,"2022/10/20 19:05:00",CLERMSF1,0
D,DISPATCH,UNIT_SCADA,1,"2022/10/20 19:05:00",CNUNDAWF,15.117640
D,DISPATCH,UNIT_SCADA,1,"2022/10/20 19:05:00",COHUNSF1,0
D,DISPATCH,UNIT_SCADA,1,"2022/10/20 19:05:00",COLEASF1,0
D,DISPATCH,UNIT_SCADA,1,"2022/10/20 19:05:00",COLUMSF1,0
D,DISPATCH,UNIT_SCADA,1,"2022/10/20 19:05:00",COLWF01,152.520020
D,DISPATCH,UNIT_SCADA,1,"2022/10/20 19:05:00",COOPGWF1,337.140010
D,DISPATCH,UNIT_SCADA,1,"2022/10/20 19:05:00",CPP_3,370.975010
D,DISPATCH,UNIT_SCADA,1,"2022/10/20 19:05:00",CPP_4,0
D,DISPATCH,UNIT_SCADA,1,"2022/10/20 19:05:00",CPSA,0
D,DISPATCH,UNIT_SCADA,1,"2022/10/20 19:05:00",CROOKWF2,39.095450
D,DISPATCH,UNIT_SCADA,1,"2022/10/20 19:05:00",CROWLWF1,31.758340
D,DISPATCH,UNIT_SCADA,1,"2022/10/20 19:05:00",CRURWF1,96.398950
D,DISPATCH,UNIT_SCADA,1,"2022/10/20 19:05:00",CRWASF1,0
D,DISPATCH,UNIT_SCADA,1,"2022/10/20 19:05:00",CSPVPS1,0
D,DISPATCH,UNIT_SCADA,1,"2022/10/20 19:05:00",CTHLWF1,0.003050
D,DISPATCH,UNIT_SCADA,1,"2022/10/20 19:05:00",DALNTH01,0
D,DISPATCH,UNIT_SCADA,1,"2022/10/20 19:05:00",DALNTHL1,0.132750
D,DISPATCH,UNIT_SCADA,1,"2022/10/20 19:05:00",DARLSF1,0
D,DISPATCH,UNIT_SCADA,1,"2022/10/20 19:05:00",DARTM1,0
D,DISPATCH,UNIT_SCADA,1,"2022/10/20 19:05:00",DAYDSF1,0
D,DISPATCH,UNIT_SCADA,1,"2022/10/20 19:05:00",DDPS1,0
D,DISPATCH,UNIT_SCADA,1,"2022/10/20 19:05:00",DDSF1,0
D,DISPATCH,UNIT_SCADA,1,"2022/10/20 19:05:00",DEVILS_G,60.360730
D,DISPATCH,UNIT_SCADA,1,"2022/10/20 19:05:00",DG_NSW1,0
D,DISPATCH,UNIT_SCADA,1,"2022/10/20 19:05:00",DG_QLD1,0
D,DISPATCH,UNIT_SCADA,1,"2022/10/20 19:05:00",DG_SA1,0
D,DISPATCH,UNIT_SCADA,1,"2022/10/20 19:05:00",DG_TAS1,0
D,DISPATCH,UNIT_SCADA,1,"2022/10/20 19:05:00",DG_VIC1,0
D,DISPATCH,UNIT_SCADA,1,"2022/10/20 19:05:00",DRYCGT1,0
D,DISPATCH,UNIT_SCADA,1,"2022/10/20 19:05:00",DRYCGT2,0
D,DISPATCH,UNIT_SCADA,1,"2022/10/20 19:05:00",DRYCGT3,0
D,DISPATCH,UNIT_SCADA,1,"2022/10/20 19:05:00",DUNDWF1,81.36
D,DISPATCH,UNIT_SCADA,1,"2022/10/20 19:05:00",DUNDWF2,28.92
D,DISPATCH,UNIT_SCADA,1,"2022/10/20 19:05:00",DUNDWF3,65.62
D,DISPATCH,UNIT_SCADA,1,"2022/10/20 19:05:00",EILDON1,59.92
D,DISPATCH,UNIT_SCADA,1,"2022/10/20 19:05:00",EILDON2,60
D,DISPATCH,UNIT_SCADA,1,"2022/10/20 19:05:00",ELAINWF1,12
D,DISPATCH,UNIT_SCADA,1,"2022/10/20 19:05:00",EMERASF1,0
D,DISPATCH,UNIT_SCADA,1,"2022/10/20 19:05:00",ER01,0
D,DISPATCH,UNIT_SCADA,1,"2022/10/20 19:05:00",ER02,579.586490
D,DISPATCH,UNIT_SCADA,1,"2022/10/20 19:05:00",ER03,639.768070
D,DISPATCH,UNIT_SCADA,1,"2022/10/20 19:05:00",ER04,699.266050
D,DISPATCH,UNIT_SCADA,1,"2022/10/20 19:05:00",FINLYSF1,0
D,DISPATCH,UNIT_SCADA,1,"2022/10/20 19:05:00",FISHER,43.90
D,DISPATCH,UNIT_SCADA,1,"2022/10/20 19:05:00",GANGARR1,0
D,DISPATCH,UNIT_SCADA,1,"2022/10/20 19:05:00",GANNBG1,20.0651
D,DISPATCH,UNIT_SCADA,1,"2022/10/20 19:05:00",GANNBL1,0
D,DISPATCH,UNIT_SCADA,1,"2022/10/20 19:05:00",GANNSF1,0
D,DISPATCH,UNIT_SCADA,1,"2022/10/20 19:05:00",GLRWNSF1,0
D,DISPATCH,UNIT_SCADA,1,"2022/10/20 19:05:00",GNNDHSF1,0
D,DISPATCH,UNIT_SCADA,1,"2022/10/20 19:05:00",GOONSF1,0
D,DISPATCH,UNIT_SCADA,1,"2022/10/20 19:05:00",GORDON,275.014430
D,DISPATCH,UNIT_SCADA,1,"2022/10/20 19:05:00",GRANWF1,0
D,DISPATCH,UNIT_SCADA,1,"2022/10/20 19:05:00",GSTONE1,214.55
D,DISPATCH,UNIT_SCADA,1,"2022/10/20 19:05:00",GSTONE2,0
D,DISPATCH,UNIT_SCADA,1,"2022/10/20 19:05:00",GSTONE3,200.20
D,DISPATCH,UNIT_SCADA,1,"2022/10/20 19:05:00",GSTONE4,0
D,DISPATCH,UNIT_SCADA,1,"2022/10/20 19:05:00",GSTONE5,214.3750
D,DISPATCH,UNIT_SCADA,1,"2022/10/20 19:05:00",GSTONE6,214.724990
D,DISPATCH,UNIT_SCADA,1,"2022/10/20 19:05:00",GULLRSF1,0
D,DISPATCH,UNIT_SCADA,1,"2022/10/20 19:05:00",GULLRWF1,85.353710
D,DISPATCH,UNIT_SCADA,1,"2022/10/20 19:05:00",GULLRWF2,92.340770
D,DISPATCH,UNIT_SCADA,1,"2022/10/20 19:05:00",GUNNING1,0
D,DISPATCH,UNIT_SCADA,1,"2022/10/20 19:05:00",GUTHEGA,68
D,DISPATCH,UNIT_SCADA,1,"2022/10/20 19:05:00",HALLWF1,4.51
D,DISPATCH,UNIT_SCADA,1,"2022/10/20 19:05:00",HALLWF2,3.11
D,DISPATCH,UNIT_SCADA,1,"2022/10/20 19:05:00",HAMISF1,0
D,DISPATCH,UNIT_SCADA,1,"2022/10/20 19:05:00",HAUGHT11,0
D,DISPATCH,UNIT_SCADA,1,"2022/10/20 19:05:00",HAYMSF1,0
D,DISPATCH,UNIT_SCADA,1,"2022/10/20 19:05:00",HDWF1,14.40
D,DISPATCH,UNIT_SCADA,1,"2022/10/20 19:05:00",HDWF2,11.90
D,DISPATCH,UNIT_SCADA,1,"2022/10/20 19:05:00",HDWF3,13.30
D,DISPATCH,UNIT_SCADA,1,"2022/10/20 19:05:00",HILLSTN1,0
D,DISPATCH,UNIT_SCADA,1,"2022/10/20 19:05:00",HPRG1,2.90
D,DISPATCH,UNIT_SCADA,1,"2022/10/20 19:05:00",HPRL1,0
D,DISPATCH,UNIT_SCADA,1,"2022/10/20 19:05:00",HUMENSW,55.4873
D,DISPATCH,UNIT_SCADA,1,"2022/10/20 19:05:00",HUMEV,0
D,DISPATCH,UNIT_SCADA,1,"2022/10/20 19:05:00",HVWWBA1G,0
D,DISPATCH,UNIT_SCADA,1,"2022/10/20 19:05:00",HVWWBA1L,0.0060
D,DISPATCH,UNIT_SCADA,1,"2022/10/20 19:05:00",HVWWPV1,0.0750
D,DISPATCH,UNIT_SCADA,1,"2022/10/20 19:05:00",JBUTTERS,10.195470
D,DISPATCH,UNIT_SCADA,1,"2022/10/20 19:05:00",JEMALNG1,0
D,DISPATCH,UNIT_SCADA,1,"2022/10/20 19:05:00",JLA01,0
D,DISPATCH,UNIT_SCADA,1,"2022/10/20 19:05:00",JLA02,0
D,DISPATCH,UNIT_SCADA,1,"2022/10/20 19:05:00",JLA03,0
D,DISPATCH,UNIT_SCADA,1,"2022/10/20 19:05:00",JLA04,0
D,DISPATCH,UNIT_SCADA,1,"2022/10/20 19:05:00",JLB01,0
D,DISPATCH,UNIT_SCADA,1,"2022/10/20 19:05:00",JLB02,0.10
D,DISPATCH,UNIT_SCADA,1,"2022/10/20 19:05:00",JLB03,0
D,DISPATCH,UNIT_SCADA,1,"2022/10/20 19:05:00",JUNEESF1,0
D,DISPATCH,UNIT_SCADA,1,"2022/10/20 19:05:00",KABANWF1,0.6960
D,DISPATCH,UNIT_SCADA,1,"2022/10/20 19:05:00",KAREEYA1,0
D,DISPATCH,UNIT_SCADA,1,"2022/10/20 19:05:00",KAREEYA2,0
D,DISPATCH,UNIT_SCADA,1,"2022/10/20 19:05:00",KAREEYA3,4.92
D,DISPATCH,UNIT_SCADA,1,"2022/10/20 19:05:00",KAREEYA4,0
D,DISPATCH,UNIT_SCADA,1,"2022/10/20 19:05:00",KARSF1,0
D,DISPATCH,UNIT_SCADA,1,"2022/10/20 19:05:00",KEPSF1,0
D,DISPATCH,UNIT_SCADA,1,"2022/10/20 19:05:00",KEPWF1,8.70
D,DISPATCH,UNIT_SCADA,1,"2022/10/20 19:05:00",KIAMSF1,0
D,DISPATCH,UNIT_SCADA,1,"2022/10/20 19:05:00",KIATAWF1,3.70
D,DISPATCH,UNIT_SCADA,1,"2022/10/20 19:05:00",KPP_1,0
D,DISPATCH,UNIT_SCADA,1,"2022/10/20 19:05:00",KSP1,0
D,DISPATCH,UNIT_SCADA,1,"2022/10/20 19:05:00",LADBROK1,0.02
D,DISPATCH,UNIT_SCADA,1,"2022/10/20 19:05:00",LADBROK2,0.02
D,DISPATCH,UNIT_SCADA,1,"2022/10/20 19:05:00",LBBG1,4.95
D,DISPATCH,UNIT_SCADA,1,"2022/10/20 19:05:00",LBBL1,0
D,DISPATCH,UNIT_SCADA,1,"2022/10/20 19:05:00",LD01,380.779450
D,DISPATCH,UNIT_SCADA,1,"2022/10/20 19:05:00",LD02,38.508260
D,DISPATCH,UNIT_SCADA,1,"2022/10/20 19:05:00",LD04,315.7384
D,DISPATCH,UNIT_SCADA,1,"2022/10/20 19:05:00",LEM_WIL,86.903310
D,DISPATCH,UNIT_SCADA,1,"2022/10/20 19:05:00",LGAPWF1,83.59
D,DISPATCH,UNIT_SCADA,1,"2022/10/20 19:05:00",LGAPWF2,61.54
D,DISPATCH,UNIT_SCADA,1,"2022/10/20 19:05:00",LILYSF1,0
D,DISPATCH,UNIT_SCADA,1,"2022/10/20 19:05:00",LIMOSF11,0
D,DISPATCH,UNIT_SCADA,1,"2022/10/20 19:05:00",LIMOSF21,0
D,DISPATCH,UNIT_SCADA,1,"2022/10/20 19:05:00",LI_WY_CA,63.165160
D,DISPATCH,UNIT_SCADA,1,"2022/10/20 19:05:00",LKBONNY1,15.361220
D,DISPATCH,UNIT_SCADA,1,"2022/10/20 19:05:00",LKBONNY2,52.167350
D,DISPATCH,UNIT_SCADA,1,"2022/10/20 19:05:00",LKBONNY3,14.011340
D,DISPATCH,UNIT_SCADA,1,"2022/10/20 19:05:00",LK_ECHO,0
D,DISPATCH,UNIT_SCADA,1,"2022/10/20 19:05:00",LNGS1,0
D,DISPATCH,UNIT_SCADA,1,"2022/10/20 19:05:00",LNGS2,0
D,DISPATCH,UNIT_SCADA,1,"2022/10/20 19:05:00",LONSDALE,0
D,DISPATCH,UNIT_SCADA,1,"2022/10/20 19:05:00",LOYYB1,581.202510
D,DISPATCH,UNIT_SCADA,1,"2022/10/20 19:05:00",LOYYB2,575.563290
D,DISPATCH,UNIT_SCADA,1,"2022/10/20 19:05:00",LYA1,560
D,DISPATCH,UNIT_SCADA,1,"2022/10/20 19:05:00",LYA2,0
D,DISPATCH,UNIT_SCADA,1,"2022/10/20 19:05:00",LYA3,559
D,DISPATCH,UNIT_SCADA,1,"2022/10/20 19:05:00",LYA4,561
D,DISPATCH,UNIT_SCADA,1,"2022/10/20 19:05:00",MACARTH1,63.798530
D,DISPATCH,UNIT_SCADA,1,"2022/10/20 19:05:00",MACKNTSH,75.34
D,DISPATCH,UNIT_SCADA,1,"2022/10/20 19:05:00",MANSLR1,0
D,DISPATCH,UNIT_SCADA,1,"2022/10/20 19:05:00",MAPS2PV1,0
D,DISPATCH,UNIT_SCADA,1,"2022/10/20 19:05:00",MAPS3PV1,0
D,DISPATCH,UNIT_SCADA,1,"2022/10/20 19:05:00",MARYRSF1,0
D,DISPATCH,UNIT_SCADA,1,"2022/10/20 19:05:00",MBPS2PV1,0
D,DISPATCH,UNIT_SCADA,1,"2022/10/20 19:05:00",MCKAY1,223.56
D,DISPATCH,UNIT_SCADA,1,"2022/10/20 19:05:00",MEADOWBK,19.948840
D,DISPATCH,UNIT_SCADA,1,"2022/10/20 19:05:00",MERCER01,16.30
D,DISPATCH,UNIT_SCADA,1,"2022/10/20 19:05:00",METZSF1,0
D,DISPATCH,UNIT_SCADA,1,"2022/10/20 19:05:00",MEWF1,28.400640
D,DISPATCH,UNIT_SCADA,1,"2022/10/20 19:05:00",MIDDLSF1,0
D,DISPATCH,UNIT_SCADA,1,"2022/10/20 19:05:00",MINTARO,0.128180
D,DISPATCH,UNIT_SCADA,1,"2022/10/20 19:05:00",MOLNGSF1,0
D,DISPATCH,UNIT_SCADA,1,"2022/10/20 19:05:00",MOORAWF1,15.80
D,DISPATCH,UNIT_SCADA,1,"2022/10/20 19:05:00",MOREESF1,0
D,DISPATCH,UNIT_SCADA,1,"2022/10/20 19:05:00",MORTLK11,0
D,DISPATCH,UNIT_SCADA,1,"2022/10/20 19:05:00",MORTLK12,0
D,DISPATCH,UNIT_SCADA,1,"2022/10/20 19:05:00",MOUSF1,0
D,DISPATCH,UNIT_SCADA,1,"2022/10/20 19:05:00",MP1,0
D,DISPATCH,UNIT_SCADA,1,"2022/10/20 19:05:00",MP2,643.356990
D,DISPATCH,UNIT_SCADA,1,"2022/10/20 19:05:00",MPP_1,196.570310
D,DISPATCH,UNIT_SCADA,1,"2022/10/20 19:05:00",MPP_2,176.534850
D,DISPATCH,UNIT_SCADA,1,"2022/10/20 19:05:00",MRTLSWF1,0
D,DISPATCH,UNIT_SCADA,1,"2022/10/20 19:05:00",MSTUART1,0
D,DISPATCH,UNIT_SCADA,1,"2022/10/20 19:05:00",MSTUART2,0
D,DISPATCH,UNIT_SCADA,1,"2022/10/20 19:05:00",MSTUART3,0
D,DISPATCH,UNIT_SCADA,1,"2022/10/20 19:05:00",MTGELWF1,64.944920
D,DISPATCH,UNIT_SCADA,1,"2022/10/20 19:05:00",MTMILLAR,13.40
D,DISPATCH,UNIT_SCADA,1,"2022/10/20 19:05:00",MURRAY,465.50
D,DISPATCH,UNIT_SCADA,1,"2022/10/20 19:05:00",MUSSELR1,3.60
D,DISPATCH,UNIT_SCADA,1,"2022/10/20 19:05:00",MUWAWF1,3.31
D,DISPATCH,UNIT_SCADA,1,"2022/10/20 19:05:00",MUWAWF2,13.50
D,DISPATCH,UNIT_SCADA,1,"2022/10/20 19:05:00",MWPS1PV1,0
D,DISPATCH,UNIT_SCADA,1,"2022/10/20 19:05:00",MWPS2PV1,0
D,DISPATCH,UNIT_SCADA,1,"2022/10/20 19:05:00",MWPS3PV1,0
D,DISPATCH,UNIT_SCADA,1,"2022/10/20 19:05:00",MWPS4PV1,0
D,DISPATCH,UNIT_SCADA,1,"2022/10/20 19:05:00",NBHWF1,4
D,DISPATCH,UNIT_SCADA,1,"2022/10/20 19:05:00",NEVERSF1,0
D,DISPATCH,UNIT_SCADA,1,"2022/10/20 19:05:00",NPS,0
D,DISPATCH,UNIT_SCADA,1,"2022/10/20 19:05:00",NUMURSF1,0
D,DISPATCH,UNIT_SCADA,1,"2022/10/20 19:05:00",NYNGAN1,0
D,DISPATCH,UNIT_SCADA,1,"2022/10/20 19:05:00",OAKEY1,125.160030
D,DISPATCH,UNIT_SCADA,1,"2022/10/20 19:05:00",OAKEY1SF,0
D,DISPATCH,UNIT_SCADA,1,"2022/10/20 19:05:00",OAKEY2,0
D,DISPATCH,UNIT_SCADA,1,"2022/10/20 19:05:00",OAKEY2SF,0
D,DISPATCH,UNIT_SCADA,1,"2022/10/20 19:05:00",OAKLAND1,25
D,DISPATCH,UNIT_SCADA,1,"2022/10/20 19:05:00",OSB-AG,176.709990
D,DISPATCH,UNIT_SCADA,1,"2022/10/20 19:05:00",PAREPS1,0
D,DISPATCH,UNIT_SCADA,1,"2022/10/20 19:05:00",PAREPW1,164.06
D,DISPATCH,UNIT_SCADA,1,"2022/10/20 19:05:00",PARSF1,0.001530
D,DISPATCH,UNIT_SCADA,1,"2022/10/20 19:05:00",POAT110,3.16
D,DISPATCH,UNIT_SCADA,1,"2022/10/20 19:05:00",POAT220,0
D,DISPATCH,UNIT_SCADA,1,"2022/10/20 19:05:00",POR01,0.045290
D,DISPATCH,UNIT_SCADA,1,"2022/10/20 19:05:00",POR03,0
D,DISPATCH,UNIT_SCADA,1,"2022/10/20 19:05:00",PPCCGT,174.223240
D,DISPATCH,UNIT_SCADA,1,"2022/10/20 19:05:00",PTSTAN1,0
D,DISPATCH,UNIT_SCADA,1,"2022/10/20 19:05:00",PUMP1,0
D,DISPATCH,UNIT_SCADA,1,"2022/10/20 19:05:00",PUMP2,0
D,DISPATCH,UNIT_SCADA,1,"2022/10/20 19:05:00",QBYNBG1,0.0035
D,DISPATCH,UNIT_SCADA,1,"2022/10/20 19:05:00",QBYNBL1,0
D,DISPATCH,UNIT_SCADA,1,"2022/10/20 19:05:00",QPS1,0
D,DISPATCH,UNIT_SCADA,1,"2022/10/20 19:05:00",QPS2,0
D,DISPATCH,UNIT_SCADA,1,"2022/10/20 19:05:00",QPS3,0
D,DISPATCH,UNIT_SCADA,1,"2022/10/20 19:05:00",QPS4,0
D,DISPATCH,UNIT_SCADA,1,"2022/10/20 19:05:00",QPS5,119.39
D,DISPATCH,UNIT_SCADA,1,"2022/10/20 19:05:00",REECE1,100.266120
D,DISPATCH,UNIT_SCADA,1,"2022/10/20 19:05:00",REECE2,100.740010
D,DISPATCH,UNIT_SCADA,1,"2022/10/20 19:05:00",ROMA_7,0
D,DISPATCH,UNIT_SCADA,1,"2022/10/20 19:05:00",ROMA_8,0
D,DISPATCH,UNIT_SCADA,1,"2022/10/20 19:05:00",RRSF1,0
D,DISPATCH,UNIT_SCADA,1,"2022/10/20 19:05:00",RT_NSW1,0
D,DISPATCH,UNIT_SCADA,1,"2022/10/20 19:05:00",RT_NSW2,0
D,DISPATCH,UNIT_SCADA,1,"2022/10/20 19:05:00",RT_NSW3,0
D,DISPATCH,UNIT_SCADA,1,"2022/10/20 19:05:00",RT_NSW4,0
D,DISPATCH,UNIT_SCADA,1,"2022/10/20 19:05:00",RT_NSW5,0
D,DISPATCH,UNIT_SCADA,1,"2022/10/20 19:05:00",RT_NSW6,0
D,DISPATCH,UNIT_SCADA,1,"2022/10/20 19:05:00",RT_QLD1,0
D,DISPATCH,UNIT_SCADA,1,"2022/10/20 19:05:00",RT_SA1,0
D,DISPATCH,UNIT_SCADA,1,"2022/10/20 19:05:00",RT_SA2,0
D,DISPATCH,UNIT_SCADA,1,"2022/10/20 19:05:00",RT_SA3,0
D,DISPATCH,UNIT_SCADA,1,"2022/10/20 19:05:00",RT_SA4,0
D,DISPATCH,UNIT_SCADA,1,"2022/10/20 19:05:00",RT_SA5,0
D,DISPATCH,UNIT_SCADA,1,"2022/10/20 19:05:00",RT_SA6,0
D,DISPATCH,UNIT_SCADA,1,"2022/10/20 19:05:00",RT_TAS1,0
D,DISPATCH,UNIT_SCADA,1,"2022/10/20 19:05:00",RT_VIC1,0
D,DISPATCH,UNIT_SCADA,1,"2022/10/20 19:05:00",RT_VIC10,0
D,DISPATCH,UNIT_SCADA,1,"2022/10/20 19:05:00",RT_VIC11,0
D,DISPATCH,UNIT_SCADA,1,"2022/10/20 19:05:00",RT_VIC12,0
D,DISPATCH,UNIT_SCADA,1,"2022/10/20 19:05:00",RT_VIC2,0
D,DISPATCH,UNIT_SCADA,1,"2022/10/20 19:05:00",RT_VIC3,0
D,DISPATCH,UNIT_SCADA,1,"2022/10/20 19:05:00",RT_VIC4,0
D,DISPATCH,UNIT_SCADA,1,"2022/10/20 19:05:00",RT_VIC5,0
D,DISPATCH,UNIT_SCADA,1,"2022/10/20 19:05:00",RT_VIC6,0
D,DISPATCH,UNIT_SCADA,1,"2022/10/20 19:05:00",RT_VIC7,0
D,DISPATCH,UNIT_SCADA,1,"2022/10/20 19:05:00",RT_VIC8,0
D,DISPATCH,UNIT_SCADA,1,"2022/10/20 19:05:00",RT_VIC9,0
D,DISPATCH,UNIT_SCADA,1,"2022/10/20 19:05:00",RUGBYR1,0
D,DISPATCH,UNIT_SCADA,1,"2022/10/20 19:05:00",SALTCRK1,30.97
D,DISPATCH,UNIT_SCADA,1,"2022/10/20 19:05:00",SAPHWF1,216.868850
D,DISPATCH,UNIT_SCADA,1,"2022/10/20 19:05:00",SEBSF1,0
D,DISPATCH,UNIT_SCADA,1,"2022/10/20 19:05:00",SHGEN,80.543990
D,DISPATCH,UNIT_SCADA,1,"2022/10/20 19:05:00",SHPUMP,0
D,DISPATCH,UNIT_SCADA,1,"2022/10/20 19:05:00",SITHE01,0.123710
D,DISPATCH,UNIT_SCADA,1,"2022/10/20 19:05:00",SMCSF1,0
D,DISPATCH,UNIT_SCADA,1,"2022/10/20 19:05:00",SNAPPER1,0
D,DISPATCH,UNIT_SCADA,1,"2022/10/20 19:05:00",SNOWNTH1,59.40
D,DISPATCH,UNIT_SCADA,1,"2022/10/20 19:05:00",SNOWSTH1,21.20
D,DISPATCH,UNIT_SCADA,1,"2022/10/20 19:05:00",SNOWTWN1,48.6497
D,DISPATCH,UNIT_SCADA,1,"2022/10/20 19:05:00",SNOWYP,0
D,DISPATCH,UNIT_SCADA,1,"2022/10/20 19:05:00",SNUG1,0
D,DISPATCH,UNIT_SCADA,1,"2022/10/20 19:05:00",SRSF1,0
D,DISPATCH,UNIT_SCADA,1,"2022/10/20 19:05:00",STAN-1,283.683560
D,DISPATCH,UNIT_SCADA,1,"2022/10/20 19:05:00",STAN-2,364.935580
D,DISPATCH,UNIT_SCADA,1,"2022/10/20 19:05:00",STAN-3,365.076570
D,DISPATCH,UNIT_SCADA,1,"2022/10/20 19:05:00",STAN-4,363.884520
D,DISPATCH,UNIT_SCADA,1,"2022/10/20 19:05:00",STARHLWF,5.898280
D,DISPATCH,UNIT_SCADA,1,"2022/10/20 19:05:00",STOCKYD1,153.42
D,DISPATCH,UNIT_SCADA,1,"2022/10/20 19:05:00",STWF1,121.2195
D,DISPATCH,UNIT_SCADA,1,"2022/10/20 19:05:00",SUNRSF1,0
D,DISPATCH,UNIT_SCADA,1,"2022/10/20 19:05:00",SUNTPSF1,0
D,DISPATCH,UNIT_SCADA,1,"2022/10/20 19:05:00",SWAN_E,352.513120
D,DISPATCH,UNIT_SCADA,1,"2022/10/20 19:05:00",TALWA1,0
D,DISPATCH,UNIT_SCADA,1,"2022/10/20 19:05:00",TARALGA1,0
D,DISPATCH,UNIT_SCADA,1,"2022/10/20 19:05:00",TARONG#1,348.899990
D,DISPATCH,UNIT_SCADA,1,"2022/10/20 19:05:00",TARONG#2,349.200010
D,DISPATCH,UNIT_SCADA,1,"2022/10/20 19:05:00",TARONG#3,0.90
D,DISPATCH,UNIT_SCADA,1,"2022/10/20 19:05:00",TARONG#4,295.100010
D,DISPATCH,UNIT_SCADA,1,"2022/10/20 19:05:00",TARRALEA,53.80
D,DISPATCH,UNIT_SCADA,1,"2022/10/20 19:05:00",TBSF1,0
D,DISPATCH,UNIT_SCADA,1,"2022/10/20 19:05:00",TNPS1,422.3125
D,DISPATCH,UNIT_SCADA,1,"2022/10/20 19:05:00",TORRB1,0
D,DISPATCH,UNIT_SCADA,1,"2022/10/20 19:05:00",TORRB2,62
D,DISPATCH,UNIT_SCADA,1,"2022/10/20 19:05:00",TORRB3,0
D,DISPATCH,UNIT_SCADA,1,"2022/10/20 19:05:00",TORRB4,0
D,DISPATCH,UNIT_SCADA,1,"2022/10/20 19:05:00",TREVALLN,98.2690
D,DISPATCH,UNIT_SCADA,1,"2022/10/20 19:05:00",TRIBUTE,0
D,DISPATCH,UNIT_SCADA,1,"2022/10/20 19:05:00",TUMUT3,355.859990
D,DISPATCH,UNIT_SCADA,1,"2022/10/20 19:05:00",TUNGATIN,5.900020
D,DISPATCH,UNIT_SCADA,1,"2022/10/20 19:05:00",TVCC201,0
D,DISPATCH,UNIT_SCADA,1,"2022/10/20 19:05:00",TVPP104,57.8461
D,DISPATCH,UNIT_SCADA,1,"2022/10/20 19:05:00",UPPTUMUT,122.559810
D,DISPATCH,UNIT_SCADA,1,"2022/10/20 19:05:00",URANQ11,0
D,DISPATCH,UNIT_SCADA,1,"2022/10/20 19:05:00",URANQ12,0
D,DISPATCH,UNIT_SCADA,1,"2022/10/20 19:05:00",URANQ13,0
D,DISPATCH,UNIT_SCADA,1,"2022/10/20 19:05:00",URANQ14,155.590150
D,DISPATCH,UNIT_SCADA,1,"2022/10/20 19:05:00",VBBG1,29.10
D,DISPATCH,UNIT_SCADA,1,"2022/10/20 19:05:00",VBBL1,0
D,DISPATCH,UNIT_SCADA,1,"2022/10/20 19:05:00",VP5,560.759280
D,DISPATCH,UNIT_SCADA,1,"2022/10/20 19:05:00",VP6,608.124020
D,DISPATCH,UNIT_SCADA,1,"2022/10/20 19:05:00",VPGS1,0
D,DISPATCH,UNIT_SCADA,1,"2022/10/20 19:05:00",VPGS2,0
D,DISPATCH,UNIT_SCADA,1,"2022/10/20 19:05:00",VPGS3,0
D,DISPATCH,UNIT_SCADA,1,"2022/10/20 19:05:00",VPGS4,0
D,DISPATCH,UNIT_SCADA,1,"2022/10/20 19:05:00",VPGS5,0
D,DISPATCH,UNIT_SCADA,1,"2022/10/20 19:05:00",VPGS6,0
D,DISPATCH,UNIT_SCADA,1,"2022/10/20 19:05:00",W/HOE#1,160.929990
D,DISPATCH,UNIT_SCADA,1,"2022/10/20 19:05:00",W/HOE#2,0
D,DISPATCH,UNIT_SCADA,1,"2022/10/20 19:05:00",WAGGNSF1,0
D,DISPATCH,UNIT_SCADA,1,"2022/10/20 19:05:00",WALGRVG1,12.5053
D,DISPATCH,UNIT_SCADA,1,"2022/10/20 19:05:00",WALGRVL1,0
D,DISPATCH,UNIT_SCADA,1,"2022/10/20 19:05:00",WANDBG1,40.845870
D,DISPATCH,UNIT_SCADA,1,"2022/10/20 19:05:00",WANDBL1,0
D,DISPATCH,UNIT_SCADA,1,"2022/10/20 19:05:00",WARWSF1,0
D,DISPATCH,UNIT_SCADA,1,"2022/10/20 19:05:00",WARWSF2,0
D,DISPATCH,UNIT_SCADA,1,"2022/10/20 19:05:00",WATERLWF,2.90
D,DISPATCH,UNIT_SCADA,1,"2022/10/20 19:05:00",WDGPH1,0
D,DISPATCH,UNIT_SCADA,1,"2022/10/20 19:05:00",WELLSF1,0
D,DISPATCH,UNIT_SCADA,1,"2022/10/20 19:05:00",WEMENSF1,0
D,DISPATCH,UNIT_SCADA,1,"2022/10/20 19:05:00",WGWF1,12.90
D,DISPATCH,UNIT_SCADA,1,"2022/10/20 19:05:00",WHITSF1,0
D,DISPATCH,UNIT_SCADA,1,"2022/10/20 19:05:00",WINTSF1,0.43
D,DISPATCH,UNIT_SCADA,1,"2022/10/20 19:05:00",WKIEWA1,34.10
D,DISPATCH,UNIT_SCADA,1,"2022/10/20 19:05:00",WKIEWA2,34.20
D,DISPATCH,UNIT_SCADA,1,"2022/10/20 19:05:00",WOODLWN1,33.781280
D,DISPATCH,UNIT_SCADA,1,"2022/10/20 19:05:00",WOOLGSF1,0
D,DISPATCH,UNIT_SCADA,1,"2022/10/20 19:05:00",WPWF,29.15
D,DISPATCH,UNIT_SCADA,1,"2022/10/20 19:05:00",WRSF1,0
D,DISPATCH,UNIT_SCADA,1,"2022/10/20 19:05:00",WRWF1,81.5375
D,DISPATCH,UNIT_SCADA,1,"2022/10/20 19:05:00",WSTWYSF1,0
D,DISPATCH,UNIT_SCADA,1,"2022/10/20 19:05:00",YABULU,153.000020
D,DISPATCH,UNIT_SCADA,1,"2022/10/20 19:05:00",YABULU2,0
D,DISPATCH,UNIT_SCADA,1,"2022/10/20 19:05:00",YARANSF1,0
D,DISPATCH,UNIT_SCADA,1,"2022/10/20 19:05:00",YARWUN_1,163.08
D,DISPATCH,UNIT_SCADA,1,"2022/10/20 19:05:00",YATSF1,0
D,DISPATCH,UNIT_SCADA,1,"2022/10/20 19:05:00",YENDWF1,14.16
D,DISPATCH,UNIT_SCADA,1,"2022/10/20 19:05:00",YWPS1,357.3924
D,DISPATCH,UNIT_SCADA,1,"2022/10/20 19:05:00",YWPS2,298.243040
D,DISPATCH,UNIT_SCADA,1,"2022/10/20 19:05:00",YWPS3,362.493680
D,DISPATCH,UNIT_SCADA,1,"2022/10/20 19:05:00",YWPS4,0
C,"END OF REPORT",419
