C,NEMP.WORLD,DISPATCHSCADA,AEMO,PUBLIC,2022/10/20,09:55:17,0000000373245321,DISPATCHSCADA,0000000373245315
I,DISPATCH,UNIT_SCADA,1,SETTLEMENTDATE,DUID,SCADAVALUE
D,DISPATCH,UNIT_SCADA,1,"2022/10/20 10:00:00",BARCSF1,9.10
D,DISPATCH,UNIT_SCADA,1,"2022/10/20 10:00:00",BUTLERSG,8.699999
D,DISPATCH,UNIT_SCADA,1,"2022/10/20 10:00:00",CAPTL_WF,37.484947
D,DISPATCH,UNIT_SCADA,1,"2022/10/20 10:00:00",CHALLHWF,4.80
D,DISPATCH,UNIT_SCADA,1,"2022/10/20 10:00:00",CLOVER,10.929999
D,DISPATCH,UNIT_SCADA,1,"2022/10/20 10:00:00",CLUNY,6.181277
D,DISPATCH,UNIT_SCADA,1,"2022/10/20 10:00:00",CULLRGWF,-0.05
D,DISPATCH,UNIT_SCADA,1,"2022/10/20 10:00:00",DIAPURWF1,4.10
D,DISPATCH,UNIT_SCADA,1,"2022/10/20 10:00:00",ERGT01,0
D,DISPATCH,UNIT_SCADA,1,"2022/10/20 10:00:00",GB01,0
D,DISPATCH,UNIT_SCADA,1,"2022/10/20 10:00:00",GERMCRK,19.799999
D,DISPATCH,UNIT_SCADA,1,"2022/10/20 10:00:00",GRIFSF1,5.699244
D,DISPATCH,UNIT_SCADA,1,"2022/10/20 10:00:00",HEZ1,0
D,DISPATCH,UNIT_SCADA,1,"2022/10/20 10:00:00",HUGSF1,14.264001
D,DISPATCH,UNIT_SCADA,1,"2022/10/20 10:00:00",KEPBG1,0
D,DISPATCH,UNIT_SCADA,1,"2022/10/20 10:00:00",LRSF1,6.2330
D,DISPATCH,UNIT_SCADA,1,"2022/10/20 10:00:00",MBAHNTH,48
D,DISPATCH,UNIT_SCADA,1,"2022/10/20 10:00:00",MLSP1,8.141001
D,DISPATCH,UNIT_SCADA,1,"2022/10/20 10:00:00",MLWF1,6.3750
D,DISPATCH,UNIT_SCADA,1,"2022/10/20 10:00:00",PALOONA,30.09
D,DISPATCH,UNIT_SCADA,1,"2022/10/20 10:00:00",PIONEER,41.900002
D,DISPATCH,UNIT_SCADA,1,"2022/10/20 10:00:00",PORTWF,69
D,DISPATCH,UNIT_SCADA,1,"2022/10/20 10:00:00",REPULSE,9.473412
D,DISPATCH,UNIT_SCADA,1,"2022/10/20 10:00:00",ROWALLAN,8.8963
D,DISPATCH,UNIT_SCADA,1,"2022/10/20 10:00:00",ROYALLA1,15.613003
D,DISPATCH,UNIT_SCADA,1,"2022/10/20 10:00:00",RPCG,-1.80
D,DISPATCH,UNIT_SCADA,1,"2022/10/20 10:00:00",RUBICON,0
D,DISPATCH,UNIT_SCADA,1,"2022/10/20 10:00:00",WAUBRAWF,5.6290
D,DISPATCH,UNIT_SCADA,1,"2022/10/20 10:00:00",WOOLNTH1,-0.80
D,DISPATCH,UNIT_SCADA,1,"2022/10/20 10:00:00",YAMBUKWF,5.80
D,DISPATCH,UNIT_SCADA,1,"2022/10/20 10:00:00",YSWF1,0.90
D,DISPATCH,UNIT_SCADA,1,"2022/10/20 10:00:00",ADPBA1G,0.0080
D,DISPATCH,UNIT_SCADA,1,"2022/10/20 10:00:00",ADPBA1L,0
D,DISPATCH,UNIT_SCADA,1,"2022/10/20 10:00:00",ADPPV1,0.0610
D,DISPATCH,UNIT_SCADA,1,"2022/10/20 10:00:00",AGLHAL,0
D,DISPATCH,UNIT_SCADA,1,"2022/10/20 10:00:00",AGLSOM,0
D,DISPATCH,UNIT_SCADA,1,"2022/10/20 10:00:00",ANGAST1,0
D,DISPATCH,UNIT_SCADA,1,"2022/10/20 10:00:00",ARWF1,1.80
D,DISPATCH,UNIT_SCADA,1,"2022/10/20 10:00:00",BALBG1,0
D,DISPATCH,UNIT_SCADA,1,"2022/10/20 10:00:00",BALBL1,0
D,DISPATCH,UNIT_SCADA,1,"2022/10/20 10:00:00",BALDHWF1,5.8140
D,DISPATCH,UNIT_SCADA,1,"2022/10/20 10:00:00",BANGOWF1,32.498050
D,DISPATCH,UNIT_SCADA,1,"2022/10/20 10:00:00",BANGOWF2,54.797660
D,DISPATCH,UNIT_SCADA,1,"2022/10/20 10:00:00",BANN1,18.71
D,DISPATCH,UNIT_SCADA,1,"2022/10/20 10:00:00",BARCALDN,0
D,DISPATCH,UNIT_SCADA,1,"2022/10/20 10:00:00",BARKIPS1,0
D,DISPATCH,UNIT_SCADA,1,"2022/10/20 10:00:00",BARRON-1,0
D,DISPATCH,UNIT_SCADA,1,"2022/10/20 10:00:00",BARRON-2,0
D,DISPATCH,UNIT_SCADA,1,"2022/10/20 10:00:00",BASTYAN,54.240010
D,DISPATCH,UNIT_SCADA,1,"2022/10/20 10:00:00",BBTHREE1,0
D,DISPATCH,UNIT_SCADA,1,"2022/10/20 10:00:00",BBTHREE2,0
D,DISPATCH,UNIT_SCADA,1,"2022/10/20 10:00:00",BBTHREE3,-1.03
D,DISPATCH,UNIT_SCADA,1,"2022/10/20 10:00:00",BDL01,0
D,DISPATCH,UNIT_SCADA,1,"2022/10/20 10:00:00",BDL02,0
D,DISPATCH,UNIT_SCADA,1,"2022/10/20 10:00:00",BERYLSF1,4.780450
D,DISPATCH,UNIT_SCADA,1,"2022/10/20 10:00:00",BLOWERNG,62.60
D,DISPATCH,UNIT_SCADA,1,"2022/10/20 10:00:00",BLUEGSF1,74.895360
D,DISPATCH,UNIT_SCADA,1,"2022/10/20 10:00:00",BLUFF1,46.90
D,DISPATCH,UNIT_SCADA,1,"2022/10/20 10:00:00",BNGSF1,109.96
D,DISPATCH,UNIT_SCADA,1,"2022/10/20 10:00:00",BNGSF2,110.35
D,DISPATCH,UNIT_SCADA,1,"2022/10/20 10:00:00",BOCORWF1,1.05
D,DISPATCH,UNIT_SCADA,1,"2022/10/20 10:00:00",BODWF1,105.023760
D,DISPATCH,UNIT_SCADA,1,"2022/10/20 10:00:00",BOMENSF1,72.410160
D,DISPATCH,UNIT_SCADA,1,"2022/10/20 10:00:00",BOWWBA1G,0
D,DISPATCH,UNIT_SCADA,1,"2022/10/20 10:00:00",BOWWBA1L,0.0060
D,DISPATCH,UNIT_SCADA,1,"2022/10/20 10:00:00",BOWWPV1,0
D,DISPATCH,UNIT_SCADA,1,"2022/10/20 10:00:00",BRAEMAR1,0
D,DISPATCH,UNIT_SCADA,1,"2022/10/20 10:00:00",BRAEMAR2,0
D,DISPATCH,UNIT_SCADA,1,"2022/10/20 10:00:00",BRAEMAR3,0
D,DISPATCH,UNIT_SCADA,1,"2022/10/20 10:00:00",BRAEMAR5,0.292060
D,DISPATCH,UNIT_SCADA,1,"2022/10/20 10:00:00",BRAEMAR6,0
D,DISPATCH,UNIT_SCADA,1,"2022/10/20 10:00:00",BRAEMAR7,0.130920
D,DISPATCH,UNIT_SCADA,1,"2022/10/20 10:00:00",BROKENH1,14.399780
D,DISPATCH,UNIT_SCADA,1,"2022/10/20 10:00:00",BRYB1WF1,84.043640
D,DISPATCH,UNIT_SCADA,1,"2022/10/20 10:00:00",BULBESG1,0
D,DISPATCH,UNIT_SCADA,1,"2022/10/20 10:00:00",BULBESL1,1.31
D,DISPATCH,UNIT_SCADA,1,"2022/10/20 10:00:00",BULGANA1,21.10
D,DISPATCH,UNIT_SCADA,1,"2022/10/20 10:00:00",BW01,661.545720
D,DISPATCH,UNIT_SCADA,1,"2022/10/20 10:00:00",BW02,618.844910
D,DISPATCH,UNIT_SCADA,1,"2022/10/20 10:00:00",BW03,552.706180
D,DISPATCH,UNIT_SCADA,1,"2022/10/20 10:00:00",BW04,0
D,DISPATCH,UNIT_SCADA,1,"2022/10/20 10:00:00",CALL_B_1,320.800020
D,DISPATCH,UNIT_SCADA,1,"2022/10/20 10:00:00",CALL_B_2,321.200010
D,DISPATCH,UNIT_SCADA,1,"2022/10/20 10:00:00",CATHROCK,0
D,DISPATCH,UNIT_SCADA,1,"2022/10/20 10:00:00",CBWWBA1G,0
D,DISPATCH,UNIT_SCADA,1,"2022/10/20 10:00:00",CBWWBA1L,0
D,DISPATCH,UNIT_SCADA,1,"2022/10/20 10:00:00",CETHANA,7.114620
D,DISPATCH,UNIT_SCADA,1,"2022/10/20 10:00:00",CG1,0
D,DISPATCH,UNIT_SCADA,1,"2022/10/20 10:00:00",CG2,0
D,DISPATCH,UNIT_SCADA,1,"2022/10/20 10:00:00",CG3,0
D,DISPATCH,UNIT_SCADA,1,"2022/10/20 10:00:00",CG4,0
D,DISPATCH,UNIT_SCADA,1,"2022/10/20 10:00:00",CHILDSF1,5.04
D,DISPATCH,UNIT_SCADA,1,"2022/10/20 10:00:00",CHYTWF1,2.45
D,DISPATCH,UNIT_SCADA,1,"2022/10/20 10:00:00",CLARESF1,49.475580
D,DISPATCH,UNIT_SCADA,1,"2022/10/20 10:00:00",CLEMGPWF,8.788270
D,DISPATCH,UNIT_SCADA,1,"2022/10/20 10:00:00",CLERMSF1,14.50
D,DISPATCH,UNIT_SCADA,1,"2022/10/20 10:00:00",CNUNDAWF,0.200230
D,DISPATCH,UNIT_SCADA,1,"2022/10/20 10:00:00",COHUNSF1,6.73
D,DISPATCH,UNIT_SCADA,1,"2022/10/20 10:00:00",COLEASF1,19.799720
D,DISPATCH,UNIT_SCADA,1,"2022/10/20 10:00:00",COLUMSF1,30.7630
D,DISPATCH,UNIT_SCADA,1,"2022/10/20 10:00:00",COLWF01,77.064160
D,DISPATCH,UNIT_SCADA,1,"2022/10/20 10:00:00",COOPGWF1,236.75
D,DISPATCH,UNIT_SCADA,1,"2022/10/20 10:00:00",CPP_3,361.350010
D,DISPATCH,UNIT_SCADA,1,"2022/10/20 10:00:00",CPP_4,0
D,DISPATCH,UNIT_SCADA,1,"2022/10/20 10:00:00",CPSA,0
D,DISPATCH,UNIT_SCADA,1,"2022/10/20 10:00:00",CROOKWF2,40.6128
D,DISPATCH,UNIT_SCADA,1,"2022/10/20 10:00:00",CROWLWF1,25.226240
D,DISPATCH,UNIT_SCADA,1,"2022/10/20 10:00:00",CRURWF1,57.798660
D,DISPATCH,UNIT_SCADA,1,"2022/10/20 10:00:00",CRWASF1,30.2460
D,DISPATCH,UNIT_SCADA,1,"2022/10/20 10:00:00",CSPVPS1,2.5620
D,DISPATCH,UNIT_SCADA,1,"2022/10/20 10:00:00",CTHLWF1,0.003050
D,DISPATCH,UNIT_SCADA,1,"2022/10/20 10:00:00",DALNTH01,0
D,DISPATCH,UNIT_SCADA,1,"2022/10/20 10:00:00",DALNTHL1,0.181580
D,DISPATCH,UNIT_SCADA,1,"2022/10/20 10:00:00",DARLSF1,61.916780
D,DISPATCH,UNIT_SCADA,1,"2022/10/20 10:00:00",DARTM1,0
D,DISPATCH,UNIT_SCADA,1,"2022/10/20 10:00:00",DAYDSF1,7.3590
D,DISPATCH,UNIT_SCADA,1,"2022/10/20 10:00:00",DDPS1,0
D,DISPATCH,UNIT_SCADA,1,"2022/10/20 10:00:00",DDSF1,22.409220
D,DISPATCH,UNIT_SCADA,1,"2022/10/20 10:00:00",DEVILS_G,10.032040
D,DISPATCH,UNIT_SCADA,1,"2022/10/20 10:00:00",DG_NSW1,0
D,DISPATCH,UNIT_SCADA,1,"2022/10/20 10:00:00",DG_QLD1,0
D,DISPATCH,UNIT_SCADA,1,"2022/10/20 10:00:00",DG_SA1,0
D,DISPATCH,UNIT_SCADA,1,"2022/10/20 10:00:00",DG_TAS1,0
D,DISPATCH,UNIT_SCADA,1,"2022/10/20 10:00:00",DG_VIC1,0
D,DISPATCH,UNIT_SCADA,1,"2022/10/20 10:00:00",DRYCGT1,0
D,DISPATCH,UNIT_SCADA,1,"2022/10/20 10:00:00",DRYCGT2,0
D,DISPATCH,UNIT_SCADA,1,"2022/10/20 10:00:00",DRYCGT3,0
D,DISPATCH,UNIT_SCADA,1,"2022/10/20 10:00:00",DUNDWF1,62.09
D,DISPATCH,UNIT_SCADA,1,"2022/10/20 10:00:00",DUNDWF2,19.99
D,DISPATCH,UNIT_SCADA,1,"2022/10/20 10:00:00",DUNDWF3,51.93
D,DISPATCH,UNIT_SCADA,1,"2022/10/20 10:00:00",EILDON1,59.92
D,DISPATCH,UNIT_SCADA,1,"2022/10/20 10:00:00",EILDON2,60.12
D,DISPATCH,UNIT_SCADA,1,"2022/10/20 10:00:00",ELAINWF1,15.69
D,DISPATCH,UNIT_SCADA,1,"2022/10/20 10:00:00",EMERASF1,0
D,DISPATCH,UNIT_SCADA,1,"2022/10/20 10:00:00",ER01,0
D,DISPATCH,UNIT_SCADA,1,"2022/10/20 10:00:00",ER02,353.704130
D,DISPATCH,UNIT_SCADA,1,"2022/10/20 10:00:00",ER03,413.250950
D,DISPATCH,UNIT_SCADA,1,"2022/10/20 10:00:00",ER04,408.441280
D,DISPATCH,UNIT_SCADA,1,"2022/10/20 10:00:00",FINLYSF1,131.132980
D,DISPATCH,UNIT_SCADA,1,"2022/10/20 10:00:00",FISHER,43.93
D,DISPATCH,UNIT_SCADA,1,"2022/10/20 10:00:00",GANGARR1,13.1610
D,DISPATCH,UNIT_SCADA,1,"2022/10/20 10:00:00",GANNBG1,0
D,DISPATCH,UNIT_SCADA,1,"2022/10/20 10:00:00",GANNBL1,3.442030
D,DISPATCH,UNIT_SCADA,1,"2022/10/20 10:00:00",GANNSF1,38.70
D,DISPATCH,UNIT_SCADA,1,"2022/10/20 10:00:00",GLRWNSF1,108.30
D,DISPATCH,UNIT_SCADA,1,"2022/10/20 10:00:00",GNNDHSF1,30.3312
D,DISPATCH,UNIT_SCADA,1,"2022/10/20 10:00:00",GOONSF1,10.455480
D,DISPATCH,UNIT_SCADA,1,"2022/10/20 10:00:00",GORDON,226.508540
D,DISPATCH,UNIT_SCADA,1,"2022/10/20 10:00:00",GRANWF1,0.79
D,DISPATCH,UNIT_SCADA,1,"2022/10/20 10:00:00",GSTONE1,174.649990
D,DISPATCH,UNIT_SCADA,1,"2022/10/20 10:00:00",GSTONE2,0
D,DISPATCH,UNIT_SCADA,1,"2022/10/20 10:00:00",GSTONE3,181.474990
D,DISPATCH,UNIT_SCADA,1,"2022/10/20 10:00:00",GSTONE4,0
D,DISPATCH,UNIT_SCADA,1,"2022/10/20 10:00:00",GSTONE5,183.75
D,DISPATCH,UNIT_SCADA,1,"2022/10/20 10:00:00",GSTONE6,183.399990
D,DISPATCH,UNIT_SCADA,1,"2022/10/20 10:00:00",GULLRSF1,3.354950
D,DISPATCH,UNIT_SCADA,1,"2022/10/20 10:00:00",GULLRWF1,72.0839
D,DISPATCH,UNIT_SCADA,1,"2022/10/20 10:00:00",GULLRWF2,84.126770
D,DISPATCH,UNIT_SCADA,1,"2022/10/20 10:00:00",GUNNING1,0
D,DISPATCH,UNIT_SCADA,1,"2022/10/20 10:00:00",GUTHEGA,68.20
D,DISPATCH,UNIT_SCADA,1,"2022/10/20 10:00:00",HALLWF1,43.15
D,DISPATCH,UNIT_SCADA,1,"2022/10/20 10:00:00",HALLWF2,37.99
D,DISPATCH,UNIT_SCADA,1,"2022/10/20 10:00:00",HAMISF1,0
D,DISPATCH,UNIT_SCADA,1,"2022/10/20 10:00:00",HAUGHT11,60.049410
D,DISPATCH,UNIT_SCADA,1,"2022/10/20 10:00:00",HAYMSF1,2.5230
D,DISPATCH,UNIT_SCADA,1,"2022/10/20 10:00:00",HDWF1,63.10
D,DISPATCH,UNIT_SCADA,1,"2022/10/20 10:00:00",HDWF2,56.60
D,DISPATCH,UNIT_SCADA,1,"2022/10/20 10:00:00",HDWF3,75.90
D,DISPATCH,UNIT_SCADA,1,"2022/10/20 10:00:00",HILLSTN1,18.297860
D,DISPATCH,UNIT_SCADA,1,"2022/10/20 10:00:00",HPRG1,20.70
D,DISPATCH,UNIT_SCADA,1,"2022/10/20 10:00:00",HPRL1,0
D,DISPATCH,UNIT_SCADA,1,"2022/10/20 10:00:00",HUMENSW,55.4873
D,DISPATCH,UNIT_SCADA,1,"2022/10/20 10:00:00",HUMEV,0
D,DISPATCH,UNIT_SCADA,1,"2022/10/20 10:00:00",HVWWBA1G,0
D,DISPATCH,UNIT_SCADA,1,"2022/10/20 10:00:00",HVWWBA1L,0.0060
D,DISPATCH,UNIT_SCADA,1,"2022/10/20 10:00:00",HVWWPV1,0.0380
D,DISPATCH,UNIT_SCADA,1,"2022/10/20 10:00:00",JBUTTERS,0
D,DISPATCH,UNIT_SCADA,1,"2022/10/20 10:00:00",JEMALNG1,4.35
D,DISPATCH,UNIT_SCADA,1,"2022/10/20 10:00:00",JLA01,0
D,DISPATCH,UNIT_SCADA,1,"2022/10/20 10:00:00",JLA02,0
D,DISPATCH,UNIT_SCADA,1,"2022/10/20 10:00:00",JLA03,0
D,DISPATCH,UNIT_SCADA,1,"2022/10/20 10:00:00",JLA04,0
D,DISPATCH,UNIT_SCADA,1,"2022/10/20 10:00:00",JLB01,0
D,DISPATCH,UNIT_SCADA,1,"2022/10/20 10:00:00",JLB02,0.10
D,DISPATCH,UNIT_SCADA,1,"2022/10/20 10:00:00",JLB03,0
D,DISPATCH,UNIT_SCADA,1,"2022/10/20 10:00:00",JUNEESF1,15.629310
D,DISPATCH,UNIT_SCADA,1,"2022/10/20 10:00:00",KABANWF1,0
D,DISPATCH,UNIT_SCADA,1,"2022/10/20 10:00:00",KAREEYA1,0
D,DISPATCH,UNIT_SCADA,1,"2022/10/20 10:00:00",KAREEYA2,0
D,DISPATCH,UNIT_SCADA,1,"2022/10/20 10:00:00",KAREEYA3,4.9125
D,DISPATCH,UNIT_SCADA,1,"2022/10/20 10:00:00",KAREEYA4,0
D,DISPATCH,UNIT_SCADA,1,"2022/10/20 10:00:00",KARSF1,28.10
D,DISPATCH,UNIT_SCADA,1,"2022/10/20 10:00:00",KEPSF1,12.16
D,DISPATCH,UNIT_SCADA,1,"2022/10/20 10:00:00",KEPWF1,3.33
D,DISPATCH,UNIT_SCADA,1,"2022/10/20 10:00:00",KIAMSF1,28.011750
D,DISPATCH,UNIT_SCADA,1,"2022/10/20 10:00:00",KIATAWF1,12.10
D,DISPATCH,UNIT_SCADA,1,"2022/10/20 10:00:00",KPP_1,0
D,DISPATCH,UNIT_SCADA,1,"2022/10/20 10:00:00",KSP1,35.38
D,DISPATCH,UNIT_SCADA,1,"2022/10/20 10:00:00",LADBROK1,0.01
D,DISPATCH,UNIT_SCADA,1,"2022/10/20 10:00:00",LADBROK2,6.23
D,DISPATCH,UNIT_SCADA,1,"2022/10/20 10:00:00",LBBG1,0
D,DISPATCH,UNIT_SCADA,1,"2022/10/20 10:00:00",LBBL1,10.95
D,DISPATCH,UNIT_SCADA,1,"2022/10/20 10:00:00",LD01,283.675660
D,DISPATCH,UNIT_SCADA,1,"2022/10/20 10:00:00",LD02,0
D,DISPATCH,UNIT_SCADA,1,"2022/10/20 10:00:00",LD04,283.071380
D,DISPATCH,UNIT_SCADA,1,"2022/10/20 10:00:00",LEM_WIL,67.518020
D,DISPATCH,UNIT_SCADA,1,"2022/10/20 10:00:00",LGAPWF1,20.16
D,DISPATCH,UNIT_SCADA,1,"2022/10/20 10:00:00",LGAPWF2,0
D,DISPATCH,UNIT_SCADA,1,"2022/10/20 10:00:00",LILYSF1,39.845880
D,DISPATCH,UNIT_SCADA,1,"2022/10/20 10:00:00",LIMOSF11,38.6775
D,DISPATCH,UNIT_SCADA,1,"2022/10/20 10:00:00",LIMOSF21,5.234910
D,DISPATCH,UNIT_SCADA,1,"2022/10/20 10:00:00",LI_WY_CA,56.080550
D,DISPATCH,UNIT_SCADA,1,"2022/10/20 10:00:00",LKBONNY1,0
D,DISPATCH,UNIT_SCADA,1,"2022/10/20 10:00:00",LKBONNY2,0
D,DISPATCH,UNIT_SCADA,1,"2022/10/20 10:00:00",LKBONNY3,0
D,DISPATCH,UNIT_SCADA,1,"2022/10/20 10:00:00",LK_ECHO,0
D,DISPATCH,UNIT_SCADA,1,"2022/10/20 10:00:00",LNGS1,0
D,DISPATCH,UNIT_SCADA,1,"2022/10/20 10:00:00",LNGS2,0
D,DISPATCH,UNIT_SCADA,1,"2022/10/20 10:00:00",LONSDALE,0
D,DISPATCH,UNIT_SCADA,1,"2022/10/20 10:00:00",LOYYB1,446.236690
D,DISPATCH,UNIT_SCADA,1,"2022/10/20 10:00:00",LOYYB2,447.364560
D,DISPATCH,UNIT_SCADA,1,"2022/10/20 10:00:00",LYA1,523
D,DISPATCH,UNIT_SCADA,1,"2022/10/20 10:00:00",LYA2,0
D,DISPATCH,UNIT_SCADA,1,"2022/10/20 10:00:00",LYA3,413
D,DISPATCH,UNIT_SCADA,1,"2022/10/20 10:00:00",LYA4,415
D,DISPATCH,UNIT_SCADA,1,"2022/10/20 10:00:00",MACARTH1,43.798990
D,DISPATCH,UNIT_SCADA,1,"2022/10/20 10:00:00",MACKNTSH,0
D,DISPATCH,UNIT_SCADA,1,"2022/10/20 10:00:00",MANSLR1,16.2080
D,DISPATCH,UNIT_SCADA,1,"2022/10/20 10:00:00",MAPS2PV1,0
D,DISPATCH,UNIT_SCADA,1,"2022/10/20 10:00:00",MAPS3PV1,0
D,DISPATCH,UNIT_SCADA,1,"2022/10/20 10:00:00",MARYRSF1,3.72
D,DISPATCH,UNIT_SCADA,1,"2022/10/20 10:00:00",MBPS2PV1,0
D,DISPATCH,UNIT_SCADA,1,"2022/10/20 10:00:00",MCKAY1,0.02
D,DISPATCH,UNIT_SCADA,1,"2022/10/20 10:00:00",MEADOWBK,6.087540
D,DISPATCH,UNIT_SCADA,1,"2022/10/20 10:00:00",MERCER01,20.10
D,DISPATCH,UNIT_SCADA,1,"2022/10/20 10:00:00",METZSF1,41.822730
D,DISPATCH,UNIT_SCADA,1,"2022/10/20 10:00:00",MEWF1,2.081860
D,DISPATCH,UNIT_SCADA,1,"2022/10/20 10:00:00",MIDDLSF1,10.29
D,DISPATCH,UNIT_SCADA,1,"2022/10/20 10:00:00",MINTARO,0.128180
D,DISPATCH,UNIT_SCADA,1,"2022/10/20 10:00:00",MOLNGSF1,7.743040
D,DISPATCH,UNIT_SCADA,1,"2022/10/20 10:00:00",MOORAWF1,31.81
D,DISPATCH,UNIT_SCADA,1,"2022/10/20 10:00:00",MOREESF1,11.2560
D,DISPATCH,UNIT_SCADA,1,"2022/10/20 10:00:00",MORTLK11,0
D,DISPATCH,UNIT_SCADA,1,"2022/10/20 10:00:00",MORTLK12,0
D,DISPATCH,UNIT_SCADA,1,"2022/10/20 10:00:00",MOUSF1,0
D,DISPATCH,UNIT_SCADA,1,"2022/10/20 10:00:00",MP1,0
D,DISPATCH,UNIT_SCADA,1,"2022/10/20 10:00:00",MP2,352.239260
D,DISPATCH,UNIT_SCADA,1,"2022/10/20 10:00:00",MPP_1,174.444320
D,DISPATCH,UNIT_SCADA,1,"2022/10/20 10:00:00",MPP_2,112.6289
D,DISPATCH,UNIT_SCADA,1,"2022/10/20 10:00:00",MRTLSWF1,0
D,DISPATCH,UNIT_SCADA,1,"2022/10/20 10:00:00",MSTUART1,0
D,DISPATCH,UNIT_SCADA,1,"2022/10/20 10:00:00",MSTUART2,0
D,DISPATCH,UNIT_SCADA,1,"2022/10/20 10:00:00",MSTUART3,0
D,DISPATCH,UNIT_SCADA,1,"2022/10/20 10:00:00",MTGELWF1,33.927430
D,DISPATCH,UNIT_SCADA,1,"2022/10/20 10:00:00",MTMILLAR,1.40
D,DISPATCH,UNIT_SCADA,1,"2022/10/20 10:00:00",MURRAY,0
D,DISPATCH,UNIT_SCADA,1,"2022/10/20 10:00:00",MUSSELR1,99.50
D,DISPATCH,UNIT_SCADA,1,"2022/10/20 10:00:00",MUWAWF1,44.77
D,DISPATCH,UNIT_SCADA,1,"2022/10/20 10:00:00",MUWAWF2,48.20
D,DISPATCH,UNIT_SCADA,1,"2022/10/20 10:00:00",MWPS1PV1,0.13
D,DISPATCH,UNIT_SCADA,1,"2022/10/20 10:00:00",MWPS2PV1,0
D,DISPATCH,UNIT_SCADA,1,"2022/10/20 10:00:00",MWPS3PV1,0
D,DISPATCH,UNIT_SCADA,1,"2022/10/20 10:00:00",MWPS4PV1,0.01
D,DISPATCH,UNIT_SCADA,1,"2022/10/20 10:00:00",NBHWF1,67.40
D,DISPATCH,UNIT_SCADA,1,"2022/10/20 10:00:00",NEVERSF1,50.10
D,DISPATCH,UNIT_SCADA,1,"2022/10/20 10:00:00",NPS,0
D,DISPATCH,UNIT_SCADA,1,"2022/10/20 10:00:00",NUMURSF1,93.41
D,DISPATCH,UNIT_SCADA,1,"2022/10/20 10:00:00",NYNGAN1,38.25
D,DISPATCH,UNIT_SCADA,1,"2022/10/20 10:00:00",OAKEY1,0
D,DISPATCH,UNIT_SCADA,1,"2022/10/20 10:00:00",OAKEY1SF,6.1450
D,DISPATCH,UNIT_SCADA,1,"2022/10/20 10:00:00",OAKEY2,0
D,DISPATCH,UNIT_SCADA,1,"2022/10/20 10:00:00",OAKEY2SF,11.43
D,DISPATCH,UNIT_SCADA,1,"2022/10/20 10:00:00",OAKLAND1,9
D,DISPATCH,UNIT_SCADA,1,"2022/10/20 10:00:00",OSB-AG,0
D,DISPATCH,UNIT_SCADA,1,"2022/10/20 10:00:00",PAREPS1,0.0660
D,DISPATCH,UNIT_SCADA,1,"2022/10/20 10:00:00",PAREPW1,50.06
D,DISPATCH,UNIT_SCADA,1,"2022/10/20 10:00:00",PARSF1,9.401080
D,DISPATCH,UNIT_SCADA,1,"2022/10/20 10:00:00",POAT110,0
D,DISPATCH,UNIT_SCADA,1,"2022/10/20 10:00:00",POAT220,0
D,DISPATCH,UNIT_SCADA,1,"2022/10/20 10:00:00",POR01,0
D,DISPATCH,UNIT_SCADA,1,"2022/10/20 10:00:00",POR03,0
D,DISPATCH,UNIT_SCADA,1,"2022/10/20 10:00:00",PPCCGT,0
D,DISPATCH,UNIT_SCADA,1,"2022/10/20 10:00:00",PTSTAN1,0
D,DISPATCH,UNIT_SCADA,1,"2022/10/20 10:00:00",PUMP1,0
D,DISPATCH,UNIT_SCADA,1,"2022/10/20 10:00:00",PUMP2,0
D,DISPATCH,UNIT_SCADA,1,"2022/10/20 10:00:00",QBYNBG1,0.0125
D,DISPATCH,UNIT_SCADA,1,"2022/10/20 10:00:00",QBYNBL1,0
D,DISPATCH,UNIT_SCADA,1,"2022/10/20 10:00:00",QPS1,0
D,DISPATCH,UNIT_SCADA,1,"2022/10/20 10:00:00",QPS2,0
D,DISPATCH,UNIT_SCADA,1,"2022/10/20 10:00:00",QPS3,0
D,DISPATCH,UNIT_SCADA,1,"2022/10/20 10:00:00",QPS4,0
D,DISPATCH,UNIT_SCADA,1,"2022/10/20 10:00:00",QPS5,74.88
D,DISPATCH,UNIT_SCADA,1,"2022/10/20 10:00:00",REECE1,48.567280
D,DISPATCH,UNIT_SCADA,1,"2022/10/20 10:00:00",REECE2,0
D,DISPATCH,UNIT_SCADA,1,"2022/10/20 10:00:00",ROMA_7,0
D,DISPATCH,UNIT_SCADA,1,"2022/10/20 10:00:00",ROMA_8,0
D,DISPATCH,UNIT_SCADA,1,"2022/10/20 10:00:00",RRSF1,92.275960
D,DISPATCH,UNIT_SCADA,1,"2022/10/20 10:00:00",RT_NSW1,0
D,DISPATCH,UNIT_SCADA,1,"2022/10/20 10:00:00",RT_NSW2,0
D,DISPATCH,UNIT_SCADA,1,"2022/10/20 10:00:00",RT_NSW3,0
D,DISPATCH,UNIT_SCADA,1,"2022/10/20 10:00:00",RT_NSW4,0
D,DISPATCH,UNIT_SCADA,1,"2022/10/20 10:00:00",RT_NSW5,0
D,DISPATCH,UNIT_SCADA,1,"2022/10/20 10:00:00",RT_NSW6,0
D,DISPATCH,UNIT_SCADA,1,"2022/10/20 10:00:00",RT_QLD1,0
D,DISPATCH,UNIT_SCADA,1,"2022/10/20 10:00:00",RT_SA1,0
D,DISPATCH,UNIT_SCADA,1,"2022/10/20 10:00:00",RT_SA2,0
D,DISPATCH,UNIT_SCADA,1,"2022/10/20 10:00:00",RT_SA3,0
D,DISPATCH,UNIT_SCADA,1,"2022/10/20 10:00:00",RT_SA4,0
D,DISPATCH,UNIT_SCADA,1,"2022/10/20 10:00:00",RT_SA5,0
D,DISPATCH,UNIT_SCADA,1,"2022/10/20 10:00:00",RT_SA6,0
D,DISPATCH,UNIT_SCADA,1,"2022/10/20 10:00:00",RT_TAS1,0
D,DISPATCH,UNIT_SCADA,1,"2022/10/20 10:00:00",RT_VIC1,0
D,DISPATCH,UNIT_SCADA,1,"2022/10/20 10:00:00",RT_VIC10,0
D,DISPATCH,UNIT_SCADA,1,"2022/10/20 10:00:00",RT_VIC11,0
D,DISPATCH,UNIT_SCADA,1,"2022/10/20 10:00:00",RT_VIC12,0
D,DISPATCH,UNIT_SCADA,1,"2022/10/20 10:00:00",RT_VIC2,0
D,DISPATCH,UNIT_SCADA,1,"2022/10/20 10:00:00",RT_VIC3,0
D,DISPATCH,UNIT_SCADA,1,"2022/10/20 10:00:00",RT_VIC4,0
D,DISPATCH,UNIT_SCADA,1,"2022/10/20 10:00:00",RT_VIC5,0
D,DISPATCH,UNIT_SCADA,1,"2022/10/20 10:00:00",RT_VIC6,0
D,DISPATCH,UNIT_SCADA,1,"2022/10/20 10:00:00",RT_VIC7,0
D,DISPATCH,UNIT_SCADA,1,"2022/10/20 10:00:00",RT_VIC8,0
D,DISPATCH,UNIT_SCADA,1,"2022/10/20 10:00:00",RT_VIC9,0
D,DISPATCH,UNIT_SCADA,1,"2022/10/20 10:00:00",RUGBYR1,10.486270
D,DISPATCH,UNIT_SCADA,1,"2022/10/20 10:00:00",SALTCRK1,27.40
D,DISPATCH,UNIT_SCADA,1,"2022/10/20 10:00:00",SAPHWF1,172.300290
D,DISPATCH,UNIT_SCADA,1,"2022/10/20 10:00:00",SEBSF1,36.260520
D,DISPATCH,UNIT_SCADA,1,"2022/10/20 10:00:00",SHGEN,0
D,DISPATCH,UNIT_SCADA,1,"2022/10/20 10:00:00",SHPUMP,0
D,DISPATCH,UNIT_SCADA,1,"2022/10/20 10:00:00",SITHE01,0.173950
D,DISPATCH,UNIT_SCADA,1,"2022/10/20 10:00:00",SMCSF1,78.7680
D,DISPATCH,UNIT_SCADA,1,"2022/10/20 10:00:00",SNAPPER1,0
D,DISPATCH,UNIT_SCADA,1,"2022/10/20 10:00:00",SNOWNTH1,116.70
D,DISPATCH,UNIT_SCADA,1,"2022/10/20 10:00:00",SNOWSTH1,86.500010
D,DISPATCH,UNIT_SCADA,1,"2022/10/20 10:00:00",SNOWTWN1,0
D,DISPATCH,UNIT_SCADA,1,"2022/10/20 10:00:00",SNOWYP,0
D,DISPATCH,UNIT_SCADA,1,"2022/10/20 10:00:00",SNUG1,0
D,DISPATCH,UNIT_SCADA,1,"2022/10/20 10:00:00",SRSF1,8.35
D,DISPATCH,UNIT_SCADA,1,"2022/10/20 10:00:00",STAN-1,277.466920
D,DISPATCH,UNIT_SCADA,1,"2022/10/20 10:00:00",STAN-2,332.8270
D,DISPATCH,UNIT_SCADA,1,"2022/10/20 10:00:00",STAN-3,156.0439
D,DISPATCH,UNIT_SCADA,1,"2022/10/20 10:00:00",STAN-4,332.6860
D,DISPATCH,UNIT_SCADA,1,"2022/10/20 10:00:00",STARHLWF,0.01
D,DISPATCH,UNIT_SCADA,1,"2022/10/20 10:00:00",STOCKYD1,44.47
D,DISPATCH,UNIT_SCADA,1,"2022/10/20 10:00:00",STWF1,0
D,DISPATCH,UNIT_SCADA,1,"2022/10/20 10:00:00",SUNRSF1,32.277410
D,DISPATCH,UNIT_SCADA,1,"2022/10/20 10:00:00",SUNTPSF1,44.523990
D,DISPATCH,UNIT_SCADA,1,"2022/10/20 10:00:00",SWAN_E,222.919370
D,DISPATCH,UNIT_SCADA,1,"2022/10/20 10:00:00",TALWA1,0
D,DISPATCH,UNIT_SCADA,1,"2022/10/20 10:00:00",TARALGA1,0
D,DISPATCH,UNIT_SCADA,1,"2022/10/20 10:00:00",TARONG#1,345.800020
D,DISPATCH,UNIT_SCADA,1,"2022/10/20 10:00:00",TARONG#2,345.700010
D,DISPATCH,UNIT_SCADA,1,"2022/10/20 10:00:00",TARONG#3,0.90
D,DISPATCH,UNIT_SCADA,1,"2022/10/20 10:00:00",TARONG#4,219.80
D,DISPATCH,UNIT_SCADA,1,"2022/10/20 10:00:00",TARRALEA,54
D,DISPATCH,UNIT_SCADA,1,"2022/10/20 10:00:00",TBSF1,0.10
D,DISPATCH,UNIT_SCADA,1,"2022/10/20 10:00:00",TNPS1,401.1250
D,DISPATCH,UNIT_SCADA,1,"2022/10/20 10:00:00",TORRB1,0
D,DISPATCH,UNIT_SCADA,1,"2022/10/20 10:00:00",TORRB2,42
D,DISPATCH,UNIT_SCADA,1,"2022/10/20 10:00:00",TORRB3,0
D,DISPATCH,UNIT_SCADA,1,"2022/10/20 10:00:00",TORRB4,0
D,DISPATCH,UNIT_SCADA,1,"2022/10/20 10:00:00",TREVALLN,98.239750
D,DISPATCH,UNIT_SCADA,1,"2022/10/20 10:00:00",TRIBUTE,0
D,DISPATCH,UNIT_SCADA,1,"2022/10/20 10:00:00",TUMUT3,0
D,DISPATCH,UNIT_SCADA,1,"2022/10/20 10:00:00",TUNGATIN,8.130020
D,DISPATCH,UNIT_SCADA,1,"2022/10/20 10:00:00",TVCC201,0
D,DISPATCH,UNIT_SCADA,1,"2022/10/20 10:00:00",TVPP104,57.865630
D,DISPATCH,UNIT_SCADA,1,"2022/10/20 10:00:00",UPPTUMUT,0
D,DISPATCH,UNIT_SCADA,1,"2022/10/20 10:00:00",URANQ11,0
D,DISPATCH,UNIT_SCADA,1,"2022/10/20 10:00:00",URANQ12,0
D,DISPATCH,UNIT_SCADA,1,"2022/10/20 10:00:00",URANQ13,0
D,DISPATCH,UNIT_SCADA,1,"2022/10/20 10:00:00",URANQ14,0
D,DISPATCH,UNIT_SCADA,1,"2022/10/20 10:00:00",VBBG1,5.60
D,DISPATCH,UNIT_SCADA,1,"2022/10/20 10:00:00",VBBL1,0
D,DISPATCH,UNIT_SCADA,1,"2022/10/20 10:00:00",VP5,501.577820
D,DISPATCH,UNIT_SCADA,1,"2022/10/20 10:00:00",VP6,498.867770
D,DISPATCH,UNIT_SCADA,1,"2022/10/20 10:00:00",VPGS1,0
D,DISPATCH,UNIT_SCADA,1,"2022/10/20 10:00:00",VPGS2,0
D,DISPATCH,UNIT_SCADA,1,"2022/10/20 10:00:00",VPGS3,0
D,DISPATCH,UNIT_SCADA,1,"2022/10/20 10:00:00",VPGS4,0
D,DISPATCH,UNIT_SCADA,1,"2022/10/20 10:00:00",VPGS5,0
D,DISPATCH,UNIT_SCADA,1,"2022/10/20 10:00:00",VPGS6,0
D,DISPATCH,UNIT_SCADA,1,"2022/10/20 10:00:00",W/HOE#1,0
D,DISPATCH,UNIT_SCADA,1,"2022/10/20 10:00:00",W/HOE#2,0
D,DISPATCH,UNIT_SCADA,1,"2022/10/20 10:00:00",WAGGNSF1,0
D,DISPATCH,UNIT_SCADA,1,"2022/10/20 10:00:00",WALGRVG1,0.000930
D,DISPATCH,UNIT_SCADA,1,"2022/10/20 10:00:00",WALGRVL1,0
D,DISPATCH,UNIT_SCADA,1,"2022/10/20 10:00:00",WANDBG1,0
D,DISPATCH,UNIT_SCADA,1,"2022/10/20 10:00:00",WANDBL1,49.160250
D,DISPATCH,UNIT_SCADA,1,"2022/10/20 10:00:00",WARWSF1,11.12
D,DISPATCH,UNIT_SCADA,1,"2022/10/20 10:00:00",WARWSF2,9.22
D,DISPATCH,UNIT_SCADA,1,"2022/10/20 10:00:00",WATERLWF,0
D,DISPATCH,UNIT_SCADA,1,"2022/10/20 10:00:00",WDGPH1,63.3490
D,DISPATCH,UNIT_SCADA,1,"2022/10/20 10:00:00",WELLSF1,52.848090
D,DISPATCH,UNIT_SCADA,1,"2022/10/20 10:00:00",WEMENSF1,20.90
D,DISPATCH,UNIT_SCADA,1,"2022/10/20 10:00:00",WGWF1,91
D,DISPATCH,UNIT_SCADA,1,"2022/10/20 10:00:00",WHITSF1,2.70
D,DISPATCH,UNIT_SCADA,1,"2022/10/20 10:00:00",WINTSF1,74.69
D,DISPATCH,UNIT_SCADA,1,"2022/10/20 10:00:00",WKIEWA1,34
D,DISPATCH,UNIT_SCADA,1,"2022/10/20 10:00:00",WKIEWA2,14.10
D,DISPATCH,UNIT_SCADA,1,"2022/10/20 10:00:00",WOODLWN1,15.174550
D,DISPATCH,UNIT_SCADA,1,"2022/10/20 10:00:00",WOOLGSF1,23.891970
D,DISPATCH,UNIT_SCADA,1,"2022/10/20 10:00:00",WPWF,38.18
D,DISPATCH,UNIT_SCADA,1,"2022/10/20 10:00:00",WRSF1,2.209540
D,DISPATCH,UNIT_SCADA,1,"2022/10/20 10:00:00",WRWF1,39.666740
D,DISPATCH,UNIT_SCADA,1,"2022/10/20 10:00:00",WSTWYSF1,0
D,DISPATCH,UNIT_SCADA,1,"2022/10/20 10:00:00",YABULU,0
D,DISPATCH,UNIT_SCADA,1,"2022/10/20 10:00:00",YABULU2,0
D,DISPATCH,UNIT_SCADA,1,"2022/10/20 10:00:00",YARANSF1,11.13
D,DISPATCH,UNIT_SCADA,1,"2022/10/20 10:00:00",YARWUN_1,162.78
D,DISPATCH,UNIT_SCADA,1,"2022/10/20 10:00:00",YATSF1,35.18
D,DISPATCH,UNIT_SCADA,1,"2022/10/20 10:00:00",YENDWF1,37.33
D,DISPATCH,UNIT_SCADA,1,"2022/10/20 10:00:00",YWPS1,302.253170
D,DISPATCH,UNIT_SCADA,1,"2022/10/20 10:00:00",YWPS2,292.478490
D,DISPATCH,UNIT_SCADA,1,"2022/10/20 10:00:00",YWPS3,300.674680
D,DISPATCH,UNIT_SCADA,1,"2022/10/20 10:00:00",YWPS4,0
C,"END OF REPORT",419
