C,NEMP.WORLD,DISPATCHSCADA,AEMO,PUBLIC,2022/10/20,07:50:10,0000000373238735,DISPATCHSCADA,0000000373238729
I,DISPATCH,UNIT_SCADA,1,SETTLEMENTDATE,DUID,SCADAVALUE
D,DISPATCH,UNIT_SCADA,1,"2022/10/20 07:55:00",BARCSF1,6
D,DISPATCH,UNIT_SCADA,1,"2022/10/20 07:55:00",BUTLERSG,8.699999
D,DISPATCH,UNIT_SCADA,1,"2022/10/20 07:55:00",CAPTL_WF,66.844772
D,DISPATCH,UNIT_SCADA,1,"2022/10/20 07:55:00",CHALLHWF,11.70
D,DISPATCH,UNIT_SCADA,1,"2022/10/20 07:55:00",CLOVER,13.33
D,DISPATCH,UNIT_SCADA,1,"2022/10/20 07:55:00",CLUNY,6.219730
D,DISPATCH,UNIT_SCADA,1,"2022/10/20 07:55:00",CULLRGWF,-0.06
D,DISPATCH,UNIT_SCADA,1,"2022/10/20 07:55:00",DIAPURWF1,7.30
D,DISPATCH,UNIT_SCADA,1,"2022/10/20 07:55:00",ERGT01,0
D,DISPATCH,UNIT_SCADA,1,"2022/10/20 07:55:00",GB01,0
D,DISPATCH,UNIT_SCADA,1,"2022/10/20 07:55:00",GERMCRK,22.60
D,DISPATCH,UNIT_SCADA,1,"2022/10/20 07:55:00",GRIFSF1,1.799039
D,DISPATCH,UNIT_SCADA,1,"2022/10/20 07:55:00",HEZ1,0
D,DISPATCH,UNIT_SCADA,1,"2022/10/20 07:55:00",HUGSF1,7.5680
D,DISPATCH,UNIT_SCADA,1,"2022/10/20 07:55:00",KEPBG1,0.01
D,DISPATCH,UNIT_SCADA,1,"2022/10/20 07:55:00",LRSF1,2.7370
D,DISPATCH,UNIT_SCADA,1,"2022/10/20 07:55:00",MBAHNTH,45.206253
D,DISPATCH,UNIT_SCADA,1,"2022/10/20 07:55:00",MLSP1,6.044001
D,DISPATCH,UNIT_SCADA,1,"2022/10/20 07:55:00",MLWF1,5.76
D,DISPATCH,UNIT_SCADA,1,"2022/10/20 07:55:00",PALOONA,30.08
D,DISPATCH,UNIT_SCADA,1,"2022/10/20 07:55:00",PIONEER,41.50
D,DISPATCH,UNIT_SCADA,1,"2022/10/20 07:55:00",PORTWF,54
D,DISPATCH,UNIT_SCADA,1,"2022/10/20 07:55:00",REPULSE,9.556420
D,DISPATCH,UNIT_SCADA,1,"2022/10/20 07:55:00",ROWALLAN,8.9176
D,DISPATCH,UNIT_SCADA,1,"2022/10/20 07:55:00",ROYALLA1,10.257004
D,DISPATCH,UNIT_SCADA,1,"2022/10/20 07:55:00",RPCG,-3
D,DISPATCH,UNIT_SCADA,1,"2022/10/20 07:55:00",RUBICON,0
D,DISPATCH,UNIT_SCADA,1,"2022/10/20 07:55:00",WAUBRAWF,43.2630
D,DISPATCH,UNIT_SCADA,1,"2022/10/20 07:55:00",WOOLNTH1,11.74
D,DISPATCH,UNIT_SCADA,1,"2022/10/20 07:55:00",YAMBUKWF,6.60
D,DISPATCH,UNIT_SCADA,1,"2022/10/20 07:55:00",YSWF1,0.50
D,DISPATCH,UNIT_SCADA,1,"2022/10/20 07:55:00",ADPBA1G,0.0080
D,DISPATCH,UNIT_SCADA,1,"2022/10/20 07:55:00",ADPBA1L,0
D,DISPATCH,UNIT_SCADA,1,"2022/10/20 07:55:00",ADPPV1,0.06
D,DISPATCH,UNIT_SCADA,1,"2022/10/20 07:55:00",AGLHAL,0
D,DISPATCH,UNIT_SCADA,1,"2022/10/20 07:55:00",AGLSOM,0
D,DISPATCH,UNIT_SCADA,1,"2022/10/20 07:55:00",ANGAST1,0
D,DISPATCH,UNIT_SCADA,1,"2022/10/20 07:55:00",ARWF1,24.90
D,DISPATCH,UNIT_SCADA,1,"2022/10/20 07:55:00",BALBG1,0
D,DISPATCH,UNIT_SCADA,1,"2022/10/20 07:55:00",BALBL1,0
D,DISPATCH,UNIT_SCADA,1,"2022/10/20 07:55:00",BALDHWF1,2.4710
D,DISPATCH,UNIT_SCADA,1,"2022/10/20 07:55:00",BANGOWF1,33.098650
D,DISPATCH,UNIT_SCADA,1,"2022/10/20 07:55:00",BANGOWF2,27
D,DISPATCH,UNIT_SCADA,1,"2022/10/20 07:55:00",BANN1,9.38
D,DISPATCH,UNIT_SCADA,1,"2022/10/20 07:55:00",BARCALDN,0
D,DISPATCH,UNIT_SCADA,1,"2022/10/20 07:55:00",BARKIPS1,0
D,DISPATCH,UNIT_SCADA,1,"2022/10/20 07:55:00",BARRON-1,28.04
D,DISPATCH,UNIT_SCADA,1,"2022/10/20 07:55:00",BARRON-2,0
D,DISPATCH,UNIT_SCADA,1,"2022/10/20 07:55:00",BASTYAN,51.33
D,DISPATCH,UNIT_SCADA,1,"2022/10/20 07:55:00",BBTHREE1,0
D,DISPATCH,UNIT_SCADA,1,"2022/10/20 07:55:00",BBTHREE2,0
D,DISPATCH,UNIT_SCADA,1,"2022/10/20 07:55:00",BBTHREE3,0
D,DISPATCH,UNIT_SCADA,1,"2022/10/20 07:55:00",BDL01,0
D,DISPATCH,UNIT_SCADA,1,"2022/10/20 07:55:00",BDL02,0
D,DISPATCH,UNIT_SCADA,1,"2022/10/20 07:55:00",BERYLSF1,4.400780
D,DISPATCH,UNIT_SCADA,1,"2022/10/20 07:55:00",BLOWERNG,62.30
D,DISPATCH,UNIT_SCADA,1,"2022/10/20 07:55:00",BLUEGSF1,18.821120
D,DISPATCH,UNIT_SCADA,1,"2022/10/20 07:55:00",BLUFF1,25.30
D,DISPATCH,UNIT_SCADA,1,"2022/10/20 07:55:00",BNGSF1,29.79
D,DISPATCH,UNIT_SCADA,1,"2022/10/20 07:55:00",BNGSF2,29.88
D,DISPATCH,UNIT_SCADA,1,"2022/10/20 07:55:00",BOCORWF1,0
D,DISPATCH,UNIT_SCADA,1,"2022/10/20 07:55:00",BODWF1,95.750730
D,DISPATCH,UNIT_SCADA,1,"2022/10/20 07:55:00",BOMENSF1,14.233010
D,DISPATCH,UNIT_SCADA,1,"2022/10/20 07:55:00",BOWWBA1G,0
D,DISPATCH,UNIT_SCADA,1,"2022/10/20 07:55:00",BOWWBA1L,0.0010
D,DISPATCH,UNIT_SCADA,1,"2022/10/20 07:55:00",BOWWPV1,0.0010
D,DISPATCH,UNIT_SCADA,1,"2022/10/20 07:55:00",BRAEMAR1,0
D,DISPATCH,UNIT_SCADA,1,"2022/10/20 07:55:00",BRAEMAR2,0
D,DISPATCH,UNIT_SCADA,1,"2022/10/20 07:55:00",BRAEMAR3,0
D,DISPATCH,UNIT_SCADA,1,"2022/10/20 07:55:00",BRAEMAR5,0.292060
D,DISPATCH,UNIT_SCADA,1,"2022/10/20 07:55:00",BRAEMAR6,0
D,DISPATCH,UNIT_SCADA,1,"2022/10/20 07:55:00",BRAEMAR7,0.130920
D,DISPATCH,UNIT_SCADA,1,"2022/10/20 07:55:00",BROKENH1,5.799910
D,DISPATCH,UNIT_SCADA,1,"2022/10/20 07:55:00",BRYB1WF1,116.197450
D,DISPATCH,UNIT_SCADA,1,"2022/10/20 07:55:00",BULBESG1,0
D,DISPATCH,UNIT_SCADA,1,"2022/10/20 07:55:00",BULBESL1,0.50
D,DISPATCH,UNIT_SCADA,1,"2022/10/20 07:55:00",BULGANA1,24.65
D,DISPATCH,UNIT_SCADA,1,"2022/10/20 07:55:00",BW01,660.837710
D,DISPATCH,UNIT_SCADA,1,"2022/10/20 07:55:00",BW02,620.2121
D,DISPATCH,UNIT_SCADA,1,"2022/10/20 07:55:00",BW03,551.338990
D,DISPATCH,UNIT_SCADA,1,"2022/10/20 07:55:00",BW04,0
D,DISPATCH,UNIT_SCADA,1,"2022/10/20 07:55:00",CALL_B_1,320
D,DISPATCH,UNIT_SCADA,1,"2022/10/20 07:55:00",CALL_B_2,319.600010
D,DISPATCH,UNIT_SCADA,1,"2022/10/20 07:55:00",CATHROCK,2.60
D,DISPATCH,UNIT_SCADA,1,"2022/10/20 07:55:00",CBWWBA1G,0
D,DISPATCH,UNIT_SCADA,1,"2022/10/20 07:55:00",CBWWBA1L,0
D,DISPATCH,UNIT_SCADA,1,"2022/10/20 07:55:00",CETHANA,97.825250
D,DISPATCH,UNIT_SCADA,1,"2022/10/20 07:55:00",CG1,0
D,DISPATCH,UNIT_SCADA,1,"2022/10/20 07:55:00",CG2,0
D,DISPATCH,UNIT_SCADA,1,"2022/10/20 07:55:00",CG3,0
D,DISPATCH,UNIT_SCADA,1,"2022/10/20 07:55:00",CG4,0
D,DISPATCH,UNIT_SCADA,1,"2022/10/20 07:55:00",CHILDSF1,8.88
D,DISPATCH,UNIT_SCADA,1,"2022/10/20 07:55:00",CHYTWF1,0
D,DISPATCH,UNIT_SCADA,1,"2022/10/20 07:55:00",CLARESF1,49.0967
D,DISPATCH,UNIT_SCADA,1,"2022/10/20 07:55:00",CLEMGPWF,10.877290
D,DISPATCH,UNIT_SCADA,1,"2022/10/20 07:55:00",CLERMSF1,57.60
D,DISPATCH,UNIT_SCADA,1,"2022/10/20 07:55:00",CNUNDAWF,18.721840
D,DISPATCH,UNIT_SCADA,1,"2022/10/20 07:55:00",COHUNSF1,2.40
D,DISPATCH,UNIT_SCADA,1,"2022/10/20 07:55:00",COLEASF1,20.699250
D,DISPATCH,UNIT_SCADA,1,"2022/10/20 07:55:00",COLUMSF1,15.9380
D,DISPATCH,UNIT_SCADA,1,"2022/10/20 07:55:00",COLWF01,139.153140
D,DISPATCH,UNIT_SCADA,1,"2022/10/20 07:55:00",COOPGWF1,347.34
D,DISPATCH,UNIT_SCADA,1,"2022/10/20 07:55:00",CPP_3,361.6250
D,DISPATCH,UNIT_SCADA,1,"2022/10/20 07:55:00",CPP_4,0
D,DISPATCH,UNIT_SCADA,1,"2022/10/20 07:55:00",CPSA,0
D,DISPATCH,UNIT_SCADA,1,"2022/10/20 07:55:00",CROOKWF2,42.063020
D,DISPATCH,UNIT_SCADA,1,"2022/10/20 07:55:00",CROWLWF1,37.337090
D,DISPATCH,UNIT_SCADA,1,"2022/10/20 07:55:00",CRURWF1,61.099790
D,DISPATCH,UNIT_SCADA,1,"2022/10/20 07:55:00",CRWASF1,19.0423
D,DISPATCH,UNIT_SCADA,1,"2022/10/20 07:55:00",CSPVPS1,10.2540
D,DISPATCH,UNIT_SCADA,1,"2022/10/20 07:55:00",CTHLWF1,0.003050
D,DISPATCH,UNIT_SCADA,1,"2022/10/20 07:55:00",DALNTH01,0
D,DISPATCH,UNIT_SCADA,1,"2022/10/20 07:55:00",DALNTHL1,0.077820
D,DISPATCH,UNIT_SCADA,1,"2022/10/20 07:55:00",DARLSF1,65.480430
D,DISPATCH,UNIT_SCADA,1,"2022/10/20 07:55:00",DARTM1,0
D,DISPATCH,UNIT_SCADA,1,"2022/10/20 07:55:00",DAYDSF1,43.1530
D,DISPATCH,UNIT_SCADA,1,"2022/10/20 07:55:00",DDPS1,0
D,DISPATCH,UNIT_SCADA,1,"2022/10/20 07:55:00",DDSF1,11.607040
D,DISPATCH,UNIT_SCADA,1,"2022/10/20 07:55:00",DEVILS_G,58.849450
D,DISPATCH,UNIT_SCADA,1,"2022/10/20 07:55:00",DG_NSW1,0
D,DISPATCH,UNIT_SCADA,1,"2022/10/20 07:55:00",DG_QLD1,0
D,DISPATCH,UNIT_SCADA,1,"2022/10/20 07:55:00",DG_SA1,0
D,DISPATCH,UNIT_SCADA,1,"2022/10/20 07:55:00",DG_TAS1,0
D,DISPATCH,UNIT_SCADA,1,"2022/10/20 07:55:00",DG_VIC1,0
D,DISPATCH,UNIT_SCADA,1,"2022/10/20 07:55:00",DRYCGT1,0
D,DISPATCH,UNIT_SCADA,1,"2022/10/20 07:55:00",DRYCGT2,0
D,DISPATCH,UNIT_SCADA,1,"2022/10/20 07:55:00",DRYCGT3,0
D,DISPATCH,UNIT_SCADA,1,"2022/10/20 07:55:00",DUNDWF1,68.93
D,DISPATCH,UNIT_SCADA,1,"2022/10/20 07:55:00",DUNDWF2,27.02
D,DISPATCH,UNIT_SCADA,1,"2022/10/20 07:55:00",DUNDWF3,66.91
D,DISPATCH,UNIT_SCADA,1,"2022/10/20 07:55:00",EILDON1,59.84
D,DISPATCH,UNIT_SCADA,1,"2022/10/20 07:55:00",EILDON2,60.12
D,DISPATCH,UNIT_SCADA,1,"2022/10/20 07:55:00",ELAINWF1,8.24
D,DISPATCH,UNIT_SCADA,1,"2022/10/20 07:55:00",EMERASF1,0
D,DISPATCH,UNIT_SCADA,1,"2022/10/20 07:55:00",ER01,0
D,DISPATCH,UNIT_SCADA,1,"2022/10/20 07:55:00",ER02,616.964970
D,DISPATCH,UNIT_SCADA,1,"2022/10/20 07:55:00",ER03,618.258970
D,DISPATCH,UNIT_SCADA,1,"2022/10/20 07:55:00",ER04,620.358580
D,DISPATCH,UNIT_SCADA,1,"2022/10/20 07:55:00",FINLYSF1,124.199280
D,DISPATCH,UNIT_SCADA,1,"2022/10/20 07:55:00",FISHER,45.98
D,DISPATCH,UNIT_SCADA,1,"2022/10/20 07:55:00",GANGARR1,5.7460
D,DISPATCH,UNIT_SCADA,1,"2022/10/20 07:55:00",GANNBG1,0.056920
D,DISPATCH,UNIT_SCADA,1,"2022/10/20 07:55:00",GANNBL1,0
D,DISPATCH,UNIT_SCADA,1,"2022/10/20 07:55:00",GANNSF1,31.70
D,DISPATCH,UNIT_SCADA,1,"2022/10/20 07:55:00",GLRWNSF1,109.99
D,DISPATCH,UNIT_SCADA,1,"2022/10/20 07:55:00",GNNDHSF1,15.944840
D,DISPATCH,UNIT_SCADA,1,"2022/10/20 07:55:00",GOONSF1,29.0251
D,DISPATCH,UNIT_SCADA,1,"2022/10/20 07:55:00",GORDON,248.184140
D,DISPATCH,UNIT_SCADA,1,"2022/10/20 07:55:00",GRANWF1,13.27
D,DISPATCH,UNIT_SCADA,1,"2022/10/20 07:55:00",GSTONE1,200.024990
D,DISPATCH,UNIT_SCADA,1,"2022/10/20 07:55:00",GSTONE2,0
D,DISPATCH,UNIT_SCADA,1,"2022/10/20 07:55:00",GSTONE3,199.6750
D,DISPATCH,UNIT_SCADA,1,"2022/10/20 07:55:00",GSTONE4,0
D,DISPATCH,UNIT_SCADA,1,"2022/10/20 07:55:00",GSTONE5,200.3750
D,DISPATCH,UNIT_SCADA,1,"2022/10/20 07:55:00",GSTONE6,200.3750
D,DISPATCH,UNIT_SCADA,1,"2022/10/20 07:55:00",GULLRSF1,0.974990
D,DISPATCH,UNIT_SCADA,1,"2022/10/20 07:55:00",GULLRWF1,73.503880
D,DISPATCH,UNIT_SCADA,1,"2022/10/20 07:55:00",GULLRWF2,89.738190
D,DISPATCH,UNIT_SCADA,1,"2022/10/20 07:55:00",GUNNING1,0
D,DISPATCH,UNIT_SCADA,1,"2022/10/20 07:55:00",GUTHEGA,67.70
D,DISPATCH,UNIT_SCADA,1,"2022/10/20 07:55:00",HALLWF1,57.96
D,DISPATCH,UNIT_SCADA,1,"2022/10/20 07:55:00",HALLWF2,52.29
D,DISPATCH,UNIT_SCADA,1,"2022/10/20 07:55:00",HAMISF1,12.60
D,DISPATCH,UNIT_SCADA,1,"2022/10/20 07:55:00",HAUGHT11,21.475330
D,DISPATCH,UNIT_SCADA,1,"2022/10/20 07:55:00",HAYMSF1,15.5980
D,DISPATCH,UNIT_SCADA,1,"2022/10/20 07:55:00",HDWF1,47.90
D,DISPATCH,UNIT_SCADA,1,"2022/10/20 07:55:00",HDWF2,13
D,DISPATCH,UNIT_SCADA,1,"2022/10/20 07:55:00",HDWF3,31.40
D,DISPATCH,UNIT_SCADA,1,"2022/10/20 07:55:00",HILLSTN1,4.723710
D,DISPATCH,UNIT_SCADA,1,"2022/10/20 07:55:00",HPRG1,0.40
D,DISPATCH,UNIT_SCADA,1,"2022/10/20 07:55:00",HPRL1,0
D,DISPATCH,UNIT_SCADA,1,"2022/10/20 07:55:00",HUMENSW,55.136610
D,DISPATCH,UNIT_SCADA,1,"2022/10/20 07:55:00",HUMEV,0
D,DISPATCH,UNIT_SCADA,1,"2022/10/20 07:55:00",HVWWBA1G,0
D,DISPATCH,UNIT_SCADA,1,"2022/10/20 07:55:00",HVWWBA1L,0.0060
D,DISPATCH,UNIT_SCADA,1,"2022/10/20 07:55:00",HVWWPV1,0.02
D,DISPATCH,UNIT_SCADA,1,"2022/10/20 07:55:00",JBUTTERS,0
D,DISPATCH,UNIT_SCADA,1,"2022/10/20 07:55:00",JEMALNG1,5.30
D,DISPATCH,UNIT_SCADA,1,"2022/10/20 07:55:00",JLA01,0
D,DISPATCH,UNIT_SCADA,1,"2022/10/20 07:55:00",JLA02,0
D,DISPATCH,UNIT_SCADA,1,"2022/10/20 07:55:00",JLA03,0
D,DISPATCH,UNIT_SCADA,1,"2022/10/20 07:55:00",JLA04,0
D,DISPATCH,UNIT_SCADA,1,"2022/10/20 07:55:00",JLB01,0
D,DISPATCH,UNIT_SCADA,1,"2022/10/20 07:55:00",JLB02,0.10
D,DISPATCH,UNIT_SCADA,1,"2022/10/20 07:55:00",JLB03,0
D,DISPATCH,UNIT_SCADA,1,"2022/10/20 07:55:00",JUNEESF1,3.285760
D,DISPATCH,UNIT_SCADA,1,"2022/10/20 07:55:00",KABANWF1,0.0660
D,DISPATCH,UNIT_SCADA,1,"2022/10/20 07:55:00",KAREEYA1,4.8575
D,DISPATCH,UNIT_SCADA,1,"2022/10/20 07:55:00",KAREEYA2,0
D,DISPATCH,UNIT_SCADA,1,"2022/10/20 07:55:00",KAREEYA3,6.2025
D,DISPATCH,UNIT_SCADA,1,"2022/10/20 07:55:00",KAREEYA4,0
D,DISPATCH,UNIT_SCADA,1,"2022/10/20 07:55:00",KARSF1,28.30
D,DISPATCH,UNIT_SCADA,1,"2022/10/20 07:55:00",KEPSF1,3.43
D,DISPATCH,UNIT_SCADA,1,"2022/10/20 07:55:00",KEPWF1,0
D,DISPATCH,UNIT_SCADA,1,"2022/10/20 07:55:00",KIAMSF1,2.941180
D,DISPATCH,UNIT_SCADA,1,"2022/10/20 07:55:00",KIATAWF1,22.70
D,DISPATCH,UNIT_SCADA,1,"2022/10/20 07:55:00",KPP_1,0
D,DISPATCH,UNIT_SCADA,1,"2022/10/20 07:55:00",KSP1,34.14
D,DISPATCH,UNIT_SCADA,1,"2022/10/20 07:55:00",LADBROK1,0.01
D,DISPATCH,UNIT_SCADA,1,"2022/10/20 07:55:00",LADBROK2,38.10
D,DISPATCH,UNIT_SCADA,1,"2022/10/20 07:55:00",LBBG1,0
D,DISPATCH,UNIT_SCADA,1,"2022/10/20 07:55:00",LBBL1,10.95
D,DISPATCH,UNIT_SCADA,1,"2022/10/20 07:55:00",LD01,321.341580
D,DISPATCH,UNIT_SCADA,1,"2022/10/20 07:55:00",LD02,0
D,DISPATCH,UNIT_SCADA,1,"2022/10/20 07:55:00",LD04,321.597960
D,DISPATCH,UNIT_SCADA,1,"2022/10/20 07:55:00",LEM_WIL,87.079930
D,DISPATCH,UNIT_SCADA,1,"2022/10/20 07:55:00",LGAPWF1,72.15
D,DISPATCH,UNIT_SCADA,1,"2022/10/20 07:55:00",LGAPWF2,50.79
D,DISPATCH,UNIT_SCADA,1,"2022/10/20 07:55:00",LILYSF1,8.028160
D,DISPATCH,UNIT_SCADA,1,"2022/10/20 07:55:00",LIMOSF11,17.125660
D,DISPATCH,UNIT_SCADA,1,"2022/10/20 07:55:00",LIMOSF21,3.034740
D,DISPATCH,UNIT_SCADA,1,"2022/10/20 07:55:00",LI_WY_CA,77.188510
D,DISPATCH,UNIT_SCADA,1,"2022/10/20 07:55:00",LKBONNY1,0
D,DISPATCH,UNIT_SCADA,1,"2022/10/20 07:55:00",LKBONNY2,0
D,DISPATCH,UNIT_SCADA,1,"2022/10/20 07:55:00",LKBONNY3,0
D,DISPATCH,UNIT_SCADA,1,"2022/10/20 07:55:00",LK_ECHO,0
D,DISPATCH,UNIT_SCADA,1,"2022/10/20 07:55:00",LNGS1,0
D,DISPATCH,UNIT_SCADA,1,"2022/10/20 07:55:00",LNGS2,0
D,DISPATCH,UNIT_SCADA,1,"2022/10/20 07:55:00",LONSDALE,0
D,DISPATCH,UNIT_SCADA,1,"2022/10/20 07:55:00",LOYYB1,548.118960
D,DISPATCH,UNIT_SCADA,1,"2022/10/20 07:55:00",LOYYB2,548.870910
D,DISPATCH,UNIT_SCADA,1,"2022/10/20 07:55:00",LYA1,554
D,DISPATCH,UNIT_SCADA,1,"2022/10/20 07:55:00",LYA2,0
D,DISPATCH,UNIT_SCADA,1,"2022/10/20 07:55:00",LYA3,554
D,DISPATCH,UNIT_SCADA,1,"2022/10/20 07:55:00",LYA4,554
D,DISPATCH,UNIT_SCADA,1,"2022/10/20 07:55:00",MACARTH1,14.699660
D,DISPATCH,UNIT_SCADA,1,"2022/10/20 07:55:00",MACKNTSH,0
D,DISPATCH,UNIT_SCADA,1,"2022/10/20 07:55:00",MANSLR1,2.1160
D,DISPATCH,UNIT_SCADA,1,"2022/10/20 07:55:00",MAPS2PV1,0
D,DISPATCH,UNIT_SCADA,1,"2022/10/20 07:55:00",MAPS3PV1,0
D,DISPATCH,UNIT_SCADA,1,"2022/10/20 07:55:00",MARYRSF1,5.63
D,DISPATCH,UNIT_SCADA,1,"2022/10/20 07:55:00",MBPS2PV1,0
D,DISPATCH,UNIT_SCADA,1,"2022/10/20 07:55:00",MCKAY1,197.355010
D,DISPATCH,UNIT_SCADA,1,"2022/10/20 07:55:00",MEADOWBK,19.663040
D,DISPATCH,UNIT_SCADA,1,"2022/10/20 07:55:00",MERCER01,20.10
D,DISPATCH,UNIT_SCADA,1,"2022/10/20 07:55:00",METZSF1,18.285760
D,DISPATCH,UNIT_SCADA,1,"2022/10/20 07:55:00",MEWF1,0
D,DISPATCH,UNIT_SCADA,1,"2022/10/20 07:55:00",MIDDLSF1,7.88
D,DISPATCH,UNIT_SCADA,1,"2022/10/20 07:55:00",MINTARO,0.128180
D,DISPATCH,UNIT_SCADA,1,"2022/10/20 07:55:00",MOLNGSF1,1.710230
D,DISPATCH,UNIT_SCADA,1,"2022/10/20 07:55:00",MOORAWF1,17.51
D,DISPATCH,UNIT_SCADA,1,"2022/10/20 07:55:00",MOREESF1,1.1340
D,DISPATCH,UNIT_SCADA,1,"2022/10/20 07:55:00",MORTLK11,0
D,DISPATCH,UNIT_SCADA,1,"2022/10/20 07:55:00",MORTLK12,0
D,DISPATCH,UNIT_SCADA,1,"2022/10/20 07:55:00",MOUSF1,0
D,DISPATCH,UNIT_SCADA,1,"2022/10/20 07:55:00",MP1,0
D,DISPATCH,UNIT_SCADA,1,"2022/10/20 07:55:00",MP2,383.001460
D,DISPATCH,UNIT_SCADA,1,"2022/10/20 07:55:00",MPP_1,175.939730
D,DISPATCH,UNIT_SCADA,1,"2022/10/20 07:55:00",MPP_2,0
D,DISPATCH,UNIT_SCADA,1,"2022/10/20 07:55:00",MRTLSWF1,0
D,DISPATCH,UNIT_SCADA,1,"2022/10/20 07:55:00",MSTUART1,0
D,DISPATCH,UNIT_SCADA,1,"2022/10/20 07:55:00",MSTUART2,0
D,DISPATCH,UNIT_SCADA,1,"2022/10/20 07:55:00",MSTUART3,0
D,DISPATCH,UNIT_SCADA,1,"2022/10/20 07:55:00",MTGELWF1,52.964870
D,DISPATCH,UNIT_SCADA,1,"2022/10/20 07:55:00",MTMILLAR,1.40
D,DISPATCH,UNIT_SCADA,1,"2022/10/20 07:55:00",MURRAY,0
D,DISPATCH,UNIT_SCADA,1,"2022/10/20 07:55:00",MUSSELR1,57.30
D,DISPATCH,UNIT_SCADA,1,"2022/10/20 07:55:00",MUWAWF1,134.63
D,DISPATCH,UNIT_SCADA,1,"2022/10/20 07:55:00",MUWAWF2,145.20
D,DISPATCH,UNIT_SCADA,1,"2022/10/20 07:55:00",MWPS1PV1,0.12
D,DISPATCH,UNIT_SCADA,1,"2022/10/20 07:55:00",MWPS2PV1,0
D,DISPATCH,UNIT_SCADA,1,"2022/10/20 07:55:00",MWPS3PV1,0
D,DISPATCH,UNIT_SCADA,1,"2022/10/20 07:55:00",MWPS4PV1,0.01
D,DISPATCH,UNIT_SCADA,1,"2022/10/20 07:55:00",NBHWF1,88.600010
D,DISPATCH,UNIT_SCADA,1,"2022/10/20 07:55:00",NEVERSF1,2.04
D,DISPATCH,UNIT_SCADA,1,"2022/10/20 07:55:00",NPS,0
D,DISPATCH,UNIT_SCADA,1,"2022/10/20 07:55:00",NUMURSF1,88.70
D,DISPATCH,UNIT_SCADA,1,"2022/10/20 07:55:00",NYNGAN1,2
D,DISPATCH,UNIT_SCADA,1,"2022/10/20 07:55:00",OAKEY1,0
D,DISPATCH,UNIT_SCADA,1,"2022/10/20 07:55:00",OAKEY1SF,6.9950
D,DISPATCH,UNIT_SCADA,1,"2022/10/20 07:55:00",OAKEY2,0
D,DISPATCH,UNIT_SCADA,1,"2022/10/20 07:55:00",OAKEY2SF,13.90
D,DISPATCH,UNIT_SCADA,1,"2022/10/20 07:55:00",OAKLAND1,4
D,DISPATCH,UNIT_SCADA,1,"2022/10/20 07:55:00",OSB-AG,0
D,DISPATCH,UNIT_SCADA,1,"2022/10/20 07:55:00",PAREPS1,0.0660
D,DISPATCH,UNIT_SCADA,1,"2022/10/20 07:55:00",PAREPW1,108.89
D,DISPATCH,UNIT_SCADA,1,"2022/10/20 07:55:00",PARSF1,26.701760
D,DISPATCH,UNIT_SCADA,1,"2022/10/20 07:55:00",POAT110,0
D,DISPATCH,UNIT_SCADA,1,"2022/10/20 07:55:00",POAT220,0
D,DISPATCH,UNIT_SCADA,1,"2022/10/20 07:55:00",POR01,0
D,DISPATCH,UNIT_SCADA,1,"2022/10/20 07:55:00",POR03,0
D,DISPATCH,UNIT_SCADA,1,"2022/10/20 07:55:00",PPCCGT,176.236540
D,DISPATCH,UNIT_SCADA,1,"2022/10/20 07:55:00",PTSTAN1,0
D,DISPATCH,UNIT_SCADA,1,"2022/10/20 07:55:00",PUMP1,0
D,DISPATCH,UNIT_SCADA,1,"2022/10/20 07:55:00",PUMP2,0
D,DISPATCH,UNIT_SCADA,1,"2022/10/20 07:55:00",QBYNBG1,0
D,DISPATCH,UNIT_SCADA,1,"2022/10/20 07:55:00",QBYNBL1,0.0005
D,DISPATCH,UNIT_SCADA,1,"2022/10/20 07:55:00",QPS1,0
D,DISPATCH,UNIT_SCADA,1,"2022/10/20 07:55:00",QPS2,0
D,DISPATCH,UNIT_SCADA,1,"2022/10/20 07:55:00",QPS3,0
D,DISPATCH,UNIT_SCADA,1,"2022/10/20 07:55:00",QPS4,0
D,DISPATCH,UNIT_SCADA,1,"2022/10/20 07:55:00",QPS5,78.12
D,DISPATCH,UNIT_SCADA,1,"2022/10/20 07:55:00",REECE1,45.765680
D,DISPATCH,UNIT_SCADA,1,"2022/10/20 07:55:00",REECE2,34.92
D,DISPATCH,UNIT_SCADA,1,"2022/10/20 07:55:00",ROMA_7,0
D,DISPATCH,UNIT_SCADA,1,"2022/10/20 07:55:00",ROMA_8,0
D,DISPATCH,UNIT_SCADA,1,"2022/10/20 07:55:00",RRSF1,93.897560
D,DISPATCH,UNIT_SCADA,1,"2022/10/20 07:55:00",RT_NSW1,0
D,DISPATCH,UNIT_SCADA,1,"2022/10/20 07:55:00",RT_NSW2,0
D,DISPATCH,UNIT_SCADA,1,"2022/10/20 07:55:00",RT_NSW3,0
D,DISPATCH,UNIT_SCADA,1,"2022/10/20 07:55:00",RT_NSW4,0
D,DISPATCH,UNIT_SCADA,1,"2022/10/20 07:55:00",RT_NSW5,0
D,DISPATCH,UNIT_SCADA,1,"2022/10/20 07:55:00",RT_NSW6,0
D,DISPATCH,UNIT_SCADA,1,"2022/10/20 07:55:00",RT_QLD1,0
D,DISPATCH,UNIT_SCADA,1,"2022/10/20 07:55:00",RT_SA1,0
D,DISPATCH,UNIT_SCADA,1,"2022/10/20 07:55:00",RT_SA2,0
D,DISPATCH,UNIT_SCADA,1,"2022/10/20 07:55:00",RT_SA3,0
D,DISPATCH,UNIT_SCADA,1,"2022/10/20 07:55:00",RT_SA4,0
D,DISPATCH,UNIT_SCADA,1,"2022/10/20 07:55:00",RT_SA5,0
D,DISPATCH,UNIT_SCADA,1,"2022/10/20 07:55:00",RT_SA6,0
D,DISPATCH,UNIT_SCADA,1,"2022/10/20 07:55:00",RT_TAS1,0
D,DISPATCH,UNIT_SCADA,1,"2022/10/20 07:55:00",RT_VIC1,0
D,DISPATCH,UNIT_SCADA,1,"2022/10/20 07:55:00",RT_VIC10,0
D,DISPATCH,UNIT_SCADA,1,"2022/10/20 07:55:00",RT_VIC11,0
D,DISPATCH,UNIT_SCADA,1,"2022/10/20 07:55:00",RT_VIC12,0
D,DISPATCH,UNIT_SCADA,1,"2022/10/20 07:55:00",RT_VIC2,0
D,DISPATCH,UNIT_SCADA,1,"2022/10/20 07:55:00",RT_VIC3,0
D,DISPATCH,UNIT_SCADA,1,"2022/10/20 07:55:00",RT_VIC4,0
D,DISPATCH,UNIT_SCADA,1,"2022/10/20 07:55:00",RT_VIC5,0
D,DISPATCH,UNIT_SCADA,1,"2022/10/20 07:55:00",RT_VIC6,0
D,DISPATCH,UNIT_SCADA,1,"2022/10/20 07:55:00",RT_VIC7,0
D,DISPATCH,UNIT_SCADA,1,"2022/10/20 07:55:00",RT_VIC8,0
D,DISPATCH,UNIT_SCADA,1,"2022/10/20 07:55:00",RT_VIC9,0
D,DISPATCH,UNIT_SCADA,1,"2022/10/20 07:55:00",RUGBYR1,2.482940
D,DISPATCH,UNIT_SCADA,1,"2022/10/20 07:55:00",SALTCRK1,17.93
D,DISPATCH,UNIT_SCADA,1,"2022/10/20 07:55:00",SAPHWF1,118.548870
D,DISPATCH,UNIT_SCADA,1,"2022/10/20 07:55:00",SEBSF1,15.589430
D,DISPATCH,UNIT_SCADA,1,"2022/10/20 07:55:00",SHGEN,80.441740
D,DISPATCH,UNIT_SCADA,1,"2022/10/20 07:55:00",SHPUMP,0
D,DISPATCH,UNIT_SCADA,1,"2022/10/20 07:55:00",SITHE01,0.1840
D,DISPATCH,UNIT_SCADA,1,"2022/10/20 07:55:00",SMCSF1,21.9740
D,DISPATCH,UNIT_SCADA,1,"2022/10/20 07:55:00",SNAPPER1,0
D,DISPATCH,UNIT_SCADA,1,"2022/10/20 07:55:00",SNOWNTH1,124
D,DISPATCH,UNIT_SCADA,1,"2022/10/20 07:55:00",SNOWSTH1,114.30
D,DISPATCH,UNIT_SCADA,1,"2022/10/20 07:55:00",SNOWTWN1,66.706390
D,DISPATCH,UNIT_SCADA,1,"2022/10/20 07:55:00",SNOWYP,0
D,DISPATCH,UNIT_SCADA,1,"2022/10/20 07:55:00",SNUG1,0
D,DISPATCH,UNIT_SCADA,1,"2022/10/20 07:55:00",SRSF1,3.21
D,DISPATCH,UNIT_SCADA,1,"2022/10/20 07:55:00",STAN-1,280.607270
D,DISPATCH,UNIT_SCADA,1,"2022/10/20 07:55:00",STAN-2,365.281680
D,DISPATCH,UNIT_SCADA,1,"2022/10/20 07:55:00",STAN-3,160.607040
D,DISPATCH,UNIT_SCADA,1,"2022/10/20 07:55:00",STAN-4,365.550840
D,DISPATCH,UNIT_SCADA,1,"2022/10/20 07:55:00",STARHLWF,0.01
D,DISPATCH,UNIT_SCADA,1,"2022/10/20 07:55:00",STOCKYD1,142.070010
D,DISPATCH,UNIT_SCADA,1,"2022/10/20 07:55:00",STWF1,34.228430
D,DISPATCH,UNIT_SCADA,1,"2022/10/20 07:55:00",SUNRSF1,6.321810
D,DISPATCH,UNIT_SCADA,1,"2022/10/20 07:55:00",SUNTPSF1,14.377050
D,DISPATCH,UNIT_SCADA,1,"2022/10/20 07:55:00",SWAN_E,267.978120
D,DISPATCH,UNIT_SCADA,1,"2022/10/20 07:55:00",TALWA1,0
D,DISPATCH,UNIT_SCADA,1,"2022/10/20 07:55:00",TARALGA1,0
D,DISPATCH,UNIT_SCADA,1,"2022/10/20 07:55:00",TARONG#1,349.800020
D,DISPATCH,UNIT_SCADA,1,"2022/10/20 07:55:00",TARONG#2,349
D,DISPATCH,UNIT_SCADA,1,"2022/10/20 07:55:00",TARONG#3,0.90
D,DISPATCH,UNIT_SCADA,1,"2022/10/20 07:55:00",TARONG#4,294.50
D,DISPATCH,UNIT_SCADA,1,"2022/10/20 07:55:00",TARRALEA,53.90
D,DISPATCH,UNIT_SCADA,1,"2022/10/20 07:55:00",TBSF1,14.40
D,DISPATCH,UNIT_SCADA,1,"2022/10/20 07:55:00",TNPS1,442
D,DISPATCH,UNIT_SCADA,1,"2022/10/20 07:55:00",TORRB1,0
D,DISPATCH,UNIT_SCADA,1,"2022/10/20 07:55:00",TORRB2,43
D,DISPATCH,UNIT_SCADA,1,"2022/10/20 07:55:00",TORRB3,0
D,DISPATCH,UNIT_SCADA,1,"2022/10/20 07:55:00",TORRB4,0
D,DISPATCH,UNIT_SCADA,1,"2022/10/20 07:55:00",TREVALLN,98.123760
D,DISPATCH,UNIT_SCADA,1,"2022/10/20 07:55:00",TRIBUTE,0
D,DISPATCH,UNIT_SCADA,1,"2022/10/20 07:55:00",TUMUT3,0
D,DISPATCH,UNIT_SCADA,1,"2022/10/20 07:55:00",TUNGATIN,4.200020
D,DISPATCH,UNIT_SCADA,1,"2022/10/20 07:55:00",TVCC201,0
D,DISPATCH,UNIT_SCADA,1,"2022/10/20 07:55:00",TVPP104,39.990190
D,DISPATCH,UNIT_SCADA,1,"2022/10/20 07:55:00",UPPTUMUT,1.215860
D,DISPATCH,UNIT_SCADA,1,"2022/10/20 07:55:00",URANQ11,0
D,DISPATCH,UNIT_SCADA,1,"2022/10/20 07:55:00",URANQ12,0
D,DISPATCH,UNIT_SCADA,1,"2022/10/20 07:55:00",URANQ13,0
D,DISPATCH,UNIT_SCADA,1,"2022/10/20 07:55:00",URANQ14,0
D,DISPATCH,UNIT_SCADA,1,"2022/10/20 07:55:00",VBBG1,3.60
D,DISPATCH,UNIT_SCADA,1,"2022/10/20 07:55:00",VBBL1,0
D,DISPATCH,UNIT_SCADA,1,"2022/10/20 07:55:00",VP5,500.772130
D,DISPATCH,UNIT_SCADA,1,"2022/10/20 07:55:00",VP6,501.8952
D,DISPATCH,UNIT_SCADA,1,"2022/10/20 07:55:00",VPGS1,0
D,DISPATCH,UNIT_SCADA,1,"2022/10/20 07:55:00",VPGS2,0
D,DISPATCH,UNIT_SCADA,1,"2022/10/20 07:55:00",VPGS3,0
D,DISPATCH,UNIT_SCADA,1,"2022/10/20 07:55:00",VPGS4,0
D,DISPATCH,UNIT_SCADA,1,"2022/10/20 07:55:00",VPGS5,0
D,DISPATCH,UNIT_SCADA,1,"2022/10/20 07:55:00",VPGS6,0
D,DISPATCH,UNIT_SCADA,1,"2022/10/20 07:55:00",W/HOE#1,0
D,DISPATCH,UNIT_SCADA,1,"2022/10/20 07:55:00",W/HOE#2,0
D,DISPATCH,UNIT_SCADA,1,"2022/10/20 07:55:00",WAGGNSF1,0
D,DISPATCH,UNIT_SCADA,1,"2022/10/20 07:55:00",WALGRVG1,0
D,DISPATCH,UNIT_SCADA,1,"2022/10/20 07:55:00",WALGRVL1,0.034440
D,DISPATCH,UNIT_SCADA,1,"2022/10/20 07:55:00",WANDBG1,0.9797
D,DISPATCH,UNIT_SCADA,1,"2022/10/20 07:55:00",WANDBL1,0
D,DISPATCH,UNIT_SCADA,1,"2022/10/20 07:55:00",WARWSF1,10.18
D,DISPATCH,UNIT_SCADA,1,"2022/10/20 07:55:00",WARWSF2,11
D,DISPATCH,UNIT_SCADA,1,"2022/10/20 07:55:00",WATERLWF,88.90
D,DISPATCH,UNIT_SCADA,1,"2022/10/20 07:55:00",WDGPH1,13.0370
D,DISPATCH,UNIT_SCADA,1,"2022/10/20 07:55:00",WELLSF1,26.144810
D,DISPATCH,UNIT_SCADA,1,"2022/10/20 07:55:00",WEMENSF1,16.40
D,DISPATCH,UNIT_SCADA,1,"2022/10/20 07:55:00",WGWF1,114.80
D,DISPATCH,UNIT_SCADA,1,"2022/10/20 07:55:00",WHITSF1,14.60
D,DISPATCH,UNIT_SCADA,1,"2022/10/20 07:55:00",WINTSF1,78.53
D,DISPATCH,UNIT_SCADA,1,"2022/10/20 07:55:00",WKIEWA1,34.20
D,DISPATCH,UNIT_SCADA,1,"2022/10/20 07:55:00",WKIEWA2,34.20
D,DISPATCH,UNIT_SCADA,1,"2022/10/20 07:55:00",WOODLWN1,23.9198
D,DISPATCH,UNIT_SCADA,1,"2022/10/20 07:55:00",WOOLGSF1,7.917060
D,DISPATCH,UNIT_SCADA,1,"2022/10/20 07:55:00",WPWF,40.43
D,DISPATCH,UNIT_SCADA,1,"2022/10/20 07:55:00",WRSF1,0.570090
D,DISPATCH,UNIT_SCADA,1,"2022/10/20 07:55:00",WRWF1,22.549780
D,DISPATCH,UNIT_SCADA,1,"2022/10/20 07:55:00",WSTWYSF1,0
D,DISPATCH,UNIT_SCADA,1,"2022/10/20 07:55:00",YABULU,0
D,DISPATCH,UNIT_SCADA,1,"2022/10/20 07:55:00",YABULU2,0
D,DISPATCH,UNIT_SCADA,1,"2022/10/20 07:55:00",YARANSF1,20.13
D,DISPATCH,UNIT_SCADA,1,"2022/10/20 07:55:00",YARWUN_1,129.649990
D,DISPATCH,UNIT_SCADA,1,"2022/10/20 07:55:00",YATSF1,20.50
D,DISPATCH,UNIT_SCADA,1,"2022/10/20 07:55:00",YENDWF1,16.43
D,DISPATCH,UNIT_SCADA,1,"2022/10/20 07:55:00",YWPS1,365.913910
D,DISPATCH,UNIT_SCADA,1,"2022/10/20 07:55:00",YWPS2,289.220250
D,DISPATCH,UNIT_SCADA,1,"2022/10/20 07:55:00",YWPS3,361.082280
D,DISPATCH,UNIT_SCADA,1,"2022/10/20 07:55:00",YWPS4,0
C,"END OF REPORT",419
