C,NEMP.WORLD,DISPATCHSCADA,AEMO,PUBLIC,2022/10/20,07:35:09,0000000373237984,DISPATCHSCADA,0000000373237978
I,DISPATCH,UNIT_SCADA,1,SETTLEMENTDATE,DUID,SCADAVALUE
D,DISPATCH,UNIT_SCADA,1,"2022/10/20 07:40:00",BARCSF1,5.30
D,DISPATCH,UNIT_SCADA,1,"2022/10/20 07:40:00",BUTLERSG,8.699999
D,DISPATCH,UNIT_SCADA,1,"2022/10/20 07:40:00",CAPTL_WF,53.868011
D,DISPATCH,UNIT_SCADA,1,"2022/10/20 07:40:00",CHALLHWF,13
D,DISPATCH,UNIT_SCADA,1,"2022/10/20 07:40:00",CLOVER,13.30
D,DISPATCH,UNIT_SCADA,1,"2022/10/20 07:40:00",CLUNY,6.167544
D,DISPATCH,UNIT_SCADA,1,"2022/10/20 07:40:00",CULLRGWF,-0.07
D,DISPATCH,UNIT_SCADA,1,"2022/10/20 07:40:00",DIAPURWF1,7.30
D,DISPATCH,UNIT_SCADA,1,"2022/10/20 07:40:00",ERGT01,0
D,DISPATCH,UNIT_SCADA,1,"2022/10/20 07:40:00",GB01,0
D,DISPATCH,UNIT_SCADA,1,"2022/10/20 07:40:00",GERMCRK,22.700001
D,DISPATCH,UNIT_SCADA,1,"2022/10/20 07:40:00",GRIFSF1,2.699321
D,DISPATCH,UNIT_SCADA,1,"2022/10/20 07:40:00",HEZ1,0
D,DISPATCH,UNIT_SCADA,1,"2022/10/20 07:40:00",HUGSF1,1.5710
D,DISPATCH,UNIT_SCADA,1,"2022/10/20 07:40:00",KEPBG1,0.01
D,DISPATCH,UNIT_SCADA,1,"2022/10/20 07:40:00",LRSF1,9.990001
D,DISPATCH,UNIT_SCADA,1,"2022/10/20 07:40:00",MBAHNTH,45.206253
D,DISPATCH,UNIT_SCADA,1,"2022/10/20 07:40:00",MLSP1,5.341001
D,DISPATCH,UNIT_SCADA,1,"2022/10/20 07:40:00",MLWF1,5.3550
D,DISPATCH,UNIT_SCADA,1,"2022/10/20 07:40:00",PALOONA,30.379999
D,DISPATCH,UNIT_SCADA,1,"2022/10/20 07:40:00",PIONEER,41.50
D,DISPATCH,UNIT_SCADA,1,"2022/10/20 07:40:00",PORTWF,51.299999
D,DISPATCH,UNIT_SCADA,1,"2022/10/20 07:40:00",REPULSE,9.518578
D,DISPATCH,UNIT_SCADA,1,"2022/10/20 07:40:00",ROWALLAN,8.9034
D,DISPATCH,UNIT_SCADA,1,"2022/10/20 07:40:00",ROYALLA1,9.098003
D,DISPATCH,UNIT_SCADA,1,"2022/10/20 07:40:00",RPCG,-1.20
D,DISPATCH,UNIT_SCADA,1,"2022/10/20 07:40:00",RUBICON,0
D,DISPATCH,UNIT_SCADA,1,"2022/10/20 07:40:00",WAUBRAWF,55.664001
D,DISPATCH,UNIT_SCADA,1,"2022/10/20 07:40:00",WOOLNTH1,18.200001
D,DISPATCH,UNIT_SCADA,1,"2022/10/20 07:40:00",YAMBUKWF,6.60
D,DISPATCH,UNIT_SCADA,1,"2022/10/20 07:40:00",YSWF1,0.20
D,DISPATCH,UNIT_SCADA,1,"2022/10/20 07:40:00",ADPBA1G,0.0080
D,DISPATCH,UNIT_SCADA,1,"2022/10/20 07:40:00",ADPBA1L,0
D,DISPATCH,UNIT_SCADA,1,"2022/10/20 07:40:00",ADPPV1,6.55
D,DISPATCH,UNIT_SCADA,1,"2022/10/20 07:40:00",AGLHAL,0
D,DISPATCH,UNIT_SCADA,1,"2022/10/20 07:40:00",AGLSOM,0
D,DISPATCH,UNIT_SCADA,1,"2022/10/20 07:40:00",ANGAST1,0
D,DISPATCH,UNIT_SCADA,1,"2022/10/20 07:40:00",ARWF1,20.90
D,DISPATCH,UNIT_SCADA,1,"2022/10/20 07:40:00",BALBG1,0
D,DISPATCH,UNIT_SCADA,1,"2022/10/20 07:40:00",BALBL1,7.89
D,DISPATCH,UNIT_SCADA,1,"2022/10/20 07:40:00",BALDHWF1,1.2190
D,DISPATCH,UNIT_SCADA,1,"2022/10/20 07:40:00",BANGOWF1,29.397420
D,DISPATCH,UNIT_SCADA,1,"2022/10/20 07:40:00",BANGOWF2,36.797660
D,DISPATCH,UNIT_SCADA,1,"2022/10/20 07:40:00",BANN1,4
D,DISPATCH,UNIT_SCADA,1,"2022/10/20 07:40:00",BARCALDN,0
D,DISPATCH,UNIT_SCADA,1,"2022/10/20 07:40:00",BARKIPS1,0
D,DISPATCH,UNIT_SCADA,1,"2022/10/20 07:40:00",BARRON-1,28.04
D,DISPATCH,UNIT_SCADA,1,"2022/10/20 07:40:00",BARRON-2,5.04
D,DISPATCH,UNIT_SCADA,1,"2022/10/20 07:40:00",BASTYAN,50.32
D,DISPATCH,UNIT_SCADA,1,"2022/10/20 07:40:00",BBTHREE1,0
D,DISPATCH,UNIT_SCADA,1,"2022/10/20 07:40:00",BBTHREE2,0
D,DISPATCH,UNIT_SCADA,1,"2022/10/20 07:40:00",BBTHREE3,-1.08
D,DISPATCH,UNIT_SCADA,1,"2022/10/20 07:40:00",BDL01,0
D,DISPATCH,UNIT_SCADA,1,"2022/10/20 07:40:00",BDL02,0
D,DISPATCH,UNIT_SCADA,1,"2022/10/20 07:40:00",BERYLSF1,9.551610
D,DISPATCH,UNIT_SCADA,1,"2022/10/20 07:40:00",BLOWERNG,62.60
D,DISPATCH,UNIT_SCADA,1,"2022/10/20 07:40:00",BLUEGSF1,16.266750
D,DISPATCH,UNIT_SCADA,1,"2022/10/20 07:40:00",BLUFF1,2
D,DISPATCH,UNIT_SCADA,1,"2022/10/20 07:40:00",BNGSF1,23.81
D,DISPATCH,UNIT_SCADA,1,"2022/10/20 07:40:00",BNGSF2,23.28
D,DISPATCH,UNIT_SCADA,1,"2022/10/20 07:40:00",BOCORWF1,0
D,DISPATCH,UNIT_SCADA,1,"2022/10/20 07:40:00",BODWF1,101.191040
D,DISPATCH,UNIT_SCADA,1,"2022/10/20 07:40:00",BOMENSF1,21.132520
D,DISPATCH,UNIT_SCADA,1,"2022/10/20 07:40:00",BOWWBA1G,0
D,DISPATCH,UNIT_SCADA,1,"2022/10/20 07:40:00",BOWWBA1L,0.0010
D,DISPATCH,UNIT_SCADA,1,"2022/10/20 07:40:00",BOWWPV1,0.0010
D,DISPATCH,UNIT_SCADA,1,"2022/10/20 07:40:00",BRAEMAR1,0
D,DISPATCH,UNIT_SCADA,1,"2022/10/20 07:40:00",BRAEMAR2,0
D,DISPATCH,UNIT_SCADA,1,"2022/10/20 07:40:00",BRAEMAR3,0
D,DISPATCH,UNIT_SCADA,1,"2022/10/20 07:40:00",BRAEMAR5,0.292060
D,DISPATCH,UNIT_SCADA,1,"2022/10/20 07:40:00",BRAEMAR6,0
D,DISPATCH,UNIT_SCADA,1,"2022/10/20 07:40:00",BRAEMAR7,0.130920
D,DISPATCH,UNIT_SCADA,1,"2022/10/20 07:40:00",BROKENH1,3.899940
D,DISPATCH,UNIT_SCADA,1,"2022/10/20 07:40:00",BRYB1WF1,123.070110
D,DISPATCH,UNIT_SCADA,1,"2022/10/20 07:40:00",BULBESG1,0
D,DISPATCH,UNIT_SCADA,1,"2022/10/20 07:40:00",BULBESL1,16.23
D,DISPATCH,UNIT_SCADA,1,"2022/10/20 07:40:00",BULGANA1,30.05
D,DISPATCH,UNIT_SCADA,1,"2022/10/20 07:40:00",BW01,658.200990
D,DISPATCH,UNIT_SCADA,1,"2022/10/20 07:40:00",BW02,617.965940
D,DISPATCH,UNIT_SCADA,1,"2022/10/20 07:40:00",BW03,549.507870
D,DISPATCH,UNIT_SCADA,1,"2022/10/20 07:40:00",BW04,0
D,DISPATCH,UNIT_SCADA,1,"2022/10/20 07:40:00",CALL_B_1,318.700010
D,DISPATCH,UNIT_SCADA,1,"2022/10/20 07:40:00",CALL_B_2,318.700010
D,DISPATCH,UNIT_SCADA,1,"2022/10/20 07:40:00",CATHROCK,1.60
D,DISPATCH,UNIT_SCADA,1,"2022/10/20 07:40:00",CBWWBA1G,0
D,DISPATCH,UNIT_SCADA,1,"2022/10/20 07:40:00",CBWWBA1L,0
D,DISPATCH,UNIT_SCADA,1,"2022/10/20 07:40:00",CETHANA,97.7055
D,DISPATCH,UNIT_SCADA,1,"2022/10/20 07:40:00",CG1,0
D,DISPATCH,UNIT_SCADA,1,"2022/10/20 07:40:00",CG2,0
D,DISPATCH,UNIT_SCADA,1,"2022/10/20 07:40:00",CG3,0
D,DISPATCH,UNIT_SCADA,1,"2022/10/20 07:40:00",CG4,0
D,DISPATCH,UNIT_SCADA,1,"2022/10/20 07:40:00",CHILDSF1,5.63
D,DISPATCH,UNIT_SCADA,1,"2022/10/20 07:40:00",CHYTWF1,0.20
D,DISPATCH,UNIT_SCADA,1,"2022/10/20 07:40:00",CLARESF1,21.2265
D,DISPATCH,UNIT_SCADA,1,"2022/10/20 07:40:00",CLEMGPWF,13.326480
D,DISPATCH,UNIT_SCADA,1,"2022/10/20 07:40:00",CLERMSF1,13.79
D,DISPATCH,UNIT_SCADA,1,"2022/10/20 07:40:00",CNUNDAWF,13.015180
D,DISPATCH,UNIT_SCADA,1,"2022/10/20 07:40:00",COHUNSF1,2.36
D,DISPATCH,UNIT_SCADA,1,"2022/10/20 07:40:00",COLEASF1,22.903410
D,DISPATCH,UNIT_SCADA,1,"2022/10/20 07:40:00",COLUMSF1,10.64
D,DISPATCH,UNIT_SCADA,1,"2022/10/20 07:40:00",COLWF01,106.860460
D,DISPATCH,UNIT_SCADA,1,"2022/10/20 07:40:00",COOPGWF1,335.359990
D,DISPATCH,UNIT_SCADA,1,"2022/10/20 07:40:00",CPP_3,358.600010
D,DISPATCH,UNIT_SCADA,1,"2022/10/20 07:40:00",CPP_4,0
D,DISPATCH,UNIT_SCADA,1,"2022/10/20 07:40:00",CPSA,0
D,DISPATCH,UNIT_SCADA,1,"2022/10/20 07:40:00",CROOKWF2,45.092850
D,DISPATCH,UNIT_SCADA,1,"2022/10/20 07:40:00",CROWLWF1,45.2608
D,DISPATCH,UNIT_SCADA,1,"2022/10/20 07:40:00",CRURWF1,69.697790
D,DISPATCH,UNIT_SCADA,1,"2022/10/20 07:40:00",CRWASF1,22.108160
D,DISPATCH,UNIT_SCADA,1,"2022/10/20 07:40:00",CSPVPS1,8.9520
D,DISPATCH,UNIT_SCADA,1,"2022/10/20 07:40:00",CTHLWF1,0.003050
D,DISPATCH,UNIT_SCADA,1,"2022/10/20 07:40:00",DALNTH01,0.059510
D,DISPATCH,UNIT_SCADA,1,"2022/10/20 07:40:00",DALNTHL1,0
D,DISPATCH,UNIT_SCADA,1,"2022/10/20 07:40:00",DARLSF1,67.526480
D,DISPATCH,UNIT_SCADA,1,"2022/10/20 07:40:00",DARTM1,0
D,DISPATCH,UNIT_SCADA,1,"2022/10/20 07:40:00",DAYDSF1,31.5090
D,DISPATCH,UNIT_SCADA,1,"2022/10/20 07:40:00",DDPS1,0
D,DISPATCH,UNIT_SCADA,1,"2022/10/20 07:40:00",DDSF1,10.316290
D,DISPATCH,UNIT_SCADA,1,"2022/10/20 07:40:00",DEVILS_G,58.114570
D,DISPATCH,UNIT_SCADA,1,"2022/10/20 07:40:00",DG_NSW1,0
D,DISPATCH,UNIT_SCADA,1,"2022/10/20 07:40:00",DG_QLD1,0
D,DISPATCH,UNIT_SCADA,1,"2022/10/20 07:40:00",DG_SA1,0
D,DISPATCH,UNIT_SCADA,1,"2022/10/20 07:40:00",DG_TAS1,0
D,DISPATCH,UNIT_SCADA,1,"2022/10/20 07:40:00",DG_VIC1,0
D,DISPATCH,UNIT_SCADA,1,"2022/10/20 07:40:00",DRYCGT1,0
D,DISPATCH,UNIT_SCADA,1,"2022/10/20 07:40:00",DRYCGT2,0
D,DISPATCH,UNIT_SCADA,1,"2022/10/20 07:40:00",DRYCGT3,0
D,DISPATCH,UNIT_SCADA,1,"2022/10/20 07:40:00",DUNDWF1,70.05
D,DISPATCH,UNIT_SCADA,1,"2022/10/20 07:40:00",DUNDWF2,23.94
D,DISPATCH,UNIT_SCADA,1,"2022/10/20 07:40:00",DUNDWF3,69.31
D,DISPATCH,UNIT_SCADA,1,"2022/10/20 07:40:00",EILDON1,59.96
D,DISPATCH,UNIT_SCADA,1,"2022/10/20 07:40:00",EILDON2,59.88
D,DISPATCH,UNIT_SCADA,1,"2022/10/20 07:40:00",ELAINWF1,7.82
D,DISPATCH,UNIT_SCADA,1,"2022/10/20 07:40:00",EMERASF1,0
D,DISPATCH,UNIT_SCADA,1,"2022/10/20 07:40:00",ER01,0
D,DISPATCH,UNIT_SCADA,1,"2022/10/20 07:40:00",ER02,660.666810
D,DISPATCH,UNIT_SCADA,1,"2022/10/20 07:40:00",ER03,666.306580
D,DISPATCH,UNIT_SCADA,1,"2022/10/20 07:40:00",ER04,663.791870
D,DISPATCH,UNIT_SCADA,1,"2022/10/20 07:40:00",FINLYSF1,118.907460
D,DISPATCH,UNIT_SCADA,1,"2022/10/20 07:40:00",FISHER,45.87
D,DISPATCH,UNIT_SCADA,1,"2022/10/20 07:40:00",GANGARR1,8.4170
D,DISPATCH,UNIT_SCADA,1,"2022/10/20 07:40:00",GANNBG1,0
D,DISPATCH,UNIT_SCADA,1,"2022/10/20 07:40:00",GANNBL1,0.110190
D,DISPATCH,UNIT_SCADA,1,"2022/10/20 07:40:00",GANNSF1,27.10
D,DISPATCH,UNIT_SCADA,1,"2022/10/20 07:40:00",GLRWNSF1,106.88
D,DISPATCH,UNIT_SCADA,1,"2022/10/20 07:40:00",GNNDHSF1,10.390710
D,DISPATCH,UNIT_SCADA,1,"2022/10/20 07:40:00",GOONSF1,6.9398
D,DISPATCH,UNIT_SCADA,1,"2022/10/20 07:40:00",GORDON,250.9837
D,DISPATCH,UNIT_SCADA,1,"2022/10/20 07:40:00",GRANWF1,15.65
D,DISPATCH,UNIT_SCADA,1,"2022/10/20 07:40:00",GSTONE1,200.20
D,DISPATCH,UNIT_SCADA,1,"2022/10/20 07:40:00",GSTONE2,0
D,DISPATCH,UNIT_SCADA,1,"2022/10/20 07:40:00",GSTONE3,200.55
D,DISPATCH,UNIT_SCADA,1,"2022/10/20 07:40:00",GSTONE4,0
D,DISPATCH,UNIT_SCADA,1,"2022/10/20 07:40:00",GSTONE5,201.599990
D,DISPATCH,UNIT_SCADA,1,"2022/10/20 07:40:00",GSTONE6,201.4250
D,DISPATCH,UNIT_SCADA,1,"2022/10/20 07:40:00",GULLRSF1,0.924990
D,DISPATCH,UNIT_SCADA,1,"2022/10/20 07:40:00",GULLRWF1,80.733770
D,DISPATCH,UNIT_SCADA,1,"2022/10/20 07:40:00",GULLRWF2,90.544360
D,DISPATCH,UNIT_SCADA,1,"2022/10/20 07:40:00",GUNNING1,0
D,DISPATCH,UNIT_SCADA,1,"2022/10/20 07:40:00",GUTHEGA,67.70
D,DISPATCH,UNIT_SCADA,1,"2022/10/20 07:40:00",HALLWF1,50.05
D,DISPATCH,UNIT_SCADA,1,"2022/10/20 07:40:00",HALLWF2,57.14
D,DISPATCH,UNIT_SCADA,1,"2022/10/20 07:40:00",HAMISF1,7.70
D,DISPATCH,UNIT_SCADA,1,"2022/10/20 07:40:00",HAUGHT11,28.987390
D,DISPATCH,UNIT_SCADA,1,"2022/10/20 07:40:00",HAYMSF1,8.1780
D,DISPATCH,UNIT_SCADA,1,"2022/10/20 07:40:00",HDWF1,38.60
D,DISPATCH,UNIT_SCADA,1,"2022/10/20 07:40:00",HDWF2,10.60
D,DISPATCH,UNIT_SCADA,1,"2022/10/20 07:40:00",HDWF3,18
D,DISPATCH,UNIT_SCADA,1,"2022/10/20 07:40:00",HILLSTN1,4.728320
D,DISPATCH,UNIT_SCADA,1,"2022/10/20 07:40:00",HPRG1,0
D,DISPATCH,UNIT_SCADA,1,"2022/10/20 07:40:00",HPRL1,7.60
D,DISPATCH,UNIT_SCADA,1,"2022/10/20 07:40:00",HUMENSW,54.872060
D,DISPATCH,UNIT_SCADA,1,"2022/10/20 07:40:00",HUMEV,0
D,DISPATCH,UNIT_SCADA,1,"2022/10/20 07:40:00",HVWWBA1G,0
D,DISPATCH,UNIT_SCADA,1,"2022/10/20 07:40:00",HVWWBA1L,0.0070
D,DISPATCH,UNIT_SCADA,1,"2022/10/20 07:40:00",HVWWPV1,3.7050
D,DISPATCH,UNIT_SCADA,1,"2022/10/20 07:40:00",JBUTTERS,0
D,DISPATCH,UNIT_SCADA,1,"2022/10/20 07:40:00",JEMALNG1,4.30
D,DISPATCH,UNIT_SCADA,1,"2022/10/20 07:40:00",JLA01,0
D,DISPATCH,UNIT_SCADA,1,"2022/10/20 07:40:00",JLA02,0
D,DISPATCH,UNIT_SCADA,1,"2022/10/20 07:40:00",JLA03,0
D,DISPATCH,UNIT_SCADA,1,"2022/10/20 07:40:00",JLA04,0
D,DISPATCH,UNIT_SCADA,1,"2022/10/20 07:40:00",JLB01,0
D,DISPATCH,UNIT_SCADA,1,"2022/10/20 07:40:00",JLB02,0.10
D,DISPATCH,UNIT_SCADA,1,"2022/10/20 07:40:00",JLB03,0
D,DISPATCH,UNIT_SCADA,1,"2022/10/20 07:40:00",JUNEESF1,6.0329
D,DISPATCH,UNIT_SCADA,1,"2022/10/20 07:40:00",KABANWF1,0.9360
D,DISPATCH,UNIT_SCADA,1,"2022/10/20 07:40:00",KAREEYA1,17.97
D,DISPATCH,UNIT_SCADA,1,"2022/10/20 07:40:00",KAREEYA2,0
D,DISPATCH,UNIT_SCADA,1,"2022/10/20 07:40:00",KAREEYA3,21.44
D,DISPATCH,UNIT_SCADA,1,"2022/10/20 07:40:00",KAREEYA4,0
D,DISPATCH,UNIT_SCADA,1,"2022/10/20 07:40:00",KARSF1,20.40
D,DISPATCH,UNIT_SCADA,1,"2022/10/20 07:40:00",KEPSF1,1.61
D,DISPATCH,UNIT_SCADA,1,"2022/10/20 07:40:00",KEPWF1,0
D,DISPATCH,UNIT_SCADA,1,"2022/10/20 07:40:00",KIAMSF1,2.361330
D,DISPATCH,UNIT_SCADA,1,"2022/10/20 07:40:00",KIATAWF1,24.10
D,DISPATCH,UNIT_SCADA,1,"2022/10/20 07:40:00",KPP_1,0
D,DISPATCH,UNIT_SCADA,1,"2022/10/20 07:40:00",KSP1,42.88
D,DISPATCH,UNIT_SCADA,1,"2022/10/20 07:40:00",LADBROK1,0.01
D,DISPATCH,UNIT_SCADA,1,"2022/10/20 07:40:00",LADBROK2,37.95
D,DISPATCH,UNIT_SCADA,1,"2022/10/20 07:40:00",LBBG1,0
D,DISPATCH,UNIT_SCADA,1,"2022/10/20 07:40:00",LBBL1,1.20
D,DISPATCH,UNIT_SCADA,1,"2022/10/20 07:40:00",LD01,316.690580
D,DISPATCH,UNIT_SCADA,1,"2022/10/20 07:40:00",LD02,0
D,DISPATCH,UNIT_SCADA,1,"2022/10/20 07:40:00",LD04,316.2511
D,DISPATCH,UNIT_SCADA,1,"2022/10/20 07:40:00",LEM_WIL,86.987980
D,DISPATCH,UNIT_SCADA,1,"2022/10/20 07:40:00",LGAPWF1,86.18
D,DISPATCH,UNIT_SCADA,1,"2022/10/20 07:40:00",LGAPWF2,56.07
D,DISPATCH,UNIT_SCADA,1,"2022/10/20 07:40:00",LILYSF1,3.719170
D,DISPATCH,UNIT_SCADA,1,"2022/10/20 07:40:00",LIMOSF11,15.504230
D,DISPATCH,UNIT_SCADA,1,"2022/10/20 07:40:00",LIMOSF21,2.216980
D,DISPATCH,UNIT_SCADA,1,"2022/10/20 07:40:00",LI_WY_CA,76.769040
D,DISPATCH,UNIT_SCADA,1,"2022/10/20 07:40:00",LKBONNY1,0
D,DISPATCH,UNIT_SCADA,1,"2022/10/20 07:40:00",LKBONNY2,23.141870
D,DISPATCH,UNIT_SCADA,1,"2022/10/20 07:40:00",LKBONNY3,9.545580
D,DISPATCH,UNIT_SCADA,1,"2022/10/20 07:40:00",LK_ECHO,0
D,DISPATCH,UNIT_SCADA,1,"2022/10/20 07:40:00",LNGS1,0
D,DISPATCH,UNIT_SCADA,1,"2022/10/20 07:40:00",LNGS2,0
D,DISPATCH,UNIT_SCADA,1,"2022/10/20 07:40:00",LONSDALE,0
D,DISPATCH,UNIT_SCADA,1,"2022/10/20 07:40:00",LOYYB1,581.578490
D,DISPATCH,UNIT_SCADA,1,"2022/10/20 07:40:00",LOYYB2,574.8114
D,DISPATCH,UNIT_SCADA,1,"2022/10/20 07:40:00",LYA1,554
D,DISPATCH,UNIT_SCADA,1,"2022/10/20 07:40:00",LYA2,0
D,DISPATCH,UNIT_SCADA,1,"2022/10/20 07:40:00",LYA3,552
D,DISPATCH,UNIT_SCADA,1,"2022/10/20 07:40:00",LYA4,553
D,DISPATCH,UNIT_SCADA,1,"2022/10/20 07:40:00",MACARTH1,0
D,DISPATCH,UNIT_SCADA,1,"2022/10/20 07:40:00",MACKNTSH,0
D,DISPATCH,UNIT_SCADA,1,"2022/10/20 07:40:00",MANSLR1,1.1520
D,DISPATCH,UNIT_SCADA,1,"2022/10/20 07:40:00",MAPS2PV1,0
D,DISPATCH,UNIT_SCADA,1,"2022/10/20 07:40:00",MAPS3PV1,0
D,DISPATCH,UNIT_SCADA,1,"2022/10/20 07:40:00",MARYRSF1,5.48
D,DISPATCH,UNIT_SCADA,1,"2022/10/20 07:40:00",MBPS2PV1,0
D,DISPATCH,UNIT_SCADA,1,"2022/10/20 07:40:00",MCKAY1,219.2550
D,DISPATCH,UNIT_SCADA,1,"2022/10/20 07:40:00",MEADOWBK,19.8631
D,DISPATCH,UNIT_SCADA,1,"2022/10/20 07:40:00",MERCER01,17.40
D,DISPATCH,UNIT_SCADA,1,"2022/10/20 07:40:00",METZSF1,19.617650
D,DISPATCH,UNIT_SCADA,1,"2022/10/20 07:40:00",MEWF1,0
D,DISPATCH,UNIT_SCADA,1,"2022/10/20 07:40:00",MIDDLSF1,6.40
D,DISPATCH,UNIT_SCADA,1,"2022/10/20 07:40:00",MINTARO,0.128180
D,DISPATCH,UNIT_SCADA,1,"2022/10/20 07:40:00",MOLNGSF1,0.882580
D,DISPATCH,UNIT_SCADA,1,"2022/10/20 07:40:00",MOORAWF1,16.22
D,DISPATCH,UNIT_SCADA,1,"2022/10/20 07:40:00",MOREESF1,2.98
D,DISPATCH,UNIT_SCADA,1,"2022/10/20 07:40:00",MORTLK11,0
D,DISPATCH,UNIT_SCADA,1,"2022/10/20 07:40:00",MORTLK12,0
D,DISPATCH,UNIT_SCADA,1,"2022/10/20 07:40:00",MOUSF1,0
D,DISPATCH,UNIT_SCADA,1,"2022/10/20 07:40:00",MP1,0
D,DISPATCH,UNIT_SCADA,1,"2022/10/20 07:40:00",MP2,431.415280
D,DISPATCH,UNIT_SCADA,1,"2022/10/20 07:40:00",MPP_1,177.5267
D,DISPATCH,UNIT_SCADA,1,"2022/10/20 07:40:00",MPP_2,0
D,DISPATCH,UNIT_SCADA,1,"2022/10/20 07:40:00",MRTLSWF1,0
D,DISPATCH,UNIT_SCADA,1,"2022/10/20 07:40:00",MSTUART1,0
D,DISPATCH,UNIT_SCADA,1,"2022/10/20 07:40:00",MSTUART2,0
D,DISPATCH,UNIT_SCADA,1,"2022/10/20 07:40:00",MSTUART3,0
D,DISPATCH,UNIT_SCADA,1,"2022/10/20 07:40:00",MTGELWF1,44.543290
D,DISPATCH,UNIT_SCADA,1,"2022/10/20 07:40:00",MTMILLAR,10
D,DISPATCH,UNIT_SCADA,1,"2022/10/20 07:40:00",MURRAY,0
D,DISPATCH,UNIT_SCADA,1,"2022/10/20 07:40:00",MUSSELR1,33.70
D,DISPATCH,UNIT_SCADA,1,"2022/10/20 07:40:00",MUWAWF1,167.30
D,DISPATCH,UNIT_SCADA,1,"2022/10/20 07:40:00",MUWAWF2,151.100010
D,DISPATCH,UNIT_SCADA,1,"2022/10/20 07:40:00",MWPS1PV1,0.04
D,DISPATCH,UNIT_SCADA,1,"2022/10/20 07:40:00",MWPS2PV1,0.34
D,DISPATCH,UNIT_SCADA,1,"2022/10/20 07:40:00",MWPS3PV1,0.19
D,DISPATCH,UNIT_SCADA,1,"2022/10/20 07:40:00",MWPS4PV1,0.29
D,DISPATCH,UNIT_SCADA,1,"2022/10/20 07:40:00",NBHWF1,88
D,DISPATCH,UNIT_SCADA,1,"2022/10/20 07:40:00",NEVERSF1,2.26
D,DISPATCH,UNIT_SCADA,1,"2022/10/20 07:40:00",NPS,0
D,DISPATCH,UNIT_SCADA,1,"2022/10/20 07:40:00",NUMURSF1,85.62
D,DISPATCH,UNIT_SCADA,1,"2022/10/20 07:40:00",NYNGAN1,2
D,DISPATCH,UNIT_SCADA,1,"2022/10/20 07:40:00",OAKEY1,0
D,DISPATCH,UNIT_SCADA,1,"2022/10/20 07:40:00",OAKEY1SF,4.17
D,DISPATCH,UNIT_SCADA,1,"2022/10/20 07:40:00",OAKEY2,0
D,DISPATCH,UNIT_SCADA,1,"2022/10/20 07:40:00",OAKEY2SF,7.88
D,DISPATCH,UNIT_SCADA,1,"2022/10/20 07:40:00",OAKLAND1,4.60
D,DISPATCH,UNIT_SCADA,1,"2022/10/20 07:40:00",OSB-AG,0
D,DISPATCH,UNIT_SCADA,1,"2022/10/20 07:40:00",PAREPS1,0.0660
D,DISPATCH,UNIT_SCADA,1,"2022/10/20 07:40:00",PAREPW1,96.12
D,DISPATCH,UNIT_SCADA,1,"2022/10/20 07:40:00",PARSF1,3.498890
D,DISPATCH,UNIT_SCADA,1,"2022/10/20 07:40:00",POAT110,0
D,DISPATCH,UNIT_SCADA,1,"2022/10/20 07:40:00",POAT220,0
D,DISPATCH,UNIT_SCADA,1,"2022/10/20 07:40:00",POR01,0
D,DISPATCH,UNIT_SCADA,1,"2022/10/20 07:40:00",POR03,0
D,DISPATCH,UNIT_SCADA,1,"2022/10/20 07:40:00",PPCCGT,172.209920
D,DISPATCH,UNIT_SCADA,1,"2022/10/20 07:40:00",PTSTAN1,0
D,DISPATCH,UNIT_SCADA,1,"2022/10/20 07:40:00",PUMP1,0
D,DISPATCH,UNIT_SCADA,1,"2022/10/20 07:40:00",PUMP2,0
D,DISPATCH,UNIT_SCADA,1,"2022/10/20 07:40:00",QBYNBG1,0.0005
D,DISPATCH,UNIT_SCADA,1,"2022/10/20 07:40:00",QBYNBL1,0
D,DISPATCH,UNIT_SCADA,1,"2022/10/20 07:40:00",QPS1,0
D,DISPATCH,UNIT_SCADA,1,"2022/10/20 07:40:00",QPS2,0
D,DISPATCH,UNIT_SCADA,1,"2022/10/20 07:40:00",QPS3,0
D,DISPATCH,UNIT_SCADA,1,"2022/10/20 07:40:00",QPS4,0
D,DISPATCH,UNIT_SCADA,1,"2022/10/20 07:40:00",QPS5,75.15
D,DISPATCH,UNIT_SCADA,1,"2022/10/20 07:40:00",REECE1,44.738430
D,DISPATCH,UNIT_SCADA,1,"2022/10/20 07:40:00",REECE2,33.54
D,DISPATCH,UNIT_SCADA,1,"2022/10/20 07:40:00",ROMA_7,0
D,DISPATCH,UNIT_SCADA,1,"2022/10/20 07:40:00",ROMA_8,0
D,DISPATCH,UNIT_SCADA,1,"2022/10/20 07:40:00",RRSF1,13.752430
D,DISPATCH,UNIT_SCADA,1,"2022/10/20 07:40:00",RT_NSW1,0
D,DISPATCH,UNIT_SCADA,1,"2022/10/20 07:40:00",RT_NSW2,0
D,DISPATCH,UNIT_SCADA,1,"2022/10/20 07:40:00",RT_NSW3,0
D,DISPATCH,UNIT_SCADA,1,"2022/10/20 07:40:00",RT_NSW4,0
D,DISPATCH,UNIT_SCADA,1,"2022/10/20 07:40:00",RT_NSW5,0
D,DISPATCH,UNIT_SCADA,1,"2022/10/20 07:40:00",RT_NSW6,0
D,DISPATCH,UNIT_SCADA,1,"2022/10/20 07:40:00",RT_QLD1,0
D,DISPATCH,UNIT_SCADA,1,"2022/10/20 07:40:00",RT_SA1,0
D,DISPATCH,UNIT_SCADA,1,"2022/10/20 07:40:00",RT_SA2,0
D,DISPATCH,UNIT_SCADA,1,"2022/10/20 07:40:00",RT_SA3,0
D,DISPATCH,UNIT_SCADA,1,"2022/10/20 07:40:00",RT_SA4,0
D,DISPATCH,UNIT_SCADA,1,"2022/10/20 07:40:00",RT_SA5,0
D,DISPATCH,UNIT_SCADA,1,"2022/10/20 07:40:00",RT_SA6,0
D,DISPATCH,UNIT_SCADA,1,"2022/10/20 07:40:00",RT_TAS1,0
D,DISPATCH,UNIT_SCADA,1,"2022/10/20 07:40:00",RT_VIC1,0
D,DISPATCH,UNIT_SCADA,1,"2022/10/20 07:40:00",RT_VIC10,0
D,DISPATCH,UNIT_SCADA,1,"2022/10/20 07:40:00",RT_VIC11,0
D,DISPATCH,UNIT_SCADA,1,"2022/10/20 07:40:00",RT_VIC12,0
D,DISPATCH,UNIT_SCADA,1,"2022/10/20 07:40:00",RT_VIC2,0
D,DISPATCH,UNIT_SCADA,1,"2022/10/20 07:40:00",RT_VIC3,0
D,DISPATCH,UNIT_SCADA,1,"2022/10/20 07:40:00",RT_VIC4,0
D,DISPATCH,UNIT_SCADA,1,"2022/10/20 07:40:00",RT_VIC5,0
D,DISPATCH,UNIT_SCADA,1,"2022/10/20 07:40:00",RT_VIC6,0
D,DISPATCH,UNIT_SCADA,1,"2022/10/20 07:40:00",RT_VIC7,0
D,DISPATCH,UNIT_SCADA,1,"2022/10/20 07:40:00",RT_VIC8,0
D,DISPATCH,UNIT_SCADA,1,"2022/10/20 07:40:00",RT_VIC9,0
D,DISPATCH,UNIT_SCADA,1,"2022/10/20 07:40:00",RUGBYR1,2.944640
D,DISPATCH,UNIT_SCADA,1,"2022/10/20 07:40:00",SALTCRK1,23.02
D,DISPATCH,UNIT_SCADA,1,"2022/10/20 07:40:00",SAPHWF1,104.321360
D,DISPATCH,UNIT_SCADA,1,"2022/10/20 07:40:00",SEBSF1,44.257630
D,DISPATCH,UNIT_SCADA,1,"2022/10/20 07:40:00",SHGEN,79.112530
D,DISPATCH,UNIT_SCADA,1,"2022/10/20 07:40:00",SHPUMP,0
D,DISPATCH,UNIT_SCADA,1,"2022/10/20 07:40:00",SITHE01,0.123710
D,DISPATCH,UNIT_SCADA,1,"2022/10/20 07:40:00",SMCSF1,18.6410
D,DISPATCH,UNIT_SCADA,1,"2022/10/20 07:40:00",SNAPPER1,0
D,DISPATCH,UNIT_SCADA,1,"2022/10/20 07:40:00",SNOWNTH1,136.600010
D,DISPATCH,UNIT_SCADA,1,"2022/10/20 07:40:00",SNOWSTH1,118
D,DISPATCH,UNIT_SCADA,1,"2022/10/20 07:40:00",SNOWTWN1,64.762840
D,DISPATCH,UNIT_SCADA,1,"2022/10/20 07:40:00",SNOWYP,0
D,DISPATCH,UNIT_SCADA,1,"2022/10/20 07:40:00",SNUG1,0
D,DISPATCH,UNIT_SCADA,1,"2022/10/20 07:40:00",SRSF1,1.59
D,DISPATCH,UNIT_SCADA,1,"2022/10/20 07:40:00",STAN-1,279.428040
D,DISPATCH,UNIT_SCADA,1,"2022/10/20 07:40:00",STAN-2,363.692260
D,DISPATCH,UNIT_SCADA,1,"2022/10/20 07:40:00",STAN-3,160.748030
D,DISPATCH,UNIT_SCADA,1,"2022/10/20 07:40:00",STAN-4,364.140870
D,DISPATCH,UNIT_SCADA,1,"2022/10/20 07:40:00",STARHLWF,4.698630
D,DISPATCH,UNIT_SCADA,1,"2022/10/20 07:40:00",STOCKYD1,182.62
D,DISPATCH,UNIT_SCADA,1,"2022/10/20 07:40:00",STWF1,39.809570
D,DISPATCH,UNIT_SCADA,1,"2022/10/20 07:40:00",SUNRSF1,5.983060
D,DISPATCH,UNIT_SCADA,1,"2022/10/20 07:40:00",SUNTPSF1,20.290230
D,DISPATCH,UNIT_SCADA,1,"2022/10/20 07:40:00",SWAN_E,208.963130
D,DISPATCH,UNIT_SCADA,1,"2022/10/20 07:40:00",TALWA1,0
D,DISPATCH,UNIT_SCADA,1,"2022/10/20 07:40:00",TARALGA1,0
D,DISPATCH,UNIT_SCADA,1,"2022/10/20 07:40:00",TARONG#1,349
D,DISPATCH,UNIT_SCADA,1,"2022/10/20 07:40:00",TARONG#2,348.50
D,DISPATCH,UNIT_SCADA,1,"2022/10/20 07:40:00",TARONG#3,0.90
D,DISPATCH,UNIT_SCADA,1,"2022/10/20 07:40:00",TARONG#4,295.300020
D,DISPATCH,UNIT_SCADA,1,"2022/10/20 07:40:00",TARRALEA,53.90
D,DISPATCH,UNIT_SCADA,1,"2022/10/20 07:40:00",TBSF1,14.20
D,DISPATCH,UNIT_SCADA,1,"2022/10/20 07:40:00",TNPS1,441.25
D,DISPATCH,UNIT_SCADA,1,"2022/10/20 07:40:00",TORRB1,0
D,DISPATCH,UNIT_SCADA,1,"2022/10/20 07:40:00",TORRB2,40
D,DISPATCH,UNIT_SCADA,1,"2022/10/20 07:40:00",TORRB3,0
D,DISPATCH,UNIT_SCADA,1,"2022/10/20 07:40:00",TORRB4,0
D,DISPATCH,UNIT_SCADA,1,"2022/10/20 07:40:00",TREVALLN,98.228560
D,DISPATCH,UNIT_SCADA,1,"2022/10/20 07:40:00",TRIBUTE,0
D,DISPATCH,UNIT_SCADA,1,"2022/10/20 07:40:00",TUMUT3,0
D,DISPATCH,UNIT_SCADA,1,"2022/10/20 07:40:00",TUNGATIN,4.350020
D,DISPATCH,UNIT_SCADA,1,"2022/10/20 07:40:00",TVCC201,0
D,DISPATCH,UNIT_SCADA,1,"2022/10/20 07:40:00",TVPP104,40.634880
D,DISPATCH,UNIT_SCADA,1,"2022/10/20 07:40:00",UPPTUMUT,49.519030
D,DISPATCH,UNIT_SCADA,1,"2022/10/20 07:40:00",URANQ11,0
D,DISPATCH,UNIT_SCADA,1,"2022/10/20 07:40:00",URANQ12,0
D,DISPATCH,UNIT_SCADA,1,"2022/10/20 07:40:00",URANQ13,0
D,DISPATCH,UNIT_SCADA,1,"2022/10/20 07:40:00",URANQ14,0
D,DISPATCH,UNIT_SCADA,1,"2022/10/20 07:40:00",VBBG1,0
D,DISPATCH,UNIT_SCADA,1,"2022/10/20 07:40:00",VBBL1,0.10
D,DISPATCH,UNIT_SCADA,1,"2022/10/20 07:40:00",VP5,547.5509
D,DISPATCH,UNIT_SCADA,1,"2022/10/20 07:40:00",VP6,547.624150
D,DISPATCH,UNIT_SCADA,1,"2022/10/20 07:40:00",VPGS1,0
D,DISPATCH,UNIT_SCADA,1,"2022/10/20 07:40:00",VPGS2,0
D,DISPATCH,UNIT_SCADA,1,"2022/10/20 07:40:00",VPGS3,0
D,DISPATCH,UNIT_SCADA,1,"2022/10/20 07:40:00",VPGS4,0
D,DISPATCH,UNIT_SCADA,1,"2022/10/20 07:40:00",VPGS5,0
D,DISPATCH,UNIT_SCADA,1,"2022/10/20 07:40:00",VPGS6,0
D,DISPATCH,UNIT_SCADA,1,"2022/10/20 07:40:00",W/HOE#1,0
D,DISPATCH,UNIT_SCADA,1,"2022/10/20 07:40:00",W/HOE#2,159.19
D,DISPATCH,UNIT_SCADA,1,"2022/10/20 07:40:00",WAGGNSF1,0
D,DISPATCH,UNIT_SCADA,1,"2022/10/20 07:40:00",WALGRVG1,0
D,DISPATCH,UNIT_SCADA,1,"2022/10/20 07:40:00",WALGRVL1,7.5069
D,DISPATCH,UNIT_SCADA,1,"2022/10/20 07:40:00",WANDBG1,0
D,DISPATCH,UNIT_SCADA,1,"2022/10/20 07:40:00",WANDBL1,0
D,DISPATCH,UNIT_SCADA,1,"2022/10/20 07:40:00",WARWSF1,11.08
D,DISPATCH,UNIT_SCADA,1,"2022/10/20 07:40:00",WARWSF2,10.70
D,DISPATCH,UNIT_SCADA,1,"2022/10/20 07:40:00",WATERLWF,63.20
D,DISPATCH,UNIT_SCADA,1,"2022/10/20 07:40:00",WDGPH1,3.0150
D,DISPATCH,UNIT_SCADA,1,"2022/10/20 07:40:00",WELLSF1,16.586560
D,DISPATCH,UNIT_SCADA,1,"2022/10/20 07:40:00",WEMENSF1,8.20
D,DISPATCH,UNIT_SCADA,1,"2022/10/20 07:40:00",WGWF1,118
D,DISPATCH,UNIT_SCADA,1,"2022/10/20 07:40:00",WHITSF1,9.10
D,DISPATCH,UNIT_SCADA,1,"2022/10/20 07:40:00",WINTSF1,68.88
D,DISPATCH,UNIT_SCADA,1,"2022/10/20 07:40:00",WKIEWA1,33.90
D,DISPATCH,UNIT_SCADA,1,"2022/10/20 07:40:00",WKIEWA2,34
D,DISPATCH,UNIT_SCADA,1,"2022/10/20 07:40:00",WOODLWN1,27.576110
D,DISPATCH,UNIT_SCADA,1,"2022/10/20 07:40:00",WOOLGSF1,8.348670
D,DISPATCH,UNIT_SCADA,1,"2022/10/20 07:40:00",WPWF,38.82
D,DISPATCH,UNIT_SCADA,1,"2022/10/20 07:40:00",WRSF1,1.440470
D,DISPATCH,UNIT_SCADA,1,"2022/10/20 07:40:00",WRWF1,20.735790
D,DISPATCH,UNIT_SCADA,1,"2022/10/20 07:40:00",WSTWYSF1,0
D,DISPATCH,UNIT_SCADA,1,"2022/10/20 07:40:00",YABULU,0
D,DISPATCH,UNIT_SCADA,1,"2022/10/20 07:40:00",YABULU2,0
D,DISPATCH,UNIT_SCADA,1,"2022/10/20 07:40:00",YARANSF1,18.40
D,DISPATCH,UNIT_SCADA,1,"2022/10/20 07:40:00",YARWUN_1,129.50
D,DISPATCH,UNIT_SCADA,1,"2022/10/20 07:40:00",YATSF1,21.08
D,DISPATCH,UNIT_SCADA,1,"2022/10/20 07:40:00",YENDWF1,16.64
D,DISPATCH,UNIT_SCADA,1,"2022/10/20 07:40:00",YWPS1,363.908870
D,DISPATCH,UNIT_SCADA,1,"2022/10/20 07:40:00",YWPS2,291.225310
D,DISPATCH,UNIT_SCADA,1,"2022/10/20 07:40:00",YWPS3,361.646850
D,DISPATCH,UNIT_SCADA,1,"2022/10/20 07:40:00",YWPS4,0
C,"END OF REPORT",419
