C,NEMP.WORLD,DISPATCHSCADA,AEMO,PUBLIC,2022/10/20,13:00:10,0000000373256224,DISPATCHSCADA,0000000373256218
I,DISPATCH,UNIT_SCADA,1,SETTLEMENTDATE,DUID,SCADAVALUE
D,DISPATCH,UNIT_SCADA,1,"2022/10/20 13:05:00",BARCSF1,11
D,DISPATCH,UNIT_SCADA,1,"2022/10/20 13:05:00",BUTLERSG,8.699999
D,DISPATCH,UNIT_SCADA,1,"2022/10/20 13:05:00",CAPTL_WF,45.613976
D,DISPATCH,UNIT_SCADA,1,"2022/10/20 13:05:00",CHALLHWF,4.50
D,DISPATCH,UNIT_SCADA,1,"2022/10/20 13:05:00",CLOVER,10.70
D,DISPATCH,UNIT_SCADA,1,"2022/10/20 13:05:00",CLUNY,5.176929
D,DISPATCH,UNIT_SCADA,1,"2022/10/20 13:05:00",CULLRGWF,-0.06
D,DISPATCH,UNIT_SCADA,1,"2022/10/20 13:05:00",DIAPURWF1,2.50
D,DISPATCH,UNIT_SCADA,1,"2022/10/20 13:05:00",ERGT01,0
D,DISPATCH,UNIT_SCADA,1,"2022/10/20 13:05:00",GB01,0
D,DISPATCH,UNIT_SCADA,1,"2022/10/20 13:05:00",GERMCRK,18.10
D,DISPATCH,UNIT_SCADA,1,"2022/10/20 13:05:00",GRIFSF1,8.598459
D,DISPATCH,UNIT_SCADA,1,"2022/10/20 13:05:00",HEZ1,0
D,DISPATCH,UNIT_SCADA,1,"2022/10/20 13:05:00",HUGSF1,9.544001
D,DISPATCH,UNIT_SCADA,1,"2022/10/20 13:05:00",KEPBG1,0.01
D,DISPATCH,UNIT_SCADA,1,"2022/10/20 13:05:00",LRSF1,2.7770
D,DISPATCH,UNIT_SCADA,1,"2022/10/20 13:05:00",MBAHNTH,45.731247
D,DISPATCH,UNIT_SCADA,1,"2022/10/20 13:05:00",MLSP1,3.709001
D,DISPATCH,UNIT_SCADA,1,"2022/10/20 13:05:00",MLWF1,2.94
D,DISPATCH,UNIT_SCADA,1,"2022/10/20 13:05:00",PALOONA,30.34
D,DISPATCH,UNIT_SCADA,1,"2022/10/20 13:05:00",PIONEER,41.299999
D,DISPATCH,UNIT_SCADA,1,"2022/10/20 13:05:00",PORTWF,96.300003
D,DISPATCH,UNIT_SCADA,1,"2022/10/20 13:05:00",REPULSE,9.574731
D,DISPATCH,UNIT_SCADA,1,"2022/10/20 13:05:00",ROWALLAN,9.0028
D,DISPATCH,UNIT_SCADA,1,"2022/10/20 13:05:00",ROYALLA1,8.677003
D,DISPATCH,UNIT_SCADA,1,"2022/10/20 13:05:00",RPCG,-1.80
D,DISPATCH,UNIT_SCADA,1,"2022/10/20 13:05:00",RUBICON,0
D,DISPATCH,UNIT_SCADA,1,"2022/10/20 13:05:00",WAUBRAWF,30.7120
D,DISPATCH,UNIT_SCADA,1,"2022/10/20 13:05:00",WOOLNTH1,56.07
D,DISPATCH,UNIT_SCADA,1,"2022/10/20 13:05:00",YAMBUKWF,7.60
D,DISPATCH,UNIT_SCADA,1,"2022/10/20 13:05:00",YSWF1,4.50
D,DISPATCH,UNIT_SCADA,1,"2022/10/20 13:05:00",ADPBA1G,0.0080
D,DISPATCH,UNIT_SCADA,1,"2022/10/20 13:05:00",ADPBA1L,0
D,DISPATCH,UNIT_SCADA,1,"2022/10/20 13:05:00",ADPPV1,8.7850
D,DISPATCH,UNIT_SCADA,1,"2022/10/20 13:05:00",AGLHAL,0
D,DISPATCH,UNIT_SCADA,1,"2022/10/20 13:05:00",AGLSOM,0
D,DISPATCH,UNIT_SCADA,1,"2022/10/20 13:05:00",ANGAST1,0
D,DISPATCH,UNIT_SCADA,1,"2022/10/20 13:05:00",ARWF1,13.70
D,DISPATCH,UNIT_SCADA,1,"2022/10/20 13:05:00",BALBG1,0
D,DISPATCH,UNIT_SCADA,1,"2022/10/20 13:05:00",BALBL1,0
D,DISPATCH,UNIT_SCADA,1,"2022/10/20 13:05:00",BALDHWF1,57.5510
D,DISPATCH,UNIT_SCADA,1,"2022/10/20 13:05:00",BANGOWF1,45.398640
D,DISPATCH,UNIT_SCADA,1,"2022/10/20 13:05:00",BANGOWF2,24.797660
D,DISPATCH,UNIT_SCADA,1,"2022/10/20 13:05:00",BANN1,17.02
D,DISPATCH,UNIT_SCADA,1,"2022/10/20 13:05:00",BARCALDN,0
D,DISPATCH,UNIT_SCADA,1,"2022/10/20 13:05:00",BARKIPS1,0
D,DISPATCH,UNIT_SCADA,1,"2022/10/20 13:05:00",BARRON-1,0
D,DISPATCH,UNIT_SCADA,1,"2022/10/20 13:05:00",BARRON-2,0
D,DISPATCH,UNIT_SCADA,1,"2022/10/20 13:05:00",BASTYAN,51.740010
D,DISPATCH,UNIT_SCADA,1,"2022/10/20 13:05:00",BBTHREE1,0
D,DISPATCH,UNIT_SCADA,1,"2022/10/20 13:05:00",BBTHREE2,21.28
D,DISPATCH,UNIT_SCADA,1,"2022/10/20 13:05:00",BBTHREE3,-1.03
D,DISPATCH,UNIT_SCADA,1,"2022/10/20 13:05:00",BDL01,0
D,DISPATCH,UNIT_SCADA,1,"2022/10/20 13:05:00",BDL02,0
D,DISPATCH,UNIT_SCADA,1,"2022/10/20 13:05:00",BERYLSF1,16.8504
D,DISPATCH,UNIT_SCADA,1,"2022/10/20 13:05:00",BLOWERNG,62.60
D,DISPATCH,UNIT_SCADA,1,"2022/10/20 13:05:00",BLUEGSF1,25.567230
D,DISPATCH,UNIT_SCADA,1,"2022/10/20 13:05:00",BLUFF1,7.40
D,DISPATCH,UNIT_SCADA,1,"2022/10/20 13:05:00",BNGSF1,43.06
D,DISPATCH,UNIT_SCADA,1,"2022/10/20 13:05:00",BNGSF2,45.53
D,DISPATCH,UNIT_SCADA,1,"2022/10/20 13:05:00",BOCORWF1,33.15
D,DISPATCH,UNIT_SCADA,1,"2022/10/20 13:05:00",BODWF1,55.412050
D,DISPATCH,UNIT_SCADA,1,"2022/10/20 13:05:00",BOMENSF1,27.431450
D,DISPATCH,UNIT_SCADA,1,"2022/10/20 13:05:00",BOWWBA1G,0.0010
D,DISPATCH,UNIT_SCADA,1,"2022/10/20 13:05:00",BOWWBA1L,0
D,DISPATCH,UNIT_SCADA,1,"2022/10/20 13:05:00",BOWWPV1,0
D,DISPATCH,UNIT_SCADA,1,"2022/10/20 13:05:00",BRAEMAR1,0
D,DISPATCH,UNIT_SCADA,1,"2022/10/20 13:05:00",BRAEMAR2,0
D,DISPATCH,UNIT_SCADA,1,"2022/10/20 13:05:00",BRAEMAR3,0
D,DISPATCH,UNIT_SCADA,1,"2022/10/20 13:05:00",BRAEMAR5,0.292060
D,DISPATCH,UNIT_SCADA,1,"2022/10/20 13:05:00",BRAEMAR6,0
D,DISPATCH,UNIT_SCADA,1,"2022/10/20 13:05:00",BRAEMAR7,0.130920
D,DISPATCH,UNIT_SCADA,1,"2022/10/20 13:05:00",BROKENH1,52.2992
D,DISPATCH,UNIT_SCADA,1,"2022/10/20 13:05:00",BRYB1WF1,118.266580
D,DISPATCH,UNIT_SCADA,1,"2022/10/20 13:05:00",BULBESG1,0
D,DISPATCH,UNIT_SCADA,1,"2022/10/20 13:05:00",BULBESL1,1.95
D,DISPATCH,UNIT_SCADA,1,"2022/10/20 13:05:00",BULGANA1,3.29
D,DISPATCH,UNIT_SCADA,1,"2022/10/20 13:05:00",BW01,658.347470
D,DISPATCH,UNIT_SCADA,1,"2022/10/20 13:05:00",BW02,620.016780
D,DISPATCH,UNIT_SCADA,1,"2022/10/20 13:05:00",BW03,494.013890
D,DISPATCH,UNIT_SCADA,1,"2022/10/20 13:05:00",BW04,0
D,DISPATCH,UNIT_SCADA,1,"2022/10/20 13:05:00",CALL_B_1,319.600010
D,DISPATCH,UNIT_SCADA,1,"2022/10/20 13:05:00",CALL_B_2,320.200010
D,DISPATCH,UNIT_SCADA,1,"2022/10/20 13:05:00",CATHROCK,3.70
D,DISPATCH,UNIT_SCADA,1,"2022/10/20 13:05:00",CBWWBA1G,0
D,DISPATCH,UNIT_SCADA,1,"2022/10/20 13:05:00",CBWWBA1L,0
D,DISPATCH,UNIT_SCADA,1,"2022/10/20 13:05:00",CETHANA,60.283630
D,DISPATCH,UNIT_SCADA,1,"2022/10/20 13:05:00",CG1,0
D,DISPATCH,UNIT_SCADA,1,"2022/10/20 13:05:00",CG2,0
D,DISPATCH,UNIT_SCADA,1,"2022/10/20 13:05:00",CG3,0
D,DISPATCH,UNIT_SCADA,1,"2022/10/20 13:05:00",CG4,0
D,DISPATCH,UNIT_SCADA,1,"2022/10/20 13:05:00",CHILDSF1,10.36
D,DISPATCH,UNIT_SCADA,1,"2022/10/20 13:05:00",CHYTWF1,7.94
D,DISPATCH,UNIT_SCADA,1,"2022/10/20 13:05:00",CLARESF1,21.9351
D,DISPATCH,UNIT_SCADA,1,"2022/10/20 13:05:00",CLEMGPWF,18.224860
D,DISPATCH,UNIT_SCADA,1,"2022/10/20 13:05:00",CLERMSF1,63.50
D,DISPATCH,UNIT_SCADA,1,"2022/10/20 13:05:00",CNUNDAWF,0
D,DISPATCH,UNIT_SCADA,1,"2022/10/20 13:05:00",COHUNSF1,0.06
D,DISPATCH,UNIT_SCADA,1,"2022/10/20 13:05:00",COLEASF1,18.398950
D,DISPATCH,UNIT_SCADA,1,"2022/10/20 13:05:00",COLUMSF1,18.1760
D,DISPATCH,UNIT_SCADA,1,"2022/10/20 13:05:00",COLWF01,91.706730
D,DISPATCH,UNIT_SCADA,1,"2022/10/20 13:05:00",COOPGWF1,106.59
D,DISPATCH,UNIT_SCADA,1,"2022/10/20 13:05:00",CPP_3,280.774990
D,DISPATCH,UNIT_SCADA,1,"2022/10/20 13:05:00",CPP_4,0
D,DISPATCH,UNIT_SCADA,1,"2022/10/20 13:05:00",CPSA,0
D,DISPATCH,UNIT_SCADA,1,"2022/10/20 13:05:00",CROOKWF2,32.8246
D,DISPATCH,UNIT_SCADA,1,"2022/10/20 13:05:00",CROWLWF1,8.293630
D,DISPATCH,UNIT_SCADA,1,"2022/10/20 13:05:00",CRURWF1,40.199970
D,DISPATCH,UNIT_SCADA,1,"2022/10/20 13:05:00",CRWASF1,15.921660
D,DISPATCH,UNIT_SCADA,1,"2022/10/20 13:05:00",CSPVPS1,40.6140
D,DISPATCH,UNIT_SCADA,1,"2022/10/20 13:05:00",CTHLWF1,0.003050
D,DISPATCH,UNIT_SCADA,1,"2022/10/20 13:05:00",DALNTH01,0
D,DISPATCH,UNIT_SCADA,1,"2022/10/20 13:05:00",DALNTHL1,0.071720
D,DISPATCH,UNIT_SCADA,1,"2022/10/20 13:05:00",DARLSF1,41.822110
D,DISPATCH,UNIT_SCADA,1,"2022/10/20 13:05:00",DARTM1,0
D,DISPATCH,UNIT_SCADA,1,"2022/10/20 13:05:00",DAYDSF1,104.9080
D,DISPATCH,UNIT_SCADA,1,"2022/10/20 13:05:00",DDPS1,0
D,DISPATCH,UNIT_SCADA,1,"2022/10/20 13:05:00",DDSF1,14.5367
D,DISPATCH,UNIT_SCADA,1,"2022/10/20 13:05:00",DEVILS_G,58.6346
D,DISPATCH,UNIT_SCADA,1,"2022/10/20 13:05:00",DG_NSW1,0
D,DISPATCH,UNIT_SCADA,1,"2022/10/20 13:05:00",DG_QLD1,0
D,DISPATCH,UNIT_SCADA,1,"2022/10/20 13:05:00",DG_SA1,0
D,DISPATCH,UNIT_SCADA,1,"2022/10/20 13:05:00",DG_TAS1,0
D,DISPATCH,UNIT_SCADA,1,"2022/10/20 13:05:00",DG_VIC1,0
D,DISPATCH,UNIT_SCADA,1,"2022/10/20 13:05:00",DRYCGT1,0
D,DISPATCH,UNIT_SCADA,1,"2022/10/20 13:05:00",DRYCGT2,0
D,DISPATCH,UNIT_SCADA,1,"2022/10/20 13:05:00",DRYCGT3,0
D,DISPATCH,UNIT_SCADA,1,"2022/10/20 13:05:00",DUNDWF1,61.70
D,DISPATCH,UNIT_SCADA,1,"2022/10/20 13:05:00",DUNDWF2,16.24
D,DISPATCH,UNIT_SCADA,1,"2022/10/20 13:05:00",DUNDWF3,49.68
D,DISPATCH,UNIT_SCADA,1,"2022/10/20 13:05:00",EILDON1,59.92
D,DISPATCH,UNIT_SCADA,1,"2022/10/20 13:05:00",EILDON2,60.08
D,DISPATCH,UNIT_SCADA,1,"2022/10/20 13:05:00",ELAINWF1,25.61
D,DISPATCH,UNIT_SCADA,1,"2022/10/20 13:05:00",EMERASF1,0
D,DISPATCH,UNIT_SCADA,1,"2022/10/20 13:05:00",ER01,0
D,DISPATCH,UNIT_SCADA,1,"2022/10/20 13:05:00",ER02,304.533450
D,DISPATCH,UNIT_SCADA,1,"2022/10/20 13:05:00",ER03,434.198520
D,DISPATCH,UNIT_SCADA,1,"2022/10/20 13:05:00",ER04,436.078430
D,DISPATCH,UNIT_SCADA,1,"2022/10/20 13:05:00",FINLYSF1,66.349280
D,DISPATCH,UNIT_SCADA,1,"2022/10/20 13:05:00",FISHER,44.05
D,DISPATCH,UNIT_SCADA,1,"2022/10/20 13:05:00",GANGARR1,50.3960
D,DISPATCH,UNIT_SCADA,1,"2022/10/20 13:05:00",GANNBG1,0
D,DISPATCH,UNIT_SCADA,1,"2022/10/20 13:05:00",GANNBL1,2.052230
D,DISPATCH,UNIT_SCADA,1,"2022/10/20 13:05:00",GANNSF1,22.90
D,DISPATCH,UNIT_SCADA,1,"2022/10/20 13:05:00",GLRWNSF1,0
D,DISPATCH,UNIT_SCADA,1,"2022/10/20 13:05:00",GNNDHSF1,90.6260
D,DISPATCH,UNIT_SCADA,1,"2022/10/20 13:05:00",GOONSF1,8.289920
D,DISPATCH,UNIT_SCADA,1,"2022/10/20 13:05:00",GORDON,190.782880
D,DISPATCH,UNIT_SCADA,1,"2022/10/20 13:05:00",GRANWF1,0
D,DISPATCH,UNIT_SCADA,1,"2022/10/20 13:05:00",GSTONE1,203.1750
D,DISPATCH,UNIT_SCADA,1,"2022/10/20 13:05:00",GSTONE2,0
D,DISPATCH,UNIT_SCADA,1,"2022/10/20 13:05:00",GSTONE3,200.20
D,DISPATCH,UNIT_SCADA,1,"2022/10/20 13:05:00",GSTONE4,0
D,DISPATCH,UNIT_SCADA,1,"2022/10/20 13:05:00",GSTONE5,187.774990
D,DISPATCH,UNIT_SCADA,1,"2022/10/20 13:05:00",GSTONE6,202.8250
D,DISPATCH,UNIT_SCADA,1,"2022/10/20 13:05:00",GULLRSF1,1.434980
D,DISPATCH,UNIT_SCADA,1,"2022/10/20 13:05:00",GULLRWF1,42.574350
D,DISPATCH,UNIT_SCADA,1,"2022/10/20 13:05:00",GULLRWF2,78.978740
D,DISPATCH,UNIT_SCADA,1,"2022/10/20 13:05:00",GUNNING1,0
D,DISPATCH,UNIT_SCADA,1,"2022/10/20 13:05:00",GUTHEGA,67.90
D,DISPATCH,UNIT_SCADA,1,"2022/10/20 13:05:00",HALLWF1,11.14
D,DISPATCH,UNIT_SCADA,1,"2022/10/20 13:05:00",HALLWF2,10.83
D,DISPATCH,UNIT_SCADA,1,"2022/10/20 13:05:00",HAMISF1,28.90
D,DISPATCH,UNIT_SCADA,1,"2022/10/20 13:05:00",HAUGHT11,20.980740
D,DISPATCH,UNIT_SCADA,1,"2022/10/20 13:05:00",HAYMSF1,28.0890
D,DISPATCH,UNIT_SCADA,1,"2022/10/20 13:05:00",HDWF1,14.80
D,DISPATCH,UNIT_SCADA,1,"2022/10/20 13:05:00",HDWF2,15.20
D,DISPATCH,UNIT_SCADA,1,"2022/10/20 13:05:00",HDWF3,13.30
D,DISPATCH,UNIT_SCADA,1,"2022/10/20 13:05:00",HILLSTN1,60.022790
D,DISPATCH,UNIT_SCADA,1,"2022/10/20 13:05:00",HPRG1,0
D,DISPATCH,UNIT_SCADA,1,"2022/10/20 13:05:00",HPRL1,31.50
D,DISPATCH,UNIT_SCADA,1,"2022/10/20 13:05:00",HUMENSW,54.549050
D,DISPATCH,UNIT_SCADA,1,"2022/10/20 13:05:00",HUMEV,0
D,DISPATCH,UNIT_SCADA,1,"2022/10/20 13:05:00",HVWWBA1G,0
D,DISPATCH,UNIT_SCADA,1,"2022/10/20 13:05:00",HVWWBA1L,0.0070
D,DISPATCH,UNIT_SCADA,1,"2022/10/20 13:05:00",HVWWPV1,4.7990
D,DISPATCH,UNIT_SCADA,1,"2022/10/20 13:05:00",JBUTTERS,0
D,DISPATCH,UNIT_SCADA,1,"2022/10/20 13:05:00",JEMALNG1,2.34
D,DISPATCH,UNIT_SCADA,1,"2022/10/20 13:05:00",JLA01,0
D,DISPATCH,UNIT_SCADA,1,"2022/10/20 13:05:00",JLA02,0
D,DISPATCH,UNIT_SCADA,1,"2022/10/20 13:05:00",JLA03,0
D,DISPATCH,UNIT_SCADA,1,"2022/10/20 13:05:00",JLA04,0
D,DISPATCH,UNIT_SCADA,1,"2022/10/20 13:05:00",JLB01,0
D,DISPATCH,UNIT_SCADA,1,"2022/10/20 13:05:00",JLB02,0.10
D,DISPATCH,UNIT_SCADA,1,"2022/10/20 13:05:00",JLB03,0
D,DISPATCH,UNIT_SCADA,1,"2022/10/20 13:05:00",JUNEESF1,8.466940
D,DISPATCH,UNIT_SCADA,1,"2022/10/20 13:05:00",KABANWF1,0
D,DISPATCH,UNIT_SCADA,1,"2022/10/20 13:05:00",KAREEYA1,0
D,DISPATCH,UNIT_SCADA,1,"2022/10/20 13:05:00",KAREEYA2,0
D,DISPATCH,UNIT_SCADA,1,"2022/10/20 13:05:00",KAREEYA3,5.0750
D,DISPATCH,UNIT_SCADA,1,"2022/10/20 13:05:00",KAREEYA4,0
D,DISPATCH,UNIT_SCADA,1,"2022/10/20 13:05:00",KARSF1,44.90
D,DISPATCH,UNIT_SCADA,1,"2022/10/20 13:05:00",KEPSF1,11.89
D,DISPATCH,UNIT_SCADA,1,"2022/10/20 13:05:00",KEPWF1,8.19
D,DISPATCH,UNIT_SCADA,1,"2022/10/20 13:05:00",KIAMSF1,41.561760
D,DISPATCH,UNIT_SCADA,1,"2022/10/20 13:05:00",KIATAWF1,11.90
D,DISPATCH,UNIT_SCADA,1,"2022/10/20 13:05:00",KPP_1,0
D,DISPATCH,UNIT_SCADA,1,"2022/10/20 13:05:00",KSP1,39.57
D,DISPATCH,UNIT_SCADA,1,"2022/10/20 13:05:00",LADBROK1,0.01
D,DISPATCH,UNIT_SCADA,1,"2022/10/20 13:05:00",LADBROK2,0.02
D,DISPATCH,UNIT_SCADA,1,"2022/10/20 13:05:00",LBBG1,0
D,DISPATCH,UNIT_SCADA,1,"2022/10/20 13:05:00",LBBL1,3
D,DISPATCH,UNIT_SCADA,1,"2022/10/20 13:05:00",LD01,284.279910
D,DISPATCH,UNIT_SCADA,1,"2022/10/20 13:05:00",LD02,0
D,DISPATCH,UNIT_SCADA,1,"2022/10/20 13:05:00",LD04,277.211820
D,DISPATCH,UNIT_SCADA,1,"2022/10/20 13:05:00",LEM_WIL,78.095970
D,DISPATCH,UNIT_SCADA,1,"2022/10/20 13:05:00",LGAPWF1,47.82
D,DISPATCH,UNIT_SCADA,1,"2022/10/20 13:05:00",LGAPWF2,34.98
D,DISPATCH,UNIT_SCADA,1,"2022/10/20 13:05:00",LILYSF1,60.817410
D,DISPATCH,UNIT_SCADA,1,"2022/10/20 13:05:00",LIMOSF11,62.737010
D,DISPATCH,UNIT_SCADA,1,"2022/10/20 13:05:00",LIMOSF21,5.404840
D,DISPATCH,UNIT_SCADA,1,"2022/10/20 13:05:00",LI_WY_CA,55.212450
D,DISPATCH,UNIT_SCADA,1,"2022/10/20 13:05:00",LKBONNY1,0
D,DISPATCH,UNIT_SCADA,1,"2022/10/20 13:05:00",LKBONNY2,14.976260
D,DISPATCH,UNIT_SCADA,1,"2022/10/20 13:05:00",LKBONNY3,2.288710
D,DISPATCH,UNIT_SCADA,1,"2022/10/20 13:05:00",LK_ECHO,0
D,DISPATCH,UNIT_SCADA,1,"2022/10/20 13:05:00",LNGS1,0
D,DISPATCH,UNIT_SCADA,1,"2022/10/20 13:05:00",LNGS2,0
D,DISPATCH,UNIT_SCADA,1,"2022/10/20 13:05:00",LONSDALE,0
D,DISPATCH,UNIT_SCADA,1,"2022/10/20 13:05:00",LOYYB1,454.131650
D,DISPATCH,UNIT_SCADA,1,"2022/10/20 13:05:00",LOYYB2,456.763310
D,DISPATCH,UNIT_SCADA,1,"2022/10/20 13:05:00",LYA1,382
D,DISPATCH,UNIT_SCADA,1,"2022/10/20 13:05:00",LYA2,0
D,DISPATCH,UNIT_SCADA,1,"2022/10/20 13:05:00",LYA3,372
D,DISPATCH,UNIT_SCADA,1,"2022/10/20 13:05:00",LYA4,375
D,DISPATCH,UNIT_SCADA,1,"2022/10/20 13:05:00",MACARTH1,58.898640
D,DISPATCH,UNIT_SCADA,1,"2022/10/20 13:05:00",MACKNTSH,0
D,DISPATCH,UNIT_SCADA,1,"2022/10/20 13:05:00",MANSLR1,39.1150
D,DISPATCH,UNIT_SCADA,1,"2022/10/20 13:05:00",MAPS2PV1,0
D,DISPATCH,UNIT_SCADA,1,"2022/10/20 13:05:00",MAPS3PV1,0
D,DISPATCH,UNIT_SCADA,1,"2022/10/20 13:05:00",MARYRSF1,14.52
D,DISPATCH,UNIT_SCADA,1,"2022/10/20 13:05:00",MBPS2PV1,0
D,DISPATCH,UNIT_SCADA,1,"2022/10/20 13:05:00",MCKAY1,0.02
D,DISPATCH,UNIT_SCADA,1,"2022/10/20 13:05:00",MEADOWBK,6.173280
D,DISPATCH,UNIT_SCADA,1,"2022/10/20 13:05:00",MERCER01,35.50
D,DISPATCH,UNIT_SCADA,1,"2022/10/20 13:05:00",METZSF1,21.612840
D,DISPATCH,UNIT_SCADA,1,"2022/10/20 13:05:00",MEWF1,15.8121
D,DISPATCH,UNIT_SCADA,1,"2022/10/20 13:05:00",MIDDLSF1,8.29
D,DISPATCH,UNIT_SCADA,1,"2022/10/20 13:05:00",MINTARO,0.128180
D,DISPATCH,UNIT_SCADA,1,"2022/10/20 13:05:00",MOLNGSF1,14.561990
D,DISPATCH,UNIT_SCADA,1,"2022/10/20 13:05:00",MOORAWF1,79.060010
D,DISPATCH,UNIT_SCADA,1,"2022/10/20 13:05:00",MOREESF1,51.9860
D,DISPATCH,UNIT_SCADA,1,"2022/10/20 13:05:00",MORTLK11,0
D,DISPATCH,UNIT_SCADA,1,"2022/10/20 13:05:00",MORTLK12,0
D,DISPATCH,UNIT_SCADA,1,"2022/10/20 13:05:00",MOUSF1,0
D,DISPATCH,UNIT_SCADA,1,"2022/10/20 13:05:00",MP1,0
D,DISPATCH,UNIT_SCADA,1,"2022/10/20 13:05:00",MP2,358.660250
D,DISPATCH,UNIT_SCADA,1,"2022/10/20 13:05:00",MPP_1,163.411850
D,DISPATCH,UNIT_SCADA,1,"2022/10/20 13:05:00",MPP_2,183.401540
D,DISPATCH,UNIT_SCADA,1,"2022/10/20 13:05:00",MRTLSWF1,0
D,DISPATCH,UNIT_SCADA,1,"2022/10/20 13:05:00",MSTUART1,0
D,DISPATCH,UNIT_SCADA,1,"2022/10/20 13:05:00",MSTUART2,0
D,DISPATCH,UNIT_SCADA,1,"2022/10/20 13:05:00",MSTUART3,0
D,DISPATCH,UNIT_SCADA,1,"2022/10/20 13:05:00",MTGELWF1,48.344370
D,DISPATCH,UNIT_SCADA,1,"2022/10/20 13:05:00",MTMILLAR,11.50
D,DISPATCH,UNIT_SCADA,1,"2022/10/20 13:05:00",MURRAY,0
D,DISPATCH,UNIT_SCADA,1,"2022/10/20 13:05:00",MUSSELR1,50.80
D,DISPATCH,UNIT_SCADA,1,"2022/10/20 13:05:00",MUWAWF1,68.55
D,DISPATCH,UNIT_SCADA,1,"2022/10/20 13:05:00",MUWAWF2,33.40
D,DISPATCH,UNIT_SCADA,1,"2022/10/20 13:05:00",MWPS1PV1,2.27
D,DISPATCH,UNIT_SCADA,1,"2022/10/20 13:05:00",MWPS2PV1,1.08
D,DISPATCH,UNIT_SCADA,1,"2022/10/20 13:05:00",MWPS3PV1,0.86
D,DISPATCH,UNIT_SCADA,1,"2022/10/20 13:05:00",MWPS4PV1,2.29
D,DISPATCH,UNIT_SCADA,1,"2022/10/20 13:05:00",NBHWF1,13.50
D,DISPATCH,UNIT_SCADA,1,"2022/10/20 13:05:00",NEVERSF1,67.92
D,DISPATCH,UNIT_SCADA,1,"2022/10/20 13:05:00",NPS,0
D,DISPATCH,UNIT_SCADA,1,"2022/10/20 13:05:00",NUMURSF1,87.02
D,DISPATCH,UNIT_SCADA,1,"2022/10/20 13:05:00",NYNGAN1,28.75
D,DISPATCH,UNIT_SCADA,1,"2022/10/20 13:05:00",OAKEY1,0
D,DISPATCH,UNIT_SCADA,1,"2022/10/20 13:05:00",OAKEY1SF,10.6430
D,DISPATCH,UNIT_SCADA,1,"2022/10/20 13:05:00",OAKEY2,0
D,DISPATCH,UNIT_SCADA,1,"2022/10/20 13:05:00",OAKEY2SF,20.69
D,DISPATCH,UNIT_SCADA,1,"2022/10/20 13:05:00",OAKLAND1,5.40
D,DISPATCH,UNIT_SCADA,1,"2022/10/20 13:05:00",OSB-AG,0
D,DISPATCH,UNIT_SCADA,1,"2022/10/20 13:05:00",PAREPS1,0.0660
D,DISPATCH,UNIT_SCADA,1,"2022/10/20 13:05:00",PAREPW1,37.78
D,DISPATCH,UNIT_SCADA,1,"2022/10/20 13:05:00",PARSF1,6.999310
D,DISPATCH,UNIT_SCADA,1,"2022/10/20 13:05:00",POAT110,0
D,DISPATCH,UNIT_SCADA,1,"2022/10/20 13:05:00",POAT220,0
D,DISPATCH,UNIT_SCADA,1,"2022/10/20 13:05:00",POR01,0
D,DISPATCH,UNIT_SCADA,1,"2022/10/20 13:05:00",POR03,0
D,DISPATCH,UNIT_SCADA,1,"2022/10/20 13:05:00",PPCCGT,0
D,DISPATCH,UNIT_SCADA,1,"2022/10/20 13:05:00",PTSTAN1,0
D,DISPATCH,UNIT_SCADA,1,"2022/10/20 13:05:00",PUMP1,0
D,DISPATCH,UNIT_SCADA,1,"2022/10/20 13:05:00",PUMP2,0
D,DISPATCH,UNIT_SCADA,1,"2022/10/20 13:05:00",QBYNBG1,0
D,DISPATCH,UNIT_SCADA,1,"2022/10/20 13:05:00",QBYNBL1,0.0305
D,DISPATCH,UNIT_SCADA,1,"2022/10/20 13:05:00",QPS1,0
D,DISPATCH,UNIT_SCADA,1,"2022/10/20 13:05:00",QPS2,0
D,DISPATCH,UNIT_SCADA,1,"2022/10/20 13:05:00",QPS3,0
D,DISPATCH,UNIT_SCADA,1,"2022/10/20 13:05:00",QPS4,0
D,DISPATCH,UNIT_SCADA,1,"2022/10/20 13:05:00",QPS5,78
D,DISPATCH,UNIT_SCADA,1,"2022/10/20 13:05:00",REECE1,0
D,DISPATCH,UNIT_SCADA,1,"2022/10/20 13:05:00",REECE2,0
D,DISPATCH,UNIT_SCADA,1,"2022/10/20 13:05:00",ROMA_7,0
D,DISPATCH,UNIT_SCADA,1,"2022/10/20 13:05:00",ROMA_8,0
D,DISPATCH,UNIT_SCADA,1,"2022/10/20 13:05:00",RRSF1,115.862370
D,DISPATCH,UNIT_SCADA,1,"2022/10/20 13:05:00",RT_NSW1,0
D,DISPATCH,UNIT_SCADA,1,"2022/10/20 13:05:00",RT_NSW2,0
D,DISPATCH,UNIT_SCADA,1,"2022/10/20 13:05:00",RT_NSW3,0
D,DISPATCH,UNIT_SCADA,1,"2022/10/20 13:05:00",RT_NSW4,0
D,DISPATCH,UNIT_SCADA,1,"2022/10/20 13:05:00",RT_NSW5,0
D,DISPATCH,UNIT_SCADA,1,"2022/10/20 13:05:00",RT_NSW6,0
D,DISPATCH,UNIT_SCADA,1,"2022/10/20 13:05:00",RT_QLD1,0
D,DISPATCH,UNIT_SCADA,1,"2022/10/20 13:05:00",RT_SA1,0
D,DISPATCH,UNIT_SCADA,1,"2022/10/20 13:05:00",RT_SA2,0
D,DISPATCH,UNIT_SCADA,1,"2022/10/20 13:05:00",RT_SA3,0
D,DISPATCH,UNIT_SCADA,1,"2022/10/20 13:05:00",RT_SA4,0
D,DISPATCH,UNIT_SCADA,1,"2022/10/20 13:05:00",RT_SA5,0
D,DISPATCH,UNIT_SCADA,1,"2022/10/20 13:05:00",RT_SA6,0
D,DISPATCH,UNIT_SCADA,1,"2022/10/20 13:05:00",RT_TAS1,0
D,DISPATCH,UNIT_SCADA,1,"2022/10/20 13:05:00",RT_VIC1,0
D,DISPATCH,UNIT_SCADA,1,"2022/10/20 13:05:00",RT_VIC10,0
D,DISPATCH,UNIT_SCADA,1,"2022/10/20 13:05:00",RT_VIC11,0
D,DISPATCH,UNIT_SCADA,1,"2022/10/20 13:05:00",RT_VIC12,0
D,DISPATCH,UNIT_SCADA,1,"2022/10/20 13:05:00",RT_VIC2,0
D,DISPATCH,UNIT_SCADA,1,"2022/10/20 13:05:00",RT_VIC3,0
D,DISPATCH,UNIT_SCADA,1,"2022/10/20 13:05:00",RT_VIC4,0
D,DISPATCH,UNIT_SCADA,1,"2022/10/20 13:05:00",RT_VIC5,0
D,DISPATCH,UNIT_SCADA,1,"2022/10/20 13:05:00",RT_VIC6,0
D,DISPATCH,UNIT_SCADA,1,"2022/10/20 13:05:00",RT_VIC7,0
D,DISPATCH,UNIT_SCADA,1,"2022/10/20 13:05:00",RT_VIC8,0
D,DISPATCH,UNIT_SCADA,1,"2022/10/20 13:05:00",RT_VIC9,0
D,DISPATCH,UNIT_SCADA,1,"2022/10/20 13:05:00",RUGBYR1,42.829820
D,DISPATCH,UNIT_SCADA,1,"2022/10/20 13:05:00",SALTCRK1,20.41
D,DISPATCH,UNIT_SCADA,1,"2022/10/20 13:05:00",SAPHWF1,0
D,DISPATCH,UNIT_SCADA,1,"2022/10/20 13:05:00",SEBSF1,28.735820
D,DISPATCH,UNIT_SCADA,1,"2022/10/20 13:05:00",SHGEN,0
D,DISPATCH,UNIT_SCADA,1,"2022/10/20 13:05:00",SHPUMP,0
D,DISPATCH,UNIT_SCADA,1,"2022/10/20 13:05:00",SITHE01,0.153860
D,DISPATCH,UNIT_SCADA,1,"2022/10/20 13:05:00",SMCSF1,51.2580
D,DISPATCH,UNIT_SCADA,1,"2022/10/20 13:05:00",SNAPPER1,0
D,DISPATCH,UNIT_SCADA,1,"2022/10/20 13:05:00",SNOWNTH1,56.70
D,DISPATCH,UNIT_SCADA,1,"2022/10/20 13:05:00",SNOWSTH1,26.30
D,DISPATCH,UNIT_SCADA,1,"2022/10/20 13:05:00",SNOWTWN1,14.010810
D,DISPATCH,UNIT_SCADA,1,"2022/10/20 13:05:00",SNOWYP,0
D,DISPATCH,UNIT_SCADA,1,"2022/10/20 13:05:00",SNUG1,0
D,DISPATCH,UNIT_SCADA,1,"2022/10/20 13:05:00",SRSF1,23.56
D,DISPATCH,UNIT_SCADA,1,"2022/10/20 13:05:00",STAN-1,279.851010
D,DISPATCH,UNIT_SCADA,1,"2022/10/20 13:05:00",STAN-2,359.270110
D,DISPATCH,UNIT_SCADA,1,"2022/10/20 13:05:00",STAN-3,159.440610
D,DISPATCH,UNIT_SCADA,1,"2022/10/20 13:05:00",STAN-4,363.128270
D,DISPATCH,UNIT_SCADA,1,"2022/10/20 13:05:00",STARHLWF,0.01
D,DISPATCH,UNIT_SCADA,1,"2022/10/20 13:05:00",STOCKYD1,71.93
D,DISPATCH,UNIT_SCADA,1,"2022/10/20 13:05:00",STWF1,0
D,DISPATCH,UNIT_SCADA,1,"2022/10/20 13:05:00",SUNRSF1,22.764930
D,DISPATCH,UNIT_SCADA,1,"2022/10/20 13:05:00",SUNTPSF1,28.416570
D,DISPATCH,UNIT_SCADA,1,"2022/10/20 13:05:00",SWAN_E,191.218750
D,DISPATCH,UNIT_SCADA,1,"2022/10/20 13:05:00",TALWA1,0
D,DISPATCH,UNIT_SCADA,1,"2022/10/20 13:05:00",TARALGA1,0
D,DISPATCH,UNIT_SCADA,1,"2022/10/20 13:05:00",TARONG#1,347.600010
D,DISPATCH,UNIT_SCADA,1,"2022/10/20 13:05:00",TARONG#2,346.399990
D,DISPATCH,UNIT_SCADA,1,"2022/10/20 13:05:00",TARONG#3,0.90
D,DISPATCH,UNIT_SCADA,1,"2022/10/20 13:05:00",TARONG#4,287.399990
D,DISPATCH,UNIT_SCADA,1,"2022/10/20 13:05:00",TARRALEA,54
D,DISPATCH,UNIT_SCADA,1,"2022/10/20 13:05:00",TBSF1,0.10
D,DISPATCH,UNIT_SCADA,1,"2022/10/20 13:05:00",TNPS1,321.062530
D,DISPATCH,UNIT_SCADA,1,"2022/10/20 13:05:00",TORRB1,0
D,DISPATCH,UNIT_SCADA,1,"2022/10/20 13:05:00",TORRB2,42
D,DISPATCH,UNIT_SCADA,1,"2022/10/20 13:05:00",TORRB3,0
D,DISPATCH,UNIT_SCADA,1,"2022/10/20 13:05:00",TORRB4,0
D,DISPATCH,UNIT_SCADA,1,"2022/10/20 13:05:00",TREVALLN,98.941450
D,DISPATCH,UNIT_SCADA,1,"2022/10/20 13:05:00",TRIBUTE,0
D,DISPATCH,UNIT_SCADA,1,"2022/10/20 13:05:00",TUMUT3,0
D,DISPATCH,UNIT_SCADA,1,"2022/10/20 13:05:00",TUNGATIN,4.660020
D,DISPATCH,UNIT_SCADA,1,"2022/10/20 13:05:00",TVCC201,0
D,DISPATCH,UNIT_SCADA,1,"2022/10/20 13:05:00",TVPP104,0
D,DISPATCH,UNIT_SCADA,1,"2022/10/20 13:05:00",UPPTUMUT,0
D,DISPATCH,UNIT_SCADA,1,"2022/10/20 13:05:00",URANQ11,0
D,DISPATCH,UNIT_SCADA,1,"2022/10/20 13:05:00",URANQ12,0
D,DISPATCH,UNIT_SCADA,1,"2022/10/20 13:05:00",URANQ13,0
D,DISPATCH,UNIT_SCADA,1,"2022/10/20 13:05:00",URANQ14,0
D,DISPATCH,UNIT_SCADA,1,"2022/10/20 13:05:00",VBBG1,0
D,DISPATCH,UNIT_SCADA,1,"2022/10/20 13:05:00",VBBL1,93
D,DISPATCH,UNIT_SCADA,1,"2022/10/20 13:05:00",VP5,544.474610
D,DISPATCH,UNIT_SCADA,1,"2022/10/20 13:05:00",VP6,542.423770
D,DISPATCH,UNIT_SCADA,1,"2022/10/20 13:05:00",VPGS1,0
D,DISPATCH,UNIT_SCADA,1,"2022/10/20 13:05:00",VPGS2,0
D,DISPATCH,UNIT_SCADA,1,"2022/10/20 13:05:00",VPGS3,0
D,DISPATCH,UNIT_SCADA,1,"2022/10/20 13:05:00",VPGS4,0
D,DISPATCH,UNIT_SCADA,1,"2022/10/20 13:05:00",VPGS5,0
D,DISPATCH,UNIT_SCADA,1,"2022/10/20 13:05:00",VPGS6,0
D,DISPATCH,UNIT_SCADA,1,"2022/10/20 13:05:00",W/HOE#1,0
D,DISPATCH,UNIT_SCADA,1,"2022/10/20 13:05:00",W/HOE#2,0
D,DISPATCH,UNIT_SCADA,1,"2022/10/20 13:05:00",WAGGNSF1,0
D,DISPATCH,UNIT_SCADA,1,"2022/10/20 13:05:00",WALGRVG1,0.000930
D,DISPATCH,UNIT_SCADA,1,"2022/10/20 13:05:00",WALGRVL1,0
D,DISPATCH,UNIT_SCADA,1,"2022/10/20 13:05:00",WANDBG1,0
D,DISPATCH,UNIT_SCADA,1,"2022/10/20 13:05:00",WANDBL1,49.956910
D,DISPATCH,UNIT_SCADA,1,"2022/10/20 13:05:00",WARWSF1,15.99
D,DISPATCH,UNIT_SCADA,1,"2022/10/20 13:05:00",WARWSF2,15.93
D,DISPATCH,UNIT_SCADA,1,"2022/10/20 13:05:00",WATERLWF,17.60
D,DISPATCH,UNIT_SCADA,1,"2022/10/20 13:05:00",WDGPH1,104.2150
D,DISPATCH,UNIT_SCADA,1,"2022/10/20 13:05:00",WELLSF1,23.001450
D,DISPATCH,UNIT_SCADA,1,"2022/10/20 13:05:00",WEMENSF1,67.20
D,DISPATCH,UNIT_SCADA,1,"2022/10/20 13:05:00",WGWF1,42.20
D,DISPATCH,UNIT_SCADA,1,"2022/10/20 13:05:00",WHITSF1,23.20
D,DISPATCH,UNIT_SCADA,1,"2022/10/20 13:05:00",WINTSF1,28.52
D,DISPATCH,UNIT_SCADA,1,"2022/10/20 13:05:00",WKIEWA1,32.10
D,DISPATCH,UNIT_SCADA,1,"2022/10/20 13:05:00",WKIEWA2,14.10
D,DISPATCH,UNIT_SCADA,1,"2022/10/20 13:05:00",WOODLWN1,18.048610
D,DISPATCH,UNIT_SCADA,1,"2022/10/20 13:05:00",WOOLGSF1,57.0921
D,DISPATCH,UNIT_SCADA,1,"2022/10/20 13:05:00",WPWF,34.86
D,DISPATCH,UNIT_SCADA,1,"2022/10/20 13:05:00",WRSF1,8.230230
D,DISPATCH,UNIT_SCADA,1,"2022/10/20 13:05:00",WRWF1,0
D,DISPATCH,UNIT_SCADA,1,"2022/10/20 13:05:00",WSTWYSF1,0.536540
D,DISPATCH,UNIT_SCADA,1,"2022/10/20 13:05:00",YABULU,0
D,DISPATCH,UNIT_SCADA,1,"2022/10/20 13:05:00",YABULU2,0
D,DISPATCH,UNIT_SCADA,1,"2022/10/20 13:05:00",YARANSF1,41.39
D,DISPATCH,UNIT_SCADA,1,"2022/10/20 13:05:00",YARWUN_1,161.319990
D,DISPATCH,UNIT_SCADA,1,"2022/10/20 13:05:00",YATSF1,35.94
D,DISPATCH,UNIT_SCADA,1,"2022/10/20 13:05:00",YENDWF1,45.81
D,DISPATCH,UNIT_SCADA,1,"2022/10/20 13:05:00",YWPS1,249.369610
D,DISPATCH,UNIT_SCADA,1,"2022/10/20 13:05:00",YWPS2,249.369610
D,DISPATCH,UNIT_SCADA,1,"2022/10/20 13:05:00",YWPS3,279.503780
D,DISPATCH,UNIT_SCADA,1,"2022/10/20 13:05:00",YWPS4,0
C,"END OF REPORT",419
