C,NEMP.WORLD,DISPATCHSCADA,AEMO,PUBLIC,2022/10/20,14:45:16,0000000373261667,DISPATCHSCADA,0000000373261661
I,DISPATCH,UNIT_SCADA,1,SETTLEMENTDATE,DUID,SCADAVALUE
D,DISPATCH,UNIT_SCADA,1,"2022/10/20 14:50:00",BARCSF1,1
D,DISPATCH,UNIT_SCADA,1,"2022/10/20 14:50:00",BUTLERSG,8.699999
D,DISPATCH,UNIT_SCADA,1,"2022/10/20 14:50:00",CAPTL_WF,71.954224
D,DISPATCH,UNIT_SCADA,1,"2022/10/20 14:50:00",CHALLHWF,9.50
D,DISPATCH,UNIT_SCADA,1,"2022/10/20 14:50:00",CLOVER,10.32
D,DISPATCH,UNIT_SCADA,1,"2022/10/20 14:50:00",CLUNY,6.186770
D,DISPATCH,UNIT_SCADA,1,"2022/10/20 14:50:00",CULLRGWF,-0.03
D,DISPATCH,UNIT_SCADA,1,"2022/10/20 14:50:00",DIAPURWF1,3.90
D,DISPATCH,UNIT_SCADA,1,"2022/10/20 14:50:00",ERGT01,0
D,DISPATCH,UNIT_SCADA,1,"2022/10/20 14:50:00",GB01,0
D,DISPATCH,UNIT_SCADA,1,"2022/10/20 14:50:00",GERMCRK,22.50
D,DISPATCH,UNIT_SCADA,1,"2022/10/20 14:50:00",GRIFSF1,5.699244
D,DISPATCH,UNIT_SCADA,1,"2022/10/20 14:50:00",HEZ1,0
D,DISPATCH,UNIT_SCADA,1,"2022/10/20 14:50:00",HUGSF1,6.8490
D,DISPATCH,UNIT_SCADA,1,"2022/10/20 14:50:00",KEPBG1,0
D,DISPATCH,UNIT_SCADA,1,"2022/10/20 14:50:00",LRSF1,13.370001
D,DISPATCH,UNIT_SCADA,1,"2022/10/20 14:50:00",MBAHNTH,43.068756
D,DISPATCH,UNIT_SCADA,1,"2022/10/20 14:50:00",MLSP1,1.039001
D,DISPATCH,UNIT_SCADA,1,"2022/10/20 14:50:00",MLWF1,5.0250
D,DISPATCH,UNIT_SCADA,1,"2022/10/20 14:50:00",PALOONA,30.299999
D,DISPATCH,UNIT_SCADA,1,"2022/10/20 14:50:00",PIONEER,42.600002
D,DISPATCH,UNIT_SCADA,1,"2022/10/20 14:50:00",PORTWF,50.299999
D,DISPATCH,UNIT_SCADA,1,"2022/10/20 14:50:00",REPULSE,9.499046
D,DISPATCH,UNIT_SCADA,1,"2022/10/20 14:50:00",ROWALLAN,8.9247
D,DISPATCH,UNIT_SCADA,1,"2022/10/20 14:50:00",ROYALLA1,3.801003
D,DISPATCH,UNIT_SCADA,1,"2022/10/20 14:50:00",RPCG,-1.80
D,DISPATCH,UNIT_SCADA,1,"2022/10/20 14:50:00",RUBICON,0
D,DISPATCH,UNIT_SCADA,1,"2022/10/20 14:50:00",WAUBRAWF,62.585999
D,DISPATCH,UNIT_SCADA,1,"2022/10/20 14:50:00",WOOLNTH1,97.479996
D,DISPATCH,UNIT_SCADA,1,"2022/10/20 14:50:00",YAMBUKWF,5.50
D,DISPATCH,UNIT_SCADA,1,"2022/10/20 14:50:00",YSWF1,1.40
D,DISPATCH,UNIT_SCADA,1,"2022/10/20 14:50:00",ADPBA1G,0.0080
D,DISPATCH,UNIT_SCADA,1,"2022/10/20 14:50:00",ADPBA1L,0
D,DISPATCH,UNIT_SCADA,1,"2022/10/20 14:50:00",ADPPV1,8.7640
D,DISPATCH,UNIT_SCADA,1,"2022/10/20 14:50:00",AGLHAL,15.7323
D,DISPATCH,UNIT_SCADA,1,"2022/10/20 14:50:00",AGLSOM,0
D,DISPATCH,UNIT_SCADA,1,"2022/10/20 14:50:00",ANGAST1,0
D,DISPATCH,UNIT_SCADA,1,"2022/10/20 14:50:00",ARWF1,8.70
D,DISPATCH,UNIT_SCADA,1,"2022/10/20 14:50:00",BALBG1,0
D,DISPATCH,UNIT_SCADA,1,"2022/10/20 14:50:00",BALBL1,0
D,DISPATCH,UNIT_SCADA,1,"2022/10/20 14:50:00",BALDHWF1,83.6380
D,DISPATCH,UNIT_SCADA,1,"2022/10/20 14:50:00",BANGOWF1,21.096510
D,DISPATCH,UNIT_SCADA,1,"2022/10/20 14:50:00",BANGOWF2,24.898830
D,DISPATCH,UNIT_SCADA,1,"2022/10/20 14:50:00",BANN1,29.78
D,DISPATCH,UNIT_SCADA,1,"2022/10/20 14:50:00",BARCALDN,0
D,DISPATCH,UNIT_SCADA,1,"2022/10/20 14:50:00",BARKIPS1,0
D,DISPATCH,UNIT_SCADA,1,"2022/10/20 14:50:00",BARRON-1,24.60
D,DISPATCH,UNIT_SCADA,1,"2022/10/20 14:50:00",BARRON-2,0
D,DISPATCH,UNIT_SCADA,1,"2022/10/20 14:50:00",BASTYAN,50.75
D,DISPATCH,UNIT_SCADA,1,"2022/10/20 14:50:00",BBTHREE1,0
D,DISPATCH,UNIT_SCADA,1,"2022/10/20 14:50:00",BBTHREE2,21.48
D,DISPATCH,UNIT_SCADA,1,"2022/10/20 14:50:00",BBTHREE3,-1.07
D,DISPATCH,UNIT_SCADA,1,"2022/10/20 14:50:00",BDL01,0
D,DISPATCH,UNIT_SCADA,1,"2022/10/20 14:50:00",BDL02,0
D,DISPATCH,UNIT_SCADA,1,"2022/10/20 14:50:00",BERYLSF1,0
D,DISPATCH,UNIT_SCADA,1,"2022/10/20 14:50:00",BLOWERNG,62.50
D,DISPATCH,UNIT_SCADA,1,"2022/10/20 14:50:00",BLUEGSF1,14.3447
D,DISPATCH,UNIT_SCADA,1,"2022/10/20 14:50:00",BLUFF1,0.40
D,DISPATCH,UNIT_SCADA,1,"2022/10/20 14:50:00",BNGSF1,18.06
D,DISPATCH,UNIT_SCADA,1,"2022/10/20 14:50:00",BNGSF2,16.36
D,DISPATCH,UNIT_SCADA,1,"2022/10/20 14:50:00",BOCORWF1,52.85
D,DISPATCH,UNIT_SCADA,1,"2022/10/20 14:50:00",BODWF1,53.580470
D,DISPATCH,UNIT_SCADA,1,"2022/10/20 14:50:00",BOMENSF1,25.409930
D,DISPATCH,UNIT_SCADA,1,"2022/10/20 14:50:00",BOWWBA1G,0
D,DISPATCH,UNIT_SCADA,1,"2022/10/20 14:50:00",BOWWBA1L,0.0010
D,DISPATCH,UNIT_SCADA,1,"2022/10/20 14:50:00",BOWWPV1,0
D,DISPATCH,UNIT_SCADA,1,"2022/10/20 14:50:00",BRAEMAR1,0
D,DISPATCH,UNIT_SCADA,1,"2022/10/20 14:50:00",BRAEMAR2,0
D,DISPATCH,UNIT_SCADA,1,"2022/10/20 14:50:00",BRAEMAR3,0
D,DISPATCH,UNIT_SCADA,1,"2022/10/20 14:50:00",BRAEMAR5,0.292060
D,DISPATCH,UNIT_SCADA,1,"2022/10/20 14:50:00",BRAEMAR6,0
D,DISPATCH,UNIT_SCADA,1,"2022/10/20 14:50:00",BRAEMAR7,87.879550
D,DISPATCH,UNIT_SCADA,1,"2022/10/20 14:50:00",BROKENH1,30.499530
D,DISPATCH,UNIT_SCADA,1,"2022/10/20 14:50:00",BRYB1WF1,85.258260
D,DISPATCH,UNIT_SCADA,1,"2022/10/20 14:50:00",BULBESG1,0
D,DISPATCH,UNIT_SCADA,1,"2022/10/20 14:50:00",BULBESL1,2.60
D,DISPATCH,UNIT_SCADA,1,"2022/10/20 14:50:00",BULGANA1,9.83
D,DISPATCH,UNIT_SCADA,1,"2022/10/20 14:50:00",BW01,654.001710
D,DISPATCH,UNIT_SCADA,1,"2022/10/20 14:50:00",BW02,615.085080
D,DISPATCH,UNIT_SCADA,1,"2022/10/20 14:50:00",BW03,543.453130
D,DISPATCH,UNIT_SCADA,1,"2022/10/20 14:50:00",BW04,0
D,DISPATCH,UNIT_SCADA,1,"2022/10/20 14:50:00",CALL_B_1,316.300020
D,DISPATCH,UNIT_SCADA,1,"2022/10/20 14:50:00",CALL_B_2,316.50
D,DISPATCH,UNIT_SCADA,1,"2022/10/20 14:50:00",CATHROCK,8.60
D,DISPATCH,UNIT_SCADA,1,"2022/10/20 14:50:00",CBWWBA1G,0
D,DISPATCH,UNIT_SCADA,1,"2022/10/20 14:50:00",CBWWBA1L,0
D,DISPATCH,UNIT_SCADA,1,"2022/10/20 14:50:00",CETHANA,82.3775
D,DISPATCH,UNIT_SCADA,1,"2022/10/20 14:50:00",CG1,0
D,DISPATCH,UNIT_SCADA,1,"2022/10/20 14:50:00",CG2,0
D,DISPATCH,UNIT_SCADA,1,"2022/10/20 14:50:00",CG3,0
D,DISPATCH,UNIT_SCADA,1,"2022/10/20 14:50:00",CG4,0
D,DISPATCH,UNIT_SCADA,1,"2022/10/20 14:50:00",CHILDSF1,5.37
D,DISPATCH,UNIT_SCADA,1,"2022/10/20 14:50:00",CHYTWF1,10.04
D,DISPATCH,UNIT_SCADA,1,"2022/10/20 14:50:00",CLARESF1,39.473150
D,DISPATCH,UNIT_SCADA,1,"2022/10/20 14:50:00",CLEMGPWF,0.432210
D,DISPATCH,UNIT_SCADA,1,"2022/10/20 14:50:00",CLERMSF1,71.25
D,DISPATCH,UNIT_SCADA,1,"2022/10/20 14:50:00",CNUNDAWF,6.807940
D,DISPATCH,UNIT_SCADA,1,"2022/10/20 14:50:00",COHUNSF1,10.14
D,DISPATCH,UNIT_SCADA,1,"2022/10/20 14:50:00",COLEASF1,31.102080
D,DISPATCH,UNIT_SCADA,1,"2022/10/20 14:50:00",COLUMSF1,16.5590
D,DISPATCH,UNIT_SCADA,1,"2022/10/20 14:50:00",COLWF01,124.074160
D,DISPATCH,UNIT_SCADA,1,"2022/10/20 14:50:00",COOPGWF1,222.259990
D,DISPATCH,UNIT_SCADA,1,"2022/10/20 14:50:00",CPP_3,359.149990
D,DISPATCH,UNIT_SCADA,1,"2022/10/20 14:50:00",CPP_4,0
D,DISPATCH,UNIT_SCADA,1,"2022/10/20 14:50:00",CPSA,0
D,DISPATCH,UNIT_SCADA,1,"2022/10/20 14:50:00",CROOKWF2,28.672920
D,DISPATCH,UNIT_SCADA,1,"2022/10/20 14:50:00",CROWLWF1,9.0921
D,DISPATCH,UNIT_SCADA,1,"2022/10/20 14:50:00",CRURWF1,17.999160
D,DISPATCH,UNIT_SCADA,1,"2022/10/20 14:50:00",CRWASF1,19.0976
D,DISPATCH,UNIT_SCADA,1,"2022/10/20 14:50:00",CSPVPS1,4.9010
D,DISPATCH,UNIT_SCADA,1,"2022/10/20 14:50:00",CTHLWF1,0.003050
D,DISPATCH,UNIT_SCADA,1,"2022/10/20 14:50:00",DALNTH01,0.010680
D,DISPATCH,UNIT_SCADA,1,"2022/10/20 14:50:00",DALNTHL1,0
D,DISPATCH,UNIT_SCADA,1,"2022/10/20 14:50:00",DARLSF1,65.886930
D,DISPATCH,UNIT_SCADA,1,"2022/10/20 14:50:00",DARTM1,0
D,DISPATCH,UNIT_SCADA,1,"2022/10/20 14:50:00",DAYDSF1,12.2830
D,DISPATCH,UNIT_SCADA,1,"2022/10/20 14:50:00",DDPS1,0
D,DISPATCH,UNIT_SCADA,1,"2022/10/20 14:50:00",DDSF1,23.9104
D,DISPATCH,UNIT_SCADA,1,"2022/10/20 14:50:00",DEVILS_G,59.8529
D,DISPATCH,UNIT_SCADA,1,"2022/10/20 14:50:00",DG_NSW1,0
D,DISPATCH,UNIT_SCADA,1,"2022/10/20 14:50:00",DG_QLD1,0
D,DISPATCH,UNIT_SCADA,1,"2022/10/20 14:50:00",DG_SA1,0
D,DISPATCH,UNIT_SCADA,1,"2022/10/20 14:50:00",DG_TAS1,0
D,DISPATCH,UNIT_SCADA,1,"2022/10/20 14:50:00",DG_VIC1,0
D,DISPATCH,UNIT_SCADA,1,"2022/10/20 14:50:00",DRYCGT1,0
D,DISPATCH,UNIT_SCADA,1,"2022/10/20 14:50:00",DRYCGT2,0
D,DISPATCH,UNIT_SCADA,1,"2022/10/20 14:50:00",DRYCGT3,0
D,DISPATCH,UNIT_SCADA,1,"2022/10/20 14:50:00",DUNDWF1,61.56
D,DISPATCH,UNIT_SCADA,1,"2022/10/20 14:50:00",DUNDWF2,18.10
D,DISPATCH,UNIT_SCADA,1,"2022/10/20 14:50:00",DUNDWF3,53.82
D,DISPATCH,UNIT_SCADA,1,"2022/10/20 14:50:00",EILDON1,60.36
D,DISPATCH,UNIT_SCADA,1,"2022/10/20 14:50:00",EILDON2,60.08
D,DISPATCH,UNIT_SCADA,1,"2022/10/20 14:50:00",ELAINWF1,19.11
D,DISPATCH,UNIT_SCADA,1,"2022/10/20 14:50:00",EMERASF1,0
D,DISPATCH,UNIT_SCADA,1,"2022/10/20 14:50:00",ER01,0
D,DISPATCH,UNIT_SCADA,1,"2022/10/20 14:50:00",ER02,554.122250
D,DISPATCH,UNIT_SCADA,1,"2022/10/20 14:50:00",ER03,552.901490
D,DISPATCH,UNIT_SCADA,1,"2022/10/20 14:50:00",ER04,552.510860
D,DISPATCH,UNIT_SCADA,1,"2022/10/20 14:50:00",FINLYSF1,128.844130
D,DISPATCH,UNIT_SCADA,1,"2022/10/20 14:50:00",FISHER,44.04
D,DISPATCH,UNIT_SCADA,1,"2022/10/20 14:50:00",GANGARR1,6.9060
D,DISPATCH,UNIT_SCADA,1,"2022/10/20 14:50:00",GANNBG1,0
D,DISPATCH,UNIT_SCADA,1,"2022/10/20 14:50:00",GANNBL1,5.6842
D,DISPATCH,UNIT_SCADA,1,"2022/10/20 14:50:00",GANNSF1,44.90
D,DISPATCH,UNIT_SCADA,1,"2022/10/20 14:50:00",GLRWNSF1,93.17
D,DISPATCH,UNIT_SCADA,1,"2022/10/20 14:50:00",GNNDHSF1,91.043950
D,DISPATCH,UNIT_SCADA,1,"2022/10/20 14:50:00",GOONSF1,33.3904
D,DISPATCH,UNIT_SCADA,1,"2022/10/20 14:50:00",GORDON,182.273040
D,DISPATCH,UNIT_SCADA,1,"2022/10/20 14:50:00",GRANWF1,0
D,DISPATCH,UNIT_SCADA,1,"2022/10/20 14:50:00",GSTONE1,200.20
D,DISPATCH,UNIT_SCADA,1,"2022/10/20 14:50:00",GSTONE2,0
D,DISPATCH,UNIT_SCADA,1,"2022/10/20 14:50:00",GSTONE3,200.024990
D,DISPATCH,UNIT_SCADA,1,"2022/10/20 14:50:00",GSTONE4,0
D,DISPATCH,UNIT_SCADA,1,"2022/10/20 14:50:00",GSTONE5,184.974990
D,DISPATCH,UNIT_SCADA,1,"2022/10/20 14:50:00",GSTONE6,200.3750
D,DISPATCH,UNIT_SCADA,1,"2022/10/20 14:50:00",GULLRSF1,1.404980
D,DISPATCH,UNIT_SCADA,1,"2022/10/20 14:50:00",GULLRWF1,75.383850
D,DISPATCH,UNIT_SCADA,1,"2022/10/20 14:50:00",GULLRWF2,74.154450
D,DISPATCH,UNIT_SCADA,1,"2022/10/20 14:50:00",GUNNING1,0
D,DISPATCH,UNIT_SCADA,1,"2022/10/20 14:50:00",GUTHEGA,61.20
D,DISPATCH,UNIT_SCADA,1,"2022/10/20 14:50:00",HALLWF1,0
D,DISPATCH,UNIT_SCADA,1,"2022/10/20 14:50:00",HALLWF2,0
D,DISPATCH,UNIT_SCADA,1,"2022/10/20 14:50:00",HAMISF1,4.60
D,DISPATCH,UNIT_SCADA,1,"2022/10/20 14:50:00",HAUGHT11,35.667970
D,DISPATCH,UNIT_SCADA,1,"2022/10/20 14:50:00",HAYMSF1,4.0320
D,DISPATCH,UNIT_SCADA,1,"2022/10/20 14:50:00",HDWF1,2.20
D,DISPATCH,UNIT_SCADA,1,"2022/10/20 14:50:00",HDWF2,2.50
D,DISPATCH,UNIT_SCADA,1,"2022/10/20 14:50:00",HDWF3,2.40
D,DISPATCH,UNIT_SCADA,1,"2022/10/20 14:50:00",HILLSTN1,18.715650
D,DISPATCH,UNIT_SCADA,1,"2022/10/20 14:50:00",HPRG1,0
D,DISPATCH,UNIT_SCADA,1,"2022/10/20 14:50:00",HPRL1,36
D,DISPATCH,UNIT_SCADA,1,"2022/10/20 14:50:00",HUMENSW,55.105850
D,DISPATCH,UNIT_SCADA,1,"2022/10/20 14:50:00",HUMEV,0
D,DISPATCH,UNIT_SCADA,1,"2022/10/20 14:50:00",HVWWBA1G,0
D,DISPATCH,UNIT_SCADA,1,"2022/10/20 14:50:00",HVWWBA1L,0.0070
D,DISPATCH,UNIT_SCADA,1,"2022/10/20 14:50:00",HVWWPV1,4.6630
D,DISPATCH,UNIT_SCADA,1,"2022/10/20 14:50:00",JBUTTERS,0
D,DISPATCH,UNIT_SCADA,1,"2022/10/20 14:50:00",JEMALNG1,41.08
D,DISPATCH,UNIT_SCADA,1,"2022/10/20 14:50:00",JLA01,0
D,DISPATCH,UNIT_SCADA,1,"2022/10/20 14:50:00",JLA02,0
D,DISPATCH,UNIT_SCADA,1,"2022/10/20 14:50:00",JLA03,0
D,DISPATCH,UNIT_SCADA,1,"2022/10/20 14:50:00",JLA04,0
D,DISPATCH,UNIT_SCADA,1,"2022/10/20 14:50:00",JLB01,0
D,DISPATCH,UNIT_SCADA,1,"2022/10/20 14:50:00",JLB02,0.10
D,DISPATCH,UNIT_SCADA,1,"2022/10/20 14:50:00",JLB03,0
D,DISPATCH,UNIT_SCADA,1,"2022/10/20 14:50:00",JUNEESF1,12.296190
D,DISPATCH,UNIT_SCADA,1,"2022/10/20 14:50:00",KABANWF1,2.9930
D,DISPATCH,UNIT_SCADA,1,"2022/10/20 14:50:00",KAREEYA1,0
D,DISPATCH,UNIT_SCADA,1,"2022/10/20 14:50:00",KAREEYA2,0
D,DISPATCH,UNIT_SCADA,1,"2022/10/20 14:50:00",KAREEYA3,4.6575
D,DISPATCH,UNIT_SCADA,1,"2022/10/20 14:50:00",KAREEYA4,0
D,DISPATCH,UNIT_SCADA,1,"2022/10/20 14:50:00",KARSF1,86.20
D,DISPATCH,UNIT_SCADA,1,"2022/10/20 14:50:00",KEPSF1,10.08
D,DISPATCH,UNIT_SCADA,1,"2022/10/20 14:50:00",KEPWF1,14.75
D,DISPATCH,UNIT_SCADA,1,"2022/10/20 14:50:00",KIAMSF1,22.953380
D,DISPATCH,UNIT_SCADA,1,"2022/10/20 14:50:00",KIATAWF1,17.10
D,DISPATCH,UNIT_SCADA,1,"2022/10/20 14:50:00",KPP_1,0
D,DISPATCH,UNIT_SCADA,1,"2022/10/20 14:50:00",KSP1,31.07
D,DISPATCH,UNIT_SCADA,1,"2022/10/20 14:50:00",LADBROK1,0.01
D,DISPATCH,UNIT_SCADA,1,"2022/10/20 14:50:00",LADBROK2,0.02
D,DISPATCH,UNIT_SCADA,1,"2022/10/20 14:50:00",LBBG1,0
D,DISPATCH,UNIT_SCADA,1,"2022/10/20 14:50:00",LBBL1,1.35
D,DISPATCH,UNIT_SCADA,1,"2022/10/20 14:50:00",LD01,277.047030
D,DISPATCH,UNIT_SCADA,1,"2022/10/20 14:50:00",LD02,17.340620
D,DISPATCH,UNIT_SCADA,1,"2022/10/20 14:50:00",LD04,269.887390
D,DISPATCH,UNIT_SCADA,1,"2022/10/20 14:50:00",LEM_WIL,78.483150
D,DISPATCH,UNIT_SCADA,1,"2022/10/20 14:50:00",LGAPWF1,53.45
D,DISPATCH,UNIT_SCADA,1,"2022/10/20 14:50:00",LGAPWF2,32.80
D,DISPATCH,UNIT_SCADA,1,"2022/10/20 14:50:00",LILYSF1,92.798970
D,DISPATCH,UNIT_SCADA,1,"2022/10/20 14:50:00",LIMOSF11,110.654610
D,DISPATCH,UNIT_SCADA,1,"2022/10/20 14:50:00",LIMOSF21,26.466620
D,DISPATCH,UNIT_SCADA,1,"2022/10/20 14:50:00",LI_WY_CA,62.256030
D,DISPATCH,UNIT_SCADA,1,"2022/10/20 14:50:00",LKBONNY1,0
D,DISPATCH,UNIT_SCADA,1,"2022/10/20 14:50:00",LKBONNY2,11.024060
D,DISPATCH,UNIT_SCADA,1,"2022/10/20 14:50:00",LKBONNY3,2.288710
D,DISPATCH,UNIT_SCADA,1,"2022/10/20 14:50:00",LK_ECHO,0
D,DISPATCH,UNIT_SCADA,1,"2022/10/20 14:50:00",LNGS1,0
D,DISPATCH,UNIT_SCADA,1,"2022/10/20 14:50:00",LNGS2,0
D,DISPATCH,UNIT_SCADA,1,"2022/10/20 14:50:00",LONSDALE,0
D,DISPATCH,UNIT_SCADA,1,"2022/10/20 14:50:00",LOYYB1,434.206330
D,DISPATCH,UNIT_SCADA,1,"2022/10/20 14:50:00",LOYYB2,434.582280
D,DISPATCH,UNIT_SCADA,1,"2022/10/20 14:50:00",LYA1,444
D,DISPATCH,UNIT_SCADA,1,"2022/10/20 14:50:00",LYA2,0
D,DISPATCH,UNIT_SCADA,1,"2022/10/20 14:50:00",LYA3,461
D,DISPATCH,UNIT_SCADA,1,"2022/10/20 14:50:00",LYA4,460
D,DISPATCH,UNIT_SCADA,1,"2022/10/20 14:50:00",MACARTH1,53.498760
D,DISPATCH,UNIT_SCADA,1,"2022/10/20 14:50:00",MACKNTSH,0
D,DISPATCH,UNIT_SCADA,1,"2022/10/20 14:50:00",MANSLR1,12.8340
D,DISPATCH,UNIT_SCADA,1,"2022/10/20 14:50:00",MAPS2PV1,0
D,DISPATCH,UNIT_SCADA,1,"2022/10/20 14:50:00",MAPS3PV1,0
D,DISPATCH,UNIT_SCADA,1,"2022/10/20 14:50:00",MARYRSF1,10.36
D,DISPATCH,UNIT_SCADA,1,"2022/10/20 14:50:00",MBPS2PV1,0
D,DISPATCH,UNIT_SCADA,1,"2022/10/20 14:50:00",MCKAY1,0.02
D,DISPATCH,UNIT_SCADA,1,"2022/10/20 14:50:00",MEADOWBK,6.1447
D,DISPATCH,UNIT_SCADA,1,"2022/10/20 14:50:00",MERCER01,24.90
D,DISPATCH,UNIT_SCADA,1,"2022/10/20 14:50:00",METZSF1,71.187340
D,DISPATCH,UNIT_SCADA,1,"2022/10/20 14:50:00",MEWF1,7.581180
D,DISPATCH,UNIT_SCADA,1,"2022/10/20 14:50:00",MIDDLSF1,21.70
D,DISPATCH,UNIT_SCADA,1,"2022/10/20 14:50:00",MINTARO,0.128180
D,DISPATCH,UNIT_SCADA,1,"2022/10/20 14:50:00",MOLNGSF1,9.503320
D,DISPATCH,UNIT_SCADA,1,"2022/10/20 14:50:00",MOORAWF1,35.73
D,DISPATCH,UNIT_SCADA,1,"2022/10/20 14:50:00",MOREESF1,7.3440
D,DISPATCH,UNIT_SCADA,1,"2022/10/20 14:50:00",MORTLK11,0
D,DISPATCH,UNIT_SCADA,1,"2022/10/20 14:50:00",MORTLK12,0
D,DISPATCH,UNIT_SCADA,1,"2022/10/20 14:50:00",MOUSF1,0
D,DISPATCH,UNIT_SCADA,1,"2022/10/20 14:50:00",MP1,0
D,DISPATCH,UNIT_SCADA,1,"2022/10/20 14:50:00",MP2,401.8494
D,DISPATCH,UNIT_SCADA,1,"2022/10/20 14:50:00",MPP_1,161.397610
D,DISPATCH,UNIT_SCADA,1,"2022/10/20 14:50:00",MPP_2,181.219450
D,DISPATCH,UNIT_SCADA,1,"2022/10/20 14:50:00",MRTLSWF1,0
D,DISPATCH,UNIT_SCADA,1,"2022/10/20 14:50:00",MSTUART1,0
D,DISPATCH,UNIT_SCADA,1,"2022/10/20 14:50:00",MSTUART2,0
D,DISPATCH,UNIT_SCADA,1,"2022/10/20 14:50:00",MSTUART3,0
D,DISPATCH,UNIT_SCADA,1,"2022/10/20 14:50:00",MTGELWF1,46.884060
D,DISPATCH,UNIT_SCADA,1,"2022/10/20 14:50:00",MTMILLAR,12
D,DISPATCH,UNIT_SCADA,1,"2022/10/20 14:50:00",MURRAY,0
D,DISPATCH,UNIT_SCADA,1,"2022/10/20 14:50:00",MUSSELR1,3.90
D,DISPATCH,UNIT_SCADA,1,"2022/10/20 14:50:00",MUWAWF1,67.86
D,DISPATCH,UNIT_SCADA,1,"2022/10/20 14:50:00",MUWAWF2,36.20
D,DISPATCH,UNIT_SCADA,1,"2022/10/20 14:50:00",MWPS1PV1,1.94
D,DISPATCH,UNIT_SCADA,1,"2022/10/20 14:50:00",MWPS2PV1,2.19
D,DISPATCH,UNIT_SCADA,1,"2022/10/20 14:50:00",MWPS3PV1,0.54
D,DISPATCH,UNIT_SCADA,1,"2022/10/20 14:50:00",MWPS4PV1,1.11
D,DISPATCH,UNIT_SCADA,1,"2022/10/20 14:50:00",NBHWF1,0
D,DISPATCH,UNIT_SCADA,1,"2022/10/20 14:50:00",NEVERSF1,0.88
D,DISPATCH,UNIT_SCADA,1,"2022/10/20 14:50:00",NPS,0
D,DISPATCH,UNIT_SCADA,1,"2022/10/20 14:50:00",NUMURSF1,74.86
D,DISPATCH,UNIT_SCADA,1,"2022/10/20 14:50:00",NYNGAN1,4
D,DISPATCH,UNIT_SCADA,1,"2022/10/20 14:50:00",OAKEY1,0
D,DISPATCH,UNIT_SCADA,1,"2022/10/20 14:50:00",OAKEY1SF,2.5180
D,DISPATCH,UNIT_SCADA,1,"2022/10/20 14:50:00",OAKEY2,0
D,DISPATCH,UNIT_SCADA,1,"2022/10/20 14:50:00",OAKEY2SF,4.22
D,DISPATCH,UNIT_SCADA,1,"2022/10/20 14:50:00",OAKLAND1,11.30
D,DISPATCH,UNIT_SCADA,1,"2022/10/20 14:50:00",OSB-AG,16.20
D,DISPATCH,UNIT_SCADA,1,"2022/10/20 14:50:00",PAREPS1,0
D,DISPATCH,UNIT_SCADA,1,"2022/10/20 14:50:00",PAREPW1,51.39
D,DISPATCH,UNIT_SCADA,1,"2022/10/20 14:50:00",PARSF1,24.9012
D,DISPATCH,UNIT_SCADA,1,"2022/10/20 14:50:00",POAT110,0
D,DISPATCH,UNIT_SCADA,1,"2022/10/20 14:50:00",POAT220,0
D,DISPATCH,UNIT_SCADA,1,"2022/10/20 14:50:00",POR01,0.008670
D,DISPATCH,UNIT_SCADA,1,"2022/10/20 14:50:00",POR03,0
D,DISPATCH,UNIT_SCADA,1,"2022/10/20 14:50:00",PPCCGT,154.090120
D,DISPATCH,UNIT_SCADA,1,"2022/10/20 14:50:00",PTSTAN1,0
D,DISPATCH,UNIT_SCADA,1,"2022/10/20 14:50:00",PUMP1,0
D,DISPATCH,UNIT_SCADA,1,"2022/10/20 14:50:00",PUMP2,0
D,DISPATCH,UNIT_SCADA,1,"2022/10/20 14:50:00",QBYNBG1,0
D,DISPATCH,UNIT_SCADA,1,"2022/10/20 14:50:00",QBYNBL1,0.0615
D,DISPATCH,UNIT_SCADA,1,"2022/10/20 14:50:00",QPS1,0
D,DISPATCH,UNIT_SCADA,1,"2022/10/20 14:50:00",QPS2,0
D,DISPATCH,UNIT_SCADA,1,"2022/10/20 14:50:00",QPS3,0
D,DISPATCH,UNIT_SCADA,1,"2022/10/20 14:50:00",QPS4,0
D,DISPATCH,UNIT_SCADA,1,"2022/10/20 14:50:00",QPS5,73.58
D,DISPATCH,UNIT_SCADA,1,"2022/10/20 14:50:00",REECE1,0
D,DISPATCH,UNIT_SCADA,1,"2022/10/20 14:50:00",REECE2,0
D,DISPATCH,UNIT_SCADA,1,"2022/10/20 14:50:00",ROMA_7,0
D,DISPATCH,UNIT_SCADA,1,"2022/10/20 14:50:00",ROMA_8,0
D,DISPATCH,UNIT_SCADA,1,"2022/10/20 14:50:00",RRSF1,14.854060
D,DISPATCH,UNIT_SCADA,1,"2022/10/20 14:50:00",RT_NSW1,0
D,DISPATCH,UNIT_SCADA,1,"2022/10/20 14:50:00",RT_NSW2,0
D,DISPATCH,UNIT_SCADA,1,"2022/10/20 14:50:00",RT_NSW3,0
D,DISPATCH,UNIT_SCADA,1,"2022/10/20 14:50:00",RT_NSW4,0
D,DISPATCH,UNIT_SCADA,1,"2022/10/20 14:50:00",RT_NSW5,0
D,DISPATCH,UNIT_SCADA,1,"2022/10/20 14:50:00",RT_NSW6,0
D,DISPATCH,UNIT_SCADA,1,"2022/10/20 14:50:00",RT_QLD1,0
D,DISPATCH,UNIT_SCADA,1,"2022/10/20 14:50:00",RT_SA1,0
D,DISPATCH,UNIT_SCADA,1,"2022/10/20 14:50:00",RT_SA2,0
D,DISPATCH,UNIT_SCADA,1,"2022/10/20 14:50:00",RT_SA3,0
D,DISPATCH,UNIT_SCADA,1,"2022/10/20 14:50:00",RT_SA4,0
D,DISPATCH,UNIT_SCADA,1,"2022/10/20 14:50:00",RT_SA5,0
D,DISPATCH,UNIT_SCADA,1,"2022/10/20 14:50:00",RT_SA6,0
D,DISPATCH,UNIT_SCADA,1,"2022/10/20 14:50:00",RT_TAS1,0
D,DISPATCH,UNIT_SCADA,1,"2022/10/20 14:50:00",RT_VIC1,0
D,DISPATCH,UNIT_SCADA,1,"2022/10/20 14:50:00",RT_VIC10,0
D,DISPATCH,UNIT_SCADA,1,"2022/10/20 14:50:00",RT_VIC11,0
D,DISPATCH,UNIT_SCADA,1,"2022/10/20 14:50:00",RT_VIC12,0
D,DISPATCH,UNIT_SCADA,1,"2022/10/20 14:50:00",RT_VIC2,0
D,DISPATCH,UNIT_SCADA,1,"2022/10/20 14:50:00",RT_VIC3,0
D,DISPATCH,UNIT_SCADA,1,"2022/10/20 14:50:00",RT_VIC4,0
D,DISPATCH,UNIT_SCADA,1,"2022/10/20 14:50:00",RT_VIC5,0
D,DISPATCH,UNIT_SCADA,1,"2022/10/20 14:50:00",RT_VIC6,0
D,DISPATCH,UNIT_SCADA,1,"2022/10/20 14:50:00",RT_VIC7,0
D,DISPATCH,UNIT_SCADA,1,"2022/10/20 14:50:00",RT_VIC8,0
D,DISPATCH,UNIT_SCADA,1,"2022/10/20 14:50:00",RT_VIC9,0
D,DISPATCH,UNIT_SCADA,1,"2022/10/20 14:50:00",RUGBYR1,26.609660
D,DISPATCH,UNIT_SCADA,1,"2022/10/20 14:50:00",SALTCRK1,16.37
D,DISPATCH,UNIT_SCADA,1,"2022/10/20 14:50:00",SAPHWF1,17.958340
D,DISPATCH,UNIT_SCADA,1,"2022/10/20 14:50:00",SEBSF1,15.238530
D,DISPATCH,UNIT_SCADA,1,"2022/10/20 14:50:00",SHGEN,0
D,DISPATCH,UNIT_SCADA,1,"2022/10/20 14:50:00",SHPUMP,0
D,DISPATCH,UNIT_SCADA,1,"2022/10/20 14:50:00",SITHE01,0.153860
D,DISPATCH,UNIT_SCADA,1,"2022/10/20 14:50:00",SMCSF1,23.9940
D,DISPATCH,UNIT_SCADA,1,"2022/10/20 14:50:00",SNAPPER1,0
D,DISPATCH,UNIT_SCADA,1,"2022/10/20 14:50:00",SNOWNTH1,32.30
D,DISPATCH,UNIT_SCADA,1,"2022/10/20 14:50:00",SNOWSTH1,21.10
D,DISPATCH,UNIT_SCADA,1,"2022/10/20 14:50:00",SNOWTWN1,19.491990
D,DISPATCH,UNIT_SCADA,1,"2022/10/20 14:50:00",SNOWYP,0
D,DISPATCH,UNIT_SCADA,1,"2022/10/20 14:50:00",SNUG1,0
D,DISPATCH,UNIT_SCADA,1,"2022/10/20 14:50:00",SRSF1,16.70
D,DISPATCH,UNIT_SCADA,1,"2022/10/20 14:50:00",STAN-1,336.762050
D,DISPATCH,UNIT_SCADA,1,"2022/10/20 14:50:00",STAN-2,346.401030
D,DISPATCH,UNIT_SCADA,1,"2022/10/20 14:50:00",STAN-3,155.710630
D,DISPATCH,UNIT_SCADA,1,"2022/10/20 14:50:00",STAN-4,346.785580
D,DISPATCH,UNIT_SCADA,1,"2022/10/20 14:50:00",STARHLWF,16.295250
D,DISPATCH,UNIT_SCADA,1,"2022/10/20 14:50:00",STOCKYD1,160.69
D,DISPATCH,UNIT_SCADA,1,"2022/10/20 14:50:00",STWF1,0
D,DISPATCH,UNIT_SCADA,1,"2022/10/20 14:50:00",SUNRSF1,65.548180
D,DISPATCH,UNIT_SCADA,1,"2022/10/20 14:50:00",SUNTPSF1,35.150070
D,DISPATCH,UNIT_SCADA,1,"2022/10/20 14:50:00",SWAN_E,191.617510
D,DISPATCH,UNIT_SCADA,1,"2022/10/20 14:50:00",TALWA1,0
D,DISPATCH,UNIT_SCADA,1,"2022/10/20 14:50:00",TARALGA1,0
D,DISPATCH,UNIT_SCADA,1,"2022/10/20 14:50:00",TARONG#1,343
D,DISPATCH,UNIT_SCADA,1,"2022/10/20 14:50:00",TARONG#2,342.600010
D,DISPATCH,UNIT_SCADA,1,"2022/10/20 14:50:00",TARONG#3,0.90
D,DISPATCH,UNIT_SCADA,1,"2022/10/20 14:50:00",TARONG#4,282.50
D,DISPATCH,UNIT_SCADA,1,"2022/10/20 14:50:00",TARRALEA,54
D,DISPATCH,UNIT_SCADA,1,"2022/10/20 14:50:00",TBSF1,0.10
D,DISPATCH,UNIT_SCADA,1,"2022/10/20 14:50:00",TNPS1,317.3125
D,DISPATCH,UNIT_SCADA,1,"2022/10/20 14:50:00",TORRB1,0
D,DISPATCH,UNIT_SCADA,1,"2022/10/20 14:50:00",TORRB2,40
D,DISPATCH,UNIT_SCADA,1,"2022/10/20 14:50:00",TORRB3,0
D,DISPATCH,UNIT_SCADA,1,"2022/10/20 14:50:00",TORRB4,0
D,DISPATCH,UNIT_SCADA,1,"2022/10/20 14:50:00",TREVALLN,100.575140
D,DISPATCH,UNIT_SCADA,1,"2022/10/20 14:50:00",TRIBUTE,0
D,DISPATCH,UNIT_SCADA,1,"2022/10/20 14:50:00",TUMUT3,0.55
D,DISPATCH,UNIT_SCADA,1,"2022/10/20 14:50:00",TUNGATIN,3.680020
D,DISPATCH,UNIT_SCADA,1,"2022/10/20 14:50:00",TVCC201,0
D,DISPATCH,UNIT_SCADA,1,"2022/10/20 14:50:00",TVPP104,0
D,DISPATCH,UNIT_SCADA,1,"2022/10/20 14:50:00",UPPTUMUT,0
D,DISPATCH,UNIT_SCADA,1,"2022/10/20 14:50:00",URANQ11,0
D,DISPATCH,UNIT_SCADA,1,"2022/10/20 14:50:00",URANQ12,0
D,DISPATCH,UNIT_SCADA,1,"2022/10/20 14:50:00",URANQ13,0
D,DISPATCH,UNIT_SCADA,1,"2022/10/20 14:50:00",URANQ14,0
D,DISPATCH,UNIT_SCADA,1,"2022/10/20 14:50:00",VBBG1,0
D,DISPATCH,UNIT_SCADA,1,"2022/10/20 14:50:00",VBBL1,47
D,DISPATCH,UNIT_SCADA,1,"2022/10/20 14:50:00",VP5,528.067870
D,DISPATCH,UNIT_SCADA,1,"2022/10/20 14:50:00",VP6,568.474370
D,DISPATCH,UNIT_SCADA,1,"2022/10/20 14:50:00",VPGS1,0
D,DISPATCH,UNIT_SCADA,1,"2022/10/20 14:50:00",VPGS2,0
D,DISPATCH,UNIT_SCADA,1,"2022/10/20 14:50:00",VPGS3,0
D,DISPATCH,UNIT_SCADA,1,"2022/10/20 14:50:00",VPGS4,0
D,DISPATCH,UNIT_SCADA,1,"2022/10/20 14:50:00",VPGS5,0
D,DISPATCH,UNIT_SCADA,1,"2022/10/20 14:50:00",VPGS6,0
D,DISPATCH,UNIT_SCADA,1,"2022/10/20 14:50:00",W/HOE#1,0
D,DISPATCH,UNIT_SCADA,1,"2022/10/20 14:50:00",W/HOE#2,0
D,DISPATCH,UNIT_SCADA,1,"2022/10/20 14:50:00",WAGGNSF1,0
D,DISPATCH,UNIT_SCADA,1,"2022/10/20 14:50:00",WALGRVG1,0
D,DISPATCH,UNIT_SCADA,1,"2022/10/20 14:50:00",WALGRVL1,0.466330
D,DISPATCH,UNIT_SCADA,1,"2022/10/20 14:50:00",WANDBG1,0
D,DISPATCH,UNIT_SCADA,1,"2022/10/20 14:50:00",WANDBL1,-0.207550
D,DISPATCH,UNIT_SCADA,1,"2022/10/20 14:50:00",WARWSF1,6.60
D,DISPATCH,UNIT_SCADA,1,"2022/10/20 14:50:00",WARWSF2,6.94
D,DISPATCH,UNIT_SCADA,1,"2022/10/20 14:50:00",WATERLWF,7.50
D,DISPATCH,UNIT_SCADA,1,"2022/10/20 14:50:00",WDGPH1,39.4870
D,DISPATCH,UNIT_SCADA,1,"2022/10/20 14:50:00",WELLSF1,12.381170
D,DISPATCH,UNIT_SCADA,1,"2022/10/20 14:50:00",WEMENSF1,42
D,DISPATCH,UNIT_SCADA,1,"2022/10/20 14:50:00",WGWF1,3.80
D,DISPATCH,UNIT_SCADA,1,"2022/10/20 14:50:00",WHITSF1,4.90
D,DISPATCH,UNIT_SCADA,1,"2022/10/20 14:50:00",WINTSF1,80.53
D,DISPATCH,UNIT_SCADA,1,"2022/10/20 14:50:00",WKIEWA1,31.70
D,DISPATCH,UNIT_SCADA,1,"2022/10/20 14:50:00",WKIEWA2,13.90
D,DISPATCH,UNIT_SCADA,1,"2022/10/20 14:50:00",WOODLWN1,19.507620
D,DISPATCH,UNIT_SCADA,1,"2022/10/20 14:50:00",WOOLGSF1,4.453120
D,DISPATCH,UNIT_SCADA,1,"2022/10/20 14:50:00",WPWF,39.68
D,DISPATCH,UNIT_SCADA,1,"2022/10/20 14:50:00",WRSF1,11.880250
D,DISPATCH,UNIT_SCADA,1,"2022/10/20 14:50:00",WRWF1,8.314950
D,DISPATCH,UNIT_SCADA,1,"2022/10/20 14:50:00",WSTWYSF1,0.779550
D,DISPATCH,UNIT_SCADA,1,"2022/10/20 14:50:00",YABULU,0
D,DISPATCH,UNIT_SCADA,1,"2022/10/20 14:50:00",YABULU2,0
D,DISPATCH,UNIT_SCADA,1,"2022/10/20 14:50:00",YARANSF1,29.07
D,DISPATCH,UNIT_SCADA,1,"2022/10/20 14:50:00",YARWUN_1,160
D,DISPATCH,UNIT_SCADA,1,"2022/10/20 14:50:00",YATSF1,17.35
D,DISPATCH,UNIT_SCADA,1,"2022/10/20 14:50:00",YENDWF1,26.22
D,DISPATCH,UNIT_SCADA,1,"2022/10/20 14:50:00",YWPS1,301.751890
D,DISPATCH,UNIT_SCADA,1,"2022/10/20 14:50:00",YWPS2,288.969640
D,DISPATCH,UNIT_SCADA,1,"2022/10/20 14:50:00",YWPS3,297.287350
D,DISPATCH,UNIT_SCADA,1,"2022/10/20 14:50:00",YWPS4,0
C,"END OF REPORT",419
