C,NEMP.WORLD,DISPATCHSCADA,AEMO,PUBLIC,2022/10/20,16:05:09,0000000373265825,DISPATCHSCADA,0000000373265819
I,DISPATCH,UNIT_SCADA,1,SETTLEMENTDATE,DUID,SCADAVALUE
D,DISPATCH,UNIT_SCADA,1,"2022/10/20 16:10:00",BARCSF1,3.20
D,DISPATCH,UNIT_SCADA,1,"2022/10/20 16:10:00",BUTLERSG,8.699999
D,DISPATCH,UNIT_SCADA,1,"2022/10/20 16:10:00",CAPTL_WF,84.083313
D,DISPATCH,UNIT_SCADA,1,"2022/10/20 16:10:00",CHALLHWF,15.50
D,DISPATCH,UNIT_SCADA,1,"2022/10/20 16:10:00",CLOVER,10.09
D,DISPATCH,UNIT_SCADA,1,"2022/10/20 16:10:00",CLUNY,6.181277
D,DISPATCH,UNIT_SCADA,1,"2022/10/20 16:10:00",CULLRGWF,-0.03
D,DISPATCH,UNIT_SCADA,1,"2022/10/20 16:10:00",DIAPURWF1,3.40
D,DISPATCH,UNIT_SCADA,1,"2022/10/20 16:10:00",ERGT01,0
D,DISPATCH,UNIT_SCADA,1,"2022/10/20 16:10:00",GB01,0
D,DISPATCH,UNIT_SCADA,1,"2022/10/20 16:10:00",GERMCRK,21.799999
D,DISPATCH,UNIT_SCADA,1,"2022/10/20 16:10:00",GRIFSF1,11.500725
D,DISPATCH,UNIT_SCADA,1,"2022/10/20 16:10:00",HEZ1,0
D,DISPATCH,UNIT_SCADA,1,"2022/10/20 16:10:00",HUGSF1,10.384001
D,DISPATCH,UNIT_SCADA,1,"2022/10/20 16:10:00",KEPBG1,0
D,DISPATCH,UNIT_SCADA,1,"2022/10/20 16:10:00",LRSF1,12.054001
D,DISPATCH,UNIT_SCADA,1,"2022/10/20 16:10:00",MBAHNTH,41.868744
D,DISPATCH,UNIT_SCADA,1,"2022/10/20 16:10:00",MLSP1,2.199001
D,DISPATCH,UNIT_SCADA,1,"2022/10/20 16:10:00",MLWF1,7.065001
D,DISPATCH,UNIT_SCADA,1,"2022/10/20 16:10:00",PALOONA,30.23
D,DISPATCH,UNIT_SCADA,1,"2022/10/20 16:10:00",PIONEER,34.299999
D,DISPATCH,UNIT_SCADA,1,"2022/10/20 16:10:00",PORTWF,37
D,DISPATCH,UNIT_SCADA,1,"2022/10/20 16:10:00",REPULSE,9.524681
D,DISPATCH,UNIT_SCADA,1,"2022/10/20 16:10:00",ROWALLAN,9.0312
D,DISPATCH,UNIT_SCADA,1,"2022/10/20 16:10:00",ROYALLA1,4.181003
D,DISPATCH,UNIT_SCADA,1,"2022/10/20 16:10:00",RPCG,-1.80
D,DISPATCH,UNIT_SCADA,1,"2022/10/20 16:10:00",RUBICON,0
D,DISPATCH,UNIT_SCADA,1,"2022/10/20 16:10:00",WAUBRAWF,59.275002
D,DISPATCH,UNIT_SCADA,1,"2022/10/20 16:10:00",WOOLNTH1,96.470001
D,DISPATCH,UNIT_SCADA,1,"2022/10/20 16:10:00",YAMBUKWF,3.80
D,DISPATCH,UNIT_SCADA,1,"2022/10/20 16:10:00",YSWF1,3
D,DISPATCH,UNIT_SCADA,1,"2022/10/20 16:10:00",ADPBA1G,0.0080
D,DISPATCH,UNIT_SCADA,1,"2022/10/20 16:10:00",ADPBA1L,0
D,DISPATCH,UNIT_SCADA,1,"2022/10/20 16:10:00",ADPPV1,8.7820
D,DISPATCH,UNIT_SCADA,1,"2022/10/20 16:10:00",AGLHAL,0
D,DISPATCH,UNIT_SCADA,1,"2022/10/20 16:10:00",AGLSOM,0
D,DISPATCH,UNIT_SCADA,1,"2022/10/20 16:10:00",ANGAST1,0
D,DISPATCH,UNIT_SCADA,1,"2022/10/20 16:10:00",ARWF1,39
D,DISPATCH,UNIT_SCADA,1,"2022/10/20 16:10:00",BALBG1,0
D,DISPATCH,UNIT_SCADA,1,"2022/10/20 16:10:00",BALBL1,0
D,DISPATCH,UNIT_SCADA,1,"2022/10/20 16:10:00",BALDHWF1,96.73
D,DISPATCH,UNIT_SCADA,1,"2022/10/20 16:10:00",BANGOWF1,80.697030
D,DISPATCH,UNIT_SCADA,1,"2022/10/20 16:10:00",BANGOWF2,55
D,DISPATCH,UNIT_SCADA,1,"2022/10/20 16:10:00",BANN1,49.76
D,DISPATCH,UNIT_SCADA,1,"2022/10/20 16:10:00",BARCALDN,0
D,DISPATCH,UNIT_SCADA,1,"2022/10/20 16:10:00",BARKIPS1,0
D,DISPATCH,UNIT_SCADA,1,"2022/10/20 16:10:00",BARRON-1,24.56
D,DISPATCH,UNIT_SCADA,1,"2022/10/20 16:10:00",BARRON-2,0
D,DISPATCH,UNIT_SCADA,1,"2022/10/20 16:10:00",BASTYAN,49.720010
D,DISPATCH,UNIT_SCADA,1,"2022/10/20 16:10:00",BBTHREE1,0
D,DISPATCH,UNIT_SCADA,1,"2022/10/20 16:10:00",BBTHREE2,0
D,DISPATCH,UNIT_SCADA,1,"2022/10/20 16:10:00",BBTHREE3,-1.07
D,DISPATCH,UNIT_SCADA,1,"2022/10/20 16:10:00",BDL01,0
D,DISPATCH,UNIT_SCADA,1,"2022/10/20 16:10:00",BDL02,0
D,DISPATCH,UNIT_SCADA,1,"2022/10/20 16:10:00",BERYLSF1,10.411860
D,DISPATCH,UNIT_SCADA,1,"2022/10/20 16:10:00",BLOWERNG,62.50
D,DISPATCH,UNIT_SCADA,1,"2022/10/20 16:10:00",BLUEGSF1,14.6775
D,DISPATCH,UNIT_SCADA,1,"2022/10/20 16:10:00",BLUFF1,0
D,DISPATCH,UNIT_SCADA,1,"2022/10/20 16:10:00",BNGSF1,32.49
D,DISPATCH,UNIT_SCADA,1,"2022/10/20 16:10:00",BNGSF2,66.77
D,DISPATCH,UNIT_SCADA,1,"2022/10/20 16:10:00",BOCORWF1,49.80
D,DISPATCH,UNIT_SCADA,1,"2022/10/20 16:10:00",BODWF1,90.119940
D,DISPATCH,UNIT_SCADA,1,"2022/10/20 16:10:00",BOMENSF1,46.090180
D,DISPATCH,UNIT_SCADA,1,"2022/10/20 16:10:00",BOWWBA1G,0
D,DISPATCH,UNIT_SCADA,1,"2022/10/20 16:10:00",BOWWBA1L,0
D,DISPATCH,UNIT_SCADA,1,"2022/10/20 16:10:00",BOWWPV1,0.0010
D,DISPATCH,UNIT_SCADA,1,"2022/10/20 16:10:00",BRAEMAR1,0
D,DISPATCH,UNIT_SCADA,1,"2022/10/20 16:10:00",BRAEMAR2,0
D,DISPATCH,UNIT_SCADA,1,"2022/10/20 16:10:00",BRAEMAR3,0
D,DISPATCH,UNIT_SCADA,1,"2022/10/20 16:10:00",BRAEMAR5,0.292060
D,DISPATCH,UNIT_SCADA,1,"2022/10/20 16:10:00",BRAEMAR6,0
D,DISPATCH,UNIT_SCADA,1,"2022/10/20 16:10:00",BRAEMAR7,137.459080
D,DISPATCH,UNIT_SCADA,1,"2022/10/20 16:10:00",BROKENH1,31.599520
D,DISPATCH,UNIT_SCADA,1,"2022/10/20 16:10:00",BRYB1WF1,81.1078
D,DISPATCH,UNIT_SCADA,1,"2022/10/20 16:10:00",BULBESG1,0
D,DISPATCH,UNIT_SCADA,1,"2022/10/20 16:10:00",BULBESL1,0.77
D,DISPATCH,UNIT_SCADA,1,"2022/10/20 16:10:00",BULGANA1,19.41
D,DISPATCH,UNIT_SCADA,1,"2022/10/20 16:10:00",BW01,651.609070
D,DISPATCH,UNIT_SCADA,1,"2022/10/20 16:10:00",BW02,614.157350
D,DISPATCH,UNIT_SCADA,1,"2022/10/20 16:10:00",BW03,455.243770
D,DISPATCH,UNIT_SCADA,1,"2022/10/20 16:10:00",BW04,0
D,DISPATCH,UNIT_SCADA,1,"2022/10/20 16:10:00",CALL_B_1,317
D,DISPATCH,UNIT_SCADA,1,"2022/10/20 16:10:00",CALL_B_2,313.300020
D,DISPATCH,UNIT_SCADA,1,"2022/10/20 16:10:00",CATHROCK,6.70
D,DISPATCH,UNIT_SCADA,1,"2022/10/20 16:10:00",CBWWBA1G,0
D,DISPATCH,UNIT_SCADA,1,"2022/10/20 16:10:00",CBWWBA1L,0
D,DISPATCH,UNIT_SCADA,1,"2022/10/20 16:10:00",CETHANA,97.7055
D,DISPATCH,UNIT_SCADA,1,"2022/10/20 16:10:00",CG1,0
D,DISPATCH,UNIT_SCADA,1,"2022/10/20 16:10:00",CG2,0
D,DISPATCH,UNIT_SCADA,1,"2022/10/20 16:10:00",CG3,0
D,DISPATCH,UNIT_SCADA,1,"2022/10/20 16:10:00",CG4,0
D,DISPATCH,UNIT_SCADA,1,"2022/10/20 16:10:00",CHILDSF1,5.87
D,DISPATCH,UNIT_SCADA,1,"2022/10/20 16:10:00",CHYTWF1,8.14
D,DISPATCH,UNIT_SCADA,1,"2022/10/20 16:10:00",CLARESF1,5.932030
D,DISPATCH,UNIT_SCADA,1,"2022/10/20 16:10:00",CLEMGPWF,7.635710
D,DISPATCH,UNIT_SCADA,1,"2022/10/20 16:10:00",CLERMSF1,57.92
D,DISPATCH,UNIT_SCADA,1,"2022/10/20 16:10:00",CNUNDAWF,9.310860
D,DISPATCH,UNIT_SCADA,1,"2022/10/20 16:10:00",COHUNSF1,15.42
D,DISPATCH,UNIT_SCADA,1,"2022/10/20 16:10:00",COLEASF1,61.898610
D,DISPATCH,UNIT_SCADA,1,"2022/10/20 16:10:00",COLUMSF1,2.6990
D,DISPATCH,UNIT_SCADA,1,"2022/10/20 16:10:00",COLWF01,73.324180
D,DISPATCH,UNIT_SCADA,1,"2022/10/20 16:10:00",COOPGWF1,198.259990
D,DISPATCH,UNIT_SCADA,1,"2022/10/20 16:10:00",CPP_3,366.850010
D,DISPATCH,UNIT_SCADA,1,"2022/10/20 16:10:00",CPP_4,0
D,DISPATCH,UNIT_SCADA,1,"2022/10/20 16:10:00",CPSA,0
D,DISPATCH,UNIT_SCADA,1,"2022/10/20 16:10:00",CROOKWF2,44.973220
D,DISPATCH,UNIT_SCADA,1,"2022/10/20 16:10:00",CROWLWF1,18.633730
D,DISPATCH,UNIT_SCADA,1,"2022/10/20 16:10:00",CRURWF1,39.797280
D,DISPATCH,UNIT_SCADA,1,"2022/10/20 16:10:00",CRWASF1,30.283780
D,DISPATCH,UNIT_SCADA,1,"2022/10/20 16:10:00",CSPVPS1,24.8280
D,DISPATCH,UNIT_SCADA,1,"2022/10/20 16:10:00",CTHLWF1,0.003050
D,DISPATCH,UNIT_SCADA,1,"2022/10/20 16:10:00",DALNTH01,0
D,DISPATCH,UNIT_SCADA,1,"2022/10/20 16:10:00",DALNTHL1,0.102240
D,DISPATCH,UNIT_SCADA,1,"2022/10/20 16:10:00",DARLSF1,67.133530
D,DISPATCH,UNIT_SCADA,1,"2022/10/20 16:10:00",DARTM1,0
D,DISPATCH,UNIT_SCADA,1,"2022/10/20 16:10:00",DAYDSF1,129.9420
D,DISPATCH,UNIT_SCADA,1,"2022/10/20 16:10:00",DDPS1,0
D,DISPATCH,UNIT_SCADA,1,"2022/10/20 16:10:00",DDSF1,19.683330
D,DISPATCH,UNIT_SCADA,1,"2022/10/20 16:10:00",DEVILS_G,58.785970
D,DISPATCH,UNIT_SCADA,1,"2022/10/20 16:10:00",DG_NSW1,0
D,DISPATCH,UNIT_SCADA,1,"2022/10/20 16:10:00",DG_QLD1,0
D,DISPATCH,UNIT_SCADA,1,"2022/10/20 16:10:00",DG_SA1,0
D,DISPATCH,UNIT_SCADA,1,"2022/10/20 16:10:00",DG_TAS1,0
D,DISPATCH,UNIT_SCADA,1,"2022/10/20 16:10:00",DG_VIC1,0
D,DISPATCH,UNIT_SCADA,1,"2022/10/20 16:10:00",DRYCGT1,0
D,DISPATCH,UNIT_SCADA,1,"2022/10/20 16:10:00",DRYCGT2,0
D,DISPATCH,UNIT_SCADA,1,"2022/10/20 16:10:00",DRYCGT3,0
D,DISPATCH,UNIT_SCADA,1,"2022/10/20 16:10:00",DUNDWF1,61.22
D,DISPATCH,UNIT_SCADA,1,"2022/10/20 16:10:00",DUNDWF2,15.73
D,DISPATCH,UNIT_SCADA,1,"2022/10/20 16:10:00",DUNDWF3,42.72
D,DISPATCH,UNIT_SCADA,1,"2022/10/20 16:10:00",EILDON1,59.68
D,DISPATCH,UNIT_SCADA,1,"2022/10/20 16:10:00",EILDON2,60.08
D,DISPATCH,UNIT_SCADA,1,"2022/10/20 16:10:00",ELAINWF1,25.90
D,DISPATCH,UNIT_SCADA,1,"2022/10/20 16:10:00",EMERASF1,0
D,DISPATCH,UNIT_SCADA,1,"2022/10/20 16:10:00",ER01,0
D,DISPATCH,UNIT_SCADA,1,"2022/10/20 16:10:00",ER02,656.687260
D,DISPATCH,UNIT_SCADA,1,"2022/10/20 16:10:00",ER03,629.391910
D,DISPATCH,UNIT_SCADA,1,"2022/10/20 16:10:00",ER04,663.523320
D,DISPATCH,UNIT_SCADA,1,"2022/10/20 16:10:00",FINLYSF1,32.114140
D,DISPATCH,UNIT_SCADA,1,"2022/10/20 16:10:00",FISHER,43.84
D,DISPATCH,UNIT_SCADA,1,"2022/10/20 16:10:00",GANGARR1,79.9360
D,DISPATCH,UNIT_SCADA,1,"2022/10/20 16:10:00",GANNBG1,0
D,DISPATCH,UNIT_SCADA,1,"2022/10/20 16:10:00",GANNBL1,0.981330
D,DISPATCH,UNIT_SCADA,1,"2022/10/20 16:10:00",GANNSF1,47.50
D,DISPATCH,UNIT_SCADA,1,"2022/10/20 16:10:00",GLRWNSF1,28.22
D,DISPATCH,UNIT_SCADA,1,"2022/10/20 16:10:00",GNNDHSF1,80.590290
D,DISPATCH,UNIT_SCADA,1,"2022/10/20 16:10:00",GOONSF1,52.067440
D,DISPATCH,UNIT_SCADA,1,"2022/10/20 16:10:00",GORDON,241.650850
D,DISPATCH,UNIT_SCADA,1,"2022/10/20 16:10:00",GRANWF1,0
D,DISPATCH,UNIT_SCADA,1,"2022/10/20 16:10:00",GSTONE1,199.6750
D,DISPATCH,UNIT_SCADA,1,"2022/10/20 16:10:00",GSTONE2,0
D,DISPATCH,UNIT_SCADA,1,"2022/10/20 16:10:00",GSTONE3,200.3750
D,DISPATCH,UNIT_SCADA,1,"2022/10/20 16:10:00",GSTONE4,0
D,DISPATCH,UNIT_SCADA,1,"2022/10/20 16:10:00",GSTONE5,199.3250
D,DISPATCH,UNIT_SCADA,1,"2022/10/20 16:10:00",GSTONE6,200.024990
D,DISPATCH,UNIT_SCADA,1,"2022/10/20 16:10:00",GULLRSF1,0.464990
D,DISPATCH,UNIT_SCADA,1,"2022/10/20 16:10:00",GULLRWF1,73.593880
D,DISPATCH,UNIT_SCADA,1,"2022/10/20 16:10:00",GULLRWF2,68.885820
D,DISPATCH,UNIT_SCADA,1,"2022/10/20 16:10:00",GUNNING1,0
D,DISPATCH,UNIT_SCADA,1,"2022/10/20 16:10:00",GUTHEGA,66.50
D,DISPATCH,UNIT_SCADA,1,"2022/10/20 16:10:00",HALLWF1,0
D,DISPATCH,UNIT_SCADA,1,"2022/10/20 16:10:00",HALLWF2,0
D,DISPATCH,UNIT_SCADA,1,"2022/10/20 16:10:00",HAMISF1,45.70
D,DISPATCH,UNIT_SCADA,1,"2022/10/20 16:10:00",HAUGHT11,2.091140
D,DISPATCH,UNIT_SCADA,1,"2022/10/20 16:10:00",HAYMSF1,43.4250
D,DISPATCH,UNIT_SCADA,1,"2022/10/20 16:10:00",HDWF1,7.50
D,DISPATCH,UNIT_SCADA,1,"2022/10/20 16:10:00",HDWF2,14
D,DISPATCH,UNIT_SCADA,1,"2022/10/20 16:10:00",HDWF3,13.90
D,DISPATCH,UNIT_SCADA,1,"2022/10/20 16:10:00",HILLSTN1,0.5743
D,DISPATCH,UNIT_SCADA,1,"2022/10/20 16:10:00",HPRG1,0
D,DISPATCH,UNIT_SCADA,1,"2022/10/20 16:10:00",HPRL1,26.70
D,DISPATCH,UNIT_SCADA,1,"2022/10/20 16:10:00",HUMENSW,55.428850
D,DISPATCH,UNIT_SCADA,1,"2022/10/20 16:10:00",HUMEV,0
D,DISPATCH,UNIT_SCADA,1,"2022/10/20 16:10:00",HVWWBA1G,0
D,DISPATCH,UNIT_SCADA,1,"2022/10/20 16:10:00",HVWWBA1L,0.0070
D,DISPATCH,UNIT_SCADA,1,"2022/10/20 16:10:00",HVWWPV1,4.64
D,DISPATCH,UNIT_SCADA,1,"2022/10/20 16:10:00",JBUTTERS,0
D,DISPATCH,UNIT_SCADA,1,"2022/10/20 16:10:00",JEMALNG1,13.10
D,DISPATCH,UNIT_SCADA,1,"2022/10/20 16:10:00",JLA01,0
D,DISPATCH,UNIT_SCADA,1,"2022/10/20 16:10:00",JLA02,0
D,DISPATCH,UNIT_SCADA,1,"2022/10/20 16:10:00",JLA03,0
D,DISPATCH,UNIT_SCADA,1,"2022/10/20 16:10:00",JLA04,0
D,DISPATCH,UNIT_SCADA,1,"2022/10/20 16:10:00",JLB01,0
D,DISPATCH,UNIT_SCADA,1,"2022/10/20 16:10:00",JLB02,0.10
D,DISPATCH,UNIT_SCADA,1,"2022/10/20 16:10:00",JLB03,0
D,DISPATCH,UNIT_SCADA,1,"2022/10/20 16:10:00",JUNEESF1,6.009340
D,DISPATCH,UNIT_SCADA,1,"2022/10/20 16:10:00",KABANWF1,1.0820
D,DISPATCH,UNIT_SCADA,1,"2022/10/20 16:10:00",KAREEYA1,17.76
D,DISPATCH,UNIT_SCADA,1,"2022/10/20 16:10:00",KAREEYA2,0
D,DISPATCH,UNIT_SCADA,1,"2022/10/20 16:10:00",KAREEYA3,21.30
D,DISPATCH,UNIT_SCADA,1,"2022/10/20 16:10:00",KAREEYA4,0
D,DISPATCH,UNIT_SCADA,1,"2022/10/20 16:10:00",KARSF1,40.10
D,DISPATCH,UNIT_SCADA,1,"2022/10/20 16:10:00",KEPSF1,0.50
D,DISPATCH,UNIT_SCADA,1,"2022/10/20 16:10:00",KEPWF1,24.81
D,DISPATCH,UNIT_SCADA,1,"2022/10/20 16:10:00",KIAMSF1,44.140540
D,DISPATCH,UNIT_SCADA,1,"2022/10/20 16:10:00",KIATAWF1,4.10
D,DISPATCH,UNIT_SCADA,1,"2022/10/20 16:10:00",KPP_1,0
D,DISPATCH,UNIT_SCADA,1,"2022/10/20 16:10:00",KSP1,11.34
D,DISPATCH,UNIT_SCADA,1,"2022/10/20 16:10:00",LADBROK1,0.01
D,DISPATCH,UNIT_SCADA,1,"2022/10/20 16:10:00",LADBROK2,0.02
D,DISPATCH,UNIT_SCADA,1,"2022/10/20 16:10:00",LBBG1,0
D,DISPATCH,UNIT_SCADA,1,"2022/10/20 16:10:00",LBBL1,0.30
D,DISPATCH,UNIT_SCADA,1,"2022/10/20 16:10:00",LD01,286.5322
D,DISPATCH,UNIT_SCADA,1,"2022/10/20 16:10:00",LD02,29.956970
D,DISPATCH,UNIT_SCADA,1,"2022/10/20 16:10:00",LD04,286.0744
D,DISPATCH,UNIT_SCADA,1,"2022/10/20 16:10:00",LEM_WIL,86.616780
D,DISPATCH,UNIT_SCADA,1,"2022/10/20 16:10:00",LGAPWF1,57.29
D,DISPATCH,UNIT_SCADA,1,"2022/10/20 16:10:00",LGAPWF2,37.43
D,DISPATCH,UNIT_SCADA,1,"2022/10/20 16:10:00",LILYSF1,58.195960
D,DISPATCH,UNIT_SCADA,1,"2022/10/20 16:10:00",LIMOSF11,139.155410
D,DISPATCH,UNIT_SCADA,1,"2022/10/20 16:10:00",LIMOSF21,10.5716
D,DISPATCH,UNIT_SCADA,1,"2022/10/20 16:10:00",LI_WY_CA,62.206290
D,DISPATCH,UNIT_SCADA,1,"2022/10/20 16:10:00",LKBONNY1,0
D,DISPATCH,UNIT_SCADA,1,"2022/10/20 16:10:00",LKBONNY2,10.281460
D,DISPATCH,UNIT_SCADA,1,"2022/10/20 16:10:00",LKBONNY3,4.2983
D,DISPATCH,UNIT_SCADA,1,"2022/10/20 16:10:00",LK_ECHO,0
D,DISPATCH,UNIT_SCADA,1,"2022/10/20 16:10:00",LNGS1,0
D,DISPATCH,UNIT_SCADA,1,"2022/10/20 16:10:00",LNGS2,0
D,DISPATCH,UNIT_SCADA,1,"2022/10/20 16:10:00",LONSDALE,0
D,DISPATCH,UNIT_SCADA,1,"2022/10/20 16:10:00",LOYYB1,514.283570
D,DISPATCH,UNIT_SCADA,1,"2022/10/20 16:10:00",LOYYB2,513.1557
D,DISPATCH,UNIT_SCADA,1,"2022/10/20 16:10:00",LYA1,548
D,DISPATCH,UNIT_SCADA,1,"2022/10/20 16:10:00",LYA2,0
D,DISPATCH,UNIT_SCADA,1,"2022/10/20 16:10:00",LYA3,549
D,DISPATCH,UNIT_SCADA,1,"2022/10/20 16:10:00",LYA4,549
D,DISPATCH,UNIT_SCADA,1,"2022/10/20 16:10:00",MACARTH1,54.898730
D,DISPATCH,UNIT_SCADA,1,"2022/10/20 16:10:00",MACKNTSH,0
D,DISPATCH,UNIT_SCADA,1,"2022/10/20 16:10:00",MANSLR1,8.5480
D,DISPATCH,UNIT_SCADA,1,"2022/10/20 16:10:00",MAPS2PV1,0
D,DISPATCH,UNIT_SCADA,1,"2022/10/20 16:10:00",MAPS3PV1,0
D,DISPATCH,UNIT_SCADA,1,"2022/10/20 16:10:00",MARYRSF1,6.49
D,DISPATCH,UNIT_SCADA,1,"2022/10/20 16:10:00",MBPS2PV1,0
D,DISPATCH,UNIT_SCADA,1,"2022/10/20 16:10:00",MCKAY1,152.100010
D,DISPATCH,UNIT_SCADA,1,"2022/10/20 16:10:00",MEADOWBK,5.944640
D,DISPATCH,UNIT_SCADA,1,"2022/10/20 16:10:00",MERCER01,28.10
D,DISPATCH,UNIT_SCADA,1,"2022/10/20 16:10:00",METZSF1,79.094410
D,DISPATCH,UNIT_SCADA,1,"2022/10/20 16:10:00",MEWF1,52.7319
D,DISPATCH,UNIT_SCADA,1,"2022/10/20 16:10:00",MIDDLSF1,10.13
D,DISPATCH,UNIT_SCADA,1,"2022/10/20 16:10:00",MINTARO,0.128180
D,DISPATCH,UNIT_SCADA,1,"2022/10/20 16:10:00",MOLNGSF1,3.668270
D,DISPATCH,UNIT_SCADA,1,"2022/10/20 16:10:00",MOORAWF1,43.07
D,DISPATCH,UNIT_SCADA,1,"2022/10/20 16:10:00",MOREESF1,3.03
D,DISPATCH,UNIT_SCADA,1,"2022/10/20 16:10:00",MORTLK11,0
D,DISPATCH,UNIT_SCADA,1,"2022/10/20 16:10:00",MORTLK12,0
D,DISPATCH,UNIT_SCADA,1,"2022/10/20 16:10:00",MOUSF1,0
D,DISPATCH,UNIT_SCADA,1,"2022/10/20 16:10:00",MP1,0
D,DISPATCH,UNIT_SCADA,1,"2022/10/20 16:10:00",MP2,568.307010
D,DISPATCH,UNIT_SCADA,1,"2022/10/20 16:10:00",MPP_1,40.376110
D,DISPATCH,UNIT_SCADA,1,"2022/10/20 16:10:00",MPP_2,189.428960
D,DISPATCH,UNIT_SCADA,1,"2022/10/20 16:10:00",MRTLSWF1,0
D,DISPATCH,UNIT_SCADA,1,"2022/10/20 16:10:00",MSTUART1,0
D,DISPATCH,UNIT_SCADA,1,"2022/10/20 16:10:00",MSTUART2,0
D,DISPATCH,UNIT_SCADA,1,"2022/10/20 16:10:00",MSTUART3,0
D,DISPATCH,UNIT_SCADA,1,"2022/10/20 16:10:00",MTGELWF1,54.171880
D,DISPATCH,UNIT_SCADA,1,"2022/10/20 16:10:00",MTMILLAR,12.90
D,DISPATCH,UNIT_SCADA,1,"2022/10/20 16:10:00",MURRAY,0
D,DISPATCH,UNIT_SCADA,1,"2022/10/20 16:10:00",MUSSELR1,2.50
D,DISPATCH,UNIT_SCADA,1,"2022/10/20 16:10:00",MUWAWF1,62.11
D,DISPATCH,UNIT_SCADA,1,"2022/10/20 16:10:00",MUWAWF2,33.80
D,DISPATCH,UNIT_SCADA,1,"2022/10/20 16:10:00",MWPS1PV1,4.57
D,DISPATCH,UNIT_SCADA,1,"2022/10/20 16:10:00",MWPS2PV1,4.60
D,DISPATCH,UNIT_SCADA,1,"2022/10/20 16:10:00",MWPS3PV1,1.03
D,DISPATCH,UNIT_SCADA,1,"2022/10/20 16:10:00",MWPS4PV1,0.61
D,DISPATCH,UNIT_SCADA,1,"2022/10/20 16:10:00",NBHWF1,0
D,DISPATCH,UNIT_SCADA,1,"2022/10/20 16:10:00",NEVERSF1,3.94
D,DISPATCH,UNIT_SCADA,1,"2022/10/20 16:10:00",NPS,0
D,DISPATCH,UNIT_SCADA,1,"2022/10/20 16:10:00",NUMURSF1,72.28
D,DISPATCH,UNIT_SCADA,1,"2022/10/20 16:10:00",NYNGAN1,7
D,DISPATCH,UNIT_SCADA,1,"2022/10/20 16:10:00",OAKEY1,0
D,DISPATCH,UNIT_SCADA,1,"2022/10/20 16:10:00",OAKEY1SF,5.4270
D,DISPATCH,UNIT_SCADA,1,"2022/10/20 16:10:00",OAKEY2,0
D,DISPATCH,UNIT_SCADA,1,"2022/10/20 16:10:00",OAKEY2SF,12.26
D,DISPATCH,UNIT_SCADA,1,"2022/10/20 16:10:00",OAKLAND1,18.10
D,DISPATCH,UNIT_SCADA,1,"2022/10/20 16:10:00",OSB-AG,71.71
D,DISPATCH,UNIT_SCADA,1,"2022/10/20 16:10:00",PAREPS1,1.50
D,DISPATCH,UNIT_SCADA,1,"2022/10/20 16:10:00",PAREPW1,101.34
D,DISPATCH,UNIT_SCADA,1,"2022/10/20 16:10:00",PARSF1,42.299530
D,DISPATCH,UNIT_SCADA,1,"2022/10/20 16:10:00",POAT110,0
D,DISPATCH,UNIT_SCADA,1,"2022/10/20 16:10:00",POAT220,0
D,DISPATCH,UNIT_SCADA,1,"2022/10/20 16:10:00",POR01,0
D,DISPATCH,UNIT_SCADA,1,"2022/10/20 16:10:00",POR03,0
D,DISPATCH,UNIT_SCADA,1,"2022/10/20 16:10:00",PPCCGT,160.801150
D,DISPATCH,UNIT_SCADA,1,"2022/10/20 16:10:00",PTSTAN1,0
D,DISPATCH,UNIT_SCADA,1,"2022/10/20 16:10:00",PUMP1,0
D,DISPATCH,UNIT_SCADA,1,"2022/10/20 16:10:00",PUMP2,0
D,DISPATCH,UNIT_SCADA,1,"2022/10/20 16:10:00",QBYNBG1,0
D,DISPATCH,UNIT_SCADA,1,"2022/10/20 16:10:00",QBYNBL1,2.485460
D,DISPATCH,UNIT_SCADA,1,"2022/10/20 16:10:00",QPS1,0
D,DISPATCH,UNIT_SCADA,1,"2022/10/20 16:10:00",QPS2,0
D,DISPATCH,UNIT_SCADA,1,"2022/10/20 16:10:00",QPS3,0
D,DISPATCH,UNIT_SCADA,1,"2022/10/20 16:10:00",QPS4,0
D,DISPATCH,UNIT_SCADA,1,"2022/10/20 16:10:00",QPS5,73.11
D,DISPATCH,UNIT_SCADA,1,"2022/10/20 16:10:00",REECE1,44.209240
D,DISPATCH,UNIT_SCADA,1,"2022/10/20 16:10:00",REECE2,0
D,DISPATCH,UNIT_SCADA,1,"2022/10/20 16:10:00",ROMA_7,0
D,DISPATCH,UNIT_SCADA,1,"2022/10/20 16:10:00",ROMA_8,0
D,DISPATCH,UNIT_SCADA,1,"2022/10/20 16:10:00",RRSF1,101.901280
D,DISPATCH,UNIT_SCADA,1,"2022/10/20 16:10:00",RT_NSW1,0
D,DISPATCH,UNIT_SCADA,1,"2022/10/20 16:10:00",RT_NSW2,0
D,DISPATCH,UNIT_SCADA,1,"2022/10/20 16:10:00",RT_NSW3,0
D,DISPATCH,UNIT_SCADA,1,"2022/10/20 16:10:00",RT_NSW4,0
D,DISPATCH,UNIT_SCADA,1,"2022/10/20 16:10:00",RT_NSW5,0
D,DISPATCH,UNIT_SCADA,1,"2022/10/20 16:10:00",RT_NSW6,0
D,DISPATCH,UNIT_SCADA,1,"2022/10/20 16:10:00",RT_QLD1,0
D,DISPATCH,UNIT_SCADA,1,"2022/10/20 16:10:00",RT_SA1,0
D,DISPATCH,UNIT_SCADA,1,"2022/10/20 16:10:00",RT_SA2,0
D,DISPATCH,UNIT_SCADA,1,"2022/10/20 16:10:00",RT_SA3,0
D,DISPATCH,UNIT_SCADA,1,"2022/10/20 16:10:00",RT_SA4,0
D,DISPATCH,UNIT_SCADA,1,"2022/10/20 16:10:00",RT_SA5,0
D,DISPATCH,UNIT_SCADA,1,"2022/10/20 16:10:00",RT_SA6,0
D,DISPATCH,UNIT_SCADA,1,"2022/10/20 16:10:00",RT_TAS1,0
D,DISPATCH,UNIT_SCADA,1,"2022/10/20 16:10:00",RT_VIC1,0
D,DISPATCH,UNIT_SCADA,1,"2022/10/20 16:10:00",RT_VIC10,0
D,DISPATCH,UNIT_SCADA,1,"2022/10/20 16:10:00",RT_VIC11,0
D,DISPATCH,UNIT_SCADA,1,"2022/10/20 16:10:00",RT_VIC12,0
D,DISPATCH,UNIT_SCADA,1,"2022/10/20 16:10:00",RT_VIC2,0
D,DISPATCH,UNIT_SCADA,1,"2022/10/20 16:10:00",RT_VIC3,0
D,DISPATCH,UNIT_SCADA,1,"2022/10/20 16:10:00",RT_VIC4,0
D,DISPATCH,UNIT_SCADA,1,"2022/10/20 16:10:00",RT_VIC5,0
D,DISPATCH,UNIT_SCADA,1,"2022/10/20 16:10:00",RT_VIC6,0
D,DISPATCH,UNIT_SCADA,1,"2022/10/20 16:10:00",RT_VIC7,0
D,DISPATCH,UNIT_SCADA,1,"2022/10/20 16:10:00",RT_VIC8,0
D,DISPATCH,UNIT_SCADA,1,"2022/10/20 16:10:00",RT_VIC9,0
D,DISPATCH,UNIT_SCADA,1,"2022/10/20 16:10:00",RUGBYR1,0
D,DISPATCH,UNIT_SCADA,1,"2022/10/20 16:10:00",SALTCRK1,22.30
D,DISPATCH,UNIT_SCADA,1,"2022/10/20 16:10:00",SAPHWF1,34.309910
D,DISPATCH,UNIT_SCADA,1,"2022/10/20 16:10:00",SEBSF1,9.246750
D,DISPATCH,UNIT_SCADA,1,"2022/10/20 16:10:00",SHGEN,0
D,DISPATCH,UNIT_SCADA,1,"2022/10/20 16:10:00",SHPUMP,0
D,DISPATCH,UNIT_SCADA,1,"2022/10/20 16:10:00",SITHE01,0.153860
D,DISPATCH,UNIT_SCADA,1,"2022/10/20 16:10:00",SMCSF1,19.4080
D,DISPATCH,UNIT_SCADA,1,"2022/10/20 16:10:00",SNAPPER1,0
D,DISPATCH,UNIT_SCADA,1,"2022/10/20 16:10:00",SNOWNTH1,12.30
D,DISPATCH,UNIT_SCADA,1,"2022/10/20 16:10:00",SNOWSTH1,12.50
D,DISPATCH,UNIT_SCADA,1,"2022/10/20 16:10:00",SNOWTWN1,4.003090
D,DISPATCH,UNIT_SCADA,1,"2022/10/20 16:10:00",SNOWYP,0
D,DISPATCH,UNIT_SCADA,1,"2022/10/20 16:10:00",SNUG1,0
D,DISPATCH,UNIT_SCADA,1,"2022/10/20 16:10:00",SRSF1,2.53
D,DISPATCH,UNIT_SCADA,1,"2022/10/20 16:10:00",STAN-1,277.1593
D,DISPATCH,UNIT_SCADA,1,"2022/10/20 16:10:00",STAN-2,356.283570
D,DISPATCH,UNIT_SCADA,1,"2022/10/20 16:10:00",STAN-3,156.364350
D,DISPATCH,UNIT_SCADA,1,"2022/10/20 16:10:00",STAN-4,359.962280
D,DISPATCH,UNIT_SCADA,1,"2022/10/20 16:10:00",STARHLWF,12.596330
D,DISPATCH,UNIT_SCADA,1,"2022/10/20 16:10:00",STOCKYD1,192.53
D,DISPATCH,UNIT_SCADA,1,"2022/10/20 16:10:00",STWF1,2.191810
D,DISPATCH,UNIT_SCADA,1,"2022/10/20 16:10:00",SUNRSF1,52.739760
D,DISPATCH,UNIT_SCADA,1,"2022/10/20 16:10:00",SUNTPSF1,69.612270
D,DISPATCH,UNIT_SCADA,1,"2022/10/20 16:10:00",SWAN_E,318.619350
D,DISPATCH,UNIT_SCADA,1,"2022/10/20 16:10:00",TALWA1,0
D,DISPATCH,UNIT_SCADA,1,"2022/10/20 16:10:00",TARALGA1,0
D,DISPATCH,UNIT_SCADA,1,"2022/10/20 16:10:00",TARONG#1,347.50
D,DISPATCH,UNIT_SCADA,1,"2022/10/20 16:10:00",TARONG#2,348.399990
D,DISPATCH,UNIT_SCADA,1,"2022/10/20 16:10:00",TARONG#3,0.90
D,DISPATCH,UNIT_SCADA,1,"2022/10/20 16:10:00",TARONG#4,270
D,DISPATCH,UNIT_SCADA,1,"2022/10/20 16:10:00",TARRALEA,54.10
D,DISPATCH,UNIT_SCADA,1,"2022/10/20 16:10:00",TBSF1,0.10
D,DISPATCH,UNIT_SCADA,1,"2022/10/20 16:10:00",TNPS1,415.75
D,DISPATCH,UNIT_SCADA,1,"2022/10/20 16:10:00",TORRB1,0
D,DISPATCH,UNIT_SCADA,1,"2022/10/20 16:10:00",TORRB2,57
D,DISPATCH,UNIT_SCADA,1,"2022/10/20 16:10:00",TORRB3,0
D,DISPATCH,UNIT_SCADA,1,"2022/10/20 16:10:00",TORRB4,0
D,DISPATCH,UNIT_SCADA,1,"2022/10/20 16:10:00",TREVALLN,100.377750
D,DISPATCH,UNIT_SCADA,1,"2022/10/20 16:10:00",TRIBUTE,0
D,DISPATCH,UNIT_SCADA,1,"2022/10/20 16:10:00",TUMUT3,115.78
D,DISPATCH,UNIT_SCADA,1,"2022/10/20 16:10:00",TUNGATIN,5.070020
D,DISPATCH,UNIT_SCADA,1,"2022/10/20 16:10:00",TVCC201,0
D,DISPATCH,UNIT_SCADA,1,"2022/10/20 16:10:00",TVPP104,0
D,DISPATCH,UNIT_SCADA,1,"2022/10/20 16:10:00",UPPTUMUT,0
D,DISPATCH,UNIT_SCADA,1,"2022/10/20 16:10:00",URANQ11,0
D,DISPATCH,UNIT_SCADA,1,"2022/10/20 16:10:00",URANQ12,0
D,DISPATCH,UNIT_SCADA,1,"2022/10/20 16:10:00",URANQ13,0
D,DISPATCH,UNIT_SCADA,1,"2022/10/20 16:10:00",URANQ14,0
D,DISPATCH,UNIT_SCADA,1,"2022/10/20 16:10:00",VBBG1,0
D,DISPATCH,UNIT_SCADA,1,"2022/10/20 16:10:00",VBBL1,60.70
D,DISPATCH,UNIT_SCADA,1,"2022/10/20 16:10:00",VP5,488.174070
D,DISPATCH,UNIT_SCADA,1,"2022/10/20 16:10:00",VP6,491.616580
D,DISPATCH,UNIT_SCADA,1,"2022/10/20 16:10:00",VPGS1,0
D,DISPATCH,UNIT_SCADA,1,"2022/10/20 16:10:00",VPGS2,0
D,DISPATCH,UNIT_SCADA,1,"2022/10/20 16:10:00",VPGS3,0
D,DISPATCH,UNIT_SCADA,1,"2022/10/20 16:10:00",VPGS4,0
D,DISPATCH,UNIT_SCADA,1,"2022/10/20 16:10:00",VPGS5,0
D,DISPATCH,UNIT_SCADA,1,"2022/10/20 16:10:00",VPGS6,0
D,DISPATCH,UNIT_SCADA,1,"2022/10/20 16:10:00",W/HOE#1,0
D,DISPATCH,UNIT_SCADA,1,"2022/10/20 16:10:00",W/HOE#2,0
D,DISPATCH,UNIT_SCADA,1,"2022/10/20 16:10:00",WAGGNSF1,0
D,DISPATCH,UNIT_SCADA,1,"2022/10/20 16:10:00",WALGRVG1,0
D,DISPATCH,UNIT_SCADA,1,"2022/10/20 16:10:00",WALGRVL1,31.880840
D,DISPATCH,UNIT_SCADA,1,"2022/10/20 16:10:00",WANDBG1,0
D,DISPATCH,UNIT_SCADA,1,"2022/10/20 16:10:00",WANDBL1,0
D,DISPATCH,UNIT_SCADA,1,"2022/10/20 16:10:00",WARWSF1,15.98
D,DISPATCH,UNIT_SCADA,1,"2022/10/20 16:10:00",WARWSF2,16.01
D,DISPATCH,UNIT_SCADA,1,"2022/10/20 16:10:00",WATERLWF,0
D,DISPATCH,UNIT_SCADA,1,"2022/10/20 16:10:00",WDGPH1,15.8230
D,DISPATCH,UNIT_SCADA,1,"2022/10/20 16:10:00",WELLSF1,67.3991
D,DISPATCH,UNIT_SCADA,1,"2022/10/20 16:10:00",WEMENSF1,5
D,DISPATCH,UNIT_SCADA,1,"2022/10/20 16:10:00",WGWF1,0.20
D,DISPATCH,UNIT_SCADA,1,"2022/10/20 16:10:00",WHITSF1,50.20
D,DISPATCH,UNIT_SCADA,1,"2022/10/20 16:10:00",WINTSF1,21.92
D,DISPATCH,UNIT_SCADA,1,"2022/10/20 16:10:00",WKIEWA1,31.50
D,DISPATCH,UNIT_SCADA,1,"2022/10/20 16:10:00",WKIEWA2,13.80
D,DISPATCH,UNIT_SCADA,1,"2022/10/20 16:10:00",WOODLWN1,29.4482
D,DISPATCH,UNIT_SCADA,1,"2022/10/20 16:10:00",WOOLGSF1,9.863170
D,DISPATCH,UNIT_SCADA,1,"2022/10/20 16:10:00",WPWF,48.86
D,DISPATCH,UNIT_SCADA,1,"2022/10/20 16:10:00",WRSF1,2.729580
D,DISPATCH,UNIT_SCADA,1,"2022/10/20 16:10:00",WRWF1,17.9208
D,DISPATCH,UNIT_SCADA,1,"2022/10/20 16:10:00",WSTWYSF1,5.0391
D,DISPATCH,UNIT_SCADA,1,"2022/10/20 16:10:00",YABULU,0
D,DISPATCH,UNIT_SCADA,1,"2022/10/20 16:10:00",YABULU2,0
D,DISPATCH,UNIT_SCADA,1,"2022/10/20 16:10:00",YARANSF1,22.92
D,DISPATCH,UNIT_SCADA,1,"2022/10/20 16:10:00",YARWUN_1,159.899990
D,DISPATCH,UNIT_SCADA,1,"2022/10/20 16:10:00",YATSF1,26.32
D,DISPATCH,UNIT_SCADA,1,"2022/10/20 16:10:00",YENDWF1,30.64
D,DISPATCH,UNIT_SCADA,1,"2022/10/20 16:10:00",YWPS1,357.3924
D,DISPATCH,UNIT_SCADA,1,"2022/10/20 16:10:00",YWPS2,286.463290
D,DISPATCH,UNIT_SCADA,1,"2022/10/20 16:10:00",YWPS3,352.331630
D,DISPATCH,UNIT_SCADA,1,"2022/10/20 16:10:00",YWPS4,0
C,"END OF REPORT",419
