C,NEMP.WORLD,DISPATCHSCADA,AEMO,PUBLIC,2022/10/20,08:35:16,0000000373241247,DISPATCHSCADA,0000000373241241
I,DISPATCH,UNIT_SCADA,1,SETTLEMENTDATE,DUID,SCADAVALUE
D,DISPATCH,UNIT_SCADA,1,"2022/10/20 08:40:00",BARCSF1,10.50
D,DISPATCH,UNIT_SCADA,1,"2022/10/20 08:40:00",BUTLERSG,8.699999
D,DISPATCH,UNIT_SCADA,1,"2022/10/20 08:40:00",CAPTL_WF,55.114120
D,DISPATCH,UNIT_SCADA,1,"2022/10/20 08:40:00",CHALLHWF,3.10
D,DISPATCH,UNIT_SCADA,1,"2022/10/20 08:40:00",CLOVER,13.30
D,DISPATCH,UNIT_SCADA,1,"2022/10/20 08:40:00",CLUNY,6.172122
D,DISPATCH,UNIT_SCADA,1,"2022/10/20 08:40:00",CULLRGWF,-0.05
D,DISPATCH,UNIT_SCADA,1,"2022/10/20 08:40:00",DIAPURWF1,7.30
D,DISPATCH,UNIT_SCADA,1,"2022/10/20 08:40:00",ERGT01,0
D,DISPATCH,UNIT_SCADA,1,"2022/10/20 08:40:00",GB01,0
D,DISPATCH,UNIT_SCADA,1,"2022/10/20 08:40:00",GERMCRK,19.200001
D,DISPATCH,UNIT_SCADA,1,"2022/10/20 08:40:00",GRIFSF1,1.799039
D,DISPATCH,UNIT_SCADA,1,"2022/10/20 08:40:00",HEZ1,0
D,DISPATCH,UNIT_SCADA,1,"2022/10/20 08:40:00",HUGSF1,3.5110
D,DISPATCH,UNIT_SCADA,1,"2022/10/20 08:40:00",KEPBG1,0.01
D,DISPATCH,UNIT_SCADA,1,"2022/10/20 08:40:00",LRSF1,8.787001
D,DISPATCH,UNIT_SCADA,1,"2022/10/20 08:40:00",MBAHNTH,45.168747
D,DISPATCH,UNIT_SCADA,1,"2022/10/20 08:40:00",MLSP1,5.888001
D,DISPATCH,UNIT_SCADA,1,"2022/10/20 08:40:00",MLWF1,5.4750
D,DISPATCH,UNIT_SCADA,1,"2022/10/20 08:40:00",PALOONA,29.969999
D,DISPATCH,UNIT_SCADA,1,"2022/10/20 08:40:00",PIONEER,37.700001
D,DISPATCH,UNIT_SCADA,1,"2022/10/20 08:40:00",PORTWF,58.099998
D,DISPATCH,UNIT_SCADA,1,"2022/10/20 08:40:00",REPULSE,9.372091
D,DISPATCH,UNIT_SCADA,1,"2022/10/20 08:40:00",ROWALLAN,9.0667
D,DISPATCH,UNIT_SCADA,1,"2022/10/20 08:40:00",ROYALLA1,13.226004
D,DISPATCH,UNIT_SCADA,1,"2022/10/20 08:40:00",RPCG,-1.80
D,DISPATCH,UNIT_SCADA,1,"2022/10/20 08:40:00",RUBICON,0
D,DISPATCH,UNIT_SCADA,1,"2022/10/20 08:40:00",WAUBRAWF,19.118999
D,DISPATCH,UNIT_SCADA,1,"2022/10/20 08:40:00",WOOLNTH1,0.73
D,DISPATCH,UNIT_SCADA,1,"2022/10/20 08:40:00",YAMBUKWF,7.80
D,DISPATCH,UNIT_SCADA,1,"2022/10/20 08:40:00",YSWF1,0.60
D,DISPATCH,UNIT_SCADA,1,"2022/10/20 08:40:00",ADPBA1G,0.0080
D,DISPATCH,UNIT_SCADA,1,"2022/10/20 08:40:00",ADPBA1L,0
D,DISPATCH,UNIT_SCADA,1,"2022/10/20 08:40:00",ADPPV1,0.0550
D,DISPATCH,UNIT_SCADA,1,"2022/10/20 08:40:00",AGLHAL,0
D,DISPATCH,UNIT_SCADA,1,"2022/10/20 08:40:00",AGLSOM,0
D,DISPATCH,UNIT_SCADA,1,"2022/10/20 08:40:00",ANGAST1,0
D,DISPATCH,UNIT_SCADA,1,"2022/10/20 08:40:00",ARWF1,6.50
D,DISPATCH,UNIT_SCADA,1,"2022/10/20 08:40:00",BALBG1,11.17
D,DISPATCH,UNIT_SCADA,1,"2022/10/20 08:40:00",BALBL1,0
D,DISPATCH,UNIT_SCADA,1,"2022/10/20 08:40:00",BALDHWF1,2.0180
D,DISPATCH,UNIT_SCADA,1,"2022/10/20 08:40:00",BANGOWF1,26.296790
D,DISPATCH,UNIT_SCADA,1,"2022/10/20 08:40:00",BANGOWF2,41.199740
D,DISPATCH,UNIT_SCADA,1,"2022/10/20 08:40:00",BANN1,14.31
D,DISPATCH,UNIT_SCADA,1,"2022/10/20 08:40:00",BARCALDN,0
D,DISPATCH,UNIT_SCADA,1,"2022/10/20 08:40:00",BARKIPS1,0
D,DISPATCH,UNIT_SCADA,1,"2022/10/20 08:40:00",BARRON-1,19.12
D,DISPATCH,UNIT_SCADA,1,"2022/10/20 08:40:00",BARRON-2,0
D,DISPATCH,UNIT_SCADA,1,"2022/10/20 08:40:00",BASTYAN,54.93
D,DISPATCH,UNIT_SCADA,1,"2022/10/20 08:40:00",BBTHREE1,0
D,DISPATCH,UNIT_SCADA,1,"2022/10/20 08:40:00",BBTHREE2,0
D,DISPATCH,UNIT_SCADA,1,"2022/10/20 08:40:00",BBTHREE3,-1.14
D,DISPATCH,UNIT_SCADA,1,"2022/10/20 08:40:00",BDL01,0
D,DISPATCH,UNIT_SCADA,1,"2022/10/20 08:40:00",BDL02,0
D,DISPATCH,UNIT_SCADA,1,"2022/10/20 08:40:00",BERYLSF1,7.5019
D,DISPATCH,UNIT_SCADA,1,"2022/10/20 08:40:00",BLOWERNG,62.50
D,DISPATCH,UNIT_SCADA,1,"2022/10/20 08:40:00",BLUEGSF1,33.037310
D,DISPATCH,UNIT_SCADA,1,"2022/10/20 08:40:00",BLUFF1,27
D,DISPATCH,UNIT_SCADA,1,"2022/10/20 08:40:00",BNGSF1,109.97
D,DISPATCH,UNIT_SCADA,1,"2022/10/20 08:40:00",BNGSF2,110.35
D,DISPATCH,UNIT_SCADA,1,"2022/10/20 08:40:00",BOCORWF1,0
D,DISPATCH,UNIT_SCADA,1,"2022/10/20 08:40:00",BODWF1,102.639560
D,DISPATCH,UNIT_SCADA,1,"2022/10/20 08:40:00",BOMENSF1,16.302130
D,DISPATCH,UNIT_SCADA,1,"2022/10/20 08:40:00",BOWWBA1G,0
D,DISPATCH,UNIT_SCADA,1,"2022/10/20 08:40:00",BOWWBA1L,0
D,DISPATCH,UNIT_SCADA,1,"2022/10/20 08:40:00",BOWWPV1,0.0010
D,DISPATCH,UNIT_SCADA,1,"2022/10/20 08:40:00",BRAEMAR1,0
D,DISPATCH,UNIT_SCADA,1,"2022/10/20 08:40:00",BRAEMAR2,0
D,DISPATCH,UNIT_SCADA,1,"2022/10/20 08:40:00",BRAEMAR3,0
D,DISPATCH,UNIT_SCADA,1,"2022/10/20 08:40:00",BRAEMAR5,0.292060
D,DISPATCH,UNIT_SCADA,1,"2022/10/20 08:40:00",BRAEMAR6,0
D,DISPATCH,UNIT_SCADA,1,"2022/10/20 08:40:00",BRAEMAR7,0.130920
D,DISPATCH,UNIT_SCADA,1,"2022/10/20 08:40:00",BROKENH1,6.099910
D,DISPATCH,UNIT_SCADA,1,"2022/10/20 08:40:00",BRYB1WF1,121.623560
D,DISPATCH,UNIT_SCADA,1,"2022/10/20 08:40:00",BULBESG1,0
D,DISPATCH,UNIT_SCADA,1,"2022/10/20 08:40:00",BULBESL1,0.89
D,DISPATCH,UNIT_SCADA,1,"2022/10/20 08:40:00",BULGANA1,7.45
D,DISPATCH,UNIT_SCADA,1,"2022/10/20 08:40:00",BW01,661.301570
D,DISPATCH,UNIT_SCADA,1,"2022/10/20 08:40:00",BW02,619.577330
D,DISPATCH,UNIT_SCADA,1,"2022/10/20 08:40:00",BW03,556.856630
D,DISPATCH,UNIT_SCADA,1,"2022/10/20 08:40:00",BW04,0
D,DISPATCH,UNIT_SCADA,1,"2022/10/20 08:40:00",CALL_B_1,323.100010
D,DISPATCH,UNIT_SCADA,1,"2022/10/20 08:40:00",CALL_B_2,322.399990
D,DISPATCH,UNIT_SCADA,1,"2022/10/20 08:40:00",CATHROCK,0
D,DISPATCH,UNIT_SCADA,1,"2022/10/20 08:40:00",CBWWBA1G,0
D,DISPATCH,UNIT_SCADA,1,"2022/10/20 08:40:00",CBWWBA1L,0
D,DISPATCH,UNIT_SCADA,1,"2022/10/20 08:40:00",CETHANA,97.825250
D,DISPATCH,UNIT_SCADA,1,"2022/10/20 08:40:00",CG1,0
D,DISPATCH,UNIT_SCADA,1,"2022/10/20 08:40:00",CG2,0
D,DISPATCH,UNIT_SCADA,1,"2022/10/20 08:40:00",CG3,0
D,DISPATCH,UNIT_SCADA,1,"2022/10/20 08:40:00",CG4,0
D,DISPATCH,UNIT_SCADA,1,"2022/10/20 08:40:00",CHILDSF1,15.14
D,DISPATCH,UNIT_SCADA,1,"2022/10/20 08:40:00",CHYTWF1,1.14
D,DISPATCH,UNIT_SCADA,1,"2022/10/20 08:40:00",CLARESF1,20.185090
D,DISPATCH,UNIT_SCADA,1,"2022/10/20 08:40:00",CLEMGPWF,11.021350
D,DISPATCH,UNIT_SCADA,1,"2022/10/20 08:40:00",CLERMSF1,25.17
D,DISPATCH,UNIT_SCADA,1,"2022/10/20 08:40:00",CNUNDAWF,0.200230
D,DISPATCH,UNIT_SCADA,1,"2022/10/20 08:40:00",COHUNSF1,3.45
D,DISPATCH,UNIT_SCADA,1,"2022/10/20 08:40:00",COLEASF1,24.400320
D,DISPATCH,UNIT_SCADA,1,"2022/10/20 08:40:00",COLUMSF1,17.4990
D,DISPATCH,UNIT_SCADA,1,"2022/10/20 08:40:00",COLWF01,132.048520
D,DISPATCH,UNIT_SCADA,1,"2022/10/20 08:40:00",COOPGWF1,315.239990
D,DISPATCH,UNIT_SCADA,1,"2022/10/20 08:40:00",CPP_3,364.649990
D,DISPATCH,UNIT_SCADA,1,"2022/10/20 08:40:00",CPP_4,0
D,DISPATCH,UNIT_SCADA,1,"2022/10/20 08:40:00",CPSA,0
D,DISPATCH,UNIT_SCADA,1,"2022/10/20 08:40:00",CROOKWF2,35.043870
D,DISPATCH,UNIT_SCADA,1,"2022/10/20 08:40:00",CROWLWF1,29.276160
D,DISPATCH,UNIT_SCADA,1,"2022/10/20 08:40:00",CRURWF1,56.599450
D,DISPATCH,UNIT_SCADA,1,"2022/10/20 08:40:00",CRWASF1,28.395520
D,DISPATCH,UNIT_SCADA,1,"2022/10/20 08:40:00",CSPVPS1,34.7670
D,DISPATCH,UNIT_SCADA,1,"2022/10/20 08:40:00",CTHLWF1,0.003050
D,DISPATCH,UNIT_SCADA,1,"2022/10/20 08:40:00",DALNTH01,0
D,DISPATCH,UNIT_SCADA,1,"2022/10/20 08:40:00",DALNTHL1,1.982140
D,DISPATCH,UNIT_SCADA,1,"2022/10/20 08:40:00",DARLSF1,44.938610
D,DISPATCH,UNIT_SCADA,1,"2022/10/20 08:40:00",DARTM1,0
D,DISPATCH,UNIT_SCADA,1,"2022/10/20 08:40:00",DAYDSF1,93.113010
D,DISPATCH,UNIT_SCADA,1,"2022/10/20 08:40:00",DDPS1,0
D,DISPATCH,UNIT_SCADA,1,"2022/10/20 08:40:00",DDSF1,11.425280
D,DISPATCH,UNIT_SCADA,1,"2022/10/20 08:40:00",DEVILS_G,59.066750
D,DISPATCH,UNIT_SCADA,1,"2022/10/20 08:40:00",DG_NSW1,0
D,DISPATCH,UNIT_SCADA,1,"2022/10/20 08:40:00",DG_QLD1,0
D,DISPATCH,UNIT_SCADA,1,"2022/10/20 08:40:00",DG_SA1,0
D,DISPATCH,UNIT_SCADA,1,"2022/10/20 08:40:00",DG_TAS1,0
D,DISPATCH,UNIT_SCADA,1,"2022/10/20 08:40:00",DG_VIC1,0
D,DISPATCH,UNIT_SCADA,1,"2022/10/20 08:40:00",DRYCGT1,0
D,DISPATCH,UNIT_SCADA,1,"2022/10/20 08:40:00",DRYCGT2,0
D,DISPATCH,UNIT_SCADA,1,"2022/10/20 08:40:00",DRYCGT3,0
D,DISPATCH,UNIT_SCADA,1,"2022/10/20 08:40:00",DUNDWF1,78.64
D,DISPATCH,UNIT_SCADA,1,"2022/10/20 08:40:00",DUNDWF2,21.45
D,DISPATCH,UNIT_SCADA,1,"2022/10/20 08:40:00",DUNDWF3,69.25
D,DISPATCH,UNIT_SCADA,1,"2022/10/20 08:40:00",EILDON1,59.84
D,DISPATCH,UNIT_SCADA,1,"2022/10/20 08:40:00",EILDON2,60.08
D,DISPATCH,UNIT_SCADA,1,"2022/10/20 08:40:00",ELAINWF1,13.95
D,DISPATCH,UNIT_SCADA,1,"2022/10/20 08:40:00",EMERASF1,0
D,DISPATCH,UNIT_SCADA,1,"2022/10/20 08:40:00",ER01,0
D,DISPATCH,UNIT_SCADA,1,"2022/10/20 08:40:00",ER02,528.926510
D,DISPATCH,UNIT_SCADA,1,"2022/10/20 08:40:00",ER03,528.194090
D,DISPATCH,UNIT_SCADA,1,"2022/10/20 08:40:00",ER04,527.656980
D,DISPATCH,UNIT_SCADA,1,"2022/10/20 08:40:00",FINLYSF1,104.496830
D,DISPATCH,UNIT_SCADA,1,"2022/10/20 08:40:00",FISHER,43.92
D,DISPATCH,UNIT_SCADA,1,"2022/10/20 08:40:00",GANGARR1,23.8650
D,DISPATCH,UNIT_SCADA,1,"2022/10/20 08:40:00",GANNBG1,0.498680
D,DISPATCH,UNIT_SCADA,1,"2022/10/20 08:40:00",GANNBL1,0
D,DISPATCH,UNIT_SCADA,1,"2022/10/20 08:40:00",GANNSF1,30.20
D,DISPATCH,UNIT_SCADA,1,"2022/10/20 08:40:00",GLRWNSF1,109.99
D,DISPATCH,UNIT_SCADA,1,"2022/10/20 08:40:00",GNNDHSF1,43.916920
D,DISPATCH,UNIT_SCADA,1,"2022/10/20 08:40:00",GOONSF1,15.594720
D,DISPATCH,UNIT_SCADA,1,"2022/10/20 08:40:00",GORDON,248.294690
D,DISPATCH,UNIT_SCADA,1,"2022/10/20 08:40:00",GRANWF1,1.38
D,DISPATCH,UNIT_SCADA,1,"2022/10/20 08:40:00",GSTONE1,184.099990
D,DISPATCH,UNIT_SCADA,1,"2022/10/20 08:40:00",GSTONE2,0
D,DISPATCH,UNIT_SCADA,1,"2022/10/20 08:40:00",GSTONE3,165.899990
D,DISPATCH,UNIT_SCADA,1,"2022/10/20 08:40:00",GSTONE4,0
D,DISPATCH,UNIT_SCADA,1,"2022/10/20 08:40:00",GSTONE5,192.50
D,DISPATCH,UNIT_SCADA,1,"2022/10/20 08:40:00",GSTONE6,191.80
D,DISPATCH,UNIT_SCADA,1,"2022/10/20 08:40:00",GULLRSF1,0.814990
D,DISPATCH,UNIT_SCADA,1,"2022/10/20 08:40:00",GULLRWF1,63.484040
D,DISPATCH,UNIT_SCADA,1,"2022/10/20 08:40:00",GULLRWF2,89.4081
D,DISPATCH,UNIT_SCADA,1,"2022/10/20 08:40:00",GUNNING1,0
D,DISPATCH,UNIT_SCADA,1,"2022/10/20 08:40:00",GUTHEGA,68.100010
D,DISPATCH,UNIT_SCADA,1,"2022/10/20 08:40:00",HALLWF1,38.89
D,DISPATCH,UNIT_SCADA,1,"2022/10/20 08:40:00",HALLWF2,50.55
D,DISPATCH,UNIT_SCADA,1,"2022/10/20 08:40:00",HAMISF1,47.70
D,DISPATCH,UNIT_SCADA,1,"2022/10/20 08:40:00",HAUGHT11,22.925310
D,DISPATCH,UNIT_SCADA,1,"2022/10/20 08:40:00",HAYMSF1,44.9310
D,DISPATCH,UNIT_SCADA,1,"2022/10/20 08:40:00",HDWF1,69.10
D,DISPATCH,UNIT_SCADA,1,"2022/10/20 08:40:00",HDWF2,38.50
D,DISPATCH,UNIT_SCADA,1,"2022/10/20 08:40:00",HDWF3,54.30
D,DISPATCH,UNIT_SCADA,1,"2022/10/20 08:40:00",HILLSTN1,15.028220
D,DISPATCH,UNIT_SCADA,1,"2022/10/20 08:40:00",HPRG1,28.70
D,DISPATCH,UNIT_SCADA,1,"2022/10/20 08:40:00",HPRL1,0
D,DISPATCH,UNIT_SCADA,1,"2022/10/20 08:40:00",HUMENSW,54.256810
D,DISPATCH,UNIT_SCADA,1,"2022/10/20 08:40:00",HUMEV,0
D,DISPATCH,UNIT_SCADA,1,"2022/10/20 08:40:00",HVWWBA1G,0
D,DISPATCH,UNIT_SCADA,1,"2022/10/20 08:40:00",HVWWBA1L,0.0070
D,DISPATCH,UNIT_SCADA,1,"2022/10/20 08:40:00",HVWWPV1,0.13
D,DISPATCH,UNIT_SCADA,1,"2022/10/20 08:40:00",JBUTTERS,0
D,DISPATCH,UNIT_SCADA,1,"2022/10/20 08:40:00",JEMALNG1,9.37
D,DISPATCH,UNIT_SCADA,1,"2022/10/20 08:40:00",JLA01,0
D,DISPATCH,UNIT_SCADA,1,"2022/10/20 08:40:00",JLA02,0
D,DISPATCH,UNIT_SCADA,1,"2022/10/20 08:40:00",JLA03,0
D,DISPATCH,UNIT_SCADA,1,"2022/10/20 08:40:00",JLA04,0
D,DISPATCH,UNIT_SCADA,1,"2022/10/20 08:40:00",JLB01,0
D,DISPATCH,UNIT_SCADA,1,"2022/10/20 08:40:00",JLB02,0.10
D,DISPATCH,UNIT_SCADA,1,"2022/10/20 08:40:00",JLB03,0
D,DISPATCH,UNIT_SCADA,1,"2022/10/20 08:40:00",JUNEESF1,3.710590
D,DISPATCH,UNIT_SCADA,1,"2022/10/20 08:40:00",KABANWF1,0
D,DISPATCH,UNIT_SCADA,1,"2022/10/20 08:40:00",KAREEYA1,0
D,DISPATCH,UNIT_SCADA,1,"2022/10/20 08:40:00",KAREEYA2,0
D,DISPATCH,UNIT_SCADA,1,"2022/10/20 08:40:00",KAREEYA3,5.0775
D,DISPATCH,UNIT_SCADA,1,"2022/10/20 08:40:00",KAREEYA4,0
D,DISPATCH,UNIT_SCADA,1,"2022/10/20 08:40:00",KARSF1,8.20
D,DISPATCH,UNIT_SCADA,1,"2022/10/20 08:40:00",KEPSF1,10.27
D,DISPATCH,UNIT_SCADA,1,"2022/10/20 08:40:00",KEPWF1,0
D,DISPATCH,UNIT_SCADA,1,"2022/10/20 08:40:00",KIAMSF1,12.378880
D,DISPATCH,UNIT_SCADA,1,"2022/10/20 08:40:00",KIATAWF1,15.30
D,DISPATCH,UNIT_SCADA,1,"2022/10/20 08:40:00",KPP_1,0
D,DISPATCH,UNIT_SCADA,1,"2022/10/20 08:40:00",KSP1,32.73
D,DISPATCH,UNIT_SCADA,1,"2022/10/20 08:40:00",LADBROK1,0.01
D,DISPATCH,UNIT_SCADA,1,"2022/10/20 08:40:00",LADBROK2,6.40
D,DISPATCH,UNIT_SCADA,1,"2022/10/20 08:40:00",LBBG1,0
D,DISPATCH,UNIT_SCADA,1,"2022/10/20 08:40:00",LBBL1,10.80
D,DISPATCH,UNIT_SCADA,1,"2022/10/20 08:40:00",LD01,325.516540
D,DISPATCH,UNIT_SCADA,1,"2022/10/20 08:40:00",LD02,0
D,DISPATCH,UNIT_SCADA,1,"2022/10/20 08:40:00",LD04,322.275450
D,DISPATCH,UNIT_SCADA,1,"2022/10/20 08:40:00",LEM_WIL,86.961470
D,DISPATCH,UNIT_SCADA,1,"2022/10/20 08:40:00",LGAPWF1,0
D,DISPATCH,UNIT_SCADA,1,"2022/10/20 08:40:00",LGAPWF2,0.83
D,DISPATCH,UNIT_SCADA,1,"2022/10/20 08:40:00",LILYSF1,0
D,DISPATCH,UNIT_SCADA,1,"2022/10/20 08:40:00",LIMOSF11,36.189980
D,DISPATCH,UNIT_SCADA,1,"2022/10/20 08:40:00",LIMOSF21,4.941080
D,DISPATCH,UNIT_SCADA,1,"2022/10/20 08:40:00",LI_WY_CA,63.766060
D,DISPATCH,UNIT_SCADA,1,"2022/10/20 08:40:00",LKBONNY1,0
D,DISPATCH,UNIT_SCADA,1,"2022/10/20 08:40:00",LKBONNY2,0.2151
D,DISPATCH,UNIT_SCADA,1,"2022/10/20 08:40:00",LKBONNY3,0
D,DISPATCH,UNIT_SCADA,1,"2022/10/20 08:40:00",LK_ECHO,0
D,DISPATCH,UNIT_SCADA,1,"2022/10/20 08:40:00",LNGS1,0
D,DISPATCH,UNIT_SCADA,1,"2022/10/20 08:40:00",LNGS2,0
D,DISPATCH,UNIT_SCADA,1,"2022/10/20 08:40:00",LONSDALE,0
D,DISPATCH,UNIT_SCADA,1,"2022/10/20 08:40:00",LOYYB1,518.043030
D,DISPATCH,UNIT_SCADA,1,"2022/10/20 08:40:00",LOYYB2,533.456970
D,DISPATCH,UNIT_SCADA,1,"2022/10/20 08:40:00",LYA1,521
D,DISPATCH,UNIT_SCADA,1,"2022/10/20 08:40:00",LYA2,0
D,DISPATCH,UNIT_SCADA,1,"2022/10/20 08:40:00",LYA3,501
D,DISPATCH,UNIT_SCADA,1,"2022/10/20 08:40:00",LYA4,500
D,DISPATCH,UNIT_SCADA,1,"2022/10/20 08:40:00",MACARTH1,35.599180
D,DISPATCH,UNIT_SCADA,1,"2022/10/20 08:40:00",MACKNTSH,0
D,DISPATCH,UNIT_SCADA,1,"2022/10/20 08:40:00",MANSLR1,5.1270
D,DISPATCH,UNIT_SCADA,1,"2022/10/20 08:40:00",MAPS2PV1,0
D,DISPATCH,UNIT_SCADA,1,"2022/10/20 08:40:00",MAPS3PV1,0
D,DISPATCH,UNIT_SCADA,1,"2022/10/20 08:40:00",MARYRSF1,10.61
D,DISPATCH,UNIT_SCADA,1,"2022/10/20 08:40:00",MBPS2PV1,0
D,DISPATCH,UNIT_SCADA,1,"2022/10/20 08:40:00",MCKAY1,0.02
D,DISPATCH,UNIT_SCADA,1,"2022/10/20 08:40:00",MEADOWBK,19.777360
D,DISPATCH,UNIT_SCADA,1,"2022/10/20 08:40:00",MERCER01,20.90
D,DISPATCH,UNIT_SCADA,1,"2022/10/20 08:40:00",METZSF1,28.156440
D,DISPATCH,UNIT_SCADA,1,"2022/10/20 08:40:00",MEWF1,0
D,DISPATCH,UNIT_SCADA,1,"2022/10/20 08:40:00",MIDDLSF1,5.51
D,DISPATCH,UNIT_SCADA,1,"2022/10/20 08:40:00",MINTARO,0.128180
D,DISPATCH,UNIT_SCADA,1,"2022/10/20 08:40:00",MOLNGSF1,3.350880
D,DISPATCH,UNIT_SCADA,1,"2022/10/20 08:40:00",MOORAWF1,22.89
D,DISPATCH,UNIT_SCADA,1,"2022/10/20 08:40:00",MOREESF1,12.69
D,DISPATCH,UNIT_SCADA,1,"2022/10/20 08:40:00",MORTLK11,0
D,DISPATCH,UNIT_SCADA,1,"2022/10/20 08:40:00",MORTLK12,0
D,DISPATCH,UNIT_SCADA,1,"2022/10/20 08:40:00",MOUSF1,0
D,DISPATCH,UNIT_SCADA,1,"2022/10/20 08:40:00",MP1,0
D,DISPATCH,UNIT_SCADA,1,"2022/10/20 08:40:00",MP2,356.462950
D,DISPATCH,UNIT_SCADA,1,"2022/10/20 08:40:00",MPP_1,176.946850
D,DISPATCH,UNIT_SCADA,1,"2022/10/20 08:40:00",MPP_2,77.440950
D,DISPATCH,UNIT_SCADA,1,"2022/10/20 08:40:00",MRTLSWF1,0
D,DISPATCH,UNIT_SCADA,1,"2022/10/20 08:40:00",MSTUART1,0
D,DISPATCH,UNIT_SCADA,1,"2022/10/20 08:40:00",MSTUART2,0
D,DISPATCH,UNIT_SCADA,1,"2022/10/20 08:40:00",MSTUART3,0
D,DISPATCH,UNIT_SCADA,1,"2022/10/20 08:40:00",MTGELWF1,39.8648
D,DISPATCH,UNIT_SCADA,1,"2022/10/20 08:40:00",MTMILLAR,1.40
D,DISPATCH,UNIT_SCADA,1,"2022/10/20 08:40:00",MURRAY,0
D,DISPATCH,UNIT_SCADA,1,"2022/10/20 08:40:00",MUSSELR1,92.10
D,DISPATCH,UNIT_SCADA,1,"2022/10/20 08:40:00",MUWAWF1,95.54
D,DISPATCH,UNIT_SCADA,1,"2022/10/20 08:40:00",MUWAWF2,81.50
D,DISPATCH,UNIT_SCADA,1,"2022/10/20 08:40:00",MWPS1PV1,0.13
D,DISPATCH,UNIT_SCADA,1,"2022/10/20 08:40:00",MWPS2PV1,0
D,DISPATCH,UNIT_SCADA,1,"2022/10/20 08:40:00",MWPS3PV1,0
D,DISPATCH,UNIT_SCADA,1,"2022/10/20 08:40:00",MWPS4PV1,0
D,DISPATCH,UNIT_SCADA,1,"2022/10/20 08:40:00",NBHWF1,78.50
D,DISPATCH,UNIT_SCADA,1,"2022/10/20 08:40:00",NEVERSF1,2.89
D,DISPATCH,UNIT_SCADA,1,"2022/10/20 08:40:00",NPS,0
D,DISPATCH,UNIT_SCADA,1,"2022/10/20 08:40:00",NUMURSF1,93.16
D,DISPATCH,UNIT_SCADA,1,"2022/10/20 08:40:00",NYNGAN1,16
D,DISPATCH,UNIT_SCADA,1,"2022/10/20 08:40:00",OAKEY1,0
D,DISPATCH,UNIT_SCADA,1,"2022/10/20 08:40:00",OAKEY1SF,4.55
D,DISPATCH,UNIT_SCADA,1,"2022/10/20 08:40:00",OAKEY2,0
D,DISPATCH,UNIT_SCADA,1,"2022/10/20 08:40:00",OAKEY2SF,9.25
D,DISPATCH,UNIT_SCADA,1,"2022/10/20 08:40:00",OAKLAND1,8
D,DISPATCH,UNIT_SCADA,1,"2022/10/20 08:40:00",OSB-AG,0
D,DISPATCH,UNIT_SCADA,1,"2022/10/20 08:40:00",PAREPS1,0.0660
D,DISPATCH,UNIT_SCADA,1,"2022/10/20 08:40:00",PAREPW1,99.73
D,DISPATCH,UNIT_SCADA,1,"2022/10/20 08:40:00",PARSF1,9.999240
D,DISPATCH,UNIT_SCADA,1,"2022/10/20 08:40:00",POAT110,0
D,DISPATCH,UNIT_SCADA,1,"2022/10/20 08:40:00",POAT220,0
D,DISPATCH,UNIT_SCADA,1,"2022/10/20 08:40:00",POR01,0
D,DISPATCH,UNIT_SCADA,1,"2022/10/20 08:40:00",POR03,0
D,DISPATCH,UNIT_SCADA,1,"2022/10/20 08:40:00",PPCCGT,177.578750
D,DISPATCH,UNIT_SCADA,1,"2022/10/20 08:40:00",PTSTAN1,0
D,DISPATCH,UNIT_SCADA,1,"2022/10/20 08:40:00",PUMP1,0
D,DISPATCH,UNIT_SCADA,1,"2022/10/20 08:40:00",PUMP2,0
D,DISPATCH,UNIT_SCADA,1,"2022/10/20 08:40:00",QBYNBG1,0.0045
D,DISPATCH,UNIT_SCADA,1,"2022/10/20 08:40:00",QBYNBL1,0
D,DISPATCH,UNIT_SCADA,1,"2022/10/20 08:40:00",QPS1,0
D,DISPATCH,UNIT_SCADA,1,"2022/10/20 08:40:00",QPS2,0
D,DISPATCH,UNIT_SCADA,1,"2022/10/20 08:40:00",QPS3,0
D,DISPATCH,UNIT_SCADA,1,"2022/10/20 08:40:00",QPS4,0
D,DISPATCH,UNIT_SCADA,1,"2022/10/20 08:40:00",QPS5,77.259990
D,DISPATCH,UNIT_SCADA,1,"2022/10/20 08:40:00",REECE1,50.316720
D,DISPATCH,UNIT_SCADA,1,"2022/10/20 08:40:00",REECE2,0
D,DISPATCH,UNIT_SCADA,1,"2022/10/20 08:40:00",ROMA_7,0
D,DISPATCH,UNIT_SCADA,1,"2022/10/20 08:40:00",ROMA_8,0
D,DISPATCH,UNIT_SCADA,1,"2022/10/20 08:40:00",RRSF1,47.103040
D,DISPATCH,UNIT_SCADA,1,"2022/10/20 08:40:00",RT_NSW1,0
D,DISPATCH,UNIT_SCADA,1,"2022/10/20 08:40:00",RT_NSW2,0
D,DISPATCH,UNIT_SCADA,1,"2022/10/20 08:40:00",RT_NSW3,0
D,DISPATCH,UNIT_SCADA,1,"2022/10/20 08:40:00",RT_NSW4,0
D,DISPATCH,UNIT_SCADA,1,"2022/10/20 08:40:00",RT_NSW5,0
D,DISPATCH,UNIT_SCADA,1,"2022/10/20 08:40:00",RT_NSW6,0
D,DISPATCH,UNIT_SCADA,1,"2022/10/20 08:40:00",RT_QLD1,0
D,DISPATCH,UNIT_SCADA,1,"2022/10/20 08:40:00",RT_SA1,0
D,DISPATCH,UNIT_SCADA,1,"2022/10/20 08:40:00",RT_SA2,0
D,DISPATCH,UNIT_SCADA,1,"2022/10/20 08:40:00",RT_SA3,0
D,DISPATCH,UNIT_SCADA,1,"2022/10/20 08:40:00",RT_SA4,0
D,DISPATCH,UNIT_SCADA,1,"2022/10/20 08:40:00",RT_SA5,0
D,DISPATCH,UNIT_SCADA,1,"2022/10/20 08:40:00",RT_SA6,0
D,DISPATCH,UNIT_SCADA,1,"2022/10/20 08:40:00",RT_TAS1,0
D,DISPATCH,UNIT_SCADA,1,"2022/10/20 08:40:00",RT_VIC1,0
D,DISPATCH,UNIT_SCADA,1,"2022/10/20 08:40:00",RT_VIC10,0
D,DISPATCH,UNIT_SCADA,1,"2022/10/20 08:40:00",RT_VIC11,0
D,DISPATCH,UNIT_SCADA,1,"2022/10/20 08:40:00",RT_VIC12,0
D,DISPATCH,UNIT_SCADA,1,"2022/10/20 08:40:00",RT_VIC2,0
D,DISPATCH,UNIT_SCADA,1,"2022/10/20 08:40:00",RT_VIC3,0
D,DISPATCH,UNIT_SCADA,1,"2022/10/20 08:40:00",RT_VIC4,0
D,DISPATCH,UNIT_SCADA,1,"2022/10/20 08:40:00",RT_VIC5,0
D,DISPATCH,UNIT_SCADA,1,"2022/10/20 08:40:00",RT_VIC6,0
D,DISPATCH,UNIT_SCADA,1,"2022/10/20 08:40:00",RT_VIC7,0
D,DISPATCH,UNIT_SCADA,1,"2022/10/20 08:40:00",RT_VIC8,0
D,DISPATCH,UNIT_SCADA,1,"2022/10/20 08:40:00",RT_VIC9,0
D,DISPATCH,UNIT_SCADA,1,"2022/10/20 08:40:00",RUGBYR1,5.113340
D,DISPATCH,UNIT_SCADA,1,"2022/10/20 08:40:00",SALTCRK1,36.25
D,DISPATCH,UNIT_SCADA,1,"2022/10/20 08:40:00",SAPHWF1,252.455930
D,DISPATCH,UNIT_SCADA,1,"2022/10/20 08:40:00",SEBSF1,39.653720
D,DISPATCH,UNIT_SCADA,1,"2022/10/20 08:40:00",SHGEN,0
D,DISPATCH,UNIT_SCADA,1,"2022/10/20 08:40:00",SHPUMP,0
D,DISPATCH,UNIT_SCADA,1,"2022/10/20 08:40:00",SITHE01,0.1840
D,DISPATCH,UNIT_SCADA,1,"2022/10/20 08:40:00",SMCSF1,24.6990
D,DISPATCH,UNIT_SCADA,1,"2022/10/20 08:40:00",SNAPPER1,0
D,DISPATCH,UNIT_SCADA,1,"2022/10/20 08:40:00",SNOWNTH1,125.70
D,DISPATCH,UNIT_SCADA,1,"2022/10/20 08:40:00",SNOWSTH1,103.30
D,DISPATCH,UNIT_SCADA,1,"2022/10/20 08:40:00",SNOWTWN1,0
D,DISPATCH,UNIT_SCADA,1,"2022/10/20 08:40:00",SNOWYP,0
D,DISPATCH,UNIT_SCADA,1,"2022/10/20 08:40:00",SNUG1,0
D,DISPATCH,UNIT_SCADA,1,"2022/10/20 08:40:00",SRSF1,6.21
D,DISPATCH,UNIT_SCADA,1,"2022/10/20 08:40:00",STAN-1,286.798280
D,DISPATCH,UNIT_SCADA,1,"2022/10/20 08:40:00",STAN-2,365.1022
D,DISPATCH,UNIT_SCADA,1,"2022/10/20 08:40:00",STAN-3,155.877270
D,DISPATCH,UNIT_SCADA,1,"2022/10/20 08:40:00",STAN-4,365.909730
D,DISPATCH,UNIT_SCADA,1,"2022/10/20 08:40:00",STARHLWF,0.01
D,DISPATCH,UNIT_SCADA,1,"2022/10/20 08:40:00",STOCKYD1,78.90
D,DISPATCH,UNIT_SCADA,1,"2022/10/20 08:40:00",STWF1,11.4754
D,DISPATCH,UNIT_SCADA,1,"2022/10/20 08:40:00",SUNRSF1,21.089490
D,DISPATCH,UNIT_SCADA,1,"2022/10/20 08:40:00",SUNTPSF1,28.561840
D,DISPATCH,UNIT_SCADA,1,"2022/10/20 08:40:00",SWAN_E,155.131870
D,DISPATCH,UNIT_SCADA,1,"2022/10/20 08:40:00",TALWA1,0
D,DISPATCH,UNIT_SCADA,1,"2022/10/20 08:40:00",TARALGA1,0
D,DISPATCH,UNIT_SCADA,1,"2022/10/20 08:40:00",TARONG#1,348.600010
D,DISPATCH,UNIT_SCADA,1,"2022/10/20 08:40:00",TARONG#2,349.800020
D,DISPATCH,UNIT_SCADA,1,"2022/10/20 08:40:00",TARONG#3,0.90
D,DISPATCH,UNIT_SCADA,1,"2022/10/20 08:40:00",TARONG#4,295
D,DISPATCH,UNIT_SCADA,1,"2022/10/20 08:40:00",TARRALEA,54
D,DISPATCH,UNIT_SCADA,1,"2022/10/20 08:40:00",TBSF1,0.10
D,DISPATCH,UNIT_SCADA,1,"2022/10/20 08:40:00",TNPS1,442.75
D,DISPATCH,UNIT_SCADA,1,"2022/10/20 08:40:00",TORRB1,0
D,DISPATCH,UNIT_SCADA,1,"2022/10/20 08:40:00",TORRB2,44
D,DISPATCH,UNIT_SCADA,1,"2022/10/20 08:40:00",TORRB3,0
D,DISPATCH,UNIT_SCADA,1,"2022/10/20 08:40:00",TORRB4,0
D,DISPATCH,UNIT_SCADA,1,"2022/10/20 08:40:00",TREVALLN,98.0797
D,DISPATCH,UNIT_SCADA,1,"2022/10/20 08:40:00",TRIBUTE,0
D,DISPATCH,UNIT_SCADA,1,"2022/10/20 08:40:00",TUMUT3,0
D,DISPATCH,UNIT_SCADA,1,"2022/10/20 08:40:00",TUNGATIN,7.960020
D,DISPATCH,UNIT_SCADA,1,"2022/10/20 08:40:00",TVCC201,0
D,DISPATCH,UNIT_SCADA,1,"2022/10/20 08:40:00",TVPP104,39.970660
D,DISPATCH,UNIT_SCADA,1,"2022/10/20 08:40:00",UPPTUMUT,0
D,DISPATCH,UNIT_SCADA,1,"2022/10/20 08:40:00",URANQ11,0
D,DISPATCH,UNIT_SCADA,1,"2022/10/20 08:40:00",URANQ12,0
D,DISPATCH,UNIT_SCADA,1,"2022/10/20 08:40:00",URANQ13,0
D,DISPATCH,UNIT_SCADA,1,"2022/10/20 08:40:00",URANQ14,0
D,DISPATCH,UNIT_SCADA,1,"2022/10/20 08:40:00",VBBG1,8.60
D,DISPATCH,UNIT_SCADA,1,"2022/10/20 08:40:00",VBBL1,0
D,DISPATCH,UNIT_SCADA,1,"2022/10/20 08:40:00",VP5,497.671450
D,DISPATCH,UNIT_SCADA,1,"2022/10/20 08:40:00",VP6,475.356290
D,DISPATCH,UNIT_SCADA,1,"2022/10/20 08:40:00",VPGS1,0
D,DISPATCH,UNIT_SCADA,1,"2022/10/20 08:40:00",VPGS2,0
D,DISPATCH,UNIT_SCADA,1,"2022/10/20 08:40:00",VPGS3,0
D,DISPATCH,UNIT_SCADA,1,"2022/10/20 08:40:00",VPGS4,0
D,DISPATCH,UNIT_SCADA,1,"2022/10/20 08:40:00",VPGS5,0
D,DISPATCH,UNIT_SCADA,1,"2022/10/20 08:40:00",VPGS6,0
D,DISPATCH,UNIT_SCADA,1,"2022/10/20 08:40:00",W/HOE#1,0
D,DISPATCH,UNIT_SCADA,1,"2022/10/20 08:40:00",W/HOE#2,0
D,DISPATCH,UNIT_SCADA,1,"2022/10/20 08:40:00",WAGGNSF1,0
D,DISPATCH,UNIT_SCADA,1,"2022/10/20 08:40:00",WALGRVG1,0.000930
D,DISPATCH,UNIT_SCADA,1,"2022/10/20 08:40:00",WALGRVL1,0
D,DISPATCH,UNIT_SCADA,1,"2022/10/20 08:40:00",WANDBG1,1.244450
D,DISPATCH,UNIT_SCADA,1,"2022/10/20 08:40:00",WANDBL1,0
D,DISPATCH,UNIT_SCADA,1,"2022/10/20 08:40:00",WARWSF1,16
D,DISPATCH,UNIT_SCADA,1,"2022/10/20 08:40:00",WARWSF2,15.98
D,DISPATCH,UNIT_SCADA,1,"2022/10/20 08:40:00",WATERLWF,0.80
D,DISPATCH,UNIT_SCADA,1,"2022/10/20 08:40:00",WDGPH1,45.23
D,DISPATCH,UNIT_SCADA,1,"2022/10/20 08:40:00",WELLSF1,30.484470
D,DISPATCH,UNIT_SCADA,1,"2022/10/20 08:40:00",WEMENSF1,28
D,DISPATCH,UNIT_SCADA,1,"2022/10/20 08:40:00",WGWF1,108.30
D,DISPATCH,UNIT_SCADA,1,"2022/10/20 08:40:00",WHITSF1,36.90
D,DISPATCH,UNIT_SCADA,1,"2022/10/20 08:40:00",WINTSF1,83.78
D,DISPATCH,UNIT_SCADA,1,"2022/10/20 08:40:00",WKIEWA1,34.30
D,DISPATCH,UNIT_SCADA,1,"2022/10/20 08:40:00",WKIEWA2,34.30
D,DISPATCH,UNIT_SCADA,1,"2022/10/20 08:40:00",WOODLWN1,26.618080
D,DISPATCH,UNIT_SCADA,1,"2022/10/20 08:40:00",WOOLGSF1,18.568190
D,DISPATCH,UNIT_SCADA,1,"2022/10/20 08:40:00",WPWF,55.02
D,DISPATCH,UNIT_SCADA,1,"2022/10/20 08:40:00",WRSF1,3.6195
D,DISPATCH,UNIT_SCADA,1,"2022/10/20 08:40:00",WRWF1,68.442810
D,DISPATCH,UNIT_SCADA,1,"2022/10/20 08:40:00",WSTWYSF1,0
D,DISPATCH,UNIT_SCADA,1,"2022/10/20 08:40:00",YABULU,0
D,DISPATCH,UNIT_SCADA,1,"2022/10/20 08:40:00",YABULU2,0
D,DISPATCH,UNIT_SCADA,1,"2022/10/20 08:40:00",YARANSF1,28.13
D,DISPATCH,UNIT_SCADA,1,"2022/10/20 08:40:00",YARWUN_1,164.80
D,DISPATCH,UNIT_SCADA,1,"2022/10/20 08:40:00",YATSF1,17.40
D,DISPATCH,UNIT_SCADA,1,"2022/10/20 08:40:00",YENDWF1,21.22
D,DISPATCH,UNIT_SCADA,1,"2022/10/20 08:40:00",YWPS1,366.916440
D,DISPATCH,UNIT_SCADA,1,"2022/10/20 08:40:00",YWPS2,289.972140
D,DISPATCH,UNIT_SCADA,1,"2022/10/20 08:40:00",YWPS3,360.517730
D,DISPATCH,UNIT_SCADA,1,"2022/10/20 08:40:00",YWPS4,0
C,"END OF REPORT",419
