C,NEMP.WORLD,DISPATCHSCADA,AEMO,PUBLIC,2022/10/20,09:50:19,0000000373245088,DISPATCHSCADA,0000000373245082
I,DISPATCH,UNIT_SCADA,1,SETTLEMENTDATE,DUID,SCADAVALUE
D,DISPATCH,UNIT_SCADA,1,"2022/10/20 09:55:00",BARCSF1,8.50
D,DISPATCH,UNIT_SCADA,1,"2022/10/20 09:55:00",BUTLERSG,8.699999
D,DISPATCH,UNIT_SCADA,1,"2022/10/20 09:55:00",CAPTL_WF,36.109924
D,DISPATCH,UNIT_SCADA,1,"2022/10/20 09:55:00",CHALLHWF,4
D,DISPATCH,UNIT_SCADA,1,"2022/10/20 09:55:00",CLOVER,11.27
D,DISPATCH,UNIT_SCADA,1,"2022/10/20 09:55:00",CLUNY,6.228885
D,DISPATCH,UNIT_SCADA,1,"2022/10/20 09:55:00",CULLRGWF,-0.02
D,DISPATCH,UNIT_SCADA,1,"2022/10/20 09:55:00",DIAPURWF1,4.80
D,DISPATCH,UNIT_SCADA,1,"2022/10/20 09:55:00",ERGT01,0
D,DISPATCH,UNIT_SCADA,1,"2022/10/20 09:55:00",GB01,0
D,DISPATCH,UNIT_SCADA,1,"2022/10/20 09:55:00",GERMCRK,19.799999
D,DISPATCH,UNIT_SCADA,1,"2022/10/20 09:55:00",GRIFSF1,5.699244
D,DISPATCH,UNIT_SCADA,1,"2022/10/20 09:55:00",HEZ1,0
D,DISPATCH,UNIT_SCADA,1,"2022/10/20 09:55:00",HUGSF1,4.3130
D,DISPATCH,UNIT_SCADA,1,"2022/10/20 09:55:00",KEPBG1,0
D,DISPATCH,UNIT_SCADA,1,"2022/10/20 09:55:00",LRSF1,7.4380
D,DISPATCH,UNIT_SCADA,1,"2022/10/20 09:55:00",MBAHNTH,46.443756
D,DISPATCH,UNIT_SCADA,1,"2022/10/20 09:55:00",MLSP1,11.969001
D,DISPATCH,UNIT_SCADA,1,"2022/10/20 09:55:00",MLWF1,6.5250
D,DISPATCH,UNIT_SCADA,1,"2022/10/20 09:55:00",PALOONA,29.859999
D,DISPATCH,UNIT_SCADA,1,"2022/10/20 09:55:00",PIONEER,42.50
D,DISPATCH,UNIT_SCADA,1,"2022/10/20 09:55:00",PORTWF,71.099998
D,DISPATCH,UNIT_SCADA,1,"2022/10/20 09:55:00",REPULSE,9.765163
D,DISPATCH,UNIT_SCADA,1,"2022/10/20 09:55:00",ROWALLAN,8.8821
D,DISPATCH,UNIT_SCADA,1,"2022/10/20 09:55:00",ROYALLA1,9.331003
D,DISPATCH,UNIT_SCADA,1,"2022/10/20 09:55:00",RPCG,-1.80
D,DISPATCH,UNIT_SCADA,1,"2022/10/20 09:55:00",RUBICON,0
D,DISPATCH,UNIT_SCADA,1,"2022/10/20 09:55:00",WAUBRAWF,4.3040
D,DISPATCH,UNIT_SCADA,1,"2022/10/20 09:55:00",WOOLNTH1,-0.86
D,DISPATCH,UNIT_SCADA,1,"2022/10/20 09:55:00",YAMBUKWF,5.10
D,DISPATCH,UNIT_SCADA,1,"2022/10/20 09:55:00",YSWF1,0.40
D,DISPATCH,UNIT_SCADA,1,"2022/10/20 09:55:00",ADPBA1G,0.0080
D,DISPATCH,UNIT_SCADA,1,"2022/10/20 09:55:00",ADPBA1L,0
D,DISPATCH,UNIT_SCADA,1,"2022/10/20 09:55:00",ADPPV1,0.0650
D,DISPATCH,UNIT_SCADA,1,"2022/10/20 09:55:00",AGLHAL,0
D,DISPATCH,UNIT_SCADA,1,"2022/10/20 09:55:00",AGLSOM,0
D,DISPATCH,UNIT_SCADA,1,"2022/10/20 09:55:00",ANGAST1,0
D,DISPATCH,UNIT_SCADA,1,"2022/10/20 09:55:00",ARWF1,2.90
D,DISPATCH,UNIT_SCADA,1,"2022/10/20 09:55:00",BALBG1,0
D,DISPATCH,UNIT_SCADA,1,"2022/10/20 09:55:00",BALBL1,0
D,DISPATCH,UNIT_SCADA,1,"2022/10/20 09:55:00",BALDHWF1,5.54
D,DISPATCH,UNIT_SCADA,1,"2022/10/20 09:55:00",BANGOWF1,35.696350
D,DISPATCH,UNIT_SCADA,1,"2022/10/20 09:55:00",BANGOWF2,51.897540
D,DISPATCH,UNIT_SCADA,1,"2022/10/20 09:55:00",BANN1,23.14
D,DISPATCH,UNIT_SCADA,1,"2022/10/20 09:55:00",BARCALDN,0
D,DISPATCH,UNIT_SCADA,1,"2022/10/20 09:55:00",BARKIPS1,0
D,DISPATCH,UNIT_SCADA,1,"2022/10/20 09:55:00",BARRON-1,0
D,DISPATCH,UNIT_SCADA,1,"2022/10/20 09:55:00",BARRON-2,0
D,DISPATCH,UNIT_SCADA,1,"2022/10/20 09:55:00",BASTYAN,53.990010
D,DISPATCH,UNIT_SCADA,1,"2022/10/20 09:55:00",BBTHREE1,0
D,DISPATCH,UNIT_SCADA,1,"2022/10/20 09:55:00",BBTHREE2,0
D,DISPATCH,UNIT_SCADA,1,"2022/10/20 09:55:00",BBTHREE3,-1.02
D,DISPATCH,UNIT_SCADA,1,"2022/10/20 09:55:00",BDL01,0
D,DISPATCH,UNIT_SCADA,1,"2022/10/20 09:55:00",BDL02,0
D,DISPATCH,UNIT_SCADA,1,"2022/10/20 09:55:00",BERYLSF1,4.650350
D,DISPATCH,UNIT_SCADA,1,"2022/10/20 09:55:00",BLOWERNG,62.60
D,DISPATCH,UNIT_SCADA,1,"2022/10/20 09:55:00",BLUEGSF1,73.805820
D,DISPATCH,UNIT_SCADA,1,"2022/10/20 09:55:00",BLUFF1,45.90
D,DISPATCH,UNIT_SCADA,1,"2022/10/20 09:55:00",BNGSF1,109.95
D,DISPATCH,UNIT_SCADA,1,"2022/10/20 09:55:00",BNGSF2,110.36
D,DISPATCH,UNIT_SCADA,1,"2022/10/20 09:55:00",BOCORWF1,0.88
D,DISPATCH,UNIT_SCADA,1,"2022/10/20 09:55:00",BODWF1,104.010630
D,DISPATCH,UNIT_SCADA,1,"2022/10/20 09:55:00",BOMENSF1,54.070040
D,DISPATCH,UNIT_SCADA,1,"2022/10/20 09:55:00",BOWWBA1G,0
D,DISPATCH,UNIT_SCADA,1,"2022/10/20 09:55:00",BOWWBA1L,0.0030
D,DISPATCH,UNIT_SCADA,1,"2022/10/20 09:55:00",BOWWPV1,0
D,DISPATCH,UNIT_SCADA,1,"2022/10/20 09:55:00",BRAEMAR1,0
D,DISPATCH,UNIT_SCADA,1,"2022/10/20 09:55:00",BRAEMAR2,0
D,DISPATCH,UNIT_SCADA,1,"2022/10/20 09:55:00",BRAEMAR3,0
D,DISPATCH,UNIT_SCADA,1,"2022/10/20 09:55:00",BRAEMAR5,0.292060
D,DISPATCH,UNIT_SCADA,1,"2022/10/20 09:55:00",BRAEMAR6,0
D,DISPATCH,UNIT_SCADA,1,"2022/10/20 09:55:00",BRAEMAR7,0.130920
D,DISPATCH,UNIT_SCADA,1,"2022/10/20 09:55:00",BROKENH1,14.099780
D,DISPATCH,UNIT_SCADA,1,"2022/10/20 09:55:00",BRYB1WF1,93.156330
D,DISPATCH,UNIT_SCADA,1,"2022/10/20 09:55:00",BULBESG1,0
D,DISPATCH,UNIT_SCADA,1,"2022/10/20 09:55:00",BULBESL1,0.06
D,DISPATCH,UNIT_SCADA,1,"2022/10/20 09:55:00",BULGANA1,24.95
D,DISPATCH,UNIT_SCADA,1,"2022/10/20 09:55:00",BW01,661.301570
D,DISPATCH,UNIT_SCADA,1,"2022/10/20 09:55:00",BW02,621.628110
D,DISPATCH,UNIT_SCADA,1,"2022/10/20 09:55:00",BW03,551.094850
D,DISPATCH,UNIT_SCADA,1,"2022/10/20 09:55:00",BW04,0
D,DISPATCH,UNIT_SCADA,1,"2022/10/20 09:55:00",CALL_B_1,319.899990
D,DISPATCH,UNIT_SCADA,1,"2022/10/20 09:55:00",CALL_B_2,321.700010
D,DISPATCH,UNIT_SCADA,1,"2022/10/20 09:55:00",CATHROCK,0
D,DISPATCH,UNIT_SCADA,1,"2022/10/20 09:55:00",CBWWBA1G,0
D,DISPATCH,UNIT_SCADA,1,"2022/10/20 09:55:00",CBWWBA1L,0
D,DISPATCH,UNIT_SCADA,1,"2022/10/20 09:55:00",CETHANA,24.238870
D,DISPATCH,UNIT_SCADA,1,"2022/10/20 09:55:00",CG1,0
D,DISPATCH,UNIT_SCADA,1,"2022/10/20 09:55:00",CG2,0
D,DISPATCH,UNIT_SCADA,1,"2022/10/20 09:55:00",CG3,0
D,DISPATCH,UNIT_SCADA,1,"2022/10/20 09:55:00",CG4,0
D,DISPATCH,UNIT_SCADA,1,"2022/10/20 09:55:00",CHILDSF1,4.61
D,DISPATCH,UNIT_SCADA,1,"2022/10/20 09:55:00",CHYTWF1,2.32
D,DISPATCH,UNIT_SCADA,1,"2022/10/20 09:55:00",CLARESF1,95.911930
D,DISPATCH,UNIT_SCADA,1,"2022/10/20 09:55:00",CLEMGPWF,8.500130
D,DISPATCH,UNIT_SCADA,1,"2022/10/20 09:55:00",CLERMSF1,22.24
D,DISPATCH,UNIT_SCADA,1,"2022/10/20 09:55:00",CNUNDAWF,0.200230
D,DISPATCH,UNIT_SCADA,1,"2022/10/20 09:55:00",COHUNSF1,5.83
D,DISPATCH,UNIT_SCADA,1,"2022/10/20 09:55:00",COLEASF1,19.099340
D,DISPATCH,UNIT_SCADA,1,"2022/10/20 09:55:00",COLUMSF1,26.2190
D,DISPATCH,UNIT_SCADA,1,"2022/10/20 09:55:00",COLWF01,79.066150
D,DISPATCH,UNIT_SCADA,1,"2022/10/20 09:55:00",COOPGWF1,243.66
D,DISPATCH,UNIT_SCADA,1,"2022/10/20 09:55:00",CPP_3,360.524990
D,DISPATCH,UNIT_SCADA,1,"2022/10/20 09:55:00",CPP_4,0
D,DISPATCH,UNIT_SCADA,1,"2022/10/20 09:55:00",CPSA,0
D,DISPATCH,UNIT_SCADA,1,"2022/10/20 09:55:00",CROOKWF2,42.174110
D,DISPATCH,UNIT_SCADA,1,"2022/10/20 09:55:00",CROWLWF1,23.541760
D,DISPATCH,UNIT_SCADA,1,"2022/10/20 09:55:00",CRURWF1,52.395590
D,DISPATCH,UNIT_SCADA,1,"2022/10/20 09:55:00",CRWASF1,30.247940
D,DISPATCH,UNIT_SCADA,1,"2022/10/20 09:55:00",CSPVPS1,2.8570
D,DISPATCH,UNIT_SCADA,1,"2022/10/20 09:55:00",CTHLWF1,0.003050
D,DISPATCH,UNIT_SCADA,1,"2022/10/20 09:55:00",DALNTH01,0
D,DISPATCH,UNIT_SCADA,1,"2022/10/20 09:55:00",DALNTHL1,0.038150
D,DISPATCH,UNIT_SCADA,1,"2022/10/20 09:55:00",DARLSF1,44.247560
D,DISPATCH,UNIT_SCADA,1,"2022/10/20 09:55:00",DARTM1,0
D,DISPATCH,UNIT_SCADA,1,"2022/10/20 09:55:00",DAYDSF1,7.7760
D,DISPATCH,UNIT_SCADA,1,"2022/10/20 09:55:00",DDPS1,0
D,DISPATCH,UNIT_SCADA,1,"2022/10/20 09:55:00",DDSF1,24.458240
D,DISPATCH,UNIT_SCADA,1,"2022/10/20 09:55:00",DEVILS_G,58.483230
D,DISPATCH,UNIT_SCADA,1,"2022/10/20 09:55:00",DG_NSW1,0
D,DISPATCH,UNIT_SCADA,1,"2022/10/20 09:55:00",DG_QLD1,0
D,DISPATCH,UNIT_SCADA,1,"2022/10/20 09:55:00",DG_SA1,0
D,DISPATCH,UNIT_SCADA,1,"2022/10/20 09:55:00",DG_TAS1,0
D,DISPATCH,UNIT_SCADA,1,"2022/10/20 09:55:00",DG_VIC1,0
D,DISPATCH,UNIT_SCADA,1,"2022/10/20 09:55:00",DRYCGT1,0
D,DISPATCH,UNIT_SCADA,1,"2022/10/20 09:55:00",DRYCGT2,0
D,DISPATCH,UNIT_SCADA,1,"2022/10/20 09:55:00",DRYCGT3,0
D,DISPATCH,UNIT_SCADA,1,"2022/10/20 09:55:00",DUNDWF1,56.66
D,DISPATCH,UNIT_SCADA,1,"2022/10/20 09:55:00",DUNDWF2,17.91
D,DISPATCH,UNIT_SCADA,1,"2022/10/20 09:55:00",DUNDWF3,49.51
D,DISPATCH,UNIT_SCADA,1,"2022/10/20 09:55:00",EILDON1,60
D,DISPATCH,UNIT_SCADA,1,"2022/10/20 09:55:00",EILDON2,60
D,DISPATCH,UNIT_SCADA,1,"2022/10/20 09:55:00",ELAINWF1,15.82
D,DISPATCH,UNIT_SCADA,1,"2022/10/20 09:55:00",EMERASF1,0
D,DISPATCH,UNIT_SCADA,1,"2022/10/20 09:55:00",ER01,0
D,DISPATCH,UNIT_SCADA,1,"2022/10/20 09:55:00",ER02,351.9707
D,DISPATCH,UNIT_SCADA,1,"2022/10/20 09:55:00",ER03,429.340060
D,DISPATCH,UNIT_SCADA,1,"2022/10/20 09:55:00",ER04,426.556790
D,DISPATCH,UNIT_SCADA,1,"2022/10/20 09:55:00",FINLYSF1,131.267260
D,DISPATCH,UNIT_SCADA,1,"2022/10/20 09:55:00",FISHER,43.91
D,DISPATCH,UNIT_SCADA,1,"2022/10/20 09:55:00",GANGARR1,16.3420
D,DISPATCH,UNIT_SCADA,1,"2022/10/20 09:55:00",GANNBG1,0
D,DISPATCH,UNIT_SCADA,1,"2022/10/20 09:55:00",GANNBL1,3.7418
D,DISPATCH,UNIT_SCADA,1,"2022/10/20 09:55:00",GANNSF1,33.90
D,DISPATCH,UNIT_SCADA,1,"2022/10/20 09:55:00",GLRWNSF1,104.54
D,DISPATCH,UNIT_SCADA,1,"2022/10/20 09:55:00",GNNDHSF1,43.891740
D,DISPATCH,UNIT_SCADA,1,"2022/10/20 09:55:00",GOONSF1,17.303730
D,DISPATCH,UNIT_SCADA,1,"2022/10/20 09:55:00",GORDON,230.449680
D,DISPATCH,UNIT_SCADA,1,"2022/10/20 09:55:00",GRANWF1,0.81
D,DISPATCH,UNIT_SCADA,1,"2022/10/20 09:55:00",GSTONE1,169.05
D,DISPATCH,UNIT_SCADA,1,"2022/10/20 09:55:00",GSTONE2,0
D,DISPATCH,UNIT_SCADA,1,"2022/10/20 09:55:00",GSTONE3,169.05
D,DISPATCH,UNIT_SCADA,1,"2022/10/20 09:55:00",GSTONE4,0
D,DISPATCH,UNIT_SCADA,1,"2022/10/20 09:55:00",GSTONE5,169.399990
D,DISPATCH,UNIT_SCADA,1,"2022/10/20 09:55:00",GSTONE6,168.8750
D,DISPATCH,UNIT_SCADA,1,"2022/10/20 09:55:00",GULLRSF1,3.214950
D,DISPATCH,UNIT_SCADA,1,"2022/10/20 09:55:00",GULLRWF1,64.074030
D,DISPATCH,UNIT_SCADA,1,"2022/10/20 09:55:00",GULLRWF2,88.202030
D,DISPATCH,UNIT_SCADA,1,"2022/10/20 09:55:00",GUNNING1,0
D,DISPATCH,UNIT_SCADA,1,"2022/10/20 09:55:00",GUTHEGA,68.20
D,DISPATCH,UNIT_SCADA,1,"2022/10/20 09:55:00",HALLWF1,42.02
D,DISPATCH,UNIT_SCADA,1,"2022/10/20 09:55:00",HALLWF2,45.12
D,DISPATCH,UNIT_SCADA,1,"2022/10/20 09:55:00",HAMISF1,0
D,DISPATCH,UNIT_SCADA,1,"2022/10/20 09:55:00",HAUGHT11,45.604860
D,DISPATCH,UNIT_SCADA,1,"2022/10/20 09:55:00",HAYMSF1,2.3610
D,DISPATCH,UNIT_SCADA,1,"2022/10/20 09:55:00",HDWF1,70.50
D,DISPATCH,UNIT_SCADA,1,"2022/10/20 09:55:00",HDWF2,52.60
D,DISPATCH,UNIT_SCADA,1,"2022/10/20 09:55:00",HDWF3,63.20
D,DISPATCH,UNIT_SCADA,1,"2022/10/20 09:55:00",HILLSTN1,14.887940
D,DISPATCH,UNIT_SCADA,1,"2022/10/20 09:55:00",HPRG1,0
D,DISPATCH,UNIT_SCADA,1,"2022/10/20 09:55:00",HPRL1,1.50
D,DISPATCH,UNIT_SCADA,1,"2022/10/20 09:55:00",HUMENSW,54.785920
D,DISPATCH,UNIT_SCADA,1,"2022/10/20 09:55:00",HUMEV,0
D,DISPATCH,UNIT_SCADA,1,"2022/10/20 09:55:00",HVWWBA1G,0
D,DISPATCH,UNIT_SCADA,1,"2022/10/20 09:55:00",HVWWBA1L,0.0070
D,DISPATCH,UNIT_SCADA,1,"2022/10/20 09:55:00",HVWWPV1,0.0220
D,DISPATCH,UNIT_SCADA,1,"2022/10/20 09:55:00",JBUTTERS,0
D,DISPATCH,UNIT_SCADA,1,"2022/10/20 09:55:00",JEMALNG1,4.35
D,DISPATCH,UNIT_SCADA,1,"2022/10/20 09:55:00",JLA01,0
D,DISPATCH,UNIT_SCADA,1,"2022/10/20 09:55:00",JLA02,0
D,DISPATCH,UNIT_SCADA,1,"2022/10/20 09:55:00",JLA03,0
D,DISPATCH,UNIT_SCADA,1,"2022/10/20 09:55:00",JLA04,0
D,DISPATCH,UNIT_SCADA,1,"2022/10/20 09:55:00",JLB01,0
D,DISPATCH,UNIT_SCADA,1,"2022/10/20 09:55:00",JLB02,0.10
D,DISPATCH,UNIT_SCADA,1,"2022/10/20 09:55:00",JLB03,0
D,DISPATCH,UNIT_SCADA,1,"2022/10/20 09:55:00",JUNEESF1,14.049280
D,DISPATCH,UNIT_SCADA,1,"2022/10/20 09:55:00",KABANWF1,0
D,DISPATCH,UNIT_SCADA,1,"2022/10/20 09:55:00",KAREEYA1,0
D,DISPATCH,UNIT_SCADA,1,"2022/10/20 09:55:00",KAREEYA2,0
D,DISPATCH,UNIT_SCADA,1,"2022/10/20 09:55:00",KAREEYA3,4.9625
D,DISPATCH,UNIT_SCADA,1,"2022/10/20 09:55:00",KAREEYA4,0
D,DISPATCH,UNIT_SCADA,1,"2022/10/20 09:55:00",KARSF1,19.70
D,DISPATCH,UNIT_SCADA,1,"2022/10/20 09:55:00",KEPSF1,11.56
D,DISPATCH,UNIT_SCADA,1,"2022/10/20 09:55:00",KEPWF1,4.20
D,DISPATCH,UNIT_SCADA,1,"2022/10/20 09:55:00",KIAMSF1,18.955520
D,DISPATCH,UNIT_SCADA,1,"2022/10/20 09:55:00",KIATAWF1,11.20
D,DISPATCH,UNIT_SCADA,1,"2022/10/20 09:55:00",KPP_1,0
D,DISPATCH,UNIT_SCADA,1,"2022/10/20 09:55:00",KSP1,46.47
D,DISPATCH,UNIT_SCADA,1,"2022/10/20 09:55:00",LADBROK1,0.02
D,DISPATCH,UNIT_SCADA,1,"2022/10/20 09:55:00",LADBROK2,6.19
D,DISPATCH,UNIT_SCADA,1,"2022/10/20 09:55:00",LBBG1,0
D,DISPATCH,UNIT_SCADA,1,"2022/10/20 09:55:00",LBBL1,10.95
D,DISPATCH,UNIT_SCADA,1,"2022/10/20 09:55:00",LD01,284.792630
D,DISPATCH,UNIT_SCADA,1,"2022/10/20 09:55:00",LD02,0
D,DISPATCH,UNIT_SCADA,1,"2022/10/20 09:55:00",LD04,281.661440
D,DISPATCH,UNIT_SCADA,1,"2022/10/20 09:55:00",LEM_WIL,78.263490
D,DISPATCH,UNIT_SCADA,1,"2022/10/20 09:55:00",LGAPWF1,20.11
D,DISPATCH,UNIT_SCADA,1,"2022/10/20 09:55:00",LGAPWF2,0
D,DISPATCH,UNIT_SCADA,1,"2022/10/20 09:55:00",LILYSF1,25.427970
D,DISPATCH,UNIT_SCADA,1,"2022/10/20 09:55:00",LIMOSF11,54.327760
D,DISPATCH,UNIT_SCADA,1,"2022/10/20 09:55:00",LIMOSF21,7.518270
D,DISPATCH,UNIT_SCADA,1,"2022/10/20 09:55:00",LI_WY_CA,56.093680
D,DISPATCH,UNIT_SCADA,1,"2022/10/20 09:55:00",LKBONNY1,0
D,DISPATCH,UNIT_SCADA,1,"2022/10/20 09:55:00",LKBONNY2,0
D,DISPATCH,UNIT_SCADA,1,"2022/10/20 09:55:00",LKBONNY3,0
D,DISPATCH,UNIT_SCADA,1,"2022/10/20 09:55:00",LK_ECHO,0
D,DISPATCH,UNIT_SCADA,1,"2022/10/20 09:55:00",LNGS1,0
D,DISPATCH,UNIT_SCADA,1,"2022/10/20 09:55:00",LNGS2,0
D,DISPATCH,UNIT_SCADA,1,"2022/10/20 09:55:00",LONSDALE,0
D,DISPATCH,UNIT_SCADA,1,"2022/10/20 09:55:00",LOYYB1,438.717710
D,DISPATCH,UNIT_SCADA,1,"2022/10/20 09:55:00",LOYYB2,446.236690
D,DISPATCH,UNIT_SCADA,1,"2022/10/20 09:55:00",LYA1,522
D,DISPATCH,UNIT_SCADA,1,"2022/10/20 09:55:00",LYA2,0
D,DISPATCH,UNIT_SCADA,1,"2022/10/20 09:55:00",LYA3,432
D,DISPATCH,UNIT_SCADA,1,"2022/10/20 09:55:00",LYA4,432
D,DISPATCH,UNIT_SCADA,1,"2022/10/20 09:55:00",MACARTH1,44.098980
D,DISPATCH,UNIT_SCADA,1,"2022/10/20 09:55:00",MACKNTSH,0
D,DISPATCH,UNIT_SCADA,1,"2022/10/20 09:55:00",MANSLR1,10.4210
D,DISPATCH,UNIT_SCADA,1,"2022/10/20 09:55:00",MAPS2PV1,0
D,DISPATCH,UNIT_SCADA,1,"2022/10/20 09:55:00",MAPS3PV1,0
D,DISPATCH,UNIT_SCADA,1,"2022/10/20 09:55:00",MARYRSF1,2.21
D,DISPATCH,UNIT_SCADA,1,"2022/10/20 09:55:00",MBPS2PV1,0
D,DISPATCH,UNIT_SCADA,1,"2022/10/20 09:55:00",MCKAY1,0.02
D,DISPATCH,UNIT_SCADA,1,"2022/10/20 09:55:00",MEADOWBK,6.1447
D,DISPATCH,UNIT_SCADA,1,"2022/10/20 09:55:00",MERCER01,20.70
D,DISPATCH,UNIT_SCADA,1,"2022/10/20 09:55:00",METZSF1,39.111580
D,DISPATCH,UNIT_SCADA,1,"2022/10/20 09:55:00",MEWF1,2.139260
D,DISPATCH,UNIT_SCADA,1,"2022/10/20 09:55:00",MIDDLSF1,11.23
D,DISPATCH,UNIT_SCADA,1,"2022/10/20 09:55:00",MINTARO,0.128180
D,DISPATCH,UNIT_SCADA,1,"2022/10/20 09:55:00",MOLNGSF1,0.423590
D,DISPATCH,UNIT_SCADA,1,"2022/10/20 09:55:00",MOORAWF1,31.30
D,DISPATCH,UNIT_SCADA,1,"2022/10/20 09:55:00",MOREESF1,9.8260
D,DISPATCH,UNIT_SCADA,1,"2022/10/20 09:55:00",MORTLK11,0
D,DISPATCH,UNIT_SCADA,1,"2022/10/20 09:55:00",MORTLK12,0
D,DISPATCH,UNIT_SCADA,1,"2022/10/20 09:55:00",MOUSF1,0
D,DISPATCH,UNIT_SCADA,1,"2022/10/20 09:55:00",MP1,0
D,DISPATCH,UNIT_SCADA,1,"2022/10/20 09:55:00",MP2,350.749970
D,DISPATCH,UNIT_SCADA,1,"2022/10/20 09:55:00",MPP_1,172.796310
D,DISPATCH,UNIT_SCADA,1,"2022/10/20 09:55:00",MPP_2,79.3331
D,DISPATCH,UNIT_SCADA,1,"2022/10/20 09:55:00",MRTLSWF1,0
D,DISPATCH,UNIT_SCADA,1,"2022/10/20 09:55:00",MSTUART1,0
D,DISPATCH,UNIT_SCADA,1,"2022/10/20 09:55:00",MSTUART2,0
D,DISPATCH,UNIT_SCADA,1,"2022/10/20 09:55:00",MSTUART3,0
D,DISPATCH,UNIT_SCADA,1,"2022/10/20 09:55:00",MTGELWF1,31.095310
D,DISPATCH,UNIT_SCADA,1,"2022/10/20 09:55:00",MTMILLAR,1.40
D,DISPATCH,UNIT_SCADA,1,"2022/10/20 09:55:00",MURRAY,0
D,DISPATCH,UNIT_SCADA,1,"2022/10/20 09:55:00",MUSSELR1,99.30
D,DISPATCH,UNIT_SCADA,1,"2022/10/20 09:55:00",MUWAWF1,44.26
D,DISPATCH,UNIT_SCADA,1,"2022/10/20 09:55:00",MUWAWF2,25.80
D,DISPATCH,UNIT_SCADA,1,"2022/10/20 09:55:00",MWPS1PV1,0.13
D,DISPATCH,UNIT_SCADA,1,"2022/10/20 09:55:00",MWPS2PV1,0
D,DISPATCH,UNIT_SCADA,1,"2022/10/20 09:55:00",MWPS3PV1,0
D,DISPATCH,UNIT_SCADA,1,"2022/10/20 09:55:00",MWPS4PV1,0
D,DISPATCH,UNIT_SCADA,1,"2022/10/20 09:55:00",NBHWF1,63.90
D,DISPATCH,UNIT_SCADA,1,"2022/10/20 09:55:00",NEVERSF1,45.02
D,DISPATCH,UNIT_SCADA,1,"2022/10/20 09:55:00",NPS,0
D,DISPATCH,UNIT_SCADA,1,"2022/10/20 09:55:00",NUMURSF1,93.40
D,DISPATCH,UNIT_SCADA,1,"2022/10/20 09:55:00",NYNGAN1,39
D,DISPATCH,UNIT_SCADA,1,"2022/10/20 09:55:00",OAKEY1,0
D,DISPATCH,UNIT_SCADA,1,"2022/10/20 09:55:00",OAKEY1SF,4.3240
D,DISPATCH,UNIT_SCADA,1,"2022/10/20 09:55:00",OAKEY2,0
D,DISPATCH,UNIT_SCADA,1,"2022/10/20 09:55:00",OAKEY2SF,7.43
D,DISPATCH,UNIT_SCADA,1,"2022/10/20 09:55:00",OAKLAND1,7.90
D,DISPATCH,UNIT_SCADA,1,"2022/10/20 09:55:00",OSB-AG,0
D,DISPATCH,UNIT_SCADA,1,"2022/10/20 09:55:00",PAREPS1,0.0660
D,DISPATCH,UNIT_SCADA,1,"2022/10/20 09:55:00",PAREPW1,50.12
D,DISPATCH,UNIT_SCADA,1,"2022/10/20 09:55:00",PARSF1,13.899440
D,DISPATCH,UNIT_SCADA,1,"2022/10/20 09:55:00",POAT110,0
D,DISPATCH,UNIT_SCADA,1,"2022/10/20 09:55:00",POAT220,0
D,DISPATCH,UNIT_SCADA,1,"2022/10/20 09:55:00",POR01,0
D,DISPATCH,UNIT_SCADA,1,"2022/10/20 09:55:00",POR03,0
D,DISPATCH,UNIT_SCADA,1,"2022/10/20 09:55:00",PPCCGT,0
D,DISPATCH,UNIT_SCADA,1,"2022/10/20 09:55:00",PTSTAN1,0
D,DISPATCH,UNIT_SCADA,1,"2022/10/20 09:55:00",PUMP1,0
D,DISPATCH,UNIT_SCADA,1,"2022/10/20 09:55:00",PUMP2,0
D,DISPATCH,UNIT_SCADA,1,"2022/10/20 09:55:00",QBYNBG1,0
D,DISPATCH,UNIT_SCADA,1,"2022/10/20 09:55:00",QBYNBL1,0.0015
D,DISPATCH,UNIT_SCADA,1,"2022/10/20 09:55:00",QPS1,0
D,DISPATCH,UNIT_SCADA,1,"2022/10/20 09:55:00",QPS2,0
D,DISPATCH,UNIT_SCADA,1,"2022/10/20 09:55:00",QPS3,0
D,DISPATCH,UNIT_SCADA,1,"2022/10/20 09:55:00",QPS4,0
D,DISPATCH,UNIT_SCADA,1,"2022/10/20 09:55:00",QPS5,74.04
D,DISPATCH,UNIT_SCADA,1,"2022/10/20 09:55:00",REECE1,47.073090
D,DISPATCH,UNIT_SCADA,1,"2022/10/20 09:55:00",REECE2,0
D,DISPATCH,UNIT_SCADA,1,"2022/10/20 09:55:00",ROMA_7,0
D,DISPATCH,UNIT_SCADA,1,"2022/10/20 09:55:00",ROMA_8,0
D,DISPATCH,UNIT_SCADA,1,"2022/10/20 09:55:00",RRSF1,61.444980
D,DISPATCH,UNIT_SCADA,1,"2022/10/20 09:55:00",RT_NSW1,0
D,DISPATCH,UNIT_SCADA,1,"2022/10/20 09:55:00",RT_NSW2,0
D,DISPATCH,UNIT_SCADA,1,"2022/10/20 09:55:00",RT_NSW3,0
D,DISPATCH,UNIT_SCADA,1,"2022/10/20 09:55:00",RT_NSW4,0
D,DISPATCH,UNIT_SCADA,1,"2022/10/20 09:55:00",RT_NSW5,0
D,DISPATCH,UNIT_SCADA,1,"2022/10/20 09:55:00",RT_NSW6,0
D,DISPATCH,UNIT_SCADA,1,"2022/10/20 09:55:00",RT_QLD1,0
D,DISPATCH,UNIT_SCADA,1,"2022/10/20 09:55:00",RT_SA1,0
D,DISPATCH,UNIT_SCADA,1,"2022/10/20 09:55:00",RT_SA2,0
D,DISPATCH,UNIT_SCADA,1,"2022/10/20 09:55:00",RT_SA3,0
D,DISPATCH,UNIT_SCADA,1,"2022/10/20 09:55:00",RT_SA4,0
D,DISPATCH,UNIT_SCADA,1,"2022/10/20 09:55:00",RT_SA5,0
D,DISPATCH,UNIT_SCADA,1,"2022/10/20 09:55:00",RT_SA6,0
D,DISPATCH,UNIT_SCADA,1,"2022/10/20 09:55:00",RT_TAS1,0
D,DISPATCH,UNIT_SCADA,1,"2022/10/20 09:55:00",RT_VIC1,0
D,DISPATCH,UNIT_SCADA,1,"2022/10/20 09:55:00",RT_VIC10,0
D,DISPATCH,UNIT_SCADA,1,"2022/10/20 09:55:00",RT_VIC11,0
D,DISPATCH,UNIT_SCADA,1,"2022/10/20 09:55:00",RT_VIC12,0
D,DISPATCH,UNIT_SCADA,1,"2022/10/20 09:55:00",RT_VIC2,0
D,DISPATCH,UNIT_SCADA,1,"2022/10/20 09:55:00",RT_VIC3,0
D,DISPATCH,UNIT_SCADA,1,"2022/10/20 09:55:00",RT_VIC4,0
D,DISPATCH,UNIT_SCADA,1,"2022/10/20 09:55:00",RT_VIC5,0
D,DISPATCH,UNIT_SCADA,1,"2022/10/20 09:55:00",RT_VIC6,0
D,DISPATCH,UNIT_SCADA,1,"2022/10/20 09:55:00",RT_VIC7,0
D,DISPATCH,UNIT_SCADA,1,"2022/10/20 09:55:00",RT_VIC8,0
D,DISPATCH,UNIT_SCADA,1,"2022/10/20 09:55:00",RT_VIC9,0
D,DISPATCH,UNIT_SCADA,1,"2022/10/20 09:55:00",RUGBYR1,9.385470
D,DISPATCH,UNIT_SCADA,1,"2022/10/20 09:55:00",SALTCRK1,24.94
D,DISPATCH,UNIT_SCADA,1,"2022/10/20 09:55:00",SAPHWF1,174.772260
D,DISPATCH,UNIT_SCADA,1,"2022/10/20 09:55:00",SEBSF1,45.983270
D,DISPATCH,UNIT_SCADA,1,"2022/10/20 09:55:00",SHGEN,0
D,DISPATCH,UNIT_SCADA,1,"2022/10/20 09:55:00",SHPUMP,0
D,DISPATCH,UNIT_SCADA,1,"2022/10/20 09:55:00",SITHE01,0.173950
D,DISPATCH,UNIT_SCADA,1,"2022/10/20 09:55:00",SMCSF1,97.4260
D,DISPATCH,UNIT_SCADA,1,"2022/10/20 09:55:00",SNAPPER1,0
D,DISPATCH,UNIT_SCADA,1,"2022/10/20 09:55:00",SNOWNTH1,124.100010
D,DISPATCH,UNIT_SCADA,1,"2022/10/20 09:55:00",SNOWSTH1,83.70
D,DISPATCH,UNIT_SCADA,1,"2022/10/20 09:55:00",SNOWTWN1,0
D,DISPATCH,UNIT_SCADA,1,"2022/10/20 09:55:00",SNOWYP,0
D,DISPATCH,UNIT_SCADA,1,"2022/10/20 09:55:00",SNUG1,0
D,DISPATCH,UNIT_SCADA,1,"2022/10/20 09:55:00",SRSF1,10.02
D,DISPATCH,UNIT_SCADA,1,"2022/10/20 09:55:00",STAN-1,274.506010
D,DISPATCH,UNIT_SCADA,1,"2022/10/20 09:55:00",STAN-2,331.545230
D,DISPATCH,UNIT_SCADA,1,"2022/10/20 09:55:00",STAN-3,156.0439
D,DISPATCH,UNIT_SCADA,1,"2022/10/20 09:55:00",STAN-4,331.750310
D,DISPATCH,UNIT_SCADA,1,"2022/10/20 09:55:00",STARHLWF,0.01
D,DISPATCH,UNIT_SCADA,1,"2022/10/20 09:55:00",STOCKYD1,44.69
D,DISPATCH,UNIT_SCADA,1,"2022/10/20 09:55:00",STWF1,0
D,DISPATCH,UNIT_SCADA,1,"2022/10/20 09:55:00",SUNRSF1,41.121540
D,DISPATCH,UNIT_SCADA,1,"2022/10/20 09:55:00",SUNTPSF1,56.504160
D,DISPATCH,UNIT_SCADA,1,"2022/10/20 09:55:00",SWAN_E,222.321260
D,DISPATCH,UNIT_SCADA,1,"2022/10/20 09:55:00",TALWA1,0
D,DISPATCH,UNIT_SCADA,1,"2022/10/20 09:55:00",TARALGA1,0
D,DISPATCH,UNIT_SCADA,1,"2022/10/20 09:55:00",TARONG#1,346.700010
D,DISPATCH,UNIT_SCADA,1,"2022/10/20 09:55:00",TARONG#2,346.100010
D,DISPATCH,UNIT_SCADA,1,"2022/10/20 09:55:00",TARONG#3,0.90
D,DISPATCH,UNIT_SCADA,1,"2022/10/20 09:55:00",TARONG#4,236.50
D,DISPATCH,UNIT_SCADA,1,"2022/10/20 09:55:00",TARRALEA,53.90
D,DISPATCH,UNIT_SCADA,1,"2022/10/20 09:55:00",TBSF1,0.10
D,DISPATCH,UNIT_SCADA,1,"2022/10/20 09:55:00",TNPS1,388.5625
D,DISPATCH,UNIT_SCADA,1,"2022/10/20 09:55:00",TORRB1,0
D,DISPATCH,UNIT_SCADA,1,"2022/10/20 09:55:00",TORRB2,42
D,DISPATCH,UNIT_SCADA,1,"2022/10/20 09:55:00",TORRB3,0
D,DISPATCH,UNIT_SCADA,1,"2022/10/20 09:55:00",TORRB4,0
D,DISPATCH,UNIT_SCADA,1,"2022/10/20 09:55:00",TREVALLN,98.402940
D,DISPATCH,UNIT_SCADA,1,"2022/10/20 09:55:00",TRIBUTE,0
D,DISPATCH,UNIT_SCADA,1,"2022/10/20 09:55:00",TUMUT3,0
D,DISPATCH,UNIT_SCADA,1,"2022/10/20 09:55:00",TUNGATIN,5.500020
D,DISPATCH,UNIT_SCADA,1,"2022/10/20 09:55:00",TVCC201,0
D,DISPATCH,UNIT_SCADA,1,"2022/10/20 09:55:00",TVPP104,57.885170
D,DISPATCH,UNIT_SCADA,1,"2022/10/20 09:55:00",UPPTUMUT,0
D,DISPATCH,UNIT_SCADA,1,"2022/10/20 09:55:00",URANQ11,0
D,DISPATCH,UNIT_SCADA,1,"2022/10/20 09:55:00",URANQ12,0
D,DISPATCH,UNIT_SCADA,1,"2022/10/20 09:55:00",URANQ13,0
D,DISPATCH,UNIT_SCADA,1,"2022/10/20 09:55:00",URANQ14,0
D,DISPATCH,UNIT_SCADA,1,"2022/10/20 09:55:00",VBBG1,0
D,DISPATCH,UNIT_SCADA,1,"2022/10/20 09:55:00",VBBL1,11.90
D,DISPATCH,UNIT_SCADA,1,"2022/10/20 09:55:00",VP5,501.235990
D,DISPATCH,UNIT_SCADA,1,"2022/10/20 09:55:00",VP6,499.844360
D,DISPATCH,UNIT_SCADA,1,"2022/10/20 09:55:00",VPGS1,0
D,DISPATCH,UNIT_SCADA,1,"2022/10/20 09:55:00",VPGS2,0
D,DISPATCH,UNIT_SCADA,1,"2022/10/20 09:55:00",VPGS3,0
D,DISPATCH,UNIT_SCADA,1,"2022/10/20 09:55:00",VPGS4,0
D,DISPATCH,UNIT_SCADA,1,"2022/10/20 09:55:00",VPGS5,0
D,DISPATCH,UNIT_SCADA,1,"2022/10/20 09:55:00",VPGS6,0
D,DISPATCH,UNIT_SCADA,1,"2022/10/20 09:55:00",W/HOE#1,0
D,DISPATCH,UNIT_SCADA,1,"2022/10/20 09:55:00",W/HOE#2,0
D,DISPATCH,UNIT_SCADA,1,"2022/10/20 09:55:00",WAGGNSF1,0
D,DISPATCH,UNIT_SCADA,1,"2022/10/20 09:55:00",WALGRVG1,0.000930
D,DISPATCH,UNIT_SCADA,1,"2022/10/20 09:55:00",WALGRVL1,0
D,DISPATCH,UNIT_SCADA,1,"2022/10/20 09:55:00",WANDBG1,0
D,DISPATCH,UNIT_SCADA,1,"2022/10/20 09:55:00",WANDBL1,50.0575
D,DISPATCH,UNIT_SCADA,1,"2022/10/20 09:55:00",WARWSF1,9.30
D,DISPATCH,UNIT_SCADA,1,"2022/10/20 09:55:00",WARWSF2,7.88
D,DISPATCH,UNIT_SCADA,1,"2022/10/20 09:55:00",WATERLWF,7.90
D,DISPATCH,UNIT_SCADA,1,"2022/10/20 09:55:00",WDGPH1,69.4970
D,DISPATCH,UNIT_SCADA,1,"2022/10/20 09:55:00",WELLSF1,73.881130
D,DISPATCH,UNIT_SCADA,1,"2022/10/20 09:55:00",WEMENSF1,19.50
D,DISPATCH,UNIT_SCADA,1,"2022/10/20 09:55:00",WGWF1,95.30
D,DISPATCH,UNIT_SCADA,1,"2022/10/20 09:55:00",WHITSF1,2.40
D,DISPATCH,UNIT_SCADA,1,"2022/10/20 09:55:00",WINTSF1,78.90
D,DISPATCH,UNIT_SCADA,1,"2022/10/20 09:55:00",WKIEWA1,34.10
D,DISPATCH,UNIT_SCADA,1,"2022/10/20 09:55:00",WKIEWA2,14.10
D,DISPATCH,UNIT_SCADA,1,"2022/10/20 09:55:00",WOODLWN1,22.214690
D,DISPATCH,UNIT_SCADA,1,"2022/10/20 09:55:00",WOOLGSF1,15.264260
D,DISPATCH,UNIT_SCADA,1,"2022/10/20 09:55:00",WPWF,41.39
D,DISPATCH,UNIT_SCADA,1,"2022/10/20 09:55:00",WRSF1,1.899470
D,DISPATCH,UNIT_SCADA,1,"2022/10/20 09:55:00",WRWF1,40.185550
D,DISPATCH,UNIT_SCADA,1,"2022/10/20 09:55:00",WSTWYSF1,0
D,DISPATCH,UNIT_SCADA,1,"2022/10/20 09:55:00",YABULU,0
D,DISPATCH,UNIT_SCADA,1,"2022/10/20 09:55:00",YABULU2,0
D,DISPATCH,UNIT_SCADA,1,"2022/10/20 09:55:00",YARANSF1,7.91
D,DISPATCH,UNIT_SCADA,1,"2022/10/20 09:55:00",YARWUN_1,162.33
D,DISPATCH,UNIT_SCADA,1,"2022/10/20 09:55:00",YATSF1,38.96
D,DISPATCH,UNIT_SCADA,1,"2022/10/20 09:55:00",YENDWF1,36.86
D,DISPATCH,UNIT_SCADA,1,"2022/10/20 09:55:00",YWPS1,299.245570
D,DISPATCH,UNIT_SCADA,1,"2022/10/20 09:55:00",YWPS2,289.972140
D,DISPATCH,UNIT_SCADA,1,"2022/10/20 09:55:00",YWPS3,301.239230
D,DISPATCH,UNIT_SCADA,1,"2022/10/20 09:55:00",YWPS4,0
C,"END OF REPORT",419
