C,NEMP.WORLD,DISPATCHSCADA,AEMO,PUBLIC,2022/10/20,10:10:15,0000000373246209,DISPATCHSCADA,0000000373246203
I,DISPATCH,UNIT_SCADA,1,SETTLEMENTDATE,DUID,SCADAVALUE
D,DISPATCH,UNIT_SCADA,1,"2022/10/20 10:15:00",BARCSF1,10.10
D,DISPATCH,UNIT_SCADA,1,"2022/10/20 10:15:00",BUTLERSG,8.699999
D,DISPATCH,UNIT_SCADA,1,"2022/10/20 10:15:00",CAPTL_WF,37.223225
D,DISPATCH,UNIT_SCADA,1,"2022/10/20 10:15:00",CHALLHWF,5
D,DISPATCH,UNIT_SCADA,1,"2022/10/20 10:15:00",CLOVER,11.940001
D,DISPATCH,UNIT_SCADA,1,"2022/10/20 10:15:00",CLUNY,6.200503
D,DISPATCH,UNIT_SCADA,1,"2022/10/20 10:15:00",CULLRGWF,-0.05
D,DISPATCH,UNIT_SCADA,1,"2022/10/20 10:15:00",DIAPURWF1,6.10
D,DISPATCH,UNIT_SCADA,1,"2022/10/20 10:15:00",ERGT01,0
D,DISPATCH,UNIT_SCADA,1,"2022/10/20 10:15:00",GB01,0
D,DISPATCH,UNIT_SCADA,1,"2022/10/20 10:15:00",GERMCRK,19.700001
D,DISPATCH,UNIT_SCADA,1,"2022/10/20 10:15:00",GRIFSF1,4.600595
D,DISPATCH,UNIT_SCADA,1,"2022/10/20 10:15:00",HEZ1,0
D,DISPATCH,UNIT_SCADA,1,"2022/10/20 10:15:00",HUGSF1,14.440001
D,DISPATCH,UNIT_SCADA,1,"2022/10/20 10:15:00",KEPBG1,0
D,DISPATCH,UNIT_SCADA,1,"2022/10/20 10:15:00",LRSF1,13.9770
D,DISPATCH,UNIT_SCADA,1,"2022/10/20 10:15:00",MBAHNTH,47.943741
D,DISPATCH,UNIT_SCADA,1,"2022/10/20 10:15:00",MLSP1,5.067001
D,DISPATCH,UNIT_SCADA,1,"2022/10/20 10:15:00",MLWF1,5.58
D,DISPATCH,UNIT_SCADA,1,"2022/10/20 10:15:00",PALOONA,30.469999
D,DISPATCH,UNIT_SCADA,1,"2022/10/20 10:15:00",PIONEER,42.799999
D,DISPATCH,UNIT_SCADA,1,"2022/10/20 10:15:00",PORTWF,74
D,DISPATCH,UNIT_SCADA,1,"2022/10/20 10:15:00",REPULSE,9.467307
D,DISPATCH,UNIT_SCADA,1,"2022/10/20 10:15:00",ROWALLAN,8.8537
D,DISPATCH,UNIT_SCADA,1,"2022/10/20 10:15:00",ROYALLA1,12.967004
D,DISPATCH,UNIT_SCADA,1,"2022/10/20 10:15:00",RPCG,-1.80
D,DISPATCH,UNIT_SCADA,1,"2022/10/20 10:15:00",RUBICON,0
D,DISPATCH,UNIT_SCADA,1,"2022/10/20 10:15:00",WAUBRAWF,6.1660
D,DISPATCH,UNIT_SCADA,1,"2022/10/20 10:15:00",WOOLNTH1,-0.87
D,DISPATCH,UNIT_SCADA,1,"2022/10/20 10:15:00",YAMBUKWF,4.90
D,DISPATCH,UNIT_SCADA,1,"2022/10/20 10:15:00",YSWF1,1
D,DISPATCH,UNIT_SCADA,1,"2022/10/20 10:15:00",ADPBA1G,0.0080
D,DISPATCH,UNIT_SCADA,1,"2022/10/20 10:15:00",ADPBA1L,0
D,DISPATCH,UNIT_SCADA,1,"2022/10/20 10:15:00",ADPPV1,0.0720
D,DISPATCH,UNIT_SCADA,1,"2022/10/20 10:15:00",AGLHAL,0
D,DISPATCH,UNIT_SCADA,1,"2022/10/20 10:15:00",AGLSOM,0
D,DISPATCH,UNIT_SCADA,1,"2022/10/20 10:15:00",ANGAST1,-0.10
D,DISPATCH,UNIT_SCADA,1,"2022/10/20 10:15:00",ARWF1,0.50
D,DISPATCH,UNIT_SCADA,1,"2022/10/20 10:15:00",BALBG1,0
D,DISPATCH,UNIT_SCADA,1,"2022/10/20 10:15:00",BALBL1,0
D,DISPATCH,UNIT_SCADA,1,"2022/10/20 10:15:00",BALDHWF1,4.1180
D,DISPATCH,UNIT_SCADA,1,"2022/10/20 10:15:00",BANGOWF1,25.495990
D,DISPATCH,UNIT_SCADA,1,"2022/10/20 10:15:00",BANGOWF2,28.597930
D,DISPATCH,UNIT_SCADA,1,"2022/10/20 10:15:00",BANN1,12.31
D,DISPATCH,UNIT_SCADA,1,"2022/10/20 10:15:00",BARCALDN,0
D,DISPATCH,UNIT_SCADA,1,"2022/10/20 10:15:00",BARKIPS1,0
D,DISPATCH,UNIT_SCADA,1,"2022/10/20 10:15:00",BARRON-1,0
D,DISPATCH,UNIT_SCADA,1,"2022/10/20 10:15:00",BARRON-2,0
D,DISPATCH,UNIT_SCADA,1,"2022/10/20 10:15:00",BASTYAN,51.37
D,DISPATCH,UNIT_SCADA,1,"2022/10/20 10:15:00",BBTHREE1,0
D,DISPATCH,UNIT_SCADA,1,"2022/10/20 10:15:00",BBTHREE2,0
D,DISPATCH,UNIT_SCADA,1,"2022/10/20 10:15:00",BBTHREE3,-1.08
D,DISPATCH,UNIT_SCADA,1,"2022/10/20 10:15:00",BDL01,0
D,DISPATCH,UNIT_SCADA,1,"2022/10/20 10:15:00",BDL02,0
D,DISPATCH,UNIT_SCADA,1,"2022/10/20 10:15:00",BERYLSF1,3.102450
D,DISPATCH,UNIT_SCADA,1,"2022/10/20 10:15:00",BLOWERNG,62.60
D,DISPATCH,UNIT_SCADA,1,"2022/10/20 10:15:00",BLUEGSF1,74.694660
D,DISPATCH,UNIT_SCADA,1,"2022/10/20 10:15:00",BLUFF1,28.40
D,DISPATCH,UNIT_SCADA,1,"2022/10/20 10:15:00",BNGSF1,63.64
D,DISPATCH,UNIT_SCADA,1,"2022/10/20 10:15:00",BNGSF2,70.75
D,DISPATCH,UNIT_SCADA,1,"2022/10/20 10:15:00",BOCORWF1,0
D,DISPATCH,UNIT_SCADA,1,"2022/10/20 10:15:00",BODWF1,100.491910
D,DISPATCH,UNIT_SCADA,1,"2022/10/20 10:15:00",BOMENSF1,38.491190
D,DISPATCH,UNIT_SCADA,1,"2022/10/20 10:15:00",BOWWBA1G,0
D,DISPATCH,UNIT_SCADA,1,"2022/10/20 10:15:00",BOWWBA1L,0
D,DISPATCH,UNIT_SCADA,1,"2022/10/20 10:15:00",BOWWPV1,0
D,DISPATCH,UNIT_SCADA,1,"2022/10/20 10:15:00",BRAEMAR1,0
D,DISPATCH,UNIT_SCADA,1,"2022/10/20 10:15:00",BRAEMAR2,0
D,DISPATCH,UNIT_SCADA,1,"2022/10/20 10:15:00",BRAEMAR3,0
D,DISPATCH,UNIT_SCADA,1,"2022/10/20 10:15:00",BRAEMAR5,0.292060
D,DISPATCH,UNIT_SCADA,1,"2022/10/20 10:15:00",BRAEMAR6,0
D,DISPATCH,UNIT_SCADA,1,"2022/10/20 10:15:00",BRAEMAR7,0.130920
D,DISPATCH,UNIT_SCADA,1,"2022/10/20 10:15:00",BROKENH1,14.199780
D,DISPATCH,UNIT_SCADA,1,"2022/10/20 10:15:00",BRYB1WF1,71.976810
D,DISPATCH,UNIT_SCADA,1,"2022/10/20 10:15:00",BULBESG1,0
D,DISPATCH,UNIT_SCADA,1,"2022/10/20 10:15:00",BULBESL1,0.03
D,DISPATCH,UNIT_SCADA,1,"2022/10/20 10:15:00",BULGANA1,19.39
D,DISPATCH,UNIT_SCADA,1,"2022/10/20 10:15:00",BW01,657.834720
D,DISPATCH,UNIT_SCADA,1,"2022/10/20 10:15:00",BW02,620.456240
D,DISPATCH,UNIT_SCADA,1,"2022/10/20 10:15:00",BW03,548.873110
D,DISPATCH,UNIT_SCADA,1,"2022/10/20 10:15:00",BW04,0
D,DISPATCH,UNIT_SCADA,1,"2022/10/20 10:15:00",CALL_B_1,318.899990
D,DISPATCH,UNIT_SCADA,1,"2022/10/20 10:15:00",CALL_B_2,319.200010
D,DISPATCH,UNIT_SCADA,1,"2022/10/20 10:15:00",CATHROCK,0
D,DISPATCH,UNIT_SCADA,1,"2022/10/20 10:15:00",CBWWBA1G,0
D,DISPATCH,UNIT_SCADA,1,"2022/10/20 10:15:00",CBWWBA1L,0
D,DISPATCH,UNIT_SCADA,1,"2022/10/20 10:15:00",CETHANA,13.1620
D,DISPATCH,UNIT_SCADA,1,"2022/10/20 10:15:00",CG1,0
D,DISPATCH,UNIT_SCADA,1,"2022/10/20 10:15:00",CG2,0
D,DISPATCH,UNIT_SCADA,1,"2022/10/20 10:15:00",CG3,0
D,DISPATCH,UNIT_SCADA,1,"2022/10/20 10:15:00",CG4,0
D,DISPATCH,UNIT_SCADA,1,"2022/10/20 10:15:00",CHILDSF1,17.41
D,DISPATCH,UNIT_SCADA,1,"2022/10/20 10:15:00",CHYTWF1,2.58
D,DISPATCH,UNIT_SCADA,1,"2022/10/20 10:15:00",CLARESF1,45.486080
D,DISPATCH,UNIT_SCADA,1,"2022/10/20 10:15:00",CLEMGPWF,18.296890
D,DISPATCH,UNIT_SCADA,1,"2022/10/20 10:15:00",CLERMSF1,18.03
D,DISPATCH,UNIT_SCADA,1,"2022/10/20 10:15:00",CNUNDAWF,0
D,DISPATCH,UNIT_SCADA,1,"2022/10/20 10:15:00",COHUNSF1,8.99
D,DISPATCH,UNIT_SCADA,1,"2022/10/20 10:15:00",COLEASF1,35.599680
D,DISPATCH,UNIT_SCADA,1,"2022/10/20 10:15:00",COLUMSF1,31.3110
D,DISPATCH,UNIT_SCADA,1,"2022/10/20 10:15:00",COLWF01,78.977650
D,DISPATCH,UNIT_SCADA,1,"2022/10/20 10:15:00",COOPGWF1,190.17
D,DISPATCH,UNIT_SCADA,1,"2022/10/20 10:15:00",CPP_3,358.600010
D,DISPATCH,UNIT_SCADA,1,"2022/10/20 10:15:00",CPP_4,0
D,DISPATCH,UNIT_SCADA,1,"2022/10/20 10:15:00",CPSA,0
D,DISPATCH,UNIT_SCADA,1,"2022/10/20 10:15:00",CROOKWF2,54.323950
D,DISPATCH,UNIT_SCADA,1,"2022/10/20 10:15:00",CROWLWF1,20.577280
D,DISPATCH,UNIT_SCADA,1,"2022/10/20 10:15:00",CRURWF1,73.6981
D,DISPATCH,UNIT_SCADA,1,"2022/10/20 10:15:00",CRWASF1,29.9223
D,DISPATCH,UNIT_SCADA,1,"2022/10/20 10:15:00",CSPVPS1,1.5570
D,DISPATCH,UNIT_SCADA,1,"2022/10/20 10:15:00",CTHLWF1,0.003050
D,DISPATCH,UNIT_SCADA,1,"2022/10/20 10:15:00",DALNTH01,0
D,DISPATCH,UNIT_SCADA,1,"2022/10/20 10:15:00",DALNTHL1,0.968950
D,DISPATCH,UNIT_SCADA,1,"2022/10/20 10:15:00",DARLSF1,67.661980
D,DISPATCH,UNIT_SCADA,1,"2022/10/20 10:15:00",DARTM1,0
D,DISPATCH,UNIT_SCADA,1,"2022/10/20 10:15:00",DAYDSF1,3.6450
D,DISPATCH,UNIT_SCADA,1,"2022/10/20 10:15:00",DDPS1,0
D,DISPATCH,UNIT_SCADA,1,"2022/10/20 10:15:00",DDSF1,35.995650
D,DISPATCH,UNIT_SCADA,1,"2022/10/20 10:15:00",DEVILS_G,59.015470
D,DISPATCH,UNIT_SCADA,1,"2022/10/20 10:15:00",DG_NSW1,0
D,DISPATCH,UNIT_SCADA,1,"2022/10/20 10:15:00",DG_QLD1,0
D,DISPATCH,UNIT_SCADA,1,"2022/10/20 10:15:00",DG_SA1,0
D,DISPATCH,UNIT_SCADA,1,"2022/10/20 10:15:00",DG_TAS1,0
D,DISPATCH,UNIT_SCADA,1,"2022/10/20 10:15:00",DG_VIC1,0
D,DISPATCH,UNIT_SCADA,1,"2022/10/20 10:15:00",DRYCGT1,0
D,DISPATCH,UNIT_SCADA,1,"2022/10/20 10:15:00",DRYCGT2,0
D,DISPATCH,UNIT_SCADA,1,"2022/10/20 10:15:00",DRYCGT3,0
D,DISPATCH,UNIT_SCADA,1,"2022/10/20 10:15:00",DUNDWF1,64.10
D,DISPATCH,UNIT_SCADA,1,"2022/10/20 10:15:00",DUNDWF2,21.10
D,DISPATCH,UNIT_SCADA,1,"2022/10/20 10:15:00",DUNDWF3,51.16
D,DISPATCH,UNIT_SCADA,1,"2022/10/20 10:15:00",EILDON1,60.04
D,DISPATCH,UNIT_SCADA,1,"2022/10/20 10:15:00",EILDON2,60.08
D,DISPATCH,UNIT_SCADA,1,"2022/10/20 10:15:00",ELAINWF1,19.39
D,DISPATCH,UNIT_SCADA,1,"2022/10/20 10:15:00",EMERASF1,0
D,DISPATCH,UNIT_SCADA,1,"2022/10/20 10:15:00",ER01,0
D,DISPATCH,UNIT_SCADA,1,"2022/10/20 10:15:00",ER02,336.003660
D,DISPATCH,UNIT_SCADA,1,"2022/10/20 10:15:00",ER03,438.666350
D,DISPATCH,UNIT_SCADA,1,"2022/10/20 10:15:00",ER04,439.618530
D,DISPATCH,UNIT_SCADA,1,"2022/10/20 10:15:00",FINLYSF1,93.180740
D,DISPATCH,UNIT_SCADA,1,"2022/10/20 10:15:00",FISHER,44.05
D,DISPATCH,UNIT_SCADA,1,"2022/10/20 10:15:00",GANGARR1,11.1420
D,DISPATCH,UNIT_SCADA,1,"2022/10/20 10:15:00",GANNBG1,0
D,DISPATCH,UNIT_SCADA,1,"2022/10/20 10:15:00",GANNBL1,4.655620
D,DISPATCH,UNIT_SCADA,1,"2022/10/20 10:15:00",GANNSF1,26.20
D,DISPATCH,UNIT_SCADA,1,"2022/10/20 10:15:00",GLRWNSF1,110.04
D,DISPATCH,UNIT_SCADA,1,"2022/10/20 10:15:00",GNNDHSF1,18.784850
D,DISPATCH,UNIT_SCADA,1,"2022/10/20 10:15:00",GOONSF1,3.343560
D,DISPATCH,UNIT_SCADA,1,"2022/10/20 10:15:00",GORDON,222.729540
D,DISPATCH,UNIT_SCADA,1,"2022/10/20 10:15:00",GRANWF1,0.81
D,DISPATCH,UNIT_SCADA,1,"2022/10/20 10:15:00",GSTONE1,174.474990
D,DISPATCH,UNIT_SCADA,1,"2022/10/20 10:15:00",GSTONE2,0
D,DISPATCH,UNIT_SCADA,1,"2022/10/20 10:15:00",GSTONE3,168.524990
D,DISPATCH,UNIT_SCADA,1,"2022/10/20 10:15:00",GSTONE4,0
D,DISPATCH,UNIT_SCADA,1,"2022/10/20 10:15:00",GSTONE5,169.05
D,DISPATCH,UNIT_SCADA,1,"2022/10/20 10:15:00",GSTONE6,168.524990
D,DISPATCH,UNIT_SCADA,1,"2022/10/20 10:15:00",GULLRSF1,5.104920
D,DISPATCH,UNIT_SCADA,1,"2022/10/20 10:15:00",GULLRWF1,71.573910
D,DISPATCH,UNIT_SCADA,1,"2022/10/20 10:15:00",GULLRWF2,82.533490
D,DISPATCH,UNIT_SCADA,1,"2022/10/20 10:15:00",GUNNING1,0
D,DISPATCH,UNIT_SCADA,1,"2022/10/20 10:15:00",GUTHEGA,67.60
D,DISPATCH,UNIT_SCADA,1,"2022/10/20 10:15:00",HALLWF1,9.83
D,DISPATCH,UNIT_SCADA,1,"2022/10/20 10:15:00",HALLWF2,24.06
D,DISPATCH,UNIT_SCADA,1,"2022/10/20 10:15:00",HAMISF1,0
D,DISPATCH,UNIT_SCADA,1,"2022/10/20 10:15:00",HAUGHT11,38.717440
D,DISPATCH,UNIT_SCADA,1,"2022/10/20 10:15:00",HAYMSF1,0
D,DISPATCH,UNIT_SCADA,1,"2022/10/20 10:15:00",HDWF1,58.70
D,DISPATCH,UNIT_SCADA,1,"2022/10/20 10:15:00",HDWF2,50.30
D,DISPATCH,UNIT_SCADA,1,"2022/10/20 10:15:00",HDWF3,64.90
D,DISPATCH,UNIT_SCADA,1,"2022/10/20 10:15:00",HILLSTN1,28.165120
D,DISPATCH,UNIT_SCADA,1,"2022/10/20 10:15:00",HPRG1,4.70
D,DISPATCH,UNIT_SCADA,1,"2022/10/20 10:15:00",HPRL1,0
D,DISPATCH,UNIT_SCADA,1,"2022/10/20 10:15:00",HUMENSW,54.109150
D,DISPATCH,UNIT_SCADA,1,"2022/10/20 10:15:00",HUMEV,0
D,DISPATCH,UNIT_SCADA,1,"2022/10/20 10:15:00",HVWWBA1G,0
D,DISPATCH,UNIT_SCADA,1,"2022/10/20 10:15:00",HVWWBA1L,0.0070
D,DISPATCH,UNIT_SCADA,1,"2022/10/20 10:15:00",HVWWPV1,0.0210
D,DISPATCH,UNIT_SCADA,1,"2022/10/20 10:15:00",JBUTTERS,0
D,DISPATCH,UNIT_SCADA,1,"2022/10/20 10:15:00",JEMALNG1,5.48
D,DISPATCH,UNIT_SCADA,1,"2022/10/20 10:15:00",JLA01,0
D,DISPATCH,UNIT_SCADA,1,"2022/10/20 10:15:00",JLA02,0
D,DISPATCH,UNIT_SCADA,1,"2022/10/20 10:15:00",JLA03,0
D,DISPATCH,UNIT_SCADA,1,"2022/10/20 10:15:00",JLA04,0
D,DISPATCH,UNIT_SCADA,1,"2022/10/20 10:15:00",JLB01,0
D,DISPATCH,UNIT_SCADA,1,"2022/10/20 10:15:00",JLB02,0.10
D,DISPATCH,UNIT_SCADA,1,"2022/10/20 10:15:00",JLB03,0
D,DISPATCH,UNIT_SCADA,1,"2022/10/20 10:15:00",JUNEESF1,22.121470
D,DISPATCH,UNIT_SCADA,1,"2022/10/20 10:15:00",KABANWF1,0
D,DISPATCH,UNIT_SCADA,1,"2022/10/20 10:15:00",KAREEYA1,0
D,DISPATCH,UNIT_SCADA,1,"2022/10/20 10:15:00",KAREEYA2,0
D,DISPATCH,UNIT_SCADA,1,"2022/10/20 10:15:00",KAREEYA3,4.80
D,DISPATCH,UNIT_SCADA,1,"2022/10/20 10:15:00",KAREEYA4,0
D,DISPATCH,UNIT_SCADA,1,"2022/10/20 10:15:00",KARSF1,21.70
D,DISPATCH,UNIT_SCADA,1,"2022/10/20 10:15:00",KEPSF1,12.05
D,DISPATCH,UNIT_SCADA,1,"2022/10/20 10:15:00",KEPWF1,4.57
D,DISPATCH,UNIT_SCADA,1,"2022/10/20 10:15:00",KIAMSF1,25.509270
D,DISPATCH,UNIT_SCADA,1,"2022/10/20 10:15:00",KIATAWF1,11
D,DISPATCH,UNIT_SCADA,1,"2022/10/20 10:15:00",KPP_1,0
D,DISPATCH,UNIT_SCADA,1,"2022/10/20 10:15:00",KSP1,36.75
D,DISPATCH,UNIT_SCADA,1,"2022/10/20 10:15:00",LADBROK1,0.01
D,DISPATCH,UNIT_SCADA,1,"2022/10/20 10:15:00",LADBROK2,0.02
D,DISPATCH,UNIT_SCADA,1,"2022/10/20 10:15:00",LBBG1,0
D,DISPATCH,UNIT_SCADA,1,"2022/10/20 10:15:00",LBBL1,5.55
D,DISPATCH,UNIT_SCADA,1,"2022/10/20 10:15:00",LD01,279.757080
D,DISPATCH,UNIT_SCADA,1,"2022/10/20 10:15:00",LD02,0
D,DISPATCH,UNIT_SCADA,1,"2022/10/20 10:15:00",LD04,277.6330
D,DISPATCH,UNIT_SCADA,1,"2022/10/20 10:15:00",LEM_WIL,76.602360
D,DISPATCH,UNIT_SCADA,1,"2022/10/20 10:15:00",LGAPWF1,55.41
D,DISPATCH,UNIT_SCADA,1,"2022/10/20 10:15:00",LGAPWF2,0
D,DISPATCH,UNIT_SCADA,1,"2022/10/20 10:15:00",LILYSF1,33.554430
D,DISPATCH,UNIT_SCADA,1,"2022/10/20 10:15:00",LIMOSF11,48.446330
D,DISPATCH,UNIT_SCADA,1,"2022/10/20 10:15:00",LIMOSF21,8.029820
D,DISPATCH,UNIT_SCADA,1,"2022/10/20 10:15:00",LI_WY_CA,55.827560
D,DISPATCH,UNIT_SCADA,1,"2022/10/20 10:15:00",LKBONNY1,0
D,DISPATCH,UNIT_SCADA,1,"2022/10/20 10:15:00",LKBONNY2,0
D,DISPATCH,UNIT_SCADA,1,"2022/10/20 10:15:00",LKBONNY3,0
D,DISPATCH,UNIT_SCADA,1,"2022/10/20 10:15:00",LK_ECHO,0
D,DISPATCH,UNIT_SCADA,1,"2022/10/20 10:15:00",LNGS1,0
D,DISPATCH,UNIT_SCADA,1,"2022/10/20 10:15:00",LNGS2,0
D,DISPATCH,UNIT_SCADA,1,"2022/10/20 10:15:00",LONSDALE,0
D,DISPATCH,UNIT_SCADA,1,"2022/10/20 10:15:00",LOYYB1,441.349370
D,DISPATCH,UNIT_SCADA,1,"2022/10/20 10:15:00",LOYYB2,443.981020
D,DISPATCH,UNIT_SCADA,1,"2022/10/20 10:15:00",LYA1,518
D,DISPATCH,UNIT_SCADA,1,"2022/10/20 10:15:00",LYA2,0
D,DISPATCH,UNIT_SCADA,1,"2022/10/20 10:15:00",LYA3,348
D,DISPATCH,UNIT_SCADA,1,"2022/10/20 10:15:00",LYA4,353
D,DISPATCH,UNIT_SCADA,1,"2022/10/20 10:15:00",MACARTH1,46.798920
D,DISPATCH,UNIT_SCADA,1,"2022/10/20 10:15:00",MACKNTSH,0
D,DISPATCH,UNIT_SCADA,1,"2022/10/20 10:15:00",MANSLR1,39.1560
D,DISPATCH,UNIT_SCADA,1,"2022/10/20 10:15:00",MAPS2PV1,0
D,DISPATCH,UNIT_SCADA,1,"2022/10/20 10:15:00",MAPS3PV1,0
D,DISPATCH,UNIT_SCADA,1,"2022/10/20 10:15:00",MARYRSF1,6.47
D,DISPATCH,UNIT_SCADA,1,"2022/10/20 10:15:00",MBPS2PV1,0
D,DISPATCH,UNIT_SCADA,1,"2022/10/20 10:15:00",MCKAY1,0.02
D,DISPATCH,UNIT_SCADA,1,"2022/10/20 10:15:00",MEADOWBK,5.887480
D,DISPATCH,UNIT_SCADA,1,"2022/10/20 10:15:00",MERCER01,24.40
D,DISPATCH,UNIT_SCADA,1,"2022/10/20 10:15:00",METZSF1,34.852710
D,DISPATCH,UNIT_SCADA,1,"2022/10/20 10:15:00",MEWF1,2.023420
D,DISPATCH,UNIT_SCADA,1,"2022/10/20 10:15:00",MIDDLSF1,16.26
D,DISPATCH,UNIT_SCADA,1,"2022/10/20 10:15:00",MINTARO,0.128180
D,DISPATCH,UNIT_SCADA,1,"2022/10/20 10:15:00",MOLNGSF1,11.432060
D,DISPATCH,UNIT_SCADA,1,"2022/10/20 10:15:00",MOORAWF1,37.30
D,DISPATCH,UNIT_SCADA,1,"2022/10/20 10:15:00",MOREESF1,14.6940
D,DISPATCH,UNIT_SCADA,1,"2022/10/20 10:15:00",MORTLK11,0
D,DISPATCH,UNIT_SCADA,1,"2022/10/20 10:15:00",MORTLK12,0
D,DISPATCH,UNIT_SCADA,1,"2022/10/20 10:15:00",MOUSF1,0
D,DISPATCH,UNIT_SCADA,1,"2022/10/20 10:15:00",MP1,0
D,DISPATCH,UNIT_SCADA,1,"2022/10/20 10:15:00",MP2,346.306550
D,DISPATCH,UNIT_SCADA,1,"2022/10/20 10:15:00",MPP_1,173.7424
D,DISPATCH,UNIT_SCADA,1,"2022/10/20 10:15:00",MPP_2,169.240910
D,DISPATCH,UNIT_SCADA,1,"2022/10/20 10:15:00",MRTLSWF1,0
D,DISPATCH,UNIT_SCADA,1,"2022/10/20 10:15:00",MSTUART1,0
D,DISPATCH,UNIT_SCADA,1,"2022/10/20 10:15:00",MSTUART2,0
D,DISPATCH,UNIT_SCADA,1,"2022/10/20 10:15:00",MSTUART3,0
D,DISPATCH,UNIT_SCADA,1,"2022/10/20 10:15:00",MTGELWF1,38.193920
D,DISPATCH,UNIT_SCADA,1,"2022/10/20 10:15:00",MTMILLAR,1.90
D,DISPATCH,UNIT_SCADA,1,"2022/10/20 10:15:00",MURRAY,0
D,DISPATCH,UNIT_SCADA,1,"2022/10/20 10:15:00",MUSSELR1,99.399990
D,DISPATCH,UNIT_SCADA,1,"2022/10/20 10:15:00",MUWAWF1,52.80
D,DISPATCH,UNIT_SCADA,1,"2022/10/20 10:15:00",MUWAWF2,65.20
D,DISPATCH,UNIT_SCADA,1,"2022/10/20 10:15:00",MWPS1PV1,0.13
D,DISPATCH,UNIT_SCADA,1,"2022/10/20 10:15:00",MWPS2PV1,0
D,DISPATCH,UNIT_SCADA,1,"2022/10/20 10:15:00",MWPS3PV1,0.56
D,DISPATCH,UNIT_SCADA,1,"2022/10/20 10:15:00",MWPS4PV1,0.01
D,DISPATCH,UNIT_SCADA,1,"2022/10/20 10:15:00",NBHWF1,62.10
D,DISPATCH,UNIT_SCADA,1,"2022/10/20 10:15:00",NEVERSF1,71.52
D,DISPATCH,UNIT_SCADA,1,"2022/10/20 10:15:00",NPS,0
D,DISPATCH,UNIT_SCADA,1,"2022/10/20 10:15:00",NUMURSF1,93.07
D,DISPATCH,UNIT_SCADA,1,"2022/10/20 10:15:00",NYNGAN1,62.25
D,DISPATCH,UNIT_SCADA,1,"2022/10/20 10:15:00",OAKEY1,0
D,DISPATCH,UNIT_SCADA,1,"2022/10/20 10:15:00",OAKEY1SF,6.2880
D,DISPATCH,UNIT_SCADA,1,"2022/10/20 10:15:00",OAKEY2,0
D,DISPATCH,UNIT_SCADA,1,"2022/10/20 10:15:00",OAKEY2SF,10.90
D,DISPATCH,UNIT_SCADA,1,"2022/10/20 10:15:00",OAKLAND1,7.40
D,DISPATCH,UNIT_SCADA,1,"2022/10/20 10:15:00",OSB-AG,0
D,DISPATCH,UNIT_SCADA,1,"2022/10/20 10:15:00",PAREPS1,0.0660
D,DISPATCH,UNIT_SCADA,1,"2022/10/20 10:15:00",PAREPW1,70.16
D,DISPATCH,UNIT_SCADA,1,"2022/10/20 10:15:00",PARSF1,2.500950
D,DISPATCH,UNIT_SCADA,1,"2022/10/20 10:15:00",POAT110,0
D,DISPATCH,UNIT_SCADA,1,"2022/10/20 10:15:00",POAT220,0
D,DISPATCH,UNIT_SCADA,1,"2022/10/20 10:15:00",POR01,0
D,DISPATCH,UNIT_SCADA,1,"2022/10/20 10:15:00",POR03,0
D,DISPATCH,UNIT_SCADA,1,"2022/10/20 10:15:00",PPCCGT,0
D,DISPATCH,UNIT_SCADA,1,"2022/10/20 10:15:00",PTSTAN1,0
D,DISPATCH,UNIT_SCADA,1,"2022/10/20 10:15:00",PUMP1,0
D,DISPATCH,UNIT_SCADA,1,"2022/10/20 10:15:00",PUMP2,0
D,DISPATCH,UNIT_SCADA,1,"2022/10/20 10:15:00",QBYNBG1,0
D,DISPATCH,UNIT_SCADA,1,"2022/10/20 10:15:00",QBYNBL1,0.0215
D,DISPATCH,UNIT_SCADA,1,"2022/10/20 10:15:00",QPS1,0
D,DISPATCH,UNIT_SCADA,1,"2022/10/20 10:15:00",QPS2,0
D,DISPATCH,UNIT_SCADA,1,"2022/10/20 10:15:00",QPS3,0
D,DISPATCH,UNIT_SCADA,1,"2022/10/20 10:15:00",QPS4,0
D,DISPATCH,UNIT_SCADA,1,"2022/10/20 10:15:00",QPS5,73
D,DISPATCH,UNIT_SCADA,1,"2022/10/20 10:15:00",REECE1,44.838040
D,DISPATCH,UNIT_SCADA,1,"2022/10/20 10:15:00",REECE2,0
D,DISPATCH,UNIT_SCADA,1,"2022/10/20 10:15:00",ROMA_7,0
D,DISPATCH,UNIT_SCADA,1,"2022/10/20 10:15:00",ROMA_8,0
D,DISPATCH,UNIT_SCADA,1,"2022/10/20 10:15:00",RRSF1,70.167340
D,DISPATCH,UNIT_SCADA,1,"2022/10/20 10:15:00",RT_NSW1,0
D,DISPATCH,UNIT_SCADA,1,"2022/10/20 10:15:00",RT_NSW2,0
D,DISPATCH,UNIT_SCADA,1,"2022/10/20 10:15:00",RT_NSW3,0
D,DISPATCH,UNIT_SCADA,1,"2022/10/20 10:15:00",RT_NSW4,0
D,DISPATCH,UNIT_SCADA,1,"2022/10/20 10:15:00",RT_NSW5,0
D,DISPATCH,UNIT_SCADA,1,"2022/10/20 10:15:00",RT_NSW6,0
D,DISPATCH,UNIT_SCADA,1,"2022/10/20 10:15:00",RT_QLD1,0
D,DISPATCH,UNIT_SCADA,1,"2022/10/20 10:15:00",RT_SA1,0
D,DISPATCH,UNIT_SCADA,1,"2022/10/20 10:15:00",RT_SA2,0
D,DISPATCH,UNIT_SCADA,1,"2022/10/20 10:15:00",RT_SA3,0
D,DISPATCH,UNIT_SCADA,1,"2022/10/20 10:15:00",RT_SA4,0
D,DISPATCH,UNIT_SCADA,1,"2022/10/20 10:15:00",RT_SA5,0
D,DISPATCH,UNIT_SCADA,1,"2022/10/20 10:15:00",RT_SA6,0
D,DISPATCH,UNIT_SCADA,1,"2022/10/20 10:15:00",RT_TAS1,0
D,DISPATCH,UNIT_SCADA,1,"2022/10/20 10:15:00",RT_VIC1,0
D,DISPATCH,UNIT_SCADA,1,"2022/10/20 10:15:00",RT_VIC10,0
D,DISPATCH,UNIT_SCADA,1,"2022/10/20 10:15:00",RT_VIC11,0
D,DISPATCH,UNIT_SCADA,1,"2022/10/20 10:15:00",RT_VIC12,0
D,DISPATCH,UNIT_SCADA,1,"2022/10/20 10:15:00",RT_VIC2,0
D,DISPATCH,UNIT_SCADA,1,"2022/10/20 10:15:00",RT_VIC3,0
D,DISPATCH,UNIT_SCADA,1,"2022/10/20 10:15:00",RT_VIC4,0
D,DISPATCH,UNIT_SCADA,1,"2022/10/20 10:15:00",RT_VIC5,0
D,DISPATCH,UNIT_SCADA,1,"2022/10/20 10:15:00",RT_VIC6,0
D,DISPATCH,UNIT_SCADA,1,"2022/10/20 10:15:00",RT_VIC7,0
D,DISPATCH,UNIT_SCADA,1,"2022/10/20 10:15:00",RT_VIC8,0
D,DISPATCH,UNIT_SCADA,1,"2022/10/20 10:15:00",RT_VIC9,0
D,DISPATCH,UNIT_SCADA,1,"2022/10/20 10:15:00",RUGBYR1,14.244860
D,DISPATCH,UNIT_SCADA,1,"2022/10/20 10:15:00",SALTCRK1,20.74
D,DISPATCH,UNIT_SCADA,1,"2022/10/20 10:15:00",SAPHWF1,207.173260
D,DISPATCH,UNIT_SCADA,1,"2022/10/20 10:15:00",SEBSF1,36.832260
D,DISPATCH,UNIT_SCADA,1,"2022/10/20 10:15:00",SHGEN,0
D,DISPATCH,UNIT_SCADA,1,"2022/10/20 10:15:00",SHPUMP,0
D,DISPATCH,UNIT_SCADA,1,"2022/10/20 10:15:00",SITHE01,0.173950
D,DISPATCH,UNIT_SCADA,1,"2022/10/20 10:15:00",SMCSF1,46.9360
D,DISPATCH,UNIT_SCADA,1,"2022/10/20 10:15:00",SNAPPER1,0
D,DISPATCH,UNIT_SCADA,1,"2022/10/20 10:15:00",SNOWNTH1,117.40
D,DISPATCH,UNIT_SCADA,1,"2022/10/20 10:15:00",SNOWSTH1,61.20
D,DISPATCH,UNIT_SCADA,1,"2022/10/20 10:15:00",SNOWTWN1,38.543190
D,DISPATCH,UNIT_SCADA,1,"2022/10/20 10:15:00",SNOWYP,0
D,DISPATCH,UNIT_SCADA,1,"2022/10/20 10:15:00",SNUG1,0
D,DISPATCH,UNIT_SCADA,1,"2022/10/20 10:15:00",SRSF1,15.24
D,DISPATCH,UNIT_SCADA,1,"2022/10/20 10:15:00",STAN-1,276.569670
D,DISPATCH,UNIT_SCADA,1,"2022/10/20 10:15:00",STAN-2,328.584290
D,DISPATCH,UNIT_SCADA,1,"2022/10/20 10:15:00",STAN-3,152.66
D,DISPATCH,UNIT_SCADA,1,"2022/10/20 10:15:00",STAN-4,329.994260
D,DISPATCH,UNIT_SCADA,1,"2022/10/20 10:15:00",STARHLWF,0.01
D,DISPATCH,UNIT_SCADA,1,"2022/10/20 10:15:00",STOCKYD1,49.77
D,DISPATCH,UNIT_SCADA,1,"2022/10/20 10:15:00",STWF1,0
D,DISPATCH,UNIT_SCADA,1,"2022/10/20 10:15:00",SUNRSF1,29.311050
D,DISPATCH,UNIT_SCADA,1,"2022/10/20 10:15:00",SUNTPSF1,45.626310
D,DISPATCH,UNIT_SCADA,1,"2022/10/20 10:15:00",SWAN_E,218.533110
D,DISPATCH,UNIT_SCADA,1,"2022/10/20 10:15:00",TALWA1,0
D,DISPATCH,UNIT_SCADA,1,"2022/10/20 10:15:00",TARALGA1,0
D,DISPATCH,UNIT_SCADA,1,"2022/10/20 10:15:00",TARONG#1,345
D,DISPATCH,UNIT_SCADA,1,"2022/10/20 10:15:00",TARONG#2,344.800020
D,DISPATCH,UNIT_SCADA,1,"2022/10/20 10:15:00",TARONG#3,0.90
D,DISPATCH,UNIT_SCADA,1,"2022/10/20 10:15:00",TARONG#4,210.30
D,DISPATCH,UNIT_SCADA,1,"2022/10/20 10:15:00",TARRALEA,53.80
D,DISPATCH,UNIT_SCADA,1,"2022/10/20 10:15:00",TBSF1,0.10
D,DISPATCH,UNIT_SCADA,1,"2022/10/20 10:15:00",TNPS1,399.6250
D,DISPATCH,UNIT_SCADA,1,"2022/10/20 10:15:00",TORRB1,0
D,DISPATCH,UNIT_SCADA,1,"2022/10/20 10:15:00",TORRB2,41
D,DISPATCH,UNIT_SCADA,1,"2022/10/20 10:15:00",TORRB3,0
D,DISPATCH,UNIT_SCADA,1,"2022/10/20 10:15:00",TORRB4,0
D,DISPATCH,UNIT_SCADA,1,"2022/10/20 10:15:00",TREVALLN,98.130530
D,DISPATCH,UNIT_SCADA,1,"2022/10/20 10:15:00",TRIBUTE,0
D,DISPATCH,UNIT_SCADA,1,"2022/10/20 10:15:00",TUMUT3,0
D,DISPATCH,UNIT_SCADA,1,"2022/10/20 10:15:00",TUNGATIN,5.710020
D,DISPATCH,UNIT_SCADA,1,"2022/10/20 10:15:00",TVCC201,0
D,DISPATCH,UNIT_SCADA,1,"2022/10/20 10:15:00",TVPP104,57.865630
D,DISPATCH,UNIT_SCADA,1,"2022/10/20 10:15:00",UPPTUMUT,0
D,DISPATCH,UNIT_SCADA,1,"2022/10/20 10:15:00",URANQ11,0
D,DISPATCH,UNIT_SCADA,1,"2022/10/20 10:15:00",URANQ12,0
D,DISPATCH,UNIT_SCADA,1,"2022/10/20 10:15:00",URANQ13,0
D,DISPATCH,UNIT_SCADA,1,"2022/10/20 10:15:00",URANQ14,0
D,DISPATCH,UNIT_SCADA,1,"2022/10/20 10:15:00",VBBG1,0
D,DISPATCH,UNIT_SCADA,1,"2022/10/20 10:15:00",VBBL1,0.70
D,DISPATCH,UNIT_SCADA,1,"2022/10/20 10:15:00",VP5,500.357060
D,DISPATCH,UNIT_SCADA,1,"2022/10/20 10:15:00",VP6,501.4313
D,DISPATCH,UNIT_SCADA,1,"2022/10/20 10:15:00",VPGS1,0
D,DISPATCH,UNIT_SCADA,1,"2022/10/20 10:15:00",VPGS2,0
D,DISPATCH,UNIT_SCADA,1,"2022/10/20 10:15:00",VPGS3,0
D,DISPATCH,UNIT_SCADA,1,"2022/10/20 10:15:00",VPGS4,0
D,DISPATCH,UNIT_SCADA,1,"2022/10/20 10:15:00",VPGS5,0
D,DISPATCH,UNIT_SCADA,1,"2022/10/20 10:15:00",VPGS6,0
D,DISPATCH,UNIT_SCADA,1,"2022/10/20 10:15:00",W/HOE#1,0
D,DISPATCH,UNIT_SCADA,1,"2022/10/20 10:15:00",W/HOE#2,0
D,DISPATCH,UNIT_SCADA,1,"2022/10/20 10:15:00",WAGGNSF1,0
D,DISPATCH,UNIT_SCADA,1,"2022/10/20 10:15:00",WALGRVG1,0.000930
D,DISPATCH,UNIT_SCADA,1,"2022/10/20 10:15:00",WALGRVL1,0
D,DISPATCH,UNIT_SCADA,1,"2022/10/20 10:15:00",WANDBG1,0
D,DISPATCH,UNIT_SCADA,1,"2022/10/20 10:15:00",WANDBL1,50.102040
D,DISPATCH,UNIT_SCADA,1,"2022/10/20 10:15:00",WARWSF1,3.65
D,DISPATCH,UNIT_SCADA,1,"2022/10/20 10:15:00",WARWSF2,3.73
D,DISPATCH,UNIT_SCADA,1,"2022/10/20 10:15:00",WATERLWF,54.80
D,DISPATCH,UNIT_SCADA,1,"2022/10/20 10:15:00",WDGPH1,37.3130
D,DISPATCH,UNIT_SCADA,1,"2022/10/20 10:15:00",WELLSF1,81.864650
D,DISPATCH,UNIT_SCADA,1,"2022/10/20 10:15:00",WEMENSF1,14.90
D,DISPATCH,UNIT_SCADA,1,"2022/10/20 10:15:00",WGWF1,92.90
D,DISPATCH,UNIT_SCADA,1,"2022/10/20 10:15:00",WHITSF1,0
D,DISPATCH,UNIT_SCADA,1,"2022/10/20 10:15:00",WINTSF1,85.02
D,DISPATCH,UNIT_SCADA,1,"2022/10/20 10:15:00",WKIEWA1,33.90
D,DISPATCH,UNIT_SCADA,1,"2022/10/20 10:15:00",WKIEWA2,14
D,DISPATCH,UNIT_SCADA,1,"2022/10/20 10:15:00",WOODLWN1,15.042710
D,DISPATCH,UNIT_SCADA,1,"2022/10/20 10:15:00",WOOLGSF1,17.6599
D,DISPATCH,UNIT_SCADA,1,"2022/10/20 10:15:00",WPWF,9.66
D,DISPATCH,UNIT_SCADA,1,"2022/10/20 10:15:00",WRSF1,0.6006
D,DISPATCH,UNIT_SCADA,1,"2022/10/20 10:15:00",WRWF1,36.044860
D,DISPATCH,UNIT_SCADA,1,"2022/10/20 10:15:00",WSTWYSF1,0
D,DISPATCH,UNIT_SCADA,1,"2022/10/20 10:15:00",YABULU,0
D,DISPATCH,UNIT_SCADA,1,"2022/10/20 10:15:00",YABULU2,0
D,DISPATCH,UNIT_SCADA,1,"2022/10/20 10:15:00",YARANSF1,20.62
D,DISPATCH,UNIT_SCADA,1,"2022/10/20 10:15:00",YARWUN_1,163.179990
D,DISPATCH,UNIT_SCADA,1,"2022/10/20 10:15:00",YATSF1,25.77
D,DISPATCH,UNIT_SCADA,1,"2022/10/20 10:15:00",YENDWF1,38.07
D,DISPATCH,UNIT_SCADA,1,"2022/10/20 10:15:00",YWPS1,296.488620
D,DISPATCH,UNIT_SCADA,1,"2022/10/20 10:15:00",YWPS2,287.716460
D,DISPATCH,UNIT_SCADA,1,"2022/10/20 10:15:00",YWPS3,300.3924
D,DISPATCH,UNIT_SCADA,1,"2022/10/20 10:15:00",YWPS4,0
C,"END OF REPORT",419
