C,NEMP.WORLD,DISPATCHSCADA,AEMO,PUBLIC,2022/10/20,20:05:10,0000000373278084,DISPATCHSCADA,0000000373278078
I,DISPATCH,UNIT_SCADA,1,SETTLEMENTDATE,DUID,SCADAVALUE
D,DISPATCH,UNIT_SCADA,1,"2022/10/20 20:10:00",BARCSF1,0.10
D,DISPATCH,UNIT_SCADA,1,"2022/10/20 20:10:00",BUTLERSG,8.699999
D,DISPATCH,UNIT_SCADA,1,"2022/10/20 20:10:00",CAPTL_WF,107.478203
D,DISPATCH,UNIT_SCADA,1,"2022/10/20 20:10:00",CHALLHWF,10.20
D,DISPATCH,UNIT_SCADA,1,"2022/10/20 20:10:00",CLOVER,13.22
D,DISPATCH,UNIT_SCADA,1,"2022/10/20 20:10:00",CLUNY,6.401007
D,DISPATCH,UNIT_SCADA,1,"2022/10/20 20:10:00",CULLRGWF,-0.04
D,DISPATCH,UNIT_SCADA,1,"2022/10/20 20:10:00",DIAPURWF1,0.40
D,DISPATCH,UNIT_SCADA,1,"2022/10/20 20:10:00",ERGT01,0
D,DISPATCH,UNIT_SCADA,1,"2022/10/20 20:10:00",GB01,0
D,DISPATCH,UNIT_SCADA,1,"2022/10/20 20:10:00",GERMCRK,21.50
D,DISPATCH,UNIT_SCADA,1,"2022/10/20 20:10:00",GRIFSF1,0.001526
D,DISPATCH,UNIT_SCADA,1,"2022/10/20 20:10:00",HEZ1,0
D,DISPATCH,UNIT_SCADA,1,"2022/10/20 20:10:00",HUGSF1,-0.0420
D,DISPATCH,UNIT_SCADA,1,"2022/10/20 20:10:00",KEPBG1,0
D,DISPATCH,UNIT_SCADA,1,"2022/10/20 20:10:00",LRSF1,0.0110
D,DISPATCH,UNIT_SCADA,1,"2022/10/20 20:10:00",MBAHNTH,44.8125
D,DISPATCH,UNIT_SCADA,1,"2022/10/20 20:10:00",MLSP1,0
D,DISPATCH,UNIT_SCADA,1,"2022/10/20 20:10:00",MLWF1,6.7350
D,DISPATCH,UNIT_SCADA,1,"2022/10/20 20:10:00",PALOONA,30.74
D,DISPATCH,UNIT_SCADA,1,"2022/10/20 20:10:00",PIONEER,23.40
D,DISPATCH,UNIT_SCADA,1,"2022/10/20 20:10:00",PORTWF,39.200001
D,DISPATCH,UNIT_SCADA,1,"2022/10/20 20:10:00",REPULSE,9.784696
D,DISPATCH,UNIT_SCADA,1,"2022/10/20 20:10:00",ROWALLAN,8.8892
D,DISPATCH,UNIT_SCADA,1,"2022/10/20 20:10:00",ROYALLA1,0
D,DISPATCH,UNIT_SCADA,1,"2022/10/20 20:10:00",RPCG,-0.50
D,DISPATCH,UNIT_SCADA,1,"2022/10/20 20:10:00",RUBICON,0
D,DISPATCH,UNIT_SCADA,1,"2022/10/20 20:10:00",WAUBRAWF,71.408997
D,DISPATCH,UNIT_SCADA,1,"2022/10/20 20:10:00",WOOLNTH1,76.50
D,DISPATCH,UNIT_SCADA,1,"2022/10/20 20:10:00",YAMBUKWF,6.20
D,DISPATCH,UNIT_SCADA,1,"2022/10/20 20:10:00",YSWF1,0.90
D,DISPATCH,UNIT_SCADA,1,"2022/10/20 20:10:00",ADPBA1G,0.0080
D,DISPATCH,UNIT_SCADA,1,"2022/10/20 20:10:00",ADPBA1L,0
D,DISPATCH,UNIT_SCADA,1,"2022/10/20 20:10:00",ADPPV1,0
D,DISPATCH,UNIT_SCADA,1,"2022/10/20 20:10:00",AGLHAL,30.9763
D,DISPATCH,UNIT_SCADA,1,"2022/10/20 20:10:00",AGLSOM,0
D,DISPATCH,UNIT_SCADA,1,"2022/10/20 20:10:00",ANGAST1,0
D,DISPATCH,UNIT_SCADA,1,"2022/10/20 20:10:00",ARWF1,7.10
D,DISPATCH,UNIT_SCADA,1,"2022/10/20 20:10:00",BALBG1,0
D,DISPATCH,UNIT_SCADA,1,"2022/10/20 20:10:00",BALBL1,0
D,DISPATCH,UNIT_SCADA,1,"2022/10/20 20:10:00",BALDHWF1,104.30
D,DISPATCH,UNIT_SCADA,1,"2022/10/20 20:10:00",BANGOWF1,86.297710
D,DISPATCH,UNIT_SCADA,1,"2022/10/20 20:10:00",BANGOWF2,67.399480
D,DISPATCH,UNIT_SCADA,1,"2022/10/20 20:10:00",BANN1,0
D,DISPATCH,UNIT_SCADA,1,"2022/10/20 20:10:00",BARCALDN,0
D,DISPATCH,UNIT_SCADA,1,"2022/10/20 20:10:00",BARKIPS1,191.929990
D,DISPATCH,UNIT_SCADA,1,"2022/10/20 20:10:00",BARRON-1,18.60
D,DISPATCH,UNIT_SCADA,1,"2022/10/20 20:10:00",BARRON-2,0
D,DISPATCH,UNIT_SCADA,1,"2022/10/20 20:10:00",BASTYAN,69.47
D,DISPATCH,UNIT_SCADA,1,"2022/10/20 20:10:00",BBTHREE1,0
D,DISPATCH,UNIT_SCADA,1,"2022/10/20 20:10:00",BBTHREE2,0
D,DISPATCH,UNIT_SCADA,1,"2022/10/20 20:10:00",BBTHREE3,-1.10
D,DISPATCH,UNIT_SCADA,1,"2022/10/20 20:10:00",BDL01,0
D,DISPATCH,UNIT_SCADA,1,"2022/10/20 20:10:00",BDL02,0
D,DISPATCH,UNIT_SCADA,1,"2022/10/20 20:10:00",BERYLSF1,0
D,DISPATCH,UNIT_SCADA,1,"2022/10/20 20:10:00",BLOWERNG,62.60
D,DISPATCH,UNIT_SCADA,1,"2022/10/20 20:10:00",BLUEGSF1,0
D,DISPATCH,UNIT_SCADA,1,"2022/10/20 20:10:00",BLUFF1,0.80
D,DISPATCH,UNIT_SCADA,1,"2022/10/20 20:10:00",BNGSF1,0
D,DISPATCH,UNIT_SCADA,1,"2022/10/20 20:10:00",BNGSF2,0
D,DISPATCH,UNIT_SCADA,1,"2022/10/20 20:10:00",BOCORWF1,27.68
D,DISPATCH,UNIT_SCADA,1,"2022/10/20 20:10:00",BODWF1,108.900420
D,DISPATCH,UNIT_SCADA,1,"2022/10/20 20:10:00",BOMENSF1,0
D,DISPATCH,UNIT_SCADA,1,"2022/10/20 20:10:00",BOWWBA1G,0.0010
D,DISPATCH,UNIT_SCADA,1,"2022/10/20 20:10:00",BOWWBA1L,0
D,DISPATCH,UNIT_SCADA,1,"2022/10/20 20:10:00",BOWWPV1,0
D,DISPATCH,UNIT_SCADA,1,"2022/10/20 20:10:00",BRAEMAR1,0
D,DISPATCH,UNIT_SCADA,1,"2022/10/20 20:10:00",BRAEMAR2,0
D,DISPATCH,UNIT_SCADA,1,"2022/10/20 20:10:00",BRAEMAR3,0
D,DISPATCH,UNIT_SCADA,1,"2022/10/20 20:10:00",BRAEMAR5,143.783660
D,DISPATCH,UNIT_SCADA,1,"2022/10/20 20:10:00",BRAEMAR6,0
D,DISPATCH,UNIT_SCADA,1,"2022/10/20 20:10:00",BRAEMAR7,139.986910
D,DISPATCH,UNIT_SCADA,1,"2022/10/20 20:10:00",BROKENH1,0
D,DISPATCH,UNIT_SCADA,1,"2022/10/20 20:10:00",BRYB1WF1,111.381710
D,DISPATCH,UNIT_SCADA,1,"2022/10/20 20:10:00",BULBESG1,0
D,DISPATCH,UNIT_SCADA,1,"2022/10/20 20:10:00",BULBESL1,0.03
D,DISPATCH,UNIT_SCADA,1,"2022/10/20 20:10:00",BULGANA1,39.15
D,DISPATCH,UNIT_SCADA,1,"2022/10/20 20:10:00",BW01,656.784910
D,DISPATCH,UNIT_SCADA,1,"2022/10/20 20:10:00",BW02,636.545350
D,DISPATCH,UNIT_SCADA,1,"2022/10/20 20:10:00",BW03,613.571350
D,DISPATCH,UNIT_SCADA,1,"2022/10/20 20:10:00",BW04,0
D,DISPATCH,UNIT_SCADA,1,"2022/10/20 20:10:00",CALL_B_1,319.600010
D,DISPATCH,UNIT_SCADA,1,"2022/10/20 20:10:00",CALL_B_2,320
D,DISPATCH,UNIT_SCADA,1,"2022/10/20 20:10:00",CATHROCK,2.20
D,DISPATCH,UNIT_SCADA,1,"2022/10/20 20:10:00",CBWWBA1G,0
D,DISPATCH,UNIT_SCADA,1,"2022/10/20 20:10:00",CBWWBA1L,0
D,DISPATCH,UNIT_SCADA,1,"2022/10/20 20:10:00",CETHANA,97.166630
D,DISPATCH,UNIT_SCADA,1,"2022/10/20 20:10:00",CG1,0
D,DISPATCH,UNIT_SCADA,1,"2022/10/20 20:10:00",CG2,0
D,DISPATCH,UNIT_SCADA,1,"2022/10/20 20:10:00",CG3,0
D,DISPATCH,UNIT_SCADA,1,"2022/10/20 20:10:00",CG4,0
D,DISPATCH,UNIT_SCADA,1,"2022/10/20 20:10:00",CHILDSF1,0
D,DISPATCH,UNIT_SCADA,1,"2022/10/20 20:10:00",CHYTWF1,3.63
D,DISPATCH,UNIT_SCADA,1,"2022/10/20 20:10:00",CLARESF1,0
D,DISPATCH,UNIT_SCADA,1,"2022/10/20 20:10:00",CLEMGPWF,0
D,DISPATCH,UNIT_SCADA,1,"2022/10/20 20:10:00",CLERMSF1,0
D,DISPATCH,UNIT_SCADA,1,"2022/10/20 20:10:00",CNUNDAWF,15.117640
D,DISPATCH,UNIT_SCADA,1,"2022/10/20 20:10:00",COHUNSF1,0
D,DISPATCH,UNIT_SCADA,1,"2022/10/20 20:10:00",COLEASF1,0
D,DISPATCH,UNIT_SCADA,1,"2022/10/20 20:10:00",COLUMSF1,0
D,DISPATCH,UNIT_SCADA,1,"2022/10/20 20:10:00",COLWF01,122.7863
D,DISPATCH,UNIT_SCADA,1,"2022/10/20 20:10:00",COOPGWF1,382.44
D,DISPATCH,UNIT_SCADA,1,"2022/10/20 20:10:00",CPP_3,379.774990
D,DISPATCH,UNIT_SCADA,1,"2022/10/20 20:10:00",CPP_4,0
D,DISPATCH,UNIT_SCADA,1,"2022/10/20 20:10:00",CPSA,0
D,DISPATCH,UNIT_SCADA,1,"2022/10/20 20:10:00",CROOKWF2,34.503090
D,DISPATCH,UNIT_SCADA,1,"2022/10/20 20:10:00",CROWLWF1,32.259070
D,DISPATCH,UNIT_SCADA,1,"2022/10/20 20:10:00",CRURWF1,89.296640
D,DISPATCH,UNIT_SCADA,1,"2022/10/20 20:10:00",CRWASF1,0
D,DISPATCH,UNIT_SCADA,1,"2022/10/20 20:10:00",CSPVPS1,0
D,DISPATCH,UNIT_SCADA,1,"2022/10/20 20:10:00",CTHLWF1,0.003050
D,DISPATCH,UNIT_SCADA,1,"2022/10/20 20:10:00",DALNTH01,0
D,DISPATCH,UNIT_SCADA,1,"2022/10/20 20:10:00",DALNTHL1,0.193790
D,DISPATCH,UNIT_SCADA,1,"2022/10/20 20:10:00",DARLSF1,0
D,DISPATCH,UNIT_SCADA,1,"2022/10/20 20:10:00",DARTM1,0
D,DISPATCH,UNIT_SCADA,1,"2022/10/20 20:10:00",DAYDSF1,0
D,DISPATCH,UNIT_SCADA,1,"2022/10/20 20:10:00",DDPS1,0
D,DISPATCH,UNIT_SCADA,1,"2022/10/20 20:10:00",DDSF1,0
D,DISPATCH,UNIT_SCADA,1,"2022/10/20 20:10:00",DEVILS_G,58.341630
D,DISPATCH,UNIT_SCADA,1,"2022/10/20 20:10:00",DG_NSW1,0
D,DISPATCH,UNIT_SCADA,1,"2022/10/20 20:10:00",DG_QLD1,0
D,DISPATCH,UNIT_SCADA,1,"2022/10/20 20:10:00",DG_SA1,0
D,DISPATCH,UNIT_SCADA,1,"2022/10/20 20:10:00",DG_TAS1,0
D,DISPATCH,UNIT_SCADA,1,"2022/10/20 20:10:00",DG_VIC1,0
D,DISPATCH,UNIT_SCADA,1,"2022/10/20 20:10:00",DRYCGT1,0
D,DISPATCH,UNIT_SCADA,1,"2022/10/20 20:10:00",DRYCGT2,0
D,DISPATCH,UNIT_SCADA,1,"2022/10/20 20:10:00",DRYCGT3,0
D,DISPATCH,UNIT_SCADA,1,"2022/10/20 20:10:00",DUNDWF1,81.41
D,DISPATCH,UNIT_SCADA,1,"2022/10/20 20:10:00",DUNDWF2,20.95
D,DISPATCH,UNIT_SCADA,1,"2022/10/20 20:10:00",DUNDWF3,87.40
D,DISPATCH,UNIT_SCADA,1,"2022/10/20 20:10:00",EILDON1,59.84
D,DISPATCH,UNIT_SCADA,1,"2022/10/20 20:10:00",EILDON2,60
D,DISPATCH,UNIT_SCADA,1,"2022/10/20 20:10:00",ELAINWF1,6.74
D,DISPATCH,UNIT_SCADA,1,"2022/10/20 20:10:00",EMERASF1,0
D,DISPATCH,UNIT_SCADA,1,"2022/10/20 20:10:00",ER01,0
D,DISPATCH,UNIT_SCADA,1,"2022/10/20 20:10:00",ER02,672.898440
D,DISPATCH,UNIT_SCADA,1,"2022/10/20 20:10:00",ER03,636.862730
D,DISPATCH,UNIT_SCADA,1,"2022/10/20 20:10:00",ER04,693.4798
D,DISPATCH,UNIT_SCADA,1,"2022/10/20 20:10:00",FINLYSF1,0
D,DISPATCH,UNIT_SCADA,1,"2022/10/20 20:10:00",FISHER,43.94
D,DISPATCH,UNIT_SCADA,1,"2022/10/20 20:10:00",GANGARR1,0
D,DISPATCH,UNIT_SCADA,1,"2022/10/20 20:10:00",GANNBG1,10.400630
D,DISPATCH,UNIT_SCADA,1,"2022/10/20 20:10:00",GANNBL1,0
D,DISPATCH,UNIT_SCADA,1,"2022/10/20 20:10:00",GANNSF1,0
D,DISPATCH,UNIT_SCADA,1,"2022/10/20 20:10:00",GLRWNSF1,0
D,DISPATCH,UNIT_SCADA,1,"2022/10/20 20:10:00",GNNDHSF1,0
D,DISPATCH,UNIT_SCADA,1,"2022/10/20 20:10:00",GOONSF1,0
D,DISPATCH,UNIT_SCADA,1,"2022/10/20 20:10:00",GORDON,272.071380
D,DISPATCH,UNIT_SCADA,1,"2022/10/20 20:10:00",GRANWF1,0
D,DISPATCH,UNIT_SCADA,1,"2022/10/20 20:10:00",GSTONE1,218.9250
D,DISPATCH,UNIT_SCADA,1,"2022/10/20 20:10:00",GSTONE2,0
D,DISPATCH,UNIT_SCADA,1,"2022/10/20 20:10:00",GSTONE3,200.024990
D,DISPATCH,UNIT_SCADA,1,"2022/10/20 20:10:00",GSTONE4,0
D,DISPATCH,UNIT_SCADA,1,"2022/10/20 20:10:00",GSTONE5,218.5750
D,DISPATCH,UNIT_SCADA,1,"2022/10/20 20:10:00",GSTONE6,218.75
D,DISPATCH,UNIT_SCADA,1,"2022/10/20 20:10:00",GULLRSF1,0
D,DISPATCH,UNIT_SCADA,1,"2022/10/20 20:10:00",GULLRWF1,64.464020
D,DISPATCH,UNIT_SCADA,1,"2022/10/20 20:10:00",GULLRWF2,97.336450
D,DISPATCH,UNIT_SCADA,1,"2022/10/20 20:10:00",GUNNING1,0
D,DISPATCH,UNIT_SCADA,1,"2022/10/20 20:10:00",GUTHEGA,67.80
D,DISPATCH,UNIT_SCADA,1,"2022/10/20 20:10:00",HALLWF1,5.13
D,DISPATCH,UNIT_SCADA,1,"2022/10/20 20:10:00",HALLWF2,5.56
D,DISPATCH,UNIT_SCADA,1,"2022/10/20 20:10:00",HAMISF1,0
D,DISPATCH,UNIT_SCADA,1,"2022/10/20 20:10:00",HAUGHT11,0
D,DISPATCH,UNIT_SCADA,1,"2022/10/20 20:10:00",HAYMSF1,0
D,DISPATCH,UNIT_SCADA,1,"2022/10/20 20:10:00",HDWF1,18.30
D,DISPATCH,UNIT_SCADA,1,"2022/10/20 20:10:00",HDWF2,13.80
D,DISPATCH,UNIT_SCADA,1,"2022/10/20 20:10:00",HDWF3,21
D,DISPATCH,UNIT_SCADA,1,"2022/10/20 20:10:00",HILLSTN1,0
D,DISPATCH,UNIT_SCADA,1,"2022/10/20 20:10:00",HPRG1,5.80
D,DISPATCH,UNIT_SCADA,1,"2022/10/20 20:10:00",HPRL1,0
D,DISPATCH,UNIT_SCADA,1,"2022/10/20 20:10:00",HUMENSW,54.346020
D,DISPATCH,UNIT_SCADA,1,"2022/10/20 20:10:00",HUMEV,0
D,DISPATCH,UNIT_SCADA,1,"2022/10/20 20:10:00",HVWWBA1G,0
D,DISPATCH,UNIT_SCADA,1,"2022/10/20 20:10:00",HVWWBA1L,0.0070
D,DISPATCH,UNIT_SCADA,1,"2022/10/20 20:10:00",HVWWPV1,0
D,DISPATCH,UNIT_SCADA,1,"2022/10/20 20:10:00",JBUTTERS,1.911980
D,DISPATCH,UNIT_SCADA,1,"2022/10/20 20:10:00",JEMALNG1,0
D,DISPATCH,UNIT_SCADA,1,"2022/10/20 20:10:00",JLA01,0
D,DISPATCH,UNIT_SCADA,1,"2022/10/20 20:10:00",JLA02,0
D,DISPATCH,UNIT_SCADA,1,"2022/10/20 20:10:00",JLA03,0
D,DISPATCH,UNIT_SCADA,1,"2022/10/20 20:10:00",JLA04,0
D,DISPATCH,UNIT_SCADA,1,"2022/10/20 20:10:00",JLB01,0
D,DISPATCH,UNIT_SCADA,1,"2022/10/20 20:10:00",JLB02,0.10
D,DISPATCH,UNIT_SCADA,1,"2022/10/20 20:10:00",JLB03,0
D,DISPATCH,UNIT_SCADA,1,"2022/10/20 20:10:00",JUNEESF1,0
D,DISPATCH,UNIT_SCADA,1,"2022/10/20 20:10:00",KABANWF1,0
D,DISPATCH,UNIT_SCADA,1,"2022/10/20 20:10:00",KAREEYA1,0
D,DISPATCH,UNIT_SCADA,1,"2022/10/20 20:10:00",KAREEYA2,0
D,DISPATCH,UNIT_SCADA,1,"2022/10/20 20:10:00",KAREEYA3,4.80
D,DISPATCH,UNIT_SCADA,1,"2022/10/20 20:10:00",KAREEYA4,0
D,DISPATCH,UNIT_SCADA,1,"2022/10/20 20:10:00",KARSF1,0
D,DISPATCH,UNIT_SCADA,1,"2022/10/20 20:10:00",KEPSF1,0
D,DISPATCH,UNIT_SCADA,1,"2022/10/20 20:10:00",KEPWF1,6.28
D,DISPATCH,UNIT_SCADA,1,"2022/10/20 20:10:00",KIAMSF1,0
D,DISPATCH,UNIT_SCADA,1,"2022/10/20 20:10:00",KIATAWF1,2.80
D,DISPATCH,UNIT_SCADA,1,"2022/10/20 20:10:00",KPP_1,0
D,DISPATCH,UNIT_SCADA,1,"2022/10/20 20:10:00",KSP1,0
D,DISPATCH,UNIT_SCADA,1,"2022/10/20 20:10:00",LADBROK1,0.01
D,DISPATCH,UNIT_SCADA,1,"2022/10/20 20:10:00",LADBROK2,0.01
D,DISPATCH,UNIT_SCADA,1,"2022/10/20 20:10:00",LBBG1,0
D,DISPATCH,UNIT_SCADA,1,"2022/10/20 20:10:00",LBBL1,0
D,DISPATCH,UNIT_SCADA,1,"2022/10/20 20:10:00",LD01,377.575010
D,DISPATCH,UNIT_SCADA,1,"2022/10/20 20:10:00",LD02,74.599440
D,DISPATCH,UNIT_SCADA,1,"2022/10/20 20:10:00",LD04,311.178920
D,DISPATCH,UNIT_SCADA,1,"2022/10/20 20:10:00",LEM_WIL,86.880170
D,DISPATCH,UNIT_SCADA,1,"2022/10/20 20:10:00",LGAPWF1,94.18
D,DISPATCH,UNIT_SCADA,1,"2022/10/20 20:10:00",LGAPWF2,74.33
D,DISPATCH,UNIT_SCADA,1,"2022/10/20 20:10:00",LILYSF1,0
D,DISPATCH,UNIT_SCADA,1,"2022/10/20 20:10:00",LIMOSF11,0
D,DISPATCH,UNIT_SCADA,1,"2022/10/20 20:10:00",LIMOSF21,0
D,DISPATCH,UNIT_SCADA,1,"2022/10/20 20:10:00",LI_WY_CA,62.8754
D,DISPATCH,UNIT_SCADA,1,"2022/10/20 20:10:00",LKBONNY1,24.024240
D,DISPATCH,UNIT_SCADA,1,"2022/10/20 20:10:00",LKBONNY2,61.746010
D,DISPATCH,UNIT_SCADA,1,"2022/10/20 20:10:00",LKBONNY3,13.3973
D,DISPATCH,UNIT_SCADA,1,"2022/10/20 20:10:00",LK_ECHO,0
D,DISPATCH,UNIT_SCADA,1,"2022/10/20 20:10:00",LNGS1,0
D,DISPATCH,UNIT_SCADA,1,"2022/10/20 20:10:00",LNGS2,0
D,DISPATCH,UNIT_SCADA,1,"2022/10/20 20:10:00",LONSDALE,0
D,DISPATCH,UNIT_SCADA,1,"2022/10/20 20:10:00",LOYYB1,581.202510
D,DISPATCH,UNIT_SCADA,1,"2022/10/20 20:10:00",LOYYB2,574.059510
D,DISPATCH,UNIT_SCADA,1,"2022/10/20 20:10:00",LYA1,556
D,DISPATCH,UNIT_SCADA,1,"2022/10/20 20:10:00",LYA2,0
D,DISPATCH,UNIT_SCADA,1,"2022/10/20 20:10:00",LYA3,554
D,DISPATCH,UNIT_SCADA,1,"2022/10/20 20:10:00",LYA4,555
D,DISPATCH,UNIT_SCADA,1,"2022/10/20 20:10:00",MACARTH1,103.8976
D,DISPATCH,UNIT_SCADA,1,"2022/10/20 20:10:00",MACKNTSH,72.360010
D,DISPATCH,UNIT_SCADA,1,"2022/10/20 20:10:00",MANSLR1,0
D,DISPATCH,UNIT_SCADA,1,"2022/10/20 20:10:00",MAPS2PV1,0
D,DISPATCH,UNIT_SCADA,1,"2022/10/20 20:10:00",MAPS3PV1,0
D,DISPATCH,UNIT_SCADA,1,"2022/10/20 20:10:00",MARYRSF1,0
D,DISPATCH,UNIT_SCADA,1,"2022/10/20 20:10:00",MBPS2PV1,0
D,DISPATCH,UNIT_SCADA,1,"2022/10/20 20:10:00",MCKAY1,218.614990
D,DISPATCH,UNIT_SCADA,1,"2022/10/20 20:10:00",MEADOWBK,19.805940
D,DISPATCH,UNIT_SCADA,1,"2022/10/20 20:10:00",MERCER01,15.60
D,DISPATCH,UNIT_SCADA,1,"2022/10/20 20:10:00",METZSF1,0
D,DISPATCH,UNIT_SCADA,1,"2022/10/20 20:10:00",MEWF1,0.119840
D,DISPATCH,UNIT_SCADA,1,"2022/10/20 20:10:00",MIDDLSF1,0
D,DISPATCH,UNIT_SCADA,1,"2022/10/20 20:10:00",MINTARO,0.128180
D,DISPATCH,UNIT_SCADA,1,"2022/10/20 20:10:00",MOLNGSF1,0
D,DISPATCH,UNIT_SCADA,1,"2022/10/20 20:10:00",MOORAWF1,5.38
D,DISPATCH,UNIT_SCADA,1,"2022/10/20 20:10:00",MOREESF1,0
D,DISPATCH,UNIT_SCADA,1,"2022/10/20 20:10:00",MORTLK11,0
D,DISPATCH,UNIT_SCADA,1,"2022/10/20 20:10:00",MORTLK12,0
D,DISPATCH,UNIT_SCADA,1,"2022/10/20 20:10:00",MOUSF1,0
D,DISPATCH,UNIT_SCADA,1,"2022/10/20 20:10:00",MP1,0
D,DISPATCH,UNIT_SCADA,1,"2022/10/20 20:10:00",MP2,600.729370
D,DISPATCH,UNIT_SCADA,1,"2022/10/20 20:10:00",MPP_1,191.153260
D,DISPATCH,UNIT_SCADA,1,"2022/10/20 20:10:00",MPP_2,181.921370
D,DISPATCH,UNIT_SCADA,1,"2022/10/20 20:10:00",MRTLSWF1,0
D,DISPATCH,UNIT_SCADA,1,"2022/10/20 20:10:00",MSTUART1,0
D,DISPATCH,UNIT_SCADA,1,"2022/10/20 20:10:00",MSTUART2,0
D,DISPATCH,UNIT_SCADA,1,"2022/10/20 20:10:00",MSTUART3,0
D,DISPATCH,UNIT_SCADA,1,"2022/10/20 20:10:00",MTGELWF1,35.625780
D,DISPATCH,UNIT_SCADA,1,"2022/10/20 20:10:00",MTMILLAR,13.40
D,DISPATCH,UNIT_SCADA,1,"2022/10/20 20:10:00",MURRAY,151.50
D,DISPATCH,UNIT_SCADA,1,"2022/10/20 20:10:00",MUSSELR1,24.90
D,DISPATCH,UNIT_SCADA,1,"2022/10/20 20:10:00",MUWAWF1,2.53
D,DISPATCH,UNIT_SCADA,1,"2022/10/20 20:10:00",MUWAWF2,0
D,DISPATCH,UNIT_SCADA,1,"2022/10/20 20:10:00",MWPS1PV1,0
D,DISPATCH,UNIT_SCADA,1,"2022/10/20 20:10:00",MWPS2PV1,0
D,DISPATCH,UNIT_SCADA,1,"2022/10/20 20:10:00",MWPS3PV1,0
D,DISPATCH,UNIT_SCADA,1,"2022/10/20 20:10:00",MWPS4PV1,0
D,DISPATCH,UNIT_SCADA,1,"2022/10/20 20:10:00",NBHWF1,14.80
D,DISPATCH,UNIT_SCADA,1,"2022/10/20 20:10:00",NEVERSF1,0
D,DISPATCH,UNIT_SCADA,1,"2022/10/20 20:10:00",NPS,0
D,DISPATCH,UNIT_SCADA,1,"2022/10/20 20:10:00",NUMURSF1,0
D,DISPATCH,UNIT_SCADA,1,"2022/10/20 20:10:00",NYNGAN1,0
D,DISPATCH,UNIT_SCADA,1,"2022/10/20 20:10:00",OAKEY1,125.857680
D,DISPATCH,UNIT_SCADA,1,"2022/10/20 20:10:00",OAKEY1SF,0
D,DISPATCH,UNIT_SCADA,1,"2022/10/20 20:10:00",OAKEY2,0
D,DISPATCH,UNIT_SCADA,1,"2022/10/20 20:10:00",OAKEY2SF,0
D,DISPATCH,UNIT_SCADA,1,"2022/10/20 20:10:00",OAKLAND1,25.30
D,DISPATCH,UNIT_SCADA,1,"2022/10/20 20:10:00",OSB-AG,177.59
D,DISPATCH,UNIT_SCADA,1,"2022/10/20 20:10:00",PAREPS1,0
D,DISPATCH,UNIT_SCADA,1,"2022/10/20 20:10:00",PAREPW1,100.23
D,DISPATCH,UNIT_SCADA,1,"2022/10/20 20:10:00",PARSF1,0.001530
D,DISPATCH,UNIT_SCADA,1,"2022/10/20 20:10:00",POAT110,3.16
D,DISPATCH,UNIT_SCADA,1,"2022/10/20 20:10:00",POAT220,0
D,DISPATCH,UNIT_SCADA,1,"2022/10/20 20:10:00",POR01,0.008670
D,DISPATCH,UNIT_SCADA,1,"2022/10/20 20:10:00",POR03,0
D,DISPATCH,UNIT_SCADA,1,"2022/10/20 20:10:00",PPCCGT,164.156680
D,DISPATCH,UNIT_SCADA,1,"2022/10/20 20:10:00",PTSTAN1,0
D,DISPATCH,UNIT_SCADA,1,"2022/10/20 20:10:00",PUMP1,0
D,DISPATCH,UNIT_SCADA,1,"2022/10/20 20:10:00",PUMP2,0
D,DISPATCH,UNIT_SCADA,1,"2022/10/20 20:10:00",QBYNBG1,0
D,DISPATCH,UNIT_SCADA,1,"2022/10/20 20:10:00",QBYNBL1,0.0015
D,DISPATCH,UNIT_SCADA,1,"2022/10/20 20:10:00",QPS1,0
D,DISPATCH,UNIT_SCADA,1,"2022/10/20 20:10:00",QPS2,0
D,DISPATCH,UNIT_SCADA,1,"2022/10/20 20:10:00",QPS3,0
D,DISPATCH,UNIT_SCADA,1,"2022/10/20 20:10:00",QPS4,0
D,DISPATCH,UNIT_SCADA,1,"2022/10/20 20:10:00",QPS5,75.689990
D,DISPATCH,UNIT_SCADA,1,"2022/10/20 20:10:00",REECE1,99.525250
D,DISPATCH,UNIT_SCADA,1,"2022/10/20 20:10:00",REECE2,99.010010
D,DISPATCH,UNIT_SCADA,1,"2022/10/20 20:10:00",ROMA_7,0
D,DISPATCH,UNIT_SCADA,1,"2022/10/20 20:10:00",ROMA_8,0
D,DISPATCH,UNIT_SCADA,1,"2022/10/20 20:10:00",RRSF1,0
D,DISPATCH,UNIT_SCADA,1,"2022/10/20 20:10:00",RT_NSW1,0
D,DISPATCH,UNIT_SCADA,1,"2022/10/20 20:10:00",RT_NSW2,0
D,DISPATCH,UNIT_SCADA,1,"2022/10/20 20:10:00",RT_NSW3,0
D,DISPATCH,UNIT_SCADA,1,"2022/10/20 20:10:00",RT_NSW4,0
D,DISPATCH,UNIT_SCADA,1,"2022/10/20 20:10:00",RT_NSW5,0
D,DISPATCH,UNIT_SCADA,1,"2022/10/20 20:10:00",RT_NSW6,0
D,DISPATCH,UNIT_SCADA,1,"2022/10/20 20:10:00",RT_QLD1,0
D,DISPATCH,UNIT_SCADA,1,"2022/10/20 20:10:00",RT_SA1,0
D,DISPATCH,UNIT_SCADA,1,"2022/10/20 20:10:00",RT_SA2,0
D,DISPATCH,UNIT_SCADA,1,"2022/10/20 20:10:00",RT_SA3,0
D,DISPATCH,UNIT_SCADA,1,"2022/10/20 20:10:00",RT_SA4,0
D,DISPATCH,UNIT_SCADA,1,"2022/10/20 20:10:00",RT_SA5,0
D,DISPATCH,UNIT_SCADA,1,"2022/10/20 20:10:00",RT_SA6,0
D,DISPATCH,UNIT_SCADA,1,"2022/10/20 20:10:00",RT_TAS1,0
D,DISPATCH,UNIT_SCADA,1,"2022/10/20 20:10:00",RT_VIC1,0
D,DISPATCH,UNIT_SCADA,1,"2022/10/20 20:10:00",RT_VIC10,0
D,DISPATCH,UNIT_SCADA,1,"2022/10/20 20:10:00",RT_VIC11,0
D,DISPATCH,UNIT_SCADA,1,"2022/10/20 20:10:00",RT_VIC12,0
D,DISPATCH,UNIT_SCADA,1,"2022/10/20 20:10:00",RT_VIC2,0
D,DISPATCH,UNIT_SCADA,1,"2022/10/20 20:10:00",RT_VIC3,0
D,DISPATCH,UNIT_SCADA,1,"2022/10/20 20:10:00",RT_VIC4,0
D,DISPATCH,UNIT_SCADA,1,"2022/10/20 20:10:00",RT_VIC5,0
D,DISPATCH,UNIT_SCADA,1,"2022/10/20 20:10:00",RT_VIC6,0
D,DISPATCH,UNIT_SCADA,1,"2022/10/20 20:10:00",RT_VIC7,0
D,DISPATCH,UNIT_SCADA,1,"2022/10/20 20:10:00",RT_VIC8,0
D,DISPATCH,UNIT_SCADA,1,"2022/10/20 20:10:00",RT_VIC9,0
D,DISPATCH,UNIT_SCADA,1,"2022/10/20 20:10:00",RUGBYR1,0
D,DISPATCH,UNIT_SCADA,1,"2022/10/20 20:10:00",SALTCRK1,39.27
D,DISPATCH,UNIT_SCADA,1,"2022/10/20 20:10:00",SAPHWF1,251.595340
D,DISPATCH,UNIT_SCADA,1,"2022/10/20 20:10:00",SEBSF1,0
D,DISPATCH,UNIT_SCADA,1,"2022/10/20 20:10:00",SHGEN,80.1350
D,DISPATCH,UNIT_SCADA,1,"2022/10/20 20:10:00",SHPUMP,0
D,DISPATCH,UNIT_SCADA,1,"2022/10/20 20:10:00",SITHE01,0.153860
D,DISPATCH,UNIT_SCADA,1,"2022/10/20 20:10:00",SMCSF1,0
D,DISPATCH,UNIT_SCADA,1,"2022/10/20 20:10:00",SNAPPER1,0
D,DISPATCH,UNIT_SCADA,1,"2022/10/20 20:10:00",SNOWNTH1,34.60
D,DISPATCH,UNIT_SCADA,1,"2022/10/20 20:10:00",SNOWSTH1,19.50
D,DISPATCH,UNIT_SCADA,1,"2022/10/20 20:10:00",SNOWTWN1,23.291180
D,DISPATCH,UNIT_SCADA,1,"2022/10/20 20:10:00",SNOWYP,0
D,DISPATCH,UNIT_SCADA,1,"2022/10/20 20:10:00",SNUG1,0
D,DISPATCH,UNIT_SCADA,1,"2022/10/20 20:10:00",SRSF1,0
D,DISPATCH,UNIT_SCADA,1,"2022/10/20 20:10:00",STAN-1,281.607060
D,DISPATCH,UNIT_SCADA,1,"2022/10/20 20:10:00",STAN-2,362.474580
D,DISPATCH,UNIT_SCADA,1,"2022/10/20 20:10:00",STAN-3,363.512820
D,DISPATCH,UNIT_SCADA,1,"2022/10/20 20:10:00",STAN-4,364.153690
D,DISPATCH,UNIT_SCADA,1,"2022/10/20 20:10:00",STARHLWF,15.995340
D,DISPATCH,UNIT_SCADA,1,"2022/10/20 20:10:00",STOCKYD1,159.320010
D,DISPATCH,UNIT_SCADA,1,"2022/10/20 20:10:00",STWF1,111.87
D,DISPATCH,UNIT_SCADA,1,"2022/10/20 20:10:00",SUNRSF1,0
D,DISPATCH,UNIT_SCADA,1,"2022/10/20 20:10:00",SUNTPSF1,0
D,DISPATCH,UNIT_SCADA,1,"2022/10/20 20:10:00",SWAN_E,344.538150
D,DISPATCH,UNIT_SCADA,1,"2022/10/20 20:10:00",TALWA1,0
D,DISPATCH,UNIT_SCADA,1,"2022/10/20 20:10:00",TARALGA1,0
D,DISPATCH,UNIT_SCADA,1,"2022/10/20 20:10:00",TARONG#1,347.700010
D,DISPATCH,UNIT_SCADA,1,"2022/10/20 20:10:00",TARONG#2,348.200010
D,DISPATCH,UNIT_SCADA,1,"2022/10/20 20:10:00",TARONG#3,0.90
D,DISPATCH,UNIT_SCADA,1,"2022/10/20 20:10:00",TARONG#4,293.600010
D,DISPATCH,UNIT_SCADA,1,"2022/10/20 20:10:00",TARRALEA,54
D,DISPATCH,UNIT_SCADA,1,"2022/10/20 20:10:00",TBSF1,0
D,DISPATCH,UNIT_SCADA,1,"2022/10/20 20:10:00",TNPS1,418.9375
D,DISPATCH,UNIT_SCADA,1,"2022/10/20 20:10:00",TORRB1,0
D,DISPATCH,UNIT_SCADA,1,"2022/10/20 20:10:00",TORRB2,58
D,DISPATCH,UNIT_SCADA,1,"2022/10/20 20:10:00",TORRB3,0
D,DISPATCH,UNIT_SCADA,1,"2022/10/20 20:10:00",TORRB4,0
D,DISPATCH,UNIT_SCADA,1,"2022/10/20 20:10:00",TREVALLN,98.194470
D,DISPATCH,UNIT_SCADA,1,"2022/10/20 20:10:00",TRIBUTE,0
D,DISPATCH,UNIT_SCADA,1,"2022/10/20 20:10:00",TUMUT3,423.419980
D,DISPATCH,UNIT_SCADA,1,"2022/10/20 20:10:00",TUNGATIN,3.400020
D,DISPATCH,UNIT_SCADA,1,"2022/10/20 20:10:00",TVCC201,0
D,DISPATCH,UNIT_SCADA,1,"2022/10/20 20:10:00",TVPP104,57.826560
D,DISPATCH,UNIT_SCADA,1,"2022/10/20 20:10:00",UPPTUMUT,104.438690
D,DISPATCH,UNIT_SCADA,1,"2022/10/20 20:10:00",URANQ11,0
D,DISPATCH,UNIT_SCADA,1,"2022/10/20 20:10:00",URANQ12,0
D,DISPATCH,UNIT_SCADA,1,"2022/10/20 20:10:00",URANQ13,0
D,DISPATCH,UNIT_SCADA,1,"2022/10/20 20:10:00",URANQ14,0
D,DISPATCH,UNIT_SCADA,1,"2022/10/20 20:10:00",VBBG1,3.40
D,DISPATCH,UNIT_SCADA,1,"2022/10/20 20:10:00",VBBL1,0
D,DISPATCH,UNIT_SCADA,1,"2022/10/20 20:10:00",VP5,561.052310
D,DISPATCH,UNIT_SCADA,1,"2022/10/20 20:10:00",VP6,601.312320
D,DISPATCH,UNIT_SCADA,1,"2022/10/20 20:10:00",VPGS1,0
D,DISPATCH,UNIT_SCADA,1,"2022/10/20 20:10:00",VPGS2,0
D,DISPATCH,UNIT_SCADA,1,"2022/10/20 20:10:00",VPGS3,0
D,DISPATCH,UNIT_SCADA,1,"2022/10/20 20:10:00",VPGS4,0
D,DISPATCH,UNIT_SCADA,1,"2022/10/20 20:10:00",VPGS5,0
D,DISPATCH,UNIT_SCADA,1,"2022/10/20 20:10:00",VPGS6,0
D,DISPATCH,UNIT_SCADA,1,"2022/10/20 20:10:00",W/HOE#1,0
D,DISPATCH,UNIT_SCADA,1,"2022/10/20 20:10:00",W/HOE#2,0
D,DISPATCH,UNIT_SCADA,1,"2022/10/20 20:10:00",WAGGNSF1,0
D,DISPATCH,UNIT_SCADA,1,"2022/10/20 20:10:00",WALGRVG1,0.019550
D,DISPATCH,UNIT_SCADA,1,"2022/10/20 20:10:00",WALGRVL1,0
D,DISPATCH,UNIT_SCADA,1,"2022/10/20 20:10:00",WANDBG1,6.462990
D,DISPATCH,UNIT_SCADA,1,"2022/10/20 20:10:00",WANDBL1,0
D,DISPATCH,UNIT_SCADA,1,"2022/10/20 20:10:00",WARWSF1,0
D,DISPATCH,UNIT_SCADA,1,"2022/10/20 20:10:00",WARWSF2,0
D,DISPATCH,UNIT_SCADA,1,"2022/10/20 20:10:00",WATERLWF,11.20
D,DISPATCH,UNIT_SCADA,1,"2022/10/20 20:10:00",WDGPH1,0
D,DISPATCH,UNIT_SCADA,1,"2022/10/20 20:10:00",WELLSF1,0
D,DISPATCH,UNIT_SCADA,1,"2022/10/20 20:10:00",WEMENSF1,0
D,DISPATCH,UNIT_SCADA,1,"2022/10/20 20:10:00",WGWF1,9.60
D,DISPATCH,UNIT_SCADA,1,"2022/10/20 20:10:00",WHITSF1,0
D,DISPATCH,UNIT_SCADA,1,"2022/10/20 20:10:00",WINTSF1,0
D,DISPATCH,UNIT_SCADA,1,"2022/10/20 20:10:00",WKIEWA1,33.80
D,DISPATCH,UNIT_SCADA,1,"2022/10/20 20:10:00",WKIEWA2,33.90
D,DISPATCH,UNIT_SCADA,1,"2022/10/20 20:10:00",WOODLWN1,40.944470
D,DISPATCH,UNIT_SCADA,1,"2022/10/20 20:10:00",WOOLGSF1,0
D,DISPATCH,UNIT_SCADA,1,"2022/10/20 20:10:00",WPWF,52.04
D,DISPATCH,UNIT_SCADA,1,"2022/10/20 20:10:00",WRSF1,0
D,DISPATCH,UNIT_SCADA,1,"2022/10/20 20:10:00",WRWF1,114.382230
D,DISPATCH,UNIT_SCADA,1,"2022/10/20 20:10:00",WSTWYSF1,0
D,DISPATCH,UNIT_SCADA,1,"2022/10/20 20:10:00",YABULU,153.270020
D,DISPATCH,UNIT_SCADA,1,"2022/10/20 20:10:00",YABULU2,0
D,DISPATCH,UNIT_SCADA,1,"2022/10/20 20:10:00",YARANSF1,0
D,DISPATCH,UNIT_SCADA,1,"2022/10/20 20:10:00",YARWUN_1,163.08
D,DISPATCH,UNIT_SCADA,1,"2022/10/20 20:10:00",YATSF1,0
D,DISPATCH,UNIT_SCADA,1,"2022/10/20 20:10:00",YENDWF1,11.77
D,DISPATCH,UNIT_SCADA,1,"2022/10/20 20:10:00",YWPS1,342.855680
D,DISPATCH,UNIT_SCADA,1,"2022/10/20 20:10:00",YWPS2,356.6405
D,DISPATCH,UNIT_SCADA,1,"2022/10/20 20:10:00",YWPS3,358.541780
D,DISPATCH,UNIT_SCADA,1,"2022/10/20 20:10:00",YWPS4,0
C,"END OF REPORT",419
