C,NEMP.WORLD,DISPATCHSCADA,AEMO,PUBLIC,2022/10/20,01:05:10,0000000373218489,DISPATCHSCADA,0000000373218483
I,DISPATCH,UNIT_SCADA,1,SETTLEMENTDATE,DUID,SCADAVALUE
D,DISPATCH,UNIT_SCADA,1,"2022/10/20 01:10:00",BARCSF1,0.10
D,DISPATCH,UNIT_SCADA,1,"2022/10/20 01:10:00",BUTLERSG,8.699999
D,DISPATCH,UNIT_SCADA,1,"2022/10/20 01:10:00",CAPTL_WF,32.176270
D,DISPATCH,UNIT_SCADA,1,"2022/10/20 01:10:00",CHALLHWF,24.10
D,DISPATCH,UNIT_SCADA,1,"2022/10/20 01:10:00",CLOVER,13.42
D,DISPATCH,UNIT_SCADA,1,"2022/10/20 01:10:00",CLUNY,6.234378
D,DISPATCH,UNIT_SCADA,1,"2022/10/20 01:10:00",CULLRGWF,-0.07
D,DISPATCH,UNIT_SCADA,1,"2022/10/20 01:10:00",DIAPURWF1,7.30
D,DISPATCH,UNIT_SCADA,1,"2022/10/20 01:10:00",ERGT01,0
D,DISPATCH,UNIT_SCADA,1,"2022/10/20 01:10:00",GB01,0
D,DISPATCH,UNIT_SCADA,1,"2022/10/20 01:10:00",GERMCRK,17.10
D,DISPATCH,UNIT_SCADA,1,"2022/10/20 01:10:00",GRIFSF1,0.001526
D,DISPATCH,UNIT_SCADA,1,"2022/10/20 01:10:00",HEZ1,0
D,DISPATCH,UNIT_SCADA,1,"2022/10/20 01:10:00",HUGSF1,-0.1740
D,DISPATCH,UNIT_SCADA,1,"2022/10/20 01:10:00",KEPBG1,0.02
D,DISPATCH,UNIT_SCADA,1,"2022/10/20 01:10:00",LRSF1,0.0240
D,DISPATCH,UNIT_SCADA,1,"2022/10/20 01:10:00",MBAHNTH,50.324997
D,DISPATCH,UNIT_SCADA,1,"2022/10/20 01:10:00",MLSP1,0
D,DISPATCH,UNIT_SCADA,1,"2022/10/20 01:10:00",MLWF1,1.0650
D,DISPATCH,UNIT_SCADA,1,"2022/10/20 01:10:00",PALOONA,30.429998
D,DISPATCH,UNIT_SCADA,1,"2022/10/20 01:10:00",PIONEER,42
D,DISPATCH,UNIT_SCADA,1,"2022/10/20 01:10:00",PORTWF,26
D,DISPATCH,UNIT_SCADA,1,"2022/10/20 01:10:00",REPULSE,9.467307
D,DISPATCH,UNIT_SCADA,1,"2022/10/20 01:10:00",ROWALLAN,8.8608
D,DISPATCH,UNIT_SCADA,1,"2022/10/20 01:10:00",ROYALLA1,0
D,DISPATCH,UNIT_SCADA,1,"2022/10/20 01:10:00",RPCG,-1.20
D,DISPATCH,UNIT_SCADA,1,"2022/10/20 01:10:00",RUBICON,0
D,DISPATCH,UNIT_SCADA,1,"2022/10/20 01:10:00",WAUBRAWF,136.113998
D,DISPATCH,UNIT_SCADA,1,"2022/10/20 01:10:00",WOOLNTH1,17.709999
D,DISPATCH,UNIT_SCADA,1,"2022/10/20 01:10:00",YAMBUKWF,1.80
D,DISPATCH,UNIT_SCADA,1,"2022/10/20 01:10:00",YSWF1,1.10
D,DISPATCH,UNIT_SCADA,1,"2022/10/20 01:10:00",ADPBA1G,0.0080
D,DISPATCH,UNIT_SCADA,1,"2022/10/20 01:10:00",ADPBA1L,0
D,DISPATCH,UNIT_SCADA,1,"2022/10/20 01:10:00",ADPPV1,0
D,DISPATCH,UNIT_SCADA,1,"2022/10/20 01:10:00",AGLHAL,0
D,DISPATCH,UNIT_SCADA,1,"2022/10/20 01:10:00",AGLSOM,0
D,DISPATCH,UNIT_SCADA,1,"2022/10/20 01:10:00",ANGAST1,0
D,DISPATCH,UNIT_SCADA,1,"2022/10/20 01:10:00",ARWF1,53.90
D,DISPATCH,UNIT_SCADA,1,"2022/10/20 01:10:00",BALBG1,0
D,DISPATCH,UNIT_SCADA,1,"2022/10/20 01:10:00",BALBL1,0
D,DISPATCH,UNIT_SCADA,1,"2022/10/20 01:10:00",BALDHWF1,0
D,DISPATCH,UNIT_SCADA,1,"2022/10/20 01:10:00",BANGOWF1,38.997180
D,DISPATCH,UNIT_SCADA,1,"2022/10/20 01:10:00",BANGOWF2,44.699090
D,DISPATCH,UNIT_SCADA,1,"2022/10/20 01:10:00",BANN1,0
D,DISPATCH,UNIT_SCADA,1,"2022/10/20 01:10:00",BARCALDN,0
D,DISPATCH,UNIT_SCADA,1,"2022/10/20 01:10:00",BARKIPS1,0
D,DISPATCH,UNIT_SCADA,1,"2022/10/20 01:10:00",BARRON-1,0
D,DISPATCH,UNIT_SCADA,1,"2022/10/20 01:10:00",BARRON-2,0
D,DISPATCH,UNIT_SCADA,1,"2022/10/20 01:10:00",BASTYAN,0
D,DISPATCH,UNIT_SCADA,1,"2022/10/20 01:10:00",BBTHREE1,-1.11
D,DISPATCH,UNIT_SCADA,1,"2022/10/20 01:10:00",BBTHREE2,0
D,DISPATCH,UNIT_SCADA,1,"2022/10/20 01:10:00",BBTHREE3,0
D,DISPATCH,UNIT_SCADA,1,"2022/10/20 01:10:00",BDL01,0
D,DISPATCH,UNIT_SCADA,1,"2022/10/20 01:10:00",BDL02,0
D,DISPATCH,UNIT_SCADA,1,"2022/10/20 01:10:00",BERYLSF1,0
D,DISPATCH,UNIT_SCADA,1,"2022/10/20 01:10:00",BLOWERNG,62.60
D,DISPATCH,UNIT_SCADA,1,"2022/10/20 01:10:00",BLUEGSF1,0
D,DISPATCH,UNIT_SCADA,1,"2022/10/20 01:10:00",BLUFF1,16.90
D,DISPATCH,UNIT_SCADA,1,"2022/10/20 01:10:00",BNGSF1,0
D,DISPATCH,UNIT_SCADA,1,"2022/10/20 01:10:00",BNGSF2,0
D,DISPATCH,UNIT_SCADA,1,"2022/10/20 01:10:00",BOCORWF1,7.18
D,DISPATCH,UNIT_SCADA,1,"2022/10/20 01:10:00",BODWF1,80.041030
D,DISPATCH,UNIT_SCADA,1,"2022/10/20 01:10:00",BOMENSF1,0
D,DISPATCH,UNIT_SCADA,1,"2022/10/20 01:10:00",BOWWBA1G,0.0010
D,DISPATCH,UNIT_SCADA,1,"2022/10/20 01:10:00",BOWWBA1L,0
D,DISPATCH,UNIT_SCADA,1,"2022/10/20 01:10:00",BOWWPV1,0
D,DISPATCH,UNIT_SCADA,1,"2022/10/20 01:10:00",BRAEMAR1,0
D,DISPATCH,UNIT_SCADA,1,"2022/10/20 01:10:00",BRAEMAR2,0
D,DISPATCH,UNIT_SCADA,1,"2022/10/20 01:10:00",BRAEMAR3,0
D,DISPATCH,UNIT_SCADA,1,"2022/10/20 01:10:00",BRAEMAR5,0.292060
D,DISPATCH,UNIT_SCADA,1,"2022/10/20 01:10:00",BRAEMAR6,0
D,DISPATCH,UNIT_SCADA,1,"2022/10/20 01:10:00",BRAEMAR7,0.130920
D,DISPATCH,UNIT_SCADA,1,"2022/10/20 01:10:00",BROKENH1,0
D,DISPATCH,UNIT_SCADA,1,"2022/10/20 01:10:00",BRYB1WF1,91.374080
D,DISPATCH,UNIT_SCADA,1,"2022/10/20 01:10:00",BULBESG1,0
D,DISPATCH,UNIT_SCADA,1,"2022/10/20 01:10:00",BULBESL1,0.03
D,DISPATCH,UNIT_SCADA,1,"2022/10/20 01:10:00",BULGANA1,62.85
D,DISPATCH,UNIT_SCADA,1,"2022/10/20 01:10:00",BW01,445.917450
D,DISPATCH,UNIT_SCADA,1,"2022/10/20 01:10:00",BW02,442.841220
D,DISPATCH,UNIT_SCADA,1,"2022/10/20 01:10:00",BW03,441.7670
D,DISPATCH,UNIT_SCADA,1,"2022/10/20 01:10:00",BW04,0
D,DISPATCH,UNIT_SCADA,1,"2022/10/20 01:10:00",CALL_B_1,320.100010
D,DISPATCH,UNIT_SCADA,1,"2022/10/20 01:10:00",CALL_B_2,320.600010
D,DISPATCH,UNIT_SCADA,1,"2022/10/20 01:10:00",CATHROCK,4.60
D,DISPATCH,UNIT_SCADA,1,"2022/10/20 01:10:00",CBWWBA1G,0
D,DISPATCH,UNIT_SCADA,1,"2022/10/20 01:10:00",CBWWBA1L,0
D,DISPATCH,UNIT_SCADA,1,"2022/10/20 01:10:00",CETHANA,97.765370
D,DISPATCH,UNIT_SCADA,1,"2022/10/20 01:10:00",CG1,0
D,DISPATCH,UNIT_SCADA,1,"2022/10/20 01:10:00",CG2,0
D,DISPATCH,UNIT_SCADA,1,"2022/10/20 01:10:00",CG3,0
D,DISPATCH,UNIT_SCADA,1,"2022/10/20 01:10:00",CG4,0
D,DISPATCH,UNIT_SCADA,1,"2022/10/20 01:10:00",CHILDSF1,0
D,DISPATCH,UNIT_SCADA,1,"2022/10/20 01:10:00",CHYTWF1,20.84
D,DISPATCH,UNIT_SCADA,1,"2022/10/20 01:10:00",CLARESF1,0
D,DISPATCH,UNIT_SCADA,1,"2022/10/20 01:10:00",CLEMGPWF,44.517630
D,DISPATCH,UNIT_SCADA,1,"2022/10/20 01:10:00",CLERMSF1,0
D,DISPATCH,UNIT_SCADA,1,"2022/10/20 01:10:00",CNUNDAWF,15.017520
D,DISPATCH,UNIT_SCADA,1,"2022/10/20 01:10:00",COHUNSF1,0
D,DISPATCH,UNIT_SCADA,1,"2022/10/20 01:10:00",COLEASF1,0
D,DISPATCH,UNIT_SCADA,1,"2022/10/20 01:10:00",COLUMSF1,0
D,DISPATCH,UNIT_SCADA,1,"2022/10/20 01:10:00",COLWF01,120.532540
D,DISPATCH,UNIT_SCADA,1,"2022/10/20 01:10:00",COOPGWF1,375.22
D,DISPATCH,UNIT_SCADA,1,"2022/10/20 01:10:00",CPP_3,360.800020
D,DISPATCH,UNIT_SCADA,1,"2022/10/20 01:10:00",CPP_4,0
D,DISPATCH,UNIT_SCADA,1,"2022/10/20 01:10:00",CPSA,0
D,DISPATCH,UNIT_SCADA,1,"2022/10/20 01:10:00",CROOKWF2,14.283060
D,DISPATCH,UNIT_SCADA,1,"2022/10/20 01:10:00",CROWLWF1,52.207610
D,DISPATCH,UNIT_SCADA,1,"2022/10/20 01:10:00",CRURWF1,29.495610
D,DISPATCH,UNIT_SCADA,1,"2022/10/20 01:10:00",CRWASF1,0
D,DISPATCH,UNIT_SCADA,1,"2022/10/20 01:10:00",CSPVPS1,0
D,DISPATCH,UNIT_SCADA,1,"2022/10/20 01:10:00",CTHLWF1,0.003050
D,DISPATCH,UNIT_SCADA,1,"2022/10/20 01:10:00",DALNTH01,0
D,DISPATCH,UNIT_SCADA,1,"2022/10/20 01:10:00",DALNTHL1,0.108340
D,DISPATCH,UNIT_SCADA,1,"2022/10/20 01:10:00",DARLSF1,0
D,DISPATCH,UNIT_SCADA,1,"2022/10/20 01:10:00",DARTM1,0
D,DISPATCH,UNIT_SCADA,1,"2022/10/20 01:10:00",DAYDSF1,0
D,DISPATCH,UNIT_SCADA,1,"2022/10/20 01:10:00",DDPS1,0
D,DISPATCH,UNIT_SCADA,1,"2022/10/20 01:10:00",DDSF1,0
D,DISPATCH,UNIT_SCADA,1,"2022/10/20 01:10:00",DEVILS_G,54.545120
D,DISPATCH,UNIT_SCADA,1,"2022/10/20 01:10:00",DG_NSW1,0
D,DISPATCH,UNIT_SCADA,1,"2022/10/20 01:10:00",DG_QLD1,0
D,DISPATCH,UNIT_SCADA,1,"2022/10/20 01:10:00",DG_SA1,0
D,DISPATCH,UNIT_SCADA,1,"2022/10/20 01:10:00",DG_TAS1,0
D,DISPATCH,UNIT_SCADA,1,"2022/10/20 01:10:00",DG_VIC1,0
D,DISPATCH,UNIT_SCADA,1,"2022/10/20 01:10:00",DRYCGT1,0
D,DISPATCH,UNIT_SCADA,1,"2022/10/20 01:10:00",DRYCGT2,0
D,DISPATCH,UNIT_SCADA,1,"2022/10/20 01:10:00",DRYCGT3,0
D,DISPATCH,UNIT_SCADA,1,"2022/10/20 01:10:00",DUNDWF1,65.80
D,DISPATCH,UNIT_SCADA,1,"2022/10/20 01:10:00",DUNDWF2,19.88
D,DISPATCH,UNIT_SCADA,1,"2022/10/20 01:10:00",DUNDWF3,42
D,DISPATCH,UNIT_SCADA,1,"2022/10/20 01:10:00",EILDON1,59.92
D,DISPATCH,UNIT_SCADA,1,"2022/10/20 01:10:00",EILDON2,59.92
D,DISPATCH,UNIT_SCADA,1,"2022/10/20 01:10:00",ELAINWF1,37.68
D,DISPATCH,UNIT_SCADA,1,"2022/10/20 01:10:00",EMERASF1,0
D,DISPATCH,UNIT_SCADA,1,"2022/10/20 01:10:00",ER01,0
D,DISPATCH,UNIT_SCADA,1,"2022/10/20 01:10:00",ER02,413.885710
D,DISPATCH,UNIT_SCADA,1,"2022/10/20 01:10:00",ER03,412.640560
D,DISPATCH,UNIT_SCADA,1,"2022/10/20 01:10:00",ER04,412.201110
D,DISPATCH,UNIT_SCADA,1,"2022/10/20 01:10:00",FINLYSF1,0
D,DISPATCH,UNIT_SCADA,1,"2022/10/20 01:10:00",FISHER,32.77
D,DISPATCH,UNIT_SCADA,1,"2022/10/20 01:10:00",GANGARR1,0
D,DISPATCH,UNIT_SCADA,1,"2022/10/20 01:10:00",GANNBG1,0
D,DISPATCH,UNIT_SCADA,1,"2022/10/20 01:10:00",GANNBL1,6.109330
D,DISPATCH,UNIT_SCADA,1,"2022/10/20 01:10:00",GANNSF1,0
D,DISPATCH,UNIT_SCADA,1,"2022/10/20 01:10:00",GLRWNSF1,0
D,DISPATCH,UNIT_SCADA,1,"2022/10/20 01:10:00",GNNDHSF1,0
D,DISPATCH,UNIT_SCADA,1,"2022/10/20 01:10:00",GOONSF1,0
D,DISPATCH,UNIT_SCADA,1,"2022/10/20 01:10:00",GORDON,197.843840
D,DISPATCH,UNIT_SCADA,1,"2022/10/20 01:10:00",GRANWF1,0
D,DISPATCH,UNIT_SCADA,1,"2022/10/20 01:10:00",GSTONE1,185.149990
D,DISPATCH,UNIT_SCADA,1,"2022/10/20 01:10:00",GSTONE2,0
D,DISPATCH,UNIT_SCADA,1,"2022/10/20 01:10:00",GSTONE3,200.3750
D,DISPATCH,UNIT_SCADA,1,"2022/10/20 01:10:00",GSTONE4,0
D,DISPATCH,UNIT_SCADA,1,"2022/10/20 01:10:00",GSTONE5,202.1250
D,DISPATCH,UNIT_SCADA,1,"2022/10/20 01:10:00",GSTONE6,202.30
D,DISPATCH,UNIT_SCADA,1,"2022/10/20 01:10:00",GULLRSF1,0
D,DISPATCH,UNIT_SCADA,1,"2022/10/20 01:10:00",GULLRWF1,69.203950
D,DISPATCH,UNIT_SCADA,1,"2022/10/20 01:10:00",GULLRWF2,97.393580
D,DISPATCH,UNIT_SCADA,1,"2022/10/20 01:10:00",GUNNING1,0
D,DISPATCH,UNIT_SCADA,1,"2022/10/20 01:10:00",GUTHEGA,68.100010
D,DISPATCH,UNIT_SCADA,1,"2022/10/20 01:10:00",HALLWF1,77.92
D,DISPATCH,UNIT_SCADA,1,"2022/10/20 01:10:00",HALLWF2,50.85
D,DISPATCH,UNIT_SCADA,1,"2022/10/20 01:10:00",HAMISF1,0
D,DISPATCH,UNIT_SCADA,1,"2022/10/20 01:10:00",HAUGHT11,0
D,DISPATCH,UNIT_SCADA,1,"2022/10/20 01:10:00",HAYMSF1,0
D,DISPATCH,UNIT_SCADA,1,"2022/10/20 01:10:00",HDWF1,88.20
D,DISPATCH,UNIT_SCADA,1,"2022/10/20 01:10:00",HDWF2,71.90
D,DISPATCH,UNIT_SCADA,1,"2022/10/20 01:10:00",HDWF3,81.90
D,DISPATCH,UNIT_SCADA,1,"2022/10/20 01:10:00",HILLSTN1,0
D,DISPATCH,UNIT_SCADA,1,"2022/10/20 01:10:00",HPRG1,0
D,DISPATCH,UNIT_SCADA,1,"2022/10/20 01:10:00",HPRL1,25.20
D,DISPATCH,UNIT_SCADA,1,"2022/10/20 01:10:00",HUMENSW,54.549050
D,DISPATCH,UNIT_SCADA,1,"2022/10/20 01:10:00",HUMEV,0
D,DISPATCH,UNIT_SCADA,1,"2022/10/20 01:10:00",HVWWBA1G,0
D,DISPATCH,UNIT_SCADA,1,"2022/10/20 01:10:00",HVWWBA1L,0.0060
D,DISPATCH,UNIT_SCADA,1,"2022/10/20 01:10:00",HVWWPV1,0
D,DISPATCH,UNIT_SCADA,1,"2022/10/20 01:10:00",JBUTTERS,0
D,DISPATCH,UNIT_SCADA,1,"2022/10/20 01:10:00",JEMALNG1,0
D,DISPATCH,UNIT_SCADA,1,"2022/10/20 01:10:00",JLA01,0
D,DISPATCH,UNIT_SCADA,1,"2022/10/20 01:10:00",JLA02,0
D,DISPATCH,UNIT_SCADA,1,"2022/10/20 01:10:00",JLA03,0
D,DISPATCH,UNIT_SCADA,1,"2022/10/20 01:10:00",JLA04,0
D,DISPATCH,UNIT_SCADA,1,"2022/10/20 01:10:00",JLB01,0
D,DISPATCH,UNIT_SCADA,1,"2022/10/20 01:10:00",JLB02,0.10
D,DISPATCH,UNIT_SCADA,1,"2022/10/20 01:10:00",JLB03,0
D,DISPATCH,UNIT_SCADA,1,"2022/10/20 01:10:00",JUNEESF1,0.000010
D,DISPATCH,UNIT_SCADA,1,"2022/10/20 01:10:00",KABANWF1,0.0180
D,DISPATCH,UNIT_SCADA,1,"2022/10/20 01:10:00",KAREEYA1,0
D,DISPATCH,UNIT_SCADA,1,"2022/10/20 01:10:00",KAREEYA2,0
D,DISPATCH,UNIT_SCADA,1,"2022/10/20 01:10:00",KAREEYA3,22.22
D,DISPATCH,UNIT_SCADA,1,"2022/10/20 01:10:00",KAREEYA4,0
D,DISPATCH,UNIT_SCADA,1,"2022/10/20 01:10:00",KARSF1,0
D,DISPATCH,UNIT_SCADA,1,"2022/10/20 01:10:00",KEPSF1,0
D,DISPATCH,UNIT_SCADA,1,"2022/10/20 01:10:00",KEPWF1,0.51
D,DISPATCH,UNIT_SCADA,1,"2022/10/20 01:10:00",KIAMSF1,0
D,DISPATCH,UNIT_SCADA,1,"2022/10/20 01:10:00",KIATAWF1,30.90
D,DISPATCH,UNIT_SCADA,1,"2022/10/20 01:10:00",KPP_1,0
D,DISPATCH,UNIT_SCADA,1,"2022/10/20 01:10:00",KSP1,0
D,DISPATCH,UNIT_SCADA,1,"2022/10/20 01:10:00",LADBROK1,0.01
D,DISPATCH,UNIT_SCADA,1,"2022/10/20 01:10:00",LADBROK2,38.15
D,DISPATCH,UNIT_SCADA,1,"2022/10/20 01:10:00",LBBG1,0
D,DISPATCH,UNIT_SCADA,1,"2022/10/20 01:10:00",LBBL1,22.05
D,DISPATCH,UNIT_SCADA,1,"2022/10/20 01:10:00",LD01,321.451450
D,DISPATCH,UNIT_SCADA,1,"2022/10/20 01:10:00",LD02,0
D,DISPATCH,UNIT_SCADA,1,"2022/10/20 01:10:00",LD04,322.293760
D,DISPATCH,UNIT_SCADA,1,"2022/10/20 01:10:00",LEM_WIL,86.890840
D,DISPATCH,UNIT_SCADA,1,"2022/10/20 01:10:00",LGAPWF1,75.03
D,DISPATCH,UNIT_SCADA,1,"2022/10/20 01:10:00",LGAPWF2,36.37
D,DISPATCH,UNIT_SCADA,1,"2022/10/20 01:10:00",LILYSF1,0
D,DISPATCH,UNIT_SCADA,1,"2022/10/20 01:10:00",LIMOSF11,0
D,DISPATCH,UNIT_SCADA,1,"2022/10/20 01:10:00",LIMOSF21,0
D,DISPATCH,UNIT_SCADA,1,"2022/10/20 01:10:00",LI_WY_CA,56.497280
D,DISPATCH,UNIT_SCADA,1,"2022/10/20 01:10:00",LKBONNY1,0
D,DISPATCH,UNIT_SCADA,1,"2022/10/20 01:10:00",LKBONNY2,27.897710
D,DISPATCH,UNIT_SCADA,1,"2022/10/20 01:10:00",LKBONNY3,8.484960
D,DISPATCH,UNIT_SCADA,1,"2022/10/20 01:10:00",LK_ECHO,0
D,DISPATCH,UNIT_SCADA,1,"2022/10/20 01:10:00",LNGS1,0
D,DISPATCH,UNIT_SCADA,1,"2022/10/20 01:10:00",LNGS2,0
D,DISPATCH,UNIT_SCADA,1,"2022/10/20 01:10:00",LONSDALE,0
D,DISPATCH,UNIT_SCADA,1,"2022/10/20 01:10:00",LOYYB1,472.929110
D,DISPATCH,UNIT_SCADA,1,"2022/10/20 01:10:00",LOYYB2,463.906340
D,DISPATCH,UNIT_SCADA,1,"2022/10/20 01:10:00",LYA1,560
D,DISPATCH,UNIT_SCADA,1,"2022/10/20 01:10:00",LYA2,0
D,DISPATCH,UNIT_SCADA,1,"2022/10/20 01:10:00",LYA3,558
D,DISPATCH,UNIT_SCADA,1,"2022/10/20 01:10:00",LYA4,559
D,DISPATCH,UNIT_SCADA,1,"2022/10/20 01:10:00",MACARTH1,39.599090
D,DISPATCH,UNIT_SCADA,1,"2022/10/20 01:10:00",MACKNTSH,0
D,DISPATCH,UNIT_SCADA,1,"2022/10/20 01:10:00",MANSLR1,0
D,DISPATCH,UNIT_SCADA,1,"2022/10/20 01:10:00",MAPS2PV1,0
D,DISPATCH,UNIT_SCADA,1,"2022/10/20 01:10:00",MAPS3PV1,0
D,DISPATCH,UNIT_SCADA,1,"2022/10/20 01:10:00",MARYRSF1,0
D,DISPATCH,UNIT_SCADA,1,"2022/10/20 01:10:00",MBPS2PV1,0
D,DISPATCH,UNIT_SCADA,1,"2022/10/20 01:10:00",MCKAY1,0.02
D,DISPATCH,UNIT_SCADA,1,"2022/10/20 01:10:00",MEADOWBK,19.920260
D,DISPATCH,UNIT_SCADA,1,"2022/10/20 01:10:00",MERCER01,52.80
D,DISPATCH,UNIT_SCADA,1,"2022/10/20 01:10:00",METZSF1,0
D,DISPATCH,UNIT_SCADA,1,"2022/10/20 01:10:00",MEWF1,5
D,DISPATCH,UNIT_SCADA,1,"2022/10/20 01:10:00",MIDDLSF1,0
D,DISPATCH,UNIT_SCADA,1,"2022/10/20 01:10:00",MINTARO,0.128180
D,DISPATCH,UNIT_SCADA,1,"2022/10/20 01:10:00",MOLNGSF1,0
D,DISPATCH,UNIT_SCADA,1,"2022/10/20 01:10:00",MOORAWF1,45.17
D,DISPATCH,UNIT_SCADA,1,"2022/10/20 01:10:00",MOREESF1,0
D,DISPATCH,UNIT_SCADA,1,"2022/10/20 01:10:00",MORTLK11,0
D,DISPATCH,UNIT_SCADA,1,"2022/10/20 01:10:00",MORTLK12,0
D,DISPATCH,UNIT_SCADA,1,"2022/10/20 01:10:00",MOUSF1,0
D,DISPATCH,UNIT_SCADA,1,"2022/10/20 01:10:00",MP1,0
D,DISPATCH,UNIT_SCADA,1,"2022/10/20 01:10:00",MP2,354.583040
D,DISPATCH,UNIT_SCADA,1,"2022/10/20 01:10:00",MPP_1,90.075650
D,DISPATCH,UNIT_SCADA,1,"2022/10/20 01:10:00",MPP_2,0
D,DISPATCH,UNIT_SCADA,1,"2022/10/20 01:10:00",MRTLSWF1,0
D,DISPATCH,UNIT_SCADA,1,"2022/10/20 01:10:00",MSTUART1,0
D,DISPATCH,UNIT_SCADA,1,"2022/10/20 01:10:00",MSTUART2,0
D,DISPATCH,UNIT_SCADA,1,"2022/10/20 01:10:00",MSTUART3,0
D,DISPATCH,UNIT_SCADA,1,"2022/10/20 01:10:00",MTGELWF1,2.549820
D,DISPATCH,UNIT_SCADA,1,"2022/10/20 01:10:00",MTMILLAR,15.30
D,DISPATCH,UNIT_SCADA,1,"2022/10/20 01:10:00",MURRAY,0
D,DISPATCH,UNIT_SCADA,1,"2022/10/20 01:10:00",MUSSELR1,55.10
D,DISPATCH,UNIT_SCADA,1,"2022/10/20 01:10:00",MUWAWF1,186.91
D,DISPATCH,UNIT_SCADA,1,"2022/10/20 01:10:00",MUWAWF2,183.80
D,DISPATCH,UNIT_SCADA,1,"2022/10/20 01:10:00",MWPS1PV1,0
D,DISPATCH,UNIT_SCADA,1,"2022/10/20 01:10:00",MWPS2PV1,0
D,DISPATCH,UNIT_SCADA,1,"2022/10/20 01:10:00",MWPS3PV1,0
D,DISPATCH,UNIT_SCADA,1,"2022/10/20 01:10:00",MWPS4PV1,0
D,DISPATCH,UNIT_SCADA,1,"2022/10/20 01:10:00",NBHWF1,117.40
D,DISPATCH,UNIT_SCADA,1,"2022/10/20 01:10:00",NEVERSF1,0
D,DISPATCH,UNIT_SCADA,1,"2022/10/20 01:10:00",NPS,0
D,DISPATCH,UNIT_SCADA,1,"2022/10/20 01:10:00",NUMURSF1,0
D,DISPATCH,UNIT_SCADA,1,"2022/10/20 01:10:00",NYNGAN1,0
D,DISPATCH,UNIT_SCADA,1,"2022/10/20 01:10:00",OAKEY1,0
D,DISPATCH,UNIT_SCADA,1,"2022/10/20 01:10:00",OAKEY1SF,0
D,DISPATCH,UNIT_SCADA,1,"2022/10/20 01:10:00",OAKEY2,0
D,DISPATCH,UNIT_SCADA,1,"2022/10/20 01:10:00",OAKEY2SF,0
D,DISPATCH,UNIT_SCADA,1,"2022/10/20 01:10:00",OAKLAND1,19.40
D,DISPATCH,UNIT_SCADA,1,"2022/10/20 01:10:00",OSB-AG,0
D,DISPATCH,UNIT_SCADA,1,"2022/10/20 01:10:00",PAREPS1,0.0660
D,DISPATCH,UNIT_SCADA,1,"2022/10/20 01:10:00",PAREPW1,18.59
D,DISPATCH,UNIT_SCADA,1,"2022/10/20 01:10:00",PARSF1,0.001530
D,DISPATCH,UNIT_SCADA,1,"2022/10/20 01:10:00",POAT110,0
D,DISPATCH,UNIT_SCADA,1,"2022/10/20 01:10:00",POAT220,0
D,DISPATCH,UNIT_SCADA,1,"2022/10/20 01:10:00",POR01,0
D,DISPATCH,UNIT_SCADA,1,"2022/10/20 01:10:00",POR03,0
D,DISPATCH,UNIT_SCADA,1,"2022/10/20 01:10:00",PPCCGT,175.565440
D,DISPATCH,UNIT_SCADA,1,"2022/10/20 01:10:00",PTSTAN1,0
D,DISPATCH,UNIT_SCADA,1,"2022/10/20 01:10:00",PUMP1,0
D,DISPATCH,UNIT_SCADA,1,"2022/10/20 01:10:00",PUMP2,0
D,DISPATCH,UNIT_SCADA,1,"2022/10/20 01:10:00",QBYNBG1,0.0015
D,DISPATCH,UNIT_SCADA,1,"2022/10/20 01:10:00",QBYNBL1,0
D,DISPATCH,UNIT_SCADA,1,"2022/10/20 01:10:00",QPS1,0
D,DISPATCH,UNIT_SCADA,1,"2022/10/20 01:10:00",QPS2,0
D,DISPATCH,UNIT_SCADA,1,"2022/10/20 01:10:00",QPS3,0
D,DISPATCH,UNIT_SCADA,1,"2022/10/20 01:10:00",QPS4,0
D,DISPATCH,UNIT_SCADA,1,"2022/10/20 01:10:00",QPS5,77.36
D,DISPATCH,UNIT_SCADA,1,"2022/10/20 01:10:00",REECE1,0
D,DISPATCH,UNIT_SCADA,1,"2022/10/20 01:10:00",REECE2,0
D,DISPATCH,UNIT_SCADA,1,"2022/10/20 01:10:00",ROMA_7,0
D,DISPATCH,UNIT_SCADA,1,"2022/10/20 01:10:00",ROMA_8,0
D,DISPATCH,UNIT_SCADA,1,"2022/10/20 01:10:00",RRSF1,0
D,DISPATCH,UNIT_SCADA,1,"2022/10/20 01:10:00",RT_NSW1,0
D,DISPATCH,UNIT_SCADA,1,"2022/10/20 01:10:00",RT_NSW2,0
D,DISPATCH,UNIT_SCADA,1,"2022/10/20 01:10:00",RT_NSW3,0
D,DISPATCH,UNIT_SCADA,1,"2022/10/20 01:10:00",RT_NSW4,0
D,DISPATCH,UNIT_SCADA,1,"2022/10/20 01:10:00",RT_NSW5,0
D,DISPATCH,UNIT_SCADA,1,"2022/10/20 01:10:00",RT_NSW6,0
D,DISPATCH,UNIT_SCADA,1,"2022/10/20 01:10:00",RT_QLD1,0
D,DISPATCH,UNIT_SCADA,1,"2022/10/20 01:10:00",RT_SA1,0
D,DISPATCH,UNIT_SCADA,1,"2022/10/20 01:10:00",RT_SA2,0
D,DISPATCH,UNIT_SCADA,1,"2022/10/20 01:10:00",RT_SA3,0
D,DISPATCH,UNIT_SCADA,1,"2022/10/20 01:10:00",RT_SA4,0
D,DISPATCH,UNIT_SCADA,1,"2022/10/20 01:10:00",RT_SA5,0
D,DISPATCH,UNIT_SCADA,1,"2022/10/20 01:10:00",RT_SA6,0
D,DISPATCH,UNIT_SCADA,1,"2022/10/20 01:10:00",RT_TAS1,0
D,DISPATCH,UNIT_SCADA,1,"2022/10/20 01:10:00",RT_VIC1,0
D,DISPATCH,UNIT_SCADA,1,"2022/10/20 01:10:00",RT_VIC10,0
D,DISPATCH,UNIT_SCADA,1,"2022/10/20 01:10:00",RT_VIC11,0
D,DISPATCH,UNIT_SCADA,1,"2022/10/20 01:10:00",RT_VIC12,0
D,DISPATCH,UNIT_SCADA,1,"2022/10/20 01:10:00",RT_VIC2,0
D,DISPATCH,UNIT_SCADA,1,"2022/10/20 01:10:00",RT_VIC3,0
D,DISPATCH,UNIT_SCADA,1,"2022/10/20 01:10:00",RT_VIC4,0
D,DISPATCH,UNIT_SCADA,1,"2022/10/20 01:10:00",RT_VIC5,0
D,DISPATCH,UNIT_SCADA,1,"2022/10/20 01:10:00",RT_VIC6,0
D,DISPATCH,UNIT_SCADA,1,"2022/10/20 01:10:00",RT_VIC7,0
D,DISPATCH,UNIT_SCADA,1,"2022/10/20 01:10:00",RT_VIC8,0
D,DISPATCH,UNIT_SCADA,1,"2022/10/20 01:10:00",RT_VIC9,0
D,DISPATCH,UNIT_SCADA,1,"2022/10/20 01:10:00",RUGBYR1,0
D,DISPATCH,UNIT_SCADA,1,"2022/10/20 01:10:00",SALTCRK1,10.96
D,DISPATCH,UNIT_SCADA,1,"2022/10/20 01:10:00",SAPHWF1,238.146030
D,DISPATCH,UNIT_SCADA,1,"2022/10/20 01:10:00",SEBSF1,0
D,DISPATCH,UNIT_SCADA,1,"2022/10/20 01:10:00",SHGEN,0
D,DISPATCH,UNIT_SCADA,1,"2022/10/20 01:10:00",SHPUMP,0
D,DISPATCH,UNIT_SCADA,1,"2022/10/20 01:10:00",SITHE01,0.123710
D,DISPATCH,UNIT_SCADA,1,"2022/10/20 01:10:00",SMCSF1,0
D,DISPATCH,UNIT_SCADA,1,"2022/10/20 01:10:00",SNAPPER1,0
D,DISPATCH,UNIT_SCADA,1,"2022/10/20 01:10:00",SNOWNTH1,132.30
D,DISPATCH,UNIT_SCADA,1,"2022/10/20 01:10:00",SNOWSTH1,114.900010
D,DISPATCH,UNIT_SCADA,1,"2022/10/20 01:10:00",SNOWTWN1,92.401150
D,DISPATCH,UNIT_SCADA,1,"2022/10/20 01:10:00",SNOWYP,0
D,DISPATCH,UNIT_SCADA,1,"2022/10/20 01:10:00",SNUG1,0
D,DISPATCH,UNIT_SCADA,1,"2022/10/20 01:10:00",SRSF1,0
D,DISPATCH,UNIT_SCADA,1,"2022/10/20 01:10:00",STAN-1,282.465850
D,DISPATCH,UNIT_SCADA,1,"2022/10/20 01:10:00",STAN-2,364.602330
D,DISPATCH,UNIT_SCADA,1,"2022/10/20 01:10:00",STAN-3,363.692260
D,DISPATCH,UNIT_SCADA,1,"2022/10/20 01:10:00",STAN-4,363.948610
D,DISPATCH,UNIT_SCADA,1,"2022/10/20 01:10:00",STARHLWF,23.9930
D,DISPATCH,UNIT_SCADA,1,"2022/10/20 01:10:00",STOCKYD1,292.980010
D,DISPATCH,UNIT_SCADA,1,"2022/10/20 01:10:00",STWF1,150.575420
D,DISPATCH,UNIT_SCADA,1,"2022/10/20 01:10:00",SUNRSF1,0
D,DISPATCH,UNIT_SCADA,1,"2022/10/20 01:10:00",SUNTPSF1,0
D,DISPATCH,UNIT_SCADA,1,"2022/10/20 01:10:00",SWAN_E,249.236880
D,DISPATCH,UNIT_SCADA,1,"2022/10/20 01:10:00",TALWA1,0
D,DISPATCH,UNIT_SCADA,1,"2022/10/20 01:10:00",TARALGA1,0
D,DISPATCH,UNIT_SCADA,1,"2022/10/20 01:10:00",TARONG#1,291.50
D,DISPATCH,UNIT_SCADA,1,"2022/10/20 01:10:00",TARONG#2,291.700010
D,DISPATCH,UNIT_SCADA,1,"2022/10/20 01:10:00",TARONG#3,0.90
D,DISPATCH,UNIT_SCADA,1,"2022/10/20 01:10:00",TARONG#4,191.30
D,DISPATCH,UNIT_SCADA,1,"2022/10/20 01:10:00",TARRALEA,54
D,DISPATCH,UNIT_SCADA,1,"2022/10/20 01:10:00",TBSF1,0
D,DISPATCH,UNIT_SCADA,1,"2022/10/20 01:10:00",TNPS1,302.1250
D,DISPATCH,UNIT_SCADA,1,"2022/10/20 01:10:00",TORRB1,0
D,DISPATCH,UNIT_SCADA,1,"2022/10/20 01:10:00",TORRB2,42
D,DISPATCH,UNIT_SCADA,1,"2022/10/20 01:10:00",TORRB3,0
D,DISPATCH,UNIT_SCADA,1,"2022/10/20 01:10:00",TORRB4,0
D,DISPATCH,UNIT_SCADA,1,"2022/10/20 01:10:00",TREVALLN,100.3064
D,DISPATCH,UNIT_SCADA,1,"2022/10/20 01:10:00",TRIBUTE,0
D,DISPATCH,UNIT_SCADA,1,"2022/10/20 01:10:00",TUMUT3,0
D,DISPATCH,UNIT_SCADA,1,"2022/10/20 01:10:00",TUNGATIN,6.890020
D,DISPATCH,UNIT_SCADA,1,"2022/10/20 01:10:00",TVCC201,0
D,DISPATCH,UNIT_SCADA,1,"2022/10/20 01:10:00",TVPP104,0
D,DISPATCH,UNIT_SCADA,1,"2022/10/20 01:10:00",UPPTUMUT,0
D,DISPATCH,UNIT_SCADA,1,"2022/10/20 01:10:00",URANQ11,0
D,DISPATCH,UNIT_SCADA,1,"2022/10/20 01:10:00",URANQ12,0
D,DISPATCH,UNIT_SCADA,1,"2022/10/20 01:10:00",URANQ13,0
D,DISPATCH,UNIT_SCADA,1,"2022/10/20 01:10:00",URANQ14,0
D,DISPATCH,UNIT_SCADA,1,"2022/10/20 01:10:00",VBBG1,0
D,DISPATCH,UNIT_SCADA,1,"2022/10/20 01:10:00",VBBL1,115.90
D,DISPATCH,UNIT_SCADA,1,"2022/10/20 01:10:00",VP5,581.951350
D,DISPATCH,UNIT_SCADA,1,"2022/10/20 01:10:00",VP6,585.735660
D,DISPATCH,UNIT_SCADA,1,"2022/10/20 01:10:00",VPGS1,0
D,DISPATCH,UNIT_SCADA,1,"2022/10/20 01:10:00",VPGS2,0
D,DISPATCH,UNIT_SCADA,1,"2022/10/20 01:10:00",VPGS3,0
D,DISPATCH,UNIT_SCADA,1,"2022/10/20 01:10:00",VPGS4,0
D,DISPATCH,UNIT_SCADA,1,"2022/10/20 01:10:00",VPGS5,0
D,DISPATCH,UNIT_SCADA,1,"2022/10/20 01:10:00",VPGS6,0
D,DISPATCH,UNIT_SCADA,1,"2022/10/20 01:10:00",W/HOE#1,0
D,DISPATCH,UNIT_SCADA,1,"2022/10/20 01:10:00",W/HOE#2,0
D,DISPATCH,UNIT_SCADA,1,"2022/10/20 01:10:00",WAGGNSF1,0
D,DISPATCH,UNIT_SCADA,1,"2022/10/20 01:10:00",WALGRVG1,0.000930
D,DISPATCH,UNIT_SCADA,1,"2022/10/20 01:10:00",WALGRVL1,0
D,DISPATCH,UNIT_SCADA,1,"2022/10/20 01:10:00",WANDBG1,0
D,DISPATCH,UNIT_SCADA,1,"2022/10/20 01:10:00",WANDBL1,0
D,DISPATCH,UNIT_SCADA,1,"2022/10/20 01:10:00",WARWSF1,0
D,DISPATCH,UNIT_SCADA,1,"2022/10/20 01:10:00",WARWSF2,0
D,DISPATCH,UNIT_SCADA,1,"2022/10/20 01:10:00",WATERLWF,64
D,DISPATCH,UNIT_SCADA,1,"2022/10/20 01:10:00",WDGPH1,0
D,DISPATCH,UNIT_SCADA,1,"2022/10/20 01:10:00",WELLSF1,0
D,DISPATCH,UNIT_SCADA,1,"2022/10/20 01:10:00",WEMENSF1,0
D,DISPATCH,UNIT_SCADA,1,"2022/10/20 01:10:00",WGWF1,103.50
D,DISPATCH,UNIT_SCADA,1,"2022/10/20 01:10:00",WHITSF1,0
D,DISPATCH,UNIT_SCADA,1,"2022/10/20 01:10:00",WINTSF1,0
D,DISPATCH,UNIT_SCADA,1,"2022/10/20 01:10:00",WKIEWA1,34.10
D,DISPATCH,UNIT_SCADA,1,"2022/10/20 01:10:00",WKIEWA2,34.10
D,DISPATCH,UNIT_SCADA,1,"2022/10/20 01:10:00",WOODLWN1,20.070130
D,DISPATCH,UNIT_SCADA,1,"2022/10/20 01:10:00",WOOLGSF1,0
D,DISPATCH,UNIT_SCADA,1,"2022/10/20 01:10:00",WPWF,71.25
D,DISPATCH,UNIT_SCADA,1,"2022/10/20 01:10:00",WRSF1,0
D,DISPATCH,UNIT_SCADA,1,"2022/10/20 01:10:00",WRWF1,81.897610
D,DISPATCH,UNIT_SCADA,1,"2022/10/20 01:10:00",WSTWYSF1,0
D,DISPATCH,UNIT_SCADA,1,"2022/10/20 01:10:00",YABULU,0
D,DISPATCH,UNIT_SCADA,1,"2022/10/20 01:10:00",YABULU2,0
D,DISPATCH,UNIT_SCADA,1,"2022/10/20 01:10:00",YARANSF1,0
D,DISPATCH,UNIT_SCADA,1,"2022/10/20 01:10:00",YARWUN_1,158.989990
D,DISPATCH,UNIT_SCADA,1,"2022/10/20 01:10:00",YATSF1,0
D,DISPATCH,UNIT_SCADA,1,"2022/10/20 01:10:00",YENDWF1,34.16
D,DISPATCH,UNIT_SCADA,1,"2022/10/20 01:10:00",YWPS1,364.410130
D,DISPATCH,UNIT_SCADA,1,"2022/10/20 01:10:00",YWPS2,362.405060
D,DISPATCH,UNIT_SCADA,1,"2022/10/20 01:10:00",YWPS3,360.517730
D,DISPATCH,UNIT_SCADA,1,"2022/10/20 01:10:00",YWPS4,0
C,"END OF REPORT",419
