C,NEMP.WORLD,DISPATCHSCADA,AEMO,PUBLIC,2022/10/20,10:00:19,0000000373245580,DISPATCHSCADA,0000000373245574
I,DISPATCH,UNIT_SCADA,1,SETTLEMENTDATE,DUID,SCADAVALUE
D,DISPATCH,UNIT_SCADA,1,"2022/10/20 10:05:00",BARCSF1,9.10
D,DISPATCH,UNIT_SCADA,1,"2022/10/20 10:05:00",BUTLERSG,8.699999
D,DISPATCH,UNIT_SCADA,1,"2022/10/20 10:05:00",CAPTL_WF,43.121750
D,DISPATCH,UNIT_SCADA,1,"2022/10/20 10:05:00",CHALLHWF,5
D,DISPATCH,UNIT_SCADA,1,"2022/10/20 10:05:00",CLOVER,10.93
D,DISPATCH,UNIT_SCADA,1,"2022/10/20 10:05:00",CLUNY,6.191348
D,DISPATCH,UNIT_SCADA,1,"2022/10/20 10:05:00",CULLRGWF,-0.04
D,DISPATCH,UNIT_SCADA,1,"2022/10/20 10:05:00",DIAPURWF1,6.50
D,DISPATCH,UNIT_SCADA,1,"2022/10/20 10:05:00",ERGT01,0
D,DISPATCH,UNIT_SCADA,1,"2022/10/20 10:05:00",GB01,0
D,DISPATCH,UNIT_SCADA,1,"2022/10/20 10:05:00",GERMCRK,19.50
D,DISPATCH,UNIT_SCADA,1,"2022/10/20 10:05:00",GRIFSF1,3.999390
D,DISPATCH,UNIT_SCADA,1,"2022/10/20 10:05:00",HEZ1,0
D,DISPATCH,UNIT_SCADA,1,"2022/10/20 10:05:00",HUGSF1,6.6450
D,DISPATCH,UNIT_SCADA,1,"2022/10/20 10:05:00",KEPBG1,0
D,DISPATCH,UNIT_SCADA,1,"2022/10/20 10:05:00",LRSF1,8.2110
D,DISPATCH,UNIT_SCADA,1,"2022/10/20 10:05:00",MBAHNTH,48.131256
D,DISPATCH,UNIT_SCADA,1,"2022/10/20 10:05:00",MLSP1,5.443001
D,DISPATCH,UNIT_SCADA,1,"2022/10/20 10:05:00",MLWF1,6.9750
D,DISPATCH,UNIT_SCADA,1,"2022/10/20 10:05:00",PALOONA,30.279999
D,DISPATCH,UNIT_SCADA,1,"2022/10/20 10:05:00",PIONEER,42
D,DISPATCH,UNIT_SCADA,1,"2022/10/20 10:05:00",PORTWF,71.400002
D,DISPATCH,UNIT_SCADA,1,"2022/10/20 10:05:00",REPULSE,9.689479
D,DISPATCH,UNIT_SCADA,1,"2022/10/20 10:05:00",ROWALLAN,8.8963
D,DISPATCH,UNIT_SCADA,1,"2022/10/20 10:05:00",ROYALLA1,17.812004
D,DISPATCH,UNIT_SCADA,1,"2022/10/20 10:05:00",RPCG,-1.80
D,DISPATCH,UNIT_SCADA,1,"2022/10/20 10:05:00",RUBICON,0
D,DISPATCH,UNIT_SCADA,1,"2022/10/20 10:05:00",WAUBRAWF,5.9920
D,DISPATCH,UNIT_SCADA,1,"2022/10/20 10:05:00",WOOLNTH1,-0.91
D,DISPATCH,UNIT_SCADA,1,"2022/10/20 10:05:00",YAMBUKWF,5.70
D,DISPATCH,UNIT_SCADA,1,"2022/10/20 10:05:00",YSWF1,0.80
D,DISPATCH,UNIT_SCADA,1,"2022/10/20 10:05:00",ADPBA1G,0.0080
D,DISPATCH,UNIT_SCADA,1,"2022/10/20 10:05:00",ADPBA1L,0
D,DISPATCH,UNIT_SCADA,1,"2022/10/20 10:05:00",ADPPV1,0.0610
D,DISPATCH,UNIT_SCADA,1,"2022/10/20 10:05:00",AGLHAL,0
D,DISPATCH,UNIT_SCADA,1,"2022/10/20 10:05:00",AGLSOM,0
D,DISPATCH,UNIT_SCADA,1,"2022/10/20 10:05:00",ANGAST1,0
D,DISPATCH,UNIT_SCADA,1,"2022/10/20 10:05:00",ARWF1,2
D,DISPATCH,UNIT_SCADA,1,"2022/10/20 10:05:00",BALBG1,0
D,DISPATCH,UNIT_SCADA,1,"2022/10/20 10:05:00",BALBL1,0
D,DISPATCH,UNIT_SCADA,1,"2022/10/20 10:05:00",BALDHWF1,5.22
D,DISPATCH,UNIT_SCADA,1,"2022/10/20 10:05:00",BANGOWF1,40.798960
D,DISPATCH,UNIT_SCADA,1,"2022/10/20 10:05:00",BANGOWF2,51.9987
D,DISPATCH,UNIT_SCADA,1,"2022/10/20 10:05:00",BANN1,14.72
D,DISPATCH,UNIT_SCADA,1,"2022/10/20 10:05:00",BARCALDN,0
D,DISPATCH,UNIT_SCADA,1,"2022/10/20 10:05:00",BARKIPS1,0
D,DISPATCH,UNIT_SCADA,1,"2022/10/20 10:05:00",BARRON-1,0
D,DISPATCH,UNIT_SCADA,1,"2022/10/20 10:05:00",BARRON-2,0
D,DISPATCH,UNIT_SCADA,1,"2022/10/20 10:05:00",BASTYAN,54.10
D,DISPATCH,UNIT_SCADA,1,"2022/10/20 10:05:00",BBTHREE1,0
D,DISPATCH,UNIT_SCADA,1,"2022/10/20 10:05:00",BBTHREE2,0
D,DISPATCH,UNIT_SCADA,1,"2022/10/20 10:05:00",BBTHREE3,-1.12
D,DISPATCH,UNIT_SCADA,1,"2022/10/20 10:05:00",BDL01,0
D,DISPATCH,UNIT_SCADA,1,"2022/10/20 10:05:00",BDL02,0
D,DISPATCH,UNIT_SCADA,1,"2022/10/20 10:05:00",BERYLSF1,5.5106
D,DISPATCH,UNIT_SCADA,1,"2022/10/20 10:05:00",BLOWERNG,62.60
D,DISPATCH,UNIT_SCADA,1,"2022/10/20 10:05:00",BLUEGSF1,68.1001
D,DISPATCH,UNIT_SCADA,1,"2022/10/20 10:05:00",BLUFF1,44.40
D,DISPATCH,UNIT_SCADA,1,"2022/10/20 10:05:00",BNGSF1,109.96
D,DISPATCH,UNIT_SCADA,1,"2022/10/20 10:05:00",BNGSF2,110.35
D,DISPATCH,UNIT_SCADA,1,"2022/10/20 10:05:00",BOCORWF1,0.18
D,DISPATCH,UNIT_SCADA,1,"2022/10/20 10:05:00",BODWF1,103.952010
D,DISPATCH,UNIT_SCADA,1,"2022/10/20 10:05:00",BOMENSF1,40.750740
D,DISPATCH,UNIT_SCADA,1,"2022/10/20 10:05:00",BOWWBA1G,0
D,DISPATCH,UNIT_SCADA,1,"2022/10/20 10:05:00",BOWWBA1L,0.0060
D,DISPATCH,UNIT_SCADA,1,"2022/10/20 10:05:00",BOWWPV1,0
D,DISPATCH,UNIT_SCADA,1,"2022/10/20 10:05:00",BRAEMAR1,0
D,DISPATCH,UNIT_SCADA,1,"2022/10/20 10:05:00",BRAEMAR2,0
D,DISPATCH,UNIT_SCADA,1,"2022/10/20 10:05:00",BRAEMAR3,0
D,DISPATCH,UNIT_SCADA,1,"2022/10/20 10:05:00",BRAEMAR5,0.292060
D,DISPATCH,UNIT_SCADA,1,"2022/10/20 10:05:00",BRAEMAR6,0
D,DISPATCH,UNIT_SCADA,1,"2022/10/20 10:05:00",BRAEMAR7,0.130920
D,DISPATCH,UNIT_SCADA,1,"2022/10/20 10:05:00",BROKENH1,15.199770
D,DISPATCH,UNIT_SCADA,1,"2022/10/20 10:05:00",BRYB1WF1,80.625620
D,DISPATCH,UNIT_SCADA,1,"2022/10/20 10:05:00",BULBESG1,0.19
D,DISPATCH,UNIT_SCADA,1,"2022/10/20 10:05:00",BULBESL1,0
D,DISPATCH,UNIT_SCADA,1,"2022/10/20 10:05:00",BULGANA1,21.92
D,DISPATCH,UNIT_SCADA,1,"2022/10/20 10:05:00",BW01,661.203920
D,DISPATCH,UNIT_SCADA,1,"2022/10/20 10:05:00",BW02,621.799010
D,DISPATCH,UNIT_SCADA,1,"2022/10/20 10:05:00",BW03,554.9035
D,DISPATCH,UNIT_SCADA,1,"2022/10/20 10:05:00",BW04,0
D,DISPATCH,UNIT_SCADA,1,"2022/10/20 10:05:00",CALL_B_1,321.800020
D,DISPATCH,UNIT_SCADA,1,"2022/10/20 10:05:00",CALL_B_2,321.600010
D,DISPATCH,UNIT_SCADA,1,"2022/10/20 10:05:00",CATHROCK,0
D,DISPATCH,UNIT_SCADA,1,"2022/10/20 10:05:00",CBWWBA1G,0
D,DISPATCH,UNIT_SCADA,1,"2022/10/20 10:05:00",CBWWBA1L,0
D,DISPATCH,UNIT_SCADA,1,"2022/10/20 10:05:00",CETHANA,5.138750
D,DISPATCH,UNIT_SCADA,1,"2022/10/20 10:05:00",CG1,0
D,DISPATCH,UNIT_SCADA,1,"2022/10/20 10:05:00",CG2,0
D,DISPATCH,UNIT_SCADA,1,"2022/10/20 10:05:00",CG3,0
D,DISPATCH,UNIT_SCADA,1,"2022/10/20 10:05:00",CG4,0
D,DISPATCH,UNIT_SCADA,1,"2022/10/20 10:05:00",CHILDSF1,12.66
D,DISPATCH,UNIT_SCADA,1,"2022/10/20 10:05:00",CHYTWF1,2.35
D,DISPATCH,UNIT_SCADA,1,"2022/10/20 10:05:00",CLARESF1,67.9895
D,DISPATCH,UNIT_SCADA,1,"2022/10/20 10:05:00",CLEMGPWF,8.932340
D,DISPATCH,UNIT_SCADA,1,"2022/10/20 10:05:00",CLERMSF1,16.42
D,DISPATCH,UNIT_SCADA,1,"2022/10/20 10:05:00",CNUNDAWF,0
D,DISPATCH,UNIT_SCADA,1,"2022/10/20 10:05:00",COHUNSF1,7.42
D,DISPATCH,UNIT_SCADA,1,"2022/10/20 10:05:00",COLEASF1,28.698790
D,DISPATCH,UNIT_SCADA,1,"2022/10/20 10:05:00",COLUMSF1,21.0650
D,DISPATCH,UNIT_SCADA,1,"2022/10/20 10:05:00",COLWF01,68.392460
D,DISPATCH,UNIT_SCADA,1,"2022/10/20 10:05:00",COOPGWF1,209.56
D,DISPATCH,UNIT_SCADA,1,"2022/10/20 10:05:00",CPP_3,361.899990
D,DISPATCH,UNIT_SCADA,1,"2022/10/20 10:05:00",CPP_4,0
D,DISPATCH,UNIT_SCADA,1,"2022/10/20 10:05:00",CPSA,0
D,DISPATCH,UNIT_SCADA,1,"2022/10/20 10:05:00",CROOKWF2,42.6746
D,DISPATCH,UNIT_SCADA,1,"2022/10/20 10:05:00",CROWLWF1,25.560060
D,DISPATCH,UNIT_SCADA,1,"2022/10/20 10:05:00",CRURWF1,59.4979
D,DISPATCH,UNIT_SCADA,1,"2022/10/20 10:05:00",CRWASF1,30.2460
D,DISPATCH,UNIT_SCADA,1,"2022/10/20 10:05:00",CSPVPS1,2.5550
D,DISPATCH,UNIT_SCADA,1,"2022/10/20 10:05:00",CTHLWF1,0.003050
D,DISPATCH,UNIT_SCADA,1,"2022/10/20 10:05:00",DALNTH01,0.025940
D,DISPATCH,UNIT_SCADA,1,"2022/10/20 10:05:00",DALNTHL1,0
D,DISPATCH,UNIT_SCADA,1,"2022/10/20 10:05:00",DARLSF1,67.336780
D,DISPATCH,UNIT_SCADA,1,"2022/10/20 10:05:00",DARTM1,0
D,DISPATCH,UNIT_SCADA,1,"2022/10/20 10:05:00",DAYDSF1,8.0030
D,DISPATCH,UNIT_SCADA,1,"2022/10/20 10:05:00",DDPS1,0
D,DISPATCH,UNIT_SCADA,1,"2022/10/20 10:05:00",DDSF1,29.498370
D,DISPATCH,UNIT_SCADA,1,"2022/10/20 10:05:00",DEVILS_G,10.234690
D,DISPATCH,UNIT_SCADA,1,"2022/10/20 10:05:00",DG_NSW1,0
D,DISPATCH,UNIT_SCADA,1,"2022/10/20 10:05:00",DG_QLD1,0
D,DISPATCH,UNIT_SCADA,1,"2022/10/20 10:05:00",DG_SA1,0
D,DISPATCH,UNIT_SCADA,1,"2022/10/20 10:05:00",DG_TAS1,0
D,DISPATCH,UNIT_SCADA,1,"2022/10/20 10:05:00",DG_VIC1,0
D,DISPATCH,UNIT_SCADA,1,"2022/10/20 10:05:00",DRYCGT1,0
D,DISPATCH,UNIT_SCADA,1,"2022/10/20 10:05:00",DRYCGT2,0
D,DISPATCH,UNIT_SCADA,1,"2022/10/20 10:05:00",DRYCGT3,0
D,DISPATCH,UNIT_SCADA,1,"2022/10/20 10:05:00",DUNDWF1,57.66
D,DISPATCH,UNIT_SCADA,1,"2022/10/20 10:05:00",DUNDWF2,18.54
D,DISPATCH,UNIT_SCADA,1,"2022/10/20 10:05:00",DUNDWF3,51.11
D,DISPATCH,UNIT_SCADA,1,"2022/10/20 10:05:00",EILDON1,59.96
D,DISPATCH,UNIT_SCADA,1,"2022/10/20 10:05:00",EILDON2,59.96
D,DISPATCH,UNIT_SCADA,1,"2022/10/20 10:05:00",ELAINWF1,18.44
D,DISPATCH,UNIT_SCADA,1,"2022/10/20 10:05:00",EMERASF1,0
D,DISPATCH,UNIT_SCADA,1,"2022/10/20 10:05:00",ER01,0
D,DISPATCH,UNIT_SCADA,1,"2022/10/20 10:05:00",ER02,342.937350
D,DISPATCH,UNIT_SCADA,1,"2022/10/20 10:05:00",ER03,429.779510
D,DISPATCH,UNIT_SCADA,1,"2022/10/20 10:05:00",ER04,426.532380
D,DISPATCH,UNIT_SCADA,1,"2022/10/20 10:05:00",FINLYSF1,118.101780
D,DISPATCH,UNIT_SCADA,1,"2022/10/20 10:05:00",FISHER,44.08
D,DISPATCH,UNIT_SCADA,1,"2022/10/20 10:05:00",GANGARR1,9.73
D,DISPATCH,UNIT_SCADA,1,"2022/10/20 10:05:00",GANNBG1,0
D,DISPATCH,UNIT_SCADA,1,"2022/10/20 10:05:00",GANNBL1,2.723070
D,DISPATCH,UNIT_SCADA,1,"2022/10/20 10:05:00",GANNSF1,39.20
D,DISPATCH,UNIT_SCADA,1,"2022/10/20 10:05:00",GLRWNSF1,109.99
D,DISPATCH,UNIT_SCADA,1,"2022/10/20 10:05:00",GNNDHSF1,22.777980
D,DISPATCH,UNIT_SCADA,1,"2022/10/20 10:05:00",GOONSF1,5.623870
D,DISPATCH,UNIT_SCADA,1,"2022/10/20 10:05:00",GORDON,228.954830
D,DISPATCH,UNIT_SCADA,1,"2022/10/20 10:05:00",GRANWF1,0.83
D,DISPATCH,UNIT_SCADA,1,"2022/10/20 10:05:00",GSTONE1,175.70
D,DISPATCH,UNIT_SCADA,1,"2022/10/20 10:05:00",GSTONE2,0
D,DISPATCH,UNIT_SCADA,1,"2022/10/20 10:05:00",GSTONE3,174.649990
D,DISPATCH,UNIT_SCADA,1,"2022/10/20 10:05:00",GSTONE4,0
D,DISPATCH,UNIT_SCADA,1,"2022/10/20 10:05:00",GSTONE5,175.70
D,DISPATCH,UNIT_SCADA,1,"2022/10/20 10:05:00",GSTONE6,175.524990
D,DISPATCH,UNIT_SCADA,1,"2022/10/20 10:05:00",GULLRSF1,2.664960
D,DISPATCH,UNIT_SCADA,1,"2022/10/20 10:05:00",GULLRWF1,66.763980
D,DISPATCH,UNIT_SCADA,1,"2022/10/20 10:05:00",GULLRWF2,88.874890
D,DISPATCH,UNIT_SCADA,1,"2022/10/20 10:05:00",GUNNING1,0
D,DISPATCH,UNIT_SCADA,1,"2022/10/20 10:05:00",GUTHEGA,67.90
D,DISPATCH,UNIT_SCADA,1,"2022/10/20 10:05:00",HALLWF1,45.88
D,DISPATCH,UNIT_SCADA,1,"2022/10/20 10:05:00",HALLWF2,37.50
D,DISPATCH,UNIT_SCADA,1,"2022/10/20 10:05:00",HAMISF1,2.10
D,DISPATCH,UNIT_SCADA,1,"2022/10/20 10:05:00",HAUGHT11,49.381370
D,DISPATCH,UNIT_SCADA,1,"2022/10/20 10:05:00",HAYMSF1,2.2180
D,DISPATCH,UNIT_SCADA,1,"2022/10/20 10:05:00",HDWF1,68.30
D,DISPATCH,UNIT_SCADA,1,"2022/10/20 10:05:00",HDWF2,62.40
D,DISPATCH,UNIT_SCADA,1,"2022/10/20 10:05:00",HDWF3,76.80
D,DISPATCH,UNIT_SCADA,1,"2022/10/20 10:05:00",HILLSTN1,19.0679
D,DISPATCH,UNIT_SCADA,1,"2022/10/20 10:05:00",HPRG1,29.50
D,DISPATCH,UNIT_SCADA,1,"2022/10/20 10:05:00",HPRL1,0
D,DISPATCH,UNIT_SCADA,1,"2022/10/20 10:05:00",HUMENSW,54.813610
D,DISPATCH,UNIT_SCADA,1,"2022/10/20 10:05:00",HUMEV,0
D,DISPATCH,UNIT_SCADA,1,"2022/10/20 10:05:00",HVWWBA1G,0
D,DISPATCH,UNIT_SCADA,1,"2022/10/20 10:05:00",HVWWBA1L,0.0060
D,DISPATCH,UNIT_SCADA,1,"2022/10/20 10:05:00",HVWWPV1,0.1180
D,DISPATCH,UNIT_SCADA,1,"2022/10/20 10:05:00",JBUTTERS,0
D,DISPATCH,UNIT_SCADA,1,"2022/10/20 10:05:00",JEMALNG1,6.48
D,DISPATCH,UNIT_SCADA,1,"2022/10/20 10:05:00",JLA01,0
D,DISPATCH,UNIT_SCADA,1,"2022/10/20 10:05:00",JLA02,0
D,DISPATCH,UNIT_SCADA,1,"2022/10/20 10:05:00",JLA03,0
D,DISPATCH,UNIT_SCADA,1,"2022/10/20 10:05:00",JLA04,0
D,DISPATCH,UNIT_SCADA,1,"2022/10/20 10:05:00",JLB01,0
D,DISPATCH,UNIT_SCADA,1,"2022/10/20 10:05:00",JLB02,0.10
D,DISPATCH,UNIT_SCADA,1,"2022/10/20 10:05:00",JLB03,0
D,DISPATCH,UNIT_SCADA,1,"2022/10/20 10:05:00",JUNEESF1,15.651840
D,DISPATCH,UNIT_SCADA,1,"2022/10/20 10:05:00",KABANWF1,0
D,DISPATCH,UNIT_SCADA,1,"2022/10/20 10:05:00",KAREEYA1,0
D,DISPATCH,UNIT_SCADA,1,"2022/10/20 10:05:00",KAREEYA2,0
D,DISPATCH,UNIT_SCADA,1,"2022/10/20 10:05:00",KAREEYA3,5.0775
D,DISPATCH,UNIT_SCADA,1,"2022/10/20 10:05:00",KAREEYA4,0
D,DISPATCH,UNIT_SCADA,1,"2022/10/20 10:05:00",KARSF1,22
D,DISPATCH,UNIT_SCADA,1,"2022/10/20 10:05:00",KEPSF1,12.16
D,DISPATCH,UNIT_SCADA,1,"2022/10/20 10:05:00",KEPWF1,3.40
D,DISPATCH,UNIT_SCADA,1,"2022/10/20 10:05:00",KIAMSF1,24.7158
D,DISPATCH,UNIT_SCADA,1,"2022/10/20 10:05:00",KIATAWF1,12.40
D,DISPATCH,UNIT_SCADA,1,"2022/10/20 10:05:00",KPP_1,0
D,DISPATCH,UNIT_SCADA,1,"2022/10/20 10:05:00",KSP1,34.10
D,DISPATCH,UNIT_SCADA,1,"2022/10/20 10:05:00",LADBROK1,0.01
D,DISPATCH,UNIT_SCADA,1,"2022/10/20 10:05:00",LADBROK2,6.13
D,DISPATCH,UNIT_SCADA,1,"2022/10/20 10:05:00",LBBG1,0
D,DISPATCH,UNIT_SCADA,1,"2022/10/20 10:05:00",LBBL1,10.95
D,DISPATCH,UNIT_SCADA,1,"2022/10/20 10:05:00",LD01,279.647220
D,DISPATCH,UNIT_SCADA,1,"2022/10/20 10:05:00",LD02,0
D,DISPATCH,UNIT_SCADA,1,"2022/10/20 10:05:00",LD04,279.628910
D,DISPATCH,UNIT_SCADA,1,"2022/10/20 10:05:00",LEM_WIL,66.724210
D,DISPATCH,UNIT_SCADA,1,"2022/10/20 10:05:00",LGAPWF1,20.12
D,DISPATCH,UNIT_SCADA,1,"2022/10/20 10:05:00",LGAPWF2,0
D,DISPATCH,UNIT_SCADA,1,"2022/10/20 10:05:00",LILYSF1,46.137340
D,DISPATCH,UNIT_SCADA,1,"2022/10/20 10:05:00",LIMOSF11,40.490270
D,DISPATCH,UNIT_SCADA,1,"2022/10/20 10:05:00",LIMOSF21,5.238450
D,DISPATCH,UNIT_SCADA,1,"2022/10/20 10:05:00",LI_WY_CA,56.220180
D,DISPATCH,UNIT_SCADA,1,"2022/10/20 10:05:00",LKBONNY1,0
D,DISPATCH,UNIT_SCADA,1,"2022/10/20 10:05:00",LKBONNY2,0
D,DISPATCH,UNIT_SCADA,1,"2022/10/20 10:05:00",LKBONNY3,0
D,DISPATCH,UNIT_SCADA,1,"2022/10/20 10:05:00",LK_ECHO,0
D,DISPATCH,UNIT_SCADA,1,"2022/10/20 10:05:00",LNGS1,0
D,DISPATCH,UNIT_SCADA,1,"2022/10/20 10:05:00",LNGS2,0
D,DISPATCH,UNIT_SCADA,1,"2022/10/20 10:05:00",LONSDALE,0
D,DISPATCH,UNIT_SCADA,1,"2022/10/20 10:05:00",LOYYB1,432.702550
D,DISPATCH,UNIT_SCADA,1,"2022/10/20 10:05:00",LOYYB2,435.334170
D,DISPATCH,UNIT_SCADA,1,"2022/10/20 10:05:00",LYA1,526
D,DISPATCH,UNIT_SCADA,1,"2022/10/20 10:05:00",LYA2,0
D,DISPATCH,UNIT_SCADA,1,"2022/10/20 10:05:00",LYA3,394
D,DISPATCH,UNIT_SCADA,1,"2022/10/20 10:05:00",LYA4,396
D,DISPATCH,UNIT_SCADA,1,"2022/10/20 10:05:00",MACARTH1,47.4989
D,DISPATCH,UNIT_SCADA,1,"2022/10/20 10:05:00",MACKNTSH,0
D,DISPATCH,UNIT_SCADA,1,"2022/10/20 10:05:00",MANSLR1,22.7510
D,DISPATCH,UNIT_SCADA,1,"2022/10/20 10:05:00",MAPS2PV1,0
D,DISPATCH,UNIT_SCADA,1,"2022/10/20 10:05:00",MAPS3PV1,0
D,DISPATCH,UNIT_SCADA,1,"2022/10/20 10:05:00",MARYRSF1,1.78
D,DISPATCH,UNIT_SCADA,1,"2022/10/20 10:05:00",MBPS2PV1,0
D,DISPATCH,UNIT_SCADA,1,"2022/10/20 10:05:00",MCKAY1,0.02
D,DISPATCH,UNIT_SCADA,1,"2022/10/20 10:05:00",MEADOWBK,5.887480
D,DISPATCH,UNIT_SCADA,1,"2022/10/20 10:05:00",MERCER01,23.10
D,DISPATCH,UNIT_SCADA,1,"2022/10/20 10:05:00",METZSF1,33.826160
D,DISPATCH,UNIT_SCADA,1,"2022/10/20 10:05:00",MEWF1,3.098880
D,DISPATCH,UNIT_SCADA,1,"2022/10/20 10:05:00",MIDDLSF1,9.19
D,DISPATCH,UNIT_SCADA,1,"2022/10/20 10:05:00",MINTARO,0.128180
D,DISPATCH,UNIT_SCADA,1,"2022/10/20 10:05:00",MOLNGSF1,16.019530
D,DISPATCH,UNIT_SCADA,1,"2022/10/20 10:05:00",MOORAWF1,31.89
D,DISPATCH,UNIT_SCADA,1,"2022/10/20 10:05:00",MOREESF1,10.3540
D,DISPATCH,UNIT_SCADA,1,"2022/10/20 10:05:00",MORTLK11,0
D,DISPATCH,UNIT_SCADA,1,"2022/10/20 10:05:00",MORTLK12,0
D,DISPATCH,UNIT_SCADA,1,"2022/10/20 10:05:00",MOUSF1,0
D,DISPATCH,UNIT_SCADA,1,"2022/10/20 10:05:00",MP1,0
D,DISPATCH,UNIT_SCADA,1,"2022/10/20 10:05:00",MP2,353.557650
D,DISPATCH,UNIT_SCADA,1,"2022/10/20 10:05:00",MPP_1,172.2775
D,DISPATCH,UNIT_SCADA,1,"2022/10/20 10:05:00",MPP_2,149.510620
D,DISPATCH,UNIT_SCADA,1,"2022/10/20 10:05:00",MRTLSWF1,0
D,DISPATCH,UNIT_SCADA,1,"2022/10/20 10:05:00",MSTUART1,0
D,DISPATCH,UNIT_SCADA,1,"2022/10/20 10:05:00",MSTUART2,0
D,DISPATCH,UNIT_SCADA,1,"2022/10/20 10:05:00",MSTUART3,0
D,DISPATCH,UNIT_SCADA,1,"2022/10/20 10:05:00",MTGELWF1,36.461990
D,DISPATCH,UNIT_SCADA,1,"2022/10/20 10:05:00",MTMILLAR,1.40
D,DISPATCH,UNIT_SCADA,1,"2022/10/20 10:05:00",MURRAY,0
D,DISPATCH,UNIT_SCADA,1,"2022/10/20 10:05:00",MUSSELR1,99.599990
D,DISPATCH,UNIT_SCADA,1,"2022/10/20 10:05:00",MUWAWF1,43.10
D,DISPATCH,UNIT_SCADA,1,"2022/10/20 10:05:00",MUWAWF2,57.60
D,DISPATCH,UNIT_SCADA,1,"2022/10/20 10:05:00",MWPS1PV1,0.13
D,DISPATCH,UNIT_SCADA,1,"2022/10/20 10:05:00",MWPS2PV1,0
D,DISPATCH,UNIT_SCADA,1,"2022/10/20 10:05:00",MWPS3PV1,0
D,DISPATCH,UNIT_SCADA,1,"2022/10/20 10:05:00",MWPS4PV1,0.01
D,DISPATCH,UNIT_SCADA,1,"2022/10/20 10:05:00",NBHWF1,67.30
D,DISPATCH,UNIT_SCADA,1,"2022/10/20 10:05:00",NEVERSF1,53.67
D,DISPATCH,UNIT_SCADA,1,"2022/10/20 10:05:00",NPS,0
D,DISPATCH,UNIT_SCADA,1,"2022/10/20 10:05:00",NUMURSF1,93.19
D,DISPATCH,UNIT_SCADA,1,"2022/10/20 10:05:00",NYNGAN1,49.50
D,DISPATCH,UNIT_SCADA,1,"2022/10/20 10:05:00",OAKEY1,0
D,DISPATCH,UNIT_SCADA,1,"2022/10/20 10:05:00",OAKEY1SF,5.1110
D,DISPATCH,UNIT_SCADA,1,"2022/10/20 10:05:00",OAKEY2,0
D,DISPATCH,UNIT_SCADA,1,"2022/10/20 10:05:00",OAKEY2SF,13.46
D,DISPATCH,UNIT_SCADA,1,"2022/10/20 10:05:00",OAKLAND1,10.90
D,DISPATCH,UNIT_SCADA,1,"2022/10/20 10:05:00",OSB-AG,0
D,DISPATCH,UNIT_SCADA,1,"2022/10/20 10:05:00",PAREPS1,0.0660
D,DISPATCH,UNIT_SCADA,1,"2022/10/20 10:05:00",PAREPW1,50.15
D,DISPATCH,UNIT_SCADA,1,"2022/10/20 10:05:00",PARSF1,5.198750
D,DISPATCH,UNIT_SCADA,1,"2022/10/20 10:05:00",POAT110,0
D,DISPATCH,UNIT_SCADA,1,"2022/10/20 10:05:00",POAT220,0
D,DISPATCH,UNIT_SCADA,1,"2022/10/20 10:05:00",POR01,0
D,DISPATCH,UNIT_SCADA,1,"2022/10/20 10:05:00",POR03,0
D,DISPATCH,UNIT_SCADA,1,"2022/10/20 10:05:00",PPCCGT,0
D,DISPATCH,UNIT_SCADA,1,"2022/10/20 10:05:00",PTSTAN1,0
D,DISPATCH,UNIT_SCADA,1,"2022/10/20 10:05:00",PUMP1,0
D,DISPATCH,UNIT_SCADA,1,"2022/10/20 10:05:00",PUMP2,0
D,DISPATCH,UNIT_SCADA,1,"2022/10/20 10:05:00",QBYNBG1,0
D,DISPATCH,UNIT_SCADA,1,"2022/10/20 10:05:00",QBYNBL1,0.0015
D,DISPATCH,UNIT_SCADA,1,"2022/10/20 10:05:00",QPS1,0
D,DISPATCH,UNIT_SCADA,1,"2022/10/20 10:05:00",QPS2,0
D,DISPATCH,UNIT_SCADA,1,"2022/10/20 10:05:00",QPS3,0
D,DISPATCH,UNIT_SCADA,1,"2022/10/20 10:05:00",QPS4,0
D,DISPATCH,UNIT_SCADA,1,"2022/10/20 10:05:00",QPS5,74.939990
D,DISPATCH,UNIT_SCADA,1,"2022/10/20 10:05:00",REECE1,48.598410
D,DISPATCH,UNIT_SCADA,1,"2022/10/20 10:05:00",REECE2,0
D,DISPATCH,UNIT_SCADA,1,"2022/10/20 10:05:00",ROMA_7,0
D,DISPATCH,UNIT_SCADA,1,"2022/10/20 10:05:00",ROMA_8,0
D,DISPATCH,UNIT_SCADA,1,"2022/10/20 10:05:00",RRSF1,101.988920
D,DISPATCH,UNIT_SCADA,1,"2022/10/20 10:05:00",RT_NSW1,0
D,DISPATCH,UNIT_SCADA,1,"2022/10/20 10:05:00",RT_NSW2,0
D,DISPATCH,UNIT_SCADA,1,"2022/10/20 10:05:00",RT_NSW3,0
D,DISPATCH,UNIT_SCADA,1,"2022/10/20 10:05:00",RT_NSW4,0
D,DISPATCH,UNIT_SCADA,1,"2022/10/20 10:05:00",RT_NSW5,0
D,DISPATCH,UNIT_SCADA,1,"2022/10/20 10:05:00",RT_NSW6,0
D,DISPATCH,UNIT_SCADA,1,"2022/10/20 10:05:00",RT_QLD1,0
D,DISPATCH,UNIT_SCADA,1,"2022/10/20 10:05:00",RT_SA1,0
D,DISPATCH,UNIT_SCADA,1,"2022/10/20 10:05:00",RT_SA2,0
D,DISPATCH,UNIT_SCADA,1,"2022/10/20 10:05:00",RT_SA3,0
D,DISPATCH,UNIT_SCADA,1,"2022/10/20 10:05:00",RT_SA4,0
D,DISPATCH,UNIT_SCADA,1,"2022/10/20 10:05:00",RT_SA5,0
D,DISPATCH,UNIT_SCADA,1,"2022/10/20 10:05:00",RT_SA6,0
D,DISPATCH,UNIT_SCADA,1,"2022/10/20 10:05:00",RT_TAS1,0
D,DISPATCH,UNIT_SCADA,1,"2022/10/20 10:05:00",RT_VIC1,0
D,DISPATCH,UNIT_SCADA,1,"2022/10/20 10:05:00",RT_VIC10,0
D,DISPATCH,UNIT_SCADA,1,"2022/10/20 10:05:00",RT_VIC11,0
D,DISPATCH,UNIT_SCADA,1,"2022/10/20 10:05:00",RT_VIC12,0
D,DISPATCH,UNIT_SCADA,1,"2022/10/20 10:05:00",RT_VIC2,0
D,DISPATCH,UNIT_SCADA,1,"2022/10/20 10:05:00",RT_VIC3,0
D,DISPATCH,UNIT_SCADA,1,"2022/10/20 10:05:00",RT_VIC4,0
D,DISPATCH,UNIT_SCADA,1,"2022/10/20 10:05:00",RT_VIC5,0
D,DISPATCH,UNIT_SCADA,1,"2022/10/20 10:05:00",RT_VIC6,0
D,DISPATCH,UNIT_SCADA,1,"2022/10/20 10:05:00",RT_VIC7,0
D,DISPATCH,UNIT_SCADA,1,"2022/10/20 10:05:00",RT_VIC8,0
D,DISPATCH,UNIT_SCADA,1,"2022/10/20 10:05:00",RT_VIC9,0
D,DISPATCH,UNIT_SCADA,1,"2022/10/20 10:05:00",RUGBYR1,11.20
D,DISPATCH,UNIT_SCADA,1,"2022/10/20 10:05:00",SALTCRK1,26.34
D,DISPATCH,UNIT_SCADA,1,"2022/10/20 10:05:00",SAPHWF1,174.360260
D,DISPATCH,UNIT_SCADA,1,"2022/10/20 10:05:00",SEBSF1,36.744960
D,DISPATCH,UNIT_SCADA,1,"2022/10/20 10:05:00",SHGEN,0
D,DISPATCH,UNIT_SCADA,1,"2022/10/20 10:05:00",SHPUMP,0
D,DISPATCH,UNIT_SCADA,1,"2022/10/20 10:05:00",SITHE01,0.1840
D,DISPATCH,UNIT_SCADA,1,"2022/10/20 10:05:00",SMCSF1,58.5860
D,DISPATCH,UNIT_SCADA,1,"2022/10/20 10:05:00",SNAPPER1,0
D,DISPATCH,UNIT_SCADA,1,"2022/10/20 10:05:00",SNOWNTH1,111.400010
D,DISPATCH,UNIT_SCADA,1,"2022/10/20 10:05:00",SNOWSTH1,73.20
D,DISPATCH,UNIT_SCADA,1,"2022/10/20 10:05:00",SNOWTWN1,0
D,DISPATCH,UNIT_SCADA,1,"2022/10/20 10:05:00",SNOWYP,0
D,DISPATCH,UNIT_SCADA,1,"2022/10/20 10:05:00",SNUG1,0
D,DISPATCH,UNIT_SCADA,1,"2022/10/20 10:05:00",SRSF1,11.13
D,DISPATCH,UNIT_SCADA,1,"2022/10/20 10:05:00",STAN-1,276.954190
D,DISPATCH,UNIT_SCADA,1,"2022/10/20 10:05:00",STAN-2,331.404210
D,DISPATCH,UNIT_SCADA,1,"2022/10/20 10:05:00",STAN-3,154.980030
D,DISPATCH,UNIT_SCADA,1,"2022/10/20 10:05:00",STAN-4,332.724460
D,DISPATCH,UNIT_SCADA,1,"2022/10/20 10:05:00",STARHLWF,0.01
D,DISPATCH,UNIT_SCADA,1,"2022/10/20 10:05:00",STOCKYD1,46.03
D,DISPATCH,UNIT_SCADA,1,"2022/10/20 10:05:00",STWF1,0
D,DISPATCH,UNIT_SCADA,1,"2022/10/20 10:05:00",SUNRSF1,27.168690
D,DISPATCH,UNIT_SCADA,1,"2022/10/20 10:05:00",SUNTPSF1,58.546420
D,DISPATCH,UNIT_SCADA,1,"2022/10/20 10:05:00",SWAN_E,224.913120
D,DISPATCH,UNIT_SCADA,1,"2022/10/20 10:05:00",TALWA1,0
D,DISPATCH,UNIT_SCADA,1,"2022/10/20 10:05:00",TARALGA1,0
D,DISPATCH,UNIT_SCADA,1,"2022/10/20 10:05:00",TARONG#1,346.800020
D,DISPATCH,UNIT_SCADA,1,"2022/10/20 10:05:00",TARONG#2,346.800020
D,DISPATCH,UNIT_SCADA,1,"2022/10/20 10:05:00",TARONG#3,0.90
D,DISPATCH,UNIT_SCADA,1,"2022/10/20 10:05:00",TARONG#4,212.80
D,DISPATCH,UNIT_SCADA,1,"2022/10/20 10:05:00",TARRALEA,54
D,DISPATCH,UNIT_SCADA,1,"2022/10/20 10:05:00",TBSF1,0.10
D,DISPATCH,UNIT_SCADA,1,"2022/10/20 10:05:00",TNPS1,402.0625
D,DISPATCH,UNIT_SCADA,1,"2022/10/20 10:05:00",TORRB1,0
D,DISPATCH,UNIT_SCADA,1,"2022/10/20 10:05:00",TORRB2,42
D,DISPATCH,UNIT_SCADA,1,"2022/10/20 10:05:00",TORRB3,0
D,DISPATCH,UNIT_SCADA,1,"2022/10/20 10:05:00",TORRB4,0
D,DISPATCH,UNIT_SCADA,1,"2022/10/20 10:05:00",TREVALLN,98.092830
D,DISPATCH,UNIT_SCADA,1,"2022/10/20 10:05:00",TRIBUTE,0
D,DISPATCH,UNIT_SCADA,1,"2022/10/20 10:05:00",TUMUT3,0
D,DISPATCH,UNIT_SCADA,1,"2022/10/20 10:05:00",TUNGATIN,7.060020
D,DISPATCH,UNIT_SCADA,1,"2022/10/20 10:05:00",TVCC201,0
D,DISPATCH,UNIT_SCADA,1,"2022/10/20 10:05:00",TVPP104,57.807020
D,DISPATCH,UNIT_SCADA,1,"2022/10/20 10:05:00",UPPTUMUT,0
D,DISPATCH,UNIT_SCADA,1,"2022/10/20 10:05:00",URANQ11,0
D,DISPATCH,UNIT_SCADA,1,"2022/10/20 10:05:00",URANQ12,0
D,DISPATCH,UNIT_SCADA,1,"2022/10/20 10:05:00",URANQ13,0
D,DISPATCH,UNIT_SCADA,1,"2022/10/20 10:05:00",URANQ14,0
D,DISPATCH,UNIT_SCADA,1,"2022/10/20 10:05:00",VBBG1,4.70
D,DISPATCH,UNIT_SCADA,1,"2022/10/20 10:05:00",VBBL1,0
D,DISPATCH,UNIT_SCADA,1,"2022/10/20 10:05:00",VP5,501.797550
D,DISPATCH,UNIT_SCADA,1,"2022/10/20 10:05:00",VP6,500.7233
D,DISPATCH,UNIT_SCADA,1,"2022/10/20 10:05:00",VPGS1,0
D,DISPATCH,UNIT_SCADA,1,"2022/10/20 10:05:00",VPGS2,0
D,DISPATCH,UNIT_SCADA,1,"2022/10/20 10:05:00",VPGS3,0
D,DISPATCH,UNIT_SCADA,1,"2022/10/20 10:05:00",VPGS4,0
D,DISPATCH,UNIT_SCADA,1,"2022/10/20 10:05:00",VPGS5,0
D,DISPATCH,UNIT_SCADA,1,"2022/10/20 10:05:00",VPGS6,0
D,DISPATCH,UNIT_SCADA,1,"2022/10/20 10:05:00",W/HOE#1,0
D,DISPATCH,UNIT_SCADA,1,"2022/10/20 10:05:00",W/HOE#2,0
D,DISPATCH,UNIT_SCADA,1,"2022/10/20 10:05:00",WAGGNSF1,0
D,DISPATCH,UNIT_SCADA,1,"2022/10/20 10:05:00",WALGRVG1,0.000930
D,DISPATCH,UNIT_SCADA,1,"2022/10/20 10:05:00",WALGRVL1,0
D,DISPATCH,UNIT_SCADA,1,"2022/10/20 10:05:00",WANDBG1,0
D,DISPATCH,UNIT_SCADA,1,"2022/10/20 10:05:00",WANDBL1,49.252640
D,DISPATCH,UNIT_SCADA,1,"2022/10/20 10:05:00",WARWSF1,7.92
D,DISPATCH,UNIT_SCADA,1,"2022/10/20 10:05:00",WARWSF2,7.94
D,DISPATCH,UNIT_SCADA,1,"2022/10/20 10:05:00",WATERLWF,0
D,DISPATCH,UNIT_SCADA,1,"2022/10/20 10:05:00",WDGPH1,43.1820
D,DISPATCH,UNIT_SCADA,1,"2022/10/20 10:05:00",WELLSF1,51.261160
D,DISPATCH,UNIT_SCADA,1,"2022/10/20 10:05:00",WEMENSF1,19.40
D,DISPATCH,UNIT_SCADA,1,"2022/10/20 10:05:00",WGWF1,98.40
D,DISPATCH,UNIT_SCADA,1,"2022/10/20 10:05:00",WHITSF1,2.70
D,DISPATCH,UNIT_SCADA,1,"2022/10/20 10:05:00",WINTSF1,84.16
D,DISPATCH,UNIT_SCADA,1,"2022/10/20 10:05:00",WKIEWA1,34.20
D,DISPATCH,UNIT_SCADA,1,"2022/10/20 10:05:00",WKIEWA2,14.10
D,DISPATCH,UNIT_SCADA,1,"2022/10/20 10:05:00",WOODLWN1,13.741910
D,DISPATCH,UNIT_SCADA,1,"2022/10/20 10:05:00",WOOLGSF1,31.687680
D,DISPATCH,UNIT_SCADA,1,"2022/10/20 10:05:00",WPWF,37.42
D,DISPATCH,UNIT_SCADA,1,"2022/10/20 10:05:00",WRSF1,1.140170
D,DISPATCH,UNIT_SCADA,1,"2022/10/20 10:05:00",WRWF1,40.935070
D,DISPATCH,UNIT_SCADA,1,"2022/10/20 10:05:00",WSTWYSF1,0
D,DISPATCH,UNIT_SCADA,1,"2022/10/20 10:05:00",YABULU,0
D,DISPATCH,UNIT_SCADA,1,"2022/10/20 10:05:00",YABULU2,0
D,DISPATCH,UNIT_SCADA,1,"2022/10/20 10:05:00",YARANSF1,4.85
D,DISPATCH,UNIT_SCADA,1,"2022/10/20 10:05:00",YARWUN_1,162.679990
D,DISPATCH,UNIT_SCADA,1,"2022/10/20 10:05:00",YATSF1,25.03
D,DISPATCH,UNIT_SCADA,1,"2022/10/20 10:05:00",YENDWF1,37.37
D,DISPATCH,UNIT_SCADA,1,"2022/10/20 10:05:00",YWPS1,300.498750
D,DISPATCH,UNIT_SCADA,1,"2022/10/20 10:05:00",YWPS2,290.724060
D,DISPATCH,UNIT_SCADA,1,"2022/10/20 10:05:00",YWPS3,304.062010
D,DISPATCH,UNIT_SCADA,1,"2022/10/20 10:05:00",YWPS4,0
C,"END OF REPORT",419
