C,NEMP.WORLD,DISPATCHSCADA,AEMO,PUBLIC,2022/10/20,17:20:09,0000000373269881,DISPATCHSCADA,0000000373269875
I,DISPATCH,UNIT_SCADA,1,SETTLEMENTDATE,DUID,SCADAVALUE
D,DISPATCH,UNIT_SCADA,1,"2022/10/20 17:25:00",BARCSF1,7.60
D,DISPATCH,UNIT_SCADA,1,"2022/10/20 17:25:00",BUTLERSG,8.699999
D,DISPATCH,UNIT_SCADA,1,"2022/10/20 17:25:00",CAPTL_WF,95.548332
D,DISPATCH,UNIT_SCADA,1,"2022/10/20 17:25:00",CHALLHWF,11.60
D,DISPATCH,UNIT_SCADA,1,"2022/10/20 17:25:00",CLOVER,12.95
D,DISPATCH,UNIT_SCADA,1,"2022/10/20 17:25:00",CLUNY,6.324101
D,DISPATCH,UNIT_SCADA,1,"2022/10/20 17:25:00",CULLRGWF,-0.03
D,DISPATCH,UNIT_SCADA,1,"2022/10/20 17:25:00",DIAPURWF1,1.10
D,DISPATCH,UNIT_SCADA,1,"2022/10/20 17:25:00",ERGT01,0
D,DISPATCH,UNIT_SCADA,1,"2022/10/20 17:25:00",GB01,0
D,DISPATCH,UNIT_SCADA,1,"2022/10/20 17:25:00",GERMCRK,20
D,DISPATCH,UNIT_SCADA,1,"2022/10/20 17:25:00",GRIFSF1,3.001450
D,DISPATCH,UNIT_SCADA,1,"2022/10/20 17:25:00",HEZ1,0
D,DISPATCH,UNIT_SCADA,1,"2022/10/20 17:25:00",HUGSF1,0.6240
D,DISPATCH,UNIT_SCADA,1,"2022/10/20 17:25:00",KEPBG1,0.01
D,DISPATCH,UNIT_SCADA,1,"2022/10/20 17:25:00",LRSF1,7.14
D,DISPATCH,UNIT_SCADA,1,"2022/10/20 17:25:00",MBAHNTH,43.593750
D,DISPATCH,UNIT_SCADA,1,"2022/10/20 17:25:00",MLSP1,0.288001
D,DISPATCH,UNIT_SCADA,1,"2022/10/20 17:25:00",MLWF1,6.09
D,DISPATCH,UNIT_SCADA,1,"2022/10/20 17:25:00",PALOONA,30.389999
D,DISPATCH,UNIT_SCADA,1,"2022/10/20 17:25:00",PIONEER,28.300001
D,DISPATCH,UNIT_SCADA,1,"2022/10/20 17:25:00",PORTWF,27.700001
D,DISPATCH,UNIT_SCADA,1,"2022/10/20 17:25:00",REPULSE,9.574731
D,DISPATCH,UNIT_SCADA,1,"2022/10/20 17:25:00",ROWALLAN,8.9815
D,DISPATCH,UNIT_SCADA,1,"2022/10/20 17:25:00",ROYALLA1,0
D,DISPATCH,UNIT_SCADA,1,"2022/10/20 17:25:00",RPCG,-1.80
D,DISPATCH,UNIT_SCADA,1,"2022/10/20 17:25:00",RUBICON,0
D,DISPATCH,UNIT_SCADA,1,"2022/10/20 17:25:00",WAUBRAWF,60.485001
D,DISPATCH,UNIT_SCADA,1,"2022/10/20 17:25:00",WOOLNTH1,95.050003
D,DISPATCH,UNIT_SCADA,1,"2022/10/20 17:25:00",YAMBUKWF,4.30
D,DISPATCH,UNIT_SCADA,1,"2022/10/20 17:25:00",YSWF1,1.30
D,DISPATCH,UNIT_SCADA,1,"2022/10/20 17:25:00",ADPBA1G,0.0080
D,DISPATCH,UNIT_SCADA,1,"2022/10/20 17:25:00",ADPBA1L,0
D,DISPATCH,UNIT_SCADA,1,"2022/10/20 17:25:00",ADPPV1,3.2090
D,DISPATCH,UNIT_SCADA,1,"2022/10/20 17:25:00",AGLHAL,30.747410
D,DISPATCH,UNIT_SCADA,1,"2022/10/20 17:25:00",AGLSOM,0
D,DISPATCH,UNIT_SCADA,1,"2022/10/20 17:25:00",ANGAST1,0
D,DISPATCH,UNIT_SCADA,1,"2022/10/20 17:25:00",ARWF1,78.70
D,DISPATCH,UNIT_SCADA,1,"2022/10/20 17:25:00",BALBG1,0
D,DISPATCH,UNIT_SCADA,1,"2022/10/20 17:25:00",BALBL1,0
D,DISPATCH,UNIT_SCADA,1,"2022/10/20 17:25:00",BALDHWF1,105.2420
D,DISPATCH,UNIT_SCADA,1,"2022/10/20 17:25:00",BANGOWF1,91.795840
D,DISPATCH,UNIT_SCADA,1,"2022/10/20 17:25:00",BANGOWF2,53.6978
D,DISPATCH,UNIT_SCADA,1,"2022/10/20 17:25:00",BANN1,8.49
D,DISPATCH,UNIT_SCADA,1,"2022/10/20 17:25:00",BARCALDN,0
D,DISPATCH,UNIT_SCADA,1,"2022/10/20 17:25:00",BARKIPS1,0
D,DISPATCH,UNIT_SCADA,1,"2022/10/20 17:25:00",BARRON-1,27.84
D,DISPATCH,UNIT_SCADA,1,"2022/10/20 17:25:00",BARRON-2,28.12
D,DISPATCH,UNIT_SCADA,1,"2022/10/20 17:25:00",BASTYAN,51.740010
D,DISPATCH,UNIT_SCADA,1,"2022/10/20 17:25:00",BBTHREE1,0
D,DISPATCH,UNIT_SCADA,1,"2022/10/20 17:25:00",BBTHREE2,0
D,DISPATCH,UNIT_SCADA,1,"2022/10/20 17:25:00",BBTHREE3,-1.07
D,DISPATCH,UNIT_SCADA,1,"2022/10/20 17:25:00",BDL01,0
D,DISPATCH,UNIT_SCADA,1,"2022/10/20 17:25:00",BDL02,0
D,DISPATCH,UNIT_SCADA,1,"2022/10/20 17:25:00",BERYLSF1,6.612450
D,DISPATCH,UNIT_SCADA,1,"2022/10/20 17:25:00",BLOWERNG,62.50
D,DISPATCH,UNIT_SCADA,1,"2022/10/20 17:25:00",BLUEGSF1,2.492670
D,DISPATCH,UNIT_SCADA,1,"2022/10/20 17:25:00",BLUFF1,1.10
D,DISPATCH,UNIT_SCADA,1,"2022/10/20 17:25:00",BNGSF1,85.82
D,DISPATCH,UNIT_SCADA,1,"2022/10/20 17:25:00",BNGSF2,88.81
D,DISPATCH,UNIT_SCADA,1,"2022/10/20 17:25:00",BOCORWF1,79.40
D,DISPATCH,UNIT_SCADA,1,"2022/10/20 17:25:00",BODWF1,101.209880
D,DISPATCH,UNIT_SCADA,1,"2022/10/20 17:25:00",BOMENSF1,10.523230
D,DISPATCH,UNIT_SCADA,1,"2022/10/20 17:25:00",BOWWBA1G,0
D,DISPATCH,UNIT_SCADA,1,"2022/10/20 17:25:00",BOWWBA1L,0.0010
D,DISPATCH,UNIT_SCADA,1,"2022/10/20 17:25:00",BOWWPV1,0.0010
D,DISPATCH,UNIT_SCADA,1,"2022/10/20 17:25:00",BRAEMAR1,0
D,DISPATCH,UNIT_SCADA,1,"2022/10/20 17:25:00",BRAEMAR2,0
D,DISPATCH,UNIT_SCADA,1,"2022/10/20 17:25:00",BRAEMAR3,0
D,DISPATCH,UNIT_SCADA,1,"2022/10/20 17:25:00",BRAEMAR5,145.153320
D,DISPATCH,UNIT_SCADA,1,"2022/10/20 17:25:00",BRAEMAR6,0
D,DISPATCH,UNIT_SCADA,1,"2022/10/20 17:25:00",BRAEMAR7,141.698970
D,DISPATCH,UNIT_SCADA,1,"2022/10/20 17:25:00",BROKENH1,17.399730
D,DISPATCH,UNIT_SCADA,1,"2022/10/20 17:25:00",BRYB1WF1,84.776080
D,DISPATCH,UNIT_SCADA,1,"2022/10/20 17:25:00",BULBESG1,0
D,DISPATCH,UNIT_SCADA,1,"2022/10/20 17:25:00",BULBESL1,0.03
D,DISPATCH,UNIT_SCADA,1,"2022/10/20 17:25:00",BULGANA1,72.09
D,DISPATCH,UNIT_SCADA,1,"2022/10/20 17:25:00",BW01,658.542790
D,DISPATCH,UNIT_SCADA,1,"2022/10/20 17:25:00",BW02,619.333190
D,DISPATCH,UNIT_SCADA,1,"2022/10/20 17:25:00",BW03,576.4126
D,DISPATCH,UNIT_SCADA,1,"2022/10/20 17:25:00",BW04,0
D,DISPATCH,UNIT_SCADA,1,"2022/10/20 17:25:00",CALL_B_1,321.50
D,DISPATCH,UNIT_SCADA,1,"2022/10/20 17:25:00",CALL_B_2,320.899990
D,DISPATCH,UNIT_SCADA,1,"2022/10/20 17:25:00",CATHROCK,12.20
D,DISPATCH,UNIT_SCADA,1,"2022/10/20 17:25:00",CBWWBA1G,0
D,DISPATCH,UNIT_SCADA,1,"2022/10/20 17:25:00",CBWWBA1L,0
D,DISPATCH,UNIT_SCADA,1,"2022/10/20 17:25:00",CETHANA,97.2265
D,DISPATCH,UNIT_SCADA,1,"2022/10/20 17:25:00",CG1,0
D,DISPATCH,UNIT_SCADA,1,"2022/10/20 17:25:00",CG2,0
D,DISPATCH,UNIT_SCADA,1,"2022/10/20 17:25:00",CG3,0
D,DISPATCH,UNIT_SCADA,1,"2022/10/20 17:25:00",CG4,0
D,DISPATCH,UNIT_SCADA,1,"2022/10/20 17:25:00",CHILDSF1,0
D,DISPATCH,UNIT_SCADA,1,"2022/10/20 17:25:00",CHYTWF1,7.73
D,DISPATCH,UNIT_SCADA,1,"2022/10/20 17:25:00",CLARESF1,2.510720
D,DISPATCH,UNIT_SCADA,1,"2022/10/20 17:25:00",CLEMGPWF,17.720610
D,DISPATCH,UNIT_SCADA,1,"2022/10/20 17:25:00",CLERMSF1,6.09
D,DISPATCH,UNIT_SCADA,1,"2022/10/20 17:25:00",CNUNDAWF,6.207240
D,DISPATCH,UNIT_SCADA,1,"2022/10/20 17:25:00",COHUNSF1,3.51
D,DISPATCH,UNIT_SCADA,1,"2022/10/20 17:25:00",COLEASF1,10.701530
D,DISPATCH,UNIT_SCADA,1,"2022/10/20 17:25:00",COLUMSF1,3.8640
D,DISPATCH,UNIT_SCADA,1,"2022/10/20 17:25:00",COLWF01,108.320740
D,DISPATCH,UNIT_SCADA,1,"2022/10/20 17:25:00",COOPGWF1,319.790010
D,DISPATCH,UNIT_SCADA,1,"2022/10/20 17:25:00",CPP_3,368.774990
D,DISPATCH,UNIT_SCADA,1,"2022/10/20 17:25:00",CPP_4,0
D,DISPATCH,UNIT_SCADA,1,"2022/10/20 17:25:00",CPSA,0
D,DISPATCH,UNIT_SCADA,1,"2022/10/20 17:25:00",CROOKWF2,65.4435
D,DISPATCH,UNIT_SCADA,1,"2022/10/20 17:25:00",CROWLWF1,33.3097
D,DISPATCH,UNIT_SCADA,1,"2022/10/20 17:25:00",CRURWF1,69.197750
D,DISPATCH,UNIT_SCADA,1,"2022/10/20 17:25:00",CRWASF1,8.8535
D,DISPATCH,UNIT_SCADA,1,"2022/10/20 17:25:00",CSPVPS1,0.0060
D,DISPATCH,UNIT_SCADA,1,"2022/10/20 17:25:00",CTHLWF1,0.003050
D,DISPATCH,UNIT_SCADA,1,"2022/10/20 17:25:00",DALNTH01,0
D,DISPATCH,UNIT_SCADA,1,"2022/10/20 17:25:00",DALNTHL1,0.090030
D,DISPATCH,UNIT_SCADA,1,"2022/10/20 17:25:00",DARLSF1,47.784110
D,DISPATCH,UNIT_SCADA,1,"2022/10/20 17:25:00",DARTM1,0
D,DISPATCH,UNIT_SCADA,1,"2022/10/20 17:25:00",DAYDSF1,0
D,DISPATCH,UNIT_SCADA,1,"2022/10/20 17:25:00",DDPS1,0
D,DISPATCH,UNIT_SCADA,1,"2022/10/20 17:25:00",DDSF1,3.840770
D,DISPATCH,UNIT_SCADA,1,"2022/10/20 17:25:00",DEVILS_G,60.487690
D,DISPATCH,UNIT_SCADA,1,"2022/10/20 17:25:00",DG_NSW1,0
D,DISPATCH,UNIT_SCADA,1,"2022/10/20 17:25:00",DG_QLD1,0
D,DISPATCH,UNIT_SCADA,1,"2022/10/20 17:25:00",DG_SA1,0
D,DISPATCH,UNIT_SCADA,1,"2022/10/20 17:25:00",DG_TAS1,0
D,DISPATCH,UNIT_SCADA,1,"2022/10/20 17:25:00",DG_VIC1,0
D,DISPATCH,UNIT_SCADA,1,"2022/10/20 17:25:00",DRYCGT1,0
D,DISPATCH,UNIT_SCADA,1,"2022/10/20 17:25:00",DRYCGT2,0
D,DISPATCH,UNIT_SCADA,1,"2022/10/20 17:25:00",DRYCGT3,0
D,DISPATCH,UNIT_SCADA,1,"2022/10/20 17:25:00",DUNDWF1,74.11
D,DISPATCH,UNIT_SCADA,1,"2022/10/20 17:25:00",DUNDWF2,19.11
D,DISPATCH,UNIT_SCADA,1,"2022/10/20 17:25:00",DUNDWF3,78.74
D,DISPATCH,UNIT_SCADA,1,"2022/10/20 17:25:00",EILDON1,60.04
D,DISPATCH,UNIT_SCADA,1,"2022/10/20 17:25:00",EILDON2,60.08
D,DISPATCH,UNIT_SCADA,1,"2022/10/20 17:25:00",ELAINWF1,16.57
D,DISPATCH,UNIT_SCADA,1,"2022/10/20 17:25:00",EMERASF1,0
D,DISPATCH,UNIT_SCADA,1,"2022/10/20 17:25:00",ER01,0
D,DISPATCH,UNIT_SCADA,1,"2022/10/20 17:25:00",ER02,624.606690
D,DISPATCH,UNIT_SCADA,1,"2022/10/20 17:25:00",ER03,639.523930
D,DISPATCH,UNIT_SCADA,1,"2022/10/20 17:25:00",ER04,688.352780
D,DISPATCH,UNIT_SCADA,1,"2022/10/20 17:25:00",FINLYSF1,31.7174
D,DISPATCH,UNIT_SCADA,1,"2022/10/20 17:25:00",FISHER,43.91
D,DISPATCH,UNIT_SCADA,1,"2022/10/20 17:25:00",GANGARR1,0
D,DISPATCH,UNIT_SCADA,1,"2022/10/20 17:25:00",GANNBG1,0.560780
D,DISPATCH,UNIT_SCADA,1,"2022/10/20 17:25:00",GANNBL1,0
D,DISPATCH,UNIT_SCADA,1,"2022/10/20 17:25:00",GANNSF1,34.30
D,DISPATCH,UNIT_SCADA,1,"2022/10/20 17:25:00",GLRWNSF1,12.74
D,DISPATCH,UNIT_SCADA,1,"2022/10/20 17:25:00",GNNDHSF1,8.744110
D,DISPATCH,UNIT_SCADA,1,"2022/10/20 17:25:00",GOONSF1,4.596020
D,DISPATCH,UNIT_SCADA,1,"2022/10/20 17:25:00",GORDON,273.362460
D,DISPATCH,UNIT_SCADA,1,"2022/10/20 17:25:00",GRANWF1,0
D,DISPATCH,UNIT_SCADA,1,"2022/10/20 17:25:00",GSTONE1,207.55
D,DISPATCH,UNIT_SCADA,1,"2022/10/20 17:25:00",GSTONE2,0
D,DISPATCH,UNIT_SCADA,1,"2022/10/20 17:25:00",GSTONE3,199.849990
D,DISPATCH,UNIT_SCADA,1,"2022/10/20 17:25:00",GSTONE4,0
D,DISPATCH,UNIT_SCADA,1,"2022/10/20 17:25:00",GSTONE5,207.724990
D,DISPATCH,UNIT_SCADA,1,"2022/10/20 17:25:00",GSTONE6,207.724990
D,DISPATCH,UNIT_SCADA,1,"2022/10/20 17:25:00",GULLRSF1,0.334990
D,DISPATCH,UNIT_SCADA,1,"2022/10/20 17:25:00",GULLRWF1,104.033420
D,DISPATCH,UNIT_SCADA,1,"2022/10/20 17:25:00",GULLRWF2,103.823840
D,DISPATCH,UNIT_SCADA,1,"2022/10/20 17:25:00",GUNNING1,0
D,DISPATCH,UNIT_SCADA,1,"2022/10/20 17:25:00",GUTHEGA,68.100010
D,DISPATCH,UNIT_SCADA,1,"2022/10/20 17:25:00",HALLWF1,1.54
D,DISPATCH,UNIT_SCADA,1,"2022/10/20 17:25:00",HALLWF2,0
D,DISPATCH,UNIT_SCADA,1,"2022/10/20 17:25:00",HAMISF1,0
D,DISPATCH,UNIT_SCADA,1,"2022/10/20 17:25:00",HAUGHT11,0
D,DISPATCH,UNIT_SCADA,1,"2022/10/20 17:25:00",HAYMSF1,0
D,DISPATCH,UNIT_SCADA,1,"2022/10/20 17:25:00",HDWF1,19.90
D,DISPATCH,UNIT_SCADA,1,"2022/10/20 17:25:00",HDWF2,21.80
D,DISPATCH,UNIT_SCADA,1,"2022/10/20 17:25:00",HDWF3,24.10
D,DISPATCH,UNIT_SCADA,1,"2022/10/20 17:25:00",HILLSTN1,0
D,DISPATCH,UNIT_SCADA,1,"2022/10/20 17:25:00",HPRG1,9.10
D,DISPATCH,UNIT_SCADA,1,"2022/10/20 17:25:00",HPRL1,0
D,DISPATCH,UNIT_SCADA,1,"2022/10/20 17:25:00",HUMENSW,54.139920
D,DISPATCH,UNIT_SCADA,1,"2022/10/20 17:25:00",HUMEV,0
D,DISPATCH,UNIT_SCADA,1,"2022/10/20 17:25:00",HVWWBA1G,0
D,DISPATCH,UNIT_SCADA,1,"2022/10/20 17:25:00",HVWWBA1L,0.0070
D,DISPATCH,UNIT_SCADA,1,"2022/10/20 17:25:00",HVWWPV1,4.0690
D,DISPATCH,UNIT_SCADA,1,"2022/10/20 17:25:00",JBUTTERS,0
D,DISPATCH,UNIT_SCADA,1,"2022/10/20 17:25:00",JEMALNG1,4.03
D,DISPATCH,UNIT_SCADA,1,"2022/10/20 17:25:00",JLA01,0
D,DISPATCH,UNIT_SCADA,1,"2022/10/20 17:25:00",JLA02,0
D,DISPATCH,UNIT_SCADA,1,"2022/10/20 17:25:00",JLA03,0
D,DISPATCH,UNIT_SCADA,1,"2022/10/20 17:25:00",JLA04,0
D,DISPATCH,UNIT_SCADA,1,"2022/10/20 17:25:00",JLB01,0
D,DISPATCH,UNIT_SCADA,1,"2022/10/20 17:25:00",JLB02,0.10
D,DISPATCH,UNIT_SCADA,1,"2022/10/20 17:25:00",JLB03,0
D,DISPATCH,UNIT_SCADA,1,"2022/10/20 17:25:00",JUNEESF1,1.851010
D,DISPATCH,UNIT_SCADA,1,"2022/10/20 17:25:00",KABANWF1,2.1140
D,DISPATCH,UNIT_SCADA,1,"2022/10/20 17:25:00",KAREEYA1,18.0950
D,DISPATCH,UNIT_SCADA,1,"2022/10/20 17:25:00",KAREEYA2,0
D,DISPATCH,UNIT_SCADA,1,"2022/10/20 17:25:00",KAREEYA3,21.6625
D,DISPATCH,UNIT_SCADA,1,"2022/10/20 17:25:00",KAREEYA4,0
D,DISPATCH,UNIT_SCADA,1,"2022/10/20 17:25:00",KARSF1,8.80
D,DISPATCH,UNIT_SCADA,1,"2022/10/20 17:25:00",KEPSF1,0.02
D,DISPATCH,UNIT_SCADA,1,"2022/10/20 17:25:00",KEPWF1,17.71
D,DISPATCH,UNIT_SCADA,1,"2022/10/20 17:25:00",KIAMSF1,10.166320
D,DISPATCH,UNIT_SCADA,1,"2022/10/20 17:25:00",KIATAWF1,9.20
D,DISPATCH,UNIT_SCADA,1,"2022/10/20 17:25:00",KPP_1,0
D,DISPATCH,UNIT_SCADA,1,"2022/10/20 17:25:00",KSP1,0.02
D,DISPATCH,UNIT_SCADA,1,"2022/10/20 17:25:00",LADBROK1,0.01
D,DISPATCH,UNIT_SCADA,1,"2022/10/20 17:25:00",LADBROK2,0.02
D,DISPATCH,UNIT_SCADA,1,"2022/10/20 17:25:00",LBBG1,1.65
D,DISPATCH,UNIT_SCADA,1,"2022/10/20 17:25:00",LBBL1,0
D,DISPATCH,UNIT_SCADA,1,"2022/10/20 17:25:00",LD01,382.006290
D,DISPATCH,UNIT_SCADA,1,"2022/10/20 17:25:00",LD02,30.689410
D,DISPATCH,UNIT_SCADA,1,"2022/10/20 17:25:00",LD04,318.247010
D,DISPATCH,UNIT_SCADA,1,"2022/10/20 17:25:00",LEM_WIL,87.051870
D,DISPATCH,UNIT_SCADA,1,"2022/10/20 17:25:00",LGAPWF1,68.76
D,DISPATCH,UNIT_SCADA,1,"2022/10/20 17:25:00",LGAPWF2,60.75
D,DISPATCH,UNIT_SCADA,1,"2022/10/20 17:25:00",LILYSF1,2.310140
D,DISPATCH,UNIT_SCADA,1,"2022/10/20 17:25:00",LIMOSF11,20.227510
D,DISPATCH,UNIT_SCADA,1,"2022/10/20 17:25:00",LIMOSF21,2.261230
D,DISPATCH,UNIT_SCADA,1,"2022/10/20 17:25:00",LI_WY_CA,63.177670
D,DISPATCH,UNIT_SCADA,1,"2022/10/20 17:25:00",LKBONNY1,6.6089
D,DISPATCH,UNIT_SCADA,1,"2022/10/20 17:25:00",LKBONNY2,18.135530
D,DISPATCH,UNIT_SCADA,1,"2022/10/20 17:25:00",LKBONNY3,2.567820
D,DISPATCH,UNIT_SCADA,1,"2022/10/20 17:25:00",LK_ECHO,0
D,DISPATCH,UNIT_SCADA,1,"2022/10/20 17:25:00",LNGS1,0
D,DISPATCH,UNIT_SCADA,1,"2022/10/20 17:25:00",LNGS2,0
D,DISPATCH,UNIT_SCADA,1,"2022/10/20 17:25:00",LONSDALE,0
D,DISPATCH,UNIT_SCADA,1,"2022/10/20 17:25:00",LOYYB1,578.946840
D,DISPATCH,UNIT_SCADA,1,"2022/10/20 17:25:00",LOYYB2,575.187320
D,DISPATCH,UNIT_SCADA,1,"2022/10/20 17:25:00",LYA1,562
D,DISPATCH,UNIT_SCADA,1,"2022/10/20 17:25:00",LYA2,0
D,DISPATCH,UNIT_SCADA,1,"2022/10/20 17:25:00",LYA3,563
D,DISPATCH,UNIT_SCADA,1,"2022/10/20 17:25:00",LYA4,563
D,DISPATCH,UNIT_SCADA,1,"2022/10/20 17:25:00",MACARTH1,58.398650
D,DISPATCH,UNIT_SCADA,1,"2022/10/20 17:25:00",MACKNTSH,25.15
D,DISPATCH,UNIT_SCADA,1,"2022/10/20 17:25:00",MANSLR1,1.7970
D,DISPATCH,UNIT_SCADA,1,"2022/10/20 17:25:00",MAPS2PV1,0
D,DISPATCH,UNIT_SCADA,1,"2022/10/20 17:25:00",MAPS3PV1,0
D,DISPATCH,UNIT_SCADA,1,"2022/10/20 17:25:00",MARYRSF1,0.79
D,DISPATCH,UNIT_SCADA,1,"2022/10/20 17:25:00",MBPS2PV1,0
D,DISPATCH,UNIT_SCADA,1,"2022/10/20 17:25:00",MCKAY1,222.2150
D,DISPATCH,UNIT_SCADA,1,"2022/10/20 17:25:00",MEADOWBK,5.973220
D,DISPATCH,UNIT_SCADA,1,"2022/10/20 17:25:00",MERCER01,23.50
D,DISPATCH,UNIT_SCADA,1,"2022/10/20 17:25:00",METZSF1,15.406160
D,DISPATCH,UNIT_SCADA,1,"2022/10/20 17:25:00",MEWF1,0
D,DISPATCH,UNIT_SCADA,1,"2022/10/20 17:25:00",MIDDLSF1,0.59
D,DISPATCH,UNIT_SCADA,1,"2022/10/20 17:25:00",MINTARO,0.128180
D,DISPATCH,UNIT_SCADA,1,"2022/10/20 17:25:00",MOLNGSF1,2.276650
D,DISPATCH,UNIT_SCADA,1,"2022/10/20 17:25:00",MOORAWF1,31.31
D,DISPATCH,UNIT_SCADA,1,"2022/10/20 17:25:00",MOREESF1,0.2660
D,DISPATCH,UNIT_SCADA,1,"2022/10/20 17:25:00",MORTLK11,0
D,DISPATCH,UNIT_SCADA,1,"2022/10/20 17:25:00",MORTLK12,0
D,DISPATCH,UNIT_SCADA,1,"2022/10/20 17:25:00",MOUSF1,0
D,DISPATCH,UNIT_SCADA,1,"2022/10/20 17:25:00",MP1,0
D,DISPATCH,UNIT_SCADA,1,"2022/10/20 17:25:00",MP2,616.8429
D,DISPATCH,UNIT_SCADA,1,"2022/10/20 17:25:00",MPP_1,179.601960
D,DISPATCH,UNIT_SCADA,1,"2022/10/20 17:25:00",MPP_2,173.055730
D,DISPATCH,UNIT_SCADA,1,"2022/10/20 17:25:00",MRTLSWF1,0
D,DISPATCH,UNIT_SCADA,1,"2022/10/20 17:25:00",MSTUART1,0
D,DISPATCH,UNIT_SCADA,1,"2022/10/20 17:25:00",MSTUART2,0
D,DISPATCH,UNIT_SCADA,1,"2022/10/20 17:25:00",MSTUART3,0
D,DISPATCH,UNIT_SCADA,1,"2022/10/20 17:25:00",MTGELWF1,61.209450
D,DISPATCH,UNIT_SCADA,1,"2022/10/20 17:25:00",MTMILLAR,12.90
D,DISPATCH,UNIT_SCADA,1,"2022/10/20 17:25:00",MURRAY,8.40
D,DISPATCH,UNIT_SCADA,1,"2022/10/20 17:25:00",MUSSELR1,4.30
D,DISPATCH,UNIT_SCADA,1,"2022/10/20 17:25:00",MUWAWF1,12.39
D,DISPATCH,UNIT_SCADA,1,"2022/10/20 17:25:00",MUWAWF2,14.10
D,DISPATCH,UNIT_SCADA,1,"2022/10/20 17:25:00",MWPS1PV1,0.12
D,DISPATCH,UNIT_SCADA,1,"2022/10/20 17:25:00",MWPS2PV1,3.10
D,DISPATCH,UNIT_SCADA,1,"2022/10/20 17:25:00",MWPS3PV1,0.58
D,DISPATCH,UNIT_SCADA,1,"2022/10/20 17:25:00",MWPS4PV1,4.02
D,DISPATCH,UNIT_SCADA,1,"2022/10/20 17:25:00",NBHWF1,9.30
D,DISPATCH,UNIT_SCADA,1,"2022/10/20 17:25:00",NEVERSF1,1.24
D,DISPATCH,UNIT_SCADA,1,"2022/10/20 17:25:00",NPS,0
D,DISPATCH,UNIT_SCADA,1,"2022/10/20 17:25:00",NUMURSF1,18.26
D,DISPATCH,UNIT_SCADA,1,"2022/10/20 17:25:00",NYNGAN1,8.25
D,DISPATCH,UNIT_SCADA,1,"2022/10/20 17:25:00",OAKEY1,125.786270
D,DISPATCH,UNIT_SCADA,1,"2022/10/20 17:25:00",OAKEY1SF,0.8030
D,DISPATCH,UNIT_SCADA,1,"2022/10/20 17:25:00",OAKEY2,0
D,DISPATCH,UNIT_SCADA,1,"2022/10/20 17:25:00",OAKEY2SF,2.19
D,DISPATCH,UNIT_SCADA,1,"2022/10/20 17:25:00",OAKLAND1,16.40
D,DISPATCH,UNIT_SCADA,1,"2022/10/20 17:25:00",OSB-AG,149.45
D,DISPATCH,UNIT_SCADA,1,"2022/10/20 17:25:00",PAREPS1,0
D,DISPATCH,UNIT_SCADA,1,"2022/10/20 17:25:00",PAREPW1,175.879990
D,DISPATCH,UNIT_SCADA,1,"2022/10/20 17:25:00",PARSF1,3.498890
D,DISPATCH,UNIT_SCADA,1,"2022/10/20 17:25:00",POAT110,3.21
D,DISPATCH,UNIT_SCADA,1,"2022/10/20 17:25:00",POAT220,0
D,DISPATCH,UNIT_SCADA,1,"2022/10/20 17:25:00",POR01,0.008670
D,DISPATCH,UNIT_SCADA,1,"2022/10/20 17:25:00",POR03,0
D,DISPATCH,UNIT_SCADA,1,"2022/10/20 17:25:00",PPCCGT,165.498890
D,DISPATCH,UNIT_SCADA,1,"2022/10/20 17:25:00",PTSTAN1,0
D,DISPATCH,UNIT_SCADA,1,"2022/10/20 17:25:00",PUMP1,0
D,DISPATCH,UNIT_SCADA,1,"2022/10/20 17:25:00",PUMP2,0
D,DISPATCH,UNIT_SCADA,1,"2022/10/20 17:25:00",QBYNBG1,0
D,DISPATCH,UNIT_SCADA,1,"2022/10/20 17:25:00",QBYNBL1,0.0025
D,DISPATCH,UNIT_SCADA,1,"2022/10/20 17:25:00",QPS1,0
D,DISPATCH,UNIT_SCADA,1,"2022/10/20 17:25:00",QPS2,0
D,DISPATCH,UNIT_SCADA,1,"2022/10/20 17:25:00",QPS3,0
D,DISPATCH,UNIT_SCADA,1,"2022/10/20 17:25:00",QPS4,0
D,DISPATCH,UNIT_SCADA,1,"2022/10/20 17:25:00",QPS5,75.90
D,DISPATCH,UNIT_SCADA,1,"2022/10/20 17:25:00",REECE1,45.678520
D,DISPATCH,UNIT_SCADA,1,"2022/10/20 17:25:00",REECE2,35.01
D,DISPATCH,UNIT_SCADA,1,"2022/10/20 17:25:00",ROMA_7,0
D,DISPATCH,UNIT_SCADA,1,"2022/10/20 17:25:00",ROMA_8,0
D,DISPATCH,UNIT_SCADA,1,"2022/10/20 17:25:00",RRSF1,0
D,DISPATCH,UNIT_SCADA,1,"2022/10/20 17:25:00",RT_NSW1,0
D,DISPATCH,UNIT_SCADA,1,"2022/10/20 17:25:00",RT_NSW2,0
D,DISPATCH,UNIT_SCADA,1,"2022/10/20 17:25:00",RT_NSW3,0
D,DISPATCH,UNIT_SCADA,1,"2022/10/20 17:25:00",RT_NSW4,0
D,DISPATCH,UNIT_SCADA,1,"2022/10/20 17:25:00",RT_NSW5,0
D,DISPATCH,UNIT_SCADA,1,"2022/10/20 17:25:00",RT_NSW6,0
D,DISPATCH,UNIT_SCADA,1,"2022/10/20 17:25:00",RT_QLD1,0
D,DISPATCH,UNIT_SCADA,1,"2022/10/20 17:25:00",RT_SA1,0
D,DISPATCH,UNIT_SCADA,1,"2022/10/20 17:25:00",RT_SA2,0
D,DISPATCH,UNIT_SCADA,1,"2022/10/20 17:25:00",RT_SA3,0
D,DISPATCH,UNIT_SCADA,1,"2022/10/20 17:25:00",RT_SA4,0
D,DISPATCH,UNIT_SCADA,1,"2022/10/20 17:25:00",RT_SA5,0
D,DISPATCH,UNIT_SCADA,1,"2022/10/20 17:25:00",RT_SA6,0
D,DISPATCH,UNIT_SCADA,1,"2022/10/20 17:25:00",RT_TAS1,0
D,DISPATCH,UNIT_SCADA,1,"2022/10/20 17:25:00",RT_VIC1,0
D,DISPATCH,UNIT_SCADA,1,"2022/10/20 17:25:00",RT_VIC10,0
D,DISPATCH,UNIT_SCADA,1,"2022/10/20 17:25:00",RT_VIC11,0
D,DISPATCH,UNIT_SCADA,1,"2022/10/20 17:25:00",RT_VIC12,0
D,DISPATCH,UNIT_SCADA,1,"2022/10/20 17:25:00",RT_VIC2,0
D,DISPATCH,UNIT_SCADA,1,"2022/10/20 17:25:00",RT_VIC3,0
D,DISPATCH,UNIT_SCADA,1,"2022/10/20 17:25:00",RT_VIC4,0
D,DISPATCH,UNIT_SCADA,1,"2022/10/20 17:25:00",RT_VIC5,0
D,DISPATCH,UNIT_SCADA,1,"2022/10/20 17:25:00",RT_VIC6,0
D,DISPATCH,UNIT_SCADA,1,"2022/10/20 17:25:00",RT_VIC7,0
D,DISPATCH,UNIT_SCADA,1,"2022/10/20 17:25:00",RT_VIC8,0
D,DISPATCH,UNIT_SCADA,1,"2022/10/20 17:25:00",RT_VIC9,0
D,DISPATCH,UNIT_SCADA,1,"2022/10/20 17:25:00",RUGBYR1,20.512770
D,DISPATCH,UNIT_SCADA,1,"2022/10/20 17:25:00",SALTCRK1,18.55
D,DISPATCH,UNIT_SCADA,1,"2022/10/20 17:25:00",SAPHWF1,102.655070
D,DISPATCH,UNIT_SCADA,1,"2022/10/20 17:25:00",SEBSF1,2.670440
D,DISPATCH,UNIT_SCADA,1,"2022/10/20 17:25:00",SHGEN,78.908030
D,DISPATCH,UNIT_SCADA,1,"2022/10/20 17:25:00",SHPUMP,0
D,DISPATCH,UNIT_SCADA,1,"2022/10/20 17:25:00",SITHE01,0.123710
D,DISPATCH,UNIT_SCADA,1,"2022/10/20 17:25:00",SMCSF1,8.1030
D,DISPATCH,UNIT_SCADA,1,"2022/10/20 17:25:00",SNAPPER1,0
D,DISPATCH,UNIT_SCADA,1,"2022/10/20 17:25:00",SNOWNTH1,23.80
D,DISPATCH,UNIT_SCADA,1,"2022/10/20 17:25:00",SNOWSTH1,14.10
D,DISPATCH,UNIT_SCADA,1,"2022/10/20 17:25:00",SNOWTWN1,11.575820
D,DISPATCH,UNIT_SCADA,1,"2022/10/20 17:25:00",SNOWYP,0
D,DISPATCH,UNIT_SCADA,1,"2022/10/20 17:25:00",SNUG1,0
D,DISPATCH,UNIT_SCADA,1,"2022/10/20 17:25:00",SRSF1,1.31
D,DISPATCH,UNIT_SCADA,1,"2022/10/20 17:25:00",STAN-1,285.439580
D,DISPATCH,UNIT_SCADA,1,"2022/10/20 17:25:00",STAN-2,363.435910
D,DISPATCH,UNIT_SCADA,1,"2022/10/20 17:25:00",STAN-3,340.786830
D,DISPATCH,UNIT_SCADA,1,"2022/10/20 17:25:00",STAN-4,365.627750
D,DISPATCH,UNIT_SCADA,1,"2022/10/20 17:25:00",STARHLWF,18.694550
D,DISPATCH,UNIT_SCADA,1,"2022/10/20 17:25:00",STOCKYD1,222.14
D,DISPATCH,UNIT_SCADA,1,"2022/10/20 17:25:00",STWF1,8.289310
D,DISPATCH,UNIT_SCADA,1,"2022/10/20 17:25:00",SUNRSF1,8.674750
D,DISPATCH,UNIT_SCADA,1,"2022/10/20 17:25:00",SUNTPSF1,19.264820
D,DISPATCH,UNIT_SCADA,1,"2022/10/20 17:25:00",SWAN_E,345.5350
D,DISPATCH,UNIT_SCADA,1,"2022/10/20 17:25:00",TALWA1,0
D,DISPATCH,UNIT_SCADA,1,"2022/10/20 17:25:00",TARALGA1,0
D,DISPATCH,UNIT_SCADA,1,"2022/10/20 17:25:00",TARONG#1,349.100010
D,DISPATCH,UNIT_SCADA,1,"2022/10/20 17:25:00",TARONG#2,350
D,DISPATCH,UNIT_SCADA,1,"2022/10/20 17:25:00",TARONG#3,0.90
D,DISPATCH,UNIT_SCADA,1,"2022/10/20 17:25:00",TARONG#4,247.30
D,DISPATCH,UNIT_SCADA,1,"2022/10/20 17:25:00",TARRALEA,54
D,DISPATCH,UNIT_SCADA,1,"2022/10/20 17:25:00",TBSF1,10.30
D,DISPATCH,UNIT_SCADA,1,"2022/10/20 17:25:00",TNPS1,422.50
D,DISPATCH,UNIT_SCADA,1,"2022/10/20 17:25:00",TORRB1,0
D,DISPATCH,UNIT_SCADA,1,"2022/10/20 17:25:00",TORRB2,62
D,DISPATCH,UNIT_SCADA,1,"2022/10/20 17:25:00",TORRB3,0
D,DISPATCH,UNIT_SCADA,1,"2022/10/20 17:25:00",TORRB4,0
D,DISPATCH,UNIT_SCADA,1,"2022/10/20 17:25:00",TREVALLN,99.517360
D,DISPATCH,UNIT_SCADA,1,"2022/10/20 17:25:00",TRIBUTE,0
D,DISPATCH,UNIT_SCADA,1,"2022/10/20 17:25:00",TUMUT3,296.570010
D,DISPATCH,UNIT_SCADA,1,"2022/10/20 17:25:00",TUNGATIN,3.800020
D,DISPATCH,UNIT_SCADA,1,"2022/10/20 17:25:00",TVCC201,0
D,DISPATCH,UNIT_SCADA,1,"2022/10/20 17:25:00",TVPP104,57.924240
D,DISPATCH,UNIT_SCADA,1,"2022/10/20 17:25:00",UPPTUMUT,121.339840
D,DISPATCH,UNIT_SCADA,1,"2022/10/20 17:25:00",URANQ11,0
D,DISPATCH,UNIT_SCADA,1,"2022/10/20 17:25:00",URANQ12,0
D,DISPATCH,UNIT_SCADA,1,"2022/10/20 17:25:00",URANQ13,0
D,DISPATCH,UNIT_SCADA,1,"2022/10/20 17:25:00",URANQ14,78.117030
D,DISPATCH,UNIT_SCADA,1,"2022/10/20 17:25:00",VBBG1,3.60
D,DISPATCH,UNIT_SCADA,1,"2022/10/20 17:25:00",VBBL1,0
D,DISPATCH,UNIT_SCADA,1,"2022/10/20 17:25:00",VP5,591.595210
D,DISPATCH,UNIT_SCADA,1,"2022/10/20 17:25:00",VP6,599.725340
D,DISPATCH,UNIT_SCADA,1,"2022/10/20 17:25:00",VPGS1,0
D,DISPATCH,UNIT_SCADA,1,"2022/10/20 17:25:00",VPGS2,0
D,DISPATCH,UNIT_SCADA,1,"2022/10/20 17:25:00",VPGS3,0
D,DISPATCH,UNIT_SCADA,1,"2022/10/20 17:25:00",VPGS4,0
D,DISPATCH,UNIT_SCADA,1,"2022/10/20 17:25:00",VPGS5,0
D,DISPATCH,UNIT_SCADA,1,"2022/10/20 17:25:00",VPGS6,0
D,DISPATCH,UNIT_SCADA,1,"2022/10/20 17:25:00",W/HOE#1,161.899990
D,DISPATCH,UNIT_SCADA,1,"2022/10/20 17:25:00",W/HOE#2,0
D,DISPATCH,UNIT_SCADA,1,"2022/10/20 17:25:00",WAGGNSF1,0
D,DISPATCH,UNIT_SCADA,1,"2022/10/20 17:25:00",WALGRVG1,0
D,DISPATCH,UNIT_SCADA,1,"2022/10/20 17:25:00",WALGRVL1,0.051190
D,DISPATCH,UNIT_SCADA,1,"2022/10/20 17:25:00",WANDBG1,0.449730
D,DISPATCH,UNIT_SCADA,1,"2022/10/20 17:25:00",WANDBL1,0
D,DISPATCH,UNIT_SCADA,1,"2022/10/20 17:25:00",WARWSF1,1.04
D,DISPATCH,UNIT_SCADA,1,"2022/10/20 17:25:00",WARWSF2,1.27
D,DISPATCH,UNIT_SCADA,1,"2022/10/20 17:25:00",WATERLWF,0
D,DISPATCH,UNIT_SCADA,1,"2022/10/20 17:25:00",WDGPH1,0
D,DISPATCH,UNIT_SCADA,1,"2022/10/20 17:25:00",WELLSF1,16.226440
D,DISPATCH,UNIT_SCADA,1,"2022/10/20 17:25:00",WEMENSF1,10.80
D,DISPATCH,UNIT_SCADA,1,"2022/10/20 17:25:00",WGWF1,6.30
D,DISPATCH,UNIT_SCADA,1,"2022/10/20 17:25:00",WHITSF1,0
D,DISPATCH,UNIT_SCADA,1,"2022/10/20 17:25:00",WINTSF1,9.81
D,DISPATCH,UNIT_SCADA,1,"2022/10/20 17:25:00",WKIEWA1,34.30
D,DISPATCH,UNIT_SCADA,1,"2022/10/20 17:25:00",WKIEWA2,34.20
D,DISPATCH,UNIT_SCADA,1,"2022/10/20 17:25:00",WOODLWN1,37.112380
D,DISPATCH,UNIT_SCADA,1,"2022/10/20 17:25:00",WOOLGSF1,0.898690
D,DISPATCH,UNIT_SCADA,1,"2022/10/20 17:25:00",WPWF,37.58
D,DISPATCH,UNIT_SCADA,1,"2022/10/20 17:25:00",WRSF1,0.760520
D,DISPATCH,UNIT_SCADA,1,"2022/10/20 17:25:00",WRWF1,61.407790
D,DISPATCH,UNIT_SCADA,1,"2022/10/20 17:25:00",WSTWYSF1,0.487020
D,DISPATCH,UNIT_SCADA,1,"2022/10/20 17:25:00",YABULU,153.360020
D,DISPATCH,UNIT_SCADA,1,"2022/10/20 17:25:00",YABULU2,0
D,DISPATCH,UNIT_SCADA,1,"2022/10/20 17:25:00",YARANSF1,3.89
D,DISPATCH,UNIT_SCADA,1,"2022/10/20 17:25:00",YARWUN_1,160.81
D,DISPATCH,UNIT_SCADA,1,"2022/10/20 17:25:00",YATSF1,12.78
D,DISPATCH,UNIT_SCADA,1,"2022/10/20 17:25:00",YENDWF1,23.36
D,DISPATCH,UNIT_SCADA,1,"2022/10/20 17:25:00",YWPS1,354.134190
D,DISPATCH,UNIT_SCADA,1,"2022/10/20 17:25:00",YWPS2,291.225310
D,DISPATCH,UNIT_SCADA,1,"2022/10/20 17:25:00",YWPS3,360.799990
D,DISPATCH,UNIT_SCADA,1,"2022/10/20 17:25:00",YWPS4,0
C,"END OF REPORT",419
