C,NEMP.WORLD,DISPATCHSCADA,AEMO,PUBLIC,2022/10/20,19:40:10,0000000373276882,DISPATCHSCADA,0000000373276876
I,DISPATCH,UNIT_SCADA,1,SETTLEMENTDATE,DUID,SCADAVALUE
D,DISPATCH,UNIT_SCADA,1,"2022/10/20 19:45:00",BARCSF1,0.10
D,DISPATCH,UNIT_SCADA,1,"2022/10/20 19:45:00",BUTLERSG,8.699999
D,DISPATCH,UNIT_SCADA,1,"2022/10/20 19:45:00",CAPTL_WF,103.677368
D,DISPATCH,UNIT_SCADA,1,"2022/10/20 19:45:00",CHALLHWF,10.299999
D,DISPATCH,UNIT_SCADA,1,"2022/10/20 19:45:00",CLOVER,13.17
D,DISPATCH,UNIT_SCADA,1,"2022/10/20 19:45:00",CLUNY,6.424811
D,DISPATCH,UNIT_SCADA,1,"2022/10/20 19:45:00",CULLRGWF,-0.05
D,DISPATCH,UNIT_SCADA,1,"2022/10/20 19:45:00",DIAPURWF1,0.60
D,DISPATCH,UNIT_SCADA,1,"2022/10/20 19:45:00",ERGT01,0
D,DISPATCH,UNIT_SCADA,1,"2022/10/20 19:45:00",GB01,0
D,DISPATCH,UNIT_SCADA,1,"2022/10/20 19:45:00",GERMCRK,21.700001
D,DISPATCH,UNIT_SCADA,1,"2022/10/20 19:45:00",GRIFSF1,0.001526
D,DISPATCH,UNIT_SCADA,1,"2022/10/20 19:45:00",HEZ1,0
D,DISPATCH,UNIT_SCADA,1,"2022/10/20 19:45:00",HUGSF1,-0.0420
D,DISPATCH,UNIT_SCADA,1,"2022/10/20 19:45:00",KEPBG1,0
D,DISPATCH,UNIT_SCADA,1,"2022/10/20 19:45:00",LRSF1,0.0110
D,DISPATCH,UNIT_SCADA,1,"2022/10/20 19:45:00",MBAHNTH,43.912506
D,DISPATCH,UNIT_SCADA,1,"2022/10/20 19:45:00",MLSP1,0
D,DISPATCH,UNIT_SCADA,1,"2022/10/20 19:45:00",MLWF1,5.28
D,DISPATCH,UNIT_SCADA,1,"2022/10/20 19:45:00",PALOONA,30.789999
D,DISPATCH,UNIT_SCADA,1,"2022/10/20 19:45:00",PIONEER,22.50
D,DISPATCH,UNIT_SCADA,1,"2022/10/20 19:45:00",PORTWF,45.700001
D,DISPATCH,UNIT_SCADA,1,"2022/10/20 19:45:00",REPULSE,9.600367
D,DISPATCH,UNIT_SCADA,1,"2022/10/20 19:45:00",ROWALLAN,8.7614
D,DISPATCH,UNIT_SCADA,1,"2022/10/20 19:45:00",ROYALLA1,0
D,DISPATCH,UNIT_SCADA,1,"2022/10/20 19:45:00",RPCG,-0.50
D,DISPATCH,UNIT_SCADA,1,"2022/10/20 19:45:00",RUBICON,0
D,DISPATCH,UNIT_SCADA,1,"2022/10/20 19:45:00",WAUBRAWF,77.242996
D,DISPATCH,UNIT_SCADA,1,"2022/10/20 19:45:00",WOOLNTH1,85.019997
D,DISPATCH,UNIT_SCADA,1,"2022/10/20 19:45:00",YAMBUKWF,6.70
D,DISPATCH,UNIT_SCADA,1,"2022/10/20 19:45:00",YSWF1,1.80
D,DISPATCH,UNIT_SCADA,1,"2022/10/20 19:45:00",ADPBA1G,0.0080
D,DISPATCH,UNIT_SCADA,1,"2022/10/20 19:45:00",ADPBA1L,0
D,DISPATCH,UNIT_SCADA,1,"2022/10/20 19:45:00",ADPPV1,0
D,DISPATCH,UNIT_SCADA,1,"2022/10/20 19:45:00",AGLHAL,30.915260
D,DISPATCH,UNIT_SCADA,1,"2022/10/20 19:45:00",AGLSOM,0
D,DISPATCH,UNIT_SCADA,1,"2022/10/20 19:45:00",ANGAST1,0
D,DISPATCH,UNIT_SCADA,1,"2022/10/20 19:45:00",ARWF1,17.70
D,DISPATCH,UNIT_SCADA,1,"2022/10/20 19:45:00",BALBG1,0
D,DISPATCH,UNIT_SCADA,1,"2022/10/20 19:45:00",BALBL1,0
D,DISPATCH,UNIT_SCADA,1,"2022/10/20 19:45:00",BALDHWF1,105.044010
D,DISPATCH,UNIT_SCADA,1,"2022/10/20 19:45:00",BANGOWF1,87.996950
D,DISPATCH,UNIT_SCADA,1,"2022/10/20 19:45:00",BANGOWF2,67.399480
D,DISPATCH,UNIT_SCADA,1,"2022/10/20 19:45:00",BANN1,0
D,DISPATCH,UNIT_SCADA,1,"2022/10/20 19:45:00",BARCALDN,0
D,DISPATCH,UNIT_SCADA,1,"2022/10/20 19:45:00",BARKIPS1,189.179990
D,DISPATCH,UNIT_SCADA,1,"2022/10/20 19:45:00",BARRON-1,27.84
D,DISPATCH,UNIT_SCADA,1,"2022/10/20 19:45:00",BARRON-2,10.44
D,DISPATCH,UNIT_SCADA,1,"2022/10/20 19:45:00",BASTYAN,69.430010
D,DISPATCH,UNIT_SCADA,1,"2022/10/20 19:45:00",BBTHREE1,0
D,DISPATCH,UNIT_SCADA,1,"2022/10/20 19:45:00",BBTHREE2,0
D,DISPATCH,UNIT_SCADA,1,"2022/10/20 19:45:00",BBTHREE3,-1.07
D,DISPATCH,UNIT_SCADA,1,"2022/10/20 19:45:00",BDL01,0
D,DISPATCH,UNIT_SCADA,1,"2022/10/20 19:45:00",BDL02,0
D,DISPATCH,UNIT_SCADA,1,"2022/10/20 19:45:00",BERYLSF1,0
D,DISPATCH,UNIT_SCADA,1,"2022/10/20 19:45:00",BLOWERNG,62.60
D,DISPATCH,UNIT_SCADA,1,"2022/10/20 19:45:00",BLUEGSF1,0
D,DISPATCH,UNIT_SCADA,1,"2022/10/20 19:45:00",BLUFF1,1.10
D,DISPATCH,UNIT_SCADA,1,"2022/10/20 19:45:00",BNGSF1,0
D,DISPATCH,UNIT_SCADA,1,"2022/10/20 19:45:00",BNGSF2,0
D,DISPATCH,UNIT_SCADA,1,"2022/10/20 19:45:00",BOCORWF1,20.35
D,DISPATCH,UNIT_SCADA,1,"2022/10/20 19:45:00",BODWF1,108.852280
D,DISPATCH,UNIT_SCADA,1,"2022/10/20 19:45:00",BOMENSF1,0
D,DISPATCH,UNIT_SCADA,1,"2022/10/20 19:45:00",BOWWBA1G,0.0010
D,DISPATCH,UNIT_SCADA,1,"2022/10/20 19:45:00",BOWWBA1L,0
D,DISPATCH,UNIT_SCADA,1,"2022/10/20 19:45:00",BOWWPV1,0
D,DISPATCH,UNIT_SCADA,1,"2022/10/20 19:45:00",BRAEMAR1,0
D,DISPATCH,UNIT_SCADA,1,"2022/10/20 19:45:00",BRAEMAR2,0
D,DISPATCH,UNIT_SCADA,1,"2022/10/20 19:45:00",BRAEMAR3,0
D,DISPATCH,UNIT_SCADA,1,"2022/10/20 19:45:00",BRAEMAR5,144.891480
D,DISPATCH,UNIT_SCADA,1,"2022/10/20 19:45:00",BRAEMAR6,0
D,DISPATCH,UNIT_SCADA,1,"2022/10/20 19:45:00",BRAEMAR7,153.663310
D,DISPATCH,UNIT_SCADA,1,"2022/10/20 19:45:00",BROKENH1,0
D,DISPATCH,UNIT_SCADA,1,"2022/10/20 19:45:00",BRYB1WF1,101.835660
D,DISPATCH,UNIT_SCADA,1,"2022/10/20 19:45:00",BULBESG1,0
D,DISPATCH,UNIT_SCADA,1,"2022/10/20 19:45:00",BULBESL1,0.03
D,DISPATCH,UNIT_SCADA,1,"2022/10/20 19:45:00",BULGANA1,44.78
D,DISPATCH,UNIT_SCADA,1,"2022/10/20 19:45:00",BW01,658.176570
D,DISPATCH,UNIT_SCADA,1,"2022/10/20 19:45:00",BW02,639.3042
D,DISPATCH,UNIT_SCADA,1,"2022/10/20 19:45:00",BW03,613.327210
D,DISPATCH,UNIT_SCADA,1,"2022/10/20 19:45:00",BW04,0
D,DISPATCH,UNIT_SCADA,1,"2022/10/20 19:45:00",CALL_B_1,320.399990
D,DISPATCH,UNIT_SCADA,1,"2022/10/20 19:45:00",CALL_B_2,320.200010
D,DISPATCH,UNIT_SCADA,1,"2022/10/20 19:45:00",CATHROCK,3.90
D,DISPATCH,UNIT_SCADA,1,"2022/10/20 19:45:00",CBWWBA1G,0
D,DISPATCH,UNIT_SCADA,1,"2022/10/20 19:45:00",CBWWBA1L,0
D,DISPATCH,UNIT_SCADA,1,"2022/10/20 19:45:00",CETHANA,97.286380
D,DISPATCH,UNIT_SCADA,1,"2022/10/20 19:45:00",CG1,0
D,DISPATCH,UNIT_SCADA,1,"2022/10/20 19:45:00",CG2,0
D,DISPATCH,UNIT_SCADA,1,"2022/10/20 19:45:00",CG3,0
D,DISPATCH,UNIT_SCADA,1,"2022/10/20 19:45:00",CG4,0
D,DISPATCH,UNIT_SCADA,1,"2022/10/20 19:45:00",CHILDSF1,0
D,DISPATCH,UNIT_SCADA,1,"2022/10/20 19:45:00",CHYTWF1,6.80
D,DISPATCH,UNIT_SCADA,1,"2022/10/20 19:45:00",CLARESF1,0
D,DISPATCH,UNIT_SCADA,1,"2022/10/20 19:45:00",CLEMGPWF,1.872910
D,DISPATCH,UNIT_SCADA,1,"2022/10/20 19:45:00",CLERMSF1,0
D,DISPATCH,UNIT_SCADA,1,"2022/10/20 19:45:00",CNUNDAWF,15.5181
D,DISPATCH,UNIT_SCADA,1,"2022/10/20 19:45:00",COHUNSF1,0
D,DISPATCH,UNIT_SCADA,1,"2022/10/20 19:45:00",COLEASF1,0
D,DISPATCH,UNIT_SCADA,1,"2022/10/20 19:45:00",COLUMSF1,0
D,DISPATCH,UNIT_SCADA,1,"2022/10/20 19:45:00",COLWF01,104.132140
D,DISPATCH,UNIT_SCADA,1,"2022/10/20 19:45:00",COOPGWF1,293.459990
D,DISPATCH,UNIT_SCADA,1,"2022/10/20 19:45:00",CPP_3,370.149990
D,DISPATCH,UNIT_SCADA,1,"2022/10/20 19:45:00",CPP_4,0
D,DISPATCH,UNIT_SCADA,1,"2022/10/20 19:45:00",CPSA,0
D,DISPATCH,UNIT_SCADA,1,"2022/10/20 19:45:00",CROOKWF2,34.145420
D,DISPATCH,UNIT_SCADA,1,"2022/10/20 19:45:00",CROWLWF1,38.328320
D,DISPATCH,UNIT_SCADA,1,"2022/10/20 19:45:00",CRURWF1,67.498510
D,DISPATCH,UNIT_SCADA,1,"2022/10/20 19:45:00",CRWASF1,0
D,DISPATCH,UNIT_SCADA,1,"2022/10/20 19:45:00",CSPVPS1,0
D,DISPATCH,UNIT_SCADA,1,"2022/10/20 19:45:00",CTHLWF1,0.003050
D,DISPATCH,UNIT_SCADA,1,"2022/10/20 19:45:00",DALNTH01,0
D,DISPATCH,UNIT_SCADA,1,"2022/10/20 19:45:00",DALNTHL1,0.105290
D,DISPATCH,UNIT_SCADA,1,"2022/10/20 19:45:00",DARLSF1,0
D,DISPATCH,UNIT_SCADA,1,"2022/10/20 19:45:00",DARTM1,0
D,DISPATCH,UNIT_SCADA,1,"2022/10/20 19:45:00",DAYDSF1,0
D,DISPATCH,UNIT_SCADA,1,"2022/10/20 19:45:00",DDPS1,0
D,DISPATCH,UNIT_SCADA,1,"2022/10/20 19:45:00",DDSF1,0
D,DISPATCH,UNIT_SCADA,1,"2022/10/20 19:45:00",DEVILS_G,59.677110
D,DISPATCH,UNIT_SCADA,1,"2022/10/20 19:45:00",DG_NSW1,0
D,DISPATCH,UNIT_SCADA,1,"2022/10/20 19:45:00",DG_QLD1,0
D,DISPATCH,UNIT_SCADA,1,"2022/10/20 19:45:00",DG_SA1,0
D,DISPATCH,UNIT_SCADA,1,"2022/10/20 19:45:00",DG_TAS1,0
D,DISPATCH,UNIT_SCADA,1,"2022/10/20 19:45:00",DG_VIC1,0
D,DISPATCH,UNIT_SCADA,1,"2022/10/20 19:45:00",DRYCGT1,0
D,DISPATCH,UNIT_SCADA,1,"2022/10/20 19:45:00",DRYCGT2,0
D,DISPATCH,UNIT_SCADA,1,"2022/10/20 19:45:00",DRYCGT3,0
D,DISPATCH,UNIT_SCADA,1,"2022/10/20 19:45:00",DUNDWF1,85.65
D,DISPATCH,UNIT_SCADA,1,"2022/10/20 19:45:00",DUNDWF2,21.48
D,DISPATCH,UNIT_SCADA,1,"2022/10/20 19:45:00",DUNDWF3,87.14
D,DISPATCH,UNIT_SCADA,1,"2022/10/20 19:45:00",EILDON1,59.88
D,DISPATCH,UNIT_SCADA,1,"2022/10/20 19:45:00",EILDON2,60.12
D,DISPATCH,UNIT_SCADA,1,"2022/10/20 19:45:00",ELAINWF1,11.50
D,DISPATCH,UNIT_SCADA,1,"2022/10/20 19:45:00",EMERASF1,0
D,DISPATCH,UNIT_SCADA,1,"2022/10/20 19:45:00",ER01,0
D,DISPATCH,UNIT_SCADA,1,"2022/10/20 19:45:00",ER02,679.978640
D,DISPATCH,UNIT_SCADA,1,"2022/10/20 19:45:00",ER03,639.548340
D,DISPATCH,UNIT_SCADA,1,"2022/10/20 19:45:00",ER04,698.973080
D,DISPATCH,UNIT_SCADA,1,"2022/10/20 19:45:00",FINLYSF1,0
D,DISPATCH,UNIT_SCADA,1,"2022/10/20 19:45:00",FISHER,44
D,DISPATCH,UNIT_SCADA,1,"2022/10/20 19:45:00",GANGARR1,0
D,DISPATCH,UNIT_SCADA,1,"2022/10/20 19:45:00",GANNBG1,20.001590
D,DISPATCH,UNIT_SCADA,1,"2022/10/20 19:45:00",GANNBL1,0
D,DISPATCH,UNIT_SCADA,1,"2022/10/20 19:45:00",GANNSF1,0
D,DISPATCH,UNIT_SCADA,1,"2022/10/20 19:45:00",GLRWNSF1,0
D,DISPATCH,UNIT_SCADA,1,"2022/10/20 19:45:00",GNNDHSF1,0
D,DISPATCH,UNIT_SCADA,1,"2022/10/20 19:45:00",GOONSF1,0
D,DISPATCH,UNIT_SCADA,1,"2022/10/20 19:45:00",GORDON,267.682130
D,DISPATCH,UNIT_SCADA,1,"2022/10/20 19:45:00",GRANWF1,0
D,DISPATCH,UNIT_SCADA,1,"2022/10/20 19:45:00",GSTONE1,208.599990
D,DISPATCH,UNIT_SCADA,1,"2022/10/20 19:45:00",GSTONE2,0
D,DISPATCH,UNIT_SCADA,1,"2022/10/20 19:45:00",GSTONE3,200.20
D,DISPATCH,UNIT_SCADA,1,"2022/10/20 19:45:00",GSTONE4,0
D,DISPATCH,UNIT_SCADA,1,"2022/10/20 19:45:00",GSTONE5,208.599990
D,DISPATCH,UNIT_SCADA,1,"2022/10/20 19:45:00",GSTONE6,208.0750
D,DISPATCH,UNIT_SCADA,1,"2022/10/20 19:45:00",GULLRSF1,0
D,DISPATCH,UNIT_SCADA,1,"2022/10/20 19:45:00",GULLRWF1,75.273850
D,DISPATCH,UNIT_SCADA,1,"2022/10/20 19:45:00",GULLRWF2,76.776080
D,DISPATCH,UNIT_SCADA,1,"2022/10/20 19:45:00",GUNNING1,0
D,DISPATCH,UNIT_SCADA,1,"2022/10/20 19:45:00",GUTHEGA,67.70
D,DISPATCH,UNIT_SCADA,1,"2022/10/20 19:45:00",HALLWF1,7.01
D,DISPATCH,UNIT_SCADA,1,"2022/10/20 19:45:00",HALLWF2,1.42
D,DISPATCH,UNIT_SCADA,1,"2022/10/20 19:45:00",HAMISF1,0
D,DISPATCH,UNIT_SCADA,1,"2022/10/20 19:45:00",HAUGHT11,0
D,DISPATCH,UNIT_SCADA,1,"2022/10/20 19:45:00",HAYMSF1,0
D,DISPATCH,UNIT_SCADA,1,"2022/10/20 19:45:00",HDWF1,20.70
D,DISPATCH,UNIT_SCADA,1,"2022/10/20 19:45:00",HDWF2,10.40
D,DISPATCH,UNIT_SCADA,1,"2022/10/20 19:45:00",HDWF3,15.20
D,DISPATCH,UNIT_SCADA,1,"2022/10/20 19:45:00",HILLSTN1,0
D,DISPATCH,UNIT_SCADA,1,"2022/10/20 19:45:00",HPRG1,11
D,DISPATCH,UNIT_SCADA,1,"2022/10/20 19:45:00",HPRL1,0
D,DISPATCH,UNIT_SCADA,1,"2022/10/20 19:45:00",HUMENSW,53.847680
D,DISPATCH,UNIT_SCADA,1,"2022/10/20 19:45:00",HUMEV,0
D,DISPATCH,UNIT_SCADA,1,"2022/10/20 19:45:00",HVWWBA1G,0
D,DISPATCH,UNIT_SCADA,1,"2022/10/20 19:45:00",HVWWBA1L,0.0070
D,DISPATCH,UNIT_SCADA,1,"2022/10/20 19:45:00",HVWWPV1,0
D,DISPATCH,UNIT_SCADA,1,"2022/10/20 19:45:00",JBUTTERS,9.389020
D,DISPATCH,UNIT_SCADA,1,"2022/10/20 19:45:00",JEMALNG1,0
D,DISPATCH,UNIT_SCADA,1,"2022/10/20 19:45:00",JLA01,0
D,DISPATCH,UNIT_SCADA,1,"2022/10/20 19:45:00",JLA02,0
D,DISPATCH,UNIT_SCADA,1,"2022/10/20 19:45:00",JLA03,0
D,DISPATCH,UNIT_SCADA,1,"2022/10/20 19:45:00",JLA04,0
D,DISPATCH,UNIT_SCADA,1,"2022/10/20 19:45:00",JLB01,0
D,DISPATCH,UNIT_SCADA,1,"2022/10/20 19:45:00",JLB02,0.10
D,DISPATCH,UNIT_SCADA,1,"2022/10/20 19:45:00",JLB03,0
D,DISPATCH,UNIT_SCADA,1,"2022/10/20 19:45:00",JUNEESF1,0
D,DISPATCH,UNIT_SCADA,1,"2022/10/20 19:45:00",KABANWF1,0
D,DISPATCH,UNIT_SCADA,1,"2022/10/20 19:45:00",KAREEYA1,0
D,DISPATCH,UNIT_SCADA,1,"2022/10/20 19:45:00",KAREEYA2,0
D,DISPATCH,UNIT_SCADA,1,"2022/10/20 19:45:00",KAREEYA3,4.8625
D,DISPATCH,UNIT_SCADA,1,"2022/10/20 19:45:00",KAREEYA4,0
D,DISPATCH,UNIT_SCADA,1,"2022/10/20 19:45:00",KARSF1,0
D,DISPATCH,UNIT_SCADA,1,"2022/10/20 19:45:00",KEPSF1,0
D,DISPATCH,UNIT_SCADA,1,"2022/10/20 19:45:00",KEPWF1,7.40
D,DISPATCH,UNIT_SCADA,1,"2022/10/20 19:45:00",KIAMSF1,0
D,DISPATCH,UNIT_SCADA,1,"2022/10/20 19:45:00",KIATAWF1,0.80
D,DISPATCH,UNIT_SCADA,1,"2022/10/20 19:45:00",KPP_1,0
D,DISPATCH,UNIT_SCADA,1,"2022/10/20 19:45:00",KSP1,0
D,DISPATCH,UNIT_SCADA,1,"2022/10/20 19:45:00",LADBROK1,0.01
D,DISPATCH,UNIT_SCADA,1,"2022/10/20 19:45:00",LADBROK2,0.02
D,DISPATCH,UNIT_SCADA,1,"2022/10/20 19:45:00",LBBG1,1.65
D,DISPATCH,UNIT_SCADA,1,"2022/10/20 19:45:00",LBBL1,0
D,DISPATCH,UNIT_SCADA,1,"2022/10/20 19:45:00",LD01,376.604520
D,DISPATCH,UNIT_SCADA,1,"2022/10/20 19:45:00",LD02,71.413310
D,DISPATCH,UNIT_SCADA,1,"2022/10/20 19:45:00",LD04,311.893070
D,DISPATCH,UNIT_SCADA,1,"2022/10/20 19:45:00",LEM_WIL,86.972380
D,DISPATCH,UNIT_SCADA,1,"2022/10/20 19:45:00",LGAPWF1,96.60
D,DISPATCH,UNIT_SCADA,1,"2022/10/20 19:45:00",LGAPWF2,70.64
D,DISPATCH,UNIT_SCADA,1,"2022/10/20 19:45:00",LILYSF1,0
D,DISPATCH,UNIT_SCADA,1,"2022/10/20 19:45:00",LIMOSF11,0
D,DISPATCH,UNIT_SCADA,1,"2022/10/20 19:45:00",LIMOSF21,0
D,DISPATCH,UNIT_SCADA,1,"2022/10/20 19:45:00",LI_WY_CA,62.830380
D,DISPATCH,UNIT_SCADA,1,"2022/10/20 19:45:00",LKBONNY1,22.6846
D,DISPATCH,UNIT_SCADA,1,"2022/10/20 19:45:00",LKBONNY2,66.5013
D,DISPATCH,UNIT_SCADA,1,"2022/10/20 19:45:00",LKBONNY3,18.532930
D,DISPATCH,UNIT_SCADA,1,"2022/10/20 19:45:00",LK_ECHO,0
D,DISPATCH,UNIT_SCADA,1,"2022/10/20 19:45:00",LNGS1,0
D,DISPATCH,UNIT_SCADA,1,"2022/10/20 19:45:00",LNGS2,0
D,DISPATCH,UNIT_SCADA,1,"2022/10/20 19:45:00",LONSDALE,0
D,DISPATCH,UNIT_SCADA,1,"2022/10/20 19:45:00",LOYYB1,580.8266
D,DISPATCH,UNIT_SCADA,1,"2022/10/20 19:45:00",LOYYB2,573.683530
D,DISPATCH,UNIT_SCADA,1,"2022/10/20 19:45:00",LYA1,556
D,DISPATCH,UNIT_SCADA,1,"2022/10/20 19:45:00",LYA2,0
D,DISPATCH,UNIT_SCADA,1,"2022/10/20 19:45:00",LYA3,556
D,DISPATCH,UNIT_SCADA,1,"2022/10/20 19:45:00",LYA4,556
D,DISPATCH,UNIT_SCADA,1,"2022/10/20 19:45:00",MACARTH1,94.397820
D,DISPATCH,UNIT_SCADA,1,"2022/10/20 19:45:00",MACKNTSH,74.180010
D,DISPATCH,UNIT_SCADA,1,"2022/10/20 19:45:00",MANSLR1,0
D,DISPATCH,UNIT_SCADA,1,"2022/10/20 19:45:00",MAPS2PV1,0
D,DISPATCH,UNIT_SCADA,1,"2022/10/20 19:45:00",MAPS3PV1,0
D,DISPATCH,UNIT_SCADA,1,"2022/10/20 19:45:00",MARYRSF1,0
D,DISPATCH,UNIT_SCADA,1,"2022/10/20 19:45:00",MBPS2PV1,0
D,DISPATCH,UNIT_SCADA,1,"2022/10/20 19:45:00",MCKAY1,221.41
D,DISPATCH,UNIT_SCADA,1,"2022/10/20 19:45:00",MEADOWBK,19.748780
D,DISPATCH,UNIT_SCADA,1,"2022/10/20 19:45:00",MERCER01,14.20
D,DISPATCH,UNIT_SCADA,1,"2022/10/20 19:45:00",METZSF1,0
D,DISPATCH,UNIT_SCADA,1,"2022/10/20 19:45:00",MEWF1,1
D,DISPATCH,UNIT_SCADA,1,"2022/10/20 19:45:00",MIDDLSF1,0
D,DISPATCH,UNIT_SCADA,1,"2022/10/20 19:45:00",MINTARO,0.128180
D,DISPATCH,UNIT_SCADA,1,"2022/10/20 19:45:00",MOLNGSF1,0
D,DISPATCH,UNIT_SCADA,1,"2022/10/20 19:45:00",MOORAWF1,6.99
D,DISPATCH,UNIT_SCADA,1,"2022/10/20 19:45:00",MOREESF1,0
D,DISPATCH,UNIT_SCADA,1,"2022/10/20 19:45:00",MORTLK11,0
D,DISPATCH,UNIT_SCADA,1,"2022/10/20 19:45:00",MORTLK12,0
D,DISPATCH,UNIT_SCADA,1,"2022/10/20 19:45:00",MOUSF1,0
D,DISPATCH,UNIT_SCADA,1,"2022/10/20 19:45:00",MP1,0
D,DISPATCH,UNIT_SCADA,1,"2022/10/20 19:45:00",MP2,668.967710
D,DISPATCH,UNIT_SCADA,1,"2022/10/20 19:45:00",MPP_1,195.288530
D,DISPATCH,UNIT_SCADA,1,"2022/10/20 19:45:00",MPP_2,178.320190
D,DISPATCH,UNIT_SCADA,1,"2022/10/20 19:45:00",MRTLSWF1,0
D,DISPATCH,UNIT_SCADA,1,"2022/10/20 19:45:00",MSTUART1,0
D,DISPATCH,UNIT_SCADA,1,"2022/10/20 19:45:00",MSTUART2,0
D,DISPATCH,UNIT_SCADA,1,"2022/10/20 19:45:00",MSTUART3,0
D,DISPATCH,UNIT_SCADA,1,"2022/10/20 19:45:00",MTGELWF1,56.6744
D,DISPATCH,UNIT_SCADA,1,"2022/10/20 19:45:00",MTMILLAR,12.40
D,DISPATCH,UNIT_SCADA,1,"2022/10/20 19:45:00",MURRAY,302.299990
D,DISPATCH,UNIT_SCADA,1,"2022/10/20 19:45:00",MUSSELR1,2.90
D,DISPATCH,UNIT_SCADA,1,"2022/10/20 19:45:00",MUWAWF1,1.57
D,DISPATCH,UNIT_SCADA,1,"2022/10/20 19:45:00",MUWAWF2,12.10
D,DISPATCH,UNIT_SCADA,1,"2022/10/20 19:45:00",MWPS1PV1,0
D,DISPATCH,UNIT_SCADA,1,"2022/10/20 19:45:00",MWPS2PV1,0
D,DISPATCH,UNIT_SCADA,1,"2022/10/20 19:45:00",MWPS3PV1,0
D,DISPATCH,UNIT_SCADA,1,"2022/10/20 19:45:00",MWPS4PV1,0
D,DISPATCH,UNIT_SCADA,1,"2022/10/20 19:45:00",NBHWF1,8.10
D,DISPATCH,UNIT_SCADA,1,"2022/10/20 19:45:00",NEVERSF1,0
D,DISPATCH,UNIT_SCADA,1,"2022/10/20 19:45:00",NPS,0
D,DISPATCH,UNIT_SCADA,1,"2022/10/20 19:45:00",NUMURSF1,0
D,DISPATCH,UNIT_SCADA,1,"2022/10/20 19:45:00",NYNGAN1,0
D,DISPATCH,UNIT_SCADA,1,"2022/10/20 19:45:00",OAKEY1,126.0884
D,DISPATCH,UNIT_SCADA,1,"2022/10/20 19:45:00",OAKEY1SF,0
D,DISPATCH,UNIT_SCADA,1,"2022/10/20 19:45:00",OAKEY2,0
D,DISPATCH,UNIT_SCADA,1,"2022/10/20 19:45:00",OAKEY2SF,0
D,DISPATCH,UNIT_SCADA,1,"2022/10/20 19:45:00",OAKLAND1,21.10
D,DISPATCH,UNIT_SCADA,1,"2022/10/20 19:45:00",OSB-AG,178.42
D,DISPATCH,UNIT_SCADA,1,"2022/10/20 19:45:00",PAREPS1,0
D,DISPATCH,UNIT_SCADA,1,"2022/10/20 19:45:00",PAREPW1,132.239990
D,DISPATCH,UNIT_SCADA,1,"2022/10/20 19:45:00",PARSF1,0.001530
D,DISPATCH,UNIT_SCADA,1,"2022/10/20 19:45:00",POAT110,3.07
D,DISPATCH,UNIT_SCADA,1,"2022/10/20 19:45:00",POAT220,0
D,DISPATCH,UNIT_SCADA,1,"2022/10/20 19:45:00",POR01,0.008670
D,DISPATCH,UNIT_SCADA,1,"2022/10/20 19:45:00",POR03,0
D,DISPATCH,UNIT_SCADA,1,"2022/10/20 19:45:00",PPCCGT,191.000840
D,DISPATCH,UNIT_SCADA,1,"2022/10/20 19:45:00",PTSTAN1,0
D,DISPATCH,UNIT_SCADA,1,"2022/10/20 19:45:00",PUMP1,0
D,DISPATCH,UNIT_SCADA,1,"2022/10/20 19:45:00",PUMP2,0
D,DISPATCH,UNIT_SCADA,1,"2022/10/20 19:45:00",QBYNBG1,0.0005
D,DISPATCH,UNIT_SCADA,1,"2022/10/20 19:45:00",QBYNBL1,0
D,DISPATCH,UNIT_SCADA,1,"2022/10/20 19:45:00",QPS1,0
D,DISPATCH,UNIT_SCADA,1,"2022/10/20 19:45:00",QPS2,0
D,DISPATCH,UNIT_SCADA,1,"2022/10/20 19:45:00",QPS3,0
D,DISPATCH,UNIT_SCADA,1,"2022/10/20 19:45:00",QPS4,0
D,DISPATCH,UNIT_SCADA,1,"2022/10/20 19:45:00",QPS5,119.53
D,DISPATCH,UNIT_SCADA,1,"2022/10/20 19:45:00",REECE1,97.364910
D,DISPATCH,UNIT_SCADA,1,"2022/10/20 19:45:00",REECE2,98.95
D,DISPATCH,UNIT_SCADA,1,"2022/10/20 19:45:00",ROMA_7,0
D,DISPATCH,UNIT_SCADA,1,"2022/10/20 19:45:00",ROMA_8,0
D,DISPATCH,UNIT_SCADA,1,"2022/10/20 19:45:00",RRSF1,0
D,DISPATCH,UNIT_SCADA,1,"2022/10/20 19:45:00",RT_NSW1,0
D,DISPATCH,UNIT_SCADA,1,"2022/10/20 19:45:00",RT_NSW2,0
D,DISPATCH,UNIT_SCADA,1,"2022/10/20 19:45:00",RT_NSW3,0
D,DISPATCH,UNIT_SCADA,1,"2022/10/20 19:45:00",RT_NSW4,0
D,DISPATCH,UNIT_SCADA,1,"2022/10/20 19:45:00",RT_NSW5,0
D,DISPATCH,UNIT_SCADA,1,"2022/10/20 19:45:00",RT_NSW6,0
D,DISPATCH,UNIT_SCADA,1,"2022/10/20 19:45:00",RT_QLD1,0
D,DISPATCH,UNIT_SCADA,1,"2022/10/20 19:45:00",RT_SA1,0
D,DISPATCH,UNIT_SCADA,1,"2022/10/20 19:45:00",RT_SA2,0
D,DISPATCH,UNIT_SCADA,1,"2022/10/20 19:45:00",RT_SA3,0
D,DISPATCH,UNIT_SCADA,1,"2022/10/20 19:45:00",RT_SA4,0
D,DISPATCH,UNIT_SCADA,1,"2022/10/20 19:45:00",RT_SA5,0
D,DISPATCH,UNIT_SCADA,1,"2022/10/20 19:45:00",RT_SA6,0
D,DISPATCH,UNIT_SCADA,1,"2022/10/20 19:45:00",RT_TAS1,0
D,DISPATCH,UNIT_SCADA,1,"2022/10/20 19:45:00",RT_VIC1,0
D,DISPATCH,UNIT_SCADA,1,"2022/10/20 19:45:00",RT_VIC10,0
D,DISPATCH,UNIT_SCADA,1,"2022/10/20 19:45:00",RT_VIC11,0
D,DISPATCH,UNIT_SCADA,1,"2022/10/20 19:45:00",RT_VIC12,0
D,DISPATCH,UNIT_SCADA,1,"2022/10/20 19:45:00",RT_VIC2,0
D,DISPATCH,UNIT_SCADA,1,"2022/10/20 19:45:00",RT_VIC3,0
D,DISPATCH,UNIT_SCADA,1,"2022/10/20 19:45:00",RT_VIC4,0
D,DISPATCH,UNIT_SCADA,1,"2022/10/20 19:45:00",RT_VIC5,0
D,DISPATCH,UNIT_SCADA,1,"2022/10/20 19:45:00",RT_VIC6,0
D,DISPATCH,UNIT_SCADA,1,"2022/10/20 19:45:00",RT_VIC7,0
D,DISPATCH,UNIT_SCADA,1,"2022/10/20 19:45:00",RT_VIC8,0
D,DISPATCH,UNIT_SCADA,1,"2022/10/20 19:45:00",RT_VIC9,0
D,DISPATCH,UNIT_SCADA,1,"2022/10/20 19:45:00",RUGBYR1,0
D,DISPATCH,UNIT_SCADA,1,"2022/10/20 19:45:00",SALTCRK1,35.70
D,DISPATCH,UNIT_SCADA,1,"2022/10/20 19:45:00",SAPHWF1,238.319980
D,DISPATCH,UNIT_SCADA,1,"2022/10/20 19:45:00",SEBSF1,0
D,DISPATCH,UNIT_SCADA,1,"2022/10/20 19:45:00",SHGEN,80.748480
D,DISPATCH,UNIT_SCADA,1,"2022/10/20 19:45:00",SHPUMP,0
D,DISPATCH,UNIT_SCADA,1,"2022/10/20 19:45:00",SITHE01,0.153860
D,DISPATCH,UNIT_SCADA,1,"2022/10/20 19:45:00",SMCSF1,0
D,DISPATCH,UNIT_SCADA,1,"2022/10/20 19:45:00",SNAPPER1,0
D,DISPATCH,UNIT_SCADA,1,"2022/10/20 19:45:00",SNOWNTH1,26.60
D,DISPATCH,UNIT_SCADA,1,"2022/10/20 19:45:00",SNOWSTH1,8.60
D,DISPATCH,UNIT_SCADA,1,"2022/10/20 19:45:00",SNOWTWN1,24.572590
D,DISPATCH,UNIT_SCADA,1,"2022/10/20 19:45:00",SNOWYP,0
D,DISPATCH,UNIT_SCADA,1,"2022/10/20 19:45:00",SNUG1,0
D,DISPATCH,UNIT_SCADA,1,"2022/10/20 19:45:00",SRSF1,0
D,DISPATCH,UNIT_SCADA,1,"2022/10/20 19:45:00",STAN-1,280.030490
D,DISPATCH,UNIT_SCADA,1,"2022/10/20 19:45:00",STAN-2,364.204960
D,DISPATCH,UNIT_SCADA,1,"2022/10/20 19:45:00",STAN-3,364.5126
D,DISPATCH,UNIT_SCADA,1,"2022/10/20 19:45:00",STAN-4,363.474370
D,DISPATCH,UNIT_SCADA,1,"2022/10/20 19:45:00",STARHLWF,12.6963
D,DISPATCH,UNIT_SCADA,1,"2022/10/20 19:45:00",STOCKYD1,171.83
D,DISPATCH,UNIT_SCADA,1,"2022/10/20 19:45:00",STWF1,123.922180
D,DISPATCH,UNIT_SCADA,1,"2022/10/20 19:45:00",SUNRSF1,0
D,DISPATCH,UNIT_SCADA,1,"2022/10/20 19:45:00",SUNTPSF1,0
D,DISPATCH,UNIT_SCADA,1,"2022/10/20 19:45:00",SWAN_E,349.522520
D,DISPATCH,UNIT_SCADA,1,"2022/10/20 19:45:00",TALWA1,0
D,DISPATCH,UNIT_SCADA,1,"2022/10/20 19:45:00",TARALGA1,0
D,DISPATCH,UNIT_SCADA,1,"2022/10/20 19:45:00",TARONG#1,348.700010
D,DISPATCH,UNIT_SCADA,1,"2022/10/20 19:45:00",TARONG#2,349.200010
D,DISPATCH,UNIT_SCADA,1,"2022/10/20 19:45:00",TARONG#3,0.90
D,DISPATCH,UNIT_SCADA,1,"2022/10/20 19:45:00",TARONG#4,294.800020
D,DISPATCH,UNIT_SCADA,1,"2022/10/20 19:45:00",TARRALEA,53.90
D,DISPATCH,UNIT_SCADA,1,"2022/10/20 19:45:00",TBSF1,0
D,DISPATCH,UNIT_SCADA,1,"2022/10/20 19:45:00",TNPS1,419.1250
D,DISPATCH,UNIT_SCADA,1,"2022/10/20 19:45:00",TORRB1,0
D,DISPATCH,UNIT_SCADA,1,"2022/10/20 19:45:00",TORRB2,62
D,DISPATCH,UNIT_SCADA,1,"2022/10/20 19:45:00",TORRB3,0
D,DISPATCH,UNIT_SCADA,1,"2022/10/20 19:45:00",TORRB4,0
D,DISPATCH,UNIT_SCADA,1,"2022/10/20 19:45:00",TREVALLN,98.266370
D,DISPATCH,UNIT_SCADA,1,"2022/10/20 19:45:00",TRIBUTE,0
D,DISPATCH,UNIT_SCADA,1,"2022/10/20 19:45:00",TUMUT3,416.37
D,DISPATCH,UNIT_SCADA,1,"2022/10/20 19:45:00",TUNGATIN,6.940020
D,DISPATCH,UNIT_SCADA,1,"2022/10/20 19:45:00",TVCC201,0
D,DISPATCH,UNIT_SCADA,1,"2022/10/20 19:45:00",TVPP104,57.807020
D,DISPATCH,UNIT_SCADA,1,"2022/10/20 19:45:00",UPPTUMUT,121.582840
D,DISPATCH,UNIT_SCADA,1,"2022/10/20 19:45:00",URANQ11,0
D,DISPATCH,UNIT_SCADA,1,"2022/10/20 19:45:00",URANQ12,0
D,DISPATCH,UNIT_SCADA,1,"2022/10/20 19:45:00",URANQ13,0
D,DISPATCH,UNIT_SCADA,1,"2022/10/20 19:45:00",URANQ14,0
D,DISPATCH,UNIT_SCADA,1,"2022/10/20 19:45:00",VBBG1,2.20
D,DISPATCH,UNIT_SCADA,1,"2022/10/20 19:45:00",VBBL1,0
D,DISPATCH,UNIT_SCADA,1,"2022/10/20 19:45:00",VP5,563.908810
D,DISPATCH,UNIT_SCADA,1,"2022/10/20 19:45:00",VP6,601.263490
D,DISPATCH,UNIT_SCADA,1,"2022/10/20 19:45:00",VPGS1,0
D,DISPATCH,UNIT_SCADA,1,"2022/10/20 19:45:00",VPGS2,0
D,DISPATCH,UNIT_SCADA,1,"2022/10/20 19:45:00",VPGS3,0
D,DISPATCH,UNIT_SCADA,1,"2022/10/20 19:45:00",VPGS4,0
D,DISPATCH,UNIT_SCADA,1,"2022/10/20 19:45:00",VPGS5,0
D,DISPATCH,UNIT_SCADA,1,"2022/10/20 19:45:00",VPGS6,0
D,DISPATCH,UNIT_SCADA,1,"2022/10/20 19:45:00",W/HOE#1,0
D,DISPATCH,UNIT_SCADA,1,"2022/10/20 19:45:00",W/HOE#2,0
D,DISPATCH,UNIT_SCADA,1,"2022/10/20 19:45:00",WAGGNSF1,0
D,DISPATCH,UNIT_SCADA,1,"2022/10/20 19:45:00",WALGRVG1,4.388720
D,DISPATCH,UNIT_SCADA,1,"2022/10/20 19:45:00",WALGRVL1,0
D,DISPATCH,UNIT_SCADA,1,"2022/10/20 19:45:00",WANDBG1,59.864850
D,DISPATCH,UNIT_SCADA,1,"2022/10/20 19:45:00",WANDBL1,0
D,DISPATCH,UNIT_SCADA,1,"2022/10/20 19:45:00",WARWSF1,0
D,DISPATCH,UNIT_SCADA,1,"2022/10/20 19:45:00",WARWSF2,0
D,DISPATCH,UNIT_SCADA,1,"2022/10/20 19:45:00",WATERLWF,6.90
D,DISPATCH,UNIT_SCADA,1,"2022/10/20 19:45:00",WDGPH1,0
D,DISPATCH,UNIT_SCADA,1,"2022/10/20 19:45:00",WELLSF1,0
D,DISPATCH,UNIT_SCADA,1,"2022/10/20 19:45:00",WEMENSF1,0
D,DISPATCH,UNIT_SCADA,1,"2022/10/20 19:45:00",WGWF1,5.10
D,DISPATCH,UNIT_SCADA,1,"2022/10/20 19:45:00",WHITSF1,0
D,DISPATCH,UNIT_SCADA,1,"2022/10/20 19:45:00",WINTSF1,0
D,DISPATCH,UNIT_SCADA,1,"2022/10/20 19:45:00",WKIEWA1,33.90
D,DISPATCH,UNIT_SCADA,1,"2022/10/20 19:45:00",WKIEWA2,33.90
D,DISPATCH,UNIT_SCADA,1,"2022/10/20 19:45:00",WOODLWN1,41.155410
D,DISPATCH,UNIT_SCADA,1,"2022/10/20 19:45:00",WOOLGSF1,0
D,DISPATCH,UNIT_SCADA,1,"2022/10/20 19:45:00",WPWF,48.43
D,DISPATCH,UNIT_SCADA,1,"2022/10/20 19:45:00",WRSF1,0
D,DISPATCH,UNIT_SCADA,1,"2022/10/20 19:45:00",WRWF1,112.969860
D,DISPATCH,UNIT_SCADA,1,"2022/10/20 19:45:00",WSTWYSF1,0
D,DISPATCH,UNIT_SCADA,1,"2022/10/20 19:45:00",YABULU,153.090010
D,DISPATCH,UNIT_SCADA,1,"2022/10/20 19:45:00",YABULU2,0
D,DISPATCH,UNIT_SCADA,1,"2022/10/20 19:45:00",YARANSF1,0
D,DISPATCH,UNIT_SCADA,1,"2022/10/20 19:45:00",YARWUN_1,162.58
D,DISPATCH,UNIT_SCADA,1,"2022/10/20 19:45:00",YATSF1,0
D,DISPATCH,UNIT_SCADA,1,"2022/10/20 19:45:00",YENDWF1,13.47
D,DISPATCH,UNIT_SCADA,1,"2022/10/20 19:45:00",YWPS1,353.131650
D,DISPATCH,UNIT_SCADA,1,"2022/10/20 19:45:00",YWPS2,357.893680
D,DISPATCH,UNIT_SCADA,1,"2022/10/20 19:45:00",YWPS3,357.9772
D,DISPATCH,UNIT_SCADA,1,"2022/10/20 19:45:00",YWPS4,0
C,"END OF REPORT",419
