C,NEMP.WORLD,DISPATCHSCADA,AEMO,PUBLIC,2022/10/20,16:40:09,0000000373267582,DISPATCHSCADA,0000000373267576
I,DISPATCH,UNIT_SCADA,1,SETTLEMENTDATE,DUID,SCADAVALUE
D,DISPATCH,UNIT_SCADA,1,"2022/10/20 16:45:00",BARCSF1,9.30
D,DISPATCH,UNIT_SCADA,1,"2022/10/20 16:45:00",BUTLERSG,8.699999
D,DISPATCH,UNIT_SCADA,1,"2022/10/20 16:45:00",CAPTL_WF,91.880310
D,DISPATCH,UNIT_SCADA,1,"2022/10/20 16:45:00",CHALLHWF,13.90
D,DISPATCH,UNIT_SCADA,1,"2022/10/20 16:45:00",CLOVER,10.23
D,DISPATCH,UNIT_SCADA,1,"2022/10/20 16:45:00",CLUNY,6.362555
D,DISPATCH,UNIT_SCADA,1,"2022/10/20 16:45:00",CULLRGWF,-0.04
D,DISPATCH,UNIT_SCADA,1,"2022/10/20 16:45:00",DIAPURWF1,1.30
D,DISPATCH,UNIT_SCADA,1,"2022/10/20 16:45:00",ERGT01,0
D,DISPATCH,UNIT_SCADA,1,"2022/10/20 16:45:00",GB01,0
D,DISPATCH,UNIT_SCADA,1,"2022/10/20 16:45:00",GERMCRK,21.299999
D,DISPATCH,UNIT_SCADA,1,"2022/10/20 16:45:00",GRIFSF1,3.498894
D,DISPATCH,UNIT_SCADA,1,"2022/10/20 16:45:00",HEZ1,0
D,DISPATCH,UNIT_SCADA,1,"2022/10/20 16:45:00",HUGSF1,2.52
D,DISPATCH,UNIT_SCADA,1,"2022/10/20 16:45:00",KEPBG1,0.01
D,DISPATCH,UNIT_SCADA,1,"2022/10/20 16:45:00",LRSF1,10.099001
D,DISPATCH,UNIT_SCADA,1,"2022/10/20 16:45:00",MBAHNTH,42.131256
D,DISPATCH,UNIT_SCADA,1,"2022/10/20 16:45:00",MLSP1,0.790001
D,DISPATCH,UNIT_SCADA,1,"2022/10/20 16:45:00",MLWF1,7.1550
D,DISPATCH,UNIT_SCADA,1,"2022/10/20 16:45:00",PALOONA,30.349998
D,DISPATCH,UNIT_SCADA,1,"2022/10/20 16:45:00",PIONEER,24
D,DISPATCH,UNIT_SCADA,1,"2022/10/20 16:45:00",PORTWF,35.299999
D,DISPATCH,UNIT_SCADA,1,"2022/10/20 16:45:00",REPULSE,9.403830
D,DISPATCH,UNIT_SCADA,1,"2022/10/20 16:45:00",ROWALLAN,9.038301
D,DISPATCH,UNIT_SCADA,1,"2022/10/20 16:45:00",ROYALLA1,1.816003
D,DISPATCH,UNIT_SCADA,1,"2022/10/20 16:45:00",RPCG,-1.80
D,DISPATCH,UNIT_SCADA,1,"2022/10/20 16:45:00",RUBICON,0
D,DISPATCH,UNIT_SCADA,1,"2022/10/20 16:45:00",WAUBRAWF,54.810001
D,DISPATCH,UNIT_SCADA,1,"2022/10/20 16:45:00",WOOLNTH1,97.599998
D,DISPATCH,UNIT_SCADA,1,"2022/10/20 16:45:00",YAMBUKWF,1.80
D,DISPATCH,UNIT_SCADA,1,"2022/10/20 16:45:00",YSWF1,1.10
D,DISPATCH,UNIT_SCADA,1,"2022/10/20 16:45:00",ADPBA1G,0.0080
D,DISPATCH,UNIT_SCADA,1,"2022/10/20 16:45:00",ADPBA1L,0
D,DISPATCH,UNIT_SCADA,1,"2022/10/20 16:45:00",ADPPV1,8.7040
D,DISPATCH,UNIT_SCADA,1,"2022/10/20 16:45:00",AGLHAL,0
D,DISPATCH,UNIT_SCADA,1,"2022/10/20 16:45:00",AGLSOM,0
D,DISPATCH,UNIT_SCADA,1,"2022/10/20 16:45:00",ANGAST1,0
D,DISPATCH,UNIT_SCADA,1,"2022/10/20 16:45:00",ARWF1,62.10
D,DISPATCH,UNIT_SCADA,1,"2022/10/20 16:45:00",BALBG1,0
D,DISPATCH,UNIT_SCADA,1,"2022/10/20 16:45:00",BALBL1,16.18
D,DISPATCH,UNIT_SCADA,1,"2022/10/20 16:45:00",BALDHWF1,102.3640
D,DISPATCH,UNIT_SCADA,1,"2022/10/20 16:45:00",BANGOWF1,69.998630
D,DISPATCH,UNIT_SCADA,1,"2022/10/20 16:45:00",BANGOWF2,8.898830
D,DISPATCH,UNIT_SCADA,1,"2022/10/20 16:45:00",BANN1,12.90
D,DISPATCH,UNIT_SCADA,1,"2022/10/20 16:45:00",BARCALDN,0
D,DISPATCH,UNIT_SCADA,1,"2022/10/20 16:45:00",BARKIPS1,0
D,DISPATCH,UNIT_SCADA,1,"2022/10/20 16:45:00",BARRON-1,25.64
D,DISPATCH,UNIT_SCADA,1,"2022/10/20 16:45:00",BARRON-2,25.28
D,DISPATCH,UNIT_SCADA,1,"2022/10/20 16:45:00",BASTYAN,50.50
D,DISPATCH,UNIT_SCADA,1,"2022/10/20 16:45:00",BBTHREE1,0
D,DISPATCH,UNIT_SCADA,1,"2022/10/20 16:45:00",BBTHREE2,0
D,DISPATCH,UNIT_SCADA,1,"2022/10/20 16:45:00",BBTHREE3,-1.19
D,DISPATCH,UNIT_SCADA,1,"2022/10/20 16:45:00",BDL01,0
D,DISPATCH,UNIT_SCADA,1,"2022/10/20 16:45:00",BDL02,0
D,DISPATCH,UNIT_SCADA,1,"2022/10/20 16:45:00",BERYLSF1,11.9518
D,DISPATCH,UNIT_SCADA,1,"2022/10/20 16:45:00",BLOWERNG,62.50
D,DISPATCH,UNIT_SCADA,1,"2022/10/20 16:45:00",BLUEGSF1,9.1392
D,DISPATCH,UNIT_SCADA,1,"2022/10/20 16:45:00",BLUFF1,0
D,DISPATCH,UNIT_SCADA,1,"2022/10/20 16:45:00",BNGSF1,109.96
D,DISPATCH,UNIT_SCADA,1,"2022/10/20 16:45:00",BNGSF2,110.34
D,DISPATCH,UNIT_SCADA,1,"2022/10/20 16:45:00",BOCORWF1,67.05
D,DISPATCH,UNIT_SCADA,1,"2022/10/20 16:45:00",BODWF1,98.321230
D,DISPATCH,UNIT_SCADA,1,"2022/10/20 16:45:00",BOMENSF1,15.342640
D,DISPATCH,UNIT_SCADA,1,"2022/10/20 16:45:00",BOWWBA1G,0
D,DISPATCH,UNIT_SCADA,1,"2022/10/20 16:45:00",BOWWBA1L,0.0020
D,DISPATCH,UNIT_SCADA,1,"2022/10/20 16:45:00",BOWWPV1,0
D,DISPATCH,UNIT_SCADA,1,"2022/10/20 16:45:00",BRAEMAR1,0
D,DISPATCH,UNIT_SCADA,1,"2022/10/20 16:45:00",BRAEMAR2,0
D,DISPATCH,UNIT_SCADA,1,"2022/10/20 16:45:00",BRAEMAR3,0
D,DISPATCH,UNIT_SCADA,1,"2022/10/20 16:45:00",BRAEMAR5,39.075480
D,DISPATCH,UNIT_SCADA,1,"2022/10/20 16:45:00",BRAEMAR6,0
D,DISPATCH,UNIT_SCADA,1,"2022/10/20 16:45:00",BRAEMAR7,139.483350
D,DISPATCH,UNIT_SCADA,1,"2022/10/20 16:45:00",BROKENH1,20.999680
D,DISPATCH,UNIT_SCADA,1,"2022/10/20 16:45:00",BRYB1WF1,100.840770
D,DISPATCH,UNIT_SCADA,1,"2022/10/20 16:45:00",BULBESG1,0
D,DISPATCH,UNIT_SCADA,1,"2022/10/20 16:45:00",BULBESL1,2.19
D,DISPATCH,UNIT_SCADA,1,"2022/10/20 16:45:00",BULGANA1,47.26
D,DISPATCH,UNIT_SCADA,1,"2022/10/20 16:45:00",BW01,658.493960
D,DISPATCH,UNIT_SCADA,1,"2022/10/20 16:45:00",BW02,620.431820
D,DISPATCH,UNIT_SCADA,1,"2022/10/20 16:45:00",BW03,476.337830
D,DISPATCH,UNIT_SCADA,1,"2022/10/20 16:45:00",BW04,0
D,DISPATCH,UNIT_SCADA,1,"2022/10/20 16:45:00",CALL_B_1,319.600010
D,DISPATCH,UNIT_SCADA,1,"2022/10/20 16:45:00",CALL_B_2,310.200010
D,DISPATCH,UNIT_SCADA,1,"2022/10/20 16:45:00",CATHROCK,10.70
D,DISPATCH,UNIT_SCADA,1,"2022/10/20 16:45:00",CBWWBA1G,0
D,DISPATCH,UNIT_SCADA,1,"2022/10/20 16:45:00",CBWWBA1L,0
D,DISPATCH,UNIT_SCADA,1,"2022/10/20 16:45:00",CETHANA,97.2265
D,DISPATCH,UNIT_SCADA,1,"2022/10/20 16:45:00",CG1,0
D,DISPATCH,UNIT_SCADA,1,"2022/10/20 16:45:00",CG2,0
D,DISPATCH,UNIT_SCADA,1,"2022/10/20 16:45:00",CG3,0
D,DISPATCH,UNIT_SCADA,1,"2022/10/20 16:45:00",CG4,0
D,DISPATCH,UNIT_SCADA,1,"2022/10/20 16:45:00",CHILDSF1,2.23
D,DISPATCH,UNIT_SCADA,1,"2022/10/20 16:45:00",CHYTWF1,8.23
D,DISPATCH,UNIT_SCADA,1,"2022/10/20 16:45:00",CLARESF1,0
D,DISPATCH,UNIT_SCADA,1,"2022/10/20 16:45:00",CLEMGPWF,18.801130
D,DISPATCH,UNIT_SCADA,1,"2022/10/20 16:45:00",CLERMSF1,44.11
D,DISPATCH,UNIT_SCADA,1,"2022/10/20 16:45:00",CNUNDAWF,8.810280
D,DISPATCH,UNIT_SCADA,1,"2022/10/20 16:45:00",COHUNSF1,8.23
D,DISPATCH,UNIT_SCADA,1,"2022/10/20 16:45:00",COLEASF1,11.202790
D,DISPATCH,UNIT_SCADA,1,"2022/10/20 16:45:00",COLUMSF1,24.6610
D,DISPATCH,UNIT_SCADA,1,"2022/10/20 16:45:00",COLWF01,95.288020
D,DISPATCH,UNIT_SCADA,1,"2022/10/20 16:45:00",COOPGWF1,314.480010
D,DISPATCH,UNIT_SCADA,1,"2022/10/20 16:45:00",CPP_3,370.425020
D,DISPATCH,UNIT_SCADA,1,"2022/10/20 16:45:00",CPP_4,0
D,DISPATCH,UNIT_SCADA,1,"2022/10/20 16:45:00",CPSA,0
D,DISPATCH,UNIT_SCADA,1,"2022/10/20 16:45:00",CROOKWF2,52.824910
D,DISPATCH,UNIT_SCADA,1,"2022/10/20 16:45:00",CROWLWF1,28.483580
D,DISPATCH,UNIT_SCADA,1,"2022/10/20 16:45:00",CRURWF1,60.998020
D,DISPATCH,UNIT_SCADA,1,"2022/10/20 16:45:00",CRWASF1,24.884220
D,DISPATCH,UNIT_SCADA,1,"2022/10/20 16:45:00",CSPVPS1,3.9730
D,DISPATCH,UNIT_SCADA,1,"2022/10/20 16:45:00",CTHLWF1,0.003050
D,DISPATCH,UNIT_SCADA,1,"2022/10/20 16:45:00",DALNTH01,0.071720
D,DISPATCH,UNIT_SCADA,1,"2022/10/20 16:45:00",DALNTHL1,0
D,DISPATCH,UNIT_SCADA,1,"2022/10/20 16:45:00",DARLSF1,108.325570
D,DISPATCH,UNIT_SCADA,1,"2022/10/20 16:45:00",DARTM1,0
D,DISPATCH,UNIT_SCADA,1,"2022/10/20 16:45:00",DAYDSF1,23.2220
D,DISPATCH,UNIT_SCADA,1,"2022/10/20 16:45:00",DDPS1,0
D,DISPATCH,UNIT_SCADA,1,"2022/10/20 16:45:00",DDSF1,7.783940
D,DISPATCH,UNIT_SCADA,1,"2022/10/20 16:45:00",DEVILS_G,60.106820
D,DISPATCH,UNIT_SCADA,1,"2022/10/20 16:45:00",DG_NSW1,0
D,DISPATCH,UNIT_SCADA,1,"2022/10/20 16:45:00",DG_QLD1,0
D,DISPATCH,UNIT_SCADA,1,"2022/10/20 16:45:00",DG_SA1,0
D,DISPATCH,UNIT_SCADA,1,"2022/10/20 16:45:00",DG_TAS1,0
D,DISPATCH,UNIT_SCADA,1,"2022/10/20 16:45:00",DG_VIC1,0
D,DISPATCH,UNIT_SCADA,1,"2022/10/20 16:45:00",DRYCGT1,0
D,DISPATCH,UNIT_SCADA,1,"2022/10/20 16:45:00",DRYCGT2,0
D,DISPATCH,UNIT_SCADA,1,"2022/10/20 16:45:00",DRYCGT3,0
D,DISPATCH,UNIT_SCADA,1,"2022/10/20 16:45:00",DUNDWF1,72.28
D,DISPATCH,UNIT_SCADA,1,"2022/10/20 16:45:00",DUNDWF2,20.21
D,DISPATCH,UNIT_SCADA,1,"2022/10/20 16:45:00",DUNDWF3,65.85
D,DISPATCH,UNIT_SCADA,1,"2022/10/20 16:45:00",EILDON1,59.72
D,DISPATCH,UNIT_SCADA,1,"2022/10/20 16:45:00",EILDON2,59.96
D,DISPATCH,UNIT_SCADA,1,"2022/10/20 16:45:00",ELAINWF1,21.15
D,DISPATCH,UNIT_SCADA,1,"2022/10/20 16:45:00",EMERASF1,0
D,DISPATCH,UNIT_SCADA,1,"2022/10/20 16:45:00",ER01,0
D,DISPATCH,UNIT_SCADA,1,"2022/10/20 16:45:00",ER02,672.800780
D,DISPATCH,UNIT_SCADA,1,"2022/10/20 16:45:00",ER03,634.152770
D,DISPATCH,UNIT_SCADA,1,"2022/10/20 16:45:00",ER04,682.810730
D,DISPATCH,UNIT_SCADA,1,"2022/10/20 16:45:00",FINLYSF1,119.865720
D,DISPATCH,UNIT_SCADA,1,"2022/10/20 16:45:00",FISHER,43.79
D,DISPATCH,UNIT_SCADA,1,"2022/10/20 16:45:00",GANGARR1,22.7360
D,DISPATCH,UNIT_SCADA,1,"2022/10/20 16:45:00",GANNBG1,0
D,DISPATCH,UNIT_SCADA,1,"2022/10/20 16:45:00",GANNBL1,0.351340
D,DISPATCH,UNIT_SCADA,1,"2022/10/20 16:45:00",GANNSF1,13.30
D,DISPATCH,UNIT_SCADA,1,"2022/10/20 16:45:00",GLRWNSF1,32.41
D,DISPATCH,UNIT_SCADA,1,"2022/10/20 16:45:00",GNNDHSF1,58.162280
D,DISPATCH,UNIT_SCADA,1,"2022/10/20 16:45:00",GOONSF1,11.043870
D,DISPATCH,UNIT_SCADA,1,"2022/10/20 16:45:00",GORDON,266.182650
D,DISPATCH,UNIT_SCADA,1,"2022/10/20 16:45:00",GRANWF1,0
D,DISPATCH,UNIT_SCADA,1,"2022/10/20 16:45:00",GSTONE1,199.849990
D,DISPATCH,UNIT_SCADA,1,"2022/10/20 16:45:00",GSTONE2,0
D,DISPATCH,UNIT_SCADA,1,"2022/10/20 16:45:00",GSTONE3,199.849990
D,DISPATCH,UNIT_SCADA,1,"2022/10/20 16:45:00",GSTONE4,0
D,DISPATCH,UNIT_SCADA,1,"2022/10/20 16:45:00",GSTONE5,200.20
D,DISPATCH,UNIT_SCADA,1,"2022/10/20 16:45:00",GSTONE6,200.20
D,DISPATCH,UNIT_SCADA,1,"2022/10/20 16:45:00",GULLRSF1,0
D,DISPATCH,UNIT_SCADA,1,"2022/10/20 16:45:00",GULLRWF1,81.873760
D,DISPATCH,UNIT_SCADA,1,"2022/10/20 16:45:00",GULLRWF2,100.059640
D,DISPATCH,UNIT_SCADA,1,"2022/10/20 16:45:00",GUNNING1,0
D,DISPATCH,UNIT_SCADA,1,"2022/10/20 16:45:00",GUTHEGA,67.50
D,DISPATCH,UNIT_SCADA,1,"2022/10/20 16:45:00",HALLWF1,0
D,DISPATCH,UNIT_SCADA,1,"2022/10/20 16:45:00",HALLWF2,0
D,DISPATCH,UNIT_SCADA,1,"2022/10/20 16:45:00",HAMISF1,5.30
D,DISPATCH,UNIT_SCADA,1,"2022/10/20 16:45:00",HAUGHT11,0
D,DISPATCH,UNIT_SCADA,1,"2022/10/20 16:45:00",HAYMSF1,5.3670
D,DISPATCH,UNIT_SCADA,1,"2022/10/20 16:45:00",HDWF1,15.60
D,DISPATCH,UNIT_SCADA,1,"2022/10/20 16:45:00",HDWF2,22.40
D,DISPATCH,UNIT_SCADA,1,"2022/10/20 16:45:00",HDWF3,19.40
D,DISPATCH,UNIT_SCADA,1,"2022/10/20 16:45:00",HILLSTN1,1.1527
D,DISPATCH,UNIT_SCADA,1,"2022/10/20 16:45:00",HPRG1,0
D,DISPATCH,UNIT_SCADA,1,"2022/10/20 16:45:00",HPRL1,11.80
D,DISPATCH,UNIT_SCADA,1,"2022/10/20 16:45:00",HUMENSW,54.404470
D,DISPATCH,UNIT_SCADA,1,"2022/10/20 16:45:00",HUMEV,0
D,DISPATCH,UNIT_SCADA,1,"2022/10/20 16:45:00",HVWWBA1G,0
D,DISPATCH,UNIT_SCADA,1,"2022/10/20 16:45:00",HVWWBA1L,0.0070
D,DISPATCH,UNIT_SCADA,1,"2022/10/20 16:45:00",HVWWPV1,1.94
D,DISPATCH,UNIT_SCADA,1,"2022/10/20 16:45:00",JBUTTERS,0
D,DISPATCH,UNIT_SCADA,1,"2022/10/20 16:45:00",JEMALNG1,8.05
D,DISPATCH,UNIT_SCADA,1,"2022/10/20 16:45:00",JLA01,0
D,DISPATCH,UNIT_SCADA,1,"2022/10/20 16:45:00",JLA02,0
D,DISPATCH,UNIT_SCADA,1,"2022/10/20 16:45:00",JLA03,0
D,DISPATCH,UNIT_SCADA,1,"2022/10/20 16:45:00",JLA04,0
D,DISPATCH,UNIT_SCADA,1,"2022/10/20 16:45:00",JLB01,0
D,DISPATCH,UNIT_SCADA,1,"2022/10/20 16:45:00",JLB02,0.10
D,DISPATCH,UNIT_SCADA,1,"2022/10/20 16:45:00",JLB03,0
D,DISPATCH,UNIT_SCADA,1,"2022/10/20 16:45:00",JUNEESF1,2.3369
D,DISPATCH,UNIT_SCADA,1,"2022/10/20 16:45:00",KABANWF1,0.9940
D,DISPATCH,UNIT_SCADA,1,"2022/10/20 16:45:00",KAREEYA1,17.9075
D,DISPATCH,UNIT_SCADA,1,"2022/10/20 16:45:00",KAREEYA2,0
D,DISPATCH,UNIT_SCADA,1,"2022/10/20 16:45:00",KAREEYA3,21.3925
D,DISPATCH,UNIT_SCADA,1,"2022/10/20 16:45:00",KAREEYA4,0
D,DISPATCH,UNIT_SCADA,1,"2022/10/20 16:45:00",KARSF1,75.80
D,DISPATCH,UNIT_SCADA,1,"2022/10/20 16:45:00",KEPSF1,9.40
D,DISPATCH,UNIT_SCADA,1,"2022/10/20 16:45:00",KEPWF1,15.48
D,DISPATCH,UNIT_SCADA,1,"2022/10/20 16:45:00",KIAMSF1,31.582360
D,DISPATCH,UNIT_SCADA,1,"2022/10/20 16:45:00",KIATAWF1,2.50
D,DISPATCH,UNIT_SCADA,1,"2022/10/20 16:45:00",KPP_1,0
D,DISPATCH,UNIT_SCADA,1,"2022/10/20 16:45:00",KSP1,32.31
D,DISPATCH,UNIT_SCADA,1,"2022/10/20 16:45:00",LADBROK1,0.01
D,DISPATCH,UNIT_SCADA,1,"2022/10/20 16:45:00",LADBROK2,0.02
D,DISPATCH,UNIT_SCADA,1,"2022/10/20 16:45:00",LBBG1,0
D,DISPATCH,UNIT_SCADA,1,"2022/10/20 16:45:00",LBBL1,0
D,DISPATCH,UNIT_SCADA,1,"2022/10/20 16:45:00",LD01,348.991360
D,DISPATCH,UNIT_SCADA,1,"2022/10/20 16:45:00",LD02,29.114660
D,DISPATCH,UNIT_SCADA,1,"2022/10/20 16:45:00",LD04,314.328430
D,DISPATCH,UNIT_SCADA,1,"2022/10/20 16:45:00",LEM_WIL,86.689780
D,DISPATCH,UNIT_SCADA,1,"2022/10/20 16:45:00",LGAPWF1,58.33
D,DISPATCH,UNIT_SCADA,1,"2022/10/20 16:45:00",LGAPWF2,37.15
D,DISPATCH,UNIT_SCADA,1,"2022/10/20 16:45:00",LILYSF1,6.356990
D,DISPATCH,UNIT_SCADA,1,"2022/10/20 16:45:00",LIMOSF11,84.601050
D,DISPATCH,UNIT_SCADA,1,"2022/10/20 16:45:00",LIMOSF21,12.281470
D,DISPATCH,UNIT_SCADA,1,"2022/10/20 16:45:00",LI_WY_CA,62.644520
D,DISPATCH,UNIT_SCADA,1,"2022/10/20 16:45:00",LKBONNY1,0
D,DISPATCH,UNIT_SCADA,1,"2022/10/20 16:45:00",LKBONNY2,9.673160
D,DISPATCH,UNIT_SCADA,1,"2022/10/20 16:45:00",LKBONNY3,3.126040
D,DISPATCH,UNIT_SCADA,1,"2022/10/20 16:45:00",LK_ECHO,0
D,DISPATCH,UNIT_SCADA,1,"2022/10/20 16:45:00",LNGS1,0
D,DISPATCH,UNIT_SCADA,1,"2022/10/20 16:45:00",LNGS2,0
D,DISPATCH,UNIT_SCADA,1,"2022/10/20 16:45:00",LONSDALE,0
D,DISPATCH,UNIT_SCADA,1,"2022/10/20 16:45:00",LOYYB1,580.450620
D,DISPATCH,UNIT_SCADA,1,"2022/10/20 16:45:00",LOYYB2,574.435420
D,DISPATCH,UNIT_SCADA,1,"2022/10/20 16:45:00",LYA1,555
D,DISPATCH,UNIT_SCADA,1,"2022/10/20 16:45:00",LYA2,0
D,DISPATCH,UNIT_SCADA,1,"2022/10/20 16:45:00",LYA3,555
D,DISPATCH,UNIT_SCADA,1,"2022/10/20 16:45:00",LYA4,556
D,DISPATCH,UNIT_SCADA,1,"2022/10/20 16:45:00",MACARTH1,50.098840
D,DISPATCH,UNIT_SCADA,1,"2022/10/20 16:45:00",MACKNTSH,0
D,DISPATCH,UNIT_SCADA,1,"2022/10/20 16:45:00",MANSLR1,5.5990
D,DISPATCH,UNIT_SCADA,1,"2022/10/20 16:45:00",MAPS2PV1,0
D,DISPATCH,UNIT_SCADA,1,"2022/10/20 16:45:00",MAPS3PV1,0
D,DISPATCH,UNIT_SCADA,1,"2022/10/20 16:45:00",MARYRSF1,3.21
D,DISPATCH,UNIT_SCADA,1,"2022/10/20 16:45:00",MBPS2PV1,0
D,DISPATCH,UNIT_SCADA,1,"2022/10/20 16:45:00",MCKAY1,218.289990
D,DISPATCH,UNIT_SCADA,1,"2022/10/20 16:45:00",MEADOWBK,5.944640
D,DISPATCH,UNIT_SCADA,1,"2022/10/20 16:45:00",MERCER01,28.30
D,DISPATCH,UNIT_SCADA,1,"2022/10/20 16:45:00",METZSF1,23.034220
D,DISPATCH,UNIT_SCADA,1,"2022/10/20 16:45:00",MEWF1,22.003710
D,DISPATCH,UNIT_SCADA,1,"2022/10/20 16:45:00",MIDDLSF1,4.76
D,DISPATCH,UNIT_SCADA,1,"2022/10/20 16:45:00",MINTARO,0.128180
D,DISPATCH,UNIT_SCADA,1,"2022/10/20 16:45:00",MOLNGSF1,2.711220
D,DISPATCH,UNIT_SCADA,1,"2022/10/20 16:45:00",MOORAWF1,36.86
D,DISPATCH,UNIT_SCADA,1,"2022/10/20 16:45:00",MOREESF1,1.3980
D,DISPATCH,UNIT_SCADA,1,"2022/10/20 16:45:00",MORTLK11,0
D,DISPATCH,UNIT_SCADA,1,"2022/10/20 16:45:00",MORTLK12,0
D,DISPATCH,UNIT_SCADA,1,"2022/10/20 16:45:00",MOUSF1,0
D,DISPATCH,UNIT_SCADA,1,"2022/10/20 16:45:00",MP1,0
D,DISPATCH,UNIT_SCADA,1,"2022/10/20 16:45:00",MP2,596.847470
D,DISPATCH,UNIT_SCADA,1,"2022/10/20 16:45:00",MPP_1,163.457630
D,DISPATCH,UNIT_SCADA,1,"2022/10/20 16:45:00",MPP_2,179.556180
D,DISPATCH,UNIT_SCADA,1,"2022/10/20 16:45:00",MRTLSWF1,0
D,DISPATCH,UNIT_SCADA,1,"2022/10/20 16:45:00",MSTUART1,0
D,DISPATCH,UNIT_SCADA,1,"2022/10/20 16:45:00",MSTUART2,0
D,DISPATCH,UNIT_SCADA,1,"2022/10/20 16:45:00",MSTUART3,0
D,DISPATCH,UNIT_SCADA,1,"2022/10/20 16:45:00",MTGELWF1,41.634880
D,DISPATCH,UNIT_SCADA,1,"2022/10/20 16:45:00",MTMILLAR,12.90
D,DISPATCH,UNIT_SCADA,1,"2022/10/20 16:45:00",MURRAY,0
D,DISPATCH,UNIT_SCADA,1,"2022/10/20 16:45:00",MUSSELR1,3.20
D,DISPATCH,UNIT_SCADA,1,"2022/10/20 16:45:00",MUWAWF1,32.66
D,DISPATCH,UNIT_SCADA,1,"2022/10/20 16:45:00",MUWAWF2,25.50
D,DISPATCH,UNIT_SCADA,1,"2022/10/20 16:45:00",MWPS1PV1,2.02
D,DISPATCH,UNIT_SCADA,1,"2022/10/20 16:45:00",MWPS2PV1,4.60
D,DISPATCH,UNIT_SCADA,1,"2022/10/20 16:45:00",MWPS3PV1,1.71
D,DISPATCH,UNIT_SCADA,1,"2022/10/20 16:45:00",MWPS4PV1,1.05
D,DISPATCH,UNIT_SCADA,1,"2022/10/20 16:45:00",NBHWF1,0
D,DISPATCH,UNIT_SCADA,1,"2022/10/20 16:45:00",NEVERSF1,5.31
D,DISPATCH,UNIT_SCADA,1,"2022/10/20 16:45:00",NPS,0
D,DISPATCH,UNIT_SCADA,1,"2022/10/20 16:45:00",NUMURSF1,23.63
D,DISPATCH,UNIT_SCADA,1,"2022/10/20 16:45:00",NYNGAN1,16
D,DISPATCH,UNIT_SCADA,1,"2022/10/20 16:45:00",OAKEY1,125.786270
D,DISPATCH,UNIT_SCADA,1,"2022/10/20 16:45:00",OAKEY1SF,2.9680
D,DISPATCH,UNIT_SCADA,1,"2022/10/20 16:45:00",OAKEY2,0
D,DISPATCH,UNIT_SCADA,1,"2022/10/20 16:45:00",OAKEY2SF,6.36
D,DISPATCH,UNIT_SCADA,1,"2022/10/20 16:45:00",OAKLAND1,13.50
D,DISPATCH,UNIT_SCADA,1,"2022/10/20 16:45:00",OSB-AG,139.179990
D,DISPATCH,UNIT_SCADA,1,"2022/10/20 16:45:00",PAREPS1,0
D,DISPATCH,UNIT_SCADA,1,"2022/10/20 16:45:00",PAREPW1,154.75
D,DISPATCH,UNIT_SCADA,1,"2022/10/20 16:45:00",PARSF1,8.601510
D,DISPATCH,UNIT_SCADA,1,"2022/10/20 16:45:00",POAT110,3.09
D,DISPATCH,UNIT_SCADA,1,"2022/10/20 16:45:00",POAT220,0
D,DISPATCH,UNIT_SCADA,1,"2022/10/20 16:45:00",POR01,0
D,DISPATCH,UNIT_SCADA,1,"2022/10/20 16:45:00",POR03,0
D,DISPATCH,UNIT_SCADA,1,"2022/10/20 16:45:00",PPCCGT,162.143360
D,DISPATCH,UNIT_SCADA,1,"2022/10/20 16:45:00",PTSTAN1,0
D,DISPATCH,UNIT_SCADA,1,"2022/10/20 16:45:00",PUMP1,0
D,DISPATCH,UNIT_SCADA,1,"2022/10/20 16:45:00",PUMP2,0
D,DISPATCH,UNIT_SCADA,1,"2022/10/20 16:45:00",QBYNBG1,0.0835
D,DISPATCH,UNIT_SCADA,1,"2022/10/20 16:45:00",QBYNBL1,0
D,DISPATCH,UNIT_SCADA,1,"2022/10/20 16:45:00",QPS1,0
D,DISPATCH,UNIT_SCADA,1,"2022/10/20 16:45:00",QPS2,0
D,DISPATCH,UNIT_SCADA,1,"2022/10/20 16:45:00",QPS3,0
D,DISPATCH,UNIT_SCADA,1,"2022/10/20 16:45:00",QPS4,0
D,DISPATCH,UNIT_SCADA,1,"2022/10/20 16:45:00",QPS5,73.55
D,DISPATCH,UNIT_SCADA,1,"2022/10/20 16:45:00",REECE1,44.495620
D,DISPATCH,UNIT_SCADA,1,"2022/10/20 16:45:00",REECE2,34.21
D,DISPATCH,UNIT_SCADA,1,"2022/10/20 16:45:00",ROMA_7,0
D,DISPATCH,UNIT_SCADA,1,"2022/10/20 16:45:00",ROMA_8,0
D,DISPATCH,UNIT_SCADA,1,"2022/10/20 16:45:00",RRSF1,82.556660
D,DISPATCH,UNIT_SCADA,1,"2022/10/20 16:45:00",RT_NSW1,0
D,DISPATCH,UNIT_SCADA,1,"2022/10/20 16:45:00",RT_NSW2,0
D,DISPATCH,UNIT_SCADA,1,"2022/10/20 16:45:00",RT_NSW3,0
D,DISPATCH,UNIT_SCADA,1,"2022/10/20 16:45:00",RT_NSW4,0
D,DISPATCH,UNIT_SCADA,1,"2022/10/20 16:45:00",RT_NSW5,0
D,DISPATCH,UNIT_SCADA,1,"2022/10/20 16:45:00",RT_NSW6,0
D,DISPATCH,UNIT_SCADA,1,"2022/10/20 16:45:00",RT_QLD1,0
D,DISPATCH,UNIT_SCADA,1,"2022/10/20 16:45:00",RT_SA1,0
D,DISPATCH,UNIT_SCADA,1,"2022/10/20 16:45:00",RT_SA2,0
D,DISPATCH,UNIT_SCADA,1,"2022/10/20 16:45:00",RT_SA3,0
D,DISPATCH,UNIT_SCADA,1,"2022/10/20 16:45:00",RT_SA4,0
D,DISPATCH,UNIT_SCADA,1,"2022/10/20 16:45:00",RT_SA5,0
D,DISPATCH,UNIT_SCADA,1,"2022/10/20 16:45:00",RT_SA6,0
D,DISPATCH,UNIT_SCADA,1,"2022/10/20 16:45:00",RT_TAS1,0
D,DISPATCH,UNIT_SCADA,1,"2022/10/20 16:45:00",RT_VIC1,0
D,DISPATCH,UNIT_SCADA,1,"2022/10/20 16:45:00",RT_VIC10,0
D,DISPATCH,UNIT_SCADA,1,"2022/10/20 16:45:00",RT_VIC11,0
D,DISPATCH,UNIT_SCADA,1,"2022/10/20 16:45:00",RT_VIC12,0
D,DISPATCH,UNIT_SCADA,1,"2022/10/20 16:45:00",RT_VIC2,0
D,DISPATCH,UNIT_SCADA,1,"2022/10/20 16:45:00",RT_VIC3,0
D,DISPATCH,UNIT_SCADA,1,"2022/10/20 16:45:00",RT_VIC4,0
D,DISPATCH,UNIT_SCADA,1,"2022/10/20 16:45:00",RT_VIC5,0
D,DISPATCH,UNIT_SCADA,1,"2022/10/20 16:45:00",RT_VIC6,0
D,DISPATCH,UNIT_SCADA,1,"2022/10/20 16:45:00",RT_VIC7,0
D,DISPATCH,UNIT_SCADA,1,"2022/10/20 16:45:00",RT_VIC8,0
D,DISPATCH,UNIT_SCADA,1,"2022/10/20 16:45:00",RT_VIC9,0
D,DISPATCH,UNIT_SCADA,1,"2022/10/20 16:45:00",RUGBYR1,8.316420
D,DISPATCH,UNIT_SCADA,1,"2022/10/20 16:45:00",SALTCRK1,21.03
D,DISPATCH,UNIT_SCADA,1,"2022/10/20 16:45:00",SAPHWF1,84.161130
D,DISPATCH,UNIT_SCADA,1,"2022/10/20 16:45:00",SEBSF1,4.733350
D,DISPATCH,UNIT_SCADA,1,"2022/10/20 16:45:00",SHGEN,0
D,DISPATCH,UNIT_SCADA,1,"2022/10/20 16:45:00",SHPUMP,0
D,DISPATCH,UNIT_SCADA,1,"2022/10/20 16:45:00",SITHE01,0.153860
D,DISPATCH,UNIT_SCADA,1,"2022/10/20 16:45:00",SMCSF1,16.9450
D,DISPATCH,UNIT_SCADA,1,"2022/10/20 16:45:00",SNAPPER1,0
D,DISPATCH,UNIT_SCADA,1,"2022/10/20 16:45:00",SNOWNTH1,21.50
D,DISPATCH,UNIT_SCADA,1,"2022/10/20 16:45:00",SNOWSTH1,24.20
D,DISPATCH,UNIT_SCADA,1,"2022/10/20 16:45:00",SNOWTWN1,15.197220
D,DISPATCH,UNIT_SCADA,1,"2022/10/20 16:45:00",SNOWYP,0
D,DISPATCH,UNIT_SCADA,1,"2022/10/20 16:45:00",SNUG1,0
D,DISPATCH,UNIT_SCADA,1,"2022/10/20 16:45:00",SRSF1,5.77
D,DISPATCH,UNIT_SCADA,1,"2022/10/20 16:45:00",STAN-1,277.582280
D,DISPATCH,UNIT_SCADA,1,"2022/10/20 16:45:00",STAN-2,363.8717
D,DISPATCH,UNIT_SCADA,1,"2022/10/20 16:45:00",STAN-3,249.562560
D,DISPATCH,UNIT_SCADA,1,"2022/10/20 16:45:00",STAN-4,364.5126
D,DISPATCH,UNIT_SCADA,1,"2022/10/20 16:45:00",STARHLWF,15.395510
D,DISPATCH,UNIT_SCADA,1,"2022/10/20 16:45:00",STOCKYD1,223.87
D,DISPATCH,UNIT_SCADA,1,"2022/10/20 16:45:00",STWF1,5.213090
D,DISPATCH,UNIT_SCADA,1,"2022/10/20 16:45:00",SUNRSF1,159.830630
D,DISPATCH,UNIT_SCADA,1,"2022/10/20 16:45:00",SUNTPSF1,43.789120
D,DISPATCH,UNIT_SCADA,1,"2022/10/20 16:45:00",SWAN_E,228.900630
D,DISPATCH,UNIT_SCADA,1,"2022/10/20 16:45:00",TALWA1,0
D,DISPATCH,UNIT_SCADA,1,"2022/10/20 16:45:00",TARALGA1,0
D,DISPATCH,UNIT_SCADA,1,"2022/10/20 16:45:00",TARONG#1,349.300020
D,DISPATCH,UNIT_SCADA,1,"2022/10/20 16:45:00",TARONG#2,349
D,DISPATCH,UNIT_SCADA,1,"2022/10/20 16:45:00",TARONG#3,0.90
D,DISPATCH,UNIT_SCADA,1,"2022/10/20 16:45:00",TARONG#4,244.30
D,DISPATCH,UNIT_SCADA,1,"2022/10/20 16:45:00",TARRALEA,54
D,DISPATCH,UNIT_SCADA,1,"2022/10/20 16:45:00",TBSF1,0.10
D,DISPATCH,UNIT_SCADA,1,"2022/10/20 16:45:00",TNPS1,418.9375
D,DISPATCH,UNIT_SCADA,1,"2022/10/20 16:45:00",TORRB1,0
D,DISPATCH,UNIT_SCADA,1,"2022/10/20 16:45:00",TORRB2,60
D,DISPATCH,UNIT_SCADA,1,"2022/10/20 16:45:00",TORRB3,0
D,DISPATCH,UNIT_SCADA,1,"2022/10/20 16:45:00",TORRB4,0
D,DISPATCH,UNIT_SCADA,1,"2022/10/20 16:45:00",TREVALLN,99.797410
D,DISPATCH,UNIT_SCADA,1,"2022/10/20 16:45:00",TRIBUTE,0
D,DISPATCH,UNIT_SCADA,1,"2022/10/20 16:45:00",TUMUT3,136.959990
D,DISPATCH,UNIT_SCADA,1,"2022/10/20 16:45:00",TUNGATIN,4.330020
D,DISPATCH,UNIT_SCADA,1,"2022/10/20 16:45:00",TVCC201,0
D,DISPATCH,UNIT_SCADA,1,"2022/10/20 16:45:00",TVPP104,0
D,DISPATCH,UNIT_SCADA,1,"2022/10/20 16:45:00",UPPTUMUT,0
D,DISPATCH,UNIT_SCADA,1,"2022/10/20 16:45:00",URANQ11,0
D,DISPATCH,UNIT_SCADA,1,"2022/10/20 16:45:00",URANQ12,0
D,DISPATCH,UNIT_SCADA,1,"2022/10/20 16:45:00",URANQ13,0
D,DISPATCH,UNIT_SCADA,1,"2022/10/20 16:45:00",URANQ14,0
D,DISPATCH,UNIT_SCADA,1,"2022/10/20 16:45:00",VBBG1,0
D,DISPATCH,UNIT_SCADA,1,"2022/10/20 16:45:00",VBBL1,3.10
D,DISPATCH,UNIT_SCADA,1,"2022/10/20 16:45:00",VP5,516.006960
D,DISPATCH,UNIT_SCADA,1,"2022/10/20 16:45:00",VP6,521.134090
D,DISPATCH,UNIT_SCADA,1,"2022/10/20 16:45:00",VPGS1,0
D,DISPATCH,UNIT_SCADA,1,"2022/10/20 16:45:00",VPGS2,0
D,DISPATCH,UNIT_SCADA,1,"2022/10/20 16:45:00",VPGS3,0
D,DISPATCH,UNIT_SCADA,1,"2022/10/20 16:45:00",VPGS4,0
D,DISPATCH,UNIT_SCADA,1,"2022/10/20 16:45:00",VPGS5,0
D,DISPATCH,UNIT_SCADA,1,"2022/10/20 16:45:00",VPGS6,0
D,DISPATCH,UNIT_SCADA,1,"2022/10/20 16:45:00",W/HOE#1,160.679990
D,DISPATCH,UNIT_SCADA,1,"2022/10/20 16:45:00",W/HOE#2,0
D,DISPATCH,UNIT_SCADA,1,"2022/10/20 16:45:00",WAGGNSF1,0
D,DISPATCH,UNIT_SCADA,1,"2022/10/20 16:45:00",WALGRVG1,0
D,DISPATCH,UNIT_SCADA,1,"2022/10/20 16:45:00",WALGRVL1,27.569380
D,DISPATCH,UNIT_SCADA,1,"2022/10/20 16:45:00",WANDBG1,0
D,DISPATCH,UNIT_SCADA,1,"2022/10/20 16:45:00",WANDBL1,0
D,DISPATCH,UNIT_SCADA,1,"2022/10/20 16:45:00",WARWSF1,2.71
D,DISPATCH,UNIT_SCADA,1,"2022/10/20 16:45:00",WARWSF2,3.23
D,DISPATCH,UNIT_SCADA,1,"2022/10/20 16:45:00",WATERLWF,2
D,DISPATCH,UNIT_SCADA,1,"2022/10/20 16:45:00",WDGPH1,5.6890
D,DISPATCH,UNIT_SCADA,1,"2022/10/20 16:45:00",WELLSF1,85.514610
D,DISPATCH,UNIT_SCADA,1,"2022/10/20 16:45:00",WEMENSF1,43.60
D,DISPATCH,UNIT_SCADA,1,"2022/10/20 16:45:00",WGWF1,4.80
D,DISPATCH,UNIT_SCADA,1,"2022/10/20 16:45:00",WHITSF1,6.20
D,DISPATCH,UNIT_SCADA,1,"2022/10/20 16:45:00",WINTSF1,34.56
D,DISPATCH,UNIT_SCADA,1,"2022/10/20 16:45:00",WKIEWA1,33.90
D,DISPATCH,UNIT_SCADA,1,"2022/10/20 16:45:00",WKIEWA2,34
D,DISPATCH,UNIT_SCADA,1,"2022/10/20 16:45:00",WOODLWN1,32.9463
D,DISPATCH,UNIT_SCADA,1,"2022/10/20 16:45:00",WOOLGSF1,2.590590
D,DISPATCH,UNIT_SCADA,1,"2022/10/20 16:45:00",WPWF,41.88
D,DISPATCH,UNIT_SCADA,1,"2022/10/20 16:45:00",WRSF1,3.409530
D,DISPATCH,UNIT_SCADA,1,"2022/10/20 16:45:00",WRWF1,29.280840
D,DISPATCH,UNIT_SCADA,1,"2022/10/20 16:45:00",WSTWYSF1,2.300290
D,DISPATCH,UNIT_SCADA,1,"2022/10/20 16:45:00",YABULU,0
D,DISPATCH,UNIT_SCADA,1,"2022/10/20 16:45:00",YABULU2,0
D,DISPATCH,UNIT_SCADA,1,"2022/10/20 16:45:00",YARANSF1,10.87
D,DISPATCH,UNIT_SCADA,1,"2022/10/20 16:45:00",YARWUN_1,161.16
D,DISPATCH,UNIT_SCADA,1,"2022/10/20 16:45:00",YATSF1,73.54
D,DISPATCH,UNIT_SCADA,1,"2022/10/20 16:45:00",YENDWF1,28.82
D,DISPATCH,UNIT_SCADA,1,"2022/10/20 16:45:00",YWPS1,353.6329
D,DISPATCH,UNIT_SCADA,1,"2022/10/20 16:45:00",YWPS2,288.468350
D,DISPATCH,UNIT_SCADA,1,"2022/10/20 16:45:00",YWPS3,359.106320
D,DISPATCH,UNIT_SCADA,1,"2022/10/20 16:45:00",YWPS4,0
C,"END OF REPORT",419
