C,NEMP.WORLD,DISPATCHSCADA,AEMO,PUBLIC,2022/10/20,19:10:11,0000000373275425,DISPATCHSCADA,0000000373275419
I,DISPATCH,UNIT_SCADA,1,SETTLEMENTDATE,DUID,SCADAVALUE
D,DISPATCH,UNIT_SCADA,1,"2022/10/20 19:15:00",BARCSF1,0.10
D,DISPATCH,UNIT_SCADA,1,"2022/10/20 19:15:00",BUTLERSG,8.699999
D,DISPATCH,UNIT_SCADA,1,"2022/10/20 19:15:00",CAPTL_WF,78.446510
D,DISPATCH,UNIT_SCADA,1,"2022/10/20 19:15:00",CHALLHWF,6.70
D,DISPATCH,UNIT_SCADA,1,"2022/10/20 19:15:00",CLOVER,13.110001
D,DISPATCH,UNIT_SCADA,1,"2022/10/20 19:15:00",CLUNY,6.377203
D,DISPATCH,UNIT_SCADA,1,"2022/10/20 19:15:00",CULLRGWF,-0.02
D,DISPATCH,UNIT_SCADA,1,"2022/10/20 19:15:00",DIAPURWF1,1.60
D,DISPATCH,UNIT_SCADA,1,"2022/10/20 19:15:00",ERGT01,0
D,DISPATCH,UNIT_SCADA,1,"2022/10/20 19:15:00",GB01,0
D,DISPATCH,UNIT_SCADA,1,"2022/10/20 19:15:00",GERMCRK,20.200001
D,DISPATCH,UNIT_SCADA,1,"2022/10/20 19:15:00",GRIFSF1,0.001526
D,DISPATCH,UNIT_SCADA,1,"2022/10/20 19:15:00",HEZ1,0
D,DISPATCH,UNIT_SCADA,1,"2022/10/20 19:15:00",HUGSF1,-0.0420
D,DISPATCH,UNIT_SCADA,1,"2022/10/20 19:15:00",KEPBG1,0
D,DISPATCH,UNIT_SCADA,1,"2022/10/20 19:15:00",LRSF1,0.0110
D,DISPATCH,UNIT_SCADA,1,"2022/10/20 19:15:00",MBAHNTH,43.649994
D,DISPATCH,UNIT_SCADA,1,"2022/10/20 19:15:00",MLSP1,0
D,DISPATCH,UNIT_SCADA,1,"2022/10/20 19:15:00",MLWF1,4.11
D,DISPATCH,UNIT_SCADA,1,"2022/10/20 19:15:00",PALOONA,30.779999
D,DISPATCH,UNIT_SCADA,1,"2022/10/20 19:15:00",PIONEER,27.200001
D,DISPATCH,UNIT_SCADA,1,"2022/10/20 19:15:00",PORTWF,43.700001
D,DISPATCH,UNIT_SCADA,1,"2022/10/20 19:15:00",REPULSE,9.867704
D,DISPATCH,UNIT_SCADA,1,"2022/10/20 19:15:00",ROWALLAN,8.7259
D,DISPATCH,UNIT_SCADA,1,"2022/10/20 19:15:00",ROYALLA1,0
D,DISPATCH,UNIT_SCADA,1,"2022/10/20 19:15:00",RPCG,-0.50
D,DISPATCH,UNIT_SCADA,1,"2022/10/20 19:15:00",RUBICON,0
D,DISPATCH,UNIT_SCADA,1,"2022/10/20 19:15:00",WAUBRAWF,80.966003
D,DISPATCH,UNIT_SCADA,1,"2022/10/20 19:15:00",WOOLNTH1,97.639999
D,DISPATCH,UNIT_SCADA,1,"2022/10/20 19:15:00",YAMBUKWF,4.30
D,DISPATCH,UNIT_SCADA,1,"2022/10/20 19:15:00",YSWF1,1.20
D,DISPATCH,UNIT_SCADA,1,"2022/10/20 19:15:00",ADPBA1G,0.0080
D,DISPATCH,UNIT_SCADA,1,"2022/10/20 19:15:00",ADPBA1L,0
D,DISPATCH,UNIT_SCADA,1,"2022/10/20 19:15:00",ADPPV1,0
D,DISPATCH,UNIT_SCADA,1,"2022/10/20 19:15:00",AGLHAL,30.907630
D,DISPATCH,UNIT_SCADA,1,"2022/10/20 19:15:00",AGLSOM,0
D,DISPATCH,UNIT_SCADA,1,"2022/10/20 19:15:00",ANGAST1,0
D,DISPATCH,UNIT_SCADA,1,"2022/10/20 19:15:00",ARWF1,52.40
D,DISPATCH,UNIT_SCADA,1,"2022/10/20 19:15:00",BALBG1,0
D,DISPATCH,UNIT_SCADA,1,"2022/10/20 19:15:00",BALBL1,0
D,DISPATCH,UNIT_SCADA,1,"2022/10/20 19:15:00",BALDHWF1,105.3680
D,DISPATCH,UNIT_SCADA,1,"2022/10/20 19:15:00",BANGOWF1,93.099560
D,DISPATCH,UNIT_SCADA,1,"2022/10/20 19:15:00",BANGOWF2,67.798970
D,DISPATCH,UNIT_SCADA,1,"2022/10/20 19:15:00",BANN1,0
D,DISPATCH,UNIT_SCADA,1,"2022/10/20 19:15:00",BARCALDN,0
D,DISPATCH,UNIT_SCADA,1,"2022/10/20 19:15:00",BARKIPS1,88.67
D,DISPATCH,UNIT_SCADA,1,"2022/10/20 19:15:00",BARRON-1,27.84
D,DISPATCH,UNIT_SCADA,1,"2022/10/20 19:15:00",BARRON-2,28.12
D,DISPATCH,UNIT_SCADA,1,"2022/10/20 19:15:00",BASTYAN,69.490010
D,DISPATCH,UNIT_SCADA,1,"2022/10/20 19:15:00",BBTHREE1,0
D,DISPATCH,UNIT_SCADA,1,"2022/10/20 19:15:00",BBTHREE2,0
D,DISPATCH,UNIT_SCADA,1,"2022/10/20 19:15:00",BBTHREE3,-1.07
D,DISPATCH,UNIT_SCADA,1,"2022/10/20 19:15:00",BDL01,0
D,DISPATCH,UNIT_SCADA,1,"2022/10/20 19:15:00",BDL02,0
D,DISPATCH,UNIT_SCADA,1,"2022/10/20 19:15:00",BERYLSF1,0
D,DISPATCH,UNIT_SCADA,1,"2022/10/20 19:15:00",BLOWERNG,62.60
D,DISPATCH,UNIT_SCADA,1,"2022/10/20 19:15:00",BLUEGSF1,0
D,DISPATCH,UNIT_SCADA,1,"2022/10/20 19:15:00",BLUFF1,2.90
D,DISPATCH,UNIT_SCADA,1,"2022/10/20 19:15:00",BNGSF1,0
D,DISPATCH,UNIT_SCADA,1,"2022/10/20 19:15:00",BNGSF2,0
D,DISPATCH,UNIT_SCADA,1,"2022/10/20 19:15:00",BOCORWF1,30.96
D,DISPATCH,UNIT_SCADA,1,"2022/10/20 19:15:00",BODWF1,106.319470
D,DISPATCH,UNIT_SCADA,1,"2022/10/20 19:15:00",BOMENSF1,0
D,DISPATCH,UNIT_SCADA,1,"2022/10/20 19:15:00",BOWWBA1G,0.0010
D,DISPATCH,UNIT_SCADA,1,"2022/10/20 19:15:00",BOWWBA1L,0
D,DISPATCH,UNIT_SCADA,1,"2022/10/20 19:15:00",BOWWPV1,0
D,DISPATCH,UNIT_SCADA,1,"2022/10/20 19:15:00",BRAEMAR1,0
D,DISPATCH,UNIT_SCADA,1,"2022/10/20 19:15:00",BRAEMAR2,0
D,DISPATCH,UNIT_SCADA,1,"2022/10/20 19:15:00",BRAEMAR3,0
D,DISPATCH,UNIT_SCADA,1,"2022/10/20 19:15:00",BRAEMAR5,145.0224
D,DISPATCH,UNIT_SCADA,1,"2022/10/20 19:15:00",BRAEMAR6,0
D,DISPATCH,UNIT_SCADA,1,"2022/10/20 19:15:00",BRAEMAR7,140.873150
D,DISPATCH,UNIT_SCADA,1,"2022/10/20 19:15:00",BROKENH1,0
D,DISPATCH,UNIT_SCADA,1,"2022/10/20 19:15:00",BRYB1WF1,102.5864
D,DISPATCH,UNIT_SCADA,1,"2022/10/20 19:15:00",BULBESG1,0
D,DISPATCH,UNIT_SCADA,1,"2022/10/20 19:15:00",BULBESL1,0.03
D,DISPATCH,UNIT_SCADA,1,"2022/10/20 19:15:00",BULGANA1,55.05
D,DISPATCH,UNIT_SCADA,1,"2022/10/20 19:15:00",BW01,659.690250
D,DISPATCH,UNIT_SCADA,1,"2022/10/20 19:15:00",BW02,639.694820
D,DISPATCH,UNIT_SCADA,1,"2022/10/20 19:15:00",BW03,617.087040
D,DISPATCH,UNIT_SCADA,1,"2022/10/20 19:15:00",BW04,0
D,DISPATCH,UNIT_SCADA,1,"2022/10/20 19:15:00",CALL_B_1,320.800020
D,DISPATCH,UNIT_SCADA,1,"2022/10/20 19:15:00",CALL_B_2,320.399990
D,DISPATCH,UNIT_SCADA,1,"2022/10/20 19:15:00",CATHROCK,4.30
D,DISPATCH,UNIT_SCADA,1,"2022/10/20 19:15:00",CBWWBA1G,0
D,DISPATCH,UNIT_SCADA,1,"2022/10/20 19:15:00",CBWWBA1L,0
D,DISPATCH,UNIT_SCADA,1,"2022/10/20 19:15:00",CETHANA,97.346250
D,DISPATCH,UNIT_SCADA,1,"2022/10/20 19:15:00",CG1,0
D,DISPATCH,UNIT_SCADA,1,"2022/10/20 19:15:00",CG2,0
D,DISPATCH,UNIT_SCADA,1,"2022/10/20 19:15:00",CG3,0
D,DISPATCH,UNIT_SCADA,1,"2022/10/20 19:15:00",CG4,0
D,DISPATCH,UNIT_SCADA,1,"2022/10/20 19:15:00",CHILDSF1,0
D,DISPATCH,UNIT_SCADA,1,"2022/10/20 19:15:00",CHYTWF1,10.23
D,DISPATCH,UNIT_SCADA,1,"2022/10/20 19:15:00",CLARESF1,0
D,DISPATCH,UNIT_SCADA,1,"2022/10/20 19:15:00",CLEMGPWF,3.817850
D,DISPATCH,UNIT_SCADA,1,"2022/10/20 19:15:00",CLERMSF1,0
D,DISPATCH,UNIT_SCADA,1,"2022/10/20 19:15:00",CNUNDAWF,15.117640
D,DISPATCH,UNIT_SCADA,1,"2022/10/20 19:15:00",COHUNSF1,0
D,DISPATCH,UNIT_SCADA,1,"2022/10/20 19:15:00",COLEASF1,0
D,DISPATCH,UNIT_SCADA,1,"2022/10/20 19:15:00",COLUMSF1,0
D,DISPATCH,UNIT_SCADA,1,"2022/10/20 19:15:00",COLWF01,128.570980
D,DISPATCH,UNIT_SCADA,1,"2022/10/20 19:15:00",COOPGWF1,350.84
D,DISPATCH,UNIT_SCADA,1,"2022/10/20 19:15:00",CPP_3,371.800020
D,DISPATCH,UNIT_SCADA,1,"2022/10/20 19:15:00",CPP_4,0
D,DISPATCH,UNIT_SCADA,1,"2022/10/20 19:15:00",CPSA,0
D,DISPATCH,UNIT_SCADA,1,"2022/10/20 19:15:00",CROOKWF2,37.954070
D,DISPATCH,UNIT_SCADA,1,"2022/10/20 19:15:00",CROWLWF1,34.510850
D,DISPATCH,UNIT_SCADA,1,"2022/10/20 19:15:00",CRURWF1,86.296410
D,DISPATCH,UNIT_SCADA,1,"2022/10/20 19:15:00",CRWASF1,0
D,DISPATCH,UNIT_SCADA,1,"2022/10/20 19:15:00",CSPVPS1,0
D,DISPATCH,UNIT_SCADA,1,"2022/10/20 19:15:00",CTHLWF1,0.003050
D,DISPATCH,UNIT_SCADA,1,"2022/10/20 19:15:00",DALNTH01,0
D,DISPATCH,UNIT_SCADA,1,"2022/10/20 19:15:00",DALNTHL1,0.086980
D,DISPATCH,UNIT_SCADA,1,"2022/10/20 19:15:00",DARLSF1,0
D,DISPATCH,UNIT_SCADA,1,"2022/10/20 19:15:00",DARTM1,0
D,DISPATCH,UNIT_SCADA,1,"2022/10/20 19:15:00",DAYDSF1,0
D,DISPATCH,UNIT_SCADA,1,"2022/10/20 19:15:00",DDPS1,0
D,DISPATCH,UNIT_SCADA,1,"2022/10/20 19:15:00",DDSF1,0
D,DISPATCH,UNIT_SCADA,1,"2022/10/20 19:15:00",DEVILS_G,60.602440
D,DISPATCH,UNIT_SCADA,1,"2022/10/20 19:15:00",DG_NSW1,0
D,DISPATCH,UNIT_SCADA,1,"2022/10/20 19:15:00",DG_QLD1,0
D,DISPATCH,UNIT_SCADA,1,"2022/10/20 19:15:00",DG_SA1,0
D,DISPATCH,UNIT_SCADA,1,"2022/10/20 19:15:00",DG_TAS1,0
D,DISPATCH,UNIT_SCADA,1,"2022/10/20 19:15:00",DG_VIC1,0
D,DISPATCH,UNIT_SCADA,1,"2022/10/20 19:15:00",DRYCGT1,0
D,DISPATCH,UNIT_SCADA,1,"2022/10/20 19:15:00",DRYCGT2,0
D,DISPATCH,UNIT_SCADA,1,"2022/10/20 19:15:00",DRYCGT3,0
D,DISPATCH,UNIT_SCADA,1,"2022/10/20 19:15:00",DUNDWF1,82.32
D,DISPATCH,UNIT_SCADA,1,"2022/10/20 19:15:00",DUNDWF2,23.48
D,DISPATCH,UNIT_SCADA,1,"2022/10/20 19:15:00",DUNDWF3,71.56
D,DISPATCH,UNIT_SCADA,1,"2022/10/20 19:15:00",EILDON1,60
D,DISPATCH,UNIT_SCADA,1,"2022/10/20 19:15:00",EILDON2,60.20
D,DISPATCH,UNIT_SCADA,1,"2022/10/20 19:15:00",ELAINWF1,7.20
D,DISPATCH,UNIT_SCADA,1,"2022/10/20 19:15:00",EMERASF1,0
D,DISPATCH,UNIT_SCADA,1,"2022/10/20 19:15:00",ER01,0
D,DISPATCH,UNIT_SCADA,1,"2022/10/20 19:15:00",ER02,618.893740
D,DISPATCH,UNIT_SCADA,1,"2022/10/20 19:15:00",ER03,639.621580
D,DISPATCH,UNIT_SCADA,1,"2022/10/20 19:15:00",ER04,699.778750
D,DISPATCH,UNIT_SCADA,1,"2022/10/20 19:15:00",FINLYSF1,0
D,DISPATCH,UNIT_SCADA,1,"2022/10/20 19:15:00",FISHER,43.91
D,DISPATCH,UNIT_SCADA,1,"2022/10/20 19:15:00",GANGARR1,0
D,DISPATCH,UNIT_SCADA,1,"2022/10/20 19:15:00",GANNBG1,20.455880
D,DISPATCH,UNIT_SCADA,1,"2022/10/20 19:15:00",GANNBL1,0
D,DISPATCH,UNIT_SCADA,1,"2022/10/20 19:15:00",GANNSF1,0
D,DISPATCH,UNIT_SCADA,1,"2022/10/20 19:15:00",GLRWNSF1,0
D,DISPATCH,UNIT_SCADA,1,"2022/10/20 19:15:00",GNNDHSF1,0
D,DISPATCH,UNIT_SCADA,1,"2022/10/20 19:15:00",GOONSF1,0
D,DISPATCH,UNIT_SCADA,1,"2022/10/20 19:15:00",GORDON,271.499420
D,DISPATCH,UNIT_SCADA,1,"2022/10/20 19:15:00",GRANWF1,0
D,DISPATCH,UNIT_SCADA,1,"2022/10/20 19:15:00",GSTONE1,213.50
D,DISPATCH,UNIT_SCADA,1,"2022/10/20 19:15:00",GSTONE2,0
D,DISPATCH,UNIT_SCADA,1,"2022/10/20 19:15:00",GSTONE3,200.20
D,DISPATCH,UNIT_SCADA,1,"2022/10/20 19:15:00",GSTONE4,0
D,DISPATCH,UNIT_SCADA,1,"2022/10/20 19:15:00",GSTONE5,212.099990
D,DISPATCH,UNIT_SCADA,1,"2022/10/20 19:15:00",GSTONE6,213.6750
D,DISPATCH,UNIT_SCADA,1,"2022/10/20 19:15:00",GULLRSF1,0
D,DISPATCH,UNIT_SCADA,1,"2022/10/20 19:15:00",GULLRWF1,79.773780
D,DISPATCH,UNIT_SCADA,1,"2022/10/20 19:15:00",GULLRWF2,73.253070
D,DISPATCH,UNIT_SCADA,1,"2022/10/20 19:15:00",GUNNING1,0
D,DISPATCH,UNIT_SCADA,1,"2022/10/20 19:15:00",GUTHEGA,68.30
D,DISPATCH,UNIT_SCADA,1,"2022/10/20 19:15:00",HALLWF1,4.10
D,DISPATCH,UNIT_SCADA,1,"2022/10/20 19:15:00",HALLWF2,1.44
D,DISPATCH,UNIT_SCADA,1,"2022/10/20 19:15:00",HAMISF1,0
D,DISPATCH,UNIT_SCADA,1,"2022/10/20 19:15:00",HAUGHT11,0
D,DISPATCH,UNIT_SCADA,1,"2022/10/20 19:15:00",HAYMSF1,0
D,DISPATCH,UNIT_SCADA,1,"2022/10/20 19:15:00",HDWF1,17
D,DISPATCH,UNIT_SCADA,1,"2022/10/20 19:15:00",HDWF2,12.30
D,DISPATCH,UNIT_SCADA,1,"2022/10/20 19:15:00",HDWF3,15.60
D,DISPATCH,UNIT_SCADA,1,"2022/10/20 19:15:00",HILLSTN1,0
D,DISPATCH,UNIT_SCADA,1,"2022/10/20 19:15:00",HPRG1,4.10
D,DISPATCH,UNIT_SCADA,1,"2022/10/20 19:15:00",HPRL1,0
D,DISPATCH,UNIT_SCADA,1,"2022/10/20 19:15:00",HUMENSW,55.401170
D,DISPATCH,UNIT_SCADA,1,"2022/10/20 19:15:00",HUMEV,0
D,DISPATCH,UNIT_SCADA,1,"2022/10/20 19:15:00",HVWWBA1G,0
D,DISPATCH,UNIT_SCADA,1,"2022/10/20 19:15:00",HVWWBA1L,0.0070
D,DISPATCH,UNIT_SCADA,1,"2022/10/20 19:15:00",HVWWPV1,0
D,DISPATCH,UNIT_SCADA,1,"2022/10/20 19:15:00",JBUTTERS,10.190130
D,DISPATCH,UNIT_SCADA,1,"2022/10/20 19:15:00",JEMALNG1,0
D,DISPATCH,UNIT_SCADA,1,"2022/10/20 19:15:00",JLA01,0
D,DISPATCH,UNIT_SCADA,1,"2022/10/20 19:15:00",JLA02,0
D,DISPATCH,UNIT_SCADA,1,"2022/10/20 19:15:00",JLA03,0
D,DISPATCH,UNIT_SCADA,1,"2022/10/20 19:15:00",JLA04,0
D,DISPATCH,UNIT_SCADA,1,"2022/10/20 19:15:00",JLB01,0
D,DISPATCH,UNIT_SCADA,1,"2022/10/20 19:15:00",JLB02,0.10
D,DISPATCH,UNIT_SCADA,1,"2022/10/20 19:15:00",JLB03,0
D,DISPATCH,UNIT_SCADA,1,"2022/10/20 19:15:00",JUNEESF1,0
D,DISPATCH,UNIT_SCADA,1,"2022/10/20 19:15:00",KABANWF1,0.4020
D,DISPATCH,UNIT_SCADA,1,"2022/10/20 19:15:00",KAREEYA1,0
D,DISPATCH,UNIT_SCADA,1,"2022/10/20 19:15:00",KAREEYA2,0
D,DISPATCH,UNIT_SCADA,1,"2022/10/20 19:15:00",KAREEYA3,4.9325
D,DISPATCH,UNIT_SCADA,1,"2022/10/20 19:15:00",KAREEYA4,0
D,DISPATCH,UNIT_SCADA,1,"2022/10/20 19:15:00",KARSF1,0
D,DISPATCH,UNIT_SCADA,1,"2022/10/20 19:15:00",KEPSF1,0
D,DISPATCH,UNIT_SCADA,1,"2022/10/20 19:15:00",KEPWF1,8.37
D,DISPATCH,UNIT_SCADA,1,"2022/10/20 19:15:00",KIAMSF1,0
D,DISPATCH,UNIT_SCADA,1,"2022/10/20 19:15:00",KIATAWF1,2.20
D,DISPATCH,UNIT_SCADA,1,"2022/10/20 19:15:00",KPP_1,0
D,DISPATCH,UNIT_SCADA,1,"2022/10/20 19:15:00",KSP1,0
D,DISPATCH,UNIT_SCADA,1,"2022/10/20 19:15:00",LADBROK1,0.01
D,DISPATCH,UNIT_SCADA,1,"2022/10/20 19:15:00",LADBROK2,0.02
D,DISPATCH,UNIT_SCADA,1,"2022/10/20 19:15:00",LBBG1,2.70
D,DISPATCH,UNIT_SCADA,1,"2022/10/20 19:15:00",LBBL1,0
D,DISPATCH,UNIT_SCADA,1,"2022/10/20 19:15:00",LD01,379.955440
D,DISPATCH,UNIT_SCADA,1,"2022/10/20 19:15:00",LD02,39.771720
D,DISPATCH,UNIT_SCADA,1,"2022/10/20 19:15:00",LD04,313.174840
D,DISPATCH,UNIT_SCADA,1,"2022/10/20 19:15:00",LEM_WIL,86.863040
D,DISPATCH,UNIT_SCADA,1,"2022/10/20 19:15:00",LGAPWF1,91.54
D,DISPATCH,UNIT_SCADA,1,"2022/10/20 19:15:00",LGAPWF2,61.97
D,DISPATCH,UNIT_SCADA,1,"2022/10/20 19:15:00",LILYSF1,0
D,DISPATCH,UNIT_SCADA,1,"2022/10/20 19:15:00",LIMOSF11,0
D,DISPATCH,UNIT_SCADA,1,"2022/10/20 19:15:00",LIMOSF21,0
D,DISPATCH,UNIT_SCADA,1,"2022/10/20 19:15:00",LI_WY_CA,62.979460
D,DISPATCH,UNIT_SCADA,1,"2022/10/20 19:15:00",LKBONNY1,13.485730
D,DISPATCH,UNIT_SCADA,1,"2022/10/20 19:15:00",LKBONNY2,58.8878
D,DISPATCH,UNIT_SCADA,1,"2022/10/20 19:15:00",LKBONNY3,15.797650
D,DISPATCH,UNIT_SCADA,1,"2022/10/20 19:15:00",LK_ECHO,0
D,DISPATCH,UNIT_SCADA,1,"2022/10/20 19:15:00",LNGS1,0
D,DISPATCH,UNIT_SCADA,1,"2022/10/20 19:15:00",LNGS2,0
D,DISPATCH,UNIT_SCADA,1,"2022/10/20 19:15:00",LONSDALE,0
D,DISPATCH,UNIT_SCADA,1,"2022/10/20 19:15:00",LOYYB1,582.330380
D,DISPATCH,UNIT_SCADA,1,"2022/10/20 19:15:00",LOYYB2,575.187320
D,DISPATCH,UNIT_SCADA,1,"2022/10/20 19:15:00",LYA1,561
D,DISPATCH,UNIT_SCADA,1,"2022/10/20 19:15:00",LYA2,0
D,DISPATCH,UNIT_SCADA,1,"2022/10/20 19:15:00",LYA3,560
D,DISPATCH,UNIT_SCADA,1,"2022/10/20 19:15:00",LYA4,561
D,DISPATCH,UNIT_SCADA,1,"2022/10/20 19:15:00",MACARTH1,72.698320
D,DISPATCH,UNIT_SCADA,1,"2022/10/20 19:15:00",MACKNTSH,70.030010
D,DISPATCH,UNIT_SCADA,1,"2022/10/20 19:15:00",MANSLR1,0
D,DISPATCH,UNIT_SCADA,1,"2022/10/20 19:15:00",MAPS2PV1,0
D,DISPATCH,UNIT_SCADA,1,"2022/10/20 19:15:00",MAPS3PV1,0
D,DISPATCH,UNIT_SCADA,1,"2022/10/20 19:15:00",MARYRSF1,0
D,DISPATCH,UNIT_SCADA,1,"2022/10/20 19:15:00",MBPS2PV1,0
D,DISPATCH,UNIT_SCADA,1,"2022/10/20 19:15:00",MCKAY1,222.1550
D,DISPATCH,UNIT_SCADA,1,"2022/10/20 19:15:00",MEADOWBK,19.977420
D,DISPATCH,UNIT_SCADA,1,"2022/10/20 19:15:00",MERCER01,14.50
D,DISPATCH,UNIT_SCADA,1,"2022/10/20 19:15:00",METZSF1,0
D,DISPATCH,UNIT_SCADA,1,"2022/10/20 19:15:00",MEWF1,13.095420
D,DISPATCH,UNIT_SCADA,1,"2022/10/20 19:15:00",MIDDLSF1,0
D,DISPATCH,UNIT_SCADA,1,"2022/10/20 19:15:00",MINTARO,0.128180
D,DISPATCH,UNIT_SCADA,1,"2022/10/20 19:15:00",MOLNGSF1,0
D,DISPATCH,UNIT_SCADA,1,"2022/10/20 19:15:00",MOORAWF1,13.01
D,DISPATCH,UNIT_SCADA,1,"2022/10/20 19:15:00",MOREESF1,0
D,DISPATCH,UNIT_SCADA,1,"2022/10/20 19:15:00",MORTLK11,0
D,DISPATCH,UNIT_SCADA,1,"2022/10/20 19:15:00",MORTLK12,0
D,DISPATCH,UNIT_SCADA,1,"2022/10/20 19:15:00",MOUSF1,0
D,DISPATCH,UNIT_SCADA,1,"2022/10/20 19:15:00",MP1,0
D,DISPATCH,UNIT_SCADA,1,"2022/10/20 19:15:00",MP2,623.0686
D,DISPATCH,UNIT_SCADA,1,"2022/10/20 19:15:00",MPP_1,194.2509
D,DISPATCH,UNIT_SCADA,1,"2022/10/20 19:15:00",MPP_2,172.369060
D,DISPATCH,UNIT_SCADA,1,"2022/10/20 19:15:00",MRTLSWF1,0
D,DISPATCH,UNIT_SCADA,1,"2022/10/20 19:15:00",MSTUART1,0
D,DISPATCH,UNIT_SCADA,1,"2022/10/20 19:15:00",MSTUART2,0
D,DISPATCH,UNIT_SCADA,1,"2022/10/20 19:15:00",MSTUART3,0
D,DISPATCH,UNIT_SCADA,1,"2022/10/20 19:15:00",MTGELWF1,65.294350
D,DISPATCH,UNIT_SCADA,1,"2022/10/20 19:15:00",MTMILLAR,13.90
D,DISPATCH,UNIT_SCADA,1,"2022/10/20 19:15:00",MURRAY,352.600010
D,DISPATCH,UNIT_SCADA,1,"2022/10/20 19:15:00",MUSSELR1,21.80
D,DISPATCH,UNIT_SCADA,1,"2022/10/20 19:15:00",MUWAWF1,3.11
D,DISPATCH,UNIT_SCADA,1,"2022/10/20 19:15:00",MUWAWF2,14.60
D,DISPATCH,UNIT_SCADA,1,"2022/10/20 19:15:00",MWPS1PV1,0
D,DISPATCH,UNIT_SCADA,1,"2022/10/20 19:15:00",MWPS2PV1,0
D,DISPATCH,UNIT_SCADA,1,"2022/10/20 19:15:00",MWPS3PV1,0
D,DISPATCH,UNIT_SCADA,1,"2022/10/20 19:15:00",MWPS4PV1,0
D,DISPATCH,UNIT_SCADA,1,"2022/10/20 19:15:00",NBHWF1,5
D,DISPATCH,UNIT_SCADA,1,"2022/10/20 19:15:00",NEVERSF1,0
D,DISPATCH,UNIT_SCADA,1,"2022/10/20 19:15:00",NPS,0
D,DISPATCH,UNIT_SCADA,1,"2022/10/20 19:15:00",NUMURSF1,0
D,DISPATCH,UNIT_SCADA,1,"2022/10/20 19:15:00",NYNGAN1,0
D,DISPATCH,UNIT_SCADA,1,"2022/10/20 19:15:00",OAKEY1,126.148830
D,DISPATCH,UNIT_SCADA,1,"2022/10/20 19:15:00",OAKEY1SF,0
D,DISPATCH,UNIT_SCADA,1,"2022/10/20 19:15:00",OAKEY2,0
D,DISPATCH,UNIT_SCADA,1,"2022/10/20 19:15:00",OAKEY2SF,0
D,DISPATCH,UNIT_SCADA,1,"2022/10/20 19:15:00",OAKLAND1,24.80
D,DISPATCH,UNIT_SCADA,1,"2022/10/20 19:15:00",OSB-AG,177.41
D,DISPATCH,UNIT_SCADA,1,"2022/10/20 19:15:00",PAREPS1,0
D,DISPATCH,UNIT_SCADA,1,"2022/10/20 19:15:00",PAREPW1,160.259990
D,DISPATCH,UNIT_SCADA,1,"2022/10/20 19:15:00",PARSF1,0.001530
D,DISPATCH,UNIT_SCADA,1,"2022/10/20 19:15:00",POAT110,2.96
D,DISPATCH,UNIT_SCADA,1,"2022/10/20 19:15:00",POAT220,0
D,DISPATCH,UNIT_SCADA,1,"2022/10/20 19:15:00",POR01,0.045290
D,DISPATCH,UNIT_SCADA,1,"2022/10/20 19:15:00",POR03,0
D,DISPATCH,UNIT_SCADA,1,"2022/10/20 19:15:00",PPCCGT,172.881030
D,DISPATCH,UNIT_SCADA,1,"2022/10/20 19:15:00",PTSTAN1,0
D,DISPATCH,UNIT_SCADA,1,"2022/10/20 19:15:00",PUMP1,0
D,DISPATCH,UNIT_SCADA,1,"2022/10/20 19:15:00",PUMP2,0
D,DISPATCH,UNIT_SCADA,1,"2022/10/20 19:15:00",QBYNBG1,0
D,DISPATCH,UNIT_SCADA,1,"2022/10/20 19:15:00",QBYNBL1,0.0015
D,DISPATCH,UNIT_SCADA,1,"2022/10/20 19:15:00",QPS1,0
D,DISPATCH,UNIT_SCADA,1,"2022/10/20 19:15:00",QPS2,0
D,DISPATCH,UNIT_SCADA,1,"2022/10/20 19:15:00",QPS3,0
D,DISPATCH,UNIT_SCADA,1,"2022/10/20 19:15:00",QPS4,0
D,DISPATCH,UNIT_SCADA,1,"2022/10/20 19:15:00",QPS5,119.969990
D,DISPATCH,UNIT_SCADA,1,"2022/10/20 19:15:00",REECE1,99.923710
D,DISPATCH,UNIT_SCADA,1,"2022/10/20 19:15:00",REECE2,99.500010
D,DISPATCH,UNIT_SCADA,1,"2022/10/20 19:15:00",ROMA_7,0
D,DISPATCH,UNIT_SCADA,1,"2022/10/20 19:15:00",ROMA_8,0
D,DISPATCH,UNIT_SCADA,1,"2022/10/20 19:15:00",RRSF1,0
D,DISPATCH,UNIT_SCADA,1,"2022/10/20 19:15:00",RT_NSW1,0
D,DISPATCH,UNIT_SCADA,1,"2022/10/20 19:15:00",RT_NSW2,0
D,DISPATCH,UNIT_SCADA,1,"2022/10/20 19:15:00",RT_NSW3,0
D,DISPATCH,UNIT_SCADA,1,"2022/10/20 19:15:00",RT_NSW4,0
D,DISPATCH,UNIT_SCADA,1,"2022/10/20 19:15:00",RT_NSW5,0
D,DISPATCH,UNIT_SCADA,1,"2022/10/20 19:15:00",RT_NSW6,0
D,DISPATCH,UNIT_SCADA,1,"2022/10/20 19:15:00",RT_QLD1,0
D,DISPATCH,UNIT_SCADA,1,"2022/10/20 19:15:00",RT_SA1,0
D,DISPATCH,UNIT_SCADA,1,"2022/10/20 19:15:00",RT_SA2,0
D,DISPATCH,UNIT_SCADA,1,"2022/10/20 19:15:00",RT_SA3,0
D,DISPATCH,UNIT_SCADA,1,"2022/10/20 19:15:00",RT_SA4,0
D,DISPATCH,UNIT_SCADA,1,"2022/10/20 19:15:00",RT_SA5,0
D,DISPATCH,UNIT_SCADA,1,"2022/10/20 19:15:00",RT_SA6,0
D,DISPATCH,UNIT_SCADA,1,"2022/10/20 19:15:00",RT_TAS1,0
D,DISPATCH,UNIT_SCADA,1,"2022/10/20 19:15:00",RT_VIC1,0
D,DISPATCH,UNIT_SCADA,1,"2022/10/20 19:15:00",RT_VIC10,0
D,DISPATCH,UNIT_SCADA,1,"2022/10/20 19:15:00",RT_VIC11,0
D,DISPATCH,UNIT_SCADA,1,"2022/10/20 19:15:00",RT_VIC12,0
D,DISPATCH,UNIT_SCADA,1,"2022/10/20 19:15:00",RT_VIC2,0
D,DISPATCH,UNIT_SCADA,1,"2022/10/20 19:15:00",RT_VIC3,0
D,DISPATCH,UNIT_SCADA,1,"2022/10/20 19:15:00",RT_VIC4,0
D,DISPATCH,UNIT_SCADA,1,"2022/10/20 19:15:00",RT_VIC5,0
D,DISPATCH,UNIT_SCADA,1,"2022/10/20 19:15:00",RT_VIC6,0
D,DISPATCH,UNIT_SCADA,1,"2022/10/20 19:15:00",RT_VIC7,0
D,DISPATCH,UNIT_SCADA,1,"2022/10/20 19:15:00",RT_VIC8,0
D,DISPATCH,UNIT_SCADA,1,"2022/10/20 19:15:00",RT_VIC9,0
D,DISPATCH,UNIT_SCADA,1,"2022/10/20 19:15:00",RUGBYR1,0
D,DISPATCH,UNIT_SCADA,1,"2022/10/20 19:15:00",SALTCRK1,29.81
D,DISPATCH,UNIT_SCADA,1,"2022/10/20 19:15:00",SAPHWF1,233.604950
D,DISPATCH,UNIT_SCADA,1,"2022/10/20 19:15:00",SEBSF1,0
D,DISPATCH,UNIT_SCADA,1,"2022/10/20 19:15:00",SHGEN,80.646240
D,DISPATCH,UNIT_SCADA,1,"2022/10/20 19:15:00",SHPUMP,0
D,DISPATCH,UNIT_SCADA,1,"2022/10/20 19:15:00",SITHE01,0.153860
D,DISPATCH,UNIT_SCADA,1,"2022/10/20 19:15:00",SMCSF1,0
D,DISPATCH,UNIT_SCADA,1,"2022/10/20 19:15:00",SNAPPER1,0
D,DISPATCH,UNIT_SCADA,1,"2022/10/20 19:15:00",SNOWNTH1,42.30
D,DISPATCH,UNIT_SCADA,1,"2022/10/20 19:15:00",SNOWSTH1,20.40
D,DISPATCH,UNIT_SCADA,1,"2022/10/20 19:15:00",SNOWTWN1,39.084220
D,DISPATCH,UNIT_SCADA,1,"2022/10/20 19:15:00",SNOWYP,0
D,DISPATCH,UNIT_SCADA,1,"2022/10/20 19:15:00",SNUG1,0
D,DISPATCH,UNIT_SCADA,1,"2022/10/20 19:15:00",SRSF1,0
D,DISPATCH,UNIT_SCADA,1,"2022/10/20 19:15:00",STAN-1,279.645940
D,DISPATCH,UNIT_SCADA,1,"2022/10/20 19:15:00",STAN-2,364.602330
D,DISPATCH,UNIT_SCADA,1,"2022/10/20 19:15:00",STAN-3,365.089390
D,DISPATCH,UNIT_SCADA,1,"2022/10/20 19:15:00",STAN-4,365.948180
D,DISPATCH,UNIT_SCADA,1,"2022/10/20 19:15:00",STARHLWF,8.397550
D,DISPATCH,UNIT_SCADA,1,"2022/10/20 19:15:00",STOCKYD1,161.56
D,DISPATCH,UNIT_SCADA,1,"2022/10/20 19:15:00",STWF1,121.713890
D,DISPATCH,UNIT_SCADA,1,"2022/10/20 19:15:00",SUNRSF1,0
D,DISPATCH,UNIT_SCADA,1,"2022/10/20 19:15:00",SUNTPSF1,0
D,DISPATCH,UNIT_SCADA,1,"2022/10/20 19:15:00",SWAN_E,343.541230
D,DISPATCH,UNIT_SCADA,1,"2022/10/20 19:15:00",TALWA1,0
D,DISPATCH,UNIT_SCADA,1,"2022/10/20 19:15:00",TARALGA1,0
D,DISPATCH,UNIT_SCADA,1,"2022/10/20 19:15:00",TARONG#1,349.700010
D,DISPATCH,UNIT_SCADA,1,"2022/10/20 19:15:00",TARONG#2,349.50
D,DISPATCH,UNIT_SCADA,1,"2022/10/20 19:15:00",TARONG#3,0.90
D,DISPATCH,UNIT_SCADA,1,"2022/10/20 19:15:00",TARONG#4,294.700010
D,DISPATCH,UNIT_SCADA,1,"2022/10/20 19:15:00",TARRALEA,53.80
D,DISPATCH,UNIT_SCADA,1,"2022/10/20 19:15:00",TBSF1,0
D,DISPATCH,UNIT_SCADA,1,"2022/10/20 19:15:00",TNPS1,420.4375
D,DISPATCH,UNIT_SCADA,1,"2022/10/20 19:15:00",TORRB1,0
D,DISPATCH,UNIT_SCADA,1,"2022/10/20 19:15:00",TORRB2,61
D,DISPATCH,UNIT_SCADA,1,"2022/10/20 19:15:00",TORRB3,0
D,DISPATCH,UNIT_SCADA,1,"2022/10/20 19:15:00",TORRB4,0
D,DISPATCH,UNIT_SCADA,1,"2022/10/20 19:15:00",TREVALLN,98.2523
D,DISPATCH,UNIT_SCADA,1,"2022/10/20 19:15:00",TRIBUTE,0
D,DISPATCH,UNIT_SCADA,1,"2022/10/20 19:15:00",TUMUT3,451.450010
D,DISPATCH,UNIT_SCADA,1,"2022/10/20 19:15:00",TUNGATIN,5.400010
D,DISPATCH,UNIT_SCADA,1,"2022/10/20 19:15:00",TVCC201,0
D,DISPATCH,UNIT_SCADA,1,"2022/10/20 19:15:00",TVPP104,57.787490
D,DISPATCH,UNIT_SCADA,1,"2022/10/20 19:15:00",UPPTUMUT,121.910160
D,DISPATCH,UNIT_SCADA,1,"2022/10/20 19:15:00",URANQ11,0
D,DISPATCH,UNIT_SCADA,1,"2022/10/20 19:15:00",URANQ12,0
D,DISPATCH,UNIT_SCADA,1,"2022/10/20 19:15:00",URANQ13,0
D,DISPATCH,UNIT_SCADA,1,"2022/10/20 19:15:00",URANQ14,154.821090
D,DISPATCH,UNIT_SCADA,1,"2022/10/20 19:15:00",VBBG1,12.80
D,DISPATCH,UNIT_SCADA,1,"2022/10/20 19:15:00",VBBL1,0
D,DISPATCH,UNIT_SCADA,1,"2022/10/20 19:15:00",VP5,558.610780
D,DISPATCH,UNIT_SCADA,1,"2022/10/20 19:15:00",VP6,598.748720
D,DISPATCH,UNIT_SCADA,1,"2022/10/20 19:15:00",VPGS1,0
D,DISPATCH,UNIT_SCADA,1,"2022/10/20 19:15:00",VPGS2,0
D,DISPATCH,UNIT_SCADA,1,"2022/10/20 19:15:00",VPGS3,0
D,DISPATCH,UNIT_SCADA,1,"2022/10/20 19:15:00",VPGS4,0
D,DISPATCH,UNIT_SCADA,1,"2022/10/20 19:15:00",VPGS5,0
D,DISPATCH,UNIT_SCADA,1,"2022/10/20 19:15:00",VPGS6,0
D,DISPATCH,UNIT_SCADA,1,"2022/10/20 19:15:00",W/HOE#1,161.36
D,DISPATCH,UNIT_SCADA,1,"2022/10/20 19:15:00",W/HOE#2,0
D,DISPATCH,UNIT_SCADA,1,"2022/10/20 19:15:00",WAGGNSF1,0
D,DISPATCH,UNIT_SCADA,1,"2022/10/20 19:15:00",WALGRVG1,3.262460
D,DISPATCH,UNIT_SCADA,1,"2022/10/20 19:15:00",WALGRVL1,0
D,DISPATCH,UNIT_SCADA,1,"2022/10/20 19:15:00",WANDBG1,0.033120
D,DISPATCH,UNIT_SCADA,1,"2022/10/20 19:15:00",WANDBL1,0
D,DISPATCH,UNIT_SCADA,1,"2022/10/20 19:15:00",WARWSF1,0
D,DISPATCH,UNIT_SCADA,1,"2022/10/20 19:15:00",WARWSF2,0
D,DISPATCH,UNIT_SCADA,1,"2022/10/20 19:15:00",WATERLWF,3.10
D,DISPATCH,UNIT_SCADA,1,"2022/10/20 19:15:00",WDGPH1,0
D,DISPATCH,UNIT_SCADA,1,"2022/10/20 19:15:00",WELLSF1,0
D,DISPATCH,UNIT_SCADA,1,"2022/10/20 19:15:00",WEMENSF1,0
D,DISPATCH,UNIT_SCADA,1,"2022/10/20 19:15:00",WGWF1,11
D,DISPATCH,UNIT_SCADA,1,"2022/10/20 19:15:00",WHITSF1,0
D,DISPATCH,UNIT_SCADA,1,"2022/10/20 19:15:00",WINTSF1,0
D,DISPATCH,UNIT_SCADA,1,"2022/10/20 19:15:00",WKIEWA1,34.10
D,DISPATCH,UNIT_SCADA,1,"2022/10/20 19:15:00",WKIEWA2,34.20
D,DISPATCH,UNIT_SCADA,1,"2022/10/20 19:15:00",WOODLWN1,33.587910
D,DISPATCH,UNIT_SCADA,1,"2022/10/20 19:15:00",WOOLGSF1,0
D,DISPATCH,UNIT_SCADA,1,"2022/10/20 19:15:00",WPWF,29.14
D,DISPATCH,UNIT_SCADA,1,"2022/10/20 19:15:00",WRSF1,0
D,DISPATCH,UNIT_SCADA,1,"2022/10/20 19:15:00",WRWF1,86.907460
D,DISPATCH,UNIT_SCADA,1,"2022/10/20 19:15:00",WSTWYSF1,0
D,DISPATCH,UNIT_SCADA,1,"2022/10/20 19:15:00",YABULU,154.170010
D,DISPATCH,UNIT_SCADA,1,"2022/10/20 19:15:00",YABULU2,0
D,DISPATCH,UNIT_SCADA,1,"2022/10/20 19:15:00",YARANSF1,0
D,DISPATCH,UNIT_SCADA,1,"2022/10/20 19:15:00",YARWUN_1,163.94
D,DISPATCH,UNIT_SCADA,1,"2022/10/20 19:15:00",YATSF1,0
D,DISPATCH,UNIT_SCADA,1,"2022/10/20 19:15:00",YENDWF1,10.74
D,DISPATCH,UNIT_SCADA,1,"2022/10/20 19:15:00",YWPS1,356.389860
D,DISPATCH,UNIT_SCADA,1,"2022/10/20 19:15:00",YWPS2,317.541780
D,DISPATCH,UNIT_SCADA,1,"2022/10/20 19:15:00",YWPS3,361.646850
D,DISPATCH,UNIT_SCADA,1,"2022/10/20 19:15:00",YWPS4,0
C,"END OF REPORT",419
