C,NEMP.WORLD,DISPATCHSCADA,AEMO,PUBLIC,2022/10/20,17:10:09,0000000373269389,DISPATCHSCADA,0000000373269383
I,DISPATCH,UNIT_SCADA,1,SETTLEMENTDATE,DUID,SCADAVALUE
D,DISPATCH,UNIT_SCADA,1,"2022/10/20 17:15:00",BARCSF1,9.30
D,DISPATCH,UNIT_SCADA,1,"2022/10/20 17:15:00",BUTLERSG,8.699999
D,DISPATCH,UNIT_SCADA,1,"2022/10/20 17:15:00",CAPTL_WF,88.731827
D,DISPATCH,UNIT_SCADA,1,"2022/10/20 17:15:00",CHALLHWF,9.90
D,DISPATCH,UNIT_SCADA,1,"2022/10/20 17:15:00",CLOVER,12.88
D,DISPATCH,UNIT_SCADA,1,"2022/10/20 17:15:00",CLUNY,6.238956
D,DISPATCH,UNIT_SCADA,1,"2022/10/20 17:15:00",CULLRGWF,-0.06
D,DISPATCH,UNIT_SCADA,1,"2022/10/20 17:15:00",DIAPURWF1,1.30
D,DISPATCH,UNIT_SCADA,1,"2022/10/20 17:15:00",ERGT01,0
D,DISPATCH,UNIT_SCADA,1,"2022/10/20 17:15:00",GB01,0
D,DISPATCH,UNIT_SCADA,1,"2022/10/20 17:15:00",GERMCRK,21.90
D,DISPATCH,UNIT_SCADA,1,"2022/10/20 17:15:00",GRIFSF1,5.699244
D,DISPATCH,UNIT_SCADA,1,"2022/10/20 17:15:00",HEZ1,0
D,DISPATCH,UNIT_SCADA,1,"2022/10/20 17:15:00",HUGSF1,1.1320
D,DISPATCH,UNIT_SCADA,1,"2022/10/20 17:15:00",KEPBG1,0.01
D,DISPATCH,UNIT_SCADA,1,"2022/10/20 17:15:00",LRSF1,8.464001
D,DISPATCH,UNIT_SCADA,1,"2022/10/20 17:15:00",MBAHNTH,43.481247
D,DISPATCH,UNIT_SCADA,1,"2022/10/20 17:15:00",MLSP1,0.389001
D,DISPATCH,UNIT_SCADA,1,"2022/10/20 17:15:00",MLWF1,6.78
D,DISPATCH,UNIT_SCADA,1,"2022/10/20 17:15:00",PALOONA,30.599998
D,DISPATCH,UNIT_SCADA,1,"2022/10/20 17:15:00",PIONEER,27.90
D,DISPATCH,UNIT_SCADA,1,"2022/10/20 17:15:00",PORTWF,30.40
D,DISPATCH,UNIT_SCADA,1,"2022/10/20 17:15:00",REPULSE,9.473412
D,DISPATCH,UNIT_SCADA,1,"2022/10/20 17:15:00",ROWALLAN,8.8679
D,DISPATCH,UNIT_SCADA,1,"2022/10/20 17:15:00",ROYALLA1,0
D,DISPATCH,UNIT_SCADA,1,"2022/10/20 17:15:00",RPCG,-1.80
D,DISPATCH,UNIT_SCADA,1,"2022/10/20 17:15:00",RUBICON,0
D,DISPATCH,UNIT_SCADA,1,"2022/10/20 17:15:00",WAUBRAWF,55.8540
D,DISPATCH,UNIT_SCADA,1,"2022/10/20 17:15:00",WOOLNTH1,95.539993
D,DISPATCH,UNIT_SCADA,1,"2022/10/20 17:15:00",YAMBUKWF,3.40
D,DISPATCH,UNIT_SCADA,1,"2022/10/20 17:15:00",YSWF1,1.50
D,DISPATCH,UNIT_SCADA,1,"2022/10/20 17:15:00",ADPBA1G,0.0080
D,DISPATCH,UNIT_SCADA,1,"2022/10/20 17:15:00",ADPBA1L,0
D,DISPATCH,UNIT_SCADA,1,"2022/10/20 17:15:00",ADPPV1,8.7580
D,DISPATCH,UNIT_SCADA,1,"2022/10/20 17:15:00",AGLHAL,30.732150
D,DISPATCH,UNIT_SCADA,1,"2022/10/20 17:15:00",AGLSOM,0
D,DISPATCH,UNIT_SCADA,1,"2022/10/20 17:15:00",ANGAST1,0
D,DISPATCH,UNIT_SCADA,1,"2022/10/20 17:15:00",ARWF1,75.30
D,DISPATCH,UNIT_SCADA,1,"2022/10/20 17:15:00",BALBG1,0
D,DISPATCH,UNIT_SCADA,1,"2022/10/20 17:15:00",BALBL1,0
D,DISPATCH,UNIT_SCADA,1,"2022/10/20 17:15:00",BALDHWF1,104.0630
D,DISPATCH,UNIT_SCADA,1,"2022/10/20 17:15:00",BANGOWF1,92.196230
D,DISPATCH,UNIT_SCADA,1,"2022/10/20 17:15:00",BANGOWF2,54.597920
D,DISPATCH,UNIT_SCADA,1,"2022/10/20 17:15:00",BANN1,11.84
D,DISPATCH,UNIT_SCADA,1,"2022/10/20 17:15:00",BARCALDN,0
D,DISPATCH,UNIT_SCADA,1,"2022/10/20 17:15:00",BARKIPS1,0
D,DISPATCH,UNIT_SCADA,1,"2022/10/20 17:15:00",BARRON-1,28.16
D,DISPATCH,UNIT_SCADA,1,"2022/10/20 17:15:00",BARRON-2,28.56
D,DISPATCH,UNIT_SCADA,1,"2022/10/20 17:15:00",BASTYAN,51
D,DISPATCH,UNIT_SCADA,1,"2022/10/20 17:15:00",BBTHREE1,0
D,DISPATCH,UNIT_SCADA,1,"2022/10/20 17:15:00",BBTHREE2,0
D,DISPATCH,UNIT_SCADA,1,"2022/10/20 17:15:00",BBTHREE3,-1.12
D,DISPATCH,UNIT_SCADA,1,"2022/10/20 17:15:00",BDL01,0
D,DISPATCH,UNIT_SCADA,1,"2022/10/20 17:15:00",BDL02,0
D,DISPATCH,UNIT_SCADA,1,"2022/10/20 17:15:00",BERYLSF1,8.271870
D,DISPATCH,UNIT_SCADA,1,"2022/10/20 17:15:00",BLOWERNG,62.50
D,DISPATCH,UNIT_SCADA,1,"2022/10/20 17:15:00",BLUEGSF1,3.143420
D,DISPATCH,UNIT_SCADA,1,"2022/10/20 17:15:00",BLUFF1,0.30
D,DISPATCH,UNIT_SCADA,1,"2022/10/20 17:15:00",BNGSF1,94.85
D,DISPATCH,UNIT_SCADA,1,"2022/10/20 17:15:00",BNGSF2,98.439990
D,DISPATCH,UNIT_SCADA,1,"2022/10/20 17:15:00",BOCORWF1,71.29
D,DISPATCH,UNIT_SCADA,1,"2022/10/20 17:15:00",BODWF1,91.501470
D,DISPATCH,UNIT_SCADA,1,"2022/10/20 17:15:00",BOMENSF1,13.753260
D,DISPATCH,UNIT_SCADA,1,"2022/10/20 17:15:00",BOWWBA1G,0
D,DISPATCH,UNIT_SCADA,1,"2022/10/20 17:15:00",BOWWBA1L,0.0010
D,DISPATCH,UNIT_SCADA,1,"2022/10/20 17:15:00",BOWWPV1,0.0010
D,DISPATCH,UNIT_SCADA,1,"2022/10/20 17:15:00",BRAEMAR1,0
D,DISPATCH,UNIT_SCADA,1,"2022/10/20 17:15:00",BRAEMAR2,0
D,DISPATCH,UNIT_SCADA,1,"2022/10/20 17:15:00",BRAEMAR3,0
D,DISPATCH,UNIT_SCADA,1,"2022/10/20 17:15:00",BRAEMAR5,144.186510
D,DISPATCH,UNIT_SCADA,1,"2022/10/20 17:15:00",BRAEMAR6,0
D,DISPATCH,UNIT_SCADA,1,"2022/10/20 17:15:00",BRAEMAR7,139.946620
D,DISPATCH,UNIT_SCADA,1,"2022/10/20 17:15:00",BROKENH1,17.699730
D,DISPATCH,UNIT_SCADA,1,"2022/10/20 17:15:00",BRYB1WF1,85.398640
D,DISPATCH,UNIT_SCADA,1,"2022/10/20 17:15:00",BULBESG1,0
D,DISPATCH,UNIT_SCADA,1,"2022/10/20 17:15:00",BULBESL1,0.06
D,DISPATCH,UNIT_SCADA,1,"2022/10/20 17:15:00",BULGANA1,76.83
D,DISPATCH,UNIT_SCADA,1,"2022/10/20 17:15:00",BW01,658.689270
D,DISPATCH,UNIT_SCADA,1,"2022/10/20 17:15:00",BW02,618.210140
D,DISPATCH,UNIT_SCADA,1,"2022/10/20 17:15:00",BW03,547.847720
D,DISPATCH,UNIT_SCADA,1,"2022/10/20 17:15:00",BW04,0
D,DISPATCH,UNIT_SCADA,1,"2022/10/20 17:15:00",CALL_B_1,320.200010
D,DISPATCH,UNIT_SCADA,1,"2022/10/20 17:15:00",CALL_B_2,317.800020
D,DISPATCH,UNIT_SCADA,1,"2022/10/20 17:15:00",CATHROCK,10.70
D,DISPATCH,UNIT_SCADA,1,"2022/10/20 17:15:00",CBWWBA1G,0
D,DISPATCH,UNIT_SCADA,1,"2022/10/20 17:15:00",CBWWBA1L,0
D,DISPATCH,UNIT_SCADA,1,"2022/10/20 17:15:00",CETHANA,97.7055
D,DISPATCH,UNIT_SCADA,1,"2022/10/20 17:15:00",CG1,0
D,DISPATCH,UNIT_SCADA,1,"2022/10/20 17:15:00",CG2,0
D,DISPATCH,UNIT_SCADA,1,"2022/10/20 17:15:00",CG3,0
D,DISPATCH,UNIT_SCADA,1,"2022/10/20 17:15:00",CG4,0
D,DISPATCH,UNIT_SCADA,1,"2022/10/20 17:15:00",CHILDSF1,0
D,DISPATCH,UNIT_SCADA,1,"2022/10/20 17:15:00",CHYTWF1,9.33
D,DISPATCH,UNIT_SCADA,1,"2022/10/20 17:15:00",CLARESF1,2.696960
D,DISPATCH,UNIT_SCADA,1,"2022/10/20 17:15:00",CLEMGPWF,13.398510
D,DISPATCH,UNIT_SCADA,1,"2022/10/20 17:15:00",CLERMSF1,9.81
D,DISPATCH,UNIT_SCADA,1,"2022/10/20 17:15:00",CNUNDAWF,5.406310
D,DISPATCH,UNIT_SCADA,1,"2022/10/20 17:15:00",COHUNSF1,7.84
D,DISPATCH,UNIT_SCADA,1,"2022/10/20 17:15:00",COLEASF1,10.001140
D,DISPATCH,UNIT_SCADA,1,"2022/10/20 17:15:00",COLUMSF1,5.11
D,DISPATCH,UNIT_SCADA,1,"2022/10/20 17:15:00",COLWF01,116.031130
D,DISPATCH,UNIT_SCADA,1,"2022/10/20 17:15:00",COOPGWF1,309.41
D,DISPATCH,UNIT_SCADA,1,"2022/10/20 17:15:00",CPP_3,370.975010
D,DISPATCH,UNIT_SCADA,1,"2022/10/20 17:15:00",CPP_4,0
D,DISPATCH,UNIT_SCADA,1,"2022/10/20 17:15:00",CPSA,0
D,DISPATCH,UNIT_SCADA,1,"2022/10/20 17:15:00",CROOKWF2,62.8751
D,DISPATCH,UNIT_SCADA,1,"2022/10/20 17:15:00",CROWLWF1,33.597440
D,DISPATCH,UNIT_SCADA,1,"2022/10/20 17:15:00",CRURWF1,55.997630
D,DISPATCH,UNIT_SCADA,1,"2022/10/20 17:15:00",CRWASF1,18.496510
D,DISPATCH,UNIT_SCADA,1,"2022/10/20 17:15:00",CSPVPS1,1.36
D,DISPATCH,UNIT_SCADA,1,"2022/10/20 17:15:00",CTHLWF1,0.003050
D,DISPATCH,UNIT_SCADA,1,"2022/10/20 17:15:00",DALNTH01,0
D,DISPATCH,UNIT_SCADA,1,"2022/10/20 17:15:00",DALNTHL1,0.004580
D,DISPATCH,UNIT_SCADA,1,"2022/10/20 17:15:00",DARLSF1,51.456170
D,DISPATCH,UNIT_SCADA,1,"2022/10/20 17:15:00",DARTM1,0
D,DISPATCH,UNIT_SCADA,1,"2022/10/20 17:15:00",DAYDSF1,3.46
D,DISPATCH,UNIT_SCADA,1,"2022/10/20 17:15:00",DDPS1,0
D,DISPATCH,UNIT_SCADA,1,"2022/10/20 17:15:00",DDSF1,4.829440
D,DISPATCH,UNIT_SCADA,1,"2022/10/20 17:15:00",DEVILS_G,59.205910
D,DISPATCH,UNIT_SCADA,1,"2022/10/20 17:15:00",DG_NSW1,0
D,DISPATCH,UNIT_SCADA,1,"2022/10/20 17:15:00",DG_QLD1,0
D,DISPATCH,UNIT_SCADA,1,"2022/10/20 17:15:00",DG_SA1,0
D,DISPATCH,UNIT_SCADA,1,"2022/10/20 17:15:00",DG_TAS1,0
D,DISPATCH,UNIT_SCADA,1,"2022/10/20 17:15:00",DG_VIC1,0
D,DISPATCH,UNIT_SCADA,1,"2022/10/20 17:15:00",DRYCGT1,0
D,DISPATCH,UNIT_SCADA,1,"2022/10/20 17:15:00",DRYCGT2,0
D,DISPATCH,UNIT_SCADA,1,"2022/10/20 17:15:00",DRYCGT3,0
D,DISPATCH,UNIT_SCADA,1,"2022/10/20 17:15:00",DUNDWF1,71.38
D,DISPATCH,UNIT_SCADA,1,"2022/10/20 17:15:00",DUNDWF2,18.75
D,DISPATCH,UNIT_SCADA,1,"2022/10/20 17:15:00",DUNDWF3,69.88
D,DISPATCH,UNIT_SCADA,1,"2022/10/20 17:15:00",EILDON1,59.92
D,DISPATCH,UNIT_SCADA,1,"2022/10/20 17:15:00",EILDON2,60.16
D,DISPATCH,UNIT_SCADA,1,"2022/10/20 17:15:00",ELAINWF1,17.06
D,DISPATCH,UNIT_SCADA,1,"2022/10/20 17:15:00",EMERASF1,0
D,DISPATCH,UNIT_SCADA,1,"2022/10/20 17:15:00",ER01,0
D,DISPATCH,UNIT_SCADA,1,"2022/10/20 17:15:00",ER02,661.570130
D,DISPATCH,UNIT_SCADA,1,"2022/10/20 17:15:00",ER03,637.399840
D,DISPATCH,UNIT_SCADA,1,"2022/10/20 17:15:00",ER04,687.718020
D,DISPATCH,UNIT_SCADA,1,"2022/10/20 17:15:00",FINLYSF1,88.517590
D,DISPATCH,UNIT_SCADA,1,"2022/10/20 17:15:00",FISHER,43.96
D,DISPATCH,UNIT_SCADA,1,"2022/10/20 17:15:00",GANGARR1,3.9010
D,DISPATCH,UNIT_SCADA,1,"2022/10/20 17:15:00",GANNBG1,0
D,DISPATCH,UNIT_SCADA,1,"2022/10/20 17:15:00",GANNBL1,0.3083
D,DISPATCH,UNIT_SCADA,1,"2022/10/20 17:15:00",GANNSF1,35.20
D,DISPATCH,UNIT_SCADA,1,"2022/10/20 17:15:00",GLRWNSF1,18.74
D,DISPATCH,UNIT_SCADA,1,"2022/10/20 17:15:00",GNNDHSF1,10.743190
D,DISPATCH,UNIT_SCADA,1,"2022/10/20 17:15:00",GOONSF1,5.262530
D,DISPATCH,UNIT_SCADA,1,"2022/10/20 17:15:00",GORDON,268.689540
D,DISPATCH,UNIT_SCADA,1,"2022/10/20 17:15:00",GRANWF1,0
D,DISPATCH,UNIT_SCADA,1,"2022/10/20 17:15:00",GSTONE1,200.724990
D,DISPATCH,UNIT_SCADA,1,"2022/10/20 17:15:00",GSTONE2,0
D,DISPATCH,UNIT_SCADA,1,"2022/10/20 17:15:00",GSTONE3,199.849990
D,DISPATCH,UNIT_SCADA,1,"2022/10/20 17:15:00",GSTONE4,0
D,DISPATCH,UNIT_SCADA,1,"2022/10/20 17:15:00",GSTONE5,200.899990
D,DISPATCH,UNIT_SCADA,1,"2022/10/20 17:15:00",GSTONE6,200.024990
D,DISPATCH,UNIT_SCADA,1,"2022/10/20 17:15:00",GULLRSF1,0.3250
D,DISPATCH,UNIT_SCADA,1,"2022/10/20 17:15:00",GULLRWF1,108.413350
D,DISPATCH,UNIT_SCADA,1,"2022/10/20 17:15:00",GULLRWF2,100.313540
D,DISPATCH,UNIT_SCADA,1,"2022/10/20 17:15:00",GUNNING1,0
D,DISPATCH,UNIT_SCADA,1,"2022/10/20 17:15:00",GUTHEGA,67.600010
D,DISPATCH,UNIT_SCADA,1,"2022/10/20 17:15:00",HALLWF1,0.89
D,DISPATCH,UNIT_SCADA,1,"2022/10/20 17:15:00",HALLWF2,0
D,DISPATCH,UNIT_SCADA,1,"2022/10/20 17:15:00",HAMISF1,0
D,DISPATCH,UNIT_SCADA,1,"2022/10/20 17:15:00",HAUGHT11,0
D,DISPATCH,UNIT_SCADA,1,"2022/10/20 17:15:00",HAYMSF1,0
D,DISPATCH,UNIT_SCADA,1,"2022/10/20 17:15:00",HDWF1,20.30
D,DISPATCH,UNIT_SCADA,1,"2022/10/20 17:15:00",HDWF2,22.10
D,DISPATCH,UNIT_SCADA,1,"2022/10/20 17:15:00",HDWF3,26.50
D,DISPATCH,UNIT_SCADA,1,"2022/10/20 17:15:00",HILLSTN1,0
D,DISPATCH,UNIT_SCADA,1,"2022/10/20 17:15:00",HPRG1,0
D,DISPATCH,UNIT_SCADA,1,"2022/10/20 17:15:00",HPRL1,6.50
D,DISPATCH,UNIT_SCADA,1,"2022/10/20 17:15:00",HUMENSW,55.136610
D,DISPATCH,UNIT_SCADA,1,"2022/10/20 17:15:00",HUMEV,0
D,DISPATCH,UNIT_SCADA,1,"2022/10/20 17:15:00",HVWWBA1G,0
D,DISPATCH,UNIT_SCADA,1,"2022/10/20 17:15:00",HVWWBA1L,0.0060
D,DISPATCH,UNIT_SCADA,1,"2022/10/20 17:15:00",HVWWPV1,3.4480
D,DISPATCH,UNIT_SCADA,1,"2022/10/20 17:15:00",JBUTTERS,0
D,DISPATCH,UNIT_SCADA,1,"2022/10/20 17:15:00",JEMALNG1,5.04
D,DISPATCH,UNIT_SCADA,1,"2022/10/20 17:15:00",JLA01,0
D,DISPATCH,UNIT_SCADA,1,"2022/10/20 17:15:00",JLA02,0
D,DISPATCH,UNIT_SCADA,1,"2022/10/20 17:15:00",JLA03,0
D,DISPATCH,UNIT_SCADA,1,"2022/10/20 17:15:00",JLA04,0
D,DISPATCH,UNIT_SCADA,1,"2022/10/20 17:15:00",JLB01,0
D,DISPATCH,UNIT_SCADA,1,"2022/10/20 17:15:00",JLB02,0.10
D,DISPATCH,UNIT_SCADA,1,"2022/10/20 17:15:00",JLB03,0
D,DISPATCH,UNIT_SCADA,1,"2022/10/20 17:15:00",JUNEESF1,2.174590
D,DISPATCH,UNIT_SCADA,1,"2022/10/20 17:15:00",KABANWF1,2.9560
D,DISPATCH,UNIT_SCADA,1,"2022/10/20 17:15:00",KAREEYA1,17.96
D,DISPATCH,UNIT_SCADA,1,"2022/10/20 17:15:00",KAREEYA2,0
D,DISPATCH,UNIT_SCADA,1,"2022/10/20 17:15:00",KAREEYA3,21.4250
D,DISPATCH,UNIT_SCADA,1,"2022/10/20 17:15:00",KAREEYA4,0
D,DISPATCH,UNIT_SCADA,1,"2022/10/20 17:15:00",KARSF1,29.30
D,DISPATCH,UNIT_SCADA,1,"2022/10/20 17:15:00",KEPSF1,1.30
D,DISPATCH,UNIT_SCADA,1,"2022/10/20 17:15:00",KEPWF1,17.13
D,DISPATCH,UNIT_SCADA,1,"2022/10/20 17:15:00",KIAMSF1,28.7747
D,DISPATCH,UNIT_SCADA,1,"2022/10/20 17:15:00",KIATAWF1,5.60
D,DISPATCH,UNIT_SCADA,1,"2022/10/20 17:15:00",KPP_1,0
D,DISPATCH,UNIT_SCADA,1,"2022/10/20 17:15:00",KSP1,1.73
D,DISPATCH,UNIT_SCADA,1,"2022/10/20 17:15:00",LADBROK1,0.01
D,DISPATCH,UNIT_SCADA,1,"2022/10/20 17:15:00",LADBROK2,0.02
D,DISPATCH,UNIT_SCADA,1,"2022/10/20 17:15:00",LBBG1,0
D,DISPATCH,UNIT_SCADA,1,"2022/10/20 17:15:00",LBBL1,0
D,DISPATCH,UNIT_SCADA,1,"2022/10/20 17:15:00",LD01,372.209840
D,DISPATCH,UNIT_SCADA,1,"2022/10/20 17:15:00",LD02,30.799280
D,DISPATCH,UNIT_SCADA,1,"2022/10/20 17:15:00",LD04,315.683470
D,DISPATCH,UNIT_SCADA,1,"2022/10/20 17:15:00",LEM_WIL,86.841220
D,DISPATCH,UNIT_SCADA,1,"2022/10/20 17:15:00",LGAPWF1,68.98
D,DISPATCH,UNIT_SCADA,1,"2022/10/20 17:15:00",LGAPWF2,48.02
D,DISPATCH,UNIT_SCADA,1,"2022/10/20 17:15:00",LILYSF1,3.489790
D,DISPATCH,UNIT_SCADA,1,"2022/10/20 17:15:00",LIMOSF11,17.669490
D,DISPATCH,UNIT_SCADA,1,"2022/10/20 17:15:00",LIMOSF21,2.358590
D,DISPATCH,UNIT_SCADA,1,"2022/10/20 17:15:00",LI_WY_CA,62.773770
D,DISPATCH,UNIT_SCADA,1,"2022/10/20 17:15:00",LKBONNY1,8.305780
D,DISPATCH,UNIT_SCADA,1,"2022/10/20 17:15:00",LKBONNY2,16.756830
D,DISPATCH,UNIT_SCADA,1,"2022/10/20 17:15:00",LKBONNY3,2.344530
D,DISPATCH,UNIT_SCADA,1,"2022/10/20 17:15:00",LK_ECHO,0
D,DISPATCH,UNIT_SCADA,1,"2022/10/20 17:15:00",LNGS1,0
D,DISPATCH,UNIT_SCADA,1,"2022/10/20 17:15:00",LNGS2,0
D,DISPATCH,UNIT_SCADA,1,"2022/10/20 17:15:00",LONSDALE,0
D,DISPATCH,UNIT_SCADA,1,"2022/10/20 17:15:00",LOYYB1,578.570860
D,DISPATCH,UNIT_SCADA,1,"2022/10/20 17:15:00",LOYYB2,574.8114
D,DISPATCH,UNIT_SCADA,1,"2022/10/20 17:15:00",LYA1,557
D,DISPATCH,UNIT_SCADA,1,"2022/10/20 17:15:00",LYA2,0
D,DISPATCH,UNIT_SCADA,1,"2022/10/20 17:15:00",LYA3,558
D,DISPATCH,UNIT_SCADA,1,"2022/10/20 17:15:00",LYA4,558
D,DISPATCH,UNIT_SCADA,1,"2022/10/20 17:15:00",MACARTH1,59.798620
D,DISPATCH,UNIT_SCADA,1,"2022/10/20 17:15:00",MACKNTSH,25.12
D,DISPATCH,UNIT_SCADA,1,"2022/10/20 17:15:00",MANSLR1,2.4670
D,DISPATCH,UNIT_SCADA,1,"2022/10/20 17:15:00",MAPS2PV1,0
D,DISPATCH,UNIT_SCADA,1,"2022/10/20 17:15:00",MAPS3PV1,0
D,DISPATCH,UNIT_SCADA,1,"2022/10/20 17:15:00",MARYRSF1,1.51
D,DISPATCH,UNIT_SCADA,1,"2022/10/20 17:15:00",MBPS2PV1,0
D,DISPATCH,UNIT_SCADA,1,"2022/10/20 17:15:00",MCKAY1,219.77
D,DISPATCH,UNIT_SCADA,1,"2022/10/20 17:15:00",MEADOWBK,6.087540
D,DISPATCH,UNIT_SCADA,1,"2022/10/20 17:15:00",MERCER01,24.60
D,DISPATCH,UNIT_SCADA,1,"2022/10/20 17:15:00",METZSF1,30.020030
D,DISPATCH,UNIT_SCADA,1,"2022/10/20 17:15:00",MEWF1,0
D,DISPATCH,UNIT_SCADA,1,"2022/10/20 17:15:00",MIDDLSF1,1.93
D,DISPATCH,UNIT_SCADA,1,"2022/10/20 17:15:00",MINTARO,0.128180
D,DISPATCH,UNIT_SCADA,1,"2022/10/20 17:15:00",MOLNGSF1,2.789350
D,DISPATCH,UNIT_SCADA,1,"2022/10/20 17:15:00",MOORAWF1,35.79
D,DISPATCH,UNIT_SCADA,1,"2022/10/20 17:15:00",MOREESF1,0.6920
D,DISPATCH,UNIT_SCADA,1,"2022/10/20 17:15:00",MORTLK11,0
D,DISPATCH,UNIT_SCADA,1,"2022/10/20 17:15:00",MORTLK12,0
D,DISPATCH,UNIT_SCADA,1,"2022/10/20 17:15:00",MOUSF1,0
D,DISPATCH,UNIT_SCADA,1,"2022/10/20 17:15:00",MP1,0
D,DISPATCH,UNIT_SCADA,1,"2022/10/20 17:15:00",MP2,599.777220
D,DISPATCH,UNIT_SCADA,1,"2022/10/20 17:15:00",MPP_1,191.595780
D,DISPATCH,UNIT_SCADA,1,"2022/10/20 17:15:00",MPP_2,175.710850
D,DISPATCH,UNIT_SCADA,1,"2022/10/20 17:15:00",MRTLSWF1,0
D,DISPATCH,UNIT_SCADA,1,"2022/10/20 17:15:00",MSTUART1,0
D,DISPATCH,UNIT_SCADA,1,"2022/10/20 17:15:00",MSTUART2,0
D,DISPATCH,UNIT_SCADA,1,"2022/10/20 17:15:00",MSTUART3,0
D,DISPATCH,UNIT_SCADA,1,"2022/10/20 17:15:00",MTGELWF1,52.240060
D,DISPATCH,UNIT_SCADA,1,"2022/10/20 17:15:00",MTMILLAR,11.50
D,DISPATCH,UNIT_SCADA,1,"2022/10/20 17:15:00",MURRAY,115
D,DISPATCH,UNIT_SCADA,1,"2022/10/20 17:15:00",MUSSELR1,2.80
D,DISPATCH,UNIT_SCADA,1,"2022/10/20 17:15:00",MUWAWF1,21.15
D,DISPATCH,UNIT_SCADA,1,"2022/10/20 17:15:00",MUWAWF2,19.20
D,DISPATCH,UNIT_SCADA,1,"2022/10/20 17:15:00",MWPS1PV1,0.43
D,DISPATCH,UNIT_SCADA,1,"2022/10/20 17:15:00",MWPS2PV1,4.60
D,DISPATCH,UNIT_SCADA,1,"2022/10/20 17:15:00",MWPS3PV1,1.52
D,DISPATCH,UNIT_SCADA,1,"2022/10/20 17:15:00",MWPS4PV1,0.97
D,DISPATCH,UNIT_SCADA,1,"2022/10/20 17:15:00",NBHWF1,5.30
D,DISPATCH,UNIT_SCADA,1,"2022/10/20 17:15:00",NEVERSF1,0.36
D,DISPATCH,UNIT_SCADA,1,"2022/10/20 17:15:00",NPS,0
D,DISPATCH,UNIT_SCADA,1,"2022/10/20 17:15:00",NUMURSF1,13.74
D,DISPATCH,UNIT_SCADA,1,"2022/10/20 17:15:00",NYNGAN1,9.50
D,DISPATCH,UNIT_SCADA,1,"2022/10/20 17:15:00",OAKEY1,125.786270
D,DISPATCH,UNIT_SCADA,1,"2022/10/20 17:15:00",OAKEY1SF,1.6370
D,DISPATCH,UNIT_SCADA,1,"2022/10/20 17:15:00",OAKEY2,0
D,DISPATCH,UNIT_SCADA,1,"2022/10/20 17:15:00",OAKEY2SF,3.36
D,DISPATCH,UNIT_SCADA,1,"2022/10/20 17:15:00",OAKLAND1,18.30
D,DISPATCH,UNIT_SCADA,1,"2022/10/20 17:15:00",OSB-AG,148.289990
D,DISPATCH,UNIT_SCADA,1,"2022/10/20 17:15:00",PAREPS1,0
D,DISPATCH,UNIT_SCADA,1,"2022/10/20 17:15:00",PAREPW1,182.709990
D,DISPATCH,UNIT_SCADA,1,"2022/10/20 17:15:00",PARSF1,3.999390
D,DISPATCH,UNIT_SCADA,1,"2022/10/20 17:15:00",POAT110,3.26
D,DISPATCH,UNIT_SCADA,1,"2022/10/20 17:15:00",POAT220,0
D,DISPATCH,UNIT_SCADA,1,"2022/10/20 17:15:00",POR01,0.008670
D,DISPATCH,UNIT_SCADA,1,"2022/10/20 17:15:00",POR03,0
D,DISPATCH,UNIT_SCADA,1,"2022/10/20 17:15:00",PPCCGT,162.143360
D,DISPATCH,UNIT_SCADA,1,"2022/10/20 17:15:00",PTSTAN1,0
D,DISPATCH,UNIT_SCADA,1,"2022/10/20 17:15:00",PUMP1,0
D,DISPATCH,UNIT_SCADA,1,"2022/10/20 17:15:00",PUMP2,0
D,DISPATCH,UNIT_SCADA,1,"2022/10/20 17:15:00",QBYNBG1,0.0015
D,DISPATCH,UNIT_SCADA,1,"2022/10/20 17:15:00",QBYNBL1,0
D,DISPATCH,UNIT_SCADA,1,"2022/10/20 17:15:00",QPS1,0
D,DISPATCH,UNIT_SCADA,1,"2022/10/20 17:15:00",QPS2,0
D,DISPATCH,UNIT_SCADA,1,"2022/10/20 17:15:00",QPS3,0
D,DISPATCH,UNIT_SCADA,1,"2022/10/20 17:15:00",QPS4,0
D,DISPATCH,UNIT_SCADA,1,"2022/10/20 17:15:00",QPS5,73.87
D,DISPATCH,UNIT_SCADA,1,"2022/10/20 17:15:00",REECE1,44.788230
D,DISPATCH,UNIT_SCADA,1,"2022/10/20 17:15:00",REECE2,34.26
D,DISPATCH,UNIT_SCADA,1,"2022/10/20 17:15:00",ROMA_7,0
D,DISPATCH,UNIT_SCADA,1,"2022/10/20 17:15:00",ROMA_8,0
D,DISPATCH,UNIT_SCADA,1,"2022/10/20 17:15:00",RRSF1,5.6833
D,DISPATCH,UNIT_SCADA,1,"2022/10/20 17:15:00",RT_NSW1,0
D,DISPATCH,UNIT_SCADA,1,"2022/10/20 17:15:00",RT_NSW2,0
D,DISPATCH,UNIT_SCADA,1,"2022/10/20 17:15:00",RT_NSW3,0
D,DISPATCH,UNIT_SCADA,1,"2022/10/20 17:15:00",RT_NSW4,0
D,DISPATCH,UNIT_SCADA,1,"2022/10/20 17:15:00",RT_NSW5,0
D,DISPATCH,UNIT_SCADA,1,"2022/10/20 17:15:00",RT_NSW6,0
D,DISPATCH,UNIT_SCADA,1,"2022/10/20 17:15:00",RT_QLD1,0
D,DISPATCH,UNIT_SCADA,1,"2022/10/20 17:15:00",RT_SA1,0
D,DISPATCH,UNIT_SCADA,1,"2022/10/20 17:15:00",RT_SA2,0
D,DISPATCH,UNIT_SCADA,1,"2022/10/20 17:15:00",RT_SA3,0
D,DISPATCH,UNIT_SCADA,1,"2022/10/20 17:15:00",RT_SA4,0
D,DISPATCH,UNIT_SCADA,1,"2022/10/20 17:15:00",RT_SA5,0
D,DISPATCH,UNIT_SCADA,1,"2022/10/20 17:15:00",RT_SA6,0
D,DISPATCH,UNIT_SCADA,1,"2022/10/20 17:15:00",RT_TAS1,0
D,DISPATCH,UNIT_SCADA,1,"2022/10/20 17:15:00",RT_VIC1,0
D,DISPATCH,UNIT_SCADA,1,"2022/10/20 17:15:00",RT_VIC10,0
D,DISPATCH,UNIT_SCADA,1,"2022/10/20 17:15:00",RT_VIC11,0
D,DISPATCH,UNIT_SCADA,1,"2022/10/20 17:15:00",RT_VIC12,0
D,DISPATCH,UNIT_SCADA,1,"2022/10/20 17:15:00",RT_VIC2,0
D,DISPATCH,UNIT_SCADA,1,"2022/10/20 17:15:00",RT_VIC3,0
D,DISPATCH,UNIT_SCADA,1,"2022/10/20 17:15:00",RT_VIC4,0
D,DISPATCH,UNIT_SCADA,1,"2022/10/20 17:15:00",RT_VIC5,0
D,DISPATCH,UNIT_SCADA,1,"2022/10/20 17:15:00",RT_VIC6,0
D,DISPATCH,UNIT_SCADA,1,"2022/10/20 17:15:00",RT_VIC7,0
D,DISPATCH,UNIT_SCADA,1,"2022/10/20 17:15:00",RT_VIC8,0
D,DISPATCH,UNIT_SCADA,1,"2022/10/20 17:15:00",RT_VIC9,0
D,DISPATCH,UNIT_SCADA,1,"2022/10/20 17:15:00",RUGBYR1,30.369790
D,DISPATCH,UNIT_SCADA,1,"2022/10/20 17:15:00",SALTCRK1,22.69
D,DISPATCH,UNIT_SCADA,1,"2022/10/20 17:15:00",SAPHWF1,77.981230
D,DISPATCH,UNIT_SCADA,1,"2022/10/20 17:15:00",SEBSF1,3.949520
D,DISPATCH,UNIT_SCADA,1,"2022/10/20 17:15:00",SHGEN,78.805780
D,DISPATCH,UNIT_SCADA,1,"2022/10/20 17:15:00",SHPUMP,0
D,DISPATCH,UNIT_SCADA,1,"2022/10/20 17:15:00",SITHE01,0.123710
D,DISPATCH,UNIT_SCADA,1,"2022/10/20 17:15:00",SMCSF1,17.3390
D,DISPATCH,UNIT_SCADA,1,"2022/10/20 17:15:00",SNAPPER1,0
D,DISPATCH,UNIT_SCADA,1,"2022/10/20 17:15:00",SNOWNTH1,26.70
D,DISPATCH,UNIT_SCADA,1,"2022/10/20 17:15:00",SNOWSTH1,20.60
D,DISPATCH,UNIT_SCADA,1,"2022/10/20 17:15:00",SNOWTWN1,13.563020
D,DISPATCH,UNIT_SCADA,1,"2022/10/20 17:15:00",SNOWYP,0
D,DISPATCH,UNIT_SCADA,1,"2022/10/20 17:15:00",SNUG1,0
D,DISPATCH,UNIT_SCADA,1,"2022/10/20 17:15:00",SRSF1,0.78
D,DISPATCH,UNIT_SCADA,1,"2022/10/20 17:15:00",STAN-1,277.7489
D,DISPATCH,UNIT_SCADA,1,"2022/10/20 17:15:00",STAN-2,364.833040
D,DISPATCH,UNIT_SCADA,1,"2022/10/20 17:15:00",STAN-3,302.3591
D,DISPATCH,UNIT_SCADA,1,"2022/10/20 17:15:00",STAN-4,364.961210
D,DISPATCH,UNIT_SCADA,1,"2022/10/20 17:15:00",STARHLWF,18.494610
D,DISPATCH,UNIT_SCADA,1,"2022/10/20 17:15:00",STOCKYD1,233.69
D,DISPATCH,UNIT_SCADA,1,"2022/10/20 17:15:00",STWF1,8.761730
D,DISPATCH,UNIT_SCADA,1,"2022/10/20 17:15:00",SUNRSF1,9.599450
D,DISPATCH,UNIT_SCADA,1,"2022/10/20 17:15:00",SUNTPSF1,28.741280
D,DISPATCH,UNIT_SCADA,1,"2022/10/20 17:15:00",SWAN_E,275.354980
D,DISPATCH,UNIT_SCADA,1,"2022/10/20 17:15:00",TALWA1,0
D,DISPATCH,UNIT_SCADA,1,"2022/10/20 17:15:00",TARALGA1,0
D,DISPATCH,UNIT_SCADA,1,"2022/10/20 17:15:00",TARONG#1,349.300020
D,DISPATCH,UNIT_SCADA,1,"2022/10/20 17:15:00",TARONG#2,348.899990
D,DISPATCH,UNIT_SCADA,1,"2022/10/20 17:15:00",TARONG#3,0.90
D,DISPATCH,UNIT_SCADA,1,"2022/10/20 17:15:00",TARONG#4,244.50
D,DISPATCH,UNIT_SCADA,1,"2022/10/20 17:15:00",TARRALEA,54
D,DISPATCH,UNIT_SCADA,1,"2022/10/20 17:15:00",TBSF1,13.70
D,DISPATCH,UNIT_SCADA,1,"2022/10/20 17:15:00",TNPS1,419.8750
D,DISPATCH,UNIT_SCADA,1,"2022/10/20 17:15:00",TORRB1,0
D,DISPATCH,UNIT_SCADA,1,"2022/10/20 17:15:00",TORRB2,58
D,DISPATCH,UNIT_SCADA,1,"2022/10/20 17:15:00",TORRB3,0
D,DISPATCH,UNIT_SCADA,1,"2022/10/20 17:15:00",TORRB4,0
D,DISPATCH,UNIT_SCADA,1,"2022/10/20 17:15:00",TREVALLN,99.537390
D,DISPATCH,UNIT_SCADA,1,"2022/10/20 17:15:00",TRIBUTE,0
D,DISPATCH,UNIT_SCADA,1,"2022/10/20 17:15:00",TUMUT3,261.730010
D,DISPATCH,UNIT_SCADA,1,"2022/10/20 17:15:00",TUNGATIN,3.700020
D,DISPATCH,UNIT_SCADA,1,"2022/10/20 17:15:00",TVCC201,0
D,DISPATCH,UNIT_SCADA,1,"2022/10/20 17:15:00",TVPP104,57.767950
D,DISPATCH,UNIT_SCADA,1,"2022/10/20 17:15:00",UPPTUMUT,110.573290
D,DISPATCH,UNIT_SCADA,1,"2022/10/20 17:15:00",URANQ11,0
D,DISPATCH,UNIT_SCADA,1,"2022/10/20 17:15:00",URANQ12,0
D,DISPATCH,UNIT_SCADA,1,"2022/10/20 17:15:00",URANQ13,0
D,DISPATCH,UNIT_SCADA,1,"2022/10/20 17:15:00",URANQ14,-4.153510
D,DISPATCH,UNIT_SCADA,1,"2022/10/20 17:15:00",VBBG1,0
D,DISPATCH,UNIT_SCADA,1,"2022/10/20 17:15:00",VBBL1,8.80
D,DISPATCH,UNIT_SCADA,1,"2022/10/20 17:15:00",VP5,593.011290
D,DISPATCH,UNIT_SCADA,1,"2022/10/20 17:15:00",VP6,598.358090
D,DISPATCH,UNIT_SCADA,1,"2022/10/20 17:15:00",VPGS1,0
D,DISPATCH,UNIT_SCADA,1,"2022/10/20 17:15:00",VPGS2,0
D,DISPATCH,UNIT_SCADA,1,"2022/10/20 17:15:00",VPGS3,0
D,DISPATCH,UNIT_SCADA,1,"2022/10/20 17:15:00",VPGS4,0
D,DISPATCH,UNIT_SCADA,1,"2022/10/20 17:15:00",VPGS5,0
D,DISPATCH,UNIT_SCADA,1,"2022/10/20 17:15:00",VPGS6,0
D,DISPATCH,UNIT_SCADA,1,"2022/10/20 17:15:00",W/HOE#1,160.45
D,DISPATCH,UNIT_SCADA,1,"2022/10/20 17:15:00",W/HOE#2,0
D,DISPATCH,UNIT_SCADA,1,"2022/10/20 17:15:00",WAGGNSF1,0
D,DISPATCH,UNIT_SCADA,1,"2022/10/20 17:15:00",WALGRVG1,0
D,DISPATCH,UNIT_SCADA,1,"2022/10/20 17:15:00",WALGRVL1,18.304190
D,DISPATCH,UNIT_SCADA,1,"2022/10/20 17:15:00",WANDBG1,0
D,DISPATCH,UNIT_SCADA,1,"2022/10/20 17:15:00",WANDBL1,-0.438120
D,DISPATCH,UNIT_SCADA,1,"2022/10/20 17:15:00",WARWSF1,1.19
D,DISPATCH,UNIT_SCADA,1,"2022/10/20 17:15:00",WARWSF2,1.41
D,DISPATCH,UNIT_SCADA,1,"2022/10/20 17:15:00",WATERLWF,0
D,DISPATCH,UNIT_SCADA,1,"2022/10/20 17:15:00",WDGPH1,2.4440
D,DISPATCH,UNIT_SCADA,1,"2022/10/20 17:15:00",WELLSF1,57.157250
D,DISPATCH,UNIT_SCADA,1,"2022/10/20 17:15:00",WEMENSF1,10.80
D,DISPATCH,UNIT_SCADA,1,"2022/10/20 17:15:00",WGWF1,6.50
D,DISPATCH,UNIT_SCADA,1,"2022/10/20 17:15:00",WHITSF1,0
D,DISPATCH,UNIT_SCADA,1,"2022/10/20 17:15:00",WINTSF1,18.16
D,DISPATCH,UNIT_SCADA,1,"2022/10/20 17:15:00",WKIEWA1,33.90
D,DISPATCH,UNIT_SCADA,1,"2022/10/20 17:15:00",WKIEWA2,34
D,DISPATCH,UNIT_SCADA,1,"2022/10/20 17:15:00",WOODLWN1,34.642620
D,DISPATCH,UNIT_SCADA,1,"2022/10/20 17:15:00",WOOLGSF1,1.124220
D,DISPATCH,UNIT_SCADA,1,"2022/10/20 17:15:00",WPWF,39.25
D,DISPATCH,UNIT_SCADA,1,"2022/10/20 17:15:00",WRSF1,0.679950
D,DISPATCH,UNIT_SCADA,1,"2022/10/20 17:15:00",WRWF1,53.429160
D,DISPATCH,UNIT_SCADA,1,"2022/10/20 17:15:00",WSTWYSF1,0.841860
D,DISPATCH,UNIT_SCADA,1,"2022/10/20 17:15:00",YABULU,72.180010
D,DISPATCH,UNIT_SCADA,1,"2022/10/20 17:15:00",YABULU2,0
D,DISPATCH,UNIT_SCADA,1,"2022/10/20 17:15:00",YARANSF1,5.76
D,DISPATCH,UNIT_SCADA,1,"2022/10/20 17:15:00",YARWUN_1,161.67
D,DISPATCH,UNIT_SCADA,1,"2022/10/20 17:15:00",YATSF1,53.67
D,DISPATCH,UNIT_SCADA,1,"2022/10/20 17:15:00",YENDWF1,22.61
D,DISPATCH,UNIT_SCADA,1,"2022/10/20 17:15:00",YWPS1,354.886080
D,DISPATCH,UNIT_SCADA,1,"2022/10/20 17:15:00",YWPS2,289.972140
D,DISPATCH,UNIT_SCADA,1,"2022/10/20 17:15:00",YWPS3,359.6709
D,DISPATCH,UNIT_SCADA,1,"2022/10/20 17:15:00",YWPS4,0
C,"END OF REPORT",419
