C,NEMP.WORLD,DISPATCHSCADA,AEMO,PUBLIC,2022/10/20,16:25:10,0000000373266826,DISPATCHSCADA,0000000373266820
I,DISPATCH,UNIT_SCADA,1,SETTLEMENTDATE,DUID,SCADAVALUE
D,DISPATCH,UNIT_SCADA,1,"2022/10/20 16:30:00",BARCSF1,1.70
D,DISPATCH,UNIT_SCADA,1,"2022/10/20 16:30:00",BUTLERSG,8.699999
D,DISPATCH,UNIT_SCADA,1,"2022/10/20 16:30:00",CAPTL_WF,92.731888
D,DISPATCH,UNIT_SCADA,1,"2022/10/20 16:30:00",CHALLHWF,16.40
D,DISPATCH,UNIT_SCADA,1,"2022/10/20 16:30:00",CLOVER,10.22
D,DISPATCH,UNIT_SCADA,1,"2022/10/20 16:30:00",CLUNY,6.191348
D,DISPATCH,UNIT_SCADA,1,"2022/10/20 16:30:00",CULLRGWF,-0.02
D,DISPATCH,UNIT_SCADA,1,"2022/10/20 16:30:00",DIAPURWF1,2.40
D,DISPATCH,UNIT_SCADA,1,"2022/10/20 16:30:00",ERGT01,0
D,DISPATCH,UNIT_SCADA,1,"2022/10/20 16:30:00",GB01,0
D,DISPATCH,UNIT_SCADA,1,"2022/10/20 16:30:00",GERMCRK,21.50
D,DISPATCH,UNIT_SCADA,1,"2022/10/20 16:30:00",GRIFSF1,3.999390
D,DISPATCH,UNIT_SCADA,1,"2022/10/20 16:30:00",HEZ1,0
D,DISPATCH,UNIT_SCADA,1,"2022/10/20 16:30:00",HUGSF1,7.914001
D,DISPATCH,UNIT_SCADA,1,"2022/10/20 16:30:00",KEPBG1,0
D,DISPATCH,UNIT_SCADA,1,"2022/10/20 16:30:00",LRSF1,10.2250
D,DISPATCH,UNIT_SCADA,1,"2022/10/20 16:30:00",MBAHNTH,41.8125
D,DISPATCH,UNIT_SCADA,1,"2022/10/20 16:30:00",MLSP1,1.446001
D,DISPATCH,UNIT_SCADA,1,"2022/10/20 16:30:00",MLWF1,7.8450
D,DISPATCH,UNIT_SCADA,1,"2022/10/20 16:30:00",PALOONA,30.209999
D,DISPATCH,UNIT_SCADA,1,"2022/10/20 16:30:00",PIONEER,31.800001
D,DISPATCH,UNIT_SCADA,1,"2022/10/20 16:30:00",PORTWF,37.200001
D,DISPATCH,UNIT_SCADA,1,"2022/10/20 16:30:00",REPULSE,9.606470
D,DISPATCH,UNIT_SCADA,1,"2022/10/20 16:30:00",ROWALLAN,9.0170
D,DISPATCH,UNIT_SCADA,1,"2022/10/20 16:30:00",ROYALLA1,2.198003
D,DISPATCH,UNIT_SCADA,1,"2022/10/20 16:30:00",RPCG,-1.80
D,DISPATCH,UNIT_SCADA,1,"2022/10/20 16:30:00",RUBICON,0
D,DISPATCH,UNIT_SCADA,1,"2022/10/20 16:30:00",WAUBRAWF,55.5630
D,DISPATCH,UNIT_SCADA,1,"2022/10/20 16:30:00",WOOLNTH1,96.449997
D,DISPATCH,UNIT_SCADA,1,"2022/10/20 16:30:00",YAMBUKWF,2.30
D,DISPATCH,UNIT_SCADA,1,"2022/10/20 16:30:00",YSWF1,1.90
D,DISPATCH,UNIT_SCADA,1,"2022/10/20 16:30:00",ADPBA1G,0.0080
D,DISPATCH,UNIT_SCADA,1,"2022/10/20 16:30:00",ADPBA1L,0
D,DISPATCH,UNIT_SCADA,1,"2022/10/20 16:30:00",ADPPV1,8.7910
D,DISPATCH,UNIT_SCADA,1,"2022/10/20 16:30:00",AGLHAL,0
D,DISPATCH,UNIT_SCADA,1,"2022/10/20 16:30:00",AGLSOM,0
D,DISPATCH,UNIT_SCADA,1,"2022/10/20 16:30:00",ANGAST1,0
D,DISPATCH,UNIT_SCADA,1,"2022/10/20 16:30:00",ARWF1,49.20
D,DISPATCH,UNIT_SCADA,1,"2022/10/20 16:30:00",BALBG1,0
D,DISPATCH,UNIT_SCADA,1,"2022/10/20 16:30:00",BALBL1,9.04
D,DISPATCH,UNIT_SCADA,1,"2022/10/20 16:30:00",BALDHWF1,98.647990
D,DISPATCH,UNIT_SCADA,1,"2022/10/20 16:30:00",BANGOWF1,74.798510
D,DISPATCH,UNIT_SCADA,1,"2022/10/20 16:30:00",BANGOWF2,9
D,DISPATCH,UNIT_SCADA,1,"2022/10/20 16:30:00",BANN1,16.37
D,DISPATCH,UNIT_SCADA,1,"2022/10/20 16:30:00",BARCALDN,0
D,DISPATCH,UNIT_SCADA,1,"2022/10/20 16:30:00",BARKIPS1,0
D,DISPATCH,UNIT_SCADA,1,"2022/10/20 16:30:00",BARRON-1,25.64
D,DISPATCH,UNIT_SCADA,1,"2022/10/20 16:30:00",BARRON-2,25.28
D,DISPATCH,UNIT_SCADA,1,"2022/10/20 16:30:00",BASTYAN,52.29
D,DISPATCH,UNIT_SCADA,1,"2022/10/20 16:30:00",BBTHREE1,0
D,DISPATCH,UNIT_SCADA,1,"2022/10/20 16:30:00",BBTHREE2,0
D,DISPATCH,UNIT_SCADA,1,"2022/10/20 16:30:00",BBTHREE3,-1.17
D,DISPATCH,UNIT_SCADA,1,"2022/10/20 16:30:00",BDL01,0
D,DISPATCH,UNIT_SCADA,1,"2022/10/20 16:30:00",BDL02,0
D,DISPATCH,UNIT_SCADA,1,"2022/10/20 16:30:00",BERYLSF1,31.031130
D,DISPATCH,UNIT_SCADA,1,"2022/10/20 16:30:00",BLOWERNG,62.50
D,DISPATCH,UNIT_SCADA,1,"2022/10/20 16:30:00",BLUEGSF1,10.110460
D,DISPATCH,UNIT_SCADA,1,"2022/10/20 16:30:00",BLUFF1,0
D,DISPATCH,UNIT_SCADA,1,"2022/10/20 16:30:00",BNGSF1,67.52
D,DISPATCH,UNIT_SCADA,1,"2022/10/20 16:30:00",BNGSF2,37.12
D,DISPATCH,UNIT_SCADA,1,"2022/10/20 16:30:00",BOCORWF1,65.68
D,DISPATCH,UNIT_SCADA,1,"2022/10/20 16:30:00",BODWF1,97.012950
D,DISPATCH,UNIT_SCADA,1,"2022/10/20 16:30:00",BOMENSF1,14.672470
D,DISPATCH,UNIT_SCADA,1,"2022/10/20 16:30:00",BOWWBA1G,0
D,DISPATCH,UNIT_SCADA,1,"2022/10/20 16:30:00",BOWWBA1L,0.0020
D,DISPATCH,UNIT_SCADA,1,"2022/10/20 16:30:00",BOWWPV1,0
D,DISPATCH,UNIT_SCADA,1,"2022/10/20 16:30:00",BRAEMAR1,0
D,DISPATCH,UNIT_SCADA,1,"2022/10/20 16:30:00",BRAEMAR2,0
D,DISPATCH,UNIT_SCADA,1,"2022/10/20 16:30:00",BRAEMAR3,0
D,DISPATCH,UNIT_SCADA,1,"2022/10/20 16:30:00",BRAEMAR5,0.292060
D,DISPATCH,UNIT_SCADA,1,"2022/10/20 16:30:00",BRAEMAR6,0
D,DISPATCH,UNIT_SCADA,1,"2022/10/20 16:30:00",BRAEMAR7,141.034290
D,DISPATCH,UNIT_SCADA,1,"2022/10/20 16:30:00",BROKENH1,26.4996
D,DISPATCH,UNIT_SCADA,1,"2022/10/20 16:30:00",BRYB1WF1,86.137180
D,DISPATCH,UNIT_SCADA,1,"2022/10/20 16:30:00",BULBESG1,0
D,DISPATCH,UNIT_SCADA,1,"2022/10/20 16:30:00",BULBESL1,1.46
D,DISPATCH,UNIT_SCADA,1,"2022/10/20 16:30:00",BULGANA1,26.62
D,DISPATCH,UNIT_SCADA,1,"2022/10/20 16:30:00",BW01,656.784910
D,DISPATCH,UNIT_SCADA,1,"2022/10/20 16:30:00",BW02,620.163270
D,DISPATCH,UNIT_SCADA,1,"2022/10/20 16:30:00",BW03,475.043880
D,DISPATCH,UNIT_SCADA,1,"2022/10/20 16:30:00",BW04,0
D,DISPATCH,UNIT_SCADA,1,"2022/10/20 16:30:00",CALL_B_1,320.100010
D,DISPATCH,UNIT_SCADA,1,"2022/10/20 16:30:00",CALL_B_2,314.200010
D,DISPATCH,UNIT_SCADA,1,"2022/10/20 16:30:00",CATHROCK,8.70
D,DISPATCH,UNIT_SCADA,1,"2022/10/20 16:30:00",CBWWBA1G,0
D,DISPATCH,UNIT_SCADA,1,"2022/10/20 16:30:00",CBWWBA1L,0
D,DISPATCH,UNIT_SCADA,1,"2022/10/20 16:30:00",CETHANA,97.166630
D,DISPATCH,UNIT_SCADA,1,"2022/10/20 16:30:00",CG1,0
D,DISPATCH,UNIT_SCADA,1,"2022/10/20 16:30:00",CG2,0
D,DISPATCH,UNIT_SCADA,1,"2022/10/20 16:30:00",CG3,0
D,DISPATCH,UNIT_SCADA,1,"2022/10/20 16:30:00",CG4,0
D,DISPATCH,UNIT_SCADA,1,"2022/10/20 16:30:00",CHILDSF1,5.18
D,DISPATCH,UNIT_SCADA,1,"2022/10/20 16:30:00",CHYTWF1,8.26
D,DISPATCH,UNIT_SCADA,1,"2022/10/20 16:30:00",CLARESF1,2.123390
D,DISPATCH,UNIT_SCADA,1,"2022/10/20 16:30:00",CLEMGPWF,12.534090
D,DISPATCH,UNIT_SCADA,1,"2022/10/20 16:30:00",CLERMSF1,48.58
D,DISPATCH,UNIT_SCADA,1,"2022/10/20 16:30:00",CNUNDAWF,11.112960
D,DISPATCH,UNIT_SCADA,1,"2022/10/20 16:30:00",COHUNSF1,11.40
D,DISPATCH,UNIT_SCADA,1,"2022/10/20 16:30:00",COLEASF1,19.099340
D,DISPATCH,UNIT_SCADA,1,"2022/10/20 16:30:00",COLUMSF1,2.1150
D,DISPATCH,UNIT_SCADA,1,"2022/10/20 16:30:00",COLWF01,96.116580
D,DISPATCH,UNIT_SCADA,1,"2022/10/20 16:30:00",COOPGWF1,250.95
D,DISPATCH,UNIT_SCADA,1,"2022/10/20 16:30:00",CPP_3,370.425020
D,DISPATCH,UNIT_SCADA,1,"2022/10/20 16:30:00",CPP_4,0
D,DISPATCH,UNIT_SCADA,1,"2022/10/20 16:30:00",CPSA,0
D,DISPATCH,UNIT_SCADA,1,"2022/10/20 16:30:00",CROOKWF2,45.145340
D,DISPATCH,UNIT_SCADA,1,"2022/10/20 16:30:00",CROWLWF1,25.097220
D,DISPATCH,UNIT_SCADA,1,"2022/10/20 16:30:00",CRURWF1,46.496910
D,DISPATCH,UNIT_SCADA,1,"2022/10/20 16:30:00",CRWASF1,26.971140
D,DISPATCH,UNIT_SCADA,1,"2022/10/20 16:30:00",CSPVPS1,17.2480
D,DISPATCH,UNIT_SCADA,1,"2022/10/20 16:30:00",CTHLWF1,0.003050
D,DISPATCH,UNIT_SCADA,1,"2022/10/20 16:30:00",DALNTH01,0
D,DISPATCH,UNIT_SCADA,1,"2022/10/20 16:30:00",DALNTHL1,0.0412
D,DISPATCH,UNIT_SCADA,1,"2022/10/20 16:30:00",DARLSF1,127.214280
D,DISPATCH,UNIT_SCADA,1,"2022/10/20 16:30:00",DARTM1,0
D,DISPATCH,UNIT_SCADA,1,"2022/10/20 16:30:00",DAYDSF1,119.169010
D,DISPATCH,UNIT_SCADA,1,"2022/10/20 16:30:00",DDPS1,0
D,DISPATCH,UNIT_SCADA,1,"2022/10/20 16:30:00",DDSF1,8.3223
D,DISPATCH,UNIT_SCADA,1,"2022/10/20 16:30:00",DEVILS_G,60.209360
D,DISPATCH,UNIT_SCADA,1,"2022/10/20 16:30:00",DG_NSW1,0
D,DISPATCH,UNIT_SCADA,1,"2022/10/20 16:30:00",DG_QLD1,0
D,DISPATCH,UNIT_SCADA,1,"2022/10/20 16:30:00",DG_SA1,0
D,DISPATCH,UNIT_SCADA,1,"2022/10/20 16:30:00",DG_TAS1,0
D,DISPATCH,UNIT_SCADA,1,"2022/10/20 16:30:00",DG_VIC1,0
D,DISPATCH,UNIT_SCADA,1,"2022/10/20 16:30:00",DRYCGT1,0
D,DISPATCH,UNIT_SCADA,1,"2022/10/20 16:30:00",DRYCGT2,0
D,DISPATCH,UNIT_SCADA,1,"2022/10/20 16:30:00",DRYCGT3,0
D,DISPATCH,UNIT_SCADA,1,"2022/10/20 16:30:00",DUNDWF1,78.16
D,DISPATCH,UNIT_SCADA,1,"2022/10/20 16:30:00",DUNDWF2,18.07
D,DISPATCH,UNIT_SCADA,1,"2022/10/20 16:30:00",DUNDWF3,65.67
D,DISPATCH,UNIT_SCADA,1,"2022/10/20 16:30:00",EILDON1,59.96
D,DISPATCH,UNIT_SCADA,1,"2022/10/20 16:30:00",EILDON2,60
D,DISPATCH,UNIT_SCADA,1,"2022/10/20 16:30:00",ELAINWF1,24.67
D,DISPATCH,UNIT_SCADA,1,"2022/10/20 16:30:00",EMERASF1,0
D,DISPATCH,UNIT_SCADA,1,"2022/10/20 16:30:00",ER01,0
D,DISPATCH,UNIT_SCADA,1,"2022/10/20 16:30:00",ER02,664.792850
D,DISPATCH,UNIT_SCADA,1,"2022/10/20 16:30:00",ER03,635.153750
D,DISPATCH,UNIT_SCADA,1,"2022/10/20 16:30:00",ER04,668.039980
D,DISPATCH,UNIT_SCADA,1,"2022/10/20 16:30:00",FINLYSF1,30.441750
D,DISPATCH,UNIT_SCADA,1,"2022/10/20 16:30:00",FISHER,43.86
D,DISPATCH,UNIT_SCADA,1,"2022/10/20 16:30:00",GANGARR1,40.9710
D,DISPATCH,UNIT_SCADA,1,"2022/10/20 16:30:00",GANNBG1,0
D,DISPATCH,UNIT_SCADA,1,"2022/10/20 16:30:00",GANNBL1,0.031910
D,DISPATCH,UNIT_SCADA,1,"2022/10/20 16:30:00",GANNSF1,40.40
D,DISPATCH,UNIT_SCADA,1,"2022/10/20 16:30:00",GLRWNSF1,64.81
D,DISPATCH,UNIT_SCADA,1,"2022/10/20 16:30:00",GNNDHSF1,54.723050
D,DISPATCH,UNIT_SCADA,1,"2022/10/20 16:30:00",GOONSF1,18.543980
D,DISPATCH,UNIT_SCADA,1,"2022/10/20 16:30:00",GORDON,258.512420
D,DISPATCH,UNIT_SCADA,1,"2022/10/20 16:30:00",GRANWF1,0
D,DISPATCH,UNIT_SCADA,1,"2022/10/20 16:30:00",GSTONE1,200.024990
D,DISPATCH,UNIT_SCADA,1,"2022/10/20 16:30:00",GSTONE2,0
D,DISPATCH,UNIT_SCADA,1,"2022/10/20 16:30:00",GSTONE3,199.849990
D,DISPATCH,UNIT_SCADA,1,"2022/10/20 16:30:00",GSTONE4,0
D,DISPATCH,UNIT_SCADA,1,"2022/10/20 16:30:00",GSTONE5,200.20
D,DISPATCH,UNIT_SCADA,1,"2022/10/20 16:30:00",GSTONE6,200.20
D,DISPATCH,UNIT_SCADA,1,"2022/10/20 16:30:00",GULLRSF1,0
D,DISPATCH,UNIT_SCADA,1,"2022/10/20 16:30:00",GULLRWF1,72.433890
D,DISPATCH,UNIT_SCADA,1,"2022/10/20 16:30:00",GULLRWF2,86.913440
D,DISPATCH,UNIT_SCADA,1,"2022/10/20 16:30:00",GUNNING1,0
D,DISPATCH,UNIT_SCADA,1,"2022/10/20 16:30:00",GUTHEGA,67.50
D,DISPATCH,UNIT_SCADA,1,"2022/10/20 16:30:00",HALLWF1,0
D,DISPATCH,UNIT_SCADA,1,"2022/10/20 16:30:00",HALLWF2,0
D,DISPATCH,UNIT_SCADA,1,"2022/10/20 16:30:00",HAMISF1,41.60
D,DISPATCH,UNIT_SCADA,1,"2022/10/20 16:30:00",HAUGHT11,0
D,DISPATCH,UNIT_SCADA,1,"2022/10/20 16:30:00",HAYMSF1,39.8340
D,DISPATCH,UNIT_SCADA,1,"2022/10/20 16:30:00",HDWF1,19.50
D,DISPATCH,UNIT_SCADA,1,"2022/10/20 16:30:00",HDWF2,21.10
D,DISPATCH,UNIT_SCADA,1,"2022/10/20 16:30:00",HDWF3,20.20
D,DISPATCH,UNIT_SCADA,1,"2022/10/20 16:30:00",HILLSTN1,2.1920
D,DISPATCH,UNIT_SCADA,1,"2022/10/20 16:30:00",HPRG1,0
D,DISPATCH,UNIT_SCADA,1,"2022/10/20 16:30:00",HPRL1,0
D,DISPATCH,UNIT_SCADA,1,"2022/10/20 16:30:00",HUMENSW,55.105850
D,DISPATCH,UNIT_SCADA,1,"2022/10/20 16:30:00",HUMEV,0
D,DISPATCH,UNIT_SCADA,1,"2022/10/20 16:30:00",HVWWBA1G,0
D,DISPATCH,UNIT_SCADA,1,"2022/10/20 16:30:00",HVWWBA1L,0.0070
D,DISPATCH,UNIT_SCADA,1,"2022/10/20 16:30:00",HVWWPV1,4.8610
D,DISPATCH,UNIT_SCADA,1,"2022/10/20 16:30:00",JBUTTERS,0
D,DISPATCH,UNIT_SCADA,1,"2022/10/20 16:30:00",JEMALNG1,10.07
D,DISPATCH,UNIT_SCADA,1,"2022/10/20 16:30:00",JLA01,0
D,DISPATCH,UNIT_SCADA,1,"2022/10/20 16:30:00",JLA02,0
D,DISPATCH,UNIT_SCADA,1,"2022/10/20 16:30:00",JLA03,0
D,DISPATCH,UNIT_SCADA,1,"2022/10/20 16:30:00",JLA04,0
D,DISPATCH,UNIT_SCADA,1,"2022/10/20 16:30:00",JLB01,0
D,DISPATCH,UNIT_SCADA,1,"2022/10/20 16:30:00",JLB02,0.10
D,DISPATCH,UNIT_SCADA,1,"2022/10/20 16:30:00",JLB03,0
D,DISPATCH,UNIT_SCADA,1,"2022/10/20 16:30:00",JUNEESF1,3.090050
D,DISPATCH,UNIT_SCADA,1,"2022/10/20 16:30:00",KABANWF1,0.7940
D,DISPATCH,UNIT_SCADA,1,"2022/10/20 16:30:00",KAREEYA1,18.0025
D,DISPATCH,UNIT_SCADA,1,"2022/10/20 16:30:00",KAREEYA2,0
D,DISPATCH,UNIT_SCADA,1,"2022/10/20 16:30:00",KAREEYA3,21.5025
D,DISPATCH,UNIT_SCADA,1,"2022/10/20 16:30:00",KAREEYA4,0
D,DISPATCH,UNIT_SCADA,1,"2022/10/20 16:30:00",KARSF1,72.30
D,DISPATCH,UNIT_SCADA,1,"2022/10/20 16:30:00",KEPSF1,6.94
D,DISPATCH,UNIT_SCADA,1,"2022/10/20 16:30:00",KEPWF1,0
D,DISPATCH,UNIT_SCADA,1,"2022/10/20 16:30:00",KIAMSF1,49.839780
D,DISPATCH,UNIT_SCADA,1,"2022/10/20 16:30:00",KIATAWF1,1.80
D,DISPATCH,UNIT_SCADA,1,"2022/10/20 16:30:00",KPP_1,0
D,DISPATCH,UNIT_SCADA,1,"2022/10/20 16:30:00",KSP1,46.65
D,DISPATCH,UNIT_SCADA,1,"2022/10/20 16:30:00",LADBROK1,0.02
D,DISPATCH,UNIT_SCADA,1,"2022/10/20 16:30:00",LADBROK2,0.02
D,DISPATCH,UNIT_SCADA,1,"2022/10/20 16:30:00",LBBG1,0
D,DISPATCH,UNIT_SCADA,1,"2022/10/20 16:30:00",LBBL1,0
D,DISPATCH,UNIT_SCADA,1,"2022/10/20 16:30:00",LD01,315.005950
D,DISPATCH,UNIT_SCADA,1,"2022/10/20 16:30:00",LD02,29.425950
D,DISPATCH,UNIT_SCADA,1,"2022/10/20 16:30:00",LD04,318.979460
D,DISPATCH,UNIT_SCADA,1,"2022/10/20 16:30:00",LEM_WIL,86.839650
D,DISPATCH,UNIT_SCADA,1,"2022/10/20 16:30:00",LGAPWF1,58.55
D,DISPATCH,UNIT_SCADA,1,"2022/10/20 16:30:00",LGAPWF2,35.1230
D,DISPATCH,UNIT_SCADA,1,"2022/10/20 16:30:00",LILYSF1,82.313210
D,DISPATCH,UNIT_SCADA,1,"2022/10/20 16:30:00",LIMOSF11,175.994960
D,DISPATCH,UNIT_SCADA,1,"2022/10/20 16:30:00",LIMOSF21,13.646170
D,DISPATCH,UNIT_SCADA,1,"2022/10/20 16:30:00",LI_WY_CA,62.878450
D,DISPATCH,UNIT_SCADA,1,"2022/10/20 16:30:00",LKBONNY1,0
D,DISPATCH,UNIT_SCADA,1,"2022/10/20 16:30:00",LKBONNY2,9.745770
D,DISPATCH,UNIT_SCADA,1,"2022/10/20 16:30:00",LKBONNY3,2.623640
D,DISPATCH,UNIT_SCADA,1,"2022/10/20 16:30:00",LK_ECHO,0
D,DISPATCH,UNIT_SCADA,1,"2022/10/20 16:30:00",LNGS1,0
D,DISPATCH,UNIT_SCADA,1,"2022/10/20 16:30:00",LNGS2,0
D,DISPATCH,UNIT_SCADA,1,"2022/10/20 16:30:00",LONSDALE,0
D,DISPATCH,UNIT_SCADA,1,"2022/10/20 16:30:00",LOYYB1,576.691160
D,DISPATCH,UNIT_SCADA,1,"2022/10/20 16:30:00",LOYYB2,575.187320
D,DISPATCH,UNIT_SCADA,1,"2022/10/20 16:30:00",LYA1,560
D,DISPATCH,UNIT_SCADA,1,"2022/10/20 16:30:00",LYA2,0
D,DISPATCH,UNIT_SCADA,1,"2022/10/20 16:30:00",LYA3,559
D,DISPATCH,UNIT_SCADA,1,"2022/10/20 16:30:00",LYA4,561
D,DISPATCH,UNIT_SCADA,1,"2022/10/20 16:30:00",MACARTH1,48.798870
D,DISPATCH,UNIT_SCADA,1,"2022/10/20 16:30:00",MACKNTSH,0
D,DISPATCH,UNIT_SCADA,1,"2022/10/20 16:30:00",MANSLR1,4.3030
D,DISPATCH,UNIT_SCADA,1,"2022/10/20 16:30:00",MAPS2PV1,0
D,DISPATCH,UNIT_SCADA,1,"2022/10/20 16:30:00",MAPS3PV1,0
D,DISPATCH,UNIT_SCADA,1,"2022/10/20 16:30:00",MARYRSF1,4.88
D,DISPATCH,UNIT_SCADA,1,"2022/10/20 16:30:00",MBPS2PV1,0
D,DISPATCH,UNIT_SCADA,1,"2022/10/20 16:30:00",MCKAY1,159.14
D,DISPATCH,UNIT_SCADA,1,"2022/10/20 16:30:00",MEADOWBK,5.744580
D,DISPATCH,UNIT_SCADA,1,"2022/10/20 16:30:00",MERCER01,32.80
D,DISPATCH,UNIT_SCADA,1,"2022/10/20 16:30:00",METZSF1,33.857750
D,DISPATCH,UNIT_SCADA,1,"2022/10/20 16:30:00",MEWF1,76.132350
D,DISPATCH,UNIT_SCADA,1,"2022/10/20 16:30:00",MIDDLSF1,3.83
D,DISPATCH,UNIT_SCADA,1,"2022/10/20 16:30:00",MINTARO,0.128180
D,DISPATCH,UNIT_SCADA,1,"2022/10/20 16:30:00",MOLNGSF1,4.032040
D,DISPATCH,UNIT_SCADA,1,"2022/10/20 16:30:00",MOORAWF1,36.02
D,DISPATCH,UNIT_SCADA,1,"2022/10/20 16:30:00",MOREESF1,1.6380
D,DISPATCH,UNIT_SCADA,1,"2022/10/20 16:30:00",MORTLK11,0
D,DISPATCH,UNIT_SCADA,1,"2022/10/20 16:30:00",MORTLK12,0
D,DISPATCH,UNIT_SCADA,1,"2022/10/20 16:30:00",MOUSF1,0
D,DISPATCH,UNIT_SCADA,1,"2022/10/20 16:30:00",MP1,0
D,DISPATCH,UNIT_SCADA,1,"2022/10/20 16:30:00",MP2,595.455870
D,DISPATCH,UNIT_SCADA,1,"2022/10/20 16:30:00",MPP_1,162.481030
D,DISPATCH,UNIT_SCADA,1,"2022/10/20 16:30:00",MPP_2,180.395450
D,DISPATCH,UNIT_SCADA,1,"2022/10/20 16:30:00",MRTLSWF1,0
D,DISPATCH,UNIT_SCADA,1,"2022/10/20 16:30:00",MSTUART1,0
D,DISPATCH,UNIT_SCADA,1,"2022/10/20 16:30:00",MSTUART2,0
D,DISPATCH,UNIT_SCADA,1,"2022/10/20 16:30:00",MSTUART3,0
D,DISPATCH,UNIT_SCADA,1,"2022/10/20 16:30:00",MTGELWF1,51.698350
D,DISPATCH,UNIT_SCADA,1,"2022/10/20 16:30:00",MTMILLAR,11
D,DISPATCH,UNIT_SCADA,1,"2022/10/20 16:30:00",MURRAY,0
D,DISPATCH,UNIT_SCADA,1,"2022/10/20 16:30:00",MUSSELR1,2.60
D,DISPATCH,UNIT_SCADA,1,"2022/10/20 16:30:00",MUWAWF1,36.38
D,DISPATCH,UNIT_SCADA,1,"2022/10/20 16:30:00",MUWAWF2,29
D,DISPATCH,UNIT_SCADA,1,"2022/10/20 16:30:00",MWPS1PV1,4.57
D,DISPATCH,UNIT_SCADA,1,"2022/10/20 16:30:00",MWPS2PV1,4.60
D,DISPATCH,UNIT_SCADA,1,"2022/10/20 16:30:00",MWPS3PV1,1.90
D,DISPATCH,UNIT_SCADA,1,"2022/10/20 16:30:00",MWPS4PV1,1.34
D,DISPATCH,UNIT_SCADA,1,"2022/10/20 16:30:00",NBHWF1,0
D,DISPATCH,UNIT_SCADA,1,"2022/10/20 16:30:00",NEVERSF1,8.60
D,DISPATCH,UNIT_SCADA,1,"2022/10/20 16:30:00",NPS,0
D,DISPATCH,UNIT_SCADA,1,"2022/10/20 16:30:00",NUMURSF1,33.69
D,DISPATCH,UNIT_SCADA,1,"2022/10/20 16:30:00",NYNGAN1,23.50
D,DISPATCH,UNIT_SCADA,1,"2022/10/20 16:30:00",OAKEY1,90.541060
D,DISPATCH,UNIT_SCADA,1,"2022/10/20 16:30:00",OAKEY1SF,3.7560
D,DISPATCH,UNIT_SCADA,1,"2022/10/20 16:30:00",OAKEY2,0
D,DISPATCH,UNIT_SCADA,1,"2022/10/20 16:30:00",OAKEY2SF,8.18
D,DISPATCH,UNIT_SCADA,1,"2022/10/20 16:30:00",OAKLAND1,19
D,DISPATCH,UNIT_SCADA,1,"2022/10/20 16:30:00",OSB-AG,98.13
D,DISPATCH,UNIT_SCADA,1,"2022/10/20 16:30:00",PAREPS1,1.7420
D,DISPATCH,UNIT_SCADA,1,"2022/10/20 16:30:00",PAREPW1,125.63
D,DISPATCH,UNIT_SCADA,1,"2022/10/20 16:30:00",PARSF1,13.701080
D,DISPATCH,UNIT_SCADA,1,"2022/10/20 16:30:00",POAT110,3.20
D,DISPATCH,UNIT_SCADA,1,"2022/10/20 16:30:00",POAT220,0
D,DISPATCH,UNIT_SCADA,1,"2022/10/20 16:30:00",POR01,0.008670
D,DISPATCH,UNIT_SCADA,1,"2022/10/20 16:30:00",POR03,0
D,DISPATCH,UNIT_SCADA,1,"2022/10/20 16:30:00",PPCCGT,164.827770
D,DISPATCH,UNIT_SCADA,1,"2022/10/20 16:30:00",PTSTAN1,0
D,DISPATCH,UNIT_SCADA,1,"2022/10/20 16:30:00",PUMP1,0
D,DISPATCH,UNIT_SCADA,1,"2022/10/20 16:30:00",PUMP2,0
D,DISPATCH,UNIT_SCADA,1,"2022/10/20 16:30:00",QBYNBG1,0
D,DISPATCH,UNIT_SCADA,1,"2022/10/20 16:30:00",QBYNBL1,2.265470
D,DISPATCH,UNIT_SCADA,1,"2022/10/20 16:30:00",QPS1,0
D,DISPATCH,UNIT_SCADA,1,"2022/10/20 16:30:00",QPS2,0
D,DISPATCH,UNIT_SCADA,1,"2022/10/20 16:30:00",QPS3,0
D,DISPATCH,UNIT_SCADA,1,"2022/10/20 16:30:00",QPS4,0
D,DISPATCH,UNIT_SCADA,1,"2022/10/20 16:30:00",QPS5,74.41
D,DISPATCH,UNIT_SCADA,1,"2022/10/20 16:30:00",REECE1,46.276190
D,DISPATCH,UNIT_SCADA,1,"2022/10/20 16:30:00",REECE2,0
D,DISPATCH,UNIT_SCADA,1,"2022/10/20 16:30:00",ROMA_7,0
D,DISPATCH,UNIT_SCADA,1,"2022/10/20 16:30:00",ROMA_8,0
D,DISPATCH,UNIT_SCADA,1,"2022/10/20 16:30:00",RRSF1,42.926730
D,DISPATCH,UNIT_SCADA,1,"2022/10/20 16:30:00",RT_NSW1,0
D,DISPATCH,UNIT_SCADA,1,"2022/10/20 16:30:00",RT_NSW2,0
D,DISPATCH,UNIT_SCADA,1,"2022/10/20 16:30:00",RT_NSW3,0
D,DISPATCH,UNIT_SCADA,1,"2022/10/20 16:30:00",RT_NSW4,0
D,DISPATCH,UNIT_SCADA,1,"2022/10/20 16:30:00",RT_NSW5,0
D,DISPATCH,UNIT_SCADA,1,"2022/10/20 16:30:00",RT_NSW6,0
D,DISPATCH,UNIT_SCADA,1,"2022/10/20 16:30:00",RT_QLD1,0
D,DISPATCH,UNIT_SCADA,1,"2022/10/20 16:30:00",RT_SA1,0
D,DISPATCH,UNIT_SCADA,1,"2022/10/20 16:30:00",RT_SA2,0
D,DISPATCH,UNIT_SCADA,1,"2022/10/20 16:30:00",RT_SA3,0
D,DISPATCH,UNIT_SCADA,1,"2022/10/20 16:30:00",RT_SA4,0
D,DISPATCH,UNIT_SCADA,1,"2022/10/20 16:30:00",RT_SA5,0
D,DISPATCH,UNIT_SCADA,1,"2022/10/20 16:30:00",RT_SA6,0
D,DISPATCH,UNIT_SCADA,1,"2022/10/20 16:30:00",RT_TAS1,0
D,DISPATCH,UNIT_SCADA,1,"2022/10/20 16:30:00",RT_VIC1,0
D,DISPATCH,UNIT_SCADA,1,"2022/10/20 16:30:00",RT_VIC10,0
D,DISPATCH,UNIT_SCADA,1,"2022/10/20 16:30:00",RT_VIC11,0
D,DISPATCH,UNIT_SCADA,1,"2022/10/20 16:30:00",RT_VIC12,0
D,DISPATCH,UNIT_SCADA,1,"2022/10/20 16:30:00",RT_VIC2,0
D,DISPATCH,UNIT_SCADA,1,"2022/10/20 16:30:00",RT_VIC3,0
D,DISPATCH,UNIT_SCADA,1,"2022/10/20 16:30:00",RT_VIC4,0
D,DISPATCH,UNIT_SCADA,1,"2022/10/20 16:30:00",RT_VIC5,0
D,DISPATCH,UNIT_SCADA,1,"2022/10/20 16:30:00",RT_VIC6,0
D,DISPATCH,UNIT_SCADA,1,"2022/10/20 16:30:00",RT_VIC7,0
D,DISPATCH,UNIT_SCADA,1,"2022/10/20 16:30:00",RT_VIC8,0
D,DISPATCH,UNIT_SCADA,1,"2022/10/20 16:30:00",RT_VIC9,0
D,DISPATCH,UNIT_SCADA,1,"2022/10/20 16:30:00",RUGBYR1,0
D,DISPATCH,UNIT_SCADA,1,"2022/10/20 16:30:00",SALTCRK1,19.94
D,DISPATCH,UNIT_SCADA,1,"2022/10/20 16:30:00",SAPHWF1,70.153350
D,DISPATCH,UNIT_SCADA,1,"2022/10/20 16:30:00",SEBSF1,6.231820
D,DISPATCH,UNIT_SCADA,1,"2022/10/20 16:30:00",SHGEN,0
D,DISPATCH,UNIT_SCADA,1,"2022/10/20 16:30:00",SHPUMP,0
D,DISPATCH,UNIT_SCADA,1,"2022/10/20 16:30:00",SITHE01,0.123710
D,DISPATCH,UNIT_SCADA,1,"2022/10/20 16:30:00",SMCSF1,28.5050
D,DISPATCH,UNIT_SCADA,1,"2022/10/20 16:30:00",SNAPPER1,0
D,DISPATCH,UNIT_SCADA,1,"2022/10/20 16:30:00",SNOWNTH1,16.50
D,DISPATCH,UNIT_SCADA,1,"2022/10/20 16:30:00",SNOWSTH1,19.70
D,DISPATCH,UNIT_SCADA,1,"2022/10/20 16:30:00",SNOWTWN1,8.366310
D,DISPATCH,UNIT_SCADA,1,"2022/10/20 16:30:00",SNOWYP,0
D,DISPATCH,UNIT_SCADA,1,"2022/10/20 16:30:00",SNUG1,0
D,DISPATCH,UNIT_SCADA,1,"2022/10/20 16:30:00",SRSF1,7.96
D,DISPATCH,UNIT_SCADA,1,"2022/10/20 16:30:00",STAN-1,281.773710
D,DISPATCH,UNIT_SCADA,1,"2022/10/20 16:30:00",STAN-2,365.063750
D,DISPATCH,UNIT_SCADA,1,"2022/10/20 16:30:00",STAN-3,218.235870
D,DISPATCH,UNIT_SCADA,1,"2022/10/20 16:30:00",STAN-4,366.191740
D,DISPATCH,UNIT_SCADA,1,"2022/10/20 16:30:00",STARHLWF,11.696590
D,DISPATCH,UNIT_SCADA,1,"2022/10/20 16:30:00",STOCKYD1,202.320010
D,DISPATCH,UNIT_SCADA,1,"2022/10/20 16:30:00",STWF1,2.158850
D,DISPATCH,UNIT_SCADA,1,"2022/10/20 16:30:00",SUNRSF1,45.506980
D,DISPATCH,UNIT_SCADA,1,"2022/10/20 16:30:00",SUNTPSF1,55.077130
D,DISPATCH,UNIT_SCADA,1,"2022/10/20 16:30:00",SWAN_E,228.302490
D,DISPATCH,UNIT_SCADA,1,"2022/10/20 16:30:00",TALWA1,0
D,DISPATCH,UNIT_SCADA,1,"2022/10/20 16:30:00",TARALGA1,0
D,DISPATCH,UNIT_SCADA,1,"2022/10/20 16:30:00",TARONG#1,349.800020
D,DISPATCH,UNIT_SCADA,1,"2022/10/20 16:30:00",TARONG#2,350.600010
D,DISPATCH,UNIT_SCADA,1,"2022/10/20 16:30:00",TARONG#3,0.90
D,DISPATCH,UNIT_SCADA,1,"2022/10/20 16:30:00",TARONG#4,245.50
D,DISPATCH,UNIT_SCADA,1,"2022/10/20 16:30:00",TARRALEA,54.10
D,DISPATCH,UNIT_SCADA,1,"2022/10/20 16:30:00",TBSF1,0.10
D,DISPATCH,UNIT_SCADA,1,"2022/10/20 16:30:00",TNPS1,421.5625
D,DISPATCH,UNIT_SCADA,1,"2022/10/20 16:30:00",TORRB1,0
D,DISPATCH,UNIT_SCADA,1,"2022/10/20 16:30:00",TORRB2,62
D,DISPATCH,UNIT_SCADA,1,"2022/10/20 16:30:00",TORRB3,0
D,DISPATCH,UNIT_SCADA,1,"2022/10/20 16:30:00",TORRB4,0
D,DISPATCH,UNIT_SCADA,1,"2022/10/20 16:30:00",TREVALLN,99.905690
D,DISPATCH,UNIT_SCADA,1,"2022/10/20 16:30:00",TRIBUTE,0
D,DISPATCH,UNIT_SCADA,1,"2022/10/20 16:30:00",TUMUT3,122.34
D,DISPATCH,UNIT_SCADA,1,"2022/10/20 16:30:00",TUNGATIN,4.780020
D,DISPATCH,UNIT_SCADA,1,"2022/10/20 16:30:00",TVCC201,0
D,DISPATCH,UNIT_SCADA,1,"2022/10/20 16:30:00",TVPP104,0
D,DISPATCH,UNIT_SCADA,1,"2022/10/20 16:30:00",UPPTUMUT,0
D,DISPATCH,UNIT_SCADA,1,"2022/10/20 16:30:00",URANQ11,0
D,DISPATCH,UNIT_SCADA,1,"2022/10/20 16:30:00",URANQ12,0
D,DISPATCH,UNIT_SCADA,1,"2022/10/20 16:30:00",URANQ13,0
D,DISPATCH,UNIT_SCADA,1,"2022/10/20 16:30:00",URANQ14,0
D,DISPATCH,UNIT_SCADA,1,"2022/10/20 16:30:00",VBBG1,0
D,DISPATCH,UNIT_SCADA,1,"2022/10/20 16:30:00",VBBL1,0.40
D,DISPATCH,UNIT_SCADA,1,"2022/10/20 16:30:00",VP5,479.067350
D,DISPATCH,UNIT_SCADA,1,"2022/10/20 16:30:00",VP6,479.360320
D,DISPATCH,UNIT_SCADA,1,"2022/10/20 16:30:00",VPGS1,0
D,DISPATCH,UNIT_SCADA,1,"2022/10/20 16:30:00",VPGS2,0
D,DISPATCH,UNIT_SCADA,1,"2022/10/20 16:30:00",VPGS3,0
D,DISPATCH,UNIT_SCADA,1,"2022/10/20 16:30:00",VPGS4,0
D,DISPATCH,UNIT_SCADA,1,"2022/10/20 16:30:00",VPGS5,0
D,DISPATCH,UNIT_SCADA,1,"2022/10/20 16:30:00",VPGS6,0
D,DISPATCH,UNIT_SCADA,1,"2022/10/20 16:30:00",W/HOE#1,0
D,DISPATCH,UNIT_SCADA,1,"2022/10/20 16:30:00",W/HOE#2,0
D,DISPATCH,UNIT_SCADA,1,"2022/10/20 16:30:00",WAGGNSF1,0
D,DISPATCH,UNIT_SCADA,1,"2022/10/20 16:30:00",WALGRVG1,0
D,DISPATCH,UNIT_SCADA,1,"2022/10/20 16:30:00",WALGRVL1,20.606990
D,DISPATCH,UNIT_SCADA,1,"2022/10/20 16:30:00",WANDBG1,0
D,DISPATCH,UNIT_SCADA,1,"2022/10/20 16:30:00",WANDBL1,0
D,DISPATCH,UNIT_SCADA,1,"2022/10/20 16:30:00",WARWSF1,3.25
D,DISPATCH,UNIT_SCADA,1,"2022/10/20 16:30:00",WARWSF2,3.23
D,DISPATCH,UNIT_SCADA,1,"2022/10/20 16:30:00",WATERLWF,0.90
D,DISPATCH,UNIT_SCADA,1,"2022/10/20 16:30:00",WDGPH1,21.9930
D,DISPATCH,UNIT_SCADA,1,"2022/10/20 16:30:00",WELLSF1,110.118260
D,DISPATCH,UNIT_SCADA,1,"2022/10/20 16:30:00",WEMENSF1,27.50
D,DISPATCH,UNIT_SCADA,1,"2022/10/20 16:30:00",WGWF1,3.10
D,DISPATCH,UNIT_SCADA,1,"2022/10/20 16:30:00",WHITSF1,45.70
D,DISPATCH,UNIT_SCADA,1,"2022/10/20 16:30:00",WINTSF1,29.70
D,DISPATCH,UNIT_SCADA,1,"2022/10/20 16:30:00",WKIEWA1,31.90
D,DISPATCH,UNIT_SCADA,1,"2022/10/20 16:30:00",WKIEWA2,14
D,DISPATCH,UNIT_SCADA,1,"2022/10/20 16:30:00",WOODLWN1,33.623070
D,DISPATCH,UNIT_SCADA,1,"2022/10/20 16:30:00",WOOLGSF1,5.466620
D,DISPATCH,UNIT_SCADA,1,"2022/10/20 16:30:00",WPWF,46.88
D,DISPATCH,UNIT_SCADA,1,"2022/10/20 16:30:00",WRSF1,2.970060
D,DISPATCH,UNIT_SCADA,1,"2022/10/20 16:30:00",WRWF1,22.135960
D,DISPATCH,UNIT_SCADA,1,"2022/10/20 16:30:00",WSTWYSF1,5.015810
D,DISPATCH,UNIT_SCADA,1,"2022/10/20 16:30:00",YABULU,0
D,DISPATCH,UNIT_SCADA,1,"2022/10/20 16:30:00",YABULU2,0
D,DISPATCH,UNIT_SCADA,1,"2022/10/20 16:30:00",YARANSF1,16.81
D,DISPATCH,UNIT_SCADA,1,"2022/10/20 16:30:00",YARWUN_1,160.259990
D,DISPATCH,UNIT_SCADA,1,"2022/10/20 16:30:00",YATSF1,44.99
D,DISPATCH,UNIT_SCADA,1,"2022/10/20 16:30:00",YENDWF1,28.47
D,DISPATCH,UNIT_SCADA,1,"2022/10/20 16:30:00",YWPS1,355.637970
D,DISPATCH,UNIT_SCADA,1,"2022/10/20 16:30:00",YWPS2,288.718990
D,DISPATCH,UNIT_SCADA,1,"2022/10/20 16:30:00",YWPS3,360.235440
D,DISPATCH,UNIT_SCADA,1,"2022/10/20 16:30:00",YWPS4,0
C,"END OF REPORT",419
