C,NEMP.WORLD,DISPATCHSCADA,AEMO,PUBLIC,2022/10/20,01:25:10,0000000373219521,DISPATCHSCADA,0000000373219515
I,DISPATCH,UNIT_SCADA,1,SETTLEMENTDATE,DUID,SCADAVALUE
D,DISPATCH,UNIT_SCADA,1,"2022/10/20 01:30:00",BARCSF1,0.10
D,DISPATCH,UNIT_SCADA,1,"2022/10/20 01:30:00",BUTLERSG,8.699999
D,DISPATCH,UNIT_SCADA,1,"2022/10/20 01:30:00",CAPTL_WF,20.707348
D,DISPATCH,UNIT_SCADA,1,"2022/10/20 01:30:00",CHALLHWF,19.40
D,DISPATCH,UNIT_SCADA,1,"2022/10/20 01:30:00",CLOVER,13.42
D,DISPATCH,UNIT_SCADA,1,"2022/10/20 01:30:00",CLUNY,6.234378
D,DISPATCH,UNIT_SCADA,1,"2022/10/20 01:30:00",CULLRGWF,-0.06
D,DISPATCH,UNIT_SCADA,1,"2022/10/20 01:30:00",DIAPURWF1,7.30
D,DISPATCH,UNIT_SCADA,1,"2022/10/20 01:30:00",ERGT01,0
D,DISPATCH,UNIT_SCADA,1,"2022/10/20 01:30:00",GB01,0
D,DISPATCH,UNIT_SCADA,1,"2022/10/20 01:30:00",GERMCRK,21.50
D,DISPATCH,UNIT_SCADA,1,"2022/10/20 01:30:00",GRIFSF1,0.001526
D,DISPATCH,UNIT_SCADA,1,"2022/10/20 01:30:00",HEZ1,0
D,DISPATCH,UNIT_SCADA,1,"2022/10/20 01:30:00",HUGSF1,-0.1740
D,DISPATCH,UNIT_SCADA,1,"2022/10/20 01:30:00",KEPBG1,0.02
D,DISPATCH,UNIT_SCADA,1,"2022/10/20 01:30:00",LRSF1,0.0240
D,DISPATCH,UNIT_SCADA,1,"2022/10/20 01:30:00",MBAHNTH,50.381256
D,DISPATCH,UNIT_SCADA,1,"2022/10/20 01:30:00",MLSP1,0
D,DISPATCH,UNIT_SCADA,1,"2022/10/20 01:30:00",MLWF1,1.35
D,DISPATCH,UNIT_SCADA,1,"2022/10/20 01:30:00",PALOONA,30.439999
D,DISPATCH,UNIT_SCADA,1,"2022/10/20 01:30:00",PIONEER,41
D,DISPATCH,UNIT_SCADA,1,"2022/10/20 01:30:00",PORTWF,31.10
D,DISPATCH,UNIT_SCADA,1,"2022/10/20 01:30:00",REPULSE,9.505150
D,DISPATCH,UNIT_SCADA,1,"2022/10/20 01:30:00",ROWALLAN,8.9460
D,DISPATCH,UNIT_SCADA,1,"2022/10/20 01:30:00",ROYALLA1,0
D,DISPATCH,UNIT_SCADA,1,"2022/10/20 01:30:00",RPCG,-1.20
D,DISPATCH,UNIT_SCADA,1,"2022/10/20 01:30:00",RUBICON,0
D,DISPATCH,UNIT_SCADA,1,"2022/10/20 01:30:00",WAUBRAWF,119.7230
D,DISPATCH,UNIT_SCADA,1,"2022/10/20 01:30:00",WOOLNTH1,14.449999
D,DISPATCH,UNIT_SCADA,1,"2022/10/20 01:30:00",YAMBUKWF,3.30
D,DISPATCH,UNIT_SCADA,1,"2022/10/20 01:30:00",YSWF1,1.40
D,DISPATCH,UNIT_SCADA,1,"2022/10/20 01:30:00",ADPBA1G,0.0080
D,DISPATCH,UNIT_SCADA,1,"2022/10/20 01:30:00",ADPBA1L,0
D,DISPATCH,UNIT_SCADA,1,"2022/10/20 01:30:00",ADPPV1,0
D,DISPATCH,UNIT_SCADA,1,"2022/10/20 01:30:00",AGLHAL,0
D,DISPATCH,UNIT_SCADA,1,"2022/10/20 01:30:00",AGLSOM,0
D,DISPATCH,UNIT_SCADA,1,"2022/10/20 01:30:00",ANGAST1,0
D,DISPATCH,UNIT_SCADA,1,"2022/10/20 01:30:00",ARWF1,30.90
D,DISPATCH,UNIT_SCADA,1,"2022/10/20 01:30:00",BALBG1,0
D,DISPATCH,UNIT_SCADA,1,"2022/10/20 01:30:00",BALBL1,0
D,DISPATCH,UNIT_SCADA,1,"2022/10/20 01:30:00",BALDHWF1,0
D,DISPATCH,UNIT_SCADA,1,"2022/10/20 01:30:00",BANGOWF1,43.4992
D,DISPATCH,UNIT_SCADA,1,"2022/10/20 01:30:00",BANGOWF2,46.499350
D,DISPATCH,UNIT_SCADA,1,"2022/10/20 01:30:00",BANN1,0
D,DISPATCH,UNIT_SCADA,1,"2022/10/20 01:30:00",BARCALDN,0
D,DISPATCH,UNIT_SCADA,1,"2022/10/20 01:30:00",BARKIPS1,0
D,DISPATCH,UNIT_SCADA,1,"2022/10/20 01:30:00",BARRON-1,0
D,DISPATCH,UNIT_SCADA,1,"2022/10/20 01:30:00",BARRON-2,0
D,DISPATCH,UNIT_SCADA,1,"2022/10/20 01:30:00",BASTYAN,0
D,DISPATCH,UNIT_SCADA,1,"2022/10/20 01:30:00",BBTHREE1,-1.02
D,DISPATCH,UNIT_SCADA,1,"2022/10/20 01:30:00",BBTHREE2,0
D,DISPATCH,UNIT_SCADA,1,"2022/10/20 01:30:00",BBTHREE3,0
D,DISPATCH,UNIT_SCADA,1,"2022/10/20 01:30:00",BDL01,0
D,DISPATCH,UNIT_SCADA,1,"2022/10/20 01:30:00",BDL02,0
D,DISPATCH,UNIT_SCADA,1,"2022/10/20 01:30:00",BERYLSF1,0
D,DISPATCH,UNIT_SCADA,1,"2022/10/20 01:30:00",BLOWERNG,62.60
D,DISPATCH,UNIT_SCADA,1,"2022/10/20 01:30:00",BLUEGSF1,0
D,DISPATCH,UNIT_SCADA,1,"2022/10/20 01:30:00",BLUFF1,11.80
D,DISPATCH,UNIT_SCADA,1,"2022/10/20 01:30:00",BNGSF1,0
D,DISPATCH,UNIT_SCADA,1,"2022/10/20 01:30:00",BNGSF2,0
D,DISPATCH,UNIT_SCADA,1,"2022/10/20 01:30:00",BOCORWF1,4.37
D,DISPATCH,UNIT_SCADA,1,"2022/10/20 01:30:00",BODWF1,76.773480
D,DISPATCH,UNIT_SCADA,1,"2022/10/20 01:30:00",BOMENSF1,0
D,DISPATCH,UNIT_SCADA,1,"2022/10/20 01:30:00",BOWWBA1G,0
D,DISPATCH,UNIT_SCADA,1,"2022/10/20 01:30:00",BOWWBA1L,0.0010
D,DISPATCH,UNIT_SCADA,1,"2022/10/20 01:30:00",BOWWPV1,0
D,DISPATCH,UNIT_SCADA,1,"2022/10/20 01:30:00",BRAEMAR1,0
D,DISPATCH,UNIT_SCADA,1,"2022/10/20 01:30:00",BRAEMAR2,0
D,DISPATCH,UNIT_SCADA,1,"2022/10/20 01:30:00",BRAEMAR3,0
D,DISPATCH,UNIT_SCADA,1,"2022/10/20 01:30:00",BRAEMAR5,0.292060
D,DISPATCH,UNIT_SCADA,1,"2022/10/20 01:30:00",BRAEMAR6,0
D,DISPATCH,UNIT_SCADA,1,"2022/10/20 01:30:00",BRAEMAR7,0.130920
D,DISPATCH,UNIT_SCADA,1,"2022/10/20 01:30:00",BROKENH1,0
D,DISPATCH,UNIT_SCADA,1,"2022/10/20 01:30:00",BRYB1WF1,97.111470
D,DISPATCH,UNIT_SCADA,1,"2022/10/20 01:30:00",BULBESG1,0
D,DISPATCH,UNIT_SCADA,1,"2022/10/20 01:30:00",BULBESL1,0.03
D,DISPATCH,UNIT_SCADA,1,"2022/10/20 01:30:00",BULGANA1,59.55
D,DISPATCH,UNIT_SCADA,1,"2022/10/20 01:30:00",BW01,442.963290
D,DISPATCH,UNIT_SCADA,1,"2022/10/20 01:30:00",BW02,438.300140
D,DISPATCH,UNIT_SCADA,1,"2022/10/20 01:30:00",BW03,438.959320
D,DISPATCH,UNIT_SCADA,1,"2022/10/20 01:30:00",BW04,0
D,DISPATCH,UNIT_SCADA,1,"2022/10/20 01:30:00",CALL_B_1,318.800020
D,DISPATCH,UNIT_SCADA,1,"2022/10/20 01:30:00",CALL_B_2,321.399990
D,DISPATCH,UNIT_SCADA,1,"2022/10/20 01:30:00",CATHROCK,6.60
D,DISPATCH,UNIT_SCADA,1,"2022/10/20 01:30:00",CBWWBA1G,0
D,DISPATCH,UNIT_SCADA,1,"2022/10/20 01:30:00",CBWWBA1L,0
D,DISPATCH,UNIT_SCADA,1,"2022/10/20 01:30:00",CETHANA,97.585750
D,DISPATCH,UNIT_SCADA,1,"2022/10/20 01:30:00",CG1,0
D,DISPATCH,UNIT_SCADA,1,"2022/10/20 01:30:00",CG2,0
D,DISPATCH,UNIT_SCADA,1,"2022/10/20 01:30:00",CG3,0
D,DISPATCH,UNIT_SCADA,1,"2022/10/20 01:30:00",CG4,0
D,DISPATCH,UNIT_SCADA,1,"2022/10/20 01:30:00",CHILDSF1,0
D,DISPATCH,UNIT_SCADA,1,"2022/10/20 01:30:00",CHYTWF1,21.87
D,DISPATCH,UNIT_SCADA,1,"2022/10/20 01:30:00",CLARESF1,0
D,DISPATCH,UNIT_SCADA,1,"2022/10/20 01:30:00",CLEMGPWF,37.098030
D,DISPATCH,UNIT_SCADA,1,"2022/10/20 01:30:00",CLERMSF1,0
D,DISPATCH,UNIT_SCADA,1,"2022/10/20 01:30:00",CNUNDAWF,14.817290
D,DISPATCH,UNIT_SCADA,1,"2022/10/20 01:30:00",COHUNSF1,0
D,DISPATCH,UNIT_SCADA,1,"2022/10/20 01:30:00",COLEASF1,0
D,DISPATCH,UNIT_SCADA,1,"2022/10/20 01:30:00",COLUMSF1,0
D,DISPATCH,UNIT_SCADA,1,"2022/10/20 01:30:00",COLWF01,107.336530
D,DISPATCH,UNIT_SCADA,1,"2022/10/20 01:30:00",COOPGWF1,345.929990
D,DISPATCH,UNIT_SCADA,1,"2022/10/20 01:30:00",CPP_3,360.524990
D,DISPATCH,UNIT_SCADA,1,"2022/10/20 01:30:00",CPP_4,0
D,DISPATCH,UNIT_SCADA,1,"2022/10/20 01:30:00",CPSA,0
D,DISPATCH,UNIT_SCADA,1,"2022/10/20 01:30:00",CROOKWF2,13.393150
D,DISPATCH,UNIT_SCADA,1,"2022/10/20 01:30:00",CROWLWF1,50.7392
D,DISPATCH,UNIT_SCADA,1,"2022/10/20 01:30:00",CRURWF1,25.296180
D,DISPATCH,UNIT_SCADA,1,"2022/10/20 01:30:00",CRWASF1,0
D,DISPATCH,UNIT_SCADA,1,"2022/10/20 01:30:00",CSPVPS1,0
D,DISPATCH,UNIT_SCADA,1,"2022/10/20 01:30:00",CTHLWF1,0.003050
D,DISPATCH,UNIT_SCADA,1,"2022/10/20 01:30:00",DALNTH01,0
D,DISPATCH,UNIT_SCADA,1,"2022/10/20 01:30:00",DALNTHL1,0.059510
D,DISPATCH,UNIT_SCADA,1,"2022/10/20 01:30:00",DARLSF1,0
D,DISPATCH,UNIT_SCADA,1,"2022/10/20 01:30:00",DARTM1,0
D,DISPATCH,UNIT_SCADA,1,"2022/10/20 01:30:00",DAYDSF1,0
D,DISPATCH,UNIT_SCADA,1,"2022/10/20 01:30:00",DDPS1,0
D,DISPATCH,UNIT_SCADA,1,"2022/10/20 01:30:00",DDSF1,0
D,DISPATCH,UNIT_SCADA,1,"2022/10/20 01:30:00",DEVILS_G,54.088570
D,DISPATCH,UNIT_SCADA,1,"2022/10/20 01:30:00",DG_NSW1,0
D,DISPATCH,UNIT_SCADA,1,"2022/10/20 01:30:00",DG_QLD1,0
D,DISPATCH,UNIT_SCADA,1,"2022/10/20 01:30:00",DG_SA1,0
D,DISPATCH,UNIT_SCADA,1,"2022/10/20 01:30:00",DG_TAS1,0
D,DISPATCH,UNIT_SCADA,1,"2022/10/20 01:30:00",DG_VIC1,0
D,DISPATCH,UNIT_SCADA,1,"2022/10/20 01:30:00",DRYCGT1,0
D,DISPATCH,UNIT_SCADA,1,"2022/10/20 01:30:00",DRYCGT2,0
D,DISPATCH,UNIT_SCADA,1,"2022/10/20 01:30:00",DRYCGT3,0
D,DISPATCH,UNIT_SCADA,1,"2022/10/20 01:30:00",DUNDWF1,64.39
D,DISPATCH,UNIT_SCADA,1,"2022/10/20 01:30:00",DUNDWF2,21.54
D,DISPATCH,UNIT_SCADA,1,"2022/10/20 01:30:00",DUNDWF3,41
D,DISPATCH,UNIT_SCADA,1,"2022/10/20 01:30:00",EILDON1,59.88
D,DISPATCH,UNIT_SCADA,1,"2022/10/20 01:30:00",EILDON2,60
D,DISPATCH,UNIT_SCADA,1,"2022/10/20 01:30:00",ELAINWF1,40.23
D,DISPATCH,UNIT_SCADA,1,"2022/10/20 01:30:00",EMERASF1,0
D,DISPATCH,UNIT_SCADA,1,"2022/10/20 01:30:00",ER01,0
D,DISPATCH,UNIT_SCADA,1,"2022/10/20 01:30:00",ER02,403.167790
D,DISPATCH,UNIT_SCADA,1,"2022/10/20 01:30:00",ER03,401.727330
D,DISPATCH,UNIT_SCADA,1,"2022/10/20 01:30:00",ER04,405.535980
D,DISPATCH,UNIT_SCADA,1,"2022/10/20 01:30:00",FINLYSF1,0
D,DISPATCH,UNIT_SCADA,1,"2022/10/20 01:30:00",FISHER,31.34
D,DISPATCH,UNIT_SCADA,1,"2022/10/20 01:30:00",GANGARR1,0
D,DISPATCH,UNIT_SCADA,1,"2022/10/20 01:30:00",GANNBG1,0
D,DISPATCH,UNIT_SCADA,1,"2022/10/20 01:30:00",GANNBL1,7.991930
D,DISPATCH,UNIT_SCADA,1,"2022/10/20 01:30:00",GANNSF1,0
D,DISPATCH,UNIT_SCADA,1,"2022/10/20 01:30:00",GLRWNSF1,0
D,DISPATCH,UNIT_SCADA,1,"2022/10/20 01:30:00",GNNDHSF1,0
D,DISPATCH,UNIT_SCADA,1,"2022/10/20 01:30:00",GOONSF1,0
D,DISPATCH,UNIT_SCADA,1,"2022/10/20 01:30:00",GORDON,194.158050
D,DISPATCH,UNIT_SCADA,1,"2022/10/20 01:30:00",GRANWF1,0
D,DISPATCH,UNIT_SCADA,1,"2022/10/20 01:30:00",GSTONE1,151.3750
D,DISPATCH,UNIT_SCADA,1,"2022/10/20 01:30:00",GSTONE2,0
D,DISPATCH,UNIT_SCADA,1,"2022/10/20 01:30:00",GSTONE3,217.524990
D,DISPATCH,UNIT_SCADA,1,"2022/10/20 01:30:00",GSTONE4,0
D,DISPATCH,UNIT_SCADA,1,"2022/10/20 01:30:00",GSTONE5,220.149990
D,DISPATCH,UNIT_SCADA,1,"2022/10/20 01:30:00",GSTONE6,220.149990
D,DISPATCH,UNIT_SCADA,1,"2022/10/20 01:30:00",GULLRSF1,0
D,DISPATCH,UNIT_SCADA,1,"2022/10/20 01:30:00",GULLRWF1,61.194070
D,DISPATCH,UNIT_SCADA,1,"2022/10/20 01:30:00",GULLRWF2,85.447110
D,DISPATCH,UNIT_SCADA,1,"2022/10/20 01:30:00",GUNNING1,0
D,DISPATCH,UNIT_SCADA,1,"2022/10/20 01:30:00",GUTHEGA,67.80
D,DISPATCH,UNIT_SCADA,1,"2022/10/20 01:30:00",HALLWF1,79.23
D,DISPATCH,UNIT_SCADA,1,"2022/10/20 01:30:00",HALLWF2,50.50
D,DISPATCH,UNIT_SCADA,1,"2022/10/20 01:30:00",HAMISF1,0
D,DISPATCH,UNIT_SCADA,1,"2022/10/20 01:30:00",HAUGHT11,0
D,DISPATCH,UNIT_SCADA,1,"2022/10/20 01:30:00",HAYMSF1,0
D,DISPATCH,UNIT_SCADA,1,"2022/10/20 01:30:00",HDWF1,88.60
D,DISPATCH,UNIT_SCADA,1,"2022/10/20 01:30:00",HDWF2,83.70
D,DISPATCH,UNIT_SCADA,1,"2022/10/20 01:30:00",HDWF3,87.90
D,DISPATCH,UNIT_SCADA,1,"2022/10/20 01:30:00",HILLSTN1,0
D,DISPATCH,UNIT_SCADA,1,"2022/10/20 01:30:00",HPRG1,0
D,DISPATCH,UNIT_SCADA,1,"2022/10/20 01:30:00",HPRL1,13.30
D,DISPATCH,UNIT_SCADA,1,"2022/10/20 01:30:00",HUMENSW,54.229130
D,DISPATCH,UNIT_SCADA,1,"2022/10/20 01:30:00",HUMEV,0
D,DISPATCH,UNIT_SCADA,1,"2022/10/20 01:30:00",HVWWBA1G,0
D,DISPATCH,UNIT_SCADA,1,"2022/10/20 01:30:00",HVWWBA1L,0.0060
D,DISPATCH,UNIT_SCADA,1,"2022/10/20 01:30:00",HVWWPV1,0
D,DISPATCH,UNIT_SCADA,1,"2022/10/20 01:30:00",JBUTTERS,0
D,DISPATCH,UNIT_SCADA,1,"2022/10/20 01:30:00",JEMALNG1,0
D,DISPATCH,UNIT_SCADA,1,"2022/10/20 01:30:00",JLA01,0
D,DISPATCH,UNIT_SCADA,1,"2022/10/20 01:30:00",JLA02,0
D,DISPATCH,UNIT_SCADA,1,"2022/10/20 01:30:00",JLA03,0
D,DISPATCH,UNIT_SCADA,1,"2022/10/20 01:30:00",JLA04,0
D,DISPATCH,UNIT_SCADA,1,"2022/10/20 01:30:00",JLB01,0
D,DISPATCH,UNIT_SCADA,1,"2022/10/20 01:30:00",JLB02,0.10
D,DISPATCH,UNIT_SCADA,1,"2022/10/20 01:30:00",JLB03,0
D,DISPATCH,UNIT_SCADA,1,"2022/10/20 01:30:00",JUNEESF1,0
D,DISPATCH,UNIT_SCADA,1,"2022/10/20 01:30:00",KABANWF1,0.5660
D,DISPATCH,UNIT_SCADA,1,"2022/10/20 01:30:00",KAREEYA1,0
D,DISPATCH,UNIT_SCADA,1,"2022/10/20 01:30:00",KAREEYA2,0
D,DISPATCH,UNIT_SCADA,1,"2022/10/20 01:30:00",KAREEYA3,21.4450
D,DISPATCH,UNIT_SCADA,1,"2022/10/20 01:30:00",KAREEYA4,0
D,DISPATCH,UNIT_SCADA,1,"2022/10/20 01:30:00",KARSF1,0
D,DISPATCH,UNIT_SCADA,1,"2022/10/20 01:30:00",KEPSF1,0
D,DISPATCH,UNIT_SCADA,1,"2022/10/20 01:30:00",KEPWF1,0.28
D,DISPATCH,UNIT_SCADA,1,"2022/10/20 01:30:00",KIAMSF1,0
D,DISPATCH,UNIT_SCADA,1,"2022/10/20 01:30:00",KIATAWF1,30.90
D,DISPATCH,UNIT_SCADA,1,"2022/10/20 01:30:00",KPP_1,0
D,DISPATCH,UNIT_SCADA,1,"2022/10/20 01:30:00",KSP1,0
D,DISPATCH,UNIT_SCADA,1,"2022/10/20 01:30:00",LADBROK1,0.01
D,DISPATCH,UNIT_SCADA,1,"2022/10/20 01:30:00",LADBROK2,37.94
D,DISPATCH,UNIT_SCADA,1,"2022/10/20 01:30:00",LBBG1,0
D,DISPATCH,UNIT_SCADA,1,"2022/10/20 01:30:00",LBBL1,4.95
D,DISPATCH,UNIT_SCADA,1,"2022/10/20 01:30:00",LD01,319.675290
D,DISPATCH,UNIT_SCADA,1,"2022/10/20 01:30:00",LD02,0
D,DISPATCH,UNIT_SCADA,1,"2022/10/20 01:30:00",LD04,321.323270
D,DISPATCH,UNIT_SCADA,1,"2022/10/20 01:30:00",LEM_WIL,86.836290
D,DISPATCH,UNIT_SCADA,1,"2022/10/20 01:30:00",LGAPWF1,76.89
D,DISPATCH,UNIT_SCADA,1,"2022/10/20 01:30:00",LGAPWF2,35.43
D,DISPATCH,UNIT_SCADA,1,"2022/10/20 01:30:00",LILYSF1,0
D,DISPATCH,UNIT_SCADA,1,"2022/10/20 01:30:00",LIMOSF11,0
D,DISPATCH,UNIT_SCADA,1,"2022/10/20 01:30:00",LIMOSF21,0
D,DISPATCH,UNIT_SCADA,1,"2022/10/20 01:30:00",LI_WY_CA,55.9127
D,DISPATCH,UNIT_SCADA,1,"2022/10/20 01:30:00",LKBONNY1,0
D,DISPATCH,UNIT_SCADA,1,"2022/10/20 01:30:00",LKBONNY2,26.407340
D,DISPATCH,UNIT_SCADA,1,"2022/10/20 01:30:00",LKBONNY3,7.759270
D,DISPATCH,UNIT_SCADA,1,"2022/10/20 01:30:00",LK_ECHO,0
D,DISPATCH,UNIT_SCADA,1,"2022/10/20 01:30:00",LNGS1,0
D,DISPATCH,UNIT_SCADA,1,"2022/10/20 01:30:00",LNGS2,0
D,DISPATCH,UNIT_SCADA,1,"2022/10/20 01:30:00",LONSDALE,0
D,DISPATCH,UNIT_SCADA,1,"2022/10/20 01:30:00",LOYYB1,449.244290
D,DISPATCH,UNIT_SCADA,1,"2022/10/20 01:30:00",LOYYB2,449.996220
D,DISPATCH,UNIT_SCADA,1,"2022/10/20 01:30:00",LYA1,540
D,DISPATCH,UNIT_SCADA,1,"2022/10/20 01:30:00",LYA2,0
D,DISPATCH,UNIT_SCADA,1,"2022/10/20 01:30:00",LYA3,539
D,DISPATCH,UNIT_SCADA,1,"2022/10/20 01:30:00",LYA4,541
D,DISPATCH,UNIT_SCADA,1,"2022/10/20 01:30:00",MACARTH1,53.798760
D,DISPATCH,UNIT_SCADA,1,"2022/10/20 01:30:00",MACKNTSH,0
D,DISPATCH,UNIT_SCADA,1,"2022/10/20 01:30:00",MANSLR1,0
D,DISPATCH,UNIT_SCADA,1,"2022/10/20 01:30:00",MAPS2PV1,0
D,DISPATCH,UNIT_SCADA,1,"2022/10/20 01:30:00",MAPS3PV1,0
D,DISPATCH,UNIT_SCADA,1,"2022/10/20 01:30:00",MARYRSF1,0
D,DISPATCH,UNIT_SCADA,1,"2022/10/20 01:30:00",MBPS2PV1,0
D,DISPATCH,UNIT_SCADA,1,"2022/10/20 01:30:00",MCKAY1,0.02
D,DISPATCH,UNIT_SCADA,1,"2022/10/20 01:30:00",MEADOWBK,19.8631
D,DISPATCH,UNIT_SCADA,1,"2022/10/20 01:30:00",MERCER01,50.30
D,DISPATCH,UNIT_SCADA,1,"2022/10/20 01:30:00",METZSF1,0
D,DISPATCH,UNIT_SCADA,1,"2022/10/20 01:30:00",MEWF1,4
D,DISPATCH,UNIT_SCADA,1,"2022/10/20 01:30:00",MIDDLSF1,0
D,DISPATCH,UNIT_SCADA,1,"2022/10/20 01:30:00",MINTARO,0.128180
D,DISPATCH,UNIT_SCADA,1,"2022/10/20 01:30:00",MOLNGSF1,0
D,DISPATCH,UNIT_SCADA,1,"2022/10/20 01:30:00",MOORAWF1,45.53
D,DISPATCH,UNIT_SCADA,1,"2022/10/20 01:30:00",MOREESF1,0
D,DISPATCH,UNIT_SCADA,1,"2022/10/20 01:30:00",MORTLK11,0
D,DISPATCH,UNIT_SCADA,1,"2022/10/20 01:30:00",MORTLK12,0
D,DISPATCH,UNIT_SCADA,1,"2022/10/20 01:30:00",MOUSF1,0
D,DISPATCH,UNIT_SCADA,1,"2022/10/20 01:30:00",MP1,0
D,DISPATCH,UNIT_SCADA,1,"2022/10/20 01:30:00",MP2,311.393920
D,DISPATCH,UNIT_SCADA,1,"2022/10/20 01:30:00",MPP_1,114.093790
D,DISPATCH,UNIT_SCADA,1,"2022/10/20 01:30:00",MPP_2,0
D,DISPATCH,UNIT_SCADA,1,"2022/10/20 01:30:00",MRTLSWF1,0
D,DISPATCH,UNIT_SCADA,1,"2022/10/20 01:30:00",MSTUART1,0
D,DISPATCH,UNIT_SCADA,1,"2022/10/20 01:30:00",MSTUART2,0
D,DISPATCH,UNIT_SCADA,1,"2022/10/20 01:30:00",MSTUART3,0
D,DISPATCH,UNIT_SCADA,1,"2022/10/20 01:30:00",MTGELWF1,7.788320
D,DISPATCH,UNIT_SCADA,1,"2022/10/20 01:30:00",MTMILLAR,13.40
D,DISPATCH,UNIT_SCADA,1,"2022/10/20 01:30:00",MURRAY,0
D,DISPATCH,UNIT_SCADA,1,"2022/10/20 01:30:00",MUSSELR1,51.60
D,DISPATCH,UNIT_SCADA,1,"2022/10/20 01:30:00",MUWAWF1,186.37
D,DISPATCH,UNIT_SCADA,1,"2022/10/20 01:30:00",MUWAWF2,184
D,DISPATCH,UNIT_SCADA,1,"2022/10/20 01:30:00",MWPS1PV1,0
D,DISPATCH,UNIT_SCADA,1,"2022/10/20 01:30:00",MWPS2PV1,0
D,DISPATCH,UNIT_SCADA,1,"2022/10/20 01:30:00",MWPS3PV1,0
D,DISPATCH,UNIT_SCADA,1,"2022/10/20 01:30:00",MWPS4PV1,0
D,DISPATCH,UNIT_SCADA,1,"2022/10/20 01:30:00",NBHWF1,119.50
D,DISPATCH,UNIT_SCADA,1,"2022/10/20 01:30:00",NEVERSF1,0
D,DISPATCH,UNIT_SCADA,1,"2022/10/20 01:30:00",NPS,0
D,DISPATCH,UNIT_SCADA,1,"2022/10/20 01:30:00",NUMURSF1,0
D,DISPATCH,UNIT_SCADA,1,"2022/10/20 01:30:00",NYNGAN1,0
D,DISPATCH,UNIT_SCADA,1,"2022/10/20 01:30:00",OAKEY1,0
D,DISPATCH,UNIT_SCADA,1,"2022/10/20 01:30:00",OAKEY1SF,0
D,DISPATCH,UNIT_SCADA,1,"2022/10/20 01:30:00",OAKEY2,0
D,DISPATCH,UNIT_SCADA,1,"2022/10/20 01:30:00",OAKEY2SF,0
D,DISPATCH,UNIT_SCADA,1,"2022/10/20 01:30:00",OAKLAND1,18
D,DISPATCH,UNIT_SCADA,1,"2022/10/20 01:30:00",OSB-AG,0
D,DISPATCH,UNIT_SCADA,1,"2022/10/20 01:30:00",PAREPS1,0.0660
D,DISPATCH,UNIT_SCADA,1,"2022/10/20 01:30:00",PAREPW1,17.13
D,DISPATCH,UNIT_SCADA,1,"2022/10/20 01:30:00",PARSF1,0.001530
D,DISPATCH,UNIT_SCADA,1,"2022/10/20 01:30:00",POAT110,0
D,DISPATCH,UNIT_SCADA,1,"2022/10/20 01:30:00",POAT220,0
D,DISPATCH,UNIT_SCADA,1,"2022/10/20 01:30:00",POR01,0
D,DISPATCH,UNIT_SCADA,1,"2022/10/20 01:30:00",POR03,0
D,DISPATCH,UNIT_SCADA,1,"2022/10/20 01:30:00",PPCCGT,130.601470
D,DISPATCH,UNIT_SCADA,1,"2022/10/20 01:30:00",PTSTAN1,0
D,DISPATCH,UNIT_SCADA,1,"2022/10/20 01:30:00",PUMP1,0
D,DISPATCH,UNIT_SCADA,1,"2022/10/20 01:30:00",PUMP2,0
D,DISPATCH,UNIT_SCADA,1,"2022/10/20 01:30:00",QBYNBG1,0
D,DISPATCH,UNIT_SCADA,1,"2022/10/20 01:30:00",QBYNBL1,0.0005
D,DISPATCH,UNIT_SCADA,1,"2022/10/20 01:30:00",QPS1,0
D,DISPATCH,UNIT_SCADA,1,"2022/10/20 01:30:00",QPS2,0
D,DISPATCH,UNIT_SCADA,1,"2022/10/20 01:30:00",QPS3,0
D,DISPATCH,UNIT_SCADA,1,"2022/10/20 01:30:00",QPS4,0
D,DISPATCH,UNIT_SCADA,1,"2022/10/20 01:30:00",QPS5,75.68
D,DISPATCH,UNIT_SCADA,1,"2022/10/20 01:30:00",REECE1,0
D,DISPATCH,UNIT_SCADA,1,"2022/10/20 01:30:00",REECE2,0
D,DISPATCH,UNIT_SCADA,1,"2022/10/20 01:30:00",ROMA_7,0
D,DISPATCH,UNIT_SCADA,1,"2022/10/20 01:30:00",ROMA_8,0
D,DISPATCH,UNIT_SCADA,1,"2022/10/20 01:30:00",RRSF1,0
D,DISPATCH,UNIT_SCADA,1,"2022/10/20 01:30:00",RT_NSW1,0
D,DISPATCH,UNIT_SCADA,1,"2022/10/20 01:30:00",RT_NSW2,0
D,DISPATCH,UNIT_SCADA,1,"2022/10/20 01:30:00",RT_NSW3,0
D,DISPATCH,UNIT_SCADA,1,"2022/10/20 01:30:00",RT_NSW4,0
D,DISPATCH,UNIT_SCADA,1,"2022/10/20 01:30:00",RT_NSW5,0
D,DISPATCH,UNIT_SCADA,1,"2022/10/20 01:30:00",RT_NSW6,0
D,DISPATCH,UNIT_SCADA,1,"2022/10/20 01:30:00",RT_QLD1,0
D,DISPATCH,UNIT_SCADA,1,"2022/10/20 01:30:00",RT_SA1,0
D,DISPATCH,UNIT_SCADA,1,"2022/10/20 01:30:00",RT_SA2,0
D,DISPATCH,UNIT_SCADA,1,"2022/10/20 01:30:00",RT_SA3,0
D,DISPATCH,UNIT_SCADA,1,"2022/10/20 01:30:00",RT_SA4,0
D,DISPATCH,UNIT_SCADA,1,"2022/10/20 01:30:00",RT_SA5,0
D,DISPATCH,UNIT_SCADA,1,"2022/10/20 01:30:00",RT_SA6,0
D,DISPATCH,UNIT_SCADA,1,"2022/10/20 01:30:00",RT_TAS1,0
D,DISPATCH,UNIT_SCADA,1,"2022/10/20 01:30:00",RT_VIC1,0
D,DISPATCH,UNIT_SCADA,1,"2022/10/20 01:30:00",RT_VIC10,0
D,DISPATCH,UNIT_SCADA,1,"2022/10/20 01:30:00",RT_VIC11,0
D,DISPATCH,UNIT_SCADA,1,"2022/10/20 01:30:00",RT_VIC12,0
D,DISPATCH,UNIT_SCADA,1,"2022/10/20 01:30:00",RT_VIC2,0
D,DISPATCH,UNIT_SCADA,1,"2022/10/20 01:30:00",RT_VIC3,0
D,DISPATCH,UNIT_SCADA,1,"2022/10/20 01:30:00",RT_VIC4,0
D,DISPATCH,UNIT_SCADA,1,"2022/10/20 01:30:00",RT_VIC5,0
D,DISPATCH,UNIT_SCADA,1,"2022/10/20 01:30:00",RT_VIC6,0
D,DISPATCH,UNIT_SCADA,1,"2022/10/20 01:30:00",RT_VIC7,0
D,DISPATCH,UNIT_SCADA,1,"2022/10/20 01:30:00",RT_VIC8,0
D,DISPATCH,UNIT_SCADA,1,"2022/10/20 01:30:00",RT_VIC9,0
D,DISPATCH,UNIT_SCADA,1,"2022/10/20 01:30:00",RUGBYR1,0
D,DISPATCH,UNIT_SCADA,1,"2022/10/20 01:30:00",SALTCRK1,10.11
D,DISPATCH,UNIT_SCADA,1,"2022/10/20 01:30:00",SAPHWF1,213.756010
D,DISPATCH,UNIT_SCADA,1,"2022/10/20 01:30:00",SEBSF1,0
D,DISPATCH,UNIT_SCADA,1,"2022/10/20 01:30:00",SHGEN,0
D,DISPATCH,UNIT_SCADA,1,"2022/10/20 01:30:00",SHPUMP,0
D,DISPATCH,UNIT_SCADA,1,"2022/10/20 01:30:00",SITHE01,0.153860
D,DISPATCH,UNIT_SCADA,1,"2022/10/20 01:30:00",SMCSF1,0
D,DISPATCH,UNIT_SCADA,1,"2022/10/20 01:30:00",SNAPPER1,0
D,DISPATCH,UNIT_SCADA,1,"2022/10/20 01:30:00",SNOWNTH1,129.600010
D,DISPATCH,UNIT_SCADA,1,"2022/10/20 01:30:00",SNOWSTH1,114.10
D,DISPATCH,UNIT_SCADA,1,"2022/10/20 01:30:00",SNOWTWN1,91.379980
D,DISPATCH,UNIT_SCADA,1,"2022/10/20 01:30:00",SNOWYP,0
D,DISPATCH,UNIT_SCADA,1,"2022/10/20 01:30:00",SNUG1,0
D,DISPATCH,UNIT_SCADA,1,"2022/10/20 01:30:00",SRSF1,0
D,DISPATCH,UNIT_SCADA,1,"2022/10/20 01:30:00",STAN-1,279.979220
D,DISPATCH,UNIT_SCADA,1,"2022/10/20 01:30:00",STAN-2,365.614930
D,DISPATCH,UNIT_SCADA,1,"2022/10/20 01:30:00",STAN-3,364.4357
D,DISPATCH,UNIT_SCADA,1,"2022/10/20 01:30:00",STAN-4,363.769170
D,DISPATCH,UNIT_SCADA,1,"2022/10/20 01:30:00",STARHLWF,0.01
D,DISPATCH,UNIT_SCADA,1,"2022/10/20 01:30:00",STOCKYD1,294.59
D,DISPATCH,UNIT_SCADA,1,"2022/10/20 01:30:00",STWF1,143.5990
D,DISPATCH,UNIT_SCADA,1,"2022/10/20 01:30:00",SUNRSF1,0
D,DISPATCH,UNIT_SCADA,1,"2022/10/20 01:30:00",SUNTPSF1,0
D,DISPATCH,UNIT_SCADA,1,"2022/10/20 01:30:00",SWAN_E,244.2525
D,DISPATCH,UNIT_SCADA,1,"2022/10/20 01:30:00",TALWA1,0
D,DISPATCH,UNIT_SCADA,1,"2022/10/20 01:30:00",TARALGA1,0
D,DISPATCH,UNIT_SCADA,1,"2022/10/20 01:30:00",TARONG#1,290.50
D,DISPATCH,UNIT_SCADA,1,"2022/10/20 01:30:00",TARONG#2,290.200010
D,DISPATCH,UNIT_SCADA,1,"2022/10/20 01:30:00",TARONG#3,0.90
D,DISPATCH,UNIT_SCADA,1,"2022/10/20 01:30:00",TARONG#4,192.900010
D,DISPATCH,UNIT_SCADA,1,"2022/10/20 01:30:00",TARRALEA,54
D,DISPATCH,UNIT_SCADA,1,"2022/10/20 01:30:00",TBSF1,0
D,DISPATCH,UNIT_SCADA,1,"2022/10/20 01:30:00",TNPS1,298.75
D,DISPATCH,UNIT_SCADA,1,"2022/10/20 01:30:00",TORRB1,0
D,DISPATCH,UNIT_SCADA,1,"2022/10/20 01:30:00",TORRB2,40
D,DISPATCH,UNIT_SCADA,1,"2022/10/20 01:30:00",TORRB3,0
D,DISPATCH,UNIT_SCADA,1,"2022/10/20 01:30:00",TORRB4,0
D,DISPATCH,UNIT_SCADA,1,"2022/10/20 01:30:00",TREVALLN,99.760640
D,DISPATCH,UNIT_SCADA,1,"2022/10/20 01:30:00",TRIBUTE,0
D,DISPATCH,UNIT_SCADA,1,"2022/10/20 01:30:00",TUMUT3,0
D,DISPATCH,UNIT_SCADA,1,"2022/10/20 01:30:00",TUNGATIN,5.730020
D,DISPATCH,UNIT_SCADA,1,"2022/10/20 01:30:00",TVCC201,0
D,DISPATCH,UNIT_SCADA,1,"2022/10/20 01:30:00",TVPP104,0
D,DISPATCH,UNIT_SCADA,1,"2022/10/20 01:30:00",UPPTUMUT,0
D,DISPATCH,UNIT_SCADA,1,"2022/10/20 01:30:00",URANQ11,0
D,DISPATCH,UNIT_SCADA,1,"2022/10/20 01:30:00",URANQ12,0
D,DISPATCH,UNIT_SCADA,1,"2022/10/20 01:30:00",URANQ13,0
D,DISPATCH,UNIT_SCADA,1,"2022/10/20 01:30:00",URANQ14,0
D,DISPATCH,UNIT_SCADA,1,"2022/10/20 01:30:00",VBBG1,0
D,DISPATCH,UNIT_SCADA,1,"2022/10/20 01:30:00",VBBL1,153
D,DISPATCH,UNIT_SCADA,1,"2022/10/20 01:30:00",VP5,603.485230
D,DISPATCH,UNIT_SCADA,1,"2022/10/20 01:30:00",VP6,598.553410
D,DISPATCH,UNIT_SCADA,1,"2022/10/20 01:30:00",VPGS1,0
D,DISPATCH,UNIT_SCADA,1,"2022/10/20 01:30:00",VPGS2,0
D,DISPATCH,UNIT_SCADA,1,"2022/10/20 01:30:00",VPGS3,0
D,DISPATCH,UNIT_SCADA,1,"2022/10/20 01:30:00",VPGS4,0
D,DISPATCH,UNIT_SCADA,1,"2022/10/20 01:30:00",VPGS5,0
D,DISPATCH,UNIT_SCADA,1,"2022/10/20 01:30:00",VPGS6,0
D,DISPATCH,UNIT_SCADA,1,"2022/10/20 01:30:00",W/HOE#1,0
D,DISPATCH,UNIT_SCADA,1,"2022/10/20 01:30:00",W/HOE#2,0
D,DISPATCH,UNIT_SCADA,1,"2022/10/20 01:30:00",WAGGNSF1,0
D,DISPATCH,UNIT_SCADA,1,"2022/10/20 01:30:00",WALGRVG1,0.000930
D,DISPATCH,UNIT_SCADA,1,"2022/10/20 01:30:00",WALGRVL1,0
D,DISPATCH,UNIT_SCADA,1,"2022/10/20 01:30:00",WANDBG1,0
D,DISPATCH,UNIT_SCADA,1,"2022/10/20 01:30:00",WANDBL1,0
D,DISPATCH,UNIT_SCADA,1,"2022/10/20 01:30:00",WARWSF1,0
D,DISPATCH,UNIT_SCADA,1,"2022/10/20 01:30:00",WARWSF2,0
D,DISPATCH,UNIT_SCADA,1,"2022/10/20 01:30:00",WATERLWF,65.10
D,DISPATCH,UNIT_SCADA,1,"2022/10/20 01:30:00",WDGPH1,0
D,DISPATCH,UNIT_SCADA,1,"2022/10/20 01:30:00",WELLSF1,0
D,DISPATCH,UNIT_SCADA,1,"2022/10/20 01:30:00",WEMENSF1,0
D,DISPATCH,UNIT_SCADA,1,"2022/10/20 01:30:00",WGWF1,105.70
D,DISPATCH,UNIT_SCADA,1,"2022/10/20 01:30:00",WHITSF1,0
D,DISPATCH,UNIT_SCADA,1,"2022/10/20 01:30:00",WINTSF1,0
D,DISPATCH,UNIT_SCADA,1,"2022/10/20 01:30:00",WKIEWA1,33.80
D,DISPATCH,UNIT_SCADA,1,"2022/10/20 01:30:00",WKIEWA2,34.10
D,DISPATCH,UNIT_SCADA,1,"2022/10/20 01:30:00",WOODLWN1,17.8992
D,DISPATCH,UNIT_SCADA,1,"2022/10/20 01:30:00",WOOLGSF1,0
D,DISPATCH,UNIT_SCADA,1,"2022/10/20 01:30:00",WPWF,75.72
D,DISPATCH,UNIT_SCADA,1,"2022/10/20 01:30:00",WRSF1,0
D,DISPATCH,UNIT_SCADA,1,"2022/10/20 01:30:00",WRWF1,56.4419
D,DISPATCH,UNIT_SCADA,1,"2022/10/20 01:30:00",WSTWYSF1,0
D,DISPATCH,UNIT_SCADA,1,"2022/10/20 01:30:00",YABULU,0
D,DISPATCH,UNIT_SCADA,1,"2022/10/20 01:30:00",YABULU2,0
D,DISPATCH,UNIT_SCADA,1,"2022/10/20 01:30:00",YARANSF1,0
D,DISPATCH,UNIT_SCADA,1,"2022/10/20 01:30:00",YARWUN_1,140.11
D,DISPATCH,UNIT_SCADA,1,"2022/10/20 01:30:00",YATSF1,0
D,DISPATCH,UNIT_SCADA,1,"2022/10/20 01:30:00",YENDWF1,39.59
D,DISPATCH,UNIT_SCADA,1,"2022/10/20 01:30:00",YWPS1,363.908870
D,DISPATCH,UNIT_SCADA,1,"2022/10/20 01:30:00",YWPS2,359.146850
D,DISPATCH,UNIT_SCADA,1,"2022/10/20 01:30:00",YWPS3,359.6709
D,DISPATCH,UNIT_SCADA,1,"2022/10/20 01:30:00",YWPS4,0
C,"END OF REPORT",419
