C,NEMP.WORLD,DISPATCHSCADA,AEMO,PUBLIC,2022/10/20,06:40:10,0000000373235306,DISPATCHSCADA,0000000373235300
I,DISPATCH,UNIT_SCADA,1,SETTLEMENTDATE,DUID,SCADAVALUE
D,DISPATCH,UNIT_SCADA,1,"2022/10/20 06:45:00",BARCSF1,5.60
D,DISPATCH,UNIT_SCADA,1,"2022/10/20 06:45:00",BUTLERSG,8.699999
D,DISPATCH,UNIT_SCADA,1,"2022/10/20 06:45:00",CAPTL_WF,40.238895
D,DISPATCH,UNIT_SCADA,1,"2022/10/20 06:45:00",CHALLHWF,16.10
D,DISPATCH,UNIT_SCADA,1,"2022/10/20 06:45:00",CLOVER,13.19
D,DISPATCH,UNIT_SCADA,1,"2022/10/20 06:45:00",CLUNY,6.200503
D,DISPATCH,UNIT_SCADA,1,"2022/10/20 06:45:00",CULLRGWF,-0.05
D,DISPATCH,UNIT_SCADA,1,"2022/10/20 06:45:00",DIAPURWF1,7.30
D,DISPATCH,UNIT_SCADA,1,"2022/10/20 06:45:00",ERGT01,0
D,DISPATCH,UNIT_SCADA,1,"2022/10/20 06:45:00",GB01,0
D,DISPATCH,UNIT_SCADA,1,"2022/10/20 06:45:00",GERMCRK,22.90
D,DISPATCH,UNIT_SCADA,1,"2022/10/20 06:45:00",GRIFSF1,1.499962
D,DISPATCH,UNIT_SCADA,1,"2022/10/20 06:45:00",HEZ1,0
D,DISPATCH,UNIT_SCADA,1,"2022/10/20 06:45:00",HUGSF1,0.3270
D,DISPATCH,UNIT_SCADA,1,"2022/10/20 06:45:00",KEPBG1,0.01
D,DISPATCH,UNIT_SCADA,1,"2022/10/20 06:45:00",LRSF1,4.8130
D,DISPATCH,UNIT_SCADA,1,"2022/10/20 06:45:00",MBAHNTH,47.962494
D,DISPATCH,UNIT_SCADA,1,"2022/10/20 06:45:00",MLSP1,2.121001
D,DISPATCH,UNIT_SCADA,1,"2022/10/20 06:45:00",MLWF1,2.40
D,DISPATCH,UNIT_SCADA,1,"2022/10/20 06:45:00",PALOONA,30.049999
D,DISPATCH,UNIT_SCADA,1,"2022/10/20 06:45:00",PIONEER,40.400002
D,DISPATCH,UNIT_SCADA,1,"2022/10/20 06:45:00",PORTWF,47.900002
D,DISPATCH,UNIT_SCADA,1,"2022/10/20 06:45:00",REPULSE,9.715114
D,DISPATCH,UNIT_SCADA,1,"2022/10/20 06:45:00",ROWALLAN,8.8821
D,DISPATCH,UNIT_SCADA,1,"2022/10/20 06:45:00",ROYALLA1,3.548003
D,DISPATCH,UNIT_SCADA,1,"2022/10/20 06:45:00",RPCG,-1.20
D,DISPATCH,UNIT_SCADA,1,"2022/10/20 06:45:00",RUBICON,0
D,DISPATCH,UNIT_SCADA,1,"2022/10/20 06:45:00",WAUBRAWF,73.364998
D,DISPATCH,UNIT_SCADA,1,"2022/10/20 06:45:00",WOOLNTH1,22.23
D,DISPATCH,UNIT_SCADA,1,"2022/10/20 06:45:00",YAMBUKWF,6.10
D,DISPATCH,UNIT_SCADA,1,"2022/10/20 06:45:00",YSWF1,0.80
D,DISPATCH,UNIT_SCADA,1,"2022/10/20 06:45:00",ADPBA1G,0.0080
D,DISPATCH,UNIT_SCADA,1,"2022/10/20 06:45:00",ADPBA1L,0
D,DISPATCH,UNIT_SCADA,1,"2022/10/20 06:45:00",ADPPV1,1.47
D,DISPATCH,UNIT_SCADA,1,"2022/10/20 06:45:00",AGLHAL,0
D,DISPATCH,UNIT_SCADA,1,"2022/10/20 06:45:00",AGLSOM,0
D,DISPATCH,UNIT_SCADA,1,"2022/10/20 06:45:00",ANGAST1,0
D,DISPATCH,UNIT_SCADA,1,"2022/10/20 06:45:00",ARWF1,6.10
D,DISPATCH,UNIT_SCADA,1,"2022/10/20 06:45:00",BALBG1,0
D,DISPATCH,UNIT_SCADA,1,"2022/10/20 06:45:00",BALBL1,4.21
D,DISPATCH,UNIT_SCADA,1,"2022/10/20 06:45:00",BALDHWF1,0
D,DISPATCH,UNIT_SCADA,1,"2022/10/20 06:45:00",BANGOWF1,54.3978
D,DISPATCH,UNIT_SCADA,1,"2022/10/20 06:45:00",BANGOWF2,45.798960
D,DISPATCH,UNIT_SCADA,1,"2022/10/20 06:45:00",BANN1,2.73
D,DISPATCH,UNIT_SCADA,1,"2022/10/20 06:45:00",BARCALDN,0
D,DISPATCH,UNIT_SCADA,1,"2022/10/20 06:45:00",BARKIPS1,0
D,DISPATCH,UNIT_SCADA,1,"2022/10/20 06:45:00",BARRON-1,28.04
D,DISPATCH,UNIT_SCADA,1,"2022/10/20 06:45:00",BARRON-2,0
D,DISPATCH,UNIT_SCADA,1,"2022/10/20 06:45:00",BASTYAN,68.97
D,DISPATCH,UNIT_SCADA,1,"2022/10/20 06:45:00",BBTHREE1,-1.10
D,DISPATCH,UNIT_SCADA,1,"2022/10/20 06:45:00",BBTHREE2,0
D,DISPATCH,UNIT_SCADA,1,"2022/10/20 06:45:00",BBTHREE3,0
D,DISPATCH,UNIT_SCADA,1,"2022/10/20 06:45:00",BDL01,0
D,DISPATCH,UNIT_SCADA,1,"2022/10/20 06:45:00",BDL02,0
D,DISPATCH,UNIT_SCADA,1,"2022/10/20 06:45:00",BERYLSF1,3.660010
D,DISPATCH,UNIT_SCADA,1,"2022/10/20 06:45:00",BLOWERNG,62.40
D,DISPATCH,UNIT_SCADA,1,"2022/10/20 06:45:00",BLUEGSF1,4.3689
D,DISPATCH,UNIT_SCADA,1,"2022/10/20 06:45:00",BLUFF1,11.70
D,DISPATCH,UNIT_SCADA,1,"2022/10/20 06:45:00",BNGSF1,3.22
D,DISPATCH,UNIT_SCADA,1,"2022/10/20 06:45:00",BNGSF2,3.33
D,DISPATCH,UNIT_SCADA,1,"2022/10/20 06:45:00",BOCORWF1,0
D,DISPATCH,UNIT_SCADA,1,"2022/10/20 06:45:00",BODWF1,106.633450
D,DISPATCH,UNIT_SCADA,1,"2022/10/20 06:45:00",BOMENSF1,31.401240
D,DISPATCH,UNIT_SCADA,1,"2022/10/20 06:45:00",BOWWBA1G,0
D,DISPATCH,UNIT_SCADA,1,"2022/10/20 06:45:00",BOWWBA1L,0.0040
D,DISPATCH,UNIT_SCADA,1,"2022/10/20 06:45:00",BOWWPV1,0
D,DISPATCH,UNIT_SCADA,1,"2022/10/20 06:45:00",BRAEMAR1,0
D,DISPATCH,UNIT_SCADA,1,"2022/10/20 06:45:00",BRAEMAR2,0
D,DISPATCH,UNIT_SCADA,1,"2022/10/20 06:45:00",BRAEMAR3,0
D,DISPATCH,UNIT_SCADA,1,"2022/10/20 06:45:00",BRAEMAR5,0.292060
D,DISPATCH,UNIT_SCADA,1,"2022/10/20 06:45:00",BRAEMAR6,0
D,DISPATCH,UNIT_SCADA,1,"2022/10/20 06:45:00",BRAEMAR7,0.130920
D,DISPATCH,UNIT_SCADA,1,"2022/10/20 06:45:00",BROKENH1,0
D,DISPATCH,UNIT_SCADA,1,"2022/10/20 06:45:00",BRYB1WF1,102.604710
D,DISPATCH,UNIT_SCADA,1,"2022/10/20 06:45:00",BULBESG1,18.14
D,DISPATCH,UNIT_SCADA,1,"2022/10/20 06:45:00",BULBESL1,0
D,DISPATCH,UNIT_SCADA,1,"2022/10/20 06:45:00",BULGANA1,51.19
D,DISPATCH,UNIT_SCADA,1,"2022/10/20 06:45:00",BW01,655.124760
D,DISPATCH,UNIT_SCADA,1,"2022/10/20 06:45:00",BW02,613.644590
D,DISPATCH,UNIT_SCADA,1,"2022/10/20 06:45:00",BW03,544.429690
D,DISPATCH,UNIT_SCADA,1,"2022/10/20 06:45:00",BW04,0
D,DISPATCH,UNIT_SCADA,1,"2022/10/20 06:45:00",CALL_B_1,316.800020
D,DISPATCH,UNIT_SCADA,1,"2022/10/20 06:45:00",CALL_B_2,315.100010
D,DISPATCH,UNIT_SCADA,1,"2022/10/20 06:45:00",CATHROCK,3.50
D,DISPATCH,UNIT_SCADA,1,"2022/10/20 06:45:00",CBWWBA1G,0
D,DISPATCH,UNIT_SCADA,1,"2022/10/20 06:45:00",CBWWBA1L,0
D,DISPATCH,UNIT_SCADA,1,"2022/10/20 06:45:00",CETHANA,97.765370
D,DISPATCH,UNIT_SCADA,1,"2022/10/20 06:45:00",CG1,0
D,DISPATCH,UNIT_SCADA,1,"2022/10/20 06:45:00",CG2,0
D,DISPATCH,UNIT_SCADA,1,"2022/10/20 06:45:00",CG3,0
D,DISPATCH,UNIT_SCADA,1,"2022/10/20 06:45:00",CG4,0
D,DISPATCH,UNIT_SCADA,1,"2022/10/20 06:45:00",CHILDSF1,2.45
D,DISPATCH,UNIT_SCADA,1,"2022/10/20 06:45:00",CHYTWF1,6.17
D,DISPATCH,UNIT_SCADA,1,"2022/10/20 06:45:00",CLARESF1,2.981760
D,DISPATCH,UNIT_SCADA,1,"2022/10/20 06:45:00",CLEMGPWF,4.538210
D,DISPATCH,UNIT_SCADA,1,"2022/10/20 06:45:00",CLERMSF1,0
D,DISPATCH,UNIT_SCADA,1,"2022/10/20 06:45:00",CNUNDAWF,17.019860
D,DISPATCH,UNIT_SCADA,1,"2022/10/20 06:45:00",COHUNSF1,1.84
D,DISPATCH,UNIT_SCADA,1,"2022/10/20 06:45:00",COLEASF1,8.600370
D,DISPATCH,UNIT_SCADA,1,"2022/10/20 06:45:00",COLUMSF1,5.42
D,DISPATCH,UNIT_SCADA,1,"2022/10/20 06:45:00",COLWF01,90.142670
D,DISPATCH,UNIT_SCADA,1,"2022/10/20 06:45:00",COOPGWF1,371.34
D,DISPATCH,UNIT_SCADA,1,"2022/10/20 06:45:00",CPP_3,356.950010
D,DISPATCH,UNIT_SCADA,1,"2022/10/20 06:45:00",CPP_4,0
D,DISPATCH,UNIT_SCADA,1,"2022/10/20 06:45:00",CPSA,0
D,DISPATCH,UNIT_SCADA,1,"2022/10/20 06:45:00",CROOKWF2,47.524530
D,DISPATCH,UNIT_SCADA,1,"2022/10/20 06:45:00",CROWLWF1,41.4720
D,DISPATCH,UNIT_SCADA,1,"2022/10/20 06:45:00",CRURWF1,79.698550
D,DISPATCH,UNIT_SCADA,1,"2022/10/20 06:45:00",CRWASF1,14.225920
D,DISPATCH,UNIT_SCADA,1,"2022/10/20 06:45:00",CSPVPS1,1.7150
D,DISPATCH,UNIT_SCADA,1,"2022/10/20 06:45:00",CTHLWF1,0.003050
D,DISPATCH,UNIT_SCADA,1,"2022/10/20 06:45:00",DALNTH01,0
D,DISPATCH,UNIT_SCADA,1,"2022/10/20 06:45:00",DALNTHL1,0.032040
D,DISPATCH,UNIT_SCADA,1,"2022/10/20 06:45:00",DARLSF1,23.6922
D,DISPATCH,UNIT_SCADA,1,"2022/10/20 06:45:00",DARTM1,0
D,DISPATCH,UNIT_SCADA,1,"2022/10/20 06:45:00",DAYDSF1,4.5060
D,DISPATCH,UNIT_SCADA,1,"2022/10/20 06:45:00",DDPS1,0
D,DISPATCH,UNIT_SCADA,1,"2022/10/20 06:45:00",DDSF1,5.095940
D,DISPATCH,UNIT_SCADA,1,"2022/10/20 06:45:00",DEVILS_G,59.816280
D,DISPATCH,UNIT_SCADA,1,"2022/10/20 06:45:00",DG_NSW1,0
D,DISPATCH,UNIT_SCADA,1,"2022/10/20 06:45:00",DG_QLD1,0
D,DISPATCH,UNIT_SCADA,1,"2022/10/20 06:45:00",DG_SA1,0
D,DISPATCH,UNIT_SCADA,1,"2022/10/20 06:45:00",DG_TAS1,0
D,DISPATCH,UNIT_SCADA,1,"2022/10/20 06:45:00",DG_VIC1,0
D,DISPATCH,UNIT_SCADA,1,"2022/10/20 06:45:00",DRYCGT1,0
D,DISPATCH,UNIT_SCADA,1,"2022/10/20 06:45:00",DRYCGT2,0
D,DISPATCH,UNIT_SCADA,1,"2022/10/20 06:45:00",DRYCGT3,0
D,DISPATCH,UNIT_SCADA,1,"2022/10/20 06:45:00",DUNDWF1,44.82
D,DISPATCH,UNIT_SCADA,1,"2022/10/20 06:45:00",DUNDWF2,14.55
D,DISPATCH,UNIT_SCADA,1,"2022/10/20 06:45:00",DUNDWF3,31.76
D,DISPATCH,UNIT_SCADA,1,"2022/10/20 06:45:00",EILDON1,59.88
D,DISPATCH,UNIT_SCADA,1,"2022/10/20 06:45:00",EILDON2,59.96
D,DISPATCH,UNIT_SCADA,1,"2022/10/20 06:45:00",ELAINWF1,23.41
D,DISPATCH,UNIT_SCADA,1,"2022/10/20 06:45:00",EMERASF1,0
D,DISPATCH,UNIT_SCADA,1,"2022/10/20 06:45:00",ER01,0
D,DISPATCH,UNIT_SCADA,1,"2022/10/20 06:45:00",ER02,677.097720
D,DISPATCH,UNIT_SCADA,1,"2022/10/20 06:45:00",ER03,677.878970
D,DISPATCH,UNIT_SCADA,1,"2022/10/20 06:45:00",ER04,682.029480
D,DISPATCH,UNIT_SCADA,1,"2022/10/20 06:45:00",FINLYSF1,60.502020
D,DISPATCH,UNIT_SCADA,1,"2022/10/20 06:45:00",FISHER,45.93
D,DISPATCH,UNIT_SCADA,1,"2022/10/20 06:45:00",GANGARR1,5.8830
D,DISPATCH,UNIT_SCADA,1,"2022/10/20 06:45:00",GANNBG1,14.468120
D,DISPATCH,UNIT_SCADA,1,"2022/10/20 06:45:00",GANNBL1,0
D,DISPATCH,UNIT_SCADA,1,"2022/10/20 06:45:00",GANNSF1,18.80
D,DISPATCH,UNIT_SCADA,1,"2022/10/20 06:45:00",GLRWNSF1,47.98
D,DISPATCH,UNIT_SCADA,1,"2022/10/20 06:45:00",GNNDHSF1,6.654380
D,DISPATCH,UNIT_SCADA,1,"2022/10/20 06:45:00",GOONSF1,3.363090
D,DISPATCH,UNIT_SCADA,1,"2022/10/20 06:45:00",GORDON,268.153530
D,DISPATCH,UNIT_SCADA,1,"2022/10/20 06:45:00",GRANWF1,16.49
D,DISPATCH,UNIT_SCADA,1,"2022/10/20 06:45:00",GSTONE1,200.724990
D,DISPATCH,UNIT_SCADA,1,"2022/10/20 06:45:00",GSTONE2,0
D,DISPATCH,UNIT_SCADA,1,"2022/10/20 06:45:00",GSTONE3,199.849990
D,DISPATCH,UNIT_SCADA,1,"2022/10/20 06:45:00",GSTONE4,0
D,DISPATCH,UNIT_SCADA,1,"2022/10/20 06:45:00",GSTONE5,199.6750
D,DISPATCH,UNIT_SCADA,1,"2022/10/20 06:45:00",GSTONE6,199.3250
D,DISPATCH,UNIT_SCADA,1,"2022/10/20 06:45:00",GULLRSF1,0.2850
D,DISPATCH,UNIT_SCADA,1,"2022/10/20 06:45:00",GULLRWF1,75.873860
D,DISPATCH,UNIT_SCADA,1,"2022/10/20 06:45:00",GULLRWF2,104.026980
D,DISPATCH,UNIT_SCADA,1,"2022/10/20 06:45:00",GUNNING1,0
D,DISPATCH,UNIT_SCADA,1,"2022/10/20 06:45:00",GUTHEGA,67
D,DISPATCH,UNIT_SCADA,1,"2022/10/20 06:45:00",HALLWF1,77.82
D,DISPATCH,UNIT_SCADA,1,"2022/10/20 06:45:00",HALLWF2,50.29
D,DISPATCH,UNIT_SCADA,1,"2022/10/20 06:45:00",HAMISF1,2.30
D,DISPATCH,UNIT_SCADA,1,"2022/10/20 06:45:00",HAUGHT11,24.730620
D,DISPATCH,UNIT_SCADA,1,"2022/10/20 06:45:00",HAYMSF1,0
D,DISPATCH,UNIT_SCADA,1,"2022/10/20 06:45:00",HDWF1,21.80
D,DISPATCH,UNIT_SCADA,1,"2022/10/20 06:45:00",HDWF2,12.90
D,DISPATCH,UNIT_SCADA,1,"2022/10/20 06:45:00",HDWF3,15.90
D,DISPATCH,UNIT_SCADA,1,"2022/10/20 06:45:00",HILLSTN1,1.127550
D,DISPATCH,UNIT_SCADA,1,"2022/10/20 06:45:00",HPRG1,0
D,DISPATCH,UNIT_SCADA,1,"2022/10/20 06:45:00",HPRL1,8.60
D,DISPATCH,UNIT_SCADA,1,"2022/10/20 06:45:00",HUMENSW,54.844370
D,DISPATCH,UNIT_SCADA,1,"2022/10/20 06:45:00",HUMEV,0
D,DISPATCH,UNIT_SCADA,1,"2022/10/20 06:45:00",HVWWBA1G,0
D,DISPATCH,UNIT_SCADA,1,"2022/10/20 06:45:00",HVWWBA1L,0.0060
D,DISPATCH,UNIT_SCADA,1,"2022/10/20 06:45:00",HVWWPV1,0.7780
D,DISPATCH,UNIT_SCADA,1,"2022/10/20 06:45:00",JBUTTERS,0
D,DISPATCH,UNIT_SCADA,1,"2022/10/20 06:45:00",JEMALNG1,0.03
D,DISPATCH,UNIT_SCADA,1,"2022/10/20 06:45:00",JLA01,0
D,DISPATCH,UNIT_SCADA,1,"2022/10/20 06:45:00",JLA02,0
D,DISPATCH,UNIT_SCADA,1,"2022/10/20 06:45:00",JLA03,0
D,DISPATCH,UNIT_SCADA,1,"2022/10/20 06:45:00",JLA04,0
D,DISPATCH,UNIT_SCADA,1,"2022/10/20 06:45:00",JLB01,0
D,DISPATCH,UNIT_SCADA,1,"2022/10/20 06:45:00",JLB02,0.10
D,DISPATCH,UNIT_SCADA,1,"2022/10/20 06:45:00",JLB03,0
D,DISPATCH,UNIT_SCADA,1,"2022/10/20 06:45:00",JUNEESF1,6.388220
D,DISPATCH,UNIT_SCADA,1,"2022/10/20 06:45:00",KABANWF1,1.3480
D,DISPATCH,UNIT_SCADA,1,"2022/10/20 06:45:00",KAREEYA1,17.9025
D,DISPATCH,UNIT_SCADA,1,"2022/10/20 06:45:00",KAREEYA2,0
D,DISPATCH,UNIT_SCADA,1,"2022/10/20 06:45:00",KAREEYA3,21.2975
D,DISPATCH,UNIT_SCADA,1,"2022/10/20 06:45:00",KAREEYA4,0
D,DISPATCH,UNIT_SCADA,1,"2022/10/20 06:45:00",KARSF1,14.10
D,DISPATCH,UNIT_SCADA,1,"2022/10/20 06:45:00",KEPSF1,0.86
D,DISPATCH,UNIT_SCADA,1,"2022/10/20 06:45:00",KEPWF1,0
D,DISPATCH,UNIT_SCADA,1,"2022/10/20 06:45:00",KIAMSF1,2.513920
D,DISPATCH,UNIT_SCADA,1,"2022/10/20 06:45:00",KIATAWF1,30.70
D,DISPATCH,UNIT_SCADA,1,"2022/10/20 06:45:00",KPP_1,0
D,DISPATCH,UNIT_SCADA,1,"2022/10/20 06:45:00",KSP1,2.33
D,DISPATCH,UNIT_SCADA,1,"2022/10/20 06:45:00",LADBROK1,0.01
D,DISPATCH,UNIT_SCADA,1,"2022/10/20 06:45:00",LADBROK2,37.44
D,DISPATCH,UNIT_SCADA,1,"2022/10/20 06:45:00",LBBG1,0
D,DISPATCH,UNIT_SCADA,1,"2022/10/20 06:45:00",LBBL1,0.45
D,DISPATCH,UNIT_SCADA,1,"2022/10/20 06:45:00",LD01,315.683470
D,DISPATCH,UNIT_SCADA,1,"2022/10/20 06:45:00",LD02,0
D,DISPATCH,UNIT_SCADA,1,"2022/10/20 06:45:00",LD04,316.013060
D,DISPATCH,UNIT_SCADA,1,"2022/10/20 06:45:00",LEM_WIL,86.828740
D,DISPATCH,UNIT_SCADA,1,"2022/10/20 06:45:00",LGAPWF1,86.28
D,DISPATCH,UNIT_SCADA,1,"2022/10/20 06:45:00",LGAPWF2,57.58
D,DISPATCH,UNIT_SCADA,1,"2022/10/20 06:45:00",LILYSF1,6.062080
D,DISPATCH,UNIT_SCADA,1,"2022/10/20 06:45:00",LIMOSF11,15.594870
D,DISPATCH,UNIT_SCADA,1,"2022/10/20 06:45:00",LIMOSF21,2.355050
D,DISPATCH,UNIT_SCADA,1,"2022/10/20 06:45:00",LI_WY_CA,76.553120
D,DISPATCH,UNIT_SCADA,1,"2022/10/20 06:45:00",LKBONNY1,0
D,DISPATCH,UNIT_SCADA,1,"2022/10/20 06:45:00",LKBONNY2,28.952430
D,DISPATCH,UNIT_SCADA,1,"2022/10/20 06:45:00",LKBONNY3,11.052770
D,DISPATCH,UNIT_SCADA,1,"2022/10/20 06:45:00",LK_ECHO,0
D,DISPATCH,UNIT_SCADA,1,"2022/10/20 06:45:00",LNGS1,0
D,DISPATCH,UNIT_SCADA,1,"2022/10/20 06:45:00",LNGS2,0
D,DISPATCH,UNIT_SCADA,1,"2022/10/20 06:45:00",LONSDALE,0
D,DISPATCH,UNIT_SCADA,1,"2022/10/20 06:45:00",LOYYB1,572.555730
D,DISPATCH,UNIT_SCADA,1,"2022/10/20 06:45:00",LOYYB2,573.307620
D,DISPATCH,UNIT_SCADA,1,"2022/10/20 06:45:00",LYA1,554
D,DISPATCH,UNIT_SCADA,1,"2022/10/20 06:45:00",LYA2,0
D,DISPATCH,UNIT_SCADA,1,"2022/10/20 06:45:00",LYA3,552
D,DISPATCH,UNIT_SCADA,1,"2022/10/20 06:45:00",LYA4,552
D,DISPATCH,UNIT_SCADA,1,"2022/10/20 06:45:00",MACARTH1,27.899350
D,DISPATCH,UNIT_SCADA,1,"2022/10/20 06:45:00",MACKNTSH,0
D,DISPATCH,UNIT_SCADA,1,"2022/10/20 06:45:00",MANSLR1,0
D,DISPATCH,UNIT_SCADA,1,"2022/10/20 06:45:00",MAPS2PV1,0
D,DISPATCH,UNIT_SCADA,1,"2022/10/20 06:45:00",MAPS3PV1,0
D,DISPATCH,UNIT_SCADA,1,"2022/10/20 06:45:00",MARYRSF1,2.67
D,DISPATCH,UNIT_SCADA,1,"2022/10/20 06:45:00",MBPS2PV1,0
D,DISPATCH,UNIT_SCADA,1,"2022/10/20 06:45:00",MCKAY1,237.264980
D,DISPATCH,UNIT_SCADA,1,"2022/10/20 06:45:00",MEADOWBK,19.891680
D,DISPATCH,UNIT_SCADA,1,"2022/10/20 06:45:00",MERCER01,18.40
D,DISPATCH,UNIT_SCADA,1,"2022/10/20 06:45:00",METZSF1,61.321930
D,DISPATCH,UNIT_SCADA,1,"2022/10/20 06:45:00",MEWF1,1
D,DISPATCH,UNIT_SCADA,1,"2022/10/20 06:45:00",MIDDLSF1,2.55
D,DISPATCH,UNIT_SCADA,1,"2022/10/20 06:45:00",MINTARO,0.128180
D,DISPATCH,UNIT_SCADA,1,"2022/10/20 06:45:00",MOLNGSF1,0.308840
D,DISPATCH,UNIT_SCADA,1,"2022/10/20 06:45:00",MOORAWF1,34.90
D,DISPATCH,UNIT_SCADA,1,"2022/10/20 06:45:00",MOREESF1,6.2820
D,DISPATCH,UNIT_SCADA,1,"2022/10/20 06:45:00",MORTLK11,0
D,DISPATCH,UNIT_SCADA,1,"2022/10/20 06:45:00",MORTLK12,0
D,DISPATCH,UNIT_SCADA,1,"2022/10/20 06:45:00",MOUSF1,0
D,DISPATCH,UNIT_SCADA,1,"2022/10/20 06:45:00",MP1,0
D,DISPATCH,UNIT_SCADA,1,"2022/10/20 06:45:00",MP2,543.306640
D,DISPATCH,UNIT_SCADA,1,"2022/10/20 06:45:00",MPP_1,176.733220
D,DISPATCH,UNIT_SCADA,1,"2022/10/20 06:45:00",MPP_2,0
D,DISPATCH,UNIT_SCADA,1,"2022/10/20 06:45:00",MRTLSWF1,0
D,DISPATCH,UNIT_SCADA,1,"2022/10/20 06:45:00",MSTUART1,0
D,DISPATCH,UNIT_SCADA,1,"2022/10/20 06:45:00",MSTUART2,0
D,DISPATCH,UNIT_SCADA,1,"2022/10/20 06:45:00",MSTUART3,0
D,DISPATCH,UNIT_SCADA,1,"2022/10/20 06:45:00",MTGELWF1,33.765680
D,DISPATCH,UNIT_SCADA,1,"2022/10/20 06:45:00",MTMILLAR,12.90
D,DISPATCH,UNIT_SCADA,1,"2022/10/20 06:45:00",MURRAY,94.20
D,DISPATCH,UNIT_SCADA,1,"2022/10/20 06:45:00",MUSSELR1,24.80
D,DISPATCH,UNIT_SCADA,1,"2022/10/20 06:45:00",MUWAWF1,177
D,DISPATCH,UNIT_SCADA,1,"2022/10/20 06:45:00",MUWAWF2,166.30
D,DISPATCH,UNIT_SCADA,1,"2022/10/20 06:45:00",MWPS1PV1,0.08
D,DISPATCH,UNIT_SCADA,1,"2022/10/20 06:45:00",MWPS2PV1,0.19
D,DISPATCH,UNIT_SCADA,1,"2022/10/20 06:45:00",MWPS3PV1,0
D,DISPATCH,UNIT_SCADA,1,"2022/10/20 06:45:00",MWPS4PV1,0.03
D,DISPATCH,UNIT_SCADA,1,"2022/10/20 06:45:00",NBHWF1,106.90
D,DISPATCH,UNIT_SCADA,1,"2022/10/20 06:45:00",NEVERSF1,3.11
D,DISPATCH,UNIT_SCADA,1,"2022/10/20 06:45:00",NPS,0
D,DISPATCH,UNIT_SCADA,1,"2022/10/20 06:45:00",NUMURSF1,44.44
D,DISPATCH,UNIT_SCADA,1,"2022/10/20 06:45:00",NYNGAN1,0
D,DISPATCH,UNIT_SCADA,1,"2022/10/20 06:45:00",OAKEY1,0
D,DISPATCH,UNIT_SCADA,1,"2022/10/20 06:45:00",OAKEY1SF,1.0020
D,DISPATCH,UNIT_SCADA,1,"2022/10/20 06:45:00",OAKEY2,0
D,DISPATCH,UNIT_SCADA,1,"2022/10/20 06:45:00",OAKEY2SF,1.87
D,DISPATCH,UNIT_SCADA,1,"2022/10/20 06:45:00",OAKLAND1,17.70
D,DISPATCH,UNIT_SCADA,1,"2022/10/20 06:45:00",OSB-AG,0
D,DISPATCH,UNIT_SCADA,1,"2022/10/20 06:45:00",PAREPS1,0.0660
D,DISPATCH,UNIT_SCADA,1,"2022/10/20 06:45:00",PAREPW1,89.72
D,DISPATCH,UNIT_SCADA,1,"2022/10/20 06:45:00",PARSF1,1.701380
D,DISPATCH,UNIT_SCADA,1,"2022/10/20 06:45:00",POAT110,0
D,DISPATCH,UNIT_SCADA,1,"2022/10/20 06:45:00",POAT220,0
D,DISPATCH,UNIT_SCADA,1,"2022/10/20 06:45:00",POR01,0
D,DISPATCH,UNIT_SCADA,1,"2022/10/20 06:45:00",POR03,0
D,DISPATCH,UNIT_SCADA,1,"2022/10/20 06:45:00",PPCCGT,170.867710
D,DISPATCH,UNIT_SCADA,1,"2022/10/20 06:45:00",PTSTAN1,0
D,DISPATCH,UNIT_SCADA,1,"2022/10/20 06:45:00",PUMP1,0
D,DISPATCH,UNIT_SCADA,1,"2022/10/20 06:45:00",PUMP2,0
D,DISPATCH,UNIT_SCADA,1,"2022/10/20 06:45:00",QBYNBG1,0
D,DISPATCH,UNIT_SCADA,1,"2022/10/20 06:45:00",QBYNBL1,0.0025
D,DISPATCH,UNIT_SCADA,1,"2022/10/20 06:45:00",QPS1,0
D,DISPATCH,UNIT_SCADA,1,"2022/10/20 06:45:00",QPS2,0
D,DISPATCH,UNIT_SCADA,1,"2022/10/20 06:45:00",QPS3,0
D,DISPATCH,UNIT_SCADA,1,"2022/10/20 06:45:00",QPS4,0
D,DISPATCH,UNIT_SCADA,1,"2022/10/20 06:45:00",QPS5,74.66
D,DISPATCH,UNIT_SCADA,1,"2022/10/20 06:45:00",REECE1,47.851310
D,DISPATCH,UNIT_SCADA,1,"2022/10/20 06:45:00",REECE2,56.30
D,DISPATCH,UNIT_SCADA,1,"2022/10/20 06:45:00",ROMA_7,0
D,DISPATCH,UNIT_SCADA,1,"2022/10/20 06:45:00",ROMA_8,0
D,DISPATCH,UNIT_SCADA,1,"2022/10/20 06:45:00",RRSF1,11.563330
D,DISPATCH,UNIT_SCADA,1,"2022/10/20 06:45:00",RT_NSW1,0
D,DISPATCH,UNIT_SCADA,1,"2022/10/20 06:45:00",RT_NSW2,0
D,DISPATCH,UNIT_SCADA,1,"2022/10/20 06:45:00",RT_NSW3,0
D,DISPATCH,UNIT_SCADA,1,"2022/10/20 06:45:00",RT_NSW4,0
D,DISPATCH,UNIT_SCADA,1,"2022/10/20 06:45:00",RT_NSW5,0
D,DISPATCH,UNIT_SCADA,1,"2022/10/20 06:45:00",RT_NSW6,0
D,DISPATCH,UNIT_SCADA,1,"2022/10/20 06:45:00",RT_QLD1,0
D,DISPATCH,UNIT_SCADA,1,"2022/10/20 06:45:00",RT_SA1,0
D,DISPATCH,UNIT_SCADA,1,"2022/10/20 06:45:00",RT_SA2,0
D,DISPATCH,UNIT_SCADA,1,"2022/10/20 06:45:00",RT_SA3,0
D,DISPATCH,UNIT_SCADA,1,"2022/10/20 06:45:00",RT_SA4,0
D,DISPATCH,UNIT_SCADA,1,"2022/10/20 06:45:00",RT_SA5,0
D,DISPATCH,UNIT_SCADA,1,"2022/10/20 06:45:00",RT_SA6,0
D,DISPATCH,UNIT_SCADA,1,"2022/10/20 06:45:00",RT_TAS1,0
D,DISPATCH,UNIT_SCADA,1,"2022/10/20 06:45:00",RT_VIC1,0
D,DISPATCH,UNIT_SCADA,1,"2022/10/20 06:45:00",RT_VIC10,0
D,DISPATCH,UNIT_SCADA,1,"2022/10/20 06:45:00",RT_VIC11,0
D,DISPATCH,UNIT_SCADA,1,"2022/10/20 06:45:00",RT_VIC12,0
D,DISPATCH,UNIT_SCADA,1,"2022/10/20 06:45:00",RT_VIC2,0
D,DISPATCH,UNIT_SCADA,1,"2022/10/20 06:45:00",RT_VIC3,0
D,DISPATCH,UNIT_SCADA,1,"2022/10/20 06:45:00",RT_VIC4,0
D,DISPATCH,UNIT_SCADA,1,"2022/10/20 06:45:00",RT_VIC5,0
D,DISPATCH,UNIT_SCADA,1,"2022/10/20 06:45:00",RT_VIC6,0
D,DISPATCH,UNIT_SCADA,1,"2022/10/20 06:45:00",RT_VIC7,0
D,DISPATCH,UNIT_SCADA,1,"2022/10/20 06:45:00",RT_VIC8,0
D,DISPATCH,UNIT_SCADA,1,"2022/10/20 06:45:00",RT_VIC9,0
D,DISPATCH,UNIT_SCADA,1,"2022/10/20 06:45:00",RUGBYR1,2.492420
D,DISPATCH,UNIT_SCADA,1,"2022/10/20 06:45:00",SALTCRK1,10.65
D,DISPATCH,UNIT_SCADA,1,"2022/10/20 06:45:00",SAPHWF1,155.646610
D,DISPATCH,UNIT_SCADA,1,"2022/10/20 06:45:00",SEBSF1,55.175160
D,DISPATCH,UNIT_SCADA,1,"2022/10/20 06:45:00",SHGEN,79.214770
D,DISPATCH,UNIT_SCADA,1,"2022/10/20 06:45:00",SHPUMP,0
D,DISPATCH,UNIT_SCADA,1,"2022/10/20 06:45:00",SITHE01,0.123710
D,DISPATCH,UNIT_SCADA,1,"2022/10/20 06:45:00",SMCSF1,16.1120
D,DISPATCH,UNIT_SCADA,1,"2022/10/20 06:45:00",SNAPPER1,0
D,DISPATCH,UNIT_SCADA,1,"2022/10/20 06:45:00",SNOWNTH1,139.70
D,DISPATCH,UNIT_SCADA,1,"2022/10/20 06:45:00",SNOWSTH1,121.20
D,DISPATCH,UNIT_SCADA,1,"2022/10/20 06:45:00",SNOWTWN1,70.984720
D,DISPATCH,UNIT_SCADA,1,"2022/10/20 06:45:00",SNOWYP,0
D,DISPATCH,UNIT_SCADA,1,"2022/10/20 06:45:00",SNUG1,0
D,DISPATCH,UNIT_SCADA,1,"2022/10/20 06:45:00",SRSF1,3.92
D,DISPATCH,UNIT_SCADA,1,"2022/10/20 06:45:00",STAN-1,277.313110
D,DISPATCH,UNIT_SCADA,1,"2022/10/20 06:45:00",STAN-2,362.948820
D,DISPATCH,UNIT_SCADA,1,"2022/10/20 06:45:00",STAN-3,197.227490
D,DISPATCH,UNIT_SCADA,1,"2022/10/20 06:45:00",STAN-4,362.205380
D,DISPATCH,UNIT_SCADA,1,"2022/10/20 06:45:00",STARHLWF,2.499270
D,DISPATCH,UNIT_SCADA,1,"2022/10/20 06:45:00",STOCKYD1,280.600010
D,DISPATCH,UNIT_SCADA,1,"2022/10/20 06:45:00",STWF1,33.140770
D,DISPATCH,UNIT_SCADA,1,"2022/10/20 06:45:00",SUNRSF1,14.113070
D,DISPATCH,UNIT_SCADA,1,"2022/10/20 06:45:00",SUNTPSF1,17.718170
D,DISPATCH,UNIT_SCADA,1,"2022/10/20 06:45:00",SWAN_E,241.660610
D,DISPATCH,UNIT_SCADA,1,"2022/10/20 06:45:00",TALWA1,0
D,DISPATCH,UNIT_SCADA,1,"2022/10/20 06:45:00",TARALGA1,0
D,DISPATCH,UNIT_SCADA,1,"2022/10/20 06:45:00",TARONG#1,347.399990
D,DISPATCH,UNIT_SCADA,1,"2022/10/20 06:45:00",TARONG#2,346.899990
D,DISPATCH,UNIT_SCADA,1,"2022/10/20 06:45:00",TARONG#3,0.90
D,DISPATCH,UNIT_SCADA,1,"2022/10/20 06:45:00",TARONG#4,292.100010
D,DISPATCH,UNIT_SCADA,1,"2022/10/20 06:45:00",TARRALEA,54
D,DISPATCH,UNIT_SCADA,1,"2022/10/20 06:45:00",TBSF1,3
D,DISPATCH,UNIT_SCADA,1,"2022/10/20 06:45:00",TNPS1,439
D,DISPATCH,UNIT_SCADA,1,"2022/10/20 06:45:00",TORRB1,0
D,DISPATCH,UNIT_SCADA,1,"2022/10/20 06:45:00",TORRB2,40
D,DISPATCH,UNIT_SCADA,1,"2022/10/20 06:45:00",TORRB3,0
D,DISPATCH,UNIT_SCADA,1,"2022/10/20 06:45:00",TORRB4,0
D,DISPATCH,UNIT_SCADA,1,"2022/10/20 06:45:00",TREVALLN,98.725110
D,DISPATCH,UNIT_SCADA,1,"2022/10/20 06:45:00",TRIBUTE,0
D,DISPATCH,UNIT_SCADA,1,"2022/10/20 06:45:00",TUMUT3,0
D,DISPATCH,UNIT_SCADA,1,"2022/10/20 06:45:00",TUNGATIN,4.470020
D,DISPATCH,UNIT_SCADA,1,"2022/10/20 06:45:00",TVCC201,0
D,DISPATCH,UNIT_SCADA,1,"2022/10/20 06:45:00",TVPP104,57.885170
D,DISPATCH,UNIT_SCADA,1,"2022/10/20 06:45:00",UPPTUMUT,109.258470
D,DISPATCH,UNIT_SCADA,1,"2022/10/20 06:45:00",URANQ11,0
D,DISPATCH,UNIT_SCADA,1,"2022/10/20 06:45:00",URANQ12,0
D,DISPATCH,UNIT_SCADA,1,"2022/10/20 06:45:00",URANQ13,0
D,DISPATCH,UNIT_SCADA,1,"2022/10/20 06:45:00",URANQ14,0
D,DISPATCH,UNIT_SCADA,1,"2022/10/20 06:45:00",VBBG1,164.399990
D,DISPATCH,UNIT_SCADA,1,"2022/10/20 06:45:00",VBBL1,0
D,DISPATCH,UNIT_SCADA,1,"2022/10/20 06:45:00",VP5,601.654110
D,DISPATCH,UNIT_SCADA,1,"2022/10/20 06:45:00",VP6,605.4140
D,DISPATCH,UNIT_SCADA,1,"2022/10/20 06:45:00",VPGS1,0
D,DISPATCH,UNIT_SCADA,1,"2022/10/20 06:45:00",VPGS2,0
D,DISPATCH,UNIT_SCADA,1,"2022/10/20 06:45:00",VPGS3,0
D,DISPATCH,UNIT_SCADA,1,"2022/10/20 06:45:00",VPGS4,0
D,DISPATCH,UNIT_SCADA,1,"2022/10/20 06:45:00",VPGS5,0
D,DISPATCH,UNIT_SCADA,1,"2022/10/20 06:45:00",VPGS6,0
D,DISPATCH,UNIT_SCADA,1,"2022/10/20 06:45:00",W/HOE#1,0
D,DISPATCH,UNIT_SCADA,1,"2022/10/20 06:45:00",W/HOE#2,0
D,DISPATCH,UNIT_SCADA,1,"2022/10/20 06:45:00",WAGGNSF1,0
D,DISPATCH,UNIT_SCADA,1,"2022/10/20 06:45:00",WALGRVG1,0
D,DISPATCH,UNIT_SCADA,1,"2022/10/20 06:45:00",WALGRVL1,0.013960
D,DISPATCH,UNIT_SCADA,1,"2022/10/20 06:45:00",WANDBG1,0
D,DISPATCH,UNIT_SCADA,1,"2022/10/20 06:45:00",WANDBL1,0
D,DISPATCH,UNIT_SCADA,1,"2022/10/20 06:45:00",WARWSF1,2.29
D,DISPATCH,UNIT_SCADA,1,"2022/10/20 06:45:00",WARWSF2,2.15
D,DISPATCH,UNIT_SCADA,1,"2022/10/20 06:45:00",WATERLWF,68.20
D,DISPATCH,UNIT_SCADA,1,"2022/10/20 06:45:00",WDGPH1,5.6420
D,DISPATCH,UNIT_SCADA,1,"2022/10/20 06:45:00",WELLSF1,16.385140
D,DISPATCH,UNIT_SCADA,1,"2022/10/20 06:45:00",WEMENSF1,2.50
D,DISPATCH,UNIT_SCADA,1,"2022/10/20 06:45:00",WGWF1,109.40
D,DISPATCH,UNIT_SCADA,1,"2022/10/20 06:45:00",WHITSF1,2.50
D,DISPATCH,UNIT_SCADA,1,"2022/10/20 06:45:00",WINTSF1,30.72
D,DISPATCH,UNIT_SCADA,1,"2022/10/20 06:45:00",WKIEWA1,33.70
D,DISPATCH,UNIT_SCADA,1,"2022/10/20 06:45:00",WKIEWA2,33.80
D,DISPATCH,UNIT_SCADA,1,"2022/10/20 06:45:00",WOODLWN1,29.465780
D,DISPATCH,UNIT_SCADA,1,"2022/10/20 06:45:00",WOOLGSF1,7.612670
D,DISPATCH,UNIT_SCADA,1,"2022/10/20 06:45:00",WPWF,51.56
D,DISPATCH,UNIT_SCADA,1,"2022/10/20 06:45:00",WRSF1,1.490520
D,DISPATCH,UNIT_SCADA,1,"2022/10/20 06:45:00",WRWF1,89.2610
D,DISPATCH,UNIT_SCADA,1,"2022/10/20 06:45:00",WSTWYSF1,0
D,DISPATCH,UNIT_SCADA,1,"2022/10/20 06:45:00",YABULU,0
D,DISPATCH,UNIT_SCADA,1,"2022/10/20 06:45:00",YABULU2,0
D,DISPATCH,UNIT_SCADA,1,"2022/10/20 06:45:00",YARANSF1,8.43
D,DISPATCH,UNIT_SCADA,1,"2022/10/20 06:45:00",YARWUN_1,129.349990
D,DISPATCH,UNIT_SCADA,1,"2022/10/20 06:45:00",YATSF1,6.22
D,DISPATCH,UNIT_SCADA,1,"2022/10/20 06:45:00",YENDWF1,31.39
D,DISPATCH,UNIT_SCADA,1,"2022/10/20 06:45:00",YWPS1,364.159480
D,DISPATCH,UNIT_SCADA,1,"2022/10/20 06:45:00",YWPS2,289.220250
D,DISPATCH,UNIT_SCADA,1,"2022/10/20 06:45:00",YWPS3,358.259490
D,DISPATCH,UNIT_SCADA,1,"2022/10/20 06:45:00",YWPS4,0
C,"END OF REPORT",419
