C,NEMP.WORLD,DISPATCHSCADA,AEMO,PUBLIC,2022/10/20,03:30:09,0000000373225804,DISPATCHSCADA,0000000373225798
I,DISPATCH,UNIT_SCADA,1,SETTLEMENTDATE,DUID,SCADAVALUE
D,DISPATCH,UNIT_SCADA,1,"2022/10/20 03:35:00",BARCSF1,0.10
D,DISPATCH,UNIT_SCADA,1,"2022/10/20 03:35:00",BUTLERSG,8.699999
D,DISPATCH,UNIT_SCADA,1,"2022/10/20 03:35:00",CAPTL_WF,0
D,DISPATCH,UNIT_SCADA,1,"2022/10/20 03:35:00",CHALLHWF,19.799999
D,DISPATCH,UNIT_SCADA,1,"2022/10/20 03:35:00",CLOVER,13.18
D,DISPATCH,UNIT_SCADA,1,"2022/10/20 03:35:00",CLUNY,6.200503
D,DISPATCH,UNIT_SCADA,1,"2022/10/20 03:35:00",CULLRGWF,-0.02
D,DISPATCH,UNIT_SCADA,1,"2022/10/20 03:35:00",DIAPURWF1,7.30
D,DISPATCH,UNIT_SCADA,1,"2022/10/20 03:35:00",ERGT01,0
D,DISPATCH,UNIT_SCADA,1,"2022/10/20 03:35:00",GB01,0
D,DISPATCH,UNIT_SCADA,1,"2022/10/20 03:35:00",GERMCRK,21.200001
D,DISPATCH,UNIT_SCADA,1,"2022/10/20 03:35:00",GRIFSF1,0.001526
D,DISPATCH,UNIT_SCADA,1,"2022/10/20 03:35:00",HEZ1,0
D,DISPATCH,UNIT_SCADA,1,"2022/10/20 03:35:00",HUGSF1,-0.1740
D,DISPATCH,UNIT_SCADA,1,"2022/10/20 03:35:00",KEPBG1,0.01
D,DISPATCH,UNIT_SCADA,1,"2022/10/20 03:35:00",LRSF1,0.0240
D,DISPATCH,UNIT_SCADA,1,"2022/10/20 03:35:00",MBAHNTH,50.324997
D,DISPATCH,UNIT_SCADA,1,"2022/10/20 03:35:00",MLSP1,0
D,DISPATCH,UNIT_SCADA,1,"2022/10/20 03:35:00",MLWF1,1.71
D,DISPATCH,UNIT_SCADA,1,"2022/10/20 03:35:00",PALOONA,30.109999
D,DISPATCH,UNIT_SCADA,1,"2022/10/20 03:35:00",PIONEER,39.50
D,DISPATCH,UNIT_SCADA,1,"2022/10/20 03:35:00",PORTWF,31.200001
D,DISPATCH,UNIT_SCADA,1,"2022/10/20 03:35:00",REPULSE,9.378195
D,DISPATCH,UNIT_SCADA,1,"2022/10/20 03:35:00",ROWALLAN,8.8750
D,DISPATCH,UNIT_SCADA,1,"2022/10/20 03:35:00",ROYALLA1,0
D,DISPATCH,UNIT_SCADA,1,"2022/10/20 03:35:00",RPCG,-1.20
D,DISPATCH,UNIT_SCADA,1,"2022/10/20 03:35:00",RUBICON,0
D,DISPATCH,UNIT_SCADA,1,"2022/10/20 03:35:00",WAUBRAWF,80.586998
D,DISPATCH,UNIT_SCADA,1,"2022/10/20 03:35:00",WOOLNTH1,18.599998
D,DISPATCH,UNIT_SCADA,1,"2022/10/20 03:35:00",YAMBUKWF,2.40
D,DISPATCH,UNIT_SCADA,1,"2022/10/20 03:35:00",YSWF1,2.70
D,DISPATCH,UNIT_SCADA,1,"2022/10/20 03:35:00",ADPBA1G,0.0080
D,DISPATCH,UNIT_SCADA,1,"2022/10/20 03:35:00",ADPBA1L,0
D,DISPATCH,UNIT_SCADA,1,"2022/10/20 03:35:00",ADPPV1,0
D,DISPATCH,UNIT_SCADA,1,"2022/10/20 03:35:00",AGLHAL,0
D,DISPATCH,UNIT_SCADA,1,"2022/10/20 03:35:00",AGLSOM,0
D,DISPATCH,UNIT_SCADA,1,"2022/10/20 03:35:00",ANGAST1,0
D,DISPATCH,UNIT_SCADA,1,"2022/10/20 03:35:00",ARWF1,0
D,DISPATCH,UNIT_SCADA,1,"2022/10/20 03:35:00",BALBG1,0
D,DISPATCH,UNIT_SCADA,1,"2022/10/20 03:35:00",BALBL1,0
D,DISPATCH,UNIT_SCADA,1,"2022/10/20 03:35:00",BALDHWF1,0
D,DISPATCH,UNIT_SCADA,1,"2022/10/20 03:35:00",BANGOWF1,53.196610
D,DISPATCH,UNIT_SCADA,1,"2022/10/20 03:35:00",BANGOWF2,60.898830
D,DISPATCH,UNIT_SCADA,1,"2022/10/20 03:35:00",BANN1,0
D,DISPATCH,UNIT_SCADA,1,"2022/10/20 03:35:00",BARCALDN,0
D,DISPATCH,UNIT_SCADA,1,"2022/10/20 03:35:00",BARKIPS1,0
D,DISPATCH,UNIT_SCADA,1,"2022/10/20 03:35:00",BARRON-1,0
D,DISPATCH,UNIT_SCADA,1,"2022/10/20 03:35:00",BARRON-2,0
D,DISPATCH,UNIT_SCADA,1,"2022/10/20 03:35:00",BASTYAN,0
D,DISPATCH,UNIT_SCADA,1,"2022/10/20 03:35:00",BBTHREE1,-1.11
D,DISPATCH,UNIT_SCADA,1,"2022/10/20 03:35:00",BBTHREE2,0
D,DISPATCH,UNIT_SCADA,1,"2022/10/20 03:35:00",BBTHREE3,0
D,DISPATCH,UNIT_SCADA,1,"2022/10/20 03:35:00",BDL01,0
D,DISPATCH,UNIT_SCADA,1,"2022/10/20 03:35:00",BDL02,0
D,DISPATCH,UNIT_SCADA,1,"2022/10/20 03:35:00",BERYLSF1,0
D,DISPATCH,UNIT_SCADA,1,"2022/10/20 03:35:00",BLOWERNG,62.60
D,DISPATCH,UNIT_SCADA,1,"2022/10/20 03:35:00",BLUEGSF1,0
D,DISPATCH,UNIT_SCADA,1,"2022/10/20 03:35:00",BLUFF1,4.60
D,DISPATCH,UNIT_SCADA,1,"2022/10/20 03:35:00",BNGSF1,0
D,DISPATCH,UNIT_SCADA,1,"2022/10/20 03:35:00",BNGSF2,0
D,DISPATCH,UNIT_SCADA,1,"2022/10/20 03:35:00",BOCORWF1,7.80
D,DISPATCH,UNIT_SCADA,1,"2022/10/20 03:35:00",BODWF1,87.652020
D,DISPATCH,UNIT_SCADA,1,"2022/10/20 03:35:00",BOMENSF1,0
D,DISPATCH,UNIT_SCADA,1,"2022/10/20 03:35:00",BOWWBA1G,0
D,DISPATCH,UNIT_SCADA,1,"2022/10/20 03:35:00",BOWWBA1L,0.0010
D,DISPATCH,UNIT_SCADA,1,"2022/10/20 03:35:00",BOWWPV1,0
D,DISPATCH,UNIT_SCADA,1,"2022/10/20 03:35:00",BRAEMAR1,0
D,DISPATCH,UNIT_SCADA,1,"2022/10/20 03:35:00",BRAEMAR2,0
D,DISPATCH,UNIT_SCADA,1,"2022/10/20 03:35:00",BRAEMAR3,0
D,DISPATCH,UNIT_SCADA,1,"2022/10/20 03:35:00",BRAEMAR5,0.292060
D,DISPATCH,UNIT_SCADA,1,"2022/10/20 03:35:00",BRAEMAR6,0
D,DISPATCH,UNIT_SCADA,1,"2022/10/20 03:35:00",BRAEMAR7,0.130920
D,DISPATCH,UNIT_SCADA,1,"2022/10/20 03:35:00",BROKENH1,0
D,DISPATCH,UNIT_SCADA,1,"2022/10/20 03:35:00",BRYB1WF1,110.209810
D,DISPATCH,UNIT_SCADA,1,"2022/10/20 03:35:00",BULBESG1,0
D,DISPATCH,UNIT_SCADA,1,"2022/10/20 03:35:00",BULBESL1,0.03
D,DISPATCH,UNIT_SCADA,1,"2022/10/20 03:35:00",BULGANA1,57.78
D,DISPATCH,UNIT_SCADA,1,"2022/10/20 03:35:00",BW01,442.9877
D,DISPATCH,UNIT_SCADA,1,"2022/10/20 03:35:00",BW02,438.202480
D,DISPATCH,UNIT_SCADA,1,"2022/10/20 03:35:00",BW03,439.447630
D,DISPATCH,UNIT_SCADA,1,"2022/10/20 03:35:00",BW04,0
D,DISPATCH,UNIT_SCADA,1,"2022/10/20 03:35:00",CALL_B_1,320.899990
D,DISPATCH,UNIT_SCADA,1,"2022/10/20 03:35:00",CALL_B_2,321
D,DISPATCH,UNIT_SCADA,1,"2022/10/20 03:35:00",CATHROCK,9.70
D,DISPATCH,UNIT_SCADA,1,"2022/10/20 03:35:00",CBWWBA1G,0
D,DISPATCH,UNIT_SCADA,1,"2022/10/20 03:35:00",CBWWBA1L,0
D,DISPATCH,UNIT_SCADA,1,"2022/10/20 03:35:00",CETHANA,98.304250
D,DISPATCH,UNIT_SCADA,1,"2022/10/20 03:35:00",CG1,0
D,DISPATCH,UNIT_SCADA,1,"2022/10/20 03:35:00",CG2,0
D,DISPATCH,UNIT_SCADA,1,"2022/10/20 03:35:00",CG3,0
D,DISPATCH,UNIT_SCADA,1,"2022/10/20 03:35:00",CG4,0
D,DISPATCH,UNIT_SCADA,1,"2022/10/20 03:35:00",CHILDSF1,0
D,DISPATCH,UNIT_SCADA,1,"2022/10/20 03:35:00",CHYTWF1,10.30
D,DISPATCH,UNIT_SCADA,1,"2022/10/20 03:35:00",CLARESF1,0
D,DISPATCH,UNIT_SCADA,1,"2022/10/20 03:35:00",CLEMGPWF,30.542840
D,DISPATCH,UNIT_SCADA,1,"2022/10/20 03:35:00",CLERMSF1,0
D,DISPATCH,UNIT_SCADA,1,"2022/10/20 03:35:00",CNUNDAWF,0
D,DISPATCH,UNIT_SCADA,1,"2022/10/20 03:35:00",COHUNSF1,0
D,DISPATCH,UNIT_SCADA,1,"2022/10/20 03:35:00",COLEASF1,0
D,DISPATCH,UNIT_SCADA,1,"2022/10/20 03:35:00",COLUMSF1,0
D,DISPATCH,UNIT_SCADA,1,"2022/10/20 03:35:00",COLWF01,67.747010
D,DISPATCH,UNIT_SCADA,1,"2022/10/20 03:35:00",COOPGWF1,384.329990
D,DISPATCH,UNIT_SCADA,1,"2022/10/20 03:35:00",CPP_3,359.700010
D,DISPATCH,UNIT_SCADA,1,"2022/10/20 03:35:00",CPP_4,0
D,DISPATCH,UNIT_SCADA,1,"2022/10/20 03:35:00",CPSA,0
D,DISPATCH,UNIT_SCADA,1,"2022/10/20 03:35:00",CROOKWF2,18.355380
D,DISPATCH,UNIT_SCADA,1,"2022/10/20 03:35:00",CROWLWF1,35.024890
D,DISPATCH,UNIT_SCADA,1,"2022/10/20 03:35:00",CRURWF1,91.597690
D,DISPATCH,UNIT_SCADA,1,"2022/10/20 03:35:00",CRWASF1,0
D,DISPATCH,UNIT_SCADA,1,"2022/10/20 03:35:00",CSPVPS1,0
D,DISPATCH,UNIT_SCADA,1,"2022/10/20 03:35:00",CTHLWF1,0.003050
D,DISPATCH,UNIT_SCADA,1,"2022/10/20 03:35:00",DALNTH01,0
D,DISPATCH,UNIT_SCADA,1,"2022/10/20 03:35:00",DALNTHL1,0.099180
D,DISPATCH,UNIT_SCADA,1,"2022/10/20 03:35:00",DARLSF1,0
D,DISPATCH,UNIT_SCADA,1,"2022/10/20 03:35:00",DARTM1,0
D,DISPATCH,UNIT_SCADA,1,"2022/10/20 03:35:00",DAYDSF1,0
D,DISPATCH,UNIT_SCADA,1,"2022/10/20 03:35:00",DDPS1,0
D,DISPATCH,UNIT_SCADA,1,"2022/10/20 03:35:00",DDSF1,0
D,DISPATCH,UNIT_SCADA,1,"2022/10/20 03:35:00",DEVILS_G,43.419290
D,DISPATCH,UNIT_SCADA,1,"2022/10/20 03:35:00",DG_NSW1,0
D,DISPATCH,UNIT_SCADA,1,"2022/10/20 03:35:00",DG_QLD1,0
D,DISPATCH,UNIT_SCADA,1,"2022/10/20 03:35:00",DG_SA1,0
D,DISPATCH,UNIT_SCADA,1,"2022/10/20 03:35:00",DG_TAS1,0
D,DISPATCH,UNIT_SCADA,1,"2022/10/20 03:35:00",DG_VIC1,0
D,DISPATCH,UNIT_SCADA,1,"2022/10/20 03:35:00",DRYCGT1,0
D,DISPATCH,UNIT_SCADA,1,"2022/10/20 03:35:00",DRYCGT2,0
D,DISPATCH,UNIT_SCADA,1,"2022/10/20 03:35:00",DRYCGT3,0
D,DISPATCH,UNIT_SCADA,1,"2022/10/20 03:35:00",DUNDWF1,68.66
D,DISPATCH,UNIT_SCADA,1,"2022/10/20 03:35:00",DUNDWF2,18.12
D,DISPATCH,UNIT_SCADA,1,"2022/10/20 03:35:00",DUNDWF3,56.22
D,DISPATCH,UNIT_SCADA,1,"2022/10/20 03:35:00",EILDON1,60.04
D,DISPATCH,UNIT_SCADA,1,"2022/10/20 03:35:00",EILDON2,60.04
D,DISPATCH,UNIT_SCADA,1,"2022/10/20 03:35:00",ELAINWF1,27.51
D,DISPATCH,UNIT_SCADA,1,"2022/10/20 03:35:00",EMERASF1,0
D,DISPATCH,UNIT_SCADA,1,"2022/10/20 03:35:00",ER01,0
D,DISPATCH,UNIT_SCADA,1,"2022/10/20 03:35:00",ER02,290.299840
D,DISPATCH,UNIT_SCADA,1,"2022/10/20 03:35:00",ER03,327.995730
D,DISPATCH,UNIT_SCADA,1,"2022/10/20 03:35:00",ER04,334.489960
D,DISPATCH,UNIT_SCADA,1,"2022/10/20 03:35:00",FINLYSF1,0
D,DISPATCH,UNIT_SCADA,1,"2022/10/20 03:35:00",FISHER,43.94
D,DISPATCH,UNIT_SCADA,1,"2022/10/20 03:35:00",GANGARR1,0
D,DISPATCH,UNIT_SCADA,1,"2022/10/20 03:35:00",GANNBG1,0
D,DISPATCH,UNIT_SCADA,1,"2022/10/20 03:35:00",GANNBL1,7.456530
D,DISPATCH,UNIT_SCADA,1,"2022/10/20 03:35:00",GANNSF1,0
D,DISPATCH,UNIT_SCADA,1,"2022/10/20 03:35:00",GLRWNSF1,0
D,DISPATCH,UNIT_SCADA,1,"2022/10/20 03:35:00",GNNDHSF1,0
D,DISPATCH,UNIT_SCADA,1,"2022/10/20 03:35:00",GOONSF1,0
D,DISPATCH,UNIT_SCADA,1,"2022/10/20 03:35:00",GORDON,183.309780
D,DISPATCH,UNIT_SCADA,1,"2022/10/20 03:35:00",GRANWF1,0
D,DISPATCH,UNIT_SCADA,1,"2022/10/20 03:35:00",GSTONE1,200.55
D,DISPATCH,UNIT_SCADA,1,"2022/10/20 03:35:00",GSTONE2,0
D,DISPATCH,UNIT_SCADA,1,"2022/10/20 03:35:00",GSTONE3,200.024990
D,DISPATCH,UNIT_SCADA,1,"2022/10/20 03:35:00",GSTONE4,0
D,DISPATCH,UNIT_SCADA,1,"2022/10/20 03:35:00",GSTONE5,200.55
D,DISPATCH,UNIT_SCADA,1,"2022/10/20 03:35:00",GSTONE6,201.0750
D,DISPATCH,UNIT_SCADA,1,"2022/10/20 03:35:00",GULLRSF1,0
D,DISPATCH,UNIT_SCADA,1,"2022/10/20 03:35:00",GULLRWF1,42.864350
D,DISPATCH,UNIT_SCADA,1,"2022/10/20 03:35:00",GULLRWF2,99.875550
D,DISPATCH,UNIT_SCADA,1,"2022/10/20 03:35:00",GUNNING1,0
D,DISPATCH,UNIT_SCADA,1,"2022/10/20 03:35:00",GUTHEGA,67.600010
D,DISPATCH,UNIT_SCADA,1,"2022/10/20 03:35:00",HALLWF1,58.81
D,DISPATCH,UNIT_SCADA,1,"2022/10/20 03:35:00",HALLWF2,56.07
D,DISPATCH,UNIT_SCADA,1,"2022/10/20 03:35:00",HAMISF1,0
D,DISPATCH,UNIT_SCADA,1,"2022/10/20 03:35:00",HAUGHT11,0
D,DISPATCH,UNIT_SCADA,1,"2022/10/20 03:35:00",HAYMSF1,0
D,DISPATCH,UNIT_SCADA,1,"2022/10/20 03:35:00",HDWF1,63.30
D,DISPATCH,UNIT_SCADA,1,"2022/10/20 03:35:00",HDWF2,39.70
D,DISPATCH,UNIT_SCADA,1,"2022/10/20 03:35:00",HDWF3,49.30
D,DISPATCH,UNIT_SCADA,1,"2022/10/20 03:35:00",HILLSTN1,0
D,DISPATCH,UNIT_SCADA,1,"2022/10/20 03:35:00",HPRG1,0
D,DISPATCH,UNIT_SCADA,1,"2022/10/20 03:35:00",HPRL1,24.30
D,DISPATCH,UNIT_SCADA,1,"2022/10/20 03:35:00",HUMENSW,54.696710
D,DISPATCH,UNIT_SCADA,1,"2022/10/20 03:35:00",HUMEV,0
D,DISPATCH,UNIT_SCADA,1,"2022/10/20 03:35:00",HVWWBA1G,0
D,DISPATCH,UNIT_SCADA,1,"2022/10/20 03:35:00",HVWWBA1L,0.0070
D,DISPATCH,UNIT_SCADA,1,"2022/10/20 03:35:00",HVWWPV1,0
D,DISPATCH,UNIT_SCADA,1,"2022/10/20 03:35:00",JBUTTERS,0
D,DISPATCH,UNIT_SCADA,1,"2022/10/20 03:35:00",JEMALNG1,0
D,DISPATCH,UNIT_SCADA,1,"2022/10/20 03:35:00",JLA01,0
D,DISPATCH,UNIT_SCADA,1,"2022/10/20 03:35:00",JLA02,0
D,DISPATCH,UNIT_SCADA,1,"2022/10/20 03:35:00",JLA03,0
D,DISPATCH,UNIT_SCADA,1,"2022/10/20 03:35:00",JLA04,0
D,DISPATCH,UNIT_SCADA,1,"2022/10/20 03:35:00",JLB01,0
D,DISPATCH,UNIT_SCADA,1,"2022/10/20 03:35:00",JLB02,0.10
D,DISPATCH,UNIT_SCADA,1,"2022/10/20 03:35:00",JLB03,0
D,DISPATCH,UNIT_SCADA,1,"2022/10/20 03:35:00",JUNEESF1,0
D,DISPATCH,UNIT_SCADA,1,"2022/10/20 03:35:00",KABANWF1,1.7370
D,DISPATCH,UNIT_SCADA,1,"2022/10/20 03:35:00",KAREEYA1,18.02
D,DISPATCH,UNIT_SCADA,1,"2022/10/20 03:35:00",KAREEYA2,0
D,DISPATCH,UNIT_SCADA,1,"2022/10/20 03:35:00",KAREEYA3,21.4325
D,DISPATCH,UNIT_SCADA,1,"2022/10/20 03:35:00",KAREEYA4,0
D,DISPATCH,UNIT_SCADA,1,"2022/10/20 03:35:00",KARSF1,0
D,DISPATCH,UNIT_SCADA,1,"2022/10/20 03:35:00",KEPSF1,0
D,DISPATCH,UNIT_SCADA,1,"2022/10/20 03:35:00",KEPWF1,16.34
D,DISPATCH,UNIT_SCADA,1,"2022/10/20 03:35:00",KIAMSF1,0
D,DISPATCH,UNIT_SCADA,1,"2022/10/20 03:35:00",KIATAWF1,30.50
D,DISPATCH,UNIT_SCADA,1,"2022/10/20 03:35:00",KPP_1,0
D,DISPATCH,UNIT_SCADA,1,"2022/10/20 03:35:00",KSP1,0
D,DISPATCH,UNIT_SCADA,1,"2022/10/20 03:35:00",LADBROK1,0.02
D,DISPATCH,UNIT_SCADA,1,"2022/10/20 03:35:00",LADBROK2,37.81
D,DISPATCH,UNIT_SCADA,1,"2022/10/20 03:35:00",LBBG1,0
D,DISPATCH,UNIT_SCADA,1,"2022/10/20 03:35:00",LBBL1,1.05
D,DISPATCH,UNIT_SCADA,1,"2022/10/20 03:35:00",LD01,321.488070
D,DISPATCH,UNIT_SCADA,1,"2022/10/20 03:35:00",LD02,0
D,DISPATCH,UNIT_SCADA,1,"2022/10/20 03:35:00",LD04,321.286650
D,DISPATCH,UNIT_SCADA,1,"2022/10/20 03:35:00",LEM_WIL,86.6942
D,DISPATCH,UNIT_SCADA,1,"2022/10/20 03:35:00",LGAPWF1,62.35
D,DISPATCH,UNIT_SCADA,1,"2022/10/20 03:35:00",LGAPWF2,40.29
D,DISPATCH,UNIT_SCADA,1,"2022/10/20 03:35:00",LILYSF1,0
D,DISPATCH,UNIT_SCADA,1,"2022/10/20 03:35:00",LIMOSF11,0
D,DISPATCH,UNIT_SCADA,1,"2022/10/20 03:35:00",LIMOSF21,0
D,DISPATCH,UNIT_SCADA,1,"2022/10/20 03:35:00",LI_WY_CA,55.815350
D,DISPATCH,UNIT_SCADA,1,"2022/10/20 03:35:00",LKBONNY1,0
D,DISPATCH,UNIT_SCADA,1,"2022/10/20 03:35:00",LKBONNY2,24.682490
D,DISPATCH,UNIT_SCADA,1,"2022/10/20 03:35:00",LKBONNY3,8.652420
D,DISPATCH,UNIT_SCADA,1,"2022/10/20 03:35:00",LK_ECHO,0
D,DISPATCH,UNIT_SCADA,1,"2022/10/20 03:35:00",LNGS1,0
D,DISPATCH,UNIT_SCADA,1,"2022/10/20 03:35:00",LNGS2,0
D,DISPATCH,UNIT_SCADA,1,"2022/10/20 03:35:00",LONSDALE,0
D,DISPATCH,UNIT_SCADA,1,"2022/10/20 03:35:00",LOYYB1,516.539250
D,DISPATCH,UNIT_SCADA,1,"2022/10/20 03:35:00",LOYYB2,524.4342
D,DISPATCH,UNIT_SCADA,1,"2022/10/20 03:35:00",LYA1,525
D,DISPATCH,UNIT_SCADA,1,"2022/10/20 03:35:00",LYA2,0
D,DISPATCH,UNIT_SCADA,1,"2022/10/20 03:35:00",LYA3,526
D,DISPATCH,UNIT_SCADA,1,"2022/10/20 03:35:00",LYA4,525
D,DISPATCH,UNIT_SCADA,1,"2022/10/20 03:35:00",MACARTH1,26.199390
D,DISPATCH,UNIT_SCADA,1,"2022/10/20 03:35:00",MACKNTSH,0
D,DISPATCH,UNIT_SCADA,1,"2022/10/20 03:35:00",MANSLR1,0
D,DISPATCH,UNIT_SCADA,1,"2022/10/20 03:35:00",MAPS2PV1,0
D,DISPATCH,UNIT_SCADA,1,"2022/10/20 03:35:00",MAPS3PV1,0
D,DISPATCH,UNIT_SCADA,1,"2022/10/20 03:35:00",MARYRSF1,0
D,DISPATCH,UNIT_SCADA,1,"2022/10/20 03:35:00",MBPS2PV1,0
D,DISPATCH,UNIT_SCADA,1,"2022/10/20 03:35:00",MCKAY1,0.02
D,DISPATCH,UNIT_SCADA,1,"2022/10/20 03:35:00",MEADOWBK,19.777360
D,DISPATCH,UNIT_SCADA,1,"2022/10/20 03:35:00",MERCER01,36.30
D,DISPATCH,UNIT_SCADA,1,"2022/10/20 03:35:00",METZSF1,0
D,DISPATCH,UNIT_SCADA,1,"2022/10/20 03:35:00",MEWF1,0
D,DISPATCH,UNIT_SCADA,1,"2022/10/20 03:35:00",MIDDLSF1,0
D,DISPATCH,UNIT_SCADA,1,"2022/10/20 03:35:00",MINTARO,0.128180
D,DISPATCH,UNIT_SCADA,1,"2022/10/20 03:35:00",MOLNGSF1,0
D,DISPATCH,UNIT_SCADA,1,"2022/10/20 03:35:00",MOORAWF1,39.23
D,DISPATCH,UNIT_SCADA,1,"2022/10/20 03:35:00",MOREESF1,0
D,DISPATCH,UNIT_SCADA,1,"2022/10/20 03:35:00",MORTLK11,0
D,DISPATCH,UNIT_SCADA,1,"2022/10/20 03:35:00",MORTLK12,0
D,DISPATCH,UNIT_SCADA,1,"2022/10/20 03:35:00",MOUSF1,0
D,DISPATCH,UNIT_SCADA,1,"2022/10/20 03:35:00",MP1,0
D,DISPATCH,UNIT_SCADA,1,"2022/10/20 03:35:00",MP2,285.929660
D,DISPATCH,UNIT_SCADA,1,"2022/10/20 03:35:00",MPP_1,163.7323
D,DISPATCH,UNIT_SCADA,1,"2022/10/20 03:35:00",MPP_2,0
D,DISPATCH,UNIT_SCADA,1,"2022/10/20 03:35:00",MRTLSWF1,0
D,DISPATCH,UNIT_SCADA,1,"2022/10/20 03:35:00",MSTUART1,0
D,DISPATCH,UNIT_SCADA,1,"2022/10/20 03:35:00",MSTUART2,0
D,DISPATCH,UNIT_SCADA,1,"2022/10/20 03:35:00",MSTUART3,0
D,DISPATCH,UNIT_SCADA,1,"2022/10/20 03:35:00",MTGELWF1,20.628990
D,DISPATCH,UNIT_SCADA,1,"2022/10/20 03:35:00",MTMILLAR,8.10
D,DISPATCH,UNIT_SCADA,1,"2022/10/20 03:35:00",MURRAY,0
D,DISPATCH,UNIT_SCADA,1,"2022/10/20 03:35:00",MUSSELR1,7.60
D,DISPATCH,UNIT_SCADA,1,"2022/10/20 03:35:00",MUWAWF1,183.789990
D,DISPATCH,UNIT_SCADA,1,"2022/10/20 03:35:00",MUWAWF2,184
D,DISPATCH,UNIT_SCADA,1,"2022/10/20 03:35:00",MWPS1PV1,0
D,DISPATCH,UNIT_SCADA,1,"2022/10/20 03:35:00",MWPS2PV1,0
D,DISPATCH,UNIT_SCADA,1,"2022/10/20 03:35:00",MWPS3PV1,0
D,DISPATCH,UNIT_SCADA,1,"2022/10/20 03:35:00",MWPS4PV1,0
D,DISPATCH,UNIT_SCADA,1,"2022/10/20 03:35:00",NBHWF1,107.40
D,DISPATCH,UNIT_SCADA,1,"2022/10/20 03:35:00",NEVERSF1,0
D,DISPATCH,UNIT_SCADA,1,"2022/10/20 03:35:00",NPS,0
D,DISPATCH,UNIT_SCADA,1,"2022/10/20 03:35:00",NUMURSF1,0
D,DISPATCH,UNIT_SCADA,1,"2022/10/20 03:35:00",NYNGAN1,0
D,DISPATCH,UNIT_SCADA,1,"2022/10/20 03:35:00",OAKEY1,0
D,DISPATCH,UNIT_SCADA,1,"2022/10/20 03:35:00",OAKEY1SF,0
D,DISPATCH,UNIT_SCADA,1,"2022/10/20 03:35:00",OAKEY2,0
D,DISPATCH,UNIT_SCADA,1,"2022/10/20 03:35:00",OAKEY2SF,0
D,DISPATCH,UNIT_SCADA,1,"2022/10/20 03:35:00",OAKLAND1,10.20
D,DISPATCH,UNIT_SCADA,1,"2022/10/20 03:35:00",OSB-AG,0
D,DISPATCH,UNIT_SCADA,1,"2022/10/20 03:35:00",PAREPS1,0.0660
D,DISPATCH,UNIT_SCADA,1,"2022/10/20 03:35:00",PAREPW1,28.59
D,DISPATCH,UNIT_SCADA,1,"2022/10/20 03:35:00",PARSF1,0.001530
D,DISPATCH,UNIT_SCADA,1,"2022/10/20 03:35:00",POAT110,0
D,DISPATCH,UNIT_SCADA,1,"2022/10/20 03:35:00",POAT220,0
D,DISPATCH,UNIT_SCADA,1,"2022/10/20 03:35:00",POR01,0
D,DISPATCH,UNIT_SCADA,1,"2022/10/20 03:35:00",POR03,0
D,DISPATCH,UNIT_SCADA,1,"2022/10/20 03:35:00",PPCCGT,123.890430
D,DISPATCH,UNIT_SCADA,1,"2022/10/20 03:35:00",PTSTAN1,0
D,DISPATCH,UNIT_SCADA,1,"2022/10/20 03:35:00",PUMP1,0
D,DISPATCH,UNIT_SCADA,1,"2022/10/20 03:35:00",PUMP2,0
D,DISPATCH,UNIT_SCADA,1,"2022/10/20 03:35:00",QBYNBG1,0
D,DISPATCH,UNIT_SCADA,1,"2022/10/20 03:35:00",QBYNBL1,0.0025
D,DISPATCH,UNIT_SCADA,1,"2022/10/20 03:35:00",QPS1,0
D,DISPATCH,UNIT_SCADA,1,"2022/10/20 03:35:00",QPS2,0
D,DISPATCH,UNIT_SCADA,1,"2022/10/20 03:35:00",QPS3,0
D,DISPATCH,UNIT_SCADA,1,"2022/10/20 03:35:00",QPS4,0
D,DISPATCH,UNIT_SCADA,1,"2022/10/20 03:35:00",QPS5,74.27
D,DISPATCH,UNIT_SCADA,1,"2022/10/20 03:35:00",REECE1,0
D,DISPATCH,UNIT_SCADA,1,"2022/10/20 03:35:00",REECE2,0
D,DISPATCH,UNIT_SCADA,1,"2022/10/20 03:35:00",ROMA_7,0
D,DISPATCH,UNIT_SCADA,1,"2022/10/20 03:35:00",ROMA_8,0
D,DISPATCH,UNIT_SCADA,1,"2022/10/20 03:35:00",RRSF1,0
D,DISPATCH,UNIT_SCADA,1,"2022/10/20 03:35:00",RT_NSW1,0
D,DISPATCH,UNIT_SCADA,1,"2022/10/20 03:35:00",RT_NSW2,0
D,DISPATCH,UNIT_SCADA,1,"2022/10/20 03:35:00",RT_NSW3,0
D,DISPATCH,UNIT_SCADA,1,"2022/10/20 03:35:00",RT_NSW4,0
D,DISPATCH,UNIT_SCADA,1,"2022/10/20 03:35:00",RT_NSW5,0
D,DISPATCH,UNIT_SCADA,1,"2022/10/20 03:35:00",RT_NSW6,0
D,DISPATCH,UNIT_SCADA,1,"2022/10/20 03:35:00",RT_QLD1,0
D,DISPATCH,UNIT_SCADA,1,"2022/10/20 03:35:00",RT_SA1,0
D,DISPATCH,UNIT_SCADA,1,"2022/10/20 03:35:00",RT_SA2,0
D,DISPATCH,UNIT_SCADA,1,"2022/10/20 03:35:00",RT_SA3,0
D,DISPATCH,UNIT_SCADA,1,"2022/10/20 03:35:00",RT_SA4,0
D,DISPATCH,UNIT_SCADA,1,"2022/10/20 03:35:00",RT_SA5,0
D,DISPATCH,UNIT_SCADA,1,"2022/10/20 03:35:00",RT_SA6,0
D,DISPATCH,UNIT_SCADA,1,"2022/10/20 03:35:00",RT_TAS1,0
D,DISPATCH,UNIT_SCADA,1,"2022/10/20 03:35:00",RT_VIC1,0
D,DISPATCH,UNIT_SCADA,1,"2022/10/20 03:35:00",RT_VIC10,0
D,DISPATCH,UNIT_SCADA,1,"2022/10/20 03:35:00",RT_VIC11,0
D,DISPATCH,UNIT_SCADA,1,"2022/10/20 03:35:00",RT_VIC12,0
D,DISPATCH,UNIT_SCADA,1,"2022/10/20 03:35:00",RT_VIC2,0
D,DISPATCH,UNIT_SCADA,1,"2022/10/20 03:35:00",RT_VIC3,0
D,DISPATCH,UNIT_SCADA,1,"2022/10/20 03:35:00",RT_VIC4,0
D,DISPATCH,UNIT_SCADA,1,"2022/10/20 03:35:00",RT_VIC5,0
D,DISPATCH,UNIT_SCADA,1,"2022/10/20 03:35:00",RT_VIC6,0
D,DISPATCH,UNIT_SCADA,1,"2022/10/20 03:35:00",RT_VIC7,0
D,DISPATCH,UNIT_SCADA,1,"2022/10/20 03:35:00",RT_VIC8,0
D,DISPATCH,UNIT_SCADA,1,"2022/10/20 03:35:00",RT_VIC9,0
D,DISPATCH,UNIT_SCADA,1,"2022/10/20 03:35:00",RUGBYR1,0
D,DISPATCH,UNIT_SCADA,1,"2022/10/20 03:35:00",SALTCRK1,18.04
D,DISPATCH,UNIT_SCADA,1,"2022/10/20 03:35:00",SAPHWF1,127.420460
D,DISPATCH,UNIT_SCADA,1,"2022/10/20 03:35:00",SEBSF1,0
D,DISPATCH,UNIT_SCADA,1,"2022/10/20 03:35:00",SHGEN,0
D,DISPATCH,UNIT_SCADA,1,"2022/10/20 03:35:00",SHPUMP,0
D,DISPATCH,UNIT_SCADA,1,"2022/10/20 03:35:00",SITHE01,0.123710
D,DISPATCH,UNIT_SCADA,1,"2022/10/20 03:35:00",SMCSF1,0
D,DISPATCH,UNIT_SCADA,1,"2022/10/20 03:35:00",SNAPPER1,0
D,DISPATCH,UNIT_SCADA,1,"2022/10/20 03:35:00",SNOWNTH1,127.70
D,DISPATCH,UNIT_SCADA,1,"2022/10/20 03:35:00",SNOWSTH1,114.40
D,DISPATCH,UNIT_SCADA,1,"2022/10/20 03:35:00",SNOWTWN1,91.743220
D,DISPATCH,UNIT_SCADA,1,"2022/10/20 03:35:00",SNOWYP,0
D,DISPATCH,UNIT_SCADA,1,"2022/10/20 03:35:00",SNUG1,0
D,DISPATCH,UNIT_SCADA,1,"2022/10/20 03:35:00",SRSF1,0
D,DISPATCH,UNIT_SCADA,1,"2022/10/20 03:35:00",STAN-1,278.223180
D,DISPATCH,UNIT_SCADA,1,"2022/10/20 03:35:00",STAN-2,365.345760
D,DISPATCH,UNIT_SCADA,1,"2022/10/20 03:35:00",STAN-3,365.845640
D,DISPATCH,UNIT_SCADA,1,"2022/10/20 03:35:00",STAN-4,365.7431
D,DISPATCH,UNIT_SCADA,1,"2022/10/20 03:35:00",STARHLWF,17.594870
D,DISPATCH,UNIT_SCADA,1,"2022/10/20 03:35:00",STOCKYD1,175.09
D,DISPATCH,UNIT_SCADA,1,"2022/10/20 03:35:00",STWF1,50.037990
D,DISPATCH,UNIT_SCADA,1,"2022/10/20 03:35:00",SUNRSF1,0
D,DISPATCH,UNIT_SCADA,1,"2022/10/20 03:35:00",SUNTPSF1,0
D,DISPATCH,UNIT_SCADA,1,"2022/10/20 03:35:00",SWAN_E,221.723110
D,DISPATCH,UNIT_SCADA,1,"2022/10/20 03:35:00",TALWA1,0
D,DISPATCH,UNIT_SCADA,1,"2022/10/20 03:35:00",TARALGA1,0
D,DISPATCH,UNIT_SCADA,1,"2022/10/20 03:35:00",TARONG#1,281.600010
D,DISPATCH,UNIT_SCADA,1,"2022/10/20 03:35:00",TARONG#2,281.50
D,DISPATCH,UNIT_SCADA,1,"2022/10/20 03:35:00",TARONG#3,0.90
D,DISPATCH,UNIT_SCADA,1,"2022/10/20 03:35:00",TARONG#4,190
D,DISPATCH,UNIT_SCADA,1,"2022/10/20 03:35:00",TARRALEA,53.80
D,DISPATCH,UNIT_SCADA,1,"2022/10/20 03:35:00",TBSF1,0
D,DISPATCH,UNIT_SCADA,1,"2022/10/20 03:35:00",TNPS1,299.6875
D,DISPATCH,UNIT_SCADA,1,"2022/10/20 03:35:00",TORRB1,0
D,DISPATCH,UNIT_SCADA,1,"2022/10/20 03:35:00",TORRB2,40
D,DISPATCH,UNIT_SCADA,1,"2022/10/20 03:35:00",TORRB3,0
D,DISPATCH,UNIT_SCADA,1,"2022/10/20 03:35:00",TORRB4,0
D,DISPATCH,UNIT_SCADA,1,"2022/10/20 03:35:00",TREVALLN,99.863830
D,DISPATCH,UNIT_SCADA,1,"2022/10/20 03:35:00",TRIBUTE,0
D,DISPATCH,UNIT_SCADA,1,"2022/10/20 03:35:00",TUMUT3,0
D,DISPATCH,UNIT_SCADA,1,"2022/10/20 03:35:00",TUNGATIN,5.370020
D,DISPATCH,UNIT_SCADA,1,"2022/10/20 03:35:00",TVCC201,0
D,DISPATCH,UNIT_SCADA,1,"2022/10/20 03:35:00",TVPP104,0
D,DISPATCH,UNIT_SCADA,1,"2022/10/20 03:35:00",UPPTUMUT,0
D,DISPATCH,UNIT_SCADA,1,"2022/10/20 03:35:00",URANQ11,0
D,DISPATCH,UNIT_SCADA,1,"2022/10/20 03:35:00",URANQ12,0
D,DISPATCH,UNIT_SCADA,1,"2022/10/20 03:35:00",URANQ13,0
D,DISPATCH,UNIT_SCADA,1,"2022/10/20 03:35:00",URANQ14,0
D,DISPATCH,UNIT_SCADA,1,"2022/10/20 03:35:00",VBBG1,0
D,DISPATCH,UNIT_SCADA,1,"2022/10/20 03:35:00",VBBL1,60.20
D,DISPATCH,UNIT_SCADA,1,"2022/10/20 03:35:00",VP5,453.041170
D,DISPATCH,UNIT_SCADA,1,"2022/10/20 03:35:00",VP6,552.043210
D,DISPATCH,UNIT_SCADA,1,"2022/10/20 03:35:00",VPGS1,0
D,DISPATCH,UNIT_SCADA,1,"2022/10/20 03:35:00",VPGS2,0
D,DISPATCH,UNIT_SCADA,1,"2022/10/20 03:35:00",VPGS3,0
D,DISPATCH,UNIT_SCADA,1,"2022/10/20 03:35:00",VPGS4,0
D,DISPATCH,UNIT_SCADA,1,"2022/10/20 03:35:00",VPGS5,0
D,DISPATCH,UNIT_SCADA,1,"2022/10/20 03:35:00",VPGS6,0
D,DISPATCH,UNIT_SCADA,1,"2022/10/20 03:35:00",W/HOE#1,0
D,DISPATCH,UNIT_SCADA,1,"2022/10/20 03:35:00",W/HOE#2,0
D,DISPATCH,UNIT_SCADA,1,"2022/10/20 03:35:00",WAGGNSF1,0
D,DISPATCH,UNIT_SCADA,1,"2022/10/20 03:35:00",WALGRVG1,0.000930
D,DISPATCH,UNIT_SCADA,1,"2022/10/20 03:35:00",WALGRVL1,0
D,DISPATCH,UNIT_SCADA,1,"2022/10/20 03:35:00",WANDBG1,0
D,DISPATCH,UNIT_SCADA,1,"2022/10/20 03:35:00",WANDBL1,0
D,DISPATCH,UNIT_SCADA,1,"2022/10/20 03:35:00",WARWSF1,0
D,DISPATCH,UNIT_SCADA,1,"2022/10/20 03:35:00",WARWSF2,0
D,DISPATCH,UNIT_SCADA,1,"2022/10/20 03:35:00",WATERLWF,83.70
D,DISPATCH,UNIT_SCADA,1,"2022/10/20 03:35:00",WDGPH1,0
D,DISPATCH,UNIT_SCADA,1,"2022/10/20 03:35:00",WELLSF1,0
D,DISPATCH,UNIT_SCADA,1,"2022/10/20 03:35:00",WEMENSF1,0
D,DISPATCH,UNIT_SCADA,1,"2022/10/20 03:35:00",WGWF1,117.40
D,DISPATCH,UNIT_SCADA,1,"2022/10/20 03:35:00",WHITSF1,0
D,DISPATCH,UNIT_SCADA,1,"2022/10/20 03:35:00",WINTSF1,0
D,DISPATCH,UNIT_SCADA,1,"2022/10/20 03:35:00",WKIEWA1,33.90
D,DISPATCH,UNIT_SCADA,1,"2022/10/20 03:35:00",WKIEWA2,34
D,DISPATCH,UNIT_SCADA,1,"2022/10/20 03:35:00",WOODLWN1,9.320940
D,DISPATCH,UNIT_SCADA,1,"2022/10/20 03:35:00",WOOLGSF1,0
D,DISPATCH,UNIT_SCADA,1,"2022/10/20 03:35:00",WPWF,72.89
D,DISPATCH,UNIT_SCADA,1,"2022/10/20 03:35:00",WRSF1,0
D,DISPATCH,UNIT_SCADA,1,"2022/10/20 03:35:00",WRWF1,35.219650
D,DISPATCH,UNIT_SCADA,1,"2022/10/20 03:35:00",WSTWYSF1,0
D,DISPATCH,UNIT_SCADA,1,"2022/10/20 03:35:00",YABULU,0
D,DISPATCH,UNIT_SCADA,1,"2022/10/20 03:35:00",YABULU2,0
D,DISPATCH,UNIT_SCADA,1,"2022/10/20 03:35:00",YARANSF1,0
D,DISPATCH,UNIT_SCADA,1,"2022/10/20 03:35:00",YARWUN_1,159.599990
D,DISPATCH,UNIT_SCADA,1,"2022/10/20 03:35:00",YATSF1,0
D,DISPATCH,UNIT_SCADA,1,"2022/10/20 03:35:00",YENDWF1,21.60
D,DISPATCH,UNIT_SCADA,1,"2022/10/20 03:35:00",YWPS1,364.159480
D,DISPATCH,UNIT_SCADA,1,"2022/10/20 03:35:00",YWPS2,361.402530
D,DISPATCH,UNIT_SCADA,1,"2022/10/20 03:35:00",YWPS3,359.953160
D,DISPATCH,UNIT_SCADA,1,"2022/10/20 03:35:00",YWPS4,0
C,"END OF REPORT",419
