C,NEMP.WORLD,DISPATCHSCADA,AEMO,PUBLIC,2022/10/20,08:20:10,0000000373240198,DISPATCHSCADA,0000000373240192
I,DISPATCH,UNIT_SCADA,1,SETTLEMENTDATE,DUID,SCADAVALUE
D,DISPATCH,UNIT_SCADA,1,"2022/10/20 08:25:00",BARCSF1,11
D,DISPATCH,UNIT_SCADA,1,"2022/10/20 08:25:00",BUTLERSG,8.699999
D,DISPATCH,UNIT_SCADA,1,"2022/10/20 08:25:00",CAPTL_WF,68.879959
D,DISPATCH,UNIT_SCADA,1,"2022/10/20 08:25:00",CHALLHWF,6.50
D,DISPATCH,UNIT_SCADA,1,"2022/10/20 08:25:00",CLOVER,13.30
D,DISPATCH,UNIT_SCADA,1,"2022/10/20 08:25:00",CLUNY,6.191348
D,DISPATCH,UNIT_SCADA,1,"2022/10/20 08:25:00",CULLRGWF,-0.05
D,DISPATCH,UNIT_SCADA,1,"2022/10/20 08:25:00",DIAPURWF1,7.30
D,DISPATCH,UNIT_SCADA,1,"2022/10/20 08:25:00",ERGT01,0
D,DISPATCH,UNIT_SCADA,1,"2022/10/20 08:25:00",GB01,0
D,DISPATCH,UNIT_SCADA,1,"2022/10/20 08:25:00",GERMCRK,19.60
D,DISPATCH,UNIT_SCADA,1,"2022/10/20 08:25:00",GRIFSF1,1.399252
D,DISPATCH,UNIT_SCADA,1,"2022/10/20 08:25:00",HEZ1,0
D,DISPATCH,UNIT_SCADA,1,"2022/10/20 08:25:00",HUGSF1,8.3570
D,DISPATCH,UNIT_SCADA,1,"2022/10/20 08:25:00",KEPBG1,0
D,DISPATCH,UNIT_SCADA,1,"2022/10/20 08:25:00",LRSF1,9.2290
D,DISPATCH,UNIT_SCADA,1,"2022/10/20 08:25:00",MBAHNTH,45.318756
D,DISPATCH,UNIT_SCADA,1,"2022/10/20 08:25:00",MLSP1,7.909001
D,DISPATCH,UNIT_SCADA,1,"2022/10/20 08:25:00",MLWF1,5.97
D,DISPATCH,UNIT_SCADA,1,"2022/10/20 08:25:00",PALOONA,30.209999
D,DISPATCH,UNIT_SCADA,1,"2022/10/20 08:25:00",PIONEER,39.600002
D,DISPATCH,UNIT_SCADA,1,"2022/10/20 08:25:00",PORTWF,54.799999
D,DISPATCH,UNIT_SCADA,1,"2022/10/20 08:25:00",REPULSE,9.550317
D,DISPATCH,UNIT_SCADA,1,"2022/10/20 08:25:00",ROWALLAN,8.9176
D,DISPATCH,UNIT_SCADA,1,"2022/10/20 08:25:00",ROYALLA1,12.397003
D,DISPATCH,UNIT_SCADA,1,"2022/10/20 08:25:00",RPCG,-1.80
D,DISPATCH,UNIT_SCADA,1,"2022/10/20 08:25:00",RUBICON,0
D,DISPATCH,UNIT_SCADA,1,"2022/10/20 08:25:00",WAUBRAWF,19.5840
D,DISPATCH,UNIT_SCADA,1,"2022/10/20 08:25:00",WOOLNTH1,2.21
D,DISPATCH,UNIT_SCADA,1,"2022/10/20 08:25:00",YAMBUKWF,9.90
D,DISPATCH,UNIT_SCADA,1,"2022/10/20 08:25:00",YSWF1,0.60
D,DISPATCH,UNIT_SCADA,1,"2022/10/20 08:25:00",ADPBA1G,0.0080
D,DISPATCH,UNIT_SCADA,1,"2022/10/20 08:25:00",ADPBA1L,0
D,DISPATCH,UNIT_SCADA,1,"2022/10/20 08:25:00",ADPPV1,0.0590
D,DISPATCH,UNIT_SCADA,1,"2022/10/20 08:25:00",AGLHAL,0
D,DISPATCH,UNIT_SCADA,1,"2022/10/20 08:25:00",AGLSOM,0
D,DISPATCH,UNIT_SCADA,1,"2022/10/20 08:25:00",ANGAST1,0
D,DISPATCH,UNIT_SCADA,1,"2022/10/20 08:25:00",ARWF1,9.90
D,DISPATCH,UNIT_SCADA,1,"2022/10/20 08:25:00",BALBG1,0
D,DISPATCH,UNIT_SCADA,1,"2022/10/20 08:25:00",BALBL1,0
D,DISPATCH,UNIT_SCADA,1,"2022/10/20 08:25:00",BALDHWF1,2.2220
D,DISPATCH,UNIT_SCADA,1,"2022/10/20 08:25:00",BANGOWF1,24.797740
D,DISPATCH,UNIT_SCADA,1,"2022/10/20 08:25:00",BANGOWF2,27.298310
D,DISPATCH,UNIT_SCADA,1,"2022/10/20 08:25:00",BANN1,10.37
D,DISPATCH,UNIT_SCADA,1,"2022/10/20 08:25:00",BARCALDN,0
D,DISPATCH,UNIT_SCADA,1,"2022/10/20 08:25:00",BARKIPS1,0
D,DISPATCH,UNIT_SCADA,1,"2022/10/20 08:25:00",BARRON-1,28.04
D,DISPATCH,UNIT_SCADA,1,"2022/10/20 08:25:00",BARRON-2,0
D,DISPATCH,UNIT_SCADA,1,"2022/10/20 08:25:00",BASTYAN,52.92
D,DISPATCH,UNIT_SCADA,1,"2022/10/20 08:25:00",BBTHREE1,0
D,DISPATCH,UNIT_SCADA,1,"2022/10/20 08:25:00",BBTHREE2,0
D,DISPATCH,UNIT_SCADA,1,"2022/10/20 08:25:00",BBTHREE3,0
D,DISPATCH,UNIT_SCADA,1,"2022/10/20 08:25:00",BDL01,0
D,DISPATCH,UNIT_SCADA,1,"2022/10/20 08:25:00",BDL02,0
D,DISPATCH,UNIT_SCADA,1,"2022/10/20 08:25:00",BERYLSF1,4.780450
D,DISPATCH,UNIT_SCADA,1,"2022/10/20 08:25:00",BLOWERNG,62.50
D,DISPATCH,UNIT_SCADA,1,"2022/10/20 08:25:00",BLUEGSF1,27.0295
D,DISPATCH,UNIT_SCADA,1,"2022/10/20 08:25:00",BLUFF1,20.50
D,DISPATCH,UNIT_SCADA,1,"2022/10/20 08:25:00",BNGSF1,88.48
D,DISPATCH,UNIT_SCADA,1,"2022/10/20 08:25:00",BNGSF2,61.91
D,DISPATCH,UNIT_SCADA,1,"2022/10/20 08:25:00",BOCORWF1,0
D,DISPATCH,UNIT_SCADA,1,"2022/10/20 08:25:00",BODWF1,105.672650
D,DISPATCH,UNIT_SCADA,1,"2022/10/20 08:25:00",BOMENSF1,21.960170
D,DISPATCH,UNIT_SCADA,1,"2022/10/20 08:25:00",BOWWBA1G,0
D,DISPATCH,UNIT_SCADA,1,"2022/10/20 08:25:00",BOWWBA1L,0
D,DISPATCH,UNIT_SCADA,1,"2022/10/20 08:25:00",BOWWPV1,0.0010
D,DISPATCH,UNIT_SCADA,1,"2022/10/20 08:25:00",BRAEMAR1,0
D,DISPATCH,UNIT_SCADA,1,"2022/10/20 08:25:00",BRAEMAR2,0
D,DISPATCH,UNIT_SCADA,1,"2022/10/20 08:25:00",BRAEMAR3,0
D,DISPATCH,UNIT_SCADA,1,"2022/10/20 08:25:00",BRAEMAR5,0.292060
D,DISPATCH,UNIT_SCADA,1,"2022/10/20 08:25:00",BRAEMAR6,0
D,DISPATCH,UNIT_SCADA,1,"2022/10/20 08:25:00",BRAEMAR7,0.130920
D,DISPATCH,UNIT_SCADA,1,"2022/10/20 08:25:00",BROKENH1,6.4999
D,DISPATCH,UNIT_SCADA,1,"2022/10/20 08:25:00",BRYB1WF1,127.135120
D,DISPATCH,UNIT_SCADA,1,"2022/10/20 08:25:00",BULBESG1,0
D,DISPATCH,UNIT_SCADA,1,"2022/10/20 08:25:00",BULBESL1,1.59
D,DISPATCH,UNIT_SCADA,1,"2022/10/20 08:25:00",BULGANA1,12.54
D,DISPATCH,UNIT_SCADA,1,"2022/10/20 08:25:00",BW01,660.178530
D,DISPATCH,UNIT_SCADA,1,"2022/10/20 08:25:00",BW02,618.527530
D,DISPATCH,UNIT_SCADA,1,"2022/10/20 08:25:00",BW03,550.240360
D,DISPATCH,UNIT_SCADA,1,"2022/10/20 08:25:00",BW04,0
D,DISPATCH,UNIT_SCADA,1,"2022/10/20 08:25:00",CALL_B_1,320
D,DISPATCH,UNIT_SCADA,1,"2022/10/20 08:25:00",CALL_B_2,318.399990
D,DISPATCH,UNIT_SCADA,1,"2022/10/20 08:25:00",CATHROCK,0
D,DISPATCH,UNIT_SCADA,1,"2022/10/20 08:25:00",CBWWBA1G,0
D,DISPATCH,UNIT_SCADA,1,"2022/10/20 08:25:00",CBWWBA1L,0
D,DISPATCH,UNIT_SCADA,1,"2022/10/20 08:25:00",CETHANA,97.645620
D,DISPATCH,UNIT_SCADA,1,"2022/10/20 08:25:00",CG1,0
D,DISPATCH,UNIT_SCADA,1,"2022/10/20 08:25:00",CG2,0
D,DISPATCH,UNIT_SCADA,1,"2022/10/20 08:25:00",CG3,0
D,DISPATCH,UNIT_SCADA,1,"2022/10/20 08:25:00",CG4,0
D,DISPATCH,UNIT_SCADA,1,"2022/10/20 08:25:00",CHILDSF1,12.19
D,DISPATCH,UNIT_SCADA,1,"2022/10/20 08:25:00",CHYTWF1,0.73
D,DISPATCH,UNIT_SCADA,1,"2022/10/20 08:25:00",CLARESF1,73.904130
D,DISPATCH,UNIT_SCADA,1,"2022/10/20 08:25:00",CLEMGPWF,8.284030
D,DISPATCH,UNIT_SCADA,1,"2022/10/20 08:25:00",CLERMSF1,10.29
D,DISPATCH,UNIT_SCADA,1,"2022/10/20 08:25:00",CNUNDAWF,0.200230
D,DISPATCH,UNIT_SCADA,1,"2022/10/20 08:25:00",COHUNSF1,2.91
D,DISPATCH,UNIT_SCADA,1,"2022/10/20 08:25:00",COLEASF1,35.997940
D,DISPATCH,UNIT_SCADA,1,"2022/10/20 08:25:00",COLUMSF1,13.5610
D,DISPATCH,UNIT_SCADA,1,"2022/10/20 08:25:00",COLWF01,121.429760
D,DISPATCH,UNIT_SCADA,1,"2022/10/20 08:25:00",COOPGWF1,346.480010
D,DISPATCH,UNIT_SCADA,1,"2022/10/20 08:25:00",CPP_3,361.6250
D,DISPATCH,UNIT_SCADA,1,"2022/10/20 08:25:00",CPP_4,0
D,DISPATCH,UNIT_SCADA,1,"2022/10/20 08:25:00",CPSA,0
D,DISPATCH,UNIT_SCADA,1,"2022/10/20 08:25:00",CROOKWF2,42.802780
D,DISPATCH,UNIT_SCADA,1,"2022/10/20 08:25:00",CROWLWF1,28.282880
D,DISPATCH,UNIT_SCADA,1,"2022/10/20 08:25:00",CRURWF1,64.299160
D,DISPATCH,UNIT_SCADA,1,"2022/10/20 08:25:00",CRWASF1,28.381180
D,DISPATCH,UNIT_SCADA,1,"2022/10/20 08:25:00",CSPVPS1,31.7560
D,DISPATCH,UNIT_SCADA,1,"2022/10/20 08:25:00",CTHLWF1,0.003050
D,DISPATCH,UNIT_SCADA,1,"2022/10/20 08:25:00",DALNTH01,0.007630
D,DISPATCH,UNIT_SCADA,1,"2022/10/20 08:25:00",DALNTHL1,0
D,DISPATCH,UNIT_SCADA,1,"2022/10/20 08:25:00",DARLSF1,68.705330
D,DISPATCH,UNIT_SCADA,1,"2022/10/20 08:25:00",DARTM1,0
D,DISPATCH,UNIT_SCADA,1,"2022/10/20 08:25:00",DAYDSF1,140.2460
D,DISPATCH,UNIT_SCADA,1,"2022/10/20 08:25:00",DDPS1,0
D,DISPATCH,UNIT_SCADA,1,"2022/10/20 08:25:00",DDSF1,8.471550
D,DISPATCH,UNIT_SCADA,1,"2022/10/20 08:25:00",DEVILS_G,58.646810
D,DISPATCH,UNIT_SCADA,1,"2022/10/20 08:25:00",DG_NSW1,0
D,DISPATCH,UNIT_SCADA,1,"2022/10/20 08:25:00",DG_QLD1,0
D,DISPATCH,UNIT_SCADA,1,"2022/10/20 08:25:00",DG_SA1,0
D,DISPATCH,UNIT_SCADA,1,"2022/10/20 08:25:00",DG_TAS1,0
D,DISPATCH,UNIT_SCADA,1,"2022/10/20 08:25:00",DG_VIC1,0
D,DISPATCH,UNIT_SCADA,1,"2022/10/20 08:25:00",DRYCGT1,0
D,DISPATCH,UNIT_SCADA,1,"2022/10/20 08:25:00",DRYCGT2,0
D,DISPATCH,UNIT_SCADA,1,"2022/10/20 08:25:00",DRYCGT3,0
D,DISPATCH,UNIT_SCADA,1,"2022/10/20 08:25:00",DUNDWF1,73.77
D,DISPATCH,UNIT_SCADA,1,"2022/10/20 08:25:00",DUNDWF2,19.85
D,DISPATCH,UNIT_SCADA,1,"2022/10/20 08:25:00",DUNDWF3,67.24
D,DISPATCH,UNIT_SCADA,1,"2022/10/20 08:25:00",EILDON1,59.56
D,DISPATCH,UNIT_SCADA,1,"2022/10/20 08:25:00",EILDON2,59.92
D,DISPATCH,UNIT_SCADA,1,"2022/10/20 08:25:00",ELAINWF1,13.03
D,DISPATCH,UNIT_SCADA,1,"2022/10/20 08:25:00",EMERASF1,0
D,DISPATCH,UNIT_SCADA,1,"2022/10/20 08:25:00",ER01,0
D,DISPATCH,UNIT_SCADA,1,"2022/10/20 08:25:00",ER02,567.745480
D,DISPATCH,UNIT_SCADA,1,"2022/10/20 08:25:00",ER03,566.085330
D,DISPATCH,UNIT_SCADA,1,"2022/10/20 08:25:00",ER04,567.061890
D,DISPATCH,UNIT_SCADA,1,"2022/10/20 08:25:00",FINLYSF1,117.204540
D,DISPATCH,UNIT_SCADA,1,"2022/10/20 08:25:00",FISHER,43.94
D,DISPATCH,UNIT_SCADA,1,"2022/10/20 08:25:00",GANGARR1,15.6470
D,DISPATCH,UNIT_SCADA,1,"2022/10/20 08:25:00",GANNBG1,0.029450
D,DISPATCH,UNIT_SCADA,1,"2022/10/20 08:25:00",GANNBL1,0
D,DISPATCH,UNIT_SCADA,1,"2022/10/20 08:25:00",GANNSF1,28.10
D,DISPATCH,UNIT_SCADA,1,"2022/10/20 08:25:00",GLRWNSF1,110.01
D,DISPATCH,UNIT_SCADA,1,"2022/10/20 08:25:00",GNNDHSF1,54.113750
D,DISPATCH,UNIT_SCADA,1,"2022/10/20 08:25:00",GOONSF1,45.163040
D,DISPATCH,UNIT_SCADA,1,"2022/10/20 08:25:00",GORDON,235.793760
D,DISPATCH,UNIT_SCADA,1,"2022/10/20 08:25:00",GRANWF1,2.02
D,DISPATCH,UNIT_SCADA,1,"2022/10/20 08:25:00",GSTONE1,188.30
D,DISPATCH,UNIT_SCADA,1,"2022/10/20 08:25:00",GSTONE2,0
D,DISPATCH,UNIT_SCADA,1,"2022/10/20 08:25:00",GSTONE3,184.6250
D,DISPATCH,UNIT_SCADA,1,"2022/10/20 08:25:00",GSTONE4,0
D,DISPATCH,UNIT_SCADA,1,"2022/10/20 08:25:00",GSTONE5,197.9250
D,DISPATCH,UNIT_SCADA,1,"2022/10/20 08:25:00",GSTONE6,197.5750
D,DISPATCH,UNIT_SCADA,1,"2022/10/20 08:25:00",GULLRSF1,0.684990
D,DISPATCH,UNIT_SCADA,1,"2022/10/20 08:25:00",GULLRWF1,63.364040
D,DISPATCH,UNIT_SCADA,1,"2022/10/20 08:25:00",GULLRWF2,98.644080
D,DISPATCH,UNIT_SCADA,1,"2022/10/20 08:25:00",GUNNING1,0
D,DISPATCH,UNIT_SCADA,1,"2022/10/20 08:25:00",GUTHEGA,67.600010
D,DISPATCH,UNIT_SCADA,1,"2022/10/20 08:25:00",HALLWF1,43.14
D,DISPATCH,UNIT_SCADA,1,"2022/10/20 08:25:00",HALLWF2,55.77
D,DISPATCH,UNIT_SCADA,1,"2022/10/20 08:25:00",HAMISF1,41.60
D,DISPATCH,UNIT_SCADA,1,"2022/10/20 08:25:00",HAUGHT11,15.729150
D,DISPATCH,UNIT_SCADA,1,"2022/10/20 08:25:00",HAYMSF1,47.5750
D,DISPATCH,UNIT_SCADA,1,"2022/10/20 08:25:00",HDWF1,64.90
D,DISPATCH,UNIT_SCADA,1,"2022/10/20 08:25:00",HDWF2,35.40
D,DISPATCH,UNIT_SCADA,1,"2022/10/20 08:25:00",HDWF3,59.90
D,DISPATCH,UNIT_SCADA,1,"2022/10/20 08:25:00",HILLSTN1,15.932930
D,DISPATCH,UNIT_SCADA,1,"2022/10/20 08:25:00",HPRG1,1
D,DISPATCH,UNIT_SCADA,1,"2022/10/20 08:25:00",HPRL1,0
D,DISPATCH,UNIT_SCADA,1,"2022/10/20 08:25:00",HUMENSW,54.902820
D,DISPATCH,UNIT_SCADA,1,"2022/10/20 08:25:00",HUMEV,0
D,DISPATCH,UNIT_SCADA,1,"2022/10/20 08:25:00",HVWWBA1G,0
D,DISPATCH,UNIT_SCADA,1,"2022/10/20 08:25:00",HVWWBA1L,0.0060
D,DISPATCH,UNIT_SCADA,1,"2022/10/20 08:25:00",HVWWPV1,0.0190
D,DISPATCH,UNIT_SCADA,1,"2022/10/20 08:25:00",JBUTTERS,0
D,DISPATCH,UNIT_SCADA,1,"2022/10/20 08:25:00",JEMALNG1,5.36
D,DISPATCH,UNIT_SCADA,1,"2022/10/20 08:25:00",JLA01,0
D,DISPATCH,UNIT_SCADA,1,"2022/10/20 08:25:00",JLA02,0
D,DISPATCH,UNIT_SCADA,1,"2022/10/20 08:25:00",JLA03,0
D,DISPATCH,UNIT_SCADA,1,"2022/10/20 08:25:00",JLA04,0
D,DISPATCH,UNIT_SCADA,1,"2022/10/20 08:25:00",JLB01,0
D,DISPATCH,UNIT_SCADA,1,"2022/10/20 08:25:00",JLB02,0.10
D,DISPATCH,UNIT_SCADA,1,"2022/10/20 08:25:00",JLB03,0
D,DISPATCH,UNIT_SCADA,1,"2022/10/20 08:25:00",JUNEESF1,2.796420
D,DISPATCH,UNIT_SCADA,1,"2022/10/20 08:25:00",KABANWF1,0.4090
D,DISPATCH,UNIT_SCADA,1,"2022/10/20 08:25:00",KAREEYA1,0
D,DISPATCH,UNIT_SCADA,1,"2022/10/20 08:25:00",KAREEYA2,0
D,DISPATCH,UNIT_SCADA,1,"2022/10/20 08:25:00",KAREEYA3,4.95
D,DISPATCH,UNIT_SCADA,1,"2022/10/20 08:25:00",KAREEYA4,0
D,DISPATCH,UNIT_SCADA,1,"2022/10/20 08:25:00",KARSF1,21.30
D,DISPATCH,UNIT_SCADA,1,"2022/10/20 08:25:00",KEPSF1,12.34
D,DISPATCH,UNIT_SCADA,1,"2022/10/20 08:25:00",KEPWF1,0
D,DISPATCH,UNIT_SCADA,1,"2022/10/20 08:25:00",KIAMSF1,6.198980
D,DISPATCH,UNIT_SCADA,1,"2022/10/20 08:25:00",KIATAWF1,19.70
D,DISPATCH,UNIT_SCADA,1,"2022/10/20 08:25:00",KPP_1,0
D,DISPATCH,UNIT_SCADA,1,"2022/10/20 08:25:00",KSP1,30.28
D,DISPATCH,UNIT_SCADA,1,"2022/10/20 08:25:00",LADBROK1,0.01
D,DISPATCH,UNIT_SCADA,1,"2022/10/20 08:25:00",LADBROK2,38.09
D,DISPATCH,UNIT_SCADA,1,"2022/10/20 08:25:00",LBBG1,0
D,DISPATCH,UNIT_SCADA,1,"2022/10/20 08:25:00",LBBL1,10.95
D,DISPATCH,UNIT_SCADA,1,"2022/10/20 08:25:00",LD01,318.942840
D,DISPATCH,UNIT_SCADA,1,"2022/10/20 08:25:00",LD02,0
D,DISPATCH,UNIT_SCADA,1,"2022/10/20 08:25:00",LD04,319.821780
D,DISPATCH,UNIT_SCADA,1,"2022/10/20 08:25:00",LEM_WIL,87.048750
D,DISPATCH,UNIT_SCADA,1,"2022/10/20 08:25:00",LGAPWF1,20.14
D,DISPATCH,UNIT_SCADA,1,"2022/10/20 08:25:00",LGAPWF2,14.95
D,DISPATCH,UNIT_SCADA,1,"2022/10/20 08:25:00",LILYSF1,0
D,DISPATCH,UNIT_SCADA,1,"2022/10/20 08:25:00",LIMOSF11,18.032040
D,DISPATCH,UNIT_SCADA,1,"2022/10/20 08:25:00",LIMOSF21,2.794020
D,DISPATCH,UNIT_SCADA,1,"2022/10/20 08:25:00",LI_WY_CA,77.176910
D,DISPATCH,UNIT_SCADA,1,"2022/10/20 08:25:00",LKBONNY1,0
D,DISPATCH,UNIT_SCADA,1,"2022/10/20 08:25:00",LKBONNY2,0.033140
D,DISPATCH,UNIT_SCADA,1,"2022/10/20 08:25:00",LKBONNY3,0
D,DISPATCH,UNIT_SCADA,1,"2022/10/20 08:25:00",LK_ECHO,0
D,DISPATCH,UNIT_SCADA,1,"2022/10/20 08:25:00",LNGS1,0
D,DISPATCH,UNIT_SCADA,1,"2022/10/20 08:25:00",LNGS2,0
D,DISPATCH,UNIT_SCADA,1,"2022/10/20 08:25:00",LONSDALE,0
D,DISPATCH,UNIT_SCADA,1,"2022/10/20 08:25:00",LOYYB1,537.592410
D,DISPATCH,UNIT_SCADA,1,"2022/10/20 08:25:00",LOYYB2,544.3595
D,DISPATCH,UNIT_SCADA,1,"2022/10/20 08:25:00",LYA1,526
D,DISPATCH,UNIT_SCADA,1,"2022/10/20 08:25:00",LYA2,0
D,DISPATCH,UNIT_SCADA,1,"2022/10/20 08:25:00",LYA3,526
D,DISPATCH,UNIT_SCADA,1,"2022/10/20 08:25:00",LYA4,526
D,DISPATCH,UNIT_SCADA,1,"2022/10/20 08:25:00",MACARTH1,23.199460
D,DISPATCH,UNIT_SCADA,1,"2022/10/20 08:25:00",MACKNTSH,0
D,DISPATCH,UNIT_SCADA,1,"2022/10/20 08:25:00",MANSLR1,4.4410
D,DISPATCH,UNIT_SCADA,1,"2022/10/20 08:25:00",MAPS2PV1,0
D,DISPATCH,UNIT_SCADA,1,"2022/10/20 08:25:00",MAPS3PV1,0
D,DISPATCH,UNIT_SCADA,1,"2022/10/20 08:25:00",MARYRSF1,15.33
D,DISPATCH,UNIT_SCADA,1,"2022/10/20 08:25:00",MBPS2PV1,0
D,DISPATCH,UNIT_SCADA,1,"2022/10/20 08:25:00",MCKAY1,0.02
D,DISPATCH,UNIT_SCADA,1,"2022/10/20 08:25:00",MEADOWBK,20.0060
D,DISPATCH,UNIT_SCADA,1,"2022/10/20 08:25:00",MERCER01,25.30
D,DISPATCH,UNIT_SCADA,1,"2022/10/20 08:25:00",METZSF1,17.1434
D,DISPATCH,UNIT_SCADA,1,"2022/10/20 08:25:00",MEWF1,0
D,DISPATCH,UNIT_SCADA,1,"2022/10/20 08:25:00",MIDDLSF1,5.82
D,DISPATCH,UNIT_SCADA,1,"2022/10/20 08:25:00",MINTARO,0.128180
D,DISPATCH,UNIT_SCADA,1,"2022/10/20 08:25:00",MOLNGSF1,4.908520
D,DISPATCH,UNIT_SCADA,1,"2022/10/20 08:25:00",MOORAWF1,24.82
D,DISPATCH,UNIT_SCADA,1,"2022/10/20 08:25:00",MOREESF1,0.6660
D,DISPATCH,UNIT_SCADA,1,"2022/10/20 08:25:00",MORTLK11,0
D,DISPATCH,UNIT_SCADA,1,"2022/10/20 08:25:00",MORTLK12,0
D,DISPATCH,UNIT_SCADA,1,"2022/10/20 08:25:00",MOUSF1,0
D,DISPATCH,UNIT_SCADA,1,"2022/10/20 08:25:00",MP1,0
D,DISPATCH,UNIT_SCADA,1,"2022/10/20 08:25:00",MP2,351.360350
D,DISPATCH,UNIT_SCADA,1,"2022/10/20 08:25:00",MPP_1,176.840030
D,DISPATCH,UNIT_SCADA,1,"2022/10/20 08:25:00",MPP_2,75.869240
D,DISPATCH,UNIT_SCADA,1,"2022/10/20 08:25:00",MRTLSWF1,0
D,DISPATCH,UNIT_SCADA,1,"2022/10/20 08:25:00",MSTUART1,0
D,DISPATCH,UNIT_SCADA,1,"2022/10/20 08:25:00",MSTUART2,0
D,DISPATCH,UNIT_SCADA,1,"2022/10/20 08:25:00",MSTUART3,0
D,DISPATCH,UNIT_SCADA,1,"2022/10/20 08:25:00",MTGELWF1,50.642410
D,DISPATCH,UNIT_SCADA,1,"2022/10/20 08:25:00",MTMILLAR,1.40
D,DISPATCH,UNIT_SCADA,1,"2022/10/20 08:25:00",MURRAY,0
D,DISPATCH,UNIT_SCADA,1,"2022/10/20 08:25:00",MUSSELR1,93.20
D,DISPATCH,UNIT_SCADA,1,"2022/10/20 08:25:00",MUWAWF1,101.08
D,DISPATCH,UNIT_SCADA,1,"2022/10/20 08:25:00",MUWAWF2,88.20
D,DISPATCH,UNIT_SCADA,1,"2022/10/20 08:25:00",MWPS1PV1,0.13
D,DISPATCH,UNIT_SCADA,1,"2022/10/20 08:25:00",MWPS2PV1,0.26
D,DISPATCH,UNIT_SCADA,1,"2022/10/20 08:25:00",MWPS3PV1,0
D,DISPATCH,UNIT_SCADA,1,"2022/10/20 08:25:00",MWPS4PV1,0.01
D,DISPATCH,UNIT_SCADA,1,"2022/10/20 08:25:00",NBHWF1,77.80
D,DISPATCH,UNIT_SCADA,1,"2022/10/20 08:25:00",NEVERSF1,2.62
D,DISPATCH,UNIT_SCADA,1,"2022/10/20 08:25:00",NPS,0
D,DISPATCH,UNIT_SCADA,1,"2022/10/20 08:25:00",NUMURSF1,92.07
D,DISPATCH,UNIT_SCADA,1,"2022/10/20 08:25:00",NYNGAN1,8.75
D,DISPATCH,UNIT_SCADA,1,"2022/10/20 08:25:00",OAKEY1,0
D,DISPATCH,UNIT_SCADA,1,"2022/10/20 08:25:00",OAKEY1SF,12.36
D,DISPATCH,UNIT_SCADA,1,"2022/10/20 08:25:00",OAKEY2,0
D,DISPATCH,UNIT_SCADA,1,"2022/10/20 08:25:00",OAKEY2SF,16.03
D,DISPATCH,UNIT_SCADA,1,"2022/10/20 08:25:00",OAKLAND1,4.80
D,DISPATCH,UNIT_SCADA,1,"2022/10/20 08:25:00",OSB-AG,0
D,DISPATCH,UNIT_SCADA,1,"2022/10/20 08:25:00",PAREPS1,0.0660
D,DISPATCH,UNIT_SCADA,1,"2022/10/20 08:25:00",PAREPW1,99.87
D,DISPATCH,UNIT_SCADA,1,"2022/10/20 08:25:00",PARSF1,40.199890
D,DISPATCH,UNIT_SCADA,1,"2022/10/20 08:25:00",POAT110,0
D,DISPATCH,UNIT_SCADA,1,"2022/10/20 08:25:00",POAT220,0
D,DISPATCH,UNIT_SCADA,1,"2022/10/20 08:25:00",POR01,0
D,DISPATCH,UNIT_SCADA,1,"2022/10/20 08:25:00",POR03,0
D,DISPATCH,UNIT_SCADA,1,"2022/10/20 08:25:00",PPCCGT,173.552120
D,DISPATCH,UNIT_SCADA,1,"2022/10/20 08:25:00",PTSTAN1,0
D,DISPATCH,UNIT_SCADA,1,"2022/10/20 08:25:00",PUMP1,0
D,DISPATCH,UNIT_SCADA,1,"2022/10/20 08:25:00",PUMP2,0
D,DISPATCH,UNIT_SCADA,1,"2022/10/20 08:25:00",QBYNBG1,0
D,DISPATCH,UNIT_SCADA,1,"2022/10/20 08:25:00",QBYNBL1,0.0035
D,DISPATCH,UNIT_SCADA,1,"2022/10/20 08:25:00",QPS1,0
D,DISPATCH,UNIT_SCADA,1,"2022/10/20 08:25:00",QPS2,0
D,DISPATCH,UNIT_SCADA,1,"2022/10/20 08:25:00",QPS3,0
D,DISPATCH,UNIT_SCADA,1,"2022/10/20 08:25:00",QPS4,0
D,DISPATCH,UNIT_SCADA,1,"2022/10/20 08:25:00",QPS5,76.83
D,DISPATCH,UNIT_SCADA,1,"2022/10/20 08:25:00",REECE1,48.810080
D,DISPATCH,UNIT_SCADA,1,"2022/10/20 08:25:00",REECE2,0
D,DISPATCH,UNIT_SCADA,1,"2022/10/20 08:25:00",ROMA_7,0
D,DISPATCH,UNIT_SCADA,1,"2022/10/20 08:25:00",ROMA_8,0
D,DISPATCH,UNIT_SCADA,1,"2022/10/20 08:25:00",RRSF1,80.020410
D,DISPATCH,UNIT_SCADA,1,"2022/10/20 08:25:00",RT_NSW1,0
D,DISPATCH,UNIT_SCADA,1,"2022/10/20 08:25:00",RT_NSW2,0
D,DISPATCH,UNIT_SCADA,1,"2022/10/20 08:25:00",RT_NSW3,0
D,DISPATCH,UNIT_SCADA,1,"2022/10/20 08:25:00",RT_NSW4,0
D,DISPATCH,UNIT_SCADA,1,"2022/10/20 08:25:00",RT_NSW5,0
D,DISPATCH,UNIT_SCADA,1,"2022/10/20 08:25:00",RT_NSW6,0
D,DISPATCH,UNIT_SCADA,1,"2022/10/20 08:25:00",RT_QLD1,0
D,DISPATCH,UNIT_SCADA,1,"2022/10/20 08:25:00",RT_SA1,0
D,DISPATCH,UNIT_SCADA,1,"2022/10/20 08:25:00",RT_SA2,0
D,DISPATCH,UNIT_SCADA,1,"2022/10/20 08:25:00",RT_SA3,0
D,DISPATCH,UNIT_SCADA,1,"2022/10/20 08:25:00",RT_SA4,0
D,DISPATCH,UNIT_SCADA,1,"2022/10/20 08:25:00",RT_SA5,0
D,DISPATCH,UNIT_SCADA,1,"2022/10/20 08:25:00",RT_SA6,0
D,DISPATCH,UNIT_SCADA,1,"2022/10/20 08:25:00",RT_TAS1,0
D,DISPATCH,UNIT_SCADA,1,"2022/10/20 08:25:00",RT_VIC1,0
D,DISPATCH,UNIT_SCADA,1,"2022/10/20 08:25:00",RT_VIC10,0
D,DISPATCH,UNIT_SCADA,1,"2022/10/20 08:25:00",RT_VIC11,0
D,DISPATCH,UNIT_SCADA,1,"2022/10/20 08:25:00",RT_VIC12,0
D,DISPATCH,UNIT_SCADA,1,"2022/10/20 08:25:00",RT_VIC2,0
D,DISPATCH,UNIT_SCADA,1,"2022/10/20 08:25:00",RT_VIC3,0
D,DISPATCH,UNIT_SCADA,1,"2022/10/20 08:25:00",RT_VIC4,0
D,DISPATCH,UNIT_SCADA,1,"2022/10/20 08:25:00",RT_VIC5,0
D,DISPATCH,UNIT_SCADA,1,"2022/10/20 08:25:00",RT_VIC6,0
D,DISPATCH,UNIT_SCADA,1,"2022/10/20 08:25:00",RT_VIC7,0
D,DISPATCH,UNIT_SCADA,1,"2022/10/20 08:25:00",RT_VIC8,0
D,DISPATCH,UNIT_SCADA,1,"2022/10/20 08:25:00",RT_VIC9,0
D,DISPATCH,UNIT_SCADA,1,"2022/10/20 08:25:00",RUGBYR1,2.713340
D,DISPATCH,UNIT_SCADA,1,"2022/10/20 08:25:00",SALTCRK1,35.59
D,DISPATCH,UNIT_SCADA,1,"2022/10/20 08:25:00",SAPHWF1,214.387730
D,DISPATCH,UNIT_SCADA,1,"2022/10/20 08:25:00",SEBSF1,37.707330
D,DISPATCH,UNIT_SCADA,1,"2022/10/20 08:25:00",SHGEN,0
D,DISPATCH,UNIT_SCADA,1,"2022/10/20 08:25:00",SHPUMP,0
D,DISPATCH,UNIT_SCADA,1,"2022/10/20 08:25:00",SITHE01,0.2041
D,DISPATCH,UNIT_SCADA,1,"2022/10/20 08:25:00",SMCSF1,37.1130
D,DISPATCH,UNIT_SCADA,1,"2022/10/20 08:25:00",SNAPPER1,0
D,DISPATCH,UNIT_SCADA,1,"2022/10/20 08:25:00",SNOWNTH1,123.30
D,DISPATCH,UNIT_SCADA,1,"2022/10/20 08:25:00",SNOWSTH1,102.600010
D,DISPATCH,UNIT_SCADA,1,"2022/10/20 08:25:00",SNOWTWN1,0
D,DISPATCH,UNIT_SCADA,1,"2022/10/20 08:25:00",SNOWYP,0
D,DISPATCH,UNIT_SCADA,1,"2022/10/20 08:25:00",SNUG1,0
D,DISPATCH,UNIT_SCADA,1,"2022/10/20 08:25:00",SRSF1,5.33
D,DISPATCH,UNIT_SCADA,1,"2022/10/20 08:25:00",STAN-1,281.594240
D,DISPATCH,UNIT_SCADA,1,"2022/10/20 08:25:00",STAN-2,366.050720
D,DISPATCH,UNIT_SCADA,1,"2022/10/20 08:25:00",STAN-3,155.825990
D,DISPATCH,UNIT_SCADA,1,"2022/10/20 08:25:00",STAN-4,364.743320
D,DISPATCH,UNIT_SCADA,1,"2022/10/20 08:25:00",STARHLWF,0.01
D,DISPATCH,UNIT_SCADA,1,"2022/10/20 08:25:00",STOCKYD1,82.92
D,DISPATCH,UNIT_SCADA,1,"2022/10/20 08:25:00",STWF1,21.308310
D,DISPATCH,UNIT_SCADA,1,"2022/10/20 08:25:00",SUNRSF1,4.756240
D,DISPATCH,UNIT_SCADA,1,"2022/10/20 08:25:00",SUNTPSF1,63.528190
D,DISPATCH,UNIT_SCADA,1,"2022/10/20 08:25:00",SWAN_E,195.804370
D,DISPATCH,UNIT_SCADA,1,"2022/10/20 08:25:00",TALWA1,0
D,DISPATCH,UNIT_SCADA,1,"2022/10/20 08:25:00",TARALGA1,0
D,DISPATCH,UNIT_SCADA,1,"2022/10/20 08:25:00",TARONG#1,350
D,DISPATCH,UNIT_SCADA,1,"2022/10/20 08:25:00",TARONG#2,350
D,DISPATCH,UNIT_SCADA,1,"2022/10/20 08:25:00",TARONG#3,0.90
D,DISPATCH,UNIT_SCADA,1,"2022/10/20 08:25:00",TARONG#4,295.50
D,DISPATCH,UNIT_SCADA,1,"2022/10/20 08:25:00",TARRALEA,54
D,DISPATCH,UNIT_SCADA,1,"2022/10/20 08:25:00",TBSF1,17.10
D,DISPATCH,UNIT_SCADA,1,"2022/10/20 08:25:00",TNPS1,441.25
D,DISPATCH,UNIT_SCADA,1,"2022/10/20 08:25:00",TORRB1,0
D,DISPATCH,UNIT_SCADA,1,"2022/10/20 08:25:00",TORRB2,41
D,DISPATCH,UNIT_SCADA,1,"2022/10/20 08:25:00",TORRB3,0
D,DISPATCH,UNIT_SCADA,1,"2022/10/20 08:25:00",TORRB4,0
D,DISPATCH,UNIT_SCADA,1,"2022/10/20 08:25:00",TREVALLN,98.095210
D,DISPATCH,UNIT_SCADA,1,"2022/10/20 08:25:00",TRIBUTE,0
D,DISPATCH,UNIT_SCADA,1,"2022/10/20 08:25:00",TUMUT3,0
D,DISPATCH,UNIT_SCADA,1,"2022/10/20 08:25:00",TUNGATIN,5.000020
D,DISPATCH,UNIT_SCADA,1,"2022/10/20 08:25:00",TVCC201,0
D,DISPATCH,UNIT_SCADA,1,"2022/10/20 08:25:00",TVPP104,39.990190
D,DISPATCH,UNIT_SCADA,1,"2022/10/20 08:25:00",UPPTUMUT,0
D,DISPATCH,UNIT_SCADA,1,"2022/10/20 08:25:00",URANQ11,0
D,DISPATCH,UNIT_SCADA,1,"2022/10/20 08:25:00",URANQ12,0
D,DISPATCH,UNIT_SCADA,1,"2022/10/20 08:25:00",URANQ13,0
D,DISPATCH,UNIT_SCADA,1,"2022/10/20 08:25:00",URANQ14,0
D,DISPATCH,UNIT_SCADA,1,"2022/10/20 08:25:00",VBBG1,4.60
D,DISPATCH,UNIT_SCADA,1,"2022/10/20 08:25:00",VBBL1,0
D,DISPATCH,UNIT_SCADA,1,"2022/10/20 08:25:00",VP5,498.9166
D,DISPATCH,UNIT_SCADA,1,"2022/10/20 08:25:00",VP6,448.3291
D,DISPATCH,UNIT_SCADA,1,"2022/10/20 08:25:00",VPGS1,0
D,DISPATCH,UNIT_SCADA,1,"2022/10/20 08:25:00",VPGS2,0
D,DISPATCH,UNIT_SCADA,1,"2022/10/20 08:25:00",VPGS3,0
D,DISPATCH,UNIT_SCADA,1,"2022/10/20 08:25:00",VPGS4,0
D,DISPATCH,UNIT_SCADA,1,"2022/10/20 08:25:00",VPGS5,0
D,DISPATCH,UNIT_SCADA,1,"2022/10/20 08:25:00",VPGS6,0
D,DISPATCH,UNIT_SCADA,1,"2022/10/20 08:25:00",W/HOE#1,0
D,DISPATCH,UNIT_SCADA,1,"2022/10/20 08:25:00",W/HOE#2,0
D,DISPATCH,UNIT_SCADA,1,"2022/10/20 08:25:00",WAGGNSF1,0
D,DISPATCH,UNIT_SCADA,1,"2022/10/20 08:25:00",WALGRVG1,0
D,DISPATCH,UNIT_SCADA,1,"2022/10/20 08:25:00",WALGRVL1,3.361120
D,DISPATCH,UNIT_SCADA,1,"2022/10/20 08:25:00",WANDBG1,0
D,DISPATCH,UNIT_SCADA,1,"2022/10/20 08:25:00",WANDBL1,0
D,DISPATCH,UNIT_SCADA,1,"2022/10/20 08:25:00",WARWSF1,11.65
D,DISPATCH,UNIT_SCADA,1,"2022/10/20 08:25:00",WARWSF2,12.45
D,DISPATCH,UNIT_SCADA,1,"2022/10/20 08:25:00",WATERLWF,21.50
D,DISPATCH,UNIT_SCADA,1,"2022/10/20 08:25:00",WDGPH1,38.2940
D,DISPATCH,UNIT_SCADA,1,"2022/10/20 08:25:00",WELLSF1,21.915010
D,DISPATCH,UNIT_SCADA,1,"2022/10/20 08:25:00",WEMENSF1,31
D,DISPATCH,UNIT_SCADA,1,"2022/10/20 08:25:00",WGWF1,111.20
D,DISPATCH,UNIT_SCADA,1,"2022/10/20 08:25:00",WHITSF1,54.40
D,DISPATCH,UNIT_SCADA,1,"2022/10/20 08:25:00",WINTSF1,83.71
D,DISPATCH,UNIT_SCADA,1,"2022/10/20 08:25:00",WKIEWA1,34.10
D,DISPATCH,UNIT_SCADA,1,"2022/10/20 08:25:00",WKIEWA2,34
D,DISPATCH,UNIT_SCADA,1,"2022/10/20 08:25:00",WOODLWN1,23.128770
D,DISPATCH,UNIT_SCADA,1,"2022/10/20 08:25:00",WOOLGSF1,11.555330
D,DISPATCH,UNIT_SCADA,1,"2022/10/20 08:25:00",WPWF,52.50
D,DISPATCH,UNIT_SCADA,1,"2022/10/20 08:25:00",WRSF1,1.049840
D,DISPATCH,UNIT_SCADA,1,"2022/10/20 08:25:00",WRWF1,32.238650
D,DISPATCH,UNIT_SCADA,1,"2022/10/20 08:25:00",WSTWYSF1,0
D,DISPATCH,UNIT_SCADA,1,"2022/10/20 08:25:00",YABULU,0
D,DISPATCH,UNIT_SCADA,1,"2022/10/20 08:25:00",YABULU2,0
D,DISPATCH,UNIT_SCADA,1,"2022/10/20 08:25:00",YARANSF1,66.75
D,DISPATCH,UNIT_SCADA,1,"2022/10/20 08:25:00",YARWUN_1,130.709990
D,DISPATCH,UNIT_SCADA,1,"2022/10/20 08:25:00",YATSF1,11.15
D,DISPATCH,UNIT_SCADA,1,"2022/10/20 08:25:00",YENDWF1,21.20
D,DISPATCH,UNIT_SCADA,1,"2022/10/20 08:25:00",YWPS1,363.407590
D,DISPATCH,UNIT_SCADA,1,"2022/10/20 08:25:00",YWPS2,286.713930
D,DISPATCH,UNIT_SCADA,1,"2022/10/20 08:25:00",YWPS3,356.283540
D,DISPATCH,UNIT_SCADA,1,"2022/10/20 08:25:00",YWPS4,0
C,"END OF REPORT",419
