C,NEMP.WORLD,DISPATCHSCADA,AEMO,PUBLIC,2022/10/20,14:35:09,0000000373261184,DISPATCHSCADA,0000000373261178
I,DISPATCH,UNIT_SCADA,1,SETTLEMENTDATE,DUID,SCADAVALUE
D,DISPATCH,UNIT_SCADA,1,"2022/10/20 14:40:00",BARCSF1,1.70
D,DISPATCH,UNIT_SCADA,1,"2022/10/20 14:40:00",BUTLERSG,8.699999
D,DISPATCH,UNIT_SCADA,1,"2022/10/20 14:40:00",CAPTL_WF,74.317535
D,DISPATCH,UNIT_SCADA,1,"2022/10/20 14:40:00",CHALLHWF,9.60
D,DISPATCH,UNIT_SCADA,1,"2022/10/20 14:40:00",CLOVER,10.51
D,DISPATCH,UNIT_SCADA,1,"2022/10/20 14:40:00",CLUNY,6.157473
D,DISPATCH,UNIT_SCADA,1,"2022/10/20 14:40:00",CULLRGWF,-0.03
D,DISPATCH,UNIT_SCADA,1,"2022/10/20 14:40:00",DIAPURWF1,6.80
D,DISPATCH,UNIT_SCADA,1,"2022/10/20 14:40:00",ERGT01,0
D,DISPATCH,UNIT_SCADA,1,"2022/10/20 14:40:00",GB01,0
D,DISPATCH,UNIT_SCADA,1,"2022/10/20 14:40:00",GERMCRK,21.700001
D,DISPATCH,UNIT_SCADA,1,"2022/10/20 14:40:00",GRIFSF1,8.299382
D,DISPATCH,UNIT_SCADA,1,"2022/10/20 14:40:00",HEZ1,0
D,DISPATCH,UNIT_SCADA,1,"2022/10/20 14:40:00",HUGSF1,7.7610
D,DISPATCH,UNIT_SCADA,1,"2022/10/20 14:40:00",KEPBG1,0
D,DISPATCH,UNIT_SCADA,1,"2022/10/20 14:40:00",LRSF1,9.426001
D,DISPATCH,UNIT_SCADA,1,"2022/10/20 14:40:00",MBAHNTH,43.162506
D,DISPATCH,UNIT_SCADA,1,"2022/10/20 14:40:00",MLSP1,2.753001
D,DISPATCH,UNIT_SCADA,1,"2022/10/20 14:40:00",MLWF1,4.3950
D,DISPATCH,UNIT_SCADA,1,"2022/10/20 14:40:00",PALOONA,30.059999
D,DISPATCH,UNIT_SCADA,1,"2022/10/20 14:40:00",PIONEER,42.700001
D,DISPATCH,UNIT_SCADA,1,"2022/10/20 14:40:00",PORTWF,55.900002
D,DISPATCH,UNIT_SCADA,1,"2022/10/20 14:40:00",REPULSE,9.441672
D,DISPATCH,UNIT_SCADA,1,"2022/10/20 14:40:00",ROWALLAN,8.8821
D,DISPATCH,UNIT_SCADA,1,"2022/10/20 14:40:00",ROYALLA1,6.208003
D,DISPATCH,UNIT_SCADA,1,"2022/10/20 14:40:00",RPCG,-1.80
D,DISPATCH,UNIT_SCADA,1,"2022/10/20 14:40:00",RUBICON,0
D,DISPATCH,UNIT_SCADA,1,"2022/10/20 14:40:00",WAUBRAWF,64.085999
D,DISPATCH,UNIT_SCADA,1,"2022/10/20 14:40:00",WOOLNTH1,94.789993
D,DISPATCH,UNIT_SCADA,1,"2022/10/20 14:40:00",YAMBUKWF,6.40
D,DISPATCH,UNIT_SCADA,1,"2022/10/20 14:40:00",YSWF1,1.80
D,DISPATCH,UNIT_SCADA,1,"2022/10/20 14:40:00",ADPBA1G,0.0080
D,DISPATCH,UNIT_SCADA,1,"2022/10/20 14:40:00",ADPBA1L,0
D,DISPATCH,UNIT_SCADA,1,"2022/10/20 14:40:00",ADPPV1,8.78
D,DISPATCH,UNIT_SCADA,1,"2022/10/20 14:40:00",AGLHAL,15.945930
D,DISPATCH,UNIT_SCADA,1,"2022/10/20 14:40:00",AGLSOM,0
D,DISPATCH,UNIT_SCADA,1,"2022/10/20 14:40:00",ANGAST1,-0.10
D,DISPATCH,UNIT_SCADA,1,"2022/10/20 14:40:00",ARWF1,7.10
D,DISPATCH,UNIT_SCADA,1,"2022/10/20 14:40:00",BALBG1,0
D,DISPATCH,UNIT_SCADA,1,"2022/10/20 14:40:00",BALBL1,0
D,DISPATCH,UNIT_SCADA,1,"2022/10/20 14:40:00",BALDHWF1,83.3660
D,DISPATCH,UNIT_SCADA,1,"2022/10/20 14:40:00",BANGOWF1,20.198060
D,DISPATCH,UNIT_SCADA,1,"2022/10/20 14:40:00",BANGOWF2,0
D,DISPATCH,UNIT_SCADA,1,"2022/10/20 14:40:00",BANN1,14.45
D,DISPATCH,UNIT_SCADA,1,"2022/10/20 14:40:00",BARCALDN,0
D,DISPATCH,UNIT_SCADA,1,"2022/10/20 14:40:00",BARKIPS1,0
D,DISPATCH,UNIT_SCADA,1,"2022/10/20 14:40:00",BARRON-1,15.84
D,DISPATCH,UNIT_SCADA,1,"2022/10/20 14:40:00",BARRON-2,0
D,DISPATCH,UNIT_SCADA,1,"2022/10/20 14:40:00",BASTYAN,51.32
D,DISPATCH,UNIT_SCADA,1,"2022/10/20 14:40:00",BBTHREE1,0
D,DISPATCH,UNIT_SCADA,1,"2022/10/20 14:40:00",BBTHREE2,21.43
D,DISPATCH,UNIT_SCADA,1,"2022/10/20 14:40:00",BBTHREE3,-1.03
D,DISPATCH,UNIT_SCADA,1,"2022/10/20 14:40:00",BDL01,0
D,DISPATCH,UNIT_SCADA,1,"2022/10/20 14:40:00",BDL02,0
D,DISPATCH,UNIT_SCADA,1,"2022/10/20 14:40:00",BERYLSF1,0
D,DISPATCH,UNIT_SCADA,1,"2022/10/20 14:40:00",BLOWERNG,62.50
D,DISPATCH,UNIT_SCADA,1,"2022/10/20 14:40:00",BLUEGSF1,21.805060
D,DISPATCH,UNIT_SCADA,1,"2022/10/20 14:40:00",BLUFF1,0
D,DISPATCH,UNIT_SCADA,1,"2022/10/20 14:40:00",BNGSF1,14.79
D,DISPATCH,UNIT_SCADA,1,"2022/10/20 14:40:00",BNGSF2,15.22
D,DISPATCH,UNIT_SCADA,1,"2022/10/20 14:40:00",BOCORWF1,42.91
D,DISPATCH,UNIT_SCADA,1,"2022/10/20 14:40:00",BODWF1,61.262640
D,DISPATCH,UNIT_SCADA,1,"2022/10/20 14:40:00",BOMENSF1,26.819870
D,DISPATCH,UNIT_SCADA,1,"2022/10/20 14:40:00",BOWWBA1G,0
D,DISPATCH,UNIT_SCADA,1,"2022/10/20 14:40:00",BOWWBA1L,0.0010
D,DISPATCH,UNIT_SCADA,1,"2022/10/20 14:40:00",BOWWPV1,0
D,DISPATCH,UNIT_SCADA,1,"2022/10/20 14:40:00",BRAEMAR1,0
D,DISPATCH,UNIT_SCADA,1,"2022/10/20 14:40:00",BRAEMAR2,0
D,DISPATCH,UNIT_SCADA,1,"2022/10/20 14:40:00",BRAEMAR3,0
D,DISPATCH,UNIT_SCADA,1,"2022/10/20 14:40:00",BRAEMAR5,0.292060
D,DISPATCH,UNIT_SCADA,1,"2022/10/20 14:40:00",BRAEMAR6,0
D,DISPATCH,UNIT_SCADA,1,"2022/10/20 14:40:00",BRAEMAR7,0.130920
D,DISPATCH,UNIT_SCADA,1,"2022/10/20 14:40:00",BROKENH1,14.099780
D,DISPATCH,UNIT_SCADA,1,"2022/10/20 14:40:00",BRYB1WF1,89.286640
D,DISPATCH,UNIT_SCADA,1,"2022/10/20 14:40:00",BULBESG1,0
D,DISPATCH,UNIT_SCADA,1,"2022/10/20 14:40:00",BULBESL1,1.32
D,DISPATCH,UNIT_SCADA,1,"2022/10/20 14:40:00",BULGANA1,6.48
D,DISPATCH,UNIT_SCADA,1,"2022/10/20 14:40:00",BW01,660.1297
D,DISPATCH,UNIT_SCADA,1,"2022/10/20 14:40:00",BW02,618.893740
D,DISPATCH,UNIT_SCADA,1,"2022/10/20 14:40:00",BW03,552.0470
D,DISPATCH,UNIT_SCADA,1,"2022/10/20 14:40:00",BW04,0
D,DISPATCH,UNIT_SCADA,1,"2022/10/20 14:40:00",CALL_B_1,319.200010
D,DISPATCH,UNIT_SCADA,1,"2022/10/20 14:40:00",CALL_B_2,320.200010
D,DISPATCH,UNIT_SCADA,1,"2022/10/20 14:40:00",CATHROCK,9.20
D,DISPATCH,UNIT_SCADA,1,"2022/10/20 14:40:00",CBWWBA1G,0
D,DISPATCH,UNIT_SCADA,1,"2022/10/20 14:40:00",CBWWBA1L,0
D,DISPATCH,UNIT_SCADA,1,"2022/10/20 14:40:00",CETHANA,85.431120
D,DISPATCH,UNIT_SCADA,1,"2022/10/20 14:40:00",CG1,0
D,DISPATCH,UNIT_SCADA,1,"2022/10/20 14:40:00",CG2,0
D,DISPATCH,UNIT_SCADA,1,"2022/10/20 14:40:00",CG3,0
D,DISPATCH,UNIT_SCADA,1,"2022/10/20 14:40:00",CG4,0
D,DISPATCH,UNIT_SCADA,1,"2022/10/20 14:40:00",CHILDSF1,5.68
D,DISPATCH,UNIT_SCADA,1,"2022/10/20 14:40:00",CHYTWF1,9.63
D,DISPATCH,UNIT_SCADA,1,"2022/10/20 14:40:00",CLARESF1,96.681980
D,DISPATCH,UNIT_SCADA,1,"2022/10/20 14:40:00",CLEMGPWF,2.449190
D,DISPATCH,UNIT_SCADA,1,"2022/10/20 14:40:00",CLERMSF1,63.37
D,DISPATCH,UNIT_SCADA,1,"2022/10/20 14:40:00",CNUNDAWF,10.011680
D,DISPATCH,UNIT_SCADA,1,"2022/10/20 14:40:00",COHUNSF1,9.43
D,DISPATCH,UNIT_SCADA,1,"2022/10/20 14:40:00",COLEASF1,34.803160
D,DISPATCH,UNIT_SCADA,1,"2022/10/20 14:40:00",COLUMSF1,21.0070
D,DISPATCH,UNIT_SCADA,1,"2022/10/20 14:40:00",COLWF01,108.110170
D,DISPATCH,UNIT_SCADA,1,"2022/10/20 14:40:00",COOPGWF1,148.36
D,DISPATCH,UNIT_SCADA,1,"2022/10/20 14:40:00",CPP_3,373.450010
D,DISPATCH,UNIT_SCADA,1,"2022/10/20 14:40:00",CPP_4,0
D,DISPATCH,UNIT_SCADA,1,"2022/10/20 14:40:00",CPSA,0
D,DISPATCH,UNIT_SCADA,1,"2022/10/20 14:40:00",CROOKWF2,29.034260
D,DISPATCH,UNIT_SCADA,1,"2022/10/20 14:40:00",CROWLWF1,14.611460
D,DISPATCH,UNIT_SCADA,1,"2022/10/20 14:40:00",CRURWF1,25.796220
D,DISPATCH,UNIT_SCADA,1,"2022/10/20 14:40:00",CRWASF1,13.197820
D,DISPATCH,UNIT_SCADA,1,"2022/10/20 14:40:00",CSPVPS1,7.49
D,DISPATCH,UNIT_SCADA,1,"2022/10/20 14:40:00",CTHLWF1,0.003050
D,DISPATCH,UNIT_SCADA,1,"2022/10/20 14:40:00",DALNTH01,0
D,DISPATCH,UNIT_SCADA,1,"2022/10/20 14:40:00",DALNTHL1,0.273140
D,DISPATCH,UNIT_SCADA,1,"2022/10/20 14:40:00",DARLSF1,76.157840
D,DISPATCH,UNIT_SCADA,1,"2022/10/20 14:40:00",DARTM1,0
D,DISPATCH,UNIT_SCADA,1,"2022/10/20 14:40:00",DAYDSF1,14.0130
D,DISPATCH,UNIT_SCADA,1,"2022/10/20 14:40:00",DDPS1,0
D,DISPATCH,UNIT_SCADA,1,"2022/10/20 14:40:00",DDSF1,38.070270
D,DISPATCH,UNIT_SCADA,1,"2022/10/20 14:40:00",DEVILS_G,59.904170
D,DISPATCH,UNIT_SCADA,1,"2022/10/20 14:40:00",DG_NSW1,0
D,DISPATCH,UNIT_SCADA,1,"2022/10/20 14:40:00",DG_QLD1,0
D,DISPATCH,UNIT_SCADA,1,"2022/10/20 14:40:00",DG_SA1,0
D,DISPATCH,UNIT_SCADA,1,"2022/10/20 14:40:00",DG_TAS1,0
D,DISPATCH,UNIT_SCADA,1,"2022/10/20 14:40:00",DG_VIC1,0
D,DISPATCH,UNIT_SCADA,1,"2022/10/20 14:40:00",DRYCGT1,0
D,DISPATCH,UNIT_SCADA,1,"2022/10/20 14:40:00",DRYCGT2,0
D,DISPATCH,UNIT_SCADA,1,"2022/10/20 14:40:00",DRYCGT3,0
D,DISPATCH,UNIT_SCADA,1,"2022/10/20 14:40:00",DUNDWF1,59.10
D,DISPATCH,UNIT_SCADA,1,"2022/10/20 14:40:00",DUNDWF2,14.37
D,DISPATCH,UNIT_SCADA,1,"2022/10/20 14:40:00",DUNDWF3,47.94
D,DISPATCH,UNIT_SCADA,1,"2022/10/20 14:40:00",EILDON1,59.84
D,DISPATCH,UNIT_SCADA,1,"2022/10/20 14:40:00",EILDON2,60.08
D,DISPATCH,UNIT_SCADA,1,"2022/10/20 14:40:00",ELAINWF1,18.46
D,DISPATCH,UNIT_SCADA,1,"2022/10/20 14:40:00",EMERASF1,0
D,DISPATCH,UNIT_SCADA,1,"2022/10/20 14:40:00",ER01,0
D,DISPATCH,UNIT_SCADA,1,"2022/10/20 14:40:00",ER02,532.295720
D,DISPATCH,UNIT_SCADA,1,"2022/10/20 14:40:00",ER03,534.2489
D,DISPATCH,UNIT_SCADA,1,"2022/10/20 14:40:00",ER04,531.9295
D,DISPATCH,UNIT_SCADA,1,"2022/10/20 14:40:00",FINLYSF1,96.195920
D,DISPATCH,UNIT_SCADA,1,"2022/10/20 14:40:00",FISHER,43.98
D,DISPATCH,UNIT_SCADA,1,"2022/10/20 14:40:00",GANGARR1,7.98
D,DISPATCH,UNIT_SCADA,1,"2022/10/20 14:40:00",GANNBG1,0
D,DISPATCH,UNIT_SCADA,1,"2022/10/20 14:40:00",GANNBL1,4.536770
D,DISPATCH,UNIT_SCADA,1,"2022/10/20 14:40:00",GANNSF1,47.60
D,DISPATCH,UNIT_SCADA,1,"2022/10/20 14:40:00",GLRWNSF1,99.88
D,DISPATCH,UNIT_SCADA,1,"2022/10/20 14:40:00",GNNDHSF1,70.4136
D,DISPATCH,UNIT_SCADA,1,"2022/10/20 14:40:00",GOONSF1,45.719690
D,DISPATCH,UNIT_SCADA,1,"2022/10/20 14:40:00",GORDON,176.696930
D,DISPATCH,UNIT_SCADA,1,"2022/10/20 14:40:00",GRANWF1,0
D,DISPATCH,UNIT_SCADA,1,"2022/10/20 14:40:00",GSTONE1,200.55
D,DISPATCH,UNIT_SCADA,1,"2022/10/20 14:40:00",GSTONE2,0
D,DISPATCH,UNIT_SCADA,1,"2022/10/20 14:40:00",GSTONE3,200.024990
D,DISPATCH,UNIT_SCADA,1,"2022/10/20 14:40:00",GSTONE4,0
D,DISPATCH,UNIT_SCADA,1,"2022/10/20 14:40:00",GSTONE5,186.024990
D,DISPATCH,UNIT_SCADA,1,"2022/10/20 14:40:00",GSTONE6,200.3750
D,DISPATCH,UNIT_SCADA,1,"2022/10/20 14:40:00",GULLRSF1,1.374980
D,DISPATCH,UNIT_SCADA,1,"2022/10/20 14:40:00",GULLRWF1,61.294070
D,DISPATCH,UNIT_SCADA,1,"2022/10/20 14:40:00",GULLRWF2,55.2318
D,DISPATCH,UNIT_SCADA,1,"2022/10/20 14:40:00",GUNNING1,0
D,DISPATCH,UNIT_SCADA,1,"2022/10/20 14:40:00",GUTHEGA,61.80
D,DISPATCH,UNIT_SCADA,1,"2022/10/20 14:40:00",HALLWF1,0
D,DISPATCH,UNIT_SCADA,1,"2022/10/20 14:40:00",HALLWF2,0
D,DISPATCH,UNIT_SCADA,1,"2022/10/20 14:40:00",HAMISF1,5.20
D,DISPATCH,UNIT_SCADA,1,"2022/10/20 14:40:00",HAUGHT11,60.4119
D,DISPATCH,UNIT_SCADA,1,"2022/10/20 14:40:00",HAYMSF1,4.3850
D,DISPATCH,UNIT_SCADA,1,"2022/10/20 14:40:00",HDWF1,2.40
D,DISPATCH,UNIT_SCADA,1,"2022/10/20 14:40:00",HDWF2,2.80
D,DISPATCH,UNIT_SCADA,1,"2022/10/20 14:40:00",HDWF3,2.70
D,DISPATCH,UNIT_SCADA,1,"2022/10/20 14:40:00",HILLSTN1,36.499450
D,DISPATCH,UNIT_SCADA,1,"2022/10/20 14:40:00",HPRG1,0
D,DISPATCH,UNIT_SCADA,1,"2022/10/20 14:40:00",HPRL1,4.70
D,DISPATCH,UNIT_SCADA,1,"2022/10/20 14:40:00",HUMENSW,54.665950
D,DISPATCH,UNIT_SCADA,1,"2022/10/20 14:40:00",HUMEV,0
D,DISPATCH,UNIT_SCADA,1,"2022/10/20 14:40:00",HVWWBA1G,0
D,DISPATCH,UNIT_SCADA,1,"2022/10/20 14:40:00",HVWWBA1L,0.0070
D,DISPATCH,UNIT_SCADA,1,"2022/10/20 14:40:00",HVWWPV1,4.7680
D,DISPATCH,UNIT_SCADA,1,"2022/10/20 14:40:00",JBUTTERS,0
D,DISPATCH,UNIT_SCADA,1,"2022/10/20 14:40:00",JEMALNG1,15.54
D,DISPATCH,UNIT_SCADA,1,"2022/10/20 14:40:00",JLA01,0
D,DISPATCH,UNIT_SCADA,1,"2022/10/20 14:40:00",JLA02,0
D,DISPATCH,UNIT_SCADA,1,"2022/10/20 14:40:00",JLA03,0
D,DISPATCH,UNIT_SCADA,1,"2022/10/20 14:40:00",JLA04,0
D,DISPATCH,UNIT_SCADA,1,"2022/10/20 14:40:00",JLB01,0
D,DISPATCH,UNIT_SCADA,1,"2022/10/20 14:40:00",JLB02,0.10
D,DISPATCH,UNIT_SCADA,1,"2022/10/20 14:40:00",JLB03,0
D,DISPATCH,UNIT_SCADA,1,"2022/10/20 14:40:00",JUNEESF1,10.546180
D,DISPATCH,UNIT_SCADA,1,"2022/10/20 14:40:00",KABANWF1,2.6740
D,DISPATCH,UNIT_SCADA,1,"2022/10/20 14:40:00",KAREEYA1,0
D,DISPATCH,UNIT_SCADA,1,"2022/10/20 14:40:00",KAREEYA2,0
D,DISPATCH,UNIT_SCADA,1,"2022/10/20 14:40:00",KAREEYA3,4.7650
D,DISPATCH,UNIT_SCADA,1,"2022/10/20 14:40:00",KAREEYA4,0
D,DISPATCH,UNIT_SCADA,1,"2022/10/20 14:40:00",KARSF1,24.30
D,DISPATCH,UNIT_SCADA,1,"2022/10/20 14:40:00",KEPSF1,4.16
D,DISPATCH,UNIT_SCADA,1,"2022/10/20 14:40:00",KEPWF1,7.56
D,DISPATCH,UNIT_SCADA,1,"2022/10/20 14:40:00",KIAMSF1,7.961390
D,DISPATCH,UNIT_SCADA,1,"2022/10/20 14:40:00",KIATAWF1,21.20
D,DISPATCH,UNIT_SCADA,1,"2022/10/20 14:40:00",KPP_1,0
D,DISPATCH,UNIT_SCADA,1,"2022/10/20 14:40:00",KSP1,26.59
D,DISPATCH,UNIT_SCADA,1,"2022/10/20 14:40:00",LADBROK1,0.01
D,DISPATCH,UNIT_SCADA,1,"2022/10/20 14:40:00",LADBROK2,0.02
D,DISPATCH,UNIT_SCADA,1,"2022/10/20 14:40:00",LBBG1,0
D,DISPATCH,UNIT_SCADA,1,"2022/10/20 14:40:00",LBBL1,0
D,DISPATCH,UNIT_SCADA,1,"2022/10/20 14:40:00",LD01,277.889340
D,DISPATCH,UNIT_SCADA,1,"2022/10/20 14:40:00",LD02,12.799460
D,DISPATCH,UNIT_SCADA,1,"2022/10/20 14:40:00",LD04,279.628910
D,DISPATCH,UNIT_SCADA,1,"2022/10/20 14:40:00",LEM_WIL,78.689440
D,DISPATCH,UNIT_SCADA,1,"2022/10/20 14:40:00",LGAPWF1,54.86
D,DISPATCH,UNIT_SCADA,1,"2022/10/20 14:40:00",LGAPWF2,30.69
D,DISPATCH,UNIT_SCADA,1,"2022/10/20 14:40:00",LILYSF1,71.827450
D,DISPATCH,UNIT_SCADA,1,"2022/10/20 14:40:00",LIMOSF11,92.6276
D,DISPATCH,UNIT_SCADA,1,"2022/10/20 14:40:00",LIMOSF21,7.4811
D,DISPATCH,UNIT_SCADA,1,"2022/10/20 14:40:00",LI_WY_CA,62.694420
D,DISPATCH,UNIT_SCADA,1,"2022/10/20 14:40:00",LKBONNY1,0
D,DISPATCH,UNIT_SCADA,1,"2022/10/20 14:40:00",LKBONNY2,11.398030
D,DISPATCH,UNIT_SCADA,1,"2022/10/20 14:40:00",LKBONNY3,1.953770
D,DISPATCH,UNIT_SCADA,1,"2022/10/20 14:40:00",LK_ECHO,0
D,DISPATCH,UNIT_SCADA,1,"2022/10/20 14:40:00",LNGS1,0
D,DISPATCH,UNIT_SCADA,1,"2022/10/20 14:40:00",LNGS2,0
D,DISPATCH,UNIT_SCADA,1,"2022/10/20 14:40:00",LONSDALE,0
D,DISPATCH,UNIT_SCADA,1,"2022/10/20 14:40:00",LOYYB1,453.755710
D,DISPATCH,UNIT_SCADA,1,"2022/10/20 14:40:00",LOYYB2,429.694950
D,DISPATCH,UNIT_SCADA,1,"2022/10/20 14:40:00",LYA1,438
D,DISPATCH,UNIT_SCADA,1,"2022/10/20 14:40:00",LYA2,0
D,DISPATCH,UNIT_SCADA,1,"2022/10/20 14:40:00",LYA3,455
D,DISPATCH,UNIT_SCADA,1,"2022/10/20 14:40:00",LYA4,451
D,DISPATCH,UNIT_SCADA,1,"2022/10/20 14:40:00",MACARTH1,50.198840
D,DISPATCH,UNIT_SCADA,1,"2022/10/20 14:40:00",MACKNTSH,0
D,DISPATCH,UNIT_SCADA,1,"2022/10/20 14:40:00",MANSLR1,23.7270
D,DISPATCH,UNIT_SCADA,1,"2022/10/20 14:40:00",MAPS2PV1,0
D,DISPATCH,UNIT_SCADA,1,"2022/10/20 14:40:00",MAPS3PV1,0
D,DISPATCH,UNIT_SCADA,1,"2022/10/20 14:40:00",MARYRSF1,11.47
D,DISPATCH,UNIT_SCADA,1,"2022/10/20 14:40:00",MBPS2PV1,0
D,DISPATCH,UNIT_SCADA,1,"2022/10/20 14:40:00",MCKAY1,0.02
D,DISPATCH,UNIT_SCADA,1,"2022/10/20 14:40:00",MEADOWBK,6.116120
D,DISPATCH,UNIT_SCADA,1,"2022/10/20 14:40:00",MERCER01,28.20
D,DISPATCH,UNIT_SCADA,1,"2022/10/20 14:40:00",METZSF1,42.5808
D,DISPATCH,UNIT_SCADA,1,"2022/10/20 14:40:00",MEWF1,1
D,DISPATCH,UNIT_SCADA,1,"2022/10/20 14:40:00",MIDDLSF1,11.28
D,DISPATCH,UNIT_SCADA,1,"2022/10/20 14:40:00",MINTARO,0.128180
D,DISPATCH,UNIT_SCADA,1,"2022/10/20 14:40:00",MOLNGSF1,8.704970
D,DISPATCH,UNIT_SCADA,1,"2022/10/20 14:40:00",MOORAWF1,33.31
D,DISPATCH,UNIT_SCADA,1,"2022/10/20 14:40:00",MOREESF1,18.3340
D,DISPATCH,UNIT_SCADA,1,"2022/10/20 14:40:00",MORTLK11,0
D,DISPATCH,UNIT_SCADA,1,"2022/10/20 14:40:00",MORTLK12,0
D,DISPATCH,UNIT_SCADA,1,"2022/10/20 14:40:00",MOUSF1,0
D,DISPATCH,UNIT_SCADA,1,"2022/10/20 14:40:00",MP1,0
D,DISPATCH,UNIT_SCADA,1,"2022/10/20 14:40:00",MP2,383.562990
D,DISPATCH,UNIT_SCADA,1,"2022/10/20 14:40:00",MPP_1,155.583830
D,DISPATCH,UNIT_SCADA,1,"2022/10/20 14:40:00",MPP_2,189.123760
D,DISPATCH,UNIT_SCADA,1,"2022/10/20 14:40:00",MRTLSWF1,0
D,DISPATCH,UNIT_SCADA,1,"2022/10/20 14:40:00",MSTUART1,0
D,DISPATCH,UNIT_SCADA,1,"2022/10/20 14:40:00",MSTUART2,0
D,DISPATCH,UNIT_SCADA,1,"2022/10/20 14:40:00",MSTUART3,0
D,DISPATCH,UNIT_SCADA,1,"2022/10/20 14:40:00",MTGELWF1,42.812890
D,DISPATCH,UNIT_SCADA,1,"2022/10/20 14:40:00",MTMILLAR,10
D,DISPATCH,UNIT_SCADA,1,"2022/10/20 14:40:00",MURRAY,0
D,DISPATCH,UNIT_SCADA,1,"2022/10/20 14:40:00",MUSSELR1,2.20
D,DISPATCH,UNIT_SCADA,1,"2022/10/20 14:40:00",MUWAWF1,23.21
D,DISPATCH,UNIT_SCADA,1,"2022/10/20 14:40:00",MUWAWF2,31.70
D,DISPATCH,UNIT_SCADA,1,"2022/10/20 14:40:00",MWPS1PV1,4.57
D,DISPATCH,UNIT_SCADA,1,"2022/10/20 14:40:00",MWPS2PV1,1.81
D,DISPATCH,UNIT_SCADA,1,"2022/10/20 14:40:00",MWPS3PV1,0.47
D,DISPATCH,UNIT_SCADA,1,"2022/10/20 14:40:00",MWPS4PV1,1.15
D,DISPATCH,UNIT_SCADA,1,"2022/10/20 14:40:00",NBHWF1,0
D,DISPATCH,UNIT_SCADA,1,"2022/10/20 14:40:00",NEVERSF1,6.42
D,DISPATCH,UNIT_SCADA,1,"2022/10/20 14:40:00",NPS,0
D,DISPATCH,UNIT_SCADA,1,"2022/10/20 14:40:00",NUMURSF1,52.99
D,DISPATCH,UNIT_SCADA,1,"2022/10/20 14:40:00",NYNGAN1,0
D,DISPATCH,UNIT_SCADA,1,"2022/10/20 14:40:00",OAKEY1,0
D,DISPATCH,UNIT_SCADA,1,"2022/10/20 14:40:00",OAKEY1SF,2.6230
D,DISPATCH,UNIT_SCADA,1,"2022/10/20 14:40:00",OAKEY2,0
D,DISPATCH,UNIT_SCADA,1,"2022/10/20 14:40:00",OAKEY2SF,4.53
D,DISPATCH,UNIT_SCADA,1,"2022/10/20 14:40:00",OAKLAND1,12.80
D,DISPATCH,UNIT_SCADA,1,"2022/10/20 14:40:00",OSB-AG,16.85
D,DISPATCH,UNIT_SCADA,1,"2022/10/20 14:40:00",PAREPS1,0
D,DISPATCH,UNIT_SCADA,1,"2022/10/20 14:40:00",PAREPW1,52.10
D,DISPATCH,UNIT_SCADA,1,"2022/10/20 14:40:00",PARSF1,33.000690
D,DISPATCH,UNIT_SCADA,1,"2022/10/20 14:40:00",POAT110,0
D,DISPATCH,UNIT_SCADA,1,"2022/10/20 14:40:00",POAT220,0
D,DISPATCH,UNIT_SCADA,1,"2022/10/20 14:40:00",POR01,0
D,DISPATCH,UNIT_SCADA,1,"2022/10/20 14:40:00",POR03,0
D,DISPATCH,UNIT_SCADA,1,"2022/10/20 14:40:00",PPCCGT,70.202110
D,DISPATCH,UNIT_SCADA,1,"2022/10/20 14:40:00",PTSTAN1,0
D,DISPATCH,UNIT_SCADA,1,"2022/10/20 14:40:00",PUMP1,0
D,DISPATCH,UNIT_SCADA,1,"2022/10/20 14:40:00",PUMP2,0
D,DISPATCH,UNIT_SCADA,1,"2022/10/20 14:40:00",QBYNBG1,0
D,DISPATCH,UNIT_SCADA,1,"2022/10/20 14:40:00",QBYNBL1,0.0725
D,DISPATCH,UNIT_SCADA,1,"2022/10/20 14:40:00",QPS1,0
D,DISPATCH,UNIT_SCADA,1,"2022/10/20 14:40:00",QPS2,0
D,DISPATCH,UNIT_SCADA,1,"2022/10/20 14:40:00",QPS3,0
D,DISPATCH,UNIT_SCADA,1,"2022/10/20 14:40:00",QPS4,0
D,DISPATCH,UNIT_SCADA,1,"2022/10/20 14:40:00",QPS5,73.61
D,DISPATCH,UNIT_SCADA,1,"2022/10/20 14:40:00",REECE1,0
D,DISPATCH,UNIT_SCADA,1,"2022/10/20 14:40:00",REECE2,0
D,DISPATCH,UNIT_SCADA,1,"2022/10/20 14:40:00",ROMA_7,0
D,DISPATCH,UNIT_SCADA,1,"2022/10/20 14:40:00",ROMA_8,0
D,DISPATCH,UNIT_SCADA,1,"2022/10/20 14:40:00",RRSF1,17.528430
D,DISPATCH,UNIT_SCADA,1,"2022/10/20 14:40:00",RT_NSW1,0
D,DISPATCH,UNIT_SCADA,1,"2022/10/20 14:40:00",RT_NSW2,0
D,DISPATCH,UNIT_SCADA,1,"2022/10/20 14:40:00",RT_NSW3,0
D,DISPATCH,UNIT_SCADA,1,"2022/10/20 14:40:00",RT_NSW4,0
D,DISPATCH,UNIT_SCADA,1,"2022/10/20 14:40:00",RT_NSW5,0
D,DISPATCH,UNIT_SCADA,1,"2022/10/20 14:40:00",RT_NSW6,0
D,DISPATCH,UNIT_SCADA,1,"2022/10/20 14:40:00",RT_QLD1,0
D,DISPATCH,UNIT_SCADA,1,"2022/10/20 14:40:00",RT_SA1,0
D,DISPATCH,UNIT_SCADA,1,"2022/10/20 14:40:00",RT_SA2,0
D,DISPATCH,UNIT_SCADA,1,"2022/10/20 14:40:00",RT_SA3,0
D,DISPATCH,UNIT_SCADA,1,"2022/10/20 14:40:00",RT_SA4,0
D,DISPATCH,UNIT_SCADA,1,"2022/10/20 14:40:00",RT_SA5,0
D,DISPATCH,UNIT_SCADA,1,"2022/10/20 14:40:00",RT_SA6,0
D,DISPATCH,UNIT_SCADA,1,"2022/10/20 14:40:00",RT_TAS1,0
D,DISPATCH,UNIT_SCADA,1,"2022/10/20 14:40:00",RT_VIC1,0
D,DISPATCH,UNIT_SCADA,1,"2022/10/20 14:40:00",RT_VIC10,0
D,DISPATCH,UNIT_SCADA,1,"2022/10/20 14:40:00",RT_VIC11,0
D,DISPATCH,UNIT_SCADA,1,"2022/10/20 14:40:00",RT_VIC12,0
D,DISPATCH,UNIT_SCADA,1,"2022/10/20 14:40:00",RT_VIC2,0
D,DISPATCH,UNIT_SCADA,1,"2022/10/20 14:40:00",RT_VIC3,0
D,DISPATCH,UNIT_SCADA,1,"2022/10/20 14:40:00",RT_VIC4,0
D,DISPATCH,UNIT_SCADA,1,"2022/10/20 14:40:00",RT_VIC5,0
D,DISPATCH,UNIT_SCADA,1,"2022/10/20 14:40:00",RT_VIC6,0
D,DISPATCH,UNIT_SCADA,1,"2022/10/20 14:40:00",RT_VIC7,0
D,DISPATCH,UNIT_SCADA,1,"2022/10/20 14:40:00",RT_VIC8,0
D,DISPATCH,UNIT_SCADA,1,"2022/10/20 14:40:00",RT_VIC9,0
D,DISPATCH,UNIT_SCADA,1,"2022/10/20 14:40:00",RUGBYR1,0.077050
D,DISPATCH,UNIT_SCADA,1,"2022/10/20 14:40:00",SALTCRK1,16.01
D,DISPATCH,UNIT_SCADA,1,"2022/10/20 14:40:00",SAPHWF1,16.292060
D,DISPATCH,UNIT_SCADA,1,"2022/10/20 14:40:00",SEBSF1,13.317330
D,DISPATCH,UNIT_SCADA,1,"2022/10/20 14:40:00",SHGEN,0
D,DISPATCH,UNIT_SCADA,1,"2022/10/20 14:40:00",SHPUMP,0
D,DISPATCH,UNIT_SCADA,1,"2022/10/20 14:40:00",SITHE01,0.005650
D,DISPATCH,UNIT_SCADA,1,"2022/10/20 14:40:00",SMCSF1,64.90
D,DISPATCH,UNIT_SCADA,1,"2022/10/20 14:40:00",SNAPPER1,0
D,DISPATCH,UNIT_SCADA,1,"2022/10/20 14:40:00",SNOWNTH1,31.90
D,DISPATCH,UNIT_SCADA,1,"2022/10/20 14:40:00",SNOWSTH1,11.30
D,DISPATCH,UNIT_SCADA,1,"2022/10/20 14:40:00",SNOWTWN1,21.129950
D,DISPATCH,UNIT_SCADA,1,"2022/10/20 14:40:00",SNOWYP,0
D,DISPATCH,UNIT_SCADA,1,"2022/10/20 14:40:00",SNUG1,0
D,DISPATCH,UNIT_SCADA,1,"2022/10/20 14:40:00",SRSF1,15.55
D,DISPATCH,UNIT_SCADA,1,"2022/10/20 14:40:00",STAN-1,329.225190
D,DISPATCH,UNIT_SCADA,1,"2022/10/20 14:40:00",STAN-2,363.525630
D,DISPATCH,UNIT_SCADA,1,"2022/10/20 14:40:00",STAN-3,153.480330
D,DISPATCH,UNIT_SCADA,1,"2022/10/20 14:40:00",STAN-4,363.064180
D,DISPATCH,UNIT_SCADA,1,"2022/10/20 14:40:00",STARHLWF,17.4949
D,DISPATCH,UNIT_SCADA,1,"2022/10/20 14:40:00",STOCKYD1,133.34
D,DISPATCH,UNIT_SCADA,1,"2022/10/20 14:40:00",STWF1,0
D,DISPATCH,UNIT_SCADA,1,"2022/10/20 14:40:00",SUNRSF1,55.385670
D,DISPATCH,UNIT_SCADA,1,"2022/10/20 14:40:00",SUNTPSF1,25.733430
D,DISPATCH,UNIT_SCADA,1,"2022/10/20 14:40:00",SWAN_E,192.215620
D,DISPATCH,UNIT_SCADA,1,"2022/10/20 14:40:00",TALWA1,0
D,DISPATCH,UNIT_SCADA,1,"2022/10/20 14:40:00",TARALGA1,0
D,DISPATCH,UNIT_SCADA,1,"2022/10/20 14:40:00",TARONG#1,344.50
D,DISPATCH,UNIT_SCADA,1,"2022/10/20 14:40:00",TARONG#2,346.399990
D,DISPATCH,UNIT_SCADA,1,"2022/10/20 14:40:00",TARONG#3,0.90
D,DISPATCH,UNIT_SCADA,1,"2022/10/20 14:40:00",TARONG#4,286.399990
D,DISPATCH,UNIT_SCADA,1,"2022/10/20 14:40:00",TARRALEA,54
D,DISPATCH,UNIT_SCADA,1,"2022/10/20 14:40:00",TBSF1,0.10
D,DISPATCH,UNIT_SCADA,1,"2022/10/20 14:40:00",TNPS1,319.1875
D,DISPATCH,UNIT_SCADA,1,"2022/10/20 14:40:00",TORRB1,0
D,DISPATCH,UNIT_SCADA,1,"2022/10/20 14:40:00",TORRB2,40
D,DISPATCH,UNIT_SCADA,1,"2022/10/20 14:40:00",TORRB3,0
D,DISPATCH,UNIT_SCADA,1,"2022/10/20 14:40:00",TORRB4,0
D,DISPATCH,UNIT_SCADA,1,"2022/10/20 14:40:00",TREVALLN,100.603740
D,DISPATCH,UNIT_SCADA,1,"2022/10/20 14:40:00",TRIBUTE,0
D,DISPATCH,UNIT_SCADA,1,"2022/10/20 14:40:00",TUMUT3,183.97
D,DISPATCH,UNIT_SCADA,1,"2022/10/20 14:40:00",TUNGATIN,5.320010
D,DISPATCH,UNIT_SCADA,1,"2022/10/20 14:40:00",TVCC201,0
D,DISPATCH,UNIT_SCADA,1,"2022/10/20 14:40:00",TVPP104,0
D,DISPATCH,UNIT_SCADA,1,"2022/10/20 14:40:00",UPPTUMUT,0
D,DISPATCH,UNIT_SCADA,1,"2022/10/20 14:40:00",URANQ11,0
D,DISPATCH,UNIT_SCADA,1,"2022/10/20 14:40:00",URANQ12,0
D,DISPATCH,UNIT_SCADA,1,"2022/10/20 14:40:00",URANQ13,0
D,DISPATCH,UNIT_SCADA,1,"2022/10/20 14:40:00",URANQ14,0
D,DISPATCH,UNIT_SCADA,1,"2022/10/20 14:40:00",VBBG1,0
D,DISPATCH,UNIT_SCADA,1,"2022/10/20 14:40:00",VBBL1,29.70
D,DISPATCH,UNIT_SCADA,1,"2022/10/20 14:40:00",VP5,522.647770
D,DISPATCH,UNIT_SCADA,1,"2022/10/20 14:40:00",VP6,523.795290
D,DISPATCH,UNIT_SCADA,1,"2022/10/20 14:40:00",VPGS1,0
D,DISPATCH,UNIT_SCADA,1,"2022/10/20 14:40:00",VPGS2,0
D,DISPATCH,UNIT_SCADA,1,"2022/10/20 14:40:00",VPGS3,0
D,DISPATCH,UNIT_SCADA,1,"2022/10/20 14:40:00",VPGS4,0
D,DISPATCH,UNIT_SCADA,1,"2022/10/20 14:40:00",VPGS5,0
D,DISPATCH,UNIT_SCADA,1,"2022/10/20 14:40:00",VPGS6,0
D,DISPATCH,UNIT_SCADA,1,"2022/10/20 14:40:00",W/HOE#1,0
D,DISPATCH,UNIT_SCADA,1,"2022/10/20 14:40:00",W/HOE#2,0
D,DISPATCH,UNIT_SCADA,1,"2022/10/20 14:40:00",WAGGNSF1,0
D,DISPATCH,UNIT_SCADA,1,"2022/10/20 14:40:00",WALGRVG1,0.043750
D,DISPATCH,UNIT_SCADA,1,"2022/10/20 14:40:00",WALGRVL1,0
D,DISPATCH,UNIT_SCADA,1,"2022/10/20 14:40:00",WANDBG1,0
D,DISPATCH,UNIT_SCADA,1,"2022/10/20 14:40:00",WANDBL1,0.606240
D,DISPATCH,UNIT_SCADA,1,"2022/10/20 14:40:00",WARWSF1,6.90
D,DISPATCH,UNIT_SCADA,1,"2022/10/20 14:40:00",WARWSF2,7.51
D,DISPATCH,UNIT_SCADA,1,"2022/10/20 14:40:00",WATERLWF,2.20
D,DISPATCH,UNIT_SCADA,1,"2022/10/20 14:40:00",WDGPH1,30.3250
D,DISPATCH,UNIT_SCADA,1,"2022/10/20 14:40:00",WELLSF1,14.651710
D,DISPATCH,UNIT_SCADA,1,"2022/10/20 14:40:00",WEMENSF1,61.50
D,DISPATCH,UNIT_SCADA,1,"2022/10/20 14:40:00",WGWF1,3.30
D,DISPATCH,UNIT_SCADA,1,"2022/10/20 14:40:00",WHITSF1,5.70
D,DISPATCH,UNIT_SCADA,1,"2022/10/20 14:40:00",WINTSF1,77
D,DISPATCH,UNIT_SCADA,1,"2022/10/20 14:40:00",WKIEWA1,31.90
D,DISPATCH,UNIT_SCADA,1,"2022/10/20 14:40:00",WKIEWA2,14
D,DISPATCH,UNIT_SCADA,1,"2022/10/20 14:40:00",WOODLWN1,20.281070
D,DISPATCH,UNIT_SCADA,1,"2022/10/20 14:40:00",WOOLGSF1,29.9817
D,DISPATCH,UNIT_SCADA,1,"2022/10/20 14:40:00",WPWF,38.06
D,DISPATCH,UNIT_SCADA,1,"2022/10/20 14:40:00",WRSF1,12.650530
D,DISPATCH,UNIT_SCADA,1,"2022/10/20 14:40:00",WRWF1,10.8809
D,DISPATCH,UNIT_SCADA,1,"2022/10/20 14:40:00",WSTWYSF1,0.785060
D,DISPATCH,UNIT_SCADA,1,"2022/10/20 14:40:00",YABULU,0
D,DISPATCH,UNIT_SCADA,1,"2022/10/20 14:40:00",YABULU2,0
D,DISPATCH,UNIT_SCADA,1,"2022/10/20 14:40:00",YARANSF1,33.97
D,DISPATCH,UNIT_SCADA,1,"2022/10/20 14:40:00",YARWUN_1,158.989990
D,DISPATCH,UNIT_SCADA,1,"2022/10/20 14:40:00",YATSF1,20.60
D,DISPATCH,UNIT_SCADA,1,"2022/10/20 14:40:00",YENDWF1,33.21
D,DISPATCH,UNIT_SCADA,1,"2022/10/20 14:40:00",YWPS1,296.488620
D,DISPATCH,UNIT_SCADA,1,"2022/10/20 14:40:00",YWPS2,279.946840
D,DISPATCH,UNIT_SCADA,1,"2022/10/20 14:40:00",YWPS3,291.924040
D,DISPATCH,UNIT_SCADA,1,"2022/10/20 14:40:00",YWPS4,0
C,"END OF REPORT",419
