C,NEMP.WORLD,DISPATCHSCADA,AEMO,PUBLIC,2022/10/20,22:00:09,0000000373283534,DISPATCHSCADA,0000000373283528
I,DISPATCH,UNIT_SCADA,1,SETTLEMENTDATE,DUID,SCADAVALUE
D,DISPATCH,UNIT_SCADA,1,"2022/10/20 22:05:00",BARCSF1,0
D,DISPATCH,UNIT_SCADA,1,"2022/10/20 22:05:00",BUTLERSG,8.699999
D,DISPATCH,UNIT_SCADA,1,"2022/10/20 22:05:00",CAPTL_WF,94.501442
D,DISPATCH,UNIT_SCADA,1,"2022/10/20 22:05:00",CHALLHWF,12.40
D,DISPATCH,UNIT_SCADA,1,"2022/10/20 22:05:00",CLOVER,13.26
D,DISPATCH,UNIT_SCADA,1,"2022/10/20 22:05:00",CLUNY,5.577020
D,DISPATCH,UNIT_SCADA,1,"2022/10/20 22:05:00",CULLRGWF,-0.05
D,DISPATCH,UNIT_SCADA,1,"2022/10/20 22:05:00",DIAPURWF1,1
D,DISPATCH,UNIT_SCADA,1,"2022/10/20 22:05:00",ERGT01,0
D,DISPATCH,UNIT_SCADA,1,"2022/10/20 22:05:00",GB01,0
D,DISPATCH,UNIT_SCADA,1,"2022/10/20 22:05:00",GERMCRK,19.299999
D,DISPATCH,UNIT_SCADA,1,"2022/10/20 22:05:00",GRIFSF1,0.001526
D,DISPATCH,UNIT_SCADA,1,"2022/10/20 22:05:00",HEZ1,0
D,DISPATCH,UNIT_SCADA,1,"2022/10/20 22:05:00",HUGSF1,-0.12
D,DISPATCH,UNIT_SCADA,1,"2022/10/20 22:05:00",KEPBG1,0
D,DISPATCH,UNIT_SCADA,1,"2022/10/20 22:05:00",LRSF1,-0.0310
D,DISPATCH,UNIT_SCADA,1,"2022/10/20 22:05:00",MBAHNTH,45.168747
D,DISPATCH,UNIT_SCADA,1,"2022/10/20 22:05:00",MLSP1,0
D,DISPATCH,UNIT_SCADA,1,"2022/10/20 22:05:00",MLWF1,1.29
D,DISPATCH,UNIT_SCADA,1,"2022/10/20 22:05:00",PALOONA,30.65
D,DISPATCH,UNIT_SCADA,1,"2022/10/20 22:05:00",PIONEER,28.200001
D,DISPATCH,UNIT_SCADA,1,"2022/10/20 22:05:00",PORTWF,43.900002
D,DISPATCH,UNIT_SCADA,1,"2022/10/20 22:05:00",REPULSE,9.467307
D,DISPATCH,UNIT_SCADA,1,"2022/10/20 22:05:00",ROWALLAN,8.8679
D,DISPATCH,UNIT_SCADA,1,"2022/10/20 22:05:00",ROYALLA1,0
D,DISPATCH,UNIT_SCADA,1,"2022/10/20 22:05:00",RPCG,-0.50
D,DISPATCH,UNIT_SCADA,1,"2022/10/20 22:05:00",RUBICON,0
D,DISPATCH,UNIT_SCADA,1,"2022/10/20 22:05:00",WAUBRAWF,33.941002
D,DISPATCH,UNIT_SCADA,1,"2022/10/20 22:05:00",WOOLNTH1,81.099998
D,DISPATCH,UNIT_SCADA,1,"2022/10/20 22:05:00",YAMBUKWF,6.20
D,DISPATCH,UNIT_SCADA,1,"2022/10/20 22:05:00",YSWF1,0.60
D,DISPATCH,UNIT_SCADA,1,"2022/10/20 22:05:00",ADPBA1G,0.0080
D,DISPATCH,UNIT_SCADA,1,"2022/10/20 22:05:00",ADPBA1L,0
D,DISPATCH,UNIT_SCADA,1,"2022/10/20 22:05:00",ADPPV1,0
D,DISPATCH,UNIT_SCADA,1,"2022/10/20 22:05:00",AGLHAL,30.9763
D,DISPATCH,UNIT_SCADA,1,"2022/10/20 22:05:00",AGLSOM,0
D,DISPATCH,UNIT_SCADA,1,"2022/10/20 22:05:00",ANGAST1,0
D,DISPATCH,UNIT_SCADA,1,"2022/10/20 22:05:00",ARWF1,12.50
D,DISPATCH,UNIT_SCADA,1,"2022/10/20 22:05:00",BALBG1,0
D,DISPATCH,UNIT_SCADA,1,"2022/10/20 22:05:00",BALBL1,0
D,DISPATCH,UNIT_SCADA,1,"2022/10/20 22:05:00",BALDHWF1,104.636990
D,DISPATCH,UNIT_SCADA,1,"2022/10/20 22:05:00",BANGOWF1,75.5993
D,DISPATCH,UNIT_SCADA,1,"2022/10/20 22:05:00",BANGOWF2,60.898830
D,DISPATCH,UNIT_SCADA,1,"2022/10/20 22:05:00",BANN1,0
D,DISPATCH,UNIT_SCADA,1,"2022/10/20 22:05:00",BARCALDN,0
D,DISPATCH,UNIT_SCADA,1,"2022/10/20 22:05:00",BARKIPS1,190.37
D,DISPATCH,UNIT_SCADA,1,"2022/10/20 22:05:00",BARRON-1,0
D,DISPATCH,UNIT_SCADA,1,"2022/10/20 22:05:00",BARRON-2,0
D,DISPATCH,UNIT_SCADA,1,"2022/10/20 22:05:00",BASTYAN,0
D,DISPATCH,UNIT_SCADA,1,"2022/10/20 22:05:00",BBTHREE1,0
D,DISPATCH,UNIT_SCADA,1,"2022/10/20 22:05:00",BBTHREE2,0
D,DISPATCH,UNIT_SCADA,1,"2022/10/20 22:05:00",BBTHREE3,-1.02
D,DISPATCH,UNIT_SCADA,1,"2022/10/20 22:05:00",BDL01,0
D,DISPATCH,UNIT_SCADA,1,"2022/10/20 22:05:00",BDL02,0
D,DISPATCH,UNIT_SCADA,1,"2022/10/20 22:05:00",BERYLSF1,0
D,DISPATCH,UNIT_SCADA,1,"2022/10/20 22:05:00",BLOWERNG,62.50
D,DISPATCH,UNIT_SCADA,1,"2022/10/20 22:05:00",BLUEGSF1,0
D,DISPATCH,UNIT_SCADA,1,"2022/10/20 22:05:00",BLUFF1,9.90
D,DISPATCH,UNIT_SCADA,1,"2022/10/20 22:05:00",BNGSF1,0
D,DISPATCH,UNIT_SCADA,1,"2022/10/20 22:05:00",BNGSF2,0
D,DISPATCH,UNIT_SCADA,1,"2022/10/20 22:05:00",BOCORWF1,7.02
D,DISPATCH,UNIT_SCADA,1,"2022/10/20 22:05:00",BODWF1,110.6106
D,DISPATCH,UNIT_SCADA,1,"2022/10/20 22:05:00",BOMENSF1,0
D,DISPATCH,UNIT_SCADA,1,"2022/10/20 22:05:00",BOWWBA1G,0.0010
D,DISPATCH,UNIT_SCADA,1,"2022/10/20 22:05:00",BOWWBA1L,0
D,DISPATCH,UNIT_SCADA,1,"2022/10/20 22:05:00",BOWWPV1,0.0010
D,DISPATCH,UNIT_SCADA,1,"2022/10/20 22:05:00",BRAEMAR1,0
D,DISPATCH,UNIT_SCADA,1,"2022/10/20 22:05:00",BRAEMAR2,0
D,DISPATCH,UNIT_SCADA,1,"2022/10/20 22:05:00",BRAEMAR3,0
D,DISPATCH,UNIT_SCADA,1,"2022/10/20 22:05:00",BRAEMAR5,142.998120
D,DISPATCH,UNIT_SCADA,1,"2022/10/20 22:05:00",BRAEMAR6,0
D,DISPATCH,UNIT_SCADA,1,"2022/10/20 22:05:00",BRAEMAR7,137.167020
D,DISPATCH,UNIT_SCADA,1,"2022/10/20 22:05:00",BROKENH1,0
D,DISPATCH,UNIT_SCADA,1,"2022/10/20 22:05:00",BRYB1WF1,92.155330
D,DISPATCH,UNIT_SCADA,1,"2022/10/20 22:05:00",BULBESG1,0
D,DISPATCH,UNIT_SCADA,1,"2022/10/20 22:05:00",BULBESL1,2.36
D,DISPATCH,UNIT_SCADA,1,"2022/10/20 22:05:00",BULGANA1,19.02
D,DISPATCH,UNIT_SCADA,1,"2022/10/20 22:05:00",BW01,652.976260
D,DISPATCH,UNIT_SCADA,1,"2022/10/20 22:05:00",BW02,633.981810
D,DISPATCH,UNIT_SCADA,1,"2022/10/20 22:05:00",BW03,479.853520
D,DISPATCH,UNIT_SCADA,1,"2022/10/20 22:05:00",BW04,0
D,DISPATCH,UNIT_SCADA,1,"2022/10/20 22:05:00",CALL_B_1,317.600010
D,DISPATCH,UNIT_SCADA,1,"2022/10/20 22:05:00",CALL_B_2,315
D,DISPATCH,UNIT_SCADA,1,"2022/10/20 22:05:00",CATHROCK,4.50
D,DISPATCH,UNIT_SCADA,1,"2022/10/20 22:05:00",CBWWBA1G,0
D,DISPATCH,UNIT_SCADA,1,"2022/10/20 22:05:00",CBWWBA1L,0
D,DISPATCH,UNIT_SCADA,1,"2022/10/20 22:05:00",CETHANA,86.568750
D,DISPATCH,UNIT_SCADA,1,"2022/10/20 22:05:00",CG1,0
D,DISPATCH,UNIT_SCADA,1,"2022/10/20 22:05:00",CG2,0
D,DISPATCH,UNIT_SCADA,1,"2022/10/20 22:05:00",CG3,0
D,DISPATCH,UNIT_SCADA,1,"2022/10/20 22:05:00",CG4,0
D,DISPATCH,UNIT_SCADA,1,"2022/10/20 22:05:00",CHILDSF1,0
D,DISPATCH,UNIT_SCADA,1,"2022/10/20 22:05:00",CHYTWF1,5.71
D,DISPATCH,UNIT_SCADA,1,"2022/10/20 22:05:00",CLARESF1,0
D,DISPATCH,UNIT_SCADA,1,"2022/10/20 22:05:00",CLEMGPWF,0
D,DISPATCH,UNIT_SCADA,1,"2022/10/20 22:05:00",CLERMSF1,0
D,DISPATCH,UNIT_SCADA,1,"2022/10/20 22:05:00",CNUNDAWF,17.220090
D,DISPATCH,UNIT_SCADA,1,"2022/10/20 22:05:00",COHUNSF1,0
D,DISPATCH,UNIT_SCADA,1,"2022/10/20 22:05:00",COLEASF1,0
D,DISPATCH,UNIT_SCADA,1,"2022/10/20 22:05:00",COLUMSF1,0
D,DISPATCH,UNIT_SCADA,1,"2022/10/20 22:05:00",COLWF01,136.627750
D,DISPATCH,UNIT_SCADA,1,"2022/10/20 22:05:00",COOPGWF1,381.320010
D,DISPATCH,UNIT_SCADA,1,"2022/10/20 22:05:00",CPP_3,376.75
D,DISPATCH,UNIT_SCADA,1,"2022/10/20 22:05:00",CPP_4,0
D,DISPATCH,UNIT_SCADA,1,"2022/10/20 22:05:00",CPSA,0
D,DISPATCH,UNIT_SCADA,1,"2022/10/20 22:05:00",CROOKWF2,25.663840
D,DISPATCH,UNIT_SCADA,1,"2022/10/20 22:05:00",CROWLWF1,28.1129
D,DISPATCH,UNIT_SCADA,1,"2022/10/20 22:05:00",CRURWF1,74.198140
D,DISPATCH,UNIT_SCADA,1,"2022/10/20 22:05:00",CRWASF1,0
D,DISPATCH,UNIT_SCADA,1,"2022/10/20 22:05:00",CSPVPS1,0
D,DISPATCH,UNIT_SCADA,1,"2022/10/20 22:05:00",CTHLWF1,0.003050
D,DISPATCH,UNIT_SCADA,1,"2022/10/20 22:05:00",DALNTH01,0
D,DISPATCH,UNIT_SCADA,1,"2022/10/20 22:05:00",DALNTHL1,0.126650
D,DISPATCH,UNIT_SCADA,1,"2022/10/20 22:05:00",DARLSF1,0
D,DISPATCH,UNIT_SCADA,1,"2022/10/20 22:05:00",DARTM1,0
D,DISPATCH,UNIT_SCADA,1,"2022/10/20 22:05:00",DAYDSF1,0
D,DISPATCH,UNIT_SCADA,1,"2022/10/20 22:05:00",DDPS1,0
D,DISPATCH,UNIT_SCADA,1,"2022/10/20 22:05:00",DDSF1,0
D,DISPATCH,UNIT_SCADA,1,"2022/10/20 22:05:00",DEVILS_G,57.377240
D,DISPATCH,UNIT_SCADA,1,"2022/10/20 22:05:00",DG_NSW1,0
D,DISPATCH,UNIT_SCADA,1,"2022/10/20 22:05:00",DG_QLD1,0
D,DISPATCH,UNIT_SCADA,1,"2022/10/20 22:05:00",DG_SA1,0
D,DISPATCH,UNIT_SCADA,1,"2022/10/20 22:05:00",DG_TAS1,0
D,DISPATCH,UNIT_SCADA,1,"2022/10/20 22:05:00",DG_VIC1,0
D,DISPATCH,UNIT_SCADA,1,"2022/10/20 22:05:00",DRYCGT1,0
D,DISPATCH,UNIT_SCADA,1,"2022/10/20 22:05:00",DRYCGT2,0
D,DISPATCH,UNIT_SCADA,1,"2022/10/20 22:05:00",DRYCGT3,0
D,DISPATCH,UNIT_SCADA,1,"2022/10/20 22:05:00",DUNDWF1,96.88
D,DISPATCH,UNIT_SCADA,1,"2022/10/20 22:05:00",DUNDWF2,33.90
D,DISPATCH,UNIT_SCADA,1,"2022/10/20 22:05:00",DUNDWF3,90.62
D,DISPATCH,UNIT_SCADA,1,"2022/10/20 22:05:00",EILDON1,59.48
D,DISPATCH,UNIT_SCADA,1,"2022/10/20 22:05:00",EILDON2,60.04
D,DISPATCH,UNIT_SCADA,1,"2022/10/20 22:05:00",ELAINWF1,13.84
D,DISPATCH,UNIT_SCADA,1,"2022/10/20 22:05:00",EMERASF1,0
D,DISPATCH,UNIT_SCADA,1,"2022/10/20 22:05:00",ER01,0
D,DISPATCH,UNIT_SCADA,1,"2022/10/20 22:05:00",ER02,573.7514
D,DISPATCH,UNIT_SCADA,1,"2022/10/20 22:05:00",ER03,571.187930
D,DISPATCH,UNIT_SCADA,1,"2022/10/20 22:05:00",ER04,573.287540
D,DISPATCH,UNIT_SCADA,1,"2022/10/20 22:05:00",FINLYSF1,0
D,DISPATCH,UNIT_SCADA,1,"2022/10/20 22:05:00",FISHER,43.87
D,DISPATCH,UNIT_SCADA,1,"2022/10/20 22:05:00",GANGARR1,0
D,DISPATCH,UNIT_SCADA,1,"2022/10/20 22:05:00",GANNBG1,0
D,DISPATCH,UNIT_SCADA,1,"2022/10/20 22:05:00",GANNBL1,0.693370
D,DISPATCH,UNIT_SCADA,1,"2022/10/20 22:05:00",GANNSF1,0
D,DISPATCH,UNIT_SCADA,1,"2022/10/20 22:05:00",GLRWNSF1,0
D,DISPATCH,UNIT_SCADA,1,"2022/10/20 22:05:00",GNNDHSF1,0
D,DISPATCH,UNIT_SCADA,1,"2022/10/20 22:05:00",GOONSF1,0
D,DISPATCH,UNIT_SCADA,1,"2022/10/20 22:05:00",GORDON,247.273930
D,DISPATCH,UNIT_SCADA,1,"2022/10/20 22:05:00",GRANWF1,0
D,DISPATCH,UNIT_SCADA,1,"2022/10/20 22:05:00",GSTONE1,200.55
D,DISPATCH,UNIT_SCADA,1,"2022/10/20 22:05:00",GSTONE2,0
D,DISPATCH,UNIT_SCADA,1,"2022/10/20 22:05:00",GSTONE3,190.399990
D,DISPATCH,UNIT_SCADA,1,"2022/10/20 22:05:00",GSTONE4,0
D,DISPATCH,UNIT_SCADA,1,"2022/10/20 22:05:00",GSTONE5,200.724990
D,DISPATCH,UNIT_SCADA,1,"2022/10/20 22:05:00",GSTONE6,200.20
D,DISPATCH,UNIT_SCADA,1,"2022/10/20 22:05:00",GULLRSF1,0
D,DISPATCH,UNIT_SCADA,1,"2022/10/20 22:05:00",GULLRWF1,62.764050
D,DISPATCH,UNIT_SCADA,1,"2022/10/20 22:05:00",GULLRWF2,70.694920
D,DISPATCH,UNIT_SCADA,1,"2022/10/20 22:05:00",GUNNING1,0
D,DISPATCH,UNIT_SCADA,1,"2022/10/20 22:05:00",GUTHEGA,67.100010
D,DISPATCH,UNIT_SCADA,1,"2022/10/20 22:05:00",HALLWF1,38.98
D,DISPATCH,UNIT_SCADA,1,"2022/10/20 22:05:00",HALLWF2,18.63
D,DISPATCH,UNIT_SCADA,1,"2022/10/20 22:05:00",HAMISF1,0
D,DISPATCH,UNIT_SCADA,1,"2022/10/20 22:05:00",HAUGHT11,0
D,DISPATCH,UNIT_SCADA,1,"2022/10/20 22:05:00",HAYMSF1,0
D,DISPATCH,UNIT_SCADA,1,"2022/10/20 22:05:00",HDWF1,22.40
D,DISPATCH,UNIT_SCADA,1,"2022/10/20 22:05:00",HDWF2,13.90
D,DISPATCH,UNIT_SCADA,1,"2022/10/20 22:05:00",HDWF3,12.40
D,DISPATCH,UNIT_SCADA,1,"2022/10/20 22:05:00",HILLSTN1,0
D,DISPATCH,UNIT_SCADA,1,"2022/10/20 22:05:00",HPRG1,0
D,DISPATCH,UNIT_SCADA,1,"2022/10/20 22:05:00",HPRL1,28.40
D,DISPATCH,UNIT_SCADA,1,"2022/10/20 22:05:00",HUMENSW,54.432160
D,DISPATCH,UNIT_SCADA,1,"2022/10/20 22:05:00",HUMEV,0
D,DISPATCH,UNIT_SCADA,1,"2022/10/20 22:05:00",HVWWBA1G,0
D,DISPATCH,UNIT_SCADA,1,"2022/10/20 22:05:00",HVWWBA1L,0.0070
D,DISPATCH,UNIT_SCADA,1,"2022/10/20 22:05:00",HVWWPV1,0
D,DISPATCH,UNIT_SCADA,1,"2022/10/20 22:05:00",JBUTTERS,0
D,DISPATCH,UNIT_SCADA,1,"2022/10/20 22:05:00",JEMALNG1,0
D,DISPATCH,UNIT_SCADA,1,"2022/10/20 22:05:00",JLA01,0
D,DISPATCH,UNIT_SCADA,1,"2022/10/20 22:05:00",JLA02,0
D,DISPATCH,UNIT_SCADA,1,"2022/10/20 22:05:00",JLA03,0
D,DISPATCH,UNIT_SCADA,1,"2022/10/20 22:05:00",JLA04,0
D,DISPATCH,UNIT_SCADA,1,"2022/10/20 22:05:00",JLB01,0
D,DISPATCH,UNIT_SCADA,1,"2022/10/20 22:05:00",JLB02,0.10
D,DISPATCH,UNIT_SCADA,1,"2022/10/20 22:05:00",JLB03,0
D,DISPATCH,UNIT_SCADA,1,"2022/10/20 22:05:00",JUNEESF1,0
D,DISPATCH,UNIT_SCADA,1,"2022/10/20 22:05:00",KABANWF1,0.4750
D,DISPATCH,UNIT_SCADA,1,"2022/10/20 22:05:00",KAREEYA1,0
D,DISPATCH,UNIT_SCADA,1,"2022/10/20 22:05:00",KAREEYA2,0
D,DISPATCH,UNIT_SCADA,1,"2022/10/20 22:05:00",KAREEYA3,4.5925
D,DISPATCH,UNIT_SCADA,1,"2022/10/20 22:05:00",KAREEYA4,0
D,DISPATCH,UNIT_SCADA,1,"2022/10/20 22:05:00",KARSF1,0
D,DISPATCH,UNIT_SCADA,1,"2022/10/20 22:05:00",KEPSF1,0
D,DISPATCH,UNIT_SCADA,1,"2022/10/20 22:05:00",KEPWF1,0.86
D,DISPATCH,UNIT_SCADA,1,"2022/10/20 22:05:00",KIAMSF1,0
D,DISPATCH,UNIT_SCADA,1,"2022/10/20 22:05:00",KIATAWF1,3.50
D,DISPATCH,UNIT_SCADA,1,"2022/10/20 22:05:00",KPP_1,0
D,DISPATCH,UNIT_SCADA,1,"2022/10/20 22:05:00",KSP1,0
D,DISPATCH,UNIT_SCADA,1,"2022/10/20 22:05:00",LADBROK1,0.01
D,DISPATCH,UNIT_SCADA,1,"2022/10/20 22:05:00",LADBROK2,0.02
D,DISPATCH,UNIT_SCADA,1,"2022/10/20 22:05:00",LBBG1,0
D,DISPATCH,UNIT_SCADA,1,"2022/10/20 22:05:00",LBBL1,11.10
D,DISPATCH,UNIT_SCADA,1,"2022/10/20 22:05:00",LD01,375.5791
D,DISPATCH,UNIT_SCADA,1,"2022/10/20 22:05:00",LD02,88.406020
D,DISPATCH,UNIT_SCADA,1,"2022/10/20 22:05:00",LD04,309.439360
D,DISPATCH,UNIT_SCADA,1,"2022/10/20 22:05:00",LEM_WIL,86.508990
D,DISPATCH,UNIT_SCADA,1,"2022/10/20 22:05:00",LGAPWF1,88.05
D,DISPATCH,UNIT_SCADA,1,"2022/10/20 22:05:00",LGAPWF2,62.58
D,DISPATCH,UNIT_SCADA,1,"2022/10/20 22:05:00",LILYSF1,0
D,DISPATCH,UNIT_SCADA,1,"2022/10/20 22:05:00",LIMOSF11,0
D,DISPATCH,UNIT_SCADA,1,"2022/10/20 22:05:00",LIMOSF21,0
D,DISPATCH,UNIT_SCADA,1,"2022/10/20 22:05:00",LI_WY_CA,55.242370
D,DISPATCH,UNIT_SCADA,1,"2022/10/20 22:05:00",LKBONNY1,19.201530
D,DISPATCH,UNIT_SCADA,1,"2022/10/20 22:05:00",LKBONNY2,59.875730
D,DISPATCH,UNIT_SCADA,1,"2022/10/20 22:05:00",LKBONNY3,16.746620
D,DISPATCH,UNIT_SCADA,1,"2022/10/20 22:05:00",LK_ECHO,0
D,DISPATCH,UNIT_SCADA,1,"2022/10/20 22:05:00",LNGS1,0
D,DISPATCH,UNIT_SCADA,1,"2022/10/20 22:05:00",LNGS2,0
D,DISPATCH,UNIT_SCADA,1,"2022/10/20 22:05:00",LONSDALE,0
D,DISPATCH,UNIT_SCADA,1,"2022/10/20 22:05:00",LOYYB1,577.443050
D,DISPATCH,UNIT_SCADA,1,"2022/10/20 22:05:00",LOYYB2,570.675960
D,DISPATCH,UNIT_SCADA,1,"2022/10/20 22:05:00",LYA1,546
D,DISPATCH,UNIT_SCADA,1,"2022/10/20 22:05:00",LYA2,0
D,DISPATCH,UNIT_SCADA,1,"2022/10/20 22:05:00",LYA3,545
D,DISPATCH,UNIT_SCADA,1,"2022/10/20 22:05:00",LYA4,547
D,DISPATCH,UNIT_SCADA,1,"2022/10/20 22:05:00",MACARTH1,103.697610
D,DISPATCH,UNIT_SCADA,1,"2022/10/20 22:05:00",MACKNTSH,0
D,DISPATCH,UNIT_SCADA,1,"2022/10/20 22:05:00",MANSLR1,0
D,DISPATCH,UNIT_SCADA,1,"2022/10/20 22:05:00",MAPS2PV1,0
D,DISPATCH,UNIT_SCADA,1,"2022/10/20 22:05:00",MAPS3PV1,0
D,DISPATCH,UNIT_SCADA,1,"2022/10/20 22:05:00",MARYRSF1,0
D,DISPATCH,UNIT_SCADA,1,"2022/10/20 22:05:00",MBPS2PV1,0
D,DISPATCH,UNIT_SCADA,1,"2022/10/20 22:05:00",MCKAY1,216.824980
D,DISPATCH,UNIT_SCADA,1,"2022/10/20 22:05:00",MEADOWBK,5.801740
D,DISPATCH,UNIT_SCADA,1,"2022/10/20 22:05:00",MERCER01,33.20
D,DISPATCH,UNIT_SCADA,1,"2022/10/20 22:05:00",METZSF1,0
D,DISPATCH,UNIT_SCADA,1,"2022/10/20 22:05:00",MEWF1,20.995070
D,DISPATCH,UNIT_SCADA,1,"2022/10/20 22:05:00",MIDDLSF1,0
D,DISPATCH,UNIT_SCADA,1,"2022/10/20 22:05:00",MINTARO,0.128180
D,DISPATCH,UNIT_SCADA,1,"2022/10/20 22:05:00",MOLNGSF1,0
D,DISPATCH,UNIT_SCADA,1,"2022/10/20 22:05:00",MOORAWF1,0.61
D,DISPATCH,UNIT_SCADA,1,"2022/10/20 22:05:00",MOREESF1,0
D,DISPATCH,UNIT_SCADA,1,"2022/10/20 22:05:00",MORTLK11,0
D,DISPATCH,UNIT_SCADA,1,"2022/10/20 22:05:00",MORTLK12,0
D,DISPATCH,UNIT_SCADA,1,"2022/10/20 22:05:00",MOUSF1,0
D,DISPATCH,UNIT_SCADA,1,"2022/10/20 22:05:00",MP1,0
D,DISPATCH,UNIT_SCADA,1,"2022/10/20 22:05:00",MP2,344.255740
D,DISPATCH,UNIT_SCADA,1,"2022/10/20 22:05:00",MPP_1,195.258010
D,DISPATCH,UNIT_SCADA,1,"2022/10/20 22:05:00",MPP_2,184.4239
D,DISPATCH,UNIT_SCADA,1,"2022/10/20 22:05:00",MRTLSWF1,0
D,DISPATCH,UNIT_SCADA,1,"2022/10/20 22:05:00",MSTUART1,0
D,DISPATCH,UNIT_SCADA,1,"2022/10/20 22:05:00",MSTUART2,0
D,DISPATCH,UNIT_SCADA,1,"2022/10/20 22:05:00",MSTUART3,0
D,DISPATCH,UNIT_SCADA,1,"2022/10/20 22:05:00",MTGELWF1,51.150550
D,DISPATCH,UNIT_SCADA,1,"2022/10/20 22:05:00",MTMILLAR,25.40
D,DISPATCH,UNIT_SCADA,1,"2022/10/20 22:05:00",MURRAY,0
D,DISPATCH,UNIT_SCADA,1,"2022/10/20 22:05:00",MUSSELR1,18.20
D,DISPATCH,UNIT_SCADA,1,"2022/10/20 22:05:00",MUWAWF1,51.33
D,DISPATCH,UNIT_SCADA,1,"2022/10/20 22:05:00",MUWAWF2,59.40
D,DISPATCH,UNIT_SCADA,1,"2022/10/20 22:05:00",MWPS1PV1,0
D,DISPATCH,UNIT_SCADA,1,"2022/10/20 22:05:00",MWPS2PV1,0
D,DISPATCH,UNIT_SCADA,1,"2022/10/20 22:05:00",MWPS3PV1,0
D,DISPATCH,UNIT_SCADA,1,"2022/10/20 22:05:00",MWPS4PV1,0
D,DISPATCH,UNIT_SCADA,1,"2022/10/20 22:05:00",NBHWF1,60.50
D,DISPATCH,UNIT_SCADA,1,"2022/10/20 22:05:00",NEVERSF1,0
D,DISPATCH,UNIT_SCADA,1,"2022/10/20 22:05:00",NPS,0
D,DISPATCH,UNIT_SCADA,1,"2022/10/20 22:05:00",NUMURSF1,0
D,DISPATCH,UNIT_SCADA,1,"2022/10/20 22:05:00",NYNGAN1,0
D,DISPATCH,UNIT_SCADA,1,"2022/10/20 22:05:00",OAKEY1,0
D,DISPATCH,UNIT_SCADA,1,"2022/10/20 22:05:00",OAKEY1SF,0
D,DISPATCH,UNIT_SCADA,1,"2022/10/20 22:05:00",OAKEY2,0
D,DISPATCH,UNIT_SCADA,1,"2022/10/20 22:05:00",OAKEY2SF,0
D,DISPATCH,UNIT_SCADA,1,"2022/10/20 22:05:00",OAKLAND1,5.80
D,DISPATCH,UNIT_SCADA,1,"2022/10/20 22:05:00",OSB-AG,179.67
D,DISPATCH,UNIT_SCADA,1,"2022/10/20 22:05:00",PAREPS1,0
D,DISPATCH,UNIT_SCADA,1,"2022/10/20 22:05:00",PAREPW1,56.29
D,DISPATCH,UNIT_SCADA,1,"2022/10/20 22:05:00",PARSF1,0.001530
D,DISPATCH,UNIT_SCADA,1,"2022/10/20 22:05:00",POAT110,3.10
D,DISPATCH,UNIT_SCADA,1,"2022/10/20 22:05:00",POAT220,0
D,DISPATCH,UNIT_SCADA,1,"2022/10/20 22:05:00",POR01,0
D,DISPATCH,UNIT_SCADA,1,"2022/10/20 22:05:00",POR03,0
D,DISPATCH,UNIT_SCADA,1,"2022/10/20 22:05:00",PPCCGT,161.472260
D,DISPATCH,UNIT_SCADA,1,"2022/10/20 22:05:00",PTSTAN1,0
D,DISPATCH,UNIT_SCADA,1,"2022/10/20 22:05:00",PUMP1,0
D,DISPATCH,UNIT_SCADA,1,"2022/10/20 22:05:00",PUMP2,0
D,DISPATCH,UNIT_SCADA,1,"2022/10/20 22:05:00",QBYNBG1,0.0055
D,DISPATCH,UNIT_SCADA,1,"2022/10/20 22:05:00",QBYNBL1,0
D,DISPATCH,UNIT_SCADA,1,"2022/10/20 22:05:00",QPS1,0
D,DISPATCH,UNIT_SCADA,1,"2022/10/20 22:05:00",QPS2,0
D,DISPATCH,UNIT_SCADA,1,"2022/10/20 22:05:00",QPS3,0
D,DISPATCH,UNIT_SCADA,1,"2022/10/20 22:05:00",QPS4,0
D,DISPATCH,UNIT_SCADA,1,"2022/10/20 22:05:00",QPS5,0
D,DISPATCH,UNIT_SCADA,1,"2022/10/20 22:05:00",REECE1,0
D,DISPATCH,UNIT_SCADA,1,"2022/10/20 22:05:00",REECE2,0
D,DISPATCH,UNIT_SCADA,1,"2022/10/20 22:05:00",ROMA_7,0
D,DISPATCH,UNIT_SCADA,1,"2022/10/20 22:05:00",ROMA_8,0
D,DISPATCH,UNIT_SCADA,1,"2022/10/20 22:05:00",RRSF1,0
D,DISPATCH,UNIT_SCADA,1,"2022/10/20 22:05:00",RT_NSW1,0
D,DISPATCH,UNIT_SCADA,1,"2022/10/20 22:05:00",RT_NSW2,0
D,DISPATCH,UNIT_SCADA,1,"2022/10/20 22:05:00",RT_NSW3,0
D,DISPATCH,UNIT_SCADA,1,"2022/10/20 22:05:00",RT_NSW4,0
D,DISPATCH,UNIT_SCADA,1,"2022/10/20 22:05:00",RT_NSW5,0
D,DISPATCH,UNIT_SCADA,1,"2022/10/20 22:05:00",RT_NSW6,0
D,DISPATCH,UNIT_SCADA,1,"2022/10/20 22:05:00",RT_QLD1,0
D,DISPATCH,UNIT_SCADA,1,"2022/10/20 22:05:00",RT_SA1,0
D,DISPATCH,UNIT_SCADA,1,"2022/10/20 22:05:00",RT_SA2,0
D,DISPATCH,UNIT_SCADA,1,"2022/10/20 22:05:00",RT_SA3,0
D,DISPATCH,UNIT_SCADA,1,"2022/10/20 22:05:00",RT_SA4,0
D,DISPATCH,UNIT_SCADA,1,"2022/10/20 22:05:00",RT_SA5,0
D,DISPATCH,UNIT_SCADA,1,"2022/10/20 22:05:00",RT_SA6,0
D,DISPATCH,UNIT_SCADA,1,"2022/10/20 22:05:00",RT_TAS1,0
D,DISPATCH,UNIT_SCADA,1,"2022/10/20 22:05:00",RT_VIC1,0
D,DISPATCH,UNIT_SCADA,1,"2022/10/20 22:05:00",RT_VIC10,0
D,DISPATCH,UNIT_SCADA,1,"2022/10/20 22:05:00",RT_VIC11,0
D,DISPATCH,UNIT_SCADA,1,"2022/10/20 22:05:00",RT_VIC12,0
D,DISPATCH,UNIT_SCADA,1,"2022/10/20 22:05:00",RT_VIC2,0
D,DISPATCH,UNIT_SCADA,1,"2022/10/20 22:05:00",RT_VIC3,0
D,DISPATCH,UNIT_SCADA,1,"2022/10/20 22:05:00",RT_VIC4,0
D,DISPATCH,UNIT_SCADA,1,"2022/10/20 22:05:00",RT_VIC5,0
D,DISPATCH,UNIT_SCADA,1,"2022/10/20 22:05:00",RT_VIC6,0
D,DISPATCH,UNIT_SCADA,1,"2022/10/20 22:05:00",RT_VIC7,0
D,DISPATCH,UNIT_SCADA,1,"2022/10/20 22:05:00",RT_VIC8,0
D,DISPATCH,UNIT_SCADA,1,"2022/10/20 22:05:00",RT_VIC9,0
D,DISPATCH,UNIT_SCADA,1,"2022/10/20 22:05:00",RUGBYR1,0
D,DISPATCH,UNIT_SCADA,1,"2022/10/20 22:05:00",SALTCRK1,31.61
D,DISPATCH,UNIT_SCADA,1,"2022/10/20 22:05:00",SAPHWF1,236.635390
D,DISPATCH,UNIT_SCADA,1,"2022/10/20 22:05:00",SEBSF1,0
D,DISPATCH,UNIT_SCADA,1,"2022/10/20 22:05:00",SHGEN,0
D,DISPATCH,UNIT_SCADA,1,"2022/10/20 22:05:00",SHPUMP,0
D,DISPATCH,UNIT_SCADA,1,"2022/10/20 22:05:00",SITHE01,0.123710
D,DISPATCH,UNIT_SCADA,1,"2022/10/20 22:05:00",SMCSF1,0
D,DISPATCH,UNIT_SCADA,1,"2022/10/20 22:05:00",SNAPPER1,0
D,DISPATCH,UNIT_SCADA,1,"2022/10/20 22:05:00",SNOWNTH1,71.20
D,DISPATCH,UNIT_SCADA,1,"2022/10/20 22:05:00",SNOWSTH1,63.70
D,DISPATCH,UNIT_SCADA,1,"2022/10/20 22:05:00",SNOWTWN1,56.129950
D,DISPATCH,UNIT_SCADA,1,"2022/10/20 22:05:00",SNOWYP,0
D,DISPATCH,UNIT_SCADA,1,"2022/10/20 22:05:00",SNUG1,0
D,DISPATCH,UNIT_SCADA,1,"2022/10/20 22:05:00",SRSF1,0
D,DISPATCH,UNIT_SCADA,1,"2022/10/20 22:05:00",STAN-1,276.403050
D,DISPATCH,UNIT_SCADA,1,"2022/10/20 22:05:00",STAN-2,362.410490
D,DISPATCH,UNIT_SCADA,1,"2022/10/20 22:05:00",STAN-3,361.474790
D,DISPATCH,UNIT_SCADA,1,"2022/10/20 22:05:00",STAN-4,360.808260
D,DISPATCH,UNIT_SCADA,1,"2022/10/20 22:05:00",STARHLWF,17.894780
D,DISPATCH,UNIT_SCADA,1,"2022/10/20 22:05:00",STOCKYD1,170.25
D,DISPATCH,UNIT_SCADA,1,"2022/10/20 22:05:00",STWF1,27.834290
D,DISPATCH,UNIT_SCADA,1,"2022/10/20 22:05:00",SUNRSF1,0
D,DISPATCH,UNIT_SCADA,1,"2022/10/20 22:05:00",SUNTPSF1,0
D,DISPATCH,UNIT_SCADA,1,"2022/10/20 22:05:00",SWAN_E,260.401890
D,DISPATCH,UNIT_SCADA,1,"2022/10/20 22:05:00",TALWA1,0
D,DISPATCH,UNIT_SCADA,1,"2022/10/20 22:05:00",TARALGA1,0
D,DISPATCH,UNIT_SCADA,1,"2022/10/20 22:05:00",TARONG#1,346.800020
D,DISPATCH,UNIT_SCADA,1,"2022/10/20 22:05:00",TARONG#2,347.300020
D,DISPATCH,UNIT_SCADA,1,"2022/10/20 22:05:00",TARONG#3,0.90
D,DISPATCH,UNIT_SCADA,1,"2022/10/20 22:05:00",TARONG#4,289.300020
D,DISPATCH,UNIT_SCADA,1,"2022/10/20 22:05:00",TARRALEA,54
D,DISPATCH,UNIT_SCADA,1,"2022/10/20 22:05:00",TBSF1,0
D,DISPATCH,UNIT_SCADA,1,"2022/10/20 22:05:00",TNPS1,416.312530
D,DISPATCH,UNIT_SCADA,1,"2022/10/20 22:05:00",TORRB1,0
D,DISPATCH,UNIT_SCADA,1,"2022/10/20 22:05:00",TORRB2,54
D,DISPATCH,UNIT_SCADA,1,"2022/10/20 22:05:00",TORRB3,0
D,DISPATCH,UNIT_SCADA,1,"2022/10/20 22:05:00",TORRB4,0
D,DISPATCH,UNIT_SCADA,1,"2022/10/20 22:05:00",TREVALLN,98.026710
D,DISPATCH,UNIT_SCADA,1,"2022/10/20 22:05:00",TRIBUTE,0
D,DISPATCH,UNIT_SCADA,1,"2022/10/20 22:05:00",TUMUT3,0
D,DISPATCH,UNIT_SCADA,1,"2022/10/20 22:05:00",TUNGATIN,2.500020
D,DISPATCH,UNIT_SCADA,1,"2022/10/20 22:05:00",TVCC201,0
D,DISPATCH,UNIT_SCADA,1,"2022/10/20 22:05:00",TVPP104,0
D,DISPATCH,UNIT_SCADA,1,"2022/10/20 22:05:00",UPPTUMUT,0
D,DISPATCH,UNIT_SCADA,1,"2022/10/20 22:05:00",URANQ11,0
D,DISPATCH,UNIT_SCADA,1,"2022/10/20 22:05:00",URANQ12,0
D,DISPATCH,UNIT_SCADA,1,"2022/10/20 22:05:00",URANQ13,0
D,DISPATCH,UNIT_SCADA,1,"2022/10/20 22:05:00",URANQ14,0
D,DISPATCH,UNIT_SCADA,1,"2022/10/20 22:05:00",VBBG1,0
D,DISPATCH,UNIT_SCADA,1,"2022/10/20 22:05:00",VBBL1,4.90
D,DISPATCH,UNIT_SCADA,1,"2022/10/20 22:05:00",VP5,550.480650
D,DISPATCH,UNIT_SCADA,1,"2022/10/20 22:05:00",VP6,549.723820
D,DISPATCH,UNIT_SCADA,1,"2022/10/20 22:05:00",VPGS1,0
D,DISPATCH,UNIT_SCADA,1,"2022/10/20 22:05:00",VPGS2,0
D,DISPATCH,UNIT_SCADA,1,"2022/10/20 22:05:00",VPGS3,0
D,DISPATCH,UNIT_SCADA,1,"2022/10/20 22:05:00",VPGS4,0
D,DISPATCH,UNIT_SCADA,1,"2022/10/20 22:05:00",VPGS5,0
D,DISPATCH,UNIT_SCADA,1,"2022/10/20 22:05:00",VPGS6,0
D,DISPATCH,UNIT_SCADA,1,"2022/10/20 22:05:00",W/HOE#1,0
D,DISPATCH,UNIT_SCADA,1,"2022/10/20 22:05:00",W/HOE#2,0
D,DISPATCH,UNIT_SCADA,1,"2022/10/20 22:05:00",WAGGNSF1,0
D,DISPATCH,UNIT_SCADA,1,"2022/10/20 22:05:00",WALGRVG1,0
D,DISPATCH,UNIT_SCADA,1,"2022/10/20 22:05:00",WALGRVL1,19.409980
D,DISPATCH,UNIT_SCADA,1,"2022/10/20 22:05:00",WANDBG1,0
D,DISPATCH,UNIT_SCADA,1,"2022/10/20 22:05:00",WANDBL1,50.886860
D,DISPATCH,UNIT_SCADA,1,"2022/10/20 22:05:00",WARWSF1,0
D,DISPATCH,UNIT_SCADA,1,"2022/10/20 22:05:00",WARWSF2,0
D,DISPATCH,UNIT_SCADA,1,"2022/10/20 22:05:00",WATERLWF,26.90
D,DISPATCH,UNIT_SCADA,1,"2022/10/20 22:05:00",WDGPH1,0
D,DISPATCH,UNIT_SCADA,1,"2022/10/20 22:05:00",WELLSF1,0
D,DISPATCH,UNIT_SCADA,1,"2022/10/20 22:05:00",WEMENSF1,0
D,DISPATCH,UNIT_SCADA,1,"2022/10/20 22:05:00",WGWF1,19.30
D,DISPATCH,UNIT_SCADA,1,"2022/10/20 22:05:00",WHITSF1,0
D,DISPATCH,UNIT_SCADA,1,"2022/10/20 22:05:00",WINTSF1,0
D,DISPATCH,UNIT_SCADA,1,"2022/10/20 22:05:00",WKIEWA1,33.60
D,DISPATCH,UNIT_SCADA,1,"2022/10/20 22:05:00",WKIEWA2,33.60
D,DISPATCH,UNIT_SCADA,1,"2022/10/20 22:05:00",WOODLWN1,38.246190
D,DISPATCH,UNIT_SCADA,1,"2022/10/20 22:05:00",WOOLGSF1,0
D,DISPATCH,UNIT_SCADA,1,"2022/10/20 22:05:00",WPWF,60.02
D,DISPATCH,UNIT_SCADA,1,"2022/10/20 22:05:00",WRSF1,0
D,DISPATCH,UNIT_SCADA,1,"2022/10/20 22:05:00",WRWF1,122.4036
D,DISPATCH,UNIT_SCADA,1,"2022/10/20 22:05:00",WSTWYSF1,0
D,DISPATCH,UNIT_SCADA,1,"2022/10/20 22:05:00",YABULU,0
D,DISPATCH,UNIT_SCADA,1,"2022/10/20 22:05:00",YABULU2,0
D,DISPATCH,UNIT_SCADA,1,"2022/10/20 22:05:00",YARANSF1,0
D,DISPATCH,UNIT_SCADA,1,"2022/10/20 22:05:00",YARWUN_1,163.64
D,DISPATCH,UNIT_SCADA,1,"2022/10/20 22:05:00",YATSF1,0
D,DISPATCH,UNIT_SCADA,1,"2022/10/20 22:05:00",YENDWF1,8.29
D,DISPATCH,UNIT_SCADA,1,"2022/10/20 22:05:00",YWPS1,320.0481
D,DISPATCH,UNIT_SCADA,1,"2022/10/20 22:05:00",YWPS2,358.645570
D,DISPATCH,UNIT_SCADA,1,"2022/10/20 22:05:00",YWPS3,357.412660
D,DISPATCH,UNIT_SCADA,1,"2022/10/20 22:05:00",YWPS4,0
C,"END OF REPORT",419
