C,NEMP.WORLD,DISPATCHSCADA,AEMO,PUBLIC,2022/10/20,15:55:10,0000000373265262,DISPATCHSCADA,0000000373265256
I,DISPATCH,UNIT_SCADA,1,SETTLEMENTDATE,DUID,SCADAVALUE
D,DISPATCH,UNIT_SCADA,1,"2022/10/20 16:00:00",BARCSF1,9.400001
D,DISPATCH,UNIT_SCADA,1,"2022/10/20 16:00:00",BUTLERSG,8.699999
D,DISPATCH,UNIT_SCADA,1,"2022/10/20 16:00:00",CAPTL_WF,82.442657
D,DISPATCH,UNIT_SCADA,1,"2022/10/20 16:00:00",CHALLHWF,13.200001
D,DISPATCH,UNIT_SCADA,1,"2022/10/20 16:00:00",CLOVER,10.32
D,DISPATCH,UNIT_SCADA,1,"2022/10/20 16:00:00",CLUNY,6.200503
D,DISPATCH,UNIT_SCADA,1,"2022/10/20 16:00:00",CULLRGWF,-0.06
D,DISPATCH,UNIT_SCADA,1,"2022/10/20 16:00:00",DIAPURWF1,5.80
D,DISPATCH,UNIT_SCADA,1,"2022/10/20 16:00:00",ERGT01,0
D,DISPATCH,UNIT_SCADA,1,"2022/10/20 16:00:00",GB01,0
D,DISPATCH,UNIT_SCADA,1,"2022/10/20 16:00:00",GERMCRK,21.799999
D,DISPATCH,UNIT_SCADA,1,"2022/10/20 16:00:00",GRIFSF1,15.098803
D,DISPATCH,UNIT_SCADA,1,"2022/10/20 16:00:00",HEZ1,0
D,DISPATCH,UNIT_SCADA,1,"2022/10/20 16:00:00",HUGSF1,12.4560
D,DISPATCH,UNIT_SCADA,1,"2022/10/20 16:00:00",KEPBG1,0
D,DISPATCH,UNIT_SCADA,1,"2022/10/20 16:00:00",LRSF1,12.0740
D,DISPATCH,UNIT_SCADA,1,"2022/10/20 16:00:00",MBAHNTH,43.743744
D,DISPATCH,UNIT_SCADA,1,"2022/10/20 16:00:00",MLSP1,2.199001
D,DISPATCH,UNIT_SCADA,1,"2022/10/20 16:00:00",MLWF1,6.8850
D,DISPATCH,UNIT_SCADA,1,"2022/10/20 16:00:00",PALOONA,30.369999
D,DISPATCH,UNIT_SCADA,1,"2022/10/20 16:00:00",PIONEER,30.10
D,DISPATCH,UNIT_SCADA,1,"2022/10/20 16:00:00",PORTWF,35.299999
D,DISPATCH,UNIT_SCADA,1,"2022/10/20 16:00:00",REPULSE,9.550317
D,DISPATCH,UNIT_SCADA,1,"2022/10/20 16:00:00",ROWALLAN,8.8892
D,DISPATCH,UNIT_SCADA,1,"2022/10/20 16:00:00",ROYALLA1,6.077003
D,DISPATCH,UNIT_SCADA,1,"2022/10/20 16:00:00",RPCG,-1.80
D,DISPATCH,UNIT_SCADA,1,"2022/10/20 16:00:00",RUBICON,0
D,DISPATCH,UNIT_SCADA,1,"2022/10/20 16:00:00",WAUBRAWF,60.745998
D,DISPATCH,UNIT_SCADA,1,"2022/10/20 16:00:00",WOOLNTH1,97.269997
D,DISPATCH,UNIT_SCADA,1,"2022/10/20 16:00:00",YAMBUKWF,3.90
D,DISPATCH,UNIT_SCADA,1,"2022/10/20 16:00:00",YSWF1,3.40
D,DISPATCH,UNIT_SCADA,1,"2022/10/20 16:00:00",ADPBA1G,0.0080
D,DISPATCH,UNIT_SCADA,1,"2022/10/20 16:00:00",ADPBA1L,0
D,DISPATCH,UNIT_SCADA,1,"2022/10/20 16:00:00",ADPPV1,8.7670
D,DISPATCH,UNIT_SCADA,1,"2022/10/20 16:00:00",AGLHAL,0
D,DISPATCH,UNIT_SCADA,1,"2022/10/20 16:00:00",AGLSOM,0
D,DISPATCH,UNIT_SCADA,1,"2022/10/20 16:00:00",ANGAST1,0
D,DISPATCH,UNIT_SCADA,1,"2022/10/20 16:00:00",ARWF1,32.10
D,DISPATCH,UNIT_SCADA,1,"2022/10/20 16:00:00",BALBG1,0
D,DISPATCH,UNIT_SCADA,1,"2022/10/20 16:00:00",BALBL1,0
D,DISPATCH,UNIT_SCADA,1,"2022/10/20 16:00:00",BALDHWF1,101.02
D,DISPATCH,UNIT_SCADA,1,"2022/10/20 16:00:00",BANGOWF1,79.696040
D,DISPATCH,UNIT_SCADA,1,"2022/10/20 16:00:00",BANGOWF2,55.098570
D,DISPATCH,UNIT_SCADA,1,"2022/10/20 16:00:00",BANN1,46.87
D,DISPATCH,UNIT_SCADA,1,"2022/10/20 16:00:00",BARCALDN,0
D,DISPATCH,UNIT_SCADA,1,"2022/10/20 16:00:00",BARKIPS1,0
D,DISPATCH,UNIT_SCADA,1,"2022/10/20 16:00:00",BARRON-1,24.48
D,DISPATCH,UNIT_SCADA,1,"2022/10/20 16:00:00",BARRON-2,0
D,DISPATCH,UNIT_SCADA,1,"2022/10/20 16:00:00",BASTYAN,51.13
D,DISPATCH,UNIT_SCADA,1,"2022/10/20 16:00:00",BBTHREE1,0
D,DISPATCH,UNIT_SCADA,1,"2022/10/20 16:00:00",BBTHREE2,0
D,DISPATCH,UNIT_SCADA,1,"2022/10/20 16:00:00",BBTHREE3,-1.09
D,DISPATCH,UNIT_SCADA,1,"2022/10/20 16:00:00",BDL01,0
D,DISPATCH,UNIT_SCADA,1,"2022/10/20 16:00:00",BDL02,0
D,DISPATCH,UNIT_SCADA,1,"2022/10/20 16:00:00",BERYLSF1,15.400730
D,DISPATCH,UNIT_SCADA,1,"2022/10/20 16:00:00",BLOWERNG,62.50
D,DISPATCH,UNIT_SCADA,1,"2022/10/20 16:00:00",BLUEGSF1,18.2784
D,DISPATCH,UNIT_SCADA,1,"2022/10/20 16:00:00",BLUFF1,0
D,DISPATCH,UNIT_SCADA,1,"2022/10/20 16:00:00",BNGSF1,63.31
D,DISPATCH,UNIT_SCADA,1,"2022/10/20 16:00:00",BNGSF2,100.05
D,DISPATCH,UNIT_SCADA,1,"2022/10/20 16:00:00",BOCORWF1,51.93
D,DISPATCH,UNIT_SCADA,1,"2022/10/20 16:00:00",BODWF1,94.622480
D,DISPATCH,UNIT_SCADA,1,"2022/10/20 16:00:00",BOMENSF1,39.329820
D,DISPATCH,UNIT_SCADA,1,"2022/10/20 16:00:00",BOWWBA1G,0
D,DISPATCH,UNIT_SCADA,1,"2022/10/20 16:00:00",BOWWBA1L,0
D,DISPATCH,UNIT_SCADA,1,"2022/10/20 16:00:00",BOWWPV1,0.0010
D,DISPATCH,UNIT_SCADA,1,"2022/10/20 16:00:00",BRAEMAR1,0
D,DISPATCH,UNIT_SCADA,1,"2022/10/20 16:00:00",BRAEMAR2,0
D,DISPATCH,UNIT_SCADA,1,"2022/10/20 16:00:00",BRAEMAR3,0
D,DISPATCH,UNIT_SCADA,1,"2022/10/20 16:00:00",BRAEMAR5,0.292060
D,DISPATCH,UNIT_SCADA,1,"2022/10/20 16:00:00",BRAEMAR6,0
D,DISPATCH,UNIT_SCADA,1,"2022/10/20 16:00:00",BRAEMAR7,111.344980
D,DISPATCH,UNIT_SCADA,1,"2022/10/20 16:00:00",BROKENH1,28.099570
D,DISPATCH,UNIT_SCADA,1,"2022/10/20 16:00:00",BRYB1WF1,78.959340
D,DISPATCH,UNIT_SCADA,1,"2022/10/20 16:00:00",BULBESG1,0
D,DISPATCH,UNIT_SCADA,1,"2022/10/20 16:00:00",BULBESL1,0.91
D,DISPATCH,UNIT_SCADA,1,"2022/10/20 16:00:00",BULGANA1,13.86
D,DISPATCH,UNIT_SCADA,1,"2022/10/20 16:00:00",BW01,657.956790
D,DISPATCH,UNIT_SCADA,1,"2022/10/20 16:00:00",BW02,619.6994
D,DISPATCH,UNIT_SCADA,1,"2022/10/20 16:00:00",BW03,462.494840
D,DISPATCH,UNIT_SCADA,1,"2022/10/20 16:00:00",BW04,0
D,DISPATCH,UNIT_SCADA,1,"2022/10/20 16:00:00",CALL_B_1,323
D,DISPATCH,UNIT_SCADA,1,"2022/10/20 16:00:00",CALL_B_2,319.300020
D,DISPATCH,UNIT_SCADA,1,"2022/10/20 16:00:00",CATHROCK,4.90
D,DISPATCH,UNIT_SCADA,1,"2022/10/20 16:00:00",CBWWBA1G,0
D,DISPATCH,UNIT_SCADA,1,"2022/10/20 16:00:00",CBWWBA1L,0
D,DISPATCH,UNIT_SCADA,1,"2022/10/20 16:00:00",CETHANA,97.645620
D,DISPATCH,UNIT_SCADA,1,"2022/10/20 16:00:00",CG1,0
D,DISPATCH,UNIT_SCADA,1,"2022/10/20 16:00:00",CG2,0
D,DISPATCH,UNIT_SCADA,1,"2022/10/20 16:00:00",CG3,0
D,DISPATCH,UNIT_SCADA,1,"2022/10/20 16:00:00",CG4,0
D,DISPATCH,UNIT_SCADA,1,"2022/10/20 16:00:00",CHILDSF1,6.39
D,DISPATCH,UNIT_SCADA,1,"2022/10/20 16:00:00",CHYTWF1,9.51
D,DISPATCH,UNIT_SCADA,1,"2022/10/20 16:00:00",CLARESF1,16.344580
D,DISPATCH,UNIT_SCADA,1,"2022/10/20 16:00:00",CLEMGPWF,4.394130
D,DISPATCH,UNIT_SCADA,1,"2022/10/20 16:00:00",CLERMSF1,13.47
D,DISPATCH,UNIT_SCADA,1,"2022/10/20 16:00:00",CNUNDAWF,9.911560
D,DISPATCH,UNIT_SCADA,1,"2022/10/20 16:00:00",COHUNSF1,17.51
D,DISPATCH,UNIT_SCADA,1,"2022/10/20 16:00:00",COLEASF1,69.802020
D,DISPATCH,UNIT_SCADA,1,"2022/10/20 16:00:00",COLUMSF1,5.0120
D,DISPATCH,UNIT_SCADA,1,"2022/10/20 16:00:00",COLWF01,63.288320
D,DISPATCH,UNIT_SCADA,1,"2022/10/20 16:00:00",COOPGWF1,180.05
D,DISPATCH,UNIT_SCADA,1,"2022/10/20 16:00:00",CPP_3,369.600010
D,DISPATCH,UNIT_SCADA,1,"2022/10/20 16:00:00",CPP_4,0
D,DISPATCH,UNIT_SCADA,1,"2022/10/20 16:00:00",CPSA,0
D,DISPATCH,UNIT_SCADA,1,"2022/10/20 16:00:00",CROOKWF2,56.793470
D,DISPATCH,UNIT_SCADA,1,"2022/10/20 16:00:00",CROWLWF1,15.8761
D,DISPATCH,UNIT_SCADA,1,"2022/10/20 16:00:00",CRURWF1,44.195850
D,DISPATCH,UNIT_SCADA,1,"2022/10/20 16:00:00",CRWASF1,19.545090
D,DISPATCH,UNIT_SCADA,1,"2022/10/20 16:00:00",CSPVPS1,17.2480
D,DISPATCH,UNIT_SCADA,1,"2022/10/20 16:00:00",CTHLWF1,0.003050
D,DISPATCH,UNIT_SCADA,1,"2022/10/20 16:00:00",DALNTH01,0
D,DISPATCH,UNIT_SCADA,1,"2022/10/20 16:00:00",DALNTHL1,1.9913
D,DISPATCH,UNIT_SCADA,1,"2022/10/20 16:00:00",DARLSF1,111.767270
D,DISPATCH,UNIT_SCADA,1,"2022/10/20 16:00:00",DARTM1,0
D,DISPATCH,UNIT_SCADA,1,"2022/10/20 16:00:00",DAYDSF1,143.7050
D,DISPATCH,UNIT_SCADA,1,"2022/10/20 16:00:00",DDPS1,0
D,DISPATCH,UNIT_SCADA,1,"2022/10/20 16:00:00",DDSF1,21.629950
D,DISPATCH,UNIT_SCADA,1,"2022/10/20 16:00:00",DEVILS_G,51.827750
D,DISPATCH,UNIT_SCADA,1,"2022/10/20 16:00:00",DG_NSW1,0
D,DISPATCH,UNIT_SCADA,1,"2022/10/20 16:00:00",DG_QLD1,0
D,DISPATCH,UNIT_SCADA,1,"2022/10/20 16:00:00",DG_SA1,0
D,DISPATCH,UNIT_SCADA,1,"2022/10/20 16:00:00",DG_TAS1,0
D,DISPATCH,UNIT_SCADA,1,"2022/10/20 16:00:00",DG_VIC1,0
D,DISPATCH,UNIT_SCADA,1,"2022/10/20 16:00:00",DRYCGT1,0
D,DISPATCH,UNIT_SCADA,1,"2022/10/20 16:00:00",DRYCGT2,0
D,DISPATCH,UNIT_SCADA,1,"2022/10/20 16:00:00",DRYCGT3,0
D,DISPATCH,UNIT_SCADA,1,"2022/10/20 16:00:00",DUNDWF1,61.93
D,DISPATCH,UNIT_SCADA,1,"2022/10/20 16:00:00",DUNDWF2,19.33
D,DISPATCH,UNIT_SCADA,1,"2022/10/20 16:00:00",DUNDWF3,54.82
D,DISPATCH,UNIT_SCADA,1,"2022/10/20 16:00:00",EILDON1,60
D,DISPATCH,UNIT_SCADA,1,"2022/10/20 16:00:00",EILDON2,60
D,DISPATCH,UNIT_SCADA,1,"2022/10/20 16:00:00",ELAINWF1,24.05
D,DISPATCH,UNIT_SCADA,1,"2022/10/20 16:00:00",EMERASF1,0
D,DISPATCH,UNIT_SCADA,1,"2022/10/20 16:00:00",ER01,0
D,DISPATCH,UNIT_SCADA,1,"2022/10/20 16:00:00",ER02,656.955810
D,DISPATCH,UNIT_SCADA,1,"2022/10/20 16:00:00",ER03,633.542360
D,DISPATCH,UNIT_SCADA,1,"2022/10/20 16:00:00",ER04,661.545720
D,DISPATCH,UNIT_SCADA,1,"2022/10/20 16:00:00",FINLYSF1,63.279160
D,DISPATCH,UNIT_SCADA,1,"2022/10/20 16:00:00",FISHER,43.96
D,DISPATCH,UNIT_SCADA,1,"2022/10/20 16:00:00",GANGARR1,71.6660
D,DISPATCH,UNIT_SCADA,1,"2022/10/20 16:00:00",GANNBG1,0
D,DISPATCH,UNIT_SCADA,1,"2022/10/20 16:00:00",GANNBL1,4.807050
D,DISPATCH,UNIT_SCADA,1,"2022/10/20 16:00:00",GANNSF1,45
D,DISPATCH,UNIT_SCADA,1,"2022/10/20 16:00:00",GLRWNSF1,32.19
D,DISPATCH,UNIT_SCADA,1,"2022/10/20 16:00:00",GNNDHSF1,64.970250
D,DISPATCH,UNIT_SCADA,1,"2022/10/20 16:00:00",GOONSF1,66.093540
D,DISPATCH,UNIT_SCADA,1,"2022/10/20 16:00:00",GORDON,226.832790
D,DISPATCH,UNIT_SCADA,1,"2022/10/20 16:00:00",GRANWF1,0
D,DISPATCH,UNIT_SCADA,1,"2022/10/20 16:00:00",GSTONE1,199.149990
D,DISPATCH,UNIT_SCADA,1,"2022/10/20 16:00:00",GSTONE2,0
D,DISPATCH,UNIT_SCADA,1,"2022/10/20 16:00:00",GSTONE3,198.274990
D,DISPATCH,UNIT_SCADA,1,"2022/10/20 16:00:00",GSTONE4,0
D,DISPATCH,UNIT_SCADA,1,"2022/10/20 16:00:00",GSTONE5,183.9250
D,DISPATCH,UNIT_SCADA,1,"2022/10/20 16:00:00",GSTONE6,198.974990
D,DISPATCH,UNIT_SCADA,1,"2022/10/20 16:00:00",GULLRSF1,0.834990
D,DISPATCH,UNIT_SCADA,1,"2022/10/20 16:00:00",GULLRWF1,76.743830
D,DISPATCH,UNIT_SCADA,1,"2022/10/20 16:00:00",GULLRWF2,70.821880
D,DISPATCH,UNIT_SCADA,1,"2022/10/20 16:00:00",GUNNING1,0
D,DISPATCH,UNIT_SCADA,1,"2022/10/20 16:00:00",GUTHEGA,67.70
D,DISPATCH,UNIT_SCADA,1,"2022/10/20 16:00:00",HALLWF1,0
D,DISPATCH,UNIT_SCADA,1,"2022/10/20 16:00:00",HALLWF2,0
D,DISPATCH,UNIT_SCADA,1,"2022/10/20 16:00:00",HAMISF1,37.30
D,DISPATCH,UNIT_SCADA,1,"2022/10/20 16:00:00",HAUGHT11,4.856580
D,DISPATCH,UNIT_SCADA,1,"2022/10/20 16:00:00",HAYMSF1,48.1910
D,DISPATCH,UNIT_SCADA,1,"2022/10/20 16:00:00",HDWF1,8
D,DISPATCH,UNIT_SCADA,1,"2022/10/20 16:00:00",HDWF2,8.50
D,DISPATCH,UNIT_SCADA,1,"2022/10/20 16:00:00",HDWF3,10.90
D,DISPATCH,UNIT_SCADA,1,"2022/10/20 16:00:00",HILLSTN1,0.840510
D,DISPATCH,UNIT_SCADA,1,"2022/10/20 16:00:00",HPRG1,2.20
D,DISPATCH,UNIT_SCADA,1,"2022/10/20 16:00:00",HPRL1,0
D,DISPATCH,UNIT_SCADA,1,"2022/10/20 16:00:00",HUMENSW,54.872060
D,DISPATCH,UNIT_SCADA,1,"2022/10/20 16:00:00",HUMEV,0
D,DISPATCH,UNIT_SCADA,1,"2022/10/20 16:00:00",HVWWBA1G,0
D,DISPATCH,UNIT_SCADA,1,"2022/10/20 16:00:00",HVWWBA1L,0.0060
D,DISPATCH,UNIT_SCADA,1,"2022/10/20 16:00:00",HVWWPV1,4.9460
D,DISPATCH,UNIT_SCADA,1,"2022/10/20 16:00:00",JBUTTERS,0
D,DISPATCH,UNIT_SCADA,1,"2022/10/20 16:00:00",JEMALNG1,15.10
D,DISPATCH,UNIT_SCADA,1,"2022/10/20 16:00:00",JLA01,0
D,DISPATCH,UNIT_SCADA,1,"2022/10/20 16:00:00",JLA02,0
D,DISPATCH,UNIT_SCADA,1,"2022/10/20 16:00:00",JLA03,0
D,DISPATCH,UNIT_SCADA,1,"2022/10/20 16:00:00",JLA04,0
D,DISPATCH,UNIT_SCADA,1,"2022/10/20 16:00:00",JLB01,0
D,DISPATCH,UNIT_SCADA,1,"2022/10/20 16:00:00",JLB02,0.10
D,DISPATCH,UNIT_SCADA,1,"2022/10/20 16:00:00",JLB03,0
D,DISPATCH,UNIT_SCADA,1,"2022/10/20 16:00:00",JUNEESF1,6.846210
D,DISPATCH,UNIT_SCADA,1,"2022/10/20 16:00:00",KABANWF1,0.7360
D,DISPATCH,UNIT_SCADA,1,"2022/10/20 16:00:00",KAREEYA1,18.0050
D,DISPATCH,UNIT_SCADA,1,"2022/10/20 16:00:00",KAREEYA2,0
D,DISPATCH,UNIT_SCADA,1,"2022/10/20 16:00:00",KAREEYA3,17.61
D,DISPATCH,UNIT_SCADA,1,"2022/10/20 16:00:00",KAREEYA4,0
D,DISPATCH,UNIT_SCADA,1,"2022/10/20 16:00:00",KARSF1,56.10
D,DISPATCH,UNIT_SCADA,1,"2022/10/20 16:00:00",KEPSF1,7.60
D,DISPATCH,UNIT_SCADA,1,"2022/10/20 16:00:00",KEPWF1,17.72
D,DISPATCH,UNIT_SCADA,1,"2022/10/20 16:00:00",KIAMSF1,40.966660
D,DISPATCH,UNIT_SCADA,1,"2022/10/20 16:00:00",KIATAWF1,2.50
D,DISPATCH,UNIT_SCADA,1,"2022/10/20 16:00:00",KPP_1,0
D,DISPATCH,UNIT_SCADA,1,"2022/10/20 16:00:00",KSP1,11.50
D,DISPATCH,UNIT_SCADA,1,"2022/10/20 16:00:00",LADBROK1,0.02
D,DISPATCH,UNIT_SCADA,1,"2022/10/20 16:00:00",LADBROK2,0.02
D,DISPATCH,UNIT_SCADA,1,"2022/10/20 16:00:00",LBBG1,0.15
D,DISPATCH,UNIT_SCADA,1,"2022/10/20 16:00:00",LBBL1,0
D,DISPATCH,UNIT_SCADA,1,"2022/10/20 16:00:00",LD01,276.461060
D,DISPATCH,UNIT_SCADA,1,"2022/10/20 16:00:00",LD02,31.4951
D,DISPATCH,UNIT_SCADA,1,"2022/10/20 16:00:00",LD04,279.738770
D,DISPATCH,UNIT_SCADA,1,"2022/10/20 16:00:00",LEM_WIL,86.980180
D,DISPATCH,UNIT_SCADA,1,"2022/10/20 16:00:00",LGAPWF1,52.53
D,DISPATCH,UNIT_SCADA,1,"2022/10/20 16:00:00",LGAPWF2,27.16
D,DISPATCH,UNIT_SCADA,1,"2022/10/20 16:00:00",LILYSF1,46.399480
D,DISPATCH,UNIT_SCADA,1,"2022/10/20 16:00:00",LIMOSF11,79.565570
D,DISPATCH,UNIT_SCADA,1,"2022/10/20 16:00:00",LIMOSF21,9.789240
D,DISPATCH,UNIT_SCADA,1,"2022/10/20 16:00:00",LI_WY_CA,62.830840
D,DISPATCH,UNIT_SCADA,1,"2022/10/20 16:00:00",LKBONNY1,0
D,DISPATCH,UNIT_SCADA,1,"2022/10/20 16:00:00",LKBONNY2,11.721630
D,DISPATCH,UNIT_SCADA,1,"2022/10/20 16:00:00",LKBONNY3,4.130830
D,DISPATCH,UNIT_SCADA,1,"2022/10/20 16:00:00",LK_ECHO,0
D,DISPATCH,UNIT_SCADA,1,"2022/10/20 16:00:00",LNGS1,0
D,DISPATCH,UNIT_SCADA,1,"2022/10/20 16:00:00",LNGS2,0
D,DISPATCH,UNIT_SCADA,1,"2022/10/20 16:00:00",LONSDALE,0
D,DISPATCH,UNIT_SCADA,1,"2022/10/20 16:00:00",LOYYB1,500.373410
D,DISPATCH,UNIT_SCADA,1,"2022/10/20 16:00:00",LOYYB2,500.749360
D,DISPATCH,UNIT_SCADA,1,"2022/10/20 16:00:00",LYA1,559
D,DISPATCH,UNIT_SCADA,1,"2022/10/20 16:00:00",LYA2,0
D,DISPATCH,UNIT_SCADA,1,"2022/10/20 16:00:00",LYA3,560
D,DISPATCH,UNIT_SCADA,1,"2022/10/20 16:00:00",LYA4,561
D,DISPATCH,UNIT_SCADA,1,"2022/10/20 16:00:00",MACARTH1,56.098710
D,DISPATCH,UNIT_SCADA,1,"2022/10/20 16:00:00",MACKNTSH,0
D,DISPATCH,UNIT_SCADA,1,"2022/10/20 16:00:00",MANSLR1,12.0740
D,DISPATCH,UNIT_SCADA,1,"2022/10/20 16:00:00",MAPS2PV1,0
D,DISPATCH,UNIT_SCADA,1,"2022/10/20 16:00:00",MAPS3PV1,0
D,DISPATCH,UNIT_SCADA,1,"2022/10/20 16:00:00",MARYRSF1,11.02
D,DISPATCH,UNIT_SCADA,1,"2022/10/20 16:00:00",MBPS2PV1,0
D,DISPATCH,UNIT_SCADA,1,"2022/10/20 16:00:00",MCKAY1,3.98
D,DISPATCH,UNIT_SCADA,1,"2022/10/20 16:00:00",MEADOWBK,5.830320
D,DISPATCH,UNIT_SCADA,1,"2022/10/20 16:00:00",MERCER01,24.10
D,DISPATCH,UNIT_SCADA,1,"2022/10/20 16:00:00",METZSF1,89.723160
D,DISPATCH,UNIT_SCADA,1,"2022/10/20 16:00:00",MEWF1,45.910020
D,DISPATCH,UNIT_SCADA,1,"2022/10/20 16:00:00",MIDDLSF1,10.95
D,DISPATCH,UNIT_SCADA,1,"2022/10/20 16:00:00",MINTARO,0.128180
D,DISPATCH,UNIT_SCADA,1,"2022/10/20 16:00:00",MOLNGSF1,4.605780
D,DISPATCH,UNIT_SCADA,1,"2022/10/20 16:00:00",MOORAWF1,43.61
D,DISPATCH,UNIT_SCADA,1,"2022/10/20 16:00:00",MOREESF1,3.8720
D,DISPATCH,UNIT_SCADA,1,"2022/10/20 16:00:00",MORTLK11,0
D,DISPATCH,UNIT_SCADA,1,"2022/10/20 16:00:00",MORTLK12,0
D,DISPATCH,UNIT_SCADA,1,"2022/10/20 16:00:00",MOUSF1,0
D,DISPATCH,UNIT_SCADA,1,"2022/10/20 16:00:00",MP1,0
D,DISPATCH,UNIT_SCADA,1,"2022/10/20 16:00:00",MP2,555.391780
D,DISPATCH,UNIT_SCADA,1,"2022/10/20 16:00:00",MPP_1,40.955960
D,DISPATCH,UNIT_SCADA,1,"2022/10/20 16:00:00",MPP_2,184.790130
D,DISPATCH,UNIT_SCADA,1,"2022/10/20 16:00:00",MRTLSWF1,0
D,DISPATCH,UNIT_SCADA,1,"2022/10/20 16:00:00",MSTUART1,0
D,DISPATCH,UNIT_SCADA,1,"2022/10/20 16:00:00",MSTUART2,0
D,DISPATCH,UNIT_SCADA,1,"2022/10/20 16:00:00",MSTUART3,0
D,DISPATCH,UNIT_SCADA,1,"2022/10/20 16:00:00",MTGELWF1,56.285290
D,DISPATCH,UNIT_SCADA,1,"2022/10/20 16:00:00",MTMILLAR,13.90
D,DISPATCH,UNIT_SCADA,1,"2022/10/20 16:00:00",MURRAY,0
D,DISPATCH,UNIT_SCADA,1,"2022/10/20 16:00:00",MUSSELR1,3.70
D,DISPATCH,UNIT_SCADA,1,"2022/10/20 16:00:00",MUWAWF1,43.55
D,DISPATCH,UNIT_SCADA,1,"2022/10/20 16:00:00",MUWAWF2,34.40
D,DISPATCH,UNIT_SCADA,1,"2022/10/20 16:00:00",MWPS1PV1,3.53
D,DISPATCH,UNIT_SCADA,1,"2022/10/20 16:00:00",MWPS2PV1,3.77
D,DISPATCH,UNIT_SCADA,1,"2022/10/20 16:00:00",MWPS3PV1,0.42
D,DISPATCH,UNIT_SCADA,1,"2022/10/20 16:00:00",MWPS4PV1,0.52
D,DISPATCH,UNIT_SCADA,1,"2022/10/20 16:00:00",NBHWF1,0
D,DISPATCH,UNIT_SCADA,1,"2022/10/20 16:00:00",NEVERSF1,5.05
D,DISPATCH,UNIT_SCADA,1,"2022/10/20 16:00:00",NPS,0
D,DISPATCH,UNIT_SCADA,1,"2022/10/20 16:00:00",NUMURSF1,90.86
D,DISPATCH,UNIT_SCADA,1,"2022/10/20 16:00:00",NYNGAN1,4
D,DISPATCH,UNIT_SCADA,1,"2022/10/20 16:00:00",OAKEY1,0
D,DISPATCH,UNIT_SCADA,1,"2022/10/20 16:00:00",OAKEY1SF,8.5760
D,DISPATCH,UNIT_SCADA,1,"2022/10/20 16:00:00",OAKEY2,0
D,DISPATCH,UNIT_SCADA,1,"2022/10/20 16:00:00",OAKEY2SF,20.74
D,DISPATCH,UNIT_SCADA,1,"2022/10/20 16:00:00",OAKLAND1,15.60
D,DISPATCH,UNIT_SCADA,1,"2022/10/20 16:00:00",OSB-AG,59.77
D,DISPATCH,UNIT_SCADA,1,"2022/10/20 16:00:00",PAREPS1,0.7530
D,DISPATCH,UNIT_SCADA,1,"2022/10/20 16:00:00",PAREPW1,89.57
D,DISPATCH,UNIT_SCADA,1,"2022/10/20 16:00:00",PARSF1,51.000230
D,DISPATCH,UNIT_SCADA,1,"2022/10/20 16:00:00",POAT110,0
D,DISPATCH,UNIT_SCADA,1,"2022/10/20 16:00:00",POAT220,0
D,DISPATCH,UNIT_SCADA,1,"2022/10/20 16:00:00",POR01,0.008670
D,DISPATCH,UNIT_SCADA,1,"2022/10/20 16:00:00",POR03,0
D,DISPATCH,UNIT_SCADA,1,"2022/10/20 16:00:00",PPCCGT,167.512190
D,DISPATCH,UNIT_SCADA,1,"2022/10/20 16:00:00",PTSTAN1,0
D,DISPATCH,UNIT_SCADA,1,"2022/10/20 16:00:00",PUMP1,0
D,DISPATCH,UNIT_SCADA,1,"2022/10/20 16:00:00",PUMP2,0
D,DISPATCH,UNIT_SCADA,1,"2022/10/20 16:00:00",QBYNBG1,0
D,DISPATCH,UNIT_SCADA,1,"2022/10/20 16:00:00",QBYNBL1,2.848460
D,DISPATCH,UNIT_SCADA,1,"2022/10/20 16:00:00",QPS1,0
D,DISPATCH,UNIT_SCADA,1,"2022/10/20 16:00:00",QPS2,0
D,DISPATCH,UNIT_SCADA,1,"2022/10/20 16:00:00",QPS3,0
D,DISPATCH,UNIT_SCADA,1,"2022/10/20 16:00:00",QPS4,0
D,DISPATCH,UNIT_SCADA,1,"2022/10/20 16:00:00",QPS5,75.79
D,DISPATCH,UNIT_SCADA,1,"2022/10/20 16:00:00",REECE1,0
D,DISPATCH,UNIT_SCADA,1,"2022/10/20 16:00:00",REECE2,0
D,DISPATCH,UNIT_SCADA,1,"2022/10/20 16:00:00",ROMA_7,0
D,DISPATCH,UNIT_SCADA,1,"2022/10/20 16:00:00",ROMA_8,0
D,DISPATCH,UNIT_SCADA,1,"2022/10/20 16:00:00",RRSF1,33.8426
D,DISPATCH,UNIT_SCADA,1,"2022/10/20 16:00:00",RT_NSW1,0
D,DISPATCH,UNIT_SCADA,1,"2022/10/20 16:00:00",RT_NSW2,0
D,DISPATCH,UNIT_SCADA,1,"2022/10/20 16:00:00",RT_NSW3,0
D,DISPATCH,UNIT_SCADA,1,"2022/10/20 16:00:00",RT_NSW4,0
D,DISPATCH,UNIT_SCADA,1,"2022/10/20 16:00:00",RT_NSW5,0
D,DISPATCH,UNIT_SCADA,1,"2022/10/20 16:00:00",RT_NSW6,0
D,DISPATCH,UNIT_SCADA,1,"2022/10/20 16:00:00",RT_QLD1,0
D,DISPATCH,UNIT_SCADA,1,"2022/10/20 16:00:00",RT_SA1,0
D,DISPATCH,UNIT_SCADA,1,"2022/10/20 16:00:00",RT_SA2,0
D,DISPATCH,UNIT_SCADA,1,"2022/10/20 16:00:00",RT_SA3,0
D,DISPATCH,UNIT_SCADA,1,"2022/10/20 16:00:00",RT_SA4,0
D,DISPATCH,UNIT_SCADA,1,"2022/10/20 16:00:00",RT_SA5,0
D,DISPATCH,UNIT_SCADA,1,"2022/10/20 16:00:00",RT_SA6,0
D,DISPATCH,UNIT_SCADA,1,"2022/10/20 16:00:00",RT_TAS1,0
D,DISPATCH,UNIT_SCADA,1,"2022/10/20 16:00:00",RT_VIC1,0
D,DISPATCH,UNIT_SCADA,1,"2022/10/20 16:00:00",RT_VIC10,0
D,DISPATCH,UNIT_SCADA,1,"2022/10/20 16:00:00",RT_VIC11,0
D,DISPATCH,UNIT_SCADA,1,"2022/10/20 16:00:00",RT_VIC12,0
D,DISPATCH,UNIT_SCADA,1,"2022/10/20 16:00:00",RT_VIC2,0
D,DISPATCH,UNIT_SCADA,1,"2022/10/20 16:00:00",RT_VIC3,0
D,DISPATCH,UNIT_SCADA,1,"2022/10/20 16:00:00",RT_VIC4,0
D,DISPATCH,UNIT_SCADA,1,"2022/10/20 16:00:00",RT_VIC5,0
D,DISPATCH,UNIT_SCADA,1,"2022/10/20 16:00:00",RT_VIC6,0
D,DISPATCH,UNIT_SCADA,1,"2022/10/20 16:00:00",RT_VIC7,0
D,DISPATCH,UNIT_SCADA,1,"2022/10/20 16:00:00",RT_VIC8,0
D,DISPATCH,UNIT_SCADA,1,"2022/10/20 16:00:00",RT_VIC9,0
D,DISPATCH,UNIT_SCADA,1,"2022/10/20 16:00:00",RUGBYR1,0
D,DISPATCH,UNIT_SCADA,1,"2022/10/20 16:00:00",SALTCRK1,23.60
D,DISPATCH,UNIT_SCADA,1,"2022/10/20 16:00:00",SAPHWF1,35.161370
D,DISPATCH,UNIT_SCADA,1,"2022/10/20 16:00:00",SEBSF1,8.822770
D,DISPATCH,UNIT_SCADA,1,"2022/10/20 16:00:00",SHGEN,0
D,DISPATCH,UNIT_SCADA,1,"2022/10/20 16:00:00",SHPUMP,0
D,DISPATCH,UNIT_SCADA,1,"2022/10/20 16:00:00",SITHE01,0.083520
D,DISPATCH,UNIT_SCADA,1,"2022/10/20 16:00:00",SMCSF1,18.1210
D,DISPATCH,UNIT_SCADA,1,"2022/10/20 16:00:00",SNAPPER1,0
D,DISPATCH,UNIT_SCADA,1,"2022/10/20 16:00:00",SNOWNTH1,14.90
D,DISPATCH,UNIT_SCADA,1,"2022/10/20 16:00:00",SNOWSTH1,16.80
D,DISPATCH,UNIT_SCADA,1,"2022/10/20 16:00:00",SNOWTWN1,3.725740
D,DISPATCH,UNIT_SCADA,1,"2022/10/20 16:00:00",SNOWYP,0
D,DISPATCH,UNIT_SCADA,1,"2022/10/20 16:00:00",SNUG1,0
D,DISPATCH,UNIT_SCADA,1,"2022/10/20 16:00:00",SRSF1,2.25
D,DISPATCH,UNIT_SCADA,1,"2022/10/20 16:00:00",STAN-1,273.275480
D,DISPATCH,UNIT_SCADA,1,"2022/10/20 16:00:00",STAN-2,348.221160
D,DISPATCH,UNIT_SCADA,1,"2022/10/20 16:00:00",STAN-3,143.943890
D,DISPATCH,UNIT_SCADA,1,"2022/10/20 16:00:00",STAN-4,349.361970
D,DISPATCH,UNIT_SCADA,1,"2022/10/20 16:00:00",STARHLWF,11.396680
D,DISPATCH,UNIT_SCADA,1,"2022/10/20 16:00:00",STOCKYD1,203.87
D,DISPATCH,UNIT_SCADA,1,"2022/10/20 16:00:00",STWF1,0
D,DISPATCH,UNIT_SCADA,1,"2022/10/20 16:00:00",SUNRSF1,133.609530
D,DISPATCH,UNIT_SCADA,1,"2022/10/20 16:00:00",SUNTPSF1,80.857560
D,DISPATCH,UNIT_SCADA,1,"2022/10/20 16:00:00",SWAN_E,191.816860
D,DISPATCH,UNIT_SCADA,1,"2022/10/20 16:00:00",TALWA1,0
D,DISPATCH,UNIT_SCADA,1,"2022/10/20 16:00:00",TARALGA1,0
D,DISPATCH,UNIT_SCADA,1,"2022/10/20 16:00:00",TARONG#1,342.300020
D,DISPATCH,UNIT_SCADA,1,"2022/10/20 16:00:00",TARONG#2,342.200010
D,DISPATCH,UNIT_SCADA,1,"2022/10/20 16:00:00",TARONG#3,0.90
D,DISPATCH,UNIT_SCADA,1,"2022/10/20 16:00:00",TARONG#4,284.200010
D,DISPATCH,UNIT_SCADA,1,"2022/10/20 16:00:00",TARRALEA,54
D,DISPATCH,UNIT_SCADA,1,"2022/10/20 16:00:00",TBSF1,0.10
D,DISPATCH,UNIT_SCADA,1,"2022/10/20 16:00:00",TNPS1,394.1875
D,DISPATCH,UNIT_SCADA,1,"2022/10/20 16:00:00",TORRB1,0
D,DISPATCH,UNIT_SCADA,1,"2022/10/20 16:00:00",TORRB2,54
D,DISPATCH,UNIT_SCADA,1,"2022/10/20 16:00:00",TORRB3,0
D,DISPATCH,UNIT_SCADA,1,"2022/10/20 16:00:00",TORRB4,0
D,DISPATCH,UNIT_SCADA,1,"2022/10/20 16:00:00",TREVALLN,100.442990
D,DISPATCH,UNIT_SCADA,1,"2022/10/20 16:00:00",TRIBUTE,0
D,DISPATCH,UNIT_SCADA,1,"2022/10/20 16:00:00",TUMUT3,123.66
D,DISPATCH,UNIT_SCADA,1,"2022/10/20 16:00:00",TUNGATIN,4.320020
D,DISPATCH,UNIT_SCADA,1,"2022/10/20 16:00:00",TVCC201,0
D,DISPATCH,UNIT_SCADA,1,"2022/10/20 16:00:00",TVPP104,0
D,DISPATCH,UNIT_SCADA,1,"2022/10/20 16:00:00",UPPTUMUT,0
D,DISPATCH,UNIT_SCADA,1,"2022/10/20 16:00:00",URANQ11,0
D,DISPATCH,UNIT_SCADA,1,"2022/10/20 16:00:00",URANQ12,0
D,DISPATCH,UNIT_SCADA,1,"2022/10/20 16:00:00",URANQ13,0
D,DISPATCH,UNIT_SCADA,1,"2022/10/20 16:00:00",URANQ14,0
D,DISPATCH,UNIT_SCADA,1,"2022/10/20 16:00:00",VBBG1,10.90
D,DISPATCH,UNIT_SCADA,1,"2022/10/20 16:00:00",VBBL1,0
D,DISPATCH,UNIT_SCADA,1,"2022/10/20 16:00:00",VP5,505.996890
D,DISPATCH,UNIT_SCADA,1,"2022/10/20 16:00:00",VP6,503.726320
D,DISPATCH,UNIT_SCADA,1,"2022/10/20 16:00:00",VPGS1,0
D,DISPATCH,UNIT_SCADA,1,"2022/10/20 16:00:00",VPGS2,0
D,DISPATCH,UNIT_SCADA,1,"2022/10/20 16:00:00",VPGS3,0
D,DISPATCH,UNIT_SCADA,1,"2022/10/20 16:00:00",VPGS4,0
D,DISPATCH,UNIT_SCADA,1,"2022/10/20 16:00:00",VPGS5,0
D,DISPATCH,UNIT_SCADA,1,"2022/10/20 16:00:00",VPGS6,0
D,DISPATCH,UNIT_SCADA,1,"2022/10/20 16:00:00",W/HOE#1,0
D,DISPATCH,UNIT_SCADA,1,"2022/10/20 16:00:00",W/HOE#2,0
D,DISPATCH,UNIT_SCADA,1,"2022/10/20 16:00:00",WAGGNSF1,0
D,DISPATCH,UNIT_SCADA,1,"2022/10/20 16:00:00",WALGRVG1,0
D,DISPATCH,UNIT_SCADA,1,"2022/10/20 16:00:00",WALGRVL1,29.840530
D,DISPATCH,UNIT_SCADA,1,"2022/10/20 16:00:00",WANDBG1,0.893490
D,DISPATCH,UNIT_SCADA,1,"2022/10/20 16:00:00",WANDBL1,0
D,DISPATCH,UNIT_SCADA,1,"2022/10/20 16:00:00",WARWSF1,8.21
D,DISPATCH,UNIT_SCADA,1,"2022/10/20 16:00:00",WARWSF2,9.39
D,DISPATCH,UNIT_SCADA,1,"2022/10/20 16:00:00",WATERLWF,0
D,DISPATCH,UNIT_SCADA,1,"2022/10/20 16:00:00",WDGPH1,25.6220
D,DISPATCH,UNIT_SCADA,1,"2022/10/20 16:00:00",WELLSF1,96.336310
D,DISPATCH,UNIT_SCADA,1,"2022/10/20 16:00:00",WEMENSF1,22.50
D,DISPATCH,UNIT_SCADA,1,"2022/10/20 16:00:00",WGWF1,1.30
D,DISPATCH,UNIT_SCADA,1,"2022/10/20 16:00:00",WHITSF1,56.60
D,DISPATCH,UNIT_SCADA,1,"2022/10/20 16:00:00",WINTSF1,24.19
D,DISPATCH,UNIT_SCADA,1,"2022/10/20 16:00:00",WKIEWA1,32.30
D,DISPATCH,UNIT_SCADA,1,"2022/10/20 16:00:00",WKIEWA2,14.10
D,DISPATCH,UNIT_SCADA,1,"2022/10/20 16:00:00",WOODLWN1,32.533210
D,DISPATCH,UNIT_SCADA,1,"2022/10/20 16:00:00",WOOLGSF1,4.845310
D,DISPATCH,UNIT_SCADA,1,"2022/10/20 16:00:00",WPWF,43.95
D,DISPATCH,UNIT_SCADA,1,"2022/10/20 16:00:00",WRSF1,4.069950
D,DISPATCH,UNIT_SCADA,1,"2022/10/20 16:00:00",WRWF1,17.084610
D,DISPATCH,UNIT_SCADA,1,"2022/10/20 16:00:00",WSTWYSF1,5.048320
D,DISPATCH,UNIT_SCADA,1,"2022/10/20 16:00:00",YABULU,0
D,DISPATCH,UNIT_SCADA,1,"2022/10/20 16:00:00",YABULU2,0
D,DISPATCH,UNIT_SCADA,1,"2022/10/20 16:00:00",YARANSF1,45.26
D,DISPATCH,UNIT_SCADA,1,"2022/10/20 16:00:00",YARWUN_1,160.36
D,DISPATCH,UNIT_SCADA,1,"2022/10/20 16:00:00",YATSF1,26.92
D,DISPATCH,UNIT_SCADA,1,"2022/10/20 16:00:00",YENDWF1,31.20
D,DISPATCH,UNIT_SCADA,1,"2022/10/20 16:00:00",YWPS1,364.911410
D,DISPATCH,UNIT_SCADA,1,"2022/10/20 16:00:00",YWPS2,291.9772
D,DISPATCH,UNIT_SCADA,1,"2022/10/20 16:00:00",YWPS3,363.622770
D,DISPATCH,UNIT_SCADA,1,"2022/10/20 16:00:00",YWPS4,0
C,"END OF REPORT",419
