C,NEMP.WORLD,DISPATCHSCADA,AEMO,PUBLIC,2022/10/20,13:50:09,0000000373258810,DISPATCHSCADA,0000000373258804
I,DISPATCH,UNIT_SCADA,1,SETTLEMENTDATE,DUID,SCADAVALUE
D,DISPATCH,UNIT_SCADA,1,"2022/10/20 13:55:00",BARCSF1,3.20
D,DISPATCH,UNIT_SCADA,1,"2022/10/20 13:55:00",BUTLERSG,8.699999
D,DISPATCH,UNIT_SCADA,1,"2022/10/20 13:55:00",CAPTL_WF,40.762341
D,DISPATCH,UNIT_SCADA,1,"2022/10/20 13:55:00",CHALLHWF,7
D,DISPATCH,UNIT_SCADA,1,"2022/10/20 13:55:00",CLOVER,10.55
D,DISPATCH,UNIT_SCADA,1,"2022/10/20 13:55:00",CLUNY,5.143054
D,DISPATCH,UNIT_SCADA,1,"2022/10/20 13:55:00",CULLRGWF,-0.03
D,DISPATCH,UNIT_SCADA,1,"2022/10/20 13:55:00",DIAPURWF1,4.70
D,DISPATCH,UNIT_SCADA,1,"2022/10/20 13:55:00",ERGT01,0
D,DISPATCH,UNIT_SCADA,1,"2022/10/20 13:55:00",GB01,0
D,DISPATCH,UNIT_SCADA,1,"2022/10/20 13:55:00",GERMCRK,20.60
D,DISPATCH,UNIT_SCADA,1,"2022/10/20 13:55:00",GRIFSF1,5.000381
D,DISPATCH,UNIT_SCADA,1,"2022/10/20 13:55:00",HEZ1,0
D,DISPATCH,UNIT_SCADA,1,"2022/10/20 13:55:00",HUGSF1,8.3350
D,DISPATCH,UNIT_SCADA,1,"2022/10/20 13:55:00",KEPBG1,0
D,DISPATCH,UNIT_SCADA,1,"2022/10/20 13:55:00",LRSF1,12.705001
D,DISPATCH,UNIT_SCADA,1,"2022/10/20 13:55:00",MBAHNTH,43.293747
D,DISPATCH,UNIT_SCADA,1,"2022/10/20 13:55:00",MLSP1,3.708001
D,DISPATCH,UNIT_SCADA,1,"2022/10/20 13:55:00",MLWF1,3.78
D,DISPATCH,UNIT_SCADA,1,"2022/10/20 13:55:00",PALOONA,30.529999
D,DISPATCH,UNIT_SCADA,1,"2022/10/20 13:55:00",PIONEER,42.400002
D,DISPATCH,UNIT_SCADA,1,"2022/10/20 13:55:00",PORTWF,82.900002
D,DISPATCH,UNIT_SCADA,1,"2022/10/20 13:55:00",REPULSE,9.499046
D,DISPATCH,UNIT_SCADA,1,"2022/10/20 13:55:00",ROWALLAN,8.9176
D,DISPATCH,UNIT_SCADA,1,"2022/10/20 13:55:00",ROYALLA1,8.545003
D,DISPATCH,UNIT_SCADA,1,"2022/10/20 13:55:00",RPCG,-1.80
D,DISPATCH,UNIT_SCADA,1,"2022/10/20 13:55:00",RUBICON,0
D,DISPATCH,UNIT_SCADA,1,"2022/10/20 13:55:00",WAUBRAWF,59.589001
D,DISPATCH,UNIT_SCADA,1,"2022/10/20 13:55:00",WOOLNTH1,99.690002
D,DISPATCH,UNIT_SCADA,1,"2022/10/20 13:55:00",YAMBUKWF,9.10
D,DISPATCH,UNIT_SCADA,1,"2022/10/20 13:55:00",YSWF1,3
D,DISPATCH,UNIT_SCADA,1,"2022/10/20 13:55:00",ADPBA1G,0.0080
D,DISPATCH,UNIT_SCADA,1,"2022/10/20 13:55:00",ADPBA1L,0
D,DISPATCH,UNIT_SCADA,1,"2022/10/20 13:55:00",ADPPV1,8.7940
D,DISPATCH,UNIT_SCADA,1,"2022/10/20 13:55:00",AGLHAL,0
D,DISPATCH,UNIT_SCADA,1,"2022/10/20 13:55:00",AGLSOM,0
D,DISPATCH,UNIT_SCADA,1,"2022/10/20 13:55:00",ANGAST1,0
D,DISPATCH,UNIT_SCADA,1,"2022/10/20 13:55:00",ARWF1,1.70
D,DISPATCH,UNIT_SCADA,1,"2022/10/20 13:55:00",BALBG1,0
D,DISPATCH,UNIT_SCADA,1,"2022/10/20 13:55:00",BALBL1,0
D,DISPATCH,UNIT_SCADA,1,"2022/10/20 13:55:00",BALDHWF1,75.6860
D,DISPATCH,UNIT_SCADA,1,"2022/10/20 13:55:00",BANGOWF1,20.598460
D,DISPATCH,UNIT_SCADA,1,"2022/10/20 13:55:00",BANGOWF2,24.898830
D,DISPATCH,UNIT_SCADA,1,"2022/10/20 13:55:00",BANN1,59.30
D,DISPATCH,UNIT_SCADA,1,"2022/10/20 13:55:00",BARCALDN,0
D,DISPATCH,UNIT_SCADA,1,"2022/10/20 13:55:00",BARKIPS1,0
D,DISPATCH,UNIT_SCADA,1,"2022/10/20 13:55:00",BARRON-1,0
D,DISPATCH,UNIT_SCADA,1,"2022/10/20 13:55:00",BARRON-2,0
D,DISPATCH,UNIT_SCADA,1,"2022/10/20 13:55:00",BASTYAN,51.150010
D,DISPATCH,UNIT_SCADA,1,"2022/10/20 13:55:00",BBTHREE1,0
D,DISPATCH,UNIT_SCADA,1,"2022/10/20 13:55:00",BBTHREE2,21.82
D,DISPATCH,UNIT_SCADA,1,"2022/10/20 13:55:00",BBTHREE3,-1.04
D,DISPATCH,UNIT_SCADA,1,"2022/10/20 13:55:00",BDL01,0
D,DISPATCH,UNIT_SCADA,1,"2022/10/20 13:55:00",BDL02,0
D,DISPATCH,UNIT_SCADA,1,"2022/10/20 13:55:00",BERYLSF1,1.862530
D,DISPATCH,UNIT_SCADA,1,"2022/10/20 13:55:00",BLOWERNG,62.60
D,DISPATCH,UNIT_SCADA,1,"2022/10/20 13:55:00",BLUEGSF1,67.362820
D,DISPATCH,UNIT_SCADA,1,"2022/10/20 13:55:00",BLUFF1,1.60
D,DISPATCH,UNIT_SCADA,1,"2022/10/20 13:55:00",BNGSF1,24.02
D,DISPATCH,UNIT_SCADA,1,"2022/10/20 13:55:00",BNGSF2,22.57
D,DISPATCH,UNIT_SCADA,1,"2022/10/20 13:55:00",BOCORWF1,39.33
D,DISPATCH,UNIT_SCADA,1,"2022/10/20 13:55:00",BODWF1,61.9220
D,DISPATCH,UNIT_SCADA,1,"2022/10/20 13:55:00",BOMENSF1,41.270770
D,DISPATCH,UNIT_SCADA,1,"2022/10/20 13:55:00",BOWWBA1G,0
D,DISPATCH,UNIT_SCADA,1,"2022/10/20 13:55:00",BOWWBA1L,0.0010
D,DISPATCH,UNIT_SCADA,1,"2022/10/20 13:55:00",BOWWPV1,0
D,DISPATCH,UNIT_SCADA,1,"2022/10/20 13:55:00",BRAEMAR1,0
D,DISPATCH,UNIT_SCADA,1,"2022/10/20 13:55:00",BRAEMAR2,0
D,DISPATCH,UNIT_SCADA,1,"2022/10/20 13:55:00",BRAEMAR3,0
D,DISPATCH,UNIT_SCADA,1,"2022/10/20 13:55:00",BRAEMAR5,0.292060
D,DISPATCH,UNIT_SCADA,1,"2022/10/20 13:55:00",BRAEMAR6,0
D,DISPATCH,UNIT_SCADA,1,"2022/10/20 13:55:00",BRAEMAR7,0.130920
D,DISPATCH,UNIT_SCADA,1,"2022/10/20 13:55:00",BROKENH1,38.599410
D,DISPATCH,UNIT_SCADA,1,"2022/10/20 13:55:00",BRYB1WF1,97.734030
D,DISPATCH,UNIT_SCADA,1,"2022/10/20 13:55:00",BULBESG1,0
D,DISPATCH,UNIT_SCADA,1,"2022/10/20 13:55:00",BULBESL1,1.82
D,DISPATCH,UNIT_SCADA,1,"2022/10/20 13:55:00",BULGANA1,4.39
D,DISPATCH,UNIT_SCADA,1,"2022/10/20 13:55:00",BW01,662.229370
D,DISPATCH,UNIT_SCADA,1,"2022/10/20 13:55:00",BW02,621.066590
D,DISPATCH,UNIT_SCADA,1,"2022/10/20 13:55:00",BW03,544.307620
D,DISPATCH,UNIT_SCADA,1,"2022/10/20 13:55:00",BW04,0
D,DISPATCH,UNIT_SCADA,1,"2022/10/20 13:55:00",CALL_B_1,319.50
D,DISPATCH,UNIT_SCADA,1,"2022/10/20 13:55:00",CALL_B_2,319.899990
D,DISPATCH,UNIT_SCADA,1,"2022/10/20 13:55:00",CATHROCK,7.60
D,DISPATCH,UNIT_SCADA,1,"2022/10/20 13:55:00",CBWWBA1G,0
D,DISPATCH,UNIT_SCADA,1,"2022/10/20 13:55:00",CBWWBA1L,0
D,DISPATCH,UNIT_SCADA,1,"2022/10/20 13:55:00",CETHANA,85.97
D,DISPATCH,UNIT_SCADA,1,"2022/10/20 13:55:00",CG1,0
D,DISPATCH,UNIT_SCADA,1,"2022/10/20 13:55:00",CG2,0
D,DISPATCH,UNIT_SCADA,1,"2022/10/20 13:55:00",CG3,0
D,DISPATCH,UNIT_SCADA,1,"2022/10/20 13:55:00",CG4,0
D,DISPATCH,UNIT_SCADA,1,"2022/10/20 13:55:00",CHILDSF1,15.63
D,DISPATCH,UNIT_SCADA,1,"2022/10/20 13:55:00",CHYTWF1,7.68
D,DISPATCH,UNIT_SCADA,1,"2022/10/20 13:55:00",CLARESF1,40.562690
D,DISPATCH,UNIT_SCADA,1,"2022/10/20 13:55:00",CLEMGPWF,9.580660
D,DISPATCH,UNIT_SCADA,1,"2022/10/20 13:55:00",CLERMSF1,43.82
D,DISPATCH,UNIT_SCADA,1,"2022/10/20 13:55:00",CNUNDAWF,11.112960
D,DISPATCH,UNIT_SCADA,1,"2022/10/20 13:55:00",COHUNSF1,0.07
D,DISPATCH,UNIT_SCADA,1,"2022/10/20 13:55:00",COLEASF1,26.700620
D,DISPATCH,UNIT_SCADA,1,"2022/10/20 13:55:00",COLUMSF1,35.5790
D,DISPATCH,UNIT_SCADA,1,"2022/10/20 13:55:00",COLWF01,100.450140
D,DISPATCH,UNIT_SCADA,1,"2022/10/20 13:55:00",COOPGWF1,95.10
D,DISPATCH,UNIT_SCADA,1,"2022/10/20 13:55:00",CPP_3,372.350010
D,DISPATCH,UNIT_SCADA,1,"2022/10/20 13:55:00",CPP_4,0
D,DISPATCH,UNIT_SCADA,1,"2022/10/20 13:55:00",CPSA,0
D,DISPATCH,UNIT_SCADA,1,"2022/10/20 13:55:00",CROOKWF2,39.494620
D,DISPATCH,UNIT_SCADA,1,"2022/10/20 13:55:00",CROWLWF1,11.292670
D,DISPATCH,UNIT_SCADA,1,"2022/10/20 13:55:00",CRURWF1,40.899140
D,DISPATCH,UNIT_SCADA,1,"2022/10/20 13:55:00",CRWASF1,18.731010
D,DISPATCH,UNIT_SCADA,1,"2022/10/20 13:55:00",CSPVPS1,14.7920
D,DISPATCH,UNIT_SCADA,1,"2022/10/20 13:55:00",CTHLWF1,0.003050
D,DISPATCH,UNIT_SCADA,1,"2022/10/20 13:55:00",DALNTH01,0
D,DISPATCH,UNIT_SCADA,1,"2022/10/20 13:55:00",DALNTHL1,1.036090
D,DISPATCH,UNIT_SCADA,1,"2022/10/20 13:55:00",DARLSF1,76.740490
D,DISPATCH,UNIT_SCADA,1,"2022/10/20 13:55:00",DARTM1,0
D,DISPATCH,UNIT_SCADA,1,"2022/10/20 13:55:00",DAYDSF1,56.6880
D,DISPATCH,UNIT_SCADA,1,"2022/10/20 13:55:00",DDPS1,0
D,DISPATCH,UNIT_SCADA,1,"2022/10/20 13:55:00",DDSF1,21.987330
D,DISPATCH,UNIT_SCADA,1,"2022/10/20 13:55:00",DEVILS_G,57.848450
D,DISPATCH,UNIT_SCADA,1,"2022/10/20 13:55:00",DG_NSW1,0
D,DISPATCH,UNIT_SCADA,1,"2022/10/20 13:55:00",DG_QLD1,0
D,DISPATCH,UNIT_SCADA,1,"2022/10/20 13:55:00",DG_SA1,0
D,DISPATCH,UNIT_SCADA,1,"2022/10/20 13:55:00",DG_TAS1,0
D,DISPATCH,UNIT_SCADA,1,"2022/10/20 13:55:00",DG_VIC1,0
D,DISPATCH,UNIT_SCADA,1,"2022/10/20 13:55:00",DRYCGT1,0
D,DISPATCH,UNIT_SCADA,1,"2022/10/20 13:55:00",DRYCGT2,0
D,DISPATCH,UNIT_SCADA,1,"2022/10/20 13:55:00",DRYCGT3,0
D,DISPATCH,UNIT_SCADA,1,"2022/10/20 13:55:00",DUNDWF1,65.46
D,DISPATCH,UNIT_SCADA,1,"2022/10/20 13:55:00",DUNDWF2,16.95
D,DISPATCH,UNIT_SCADA,1,"2022/10/20 13:55:00",DUNDWF3,57.32
D,DISPATCH,UNIT_SCADA,1,"2022/10/20 13:55:00",EILDON1,60
D,DISPATCH,UNIT_SCADA,1,"2022/10/20 13:55:00",EILDON2,59.76
D,DISPATCH,UNIT_SCADA,1,"2022/10/20 13:55:00",ELAINWF1,21.18
D,DISPATCH,UNIT_SCADA,1,"2022/10/20 13:55:00",EMERASF1,0
D,DISPATCH,UNIT_SCADA,1,"2022/10/20 13:55:00",ER01,0
D,DISPATCH,UNIT_SCADA,1,"2022/10/20 13:55:00",ER02,381.487760
D,DISPATCH,UNIT_SCADA,1,"2022/10/20 13:55:00",ER03,440.155640
D,DISPATCH,UNIT_SCADA,1,"2022/10/20 13:55:00",ER04,440.9613
D,DISPATCH,UNIT_SCADA,1,"2022/10/20 13:55:00",FINLYSF1,101.438930
D,DISPATCH,UNIT_SCADA,1,"2022/10/20 13:55:00",FISHER,43.85
D,DISPATCH,UNIT_SCADA,1,"2022/10/20 13:55:00",GANGARR1,80.0220
D,DISPATCH,UNIT_SCADA,1,"2022/10/20 13:55:00",GANNBG1,0
D,DISPATCH,UNIT_SCADA,1,"2022/10/20 13:55:00",GANNBL1,4.2504
D,DISPATCH,UNIT_SCADA,1,"2022/10/20 13:55:00",GANNSF1,20.80
D,DISPATCH,UNIT_SCADA,1,"2022/10/20 13:55:00",GLRWNSF1,2.57
D,DISPATCH,UNIT_SCADA,1,"2022/10/20 13:55:00",GNNDHSF1,57.955830
D,DISPATCH,UNIT_SCADA,1,"2022/10/20 13:55:00",GOONSF1,23.126570
D,DISPATCH,UNIT_SCADA,1,"2022/10/20 13:55:00",GORDON,206.754880
D,DISPATCH,UNIT_SCADA,1,"2022/10/20 13:55:00",GRANWF1,0
D,DISPATCH,UNIT_SCADA,1,"2022/10/20 13:55:00",GSTONE1,201.4250
D,DISPATCH,UNIT_SCADA,1,"2022/10/20 13:55:00",GSTONE2,0
D,DISPATCH,UNIT_SCADA,1,"2022/10/20 13:55:00",GSTONE3,200.3750
D,DISPATCH,UNIT_SCADA,1,"2022/10/20 13:55:00",GSTONE4,0
D,DISPATCH,UNIT_SCADA,1,"2022/10/20 13:55:00",GSTONE5,186.20
D,DISPATCH,UNIT_SCADA,1,"2022/10/20 13:55:00",GSTONE6,200.899990
D,DISPATCH,UNIT_SCADA,1,"2022/10/20 13:55:00",GULLRSF1,1.084980
D,DISPATCH,UNIT_SCADA,1,"2022/10/20 13:55:00",GULLRWF1,68.613950
D,DISPATCH,UNIT_SCADA,1,"2022/10/20 13:55:00",GULLRWF2,49.468040
D,DISPATCH,UNIT_SCADA,1,"2022/10/20 13:55:00",GUNNING1,0
D,DISPATCH,UNIT_SCADA,1,"2022/10/20 13:55:00",GUTHEGA,67.600010
D,DISPATCH,UNIT_SCADA,1,"2022/10/20 13:55:00",HALLWF1,0
D,DISPATCH,UNIT_SCADA,1,"2022/10/20 13:55:00",HALLWF2,2.90
D,DISPATCH,UNIT_SCADA,1,"2022/10/20 13:55:00",HAMISF1,16
D,DISPATCH,UNIT_SCADA,1,"2022/10/20 13:55:00",HAUGHT11,54.698190
D,DISPATCH,UNIT_SCADA,1,"2022/10/20 13:55:00",HAYMSF1,16.7380
D,DISPATCH,UNIT_SCADA,1,"2022/10/20 13:55:00",HDWF1,7.70
D,DISPATCH,UNIT_SCADA,1,"2022/10/20 13:55:00",HDWF2,9.20
D,DISPATCH,UNIT_SCADA,1,"2022/10/20 13:55:00",HDWF3,8.80
D,DISPATCH,UNIT_SCADA,1,"2022/10/20 13:55:00",HILLSTN1,21.885950
D,DISPATCH,UNIT_SCADA,1,"2022/10/20 13:55:00",HPRG1,2
D,DISPATCH,UNIT_SCADA,1,"2022/10/20 13:55:00",HPRL1,0
D,DISPATCH,UNIT_SCADA,1,"2022/10/20 13:55:00",HUMENSW,54.170680
D,DISPATCH,UNIT_SCADA,1,"2022/10/20 13:55:00",HUMEV,0
D,DISPATCH,UNIT_SCADA,1,"2022/10/20 13:55:00",HVWWBA1G,0
D,DISPATCH,UNIT_SCADA,1,"2022/10/20 13:55:00",HVWWBA1L,0.0070
D,DISPATCH,UNIT_SCADA,1,"2022/10/20 13:55:00",HVWWPV1,4.8610
D,DISPATCH,UNIT_SCADA,1,"2022/10/20 13:55:00",JBUTTERS,0
D,DISPATCH,UNIT_SCADA,1,"2022/10/20 13:55:00",JEMALNG1,24.70
D,DISPATCH,UNIT_SCADA,1,"2022/10/20 13:55:00",JLA01,0
D,DISPATCH,UNIT_SCADA,1,"2022/10/20 13:55:00",JLA02,0
D,DISPATCH,UNIT_SCADA,1,"2022/10/20 13:55:00",JLA03,0
D,DISPATCH,UNIT_SCADA,1,"2022/10/20 13:55:00",JLA04,0
D,DISPATCH,UNIT_SCADA,1,"2022/10/20 13:55:00",JLB01,0
D,DISPATCH,UNIT_SCADA,1,"2022/10/20 13:55:00",JLB02,0.10
D,DISPATCH,UNIT_SCADA,1,"2022/10/20 13:55:00",JLB03,0
D,DISPATCH,UNIT_SCADA,1,"2022/10/20 13:55:00",JUNEESF1,11.363330
D,DISPATCH,UNIT_SCADA,1,"2022/10/20 13:55:00",KABANWF1,1.1710
D,DISPATCH,UNIT_SCADA,1,"2022/10/20 13:55:00",KAREEYA1,0
D,DISPATCH,UNIT_SCADA,1,"2022/10/20 13:55:00",KAREEYA2,0
D,DISPATCH,UNIT_SCADA,1,"2022/10/20 13:55:00",KAREEYA3,4.7875
D,DISPATCH,UNIT_SCADA,1,"2022/10/20 13:55:00",KAREEYA4,0
D,DISPATCH,UNIT_SCADA,1,"2022/10/20 13:55:00",KARSF1,18.30
D,DISPATCH,UNIT_SCADA,1,"2022/10/20 13:55:00",KEPSF1,11.98
D,DISPATCH,UNIT_SCADA,1,"2022/10/20 13:55:00",KEPWF1,6.80
D,DISPATCH,UNIT_SCADA,1,"2022/10/20 13:55:00",KIAMSF1,38.853280
D,DISPATCH,UNIT_SCADA,1,"2022/10/20 13:55:00",KIATAWF1,8.90
D,DISPATCH,UNIT_SCADA,1,"2022/10/20 13:55:00",KPP_1,0
D,DISPATCH,UNIT_SCADA,1,"2022/10/20 13:55:00",KSP1,13.16
D,DISPATCH,UNIT_SCADA,1,"2022/10/20 13:55:00",LADBROK1,0.01
D,DISPATCH,UNIT_SCADA,1,"2022/10/20 13:55:00",LADBROK2,0.02
D,DISPATCH,UNIT_SCADA,1,"2022/10/20 13:55:00",LBBG1,0
D,DISPATCH,UNIT_SCADA,1,"2022/10/20 13:55:00",LBBL1,2.70
D,DISPATCH,UNIT_SCADA,1,"2022/10/20 13:55:00",LD01,283.858760
D,DISPATCH,UNIT_SCADA,1,"2022/10/20 13:55:00",LD02,0
D,DISPATCH,UNIT_SCADA,1,"2022/10/20 13:55:00",LD04,282.210750
D,DISPATCH,UNIT_SCADA,1,"2022/10/20 13:55:00",LEM_WIL,79.016780
D,DISPATCH,UNIT_SCADA,1,"2022/10/20 13:55:00",LGAPWF1,44.65
D,DISPATCH,UNIT_SCADA,1,"2022/10/20 13:55:00",LGAPWF2,40.67
D,DISPATCH,UNIT_SCADA,1,"2022/10/20 13:55:00",LILYSF1,79.691760
D,DISPATCH,UNIT_SCADA,1,"2022/10/20 13:55:00",LIMOSF11,88.569010
D,DISPATCH,UNIT_SCADA,1,"2022/10/20 13:55:00",LIMOSF21,14.095770
D,DISPATCH,UNIT_SCADA,1,"2022/10/20 13:55:00",LI_WY_CA,54.701880
D,DISPATCH,UNIT_SCADA,1,"2022/10/20 13:55:00",LKBONNY1,0
D,DISPATCH,UNIT_SCADA,1,"2022/10/20 13:55:00",LKBONNY2,15.690590
D,DISPATCH,UNIT_SCADA,1,"2022/10/20 13:55:00",LKBONNY3,0.279110
D,DISPATCH,UNIT_SCADA,1,"2022/10/20 13:55:00",LK_ECHO,0
D,DISPATCH,UNIT_SCADA,1,"2022/10/20 13:55:00",LNGS1,0
D,DISPATCH,UNIT_SCADA,1,"2022/10/20 13:55:00",LNGS2,0
D,DISPATCH,UNIT_SCADA,1,"2022/10/20 13:55:00",LONSDALE,0
D,DISPATCH,UNIT_SCADA,1,"2022/10/20 13:55:00",LOYYB1,460.898740
D,DISPATCH,UNIT_SCADA,1,"2022/10/20 13:55:00",LOYYB2,461.274690
D,DISPATCH,UNIT_SCADA,1,"2022/10/20 13:55:00",LYA1,381
D,DISPATCH,UNIT_SCADA,1,"2022/10/20 13:55:00",LYA2,0
D,DISPATCH,UNIT_SCADA,1,"2022/10/20 13:55:00",LYA3,387
D,DISPATCH,UNIT_SCADA,1,"2022/10/20 13:55:00",LYA4,384
D,DISPATCH,UNIT_SCADA,1,"2022/10/20 13:55:00",MACARTH1,58.698640
D,DISPATCH,UNIT_SCADA,1,"2022/10/20 13:55:00",MACKNTSH,0
D,DISPATCH,UNIT_SCADA,1,"2022/10/20 13:55:00",MANSLR1,23.0640
D,DISPATCH,UNIT_SCADA,1,"2022/10/20 13:55:00",MAPS2PV1,0
D,DISPATCH,UNIT_SCADA,1,"2022/10/20 13:55:00",MAPS3PV1,0
D,DISPATCH,UNIT_SCADA,1,"2022/10/20 13:55:00",MARYRSF1,5.41
D,DISPATCH,UNIT_SCADA,1,"2022/10/20 13:55:00",MBPS2PV1,0
D,DISPATCH,UNIT_SCADA,1,"2022/10/20 13:55:00",MCKAY1,0.02
D,DISPATCH,UNIT_SCADA,1,"2022/10/20 13:55:00",MEADOWBK,5.944640
D,DISPATCH,UNIT_SCADA,1,"2022/10/20 13:55:00",MERCER01,27
D,DISPATCH,UNIT_SCADA,1,"2022/10/20 13:55:00",METZSF1,3.835090
D,DISPATCH,UNIT_SCADA,1,"2022/10/20 13:55:00",MEWF1,8.174340
D,DISPATCH,UNIT_SCADA,1,"2022/10/20 13:55:00",MIDDLSF1,18.45
D,DISPATCH,UNIT_SCADA,1,"2022/10/20 13:55:00",MINTARO,0.128180
D,DISPATCH,UNIT_SCADA,1,"2022/10/20 13:55:00",MOLNGSF1,20.8365
D,DISPATCH,UNIT_SCADA,1,"2022/10/20 13:55:00",MOORAWF1,55.24
D,DISPATCH,UNIT_SCADA,1,"2022/10/20 13:55:00",MOREESF1,44.96
D,DISPATCH,UNIT_SCADA,1,"2022/10/20 13:55:00",MORTLK11,0
D,DISPATCH,UNIT_SCADA,1,"2022/10/20 13:55:00",MORTLK12,0
D,DISPATCH,UNIT_SCADA,1,"2022/10/20 13:55:00",MOUSF1,0
D,DISPATCH,UNIT_SCADA,1,"2022/10/20 13:55:00",MP1,0
D,DISPATCH,UNIT_SCADA,1,"2022/10/20 13:55:00",MP2,358.660250
D,DISPATCH,UNIT_SCADA,1,"2022/10/20 13:55:00",MPP_1,170.431120
D,DISPATCH,UNIT_SCADA,1,"2022/10/20 13:55:00",MPP_2,173.605060
D,DISPATCH,UNIT_SCADA,1,"2022/10/20 13:55:00",MRTLSWF1,0
D,DISPATCH,UNIT_SCADA,1,"2022/10/20 13:55:00",MSTUART1,0
D,DISPATCH,UNIT_SCADA,1,"2022/10/20 13:55:00",MSTUART2,0
D,DISPATCH,UNIT_SCADA,1,"2022/10/20 13:55:00",MSTUART3,0
D,DISPATCH,UNIT_SCADA,1,"2022/10/20 13:55:00",MTGELWF1,39.516890
D,DISPATCH,UNIT_SCADA,1,"2022/10/20 13:55:00",MTMILLAR,11
D,DISPATCH,UNIT_SCADA,1,"2022/10/20 13:55:00",MURRAY,0
D,DISPATCH,UNIT_SCADA,1,"2022/10/20 13:55:00",MUSSELR1,4.80
D,DISPATCH,UNIT_SCADA,1,"2022/10/20 13:55:00",MUWAWF1,33.40
D,DISPATCH,UNIT_SCADA,1,"2022/10/20 13:55:00",MUWAWF2,20.80
D,DISPATCH,UNIT_SCADA,1,"2022/10/20 13:55:00",MWPS1PV1,4.03
D,DISPATCH,UNIT_SCADA,1,"2022/10/20 13:55:00",MWPS2PV1,2.65
D,DISPATCH,UNIT_SCADA,1,"2022/10/20 13:55:00",MWPS3PV1,0.54
D,DISPATCH,UNIT_SCADA,1,"2022/10/20 13:55:00",MWPS4PV1,1.41
D,DISPATCH,UNIT_SCADA,1,"2022/10/20 13:55:00",NBHWF1,0
D,DISPATCH,UNIT_SCADA,1,"2022/10/20 13:55:00",NEVERSF1,33.47
D,DISPATCH,UNIT_SCADA,1,"2022/10/20 13:55:00",NPS,0
D,DISPATCH,UNIT_SCADA,1,"2022/10/20 13:55:00",NUMURSF1,85.91
D,DISPATCH,UNIT_SCADA,1,"2022/10/20 13:55:00",NYNGAN1,0.50
D,DISPATCH,UNIT_SCADA,1,"2022/10/20 13:55:00",OAKEY1,0
D,DISPATCH,UNIT_SCADA,1,"2022/10/20 13:55:00",OAKEY1SF,9.56
D,DISPATCH,UNIT_SCADA,1,"2022/10/20 13:55:00",OAKEY2,0
D,DISPATCH,UNIT_SCADA,1,"2022/10/20 13:55:00",OAKEY2SF,14.42
D,DISPATCH,UNIT_SCADA,1,"2022/10/20 13:55:00",OAKLAND1,8.50
D,DISPATCH,UNIT_SCADA,1,"2022/10/20 13:55:00",OSB-AG,0
D,DISPATCH,UNIT_SCADA,1,"2022/10/20 13:55:00",PAREPS1,0.0660
D,DISPATCH,UNIT_SCADA,1,"2022/10/20 13:55:00",PAREPW1,73.45
D,DISPATCH,UNIT_SCADA,1,"2022/10/20 13:55:00",PARSF1,15.999080
D,DISPATCH,UNIT_SCADA,1,"2022/10/20 13:55:00",POAT110,0
D,DISPATCH,UNIT_SCADA,1,"2022/10/20 13:55:00",POAT220,0
D,DISPATCH,UNIT_SCADA,1,"2022/10/20 13:55:00",POR01,0.008670
D,DISPATCH,UNIT_SCADA,1,"2022/10/20 13:55:00",POR03,0
D,DISPATCH,UNIT_SCADA,1,"2022/10/20 13:55:00",PPCCGT,0
D,DISPATCH,UNIT_SCADA,1,"2022/10/20 13:55:00",PTSTAN1,0
D,DISPATCH,UNIT_SCADA,1,"2022/10/20 13:55:00",PUMP1,0
D,DISPATCH,UNIT_SCADA,1,"2022/10/20 13:55:00",PUMP2,0
D,DISPATCH,UNIT_SCADA,1,"2022/10/20 13:55:00",QBYNBG1,0
D,DISPATCH,UNIT_SCADA,1,"2022/10/20 13:55:00",QBYNBL1,1.499480
D,DISPATCH,UNIT_SCADA,1,"2022/10/20 13:55:00",QPS1,0
D,DISPATCH,UNIT_SCADA,1,"2022/10/20 13:55:00",QPS2,0
D,DISPATCH,UNIT_SCADA,1,"2022/10/20 13:55:00",QPS3,0
D,DISPATCH,UNIT_SCADA,1,"2022/10/20 13:55:00",QPS4,0
D,DISPATCH,UNIT_SCADA,1,"2022/10/20 13:55:00",QPS5,75.60
D,DISPATCH,UNIT_SCADA,1,"2022/10/20 13:55:00",REECE1,0
D,DISPATCH,UNIT_SCADA,1,"2022/10/20 13:55:00",REECE2,0
D,DISPATCH,UNIT_SCADA,1,"2022/10/20 13:55:00",ROMA_7,0
D,DISPATCH,UNIT_SCADA,1,"2022/10/20 13:55:00",ROMA_8,0
D,DISPATCH,UNIT_SCADA,1,"2022/10/20 13:55:00",RRSF1,115.951690
D,DISPATCH,UNIT_SCADA,1,"2022/10/20 13:55:00",RT_NSW1,0
D,DISPATCH,UNIT_SCADA,1,"2022/10/20 13:55:00",RT_NSW2,0
D,DISPATCH,UNIT_SCADA,1,"2022/10/20 13:55:00",RT_NSW3,0
D,DISPATCH,UNIT_SCADA,1,"2022/10/20 13:55:00",RT_NSW4,0
D,DISPATCH,UNIT_SCADA,1,"2022/10/20 13:55:00",RT_NSW5,0
D,DISPATCH,UNIT_SCADA,1,"2022/10/20 13:55:00",RT_NSW6,0
D,DISPATCH,UNIT_SCADA,1,"2022/10/20 13:55:00",RT_QLD1,0
D,DISPATCH,UNIT_SCADA,1,"2022/10/20 13:55:00",RT_SA1,0
D,DISPATCH,UNIT_SCADA,1,"2022/10/20 13:55:00",RT_SA2,0
D,DISPATCH,UNIT_SCADA,1,"2022/10/20 13:55:00",RT_SA3,0
D,DISPATCH,UNIT_SCADA,1,"2022/10/20 13:55:00",RT_SA4,0
D,DISPATCH,UNIT_SCADA,1,"2022/10/20 13:55:00",RT_SA5,0
D,DISPATCH,UNIT_SCADA,1,"2022/10/20 13:55:00",RT_SA6,0
D,DISPATCH,UNIT_SCADA,1,"2022/10/20 13:55:00",RT_TAS1,0
D,DISPATCH,UNIT_SCADA,1,"2022/10/20 13:55:00",RT_VIC1,0
D,DISPATCH,UNIT_SCADA,1,"2022/10/20 13:55:00",RT_VIC10,0
D,DISPATCH,UNIT_SCADA,1,"2022/10/20 13:55:00",RT_VIC11,0
D,DISPATCH,UNIT_SCADA,1,"2022/10/20 13:55:00",RT_VIC12,0
D,DISPATCH,UNIT_SCADA,1,"2022/10/20 13:55:00",RT_VIC2,0
D,DISPATCH,UNIT_SCADA,1,"2022/10/20 13:55:00",RT_VIC3,0
D,DISPATCH,UNIT_SCADA,1,"2022/10/20 13:55:00",RT_VIC4,0
D,DISPATCH,UNIT_SCADA,1,"2022/10/20 13:55:00",RT_VIC5,0
D,DISPATCH,UNIT_SCADA,1,"2022/10/20 13:55:00",RT_VIC6,0
D,DISPATCH,UNIT_SCADA,1,"2022/10/20 13:55:00",RT_VIC7,0
D,DISPATCH,UNIT_SCADA,1,"2022/10/20 13:55:00",RT_VIC8,0
D,DISPATCH,UNIT_SCADA,1,"2022/10/20 13:55:00",RT_VIC9,0
D,DISPATCH,UNIT_SCADA,1,"2022/10/20 13:55:00",RUGBYR1,5.5337
D,DISPATCH,UNIT_SCADA,1,"2022/10/20 13:55:00",SALTCRK1,15.25
D,DISPATCH,UNIT_SCADA,1,"2022/10/20 13:55:00",SAPHWF1,0
D,DISPATCH,UNIT_SCADA,1,"2022/10/20 13:55:00",SEBSF1,10.223280
D,DISPATCH,UNIT_SCADA,1,"2022/10/20 13:55:00",SHGEN,0
D,DISPATCH,UNIT_SCADA,1,"2022/10/20 13:55:00",SHPUMP,0
D,DISPATCH,UNIT_SCADA,1,"2022/10/20 13:55:00",SITHE01,0.123710
D,DISPATCH,UNIT_SCADA,1,"2022/10/20 13:55:00",SMCSF1,37.6750
D,DISPATCH,UNIT_SCADA,1,"2022/10/20 13:55:00",SNAPPER1,0
D,DISPATCH,UNIT_SCADA,1,"2022/10/20 13:55:00",SNOWNTH1,38.30
D,DISPATCH,UNIT_SCADA,1,"2022/10/20 13:55:00",SNOWSTH1,29.90
D,DISPATCH,UNIT_SCADA,1,"2022/10/20 13:55:00",SNOWTWN1,31.8596
D,DISPATCH,UNIT_SCADA,1,"2022/10/20 13:55:00",SNOWYP,0
D,DISPATCH,UNIT_SCADA,1,"2022/10/20 13:55:00",SNUG1,0
D,DISPATCH,UNIT_SCADA,1,"2022/10/20 13:55:00",SRSF1,12.92
D,DISPATCH,UNIT_SCADA,1,"2022/10/20 13:55:00",STAN-1,320.752620
D,DISPATCH,UNIT_SCADA,1,"2022/10/20 13:55:00",STAN-2,360.372440
D,DISPATCH,UNIT_SCADA,1,"2022/10/20 13:55:00",STAN-3,158.991990
D,DISPATCH,UNIT_SCADA,1,"2022/10/20 13:55:00",STAN-4,358.898410
D,DISPATCH,UNIT_SCADA,1,"2022/10/20 13:55:00",STARHLWF,0.01
D,DISPATCH,UNIT_SCADA,1,"2022/10/20 13:55:00",STOCKYD1,111.58
D,DISPATCH,UNIT_SCADA,1,"2022/10/20 13:55:00",STWF1,0
D,DISPATCH,UNIT_SCADA,1,"2022/10/20 13:55:00",SUNRSF1,84.481580
D,DISPATCH,UNIT_SCADA,1,"2022/10/20 13:55:00",SUNTPSF1,6.096890
D,DISPATCH,UNIT_SCADA,1,"2022/10/20 13:55:00",SWAN_E,190.620640
D,DISPATCH,UNIT_SCADA,1,"2022/10/20 13:55:00",TALWA1,0
D,DISPATCH,UNIT_SCADA,1,"2022/10/20 13:55:00",TARALGA1,0
D,DISPATCH,UNIT_SCADA,1,"2022/10/20 13:55:00",TARONG#1,346.300020
D,DISPATCH,UNIT_SCADA,1,"2022/10/20 13:55:00",TARONG#2,345.800020
D,DISPATCH,UNIT_SCADA,1,"2022/10/20 13:55:00",TARONG#3,0.90
D,DISPATCH,UNIT_SCADA,1,"2022/10/20 13:55:00",TARONG#4,286.399990
D,DISPATCH,UNIT_SCADA,1,"2022/10/20 13:55:00",TARRALEA,54
D,DISPATCH,UNIT_SCADA,1,"2022/10/20 13:55:00",TBSF1,0.10
D,DISPATCH,UNIT_SCADA,1,"2022/10/20 13:55:00",TNPS1,320.6875
D,DISPATCH,UNIT_SCADA,1,"2022/10/20 13:55:00",TORRB1,0
D,DISPATCH,UNIT_SCADA,1,"2022/10/20 13:55:00",TORRB2,41
D,DISPATCH,UNIT_SCADA,1,"2022/10/20 13:55:00",TORRB3,0
D,DISPATCH,UNIT_SCADA,1,"2022/10/20 13:55:00",TORRB4,0
D,DISPATCH,UNIT_SCADA,1,"2022/10/20 13:55:00",TREVALLN,100.246510
D,DISPATCH,UNIT_SCADA,1,"2022/10/20 13:55:00",TRIBUTE,0
D,DISPATCH,UNIT_SCADA,1,"2022/10/20 13:55:00",TUMUT3,122.12
D,DISPATCH,UNIT_SCADA,1,"2022/10/20 13:55:00",TUNGATIN,4.860020
D,DISPATCH,UNIT_SCADA,1,"2022/10/20 13:55:00",TVCC201,0
D,DISPATCH,UNIT_SCADA,1,"2022/10/20 13:55:00",TVPP104,0
D,DISPATCH,UNIT_SCADA,1,"2022/10/20 13:55:00",UPPTUMUT,0
D,DISPATCH,UNIT_SCADA,1,"2022/10/20 13:55:00",URANQ11,0
D,DISPATCH,UNIT_SCADA,1,"2022/10/20 13:55:00",URANQ12,0
D,DISPATCH,UNIT_SCADA,1,"2022/10/20 13:55:00",URANQ13,0
D,DISPATCH,UNIT_SCADA,1,"2022/10/20 13:55:00",URANQ14,0
D,DISPATCH,UNIT_SCADA,1,"2022/10/20 13:55:00",VBBG1,0
D,DISPATCH,UNIT_SCADA,1,"2022/10/20 13:55:00",VBBL1,27.50
D,DISPATCH,UNIT_SCADA,1,"2022/10/20 13:55:00",VP5,554.411440
D,DISPATCH,UNIT_SCADA,1,"2022/10/20 13:55:00",VP6,550.2121
D,DISPATCH,UNIT_SCADA,1,"2022/10/20 13:55:00",VPGS1,0
D,DISPATCH,UNIT_SCADA,1,"2022/10/20 13:55:00",VPGS2,0
D,DISPATCH,UNIT_SCADA,1,"2022/10/20 13:55:00",VPGS3,0
D,DISPATCH,UNIT_SCADA,1,"2022/10/20 13:55:00",VPGS4,0
D,DISPATCH,UNIT_SCADA,1,"2022/10/20 13:55:00",VPGS5,0
D,DISPATCH,UNIT_SCADA,1,"2022/10/20 13:55:00",VPGS6,0
D,DISPATCH,UNIT_SCADA,1,"2022/10/20 13:55:00",W/HOE#1,0
D,DISPATCH,UNIT_SCADA,1,"2022/10/20 13:55:00",W/HOE#2,0
D,DISPATCH,UNIT_SCADA,1,"2022/10/20 13:55:00",WAGGNSF1,0
D,DISPATCH,UNIT_SCADA,1,"2022/10/20 13:55:00",WALGRVG1,0.019550
D,DISPATCH,UNIT_SCADA,1,"2022/10/20 13:55:00",WALGRVL1,0
D,DISPATCH,UNIT_SCADA,1,"2022/10/20 13:55:00",WANDBG1,0
D,DISPATCH,UNIT_SCADA,1,"2022/10/20 13:55:00",WANDBL1,-0.406420
D,DISPATCH,UNIT_SCADA,1,"2022/10/20 13:55:00",WARWSF1,10.47
D,DISPATCH,UNIT_SCADA,1,"2022/10/20 13:55:00",WARWSF2,10.87
D,DISPATCH,UNIT_SCADA,1,"2022/10/20 13:55:00",WATERLWF,10.60
D,DISPATCH,UNIT_SCADA,1,"2022/10/20 13:55:00",WDGPH1,74.0250
D,DISPATCH,UNIT_SCADA,1,"2022/10/20 13:55:00",WELLSF1,12.039370
D,DISPATCH,UNIT_SCADA,1,"2022/10/20 13:55:00",WEMENSF1,20.90
D,DISPATCH,UNIT_SCADA,1,"2022/10/20 13:55:00",WGWF1,6.50
D,DISPATCH,UNIT_SCADA,1,"2022/10/20 13:55:00",WHITSF1,17.80
D,DISPATCH,UNIT_SCADA,1,"2022/10/20 13:55:00",WINTSF1,73.19
D,DISPATCH,UNIT_SCADA,1,"2022/10/20 13:55:00",WKIEWA1,31.90
D,DISPATCH,UNIT_SCADA,1,"2022/10/20 13:55:00",WKIEWA2,14
D,DISPATCH,UNIT_SCADA,1,"2022/10/20 13:55:00",WOODLWN1,16.299560
D,DISPATCH,UNIT_SCADA,1,"2022/10/20 13:55:00",WOOLGSF1,10.164740
D,DISPATCH,UNIT_SCADA,1,"2022/10/20 13:55:00",WPWF,29.84
D,DISPATCH,UNIT_SCADA,1,"2022/10/20 13:55:00",WRSF1,7.7102
D,DISPATCH,UNIT_SCADA,1,"2022/10/20 13:55:00",WRWF1,0
D,DISPATCH,UNIT_SCADA,1,"2022/10/20 13:55:00",WSTWYSF1,0.903870
D,DISPATCH,UNIT_SCADA,1,"2022/10/20 13:55:00",YABULU,0
D,DISPATCH,UNIT_SCADA,1,"2022/10/20 13:55:00",YABULU2,0
D,DISPATCH,UNIT_SCADA,1,"2022/10/20 13:55:00",YARANSF1,15.11
D,DISPATCH,UNIT_SCADA,1,"2022/10/20 13:55:00",YARWUN_1,160
D,DISPATCH,UNIT_SCADA,1,"2022/10/20 13:55:00",YATSF1,68.36
D,DISPATCH,UNIT_SCADA,1,"2022/10/20 13:55:00",YENDWF1,41.85
D,DISPATCH,UNIT_SCADA,1,"2022/10/20 13:55:00",YWPS1,281.450620
D,DISPATCH,UNIT_SCADA,1,"2022/10/20 13:55:00",YWPS2,277.941770
D,DISPATCH,UNIT_SCADA,1,"2022/10/20 13:55:00",YWPS3,289.665830
D,DISPATCH,UNIT_SCADA,1,"2022/10/20 13:55:00",YWPS4,0
C,"END OF REPORT",419
