C,NEMP.WORLD,DISPATCHSCADA,AEMO,PUBLIC,2022/10/20,07:15:10,0000000373236908,DISPATCHSCADA,0000000373236902
I,DISPATCH,UNIT_SCADA,1,SETTLEMENTDATE,DUID,SCADAVALUE
D,DISPATCH,UNIT_SCADA,1,"2022/10/20 07:20:00",BARCSF1,11
D,DISPATCH,UNIT_SCADA,1,"2022/10/20 07:20:00",BUTLERSG,8.699999
D,DISPATCH,UNIT_SCADA,1,"2022/10/20 07:20:00",CAPTL_WF,59.309498
D,DISPATCH,UNIT_SCADA,1,"2022/10/20 07:20:00",CHALLHWF,15.10
D,DISPATCH,UNIT_SCADA,1,"2022/10/20 07:20:00",CLOVER,13.31
D,DISPATCH,UNIT_SCADA,1,"2022/10/20 07:20:00",CLUNY,6.162966
D,DISPATCH,UNIT_SCADA,1,"2022/10/20 07:20:00",CULLRGWF,-0.04
D,DISPATCH,UNIT_SCADA,1,"2022/10/20 07:20:00",DIAPURWF1,7.30
D,DISPATCH,UNIT_SCADA,1,"2022/10/20 07:20:00",ERGT01,0
D,DISPATCH,UNIT_SCADA,1,"2022/10/20 07:20:00",GB01,0
D,DISPATCH,UNIT_SCADA,1,"2022/10/20 07:20:00",GERMCRK,22.60
D,DISPATCH,UNIT_SCADA,1,"2022/10/20 07:20:00",GRIFSF1,3.199817
D,DISPATCH,UNIT_SCADA,1,"2022/10/20 07:20:00",HEZ1,0
D,DISPATCH,UNIT_SCADA,1,"2022/10/20 07:20:00",HUGSF1,0.6330
D,DISPATCH,UNIT_SCADA,1,"2022/10/20 07:20:00",KEPBG1,0.01
D,DISPATCH,UNIT_SCADA,1,"2022/10/20 07:20:00",LRSF1,2.9630
D,DISPATCH,UNIT_SCADA,1,"2022/10/20 07:20:00",MBAHNTH,45.224991
D,DISPATCH,UNIT_SCADA,1,"2022/10/20 07:20:00",MLSP1,4.235001
D,DISPATCH,UNIT_SCADA,1,"2022/10/20 07:20:00",MLWF1,2.94
D,DISPATCH,UNIT_SCADA,1,"2022/10/20 07:20:00",PALOONA,30.09
D,DISPATCH,UNIT_SCADA,1,"2022/10/20 07:20:00",PIONEER,30.800001
D,DISPATCH,UNIT_SCADA,1,"2022/10/20 07:20:00",PORTWF,51.400002
D,DISPATCH,UNIT_SCADA,1,"2022/10/20 07:20:00",REPULSE,9.606470
D,DISPATCH,UNIT_SCADA,1,"2022/10/20 07:20:00",ROWALLAN,8.9318
D,DISPATCH,UNIT_SCADA,1,"2022/10/20 07:20:00",ROYALLA1,7.113003
D,DISPATCH,UNIT_SCADA,1,"2022/10/20 07:20:00",RPCG,-1.20
D,DISPATCH,UNIT_SCADA,1,"2022/10/20 07:20:00",RUBICON,0
D,DISPATCH,UNIT_SCADA,1,"2022/10/20 07:20:00",WAUBRAWF,62.028999
D,DISPATCH,UNIT_SCADA,1,"2022/10/20 07:20:00",WOOLNTH1,21.17
D,DISPATCH,UNIT_SCADA,1,"2022/10/20 07:20:00",YAMBUKWF,6
D,DISPATCH,UNIT_SCADA,1,"2022/10/20 07:20:00",YSWF1,0.30
D,DISPATCH,UNIT_SCADA,1,"2022/10/20 07:20:00",ADPBA1G,0.0080
D,DISPATCH,UNIT_SCADA,1,"2022/10/20 07:20:00",ADPBA1L,0
D,DISPATCH,UNIT_SCADA,1,"2022/10/20 07:20:00",ADPPV1,4.4230
D,DISPATCH,UNIT_SCADA,1,"2022/10/20 07:20:00",AGLHAL,0
D,DISPATCH,UNIT_SCADA,1,"2022/10/20 07:20:00",AGLSOM,0
D,DISPATCH,UNIT_SCADA,1,"2022/10/20 07:20:00",ANGAST1,0
D,DISPATCH,UNIT_SCADA,1,"2022/10/20 07:20:00",ARWF1,8.80
D,DISPATCH,UNIT_SCADA,1,"2022/10/20 07:20:00",BALBG1,0
D,DISPATCH,UNIT_SCADA,1,"2022/10/20 07:20:00",BALBL1,0
D,DISPATCH,UNIT_SCADA,1,"2022/10/20 07:20:00",BALDHWF1,0
D,DISPATCH,UNIT_SCADA,1,"2022/10/20 07:20:00",BANGOWF1,39.998170
D,DISPATCH,UNIT_SCADA,1,"2022/10/20 07:20:00",BANGOWF2,43.298310
D,DISPATCH,UNIT_SCADA,1,"2022/10/20 07:20:00",BANN1,5.90
D,DISPATCH,UNIT_SCADA,1,"2022/10/20 07:20:00",BARCALDN,0
D,DISPATCH,UNIT_SCADA,1,"2022/10/20 07:20:00",BARKIPS1,0
D,DISPATCH,UNIT_SCADA,1,"2022/10/20 07:20:00",BARRON-1,28.04
D,DISPATCH,UNIT_SCADA,1,"2022/10/20 07:20:00",BARRON-2,0
D,DISPATCH,UNIT_SCADA,1,"2022/10/20 07:20:00",BASTYAN,51.43
D,DISPATCH,UNIT_SCADA,1,"2022/10/20 07:20:00",BBTHREE1,0
D,DISPATCH,UNIT_SCADA,1,"2022/10/20 07:20:00",BBTHREE2,0
D,DISPATCH,UNIT_SCADA,1,"2022/10/20 07:20:00",BBTHREE3,-1.09
D,DISPATCH,UNIT_SCADA,1,"2022/10/20 07:20:00",BDL01,0
D,DISPATCH,UNIT_SCADA,1,"2022/10/20 07:20:00",BDL02,0
D,DISPATCH,UNIT_SCADA,1,"2022/10/20 07:20:00",BERYLSF1,3.9919
D,DISPATCH,UNIT_SCADA,1,"2022/10/20 07:20:00",BLOWERNG,62.40
D,DISPATCH,UNIT_SCADA,1,"2022/10/20 07:20:00",BLUEGSF1,5.998340
D,DISPATCH,UNIT_SCADA,1,"2022/10/20 07:20:00",BLUFF1,0.60
D,DISPATCH,UNIT_SCADA,1,"2022/10/20 07:20:00",BNGSF1,13.02
D,DISPATCH,UNIT_SCADA,1,"2022/10/20 07:20:00",BNGSF2,14.92
D,DISPATCH,UNIT_SCADA,1,"2022/10/20 07:20:00",BOCORWF1,0
D,DISPATCH,UNIT_SCADA,1,"2022/10/20 07:20:00",BODWF1,105.662190
D,DISPATCH,UNIT_SCADA,1,"2022/10/20 07:20:00",BOMENSF1,9.552760
D,DISPATCH,UNIT_SCADA,1,"2022/10/20 07:20:00",BOWWBA1G,0
D,DISPATCH,UNIT_SCADA,1,"2022/10/20 07:20:00",BOWWBA1L,0.0010
D,DISPATCH,UNIT_SCADA,1,"2022/10/20 07:20:00",BOWWPV1,0.0010
D,DISPATCH,UNIT_SCADA,1,"2022/10/20 07:20:00",BRAEMAR1,0
D,DISPATCH,UNIT_SCADA,1,"2022/10/20 07:20:00",BRAEMAR2,0
D,DISPATCH,UNIT_SCADA,1,"2022/10/20 07:20:00",BRAEMAR3,0
D,DISPATCH,UNIT_SCADA,1,"2022/10/20 07:20:00",BRAEMAR5,0.292060
D,DISPATCH,UNIT_SCADA,1,"2022/10/20 07:20:00",BRAEMAR6,0
D,DISPATCH,UNIT_SCADA,1,"2022/10/20 07:20:00",BRAEMAR7,0.130920
D,DISPATCH,UNIT_SCADA,1,"2022/10/20 07:20:00",BROKENH1,2.399960
D,DISPATCH,UNIT_SCADA,1,"2022/10/20 07:20:00",BRYB1WF1,116.856640
D,DISPATCH,UNIT_SCADA,1,"2022/10/20 07:20:00",BULBESG1,15.39
D,DISPATCH,UNIT_SCADA,1,"2022/10/20 07:20:00",BULBESL1,0
D,DISPATCH,UNIT_SCADA,1,"2022/10/20 07:20:00",BULGANA1,35.70
D,DISPATCH,UNIT_SCADA,1,"2022/10/20 07:20:00",BW01,659.421690
D,DISPATCH,UNIT_SCADA,1,"2022/10/20 07:20:00",BW02,616.794070
D,DISPATCH,UNIT_SCADA,1,"2022/10/20 07:20:00",BW03,547.6524
D,DISPATCH,UNIT_SCADA,1,"2022/10/20 07:20:00",BW04,0
D,DISPATCH,UNIT_SCADA,1,"2022/10/20 07:20:00",CALL_B_1,318.50
D,DISPATCH,UNIT_SCADA,1,"2022/10/20 07:20:00",CALL_B_2,320.300020
D,DISPATCH,UNIT_SCADA,1,"2022/10/20 07:20:00",CATHROCK,2.90
D,DISPATCH,UNIT_SCADA,1,"2022/10/20 07:20:00",CBWWBA1G,0
D,DISPATCH,UNIT_SCADA,1,"2022/10/20 07:20:00",CBWWBA1L,0
D,DISPATCH,UNIT_SCADA,1,"2022/10/20 07:20:00",CETHANA,97.166630
D,DISPATCH,UNIT_SCADA,1,"2022/10/20 07:20:00",CG1,0
D,DISPATCH,UNIT_SCADA,1,"2022/10/20 07:20:00",CG2,0
D,DISPATCH,UNIT_SCADA,1,"2022/10/20 07:20:00",CG3,0
D,DISPATCH,UNIT_SCADA,1,"2022/10/20 07:20:00",CG4,0
D,DISPATCH,UNIT_SCADA,1,"2022/10/20 07:20:00",CHILDSF1,3.92
D,DISPATCH,UNIT_SCADA,1,"2022/10/20 07:20:00",CHYTWF1,1.75
D,DISPATCH,UNIT_SCADA,1,"2022/10/20 07:20:00",CLARESF1,9.333760
D,DISPATCH,UNIT_SCADA,1,"2022/10/20 07:20:00",CLEMGPWF,8.6442
D,DISPATCH,UNIT_SCADA,1,"2022/10/20 07:20:00",CLERMSF1,5.03
D,DISPATCH,UNIT_SCADA,1,"2022/10/20 07:20:00",CNUNDAWF,11.012850
D,DISPATCH,UNIT_SCADA,1,"2022/10/20 07:20:00",COHUNSF1,2.35
D,DISPATCH,UNIT_SCADA,1,"2022/10/20 07:20:00",COLEASF1,35.201420
D,DISPATCH,UNIT_SCADA,1,"2022/10/20 07:20:00",COLUMSF1,8.7580
D,DISPATCH,UNIT_SCADA,1,"2022/10/20 07:20:00",COLWF01,97.921720
D,DISPATCH,UNIT_SCADA,1,"2022/10/20 07:20:00",COOPGWF1,338.420010
D,DISPATCH,UNIT_SCADA,1,"2022/10/20 07:20:00",CPP_3,361.350010
D,DISPATCH,UNIT_SCADA,1,"2022/10/20 07:20:00",CPP_4,0
D,DISPATCH,UNIT_SCADA,1,"2022/10/20 07:20:00",CPSA,0
D,DISPATCH,UNIT_SCADA,1,"2022/10/20 07:20:00",CROOKWF2,36.083920
D,DISPATCH,UNIT_SCADA,1,"2022/10/20 07:20:00",CROWLWF1,43.718650
D,DISPATCH,UNIT_SCADA,1,"2022/10/20 07:20:00",CRURWF1,79.596780
D,DISPATCH,UNIT_SCADA,1,"2022/10/20 07:20:00",CRWASF1,21.451770
D,DISPATCH,UNIT_SCADA,1,"2022/10/20 07:20:00",CSPVPS1,4.1240
D,DISPATCH,UNIT_SCADA,1,"2022/10/20 07:20:00",CTHLWF1,0.003050
D,DISPATCH,UNIT_SCADA,1,"2022/10/20 07:20:00",DALNTH01,0.068670
D,DISPATCH,UNIT_SCADA,1,"2022/10/20 07:20:00",DALNTHL1,0
D,DISPATCH,UNIT_SCADA,1,"2022/10/20 07:20:00",DARLSF1,40.385810
D,DISPATCH,UNIT_SCADA,1,"2022/10/20 07:20:00",DARTM1,0
D,DISPATCH,UNIT_SCADA,1,"2022/10/20 07:20:00",DAYDSF1,11.5510
D,DISPATCH,UNIT_SCADA,1,"2022/10/20 07:20:00",DDPS1,0
D,DISPATCH,UNIT_SCADA,1,"2022/10/20 07:20:00",DDSF1,5.153540
D,DISPATCH,UNIT_SCADA,1,"2022/10/20 07:20:00",DEVILS_G,58.685870
D,DISPATCH,UNIT_SCADA,1,"2022/10/20 07:20:00",DG_NSW1,0
D,DISPATCH,UNIT_SCADA,1,"2022/10/20 07:20:00",DG_QLD1,0
D,DISPATCH,UNIT_SCADA,1,"2022/10/20 07:20:00",DG_SA1,0
D,DISPATCH,UNIT_SCADA,1,"2022/10/20 07:20:00",DG_TAS1,0
D,DISPATCH,UNIT_SCADA,1,"2022/10/20 07:20:00",DG_VIC1,0
D,DISPATCH,UNIT_SCADA,1,"2022/10/20 07:20:00",DRYCGT1,0
D,DISPATCH,UNIT_SCADA,1,"2022/10/20 07:20:00",DRYCGT2,0
D,DISPATCH,UNIT_SCADA,1,"2022/10/20 07:20:00",DRYCGT3,0
D,DISPATCH,UNIT_SCADA,1,"2022/10/20 07:20:00",DUNDWF1,52.58
D,DISPATCH,UNIT_SCADA,1,"2022/10/20 07:20:00",DUNDWF2,22.14
D,DISPATCH,UNIT_SCADA,1,"2022/10/20 07:20:00",DUNDWF3,68.60
D,DISPATCH,UNIT_SCADA,1,"2022/10/20 07:20:00",EILDON1,60.08
D,DISPATCH,UNIT_SCADA,1,"2022/10/20 07:20:00",EILDON2,60.04
D,DISPATCH,UNIT_SCADA,1,"2022/10/20 07:20:00",ELAINWF1,14.93
D,DISPATCH,UNIT_SCADA,1,"2022/10/20 07:20:00",EMERASF1,0
D,DISPATCH,UNIT_SCADA,1,"2022/10/20 07:20:00",ER01,0
D,DISPATCH,UNIT_SCADA,1,"2022/10/20 07:20:00",ER02,656.394290
D,DISPATCH,UNIT_SCADA,1,"2022/10/20 07:20:00",ER03,658.323060
D,DISPATCH,UNIT_SCADA,1,"2022/10/20 07:20:00",ER04,666.428650
D,DISPATCH,UNIT_SCADA,1,"2022/10/20 07:20:00",FINLYSF1,107.029830
D,DISPATCH,UNIT_SCADA,1,"2022/10/20 07:20:00",FISHER,45.83
D,DISPATCH,UNIT_SCADA,1,"2022/10/20 07:20:00",GANGARR1,4.1240
D,DISPATCH,UNIT_SCADA,1,"2022/10/20 07:20:00",GANNBG1,0.517450
D,DISPATCH,UNIT_SCADA,1,"2022/10/20 07:20:00",GANNBL1,0
D,DISPATCH,UNIT_SCADA,1,"2022/10/20 07:20:00",GANNSF1,22.80
D,DISPATCH,UNIT_SCADA,1,"2022/10/20 07:20:00",GLRWNSF1,80.91
D,DISPATCH,UNIT_SCADA,1,"2022/10/20 07:20:00",GNNDHSF1,10.345390
D,DISPATCH,UNIT_SCADA,1,"2022/10/20 07:20:00",GOONSF1,17.347680
D,DISPATCH,UNIT_SCADA,1,"2022/10/20 07:20:00",GORDON,244.975430
D,DISPATCH,UNIT_SCADA,1,"2022/10/20 07:20:00",GRANWF1,13.78
D,DISPATCH,UNIT_SCADA,1,"2022/10/20 07:20:00",GSTONE1,211.5750
D,DISPATCH,UNIT_SCADA,1,"2022/10/20 07:20:00",GSTONE2,0
D,DISPATCH,UNIT_SCADA,1,"2022/10/20 07:20:00",GSTONE3,222.25
D,DISPATCH,UNIT_SCADA,1,"2022/10/20 07:20:00",GSTONE4,0
D,DISPATCH,UNIT_SCADA,1,"2022/10/20 07:20:00",GSTONE5,221.899990
D,DISPATCH,UNIT_SCADA,1,"2022/10/20 07:20:00",GSTONE6,223.30
D,DISPATCH,UNIT_SCADA,1,"2022/10/20 07:20:00",GULLRSF1,0.784990
D,DISPATCH,UNIT_SCADA,1,"2022/10/20 07:20:00",GULLRWF1,73.583880
D,DISPATCH,UNIT_SCADA,1,"2022/10/20 07:20:00",GULLRWF2,92.804150
D,DISPATCH,UNIT_SCADA,1,"2022/10/20 07:20:00",GUNNING1,0
D,DISPATCH,UNIT_SCADA,1,"2022/10/20 07:20:00",GUTHEGA,67.70
D,DISPATCH,UNIT_SCADA,1,"2022/10/20 07:20:00",HALLWF1,40.70
D,DISPATCH,UNIT_SCADA,1,"2022/10/20 07:20:00",HALLWF2,56.17
D,DISPATCH,UNIT_SCADA,1,"2022/10/20 07:20:00",HAMISF1,3.10
D,DISPATCH,UNIT_SCADA,1,"2022/10/20 07:20:00",HAUGHT11,14.225920
D,DISPATCH,UNIT_SCADA,1,"2022/10/20 07:20:00",HAYMSF1,3.3740
D,DISPATCH,UNIT_SCADA,1,"2022/10/20 07:20:00",HDWF1,32.30
D,DISPATCH,UNIT_SCADA,1,"2022/10/20 07:20:00",HDWF2,8.80
D,DISPATCH,UNIT_SCADA,1,"2022/10/20 07:20:00",HDWF3,18.40
D,DISPATCH,UNIT_SCADA,1,"2022/10/20 07:20:00",HILLSTN1,7.532290
D,DISPATCH,UNIT_SCADA,1,"2022/10/20 07:20:00",HPRG1,0
D,DISPATCH,UNIT_SCADA,1,"2022/10/20 07:20:00",HPRL1,1.50
D,DISPATCH,UNIT_SCADA,1,"2022/10/20 07:20:00",HUMENSW,54.549050
D,DISPATCH,UNIT_SCADA,1,"2022/10/20 07:20:00",HUMEV,0
D,DISPATCH,UNIT_SCADA,1,"2022/10/20 07:20:00",HVWWBA1G,0
D,DISPATCH,UNIT_SCADA,1,"2022/10/20 07:20:00",HVWWBA1L,0.0060
D,DISPATCH,UNIT_SCADA,1,"2022/10/20 07:20:00",HVWWPV1,2.9190
D,DISPATCH,UNIT_SCADA,1,"2022/10/20 07:20:00",JBUTTERS,0
D,DISPATCH,UNIT_SCADA,1,"2022/10/20 07:20:00",JEMALNG1,2.76
D,DISPATCH,UNIT_SCADA,1,"2022/10/20 07:20:00",JLA01,0
D,DISPATCH,UNIT_SCADA,1,"2022/10/20 07:20:00",JLA02,0
D,DISPATCH,UNIT_SCADA,1,"2022/10/20 07:20:00",JLA03,0
D,DISPATCH,UNIT_SCADA,1,"2022/10/20 07:20:00",JLA04,0
D,DISPATCH,UNIT_SCADA,1,"2022/10/20 07:20:00",JLB01,0
D,DISPATCH,UNIT_SCADA,1,"2022/10/20 07:20:00",JLB02,0.10
D,DISPATCH,UNIT_SCADA,1,"2022/10/20 07:20:00",JLB03,0
D,DISPATCH,UNIT_SCADA,1,"2022/10/20 07:20:00",JUNEESF1,4.664060
D,DISPATCH,UNIT_SCADA,1,"2022/10/20 07:20:00",KABANWF1,0.7520
D,DISPATCH,UNIT_SCADA,1,"2022/10/20 07:20:00",KAREEYA1,18.0150
D,DISPATCH,UNIT_SCADA,1,"2022/10/20 07:20:00",KAREEYA2,0
D,DISPATCH,UNIT_SCADA,1,"2022/10/20 07:20:00",KAREEYA3,21.4550
D,DISPATCH,UNIT_SCADA,1,"2022/10/20 07:20:00",KAREEYA4,0
D,DISPATCH,UNIT_SCADA,1,"2022/10/20 07:20:00",KARSF1,20.40
D,DISPATCH,UNIT_SCADA,1,"2022/10/20 07:20:00",KEPSF1,1.18
D,DISPATCH,UNIT_SCADA,1,"2022/10/20 07:20:00",KEPWF1,0
D,DISPATCH,UNIT_SCADA,1,"2022/10/20 07:20:00",KIAMSF1,3.582060
D,DISPATCH,UNIT_SCADA,1,"2022/10/20 07:20:00",KIATAWF1,26.20
D,DISPATCH,UNIT_SCADA,1,"2022/10/20 07:20:00",KPP_1,0
D,DISPATCH,UNIT_SCADA,1,"2022/10/20 07:20:00",KSP1,27.31
D,DISPATCH,UNIT_SCADA,1,"2022/10/20 07:20:00",LADBROK1,0.01
D,DISPATCH,UNIT_SCADA,1,"2022/10/20 07:20:00",LADBROK2,37.93
D,DISPATCH,UNIT_SCADA,1,"2022/10/20 07:20:00",LBBG1,22.50
D,DISPATCH,UNIT_SCADA,1,"2022/10/20 07:20:00",LBBL1,0
D,DISPATCH,UNIT_SCADA,1,"2022/10/20 07:20:00",LD01,321.341580
D,DISPATCH,UNIT_SCADA,1,"2022/10/20 07:20:00",LD02,0
D,DISPATCH,UNIT_SCADA,1,"2022/10/20 07:20:00",LD04,313.9256
D,DISPATCH,UNIT_SCADA,1,"2022/10/20 07:20:00",LEM_WIL,87.064340
D,DISPATCH,UNIT_SCADA,1,"2022/10/20 07:20:00",LGAPWF1,79.27
D,DISPATCH,UNIT_SCADA,1,"2022/10/20 07:20:00",LGAPWF2,56.42
D,DISPATCH,UNIT_SCADA,1,"2022/10/20 07:20:00",LILYSF1,11.4688
D,DISPATCH,UNIT_SCADA,1,"2022/10/20 07:20:00",LIMOSF11,15.151750
D,DISPATCH,UNIT_SCADA,1,"2022/10/20 07:20:00",LIMOSF21,2.551520
D,DISPATCH,UNIT_SCADA,1,"2022/10/20 07:20:00",LI_WY_CA,77.242830
D,DISPATCH,UNIT_SCADA,1,"2022/10/20 07:20:00",LKBONNY1,0
D,DISPATCH,UNIT_SCADA,1,"2022/10/20 07:20:00",LKBONNY2,24.079640
D,DISPATCH,UNIT_SCADA,1,"2022/10/20 07:20:00",LKBONNY3,8.261670
D,DISPATCH,UNIT_SCADA,1,"2022/10/20 07:20:00",LK_ECHO,0
D,DISPATCH,UNIT_SCADA,1,"2022/10/20 07:20:00",LNGS1,0
D,DISPATCH,UNIT_SCADA,1,"2022/10/20 07:20:00",LNGS2,0
D,DISPATCH,UNIT_SCADA,1,"2022/10/20 07:20:00",LONSDALE,0
D,DISPATCH,UNIT_SCADA,1,"2022/10/20 07:20:00",LOYYB1,549.6228
D,DISPATCH,UNIT_SCADA,1,"2022/10/20 07:20:00",LOYYB2,550.374690
D,DISPATCH,UNIT_SCADA,1,"2022/10/20 07:20:00",LYA1,558
D,DISPATCH,UNIT_SCADA,1,"2022/10/20 07:20:00",LYA2,0
D,DISPATCH,UNIT_SCADA,1,"2022/10/20 07:20:00",LYA3,557
D,DISPATCH,UNIT_SCADA,1,"2022/10/20 07:20:00",LYA4,556
D,DISPATCH,UNIT_SCADA,1,"2022/10/20 07:20:00",MACARTH1,0
D,DISPATCH,UNIT_SCADA,1,"2022/10/20 07:20:00",MACKNTSH,0
D,DISPATCH,UNIT_SCADA,1,"2022/10/20 07:20:00",MANSLR1,0.6630
D,DISPATCH,UNIT_SCADA,1,"2022/10/20 07:20:00",MAPS2PV1,0
D,DISPATCH,UNIT_SCADA,1,"2022/10/20 07:20:00",MAPS3PV1,0
D,DISPATCH,UNIT_SCADA,1,"2022/10/20 07:20:00",MARYRSF1,9.23
D,DISPATCH,UNIT_SCADA,1,"2022/10/20 07:20:00",MBPS2PV1,0
D,DISPATCH,UNIT_SCADA,1,"2022/10/20 07:20:00",MCKAY1,160.084990
D,DISPATCH,UNIT_SCADA,1,"2022/10/20 07:20:00",MEADOWBK,19.920260
D,DISPATCH,UNIT_SCADA,1,"2022/10/20 07:20:00",MERCER01,17
D,DISPATCH,UNIT_SCADA,1,"2022/10/20 07:20:00",METZSF1,60.426990
D,DISPATCH,UNIT_SCADA,1,"2022/10/20 07:20:00",MEWF1,3
D,DISPATCH,UNIT_SCADA,1,"2022/10/20 07:20:00",MIDDLSF1,3.09
D,DISPATCH,UNIT_SCADA,1,"2022/10/20 07:20:00",MINTARO,0.128180
D,DISPATCH,UNIT_SCADA,1,"2022/10/20 07:20:00",MOLNGSF1,0.499280
D,DISPATCH,UNIT_SCADA,1,"2022/10/20 07:20:00",MOORAWF1,20.50
D,DISPATCH,UNIT_SCADA,1,"2022/10/20 07:20:00",MOREESF1,0.6340
D,DISPATCH,UNIT_SCADA,1,"2022/10/20 07:20:00",MORTLK11,0
D,DISPATCH,UNIT_SCADA,1,"2022/10/20 07:20:00",MORTLK12,0
D,DISPATCH,UNIT_SCADA,1,"2022/10/20 07:20:00",MOUSF1,0
D,DISPATCH,UNIT_SCADA,1,"2022/10/20 07:20:00",MP1,0
D,DISPATCH,UNIT_SCADA,1,"2022/10/20 07:20:00",MP2,501.484710
D,DISPATCH,UNIT_SCADA,1,"2022/10/20 07:20:00",MPP_1,177.877670
D,DISPATCH,UNIT_SCADA,1,"2022/10/20 07:20:00",MPP_2,0
D,DISPATCH,UNIT_SCADA,1,"2022/10/20 07:20:00",MRTLSWF1,0
D,DISPATCH,UNIT_SCADA,1,"2022/10/20 07:20:00",MSTUART1,0
D,DISPATCH,UNIT_SCADA,1,"2022/10/20 07:20:00",MSTUART2,0
D,DISPATCH,UNIT_SCADA,1,"2022/10/20 07:20:00",MSTUART3,0
D,DISPATCH,UNIT_SCADA,1,"2022/10/20 07:20:00",MTGELWF1,34.842980
D,DISPATCH,UNIT_SCADA,1,"2022/10/20 07:20:00",MTMILLAR,10.50
D,DISPATCH,UNIT_SCADA,1,"2022/10/20 07:20:00",MURRAY,0
D,DISPATCH,UNIT_SCADA,1,"2022/10/20 07:20:00",MUSSELR1,24.20
D,DISPATCH,UNIT_SCADA,1,"2022/10/20 07:20:00",MUWAWF1,181.31
D,DISPATCH,UNIT_SCADA,1,"2022/10/20 07:20:00",MUWAWF2,155.600010
D,DISPATCH,UNIT_SCADA,1,"2022/10/20 07:20:00",MWPS1PV1,0.09
D,DISPATCH,UNIT_SCADA,1,"2022/10/20 07:20:00",MWPS2PV1,0.49
D,DISPATCH,UNIT_SCADA,1,"2022/10/20 07:20:00",MWPS3PV1,0.12
D,DISPATCH,UNIT_SCADA,1,"2022/10/20 07:20:00",MWPS4PV1,0.13
D,DISPATCH,UNIT_SCADA,1,"2022/10/20 07:20:00",NBHWF1,89.70
D,DISPATCH,UNIT_SCADA,1,"2022/10/20 07:20:00",NEVERSF1,1.96
D,DISPATCH,UNIT_SCADA,1,"2022/10/20 07:20:00",NPS,0
D,DISPATCH,UNIT_SCADA,1,"2022/10/20 07:20:00",NUMURSF1,72.24
D,DISPATCH,UNIT_SCADA,1,"2022/10/20 07:20:00",NYNGAN1,2.25
D,DISPATCH,UNIT_SCADA,1,"2022/10/20 07:20:00",OAKEY1,0
D,DISPATCH,UNIT_SCADA,1,"2022/10/20 07:20:00",OAKEY1SF,2.71
D,DISPATCH,UNIT_SCADA,1,"2022/10/20 07:20:00",OAKEY2,0
D,DISPATCH,UNIT_SCADA,1,"2022/10/20 07:20:00",OAKEY2SF,4.27
D,DISPATCH,UNIT_SCADA,1,"2022/10/20 07:20:00",OAKLAND1,11.20
D,DISPATCH,UNIT_SCADA,1,"2022/10/20 07:20:00",OSB-AG,0
D,DISPATCH,UNIT_SCADA,1,"2022/10/20 07:20:00",PAREPS1,0.0660
D,DISPATCH,UNIT_SCADA,1,"2022/10/20 07:20:00",PAREPW1,78.27
D,DISPATCH,UNIT_SCADA,1,"2022/10/20 07:20:00",PARSF1,16.099790
D,DISPATCH,UNIT_SCADA,1,"2022/10/20 07:20:00",POAT110,0
D,DISPATCH,UNIT_SCADA,1,"2022/10/20 07:20:00",POAT220,0
D,DISPATCH,UNIT_SCADA,1,"2022/10/20 07:20:00",POR01,0
D,DISPATCH,UNIT_SCADA,1,"2022/10/20 07:20:00",POR03,0
D,DISPATCH,UNIT_SCADA,1,"2022/10/20 07:20:00",PPCCGT,174.223240
D,DISPATCH,UNIT_SCADA,1,"2022/10/20 07:20:00",PTSTAN1,0
D,DISPATCH,UNIT_SCADA,1,"2022/10/20 07:20:00",PUMP1,0
D,DISPATCH,UNIT_SCADA,1,"2022/10/20 07:20:00",PUMP2,0
D,DISPATCH,UNIT_SCADA,1,"2022/10/20 07:20:00",QBYNBG1,0
D,DISPATCH,UNIT_SCADA,1,"2022/10/20 07:20:00",QBYNBL1,0.0025
D,DISPATCH,UNIT_SCADA,1,"2022/10/20 07:20:00",QPS1,0
D,DISPATCH,UNIT_SCADA,1,"2022/10/20 07:20:00",QPS2,0
D,DISPATCH,UNIT_SCADA,1,"2022/10/20 07:20:00",QPS3,0
D,DISPATCH,UNIT_SCADA,1,"2022/10/20 07:20:00",QPS4,0
D,DISPATCH,UNIT_SCADA,1,"2022/10/20 07:20:00",QPS5,76.22
D,DISPATCH,UNIT_SCADA,1,"2022/10/20 07:20:00",REECE1,45.535320
D,DISPATCH,UNIT_SCADA,1,"2022/10/20 07:20:00",REECE2,35.06
D,DISPATCH,UNIT_SCADA,1,"2022/10/20 07:20:00",ROMA_7,0
D,DISPATCH,UNIT_SCADA,1,"2022/10/20 07:20:00",ROMA_8,0
D,DISPATCH,UNIT_SCADA,1,"2022/10/20 07:20:00",RRSF1,22.913520
D,DISPATCH,UNIT_SCADA,1,"2022/10/20 07:20:00",RT_NSW1,0
D,DISPATCH,UNIT_SCADA,1,"2022/10/20 07:20:00",RT_NSW2,0
D,DISPATCH,UNIT_SCADA,1,"2022/10/20 07:20:00",RT_NSW3,0
D,DISPATCH,UNIT_SCADA,1,"2022/10/20 07:20:00",RT_NSW4,0
D,DISPATCH,UNIT_SCADA,1,"2022/10/20 07:20:00",RT_NSW5,0
D,DISPATCH,UNIT_SCADA,1,"2022/10/20 07:20:00",RT_NSW6,0
D,DISPATCH,UNIT_SCADA,1,"2022/10/20 07:20:00",RT_QLD1,0
D,DISPATCH,UNIT_SCADA,1,"2022/10/20 07:20:00",RT_SA1,0
D,DISPATCH,UNIT_SCADA,1,"2022/10/20 07:20:00",RT_SA2,0
D,DISPATCH,UNIT_SCADA,1,"2022/10/20 07:20:00",RT_SA3,0
D,DISPATCH,UNIT_SCADA,1,"2022/10/20 07:20:00",RT_SA4,0
D,DISPATCH,UNIT_SCADA,1,"2022/10/20 07:20:00",RT_SA5,0
D,DISPATCH,UNIT_SCADA,1,"2022/10/20 07:20:00",RT_SA6,0
D,DISPATCH,UNIT_SCADA,1,"2022/10/20 07:20:00",RT_TAS1,0
D,DISPATCH,UNIT_SCADA,1,"2022/10/20 07:20:00",RT_VIC1,0
D,DISPATCH,UNIT_SCADA,1,"2022/10/20 07:20:00",RT_VIC10,0
D,DISPATCH,UNIT_SCADA,1,"2022/10/20 07:20:00",RT_VIC11,0
D,DISPATCH,UNIT_SCADA,1,"2022/10/20 07:20:00",RT_VIC12,0
D,DISPATCH,UNIT_SCADA,1,"2022/10/20 07:20:00",RT_VIC2,0
D,DISPATCH,UNIT_SCADA,1,"2022/10/20 07:20:00",RT_VIC3,0
D,DISPATCH,UNIT_SCADA,1,"2022/10/20 07:20:00",RT_VIC4,0
D,DISPATCH,UNIT_SCADA,1,"2022/10/20 07:20:00",RT_VIC5,0
D,DISPATCH,UNIT_SCADA,1,"2022/10/20 07:20:00",RT_VIC6,0
D,DISPATCH,UNIT_SCADA,1,"2022/10/20 07:20:00",RT_VIC7,0
D,DISPATCH,UNIT_SCADA,1,"2022/10/20 07:20:00",RT_VIC8,0
D,DISPATCH,UNIT_SCADA,1,"2022/10/20 07:20:00",RT_VIC9,0
D,DISPATCH,UNIT_SCADA,1,"2022/10/20 07:20:00",RUGBYR1,5.065470
D,DISPATCH,UNIT_SCADA,1,"2022/10/20 07:20:00",SALTCRK1,15.32
D,DISPATCH,UNIT_SCADA,1,"2022/10/20 07:20:00",SAPHWF1,150.482940
D,DISPATCH,UNIT_SCADA,1,"2022/10/20 07:20:00",SEBSF1,50.839970
D,DISPATCH,UNIT_SCADA,1,"2022/10/20 07:20:00",SHGEN,80.748480
D,DISPATCH,UNIT_SCADA,1,"2022/10/20 07:20:00",SHPUMP,0
D,DISPATCH,UNIT_SCADA,1,"2022/10/20 07:20:00",SITHE01,0.123710
D,DISPATCH,UNIT_SCADA,1,"2022/10/20 07:20:00",SMCSF1,18.0080
D,DISPATCH,UNIT_SCADA,1,"2022/10/20 07:20:00",SNAPPER1,0
D,DISPATCH,UNIT_SCADA,1,"2022/10/20 07:20:00",SNOWNTH1,138
D,DISPATCH,UNIT_SCADA,1,"2022/10/20 07:20:00",SNOWSTH1,118.70
D,DISPATCH,UNIT_SCADA,1,"2022/10/20 07:20:00",SNOWTWN1,65.981470
D,DISPATCH,UNIT_SCADA,1,"2022/10/20 07:20:00",SNOWYP,0
D,DISPATCH,UNIT_SCADA,1,"2022/10/20 07:20:00",SNUG1,0
D,DISPATCH,UNIT_SCADA,1,"2022/10/20 07:20:00",SRSF1,1.86
D,DISPATCH,UNIT_SCADA,1,"2022/10/20 07:20:00",STAN-1,279.094790
D,DISPATCH,UNIT_SCADA,1,"2022/10/20 07:20:00",STAN-2,364.717680
D,DISPATCH,UNIT_SCADA,1,"2022/10/20 07:20:00",STAN-3,145.828110
D,DISPATCH,UNIT_SCADA,1,"2022/10/20 07:20:00",STAN-4,363.7948
D,DISPATCH,UNIT_SCADA,1,"2022/10/20 07:20:00",STARHLWF,4.998540
D,DISPATCH,UNIT_SCADA,1,"2022/10/20 07:20:00",STOCKYD1,243.52
D,DISPATCH,UNIT_SCADA,1,"2022/10/20 07:20:00",STWF1,26.076450
D,DISPATCH,UNIT_SCADA,1,"2022/10/20 07:20:00",SUNRSF1,8.958570
D,DISPATCH,UNIT_SCADA,1,"2022/10/20 07:20:00",SUNTPSF1,21.999240
D,DISPATCH,UNIT_SCADA,1,"2022/10/20 07:20:00",SWAN_E,259.4050
D,DISPATCH,UNIT_SCADA,1,"2022/10/20 07:20:00",TALWA1,0
D,DISPATCH,UNIT_SCADA,1,"2022/10/20 07:20:00",TARALGA1,0
D,DISPATCH,UNIT_SCADA,1,"2022/10/20 07:20:00",TARONG#1,348.899990
D,DISPATCH,UNIT_SCADA,1,"2022/10/20 07:20:00",TARONG#2,348.50
D,DISPATCH,UNIT_SCADA,1,"2022/10/20 07:20:00",TARONG#3,0.90
D,DISPATCH,UNIT_SCADA,1,"2022/10/20 07:20:00",TARONG#4,293.700010
D,DISPATCH,UNIT_SCADA,1,"2022/10/20 07:20:00",TARRALEA,54.10
D,DISPATCH,UNIT_SCADA,1,"2022/10/20 07:20:00",TBSF1,12.10
D,DISPATCH,UNIT_SCADA,1,"2022/10/20 07:20:00",TNPS1,441.25
D,DISPATCH,UNIT_SCADA,1,"2022/10/20 07:20:00",TORRB1,0
D,DISPATCH,UNIT_SCADA,1,"2022/10/20 07:20:00",TORRB2,41
D,DISPATCH,UNIT_SCADA,1,"2022/10/20 07:20:00",TORRB3,0
D,DISPATCH,UNIT_SCADA,1,"2022/10/20 07:20:00",TORRB4,0
D,DISPATCH,UNIT_SCADA,1,"2022/10/20 07:20:00",TREVALLN,98.388570
D,DISPATCH,UNIT_SCADA,1,"2022/10/20 07:20:00",TRIBUTE,0
D,DISPATCH,UNIT_SCADA,1,"2022/10/20 07:20:00",TUMUT3,0
D,DISPATCH,UNIT_SCADA,1,"2022/10/20 07:20:00",TUNGATIN,4.000020
D,DISPATCH,UNIT_SCADA,1,"2022/10/20 07:20:00",TVCC201,0
D,DISPATCH,UNIT_SCADA,1,"2022/10/20 07:20:00",TVPP104,57.865630
D,DISPATCH,UNIT_SCADA,1,"2022/10/20 07:20:00",UPPTUMUT,80.219670
D,DISPATCH,UNIT_SCADA,1,"2022/10/20 07:20:00",URANQ11,0
D,DISPATCH,UNIT_SCADA,1,"2022/10/20 07:20:00",URANQ12,0
D,DISPATCH,UNIT_SCADA,1,"2022/10/20 07:20:00",URANQ13,0
D,DISPATCH,UNIT_SCADA,1,"2022/10/20 07:20:00",URANQ14,0
D,DISPATCH,UNIT_SCADA,1,"2022/10/20 07:20:00",VBBG1,35.60
D,DISPATCH,UNIT_SCADA,1,"2022/10/20 07:20:00",VBBL1,0
D,DISPATCH,UNIT_SCADA,1,"2022/10/20 07:20:00",VP5,558.684020
D,DISPATCH,UNIT_SCADA,1,"2022/10/20 07:20:00",VP6,560.905760
D,DISPATCH,UNIT_SCADA,1,"2022/10/20 07:20:00",VPGS1,0
D,DISPATCH,UNIT_SCADA,1,"2022/10/20 07:20:00",VPGS2,0
D,DISPATCH,UNIT_SCADA,1,"2022/10/20 07:20:00",VPGS3,0
D,DISPATCH,UNIT_SCADA,1,"2022/10/20 07:20:00",VPGS4,0
D,DISPATCH,UNIT_SCADA,1,"2022/10/20 07:20:00",VPGS5,0
D,DISPATCH,UNIT_SCADA,1,"2022/10/20 07:20:00",VPGS6,0
D,DISPATCH,UNIT_SCADA,1,"2022/10/20 07:20:00",W/HOE#1,0
D,DISPATCH,UNIT_SCADA,1,"2022/10/20 07:20:00",W/HOE#2,160.08
D,DISPATCH,UNIT_SCADA,1,"2022/10/20 07:20:00",WAGGNSF1,0
D,DISPATCH,UNIT_SCADA,1,"2022/10/20 07:20:00",WALGRVG1,17.604230
D,DISPATCH,UNIT_SCADA,1,"2022/10/20 07:20:00",WALGRVL1,0
D,DISPATCH,UNIT_SCADA,1,"2022/10/20 07:20:00",WANDBG1,0
D,DISPATCH,UNIT_SCADA,1,"2022/10/20 07:20:00",WANDBL1,0
D,DISPATCH,UNIT_SCADA,1,"2022/10/20 07:20:00",WARWSF1,3.77
D,DISPATCH,UNIT_SCADA,1,"2022/10/20 07:20:00",WARWSF2,3.50
D,DISPATCH,UNIT_SCADA,1,"2022/10/20 07:20:00",WATERLWF,69.50
D,DISPATCH,UNIT_SCADA,1,"2022/10/20 07:20:00",WDGPH1,4.3690
D,DISPATCH,UNIT_SCADA,1,"2022/10/20 07:20:00",WELLSF1,15.762570
D,DISPATCH,UNIT_SCADA,1,"2022/10/20 07:20:00",WEMENSF1,4
D,DISPATCH,UNIT_SCADA,1,"2022/10/20 07:20:00",WGWF1,111.70
D,DISPATCH,UNIT_SCADA,1,"2022/10/20 07:20:00",WHITSF1,3.80
D,DISPATCH,UNIT_SCADA,1,"2022/10/20 07:20:00",WINTSF1,47.74
D,DISPATCH,UNIT_SCADA,1,"2022/10/20 07:20:00",WKIEWA1,34
D,DISPATCH,UNIT_SCADA,1,"2022/10/20 07:20:00",WKIEWA2,34.30
D,DISPATCH,UNIT_SCADA,1,"2022/10/20 07:20:00",WOODLWN1,29.6943
D,DISPATCH,UNIT_SCADA,1,"2022/10/20 07:20:00",WOOLGSF1,12.677630
D,DISPATCH,UNIT_SCADA,1,"2022/10/20 07:20:00",WPWF,47.99
D,DISPATCH,UNIT_SCADA,1,"2022/10/20 07:20:00",WRSF1,2.180240
D,DISPATCH,UNIT_SCADA,1,"2022/10/20 07:20:00",WRWF1,45.903410
D,DISPATCH,UNIT_SCADA,1,"2022/10/20 07:20:00",WSTWYSF1,0
D,DISPATCH,UNIT_SCADA,1,"2022/10/20 07:20:00",YABULU,0
D,DISPATCH,UNIT_SCADA,1,"2022/10/20 07:20:00",YABULU2,0
D,DISPATCH,UNIT_SCADA,1,"2022/10/20 07:20:00",YARANSF1,26.25
D,DISPATCH,UNIT_SCADA,1,"2022/10/20 07:20:00",YARWUN_1,129.349990
D,DISPATCH,UNIT_SCADA,1,"2022/10/20 07:20:00",YATSF1,40.82
D,DISPATCH,UNIT_SCADA,1,"2022/10/20 07:20:00",YENDWF1,18.11
D,DISPATCH,UNIT_SCADA,1,"2022/10/20 07:20:00",YWPS1,363.908870
D,DISPATCH,UNIT_SCADA,1,"2022/10/20 07:20:00",YWPS2,287.9671
D,DISPATCH,UNIT_SCADA,1,"2022/10/20 07:20:00",YWPS3,357.694950
D,DISPATCH,UNIT_SCADA,1,"2022/10/20 07:20:00",YWPS4,0
C,"END OF REPORT",419
