C,NEMP.WORLD,DISPATCHSCADA,AEMO,PUBLIC,2022/10/20,00:30:09,0000000373216687,DISPATCHSCADA,0000000373216681
I,DISPATCH,UNIT_SCADA,1,SETTLEMENTDATE,DUID,SCADAVALUE
D,DISPATCH,UNIT_SCADA,1,"2022/10/20 00:35:00",BARCSF1,0.10
D,DISPATCH,UNIT_SCADA,1,"2022/10/20 00:35:00",BUTLERSG,8.699999
D,DISPATCH,UNIT_SCADA,1,"2022/10/20 00:35:00",CAPTL_WF,16.318609
D,DISPATCH,UNIT_SCADA,1,"2022/10/20 00:35:00",CHALLHWF,21.40
D,DISPATCH,UNIT_SCADA,1,"2022/10/20 00:35:00",CLOVER,13.52
D,DISPATCH,UNIT_SCADA,1,"2022/10/20 00:35:00",CLUNY,6.210575
D,DISPATCH,UNIT_SCADA,1,"2022/10/20 00:35:00",CULLRGWF,0
D,DISPATCH,UNIT_SCADA,1,"2022/10/20 00:35:00",DIAPURWF1,7.30
D,DISPATCH,UNIT_SCADA,1,"2022/10/20 00:35:00",ERGT01,0
D,DISPATCH,UNIT_SCADA,1,"2022/10/20 00:35:00",GB01,0
D,DISPATCH,UNIT_SCADA,1,"2022/10/20 00:35:00",GERMCRK,10.80
D,DISPATCH,UNIT_SCADA,1,"2022/10/20 00:35:00",GRIFSF1,0.001526
D,DISPATCH,UNIT_SCADA,1,"2022/10/20 00:35:00",HEZ1,0
D,DISPATCH,UNIT_SCADA,1,"2022/10/20 00:35:00",HUGSF1,-0.1740
D,DISPATCH,UNIT_SCADA,1,"2022/10/20 00:35:00",KEPBG1,0.02
D,DISPATCH,UNIT_SCADA,1,"2022/10/20 00:35:00",LRSF1,0.0240
D,DISPATCH,UNIT_SCADA,1,"2022/10/20 00:35:00",MBAHNTH,50.175003
D,DISPATCH,UNIT_SCADA,1,"2022/10/20 00:35:00",MLSP1,0
D,DISPATCH,UNIT_SCADA,1,"2022/10/20 00:35:00",MLWF1,1.89
D,DISPATCH,UNIT_SCADA,1,"2022/10/20 00:35:00",PALOONA,30.33
D,DISPATCH,UNIT_SCADA,1,"2022/10/20 00:35:00",PIONEER,39.400002
D,DISPATCH,UNIT_SCADA,1,"2022/10/20 00:35:00",PORTWF,29
D,DISPATCH,UNIT_SCADA,1,"2022/10/20 00:35:00",REPULSE,9.334249
D,DISPATCH,UNIT_SCADA,1,"2022/10/20 00:35:00",ROWALLAN,9.038301
D,DISPATCH,UNIT_SCADA,1,"2022/10/20 00:35:00",ROYALLA1,0
D,DISPATCH,UNIT_SCADA,1,"2022/10/20 00:35:00",RPCG,-1.20
D,DISPATCH,UNIT_SCADA,1,"2022/10/20 00:35:00",RUBICON,0
D,DISPATCH,UNIT_SCADA,1,"2022/10/20 00:35:00",WAUBRAWF,143.139008
D,DISPATCH,UNIT_SCADA,1,"2022/10/20 00:35:00",WOOLNTH1,21.579998
D,DISPATCH,UNIT_SCADA,1,"2022/10/20 00:35:00",YAMBUKWF,2.50
D,DISPATCH,UNIT_SCADA,1,"2022/10/20 00:35:00",YSWF1,2.90
D,DISPATCH,UNIT_SCADA,1,"2022/10/20 00:35:00",ADPBA1G,0.0080
D,DISPATCH,UNIT_SCADA,1,"2022/10/20 00:35:00",ADPBA1L,0
D,DISPATCH,UNIT_SCADA,1,"2022/10/20 00:35:00",ADPPV1,0
D,DISPATCH,UNIT_SCADA,1,"2022/10/20 00:35:00",AGLHAL,0
D,DISPATCH,UNIT_SCADA,1,"2022/10/20 00:35:00",AGLSOM,0
D,DISPATCH,UNIT_SCADA,1,"2022/10/20 00:35:00",ANGAST1,0
D,DISPATCH,UNIT_SCADA,1,"2022/10/20 00:35:00",ARWF1,92.20
D,DISPATCH,UNIT_SCADA,1,"2022/10/20 00:35:00",BALBG1,0
D,DISPATCH,UNIT_SCADA,1,"2022/10/20 00:35:00",BALBL1,0
D,DISPATCH,UNIT_SCADA,1,"2022/10/20 00:35:00",BALDHWF1,0
D,DISPATCH,UNIT_SCADA,1,"2022/10/20 00:35:00",BANGOWF1,48.797130
D,DISPATCH,UNIT_SCADA,1,"2022/10/20 00:35:00",BANGOWF2,47.897540
D,DISPATCH,UNIT_SCADA,1,"2022/10/20 00:35:00",BANN1,0
D,DISPATCH,UNIT_SCADA,1,"2022/10/20 00:35:00",BARCALDN,0
D,DISPATCH,UNIT_SCADA,1,"2022/10/20 00:35:00",BARKIPS1,0
D,DISPATCH,UNIT_SCADA,1,"2022/10/20 00:35:00",BARRON-1,0
D,DISPATCH,UNIT_SCADA,1,"2022/10/20 00:35:00",BARRON-2,0
D,DISPATCH,UNIT_SCADA,1,"2022/10/20 00:35:00",BASTYAN,0
D,DISPATCH,UNIT_SCADA,1,"2022/10/20 00:35:00",BBTHREE1,0
D,DISPATCH,UNIT_SCADA,1,"2022/10/20 00:35:00",BBTHREE2,0
D,DISPATCH,UNIT_SCADA,1,"2022/10/20 00:35:00",BBTHREE3,0
D,DISPATCH,UNIT_SCADA,1,"2022/10/20 00:35:00",BDL01,0
D,DISPATCH,UNIT_SCADA,1,"2022/10/20 00:35:00",BDL02,0
D,DISPATCH,UNIT_SCADA,1,"2022/10/20 00:35:00",BERYLSF1,0
D,DISPATCH,UNIT_SCADA,1,"2022/10/20 00:35:00",BLOWERNG,62.60
D,DISPATCH,UNIT_SCADA,1,"2022/10/20 00:35:00",BLUEGSF1,0
D,DISPATCH,UNIT_SCADA,1,"2022/10/20 00:35:00",BLUFF1,16.90
D,DISPATCH,UNIT_SCADA,1,"2022/10/20 00:35:00",BNGSF1,0
D,DISPATCH,UNIT_SCADA,1,"2022/10/20 00:35:00",BNGSF2,0
D,DISPATCH,UNIT_SCADA,1,"2022/10/20 00:35:00",BOCORWF1,19.87
D,DISPATCH,UNIT_SCADA,1,"2022/10/20 00:35:00",BODWF1,60.040190
D,DISPATCH,UNIT_SCADA,1,"2022/10/20 00:35:00",BOMENSF1,0
D,DISPATCH,UNIT_SCADA,1,"2022/10/20 00:35:00",BOWWBA1G,0.0010
D,DISPATCH,UNIT_SCADA,1,"2022/10/20 00:35:00",BOWWBA1L,0
D,DISPATCH,UNIT_SCADA,1,"2022/10/20 00:35:00",BOWWPV1,0
D,DISPATCH,UNIT_SCADA,1,"2022/10/20 00:35:00",BRAEMAR1,0
D,DISPATCH,UNIT_SCADA,1,"2022/10/20 00:35:00",BRAEMAR2,0
D,DISPATCH,UNIT_SCADA,1,"2022/10/20 00:35:00",BRAEMAR3,0
D,DISPATCH,UNIT_SCADA,1,"2022/10/20 00:35:00",BRAEMAR5,0.292060
D,DISPATCH,UNIT_SCADA,1,"2022/10/20 00:35:00",BRAEMAR6,0
D,DISPATCH,UNIT_SCADA,1,"2022/10/20 00:35:00",BRAEMAR7,0.130920
D,DISPATCH,UNIT_SCADA,1,"2022/10/20 00:35:00",BROKENH1,0
D,DISPATCH,UNIT_SCADA,1,"2022/10/20 00:35:00",BRYB1WF1,74.015410
D,DISPATCH,UNIT_SCADA,1,"2022/10/20 00:35:00",BULBESG1,0
D,DISPATCH,UNIT_SCADA,1,"2022/10/20 00:35:00",BULBESL1,0.03
D,DISPATCH,UNIT_SCADA,1,"2022/10/20 00:35:00",BULGANA1,81.86
D,DISPATCH,UNIT_SCADA,1,"2022/10/20 00:35:00",BW01,461.567110
D,DISPATCH,UNIT_SCADA,1,"2022/10/20 00:35:00",BW02,451.044490
D,DISPATCH,UNIT_SCADA,1,"2022/10/20 00:35:00",BW03,452.558170
D,DISPATCH,UNIT_SCADA,1,"2022/10/20 00:35:00",BW04,0
D,DISPATCH,UNIT_SCADA,1,"2022/10/20 00:35:00",CALL_B_1,320.300020
D,DISPATCH,UNIT_SCADA,1,"2022/10/20 00:35:00",CALL_B_2,319.600010
D,DISPATCH,UNIT_SCADA,1,"2022/10/20 00:35:00",CATHROCK,4.60
D,DISPATCH,UNIT_SCADA,1,"2022/10/20 00:35:00",CBWWBA1G,0
D,DISPATCH,UNIT_SCADA,1,"2022/10/20 00:35:00",CBWWBA1L,0
D,DISPATCH,UNIT_SCADA,1,"2022/10/20 00:35:00",CETHANA,97.7055
D,DISPATCH,UNIT_SCADA,1,"2022/10/20 00:35:00",CG1,0
D,DISPATCH,UNIT_SCADA,1,"2022/10/20 00:35:00",CG2,0
D,DISPATCH,UNIT_SCADA,1,"2022/10/20 00:35:00",CG3,0
D,DISPATCH,UNIT_SCADA,1,"2022/10/20 00:35:00",CG4,0
D,DISPATCH,UNIT_SCADA,1,"2022/10/20 00:35:00",CHILDSF1,0
D,DISPATCH,UNIT_SCADA,1,"2022/10/20 00:35:00",CHYTWF1,16.25
D,DISPATCH,UNIT_SCADA,1,"2022/10/20 00:35:00",CLARESF1,0
D,DISPATCH,UNIT_SCADA,1,"2022/10/20 00:35:00",CLEMGPWF,47.831240
D,DISPATCH,UNIT_SCADA,1,"2022/10/20 00:35:00",CLERMSF1,0
D,DISPATCH,UNIT_SCADA,1,"2022/10/20 00:35:00",CNUNDAWF,16.218920
D,DISPATCH,UNIT_SCADA,1,"2022/10/20 00:35:00",COHUNSF1,0
D,DISPATCH,UNIT_SCADA,1,"2022/10/20 00:35:00",COLEASF1,0
D,DISPATCH,UNIT_SCADA,1,"2022/10/20 00:35:00",COLUMSF1,0
D,DISPATCH,UNIT_SCADA,1,"2022/10/20 00:35:00",COLWF01,139.749760
D,DISPATCH,UNIT_SCADA,1,"2022/10/20 00:35:00",COOPGWF1,391.170010
D,DISPATCH,UNIT_SCADA,1,"2022/10/20 00:35:00",CPP_3,359.700010
D,DISPATCH,UNIT_SCADA,1,"2022/10/20 00:35:00",CPP_4,0
D,DISPATCH,UNIT_SCADA,1,"2022/10/20 00:35:00",CPSA,0
D,DISPATCH,UNIT_SCADA,1,"2022/10/20 00:35:00",CROOKWF2,19.862970
D,DISPATCH,UNIT_SCADA,1,"2022/10/20 00:35:00",CROWLWF1,54.798340
D,DISPATCH,UNIT_SCADA,1,"2022/10/20 00:35:00",CRURWF1,43.098420
D,DISPATCH,UNIT_SCADA,1,"2022/10/20 00:35:00",CRWASF1,0
D,DISPATCH,UNIT_SCADA,1,"2022/10/20 00:35:00",CSPVPS1,0
D,DISPATCH,UNIT_SCADA,1,"2022/10/20 00:35:00",CTHLWF1,0.003050
D,DISPATCH,UNIT_SCADA,1,"2022/10/20 00:35:00",DALNTH01,0
D,DISPATCH,UNIT_SCADA,1,"2022/10/20 00:35:00",DALNTHL1,0.157170
D,DISPATCH,UNIT_SCADA,1,"2022/10/20 00:35:00",DARLSF1,0
D,DISPATCH,UNIT_SCADA,1,"2022/10/20 00:35:00",DARTM1,0
D,DISPATCH,UNIT_SCADA,1,"2022/10/20 00:35:00",DAYDSF1,0
D,DISPATCH,UNIT_SCADA,1,"2022/10/20 00:35:00",DDPS1,0
D,DISPATCH,UNIT_SCADA,1,"2022/10/20 00:35:00",DDSF1,0
D,DISPATCH,UNIT_SCADA,1,"2022/10/20 00:35:00",DEVILS_G,53.834650
D,DISPATCH,UNIT_SCADA,1,"2022/10/20 00:35:00",DG_NSW1,0
D,DISPATCH,UNIT_SCADA,1,"2022/10/20 00:35:00",DG_QLD1,0
D,DISPATCH,UNIT_SCADA,1,"2022/10/20 00:35:00",DG_SA1,0
D,DISPATCH,UNIT_SCADA,1,"2022/10/20 00:35:00",DG_TAS1,0
D,DISPATCH,UNIT_SCADA,1,"2022/10/20 00:35:00",DG_VIC1,0
D,DISPATCH,UNIT_SCADA,1,"2022/10/20 00:35:00",DRYCGT1,0
D,DISPATCH,UNIT_SCADA,1,"2022/10/20 00:35:00",DRYCGT2,0
D,DISPATCH,UNIT_SCADA,1,"2022/10/20 00:35:00",DRYCGT3,0
D,DISPATCH,UNIT_SCADA,1,"2022/10/20 00:35:00",DUNDWF1,46.70
D,DISPATCH,UNIT_SCADA,1,"2022/10/20 00:35:00",DUNDWF2,15.32
D,DISPATCH,UNIT_SCADA,1,"2022/10/20 00:35:00",DUNDWF3,31.75
D,DISPATCH,UNIT_SCADA,1,"2022/10/20 00:35:00",EILDON1,59.92
D,DISPATCH,UNIT_SCADA,1,"2022/10/20 00:35:00",EILDON2,60.04
D,DISPATCH,UNIT_SCADA,1,"2022/10/20 00:35:00",ELAINWF1,39.95
D,DISPATCH,UNIT_SCADA,1,"2022/10/20 00:35:00",EMERASF1,0
D,DISPATCH,UNIT_SCADA,1,"2022/10/20 00:35:00",ER01,0
D,DISPATCH,UNIT_SCADA,1,"2022/10/20 00:35:00",ER02,470.624850
D,DISPATCH,UNIT_SCADA,1,"2022/10/20 00:35:00",ER03,468.061340
D,DISPATCH,UNIT_SCADA,1,"2022/10/20 00:35:00",ER04,472.626830
D,DISPATCH,UNIT_SCADA,1,"2022/10/20 00:35:00",FINLYSF1,0
D,DISPATCH,UNIT_SCADA,1,"2022/10/20 00:35:00",FISHER,30.95
D,DISPATCH,UNIT_SCADA,1,"2022/10/20 00:35:00",GANGARR1,0
D,DISPATCH,UNIT_SCADA,1,"2022/10/20 00:35:00",GANNBG1,0
D,DISPATCH,UNIT_SCADA,1,"2022/10/20 00:35:00",GANNBL1,0.030680
D,DISPATCH,UNIT_SCADA,1,"2022/10/20 00:35:00",GANNSF1,0
D,DISPATCH,UNIT_SCADA,1,"2022/10/20 00:35:00",GLRWNSF1,0
D,DISPATCH,UNIT_SCADA,1,"2022/10/20 00:35:00",GNNDHSF1,0
D,DISPATCH,UNIT_SCADA,1,"2022/10/20 00:35:00",GOONSF1,0
D,DISPATCH,UNIT_SCADA,1,"2022/10/20 00:35:00",GORDON,195.843320
D,DISPATCH,UNIT_SCADA,1,"2022/10/20 00:35:00",GRANWF1,0
D,DISPATCH,UNIT_SCADA,1,"2022/10/20 00:35:00",GSTONE1,200.024990
D,DISPATCH,UNIT_SCADA,1,"2022/10/20 00:35:00",GSTONE2,0
D,DISPATCH,UNIT_SCADA,1,"2022/10/20 00:35:00",GSTONE3,200.3750
D,DISPATCH,UNIT_SCADA,1,"2022/10/20 00:35:00",GSTONE4,0
D,DISPATCH,UNIT_SCADA,1,"2022/10/20 00:35:00",GSTONE5,201.0750
D,DISPATCH,UNIT_SCADA,1,"2022/10/20 00:35:00",GSTONE6,200.20
D,DISPATCH,UNIT_SCADA,1,"2022/10/20 00:35:00",GULLRSF1,0
D,DISPATCH,UNIT_SCADA,1,"2022/10/20 00:35:00",GULLRWF1,67.383980
D,DISPATCH,UNIT_SCADA,1,"2022/10/20 00:35:00",GULLRWF2,93.654750
D,DISPATCH,UNIT_SCADA,1,"2022/10/20 00:35:00",GUNNING1,0
D,DISPATCH,UNIT_SCADA,1,"2022/10/20 00:35:00",GUTHEGA,68.100010
D,DISPATCH,UNIT_SCADA,1,"2022/10/20 00:35:00",HALLWF1,71.96
D,DISPATCH,UNIT_SCADA,1,"2022/10/20 00:35:00",HALLWF2,52.65
D,DISPATCH,UNIT_SCADA,1,"2022/10/20 00:35:00",HAMISF1,0
D,DISPATCH,UNIT_SCADA,1,"2022/10/20 00:35:00",HAUGHT11,0
D,DISPATCH,UNIT_SCADA,1,"2022/10/20 00:35:00",HAYMSF1,0
D,DISPATCH,UNIT_SCADA,1,"2022/10/20 00:35:00",HDWF1,47.60
D,DISPATCH,UNIT_SCADA,1,"2022/10/20 00:35:00",HDWF2,27.30
D,DISPATCH,UNIT_SCADA,1,"2022/10/20 00:35:00",HDWF3,47.80
D,DISPATCH,UNIT_SCADA,1,"2022/10/20 00:35:00",HILLSTN1,0
D,DISPATCH,UNIT_SCADA,1,"2022/10/20 00:35:00",HPRG1,0
D,DISPATCH,UNIT_SCADA,1,"2022/10/20 00:35:00",HPRL1,26.60
D,DISPATCH,UNIT_SCADA,1,"2022/10/20 00:35:00",HUMENSW,54.139920
D,DISPATCH,UNIT_SCADA,1,"2022/10/20 00:35:00",HUMEV,0
D,DISPATCH,UNIT_SCADA,1,"2022/10/20 00:35:00",HVWWBA1G,0
D,DISPATCH,UNIT_SCADA,1,"2022/10/20 00:35:00",HVWWBA1L,0.0060
D,DISPATCH,UNIT_SCADA,1,"2022/10/20 00:35:00",HVWWPV1,0
D,DISPATCH,UNIT_SCADA,1,"2022/10/20 00:35:00",JBUTTERS,0
D,DISPATCH,UNIT_SCADA,1,"2022/10/20 00:35:00",JEMALNG1,0
D,DISPATCH,UNIT_SCADA,1,"2022/10/20 00:35:00",JLA01,0
D,DISPATCH,UNIT_SCADA,1,"2022/10/20 00:35:00",JLA02,0
D,DISPATCH,UNIT_SCADA,1,"2022/10/20 00:35:00",JLA03,0
D,DISPATCH,UNIT_SCADA,1,"2022/10/20 00:35:00",JLA04,0
D,DISPATCH,UNIT_SCADA,1,"2022/10/20 00:35:00",JLB01,0
D,DISPATCH,UNIT_SCADA,1,"2022/10/20 00:35:00",JLB02,0.10
D,DISPATCH,UNIT_SCADA,1,"2022/10/20 00:35:00",JLB03,0
D,DISPATCH,UNIT_SCADA,1,"2022/10/20 00:35:00",JUNEESF1,0
D,DISPATCH,UNIT_SCADA,1,"2022/10/20 00:35:00",KABANWF1,0.1060
D,DISPATCH,UNIT_SCADA,1,"2022/10/20 00:35:00",KAREEYA1,0
D,DISPATCH,UNIT_SCADA,1,"2022/10/20 00:35:00",KAREEYA2,0
D,DISPATCH,UNIT_SCADA,1,"2022/10/20 00:35:00",KAREEYA3,4.9150
D,DISPATCH,UNIT_SCADA,1,"2022/10/20 00:35:00",KAREEYA4,0
D,DISPATCH,UNIT_SCADA,1,"2022/10/20 00:35:00",KARSF1,0
D,DISPATCH,UNIT_SCADA,1,"2022/10/20 00:35:00",KEPSF1,0
D,DISPATCH,UNIT_SCADA,1,"2022/10/20 00:35:00",KEPWF1,0
D,DISPATCH,UNIT_SCADA,1,"2022/10/20 00:35:00",KIAMSF1,0
D,DISPATCH,UNIT_SCADA,1,"2022/10/20 00:35:00",KIATAWF1,30.90
D,DISPATCH,UNIT_SCADA,1,"2022/10/20 00:35:00",KPP_1,0
D,DISPATCH,UNIT_SCADA,1,"2022/10/20 00:35:00",KSP1,0
D,DISPATCH,UNIT_SCADA,1,"2022/10/20 00:35:00",LADBROK1,0.01
D,DISPATCH,UNIT_SCADA,1,"2022/10/20 00:35:00",LADBROK2,38.11
D,DISPATCH,UNIT_SCADA,1,"2022/10/20 00:35:00",LBBG1,0
D,DISPATCH,UNIT_SCADA,1,"2022/10/20 00:35:00",LBBL1,0
D,DISPATCH,UNIT_SCADA,1,"2022/10/20 00:35:00",LD01,319.107640
D,DISPATCH,UNIT_SCADA,1,"2022/10/20 00:35:00",LD02,0
D,DISPATCH,UNIT_SCADA,1,"2022/10/20 00:35:00",LD04,320.059810
D,DISPATCH,UNIT_SCADA,1,"2022/10/20 00:35:00",LEM_WIL,87.089520
D,DISPATCH,UNIT_SCADA,1,"2022/10/20 00:35:00",LGAPWF1,56.99
D,DISPATCH,UNIT_SCADA,1,"2022/10/20 00:35:00",LGAPWF2,27.86
D,DISPATCH,UNIT_SCADA,1,"2022/10/20 00:35:00",LILYSF1,0
D,DISPATCH,UNIT_SCADA,1,"2022/10/20 00:35:00",LIMOSF11,0
D,DISPATCH,UNIT_SCADA,1,"2022/10/20 00:35:00",LIMOSF21,0
D,DISPATCH,UNIT_SCADA,1,"2022/10/20 00:35:00",LI_WY_CA,56.070480
D,DISPATCH,UNIT_SCADA,1,"2022/10/20 00:35:00",LKBONNY1,0
D,DISPATCH,UNIT_SCADA,1,"2022/10/20 00:35:00",LKBONNY2,23.962580
D,DISPATCH,UNIT_SCADA,1,"2022/10/20 00:35:00",LKBONNY3,8.205850
D,DISPATCH,UNIT_SCADA,1,"2022/10/20 00:35:00",LK_ECHO,0
D,DISPATCH,UNIT_SCADA,1,"2022/10/20 00:35:00",LNGS1,0
D,DISPATCH,UNIT_SCADA,1,"2022/10/20 00:35:00",LNGS2,0
D,DISPATCH,UNIT_SCADA,1,"2022/10/20 00:35:00",LONSDALE,0
D,DISPATCH,UNIT_SCADA,1,"2022/10/20 00:35:00",LOYYB1,521.802550
D,DISPATCH,UNIT_SCADA,1,"2022/10/20 00:35:00",LOYYB2,515.787350
D,DISPATCH,UNIT_SCADA,1,"2022/10/20 00:35:00",LYA1,562
D,DISPATCH,UNIT_SCADA,1,"2022/10/20 00:35:00",LYA2,0
D,DISPATCH,UNIT_SCADA,1,"2022/10/20 00:35:00",LYA3,561
D,DISPATCH,UNIT_SCADA,1,"2022/10/20 00:35:00",LYA4,561
D,DISPATCH,UNIT_SCADA,1,"2022/10/20 00:35:00",MACARTH1,36.899150
D,DISPATCH,UNIT_SCADA,1,"2022/10/20 00:35:00",MACKNTSH,0
D,DISPATCH,UNIT_SCADA,1,"2022/10/20 00:35:00",MANSLR1,0
D,DISPATCH,UNIT_SCADA,1,"2022/10/20 00:35:00",MAPS2PV1,0
D,DISPATCH,UNIT_SCADA,1,"2022/10/20 00:35:00",MAPS3PV1,0
D,DISPATCH,UNIT_SCADA,1,"2022/10/20 00:35:00",MARYRSF1,0
D,DISPATCH,UNIT_SCADA,1,"2022/10/20 00:35:00",MBPS2PV1,0
D,DISPATCH,UNIT_SCADA,1,"2022/10/20 00:35:00",MCKAY1,0.02
D,DISPATCH,UNIT_SCADA,1,"2022/10/20 00:35:00",MEADOWBK,19.977420
D,DISPATCH,UNIT_SCADA,1,"2022/10/20 00:35:00",MERCER01,41.80
D,DISPATCH,UNIT_SCADA,1,"2022/10/20 00:35:00",METZSF1,0
D,DISPATCH,UNIT_SCADA,1,"2022/10/20 00:35:00",MEWF1,13
D,DISPATCH,UNIT_SCADA,1,"2022/10/20 00:35:00",MIDDLSF1,0
D,DISPATCH,UNIT_SCADA,1,"2022/10/20 00:35:00",MINTARO,0.128180
D,DISPATCH,UNIT_SCADA,1,"2022/10/20 00:35:00",MOLNGSF1,0
D,DISPATCH,UNIT_SCADA,1,"2022/10/20 00:35:00",MOORAWF1,63.21
D,DISPATCH,UNIT_SCADA,1,"2022/10/20 00:35:00",MOREESF1,0
D,DISPATCH,UNIT_SCADA,1,"2022/10/20 00:35:00",MORTLK11,0
D,DISPATCH,UNIT_SCADA,1,"2022/10/20 00:35:00",MORTLK12,0
D,DISPATCH,UNIT_SCADA,1,"2022/10/20 00:35:00",MOUSF1,0
D,DISPATCH,UNIT_SCADA,1,"2022/10/20 00:35:00",MP1,0
D,DISPATCH,UNIT_SCADA,1,"2022/10/20 00:35:00",MP2,355.364320
D,DISPATCH,UNIT_SCADA,1,"2022/10/20 00:35:00",MPP_1,102.1305
D,DISPATCH,UNIT_SCADA,1,"2022/10/20 00:35:00",MPP_2,0
D,DISPATCH,UNIT_SCADA,1,"2022/10/20 00:35:00",MRTLSWF1,0
D,DISPATCH,UNIT_SCADA,1,"2022/10/20 00:35:00",MSTUART1,0
D,DISPATCH,UNIT_SCADA,1,"2022/10/20 00:35:00",MSTUART2,0
D,DISPATCH,UNIT_SCADA,1,"2022/10/20 00:35:00",MSTUART3,0
D,DISPATCH,UNIT_SCADA,1,"2022/10/20 00:35:00",MTGELWF1,0.407420
D,DISPATCH,UNIT_SCADA,1,"2022/10/20 00:35:00",MTMILLAR,9.10
D,DISPATCH,UNIT_SCADA,1,"2022/10/20 00:35:00",MURRAY,57.90
D,DISPATCH,UNIT_SCADA,1,"2022/10/20 00:35:00",MUSSELR1,72
D,DISPATCH,UNIT_SCADA,1,"2022/10/20 00:35:00",MUWAWF1,180.22
D,DISPATCH,UNIT_SCADA,1,"2022/10/20 00:35:00",MUWAWF2,184.600010
D,DISPATCH,UNIT_SCADA,1,"2022/10/20 00:35:00",MWPS1PV1,0
D,DISPATCH,UNIT_SCADA,1,"2022/10/20 00:35:00",MWPS2PV1,0
D,DISPATCH,UNIT_SCADA,1,"2022/10/20 00:35:00",MWPS3PV1,0
D,DISPATCH,UNIT_SCADA,1,"2022/10/20 00:35:00",MWPS4PV1,0
D,DISPATCH,UNIT_SCADA,1,"2022/10/20 00:35:00",NBHWF1,111
D,DISPATCH,UNIT_SCADA,1,"2022/10/20 00:35:00",NEVERSF1,0
D,DISPATCH,UNIT_SCADA,1,"2022/10/20 00:35:00",NPS,0
D,DISPATCH,UNIT_SCADA,1,"2022/10/20 00:35:00",NUMURSF1,0
D,DISPATCH,UNIT_SCADA,1,"2022/10/20 00:35:00",NYNGAN1,0
D,DISPATCH,UNIT_SCADA,1,"2022/10/20 00:35:00",OAKEY1,0
D,DISPATCH,UNIT_SCADA,1,"2022/10/20 00:35:00",OAKEY1SF,0
D,DISPATCH,UNIT_SCADA,1,"2022/10/20 00:35:00",OAKEY2,0
D,DISPATCH,UNIT_SCADA,1,"2022/10/20 00:35:00",OAKEY2SF,0
D,DISPATCH,UNIT_SCADA,1,"2022/10/20 00:35:00",OAKLAND1,21
D,DISPATCH,UNIT_SCADA,1,"2022/10/20 00:35:00",OSB-AG,0
D,DISPATCH,UNIT_SCADA,1,"2022/10/20 00:35:00",PAREPS1,0.0660
D,DISPATCH,UNIT_SCADA,1,"2022/10/20 00:35:00",PAREPW1,13.26
D,DISPATCH,UNIT_SCADA,1,"2022/10/20 00:35:00",PARSF1,0.001530
D,DISPATCH,UNIT_SCADA,1,"2022/10/20 00:35:00",POAT110,0
D,DISPATCH,UNIT_SCADA,1,"2022/10/20 00:35:00",POAT220,0
D,DISPATCH,UNIT_SCADA,1,"2022/10/20 00:35:00",POR01,0
D,DISPATCH,UNIT_SCADA,1,"2022/10/20 00:35:00",POR03,0
D,DISPATCH,UNIT_SCADA,1,"2022/10/20 00:35:00",PPCCGT,172.881030
D,DISPATCH,UNIT_SCADA,1,"2022/10/20 00:35:00",PTSTAN1,0
D,DISPATCH,UNIT_SCADA,1,"2022/10/20 00:35:00",PUMP1,0
D,DISPATCH,UNIT_SCADA,1,"2022/10/20 00:35:00",PUMP2,0
D,DISPATCH,UNIT_SCADA,1,"2022/10/20 00:35:00",QBYNBG1,0
D,DISPATCH,UNIT_SCADA,1,"2022/10/20 00:35:00",QBYNBL1,0.0045
D,DISPATCH,UNIT_SCADA,1,"2022/10/20 00:35:00",QPS1,0
D,DISPATCH,UNIT_SCADA,1,"2022/10/20 00:35:00",QPS2,0
D,DISPATCH,UNIT_SCADA,1,"2022/10/20 00:35:00",QPS3,0
D,DISPATCH,UNIT_SCADA,1,"2022/10/20 00:35:00",QPS4,0
D,DISPATCH,UNIT_SCADA,1,"2022/10/20 00:35:00",QPS5,77.39
D,DISPATCH,UNIT_SCADA,1,"2022/10/20 00:35:00",REECE1,0
D,DISPATCH,UNIT_SCADA,1,"2022/10/20 00:35:00",REECE2,0
D,DISPATCH,UNIT_SCADA,1,"2022/10/20 00:35:00",ROMA_7,0
D,DISPATCH,UNIT_SCADA,1,"2022/10/20 00:35:00",ROMA_8,0
D,DISPATCH,UNIT_SCADA,1,"2022/10/20 00:35:00",RRSF1,0
D,DISPATCH,UNIT_SCADA,1,"2022/10/20 00:35:00",RT_NSW1,0
D,DISPATCH,UNIT_SCADA,1,"2022/10/20 00:35:00",RT_NSW2,0
D,DISPATCH,UNIT_SCADA,1,"2022/10/20 00:35:00",RT_NSW3,0
D,DISPATCH,UNIT_SCADA,1,"2022/10/20 00:35:00",RT_NSW4,0
D,DISPATCH,UNIT_SCADA,1,"2022/10/20 00:35:00",RT_NSW5,0
D,DISPATCH,UNIT_SCADA,1,"2022/10/20 00:35:00",RT_NSW6,0
D,DISPATCH,UNIT_SCADA,1,"2022/10/20 00:35:00",RT_QLD1,0
D,DISPATCH,UNIT_SCADA,1,"2022/10/20 00:35:00",RT_SA1,0
D,DISPATCH,UNIT_SCADA,1,"2022/10/20 00:35:00",RT_SA2,0
D,DISPATCH,UNIT_SCADA,1,"2022/10/20 00:35:00",RT_SA3,0
D,DISPATCH,UNIT_SCADA,1,"2022/10/20 00:35:00",RT_SA4,0
D,DISPATCH,UNIT_SCADA,1,"2022/10/20 00:35:00",RT_SA5,0
D,DISPATCH,UNIT_SCADA,1,"2022/10/20 00:35:00",RT_SA6,0
D,DISPATCH,UNIT_SCADA,1,"2022/10/20 00:35:00",RT_TAS1,0
D,DISPATCH,UNIT_SCADA,1,"2022/10/20 00:35:00",RT_VIC1,0
D,DISPATCH,UNIT_SCADA,1,"2022/10/20 00:35:00",RT_VIC10,0
D,DISPATCH,UNIT_SCADA,1,"2022/10/20 00:35:00",RT_VIC11,0
D,DISPATCH,UNIT_SCADA,1,"2022/10/20 00:35:00",RT_VIC12,0
D,DISPATCH,UNIT_SCADA,1,"2022/10/20 00:35:00",RT_VIC2,0
D,DISPATCH,UNIT_SCADA,1,"2022/10/20 00:35:00",RT_VIC3,0
D,DISPATCH,UNIT_SCADA,1,"2022/10/20 00:35:00",RT_VIC4,0
D,DISPATCH,UNIT_SCADA,1,"2022/10/20 00:35:00",RT_VIC5,0
D,DISPATCH,UNIT_SCADA,1,"2022/10/20 00:35:00",RT_VIC6,0
D,DISPATCH,UNIT_SCADA,1,"2022/10/20 00:35:00",RT_VIC7,0
D,DISPATCH,UNIT_SCADA,1,"2022/10/20 00:35:00",RT_VIC8,0
D,DISPATCH,UNIT_SCADA,1,"2022/10/20 00:35:00",RT_VIC9,0
D,DISPATCH,UNIT_SCADA,1,"2022/10/20 00:35:00",RUGBYR1,0
D,DISPATCH,UNIT_SCADA,1,"2022/10/20 00:35:00",SALTCRK1,9.49
D,DISPATCH,UNIT_SCADA,1,"2022/10/20 00:35:00",SAPHWF1,233.394360
D,DISPATCH,UNIT_SCADA,1,"2022/10/20 00:35:00",SEBSF1,0
D,DISPATCH,UNIT_SCADA,1,"2022/10/20 00:35:00",SHGEN,0
D,DISPATCH,UNIT_SCADA,1,"2022/10/20 00:35:00",SHPUMP,0
D,DISPATCH,UNIT_SCADA,1,"2022/10/20 00:35:00",SITHE01,0.123710
D,DISPATCH,UNIT_SCADA,1,"2022/10/20 00:35:00",SMCSF1,0
D,DISPATCH,UNIT_SCADA,1,"2022/10/20 00:35:00",SNAPPER1,0
D,DISPATCH,UNIT_SCADA,1,"2022/10/20 00:35:00",SNOWNTH1,132.100010
D,DISPATCH,UNIT_SCADA,1,"2022/10/20 00:35:00",SNOWSTH1,114
D,DISPATCH,UNIT_SCADA,1,"2022/10/20 00:35:00",SNOWTWN1,89.803570
D,DISPATCH,UNIT_SCADA,1,"2022/10/20 00:35:00",SNOWYP,0
D,DISPATCH,UNIT_SCADA,1,"2022/10/20 00:35:00",SNUG1,0
D,DISPATCH,UNIT_SCADA,1,"2022/10/20 00:35:00",SRSF1,0
D,DISPATCH,UNIT_SCADA,1,"2022/10/20 00:35:00",STAN-1,280.645720
D,DISPATCH,UNIT_SCADA,1,"2022/10/20 00:35:00",STAN-2,364.551060
D,DISPATCH,UNIT_SCADA,1,"2022/10/20 00:35:00",STAN-3,364.551060
D,DISPATCH,UNIT_SCADA,1,"2022/10/20 00:35:00",STAN-4,366.255830
D,DISPATCH,UNIT_SCADA,1,"2022/10/20 00:35:00",STARHLWF,27.192070
D,DISPATCH,UNIT_SCADA,1,"2022/10/20 00:35:00",STOCKYD1,270.450010
D,DISPATCH,UNIT_SCADA,1,"2022/10/20 00:35:00",STWF1,177.184710
D,DISPATCH,UNIT_SCADA,1,"2022/10/20 00:35:00",SUNRSF1,0
D,DISPATCH,UNIT_SCADA,1,"2022/10/20 00:35:00",SUNTPSF1,0
D,DISPATCH,UNIT_SCADA,1,"2022/10/20 00:35:00",SWAN_E,247.841250
D,DISPATCH,UNIT_SCADA,1,"2022/10/20 00:35:00",TALWA1,0
D,DISPATCH,UNIT_SCADA,1,"2022/10/20 00:35:00",TARALGA1,0
D,DISPATCH,UNIT_SCADA,1,"2022/10/20 00:35:00",TARONG#1,291
D,DISPATCH,UNIT_SCADA,1,"2022/10/20 00:35:00",TARONG#2,290.800020
D,DISPATCH,UNIT_SCADA,1,"2022/10/20 00:35:00",TARONG#3,0.90
D,DISPATCH,UNIT_SCADA,1,"2022/10/20 00:35:00",TARONG#4,190.50
D,DISPATCH,UNIT_SCADA,1,"2022/10/20 00:35:00",TARRALEA,54
D,DISPATCH,UNIT_SCADA,1,"2022/10/20 00:35:00",TBSF1,0
D,DISPATCH,UNIT_SCADA,1,"2022/10/20 00:35:00",TNPS1,300.4375
D,DISPATCH,UNIT_SCADA,1,"2022/10/20 00:35:00",TORRB1,0
D,DISPATCH,UNIT_SCADA,1,"2022/10/20 00:35:00",TORRB2,41
D,DISPATCH,UNIT_SCADA,1,"2022/10/20 00:35:00",TORRB3,0
D,DISPATCH,UNIT_SCADA,1,"2022/10/20 00:35:00",TORRB4,0
D,DISPATCH,UNIT_SCADA,1,"2022/10/20 00:35:00",TREVALLN,100.202580
D,DISPATCH,UNIT_SCADA,1,"2022/10/20 00:35:00",TRIBUTE,0
D,DISPATCH,UNIT_SCADA,1,"2022/10/20 00:35:00",TUMUT3,0
D,DISPATCH,UNIT_SCADA,1,"2022/10/20 00:35:00",TUNGATIN,3.200020
D,DISPATCH,UNIT_SCADA,1,"2022/10/20 00:35:00",TVCC201,0
D,DISPATCH,UNIT_SCADA,1,"2022/10/20 00:35:00",TVPP104,0
D,DISPATCH,UNIT_SCADA,1,"2022/10/20 00:35:00",UPPTUMUT,0
D,DISPATCH,UNIT_SCADA,1,"2022/10/20 00:35:00",URANQ11,0
D,DISPATCH,UNIT_SCADA,1,"2022/10/20 00:35:00",URANQ12,0
D,DISPATCH,UNIT_SCADA,1,"2022/10/20 00:35:00",URANQ13,0
D,DISPATCH,UNIT_SCADA,1,"2022/10/20 00:35:00",URANQ14,0
D,DISPATCH,UNIT_SCADA,1,"2022/10/20 00:35:00",VBBG1,0
D,DISPATCH,UNIT_SCADA,1,"2022/10/20 00:35:00",VBBL1,66.20
D,DISPATCH,UNIT_SCADA,1,"2022/10/20 00:35:00",VP5,604.779170
D,DISPATCH,UNIT_SCADA,1,"2022/10/20 00:35:00",VP6,621.601010
D,DISPATCH,UNIT_SCADA,1,"2022/10/20 00:35:00",VPGS1,0
D,DISPATCH,UNIT_SCADA,1,"2022/10/20 00:35:00",VPGS2,0
D,DISPATCH,UNIT_SCADA,1,"2022/10/20 00:35:00",VPGS3,0
D,DISPATCH,UNIT_SCADA,1,"2022/10/20 00:35:00",VPGS4,0
D,DISPATCH,UNIT_SCADA,1,"2022/10/20 00:35:00",VPGS5,0
D,DISPATCH,UNIT_SCADA,1,"2022/10/20 00:35:00",VPGS6,0
D,DISPATCH,UNIT_SCADA,1,"2022/10/20 00:35:00",W/HOE#1,0
D,DISPATCH,UNIT_SCADA,1,"2022/10/20 00:35:00",W/HOE#2,0
D,DISPATCH,UNIT_SCADA,1,"2022/10/20 00:35:00",WAGGNSF1,0
D,DISPATCH,UNIT_SCADA,1,"2022/10/20 00:35:00",WALGRVG1,0
D,DISPATCH,UNIT_SCADA,1,"2022/10/20 00:35:00",WALGRVL1,0.032580
D,DISPATCH,UNIT_SCADA,1,"2022/10/20 00:35:00",WANDBG1,0
D,DISPATCH,UNIT_SCADA,1,"2022/10/20 00:35:00",WANDBL1,0
D,DISPATCH,UNIT_SCADA,1,"2022/10/20 00:35:00",WARWSF1,0
D,DISPATCH,UNIT_SCADA,1,"2022/10/20 00:35:00",WARWSF2,0
D,DISPATCH,UNIT_SCADA,1,"2022/10/20 00:35:00",WATERLWF,61.30
D,DISPATCH,UNIT_SCADA,1,"2022/10/20 00:35:00",WDGPH1,0
D,DISPATCH,UNIT_SCADA,1,"2022/10/20 00:35:00",WELLSF1,0
D,DISPATCH,UNIT_SCADA,1,"2022/10/20 00:35:00",WEMENSF1,0
D,DISPATCH,UNIT_SCADA,1,"2022/10/20 00:35:00",WGWF1,91.50
D,DISPATCH,UNIT_SCADA,1,"2022/10/20 00:35:00",WHITSF1,0
D,DISPATCH,UNIT_SCADA,1,"2022/10/20 00:35:00",WINTSF1,0
D,DISPATCH,UNIT_SCADA,1,"2022/10/20 00:35:00",WKIEWA1,33.90
D,DISPATCH,UNIT_SCADA,1,"2022/10/20 00:35:00",WKIEWA2,33.90
D,DISPATCH,UNIT_SCADA,1,"2022/10/20 00:35:00",WOODLWN1,14.691140
D,DISPATCH,UNIT_SCADA,1,"2022/10/20 00:35:00",WOOLGSF1,0
D,DISPATCH,UNIT_SCADA,1,"2022/10/20 00:35:00",WPWF,69.78
D,DISPATCH,UNIT_SCADA,1,"2022/10/20 00:35:00",WRSF1,0
D,DISPATCH,UNIT_SCADA,1,"2022/10/20 00:35:00",WRWF1,67.391780
D,DISPATCH,UNIT_SCADA,1,"2022/10/20 00:35:00",WSTWYSF1,0
D,DISPATCH,UNIT_SCADA,1,"2022/10/20 00:35:00",YABULU,0
D,DISPATCH,UNIT_SCADA,1,"2022/10/20 00:35:00",YABULU2,0
D,DISPATCH,UNIT_SCADA,1,"2022/10/20 00:35:00",YARANSF1,0
D,DISPATCH,UNIT_SCADA,1,"2022/10/20 00:35:00",YARWUN_1,160.259990
D,DISPATCH,UNIT_SCADA,1,"2022/10/20 00:35:00",YATSF1,0
D,DISPATCH,UNIT_SCADA,1,"2022/10/20 00:35:00",YENDWF1,43.05
D,DISPATCH,UNIT_SCADA,1,"2022/10/20 00:35:00",YWPS1,364.410130
D,DISPATCH,UNIT_SCADA,1,"2022/10/20 00:35:00",YWPS2,358.896210
D,DISPATCH,UNIT_SCADA,1,"2022/10/20 00:35:00",YWPS3,359.106320
D,DISPATCH,UNIT_SCADA,1,"2022/10/20 00:35:00",YWPS4,0
C,"END OF REPORT",419
