C,NEMP.WORLD,DISPATCHSCADA,AEMO,PUBLIC,2022/10/20,10:30:10,0000000373247301,DISPATCHSCADA,0000000373247295
I,DISPATCH,UNIT_SCADA,1,SETTLEMENTDATE,DUID,SCADAVALUE
D,DISPATCH,UNIT_SCADA,1,"2022/10/20 10:35:00",BARCSF1,11
D,DISPATCH,UNIT_SCADA,1,"2022/10/20 10:35:00",BUTLERSG,8.699999
D,DISPATCH,UNIT_SCADA,1,"2022/10/20 10:35:00",CAPTL_WF,23.656612
D,DISPATCH,UNIT_SCADA,1,"2022/10/20 10:35:00",CHALLHWF,6.60
D,DISPATCH,UNIT_SCADA,1,"2022/10/20 10:35:00",CLOVER,11.809999
D,DISPATCH,UNIT_SCADA,1,"2022/10/20 10:35:00",CLUNY,6.1767
D,DISPATCH,UNIT_SCADA,1,"2022/10/20 10:35:00",CULLRGWF,-0.04
D,DISPATCH,UNIT_SCADA,1,"2022/10/20 10:35:00",DIAPURWF1,4.50
D,DISPATCH,UNIT_SCADA,1,"2022/10/20 10:35:00",ERGT01,0
D,DISPATCH,UNIT_SCADA,1,"2022/10/20 10:35:00",GB01,0
D,DISPATCH,UNIT_SCADA,1,"2022/10/20 10:35:00",GERMCRK,19.60
D,DISPATCH,UNIT_SCADA,1,"2022/10/20 10:35:00",GRIFSF1,5.198749
D,DISPATCH,UNIT_SCADA,1,"2022/10/20 10:35:00",HEZ1,0
D,DISPATCH,UNIT_SCADA,1,"2022/10/20 10:35:00",HUGSF1,12.729001
D,DISPATCH,UNIT_SCADA,1,"2022/10/20 10:35:00",KEPBG1,0
D,DISPATCH,UNIT_SCADA,1,"2022/10/20 10:35:00",LRSF1,10.172001
D,DISPATCH,UNIT_SCADA,1,"2022/10/20 10:35:00",MBAHNTH,45.675003
D,DISPATCH,UNIT_SCADA,1,"2022/10/20 10:35:00",MLSP1,3.400001
D,DISPATCH,UNIT_SCADA,1,"2022/10/20 10:35:00",MLWF1,4.9650
D,DISPATCH,UNIT_SCADA,1,"2022/10/20 10:35:00",PALOONA,30.199999
D,DISPATCH,UNIT_SCADA,1,"2022/10/20 10:35:00",PIONEER,43.100002
D,DISPATCH,UNIT_SCADA,1,"2022/10/20 10:35:00",PORTWF,78.199997
D,DISPATCH,UNIT_SCADA,1,"2022/10/20 10:35:00",REPULSE,9.550317
D,DISPATCH,UNIT_SCADA,1,"2022/10/20 10:35:00",ROWALLAN,8.8679
D,DISPATCH,UNIT_SCADA,1,"2022/10/20 10:35:00",ROYALLA1,16.268003
D,DISPATCH,UNIT_SCADA,1,"2022/10/20 10:35:00",RPCG,-1.80
D,DISPATCH,UNIT_SCADA,1,"2022/10/20 10:35:00",RUBICON,0
D,DISPATCH,UNIT_SCADA,1,"2022/10/20 10:35:00",WAUBRAWF,11.6820
D,DISPATCH,UNIT_SCADA,1,"2022/10/20 10:35:00",WOOLNTH1,-0.84
D,DISPATCH,UNIT_SCADA,1,"2022/10/20 10:35:00",YAMBUKWF,6
D,DISPATCH,UNIT_SCADA,1,"2022/10/20 10:35:00",YSWF1,0.70
D,DISPATCH,UNIT_SCADA,1,"2022/10/20 10:35:00",ADPBA1G,0.0080
D,DISPATCH,UNIT_SCADA,1,"2022/10/20 10:35:00",ADPBA1L,0
D,DISPATCH,UNIT_SCADA,1,"2022/10/20 10:35:00",ADPPV1,0.0580
D,DISPATCH,UNIT_SCADA,1,"2022/10/20 10:35:00",AGLHAL,0
D,DISPATCH,UNIT_SCADA,1,"2022/10/20 10:35:00",AGLSOM,0
D,DISPATCH,UNIT_SCADA,1,"2022/10/20 10:35:00",ANGAST1,0
D,DISPATCH,UNIT_SCADA,1,"2022/10/20 10:35:00",ARWF1,0.90
D,DISPATCH,UNIT_SCADA,1,"2022/10/20 10:35:00",BALBG1,0
D,DISPATCH,UNIT_SCADA,1,"2022/10/20 10:35:00",BALBL1,0
D,DISPATCH,UNIT_SCADA,1,"2022/10/20 10:35:00",BALDHWF1,5.7240
D,DISPATCH,UNIT_SCADA,1,"2022/10/20 10:35:00",BANGOWF1,34.695350
D,DISPATCH,UNIT_SCADA,1,"2022/10/20 10:35:00",BANGOWF2,43.199740
D,DISPATCH,UNIT_SCADA,1,"2022/10/20 10:35:00",BANN1,9.59
D,DISPATCH,UNIT_SCADA,1,"2022/10/20 10:35:00",BARCALDN,0
D,DISPATCH,UNIT_SCADA,1,"2022/10/20 10:35:00",BARKIPS1,0
D,DISPATCH,UNIT_SCADA,1,"2022/10/20 10:35:00",BARRON-1,0
D,DISPATCH,UNIT_SCADA,1,"2022/10/20 10:35:00",BARRON-2,0
D,DISPATCH,UNIT_SCADA,1,"2022/10/20 10:35:00",BASTYAN,51.20
D,DISPATCH,UNIT_SCADA,1,"2022/10/20 10:35:00",BBTHREE1,0
D,DISPATCH,UNIT_SCADA,1,"2022/10/20 10:35:00",BBTHREE2,0
D,DISPATCH,UNIT_SCADA,1,"2022/10/20 10:35:00",BBTHREE3,-1.04
D,DISPATCH,UNIT_SCADA,1,"2022/10/20 10:35:00",BDL01,0
D,DISPATCH,UNIT_SCADA,1,"2022/10/20 10:35:00",BDL02,0
D,DISPATCH,UNIT_SCADA,1,"2022/10/20 10:35:00",BERYLSF1,2.151930
D,DISPATCH,UNIT_SCADA,1,"2022/10/20 10:35:00",BLOWERNG,62.50
D,DISPATCH,UNIT_SCADA,1,"2022/10/20 10:35:00",BLUEGSF1,33.697790
D,DISPATCH,UNIT_SCADA,1,"2022/10/20 10:35:00",BLUFF1,10.30
D,DISPATCH,UNIT_SCADA,1,"2022/10/20 10:35:00",BNGSF1,89.22
D,DISPATCH,UNIT_SCADA,1,"2022/10/20 10:35:00",BNGSF2,80.22
D,DISPATCH,UNIT_SCADA,1,"2022/10/20 10:35:00",BOCORWF1,0
D,DISPATCH,UNIT_SCADA,1,"2022/10/20 10:35:00",BODWF1,99.683910
D,DISPATCH,UNIT_SCADA,1,"2022/10/20 10:35:00",BOMENSF1,49.411770
D,DISPATCH,UNIT_SCADA,1,"2022/10/20 10:35:00",BOWWBA1G,0
D,DISPATCH,UNIT_SCADA,1,"2022/10/20 10:35:00",BOWWBA1L,0
D,DISPATCH,UNIT_SCADA,1,"2022/10/20 10:35:00",BOWWPV1,0
D,DISPATCH,UNIT_SCADA,1,"2022/10/20 10:35:00",BRAEMAR1,0
D,DISPATCH,UNIT_SCADA,1,"2022/10/20 10:35:00",BRAEMAR2,0
D,DISPATCH,UNIT_SCADA,1,"2022/10/20 10:35:00",BRAEMAR3,0
D,DISPATCH,UNIT_SCADA,1,"2022/10/20 10:35:00",BRAEMAR5,0.292060
D,DISPATCH,UNIT_SCADA,1,"2022/10/20 10:35:00",BRAEMAR6,0
D,DISPATCH,UNIT_SCADA,1,"2022/10/20 10:35:00",BRAEMAR7,0.130920
D,DISPATCH,UNIT_SCADA,1,"2022/10/20 10:35:00",BROKENH1,10.199840
D,DISPATCH,UNIT_SCADA,1,"2022/10/20 10:35:00",BRYB1WF1,89.817660
D,DISPATCH,UNIT_SCADA,1,"2022/10/20 10:35:00",BULBESG1,0
D,DISPATCH,UNIT_SCADA,1,"2022/10/20 10:35:00",BULBESL1,2
D,DISPATCH,UNIT_SCADA,1,"2022/10/20 10:35:00",BULGANA1,10.66
D,DISPATCH,UNIT_SCADA,1,"2022/10/20 10:35:00",BW01,659.299620
D,DISPATCH,UNIT_SCADA,1,"2022/10/20 10:35:00",BW02,618.698430
D,DISPATCH,UNIT_SCADA,1,"2022/10/20 10:35:00",BW03,549.703190
D,DISPATCH,UNIT_SCADA,1,"2022/10/20 10:35:00",BW04,0
D,DISPATCH,UNIT_SCADA,1,"2022/10/20 10:35:00",CALL_B_1,318.50
D,DISPATCH,UNIT_SCADA,1,"2022/10/20 10:35:00",CALL_B_2,319
D,DISPATCH,UNIT_SCADA,1,"2022/10/20 10:35:00",CATHROCK,0
D,DISPATCH,UNIT_SCADA,1,"2022/10/20 10:35:00",CBWWBA1G,0
D,DISPATCH,UNIT_SCADA,1,"2022/10/20 10:35:00",CBWWBA1L,0
D,DISPATCH,UNIT_SCADA,1,"2022/10/20 10:35:00",CETHANA,30.1665
D,DISPATCH,UNIT_SCADA,1,"2022/10/20 10:35:00",CG1,0
D,DISPATCH,UNIT_SCADA,1,"2022/10/20 10:35:00",CG2,0
D,DISPATCH,UNIT_SCADA,1,"2022/10/20 10:35:00",CG3,0
D,DISPATCH,UNIT_SCADA,1,"2022/10/20 10:35:00",CG4,0
D,DISPATCH,UNIT_SCADA,1,"2022/10/20 10:35:00",CHILDSF1,7.91
D,DISPATCH,UNIT_SCADA,1,"2022/10/20 10:35:00",CHYTWF1,1.80
D,DISPATCH,UNIT_SCADA,1,"2022/10/20 10:35:00",CLARESF1,63.029250
D,DISPATCH,UNIT_SCADA,1,"2022/10/20 10:35:00",CLEMGPWF,15.055320
D,DISPATCH,UNIT_SCADA,1,"2022/10/20 10:35:00",CLERMSF1,22.20
D,DISPATCH,UNIT_SCADA,1,"2022/10/20 10:35:00",CNUNDAWF,0
D,DISPATCH,UNIT_SCADA,1,"2022/10/20 10:35:00",COHUNSF1,8.53
D,DISPATCH,UNIT_SCADA,1,"2022/10/20 10:35:00",COLEASF1,37.796980
D,DISPATCH,UNIT_SCADA,1,"2022/10/20 10:35:00",COLUMSF1,41.8190
D,DISPATCH,UNIT_SCADA,1,"2022/10/20 10:35:00",COLWF01,80.952160
D,DISPATCH,UNIT_SCADA,1,"2022/10/20 10:35:00",COOPGWF1,176.22
D,DISPATCH,UNIT_SCADA,1,"2022/10/20 10:35:00",CPP_3,369.050020
D,DISPATCH,UNIT_SCADA,1,"2022/10/20 10:35:00",CPP_4,0
D,DISPATCH,UNIT_SCADA,1,"2022/10/20 10:35:00",CPSA,0
D,DISPATCH,UNIT_SCADA,1,"2022/10/20 10:35:00",CROOKWF2,46.783550
D,DISPATCH,UNIT_SCADA,1,"2022/10/20 10:35:00",CROWLWF1,13.363710
D,DISPATCH,UNIT_SCADA,1,"2022/10/20 10:35:00",CRURWF1,66.396660
D,DISPATCH,UNIT_SCADA,1,"2022/10/20 10:35:00",CRWASF1,29.726720
D,DISPATCH,UNIT_SCADA,1,"2022/10/20 10:35:00",CSPVPS1,1.6080
D,DISPATCH,UNIT_SCADA,1,"2022/10/20 10:35:00",CTHLWF1,0.003050
D,DISPATCH,UNIT_SCADA,1,"2022/10/20 10:35:00",DALNTH01,0
D,DISPATCH,UNIT_SCADA,1,"2022/10/20 10:35:00",DALNTHL1,0.074770
D,DISPATCH,UNIT_SCADA,1,"2022/10/20 10:35:00",DARLSF1,86.9843
D,DISPATCH,UNIT_SCADA,1,"2022/10/20 10:35:00",DARTM1,0
D,DISPATCH,UNIT_SCADA,1,"2022/10/20 10:35:00",DAYDSF1,4.0150
D,DISPATCH,UNIT_SCADA,1,"2022/10/20 10:35:00",DDPS1,0
D,DISPATCH,UNIT_SCADA,1,"2022/10/20 10:35:00",DDSF1,41.517060
D,DISPATCH,UNIT_SCADA,1,"2022/10/20 10:35:00",DEVILS_G,58.214670
D,DISPATCH,UNIT_SCADA,1,"2022/10/20 10:35:00",DG_NSW1,0
D,DISPATCH,UNIT_SCADA,1,"2022/10/20 10:35:00",DG_QLD1,0
D,DISPATCH,UNIT_SCADA,1,"2022/10/20 10:35:00",DG_SA1,0
D,DISPATCH,UNIT_SCADA,1,"2022/10/20 10:35:00",DG_TAS1,0
D,DISPATCH,UNIT_SCADA,1,"2022/10/20 10:35:00",DG_VIC1,0
D,DISPATCH,UNIT_SCADA,1,"2022/10/20 10:35:00",DRYCGT1,0
D,DISPATCH,UNIT_SCADA,1,"2022/10/20 10:35:00",DRYCGT2,0
D,DISPATCH,UNIT_SCADA,1,"2022/10/20 10:35:00",DRYCGT3,0
D,DISPATCH,UNIT_SCADA,1,"2022/10/20 10:35:00",DUNDWF1,47.54
D,DISPATCH,UNIT_SCADA,1,"2022/10/20 10:35:00",DUNDWF2,13.04
D,DISPATCH,UNIT_SCADA,1,"2022/10/20 10:35:00",DUNDWF3,43.90
D,DISPATCH,UNIT_SCADA,1,"2022/10/20 10:35:00",EILDON1,60.12
D,DISPATCH,UNIT_SCADA,1,"2022/10/20 10:35:00",EILDON2,59.92
D,DISPATCH,UNIT_SCADA,1,"2022/10/20 10:35:00",ELAINWF1,25.29
D,DISPATCH,UNIT_SCADA,1,"2022/10/20 10:35:00",EMERASF1,0
D,DISPATCH,UNIT_SCADA,1,"2022/10/20 10:35:00",ER01,0
D,DISPATCH,UNIT_SCADA,1,"2022/10/20 10:35:00",ER02,300.065610
D,DISPATCH,UNIT_SCADA,1,"2022/10/20 10:35:00",ER03,360.979610
D,DISPATCH,UNIT_SCADA,1,"2022/10/20 10:35:00",ER04,365.960170
D,DISPATCH,UNIT_SCADA,1,"2022/10/20 10:35:00",FINLYSF1,66.507970
D,DISPATCH,UNIT_SCADA,1,"2022/10/20 10:35:00",FISHER,43.78
D,DISPATCH,UNIT_SCADA,1,"2022/10/20 10:35:00",GANGARR1,17.7760
D,DISPATCH,UNIT_SCADA,1,"2022/10/20 10:35:00",GANNBG1,0
D,DISPATCH,UNIT_SCADA,1,"2022/10/20 10:35:00",GANNBL1,4.581310
D,DISPATCH,UNIT_SCADA,1,"2022/10/20 10:35:00",GANNSF1,43.80
D,DISPATCH,UNIT_SCADA,1,"2022/10/20 10:35:00",GLRWNSF1,109.99
D,DISPATCH,UNIT_SCADA,1,"2022/10/20 10:35:00",GNNDHSF1,36.106890
D,DISPATCH,UNIT_SCADA,1,"2022/10/20 10:35:00",GOONSF1,0
D,DISPATCH,UNIT_SCADA,1,"2022/10/20 10:35:00",GORDON,205.384550
D,DISPATCH,UNIT_SCADA,1,"2022/10/20 10:35:00",GRANWF1,0.81
D,DISPATCH,UNIT_SCADA,1,"2022/10/20 10:35:00",GSTONE1,189.349990
D,DISPATCH,UNIT_SCADA,1,"2022/10/20 10:35:00",GSTONE2,0
D,DISPATCH,UNIT_SCADA,1,"2022/10/20 10:35:00",GSTONE3,168.8750
D,DISPATCH,UNIT_SCADA,1,"2022/10/20 10:35:00",GSTONE4,0
D,DISPATCH,UNIT_SCADA,1,"2022/10/20 10:35:00",GSTONE5,150.50
D,DISPATCH,UNIT_SCADA,1,"2022/10/20 10:35:00",GSTONE6,150.50
D,DISPATCH,UNIT_SCADA,1,"2022/10/20 10:35:00",GULLRSF1,4.214940
D,DISPATCH,UNIT_SCADA,1,"2022/10/20 10:35:00",GULLRWF1,73.953870
D,DISPATCH,UNIT_SCADA,1,"2022/10/20 10:35:00",GULLRWF2,88.094120
D,DISPATCH,UNIT_SCADA,1,"2022/10/20 10:35:00",GUNNING1,0
D,DISPATCH,UNIT_SCADA,1,"2022/10/20 10:35:00",GUTHEGA,67.90
D,DISPATCH,UNIT_SCADA,1,"2022/10/20 10:35:00",HALLWF1,14.54
D,DISPATCH,UNIT_SCADA,1,"2022/10/20 10:35:00",HALLWF2,35.05
D,DISPATCH,UNIT_SCADA,1,"2022/10/20 10:35:00",HAMISF1,0
D,DISPATCH,UNIT_SCADA,1,"2022/10/20 10:35:00",HAUGHT11,36.997120
D,DISPATCH,UNIT_SCADA,1,"2022/10/20 10:35:00",HAYMSF1,0
D,DISPATCH,UNIT_SCADA,1,"2022/10/20 10:35:00",HDWF1,68.70
D,DISPATCH,UNIT_SCADA,1,"2022/10/20 10:35:00",HDWF2,59.70
D,DISPATCH,UNIT_SCADA,1,"2022/10/20 10:35:00",HDWF3,67.90
D,DISPATCH,UNIT_SCADA,1,"2022/10/20 10:35:00",HILLSTN1,26.528770
D,DISPATCH,UNIT_SCADA,1,"2022/10/20 10:35:00",HPRG1,0
D,DISPATCH,UNIT_SCADA,1,"2022/10/20 10:35:00",HPRL1,8
D,DISPATCH,UNIT_SCADA,1,"2022/10/20 10:35:00",HUMENSW,54.988950
D,DISPATCH,UNIT_SCADA,1,"2022/10/20 10:35:00",HUMEV,0
D,DISPATCH,UNIT_SCADA,1,"2022/10/20 10:35:00",HVWWBA1G,0
D,DISPATCH,UNIT_SCADA,1,"2022/10/20 10:35:00",HVWWBA1L,0.0060
D,DISPATCH,UNIT_SCADA,1,"2022/10/20 10:35:00",HVWWPV1,0.0240
D,DISPATCH,UNIT_SCADA,1,"2022/10/20 10:35:00",JBUTTERS,0
D,DISPATCH,UNIT_SCADA,1,"2022/10/20 10:35:00",JEMALNG1,2.44
D,DISPATCH,UNIT_SCADA,1,"2022/10/20 10:35:00",JLA01,0
D,DISPATCH,UNIT_SCADA,1,"2022/10/20 10:35:00",JLA02,0
D,DISPATCH,UNIT_SCADA,1,"2022/10/20 10:35:00",JLA03,0
D,DISPATCH,UNIT_SCADA,1,"2022/10/20 10:35:00",JLA04,0
D,DISPATCH,UNIT_SCADA,1,"2022/10/20 10:35:00",JLB01,0
D,DISPATCH,UNIT_SCADA,1,"2022/10/20 10:35:00",JLB02,0.10
D,DISPATCH,UNIT_SCADA,1,"2022/10/20 10:35:00",JLB03,0
D,DISPATCH,UNIT_SCADA,1,"2022/10/20 10:35:00",JUNEESF1,13.715970
D,DISPATCH,UNIT_SCADA,1,"2022/10/20 10:35:00",KABANWF1,0
D,DISPATCH,UNIT_SCADA,1,"2022/10/20 10:35:00",KAREEYA1,0
D,DISPATCH,UNIT_SCADA,1,"2022/10/20 10:35:00",KAREEYA2,0
D,DISPATCH,UNIT_SCADA,1,"2022/10/20 10:35:00",KAREEYA3,4.8925
D,DISPATCH,UNIT_SCADA,1,"2022/10/20 10:35:00",KAREEYA4,0
D,DISPATCH,UNIT_SCADA,1,"2022/10/20 10:35:00",KARSF1,23.30
D,DISPATCH,UNIT_SCADA,1,"2022/10/20 10:35:00",KEPSF1,8.57
D,DISPATCH,UNIT_SCADA,1,"2022/10/20 10:35:00",KEPWF1,3.92
D,DISPATCH,UNIT_SCADA,1,"2022/10/20 10:35:00",KIAMSF1,8.953230
D,DISPATCH,UNIT_SCADA,1,"2022/10/20 10:35:00",KIATAWF1,8.40
D,DISPATCH,UNIT_SCADA,1,"2022/10/20 10:35:00",KPP_1,0
D,DISPATCH,UNIT_SCADA,1,"2022/10/20 10:35:00",KSP1,25.46
D,DISPATCH,UNIT_SCADA,1,"2022/10/20 10:35:00",LADBROK1,0.02
D,DISPATCH,UNIT_SCADA,1,"2022/10/20 10:35:00",LADBROK2,0.02
D,DISPATCH,UNIT_SCADA,1,"2022/10/20 10:35:00",LBBG1,0
D,DISPATCH,UNIT_SCADA,1,"2022/10/20 10:35:00",LBBL1,11.10
D,DISPATCH,UNIT_SCADA,1,"2022/10/20 10:35:00",LD01,281.203640
D,DISPATCH,UNIT_SCADA,1,"2022/10/20 10:35:00",LD02,0
D,DISPATCH,UNIT_SCADA,1,"2022/10/20 10:35:00",LD04,281.221950
D,DISPATCH,UNIT_SCADA,1,"2022/10/20 10:35:00",LEM_WIL,77.734040
D,DISPATCH,UNIT_SCADA,1,"2022/10/20 10:35:00",LGAPWF1,57.99
D,DISPATCH,UNIT_SCADA,1,"2022/10/20 10:35:00",LGAPWF2,0
D,DISPATCH,UNIT_SCADA,1,"2022/10/20 10:35:00",LILYSF1,49.545210
D,DISPATCH,UNIT_SCADA,1,"2022/10/20 10:35:00",LIMOSF11,44.850990
D,DISPATCH,UNIT_SCADA,1,"2022/10/20 10:35:00",LIMOSF21,5.665030
D,DISPATCH,UNIT_SCADA,1,"2022/10/20 10:35:00",LI_WY_CA,55.976030
D,DISPATCH,UNIT_SCADA,1,"2022/10/20 10:35:00",LKBONNY1,0
D,DISPATCH,UNIT_SCADA,1,"2022/10/20 10:35:00",LKBONNY2,0
D,DISPATCH,UNIT_SCADA,1,"2022/10/20 10:35:00",LKBONNY3,0
D,DISPATCH,UNIT_SCADA,1,"2022/10/20 10:35:00",LK_ECHO,0
D,DISPATCH,UNIT_SCADA,1,"2022/10/20 10:35:00",LNGS1,0
D,DISPATCH,UNIT_SCADA,1,"2022/10/20 10:35:00",LNGS2,0
D,DISPATCH,UNIT_SCADA,1,"2022/10/20 10:35:00",LONSDALE,0
D,DISPATCH,UNIT_SCADA,1,"2022/10/20 10:35:00",LOYYB1,438.717710
D,DISPATCH,UNIT_SCADA,1,"2022/10/20 10:35:00",LOYYB2,441.725310
D,DISPATCH,UNIT_SCADA,1,"2022/10/20 10:35:00",LYA1,518
D,DISPATCH,UNIT_SCADA,1,"2022/10/20 10:35:00",LYA2,0
D,DISPATCH,UNIT_SCADA,1,"2022/10/20 10:35:00",LYA3,349
D,DISPATCH,UNIT_SCADA,1,"2022/10/20 10:35:00",LYA4,349
D,DISPATCH,UNIT_SCADA,1,"2022/10/20 10:35:00",MACARTH1,49.398860
D,DISPATCH,UNIT_SCADA,1,"2022/10/20 10:35:00",MACKNTSH,0
D,DISPATCH,UNIT_SCADA,1,"2022/10/20 10:35:00",MANSLR1,20.9730
D,DISPATCH,UNIT_SCADA,1,"2022/10/20 10:35:00",MAPS2PV1,0
D,DISPATCH,UNIT_SCADA,1,"2022/10/20 10:35:00",MAPS3PV1,0
D,DISPATCH,UNIT_SCADA,1,"2022/10/20 10:35:00",MARYRSF1,13.09
D,DISPATCH,UNIT_SCADA,1,"2022/10/20 10:35:00",MBPS2PV1,0
D,DISPATCH,UNIT_SCADA,1,"2022/10/20 10:35:00",MCKAY1,0.02
D,DISPATCH,UNIT_SCADA,1,"2022/10/20 10:35:00",MEADOWBK,5.944640
D,DISPATCH,UNIT_SCADA,1,"2022/10/20 10:35:00",MERCER01,28.70
D,DISPATCH,UNIT_SCADA,1,"2022/10/20 10:35:00",METZSF1,18.459490
D,DISPATCH,UNIT_SCADA,1,"2022/10/20 10:35:00",MEWF1,3.1360
D,DISPATCH,UNIT_SCADA,1,"2022/10/20 10:35:00",MIDDLSF1,16.70
D,DISPATCH,UNIT_SCADA,1,"2022/10/20 10:35:00",MINTARO,0.128180
D,DISPATCH,UNIT_SCADA,1,"2022/10/20 10:35:00",MOLNGSF1,14.703590
D,DISPATCH,UNIT_SCADA,1,"2022/10/20 10:35:00",MOORAWF1,45.93
D,DISPATCH,UNIT_SCADA,1,"2022/10/20 10:35:00",MOREESF1,20.7260
D,DISPATCH,UNIT_SCADA,1,"2022/10/20 10:35:00",MORTLK11,0
D,DISPATCH,UNIT_SCADA,1,"2022/10/20 10:35:00",MORTLK12,0
D,DISPATCH,UNIT_SCADA,1,"2022/10/20 10:35:00",MOUSF1,0
D,DISPATCH,UNIT_SCADA,1,"2022/10/20 10:35:00",MP1,0
D,DISPATCH,UNIT_SCADA,1,"2022/10/20 10:35:00",MP2,350.041960
D,DISPATCH,UNIT_SCADA,1,"2022/10/20 10:35:00",MPP_1,168.600010
D,DISPATCH,UNIT_SCADA,1,"2022/10/20 10:35:00",MPP_2,181.143160
D,DISPATCH,UNIT_SCADA,1,"2022/10/20 10:35:00",MRTLSWF1,0
D,DISPATCH,UNIT_SCADA,1,"2022/10/20 10:35:00",MSTUART1,0
D,DISPATCH,UNIT_SCADA,1,"2022/10/20 10:35:00",MSTUART2,0
D,DISPATCH,UNIT_SCADA,1,"2022/10/20 10:35:00",MSTUART3,0
D,DISPATCH,UNIT_SCADA,1,"2022/10/20 10:35:00",MTGELWF1,37.9574
D,DISPATCH,UNIT_SCADA,1,"2022/10/20 10:35:00",MTMILLAR,1.40
D,DISPATCH,UNIT_SCADA,1,"2022/10/20 10:35:00",MURRAY,0
D,DISPATCH,UNIT_SCADA,1,"2022/10/20 10:35:00",MUSSELR1,99.80
D,DISPATCH,UNIT_SCADA,1,"2022/10/20 10:35:00",MUWAWF1,60.43
D,DISPATCH,UNIT_SCADA,1,"2022/10/20 10:35:00",MUWAWF2,47
D,DISPATCH,UNIT_SCADA,1,"2022/10/20 10:35:00",MWPS1PV1,0.13
D,DISPATCH,UNIT_SCADA,1,"2022/10/20 10:35:00",MWPS2PV1,0
D,DISPATCH,UNIT_SCADA,1,"2022/10/20 10:35:00",MWPS3PV1,0.06
D,DISPATCH,UNIT_SCADA,1,"2022/10/20 10:35:00",MWPS4PV1,0.01
D,DISPATCH,UNIT_SCADA,1,"2022/10/20 10:35:00",NBHWF1,59.40
D,DISPATCH,UNIT_SCADA,1,"2022/10/20 10:35:00",NEVERSF1,41.25
D,DISPATCH,UNIT_SCADA,1,"2022/10/20 10:35:00",NPS,0
D,DISPATCH,UNIT_SCADA,1,"2022/10/20 10:35:00",NUMURSF1,93.48
D,DISPATCH,UNIT_SCADA,1,"2022/10/20 10:35:00",NYNGAN1,57.50
D,DISPATCH,UNIT_SCADA,1,"2022/10/20 10:35:00",OAKEY1,0
D,DISPATCH,UNIT_SCADA,1,"2022/10/20 10:35:00",OAKEY1SF,5.9810
D,DISPATCH,UNIT_SCADA,1,"2022/10/20 10:35:00",OAKEY2,0
D,DISPATCH,UNIT_SCADA,1,"2022/10/20 10:35:00",OAKEY2SF,12.87
D,DISPATCH,UNIT_SCADA,1,"2022/10/20 10:35:00",OAKLAND1,4.10
D,DISPATCH,UNIT_SCADA,1,"2022/10/20 10:35:00",OSB-AG,0
D,DISPATCH,UNIT_SCADA,1,"2022/10/20 10:35:00",PAREPS1,0.0660
D,DISPATCH,UNIT_SCADA,1,"2022/10/20 10:35:00",PAREPW1,70.05
D,DISPATCH,UNIT_SCADA,1,"2022/10/20 10:35:00",PARSF1,2.000460
D,DISPATCH,UNIT_SCADA,1,"2022/10/20 10:35:00",POAT110,0
D,DISPATCH,UNIT_SCADA,1,"2022/10/20 10:35:00",POAT220,0
D,DISPATCH,UNIT_SCADA,1,"2022/10/20 10:35:00",POR01,0
D,DISPATCH,UNIT_SCADA,1,"2022/10/20 10:35:00",POR03,0
D,DISPATCH,UNIT_SCADA,1,"2022/10/20 10:35:00",PPCCGT,0
D,DISPATCH,UNIT_SCADA,1,"2022/10/20 10:35:00",PTSTAN1,0
D,DISPATCH,UNIT_SCADA,1,"2022/10/20 10:35:00",PUMP1,0
D,DISPATCH,UNIT_SCADA,1,"2022/10/20 10:35:00",PUMP2,0
D,DISPATCH,UNIT_SCADA,1,"2022/10/20 10:35:00",QBYNBG1,0
D,DISPATCH,UNIT_SCADA,1,"2022/10/20 10:35:00",QBYNBL1,0.1355
D,DISPATCH,UNIT_SCADA,1,"2022/10/20 10:35:00",QPS1,0
D,DISPATCH,UNIT_SCADA,1,"2022/10/20 10:35:00",QPS2,0
D,DISPATCH,UNIT_SCADA,1,"2022/10/20 10:35:00",QPS3,0
D,DISPATCH,UNIT_SCADA,1,"2022/10/20 10:35:00",QPS4,0
D,DISPATCH,UNIT_SCADA,1,"2022/10/20 10:35:00",QPS5,74.689990
D,DISPATCH,UNIT_SCADA,1,"2022/10/20 10:35:00",REECE1,44.999910
D,DISPATCH,UNIT_SCADA,1,"2022/10/20 10:35:00",REECE2,0
D,DISPATCH,UNIT_SCADA,1,"2022/10/20 10:35:00",ROMA_7,0
D,DISPATCH,UNIT_SCADA,1,"2022/10/20 10:35:00",ROMA_8,0
D,DISPATCH,UNIT_SCADA,1,"2022/10/20 10:35:00",RRSF1,112.723720
D,DISPATCH,UNIT_SCADA,1,"2022/10/20 10:35:00",RT_NSW1,0
D,DISPATCH,UNIT_SCADA,1,"2022/10/20 10:35:00",RT_NSW2,0
D,DISPATCH,UNIT_SCADA,1,"2022/10/20 10:35:00",RT_NSW3,0
D,DISPATCH,UNIT_SCADA,1,"2022/10/20 10:35:00",RT_NSW4,0
D,DISPATCH,UNIT_SCADA,1,"2022/10/20 10:35:00",RT_NSW5,0
D,DISPATCH,UNIT_SCADA,1,"2022/10/20 10:35:00",RT_NSW6,0
D,DISPATCH,UNIT_SCADA,1,"2022/10/20 10:35:00",RT_QLD1,0
D,DISPATCH,UNIT_SCADA,1,"2022/10/20 10:35:00",RT_SA1,0
D,DISPATCH,UNIT_SCADA,1,"2022/10/20 10:35:00",RT_SA2,0
D,DISPATCH,UNIT_SCADA,1,"2022/10/20 10:35:00",RT_SA3,0
D,DISPATCH,UNIT_SCADA,1,"2022/10/20 10:35:00",RT_SA4,0
D,DISPATCH,UNIT_SCADA,1,"2022/10/20 10:35:00",RT_SA5,0
D,DISPATCH,UNIT_SCADA,1,"2022/10/20 10:35:00",RT_SA6,0
D,DISPATCH,UNIT_SCADA,1,"2022/10/20 10:35:00",RT_TAS1,0
D,DISPATCH,UNIT_SCADA,1,"2022/10/20 10:35:00",RT_VIC1,0
D,DISPATCH,UNIT_SCADA,1,"2022/10/20 10:35:00",RT_VIC10,0
D,DISPATCH,UNIT_SCADA,1,"2022/10/20 10:35:00",RT_VIC11,0
D,DISPATCH,UNIT_SCADA,1,"2022/10/20 10:35:00",RT_VIC12,0
D,DISPATCH,UNIT_SCADA,1,"2022/10/20 10:35:00",RT_VIC2,0
D,DISPATCH,UNIT_SCADA,1,"2022/10/20 10:35:00",RT_VIC3,0
D,DISPATCH,UNIT_SCADA,1,"2022/10/20 10:35:00",RT_VIC4,0
D,DISPATCH,UNIT_SCADA,1,"2022/10/20 10:35:00",RT_VIC5,0
D,DISPATCH,UNIT_SCADA,1,"2022/10/20 10:35:00",RT_VIC6,0
D,DISPATCH,UNIT_SCADA,1,"2022/10/20 10:35:00",RT_VIC7,0
D,DISPATCH,UNIT_SCADA,1,"2022/10/20 10:35:00",RT_VIC8,0
D,DISPATCH,UNIT_SCADA,1,"2022/10/20 10:35:00",RT_VIC9,0
D,DISPATCH,UNIT_SCADA,1,"2022/10/20 10:35:00",RUGBYR1,6.877440
D,DISPATCH,UNIT_SCADA,1,"2022/10/20 10:35:00",SALTCRK1,20.09
D,DISPATCH,UNIT_SCADA,1,"2022/10/20 10:35:00",SAPHWF1,107.0222
D,DISPATCH,UNIT_SCADA,1,"2022/10/20 10:35:00",SEBSF1,27.775560
D,DISPATCH,UNIT_SCADA,1,"2022/10/20 10:35:00",SHGEN,0
D,DISPATCH,UNIT_SCADA,1,"2022/10/20 10:35:00",SHPUMP,0
D,DISPATCH,UNIT_SCADA,1,"2022/10/20 10:35:00",SITHE01,0.194050
D,DISPATCH,UNIT_SCADA,1,"2022/10/20 10:35:00",SMCSF1,107.7720
D,DISPATCH,UNIT_SCADA,1,"2022/10/20 10:35:00",SNAPPER1,0
D,DISPATCH,UNIT_SCADA,1,"2022/10/20 10:35:00",SNOWNTH1,116.900010
D,DISPATCH,UNIT_SCADA,1,"2022/10/20 10:35:00",SNOWSTH1,63.10
D,DISPATCH,UNIT_SCADA,1,"2022/10/20 10:35:00",SNOWTWN1,80.0483
D,DISPATCH,UNIT_SCADA,1,"2022/10/20 10:35:00",SNOWYP,0
D,DISPATCH,UNIT_SCADA,1,"2022/10/20 10:35:00",SNUG1,0
D,DISPATCH,UNIT_SCADA,1,"2022/10/20 10:35:00",SRSF1,22.13
D,DISPATCH,UNIT_SCADA,1,"2022/10/20 10:35:00",STAN-1,270.378660
D,DISPATCH,UNIT_SCADA,1,"2022/10/20 10:35:00",STAN-2,294.655580
D,DISPATCH,UNIT_SCADA,1,"2022/10/20 10:35:00",STAN-3,153.826420
D,DISPATCH,UNIT_SCADA,1,"2022/10/20 10:35:00",STAN-4,296.078370
D,DISPATCH,UNIT_SCADA,1,"2022/10/20 10:35:00",STARHLWF,0.01
D,DISPATCH,UNIT_SCADA,1,"2022/10/20 10:35:00",STOCKYD1,45.16
D,DISPATCH,UNIT_SCADA,1,"2022/10/20 10:35:00",STWF1,0
D,DISPATCH,UNIT_SCADA,1,"2022/10/20 10:35:00",SUNRSF1,22.600140
D,DISPATCH,UNIT_SCADA,1,"2022/10/20 10:35:00",SUNTPSF1,50.334630
D,DISPATCH,UNIT_SCADA,1,"2022/10/20 10:35:00",SWAN_E,219.729370
D,DISPATCH,UNIT_SCADA,1,"2022/10/20 10:35:00",TALWA1,0
D,DISPATCH,UNIT_SCADA,1,"2022/10/20 10:35:00",TARALGA1,0
D,DISPATCH,UNIT_SCADA,1,"2022/10/20 10:35:00",TARONG#1,345
D,DISPATCH,UNIT_SCADA,1,"2022/10/20 10:35:00",TARONG#2,343.700010
D,DISPATCH,UNIT_SCADA,1,"2022/10/20 10:35:00",TARONG#3,0.90
D,DISPATCH,UNIT_SCADA,1,"2022/10/20 10:35:00",TARONG#4,205.50
D,DISPATCH,UNIT_SCADA,1,"2022/10/20 10:35:00",TARRALEA,54
D,DISPATCH,UNIT_SCADA,1,"2022/10/20 10:35:00",TBSF1,0.10
D,DISPATCH,UNIT_SCADA,1,"2022/10/20 10:35:00",TNPS1,399.4375
D,DISPATCH,UNIT_SCADA,1,"2022/10/20 10:35:00",TORRB1,0
D,DISPATCH,UNIT_SCADA,1,"2022/10/20 10:35:00",TORRB2,40
D,DISPATCH,UNIT_SCADA,1,"2022/10/20 10:35:00",TORRB3,0
D,DISPATCH,UNIT_SCADA,1,"2022/10/20 10:35:00",TORRB4,0
D,DISPATCH,UNIT_SCADA,1,"2022/10/20 10:35:00",TREVALLN,98.353760
D,DISPATCH,UNIT_SCADA,1,"2022/10/20 10:35:00",TRIBUTE,0
D,DISPATCH,UNIT_SCADA,1,"2022/10/20 10:35:00",TUMUT3,0
D,DISPATCH,UNIT_SCADA,1,"2022/10/20 10:35:00",TUNGATIN,3.400020
D,DISPATCH,UNIT_SCADA,1,"2022/10/20 10:35:00",TVCC201,0
D,DISPATCH,UNIT_SCADA,1,"2022/10/20 10:35:00",TVPP104,57.904710
D,DISPATCH,UNIT_SCADA,1,"2022/10/20 10:35:00",UPPTUMUT,0
D,DISPATCH,UNIT_SCADA,1,"2022/10/20 10:35:00",URANQ11,0
D,DISPATCH,UNIT_SCADA,1,"2022/10/20 10:35:00",URANQ12,0
D,DISPATCH,UNIT_SCADA,1,"2022/10/20 10:35:00",URANQ13,0
D,DISPATCH,UNIT_SCADA,1,"2022/10/20 10:35:00",URANQ14,0
D,DISPATCH,UNIT_SCADA,1,"2022/10/20 10:35:00",VBBG1,0
D,DISPATCH,UNIT_SCADA,1,"2022/10/20 10:35:00",VBBL1,59.60
D,DISPATCH,UNIT_SCADA,1,"2022/10/20 10:35:00",VP5,489.809880
D,DISPATCH,UNIT_SCADA,1,"2022/10/20 10:35:00",VP6,488.540310
D,DISPATCH,UNIT_SCADA,1,"2022/10/20 10:35:00",VPGS1,0
D,DISPATCH,UNIT_SCADA,1,"2022/10/20 10:35:00",VPGS2,0
D,DISPATCH,UNIT_SCADA,1,"2022/10/20 10:35:00",VPGS3,0
D,DISPATCH,UNIT_SCADA,1,"2022/10/20 10:35:00",VPGS4,0
D,DISPATCH,UNIT_SCADA,1,"2022/10/20 10:35:00",VPGS5,0
D,DISPATCH,UNIT_SCADA,1,"2022/10/20 10:35:00",VPGS6,0
D,DISPATCH,UNIT_SCADA,1,"2022/10/20 10:35:00",W/HOE#1,0
D,DISPATCH,UNIT_SCADA,1,"2022/10/20 10:35:00",W/HOE#2,0
D,DISPATCH,UNIT_SCADA,1,"2022/10/20 10:35:00",WAGGNSF1,0
D,DISPATCH,UNIT_SCADA,1,"2022/10/20 10:35:00",WALGRVG1,0.000930
D,DISPATCH,UNIT_SCADA,1,"2022/10/20 10:35:00",WALGRVL1,0
D,DISPATCH,UNIT_SCADA,1,"2022/10/20 10:35:00",WANDBG1,-0.063520
D,DISPATCH,UNIT_SCADA,1,"2022/10/20 10:35:00",WANDBL1,0
D,DISPATCH,UNIT_SCADA,1,"2022/10/20 10:35:00",WARWSF1,6.34
D,DISPATCH,UNIT_SCADA,1,"2022/10/20 10:35:00",WARWSF2,6.47
D,DISPATCH,UNIT_SCADA,1,"2022/10/20 10:35:00",WATERLWF,53.30
D,DISPATCH,UNIT_SCADA,1,"2022/10/20 10:35:00",WDGPH1,57.9170
D,DISPATCH,UNIT_SCADA,1,"2022/10/20 10:35:00",WELLSF1,39.121080
D,DISPATCH,UNIT_SCADA,1,"2022/10/20 10:35:00",WEMENSF1,13.40
D,DISPATCH,UNIT_SCADA,1,"2022/10/20 10:35:00",WGWF1,93.70
D,DISPATCH,UNIT_SCADA,1,"2022/10/20 10:35:00",WHITSF1,0
D,DISPATCH,UNIT_SCADA,1,"2022/10/20 10:35:00",WINTSF1,84.93
D,DISPATCH,UNIT_SCADA,1,"2022/10/20 10:35:00",WKIEWA1,33.90
D,DISPATCH,UNIT_SCADA,1,"2022/10/20 10:35:00",WKIEWA2,14
D,DISPATCH,UNIT_SCADA,1,"2022/10/20 10:35:00",WOODLWN1,16.2732
D,DISPATCH,UNIT_SCADA,1,"2022/10/20 10:35:00",WOOLGSF1,15.458820
D,DISPATCH,UNIT_SCADA,1,"2022/10/20 10:35:00",WPWF,7.14
D,DISPATCH,UNIT_SCADA,1,"2022/10/20 10:35:00",WRSF1,0.369880
D,DISPATCH,UNIT_SCADA,1,"2022/10/20 10:35:00",WRWF1,36.520940
D,DISPATCH,UNIT_SCADA,1,"2022/10/20 10:35:00",WSTWYSF1,0
D,DISPATCH,UNIT_SCADA,1,"2022/10/20 10:35:00",YABULU,0
D,DISPATCH,UNIT_SCADA,1,"2022/10/20 10:35:00",YABULU2,0
D,DISPATCH,UNIT_SCADA,1,"2022/10/20 10:35:00",YARANSF1,45.60
D,DISPATCH,UNIT_SCADA,1,"2022/10/20 10:35:00",YARWUN_1,162.78
D,DISPATCH,UNIT_SCADA,1,"2022/10/20 10:35:00",YATSF1,42.72
D,DISPATCH,UNIT_SCADA,1,"2022/10/20 10:35:00",YENDWF1,44.89
D,DISPATCH,UNIT_SCADA,1,"2022/10/20 10:35:00",YWPS1,299.746830
D,DISPATCH,UNIT_SCADA,1,"2022/10/20 10:35:00",YWPS2,289.220250
D,DISPATCH,UNIT_SCADA,1,"2022/10/20 10:35:00",YWPS3,301.8038
D,DISPATCH,UNIT_SCADA,1,"2022/10/20 10:35:00",YWPS4,0
C,"END OF REPORT",419
