C,NEMP.WORLD,DISPATCHSCADA,AEMO,PUBLIC,2022/10/20,00:10:09,0000000373215702,DISPATCHSCADA,0000000373215696
I,DISPATCH,UNIT_SCADA,1,SETTLEMENTDATE,DUID,SCADAVALUE
D,DISPATCH,UNIT_SCADA,1,"2022/10/20 00:15:00",BARCSF1,0.10
D,DISPATCH,UNIT_SCADA,1,"2022/10/20 00:15:00",BUTLERSG,8.699999
D,DISPATCH,UNIT_SCADA,1,"2022/10/20 00:15:00",CAPTL_WF,31.258289
D,DISPATCH,UNIT_SCADA,1,"2022/10/20 00:15:00",CHALLHWF,16
D,DISPATCH,UNIT_SCADA,1,"2022/10/20 00:15:00",CLOVER,13.48
D,DISPATCH,UNIT_SCADA,1,"2022/10/20 00:15:00",CLUNY,6.291142
D,DISPATCH,UNIT_SCADA,1,"2022/10/20 00:15:00",CULLRGWF,-0.04
D,DISPATCH,UNIT_SCADA,1,"2022/10/20 00:15:00",DIAPURWF1,7.30
D,DISPATCH,UNIT_SCADA,1,"2022/10/20 00:15:00",ERGT01,0
D,DISPATCH,UNIT_SCADA,1,"2022/10/20 00:15:00",GB01,0
D,DISPATCH,UNIT_SCADA,1,"2022/10/20 00:15:00",GERMCRK,10.40
D,DISPATCH,UNIT_SCADA,1,"2022/10/20 00:15:00",GRIFSF1,0.001526
D,DISPATCH,UNIT_SCADA,1,"2022/10/20 00:15:00",HEZ1,0
D,DISPATCH,UNIT_SCADA,1,"2022/10/20 00:15:00",HUGSF1,-0.1740
D,DISPATCH,UNIT_SCADA,1,"2022/10/20 00:15:00",KEPBG1,0.01
D,DISPATCH,UNIT_SCADA,1,"2022/10/20 00:15:00",LRSF1,0.0240
D,DISPATCH,UNIT_SCADA,1,"2022/10/20 00:15:00",MBAHNTH,50.231247
D,DISPATCH,UNIT_SCADA,1,"2022/10/20 00:15:00",MLSP1,0
D,DISPATCH,UNIT_SCADA,1,"2022/10/20 00:15:00",MLWF1,2.22
D,DISPATCH,UNIT_SCADA,1,"2022/10/20 00:15:00",PALOONA,30.349998
D,DISPATCH,UNIT_SCADA,1,"2022/10/20 00:15:00",PIONEER,37.400002
D,DISPATCH,UNIT_SCADA,1,"2022/10/20 00:15:00",PORTWF,28.299999
D,DISPATCH,UNIT_SCADA,1,"2022/10/20 00:15:00",REPULSE,9.492943
D,DISPATCH,UNIT_SCADA,1,"2022/10/20 00:15:00",ROWALLAN,8.8040
D,DISPATCH,UNIT_SCADA,1,"2022/10/20 00:15:00",ROYALLA1,0
D,DISPATCH,UNIT_SCADA,1,"2022/10/20 00:15:00",RPCG,-1.20
D,DISPATCH,UNIT_SCADA,1,"2022/10/20 00:15:00",RUBICON,0
D,DISPATCH,UNIT_SCADA,1,"2022/10/20 00:15:00",WAUBRAWF,150.789993
D,DISPATCH,UNIT_SCADA,1,"2022/10/20 00:15:00",WOOLNTH1,23.91
D,DISPATCH,UNIT_SCADA,1,"2022/10/20 00:15:00",YAMBUKWF,2.80
D,DISPATCH,UNIT_SCADA,1,"2022/10/20 00:15:00",YSWF1,3
D,DISPATCH,UNIT_SCADA,1,"2022/10/20 00:15:00",ADPBA1G,0.0080
D,DISPATCH,UNIT_SCADA,1,"2022/10/20 00:15:00",ADPBA1L,0
D,DISPATCH,UNIT_SCADA,1,"2022/10/20 00:15:00",ADPPV1,0
D,DISPATCH,UNIT_SCADA,1,"2022/10/20 00:15:00",AGLHAL,0
D,DISPATCH,UNIT_SCADA,1,"2022/10/20 00:15:00",AGLSOM,0
D,DISPATCH,UNIT_SCADA,1,"2022/10/20 00:15:00",ANGAST1,0
D,DISPATCH,UNIT_SCADA,1,"2022/10/20 00:15:00",ARWF1,94.80
D,DISPATCH,UNIT_SCADA,1,"2022/10/20 00:15:00",BALBG1,0
D,DISPATCH,UNIT_SCADA,1,"2022/10/20 00:15:00",BALBL1,0
D,DISPATCH,UNIT_SCADA,1,"2022/10/20 00:15:00",BALDHWF1,0
D,DISPATCH,UNIT_SCADA,1,"2022/10/20 00:15:00",BANGOWF1,55.696650
D,DISPATCH,UNIT_SCADA,1,"2022/10/20 00:15:00",BANGOWF2,44.499350
D,DISPATCH,UNIT_SCADA,1,"2022/10/20 00:15:00",BANN1,0
D,DISPATCH,UNIT_SCADA,1,"2022/10/20 00:15:00",BARCALDN,0
D,DISPATCH,UNIT_SCADA,1,"2022/10/20 00:15:00",BARKIPS1,0
D,DISPATCH,UNIT_SCADA,1,"2022/10/20 00:15:00",BARRON-1,0
D,DISPATCH,UNIT_SCADA,1,"2022/10/20 00:15:00",BARRON-2,0
D,DISPATCH,UNIT_SCADA,1,"2022/10/20 00:15:00",BASTYAN,0
D,DISPATCH,UNIT_SCADA,1,"2022/10/20 00:15:00",BBTHREE1,-1.09
D,DISPATCH,UNIT_SCADA,1,"2022/10/20 00:15:00",BBTHREE2,0
D,DISPATCH,UNIT_SCADA,1,"2022/10/20 00:15:00",BBTHREE3,0
D,DISPATCH,UNIT_SCADA,1,"2022/10/20 00:15:00",BDL01,0
D,DISPATCH,UNIT_SCADA,1,"2022/10/20 00:15:00",BDL02,0
D,DISPATCH,UNIT_SCADA,1,"2022/10/20 00:15:00",BERYLSF1,0
D,DISPATCH,UNIT_SCADA,1,"2022/10/20 00:15:00",BLOWERNG,62.60
D,DISPATCH,UNIT_SCADA,1,"2022/10/20 00:15:00",BLUEGSF1,0
D,DISPATCH,UNIT_SCADA,1,"2022/10/20 00:15:00",BLUFF1,21.80
D,DISPATCH,UNIT_SCADA,1,"2022/10/20 00:15:00",BNGSF1,0
D,DISPATCH,UNIT_SCADA,1,"2022/10/20 00:15:00",BNGSF2,0
D,DISPATCH,UNIT_SCADA,1,"2022/10/20 00:15:00",BOCORWF1,16.60
D,DISPATCH,UNIT_SCADA,1,"2022/10/20 00:15:00",BODWF1,41.732780
D,DISPATCH,UNIT_SCADA,1,"2022/10/20 00:15:00",BOMENSF1,0
D,DISPATCH,UNIT_SCADA,1,"2022/10/20 00:15:00",BOWWBA1G,0.0010
D,DISPATCH,UNIT_SCADA,1,"2022/10/20 00:15:00",BOWWBA1L,0
D,DISPATCH,UNIT_SCADA,1,"2022/10/20 00:15:00",BOWWPV1,0
D,DISPATCH,UNIT_SCADA,1,"2022/10/20 00:15:00",BRAEMAR1,0
D,DISPATCH,UNIT_SCADA,1,"2022/10/20 00:15:00",BRAEMAR2,0
D,DISPATCH,UNIT_SCADA,1,"2022/10/20 00:15:00",BRAEMAR3,0
D,DISPATCH,UNIT_SCADA,1,"2022/10/20 00:15:00",BRAEMAR5,0.292060
D,DISPATCH,UNIT_SCADA,1,"2022/10/20 00:15:00",BRAEMAR6,0
D,DISPATCH,UNIT_SCADA,1,"2022/10/20 00:15:00",BRAEMAR7,157.580930
D,DISPATCH,UNIT_SCADA,1,"2022/10/20 00:15:00",BROKENH1,0
D,DISPATCH,UNIT_SCADA,1,"2022/10/20 00:15:00",BRYB1WF1,75.70
D,DISPATCH,UNIT_SCADA,1,"2022/10/20 00:15:00",BULBESG1,0
D,DISPATCH,UNIT_SCADA,1,"2022/10/20 00:15:00",BULBESL1,0.03
D,DISPATCH,UNIT_SCADA,1,"2022/10/20 00:15:00",BULGANA1,71.50
D,DISPATCH,UNIT_SCADA,1,"2022/10/20 00:15:00",BW01,471.284060
D,DISPATCH,UNIT_SCADA,1,"2022/10/20 00:15:00",BW02,461.982150
D,DISPATCH,UNIT_SCADA,1,"2022/10/20 00:15:00",BW03,462.446010
D,DISPATCH,UNIT_SCADA,1,"2022/10/20 00:15:00",BW04,0
D,DISPATCH,UNIT_SCADA,1,"2022/10/20 00:15:00",CALL_B_1,319.300020
D,DISPATCH,UNIT_SCADA,1,"2022/10/20 00:15:00",CALL_B_2,320.200010
D,DISPATCH,UNIT_SCADA,1,"2022/10/20 00:15:00",CATHROCK,7.30
D,DISPATCH,UNIT_SCADA,1,"2022/10/20 00:15:00",CBWWBA1G,0
D,DISPATCH,UNIT_SCADA,1,"2022/10/20 00:15:00",CBWWBA1L,0
D,DISPATCH,UNIT_SCADA,1,"2022/10/20 00:15:00",CETHANA,98.124630
D,DISPATCH,UNIT_SCADA,1,"2022/10/20 00:15:00",CG1,0
D,DISPATCH,UNIT_SCADA,1,"2022/10/20 00:15:00",CG2,0
D,DISPATCH,UNIT_SCADA,1,"2022/10/20 00:15:00",CG3,0
D,DISPATCH,UNIT_SCADA,1,"2022/10/20 00:15:00",CG4,0
D,DISPATCH,UNIT_SCADA,1,"2022/10/20 00:15:00",CHILDSF1,0
D,DISPATCH,UNIT_SCADA,1,"2022/10/20 00:15:00",CHYTWF1,18.59
D,DISPATCH,UNIT_SCADA,1,"2022/10/20 00:15:00",CLARESF1,0
D,DISPATCH,UNIT_SCADA,1,"2022/10/20 00:15:00",CLEMGPWF,47.687170
D,DISPATCH,UNIT_SCADA,1,"2022/10/20 00:15:00",CLERMSF1,0
D,DISPATCH,UNIT_SCADA,1,"2022/10/20 00:15:00",CNUNDAWF,17.320210
D,DISPATCH,UNIT_SCADA,1,"2022/10/20 00:15:00",COHUNSF1,0
D,DISPATCH,UNIT_SCADA,1,"2022/10/20 00:15:00",COLEASF1,0
D,DISPATCH,UNIT_SCADA,1,"2022/10/20 00:15:00",COLUMSF1,0
D,DISPATCH,UNIT_SCADA,1,"2022/10/20 00:15:00",COLWF01,133.752960
D,DISPATCH,UNIT_SCADA,1,"2022/10/20 00:15:00",COOPGWF1,360.87
D,DISPATCH,UNIT_SCADA,1,"2022/10/20 00:15:00",CPP_3,355.575010
D,DISPATCH,UNIT_SCADA,1,"2022/10/20 00:15:00",CPP_4,0
D,DISPATCH,UNIT_SCADA,1,"2022/10/20 00:15:00",CPSA,0
D,DISPATCH,UNIT_SCADA,1,"2022/10/20 00:15:00",CROOKWF2,23.084460
D,DISPATCH,UNIT_SCADA,1,"2022/10/20 00:15:00",CROWLWF1,52.948990
D,DISPATCH,UNIT_SCADA,1,"2022/10/20 00:15:00",CRURWF1,42.1957
D,DISPATCH,UNIT_SCADA,1,"2022/10/20 00:15:00",CRWASF1,0
D,DISPATCH,UNIT_SCADA,1,"2022/10/20 00:15:00",CSPVPS1,0
D,DISPATCH,UNIT_SCADA,1,"2022/10/20 00:15:00",CTHLWF1,0.003050
D,DISPATCH,UNIT_SCADA,1,"2022/10/20 00:15:00",DALNTH01,0
D,DISPATCH,UNIT_SCADA,1,"2022/10/20 00:15:00",DALNTHL1,3.987180
D,DISPATCH,UNIT_SCADA,1,"2022/10/20 00:15:00",DARLSF1,0
D,DISPATCH,UNIT_SCADA,1,"2022/10/20 00:15:00",DARTM1,0
D,DISPATCH,UNIT_SCADA,1,"2022/10/20 00:15:00",DAYDSF1,0
D,DISPATCH,UNIT_SCADA,1,"2022/10/20 00:15:00",DDPS1,0
D,DISPATCH,UNIT_SCADA,1,"2022/10/20 00:15:00",DDSF1,0
D,DISPATCH,UNIT_SCADA,1,"2022/10/20 00:15:00",DEVILS_G,53.668630
D,DISPATCH,UNIT_SCADA,1,"2022/10/20 00:15:00",DG_NSW1,0
D,DISPATCH,UNIT_SCADA,1,"2022/10/20 00:15:00",DG_QLD1,0
D,DISPATCH,UNIT_SCADA,1,"2022/10/20 00:15:00",DG_SA1,0
D,DISPATCH,UNIT_SCADA,1,"2022/10/20 00:15:00",DG_TAS1,0
D,DISPATCH,UNIT_SCADA,1,"2022/10/20 00:15:00",DG_VIC1,0
D,DISPATCH,UNIT_SCADA,1,"2022/10/20 00:15:00",DRYCGT1,0
D,DISPATCH,UNIT_SCADA,1,"2022/10/20 00:15:00",DRYCGT2,0
D,DISPATCH,UNIT_SCADA,1,"2022/10/20 00:15:00",DRYCGT3,0
D,DISPATCH,UNIT_SCADA,1,"2022/10/20 00:15:00",DUNDWF1,52.11
D,DISPATCH,UNIT_SCADA,1,"2022/10/20 00:15:00",DUNDWF2,16.29
D,DISPATCH,UNIT_SCADA,1,"2022/10/20 00:15:00",DUNDWF3,37.25
D,DISPATCH,UNIT_SCADA,1,"2022/10/20 00:15:00",EILDON1,60.04
D,DISPATCH,UNIT_SCADA,1,"2022/10/20 00:15:00",EILDON2,59.96
D,DISPATCH,UNIT_SCADA,1,"2022/10/20 00:15:00",ELAINWF1,41.54
D,DISPATCH,UNIT_SCADA,1,"2022/10/20 00:15:00",EMERASF1,0
D,DISPATCH,UNIT_SCADA,1,"2022/10/20 00:15:00",ER01,0
D,DISPATCH,UNIT_SCADA,1,"2022/10/20 00:15:00",ER02,491.010930
D,DISPATCH,UNIT_SCADA,1,"2022/10/20 00:15:00",ER03,491.059750
D,DISPATCH,UNIT_SCADA,1,"2022/10/20 00:15:00",ER04,490.522610
D,DISPATCH,UNIT_SCADA,1,"2022/10/20 00:15:00",FINLYSF1,0
D,DISPATCH,UNIT_SCADA,1,"2022/10/20 00:15:00",FISHER,31.13
D,DISPATCH,UNIT_SCADA,1,"2022/10/20 00:15:00",GANGARR1,0
D,DISPATCH,UNIT_SCADA,1,"2022/10/20 00:15:00",GANNBG1,0
D,DISPATCH,UNIT_SCADA,1,"2022/10/20 00:15:00",GANNBL1,0.034150
D,DISPATCH,UNIT_SCADA,1,"2022/10/20 00:15:00",GANNSF1,0
D,DISPATCH,UNIT_SCADA,1,"2022/10/20 00:15:00",GLRWNSF1,0
D,DISPATCH,UNIT_SCADA,1,"2022/10/20 00:15:00",GNNDHSF1,0
D,DISPATCH,UNIT_SCADA,1,"2022/10/20 00:15:00",GOONSF1,0
D,DISPATCH,UNIT_SCADA,1,"2022/10/20 00:15:00",GORDON,201.497710
D,DISPATCH,UNIT_SCADA,1,"2022/10/20 00:15:00",GRANWF1,0
D,DISPATCH,UNIT_SCADA,1,"2022/10/20 00:15:00",GSTONE1,201.599990
D,DISPATCH,UNIT_SCADA,1,"2022/10/20 00:15:00",GSTONE2,0
D,DISPATCH,UNIT_SCADA,1,"2022/10/20 00:15:00",GSTONE3,200.20
D,DISPATCH,UNIT_SCADA,1,"2022/10/20 00:15:00",GSTONE4,0
D,DISPATCH,UNIT_SCADA,1,"2022/10/20 00:15:00",GSTONE5,201.0750
D,DISPATCH,UNIT_SCADA,1,"2022/10/20 00:15:00",GSTONE6,201.599990
D,DISPATCH,UNIT_SCADA,1,"2022/10/20 00:15:00",GULLRSF1,0
D,DISPATCH,UNIT_SCADA,1,"2022/10/20 00:15:00",GULLRWF1,72.643890
D,DISPATCH,UNIT_SCADA,1,"2022/10/20 00:15:00",GULLRWF2,102.382910
D,DISPATCH,UNIT_SCADA,1,"2022/10/20 00:15:00",GUNNING1,0
D,DISPATCH,UNIT_SCADA,1,"2022/10/20 00:15:00",GUTHEGA,67.80
D,DISPATCH,UNIT_SCADA,1,"2022/10/20 00:15:00",HALLWF1,72.86
D,DISPATCH,UNIT_SCADA,1,"2022/10/20 00:15:00",HALLWF2,53.46
D,DISPATCH,UNIT_SCADA,1,"2022/10/20 00:15:00",HAMISF1,0
D,DISPATCH,UNIT_SCADA,1,"2022/10/20 00:15:00",HAUGHT11,0
D,DISPATCH,UNIT_SCADA,1,"2022/10/20 00:15:00",HAYMSF1,0
D,DISPATCH,UNIT_SCADA,1,"2022/10/20 00:15:00",HDWF1,22
D,DISPATCH,UNIT_SCADA,1,"2022/10/20 00:15:00",HDWF2,12.20
D,DISPATCH,UNIT_SCADA,1,"2022/10/20 00:15:00",HDWF3,22.50
D,DISPATCH,UNIT_SCADA,1,"2022/10/20 00:15:00",HILLSTN1,0
D,DISPATCH,UNIT_SCADA,1,"2022/10/20 00:15:00",HPRG1,5.40
D,DISPATCH,UNIT_SCADA,1,"2022/10/20 00:15:00",HPRL1,0
D,DISPATCH,UNIT_SCADA,1,"2022/10/20 00:15:00",HUMENSW,54.287570
D,DISPATCH,UNIT_SCADA,1,"2022/10/20 00:15:00",HUMEV,0
D,DISPATCH,UNIT_SCADA,1,"2022/10/20 00:15:00",HVWWBA1G,0
D,DISPATCH,UNIT_SCADA,1,"2022/10/20 00:15:00",HVWWBA1L,0.0060
D,DISPATCH,UNIT_SCADA,1,"2022/10/20 00:15:00",HVWWPV1,0
D,DISPATCH,UNIT_SCADA,1,"2022/10/20 00:15:00",JBUTTERS,0
D,DISPATCH,UNIT_SCADA,1,"2022/10/20 00:15:00",JEMALNG1,0
D,DISPATCH,UNIT_SCADA,1,"2022/10/20 00:15:00",JLA01,0
D,DISPATCH,UNIT_SCADA,1,"2022/10/20 00:15:00",JLA02,0
D,DISPATCH,UNIT_SCADA,1,"2022/10/20 00:15:00",JLA03,0
D,DISPATCH,UNIT_SCADA,1,"2022/10/20 00:15:00",JLA04,0
D,DISPATCH,UNIT_SCADA,1,"2022/10/20 00:15:00",JLB01,0
D,DISPATCH,UNIT_SCADA,1,"2022/10/20 00:15:00",JLB02,0.10
D,DISPATCH,UNIT_SCADA,1,"2022/10/20 00:15:00",JLB03,0
D,DISPATCH,UNIT_SCADA,1,"2022/10/20 00:15:00",JUNEESF1,0
D,DISPATCH,UNIT_SCADA,1,"2022/10/20 00:15:00",KABANWF1,0
D,DISPATCH,UNIT_SCADA,1,"2022/10/20 00:15:00",KAREEYA1,0
D,DISPATCH,UNIT_SCADA,1,"2022/10/20 00:15:00",KAREEYA2,0
D,DISPATCH,UNIT_SCADA,1,"2022/10/20 00:15:00",KAREEYA3,4.8875
D,DISPATCH,UNIT_SCADA,1,"2022/10/20 00:15:00",KAREEYA4,0
D,DISPATCH,UNIT_SCADA,1,"2022/10/20 00:15:00",KARSF1,0
D,DISPATCH,UNIT_SCADA,1,"2022/10/20 00:15:00",KEPSF1,0
D,DISPATCH,UNIT_SCADA,1,"2022/10/20 00:15:00",KEPWF1,24.82
D,DISPATCH,UNIT_SCADA,1,"2022/10/20 00:15:00",KIAMSF1,0
D,DISPATCH,UNIT_SCADA,1,"2022/10/20 00:15:00",KIATAWF1,30.80
D,DISPATCH,UNIT_SCADA,1,"2022/10/20 00:15:00",KPP_1,0
D,DISPATCH,UNIT_SCADA,1,"2022/10/20 00:15:00",KSP1,0
D,DISPATCH,UNIT_SCADA,1,"2022/10/20 00:15:00",LADBROK1,0.01
D,DISPATCH,UNIT_SCADA,1,"2022/10/20 00:15:00",LADBROK2,38.14
D,DISPATCH,UNIT_SCADA,1,"2022/10/20 00:15:00",LBBG1,0
D,DISPATCH,UNIT_SCADA,1,"2022/10/20 00:15:00",LBBL1,0
D,DISPATCH,UNIT_SCADA,1,"2022/10/20 00:15:00",LD01,321.268340
D,DISPATCH,UNIT_SCADA,1,"2022/10/20 00:15:00",LD02,0
D,DISPATCH,UNIT_SCADA,1,"2022/10/20 00:15:00",LD04,322.550140
D,DISPATCH,UNIT_SCADA,1,"2022/10/20 00:15:00",LEM_WIL,86.934720
D,DISPATCH,UNIT_SCADA,1,"2022/10/20 00:15:00",LGAPWF1,55.97
D,DISPATCH,UNIT_SCADA,1,"2022/10/20 00:15:00",LGAPWF2,20.52
D,DISPATCH,UNIT_SCADA,1,"2022/10/20 00:15:00",LILYSF1,0
D,DISPATCH,UNIT_SCADA,1,"2022/10/20 00:15:00",LIMOSF11,0
D,DISPATCH,UNIT_SCADA,1,"2022/10/20 00:15:00",LIMOSF21,0
D,DISPATCH,UNIT_SCADA,1,"2022/10/20 00:15:00",LI_WY_CA,55.880050
D,DISPATCH,UNIT_SCADA,1,"2022/10/20 00:15:00",LKBONNY1,0
D,DISPATCH,UNIT_SCADA,1,"2022/10/20 00:15:00",LKBONNY2,30.800150
D,DISPATCH,UNIT_SCADA,1,"2022/10/20 00:15:00",LKBONNY3,10.1038
D,DISPATCH,UNIT_SCADA,1,"2022/10/20 00:15:00",LK_ECHO,0
D,DISPATCH,UNIT_SCADA,1,"2022/10/20 00:15:00",LNGS1,0
D,DISPATCH,UNIT_SCADA,1,"2022/10/20 00:15:00",LNGS2,0
D,DISPATCH,UNIT_SCADA,1,"2022/10/20 00:15:00",LONSDALE,0
D,DISPATCH,UNIT_SCADA,1,"2022/10/20 00:15:00",LOYYB1,513.1557
D,DISPATCH,UNIT_SCADA,1,"2022/10/20 00:15:00",LOYYB2,517.291140
D,DISPATCH,UNIT_SCADA,1,"2022/10/20 00:15:00",LYA1,558
D,DISPATCH,UNIT_SCADA,1,"2022/10/20 00:15:00",LYA2,0
D,DISPATCH,UNIT_SCADA,1,"2022/10/20 00:15:00",LYA3,558
D,DISPATCH,UNIT_SCADA,1,"2022/10/20 00:15:00",LYA4,559
D,DISPATCH,UNIT_SCADA,1,"2022/10/20 00:15:00",MACARTH1,38.199120
D,DISPATCH,UNIT_SCADA,1,"2022/10/20 00:15:00",MACKNTSH,0
D,DISPATCH,UNIT_SCADA,1,"2022/10/20 00:15:00",MANSLR1,0
D,DISPATCH,UNIT_SCADA,1,"2022/10/20 00:15:00",MAPS2PV1,0
D,DISPATCH,UNIT_SCADA,1,"2022/10/20 00:15:00",MAPS3PV1,0
D,DISPATCH,UNIT_SCADA,1,"2022/10/20 00:15:00",MARYRSF1,0
D,DISPATCH,UNIT_SCADA,1,"2022/10/20 00:15:00",MBPS2PV1,0
D,DISPATCH,UNIT_SCADA,1,"2022/10/20 00:15:00",MCKAY1,0.02
D,DISPATCH,UNIT_SCADA,1,"2022/10/20 00:15:00",MEADOWBK,19.8631
D,DISPATCH,UNIT_SCADA,1,"2022/10/20 00:15:00",MERCER01,39.50
D,DISPATCH,UNIT_SCADA,1,"2022/10/20 00:15:00",METZSF1,0
D,DISPATCH,UNIT_SCADA,1,"2022/10/20 00:15:00",MEWF1,25.8007
D,DISPATCH,UNIT_SCADA,1,"2022/10/20 00:15:00",MIDDLSF1,0
D,DISPATCH,UNIT_SCADA,1,"2022/10/20 00:15:00",MINTARO,0.128180
D,DISPATCH,UNIT_SCADA,1,"2022/10/20 00:15:00",MOLNGSF1,0
D,DISPATCH,UNIT_SCADA,1,"2022/10/20 00:15:00",MOORAWF1,66.02
D,DISPATCH,UNIT_SCADA,1,"2022/10/20 00:15:00",MOREESF1,0
D,DISPATCH,UNIT_SCADA,1,"2022/10/20 00:15:00",MORTLK11,0
D,DISPATCH,UNIT_SCADA,1,"2022/10/20 00:15:00",MORTLK12,0
D,DISPATCH,UNIT_SCADA,1,"2022/10/20 00:15:00",MOUSF1,0
D,DISPATCH,UNIT_SCADA,1,"2022/10/20 00:15:00",MP1,0
D,DISPATCH,UNIT_SCADA,1,"2022/10/20 00:15:00",MP2,322.478060
D,DISPATCH,UNIT_SCADA,1,"2022/10/20 00:15:00",MPP_1,80.248660
D,DISPATCH,UNIT_SCADA,1,"2022/10/20 00:15:00",MPP_2,0
D,DISPATCH,UNIT_SCADA,1,"2022/10/20 00:15:00",MRTLSWF1,0
D,DISPATCH,UNIT_SCADA,1,"2022/10/20 00:15:00",MSTUART1,0
D,DISPATCH,UNIT_SCADA,1,"2022/10/20 00:15:00",MSTUART2,0
D,DISPATCH,UNIT_SCADA,1,"2022/10/20 00:15:00",MSTUART3,0
D,DISPATCH,UNIT_SCADA,1,"2022/10/20 00:15:00",MTGELWF1,1.890620
D,DISPATCH,UNIT_SCADA,1,"2022/10/20 00:15:00",MTMILLAR,12.90
D,DISPATCH,UNIT_SCADA,1,"2022/10/20 00:15:00",MURRAY,57
D,DISPATCH,UNIT_SCADA,1,"2022/10/20 00:15:00",MUSSELR1,69.70
D,DISPATCH,UNIT_SCADA,1,"2022/10/20 00:15:00",MUWAWF1,162.429990
D,DISPATCH,UNIT_SCADA,1,"2022/10/20 00:15:00",MUWAWF2,180.50
D,DISPATCH,UNIT_SCADA,1,"2022/10/20 00:15:00",MWPS1PV1,0
D,DISPATCH,UNIT_SCADA,1,"2022/10/20 00:15:00",MWPS2PV1,0
D,DISPATCH,UNIT_SCADA,1,"2022/10/20 00:15:00",MWPS3PV1,0
D,DISPATCH,UNIT_SCADA,1,"2022/10/20 00:15:00",MWPS4PV1,0
D,DISPATCH,UNIT_SCADA,1,"2022/10/20 00:15:00",NBHWF1,98.600010
D,DISPATCH,UNIT_SCADA,1,"2022/10/20 00:15:00",NEVERSF1,0
D,DISPATCH,UNIT_SCADA,1,"2022/10/20 00:15:00",NPS,0
D,DISPATCH,UNIT_SCADA,1,"2022/10/20 00:15:00",NUMURSF1,0
D,DISPATCH,UNIT_SCADA,1,"2022/10/20 00:15:00",NYNGAN1,0
D,DISPATCH,UNIT_SCADA,1,"2022/10/20 00:15:00",OAKEY1,0
D,DISPATCH,UNIT_SCADA,1,"2022/10/20 00:15:00",OAKEY1SF,0
D,DISPATCH,UNIT_SCADA,1,"2022/10/20 00:15:00",OAKEY2,0
D,DISPATCH,UNIT_SCADA,1,"2022/10/20 00:15:00",OAKEY2SF,0
D,DISPATCH,UNIT_SCADA,1,"2022/10/20 00:15:00",OAKLAND1,15.60
D,DISPATCH,UNIT_SCADA,1,"2022/10/20 00:15:00",OSB-AG,0
D,DISPATCH,UNIT_SCADA,1,"2022/10/20 00:15:00",PAREPS1,0.0660
D,DISPATCH,UNIT_SCADA,1,"2022/10/20 00:15:00",PAREPW1,2.49
D,DISPATCH,UNIT_SCADA,1,"2022/10/20 00:15:00",PARSF1,0.001530
D,DISPATCH,UNIT_SCADA,1,"2022/10/20 00:15:00",POAT110,0
D,DISPATCH,UNIT_SCADA,1,"2022/10/20 00:15:00",POAT220,0
D,DISPATCH,UNIT_SCADA,1,"2022/10/20 00:15:00",POR01,0
D,DISPATCH,UNIT_SCADA,1,"2022/10/20 00:15:00",POR03,0
D,DISPATCH,UNIT_SCADA,1,"2022/10/20 00:15:00",PPCCGT,172.881030
D,DISPATCH,UNIT_SCADA,1,"2022/10/20 00:15:00",PTSTAN1,0
D,DISPATCH,UNIT_SCADA,1,"2022/10/20 00:15:00",PUMP1,0
D,DISPATCH,UNIT_SCADA,1,"2022/10/20 00:15:00",PUMP2,0
D,DISPATCH,UNIT_SCADA,1,"2022/10/20 00:15:00",QBYNBG1,0.0005
D,DISPATCH,UNIT_SCADA,1,"2022/10/20 00:15:00",QBYNBL1,0
D,DISPATCH,UNIT_SCADA,1,"2022/10/20 00:15:00",QPS1,0
D,DISPATCH,UNIT_SCADA,1,"2022/10/20 00:15:00",QPS2,0
D,DISPATCH,UNIT_SCADA,1,"2022/10/20 00:15:00",QPS3,0
D,DISPATCH,UNIT_SCADA,1,"2022/10/20 00:15:00",QPS4,0
D,DISPATCH,UNIT_SCADA,1,"2022/10/20 00:15:00",QPS5,75.32
D,DISPATCH,UNIT_SCADA,1,"2022/10/20 00:15:00",REECE1,0
D,DISPATCH,UNIT_SCADA,1,"2022/10/20 00:15:00",REECE2,0
D,DISPATCH,UNIT_SCADA,1,"2022/10/20 00:15:00",ROMA_7,0
D,DISPATCH,UNIT_SCADA,1,"2022/10/20 00:15:00",ROMA_8,0
D,DISPATCH,UNIT_SCADA,1,"2022/10/20 00:15:00",RRSF1,0
D,DISPATCH,UNIT_SCADA,1,"2022/10/20 00:15:00",RT_NSW1,0
D,DISPATCH,UNIT_SCADA,1,"2022/10/20 00:15:00",RT_NSW2,0
D,DISPATCH,UNIT_SCADA,1,"2022/10/20 00:15:00",RT_NSW3,0
D,DISPATCH,UNIT_SCADA,1,"2022/10/20 00:15:00",RT_NSW4,0
D,DISPATCH,UNIT_SCADA,1,"2022/10/20 00:15:00",RT_NSW5,0
D,DISPATCH,UNIT_SCADA,1,"2022/10/20 00:15:00",RT_NSW6,0
D,DISPATCH,UNIT_SCADA,1,"2022/10/20 00:15:00",RT_QLD1,0
D,DISPATCH,UNIT_SCADA,1,"2022/10/20 00:15:00",RT_SA1,0
D,DISPATCH,UNIT_SCADA,1,"2022/10/20 00:15:00",RT_SA2,0
D,DISPATCH,UNIT_SCADA,1,"2022/10/20 00:15:00",RT_SA3,0
D,DISPATCH,UNIT_SCADA,1,"2022/10/20 00:15:00",RT_SA4,0
D,DISPATCH,UNIT_SCADA,1,"2022/10/20 00:15:00",RT_SA5,0
D,DISPATCH,UNIT_SCADA,1,"2022/10/20 00:15:00",RT_SA6,0
D,DISPATCH,UNIT_SCADA,1,"2022/10/20 00:15:00",RT_TAS1,0
D,DISPATCH,UNIT_SCADA,1,"2022/10/20 00:15:00",RT_VIC1,0
D,DISPATCH,UNIT_SCADA,1,"2022/10/20 00:15:00",RT_VIC10,0
D,DISPATCH,UNIT_SCADA,1,"2022/10/20 00:15:00",RT_VIC11,0
D,DISPATCH,UNIT_SCADA,1,"2022/10/20 00:15:00",RT_VIC12,0
D,DISPATCH,UNIT_SCADA,1,"2022/10/20 00:15:00",RT_VIC2,0
D,DISPATCH,UNIT_SCADA,1,"2022/10/20 00:15:00",RT_VIC3,0
D,DISPATCH,UNIT_SCADA,1,"2022/10/20 00:15:00",RT_VIC4,0
D,DISPATCH,UNIT_SCADA,1,"2022/10/20 00:15:00",RT_VIC5,0
D,DISPATCH,UNIT_SCADA,1,"2022/10/20 00:15:00",RT_VIC6,0
D,DISPATCH,UNIT_SCADA,1,"2022/10/20 00:15:00",RT_VIC7,0
D,DISPATCH,UNIT_SCADA,1,"2022/10/20 00:15:00",RT_VIC8,0
D,DISPATCH,UNIT_SCADA,1,"2022/10/20 00:15:00",RT_VIC9,0
D,DISPATCH,UNIT_SCADA,1,"2022/10/20 00:15:00",RUGBYR1,0
D,DISPATCH,UNIT_SCADA,1,"2022/10/20 00:15:00",SALTCRK1,11.56
D,DISPATCH,UNIT_SCADA,1,"2022/10/20 00:15:00",SAPHWF1,223.012130
D,DISPATCH,UNIT_SCADA,1,"2022/10/20 00:15:00",SEBSF1,0
D,DISPATCH,UNIT_SCADA,1,"2022/10/20 00:15:00",SHGEN,0
D,DISPATCH,UNIT_SCADA,1,"2022/10/20 00:15:00",SHPUMP,0
D,DISPATCH,UNIT_SCADA,1,"2022/10/20 00:15:00",SITHE01,0.123710
D,DISPATCH,UNIT_SCADA,1,"2022/10/20 00:15:00",SMCSF1,0
D,DISPATCH,UNIT_SCADA,1,"2022/10/20 00:15:00",SNAPPER1,0
D,DISPATCH,UNIT_SCADA,1,"2022/10/20 00:15:00",SNOWNTH1,136.100010
D,DISPATCH,UNIT_SCADA,1,"2022/10/20 00:15:00",SNOWSTH1,108.600010
D,DISPATCH,UNIT_SCADA,1,"2022/10/20 00:15:00",SNOWTWN1,84.467630
D,DISPATCH,UNIT_SCADA,1,"2022/10/20 00:15:00",SNOWYP,0
D,DISPATCH,UNIT_SCADA,1,"2022/10/20 00:15:00",SNUG1,0
D,DISPATCH,UNIT_SCADA,1,"2022/10/20 00:15:00",SRSF1,0
D,DISPATCH,UNIT_SCADA,1,"2022/10/20 00:15:00",STAN-1,278.966610
D,DISPATCH,UNIT_SCADA,1,"2022/10/20 00:15:00",STAN-2,363.666630
D,DISPATCH,UNIT_SCADA,1,"2022/10/20 00:15:00",STAN-3,363.000090
D,DISPATCH,UNIT_SCADA,1,"2022/10/20 00:15:00",STAN-4,363.217990
D,DISPATCH,UNIT_SCADA,1,"2022/10/20 00:15:00",STARHLWF,28.691630
D,DISPATCH,UNIT_SCADA,1,"2022/10/20 00:15:00",STOCKYD1,276.920010
D,DISPATCH,UNIT_SCADA,1,"2022/10/20 00:15:00",STWF1,182.436250
D,DISPATCH,UNIT_SCADA,1,"2022/10/20 00:15:00",SUNRSF1,0
D,DISPATCH,UNIT_SCADA,1,"2022/10/20 00:15:00",SUNTPSF1,0
D,DISPATCH,UNIT_SCADA,1,"2022/10/20 00:15:00",SWAN_E,258.806880
D,DISPATCH,UNIT_SCADA,1,"2022/10/20 00:15:00",TALWA1,0
D,DISPATCH,UNIT_SCADA,1,"2022/10/20 00:15:00",TARALGA1,0
D,DISPATCH,UNIT_SCADA,1,"2022/10/20 00:15:00",TARONG#1,314.600010
D,DISPATCH,UNIT_SCADA,1,"2022/10/20 00:15:00",TARONG#2,314.600010
D,DISPATCH,UNIT_SCADA,1,"2022/10/20 00:15:00",TARONG#3,0.90
D,DISPATCH,UNIT_SCADA,1,"2022/10/20 00:15:00",TARONG#4,191.400010
D,DISPATCH,UNIT_SCADA,1,"2022/10/20 00:15:00",TARRALEA,54
D,DISPATCH,UNIT_SCADA,1,"2022/10/20 00:15:00",TBSF1,0
D,DISPATCH,UNIT_SCADA,1,"2022/10/20 00:15:00",TNPS1,316.1875
D,DISPATCH,UNIT_SCADA,1,"2022/10/20 00:15:00",TORRB1,0
D,DISPATCH,UNIT_SCADA,1,"2022/10/20 00:15:00",TORRB2,40
D,DISPATCH,UNIT_SCADA,1,"2022/10/20 00:15:00",TORRB3,0
D,DISPATCH,UNIT_SCADA,1,"2022/10/20 00:15:00",TORRB4,0
D,DISPATCH,UNIT_SCADA,1,"2022/10/20 00:15:00",TREVALLN,100.024150
D,DISPATCH,UNIT_SCADA,1,"2022/10/20 00:15:00",TRIBUTE,0
D,DISPATCH,UNIT_SCADA,1,"2022/10/20 00:15:00",TUMUT3,0
D,DISPATCH,UNIT_SCADA,1,"2022/10/20 00:15:00",TUNGATIN,5.490020
D,DISPATCH,UNIT_SCADA,1,"2022/10/20 00:15:00",TVCC201,0
D,DISPATCH,UNIT_SCADA,1,"2022/10/20 00:15:00",TVPP104,0
D,DISPATCH,UNIT_SCADA,1,"2022/10/20 00:15:00",UPPTUMUT,0
D,DISPATCH,UNIT_SCADA,1,"2022/10/20 00:15:00",URANQ11,0
D,DISPATCH,UNIT_SCADA,1,"2022/10/20 00:15:00",URANQ12,0
D,DISPATCH,UNIT_SCADA,1,"2022/10/20 00:15:00",URANQ13,0
D,DISPATCH,UNIT_SCADA,1,"2022/10/20 00:15:00",URANQ14,0
D,DISPATCH,UNIT_SCADA,1,"2022/10/20 00:15:00",VBBG1,0
D,DISPATCH,UNIT_SCADA,1,"2022/10/20 00:15:00",VBBL1,77
D,DISPATCH,UNIT_SCADA,1,"2022/10/20 00:15:00",VP5,634.223450
D,DISPATCH,UNIT_SCADA,1,"2022/10/20 00:15:00",VP6,642.548890
D,DISPATCH,UNIT_SCADA,1,"2022/10/20 00:15:00",VPGS1,0
D,DISPATCH,UNIT_SCADA,1,"2022/10/20 00:15:00",VPGS2,0
D,DISPATCH,UNIT_SCADA,1,"2022/10/20 00:15:00",VPGS3,0
D,DISPATCH,UNIT_SCADA,1,"2022/10/20 00:15:00",VPGS4,0
D,DISPATCH,UNIT_SCADA,1,"2022/10/20 00:15:00",VPGS5,0
D,DISPATCH,UNIT_SCADA,1,"2022/10/20 00:15:00",VPGS6,0
D,DISPATCH,UNIT_SCADA,1,"2022/10/20 00:15:00",W/HOE#1,0
D,DISPATCH,UNIT_SCADA,1,"2022/10/20 00:15:00",W/HOE#2,0
D,DISPATCH,UNIT_SCADA,1,"2022/10/20 00:15:00",WAGGNSF1,0
D,DISPATCH,UNIT_SCADA,1,"2022/10/20 00:15:00",WALGRVG1,0
D,DISPATCH,UNIT_SCADA,1,"2022/10/20 00:15:00",WALGRVL1,0.034440
D,DISPATCH,UNIT_SCADA,1,"2022/10/20 00:15:00",WANDBG1,0
D,DISPATCH,UNIT_SCADA,1,"2022/10/20 00:15:00",WANDBL1,0
D,DISPATCH,UNIT_SCADA,1,"2022/10/20 00:15:00",WARWSF1,0
D,DISPATCH,UNIT_SCADA,1,"2022/10/20 00:15:00",WARWSF2,0
D,DISPATCH,UNIT_SCADA,1,"2022/10/20 00:15:00",WATERLWF,70.20
D,DISPATCH,UNIT_SCADA,1,"2022/10/20 00:15:00",WDGPH1,0
D,DISPATCH,UNIT_SCADA,1,"2022/10/20 00:15:00",WELLSF1,0
D,DISPATCH,UNIT_SCADA,1,"2022/10/20 00:15:00",WEMENSF1,0
D,DISPATCH,UNIT_SCADA,1,"2022/10/20 00:15:00",WGWF1,83
D,DISPATCH,UNIT_SCADA,1,"2022/10/20 00:15:00",WHITSF1,0
D,DISPATCH,UNIT_SCADA,1,"2022/10/20 00:15:00",WINTSF1,0
D,DISPATCH,UNIT_SCADA,1,"2022/10/20 00:15:00",WKIEWA1,33.90
D,DISPATCH,UNIT_SCADA,1,"2022/10/20 00:15:00",WKIEWA2,33.80
D,DISPATCH,UNIT_SCADA,1,"2022/10/20 00:15:00",WOODLWN1,20.245910
D,DISPATCH,UNIT_SCADA,1,"2022/10/20 00:15:00",WOOLGSF1,0
D,DISPATCH,UNIT_SCADA,1,"2022/10/20 00:15:00",WPWF,56.31
D,DISPATCH,UNIT_SCADA,1,"2022/10/20 00:15:00",WRSF1,0
D,DISPATCH,UNIT_SCADA,1,"2022/10/20 00:15:00",WRWF1,78.644390
D,DISPATCH,UNIT_SCADA,1,"2022/10/20 00:15:00",WSTWYSF1,0
D,DISPATCH,UNIT_SCADA,1,"2022/10/20 00:15:00",YABULU,0
D,DISPATCH,UNIT_SCADA,1,"2022/10/20 00:15:00",YABULU2,0
D,DISPATCH,UNIT_SCADA,1,"2022/10/20 00:15:00",YARANSF1,0
D,DISPATCH,UNIT_SCADA,1,"2022/10/20 00:15:00",YARWUN_1,159.599990
D,DISPATCH,UNIT_SCADA,1,"2022/10/20 00:15:00",YATSF1,0
D,DISPATCH,UNIT_SCADA,1,"2022/10/20 00:15:00",YENDWF1,55.58
D,DISPATCH,UNIT_SCADA,1,"2022/10/20 00:15:00",YWPS1,365.162020
D,DISPATCH,UNIT_SCADA,1,"2022/10/20 00:15:00",YWPS2,359.397460
D,DISPATCH,UNIT_SCADA,1,"2022/10/20 00:15:00",YWPS3,360.799990
D,DISPATCH,UNIT_SCADA,1,"2022/10/20 00:15:00",YWPS4,0
C,"END OF REPORT",419
