C,NEMP.WORLD,DISPATCHSCADA,AEMO,PUBLIC,2022/10/20,13:40:09,0000000373258294,DISPATCHSCADA,0000000373258288
I,DISPATCH,UNIT_SCADA,1,SETTLEMENTDATE,DUID,SCADAVALUE
D,DISPATCH,UNIT_SCADA,1,"2022/10/20 13:45:00",BARCSF1,5.400001
D,DISPATCH,UNIT_SCADA,1,"2022/10/20 13:45:00",BUTLERSG,8.699999
D,DISPATCH,UNIT_SCADA,1,"2022/10/20 13:45:00",CAPTL_WF,45.809296
D,DISPATCH,UNIT_SCADA,1,"2022/10/20 13:45:00",CHALLHWF,9.10
D,DISPATCH,UNIT_SCADA,1,"2022/10/20 13:45:00",CLOVER,10.30
D,DISPATCH,UNIT_SCADA,1,"2022/10/20 13:45:00",CLUNY,5.157702
D,DISPATCH,UNIT_SCADA,1,"2022/10/20 13:45:00",CULLRGWF,-0.05
D,DISPATCH,UNIT_SCADA,1,"2022/10/20 13:45:00",DIAPURWF1,5.20
D,DISPATCH,UNIT_SCADA,1,"2022/10/20 13:45:00",ERGT01,0
D,DISPATCH,UNIT_SCADA,1,"2022/10/20 13:45:00",GB01,0
D,DISPATCH,UNIT_SCADA,1,"2022/10/20 13:45:00",GERMCRK,19.50
D,DISPATCH,UNIT_SCADA,1,"2022/10/20 13:45:00",GRIFSF1,7.499809
D,DISPATCH,UNIT_SCADA,1,"2022/10/20 13:45:00",HEZ1,0
D,DISPATCH,UNIT_SCADA,1,"2022/10/20 13:45:00",HUGSF1,6.0860
D,DISPATCH,UNIT_SCADA,1,"2022/10/20 13:45:00",KEPBG1,0
D,DISPATCH,UNIT_SCADA,1,"2022/10/20 13:45:00",LRSF1,12.705001
D,DISPATCH,UNIT_SCADA,1,"2022/10/20 13:45:00",MBAHNTH,45.75
D,DISPATCH,UNIT_SCADA,1,"2022/10/20 13:45:00",MLSP1,6.548001
D,DISPATCH,UNIT_SCADA,1,"2022/10/20 13:45:00",MLWF1,3.3450
D,DISPATCH,UNIT_SCADA,1,"2022/10/20 13:45:00",PALOONA,30.15
D,DISPATCH,UNIT_SCADA,1,"2022/10/20 13:45:00",PIONEER,43.299999
D,DISPATCH,UNIT_SCADA,1,"2022/10/20 13:45:00",PORTWF,79.599998
D,DISPATCH,UNIT_SCADA,1,"2022/10/20 13:45:00",REPULSE,9.391623
D,DISPATCH,UNIT_SCADA,1,"2022/10/20 13:45:00",ROWALLAN,8.9531
D,DISPATCH,UNIT_SCADA,1,"2022/10/20 13:45:00",ROYALLA1,10.727003
D,DISPATCH,UNIT_SCADA,1,"2022/10/20 13:45:00",RPCG,-1.80
D,DISPATCH,UNIT_SCADA,1,"2022/10/20 13:45:00",RUBICON,0
D,DISPATCH,UNIT_SCADA,1,"2022/10/20 13:45:00",WAUBRAWF,49.5980
D,DISPATCH,UNIT_SCADA,1,"2022/10/20 13:45:00",WOOLNTH1,97.360001
D,DISPATCH,UNIT_SCADA,1,"2022/10/20 13:45:00",YAMBUKWF,8.40
D,DISPATCH,UNIT_SCADA,1,"2022/10/20 13:45:00",YSWF1,2
D,DISPATCH,UNIT_SCADA,1,"2022/10/20 13:45:00",ADPBA1G,0.0080
D,DISPATCH,UNIT_SCADA,1,"2022/10/20 13:45:00",ADPBA1L,0
D,DISPATCH,UNIT_SCADA,1,"2022/10/20 13:45:00",ADPPV1,8.7870
D,DISPATCH,UNIT_SCADA,1,"2022/10/20 13:45:00",AGLHAL,0
D,DISPATCH,UNIT_SCADA,1,"2022/10/20 13:45:00",AGLSOM,0
D,DISPATCH,UNIT_SCADA,1,"2022/10/20 13:45:00",ANGAST1,0
D,DISPATCH,UNIT_SCADA,1,"2022/10/20 13:45:00",ARWF1,6.70
D,DISPATCH,UNIT_SCADA,1,"2022/10/20 13:45:00",BALBG1,0
D,DISPATCH,UNIT_SCADA,1,"2022/10/20 13:45:00",BALBL1,0
D,DISPATCH,UNIT_SCADA,1,"2022/10/20 13:45:00",BALDHWF1,69.6140
D,DISPATCH,UNIT_SCADA,1,"2022/10/20 13:45:00",BANGOWF1,22.195160
D,DISPATCH,UNIT_SCADA,1,"2022/10/20 13:45:00",BANGOWF2,25.098570
D,DISPATCH,UNIT_SCADA,1,"2022/10/20 13:45:00",BANN1,46.13
D,DISPATCH,UNIT_SCADA,1,"2022/10/20 13:45:00",BARCALDN,0
D,DISPATCH,UNIT_SCADA,1,"2022/10/20 13:45:00",BARKIPS1,0
D,DISPATCH,UNIT_SCADA,1,"2022/10/20 13:45:00",BARRON-1,0
D,DISPATCH,UNIT_SCADA,1,"2022/10/20 13:45:00",BARRON-2,0
D,DISPATCH,UNIT_SCADA,1,"2022/10/20 13:45:00",BASTYAN,50.18
D,DISPATCH,UNIT_SCADA,1,"2022/10/20 13:45:00",BBTHREE1,0
D,DISPATCH,UNIT_SCADA,1,"2022/10/20 13:45:00",BBTHREE2,21.28
D,DISPATCH,UNIT_SCADA,1,"2022/10/20 13:45:00",BBTHREE3,-1.06
D,DISPATCH,UNIT_SCADA,1,"2022/10/20 13:45:00",BDL01,0
D,DISPATCH,UNIT_SCADA,1,"2022/10/20 13:45:00",BDL02,0
D,DISPATCH,UNIT_SCADA,1,"2022/10/20 13:45:00",BERYLSF1,3.901630
D,DISPATCH,UNIT_SCADA,1,"2022/10/20 13:45:00",BLOWERNG,62.60
D,DISPATCH,UNIT_SCADA,1,"2022/10/20 13:45:00",BLUEGSF1,75.132930
D,DISPATCH,UNIT_SCADA,1,"2022/10/20 13:45:00",BLUFF1,2.80
D,DISPATCH,UNIT_SCADA,1,"2022/10/20 13:45:00",BNGSF1,30.09
D,DISPATCH,UNIT_SCADA,1,"2022/10/20 13:45:00",BNGSF2,32.65
D,DISPATCH,UNIT_SCADA,1,"2022/10/20 13:45:00",BOCORWF1,37.58
D,DISPATCH,UNIT_SCADA,1,"2022/10/20 13:45:00",BODWF1,70.382850
D,DISPATCH,UNIT_SCADA,1,"2022/10/20 13:45:00",BOMENSF1,40.941180
D,DISPATCH,UNIT_SCADA,1,"2022/10/20 13:45:00",BOWWBA1G,0
D,DISPATCH,UNIT_SCADA,1,"2022/10/20 13:45:00",BOWWBA1L,0.0010
D,DISPATCH,UNIT_SCADA,1,"2022/10/20 13:45:00",BOWWPV1,0
D,DISPATCH,UNIT_SCADA,1,"2022/10/20 13:45:00",BRAEMAR1,0
D,DISPATCH,UNIT_SCADA,1,"2022/10/20 13:45:00",BRAEMAR2,0
D,DISPATCH,UNIT_SCADA,1,"2022/10/20 13:45:00",BRAEMAR3,0
D,DISPATCH,UNIT_SCADA,1,"2022/10/20 13:45:00",BRAEMAR5,0.292060
D,DISPATCH,UNIT_SCADA,1,"2022/10/20 13:45:00",BRAEMAR6,0
D,DISPATCH,UNIT_SCADA,1,"2022/10/20 13:45:00",BRAEMAR7,0.130920
D,DISPATCH,UNIT_SCADA,1,"2022/10/20 13:45:00",BROKENH1,47.199280
D,DISPATCH,UNIT_SCADA,1,"2022/10/20 13:45:00",BRYB1WF1,97.099260
D,DISPATCH,UNIT_SCADA,1,"2022/10/20 13:45:00",BULBESG1,0
D,DISPATCH,UNIT_SCADA,1,"2022/10/20 13:45:00",BULBESL1,2.01
D,DISPATCH,UNIT_SCADA,1,"2022/10/20 13:45:00",BULGANA1,0.79
D,DISPATCH,UNIT_SCADA,1,"2022/10/20 13:45:00",BW01,656.711670
D,DISPATCH,UNIT_SCADA,1,"2022/10/20 13:45:00",BW02,617.404420
D,DISPATCH,UNIT_SCADA,1,"2022/10/20 13:45:00",BW03,525.166690
D,DISPATCH,UNIT_SCADA,1,"2022/10/20 13:45:00",BW04,0
D,DISPATCH,UNIT_SCADA,1,"2022/10/20 13:45:00",CALL_B_1,319.600010
D,DISPATCH,UNIT_SCADA,1,"2022/10/20 13:45:00",CALL_B_2,320.200010
D,DISPATCH,UNIT_SCADA,1,"2022/10/20 13:45:00",CATHROCK,7.90
D,DISPATCH,UNIT_SCADA,1,"2022/10/20 13:45:00",CBWWBA1G,0
D,DISPATCH,UNIT_SCADA,1,"2022/10/20 13:45:00",CBWWBA1L,0
D,DISPATCH,UNIT_SCADA,1,"2022/10/20 13:45:00",CETHANA,85.850250
D,DISPATCH,UNIT_SCADA,1,"2022/10/20 13:45:00",CG1,0
D,DISPATCH,UNIT_SCADA,1,"2022/10/20 13:45:00",CG2,0
D,DISPATCH,UNIT_SCADA,1,"2022/10/20 13:45:00",CG3,0
D,DISPATCH,UNIT_SCADA,1,"2022/10/20 13:45:00",CG4,0
D,DISPATCH,UNIT_SCADA,1,"2022/10/20 13:45:00",CHILDSF1,15.88
D,DISPATCH,UNIT_SCADA,1,"2022/10/20 13:45:00",CHYTWF1,5.64
D,DISPATCH,UNIT_SCADA,1,"2022/10/20 13:45:00",CLARESF1,68.685820
D,DISPATCH,UNIT_SCADA,1,"2022/10/20 13:45:00",CLEMGPWF,9.796760
D,DISPATCH,UNIT_SCADA,1,"2022/10/20 13:45:00",CLERMSF1,74.87
D,DISPATCH,UNIT_SCADA,1,"2022/10/20 13:45:00",CNUNDAWF,13.315530
D,DISPATCH,UNIT_SCADA,1,"2022/10/20 13:45:00",COHUNSF1,0.07
D,DISPATCH,UNIT_SCADA,1,"2022/10/20 13:45:00",COLEASF1,41.903180
D,DISPATCH,UNIT_SCADA,1,"2022/10/20 13:45:00",COLUMSF1,22.0860
D,DISPATCH,UNIT_SCADA,1,"2022/10/20 13:45:00",COLWF01,96.971080
D,DISPATCH,UNIT_SCADA,1,"2022/10/20 13:45:00",COOPGWF1,112.12
D,DISPATCH,UNIT_SCADA,1,"2022/10/20 13:45:00",CPP_3,368.774990
D,DISPATCH,UNIT_SCADA,1,"2022/10/20 13:45:00",CPP_4,0
D,DISPATCH,UNIT_SCADA,1,"2022/10/20 13:45:00",CPSA,0
D,DISPATCH,UNIT_SCADA,1,"2022/10/20 13:45:00",CROOKWF2,35.983830
D,DISPATCH,UNIT_SCADA,1,"2022/10/20 13:45:00",CROWLWF1,8.7168
D,DISPATCH,UNIT_SCADA,1,"2022/10/20 13:45:00",CRURWF1,42.598380
D,DISPATCH,UNIT_SCADA,1,"2022/10/20 13:45:00",CRWASF1,24.336380
D,DISPATCH,UNIT_SCADA,1,"2022/10/20 13:45:00",CSPVPS1,20.6760
D,DISPATCH,UNIT_SCADA,1,"2022/10/20 13:45:00",CTHLWF1,0.003050
D,DISPATCH,UNIT_SCADA,1,"2022/10/20 13:45:00",DALNTH01,0
D,DISPATCH,UNIT_SCADA,1,"2022/10/20 13:45:00",DALNTHL1,1.020830
D,DISPATCH,UNIT_SCADA,1,"2022/10/20 13:45:00",DARLSF1,75.751340
D,DISPATCH,UNIT_SCADA,1,"2022/10/20 13:45:00",DARTM1,0
D,DISPATCH,UNIT_SCADA,1,"2022/10/20 13:45:00",DAYDSF1,64.1650
D,DISPATCH,UNIT_SCADA,1,"2022/10/20 13:45:00",DDPS1,0
D,DISPATCH,UNIT_SCADA,1,"2022/10/20 13:45:00",DDSF1,14.874620
D,DISPATCH,UNIT_SCADA,1,"2022/10/20 13:45:00",DEVILS_G,57.440720
D,DISPATCH,UNIT_SCADA,1,"2022/10/20 13:45:00",DG_NSW1,0
D,DISPATCH,UNIT_SCADA,1,"2022/10/20 13:45:00",DG_QLD1,0
D,DISPATCH,UNIT_SCADA,1,"2022/10/20 13:45:00",DG_SA1,0
D,DISPATCH,UNIT_SCADA,1,"2022/10/20 13:45:00",DG_TAS1,0
D,DISPATCH,UNIT_SCADA,1,"2022/10/20 13:45:00",DG_VIC1,0
D,DISPATCH,UNIT_SCADA,1,"2022/10/20 13:45:00",DRYCGT1,0
D,DISPATCH,UNIT_SCADA,1,"2022/10/20 13:45:00",DRYCGT2,0
D,DISPATCH,UNIT_SCADA,1,"2022/10/20 13:45:00",DRYCGT3,0
D,DISPATCH,UNIT_SCADA,1,"2022/10/20 13:45:00",DUNDWF1,59.51
D,DISPATCH,UNIT_SCADA,1,"2022/10/20 13:45:00",DUNDWF2,16.96
D,DISPATCH,UNIT_SCADA,1,"2022/10/20 13:45:00",DUNDWF3,58.30
D,DISPATCH,UNIT_SCADA,1,"2022/10/20 13:45:00",EILDON1,59.88
D,DISPATCH,UNIT_SCADA,1,"2022/10/20 13:45:00",EILDON2,59.92
D,DISPATCH,UNIT_SCADA,1,"2022/10/20 13:45:00",ELAINWF1,20.62
D,DISPATCH,UNIT_SCADA,1,"2022/10/20 13:45:00",EMERASF1,0
D,DISPATCH,UNIT_SCADA,1,"2022/10/20 13:45:00",ER01,0
D,DISPATCH,UNIT_SCADA,1,"2022/10/20 13:45:00",ER02,340.251770
D,DISPATCH,UNIT_SCADA,1,"2022/10/20 13:45:00",ER03,431.805910
D,DISPATCH,UNIT_SCADA,1,"2022/10/20 13:45:00",ER04,429.877170
D,DISPATCH,UNIT_SCADA,1,"2022/10/20 13:45:00",FINLYSF1,113.2494
D,DISPATCH,UNIT_SCADA,1,"2022/10/20 13:45:00",FISHER,43.74
D,DISPATCH,UNIT_SCADA,1,"2022/10/20 13:45:00",GANGARR1,64.571010
D,DISPATCH,UNIT_SCADA,1,"2022/10/20 13:45:00",GANNBG1,0
D,DISPATCH,UNIT_SCADA,1,"2022/10/20 13:45:00",GANNBL1,4.704440
D,DISPATCH,UNIT_SCADA,1,"2022/10/20 13:45:00",GANNSF1,32.20
D,DISPATCH,UNIT_SCADA,1,"2022/10/20 13:45:00",GLRWNSF1,0
D,DISPATCH,UNIT_SCADA,1,"2022/10/20 13:45:00",GNNDHSF1,68.308770
D,DISPATCH,UNIT_SCADA,1,"2022/10/20 13:45:00",GOONSF1,13.209430
D,DISPATCH,UNIT_SCADA,1,"2022/10/20 13:45:00",GORDON,204.526280
D,DISPATCH,UNIT_SCADA,1,"2022/10/20 13:45:00",GRANWF1,0
D,DISPATCH,UNIT_SCADA,1,"2022/10/20 13:45:00",GSTONE1,193.724990
D,DISPATCH,UNIT_SCADA,1,"2022/10/20 13:45:00",GSTONE2,0
D,DISPATCH,UNIT_SCADA,1,"2022/10/20 13:45:00",GSTONE3,181.30
D,DISPATCH,UNIT_SCADA,1,"2022/10/20 13:45:00",GSTONE4,0
D,DISPATCH,UNIT_SCADA,1,"2022/10/20 13:45:00",GSTONE5,165.899990
D,DISPATCH,UNIT_SCADA,1,"2022/10/20 13:45:00",GSTONE6,180.4250
D,DISPATCH,UNIT_SCADA,1,"2022/10/20 13:45:00",GULLRSF1,1.844970
D,DISPATCH,UNIT_SCADA,1,"2022/10/20 13:45:00",GULLRWF1,62.134050
D,DISPATCH,UNIT_SCADA,1,"2022/10/20 13:45:00",GULLRWF2,65.127940
D,DISPATCH,UNIT_SCADA,1,"2022/10/20 13:45:00",GUNNING1,0
D,DISPATCH,UNIT_SCADA,1,"2022/10/20 13:45:00",GUTHEGA,67
D,DISPATCH,UNIT_SCADA,1,"2022/10/20 13:45:00",HALLWF1,0
D,DISPATCH,UNIT_SCADA,1,"2022/10/20 13:45:00",HALLWF2,4.41
D,DISPATCH,UNIT_SCADA,1,"2022/10/20 13:45:00",HAMISF1,15.90
D,DISPATCH,UNIT_SCADA,1,"2022/10/20 13:45:00",HAUGHT11,45.9264
D,DISPATCH,UNIT_SCADA,1,"2022/10/20 13:45:00",HAYMSF1,18.8680
D,DISPATCH,UNIT_SCADA,1,"2022/10/20 13:45:00",HDWF1,8.60
D,DISPATCH,UNIT_SCADA,1,"2022/10/20 13:45:00",HDWF2,9.60
D,DISPATCH,UNIT_SCADA,1,"2022/10/20 13:45:00",HDWF3,9.30
D,DISPATCH,UNIT_SCADA,1,"2022/10/20 13:45:00",HILLSTN1,42.037250
D,DISPATCH,UNIT_SCADA,1,"2022/10/20 13:45:00",HPRG1,0
D,DISPATCH,UNIT_SCADA,1,"2022/10/20 13:45:00",HPRL1,1.40
D,DISPATCH,UNIT_SCADA,1,"2022/10/20 13:45:00",HUMENSW,54.988950
D,DISPATCH,UNIT_SCADA,1,"2022/10/20 13:45:00",HUMEV,0
D,DISPATCH,UNIT_SCADA,1,"2022/10/20 13:45:00",HVWWBA1G,0
D,DISPATCH,UNIT_SCADA,1,"2022/10/20 13:45:00",HVWWBA1L,0.0070
D,DISPATCH,UNIT_SCADA,1,"2022/10/20 13:45:00",HVWWPV1,4.7980
D,DISPATCH,UNIT_SCADA,1,"2022/10/20 13:45:00",JBUTTERS,0
D,DISPATCH,UNIT_SCADA,1,"2022/10/20 13:45:00",JEMALNG1,14.46
D,DISPATCH,UNIT_SCADA,1,"2022/10/20 13:45:00",JLA01,0
D,DISPATCH,UNIT_SCADA,1,"2022/10/20 13:45:00",JLA02,0
D,DISPATCH,UNIT_SCADA,1,"2022/10/20 13:45:00",JLA03,0
D,DISPATCH,UNIT_SCADA,1,"2022/10/20 13:45:00",JLA04,0
D,DISPATCH,UNIT_SCADA,1,"2022/10/20 13:45:00",JLB01,0
D,DISPATCH,UNIT_SCADA,1,"2022/10/20 13:45:00",JLB02,0.10
D,DISPATCH,UNIT_SCADA,1,"2022/10/20 13:45:00",JLB03,0
D,DISPATCH,UNIT_SCADA,1,"2022/10/20 13:45:00",JUNEESF1,9.378820
D,DISPATCH,UNIT_SCADA,1,"2022/10/20 13:45:00",KABANWF1,0
D,DISPATCH,UNIT_SCADA,1,"2022/10/20 13:45:00",KAREEYA1,0
D,DISPATCH,UNIT_SCADA,1,"2022/10/20 13:45:00",KAREEYA2,0
D,DISPATCH,UNIT_SCADA,1,"2022/10/20 13:45:00",KAREEYA3,4.6450
D,DISPATCH,UNIT_SCADA,1,"2022/10/20 13:45:00",KAREEYA4,0
D,DISPATCH,UNIT_SCADA,1,"2022/10/20 13:45:00",KARSF1,70.30
D,DISPATCH,UNIT_SCADA,1,"2022/10/20 13:45:00",KEPSF1,11.98
D,DISPATCH,UNIT_SCADA,1,"2022/10/20 13:45:00",KEPWF1,6.93
D,DISPATCH,UNIT_SCADA,1,"2022/10/20 13:45:00",KIAMSF1,38.7007
D,DISPATCH,UNIT_SCADA,1,"2022/10/20 13:45:00",KIATAWF1,10.60
D,DISPATCH,UNIT_SCADA,1,"2022/10/20 13:45:00",KPP_1,0
D,DISPATCH,UNIT_SCADA,1,"2022/10/20 13:45:00",KSP1,30.79
D,DISPATCH,UNIT_SCADA,1,"2022/10/20 13:45:00",LADBROK1,0.01
D,DISPATCH,UNIT_SCADA,1,"2022/10/20 13:45:00",LADBROK2,0.02
D,DISPATCH,UNIT_SCADA,1,"2022/10/20 13:45:00",LBBG1,0
D,DISPATCH,UNIT_SCADA,1,"2022/10/20 13:45:00",LBBL1,0.15
D,DISPATCH,UNIT_SCADA,1,"2022/10/20 13:45:00",LD01,273.458040
D,DISPATCH,UNIT_SCADA,1,"2022/10/20 13:45:00",LD02,0
D,DISPATCH,UNIT_SCADA,1,"2022/10/20 13:45:00",LD04,276.094850
D,DISPATCH,UNIT_SCADA,1,"2022/10/20 13:45:00",LEM_WIL,78.642470
D,DISPATCH,UNIT_SCADA,1,"2022/10/20 13:45:00",LGAPWF1,40.71
D,DISPATCH,UNIT_SCADA,1,"2022/10/20 13:45:00",LGAPWF2,32.28
D,DISPATCH,UNIT_SCADA,1,"2022/10/20 13:45:00",LILYSF1,29.097980
D,DISPATCH,UNIT_SCADA,1,"2022/10/20 13:45:00",LIMOSF11,86.2124
D,DISPATCH,UNIT_SCADA,1,"2022/10/20 13:45:00",LIMOSF21,10.5185
D,DISPATCH,UNIT_SCADA,1,"2022/10/20 13:45:00",LI_WY_CA,54.378850
D,DISPATCH,UNIT_SCADA,1,"2022/10/20 13:45:00",LKBONNY1,0
D,DISPATCH,UNIT_SCADA,1,"2022/10/20 13:45:00",LKBONNY2,19.603290
D,DISPATCH,UNIT_SCADA,1,"2022/10/20 13:45:00",LKBONNY3,3.405150
D,DISPATCH,UNIT_SCADA,1,"2022/10/20 13:45:00",LK_ECHO,0
D,DISPATCH,UNIT_SCADA,1,"2022/10/20 13:45:00",LNGS1,0
D,DISPATCH,UNIT_SCADA,1,"2022/10/20 13:45:00",LNGS2,0
D,DISPATCH,UNIT_SCADA,1,"2022/10/20 13:45:00",LONSDALE,0
D,DISPATCH,UNIT_SCADA,1,"2022/10/20 13:45:00",LOYYB1,439.469640
D,DISPATCH,UNIT_SCADA,1,"2022/10/20 13:45:00",LOYYB2,439.469640
D,DISPATCH,UNIT_SCADA,1,"2022/10/20 13:45:00",LYA1,362
D,DISPATCH,UNIT_SCADA,1,"2022/10/20 13:45:00",LYA2,0
D,DISPATCH,UNIT_SCADA,1,"2022/10/20 13:45:00",LYA3,365
D,DISPATCH,UNIT_SCADA,1,"2022/10/20 13:45:00",LYA4,365
D,DISPATCH,UNIT_SCADA,1,"2022/10/20 13:45:00",MACARTH1,59.298630
D,DISPATCH,UNIT_SCADA,1,"2022/10/20 13:45:00",MACKNTSH,0
D,DISPATCH,UNIT_SCADA,1,"2022/10/20 13:45:00",MANSLR1,27.6780
D,DISPATCH,UNIT_SCADA,1,"2022/10/20 13:45:00",MAPS2PV1,0
D,DISPATCH,UNIT_SCADA,1,"2022/10/20 13:45:00",MAPS3PV1,0
D,DISPATCH,UNIT_SCADA,1,"2022/10/20 13:45:00",MARYRSF1,7.51
D,DISPATCH,UNIT_SCADA,1,"2022/10/20 13:45:00",MBPS2PV1,0
D,DISPATCH,UNIT_SCADA,1,"2022/10/20 13:45:00",MCKAY1,0.02
D,DISPATCH,UNIT_SCADA,1,"2022/10/20 13:45:00",MEADOWBK,6.0018
D,DISPATCH,UNIT_SCADA,1,"2022/10/20 13:45:00",MERCER01,29.30
D,DISPATCH,UNIT_SCADA,1,"2022/10/20 13:45:00",METZSF1,4.824790
D,DISPATCH,UNIT_SCADA,1,"2022/10/20 13:45:00",MEWF1,5.161470
D,DISPATCH,UNIT_SCADA,1,"2022/10/20 13:45:00",MIDDLSF1,20.24
D,DISPATCH,UNIT_SCADA,1,"2022/10/20 13:45:00",MINTARO,0.128180
D,DISPATCH,UNIT_SCADA,1,"2022/10/20 13:45:00",MOLNGSF1,25.265280
D,DISPATCH,UNIT_SCADA,1,"2022/10/20 13:45:00",MOORAWF1,65.310010
D,DISPATCH,UNIT_SCADA,1,"2022/10/20 13:45:00",MOREESF1,56.05
D,DISPATCH,UNIT_SCADA,1,"2022/10/20 13:45:00",MORTLK11,0
D,DISPATCH,UNIT_SCADA,1,"2022/10/20 13:45:00",MORTLK12,0
D,DISPATCH,UNIT_SCADA,1,"2022/10/20 13:45:00",MOUSF1,0
D,DISPATCH,UNIT_SCADA,1,"2022/10/20 13:45:00",MP1,0
D,DISPATCH,UNIT_SCADA,1,"2022/10/20 13:45:00",MP2,349.285130
D,DISPATCH,UNIT_SCADA,1,"2022/10/20 13:45:00",MPP_1,162.130070
D,DISPATCH,UNIT_SCADA,1,"2022/10/20 13:45:00",MPP_2,178.671140
D,DISPATCH,UNIT_SCADA,1,"2022/10/20 13:45:00",MRTLSWF1,0
D,DISPATCH,UNIT_SCADA,1,"2022/10/20 13:45:00",MSTUART1,0
D,DISPATCH,UNIT_SCADA,1,"2022/10/20 13:45:00",MSTUART2,0
D,DISPATCH,UNIT_SCADA,1,"2022/10/20 13:45:00",MSTUART3,0
D,DISPATCH,UNIT_SCADA,1,"2022/10/20 13:45:00",MTGELWF1,39.016390
D,DISPATCH,UNIT_SCADA,1,"2022/10/20 13:45:00",MTMILLAR,14.40
D,DISPATCH,UNIT_SCADA,1,"2022/10/20 13:45:00",MURRAY,0
D,DISPATCH,UNIT_SCADA,1,"2022/10/20 13:45:00",MUSSELR1,9.60
D,DISPATCH,UNIT_SCADA,1,"2022/10/20 13:45:00",MUWAWF1,30
D,DISPATCH,UNIT_SCADA,1,"2022/10/20 13:45:00",MUWAWF2,19.70
D,DISPATCH,UNIT_SCADA,1,"2022/10/20 13:45:00",MWPS1PV1,3.21
D,DISPATCH,UNIT_SCADA,1,"2022/10/20 13:45:00",MWPS2PV1,2.35
D,DISPATCH,UNIT_SCADA,1,"2022/10/20 13:45:00",MWPS3PV1,0.65
D,DISPATCH,UNIT_SCADA,1,"2022/10/20 13:45:00",MWPS4PV1,1.64
D,DISPATCH,UNIT_SCADA,1,"2022/10/20 13:45:00",NBHWF1,0
D,DISPATCH,UNIT_SCADA,1,"2022/10/20 13:45:00",NEVERSF1,45.76
D,DISPATCH,UNIT_SCADA,1,"2022/10/20 13:45:00",NPS,0
D,DISPATCH,UNIT_SCADA,1,"2022/10/20 13:45:00",NUMURSF1,94.78
D,DISPATCH,UNIT_SCADA,1,"2022/10/20 13:45:00",NYNGAN1,7.75
D,DISPATCH,UNIT_SCADA,1,"2022/10/20 13:45:00",OAKEY1,0
D,DISPATCH,UNIT_SCADA,1,"2022/10/20 13:45:00",OAKEY1SF,9.0120
D,DISPATCH,UNIT_SCADA,1,"2022/10/20 13:45:00",OAKEY2,0
D,DISPATCH,UNIT_SCADA,1,"2022/10/20 13:45:00",OAKEY2SF,19.06
D,DISPATCH,UNIT_SCADA,1,"2022/10/20 13:45:00",OAKLAND1,8.10
D,DISPATCH,UNIT_SCADA,1,"2022/10/20 13:45:00",OSB-AG,0
D,DISPATCH,UNIT_SCADA,1,"2022/10/20 13:45:00",PAREPS1,0.0660
D,DISPATCH,UNIT_SCADA,1,"2022/10/20 13:45:00",PAREPW1,69.43
D,DISPATCH,UNIT_SCADA,1,"2022/10/20 13:45:00",PARSF1,9.401080
D,DISPATCH,UNIT_SCADA,1,"2022/10/20 13:45:00",POAT110,0
D,DISPATCH,UNIT_SCADA,1,"2022/10/20 13:45:00",POAT220,0
D,DISPATCH,UNIT_SCADA,1,"2022/10/20 13:45:00",POR01,0.008670
D,DISPATCH,UNIT_SCADA,1,"2022/10/20 13:45:00",POR03,0
D,DISPATCH,UNIT_SCADA,1,"2022/10/20 13:45:00",PPCCGT,0
D,DISPATCH,UNIT_SCADA,1,"2022/10/20 13:45:00",PTSTAN1,0
D,DISPATCH,UNIT_SCADA,1,"2022/10/20 13:45:00",PUMP1,0
D,DISPATCH,UNIT_SCADA,1,"2022/10/20 13:45:00",PUMP2,0
D,DISPATCH,UNIT_SCADA,1,"2022/10/20 13:45:00",QBYNBG1,0
D,DISPATCH,UNIT_SCADA,1,"2022/10/20 13:45:00",QBYNBL1,1.489480
D,DISPATCH,UNIT_SCADA,1,"2022/10/20 13:45:00",QPS1,0
D,DISPATCH,UNIT_SCADA,1,"2022/10/20 13:45:00",QPS2,0
D,DISPATCH,UNIT_SCADA,1,"2022/10/20 13:45:00",QPS3,0
D,DISPATCH,UNIT_SCADA,1,"2022/10/20 13:45:00",QPS4,0
D,DISPATCH,UNIT_SCADA,1,"2022/10/20 13:45:00",QPS5,73.74
D,DISPATCH,UNIT_SCADA,1,"2022/10/20 13:45:00",REECE1,0
D,DISPATCH,UNIT_SCADA,1,"2022/10/20 13:45:00",REECE2,0
D,DISPATCH,UNIT_SCADA,1,"2022/10/20 13:45:00",ROMA_7,0
D,DISPATCH,UNIT_SCADA,1,"2022/10/20 13:45:00",ROMA_8,0
D,DISPATCH,UNIT_SCADA,1,"2022/10/20 13:45:00",RRSF1,115.839420
D,DISPATCH,UNIT_SCADA,1,"2022/10/20 13:45:00",RT_NSW1,0
D,DISPATCH,UNIT_SCADA,1,"2022/10/20 13:45:00",RT_NSW2,0
D,DISPATCH,UNIT_SCADA,1,"2022/10/20 13:45:00",RT_NSW3,0
D,DISPATCH,UNIT_SCADA,1,"2022/10/20 13:45:00",RT_NSW4,0
D,DISPATCH,UNIT_SCADA,1,"2022/10/20 13:45:00",RT_NSW5,0
D,DISPATCH,UNIT_SCADA,1,"2022/10/20 13:45:00",RT_NSW6,0
D,DISPATCH,UNIT_SCADA,1,"2022/10/20 13:45:00",RT_QLD1,0
D,DISPATCH,UNIT_SCADA,1,"2022/10/20 13:45:00",RT_SA1,0
D,DISPATCH,UNIT_SCADA,1,"2022/10/20 13:45:00",RT_SA2,0
D,DISPATCH,UNIT_SCADA,1,"2022/10/20 13:45:00",RT_SA3,0
D,DISPATCH,UNIT_SCADA,1,"2022/10/20 13:45:00",RT_SA4,0
D,DISPATCH,UNIT_SCADA,1,"2022/10/20 13:45:00",RT_SA5,0
D,DISPATCH,UNIT_SCADA,1,"2022/10/20 13:45:00",RT_SA6,0
D,DISPATCH,UNIT_SCADA,1,"2022/10/20 13:45:00",RT_TAS1,0
D,DISPATCH,UNIT_SCADA,1,"2022/10/20 13:45:00",RT_VIC1,0
D,DISPATCH,UNIT_SCADA,1,"2022/10/20 13:45:00",RT_VIC10,0
D,DISPATCH,UNIT_SCADA,1,"2022/10/20 13:45:00",RT_VIC11,0
D,DISPATCH,UNIT_SCADA,1,"2022/10/20 13:45:00",RT_VIC12,0
D,DISPATCH,UNIT_SCADA,1,"2022/10/20 13:45:00",RT_VIC2,0
D,DISPATCH,UNIT_SCADA,1,"2022/10/20 13:45:00",RT_VIC3,0
D,DISPATCH,UNIT_SCADA,1,"2022/10/20 13:45:00",RT_VIC4,0
D,DISPATCH,UNIT_SCADA,1,"2022/10/20 13:45:00",RT_VIC5,0
D,DISPATCH,UNIT_SCADA,1,"2022/10/20 13:45:00",RT_VIC6,0
D,DISPATCH,UNIT_SCADA,1,"2022/10/20 13:45:00",RT_VIC7,0
D,DISPATCH,UNIT_SCADA,1,"2022/10/20 13:45:00",RT_VIC8,0
D,DISPATCH,UNIT_SCADA,1,"2022/10/20 13:45:00",RT_VIC9,0
D,DISPATCH,UNIT_SCADA,1,"2022/10/20 13:45:00",RUGBYR1,5.353980
D,DISPATCH,UNIT_SCADA,1,"2022/10/20 13:45:00",SALTCRK1,14.82
D,DISPATCH,UNIT_SCADA,1,"2022/10/20 13:45:00",SAPHWF1,0
D,DISPATCH,UNIT_SCADA,1,"2022/10/20 13:45:00",SEBSF1,33.055290
D,DISPATCH,UNIT_SCADA,1,"2022/10/20 13:45:00",SHGEN,0
D,DISPATCH,UNIT_SCADA,1,"2022/10/20 13:45:00",SHPUMP,0
D,DISPATCH,UNIT_SCADA,1,"2022/10/20 13:45:00",SITHE01,0.153860
D,DISPATCH,UNIT_SCADA,1,"2022/10/20 13:45:00",SMCSF1,106.9810
D,DISPATCH,UNIT_SCADA,1,"2022/10/20 13:45:00",SNAPPER1,0
D,DISPATCH,UNIT_SCADA,1,"2022/10/20 13:45:00",SNOWNTH1,34.80
D,DISPATCH,UNIT_SCADA,1,"2022/10/20 13:45:00",SNOWSTH1,40.30
D,DISPATCH,UNIT_SCADA,1,"2022/10/20 13:45:00",SNOWTWN1,33.9127
D,DISPATCH,UNIT_SCADA,1,"2022/10/20 13:45:00",SNOWYP,0
D,DISPATCH,UNIT_SCADA,1,"2022/10/20 13:45:00",SNUG1,0
D,DISPATCH,UNIT_SCADA,1,"2022/10/20 13:45:00",SRSF1,26.35
D,DISPATCH,UNIT_SCADA,1,"2022/10/20 13:45:00",STAN-1,292.745730
D,DISPATCH,UNIT_SCADA,1,"2022/10/20 13:45:00",STAN-2,347.990450
D,DISPATCH,UNIT_SCADA,1,"2022/10/20 13:45:00",STAN-3,157.966570
D,DISPATCH,UNIT_SCADA,1,"2022/10/20 13:45:00",STAN-4,349.426060
D,DISPATCH,UNIT_SCADA,1,"2022/10/20 13:45:00",STARHLWF,13.995920
D,DISPATCH,UNIT_SCADA,1,"2022/10/20 13:45:00",STOCKYD1,100.49
D,DISPATCH,UNIT_SCADA,1,"2022/10/20 13:45:00",STWF1,0
D,DISPATCH,UNIT_SCADA,1,"2022/10/20 13:45:00",SUNRSF1,83.282220
D,DISPATCH,UNIT_SCADA,1,"2022/10/20 13:45:00",SUNTPSF1,2.302890
D,DISPATCH,UNIT_SCADA,1,"2022/10/20 13:45:00",SWAN_E,190.421250
D,DISPATCH,UNIT_SCADA,1,"2022/10/20 13:45:00",TALWA1,0
D,DISPATCH,UNIT_SCADA,1,"2022/10/20 13:45:00",TARALGA1,0
D,DISPATCH,UNIT_SCADA,1,"2022/10/20 13:45:00",TARONG#1,346.50
D,DISPATCH,UNIT_SCADA,1,"2022/10/20 13:45:00",TARONG#2,345
D,DISPATCH,UNIT_SCADA,1,"2022/10/20 13:45:00",TARONG#3,0.90
D,DISPATCH,UNIT_SCADA,1,"2022/10/20 13:45:00",TARONG#4,280.399990
D,DISPATCH,UNIT_SCADA,1,"2022/10/20 13:45:00",TARRALEA,54
D,DISPATCH,UNIT_SCADA,1,"2022/10/20 13:45:00",TBSF1,0.10
D,DISPATCH,UNIT_SCADA,1,"2022/10/20 13:45:00",TNPS1,319.1875
D,DISPATCH,UNIT_SCADA,1,"2022/10/20 13:45:00",TORRB1,0
D,DISPATCH,UNIT_SCADA,1,"2022/10/20 13:45:00",TORRB2,40
D,DISPATCH,UNIT_SCADA,1,"2022/10/20 13:45:00",TORRB3,0
D,DISPATCH,UNIT_SCADA,1,"2022/10/20 13:45:00",TORRB4,0
D,DISPATCH,UNIT_SCADA,1,"2022/10/20 13:45:00",TREVALLN,99.924160
D,DISPATCH,UNIT_SCADA,1,"2022/10/20 13:45:00",TRIBUTE,0
D,DISPATCH,UNIT_SCADA,1,"2022/10/20 13:45:00",TUMUT3,117.39
D,DISPATCH,UNIT_SCADA,1,"2022/10/20 13:45:00",TUNGATIN,4.970020
D,DISPATCH,UNIT_SCADA,1,"2022/10/20 13:45:00",TVCC201,0
D,DISPATCH,UNIT_SCADA,1,"2022/10/20 13:45:00",TVPP104,0
D,DISPATCH,UNIT_SCADA,1,"2022/10/20 13:45:00",UPPTUMUT,0
D,DISPATCH,UNIT_SCADA,1,"2022/10/20 13:45:00",URANQ11,0
D,DISPATCH,UNIT_SCADA,1,"2022/10/20 13:45:00",URANQ12,0
D,DISPATCH,UNIT_SCADA,1,"2022/10/20 13:45:00",URANQ13,0
D,DISPATCH,UNIT_SCADA,1,"2022/10/20 13:45:00",URANQ14,0
D,DISPATCH,UNIT_SCADA,1,"2022/10/20 13:45:00",VBBG1,0
D,DISPATCH,UNIT_SCADA,1,"2022/10/20 13:45:00",VBBL1,34.40
D,DISPATCH,UNIT_SCADA,1,"2022/10/20 13:45:00",VP5,500.039670
D,DISPATCH,UNIT_SCADA,1,"2022/10/20 13:45:00",VP6,501.065090
D,DISPATCH,UNIT_SCADA,1,"2022/10/20 13:45:00",VPGS1,0
D,DISPATCH,UNIT_SCADA,1,"2022/10/20 13:45:00",VPGS2,0
D,DISPATCH,UNIT_SCADA,1,"2022/10/20 13:45:00",VPGS3,0
D,DISPATCH,UNIT_SCADA,1,"2022/10/20 13:45:00",VPGS4,0
D,DISPATCH,UNIT_SCADA,1,"2022/10/20 13:45:00",VPGS5,0
D,DISPATCH,UNIT_SCADA,1,"2022/10/20 13:45:00",VPGS6,0
D,DISPATCH,UNIT_SCADA,1,"2022/10/20 13:45:00",W/HOE#1,0
D,DISPATCH,UNIT_SCADA,1,"2022/10/20 13:45:00",W/HOE#2,0
D,DISPATCH,UNIT_SCADA,1,"2022/10/20 13:45:00",WAGGNSF1,0
D,DISPATCH,UNIT_SCADA,1,"2022/10/20 13:45:00",WALGRVG1,0
D,DISPATCH,UNIT_SCADA,1,"2022/10/20 13:45:00",WALGRVL1,1.2873
D,DISPATCH,UNIT_SCADA,1,"2022/10/20 13:45:00",WANDBG1,0
D,DISPATCH,UNIT_SCADA,1,"2022/10/20 13:45:00",WANDBL1,1.892980
D,DISPATCH,UNIT_SCADA,1,"2022/10/20 13:45:00",WARWSF1,10.09
D,DISPATCH,UNIT_SCADA,1,"2022/10/20 13:45:00",WARWSF2,9.03
D,DISPATCH,UNIT_SCADA,1,"2022/10/20 13:45:00",WATERLWF,12.80
D,DISPATCH,UNIT_SCADA,1,"2022/10/20 13:45:00",WDGPH1,122.2280
D,DISPATCH,UNIT_SCADA,1,"2022/10/20 13:45:00",WELLSF1,6.210420
D,DISPATCH,UNIT_SCADA,1,"2022/10/20 13:45:00",WEMENSF1,62.40
D,DISPATCH,UNIT_SCADA,1,"2022/10/20 13:45:00",WGWF1,8.20
D,DISPATCH,UNIT_SCADA,1,"2022/10/20 13:45:00",WHITSF1,20.30
D,DISPATCH,UNIT_SCADA,1,"2022/10/20 13:45:00",WINTSF1,84.96
D,DISPATCH,UNIT_SCADA,1,"2022/10/20 13:45:00",WKIEWA1,31.90
D,DISPATCH,UNIT_SCADA,1,"2022/10/20 13:45:00",WKIEWA2,14
D,DISPATCH,UNIT_SCADA,1,"2022/10/20 13:45:00",WOODLWN1,12.880570
D,DISPATCH,UNIT_SCADA,1,"2022/10/20 13:45:00",WOOLGSF1,13.473280
D,DISPATCH,UNIT_SCADA,1,"2022/10/20 13:45:00",WPWF,31.09
D,DISPATCH,UNIT_SCADA,1,"2022/10/20 13:45:00",WRSF1,6.670130
D,DISPATCH,UNIT_SCADA,1,"2022/10/20 13:45:00",WRWF1,0
D,DISPATCH,UNIT_SCADA,1,"2022/10/20 13:45:00",WSTWYSF1,1.048160
D,DISPATCH,UNIT_SCADA,1,"2022/10/20 13:45:00",YABULU,0
D,DISPATCH,UNIT_SCADA,1,"2022/10/20 13:45:00",YABULU2,0
D,DISPATCH,UNIT_SCADA,1,"2022/10/20 13:45:00",YARANSF1,21.58
D,DISPATCH,UNIT_SCADA,1,"2022/10/20 13:45:00",YARWUN_1,160.81
D,DISPATCH,UNIT_SCADA,1,"2022/10/20 13:45:00",YATSF1,62.29
D,DISPATCH,UNIT_SCADA,1,"2022/10/20 13:45:00",YENDWF1,38.59
D,DISPATCH,UNIT_SCADA,1,"2022/10/20 13:45:00",YWPS1,269.420260
D,DISPATCH,UNIT_SCADA,1,"2022/10/20 13:45:00",YWPS2,267.415190
D,DISPATCH,UNIT_SCADA,1,"2022/10/20 13:45:00",YWPS3,279.503780
D,DISPATCH,UNIT_SCADA,1,"2022/10/20 13:45:00",YWPS4,0
C,"END OF REPORT",419
