C,NEMP.WORLD,DISPATCHSCADA,AEMO,PUBLIC,2022/10/20,12:20:10,0000000373253911,DISPATCHSCADA,0000000373253905
I,DISPATCH,UNIT_SCADA,1,SETTLEMENTDATE,DUID,SCADAVALUE
D,DISPATCH,UNIT_SCADA,1,"2022/10/20 12:25:00",BARCSF1,10.40
D,DISPATCH,UNIT_SCADA,1,"2022/10/20 12:25:00",BUTLERSG,8.699999
D,DISPATCH,UNIT_SCADA,1,"2022/10/20 12:25:00",CAPTL_WF,41.613914
D,DISPATCH,UNIT_SCADA,1,"2022/10/20 12:25:00",CHALLHWF,5.10
D,DISPATCH,UNIT_SCADA,1,"2022/10/20 12:25:00",CLOVER,10.54
D,DISPATCH,UNIT_SCADA,1,"2022/10/20 12:25:00",CLUNY,5.071641
D,DISPATCH,UNIT_SCADA,1,"2022/10/20 12:25:00",CULLRGWF,-0.07
D,DISPATCH,UNIT_SCADA,1,"2022/10/20 12:25:00",DIAPURWF1,3.70
D,DISPATCH,UNIT_SCADA,1,"2022/10/20 12:25:00",ERGT01,0
D,DISPATCH,UNIT_SCADA,1,"2022/10/20 12:25:00",GB01,0
D,DISPATCH,UNIT_SCADA,1,"2022/10/20 12:25:00",GERMCRK,18.10
D,DISPATCH,UNIT_SCADA,1,"2022/10/20 12:25:00",GRIFSF1,5.000381
D,DISPATCH,UNIT_SCADA,1,"2022/10/20 12:25:00",HEZ1,0
D,DISPATCH,UNIT_SCADA,1,"2022/10/20 12:25:00",HUGSF1,14.214001
D,DISPATCH,UNIT_SCADA,1,"2022/10/20 12:25:00",KEPBG1,0.01
D,DISPATCH,UNIT_SCADA,1,"2022/10/20 12:25:00",LRSF1,13.092001
D,DISPATCH,UNIT_SCADA,1,"2022/10/20 12:25:00",MBAHNTH,45.974991
D,DISPATCH,UNIT_SCADA,1,"2022/10/20 12:25:00",MLSP1,8.448001
D,DISPATCH,UNIT_SCADA,1,"2022/10/20 12:25:00",MLWF1,3.99
D,DISPATCH,UNIT_SCADA,1,"2022/10/20 12:25:00",PALOONA,30.26
D,DISPATCH,UNIT_SCADA,1,"2022/10/20 12:25:00",PIONEER,39.100002
D,DISPATCH,UNIT_SCADA,1,"2022/10/20 12:25:00",PORTWF,93.300003
D,DISPATCH,UNIT_SCADA,1,"2022/10/20 12:25:00",REPULSE,9.715114
D,DISPATCH,UNIT_SCADA,1,"2022/10/20 12:25:00",ROWALLAN,8.8963
D,DISPATCH,UNIT_SCADA,1,"2022/10/20 12:25:00",ROYALLA1,4.870003
D,DISPATCH,UNIT_SCADA,1,"2022/10/20 12:25:00",RPCG,-1.80
D,DISPATCH,UNIT_SCADA,1,"2022/10/20 12:25:00",RUBICON,0
D,DISPATCH,UNIT_SCADA,1,"2022/10/20 12:25:00",WAUBRAWF,18.712999
D,DISPATCH,UNIT_SCADA,1,"2022/10/20 12:25:00",WOOLNTH1,31.83
D,DISPATCH,UNIT_SCADA,1,"2022/10/20 12:25:00",YAMBUKWF,7.30
D,DISPATCH,UNIT_SCADA,1,"2022/10/20 12:25:00",YSWF1,4.90
D,DISPATCH,UNIT_SCADA,1,"2022/10/20 12:25:00",ADPBA1G,0.0080
D,DISPATCH,UNIT_SCADA,1,"2022/10/20 12:25:00",ADPBA1L,0
D,DISPATCH,UNIT_SCADA,1,"2022/10/20 12:25:00",ADPPV1,0.06
D,DISPATCH,UNIT_SCADA,1,"2022/10/20 12:25:00",AGLHAL,0
D,DISPATCH,UNIT_SCADA,1,"2022/10/20 12:25:00",AGLSOM,0
D,DISPATCH,UNIT_SCADA,1,"2022/10/20 12:25:00",ANGAST1,0
D,DISPATCH,UNIT_SCADA,1,"2022/10/20 12:25:00",ARWF1,21.70
D,DISPATCH,UNIT_SCADA,1,"2022/10/20 12:25:00",BALBG1,0
D,DISPATCH,UNIT_SCADA,1,"2022/10/20 12:25:00",BALBL1,0
D,DISPATCH,UNIT_SCADA,1,"2022/10/20 12:25:00",BALDHWF1,24.9850
D,DISPATCH,UNIT_SCADA,1,"2022/10/20 12:25:00",BANGOWF1,35.095750
D,DISPATCH,UNIT_SCADA,1,"2022/10/20 12:25:00",BANGOWF2,25
D,DISPATCH,UNIT_SCADA,1,"2022/10/20 12:25:00",BANN1,47.22
D,DISPATCH,UNIT_SCADA,1,"2022/10/20 12:25:00",BARCALDN,0
D,DISPATCH,UNIT_SCADA,1,"2022/10/20 12:25:00",BARKIPS1,0
D,DISPATCH,UNIT_SCADA,1,"2022/10/20 12:25:00",BARRON-1,0
D,DISPATCH,UNIT_SCADA,1,"2022/10/20 12:25:00",BARRON-2,0
D,DISPATCH,UNIT_SCADA,1,"2022/10/20 12:25:00",BASTYAN,54.20
D,DISPATCH,UNIT_SCADA,1,"2022/10/20 12:25:00",BBTHREE1,0
D,DISPATCH,UNIT_SCADA,1,"2022/10/20 12:25:00",BBTHREE2,23.43
D,DISPATCH,UNIT_SCADA,1,"2022/10/20 12:25:00",BBTHREE3,-1.01
D,DISPATCH,UNIT_SCADA,1,"2022/10/20 12:25:00",BDL01,0
D,DISPATCH,UNIT_SCADA,1,"2022/10/20 12:25:00",BDL02,0
D,DISPATCH,UNIT_SCADA,1,"2022/10/20 12:25:00",BERYLSF1,39.819410
D,DISPATCH,UNIT_SCADA,1,"2022/10/20 12:25:00",BLOWERNG,62.50
D,DISPATCH,UNIT_SCADA,1,"2022/10/20 12:25:00",BLUEGSF1,33.137660
D,DISPATCH,UNIT_SCADA,1,"2022/10/20 12:25:00",BLUFF1,0
D,DISPATCH,UNIT_SCADA,1,"2022/10/20 12:25:00",BNGSF1,65.05
D,DISPATCH,UNIT_SCADA,1,"2022/10/20 12:25:00",BNGSF2,68.439990
D,DISPATCH,UNIT_SCADA,1,"2022/10/20 12:25:00",BOCORWF1,17
D,DISPATCH,UNIT_SCADA,1,"2022/10/20 12:25:00",BODWF1,98.354720
D,DISPATCH,UNIT_SCADA,1,"2022/10/20 12:25:00",BOMENSF1,24.589610
D,DISPATCH,UNIT_SCADA,1,"2022/10/20 12:25:00",BOWWBA1G,0.0010
D,DISPATCH,UNIT_SCADA,1,"2022/10/20 12:25:00",BOWWBA1L,0
D,DISPATCH,UNIT_SCADA,1,"2022/10/20 12:25:00",BOWWPV1,0
D,DISPATCH,UNIT_SCADA,1,"2022/10/20 12:25:00",BRAEMAR1,0
D,DISPATCH,UNIT_SCADA,1,"2022/10/20 12:25:00",BRAEMAR2,0
D,DISPATCH,UNIT_SCADA,1,"2022/10/20 12:25:00",BRAEMAR3,0
D,DISPATCH,UNIT_SCADA,1,"2022/10/20 12:25:00",BRAEMAR5,0.292060
D,DISPATCH,UNIT_SCADA,1,"2022/10/20 12:25:00",BRAEMAR6,0
D,DISPATCH,UNIT_SCADA,1,"2022/10/20 12:25:00",BRAEMAR7,0.130920
D,DISPATCH,UNIT_SCADA,1,"2022/10/20 12:25:00",BROKENH1,27.899570
D,DISPATCH,UNIT_SCADA,1,"2022/10/20 12:25:00",BRYB1WF1,109.538410
D,DISPATCH,UNIT_SCADA,1,"2022/10/20 12:25:00",BULBESG1,0
D,DISPATCH,UNIT_SCADA,1,"2022/10/20 12:25:00",BULBESL1,2.07
D,DISPATCH,UNIT_SCADA,1,"2022/10/20 12:25:00",BULGANA1,4.15
D,DISPATCH,UNIT_SCADA,1,"2022/10/20 12:25:00",BW01,657.175540
D,DISPATCH,UNIT_SCADA,1,"2022/10/20 12:25:00",BW02,616.598750
D,DISPATCH,UNIT_SCADA,1,"2022/10/20 12:25:00",BW03,471.674680
D,DISPATCH,UNIT_SCADA,1,"2022/10/20 12:25:00",BW04,0
D,DISPATCH,UNIT_SCADA,1,"2022/10/20 12:25:00",CALL_B_1,319.200010
D,DISPATCH,UNIT_SCADA,1,"2022/10/20 12:25:00",CALL_B_2,319.100010
D,DISPATCH,UNIT_SCADA,1,"2022/10/20 12:25:00",CATHROCK,6
D,DISPATCH,UNIT_SCADA,1,"2022/10/20 12:25:00",CBWWBA1G,0
D,DISPATCH,UNIT_SCADA,1,"2022/10/20 12:25:00",CBWWBA1L,0
D,DISPATCH,UNIT_SCADA,1,"2022/10/20 12:25:00",CETHANA,10.108370
D,DISPATCH,UNIT_SCADA,1,"2022/10/20 12:25:00",CG1,0
D,DISPATCH,UNIT_SCADA,1,"2022/10/20 12:25:00",CG2,0
D,DISPATCH,UNIT_SCADA,1,"2022/10/20 12:25:00",CG3,0
D,DISPATCH,UNIT_SCADA,1,"2022/10/20 12:25:00",CG4,0
D,DISPATCH,UNIT_SCADA,1,"2022/10/20 12:25:00",CHILDSF1,9.78
D,DISPATCH,UNIT_SCADA,1,"2022/10/20 12:25:00",CHYTWF1,6.27
D,DISPATCH,UNIT_SCADA,1,"2022/10/20 12:25:00",CLARESF1,24.214530
D,DISPATCH,UNIT_SCADA,1,"2022/10/20 12:25:00",CLEMGPWF,15.919730
D,DISPATCH,UNIT_SCADA,1,"2022/10/20 12:25:00",CLERMSF1,62.33
D,DISPATCH,UNIT_SCADA,1,"2022/10/20 12:25:00",CNUNDAWF,0
D,DISPATCH,UNIT_SCADA,1,"2022/10/20 12:25:00",COHUNSF1,9.72
D,DISPATCH,UNIT_SCADA,1,"2022/10/20 12:25:00",COLEASF1,61.699470
D,DISPATCH,UNIT_SCADA,1,"2022/10/20 12:25:00",COLUMSF1,7.27
D,DISPATCH,UNIT_SCADA,1,"2022/10/20 12:25:00",COLWF01,74.496080
D,DISPATCH,UNIT_SCADA,1,"2022/10/20 12:25:00",COOPGWF1,121.04
D,DISPATCH,UNIT_SCADA,1,"2022/10/20 12:25:00",CPP_3,279.1250
D,DISPATCH,UNIT_SCADA,1,"2022/10/20 12:25:00",CPP_4,0
D,DISPATCH,UNIT_SCADA,1,"2022/10/20 12:25:00",CPSA,0
D,DISPATCH,UNIT_SCADA,1,"2022/10/20 12:25:00",CROOKWF2,30.534520
D,DISPATCH,UNIT_SCADA,1,"2022/10/20 12:25:00",CROWLWF1,9.680380
D,DISPATCH,UNIT_SCADA,1,"2022/10/20 12:25:00",CRURWF1,15.596320
D,DISPATCH,UNIT_SCADA,1,"2022/10/20 12:25:00",CRWASF1,29.464580
D,DISPATCH,UNIT_SCADA,1,"2022/10/20 12:25:00",CSPVPS1,1.8520
D,DISPATCH,UNIT_SCADA,1,"2022/10/20 12:25:00",CTHLWF1,0.003050
D,DISPATCH,UNIT_SCADA,1,"2022/10/20 12:25:00",DALNTH01,0
D,DISPATCH,UNIT_SCADA,1,"2022/10/20 12:25:00",DALNTHL1,0.126650
D,DISPATCH,UNIT_SCADA,1,"2022/10/20 12:25:00",DARLSF1,47.336960
D,DISPATCH,UNIT_SCADA,1,"2022/10/20 12:25:00",DARTM1,0
D,DISPATCH,UNIT_SCADA,1,"2022/10/20 12:25:00",DAYDSF1,9.0930
D,DISPATCH,UNIT_SCADA,1,"2022/10/20 12:25:00",DDPS1,0
D,DISPATCH,UNIT_SCADA,1,"2022/10/20 12:25:00",DDSF1,54.036480
D,DISPATCH,UNIT_SCADA,1,"2022/10/20 12:25:00",DEVILS_G,10.210270
D,DISPATCH,UNIT_SCADA,1,"2022/10/20 12:25:00",DG_NSW1,0
D,DISPATCH,UNIT_SCADA,1,"2022/10/20 12:25:00",DG_QLD1,0
D,DISPATCH,UNIT_SCADA,1,"2022/10/20 12:25:00",DG_SA1,0
D,DISPATCH,UNIT_SCADA,1,"2022/10/20 12:25:00",DG_TAS1,0
D,DISPATCH,UNIT_SCADA,1,"2022/10/20 12:25:00",DG_VIC1,0
D,DISPATCH,UNIT_SCADA,1,"2022/10/20 12:25:00",DRYCGT1,0
D,DISPATCH,UNIT_SCADA,1,"2022/10/20 12:25:00",DRYCGT2,0
D,DISPATCH,UNIT_SCADA,1,"2022/10/20 12:25:00",DRYCGT3,0
D,DISPATCH,UNIT_SCADA,1,"2022/10/20 12:25:00",DUNDWF1,51.34
D,DISPATCH,UNIT_SCADA,1,"2022/10/20 12:25:00",DUNDWF2,18.02
D,DISPATCH,UNIT_SCADA,1,"2022/10/20 12:25:00",DUNDWF3,42.26
D,DISPATCH,UNIT_SCADA,1,"2022/10/20 12:25:00",EILDON1,60
D,DISPATCH,UNIT_SCADA,1,"2022/10/20 12:25:00",EILDON2,60.08
D,DISPATCH,UNIT_SCADA,1,"2022/10/20 12:25:00",ELAINWF1,34.99
D,DISPATCH,UNIT_SCADA,1,"2022/10/20 12:25:00",EMERASF1,0
D,DISPATCH,UNIT_SCADA,1,"2022/10/20 12:25:00",ER01,0
D,DISPATCH,UNIT_SCADA,1,"2022/10/20 12:25:00",ER02,303.215090
D,DISPATCH,UNIT_SCADA,1,"2022/10/20 12:25:00",ER03,404.144350
D,DISPATCH,UNIT_SCADA,1,"2022/10/20 12:25:00",ER04,405.365080
D,DISPATCH,UNIT_SCADA,1,"2022/10/20 12:25:00",FINLYSF1,49.253070
D,DISPATCH,UNIT_SCADA,1,"2022/10/20 12:25:00",FISHER,44.10
D,DISPATCH,UNIT_SCADA,1,"2022/10/20 12:25:00",GANGARR1,79.639010
D,DISPATCH,UNIT_SCADA,1,"2022/10/20 12:25:00",GANNBG1,0
D,DISPATCH,UNIT_SCADA,1,"2022/10/20 12:25:00",GANNBL1,3.403370
D,DISPATCH,UNIT_SCADA,1,"2022/10/20 12:25:00",GANNSF1,29.30
D,DISPATCH,UNIT_SCADA,1,"2022/10/20 12:25:00",GLRWNSF1,0
D,DISPATCH,UNIT_SCADA,1,"2022/10/20 12:25:00",GNNDHSF1,57.593270
D,DISPATCH,UNIT_SCADA,1,"2022/10/20 12:25:00",GOONSF1,12.332950
D,DISPATCH,UNIT_SCADA,1,"2022/10/20 12:25:00",GORDON,193.319760
D,DISPATCH,UNIT_SCADA,1,"2022/10/20 12:25:00",GRANWF1,0
D,DISPATCH,UNIT_SCADA,1,"2022/10/20 12:25:00",GSTONE1,202.30
D,DISPATCH,UNIT_SCADA,1,"2022/10/20 12:25:00",GSTONE2,0
D,DISPATCH,UNIT_SCADA,1,"2022/10/20 12:25:00",GSTONE3,200.20
D,DISPATCH,UNIT_SCADA,1,"2022/10/20 12:25:00",GSTONE4,0
D,DISPATCH,UNIT_SCADA,1,"2022/10/20 12:25:00",GSTONE5,202.474990
D,DISPATCH,UNIT_SCADA,1,"2022/10/20 12:25:00",GSTONE6,201.599990
D,DISPATCH,UNIT_SCADA,1,"2022/10/20 12:25:00",GULLRSF1,2.344960
D,DISPATCH,UNIT_SCADA,1,"2022/10/20 12:25:00",GULLRWF1,61.774060
D,DISPATCH,UNIT_SCADA,1,"2022/10/20 12:25:00",GULLRWF2,73.957670
D,DISPATCH,UNIT_SCADA,1,"2022/10/20 12:25:00",GUNNING1,0
D,DISPATCH,UNIT_SCADA,1,"2022/10/20 12:25:00",GUTHEGA,67.90
D,DISPATCH,UNIT_SCADA,1,"2022/10/20 12:25:00",HALLWF1,0
D,DISPATCH,UNIT_SCADA,1,"2022/10/20 12:25:00",HALLWF2,0
D,DISPATCH,UNIT_SCADA,1,"2022/10/20 12:25:00",HAMISF1,4.10
D,DISPATCH,UNIT_SCADA,1,"2022/10/20 12:25:00",HAUGHT11,4.286460
D,DISPATCH,UNIT_SCADA,1,"2022/10/20 12:25:00",HAYMSF1,3.6380
D,DISPATCH,UNIT_SCADA,1,"2022/10/20 12:25:00",HDWF1,36.30
D,DISPATCH,UNIT_SCADA,1,"2022/10/20 12:25:00",HDWF2,48.20
D,DISPATCH,UNIT_SCADA,1,"2022/10/20 12:25:00",HDWF3,51.80
D,DISPATCH,UNIT_SCADA,1,"2022/10/20 12:25:00",HILLSTN1,45.547520
D,DISPATCH,UNIT_SCADA,1,"2022/10/20 12:25:00",HPRG1,14.50
D,DISPATCH,UNIT_SCADA,1,"2022/10/20 12:25:00",HPRL1,0
D,DISPATCH,UNIT_SCADA,1,"2022/10/20 12:25:00",HUMENSW,53.992260
D,DISPATCH,UNIT_SCADA,1,"2022/10/20 12:25:00",HUMEV,0
D,DISPATCH,UNIT_SCADA,1,"2022/10/20 12:25:00",HVWWBA1G,0
D,DISPATCH,UNIT_SCADA,1,"2022/10/20 12:25:00",HVWWBA1L,0.0070
D,DISPATCH,UNIT_SCADA,1,"2022/10/20 12:25:00",HVWWPV1,0.0210
D,DISPATCH,UNIT_SCADA,1,"2022/10/20 12:25:00",JBUTTERS,0
D,DISPATCH,UNIT_SCADA,1,"2022/10/20 12:25:00",JEMALNG1,1.21
D,DISPATCH,UNIT_SCADA,1,"2022/10/20 12:25:00",JLA01,0
D,DISPATCH,UNIT_SCADA,1,"2022/10/20 12:25:00",JLA02,0
D,DISPATCH,UNIT_SCADA,1,"2022/10/20 12:25:00",JLA03,0
D,DISPATCH,UNIT_SCADA,1,"2022/10/20 12:25:00",JLA04,0
D,DISPATCH,UNIT_SCADA,1,"2022/10/20 12:25:00",JLB01,0
D,DISPATCH,UNIT_SCADA,1,"2022/10/20 12:25:00",JLB02,0.10
D,DISPATCH,UNIT_SCADA,1,"2022/10/20 12:25:00",JLB03,0
D,DISPATCH,UNIT_SCADA,1,"2022/10/20 12:25:00",JUNEESF1,6.096380
D,DISPATCH,UNIT_SCADA,1,"2022/10/20 12:25:00",KABANWF1,0
D,DISPATCH,UNIT_SCADA,1,"2022/10/20 12:25:00",KAREEYA1,0
D,DISPATCH,UNIT_SCADA,1,"2022/10/20 12:25:00",KAREEYA2,0
D,DISPATCH,UNIT_SCADA,1,"2022/10/20 12:25:00",KAREEYA3,4.7425
D,DISPATCH,UNIT_SCADA,1,"2022/10/20 12:25:00",KAREEYA4,0
D,DISPATCH,UNIT_SCADA,1,"2022/10/20 12:25:00",KARSF1,30.80
D,DISPATCH,UNIT_SCADA,1,"2022/10/20 12:25:00",KEPSF1,11.99
D,DISPATCH,UNIT_SCADA,1,"2022/10/20 12:25:00",KEPWF1,7.98
D,DISPATCH,UNIT_SCADA,1,"2022/10/20 12:25:00",KIAMSF1,26.333260
D,DISPATCH,UNIT_SCADA,1,"2022/10/20 12:25:00",KIATAWF1,8.60
D,DISPATCH,UNIT_SCADA,1,"2022/10/20 12:25:00",KPP_1,0
D,DISPATCH,UNIT_SCADA,1,"2022/10/20 12:25:00",KSP1,27.04
D,DISPATCH,UNIT_SCADA,1,"2022/10/20 12:25:00",LADBROK1,0.01
D,DISPATCH,UNIT_SCADA,1,"2022/10/20 12:25:00",LADBROK2,0.01
D,DISPATCH,UNIT_SCADA,1,"2022/10/20 12:25:00",LBBG1,0
D,DISPATCH,UNIT_SCADA,1,"2022/10/20 12:25:00",LBBL1,0
D,DISPATCH,UNIT_SCADA,1,"2022/10/20 12:25:00",LD01,275.582150
D,DISPATCH,UNIT_SCADA,1,"2022/10/20 12:25:00",LD02,0
D,DISPATCH,UNIT_SCADA,1,"2022/10/20 12:25:00",LD04,276.552640
D,DISPATCH,UNIT_SCADA,1,"2022/10/20 12:25:00",LEM_WIL,67.298510
D,DISPATCH,UNIT_SCADA,1,"2022/10/20 12:25:00",LGAPWF1,70.58
D,DISPATCH,UNIT_SCADA,1,"2022/10/20 12:25:00",LGAPWF2,53.32
D,DISPATCH,UNIT_SCADA,1,"2022/10/20 12:25:00",LILYSF1,21.757950
D,DISPATCH,UNIT_SCADA,1,"2022/10/20 12:25:00",LIMOSF11,96.847340
D,DISPATCH,UNIT_SCADA,1,"2022/10/20 12:25:00",LIMOSF21,7.594380
D,DISPATCH,UNIT_SCADA,1,"2022/10/20 12:25:00",LI_WY_CA,54.598430
D,DISPATCH,UNIT_SCADA,1,"2022/10/20 12:25:00",LKBONNY1,0
D,DISPATCH,UNIT_SCADA,1,"2022/10/20 12:25:00",LKBONNY2,0
D,DISPATCH,UNIT_SCADA,1,"2022/10/20 12:25:00",LKBONNY3,0
D,DISPATCH,UNIT_SCADA,1,"2022/10/20 12:25:00",LK_ECHO,0
D,DISPATCH,UNIT_SCADA,1,"2022/10/20 12:25:00",LNGS1,0
D,DISPATCH,UNIT_SCADA,1,"2022/10/20 12:25:00",LNGS2,0
D,DISPATCH,UNIT_SCADA,1,"2022/10/20 12:25:00",LONSDALE,0
D,DISPATCH,UNIT_SCADA,1,"2022/10/20 12:25:00",LOYYB1,442.853150
D,DISPATCH,UNIT_SCADA,1,"2022/10/20 12:25:00",LOYYB2,449.620240
D,DISPATCH,UNIT_SCADA,1,"2022/10/20 12:25:00",LYA1,368
D,DISPATCH,UNIT_SCADA,1,"2022/10/20 12:25:00",LYA2,0
D,DISPATCH,UNIT_SCADA,1,"2022/10/20 12:25:00",LYA3,375
D,DISPATCH,UNIT_SCADA,1,"2022/10/20 12:25:00",LYA4,372
D,DISPATCH,UNIT_SCADA,1,"2022/10/20 12:25:00",MACARTH1,74.698270
D,DISPATCH,UNIT_SCADA,1,"2022/10/20 12:25:00",MACKNTSH,0
D,DISPATCH,UNIT_SCADA,1,"2022/10/20 12:25:00",MANSLR1,16.9150
D,DISPATCH,UNIT_SCADA,1,"2022/10/20 12:25:00",MAPS2PV1,0
D,DISPATCH,UNIT_SCADA,1,"2022/10/20 12:25:00",MAPS3PV1,0
D,DISPATCH,UNIT_SCADA,1,"2022/10/20 12:25:00",MARYRSF1,19.26
D,DISPATCH,UNIT_SCADA,1,"2022/10/20 12:25:00",MBPS2PV1,0
D,DISPATCH,UNIT_SCADA,1,"2022/10/20 12:25:00",MCKAY1,0.02
D,DISPATCH,UNIT_SCADA,1,"2022/10/20 12:25:00",MEADOWBK,6.116120
D,DISPATCH,UNIT_SCADA,1,"2022/10/20 12:25:00",MERCER01,28.20
D,DISPATCH,UNIT_SCADA,1,"2022/10/20 12:25:00",METZSF1,23.650150
D,DISPATCH,UNIT_SCADA,1,"2022/10/20 12:25:00",MEWF1,12.879870
D,DISPATCH,UNIT_SCADA,1,"2022/10/20 12:25:00",MIDDLSF1,10.20
D,DISPATCH,UNIT_SCADA,1,"2022/10/20 12:25:00",MINTARO,0.128180
D,DISPATCH,UNIT_SCADA,1,"2022/10/20 12:25:00",MOLNGSF1,11.790950
D,DISPATCH,UNIT_SCADA,1,"2022/10/20 12:25:00",MOORAWF1,78.95
D,DISPATCH,UNIT_SCADA,1,"2022/10/20 12:25:00",MOREESF1,9.8440
D,DISPATCH,UNIT_SCADA,1,"2022/10/20 12:25:00",MORTLK11,0
D,DISPATCH,UNIT_SCADA,1,"2022/10/20 12:25:00",MORTLK12,0
D,DISPATCH,UNIT_SCADA,1,"2022/10/20 12:25:00",MOUSF1,0
D,DISPATCH,UNIT_SCADA,1,"2022/10/20 12:25:00",MP1,0
D,DISPATCH,UNIT_SCADA,1,"2022/10/20 12:25:00",MP2,363.152530
D,DISPATCH,UNIT_SCADA,1,"2022/10/20 12:25:00",MPP_1,174.474840
D,DISPATCH,UNIT_SCADA,1,"2022/10/20 12:25:00",MPP_2,181.845080
D,DISPATCH,UNIT_SCADA,1,"2022/10/20 12:25:00",MRTLSWF1,0
D,DISPATCH,UNIT_SCADA,1,"2022/10/20 12:25:00",MSTUART1,0
D,DISPATCH,UNIT_SCADA,1,"2022/10/20 12:25:00",MSTUART2,0
D,DISPATCH,UNIT_SCADA,1,"2022/10/20 12:25:00",MSTUART3,0
D,DISPATCH,UNIT_SCADA,1,"2022/10/20 12:25:00",MTGELWF1,48.149060
D,DISPATCH,UNIT_SCADA,1,"2022/10/20 12:25:00",MTMILLAR,0.40
D,DISPATCH,UNIT_SCADA,1,"2022/10/20 12:25:00",MURRAY,0
D,DISPATCH,UNIT_SCADA,1,"2022/10/20 12:25:00",MUSSELR1,69.20
D,DISPATCH,UNIT_SCADA,1,"2022/10/20 12:25:00",MUWAWF1,58.16
D,DISPATCH,UNIT_SCADA,1,"2022/10/20 12:25:00",MUWAWF2,35.60
D,DISPATCH,UNIT_SCADA,1,"2022/10/20 12:25:00",MWPS1PV1,0.13
D,DISPATCH,UNIT_SCADA,1,"2022/10/20 12:25:00",MWPS2PV1,0
D,DISPATCH,UNIT_SCADA,1,"2022/10/20 12:25:00",MWPS3PV1,0
D,DISPATCH,UNIT_SCADA,1,"2022/10/20 12:25:00",MWPS4PV1,0.01
D,DISPATCH,UNIT_SCADA,1,"2022/10/20 12:25:00",NBHWF1,0
D,DISPATCH,UNIT_SCADA,1,"2022/10/20 12:25:00",NEVERSF1,97.56
D,DISPATCH,UNIT_SCADA,1,"2022/10/20 12:25:00",NPS,0
D,DISPATCH,UNIT_SCADA,1,"2022/10/20 12:25:00",NUMURSF1,18.24
D,DISPATCH,UNIT_SCADA,1,"2022/10/20 12:25:00",NYNGAN1,39
D,DISPATCH,UNIT_SCADA,1,"2022/10/20 12:25:00",OAKEY1,0
D,DISPATCH,UNIT_SCADA,1,"2022/10/20 12:25:00",OAKEY1SF,24.4940
D,DISPATCH,UNIT_SCADA,1,"2022/10/20 12:25:00",OAKEY2,0
D,DISPATCH,UNIT_SCADA,1,"2022/10/20 12:25:00",OAKEY2SF,39.68
D,DISPATCH,UNIT_SCADA,1,"2022/10/20 12:25:00",OAKLAND1,4.40
D,DISPATCH,UNIT_SCADA,1,"2022/10/20 12:25:00",OSB-AG,0
D,DISPATCH,UNIT_SCADA,1,"2022/10/20 12:25:00",PAREPS1,0.0660
D,DISPATCH,UNIT_SCADA,1,"2022/10/20 12:25:00",PAREPW1,75.56
D,DISPATCH,UNIT_SCADA,1,"2022/10/20 12:25:00",PARSF1,6.599530
D,DISPATCH,UNIT_SCADA,1,"2022/10/20 12:25:00",POAT110,0
D,DISPATCH,UNIT_SCADA,1,"2022/10/20 12:25:00",POAT220,0
D,DISPATCH,UNIT_SCADA,1,"2022/10/20 12:25:00",POR01,0
D,DISPATCH,UNIT_SCADA,1,"2022/10/20 12:25:00",POR03,0
D,DISPATCH,UNIT_SCADA,1,"2022/10/20 12:25:00",PPCCGT,0
D,DISPATCH,UNIT_SCADA,1,"2022/10/20 12:25:00",PTSTAN1,0
D,DISPATCH,UNIT_SCADA,1,"2022/10/20 12:25:00",PUMP1,0
D,DISPATCH,UNIT_SCADA,1,"2022/10/20 12:25:00",PUMP2,0
D,DISPATCH,UNIT_SCADA,1,"2022/10/20 12:25:00",QBYNBG1,0.746490
D,DISPATCH,UNIT_SCADA,1,"2022/10/20 12:25:00",QBYNBL1,0
D,DISPATCH,UNIT_SCADA,1,"2022/10/20 12:25:00",QPS1,0
D,DISPATCH,UNIT_SCADA,1,"2022/10/20 12:25:00",QPS2,0
D,DISPATCH,UNIT_SCADA,1,"2022/10/20 12:25:00",QPS3,0
D,DISPATCH,UNIT_SCADA,1,"2022/10/20 12:25:00",QPS4,0
D,DISPATCH,UNIT_SCADA,1,"2022/10/20 12:25:00",QPS5,75.33
D,DISPATCH,UNIT_SCADA,1,"2022/10/20 12:25:00",REECE1,0
D,DISPATCH,UNIT_SCADA,1,"2022/10/20 12:25:00",REECE2,0
D,DISPATCH,UNIT_SCADA,1,"2022/10/20 12:25:00",ROMA_7,0
D,DISPATCH,UNIT_SCADA,1,"2022/10/20 12:25:00",ROMA_8,0
D,DISPATCH,UNIT_SCADA,1,"2022/10/20 12:25:00",RRSF1,68.477190
D,DISPATCH,UNIT_SCADA,1,"2022/10/20 12:25:00",RT_NSW1,0
D,DISPATCH,UNIT_SCADA,1,"2022/10/20 12:25:00",RT_NSW2,0
D,DISPATCH,UNIT_SCADA,1,"2022/10/20 12:25:00",RT_NSW3,0
D,DISPATCH,UNIT_SCADA,1,"2022/10/20 12:25:00",RT_NSW4,0
D,DISPATCH,UNIT_SCADA,1,"2022/10/20 12:25:00",RT_NSW5,0
D,DISPATCH,UNIT_SCADA,1,"2022/10/20 12:25:00",RT_NSW6,0
D,DISPATCH,UNIT_SCADA,1,"2022/10/20 12:25:00",RT_QLD1,0
D,DISPATCH,UNIT_SCADA,1,"2022/10/20 12:25:00",RT_SA1,0
D,DISPATCH,UNIT_SCADA,1,"2022/10/20 12:25:00",RT_SA2,0
D,DISPATCH,UNIT_SCADA,1,"2022/10/20 12:25:00",RT_SA3,0
D,DISPATCH,UNIT_SCADA,1,"2022/10/20 12:25:00",RT_SA4,0
D,DISPATCH,UNIT_SCADA,1,"2022/10/20 12:25:00",RT_SA5,0
D,DISPATCH,UNIT_SCADA,1,"2022/10/20 12:25:00",RT_SA6,0
D,DISPATCH,UNIT_SCADA,1,"2022/10/20 12:25:00",RT_TAS1,0
D,DISPATCH,UNIT_SCADA,1,"2022/10/20 12:25:00",RT_VIC1,0
D,DISPATCH,UNIT_SCADA,1,"2022/10/20 12:25:00",RT_VIC10,0
D,DISPATCH,UNIT_SCADA,1,"2022/10/20 12:25:00",RT_VIC11,0
D,DISPATCH,UNIT_SCADA,1,"2022/10/20 12:25:00",RT_VIC12,0
D,DISPATCH,UNIT_SCADA,1,"2022/10/20 12:25:00",RT_VIC2,0
D,DISPATCH,UNIT_SCADA,1,"2022/10/20 12:25:00",RT_VIC3,0
D,DISPATCH,UNIT_SCADA,1,"2022/10/20 12:25:00",RT_VIC4,0
D,DISPATCH,UNIT_SCADA,1,"2022/10/20 12:25:00",RT_VIC5,0
D,DISPATCH,UNIT_SCADA,1,"2022/10/20 12:25:00",RT_VIC6,0
D,DISPATCH,UNIT_SCADA,1,"2022/10/20 12:25:00",RT_VIC7,0
D,DISPATCH,UNIT_SCADA,1,"2022/10/20 12:25:00",RT_VIC8,0
D,DISPATCH,UNIT_SCADA,1,"2022/10/20 12:25:00",RT_VIC9,0
D,DISPATCH,UNIT_SCADA,1,"2022/10/20 12:25:00",RUGBYR1,61.749250
D,DISPATCH,UNIT_SCADA,1,"2022/10/20 12:25:00",SALTCRK1,19.15
D,DISPATCH,UNIT_SCADA,1,"2022/10/20 12:25:00",SAPHWF1,12.483410
D,DISPATCH,UNIT_SCADA,1,"2022/10/20 12:25:00",SEBSF1,15.867950
D,DISPATCH,UNIT_SCADA,1,"2022/10/20 12:25:00",SHGEN,0
D,DISPATCH,UNIT_SCADA,1,"2022/10/20 12:25:00",SHPUMP,0
D,DISPATCH,UNIT_SCADA,1,"2022/10/20 12:25:00",SITHE01,0.083520
D,DISPATCH,UNIT_SCADA,1,"2022/10/20 12:25:00",SMCSF1,63.1310
D,DISPATCH,UNIT_SCADA,1,"2022/10/20 12:25:00",SNAPPER1,0
D,DISPATCH,UNIT_SCADA,1,"2022/10/20 12:25:00",SNOWNTH1,60.20
D,DISPATCH,UNIT_SCADA,1,"2022/10/20 12:25:00",SNOWSTH1,28.70
D,DISPATCH,UNIT_SCADA,1,"2022/10/20 12:25:00",SNOWTWN1,7.644940
D,DISPATCH,UNIT_SCADA,1,"2022/10/20 12:25:00",SNOWYP,0
D,DISPATCH,UNIT_SCADA,1,"2022/10/20 12:25:00",SNUG1,0
D,DISPATCH,UNIT_SCADA,1,"2022/10/20 12:25:00",SRSF1,10.42
D,DISPATCH,UNIT_SCADA,1,"2022/10/20 12:25:00",STAN-1,280.543180
D,DISPATCH,UNIT_SCADA,1,"2022/10/20 12:25:00",STAN-2,359.077850
D,DISPATCH,UNIT_SCADA,1,"2022/10/20 12:25:00",STAN-3,158.402370
D,DISPATCH,UNIT_SCADA,1,"2022/10/20 12:25:00",STAN-4,362.974460
D,DISPATCH,UNIT_SCADA,1,"2022/10/20 12:25:00",STARHLWF,0.01
D,DISPATCH,UNIT_SCADA,1,"2022/10/20 12:25:00",STOCKYD1,71.06
D,DISPATCH,UNIT_SCADA,1,"2022/10/20 12:25:00",STWF1,0
D,DISPATCH,UNIT_SCADA,1,"2022/10/20 12:25:00",SUNRSF1,104.010070
D,DISPATCH,UNIT_SCADA,1,"2022/10/20 12:25:00",SUNTPSF1,97.264060
D,DISPATCH,UNIT_SCADA,1,"2022/10/20 12:25:00",SWAN_E,217.137510
D,DISPATCH,UNIT_SCADA,1,"2022/10/20 12:25:00",TALWA1,0
D,DISPATCH,UNIT_SCADA,1,"2022/10/20 12:25:00",TARALGA1,0
D,DISPATCH,UNIT_SCADA,1,"2022/10/20 12:25:00",TARONG#1,344.50
D,DISPATCH,UNIT_SCADA,1,"2022/10/20 12:25:00",TARONG#2,346
D,DISPATCH,UNIT_SCADA,1,"2022/10/20 12:25:00",TARONG#3,0.90
D,DISPATCH,UNIT_SCADA,1,"2022/10/20 12:25:00",TARONG#4,281.700010
D,DISPATCH,UNIT_SCADA,1,"2022/10/20 12:25:00",TARRALEA,54
D,DISPATCH,UNIT_SCADA,1,"2022/10/20 12:25:00",TBSF1,0.10
D,DISPATCH,UNIT_SCADA,1,"2022/10/20 12:25:00",TNPS1,340.75
D,DISPATCH,UNIT_SCADA,1,"2022/10/20 12:25:00",TORRB1,0
D,DISPATCH,UNIT_SCADA,1,"2022/10/20 12:25:00",TORRB2,41
D,DISPATCH,UNIT_SCADA,1,"2022/10/20 12:25:00",TORRB3,0
D,DISPATCH,UNIT_SCADA,1,"2022/10/20 12:25:00",TORRB4,0
D,DISPATCH,UNIT_SCADA,1,"2022/10/20 12:25:00",TREVALLN,98.977780
D,DISPATCH,UNIT_SCADA,1,"2022/10/20 12:25:00",TRIBUTE,0
D,DISPATCH,UNIT_SCADA,1,"2022/10/20 12:25:00",TUMUT3,0
D,DISPATCH,UNIT_SCADA,1,"2022/10/20 12:25:00",TUNGATIN,6.730020
D,DISPATCH,UNIT_SCADA,1,"2022/10/20 12:25:00",TVCC201,0
D,DISPATCH,UNIT_SCADA,1,"2022/10/20 12:25:00",TVPP104,0
D,DISPATCH,UNIT_SCADA,1,"2022/10/20 12:25:00",UPPTUMUT,117.690410
D,DISPATCH,UNIT_SCADA,1,"2022/10/20 12:25:00",URANQ11,0
D,DISPATCH,UNIT_SCADA,1,"2022/10/20 12:25:00",URANQ12,0
D,DISPATCH,UNIT_SCADA,1,"2022/10/20 12:25:00",URANQ13,0
D,DISPATCH,UNIT_SCADA,1,"2022/10/20 12:25:00",URANQ14,0
D,DISPATCH,UNIT_SCADA,1,"2022/10/20 12:25:00",VBBG1,0
D,DISPATCH,UNIT_SCADA,1,"2022/10/20 12:25:00",VBBL1,92
D,DISPATCH,UNIT_SCADA,1,"2022/10/20 12:25:00",VP5,547.453250
D,DISPATCH,UNIT_SCADA,1,"2022/10/20 12:25:00",VP6,548.551880
D,DISPATCH,UNIT_SCADA,1,"2022/10/20 12:25:00",VPGS1,0
D,DISPATCH,UNIT_SCADA,1,"2022/10/20 12:25:00",VPGS2,0
D,DISPATCH,UNIT_SCADA,1,"2022/10/20 12:25:00",VPGS3,0
D,DISPATCH,UNIT_SCADA,1,"2022/10/20 12:25:00",VPGS4,0
D,DISPATCH,UNIT_SCADA,1,"2022/10/20 12:25:00",VPGS5,0
D,DISPATCH,UNIT_SCADA,1,"2022/10/20 12:25:00",VPGS6,0
D,DISPATCH,UNIT_SCADA,1,"2022/10/20 12:25:00",W/HOE#1,0
D,DISPATCH,UNIT_SCADA,1,"2022/10/20 12:25:00",W/HOE#2,0
D,DISPATCH,UNIT_SCADA,1,"2022/10/20 12:25:00",WAGGNSF1,0
D,DISPATCH,UNIT_SCADA,1,"2022/10/20 12:25:00",WALGRVG1,0.000930
D,DISPATCH,UNIT_SCADA,1,"2022/10/20 12:25:00",WALGRVL1,0
D,DISPATCH,UNIT_SCADA,1,"2022/10/20 12:25:00",WANDBG1,0
D,DISPATCH,UNIT_SCADA,1,"2022/10/20 12:25:00",WANDBL1,0
D,DISPATCH,UNIT_SCADA,1,"2022/10/20 12:25:00",WARWSF1,12.12
D,DISPATCH,UNIT_SCADA,1,"2022/10/20 12:25:00",WARWSF2,10.87
D,DISPATCH,UNIT_SCADA,1,"2022/10/20 12:25:00",WATERLWF,32.20
D,DISPATCH,UNIT_SCADA,1,"2022/10/20 12:25:00",WDGPH1,50.7880
D,DISPATCH,UNIT_SCADA,1,"2022/10/20 12:25:00",WELLSF1,96.385140
D,DISPATCH,UNIT_SCADA,1,"2022/10/20 12:25:00",WEMENSF1,26.80
D,DISPATCH,UNIT_SCADA,1,"2022/10/20 12:25:00",WGWF1,36.40
D,DISPATCH,UNIT_SCADA,1,"2022/10/20 12:25:00",WHITSF1,3.80
D,DISPATCH,UNIT_SCADA,1,"2022/10/20 12:25:00",WINTSF1,83.54
D,DISPATCH,UNIT_SCADA,1,"2022/10/20 12:25:00",WKIEWA1,31.80
D,DISPATCH,UNIT_SCADA,1,"2022/10/20 12:25:00",WKIEWA2,14
D,DISPATCH,UNIT_SCADA,1,"2022/10/20 12:25:00",WOODLWN1,18.048610
D,DISPATCH,UNIT_SCADA,1,"2022/10/20 12:25:00",WOOLGSF1,14.201340
D,DISPATCH,UNIT_SCADA,1,"2022/10/20 12:25:00",WPWF,0
D,DISPATCH,UNIT_SCADA,1,"2022/10/20 12:25:00",WRSF1,1.219520
D,DISPATCH,UNIT_SCADA,1,"2022/10/20 12:25:00",WRWF1,0
D,DISPATCH,UNIT_SCADA,1,"2022/10/20 12:25:00",WSTWYSF1,0.121570
D,DISPATCH,UNIT_SCADA,1,"2022/10/20 12:25:00",YABULU,0
D,DISPATCH,UNIT_SCADA,1,"2022/10/20 12:25:00",YABULU2,0
D,DISPATCH,UNIT_SCADA,1,"2022/10/20 12:25:00",YARANSF1,72.95
D,DISPATCH,UNIT_SCADA,1,"2022/10/20 12:25:00",YARWUN_1,161.42
D,DISPATCH,UNIT_SCADA,1,"2022/10/20 12:25:00",YATSF1,25.33
D,DISPATCH,UNIT_SCADA,1,"2022/10/20 12:25:00",YENDWF1,50.90
D,DISPATCH,UNIT_SCADA,1,"2022/10/20 12:25:00",YWPS1,248.617720
D,DISPATCH,UNIT_SCADA,1,"2022/10/20 12:25:00",YWPS2,249.118990
D,DISPATCH,UNIT_SCADA,1,"2022/10/20 12:25:00",YWPS3,279.503780
D,DISPATCH,UNIT_SCADA,1,"2022/10/20 12:25:00",YWPS4,0
C,"END OF REPORT",419
