C,NEMP.WORLD,DISPATCHSCADA,AEMO,PUBLIC,2022/10/20,14:05:09,0000000373259601,DISPATCHSCADA,0000000373259595
I,DISPATCH,UNIT_SCADA,1,SETTLEMENTDATE,DUID,SCADAVALUE
D,DISPATCH,UNIT_SCADA,1,"2022/10/20 14:10:00",BARCSF1,11.10
D,DISPATCH,UNIT_SCADA,1,"2022/10/20 14:10:00",BUTLERSG,8.699999
D,DISPATCH,UNIT_SCADA,1,"2022/10/20 14:10:00",CAPTL_WF,52.164860
D,DISPATCH,UNIT_SCADA,1,"2022/10/20 14:10:00",CHALLHWF,9.40
D,DISPATCH,UNIT_SCADA,1,"2022/10/20 14:10:00",CLOVER,10.41
D,DISPATCH,UNIT_SCADA,1,"2022/10/20 14:10:00",CLUNY,6.033875
D,DISPATCH,UNIT_SCADA,1,"2022/10/20 14:10:00",CULLRGWF,-0.03
D,DISPATCH,UNIT_SCADA,1,"2022/10/20 14:10:00",DIAPURWF1,5
D,DISPATCH,UNIT_SCADA,1,"2022/10/20 14:10:00",ERGT01,0
D,DISPATCH,UNIT_SCADA,1,"2022/10/20 14:10:00",GB01,0
D,DISPATCH,UNIT_SCADA,1,"2022/10/20 14:10:00",GERMCRK,21.799999
D,DISPATCH,UNIT_SCADA,1,"2022/10/20 14:10:00",GRIFSF1,5.900664
D,DISPATCH,UNIT_SCADA,1,"2022/10/20 14:10:00",HEZ1,0
D,DISPATCH,UNIT_SCADA,1,"2022/10/20 14:10:00",HUGSF1,5.1920
D,DISPATCH,UNIT_SCADA,1,"2022/10/20 14:10:00",KEPBG1,0
D,DISPATCH,UNIT_SCADA,1,"2022/10/20 14:10:00",LRSF1,3.1150
D,DISPATCH,UNIT_SCADA,1,"2022/10/20 14:10:00",MBAHNTH,43.162506
D,DISPATCH,UNIT_SCADA,1,"2022/10/20 14:10:00",MLSP1,4.264001
D,DISPATCH,UNIT_SCADA,1,"2022/10/20 14:10:00",MLWF1,3.42
D,DISPATCH,UNIT_SCADA,1,"2022/10/20 14:10:00",PALOONA,30.049999
D,DISPATCH,UNIT_SCADA,1,"2022/10/20 14:10:00",PIONEER,38.299999
D,DISPATCH,UNIT_SCADA,1,"2022/10/20 14:10:00",PORTWF,78.099998
D,DISPATCH,UNIT_SCADA,1,"2022/10/20 14:10:00",REPULSE,9.518578
D,DISPATCH,UNIT_SCADA,1,"2022/10/20 14:10:00",ROWALLAN,8.8253
D,DISPATCH,UNIT_SCADA,1,"2022/10/20 14:10:00",ROYALLA1,6.179003
D,DISPATCH,UNIT_SCADA,1,"2022/10/20 14:10:00",RPCG,-1.80
D,DISPATCH,UNIT_SCADA,1,"2022/10/20 14:10:00",RUBICON,0
D,DISPATCH,UNIT_SCADA,1,"2022/10/20 14:10:00",WAUBRAWF,63.50
D,DISPATCH,UNIT_SCADA,1,"2022/10/20 14:10:00",WOOLNTH1,95.779999
D,DISPATCH,UNIT_SCADA,1,"2022/10/20 14:10:00",YAMBUKWF,8.40
D,DISPATCH,UNIT_SCADA,1,"2022/10/20 14:10:00",YSWF1,2.90
D,DISPATCH,UNIT_SCADA,1,"2022/10/20 14:10:00",ADPBA1G,0.0080
D,DISPATCH,UNIT_SCADA,1,"2022/10/20 14:10:00",ADPBA1L,0
D,DISPATCH,UNIT_SCADA,1,"2022/10/20 14:10:00",ADPPV1,5.5650
D,DISPATCH,UNIT_SCADA,1,"2022/10/20 14:10:00",AGLHAL,0
D,DISPATCH,UNIT_SCADA,1,"2022/10/20 14:10:00",AGLSOM,0
D,DISPATCH,UNIT_SCADA,1,"2022/10/20 14:10:00",ANGAST1,0
D,DISPATCH,UNIT_SCADA,1,"2022/10/20 14:10:00",ARWF1,0.70
D,DISPATCH,UNIT_SCADA,1,"2022/10/20 14:10:00",BALBG1,0
D,DISPATCH,UNIT_SCADA,1,"2022/10/20 14:10:00",BALBL1,0
D,DISPATCH,UNIT_SCADA,1,"2022/10/20 14:10:00",BALDHWF1,72.8790
D,DISPATCH,UNIT_SCADA,1,"2022/10/20 14:10:00",BANGOWF1,19.397270
D,DISPATCH,UNIT_SCADA,1,"2022/10/20 14:10:00",BANGOWF2,0
D,DISPATCH,UNIT_SCADA,1,"2022/10/20 14:10:00",BANN1,39.54
D,DISPATCH,UNIT_SCADA,1,"2022/10/20 14:10:00",BARCALDN,0
D,DISPATCH,UNIT_SCADA,1,"2022/10/20 14:10:00",BARKIPS1,0
D,DISPATCH,UNIT_SCADA,1,"2022/10/20 14:10:00",BARRON-1,0
D,DISPATCH,UNIT_SCADA,1,"2022/10/20 14:10:00",BARRON-2,0
D,DISPATCH,UNIT_SCADA,1,"2022/10/20 14:10:00",BASTYAN,50.77
D,DISPATCH,UNIT_SCADA,1,"2022/10/20 14:10:00",BBTHREE1,0
D,DISPATCH,UNIT_SCADA,1,"2022/10/20 14:10:00",BBTHREE2,21.47
D,DISPATCH,UNIT_SCADA,1,"2022/10/20 14:10:00",BBTHREE3,0
D,DISPATCH,UNIT_SCADA,1,"2022/10/20 14:10:00",BDL01,0
D,DISPATCH,UNIT_SCADA,1,"2022/10/20 14:10:00",BDL02,0
D,DISPATCH,UNIT_SCADA,1,"2022/10/20 14:10:00",BERYLSF1,0.322590
D,DISPATCH,UNIT_SCADA,1,"2022/10/20 14:10:00",BLOWERNG,62.60
D,DISPATCH,UNIT_SCADA,1,"2022/10/20 14:10:00",BLUEGSF1,48.2263
D,DISPATCH,UNIT_SCADA,1,"2022/10/20 14:10:00",BLUFF1,0.40
D,DISPATCH,UNIT_SCADA,1,"2022/10/20 14:10:00",BNGSF1,24.60
D,DISPATCH,UNIT_SCADA,1,"2022/10/20 14:10:00",BNGSF2,22.26
D,DISPATCH,UNIT_SCADA,1,"2022/10/20 14:10:00",BOCORWF1,38.84
D,DISPATCH,UNIT_SCADA,1,"2022/10/20 14:10:00",BODWF1,76.202030
D,DISPATCH,UNIT_SCADA,1,"2022/10/20 14:10:00",BOMENSF1,48.591440
D,DISPATCH,UNIT_SCADA,1,"2022/10/20 14:10:00",BOWWBA1G,0
D,DISPATCH,UNIT_SCADA,1,"2022/10/20 14:10:00",BOWWBA1L,0.0010
D,DISPATCH,UNIT_SCADA,1,"2022/10/20 14:10:00",BOWWPV1,0
D,DISPATCH,UNIT_SCADA,1,"2022/10/20 14:10:00",BRAEMAR1,0
D,DISPATCH,UNIT_SCADA,1,"2022/10/20 14:10:00",BRAEMAR2,0
D,DISPATCH,UNIT_SCADA,1,"2022/10/20 14:10:00",BRAEMAR3,0
D,DISPATCH,UNIT_SCADA,1,"2022/10/20 14:10:00",BRAEMAR5,0.292060
D,DISPATCH,UNIT_SCADA,1,"2022/10/20 14:10:00",BRAEMAR6,0
D,DISPATCH,UNIT_SCADA,1,"2022/10/20 14:10:00",BRAEMAR7,0.130920
D,DISPATCH,UNIT_SCADA,1,"2022/10/20 14:10:00",BROKENH1,37.599430
D,DISPATCH,UNIT_SCADA,1,"2022/10/20 14:10:00",BRYB1WF1,85.758760
D,DISPATCH,UNIT_SCADA,1,"2022/10/20 14:10:00",BULBESG1,0
D,DISPATCH,UNIT_SCADA,1,"2022/10/20 14:10:00",BULBESL1,2.01
D,DISPATCH,UNIT_SCADA,1,"2022/10/20 14:10:00",BULGANA1,8.40
D,DISPATCH,UNIT_SCADA,1,"2022/10/20 14:10:00",BW01,658.9090
D,DISPATCH,UNIT_SCADA,1,"2022/10/20 14:10:00",BW02,618.014830
D,DISPATCH,UNIT_SCADA,1,"2022/10/20 14:10:00",BW03,525.923520
D,DISPATCH,UNIT_SCADA,1,"2022/10/20 14:10:00",BW04,0
D,DISPATCH,UNIT_SCADA,1,"2022/10/20 14:10:00",CALL_B_1,319.100010
D,DISPATCH,UNIT_SCADA,1,"2022/10/20 14:10:00",CALL_B_2,319.100010
D,DISPATCH,UNIT_SCADA,1,"2022/10/20 14:10:00",CATHROCK,8.10
D,DISPATCH,UNIT_SCADA,1,"2022/10/20 14:10:00",CBWWBA1G,0
D,DISPATCH,UNIT_SCADA,1,"2022/10/20 14:10:00",CBWWBA1L,0
D,DISPATCH,UNIT_SCADA,1,"2022/10/20 14:10:00",CETHANA,79.922620
D,DISPATCH,UNIT_SCADA,1,"2022/10/20 14:10:00",CG1,0
D,DISPATCH,UNIT_SCADA,1,"2022/10/20 14:10:00",CG2,0
D,DISPATCH,UNIT_SCADA,1,"2022/10/20 14:10:00",CG3,0
D,DISPATCH,UNIT_SCADA,1,"2022/10/20 14:10:00",CG4,0
D,DISPATCH,UNIT_SCADA,1,"2022/10/20 14:10:00",CHILDSF1,12.07
D,DISPATCH,UNIT_SCADA,1,"2022/10/20 14:10:00",CHYTWF1,6.92
D,DISPATCH,UNIT_SCADA,1,"2022/10/20 14:10:00",CLARESF1,97.251330
D,DISPATCH,UNIT_SCADA,1,"2022/10/20 14:10:00",CLEMGPWF,12.606120
D,DISPATCH,UNIT_SCADA,1,"2022/10/20 14:10:00",CLERMSF1,57.88
D,DISPATCH,UNIT_SCADA,1,"2022/10/20 14:10:00",CNUNDAWF,9.410980
D,DISPATCH,UNIT_SCADA,1,"2022/10/20 14:10:00",COHUNSF1,5.52
D,DISPATCH,UNIT_SCADA,1,"2022/10/20 14:10:00",COLEASF1,32.502860
D,DISPATCH,UNIT_SCADA,1,"2022/10/20 14:10:00",COLUMSF1,21.8870
D,DISPATCH,UNIT_SCADA,1,"2022/10/20 14:10:00",COLWF01,95.211720
D,DISPATCH,UNIT_SCADA,1,"2022/10/20 14:10:00",COOPGWF1,54.98
D,DISPATCH,UNIT_SCADA,1,"2022/10/20 14:10:00",CPP_3,369.050020
D,DISPATCH,UNIT_SCADA,1,"2022/10/20 14:10:00",CPP_4,0
D,DISPATCH,UNIT_SCADA,1,"2022/10/20 14:10:00",CPSA,0
D,DISPATCH,UNIT_SCADA,1,"2022/10/20 14:10:00",CROOKWF2,39.614250
D,DISPATCH,UNIT_SCADA,1,"2022/10/20 14:10:00",CROWLWF1,0
D,DISPATCH,UNIT_SCADA,1,"2022/10/20 14:10:00",CRURWF1,35.398720
D,DISPATCH,UNIT_SCADA,1,"2022/10/20 14:10:00",CRWASF1,12.581890
D,DISPATCH,UNIT_SCADA,1,"2022/10/20 14:10:00",CSPVPS1,17.3530
D,DISPATCH,UNIT_SCADA,1,"2022/10/20 14:10:00",CTHLWF1,0.003050
D,DISPATCH,UNIT_SCADA,1,"2022/10/20 14:10:00",DALNTH01,0
D,DISPATCH,UNIT_SCADA,1,"2022/10/20 14:10:00",DALNTHL1,0.065610
D,DISPATCH,UNIT_SCADA,1,"2022/10/20 14:10:00",DARLSF1,76.930190
D,DISPATCH,UNIT_SCADA,1,"2022/10/20 14:10:00",DARTM1,0
D,DISPATCH,UNIT_SCADA,1,"2022/10/20 14:10:00",DAYDSF1,44.76
D,DISPATCH,UNIT_SCADA,1,"2022/10/20 14:10:00",DDPS1,0
D,DISPATCH,UNIT_SCADA,1,"2022/10/20 14:10:00",DDSF1,23.687170
D,DISPATCH,UNIT_SCADA,1,"2022/10/20 14:10:00",DEVILS_G,57.809380
D,DISPATCH,UNIT_SCADA,1,"2022/10/20 14:10:00",DG_NSW1,0
D,DISPATCH,UNIT_SCADA,1,"2022/10/20 14:10:00",DG_QLD1,0
D,DISPATCH,UNIT_SCADA,1,"2022/10/20 14:10:00",DG_SA1,0
D,DISPATCH,UNIT_SCADA,1,"2022/10/20 14:10:00",DG_TAS1,0
D,DISPATCH,UNIT_SCADA,1,"2022/10/20 14:10:00",DG_VIC1,0
D,DISPATCH,UNIT_SCADA,1,"2022/10/20 14:10:00",DRYCGT1,0
D,DISPATCH,UNIT_SCADA,1,"2022/10/20 14:10:00",DRYCGT2,0
D,DISPATCH,UNIT_SCADA,1,"2022/10/20 14:10:00",DRYCGT3,0
D,DISPATCH,UNIT_SCADA,1,"2022/10/20 14:10:00",DUNDWF1,52.82
D,DISPATCH,UNIT_SCADA,1,"2022/10/20 14:10:00",DUNDWF2,18.13
D,DISPATCH,UNIT_SCADA,1,"2022/10/20 14:10:00",DUNDWF3,50.62
D,DISPATCH,UNIT_SCADA,1,"2022/10/20 14:10:00",EILDON1,60.20
D,DISPATCH,UNIT_SCADA,1,"2022/10/20 14:10:00",EILDON2,60.08
D,DISPATCH,UNIT_SCADA,1,"2022/10/20 14:10:00",ELAINWF1,23.18
D,DISPATCH,UNIT_SCADA,1,"2022/10/20 14:10:00",EMERASF1,0
D,DISPATCH,UNIT_SCADA,1,"2022/10/20 14:10:00",ER01,0
D,DISPATCH,UNIT_SCADA,1,"2022/10/20 14:10:00",ER02,435.199520
D,DISPATCH,UNIT_SCADA,1,"2022/10/20 14:10:00",ER03,457.245760
D,DISPATCH,UNIT_SCADA,1,"2022/10/20 14:10:00",ER04,456.269170
D,DISPATCH,UNIT_SCADA,1,"2022/10/20 14:10:00",FINLYSF1,125.804530
D,DISPATCH,UNIT_SCADA,1,"2022/10/20 14:10:00",FISHER,43.85
D,DISPATCH,UNIT_SCADA,1,"2022/10/20 14:10:00",GANGARR1,43.8240
D,DISPATCH,UNIT_SCADA,1,"2022/10/20 14:10:00",GANNBG1,0
D,DISPATCH,UNIT_SCADA,1,"2022/10/20 14:10:00",GANNBL1,4.104440
D,DISPATCH,UNIT_SCADA,1,"2022/10/20 14:10:00",GANNSF1,37.30
D,DISPATCH,UNIT_SCADA,1,"2022/10/20 14:10:00",GLRWNSF1,79.12
D,DISPATCH,UNIT_SCADA,1,"2022/10/20 14:10:00",GNNDHSF1,38.710230
D,DISPATCH,UNIT_SCADA,1,"2022/10/20 14:10:00",GOONSF1,48.610360
D,DISPATCH,UNIT_SCADA,1,"2022/10/20 14:10:00",GORDON,205.366580
D,DISPATCH,UNIT_SCADA,1,"2022/10/20 14:10:00",GRANWF1,0
D,DISPATCH,UNIT_SCADA,1,"2022/10/20 14:10:00",GSTONE1,200.3750
D,DISPATCH,UNIT_SCADA,1,"2022/10/20 14:10:00",GSTONE2,0
D,DISPATCH,UNIT_SCADA,1,"2022/10/20 14:10:00",GSTONE3,200.724990
D,DISPATCH,UNIT_SCADA,1,"2022/10/20 14:10:00",GSTONE4,0
D,DISPATCH,UNIT_SCADA,1,"2022/10/20 14:10:00",GSTONE5,184.974990
D,DISPATCH,UNIT_SCADA,1,"2022/10/20 14:10:00",GSTONE6,199.849990
D,DISPATCH,UNIT_SCADA,1,"2022/10/20 14:10:00",GULLRSF1,0.984980
D,DISPATCH,UNIT_SCADA,1,"2022/10/20 14:10:00",GULLRWF1,56.814140
D,DISPATCH,UNIT_SCADA,1,"2022/10/20 14:10:00",GULLRWF2,70.072850
D,DISPATCH,UNIT_SCADA,1,"2022/10/20 14:10:00",GUNNING1,0
D,DISPATCH,UNIT_SCADA,1,"2022/10/20 14:10:00",GUTHEGA,62.10
D,DISPATCH,UNIT_SCADA,1,"2022/10/20 14:10:00",HALLWF1,0
D,DISPATCH,UNIT_SCADA,1,"2022/10/20 14:10:00",HALLWF2,2.60
D,DISPATCH,UNIT_SCADA,1,"2022/10/20 14:10:00",HAMISF1,17.10
D,DISPATCH,UNIT_SCADA,1,"2022/10/20 14:10:00",HAUGHT11,99.407370
D,DISPATCH,UNIT_SCADA,1,"2022/10/20 14:10:00",HAYMSF1,14.7170
D,DISPATCH,UNIT_SCADA,1,"2022/10/20 14:10:00",HDWF1,6.30
D,DISPATCH,UNIT_SCADA,1,"2022/10/20 14:10:00",HDWF2,5.60
D,DISPATCH,UNIT_SCADA,1,"2022/10/20 14:10:00",HDWF3,7.10
D,DISPATCH,UNIT_SCADA,1,"2022/10/20 14:10:00",HILLSTN1,69.664760
D,DISPATCH,UNIT_SCADA,1,"2022/10/20 14:10:00",HPRG1,0
D,DISPATCH,UNIT_SCADA,1,"2022/10/20 14:10:00",HPRL1,0.80
D,DISPATCH,UNIT_SCADA,1,"2022/10/20 14:10:00",HUMENSW,55.0474
D,DISPATCH,UNIT_SCADA,1,"2022/10/20 14:10:00",HUMEV,0
D,DISPATCH,UNIT_SCADA,1,"2022/10/20 14:10:00",HVWWBA1G,0
D,DISPATCH,UNIT_SCADA,1,"2022/10/20 14:10:00",HVWWBA1L,0.0070
D,DISPATCH,UNIT_SCADA,1,"2022/10/20 14:10:00",HVWWPV1,3.9870
D,DISPATCH,UNIT_SCADA,1,"2022/10/20 14:10:00",JBUTTERS,0
D,DISPATCH,UNIT_SCADA,1,"2022/10/20 14:10:00",JEMALNG1,21.82
D,DISPATCH,UNIT_SCADA,1,"2022/10/20 14:10:00",JLA01,0
D,DISPATCH,UNIT_SCADA,1,"2022/10/20 14:10:00",JLA02,0
D,DISPATCH,UNIT_SCADA,1,"2022/10/20 14:10:00",JLA03,0
D,DISPATCH,UNIT_SCADA,1,"2022/10/20 14:10:00",JLA04,0
D,DISPATCH,UNIT_SCADA,1,"2022/10/20 14:10:00",JLB01,0
D,DISPATCH,UNIT_SCADA,1,"2022/10/20 14:10:00",JLB02,0.10
D,DISPATCH,UNIT_SCADA,1,"2022/10/20 14:10:00",JLB03,0
D,DISPATCH,UNIT_SCADA,1,"2022/10/20 14:10:00",JUNEESF1,10.023420
D,DISPATCH,UNIT_SCADA,1,"2022/10/20 14:10:00",KABANWF1,0.2170
D,DISPATCH,UNIT_SCADA,1,"2022/10/20 14:10:00",KAREEYA1,0
D,DISPATCH,UNIT_SCADA,1,"2022/10/20 14:10:00",KAREEYA2,0
D,DISPATCH,UNIT_SCADA,1,"2022/10/20 14:10:00",KAREEYA3,4.6450
D,DISPATCH,UNIT_SCADA,1,"2022/10/20 14:10:00",KAREEYA4,0
D,DISPATCH,UNIT_SCADA,1,"2022/10/20 14:10:00",KARSF1,11.60
D,DISPATCH,UNIT_SCADA,1,"2022/10/20 14:10:00",KEPSF1,11.98
D,DISPATCH,UNIT_SCADA,1,"2022/10/20 14:10:00",KEPWF1,5.54
D,DISPATCH,UNIT_SCADA,1,"2022/10/20 14:10:00",KIAMSF1,31.513690
D,DISPATCH,UNIT_SCADA,1,"2022/10/20 14:10:00",KIATAWF1,9.40
D,DISPATCH,UNIT_SCADA,1,"2022/10/20 14:10:00",KPP_1,0
D,DISPATCH,UNIT_SCADA,1,"2022/10/20 14:10:00",KSP1,45.59
D,DISPATCH,UNIT_SCADA,1,"2022/10/20 14:10:00",LADBROK1,0.01
D,DISPATCH,UNIT_SCADA,1,"2022/10/20 14:10:00",LADBROK2,0.02
D,DISPATCH,UNIT_SCADA,1,"2022/10/20 14:10:00",LBBG1,0
D,DISPATCH,UNIT_SCADA,1,"2022/10/20 14:10:00",LBBL1,0
D,DISPATCH,UNIT_SCADA,1,"2022/10/20 14:10:00",LD01,278.951390
D,DISPATCH,UNIT_SCADA,1,"2022/10/20 14:10:00",LD02,0
D,DISPATCH,UNIT_SCADA,1,"2022/10/20 14:10:00",LD04,277.34
D,DISPATCH,UNIT_SCADA,1,"2022/10/20 14:10:00",LEM_WIL,78.737790
D,DISPATCH,UNIT_SCADA,1,"2022/10/20 14:10:00",LGAPWF1,50.12
D,DISPATCH,UNIT_SCADA,1,"2022/10/20 14:10:00",LGAPWF2,37.18
D,DISPATCH,UNIT_SCADA,1,"2022/10/20 14:10:00",LILYSF1,84.410360
D,DISPATCH,UNIT_SCADA,1,"2022/10/20 14:10:00",LIMOSF11,77.309680
D,DISPATCH,UNIT_SCADA,1,"2022/10/20 14:10:00",LIMOSF21,12.920450
D,DISPATCH,UNIT_SCADA,1,"2022/10/20 14:10:00",LI_WY_CA,61.067790
D,DISPATCH,UNIT_SCADA,1,"2022/10/20 14:10:00",LKBONNY1,0
D,DISPATCH,UNIT_SCADA,1,"2022/10/20 14:10:00",LKBONNY2,16.745380
D,DISPATCH,UNIT_SCADA,1,"2022/10/20 14:10:00",LKBONNY3,2.902750
D,DISPATCH,UNIT_SCADA,1,"2022/10/20 14:10:00",LK_ECHO,0
D,DISPATCH,UNIT_SCADA,1,"2022/10/20 14:10:00",LNGS1,0
D,DISPATCH,UNIT_SCADA,1,"2022/10/20 14:10:00",LNGS2,0
D,DISPATCH,UNIT_SCADA,1,"2022/10/20 14:10:00",LONSDALE,0
D,DISPATCH,UNIT_SCADA,1,"2022/10/20 14:10:00",LOYYB1,438.341770
D,DISPATCH,UNIT_SCADA,1,"2022/10/20 14:10:00",LOYYB2,446.236690
D,DISPATCH,UNIT_SCADA,1,"2022/10/20 14:10:00",LYA1,386
D,DISPATCH,UNIT_SCADA,1,"2022/10/20 14:10:00",LYA2,0
D,DISPATCH,UNIT_SCADA,1,"2022/10/20 14:10:00",LYA3,387
D,DISPATCH,UNIT_SCADA,1,"2022/10/20 14:10:00",LYA4,384
D,DISPATCH,UNIT_SCADA,1,"2022/10/20 14:10:00",MACARTH1,57.498670
D,DISPATCH,UNIT_SCADA,1,"2022/10/20 14:10:00",MACKNTSH,0
D,DISPATCH,UNIT_SCADA,1,"2022/10/20 14:10:00",MANSLR1,46.0650
D,DISPATCH,UNIT_SCADA,1,"2022/10/20 14:10:00",MAPS2PV1,0
D,DISPATCH,UNIT_SCADA,1,"2022/10/20 14:10:00",MAPS3PV1,0
D,DISPATCH,UNIT_SCADA,1,"2022/10/20 14:10:00",MARYRSF1,4.67
D,DISPATCH,UNIT_SCADA,1,"2022/10/20 14:10:00",MBPS2PV1,0
D,DISPATCH,UNIT_SCADA,1,"2022/10/20 14:10:00",MCKAY1,0.02
D,DISPATCH,UNIT_SCADA,1,"2022/10/20 14:10:00",MEADOWBK,5.887480
D,DISPATCH,UNIT_SCADA,1,"2022/10/20 14:10:00",MERCER01,32
D,DISPATCH,UNIT_SCADA,1,"2022/10/20 14:10:00",METZSF1,5.419660
D,DISPATCH,UNIT_SCADA,1,"2022/10/20 14:10:00",MEWF1,9.543680
D,DISPATCH,UNIT_SCADA,1,"2022/10/20 14:10:00",MIDDLSF1,8.47
D,DISPATCH,UNIT_SCADA,1,"2022/10/20 14:10:00",MINTARO,0.128180
D,DISPATCH,UNIT_SCADA,1,"2022/10/20 14:10:00",MOLNGSF1,16.703140
D,DISPATCH,UNIT_SCADA,1,"2022/10/20 14:10:00",MOORAWF1,56.12
D,DISPATCH,UNIT_SCADA,1,"2022/10/20 14:10:00",MOREESF1,19.7720
D,DISPATCH,UNIT_SCADA,1,"2022/10/20 14:10:00",MORTLK11,0
D,DISPATCH,UNIT_SCADA,1,"2022/10/20 14:10:00",MORTLK12,0
D,DISPATCH,UNIT_SCADA,1,"2022/10/20 14:10:00",MOUSF1,0
D,DISPATCH,UNIT_SCADA,1,"2022/10/20 14:10:00",MP1,0
D,DISPATCH,UNIT_SCADA,1,"2022/10/20 14:10:00",MP2,350.652310
D,DISPATCH,UNIT_SCADA,1,"2022/10/20 14:10:00",MPP_1,168.767870
D,DISPATCH,UNIT_SCADA,1,"2022/10/20 14:10:00",MPP_2,178.777970
D,DISPATCH,UNIT_SCADA,1,"2022/10/20 14:10:00",MRTLSWF1,0
D,DISPATCH,UNIT_SCADA,1,"2022/10/20 14:10:00",MSTUART1,0
D,DISPATCH,UNIT_SCADA,1,"2022/10/20 14:10:00",MSTUART2,0
D,DISPATCH,UNIT_SCADA,1,"2022/10/20 14:10:00",MSTUART3,0
D,DISPATCH,UNIT_SCADA,1,"2022/10/20 14:10:00",MTGELWF1,39.992980
D,DISPATCH,UNIT_SCADA,1,"2022/10/20 14:10:00",MTMILLAR,1.40
D,DISPATCH,UNIT_SCADA,1,"2022/10/20 14:10:00",MURRAY,0
D,DISPATCH,UNIT_SCADA,1,"2022/10/20 14:10:00",MUSSELR1,3.20
D,DISPATCH,UNIT_SCADA,1,"2022/10/20 14:10:00",MUWAWF1,42.11
D,DISPATCH,UNIT_SCADA,1,"2022/10/20 14:10:00",MUWAWF2,31.40
D,DISPATCH,UNIT_SCADA,1,"2022/10/20 14:10:00",MWPS1PV1,3.99
D,DISPATCH,UNIT_SCADA,1,"2022/10/20 14:10:00",MWPS2PV1,2.91
D,DISPATCH,UNIT_SCADA,1,"2022/10/20 14:10:00",MWPS3PV1,0.44
D,DISPATCH,UNIT_SCADA,1,"2022/10/20 14:10:00",MWPS4PV1,1.45
D,DISPATCH,UNIT_SCADA,1,"2022/10/20 14:10:00",NBHWF1,0
D,DISPATCH,UNIT_SCADA,1,"2022/10/20 14:10:00",NEVERSF1,5.41
D,DISPATCH,UNIT_SCADA,1,"2022/10/20 14:10:00",NPS,0
D,DISPATCH,UNIT_SCADA,1,"2022/10/20 14:10:00",NUMURSF1,91.33
D,DISPATCH,UNIT_SCADA,1,"2022/10/20 14:10:00",NYNGAN1,0
D,DISPATCH,UNIT_SCADA,1,"2022/10/20 14:10:00",OAKEY1,0
D,DISPATCH,UNIT_SCADA,1,"2022/10/20 14:10:00",OAKEY1SF,6.6720
D,DISPATCH,UNIT_SCADA,1,"2022/10/20 14:10:00",OAKEY2,0
D,DISPATCH,UNIT_SCADA,1,"2022/10/20 14:10:00",OAKEY2SF,12.28
D,DISPATCH,UNIT_SCADA,1,"2022/10/20 14:10:00",OAKLAND1,11.50
D,DISPATCH,UNIT_SCADA,1,"2022/10/20 14:10:00",OSB-AG,0
D,DISPATCH,UNIT_SCADA,1,"2022/10/20 14:10:00",PAREPS1,0
D,DISPATCH,UNIT_SCADA,1,"2022/10/20 14:10:00",PAREPW1,76.78
D,DISPATCH,UNIT_SCADA,1,"2022/10/20 14:10:00",PARSF1,31.801330
D,DISPATCH,UNIT_SCADA,1,"2022/10/20 14:10:00",POAT110,0
D,DISPATCH,UNIT_SCADA,1,"2022/10/20 14:10:00",POAT220,0
D,DISPATCH,UNIT_SCADA,1,"2022/10/20 14:10:00",POR01,0
D,DISPATCH,UNIT_SCADA,1,"2022/10/20 14:10:00",POR03,0
D,DISPATCH,UNIT_SCADA,1,"2022/10/20 14:10:00",PPCCGT,5.776120
D,DISPATCH,UNIT_SCADA,1,"2022/10/20 14:10:00",PTSTAN1,0
D,DISPATCH,UNIT_SCADA,1,"2022/10/20 14:10:00",PUMP1,0
D,DISPATCH,UNIT_SCADA,1,"2022/10/20 14:10:00",PUMP2,0
D,DISPATCH,UNIT_SCADA,1,"2022/10/20 14:10:00",QBYNBG1,0
D,DISPATCH,UNIT_SCADA,1,"2022/10/20 14:10:00",QBYNBL1,1.281480
D,DISPATCH,UNIT_SCADA,1,"2022/10/20 14:10:00",QPS1,0
D,DISPATCH,UNIT_SCADA,1,"2022/10/20 14:10:00",QPS2,0
D,DISPATCH,UNIT_SCADA,1,"2022/10/20 14:10:00",QPS3,0
D,DISPATCH,UNIT_SCADA,1,"2022/10/20 14:10:00",QPS4,0
D,DISPATCH,UNIT_SCADA,1,"2022/10/20 14:10:00",QPS5,73.93
D,DISPATCH,UNIT_SCADA,1,"2022/10/20 14:10:00",REECE1,0
D,DISPATCH,UNIT_SCADA,1,"2022/10/20 14:10:00",REECE2,0
D,DISPATCH,UNIT_SCADA,1,"2022/10/20 14:10:00",ROMA_7,0
D,DISPATCH,UNIT_SCADA,1,"2022/10/20 14:10:00",ROMA_8,0
D,DISPATCH,UNIT_SCADA,1,"2022/10/20 14:10:00",RRSF1,60.596440
D,DISPATCH,UNIT_SCADA,1,"2022/10/20 14:10:00",RT_NSW1,0
D,DISPATCH,UNIT_SCADA,1,"2022/10/20 14:10:00",RT_NSW2,0
D,DISPATCH,UNIT_SCADA,1,"2022/10/20 14:10:00",RT_NSW3,0
D,DISPATCH,UNIT_SCADA,1,"2022/10/20 14:10:00",RT_NSW4,0
D,DISPATCH,UNIT_SCADA,1,"2022/10/20 14:10:00",RT_NSW5,0
D,DISPATCH,UNIT_SCADA,1,"2022/10/20 14:10:00",RT_NSW6,0
D,DISPATCH,UNIT_SCADA,1,"2022/10/20 14:10:00",RT_QLD1,0
D,DISPATCH,UNIT_SCADA,1,"2022/10/20 14:10:00",RT_SA1,0
D,DISPATCH,UNIT_SCADA,1,"2022/10/20 14:10:00",RT_SA2,0
D,DISPATCH,UNIT_SCADA,1,"2022/10/20 14:10:00",RT_SA3,0
D,DISPATCH,UNIT_SCADA,1,"2022/10/20 14:10:00",RT_SA4,0
D,DISPATCH,UNIT_SCADA,1,"2022/10/20 14:10:00",RT_SA5,0
D,DISPATCH,UNIT_SCADA,1,"2022/10/20 14:10:00",RT_SA6,0
D,DISPATCH,UNIT_SCADA,1,"2022/10/20 14:10:00",RT_TAS1,0
D,DISPATCH,UNIT_SCADA,1,"2022/10/20 14:10:00",RT_VIC1,0
D,DISPATCH,UNIT_SCADA,1,"2022/10/20 14:10:00",RT_VIC10,0
D,DISPATCH,UNIT_SCADA,1,"2022/10/20 14:10:00",RT_VIC11,0
D,DISPATCH,UNIT_SCADA,1,"2022/10/20 14:10:00",RT_VIC12,0
D,DISPATCH,UNIT_SCADA,1,"2022/10/20 14:10:00",RT_VIC2,0
D,DISPATCH,UNIT_SCADA,1,"2022/10/20 14:10:00",RT_VIC3,0
D,DISPATCH,UNIT_SCADA,1,"2022/10/20 14:10:00",RT_VIC4,0
D,DISPATCH,UNIT_SCADA,1,"2022/10/20 14:10:00",RT_VIC5,0
D,DISPATCH,UNIT_SCADA,1,"2022/10/20 14:10:00",RT_VIC6,0
D,DISPATCH,UNIT_SCADA,1,"2022/10/20 14:10:00",RT_VIC7,0
D,DISPATCH,UNIT_SCADA,1,"2022/10/20 14:10:00",RT_VIC8,0
D,DISPATCH,UNIT_SCADA,1,"2022/10/20 14:10:00",RT_VIC9,0
D,DISPATCH,UNIT_SCADA,1,"2022/10/20 14:10:00",RUGBYR1,0.035610
D,DISPATCH,UNIT_SCADA,1,"2022/10/20 14:10:00",SALTCRK1,16.56
D,DISPATCH,UNIT_SCADA,1,"2022/10/20 14:10:00",SAPHWF1,5.360490
D,DISPATCH,UNIT_SCADA,1,"2022/10/20 14:10:00",SEBSF1,4.843830
D,DISPATCH,UNIT_SCADA,1,"2022/10/20 14:10:00",SHGEN,0
D,DISPATCH,UNIT_SCADA,1,"2022/10/20 14:10:00",SHPUMP,0
D,DISPATCH,UNIT_SCADA,1,"2022/10/20 14:10:00",SITHE01,0.083520
D,DISPATCH,UNIT_SCADA,1,"2022/10/20 14:10:00",SMCSF1,106.0440
D,DISPATCH,UNIT_SCADA,1,"2022/10/20 14:10:00",SNAPPER1,0
D,DISPATCH,UNIT_SCADA,1,"2022/10/20 14:10:00",SNOWNTH1,27
D,DISPATCH,UNIT_SCADA,1,"2022/10/20 14:10:00",SNOWSTH1,16.80
D,DISPATCH,UNIT_SCADA,1,"2022/10/20 14:10:00",SNOWTWN1,17.6410
D,DISPATCH,UNIT_SCADA,1,"2022/10/20 14:10:00",SNOWYP,0
D,DISPATCH,UNIT_SCADA,1,"2022/10/20 14:10:00",SNUG1,0
D,DISPATCH,UNIT_SCADA,1,"2022/10/20 14:10:00",SRSF1,4.65
D,DISPATCH,UNIT_SCADA,1,"2022/10/20 14:10:00",STAN-1,338.915440
D,DISPATCH,UNIT_SCADA,1,"2022/10/20 14:10:00",STAN-2,347.6572
D,DISPATCH,UNIT_SCADA,1,"2022/10/20 14:10:00",STAN-3,158.991990
D,DISPATCH,UNIT_SCADA,1,"2022/10/20 14:10:00",STAN-4,348.733890
D,DISPATCH,UNIT_SCADA,1,"2022/10/20 14:10:00",STARHLWF,14.3958
D,DISPATCH,UNIT_SCADA,1,"2022/10/20 14:10:00",STOCKYD1,128.87
D,DISPATCH,UNIT_SCADA,1,"2022/10/20 14:10:00",STWF1,0
D,DISPATCH,UNIT_SCADA,1,"2022/10/20 14:10:00",SUNRSF1,97.354090
D,DISPATCH,UNIT_SCADA,1,"2022/10/20 14:10:00",SUNTPSF1,20.264590
D,DISPATCH,UNIT_SCADA,1,"2022/10/20 14:10:00",SWAN_E,190.819990
D,DISPATCH,UNIT_SCADA,1,"2022/10/20 14:10:00",TALWA1,0
D,DISPATCH,UNIT_SCADA,1,"2022/10/20 14:10:00",TARALGA1,0
D,DISPATCH,UNIT_SCADA,1,"2022/10/20 14:10:00",TARONG#1,345.300020
D,DISPATCH,UNIT_SCADA,1,"2022/10/20 14:10:00",TARONG#2,345.800020
D,DISPATCH,UNIT_SCADA,1,"2022/10/20 14:10:00",TARONG#3,0.90
D,DISPATCH,UNIT_SCADA,1,"2022/10/20 14:10:00",TARONG#4,284.899990
D,DISPATCH,UNIT_SCADA,1,"2022/10/20 14:10:00",TARRALEA,54
D,DISPATCH,UNIT_SCADA,1,"2022/10/20 14:10:00",TBSF1,0.10
D,DISPATCH,UNIT_SCADA,1,"2022/10/20 14:10:00",TNPS1,316.375030
D,DISPATCH,UNIT_SCADA,1,"2022/10/20 14:10:00",TORRB1,0
D,DISPATCH,UNIT_SCADA,1,"2022/10/20 14:10:00",TORRB2,40
D,DISPATCH,UNIT_SCADA,1,"2022/10/20 14:10:00",TORRB3,0
D,DISPATCH,UNIT_SCADA,1,"2022/10/20 14:10:00",TORRB4,0
D,DISPATCH,UNIT_SCADA,1,"2022/10/20 14:10:00",TREVALLN,100.337910
D,DISPATCH,UNIT_SCADA,1,"2022/10/20 14:10:00",TRIBUTE,0
D,DISPATCH,UNIT_SCADA,1,"2022/10/20 14:10:00",TUMUT3,118.57
D,DISPATCH,UNIT_SCADA,1,"2022/10/20 14:10:00",TUNGATIN,4.310020
D,DISPATCH,UNIT_SCADA,1,"2022/10/20 14:10:00",TVCC201,0
D,DISPATCH,UNIT_SCADA,1,"2022/10/20 14:10:00",TVPP104,0
D,DISPATCH,UNIT_SCADA,1,"2022/10/20 14:10:00",UPPTUMUT,0
D,DISPATCH,UNIT_SCADA,1,"2022/10/20 14:10:00",URANQ11,0
D,DISPATCH,UNIT_SCADA,1,"2022/10/20 14:10:00",URANQ12,0
D,DISPATCH,UNIT_SCADA,1,"2022/10/20 14:10:00",URANQ13,0
D,DISPATCH,UNIT_SCADA,1,"2022/10/20 14:10:00",URANQ14,0
D,DISPATCH,UNIT_SCADA,1,"2022/10/20 14:10:00",VBBG1,0
D,DISPATCH,UNIT_SCADA,1,"2022/10/20 14:10:00",VBBL1,28.40
D,DISPATCH,UNIT_SCADA,1,"2022/10/20 14:10:00",VP5,525.528750
D,DISPATCH,UNIT_SCADA,1,"2022/10/20 14:10:00",VP6,525.479920
D,DISPATCH,UNIT_SCADA,1,"2022/10/20 14:10:00",VPGS1,0
D,DISPATCH,UNIT_SCADA,1,"2022/10/20 14:10:00",VPGS2,0
D,DISPATCH,UNIT_SCADA,1,"2022/10/20 14:10:00",VPGS3,0
D,DISPATCH,UNIT_SCADA,1,"2022/10/20 14:10:00",VPGS4,0
D,DISPATCH,UNIT_SCADA,1,"2022/10/20 14:10:00",VPGS5,0
D,DISPATCH,UNIT_SCADA,1,"2022/10/20 14:10:00",VPGS6,0
D,DISPATCH,UNIT_SCADA,1,"2022/10/20 14:10:00",W/HOE#1,0
D,DISPATCH,UNIT_SCADA,1,"2022/10/20 14:10:00",W/HOE#2,0
D,DISPATCH,UNIT_SCADA,1,"2022/10/20 14:10:00",WAGGNSF1,0
D,DISPATCH,UNIT_SCADA,1,"2022/10/20 14:10:00",WALGRVG1,0.000930
D,DISPATCH,UNIT_SCADA,1,"2022/10/20 14:10:00",WALGRVL1,0
D,DISPATCH,UNIT_SCADA,1,"2022/10/20 14:10:00",WANDBG1,0
D,DISPATCH,UNIT_SCADA,1,"2022/10/20 14:10:00",WANDBL1,0
D,DISPATCH,UNIT_SCADA,1,"2022/10/20 14:10:00",WARWSF1,11.22
D,DISPATCH,UNIT_SCADA,1,"2022/10/20 14:10:00",WARWSF2,13.43
D,DISPATCH,UNIT_SCADA,1,"2022/10/20 14:10:00",WATERLWF,3.30
D,DISPATCH,UNIT_SCADA,1,"2022/10/20 14:10:00",WDGPH1,149.0070
D,DISPATCH,UNIT_SCADA,1,"2022/10/20 14:10:00",WELLSF1,29.166090
D,DISPATCH,UNIT_SCADA,1,"2022/10/20 14:10:00",WEMENSF1,41.20
D,DISPATCH,UNIT_SCADA,1,"2022/10/20 14:10:00",WGWF1,5.60
D,DISPATCH,UNIT_SCADA,1,"2022/10/20 14:10:00",WHITSF1,18.10
D,DISPATCH,UNIT_SCADA,1,"2022/10/20 14:10:00",WINTSF1,59.87
D,DISPATCH,UNIT_SCADA,1,"2022/10/20 14:10:00",WKIEWA1,31.90
D,DISPATCH,UNIT_SCADA,1,"2022/10/20 14:10:00",WKIEWA2,14
D,DISPATCH,UNIT_SCADA,1,"2022/10/20 14:10:00",WOODLWN1,18.532020
D,DISPATCH,UNIT_SCADA,1,"2022/10/20 14:10:00",WOOLGSF1,16.146430
D,DISPATCH,UNIT_SCADA,1,"2022/10/20 14:10:00",WPWF,33.94
D,DISPATCH,UNIT_SCADA,1,"2022/10/20 14:10:00",WRSF1,5.58
D,DISPATCH,UNIT_SCADA,1,"2022/10/20 14:10:00",WRWF1,0
D,DISPATCH,UNIT_SCADA,1,"2022/10/20 14:10:00",WSTWYSF1,1.544130
D,DISPATCH,UNIT_SCADA,1,"2022/10/20 14:10:00",YABULU,0
D,DISPATCH,UNIT_SCADA,1,"2022/10/20 14:10:00",YABULU2,0
D,DISPATCH,UNIT_SCADA,1,"2022/10/20 14:10:00",YARANSF1,17.08
D,DISPATCH,UNIT_SCADA,1,"2022/10/20 14:10:00",YARWUN_1,161.06
D,DISPATCH,UNIT_SCADA,1,"2022/10/20 14:10:00",YATSF1,13.89
D,DISPATCH,UNIT_SCADA,1,"2022/10/20 14:10:00",YENDWF1,31.05
D,DISPATCH,UNIT_SCADA,1,"2022/10/20 14:10:00",YWPS1,290.724060
D,DISPATCH,UNIT_SCADA,1,"2022/10/20 14:10:00",YWPS2,277.941770
D,DISPATCH,UNIT_SCADA,1,"2022/10/20 14:10:00",YWPS3,297.005070
D,DISPATCH,UNIT_SCADA,1,"2022/10/20 14:10:00",YWPS4,0
C,"END OF REPORT",419
