C,NEMP.WORLD,DISPATCHSCADA,AEMO,PUBLIC,2022/10/20,00:45:10,0000000373217415,DISPATCHSCADA,0000000373217409
I,DISPATCH,UNIT_SCADA,1,SETTLEMENTDATE,DUID,SCADAVALUE
D,DISPATCH,UNIT_SCADA,1,"2022/10/20 00:50:00",BARCSF1,0.10
D,DISPATCH,UNIT_SCADA,1,"2022/10/20 00:50:00",BUTLERSG,8.699999
D,DISPATCH,UNIT_SCADA,1,"2022/10/20 00:50:00",CAPTL_WF,27.980896
D,DISPATCH,UNIT_SCADA,1,"2022/10/20 00:50:00",CHALLHWF,25.90
D,DISPATCH,UNIT_SCADA,1,"2022/10/20 00:50:00",CLOVER,13.46
D,DISPATCH,UNIT_SCADA,1,"2022/10/20 00:50:00",CLUNY,6.172122
D,DISPATCH,UNIT_SCADA,1,"2022/10/20 00:50:00",CULLRGWF,-0.02
D,DISPATCH,UNIT_SCADA,1,"2022/10/20 00:50:00",DIAPURWF1,7.30
D,DISPATCH,UNIT_SCADA,1,"2022/10/20 00:50:00",ERGT01,0
D,DISPATCH,UNIT_SCADA,1,"2022/10/20 00:50:00",GB01,0
D,DISPATCH,UNIT_SCADA,1,"2022/10/20 00:50:00",GERMCRK,17
D,DISPATCH,UNIT_SCADA,1,"2022/10/20 00:50:00",GRIFSF1,0.001526
D,DISPATCH,UNIT_SCADA,1,"2022/10/20 00:50:00",HEZ1,0
D,DISPATCH,UNIT_SCADA,1,"2022/10/20 00:50:00",HUGSF1,-0.1740
D,DISPATCH,UNIT_SCADA,1,"2022/10/20 00:50:00",KEPBG1,0.02
D,DISPATCH,UNIT_SCADA,1,"2022/10/20 00:50:00",LRSF1,0.0240
D,DISPATCH,UNIT_SCADA,1,"2022/10/20 00:50:00",MBAHNTH,50.4375
D,DISPATCH,UNIT_SCADA,1,"2022/10/20 00:50:00",MLSP1,0
D,DISPATCH,UNIT_SCADA,1,"2022/10/20 00:50:00",MLWF1,1.1850
D,DISPATCH,UNIT_SCADA,1,"2022/10/20 00:50:00",PALOONA,30.389999
D,DISPATCH,UNIT_SCADA,1,"2022/10/20 00:50:00",PIONEER,36.900002
D,DISPATCH,UNIT_SCADA,1,"2022/10/20 00:50:00",PORTWF,30.799999
D,DISPATCH,UNIT_SCADA,1,"2022/10/20 00:50:00",REPULSE,9.352560
D,DISPATCH,UNIT_SCADA,1,"2022/10/20 00:50:00",ROWALLAN,9.0170
D,DISPATCH,UNIT_SCADA,1,"2022/10/20 00:50:00",ROYALLA1,0
D,DISPATCH,UNIT_SCADA,1,"2022/10/20 00:50:00",RPCG,-1.20
D,DISPATCH,UNIT_SCADA,1,"2022/10/20 00:50:00",RUBICON,0
D,DISPATCH,UNIT_SCADA,1,"2022/10/20 00:50:00",WAUBRAWF,146.365997
D,DISPATCH,UNIT_SCADA,1,"2022/10/20 00:50:00",WOOLNTH1,18.849998
D,DISPATCH,UNIT_SCADA,1,"2022/10/20 00:50:00",YAMBUKWF,2.50
D,DISPATCH,UNIT_SCADA,1,"2022/10/20 00:50:00",YSWF1,1.50
D,DISPATCH,UNIT_SCADA,1,"2022/10/20 00:50:00",ADPBA1G,0.0080
D,DISPATCH,UNIT_SCADA,1,"2022/10/20 00:50:00",ADPBA1L,0
D,DISPATCH,UNIT_SCADA,1,"2022/10/20 00:50:00",ADPPV1,0
D,DISPATCH,UNIT_SCADA,1,"2022/10/20 00:50:00",AGLHAL,0
D,DISPATCH,UNIT_SCADA,1,"2022/10/20 00:50:00",AGLSOM,0
D,DISPATCH,UNIT_SCADA,1,"2022/10/20 00:50:00",ANGAST1,-0.10
D,DISPATCH,UNIT_SCADA,1,"2022/10/20 00:50:00",ARWF1,84.90
D,DISPATCH,UNIT_SCADA,1,"2022/10/20 00:50:00",BALBG1,0
D,DISPATCH,UNIT_SCADA,1,"2022/10/20 00:50:00",BALBL1,0
D,DISPATCH,UNIT_SCADA,1,"2022/10/20 00:50:00",BALDHWF1,0
D,DISPATCH,UNIT_SCADA,1,"2022/10/20 00:50:00",BANGOWF1,41.199360
D,DISPATCH,UNIT_SCADA,1,"2022/10/20 00:50:00",BANGOWF2,50.398190
D,DISPATCH,UNIT_SCADA,1,"2022/10/20 00:50:00",BANN1,0
D,DISPATCH,UNIT_SCADA,1,"2022/10/20 00:50:00",BARCALDN,0
D,DISPATCH,UNIT_SCADA,1,"2022/10/20 00:50:00",BARKIPS1,0
D,DISPATCH,UNIT_SCADA,1,"2022/10/20 00:50:00",BARRON-1,0
D,DISPATCH,UNIT_SCADA,1,"2022/10/20 00:50:00",BARRON-2,0
D,DISPATCH,UNIT_SCADA,1,"2022/10/20 00:50:00",BASTYAN,0
D,DISPATCH,UNIT_SCADA,1,"2022/10/20 00:50:00",BBTHREE1,-1.13
D,DISPATCH,UNIT_SCADA,1,"2022/10/20 00:50:00",BBTHREE2,0
D,DISPATCH,UNIT_SCADA,1,"2022/10/20 00:50:00",BBTHREE3,0
D,DISPATCH,UNIT_SCADA,1,"2022/10/20 00:50:00",BDL01,0
D,DISPATCH,UNIT_SCADA,1,"2022/10/20 00:50:00",BDL02,0
D,DISPATCH,UNIT_SCADA,1,"2022/10/20 00:50:00",BERYLSF1,0
D,DISPATCH,UNIT_SCADA,1,"2022/10/20 00:50:00",BLOWERNG,62.60
D,DISPATCH,UNIT_SCADA,1,"2022/10/20 00:50:00",BLUEGSF1,0
D,DISPATCH,UNIT_SCADA,1,"2022/10/20 00:50:00",BLUFF1,16.80
D,DISPATCH,UNIT_SCADA,1,"2022/10/20 00:50:00",BNGSF1,0
D,DISPATCH,UNIT_SCADA,1,"2022/10/20 00:50:00",BNGSF2,0
D,DISPATCH,UNIT_SCADA,1,"2022/10/20 00:50:00",BOCORWF1,15.39
D,DISPATCH,UNIT_SCADA,1,"2022/10/20 00:50:00",BODWF1,69.482760
D,DISPATCH,UNIT_SCADA,1,"2022/10/20 00:50:00",BOMENSF1,0
D,DISPATCH,UNIT_SCADA,1,"2022/10/20 00:50:00",BOWWBA1G,0.0010
D,DISPATCH,UNIT_SCADA,1,"2022/10/20 00:50:00",BOWWBA1L,0
D,DISPATCH,UNIT_SCADA,1,"2022/10/20 00:50:00",BOWWPV1,0
D,DISPATCH,UNIT_SCADA,1,"2022/10/20 00:50:00",BRAEMAR1,0
D,DISPATCH,UNIT_SCADA,1,"2022/10/20 00:50:00",BRAEMAR2,0
D,DISPATCH,UNIT_SCADA,1,"2022/10/20 00:50:00",BRAEMAR3,0
D,DISPATCH,UNIT_SCADA,1,"2022/10/20 00:50:00",BRAEMAR5,0.292060
D,DISPATCH,UNIT_SCADA,1,"2022/10/20 00:50:00",BRAEMAR6,0
D,DISPATCH,UNIT_SCADA,1,"2022/10/20 00:50:00",BRAEMAR7,0.130920
D,DISPATCH,UNIT_SCADA,1,"2022/10/20 00:50:00",BROKENH1,0
D,DISPATCH,UNIT_SCADA,1,"2022/10/20 00:50:00",BRYB1WF1,84.965290
D,DISPATCH,UNIT_SCADA,1,"2022/10/20 00:50:00",BULBESG1,0
D,DISPATCH,UNIT_SCADA,1,"2022/10/20 00:50:00",BULBESL1,0.03
D,DISPATCH,UNIT_SCADA,1,"2022/10/20 00:50:00",BULGANA1,65.74
D,DISPATCH,UNIT_SCADA,1,"2022/10/20 00:50:00",BW01,447.870610
D,DISPATCH,UNIT_SCADA,1,"2022/10/20 00:50:00",BW02,438.934910
D,DISPATCH,UNIT_SCADA,1,"2022/10/20 00:50:00",BW03,437.836270
D,DISPATCH,UNIT_SCADA,1,"2022/10/20 00:50:00",BW04,0
D,DISPATCH,UNIT_SCADA,1,"2022/10/20 00:50:00",CALL_B_1,319.50
D,DISPATCH,UNIT_SCADA,1,"2022/10/20 00:50:00",CALL_B_2,319
D,DISPATCH,UNIT_SCADA,1,"2022/10/20 00:50:00",CATHROCK,6
D,DISPATCH,UNIT_SCADA,1,"2022/10/20 00:50:00",CBWWBA1G,0
D,DISPATCH,UNIT_SCADA,1,"2022/10/20 00:50:00",CBWWBA1L,0
D,DISPATCH,UNIT_SCADA,1,"2022/10/20 00:50:00",CETHANA,97.825250
D,DISPATCH,UNIT_SCADA,1,"2022/10/20 00:50:00",CG1,0
D,DISPATCH,UNIT_SCADA,1,"2022/10/20 00:50:00",CG2,0
D,DISPATCH,UNIT_SCADA,1,"2022/10/20 00:50:00",CG3,0
D,DISPATCH,UNIT_SCADA,1,"2022/10/20 00:50:00",CG4,0
D,DISPATCH,UNIT_SCADA,1,"2022/10/20 00:50:00",CHILDSF1,0
D,DISPATCH,UNIT_SCADA,1,"2022/10/20 00:50:00",CHYTWF1,19
D,DISPATCH,UNIT_SCADA,1,"2022/10/20 00:50:00",CLARESF1,0
D,DISPATCH,UNIT_SCADA,1,"2022/10/20 00:50:00",CLEMGPWF,50.136360
D,DISPATCH,UNIT_SCADA,1,"2022/10/20 00:50:00",CLERMSF1,0
D,DISPATCH,UNIT_SCADA,1,"2022/10/20 00:50:00",CNUNDAWF,16.619390
D,DISPATCH,UNIT_SCADA,1,"2022/10/20 00:50:00",COHUNSF1,0
D,DISPATCH,UNIT_SCADA,1,"2022/10/20 00:50:00",COLEASF1,0
D,DISPATCH,UNIT_SCADA,1,"2022/10/20 00:50:00",COLUMSF1,0
D,DISPATCH,UNIT_SCADA,1,"2022/10/20 00:50:00",COLWF01,136.3775
D,DISPATCH,UNIT_SCADA,1,"2022/10/20 00:50:00",COOPGWF1,384.040010
D,DISPATCH,UNIT_SCADA,1,"2022/10/20 00:50:00",CPP_3,359.425020
D,DISPATCH,UNIT_SCADA,1,"2022/10/20 00:50:00",CPP_4,0
D,DISPATCH,UNIT_SCADA,1,"2022/10/20 00:50:00",CPSA,0
D,DISPATCH,UNIT_SCADA,1,"2022/10/20 00:50:00",CROOKWF2,18.494540
D,DISPATCH,UNIT_SCADA,1,"2022/10/20 00:50:00",CROWLWF1,51.535870
D,DISPATCH,UNIT_SCADA,1,"2022/10/20 00:50:00",CRURWF1,39.699930
D,DISPATCH,UNIT_SCADA,1,"2022/10/20 00:50:00",CRWASF1,0
D,DISPATCH,UNIT_SCADA,1,"2022/10/20 00:50:00",CSPVPS1,0
D,DISPATCH,UNIT_SCADA,1,"2022/10/20 00:50:00",CTHLWF1,0.003050
D,DISPATCH,UNIT_SCADA,1,"2022/10/20 00:50:00",DALNTH01,0
D,DISPATCH,UNIT_SCADA,1,"2022/10/20 00:50:00",DALNTHL1,0.025940
D,DISPATCH,UNIT_SCADA,1,"2022/10/20 00:50:00",DARLSF1,0
D,DISPATCH,UNIT_SCADA,1,"2022/10/20 00:50:00",DARTM1,0
D,DISPATCH,UNIT_SCADA,1,"2022/10/20 00:50:00",DAYDSF1,0
D,DISPATCH,UNIT_SCADA,1,"2022/10/20 00:50:00",DDPS1,0
D,DISPATCH,UNIT_SCADA,1,"2022/10/20 00:50:00",DDSF1,0
D,DISPATCH,UNIT_SCADA,1,"2022/10/20 00:50:00",DEVILS_G,54.569540
D,DISPATCH,UNIT_SCADA,1,"2022/10/20 00:50:00",DG_NSW1,0
D,DISPATCH,UNIT_SCADA,1,"2022/10/20 00:50:00",DG_QLD1,0
D,DISPATCH,UNIT_SCADA,1,"2022/10/20 00:50:00",DG_SA1,0
D,DISPATCH,UNIT_SCADA,1,"2022/10/20 00:50:00",DG_TAS1,0
D,DISPATCH,UNIT_SCADA,1,"2022/10/20 00:50:00",DG_VIC1,0
D,DISPATCH,UNIT_SCADA,1,"2022/10/20 00:50:00",DRYCGT1,0
D,DISPATCH,UNIT_SCADA,1,"2022/10/20 00:50:00",DRYCGT2,0
D,DISPATCH,UNIT_SCADA,1,"2022/10/20 00:50:00",DRYCGT3,0
D,DISPATCH,UNIT_SCADA,1,"2022/10/20 00:50:00",DUNDWF1,56.49
D,DISPATCH,UNIT_SCADA,1,"2022/10/20 00:50:00",DUNDWF2,16.97
D,DISPATCH,UNIT_SCADA,1,"2022/10/20 00:50:00",DUNDWF3,38.09
D,DISPATCH,UNIT_SCADA,1,"2022/10/20 00:50:00",EILDON1,59.84
D,DISPATCH,UNIT_SCADA,1,"2022/10/20 00:50:00",EILDON2,59.88
D,DISPATCH,UNIT_SCADA,1,"2022/10/20 00:50:00",ELAINWF1,39.07
D,DISPATCH,UNIT_SCADA,1,"2022/10/20 00:50:00",EMERASF1,0
D,DISPATCH,UNIT_SCADA,1,"2022/10/20 00:50:00",ER01,0
D,DISPATCH,UNIT_SCADA,1,"2022/10/20 00:50:00",ER02,461.322970
D,DISPATCH,UNIT_SCADA,1,"2022/10/20 00:50:00",ER03,460.932310
D,DISPATCH,UNIT_SCADA,1,"2022/10/20 00:50:00",ER04,461.322970
D,DISPATCH,UNIT_SCADA,1,"2022/10/20 00:50:00",FINLYSF1,0
D,DISPATCH,UNIT_SCADA,1,"2022/10/20 00:50:00",FISHER,30.88
D,DISPATCH,UNIT_SCADA,1,"2022/10/20 00:50:00",GANGARR1,0
D,DISPATCH,UNIT_SCADA,1,"2022/10/20 00:50:00",GANNBG1,0
D,DISPATCH,UNIT_SCADA,1,"2022/10/20 00:50:00",GANNBL1,8.758910
D,DISPATCH,UNIT_SCADA,1,"2022/10/20 00:50:00",GANNSF1,0
D,DISPATCH,UNIT_SCADA,1,"2022/10/20 00:50:00",GLRWNSF1,0
D,DISPATCH,UNIT_SCADA,1,"2022/10/20 00:50:00",GNNDHSF1,0
D,DISPATCH,UNIT_SCADA,1,"2022/10/20 00:50:00",GOONSF1,0
D,DISPATCH,UNIT_SCADA,1,"2022/10/20 00:50:00",GORDON,192.650570
D,DISPATCH,UNIT_SCADA,1,"2022/10/20 00:50:00",GRANWF1,0
D,DISPATCH,UNIT_SCADA,1,"2022/10/20 00:50:00",GSTONE1,201.0750
D,DISPATCH,UNIT_SCADA,1,"2022/10/20 00:50:00",GSTONE2,0
D,DISPATCH,UNIT_SCADA,1,"2022/10/20 00:50:00",GSTONE3,200.3750
D,DISPATCH,UNIT_SCADA,1,"2022/10/20 00:50:00",GSTONE4,0
D,DISPATCH,UNIT_SCADA,1,"2022/10/20 00:50:00",GSTONE5,201.0750
D,DISPATCH,UNIT_SCADA,1,"2022/10/20 00:50:00",GSTONE6,201.0750
D,DISPATCH,UNIT_SCADA,1,"2022/10/20 00:50:00",GULLRSF1,0
D,DISPATCH,UNIT_SCADA,1,"2022/10/20 00:50:00",GULLRWF1,67.813960
D,DISPATCH,UNIT_SCADA,1,"2022/10/20 00:50:00",GULLRWF2,97.311050
D,DISPATCH,UNIT_SCADA,1,"2022/10/20 00:50:00",GUNNING1,0
D,DISPATCH,UNIT_SCADA,1,"2022/10/20 00:50:00",GUTHEGA,67.80
D,DISPATCH,UNIT_SCADA,1,"2022/10/20 00:50:00",HALLWF1,70.54
D,DISPATCH,UNIT_SCADA,1,"2022/10/20 00:50:00",HALLWF2,53.57
D,DISPATCH,UNIT_SCADA,1,"2022/10/20 00:50:00",HAMISF1,0
D,DISPATCH,UNIT_SCADA,1,"2022/10/20 00:50:00",HAUGHT11,0
D,DISPATCH,UNIT_SCADA,1,"2022/10/20 00:50:00",HAYMSF1,0
D,DISPATCH,UNIT_SCADA,1,"2022/10/20 00:50:00",HDWF1,76.30
D,DISPATCH,UNIT_SCADA,1,"2022/10/20 00:50:00",HDWF2,50.40
D,DISPATCH,UNIT_SCADA,1,"2022/10/20 00:50:00",HDWF3,64.50
D,DISPATCH,UNIT_SCADA,1,"2022/10/20 00:50:00",HILLSTN1,0
D,DISPATCH,UNIT_SCADA,1,"2022/10/20 00:50:00",HPRG1,8.10
D,DISPATCH,UNIT_SCADA,1,"2022/10/20 00:50:00",HPRL1,0
D,DISPATCH,UNIT_SCADA,1,"2022/10/20 00:50:00",HUMENSW,54.081470
D,DISPATCH,UNIT_SCADA,1,"2022/10/20 00:50:00",HUMEV,0
D,DISPATCH,UNIT_SCADA,1,"2022/10/20 00:50:00",HVWWBA1G,0
D,DISPATCH,UNIT_SCADA,1,"2022/10/20 00:50:00",HVWWBA1L,0.0060
D,DISPATCH,UNIT_SCADA,1,"2022/10/20 00:50:00",HVWWPV1,0
D,DISPATCH,UNIT_SCADA,1,"2022/10/20 00:50:00",JBUTTERS,0
D,DISPATCH,UNIT_SCADA,1,"2022/10/20 00:50:00",JEMALNG1,0
D,DISPATCH,UNIT_SCADA,1,"2022/10/20 00:50:00",JLA01,0
D,DISPATCH,UNIT_SCADA,1,"2022/10/20 00:50:00",JLA02,0
D,DISPATCH,UNIT_SCADA,1,"2022/10/20 00:50:00",JLA03,0
D,DISPATCH,UNIT_SCADA,1,"2022/10/20 00:50:00",JLA04,0
D,DISPATCH,UNIT_SCADA,1,"2022/10/20 00:50:00",JLB01,0
D,DISPATCH,UNIT_SCADA,1,"2022/10/20 00:50:00",JLB02,0.10
D,DISPATCH,UNIT_SCADA,1,"2022/10/20 00:50:00",JLB03,0
D,DISPATCH,UNIT_SCADA,1,"2022/10/20 00:50:00",JUNEESF1,0
D,DISPATCH,UNIT_SCADA,1,"2022/10/20 00:50:00",KABANWF1,0
D,DISPATCH,UNIT_SCADA,1,"2022/10/20 00:50:00",KAREEYA1,0
D,DISPATCH,UNIT_SCADA,1,"2022/10/20 00:50:00",KAREEYA2,0
D,DISPATCH,UNIT_SCADA,1,"2022/10/20 00:50:00",KAREEYA3,4.8075
D,DISPATCH,UNIT_SCADA,1,"2022/10/20 00:50:00",KAREEYA4,0
D,DISPATCH,UNIT_SCADA,1,"2022/10/20 00:50:00",KARSF1,0
D,DISPATCH,UNIT_SCADA,1,"2022/10/20 00:50:00",KEPSF1,0
D,DISPATCH,UNIT_SCADA,1,"2022/10/20 00:50:00",KEPWF1,0
D,DISPATCH,UNIT_SCADA,1,"2022/10/20 00:50:00",KIAMSF1,0
D,DISPATCH,UNIT_SCADA,1,"2022/10/20 00:50:00",KIATAWF1,30.90
D,DISPATCH,UNIT_SCADA,1,"2022/10/20 00:50:00",KPP_1,0
D,DISPATCH,UNIT_SCADA,1,"2022/10/20 00:50:00",KSP1,0
D,DISPATCH,UNIT_SCADA,1,"2022/10/20 00:50:00",LADBROK1,0.01
D,DISPATCH,UNIT_SCADA,1,"2022/10/20 00:50:00",LADBROK2,37.86
D,DISPATCH,UNIT_SCADA,1,"2022/10/20 00:50:00",LBBG1,0
D,DISPATCH,UNIT_SCADA,1,"2022/10/20 00:50:00",LBBL1,0
D,DISPATCH,UNIT_SCADA,1,"2022/10/20 00:50:00",LD01,320.993680
D,DISPATCH,UNIT_SCADA,1,"2022/10/20 00:50:00",LD02,0
D,DISPATCH,UNIT_SCADA,1,"2022/10/20 00:50:00",LD04,319.125950
D,DISPATCH,UNIT_SCADA,1,"2022/10/20 00:50:00",LEM_WIL,86.955250
D,DISPATCH,UNIT_SCADA,1,"2022/10/20 00:50:00",LGAPWF1,72.939990
D,DISPATCH,UNIT_SCADA,1,"2022/10/20 00:50:00",LGAPWF2,28.78
D,DISPATCH,UNIT_SCADA,1,"2022/10/20 00:50:00",LILYSF1,0
D,DISPATCH,UNIT_SCADA,1,"2022/10/20 00:50:00",LIMOSF11,0
D,DISPATCH,UNIT_SCADA,1,"2022/10/20 00:50:00",LIMOSF21,0
D,DISPATCH,UNIT_SCADA,1,"2022/10/20 00:50:00",LI_WY_CA,55.833970
D,DISPATCH,UNIT_SCADA,1,"2022/10/20 00:50:00",LKBONNY1,0
D,DISPATCH,UNIT_SCADA,1,"2022/10/20 00:50:00",LKBONNY2,24.068560
D,DISPATCH,UNIT_SCADA,1,"2022/10/20 00:50:00",LKBONNY3,8.373310
D,DISPATCH,UNIT_SCADA,1,"2022/10/20 00:50:00",LK_ECHO,0
D,DISPATCH,UNIT_SCADA,1,"2022/10/20 00:50:00",LNGS1,0
D,DISPATCH,UNIT_SCADA,1,"2022/10/20 00:50:00",LNGS2,0
D,DISPATCH,UNIT_SCADA,1,"2022/10/20 00:50:00",LONSDALE,0
D,DISPATCH,UNIT_SCADA,1,"2022/10/20 00:50:00",LOYYB1,438.341770
D,DISPATCH,UNIT_SCADA,1,"2022/10/20 00:50:00",LOYYB2,444.732910
D,DISPATCH,UNIT_SCADA,1,"2022/10/20 00:50:00",LYA1,550
D,DISPATCH,UNIT_SCADA,1,"2022/10/20 00:50:00",LYA2,0
D,DISPATCH,UNIT_SCADA,1,"2022/10/20 00:50:00",LYA3,549
D,DISPATCH,UNIT_SCADA,1,"2022/10/20 00:50:00",LYA4,549
D,DISPATCH,UNIT_SCADA,1,"2022/10/20 00:50:00",MACARTH1,41.499040
D,DISPATCH,UNIT_SCADA,1,"2022/10/20 00:50:00",MACKNTSH,0
D,DISPATCH,UNIT_SCADA,1,"2022/10/20 00:50:00",MANSLR1,0
D,DISPATCH,UNIT_SCADA,1,"2022/10/20 00:50:00",MAPS2PV1,0
D,DISPATCH,UNIT_SCADA,1,"2022/10/20 00:50:00",MAPS3PV1,0
D,DISPATCH,UNIT_SCADA,1,"2022/10/20 00:50:00",MARYRSF1,0
D,DISPATCH,UNIT_SCADA,1,"2022/10/20 00:50:00",MBPS2PV1,0
D,DISPATCH,UNIT_SCADA,1,"2022/10/20 00:50:00",MCKAY1,0.02
D,DISPATCH,UNIT_SCADA,1,"2022/10/20 00:50:00",MEADOWBK,19.948840
D,DISPATCH,UNIT_SCADA,1,"2022/10/20 00:50:00",MERCER01,48.40
D,DISPATCH,UNIT_SCADA,1,"2022/10/20 00:50:00",METZSF1,0
D,DISPATCH,UNIT_SCADA,1,"2022/10/20 00:50:00",MEWF1,11.525630
D,DISPATCH,UNIT_SCADA,1,"2022/10/20 00:50:00",MIDDLSF1,0
D,DISPATCH,UNIT_SCADA,1,"2022/10/20 00:50:00",MINTARO,0.128180
D,DISPATCH,UNIT_SCADA,1,"2022/10/20 00:50:00",MOLNGSF1,0
D,DISPATCH,UNIT_SCADA,1,"2022/10/20 00:50:00",MOORAWF1,55.83
D,DISPATCH,UNIT_SCADA,1,"2022/10/20 00:50:00",MOREESF1,0
D,DISPATCH,UNIT_SCADA,1,"2022/10/20 00:50:00",MORTLK11,0
D,DISPATCH,UNIT_SCADA,1,"2022/10/20 00:50:00",MORTLK12,0
D,DISPATCH,UNIT_SCADA,1,"2022/10/20 00:50:00",MOUSF1,0
D,DISPATCH,UNIT_SCADA,1,"2022/10/20 00:50:00",MP1,0
D,DISPATCH,UNIT_SCADA,1,"2022/10/20 00:50:00",MP2,352.776370
D,DISPATCH,UNIT_SCADA,1,"2022/10/20 00:50:00",MPP_1,66.088030
D,DISPATCH,UNIT_SCADA,1,"2022/10/20 00:50:00",MPP_2,0
D,DISPATCH,UNIT_SCADA,1,"2022/10/20 00:50:00",MRTLSWF1,0
D,DISPATCH,UNIT_SCADA,1,"2022/10/20 00:50:00",MSTUART1,0
D,DISPATCH,UNIT_SCADA,1,"2022/10/20 00:50:00",MSTUART2,0
D,DISPATCH,UNIT_SCADA,1,"2022/10/20 00:50:00",MSTUART3,0
D,DISPATCH,UNIT_SCADA,1,"2022/10/20 00:50:00",MTGELWF1,0.433360
D,DISPATCH,UNIT_SCADA,1,"2022/10/20 00:50:00",MTMILLAR,12
D,DISPATCH,UNIT_SCADA,1,"2022/10/20 00:50:00",MURRAY,0
D,DISPATCH,UNIT_SCADA,1,"2022/10/20 00:50:00",MUSSELR1,63.40
D,DISPATCH,UNIT_SCADA,1,"2022/10/20 00:50:00",MUWAWF1,187.48
D,DISPATCH,UNIT_SCADA,1,"2022/10/20 00:50:00",MUWAWF2,184.70
D,DISPATCH,UNIT_SCADA,1,"2022/10/20 00:50:00",MWPS1PV1,0
D,DISPATCH,UNIT_SCADA,1,"2022/10/20 00:50:00",MWPS2PV1,0
D,DISPATCH,UNIT_SCADA,1,"2022/10/20 00:50:00",MWPS3PV1,0
D,DISPATCH,UNIT_SCADA,1,"2022/10/20 00:50:00",MWPS4PV1,0
D,DISPATCH,UNIT_SCADA,1,"2022/10/20 00:50:00",NBHWF1,114.80
D,DISPATCH,UNIT_SCADA,1,"2022/10/20 00:50:00",NEVERSF1,0
D,DISPATCH,UNIT_SCADA,1,"2022/10/20 00:50:00",NPS,0
D,DISPATCH,UNIT_SCADA,1,"2022/10/20 00:50:00",NUMURSF1,0
D,DISPATCH,UNIT_SCADA,1,"2022/10/20 00:50:00",NYNGAN1,0
D,DISPATCH,UNIT_SCADA,1,"2022/10/20 00:50:00",OAKEY1,0
D,DISPATCH,UNIT_SCADA,1,"2022/10/20 00:50:00",OAKEY1SF,0
D,DISPATCH,UNIT_SCADA,1,"2022/10/20 00:50:00",OAKEY2,0
D,DISPATCH,UNIT_SCADA,1,"2022/10/20 00:50:00",OAKEY2SF,0
D,DISPATCH,UNIT_SCADA,1,"2022/10/20 00:50:00",OAKLAND1,23.80
D,DISPATCH,UNIT_SCADA,1,"2022/10/20 00:50:00",OSB-AG,0
D,DISPATCH,UNIT_SCADA,1,"2022/10/20 00:50:00",PAREPS1,0.0660
D,DISPATCH,UNIT_SCADA,1,"2022/10/20 00:50:00",PAREPW1,19.72
D,DISPATCH,UNIT_SCADA,1,"2022/10/20 00:50:00",PARSF1,0.001530
D,DISPATCH,UNIT_SCADA,1,"2022/10/20 00:50:00",POAT110,0
D,DISPATCH,UNIT_SCADA,1,"2022/10/20 00:50:00",POAT220,0
D,DISPATCH,UNIT_SCADA,1,"2022/10/20 00:50:00",POR01,0
D,DISPATCH,UNIT_SCADA,1,"2022/10/20 00:50:00",POR03,0
D,DISPATCH,UNIT_SCADA,1,"2022/10/20 00:50:00",PPCCGT,170.867710
D,DISPATCH,UNIT_SCADA,1,"2022/10/20 00:50:00",PTSTAN1,0
D,DISPATCH,UNIT_SCADA,1,"2022/10/20 00:50:00",PUMP1,0
D,DISPATCH,UNIT_SCADA,1,"2022/10/20 00:50:00",PUMP2,0
D,DISPATCH,UNIT_SCADA,1,"2022/10/20 00:50:00",QBYNBG1,0
D,DISPATCH,UNIT_SCADA,1,"2022/10/20 00:50:00",QBYNBL1,0.0055
D,DISPATCH,UNIT_SCADA,1,"2022/10/20 00:50:00",QPS1,0
D,DISPATCH,UNIT_SCADA,1,"2022/10/20 00:50:00",QPS2,0
D,DISPATCH,UNIT_SCADA,1,"2022/10/20 00:50:00",QPS3,0
D,DISPATCH,UNIT_SCADA,1,"2022/10/20 00:50:00",QPS4,0
D,DISPATCH,UNIT_SCADA,1,"2022/10/20 00:50:00",QPS5,75.40
D,DISPATCH,UNIT_SCADA,1,"2022/10/20 00:50:00",REECE1,0
D,DISPATCH,UNIT_SCADA,1,"2022/10/20 00:50:00",REECE2,0
D,DISPATCH,UNIT_SCADA,1,"2022/10/20 00:50:00",ROMA_7,0
D,DISPATCH,UNIT_SCADA,1,"2022/10/20 00:50:00",ROMA_8,0
D,DISPATCH,UNIT_SCADA,1,"2022/10/20 00:50:00",RRSF1,0
D,DISPATCH,UNIT_SCADA,1,"2022/10/20 00:50:00",RT_NSW1,0
D,DISPATCH,UNIT_SCADA,1,"2022/10/20 00:50:00",RT_NSW2,0
D,DISPATCH,UNIT_SCADA,1,"2022/10/20 00:50:00",RT_NSW3,0
D,DISPATCH,UNIT_SCADA,1,"2022/10/20 00:50:00",RT_NSW4,0
D,DISPATCH,UNIT_SCADA,1,"2022/10/20 00:50:00",RT_NSW5,0
D,DISPATCH,UNIT_SCADA,1,"2022/10/20 00:50:00",RT_NSW6,0
D,DISPATCH,UNIT_SCADA,1,"2022/10/20 00:50:00",RT_QLD1,0
D,DISPATCH,UNIT_SCADA,1,"2022/10/20 00:50:00",RT_SA1,0
D,DISPATCH,UNIT_SCADA,1,"2022/10/20 00:50:00",RT_SA2,0
D,DISPATCH,UNIT_SCADA,1,"2022/10/20 00:50:00",RT_SA3,0
D,DISPATCH,UNIT_SCADA,1,"2022/10/20 00:50:00",RT_SA4,0
D,DISPATCH,UNIT_SCADA,1,"2022/10/20 00:50:00",RT_SA5,0
D,DISPATCH,UNIT_SCADA,1,"2022/10/20 00:50:00",RT_SA6,0
D,DISPATCH,UNIT_SCADA,1,"2022/10/20 00:50:00",RT_TAS1,0
D,DISPATCH,UNIT_SCADA,1,"2022/10/20 00:50:00",RT_VIC1,0
D,DISPATCH,UNIT_SCADA,1,"2022/10/20 00:50:00",RT_VIC10,0
D,DISPATCH,UNIT_SCADA,1,"2022/10/20 00:50:00",RT_VIC11,0
D,DISPATCH,UNIT_SCADA,1,"2022/10/20 00:50:00",RT_VIC12,0
D,DISPATCH,UNIT_SCADA,1,"2022/10/20 00:50:00",RT_VIC2,0
D,DISPATCH,UNIT_SCADA,1,"2022/10/20 00:50:00",RT_VIC3,0
D,DISPATCH,UNIT_SCADA,1,"2022/10/20 00:50:00",RT_VIC4,0
D,DISPATCH,UNIT_SCADA,1,"2022/10/20 00:50:00",RT_VIC5,0
D,DISPATCH,UNIT_SCADA,1,"2022/10/20 00:50:00",RT_VIC6,0
D,DISPATCH,UNIT_SCADA,1,"2022/10/20 00:50:00",RT_VIC7,0
D,DISPATCH,UNIT_SCADA,1,"2022/10/20 00:50:00",RT_VIC8,0
D,DISPATCH,UNIT_SCADA,1,"2022/10/20 00:50:00",RT_VIC9,0
D,DISPATCH,UNIT_SCADA,1,"2022/10/20 00:50:00",RUGBYR1,0
D,DISPATCH,UNIT_SCADA,1,"2022/10/20 00:50:00",SALTCRK1,7.40
D,DISPATCH,UNIT_SCADA,1,"2022/10/20 00:50:00",SAPHWF1,245.799960
D,DISPATCH,UNIT_SCADA,1,"2022/10/20 00:50:00",SEBSF1,0
D,DISPATCH,UNIT_SCADA,1,"2022/10/20 00:50:00",SHGEN,0
D,DISPATCH,UNIT_SCADA,1,"2022/10/20 00:50:00",SHPUMP,0
D,DISPATCH,UNIT_SCADA,1,"2022/10/20 00:50:00",SITHE01,0.123710
D,DISPATCH,UNIT_SCADA,1,"2022/10/20 00:50:00",SMCSF1,0
D,DISPATCH,UNIT_SCADA,1,"2022/10/20 00:50:00",SNAPPER1,0
D,DISPATCH,UNIT_SCADA,1,"2022/10/20 00:50:00",SNOWNTH1,132.80
D,DISPATCH,UNIT_SCADA,1,"2022/10/20 00:50:00",SNOWSTH1,114.50
D,DISPATCH,UNIT_SCADA,1,"2022/10/20 00:50:00",SNOWTWN1,88.8413
D,DISPATCH,UNIT_SCADA,1,"2022/10/20 00:50:00",SNOWYP,0
D,DISPATCH,UNIT_SCADA,1,"2022/10/20 00:50:00",SNUG1,0
D,DISPATCH,UNIT_SCADA,1,"2022/10/20 00:50:00",SRSF1,0
D,DISPATCH,UNIT_SCADA,1,"2022/10/20 00:50:00",STAN-1,278.453890
D,DISPATCH,UNIT_SCADA,1,"2022/10/20 00:50:00",STAN-2,364.602330
D,DISPATCH,UNIT_SCADA,1,"2022/10/20 00:50:00",STAN-3,363.461550
D,DISPATCH,UNIT_SCADA,1,"2022/10/20 00:50:00",STAN-4,363.679440
D,DISPATCH,UNIT_SCADA,1,"2022/10/20 00:50:00",STARHLWF,25.892450
D,DISPATCH,UNIT_SCADA,1,"2022/10/20 00:50:00",STOCKYD1,273.84
D,DISPATCH,UNIT_SCADA,1,"2022/10/20 00:50:00",STWF1,169.274430
D,DISPATCH,UNIT_SCADA,1,"2022/10/20 00:50:00",SUNRSF1,0
D,DISPATCH,UNIT_SCADA,1,"2022/10/20 00:50:00",SUNTPSF1,0
D,DISPATCH,UNIT_SCADA,1,"2022/10/20 00:50:00",SWAN_E,256.813110
D,DISPATCH,UNIT_SCADA,1,"2022/10/20 00:50:00",TALWA1,0
D,DISPATCH,UNIT_SCADA,1,"2022/10/20 00:50:00",TARALGA1,0
D,DISPATCH,UNIT_SCADA,1,"2022/10/20 00:50:00",TARONG#1,291
D,DISPATCH,UNIT_SCADA,1,"2022/10/20 00:50:00",TARONG#2,289.300020
D,DISPATCH,UNIT_SCADA,1,"2022/10/20 00:50:00",TARONG#3,0.90
D,DISPATCH,UNIT_SCADA,1,"2022/10/20 00:50:00",TARONG#4,191
D,DISPATCH,UNIT_SCADA,1,"2022/10/20 00:50:00",TARRALEA,54
D,DISPATCH,UNIT_SCADA,1,"2022/10/20 00:50:00",TBSF1,0
D,DISPATCH,UNIT_SCADA,1,"2022/10/20 00:50:00",TNPS1,299.125030
D,DISPATCH,UNIT_SCADA,1,"2022/10/20 00:50:00",TORRB1,0
D,DISPATCH,UNIT_SCADA,1,"2022/10/20 00:50:00",TORRB2,40
D,DISPATCH,UNIT_SCADA,1,"2022/10/20 00:50:00",TORRB3,0
D,DISPATCH,UNIT_SCADA,1,"2022/10/20 00:50:00",TORRB4,0
D,DISPATCH,UNIT_SCADA,1,"2022/10/20 00:50:00",TREVALLN,100.070860
D,DISPATCH,UNIT_SCADA,1,"2022/10/20 00:50:00",TRIBUTE,0
D,DISPATCH,UNIT_SCADA,1,"2022/10/20 00:50:00",TUMUT3,0
D,DISPATCH,UNIT_SCADA,1,"2022/10/20 00:50:00",TUNGATIN,3.100020
D,DISPATCH,UNIT_SCADA,1,"2022/10/20 00:50:00",TVCC201,0
D,DISPATCH,UNIT_SCADA,1,"2022/10/20 00:50:00",TVPP104,0
D,DISPATCH,UNIT_SCADA,1,"2022/10/20 00:50:00",UPPTUMUT,0
D,DISPATCH,UNIT_SCADA,1,"2022/10/20 00:50:00",URANQ11,0
D,DISPATCH,UNIT_SCADA,1,"2022/10/20 00:50:00",URANQ12,0
D,DISPATCH,UNIT_SCADA,1,"2022/10/20 00:50:00",URANQ13,0
D,DISPATCH,UNIT_SCADA,1,"2022/10/20 00:50:00",URANQ14,0
D,DISPATCH,UNIT_SCADA,1,"2022/10/20 00:50:00",VBBG1,0
D,DISPATCH,UNIT_SCADA,1,"2022/10/20 00:50:00",VBBL1,71.30
D,DISPATCH,UNIT_SCADA,1,"2022/10/20 00:50:00",VP5,613.788270
D,DISPATCH,UNIT_SCADA,1,"2022/10/20 00:50:00",VP6,616.620360
D,DISPATCH,UNIT_SCADA,1,"2022/10/20 00:50:00",VPGS1,0
D,DISPATCH,UNIT_SCADA,1,"2022/10/20 00:50:00",VPGS2,0
D,DISPATCH,UNIT_SCADA,1,"2022/10/20 00:50:00",VPGS3,0
D,DISPATCH,UNIT_SCADA,1,"2022/10/20 00:50:00",VPGS4,0
D,DISPATCH,UNIT_SCADA,1,"2022/10/20 00:50:00",VPGS5,0
D,DISPATCH,UNIT_SCADA,1,"2022/10/20 00:50:00",VPGS6,0
D,DISPATCH,UNIT_SCADA,1,"2022/10/20 00:50:00",W/HOE#1,0
D,DISPATCH,UNIT_SCADA,1,"2022/10/20 00:50:00",W/HOE#2,0
D,DISPATCH,UNIT_SCADA,1,"2022/10/20 00:50:00",WAGGNSF1,0
D,DISPATCH,UNIT_SCADA,1,"2022/10/20 00:50:00",WALGRVG1,0.0363
D,DISPATCH,UNIT_SCADA,1,"2022/10/20 00:50:00",WALGRVL1,0
D,DISPATCH,UNIT_SCADA,1,"2022/10/20 00:50:00",WANDBG1,0
D,DISPATCH,UNIT_SCADA,1,"2022/10/20 00:50:00",WANDBL1,0
D,DISPATCH,UNIT_SCADA,1,"2022/10/20 00:50:00",WARWSF1,0
D,DISPATCH,UNIT_SCADA,1,"2022/10/20 00:50:00",WARWSF2,0
D,DISPATCH,UNIT_SCADA,1,"2022/10/20 00:50:00",WATERLWF,58.30
D,DISPATCH,UNIT_SCADA,1,"2022/10/20 00:50:00",WDGPH1,0
D,DISPATCH,UNIT_SCADA,1,"2022/10/20 00:50:00",WELLSF1,0
D,DISPATCH,UNIT_SCADA,1,"2022/10/20 00:50:00",WEMENSF1,0
D,DISPATCH,UNIT_SCADA,1,"2022/10/20 00:50:00",WGWF1,101.60
D,DISPATCH,UNIT_SCADA,1,"2022/10/20 00:50:00",WHITSF1,0
D,DISPATCH,UNIT_SCADA,1,"2022/10/20 00:50:00",WINTSF1,0
D,DISPATCH,UNIT_SCADA,1,"2022/10/20 00:50:00",WKIEWA1,33.90
D,DISPATCH,UNIT_SCADA,1,"2022/10/20 00:50:00",WKIEWA2,34
D,DISPATCH,UNIT_SCADA,1,"2022/10/20 00:50:00",WOODLWN1,18.365030
D,DISPATCH,UNIT_SCADA,1,"2022/10/20 00:50:00",WOOLGSF1,0
D,DISPATCH,UNIT_SCADA,1,"2022/10/20 00:50:00",WPWF,62.32
D,DISPATCH,UNIT_SCADA,1,"2022/10/20 00:50:00",WRSF1,0
D,DISPATCH,UNIT_SCADA,1,"2022/10/20 00:50:00",WRWF1,88.128170
D,DISPATCH,UNIT_SCADA,1,"2022/10/20 00:50:00",WSTWYSF1,0
D,DISPATCH,UNIT_SCADA,1,"2022/10/20 00:50:00",YABULU,0
D,DISPATCH,UNIT_SCADA,1,"2022/10/20 00:50:00",YABULU2,0
D,DISPATCH,UNIT_SCADA,1,"2022/10/20 00:50:00",YARANSF1,0
D,DISPATCH,UNIT_SCADA,1,"2022/10/20 00:50:00",YARWUN_1,159.899990
D,DISPATCH,UNIT_SCADA,1,"2022/10/20 00:50:00",YATSF1,0
D,DISPATCH,UNIT_SCADA,1,"2022/10/20 00:50:00",YENDWF1,39.86
D,DISPATCH,UNIT_SCADA,1,"2022/10/20 00:50:00",YWPS1,364.410130
D,DISPATCH,UNIT_SCADA,1,"2022/10/20 00:50:00",YWPS2,358.896210
D,DISPATCH,UNIT_SCADA,1,"2022/10/20 00:50:00",YWPS3,358.824040
D,DISPATCH,UNIT_SCADA,1,"2022/10/20 00:50:00",YWPS4,0
C,"END OF REPORT",419
