C,NEMP.WORLD,DISPATCHSCADA,AEMO,PUBLIC,2022/10/20,13:15:17,0000000373257013,DISPATCHSCADA,0000000373257007
I,DISPATCH,UNIT_SCADA,1,SETTLEMENTDATE,DUID,SCADAVALUE
D,DISPATCH,UNIT_SCADA,1,"2022/10/20 13:20:00",BARCSF1,6.90
D,DISPATCH,UNIT_SCADA,1,"2022/10/20 13:20:00",BUTLERSG,8.699999
D,DISPATCH,UNIT_SCADA,1,"2022/10/20 13:20:00",CAPTL_WF,52.231262
D,DISPATCH,UNIT_SCADA,1,"2022/10/20 13:20:00",CHALLHWF,5.50
D,DISPATCH,UNIT_SCADA,1,"2022/10/20 13:20:00",CLOVER,10.43
D,DISPATCH,UNIT_SCADA,1,"2022/10/20 13:20:00",CLUNY,5.219959
D,DISPATCH,UNIT_SCADA,1,"2022/10/20 13:20:00",CULLRGWF,-0.04
D,DISPATCH,UNIT_SCADA,1,"2022/10/20 13:20:00",DIAPURWF1,1.40
D,DISPATCH,UNIT_SCADA,1,"2022/10/20 13:20:00",ERGT01,0
D,DISPATCH,UNIT_SCADA,1,"2022/10/20 13:20:00",GB01,0
D,DISPATCH,UNIT_SCADA,1,"2022/10/20 13:20:00",GERMCRK,18.700001
D,DISPATCH,UNIT_SCADA,1,"2022/10/20 13:20:00",GRIFSF1,6.498817
D,DISPATCH,UNIT_SCADA,1,"2022/10/20 13:20:00",HEZ1,0
D,DISPATCH,UNIT_SCADA,1,"2022/10/20 13:20:00",HUGSF1,12.702001
D,DISPATCH,UNIT_SCADA,1,"2022/10/20 13:20:00",KEPBG1,0
D,DISPATCH,UNIT_SCADA,1,"2022/10/20 13:20:00",LRSF1,13.8970
D,DISPATCH,UNIT_SCADA,1,"2022/10/20 13:20:00",MBAHNTH,45.881256
D,DISPATCH,UNIT_SCADA,1,"2022/10/20 13:20:00",MLSP1,3.603001
D,DISPATCH,UNIT_SCADA,1,"2022/10/20 13:20:00",MLWF1,2.88
D,DISPATCH,UNIT_SCADA,1,"2022/10/20 13:20:00",PALOONA,30.49
D,DISPATCH,UNIT_SCADA,1,"2022/10/20 13:20:00",PIONEER,41.400002
D,DISPATCH,UNIT_SCADA,1,"2022/10/20 13:20:00",PORTWF,89.599998
D,DISPATCH,UNIT_SCADA,1,"2022/10/20 13:20:00",REPULSE,9.715114
D,DISPATCH,UNIT_SCADA,1,"2022/10/20 13:20:00",ROWALLAN,8.9531
D,DISPATCH,UNIT_SCADA,1,"2022/10/20 13:20:00",ROYALLA1,7.879004
D,DISPATCH,UNIT_SCADA,1,"2022/10/20 13:20:00",RPCG,-1.80
D,DISPATCH,UNIT_SCADA,1,"2022/10/20 13:20:00",RUBICON,0
D,DISPATCH,UNIT_SCADA,1,"2022/10/20 13:20:00",WAUBRAWF,35.543999
D,DISPATCH,UNIT_SCADA,1,"2022/10/20 13:20:00",WOOLNTH1,75.989998
D,DISPATCH,UNIT_SCADA,1,"2022/10/20 13:20:00",YAMBUKWF,9
D,DISPATCH,UNIT_SCADA,1,"2022/10/20 13:20:00",YSWF1,3.40
D,DISPATCH,UNIT_SCADA,1,"2022/10/20 13:20:00",ADPBA1G,0.0080
D,DISPATCH,UNIT_SCADA,1,"2022/10/20 13:20:00",ADPBA1L,0
D,DISPATCH,UNIT_SCADA,1,"2022/10/20 13:20:00",ADPPV1,8.7880
D,DISPATCH,UNIT_SCADA,1,"2022/10/20 13:20:00",AGLHAL,0
D,DISPATCH,UNIT_SCADA,1,"2022/10/20 13:20:00",AGLSOM,0
D,DISPATCH,UNIT_SCADA,1,"2022/10/20 13:20:00",ANGAST1,0
D,DISPATCH,UNIT_SCADA,1,"2022/10/20 13:20:00",ARWF1,9.90
D,DISPATCH,UNIT_SCADA,1,"2022/10/20 13:20:00",BALBG1,0
D,DISPATCH,UNIT_SCADA,1,"2022/10/20 13:20:00",BALBL1,0
D,DISPATCH,UNIT_SCADA,1,"2022/10/20 13:20:00",BALDHWF1,55.4850
D,DISPATCH,UNIT_SCADA,1,"2022/10/20 13:20:00",BANGOWF1,30.295870
D,DISPATCH,UNIT_SCADA,1,"2022/10/20 13:20:00",BANGOWF2,24.797660
D,DISPATCH,UNIT_SCADA,1,"2022/10/20 13:20:00",BANN1,31.43
D,DISPATCH,UNIT_SCADA,1,"2022/10/20 13:20:00",BARCALDN,0
D,DISPATCH,UNIT_SCADA,1,"2022/10/20 13:20:00",BARKIPS1,0
D,DISPATCH,UNIT_SCADA,1,"2022/10/20 13:20:00",BARRON-1,0
D,DISPATCH,UNIT_SCADA,1,"2022/10/20 13:20:00",BARRON-2,0
D,DISPATCH,UNIT_SCADA,1,"2022/10/20 13:20:00",BASTYAN,50.720010
D,DISPATCH,UNIT_SCADA,1,"2022/10/20 13:20:00",BBTHREE1,0
D,DISPATCH,UNIT_SCADA,1,"2022/10/20 13:20:00",BBTHREE2,21.53
D,DISPATCH,UNIT_SCADA,1,"2022/10/20 13:20:00",BBTHREE3,-1.04
D,DISPATCH,UNIT_SCADA,1,"2022/10/20 13:20:00",BDL01,0
D,DISPATCH,UNIT_SCADA,1,"2022/10/20 13:20:00",BDL02,0
D,DISPATCH,UNIT_SCADA,1,"2022/10/20 13:20:00",BERYLSF1,11.641150
D,DISPATCH,UNIT_SCADA,1,"2022/10/20 13:20:00",BLOWERNG,62.60
D,DISPATCH,UNIT_SCADA,1,"2022/10/20 13:20:00",BLUEGSF1,27.657220
D,DISPATCH,UNIT_SCADA,1,"2022/10/20 13:20:00",BLUFF1,2.30
D,DISPATCH,UNIT_SCADA,1,"2022/10/20 13:20:00",BNGSF1,41.20
D,DISPATCH,UNIT_SCADA,1,"2022/10/20 13:20:00",BNGSF2,44.69
D,DISPATCH,UNIT_SCADA,1,"2022/10/20 13:20:00",BOCORWF1,36.80
D,DISPATCH,UNIT_SCADA,1,"2022/10/20 13:20:00",BODWF1,43.553890
D,DISPATCH,UNIT_SCADA,1,"2022/10/20 13:20:00",BOMENSF1,25.102310
D,DISPATCH,UNIT_SCADA,1,"2022/10/20 13:20:00",BOWWBA1G,0
D,DISPATCH,UNIT_SCADA,1,"2022/10/20 13:20:00",BOWWBA1L,0.0010
D,DISPATCH,UNIT_SCADA,1,"2022/10/20 13:20:00",BOWWPV1,0
D,DISPATCH,UNIT_SCADA,1,"2022/10/20 13:20:00",BRAEMAR1,0
D,DISPATCH,UNIT_SCADA,1,"2022/10/20 13:20:00",BRAEMAR2,0
D,DISPATCH,UNIT_SCADA,1,"2022/10/20 13:20:00",BRAEMAR3,0
D,DISPATCH,UNIT_SCADA,1,"2022/10/20 13:20:00",BRAEMAR5,0.292060
D,DISPATCH,UNIT_SCADA,1,"2022/10/20 13:20:00",BRAEMAR6,0
D,DISPATCH,UNIT_SCADA,1,"2022/10/20 13:20:00",BRAEMAR7,0.130920
D,DISPATCH,UNIT_SCADA,1,"2022/10/20 13:20:00",BROKENH1,21.699670
D,DISPATCH,UNIT_SCADA,1,"2022/10/20 13:20:00",BRYB1WF1,119.652090
D,DISPATCH,UNIT_SCADA,1,"2022/10/20 13:20:00",BULBESG1,0
D,DISPATCH,UNIT_SCADA,1,"2022/10/20 13:20:00",BULBESL1,2.16
D,DISPATCH,UNIT_SCADA,1,"2022/10/20 13:20:00",BULGANA1,0.45
D,DISPATCH,UNIT_SCADA,1,"2022/10/20 13:20:00",BW01,656.028080
D,DISPATCH,UNIT_SCADA,1,"2022/10/20 13:20:00",BW02,619.894710
D,DISPATCH,UNIT_SCADA,1,"2022/10/20 13:20:00",BW03,497.016880
D,DISPATCH,UNIT_SCADA,1,"2022/10/20 13:20:00",BW04,0
D,DISPATCH,UNIT_SCADA,1,"2022/10/20 13:20:00",CALL_B_1,318.899990
D,DISPATCH,UNIT_SCADA,1,"2022/10/20 13:20:00",CALL_B_2,318.200010
D,DISPATCH,UNIT_SCADA,1,"2022/10/20 13:20:00",CATHROCK,7
D,DISPATCH,UNIT_SCADA,1,"2022/10/20 13:20:00",CBWWBA1G,0
D,DISPATCH,UNIT_SCADA,1,"2022/10/20 13:20:00",CBWWBA1L,0
D,DISPATCH,UNIT_SCADA,1,"2022/10/20 13:20:00",CETHANA,39.626750
D,DISPATCH,UNIT_SCADA,1,"2022/10/20 13:20:00",CG1,0
D,DISPATCH,UNIT_SCADA,1,"2022/10/20 13:20:00",CG2,0
D,DISPATCH,UNIT_SCADA,1,"2022/10/20 13:20:00",CG3,0
D,DISPATCH,UNIT_SCADA,1,"2022/10/20 13:20:00",CG4,0
D,DISPATCH,UNIT_SCADA,1,"2022/10/20 13:20:00",CHILDSF1,23.12
D,DISPATCH,UNIT_SCADA,1,"2022/10/20 13:20:00",CHYTWF1,6.21
D,DISPATCH,UNIT_SCADA,1,"2022/10/20 13:20:00",CLARESF1,22.550530
D,DISPATCH,UNIT_SCADA,1,"2022/10/20 13:20:00",CLEMGPWF,17.576540
D,DISPATCH,UNIT_SCADA,1,"2022/10/20 13:20:00",CLERMSF1,72.22
D,DISPATCH,UNIT_SCADA,1,"2022/10/20 13:20:00",CNUNDAWF,13.916230
D,DISPATCH,UNIT_SCADA,1,"2022/10/20 13:20:00",COHUNSF1,0.06
D,DISPATCH,UNIT_SCADA,1,"2022/10/20 13:20:00",COLEASF1,34.803160
D,DISPATCH,UNIT_SCADA,1,"2022/10/20 13:20:00",COLUMSF1,23.0230
D,DISPATCH,UNIT_SCADA,1,"2022/10/20 13:20:00",COLWF01,89.303430
D,DISPATCH,UNIT_SCADA,1,"2022/10/20 13:20:00",COOPGWF1,88.87
D,DISPATCH,UNIT_SCADA,1,"2022/10/20 13:20:00",CPP_3,324.774990
D,DISPATCH,UNIT_SCADA,1,"2022/10/20 13:20:00",CPP_4,0
D,DISPATCH,UNIT_SCADA,1,"2022/10/20 13:20:00",CPSA,0
D,DISPATCH,UNIT_SCADA,1,"2022/10/20 13:20:00",CROOKWF2,31.124130
D,DISPATCH,UNIT_SCADA,1,"2022/10/20 13:20:00",CROWLWF1,7.102980
D,DISPATCH,UNIT_SCADA,1,"2022/10/20 13:20:00",CRURWF1,47.997020
D,DISPATCH,UNIT_SCADA,1,"2022/10/20 13:20:00",CRWASF1,16.693250
D,DISPATCH,UNIT_SCADA,1,"2022/10/20 13:20:00",CSPVPS1,28.4380
D,DISPATCH,UNIT_SCADA,1,"2022/10/20 13:20:00",CTHLWF1,0.003050
D,DISPATCH,UNIT_SCADA,1,"2022/10/20 13:20:00",DALNTH01,0
D,DISPATCH,UNIT_SCADA,1,"2022/10/20 13:20:00",DALNTHL1,0.321960
D,DISPATCH,UNIT_SCADA,1,"2022/10/20 13:20:00",DARLSF1,64.084780
D,DISPATCH,UNIT_SCADA,1,"2022/10/20 13:20:00",DARTM1,0
D,DISPATCH,UNIT_SCADA,1,"2022/10/20 13:20:00",DAYDSF1,57.3090
D,DISPATCH,UNIT_SCADA,1,"2022/10/20 13:20:00",DDPS1,0
D,DISPATCH,UNIT_SCADA,1,"2022/10/20 13:20:00",DDSF1,30.022660
D,DISPATCH,UNIT_SCADA,1,"2022/10/20 13:20:00",DEVILS_G,57.960750
D,DISPATCH,UNIT_SCADA,1,"2022/10/20 13:20:00",DG_NSW1,0
D,DISPATCH,UNIT_SCADA,1,"2022/10/20 13:20:00",DG_QLD1,0
D,DISPATCH,UNIT_SCADA,1,"2022/10/20 13:20:00",DG_SA1,0
D,DISPATCH,UNIT_SCADA,1,"2022/10/20 13:20:00",DG_TAS1,0
D,DISPATCH,UNIT_SCADA,1,"2022/10/20 13:20:00",DG_VIC1,0
D,DISPATCH,UNIT_SCADA,1,"2022/10/20 13:20:00",DRYCGT1,0
D,DISPATCH,UNIT_SCADA,1,"2022/10/20 13:20:00",DRYCGT2,0
D,DISPATCH,UNIT_SCADA,1,"2022/10/20 13:20:00",DRYCGT3,0
D,DISPATCH,UNIT_SCADA,1,"2022/10/20 13:20:00",DUNDWF1,58.45
D,DISPATCH,UNIT_SCADA,1,"2022/10/20 13:20:00",DUNDWF2,18.62
D,DISPATCH,UNIT_SCADA,1,"2022/10/20 13:20:00",DUNDWF3,60.82
D,DISPATCH,UNIT_SCADA,1,"2022/10/20 13:20:00",EILDON1,59.96
D,DISPATCH,UNIT_SCADA,1,"2022/10/20 13:20:00",EILDON2,60.04
D,DISPATCH,UNIT_SCADA,1,"2022/10/20 13:20:00",ELAINWF1,24.21
D,DISPATCH,UNIT_SCADA,1,"2022/10/20 13:20:00",EMERASF1,0
D,DISPATCH,UNIT_SCADA,1,"2022/10/20 13:20:00",ER01,0
D,DISPATCH,UNIT_SCADA,1,"2022/10/20 13:20:00",ER02,303.2395
D,DISPATCH,UNIT_SCADA,1,"2022/10/20 13:20:00",ER03,431.952390
D,DISPATCH,UNIT_SCADA,1,"2022/10/20 13:20:00",ER04,432.123290
D,DISPATCH,UNIT_SCADA,1,"2022/10/20 13:20:00",FINLYSF1,117.082470
D,DISPATCH,UNIT_SCADA,1,"2022/10/20 13:20:00",FISHER,43.80
D,DISPATCH,UNIT_SCADA,1,"2022/10/20 13:20:00",GANGARR1,60.30
D,DISPATCH,UNIT_SCADA,1,"2022/10/20 13:20:00",GANNBG1,0
D,DISPATCH,UNIT_SCADA,1,"2022/10/20 13:20:00",GANNBL1,4.867470
D,DISPATCH,UNIT_SCADA,1,"2022/10/20 13:20:00",GANNSF1,28.40
D,DISPATCH,UNIT_SCADA,1,"2022/10/20 13:20:00",GLRWNSF1,0
D,DISPATCH,UNIT_SCADA,1,"2022/10/20 13:20:00",GNNDHSF1,87.121310
D,DISPATCH,UNIT_SCADA,1,"2022/10/20 13:20:00",GOONSF1,11.422290
D,DISPATCH,UNIT_SCADA,1,"2022/10/20 13:20:00",GORDON,208.8230
D,DISPATCH,UNIT_SCADA,1,"2022/10/20 13:20:00",GRANWF1,0
D,DISPATCH,UNIT_SCADA,1,"2022/10/20 13:20:00",GSTONE1,193.20
D,DISPATCH,UNIT_SCADA,1,"2022/10/20 13:20:00",GSTONE2,0
D,DISPATCH,UNIT_SCADA,1,"2022/10/20 13:20:00",GSTONE3,194.4250
D,DISPATCH,UNIT_SCADA,1,"2022/10/20 13:20:00",GSTONE4,0
D,DISPATCH,UNIT_SCADA,1,"2022/10/20 13:20:00",GSTONE5,179.20
D,DISPATCH,UNIT_SCADA,1,"2022/10/20 13:20:00",GSTONE6,193.899990
D,DISPATCH,UNIT_SCADA,1,"2022/10/20 13:20:00",GULLRSF1,1.014980
D,DISPATCH,UNIT_SCADA,1,"2022/10/20 13:20:00",GULLRWF1,58.244110
D,DISPATCH,UNIT_SCADA,1,"2022/10/20 13:20:00",GULLRWF2,77.341020
D,DISPATCH,UNIT_SCADA,1,"2022/10/20 13:20:00",GUNNING1,0
D,DISPATCH,UNIT_SCADA,1,"2022/10/20 13:20:00",GUTHEGA,67.30
D,DISPATCH,UNIT_SCADA,1,"2022/10/20 13:20:00",HALLWF1,3.41
D,DISPATCH,UNIT_SCADA,1,"2022/10/20 13:20:00",HALLWF2,8.75
D,DISPATCH,UNIT_SCADA,1,"2022/10/20 13:20:00",HAMISF1,23.50
D,DISPATCH,UNIT_SCADA,1,"2022/10/20 13:20:00",HAUGHT11,78.651390
D,DISPATCH,UNIT_SCADA,1,"2022/10/20 13:20:00",HAYMSF1,17.1910
D,DISPATCH,UNIT_SCADA,1,"2022/10/20 13:20:00",HDWF1,11.20
D,DISPATCH,UNIT_SCADA,1,"2022/10/20 13:20:00",HDWF2,11.40
D,DISPATCH,UNIT_SCADA,1,"2022/10/20 13:20:00",HDWF3,15.30
D,DISPATCH,UNIT_SCADA,1,"2022/10/20 13:20:00",HILLSTN1,58.693630
D,DISPATCH,UNIT_SCADA,1,"2022/10/20 13:20:00",HPRG1,0
D,DISPATCH,UNIT_SCADA,1,"2022/10/20 13:20:00",HPRL1,0.30
D,DISPATCH,UNIT_SCADA,1,"2022/10/20 13:20:00",HUMENSW,54.727470
D,DISPATCH,UNIT_SCADA,1,"2022/10/20 13:20:00",HUMEV,0
D,DISPATCH,UNIT_SCADA,1,"2022/10/20 13:20:00",HVWWBA1G,0
D,DISPATCH,UNIT_SCADA,1,"2022/10/20 13:20:00",HVWWBA1L,0.0070
D,DISPATCH,UNIT_SCADA,1,"2022/10/20 13:20:00",HVWWPV1,4.72
D,DISPATCH,UNIT_SCADA,1,"2022/10/20 13:20:00",JBUTTERS,0
D,DISPATCH,UNIT_SCADA,1,"2022/10/20 13:20:00",JEMALNG1,3.51
D,DISPATCH,UNIT_SCADA,1,"2022/10/20 13:20:00",JLA01,0
D,DISPATCH,UNIT_SCADA,1,"2022/10/20 13:20:00",JLA02,0
D,DISPATCH,UNIT_SCADA,1,"2022/10/20 13:20:00",JLA03,0
D,DISPATCH,UNIT_SCADA,1,"2022/10/20 13:20:00",JLA04,0
D,DISPATCH,UNIT_SCADA,1,"2022/10/20 13:20:00",JLB01,0
D,DISPATCH,UNIT_SCADA,1,"2022/10/20 13:20:00",JLB02,0.10
D,DISPATCH,UNIT_SCADA,1,"2022/10/20 13:20:00",JLB03,0
D,DISPATCH,UNIT_SCADA,1,"2022/10/20 13:20:00",JUNEESF1,10.869760
D,DISPATCH,UNIT_SCADA,1,"2022/10/20 13:20:00",KABANWF1,0
D,DISPATCH,UNIT_SCADA,1,"2022/10/20 13:20:00",KAREEYA1,0
D,DISPATCH,UNIT_SCADA,1,"2022/10/20 13:20:00",KAREEYA2,0
D,DISPATCH,UNIT_SCADA,1,"2022/10/20 13:20:00",KAREEYA3,4.6675
D,DISPATCH,UNIT_SCADA,1,"2022/10/20 13:20:00",KAREEYA4,0
D,DISPATCH,UNIT_SCADA,1,"2022/10/20 13:20:00",KARSF1,68.20
D,DISPATCH,UNIT_SCADA,1,"2022/10/20 13:20:00",KEPSF1,11.87
D,DISPATCH,UNIT_SCADA,1,"2022/10/20 13:20:00",KEPWF1,5.09
D,DISPATCH,UNIT_SCADA,1,"2022/10/20 13:20:00",KIAMSF1,41.401540
D,DISPATCH,UNIT_SCADA,1,"2022/10/20 13:20:00",KIATAWF1,15.90
D,DISPATCH,UNIT_SCADA,1,"2022/10/20 13:20:00",KPP_1,0
D,DISPATCH,UNIT_SCADA,1,"2022/10/20 13:20:00",KSP1,25.90
D,DISPATCH,UNIT_SCADA,1,"2022/10/20 13:20:00",LADBROK1,0.01
D,DISPATCH,UNIT_SCADA,1,"2022/10/20 13:20:00",LADBROK2,0.02
D,DISPATCH,UNIT_SCADA,1,"2022/10/20 13:20:00",LBBG1,0
D,DISPATCH,UNIT_SCADA,1,"2022/10/20 13:20:00",LBBL1,0.75
D,DISPATCH,UNIT_SCADA,1,"2022/10/20 13:20:00",LD01,276.149780
D,DISPATCH,UNIT_SCADA,1,"2022/10/20 13:20:00",LD02,0
D,DISPATCH,UNIT_SCADA,1,"2022/10/20 13:20:00",LD04,273.769350
D,DISPATCH,UNIT_SCADA,1,"2022/10/20 13:20:00",LEM_WIL,78.600390
D,DISPATCH,UNIT_SCADA,1,"2022/10/20 13:20:00",LGAPWF1,40.61
D,DISPATCH,UNIT_SCADA,1,"2022/10/20 13:20:00",LGAPWF2,28.51
D,DISPATCH,UNIT_SCADA,1,"2022/10/20 13:20:00",LILYSF1,56.360950
D,DISPATCH,UNIT_SCADA,1,"2022/10/20 13:20:00",LIMOSF11,115.951930
D,DISPATCH,UNIT_SCADA,1,"2022/10/20 13:20:00",LIMOSF21,16.092380
D,DISPATCH,UNIT_SCADA,1,"2022/10/20 13:20:00",LI_WY_CA,54.312320
D,DISPATCH,UNIT_SCADA,1,"2022/10/20 13:20:00",LKBONNY1,0
D,DISPATCH,UNIT_SCADA,1,"2022/10/20 13:20:00",LKBONNY2,22.999060
D,DISPATCH,UNIT_SCADA,1,"2022/10/20 13:20:00",LKBONNY3,0
D,DISPATCH,UNIT_SCADA,1,"2022/10/20 13:20:00",LK_ECHO,0
D,DISPATCH,UNIT_SCADA,1,"2022/10/20 13:20:00",LNGS1,0
D,DISPATCH,UNIT_SCADA,1,"2022/10/20 13:20:00",LNGS2,0
D,DISPATCH,UNIT_SCADA,1,"2022/10/20 13:20:00",LONSDALE,0
D,DISPATCH,UNIT_SCADA,1,"2022/10/20 13:20:00",LOYYB1,439.093660
D,DISPATCH,UNIT_SCADA,1,"2022/10/20 13:20:00",LOYYB2,440.221530
D,DISPATCH,UNIT_SCADA,1,"2022/10/20 13:20:00",LYA1,348
D,DISPATCH,UNIT_SCADA,1,"2022/10/20 13:20:00",LYA2,0
D,DISPATCH,UNIT_SCADA,1,"2022/10/20 13:20:00",LYA3,346
D,DISPATCH,UNIT_SCADA,1,"2022/10/20 13:20:00",LYA4,347
D,DISPATCH,UNIT_SCADA,1,"2022/10/20 13:20:00",MACARTH1,59.498630
D,DISPATCH,UNIT_SCADA,1,"2022/10/20 13:20:00",MACKNTSH,0
D,DISPATCH,UNIT_SCADA,1,"2022/10/20 13:20:00",MANSLR1,31.03
D,DISPATCH,UNIT_SCADA,1,"2022/10/20 13:20:00",MAPS2PV1,0
D,DISPATCH,UNIT_SCADA,1,"2022/10/20 13:20:00",MAPS3PV1,0
D,DISPATCH,UNIT_SCADA,1,"2022/10/20 13:20:00",MARYRSF1,9.63
D,DISPATCH,UNIT_SCADA,1,"2022/10/20 13:20:00",MBPS2PV1,0
D,DISPATCH,UNIT_SCADA,1,"2022/10/20 13:20:00",MCKAY1,0.02
D,DISPATCH,UNIT_SCADA,1,"2022/10/20 13:20:00",MEADOWBK,5.916060
D,DISPATCH,UNIT_SCADA,1,"2022/10/20 13:20:00",MERCER01,31.30
D,DISPATCH,UNIT_SCADA,1,"2022/10/20 13:20:00",METZSF1,9.631150
D,DISPATCH,UNIT_SCADA,1,"2022/10/20 13:20:00",MEWF1,9.503740
D,DISPATCH,UNIT_SCADA,1,"2022/10/20 13:20:00",MIDDLSF1,9.71
D,DISPATCH,UNIT_SCADA,1,"2022/10/20 13:20:00",MINTARO,0.128180
D,DISPATCH,UNIT_SCADA,1,"2022/10/20 13:20:00",MOLNGSF1,24.691540
D,DISPATCH,UNIT_SCADA,1,"2022/10/20 13:20:00",MOORAWF1,70.13
D,DISPATCH,UNIT_SCADA,1,"2022/10/20 13:20:00",MOREESF1,43.0180
D,DISPATCH,UNIT_SCADA,1,"2022/10/20 13:20:00",MORTLK11,0
D,DISPATCH,UNIT_SCADA,1,"2022/10/20 13:20:00",MORTLK12,0
D,DISPATCH,UNIT_SCADA,1,"2022/10/20 13:20:00",MOUSF1,0
D,DISPATCH,UNIT_SCADA,1,"2022/10/20 13:20:00",MP1,0
D,DISPATCH,UNIT_SCADA,1,"2022/10/20 13:20:00",MP2,348.699160
D,DISPATCH,UNIT_SCADA,1,"2022/10/20 13:20:00",MPP_1,162.511550
D,DISPATCH,UNIT_SCADA,1,"2022/10/20 13:20:00",MPP_2,181.768780
D,DISPATCH,UNIT_SCADA,1,"2022/10/20 13:20:00",MRTLSWF1,0
D,DISPATCH,UNIT_SCADA,1,"2022/10/20 13:20:00",MSTUART1,0
D,DISPATCH,UNIT_SCADA,1,"2022/10/20 13:20:00",MSTUART2,0
D,DISPATCH,UNIT_SCADA,1,"2022/10/20 13:20:00",MSTUART3,0
D,DISPATCH,UNIT_SCADA,1,"2022/10/20 13:20:00",MTGELWF1,46.519360
D,DISPATCH,UNIT_SCADA,1,"2022/10/20 13:20:00",MTMILLAR,10.50
D,DISPATCH,UNIT_SCADA,1,"2022/10/20 13:20:00",MURRAY,0
D,DISPATCH,UNIT_SCADA,1,"2022/10/20 13:20:00",MUSSELR1,26.40
D,DISPATCH,UNIT_SCADA,1,"2022/10/20 13:20:00",MUWAWF1,50.35
D,DISPATCH,UNIT_SCADA,1,"2022/10/20 13:20:00",MUWAWF2,20.60
D,DISPATCH,UNIT_SCADA,1,"2022/10/20 13:20:00",MWPS1PV1,3.92
D,DISPATCH,UNIT_SCADA,1,"2022/10/20 13:20:00",MWPS2PV1,1.53
D,DISPATCH,UNIT_SCADA,1,"2022/10/20 13:20:00",MWPS3PV1,0.84
D,DISPATCH,UNIT_SCADA,1,"2022/10/20 13:20:00",MWPS4PV1,1.91
D,DISPATCH,UNIT_SCADA,1,"2022/10/20 13:20:00",NBHWF1,2.70
D,DISPATCH,UNIT_SCADA,1,"2022/10/20 13:20:00",NEVERSF1,44.75
D,DISPATCH,UNIT_SCADA,1,"2022/10/20 13:20:00",NPS,0
D,DISPATCH,UNIT_SCADA,1,"2022/10/20 13:20:00",NUMURSF1,84.35
D,DISPATCH,UNIT_SCADA,1,"2022/10/20 13:20:00",NYNGAN1,29.25
D,DISPATCH,UNIT_SCADA,1,"2022/10/20 13:20:00",OAKEY1,0
D,DISPATCH,UNIT_SCADA,1,"2022/10/20 13:20:00",OAKEY1SF,11.2540
D,DISPATCH,UNIT_SCADA,1,"2022/10/20 13:20:00",OAKEY2,0
D,DISPATCH,UNIT_SCADA,1,"2022/10/20 13:20:00",OAKEY2SF,34.19
D,DISPATCH,UNIT_SCADA,1,"2022/10/20 13:20:00",OAKLAND1,6.70
D,DISPATCH,UNIT_SCADA,1,"2022/10/20 13:20:00",OSB-AG,0
D,DISPATCH,UNIT_SCADA,1,"2022/10/20 13:20:00",PAREPS1,0.0660
D,DISPATCH,UNIT_SCADA,1,"2022/10/20 13:20:00",PAREPW1,44.31
D,DISPATCH,UNIT_SCADA,1,"2022/10/20 13:20:00",PARSF1,9.700160
D,DISPATCH,UNIT_SCADA,1,"2022/10/20 13:20:00",POAT110,0
D,DISPATCH,UNIT_SCADA,1,"2022/10/20 13:20:00",POAT220,0
D,DISPATCH,UNIT_SCADA,1,"2022/10/20 13:20:00",POR01,0.008670
D,DISPATCH,UNIT_SCADA,1,"2022/10/20 13:20:00",POR03,0
D,DISPATCH,UNIT_SCADA,1,"2022/10/20 13:20:00",PPCCGT,0
D,DISPATCH,UNIT_SCADA,1,"2022/10/20 13:20:00",PTSTAN1,0
D,DISPATCH,UNIT_SCADA,1,"2022/10/20 13:20:00",PUMP1,0
D,DISPATCH,UNIT_SCADA,1,"2022/10/20 13:20:00",PUMP2,0
D,DISPATCH,UNIT_SCADA,1,"2022/10/20 13:20:00",QBYNBG1,0
D,DISPATCH,UNIT_SCADA,1,"2022/10/20 13:20:00",QBYNBL1,0.0835
D,DISPATCH,UNIT_SCADA,1,"2022/10/20 13:20:00",QPS1,0
D,DISPATCH,UNIT_SCADA,1,"2022/10/20 13:20:00",QPS2,0
D,DISPATCH,UNIT_SCADA,1,"2022/10/20 13:20:00",QPS3,0
D,DISPATCH,UNIT_SCADA,1,"2022/10/20 13:20:00",QPS4,0
D,DISPATCH,UNIT_SCADA,1,"2022/10/20 13:20:00",QPS5,73.51
D,DISPATCH,UNIT_SCADA,1,"2022/10/20 13:20:00",REECE1,0
D,DISPATCH,UNIT_SCADA,1,"2022/10/20 13:20:00",REECE2,0
D,DISPATCH,UNIT_SCADA,1,"2022/10/20 13:20:00",ROMA_7,0
D,DISPATCH,UNIT_SCADA,1,"2022/10/20 13:20:00",ROMA_8,0
D,DISPATCH,UNIT_SCADA,1,"2022/10/20 13:20:00",RRSF1,94.532920
D,DISPATCH,UNIT_SCADA,1,"2022/10/20 13:20:00",RT_NSW1,0
D,DISPATCH,UNIT_SCADA,1,"2022/10/20 13:20:00",RT_NSW2,0
D,DISPATCH,UNIT_SCADA,1,"2022/10/20 13:20:00",RT_NSW3,0
D,DISPATCH,UNIT_SCADA,1,"2022/10/20 13:20:00",RT_NSW4,0
D,DISPATCH,UNIT_SCADA,1,"2022/10/20 13:20:00",RT_NSW5,0
D,DISPATCH,UNIT_SCADA,1,"2022/10/20 13:20:00",RT_NSW6,0
D,DISPATCH,UNIT_SCADA,1,"2022/10/20 13:20:00",RT_QLD1,0
D,DISPATCH,UNIT_SCADA,1,"2022/10/20 13:20:00",RT_SA1,0
D,DISPATCH,UNIT_SCADA,1,"2022/10/20 13:20:00",RT_SA2,0
D,DISPATCH,UNIT_SCADA,1,"2022/10/20 13:20:00",RT_SA3,0
D,DISPATCH,UNIT_SCADA,1,"2022/10/20 13:20:00",RT_SA4,0
D,DISPATCH,UNIT_SCADA,1,"2022/10/20 13:20:00",RT_SA5,0
D,DISPATCH,UNIT_SCADA,1,"2022/10/20 13:20:00",RT_SA6,0
D,DISPATCH,UNIT_SCADA,1,"2022/10/20 13:20:00",RT_TAS1,0
D,DISPATCH,UNIT_SCADA,1,"2022/10/20 13:20:00",RT_VIC1,0
D,DISPATCH,UNIT_SCADA,1,"2022/10/20 13:20:00",RT_VIC10,0
D,DISPATCH,UNIT_SCADA,1,"2022/10/20 13:20:00",RT_VIC11,0
D,DISPATCH,UNIT_SCADA,1,"2022/10/20 13:20:00",RT_VIC12,0
D,DISPATCH,UNIT_SCADA,1,"2022/10/20 13:20:00",RT_VIC2,0
D,DISPATCH,UNIT_SCADA,1,"2022/10/20 13:20:00",RT_VIC3,0
D,DISPATCH,UNIT_SCADA,1,"2022/10/20 13:20:00",RT_VIC4,0
D,DISPATCH,UNIT_SCADA,1,"2022/10/20 13:20:00",RT_VIC5,0
D,DISPATCH,UNIT_SCADA,1,"2022/10/20 13:20:00",RT_VIC6,0
D,DISPATCH,UNIT_SCADA,1,"2022/10/20 13:20:00",RT_VIC7,0
D,DISPATCH,UNIT_SCADA,1,"2022/10/20 13:20:00",RT_VIC8,0
D,DISPATCH,UNIT_SCADA,1,"2022/10/20 13:20:00",RT_VIC9,0
D,DISPATCH,UNIT_SCADA,1,"2022/10/20 13:20:00",RUGBYR1,27.169790
D,DISPATCH,UNIT_SCADA,1,"2022/10/20 13:20:00",SALTCRK1,17.79
D,DISPATCH,UNIT_SCADA,1,"2022/10/20 13:20:00",SAPHWF1,0
D,DISPATCH,UNIT_SCADA,1,"2022/10/20 13:20:00",SEBSF1,46.203710
D,DISPATCH,UNIT_SCADA,1,"2022/10/20 13:20:00",SHGEN,0
D,DISPATCH,UNIT_SCADA,1,"2022/10/20 13:20:00",SHPUMP,0
D,DISPATCH,UNIT_SCADA,1,"2022/10/20 13:20:00",SITHE01,0.143810
D,DISPATCH,UNIT_SCADA,1,"2022/10/20 13:20:00",SMCSF1,83.6070
D,DISPATCH,UNIT_SCADA,1,"2022/10/20 13:20:00",SNAPPER1,0
D,DISPATCH,UNIT_SCADA,1,"2022/10/20 13:20:00",SNOWNTH1,55.30
D,DISPATCH,UNIT_SCADA,1,"2022/10/20 13:20:00",SNOWSTH1,34.30
D,DISPATCH,UNIT_SCADA,1,"2022/10/20 13:20:00",SNOWTWN1,50.338320
D,DISPATCH,UNIT_SCADA,1,"2022/10/20 13:20:00",SNOWYP,0
D,DISPATCH,UNIT_SCADA,1,"2022/10/20 13:20:00",SNUG1,0
D,DISPATCH,UNIT_SCADA,1,"2022/10/20 13:20:00",SRSF1,27.81
D,DISPATCH,UNIT_SCADA,1,"2022/10/20 13:20:00",STAN-1,273.390870
D,DISPATCH,UNIT_SCADA,1,"2022/10/20 13:20:00",STAN-2,341.812290
D,DISPATCH,UNIT_SCADA,1,"2022/10/20 13:20:00",STAN-3,159.350890
D,DISPATCH,UNIT_SCADA,1,"2022/10/20 13:20:00",STAN-4,348.682620
D,DISPATCH,UNIT_SCADA,1,"2022/10/20 13:20:00",STARHLWF,18.694550
D,DISPATCH,UNIT_SCADA,1,"2022/10/20 13:20:00",STOCKYD1,77.91
D,DISPATCH,UNIT_SCADA,1,"2022/10/20 13:20:00",STWF1,0
D,DISPATCH,UNIT_SCADA,1,"2022/10/20 13:20:00",SUNRSF1,71.380180
D,DISPATCH,UNIT_SCADA,1,"2022/10/20 13:20:00",SUNTPSF1,3.772640
D,DISPATCH,UNIT_SCADA,1,"2022/10/20 13:20:00",SWAN_E,191.218750
D,DISPATCH,UNIT_SCADA,1,"2022/10/20 13:20:00",TALWA1,0
D,DISPATCH,UNIT_SCADA,1,"2022/10/20 13:20:00",TARALGA1,0
D,DISPATCH,UNIT_SCADA,1,"2022/10/20 13:20:00",TARONG#1,344.700010
D,DISPATCH,UNIT_SCADA,1,"2022/10/20 13:20:00",TARONG#2,344.600010
D,DISPATCH,UNIT_SCADA,1,"2022/10/20 13:20:00",TARONG#3,0.90
D,DISPATCH,UNIT_SCADA,1,"2022/10/20 13:20:00",TARONG#4,284
D,DISPATCH,UNIT_SCADA,1,"2022/10/20 13:20:00",TARRALEA,54
D,DISPATCH,UNIT_SCADA,1,"2022/10/20 13:20:00",TBSF1,0.10
D,DISPATCH,UNIT_SCADA,1,"2022/10/20 13:20:00",TNPS1,318.6250
D,DISPATCH,UNIT_SCADA,1,"2022/10/20 13:20:00",TORRB1,0
D,DISPATCH,UNIT_SCADA,1,"2022/10/20 13:20:00",TORRB2,40
D,DISPATCH,UNIT_SCADA,1,"2022/10/20 13:20:00",TORRB3,0
D,DISPATCH,UNIT_SCADA,1,"2022/10/20 13:20:00",TORRB4,0
D,DISPATCH,UNIT_SCADA,1,"2022/10/20 13:20:00",TREVALLN,100.158040
D,DISPATCH,UNIT_SCADA,1,"2022/10/20 13:20:00",TRIBUTE,0
D,DISPATCH,UNIT_SCADA,1,"2022/10/20 13:20:00",TUMUT3,119.79
D,DISPATCH,UNIT_SCADA,1,"2022/10/20 13:20:00",TUNGATIN,5.060020
D,DISPATCH,UNIT_SCADA,1,"2022/10/20 13:20:00",TVCC201,0
D,DISPATCH,UNIT_SCADA,1,"2022/10/20 13:20:00",TVPP104,0
D,DISPATCH,UNIT_SCADA,1,"2022/10/20 13:20:00",UPPTUMUT,0
D,DISPATCH,UNIT_SCADA,1,"2022/10/20 13:20:00",URANQ11,0
D,DISPATCH,UNIT_SCADA,1,"2022/10/20 13:20:00",URANQ12,0
D,DISPATCH,UNIT_SCADA,1,"2022/10/20 13:20:00",URANQ13,0
D,DISPATCH,UNIT_SCADA,1,"2022/10/20 13:20:00",URANQ14,0
D,DISPATCH,UNIT_SCADA,1,"2022/10/20 13:20:00",VBBG1,0
D,DISPATCH,UNIT_SCADA,1,"2022/10/20 13:20:00",VBBL1,51.90
D,DISPATCH,UNIT_SCADA,1,"2022/10/20 13:20:00",VP5,524.918330
D,DISPATCH,UNIT_SCADA,1,"2022/10/20 13:20:00",VP6,525.406680
D,DISPATCH,UNIT_SCADA,1,"2022/10/20 13:20:00",VPGS1,0
D,DISPATCH,UNIT_SCADA,1,"2022/10/20 13:20:00",VPGS2,0
D,DISPATCH,UNIT_SCADA,1,"2022/10/20 13:20:00",VPGS3,0
D,DISPATCH,UNIT_SCADA,1,"2022/10/20 13:20:00",VPGS4,0
D,DISPATCH,UNIT_SCADA,1,"2022/10/20 13:20:00",VPGS5,0
D,DISPATCH,UNIT_SCADA,1,"2022/10/20 13:20:00",VPGS6,0
D,DISPATCH,UNIT_SCADA,1,"2022/10/20 13:20:00",W/HOE#1,0
D,DISPATCH,UNIT_SCADA,1,"2022/10/20 13:20:00",W/HOE#2,0
D,DISPATCH,UNIT_SCADA,1,"2022/10/20 13:20:00",WAGGNSF1,0
D,DISPATCH,UNIT_SCADA,1,"2022/10/20 13:20:00",WALGRVG1,0.000930
D,DISPATCH,UNIT_SCADA,1,"2022/10/20 13:20:00",WALGRVL1,0
D,DISPATCH,UNIT_SCADA,1,"2022/10/20 13:20:00",WANDBG1,0
D,DISPATCH,UNIT_SCADA,1,"2022/10/20 13:20:00",WANDBL1,50.559650
D,DISPATCH,UNIT_SCADA,1,"2022/10/20 13:20:00",WARWSF1,14.11
D,DISPATCH,UNIT_SCADA,1,"2022/10/20 13:20:00",WARWSF2,13.45
D,DISPATCH,UNIT_SCADA,1,"2022/10/20 13:20:00",WATERLWF,11.60
D,DISPATCH,UNIT_SCADA,1,"2022/10/20 13:20:00",WDGPH1,26.9410
D,DISPATCH,UNIT_SCADA,1,"2022/10/20 13:20:00",WELLSF1,9.536890
D,DISPATCH,UNIT_SCADA,1,"2022/10/20 13:20:00",WEMENSF1,61
D,DISPATCH,UNIT_SCADA,1,"2022/10/20 13:20:00",WGWF1,21.30
D,DISPATCH,UNIT_SCADA,1,"2022/10/20 13:20:00",WHITSF1,18.70
D,DISPATCH,UNIT_SCADA,1,"2022/10/20 13:20:00",WINTSF1,85.09
D,DISPATCH,UNIT_SCADA,1,"2022/10/20 13:20:00",WKIEWA1,31.90
D,DISPATCH,UNIT_SCADA,1,"2022/10/20 13:20:00",WKIEWA2,14
D,DISPATCH,UNIT_SCADA,1,"2022/10/20 13:20:00",WOODLWN1,21.529140
D,DISPATCH,UNIT_SCADA,1,"2022/10/20 13:20:00",WOOLGSF1,37.652480
D,DISPATCH,UNIT_SCADA,1,"2022/10/20 13:20:00",WPWF,34.94
D,DISPATCH,UNIT_SCADA,1,"2022/10/20 13:20:00",WRSF1,9.759820
D,DISPATCH,UNIT_SCADA,1,"2022/10/20 13:20:00",WRWF1,0
D,DISPATCH,UNIT_SCADA,1,"2022/10/20 13:20:00",WSTWYSF1,0.808190
D,DISPATCH,UNIT_SCADA,1,"2022/10/20 13:20:00",YABULU,0
D,DISPATCH,UNIT_SCADA,1,"2022/10/20 13:20:00",YABULU2,0
D,DISPATCH,UNIT_SCADA,1,"2022/10/20 13:20:00",YARANSF1,52.79
D,DISPATCH,UNIT_SCADA,1,"2022/10/20 13:20:00",YARWUN_1,161.62
D,DISPATCH,UNIT_SCADA,1,"2022/10/20 13:20:00",YATSF1,69.81
D,DISPATCH,UNIT_SCADA,1,"2022/10/20 13:20:00",YENDWF1,33.02
D,DISPATCH,UNIT_SCADA,1,"2022/10/20 13:20:00",YWPS1,251.374680
D,DISPATCH,UNIT_SCADA,1,"2022/10/20 13:20:00",YWPS2,255.886080
D,DISPATCH,UNIT_SCADA,1,"2022/10/20 13:20:00",YWPS3,279.503780
D,DISPATCH,UNIT_SCADA,1,"2022/10/20 13:20:00",YWPS4,0
C,"END OF REPORT",419
