C,NEMP.WORLD,DISPATCHSCADA,AEMO,PUBLIC,2022/10/20,08:05:10,0000000373239505,DISPATCHSCADA,0000000373239499
I,DISPATCH,UNIT_SCADA,1,SETTLEMENTDATE,DUID,SCADAVALUE
D,DISPATCH,UNIT_SCADA,1,"2022/10/20 08:10:00",BARCSF1,10.80
D,DISPATCH,UNIT_SCADA,1,"2022/10/20 08:10:00",BUTLERSG,8.699999
D,DISPATCH,UNIT_SCADA,1,"2022/10/20 08:10:00",CAPTL_WF,73.333153
D,DISPATCH,UNIT_SCADA,1,"2022/10/20 08:10:00",CHALLHWF,9.90
D,DISPATCH,UNIT_SCADA,1,"2022/10/20 08:10:00",CLOVER,13.360001
D,DISPATCH,UNIT_SCADA,1,"2022/10/20 08:10:00",CLUNY,6.215152
D,DISPATCH,UNIT_SCADA,1,"2022/10/20 08:10:00",CULLRGWF,-0.04
D,DISPATCH,UNIT_SCADA,1,"2022/10/20 08:10:00",DIAPURWF1,7.30
D,DISPATCH,UNIT_SCADA,1,"2022/10/20 08:10:00",ERGT01,0
D,DISPATCH,UNIT_SCADA,1,"2022/10/20 08:10:00",GB01,0
D,DISPATCH,UNIT_SCADA,1,"2022/10/20 08:10:00",GERMCRK,20.10
D,DISPATCH,UNIT_SCADA,1,"2022/10/20 08:10:00",GRIFSF1,1.600671
D,DISPATCH,UNIT_SCADA,1,"2022/10/20 08:10:00",HEZ1,0
D,DISPATCH,UNIT_SCADA,1,"2022/10/20 08:10:00",HUGSF1,9.061001
D,DISPATCH,UNIT_SCADA,1,"2022/10/20 08:10:00",KEPBG1,0.01
D,DISPATCH,UNIT_SCADA,1,"2022/10/20 08:10:00",LRSF1,7.0150
D,DISPATCH,UNIT_SCADA,1,"2022/10/20 08:10:00",MBAHNTH,45.262497
D,DISPATCH,UNIT_SCADA,1,"2022/10/20 08:10:00",MLSP1,6.908001
D,DISPATCH,UNIT_SCADA,1,"2022/10/20 08:10:00",MLWF1,4.32
D,DISPATCH,UNIT_SCADA,1,"2022/10/20 08:10:00",PALOONA,30.019999
D,DISPATCH,UNIT_SCADA,1,"2022/10/20 08:10:00",PIONEER,37.799999
D,DISPATCH,UNIT_SCADA,1,"2022/10/20 08:10:00",PORTWF,53.700001
D,DISPATCH,UNIT_SCADA,1,"2022/10/20 08:10:00",REPULSE,9.606470
D,DISPATCH,UNIT_SCADA,1,"2022/10/20 08:10:00",ROWALLAN,8.9460
D,DISPATCH,UNIT_SCADA,1,"2022/10/20 08:10:00",ROYALLA1,11.383003
D,DISPATCH,UNIT_SCADA,1,"2022/10/20 08:10:00",RPCG,-1.80
D,DISPATCH,UNIT_SCADA,1,"2022/10/20 08:10:00",RUBICON,0
D,DISPATCH,UNIT_SCADA,1,"2022/10/20 08:10:00",WAUBRAWF,36.129002
D,DISPATCH,UNIT_SCADA,1,"2022/10/20 08:10:00",WOOLNTH1,7.08
D,DISPATCH,UNIT_SCADA,1,"2022/10/20 08:10:00",YAMBUKWF,7.60
D,DISPATCH,UNIT_SCADA,1,"2022/10/20 08:10:00",YSWF1,0.40
D,DISPATCH,UNIT_SCADA,1,"2022/10/20 08:10:00",ADPBA1G,0.0080
D,DISPATCH,UNIT_SCADA,1,"2022/10/20 08:10:00",ADPBA1L,0
D,DISPATCH,UNIT_SCADA,1,"2022/10/20 08:10:00",ADPPV1,0.0640
D,DISPATCH,UNIT_SCADA,1,"2022/10/20 08:10:00",AGLHAL,0
D,DISPATCH,UNIT_SCADA,1,"2022/10/20 08:10:00",AGLSOM,0
D,DISPATCH,UNIT_SCADA,1,"2022/10/20 08:10:00",ANGAST1,0
D,DISPATCH,UNIT_SCADA,1,"2022/10/20 08:10:00",ARWF1,17.40
D,DISPATCH,UNIT_SCADA,1,"2022/10/20 08:10:00",BALBG1,0
D,DISPATCH,UNIT_SCADA,1,"2022/10/20 08:10:00",BALBL1,0
D,DISPATCH,UNIT_SCADA,1,"2022/10/20 08:10:00",BALDHWF1,0.6280
D,DISPATCH,UNIT_SCADA,1,"2022/10/20 08:10:00",BANGOWF1,24.099490
D,DISPATCH,UNIT_SCADA,1,"2022/10/20 08:10:00",BANGOWF2,26.398180
D,DISPATCH,UNIT_SCADA,1,"2022/10/20 08:10:00",BANN1,8.37
D,DISPATCH,UNIT_SCADA,1,"2022/10/20 08:10:00",BARCALDN,0
D,DISPATCH,UNIT_SCADA,1,"2022/10/20 08:10:00",BARKIPS1,0
D,DISPATCH,UNIT_SCADA,1,"2022/10/20 08:10:00",BARRON-1,28.04
D,DISPATCH,UNIT_SCADA,1,"2022/10/20 08:10:00",BARRON-2,0
D,DISPATCH,UNIT_SCADA,1,"2022/10/20 08:10:00",BASTYAN,52.52
D,DISPATCH,UNIT_SCADA,1,"2022/10/20 08:10:00",BBTHREE1,0
D,DISPATCH,UNIT_SCADA,1,"2022/10/20 08:10:00",BBTHREE2,0
D,DISPATCH,UNIT_SCADA,1,"2022/10/20 08:10:00",BBTHREE3,-1.02
D,DISPATCH,UNIT_SCADA,1,"2022/10/20 08:10:00",BDL01,0
D,DISPATCH,UNIT_SCADA,1,"2022/10/20 08:10:00",BDL02,0
D,DISPATCH,UNIT_SCADA,1,"2022/10/20 08:10:00",BERYLSF1,2.972350
D,DISPATCH,UNIT_SCADA,1,"2022/10/20 08:10:00",BLOWERNG,62.50
D,DISPATCH,UNIT_SCADA,1,"2022/10/20 08:10:00",BLUEGSF1,34.729980
D,DISPATCH,UNIT_SCADA,1,"2022/10/20 08:10:00",BLUFF1,32.90
D,DISPATCH,UNIT_SCADA,1,"2022/10/20 08:10:00",BNGSF1,94.67
D,DISPATCH,UNIT_SCADA,1,"2022/10/20 08:10:00",BNGSF2,86.72
D,DISPATCH,UNIT_SCADA,1,"2022/10/20 08:10:00",BOCORWF1,0
D,DISPATCH,UNIT_SCADA,1,"2022/10/20 08:10:00",BODWF1,101.722720
D,DISPATCH,UNIT_SCADA,1,"2022/10/20 08:10:00",BOMENSF1,25.600370
D,DISPATCH,UNIT_SCADA,1,"2022/10/20 08:10:00",BOWWBA1G,0
D,DISPATCH,UNIT_SCADA,1,"2022/10/20 08:10:00",BOWWBA1L,0.0010
D,DISPATCH,UNIT_SCADA,1,"2022/10/20 08:10:00",BOWWPV1,0.0010
D,DISPATCH,UNIT_SCADA,1,"2022/10/20 08:10:00",BRAEMAR1,0
D,DISPATCH,UNIT_SCADA,1,"2022/10/20 08:10:00",BRAEMAR2,0
D,DISPATCH,UNIT_SCADA,1,"2022/10/20 08:10:00",BRAEMAR3,0
D,DISPATCH,UNIT_SCADA,1,"2022/10/20 08:10:00",BRAEMAR5,0.292060
D,DISPATCH,UNIT_SCADA,1,"2022/10/20 08:10:00",BRAEMAR6,0
D,DISPATCH,UNIT_SCADA,1,"2022/10/20 08:10:00",BRAEMAR7,0.130920
D,DISPATCH,UNIT_SCADA,1,"2022/10/20 08:10:00",BROKENH1,4.099940
D,DISPATCH,UNIT_SCADA,1,"2022/10/20 08:10:00",BRYB1WF1,117.1313
D,DISPATCH,UNIT_SCADA,1,"2022/10/20 08:10:00",BULBESG1,0
D,DISPATCH,UNIT_SCADA,1,"2022/10/20 08:10:00",BULBESL1,1.08
D,DISPATCH,UNIT_SCADA,1,"2022/10/20 08:10:00",BULGANA1,19.50
D,DISPATCH,UNIT_SCADA,1,"2022/10/20 08:10:00",BW01,658.5672
D,DISPATCH,UNIT_SCADA,1,"2022/10/20 08:10:00",BW02,620.480650
D,DISPATCH,UNIT_SCADA,1,"2022/10/20 08:10:00",BW03,555.2453
D,DISPATCH,UNIT_SCADA,1,"2022/10/20 08:10:00",BW04,0
D,DISPATCH,UNIT_SCADA,1,"2022/10/20 08:10:00",CALL_B_1,322.700010
D,DISPATCH,UNIT_SCADA,1,"2022/10/20 08:10:00",CALL_B_2,320.800020
D,DISPATCH,UNIT_SCADA,1,"2022/10/20 08:10:00",CATHROCK,0
D,DISPATCH,UNIT_SCADA,1,"2022/10/20 08:10:00",CBWWBA1G,0
D,DISPATCH,UNIT_SCADA,1,"2022/10/20 08:10:00",CBWWBA1L,0
D,DISPATCH,UNIT_SCADA,1,"2022/10/20 08:10:00",CETHANA,97.346250
D,DISPATCH,UNIT_SCADA,1,"2022/10/20 08:10:00",CG1,0
D,DISPATCH,UNIT_SCADA,1,"2022/10/20 08:10:00",CG2,0
D,DISPATCH,UNIT_SCADA,1,"2022/10/20 08:10:00",CG3,0
D,DISPATCH,UNIT_SCADA,1,"2022/10/20 08:10:00",CG4,0
D,DISPATCH,UNIT_SCADA,1,"2022/10/20 08:10:00",CHILDSF1,8.71
D,DISPATCH,UNIT_SCADA,1,"2022/10/20 08:10:00",CHYTWF1,0
D,DISPATCH,UNIT_SCADA,1,"2022/10/20 08:10:00",CLARESF1,35.923970
D,DISPATCH,UNIT_SCADA,1,"2022/10/20 08:10:00",CLEMGPWF,7.851810
D,DISPATCH,UNIT_SCADA,1,"2022/10/20 08:10:00",CLERMSF1,39.49
D,DISPATCH,UNIT_SCADA,1,"2022/10/20 08:10:00",CNUNDAWF,23.2271
D,DISPATCH,UNIT_SCADA,1,"2022/10/20 08:10:00",COHUNSF1,2.64
D,DISPATCH,UNIT_SCADA,1,"2022/10/20 08:10:00",COLEASF1,39.802010
D,DISPATCH,UNIT_SCADA,1,"2022/10/20 08:10:00",COLUMSF1,9.9960
D,DISPATCH,UNIT_SCADA,1,"2022/10/20 08:10:00",COLWF01,133.347060
D,DISPATCH,UNIT_SCADA,1,"2022/10/20 08:10:00",COOPGWF1,349.670010
D,DISPATCH,UNIT_SCADA,1,"2022/10/20 08:10:00",CPP_3,364.100010
D,DISPATCH,UNIT_SCADA,1,"2022/10/20 08:10:00",CPP_4,0
D,DISPATCH,UNIT_SCADA,1,"2022/10/20 08:10:00",CPSA,0
D,DISPATCH,UNIT_SCADA,1,"2022/10/20 08:10:00",CROOKWF2,42.125270
D,DISPATCH,UNIT_SCADA,1,"2022/10/20 08:10:00",CROWLWF1,29.3079
D,DISPATCH,UNIT_SCADA,1,"2022/10/20 08:10:00",CRURWF1,66.197530
D,DISPATCH,UNIT_SCADA,1,"2022/10/20 08:10:00",CRWASF1,20.420610
D,DISPATCH,UNIT_SCADA,1,"2022/10/20 08:10:00",CSPVPS1,15.2730
D,DISPATCH,UNIT_SCADA,1,"2022/10/20 08:10:00",CTHLWF1,0.003050
D,DISPATCH,UNIT_SCADA,1,"2022/10/20 08:10:00",DALNTH01,0
D,DISPATCH,UNIT_SCADA,1,"2022/10/20 08:10:00",DALNTHL1,0.196840
D,DISPATCH,UNIT_SCADA,1,"2022/10/20 08:10:00",DARLSF1,129.748140
D,DISPATCH,UNIT_SCADA,1,"2022/10/20 08:10:00",DARTM1,0
D,DISPATCH,UNIT_SCADA,1,"2022/10/20 08:10:00",DAYDSF1,125.198010
D,DISPATCH,UNIT_SCADA,1,"2022/10/20 08:10:00",DDPS1,0
D,DISPATCH,UNIT_SCADA,1,"2022/10/20 08:10:00",DDSF1,13.044740
D,DISPATCH,UNIT_SCADA,1,"2022/10/20 08:10:00",DEVILS_G,58.532060
D,DISPATCH,UNIT_SCADA,1,"2022/10/20 08:10:00",DG_NSW1,0
D,DISPATCH,UNIT_SCADA,1,"2022/10/20 08:10:00",DG_QLD1,0
D,DISPATCH,UNIT_SCADA,1,"2022/10/20 08:10:00",DG_SA1,0
D,DISPATCH,UNIT_SCADA,1,"2022/10/20 08:10:00",DG_TAS1,0
D,DISPATCH,UNIT_SCADA,1,"2022/10/20 08:10:00",DG_VIC1,0
D,DISPATCH,UNIT_SCADA,1,"2022/10/20 08:10:00",DRYCGT1,0
D,DISPATCH,UNIT_SCADA,1,"2022/10/20 08:10:00",DRYCGT2,0
D,DISPATCH,UNIT_SCADA,1,"2022/10/20 08:10:00",DRYCGT3,0
D,DISPATCH,UNIT_SCADA,1,"2022/10/20 08:10:00",DUNDWF1,80.85
D,DISPATCH,UNIT_SCADA,1,"2022/10/20 08:10:00",DUNDWF2,26.73
D,DISPATCH,UNIT_SCADA,1,"2022/10/20 08:10:00",DUNDWF3,68.78
D,DISPATCH,UNIT_SCADA,1,"2022/10/20 08:10:00",EILDON1,59.92
D,DISPATCH,UNIT_SCADA,1,"2022/10/20 08:10:00",EILDON2,60.04
D,DISPATCH,UNIT_SCADA,1,"2022/10/20 08:10:00",ELAINWF1,11.78
D,DISPATCH,UNIT_SCADA,1,"2022/10/20 08:10:00",EMERASF1,0
D,DISPATCH,UNIT_SCADA,1,"2022/10/20 08:10:00",ER01,0
D,DISPATCH,UNIT_SCADA,1,"2022/10/20 08:10:00",ER02,594.869930
D,DISPATCH,UNIT_SCADA,1,"2022/10/20 08:10:00",ER03,595.724430
D,DISPATCH,UNIT_SCADA,1,"2022/10/20 08:10:00",ER04,598.361210
D,DISPATCH,UNIT_SCADA,1,"2022/10/20 08:10:00",FINLYSF1,128.496220
D,DISPATCH,UNIT_SCADA,1,"2022/10/20 08:10:00",FISHER,44.77
D,DISPATCH,UNIT_SCADA,1,"2022/10/20 08:10:00",GANGARR1,10.43
D,DISPATCH,UNIT_SCADA,1,"2022/10/20 08:10:00",GANNBG1,0.281010
D,DISPATCH,UNIT_SCADA,1,"2022/10/20 08:10:00",GANNBL1,0
D,DISPATCH,UNIT_SCADA,1,"2022/10/20 08:10:00",GANNSF1,36.50
D,DISPATCH,UNIT_SCADA,1,"2022/10/20 08:10:00",GLRWNSF1,109.92
D,DISPATCH,UNIT_SCADA,1,"2022/10/20 08:10:00",GNNDHSF1,27.501260
D,DISPATCH,UNIT_SCADA,1,"2022/10/20 08:10:00",GOONSF1,25.868310
D,DISPATCH,UNIT_SCADA,1,"2022/10/20 08:10:00",GORDON,246.010830
D,DISPATCH,UNIT_SCADA,1,"2022/10/20 08:10:00",GRANWF1,11.18
D,DISPATCH,UNIT_SCADA,1,"2022/10/20 08:10:00",GSTONE1,196
D,DISPATCH,UNIT_SCADA,1,"2022/10/20 08:10:00",GSTONE2,0
D,DISPATCH,UNIT_SCADA,1,"2022/10/20 08:10:00",GSTONE3,196
D,DISPATCH,UNIT_SCADA,1,"2022/10/20 08:10:00",GSTONE4,0
D,DISPATCH,UNIT_SCADA,1,"2022/10/20 08:10:00",GSTONE5,195.8250
D,DISPATCH,UNIT_SCADA,1,"2022/10/20 08:10:00",GSTONE6,197.75
D,DISPATCH,UNIT_SCADA,1,"2022/10/20 08:10:00",GULLRSF1,1.544980
D,DISPATCH,UNIT_SCADA,1,"2022/10/20 08:10:00",GULLRWF1,66.473990
D,DISPATCH,UNIT_SCADA,1,"2022/10/20 08:10:00",GULLRWF2,87.903690
D,DISPATCH,UNIT_SCADA,1,"2022/10/20 08:10:00",GUNNING1,0
D,DISPATCH,UNIT_SCADA,1,"2022/10/20 08:10:00",GUTHEGA,67.70
D,DISPATCH,UNIT_SCADA,1,"2022/10/20 08:10:00",HALLWF1,54.86
D,DISPATCH,UNIT_SCADA,1,"2022/10/20 08:10:00",HALLWF2,49.43
D,DISPATCH,UNIT_SCADA,1,"2022/10/20 08:10:00",HAMISF1,39.50
D,DISPATCH,UNIT_SCADA,1,"2022/10/20 08:10:00",HAUGHT11,8.984580
D,DISPATCH,UNIT_SCADA,1,"2022/10/20 08:10:00",HAYMSF1,43.3640
D,DISPATCH,UNIT_SCADA,1,"2022/10/20 08:10:00",HDWF1,69.40
D,DISPATCH,UNIT_SCADA,1,"2022/10/20 08:10:00",HDWF2,23.40
D,DISPATCH,UNIT_SCADA,1,"2022/10/20 08:10:00",HDWF3,62.80
D,DISPATCH,UNIT_SCADA,1,"2022/10/20 08:10:00",HILLSTN1,14.695940
D,DISPATCH,UNIT_SCADA,1,"2022/10/20 08:10:00",HPRG1,4.30
D,DISPATCH,UNIT_SCADA,1,"2022/10/20 08:10:00",HPRL1,0
D,DISPATCH,UNIT_SCADA,1,"2022/10/20 08:10:00",HUMENSW,55.019710
D,DISPATCH,UNIT_SCADA,1,"2022/10/20 08:10:00",HUMEV,0
D,DISPATCH,UNIT_SCADA,1,"2022/10/20 08:10:00",HVWWBA1G,0
D,DISPATCH,UNIT_SCADA,1,"2022/10/20 08:10:00",HVWWBA1L,0.0070
D,DISPATCH,UNIT_SCADA,1,"2022/10/20 08:10:00",HVWWPV1,0.11
D,DISPATCH,UNIT_SCADA,1,"2022/10/20 08:10:00",JBUTTERS,0
D,DISPATCH,UNIT_SCADA,1,"2022/10/20 08:10:00",JEMALNG1,7.38
D,DISPATCH,UNIT_SCADA,1,"2022/10/20 08:10:00",JLA01,0
D,DISPATCH,UNIT_SCADA,1,"2022/10/20 08:10:00",JLA02,0
D,DISPATCH,UNIT_SCADA,1,"2022/10/20 08:10:00",JLA03,0
D,DISPATCH,UNIT_SCADA,1,"2022/10/20 08:10:00",JLA04,0
D,DISPATCH,UNIT_SCADA,1,"2022/10/20 08:10:00",JLB01,0
D,DISPATCH,UNIT_SCADA,1,"2022/10/20 08:10:00",JLB02,0.10
D,DISPATCH,UNIT_SCADA,1,"2022/10/20 08:10:00",JLB03,0
D,DISPATCH,UNIT_SCADA,1,"2022/10/20 08:10:00",JUNEESF1,2.478980
D,DISPATCH,UNIT_SCADA,1,"2022/10/20 08:10:00",KABANWF1,0
D,DISPATCH,UNIT_SCADA,1,"2022/10/20 08:10:00",KAREEYA1,0
D,DISPATCH,UNIT_SCADA,1,"2022/10/20 08:10:00",KAREEYA2,0
D,DISPATCH,UNIT_SCADA,1,"2022/10/20 08:10:00",KAREEYA3,5.0525
D,DISPATCH,UNIT_SCADA,1,"2022/10/20 08:10:00",KAREEYA4,0
D,DISPATCH,UNIT_SCADA,1,"2022/10/20 08:10:00",KARSF1,8.90
D,DISPATCH,UNIT_SCADA,1,"2022/10/20 08:10:00",KEPSF1,2.46
D,DISPATCH,UNIT_SCADA,1,"2022/10/20 08:10:00",KEPWF1,0
D,DISPATCH,UNIT_SCADA,1,"2022/10/20 08:10:00",KIAMSF1,5.245290
D,DISPATCH,UNIT_SCADA,1,"2022/10/20 08:10:00",KIATAWF1,19.60
D,DISPATCH,UNIT_SCADA,1,"2022/10/20 08:10:00",KPP_1,0
D,DISPATCH,UNIT_SCADA,1,"2022/10/20 08:10:00",KSP1,46.88
D,DISPATCH,UNIT_SCADA,1,"2022/10/20 08:10:00",LADBROK1,0.01
D,DISPATCH,UNIT_SCADA,1,"2022/10/20 08:10:00",LADBROK2,38.25
D,DISPATCH,UNIT_SCADA,1,"2022/10/20 08:10:00",LBBG1,0
D,DISPATCH,UNIT_SCADA,1,"2022/10/20 08:10:00",LBBL1,10.95
D,DISPATCH,UNIT_SCADA,1,"2022/10/20 08:10:00",LD01,322.531830
D,DISPATCH,UNIT_SCADA,1,"2022/10/20 08:10:00",LD02,0
D,DISPATCH,UNIT_SCADA,1,"2022/10/20 08:10:00",LD04,318.155460
D,DISPATCH,UNIT_SCADA,1,"2022/10/20 08:10:00",LEM_WIL,86.706420
D,DISPATCH,UNIT_SCADA,1,"2022/10/20 08:10:00",LGAPWF1,20.06
D,DISPATCH,UNIT_SCADA,1,"2022/10/20 08:10:00",LGAPWF2,14.94
D,DISPATCH,UNIT_SCADA,1,"2022/10/20 08:10:00",LILYSF1,5.177340
D,DISPATCH,UNIT_SCADA,1,"2022/10/20 08:10:00",LIMOSF11,12.613870
D,DISPATCH,UNIT_SCADA,1,"2022/10/20 08:10:00",LIMOSF21,2.457710
D,DISPATCH,UNIT_SCADA,1,"2022/10/20 08:10:00",LI_WY_CA,77.554430
D,DISPATCH,UNIT_SCADA,1,"2022/10/20 08:10:00",LKBONNY1,0
D,DISPATCH,UNIT_SCADA,1,"2022/10/20 08:10:00",LKBONNY2,0
D,DISPATCH,UNIT_SCADA,1,"2022/10/20 08:10:00",LKBONNY3,0
D,DISPATCH,UNIT_SCADA,1,"2022/10/20 08:10:00",LK_ECHO,0
D,DISPATCH,UNIT_SCADA,1,"2022/10/20 08:10:00",LNGS1,0
D,DISPATCH,UNIT_SCADA,1,"2022/10/20 08:10:00",LNGS2,0
D,DISPATCH,UNIT_SCADA,1,"2022/10/20 08:10:00",LONSDALE,0
D,DISPATCH,UNIT_SCADA,1,"2022/10/20 08:10:00",LOYYB1,490.222780
D,DISPATCH,UNIT_SCADA,1,"2022/10/20 08:10:00",LOYYB2,490.222780
D,DISPATCH,UNIT_SCADA,1,"2022/10/20 08:10:00",LYA1,532
D,DISPATCH,UNIT_SCADA,1,"2022/10/20 08:10:00",LYA2,0
D,DISPATCH,UNIT_SCADA,1,"2022/10/20 08:10:00",LYA3,532
D,DISPATCH,UNIT_SCADA,1,"2022/10/20 08:10:00",LYA4,533
D,DISPATCH,UNIT_SCADA,1,"2022/10/20 08:10:00",MACARTH1,15.899630
D,DISPATCH,UNIT_SCADA,1,"2022/10/20 08:10:00",MACKNTSH,0
D,DISPATCH,UNIT_SCADA,1,"2022/10/20 08:10:00",MANSLR1,3.1730
D,DISPATCH,UNIT_SCADA,1,"2022/10/20 08:10:00",MAPS2PV1,0
D,DISPATCH,UNIT_SCADA,1,"2022/10/20 08:10:00",MAPS3PV1,0
D,DISPATCH,UNIT_SCADA,1,"2022/10/20 08:10:00",MARYRSF1,16.69
D,DISPATCH,UNIT_SCADA,1,"2022/10/20 08:10:00",MBPS2PV1,0
D,DISPATCH,UNIT_SCADA,1,"2022/10/20 08:10:00",MCKAY1,0.02
D,DISPATCH,UNIT_SCADA,1,"2022/10/20 08:10:00",MEADOWBK,20.0060
D,DISPATCH,UNIT_SCADA,1,"2022/10/20 08:10:00",MERCER01,21.50
D,DISPATCH,UNIT_SCADA,1,"2022/10/20 08:10:00",METZSF1,8.6046
D,DISPATCH,UNIT_SCADA,1,"2022/10/20 08:10:00",MEWF1,0
D,DISPATCH,UNIT_SCADA,1,"2022/10/20 08:10:00",MIDDLSF1,4.30
D,DISPATCH,UNIT_SCADA,1,"2022/10/20 08:10:00",MINTARO,0.128180
D,DISPATCH,UNIT_SCADA,1,"2022/10/20 08:10:00",MOLNGSF1,3.472950
D,DISPATCH,UNIT_SCADA,1,"2022/10/20 08:10:00",MOORAWF1,24.91
D,DISPATCH,UNIT_SCADA,1,"2022/10/20 08:10:00",MOREESF1,0.6980
D,DISPATCH,UNIT_SCADA,1,"2022/10/20 08:10:00",MORTLK11,0
D,DISPATCH,UNIT_SCADA,1,"2022/10/20 08:10:00",MORTLK12,0
D,DISPATCH,UNIT_SCADA,1,"2022/10/20 08:10:00",MOUSF1,0
D,DISPATCH,UNIT_SCADA,1,"2022/10/20 08:10:00",MP1,0
D,DISPATCH,UNIT_SCADA,1,"2022/10/20 08:10:00",MP2,353.972690
D,DISPATCH,UNIT_SCADA,1,"2022/10/20 08:10:00",MPP_1,178.045520
D,DISPATCH,UNIT_SCADA,1,"2022/10/20 08:10:00",MPP_2,79.531470
D,DISPATCH,UNIT_SCADA,1,"2022/10/20 08:10:00",MRTLSWF1,0
D,DISPATCH,UNIT_SCADA,1,"2022/10/20 08:10:00",MSTUART1,0
D,DISPATCH,UNIT_SCADA,1,"2022/10/20 08:10:00",MSTUART2,0
D,DISPATCH,UNIT_SCADA,1,"2022/10/20 08:10:00",MSTUART3,0
D,DISPATCH,UNIT_SCADA,1,"2022/10/20 08:10:00",MTGELWF1,48.762480
D,DISPATCH,UNIT_SCADA,1,"2022/10/20 08:10:00",MTMILLAR,1.40
D,DISPATCH,UNIT_SCADA,1,"2022/10/20 08:10:00",MURRAY,0
D,DISPATCH,UNIT_SCADA,1,"2022/10/20 08:10:00",MUSSELR1,82.30
D,DISPATCH,UNIT_SCADA,1,"2022/10/20 08:10:00",MUWAWF1,121.28
D,DISPATCH,UNIT_SCADA,1,"2022/10/20 08:10:00",MUWAWF2,117.50
D,DISPATCH,UNIT_SCADA,1,"2022/10/20 08:10:00",MWPS1PV1,0.13
D,DISPATCH,UNIT_SCADA,1,"2022/10/20 08:10:00",MWPS2PV1,0
D,DISPATCH,UNIT_SCADA,1,"2022/10/20 08:10:00",MWPS3PV1,0
D,DISPATCH,UNIT_SCADA,1,"2022/10/20 08:10:00",MWPS4PV1,0.01
D,DISPATCH,UNIT_SCADA,1,"2022/10/20 08:10:00",NBHWF1,86.600010
D,DISPATCH,UNIT_SCADA,1,"2022/10/20 08:10:00",NEVERSF1,1.87
D,DISPATCH,UNIT_SCADA,1,"2022/10/20 08:10:00",NPS,0
D,DISPATCH,UNIT_SCADA,1,"2022/10/20 08:10:00",NUMURSF1,89.95
D,DISPATCH,UNIT_SCADA,1,"2022/10/20 08:10:00",NYNGAN1,7.25
D,DISPATCH,UNIT_SCADA,1,"2022/10/20 08:10:00",OAKEY1,0
D,DISPATCH,UNIT_SCADA,1,"2022/10/20 08:10:00",OAKEY1SF,8.9420
D,DISPATCH,UNIT_SCADA,1,"2022/10/20 08:10:00",OAKEY2,0
D,DISPATCH,UNIT_SCADA,1,"2022/10/20 08:10:00",OAKEY2SF,13.41
D,DISPATCH,UNIT_SCADA,1,"2022/10/20 08:10:00",OAKLAND1,2.50
D,DISPATCH,UNIT_SCADA,1,"2022/10/20 08:10:00",OSB-AG,0
D,DISPATCH,UNIT_SCADA,1,"2022/10/20 08:10:00",PAREPS1,0.0660
D,DISPATCH,UNIT_SCADA,1,"2022/10/20 08:10:00",PAREPW1,100.72
D,DISPATCH,UNIT_SCADA,1,"2022/10/20 08:10:00",PARSF1,21.800560
D,DISPATCH,UNIT_SCADA,1,"2022/10/20 08:10:00",POAT110,0
D,DISPATCH,UNIT_SCADA,1,"2022/10/20 08:10:00",POAT220,0
D,DISPATCH,UNIT_SCADA,1,"2022/10/20 08:10:00",POR01,0
D,DISPATCH,UNIT_SCADA,1,"2022/10/20 08:10:00",POR03,0
D,DISPATCH,UNIT_SCADA,1,"2022/10/20 08:10:00",PPCCGT,176.236540
D,DISPATCH,UNIT_SCADA,1,"2022/10/20 08:10:00",PTSTAN1,0
D,DISPATCH,UNIT_SCADA,1,"2022/10/20 08:10:00",PUMP1,0
D,DISPATCH,UNIT_SCADA,1,"2022/10/20 08:10:00",PUMP2,0
D,DISPATCH,UNIT_SCADA,1,"2022/10/20 08:10:00",QBYNBG1,0.0005
D,DISPATCH,UNIT_SCADA,1,"2022/10/20 08:10:00",QBYNBL1,0
D,DISPATCH,UNIT_SCADA,1,"2022/10/20 08:10:00",QPS1,0
D,DISPATCH,UNIT_SCADA,1,"2022/10/20 08:10:00",QPS2,0
D,DISPATCH,UNIT_SCADA,1,"2022/10/20 08:10:00",QPS3,0
D,DISPATCH,UNIT_SCADA,1,"2022/10/20 08:10:00",QPS4,0
D,DISPATCH,UNIT_SCADA,1,"2022/10/20 08:10:00",QPS5,77.04
D,DISPATCH,UNIT_SCADA,1,"2022/10/20 08:10:00",REECE1,46.388260
D,DISPATCH,UNIT_SCADA,1,"2022/10/20 08:10:00",REECE2,0
D,DISPATCH,UNIT_SCADA,1,"2022/10/20 08:10:00",ROMA_7,0
D,DISPATCH,UNIT_SCADA,1,"2022/10/20 08:10:00",ROMA_8,0
D,DISPATCH,UNIT_SCADA,1,"2022/10/20 08:10:00",RRSF1,107.352980
D,DISPATCH,UNIT_SCADA,1,"2022/10/20 08:10:00",RT_NSW1,0
D,DISPATCH,UNIT_SCADA,1,"2022/10/20 08:10:00",RT_NSW2,0
D,DISPATCH,UNIT_SCADA,1,"2022/10/20 08:10:00",RT_NSW3,0
D,DISPATCH,UNIT_SCADA,1,"2022/10/20 08:10:00",RT_NSW4,0
D,DISPATCH,UNIT_SCADA,1,"2022/10/20 08:10:00",RT_NSW5,0
D,DISPATCH,UNIT_SCADA,1,"2022/10/20 08:10:00",RT_NSW6,0
D,DISPATCH,UNIT_SCADA,1,"2022/10/20 08:10:00",RT_QLD1,0
D,DISPATCH,UNIT_SCADA,1,"2022/10/20 08:10:00",RT_SA1,0
D,DISPATCH,UNIT_SCADA,1,"2022/10/20 08:10:00",RT_SA2,0
D,DISPATCH,UNIT_SCADA,1,"2022/10/20 08:10:00",RT_SA3,0
D,DISPATCH,UNIT_SCADA,1,"2022/10/20 08:10:00",RT_SA4,0
D,DISPATCH,UNIT_SCADA,1,"2022/10/20 08:10:00",RT_SA5,0
D,DISPATCH,UNIT_SCADA,1,"2022/10/20 08:10:00",RT_SA6,0
D,DISPATCH,UNIT_SCADA,1,"2022/10/20 08:10:00",RT_TAS1,0
D,DISPATCH,UNIT_SCADA,1,"2022/10/20 08:10:00",RT_VIC1,0
D,DISPATCH,UNIT_SCADA,1,"2022/10/20 08:10:00",RT_VIC10,0
D,DISPATCH,UNIT_SCADA,1,"2022/10/20 08:10:00",RT_VIC11,0
D,DISPATCH,UNIT_SCADA,1,"2022/10/20 08:10:00",RT_VIC12,0
D,DISPATCH,UNIT_SCADA,1,"2022/10/20 08:10:00",RT_VIC2,0
D,DISPATCH,UNIT_SCADA,1,"2022/10/20 08:10:00",RT_VIC3,0
D,DISPATCH,UNIT_SCADA,1,"2022/10/20 08:10:00",RT_VIC4,0
D,DISPATCH,UNIT_SCADA,1,"2022/10/20 08:10:00",RT_VIC5,0
D,DISPATCH,UNIT_SCADA,1,"2022/10/20 08:10:00",RT_VIC6,0
D,DISPATCH,UNIT_SCADA,1,"2022/10/20 08:10:00",RT_VIC7,0
D,DISPATCH,UNIT_SCADA,1,"2022/10/20 08:10:00",RT_VIC8,0
D,DISPATCH,UNIT_SCADA,1,"2022/10/20 08:10:00",RT_VIC9,0
D,DISPATCH,UNIT_SCADA,1,"2022/10/20 08:10:00",RUGBYR1,1.8608
D,DISPATCH,UNIT_SCADA,1,"2022/10/20 08:10:00",SALTCRK1,24.88
D,DISPATCH,UNIT_SCADA,1,"2022/10/20 08:10:00",SAPHWF1,126.889450
D,DISPATCH,UNIT_SCADA,1,"2022/10/20 08:10:00",SEBSF1,21.763330
D,DISPATCH,UNIT_SCADA,1,"2022/10/20 08:10:00",SHGEN,39.913330
D,DISPATCH,UNIT_SCADA,1,"2022/10/20 08:10:00",SHPUMP,0
D,DISPATCH,UNIT_SCADA,1,"2022/10/20 08:10:00",SITHE01,0.1840
D,DISPATCH,UNIT_SCADA,1,"2022/10/20 08:10:00",SMCSF1,22.2190
D,DISPATCH,UNIT_SCADA,1,"2022/10/20 08:10:00",SNAPPER1,0
D,DISPATCH,UNIT_SCADA,1,"2022/10/20 08:10:00",SNOWNTH1,131.30
D,DISPATCH,UNIT_SCADA,1,"2022/10/20 08:10:00",SNOWSTH1,109.50
D,DISPATCH,UNIT_SCADA,1,"2022/10/20 08:10:00",SNOWTWN1,0
D,DISPATCH,UNIT_SCADA,1,"2022/10/20 08:10:00",SNOWYP,0
D,DISPATCH,UNIT_SCADA,1,"2022/10/20 08:10:00",SNUG1,0
D,DISPATCH,UNIT_SCADA,1,"2022/10/20 08:10:00",SRSF1,5.48
D,DISPATCH,UNIT_SCADA,1,"2022/10/20 08:10:00",STAN-1,284.388520
D,DISPATCH,UNIT_SCADA,1,"2022/10/20 08:10:00",STAN-2,365.999450
D,DISPATCH,UNIT_SCADA,1,"2022/10/20 08:10:00",STAN-3,154.633940
D,DISPATCH,UNIT_SCADA,1,"2022/10/20 08:10:00",STAN-4,364.7305
D,DISPATCH,UNIT_SCADA,1,"2022/10/20 08:10:00",STARHLWF,0.01
D,DISPATCH,UNIT_SCADA,1,"2022/10/20 08:10:00",STOCKYD1,99.30
D,DISPATCH,UNIT_SCADA,1,"2022/10/20 08:10:00",STWF1,28.295720
D,DISPATCH,UNIT_SCADA,1,"2022/10/20 08:10:00",SUNRSF1,5.177390
D,DISPATCH,UNIT_SCADA,1,"2022/10/20 08:10:00",SUNTPSF1,27.775690
D,DISPATCH,UNIT_SCADA,1,"2022/10/20 08:10:00",SWAN_E,195.804370
D,DISPATCH,UNIT_SCADA,1,"2022/10/20 08:10:00",TALWA1,0
D,DISPATCH,UNIT_SCADA,1,"2022/10/20 08:10:00",TARALGA1,0
D,DISPATCH,UNIT_SCADA,1,"2022/10/20 08:10:00",TARONG#1,350
D,DISPATCH,UNIT_SCADA,1,"2022/10/20 08:10:00",TARONG#2,348.899990
D,DISPATCH,UNIT_SCADA,1,"2022/10/20 08:10:00",TARONG#3,0.90
D,DISPATCH,UNIT_SCADA,1,"2022/10/20 08:10:00",TARONG#4,294.50
D,DISPATCH,UNIT_SCADA,1,"2022/10/20 08:10:00",TARRALEA,53.80
D,DISPATCH,UNIT_SCADA,1,"2022/10/20 08:10:00",TBSF1,14.20
D,DISPATCH,UNIT_SCADA,1,"2022/10/20 08:10:00",TNPS1,442.75
D,DISPATCH,UNIT_SCADA,1,"2022/10/20 08:10:00",TORRB1,0
D,DISPATCH,UNIT_SCADA,1,"2022/10/20 08:10:00",TORRB2,44
D,DISPATCH,UNIT_SCADA,1,"2022/10/20 08:10:00",TORRB3,0
D,DISPATCH,UNIT_SCADA,1,"2022/10/20 08:10:00",TORRB4,0
D,DISPATCH,UNIT_SCADA,1,"2022/10/20 08:10:00",TREVALLN,98.3409
D,DISPATCH,UNIT_SCADA,1,"2022/10/20 08:10:00",TRIBUTE,0
D,DISPATCH,UNIT_SCADA,1,"2022/10/20 08:10:00",TUMUT3,0
D,DISPATCH,UNIT_SCADA,1,"2022/10/20 08:10:00",TUNGATIN,4.300020
D,DISPATCH,UNIT_SCADA,1,"2022/10/20 08:10:00",TVCC201,0
D,DISPATCH,UNIT_SCADA,1,"2022/10/20 08:10:00",TVPP104,40.029260
D,DISPATCH,UNIT_SCADA,1,"2022/10/20 08:10:00",UPPTUMUT,1.374550
D,DISPATCH,UNIT_SCADA,1,"2022/10/20 08:10:00",URANQ11,0
D,DISPATCH,UNIT_SCADA,1,"2022/10/20 08:10:00",URANQ12,0
D,DISPATCH,UNIT_SCADA,1,"2022/10/20 08:10:00",URANQ13,0
D,DISPATCH,UNIT_SCADA,1,"2022/10/20 08:10:00",URANQ14,0
D,DISPATCH,UNIT_SCADA,1,"2022/10/20 08:10:00",VBBG1,222.100010
D,DISPATCH,UNIT_SCADA,1,"2022/10/20 08:10:00",VBBL1,0
D,DISPATCH,UNIT_SCADA,1,"2022/10/20 08:10:00",VP5,476.259640
D,DISPATCH,UNIT_SCADA,1,"2022/10/20 08:10:00",VP6,478.115170
D,DISPATCH,UNIT_SCADA,1,"2022/10/20 08:10:00",VPGS1,0
D,DISPATCH,UNIT_SCADA,1,"2022/10/20 08:10:00",VPGS2,0
D,DISPATCH,UNIT_SCADA,1,"2022/10/20 08:10:00",VPGS3,0
D,DISPATCH,UNIT_SCADA,1,"2022/10/20 08:10:00",VPGS4,0
D,DISPATCH,UNIT_SCADA,1,"2022/10/20 08:10:00",VPGS5,0
D,DISPATCH,UNIT_SCADA,1,"2022/10/20 08:10:00",VPGS6,0
D,DISPATCH,UNIT_SCADA,1,"2022/10/20 08:10:00",W/HOE#1,0
D,DISPATCH,UNIT_SCADA,1,"2022/10/20 08:10:00",W/HOE#2,0
D,DISPATCH,UNIT_SCADA,1,"2022/10/20 08:10:00",WAGGNSF1,0
D,DISPATCH,UNIT_SCADA,1,"2022/10/20 08:10:00",WALGRVG1,0
D,DISPATCH,UNIT_SCADA,1,"2022/10/20 08:10:00",WALGRVL1,11.470250
D,DISPATCH,UNIT_SCADA,1,"2022/10/20 08:10:00",WANDBG1,0
D,DISPATCH,UNIT_SCADA,1,"2022/10/20 08:10:00",WANDBL1,48.585130
D,DISPATCH,UNIT_SCADA,1,"2022/10/20 08:10:00",WARWSF1,7.71
D,DISPATCH,UNIT_SCADA,1,"2022/10/20 08:10:00",WARWSF2,8.02
D,DISPATCH,UNIT_SCADA,1,"2022/10/20 08:10:00",WATERLWF,28.60
D,DISPATCH,UNIT_SCADA,1,"2022/10/20 08:10:00",WDGPH1,19.3460
D,DISPATCH,UNIT_SCADA,1,"2022/10/20 08:10:00",WELLSF1,20.5478
D,DISPATCH,UNIT_SCADA,1,"2022/10/20 08:10:00",WEMENSF1,37.10
D,DISPATCH,UNIT_SCADA,1,"2022/10/20 08:10:00",WGWF1,90.80
D,DISPATCH,UNIT_SCADA,1,"2022/10/20 08:10:00",WHITSF1,52.50
D,DISPATCH,UNIT_SCADA,1,"2022/10/20 08:10:00",WINTSF1,81.85
D,DISPATCH,UNIT_SCADA,1,"2022/10/20 08:10:00",WKIEWA1,34.30
D,DISPATCH,UNIT_SCADA,1,"2022/10/20 08:10:00",WKIEWA2,34.30
D,DISPATCH,UNIT_SCADA,1,"2022/10/20 08:10:00",WOODLWN1,24.350470
D,DISPATCH,UNIT_SCADA,1,"2022/10/20 08:10:00",WOOLGSF1,9.149440
D,DISPATCH,UNIT_SCADA,1,"2022/10/20 08:10:00",WPWF,40.90
D,DISPATCH,UNIT_SCADA,1,"2022/10/20 08:10:00",WRSF1,0.670190
D,DISPATCH,UNIT_SCADA,1,"2022/10/20 08:10:00",WRWF1,24.682380
D,DISPATCH,UNIT_SCADA,1,"2022/10/20 08:10:00",WSTWYSF1,0
D,DISPATCH,UNIT_SCADA,1,"2022/10/20 08:10:00",YABULU,0
D,DISPATCH,UNIT_SCADA,1,"2022/10/20 08:10:00",YABULU2,0
D,DISPATCH,UNIT_SCADA,1,"2022/10/20 08:10:00",YARANSF1,75.35
D,DISPATCH,UNIT_SCADA,1,"2022/10/20 08:10:00",YARWUN_1,129.25
D,DISPATCH,UNIT_SCADA,1,"2022/10/20 08:10:00",YATSF1,12.40
D,DISPATCH,UNIT_SCADA,1,"2022/10/20 08:10:00",YENDWF1,17.86
D,DISPATCH,UNIT_SCADA,1,"2022/10/20 08:10:00",YWPS1,366.916440
D,DISPATCH,UNIT_SCADA,1,"2022/10/20 08:10:00",YWPS2,292.729130
D,DISPATCH,UNIT_SCADA,1,"2022/10/20 08:10:00",YWPS3,362.775940
D,DISPATCH,UNIT_SCADA,1,"2022/10/20 08:10:00",YWPS4,0
C,"END OF REPORT",419
