C,NEMP.WORLD,DISPATCHSCADA,AEMO,PUBLIC,2022/10/20,06:05:10,0000000373233716,DISPATCHSCADA,0000000373233710
I,DISPATCH,UNIT_SCADA,1,SETTLEMENTDATE,DUID,SCADAVALUE
D,DISPATCH,UNIT_SCADA,1,"2022/10/20 06:10:00",BARCSF1,0.10
D,DISPATCH,UNIT_SCADA,1,"2022/10/20 06:10:00",BUTLERSG,8.699999
D,DISPATCH,UNIT_SCADA,1,"2022/10/20 06:10:00",CAPTL_WF,35.191944
D,DISPATCH,UNIT_SCADA,1,"2022/10/20 06:10:00",CHALLHWF,18
D,DISPATCH,UNIT_SCADA,1,"2022/10/20 06:10:00",CLOVER,13.190001
D,DISPATCH,UNIT_SCADA,1,"2022/10/20 06:10:00",CLUNY,6.228885
D,DISPATCH,UNIT_SCADA,1,"2022/10/20 06:10:00",CULLRGWF,-0.06
D,DISPATCH,UNIT_SCADA,1,"2022/10/20 06:10:00",DIAPURWF1,7.30
D,DISPATCH,UNIT_SCADA,1,"2022/10/20 06:10:00",ERGT01,0
D,DISPATCH,UNIT_SCADA,1,"2022/10/20 06:10:00",GB01,0
D,DISPATCH,UNIT_SCADA,1,"2022/10/20 06:10:00",GERMCRK,22.50
D,DISPATCH,UNIT_SCADA,1,"2022/10/20 06:10:00",GRIFSF1,0.700389
D,DISPATCH,UNIT_SCADA,1,"2022/10/20 06:10:00",HEZ1,0
D,DISPATCH,UNIT_SCADA,1,"2022/10/20 06:10:00",HUGSF1,-0.1740
D,DISPATCH,UNIT_SCADA,1,"2022/10/20 06:10:00",KEPBG1,0.01
D,DISPATCH,UNIT_SCADA,1,"2022/10/20 06:10:00",LRSF1,0.2280
D,DISPATCH,UNIT_SCADA,1,"2022/10/20 06:10:00",MBAHNTH,47.962494
D,DISPATCH,UNIT_SCADA,1,"2022/10/20 06:10:00",MLSP1,0.861001
D,DISPATCH,UNIT_SCADA,1,"2022/10/20 06:10:00",MLWF1,1.20
D,DISPATCH,UNIT_SCADA,1,"2022/10/20 06:10:00",PALOONA,30.25
D,DISPATCH,UNIT_SCADA,1,"2022/10/20 06:10:00",PIONEER,44.100002
D,DISPATCH,UNIT_SCADA,1,"2022/10/20 06:10:00",PORTWF,44.599998
D,DISPATCH,UNIT_SCADA,1,"2022/10/20 06:10:00",REPULSE,9.550317
D,DISPATCH,UNIT_SCADA,1,"2022/10/20 06:10:00",ROWALLAN,8.9460
D,DISPATCH,UNIT_SCADA,1,"2022/10/20 06:10:00",ROYALLA1,1.189003
D,DISPATCH,UNIT_SCADA,1,"2022/10/20 06:10:00",RPCG,-1.20
D,DISPATCH,UNIT_SCADA,1,"2022/10/20 06:10:00",RUBICON,0
D,DISPATCH,UNIT_SCADA,1,"2022/10/20 06:10:00",WAUBRAWF,75.771004
D,DISPATCH,UNIT_SCADA,1,"2022/10/20 06:10:00",WOOLNTH1,31.49
D,DISPATCH,UNIT_SCADA,1,"2022/10/20 06:10:00",YAMBUKWF,4.70
D,DISPATCH,UNIT_SCADA,1,"2022/10/20 06:10:00",YSWF1,0.70
D,DISPATCH,UNIT_SCADA,1,"2022/10/20 06:10:00",ADPBA1G,0.0080
D,DISPATCH,UNIT_SCADA,1,"2022/10/20 06:10:00",ADPBA1L,0
D,DISPATCH,UNIT_SCADA,1,"2022/10/20 06:10:00",ADPPV1,0.1850
D,DISPATCH,UNIT_SCADA,1,"2022/10/20 06:10:00",AGLHAL,0
D,DISPATCH,UNIT_SCADA,1,"2022/10/20 06:10:00",AGLSOM,0
D,DISPATCH,UNIT_SCADA,1,"2022/10/20 06:10:00",ANGAST1,0
D,DISPATCH,UNIT_SCADA,1,"2022/10/20 06:10:00",ARWF1,8.40
D,DISPATCH,UNIT_SCADA,1,"2022/10/20 06:10:00",BALBG1,0
D,DISPATCH,UNIT_SCADA,1,"2022/10/20 06:10:00",BALBL1,0
D,DISPATCH,UNIT_SCADA,1,"2022/10/20 06:10:00",BALDHWF1,3.7170
D,DISPATCH,UNIT_SCADA,1,"2022/10/20 06:10:00",BANGOWF1,67.195850
D,DISPATCH,UNIT_SCADA,1,"2022/10/20 06:10:00",BANGOWF2,66.398190
D,DISPATCH,UNIT_SCADA,1,"2022/10/20 06:10:00",BANN1,0.65
D,DISPATCH,UNIT_SCADA,1,"2022/10/20 06:10:00",BARCALDN,0
D,DISPATCH,UNIT_SCADA,1,"2022/10/20 06:10:00",BARKIPS1,0
D,DISPATCH,UNIT_SCADA,1,"2022/10/20 06:10:00",BARRON-1,28.04
D,DISPATCH,UNIT_SCADA,1,"2022/10/20 06:10:00",BARRON-2,0
D,DISPATCH,UNIT_SCADA,1,"2022/10/20 06:10:00",BASTYAN,67.12
D,DISPATCH,UNIT_SCADA,1,"2022/10/20 06:10:00",BBTHREE1,-1.05
D,DISPATCH,UNIT_SCADA,1,"2022/10/20 06:10:00",BBTHREE2,0
D,DISPATCH,UNIT_SCADA,1,"2022/10/20 06:10:00",BBTHREE3,0
D,DISPATCH,UNIT_SCADA,1,"2022/10/20 06:10:00",BDL01,0
D,DISPATCH,UNIT_SCADA,1,"2022/10/20 06:10:00",BDL02,0
D,DISPATCH,UNIT_SCADA,1,"2022/10/20 06:10:00",BERYLSF1,0
D,DISPATCH,UNIT_SCADA,1,"2022/10/20 06:10:00",BLOWERNG,62.60
D,DISPATCH,UNIT_SCADA,1,"2022/10/20 06:10:00",BLUEGSF1,2.888830
D,DISPATCH,UNIT_SCADA,1,"2022/10/20 06:10:00",BLUFF1,9.70
D,DISPATCH,UNIT_SCADA,1,"2022/10/20 06:10:00",BNGSF1,0.04
D,DISPATCH,UNIT_SCADA,1,"2022/10/20 06:10:00",BNGSF2,0
D,DISPATCH,UNIT_SCADA,1,"2022/10/20 06:10:00",BOCORWF1,0.19
D,DISPATCH,UNIT_SCADA,1,"2022/10/20 06:10:00",BODWF1,106.7402
D,DISPATCH,UNIT_SCADA,1,"2022/10/20 06:10:00",BOMENSF1,17.290910
D,DISPATCH,UNIT_SCADA,1,"2022/10/20 06:10:00",BOWWBA1G,0
D,DISPATCH,UNIT_SCADA,1,"2022/10/20 06:10:00",BOWWBA1L,0.0040
D,DISPATCH,UNIT_SCADA,1,"2022/10/20 06:10:00",BOWWPV1,0
D,DISPATCH,UNIT_SCADA,1,"2022/10/20 06:10:00",BRAEMAR1,0
D,DISPATCH,UNIT_SCADA,1,"2022/10/20 06:10:00",BRAEMAR2,0
D,DISPATCH,UNIT_SCADA,1,"2022/10/20 06:10:00",BRAEMAR3,0
D,DISPATCH,UNIT_SCADA,1,"2022/10/20 06:10:00",BRAEMAR5,0.292060
D,DISPATCH,UNIT_SCADA,1,"2022/10/20 06:10:00",BRAEMAR6,0
D,DISPATCH,UNIT_SCADA,1,"2022/10/20 06:10:00",BRAEMAR7,0.130920
D,DISPATCH,UNIT_SCADA,1,"2022/10/20 06:10:00",BROKENH1,0
D,DISPATCH,UNIT_SCADA,1,"2022/10/20 06:10:00",BRYB1WF1,80.686650
D,DISPATCH,UNIT_SCADA,1,"2022/10/20 06:10:00",BULBESG1,0
D,DISPATCH,UNIT_SCADA,1,"2022/10/20 06:10:00",BULBESL1,0.03
D,DISPATCH,UNIT_SCADA,1,"2022/10/20 06:10:00",BULGANA1,57.12
D,DISPATCH,UNIT_SCADA,1,"2022/10/20 06:10:00",BW01,598.654170
D,DISPATCH,UNIT_SCADA,1,"2022/10/20 06:10:00",BW02,616.305790
D,DISPATCH,UNIT_SCADA,1,"2022/10/20 06:10:00",BW03,545.381840
D,DISPATCH,UNIT_SCADA,1,"2022/10/20 06:10:00",BW04,0
D,DISPATCH,UNIT_SCADA,1,"2022/10/20 06:10:00",CALL_B_1,318.300020
D,DISPATCH,UNIT_SCADA,1,"2022/10/20 06:10:00",CALL_B_2,318.300020
D,DISPATCH,UNIT_SCADA,1,"2022/10/20 06:10:00",CATHROCK,5.50
D,DISPATCH,UNIT_SCADA,1,"2022/10/20 06:10:00",CBWWBA1G,0
D,DISPATCH,UNIT_SCADA,1,"2022/10/20 06:10:00",CBWWBA1L,0
D,DISPATCH,UNIT_SCADA,1,"2022/10/20 06:10:00",CETHANA,97.166630
D,DISPATCH,UNIT_SCADA,1,"2022/10/20 06:10:00",CG1,0
D,DISPATCH,UNIT_SCADA,1,"2022/10/20 06:10:00",CG2,0
D,DISPATCH,UNIT_SCADA,1,"2022/10/20 06:10:00",CG3,0
D,DISPATCH,UNIT_SCADA,1,"2022/10/20 06:10:00",CG4,0
D,DISPATCH,UNIT_SCADA,1,"2022/10/20 06:10:00",CHILDSF1,0.04
D,DISPATCH,UNIT_SCADA,1,"2022/10/20 06:10:00",CHYTWF1,6.05
D,DISPATCH,UNIT_SCADA,1,"2022/10/20 06:10:00",CLARESF1,0
D,DISPATCH,UNIT_SCADA,1,"2022/10/20 06:10:00",CLEMGPWF,7.275540
D,DISPATCH,UNIT_SCADA,1,"2022/10/20 06:10:00",CLERMSF1,0
D,DISPATCH,UNIT_SCADA,1,"2022/10/20 06:10:00",CNUNDAWF,16.1188
D,DISPATCH,UNIT_SCADA,1,"2022/10/20 06:10:00",COHUNSF1,0.24
D,DISPATCH,UNIT_SCADA,1,"2022/10/20 06:10:00",COLEASF1,3.203250
D,DISPATCH,UNIT_SCADA,1,"2022/10/20 06:10:00",COLUMSF1,0.9640
D,DISPATCH,UNIT_SCADA,1,"2022/10/20 06:10:00",COLWF01,95.442130
D,DISPATCH,UNIT_SCADA,1,"2022/10/20 06:10:00",COOPGWF1,367.41
D,DISPATCH,UNIT_SCADA,1,"2022/10/20 06:10:00",CPP_3,359.975010
D,DISPATCH,UNIT_SCADA,1,"2022/10/20 06:10:00",CPP_4,0
D,DISPATCH,UNIT_SCADA,1,"2022/10/20 06:10:00",CPSA,0
D,DISPATCH,UNIT_SCADA,1,"2022/10/20 06:10:00",CROOKWF2,36.293890
D,DISPATCH,UNIT_SCADA,1,"2022/10/20 06:10:00",CROWLWF1,40.919040
D,DISPATCH,UNIT_SCADA,1,"2022/10/20 06:10:00",CRURWF1,90.097580
D,DISPATCH,UNIT_SCADA,1,"2022/10/20 06:10:00",CRWASF1,4.338430
D,DISPATCH,UNIT_SCADA,1,"2022/10/20 06:10:00",CSPVPS1,0.9250
D,DISPATCH,UNIT_SCADA,1,"2022/10/20 06:10:00",CTHLWF1,0.003050
D,DISPATCH,UNIT_SCADA,1,"2022/10/20 06:10:00",DALNTH01,0
D,DISPATCH,UNIT_SCADA,1,"2022/10/20 06:10:00",DALNTHL1,6.065450
D,DISPATCH,UNIT_SCADA,1,"2022/10/20 06:10:00",DARLSF1,5.995880
D,DISPATCH,UNIT_SCADA,1,"2022/10/20 06:10:00",DARTM1,0
D,DISPATCH,UNIT_SCADA,1,"2022/10/20 06:10:00",DAYDSF1,3.3270
D,DISPATCH,UNIT_SCADA,1,"2022/10/20 06:10:00",DDPS1,0
D,DISPATCH,UNIT_SCADA,1,"2022/10/20 06:10:00",DDSF1,0.047060
D,DISPATCH,UNIT_SCADA,1,"2022/10/20 06:10:00",DEVILS_G,59.943240
D,DISPATCH,UNIT_SCADA,1,"2022/10/20 06:10:00",DG_NSW1,0
D,DISPATCH,UNIT_SCADA,1,"2022/10/20 06:10:00",DG_QLD1,0
D,DISPATCH,UNIT_SCADA,1,"2022/10/20 06:10:00",DG_SA1,0
D,DISPATCH,UNIT_SCADA,1,"2022/10/20 06:10:00",DG_TAS1,0
D,DISPATCH,UNIT_SCADA,1,"2022/10/20 06:10:00",DG_VIC1,0
D,DISPATCH,UNIT_SCADA,1,"2022/10/20 06:10:00",DRYCGT1,0
D,DISPATCH,UNIT_SCADA,1,"2022/10/20 06:10:00",DRYCGT2,0
D,DISPATCH,UNIT_SCADA,1,"2022/10/20 06:10:00",DRYCGT3,0
D,DISPATCH,UNIT_SCADA,1,"2022/10/20 06:10:00",DUNDWF1,69.60
D,DISPATCH,UNIT_SCADA,1,"2022/10/20 06:10:00",DUNDWF2,21.09
D,DISPATCH,UNIT_SCADA,1,"2022/10/20 06:10:00",DUNDWF3,39.47
D,DISPATCH,UNIT_SCADA,1,"2022/10/20 06:10:00",EILDON1,59.76
D,DISPATCH,UNIT_SCADA,1,"2022/10/20 06:10:00",EILDON2,59.96
D,DISPATCH,UNIT_SCADA,1,"2022/10/20 06:10:00",ELAINWF1,21.38
D,DISPATCH,UNIT_SCADA,1,"2022/10/20 06:10:00",EMERASF1,0
D,DISPATCH,UNIT_SCADA,1,"2022/10/20 06:10:00",ER01,0
D,DISPATCH,UNIT_SCADA,1,"2022/10/20 06:10:00",ER02,678.245240
D,DISPATCH,UNIT_SCADA,1,"2022/10/20 06:10:00",ER03,677.805730
D,DISPATCH,UNIT_SCADA,1,"2022/10/20 06:10:00",ER04,685.984560
D,DISPATCH,UNIT_SCADA,1,"2022/10/20 06:10:00",FINLYSF1,15.524530
D,DISPATCH,UNIT_SCADA,1,"2022/10/20 06:10:00",FISHER,45.86
D,DISPATCH,UNIT_SCADA,1,"2022/10/20 06:10:00",GANGARR1,0
D,DISPATCH,UNIT_SCADA,1,"2022/10/20 06:10:00",GANNBG1,13.251650
D,DISPATCH,UNIT_SCADA,1,"2022/10/20 06:10:00",GANNBL1,0
D,DISPATCH,UNIT_SCADA,1,"2022/10/20 06:10:00",GANNSF1,1.40
D,DISPATCH,UNIT_SCADA,1,"2022/10/20 06:10:00",GLRWNSF1,11.89
D,DISPATCH,UNIT_SCADA,1,"2022/10/20 06:10:00",GNNDHSF1,3.879840
D,DISPATCH,UNIT_SCADA,1,"2022/10/20 06:10:00",GOONSF1,0.2649
D,DISPATCH,UNIT_SCADA,1,"2022/10/20 06:10:00",GORDON,232.828740
D,DISPATCH,UNIT_SCADA,1,"2022/10/20 06:10:00",GRANWF1,12.04
D,DISPATCH,UNIT_SCADA,1,"2022/10/20 06:10:00",GSTONE1,199.849990
D,DISPATCH,UNIT_SCADA,1,"2022/10/20 06:10:00",GSTONE2,0
D,DISPATCH,UNIT_SCADA,1,"2022/10/20 06:10:00",GSTONE3,199.6750
D,DISPATCH,UNIT_SCADA,1,"2022/10/20 06:10:00",GSTONE4,0
D,DISPATCH,UNIT_SCADA,1,"2022/10/20 06:10:00",GSTONE5,200.024990
D,DISPATCH,UNIT_SCADA,1,"2022/10/20 06:10:00",GSTONE6,201.25
D,DISPATCH,UNIT_SCADA,1,"2022/10/20 06:10:00",GULLRSF1,0
D,DISPATCH,UNIT_SCADA,1,"2022/10/20 06:10:00",GULLRWF1,67.213970
D,DISPATCH,UNIT_SCADA,1,"2022/10/20 06:10:00",GULLRWF2,105.366360
D,DISPATCH,UNIT_SCADA,1,"2022/10/20 06:10:00",GUNNING1,0
D,DISPATCH,UNIT_SCADA,1,"2022/10/20 06:10:00",GUTHEGA,67.40
D,DISPATCH,UNIT_SCADA,1,"2022/10/20 06:10:00",HALLWF1,63.79
D,DISPATCH,UNIT_SCADA,1,"2022/10/20 06:10:00",HALLWF2,50.51
D,DISPATCH,UNIT_SCADA,1,"2022/10/20 06:10:00",HAMISF1,0
D,DISPATCH,UNIT_SCADA,1,"2022/10/20 06:10:00",HAUGHT11,0
D,DISPATCH,UNIT_SCADA,1,"2022/10/20 06:10:00",HAYMSF1,0
D,DISPATCH,UNIT_SCADA,1,"2022/10/20 06:10:00",HDWF1,44.30
D,DISPATCH,UNIT_SCADA,1,"2022/10/20 06:10:00",HDWF2,24.40
D,DISPATCH,UNIT_SCADA,1,"2022/10/20 06:10:00",HDWF3,23.30
D,DISPATCH,UNIT_SCADA,1,"2022/10/20 06:10:00",HILLSTN1,0.569220
D,DISPATCH,UNIT_SCADA,1,"2022/10/20 06:10:00",HPRG1,0
D,DISPATCH,UNIT_SCADA,1,"2022/10/20 06:10:00",HPRL1,3
D,DISPATCH,UNIT_SCADA,1,"2022/10/20 06:10:00",HUMENSW,54.961270
D,DISPATCH,UNIT_SCADA,1,"2022/10/20 06:10:00",HUMEV,0
D,DISPATCH,UNIT_SCADA,1,"2022/10/20 06:10:00",HVWWBA1G,0
D,DISPATCH,UNIT_SCADA,1,"2022/10/20 06:10:00",HVWWBA1L,0.0070
D,DISPATCH,UNIT_SCADA,1,"2022/10/20 06:10:00",HVWWPV1,0.0520
D,DISPATCH,UNIT_SCADA,1,"2022/10/20 06:10:00",JBUTTERS,0
D,DISPATCH,UNIT_SCADA,1,"2022/10/20 06:10:00",JEMALNG1,0
D,DISPATCH,UNIT_SCADA,1,"2022/10/20 06:10:00",JLA01,0
D,DISPATCH,UNIT_SCADA,1,"2022/10/20 06:10:00",JLA02,0
D,DISPATCH,UNIT_SCADA,1,"2022/10/20 06:10:00",JLA03,0
D,DISPATCH,UNIT_SCADA,1,"2022/10/20 06:10:00",JLA04,0
D,DISPATCH,UNIT_SCADA,1,"2022/10/20 06:10:00",JLB01,0
D,DISPATCH,UNIT_SCADA,1,"2022/10/20 06:10:00",JLB02,0.10
D,DISPATCH,UNIT_SCADA,1,"2022/10/20 06:10:00",JLB03,0
D,DISPATCH,UNIT_SCADA,1,"2022/10/20 06:10:00",JUNEESF1,2.269820
D,DISPATCH,UNIT_SCADA,1,"2022/10/20 06:10:00",KABANWF1,1.4370
D,DISPATCH,UNIT_SCADA,1,"2022/10/20 06:10:00",KAREEYA1,17.8225
D,DISPATCH,UNIT_SCADA,1,"2022/10/20 06:10:00",KAREEYA2,0
D,DISPATCH,UNIT_SCADA,1,"2022/10/20 06:10:00",KAREEYA3,21.2625
D,DISPATCH,UNIT_SCADA,1,"2022/10/20 06:10:00",KAREEYA4,0
D,DISPATCH,UNIT_SCADA,1,"2022/10/20 06:10:00",KARSF1,1.50
D,DISPATCH,UNIT_SCADA,1,"2022/10/20 06:10:00",KEPSF1,0
D,DISPATCH,UNIT_SCADA,1,"2022/10/20 06:10:00",KEPWF1,0
D,DISPATCH,UNIT_SCADA,1,"2022/10/20 06:10:00",KIAMSF1,0
D,DISPATCH,UNIT_SCADA,1,"2022/10/20 06:10:00",KIATAWF1,30.70
D,DISPATCH,UNIT_SCADA,1,"2022/10/20 06:10:00",KPP_1,0
D,DISPATCH,UNIT_SCADA,1,"2022/10/20 06:10:00",KSP1,0.15
D,DISPATCH,UNIT_SCADA,1,"2022/10/20 06:10:00",LADBROK1,0.02
D,DISPATCH,UNIT_SCADA,1,"2022/10/20 06:10:00",LADBROK2,37.59
D,DISPATCH,UNIT_SCADA,1,"2022/10/20 06:10:00",LBBG1,0
D,DISPATCH,UNIT_SCADA,1,"2022/10/20 06:10:00",LBBL1,0.90
D,DISPATCH,UNIT_SCADA,1,"2022/10/20 06:10:00",LD01,318.155460
D,DISPATCH,UNIT_SCADA,1,"2022/10/20 06:10:00",LD02,0
D,DISPATCH,UNIT_SCADA,1,"2022/10/20 06:10:00",LD04,316.8920
D,DISPATCH,UNIT_SCADA,1,"2022/10/20 06:10:00",LEM_WIL,86.533920
D,DISPATCH,UNIT_SCADA,1,"2022/10/20 06:10:00",LGAPWF1,93.25
D,DISPATCH,UNIT_SCADA,1,"2022/10/20 06:10:00",LGAPWF2,59.63
D,DISPATCH,UNIT_SCADA,1,"2022/10/20 06:10:00",LILYSF1,0
D,DISPATCH,UNIT_SCADA,1,"2022/10/20 06:10:00",LIMOSF11,6.077820
D,DISPATCH,UNIT_SCADA,1,"2022/10/20 06:10:00",LIMOSF21,0.781480
D,DISPATCH,UNIT_SCADA,1,"2022/10/20 06:10:00",LI_WY_CA,76.353840
D,DISPATCH,UNIT_SCADA,1,"2022/10/20 06:10:00",LKBONNY1,0
D,DISPATCH,UNIT_SCADA,1,"2022/10/20 06:10:00",LKBONNY2,25.910490
D,DISPATCH,UNIT_SCADA,1,"2022/10/20 06:10:00",LKBONNY3,7.703450
D,DISPATCH,UNIT_SCADA,1,"2022/10/20 06:10:00",LK_ECHO,0
D,DISPATCH,UNIT_SCADA,1,"2022/10/20 06:10:00",LNGS1,0
D,DISPATCH,UNIT_SCADA,1,"2022/10/20 06:10:00",LNGS2,0
D,DISPATCH,UNIT_SCADA,1,"2022/10/20 06:10:00",LONSDALE,0
D,DISPATCH,UNIT_SCADA,1,"2022/10/20 06:10:00",LOYYB1,578.570860
D,DISPATCH,UNIT_SCADA,1,"2022/10/20 06:10:00",LOYYB2,571.427860
D,DISPATCH,UNIT_SCADA,1,"2022/10/20 06:10:00",LYA1,547
D,DISPATCH,UNIT_SCADA,1,"2022/10/20 06:10:00",LYA2,0
D,DISPATCH,UNIT_SCADA,1,"2022/10/20 06:10:00",LYA3,549
D,DISPATCH,UNIT_SCADA,1,"2022/10/20 06:10:00",LYA4,549
D,DISPATCH,UNIT_SCADA,1,"2022/10/20 06:10:00",MACARTH1,57.098680
D,DISPATCH,UNIT_SCADA,1,"2022/10/20 06:10:00",MACKNTSH,0
D,DISPATCH,UNIT_SCADA,1,"2022/10/20 06:10:00",MANSLR1,0
D,DISPATCH,UNIT_SCADA,1,"2022/10/20 06:10:00",MAPS2PV1,0
D,DISPATCH,UNIT_SCADA,1,"2022/10/20 06:10:00",MAPS3PV1,0
D,DISPATCH,UNIT_SCADA,1,"2022/10/20 06:10:00",MARYRSF1,0.67
D,DISPATCH,UNIT_SCADA,1,"2022/10/20 06:10:00",MBPS2PV1,0
D,DISPATCH,UNIT_SCADA,1,"2022/10/20 06:10:00",MCKAY1,237.649990
D,DISPATCH,UNIT_SCADA,1,"2022/10/20 06:10:00",MEADOWBK,19.777360
D,DISPATCH,UNIT_SCADA,1,"2022/10/20 06:10:00",MERCER01,20.40
D,DISPATCH,UNIT_SCADA,1,"2022/10/20 06:10:00",METZSF1,10.926180
D,DISPATCH,UNIT_SCADA,1,"2022/10/20 06:10:00",MEWF1,0
D,DISPATCH,UNIT_SCADA,1,"2022/10/20 06:10:00",MIDDLSF1,0.66
D,DISPATCH,UNIT_SCADA,1,"2022/10/20 06:10:00",MINTARO,0.128180
D,DISPATCH,UNIT_SCADA,1,"2022/10/20 06:10:00",MOLNGSF1,0
D,DISPATCH,UNIT_SCADA,1,"2022/10/20 06:10:00",MOORAWF1,29.33
D,DISPATCH,UNIT_SCADA,1,"2022/10/20 06:10:00",MOREESF1,0.5740
D,DISPATCH,UNIT_SCADA,1,"2022/10/20 06:10:00",MORTLK11,0
D,DISPATCH,UNIT_SCADA,1,"2022/10/20 06:10:00",MORTLK12,0
D,DISPATCH,UNIT_SCADA,1,"2022/10/20 06:10:00",MOUSF1,0
D,DISPATCH,UNIT_SCADA,1,"2022/10/20 06:10:00",MP1,0
D,DISPATCH,UNIT_SCADA,1,"2022/10/20 06:10:00",MP2,542.696290
D,DISPATCH,UNIT_SCADA,1,"2022/10/20 06:10:00",MPP_1,162.435260
D,DISPATCH,UNIT_SCADA,1,"2022/10/20 06:10:00",MPP_2,0
D,DISPATCH,UNIT_SCADA,1,"2022/10/20 06:10:00",MRTLSWF1,0
D,DISPATCH,UNIT_SCADA,1,"2022/10/20 06:10:00",MSTUART1,0
D,DISPATCH,UNIT_SCADA,1,"2022/10/20 06:10:00",MSTUART2,0
D,DISPATCH,UNIT_SCADA,1,"2022/10/20 06:10:00",MSTUART3,0
D,DISPATCH,UNIT_SCADA,1,"2022/10/20 06:10:00",MTGELWF1,24.593340
D,DISPATCH,UNIT_SCADA,1,"2022/10/20 06:10:00",MTMILLAR,10.50
D,DISPATCH,UNIT_SCADA,1,"2022/10/20 06:10:00",MURRAY,31.50
D,DISPATCH,UNIT_SCADA,1,"2022/10/20 06:10:00",MUSSELR1,2.80
D,DISPATCH,UNIT_SCADA,1,"2022/10/20 06:10:00",MUWAWF1,180.62
D,DISPATCH,UNIT_SCADA,1,"2022/10/20 06:10:00",MUWAWF2,175.70
D,DISPATCH,UNIT_SCADA,1,"2022/10/20 06:10:00",MWPS1PV1,0
D,DISPATCH,UNIT_SCADA,1,"2022/10/20 06:10:00",MWPS2PV1,0.01
D,DISPATCH,UNIT_SCADA,1,"2022/10/20 06:10:00",MWPS3PV1,0
D,DISPATCH,UNIT_SCADA,1,"2022/10/20 06:10:00",MWPS4PV1,0.01
D,DISPATCH,UNIT_SCADA,1,"2022/10/20 06:10:00",NBHWF1,100.90
D,DISPATCH,UNIT_SCADA,1,"2022/10/20 06:10:00",NEVERSF1,0.71
D,DISPATCH,UNIT_SCADA,1,"2022/10/20 06:10:00",NPS,0
D,DISPATCH,UNIT_SCADA,1,"2022/10/20 06:10:00",NUMURSF1,16.55
D,DISPATCH,UNIT_SCADA,1,"2022/10/20 06:10:00",NYNGAN1,0
D,DISPATCH,UNIT_SCADA,1,"2022/10/20 06:10:00",OAKEY1,0
D,DISPATCH,UNIT_SCADA,1,"2022/10/20 06:10:00",OAKEY1SF,0.6040
D,DISPATCH,UNIT_SCADA,1,"2022/10/20 06:10:00",OAKEY2,0
D,DISPATCH,UNIT_SCADA,1,"2022/10/20 06:10:00",OAKEY2SF,1.15
D,DISPATCH,UNIT_SCADA,1,"2022/10/20 06:10:00",OAKLAND1,19.80
D,DISPATCH,UNIT_SCADA,1,"2022/10/20 06:10:00",OSB-AG,0
D,DISPATCH,UNIT_SCADA,1,"2022/10/20 06:10:00",PAREPS1,0.0660
D,DISPATCH,UNIT_SCADA,1,"2022/10/20 06:10:00",PAREPW1,98.85
D,DISPATCH,UNIT_SCADA,1,"2022/10/20 06:10:00",PARSF1,0.3006
D,DISPATCH,UNIT_SCADA,1,"2022/10/20 06:10:00",POAT110,0
D,DISPATCH,UNIT_SCADA,1,"2022/10/20 06:10:00",POAT220,0
D,DISPATCH,UNIT_SCADA,1,"2022/10/20 06:10:00",POR01,0
D,DISPATCH,UNIT_SCADA,1,"2022/10/20 06:10:00",POR03,0
D,DISPATCH,UNIT_SCADA,1,"2022/10/20 06:10:00",PPCCGT,171.538820
D,DISPATCH,UNIT_SCADA,1,"2022/10/20 06:10:00",PTSTAN1,0
D,DISPATCH,UNIT_SCADA,1,"2022/10/20 06:10:00",PUMP1,0
D,DISPATCH,UNIT_SCADA,1,"2022/10/20 06:10:00",PUMP2,0
D,DISPATCH,UNIT_SCADA,1,"2022/10/20 06:10:00",QBYNBG1,0.0005
D,DISPATCH,UNIT_SCADA,1,"2022/10/20 06:10:00",QBYNBL1,0
D,DISPATCH,UNIT_SCADA,1,"2022/10/20 06:10:00",QPS1,0
D,DISPATCH,UNIT_SCADA,1,"2022/10/20 06:10:00",QPS2,0
D,DISPATCH,UNIT_SCADA,1,"2022/10/20 06:10:00",QPS3,0
D,DISPATCH,UNIT_SCADA,1,"2022/10/20 06:10:00",QPS4,0
D,DISPATCH,UNIT_SCADA,1,"2022/10/20 06:10:00",QPS5,72.939990
D,DISPATCH,UNIT_SCADA,1,"2022/10/20 06:10:00",REECE1,43.779660
D,DISPATCH,UNIT_SCADA,1,"2022/10/20 06:10:00",REECE2,78.280010
D,DISPATCH,UNIT_SCADA,1,"2022/10/20 06:10:00",ROMA_7,0
D,DISPATCH,UNIT_SCADA,1,"2022/10/20 06:10:00",ROMA_8,0
D,DISPATCH,UNIT_SCADA,1,"2022/10/20 06:10:00",RRSF1,3.681430
D,DISPATCH,UNIT_SCADA,1,"2022/10/20 06:10:00",RT_NSW1,0
D,DISPATCH,UNIT_SCADA,1,"2022/10/20 06:10:00",RT_NSW2,0
D,DISPATCH,UNIT_SCADA,1,"2022/10/20 06:10:00",RT_NSW3,0
D,DISPATCH,UNIT_SCADA,1,"2022/10/20 06:10:00",RT_NSW4,0
D,DISPATCH,UNIT_SCADA,1,"2022/10/20 06:10:00",RT_NSW5,0
D,DISPATCH,UNIT_SCADA,1,"2022/10/20 06:10:00",RT_NSW6,0
D,DISPATCH,UNIT_SCADA,1,"2022/10/20 06:10:00",RT_QLD1,0
D,DISPATCH,UNIT_SCADA,1,"2022/10/20 06:10:00",RT_SA1,0
D,DISPATCH,UNIT_SCADA,1,"2022/10/20 06:10:00",RT_SA2,0
D,DISPATCH,UNIT_SCADA,1,"2022/10/20 06:10:00",RT_SA3,0
D,DISPATCH,UNIT_SCADA,1,"2022/10/20 06:10:00",RT_SA4,0
D,DISPATCH,UNIT_SCADA,1,"2022/10/20 06:10:00",RT_SA5,0
D,DISPATCH,UNIT_SCADA,1,"2022/10/20 06:10:00",RT_SA6,0
D,DISPATCH,UNIT_SCADA,1,"2022/10/20 06:10:00",RT_TAS1,0
D,DISPATCH,UNIT_SCADA,1,"2022/10/20 06:10:00",RT_VIC1,0
D,DISPATCH,UNIT_SCADA,1,"2022/10/20 06:10:00",RT_VIC10,0
D,DISPATCH,UNIT_SCADA,1,"2022/10/20 06:10:00",RT_VIC11,0
D,DISPATCH,UNIT_SCADA,1,"2022/10/20 06:10:00",RT_VIC12,0
D,DISPATCH,UNIT_SCADA,1,"2022/10/20 06:10:00",RT_VIC2,0
D,DISPATCH,UNIT_SCADA,1,"2022/10/20 06:10:00",RT_VIC3,0
D,DISPATCH,UNIT_SCADA,1,"2022/10/20 06:10:00",RT_VIC4,0
D,DISPATCH,UNIT_SCADA,1,"2022/10/20 06:10:00",RT_VIC5,0
D,DISPATCH,UNIT_SCADA,1,"2022/10/20 06:10:00",RT_VIC6,0
D,DISPATCH,UNIT_SCADA,1,"2022/10/20 06:10:00",RT_VIC7,0
D,DISPATCH,UNIT_SCADA,1,"2022/10/20 06:10:00",RT_VIC8,0
D,DISPATCH,UNIT_SCADA,1,"2022/10/20 06:10:00",RT_VIC9,0
D,DISPATCH,UNIT_SCADA,1,"2022/10/20 06:10:00",RUGBYR1,1.157630
D,DISPATCH,UNIT_SCADA,1,"2022/10/20 06:10:00",SALTCRK1,13.44
D,DISPATCH,UNIT_SCADA,1,"2022/10/20 06:10:00",SAPHWF1,244.463260
D,DISPATCH,UNIT_SCADA,1,"2022/10/20 06:10:00",SEBSF1,4.668470
D,DISPATCH,UNIT_SCADA,1,"2022/10/20 06:10:00",SHGEN,0
D,DISPATCH,UNIT_SCADA,1,"2022/10/20 06:10:00",SHPUMP,0
D,DISPATCH,UNIT_SCADA,1,"2022/10/20 06:10:00",SITHE01,0.123710
D,DISPATCH,UNIT_SCADA,1,"2022/10/20 06:10:00",SMCSF1,0
D,DISPATCH,UNIT_SCADA,1,"2022/10/20 06:10:00",SNAPPER1,0
D,DISPATCH,UNIT_SCADA,1,"2022/10/20 06:10:00",SNOWNTH1,139.200010
D,DISPATCH,UNIT_SCADA,1,"2022/10/20 06:10:00",SNOWSTH1,119.70
D,DISPATCH,UNIT_SCADA,1,"2022/10/20 06:10:00",SNOWTWN1,93.306080
D,DISPATCH,UNIT_SCADA,1,"2022/10/20 06:10:00",SNOWYP,0
D,DISPATCH,UNIT_SCADA,1,"2022/10/20 06:10:00",SNUG1,0
D,DISPATCH,UNIT_SCADA,1,"2022/10/20 06:10:00",SRSF1,2.69
D,DISPATCH,UNIT_SCADA,1,"2022/10/20 06:10:00",STAN-1,277.249020
D,DISPATCH,UNIT_SCADA,1,"2022/10/20 06:10:00",STAN-2,361.8465
D,DISPATCH,UNIT_SCADA,1,"2022/10/20 06:10:00",STAN-3,215.569760
D,DISPATCH,UNIT_SCADA,1,"2022/10/20 06:10:00",STAN-4,361.718320
D,DISPATCH,UNIT_SCADA,1,"2022/10/20 06:10:00",STARHLWF,8.897410
D,DISPATCH,UNIT_SCADA,1,"2022/10/20 06:10:00",STOCKYD1,227.73
D,DISPATCH,UNIT_SCADA,1,"2022/10/20 06:10:00",STWF1,56.563970
D,DISPATCH,UNIT_SCADA,1,"2022/10/20 06:10:00",SUNRSF1,4.893570
D,DISPATCH,UNIT_SCADA,1,"2022/10/20 06:10:00",SUNTPSF1,0
D,DISPATCH,UNIT_SCADA,1,"2022/10/20 06:10:00",SWAN_E,241.859990
D,DISPATCH,UNIT_SCADA,1,"2022/10/20 06:10:00",TALWA1,0
D,DISPATCH,UNIT_SCADA,1,"2022/10/20 06:10:00",TARALGA1,0
D,DISPATCH,UNIT_SCADA,1,"2022/10/20 06:10:00",TARONG#1,349.300020
D,DISPATCH,UNIT_SCADA,1,"2022/10/20 06:10:00",TARONG#2,348.200010
D,DISPATCH,UNIT_SCADA,1,"2022/10/20 06:10:00",TARONG#3,0.90
D,DISPATCH,UNIT_SCADA,1,"2022/10/20 06:10:00",TARONG#4,293.600010
D,DISPATCH,UNIT_SCADA,1,"2022/10/20 06:10:00",TARRALEA,53.80
D,DISPATCH,UNIT_SCADA,1,"2022/10/20 06:10:00",TBSF1,0
D,DISPATCH,UNIT_SCADA,1,"2022/10/20 06:10:00",TNPS1,439.750030
D,DISPATCH,UNIT_SCADA,1,"2022/10/20 06:10:00",TORRB1,0
D,DISPATCH,UNIT_SCADA,1,"2022/10/20 06:10:00",TORRB2,40
D,DISPATCH,UNIT_SCADA,1,"2022/10/20 06:10:00",TORRB3,0
D,DISPATCH,UNIT_SCADA,1,"2022/10/20 06:10:00",TORRB4,0
D,DISPATCH,UNIT_SCADA,1,"2022/10/20 06:10:00",TREVALLN,99.008480
D,DISPATCH,UNIT_SCADA,1,"2022/10/20 06:10:00",TRIBUTE,0
D,DISPATCH,UNIT_SCADA,1,"2022/10/20 06:10:00",TUMUT3,0
D,DISPATCH,UNIT_SCADA,1,"2022/10/20 06:10:00",TUNGATIN,5.420020
D,DISPATCH,UNIT_SCADA,1,"2022/10/20 06:10:00",TVCC201,0
D,DISPATCH,UNIT_SCADA,1,"2022/10/20 06:10:00",TVPP104,0
D,DISPATCH,UNIT_SCADA,1,"2022/10/20 06:10:00",UPPTUMUT,0
D,DISPATCH,UNIT_SCADA,1,"2022/10/20 06:10:00",URANQ11,0
D,DISPATCH,UNIT_SCADA,1,"2022/10/20 06:10:00",URANQ12,0
D,DISPATCH,UNIT_SCADA,1,"2022/10/20 06:10:00",URANQ13,0
D,DISPATCH,UNIT_SCADA,1,"2022/10/20 06:10:00",URANQ14,0
D,DISPATCH,UNIT_SCADA,1,"2022/10/20 06:10:00",VBBG1,128.80
D,DISPATCH,UNIT_SCADA,1,"2022/10/20 06:10:00",VBBL1,0
D,DISPATCH,UNIT_SCADA,1,"2022/10/20 06:10:00",VP5,597.698910
D,DISPATCH,UNIT_SCADA,1,"2022/10/20 06:10:00",VP6,598.0163
D,DISPATCH,UNIT_SCADA,1,"2022/10/20 06:10:00",VPGS1,0
D,DISPATCH,UNIT_SCADA,1,"2022/10/20 06:10:00",VPGS2,0
D,DISPATCH,UNIT_SCADA,1,"2022/10/20 06:10:00",VPGS3,0
D,DISPATCH,UNIT_SCADA,1,"2022/10/20 06:10:00",VPGS4,0
D,DISPATCH,UNIT_SCADA,1,"2022/10/20 06:10:00",VPGS5,0
D,DISPATCH,UNIT_SCADA,1,"2022/10/20 06:10:00",VPGS6,0
D,DISPATCH,UNIT_SCADA,1,"2022/10/20 06:10:00",W/HOE#1,0
D,DISPATCH,UNIT_SCADA,1,"2022/10/20 06:10:00",W/HOE#2,0
D,DISPATCH,UNIT_SCADA,1,"2022/10/20 06:10:00",WAGGNSF1,0
D,DISPATCH,UNIT_SCADA,1,"2022/10/20 06:10:00",WALGRVG1,0.000930
D,DISPATCH,UNIT_SCADA,1,"2022/10/20 06:10:00",WALGRVL1,0
D,DISPATCH,UNIT_SCADA,1,"2022/10/20 06:10:00",WANDBG1,0
D,DISPATCH,UNIT_SCADA,1,"2022/10/20 06:10:00",WANDBL1,2.785070
D,DISPATCH,UNIT_SCADA,1,"2022/10/20 06:10:00",WARWSF1,0.72
D,DISPATCH,UNIT_SCADA,1,"2022/10/20 06:10:00",WARWSF2,0.65
D,DISPATCH,UNIT_SCADA,1,"2022/10/20 06:10:00",WATERLWF,79.70
D,DISPATCH,UNIT_SCADA,1,"2022/10/20 06:10:00",WDGPH1,0
D,DISPATCH,UNIT_SCADA,1,"2022/10/20 06:10:00",WELLSF1,2.188140
D,DISPATCH,UNIT_SCADA,1,"2022/10/20 06:10:00",WEMENSF1,0.20
D,DISPATCH,UNIT_SCADA,1,"2022/10/20 06:10:00",WGWF1,119.10
D,DISPATCH,UNIT_SCADA,1,"2022/10/20 06:10:00",WHITSF1,0
D,DISPATCH,UNIT_SCADA,1,"2022/10/20 06:10:00",WINTSF1,7.21
D,DISPATCH,UNIT_SCADA,1,"2022/10/20 06:10:00",WKIEWA1,33.80
D,DISPATCH,UNIT_SCADA,1,"2022/10/20 06:10:00",WKIEWA2,33.70
D,DISPATCH,UNIT_SCADA,1,"2022/10/20 06:10:00",WOODLWN1,26.081940
D,DISPATCH,UNIT_SCADA,1,"2022/10/20 06:10:00",WOOLGSF1,0.850850
D,DISPATCH,UNIT_SCADA,1,"2022/10/20 06:10:00",WPWF,42.87
D,DISPATCH,UNIT_SCADA,1,"2022/10/20 06:10:00",WRSF1,0.5298
D,DISPATCH,UNIT_SCADA,1,"2022/10/20 06:10:00",WRWF1,49.5790
D,DISPATCH,UNIT_SCADA,1,"2022/10/20 06:10:00",WSTWYSF1,0
D,DISPATCH,UNIT_SCADA,1,"2022/10/20 06:10:00",YABULU,0
D,DISPATCH,UNIT_SCADA,1,"2022/10/20 06:10:00",YABULU2,0
D,DISPATCH,UNIT_SCADA,1,"2022/10/20 06:10:00",YARANSF1,2.45
D,DISPATCH,UNIT_SCADA,1,"2022/10/20 06:10:00",YARWUN_1,129.20
D,DISPATCH,UNIT_SCADA,1,"2022/10/20 06:10:00",YATSF1,0.53
D,DISPATCH,UNIT_SCADA,1,"2022/10/20 06:10:00",YENDWF1,38.36
D,DISPATCH,UNIT_SCADA,1,"2022/10/20 06:10:00",YWPS1,365.913910
D,DISPATCH,UNIT_SCADA,1,"2022/10/20 06:10:00",YWPS2,289.220250
D,DISPATCH,UNIT_SCADA,1,"2022/10/20 06:10:00",YWPS3,357.9772
D,DISPATCH,UNIT_SCADA,1,"2022/10/20 06:10:00",YWPS4,0
C,"END OF REPORT",419
