C,NEMP.WORLD,DISPATCHSCADA,AEMO,PUBLIC,2022/10/20,02:10:09,0000000373221819,DISPATCHSCADA,0000000373221813
I,DISPATCH,UNIT_SCADA,1,SETTLEMENTDATE,DUID,SCADAVALUE
D,DISPATCH,UNIT_SCADA,1,"2022/10/20 02:15:00",BARCSF1,0.10
D,DISPATCH,UNIT_SCADA,1,"2022/10/20 02:15:00",BUTLERSG,8.699999
D,DISPATCH,UNIT_SCADA,1,"2022/10/20 02:15:00",CAPTL_WF,6.947371
D,DISPATCH,UNIT_SCADA,1,"2022/10/20 02:15:00",CHALLHWF,14.599999
D,DISPATCH,UNIT_SCADA,1,"2022/10/20 02:15:00",CLOVER,13.400001
D,DISPATCH,UNIT_SCADA,1,"2022/10/20 02:15:00",CLUNY,6.305791
D,DISPATCH,UNIT_SCADA,1,"2022/10/20 02:15:00",CULLRGWF,-0.03
D,DISPATCH,UNIT_SCADA,1,"2022/10/20 02:15:00",DIAPURWF1,7.30
D,DISPATCH,UNIT_SCADA,1,"2022/10/20 02:15:00",ERGT01,0
D,DISPATCH,UNIT_SCADA,1,"2022/10/20 02:15:00",GB01,0
D,DISPATCH,UNIT_SCADA,1,"2022/10/20 02:15:00",GERMCRK,20.700001
D,DISPATCH,UNIT_SCADA,1,"2022/10/20 02:15:00",GRIFSF1,0.001526
D,DISPATCH,UNIT_SCADA,1,"2022/10/20 02:15:00",HEZ1,0
D,DISPATCH,UNIT_SCADA,1,"2022/10/20 02:15:00",HUGSF1,-0.1740
D,DISPATCH,UNIT_SCADA,1,"2022/10/20 02:15:00",KEPBG1,0.02
D,DISPATCH,UNIT_SCADA,1,"2022/10/20 02:15:00",LRSF1,0.0240
D,DISPATCH,UNIT_SCADA,1,"2022/10/20 02:15:00",MBAHNTH,50.137497
D,DISPATCH,UNIT_SCADA,1,"2022/10/20 02:15:00",MLSP1,0
D,DISPATCH,UNIT_SCADA,1,"2022/10/20 02:15:00",MLWF1,1.8150
D,DISPATCH,UNIT_SCADA,1,"2022/10/20 02:15:00",PALOONA,30.42
D,DISPATCH,UNIT_SCADA,1,"2022/10/20 02:15:00",PIONEER,44
D,DISPATCH,UNIT_SCADA,1,"2022/10/20 02:15:00",PORTWF,26.40
D,DISPATCH,UNIT_SCADA,1,"2022/10/20 02:15:00",REPULSE,9.473412
D,DISPATCH,UNIT_SCADA,1,"2022/10/20 02:15:00",ROWALLAN,8.910501
D,DISPATCH,UNIT_SCADA,1,"2022/10/20 02:15:00",ROYALLA1,0
D,DISPATCH,UNIT_SCADA,1,"2022/10/20 02:15:00",RPCG,-1.20
D,DISPATCH,UNIT_SCADA,1,"2022/10/20 02:15:00",RUBICON,0
D,DISPATCH,UNIT_SCADA,1,"2022/10/20 02:15:00",WAUBRAWF,84.518997
D,DISPATCH,UNIT_SCADA,1,"2022/10/20 02:15:00",WOOLNTH1,7.32
D,DISPATCH,UNIT_SCADA,1,"2022/10/20 02:15:00",YAMBUKWF,2.90
D,DISPATCH,UNIT_SCADA,1,"2022/10/20 02:15:00",YSWF1,2.50
D,DISPATCH,UNIT_SCADA,1,"2022/10/20 02:15:00",ADPBA1G,0.0080
D,DISPATCH,UNIT_SCADA,1,"2022/10/20 02:15:00",ADPBA1L,0
D,DISPATCH,UNIT_SCADA,1,"2022/10/20 02:15:00",ADPPV1,0
D,DISPATCH,UNIT_SCADA,1,"2022/10/20 02:15:00",AGLHAL,0
D,DISPATCH,UNIT_SCADA,1,"2022/10/20 02:15:00",AGLSOM,0
D,DISPATCH,UNIT_SCADA,1,"2022/10/20 02:15:00",ANGAST1,-0.10
D,DISPATCH,UNIT_SCADA,1,"2022/10/20 02:15:00",ARWF1,15.90
D,DISPATCH,UNIT_SCADA,1,"2022/10/20 02:15:00",BALBG1,0
D,DISPATCH,UNIT_SCADA,1,"2022/10/20 02:15:00",BALBL1,0
D,DISPATCH,UNIT_SCADA,1,"2022/10/20 02:15:00",BALDHWF1,0
D,DISPATCH,UNIT_SCADA,1,"2022/10/20 02:15:00",BANGOWF1,48.396740
D,DISPATCH,UNIT_SCADA,1,"2022/10/20 02:15:00",BANGOWF2,49.199740
D,DISPATCH,UNIT_SCADA,1,"2022/10/20 02:15:00",BANN1,0
D,DISPATCH,UNIT_SCADA,1,"2022/10/20 02:15:00",BARCALDN,0
D,DISPATCH,UNIT_SCADA,1,"2022/10/20 02:15:00",BARKIPS1,0
D,DISPATCH,UNIT_SCADA,1,"2022/10/20 02:15:00",BARRON-1,0
D,DISPATCH,UNIT_SCADA,1,"2022/10/20 02:15:00",BARRON-2,0
D,DISPATCH,UNIT_SCADA,1,"2022/10/20 02:15:00",BASTYAN,0
D,DISPATCH,UNIT_SCADA,1,"2022/10/20 02:15:00",BBTHREE1,-1.20
D,DISPATCH,UNIT_SCADA,1,"2022/10/20 02:15:00",BBTHREE2,0
D,DISPATCH,UNIT_SCADA,1,"2022/10/20 02:15:00",BBTHREE3,0
D,DISPATCH,UNIT_SCADA,1,"2022/10/20 02:15:00",BDL01,0
D,DISPATCH,UNIT_SCADA,1,"2022/10/20 02:15:00",BDL02,0
D,DISPATCH,UNIT_SCADA,1,"2022/10/20 02:15:00",BERYLSF1,0
D,DISPATCH,UNIT_SCADA,1,"2022/10/20 02:15:00",BLOWERNG,62.60
D,DISPATCH,UNIT_SCADA,1,"2022/10/20 02:15:00",BLUEGSF1,0
D,DISPATCH,UNIT_SCADA,1,"2022/10/20 02:15:00",BLUFF1,7.60
D,DISPATCH,UNIT_SCADA,1,"2022/10/20 02:15:00",BNGSF1,0
D,DISPATCH,UNIT_SCADA,1,"2022/10/20 02:15:00",BNGSF2,0
D,DISPATCH,UNIT_SCADA,1,"2022/10/20 02:15:00",BOCORWF1,7.36
D,DISPATCH,UNIT_SCADA,1,"2022/10/20 02:15:00",BODWF1,94.222680
D,DISPATCH,UNIT_SCADA,1,"2022/10/20 02:15:00",BOMENSF1,0
D,DISPATCH,UNIT_SCADA,1,"2022/10/20 02:15:00",BOWWBA1G,0.0010
D,DISPATCH,UNIT_SCADA,1,"2022/10/20 02:15:00",BOWWBA1L,0
D,DISPATCH,UNIT_SCADA,1,"2022/10/20 02:15:00",BOWWPV1,0.0010
D,DISPATCH,UNIT_SCADA,1,"2022/10/20 02:15:00",BRAEMAR1,0
D,DISPATCH,UNIT_SCADA,1,"2022/10/20 02:15:00",BRAEMAR2,0
D,DISPATCH,UNIT_SCADA,1,"2022/10/20 02:15:00",BRAEMAR3,0
D,DISPATCH,UNIT_SCADA,1,"2022/10/20 02:15:00",BRAEMAR5,0.292060
D,DISPATCH,UNIT_SCADA,1,"2022/10/20 02:15:00",BRAEMAR6,0
D,DISPATCH,UNIT_SCADA,1,"2022/10/20 02:15:00",BRAEMAR7,0.130920
D,DISPATCH,UNIT_SCADA,1,"2022/10/20 02:15:00",BROKENH1,0
D,DISPATCH,UNIT_SCADA,1,"2022/10/20 02:15:00",BRYB1WF1,137.505160
D,DISPATCH,UNIT_SCADA,1,"2022/10/20 02:15:00",BULBESG1,0
D,DISPATCH,UNIT_SCADA,1,"2022/10/20 02:15:00",BULBESL1,0.03
D,DISPATCH,UNIT_SCADA,1,"2022/10/20 02:15:00",BULGANA1,48.53
D,DISPATCH,UNIT_SCADA,1,"2022/10/20 02:15:00",BW01,442.572660
D,DISPATCH,UNIT_SCADA,1,"2022/10/20 02:15:00",BW02,438.348970
D,DISPATCH,UNIT_SCADA,1,"2022/10/20 02:15:00",BW03,440.448610
D,DISPATCH,UNIT_SCADA,1,"2022/10/20 02:15:00",BW04,0
D,DISPATCH,UNIT_SCADA,1,"2022/10/20 02:15:00",CALL_B_1,319.700010
D,DISPATCH,UNIT_SCADA,1,"2022/10/20 02:15:00",CALL_B_2,320.100010
D,DISPATCH,UNIT_SCADA,1,"2022/10/20 02:15:00",CATHROCK,9.60
D,DISPATCH,UNIT_SCADA,1,"2022/10/20 02:15:00",CBWWBA1G,0
D,DISPATCH,UNIT_SCADA,1,"2022/10/20 02:15:00",CBWWBA1L,0
D,DISPATCH,UNIT_SCADA,1,"2022/10/20 02:15:00",CETHANA,97.825250
D,DISPATCH,UNIT_SCADA,1,"2022/10/20 02:15:00",CG1,0
D,DISPATCH,UNIT_SCADA,1,"2022/10/20 02:15:00",CG2,0
D,DISPATCH,UNIT_SCADA,1,"2022/10/20 02:15:00",CG3,0
D,DISPATCH,UNIT_SCADA,1,"2022/10/20 02:15:00",CG4,0
D,DISPATCH,UNIT_SCADA,1,"2022/10/20 02:15:00",CHILDSF1,0
D,DISPATCH,UNIT_SCADA,1,"2022/10/20 02:15:00",CHYTWF1,13.77
D,DISPATCH,UNIT_SCADA,1,"2022/10/20 02:15:00",CLARESF1,0
D,DISPATCH,UNIT_SCADA,1,"2022/10/20 02:15:00",CLEMGPWF,28.309760
D,DISPATCH,UNIT_SCADA,1,"2022/10/20 02:15:00",CLERMSF1,0
D,DISPATCH,UNIT_SCADA,1,"2022/10/20 02:15:00",CNUNDAWF,0
D,DISPATCH,UNIT_SCADA,1,"2022/10/20 02:15:00",COHUNSF1,0
D,DISPATCH,UNIT_SCADA,1,"2022/10/20 02:15:00",COLEASF1,0
D,DISPATCH,UNIT_SCADA,1,"2022/10/20 02:15:00",COLUMSF1,0
D,DISPATCH,UNIT_SCADA,1,"2022/10/20 02:15:00",COLWF01,56.137940
D,DISPATCH,UNIT_SCADA,1,"2022/10/20 02:15:00",COOPGWF1,347.200010
D,DISPATCH,UNIT_SCADA,1,"2022/10/20 02:15:00",CPP_3,361.075010
D,DISPATCH,UNIT_SCADA,1,"2022/10/20 02:15:00",CPP_4,0
D,DISPATCH,UNIT_SCADA,1,"2022/10/20 02:15:00",CPSA,0
D,DISPATCH,UNIT_SCADA,1,"2022/10/20 02:15:00",CROOKWF2,13.983980
D,DISPATCH,UNIT_SCADA,1,"2022/10/20 02:15:00",CROWLWF1,49.115140
D,DISPATCH,UNIT_SCADA,1,"2022/10/20 02:15:00",CRURWF1,29.495610
D,DISPATCH,UNIT_SCADA,1,"2022/10/20 02:15:00",CRWASF1,0
D,DISPATCH,UNIT_SCADA,1,"2022/10/20 02:15:00",CSPVPS1,0
D,DISPATCH,UNIT_SCADA,1,"2022/10/20 02:15:00",CTHLWF1,0.003050
D,DISPATCH,UNIT_SCADA,1,"2022/10/20 02:15:00",DALNTH01,0
D,DISPATCH,UNIT_SCADA,1,"2022/10/20 02:15:00",DALNTHL1,0.233460
D,DISPATCH,UNIT_SCADA,1,"2022/10/20 02:15:00",DARLSF1,0
D,DISPATCH,UNIT_SCADA,1,"2022/10/20 02:15:00",DARTM1,0
D,DISPATCH,UNIT_SCADA,1,"2022/10/20 02:15:00",DAYDSF1,0
D,DISPATCH,UNIT_SCADA,1,"2022/10/20 02:15:00",DDPS1,0
D,DISPATCH,UNIT_SCADA,1,"2022/10/20 02:15:00",DDSF1,0
D,DISPATCH,UNIT_SCADA,1,"2022/10/20 02:15:00",DEVILS_G,54.405960
D,DISPATCH,UNIT_SCADA,1,"2022/10/20 02:15:00",DG_NSW1,0
D,DISPATCH,UNIT_SCADA,1,"2022/10/20 02:15:00",DG_QLD1,0
D,DISPATCH,UNIT_SCADA,1,"2022/10/20 02:15:00",DG_SA1,0
D,DISPATCH,UNIT_SCADA,1,"2022/10/20 02:15:00",DG_TAS1,0
D,DISPATCH,UNIT_SCADA,1,"2022/10/20 02:15:00",DG_VIC1,0
D,DISPATCH,UNIT_SCADA,1,"2022/10/20 02:15:00",DRYCGT1,0
D,DISPATCH,UNIT_SCADA,1,"2022/10/20 02:15:00",DRYCGT2,0
D,DISPATCH,UNIT_SCADA,1,"2022/10/20 02:15:00",DRYCGT3,0
D,DISPATCH,UNIT_SCADA,1,"2022/10/20 02:15:00",DUNDWF1,79.22
D,DISPATCH,UNIT_SCADA,1,"2022/10/20 02:15:00",DUNDWF2,27.85
D,DISPATCH,UNIT_SCADA,1,"2022/10/20 02:15:00",DUNDWF3,72.70
D,DISPATCH,UNIT_SCADA,1,"2022/10/20 02:15:00",EILDON1,59.92
D,DISPATCH,UNIT_SCADA,1,"2022/10/20 02:15:00",EILDON2,59.92
D,DISPATCH,UNIT_SCADA,1,"2022/10/20 02:15:00",ELAINWF1,38.17
D,DISPATCH,UNIT_SCADA,1,"2022/10/20 02:15:00",EMERASF1,0
D,DISPATCH,UNIT_SCADA,1,"2022/10/20 02:15:00",ER01,0
D,DISPATCH,UNIT_SCADA,1,"2022/10/20 02:15:00",ER02,352.800780
D,DISPATCH,UNIT_SCADA,1,"2022/10/20 02:15:00",ER03,334.465550
D,DISPATCH,UNIT_SCADA,1,"2022/10/20 02:15:00",ER04,362.151520
D,DISPATCH,UNIT_SCADA,1,"2022/10/20 02:15:00",FINLYSF1,0
D,DISPATCH,UNIT_SCADA,1,"2022/10/20 02:15:00",FISHER,30.84
D,DISPATCH,UNIT_SCADA,1,"2022/10/20 02:15:00",GANGARR1,0
D,DISPATCH,UNIT_SCADA,1,"2022/10/20 02:15:00",GANNBG1,0
D,DISPATCH,UNIT_SCADA,1,"2022/10/20 02:15:00",GANNBL1,6.4293
D,DISPATCH,UNIT_SCADA,1,"2022/10/20 02:15:00",GANNSF1,0
D,DISPATCH,UNIT_SCADA,1,"2022/10/20 02:15:00",GLRWNSF1,0
D,DISPATCH,UNIT_SCADA,1,"2022/10/20 02:15:00",GNNDHSF1,0
D,DISPATCH,UNIT_SCADA,1,"2022/10/20 02:15:00",GOONSF1,0
D,DISPATCH,UNIT_SCADA,1,"2022/10/20 02:15:00",GORDON,196.761540
D,DISPATCH,UNIT_SCADA,1,"2022/10/20 02:15:00",GRANWF1,0
D,DISPATCH,UNIT_SCADA,1,"2022/10/20 02:15:00",GSTONE1,140.1750
D,DISPATCH,UNIT_SCADA,1,"2022/10/20 02:15:00",GSTONE2,0
D,DISPATCH,UNIT_SCADA,1,"2022/10/20 02:15:00",GSTONE3,219.974990
D,DISPATCH,UNIT_SCADA,1,"2022/10/20 02:15:00",GSTONE4,0
D,DISPATCH,UNIT_SCADA,1,"2022/10/20 02:15:00",GSTONE5,221.55
D,DISPATCH,UNIT_SCADA,1,"2022/10/20 02:15:00",GSTONE6,222.25
D,DISPATCH,UNIT_SCADA,1,"2022/10/20 02:15:00",GULLRSF1,0
D,DISPATCH,UNIT_SCADA,1,"2022/10/20 02:15:00",GULLRWF1,52.204210
D,DISPATCH,UNIT_SCADA,1,"2022/10/20 02:15:00",GULLRWF2,49.309350
D,DISPATCH,UNIT_SCADA,1,"2022/10/20 02:15:00",GUNNING1,0
D,DISPATCH,UNIT_SCADA,1,"2022/10/20 02:15:00",GUTHEGA,68.100010
D,DISPATCH,UNIT_SCADA,1,"2022/10/20 02:15:00",HALLWF1,64.49
D,DISPATCH,UNIT_SCADA,1,"2022/10/20 02:15:00",HALLWF2,52.25
D,DISPATCH,UNIT_SCADA,1,"2022/10/20 02:15:00",HAMISF1,0
D,DISPATCH,UNIT_SCADA,1,"2022/10/20 02:15:00",HAUGHT11,0
D,DISPATCH,UNIT_SCADA,1,"2022/10/20 02:15:00",HAYMSF1,0
D,DISPATCH,UNIT_SCADA,1,"2022/10/20 02:15:00",HDWF1,88.80
D,DISPATCH,UNIT_SCADA,1,"2022/10/20 02:15:00",HDWF2,67.70
D,DISPATCH,UNIT_SCADA,1,"2022/10/20 02:15:00",HDWF3,80
D,DISPATCH,UNIT_SCADA,1,"2022/10/20 02:15:00",HILLSTN1,0
D,DISPATCH,UNIT_SCADA,1,"2022/10/20 02:15:00",HPRG1,0
D,DISPATCH,UNIT_SCADA,1,"2022/10/20 02:15:00",HPRL1,18.80
D,DISPATCH,UNIT_SCADA,1,"2022/10/20 02:15:00",HUMENSW,54.961270
D,DISPATCH,UNIT_SCADA,1,"2022/10/20 02:15:00",HUMEV,0
D,DISPATCH,UNIT_SCADA,1,"2022/10/20 02:15:00",HVWWBA1G,0
D,DISPATCH,UNIT_SCADA,1,"2022/10/20 02:15:00",HVWWBA1L,0.0060
D,DISPATCH,UNIT_SCADA,1,"2022/10/20 02:15:00",HVWWPV1,0
D,DISPATCH,UNIT_SCADA,1,"2022/10/20 02:15:00",JBUTTERS,0
D,DISPATCH,UNIT_SCADA,1,"2022/10/20 02:15:00",JEMALNG1,0
D,DISPATCH,UNIT_SCADA,1,"2022/10/20 02:15:00",JLA01,0
D,DISPATCH,UNIT_SCADA,1,"2022/10/20 02:15:00",JLA02,0
D,DISPATCH,UNIT_SCADA,1,"2022/10/20 02:15:00",JLA03,0
D,DISPATCH,UNIT_SCADA,1,"2022/10/20 02:15:00",JLA04,0
D,DISPATCH,UNIT_SCADA,1,"2022/10/20 02:15:00",JLB01,0
D,DISPATCH,UNIT_SCADA,1,"2022/10/20 02:15:00",JLB02,0.10
D,DISPATCH,UNIT_SCADA,1,"2022/10/20 02:15:00",JLB03,0
D,DISPATCH,UNIT_SCADA,1,"2022/10/20 02:15:00",JUNEESF1,0
D,DISPATCH,UNIT_SCADA,1,"2022/10/20 02:15:00",KABANWF1,0.8190
D,DISPATCH,UNIT_SCADA,1,"2022/10/20 02:15:00",KAREEYA1,18.0350
D,DISPATCH,UNIT_SCADA,1,"2022/10/20 02:15:00",KAREEYA2,0
D,DISPATCH,UNIT_SCADA,1,"2022/10/20 02:15:00",KAREEYA3,21.53
D,DISPATCH,UNIT_SCADA,1,"2022/10/20 02:15:00",KAREEYA4,0
D,DISPATCH,UNIT_SCADA,1,"2022/10/20 02:15:00",KARSF1,0
D,DISPATCH,UNIT_SCADA,1,"2022/10/20 02:15:00",KEPSF1,0
D,DISPATCH,UNIT_SCADA,1,"2022/10/20 02:15:00",KEPWF1,4.21
D,DISPATCH,UNIT_SCADA,1,"2022/10/20 02:15:00",KIAMSF1,0
D,DISPATCH,UNIT_SCADA,1,"2022/10/20 02:15:00",KIATAWF1,30.90
D,DISPATCH,UNIT_SCADA,1,"2022/10/20 02:15:00",KPP_1,0
D,DISPATCH,UNIT_SCADA,1,"2022/10/20 02:15:00",KSP1,0
D,DISPATCH,UNIT_SCADA,1,"2022/10/20 02:15:00",LADBROK1,0.02
D,DISPATCH,UNIT_SCADA,1,"2022/10/20 02:15:00",LADBROK2,37.97
D,DISPATCH,UNIT_SCADA,1,"2022/10/20 02:15:00",LBBG1,0
D,DISPATCH,UNIT_SCADA,1,"2022/10/20 02:15:00",LBBL1,10.95
D,DISPATCH,UNIT_SCADA,1,"2022/10/20 02:15:00",LD01,320.114750
D,DISPATCH,UNIT_SCADA,1,"2022/10/20 02:15:00",LD02,0
D,DISPATCH,UNIT_SCADA,1,"2022/10/20 02:15:00",LD04,324.527740
D,DISPATCH,UNIT_SCADA,1,"2022/10/20 02:15:00",LEM_WIL,86.451870
D,DISPATCH,UNIT_SCADA,1,"2022/10/20 02:15:00",LGAPWF1,62.45
D,DISPATCH,UNIT_SCADA,1,"2022/10/20 02:15:00",LGAPWF2,37.70
D,DISPATCH,UNIT_SCADA,1,"2022/10/20 02:15:00",LILYSF1,0
D,DISPATCH,UNIT_SCADA,1,"2022/10/20 02:15:00",LIMOSF11,0
D,DISPATCH,UNIT_SCADA,1,"2022/10/20 02:15:00",LIMOSF21,0
D,DISPATCH,UNIT_SCADA,1,"2022/10/20 02:15:00",LI_WY_CA,56.1248
D,DISPATCH,UNIT_SCADA,1,"2022/10/20 02:15:00",LKBONNY1,0
D,DISPATCH,UNIT_SCADA,1,"2022/10/20 02:15:00",LKBONNY2,32.022990
D,DISPATCH,UNIT_SCADA,1,"2022/10/20 02:15:00",LKBONNY3,3.237680
D,DISPATCH,UNIT_SCADA,1,"2022/10/20 02:15:00",LK_ECHO,0
D,DISPATCH,UNIT_SCADA,1,"2022/10/20 02:15:00",LNGS1,0
D,DISPATCH,UNIT_SCADA,1,"2022/10/20 02:15:00",LNGS2,0
D,DISPATCH,UNIT_SCADA,1,"2022/10/20 02:15:00",LONSDALE,0
D,DISPATCH,UNIT_SCADA,1,"2022/10/20 02:15:00",LOYYB1,458.267090
D,DISPATCH,UNIT_SCADA,1,"2022/10/20 02:15:00",LOYYB2,457.891140
D,DISPATCH,UNIT_SCADA,1,"2022/10/20 02:15:00",LYA1,507
D,DISPATCH,UNIT_SCADA,1,"2022/10/20 02:15:00",LYA2,0
D,DISPATCH,UNIT_SCADA,1,"2022/10/20 02:15:00",LYA3,507
D,DISPATCH,UNIT_SCADA,1,"2022/10/20 02:15:00",LYA4,508
D,DISPATCH,UNIT_SCADA,1,"2022/10/20 02:15:00",MACARTH1,23.399460
D,DISPATCH,UNIT_SCADA,1,"2022/10/20 02:15:00",MACKNTSH,0
D,DISPATCH,UNIT_SCADA,1,"2022/10/20 02:15:00",MANSLR1,0
D,DISPATCH,UNIT_SCADA,1,"2022/10/20 02:15:00",MAPS2PV1,0
D,DISPATCH,UNIT_SCADA,1,"2022/10/20 02:15:00",MAPS3PV1,0
D,DISPATCH,UNIT_SCADA,1,"2022/10/20 02:15:00",MARYRSF1,0
D,DISPATCH,UNIT_SCADA,1,"2022/10/20 02:15:00",MBPS2PV1,0
D,DISPATCH,UNIT_SCADA,1,"2022/10/20 02:15:00",MCKAY1,0.02
D,DISPATCH,UNIT_SCADA,1,"2022/10/20 02:15:00",MEADOWBK,19.634460
D,DISPATCH,UNIT_SCADA,1,"2022/10/20 02:15:00",MERCER01,40.70
D,DISPATCH,UNIT_SCADA,1,"2022/10/20 02:15:00",METZSF1,0
D,DISPATCH,UNIT_SCADA,1,"2022/10/20 02:15:00",MEWF1,2
D,DISPATCH,UNIT_SCADA,1,"2022/10/20 02:15:00",MIDDLSF1,0
D,DISPATCH,UNIT_SCADA,1,"2022/10/20 02:15:00",MINTARO,0.128180
D,DISPATCH,UNIT_SCADA,1,"2022/10/20 02:15:00",MOLNGSF1,0
D,DISPATCH,UNIT_SCADA,1,"2022/10/20 02:15:00",MOORAWF1,62.17
D,DISPATCH,UNIT_SCADA,1,"2022/10/20 02:15:00",MOREESF1,0
D,DISPATCH,UNIT_SCADA,1,"2022/10/20 02:15:00",MORTLK11,0
D,DISPATCH,UNIT_SCADA,1,"2022/10/20 02:15:00",MORTLK12,0
D,DISPATCH,UNIT_SCADA,1,"2022/10/20 02:15:00",MOUSF1,0
D,DISPATCH,UNIT_SCADA,1,"2022/10/20 02:15:00",MP1,0
D,DISPATCH,UNIT_SCADA,1,"2022/10/20 02:15:00",MP2,289.225620
D,DISPATCH,UNIT_SCADA,1,"2022/10/20 02:15:00",MPP_1,128.3002
D,DISPATCH,UNIT_SCADA,1,"2022/10/20 02:15:00",MPP_2,0
D,DISPATCH,UNIT_SCADA,1,"2022/10/20 02:15:00",MRTLSWF1,0
D,DISPATCH,UNIT_SCADA,1,"2022/10/20 02:15:00",MSTUART1,0
D,DISPATCH,UNIT_SCADA,1,"2022/10/20 02:15:00",MSTUART2,0
D,DISPATCH,UNIT_SCADA,1,"2022/10/20 02:15:00",MSTUART3,0
D,DISPATCH,UNIT_SCADA,1,"2022/10/20 02:15:00",MTGELWF1,15.3798
D,DISPATCH,UNIT_SCADA,1,"2022/10/20 02:15:00",MTMILLAR,9.60
D,DISPATCH,UNIT_SCADA,1,"2022/10/20 02:15:00",MURRAY,0
D,DISPATCH,UNIT_SCADA,1,"2022/10/20 02:15:00",MUSSELR1,36.80
D,DISPATCH,UNIT_SCADA,1,"2022/10/20 02:15:00",MUWAWF1,186.88
D,DISPATCH,UNIT_SCADA,1,"2022/10/20 02:15:00",MUWAWF2,183.50
D,DISPATCH,UNIT_SCADA,1,"2022/10/20 02:15:00",MWPS1PV1,0
D,DISPATCH,UNIT_SCADA,1,"2022/10/20 02:15:00",MWPS2PV1,0
D,DISPATCH,UNIT_SCADA,1,"2022/10/20 02:15:00",MWPS3PV1,0
D,DISPATCH,UNIT_SCADA,1,"2022/10/20 02:15:00",MWPS4PV1,0
D,DISPATCH,UNIT_SCADA,1,"2022/10/20 02:15:00",NBHWF1,105
D,DISPATCH,UNIT_SCADA,1,"2022/10/20 02:15:00",NEVERSF1,0
D,DISPATCH,UNIT_SCADA,1,"2022/10/20 02:15:00",NPS,0
D,DISPATCH,UNIT_SCADA,1,"2022/10/20 02:15:00",NUMURSF1,0
D,DISPATCH,UNIT_SCADA,1,"2022/10/20 02:15:00",NYNGAN1,0
D,DISPATCH,UNIT_SCADA,1,"2022/10/20 02:15:00",OAKEY1,0
D,DISPATCH,UNIT_SCADA,1,"2022/10/20 02:15:00",OAKEY1SF,0
D,DISPATCH,UNIT_SCADA,1,"2022/10/20 02:15:00",OAKEY2,0
D,DISPATCH,UNIT_SCADA,1,"2022/10/20 02:15:00",OAKEY2SF,0
D,DISPATCH,UNIT_SCADA,1,"2022/10/20 02:15:00",OAKLAND1,16.60
D,DISPATCH,UNIT_SCADA,1,"2022/10/20 02:15:00",OSB-AG,0
D,DISPATCH,UNIT_SCADA,1,"2022/10/20 02:15:00",PAREPS1,0.0660
D,DISPATCH,UNIT_SCADA,1,"2022/10/20 02:15:00",PAREPW1,48.53
D,DISPATCH,UNIT_SCADA,1,"2022/10/20 02:15:00",PARSF1,0.001530
D,DISPATCH,UNIT_SCADA,1,"2022/10/20 02:15:00",POAT110,0
D,DISPATCH,UNIT_SCADA,1,"2022/10/20 02:15:00",POAT220,0
D,DISPATCH,UNIT_SCADA,1,"2022/10/20 02:15:00",POR01,0
D,DISPATCH,UNIT_SCADA,1,"2022/10/20 02:15:00",POR03,0
D,DISPATCH,UNIT_SCADA,1,"2022/10/20 02:15:00",PPCCGT,123.890430
D,DISPATCH,UNIT_SCADA,1,"2022/10/20 02:15:00",PTSTAN1,0
D,DISPATCH,UNIT_SCADA,1,"2022/10/20 02:15:00",PUMP1,0
D,DISPATCH,UNIT_SCADA,1,"2022/10/20 02:15:00",PUMP2,0
D,DISPATCH,UNIT_SCADA,1,"2022/10/20 02:15:00",QBYNBG1,0
D,DISPATCH,UNIT_SCADA,1,"2022/10/20 02:15:00",QBYNBL1,0.0005
D,DISPATCH,UNIT_SCADA,1,"2022/10/20 02:15:00",QPS1,0
D,DISPATCH,UNIT_SCADA,1,"2022/10/20 02:15:00",QPS2,0
D,DISPATCH,UNIT_SCADA,1,"2022/10/20 02:15:00",QPS3,0
D,DISPATCH,UNIT_SCADA,1,"2022/10/20 02:15:00",QPS4,0
D,DISPATCH,UNIT_SCADA,1,"2022/10/20 02:15:00",QPS5,76.79
D,DISPATCH,UNIT_SCADA,1,"2022/10/20 02:15:00",REECE1,0
D,DISPATCH,UNIT_SCADA,1,"2022/10/20 02:15:00",REECE2,0
D,DISPATCH,UNIT_SCADA,1,"2022/10/20 02:15:00",ROMA_7,0
D,DISPATCH,UNIT_SCADA,1,"2022/10/20 02:15:00",ROMA_8,0
D,DISPATCH,UNIT_SCADA,1,"2022/10/20 02:15:00",RRSF1,0
D,DISPATCH,UNIT_SCADA,1,"2022/10/20 02:15:00",RT_NSW1,0
D,DISPATCH,UNIT_SCADA,1,"2022/10/20 02:15:00",RT_NSW2,0
D,DISPATCH,UNIT_SCADA,1,"2022/10/20 02:15:00",RT_NSW3,0
D,DISPATCH,UNIT_SCADA,1,"2022/10/20 02:15:00",RT_NSW4,0
D,DISPATCH,UNIT_SCADA,1,"2022/10/20 02:15:00",RT_NSW5,0
D,DISPATCH,UNIT_SCADA,1,"2022/10/20 02:15:00",RT_NSW6,0
D,DISPATCH,UNIT_SCADA,1,"2022/10/20 02:15:00",RT_QLD1,0
D,DISPATCH,UNIT_SCADA,1,"2022/10/20 02:15:00",RT_SA1,0
D,DISPATCH,UNIT_SCADA,1,"2022/10/20 02:15:00",RT_SA2,0
D,DISPATCH,UNIT_SCADA,1,"2022/10/20 02:15:00",RT_SA3,0
D,DISPATCH,UNIT_SCADA,1,"2022/10/20 02:15:00",RT_SA4,0
D,DISPATCH,UNIT_SCADA,1,"2022/10/20 02:15:00",RT_SA5,0
D,DISPATCH,UNIT_SCADA,1,"2022/10/20 02:15:00",RT_SA6,0
D,DISPATCH,UNIT_SCADA,1,"2022/10/20 02:15:00",RT_TAS1,0
D,DISPATCH,UNIT_SCADA,1,"2022/10/20 02:15:00",RT_VIC1,0
D,DISPATCH,UNIT_SCADA,1,"2022/10/20 02:15:00",RT_VIC10,0
D,DISPATCH,UNIT_SCADA,1,"2022/10/20 02:15:00",RT_VIC11,0
D,DISPATCH,UNIT_SCADA,1,"2022/10/20 02:15:00",RT_VIC12,0
D,DISPATCH,UNIT_SCADA,1,"2022/10/20 02:15:00",RT_VIC2,0
D,DISPATCH,UNIT_SCADA,1,"2022/10/20 02:15:00",RT_VIC3,0
D,DISPATCH,UNIT_SCADA,1,"2022/10/20 02:15:00",RT_VIC4,0
D,DISPATCH,UNIT_SCADA,1,"2022/10/20 02:15:00",RT_VIC5,0
D,DISPATCH,UNIT_SCADA,1,"2022/10/20 02:15:00",RT_VIC6,0
D,DISPATCH,UNIT_SCADA,1,"2022/10/20 02:15:00",RT_VIC7,0
D,DISPATCH,UNIT_SCADA,1,"2022/10/20 02:15:00",RT_VIC8,0
D,DISPATCH,UNIT_SCADA,1,"2022/10/20 02:15:00",RT_VIC9,0
D,DISPATCH,UNIT_SCADA,1,"2022/10/20 02:15:00",RUGBYR1,0
D,DISPATCH,UNIT_SCADA,1,"2022/10/20 02:15:00",SALTCRK1,16.49
D,DISPATCH,UNIT_SCADA,1,"2022/10/20 02:15:00",SAPHWF1,169.544530
D,DISPATCH,UNIT_SCADA,1,"2022/10/20 02:15:00",SEBSF1,0
D,DISPATCH,UNIT_SCADA,1,"2022/10/20 02:15:00",SHGEN,0
D,DISPATCH,UNIT_SCADA,1,"2022/10/20 02:15:00",SHPUMP,0
D,DISPATCH,UNIT_SCADA,1,"2022/10/20 02:15:00",SITHE01,0.123710
D,DISPATCH,UNIT_SCADA,1,"2022/10/20 02:15:00",SMCSF1,0
D,DISPATCH,UNIT_SCADA,1,"2022/10/20 02:15:00",SNAPPER1,0
D,DISPATCH,UNIT_SCADA,1,"2022/10/20 02:15:00",SNOWNTH1,133.30
D,DISPATCH,UNIT_SCADA,1,"2022/10/20 02:15:00",SNOWSTH1,114.100010
D,DISPATCH,UNIT_SCADA,1,"2022/10/20 02:15:00",SNOWTWN1,90.187810
D,DISPATCH,UNIT_SCADA,1,"2022/10/20 02:15:00",SNOWYP,0
D,DISPATCH,UNIT_SCADA,1,"2022/10/20 02:15:00",SNUG1,0
D,DISPATCH,UNIT_SCADA,1,"2022/10/20 02:15:00",SRSF1,0
D,DISPATCH,UNIT_SCADA,1,"2022/10/20 02:15:00",STAN-1,281.030270
D,DISPATCH,UNIT_SCADA,1,"2022/10/20 02:15:00",STAN-2,364.1665
D,DISPATCH,UNIT_SCADA,1,"2022/10/20 02:15:00",STAN-3,366.345550
D,DISPATCH,UNIT_SCADA,1,"2022/10/20 02:15:00",STAN-4,366.435270
D,DISPATCH,UNIT_SCADA,1,"2022/10/20 02:15:00",STARHLWF,0.01
D,DISPATCH,UNIT_SCADA,1,"2022/10/20 02:15:00",STOCKYD1,238.67
D,DISPATCH,UNIT_SCADA,1,"2022/10/20 02:15:00",STWF1,116.715030
D,DISPATCH,UNIT_SCADA,1,"2022/10/20 02:15:00",SUNRSF1,0
D,DISPATCH,UNIT_SCADA,1,"2022/10/20 02:15:00",SUNTPSF1,0
D,DISPATCH,UNIT_SCADA,1,"2022/10/20 02:15:00",SWAN_E,247.4425
D,DISPATCH,UNIT_SCADA,1,"2022/10/20 02:15:00",TALWA1,0
D,DISPATCH,UNIT_SCADA,1,"2022/10/20 02:15:00",TARALGA1,0
D,DISPATCH,UNIT_SCADA,1,"2022/10/20 02:15:00",TARONG#1,281.200010
D,DISPATCH,UNIT_SCADA,1,"2022/10/20 02:15:00",TARONG#2,280.899990
D,DISPATCH,UNIT_SCADA,1,"2022/10/20 02:15:00",TARONG#3,0.90
D,DISPATCH,UNIT_SCADA,1,"2022/10/20 02:15:00",TARONG#4,190.100010
D,DISPATCH,UNIT_SCADA,1,"2022/10/20 02:15:00",TARRALEA,54
D,DISPATCH,UNIT_SCADA,1,"2022/10/20 02:15:00",TBSF1,0
D,DISPATCH,UNIT_SCADA,1,"2022/10/20 02:15:00",TNPS1,300.0625
D,DISPATCH,UNIT_SCADA,1,"2022/10/20 02:15:00",TORRB1,0
D,DISPATCH,UNIT_SCADA,1,"2022/10/20 02:15:00",TORRB2,41
D,DISPATCH,UNIT_SCADA,1,"2022/10/20 02:15:00",TORRB3,0
D,DISPATCH,UNIT_SCADA,1,"2022/10/20 02:15:00",TORRB4,0
D,DISPATCH,UNIT_SCADA,1,"2022/10/20 02:15:00",TREVALLN,100.018050
D,DISPATCH,UNIT_SCADA,1,"2022/10/20 02:15:00",TRIBUTE,0
D,DISPATCH,UNIT_SCADA,1,"2022/10/20 02:15:00",TUMUT3,0
D,DISPATCH,UNIT_SCADA,1,"2022/10/20 02:15:00",TUNGATIN,5.930020
D,DISPATCH,UNIT_SCADA,1,"2022/10/20 02:15:00",TVCC201,0
D,DISPATCH,UNIT_SCADA,1,"2022/10/20 02:15:00",TVPP104,0
D,DISPATCH,UNIT_SCADA,1,"2022/10/20 02:15:00",UPPTUMUT,0
D,DISPATCH,UNIT_SCADA,1,"2022/10/20 02:15:00",URANQ11,0
D,DISPATCH,UNIT_SCADA,1,"2022/10/20 02:15:00",URANQ12,0
D,DISPATCH,UNIT_SCADA,1,"2022/10/20 02:15:00",URANQ13,0
D,DISPATCH,UNIT_SCADA,1,"2022/10/20 02:15:00",URANQ14,0
D,DISPATCH,UNIT_SCADA,1,"2022/10/20 02:15:00",VBBG1,0
D,DISPATCH,UNIT_SCADA,1,"2022/10/20 02:15:00",VBBL1,83.80
D,DISPATCH,UNIT_SCADA,1,"2022/10/20 02:15:00",VP5,540.983280
D,DISPATCH,UNIT_SCADA,1,"2022/10/20 02:15:00",VP6,544.230470
D,DISPATCH,UNIT_SCADA,1,"2022/10/20 02:15:00",VPGS1,0
D,DISPATCH,UNIT_SCADA,1,"2022/10/20 02:15:00",VPGS2,0
D,DISPATCH,UNIT_SCADA,1,"2022/10/20 02:15:00",VPGS3,0
D,DISPATCH,UNIT_SCADA,1,"2022/10/20 02:15:00",VPGS4,0
D,DISPATCH,UNIT_SCADA,1,"2022/10/20 02:15:00",VPGS5,0
D,DISPATCH,UNIT_SCADA,1,"2022/10/20 02:15:00",VPGS6,0
D,DISPATCH,UNIT_SCADA,1,"2022/10/20 02:15:00",W/HOE#1,0
D,DISPATCH,UNIT_SCADA,1,"2022/10/20 02:15:00",W/HOE#2,0
D,DISPATCH,UNIT_SCADA,1,"2022/10/20 02:15:00",WAGGNSF1,0
D,DISPATCH,UNIT_SCADA,1,"2022/10/20 02:15:00",WALGRVG1,0.000930
D,DISPATCH,UNIT_SCADA,1,"2022/10/20 02:15:00",WALGRVL1,0
D,DISPATCH,UNIT_SCADA,1,"2022/10/20 02:15:00",WANDBG1,0
D,DISPATCH,UNIT_SCADA,1,"2022/10/20 02:15:00",WANDBL1,0
D,DISPATCH,UNIT_SCADA,1,"2022/10/20 02:15:00",WARWSF1,0
D,DISPATCH,UNIT_SCADA,1,"2022/10/20 02:15:00",WARWSF2,0
D,DISPATCH,UNIT_SCADA,1,"2022/10/20 02:15:00",WATERLWF,65.20
D,DISPATCH,UNIT_SCADA,1,"2022/10/20 02:15:00",WDGPH1,0
D,DISPATCH,UNIT_SCADA,1,"2022/10/20 02:15:00",WELLSF1,0
D,DISPATCH,UNIT_SCADA,1,"2022/10/20 02:15:00",WEMENSF1,0
D,DISPATCH,UNIT_SCADA,1,"2022/10/20 02:15:00",WGWF1,115.90
D,DISPATCH,UNIT_SCADA,1,"2022/10/20 02:15:00",WHITSF1,0
D,DISPATCH,UNIT_SCADA,1,"2022/10/20 02:15:00",WINTSF1,0
D,DISPATCH,UNIT_SCADA,1,"2022/10/20 02:15:00",WKIEWA1,33.90
D,DISPATCH,UNIT_SCADA,1,"2022/10/20 02:15:00",WKIEWA2,33.90
D,DISPATCH,UNIT_SCADA,1,"2022/10/20 02:15:00",WOODLWN1,12.502630
D,DISPATCH,UNIT_SCADA,1,"2022/10/20 02:15:00",WOOLGSF1,0
D,DISPATCH,UNIT_SCADA,1,"2022/10/20 02:15:00",WPWF,77.05
D,DISPATCH,UNIT_SCADA,1,"2022/10/20 02:15:00",WRSF1,0
D,DISPATCH,UNIT_SCADA,1,"2022/10/20 02:15:00",WRWF1,47.094830
D,DISPATCH,UNIT_SCADA,1,"2022/10/20 02:15:00",WSTWYSF1,0
D,DISPATCH,UNIT_SCADA,1,"2022/10/20 02:15:00",YABULU,0
D,DISPATCH,UNIT_SCADA,1,"2022/10/20 02:15:00",YABULU2,0
D,DISPATCH,UNIT_SCADA,1,"2022/10/20 02:15:00",YARANSF1,0
D,DISPATCH,UNIT_SCADA,1,"2022/10/20 02:15:00",YARWUN_1,139.849990
D,DISPATCH,UNIT_SCADA,1,"2022/10/20 02:15:00",YATSF1,0
D,DISPATCH,UNIT_SCADA,1,"2022/10/20 02:15:00",YENDWF1,36.85
D,DISPATCH,UNIT_SCADA,1,"2022/10/20 02:15:00",YWPS1,361.903810
D,DISPATCH,UNIT_SCADA,1,"2022/10/20 02:15:00",YWPS2,360.399990
D,DISPATCH,UNIT_SCADA,1,"2022/10/20 02:15:00",YWPS3,357.9772
D,DISPATCH,UNIT_SCADA,1,"2022/10/20 02:15:00",YWPS4,0
C,"END OF REPORT",419
