C,NEMP.WORLD,DISPATCHSCADA,AEMO,PUBLIC,2022/10/20,08:40:09,0000000373241496,DISPATCHSCADA,0000000373241490
I,DISPATCH,UNIT_SCADA,1,SETTLEMENTDATE,DUID,SCADAVALUE
D,DISPATCH,UNIT_SCADA,1,"2022/10/20 08:45:00",BARCSF1,7.70
D,DISPATCH,UNIT_SCADA,1,"2022/10/20 08:45:00",BUTLERSG,8.699999
D,DISPATCH,UNIT_SCADA,1,"2022/10/20 08:45:00",CAPTL_WF,53.344566
D,DISPATCH,UNIT_SCADA,1,"2022/10/20 08:45:00",CHALLHWF,3.20
D,DISPATCH,UNIT_SCADA,1,"2022/10/20 08:45:00",CLOVER,13.31
D,DISPATCH,UNIT_SCADA,1,"2022/10/20 08:45:00",CLUNY,6.172122
D,DISPATCH,UNIT_SCADA,1,"2022/10/20 08:45:00",CULLRGWF,-0.03
D,DISPATCH,UNIT_SCADA,1,"2022/10/20 08:45:00",DIAPURWF1,7.30
D,DISPATCH,UNIT_SCADA,1,"2022/10/20 08:45:00",ERGT01,0
D,DISPATCH,UNIT_SCADA,1,"2022/10/20 08:45:00",GB01,0
D,DISPATCH,UNIT_SCADA,1,"2022/10/20 08:45:00",GERMCRK,19.200001
D,DISPATCH,UNIT_SCADA,1,"2022/10/20 08:45:00",GRIFSF1,2.198825
D,DISPATCH,UNIT_SCADA,1,"2022/10/20 08:45:00",HEZ1,0
D,DISPATCH,UNIT_SCADA,1,"2022/10/20 08:45:00",HUGSF1,11.518001
D,DISPATCH,UNIT_SCADA,1,"2022/10/20 08:45:00",KEPBG1,0.01
D,DISPATCH,UNIT_SCADA,1,"2022/10/20 08:45:00",LRSF1,10.9370
D,DISPATCH,UNIT_SCADA,1,"2022/10/20 08:45:00",MBAHNTH,45.168747
D,DISPATCH,UNIT_SCADA,1,"2022/10/20 08:45:00",MLSP1,8.092001
D,DISPATCH,UNIT_SCADA,1,"2022/10/20 08:45:00",MLWF1,5.49
D,DISPATCH,UNIT_SCADA,1,"2022/10/20 08:45:00",PALOONA,30.15
D,DISPATCH,UNIT_SCADA,1,"2022/10/20 08:45:00",PIONEER,37.900002
D,DISPATCH,UNIT_SCADA,1,"2022/10/20 08:45:00",PORTWF,55.400002
D,DISPATCH,UNIT_SCADA,1,"2022/10/20 08:45:00",REPULSE,9.518578
D,DISPATCH,UNIT_SCADA,1,"2022/10/20 08:45:00",ROWALLAN,8.9389
D,DISPATCH,UNIT_SCADA,1,"2022/10/20 08:45:00",ROYALLA1,13.454004
D,DISPATCH,UNIT_SCADA,1,"2022/10/20 08:45:00",RPCG,-1.80
D,DISPATCH,UNIT_SCADA,1,"2022/10/20 08:45:00",RUBICON,0
D,DISPATCH,UNIT_SCADA,1,"2022/10/20 08:45:00",WAUBRAWF,18.5250
D,DISPATCH,UNIT_SCADA,1,"2022/10/20 08:45:00",WOOLNTH1,0.45
D,DISPATCH,UNIT_SCADA,1,"2022/10/20 08:45:00",YAMBUKWF,7.50
D,DISPATCH,UNIT_SCADA,1,"2022/10/20 08:45:00",YSWF1,0.30
D,DISPATCH,UNIT_SCADA,1,"2022/10/20 08:45:00",ADPBA1G,0.0080
D,DISPATCH,UNIT_SCADA,1,"2022/10/20 08:45:00",ADPBA1L,0
D,DISPATCH,UNIT_SCADA,1,"2022/10/20 08:45:00",ADPPV1,0.0550
D,DISPATCH,UNIT_SCADA,1,"2022/10/20 08:45:00",AGLHAL,0
D,DISPATCH,UNIT_SCADA,1,"2022/10/20 08:45:00",AGLSOM,0
D,DISPATCH,UNIT_SCADA,1,"2022/10/20 08:45:00",ANGAST1,0
D,DISPATCH,UNIT_SCADA,1,"2022/10/20 08:45:00",ARWF1,6.30
D,DISPATCH,UNIT_SCADA,1,"2022/10/20 08:45:00",BALBG1,12.33
D,DISPATCH,UNIT_SCADA,1,"2022/10/20 08:45:00",BALBL1,0
D,DISPATCH,UNIT_SCADA,1,"2022/10/20 08:45:00",BALDHWF1,2.1430
D,DISPATCH,UNIT_SCADA,1,"2022/10/20 08:45:00",BANGOWF1,23.196160
D,DISPATCH,UNIT_SCADA,1,"2022/10/20 08:45:00",BANGOWF2,37.798960
D,DISPATCH,UNIT_SCADA,1,"2022/10/20 08:45:00",BANN1,16.64
D,DISPATCH,UNIT_SCADA,1,"2022/10/20 08:45:00",BARCALDN,0
D,DISPATCH,UNIT_SCADA,1,"2022/10/20 08:45:00",BARKIPS1,0
D,DISPATCH,UNIT_SCADA,1,"2022/10/20 08:45:00",BARRON-1,9.72
D,DISPATCH,UNIT_SCADA,1,"2022/10/20 08:45:00",BARRON-2,0
D,DISPATCH,UNIT_SCADA,1,"2022/10/20 08:45:00",BASTYAN,54.400010
D,DISPATCH,UNIT_SCADA,1,"2022/10/20 08:45:00",BBTHREE1,0
D,DISPATCH,UNIT_SCADA,1,"2022/10/20 08:45:00",BBTHREE2,0
D,DISPATCH,UNIT_SCADA,1,"2022/10/20 08:45:00",BBTHREE3,-1.11
D,DISPATCH,UNIT_SCADA,1,"2022/10/20 08:45:00",BDL01,0
D,DISPATCH,UNIT_SCADA,1,"2022/10/20 08:45:00",BDL02,0
D,DISPATCH,UNIT_SCADA,1,"2022/10/20 08:45:00",BERYLSF1,8.001050
D,DISPATCH,UNIT_SCADA,1,"2022/10/20 08:45:00",BLOWERNG,62.50
D,DISPATCH,UNIT_SCADA,1,"2022/10/20 08:45:00",BLUEGSF1,50.399230
D,DISPATCH,UNIT_SCADA,1,"2022/10/20 08:45:00",BLUFF1,25.70
D,DISPATCH,UNIT_SCADA,1,"2022/10/20 08:45:00",BNGSF1,87.03
D,DISPATCH,UNIT_SCADA,1,"2022/10/20 08:45:00",BNGSF2,110.32
D,DISPATCH,UNIT_SCADA,1,"2022/10/20 08:45:00",BOCORWF1,0
D,DISPATCH,UNIT_SCADA,1,"2022/10/20 08:45:00",BODWF1,101.502940
D,DISPATCH,UNIT_SCADA,1,"2022/10/20 08:45:00",BOMENSF1,17.532620
D,DISPATCH,UNIT_SCADA,1,"2022/10/20 08:45:00",BOWWBA1G,0
D,DISPATCH,UNIT_SCADA,1,"2022/10/20 08:45:00",BOWWBA1L,0
D,DISPATCH,UNIT_SCADA,1,"2022/10/20 08:45:00",BOWWPV1,0.0010
D,DISPATCH,UNIT_SCADA,1,"2022/10/20 08:45:00",BRAEMAR1,0
D,DISPATCH,UNIT_SCADA,1,"2022/10/20 08:45:00",BRAEMAR2,0
D,DISPATCH,UNIT_SCADA,1,"2022/10/20 08:45:00",BRAEMAR3,0
D,DISPATCH,UNIT_SCADA,1,"2022/10/20 08:45:00",BRAEMAR5,0.292060
D,DISPATCH,UNIT_SCADA,1,"2022/10/20 08:45:00",BRAEMAR6,0
D,DISPATCH,UNIT_SCADA,1,"2022/10/20 08:45:00",BRAEMAR7,0.130920
D,DISPATCH,UNIT_SCADA,1,"2022/10/20 08:45:00",BROKENH1,6.999890
D,DISPATCH,UNIT_SCADA,1,"2022/10/20 08:45:00",BRYB1WF1,117.363240
D,DISPATCH,UNIT_SCADA,1,"2022/10/20 08:45:00",BULBESG1,0.71
D,DISPATCH,UNIT_SCADA,1,"2022/10/20 08:45:00",BULBESL1,0
D,DISPATCH,UNIT_SCADA,1,"2022/10/20 08:45:00",BULGANA1,7.39
D,DISPATCH,UNIT_SCADA,1,"2022/10/20 08:45:00",BW01,661.1795
D,DISPATCH,UNIT_SCADA,1,"2022/10/20 08:45:00",BW02,618.8205
D,DISPATCH,UNIT_SCADA,1,"2022/10/20 08:45:00",BW03,559.029540
D,DISPATCH,UNIT_SCADA,1,"2022/10/20 08:45:00",BW04,0
D,DISPATCH,UNIT_SCADA,1,"2022/10/20 08:45:00",CALL_B_1,323.800020
D,DISPATCH,UNIT_SCADA,1,"2022/10/20 08:45:00",CALL_B_2,325.899990
D,DISPATCH,UNIT_SCADA,1,"2022/10/20 08:45:00",CATHROCK,0
D,DISPATCH,UNIT_SCADA,1,"2022/10/20 08:45:00",CBWWBA1G,0
D,DISPATCH,UNIT_SCADA,1,"2022/10/20 08:45:00",CBWWBA1L,0
D,DISPATCH,UNIT_SCADA,1,"2022/10/20 08:45:00",CETHANA,97.406130
D,DISPATCH,UNIT_SCADA,1,"2022/10/20 08:45:00",CG1,0
D,DISPATCH,UNIT_SCADA,1,"2022/10/20 08:45:00",CG2,0
D,DISPATCH,UNIT_SCADA,1,"2022/10/20 08:45:00",CG3,0
D,DISPATCH,UNIT_SCADA,1,"2022/10/20 08:45:00",CG4,0
D,DISPATCH,UNIT_SCADA,1,"2022/10/20 08:45:00",CHILDSF1,16.36
D,DISPATCH,UNIT_SCADA,1,"2022/10/20 08:45:00",CHYTWF1,0.53
D,DISPATCH,UNIT_SCADA,1,"2022/10/20 08:45:00",CLARESF1,21.420030
D,DISPATCH,UNIT_SCADA,1,"2022/10/20 08:45:00",CLEMGPWF,6.050940
D,DISPATCH,UNIT_SCADA,1,"2022/10/20 08:45:00",CLERMSF1,23.63
D,DISPATCH,UNIT_SCADA,1,"2022/10/20 08:45:00",CNUNDAWF,0.200230
D,DISPATCH,UNIT_SCADA,1,"2022/10/20 08:45:00",COHUNSF1,3.43
D,DISPATCH,UNIT_SCADA,1,"2022/10/20 08:45:00",COLEASF1,24.702450
D,DISPATCH,UNIT_SCADA,1,"2022/10/20 08:45:00",COLUMSF1,15.0880
D,DISPATCH,UNIT_SCADA,1,"2022/10/20 08:45:00",COLWF01,123.985660
D,DISPATCH,UNIT_SCADA,1,"2022/10/20 08:45:00",COOPGWF1,304.109990
D,DISPATCH,UNIT_SCADA,1,"2022/10/20 08:45:00",CPP_3,364.649990
D,DISPATCH,UNIT_SCADA,1,"2022/10/20 08:45:00",CPP_4,0
D,DISPATCH,UNIT_SCADA,1,"2022/10/20 08:45:00",CPSA,0
D,DISPATCH,UNIT_SCADA,1,"2022/10/20 08:45:00",CROOKWF2,31.614860
D,DISPATCH,UNIT_SCADA,1,"2022/10/20 08:45:00",CROWLWF1,26.5431
D,DISPATCH,UNIT_SCADA,1,"2022/10/20 08:45:00",CRURWF1,52.298240
D,DISPATCH,UNIT_SCADA,1,"2022/10/20 08:45:00",CRWASF1,28.511230
D,DISPATCH,UNIT_SCADA,1,"2022/10/20 08:45:00",CSPVPS1,28.3420
D,DISPATCH,UNIT_SCADA,1,"2022/10/20 08:45:00",CTHLWF1,0.003050
D,DISPATCH,UNIT_SCADA,1,"2022/10/20 08:45:00",DALNTH01,0
D,DISPATCH,UNIT_SCADA,1,"2022/10/20 08:45:00",DALNTHL1,0.093080
D,DISPATCH,UNIT_SCADA,1,"2022/10/20 08:45:00",DARLSF1,43.854610
D,DISPATCH,UNIT_SCADA,1,"2022/10/20 08:45:00",DARTM1,0
D,DISPATCH,UNIT_SCADA,1,"2022/10/20 08:45:00",DAYDSF1,69.5270
D,DISPATCH,UNIT_SCADA,1,"2022/10/20 08:45:00",DDPS1,0
D,DISPATCH,UNIT_SCADA,1,"2022/10/20 08:45:00",DDSF1,10.163710
D,DISPATCH,UNIT_SCADA,1,"2022/10/20 08:45:00",DEVILS_G,58.9520
D,DISPATCH,UNIT_SCADA,1,"2022/10/20 08:45:00",DG_NSW1,0
D,DISPATCH,UNIT_SCADA,1,"2022/10/20 08:45:00",DG_QLD1,0
D,DISPATCH,UNIT_SCADA,1,"2022/10/20 08:45:00",DG_SA1,0
D,DISPATCH,UNIT_SCADA,1,"2022/10/20 08:45:00",DG_TAS1,0
D,DISPATCH,UNIT_SCADA,1,"2022/10/20 08:45:00",DG_VIC1,0
D,DISPATCH,UNIT_SCADA,1,"2022/10/20 08:45:00",DRYCGT1,0
D,DISPATCH,UNIT_SCADA,1,"2022/10/20 08:45:00",DRYCGT2,0
D,DISPATCH,UNIT_SCADA,1,"2022/10/20 08:45:00",DRYCGT3,0
D,DISPATCH,UNIT_SCADA,1,"2022/10/20 08:45:00",DUNDWF1,85.25
D,DISPATCH,UNIT_SCADA,1,"2022/10/20 08:45:00",DUNDWF2,20.18
D,DISPATCH,UNIT_SCADA,1,"2022/10/20 08:45:00",DUNDWF3,70.50
D,DISPATCH,UNIT_SCADA,1,"2022/10/20 08:45:00",EILDON1,59.64
D,DISPATCH,UNIT_SCADA,1,"2022/10/20 08:45:00",EILDON2,60.08
D,DISPATCH,UNIT_SCADA,1,"2022/10/20 08:45:00",ELAINWF1,14.42
D,DISPATCH,UNIT_SCADA,1,"2022/10/20 08:45:00",EMERASF1,0
D,DISPATCH,UNIT_SCADA,1,"2022/10/20 08:45:00",ER01,0
D,DISPATCH,UNIT_SCADA,1,"2022/10/20 08:45:00",ER02,538.497010
D,DISPATCH,UNIT_SCADA,1,"2022/10/20 08:45:00",ER03,518.233030
D,DISPATCH,UNIT_SCADA,1,"2022/10/20 08:45:00",ER04,518.159790
D,DISPATCH,UNIT_SCADA,1,"2022/10/20 08:45:00",FINLYSF1,117.357140
D,DISPATCH,UNIT_SCADA,1,"2022/10/20 08:45:00",FISHER,44
D,DISPATCH,UNIT_SCADA,1,"2022/10/20 08:45:00",GANGARR1,28.2090
D,DISPATCH,UNIT_SCADA,1,"2022/10/20 08:45:00",GANNBG1,0.422980
D,DISPATCH,UNIT_SCADA,1,"2022/10/20 08:45:00",GANNBL1,0
D,DISPATCH,UNIT_SCADA,1,"2022/10/20 08:45:00",GANNSF1,18.70
D,DISPATCH,UNIT_SCADA,1,"2022/10/20 08:45:00",GLRWNSF1,110.07
D,DISPATCH,UNIT_SCADA,1,"2022/10/20 08:45:00",GNNDHSF1,31.237580
D,DISPATCH,UNIT_SCADA,1,"2022/10/20 08:45:00",GOONSF1,26.490880
D,DISPATCH,UNIT_SCADA,1,"2022/10/20 08:45:00",GORDON,247.572910
D,DISPATCH,UNIT_SCADA,1,"2022/10/20 08:45:00",GRANWF1,1.93
D,DISPATCH,UNIT_SCADA,1,"2022/10/20 08:45:00",GSTONE1,186.724990
D,DISPATCH,UNIT_SCADA,1,"2022/10/20 08:45:00",GSTONE2,0
D,DISPATCH,UNIT_SCADA,1,"2022/10/20 08:45:00",GSTONE3,184.6250
D,DISPATCH,UNIT_SCADA,1,"2022/10/20 08:45:00",GSTONE4,0
D,DISPATCH,UNIT_SCADA,1,"2022/10/20 08:45:00",GSTONE5,186.899990
D,DISPATCH,UNIT_SCADA,1,"2022/10/20 08:45:00",GSTONE6,186.20
D,DISPATCH,UNIT_SCADA,1,"2022/10/20 08:45:00",GULLRSF1,0.864990
D,DISPATCH,UNIT_SCADA,1,"2022/10/20 08:45:00",GULLRWF1,64.614020
D,DISPATCH,UNIT_SCADA,1,"2022/10/20 08:45:00",GULLRWF2,91.902770
D,DISPATCH,UNIT_SCADA,1,"2022/10/20 08:45:00",GUNNING1,0
D,DISPATCH,UNIT_SCADA,1,"2022/10/20 08:45:00",GUTHEGA,68.100010
D,DISPATCH,UNIT_SCADA,1,"2022/10/20 08:45:00",HALLWF1,33.24
D,DISPATCH,UNIT_SCADA,1,"2022/10/20 08:45:00",HALLWF2,51.35
D,DISPATCH,UNIT_SCADA,1,"2022/10/20 08:45:00",HAMISF1,36.70
D,DISPATCH,UNIT_SCADA,1,"2022/10/20 08:45:00",HAUGHT11,15.166460
D,DISPATCH,UNIT_SCADA,1,"2022/10/20 08:45:00",HAYMSF1,39.4530
D,DISPATCH,UNIT_SCADA,1,"2022/10/20 08:45:00",HDWF1,72
D,DISPATCH,UNIT_SCADA,1,"2022/10/20 08:45:00",HDWF2,36.50
D,DISPATCH,UNIT_SCADA,1,"2022/10/20 08:45:00",HDWF3,53.30
D,DISPATCH,UNIT_SCADA,1,"2022/10/20 08:45:00",HILLSTN1,13.163010
D,DISPATCH,UNIT_SCADA,1,"2022/10/20 08:45:00",HPRG1,33.50
D,DISPATCH,UNIT_SCADA,1,"2022/10/20 08:45:00",HPRL1,0
D,DISPATCH,UNIT_SCADA,1,"2022/10/20 08:45:00",HUMENSW,54.432160
D,DISPATCH,UNIT_SCADA,1,"2022/10/20 08:45:00",HUMEV,0
D,DISPATCH,UNIT_SCADA,1,"2022/10/20 08:45:00",HVWWBA1G,0
D,DISPATCH,UNIT_SCADA,1,"2022/10/20 08:45:00",HVWWBA1L,0.0060
D,DISPATCH,UNIT_SCADA,1,"2022/10/20 08:45:00",HVWWPV1,0.1330
D,DISPATCH,UNIT_SCADA,1,"2022/10/20 08:45:00",JBUTTERS,0
D,DISPATCH,UNIT_SCADA,1,"2022/10/20 08:45:00",JEMALNG1,8.37
D,DISPATCH,UNIT_SCADA,1,"2022/10/20 08:45:00",JLA01,0
D,DISPATCH,UNIT_SCADA,1,"2022/10/20 08:45:00",JLA02,0
D,DISPATCH,UNIT_SCADA,1,"2022/10/20 08:45:00",JLA03,0
D,DISPATCH,UNIT_SCADA,1,"2022/10/20 08:45:00",JLA04,0
D,DISPATCH,UNIT_SCADA,1,"2022/10/20 08:45:00",JLB01,0
D,DISPATCH,UNIT_SCADA,1,"2022/10/20 08:45:00",JLB02,0.10
D,DISPATCH,UNIT_SCADA,1,"2022/10/20 08:45:00",JLB03,0
D,DISPATCH,UNIT_SCADA,1,"2022/10/20 08:45:00",JUNEESF1,4.241410
D,DISPATCH,UNIT_SCADA,1,"2022/10/20 08:45:00",KABANWF1,0
D,DISPATCH,UNIT_SCADA,1,"2022/10/20 08:45:00",KAREEYA1,0
D,DISPATCH,UNIT_SCADA,1,"2022/10/20 08:45:00",KAREEYA2,0
D,DISPATCH,UNIT_SCADA,1,"2022/10/20 08:45:00",KAREEYA3,5.0325
D,DISPATCH,UNIT_SCADA,1,"2022/10/20 08:45:00",KAREEYA4,0
D,DISPATCH,UNIT_SCADA,1,"2022/10/20 08:45:00",KARSF1,9.40
D,DISPATCH,UNIT_SCADA,1,"2022/10/20 08:45:00",KEPSF1,4.59
D,DISPATCH,UNIT_SCADA,1,"2022/10/20 08:45:00",KEPWF1,0
D,DISPATCH,UNIT_SCADA,1,"2022/10/20 08:45:00",KIAMSF1,14.698250
D,DISPATCH,UNIT_SCADA,1,"2022/10/20 08:45:00",KIATAWF1,14.10
D,DISPATCH,UNIT_SCADA,1,"2022/10/20 08:45:00",KPP_1,0
D,DISPATCH,UNIT_SCADA,1,"2022/10/20 08:45:00",KSP1,25.92
D,DISPATCH,UNIT_SCADA,1,"2022/10/20 08:45:00",LADBROK1,0.02
D,DISPATCH,UNIT_SCADA,1,"2022/10/20 08:45:00",LADBROK2,6.36
D,DISPATCH,UNIT_SCADA,1,"2022/10/20 08:45:00",LBBG1,0
D,DISPATCH,UNIT_SCADA,1,"2022/10/20 08:45:00",LBBL1,1.35
D,DISPATCH,UNIT_SCADA,1,"2022/10/20 08:45:00",LD01,321.488070
D,DISPATCH,UNIT_SCADA,1,"2022/10/20 08:45:00",LD02,0
D,DISPATCH,UNIT_SCADA,1,"2022/10/20 08:45:00",LD04,325.241850
D,DISPATCH,UNIT_SCADA,1,"2022/10/20 08:45:00",LEM_WIL,86.969010
D,DISPATCH,UNIT_SCADA,1,"2022/10/20 08:45:00",LGAPWF1,0
D,DISPATCH,UNIT_SCADA,1,"2022/10/20 08:45:00",LGAPWF2,0
D,DISPATCH,UNIT_SCADA,1,"2022/10/20 08:45:00",LILYSF1,0
D,DISPATCH,UNIT_SCADA,1,"2022/10/20 08:45:00",LIMOSF11,40.661480
D,DISPATCH,UNIT_SCADA,1,"2022/10/20 08:45:00",LIMOSF21,5.302170
D,DISPATCH,UNIT_SCADA,1,"2022/10/20 08:45:00",LI_WY_CA,61.849990
D,DISPATCH,UNIT_SCADA,1,"2022/10/20 08:45:00",LKBONNY1,0
D,DISPATCH,UNIT_SCADA,1,"2022/10/20 08:45:00",LKBONNY2,0
D,DISPATCH,UNIT_SCADA,1,"2022/10/20 08:45:00",LKBONNY3,0
D,DISPATCH,UNIT_SCADA,1,"2022/10/20 08:45:00",LK_ECHO,0
D,DISPATCH,UNIT_SCADA,1,"2022/10/20 08:45:00",LNGS1,0
D,DISPATCH,UNIT_SCADA,1,"2022/10/20 08:45:00",LNGS2,0
D,DISPATCH,UNIT_SCADA,1,"2022/10/20 08:45:00",LONSDALE,0
D,DISPATCH,UNIT_SCADA,1,"2022/10/20 08:45:00",LOYYB1,548.118960
D,DISPATCH,UNIT_SCADA,1,"2022/10/20 08:45:00",LOYYB2,550.374690
D,DISPATCH,UNIT_SCADA,1,"2022/10/20 08:45:00",LYA1,522
D,DISPATCH,UNIT_SCADA,1,"2022/10/20 08:45:00",LYA2,0
D,DISPATCH,UNIT_SCADA,1,"2022/10/20 08:45:00",LYA3,488
D,DISPATCH,UNIT_SCADA,1,"2022/10/20 08:45:00",LYA4,488
D,DISPATCH,UNIT_SCADA,1,"2022/10/20 08:45:00",MACARTH1,41.299050
D,DISPATCH,UNIT_SCADA,1,"2022/10/20 08:45:00",MACKNTSH,0
D,DISPATCH,UNIT_SCADA,1,"2022/10/20 08:45:00",MANSLR1,6.0750
D,DISPATCH,UNIT_SCADA,1,"2022/10/20 08:45:00",MAPS2PV1,0
D,DISPATCH,UNIT_SCADA,1,"2022/10/20 08:45:00",MAPS3PV1,0
D,DISPATCH,UNIT_SCADA,1,"2022/10/20 08:45:00",MARYRSF1,8.93
D,DISPATCH,UNIT_SCADA,1,"2022/10/20 08:45:00",MBPS2PV1,0
D,DISPATCH,UNIT_SCADA,1,"2022/10/20 08:45:00",MCKAY1,0.02
D,DISPATCH,UNIT_SCADA,1,"2022/10/20 08:45:00",MEADOWBK,19.805940
D,DISPATCH,UNIT_SCADA,1,"2022/10/20 08:45:00",MERCER01,18.40
D,DISPATCH,UNIT_SCADA,1,"2022/10/20 08:45:00",METZSF1,30.309570
D,DISPATCH,UNIT_SCADA,1,"2022/10/20 08:45:00",MEWF1,0
D,DISPATCH,UNIT_SCADA,1,"2022/10/20 08:45:00",MIDDLSF1,3.20
D,DISPATCH,UNIT_SCADA,1,"2022/10/20 08:45:00",MINTARO,0.128180
D,DISPATCH,UNIT_SCADA,1,"2022/10/20 08:45:00",MOLNGSF1,4.569160
D,DISPATCH,UNIT_SCADA,1,"2022/10/20 08:45:00",MOORAWF1,23.72
D,DISPATCH,UNIT_SCADA,1,"2022/10/20 08:45:00",MOREESF1,19.0980
D,DISPATCH,UNIT_SCADA,1,"2022/10/20 08:45:00",MORTLK11,0
D,DISPATCH,UNIT_SCADA,1,"2022/10/20 08:45:00",MORTLK12,0
D,DISPATCH,UNIT_SCADA,1,"2022/10/20 08:45:00",MOUSF1,0
D,DISPATCH,UNIT_SCADA,1,"2022/10/20 08:45:00",MP1,0
D,DISPATCH,UNIT_SCADA,1,"2022/10/20 08:45:00",MP2,355.925840
D,DISPATCH,UNIT_SCADA,1,"2022/10/20 08:45:00",MPP_1,175.359880
D,DISPATCH,UNIT_SCADA,1,"2022/10/20 08:45:00",MPP_2,77.639320
D,DISPATCH,UNIT_SCADA,1,"2022/10/20 08:45:00",MRTLSWF1,0
D,DISPATCH,UNIT_SCADA,1,"2022/10/20 08:45:00",MSTUART1,0
D,DISPATCH,UNIT_SCADA,1,"2022/10/20 08:45:00",MSTUART2,0
D,DISPATCH,UNIT_SCADA,1,"2022/10/20 08:45:00",MSTUART3,0
D,DISPATCH,UNIT_SCADA,1,"2022/10/20 08:45:00",MTGELWF1,41.740170
D,DISPATCH,UNIT_SCADA,1,"2022/10/20 08:45:00",MTMILLAR,1.40
D,DISPATCH,UNIT_SCADA,1,"2022/10/20 08:45:00",MURRAY,0
D,DISPATCH,UNIT_SCADA,1,"2022/10/20 08:45:00",MUSSELR1,98.40
D,DISPATCH,UNIT_SCADA,1,"2022/10/20 08:45:00",MUWAWF1,87.95
D,DISPATCH,UNIT_SCADA,1,"2022/10/20 08:45:00",MUWAWF2,65.90
D,DISPATCH,UNIT_SCADA,1,"2022/10/20 08:45:00",MWPS1PV1,0.13
D,DISPATCH,UNIT_SCADA,1,"2022/10/20 08:45:00",MWPS2PV1,0
D,DISPATCH,UNIT_SCADA,1,"2022/10/20 08:45:00",MWPS3PV1,0
D,DISPATCH,UNIT_SCADA,1,"2022/10/20 08:45:00",MWPS4PV1,0
D,DISPATCH,UNIT_SCADA,1,"2022/10/20 08:45:00",NBHWF1,74.80
D,DISPATCH,UNIT_SCADA,1,"2022/10/20 08:45:00",NEVERSF1,4.83
D,DISPATCH,UNIT_SCADA,1,"2022/10/20 08:45:00",NPS,0
D,DISPATCH,UNIT_SCADA,1,"2022/10/20 08:45:00",NUMURSF1,93.67
D,DISPATCH,UNIT_SCADA,1,"2022/10/20 08:45:00",NYNGAN1,22.50
D,DISPATCH,UNIT_SCADA,1,"2022/10/20 08:45:00",OAKEY1,0
D,DISPATCH,UNIT_SCADA,1,"2022/10/20 08:45:00",OAKEY1SF,4.5110
D,DISPATCH,UNIT_SCADA,1,"2022/10/20 08:45:00",OAKEY2,0
D,DISPATCH,UNIT_SCADA,1,"2022/10/20 08:45:00",OAKEY2SF,9.20
D,DISPATCH,UNIT_SCADA,1,"2022/10/20 08:45:00",OAKLAND1,6.90
D,DISPATCH,UNIT_SCADA,1,"2022/10/20 08:45:00",OSB-AG,0
D,DISPATCH,UNIT_SCADA,1,"2022/10/20 08:45:00",PAREPS1,0.0660
D,DISPATCH,UNIT_SCADA,1,"2022/10/20 08:45:00",PAREPW1,52.30
D,DISPATCH,UNIT_SCADA,1,"2022/10/20 08:45:00",PARSF1,16.499580
D,DISPATCH,UNIT_SCADA,1,"2022/10/20 08:45:00",POAT110,0
D,DISPATCH,UNIT_SCADA,1,"2022/10/20 08:45:00",POAT220,0
D,DISPATCH,UNIT_SCADA,1,"2022/10/20 08:45:00",POR01,0
D,DISPATCH,UNIT_SCADA,1,"2022/10/20 08:45:00",POR03,0
D,DISPATCH,UNIT_SCADA,1,"2022/10/20 08:45:00",PPCCGT,181.605380
D,DISPATCH,UNIT_SCADA,1,"2022/10/20 08:45:00",PTSTAN1,0
D,DISPATCH,UNIT_SCADA,1,"2022/10/20 08:45:00",PUMP1,0
D,DISPATCH,UNIT_SCADA,1,"2022/10/20 08:45:00",PUMP2,0
D,DISPATCH,UNIT_SCADA,1,"2022/10/20 08:45:00",QBYNBG1,0
D,DISPATCH,UNIT_SCADA,1,"2022/10/20 08:45:00",QBYNBL1,0.0015
D,DISPATCH,UNIT_SCADA,1,"2022/10/20 08:45:00",QPS1,0
D,DISPATCH,UNIT_SCADA,1,"2022/10/20 08:45:00",QPS2,0
D,DISPATCH,UNIT_SCADA,1,"2022/10/20 08:45:00",QPS3,0
D,DISPATCH,UNIT_SCADA,1,"2022/10/20 08:45:00",QPS4,0
D,DISPATCH,UNIT_SCADA,1,"2022/10/20 08:45:00",QPS5,78.39
D,DISPATCH,UNIT_SCADA,1,"2022/10/20 08:45:00",REECE1,49.426430
D,DISPATCH,UNIT_SCADA,1,"2022/10/20 08:45:00",REECE2,0
D,DISPATCH,UNIT_SCADA,1,"2022/10/20 08:45:00",ROMA_7,0
D,DISPATCH,UNIT_SCADA,1,"2022/10/20 08:45:00",ROMA_8,0
D,DISPATCH,UNIT_SCADA,1,"2022/10/20 08:45:00",RRSF1,36.529030
D,DISPATCH,UNIT_SCADA,1,"2022/10/20 08:45:00",RT_NSW1,0
D,DISPATCH,UNIT_SCADA,1,"2022/10/20 08:45:00",RT_NSW2,0
D,DISPATCH,UNIT_SCADA,1,"2022/10/20 08:45:00",RT_NSW3,0
D,DISPATCH,UNIT_SCADA,1,"2022/10/20 08:45:00",RT_NSW4,0
D,DISPATCH,UNIT_SCADA,1,"2022/10/20 08:45:00",RT_NSW5,0
D,DISPATCH,UNIT_SCADA,1,"2022/10/20 08:45:00",RT_NSW6,0
D,DISPATCH,UNIT_SCADA,1,"2022/10/20 08:45:00",RT_QLD1,0
D,DISPATCH,UNIT_SCADA,1,"2022/10/20 08:45:00",RT_SA1,0
D,DISPATCH,UNIT_SCADA,1,"2022/10/20 08:45:00",RT_SA2,0
D,DISPATCH,UNIT_SCADA,1,"2022/10/20 08:45:00",RT_SA3,0
D,DISPATCH,UNIT_SCADA,1,"2022/10/20 08:45:00",RT_SA4,0
D,DISPATCH,UNIT_SCADA,1,"2022/10/20 08:45:00",RT_SA5,0
D,DISPATCH,UNIT_SCADA,1,"2022/10/20 08:45:00",RT_SA6,0
D,DISPATCH,UNIT_SCADA,1,"2022/10/20 08:45:00",RT_TAS1,0
D,DISPATCH,UNIT_SCADA,1,"2022/10/20 08:45:00",RT_VIC1,0
D,DISPATCH,UNIT_SCADA,1,"2022/10/20 08:45:00",RT_VIC10,0
D,DISPATCH,UNIT_SCADA,1,"2022/10/20 08:45:00",RT_VIC11,0
D,DISPATCH,UNIT_SCADA,1,"2022/10/20 08:45:00",RT_VIC12,0
D,DISPATCH,UNIT_SCADA,1,"2022/10/20 08:45:00",RT_VIC2,0
D,DISPATCH,UNIT_SCADA,1,"2022/10/20 08:45:00",RT_VIC3,0
D,DISPATCH,UNIT_SCADA,1,"2022/10/20 08:45:00",RT_VIC4,0
D,DISPATCH,UNIT_SCADA,1,"2022/10/20 08:45:00",RT_VIC5,0
D,DISPATCH,UNIT_SCADA,1,"2022/10/20 08:45:00",RT_VIC6,0
D,DISPATCH,UNIT_SCADA,1,"2022/10/20 08:45:00",RT_VIC7,0
D,DISPATCH,UNIT_SCADA,1,"2022/10/20 08:45:00",RT_VIC8,0
D,DISPATCH,UNIT_SCADA,1,"2022/10/20 08:45:00",RT_VIC9,0
D,DISPATCH,UNIT_SCADA,1,"2022/10/20 08:45:00",RUGBYR1,5.036290
D,DISPATCH,UNIT_SCADA,1,"2022/10/20 08:45:00",SALTCRK1,33.31
D,DISPATCH,UNIT_SCADA,1,"2022/10/20 08:45:00",SAPHWF1,251.87
D,DISPATCH,UNIT_SCADA,1,"2022/10/20 08:45:00",SEBSF1,59.948960
D,DISPATCH,UNIT_SCADA,1,"2022/10/20 08:45:00",SHGEN,0
D,DISPATCH,UNIT_SCADA,1,"2022/10/20 08:45:00",SHPUMP,0
D,DISPATCH,UNIT_SCADA,1,"2022/10/20 08:45:00",SITHE01,0.2041
D,DISPATCH,UNIT_SCADA,1,"2022/10/20 08:45:00",SMCSF1,21.3480
D,DISPATCH,UNIT_SCADA,1,"2022/10/20 08:45:00",SNAPPER1,0
D,DISPATCH,UNIT_SCADA,1,"2022/10/20 08:45:00",SNOWNTH1,121.90
D,DISPATCH,UNIT_SCADA,1,"2022/10/20 08:45:00",SNOWSTH1,99.30
D,DISPATCH,UNIT_SCADA,1,"2022/10/20 08:45:00",SNOWTWN1,0
D,DISPATCH,UNIT_SCADA,1,"2022/10/20 08:45:00",SNOWYP,0
D,DISPATCH,UNIT_SCADA,1,"2022/10/20 08:45:00",SNUG1,0
D,DISPATCH,UNIT_SCADA,1,"2022/10/20 08:45:00",SRSF1,14.20
D,DISPATCH,UNIT_SCADA,1,"2022/10/20 08:45:00",STAN-1,285.695950
D,DISPATCH,UNIT_SCADA,1,"2022/10/20 08:45:00",STAN-2,366.166110
D,DISPATCH,UNIT_SCADA,1,"2022/10/20 08:45:00",STAN-3,155.877270
D,DISPATCH,UNIT_SCADA,1,"2022/10/20 08:45:00",STAN-4,363.833250
D,DISPATCH,UNIT_SCADA,1,"2022/10/20 08:45:00",STARHLWF,0.01
D,DISPATCH,UNIT_SCADA,1,"2022/10/20 08:45:00",STOCKYD1,79.39
D,DISPATCH,UNIT_SCADA,1,"2022/10/20 08:45:00",STWF1,6.707260
D,DISPATCH,UNIT_SCADA,1,"2022/10/20 08:45:00",SUNRSF1,24.412910
D,DISPATCH,UNIT_SCADA,1,"2022/10/20 08:45:00",SUNTPSF1,22.452130
D,DISPATCH,UNIT_SCADA,1,"2022/10/20 08:45:00",SWAN_E,155.131870
D,DISPATCH,UNIT_SCADA,1,"2022/10/20 08:45:00",TALWA1,0
D,DISPATCH,UNIT_SCADA,1,"2022/10/20 08:45:00",TARALGA1,0
D,DISPATCH,UNIT_SCADA,1,"2022/10/20 08:45:00",TARONG#1,350.600010
D,DISPATCH,UNIT_SCADA,1,"2022/10/20 08:45:00",TARONG#2,349.800020
D,DISPATCH,UNIT_SCADA,1,"2022/10/20 08:45:00",TARONG#3,0.90
D,DISPATCH,UNIT_SCADA,1,"2022/10/20 08:45:00",TARONG#4,295
D,DISPATCH,UNIT_SCADA,1,"2022/10/20 08:45:00",TARRALEA,54
D,DISPATCH,UNIT_SCADA,1,"2022/10/20 08:45:00",TBSF1,0.10
D,DISPATCH,UNIT_SCADA,1,"2022/10/20 08:45:00",TNPS1,442.75
D,DISPATCH,UNIT_SCADA,1,"2022/10/20 08:45:00",TORRB1,0
D,DISPATCH,UNIT_SCADA,1,"2022/10/20 08:45:00",TORRB2,44
D,DISPATCH,UNIT_SCADA,1,"2022/10/20 08:45:00",TORRB3,0
D,DISPATCH,UNIT_SCADA,1,"2022/10/20 08:45:00",TORRB4,0
D,DISPATCH,UNIT_SCADA,1,"2022/10/20 08:45:00",TREVALLN,98.031880
D,DISPATCH,UNIT_SCADA,1,"2022/10/20 08:45:00",TRIBUTE,0
D,DISPATCH,UNIT_SCADA,1,"2022/10/20 08:45:00",TUMUT3,0
D,DISPATCH,UNIT_SCADA,1,"2022/10/20 08:45:00",TUNGATIN,7.590020
D,DISPATCH,UNIT_SCADA,1,"2022/10/20 08:45:00",TVCC201,0
D,DISPATCH,UNIT_SCADA,1,"2022/10/20 08:45:00",TVPP104,40.029260
D,DISPATCH,UNIT_SCADA,1,"2022/10/20 08:45:00",UPPTUMUT,0
D,DISPATCH,UNIT_SCADA,1,"2022/10/20 08:45:00",URANQ11,0
D,DISPATCH,UNIT_SCADA,1,"2022/10/20 08:45:00",URANQ12,0
D,DISPATCH,UNIT_SCADA,1,"2022/10/20 08:45:00",URANQ13,0
D,DISPATCH,UNIT_SCADA,1,"2022/10/20 08:45:00",URANQ14,0
D,DISPATCH,UNIT_SCADA,1,"2022/10/20 08:45:00",VBBG1,11.20
D,DISPATCH,UNIT_SCADA,1,"2022/10/20 08:45:00",VBBL1,0
D,DISPATCH,UNIT_SCADA,1,"2022/10/20 08:45:00",VP5,499.356050
D,DISPATCH,UNIT_SCADA,1,"2022/10/20 08:45:00",VP6,503.213590
D,DISPATCH,UNIT_SCADA,1,"2022/10/20 08:45:00",VPGS1,0
D,DISPATCH,UNIT_SCADA,1,"2022/10/20 08:45:00",VPGS2,0
D,DISPATCH,UNIT_SCADA,1,"2022/10/20 08:45:00",VPGS3,0
D,DISPATCH,UNIT_SCADA,1,"2022/10/20 08:45:00",VPGS4,0
D,DISPATCH,UNIT_SCADA,1,"2022/10/20 08:45:00",VPGS5,0
D,DISPATCH,UNIT_SCADA,1,"2022/10/20 08:45:00",VPGS6,0
D,DISPATCH,UNIT_SCADA,1,"2022/10/20 08:45:00",W/HOE#1,0
D,DISPATCH,UNIT_SCADA,1,"2022/10/20 08:45:00",W/HOE#2,0
D,DISPATCH,UNIT_SCADA,1,"2022/10/20 08:45:00",WAGGNSF1,0
D,DISPATCH,UNIT_SCADA,1,"2022/10/20 08:45:00",WALGRVG1,0.000930
D,DISPATCH,UNIT_SCADA,1,"2022/10/20 08:45:00",WALGRVL1,0
D,DISPATCH,UNIT_SCADA,1,"2022/10/20 08:45:00",WANDBG1,1.254980
D,DISPATCH,UNIT_SCADA,1,"2022/10/20 08:45:00",WANDBL1,0
D,DISPATCH,UNIT_SCADA,1,"2022/10/20 08:45:00",WARWSF1,12.52
D,DISPATCH,UNIT_SCADA,1,"2022/10/20 08:45:00",WARWSF2,11.42
D,DISPATCH,UNIT_SCADA,1,"2022/10/20 08:45:00",WATERLWF,31.40
D,DISPATCH,UNIT_SCADA,1,"2022/10/20 08:45:00",WDGPH1,30.7940
D,DISPATCH,UNIT_SCADA,1,"2022/10/20 08:45:00",WELLSF1,35.037770
D,DISPATCH,UNIT_SCADA,1,"2022/10/20 08:45:00",WEMENSF1,21.60
D,DISPATCH,UNIT_SCADA,1,"2022/10/20 08:45:00",WGWF1,106.20
D,DISPATCH,UNIT_SCADA,1,"2022/10/20 08:45:00",WHITSF1,32.10
D,DISPATCH,UNIT_SCADA,1,"2022/10/20 08:45:00",WINTSF1,82.27
D,DISPATCH,UNIT_SCADA,1,"2022/10/20 08:45:00",WKIEWA1,34.40
D,DISPATCH,UNIT_SCADA,1,"2022/10/20 08:45:00",WKIEWA2,34.30
D,DISPATCH,UNIT_SCADA,1,"2022/10/20 08:45:00",WOODLWN1,25.844630
D,DISPATCH,UNIT_SCADA,1,"2022/10/20 08:45:00",WOOLGSF1,19.6608
D,DISPATCH,UNIT_SCADA,1,"2022/10/20 08:45:00",WPWF,49.04
D,DISPATCH,UNIT_SCADA,1,"2022/10/20 08:45:00",WRSF1,4.430070
D,DISPATCH,UNIT_SCADA,1,"2022/10/20 08:45:00",WRWF1,80.961320
D,DISPATCH,UNIT_SCADA,1,"2022/10/20 08:45:00",WSTWYSF1,0
D,DISPATCH,UNIT_SCADA,1,"2022/10/20 08:45:00",YABULU,0
D,DISPATCH,UNIT_SCADA,1,"2022/10/20 08:45:00",YABULU2,0
D,DISPATCH,UNIT_SCADA,1,"2022/10/20 08:45:00",YARANSF1,24.52
D,DISPATCH,UNIT_SCADA,1,"2022/10/20 08:45:00",YARWUN_1,163.34
D,DISPATCH,UNIT_SCADA,1,"2022/10/20 08:45:00",YATSF1,14.10
D,DISPATCH,UNIT_SCADA,1,"2022/10/20 08:45:00",YENDWF1,21.27
D,DISPATCH,UNIT_SCADA,1,"2022/10/20 08:45:00",YWPS1,363.156950
D,DISPATCH,UNIT_SCADA,1,"2022/10/20 08:45:00",YWPS2,289.721530
D,DISPATCH,UNIT_SCADA,1,"2022/10/20 08:45:00",YWPS3,358.824040
D,DISPATCH,UNIT_SCADA,1,"2022/10/20 08:45:00",YWPS4,0
C,"END OF REPORT",419
