C,NEMP.WORLD,DISPATCHSCADA,AEMO,PUBLIC,2022/10/20,14:50:10,0000000373261944,DISPATCHSCADA,0000000373261938
I,DISPATCH,UNIT_SCADA,1,SETTLEMENTDATE,DUID,SCADAVALUE
D,DISPATCH,UNIT_SCADA,1,"2022/10/20 14:55:00",BARCSF1,0.60
D,DISPATCH,UNIT_SCADA,1,"2022/10/20 14:55:00",BUTLERSG,8.699999
D,DISPATCH,UNIT_SCADA,1,"2022/10/20 14:55:00",CAPTL_WF,69.860443
D,DISPATCH,UNIT_SCADA,1,"2022/10/20 14:55:00",CHALLHWF,9.10
D,DISPATCH,UNIT_SCADA,1,"2022/10/20 14:55:00",CLOVER,10.50
D,DISPATCH,UNIT_SCADA,1,"2022/10/20 14:55:00",CLUNY,6.243534
D,DISPATCH,UNIT_SCADA,1,"2022/10/20 14:55:00",CULLRGWF,-0.05
D,DISPATCH,UNIT_SCADA,1,"2022/10/20 14:55:00",DIAPURWF1,4.90
D,DISPATCH,UNIT_SCADA,1,"2022/10/20 14:55:00",ERGT01,0
D,DISPATCH,UNIT_SCADA,1,"2022/10/20 14:55:00",GB01,0
D,DISPATCH,UNIT_SCADA,1,"2022/10/20 14:55:00",GERMCRK,21.299999
D,DISPATCH,UNIT_SCADA,1,"2022/10/20 14:55:00",GRIFSF1,5.198749
D,DISPATCH,UNIT_SCADA,1,"2022/10/20 14:55:00",HEZ1,0
D,DISPATCH,UNIT_SCADA,1,"2022/10/20 14:55:00",HUGSF1,7.9190
D,DISPATCH,UNIT_SCADA,1,"2022/10/20 14:55:00",KEPBG1,0
D,DISPATCH,UNIT_SCADA,1,"2022/10/20 14:55:00",LRSF1,12.993001
D,DISPATCH,UNIT_SCADA,1,"2022/10/20 14:55:00",MBAHNTH,43.218750
D,DISPATCH,UNIT_SCADA,1,"2022/10/20 14:55:00",MLSP1,2.505001
D,DISPATCH,UNIT_SCADA,1,"2022/10/20 14:55:00",MLWF1,6.03
D,DISPATCH,UNIT_SCADA,1,"2022/10/20 14:55:00",PALOONA,30.16
D,DISPATCH,UNIT_SCADA,1,"2022/10/20 14:55:00",PIONEER,44
D,DISPATCH,UNIT_SCADA,1,"2022/10/20 14:55:00",PORTWF,49.599998
D,DISPATCH,UNIT_SCADA,1,"2022/10/20 14:55:00",REPULSE,9.328145
D,DISPATCH,UNIT_SCADA,1,"2022/10/20 14:55:00",ROWALLAN,8.8892
D,DISPATCH,UNIT_SCADA,1,"2022/10/20 14:55:00",ROYALLA1,3.841003
D,DISPATCH,UNIT_SCADA,1,"2022/10/20 14:55:00",RPCG,-1.80
D,DISPATCH,UNIT_SCADA,1,"2022/10/20 14:55:00",RUBICON,0
D,DISPATCH,UNIT_SCADA,1,"2022/10/20 14:55:00",WAUBRAWF,61.2770
D,DISPATCH,UNIT_SCADA,1,"2022/10/20 14:55:00",WOOLNTH1,97.080002
D,DISPATCH,UNIT_SCADA,1,"2022/10/20 14:55:00",YAMBUKWF,4.80
D,DISPATCH,UNIT_SCADA,1,"2022/10/20 14:55:00",YSWF1,2.10
D,DISPATCH,UNIT_SCADA,1,"2022/10/20 14:55:00",ADPBA1G,0.0080
D,DISPATCH,UNIT_SCADA,1,"2022/10/20 14:55:00",ADPBA1L,0
D,DISPATCH,UNIT_SCADA,1,"2022/10/20 14:55:00",ADPPV1,1.6450
D,DISPATCH,UNIT_SCADA,1,"2022/10/20 14:55:00",AGLHAL,0
D,DISPATCH,UNIT_SCADA,1,"2022/10/20 14:55:00",AGLSOM,0
D,DISPATCH,UNIT_SCADA,1,"2022/10/20 14:55:00",ANGAST1,0
D,DISPATCH,UNIT_SCADA,1,"2022/10/20 14:55:00",ARWF1,4.50
D,DISPATCH,UNIT_SCADA,1,"2022/10/20 14:55:00",BALBG1,0
D,DISPATCH,UNIT_SCADA,1,"2022/10/20 14:55:00",BALBL1,0
D,DISPATCH,UNIT_SCADA,1,"2022/10/20 14:55:00",BALDHWF1,84.2420
D,DISPATCH,UNIT_SCADA,1,"2022/10/20 14:55:00",BANGOWF1,27.698180
D,DISPATCH,UNIT_SCADA,1,"2022/10/20 14:55:00",BANGOWF2,25
D,DISPATCH,UNIT_SCADA,1,"2022/10/20 14:55:00",BANN1,8.90
D,DISPATCH,UNIT_SCADA,1,"2022/10/20 14:55:00",BARCALDN,0
D,DISPATCH,UNIT_SCADA,1,"2022/10/20 14:55:00",BARKIPS1,0
D,DISPATCH,UNIT_SCADA,1,"2022/10/20 14:55:00",BARRON-1,24.60
D,DISPATCH,UNIT_SCADA,1,"2022/10/20 14:55:00",BARRON-2,0
D,DISPATCH,UNIT_SCADA,1,"2022/10/20 14:55:00",BASTYAN,51.14
D,DISPATCH,UNIT_SCADA,1,"2022/10/20 14:55:00",BBTHREE1,0
D,DISPATCH,UNIT_SCADA,1,"2022/10/20 14:55:00",BBTHREE2,3.54
D,DISPATCH,UNIT_SCADA,1,"2022/10/20 14:55:00",BBTHREE3,-1.12
D,DISPATCH,UNIT_SCADA,1,"2022/10/20 14:55:00",BDL01,0
D,DISPATCH,UNIT_SCADA,1,"2022/10/20 14:55:00",BDL02,0
D,DISPATCH,UNIT_SCADA,1,"2022/10/20 14:55:00",BERYLSF1,0
D,DISPATCH,UNIT_SCADA,1,"2022/10/20 14:55:00",BLOWERNG,62.50
D,DISPATCH,UNIT_SCADA,1,"2022/10/20 14:55:00",BLUEGSF1,18.344960
D,DISPATCH,UNIT_SCADA,1,"2022/10/20 14:55:00",BLUFF1,0.80
D,DISPATCH,UNIT_SCADA,1,"2022/10/20 14:55:00",BNGSF1,19.98
D,DISPATCH,UNIT_SCADA,1,"2022/10/20 14:55:00",BNGSF2,16.58
D,DISPATCH,UNIT_SCADA,1,"2022/10/20 14:55:00",BOCORWF1,59.94
D,DISPATCH,UNIT_SCADA,1,"2022/10/20 14:55:00",BODWF1,53.082280
D,DISPATCH,UNIT_SCADA,1,"2022/10/20 14:55:00",BOMENSF1,20.411080
D,DISPATCH,UNIT_SCADA,1,"2022/10/20 14:55:00",BOWWBA1G,0
D,DISPATCH,UNIT_SCADA,1,"2022/10/20 14:55:00",BOWWBA1L,0.0010
D,DISPATCH,UNIT_SCADA,1,"2022/10/20 14:55:00",BOWWPV1,0
D,DISPATCH,UNIT_SCADA,1,"2022/10/20 14:55:00",BRAEMAR1,0
D,DISPATCH,UNIT_SCADA,1,"2022/10/20 14:55:00",BRAEMAR2,0
D,DISPATCH,UNIT_SCADA,1,"2022/10/20 14:55:00",BRAEMAR3,0
D,DISPATCH,UNIT_SCADA,1,"2022/10/20 14:55:00",BRAEMAR5,0.292060
D,DISPATCH,UNIT_SCADA,1,"2022/10/20 14:55:00",BRAEMAR6,0
D,DISPATCH,UNIT_SCADA,1,"2022/10/20 14:55:00",BRAEMAR7,137.660510
D,DISPATCH,UNIT_SCADA,1,"2022/10/20 14:55:00",BROKENH1,30.199540
D,DISPATCH,UNIT_SCADA,1,"2022/10/20 14:55:00",BRYB1WF1,79.526970
D,DISPATCH,UNIT_SCADA,1,"2022/10/20 14:55:00",BULBESG1,0
D,DISPATCH,UNIT_SCADA,1,"2022/10/20 14:55:00",BULBESL1,1.83
D,DISPATCH,UNIT_SCADA,1,"2022/10/20 14:55:00",BULGANA1,7.80
D,DISPATCH,UNIT_SCADA,1,"2022/10/20 14:55:00",BW01,661.716610
D,DISPATCH,UNIT_SCADA,1,"2022/10/20 14:55:00",BW02,622.409420
D,DISPATCH,UNIT_SCADA,1,"2022/10/20 14:55:00",BW03,555.318540
D,DISPATCH,UNIT_SCADA,1,"2022/10/20 14:55:00",BW04,0
D,DISPATCH,UNIT_SCADA,1,"2022/10/20 14:55:00",CALL_B_1,320
D,DISPATCH,UNIT_SCADA,1,"2022/10/20 14:55:00",CALL_B_2,320
D,DISPATCH,UNIT_SCADA,1,"2022/10/20 14:55:00",CATHROCK,7.30
D,DISPATCH,UNIT_SCADA,1,"2022/10/20 14:55:00",CBWWBA1G,0
D,DISPATCH,UNIT_SCADA,1,"2022/10/20 14:55:00",CBWWBA1L,0
D,DISPATCH,UNIT_SCADA,1,"2022/10/20 14:55:00",CETHANA,76.8690
D,DISPATCH,UNIT_SCADA,1,"2022/10/20 14:55:00",CG1,0
D,DISPATCH,UNIT_SCADA,1,"2022/10/20 14:55:00",CG2,0
D,DISPATCH,UNIT_SCADA,1,"2022/10/20 14:55:00",CG3,0
D,DISPATCH,UNIT_SCADA,1,"2022/10/20 14:55:00",CG4,0
D,DISPATCH,UNIT_SCADA,1,"2022/10/20 14:55:00",CHILDSF1,6.64
D,DISPATCH,UNIT_SCADA,1,"2022/10/20 14:55:00",CHYTWF1,10.29
D,DISPATCH,UNIT_SCADA,1,"2022/10/20 14:55:00",CLARESF1,39.292930
D,DISPATCH,UNIT_SCADA,1,"2022/10/20 14:55:00",CLEMGPWF,0
D,DISPATCH,UNIT_SCADA,1,"2022/10/20 14:55:00",CLERMSF1,55.69
D,DISPATCH,UNIT_SCADA,1,"2022/10/20 14:55:00",CNUNDAWF,6.707820
D,DISPATCH,UNIT_SCADA,1,"2022/10/20 14:55:00",COHUNSF1,9.61
D,DISPATCH,UNIT_SCADA,1,"2022/10/20 14:55:00",COLEASF1,26.199360
D,DISPATCH,UNIT_SCADA,1,"2022/10/20 14:55:00",COLUMSF1,15.45
D,DISPATCH,UNIT_SCADA,1,"2022/10/20 14:55:00",COLWF01,114.929430
D,DISPATCH,UNIT_SCADA,1,"2022/10/20 14:55:00",COOPGWF1,260.22
D,DISPATCH,UNIT_SCADA,1,"2022/10/20 14:55:00",CPP_3,361.899990
D,DISPATCH,UNIT_SCADA,1,"2022/10/20 14:55:00",CPP_4,0
D,DISPATCH,UNIT_SCADA,1,"2022/10/20 14:55:00",CPSA,0
D,DISPATCH,UNIT_SCADA,1,"2022/10/20 14:55:00",CROOKWF2,30.484470
D,DISPATCH,UNIT_SCADA,1,"2022/10/20 14:55:00",CROWLWF1,8.622080
D,DISPATCH,UNIT_SCADA,1,"2022/10/20 14:55:00",CRURWF1,21.499430
D,DISPATCH,UNIT_SCADA,1,"2022/10/20 14:55:00",CRWASF1,19.883010
D,DISPATCH,UNIT_SCADA,1,"2022/10/20 14:55:00",CSPVPS1,4.8060
D,DISPATCH,UNIT_SCADA,1,"2022/10/20 14:55:00",CTHLWF1,0.003050
D,DISPATCH,UNIT_SCADA,1,"2022/10/20 14:55:00",DALNTH01,0
D,DISPATCH,UNIT_SCADA,1,"2022/10/20 14:55:00",DALNTHL1,0.083920
D,DISPATCH,UNIT_SCADA,1,"2022/10/20 14:55:00",DARLSF1,60.588870
D,DISPATCH,UNIT_SCADA,1,"2022/10/20 14:55:00",DARTM1,0
D,DISPATCH,UNIT_SCADA,1,"2022/10/20 14:55:00",DAYDSF1,12.0080
D,DISPATCH,UNIT_SCADA,1,"2022/10/20 14:55:00",DDPS1,0
D,DISPATCH,UNIT_SCADA,1,"2022/10/20 14:55:00",DDSF1,23.04
D,DISPATCH,UNIT_SCADA,1,"2022/10/20 14:55:00",DEVILS_G,60.324110
D,DISPATCH,UNIT_SCADA,1,"2022/10/20 14:55:00",DG_NSW1,0
D,DISPATCH,UNIT_SCADA,1,"2022/10/20 14:55:00",DG_QLD1,0
D,DISPATCH,UNIT_SCADA,1,"2022/10/20 14:55:00",DG_SA1,0
D,DISPATCH,UNIT_SCADA,1,"2022/10/20 14:55:00",DG_TAS1,0
D,DISPATCH,UNIT_SCADA,1,"2022/10/20 14:55:00",DG_VIC1,0
D,DISPATCH,UNIT_SCADA,1,"2022/10/20 14:55:00",DRYCGT1,0
D,DISPATCH,UNIT_SCADA,1,"2022/10/20 14:55:00",DRYCGT2,0
D,DISPATCH,UNIT_SCADA,1,"2022/10/20 14:55:00",DRYCGT3,0
D,DISPATCH,UNIT_SCADA,1,"2022/10/20 14:55:00",DUNDWF1,60.68
D,DISPATCH,UNIT_SCADA,1,"2022/10/20 14:55:00",DUNDWF2,16.86
D,DISPATCH,UNIT_SCADA,1,"2022/10/20 14:55:00",DUNDWF3,54.82
D,DISPATCH,UNIT_SCADA,1,"2022/10/20 14:55:00",EILDON1,59.96
D,DISPATCH,UNIT_SCADA,1,"2022/10/20 14:55:00",EILDON2,59.96
D,DISPATCH,UNIT_SCADA,1,"2022/10/20 14:55:00",ELAINWF1,20.61
D,DISPATCH,UNIT_SCADA,1,"2022/10/20 14:55:00",EMERASF1,0
D,DISPATCH,UNIT_SCADA,1,"2022/10/20 14:55:00",ER01,0
D,DISPATCH,UNIT_SCADA,1,"2022/10/20 14:55:00",ER02,542.085940
D,DISPATCH,UNIT_SCADA,1,"2022/10/20 14:55:00",ER03,540.865170
D,DISPATCH,UNIT_SCADA,1,"2022/10/20 14:55:00",ER04,544.527340
D,DISPATCH,UNIT_SCADA,1,"2022/10/20 14:55:00",FINLYSF1,82.767990
D,DISPATCH,UNIT_SCADA,1,"2022/10/20 14:55:00",FISHER,43.96
D,DISPATCH,UNIT_SCADA,1,"2022/10/20 14:55:00",GANGARR1,6.0840
D,DISPATCH,UNIT_SCADA,1,"2022/10/20 14:55:00",GANNBG1,0
D,DISPATCH,UNIT_SCADA,1,"2022/10/20 14:55:00",GANNBL1,3.7217
D,DISPATCH,UNIT_SCADA,1,"2022/10/20 14:55:00",GANNSF1,29.90
D,DISPATCH,UNIT_SCADA,1,"2022/10/20 14:55:00",GLRWNSF1,88.31
D,DISPATCH,UNIT_SCADA,1,"2022/10/20 14:55:00",GNNDHSF1,81.823990
D,DISPATCH,UNIT_SCADA,1,"2022/10/20 14:55:00",GOONSF1,28.717480
D,DISPATCH,UNIT_SCADA,1,"2022/10/20 14:55:00",GORDON,197.741640
D,DISPATCH,UNIT_SCADA,1,"2022/10/20 14:55:00",GRANWF1,0
D,DISPATCH,UNIT_SCADA,1,"2022/10/20 14:55:00",GSTONE1,201.4250
D,DISPATCH,UNIT_SCADA,1,"2022/10/20 14:55:00",GSTONE2,0
D,DISPATCH,UNIT_SCADA,1,"2022/10/20 14:55:00",GSTONE3,200.024990
D,DISPATCH,UNIT_SCADA,1,"2022/10/20 14:55:00",GSTONE4,0
D,DISPATCH,UNIT_SCADA,1,"2022/10/20 14:55:00",GSTONE5,184.80
D,DISPATCH,UNIT_SCADA,1,"2022/10/20 14:55:00",GSTONE6,200.55
D,DISPATCH,UNIT_SCADA,1,"2022/10/20 14:55:00",GULLRSF1,1.074980
D,DISPATCH,UNIT_SCADA,1,"2022/10/20 14:55:00",GULLRWF1,74.403870
D,DISPATCH,UNIT_SCADA,1,"2022/10/20 14:55:00",GULLRWF2,78.915270
D,DISPATCH,UNIT_SCADA,1,"2022/10/20 14:55:00",GUNNING1,0
D,DISPATCH,UNIT_SCADA,1,"2022/10/20 14:55:00",GUTHEGA,62.40
D,DISPATCH,UNIT_SCADA,1,"2022/10/20 14:55:00",HALLWF1,0
D,DISPATCH,UNIT_SCADA,1,"2022/10/20 14:55:00",HALLWF2,0
D,DISPATCH,UNIT_SCADA,1,"2022/10/20 14:55:00",HAMISF1,3.80
D,DISPATCH,UNIT_SCADA,1,"2022/10/20 14:55:00",HAUGHT11,33.108990
D,DISPATCH,UNIT_SCADA,1,"2022/10/20 14:55:00",HAYMSF1,3.5510
D,DISPATCH,UNIT_SCADA,1,"2022/10/20 14:55:00",HDWF1,2.10
D,DISPATCH,UNIT_SCADA,1,"2022/10/20 14:55:00",HDWF2,1.90
D,DISPATCH,UNIT_SCADA,1,"2022/10/20 14:55:00",HDWF3,1.60
D,DISPATCH,UNIT_SCADA,1,"2022/10/20 14:55:00",HILLSTN1,22.239230
D,DISPATCH,UNIT_SCADA,1,"2022/10/20 14:55:00",HPRG1,5.70
D,DISPATCH,UNIT_SCADA,1,"2022/10/20 14:55:00",HPRL1,0
D,DISPATCH,UNIT_SCADA,1,"2022/10/20 14:55:00",HUMENSW,54.638260
D,DISPATCH,UNIT_SCADA,1,"2022/10/20 14:55:00",HUMEV,0
D,DISPATCH,UNIT_SCADA,1,"2022/10/20 14:55:00",HVWWBA1G,0
D,DISPATCH,UNIT_SCADA,1,"2022/10/20 14:55:00",HVWWBA1L,0.0070
D,DISPATCH,UNIT_SCADA,1,"2022/10/20 14:55:00",HVWWPV1,4.1720
D,DISPATCH,UNIT_SCADA,1,"2022/10/20 14:55:00",JBUTTERS,0
D,DISPATCH,UNIT_SCADA,1,"2022/10/20 14:55:00",JEMALNG1,43.05
D,DISPATCH,UNIT_SCADA,1,"2022/10/20 14:55:00",JLA01,0
D,DISPATCH,UNIT_SCADA,1,"2022/10/20 14:55:00",JLA02,0
D,DISPATCH,UNIT_SCADA,1,"2022/10/20 14:55:00",JLA03,0
D,DISPATCH,UNIT_SCADA,1,"2022/10/20 14:55:00",JLA04,0
D,DISPATCH,UNIT_SCADA,1,"2022/10/20 14:55:00",JLB01,0
D,DISPATCH,UNIT_SCADA,1,"2022/10/20 14:55:00",JLB02,0.10
D,DISPATCH,UNIT_SCADA,1,"2022/10/20 14:55:00",JLB03,0
D,DISPATCH,UNIT_SCADA,1,"2022/10/20 14:55:00",JUNEESF1,9.392130
D,DISPATCH,UNIT_SCADA,1,"2022/10/20 14:55:00",KABANWF1,2.2450
D,DISPATCH,UNIT_SCADA,1,"2022/10/20 14:55:00",KAREEYA1,0
D,DISPATCH,UNIT_SCADA,1,"2022/10/20 14:55:00",KAREEYA2,0
D,DISPATCH,UNIT_SCADA,1,"2022/10/20 14:55:00",KAREEYA3,4.9550
D,DISPATCH,UNIT_SCADA,1,"2022/10/20 14:55:00",KAREEYA4,0
D,DISPATCH,UNIT_SCADA,1,"2022/10/20 14:55:00",KARSF1,70.20
D,DISPATCH,UNIT_SCADA,1,"2022/10/20 14:55:00",KEPSF1,7.54
D,DISPATCH,UNIT_SCADA,1,"2022/10/20 14:55:00",KEPWF1,17.60
D,DISPATCH,UNIT_SCADA,1,"2022/10/20 14:55:00",KIAMSF1,17.666130
D,DISPATCH,UNIT_SCADA,1,"2022/10/20 14:55:00",KIATAWF1,16.30
D,DISPATCH,UNIT_SCADA,1,"2022/10/20 14:55:00",KPP_1,0
D,DISPATCH,UNIT_SCADA,1,"2022/10/20 14:55:00",KSP1,28.58
D,DISPATCH,UNIT_SCADA,1,"2022/10/20 14:55:00",LADBROK1,0.01
D,DISPATCH,UNIT_SCADA,1,"2022/10/20 14:55:00",LADBROK2,0.02
D,DISPATCH,UNIT_SCADA,1,"2022/10/20 14:55:00",LBBG1,0
D,DISPATCH,UNIT_SCADA,1,"2022/10/20 14:55:00",LBBL1,0
D,DISPATCH,UNIT_SCADA,1,"2022/10/20 14:55:00",LD01,281.185330
D,DISPATCH,UNIT_SCADA,1,"2022/10/20 14:55:00",LD02,30.3415
D,DISPATCH,UNIT_SCADA,1,"2022/10/20 14:55:00",LD04,280.379640
D,DISPATCH,UNIT_SCADA,1,"2022/10/20 14:55:00",LEM_WIL,78.712270
D,DISPATCH,UNIT_SCADA,1,"2022/10/20 14:55:00",LGAPWF1,54.58
D,DISPATCH,UNIT_SCADA,1,"2022/10/20 14:55:00",LGAPWF2,32.26
D,DISPATCH,UNIT_SCADA,1,"2022/10/20 14:55:00",LILYSF1,52.428790
D,DISPATCH,UNIT_SCADA,1,"2022/10/20 14:55:00",LIMOSF11,204.525990
D,DISPATCH,UNIT_SCADA,1,"2022/10/20 14:55:00",LIMOSF21,22.252140
D,DISPATCH,UNIT_SCADA,1,"2022/10/20 14:55:00",LI_WY_CA,62.989530
D,DISPATCH,UNIT_SCADA,1,"2022/10/20 14:55:00",LKBONNY1,0
D,DISPATCH,UNIT_SCADA,1,"2022/10/20 14:55:00",LKBONNY2,10.086250
D,DISPATCH,UNIT_SCADA,1,"2022/10/20 14:55:00",LKBONNY3,2.902750
D,DISPATCH,UNIT_SCADA,1,"2022/10/20 14:55:00",LK_ECHO,0
D,DISPATCH,UNIT_SCADA,1,"2022/10/20 14:55:00",LNGS1,0
D,DISPATCH,UNIT_SCADA,1,"2022/10/20 14:55:00",LNGS2,0
D,DISPATCH,UNIT_SCADA,1,"2022/10/20 14:55:00",LONSDALE,0
D,DISPATCH,UNIT_SCADA,1,"2022/10/20 14:55:00",LOYYB1,443.605070
D,DISPATCH,UNIT_SCADA,1,"2022/10/20 14:55:00",LOYYB2,444.356960
D,DISPATCH,UNIT_SCADA,1,"2022/10/20 14:55:00",LYA1,459
D,DISPATCH,UNIT_SCADA,1,"2022/10/20 14:55:00",LYA2,0
D,DISPATCH,UNIT_SCADA,1,"2022/10/20 14:55:00",LYA3,477
D,DISPATCH,UNIT_SCADA,1,"2022/10/20 14:55:00",LYA4,477
D,DISPATCH,UNIT_SCADA,1,"2022/10/20 14:55:00",MACARTH1,45.198960
D,DISPATCH,UNIT_SCADA,1,"2022/10/20 14:55:00",MACKNTSH,0
D,DISPATCH,UNIT_SCADA,1,"2022/10/20 14:55:00",MANSLR1,19.0980
D,DISPATCH,UNIT_SCADA,1,"2022/10/20 14:55:00",MAPS2PV1,0
D,DISPATCH,UNIT_SCADA,1,"2022/10/20 14:55:00",MAPS3PV1,0
D,DISPATCH,UNIT_SCADA,1,"2022/10/20 14:55:00",MARYRSF1,5.78
D,DISPATCH,UNIT_SCADA,1,"2022/10/20 14:55:00",MBPS2PV1,0
D,DISPATCH,UNIT_SCADA,1,"2022/10/20 14:55:00",MCKAY1,0.02
D,DISPATCH,UNIT_SCADA,1,"2022/10/20 14:55:00",MEADOWBK,6.058960
D,DISPATCH,UNIT_SCADA,1,"2022/10/20 14:55:00",MERCER01,23.50
D,DISPATCH,UNIT_SCADA,1,"2022/10/20 14:55:00",METZSF1,84.395630
D,DISPATCH,UNIT_SCADA,1,"2022/10/20 14:55:00",MEWF1,15.669760
D,DISPATCH,UNIT_SCADA,1,"2022/10/20 14:55:00",MIDDLSF1,9.90
D,DISPATCH,UNIT_SCADA,1,"2022/10/20 14:55:00",MINTARO,0.128180
D,DISPATCH,UNIT_SCADA,1,"2022/10/20 14:55:00",MOLNGSF1,9.539940
D,DISPATCH,UNIT_SCADA,1,"2022/10/20 14:55:00",MOORAWF1,37.76
D,DISPATCH,UNIT_SCADA,1,"2022/10/20 14:55:00",MOREESF1,6.3020
D,DISPATCH,UNIT_SCADA,1,"2022/10/20 14:55:00",MORTLK11,0
D,DISPATCH,UNIT_SCADA,1,"2022/10/20 14:55:00",MORTLK12,0
D,DISPATCH,UNIT_SCADA,1,"2022/10/20 14:55:00",MOUSF1,0
D,DISPATCH,UNIT_SCADA,1,"2022/10/20 14:55:00",MP1,0
D,DISPATCH,UNIT_SCADA,1,"2022/10/20 14:55:00",MP2,419.281310
D,DISPATCH,UNIT_SCADA,1,"2022/10/20 14:55:00",MPP_1,162.6794
D,DISPATCH,UNIT_SCADA,1,"2022/10/20 14:55:00",MPP_2,185.369980
D,DISPATCH,UNIT_SCADA,1,"2022/10/20 14:55:00",MRTLSWF1,0
D,DISPATCH,UNIT_SCADA,1,"2022/10/20 14:55:00",MSTUART1,0
D,DISPATCH,UNIT_SCADA,1,"2022/10/20 14:55:00",MSTUART2,0
D,DISPATCH,UNIT_SCADA,1,"2022/10/20 14:55:00",MSTUART3,0
D,DISPATCH,UNIT_SCADA,1,"2022/10/20 14:55:00",MTGELWF1,43.746760
D,DISPATCH,UNIT_SCADA,1,"2022/10/20 14:55:00",MTMILLAR,1.90
D,DISPATCH,UNIT_SCADA,1,"2022/10/20 14:55:00",MURRAY,0
D,DISPATCH,UNIT_SCADA,1,"2022/10/20 14:55:00",MUSSELR1,2.50
D,DISPATCH,UNIT_SCADA,1,"2022/10/20 14:55:00",MUWAWF1,60.96
D,DISPATCH,UNIT_SCADA,1,"2022/10/20 14:55:00",MUWAWF2,34.40
D,DISPATCH,UNIT_SCADA,1,"2022/10/20 14:55:00",MWPS1PV1,2.72
D,DISPATCH,UNIT_SCADA,1,"2022/10/20 14:55:00",MWPS2PV1,3.16
D,DISPATCH,UNIT_SCADA,1,"2022/10/20 14:55:00",MWPS3PV1,0.46
D,DISPATCH,UNIT_SCADA,1,"2022/10/20 14:55:00",MWPS4PV1,1.11
D,DISPATCH,UNIT_SCADA,1,"2022/10/20 14:55:00",NBHWF1,0
D,DISPATCH,UNIT_SCADA,1,"2022/10/20 14:55:00",NEVERSF1,5.37
D,DISPATCH,UNIT_SCADA,1,"2022/10/20 14:55:00",NPS,0
D,DISPATCH,UNIT_SCADA,1,"2022/10/20 14:55:00",NUMURSF1,71.49
D,DISPATCH,UNIT_SCADA,1,"2022/10/20 14:55:00",NYNGAN1,1.75
D,DISPATCH,UNIT_SCADA,1,"2022/10/20 14:55:00",OAKEY1,0
D,DISPATCH,UNIT_SCADA,1,"2022/10/20 14:55:00",OAKEY1SF,1.9440
D,DISPATCH,UNIT_SCADA,1,"2022/10/20 14:55:00",OAKEY2,0
D,DISPATCH,UNIT_SCADA,1,"2022/10/20 14:55:00",OAKEY2SF,3.57
D,DISPATCH,UNIT_SCADA,1,"2022/10/20 14:55:00",OAKLAND1,14.60
D,DISPATCH,UNIT_SCADA,1,"2022/10/20 14:55:00",OSB-AG,17.05
D,DISPATCH,UNIT_SCADA,1,"2022/10/20 14:55:00",PAREPS1,0
D,DISPATCH,UNIT_SCADA,1,"2022/10/20 14:55:00",PAREPW1,43.41
D,DISPATCH,UNIT_SCADA,1,"2022/10/20 14:55:00",PARSF1,19.099720
D,DISPATCH,UNIT_SCADA,1,"2022/10/20 14:55:00",POAT110,0
D,DISPATCH,UNIT_SCADA,1,"2022/10/20 14:55:00",POAT220,0
D,DISPATCH,UNIT_SCADA,1,"2022/10/20 14:55:00",POR01,0.008670
D,DISPATCH,UNIT_SCADA,1,"2022/10/20 14:55:00",POR03,0
D,DISPATCH,UNIT_SCADA,1,"2022/10/20 14:55:00",PPCCGT,167.512190
D,DISPATCH,UNIT_SCADA,1,"2022/10/20 14:55:00",PTSTAN1,0
D,DISPATCH,UNIT_SCADA,1,"2022/10/20 14:55:00",PUMP1,0
D,DISPATCH,UNIT_SCADA,1,"2022/10/20 14:55:00",PUMP2,0
D,DISPATCH,UNIT_SCADA,1,"2022/10/20 14:55:00",QBYNBG1,0
D,DISPATCH,UNIT_SCADA,1,"2022/10/20 14:55:00",QBYNBL1,0.2445
D,DISPATCH,UNIT_SCADA,1,"2022/10/20 14:55:00",QPS1,0
D,DISPATCH,UNIT_SCADA,1,"2022/10/20 14:55:00",QPS2,0
D,DISPATCH,UNIT_SCADA,1,"2022/10/20 14:55:00",QPS3,0
D,DISPATCH,UNIT_SCADA,1,"2022/10/20 14:55:00",QPS4,0
D,DISPATCH,UNIT_SCADA,1,"2022/10/20 14:55:00",QPS5,75.28
D,DISPATCH,UNIT_SCADA,1,"2022/10/20 14:55:00",REECE1,0
D,DISPATCH,UNIT_SCADA,1,"2022/10/20 14:55:00",REECE2,0
D,DISPATCH,UNIT_SCADA,1,"2022/10/20 14:55:00",ROMA_7,0
D,DISPATCH,UNIT_SCADA,1,"2022/10/20 14:55:00",ROMA_8,0
D,DISPATCH,UNIT_SCADA,1,"2022/10/20 14:55:00",RRSF1,7.071060
D,DISPATCH,UNIT_SCADA,1,"2022/10/20 14:55:00",RT_NSW1,0
D,DISPATCH,UNIT_SCADA,1,"2022/10/20 14:55:00",RT_NSW2,0
D,DISPATCH,UNIT_SCADA,1,"2022/10/20 14:55:00",RT_NSW3,0
D,DISPATCH,UNIT_SCADA,1,"2022/10/20 14:55:00",RT_NSW4,0
D,DISPATCH,UNIT_SCADA,1,"2022/10/20 14:55:00",RT_NSW5,0
D,DISPATCH,UNIT_SCADA,1,"2022/10/20 14:55:00",RT_NSW6,0
D,DISPATCH,UNIT_SCADA,1,"2022/10/20 14:55:00",RT_QLD1,0
D,DISPATCH,UNIT_SCADA,1,"2022/10/20 14:55:00",RT_SA1,0
D,DISPATCH,UNIT_SCADA,1,"2022/10/20 14:55:00",RT_SA2,0
D,DISPATCH,UNIT_SCADA,1,"2022/10/20 14:55:00",RT_SA3,0
D,DISPATCH,UNIT_SCADA,1,"2022/10/20 14:55:00",RT_SA4,0
D,DISPATCH,UNIT_SCADA,1,"2022/10/20 14:55:00",RT_SA5,0
D,DISPATCH,UNIT_SCADA,1,"2022/10/20 14:55:00",RT_SA6,0
D,DISPATCH,UNIT_SCADA,1,"2022/10/20 14:55:00",RT_TAS1,0
D,DISPATCH,UNIT_SCADA,1,"2022/10/20 14:55:00",RT_VIC1,0
D,DISPATCH,UNIT_SCADA,1,"2022/10/20 14:55:00",RT_VIC10,0
D,DISPATCH,UNIT_SCADA,1,"2022/10/20 14:55:00",RT_VIC11,0
D,DISPATCH,UNIT_SCADA,1,"2022/10/20 14:55:00",RT_VIC12,0
D,DISPATCH,UNIT_SCADA,1,"2022/10/20 14:55:00",RT_VIC2,0
D,DISPATCH,UNIT_SCADA,1,"2022/10/20 14:55:00",RT_VIC3,0
D,DISPATCH,UNIT_SCADA,1,"2022/10/20 14:55:00",RT_VIC4,0
D,DISPATCH,UNIT_SCADA,1,"2022/10/20 14:55:00",RT_VIC5,0
D,DISPATCH,UNIT_SCADA,1,"2022/10/20 14:55:00",RT_VIC6,0
D,DISPATCH,UNIT_SCADA,1,"2022/10/20 14:55:00",RT_VIC7,0
D,DISPATCH,UNIT_SCADA,1,"2022/10/20 14:55:00",RT_VIC8,0
D,DISPATCH,UNIT_SCADA,1,"2022/10/20 14:55:00",RT_VIC9,0
D,DISPATCH,UNIT_SCADA,1,"2022/10/20 14:55:00",RUGBYR1,23.7783
D,DISPATCH,UNIT_SCADA,1,"2022/10/20 14:55:00",SALTCRK1,15.41
D,DISPATCH,UNIT_SCADA,1,"2022/10/20 14:55:00",SAPHWF1,16.685740
D,DISPATCH,UNIT_SCADA,1,"2022/10/20 14:55:00",SEBSF1,16.586420
D,DISPATCH,UNIT_SCADA,1,"2022/10/20 14:55:00",SHGEN,0
D,DISPATCH,UNIT_SCADA,1,"2022/10/20 14:55:00",SHPUMP,0
D,DISPATCH,UNIT_SCADA,1,"2022/10/20 14:55:00",SITHE01,0.083520
D,DISPATCH,UNIT_SCADA,1,"2022/10/20 14:55:00",SMCSF1,20.5930
D,DISPATCH,UNIT_SCADA,1,"2022/10/20 14:55:00",SNAPPER1,0
D,DISPATCH,UNIT_SCADA,1,"2022/10/20 14:55:00",SNOWNTH1,32.10
D,DISPATCH,UNIT_SCADA,1,"2022/10/20 14:55:00",SNOWSTH1,17.50
D,DISPATCH,UNIT_SCADA,1,"2022/10/20 14:55:00",SNOWTWN1,15.476660
D,DISPATCH,UNIT_SCADA,1,"2022/10/20 14:55:00",SNOWYP,0
D,DISPATCH,UNIT_SCADA,1,"2022/10/20 14:55:00",SNUG1,0
D,DISPATCH,UNIT_SCADA,1,"2022/10/20 14:55:00",SRSF1,13.89
D,DISPATCH,UNIT_SCADA,1,"2022/10/20 14:55:00",STAN-1,340.607390
D,DISPATCH,UNIT_SCADA,1,"2022/10/20 14:55:00",STAN-2,351.874240
D,DISPATCH,UNIT_SCADA,1,"2022/10/20 14:55:00",STAN-3,155.710630
D,DISPATCH,UNIT_SCADA,1,"2022/10/20 14:55:00",STAN-4,349.054320
D,DISPATCH,UNIT_SCADA,1,"2022/10/20 14:55:00",STARHLWF,15.695420
D,DISPATCH,UNIT_SCADA,1,"2022/10/20 14:55:00",STOCKYD1,177.87
D,DISPATCH,UNIT_SCADA,1,"2022/10/20 14:55:00",STWF1,0
D,DISPATCH,UNIT_SCADA,1,"2022/10/20 14:55:00",SUNRSF1,19.441520
D,DISPATCH,UNIT_SCADA,1,"2022/10/20 14:55:00",SUNTPSF1,40.354010
D,DISPATCH,UNIT_SCADA,1,"2022/10/20 14:55:00",SWAN_E,190.221880
D,DISPATCH,UNIT_SCADA,1,"2022/10/20 14:55:00",TALWA1,0
D,DISPATCH,UNIT_SCADA,1,"2022/10/20 14:55:00",TARALGA1,0
D,DISPATCH,UNIT_SCADA,1,"2022/10/20 14:55:00",TARONG#1,344.50
D,DISPATCH,UNIT_SCADA,1,"2022/10/20 14:55:00",TARONG#2,345.100010
D,DISPATCH,UNIT_SCADA,1,"2022/10/20 14:55:00",TARONG#3,0.90
D,DISPATCH,UNIT_SCADA,1,"2022/10/20 14:55:00",TARONG#4,286
D,DISPATCH,UNIT_SCADA,1,"2022/10/20 14:55:00",TARRALEA,54
D,DISPATCH,UNIT_SCADA,1,"2022/10/20 14:55:00",TBSF1,0.10
D,DISPATCH,UNIT_SCADA,1,"2022/10/20 14:55:00",TNPS1,318.4375
D,DISPATCH,UNIT_SCADA,1,"2022/10/20 14:55:00",TORRB1,0
D,DISPATCH,UNIT_SCADA,1,"2022/10/20 14:55:00",TORRB2,41
D,DISPATCH,UNIT_SCADA,1,"2022/10/20 14:55:00",TORRB3,0
D,DISPATCH,UNIT_SCADA,1,"2022/10/20 14:55:00",TORRB4,0
D,DISPATCH,UNIT_SCADA,1,"2022/10/20 14:55:00",TREVALLN,100.874040
D,DISPATCH,UNIT_SCADA,1,"2022/10/20 14:55:00",TRIBUTE,0
D,DISPATCH,UNIT_SCADA,1,"2022/10/20 14:55:00",TUMUT3,0
D,DISPATCH,UNIT_SCADA,1,"2022/10/20 14:55:00",TUNGATIN,5.150020
D,DISPATCH,UNIT_SCADA,1,"2022/10/20 14:55:00",TVCC201,0
D,DISPATCH,UNIT_SCADA,1,"2022/10/20 14:55:00",TVPP104,0
D,DISPATCH,UNIT_SCADA,1,"2022/10/20 14:55:00",UPPTUMUT,0
D,DISPATCH,UNIT_SCADA,1,"2022/10/20 14:55:00",URANQ11,0
D,DISPATCH,UNIT_SCADA,1,"2022/10/20 14:55:00",URANQ12,0
D,DISPATCH,UNIT_SCADA,1,"2022/10/20 14:55:00",URANQ13,0
D,DISPATCH,UNIT_SCADA,1,"2022/10/20 14:55:00",URANQ14,0
D,DISPATCH,UNIT_SCADA,1,"2022/10/20 14:55:00",VBBG1,0
D,DISPATCH,UNIT_SCADA,1,"2022/10/20 14:55:00",VBBL1,15.80
D,DISPATCH,UNIT_SCADA,1,"2022/10/20 14:55:00",VP5,520.987550
D,DISPATCH,UNIT_SCADA,1,"2022/10/20 14:55:00",VP6,582.9035
D,DISPATCH,UNIT_SCADA,1,"2022/10/20 14:55:00",VPGS1,0
D,DISPATCH,UNIT_SCADA,1,"2022/10/20 14:55:00",VPGS2,0
D,DISPATCH,UNIT_SCADA,1,"2022/10/20 14:55:00",VPGS3,0
D,DISPATCH,UNIT_SCADA,1,"2022/10/20 14:55:00",VPGS4,0
D,DISPATCH,UNIT_SCADA,1,"2022/10/20 14:55:00",VPGS5,0
D,DISPATCH,UNIT_SCADA,1,"2022/10/20 14:55:00",VPGS6,0
D,DISPATCH,UNIT_SCADA,1,"2022/10/20 14:55:00",W/HOE#1,0
D,DISPATCH,UNIT_SCADA,1,"2022/10/20 14:55:00",W/HOE#2,0
D,DISPATCH,UNIT_SCADA,1,"2022/10/20 14:55:00",WAGGNSF1,0
D,DISPATCH,UNIT_SCADA,1,"2022/10/20 14:55:00",WALGRVG1,0
D,DISPATCH,UNIT_SCADA,1,"2022/10/20 14:55:00",WALGRVL1,0.015820
D,DISPATCH,UNIT_SCADA,1,"2022/10/20 14:55:00",WANDBG1,1.212040
D,DISPATCH,UNIT_SCADA,1,"2022/10/20 14:55:00",WANDBL1,0
D,DISPATCH,UNIT_SCADA,1,"2022/10/20 14:55:00",WARWSF1,5.11
D,DISPATCH,UNIT_SCADA,1,"2022/10/20 14:55:00",WARWSF2,5.43
D,DISPATCH,UNIT_SCADA,1,"2022/10/20 14:55:00",WATERLWF,8.80
D,DISPATCH,UNIT_SCADA,1,"2022/10/20 14:55:00",WDGPH1,39.50
D,DISPATCH,UNIT_SCADA,1,"2022/10/20 14:55:00",WELLSF1,13.260090
D,DISPATCH,UNIT_SCADA,1,"2022/10/20 14:55:00",WEMENSF1,18
D,DISPATCH,UNIT_SCADA,1,"2022/10/20 14:55:00",WGWF1,3.80
D,DISPATCH,UNIT_SCADA,1,"2022/10/20 14:55:00",WHITSF1,4.40
D,DISPATCH,UNIT_SCADA,1,"2022/10/20 14:55:00",WINTSF1,71.38
D,DISPATCH,UNIT_SCADA,1,"2022/10/20 14:55:00",WKIEWA1,32.10
D,DISPATCH,UNIT_SCADA,1,"2022/10/20 14:55:00",WKIEWA2,14
D,DISPATCH,UNIT_SCADA,1,"2022/10/20 14:55:00",WOODLWN1,20.773270
D,DISPATCH,UNIT_SCADA,1,"2022/10/20 14:55:00",WOOLGSF1,4.147970
D,DISPATCH,UNIT_SCADA,1,"2022/10/20 14:55:00",WPWF,41.79
D,DISPATCH,UNIT_SCADA,1,"2022/10/20 14:55:00",WRSF1,12.639550
D,DISPATCH,UNIT_SCADA,1,"2022/10/20 14:55:00",WRWF1,8.4773
D,DISPATCH,UNIT_SCADA,1,"2022/10/20 14:55:00",WSTWYSF1,0.854080
D,DISPATCH,UNIT_SCADA,1,"2022/10/20 14:55:00",YABULU,0
D,DISPATCH,UNIT_SCADA,1,"2022/10/20 14:55:00",YABULU2,0
D,DISPATCH,UNIT_SCADA,1,"2022/10/20 14:55:00",YARANSF1,18.07
D,DISPATCH,UNIT_SCADA,1,"2022/10/20 14:55:00",YARWUN_1,159.14
D,DISPATCH,UNIT_SCADA,1,"2022/10/20 14:55:00",YATSF1,34.08
D,DISPATCH,UNIT_SCADA,1,"2022/10/20 14:55:00",YENDWF1,26.05
D,DISPATCH,UNIT_SCADA,1,"2022/10/20 14:55:00",YWPS1,301.751890
D,DISPATCH,UNIT_SCADA,1,"2022/10/20 14:55:00",YWPS2,290.974670
D,DISPATCH,UNIT_SCADA,1,"2022/10/20 14:55:00",YWPS3,301.239230
D,DISPATCH,UNIT_SCADA,1,"2022/10/20 14:55:00",YWPS4,0
C,"END OF REPORT",419
