C,NEMP.WORLD,DISPATCHSCADA,AEMO,PUBLIC,2022/10/20,22:20:09,0000000373284494,DISPATCHSCADA,0000000373284488
I,DISPATCH,UNIT_SCADA,1,SETTLEMENTDATE,DUID,SCADAVALUE
D,DISPATCH,UNIT_SCADA,1,"2022/10/20 22:25:00",BARCSF1,0
D,DISPATCH,UNIT_SCADA,1,"2022/10/20 22:25:00",BUTLERSG,8.699999
D,DISPATCH,UNIT_SCADA,1,"2022/10/20 22:25:00",CAPTL_WF,89.454483
D,DISPATCH,UNIT_SCADA,1,"2022/10/20 22:25:00",CHALLHWF,6.40
D,DISPATCH,UNIT_SCADA,1,"2022/10/20 22:25:00",CLOVER,13.34
D,DISPATCH,UNIT_SCADA,1,"2022/10/20 22:25:00",CLUNY,5.596246
D,DISPATCH,UNIT_SCADA,1,"2022/10/20 22:25:00",CULLRGWF,-0.04
D,DISPATCH,UNIT_SCADA,1,"2022/10/20 22:25:00",DIAPURWF1,2.70
D,DISPATCH,UNIT_SCADA,1,"2022/10/20 22:25:00",ERGT01,0
D,DISPATCH,UNIT_SCADA,1,"2022/10/20 22:25:00",GB01,0
D,DISPATCH,UNIT_SCADA,1,"2022/10/20 22:25:00",GERMCRK,19.50
D,DISPATCH,UNIT_SCADA,1,"2022/10/20 22:25:00",GRIFSF1,0.001526
D,DISPATCH,UNIT_SCADA,1,"2022/10/20 22:25:00",HEZ1,0
D,DISPATCH,UNIT_SCADA,1,"2022/10/20 22:25:00",HUGSF1,-0.12
D,DISPATCH,UNIT_SCADA,1,"2022/10/20 22:25:00",KEPBG1,0
D,DISPATCH,UNIT_SCADA,1,"2022/10/20 22:25:00",LRSF1,-0.0310
D,DISPATCH,UNIT_SCADA,1,"2022/10/20 22:25:00",MBAHNTH,45.168747
D,DISPATCH,UNIT_SCADA,1,"2022/10/20 22:25:00",MLSP1,0
D,DISPATCH,UNIT_SCADA,1,"2022/10/20 22:25:00",MLWF1,1.80
D,DISPATCH,UNIT_SCADA,1,"2022/10/20 22:25:00",PALOONA,30.779999
D,DISPATCH,UNIT_SCADA,1,"2022/10/20 22:25:00",PIONEER,21.40
D,DISPATCH,UNIT_SCADA,1,"2022/10/20 22:25:00",PORTWF,37.799999
D,DISPATCH,UNIT_SCADA,1,"2022/10/20 22:25:00",REPULSE,9.441672
D,DISPATCH,UNIT_SCADA,1,"2022/10/20 22:25:00",ROWALLAN,8.8324
D,DISPATCH,UNIT_SCADA,1,"2022/10/20 22:25:00",ROYALLA1,0
D,DISPATCH,UNIT_SCADA,1,"2022/10/20 22:25:00",RPCG,-0.50
D,DISPATCH,UNIT_SCADA,1,"2022/10/20 22:25:00",RUBICON,0
D,DISPATCH,UNIT_SCADA,1,"2022/10/20 22:25:00",WAUBRAWF,30.7180
D,DISPATCH,UNIT_SCADA,1,"2022/10/20 22:25:00",WOOLNTH1,80.650002
D,DISPATCH,UNIT_SCADA,1,"2022/10/20 22:25:00",YAMBUKWF,3.70
D,DISPATCH,UNIT_SCADA,1,"2022/10/20 22:25:00",YSWF1,-0.10
D,DISPATCH,UNIT_SCADA,1,"2022/10/20 22:25:00",ADPBA1G,0.0080
D,DISPATCH,UNIT_SCADA,1,"2022/10/20 22:25:00",ADPBA1L,0
D,DISPATCH,UNIT_SCADA,1,"2022/10/20 22:25:00",ADPPV1,0
D,DISPATCH,UNIT_SCADA,1,"2022/10/20 22:25:00",AGLHAL,30.9763
D,DISPATCH,UNIT_SCADA,1,"2022/10/20 22:25:00",AGLSOM,0
D,DISPATCH,UNIT_SCADA,1,"2022/10/20 22:25:00",ANGAST1,0
D,DISPATCH,UNIT_SCADA,1,"2022/10/20 22:25:00",ARWF1,15.70
D,DISPATCH,UNIT_SCADA,1,"2022/10/20 22:25:00",BALBG1,0
D,DISPATCH,UNIT_SCADA,1,"2022/10/20 22:25:00",BALBL1,0
D,DISPATCH,UNIT_SCADA,1,"2022/10/20 22:25:00",BALDHWF1,104.7160
D,DISPATCH,UNIT_SCADA,1,"2022/10/20 22:25:00",BANGOWF1,83.099410
D,DISPATCH,UNIT_SCADA,1,"2022/10/20 22:25:00",BANGOWF2,67.498050
D,DISPATCH,UNIT_SCADA,1,"2022/10/20 22:25:00",BANN1,0
D,DISPATCH,UNIT_SCADA,1,"2022/10/20 22:25:00",BARCALDN,0
D,DISPATCH,UNIT_SCADA,1,"2022/10/20 22:25:00",BARKIPS1,9.84
D,DISPATCH,UNIT_SCADA,1,"2022/10/20 22:25:00",BARRON-1,0
D,DISPATCH,UNIT_SCADA,1,"2022/10/20 22:25:00",BARRON-2,0
D,DISPATCH,UNIT_SCADA,1,"2022/10/20 22:25:00",BASTYAN,0
D,DISPATCH,UNIT_SCADA,1,"2022/10/20 22:25:00",BBTHREE1,0
D,DISPATCH,UNIT_SCADA,1,"2022/10/20 22:25:00",BBTHREE2,0
D,DISPATCH,UNIT_SCADA,1,"2022/10/20 22:25:00",BBTHREE3,-1.09
D,DISPATCH,UNIT_SCADA,1,"2022/10/20 22:25:00",BDL01,0
D,DISPATCH,UNIT_SCADA,1,"2022/10/20 22:25:00",BDL02,0
D,DISPATCH,UNIT_SCADA,1,"2022/10/20 22:25:00",BERYLSF1,0
D,DISPATCH,UNIT_SCADA,1,"2022/10/20 22:25:00",BLOWERNG,62.50
D,DISPATCH,UNIT_SCADA,1,"2022/10/20 22:25:00",BLUEGSF1,0
D,DISPATCH,UNIT_SCADA,1,"2022/10/20 22:25:00",BLUFF1,8.10
D,DISPATCH,UNIT_SCADA,1,"2022/10/20 22:25:00",BNGSF1,0
D,DISPATCH,UNIT_SCADA,1,"2022/10/20 22:25:00",BNGSF2,0
D,DISPATCH,UNIT_SCADA,1,"2022/10/20 22:25:00",BOCORWF1,3.23
D,DISPATCH,UNIT_SCADA,1,"2022/10/20 22:25:00",BODWF1,109.490720
D,DISPATCH,UNIT_SCADA,1,"2022/10/20 22:25:00",BOMENSF1,0
D,DISPATCH,UNIT_SCADA,1,"2022/10/20 22:25:00",BOWWBA1G,0
D,DISPATCH,UNIT_SCADA,1,"2022/10/20 22:25:00",BOWWBA1L,0.0010
D,DISPATCH,UNIT_SCADA,1,"2022/10/20 22:25:00",BOWWPV1,0
D,DISPATCH,UNIT_SCADA,1,"2022/10/20 22:25:00",BRAEMAR1,0
D,DISPATCH,UNIT_SCADA,1,"2022/10/20 22:25:00",BRAEMAR2,0
D,DISPATCH,UNIT_SCADA,1,"2022/10/20 22:25:00",BRAEMAR3,0
D,DISPATCH,UNIT_SCADA,1,"2022/10/20 22:25:00",BRAEMAR5,0.201420
D,DISPATCH,UNIT_SCADA,1,"2022/10/20 22:25:00",BRAEMAR6,0
D,DISPATCH,UNIT_SCADA,1,"2022/10/20 22:25:00",BRAEMAR7,139.704910
D,DISPATCH,UNIT_SCADA,1,"2022/10/20 22:25:00",BROKENH1,0
D,DISPATCH,UNIT_SCADA,1,"2022/10/20 22:25:00",BRYB1WF1,83.042650
D,DISPATCH,UNIT_SCADA,1,"2022/10/20 22:25:00",BULBESG1,0
D,DISPATCH,UNIT_SCADA,1,"2022/10/20 22:25:00",BULBESL1,0.03
D,DISPATCH,UNIT_SCADA,1,"2022/10/20 22:25:00",BULGANA1,8.51
D,DISPATCH,UNIT_SCADA,1,"2022/10/20 22:25:00",BW01,658.786930
D,DISPATCH,UNIT_SCADA,1,"2022/10/20 22:25:00",BW02,638.034670
D,DISPATCH,UNIT_SCADA,1,"2022/10/20 22:25:00",BW03,501.045260
D,DISPATCH,UNIT_SCADA,1,"2022/10/20 22:25:00",BW04,0
D,DISPATCH,UNIT_SCADA,1,"2022/10/20 22:25:00",CALL_B_1,319.100010
D,DISPATCH,UNIT_SCADA,1,"2022/10/20 22:25:00",CALL_B_2,318.100010
D,DISPATCH,UNIT_SCADA,1,"2022/10/20 22:25:00",CATHROCK,4.20
D,DISPATCH,UNIT_SCADA,1,"2022/10/20 22:25:00",CBWWBA1G,0
D,DISPATCH,UNIT_SCADA,1,"2022/10/20 22:25:00",CBWWBA1L,0
D,DISPATCH,UNIT_SCADA,1,"2022/10/20 22:25:00",CETHANA,85.790370
D,DISPATCH,UNIT_SCADA,1,"2022/10/20 22:25:00",CG1,0
D,DISPATCH,UNIT_SCADA,1,"2022/10/20 22:25:00",CG2,0
D,DISPATCH,UNIT_SCADA,1,"2022/10/20 22:25:00",CG3,0
D,DISPATCH,UNIT_SCADA,1,"2022/10/20 22:25:00",CG4,0
D,DISPATCH,UNIT_SCADA,1,"2022/10/20 22:25:00",CHILDSF1,0
D,DISPATCH,UNIT_SCADA,1,"2022/10/20 22:25:00",CHYTWF1,3.49
D,DISPATCH,UNIT_SCADA,1,"2022/10/20 22:25:00",CLARESF1,0
D,DISPATCH,UNIT_SCADA,1,"2022/10/20 22:25:00",CLEMGPWF,0
D,DISPATCH,UNIT_SCADA,1,"2022/10/20 22:25:00",CLERMSF1,0
D,DISPATCH,UNIT_SCADA,1,"2022/10/20 22:25:00",CNUNDAWF,16.719510
D,DISPATCH,UNIT_SCADA,1,"2022/10/20 22:25:00",COHUNSF1,0
D,DISPATCH,UNIT_SCADA,1,"2022/10/20 22:25:00",COLEASF1,0
D,DISPATCH,UNIT_SCADA,1,"2022/10/20 22:25:00",COLUMSF1,0
D,DISPATCH,UNIT_SCADA,1,"2022/10/20 22:25:00",COLWF01,137.772190
D,DISPATCH,UNIT_SCADA,1,"2022/10/20 22:25:00",COOPGWF1,381.13
D,DISPATCH,UNIT_SCADA,1,"2022/10/20 22:25:00",CPP_3,382.800020
D,DISPATCH,UNIT_SCADA,1,"2022/10/20 22:25:00",CPP_4,0
D,DISPATCH,UNIT_SCADA,1,"2022/10/20 22:25:00",CPSA,0
D,DISPATCH,UNIT_SCADA,1,"2022/10/20 22:25:00",CROOKWF2,24.294190
D,DISPATCH,UNIT_SCADA,1,"2022/10/20 22:25:00",CROWLWF1,28.3863
D,DISPATCH,UNIT_SCADA,1,"2022/10/20 22:25:00",CRURWF1,72.897160
D,DISPATCH,UNIT_SCADA,1,"2022/10/20 22:25:00",CRWASF1,0
D,DISPATCH,UNIT_SCADA,1,"2022/10/20 22:25:00",CSPVPS1,0
D,DISPATCH,UNIT_SCADA,1,"2022/10/20 22:25:00",CTHLWF1,0.003050
D,DISPATCH,UNIT_SCADA,1,"2022/10/20 22:25:00",DALNTH01,0
D,DISPATCH,UNIT_SCADA,1,"2022/10/20 22:25:00",DALNTHL1,0.086980
D,DISPATCH,UNIT_SCADA,1,"2022/10/20 22:25:00",DARLSF1,0
D,DISPATCH,UNIT_SCADA,1,"2022/10/20 22:25:00",DARTM1,0
D,DISPATCH,UNIT_SCADA,1,"2022/10/20 22:25:00",DAYDSF1,0
D,DISPATCH,UNIT_SCADA,1,"2022/10/20 22:25:00",DDPS1,0
D,DISPATCH,UNIT_SCADA,1,"2022/10/20 22:25:00",DDSF1,0
D,DISPATCH,UNIT_SCADA,1,"2022/10/20 22:25:00",DEVILS_G,57.784970
D,DISPATCH,UNIT_SCADA,1,"2022/10/20 22:25:00",DG_NSW1,0
D,DISPATCH,UNIT_SCADA,1,"2022/10/20 22:25:00",DG_QLD1,0
D,DISPATCH,UNIT_SCADA,1,"2022/10/20 22:25:00",DG_SA1,0
D,DISPATCH,UNIT_SCADA,1,"2022/10/20 22:25:00",DG_TAS1,0
D,DISPATCH,UNIT_SCADA,1,"2022/10/20 22:25:00",DG_VIC1,0
D,DISPATCH,UNIT_SCADA,1,"2022/10/20 22:25:00",DRYCGT1,0
D,DISPATCH,UNIT_SCADA,1,"2022/10/20 22:25:00",DRYCGT2,0
D,DISPATCH,UNIT_SCADA,1,"2022/10/20 22:25:00",DRYCGT3,0
D,DISPATCH,UNIT_SCADA,1,"2022/10/20 22:25:00",DUNDWF1,97.34
D,DISPATCH,UNIT_SCADA,1,"2022/10/20 22:25:00",DUNDWF2,31.30
D,DISPATCH,UNIT_SCADA,1,"2022/10/20 22:25:00",DUNDWF3,92.96
D,DISPATCH,UNIT_SCADA,1,"2022/10/20 22:25:00",EILDON1,60.04
D,DISPATCH,UNIT_SCADA,1,"2022/10/20 22:25:00",EILDON2,60.08
D,DISPATCH,UNIT_SCADA,1,"2022/10/20 22:25:00",ELAINWF1,12.25
D,DISPATCH,UNIT_SCADA,1,"2022/10/20 22:25:00",EMERASF1,0
D,DISPATCH,UNIT_SCADA,1,"2022/10/20 22:25:00",ER01,0
D,DISPATCH,UNIT_SCADA,1,"2022/10/20 22:25:00",ER02,572.8725
D,DISPATCH,UNIT_SCADA,1,"2022/10/20 22:25:00",ER03,568.307010
D,DISPATCH,UNIT_SCADA,1,"2022/10/20 22:25:00",ER04,571.749450
D,DISPATCH,UNIT_SCADA,1,"2022/10/20 22:25:00",FINLYSF1,0
D,DISPATCH,UNIT_SCADA,1,"2022/10/20 22:25:00",FISHER,43.94
D,DISPATCH,UNIT_SCADA,1,"2022/10/20 22:25:00",GANGARR1,0
D,DISPATCH,UNIT_SCADA,1,"2022/10/20 22:25:00",GANNBG1,0
D,DISPATCH,UNIT_SCADA,1,"2022/10/20 22:25:00",GANNBL1,0.028040
D,DISPATCH,UNIT_SCADA,1,"2022/10/20 22:25:00",GANNSF1,0
D,DISPATCH,UNIT_SCADA,1,"2022/10/20 22:25:00",GLRWNSF1,0
D,DISPATCH,UNIT_SCADA,1,"2022/10/20 22:25:00",GNNDHSF1,0
D,DISPATCH,UNIT_SCADA,1,"2022/10/20 22:25:00",GOONSF1,0
D,DISPATCH,UNIT_SCADA,1,"2022/10/20 22:25:00",GORDON,237.013580
D,DISPATCH,UNIT_SCADA,1,"2022/10/20 22:25:00",GRANWF1,0
D,DISPATCH,UNIT_SCADA,1,"2022/10/20 22:25:00",GSTONE1,200.024990
D,DISPATCH,UNIT_SCADA,1,"2022/10/20 22:25:00",GSTONE2,0
D,DISPATCH,UNIT_SCADA,1,"2022/10/20 22:25:00",GSTONE3,136.50
D,DISPATCH,UNIT_SCADA,1,"2022/10/20 22:25:00",GSTONE4,0
D,DISPATCH,UNIT_SCADA,1,"2022/10/20 22:25:00",GSTONE5,199.6750
D,DISPATCH,UNIT_SCADA,1,"2022/10/20 22:25:00",GSTONE6,200.20
D,DISPATCH,UNIT_SCADA,1,"2022/10/20 22:25:00",GULLRSF1,0
D,DISPATCH,UNIT_SCADA,1,"2022/10/20 22:25:00",GULLRWF1,65.244010
D,DISPATCH,UNIT_SCADA,1,"2022/10/20 22:25:00",GULLRWF2,83.561820
D,DISPATCH,UNIT_SCADA,1,"2022/10/20 22:25:00",GUNNING1,0
D,DISPATCH,UNIT_SCADA,1,"2022/10/20 22:25:00",GUTHEGA,67.100010
D,DISPATCH,UNIT_SCADA,1,"2022/10/20 22:25:00",HALLWF1,40.36
D,DISPATCH,UNIT_SCADA,1,"2022/10/20 22:25:00",HALLWF2,11.06
D,DISPATCH,UNIT_SCADA,1,"2022/10/20 22:25:00",HAMISF1,0
D,DISPATCH,UNIT_SCADA,1,"2022/10/20 22:25:00",HAUGHT11,0
D,DISPATCH,UNIT_SCADA,1,"2022/10/20 22:25:00",HAYMSF1,0
D,DISPATCH,UNIT_SCADA,1,"2022/10/20 22:25:00",HDWF1,27.20
D,DISPATCH,UNIT_SCADA,1,"2022/10/20 22:25:00",HDWF2,8.10
D,DISPATCH,UNIT_SCADA,1,"2022/10/20 22:25:00",HDWF3,19.40
D,DISPATCH,UNIT_SCADA,1,"2022/10/20 22:25:00",HILLSTN1,0
D,DISPATCH,UNIT_SCADA,1,"2022/10/20 22:25:00",HPRG1,0
D,DISPATCH,UNIT_SCADA,1,"2022/10/20 22:25:00",HPRL1,0
D,DISPATCH,UNIT_SCADA,1,"2022/10/20 22:25:00",HUMENSW,55.105850
D,DISPATCH,UNIT_SCADA,1,"2022/10/20 22:25:00",HUMEV,0
D,DISPATCH,UNIT_SCADA,1,"2022/10/20 22:25:00",HVWWBA1G,0
D,DISPATCH,UNIT_SCADA,1,"2022/10/20 22:25:00",HVWWBA1L,0.0060
D,DISPATCH,UNIT_SCADA,1,"2022/10/20 22:25:00",HVWWPV1,0
D,DISPATCH,UNIT_SCADA,1,"2022/10/20 22:25:00",JBUTTERS,0
D,DISPATCH,UNIT_SCADA,1,"2022/10/20 22:25:00",JEMALNG1,0
D,DISPATCH,UNIT_SCADA,1,"2022/10/20 22:25:00",JLA01,0
D,DISPATCH,UNIT_SCADA,1,"2022/10/20 22:25:00",JLA02,0
D,DISPATCH,UNIT_SCADA,1,"2022/10/20 22:25:00",JLA03,0
D,DISPATCH,UNIT_SCADA,1,"2022/10/20 22:25:00",JLA04,0
D,DISPATCH,UNIT_SCADA,1,"2022/10/20 22:25:00",JLB01,0
D,DISPATCH,UNIT_SCADA,1,"2022/10/20 22:25:00",JLB02,0.10
D,DISPATCH,UNIT_SCADA,1,"2022/10/20 22:25:00",JLB03,0
D,DISPATCH,UNIT_SCADA,1,"2022/10/20 22:25:00",JUNEESF1,0
D,DISPATCH,UNIT_SCADA,1,"2022/10/20 22:25:00",KABANWF1,0.5780
D,DISPATCH,UNIT_SCADA,1,"2022/10/20 22:25:00",KAREEYA1,0
D,DISPATCH,UNIT_SCADA,1,"2022/10/20 22:25:00",KAREEYA2,0
D,DISPATCH,UNIT_SCADA,1,"2022/10/20 22:25:00",KAREEYA3,4.8250
D,DISPATCH,UNIT_SCADA,1,"2022/10/20 22:25:00",KAREEYA4,0
D,DISPATCH,UNIT_SCADA,1,"2022/10/20 22:25:00",KARSF1,0
D,DISPATCH,UNIT_SCADA,1,"2022/10/20 22:25:00",KEPSF1,0
D,DISPATCH,UNIT_SCADA,1,"2022/10/20 22:25:00",KEPWF1,1.16
D,DISPATCH,UNIT_SCADA,1,"2022/10/20 22:25:00",KIAMSF1,0
D,DISPATCH,UNIT_SCADA,1,"2022/10/20 22:25:00",KIATAWF1,3.90
D,DISPATCH,UNIT_SCADA,1,"2022/10/20 22:25:00",KPP_1,0
D,DISPATCH,UNIT_SCADA,1,"2022/10/20 22:25:00",KSP1,0
D,DISPATCH,UNIT_SCADA,1,"2022/10/20 22:25:00",LADBROK1,0.02
D,DISPATCH,UNIT_SCADA,1,"2022/10/20 22:25:00",LADBROK2,0.02
D,DISPATCH,UNIT_SCADA,1,"2022/10/20 22:25:00",LBBG1,0
D,DISPATCH,UNIT_SCADA,1,"2022/10/20 22:25:00",LBBL1,8.70
D,DISPATCH,UNIT_SCADA,1,"2022/10/20 22:25:00",LD01,375.835450
D,DISPATCH,UNIT_SCADA,1,"2022/10/20 22:25:00",LD02,132.279430
D,DISPATCH,UNIT_SCADA,1,"2022/10/20 22:25:00",LD04,306.070130
D,DISPATCH,UNIT_SCADA,1,"2022/10/20 22:25:00",LEM_WIL,86.163540
D,DISPATCH,UNIT_SCADA,1,"2022/10/20 22:25:00",LGAPWF1,90.189990
D,DISPATCH,UNIT_SCADA,1,"2022/10/20 22:25:00",LGAPWF2,70.96
D,DISPATCH,UNIT_SCADA,1,"2022/10/20 22:25:00",LILYSF1,0
D,DISPATCH,UNIT_SCADA,1,"2022/10/20 22:25:00",LIMOSF11,0
D,DISPATCH,UNIT_SCADA,1,"2022/10/20 22:25:00",LIMOSF21,0
D,DISPATCH,UNIT_SCADA,1,"2022/10/20 22:25:00",LI_WY_CA,55.403510
D,DISPATCH,UNIT_SCADA,1,"2022/10/20 22:25:00",LKBONNY1,20.094620
D,DISPATCH,UNIT_SCADA,1,"2022/10/20 22:25:00",LKBONNY2,56.962240
D,DISPATCH,UNIT_SCADA,1,"2022/10/20 22:25:00",LKBONNY3,14.569560
D,DISPATCH,UNIT_SCADA,1,"2022/10/20 22:25:00",LK_ECHO,0
D,DISPATCH,UNIT_SCADA,1,"2022/10/20 22:25:00",LNGS1,0
D,DISPATCH,UNIT_SCADA,1,"2022/10/20 22:25:00",LNGS2,0
D,DISPATCH,UNIT_SCADA,1,"2022/10/20 22:25:00",LONSDALE,0
D,DISPATCH,UNIT_SCADA,1,"2022/10/20 22:25:00",LOYYB1,580.450620
D,DISPATCH,UNIT_SCADA,1,"2022/10/20 22:25:00",LOYYB2,575.187320
D,DISPATCH,UNIT_SCADA,1,"2022/10/20 22:25:00",LYA1,551
D,DISPATCH,UNIT_SCADA,1,"2022/10/20 22:25:00",LYA2,0
D,DISPATCH,UNIT_SCADA,1,"2022/10/20 22:25:00",LYA3,551
D,DISPATCH,UNIT_SCADA,1,"2022/10/20 22:25:00",LYA4,551
D,DISPATCH,UNIT_SCADA,1,"2022/10/20 22:25:00",MACARTH1,99.6977
D,DISPATCH,UNIT_SCADA,1,"2022/10/20 22:25:00",MACKNTSH,0
D,DISPATCH,UNIT_SCADA,1,"2022/10/20 22:25:00",MANSLR1,0
D,DISPATCH,UNIT_SCADA,1,"2022/10/20 22:25:00",MAPS2PV1,0
D,DISPATCH,UNIT_SCADA,1,"2022/10/20 22:25:00",MAPS3PV1,0
D,DISPATCH,UNIT_SCADA,1,"2022/10/20 22:25:00",MARYRSF1,0
D,DISPATCH,UNIT_SCADA,1,"2022/10/20 22:25:00",MBPS2PV1,0
D,DISPATCH,UNIT_SCADA,1,"2022/10/20 22:25:00",MCKAY1,219.614990
D,DISPATCH,UNIT_SCADA,1,"2022/10/20 22:25:00",MEADOWBK,6.116120
D,DISPATCH,UNIT_SCADA,1,"2022/10/20 22:25:00",MERCER01,23.90
D,DISPATCH,UNIT_SCADA,1,"2022/10/20 22:25:00",METZSF1,0
D,DISPATCH,UNIT_SCADA,1,"2022/10/20 22:25:00",MEWF1,6.048260
D,DISPATCH,UNIT_SCADA,1,"2022/10/20 22:25:00",MIDDLSF1,0
D,DISPATCH,UNIT_SCADA,1,"2022/10/20 22:25:00",MINTARO,0.128180
D,DISPATCH,UNIT_SCADA,1,"2022/10/20 22:25:00",MOLNGSF1,0
D,DISPATCH,UNIT_SCADA,1,"2022/10/20 22:25:00",MOORAWF1,0
D,DISPATCH,UNIT_SCADA,1,"2022/10/20 22:25:00",MOREESF1,0
D,DISPATCH,UNIT_SCADA,1,"2022/10/20 22:25:00",MORTLK11,0
D,DISPATCH,UNIT_SCADA,1,"2022/10/20 22:25:00",MORTLK12,0
D,DISPATCH,UNIT_SCADA,1,"2022/10/20 22:25:00",MOUSF1,0
D,DISPATCH,UNIT_SCADA,1,"2022/10/20 22:25:00",MP1,0
D,DISPATCH,UNIT_SCADA,1,"2022/10/20 22:25:00",MP2,348.381770
D,DISPATCH,UNIT_SCADA,1,"2022/10/20 22:25:00",MPP_1,201.361720
D,DISPATCH,UNIT_SCADA,1,"2022/10/20 22:25:00",MPP_2,178.823750
D,DISPATCH,UNIT_SCADA,1,"2022/10/20 22:25:00",MRTLSWF1,0
D,DISPATCH,UNIT_SCADA,1,"2022/10/20 22:25:00",MSTUART1,0
D,DISPATCH,UNIT_SCADA,1,"2022/10/20 22:25:00",MSTUART2,0
D,DISPATCH,UNIT_SCADA,1,"2022/10/20 22:25:00",MSTUART3,0
D,DISPATCH,UNIT_SCADA,1,"2022/10/20 22:25:00",MTGELWF1,45.240640
D,DISPATCH,UNIT_SCADA,1,"2022/10/20 22:25:00",MTMILLAR,26.40
D,DISPATCH,UNIT_SCADA,1,"2022/10/20 22:25:00",MURRAY,0
D,DISPATCH,UNIT_SCADA,1,"2022/10/20 22:25:00",MUSSELR1,18.50
D,DISPATCH,UNIT_SCADA,1,"2022/10/20 22:25:00",MUWAWF1,62.44
D,DISPATCH,UNIT_SCADA,1,"2022/10/20 22:25:00",MUWAWF2,66
D,DISPATCH,UNIT_SCADA,1,"2022/10/20 22:25:00",MWPS1PV1,0
D,DISPATCH,UNIT_SCADA,1,"2022/10/20 22:25:00",MWPS2PV1,0
D,DISPATCH,UNIT_SCADA,1,"2022/10/20 22:25:00",MWPS3PV1,0
D,DISPATCH,UNIT_SCADA,1,"2022/10/20 22:25:00",MWPS4PV1,0
D,DISPATCH,UNIT_SCADA,1,"2022/10/20 22:25:00",NBHWF1,64.600010
D,DISPATCH,UNIT_SCADA,1,"2022/10/20 22:25:00",NEVERSF1,0
D,DISPATCH,UNIT_SCADA,1,"2022/10/20 22:25:00",NPS,0
D,DISPATCH,UNIT_SCADA,1,"2022/10/20 22:25:00",NUMURSF1,0
D,DISPATCH,UNIT_SCADA,1,"2022/10/20 22:25:00",NYNGAN1,0
D,DISPATCH,UNIT_SCADA,1,"2022/10/20 22:25:00",OAKEY1,0
D,DISPATCH,UNIT_SCADA,1,"2022/10/20 22:25:00",OAKEY1SF,0
D,DISPATCH,UNIT_SCADA,1,"2022/10/20 22:25:00",OAKEY2,0
D,DISPATCH,UNIT_SCADA,1,"2022/10/20 22:25:00",OAKEY2SF,0
D,DISPATCH,UNIT_SCADA,1,"2022/10/20 22:25:00",OAKLAND1,5.40
D,DISPATCH,UNIT_SCADA,1,"2022/10/20 22:25:00",OSB-AG,180.08
D,DISPATCH,UNIT_SCADA,1,"2022/10/20 22:25:00",PAREPS1,0
D,DISPATCH,UNIT_SCADA,1,"2022/10/20 22:25:00",PAREPW1,60.02
D,DISPATCH,UNIT_SCADA,1,"2022/10/20 22:25:00",PARSF1,0.001530
D,DISPATCH,UNIT_SCADA,1,"2022/10/20 22:25:00",POAT110,3.17
D,DISPATCH,UNIT_SCADA,1,"2022/10/20 22:25:00",POAT220,0
D,DISPATCH,UNIT_SCADA,1,"2022/10/20 22:25:00",POR01,0
D,DISPATCH,UNIT_SCADA,1,"2022/10/20 22:25:00",POR03,0
D,DISPATCH,UNIT_SCADA,1,"2022/10/20 22:25:00",PPCCGT,164.156680
D,DISPATCH,UNIT_SCADA,1,"2022/10/20 22:25:00",PTSTAN1,0
D,DISPATCH,UNIT_SCADA,1,"2022/10/20 22:25:00",PUMP1,0
D,DISPATCH,UNIT_SCADA,1,"2022/10/20 22:25:00",PUMP2,0
D,DISPATCH,UNIT_SCADA,1,"2022/10/20 22:25:00",QBYNBG1,0.0055
D,DISPATCH,UNIT_SCADA,1,"2022/10/20 22:25:00",QBYNBL1,0
D,DISPATCH,UNIT_SCADA,1,"2022/10/20 22:25:00",QPS1,0
D,DISPATCH,UNIT_SCADA,1,"2022/10/20 22:25:00",QPS2,0
D,DISPATCH,UNIT_SCADA,1,"2022/10/20 22:25:00",QPS3,0
D,DISPATCH,UNIT_SCADA,1,"2022/10/20 22:25:00",QPS4,0
D,DISPATCH,UNIT_SCADA,1,"2022/10/20 22:25:00",QPS5,0
D,DISPATCH,UNIT_SCADA,1,"2022/10/20 22:25:00",REECE1,0
D,DISPATCH,UNIT_SCADA,1,"2022/10/20 22:25:00",REECE2,0
D,DISPATCH,UNIT_SCADA,1,"2022/10/20 22:25:00",ROMA_7,0
D,DISPATCH,UNIT_SCADA,1,"2022/10/20 22:25:00",ROMA_8,0
D,DISPATCH,UNIT_SCADA,1,"2022/10/20 22:25:00",RRSF1,0
D,DISPATCH,UNIT_SCADA,1,"2022/10/20 22:25:00",RT_NSW1,0
D,DISPATCH,UNIT_SCADA,1,"2022/10/20 22:25:00",RT_NSW2,0
D,DISPATCH,UNIT_SCADA,1,"2022/10/20 22:25:00",RT_NSW3,0
D,DISPATCH,UNIT_SCADA,1,"2022/10/20 22:25:00",RT_NSW4,0
D,DISPATCH,UNIT_SCADA,1,"2022/10/20 22:25:00",RT_NSW5,0
D,DISPATCH,UNIT_SCADA,1,"2022/10/20 22:25:00",RT_NSW6,0
D,DISPATCH,UNIT_SCADA,1,"2022/10/20 22:25:00",RT_QLD1,0
D,DISPATCH,UNIT_SCADA,1,"2022/10/20 22:25:00",RT_SA1,0
D,DISPATCH,UNIT_SCADA,1,"2022/10/20 22:25:00",RT_SA2,0
D,DISPATCH,UNIT_SCADA,1,"2022/10/20 22:25:00",RT_SA3,0
D,DISPATCH,UNIT_SCADA,1,"2022/10/20 22:25:00",RT_SA4,0
D,DISPATCH,UNIT_SCADA,1,"2022/10/20 22:25:00",RT_SA5,0
D,DISPATCH,UNIT_SCADA,1,"2022/10/20 22:25:00",RT_SA6,0
D,DISPATCH,UNIT_SCADA,1,"2022/10/20 22:25:00",RT_TAS1,0
D,DISPATCH,UNIT_SCADA,1,"2022/10/20 22:25:00",RT_VIC1,0
D,DISPATCH,UNIT_SCADA,1,"2022/10/20 22:25:00",RT_VIC10,0
D,DISPATCH,UNIT_SCADA,1,"2022/10/20 22:25:00",RT_VIC11,0
D,DISPATCH,UNIT_SCADA,1,"2022/10/20 22:25:00",RT_VIC12,0
D,DISPATCH,UNIT_SCADA,1,"2022/10/20 22:25:00",RT_VIC2,0
D,DISPATCH,UNIT_SCADA,1,"2022/10/20 22:25:00",RT_VIC3,0
D,DISPATCH,UNIT_SCADA,1,"2022/10/20 22:25:00",RT_VIC4,0
D,DISPATCH,UNIT_SCADA,1,"2022/10/20 22:25:00",RT_VIC5,0
D,DISPATCH,UNIT_SCADA,1,"2022/10/20 22:25:00",RT_VIC6,0
D,DISPATCH,UNIT_SCADA,1,"2022/10/20 22:25:00",RT_VIC7,0
D,DISPATCH,UNIT_SCADA,1,"2022/10/20 22:25:00",RT_VIC8,0
D,DISPATCH,UNIT_SCADA,1,"2022/10/20 22:25:00",RT_VIC9,0
D,DISPATCH,UNIT_SCADA,1,"2022/10/20 22:25:00",RUGBYR1,0
D,DISPATCH,UNIT_SCADA,1,"2022/10/20 22:25:00",SALTCRK1,34.42
D,DISPATCH,UNIT_SCADA,1,"2022/10/20 22:25:00",SAPHWF1,238.878460
D,DISPATCH,UNIT_SCADA,1,"2022/10/20 22:25:00",SEBSF1,0
D,DISPATCH,UNIT_SCADA,1,"2022/10/20 22:25:00",SHGEN,0
D,DISPATCH,UNIT_SCADA,1,"2022/10/20 22:25:00",SHPUMP,0
D,DISPATCH,UNIT_SCADA,1,"2022/10/20 22:25:00",SITHE01,0.153860
D,DISPATCH,UNIT_SCADA,1,"2022/10/20 22:25:00",SMCSF1,0
D,DISPATCH,UNIT_SCADA,1,"2022/10/20 22:25:00",SNAPPER1,0
D,DISPATCH,UNIT_SCADA,1,"2022/10/20 22:25:00",SNOWNTH1,68.30
D,DISPATCH,UNIT_SCADA,1,"2022/10/20 22:25:00",SNOWSTH1,56.80
D,DISPATCH,UNIT_SCADA,1,"2022/10/20 22:25:00",SNOWTWN1,61.368030
D,DISPATCH,UNIT_SCADA,1,"2022/10/20 22:25:00",SNOWYP,0
D,DISPATCH,UNIT_SCADA,1,"2022/10/20 22:25:00",SNUG1,0
D,DISPATCH,UNIT_SCADA,1,"2022/10/20 22:25:00",SRSF1,0
D,DISPATCH,UNIT_SCADA,1,"2022/10/20 22:25:00",STAN-1,280.222750
D,DISPATCH,UNIT_SCADA,1,"2022/10/20 22:25:00",STAN-2,362.910370
D,DISPATCH,UNIT_SCADA,1,"2022/10/20 22:25:00",STAN-3,363.410280
D,DISPATCH,UNIT_SCADA,1,"2022/10/20 22:25:00",STAN-4,366.255830
D,DISPATCH,UNIT_SCADA,1,"2022/10/20 22:25:00",STARHLWF,25.492570
D,DISPATCH,UNIT_SCADA,1,"2022/10/20 22:25:00",STOCKYD1,156.84
D,DISPATCH,UNIT_SCADA,1,"2022/10/20 22:25:00",STWF1,27.537650
D,DISPATCH,UNIT_SCADA,1,"2022/10/20 22:25:00",SUNRSF1,0
D,DISPATCH,UNIT_SCADA,1,"2022/10/20 22:25:00",SUNTPSF1,0
D,DISPATCH,UNIT_SCADA,1,"2022/10/20 22:25:00",SWAN_E,288.314390
D,DISPATCH,UNIT_SCADA,1,"2022/10/20 22:25:00",TALWA1,0
D,DISPATCH,UNIT_SCADA,1,"2022/10/20 22:25:00",TARALGA1,0
D,DISPATCH,UNIT_SCADA,1,"2022/10/20 22:25:00",TARONG#1,348.600010
D,DISPATCH,UNIT_SCADA,1,"2022/10/20 22:25:00",TARONG#2,349.399990
D,DISPATCH,UNIT_SCADA,1,"2022/10/20 22:25:00",TARONG#3,0.90
D,DISPATCH,UNIT_SCADA,1,"2022/10/20 22:25:00",TARONG#4,224.900010
D,DISPATCH,UNIT_SCADA,1,"2022/10/20 22:25:00",TARRALEA,54
D,DISPATCH,UNIT_SCADA,1,"2022/10/20 22:25:00",TBSF1,0
D,DISPATCH,UNIT_SCADA,1,"2022/10/20 22:25:00",TNPS1,351.8125
D,DISPATCH,UNIT_SCADA,1,"2022/10/20 22:25:00",TORRB1,0
D,DISPATCH,UNIT_SCADA,1,"2022/10/20 22:25:00",TORRB2,57
D,DISPATCH,UNIT_SCADA,1,"2022/10/20 22:25:00",TORRB3,0
D,DISPATCH,UNIT_SCADA,1,"2022/10/20 22:25:00",TORRB4,0
D,DISPATCH,UNIT_SCADA,1,"2022/10/20 22:25:00",TREVALLN,98.102850
D,DISPATCH,UNIT_SCADA,1,"2022/10/20 22:25:00",TRIBUTE,0
D,DISPATCH,UNIT_SCADA,1,"2022/10/20 22:25:00",TUMUT3,133.759990
D,DISPATCH,UNIT_SCADA,1,"2022/10/20 22:25:00",TUNGATIN,4.310020
D,DISPATCH,UNIT_SCADA,1,"2022/10/20 22:25:00",TVCC201,0
D,DISPATCH,UNIT_SCADA,1,"2022/10/20 22:25:00",TVPP104,0
D,DISPATCH,UNIT_SCADA,1,"2022/10/20 22:25:00",UPPTUMUT,0
D,DISPATCH,UNIT_SCADA,1,"2022/10/20 22:25:00",URANQ11,0
D,DISPATCH,UNIT_SCADA,1,"2022/10/20 22:25:00",URANQ12,0
D,DISPATCH,UNIT_SCADA,1,"2022/10/20 22:25:00",URANQ13,0
D,DISPATCH,UNIT_SCADA,1,"2022/10/20 22:25:00",URANQ14,0
D,DISPATCH,UNIT_SCADA,1,"2022/10/20 22:25:00",VBBG1,0
D,DISPATCH,UNIT_SCADA,1,"2022/10/20 22:25:00",VBBL1,1.60
D,DISPATCH,UNIT_SCADA,1,"2022/10/20 22:25:00",VP5,547.209110
D,DISPATCH,UNIT_SCADA,1,"2022/10/20 22:25:00",VP6,579.168090
D,DISPATCH,UNIT_SCADA,1,"2022/10/20 22:25:00",VPGS1,0
D,DISPATCH,UNIT_SCADA,1,"2022/10/20 22:25:00",VPGS2,0
D,DISPATCH,UNIT_SCADA,1,"2022/10/20 22:25:00",VPGS3,0
D,DISPATCH,UNIT_SCADA,1,"2022/10/20 22:25:00",VPGS4,0
D,DISPATCH,UNIT_SCADA,1,"2022/10/20 22:25:00",VPGS5,0
D,DISPATCH,UNIT_SCADA,1,"2022/10/20 22:25:00",VPGS6,0
D,DISPATCH,UNIT_SCADA,1,"2022/10/20 22:25:00",W/HOE#1,0
D,DISPATCH,UNIT_SCADA,1,"2022/10/20 22:25:00",W/HOE#2,0
D,DISPATCH,UNIT_SCADA,1,"2022/10/20 22:25:00",WAGGNSF1,0
D,DISPATCH,UNIT_SCADA,1,"2022/10/20 22:25:00",WALGRVG1,0
D,DISPATCH,UNIT_SCADA,1,"2022/10/20 22:25:00",WALGRVL1,15.2251
D,DISPATCH,UNIT_SCADA,1,"2022/10/20 22:25:00",WANDBG1,0
D,DISPATCH,UNIT_SCADA,1,"2022/10/20 22:25:00",WANDBL1,0
D,DISPATCH,UNIT_SCADA,1,"2022/10/20 22:25:00",WARWSF1,0
D,DISPATCH,UNIT_SCADA,1,"2022/10/20 22:25:00",WARWSF2,0
D,DISPATCH,UNIT_SCADA,1,"2022/10/20 22:25:00",WATERLWF,27.60
D,DISPATCH,UNIT_SCADA,1,"2022/10/20 22:25:00",WDGPH1,0
D,DISPATCH,UNIT_SCADA,1,"2022/10/20 22:25:00",WELLSF1,0
D,DISPATCH,UNIT_SCADA,1,"2022/10/20 22:25:00",WEMENSF1,0
D,DISPATCH,UNIT_SCADA,1,"2022/10/20 22:25:00",WGWF1,13.80
D,DISPATCH,UNIT_SCADA,1,"2022/10/20 22:25:00",WHITSF1,0
D,DISPATCH,UNIT_SCADA,1,"2022/10/20 22:25:00",WINTSF1,0
D,DISPATCH,UNIT_SCADA,1,"2022/10/20 22:25:00",WKIEWA1,33.90
D,DISPATCH,UNIT_SCADA,1,"2022/10/20 22:25:00",WKIEWA2,34
D,DISPATCH,UNIT_SCADA,1,"2022/10/20 22:25:00",WOODLWN1,36.233460
D,DISPATCH,UNIT_SCADA,1,"2022/10/20 22:25:00",WOOLGSF1,0
D,DISPATCH,UNIT_SCADA,1,"2022/10/20 22:25:00",WPWF,53.44
D,DISPATCH,UNIT_SCADA,1,"2022/10/20 22:25:00",WRSF1,0
D,DISPATCH,UNIT_SCADA,1,"2022/10/20 22:25:00",WRWF1,138.093540
D,DISPATCH,UNIT_SCADA,1,"2022/10/20 22:25:00",WSTWYSF1,0
D,DISPATCH,UNIT_SCADA,1,"2022/10/20 22:25:00",YABULU,0
D,DISPATCH,UNIT_SCADA,1,"2022/10/20 22:25:00",YABULU2,0
D,DISPATCH,UNIT_SCADA,1,"2022/10/20 22:25:00",YARANSF1,0
D,DISPATCH,UNIT_SCADA,1,"2022/10/20 22:25:00",YARWUN_1,164.039990
D,DISPATCH,UNIT_SCADA,1,"2022/10/20 22:25:00",YATSF1,0
D,DISPATCH,UNIT_SCADA,1,"2022/10/20 22:25:00",YENDWF1,4.34
D,DISPATCH,UNIT_SCADA,1,"2022/10/20 22:25:00",YWPS1,289.721530
D,DISPATCH,UNIT_SCADA,1,"2022/10/20 22:25:00",YWPS2,359.397460
D,DISPATCH,UNIT_SCADA,1,"2022/10/20 22:25:00",YWPS3,359.6709
D,DISPATCH,UNIT_SCADA,1,"2022/10/20 22:25:00",YWPS4,0
C,"END OF REPORT",419
