C,NEMP.WORLD,DISPATCHSCADA,AEMO,PUBLIC,2022/10/20,03:05:10,0000000373224558,DISPATCHSCADA,0000000373224552
I,DISPATCH,UNIT_SCADA,1,SETTLEMENTDATE,DUID,SCADAVALUE
D,DISPATCH,UNIT_SCADA,1,"2022/10/20 03:10:00",BARCSF1,0.10
D,DISPATCH,UNIT_SCADA,1,"2022/10/20 03:10:00",BUTLERSG,8.699999
D,DISPATCH,UNIT_SCADA,1,"2022/10/20 03:10:00",CAPTL_WF,0
D,DISPATCH,UNIT_SCADA,1,"2022/10/20 03:10:00",CHALLHWF,19.799999
D,DISPATCH,UNIT_SCADA,1,"2022/10/20 03:10:00",CLOVER,13.25
D,DISPATCH,UNIT_SCADA,1,"2022/10/20 03:10:00",CLUNY,6.205081
D,DISPATCH,UNIT_SCADA,1,"2022/10/20 03:10:00",CULLRGWF,-0.02
D,DISPATCH,UNIT_SCADA,1,"2022/10/20 03:10:00",DIAPURWF1,7.30
D,DISPATCH,UNIT_SCADA,1,"2022/10/20 03:10:00",ERGT01,0
D,DISPATCH,UNIT_SCADA,1,"2022/10/20 03:10:00",GB01,0
D,DISPATCH,UNIT_SCADA,1,"2022/10/20 03:10:00",GERMCRK,21.60
D,DISPATCH,UNIT_SCADA,1,"2022/10/20 03:10:00",GRIFSF1,0.001526
D,DISPATCH,UNIT_SCADA,1,"2022/10/20 03:10:00",HEZ1,0
D,DISPATCH,UNIT_SCADA,1,"2022/10/20 03:10:00",HUGSF1,-0.1740
D,DISPATCH,UNIT_SCADA,1,"2022/10/20 03:10:00",KEPBG1,0.02
D,DISPATCH,UNIT_SCADA,1,"2022/10/20 03:10:00",LRSF1,0.0240
D,DISPATCH,UNIT_SCADA,1,"2022/10/20 03:10:00",MBAHNTH,50.343750
D,DISPATCH,UNIT_SCADA,1,"2022/10/20 03:10:00",MLSP1,0
D,DISPATCH,UNIT_SCADA,1,"2022/10/20 03:10:00",MLWF1,1.05
D,DISPATCH,UNIT_SCADA,1,"2022/10/20 03:10:00",PALOONA,30.209999
D,DISPATCH,UNIT_SCADA,1,"2022/10/20 03:10:00",PIONEER,43.100002
D,DISPATCH,UNIT_SCADA,1,"2022/10/20 03:10:00",PORTWF,28.200001
D,DISPATCH,UNIT_SCADA,1,"2022/10/20 03:10:00",REPULSE,9.492943
D,DISPATCH,UNIT_SCADA,1,"2022/10/20 03:10:00",ROWALLAN,8.9034
D,DISPATCH,UNIT_SCADA,1,"2022/10/20 03:10:00",ROYALLA1,0
D,DISPATCH,UNIT_SCADA,1,"2022/10/20 03:10:00",RPCG,-1.20
D,DISPATCH,UNIT_SCADA,1,"2022/10/20 03:10:00",RUBICON,0
D,DISPATCH,UNIT_SCADA,1,"2022/10/20 03:10:00",WAUBRAWF,93.227997
D,DISPATCH,UNIT_SCADA,1,"2022/10/20 03:10:00",WOOLNTH1,14.21
D,DISPATCH,UNIT_SCADA,1,"2022/10/20 03:10:00",YAMBUKWF,2.50
D,DISPATCH,UNIT_SCADA,1,"2022/10/20 03:10:00",YSWF1,2.20
D,DISPATCH,UNIT_SCADA,1,"2022/10/20 03:10:00",ADPBA1G,0.0080
D,DISPATCH,UNIT_SCADA,1,"2022/10/20 03:10:00",ADPBA1L,0
D,DISPATCH,UNIT_SCADA,1,"2022/10/20 03:10:00",ADPPV1,0
D,DISPATCH,UNIT_SCADA,1,"2022/10/20 03:10:00",AGLHAL,0
D,DISPATCH,UNIT_SCADA,1,"2022/10/20 03:10:00",AGLSOM,0
D,DISPATCH,UNIT_SCADA,1,"2022/10/20 03:10:00",ANGAST1,0
D,DISPATCH,UNIT_SCADA,1,"2022/10/20 03:10:00",ARWF1,1
D,DISPATCH,UNIT_SCADA,1,"2022/10/20 03:10:00",BALBG1,0
D,DISPATCH,UNIT_SCADA,1,"2022/10/20 03:10:00",BALBL1,0
D,DISPATCH,UNIT_SCADA,1,"2022/10/20 03:10:00",BALDHWF1,0
D,DISPATCH,UNIT_SCADA,1,"2022/10/20 03:10:00",BANGOWF1,53.899750
D,DISPATCH,UNIT_SCADA,1,"2022/10/20 03:10:00",BANGOWF2,52.099870
D,DISPATCH,UNIT_SCADA,1,"2022/10/20 03:10:00",BANN1,0
D,DISPATCH,UNIT_SCADA,1,"2022/10/20 03:10:00",BARCALDN,0
D,DISPATCH,UNIT_SCADA,1,"2022/10/20 03:10:00",BARKIPS1,0
D,DISPATCH,UNIT_SCADA,1,"2022/10/20 03:10:00",BARRON-1,0
D,DISPATCH,UNIT_SCADA,1,"2022/10/20 03:10:00",BARRON-2,0
D,DISPATCH,UNIT_SCADA,1,"2022/10/20 03:10:00",BASTYAN,0
D,DISPATCH,UNIT_SCADA,1,"2022/10/20 03:10:00",BBTHREE1,-1.04
D,DISPATCH,UNIT_SCADA,1,"2022/10/20 03:10:00",BBTHREE2,0
D,DISPATCH,UNIT_SCADA,1,"2022/10/20 03:10:00",BBTHREE3,0
D,DISPATCH,UNIT_SCADA,1,"2022/10/20 03:10:00",BDL01,0
D,DISPATCH,UNIT_SCADA,1,"2022/10/20 03:10:00",BDL02,0
D,DISPATCH,UNIT_SCADA,1,"2022/10/20 03:10:00",BERYLSF1,0
D,DISPATCH,UNIT_SCADA,1,"2022/10/20 03:10:00",BLOWERNG,62.60
D,DISPATCH,UNIT_SCADA,1,"2022/10/20 03:10:00",BLUEGSF1,0
D,DISPATCH,UNIT_SCADA,1,"2022/10/20 03:10:00",BLUFF1,1.40
D,DISPATCH,UNIT_SCADA,1,"2022/10/20 03:10:00",BNGSF1,0
D,DISPATCH,UNIT_SCADA,1,"2022/10/20 03:10:00",BNGSF2,0
D,DISPATCH,UNIT_SCADA,1,"2022/10/20 03:10:00",BOCORWF1,5.24
D,DISPATCH,UNIT_SCADA,1,"2022/10/20 03:10:00",BODWF1,82.852230
D,DISPATCH,UNIT_SCADA,1,"2022/10/20 03:10:00",BOMENSF1,0
D,DISPATCH,UNIT_SCADA,1,"2022/10/20 03:10:00",BOWWBA1G,0.0010
D,DISPATCH,UNIT_SCADA,1,"2022/10/20 03:10:00",BOWWBA1L,0
D,DISPATCH,UNIT_SCADA,1,"2022/10/20 03:10:00",BOWWPV1,0.0010
D,DISPATCH,UNIT_SCADA,1,"2022/10/20 03:10:00",BRAEMAR1,0
D,DISPATCH,UNIT_SCADA,1,"2022/10/20 03:10:00",BRAEMAR2,0
D,DISPATCH,UNIT_SCADA,1,"2022/10/20 03:10:00",BRAEMAR3,0
D,DISPATCH,UNIT_SCADA,1,"2022/10/20 03:10:00",BRAEMAR5,0.292060
D,DISPATCH,UNIT_SCADA,1,"2022/10/20 03:10:00",BRAEMAR6,0
D,DISPATCH,UNIT_SCADA,1,"2022/10/20 03:10:00",BRAEMAR7,0.130920
D,DISPATCH,UNIT_SCADA,1,"2022/10/20 03:10:00",BROKENH1,0
D,DISPATCH,UNIT_SCADA,1,"2022/10/20 03:10:00",BRYB1WF1,122.801560
D,DISPATCH,UNIT_SCADA,1,"2022/10/20 03:10:00",BULBESG1,0
D,DISPATCH,UNIT_SCADA,1,"2022/10/20 03:10:00",BULBESL1,0.03
D,DISPATCH,UNIT_SCADA,1,"2022/10/20 03:10:00",BULGANA1,45.93
D,DISPATCH,UNIT_SCADA,1,"2022/10/20 03:10:00",BW01,445.331510
D,DISPATCH,UNIT_SCADA,1,"2022/10/20 03:10:00",BW02,441.986720
D,DISPATCH,UNIT_SCADA,1,"2022/10/20 03:10:00",BW03,442.035550
D,DISPATCH,UNIT_SCADA,1,"2022/10/20 03:10:00",BW04,0
D,DISPATCH,UNIT_SCADA,1,"2022/10/20 03:10:00",CALL_B_1,320.50
D,DISPATCH,UNIT_SCADA,1,"2022/10/20 03:10:00",CALL_B_2,319.700010
D,DISPATCH,UNIT_SCADA,1,"2022/10/20 03:10:00",CATHROCK,9.80
D,DISPATCH,UNIT_SCADA,1,"2022/10/20 03:10:00",CBWWBA1G,0
D,DISPATCH,UNIT_SCADA,1,"2022/10/20 03:10:00",CBWWBA1L,0
D,DISPATCH,UNIT_SCADA,1,"2022/10/20 03:10:00",CETHANA,98.364130
D,DISPATCH,UNIT_SCADA,1,"2022/10/20 03:10:00",CG1,0
D,DISPATCH,UNIT_SCADA,1,"2022/10/20 03:10:00",CG2,0
D,DISPATCH,UNIT_SCADA,1,"2022/10/20 03:10:00",CG3,0
D,DISPATCH,UNIT_SCADA,1,"2022/10/20 03:10:00",CG4,0
D,DISPATCH,UNIT_SCADA,1,"2022/10/20 03:10:00",CHILDSF1,0
D,DISPATCH,UNIT_SCADA,1,"2022/10/20 03:10:00",CHYTWF1,12.38
D,DISPATCH,UNIT_SCADA,1,"2022/10/20 03:10:00",CLARESF1,0
D,DISPATCH,UNIT_SCADA,1,"2022/10/20 03:10:00",CLEMGPWF,20.529970
D,DISPATCH,UNIT_SCADA,1,"2022/10/20 03:10:00",CLERMSF1,0
D,DISPATCH,UNIT_SCADA,1,"2022/10/20 03:10:00",CNUNDAWF,0
D,DISPATCH,UNIT_SCADA,1,"2022/10/20 03:10:00",COHUNSF1,0
D,DISPATCH,UNIT_SCADA,1,"2022/10/20 03:10:00",COLEASF1,0
D,DISPATCH,UNIT_SCADA,1,"2022/10/20 03:10:00",COLUMSF1,0
D,DISPATCH,UNIT_SCADA,1,"2022/10/20 03:10:00",COLWF01,37.801180
D,DISPATCH,UNIT_SCADA,1,"2022/10/20 03:10:00",COOPGWF1,368.459990
D,DISPATCH,UNIT_SCADA,1,"2022/10/20 03:10:00",CPP_3,360.25
D,DISPATCH,UNIT_SCADA,1,"2022/10/20 03:10:00",CPP_4,0
D,DISPATCH,UNIT_SCADA,1,"2022/10/20 03:10:00",CPSA,0
D,DISPATCH,UNIT_SCADA,1,"2022/10/20 03:10:00",CROOKWF2,15.823610
D,DISPATCH,UNIT_SCADA,1,"2022/10/20 03:10:00",CROWLWF1,33.544190
D,DISPATCH,UNIT_SCADA,1,"2022/10/20 03:10:00",CRURWF1,64.595630
D,DISPATCH,UNIT_SCADA,1,"2022/10/20 03:10:00",CRWASF1,0
D,DISPATCH,UNIT_SCADA,1,"2022/10/20 03:10:00",CSPVPS1,0
D,DISPATCH,UNIT_SCADA,1,"2022/10/20 03:10:00",CTHLWF1,0.003050
D,DISPATCH,UNIT_SCADA,1,"2022/10/20 03:10:00",DALNTH01,0
D,DISPATCH,UNIT_SCADA,1,"2022/10/20 03:10:00",DALNTHL1,0.038150
D,DISPATCH,UNIT_SCADA,1,"2022/10/20 03:10:00",DARLSF1,0
D,DISPATCH,UNIT_SCADA,1,"2022/10/20 03:10:00",DARTM1,0
D,DISPATCH,UNIT_SCADA,1,"2022/10/20 03:10:00",DAYDSF1,0
D,DISPATCH,UNIT_SCADA,1,"2022/10/20 03:10:00",DDPS1,0
D,DISPATCH,UNIT_SCADA,1,"2022/10/20 03:10:00",DDSF1,0
D,DISPATCH,UNIT_SCADA,1,"2022/10/20 03:10:00",DEVILS_G,43.914910
D,DISPATCH,UNIT_SCADA,1,"2022/10/20 03:10:00",DG_NSW1,0
D,DISPATCH,UNIT_SCADA,1,"2022/10/20 03:10:00",DG_QLD1,0
D,DISPATCH,UNIT_SCADA,1,"2022/10/20 03:10:00",DG_SA1,0
D,DISPATCH,UNIT_SCADA,1,"2022/10/20 03:10:00",DG_TAS1,0
D,DISPATCH,UNIT_SCADA,1,"2022/10/20 03:10:00",DG_VIC1,0
D,DISPATCH,UNIT_SCADA,1,"2022/10/20 03:10:00",DRYCGT1,0
D,DISPATCH,UNIT_SCADA,1,"2022/10/20 03:10:00",DRYCGT2,0
D,DISPATCH,UNIT_SCADA,1,"2022/10/20 03:10:00",DRYCGT3,0
D,DISPATCH,UNIT_SCADA,1,"2022/10/20 03:10:00",DUNDWF1,65.11
D,DISPATCH,UNIT_SCADA,1,"2022/10/20 03:10:00",DUNDWF2,19.66
D,DISPATCH,UNIT_SCADA,1,"2022/10/20 03:10:00",DUNDWF3,51.93
D,DISPATCH,UNIT_SCADA,1,"2022/10/20 03:10:00",EILDON1,59.88
D,DISPATCH,UNIT_SCADA,1,"2022/10/20 03:10:00",EILDON2,59.92
D,DISPATCH,UNIT_SCADA,1,"2022/10/20 03:10:00",ELAINWF1,29.56
D,DISPATCH,UNIT_SCADA,1,"2022/10/20 03:10:00",EMERASF1,0
D,DISPATCH,UNIT_SCADA,1,"2022/10/20 03:10:00",ER01,0
D,DISPATCH,UNIT_SCADA,1,"2022/10/20 03:10:00",ER02,285.026340
D,DISPATCH,UNIT_SCADA,1,"2022/10/20 03:10:00",ER03,328.313110
D,DISPATCH,UNIT_SCADA,1,"2022/10/20 03:10:00",ER04,329.655910
D,DISPATCH,UNIT_SCADA,1,"2022/10/20 03:10:00",FINLYSF1,0
D,DISPATCH,UNIT_SCADA,1,"2022/10/20 03:10:00",FISHER,43.07
D,DISPATCH,UNIT_SCADA,1,"2022/10/20 03:10:00",GANGARR1,0
D,DISPATCH,UNIT_SCADA,1,"2022/10/20 03:10:00",GANNBG1,0
D,DISPATCH,UNIT_SCADA,1,"2022/10/20 03:10:00",GANNBL1,5.572360
D,DISPATCH,UNIT_SCADA,1,"2022/10/20 03:10:00",GANNSF1,0
D,DISPATCH,UNIT_SCADA,1,"2022/10/20 03:10:00",GLRWNSF1,0
D,DISPATCH,UNIT_SCADA,1,"2022/10/20 03:10:00",GNNDHSF1,0
D,DISPATCH,UNIT_SCADA,1,"2022/10/20 03:10:00",GOONSF1,0
D,DISPATCH,UNIT_SCADA,1,"2022/10/20 03:10:00",GORDON,183.179260
D,DISPATCH,UNIT_SCADA,1,"2022/10/20 03:10:00",GRANWF1,0
D,DISPATCH,UNIT_SCADA,1,"2022/10/20 03:10:00",GSTONE1,195.649990
D,DISPATCH,UNIT_SCADA,1,"2022/10/20 03:10:00",GSTONE2,0
D,DISPATCH,UNIT_SCADA,1,"2022/10/20 03:10:00",GSTONE3,200.024990
D,DISPATCH,UNIT_SCADA,1,"2022/10/20 03:10:00",GSTONE4,0
D,DISPATCH,UNIT_SCADA,1,"2022/10/20 03:10:00",GSTONE5,201.774990
D,DISPATCH,UNIT_SCADA,1,"2022/10/20 03:10:00",GSTONE6,202.1250
D,DISPATCH,UNIT_SCADA,1,"2022/10/20 03:10:00",GULLRSF1,0
D,DISPATCH,UNIT_SCADA,1,"2022/10/20 03:10:00",GULLRWF1,48.004270
D,DISPATCH,UNIT_SCADA,1,"2022/10/20 03:10:00",GULLRWF2,61.370080
D,DISPATCH,UNIT_SCADA,1,"2022/10/20 03:10:00",GUNNING1,0
D,DISPATCH,UNIT_SCADA,1,"2022/10/20 03:10:00",GUTHEGA,67.70
D,DISPATCH,UNIT_SCADA,1,"2022/10/20 03:10:00",HALLWF1,52.40
D,DISPATCH,UNIT_SCADA,1,"2022/10/20 03:10:00",HALLWF2,54.95
D,DISPATCH,UNIT_SCADA,1,"2022/10/20 03:10:00",HAMISF1,0
D,DISPATCH,UNIT_SCADA,1,"2022/10/20 03:10:00",HAUGHT11,0
D,DISPATCH,UNIT_SCADA,1,"2022/10/20 03:10:00",HAYMSF1,0
D,DISPATCH,UNIT_SCADA,1,"2022/10/20 03:10:00",HDWF1,80.80
D,DISPATCH,UNIT_SCADA,1,"2022/10/20 03:10:00",HDWF2,56.60
D,DISPATCH,UNIT_SCADA,1,"2022/10/20 03:10:00",HDWF3,63.80
D,DISPATCH,UNIT_SCADA,1,"2022/10/20 03:10:00",HILLSTN1,0
D,DISPATCH,UNIT_SCADA,1,"2022/10/20 03:10:00",HPRG1,0
D,DISPATCH,UNIT_SCADA,1,"2022/10/20 03:10:00",HPRL1,33.20
D,DISPATCH,UNIT_SCADA,1,"2022/10/20 03:10:00",HUMENSW,54.579810
D,DISPATCH,UNIT_SCADA,1,"2022/10/20 03:10:00",HUMEV,0
D,DISPATCH,UNIT_SCADA,1,"2022/10/20 03:10:00",HVWWBA1G,0
D,DISPATCH,UNIT_SCADA,1,"2022/10/20 03:10:00",HVWWBA1L,0.0070
D,DISPATCH,UNIT_SCADA,1,"2022/10/20 03:10:00",HVWWPV1,0
D,DISPATCH,UNIT_SCADA,1,"2022/10/20 03:10:00",JBUTTERS,0
D,DISPATCH,UNIT_SCADA,1,"2022/10/20 03:10:00",JEMALNG1,0
D,DISPATCH,UNIT_SCADA,1,"2022/10/20 03:10:00",JLA01,0
D,DISPATCH,UNIT_SCADA,1,"2022/10/20 03:10:00",JLA02,0
D,DISPATCH,UNIT_SCADA,1,"2022/10/20 03:10:00",JLA03,0
D,DISPATCH,UNIT_SCADA,1,"2022/10/20 03:10:00",JLA04,0
D,DISPATCH,UNIT_SCADA,1,"2022/10/20 03:10:00",JLB01,0
D,DISPATCH,UNIT_SCADA,1,"2022/10/20 03:10:00",JLB02,0.10
D,DISPATCH,UNIT_SCADA,1,"2022/10/20 03:10:00",JLB03,0
D,DISPATCH,UNIT_SCADA,1,"2022/10/20 03:10:00",JUNEESF1,0
D,DISPATCH,UNIT_SCADA,1,"2022/10/20 03:10:00",KABANWF1,1.09
D,DISPATCH,UNIT_SCADA,1,"2022/10/20 03:10:00",KAREEYA1,0
D,DISPATCH,UNIT_SCADA,1,"2022/10/20 03:10:00",KAREEYA2,0
D,DISPATCH,UNIT_SCADA,1,"2022/10/20 03:10:00",KAREEYA3,21.5575
D,DISPATCH,UNIT_SCADA,1,"2022/10/20 03:10:00",KAREEYA4,0
D,DISPATCH,UNIT_SCADA,1,"2022/10/20 03:10:00",KARSF1,0
D,DISPATCH,UNIT_SCADA,1,"2022/10/20 03:10:00",KEPSF1,0
D,DISPATCH,UNIT_SCADA,1,"2022/10/20 03:10:00",KEPWF1,11.72
D,DISPATCH,UNIT_SCADA,1,"2022/10/20 03:10:00",KIAMSF1,0
D,DISPATCH,UNIT_SCADA,1,"2022/10/20 03:10:00",KIATAWF1,29.50
D,DISPATCH,UNIT_SCADA,1,"2022/10/20 03:10:00",KPP_1,0
D,DISPATCH,UNIT_SCADA,1,"2022/10/20 03:10:00",KSP1,0
D,DISPATCH,UNIT_SCADA,1,"2022/10/20 03:10:00",LADBROK1,0.01
D,DISPATCH,UNIT_SCADA,1,"2022/10/20 03:10:00",LADBROK2,37.89
D,DISPATCH,UNIT_SCADA,1,"2022/10/20 03:10:00",LBBG1,0
D,DISPATCH,UNIT_SCADA,1,"2022/10/20 03:10:00",LBBL1,10.95
D,DISPATCH,UNIT_SCADA,1,"2022/10/20 03:10:00",LD01,323.282560
D,DISPATCH,UNIT_SCADA,1,"2022/10/20 03:10:00",LD02,0
D,DISPATCH,UNIT_SCADA,1,"2022/10/20 03:10:00",LD04,319.803470
D,DISPATCH,UNIT_SCADA,1,"2022/10/20 03:10:00",LEM_WIL,86.864330
D,DISPATCH,UNIT_SCADA,1,"2022/10/20 03:10:00",LGAPWF1,67.13
D,DISPATCH,UNIT_SCADA,1,"2022/10/20 03:10:00",LGAPWF2,42.38
D,DISPATCH,UNIT_SCADA,1,"2022/10/20 03:10:00",LILYSF1,0
D,DISPATCH,UNIT_SCADA,1,"2022/10/20 03:10:00",LIMOSF11,0
D,DISPATCH,UNIT_SCADA,1,"2022/10/20 03:10:00",LIMOSF21,0
D,DISPATCH,UNIT_SCADA,1,"2022/10/20 03:10:00",LI_WY_CA,56.500020
D,DISPATCH,UNIT_SCADA,1,"2022/10/20 03:10:00",LKBONNY1,0
D,DISPATCH,UNIT_SCADA,1,"2022/10/20 03:10:00",LKBONNY2,22.256720
D,DISPATCH,UNIT_SCADA,1,"2022/10/20 03:10:00",LKBONNY3,0
D,DISPATCH,UNIT_SCADA,1,"2022/10/20 03:10:00",LK_ECHO,0
D,DISPATCH,UNIT_SCADA,1,"2022/10/20 03:10:00",LNGS1,0
D,DISPATCH,UNIT_SCADA,1,"2022/10/20 03:10:00",LNGS2,0
D,DISPATCH,UNIT_SCADA,1,"2022/10/20 03:10:00",LONSDALE,0
D,DISPATCH,UNIT_SCADA,1,"2022/10/20 03:10:00",LOYYB1,491.726590
D,DISPATCH,UNIT_SCADA,1,"2022/10/20 03:10:00",LOYYB2,515.787350
D,DISPATCH,UNIT_SCADA,1,"2022/10/20 03:10:00",LYA1,524
D,DISPATCH,UNIT_SCADA,1,"2022/10/20 03:10:00",LYA2,0
D,DISPATCH,UNIT_SCADA,1,"2022/10/20 03:10:00",LYA3,528
D,DISPATCH,UNIT_SCADA,1,"2022/10/20 03:10:00",LYA4,527
D,DISPATCH,UNIT_SCADA,1,"2022/10/20 03:10:00",MACARTH1,27.499360
D,DISPATCH,UNIT_SCADA,1,"2022/10/20 03:10:00",MACKNTSH,0
D,DISPATCH,UNIT_SCADA,1,"2022/10/20 03:10:00",MANSLR1,0
D,DISPATCH,UNIT_SCADA,1,"2022/10/20 03:10:00",MAPS2PV1,0
D,DISPATCH,UNIT_SCADA,1,"2022/10/20 03:10:00",MAPS3PV1,0
D,DISPATCH,UNIT_SCADA,1,"2022/10/20 03:10:00",MARYRSF1,0
D,DISPATCH,UNIT_SCADA,1,"2022/10/20 03:10:00",MBPS2PV1,0
D,DISPATCH,UNIT_SCADA,1,"2022/10/20 03:10:00",MCKAY1,0.02
D,DISPATCH,UNIT_SCADA,1,"2022/10/20 03:10:00",MEADOWBK,20.0060
D,DISPATCH,UNIT_SCADA,1,"2022/10/20 03:10:00",MERCER01,36.70
D,DISPATCH,UNIT_SCADA,1,"2022/10/20 03:10:00",METZSF1,0
D,DISPATCH,UNIT_SCADA,1,"2022/10/20 03:10:00",MEWF1,0
D,DISPATCH,UNIT_SCADA,1,"2022/10/20 03:10:00",MIDDLSF1,0
D,DISPATCH,UNIT_SCADA,1,"2022/10/20 03:10:00",MINTARO,0.128180
D,DISPATCH,UNIT_SCADA,1,"2022/10/20 03:10:00",MOLNGSF1,0
D,DISPATCH,UNIT_SCADA,1,"2022/10/20 03:10:00",MOORAWF1,40.74
D,DISPATCH,UNIT_SCADA,1,"2022/10/20 03:10:00",MOREESF1,0
D,DISPATCH,UNIT_SCADA,1,"2022/10/20 03:10:00",MORTLK11,0
D,DISPATCH,UNIT_SCADA,1,"2022/10/20 03:10:00",MORTLK12,0
D,DISPATCH,UNIT_SCADA,1,"2022/10/20 03:10:00",MOUSF1,0
D,DISPATCH,UNIT_SCADA,1,"2022/10/20 03:10:00",MP1,0
D,DISPATCH,UNIT_SCADA,1,"2022/10/20 03:10:00",MP2,290.226590
D,DISPATCH,UNIT_SCADA,1,"2022/10/20 03:10:00",MPP_1,157.338650
D,DISPATCH,UNIT_SCADA,1,"2022/10/20 03:10:00",MPP_2,0
D,DISPATCH,UNIT_SCADA,1,"2022/10/20 03:10:00",MRTLSWF1,0
D,DISPATCH,UNIT_SCADA,1,"2022/10/20 03:10:00",MSTUART1,0
D,DISPATCH,UNIT_SCADA,1,"2022/10/20 03:10:00",MSTUART2,0
D,DISPATCH,UNIT_SCADA,1,"2022/10/20 03:10:00",MSTUART3,0
D,DISPATCH,UNIT_SCADA,1,"2022/10/20 03:10:00",MTGELWF1,19.1641
D,DISPATCH,UNIT_SCADA,1,"2022/10/20 03:10:00",MTMILLAR,1.40
D,DISPATCH,UNIT_SCADA,1,"2022/10/20 03:10:00",MURRAY,0
D,DISPATCH,UNIT_SCADA,1,"2022/10/20 03:10:00",MUSSELR1,23.90
D,DISPATCH,UNIT_SCADA,1,"2022/10/20 03:10:00",MUWAWF1,179.73
D,DISPATCH,UNIT_SCADA,1,"2022/10/20 03:10:00",MUWAWF2,185.30
D,DISPATCH,UNIT_SCADA,1,"2022/10/20 03:10:00",MWPS1PV1,0
D,DISPATCH,UNIT_SCADA,1,"2022/10/20 03:10:00",MWPS2PV1,0
D,DISPATCH,UNIT_SCADA,1,"2022/10/20 03:10:00",MWPS3PV1,0
D,DISPATCH,UNIT_SCADA,1,"2022/10/20 03:10:00",MWPS4PV1,0
D,DISPATCH,UNIT_SCADA,1,"2022/10/20 03:10:00",NBHWF1,108.90
D,DISPATCH,UNIT_SCADA,1,"2022/10/20 03:10:00",NEVERSF1,0
D,DISPATCH,UNIT_SCADA,1,"2022/10/20 03:10:00",NPS,0
D,DISPATCH,UNIT_SCADA,1,"2022/10/20 03:10:00",NUMURSF1,0
D,DISPATCH,UNIT_SCADA,1,"2022/10/20 03:10:00",NYNGAN1,0
D,DISPATCH,UNIT_SCADA,1,"2022/10/20 03:10:00",OAKEY1,0
D,DISPATCH,UNIT_SCADA,1,"2022/10/20 03:10:00",OAKEY1SF,0
D,DISPATCH,UNIT_SCADA,1,"2022/10/20 03:10:00",OAKEY2,0
D,DISPATCH,UNIT_SCADA,1,"2022/10/20 03:10:00",OAKEY2SF,0
D,DISPATCH,UNIT_SCADA,1,"2022/10/20 03:10:00",OAKLAND1,9.80
D,DISPATCH,UNIT_SCADA,1,"2022/10/20 03:10:00",OSB-AG,0
D,DISPATCH,UNIT_SCADA,1,"2022/10/20 03:10:00",PAREPS1,0.0660
D,DISPATCH,UNIT_SCADA,1,"2022/10/20 03:10:00",PAREPW1,31.72
D,DISPATCH,UNIT_SCADA,1,"2022/10/20 03:10:00",PARSF1,0.001530
D,DISPATCH,UNIT_SCADA,1,"2022/10/20 03:10:00",POAT110,0
D,DISPATCH,UNIT_SCADA,1,"2022/10/20 03:10:00",POAT220,0
D,DISPATCH,UNIT_SCADA,1,"2022/10/20 03:10:00",POR01,0
D,DISPATCH,UNIT_SCADA,1,"2022/10/20 03:10:00",POR03,0
D,DISPATCH,UNIT_SCADA,1,"2022/10/20 03:10:00",PPCCGT,123.890430
D,DISPATCH,UNIT_SCADA,1,"2022/10/20 03:10:00",PTSTAN1,0
D,DISPATCH,UNIT_SCADA,1,"2022/10/20 03:10:00",PUMP1,0
D,DISPATCH,UNIT_SCADA,1,"2022/10/20 03:10:00",PUMP2,0
D,DISPATCH,UNIT_SCADA,1,"2022/10/20 03:10:00",QBYNBG1,0
D,DISPATCH,UNIT_SCADA,1,"2022/10/20 03:10:00",QBYNBL1,0.0055
D,DISPATCH,UNIT_SCADA,1,"2022/10/20 03:10:00",QPS1,0
D,DISPATCH,UNIT_SCADA,1,"2022/10/20 03:10:00",QPS2,0
D,DISPATCH,UNIT_SCADA,1,"2022/10/20 03:10:00",QPS3,0
D,DISPATCH,UNIT_SCADA,1,"2022/10/20 03:10:00",QPS4,0
D,DISPATCH,UNIT_SCADA,1,"2022/10/20 03:10:00",QPS5,75.87
D,DISPATCH,UNIT_SCADA,1,"2022/10/20 03:10:00",REECE1,0
D,DISPATCH,UNIT_SCADA,1,"2022/10/20 03:10:00",REECE2,0
D,DISPATCH,UNIT_SCADA,1,"2022/10/20 03:10:00",ROMA_7,0
D,DISPATCH,UNIT_SCADA,1,"2022/10/20 03:10:00",ROMA_8,0
D,DISPATCH,UNIT_SCADA,1,"2022/10/20 03:10:00",RRSF1,0
D,DISPATCH,UNIT_SCADA,1,"2022/10/20 03:10:00",RT_NSW1,0
D,DISPATCH,UNIT_SCADA,1,"2022/10/20 03:10:00",RT_NSW2,0
D,DISPATCH,UNIT_SCADA,1,"2022/10/20 03:10:00",RT_NSW3,0
D,DISPATCH,UNIT_SCADA,1,"2022/10/20 03:10:00",RT_NSW4,0
D,DISPATCH,UNIT_SCADA,1,"2022/10/20 03:10:00",RT_NSW5,0
D,DISPATCH,UNIT_SCADA,1,"2022/10/20 03:10:00",RT_NSW6,0
D,DISPATCH,UNIT_SCADA,1,"2022/10/20 03:10:00",RT_QLD1,0
D,DISPATCH,UNIT_SCADA,1,"2022/10/20 03:10:00",RT_SA1,0
D,DISPATCH,UNIT_SCADA,1,"2022/10/20 03:10:00",RT_SA2,0
D,DISPATCH,UNIT_SCADA,1,"2022/10/20 03:10:00",RT_SA3,0
D,DISPATCH,UNIT_SCADA,1,"2022/10/20 03:10:00",RT_SA4,0
D,DISPATCH,UNIT_SCADA,1,"2022/10/20 03:10:00",RT_SA5,0
D,DISPATCH,UNIT_SCADA,1,"2022/10/20 03:10:00",RT_SA6,0
D,DISPATCH,UNIT_SCADA,1,"2022/10/20 03:10:00",RT_TAS1,0
D,DISPATCH,UNIT_SCADA,1,"2022/10/20 03:10:00",RT_VIC1,0
D,DISPATCH,UNIT_SCADA,1,"2022/10/20 03:10:00",RT_VIC10,0
D,DISPATCH,UNIT_SCADA,1,"2022/10/20 03:10:00",RT_VIC11,0
D,DISPATCH,UNIT_SCADA,1,"2022/10/20 03:10:00",RT_VIC12,0
D,DISPATCH,UNIT_SCADA,1,"2022/10/20 03:10:00",RT_VIC2,0
D,DISPATCH,UNIT_SCADA,1,"2022/10/20 03:10:00",RT_VIC3,0
D,DISPATCH,UNIT_SCADA,1,"2022/10/20 03:10:00",RT_VIC4,0
D,DISPATCH,UNIT_SCADA,1,"2022/10/20 03:10:00",RT_VIC5,0
D,DISPATCH,UNIT_SCADA,1,"2022/10/20 03:10:00",RT_VIC6,0
D,DISPATCH,UNIT_SCADA,1,"2022/10/20 03:10:00",RT_VIC7,0
D,DISPATCH,UNIT_SCADA,1,"2022/10/20 03:10:00",RT_VIC8,0
D,DISPATCH,UNIT_SCADA,1,"2022/10/20 03:10:00",RT_VIC9,0
D,DISPATCH,UNIT_SCADA,1,"2022/10/20 03:10:00",RUGBYR1,0
D,DISPATCH,UNIT_SCADA,1,"2022/10/20 03:10:00",SALTCRK1,14.50
D,DISPATCH,UNIT_SCADA,1,"2022/10/20 03:10:00",SAPHWF1,133.124280
D,DISPATCH,UNIT_SCADA,1,"2022/10/20 03:10:00",SEBSF1,0
D,DISPATCH,UNIT_SCADA,1,"2022/10/20 03:10:00",SHGEN,0
D,DISPATCH,UNIT_SCADA,1,"2022/10/20 03:10:00",SHPUMP,0
D,DISPATCH,UNIT_SCADA,1,"2022/10/20 03:10:00",SITHE01,0.133760
D,DISPATCH,UNIT_SCADA,1,"2022/10/20 03:10:00",SMCSF1,0
D,DISPATCH,UNIT_SCADA,1,"2022/10/20 03:10:00",SNAPPER1,0
D,DISPATCH,UNIT_SCADA,1,"2022/10/20 03:10:00",SNOWNTH1,129.899990
D,DISPATCH,UNIT_SCADA,1,"2022/10/20 03:10:00",SNOWSTH1,114.900010
D,DISPATCH,UNIT_SCADA,1,"2022/10/20 03:10:00",SNOWTWN1,91.257640
D,DISPATCH,UNIT_SCADA,1,"2022/10/20 03:10:00",SNOWYP,0
D,DISPATCH,UNIT_SCADA,1,"2022/10/20 03:10:00",SNUG1,0
D,DISPATCH,UNIT_SCADA,1,"2022/10/20 03:10:00",SRSF1,0
D,DISPATCH,UNIT_SCADA,1,"2022/10/20 03:10:00",STAN-1,279.504940
D,DISPATCH,UNIT_SCADA,1,"2022/10/20 03:10:00",STAN-2,364.602330
D,DISPATCH,UNIT_SCADA,1,"2022/10/20 03:10:00",STAN-3,364.499790
D,DISPATCH,UNIT_SCADA,1,"2022/10/20 03:10:00",STAN-4,363.50
D,DISPATCH,UNIT_SCADA,1,"2022/10/20 03:10:00",STARHLWF,15.795390
D,DISPATCH,UNIT_SCADA,1,"2022/10/20 03:10:00",STOCKYD1,205.429990
D,DISPATCH,UNIT_SCADA,1,"2022/10/20 03:10:00",STWF1,61.958340
D,DISPATCH,UNIT_SCADA,1,"2022/10/20 03:10:00",SUNRSF1,0
D,DISPATCH,UNIT_SCADA,1,"2022/10/20 03:10:00",SUNTPSF1,0
D,DISPATCH,UNIT_SCADA,1,"2022/10/20 03:10:00",SWAN_E,224.514370
D,DISPATCH,UNIT_SCADA,1,"2022/10/20 03:10:00",TALWA1,0
D,DISPATCH,UNIT_SCADA,1,"2022/10/20 03:10:00",TARALGA1,0
D,DISPATCH,UNIT_SCADA,1,"2022/10/20 03:10:00",TARONG#1,280.899990
D,DISPATCH,UNIT_SCADA,1,"2022/10/20 03:10:00",TARONG#2,279.700010
D,DISPATCH,UNIT_SCADA,1,"2022/10/20 03:10:00",TARONG#3,0.90
D,DISPATCH,UNIT_SCADA,1,"2022/10/20 03:10:00",TARONG#4,191.50
D,DISPATCH,UNIT_SCADA,1,"2022/10/20 03:10:00",TARRALEA,54
D,DISPATCH,UNIT_SCADA,1,"2022/10/20 03:10:00",TBSF1,0
D,DISPATCH,UNIT_SCADA,1,"2022/10/20 03:10:00",TNPS1,301.9375
D,DISPATCH,UNIT_SCADA,1,"2022/10/20 03:10:00",TORRB1,0
D,DISPATCH,UNIT_SCADA,1,"2022/10/20 03:10:00",TORRB2,42
D,DISPATCH,UNIT_SCADA,1,"2022/10/20 03:10:00",TORRB3,0
D,DISPATCH,UNIT_SCADA,1,"2022/10/20 03:10:00",TORRB4,0
D,DISPATCH,UNIT_SCADA,1,"2022/10/20 03:10:00",TREVALLN,100.051530
D,DISPATCH,UNIT_SCADA,1,"2022/10/20 03:10:00",TRIBUTE,0
D,DISPATCH,UNIT_SCADA,1,"2022/10/20 03:10:00",TUMUT3,0
D,DISPATCH,UNIT_SCADA,1,"2022/10/20 03:10:00",TUNGATIN,4.200020
D,DISPATCH,UNIT_SCADA,1,"2022/10/20 03:10:00",TVCC201,0
D,DISPATCH,UNIT_SCADA,1,"2022/10/20 03:10:00",TVPP104,0
D,DISPATCH,UNIT_SCADA,1,"2022/10/20 03:10:00",UPPTUMUT,0
D,DISPATCH,UNIT_SCADA,1,"2022/10/20 03:10:00",URANQ11,0
D,DISPATCH,UNIT_SCADA,1,"2022/10/20 03:10:00",URANQ12,0
D,DISPATCH,UNIT_SCADA,1,"2022/10/20 03:10:00",URANQ13,0
D,DISPATCH,UNIT_SCADA,1,"2022/10/20 03:10:00",URANQ14,0
D,DISPATCH,UNIT_SCADA,1,"2022/10/20 03:10:00",VBBG1,0
D,DISPATCH,UNIT_SCADA,1,"2022/10/20 03:10:00",VBBL1,28.10
D,DISPATCH,UNIT_SCADA,1,"2022/10/20 03:10:00",VP5,521.451480
D,DISPATCH,UNIT_SCADA,1,"2022/10/20 03:10:00",VP6,545.280330
D,DISPATCH,UNIT_SCADA,1,"2022/10/20 03:10:00",VPGS1,0
D,DISPATCH,UNIT_SCADA,1,"2022/10/20 03:10:00",VPGS2,0
D,DISPATCH,UNIT_SCADA,1,"2022/10/20 03:10:00",VPGS3,0
D,DISPATCH,UNIT_SCADA,1,"2022/10/20 03:10:00",VPGS4,0
D,DISPATCH,UNIT_SCADA,1,"2022/10/20 03:10:00",VPGS5,0
D,DISPATCH,UNIT_SCADA,1,"2022/10/20 03:10:00",VPGS6,0
D,DISPATCH,UNIT_SCADA,1,"2022/10/20 03:10:00",W/HOE#1,0
D,DISPATCH,UNIT_SCADA,1,"2022/10/20 03:10:00",W/HOE#2,0
D,DISPATCH,UNIT_SCADA,1,"2022/10/20 03:10:00",WAGGNSF1,0
D,DISPATCH,UNIT_SCADA,1,"2022/10/20 03:10:00",WALGRVG1,0.000930
D,DISPATCH,UNIT_SCADA,1,"2022/10/20 03:10:00",WALGRVL1,0
D,DISPATCH,UNIT_SCADA,1,"2022/10/20 03:10:00",WANDBG1,-0.056640
D,DISPATCH,UNIT_SCADA,1,"2022/10/20 03:10:00",WANDBL1,0
D,DISPATCH,UNIT_SCADA,1,"2022/10/20 03:10:00",WARWSF1,0
D,DISPATCH,UNIT_SCADA,1,"2022/10/20 03:10:00",WARWSF2,0
D,DISPATCH,UNIT_SCADA,1,"2022/10/20 03:10:00",WATERLWF,70.50
D,DISPATCH,UNIT_SCADA,1,"2022/10/20 03:10:00",WDGPH1,0
D,DISPATCH,UNIT_SCADA,1,"2022/10/20 03:10:00",WELLSF1,0
D,DISPATCH,UNIT_SCADA,1,"2022/10/20 03:10:00",WEMENSF1,0
D,DISPATCH,UNIT_SCADA,1,"2022/10/20 03:10:00",WGWF1,117.50
D,DISPATCH,UNIT_SCADA,1,"2022/10/20 03:10:00",WHITSF1,0
D,DISPATCH,UNIT_SCADA,1,"2022/10/20 03:10:00",WINTSF1,0
D,DISPATCH,UNIT_SCADA,1,"2022/10/20 03:10:00",WKIEWA1,34
D,DISPATCH,UNIT_SCADA,1,"2022/10/20 03:10:00",WKIEWA2,34.20
D,DISPATCH,UNIT_SCADA,1,"2022/10/20 03:10:00",WOODLWN1,7.009380
D,DISPATCH,UNIT_SCADA,1,"2022/10/20 03:10:00",WOOLGSF1,0
D,DISPATCH,UNIT_SCADA,1,"2022/10/20 03:10:00",WPWF,83.75
D,DISPATCH,UNIT_SCADA,1,"2022/10/20 03:10:00",WRSF1,0
D,DISPATCH,UNIT_SCADA,1,"2022/10/20 03:10:00",WRWF1,34.051420
D,DISPATCH,UNIT_SCADA,1,"2022/10/20 03:10:00",WSTWYSF1,0
D,DISPATCH,UNIT_SCADA,1,"2022/10/20 03:10:00",YABULU,0
D,DISPATCH,UNIT_SCADA,1,"2022/10/20 03:10:00",YABULU2,0
D,DISPATCH,UNIT_SCADA,1,"2022/10/20 03:10:00",YARANSF1,0
D,DISPATCH,UNIT_SCADA,1,"2022/10/20 03:10:00",YARWUN_1,159.45
D,DISPATCH,UNIT_SCADA,1,"2022/10/20 03:10:00",YATSF1,0
D,DISPATCH,UNIT_SCADA,1,"2022/10/20 03:10:00",YENDWF1,29.06
D,DISPATCH,UNIT_SCADA,1,"2022/10/20 03:10:00",YWPS1,365.412660
D,DISPATCH,UNIT_SCADA,1,"2022/10/20 03:10:00",YWPS2,360.399990
D,DISPATCH,UNIT_SCADA,1,"2022/10/20 03:10:00",YWPS3,360.799990
D,DISPATCH,UNIT_SCADA,1,"2022/10/20 03:10:00",YWPS4,0
C,"END OF REPORT",419
