C,NEMP.WORLD,DISPATCHSCADA,AEMO,PUBLIC,2022/10/20,19:20:09,0000000373275907,DISPATCHSCADA,0000000373275901
I,DISPATCH,UNIT_SCADA,1,SETTLEMENTDATE,DUID,SCADAVALUE
D,DISPATCH,UNIT_SCADA,1,"2022/10/20 19:25:00",BARCSF1,0.10
D,DISPATCH,UNIT_SCADA,1,"2022/10/20 19:25:00",BUTLERSG,8.699999
D,DISPATCH,UNIT_SCADA,1,"2022/10/20 19:25:00",CAPTL_WF,85.720062
D,DISPATCH,UNIT_SCADA,1,"2022/10/20 19:25:00",CHALLHWF,8.60
D,DISPATCH,UNIT_SCADA,1,"2022/10/20 19:25:00",CLOVER,13.15
D,DISPATCH,UNIT_SCADA,1,"2022/10/20 19:25:00",CLUNY,6.433967
D,DISPATCH,UNIT_SCADA,1,"2022/10/20 19:25:00",CULLRGWF,-0.06
D,DISPATCH,UNIT_SCADA,1,"2022/10/20 19:25:00",DIAPURWF1,1.60
D,DISPATCH,UNIT_SCADA,1,"2022/10/20 19:25:00",ERGT01,0
D,DISPATCH,UNIT_SCADA,1,"2022/10/20 19:25:00",GB01,0
D,DISPATCH,UNIT_SCADA,1,"2022/10/20 19:25:00",GERMCRK,20.200001
D,DISPATCH,UNIT_SCADA,1,"2022/10/20 19:25:00",GRIFSF1,0.001526
D,DISPATCH,UNIT_SCADA,1,"2022/10/20 19:25:00",HEZ1,0
D,DISPATCH,UNIT_SCADA,1,"2022/10/20 19:25:00",HUGSF1,-0.0420
D,DISPATCH,UNIT_SCADA,1,"2022/10/20 19:25:00",KEPBG1,0
D,DISPATCH,UNIT_SCADA,1,"2022/10/20 19:25:00",LRSF1,0.0110
D,DISPATCH,UNIT_SCADA,1,"2022/10/20 19:25:00",MBAHNTH,44.043747
D,DISPATCH,UNIT_SCADA,1,"2022/10/20 19:25:00",MLSP1,0
D,DISPATCH,UNIT_SCADA,1,"2022/10/20 19:25:00",MLWF1,3.60
D,DISPATCH,UNIT_SCADA,1,"2022/10/20 19:25:00",PALOONA,30.82
D,DISPATCH,UNIT_SCADA,1,"2022/10/20 19:25:00",PIONEER,22.90
D,DISPATCH,UNIT_SCADA,1,"2022/10/20 19:25:00",PORTWF,47.200001
D,DISPATCH,UNIT_SCADA,1,"2022/10/20 19:25:00",REPULSE,9.796903
D,DISPATCH,UNIT_SCADA,1,"2022/10/20 19:25:00",ROWALLAN,8.9247
D,DISPATCH,UNIT_SCADA,1,"2022/10/20 19:25:00",ROYALLA1,0
D,DISPATCH,UNIT_SCADA,1,"2022/10/20 19:25:00",RPCG,-0.50
D,DISPATCH,UNIT_SCADA,1,"2022/10/20 19:25:00",RUBICON,0
D,DISPATCH,UNIT_SCADA,1,"2022/10/20 19:25:00",WAUBRAWF,82.543999
D,DISPATCH,UNIT_SCADA,1,"2022/10/20 19:25:00",WOOLNTH1,96.300003
D,DISPATCH,UNIT_SCADA,1,"2022/10/20 19:25:00",YAMBUKWF,5.40
D,DISPATCH,UNIT_SCADA,1,"2022/10/20 19:25:00",YSWF1,1.40
D,DISPATCH,UNIT_SCADA,1,"2022/10/20 19:25:00",ADPBA1G,0.0080
D,DISPATCH,UNIT_SCADA,1,"2022/10/20 19:25:00",ADPBA1L,0
D,DISPATCH,UNIT_SCADA,1,"2022/10/20 19:25:00",ADPPV1,0
D,DISPATCH,UNIT_SCADA,1,"2022/10/20 19:25:00",AGLHAL,30.915260
D,DISPATCH,UNIT_SCADA,1,"2022/10/20 19:25:00",AGLSOM,0
D,DISPATCH,UNIT_SCADA,1,"2022/10/20 19:25:00",ANGAST1,0
D,DISPATCH,UNIT_SCADA,1,"2022/10/20 19:25:00",ARWF1,34.20
D,DISPATCH,UNIT_SCADA,1,"2022/10/20 19:25:00",BALBG1,0
D,DISPATCH,UNIT_SCADA,1,"2022/10/20 19:25:00",BALBL1,0
D,DISPATCH,UNIT_SCADA,1,"2022/10/20 19:25:00",BALDHWF1,104.8770
D,DISPATCH,UNIT_SCADA,1,"2022/10/20 19:25:00",BANGOWF1,89.696190
D,DISPATCH,UNIT_SCADA,1,"2022/10/20 19:25:00",BANGOWF2,67.298320
D,DISPATCH,UNIT_SCADA,1,"2022/10/20 19:25:00",BANN1,0
D,DISPATCH,UNIT_SCADA,1,"2022/10/20 19:25:00",BARCALDN,0
D,DISPATCH,UNIT_SCADA,1,"2022/10/20 19:25:00",BARKIPS1,88.439990
D,DISPATCH,UNIT_SCADA,1,"2022/10/20 19:25:00",BARRON-1,27.84
D,DISPATCH,UNIT_SCADA,1,"2022/10/20 19:25:00",BARRON-2,28.12
D,DISPATCH,UNIT_SCADA,1,"2022/10/20 19:25:00",BASTYAN,69.63
D,DISPATCH,UNIT_SCADA,1,"2022/10/20 19:25:00",BBTHREE1,0
D,DISPATCH,UNIT_SCADA,1,"2022/10/20 19:25:00",BBTHREE2,0
D,DISPATCH,UNIT_SCADA,1,"2022/10/20 19:25:00",BBTHREE3,-1.01
D,DISPATCH,UNIT_SCADA,1,"2022/10/20 19:25:00",BDL01,0
D,DISPATCH,UNIT_SCADA,1,"2022/10/20 19:25:00",BDL02,0
D,DISPATCH,UNIT_SCADA,1,"2022/10/20 19:25:00",BERYLSF1,0
D,DISPATCH,UNIT_SCADA,1,"2022/10/20 19:25:00",BLOWERNG,62.60
D,DISPATCH,UNIT_SCADA,1,"2022/10/20 19:25:00",BLUEGSF1,0
D,DISPATCH,UNIT_SCADA,1,"2022/10/20 19:25:00",BLUFF1,2.20
D,DISPATCH,UNIT_SCADA,1,"2022/10/20 19:25:00",BNGSF1,0
D,DISPATCH,UNIT_SCADA,1,"2022/10/20 19:25:00",BNGSF2,0
D,DISPATCH,UNIT_SCADA,1,"2022/10/20 19:25:00",BOCORWF1,30.26
D,DISPATCH,UNIT_SCADA,1,"2022/10/20 19:25:00",BODWF1,108.511090
D,DISPATCH,UNIT_SCADA,1,"2022/10/20 19:25:00",BOMENSF1,0
D,DISPATCH,UNIT_SCADA,1,"2022/10/20 19:25:00",BOWWBA1G,0.0010
D,DISPATCH,UNIT_SCADA,1,"2022/10/20 19:25:00",BOWWBA1L,0
D,DISPATCH,UNIT_SCADA,1,"2022/10/20 19:25:00",BOWWPV1,0
D,DISPATCH,UNIT_SCADA,1,"2022/10/20 19:25:00",BRAEMAR1,0
D,DISPATCH,UNIT_SCADA,1,"2022/10/20 19:25:00",BRAEMAR2,0
D,DISPATCH,UNIT_SCADA,1,"2022/10/20 19:25:00",BRAEMAR3,0
D,DISPATCH,UNIT_SCADA,1,"2022/10/20 19:25:00",BRAEMAR5,145.243960
D,DISPATCH,UNIT_SCADA,1,"2022/10/20 19:25:00",BRAEMAR6,0
D,DISPATCH,UNIT_SCADA,1,"2022/10/20 19:25:00",BRAEMAR7,140.399810
D,DISPATCH,UNIT_SCADA,1,"2022/10/20 19:25:00",BROKENH1,0
D,DISPATCH,UNIT_SCADA,1,"2022/10/20 19:25:00",BRYB1WF1,103.4287
D,DISPATCH,UNIT_SCADA,1,"2022/10/20 19:25:00",BULBESG1,0
D,DISPATCH,UNIT_SCADA,1,"2022/10/20 19:25:00",BULBESL1,0.03
D,DISPATCH,UNIT_SCADA,1,"2022/10/20 19:25:00",BULGANA1,53.50
D,DISPATCH,UNIT_SCADA,1,"2022/10/20 19:25:00",BW01,657.907960
D,DISPATCH,UNIT_SCADA,1,"2022/10/20 19:25:00",BW02,639.621580
D,DISPATCH,UNIT_SCADA,1,"2022/10/20 19:25:00",BW03,614.132930
D,DISPATCH,UNIT_SCADA,1,"2022/10/20 19:25:00",BW04,0
D,DISPATCH,UNIT_SCADA,1,"2022/10/20 19:25:00",CALL_B_1,320
D,DISPATCH,UNIT_SCADA,1,"2022/10/20 19:25:00",CALL_B_2,320.800020
D,DISPATCH,UNIT_SCADA,1,"2022/10/20 19:25:00",CATHROCK,3.30
D,DISPATCH,UNIT_SCADA,1,"2022/10/20 19:25:00",CBWWBA1G,0
D,DISPATCH,UNIT_SCADA,1,"2022/10/20 19:25:00",CBWWBA1L,0
D,DISPATCH,UNIT_SCADA,1,"2022/10/20 19:25:00",CETHANA,97.106750
D,DISPATCH,UNIT_SCADA,1,"2022/10/20 19:25:00",CG1,0
D,DISPATCH,UNIT_SCADA,1,"2022/10/20 19:25:00",CG2,0
D,DISPATCH,UNIT_SCADA,1,"2022/10/20 19:25:00",CG3,0
D,DISPATCH,UNIT_SCADA,1,"2022/10/20 19:25:00",CG4,0
D,DISPATCH,UNIT_SCADA,1,"2022/10/20 19:25:00",CHILDSF1,0
D,DISPATCH,UNIT_SCADA,1,"2022/10/20 19:25:00",CHYTWF1,6.36
D,DISPATCH,UNIT_SCADA,1,"2022/10/20 19:25:00",CLARESF1,0
D,DISPATCH,UNIT_SCADA,1,"2022/10/20 19:25:00",CLEMGPWF,4.610240
D,DISPATCH,UNIT_SCADA,1,"2022/10/20 19:25:00",CLERMSF1,0
D,DISPATCH,UNIT_SCADA,1,"2022/10/20 19:25:00",CNUNDAWF,15.918570
D,DISPATCH,UNIT_SCADA,1,"2022/10/20 19:25:00",COHUNSF1,0
D,DISPATCH,UNIT_SCADA,1,"2022/10/20 19:25:00",COLEASF1,0
D,DISPATCH,UNIT_SCADA,1,"2022/10/20 19:25:00",COLUMSF1,0
D,DISPATCH,UNIT_SCADA,1,"2022/10/20 19:25:00",COLWF01,122.478070
D,DISPATCH,UNIT_SCADA,1,"2022/10/20 19:25:00",COOPGWF1,331.88
D,DISPATCH,UNIT_SCADA,1,"2022/10/20 19:25:00",CPP_3,370.700010
D,DISPATCH,UNIT_SCADA,1,"2022/10/20 19:25:00",CPP_4,0
D,DISPATCH,UNIT_SCADA,1,"2022/10/20 19:25:00",CPSA,0
D,DISPATCH,UNIT_SCADA,1,"2022/10/20 19:25:00",CROOKWF2,36.243840
D,DISPATCH,UNIT_SCADA,1,"2022/10/20 19:25:00",CROWLWF1,32.773120
D,DISPATCH,UNIT_SCADA,1,"2022/10/20 19:25:00",CRURWF1,79.198520
D,DISPATCH,UNIT_SCADA,1,"2022/10/20 19:25:00",CRWASF1,0
D,DISPATCH,UNIT_SCADA,1,"2022/10/20 19:25:00",CSPVPS1,0
D,DISPATCH,UNIT_SCADA,1,"2022/10/20 19:25:00",CTHLWF1,0.003050
D,DISPATCH,UNIT_SCADA,1,"2022/10/20 19:25:00",DALNTH01,0.0351
D,DISPATCH,UNIT_SCADA,1,"2022/10/20 19:25:00",DALNTHL1,0
D,DISPATCH,UNIT_SCADA,1,"2022/10/20 19:25:00",DARLSF1,0
D,DISPATCH,UNIT_SCADA,1,"2022/10/20 19:25:00",DARTM1,0
D,DISPATCH,UNIT_SCADA,1,"2022/10/20 19:25:00",DAYDSF1,0
D,DISPATCH,UNIT_SCADA,1,"2022/10/20 19:25:00",DDPS1,0
D,DISPATCH,UNIT_SCADA,1,"2022/10/20 19:25:00",DDSF1,0
D,DISPATCH,UNIT_SCADA,1,"2022/10/20 19:25:00",DEVILS_G,60.006710
D,DISPATCH,UNIT_SCADA,1,"2022/10/20 19:25:00",DG_NSW1,0
D,DISPATCH,UNIT_SCADA,1,"2022/10/20 19:25:00",DG_QLD1,0
D,DISPATCH,UNIT_SCADA,1,"2022/10/20 19:25:00",DG_SA1,0
D,DISPATCH,UNIT_SCADA,1,"2022/10/20 19:25:00",DG_TAS1,0
D,DISPATCH,UNIT_SCADA,1,"2022/10/20 19:25:00",DG_VIC1,0
D,DISPATCH,UNIT_SCADA,1,"2022/10/20 19:25:00",DRYCGT1,0
D,DISPATCH,UNIT_SCADA,1,"2022/10/20 19:25:00",DRYCGT2,0
D,DISPATCH,UNIT_SCADA,1,"2022/10/20 19:25:00",DRYCGT3,0
D,DISPATCH,UNIT_SCADA,1,"2022/10/20 19:25:00",DUNDWF1,79.53
D,DISPATCH,UNIT_SCADA,1,"2022/10/20 19:25:00",DUNDWF2,22.48
D,DISPATCH,UNIT_SCADA,1,"2022/10/20 19:25:00",DUNDWF3,88.41
D,DISPATCH,UNIT_SCADA,1,"2022/10/20 19:25:00",EILDON1,60.04
D,DISPATCH,UNIT_SCADA,1,"2022/10/20 19:25:00",EILDON2,60.12
D,DISPATCH,UNIT_SCADA,1,"2022/10/20 19:25:00",ELAINWF1,10.80
D,DISPATCH,UNIT_SCADA,1,"2022/10/20 19:25:00",EMERASF1,0
D,DISPATCH,UNIT_SCADA,1,"2022/10/20 19:25:00",ER01,0
D,DISPATCH,UNIT_SCADA,1,"2022/10/20 19:25:00",ER02,658.298650
D,DISPATCH,UNIT_SCADA,1,"2022/10/20 19:25:00",ER03,639.035640
D,DISPATCH,UNIT_SCADA,1,"2022/10/20 19:25:00",ER04,699.607850
D,DISPATCH,UNIT_SCADA,1,"2022/10/20 19:25:00",FINLYSF1,0
D,DISPATCH,UNIT_SCADA,1,"2022/10/20 19:25:00",FISHER,43.86
D,DISPATCH,UNIT_SCADA,1,"2022/10/20 19:25:00",GANGARR1,0
D,DISPATCH,UNIT_SCADA,1,"2022/10/20 19:25:00",GANNBG1,20.158720
D,DISPATCH,UNIT_SCADA,1,"2022/10/20 19:25:00",GANNBL1,0
D,DISPATCH,UNIT_SCADA,1,"2022/10/20 19:25:00",GANNSF1,0
D,DISPATCH,UNIT_SCADA,1,"2022/10/20 19:25:00",GLRWNSF1,0
D,DISPATCH,UNIT_SCADA,1,"2022/10/20 19:25:00",GNNDHSF1,0
D,DISPATCH,UNIT_SCADA,1,"2022/10/20 19:25:00",GOONSF1,0
D,DISPATCH,UNIT_SCADA,1,"2022/10/20 19:25:00",GORDON,270.918150
D,DISPATCH,UNIT_SCADA,1,"2022/10/20 19:25:00",GRANWF1,0
D,DISPATCH,UNIT_SCADA,1,"2022/10/20 19:25:00",GSTONE1,208.0750
D,DISPATCH,UNIT_SCADA,1,"2022/10/20 19:25:00",GSTONE2,0
D,DISPATCH,UNIT_SCADA,1,"2022/10/20 19:25:00",GSTONE3,200.20
D,DISPATCH,UNIT_SCADA,1,"2022/10/20 19:25:00",GSTONE4,0
D,DISPATCH,UNIT_SCADA,1,"2022/10/20 19:25:00",GSTONE5,207.55
D,DISPATCH,UNIT_SCADA,1,"2022/10/20 19:25:00",GSTONE6,208.0750
D,DISPATCH,UNIT_SCADA,1,"2022/10/20 19:25:00",GULLRSF1,0
D,DISPATCH,UNIT_SCADA,1,"2022/10/20 19:25:00",GULLRWF1,72.753890
D,DISPATCH,UNIT_SCADA,1,"2022/10/20 19:25:00",GULLRWF2,64.772480
D,DISPATCH,UNIT_SCADA,1,"2022/10/20 19:25:00",GUNNING1,0
D,DISPATCH,UNIT_SCADA,1,"2022/10/20 19:25:00",GUTHEGA,67.40
D,DISPATCH,UNIT_SCADA,1,"2022/10/20 19:25:00",HALLWF1,4.13
D,DISPATCH,UNIT_SCADA,1,"2022/10/20 19:25:00",HALLWF2,1.93
D,DISPATCH,UNIT_SCADA,1,"2022/10/20 19:25:00",HAMISF1,0
D,DISPATCH,UNIT_SCADA,1,"2022/10/20 19:25:00",HAUGHT11,0
D,DISPATCH,UNIT_SCADA,1,"2022/10/20 19:25:00",HAYMSF1,0
D,DISPATCH,UNIT_SCADA,1,"2022/10/20 19:25:00",HDWF1,13.20
D,DISPATCH,UNIT_SCADA,1,"2022/10/20 19:25:00",HDWF2,10.20
D,DISPATCH,UNIT_SCADA,1,"2022/10/20 19:25:00",HDWF3,13
D,DISPATCH,UNIT_SCADA,1,"2022/10/20 19:25:00",HILLSTN1,0
D,DISPATCH,UNIT_SCADA,1,"2022/10/20 19:25:00",HPRG1,1.30
D,DISPATCH,UNIT_SCADA,1,"2022/10/20 19:25:00",HPRL1,0
D,DISPATCH,UNIT_SCADA,1,"2022/10/20 19:25:00",HUMENSW,55.4873
D,DISPATCH,UNIT_SCADA,1,"2022/10/20 19:25:00",HUMEV,0
D,DISPATCH,UNIT_SCADA,1,"2022/10/20 19:25:00",HVWWBA1G,0
D,DISPATCH,UNIT_SCADA,1,"2022/10/20 19:25:00",HVWWBA1L,0.0050
D,DISPATCH,UNIT_SCADA,1,"2022/10/20 19:25:00",HVWWPV1,0
D,DISPATCH,UNIT_SCADA,1,"2022/10/20 19:25:00",JBUTTERS,9.730830
D,DISPATCH,UNIT_SCADA,1,"2022/10/20 19:25:00",JEMALNG1,0
D,DISPATCH,UNIT_SCADA,1,"2022/10/20 19:25:00",JLA01,0
D,DISPATCH,UNIT_SCADA,1,"2022/10/20 19:25:00",JLA02,0
D,DISPATCH,UNIT_SCADA,1,"2022/10/20 19:25:00",JLA03,0
D,DISPATCH,UNIT_SCADA,1,"2022/10/20 19:25:00",JLA04,0
D,DISPATCH,UNIT_SCADA,1,"2022/10/20 19:25:00",JLB01,0
D,DISPATCH,UNIT_SCADA,1,"2022/10/20 19:25:00",JLB02,0.10
D,DISPATCH,UNIT_SCADA,1,"2022/10/20 19:25:00",JLB03,0
D,DISPATCH,UNIT_SCADA,1,"2022/10/20 19:25:00",JUNEESF1,0
D,DISPATCH,UNIT_SCADA,1,"2022/10/20 19:25:00",KABANWF1,0.3090
D,DISPATCH,UNIT_SCADA,1,"2022/10/20 19:25:00",KAREEYA1,0
D,DISPATCH,UNIT_SCADA,1,"2022/10/20 19:25:00",KAREEYA2,0
D,DISPATCH,UNIT_SCADA,1,"2022/10/20 19:25:00",KAREEYA3,4.8725
D,DISPATCH,UNIT_SCADA,1,"2022/10/20 19:25:00",KAREEYA4,0
D,DISPATCH,UNIT_SCADA,1,"2022/10/20 19:25:00",KARSF1,0
D,DISPATCH,UNIT_SCADA,1,"2022/10/20 19:25:00",KEPSF1,0
D,DISPATCH,UNIT_SCADA,1,"2022/10/20 19:25:00",KEPWF1,11.17
D,DISPATCH,UNIT_SCADA,1,"2022/10/20 19:25:00",KIAMSF1,0
D,DISPATCH,UNIT_SCADA,1,"2022/10/20 19:25:00",KIATAWF1,1.30
D,DISPATCH,UNIT_SCADA,1,"2022/10/20 19:25:00",KPP_1,0
D,DISPATCH,UNIT_SCADA,1,"2022/10/20 19:25:00",KSP1,0
D,DISPATCH,UNIT_SCADA,1,"2022/10/20 19:25:00",LADBROK1,0.02
D,DISPATCH,UNIT_SCADA,1,"2022/10/20 19:25:00",LADBROK2,0.02
D,DISPATCH,UNIT_SCADA,1,"2022/10/20 19:25:00",LBBG1,0.60
D,DISPATCH,UNIT_SCADA,1,"2022/10/20 19:25:00",LBBL1,0
D,DISPATCH,UNIT_SCADA,1,"2022/10/20 19:25:00",LD01,378.600430
D,DISPATCH,UNIT_SCADA,1,"2022/10/20 19:25:00",LD02,38.123720
D,DISPATCH,UNIT_SCADA,1,"2022/10/20 19:25:00",LD04,312.753690
D,DISPATCH,UNIT_SCADA,1,"2022/10/20 19:25:00",LEM_WIL,86.814470
D,DISPATCH,UNIT_SCADA,1,"2022/10/20 19:25:00",LGAPWF1,97.55
D,DISPATCH,UNIT_SCADA,1,"2022/10/20 19:25:00",LGAPWF2,56.03
D,DISPATCH,UNIT_SCADA,1,"2022/10/20 19:25:00",LILYSF1,0
D,DISPATCH,UNIT_SCADA,1,"2022/10/20 19:25:00",LIMOSF11,0
D,DISPATCH,UNIT_SCADA,1,"2022/10/20 19:25:00",LIMOSF21,0
D,DISPATCH,UNIT_SCADA,1,"2022/10/20 19:25:00",LI_WY_CA,62.9639
D,DISPATCH,UNIT_SCADA,1,"2022/10/20 19:25:00",LKBONNY1,15.1826
D,DISPATCH,UNIT_SCADA,1,"2022/10/20 19:25:00",LKBONNY2,61.265570
D,DISPATCH,UNIT_SCADA,1,"2022/10/20 19:25:00",LKBONNY3,16.523330
D,DISPATCH,UNIT_SCADA,1,"2022/10/20 19:25:00",LK_ECHO,0
D,DISPATCH,UNIT_SCADA,1,"2022/10/20 19:25:00",LNGS1,0
D,DISPATCH,UNIT_SCADA,1,"2022/10/20 19:25:00",LNGS2,0
D,DISPATCH,UNIT_SCADA,1,"2022/10/20 19:25:00",LONSDALE,0
D,DISPATCH,UNIT_SCADA,1,"2022/10/20 19:25:00",LOYYB1,583.458250
D,DISPATCH,UNIT_SCADA,1,"2022/10/20 19:25:00",LOYYB2,577.067080
D,DISPATCH,UNIT_SCADA,1,"2022/10/20 19:25:00",LYA1,559
D,DISPATCH,UNIT_SCADA,1,"2022/10/20 19:25:00",LYA2,0
D,DISPATCH,UNIT_SCADA,1,"2022/10/20 19:25:00",LYA3,557
D,DISPATCH,UNIT_SCADA,1,"2022/10/20 19:25:00",LYA4,559
D,DISPATCH,UNIT_SCADA,1,"2022/10/20 19:25:00",MACARTH1,94.097820
D,DISPATCH,UNIT_SCADA,1,"2022/10/20 19:25:00",MACKNTSH,74.390010
D,DISPATCH,UNIT_SCADA,1,"2022/10/20 19:25:00",MANSLR1,0
D,DISPATCH,UNIT_SCADA,1,"2022/10/20 19:25:00",MAPS2PV1,0
D,DISPATCH,UNIT_SCADA,1,"2022/10/20 19:25:00",MAPS3PV1,0
D,DISPATCH,UNIT_SCADA,1,"2022/10/20 19:25:00",MARYRSF1,0
D,DISPATCH,UNIT_SCADA,1,"2022/10/20 19:25:00",MBPS2PV1,0
D,DISPATCH,UNIT_SCADA,1,"2022/10/20 19:25:00",MCKAY1,220.2350
D,DISPATCH,UNIT_SCADA,1,"2022/10/20 19:25:00",MEADOWBK,20.120320
D,DISPATCH,UNIT_SCADA,1,"2022/10/20 19:25:00",MERCER01,16.20
D,DISPATCH,UNIT_SCADA,1,"2022/10/20 19:25:00",METZSF1,0
D,DISPATCH,UNIT_SCADA,1,"2022/10/20 19:25:00",MEWF1,2.804740
D,DISPATCH,UNIT_SCADA,1,"2022/10/20 19:25:00",MIDDLSF1,0
D,DISPATCH,UNIT_SCADA,1,"2022/10/20 19:25:00",MINTARO,0.128180
D,DISPATCH,UNIT_SCADA,1,"2022/10/20 19:25:00",MOLNGSF1,0
D,DISPATCH,UNIT_SCADA,1,"2022/10/20 19:25:00",MOORAWF1,11.26
D,DISPATCH,UNIT_SCADA,1,"2022/10/20 19:25:00",MOREESF1,0
D,DISPATCH,UNIT_SCADA,1,"2022/10/20 19:25:00",MORTLK11,0
D,DISPATCH,UNIT_SCADA,1,"2022/10/20 19:25:00",MORTLK12,0
D,DISPATCH,UNIT_SCADA,1,"2022/10/20 19:25:00",MOUSF1,0
D,DISPATCH,UNIT_SCADA,1,"2022/10/20 19:25:00",MP1,0
D,DISPATCH,UNIT_SCADA,1,"2022/10/20 19:25:00",MP2,628.635070
D,DISPATCH,UNIT_SCADA,1,"2022/10/20 19:25:00",MPP_1,194.434010
D,DISPATCH,UNIT_SCADA,1,"2022/10/20 19:25:00",MPP_2,175.039430
D,DISPATCH,UNIT_SCADA,1,"2022/10/20 19:25:00",MRTLSWF1,0
D,DISPATCH,UNIT_SCADA,1,"2022/10/20 19:25:00",MSTUART1,0
D,DISPATCH,UNIT_SCADA,1,"2022/10/20 19:25:00",MSTUART2,0
D,DISPATCH,UNIT_SCADA,1,"2022/10/20 19:25:00",MSTUART3,0
D,DISPATCH,UNIT_SCADA,1,"2022/10/20 19:25:00",MTGELWF1,65.486620
D,DISPATCH,UNIT_SCADA,1,"2022/10/20 19:25:00",MTMILLAR,12.90
D,DISPATCH,UNIT_SCADA,1,"2022/10/20 19:25:00",MURRAY,358.600010
D,DISPATCH,UNIT_SCADA,1,"2022/10/20 19:25:00",MUSSELR1,0
D,DISPATCH,UNIT_SCADA,1,"2022/10/20 19:25:00",MUWAWF1,3.82
D,DISPATCH,UNIT_SCADA,1,"2022/10/20 19:25:00",MUWAWF2,15.60
D,DISPATCH,UNIT_SCADA,1,"2022/10/20 19:25:00",MWPS1PV1,0
D,DISPATCH,UNIT_SCADA,1,"2022/10/20 19:25:00",MWPS2PV1,0
D,DISPATCH,UNIT_SCADA,1,"2022/10/20 19:25:00",MWPS3PV1,0
D,DISPATCH,UNIT_SCADA,1,"2022/10/20 19:25:00",MWPS4PV1,0
D,DISPATCH,UNIT_SCADA,1,"2022/10/20 19:25:00",NBHWF1,7.40
D,DISPATCH,UNIT_SCADA,1,"2022/10/20 19:25:00",NEVERSF1,0
D,DISPATCH,UNIT_SCADA,1,"2022/10/20 19:25:00",NPS,0
D,DISPATCH,UNIT_SCADA,1,"2022/10/20 19:25:00",NUMURSF1,0
D,DISPATCH,UNIT_SCADA,1,"2022/10/20 19:25:00",NYNGAN1,0
D,DISPATCH,UNIT_SCADA,1,"2022/10/20 19:25:00",OAKEY1,125.951070
D,DISPATCH,UNIT_SCADA,1,"2022/10/20 19:25:00",OAKEY1SF,0
D,DISPATCH,UNIT_SCADA,1,"2022/10/20 19:25:00",OAKEY2,0
D,DISPATCH,UNIT_SCADA,1,"2022/10/20 19:25:00",OAKEY2SF,0
D,DISPATCH,UNIT_SCADA,1,"2022/10/20 19:25:00",OAKLAND1,23.70
D,DISPATCH,UNIT_SCADA,1,"2022/10/20 19:25:00",OSB-AG,177.44
D,DISPATCH,UNIT_SCADA,1,"2022/10/20 19:25:00",PAREPS1,0
D,DISPATCH,UNIT_SCADA,1,"2022/10/20 19:25:00",PAREPW1,155.53
D,DISPATCH,UNIT_SCADA,1,"2022/10/20 19:25:00",PARSF1,0.001530
D,DISPATCH,UNIT_SCADA,1,"2022/10/20 19:25:00",POAT110,3.14
D,DISPATCH,UNIT_SCADA,1,"2022/10/20 19:25:00",POAT220,0
D,DISPATCH,UNIT_SCADA,1,"2022/10/20 19:25:00",POR01,0.008670
D,DISPATCH,UNIT_SCADA,1,"2022/10/20 19:25:00",POR03,0
D,DISPATCH,UNIT_SCADA,1,"2022/10/20 19:25:00",PPCCGT,181.605380
D,DISPATCH,UNIT_SCADA,1,"2022/10/20 19:25:00",PTSTAN1,0
D,DISPATCH,UNIT_SCADA,1,"2022/10/20 19:25:00",PUMP1,0
D,DISPATCH,UNIT_SCADA,1,"2022/10/20 19:25:00",PUMP2,0
D,DISPATCH,UNIT_SCADA,1,"2022/10/20 19:25:00",QBYNBG1,0
D,DISPATCH,UNIT_SCADA,1,"2022/10/20 19:25:00",QBYNBL1,0.0035
D,DISPATCH,UNIT_SCADA,1,"2022/10/20 19:25:00",QPS1,0
D,DISPATCH,UNIT_SCADA,1,"2022/10/20 19:25:00",QPS2,0
D,DISPATCH,UNIT_SCADA,1,"2022/10/20 19:25:00",QPS3,0
D,DISPATCH,UNIT_SCADA,1,"2022/10/20 19:25:00",QPS4,0
D,DISPATCH,UNIT_SCADA,1,"2022/10/20 19:25:00",QPS5,119.95
D,DISPATCH,UNIT_SCADA,1,"2022/10/20 19:25:00",REECE1,99.637320
D,DISPATCH,UNIT_SCADA,1,"2022/10/20 19:25:00",REECE2,99.470010
D,DISPATCH,UNIT_SCADA,1,"2022/10/20 19:25:00",ROMA_7,0
D,DISPATCH,UNIT_SCADA,1,"2022/10/20 19:25:00",ROMA_8,0
D,DISPATCH,UNIT_SCADA,1,"2022/10/20 19:25:00",RRSF1,0
D,DISPATCH,UNIT_SCADA,1,"2022/10/20 19:25:00",RT_NSW1,0
D,DISPATCH,UNIT_SCADA,1,"2022/10/20 19:25:00",RT_NSW2,0
D,DISPATCH,UNIT_SCADA,1,"2022/10/20 19:25:00",RT_NSW3,0
D,DISPATCH,UNIT_SCADA,1,"2022/10/20 19:25:00",RT_NSW4,0
D,DISPATCH,UNIT_SCADA,1,"2022/10/20 19:25:00",RT_NSW5,0
D,DISPATCH,UNIT_SCADA,1,"2022/10/20 19:25:00",RT_NSW6,0
D,DISPATCH,UNIT_SCADA,1,"2022/10/20 19:25:00",RT_QLD1,0
D,DISPATCH,UNIT_SCADA,1,"2022/10/20 19:25:00",RT_SA1,0
D,DISPATCH,UNIT_SCADA,1,"2022/10/20 19:25:00",RT_SA2,0
D,DISPATCH,UNIT_SCADA,1,"2022/10/20 19:25:00",RT_SA3,0
D,DISPATCH,UNIT_SCADA,1,"2022/10/20 19:25:00",RT_SA4,0
D,DISPATCH,UNIT_SCADA,1,"2022/10/20 19:25:00",RT_SA5,0
D,DISPATCH,UNIT_SCADA,1,"2022/10/20 19:25:00",RT_SA6,0
D,DISPATCH,UNIT_SCADA,1,"2022/10/20 19:25:00",RT_TAS1,0
D,DISPATCH,UNIT_SCADA,1,"2022/10/20 19:25:00",RT_VIC1,0
D,DISPATCH,UNIT_SCADA,1,"2022/10/20 19:25:00",RT_VIC10,0
D,DISPATCH,UNIT_SCADA,1,"2022/10/20 19:25:00",RT_VIC11,0
D,DISPATCH,UNIT_SCADA,1,"2022/10/20 19:25:00",RT_VIC12,0
D,DISPATCH,UNIT_SCADA,1,"2022/10/20 19:25:00",RT_VIC2,0
D,DISPATCH,UNIT_SCADA,1,"2022/10/20 19:25:00",RT_VIC3,0
D,DISPATCH,UNIT_SCADA,1,"2022/10/20 19:25:00",RT_VIC4,0
D,DISPATCH,UNIT_SCADA,1,"2022/10/20 19:25:00",RT_VIC5,0
D,DISPATCH,UNIT_SCADA,1,"2022/10/20 19:25:00",RT_VIC6,0
D,DISPATCH,UNIT_SCADA,1,"2022/10/20 19:25:00",RT_VIC7,0
D,DISPATCH,UNIT_SCADA,1,"2022/10/20 19:25:00",RT_VIC8,0
D,DISPATCH,UNIT_SCADA,1,"2022/10/20 19:25:00",RT_VIC9,0
D,DISPATCH,UNIT_SCADA,1,"2022/10/20 19:25:00",RUGBYR1,0
D,DISPATCH,UNIT_SCADA,1,"2022/10/20 19:25:00",SALTCRK1,37.52
D,DISPATCH,UNIT_SCADA,1,"2022/10/20 19:25:00",SAPHWF1,236.946670
D,DISPATCH,UNIT_SCADA,1,"2022/10/20 19:25:00",SEBSF1,0
D,DISPATCH,UNIT_SCADA,1,"2022/10/20 19:25:00",SHGEN,80.748480
D,DISPATCH,UNIT_SCADA,1,"2022/10/20 19:25:00",SHPUMP,0
D,DISPATCH,UNIT_SCADA,1,"2022/10/20 19:25:00",SITHE01,0.123710
D,DISPATCH,UNIT_SCADA,1,"2022/10/20 19:25:00",SMCSF1,0
D,DISPATCH,UNIT_SCADA,1,"2022/10/20 19:25:00",SNAPPER1,0
D,DISPATCH,UNIT_SCADA,1,"2022/10/20 19:25:00",SNOWNTH1,34.90
D,DISPATCH,UNIT_SCADA,1,"2022/10/20 19:25:00",SNOWSTH1,16.70
D,DISPATCH,UNIT_SCADA,1,"2022/10/20 19:25:00",SNOWTWN1,34.423760
D,DISPATCH,UNIT_SCADA,1,"2022/10/20 19:25:00",SNOWYP,0
D,DISPATCH,UNIT_SCADA,1,"2022/10/20 19:25:00",SNUG1,0
D,DISPATCH,UNIT_SCADA,1,"2022/10/20 19:25:00",SRSF1,0
D,DISPATCH,UNIT_SCADA,1,"2022/10/20 19:25:00",STAN-1,279.146060
D,DISPATCH,UNIT_SCADA,1,"2022/10/20 19:25:00",STAN-2,364.525420
D,DISPATCH,UNIT_SCADA,1,"2022/10/20 19:25:00",STAN-3,364.961210
D,DISPATCH,UNIT_SCADA,1,"2022/10/20 19:25:00",STAN-4,365.140660
D,DISPATCH,UNIT_SCADA,1,"2022/10/20 19:25:00",STARHLWF,9.697170
D,DISPATCH,UNIT_SCADA,1,"2022/10/20 19:25:00",STOCKYD1,152.570010
D,DISPATCH,UNIT_SCADA,1,"2022/10/20 19:25:00",STWF1,116.769970
D,DISPATCH,UNIT_SCADA,1,"2022/10/20 19:25:00",SUNRSF1,0
D,DISPATCH,UNIT_SCADA,1,"2022/10/20 19:25:00",SUNTPSF1,0
D,DISPATCH,UNIT_SCADA,1,"2022/10/20 19:25:00",SWAN_E,344.538150
D,DISPATCH,UNIT_SCADA,1,"2022/10/20 19:25:00",TALWA1,0
D,DISPATCH,UNIT_SCADA,1,"2022/10/20 19:25:00",TARALGA1,0
D,DISPATCH,UNIT_SCADA,1,"2022/10/20 19:25:00",TARONG#1,350.50
D,DISPATCH,UNIT_SCADA,1,"2022/10/20 19:25:00",TARONG#2,350.700010
D,DISPATCH,UNIT_SCADA,1,"2022/10/20 19:25:00",TARONG#3,0.90
D,DISPATCH,UNIT_SCADA,1,"2022/10/20 19:25:00",TARONG#4,295
D,DISPATCH,UNIT_SCADA,1,"2022/10/20 19:25:00",TARRALEA,54
D,DISPATCH,UNIT_SCADA,1,"2022/10/20 19:25:00",TBSF1,0
D,DISPATCH,UNIT_SCADA,1,"2022/10/20 19:25:00",TNPS1,419.8750
D,DISPATCH,UNIT_SCADA,1,"2022/10/20 19:25:00",TORRB1,0
D,DISPATCH,UNIT_SCADA,1,"2022/10/20 19:25:00",TORRB2,60
D,DISPATCH,UNIT_SCADA,1,"2022/10/20 19:25:00",TORRB3,0
D,DISPATCH,UNIT_SCADA,1,"2022/10/20 19:25:00",TORRB4,0
D,DISPATCH,UNIT_SCADA,1,"2022/10/20 19:25:00",TREVALLN,98.216350
D,DISPATCH,UNIT_SCADA,1,"2022/10/20 19:25:00",TRIBUTE,0
D,DISPATCH,UNIT_SCADA,1,"2022/10/20 19:25:00",TUMUT3,427.28
D,DISPATCH,UNIT_SCADA,1,"2022/10/20 19:25:00",TUNGATIN,5.720020
D,DISPATCH,UNIT_SCADA,1,"2022/10/20 19:25:00",TVCC201,0
D,DISPATCH,UNIT_SCADA,1,"2022/10/20 19:25:00",TVPP104,57.963310
D,DISPATCH,UNIT_SCADA,1,"2022/10/20 19:25:00",UPPTUMUT,120.085140
D,DISPATCH,UNIT_SCADA,1,"2022/10/20 19:25:00",URANQ11,0
D,DISPATCH,UNIT_SCADA,1,"2022/10/20 19:25:00",URANQ12,0
D,DISPATCH,UNIT_SCADA,1,"2022/10/20 19:25:00",URANQ13,0
D,DISPATCH,UNIT_SCADA,1,"2022/10/20 19:25:00",URANQ14,110.045010
D,DISPATCH,UNIT_SCADA,1,"2022/10/20 19:25:00",VBBG1,4.20
D,DISPATCH,UNIT_SCADA,1,"2022/10/20 19:25:00",VBBL1,0
D,DISPATCH,UNIT_SCADA,1,"2022/10/20 19:25:00",VP5,564.128540
D,DISPATCH,UNIT_SCADA,1,"2022/10/20 19:25:00",VP6,602.215640
D,DISPATCH,UNIT_SCADA,1,"2022/10/20 19:25:00",VPGS1,0
D,DISPATCH,UNIT_SCADA,1,"2022/10/20 19:25:00",VPGS2,0
D,DISPATCH,UNIT_SCADA,1,"2022/10/20 19:25:00",VPGS3,0
D,DISPATCH,UNIT_SCADA,1,"2022/10/20 19:25:00",VPGS4,0
D,DISPATCH,UNIT_SCADA,1,"2022/10/20 19:25:00",VPGS5,0
D,DISPATCH,UNIT_SCADA,1,"2022/10/20 19:25:00",VPGS6,0
D,DISPATCH,UNIT_SCADA,1,"2022/10/20 19:25:00",W/HOE#1,162.679990
D,DISPATCH,UNIT_SCADA,1,"2022/10/20 19:25:00",W/HOE#2,0
D,DISPATCH,UNIT_SCADA,1,"2022/10/20 19:25:00",WAGGNSF1,0
D,DISPATCH,UNIT_SCADA,1,"2022/10/20 19:25:00",WALGRVG1,1.8979
D,DISPATCH,UNIT_SCADA,1,"2022/10/20 19:25:00",WALGRVL1,0
D,DISPATCH,UNIT_SCADA,1,"2022/10/20 19:25:00",WANDBG1,-0.0610
D,DISPATCH,UNIT_SCADA,1,"2022/10/20 19:25:00",WANDBL1,0
D,DISPATCH,UNIT_SCADA,1,"2022/10/20 19:25:00",WARWSF1,0
D,DISPATCH,UNIT_SCADA,1,"2022/10/20 19:25:00",WARWSF2,0
D,DISPATCH,UNIT_SCADA,1,"2022/10/20 19:25:00",WATERLWF,6.80
D,DISPATCH,UNIT_SCADA,1,"2022/10/20 19:25:00",WDGPH1,0
D,DISPATCH,UNIT_SCADA,1,"2022/10/20 19:25:00",WELLSF1,0
D,DISPATCH,UNIT_SCADA,1,"2022/10/20 19:25:00",WEMENSF1,0
D,DISPATCH,UNIT_SCADA,1,"2022/10/20 19:25:00",WGWF1,8.60
D,DISPATCH,UNIT_SCADA,1,"2022/10/20 19:25:00",WHITSF1,0
D,DISPATCH,UNIT_SCADA,1,"2022/10/20 19:25:00",WINTSF1,0
D,DISPATCH,UNIT_SCADA,1,"2022/10/20 19:25:00",WKIEWA1,33.90
D,DISPATCH,UNIT_SCADA,1,"2022/10/20 19:25:00",WKIEWA2,34
D,DISPATCH,UNIT_SCADA,1,"2022/10/20 19:25:00",WOODLWN1,35.741270
D,DISPATCH,UNIT_SCADA,1,"2022/10/20 19:25:00",WOOLGSF1,0
D,DISPATCH,UNIT_SCADA,1,"2022/10/20 19:25:00",WPWF,31.48
D,DISPATCH,UNIT_SCADA,1,"2022/10/20 19:25:00",WRSF1,0
D,DISPATCH,UNIT_SCADA,1,"2022/10/20 19:25:00",WRWF1,86.145720
D,DISPATCH,UNIT_SCADA,1,"2022/10/20 19:25:00",WSTWYSF1,0
D,DISPATCH,UNIT_SCADA,1,"2022/10/20 19:25:00",YABULU,153.450010
D,DISPATCH,UNIT_SCADA,1,"2022/10/20 19:25:00",YABULU2,0
D,DISPATCH,UNIT_SCADA,1,"2022/10/20 19:25:00",YARANSF1,0
D,DISPATCH,UNIT_SCADA,1,"2022/10/20 19:25:00",YARWUN_1,163.89
D,DISPATCH,UNIT_SCADA,1,"2022/10/20 19:25:00",YATSF1,0
D,DISPATCH,UNIT_SCADA,1,"2022/10/20 19:25:00",YENDWF1,14.32
D,DISPATCH,UNIT_SCADA,1,"2022/10/20 19:25:00",YWPS1,356.6405
D,DISPATCH,UNIT_SCADA,1,"2022/10/20 19:25:00",YWPS2,339.096190
D,DISPATCH,UNIT_SCADA,1,"2022/10/20 19:25:00",YWPS3,359.388610
D,DISPATCH,UNIT_SCADA,1,"2022/10/20 19:25:00",YWPS4,0
C,"END OF REPORT",419
