C,NEMP.WORLD,DISPATCHSCADA,AEMO,PUBLIC,2022/10/20,11:50:10,0000000373251951,DISPATCHSCADA,0000000373251945
I,DISPATCH,UNIT_SCADA,1,SETTLEMENTDATE,DUID,SCADAVALUE
D,DISPATCH,UNIT_SCADA,1,"2022/10/20 11:55:00",BARCSF1,7.70
D,DISPATCH,UNIT_SCADA,1,"2022/10/20 11:55:00",BUTLERSG,8.699999
D,DISPATCH,UNIT_SCADA,1,"2022/10/20 11:55:00",CAPTL_WF,38.535744
D,DISPATCH,UNIT_SCADA,1,"2022/10/20 11:55:00",CHALLHWF,3.40
D,DISPATCH,UNIT_SCADA,1,"2022/10/20 11:55:00",CLOVER,10.68
D,DISPATCH,UNIT_SCADA,1,"2022/10/20 11:55:00",CLUNY,5.181506
D,DISPATCH,UNIT_SCADA,1,"2022/10/20 11:55:00",CULLRGWF,-0.05
D,DISPATCH,UNIT_SCADA,1,"2022/10/20 11:55:00",DIAPURWF1,2.30
D,DISPATCH,UNIT_SCADA,1,"2022/10/20 11:55:00",ERGT01,0
D,DISPATCH,UNIT_SCADA,1,"2022/10/20 11:55:00",GB01,0
D,DISPATCH,UNIT_SCADA,1,"2022/10/20 11:55:00",GERMCRK,18.299999
D,DISPATCH,UNIT_SCADA,1,"2022/10/20 11:55:00",GRIFSF1,8.799878
D,DISPATCH,UNIT_SCADA,1,"2022/10/20 11:55:00",HEZ1,0
D,DISPATCH,UNIT_SCADA,1,"2022/10/20 11:55:00",HUGSF1,14.2630
D,DISPATCH,UNIT_SCADA,1,"2022/10/20 11:55:00",KEPBG1,0.01
D,DISPATCH,UNIT_SCADA,1,"2022/10/20 11:55:00",LRSF1,12.8640
D,DISPATCH,UNIT_SCADA,1,"2022/10/20 11:55:00",MBAHNTH,48.337494
D,DISPATCH,UNIT_SCADA,1,"2022/10/20 11:55:00",MLSP1,4.000001
D,DISPATCH,UNIT_SCADA,1,"2022/10/20 11:55:00",MLWF1,4.7250
D,DISPATCH,UNIT_SCADA,1,"2022/10/20 11:55:00",PALOONA,30.369999
D,DISPATCH,UNIT_SCADA,1,"2022/10/20 11:55:00",PIONEER,43.50
D,DISPATCH,UNIT_SCADA,1,"2022/10/20 11:55:00",PORTWF,90.199997
D,DISPATCH,UNIT_SCADA,1,"2022/10/20 11:55:00",REPULSE,9.461204
D,DISPATCH,UNIT_SCADA,1,"2022/10/20 11:55:00",ROWALLAN,8.7685
D,DISPATCH,UNIT_SCADA,1,"2022/10/20 11:55:00",ROYALLA1,4.331003
D,DISPATCH,UNIT_SCADA,1,"2022/10/20 11:55:00",RPCG,-1.80
D,DISPATCH,UNIT_SCADA,1,"2022/10/20 11:55:00",RUBICON,0
D,DISPATCH,UNIT_SCADA,1,"2022/10/20 11:55:00",WAUBRAWF,10.4320
D,DISPATCH,UNIT_SCADA,1,"2022/10/20 11:55:00",WOOLNTH1,13.009999
D,DISPATCH,UNIT_SCADA,1,"2022/10/20 11:55:00",YAMBUKWF,6.80
D,DISPATCH,UNIT_SCADA,1,"2022/10/20 11:55:00",YSWF1,1.40
D,DISPATCH,UNIT_SCADA,1,"2022/10/20 11:55:00",ADPBA1G,0.0080
D,DISPATCH,UNIT_SCADA,1,"2022/10/20 11:55:00",ADPBA1L,0
D,DISPATCH,UNIT_SCADA,1,"2022/10/20 11:55:00",ADPPV1,0.0420
D,DISPATCH,UNIT_SCADA,1,"2022/10/20 11:55:00",AGLHAL,0
D,DISPATCH,UNIT_SCADA,1,"2022/10/20 11:55:00",AGLSOM,0
D,DISPATCH,UNIT_SCADA,1,"2022/10/20 11:55:00",ANGAST1,0
D,DISPATCH,UNIT_SCADA,1,"2022/10/20 11:55:00",ARWF1,12.40
D,DISPATCH,UNIT_SCADA,1,"2022/10/20 11:55:00",BALBG1,0
D,DISPATCH,UNIT_SCADA,1,"2022/10/20 11:55:00",BALBL1,0
D,DISPATCH,UNIT_SCADA,1,"2022/10/20 11:55:00",BALDHWF1,21.0160
D,DISPATCH,UNIT_SCADA,1,"2022/10/20 11:55:00",BANGOWF1,41.399560
D,DISPATCH,UNIT_SCADA,1,"2022/10/20 11:55:00",BANGOWF2,44.499350
D,DISPATCH,UNIT_SCADA,1,"2022/10/20 11:55:00",BANN1,0.66
D,DISPATCH,UNIT_SCADA,1,"2022/10/20 11:55:00",BARCALDN,0
D,DISPATCH,UNIT_SCADA,1,"2022/10/20 11:55:00",BARKIPS1,0
D,DISPATCH,UNIT_SCADA,1,"2022/10/20 11:55:00",BARRON-1,0
D,DISPATCH,UNIT_SCADA,1,"2022/10/20 11:55:00",BARRON-2,0
D,DISPATCH,UNIT_SCADA,1,"2022/10/20 11:55:00",BASTYAN,54.490010
D,DISPATCH,UNIT_SCADA,1,"2022/10/20 11:55:00",BBTHREE1,0
D,DISPATCH,UNIT_SCADA,1,"2022/10/20 11:55:00",BBTHREE2,23.76
D,DISPATCH,UNIT_SCADA,1,"2022/10/20 11:55:00",BBTHREE3,-1.06
D,DISPATCH,UNIT_SCADA,1,"2022/10/20 11:55:00",BDL01,0
D,DISPATCH,UNIT_SCADA,1,"2022/10/20 11:55:00",BDL02,0
D,DISPATCH,UNIT_SCADA,1,"2022/10/20 11:55:00",BERYLSF1,30.4417
D,DISPATCH,UNIT_SCADA,1,"2022/10/20 11:55:00",BLOWERNG,62.50
D,DISPATCH,UNIT_SCADA,1,"2022/10/20 11:55:00",BLUEGSF1,74.977280
D,DISPATCH,UNIT_SCADA,1,"2022/10/20 11:55:00",BLUFF1,9.70
D,DISPATCH,UNIT_SCADA,1,"2022/10/20 11:55:00",BNGSF1,108.47
D,DISPATCH,UNIT_SCADA,1,"2022/10/20 11:55:00",BNGSF2,82.81
D,DISPATCH,UNIT_SCADA,1,"2022/10/20 11:55:00",BOCORWF1,13.24
D,DISPATCH,UNIT_SCADA,1,"2022/10/20 11:55:00",BODWF1,100.502370
D,DISPATCH,UNIT_SCADA,1,"2022/10/20 11:55:00",BOMENSF1,23.652090
D,DISPATCH,UNIT_SCADA,1,"2022/10/20 11:55:00",BOWWBA1G,0
D,DISPATCH,UNIT_SCADA,1,"2022/10/20 11:55:00",BOWWBA1L,0
D,DISPATCH,UNIT_SCADA,1,"2022/10/20 11:55:00",BOWWPV1,0.0010
D,DISPATCH,UNIT_SCADA,1,"2022/10/20 11:55:00",BRAEMAR1,0
D,DISPATCH,UNIT_SCADA,1,"2022/10/20 11:55:00",BRAEMAR2,0
D,DISPATCH,UNIT_SCADA,1,"2022/10/20 11:55:00",BRAEMAR3,0
D,DISPATCH,UNIT_SCADA,1,"2022/10/20 11:55:00",BRAEMAR5,0.292060
D,DISPATCH,UNIT_SCADA,1,"2022/10/20 11:55:00",BRAEMAR6,0
D,DISPATCH,UNIT_SCADA,1,"2022/10/20 11:55:00",BRAEMAR7,0.130920
D,DISPATCH,UNIT_SCADA,1,"2022/10/20 11:55:00",BROKENH1,24.099630
D,DISPATCH,UNIT_SCADA,1,"2022/10/20 11:55:00",BRYB1WF1,107.389950
D,DISPATCH,UNIT_SCADA,1,"2022/10/20 11:55:00",BULBESG1,0
D,DISPATCH,UNIT_SCADA,1,"2022/10/20 11:55:00",BULBESL1,1.90
D,DISPATCH,UNIT_SCADA,1,"2022/10/20 11:55:00",BULGANA1,0.06
D,DISPATCH,UNIT_SCADA,1,"2022/10/20 11:55:00",BW01,660.520320
D,DISPATCH,UNIT_SCADA,1,"2022/10/20 11:55:00",BW02,620.358580
D,DISPATCH,UNIT_SCADA,1,"2022/10/20 11:55:00",BW03,451.825740
D,DISPATCH,UNIT_SCADA,1,"2022/10/20 11:55:00",BW04,0
D,DISPATCH,UNIT_SCADA,1,"2022/10/20 11:55:00",CALL_B_1,319.700010
D,DISPATCH,UNIT_SCADA,1,"2022/10/20 11:55:00",CALL_B_2,319.800020
D,DISPATCH,UNIT_SCADA,1,"2022/10/20 11:55:00",CATHROCK,0
D,DISPATCH,UNIT_SCADA,1,"2022/10/20 11:55:00",CBWWBA1G,0
D,DISPATCH,UNIT_SCADA,1,"2022/10/20 11:55:00",CBWWBA1L,0
D,DISPATCH,UNIT_SCADA,1,"2022/10/20 11:55:00",CETHANA,8.8510
D,DISPATCH,UNIT_SCADA,1,"2022/10/20 11:55:00",CG1,0
D,DISPATCH,UNIT_SCADA,1,"2022/10/20 11:55:00",CG2,0
D,DISPATCH,UNIT_SCADA,1,"2022/10/20 11:55:00",CG3,0
D,DISPATCH,UNIT_SCADA,1,"2022/10/20 11:55:00",CG4,0
D,DISPATCH,UNIT_SCADA,1,"2022/10/20 11:55:00",CHILDSF1,12.53
D,DISPATCH,UNIT_SCADA,1,"2022/10/20 11:55:00",CHYTWF1,3.64
D,DISPATCH,UNIT_SCADA,1,"2022/10/20 11:55:00",CLARESF1,35.676160
D,DISPATCH,UNIT_SCADA,1,"2022/10/20 11:55:00",CLEMGPWF,9.292510
D,DISPATCH,UNIT_SCADA,1,"2022/10/20 11:55:00",CLERMSF1,42.80
D,DISPATCH,UNIT_SCADA,1,"2022/10/20 11:55:00",CNUNDAWF,0
D,DISPATCH,UNIT_SCADA,1,"2022/10/20 11:55:00",COHUNSF1,7.68
D,DISPATCH,UNIT_SCADA,1,"2022/10/20 11:55:00",COLEASF1,36.4992
D,DISPATCH,UNIT_SCADA,1,"2022/10/20 11:55:00",COLUMSF1,24.6680
D,DISPATCH,UNIT_SCADA,1,"2022/10/20 11:55:00",COLWF01,110.508890
D,DISPATCH,UNIT_SCADA,1,"2022/10/20 11:55:00",COOPGWF1,117.21
D,DISPATCH,UNIT_SCADA,1,"2022/10/20 11:55:00",CPP_3,280.774990
D,DISPATCH,UNIT_SCADA,1,"2022/10/20 11:55:00",CPP_4,0
D,DISPATCH,UNIT_SCADA,1,"2022/10/20 11:55:00",CPSA,0
D,DISPATCH,UNIT_SCADA,1,"2022/10/20 11:55:00",CROOKWF2,43.514460
D,DISPATCH,UNIT_SCADA,1,"2022/10/20 11:55:00",CROWLWF1,0
D,DISPATCH,UNIT_SCADA,1,"2022/10/20 11:55:00",CRURWF1,75.499120
D,DISPATCH,UNIT_SCADA,1,"2022/10/20 11:55:00",CRWASF1,19.742720
D,DISPATCH,UNIT_SCADA,1,"2022/10/20 11:55:00",CSPVPS1,0.2570
D,DISPATCH,UNIT_SCADA,1,"2022/10/20 11:55:00",CTHLWF1,0.003050
D,DISPATCH,UNIT_SCADA,1,"2022/10/20 11:55:00",DALNTH01,0
D,DISPATCH,UNIT_SCADA,1,"2022/10/20 11:55:00",DALNTHL1,0.093080
D,DISPATCH,UNIT_SCADA,1,"2022/10/20 11:55:00",DARLSF1,65.209430
D,DISPATCH,UNIT_SCADA,1,"2022/10/20 11:55:00",DARTM1,0
D,DISPATCH,UNIT_SCADA,1,"2022/10/20 11:55:00",DAYDSF1,0
D,DISPATCH,UNIT_SCADA,1,"2022/10/20 11:55:00",DDPS1,0
D,DISPATCH,UNIT_SCADA,1,"2022/10/20 11:55:00",DDSF1,47.900670
D,DISPATCH,UNIT_SCADA,1,"2022/10/20 11:55:00",DEVILS_G,50.086980
D,DISPATCH,UNIT_SCADA,1,"2022/10/20 11:55:00",DG_NSW1,0
D,DISPATCH,UNIT_SCADA,1,"2022/10/20 11:55:00",DG_QLD1,0
D,DISPATCH,UNIT_SCADA,1,"2022/10/20 11:55:00",DG_SA1,0
D,DISPATCH,UNIT_SCADA,1,"2022/10/20 11:55:00",DG_TAS1,0
D,DISPATCH,UNIT_SCADA,1,"2022/10/20 11:55:00",DG_VIC1,0
D,DISPATCH,UNIT_SCADA,1,"2022/10/20 11:55:00",DRYCGT1,0
D,DISPATCH,UNIT_SCADA,1,"2022/10/20 11:55:00",DRYCGT2,0
D,DISPATCH,UNIT_SCADA,1,"2022/10/20 11:55:00",DRYCGT3,0
D,DISPATCH,UNIT_SCADA,1,"2022/10/20 11:55:00",DUNDWF1,49.86
D,DISPATCH,UNIT_SCADA,1,"2022/10/20 11:55:00",DUNDWF2,12.38
D,DISPATCH,UNIT_SCADA,1,"2022/10/20 11:55:00",DUNDWF3,46.77
D,DISPATCH,UNIT_SCADA,1,"2022/10/20 11:55:00",EILDON1,59.92
D,DISPATCH,UNIT_SCADA,1,"2022/10/20 11:55:00",EILDON2,60.24
D,DISPATCH,UNIT_SCADA,1,"2022/10/20 11:55:00",ELAINWF1,28.67
D,DISPATCH,UNIT_SCADA,1,"2022/10/20 11:55:00",EMERASF1,0
D,DISPATCH,UNIT_SCADA,1,"2022/10/20 11:55:00",ER01,0
D,DISPATCH,UNIT_SCADA,1,"2022/10/20 11:55:00",ER02,313.200590
D,DISPATCH,UNIT_SCADA,1,"2022/10/20 11:55:00",ER03,423.602660
D,DISPATCH,UNIT_SCADA,1,"2022/10/20 11:55:00",ER04,423.089970
D,DISPATCH,UNIT_SCADA,1,"2022/10/20 11:55:00",FINLYSF1,107.591360
D,DISPATCH,UNIT_SCADA,1,"2022/10/20 11:55:00",FISHER,43.91
D,DISPATCH,UNIT_SCADA,1,"2022/10/20 11:55:00",GANGARR1,47.5120
D,DISPATCH,UNIT_SCADA,1,"2022/10/20 11:55:00",GANNBG1,0
D,DISPATCH,UNIT_SCADA,1,"2022/10/20 11:55:00",GANNBL1,2.725540
D,DISPATCH,UNIT_SCADA,1,"2022/10/20 11:55:00",GANNSF1,19.10
D,DISPATCH,UNIT_SCADA,1,"2022/10/20 11:55:00",GLRWNSF1,110.03
D,DISPATCH,UNIT_SCADA,1,"2022/10/20 11:55:00",GNNDHSF1,58.3637
D,DISPATCH,UNIT_SCADA,1,"2022/10/20 11:55:00",GOONSF1,23.180280
D,DISPATCH,UNIT_SCADA,1,"2022/10/20 11:55:00",GORDON,197.442020
D,DISPATCH,UNIT_SCADA,1,"2022/10/20 11:55:00",GRANWF1,0
D,DISPATCH,UNIT_SCADA,1,"2022/10/20 11:55:00",GSTONE1,202.1250
D,DISPATCH,UNIT_SCADA,1,"2022/10/20 11:55:00",GSTONE2,0
D,DISPATCH,UNIT_SCADA,1,"2022/10/20 11:55:00",GSTONE3,199.849990
D,DISPATCH,UNIT_SCADA,1,"2022/10/20 11:55:00",GSTONE4,0
D,DISPATCH,UNIT_SCADA,1,"2022/10/20 11:55:00",GSTONE5,202.649990
D,DISPATCH,UNIT_SCADA,1,"2022/10/20 11:55:00",GSTONE6,202.30
D,DISPATCH,UNIT_SCADA,1,"2022/10/20 11:55:00",GULLRSF1,1.804970
D,DISPATCH,UNIT_SCADA,1,"2022/10/20 11:55:00",GULLRWF1,55.604150
D,DISPATCH,UNIT_SCADA,1,"2022/10/20 11:55:00",GULLRWF2,83.092090
D,DISPATCH,UNIT_SCADA,1,"2022/10/20 11:55:00",GUNNING1,0
D,DISPATCH,UNIT_SCADA,1,"2022/10/20 11:55:00",GUTHEGA,68.100010
D,DISPATCH,UNIT_SCADA,1,"2022/10/20 11:55:00",HALLWF1,9.70
D,DISPATCH,UNIT_SCADA,1,"2022/10/20 11:55:00",HALLWF2,28.50
D,DISPATCH,UNIT_SCADA,1,"2022/10/20 11:55:00",HAMISF1,0
D,DISPATCH,UNIT_SCADA,1,"2022/10/20 11:55:00",HAUGHT11,19.406850
D,DISPATCH,UNIT_SCADA,1,"2022/10/20 11:55:00",HAYMSF1,0
D,DISPATCH,UNIT_SCADA,1,"2022/10/20 11:55:00",HDWF1,70
D,DISPATCH,UNIT_SCADA,1,"2022/10/20 11:55:00",HDWF2,73.80
D,DISPATCH,UNIT_SCADA,1,"2022/10/20 11:55:00",HDWF3,93.50
D,DISPATCH,UNIT_SCADA,1,"2022/10/20 11:55:00",HILLSTN1,38.531070
D,DISPATCH,UNIT_SCADA,1,"2022/10/20 11:55:00",HPRG1,5
D,DISPATCH,UNIT_SCADA,1,"2022/10/20 11:55:00",HPRL1,0
D,DISPATCH,UNIT_SCADA,1,"2022/10/20 11:55:00",HUMENSW,54.287570
D,DISPATCH,UNIT_SCADA,1,"2022/10/20 11:55:00",HUMEV,0
D,DISPATCH,UNIT_SCADA,1,"2022/10/20 11:55:00",HVWWBA1G,0
D,DISPATCH,UNIT_SCADA,1,"2022/10/20 11:55:00",HVWWBA1L,0.0070
D,DISPATCH,UNIT_SCADA,1,"2022/10/20 11:55:00",HVWWPV1,0.1090
D,DISPATCH,UNIT_SCADA,1,"2022/10/20 11:55:00",JBUTTERS,0
D,DISPATCH,UNIT_SCADA,1,"2022/10/20 11:55:00",JEMALNG1,4.24
D,DISPATCH,UNIT_SCADA,1,"2022/10/20 11:55:00",JLA01,0
D,DISPATCH,UNIT_SCADA,1,"2022/10/20 11:55:00",JLA02,0
D,DISPATCH,UNIT_SCADA,1,"2022/10/20 11:55:00",JLA03,0
D,DISPATCH,UNIT_SCADA,1,"2022/10/20 11:55:00",JLA04,0
D,DISPATCH,UNIT_SCADA,1,"2022/10/20 11:55:00",JLB01,0
D,DISPATCH,UNIT_SCADA,1,"2022/10/20 11:55:00",JLB02,0.10
D,DISPATCH,UNIT_SCADA,1,"2022/10/20 11:55:00",JLB03,0
D,DISPATCH,UNIT_SCADA,1,"2022/10/20 11:55:00",JUNEESF1,11.731970
D,DISPATCH,UNIT_SCADA,1,"2022/10/20 11:55:00",KABANWF1,0
D,DISPATCH,UNIT_SCADA,1,"2022/10/20 11:55:00",KAREEYA1,0
D,DISPATCH,UNIT_SCADA,1,"2022/10/20 11:55:00",KAREEYA2,0
D,DISPATCH,UNIT_SCADA,1,"2022/10/20 11:55:00",KAREEYA3,4.8950
D,DISPATCH,UNIT_SCADA,1,"2022/10/20 11:55:00",KAREEYA4,0
D,DISPATCH,UNIT_SCADA,1,"2022/10/20 11:55:00",KARSF1,0.50
D,DISPATCH,UNIT_SCADA,1,"2022/10/20 11:55:00",KEPSF1,10.15
D,DISPATCH,UNIT_SCADA,1,"2022/10/20 11:55:00",KEPWF1,9.30
D,DISPATCH,UNIT_SCADA,1,"2022/10/20 11:55:00",KIAMSF1,20.099950
D,DISPATCH,UNIT_SCADA,1,"2022/10/20 11:55:00",KIATAWF1,5.70
D,DISPATCH,UNIT_SCADA,1,"2022/10/20 11:55:00",KPP_1,0
D,DISPATCH,UNIT_SCADA,1,"2022/10/20 11:55:00",KSP1,41.72
D,DISPATCH,UNIT_SCADA,1,"2022/10/20 11:55:00",LADBROK1,0.01
D,DISPATCH,UNIT_SCADA,1,"2022/10/20 11:55:00",LADBROK2,0.02
D,DISPATCH,UNIT_SCADA,1,"2022/10/20 11:55:00",LBBG1,6.90
D,DISPATCH,UNIT_SCADA,1,"2022/10/20 11:55:00",LBBL1,0
D,DISPATCH,UNIT_SCADA,1,"2022/10/20 11:55:00",LD01,277.211820
D,DISPATCH,UNIT_SCADA,1,"2022/10/20 11:55:00",LD02,0
D,DISPATCH,UNIT_SCADA,1,"2022/10/20 11:55:00",LD04,281.441680
D,DISPATCH,UNIT_SCADA,1,"2022/10/20 11:55:00",LEM_WIL,22.409420
D,DISPATCH,UNIT_SCADA,1,"2022/10/20 11:55:00",LGAPWF1,60.16
D,DISPATCH,UNIT_SCADA,1,"2022/10/20 11:55:00",LGAPWF2,15
D,DISPATCH,UNIT_SCADA,1,"2022/10/20 11:55:00",LILYSF1,50.331640
D,DISPATCH,UNIT_SCADA,1,"2022/10/20 11:55:00",LIMOSF11,92.788740
D,DISPATCH,UNIT_SCADA,1,"2022/10/20 11:55:00",LIMOSF21,14.009030
D,DISPATCH,UNIT_SCADA,1,"2022/10/20 11:55:00",LI_WY_CA,56.012190
D,DISPATCH,UNIT_SCADA,1,"2022/10/20 11:55:00",LKBONNY1,0
D,DISPATCH,UNIT_SCADA,1,"2022/10/20 11:55:00",LKBONNY2,0
D,DISPATCH,UNIT_SCADA,1,"2022/10/20 11:55:00",LKBONNY3,0
D,DISPATCH,UNIT_SCADA,1,"2022/10/20 11:55:00",LK_ECHO,0
D,DISPATCH,UNIT_SCADA,1,"2022/10/20 11:55:00",LNGS1,0
D,DISPATCH,UNIT_SCADA,1,"2022/10/20 11:55:00",LNGS2,0
D,DISPATCH,UNIT_SCADA,1,"2022/10/20 11:55:00",LONSDALE,0
D,DISPATCH,UNIT_SCADA,1,"2022/10/20 11:55:00",LOYYB1,401.498750
D,DISPATCH,UNIT_SCADA,1,"2022/10/20 11:55:00",LOYYB2,402.250640
D,DISPATCH,UNIT_SCADA,1,"2022/10/20 11:55:00",LYA1,357
D,DISPATCH,UNIT_SCADA,1,"2022/10/20 11:55:00",LYA2,0
D,DISPATCH,UNIT_SCADA,1,"2022/10/20 11:55:00",LYA3,357
D,DISPATCH,UNIT_SCADA,1,"2022/10/20 11:55:00",LYA4,356
D,DISPATCH,UNIT_SCADA,1,"2022/10/20 11:55:00",MACARTH1,70.198380
D,DISPATCH,UNIT_SCADA,1,"2022/10/20 11:55:00",MACKNTSH,0
D,DISPATCH,UNIT_SCADA,1,"2022/10/20 11:55:00",MANSLR1,17.6360
D,DISPATCH,UNIT_SCADA,1,"2022/10/20 11:55:00",MAPS2PV1,0
D,DISPATCH,UNIT_SCADA,1,"2022/10/20 11:55:00",MAPS3PV1,0
D,DISPATCH,UNIT_SCADA,1,"2022/10/20 11:55:00",MARYRSF1,13.91
D,DISPATCH,UNIT_SCADA,1,"2022/10/20 11:55:00",MBPS2PV1,0
D,DISPATCH,UNIT_SCADA,1,"2022/10/20 11:55:00",MCKAY1,0.02
D,DISPATCH,UNIT_SCADA,1,"2022/10/20 11:55:00",MEADOWBK,5.8589
D,DISPATCH,UNIT_SCADA,1,"2022/10/20 11:55:00",MERCER01,36.40
D,DISPATCH,UNIT_SCADA,1,"2022/10/20 11:55:00",METZSF1,27.135160
D,DISPATCH,UNIT_SCADA,1,"2022/10/20 11:55:00",MEWF1,5.329660
D,DISPATCH,UNIT_SCADA,1,"2022/10/20 11:55:00",MIDDLSF1,8.90
D,DISPATCH,UNIT_SCADA,1,"2022/10/20 11:55:00",MINTARO,0.128180
D,DISPATCH,UNIT_SCADA,1,"2022/10/20 11:55:00",MOLNGSF1,0
D,DISPATCH,UNIT_SCADA,1,"2022/10/20 11:55:00",MOORAWF1,77.29
D,DISPATCH,UNIT_SCADA,1,"2022/10/20 11:55:00",MOREESF1,5.6120
D,DISPATCH,UNIT_SCADA,1,"2022/10/20 11:55:00",MORTLK11,0
D,DISPATCH,UNIT_SCADA,1,"2022/10/20 11:55:00",MORTLK12,0
D,DISPATCH,UNIT_SCADA,1,"2022/10/20 11:55:00",MOUSF1,0
D,DISPATCH,UNIT_SCADA,1,"2022/10/20 11:55:00",MP1,0
D,DISPATCH,UNIT_SCADA,1,"2022/10/20 11:55:00",MP2,349.675750
D,DISPATCH,UNIT_SCADA,1,"2022/10/20 11:55:00",MPP_1,165.288740
D,DISPATCH,UNIT_SCADA,1,"2022/10/20 11:55:00",MPP_2,154.073150
D,DISPATCH,UNIT_SCADA,1,"2022/10/20 11:55:00",MRTLSWF1,0
D,DISPATCH,UNIT_SCADA,1,"2022/10/20 11:55:00",MSTUART1,0
D,DISPATCH,UNIT_SCADA,1,"2022/10/20 11:55:00",MSTUART2,0
D,DISPATCH,UNIT_SCADA,1,"2022/10/20 11:55:00",MSTUART3,0
D,DISPATCH,UNIT_SCADA,1,"2022/10/20 11:55:00",MTGELWF1,39.147620
D,DISPATCH,UNIT_SCADA,1,"2022/10/20 11:55:00",MTMILLAR,1.40
D,DISPATCH,UNIT_SCADA,1,"2022/10/20 11:55:00",MURRAY,0
D,DISPATCH,UNIT_SCADA,1,"2022/10/20 11:55:00",MUSSELR1,87.30
D,DISPATCH,UNIT_SCADA,1,"2022/10/20 11:55:00",MUWAWF1,48.36
D,DISPATCH,UNIT_SCADA,1,"2022/10/20 11:55:00",MUWAWF2,31.70
D,DISPATCH,UNIT_SCADA,1,"2022/10/20 11:55:00",MWPS1PV1,0.13
D,DISPATCH,UNIT_SCADA,1,"2022/10/20 11:55:00",MWPS2PV1,0
D,DISPATCH,UNIT_SCADA,1,"2022/10/20 11:55:00",MWPS3PV1,0
D,DISPATCH,UNIT_SCADA,1,"2022/10/20 11:55:00",MWPS4PV1,0.01
D,DISPATCH,UNIT_SCADA,1,"2022/10/20 11:55:00",NBHWF1,9.70
D,DISPATCH,UNIT_SCADA,1,"2022/10/20 11:55:00",NEVERSF1,26.39
D,DISPATCH,UNIT_SCADA,1,"2022/10/20 11:55:00",NPS,0
D,DISPATCH,UNIT_SCADA,1,"2022/10/20 11:55:00",NUMURSF1,71.72
D,DISPATCH,UNIT_SCADA,1,"2022/10/20 11:55:00",NYNGAN1,6.50
D,DISPATCH,UNIT_SCADA,1,"2022/10/20 11:55:00",OAKEY1,0
D,DISPATCH,UNIT_SCADA,1,"2022/10/20 11:55:00",OAKEY1SF,11.3510
D,DISPATCH,UNIT_SCADA,1,"2022/10/20 11:55:00",OAKEY2,0
D,DISPATCH,UNIT_SCADA,1,"2022/10/20 11:55:00",OAKEY2SF,24.48
D,DISPATCH,UNIT_SCADA,1,"2022/10/20 11:55:00",OAKLAND1,7
D,DISPATCH,UNIT_SCADA,1,"2022/10/20 11:55:00",OSB-AG,0
D,DISPATCH,UNIT_SCADA,1,"2022/10/20 11:55:00",PAREPS1,0.0660
D,DISPATCH,UNIT_SCADA,1,"2022/10/20 11:55:00",PAREPW1,50.26
D,DISPATCH,UNIT_SCADA,1,"2022/10/20 11:55:00",PARSF1,15.800720
D,DISPATCH,UNIT_SCADA,1,"2022/10/20 11:55:00",POAT110,0
D,DISPATCH,UNIT_SCADA,1,"2022/10/20 11:55:00",POAT220,0
D,DISPATCH,UNIT_SCADA,1,"2022/10/20 11:55:00",POR01,0
D,DISPATCH,UNIT_SCADA,1,"2022/10/20 11:55:00",POR03,0
D,DISPATCH,UNIT_SCADA,1,"2022/10/20 11:55:00",PPCCGT,0
D,DISPATCH,UNIT_SCADA,1,"2022/10/20 11:55:00",PTSTAN1,0
D,DISPATCH,UNIT_SCADA,1,"2022/10/20 11:55:00",PUMP1,244.519990
D,DISPATCH,UNIT_SCADA,1,"2022/10/20 11:55:00",PUMP2,0
D,DISPATCH,UNIT_SCADA,1,"2022/10/20 11:55:00",QBYNBG1,0.1135
D,DISPATCH,UNIT_SCADA,1,"2022/10/20 11:55:00",QBYNBL1,0
D,DISPATCH,UNIT_SCADA,1,"2022/10/20 11:55:00",QPS1,0
D,DISPATCH,UNIT_SCADA,1,"2022/10/20 11:55:00",QPS2,0
D,DISPATCH,UNIT_SCADA,1,"2022/10/20 11:55:00",QPS3,0
D,DISPATCH,UNIT_SCADA,1,"2022/10/20 11:55:00",QPS4,0
D,DISPATCH,UNIT_SCADA,1,"2022/10/20 11:55:00",QPS5,76.92
D,DISPATCH,UNIT_SCADA,1,"2022/10/20 11:55:00",REECE1,0
D,DISPATCH,UNIT_SCADA,1,"2022/10/20 11:55:00",REECE2,0
D,DISPATCH,UNIT_SCADA,1,"2022/10/20 11:55:00",ROMA_7,0
D,DISPATCH,UNIT_SCADA,1,"2022/10/20 11:55:00",ROMA_8,0
D,DISPATCH,UNIT_SCADA,1,"2022/10/20 11:55:00",RRSF1,16.473210
D,DISPATCH,UNIT_SCADA,1,"2022/10/20 11:55:00",RT_NSW1,0
D,DISPATCH,UNIT_SCADA,1,"2022/10/20 11:55:00",RT_NSW2,0
D,DISPATCH,UNIT_SCADA,1,"2022/10/20 11:55:00",RT_NSW3,0
D,DISPATCH,UNIT_SCADA,1,"2022/10/20 11:55:00",RT_NSW4,0
D,DISPATCH,UNIT_SCADA,1,"2022/10/20 11:55:00",RT_NSW5,0
D,DISPATCH,UNIT_SCADA,1,"2022/10/20 11:55:00",RT_NSW6,0
D,DISPATCH,UNIT_SCADA,1,"2022/10/20 11:55:00",RT_QLD1,0
D,DISPATCH,UNIT_SCADA,1,"2022/10/20 11:55:00",RT_SA1,0
D,DISPATCH,UNIT_SCADA,1,"2022/10/20 11:55:00",RT_SA2,0
D,DISPATCH,UNIT_SCADA,1,"2022/10/20 11:55:00",RT_SA3,0
D,DISPATCH,UNIT_SCADA,1,"2022/10/20 11:55:00",RT_SA4,0
D,DISPATCH,UNIT_SCADA,1,"2022/10/20 11:55:00",RT_SA5,0
D,DISPATCH,UNIT_SCADA,1,"2022/10/20 11:55:00",RT_SA6,0
D,DISPATCH,UNIT_SCADA,1,"2022/10/20 11:55:00",RT_TAS1,0
D,DISPATCH,UNIT_SCADA,1,"2022/10/20 11:55:00",RT_VIC1,0
D,DISPATCH,UNIT_SCADA,1,"2022/10/20 11:55:00",RT_VIC10,0
D,DISPATCH,UNIT_SCADA,1,"2022/10/20 11:55:00",RT_VIC11,0
D,DISPATCH,UNIT_SCADA,1,"2022/10/20 11:55:00",RT_VIC12,0
D,DISPATCH,UNIT_SCADA,1,"2022/10/20 11:55:00",RT_VIC2,0
D,DISPATCH,UNIT_SCADA,1,"2022/10/20 11:55:00",RT_VIC3,0
D,DISPATCH,UNIT_SCADA,1,"2022/10/20 11:55:00",RT_VIC4,0
D,DISPATCH,UNIT_SCADA,1,"2022/10/20 11:55:00",RT_VIC5,0
D,DISPATCH,UNIT_SCADA,1,"2022/10/20 11:55:00",RT_VIC6,0
D,DISPATCH,UNIT_SCADA,1,"2022/10/20 11:55:00",RT_VIC7,0
D,DISPATCH,UNIT_SCADA,1,"2022/10/20 11:55:00",RT_VIC8,0
D,DISPATCH,UNIT_SCADA,1,"2022/10/20 11:55:00",RT_VIC9,0
D,DISPATCH,UNIT_SCADA,1,"2022/10/20 11:55:00",RUGBYR1,8.933380
D,DISPATCH,UNIT_SCADA,1,"2022/10/20 11:55:00",SALTCRK1,17.95
D,DISPATCH,UNIT_SCADA,1,"2022/10/20 11:55:00",SAPHWF1,8.345160
D,DISPATCH,UNIT_SCADA,1,"2022/10/20 11:55:00",SEBSF1,0.293180
D,DISPATCH,UNIT_SCADA,1,"2022/10/20 11:55:00",SHGEN,0
D,DISPATCH,UNIT_SCADA,1,"2022/10/20 11:55:00",SHPUMP,0
D,DISPATCH,UNIT_SCADA,1,"2022/10/20 11:55:00",SITHE01,0.083520
D,DISPATCH,UNIT_SCADA,1,"2022/10/20 11:55:00",SMCSF1,16.0580
D,DISPATCH,UNIT_SCADA,1,"2022/10/20 11:55:00",SNAPPER1,0
D,DISPATCH,UNIT_SCADA,1,"2022/10/20 11:55:00",SNOWNTH1,93.20
D,DISPATCH,UNIT_SCADA,1,"2022/10/20 11:55:00",SNOWSTH1,27.90
D,DISPATCH,UNIT_SCADA,1,"2022/10/20 11:55:00",SNOWTWN1,0
D,DISPATCH,UNIT_SCADA,1,"2022/10/20 11:55:00",SNOWYP,0
D,DISPATCH,UNIT_SCADA,1,"2022/10/20 11:55:00",SNUG1,0
D,DISPATCH,UNIT_SCADA,1,"2022/10/20 11:55:00",SRSF1,36.36
D,DISPATCH,UNIT_SCADA,1,"2022/10/20 11:55:00",STAN-1,280.517550
D,DISPATCH,UNIT_SCADA,1,"2022/10/20 11:55:00",STAN-2,363.743530
D,DISPATCH,UNIT_SCADA,1,"2022/10/20 11:55:00",STAN-3,156.6207
D,DISPATCH,UNIT_SCADA,1,"2022/10/20 11:55:00",STAN-4,366.166110
D,DISPATCH,UNIT_SCADA,1,"2022/10/20 11:55:00",STARHLWF,0.199940
D,DISPATCH,UNIT_SCADA,1,"2022/10/20 11:55:00",STOCKYD1,93.19
D,DISPATCH,UNIT_SCADA,1,"2022/10/20 11:55:00",STWF1,0
D,DISPATCH,UNIT_SCADA,1,"2022/10/20 11:55:00",SUNRSF1,129.306470
D,DISPATCH,UNIT_SCADA,1,"2022/10/20 11:55:00",SUNTPSF1,118.968490
D,DISPATCH,UNIT_SCADA,1,"2022/10/20 11:55:00",SWAN_E,292.102480
D,DISPATCH,UNIT_SCADA,1,"2022/10/20 11:55:00",TALWA1,0
D,DISPATCH,UNIT_SCADA,1,"2022/10/20 11:55:00",TARALGA1,0
D,DISPATCH,UNIT_SCADA,1,"2022/10/20 11:55:00",TARONG#1,346.300020
D,DISPATCH,UNIT_SCADA,1,"2022/10/20 11:55:00",TARONG#2,345.800020
D,DISPATCH,UNIT_SCADA,1,"2022/10/20 11:55:00",TARONG#3,0.90
D,DISPATCH,UNIT_SCADA,1,"2022/10/20 11:55:00",TARONG#4,212.30
D,DISPATCH,UNIT_SCADA,1,"2022/10/20 11:55:00",TARRALEA,54
D,DISPATCH,UNIT_SCADA,1,"2022/10/20 11:55:00",TBSF1,0.20
D,DISPATCH,UNIT_SCADA,1,"2022/10/20 11:55:00",TNPS1,400
D,DISPATCH,UNIT_SCADA,1,"2022/10/20 11:55:00",TORRB1,0
D,DISPATCH,UNIT_SCADA,1,"2022/10/20 11:55:00",TORRB2,41
D,DISPATCH,UNIT_SCADA,1,"2022/10/20 11:55:00",TORRB3,0
D,DISPATCH,UNIT_SCADA,1,"2022/10/20 11:55:00",TORRB4,0
D,DISPATCH,UNIT_SCADA,1,"2022/10/20 11:55:00",TREVALLN,99.003380
D,DISPATCH,UNIT_SCADA,1,"2022/10/20 11:55:00",TRIBUTE,0
D,DISPATCH,UNIT_SCADA,1,"2022/10/20 11:55:00",TUMUT3,0
D,DISPATCH,UNIT_SCADA,1,"2022/10/20 11:55:00",TUNGATIN,5.100020
D,DISPATCH,UNIT_SCADA,1,"2022/10/20 11:55:00",TVCC201,0
D,DISPATCH,UNIT_SCADA,1,"2022/10/20 11:55:00",TVPP104,57.728880
D,DISPATCH,UNIT_SCADA,1,"2022/10/20 11:55:00",UPPTUMUT,170.573640
D,DISPATCH,UNIT_SCADA,1,"2022/10/20 11:55:00",URANQ11,0
D,DISPATCH,UNIT_SCADA,1,"2022/10/20 11:55:00",URANQ12,0
D,DISPATCH,UNIT_SCADA,1,"2022/10/20 11:55:00",URANQ13,0
D,DISPATCH,UNIT_SCADA,1,"2022/10/20 11:55:00",URANQ14,0
D,DISPATCH,UNIT_SCADA,1,"2022/10/20 11:55:00",VBBG1,0
D,DISPATCH,UNIT_SCADA,1,"2022/10/20 11:55:00",VBBL1,112.60
D,DISPATCH,UNIT_SCADA,1,"2022/10/20 11:55:00",VP5,552.897710
D,DISPATCH,UNIT_SCADA,1,"2022/10/20 11:55:00",VP6,550.358580
D,DISPATCH,UNIT_SCADA,1,"2022/10/20 11:55:00",VPGS1,0
D,DISPATCH,UNIT_SCADA,1,"2022/10/20 11:55:00",VPGS2,0
D,DISPATCH,UNIT_SCADA,1,"2022/10/20 11:55:00",VPGS3,0
D,DISPATCH,UNIT_SCADA,1,"2022/10/20 11:55:00",VPGS4,0
D,DISPATCH,UNIT_SCADA,1,"2022/10/20 11:55:00",VPGS5,0
D,DISPATCH,UNIT_SCADA,1,"2022/10/20 11:55:00",VPGS6,0
D,DISPATCH,UNIT_SCADA,1,"2022/10/20 11:55:00",W/HOE#1,0
D,DISPATCH,UNIT_SCADA,1,"2022/10/20 11:55:00",W/HOE#2,0
D,DISPATCH,UNIT_SCADA,1,"2022/10/20 11:55:00",WAGGNSF1,0
D,DISPATCH,UNIT_SCADA,1,"2022/10/20 11:55:00",WALGRVG1,0.000930
D,DISPATCH,UNIT_SCADA,1,"2022/10/20 11:55:00",WALGRVL1,0
D,DISPATCH,UNIT_SCADA,1,"2022/10/20 11:55:00",WANDBG1,0
D,DISPATCH,UNIT_SCADA,1,"2022/10/20 11:55:00",WANDBL1,0
D,DISPATCH,UNIT_SCADA,1,"2022/10/20 11:55:00",WARWSF1,14.53
D,DISPATCH,UNIT_SCADA,1,"2022/10/20 11:55:00",WARWSF2,15.93
D,DISPATCH,UNIT_SCADA,1,"2022/10/20 11:55:00",WATERLWF,0
D,DISPATCH,UNIT_SCADA,1,"2022/10/20 11:55:00",WDGPH1,56.3360
D,DISPATCH,UNIT_SCADA,1,"2022/10/20 11:55:00",WELLSF1,82.7924
D,DISPATCH,UNIT_SCADA,1,"2022/10/20 11:55:00",WEMENSF1,30.20
D,DISPATCH,UNIT_SCADA,1,"2022/10/20 11:55:00",WGWF1,44.70
D,DISPATCH,UNIT_SCADA,1,"2022/10/20 11:55:00",WHITSF1,0
D,DISPATCH,UNIT_SCADA,1,"2022/10/20 11:55:00",WINTSF1,82.42
D,DISPATCH,UNIT_SCADA,1,"2022/10/20 11:55:00",WKIEWA1,32.10
D,DISPATCH,UNIT_SCADA,1,"2022/10/20 11:55:00",WKIEWA2,14
D,DISPATCH,UNIT_SCADA,1,"2022/10/20 11:55:00",WOODLWN1,15.350330
D,DISPATCH,UNIT_SCADA,1,"2022/10/20 11:55:00",WOOLGSF1,17.293310
D,DISPATCH,UNIT_SCADA,1,"2022/10/20 11:55:00",WPWF,8.25
D,DISPATCH,UNIT_SCADA,1,"2022/10/20 11:55:00",WRSF1,0.880150
D,DISPATCH,UNIT_SCADA,1,"2022/10/20 11:55:00",WRWF1,19.114670
D,DISPATCH,UNIT_SCADA,1,"2022/10/20 11:55:00",WSTWYSF1,0.077680
D,DISPATCH,UNIT_SCADA,1,"2022/10/20 11:55:00",YABULU,0
D,DISPATCH,UNIT_SCADA,1,"2022/10/20 11:55:00",YABULU2,0
D,DISPATCH,UNIT_SCADA,1,"2022/10/20 11:55:00",YARANSF1,40.99
D,DISPATCH,UNIT_SCADA,1,"2022/10/20 11:55:00",YARWUN_1,161.72
D,DISPATCH,UNIT_SCADA,1,"2022/10/20 11:55:00",YATSF1,0.68
D,DISPATCH,UNIT_SCADA,1,"2022/10/20 11:55:00",YENDWF1,56.46
D,DISPATCH,UNIT_SCADA,1,"2022/10/20 11:55:00",YWPS1,268.167080
D,DISPATCH,UNIT_SCADA,1,"2022/10/20 11:55:00",YWPS2,258.893680
D,DISPATCH,UNIT_SCADA,1,"2022/10/20 11:55:00",YWPS3,282.608860
D,DISPATCH,UNIT_SCADA,1,"2022/10/20 11:55:00",YWPS4,0
C,"END OF REPORT",419
