C,NEMP.WORLD,DISPATCHSCADA,AEMO,PUBLIC,2022/10/20,15:10:10,0000000373262931,DISPATCHSCADA,0000000373262925
I,DISPATCH,UNIT_SCADA,1,SETTLEMENTDATE,DUID,SCADAVALUE
D,DISPATCH,UNIT_SCADA,1,"2022/10/20 15:15:00",BARCSF1,1.60
D,DISPATCH,UNIT_SCADA,1,"2022/10/20 15:15:00",BUTLERSG,8.699999
D,DISPATCH,UNIT_SCADA,1,"2022/10/20 15:15:00",CAPTL_WF,68.879959
D,DISPATCH,UNIT_SCADA,1,"2022/10/20 15:15:00",CHALLHWF,11.90
D,DISPATCH,UNIT_SCADA,1,"2022/10/20 15:15:00",CLOVER,10.309999
D,DISPATCH,UNIT_SCADA,1,"2022/10/20 15:15:00",CLUNY,6.186770
D,DISPATCH,UNIT_SCADA,1,"2022/10/20 15:15:00",CULLRGWF,-0.04
D,DISPATCH,UNIT_SCADA,1,"2022/10/20 15:15:00",DIAPURWF1,4.40
D,DISPATCH,UNIT_SCADA,1,"2022/10/20 15:15:00",ERGT01,0
D,DISPATCH,UNIT_SCADA,1,"2022/10/20 15:15:00",GB01,0
D,DISPATCH,UNIT_SCADA,1,"2022/10/20 15:15:00",GERMCRK,20.799999
D,DISPATCH,UNIT_SCADA,1,"2022/10/20 15:15:00",GRIFSF1,4.200809
D,DISPATCH,UNIT_SCADA,1,"2022/10/20 15:15:00",HEZ1,0
D,DISPATCH,UNIT_SCADA,1,"2022/10/20 15:15:00",HUGSF1,5.3930
D,DISPATCH,UNIT_SCADA,1,"2022/10/20 15:15:00",KEPBG1,0
D,DISPATCH,UNIT_SCADA,1,"2022/10/20 15:15:00",LRSF1,12.6710
D,DISPATCH,UNIT_SCADA,1,"2022/10/20 15:15:00",MBAHNTH,43.218750
D,DISPATCH,UNIT_SCADA,1,"2022/10/20 15:15:00",MLSP1,1.951001
D,DISPATCH,UNIT_SCADA,1,"2022/10/20 15:15:00",MLWF1,6.1650
D,DISPATCH,UNIT_SCADA,1,"2022/10/20 15:15:00",PALOONA,30.269999
D,DISPATCH,UNIT_SCADA,1,"2022/10/20 15:15:00",PIONEER,42.900002
D,DISPATCH,UNIT_SCADA,1,"2022/10/20 15:15:00",PORTWF,43.099998
D,DISPATCH,UNIT_SCADA,1,"2022/10/20 15:15:00",REPULSE,9.709010
D,DISPATCH,UNIT_SCADA,1,"2022/10/20 15:15:00",ROWALLAN,8.8963
D,DISPATCH,UNIT_SCADA,1,"2022/10/20 15:15:00",ROYALLA1,3.920003
D,DISPATCH,UNIT_SCADA,1,"2022/10/20 15:15:00",RPCG,-1.80
D,DISPATCH,UNIT_SCADA,1,"2022/10/20 15:15:00",RUBICON,0
D,DISPATCH,UNIT_SCADA,1,"2022/10/20 15:15:00",WAUBRAWF,59.047001
D,DISPATCH,UNIT_SCADA,1,"2022/10/20 15:15:00",WOOLNTH1,95.439995
D,DISPATCH,UNIT_SCADA,1,"2022/10/20 15:15:00",YAMBUKWF,5.30
D,DISPATCH,UNIT_SCADA,1,"2022/10/20 15:15:00",YSWF1,3
D,DISPATCH,UNIT_SCADA,1,"2022/10/20 15:15:00",ADPBA1G,0.0080
D,DISPATCH,UNIT_SCADA,1,"2022/10/20 15:15:00",ADPBA1L,0
D,DISPATCH,UNIT_SCADA,1,"2022/10/20 15:15:00",ADPPV1,8.7810
D,DISPATCH,UNIT_SCADA,1,"2022/10/20 15:15:00",AGLHAL,0
D,DISPATCH,UNIT_SCADA,1,"2022/10/20 15:15:00",AGLSOM,0
D,DISPATCH,UNIT_SCADA,1,"2022/10/20 15:15:00",ANGAST1,0
D,DISPATCH,UNIT_SCADA,1,"2022/10/20 15:15:00",ARWF1,13.50
D,DISPATCH,UNIT_SCADA,1,"2022/10/20 15:15:00",BALBG1,0
D,DISPATCH,UNIT_SCADA,1,"2022/10/20 15:15:00",BALBL1,0
D,DISPATCH,UNIT_SCADA,1,"2022/10/20 15:15:00",BALDHWF1,95.44
D,DISPATCH,UNIT_SCADA,1,"2022/10/20 15:15:00",BANGOWF1,28.596630
D,DISPATCH,UNIT_SCADA,1,"2022/10/20 15:15:00",BANGOWF2,25
D,DISPATCH,UNIT_SCADA,1,"2022/10/20 15:15:00",BANN1,15.38
D,DISPATCH,UNIT_SCADA,1,"2022/10/20 15:15:00",BARCALDN,0
D,DISPATCH,UNIT_SCADA,1,"2022/10/20 15:15:00",BARKIPS1,0
D,DISPATCH,UNIT_SCADA,1,"2022/10/20 15:15:00",BARRON-1,24.60
D,DISPATCH,UNIT_SCADA,1,"2022/10/20 15:15:00",BARRON-2,0
D,DISPATCH,UNIT_SCADA,1,"2022/10/20 15:15:00",BASTYAN,50.08
D,DISPATCH,UNIT_SCADA,1,"2022/10/20 15:15:00",BBTHREE1,0
D,DISPATCH,UNIT_SCADA,1,"2022/10/20 15:15:00",BBTHREE2,0
D,DISPATCH,UNIT_SCADA,1,"2022/10/20 15:15:00",BBTHREE3,-1.13
D,DISPATCH,UNIT_SCADA,1,"2022/10/20 15:15:00",BDL01,0
D,DISPATCH,UNIT_SCADA,1,"2022/10/20 15:15:00",BDL02,0
D,DISPATCH,UNIT_SCADA,1,"2022/10/20 15:15:00",BERYLSF1,1.180180
D,DISPATCH,UNIT_SCADA,1,"2022/10/20 15:15:00",BLOWERNG,62.50
D,DISPATCH,UNIT_SCADA,1,"2022/10/20 15:15:00",BLUEGSF1,54.1655
D,DISPATCH,UNIT_SCADA,1,"2022/10/20 15:15:00",BLUFF1,0.50
D,DISPATCH,UNIT_SCADA,1,"2022/10/20 15:15:00",BNGSF1,19.25
D,DISPATCH,UNIT_SCADA,1,"2022/10/20 15:15:00",BNGSF2,22.19
D,DISPATCH,UNIT_SCADA,1,"2022/10/20 15:15:00",BOCORWF1,48.62
D,DISPATCH,UNIT_SCADA,1,"2022/10/20 15:15:00",BODWF1,69.411590
D,DISPATCH,UNIT_SCADA,1,"2022/10/20 15:15:00",BOMENSF1,23.161360
D,DISPATCH,UNIT_SCADA,1,"2022/10/20 15:15:00",BOWWBA1G,0
D,DISPATCH,UNIT_SCADA,1,"2022/10/20 15:15:00",BOWWBA1L,0
D,DISPATCH,UNIT_SCADA,1,"2022/10/20 15:15:00",BOWWPV1,0.0010
D,DISPATCH,UNIT_SCADA,1,"2022/10/20 15:15:00",BRAEMAR1,0
D,DISPATCH,UNIT_SCADA,1,"2022/10/20 15:15:00",BRAEMAR2,0
D,DISPATCH,UNIT_SCADA,1,"2022/10/20 15:15:00",BRAEMAR3,0
D,DISPATCH,UNIT_SCADA,1,"2022/10/20 15:15:00",BRAEMAR5,0.292060
D,DISPATCH,UNIT_SCADA,1,"2022/10/20 15:15:00",BRAEMAR6,0
D,DISPATCH,UNIT_SCADA,1,"2022/10/20 15:15:00",BRAEMAR7,107.940980
D,DISPATCH,UNIT_SCADA,1,"2022/10/20 15:15:00",BROKENH1,51.799210
D,DISPATCH,UNIT_SCADA,1,"2022/10/20 15:15:00",BRYB1WF1,70.579080
D,DISPATCH,UNIT_SCADA,1,"2022/10/20 15:15:00",BULBESG1,0
D,DISPATCH,UNIT_SCADA,1,"2022/10/20 15:15:00",BULBESL1,0.04
D,DISPATCH,UNIT_SCADA,1,"2022/10/20 15:15:00",BULGANA1,2.93
D,DISPATCH,UNIT_SCADA,1,"2022/10/20 15:15:00",BW01,652.5368
D,DISPATCH,UNIT_SCADA,1,"2022/10/20 15:15:00",BW02,615.353640
D,DISPATCH,UNIT_SCADA,1,"2022/10/20 15:15:00",BW03,533.809390
D,DISPATCH,UNIT_SCADA,1,"2022/10/20 15:15:00",BW04,0
D,DISPATCH,UNIT_SCADA,1,"2022/10/20 15:15:00",CALL_B_1,317.600010
D,DISPATCH,UNIT_SCADA,1,"2022/10/20 15:15:00",CALL_B_2,316.50
D,DISPATCH,UNIT_SCADA,1,"2022/10/20 15:15:00",CATHROCK,4.50
D,DISPATCH,UNIT_SCADA,1,"2022/10/20 15:15:00",CBWWBA1G,0
D,DISPATCH,UNIT_SCADA,1,"2022/10/20 15:15:00",CBWWBA1L,0
D,DISPATCH,UNIT_SCADA,1,"2022/10/20 15:15:00",CETHANA,94.472250
D,DISPATCH,UNIT_SCADA,1,"2022/10/20 15:15:00",CG1,0
D,DISPATCH,UNIT_SCADA,1,"2022/10/20 15:15:00",CG2,0
D,DISPATCH,UNIT_SCADA,1,"2022/10/20 15:15:00",CG3,0
D,DISPATCH,UNIT_SCADA,1,"2022/10/20 15:15:00",CG4,0
D,DISPATCH,UNIT_SCADA,1,"2022/10/20 15:15:00",CHILDSF1,7.07
D,DISPATCH,UNIT_SCADA,1,"2022/10/20 15:15:00",CHYTWF1,11.43
D,DISPATCH,UNIT_SCADA,1,"2022/10/20 15:15:00",CLARESF1,27.973630
D,DISPATCH,UNIT_SCADA,1,"2022/10/20 15:15:00",CLEMGPWF,0
D,DISPATCH,UNIT_SCADA,1,"2022/10/20 15:15:00",CLERMSF1,26.89
D,DISPATCH,UNIT_SCADA,1,"2022/10/20 15:15:00",CNUNDAWF,10.011680
D,DISPATCH,UNIT_SCADA,1,"2022/10/20 15:15:00",COHUNSF1,15.67
D,DISPATCH,UNIT_SCADA,1,"2022/10/20 15:15:00",COLEASF1,28.602660
D,DISPATCH,UNIT_SCADA,1,"2022/10/20 15:15:00",COLUMSF1,16.8490
D,DISPATCH,UNIT_SCADA,1,"2022/10/20 15:15:00",COLWF01,75.518420
D,DISPATCH,UNIT_SCADA,1,"2022/10/20 15:15:00",COOPGWF1,270.320010
D,DISPATCH,UNIT_SCADA,1,"2022/10/20 15:15:00",CPP_3,356.950010
D,DISPATCH,UNIT_SCADA,1,"2022/10/20 15:15:00",CPP_4,0
D,DISPATCH,UNIT_SCADA,1,"2022/10/20 15:15:00",CPSA,0
D,DISPATCH,UNIT_SCADA,1,"2022/10/20 15:15:00",CROOKWF2,30.865340
D,DISPATCH,UNIT_SCADA,1,"2022/10/20 15:15:00",CROWLWF1,9.0583
D,DISPATCH,UNIT_SCADA,1,"2022/10/20 15:15:00",CRURWF1,9.095830
D,DISPATCH,UNIT_SCADA,1,"2022/10/20 15:15:00",CRWASF1,22.112260
D,DISPATCH,UNIT_SCADA,1,"2022/10/20 15:15:00",CSPVPS1,9.5780
D,DISPATCH,UNIT_SCADA,1,"2022/10/20 15:15:00",CTHLWF1,0.003050
D,DISPATCH,UNIT_SCADA,1,"2022/10/20 15:15:00",DALNTH01,0
D,DISPATCH,UNIT_SCADA,1,"2022/10/20 15:15:00",DALNTHL1,0.056460
D,DISPATCH,UNIT_SCADA,1,"2022/10/20 15:15:00",DARLSF1,70.493930
D,DISPATCH,UNIT_SCADA,1,"2022/10/20 15:15:00",DARTM1,0
D,DISPATCH,UNIT_SCADA,1,"2022/10/20 15:15:00",DAYDSF1,143.693010
D,DISPATCH,UNIT_SCADA,1,"2022/10/20 15:15:00",DDPS1,0
D,DISPATCH,UNIT_SCADA,1,"2022/10/20 15:15:00",DDSF1,11.934720
D,DISPATCH,UNIT_SCADA,1,"2022/10/20 15:15:00",DEVILS_G,58.900720
D,DISPATCH,UNIT_SCADA,1,"2022/10/20 15:15:00",DG_NSW1,0
D,DISPATCH,UNIT_SCADA,1,"2022/10/20 15:15:00",DG_QLD1,0
D,DISPATCH,UNIT_SCADA,1,"2022/10/20 15:15:00",DG_SA1,0
D,DISPATCH,UNIT_SCADA,1,"2022/10/20 15:15:00",DG_TAS1,0
D,DISPATCH,UNIT_SCADA,1,"2022/10/20 15:15:00",DG_VIC1,0
D,DISPATCH,UNIT_SCADA,1,"2022/10/20 15:15:00",DRYCGT1,0
D,DISPATCH,UNIT_SCADA,1,"2022/10/20 15:15:00",DRYCGT2,0
D,DISPATCH,UNIT_SCADA,1,"2022/10/20 15:15:00",DRYCGT3,0
D,DISPATCH,UNIT_SCADA,1,"2022/10/20 15:15:00",DUNDWF1,67.27
D,DISPATCH,UNIT_SCADA,1,"2022/10/20 15:15:00",DUNDWF2,18.01
D,DISPATCH,UNIT_SCADA,1,"2022/10/20 15:15:00",DUNDWF3,52.13
D,DISPATCH,UNIT_SCADA,1,"2022/10/20 15:15:00",EILDON1,59.56
D,DISPATCH,UNIT_SCADA,1,"2022/10/20 15:15:00",EILDON2,60
D,DISPATCH,UNIT_SCADA,1,"2022/10/20 15:15:00",ELAINWF1,18.54
D,DISPATCH,UNIT_SCADA,1,"2022/10/20 15:15:00",EMERASF1,0
D,DISPATCH,UNIT_SCADA,1,"2022/10/20 15:15:00",ER01,0
D,DISPATCH,UNIT_SCADA,1,"2022/10/20 15:15:00",ER02,532.979310
D,DISPATCH,UNIT_SCADA,1,"2022/10/20 15:15:00",ER03,532.661930
D,DISPATCH,UNIT_SCADA,1,"2022/10/20 15:15:00",ER04,533.443180
D,DISPATCH,UNIT_SCADA,1,"2022/10/20 15:15:00",FINLYSF1,117.949190
D,DISPATCH,UNIT_SCADA,1,"2022/10/20 15:15:00",FISHER,43.95
D,DISPATCH,UNIT_SCADA,1,"2022/10/20 15:15:00",GANGARR1,0
D,DISPATCH,UNIT_SCADA,1,"2022/10/20 15:15:00",GANNBG1,0
D,DISPATCH,UNIT_SCADA,1,"2022/10/20 15:15:00",GANNBL1,1.003120
D,DISPATCH,UNIT_SCADA,1,"2022/10/20 15:15:00",GANNSF1,27
D,DISPATCH,UNIT_SCADA,1,"2022/10/20 15:15:00",GLRWNSF1,98
D,DISPATCH,UNIT_SCADA,1,"2022/10/20 15:15:00",GNNDHSF1,33.760360
D,DISPATCH,UNIT_SCADA,1,"2022/10/20 15:15:00",GOONSF1,22.152440
D,DISPATCH,UNIT_SCADA,1,"2022/10/20 15:15:00",GORDON,218.651210
D,DISPATCH,UNIT_SCADA,1,"2022/10/20 15:15:00",GRANWF1,0
D,DISPATCH,UNIT_SCADA,1,"2022/10/20 15:15:00",GSTONE1,193.55
D,DISPATCH,UNIT_SCADA,1,"2022/10/20 15:15:00",GSTONE2,0
D,DISPATCH,UNIT_SCADA,1,"2022/10/20 15:15:00",GSTONE3,181.8250
D,DISPATCH,UNIT_SCADA,1,"2022/10/20 15:15:00",GSTONE4,0
D,DISPATCH,UNIT_SCADA,1,"2022/10/20 15:15:00",GSTONE5,166.25
D,DISPATCH,UNIT_SCADA,1,"2022/10/20 15:15:00",GSTONE6,180.774990
D,DISPATCH,UNIT_SCADA,1,"2022/10/20 15:15:00",GULLRSF1,0.604990
D,DISPATCH,UNIT_SCADA,1,"2022/10/20 15:15:00",GULLRWF1,68.523960
D,DISPATCH,UNIT_SCADA,1,"2022/10/20 15:15:00",GULLRWF2,78.242410
D,DISPATCH,UNIT_SCADA,1,"2022/10/20 15:15:00",GUNNING1,0
D,DISPATCH,UNIT_SCADA,1,"2022/10/20 15:15:00",GUTHEGA,67.100010
D,DISPATCH,UNIT_SCADA,1,"2022/10/20 15:15:00",HALLWF1,0
D,DISPATCH,UNIT_SCADA,1,"2022/10/20 15:15:00",HALLWF2,0
D,DISPATCH,UNIT_SCADA,1,"2022/10/20 15:15:00",HAMISF1,17.40
D,DISPATCH,UNIT_SCADA,1,"2022/10/20 15:15:00",HAUGHT11,87.187450
D,DISPATCH,UNIT_SCADA,1,"2022/10/20 15:15:00",HAYMSF1,27.4010
D,DISPATCH,UNIT_SCADA,1,"2022/10/20 15:15:00",HDWF1,4.60
D,DISPATCH,UNIT_SCADA,1,"2022/10/20 15:15:00",HDWF2,4.20
D,DISPATCH,UNIT_SCADA,1,"2022/10/20 15:15:00",HDWF3,2.10
D,DISPATCH,UNIT_SCADA,1,"2022/10/20 15:15:00",HILLSTN1,18.375680
D,DISPATCH,UNIT_SCADA,1,"2022/10/20 15:15:00",HPRG1,0
D,DISPATCH,UNIT_SCADA,1,"2022/10/20 15:15:00",HPRL1,6.80
D,DISPATCH,UNIT_SCADA,1,"2022/10/20 15:15:00",HUMENSW,54.373710
D,DISPATCH,UNIT_SCADA,1,"2022/10/20 15:15:00",HUMEV,0
D,DISPATCH,UNIT_SCADA,1,"2022/10/20 15:15:00",HVWWBA1G,0
D,DISPATCH,UNIT_SCADA,1,"2022/10/20 15:15:00",HVWWBA1L,0.0070
D,DISPATCH,UNIT_SCADA,1,"2022/10/20 15:15:00",HVWWPV1,4.2650
D,DISPATCH,UNIT_SCADA,1,"2022/10/20 15:15:00",JBUTTERS,0
D,DISPATCH,UNIT_SCADA,1,"2022/10/20 15:15:00",JEMALNG1,50.80
D,DISPATCH,UNIT_SCADA,1,"2022/10/20 15:15:00",JLA01,0
D,DISPATCH,UNIT_SCADA,1,"2022/10/20 15:15:00",JLA02,0
D,DISPATCH,UNIT_SCADA,1,"2022/10/20 15:15:00",JLA03,0
D,DISPATCH,UNIT_SCADA,1,"2022/10/20 15:15:00",JLA04,0
D,DISPATCH,UNIT_SCADA,1,"2022/10/20 15:15:00",JLB01,0
D,DISPATCH,UNIT_SCADA,1,"2022/10/20 15:15:00",JLB02,0.10
D,DISPATCH,UNIT_SCADA,1,"2022/10/20 15:15:00",JLB03,0
D,DISPATCH,UNIT_SCADA,1,"2022/10/20 15:15:00",JUNEESF1,7.881470
D,DISPATCH,UNIT_SCADA,1,"2022/10/20 15:15:00",KABANWF1,2.68
D,DISPATCH,UNIT_SCADA,1,"2022/10/20 15:15:00",KAREEYA1,17.8425
D,DISPATCH,UNIT_SCADA,1,"2022/10/20 15:15:00",KAREEYA2,0
D,DISPATCH,UNIT_SCADA,1,"2022/10/20 15:15:00",KAREEYA3,17.49
D,DISPATCH,UNIT_SCADA,1,"2022/10/20 15:15:00",KAREEYA4,0
D,DISPATCH,UNIT_SCADA,1,"2022/10/20 15:15:00",KARSF1,17.70
D,DISPATCH,UNIT_SCADA,1,"2022/10/20 15:15:00",KEPSF1,3.47
D,DISPATCH,UNIT_SCADA,1,"2022/10/20 15:15:00",KEPWF1,21.61
D,DISPATCH,UNIT_SCADA,1,"2022/10/20 15:15:00",KIAMSF1,50.053410
D,DISPATCH,UNIT_SCADA,1,"2022/10/20 15:15:00",KIATAWF1,7.90
D,DISPATCH,UNIT_SCADA,1,"2022/10/20 15:15:00",KPP_1,0
D,DISPATCH,UNIT_SCADA,1,"2022/10/20 15:15:00",KSP1,10.79
D,DISPATCH,UNIT_SCADA,1,"2022/10/20 15:15:00",LADBROK1,0.01
D,DISPATCH,UNIT_SCADA,1,"2022/10/20 15:15:00",LADBROK2,0.01
D,DISPATCH,UNIT_SCADA,1,"2022/10/20 15:15:00",LBBG1,0
D,DISPATCH,UNIT_SCADA,1,"2022/10/20 15:15:00",LBBL1,2.10
D,DISPATCH,UNIT_SCADA,1,"2022/10/20 15:15:00",LD01,273.824280
D,DISPATCH,UNIT_SCADA,1,"2022/10/20 15:15:00",LD02,31.421860
D,DISPATCH,UNIT_SCADA,1,"2022/10/20 15:15:00",LD04,272.560820
D,DISPATCH,UNIT_SCADA,1,"2022/10/20 15:15:00",LEM_WIL,78.590950
D,DISPATCH,UNIT_SCADA,1,"2022/10/20 15:15:00",LGAPWF1,51.03
D,DISPATCH,UNIT_SCADA,1,"2022/10/20 15:15:00",LGAPWF2,43.10
D,DISPATCH,UNIT_SCADA,1,"2022/10/20 15:15:00",LILYSF1,84.410360
D,DISPATCH,UNIT_SCADA,1,"2022/10/20 15:15:00",LIMOSF11,56.5333
D,DISPATCH,UNIT_SCADA,1,"2022/10/20 15:15:00",LIMOSF21,7.700590
D,DISPATCH,UNIT_SCADA,1,"2022/10/20 15:15:00",LI_WY_CA,62.232380
D,DISPATCH,UNIT_SCADA,1,"2022/10/20 15:15:00",LKBONNY1,0
D,DISPATCH,UNIT_SCADA,1,"2022/10/20 15:15:00",LKBONNY2,12.112390
D,DISPATCH,UNIT_SCADA,1,"2022/10/20 15:15:00",LKBONNY3,3.405150
D,DISPATCH,UNIT_SCADA,1,"2022/10/20 15:15:00",LK_ECHO,0
D,DISPATCH,UNIT_SCADA,1,"2022/10/20 15:15:00",LNGS1,0
D,DISPATCH,UNIT_SCADA,1,"2022/10/20 15:15:00",LNGS2,0
D,DISPATCH,UNIT_SCADA,1,"2022/10/20 15:15:00",LONSDALE,0
D,DISPATCH,UNIT_SCADA,1,"2022/10/20 15:15:00",LOYYB1,472.553160
D,DISPATCH,UNIT_SCADA,1,"2022/10/20 15:15:00",LOYYB2,472.177220
D,DISPATCH,UNIT_SCADA,1,"2022/10/20 15:15:00",LYA1,471
D,DISPATCH,UNIT_SCADA,1,"2022/10/20 15:15:00",LYA2,0
D,DISPATCH,UNIT_SCADA,1,"2022/10/20 15:15:00",LYA3,499
D,DISPATCH,UNIT_SCADA,1,"2022/10/20 15:15:00",LYA4,493
D,DISPATCH,UNIT_SCADA,1,"2022/10/20 15:15:00",MACARTH1,47.098910
D,DISPATCH,UNIT_SCADA,1,"2022/10/20 15:15:00",MACKNTSH,0
D,DISPATCH,UNIT_SCADA,1,"2022/10/20 15:15:00",MANSLR1,6.5510
D,DISPATCH,UNIT_SCADA,1,"2022/10/20 15:15:00",MAPS2PV1,0
D,DISPATCH,UNIT_SCADA,1,"2022/10/20 15:15:00",MAPS3PV1,0
D,DISPATCH,UNIT_SCADA,1,"2022/10/20 15:15:00",MARYRSF1,5.08
D,DISPATCH,UNIT_SCADA,1,"2022/10/20 15:15:00",MBPS2PV1,0
D,DISPATCH,UNIT_SCADA,1,"2022/10/20 15:15:00",MCKAY1,0.02
D,DISPATCH,UNIT_SCADA,1,"2022/10/20 15:15:00",MEADOWBK,5.8589
D,DISPATCH,UNIT_SCADA,1,"2022/10/20 15:15:00",MERCER01,24
D,DISPATCH,UNIT_SCADA,1,"2022/10/20 15:15:00",METZSF1,97.156440
D,DISPATCH,UNIT_SCADA,1,"2022/10/20 15:15:00",MEWF1,37.566460
D,DISPATCH,UNIT_SCADA,1,"2022/10/20 15:15:00",MIDDLSF1,25.98
D,DISPATCH,UNIT_SCADA,1,"2022/10/20 15:15:00",MINTARO,0.128180
D,DISPATCH,UNIT_SCADA,1,"2022/10/20 15:15:00",MOLNGSF1,5.511560
D,DISPATCH,UNIT_SCADA,1,"2022/10/20 15:15:00",MOORAWF1,34.40
D,DISPATCH,UNIT_SCADA,1,"2022/10/20 15:15:00",MOREESF1,41.4520
D,DISPATCH,UNIT_SCADA,1,"2022/10/20 15:15:00",MORTLK11,0
D,DISPATCH,UNIT_SCADA,1,"2022/10/20 15:15:00",MORTLK12,0
D,DISPATCH,UNIT_SCADA,1,"2022/10/20 15:15:00",MOUSF1,0
D,DISPATCH,UNIT_SCADA,1,"2022/10/20 15:15:00",MP1,0
D,DISPATCH,UNIT_SCADA,1,"2022/10/20 15:15:00",MP2,462.885470
D,DISPATCH,UNIT_SCADA,1,"2022/10/20 15:15:00",MPP_1,151.250180
D,DISPATCH,UNIT_SCADA,1,"2022/10/20 15:15:00",MPP_2,187.246870
D,DISPATCH,UNIT_SCADA,1,"2022/10/20 15:15:00",MRTLSWF1,0
D,DISPATCH,UNIT_SCADA,1,"2022/10/20 15:15:00",MSTUART1,0
D,DISPATCH,UNIT_SCADA,1,"2022/10/20 15:15:00",MSTUART2,0
D,DISPATCH,UNIT_SCADA,1,"2022/10/20 15:15:00",MSTUART3,0
D,DISPATCH,UNIT_SCADA,1,"2022/10/20 15:15:00",MTGELWF1,45.722830
D,DISPATCH,UNIT_SCADA,1,"2022/10/20 15:15:00",MTMILLAR,10.50
D,DISPATCH,UNIT_SCADA,1,"2022/10/20 15:15:00",MURRAY,0
D,DISPATCH,UNIT_SCADA,1,"2022/10/20 15:15:00",MUSSELR1,5.60
D,DISPATCH,UNIT_SCADA,1,"2022/10/20 15:15:00",MUWAWF1,43.05
D,DISPATCH,UNIT_SCADA,1,"2022/10/20 15:15:00",MUWAWF2,37.40
D,DISPATCH,UNIT_SCADA,1,"2022/10/20 15:15:00",MWPS1PV1,4.57
D,DISPATCH,UNIT_SCADA,1,"2022/10/20 15:15:00",MWPS2PV1,2.71
D,DISPATCH,UNIT_SCADA,1,"2022/10/20 15:15:00",MWPS3PV1,0.66
D,DISPATCH,UNIT_SCADA,1,"2022/10/20 15:15:00",MWPS4PV1,1.19
D,DISPATCH,UNIT_SCADA,1,"2022/10/20 15:15:00",NBHWF1,0
D,DISPATCH,UNIT_SCADA,1,"2022/10/20 15:15:00",NEVERSF1,8.34
D,DISPATCH,UNIT_SCADA,1,"2022/10/20 15:15:00",NPS,0
D,DISPATCH,UNIT_SCADA,1,"2022/10/20 15:15:00",NUMURSF1,42.83
D,DISPATCH,UNIT_SCADA,1,"2022/10/20 15:15:00",NYNGAN1,0
D,DISPATCH,UNIT_SCADA,1,"2022/10/20 15:15:00",OAKEY1,0
D,DISPATCH,UNIT_SCADA,1,"2022/10/20 15:15:00",OAKEY1SF,7.1560
D,DISPATCH,UNIT_SCADA,1,"2022/10/20 15:15:00",OAKEY2,0
D,DISPATCH,UNIT_SCADA,1,"2022/10/20 15:15:00",OAKEY2SF,12.81
D,DISPATCH,UNIT_SCADA,1,"2022/10/20 15:15:00",OAKLAND1,13.80
D,DISPATCH,UNIT_SCADA,1,"2022/10/20 15:15:00",OSB-AG,16.62
D,DISPATCH,UNIT_SCADA,1,"2022/10/20 15:15:00",PAREPS1,0
D,DISPATCH,UNIT_SCADA,1,"2022/10/20 15:15:00",PAREPW1,45.02
D,DISPATCH,UNIT_SCADA,1,"2022/10/20 15:15:00",PARSF1,18.400850
D,DISPATCH,UNIT_SCADA,1,"2022/10/20 15:15:00",POAT110,0
D,DISPATCH,UNIT_SCADA,1,"2022/10/20 15:15:00",POAT220,0
D,DISPATCH,UNIT_SCADA,1,"2022/10/20 15:15:00",POR01,0.008670
D,DISPATCH,UNIT_SCADA,1,"2022/10/20 15:15:00",POR03,0
D,DISPATCH,UNIT_SCADA,1,"2022/10/20 15:15:00",PPCCGT,160.130050
D,DISPATCH,UNIT_SCADA,1,"2022/10/20 15:15:00",PTSTAN1,0
D,DISPATCH,UNIT_SCADA,1,"2022/10/20 15:15:00",PUMP1,0
D,DISPATCH,UNIT_SCADA,1,"2022/10/20 15:15:00",PUMP2,0
D,DISPATCH,UNIT_SCADA,1,"2022/10/20 15:15:00",QBYNBG1,0
D,DISPATCH,UNIT_SCADA,1,"2022/10/20 15:15:00",QBYNBL1,1.805470
D,DISPATCH,UNIT_SCADA,1,"2022/10/20 15:15:00",QPS1,0
D,DISPATCH,UNIT_SCADA,1,"2022/10/20 15:15:00",QPS2,0
D,DISPATCH,UNIT_SCADA,1,"2022/10/20 15:15:00",QPS3,0
D,DISPATCH,UNIT_SCADA,1,"2022/10/20 15:15:00",QPS4,0
D,DISPATCH,UNIT_SCADA,1,"2022/10/20 15:15:00",QPS5,72.79
D,DISPATCH,UNIT_SCADA,1,"2022/10/20 15:15:00",REECE1,0
D,DISPATCH,UNIT_SCADA,1,"2022/10/20 15:15:00",REECE2,0
D,DISPATCH,UNIT_SCADA,1,"2022/10/20 15:15:00",ROMA_7,0
D,DISPATCH,UNIT_SCADA,1,"2022/10/20 15:15:00",ROMA_8,0
D,DISPATCH,UNIT_SCADA,1,"2022/10/20 15:15:00",RRSF1,2.620140
D,DISPATCH,UNIT_SCADA,1,"2022/10/20 15:15:00",RT_NSW1,0
D,DISPATCH,UNIT_SCADA,1,"2022/10/20 15:15:00",RT_NSW2,0
D,DISPATCH,UNIT_SCADA,1,"2022/10/20 15:15:00",RT_NSW3,0
D,DISPATCH,UNIT_SCADA,1,"2022/10/20 15:15:00",RT_NSW4,0
D,DISPATCH,UNIT_SCADA,1,"2022/10/20 15:15:00",RT_NSW5,0
D,DISPATCH,UNIT_SCADA,1,"2022/10/20 15:15:00",RT_NSW6,0
D,DISPATCH,UNIT_SCADA,1,"2022/10/20 15:15:00",RT_QLD1,0
D,DISPATCH,UNIT_SCADA,1,"2022/10/20 15:15:00",RT_SA1,0
D,DISPATCH,UNIT_SCADA,1,"2022/10/20 15:15:00",RT_SA2,0
D,DISPATCH,UNIT_SCADA,1,"2022/10/20 15:15:00",RT_SA3,0
D,DISPATCH,UNIT_SCADA,1,"2022/10/20 15:15:00",RT_SA4,0
D,DISPATCH,UNIT_SCADA,1,"2022/10/20 15:15:00",RT_SA5,0
D,DISPATCH,UNIT_SCADA,1,"2022/10/20 15:15:00",RT_SA6,0
D,DISPATCH,UNIT_SCADA,1,"2022/10/20 15:15:00",RT_TAS1,0
D,DISPATCH,UNIT_SCADA,1,"2022/10/20 15:15:00",RT_VIC1,0
D,DISPATCH,UNIT_SCADA,1,"2022/10/20 15:15:00",RT_VIC10,0
D,DISPATCH,UNIT_SCADA,1,"2022/10/20 15:15:00",RT_VIC11,0
D,DISPATCH,UNIT_SCADA,1,"2022/10/20 15:15:00",RT_VIC12,0
D,DISPATCH,UNIT_SCADA,1,"2022/10/20 15:15:00",RT_VIC2,0
D,DISPATCH,UNIT_SCADA,1,"2022/10/20 15:15:00",RT_VIC3,0
D,DISPATCH,UNIT_SCADA,1,"2022/10/20 15:15:00",RT_VIC4,0
D,DISPATCH,UNIT_SCADA,1,"2022/10/20 15:15:00",RT_VIC5,0
D,DISPATCH,UNIT_SCADA,1,"2022/10/20 15:15:00",RT_VIC6,0
D,DISPATCH,UNIT_SCADA,1,"2022/10/20 15:15:00",RT_VIC7,0
D,DISPATCH,UNIT_SCADA,1,"2022/10/20 15:15:00",RT_VIC8,0
D,DISPATCH,UNIT_SCADA,1,"2022/10/20 15:15:00",RT_VIC9,0
D,DISPATCH,UNIT_SCADA,1,"2022/10/20 15:15:00",RUGBYR1,0
D,DISPATCH,UNIT_SCADA,1,"2022/10/20 15:15:00",SALTCRK1,18.08
D,DISPATCH,UNIT_SCADA,1,"2022/10/20 15:15:00",SAPHWF1,22.490270
D,DISPATCH,UNIT_SCADA,1,"2022/10/20 15:15:00",SEBSF1,8.885970
D,DISPATCH,UNIT_SCADA,1,"2022/10/20 15:15:00",SHGEN,0
D,DISPATCH,UNIT_SCADA,1,"2022/10/20 15:15:00",SHPUMP,0
D,DISPATCH,UNIT_SCADA,1,"2022/10/20 15:15:00",SITHE01,0.123710
D,DISPATCH,UNIT_SCADA,1,"2022/10/20 15:15:00",SMCSF1,3.7830
D,DISPATCH,UNIT_SCADA,1,"2022/10/20 15:15:00",SNAPPER1,0
D,DISPATCH,UNIT_SCADA,1,"2022/10/20 15:15:00",SNOWNTH1,24.80
D,DISPATCH,UNIT_SCADA,1,"2022/10/20 15:15:00",SNOWSTH1,9.80
D,DISPATCH,UNIT_SCADA,1,"2022/10/20 15:15:00",SNOWTWN1,16.362940
D,DISPATCH,UNIT_SCADA,1,"2022/10/20 15:15:00",SNOWYP,0
D,DISPATCH,UNIT_SCADA,1,"2022/10/20 15:15:00",SNUG1,0
D,DISPATCH,UNIT_SCADA,1,"2022/10/20 15:15:00",SRSF1,15.17
D,DISPATCH,UNIT_SCADA,1,"2022/10/20 15:15:00",STAN-1,337.210690
D,DISPATCH,UNIT_SCADA,1,"2022/10/20 15:15:00",STAN-2,338.146390
D,DISPATCH,UNIT_SCADA,1,"2022/10/20 15:15:00",STAN-3,157.312870
D,DISPATCH,UNIT_SCADA,1,"2022/10/20 15:15:00",STAN-4,317.907070
D,DISPATCH,UNIT_SCADA,1,"2022/10/20 15:15:00",STARHLWF,14.595740
D,DISPATCH,UNIT_SCADA,1,"2022/10/20 15:15:00",STOCKYD1,185.80
D,DISPATCH,UNIT_SCADA,1,"2022/10/20 15:15:00",STWF1,0
D,DISPATCH,UNIT_SCADA,1,"2022/10/20 15:15:00",SUNRSF1,24.623480
D,DISPATCH,UNIT_SCADA,1,"2022/10/20 15:15:00",SUNTPSF1,50.300450
D,DISPATCH,UNIT_SCADA,1,"2022/10/20 15:15:00",SWAN_E,149.948140
D,DISPATCH,UNIT_SCADA,1,"2022/10/20 15:15:00",TALWA1,0
D,DISPATCH,UNIT_SCADA,1,"2022/10/20 15:15:00",TARALGA1,0
D,DISPATCH,UNIT_SCADA,1,"2022/10/20 15:15:00",TARONG#1,343.399990
D,DISPATCH,UNIT_SCADA,1,"2022/10/20 15:15:00",TARONG#2,343.50
D,DISPATCH,UNIT_SCADA,1,"2022/10/20 15:15:00",TARONG#3,0.90
D,DISPATCH,UNIT_SCADA,1,"2022/10/20 15:15:00",TARONG#4,277.50
D,DISPATCH,UNIT_SCADA,1,"2022/10/20 15:15:00",TARRALEA,54
D,DISPATCH,UNIT_SCADA,1,"2022/10/20 15:15:00",TBSF1,0.10
D,DISPATCH,UNIT_SCADA,1,"2022/10/20 15:15:00",TNPS1,316.9375
D,DISPATCH,UNIT_SCADA,1,"2022/10/20 15:15:00",TORRB1,0
D,DISPATCH,UNIT_SCADA,1,"2022/10/20 15:15:00",TORRB2,40
D,DISPATCH,UNIT_SCADA,1,"2022/10/20 15:15:00",TORRB3,0
D,DISPATCH,UNIT_SCADA,1,"2022/10/20 15:15:00",TORRB4,0
D,DISPATCH,UNIT_SCADA,1,"2022/10/20 15:15:00",TREVALLN,100.570240
D,DISPATCH,UNIT_SCADA,1,"2022/10/20 15:15:00",TRIBUTE,0
D,DISPATCH,UNIT_SCADA,1,"2022/10/20 15:15:00",TUMUT3,117.06
D,DISPATCH,UNIT_SCADA,1,"2022/10/20 15:15:00",TUNGATIN,5.040020
D,DISPATCH,UNIT_SCADA,1,"2022/10/20 15:15:00",TVCC201,0
D,DISPATCH,UNIT_SCADA,1,"2022/10/20 15:15:00",TVPP104,0
D,DISPATCH,UNIT_SCADA,1,"2022/10/20 15:15:00",UPPTUMUT,0
D,DISPATCH,UNIT_SCADA,1,"2022/10/20 15:15:00",URANQ11,0
D,DISPATCH,UNIT_SCADA,1,"2022/10/20 15:15:00",URANQ12,0
D,DISPATCH,UNIT_SCADA,1,"2022/10/20 15:15:00",URANQ13,0
D,DISPATCH,UNIT_SCADA,1,"2022/10/20 15:15:00",URANQ14,0
D,DISPATCH,UNIT_SCADA,1,"2022/10/20 15:15:00",VBBG1,0
D,DISPATCH,UNIT_SCADA,1,"2022/10/20 15:15:00",VBBL1,31.20
D,DISPATCH,UNIT_SCADA,1,"2022/10/20 15:15:00",VP5,538.932430
D,DISPATCH,UNIT_SCADA,1,"2022/10/20 15:15:00",VP6,574.8222
D,DISPATCH,UNIT_SCADA,1,"2022/10/20 15:15:00",VPGS1,0
D,DISPATCH,UNIT_SCADA,1,"2022/10/20 15:15:00",VPGS2,0
D,DISPATCH,UNIT_SCADA,1,"2022/10/20 15:15:00",VPGS3,0
D,DISPATCH,UNIT_SCADA,1,"2022/10/20 15:15:00",VPGS4,0
D,DISPATCH,UNIT_SCADA,1,"2022/10/20 15:15:00",VPGS5,0
D,DISPATCH,UNIT_SCADA,1,"2022/10/20 15:15:00",VPGS6,0
D,DISPATCH,UNIT_SCADA,1,"2022/10/20 15:15:00",W/HOE#1,0
D,DISPATCH,UNIT_SCADA,1,"2022/10/20 15:15:00",W/HOE#2,0
D,DISPATCH,UNIT_SCADA,1,"2022/10/20 15:15:00",WAGGNSF1,0
D,DISPATCH,UNIT_SCADA,1,"2022/10/20 15:15:00",WALGRVG1,0
D,DISPATCH,UNIT_SCADA,1,"2022/10/20 15:15:00",WALGRVL1,5.809120
D,DISPATCH,UNIT_SCADA,1,"2022/10/20 15:15:00",WANDBG1,0
D,DISPATCH,UNIT_SCADA,1,"2022/10/20 15:15:00",WANDBL1,0
D,DISPATCH,UNIT_SCADA,1,"2022/10/20 15:15:00",WARWSF1,3.58
D,DISPATCH,UNIT_SCADA,1,"2022/10/20 15:15:00",WARWSF2,3.50
D,DISPATCH,UNIT_SCADA,1,"2022/10/20 15:15:00",WATERLWF,2.20
D,DISPATCH,UNIT_SCADA,1,"2022/10/20 15:15:00",WDGPH1,70.4710
D,DISPATCH,UNIT_SCADA,1,"2022/10/20 15:15:00",WELLSF1,14.779890
D,DISPATCH,UNIT_SCADA,1,"2022/10/20 15:15:00",WEMENSF1,14.60
D,DISPATCH,UNIT_SCADA,1,"2022/10/20 15:15:00",WGWF1,5.20
D,DISPATCH,UNIT_SCADA,1,"2022/10/20 15:15:00",WHITSF1,54.80
D,DISPATCH,UNIT_SCADA,1,"2022/10/20 15:15:00",WINTSF1,67.30
D,DISPATCH,UNIT_SCADA,1,"2022/10/20 15:15:00",WKIEWA1,31.70
D,DISPATCH,UNIT_SCADA,1,"2022/10/20 15:15:00",WKIEWA2,13.90
D,DISPATCH,UNIT_SCADA,1,"2022/10/20 15:15:00",WOODLWN1,21.942230
D,DISPATCH,UNIT_SCADA,1,"2022/10/20 15:15:00",WOOLGSF1,11.312130
D,DISPATCH,UNIT_SCADA,1,"2022/10/20 15:15:00",WPWF,37.97
D,DISPATCH,UNIT_SCADA,1,"2022/10/20 15:15:00",WRSF1,9.969790
D,DISPATCH,UNIT_SCADA,1,"2022/10/20 15:15:00",WRWF1,5.707480
D,DISPATCH,UNIT_SCADA,1,"2022/10/20 15:15:00",WSTWYSF1,1.694590
D,DISPATCH,UNIT_SCADA,1,"2022/10/20 15:15:00",YABULU,0
D,DISPATCH,UNIT_SCADA,1,"2022/10/20 15:15:00",YABULU2,0
D,DISPATCH,UNIT_SCADA,1,"2022/10/20 15:15:00",YARANSF1,16.34
D,DISPATCH,UNIT_SCADA,1,"2022/10/20 15:15:00",YARWUN_1,160.05
D,DISPATCH,UNIT_SCADA,1,"2022/10/20 15:15:00",YATSF1,73.57
D,DISPATCH,UNIT_SCADA,1,"2022/10/20 15:15:00",YENDWF1,24.18
D,DISPATCH,UNIT_SCADA,1,"2022/10/20 15:15:00",YWPS1,331.326570
D,DISPATCH,UNIT_SCADA,1,"2022/10/20 15:15:00",YWPS2,289.220250
D,DISPATCH,UNIT_SCADA,1,"2022/10/20 15:15:00",YWPS3,318.175960
D,DISPATCH,UNIT_SCADA,1,"2022/10/20 15:15:00",YWPS4,0
C,"END OF REPORT",419
