C,NEMP.WORLD,DISPATCHSCADA,AEMO,PUBLIC,2022/10/20,15:15:09,0000000373263199,DISPATCHSCADA,0000000373263193
I,DISPATCH,UNIT_SCADA,1,SETTLEMENTDATE,DUID,SCADAVALUE
D,DISPATCH,UNIT_SCADA,1,"2022/10/20 15:20:00",BARCSF1,4.30
D,DISPATCH,UNIT_SCADA,1,"2022/10/20 15:20:00",BUTLERSG,8.699999
D,DISPATCH,UNIT_SCADA,1,"2022/10/20 15:20:00",CAPTL_WF,74.712082
D,DISPATCH,UNIT_SCADA,1,"2022/10/20 15:20:00",CHALLHWF,13.20
D,DISPATCH,UNIT_SCADA,1,"2022/10/20 15:20:00",CLOVER,10.73
D,DISPATCH,UNIT_SCADA,1,"2022/10/20 15:20:00",CLUNY,6.219730
D,DISPATCH,UNIT_SCADA,1,"2022/10/20 15:20:00",CULLRGWF,-0.03
D,DISPATCH,UNIT_SCADA,1,"2022/10/20 15:20:00",DIAPURWF1,6.40
D,DISPATCH,UNIT_SCADA,1,"2022/10/20 15:20:00",ERGT01,0
D,DISPATCH,UNIT_SCADA,1,"2022/10/20 15:20:00",GB01,0
D,DISPATCH,UNIT_SCADA,1,"2022/10/20 15:20:00",GERMCRK,21.200001
D,DISPATCH,UNIT_SCADA,1,"2022/10/20 15:20:00",GRIFSF1,4.100099
D,DISPATCH,UNIT_SCADA,1,"2022/10/20 15:20:00",HEZ1,0
D,DISPATCH,UNIT_SCADA,1,"2022/10/20 15:20:00",HUGSF1,12.719001
D,DISPATCH,UNIT_SCADA,1,"2022/10/20 15:20:00",KEPBG1,0
D,DISPATCH,UNIT_SCADA,1,"2022/10/20 15:20:00",LRSF1,12.582001
D,DISPATCH,UNIT_SCADA,1,"2022/10/20 15:20:00",MBAHNTH,42.993744
D,DISPATCH,UNIT_SCADA,1,"2022/10/20 15:20:00",MLSP1,2.503001
D,DISPATCH,UNIT_SCADA,1,"2022/10/20 15:20:00",MLWF1,5.52
D,DISPATCH,UNIT_SCADA,1,"2022/10/20 15:20:00",PALOONA,30.309999
D,DISPATCH,UNIT_SCADA,1,"2022/10/20 15:20:00",PIONEER,41.600002
D,DISPATCH,UNIT_SCADA,1,"2022/10/20 15:20:00",PORTWF,39.400002
D,DISPATCH,UNIT_SCADA,1,"2022/10/20 15:20:00",REPULSE,9.461204
D,DISPATCH,UNIT_SCADA,1,"2022/10/20 15:20:00",ROWALLAN,8.974401
D,DISPATCH,UNIT_SCADA,1,"2022/10/20 15:20:00",ROYALLA1,4.350003
D,DISPATCH,UNIT_SCADA,1,"2022/10/20 15:20:00",RPCG,-1.80
D,DISPATCH,UNIT_SCADA,1,"2022/10/20 15:20:00",RUBICON,0
D,DISPATCH,UNIT_SCADA,1,"2022/10/20 15:20:00",WAUBRAWF,60.099998
D,DISPATCH,UNIT_SCADA,1,"2022/10/20 15:20:00",WOOLNTH1,95.179993
D,DISPATCH,UNIT_SCADA,1,"2022/10/20 15:20:00",YAMBUKWF,4.20
D,DISPATCH,UNIT_SCADA,1,"2022/10/20 15:20:00",YSWF1,2.40
D,DISPATCH,UNIT_SCADA,1,"2022/10/20 15:20:00",ADPBA1G,0.0080
D,DISPATCH,UNIT_SCADA,1,"2022/10/20 15:20:00",ADPBA1L,0
D,DISPATCH,UNIT_SCADA,1,"2022/10/20 15:20:00",ADPPV1,8.7820
D,DISPATCH,UNIT_SCADA,1,"2022/10/20 15:20:00",AGLHAL,0
D,DISPATCH,UNIT_SCADA,1,"2022/10/20 15:20:00",AGLSOM,0
D,DISPATCH,UNIT_SCADA,1,"2022/10/20 15:20:00",ANGAST1,0
D,DISPATCH,UNIT_SCADA,1,"2022/10/20 15:20:00",ARWF1,17.20
D,DISPATCH,UNIT_SCADA,1,"2022/10/20 15:20:00",BALBG1,0
D,DISPATCH,UNIT_SCADA,1,"2022/10/20 15:20:00",BALBL1,0
D,DISPATCH,UNIT_SCADA,1,"2022/10/20 15:20:00",BALDHWF1,89.1350
D,DISPATCH,UNIT_SCADA,1,"2022/10/20 15:20:00",BANGOWF1,36.497140
D,DISPATCH,UNIT_SCADA,1,"2022/10/20 15:20:00",BANGOWF2,25.098570
D,DISPATCH,UNIT_SCADA,1,"2022/10/20 15:20:00",BANN1,14.12
D,DISPATCH,UNIT_SCADA,1,"2022/10/20 15:20:00",BARCALDN,0
D,DISPATCH,UNIT_SCADA,1,"2022/10/20 15:20:00",BARKIPS1,0
D,DISPATCH,UNIT_SCADA,1,"2022/10/20 15:20:00",BARRON-1,25.64
D,DISPATCH,UNIT_SCADA,1,"2022/10/20 15:20:00",BARRON-2,0
D,DISPATCH,UNIT_SCADA,1,"2022/10/20 15:20:00",BASTYAN,54.54
D,DISPATCH,UNIT_SCADA,1,"2022/10/20 15:20:00",BBTHREE1,0
D,DISPATCH,UNIT_SCADA,1,"2022/10/20 15:20:00",BBTHREE2,0
D,DISPATCH,UNIT_SCADA,1,"2022/10/20 15:20:00",BBTHREE3,0
D,DISPATCH,UNIT_SCADA,1,"2022/10/20 15:20:00",BDL01,0
D,DISPATCH,UNIT_SCADA,1,"2022/10/20 15:20:00",BDL02,0
D,DISPATCH,UNIT_SCADA,1,"2022/10/20 15:20:00",BERYLSF1,1.780220
D,DISPATCH,UNIT_SCADA,1,"2022/10/20 15:20:00",BLOWERNG,62.50
D,DISPATCH,UNIT_SCADA,1,"2022/10/20 15:20:00",BLUEGSF1,18.981890
D,DISPATCH,UNIT_SCADA,1,"2022/10/20 15:20:00",BLUFF1,0.40
D,DISPATCH,UNIT_SCADA,1,"2022/10/20 15:20:00",BNGSF1,20.33
D,DISPATCH,UNIT_SCADA,1,"2022/10/20 15:20:00",BNGSF2,19.47
D,DISPATCH,UNIT_SCADA,1,"2022/10/20 15:20:00",BOCORWF1,53.29
D,DISPATCH,UNIT_SCADA,1,"2022/10/20 15:20:00",BODWF1,76.572540
D,DISPATCH,UNIT_SCADA,1,"2022/10/20 15:20:00",BOMENSF1,22.740220
D,DISPATCH,UNIT_SCADA,1,"2022/10/20 15:20:00",BOWWBA1G,0
D,DISPATCH,UNIT_SCADA,1,"2022/10/20 15:20:00",BOWWBA1L,0
D,DISPATCH,UNIT_SCADA,1,"2022/10/20 15:20:00",BOWWPV1,0.0010
D,DISPATCH,UNIT_SCADA,1,"2022/10/20 15:20:00",BRAEMAR1,0
D,DISPATCH,UNIT_SCADA,1,"2022/10/20 15:20:00",BRAEMAR2,0
D,DISPATCH,UNIT_SCADA,1,"2022/10/20 15:20:00",BRAEMAR3,0
D,DISPATCH,UNIT_SCADA,1,"2022/10/20 15:20:00",BRAEMAR5,0.292060
D,DISPATCH,UNIT_SCADA,1,"2022/10/20 15:20:00",BRAEMAR6,0
D,DISPATCH,UNIT_SCADA,1,"2022/10/20 15:20:00",BRAEMAR7,111.677320
D,DISPATCH,UNIT_SCADA,1,"2022/10/20 15:20:00",BROKENH1,51.399220
D,DISPATCH,UNIT_SCADA,1,"2022/10/20 15:20:00",BRYB1WF1,75.815980
D,DISPATCH,UNIT_SCADA,1,"2022/10/20 15:20:00",BULBESG1,0
D,DISPATCH,UNIT_SCADA,1,"2022/10/20 15:20:00",BULBESL1,0.04
D,DISPATCH,UNIT_SCADA,1,"2022/10/20 15:20:00",BULGANA1,2.25
D,DISPATCH,UNIT_SCADA,1,"2022/10/20 15:20:00",BW01,661.325990
D,DISPATCH,UNIT_SCADA,1,"2022/10/20 15:20:00",BW02,617.575320
D,DISPATCH,UNIT_SCADA,1,"2022/10/20 15:20:00",BW03,527.217530
D,DISPATCH,UNIT_SCADA,1,"2022/10/20 15:20:00",BW04,0
D,DISPATCH,UNIT_SCADA,1,"2022/10/20 15:20:00",CALL_B_1,320.700010
D,DISPATCH,UNIT_SCADA,1,"2022/10/20 15:20:00",CALL_B_2,321.50
D,DISPATCH,UNIT_SCADA,1,"2022/10/20 15:20:00",CATHROCK,5
D,DISPATCH,UNIT_SCADA,1,"2022/10/20 15:20:00",CBWWBA1G,0
D,DISPATCH,UNIT_SCADA,1,"2022/10/20 15:20:00",CBWWBA1L,0
D,DISPATCH,UNIT_SCADA,1,"2022/10/20 15:20:00",CETHANA,95.909250
D,DISPATCH,UNIT_SCADA,1,"2022/10/20 15:20:00",CG1,0
D,DISPATCH,UNIT_SCADA,1,"2022/10/20 15:20:00",CG2,0
D,DISPATCH,UNIT_SCADA,1,"2022/10/20 15:20:00",CG3,0
D,DISPATCH,UNIT_SCADA,1,"2022/10/20 15:20:00",CG4,0
D,DISPATCH,UNIT_SCADA,1,"2022/10/20 15:20:00",CHILDSF1,9.54
D,DISPATCH,UNIT_SCADA,1,"2022/10/20 15:20:00",CHYTWF1,10.90
D,DISPATCH,UNIT_SCADA,1,"2022/10/20 15:20:00",CLARESF1,31.380480
D,DISPATCH,UNIT_SCADA,1,"2022/10/20 15:20:00",CLEMGPWF,0.072030
D,DISPATCH,UNIT_SCADA,1,"2022/10/20 15:20:00",CLERMSF1,50.57
D,DISPATCH,UNIT_SCADA,1,"2022/10/20 15:20:00",CNUNDAWF,10.412150
D,DISPATCH,UNIT_SCADA,1,"2022/10/20 15:20:00",COHUNSF1,15.48
D,DISPATCH,UNIT_SCADA,1,"2022/10/20 15:20:00",COLEASF1,28.1014
D,DISPATCH,UNIT_SCADA,1,"2022/10/20 15:20:00",COLUMSF1,6.2210
D,DISPATCH,UNIT_SCADA,1,"2022/10/20 15:20:00",COLWF01,77.654690
D,DISPATCH,UNIT_SCADA,1,"2022/10/20 15:20:00",COOPGWF1,265.06
D,DISPATCH,UNIT_SCADA,1,"2022/10/20 15:20:00",CPP_3,362.175020
D,DISPATCH,UNIT_SCADA,1,"2022/10/20 15:20:00",CPP_4,0
D,DISPATCH,UNIT_SCADA,1,"2022/10/20 15:20:00",CPSA,0
D,DISPATCH,UNIT_SCADA,1,"2022/10/20 15:20:00",CROOKWF2,30.683450
D,DISPATCH,UNIT_SCADA,1,"2022/10/20 15:20:00",CROWLWF1,8.758270
D,DISPATCH,UNIT_SCADA,1,"2022/10/20 15:20:00",CRURWF1,8.799340
D,DISPATCH,UNIT_SCADA,1,"2022/10/20 15:20:00",CRWASF1,20.725760
D,DISPATCH,UNIT_SCADA,1,"2022/10/20 15:20:00",CSPVPS1,13.8750
D,DISPATCH,UNIT_SCADA,1,"2022/10/20 15:20:00",CTHLWF1,0.003050
D,DISPATCH,UNIT_SCADA,1,"2022/10/20 15:20:00",DALNTH01,0
D,DISPATCH,UNIT_SCADA,1,"2022/10/20 15:20:00",DALNTHL1,0.1236
D,DISPATCH,UNIT_SCADA,1,"2022/10/20 15:20:00",DARLSF1,68.393680
D,DISPATCH,UNIT_SCADA,1,"2022/10/20 15:20:00",DARTM1,0
D,DISPATCH,UNIT_SCADA,1,"2022/10/20 15:20:00",DAYDSF1,88.5120
D,DISPATCH,UNIT_SCADA,1,"2022/10/20 15:20:00",DDPS1,0
D,DISPATCH,UNIT_SCADA,1,"2022/10/20 15:20:00",DDSF1,10.165250
D,DISPATCH,UNIT_SCADA,1,"2022/10/20 15:20:00",DEVILS_G,59.408550
D,DISPATCH,UNIT_SCADA,1,"2022/10/20 15:20:00",DG_NSW1,0
D,DISPATCH,UNIT_SCADA,1,"2022/10/20 15:20:00",DG_QLD1,0
D,DISPATCH,UNIT_SCADA,1,"2022/10/20 15:20:00",DG_SA1,0
D,DISPATCH,UNIT_SCADA,1,"2022/10/20 15:20:00",DG_TAS1,0
D,DISPATCH,UNIT_SCADA,1,"2022/10/20 15:20:00",DG_VIC1,0
D,DISPATCH,UNIT_SCADA,1,"2022/10/20 15:20:00",DRYCGT1,0
D,DISPATCH,UNIT_SCADA,1,"2022/10/20 15:20:00",DRYCGT2,0
D,DISPATCH,UNIT_SCADA,1,"2022/10/20 15:20:00",DRYCGT3,0
D,DISPATCH,UNIT_SCADA,1,"2022/10/20 15:20:00",DUNDWF1,64.77
D,DISPATCH,UNIT_SCADA,1,"2022/10/20 15:20:00",DUNDWF2,18.37
D,DISPATCH,UNIT_SCADA,1,"2022/10/20 15:20:00",DUNDWF3,53.77
D,DISPATCH,UNIT_SCADA,1,"2022/10/20 15:20:00",EILDON1,60.04
D,DISPATCH,UNIT_SCADA,1,"2022/10/20 15:20:00",EILDON2,60
D,DISPATCH,UNIT_SCADA,1,"2022/10/20 15:20:00",ELAINWF1,20.10
D,DISPATCH,UNIT_SCADA,1,"2022/10/20 15:20:00",EMERASF1,0
D,DISPATCH,UNIT_SCADA,1,"2022/10/20 15:20:00",ER01,0
D,DISPATCH,UNIT_SCADA,1,"2022/10/20 15:20:00",ER02,521.406860
D,DISPATCH,UNIT_SCADA,1,"2022/10/20 15:20:00",ER03,522.871770
D,DISPATCH,UNIT_SCADA,1,"2022/10/20 15:20:00",ER04,521.919560
D,DISPATCH,UNIT_SCADA,1,"2022/10/20 15:20:00",FINLYSF1,107.414360
D,DISPATCH,UNIT_SCADA,1,"2022/10/20 15:20:00",FISHER,43.91
D,DISPATCH,UNIT_SCADA,1,"2022/10/20 15:20:00",GANGARR1,0
D,DISPATCH,UNIT_SCADA,1,"2022/10/20 15:20:00",GANNBG1,0
D,DISPATCH,UNIT_SCADA,1,"2022/10/20 15:20:00",GANNBL1,0.9915
D,DISPATCH,UNIT_SCADA,1,"2022/10/20 15:20:00",GANNSF1,33
D,DISPATCH,UNIT_SCADA,1,"2022/10/20 15:20:00",GLRWNSF1,99.18
D,DISPATCH,UNIT_SCADA,1,"2022/10/20 15:20:00",GNNDHSF1,45.966350
D,DISPATCH,UNIT_SCADA,1,"2022/10/20 15:20:00",GOONSF1,20.401920
D,DISPATCH,UNIT_SCADA,1,"2022/10/20 15:20:00",GORDON,228.2171
D,DISPATCH,UNIT_SCADA,1,"2022/10/20 15:20:00",GRANWF1,0
D,DISPATCH,UNIT_SCADA,1,"2022/10/20 15:20:00",GSTONE1,185.849990
D,DISPATCH,UNIT_SCADA,1,"2022/10/20 15:20:00",GSTONE2,0
D,DISPATCH,UNIT_SCADA,1,"2022/10/20 15:20:00",GSTONE3,167.30
D,DISPATCH,UNIT_SCADA,1,"2022/10/20 15:20:00",GSTONE4,0
D,DISPATCH,UNIT_SCADA,1,"2022/10/20 15:20:00",GSTONE5,160.8250
D,DISPATCH,UNIT_SCADA,1,"2022/10/20 15:20:00",GSTONE6,170.45
D,DISPATCH,UNIT_SCADA,1,"2022/10/20 15:20:00",GULLRSF1,0.784990
D,DISPATCH,UNIT_SCADA,1,"2022/10/20 15:20:00",GULLRWF1,68.633960
D,DISPATCH,UNIT_SCADA,1,"2022/10/20 15:20:00",GULLRWF2,70.752060
D,DISPATCH,UNIT_SCADA,1,"2022/10/20 15:20:00",GUNNING1,0
D,DISPATCH,UNIT_SCADA,1,"2022/10/20 15:20:00",GUTHEGA,67.70
D,DISPATCH,UNIT_SCADA,1,"2022/10/20 15:20:00",HALLWF1,0
D,DISPATCH,UNIT_SCADA,1,"2022/10/20 15:20:00",HALLWF2,0
D,DISPATCH,UNIT_SCADA,1,"2022/10/20 15:20:00",HAMISF1,12.80
D,DISPATCH,UNIT_SCADA,1,"2022/10/20 15:20:00",HAUGHT11,92.426240
D,DISPATCH,UNIT_SCADA,1,"2022/10/20 15:20:00",HAYMSF1,14.09
D,DISPATCH,UNIT_SCADA,1,"2022/10/20 15:20:00",HDWF1,4
D,DISPATCH,UNIT_SCADA,1,"2022/10/20 15:20:00",HDWF2,4.40
D,DISPATCH,UNIT_SCADA,1,"2022/10/20 15:20:00",HDWF3,1.90
D,DISPATCH,UNIT_SCADA,1,"2022/10/20 15:20:00",HILLSTN1,12.071940
D,DISPATCH,UNIT_SCADA,1,"2022/10/20 15:20:00",HPRG1,29.10
D,DISPATCH,UNIT_SCADA,1,"2022/10/20 15:20:00",HPRL1,0
D,DISPATCH,UNIT_SCADA,1,"2022/10/20 15:20:00",HUMENSW,53.933810
D,DISPATCH,UNIT_SCADA,1,"2022/10/20 15:20:00",HUMEV,0
D,DISPATCH,UNIT_SCADA,1,"2022/10/20 15:20:00",HVWWBA1G,0
D,DISPATCH,UNIT_SCADA,1,"2022/10/20 15:20:00",HVWWBA1L,0.0070
D,DISPATCH,UNIT_SCADA,1,"2022/10/20 15:20:00",HVWWPV1,4.8540
D,DISPATCH,UNIT_SCADA,1,"2022/10/20 15:20:00",JBUTTERS,0
D,DISPATCH,UNIT_SCADA,1,"2022/10/20 15:20:00",JEMALNG1,50.83
D,DISPATCH,UNIT_SCADA,1,"2022/10/20 15:20:00",JLA01,0
D,DISPATCH,UNIT_SCADA,1,"2022/10/20 15:20:00",JLA02,0
D,DISPATCH,UNIT_SCADA,1,"2022/10/20 15:20:00",JLA03,0
D,DISPATCH,UNIT_SCADA,1,"2022/10/20 15:20:00",JLA04,0
D,DISPATCH,UNIT_SCADA,1,"2022/10/20 15:20:00",JLB01,0
D,DISPATCH,UNIT_SCADA,1,"2022/10/20 15:20:00",JLB02,0.10
D,DISPATCH,UNIT_SCADA,1,"2022/10/20 15:20:00",JLB03,0
D,DISPATCH,UNIT_SCADA,1,"2022/10/20 15:20:00",JUNEESF1,5.246980
D,DISPATCH,UNIT_SCADA,1,"2022/10/20 15:20:00",KABANWF1,2.4940
D,DISPATCH,UNIT_SCADA,1,"2022/10/20 15:20:00",KAREEYA1,18.10
D,DISPATCH,UNIT_SCADA,1,"2022/10/20 15:20:00",KAREEYA2,0
D,DISPATCH,UNIT_SCADA,1,"2022/10/20 15:20:00",KAREEYA3,18.0550
D,DISPATCH,UNIT_SCADA,1,"2022/10/20 15:20:00",KAREEYA4,0
D,DISPATCH,UNIT_SCADA,1,"2022/10/20 15:20:00",KARSF1,26.40
D,DISPATCH,UNIT_SCADA,1,"2022/10/20 15:20:00",KEPSF1,7.99
D,DISPATCH,UNIT_SCADA,1,"2022/10/20 15:20:00",KEPWF1,16.98
D,DISPATCH,UNIT_SCADA,1,"2022/10/20 15:20:00",KIAMSF1,49.824520
D,DISPATCH,UNIT_SCADA,1,"2022/10/20 15:20:00",KIATAWF1,7.90
D,DISPATCH,UNIT_SCADA,1,"2022/10/20 15:20:00",KPP_1,0
D,DISPATCH,UNIT_SCADA,1,"2022/10/20 15:20:00",KSP1,14.16
D,DISPATCH,UNIT_SCADA,1,"2022/10/20 15:20:00",LADBROK1,0.01
D,DISPATCH,UNIT_SCADA,1,"2022/10/20 15:20:00",LADBROK2,0.02
D,DISPATCH,UNIT_SCADA,1,"2022/10/20 15:20:00",LBBG1,0.15
D,DISPATCH,UNIT_SCADA,1,"2022/10/20 15:20:00",LBBL1,0
D,DISPATCH,UNIT_SCADA,1,"2022/10/20 15:20:00",LD01,285.012360
D,DISPATCH,UNIT_SCADA,1,"2022/10/20 15:20:00",LD02,31.348610
D,DISPATCH,UNIT_SCADA,1,"2022/10/20 15:20:00",LD04,284.719390
D,DISPATCH,UNIT_SCADA,1,"2022/10/20 15:20:00",LEM_WIL,79.278530
D,DISPATCH,UNIT_SCADA,1,"2022/10/20 15:20:00",LGAPWF1,60.61
D,DISPATCH,UNIT_SCADA,1,"2022/10/20 15:20:00",LGAPWF2,36.49
D,DISPATCH,UNIT_SCADA,1,"2022/10/20 15:20:00",LILYSF1,73.9246
D,DISPATCH,UNIT_SCADA,1,"2022/10/20 15:20:00",LIMOSF11,57.2282
D,DISPATCH,UNIT_SCADA,1,"2022/10/20 15:20:00",LIMOSF21,8.003270
D,DISPATCH,UNIT_SCADA,1,"2022/10/20 15:20:00",LI_WY_CA,63.4676
D,DISPATCH,UNIT_SCADA,1,"2022/10/20 15:20:00",LKBONNY1,0
D,DISPATCH,UNIT_SCADA,1,"2022/10/20 15:20:00",LKBONNY2,12.486420
D,DISPATCH,UNIT_SCADA,1,"2022/10/20 15:20:00",LKBONNY3,3.070210
D,DISPATCH,UNIT_SCADA,1,"2022/10/20 15:20:00",LK_ECHO,0
D,DISPATCH,UNIT_SCADA,1,"2022/10/20 15:20:00",LNGS1,0
D,DISPATCH,UNIT_SCADA,1,"2022/10/20 15:20:00",LNGS2,0
D,DISPATCH,UNIT_SCADA,1,"2022/10/20 15:20:00",LONSDALE,0
D,DISPATCH,UNIT_SCADA,1,"2022/10/20 15:20:00",LOYYB1,495.110140
D,DISPATCH,UNIT_SCADA,1,"2022/10/20 15:20:00",LOYYB2,495.486080
D,DISPATCH,UNIT_SCADA,1,"2022/10/20 15:20:00",LYA1,494
D,DISPATCH,UNIT_SCADA,1,"2022/10/20 15:20:00",LYA2,0
D,DISPATCH,UNIT_SCADA,1,"2022/10/20 15:20:00",LYA3,524
D,DISPATCH,UNIT_SCADA,1,"2022/10/20 15:20:00",LYA4,524
D,DISPATCH,UNIT_SCADA,1,"2022/10/20 15:20:00",MACARTH1,47.5989
D,DISPATCH,UNIT_SCADA,1,"2022/10/20 15:20:00",MACKNTSH,0
D,DISPATCH,UNIT_SCADA,1,"2022/10/20 15:20:00",MANSLR1,8.9190
D,DISPATCH,UNIT_SCADA,1,"2022/10/20 15:20:00",MAPS2PV1,0
D,DISPATCH,UNIT_SCADA,1,"2022/10/20 15:20:00",MAPS3PV1,0
D,DISPATCH,UNIT_SCADA,1,"2022/10/20 15:20:00",MARYRSF1,4.26
D,DISPATCH,UNIT_SCADA,1,"2022/10/20 15:20:00",MBPS2PV1,0
D,DISPATCH,UNIT_SCADA,1,"2022/10/20 15:20:00",MCKAY1,0.02
D,DISPATCH,UNIT_SCADA,1,"2022/10/20 15:20:00",MEADOWBK,6.1447
D,DISPATCH,UNIT_SCADA,1,"2022/10/20 15:20:00",MERCER01,22.90
D,DISPATCH,UNIT_SCADA,1,"2022/10/20 15:20:00",METZSF1,103.084110
D,DISPATCH,UNIT_SCADA,1,"2022/10/20 15:20:00",MEWF1,44.720130
D,DISPATCH,UNIT_SCADA,1,"2022/10/20 15:20:00",MIDDLSF1,26.01
D,DISPATCH,UNIT_SCADA,1,"2022/10/20 15:20:00",MINTARO,0.128180
D,DISPATCH,UNIT_SCADA,1,"2022/10/20 15:20:00",MOLNGSF1,5.301590
D,DISPATCH,UNIT_SCADA,1,"2022/10/20 15:20:00",MOORAWF1,35.31
D,DISPATCH,UNIT_SCADA,1,"2022/10/20 15:20:00",MOREESF1,23.2780
D,DISPATCH,UNIT_SCADA,1,"2022/10/20 15:20:00",MORTLK11,0
D,DISPATCH,UNIT_SCADA,1,"2022/10/20 15:20:00",MORTLK12,0
D,DISPATCH,UNIT_SCADA,1,"2022/10/20 15:20:00",MOUSF1,0
D,DISPATCH,UNIT_SCADA,1,"2022/10/20 15:20:00",MP1,0
D,DISPATCH,UNIT_SCADA,1,"2022/10/20 15:20:00",MP2,482.832060
D,DISPATCH,UNIT_SCADA,1,"2022/10/20 15:20:00",MPP_1,124.317520
D,DISPATCH,UNIT_SCADA,1,"2022/10/20 15:20:00",MPP_2,189.8257
D,DISPATCH,UNIT_SCADA,1,"2022/10/20 15:20:00",MRTLSWF1,0
D,DISPATCH,UNIT_SCADA,1,"2022/10/20 15:20:00",MSTUART1,0
D,DISPATCH,UNIT_SCADA,1,"2022/10/20 15:20:00",MSTUART2,0
D,DISPATCH,UNIT_SCADA,1,"2022/10/20 15:20:00",MSTUART3,0
D,DISPATCH,UNIT_SCADA,1,"2022/10/20 15:20:00",MTGELWF1,41.985840
D,DISPATCH,UNIT_SCADA,1,"2022/10/20 15:20:00",MTMILLAR,11
D,DISPATCH,UNIT_SCADA,1,"2022/10/20 15:20:00",MURRAY,0
D,DISPATCH,UNIT_SCADA,1,"2022/10/20 15:20:00",MUSSELR1,4.20
D,DISPATCH,UNIT_SCADA,1,"2022/10/20 15:20:00",MUWAWF1,41.83
D,DISPATCH,UNIT_SCADA,1,"2022/10/20 15:20:00",MUWAWF2,35.30
D,DISPATCH,UNIT_SCADA,1,"2022/10/20 15:20:00",MWPS1PV1,4.57
D,DISPATCH,UNIT_SCADA,1,"2022/10/20 15:20:00",MWPS2PV1,2.20
D,DISPATCH,UNIT_SCADA,1,"2022/10/20 15:20:00",MWPS3PV1,0.65
D,DISPATCH,UNIT_SCADA,1,"2022/10/20 15:20:00",MWPS4PV1,0.79
D,DISPATCH,UNIT_SCADA,1,"2022/10/20 15:20:00",NBHWF1,0
D,DISPATCH,UNIT_SCADA,1,"2022/10/20 15:20:00",NEVERSF1,7.74
D,DISPATCH,UNIT_SCADA,1,"2022/10/20 15:20:00",NPS,0
D,DISPATCH,UNIT_SCADA,1,"2022/10/20 15:20:00",NUMURSF1,37.23
D,DISPATCH,UNIT_SCADA,1,"2022/10/20 15:20:00",NYNGAN1,0
D,DISPATCH,UNIT_SCADA,1,"2022/10/20 15:20:00",OAKEY1,0
D,DISPATCH,UNIT_SCADA,1,"2022/10/20 15:20:00",OAKEY1SF,6.9310
D,DISPATCH,UNIT_SCADA,1,"2022/10/20 15:20:00",OAKEY2,0
D,DISPATCH,UNIT_SCADA,1,"2022/10/20 15:20:00",OAKEY2SF,11.35
D,DISPATCH,UNIT_SCADA,1,"2022/10/20 15:20:00",OAKLAND1,15.80
D,DISPATCH,UNIT_SCADA,1,"2022/10/20 15:20:00",OSB-AG,16.27
D,DISPATCH,UNIT_SCADA,1,"2022/10/20 15:20:00",PAREPS1,0
D,DISPATCH,UNIT_SCADA,1,"2022/10/20 15:20:00",PAREPW1,42.54
D,DISPATCH,UNIT_SCADA,1,"2022/10/20 15:20:00",PARSF1,14.000150
D,DISPATCH,UNIT_SCADA,1,"2022/10/20 15:20:00",POAT110,0
D,DISPATCH,UNIT_SCADA,1,"2022/10/20 15:20:00",POAT220,0
D,DISPATCH,UNIT_SCADA,1,"2022/10/20 15:20:00",POR01,0.008670
D,DISPATCH,UNIT_SCADA,1,"2022/10/20 15:20:00",POR03,0
D,DISPATCH,UNIT_SCADA,1,"2022/10/20 15:20:00",PPCCGT,166.841090
D,DISPATCH,UNIT_SCADA,1,"2022/10/20 15:20:00",PTSTAN1,0
D,DISPATCH,UNIT_SCADA,1,"2022/10/20 15:20:00",PUMP1,0
D,DISPATCH,UNIT_SCADA,1,"2022/10/20 15:20:00",PUMP2,0
D,DISPATCH,UNIT_SCADA,1,"2022/10/20 15:20:00",QBYNBG1,0
D,DISPATCH,UNIT_SCADA,1,"2022/10/20 15:20:00",QBYNBL1,1.072480
D,DISPATCH,UNIT_SCADA,1,"2022/10/20 15:20:00",QPS1,0
D,DISPATCH,UNIT_SCADA,1,"2022/10/20 15:20:00",QPS2,0
D,DISPATCH,UNIT_SCADA,1,"2022/10/20 15:20:00",QPS3,0
D,DISPATCH,UNIT_SCADA,1,"2022/10/20 15:20:00",QPS4,0
D,DISPATCH,UNIT_SCADA,1,"2022/10/20 15:20:00",QPS5,75.77
D,DISPATCH,UNIT_SCADA,1,"2022/10/20 15:20:00",REECE1,0
D,DISPATCH,UNIT_SCADA,1,"2022/10/20 15:20:00",REECE2,0
D,DISPATCH,UNIT_SCADA,1,"2022/10/20 15:20:00",ROMA_7,0
D,DISPATCH,UNIT_SCADA,1,"2022/10/20 15:20:00",ROMA_8,0
D,DISPATCH,UNIT_SCADA,1,"2022/10/20 15:20:00",RRSF1,3.493910
D,DISPATCH,UNIT_SCADA,1,"2022/10/20 15:20:00",RT_NSW1,0
D,DISPATCH,UNIT_SCADA,1,"2022/10/20 15:20:00",RT_NSW2,0
D,DISPATCH,UNIT_SCADA,1,"2022/10/20 15:20:00",RT_NSW3,0
D,DISPATCH,UNIT_SCADA,1,"2022/10/20 15:20:00",RT_NSW4,0
D,DISPATCH,UNIT_SCADA,1,"2022/10/20 15:20:00",RT_NSW5,0
D,DISPATCH,UNIT_SCADA,1,"2022/10/20 15:20:00",RT_NSW6,0
D,DISPATCH,UNIT_SCADA,1,"2022/10/20 15:20:00",RT_QLD1,0
D,DISPATCH,UNIT_SCADA,1,"2022/10/20 15:20:00",RT_SA1,0
D,DISPATCH,UNIT_SCADA,1,"2022/10/20 15:20:00",RT_SA2,0
D,DISPATCH,UNIT_SCADA,1,"2022/10/20 15:20:00",RT_SA3,0
D,DISPATCH,UNIT_SCADA,1,"2022/10/20 15:20:00",RT_SA4,0
D,DISPATCH,UNIT_SCADA,1,"2022/10/20 15:20:00",RT_SA5,0
D,DISPATCH,UNIT_SCADA,1,"2022/10/20 15:20:00",RT_SA6,0
D,DISPATCH,UNIT_SCADA,1,"2022/10/20 15:20:00",RT_TAS1,0
D,DISPATCH,UNIT_SCADA,1,"2022/10/20 15:20:00",RT_VIC1,0
D,DISPATCH,UNIT_SCADA,1,"2022/10/20 15:20:00",RT_VIC10,0
D,DISPATCH,UNIT_SCADA,1,"2022/10/20 15:20:00",RT_VIC11,0
D,DISPATCH,UNIT_SCADA,1,"2022/10/20 15:20:00",RT_VIC12,0
D,DISPATCH,UNIT_SCADA,1,"2022/10/20 15:20:00",RT_VIC2,0
D,DISPATCH,UNIT_SCADA,1,"2022/10/20 15:20:00",RT_VIC3,0
D,DISPATCH,UNIT_SCADA,1,"2022/10/20 15:20:00",RT_VIC4,0
D,DISPATCH,UNIT_SCADA,1,"2022/10/20 15:20:00",RT_VIC5,0
D,DISPATCH,UNIT_SCADA,1,"2022/10/20 15:20:00",RT_VIC6,0
D,DISPATCH,UNIT_SCADA,1,"2022/10/20 15:20:00",RT_VIC7,0
D,DISPATCH,UNIT_SCADA,1,"2022/10/20 15:20:00",RT_VIC8,0
D,DISPATCH,UNIT_SCADA,1,"2022/10/20 15:20:00",RT_VIC9,0
D,DISPATCH,UNIT_SCADA,1,"2022/10/20 15:20:00",RUGBYR1,0.000480
D,DISPATCH,UNIT_SCADA,1,"2022/10/20 15:20:00",SALTCRK1,19.13
D,DISPATCH,UNIT_SCADA,1,"2022/10/20 15:20:00",SAPHWF1,27.196160
D,DISPATCH,UNIT_SCADA,1,"2022/10/20 15:20:00",SEBSF1,10.935570
D,DISPATCH,UNIT_SCADA,1,"2022/10/20 15:20:00",SHGEN,0
D,DISPATCH,UNIT_SCADA,1,"2022/10/20 15:20:00",SHPUMP,0
D,DISPATCH,UNIT_SCADA,1,"2022/10/20 15:20:00",SITHE01,0.123710
D,DISPATCH,UNIT_SCADA,1,"2022/10/20 15:20:00",SMCSF1,2.6180
D,DISPATCH,UNIT_SCADA,1,"2022/10/20 15:20:00",SNAPPER1,0
D,DISPATCH,UNIT_SCADA,1,"2022/10/20 15:20:00",SNOWNTH1,19.10
D,DISPATCH,UNIT_SCADA,1,"2022/10/20 15:20:00",SNOWSTH1,12.70
D,DISPATCH,UNIT_SCADA,1,"2022/10/20 15:20:00",SNOWTWN1,11.609710
D,DISPATCH,UNIT_SCADA,1,"2022/10/20 15:20:00",SNOWYP,0
D,DISPATCH,UNIT_SCADA,1,"2022/10/20 15:20:00",SNUG1,0
D,DISPATCH,UNIT_SCADA,1,"2022/10/20 15:20:00",SRSF1,12.67
D,DISPATCH,UNIT_SCADA,1,"2022/10/20 15:20:00",STAN-1,336.172450
D,DISPATCH,UNIT_SCADA,1,"2022/10/20 15:20:00",STAN-2,335.057280
D,DISPATCH,UNIT_SCADA,1,"2022/10/20 15:20:00",STAN-3,156.223340
D,DISPATCH,UNIT_SCADA,1,"2022/10/20 15:20:00",STAN-4,332.993620
D,DISPATCH,UNIT_SCADA,1,"2022/10/20 15:20:00",STARHLWF,15.895360
D,DISPATCH,UNIT_SCADA,1,"2022/10/20 15:20:00",STOCKYD1,183.69
D,DISPATCH,UNIT_SCADA,1,"2022/10/20 15:20:00",STWF1,0
D,DISPATCH,UNIT_SCADA,1,"2022/10/20 15:20:00",SUNRSF1,26.482030
D,DISPATCH,UNIT_SCADA,1,"2022/10/20 15:20:00",SUNTPSF1,41.439230
D,DISPATCH,UNIT_SCADA,1,"2022/10/20 15:20:00",SWAN_E,189.823140
D,DISPATCH,UNIT_SCADA,1,"2022/10/20 15:20:00",TALWA1,0
D,DISPATCH,UNIT_SCADA,1,"2022/10/20 15:20:00",TARALGA1,0
D,DISPATCH,UNIT_SCADA,1,"2022/10/20 15:20:00",TARONG#1,346.800020
D,DISPATCH,UNIT_SCADA,1,"2022/10/20 15:20:00",TARONG#2,346.700010
D,DISPATCH,UNIT_SCADA,1,"2022/10/20 15:20:00",TARONG#3,0.90
D,DISPATCH,UNIT_SCADA,1,"2022/10/20 15:20:00",TARONG#4,287
D,DISPATCH,UNIT_SCADA,1,"2022/10/20 15:20:00",TARRALEA,54.10
D,DISPATCH,UNIT_SCADA,1,"2022/10/20 15:20:00",TBSF1,0.10
D,DISPATCH,UNIT_SCADA,1,"2022/10/20 15:20:00",TNPS1,324.6250
D,DISPATCH,UNIT_SCADA,1,"2022/10/20 15:20:00",TORRB1,0
D,DISPATCH,UNIT_SCADA,1,"2022/10/20 15:20:00",TORRB2,44
D,DISPATCH,UNIT_SCADA,1,"2022/10/20 15:20:00",TORRB3,0
D,DISPATCH,UNIT_SCADA,1,"2022/10/20 15:20:00",TORRB4,0
D,DISPATCH,UNIT_SCADA,1,"2022/10/20 15:20:00",TREVALLN,100.873890
D,DISPATCH,UNIT_SCADA,1,"2022/10/20 15:20:00",TRIBUTE,0
D,DISPATCH,UNIT_SCADA,1,"2022/10/20 15:20:00",TUMUT3,120.27
D,DISPATCH,UNIT_SCADA,1,"2022/10/20 15:20:00",TUNGATIN,6.940010
D,DISPATCH,UNIT_SCADA,1,"2022/10/20 15:20:00",TVCC201,0
D,DISPATCH,UNIT_SCADA,1,"2022/10/20 15:20:00",TVPP104,0
D,DISPATCH,UNIT_SCADA,1,"2022/10/20 15:20:00",UPPTUMUT,0
D,DISPATCH,UNIT_SCADA,1,"2022/10/20 15:20:00",URANQ11,0
D,DISPATCH,UNIT_SCADA,1,"2022/10/20 15:20:00",URANQ12,0
D,DISPATCH,UNIT_SCADA,1,"2022/10/20 15:20:00",URANQ13,0
D,DISPATCH,UNIT_SCADA,1,"2022/10/20 15:20:00",URANQ14,0
D,DISPATCH,UNIT_SCADA,1,"2022/10/20 15:20:00",VBBG1,0
D,DISPATCH,UNIT_SCADA,1,"2022/10/20 15:20:00",VBBL1,11.50
D,DISPATCH,UNIT_SCADA,1,"2022/10/20 15:20:00",VP5,546.4278
D,DISPATCH,UNIT_SCADA,1,"2022/10/20 15:20:00",VP6,560.856930
D,DISPATCH,UNIT_SCADA,1,"2022/10/20 15:20:00",VPGS1,0
D,DISPATCH,UNIT_SCADA,1,"2022/10/20 15:20:00",VPGS2,0
D,DISPATCH,UNIT_SCADA,1,"2022/10/20 15:20:00",VPGS3,0
D,DISPATCH,UNIT_SCADA,1,"2022/10/20 15:20:00",VPGS4,0
D,DISPATCH,UNIT_SCADA,1,"2022/10/20 15:20:00",VPGS5,0
D,DISPATCH,UNIT_SCADA,1,"2022/10/20 15:20:00",VPGS6,0
D,DISPATCH,UNIT_SCADA,1,"2022/10/20 15:20:00",W/HOE#1,0
D,DISPATCH,UNIT_SCADA,1,"2022/10/20 15:20:00",W/HOE#2,0
D,DISPATCH,UNIT_SCADA,1,"2022/10/20 15:20:00",WAGGNSF1,0
D,DISPATCH,UNIT_SCADA,1,"2022/10/20 15:20:00",WALGRVG1,0.000930
D,DISPATCH,UNIT_SCADA,1,"2022/10/20 15:20:00",WALGRVL1,0
D,DISPATCH,UNIT_SCADA,1,"2022/10/20 15:20:00",WANDBG1,0
D,DISPATCH,UNIT_SCADA,1,"2022/10/20 15:20:00",WANDBL1,0
D,DISPATCH,UNIT_SCADA,1,"2022/10/20 15:20:00",WARWSF1,2.23
D,DISPATCH,UNIT_SCADA,1,"2022/10/20 15:20:00",WARWSF2,2.22
D,DISPATCH,UNIT_SCADA,1,"2022/10/20 15:20:00",WATERLWF,1.10
D,DISPATCH,UNIT_SCADA,1,"2022/10/20 15:20:00",WDGPH1,65.141010
D,DISPATCH,UNIT_SCADA,1,"2022/10/20 15:20:00",WELLSF1,16.519420
D,DISPATCH,UNIT_SCADA,1,"2022/10/20 15:20:00",WEMENSF1,19.40
D,DISPATCH,UNIT_SCADA,1,"2022/10/20 15:20:00",WGWF1,3.70
D,DISPATCH,UNIT_SCADA,1,"2022/10/20 15:20:00",WHITSF1,15.50
D,DISPATCH,UNIT_SCADA,1,"2022/10/20 15:20:00",WINTSF1,84.96
D,DISPATCH,UNIT_SCADA,1,"2022/10/20 15:20:00",WKIEWA1,32.30
D,DISPATCH,UNIT_SCADA,1,"2022/10/20 15:20:00",WKIEWA2,14.20
D,DISPATCH,UNIT_SCADA,1,"2022/10/20 15:20:00",WOODLWN1,23.735230
D,DISPATCH,UNIT_SCADA,1,"2022/10/20 15:20:00",WOOLGSF1,4.299260
D,DISPATCH,UNIT_SCADA,1,"2022/10/20 15:20:00",WPWF,36.53
D,DISPATCH,UNIT_SCADA,1,"2022/10/20 15:20:00",WRSF1,4.730370
D,DISPATCH,UNIT_SCADA,1,"2022/10/20 15:20:00",WRWF1,9.041280
D,DISPATCH,UNIT_SCADA,1,"2022/10/20 15:20:00",WSTWYSF1,1.664260
D,DISPATCH,UNIT_SCADA,1,"2022/10/20 15:20:00",YABULU,0
D,DISPATCH,UNIT_SCADA,1,"2022/10/20 15:20:00",YABULU2,0
D,DISPATCH,UNIT_SCADA,1,"2022/10/20 15:20:00",YARANSF1,15.37
D,DISPATCH,UNIT_SCADA,1,"2022/10/20 15:20:00",YARWUN_1,159.899990
D,DISPATCH,UNIT_SCADA,1,"2022/10/20 15:20:00",YATSF1,70.19
D,DISPATCH,UNIT_SCADA,1,"2022/10/20 15:20:00",YENDWF1,24.45
D,DISPATCH,UNIT_SCADA,1,"2022/10/20 15:20:00",YWPS1,342.354430
D,DISPATCH,UNIT_SCADA,1,"2022/10/20 15:20:00",YWPS2,291.726590
D,DISPATCH,UNIT_SCADA,1,"2022/10/20 15:20:00",YWPS3,330.031650
D,DISPATCH,UNIT_SCADA,1,"2022/10/20 15:20:00",YWPS4,0
C,"END OF REPORT",419
