C,NEMP.WORLD,DISPATCHSCADA,AEMO,PUBLIC,2022/10/20,13:35:09,0000000373258037,DISPATCHSCADA,0000000373258031
I,DISPATCH,UNIT_SCADA,1,SETTLEMENTDATE,DUID,SCADAVALUE
D,DISPATCH,UNIT_SCADA,1,"2022/10/20 13:40:00",BARCSF1,11
D,DISPATCH,UNIT_SCADA,1,"2022/10/20 13:40:00",BUTLERSG,8.699999
D,DISPATCH,UNIT_SCADA,1,"2022/10/20 13:40:00",CAPTL_WF,50.328892
D,DISPATCH,UNIT_SCADA,1,"2022/10/20 13:40:00",CHALLHWF,9
D,DISPATCH,UNIT_SCADA,1,"2022/10/20 13:40:00",CLOVER,10.46
D,DISPATCH,UNIT_SCADA,1,"2022/10/20 13:40:00",CLUNY,5.105516
D,DISPATCH,UNIT_SCADA,1,"2022/10/20 13:40:00",CULLRGWF,-0.05
D,DISPATCH,UNIT_SCADA,1,"2022/10/20 13:40:00",DIAPURWF1,1.50
D,DISPATCH,UNIT_SCADA,1,"2022/10/20 13:40:00",ERGT01,0
D,DISPATCH,UNIT_SCADA,1,"2022/10/20 13:40:00",GB01,0
D,DISPATCH,UNIT_SCADA,1,"2022/10/20 13:40:00",GERMCRK,17.299999
D,DISPATCH,UNIT_SCADA,1,"2022/10/20 13:40:00",GRIFSF1,7.701228
D,DISPATCH,UNIT_SCADA,1,"2022/10/20 13:40:00",HEZ1,0
D,DISPATCH,UNIT_SCADA,1,"2022/10/20 13:40:00",HUGSF1,3.4390
D,DISPATCH,UNIT_SCADA,1,"2022/10/20 13:40:00",KEPBG1,0
D,DISPATCH,UNIT_SCADA,1,"2022/10/20 13:40:00",LRSF1,12.825001
D,DISPATCH,UNIT_SCADA,1,"2022/10/20 13:40:00",MBAHNTH,45.675003
D,DISPATCH,UNIT_SCADA,1,"2022/10/20 13:40:00",MLSP1,6.198001
D,DISPATCH,UNIT_SCADA,1,"2022/10/20 13:40:00",MLWF1,3.2850
D,DISPATCH,UNIT_SCADA,1,"2022/10/20 13:40:00",PALOONA,30.25
D,DISPATCH,UNIT_SCADA,1,"2022/10/20 13:40:00",PIONEER,42.200001
D,DISPATCH,UNIT_SCADA,1,"2022/10/20 13:40:00",PORTWF,84.400002
D,DISPATCH,UNIT_SCADA,1,"2022/10/20 13:40:00",REPULSE,9.632105
D,DISPATCH,UNIT_SCADA,1,"2022/10/20 13:40:00",ROWALLAN,8.9957
D,DISPATCH,UNIT_SCADA,1,"2022/10/20 13:40:00",ROYALLA1,8.199003
D,DISPATCH,UNIT_SCADA,1,"2022/10/20 13:40:00",RPCG,-1.80
D,DISPATCH,UNIT_SCADA,1,"2022/10/20 13:40:00",RUBICON,0
D,DISPATCH,UNIT_SCADA,1,"2022/10/20 13:40:00",WAUBRAWF,46.308998
D,DISPATCH,UNIT_SCADA,1,"2022/10/20 13:40:00",WOOLNTH1,90.669998
D,DISPATCH,UNIT_SCADA,1,"2022/10/20 13:40:00",YAMBUKWF,8.90
D,DISPATCH,UNIT_SCADA,1,"2022/10/20 13:40:00",YSWF1,3
D,DISPATCH,UNIT_SCADA,1,"2022/10/20 13:40:00",ADPBA1G,0.0080
D,DISPATCH,UNIT_SCADA,1,"2022/10/20 13:40:00",ADPBA1L,0
D,DISPATCH,UNIT_SCADA,1,"2022/10/20 13:40:00",ADPPV1,8.7780
D,DISPATCH,UNIT_SCADA,1,"2022/10/20 13:40:00",AGLHAL,0
D,DISPATCH,UNIT_SCADA,1,"2022/10/20 13:40:00",AGLSOM,0
D,DISPATCH,UNIT_SCADA,1,"2022/10/20 13:40:00",ANGAST1,0
D,DISPATCH,UNIT_SCADA,1,"2022/10/20 13:40:00",ARWF1,9.60
D,DISPATCH,UNIT_SCADA,1,"2022/10/20 13:40:00",BALBG1,0
D,DISPATCH,UNIT_SCADA,1,"2022/10/20 13:40:00",BALBL1,0
D,DISPATCH,UNIT_SCADA,1,"2022/10/20 13:40:00",BALDHWF1,67.0560
D,DISPATCH,UNIT_SCADA,1,"2022/10/20 13:40:00",BANGOWF1,22.6981
D,DISPATCH,UNIT_SCADA,1,"2022/10/20 13:40:00",BANGOWF2,0
D,DISPATCH,UNIT_SCADA,1,"2022/10/20 13:40:00",BANN1,23.70
D,DISPATCH,UNIT_SCADA,1,"2022/10/20 13:40:00",BARCALDN,0
D,DISPATCH,UNIT_SCADA,1,"2022/10/20 13:40:00",BARKIPS1,0
D,DISPATCH,UNIT_SCADA,1,"2022/10/20 13:40:00",BARRON-1,0
D,DISPATCH,UNIT_SCADA,1,"2022/10/20 13:40:00",BARRON-2,0
D,DISPATCH,UNIT_SCADA,1,"2022/10/20 13:40:00",BASTYAN,50.36
D,DISPATCH,UNIT_SCADA,1,"2022/10/20 13:40:00",BBTHREE1,0
D,DISPATCH,UNIT_SCADA,1,"2022/10/20 13:40:00",BBTHREE2,21.59
D,DISPATCH,UNIT_SCADA,1,"2022/10/20 13:40:00",BBTHREE3,-1.10
D,DISPATCH,UNIT_SCADA,1,"2022/10/20 13:40:00",BDL01,0
D,DISPATCH,UNIT_SCADA,1,"2022/10/20 13:40:00",BDL02,0
D,DISPATCH,UNIT_SCADA,1,"2022/10/20 13:40:00",BERYLSF1,5.141540
D,DISPATCH,UNIT_SCADA,1,"2022/10/20 13:40:00",BLOWERNG,62.60
D,DISPATCH,UNIT_SCADA,1,"2022/10/20 13:40:00",BLUEGSF1,63.178750
D,DISPATCH,UNIT_SCADA,1,"2022/10/20 13:40:00",BLUFF1,2.80
D,DISPATCH,UNIT_SCADA,1,"2022/10/20 13:40:00",BNGSF1,33.66
D,DISPATCH,UNIT_SCADA,1,"2022/10/20 13:40:00",BNGSF2,36.83
D,DISPATCH,UNIT_SCADA,1,"2022/10/20 13:40:00",BOCORWF1,41.79
D,DISPATCH,UNIT_SCADA,1,"2022/10/20 13:40:00",BODWF1,64.902770
D,DISPATCH,UNIT_SCADA,1,"2022/10/20 13:40:00",BOMENSF1,35.612720
D,DISPATCH,UNIT_SCADA,1,"2022/10/20 13:40:00",BOWWBA1G,0
D,DISPATCH,UNIT_SCADA,1,"2022/10/20 13:40:00",BOWWBA1L,0.0010
D,DISPATCH,UNIT_SCADA,1,"2022/10/20 13:40:00",BOWWPV1,0
D,DISPATCH,UNIT_SCADA,1,"2022/10/20 13:40:00",BRAEMAR1,0
D,DISPATCH,UNIT_SCADA,1,"2022/10/20 13:40:00",BRAEMAR2,0
D,DISPATCH,UNIT_SCADA,1,"2022/10/20 13:40:00",BRAEMAR3,0
D,DISPATCH,UNIT_SCADA,1,"2022/10/20 13:40:00",BRAEMAR5,0.292060
D,DISPATCH,UNIT_SCADA,1,"2022/10/20 13:40:00",BRAEMAR6,0
D,DISPATCH,UNIT_SCADA,1,"2022/10/20 13:40:00",BRAEMAR7,0.130920
D,DISPATCH,UNIT_SCADA,1,"2022/10/20 13:40:00",BROKENH1,31.299520
D,DISPATCH,UNIT_SCADA,1,"2022/10/20 13:40:00",BRYB1WF1,106.077670
D,DISPATCH,UNIT_SCADA,1,"2022/10/20 13:40:00",BULBESG1,0
D,DISPATCH,UNIT_SCADA,1,"2022/10/20 13:40:00",BULBESL1,2.03
D,DISPATCH,UNIT_SCADA,1,"2022/10/20 13:40:00",BULGANA1,0.61
D,DISPATCH,UNIT_SCADA,1,"2022/10/20 13:40:00",BW01,656.858150
D,DISPATCH,UNIT_SCADA,1,"2022/10/20 13:40:00",BW02,620.260930
D,DISPATCH,UNIT_SCADA,1,"2022/10/20 13:40:00",BW03,536.934450
D,DISPATCH,UNIT_SCADA,1,"2022/10/20 13:40:00",BW04,0
D,DISPATCH,UNIT_SCADA,1,"2022/10/20 13:40:00",CALL_B_1,319.50
D,DISPATCH,UNIT_SCADA,1,"2022/10/20 13:40:00",CALL_B_2,318.700010
D,DISPATCH,UNIT_SCADA,1,"2022/10/20 13:40:00",CATHROCK,7.60
D,DISPATCH,UNIT_SCADA,1,"2022/10/20 13:40:00",CBWWBA1G,0
D,DISPATCH,UNIT_SCADA,1,"2022/10/20 13:40:00",CBWWBA1L,0
D,DISPATCH,UNIT_SCADA,1,"2022/10/20 13:40:00",CETHANA,88.963750
D,DISPATCH,UNIT_SCADA,1,"2022/10/20 13:40:00",CG1,0
D,DISPATCH,UNIT_SCADA,1,"2022/10/20 13:40:00",CG2,0
D,DISPATCH,UNIT_SCADA,1,"2022/10/20 13:40:00",CG3,0
D,DISPATCH,UNIT_SCADA,1,"2022/10/20 13:40:00",CG4,0
D,DISPATCH,UNIT_SCADA,1,"2022/10/20 13:40:00",CHILDSF1,19.13
D,DISPATCH,UNIT_SCADA,1,"2022/10/20 13:40:00",CHYTWF1,5.01
D,DISPATCH,UNIT_SCADA,1,"2022/10/20 13:40:00",CLARESF1,41.773060
D,DISPATCH,UNIT_SCADA,1,"2022/10/20 13:40:00",CLEMGPWF,11.021350
D,DISPATCH,UNIT_SCADA,1,"2022/10/20 13:40:00",CLERMSF1,38.81
D,DISPATCH,UNIT_SCADA,1,"2022/10/20 13:40:00",CNUNDAWF,12.915070
D,DISPATCH,UNIT_SCADA,1,"2022/10/20 13:40:00",COHUNSF1,0.07
D,DISPATCH,UNIT_SCADA,1,"2022/10/20 13:40:00",COLEASF1,31.699470
D,DISPATCH,UNIT_SCADA,1,"2022/10/20 13:40:00",COLUMSF1,17.9180
D,DISPATCH,UNIT_SCADA,1,"2022/10/20 13:40:00",COLWF01,75.408560
D,DISPATCH,UNIT_SCADA,1,"2022/10/20 13:40:00",COOPGWF1,117.70
D,DISPATCH,UNIT_SCADA,1,"2022/10/20 13:40:00",CPP_3,369.8750
D,DISPATCH,UNIT_SCADA,1,"2022/10/20 13:40:00",CPP_4,0
D,DISPATCH,UNIT_SCADA,1,"2022/10/20 13:40:00",CPSA,0
D,DISPATCH,UNIT_SCADA,1,"2022/10/20 13:40:00",CROOKWF2,32.203250
D,DISPATCH,UNIT_SCADA,1,"2022/10/20 13:40:00",CROWLWF1,7.753220
D,DISPATCH,UNIT_SCADA,1,"2022/10/20 13:40:00",CRURWF1,43.297550
D,DISPATCH,UNIT_SCADA,1,"2022/10/20 13:40:00",CRWASF1,27.061250
D,DISPATCH,UNIT_SCADA,1,"2022/10/20 13:40:00",CSPVPS1,28.9760
D,DISPATCH,UNIT_SCADA,1,"2022/10/20 13:40:00",CTHLWF1,0.003050
D,DISPATCH,UNIT_SCADA,1,"2022/10/20 13:40:00",DALNTH01,0
D,DISPATCH,UNIT_SCADA,1,"2022/10/20 13:40:00",DALNTHL1,0.999460
D,DISPATCH,UNIT_SCADA,1,"2022/10/20 13:40:00",DARLSF1,79.816350
D,DISPATCH,UNIT_SCADA,1,"2022/10/20 13:40:00",DARTM1,0
D,DISPATCH,UNIT_SCADA,1,"2022/10/20 13:40:00",DAYDSF1,135.988010
D,DISPATCH,UNIT_SCADA,1,"2022/10/20 13:40:00",DDPS1,0
D,DISPATCH,UNIT_SCADA,1,"2022/10/20 13:40:00",DDSF1,17.470460
D,DISPATCH,UNIT_SCADA,1,"2022/10/20 13:40:00",DEVILS_G,57.211220
D,DISPATCH,UNIT_SCADA,1,"2022/10/20 13:40:00",DG_NSW1,0
D,DISPATCH,UNIT_SCADA,1,"2022/10/20 13:40:00",DG_QLD1,0
D,DISPATCH,UNIT_SCADA,1,"2022/10/20 13:40:00",DG_SA1,0
D,DISPATCH,UNIT_SCADA,1,"2022/10/20 13:40:00",DG_TAS1,0
D,DISPATCH,UNIT_SCADA,1,"2022/10/20 13:40:00",DG_VIC1,0
D,DISPATCH,UNIT_SCADA,1,"2022/10/20 13:40:00",DRYCGT1,0
D,DISPATCH,UNIT_SCADA,1,"2022/10/20 13:40:00",DRYCGT2,0
D,DISPATCH,UNIT_SCADA,1,"2022/10/20 13:40:00",DRYCGT3,0
D,DISPATCH,UNIT_SCADA,1,"2022/10/20 13:40:00",DUNDWF1,56.85
D,DISPATCH,UNIT_SCADA,1,"2022/10/20 13:40:00",DUNDWF2,16.39
D,DISPATCH,UNIT_SCADA,1,"2022/10/20 13:40:00",DUNDWF3,54.28
D,DISPATCH,UNIT_SCADA,1,"2022/10/20 13:40:00",EILDON1,60.04
D,DISPATCH,UNIT_SCADA,1,"2022/10/20 13:40:00",EILDON2,60.16
D,DISPATCH,UNIT_SCADA,1,"2022/10/20 13:40:00",ELAINWF1,22.81
D,DISPATCH,UNIT_SCADA,1,"2022/10/20 13:40:00",EMERASF1,0
D,DISPATCH,UNIT_SCADA,1,"2022/10/20 13:40:00",ER01,0
D,DISPATCH,UNIT_SCADA,1,"2022/10/20 13:40:00",ER02,320.964360
D,DISPATCH,UNIT_SCADA,1,"2022/10/20 13:40:00",ER03,429.7551
D,DISPATCH,UNIT_SCADA,1,"2022/10/20 13:40:00",ER04,429.681850
D,DISPATCH,UNIT_SCADA,1,"2022/10/20 13:40:00",FINLYSF1,99.888610
D,DISPATCH,UNIT_SCADA,1,"2022/10/20 13:40:00",FISHER,43.84
D,DISPATCH,UNIT_SCADA,1,"2022/10/20 13:40:00",GANGARR1,61.2020
D,DISPATCH,UNIT_SCADA,1,"2022/10/20 13:40:00",GANNBG1,0
D,DISPATCH,UNIT_SCADA,1,"2022/10/20 13:40:00",GANNBL1,5.167230
D,DISPATCH,UNIT_SCADA,1,"2022/10/20 13:40:00",GANNSF1,36
D,DISPATCH,UNIT_SCADA,1,"2022/10/20 13:40:00",GLRWNSF1,0
D,DISPATCH,UNIT_SCADA,1,"2022/10/20 13:40:00",GNNDHSF1,79.814830
D,DISPATCH,UNIT_SCADA,1,"2022/10/20 13:40:00",GOONSF1,10.848550
D,DISPATCH,UNIT_SCADA,1,"2022/10/20 13:40:00",GORDON,205.694180
D,DISPATCH,UNIT_SCADA,1,"2022/10/20 13:40:00",GRANWF1,0
D,DISPATCH,UNIT_SCADA,1,"2022/10/20 13:40:00",GSTONE1,200.20
D,DISPATCH,UNIT_SCADA,1,"2022/10/20 13:40:00",GSTONE2,0
D,DISPATCH,UNIT_SCADA,1,"2022/10/20 13:40:00",GSTONE3,200.20
D,DISPATCH,UNIT_SCADA,1,"2022/10/20 13:40:00",GSTONE4,0
D,DISPATCH,UNIT_SCADA,1,"2022/10/20 13:40:00",GSTONE5,185.849990
D,DISPATCH,UNIT_SCADA,1,"2022/10/20 13:40:00",GSTONE6,200.724990
D,DISPATCH,UNIT_SCADA,1,"2022/10/20 13:40:00",GULLRSF1,1.774970
D,DISPATCH,UNIT_SCADA,1,"2022/10/20 13:40:00",GULLRWF1,65.7940
D,DISPATCH,UNIT_SCADA,1,"2022/10/20 13:40:00",GULLRWF2,82.032010
D,DISPATCH,UNIT_SCADA,1,"2022/10/20 13:40:00",GUNNING1,0
D,DISPATCH,UNIT_SCADA,1,"2022/10/20 13:40:00",GUTHEGA,67
D,DISPATCH,UNIT_SCADA,1,"2022/10/20 13:40:00",HALLWF1,0
D,DISPATCH,UNIT_SCADA,1,"2022/10/20 13:40:00",HALLWF2,5.32
D,DISPATCH,UNIT_SCADA,1,"2022/10/20 13:40:00",HAMISF1,19.80
D,DISPATCH,UNIT_SCADA,1,"2022/10/20 13:40:00",HAUGHT11,9.522690
D,DISPATCH,UNIT_SCADA,1,"2022/10/20 13:40:00",HAYMSF1,34.1580
D,DISPATCH,UNIT_SCADA,1,"2022/10/20 13:40:00",HDWF1,7.20
D,DISPATCH,UNIT_SCADA,1,"2022/10/20 13:40:00",HDWF2,9.50
D,DISPATCH,UNIT_SCADA,1,"2022/10/20 13:40:00",HDWF3,9
D,DISPATCH,UNIT_SCADA,1,"2022/10/20 13:40:00",HILLSTN1,50.2231
D,DISPATCH,UNIT_SCADA,1,"2022/10/20 13:40:00",HPRG1,0
D,DISPATCH,UNIT_SCADA,1,"2022/10/20 13:40:00",HPRL1,0.70
D,DISPATCH,UNIT_SCADA,1,"2022/10/20 13:40:00",HUMENSW,54.404470
D,DISPATCH,UNIT_SCADA,1,"2022/10/20 13:40:00",HUMEV,0
D,DISPATCH,UNIT_SCADA,1,"2022/10/20 13:40:00",HVWWBA1G,0
D,DISPATCH,UNIT_SCADA,1,"2022/10/20 13:40:00",HVWWBA1L,0.0060
D,DISPATCH,UNIT_SCADA,1,"2022/10/20 13:40:00",HVWWPV1,4.5660
D,DISPATCH,UNIT_SCADA,1,"2022/10/20 13:40:00",JBUTTERS,0
D,DISPATCH,UNIT_SCADA,1,"2022/10/20 13:40:00",JEMALNG1,11.45
D,DISPATCH,UNIT_SCADA,1,"2022/10/20 13:40:00",JLA01,0
D,DISPATCH,UNIT_SCADA,1,"2022/10/20 13:40:00",JLA02,0
D,DISPATCH,UNIT_SCADA,1,"2022/10/20 13:40:00",JLA03,0
D,DISPATCH,UNIT_SCADA,1,"2022/10/20 13:40:00",JLA04,0
D,DISPATCH,UNIT_SCADA,1,"2022/10/20 13:40:00",JLB01,0
D,DISPATCH,UNIT_SCADA,1,"2022/10/20 13:40:00",JLB02,0.10
D,DISPATCH,UNIT_SCADA,1,"2022/10/20 13:40:00",JLB03,0
D,DISPATCH,UNIT_SCADA,1,"2022/10/20 13:40:00",JUNEESF1,9.033220
D,DISPATCH,UNIT_SCADA,1,"2022/10/20 13:40:00",KABANWF1,0.2220
D,DISPATCH,UNIT_SCADA,1,"2022/10/20 13:40:00",KAREEYA1,0
D,DISPATCH,UNIT_SCADA,1,"2022/10/20 13:40:00",KAREEYA2,0
D,DISPATCH,UNIT_SCADA,1,"2022/10/20 13:40:00",KAREEYA3,4.7350
D,DISPATCH,UNIT_SCADA,1,"2022/10/20 13:40:00",KAREEYA4,0
D,DISPATCH,UNIT_SCADA,1,"2022/10/20 13:40:00",KARSF1,69.70
D,DISPATCH,UNIT_SCADA,1,"2022/10/20 13:40:00",KEPSF1,11.98
D,DISPATCH,UNIT_SCADA,1,"2022/10/20 13:40:00",KEPWF1,7.72
D,DISPATCH,UNIT_SCADA,1,"2022/10/20 13:40:00",KIAMSF1,39.311050
D,DISPATCH,UNIT_SCADA,1,"2022/10/20 13:40:00",KIATAWF1,12.90
D,DISPATCH,UNIT_SCADA,1,"2022/10/20 13:40:00",KPP_1,0
D,DISPATCH,UNIT_SCADA,1,"2022/10/20 13:40:00",KSP1,33.36
D,DISPATCH,UNIT_SCADA,1,"2022/10/20 13:40:00",LADBROK1,0.01
D,DISPATCH,UNIT_SCADA,1,"2022/10/20 13:40:00",LADBROK2,0.02
D,DISPATCH,UNIT_SCADA,1,"2022/10/20 13:40:00",LBBG1,0
D,DISPATCH,UNIT_SCADA,1,"2022/10/20 13:40:00",LBBL1,0.15
D,DISPATCH,UNIT_SCADA,1,"2022/10/20 13:40:00",LD01,272.579130
D,DISPATCH,UNIT_SCADA,1,"2022/10/20 13:40:00",LD02,0
D,DISPATCH,UNIT_SCADA,1,"2022/10/20 13:40:00",LD04,274.575040
D,DISPATCH,UNIT_SCADA,1,"2022/10/20 13:40:00",LEM_WIL,78.5565
D,DISPATCH,UNIT_SCADA,1,"2022/10/20 13:40:00",LGAPWF1,44.19
D,DISPATCH,UNIT_SCADA,1,"2022/10/20 13:40:00",LGAPWF2,30.28
D,DISPATCH,UNIT_SCADA,1,"2022/10/20 13:40:00",LILYSF1,30.801920
D,DISPATCH,UNIT_SCADA,1,"2022/10/20 13:40:00",LIMOSF11,83.634240
D,DISPATCH,UNIT_SCADA,1,"2022/10/20 13:40:00",LIMOSF21,12.518650
D,DISPATCH,UNIT_SCADA,1,"2022/10/20 13:40:00",LI_WY_CA,54.413330
D,DISPATCH,UNIT_SCADA,1,"2022/10/20 13:40:00",LKBONNY1,0
D,DISPATCH,UNIT_SCADA,1,"2022/10/20 13:40:00",LKBONNY2,21.3616
D,DISPATCH,UNIT_SCADA,1,"2022/10/20 13:40:00",LKBONNY3,2.958570
D,DISPATCH,UNIT_SCADA,1,"2022/10/20 13:40:00",LK_ECHO,0
D,DISPATCH,UNIT_SCADA,1,"2022/10/20 13:40:00",LNGS1,0
D,DISPATCH,UNIT_SCADA,1,"2022/10/20 13:40:00",LNGS2,0
D,DISPATCH,UNIT_SCADA,1,"2022/10/20 13:40:00",LONSDALE,0
D,DISPATCH,UNIT_SCADA,1,"2022/10/20 13:40:00",LOYYB1,437.589870
D,DISPATCH,UNIT_SCADA,1,"2022/10/20 13:40:00",LOYYB2,437.965820
D,DISPATCH,UNIT_SCADA,1,"2022/10/20 13:40:00",LYA1,354
D,DISPATCH,UNIT_SCADA,1,"2022/10/20 13:40:00",LYA2,0
D,DISPATCH,UNIT_SCADA,1,"2022/10/20 13:40:00",LYA3,353
D,DISPATCH,UNIT_SCADA,1,"2022/10/20 13:40:00",LYA4,355
D,DISPATCH,UNIT_SCADA,1,"2022/10/20 13:40:00",MACARTH1,55.198730
D,DISPATCH,UNIT_SCADA,1,"2022/10/20 13:40:00",MACKNTSH,0
D,DISPATCH,UNIT_SCADA,1,"2022/10/20 13:40:00",MANSLR1,20.46
D,DISPATCH,UNIT_SCADA,1,"2022/10/20 13:40:00",MAPS2PV1,0
D,DISPATCH,UNIT_SCADA,1,"2022/10/20 13:40:00",MAPS3PV1,0
D,DISPATCH,UNIT_SCADA,1,"2022/10/20 13:40:00",MARYRSF1,12.25
D,DISPATCH,UNIT_SCADA,1,"2022/10/20 13:40:00",MBPS2PV1,0
D,DISPATCH,UNIT_SCADA,1,"2022/10/20 13:40:00",MCKAY1,0.02
D,DISPATCH,UNIT_SCADA,1,"2022/10/20 13:40:00",MEADOWBK,5.744580
D,DISPATCH,UNIT_SCADA,1,"2022/10/20 13:40:00",MERCER01,28.20
D,DISPATCH,UNIT_SCADA,1,"2022/10/20 13:40:00",METZSF1,4.119360
D,DISPATCH,UNIT_SCADA,1,"2022/10/20 13:40:00",MEWF1,5
D,DISPATCH,UNIT_SCADA,1,"2022/10/20 13:40:00",MIDDLSF1,25.09
D,DISPATCH,UNIT_SCADA,1,"2022/10/20 13:40:00",MINTARO,0.128180
D,DISPATCH,UNIT_SCADA,1,"2022/10/20 13:40:00",MOLNGSF1,22.967880
D,DISPATCH,UNIT_SCADA,1,"2022/10/20 13:40:00",MOORAWF1,64.07
D,DISPATCH,UNIT_SCADA,1,"2022/10/20 13:40:00",MOREESF1,54.5060
D,DISPATCH,UNIT_SCADA,1,"2022/10/20 13:40:00",MORTLK11,0
D,DISPATCH,UNIT_SCADA,1,"2022/10/20 13:40:00",MORTLK12,0
D,DISPATCH,UNIT_SCADA,1,"2022/10/20 13:40:00",MOUSF1,0
D,DISPATCH,UNIT_SCADA,1,"2022/10/20 13:40:00",MP1,0
D,DISPATCH,UNIT_SCADA,1,"2022/10/20 13:40:00",MP2,347.5517
D,DISPATCH,UNIT_SCADA,1,"2022/10/20 13:40:00",MPP_1,157.5065
D,DISPATCH,UNIT_SCADA,1,"2022/10/20 13:40:00",MPP_2,177.664030
D,DISPATCH,UNIT_SCADA,1,"2022/10/20 13:40:00",MRTLSWF1,0
D,DISPATCH,UNIT_SCADA,1,"2022/10/20 13:40:00",MSTUART1,0
D,DISPATCH,UNIT_SCADA,1,"2022/10/20 13:40:00",MSTUART2,0
D,DISPATCH,UNIT_SCADA,1,"2022/10/20 13:40:00",MSTUART3,0
D,DISPATCH,UNIT_SCADA,1,"2022/10/20 13:40:00",MTGELWF1,42.2956
D,DISPATCH,UNIT_SCADA,1,"2022/10/20 13:40:00",MTMILLAR,12.40
D,DISPATCH,UNIT_SCADA,1,"2022/10/20 13:40:00",MURRAY,0
D,DISPATCH,UNIT_SCADA,1,"2022/10/20 13:40:00",MUSSELR1,14.70
D,DISPATCH,UNIT_SCADA,1,"2022/10/20 13:40:00",MUWAWF1,32.02
D,DISPATCH,UNIT_SCADA,1,"2022/10/20 13:40:00",MUWAWF2,18.30
D,DISPATCH,UNIT_SCADA,1,"2022/10/20 13:40:00",MWPS1PV1,3.32
D,DISPATCH,UNIT_SCADA,1,"2022/10/20 13:40:00",MWPS2PV1,1.83
D,DISPATCH,UNIT_SCADA,1,"2022/10/20 13:40:00",MWPS3PV1,0.70
D,DISPATCH,UNIT_SCADA,1,"2022/10/20 13:40:00",MWPS4PV1,2.04
D,DISPATCH,UNIT_SCADA,1,"2022/10/20 13:40:00",NBHWF1,0.20
D,DISPATCH,UNIT_SCADA,1,"2022/10/20 13:40:00",NEVERSF1,60.52
D,DISPATCH,UNIT_SCADA,1,"2022/10/20 13:40:00",NPS,0
D,DISPATCH,UNIT_SCADA,1,"2022/10/20 13:40:00",NUMURSF1,85.34
D,DISPATCH,UNIT_SCADA,1,"2022/10/20 13:40:00",NYNGAN1,14.75
D,DISPATCH,UNIT_SCADA,1,"2022/10/20 13:40:00",OAKEY1,0
D,DISPATCH,UNIT_SCADA,1,"2022/10/20 13:40:00",OAKEY1SF,6.37
D,DISPATCH,UNIT_SCADA,1,"2022/10/20 13:40:00",OAKEY2,0
D,DISPATCH,UNIT_SCADA,1,"2022/10/20 13:40:00",OAKEY2SF,14.23
D,DISPATCH,UNIT_SCADA,1,"2022/10/20 13:40:00",OAKLAND1,7.80
D,DISPATCH,UNIT_SCADA,1,"2022/10/20 13:40:00",OSB-AG,0
D,DISPATCH,UNIT_SCADA,1,"2022/10/20 13:40:00",PAREPS1,0.0660
D,DISPATCH,UNIT_SCADA,1,"2022/10/20 13:40:00",PAREPW1,61.41
D,DISPATCH,UNIT_SCADA,1,"2022/10/20 13:40:00",PARSF1,8.101020
D,DISPATCH,UNIT_SCADA,1,"2022/10/20 13:40:00",POAT110,0
D,DISPATCH,UNIT_SCADA,1,"2022/10/20 13:40:00",POAT220,0
D,DISPATCH,UNIT_SCADA,1,"2022/10/20 13:40:00",POR01,0.008670
D,DISPATCH,UNIT_SCADA,1,"2022/10/20 13:40:00",POR03,0
D,DISPATCH,UNIT_SCADA,1,"2022/10/20 13:40:00",PPCCGT,0
D,DISPATCH,UNIT_SCADA,1,"2022/10/20 13:40:00",PTSTAN1,0
D,DISPATCH,UNIT_SCADA,1,"2022/10/20 13:40:00",PUMP1,0
D,DISPATCH,UNIT_SCADA,1,"2022/10/20 13:40:00",PUMP2,0
D,DISPATCH,UNIT_SCADA,1,"2022/10/20 13:40:00",QBYNBG1,0
D,DISPATCH,UNIT_SCADA,1,"2022/10/20 13:40:00",QBYNBL1,1.469480
D,DISPATCH,UNIT_SCADA,1,"2022/10/20 13:40:00",QPS1,0
D,DISPATCH,UNIT_SCADA,1,"2022/10/20 13:40:00",QPS2,0
D,DISPATCH,UNIT_SCADA,1,"2022/10/20 13:40:00",QPS3,0
D,DISPATCH,UNIT_SCADA,1,"2022/10/20 13:40:00",QPS4,0
D,DISPATCH,UNIT_SCADA,1,"2022/10/20 13:40:00",QPS5,72.96
D,DISPATCH,UNIT_SCADA,1,"2022/10/20 13:40:00",REECE1,0
D,DISPATCH,UNIT_SCADA,1,"2022/10/20 13:40:00",REECE2,0
D,DISPATCH,UNIT_SCADA,1,"2022/10/20 13:40:00",ROMA_7,0
D,DISPATCH,UNIT_SCADA,1,"2022/10/20 13:40:00",ROMA_8,0
D,DISPATCH,UNIT_SCADA,1,"2022/10/20 13:40:00",RRSF1,84.865980
D,DISPATCH,UNIT_SCADA,1,"2022/10/20 13:40:00",RT_NSW1,0
D,DISPATCH,UNIT_SCADA,1,"2022/10/20 13:40:00",RT_NSW2,0
D,DISPATCH,UNIT_SCADA,1,"2022/10/20 13:40:00",RT_NSW3,0
D,DISPATCH,UNIT_SCADA,1,"2022/10/20 13:40:00",RT_NSW4,0
D,DISPATCH,UNIT_SCADA,1,"2022/10/20 13:40:00",RT_NSW5,0
D,DISPATCH,UNIT_SCADA,1,"2022/10/20 13:40:00",RT_NSW6,0
D,DISPATCH,UNIT_SCADA,1,"2022/10/20 13:40:00",RT_QLD1,0
D,DISPATCH,UNIT_SCADA,1,"2022/10/20 13:40:00",RT_SA1,0
D,DISPATCH,UNIT_SCADA,1,"2022/10/20 13:40:00",RT_SA2,0
D,DISPATCH,UNIT_SCADA,1,"2022/10/20 13:40:00",RT_SA3,0
D,DISPATCH,UNIT_SCADA,1,"2022/10/20 13:40:00",RT_SA4,0
D,DISPATCH,UNIT_SCADA,1,"2022/10/20 13:40:00",RT_SA5,0
D,DISPATCH,UNIT_SCADA,1,"2022/10/20 13:40:00",RT_SA6,0
D,DISPATCH,UNIT_SCADA,1,"2022/10/20 13:40:00",RT_TAS1,0
D,DISPATCH,UNIT_SCADA,1,"2022/10/20 13:40:00",RT_VIC1,0
D,DISPATCH,UNIT_SCADA,1,"2022/10/20 13:40:00",RT_VIC10,0
D,DISPATCH,UNIT_SCADA,1,"2022/10/20 13:40:00",RT_VIC11,0
D,DISPATCH,UNIT_SCADA,1,"2022/10/20 13:40:00",RT_VIC12,0
D,DISPATCH,UNIT_SCADA,1,"2022/10/20 13:40:00",RT_VIC2,0
D,DISPATCH,UNIT_SCADA,1,"2022/10/20 13:40:00",RT_VIC3,0
D,DISPATCH,UNIT_SCADA,1,"2022/10/20 13:40:00",RT_VIC4,0
D,DISPATCH,UNIT_SCADA,1,"2022/10/20 13:40:00",RT_VIC5,0
D,DISPATCH,UNIT_SCADA,1,"2022/10/20 13:40:00",RT_VIC6,0
D,DISPATCH,UNIT_SCADA,1,"2022/10/20 13:40:00",RT_VIC7,0
D,DISPATCH,UNIT_SCADA,1,"2022/10/20 13:40:00",RT_VIC8,0
D,DISPATCH,UNIT_SCADA,1,"2022/10/20 13:40:00",RT_VIC9,0
D,DISPATCH,UNIT_SCADA,1,"2022/10/20 13:40:00",RUGBYR1,19.403780
D,DISPATCH,UNIT_SCADA,1,"2022/10/20 13:40:00",SALTCRK1,13.30
D,DISPATCH,UNIT_SCADA,1,"2022/10/20 13:40:00",SAPHWF1,0
D,DISPATCH,UNIT_SCADA,1,"2022/10/20 13:40:00",SEBSF1,36.634060
D,DISPATCH,UNIT_SCADA,1,"2022/10/20 13:40:00",SHGEN,0
D,DISPATCH,UNIT_SCADA,1,"2022/10/20 13:40:00",SHPUMP,0
D,DISPATCH,UNIT_SCADA,1,"2022/10/20 13:40:00",SITHE01,0.123710
D,DISPATCH,UNIT_SCADA,1,"2022/10/20 13:40:00",SMCSF1,89.5670
D,DISPATCH,UNIT_SCADA,1,"2022/10/20 13:40:00",SNAPPER1,0
D,DISPATCH,UNIT_SCADA,1,"2022/10/20 13:40:00",SNOWNTH1,44.20
D,DISPATCH,UNIT_SCADA,1,"2022/10/20 13:40:00",SNOWSTH1,41.20
D,DISPATCH,UNIT_SCADA,1,"2022/10/20 13:40:00",SNOWTWN1,35.964930
D,DISPATCH,UNIT_SCADA,1,"2022/10/20 13:40:00",SNOWYP,0
D,DISPATCH,UNIT_SCADA,1,"2022/10/20 13:40:00",SNUG1,0
D,DISPATCH,UNIT_SCADA,1,"2022/10/20 13:40:00",SRSF1,29.55
D,DISPATCH,UNIT_SCADA,1,"2022/10/20 13:40:00",STAN-1,280.4791
D,DISPATCH,UNIT_SCADA,1,"2022/10/20 13:40:00",STAN-2,362.718110
D,DISPATCH,UNIT_SCADA,1,"2022/10/20 13:40:00",STAN-3,159.350890
D,DISPATCH,UNIT_SCADA,1,"2022/10/20 13:40:00",STAN-4,359.347020
D,DISPATCH,UNIT_SCADA,1,"2022/10/20 13:40:00",STARHLWF,14.595740
D,DISPATCH,UNIT_SCADA,1,"2022/10/20 13:40:00",STOCKYD1,104.85
D,DISPATCH,UNIT_SCADA,1,"2022/10/20 13:40:00",STWF1,0
D,DISPATCH,UNIT_SCADA,1,"2022/10/20 13:40:00",SUNRSF1,50.661480
D,DISPATCH,UNIT_SCADA,1,"2022/10/20 13:40:00",SUNTPSF1,2.576330
D,DISPATCH,UNIT_SCADA,1,"2022/10/20 13:40:00",SWAN_E,191.218750
D,DISPATCH,UNIT_SCADA,1,"2022/10/20 13:40:00",TALWA1,0
D,DISPATCH,UNIT_SCADA,1,"2022/10/20 13:40:00",TARALGA1,0
D,DISPATCH,UNIT_SCADA,1,"2022/10/20 13:40:00",TARONG#1,344.899990
D,DISPATCH,UNIT_SCADA,1,"2022/10/20 13:40:00",TARONG#2,344.600010
D,DISPATCH,UNIT_SCADA,1,"2022/10/20 13:40:00",TARONG#3,0.90
D,DISPATCH,UNIT_SCADA,1,"2022/10/20 13:40:00",TARONG#4,285.700010
D,DISPATCH,UNIT_SCADA,1,"2022/10/20 13:40:00",TARRALEA,53.90
D,DISPATCH,UNIT_SCADA,1,"2022/10/20 13:40:00",TBSF1,0.10
D,DISPATCH,UNIT_SCADA,1,"2022/10/20 13:40:00",TNPS1,318.8125
D,DISPATCH,UNIT_SCADA,1,"2022/10/20 13:40:00",TORRB1,0
D,DISPATCH,UNIT_SCADA,1,"2022/10/20 13:40:00",TORRB2,40
D,DISPATCH,UNIT_SCADA,1,"2022/10/20 13:40:00",TORRB3,0
D,DISPATCH,UNIT_SCADA,1,"2022/10/20 13:40:00",TORRB4,0
D,DISPATCH,UNIT_SCADA,1,"2022/10/20 13:40:00",TREVALLN,100.020390
D,DISPATCH,UNIT_SCADA,1,"2022/10/20 13:40:00",TRIBUTE,0
D,DISPATCH,UNIT_SCADA,1,"2022/10/20 13:40:00",TUMUT3,127.53
D,DISPATCH,UNIT_SCADA,1,"2022/10/20 13:40:00",TUNGATIN,2.700020
D,DISPATCH,UNIT_SCADA,1,"2022/10/20 13:40:00",TVCC201,0
D,DISPATCH,UNIT_SCADA,1,"2022/10/20 13:40:00",TVPP104,0
D,DISPATCH,UNIT_SCADA,1,"2022/10/20 13:40:00",UPPTUMUT,0
D,DISPATCH,UNIT_SCADA,1,"2022/10/20 13:40:00",URANQ11,0
D,DISPATCH,UNIT_SCADA,1,"2022/10/20 13:40:00",URANQ12,0
D,DISPATCH,UNIT_SCADA,1,"2022/10/20 13:40:00",URANQ13,0
D,DISPATCH,UNIT_SCADA,1,"2022/10/20 13:40:00",URANQ14,0
D,DISPATCH,UNIT_SCADA,1,"2022/10/20 13:40:00",VBBG1,0
D,DISPATCH,UNIT_SCADA,1,"2022/10/20 13:40:00",VBBL1,64.90
D,DISPATCH,UNIT_SCADA,1,"2022/10/20 13:40:00",VP5,525.040470
D,DISPATCH,UNIT_SCADA,1,"2022/10/20 13:40:00",VP6,525.040470
D,DISPATCH,UNIT_SCADA,1,"2022/10/20 13:40:00",VPGS1,0
D,DISPATCH,UNIT_SCADA,1,"2022/10/20 13:40:00",VPGS2,0
D,DISPATCH,UNIT_SCADA,1,"2022/10/20 13:40:00",VPGS3,0
D,DISPATCH,UNIT_SCADA,1,"2022/10/20 13:40:00",VPGS4,0
D,DISPATCH,UNIT_SCADA,1,"2022/10/20 13:40:00",VPGS5,0
D,DISPATCH,UNIT_SCADA,1,"2022/10/20 13:40:00",VPGS6,0
D,DISPATCH,UNIT_SCADA,1,"2022/10/20 13:40:00",W/HOE#1,0
D,DISPATCH,UNIT_SCADA,1,"2022/10/20 13:40:00",W/HOE#2,0
D,DISPATCH,UNIT_SCADA,1,"2022/10/20 13:40:00",WAGGNSF1,0
D,DISPATCH,UNIT_SCADA,1,"2022/10/20 13:40:00",WALGRVG1,0
D,DISPATCH,UNIT_SCADA,1,"2022/10/20 13:40:00",WALGRVL1,0.460750
D,DISPATCH,UNIT_SCADA,1,"2022/10/20 13:40:00",WANDBG1,0
D,DISPATCH,UNIT_SCADA,1,"2022/10/20 13:40:00",WANDBL1,16.254010
D,DISPATCH,UNIT_SCADA,1,"2022/10/20 13:40:00",WARWSF1,10.10
D,DISPATCH,UNIT_SCADA,1,"2022/10/20 13:40:00",WARWSF2,10.70
D,DISPATCH,UNIT_SCADA,1,"2022/10/20 13:40:00",WATERLWF,14.60
D,DISPATCH,UNIT_SCADA,1,"2022/10/20 13:40:00",WDGPH1,46.06
D,DISPATCH,UNIT_SCADA,1,"2022/10/20 13:40:00",WELLSF1,6.021210
D,DISPATCH,UNIT_SCADA,1,"2022/10/20 13:40:00",WEMENSF1,64.30
D,DISPATCH,UNIT_SCADA,1,"2022/10/20 13:40:00",WGWF1,10.90
D,DISPATCH,UNIT_SCADA,1,"2022/10/20 13:40:00",WHITSF1,32.70
D,DISPATCH,UNIT_SCADA,1,"2022/10/20 13:40:00",WINTSF1,85
D,DISPATCH,UNIT_SCADA,1,"2022/10/20 13:40:00",WKIEWA1,31.90
D,DISPATCH,UNIT_SCADA,1,"2022/10/20 13:40:00",WKIEWA2,14
D,DISPATCH,UNIT_SCADA,1,"2022/10/20 13:40:00",WOODLWN1,14.023160
D,DISPATCH,UNIT_SCADA,1,"2022/10/20 13:40:00",WOOLGSF1,22.525950
D,DISPATCH,UNIT_SCADA,1,"2022/10/20 13:40:00",WPWF,29.10
D,DISPATCH,UNIT_SCADA,1,"2022/10/20 13:40:00",WRSF1,6.479690
D,DISPATCH,UNIT_SCADA,1,"2022/10/20 13:40:00",WRWF1,0
D,DISPATCH,UNIT_SCADA,1,"2022/10/20 13:40:00",WSTWYSF1,1.056510
D,DISPATCH,UNIT_SCADA,1,"2022/10/20 13:40:00",YABULU,0
D,DISPATCH,UNIT_SCADA,1,"2022/10/20 13:40:00",YABULU2,0
D,DISPATCH,UNIT_SCADA,1,"2022/10/20 13:40:00",YARANSF1,43.27
D,DISPATCH,UNIT_SCADA,1,"2022/10/20 13:40:00",YARWUN_1,161.06
D,DISPATCH,UNIT_SCADA,1,"2022/10/20 13:40:00",YATSF1,81.25
D,DISPATCH,UNIT_SCADA,1,"2022/10/20 13:40:00",YENDWF1,42.52
D,DISPATCH,UNIT_SCADA,1,"2022/10/20 13:40:00",YWPS1,265.911410
D,DISPATCH,UNIT_SCADA,1,"2022/10/20 13:40:00",YWPS2,262.653170
D,DISPATCH,UNIT_SCADA,1,"2022/10/20 13:40:00",YWPS3,282.326570
D,DISPATCH,UNIT_SCADA,1,"2022/10/20 13:40:00",YWPS4,0
C,"END OF REPORT",419
