C,NEMP.WORLD,DISPATCHSCADA,AEMO,PUBLIC,2022/10/20,23:05:09,0000000373286602,DISPATCHSCADA,0000000373286596
I,DISPATCH,UNIT_SCADA,1,SETTLEMENTDATE,DUID,SCADAVALUE
D,DISPATCH,UNIT_SCADA,1,"2022/10/20 23:10:00",BARCSF1,0
D,DISPATCH,UNIT_SCADA,1,"2022/10/20 23:10:00",BUTLERSG,8.699999
D,DISPATCH,UNIT_SCADA,1,"2022/10/20 23:10:00",CAPTL_WF,88.669327
D,DISPATCH,UNIT_SCADA,1,"2022/10/20 23:10:00",CHALLHWF,4.50
D,DISPATCH,UNIT_SCADA,1,"2022/10/20 23:10:00",CLOVER,13.39
D,DISPATCH,UNIT_SCADA,1,"2022/10/20 23:10:00",CLUNY,5.586175
D,DISPATCH,UNIT_SCADA,1,"2022/10/20 23:10:00",CULLRGWF,-0.04
D,DISPATCH,UNIT_SCADA,1,"2022/10/20 23:10:00",DIAPURWF1,2.70
D,DISPATCH,UNIT_SCADA,1,"2022/10/20 23:10:00",ERGT01,0
D,DISPATCH,UNIT_SCADA,1,"2022/10/20 23:10:00",GB01,0
D,DISPATCH,UNIT_SCADA,1,"2022/10/20 23:10:00",GERMCRK,19.299999
D,DISPATCH,UNIT_SCADA,1,"2022/10/20 23:10:00",GRIFSF1,0.001526
D,DISPATCH,UNIT_SCADA,1,"2022/10/20 23:10:00",HEZ1,0
D,DISPATCH,UNIT_SCADA,1,"2022/10/20 23:10:00",HUGSF1,-0.12
D,DISPATCH,UNIT_SCADA,1,"2022/10/20 23:10:00",KEPBG1,0
D,DISPATCH,UNIT_SCADA,1,"2022/10/20 23:10:00",LRSF1,-0.0310
D,DISPATCH,UNIT_SCADA,1,"2022/10/20 23:10:00",MBAHNTH,46.762497
D,DISPATCH,UNIT_SCADA,1,"2022/10/20 23:10:00",MLSP1,0
D,DISPATCH,UNIT_SCADA,1,"2022/10/20 23:10:00",MLWF1,1.2750
D,DISPATCH,UNIT_SCADA,1,"2022/10/20 23:10:00",PALOONA,30.67
D,DISPATCH,UNIT_SCADA,1,"2022/10/20 23:10:00",PIONEER,23
D,DISPATCH,UNIT_SCADA,1,"2022/10/20 23:10:00",PORTWF,42.099998
D,DISPATCH,UNIT_SCADA,1,"2022/10/20 23:10:00",REPULSE,9.423362
D,DISPATCH,UNIT_SCADA,1,"2022/10/20 23:10:00",ROWALLAN,8.8040
D,DISPATCH,UNIT_SCADA,1,"2022/10/20 23:10:00",ROYALLA1,0
D,DISPATCH,UNIT_SCADA,1,"2022/10/20 23:10:00",RPCG,-0.50
D,DISPATCH,UNIT_SCADA,1,"2022/10/20 23:10:00",RUBICON,0
D,DISPATCH,UNIT_SCADA,1,"2022/10/20 23:10:00",WAUBRAWF,24.381001
D,DISPATCH,UNIT_SCADA,1,"2022/10/20 23:10:00",WOOLNTH1,81.089996
D,DISPATCH,UNIT_SCADA,1,"2022/10/20 23:10:00",YAMBUKWF,3.80
D,DISPATCH,UNIT_SCADA,1,"2022/10/20 23:10:00",YSWF1,0
D,DISPATCH,UNIT_SCADA,1,"2022/10/20 23:10:00",ADPBA1G,0.0080
D,DISPATCH,UNIT_SCADA,1,"2022/10/20 23:10:00",ADPBA1L,0
D,DISPATCH,UNIT_SCADA,1,"2022/10/20 23:10:00",ADPPV1,0
D,DISPATCH,UNIT_SCADA,1,"2022/10/20 23:10:00",AGLHAL,0
D,DISPATCH,UNIT_SCADA,1,"2022/10/20 23:10:00",AGLSOM,0
D,DISPATCH,UNIT_SCADA,1,"2022/10/20 23:10:00",ANGAST1,0
D,DISPATCH,UNIT_SCADA,1,"2022/10/20 23:10:00",ARWF1,18.80
D,DISPATCH,UNIT_SCADA,1,"2022/10/20 23:10:00",BALBG1,0
D,DISPATCH,UNIT_SCADA,1,"2022/10/20 23:10:00",BALBL1,0
D,DISPATCH,UNIT_SCADA,1,"2022/10/20 23:10:00",BALDHWF1,104.94
D,DISPATCH,UNIT_SCADA,1,"2022/10/20 23:10:00",BANGOWF1,58.499430
D,DISPATCH,UNIT_SCADA,1,"2022/10/20 23:10:00",BANGOWF2,60.597920
D,DISPATCH,UNIT_SCADA,1,"2022/10/20 23:10:00",BANN1,0
D,DISPATCH,UNIT_SCADA,1,"2022/10/20 23:10:00",BARCALDN,0
D,DISPATCH,UNIT_SCADA,1,"2022/10/20 23:10:00",BARKIPS1,0
D,DISPATCH,UNIT_SCADA,1,"2022/10/20 23:10:00",BARRON-1,0
D,DISPATCH,UNIT_SCADA,1,"2022/10/20 23:10:00",BARRON-2,0
D,DISPATCH,UNIT_SCADA,1,"2022/10/20 23:10:00",BASTYAN,0
D,DISPATCH,UNIT_SCADA,1,"2022/10/20 23:10:00",BBTHREE1,0
D,DISPATCH,UNIT_SCADA,1,"2022/10/20 23:10:00",BBTHREE2,0
D,DISPATCH,UNIT_SCADA,1,"2022/10/20 23:10:00",BBTHREE3,-1.02
D,DISPATCH,UNIT_SCADA,1,"2022/10/20 23:10:00",BDL01,0
D,DISPATCH,UNIT_SCADA,1,"2022/10/20 23:10:00",BDL02,0
D,DISPATCH,UNIT_SCADA,1,"2022/10/20 23:10:00",BERYLSF1,0
D,DISPATCH,UNIT_SCADA,1,"2022/10/20 23:10:00",BLOWERNG,62.60
D,DISPATCH,UNIT_SCADA,1,"2022/10/20 23:10:00",BLUEGSF1,0
D,DISPATCH,UNIT_SCADA,1,"2022/10/20 23:10:00",BLUFF1,0.50
D,DISPATCH,UNIT_SCADA,1,"2022/10/20 23:10:00",BNGSF1,0
D,DISPATCH,UNIT_SCADA,1,"2022/10/20 23:10:00",BNGSF2,0
D,DISPATCH,UNIT_SCADA,1,"2022/10/20 23:10:00",BOCORWF1,1.22
D,DISPATCH,UNIT_SCADA,1,"2022/10/20 23:10:00",BODWF1,109.252080
D,DISPATCH,UNIT_SCADA,1,"2022/10/20 23:10:00",BOMENSF1,0
D,DISPATCH,UNIT_SCADA,1,"2022/10/20 23:10:00",BOWWBA1G,0
D,DISPATCH,UNIT_SCADA,1,"2022/10/20 23:10:00",BOWWBA1L,0.0010
D,DISPATCH,UNIT_SCADA,1,"2022/10/20 23:10:00",BOWWPV1,0
D,DISPATCH,UNIT_SCADA,1,"2022/10/20 23:10:00",BRAEMAR1,0
D,DISPATCH,UNIT_SCADA,1,"2022/10/20 23:10:00",BRAEMAR2,0
D,DISPATCH,UNIT_SCADA,1,"2022/10/20 23:10:00",BRAEMAR3,0
D,DISPATCH,UNIT_SCADA,1,"2022/10/20 23:10:00",BRAEMAR5,0.201420
D,DISPATCH,UNIT_SCADA,1,"2022/10/20 23:10:00",BRAEMAR6,0
D,DISPATCH,UNIT_SCADA,1,"2022/10/20 23:10:00",BRAEMAR7,0.060430
D,DISPATCH,UNIT_SCADA,1,"2022/10/20 23:10:00",BROKENH1,0
D,DISPATCH,UNIT_SCADA,1,"2022/10/20 23:10:00",BRYB1WF1,83.201340
D,DISPATCH,UNIT_SCADA,1,"2022/10/20 23:10:00",BULBESG1,0
D,DISPATCH,UNIT_SCADA,1,"2022/10/20 23:10:00",BULBESL1,0.03
D,DISPATCH,UNIT_SCADA,1,"2022/10/20 23:10:00",BULGANA1,18.98
D,DISPATCH,UNIT_SCADA,1,"2022/10/20 23:10:00",BW01,658.200990
D,DISPATCH,UNIT_SCADA,1,"2022/10/20 23:10:00",BW02,640.183110
D,DISPATCH,UNIT_SCADA,1,"2022/10/20 23:10:00",BW03,537.0321
D,DISPATCH,UNIT_SCADA,1,"2022/10/20 23:10:00",BW04,0
D,DISPATCH,UNIT_SCADA,1,"2022/10/20 23:10:00",CALL_B_1,320
D,DISPATCH,UNIT_SCADA,1,"2022/10/20 23:10:00",CALL_B_2,323.300020
D,DISPATCH,UNIT_SCADA,1,"2022/10/20 23:10:00",CATHROCK,3.60
D,DISPATCH,UNIT_SCADA,1,"2022/10/20 23:10:00",CBWWBA1G,0
D,DISPATCH,UNIT_SCADA,1,"2022/10/20 23:10:00",CBWWBA1L,0
D,DISPATCH,UNIT_SCADA,1,"2022/10/20 23:10:00",CETHANA,90.161250
D,DISPATCH,UNIT_SCADA,1,"2022/10/20 23:10:00",CG1,0
D,DISPATCH,UNIT_SCADA,1,"2022/10/20 23:10:00",CG2,0
D,DISPATCH,UNIT_SCADA,1,"2022/10/20 23:10:00",CG3,0
D,DISPATCH,UNIT_SCADA,1,"2022/10/20 23:10:00",CG4,0
D,DISPATCH,UNIT_SCADA,1,"2022/10/20 23:10:00",CHILDSF1,0
D,DISPATCH,UNIT_SCADA,1,"2022/10/20 23:10:00",CHYTWF1,2.40
D,DISPATCH,UNIT_SCADA,1,"2022/10/20 23:10:00",CLARESF1,0
D,DISPATCH,UNIT_SCADA,1,"2022/10/20 23:10:00",CLEMGPWF,0
D,DISPATCH,UNIT_SCADA,1,"2022/10/20 23:10:00",CLERMSF1,0
D,DISPATCH,UNIT_SCADA,1,"2022/10/20 23:10:00",CNUNDAWF,13.1153
D,DISPATCH,UNIT_SCADA,1,"2022/10/20 23:10:00",COHUNSF1,0
D,DISPATCH,UNIT_SCADA,1,"2022/10/20 23:10:00",COLEASF1,0
D,DISPATCH,UNIT_SCADA,1,"2022/10/20 23:10:00",COLUMSF1,0
D,DISPATCH,UNIT_SCADA,1,"2022/10/20 23:10:00",COLWF01,124.510570
D,DISPATCH,UNIT_SCADA,1,"2022/10/20 23:10:00",COOPGWF1,304.50
D,DISPATCH,UNIT_SCADA,1,"2022/10/20 23:10:00",CPP_3,392.149990
D,DISPATCH,UNIT_SCADA,1,"2022/10/20 23:10:00",CPP_4,0
D,DISPATCH,UNIT_SCADA,1,"2022/10/20 23:10:00",CPSA,0
D,DISPATCH,UNIT_SCADA,1,"2022/10/20 23:10:00",CROOKWF2,38.4033
D,DISPATCH,UNIT_SCADA,1,"2022/10/20 23:10:00",CROWLWF1,27.386880
D,DISPATCH,UNIT_SCADA,1,"2022/10/20 23:10:00",CRURWF1,84.597160
D,DISPATCH,UNIT_SCADA,1,"2022/10/20 23:10:00",CRWASF1,0
D,DISPATCH,UNIT_SCADA,1,"2022/10/20 23:10:00",CSPVPS1,0
D,DISPATCH,UNIT_SCADA,1,"2022/10/20 23:10:00",CTHLWF1,0.003050
D,DISPATCH,UNIT_SCADA,1,"2022/10/20 23:10:00",DALNTH01,0
D,DISPATCH,UNIT_SCADA,1,"2022/10/20 23:10:00",DALNTHL1,0.090030
D,DISPATCH,UNIT_SCADA,1,"2022/10/20 23:10:00",DARLSF1,0
D,DISPATCH,UNIT_SCADA,1,"2022/10/20 23:10:00",DARTM1,0
D,DISPATCH,UNIT_SCADA,1,"2022/10/20 23:10:00",DAYDSF1,0
D,DISPATCH,UNIT_SCADA,1,"2022/10/20 23:10:00",DDPS1,0
D,DISPATCH,UNIT_SCADA,1,"2022/10/20 23:10:00",DDSF1,0
D,DISPATCH,UNIT_SCADA,1,"2022/10/20 23:10:00",DEVILS_G,57.098910
D,DISPATCH,UNIT_SCADA,1,"2022/10/20 23:10:00",DG_NSW1,0
D,DISPATCH,UNIT_SCADA,1,"2022/10/20 23:10:00",DG_QLD1,0
D,DISPATCH,UNIT_SCADA,1,"2022/10/20 23:10:00",DG_SA1,0
D,DISPATCH,UNIT_SCADA,1,"2022/10/20 23:10:00",DG_TAS1,0
D,DISPATCH,UNIT_SCADA,1,"2022/10/20 23:10:00",DG_VIC1,0
D,DISPATCH,UNIT_SCADA,1,"2022/10/20 23:10:00",DRYCGT1,0
D,DISPATCH,UNIT_SCADA,1,"2022/10/20 23:10:00",DRYCGT2,0
D,DISPATCH,UNIT_SCADA,1,"2022/10/20 23:10:00",DRYCGT3,0
D,DISPATCH,UNIT_SCADA,1,"2022/10/20 23:10:00",DUNDWF1,110.75
D,DISPATCH,UNIT_SCADA,1,"2022/10/20 23:10:00",DUNDWF2,31.90
D,DISPATCH,UNIT_SCADA,1,"2022/10/20 23:10:00",DUNDWF3,86.58
D,DISPATCH,UNIT_SCADA,1,"2022/10/20 23:10:00",EILDON1,59.68
D,DISPATCH,UNIT_SCADA,1,"2022/10/20 23:10:00",EILDON2,60.04
D,DISPATCH,UNIT_SCADA,1,"2022/10/20 23:10:00",ELAINWF1,8.95
D,DISPATCH,UNIT_SCADA,1,"2022/10/20 23:10:00",EMERASF1,0
D,DISPATCH,UNIT_SCADA,1,"2022/10/20 23:10:00",ER01,0
D,DISPATCH,UNIT_SCADA,1,"2022/10/20 23:10:00",ER02,606.393550
D,DISPATCH,UNIT_SCADA,1,"2022/10/20 23:10:00",ER03,604.367130
D,DISPATCH,UNIT_SCADA,1,"2022/10/20 23:10:00",ER04,604.293880
D,DISPATCH,UNIT_SCADA,1,"2022/10/20 23:10:00",FINLYSF1,0
D,DISPATCH,UNIT_SCADA,1,"2022/10/20 23:10:00",FISHER,44.01
D,DISPATCH,UNIT_SCADA,1,"2022/10/20 23:10:00",GANGARR1,0
D,DISPATCH,UNIT_SCADA,1,"2022/10/20 23:10:00",GANNBG1,0.554060
D,DISPATCH,UNIT_SCADA,1,"2022/10/20 23:10:00",GANNBL1,0
D,DISPATCH,UNIT_SCADA,1,"2022/10/20 23:10:00",GANNSF1,0
D,DISPATCH,UNIT_SCADA,1,"2022/10/20 23:10:00",GLRWNSF1,0
D,DISPATCH,UNIT_SCADA,1,"2022/10/20 23:10:00",GNNDHSF1,0
D,DISPATCH,UNIT_SCADA,1,"2022/10/20 23:10:00",GOONSF1,0
D,DISPATCH,UNIT_SCADA,1,"2022/10/20 23:10:00",GORDON,218.420820
D,DISPATCH,UNIT_SCADA,1,"2022/10/20 23:10:00",GRANWF1,0
D,DISPATCH,UNIT_SCADA,1,"2022/10/20 23:10:00",GSTONE1,203.70
D,DISPATCH,UNIT_SCADA,1,"2022/10/20 23:10:00",GSTONE2,0
D,DISPATCH,UNIT_SCADA,1,"2022/10/20 23:10:00",GSTONE3,139.649990
D,DISPATCH,UNIT_SCADA,1,"2022/10/20 23:10:00",GSTONE4,0
D,DISPATCH,UNIT_SCADA,1,"2022/10/20 23:10:00",GSTONE5,205.45
D,DISPATCH,UNIT_SCADA,1,"2022/10/20 23:10:00",GSTONE6,205.099990
D,DISPATCH,UNIT_SCADA,1,"2022/10/20 23:10:00",GULLRSF1,0
D,DISPATCH,UNIT_SCADA,1,"2022/10/20 23:10:00",GULLRWF1,61.634060
D,DISPATCH,UNIT_SCADA,1,"2022/10/20 23:10:00",GULLRWF2,103.195420
D,DISPATCH,UNIT_SCADA,1,"2022/10/20 23:10:00",GUNNING1,0
D,DISPATCH,UNIT_SCADA,1,"2022/10/20 23:10:00",GUTHEGA,67.90
D,DISPATCH,UNIT_SCADA,1,"2022/10/20 23:10:00",HALLWF1,8.49
D,DISPATCH,UNIT_SCADA,1,"2022/10/20 23:10:00",HALLWF2,12.30
D,DISPATCH,UNIT_SCADA,1,"2022/10/20 23:10:00",HAMISF1,0
D,DISPATCH,UNIT_SCADA,1,"2022/10/20 23:10:00",HAUGHT11,0
D,DISPATCH,UNIT_SCADA,1,"2022/10/20 23:10:00",HAYMSF1,0
D,DISPATCH,UNIT_SCADA,1,"2022/10/20 23:10:00",HDWF1,24.60
D,DISPATCH,UNIT_SCADA,1,"2022/10/20 23:10:00",HDWF2,9.10
D,DISPATCH,UNIT_SCADA,1,"2022/10/20 23:10:00",HDWF3,17.40
D,DISPATCH,UNIT_SCADA,1,"2022/10/20 23:10:00",HILLSTN1,0
D,DISPATCH,UNIT_SCADA,1,"2022/10/20 23:10:00",HPRG1,3.10
D,DISPATCH,UNIT_SCADA,1,"2022/10/20 23:10:00",HPRL1,0
D,DISPATCH,UNIT_SCADA,1,"2022/10/20 23:10:00",HUMENSW,54.229130
D,DISPATCH,UNIT_SCADA,1,"2022/10/20 23:10:00",HUMEV,0
D,DISPATCH,UNIT_SCADA,1,"2022/10/20 23:10:00",HVWWBA1G,0
D,DISPATCH,UNIT_SCADA,1,"2022/10/20 23:10:00",HVWWBA1L,0.0060
D,DISPATCH,UNIT_SCADA,1,"2022/10/20 23:10:00",HVWWPV1,0
D,DISPATCH,UNIT_SCADA,1,"2022/10/20 23:10:00",JBUTTERS,0
D,DISPATCH,UNIT_SCADA,1,"2022/10/20 23:10:00",JEMALNG1,0
D,DISPATCH,UNIT_SCADA,1,"2022/10/20 23:10:00",JLA01,0
D,DISPATCH,UNIT_SCADA,1,"2022/10/20 23:10:00",JLA02,0
D,DISPATCH,UNIT_SCADA,1,"2022/10/20 23:10:00",JLA03,0
D,DISPATCH,UNIT_SCADA,1,"2022/10/20 23:10:00",JLA04,0
D,DISPATCH,UNIT_SCADA,1,"2022/10/20 23:10:00",JLB01,0
D,DISPATCH,UNIT_SCADA,1,"2022/10/20 23:10:00",JLB02,0.10
D,DISPATCH,UNIT_SCADA,1,"2022/10/20 23:10:00",JLB03,0
D,DISPATCH,UNIT_SCADA,1,"2022/10/20 23:10:00",JUNEESF1,0
D,DISPATCH,UNIT_SCADA,1,"2022/10/20 23:10:00",KABANWF1,0
D,DISPATCH,UNIT_SCADA,1,"2022/10/20 23:10:00",KAREEYA1,0
D,DISPATCH,UNIT_SCADA,1,"2022/10/20 23:10:00",KAREEYA2,0
D,DISPATCH,UNIT_SCADA,1,"2022/10/20 23:10:00",KAREEYA3,4.9925
D,DISPATCH,UNIT_SCADA,1,"2022/10/20 23:10:00",KAREEYA4,0
D,DISPATCH,UNIT_SCADA,1,"2022/10/20 23:10:00",KARSF1,0
D,DISPATCH,UNIT_SCADA,1,"2022/10/20 23:10:00",KEPSF1,0
D,DISPATCH,UNIT_SCADA,1,"2022/10/20 23:10:00",KEPWF1,2.24
D,DISPATCH,UNIT_SCADA,1,"2022/10/20 23:10:00",KIAMSF1,0
D,DISPATCH,UNIT_SCADA,1,"2022/10/20 23:10:00",KIATAWF1,8.90
D,DISPATCH,UNIT_SCADA,1,"2022/10/20 23:10:00",KPP_1,0
D,DISPATCH,UNIT_SCADA,1,"2022/10/20 23:10:00",KSP1,0
D,DISPATCH,UNIT_SCADA,1,"2022/10/20 23:10:00",LADBROK1,0.01
D,DISPATCH,UNIT_SCADA,1,"2022/10/20 23:10:00",LADBROK2,0.02
D,DISPATCH,UNIT_SCADA,1,"2022/10/20 23:10:00",LBBG1,3.15
D,DISPATCH,UNIT_SCADA,1,"2022/10/20 23:10:00",LBBL1,0
D,DISPATCH,UNIT_SCADA,1,"2022/10/20 23:10:00",LD01,336.5032
D,DISPATCH,UNIT_SCADA,1,"2022/10/20 23:10:00",LD02,0
D,DISPATCH,UNIT_SCADA,1,"2022/10/20 23:10:00",LD04,310.885960
D,DISPATCH,UNIT_SCADA,1,"2022/10/20 23:10:00",LEM_WIL,86.9129
D,DISPATCH,UNIT_SCADA,1,"2022/10/20 23:10:00",LGAPWF1,92.63
D,DISPATCH,UNIT_SCADA,1,"2022/10/20 23:10:00",LGAPWF2,70.16
D,DISPATCH,UNIT_SCADA,1,"2022/10/20 23:10:00",LILYSF1,0
D,DISPATCH,UNIT_SCADA,1,"2022/10/20 23:10:00",LIMOSF11,0
D,DISPATCH,UNIT_SCADA,1,"2022/10/20 23:10:00",LIMOSF21,0
D,DISPATCH,UNIT_SCADA,1,"2022/10/20 23:10:00",LI_WY_CA,56.160510
D,DISPATCH,UNIT_SCADA,1,"2022/10/20 23:10:00",LKBONNY1,17.236720
D,DISPATCH,UNIT_SCADA,1,"2022/10/20 23:10:00",LKBONNY2,45.999490
D,DISPATCH,UNIT_SCADA,1,"2022/10/20 23:10:00",LKBONNY3,12.8949
D,DISPATCH,UNIT_SCADA,1,"2022/10/20 23:10:00",LK_ECHO,0
D,DISPATCH,UNIT_SCADA,1,"2022/10/20 23:10:00",LNGS1,0
D,DISPATCH,UNIT_SCADA,1,"2022/10/20 23:10:00",LNGS2,0
D,DISPATCH,UNIT_SCADA,1,"2022/10/20 23:10:00",LONSDALE,0
D,DISPATCH,UNIT_SCADA,1,"2022/10/20 23:10:00",LOYYB1,573.683530
D,DISPATCH,UNIT_SCADA,1,"2022/10/20 23:10:00",LOYYB2,577.067080
D,DISPATCH,UNIT_SCADA,1,"2022/10/20 23:10:00",LYA1,562
D,DISPATCH,UNIT_SCADA,1,"2022/10/20 23:10:00",LYA2,0
D,DISPATCH,UNIT_SCADA,1,"2022/10/20 23:10:00",LYA3,562
D,DISPATCH,UNIT_SCADA,1,"2022/10/20 23:10:00",LYA4,561
D,DISPATCH,UNIT_SCADA,1,"2022/10/20 23:10:00",MACARTH1,68.498420
D,DISPATCH,UNIT_SCADA,1,"2022/10/20 23:10:00",MACKNTSH,0
D,DISPATCH,UNIT_SCADA,1,"2022/10/20 23:10:00",MANSLR1,0
D,DISPATCH,UNIT_SCADA,1,"2022/10/20 23:10:00",MAPS2PV1,0
D,DISPATCH,UNIT_SCADA,1,"2022/10/20 23:10:00",MAPS3PV1,0
D,DISPATCH,UNIT_SCADA,1,"2022/10/20 23:10:00",MARYRSF1,0
D,DISPATCH,UNIT_SCADA,1,"2022/10/20 23:10:00",MBPS2PV1,0
D,DISPATCH,UNIT_SCADA,1,"2022/10/20 23:10:00",MCKAY1,225.540010
D,DISPATCH,UNIT_SCADA,1,"2022/10/20 23:10:00",MEADOWBK,5.973220
D,DISPATCH,UNIT_SCADA,1,"2022/10/20 23:10:00",MERCER01,26
D,DISPATCH,UNIT_SCADA,1,"2022/10/20 23:10:00",METZSF1,0
D,DISPATCH,UNIT_SCADA,1,"2022/10/20 23:10:00",MEWF1,0
D,DISPATCH,UNIT_SCADA,1,"2022/10/20 23:10:00",MIDDLSF1,0
D,DISPATCH,UNIT_SCADA,1,"2022/10/20 23:10:00",MINTARO,0.128180
D,DISPATCH,UNIT_SCADA,1,"2022/10/20 23:10:00",MOLNGSF1,0
D,DISPATCH,UNIT_SCADA,1,"2022/10/20 23:10:00",MOORAWF1,0
D,DISPATCH,UNIT_SCADA,1,"2022/10/20 23:10:00",MOREESF1,0
D,DISPATCH,UNIT_SCADA,1,"2022/10/20 23:10:00",MORTLK11,0
D,DISPATCH,UNIT_SCADA,1,"2022/10/20 23:10:00",MORTLK12,0
D,DISPATCH,UNIT_SCADA,1,"2022/10/20 23:10:00",MOUSF1,0
D,DISPATCH,UNIT_SCADA,1,"2022/10/20 23:10:00",MP1,0
D,DISPATCH,UNIT_SCADA,1,"2022/10/20 23:10:00",MP2,351.335940
D,DISPATCH,UNIT_SCADA,1,"2022/10/20 23:10:00",MPP_1,191.122740
D,DISPATCH,UNIT_SCADA,1,"2022/10/20 23:10:00",MPP_2,186.865390
D,DISPATCH,UNIT_SCADA,1,"2022/10/20 23:10:00",MRTLSWF1,0
D,DISPATCH,UNIT_SCADA,1,"2022/10/20 23:10:00",MSTUART1,0
D,DISPATCH,UNIT_SCADA,1,"2022/10/20 23:10:00",MSTUART2,0
D,DISPATCH,UNIT_SCADA,1,"2022/10/20 23:10:00",MSTUART3,0
D,DISPATCH,UNIT_SCADA,1,"2022/10/20 23:10:00",MTGELWF1,60.278630
D,DISPATCH,UNIT_SCADA,1,"2022/10/20 23:10:00",MTMILLAR,18.70
D,DISPATCH,UNIT_SCADA,1,"2022/10/20 23:10:00",MURRAY,0
D,DISPATCH,UNIT_SCADA,1,"2022/10/20 23:10:00",MUSSELR1,17.40
D,DISPATCH,UNIT_SCADA,1,"2022/10/20 23:10:00",MUWAWF1,83.62
D,DISPATCH,UNIT_SCADA,1,"2022/10/20 23:10:00",MUWAWF2,79.10
D,DISPATCH,UNIT_SCADA,1,"2022/10/20 23:10:00",MWPS1PV1,0
D,DISPATCH,UNIT_SCADA,1,"2022/10/20 23:10:00",MWPS2PV1,0
D,DISPATCH,UNIT_SCADA,1,"2022/10/20 23:10:00",MWPS3PV1,0
D,DISPATCH,UNIT_SCADA,1,"2022/10/20 23:10:00",MWPS4PV1,0
D,DISPATCH,UNIT_SCADA,1,"2022/10/20 23:10:00",NBHWF1,10.50
D,DISPATCH,UNIT_SCADA,1,"2022/10/20 23:10:00",NEVERSF1,0
D,DISPATCH,UNIT_SCADA,1,"2022/10/20 23:10:00",NPS,0
D,DISPATCH,UNIT_SCADA,1,"2022/10/20 23:10:00",NUMURSF1,0
D,DISPATCH,UNIT_SCADA,1,"2022/10/20 23:10:00",NYNGAN1,0
D,DISPATCH,UNIT_SCADA,1,"2022/10/20 23:10:00",OAKEY1,0
D,DISPATCH,UNIT_SCADA,1,"2022/10/20 23:10:00",OAKEY1SF,0
D,DISPATCH,UNIT_SCADA,1,"2022/10/20 23:10:00",OAKEY2,0
D,DISPATCH,UNIT_SCADA,1,"2022/10/20 23:10:00",OAKEY2SF,0
D,DISPATCH,UNIT_SCADA,1,"2022/10/20 23:10:00",OAKLAND1,8.20
D,DISPATCH,UNIT_SCADA,1,"2022/10/20 23:10:00",OSB-AG,180.829990
D,DISPATCH,UNIT_SCADA,1,"2022/10/20 23:10:00",PAREPS1,0
D,DISPATCH,UNIT_SCADA,1,"2022/10/20 23:10:00",PAREPW1,54.92
D,DISPATCH,UNIT_SCADA,1,"2022/10/20 23:10:00",PARSF1,0.001530
D,DISPATCH,UNIT_SCADA,1,"2022/10/20 23:10:00",POAT110,3.40
D,DISPATCH,UNIT_SCADA,1,"2022/10/20 23:10:00",POAT220,0
D,DISPATCH,UNIT_SCADA,1,"2022/10/20 23:10:00",POR01,0
D,DISPATCH,UNIT_SCADA,1,"2022/10/20 23:10:00",POR03,0
D,DISPATCH,UNIT_SCADA,1,"2022/10/20 23:10:00",PPCCGT,166.841090
D,DISPATCH,UNIT_SCADA,1,"2022/10/20 23:10:00",PTSTAN1,0
D,DISPATCH,UNIT_SCADA,1,"2022/10/20 23:10:00",PUMP1,0
D,DISPATCH,UNIT_SCADA,1,"2022/10/20 23:10:00",PUMP2,0
D,DISPATCH,UNIT_SCADA,1,"2022/10/20 23:10:00",QBYNBG1,0
D,DISPATCH,UNIT_SCADA,1,"2022/10/20 23:10:00",QBYNBL1,0.0045
D,DISPATCH,UNIT_SCADA,1,"2022/10/20 23:10:00",QPS1,0
D,DISPATCH,UNIT_SCADA,1,"2022/10/20 23:10:00",QPS2,0
D,DISPATCH,UNIT_SCADA,1,"2022/10/20 23:10:00",QPS3,0
D,DISPATCH,UNIT_SCADA,1,"2022/10/20 23:10:00",QPS4,0
D,DISPATCH,UNIT_SCADA,1,"2022/10/20 23:10:00",QPS5,0
D,DISPATCH,UNIT_SCADA,1,"2022/10/20 23:10:00",REECE1,0
D,DISPATCH,UNIT_SCADA,1,"2022/10/20 23:10:00",REECE2,0
D,DISPATCH,UNIT_SCADA,1,"2022/10/20 23:10:00",ROMA_7,0
D,DISPATCH,UNIT_SCADA,1,"2022/10/20 23:10:00",ROMA_8,0
D,DISPATCH,UNIT_SCADA,1,"2022/10/20 23:10:00",RRSF1,0
D,DISPATCH,UNIT_SCADA,1,"2022/10/20 23:10:00",RT_NSW1,0
D,DISPATCH,UNIT_SCADA,1,"2022/10/20 23:10:00",RT_NSW2,0
D,DISPATCH,UNIT_SCADA,1,"2022/10/20 23:10:00",RT_NSW3,0
D,DISPATCH,UNIT_SCADA,1,"2022/10/20 23:10:00",RT_NSW4,0
D,DISPATCH,UNIT_SCADA,1,"2022/10/20 23:10:00",RT_NSW5,0
D,DISPATCH,UNIT_SCADA,1,"2022/10/20 23:10:00",RT_NSW6,0
D,DISPATCH,UNIT_SCADA,1,"2022/10/20 23:10:00",RT_QLD1,0
D,DISPATCH,UNIT_SCADA,1,"2022/10/20 23:10:00",RT_SA1,0
D,DISPATCH,UNIT_SCADA,1,"2022/10/20 23:10:00",RT_SA2,0
D,DISPATCH,UNIT_SCADA,1,"2022/10/20 23:10:00",RT_SA3,0
D,DISPATCH,UNIT_SCADA,1,"2022/10/20 23:10:00",RT_SA4,0
D,DISPATCH,UNIT_SCADA,1,"2022/10/20 23:10:00",RT_SA5,0
D,DISPATCH,UNIT_SCADA,1,"2022/10/20 23:10:00",RT_SA6,0
D,DISPATCH,UNIT_SCADA,1,"2022/10/20 23:10:00",RT_TAS1,0
D,DISPATCH,UNIT_SCADA,1,"2022/10/20 23:10:00",RT_VIC1,0
D,DISPATCH,UNIT_SCADA,1,"2022/10/20 23:10:00",RT_VIC10,0
D,DISPATCH,UNIT_SCADA,1,"2022/10/20 23:10:00",RT_VIC11,0
D,DISPATCH,UNIT_SCADA,1,"2022/10/20 23:10:00",RT_VIC12,0
D,DISPATCH,UNIT_SCADA,1,"2022/10/20 23:10:00",RT_VIC2,0
D,DISPATCH,UNIT_SCADA,1,"2022/10/20 23:10:00",RT_VIC3,0
D,DISPATCH,UNIT_SCADA,1,"2022/10/20 23:10:00",RT_VIC4,0
D,DISPATCH,UNIT_SCADA,1,"2022/10/20 23:10:00",RT_VIC5,0
D,DISPATCH,UNIT_SCADA,1,"2022/10/20 23:10:00",RT_VIC6,0
D,DISPATCH,UNIT_SCADA,1,"2022/10/20 23:10:00",RT_VIC7,0
D,DISPATCH,UNIT_SCADA,1,"2022/10/20 23:10:00",RT_VIC8,0
D,DISPATCH,UNIT_SCADA,1,"2022/10/20 23:10:00",RT_VIC9,0
D,DISPATCH,UNIT_SCADA,1,"2022/10/20 23:10:00",RUGBYR1,0
D,DISPATCH,UNIT_SCADA,1,"2022/10/20 23:10:00",SALTCRK1,32.09
D,DISPATCH,UNIT_SCADA,1,"2022/10/20 23:10:00",SAPHWF1,223.0396
D,DISPATCH,UNIT_SCADA,1,"2022/10/20 23:10:00",SEBSF1,0
D,DISPATCH,UNIT_SCADA,1,"2022/10/20 23:10:00",SHGEN,0
D,DISPATCH,UNIT_SCADA,1,"2022/10/20 23:10:00",SHPUMP,0
D,DISPATCH,UNIT_SCADA,1,"2022/10/20 23:10:00",SITHE01,0.153860
D,DISPATCH,UNIT_SCADA,1,"2022/10/20 23:10:00",SMCSF1,0
D,DISPATCH,UNIT_SCADA,1,"2022/10/20 23:10:00",SNAPPER1,0
D,DISPATCH,UNIT_SCADA,1,"2022/10/20 23:10:00",SNOWNTH1,60
D,DISPATCH,UNIT_SCADA,1,"2022/10/20 23:10:00",SNOWSTH1,45.70
D,DISPATCH,UNIT_SCADA,1,"2022/10/20 23:10:00",SNOWTWN1,49.695290
D,DISPATCH,UNIT_SCADA,1,"2022/10/20 23:10:00",SNOWYP,0
D,DISPATCH,UNIT_SCADA,1,"2022/10/20 23:10:00",SNUG1,0
D,DISPATCH,UNIT_SCADA,1,"2022/10/20 23:10:00",SRSF1,0
D,DISPATCH,UNIT_SCADA,1,"2022/10/20 23:10:00",STAN-1,281.248170
D,DISPATCH,UNIT_SCADA,1,"2022/10/20 23:10:00",STAN-2,361.820860
D,DISPATCH,UNIT_SCADA,1,"2022/10/20 23:10:00",STAN-3,364.422880
D,DISPATCH,UNIT_SCADA,1,"2022/10/20 23:10:00",STAN-4,366.730070
D,DISPATCH,UNIT_SCADA,1,"2022/10/20 23:10:00",STARHLWF,20.993880
D,DISPATCH,UNIT_SCADA,1,"2022/10/20 23:10:00",STOCKYD1,93.28
D,DISPATCH,UNIT_SCADA,1,"2022/10/20 23:10:00",STWF1,23.494620
D,DISPATCH,UNIT_SCADA,1,"2022/10/20 23:10:00",SUNRSF1,0
D,DISPATCH,UNIT_SCADA,1,"2022/10/20 23:10:00",SUNTPSF1,0
D,DISPATCH,UNIT_SCADA,1,"2022/10/20 23:10:00",SWAN_E,223.716890
D,DISPATCH,UNIT_SCADA,1,"2022/10/20 23:10:00",TALWA1,0
D,DISPATCH,UNIT_SCADA,1,"2022/10/20 23:10:00",TARALGA1,0
D,DISPATCH,UNIT_SCADA,1,"2022/10/20 23:10:00",TARONG#1,350
D,DISPATCH,UNIT_SCADA,1,"2022/10/20 23:10:00",TARONG#2,350
D,DISPATCH,UNIT_SCADA,1,"2022/10/20 23:10:00",TARONG#3,0.90
D,DISPATCH,UNIT_SCADA,1,"2022/10/20 23:10:00",TARONG#4,230
D,DISPATCH,UNIT_SCADA,1,"2022/10/20 23:10:00",TARRALEA,54
D,DISPATCH,UNIT_SCADA,1,"2022/10/20 23:10:00",TBSF1,0
D,DISPATCH,UNIT_SCADA,1,"2022/10/20 23:10:00",TNPS1,352.1875
D,DISPATCH,UNIT_SCADA,1,"2022/10/20 23:10:00",TORRB1,0
D,DISPATCH,UNIT_SCADA,1,"2022/10/20 23:10:00",TORRB2,65
D,DISPATCH,UNIT_SCADA,1,"2022/10/20 23:10:00",TORRB3,0
D,DISPATCH,UNIT_SCADA,1,"2022/10/20 23:10:00",TORRB4,0
D,DISPATCH,UNIT_SCADA,1,"2022/10/20 23:10:00",TREVALLN,98.1409
D,DISPATCH,UNIT_SCADA,1,"2022/10/20 23:10:00",TRIBUTE,0
D,DISPATCH,UNIT_SCADA,1,"2022/10/20 23:10:00",TUMUT3,181.05
D,DISPATCH,UNIT_SCADA,1,"2022/10/20 23:10:00",TUNGATIN,6.220020
D,DISPATCH,UNIT_SCADA,1,"2022/10/20 23:10:00",TVCC201,0
D,DISPATCH,UNIT_SCADA,1,"2022/10/20 23:10:00",TVPP104,0
D,DISPATCH,UNIT_SCADA,1,"2022/10/20 23:10:00",UPPTUMUT,0
D,DISPATCH,UNIT_SCADA,1,"2022/10/20 23:10:00",URANQ11,0
D,DISPATCH,UNIT_SCADA,1,"2022/10/20 23:10:00",URANQ12,0
D,DISPATCH,UNIT_SCADA,1,"2022/10/20 23:10:00",URANQ13,0
D,DISPATCH,UNIT_SCADA,1,"2022/10/20 23:10:00",URANQ14,0
D,DISPATCH,UNIT_SCADA,1,"2022/10/20 23:10:00",VBBG1,36.90
D,DISPATCH,UNIT_SCADA,1,"2022/10/20 23:10:00",VBBL1,0
D,DISPATCH,UNIT_SCADA,1,"2022/10/20 23:10:00",VP5,555.681030
D,DISPATCH,UNIT_SCADA,1,"2022/10/20 23:10:00",VP6,598.870790
D,DISPATCH,UNIT_SCADA,1,"2022/10/20 23:10:00",VPGS1,0
D,DISPATCH,UNIT_SCADA,1,"2022/10/20 23:10:00",VPGS2,0
D,DISPATCH,UNIT_SCADA,1,"2022/10/20 23:10:00",VPGS3,0
D,DISPATCH,UNIT_SCADA,1,"2022/10/20 23:10:00",VPGS4,0
D,DISPATCH,UNIT_SCADA,1,"2022/10/20 23:10:00",VPGS5,0
D,DISPATCH,UNIT_SCADA,1,"2022/10/20 23:10:00",VPGS6,0
D,DISPATCH,UNIT_SCADA,1,"2022/10/20 23:10:00",W/HOE#1,0
D,DISPATCH,UNIT_SCADA,1,"2022/10/20 23:10:00",W/HOE#2,0
D,DISPATCH,UNIT_SCADA,1,"2022/10/20 23:10:00",WAGGNSF1,0
D,DISPATCH,UNIT_SCADA,1,"2022/10/20 23:10:00",WALGRVG1,0.000930
D,DISPATCH,UNIT_SCADA,1,"2022/10/20 23:10:00",WALGRVL1,0
D,DISPATCH,UNIT_SCADA,1,"2022/10/20 23:10:00",WANDBG1,0.035830
D,DISPATCH,UNIT_SCADA,1,"2022/10/20 23:10:00",WANDBL1,0
D,DISPATCH,UNIT_SCADA,1,"2022/10/20 23:10:00",WARWSF1,0
D,DISPATCH,UNIT_SCADA,1,"2022/10/20 23:10:00",WARWSF2,0
D,DISPATCH,UNIT_SCADA,1,"2022/10/20 23:10:00",WATERLWF,26.50
D,DISPATCH,UNIT_SCADA,1,"2022/10/20 23:10:00",WDGPH1,0
D,DISPATCH,UNIT_SCADA,1,"2022/10/20 23:10:00",WELLSF1,0
D,DISPATCH,UNIT_SCADA,1,"2022/10/20 23:10:00",WEMENSF1,0
D,DISPATCH,UNIT_SCADA,1,"2022/10/20 23:10:00",WGWF1,8.30
D,DISPATCH,UNIT_SCADA,1,"2022/10/20 23:10:00",WHITSF1,0
D,DISPATCH,UNIT_SCADA,1,"2022/10/20 23:10:00",WINTSF1,0
D,DISPATCH,UNIT_SCADA,1,"2022/10/20 23:10:00",WKIEWA1,34.10
D,DISPATCH,UNIT_SCADA,1,"2022/10/20 23:10:00",WKIEWA2,34.30
D,DISPATCH,UNIT_SCADA,1,"2022/10/20 23:10:00",WOODLWN1,38.676860
D,DISPATCH,UNIT_SCADA,1,"2022/10/20 23:10:00",WOOLGSF1,0
D,DISPATCH,UNIT_SCADA,1,"2022/10/20 23:10:00",WPWF,42.27
D,DISPATCH,UNIT_SCADA,1,"2022/10/20 23:10:00",WRSF1,0
D,DISPATCH,UNIT_SCADA,1,"2022/10/20 23:10:00",WRWF1,125.4615
D,DISPATCH,UNIT_SCADA,1,"2022/10/20 23:10:00",WSTWYSF1,0
D,DISPATCH,UNIT_SCADA,1,"2022/10/20 23:10:00",YABULU,0
D,DISPATCH,UNIT_SCADA,1,"2022/10/20 23:10:00",YABULU2,0
D,DISPATCH,UNIT_SCADA,1,"2022/10/20 23:10:00",YARANSF1,0
D,DISPATCH,UNIT_SCADA,1,"2022/10/20 23:10:00",YARWUN_1,163.34
D,DISPATCH,UNIT_SCADA,1,"2022/10/20 23:10:00",YATSF1,0
D,DISPATCH,UNIT_SCADA,1,"2022/10/20 23:10:00",YENDWF1,8.21
D,DISPATCH,UNIT_SCADA,1,"2022/10/20 23:10:00",YWPS1,284.708860
D,DISPATCH,UNIT_SCADA,1,"2022/10/20 23:10:00",YWPS2,359.6481
D,DISPATCH,UNIT_SCADA,1,"2022/10/20 23:10:00",YWPS3,359.6709
D,DISPATCH,UNIT_SCADA,1,"2022/10/20 23:10:00",YWPS4,0
C,"END OF REPORT",419
