C,NEMP.WORLD,DISPATCHSCADA,AEMO,PUBLIC,2022/10/20,03:20:09,0000000373225301,DISPATCHSCADA,0000000373225295
I,DISPATCH,UNIT_SCADA,1,SETTLEMENTDATE,DUID,SCADAVALUE
D,DISPATCH,UNIT_SCADA,1,"2022/10/20 03:25:00",BARCSF1,0.10
D,DISPATCH,UNIT_SCADA,1,"2022/10/20 03:25:00",BUTLERSG,8.699999
D,DISPATCH,UNIT_SCADA,1,"2022/10/20 03:25:00",CAPTL_WF,0
D,DISPATCH,UNIT_SCADA,1,"2022/10/20 03:25:00",CHALLHWF,19.900002
D,DISPATCH,UNIT_SCADA,1,"2022/10/20 03:25:00",CLOVER,13.23
D,DISPATCH,UNIT_SCADA,1,"2022/10/20 03:25:00",CLUNY,6.219730
D,DISPATCH,UNIT_SCADA,1,"2022/10/20 03:25:00",CULLRGWF,-0.04
D,DISPATCH,UNIT_SCADA,1,"2022/10/20 03:25:00",DIAPURWF1,7.30
D,DISPATCH,UNIT_SCADA,1,"2022/10/20 03:25:00",ERGT01,0
D,DISPATCH,UNIT_SCADA,1,"2022/10/20 03:25:00",GB01,0
D,DISPATCH,UNIT_SCADA,1,"2022/10/20 03:25:00",GERMCRK,21.40
D,DISPATCH,UNIT_SCADA,1,"2022/10/20 03:25:00",GRIFSF1,0.001526
D,DISPATCH,UNIT_SCADA,1,"2022/10/20 03:25:00",HEZ1,0
D,DISPATCH,UNIT_SCADA,1,"2022/10/20 03:25:00",HUGSF1,-0.1740
D,DISPATCH,UNIT_SCADA,1,"2022/10/20 03:25:00",KEPBG1,0
D,DISPATCH,UNIT_SCADA,1,"2022/10/20 03:25:00",LRSF1,0.0240
D,DISPATCH,UNIT_SCADA,1,"2022/10/20 03:25:00",MBAHNTH,50.268753
D,DISPATCH,UNIT_SCADA,1,"2022/10/20 03:25:00",MLSP1,0
D,DISPATCH,UNIT_SCADA,1,"2022/10/20 03:25:00",MLWF1,1.7250
D,DISPATCH,UNIT_SCADA,1,"2022/10/20 03:25:00",PALOONA,30.41
D,DISPATCH,UNIT_SCADA,1,"2022/10/20 03:25:00",PIONEER,39.100002
D,DISPATCH,UNIT_SCADA,1,"2022/10/20 03:25:00",PORTWF,29.299999
D,DISPATCH,UNIT_SCADA,1,"2022/10/20 03:25:00",REPULSE,9.302510
D,DISPATCH,UNIT_SCADA,1,"2022/10/20 03:25:00",ROWALLAN,8.9034
D,DISPATCH,UNIT_SCADA,1,"2022/10/20 03:25:00",ROYALLA1,0
D,DISPATCH,UNIT_SCADA,1,"2022/10/20 03:25:00",RPCG,-1.20
D,DISPATCH,UNIT_SCADA,1,"2022/10/20 03:25:00",RUBICON,0
D,DISPATCH,UNIT_SCADA,1,"2022/10/20 03:25:00",WAUBRAWF,87.295998
D,DISPATCH,UNIT_SCADA,1,"2022/10/20 03:25:00",WOOLNTH1,17.459999
D,DISPATCH,UNIT_SCADA,1,"2022/10/20 03:25:00",YAMBUKWF,3.20
D,DISPATCH,UNIT_SCADA,1,"2022/10/20 03:25:00",YSWF1,2.60
D,DISPATCH,UNIT_SCADA,1,"2022/10/20 03:25:00",ADPBA1G,0.0080
D,DISPATCH,UNIT_SCADA,1,"2022/10/20 03:25:00",ADPBA1L,0
D,DISPATCH,UNIT_SCADA,1,"2022/10/20 03:25:00",ADPPV1,0
D,DISPATCH,UNIT_SCADA,1,"2022/10/20 03:25:00",AGLHAL,0
D,DISPATCH,UNIT_SCADA,1,"2022/10/20 03:25:00",AGLSOM,0
D,DISPATCH,UNIT_SCADA,1,"2022/10/20 03:25:00",ANGAST1,0
D,DISPATCH,UNIT_SCADA,1,"2022/10/20 03:25:00",ARWF1,4.20
D,DISPATCH,UNIT_SCADA,1,"2022/10/20 03:25:00",BALBG1,0
D,DISPATCH,UNIT_SCADA,1,"2022/10/20 03:25:00",BALBL1,0
D,DISPATCH,UNIT_SCADA,1,"2022/10/20 03:25:00",BALDHWF1,0
D,DISPATCH,UNIT_SCADA,1,"2022/10/20 03:25:00",BANGOWF1,54.5980
D,DISPATCH,UNIT_SCADA,1,"2022/10/20 03:25:00",BANGOWF2,57.798960
D,DISPATCH,UNIT_SCADA,1,"2022/10/20 03:25:00",BANN1,0
D,DISPATCH,UNIT_SCADA,1,"2022/10/20 03:25:00",BARCALDN,0
D,DISPATCH,UNIT_SCADA,1,"2022/10/20 03:25:00",BARKIPS1,0
D,DISPATCH,UNIT_SCADA,1,"2022/10/20 03:25:00",BARRON-1,0
D,DISPATCH,UNIT_SCADA,1,"2022/10/20 03:25:00",BARRON-2,0
D,DISPATCH,UNIT_SCADA,1,"2022/10/20 03:25:00",BASTYAN,0
D,DISPATCH,UNIT_SCADA,1,"2022/10/20 03:25:00",BBTHREE1,-1.04
D,DISPATCH,UNIT_SCADA,1,"2022/10/20 03:25:00",BBTHREE2,0
D,DISPATCH,UNIT_SCADA,1,"2022/10/20 03:25:00",BBTHREE3,0
D,DISPATCH,UNIT_SCADA,1,"2022/10/20 03:25:00",BDL01,0
D,DISPATCH,UNIT_SCADA,1,"2022/10/20 03:25:00",BDL02,0
D,DISPATCH,UNIT_SCADA,1,"2022/10/20 03:25:00",BERYLSF1,0
D,DISPATCH,UNIT_SCADA,1,"2022/10/20 03:25:00",BLOWERNG,62.60
D,DISPATCH,UNIT_SCADA,1,"2022/10/20 03:25:00",BLUEGSF1,0
D,DISPATCH,UNIT_SCADA,1,"2022/10/20 03:25:00",BLUFF1,1.50
D,DISPATCH,UNIT_SCADA,1,"2022/10/20 03:25:00",BNGSF1,0
D,DISPATCH,UNIT_SCADA,1,"2022/10/20 03:25:00",BNGSF2,0
D,DISPATCH,UNIT_SCADA,1,"2022/10/20 03:25:00",BOCORWF1,5.67
D,DISPATCH,UNIT_SCADA,1,"2022/10/20 03:25:00",BODWF1,84.570780
D,DISPATCH,UNIT_SCADA,1,"2022/10/20 03:25:00",BOMENSF1,0
D,DISPATCH,UNIT_SCADA,1,"2022/10/20 03:25:00",BOWWBA1G,0
D,DISPATCH,UNIT_SCADA,1,"2022/10/20 03:25:00",BOWWBA1L,0.0010
D,DISPATCH,UNIT_SCADA,1,"2022/10/20 03:25:00",BOWWPV1,0
D,DISPATCH,UNIT_SCADA,1,"2022/10/20 03:25:00",BRAEMAR1,0
D,DISPATCH,UNIT_SCADA,1,"2022/10/20 03:25:00",BRAEMAR2,0
D,DISPATCH,UNIT_SCADA,1,"2022/10/20 03:25:00",BRAEMAR3,0
D,DISPATCH,UNIT_SCADA,1,"2022/10/20 03:25:00",BRAEMAR5,0.292060
D,DISPATCH,UNIT_SCADA,1,"2022/10/20 03:25:00",BRAEMAR6,0
D,DISPATCH,UNIT_SCADA,1,"2022/10/20 03:25:00",BRAEMAR7,0.130920
D,DISPATCH,UNIT_SCADA,1,"2022/10/20 03:25:00",BROKENH1,0
D,DISPATCH,UNIT_SCADA,1,"2022/10/20 03:25:00",BRYB1WF1,123.710990
D,DISPATCH,UNIT_SCADA,1,"2022/10/20 03:25:00",BULBESG1,0
D,DISPATCH,UNIT_SCADA,1,"2022/10/20 03:25:00",BULBESL1,0.03
D,DISPATCH,UNIT_SCADA,1,"2022/10/20 03:25:00",BULGANA1,49.96
D,DISPATCH,UNIT_SCADA,1,"2022/10/20 03:25:00",BW01,441.864650
D,DISPATCH,UNIT_SCADA,1,"2022/10/20 03:25:00",BW02,436.981750
D,DISPATCH,UNIT_SCADA,1,"2022/10/20 03:25:00",BW03,436.395810
D,DISPATCH,UNIT_SCADA,1,"2022/10/20 03:25:00",BW04,0
D,DISPATCH,UNIT_SCADA,1,"2022/10/20 03:25:00",CALL_B_1,319.800020
D,DISPATCH,UNIT_SCADA,1,"2022/10/20 03:25:00",CALL_B_2,320.200010
D,DISPATCH,UNIT_SCADA,1,"2022/10/20 03:25:00",CATHROCK,9.40
D,DISPATCH,UNIT_SCADA,1,"2022/10/20 03:25:00",CBWWBA1G,0
D,DISPATCH,UNIT_SCADA,1,"2022/10/20 03:25:00",CBWWBA1L,0
D,DISPATCH,UNIT_SCADA,1,"2022/10/20 03:25:00",CETHANA,97.585750
D,DISPATCH,UNIT_SCADA,1,"2022/10/20 03:25:00",CG1,0
D,DISPATCH,UNIT_SCADA,1,"2022/10/20 03:25:00",CG2,0
D,DISPATCH,UNIT_SCADA,1,"2022/10/20 03:25:00",CG3,0
D,DISPATCH,UNIT_SCADA,1,"2022/10/20 03:25:00",CG4,0
D,DISPATCH,UNIT_SCADA,1,"2022/10/20 03:25:00",CHILDSF1,0
D,DISPATCH,UNIT_SCADA,1,"2022/10/20 03:25:00",CHYTWF1,10.89
D,DISPATCH,UNIT_SCADA,1,"2022/10/20 03:25:00",CLARESF1,0
D,DISPATCH,UNIT_SCADA,1,"2022/10/20 03:25:00",CLEMGPWF,21.682540
D,DISPATCH,UNIT_SCADA,1,"2022/10/20 03:25:00",CLERMSF1,0
D,DISPATCH,UNIT_SCADA,1,"2022/10/20 03:25:00",CNUNDAWF,0
D,DISPATCH,UNIT_SCADA,1,"2022/10/20 03:25:00",COHUNSF1,0
D,DISPATCH,UNIT_SCADA,1,"2022/10/20 03:25:00",COLEASF1,0
D,DISPATCH,UNIT_SCADA,1,"2022/10/20 03:25:00",COLUMSF1,0
D,DISPATCH,UNIT_SCADA,1,"2022/10/20 03:25:00",COLWF01,52.097350
D,DISPATCH,UNIT_SCADA,1,"2022/10/20 03:25:00",COOPGWF1,367.28
D,DISPATCH,UNIT_SCADA,1,"2022/10/20 03:25:00",CPP_3,359.975010
D,DISPATCH,UNIT_SCADA,1,"2022/10/20 03:25:00",CPP_4,0
D,DISPATCH,UNIT_SCADA,1,"2022/10/20 03:25:00",CPSA,0
D,DISPATCH,UNIT_SCADA,1,"2022/10/20 03:25:00",CROOKWF2,14.905620
D,DISPATCH,UNIT_SCADA,1,"2022/10/20 03:25:00",CROWLWF1,35.190780
D,DISPATCH,UNIT_SCADA,1,"2022/10/20 03:25:00",CRURWF1,81.999620
D,DISPATCH,UNIT_SCADA,1,"2022/10/20 03:25:00",CRWASF1,0
D,DISPATCH,UNIT_SCADA,1,"2022/10/20 03:25:00",CSPVPS1,0
D,DISPATCH,UNIT_SCADA,1,"2022/10/20 03:25:00",CTHLWF1,0.003050
D,DISPATCH,UNIT_SCADA,1,"2022/10/20 03:25:00",DALNTH01,0
D,DISPATCH,UNIT_SCADA,1,"2022/10/20 03:25:00",DALNTHL1,0.157170
D,DISPATCH,UNIT_SCADA,1,"2022/10/20 03:25:00",DARLSF1,0
D,DISPATCH,UNIT_SCADA,1,"2022/10/20 03:25:00",DARTM1,0
D,DISPATCH,UNIT_SCADA,1,"2022/10/20 03:25:00",DAYDSF1,0
D,DISPATCH,UNIT_SCADA,1,"2022/10/20 03:25:00",DDPS1,0
D,DISPATCH,UNIT_SCADA,1,"2022/10/20 03:25:00",DDSF1,0
D,DISPATCH,UNIT_SCADA,1,"2022/10/20 03:25:00",DEVILS_G,44.525280
D,DISPATCH,UNIT_SCADA,1,"2022/10/20 03:25:00",DG_NSW1,0
D,DISPATCH,UNIT_SCADA,1,"2022/10/20 03:25:00",DG_QLD1,0
D,DISPATCH,UNIT_SCADA,1,"2022/10/20 03:25:00",DG_SA1,0
D,DISPATCH,UNIT_SCADA,1,"2022/10/20 03:25:00",DG_TAS1,0
D,DISPATCH,UNIT_SCADA,1,"2022/10/20 03:25:00",DG_VIC1,0
D,DISPATCH,UNIT_SCADA,1,"2022/10/20 03:25:00",DRYCGT1,0
D,DISPATCH,UNIT_SCADA,1,"2022/10/20 03:25:00",DRYCGT2,0
D,DISPATCH,UNIT_SCADA,1,"2022/10/20 03:25:00",DRYCGT3,0
D,DISPATCH,UNIT_SCADA,1,"2022/10/20 03:25:00",DUNDWF1,71.65
D,DISPATCH,UNIT_SCADA,1,"2022/10/20 03:25:00",DUNDWF2,20.25
D,DISPATCH,UNIT_SCADA,1,"2022/10/20 03:25:00",DUNDWF3,56.41
D,DISPATCH,UNIT_SCADA,1,"2022/10/20 03:25:00",EILDON1,59.80
D,DISPATCH,UNIT_SCADA,1,"2022/10/20 03:25:00",EILDON2,59.84
D,DISPATCH,UNIT_SCADA,1,"2022/10/20 03:25:00",ELAINWF1,29.07
D,DISPATCH,UNIT_SCADA,1,"2022/10/20 03:25:00",EMERASF1,0
D,DISPATCH,UNIT_SCADA,1,"2022/10/20 03:25:00",ER01,0
D,DISPATCH,UNIT_SCADA,1,"2022/10/20 03:25:00",ER02,298.258940
D,DISPATCH,UNIT_SCADA,1,"2022/10/20 03:25:00",ER03,330.241850
D,DISPATCH,UNIT_SCADA,1,"2022/10/20 03:25:00",ER04,344.060420
D,DISPATCH,UNIT_SCADA,1,"2022/10/20 03:25:00",FINLYSF1,0
D,DISPATCH,UNIT_SCADA,1,"2022/10/20 03:25:00",FISHER,43.82
D,DISPATCH,UNIT_SCADA,1,"2022/10/20 03:25:00",GANGARR1,0
D,DISPATCH,UNIT_SCADA,1,"2022/10/20 03:25:00",GANNBG1,0
D,DISPATCH,UNIT_SCADA,1,"2022/10/20 03:25:00",GANNBL1,7.386460
D,DISPATCH,UNIT_SCADA,1,"2022/10/20 03:25:00",GANNSF1,0
D,DISPATCH,UNIT_SCADA,1,"2022/10/20 03:25:00",GLRWNSF1,0
D,DISPATCH,UNIT_SCADA,1,"2022/10/20 03:25:00",GNNDHSF1,0
D,DISPATCH,UNIT_SCADA,1,"2022/10/20 03:25:00",GOONSF1,0
D,DISPATCH,UNIT_SCADA,1,"2022/10/20 03:25:00",GORDON,181.6851
D,DISPATCH,UNIT_SCADA,1,"2022/10/20 03:25:00",GRANWF1,0
D,DISPATCH,UNIT_SCADA,1,"2022/10/20 03:25:00",GSTONE1,201.4250
D,DISPATCH,UNIT_SCADA,1,"2022/10/20 03:25:00",GSTONE2,0
D,DISPATCH,UNIT_SCADA,1,"2022/10/20 03:25:00",GSTONE3,200.024990
D,DISPATCH,UNIT_SCADA,1,"2022/10/20 03:25:00",GSTONE4,0
D,DISPATCH,UNIT_SCADA,1,"2022/10/20 03:25:00",GSTONE5,201.774990
D,DISPATCH,UNIT_SCADA,1,"2022/10/20 03:25:00",GSTONE6,201.0750
D,DISPATCH,UNIT_SCADA,1,"2022/10/20 03:25:00",GULLRSF1,0
D,DISPATCH,UNIT_SCADA,1,"2022/10/20 03:25:00",GULLRWF1,45.9343
D,DISPATCH,UNIT_SCADA,1,"2022/10/20 03:25:00",GULLRWF2,88.284550
D,DISPATCH,UNIT_SCADA,1,"2022/10/20 03:25:00",GUNNING1,0
D,DISPATCH,UNIT_SCADA,1,"2022/10/20 03:25:00",GUTHEGA,67.90
D,DISPATCH,UNIT_SCADA,1,"2022/10/20 03:25:00",HALLWF1,55.74
D,DISPATCH,UNIT_SCADA,1,"2022/10/20 03:25:00",HALLWF2,57.39
D,DISPATCH,UNIT_SCADA,1,"2022/10/20 03:25:00",HAMISF1,0
D,DISPATCH,UNIT_SCADA,1,"2022/10/20 03:25:00",HAUGHT11,0
D,DISPATCH,UNIT_SCADA,1,"2022/10/20 03:25:00",HAYMSF1,0
D,DISPATCH,UNIT_SCADA,1,"2022/10/20 03:25:00",HDWF1,74.60
D,DISPATCH,UNIT_SCADA,1,"2022/10/20 03:25:00",HDWF2,50.10
D,DISPATCH,UNIT_SCADA,1,"2022/10/20 03:25:00",HDWF3,53.90
D,DISPATCH,UNIT_SCADA,1,"2022/10/20 03:25:00",HILLSTN1,0
D,DISPATCH,UNIT_SCADA,1,"2022/10/20 03:25:00",HPRG1,0
D,DISPATCH,UNIT_SCADA,1,"2022/10/20 03:25:00",HPRL1,44.20
D,DISPATCH,UNIT_SCADA,1,"2022/10/20 03:25:00",HUMENSW,54.139920
D,DISPATCH,UNIT_SCADA,1,"2022/10/20 03:25:00",HUMEV,0
D,DISPATCH,UNIT_SCADA,1,"2022/10/20 03:25:00",HVWWBA1G,0
D,DISPATCH,UNIT_SCADA,1,"2022/10/20 03:25:00",HVWWBA1L,0.0060
D,DISPATCH,UNIT_SCADA,1,"2022/10/20 03:25:00",HVWWPV1,0
D,DISPATCH,UNIT_SCADA,1,"2022/10/20 03:25:00",JBUTTERS,0
D,DISPATCH,UNIT_SCADA,1,"2022/10/20 03:25:00",JEMALNG1,0
D,DISPATCH,UNIT_SCADA,1,"2022/10/20 03:25:00",JLA01,0
D,DISPATCH,UNIT_SCADA,1,"2022/10/20 03:25:00",JLA02,0
D,DISPATCH,UNIT_SCADA,1,"2022/10/20 03:25:00",JLA03,0
D,DISPATCH,UNIT_SCADA,1,"2022/10/20 03:25:00",JLA04,0
D,DISPATCH,UNIT_SCADA,1,"2022/10/20 03:25:00",JLB01,0
D,DISPATCH,UNIT_SCADA,1,"2022/10/20 03:25:00",JLB02,0.10
D,DISPATCH,UNIT_SCADA,1,"2022/10/20 03:25:00",JLB03,0
D,DISPATCH,UNIT_SCADA,1,"2022/10/20 03:25:00",JUNEESF1,0
D,DISPATCH,UNIT_SCADA,1,"2022/10/20 03:25:00",KABANWF1,1.2460
D,DISPATCH,UNIT_SCADA,1,"2022/10/20 03:25:00",KAREEYA1,6.26
D,DISPATCH,UNIT_SCADA,1,"2022/10/20 03:25:00",KAREEYA2,0
D,DISPATCH,UNIT_SCADA,1,"2022/10/20 03:25:00",KAREEYA3,21.5625
D,DISPATCH,UNIT_SCADA,1,"2022/10/20 03:25:00",KAREEYA4,0
D,DISPATCH,UNIT_SCADA,1,"2022/10/20 03:25:00",KARSF1,0
D,DISPATCH,UNIT_SCADA,1,"2022/10/20 03:25:00",KEPSF1,0
D,DISPATCH,UNIT_SCADA,1,"2022/10/20 03:25:00",KEPWF1,24.70
D,DISPATCH,UNIT_SCADA,1,"2022/10/20 03:25:00",KIAMSF1,0
D,DISPATCH,UNIT_SCADA,1,"2022/10/20 03:25:00",KIATAWF1,29.60
D,DISPATCH,UNIT_SCADA,1,"2022/10/20 03:25:00",KPP_1,0
D,DISPATCH,UNIT_SCADA,1,"2022/10/20 03:25:00",KSP1,0
D,DISPATCH,UNIT_SCADA,1,"2022/10/20 03:25:00",LADBROK1,0.01
D,DISPATCH,UNIT_SCADA,1,"2022/10/20 03:25:00",LADBROK2,37.86
D,DISPATCH,UNIT_SCADA,1,"2022/10/20 03:25:00",LBBG1,1.80
D,DISPATCH,UNIT_SCADA,1,"2022/10/20 03:25:00",LBBL1,0
D,DISPATCH,UNIT_SCADA,1,"2022/10/20 03:25:00",LD01,319.290740
D,DISPATCH,UNIT_SCADA,1,"2022/10/20 03:25:00",LD02,0
D,DISPATCH,UNIT_SCADA,1,"2022/10/20 03:25:00",LD04,317.697690
D,DISPATCH,UNIT_SCADA,1,"2022/10/20 03:25:00",LEM_WIL,86.972130
D,DISPATCH,UNIT_SCADA,1,"2022/10/20 03:25:00",LGAPWF1,59.86
D,DISPATCH,UNIT_SCADA,1,"2022/10/20 03:25:00",LGAPWF2,38.21
D,DISPATCH,UNIT_SCADA,1,"2022/10/20 03:25:00",LILYSF1,0
D,DISPATCH,UNIT_SCADA,1,"2022/10/20 03:25:00",LIMOSF11,0
D,DISPATCH,UNIT_SCADA,1,"2022/10/20 03:25:00",LIMOSF21,0
D,DISPATCH,UNIT_SCADA,1,"2022/10/20 03:25:00",LI_WY_CA,56.083450
D,DISPATCH,UNIT_SCADA,1,"2022/10/20 03:25:00",LKBONNY1,0
D,DISPATCH,UNIT_SCADA,1,"2022/10/20 03:25:00",LKBONNY2,23.197910
D,DISPATCH,UNIT_SCADA,1,"2022/10/20 03:25:00",LKBONNY3,6.028780
D,DISPATCH,UNIT_SCADA,1,"2022/10/20 03:25:00",LK_ECHO,0
D,DISPATCH,UNIT_SCADA,1,"2022/10/20 03:25:00",LNGS1,0
D,DISPATCH,UNIT_SCADA,1,"2022/10/20 03:25:00",LNGS2,0
D,DISPATCH,UNIT_SCADA,1,"2022/10/20 03:25:00",LONSDALE,0
D,DISPATCH,UNIT_SCADA,1,"2022/10/20 03:25:00",LOYYB1,506.388610
D,DISPATCH,UNIT_SCADA,1,"2022/10/20 03:25:00",LOYYB2,512.779720
D,DISPATCH,UNIT_SCADA,1,"2022/10/20 03:25:00",LYA1,522
D,DISPATCH,UNIT_SCADA,1,"2022/10/20 03:25:00",LYA2,0
D,DISPATCH,UNIT_SCADA,1,"2022/10/20 03:25:00",LYA3,522
D,DISPATCH,UNIT_SCADA,1,"2022/10/20 03:25:00",LYA4,522
D,DISPATCH,UNIT_SCADA,1,"2022/10/20 03:25:00",MACARTH1,26.199390
D,DISPATCH,UNIT_SCADA,1,"2022/10/20 03:25:00",MACKNTSH,0
D,DISPATCH,UNIT_SCADA,1,"2022/10/20 03:25:00",MANSLR1,0
D,DISPATCH,UNIT_SCADA,1,"2022/10/20 03:25:00",MAPS2PV1,0
D,DISPATCH,UNIT_SCADA,1,"2022/10/20 03:25:00",MAPS3PV1,0
D,DISPATCH,UNIT_SCADA,1,"2022/10/20 03:25:00",MARYRSF1,0
D,DISPATCH,UNIT_SCADA,1,"2022/10/20 03:25:00",MBPS2PV1,0
D,DISPATCH,UNIT_SCADA,1,"2022/10/20 03:25:00",MCKAY1,0.02
D,DISPATCH,UNIT_SCADA,1,"2022/10/20 03:25:00",MEADOWBK,19.805940
D,DISPATCH,UNIT_SCADA,1,"2022/10/20 03:25:00",MERCER01,35.30
D,DISPATCH,UNIT_SCADA,1,"2022/10/20 03:25:00",METZSF1,0
D,DISPATCH,UNIT_SCADA,1,"2022/10/20 03:25:00",MEWF1,0
D,DISPATCH,UNIT_SCADA,1,"2022/10/20 03:25:00",MIDDLSF1,0
D,DISPATCH,UNIT_SCADA,1,"2022/10/20 03:25:00",MINTARO,0.128180
D,DISPATCH,UNIT_SCADA,1,"2022/10/20 03:25:00",MOLNGSF1,0
D,DISPATCH,UNIT_SCADA,1,"2022/10/20 03:25:00",MOORAWF1,40.36
D,DISPATCH,UNIT_SCADA,1,"2022/10/20 03:25:00",MOREESF1,0
D,DISPATCH,UNIT_SCADA,1,"2022/10/20 03:25:00",MORTLK11,0
D,DISPATCH,UNIT_SCADA,1,"2022/10/20 03:25:00",MORTLK12,0
D,DISPATCH,UNIT_SCADA,1,"2022/10/20 03:25:00",MOUSF1,0
D,DISPATCH,UNIT_SCADA,1,"2022/10/20 03:25:00",MP1,0
D,DISPATCH,UNIT_SCADA,1,"2022/10/20 03:25:00",MP2,284.562440
D,DISPATCH,UNIT_SCADA,1,"2022/10/20 03:25:00",MPP_1,155.553310
D,DISPATCH,UNIT_SCADA,1,"2022/10/20 03:25:00",MPP_2,0
D,DISPATCH,UNIT_SCADA,1,"2022/10/20 03:25:00",MRTLSWF1,0
D,DISPATCH,UNIT_SCADA,1,"2022/10/20 03:25:00",MSTUART1,0
D,DISPATCH,UNIT_SCADA,1,"2022/10/20 03:25:00",MSTUART2,0
D,DISPATCH,UNIT_SCADA,1,"2022/10/20 03:25:00",MSTUART3,0
D,DISPATCH,UNIT_SCADA,1,"2022/10/20 03:25:00",MTGELWF1,18.836030
D,DISPATCH,UNIT_SCADA,1,"2022/10/20 03:25:00",MTMILLAR,10.50
D,DISPATCH,UNIT_SCADA,1,"2022/10/20 03:25:00",MURRAY,0
D,DISPATCH,UNIT_SCADA,1,"2022/10/20 03:25:00",MUSSELR1,12.90
D,DISPATCH,UNIT_SCADA,1,"2022/10/20 03:25:00",MUWAWF1,184.850010
D,DISPATCH,UNIT_SCADA,1,"2022/10/20 03:25:00",MUWAWF2,183.80
D,DISPATCH,UNIT_SCADA,1,"2022/10/20 03:25:00",MWPS1PV1,0
D,DISPATCH,UNIT_SCADA,1,"2022/10/20 03:25:00",MWPS2PV1,0
D,DISPATCH,UNIT_SCADA,1,"2022/10/20 03:25:00",MWPS3PV1,0
D,DISPATCH,UNIT_SCADA,1,"2022/10/20 03:25:00",MWPS4PV1,0
D,DISPATCH,UNIT_SCADA,1,"2022/10/20 03:25:00",NBHWF1,109.100010
D,DISPATCH,UNIT_SCADA,1,"2022/10/20 03:25:00",NEVERSF1,0
D,DISPATCH,UNIT_SCADA,1,"2022/10/20 03:25:00",NPS,0
D,DISPATCH,UNIT_SCADA,1,"2022/10/20 03:25:00",NUMURSF1,0
D,DISPATCH,UNIT_SCADA,1,"2022/10/20 03:25:00",NYNGAN1,0
D,DISPATCH,UNIT_SCADA,1,"2022/10/20 03:25:00",OAKEY1,0
D,DISPATCH,UNIT_SCADA,1,"2022/10/20 03:25:00",OAKEY1SF,0
D,DISPATCH,UNIT_SCADA,1,"2022/10/20 03:25:00",OAKEY2,0
D,DISPATCH,UNIT_SCADA,1,"2022/10/20 03:25:00",OAKEY2SF,0
D,DISPATCH,UNIT_SCADA,1,"2022/10/20 03:25:00",OAKLAND1,9.10
D,DISPATCH,UNIT_SCADA,1,"2022/10/20 03:25:00",OSB-AG,0
D,DISPATCH,UNIT_SCADA,1,"2022/10/20 03:25:00",PAREPS1,0.0660
D,DISPATCH,UNIT_SCADA,1,"2022/10/20 03:25:00",PAREPW1,26.16
D,DISPATCH,UNIT_SCADA,1,"2022/10/20 03:25:00",PARSF1,0.001530
D,DISPATCH,UNIT_SCADA,1,"2022/10/20 03:25:00",POAT110,0
D,DISPATCH,UNIT_SCADA,1,"2022/10/20 03:25:00",POAT220,0
D,DISPATCH,UNIT_SCADA,1,"2022/10/20 03:25:00",POR01,0
D,DISPATCH,UNIT_SCADA,1,"2022/10/20 03:25:00",POR03,0
D,DISPATCH,UNIT_SCADA,1,"2022/10/20 03:25:00",PPCCGT,124.561540
D,DISPATCH,UNIT_SCADA,1,"2022/10/20 03:25:00",PTSTAN1,0
D,DISPATCH,UNIT_SCADA,1,"2022/10/20 03:25:00",PUMP1,0
D,DISPATCH,UNIT_SCADA,1,"2022/10/20 03:25:00",PUMP2,0
D,DISPATCH,UNIT_SCADA,1,"2022/10/20 03:25:00",QBYNBG1,0.0015
D,DISPATCH,UNIT_SCADA,1,"2022/10/20 03:25:00",QBYNBL1,0
D,DISPATCH,UNIT_SCADA,1,"2022/10/20 03:25:00",QPS1,0
D,DISPATCH,UNIT_SCADA,1,"2022/10/20 03:25:00",QPS2,0
D,DISPATCH,UNIT_SCADA,1,"2022/10/20 03:25:00",QPS3,0
D,DISPATCH,UNIT_SCADA,1,"2022/10/20 03:25:00",QPS4,0
D,DISPATCH,UNIT_SCADA,1,"2022/10/20 03:25:00",QPS5,74.11
D,DISPATCH,UNIT_SCADA,1,"2022/10/20 03:25:00",REECE1,0
D,DISPATCH,UNIT_SCADA,1,"2022/10/20 03:25:00",REECE2,0
D,DISPATCH,UNIT_SCADA,1,"2022/10/20 03:25:00",ROMA_7,0
D,DISPATCH,UNIT_SCADA,1,"2022/10/20 03:25:00",ROMA_8,0
D,DISPATCH,UNIT_SCADA,1,"2022/10/20 03:25:00",RRSF1,0
D,DISPATCH,UNIT_SCADA,1,"2022/10/20 03:25:00",RT_NSW1,0
D,DISPATCH,UNIT_SCADA,1,"2022/10/20 03:25:00",RT_NSW2,0
D,DISPATCH,UNIT_SCADA,1,"2022/10/20 03:25:00",RT_NSW3,0
D,DISPATCH,UNIT_SCADA,1,"2022/10/20 03:25:00",RT_NSW4,0
D,DISPATCH,UNIT_SCADA,1,"2022/10/20 03:25:00",RT_NSW5,0
D,DISPATCH,UNIT_SCADA,1,"2022/10/20 03:25:00",RT_NSW6,0
D,DISPATCH,UNIT_SCADA,1,"2022/10/20 03:25:00",RT_QLD1,0
D,DISPATCH,UNIT_SCADA,1,"2022/10/20 03:25:00",RT_SA1,0
D,DISPATCH,UNIT_SCADA,1,"2022/10/20 03:25:00",RT_SA2,0
D,DISPATCH,UNIT_SCADA,1,"2022/10/20 03:25:00",RT_SA3,0
D,DISPATCH,UNIT_SCADA,1,"2022/10/20 03:25:00",RT_SA4,0
D,DISPATCH,UNIT_SCADA,1,"2022/10/20 03:25:00",RT_SA5,0
D,DISPATCH,UNIT_SCADA,1,"2022/10/20 03:25:00",RT_SA6,0
D,DISPATCH,UNIT_SCADA,1,"2022/10/20 03:25:00",RT_TAS1,0
D,DISPATCH,UNIT_SCADA,1,"2022/10/20 03:25:00",RT_VIC1,0
D,DISPATCH,UNIT_SCADA,1,"2022/10/20 03:25:00",RT_VIC10,0
D,DISPATCH,UNIT_SCADA,1,"2022/10/20 03:25:00",RT_VIC11,0
D,DISPATCH,UNIT_SCADA,1,"2022/10/20 03:25:00",RT_VIC12,0
D,DISPATCH,UNIT_SCADA,1,"2022/10/20 03:25:00",RT_VIC2,0
D,DISPATCH,UNIT_SCADA,1,"2022/10/20 03:25:00",RT_VIC3,0
D,DISPATCH,UNIT_SCADA,1,"2022/10/20 03:25:00",RT_VIC4,0
D,DISPATCH,UNIT_SCADA,1,"2022/10/20 03:25:00",RT_VIC5,0
D,DISPATCH,UNIT_SCADA,1,"2022/10/20 03:25:00",RT_VIC6,0
D,DISPATCH,UNIT_SCADA,1,"2022/10/20 03:25:00",RT_VIC7,0
D,DISPATCH,UNIT_SCADA,1,"2022/10/20 03:25:00",RT_VIC8,0
D,DISPATCH,UNIT_SCADA,1,"2022/10/20 03:25:00",RT_VIC9,0
D,DISPATCH,UNIT_SCADA,1,"2022/10/20 03:25:00",RUGBYR1,0
D,DISPATCH,UNIT_SCADA,1,"2022/10/20 03:25:00",SALTCRK1,15.35
D,DISPATCH,UNIT_SCADA,1,"2022/10/20 03:25:00",SAPHWF1,122.604710
D,DISPATCH,UNIT_SCADA,1,"2022/10/20 03:25:00",SEBSF1,0
D,DISPATCH,UNIT_SCADA,1,"2022/10/20 03:25:00",SHGEN,0
D,DISPATCH,UNIT_SCADA,1,"2022/10/20 03:25:00",SHPUMP,0
D,DISPATCH,UNIT_SCADA,1,"2022/10/20 03:25:00",SITHE01,0.153860
D,DISPATCH,UNIT_SCADA,1,"2022/10/20 03:25:00",SMCSF1,0
D,DISPATCH,UNIT_SCADA,1,"2022/10/20 03:25:00",SNAPPER1,0
D,DISPATCH,UNIT_SCADA,1,"2022/10/20 03:25:00",SNOWNTH1,130.600010
D,DISPATCH,UNIT_SCADA,1,"2022/10/20 03:25:00",SNOWSTH1,111.50
D,DISPATCH,UNIT_SCADA,1,"2022/10/20 03:25:00",SNOWTWN1,93.606870
D,DISPATCH,UNIT_SCADA,1,"2022/10/20 03:25:00",SNOWYP,0
D,DISPATCH,UNIT_SCADA,1,"2022/10/20 03:25:00",SNUG1,0
D,DISPATCH,UNIT_SCADA,1,"2022/10/20 03:25:00",SRSF1,0
D,DISPATCH,UNIT_SCADA,1,"2022/10/20 03:25:00",STAN-1,280.863650
D,DISPATCH,UNIT_SCADA,1,"2022/10/20 03:25:00",STAN-2,363.525630
D,DISPATCH,UNIT_SCADA,1,"2022/10/20 03:25:00",STAN-3,365.243230
D,DISPATCH,UNIT_SCADA,1,"2022/10/20 03:25:00",STAN-4,365.038120
D,DISPATCH,UNIT_SCADA,1,"2022/10/20 03:25:00",STARHLWF,5.898280
D,DISPATCH,UNIT_SCADA,1,"2022/10/20 03:25:00",STOCKYD1,179.63
D,DISPATCH,UNIT_SCADA,1,"2022/10/20 03:25:00",STWF1,50.532390
D,DISPATCH,UNIT_SCADA,1,"2022/10/20 03:25:00",SUNRSF1,0
D,DISPATCH,UNIT_SCADA,1,"2022/10/20 03:25:00",SUNTPSF1,0
D,DISPATCH,UNIT_SCADA,1,"2022/10/20 03:25:00",SWAN_E,219.53
D,DISPATCH,UNIT_SCADA,1,"2022/10/20 03:25:00",TALWA1,0
D,DISPATCH,UNIT_SCADA,1,"2022/10/20 03:25:00",TARALGA1,0
D,DISPATCH,UNIT_SCADA,1,"2022/10/20 03:25:00",TARONG#1,280.399990
D,DISPATCH,UNIT_SCADA,1,"2022/10/20 03:25:00",TARONG#2,280.200010
D,DISPATCH,UNIT_SCADA,1,"2022/10/20 03:25:00",TARONG#3,0.90
D,DISPATCH,UNIT_SCADA,1,"2022/10/20 03:25:00",TARONG#4,190.600010
D,DISPATCH,UNIT_SCADA,1,"2022/10/20 03:25:00",TARRALEA,54
D,DISPATCH,UNIT_SCADA,1,"2022/10/20 03:25:00",TBSF1,0
D,DISPATCH,UNIT_SCADA,1,"2022/10/20 03:25:00",TNPS1,299.50
D,DISPATCH,UNIT_SCADA,1,"2022/10/20 03:25:00",TORRB1,0
D,DISPATCH,UNIT_SCADA,1,"2022/10/20 03:25:00",TORRB2,41
D,DISPATCH,UNIT_SCADA,1,"2022/10/20 03:25:00",TORRB3,0
D,DISPATCH,UNIT_SCADA,1,"2022/10/20 03:25:00",TORRB4,0
D,DISPATCH,UNIT_SCADA,1,"2022/10/20 03:25:00",TREVALLN,99.882950
D,DISPATCH,UNIT_SCADA,1,"2022/10/20 03:25:00",TRIBUTE,0
D,DISPATCH,UNIT_SCADA,1,"2022/10/20 03:25:00",TUMUT3,0
D,DISPATCH,UNIT_SCADA,1,"2022/10/20 03:25:00",TUNGATIN,3.500020
D,DISPATCH,UNIT_SCADA,1,"2022/10/20 03:25:00",TVCC201,0
D,DISPATCH,UNIT_SCADA,1,"2022/10/20 03:25:00",TVPP104,0
D,DISPATCH,UNIT_SCADA,1,"2022/10/20 03:25:00",UPPTUMUT,0
D,DISPATCH,UNIT_SCADA,1,"2022/10/20 03:25:00",URANQ11,0
D,DISPATCH,UNIT_SCADA,1,"2022/10/20 03:25:00",URANQ12,0
D,DISPATCH,UNIT_SCADA,1,"2022/10/20 03:25:00",URANQ13,0
D,DISPATCH,UNIT_SCADA,1,"2022/10/20 03:25:00",URANQ14,0
D,DISPATCH,UNIT_SCADA,1,"2022/10/20 03:25:00",VBBG1,0
D,DISPATCH,UNIT_SCADA,1,"2022/10/20 03:25:00",VBBL1,72.80
D,DISPATCH,UNIT_SCADA,1,"2022/10/20 03:25:00",VP5,429.627380
D,DISPATCH,UNIT_SCADA,1,"2022/10/20 03:25:00",VP6,548.356570
D,DISPATCH,UNIT_SCADA,1,"2022/10/20 03:25:00",VPGS1,0
D,DISPATCH,UNIT_SCADA,1,"2022/10/20 03:25:00",VPGS2,0
D,DISPATCH,UNIT_SCADA,1,"2022/10/20 03:25:00",VPGS3,0
D,DISPATCH,UNIT_SCADA,1,"2022/10/20 03:25:00",VPGS4,0
D,DISPATCH,UNIT_SCADA,1,"2022/10/20 03:25:00",VPGS5,0
D,DISPATCH,UNIT_SCADA,1,"2022/10/20 03:25:00",VPGS6,0
D,DISPATCH,UNIT_SCADA,1,"2022/10/20 03:25:00",W/HOE#1,0
D,DISPATCH,UNIT_SCADA,1,"2022/10/20 03:25:00",W/HOE#2,0
D,DISPATCH,UNIT_SCADA,1,"2022/10/20 03:25:00",WAGGNSF1,0
D,DISPATCH,UNIT_SCADA,1,"2022/10/20 03:25:00",WALGRVG1,0
D,DISPATCH,UNIT_SCADA,1,"2022/10/20 03:25:00",WALGRVL1,0.021410
D,DISPATCH,UNIT_SCADA,1,"2022/10/20 03:25:00",WANDBG1,0
D,DISPATCH,UNIT_SCADA,1,"2022/10/20 03:25:00",WANDBL1,0.184290
D,DISPATCH,UNIT_SCADA,1,"2022/10/20 03:25:00",WARWSF1,0
D,DISPATCH,UNIT_SCADA,1,"2022/10/20 03:25:00",WARWSF2,0
D,DISPATCH,UNIT_SCADA,1,"2022/10/20 03:25:00",WATERLWF,77.50
D,DISPATCH,UNIT_SCADA,1,"2022/10/20 03:25:00",WDGPH1,0
D,DISPATCH,UNIT_SCADA,1,"2022/10/20 03:25:00",WELLSF1,0
D,DISPATCH,UNIT_SCADA,1,"2022/10/20 03:25:00",WEMENSF1,0
D,DISPATCH,UNIT_SCADA,1,"2022/10/20 03:25:00",WGWF1,118.60
D,DISPATCH,UNIT_SCADA,1,"2022/10/20 03:25:00",WHITSF1,0
D,DISPATCH,UNIT_SCADA,1,"2022/10/20 03:25:00",WINTSF1,0
D,DISPATCH,UNIT_SCADA,1,"2022/10/20 03:25:00",WKIEWA1,33.90
D,DISPATCH,UNIT_SCADA,1,"2022/10/20 03:25:00",WKIEWA2,34
D,DISPATCH,UNIT_SCADA,1,"2022/10/20 03:25:00",WOODLWN1,7.721310
D,DISPATCH,UNIT_SCADA,1,"2022/10/20 03:25:00",WOOLGSF1,0
D,DISPATCH,UNIT_SCADA,1,"2022/10/20 03:25:00",WPWF,79.67
D,DISPATCH,UNIT_SCADA,1,"2022/10/20 03:25:00",WRSF1,0
D,DISPATCH,UNIT_SCADA,1,"2022/10/20 03:25:00",WRWF1,37.0190
D,DISPATCH,UNIT_SCADA,1,"2022/10/20 03:25:00",WSTWYSF1,0
D,DISPATCH,UNIT_SCADA,1,"2022/10/20 03:25:00",YABULU,0
D,DISPATCH,UNIT_SCADA,1,"2022/10/20 03:25:00",YABULU2,0
D,DISPATCH,UNIT_SCADA,1,"2022/10/20 03:25:00",YARANSF1,0
D,DISPATCH,UNIT_SCADA,1,"2022/10/20 03:25:00",YARWUN_1,159.50
D,DISPATCH,UNIT_SCADA,1,"2022/10/20 03:25:00",YATSF1,0
D,DISPATCH,UNIT_SCADA,1,"2022/10/20 03:25:00",YENDWF1,21.67
D,DISPATCH,UNIT_SCADA,1,"2022/10/20 03:25:00",YWPS1,363.908870
D,DISPATCH,UNIT_SCADA,1,"2022/10/20 03:25:00",YWPS2,359.397460
D,DISPATCH,UNIT_SCADA,1,"2022/10/20 03:25:00",YWPS3,357.412660
D,DISPATCH,UNIT_SCADA,1,"2022/10/20 03:25:00",YWPS4,0
C,"END OF REPORT",419
