C,NEMP.WORLD,DISPATCHSCADA,AEMO,PUBLIC,2022/10/20,05:00:09,0000000373230741,DISPATCHSCADA,0000000373230735
I,DISPATCH,UNIT_SCADA,1,SETTLEMENTDATE,DUID,SCADAVALUE
D,DISPATCH,UNIT_SCADA,1,"2022/10/20 05:05:00",BARCSF1,0.10
D,DISPATCH,UNIT_SCADA,1,"2022/10/20 05:05:00",BUTLERSG,8.699999
D,DISPATCH,UNIT_SCADA,1,"2022/10/20 05:05:00",CAPTL_WF,15.664302
D,DISPATCH,UNIT_SCADA,1,"2022/10/20 05:05:00",CHALLHWF,25.900002
D,DISPATCH,UNIT_SCADA,1,"2022/10/20 05:05:00",CLOVER,13.04
D,DISPATCH,UNIT_SCADA,1,"2022/10/20 05:05:00",CLUNY,6.262760
D,DISPATCH,UNIT_SCADA,1,"2022/10/20 05:05:00",CULLRGWF,-0.04
D,DISPATCH,UNIT_SCADA,1,"2022/10/20 05:05:00",DIAPURWF1,7.30
D,DISPATCH,UNIT_SCADA,1,"2022/10/20 05:05:00",ERGT01,0
D,DISPATCH,UNIT_SCADA,1,"2022/10/20 05:05:00",GB01,0
D,DISPATCH,UNIT_SCADA,1,"2022/10/20 05:05:00",GERMCRK,21.299999
D,DISPATCH,UNIT_SCADA,1,"2022/10/20 05:05:00",GRIFSF1,0.001526
D,DISPATCH,UNIT_SCADA,1,"2022/10/20 05:05:00",HEZ1,0
D,DISPATCH,UNIT_SCADA,1,"2022/10/20 05:05:00",HUGSF1,-0.1740
D,DISPATCH,UNIT_SCADA,1,"2022/10/20 05:05:00",KEPBG1,0.01
D,DISPATCH,UNIT_SCADA,1,"2022/10/20 05:05:00",LRSF1,0.0240
D,DISPATCH,UNIT_SCADA,1,"2022/10/20 05:05:00",MBAHNTH,47.925003
D,DISPATCH,UNIT_SCADA,1,"2022/10/20 05:05:00",MLSP1,0
D,DISPATCH,UNIT_SCADA,1,"2022/10/20 05:05:00",MLWF1,4.6950
D,DISPATCH,UNIT_SCADA,1,"2022/10/20 05:05:00",PALOONA,30.199999
D,DISPATCH,UNIT_SCADA,1,"2022/10/20 05:05:00",PIONEER,45.600002
D,DISPATCH,UNIT_SCADA,1,"2022/10/20 05:05:00",PORTWF,37.900002
D,DISPATCH,UNIT_SCADA,1,"2022/10/20 05:05:00",REPULSE,9.409934
D,DISPATCH,UNIT_SCADA,1,"2022/10/20 05:05:00",ROWALLAN,8.9815
D,DISPATCH,UNIT_SCADA,1,"2022/10/20 05:05:00",ROYALLA1,0
D,DISPATCH,UNIT_SCADA,1,"2022/10/20 05:05:00",RPCG,-1.20
D,DISPATCH,UNIT_SCADA,1,"2022/10/20 05:05:00",RUBICON,0
D,DISPATCH,UNIT_SCADA,1,"2022/10/20 05:05:00",WAUBRAWF,95.464996
D,DISPATCH,UNIT_SCADA,1,"2022/10/20 05:05:00",WOOLNTH1,36.259998
D,DISPATCH,UNIT_SCADA,1,"2022/10/20 05:05:00",YAMBUKWF,3.30
D,DISPATCH,UNIT_SCADA,1,"2022/10/20 05:05:00",YSWF1,2.30
D,DISPATCH,UNIT_SCADA,1,"2022/10/20 05:05:00",ADPBA1G,0.0080
D,DISPATCH,UNIT_SCADA,1,"2022/10/20 05:05:00",ADPBA1L,0
D,DISPATCH,UNIT_SCADA,1,"2022/10/20 05:05:00",ADPPV1,0
D,DISPATCH,UNIT_SCADA,1,"2022/10/20 05:05:00",AGLHAL,0
D,DISPATCH,UNIT_SCADA,1,"2022/10/20 05:05:00",AGLSOM,0
D,DISPATCH,UNIT_SCADA,1,"2022/10/20 05:05:00",ANGAST1,0
D,DISPATCH,UNIT_SCADA,1,"2022/10/20 05:05:00",ARWF1,3.60
D,DISPATCH,UNIT_SCADA,1,"2022/10/20 05:05:00",BALBG1,0
D,DISPATCH,UNIT_SCADA,1,"2022/10/20 05:05:00",BALBL1,0
D,DISPATCH,UNIT_SCADA,1,"2022/10/20 05:05:00",BALDHWF1,6.6710
D,DISPATCH,UNIT_SCADA,1,"2022/10/20 05:05:00",BANGOWF1,76.595410
D,DISPATCH,UNIT_SCADA,1,"2022/10/20 05:05:00",BANGOWF2,66.898830
D,DISPATCH,UNIT_SCADA,1,"2022/10/20 05:05:00",BANN1,0
D,DISPATCH,UNIT_SCADA,1,"2022/10/20 05:05:00",BARCALDN,0
D,DISPATCH,UNIT_SCADA,1,"2022/10/20 05:05:00",BARKIPS1,0
D,DISPATCH,UNIT_SCADA,1,"2022/10/20 05:05:00",BARRON-1,0
D,DISPATCH,UNIT_SCADA,1,"2022/10/20 05:05:00",BARRON-2,0
D,DISPATCH,UNIT_SCADA,1,"2022/10/20 05:05:00",BASTYAN,0
D,DISPATCH,UNIT_SCADA,1,"2022/10/20 05:05:00",BBTHREE1,0
D,DISPATCH,UNIT_SCADA,1,"2022/10/20 05:05:00",BBTHREE2,0
D,DISPATCH,UNIT_SCADA,1,"2022/10/20 05:05:00",BBTHREE3,0
D,DISPATCH,UNIT_SCADA,1,"2022/10/20 05:05:00",BDL01,0
D,DISPATCH,UNIT_SCADA,1,"2022/10/20 05:05:00",BDL02,0
D,DISPATCH,UNIT_SCADA,1,"2022/10/20 05:05:00",BERYLSF1,0
D,DISPATCH,UNIT_SCADA,1,"2022/10/20 05:05:00",BLOWERNG,62.60
D,DISPATCH,UNIT_SCADA,1,"2022/10/20 05:05:00",BLUEGSF1,0
D,DISPATCH,UNIT_SCADA,1,"2022/10/20 05:05:00",BLUFF1,14.60
D,DISPATCH,UNIT_SCADA,1,"2022/10/20 05:05:00",BNGSF1,0
D,DISPATCH,UNIT_SCADA,1,"2022/10/20 05:05:00",BNGSF2,0
D,DISPATCH,UNIT_SCADA,1,"2022/10/20 05:05:00",BOCORWF1,0
D,DISPATCH,UNIT_SCADA,1,"2022/10/20 05:05:00",BODWF1,106.890910
D,DISPATCH,UNIT_SCADA,1,"2022/10/20 05:05:00",BOMENSF1,0
D,DISPATCH,UNIT_SCADA,1,"2022/10/20 05:05:00",BOWWBA1G,0
D,DISPATCH,UNIT_SCADA,1,"2022/10/20 05:05:00",BOWWBA1L,0
D,DISPATCH,UNIT_SCADA,1,"2022/10/20 05:05:00",BOWWPV1,0
D,DISPATCH,UNIT_SCADA,1,"2022/10/20 05:05:00",BRAEMAR1,0
D,DISPATCH,UNIT_SCADA,1,"2022/10/20 05:05:00",BRAEMAR2,0
D,DISPATCH,UNIT_SCADA,1,"2022/10/20 05:05:00",BRAEMAR3,0
D,DISPATCH,UNIT_SCADA,1,"2022/10/20 05:05:00",BRAEMAR5,0.292060
D,DISPATCH,UNIT_SCADA,1,"2022/10/20 05:05:00",BRAEMAR6,0
D,DISPATCH,UNIT_SCADA,1,"2022/10/20 05:05:00",BRAEMAR7,0.130920
D,DISPATCH,UNIT_SCADA,1,"2022/10/20 05:05:00",BROKENH1,0
D,DISPATCH,UNIT_SCADA,1,"2022/10/20 05:05:00",BRYB1WF1,101.908910
D,DISPATCH,UNIT_SCADA,1,"2022/10/20 05:05:00",BULBESG1,0
D,DISPATCH,UNIT_SCADA,1,"2022/10/20 05:05:00",BULBESL1,0.03
D,DISPATCH,UNIT_SCADA,1,"2022/10/20 05:05:00",BULGANA1,35.70
D,DISPATCH,UNIT_SCADA,1,"2022/10/20 05:05:00",BW01,443.500430
D,DISPATCH,UNIT_SCADA,1,"2022/10/20 05:05:00",BW02,441.2543
D,DISPATCH,UNIT_SCADA,1,"2022/10/20 05:05:00",BW03,442.523830
D,DISPATCH,UNIT_SCADA,1,"2022/10/20 05:05:00",BW04,0
D,DISPATCH,UNIT_SCADA,1,"2022/10/20 05:05:00",CALL_B_1,319.300020
D,DISPATCH,UNIT_SCADA,1,"2022/10/20 05:05:00",CALL_B_2,323.600010
D,DISPATCH,UNIT_SCADA,1,"2022/10/20 05:05:00",CATHROCK,9.40
D,DISPATCH,UNIT_SCADA,1,"2022/10/20 05:05:00",CBWWBA1G,0
D,DISPATCH,UNIT_SCADA,1,"2022/10/20 05:05:00",CBWWBA1L,0
D,DISPATCH,UNIT_SCADA,1,"2022/10/20 05:05:00",CETHANA,98.124630
D,DISPATCH,UNIT_SCADA,1,"2022/10/20 05:05:00",CG1,0
D,DISPATCH,UNIT_SCADA,1,"2022/10/20 05:05:00",CG2,0
D,DISPATCH,UNIT_SCADA,1,"2022/10/20 05:05:00",CG3,0
D,DISPATCH,UNIT_SCADA,1,"2022/10/20 05:05:00",CG4,0
D,DISPATCH,UNIT_SCADA,1,"2022/10/20 05:05:00",CHILDSF1,0
D,DISPATCH,UNIT_SCADA,1,"2022/10/20 05:05:00",CHYTWF1,7.99
D,DISPATCH,UNIT_SCADA,1,"2022/10/20 05:05:00",CLARESF1,0
D,DISPATCH,UNIT_SCADA,1,"2022/10/20 05:05:00",CLEMGPWF,37.746340
D,DISPATCH,UNIT_SCADA,1,"2022/10/20 05:05:00",CLERMSF1,0
D,DISPATCH,UNIT_SCADA,1,"2022/10/20 05:05:00",CNUNDAWF,0
D,DISPATCH,UNIT_SCADA,1,"2022/10/20 05:05:00",COHUNSF1,0
D,DISPATCH,UNIT_SCADA,1,"2022/10/20 05:05:00",COLEASF1,0
D,DISPATCH,UNIT_SCADA,1,"2022/10/20 05:05:00",COLUMSF1,0
D,DISPATCH,UNIT_SCADA,1,"2022/10/20 05:05:00",COLWF01,104.168760
D,DISPATCH,UNIT_SCADA,1,"2022/10/20 05:05:00",COOPGWF1,365.459990
D,DISPATCH,UNIT_SCADA,1,"2022/10/20 05:05:00",CPP_3,361.075010
D,DISPATCH,UNIT_SCADA,1,"2022/10/20 05:05:00",CPP_4,0
D,DISPATCH,UNIT_SCADA,1,"2022/10/20 05:05:00",CPSA,0
D,DISPATCH,UNIT_SCADA,1,"2022/10/20 05:05:00",CROOKWF2,25.134050
D,DISPATCH,UNIT_SCADA,1,"2022/10/20 05:05:00",CROWLWF1,33.164290
D,DISPATCH,UNIT_SCADA,1,"2022/10/20 05:05:00",CRURWF1,87.199130
D,DISPATCH,UNIT_SCADA,1,"2022/10/20 05:05:00",CRWASF1,0
D,DISPATCH,UNIT_SCADA,1,"2022/10/20 05:05:00",CSPVPS1,0
D,DISPATCH,UNIT_SCADA,1,"2022/10/20 05:05:00",CTHLWF1,0.003050
D,DISPATCH,UNIT_SCADA,1,"2022/10/20 05:05:00",DALNTH01,0
D,DISPATCH,UNIT_SCADA,1,"2022/10/20 05:05:00",DALNTHL1,0.099180
D,DISPATCH,UNIT_SCADA,1,"2022/10/20 05:05:00",DARLSF1,0
D,DISPATCH,UNIT_SCADA,1,"2022/10/20 05:05:00",DARTM1,0
D,DISPATCH,UNIT_SCADA,1,"2022/10/20 05:05:00",DAYDSF1,0
D,DISPATCH,UNIT_SCADA,1,"2022/10/20 05:05:00",DDPS1,0
D,DISPATCH,UNIT_SCADA,1,"2022/10/20 05:05:00",DDSF1,0
D,DISPATCH,UNIT_SCADA,1,"2022/10/20 05:05:00",DEVILS_G,60.807520
D,DISPATCH,UNIT_SCADA,1,"2022/10/20 05:05:00",DG_NSW1,0
D,DISPATCH,UNIT_SCADA,1,"2022/10/20 05:05:00",DG_QLD1,0
D,DISPATCH,UNIT_SCADA,1,"2022/10/20 05:05:00",DG_SA1,0
D,DISPATCH,UNIT_SCADA,1,"2022/10/20 05:05:00",DG_TAS1,0
D,DISPATCH,UNIT_SCADA,1,"2022/10/20 05:05:00",DG_VIC1,0
D,DISPATCH,UNIT_SCADA,1,"2022/10/20 05:05:00",DRYCGT1,0
D,DISPATCH,UNIT_SCADA,1,"2022/10/20 05:05:00",DRYCGT2,0
D,DISPATCH,UNIT_SCADA,1,"2022/10/20 05:05:00",DRYCGT3,0
D,DISPATCH,UNIT_SCADA,1,"2022/10/20 05:05:00",DUNDWF1,87.10
D,DISPATCH,UNIT_SCADA,1,"2022/10/20 05:05:00",DUNDWF2,27
D,DISPATCH,UNIT_SCADA,1,"2022/10/20 05:05:00",DUNDWF3,68.44
D,DISPATCH,UNIT_SCADA,1,"2022/10/20 05:05:00",EILDON1,59.96
D,DISPATCH,UNIT_SCADA,1,"2022/10/20 05:05:00",EILDON2,60.04
D,DISPATCH,UNIT_SCADA,1,"2022/10/20 05:05:00",ELAINWF1,24.05
D,DISPATCH,UNIT_SCADA,1,"2022/10/20 05:05:00",EMERASF1,0
D,DISPATCH,UNIT_SCADA,1,"2022/10/20 05:05:00",ER01,0
D,DISPATCH,UNIT_SCADA,1,"2022/10/20 05:05:00",ER02,498.994420
D,DISPATCH,UNIT_SCADA,1,"2022/10/20 05:05:00",ER03,527.754640
D,DISPATCH,UNIT_SCADA,1,"2022/10/20 05:05:00",ER04,525.899110
D,DISPATCH,UNIT_SCADA,1,"2022/10/20 05:05:00",FINLYSF1,0
D,DISPATCH,UNIT_SCADA,1,"2022/10/20 05:05:00",FISHER,35.96
D,DISPATCH,UNIT_SCADA,1,"2022/10/20 05:05:00",GANGARR1,0
D,DISPATCH,UNIT_SCADA,1,"2022/10/20 05:05:00",GANNBG1,0
D,DISPATCH,UNIT_SCADA,1,"2022/10/20 05:05:00",GANNBL1,0.013970
D,DISPATCH,UNIT_SCADA,1,"2022/10/20 05:05:00",GANNSF1,0
D,DISPATCH,UNIT_SCADA,1,"2022/10/20 05:05:00",GLRWNSF1,0
D,DISPATCH,UNIT_SCADA,1,"2022/10/20 05:05:00",GNNDHSF1,0
D,DISPATCH,UNIT_SCADA,1,"2022/10/20 05:05:00",GOONSF1,0
D,DISPATCH,UNIT_SCADA,1,"2022/10/20 05:05:00",GORDON,222.206180
D,DISPATCH,UNIT_SCADA,1,"2022/10/20 05:05:00",GRANWF1,3.71
D,DISPATCH,UNIT_SCADA,1,"2022/10/20 05:05:00",GSTONE1,204.05
D,DISPATCH,UNIT_SCADA,1,"2022/10/20 05:05:00",GSTONE2,0
D,DISPATCH,UNIT_SCADA,1,"2022/10/20 05:05:00",GSTONE3,200.024990
D,DISPATCH,UNIT_SCADA,1,"2022/10/20 05:05:00",GSTONE4,0
D,DISPATCH,UNIT_SCADA,1,"2022/10/20 05:05:00",GSTONE5,204.399990
D,DISPATCH,UNIT_SCADA,1,"2022/10/20 05:05:00",GSTONE6,204.5750
D,DISPATCH,UNIT_SCADA,1,"2022/10/20 05:05:00",GULLRSF1,0
D,DISPATCH,UNIT_SCADA,1,"2022/10/20 05:05:00",GULLRWF1,47.064290
D,DISPATCH,UNIT_SCADA,1,"2022/10/20 05:05:00",GULLRWF2,102.985940
D,DISPATCH,UNIT_SCADA,1,"2022/10/20 05:05:00",GUNNING1,0
D,DISPATCH,UNIT_SCADA,1,"2022/10/20 05:05:00",GUTHEGA,67.80
D,DISPATCH,UNIT_SCADA,1,"2022/10/20 05:05:00",HALLWF1,67.46
D,DISPATCH,UNIT_SCADA,1,"2022/10/20 05:05:00",HALLWF2,55.90
D,DISPATCH,UNIT_SCADA,1,"2022/10/20 05:05:00",HAMISF1,0
D,DISPATCH,UNIT_SCADA,1,"2022/10/20 05:05:00",HAUGHT11,0
D,DISPATCH,UNIT_SCADA,1,"2022/10/20 05:05:00",HAYMSF1,0
D,DISPATCH,UNIT_SCADA,1,"2022/10/20 05:05:00",HDWF1,58.90
D,DISPATCH,UNIT_SCADA,1,"2022/10/20 05:05:00",HDWF2,30.80
D,DISPATCH,UNIT_SCADA,1,"2022/10/20 05:05:00",HDWF3,31.70
D,DISPATCH,UNIT_SCADA,1,"2022/10/20 05:05:00",HILLSTN1,0
D,DISPATCH,UNIT_SCADA,1,"2022/10/20 05:05:00",HPRG1,2.20
D,DISPATCH,UNIT_SCADA,1,"2022/10/20 05:05:00",HPRL1,0
D,DISPATCH,UNIT_SCADA,1,"2022/10/20 05:05:00",HUMENSW,54.579810
D,DISPATCH,UNIT_SCADA,1,"2022/10/20 05:05:00",HUMEV,0
D,DISPATCH,UNIT_SCADA,1,"2022/10/20 05:05:00",HVWWBA1G,0
D,DISPATCH,UNIT_SCADA,1,"2022/10/20 05:05:00",HVWWBA1L,0.0060
D,DISPATCH,UNIT_SCADA,1,"2022/10/20 05:05:00",HVWWPV1,0
D,DISPATCH,UNIT_SCADA,1,"2022/10/20 05:05:00",JBUTTERS,0
D,DISPATCH,UNIT_SCADA,1,"2022/10/20 05:05:00",JEMALNG1,0
D,DISPATCH,UNIT_SCADA,1,"2022/10/20 05:05:00",JLA01,0
D,DISPATCH,UNIT_SCADA,1,"2022/10/20 05:05:00",JLA02,0
D,DISPATCH,UNIT_SCADA,1,"2022/10/20 05:05:00",JLA03,0
D,DISPATCH,UNIT_SCADA,1,"2022/10/20 05:05:00",JLA04,0
D,DISPATCH,UNIT_SCADA,1,"2022/10/20 05:05:00",JLB01,0
D,DISPATCH,UNIT_SCADA,1,"2022/10/20 05:05:00",JLB02,0.10
D,DISPATCH,UNIT_SCADA,1,"2022/10/20 05:05:00",JLB03,0
D,DISPATCH,UNIT_SCADA,1,"2022/10/20 05:05:00",JUNEESF1,0
D,DISPATCH,UNIT_SCADA,1,"2022/10/20 05:05:00",KABANWF1,0.6650
D,DISPATCH,UNIT_SCADA,1,"2022/10/20 05:05:00",KAREEYA1,17.99
D,DISPATCH,UNIT_SCADA,1,"2022/10/20 05:05:00",KAREEYA2,0
D,DISPATCH,UNIT_SCADA,1,"2022/10/20 05:05:00",KAREEYA3,21.47
D,DISPATCH,UNIT_SCADA,1,"2022/10/20 05:05:00",KAREEYA4,0
D,DISPATCH,UNIT_SCADA,1,"2022/10/20 05:05:00",KARSF1,0
D,DISPATCH,UNIT_SCADA,1,"2022/10/20 05:05:00",KEPSF1,0
D,DISPATCH,UNIT_SCADA,1,"2022/10/20 05:05:00",KEPWF1,0
D,DISPATCH,UNIT_SCADA,1,"2022/10/20 05:05:00",KIAMSF1,0
D,DISPATCH,UNIT_SCADA,1,"2022/10/20 05:05:00",KIATAWF1,30.50
D,DISPATCH,UNIT_SCADA,1,"2022/10/20 05:05:00",KPP_1,0
D,DISPATCH,UNIT_SCADA,1,"2022/10/20 05:05:00",KSP1,0
D,DISPATCH,UNIT_SCADA,1,"2022/10/20 05:05:00",LADBROK1,0.01
D,DISPATCH,UNIT_SCADA,1,"2022/10/20 05:05:00",LADBROK2,38.02
D,DISPATCH,UNIT_SCADA,1,"2022/10/20 05:05:00",LBBG1,9.60
D,DISPATCH,UNIT_SCADA,1,"2022/10/20 05:05:00",LBBL1,0
D,DISPATCH,UNIT_SCADA,1,"2022/10/20 05:05:00",LD01,319.6936
D,DISPATCH,UNIT_SCADA,1,"2022/10/20 05:05:00",LD02,0
D,DISPATCH,UNIT_SCADA,1,"2022/10/20 05:05:00",LD04,316.837070
D,DISPATCH,UNIT_SCADA,1,"2022/10/20 05:05:00",LEM_WIL,57.7273
D,DISPATCH,UNIT_SCADA,1,"2022/10/20 05:05:00",LGAPWF1,77.23
D,DISPATCH,UNIT_SCADA,1,"2022/10/20 05:05:00",LGAPWF2,46.21
D,DISPATCH,UNIT_SCADA,1,"2022/10/20 05:05:00",LILYSF1,0
D,DISPATCH,UNIT_SCADA,1,"2022/10/20 05:05:00",LIMOSF11,0
D,DISPATCH,UNIT_SCADA,1,"2022/10/20 05:05:00",LIMOSF21,0
D,DISPATCH,UNIT_SCADA,1,"2022/10/20 05:05:00",LI_WY_CA,63.286470
D,DISPATCH,UNIT_SCADA,1,"2022/10/20 05:05:00",LKBONNY1,0
D,DISPATCH,UNIT_SCADA,1,"2022/10/20 05:05:00",LKBONNY2,28.156780
D,DISPATCH,UNIT_SCADA,1,"2022/10/20 05:05:00",LKBONNY3,0
D,DISPATCH,UNIT_SCADA,1,"2022/10/20 05:05:00",LK_ECHO,0
D,DISPATCH,UNIT_SCADA,1,"2022/10/20 05:05:00",LNGS1,0
D,DISPATCH,UNIT_SCADA,1,"2022/10/20 05:05:00",LNGS2,0
D,DISPATCH,UNIT_SCADA,1,"2022/10/20 05:05:00",LONSDALE,0
D,DISPATCH,UNIT_SCADA,1,"2022/10/20 05:05:00",LOYYB1,581.578490
D,DISPATCH,UNIT_SCADA,1,"2022/10/20 05:05:00",LOYYB2,577.067080
D,DISPATCH,UNIT_SCADA,1,"2022/10/20 05:05:00",LYA1,563
D,DISPATCH,UNIT_SCADA,1,"2022/10/20 05:05:00",LYA2,0
D,DISPATCH,UNIT_SCADA,1,"2022/10/20 05:05:00",LYA3,562
D,DISPATCH,UNIT_SCADA,1,"2022/10/20 05:05:00",LYA4,561
D,DISPATCH,UNIT_SCADA,1,"2022/10/20 05:05:00",MACARTH1,24.599430
D,DISPATCH,UNIT_SCADA,1,"2022/10/20 05:05:00",MACKNTSH,0
D,DISPATCH,UNIT_SCADA,1,"2022/10/20 05:05:00",MANSLR1,0
D,DISPATCH,UNIT_SCADA,1,"2022/10/20 05:05:00",MAPS2PV1,0
D,DISPATCH,UNIT_SCADA,1,"2022/10/20 05:05:00",MAPS3PV1,0
D,DISPATCH,UNIT_SCADA,1,"2022/10/20 05:05:00",MARYRSF1,0
D,DISPATCH,UNIT_SCADA,1,"2022/10/20 05:05:00",MBPS2PV1,0
D,DISPATCH,UNIT_SCADA,1,"2022/10/20 05:05:00",MCKAY1,0.46
D,DISPATCH,UNIT_SCADA,1,"2022/10/20 05:05:00",MEADOWBK,20.0060
D,DISPATCH,UNIT_SCADA,1,"2022/10/20 05:05:00",MERCER01,21.60
D,DISPATCH,UNIT_SCADA,1,"2022/10/20 05:05:00",METZSF1,0
D,DISPATCH,UNIT_SCADA,1,"2022/10/20 05:05:00",MEWF1,6
D,DISPATCH,UNIT_SCADA,1,"2022/10/20 05:05:00",MIDDLSF1,0
D,DISPATCH,UNIT_SCADA,1,"2022/10/20 05:05:00",MINTARO,0.128180
D,DISPATCH,UNIT_SCADA,1,"2022/10/20 05:05:00",MOLNGSF1,0
D,DISPATCH,UNIT_SCADA,1,"2022/10/20 05:05:00",MOORAWF1,30.81
D,DISPATCH,UNIT_SCADA,1,"2022/10/20 05:05:00",MOREESF1,0
D,DISPATCH,UNIT_SCADA,1,"2022/10/20 05:05:00",MORTLK11,0
D,DISPATCH,UNIT_SCADA,1,"2022/10/20 05:05:00",MORTLK12,0
D,DISPATCH,UNIT_SCADA,1,"2022/10/20 05:05:00",MOUSF1,0
D,DISPATCH,UNIT_SCADA,1,"2022/10/20 05:05:00",MP1,0
D,DISPATCH,UNIT_SCADA,1,"2022/10/20 05:05:00",MP2,485.493260
D,DISPATCH,UNIT_SCADA,1,"2022/10/20 05:05:00",MPP_1,132.9848
D,DISPATCH,UNIT_SCADA,1,"2022/10/20 05:05:00",MPP_2,0
D,DISPATCH,UNIT_SCADA,1,"2022/10/20 05:05:00",MRTLSWF1,0
D,DISPATCH,UNIT_SCADA,1,"2022/10/20 05:05:00",MSTUART1,0
D,DISPATCH,UNIT_SCADA,1,"2022/10/20 05:05:00",MSTUART2,0
D,DISPATCH,UNIT_SCADA,1,"2022/10/20 05:05:00",MSTUART3,0
D,DISPATCH,UNIT_SCADA,1,"2022/10/20 05:05:00",MTGELWF1,35.572370
D,DISPATCH,UNIT_SCADA,1,"2022/10/20 05:05:00",MTMILLAR,1.90
D,DISPATCH,UNIT_SCADA,1,"2022/10/20 05:05:00",MURRAY,0
D,DISPATCH,UNIT_SCADA,1,"2022/10/20 05:05:00",MUSSELR1,0
D,DISPATCH,UNIT_SCADA,1,"2022/10/20 05:05:00",MUWAWF1,184.19
D,DISPATCH,UNIT_SCADA,1,"2022/10/20 05:05:00",MUWAWF2,177.399990
D,DISPATCH,UNIT_SCADA,1,"2022/10/20 05:05:00",MWPS1PV1,0
D,DISPATCH,UNIT_SCADA,1,"2022/10/20 05:05:00",MWPS2PV1,0
D,DISPATCH,UNIT_SCADA,1,"2022/10/20 05:05:00",MWPS3PV1,0
D,DISPATCH,UNIT_SCADA,1,"2022/10/20 05:05:00",MWPS4PV1,0
D,DISPATCH,UNIT_SCADA,1,"2022/10/20 05:05:00",NBHWF1,107.30
D,DISPATCH,UNIT_SCADA,1,"2022/10/20 05:05:00",NEVERSF1,0
D,DISPATCH,UNIT_SCADA,1,"2022/10/20 05:05:00",NPS,0
D,DISPATCH,UNIT_SCADA,1,"2022/10/20 05:05:00",NUMURSF1,0
D,DISPATCH,UNIT_SCADA,1,"2022/10/20 05:05:00",NYNGAN1,0
D,DISPATCH,UNIT_SCADA,1,"2022/10/20 05:05:00",OAKEY1,0
D,DISPATCH,UNIT_SCADA,1,"2022/10/20 05:05:00",OAKEY1SF,0
D,DISPATCH,UNIT_SCADA,1,"2022/10/20 05:05:00",OAKEY2,0
D,DISPATCH,UNIT_SCADA,1,"2022/10/20 05:05:00",OAKEY2SF,0
D,DISPATCH,UNIT_SCADA,1,"2022/10/20 05:05:00",OAKLAND1,23.40
D,DISPATCH,UNIT_SCADA,1,"2022/10/20 05:05:00",OSB-AG,0
D,DISPATCH,UNIT_SCADA,1,"2022/10/20 05:05:00",PAREPS1,0.0660
D,DISPATCH,UNIT_SCADA,1,"2022/10/20 05:05:00",PAREPW1,66.56
D,DISPATCH,UNIT_SCADA,1,"2022/10/20 05:05:00",PARSF1,0.001530
D,DISPATCH,UNIT_SCADA,1,"2022/10/20 05:05:00",POAT110,0
D,DISPATCH,UNIT_SCADA,1,"2022/10/20 05:05:00",POAT220,0
D,DISPATCH,UNIT_SCADA,1,"2022/10/20 05:05:00",POR01,0
D,DISPATCH,UNIT_SCADA,1,"2022/10/20 05:05:00",POR03,0
D,DISPATCH,UNIT_SCADA,1,"2022/10/20 05:05:00",PPCCGT,123.890430
D,DISPATCH,UNIT_SCADA,1,"2022/10/20 05:05:00",PTSTAN1,0
D,DISPATCH,UNIT_SCADA,1,"2022/10/20 05:05:00",PUMP1,0
D,DISPATCH,UNIT_SCADA,1,"2022/10/20 05:05:00",PUMP2,0
D,DISPATCH,UNIT_SCADA,1,"2022/10/20 05:05:00",QBYNBG1,0
D,DISPATCH,UNIT_SCADA,1,"2022/10/20 05:05:00",QBYNBL1,0.0045
D,DISPATCH,UNIT_SCADA,1,"2022/10/20 05:05:00",QPS1,0
D,DISPATCH,UNIT_SCADA,1,"2022/10/20 05:05:00",QPS2,0
D,DISPATCH,UNIT_SCADA,1,"2022/10/20 05:05:00",QPS3,0
D,DISPATCH,UNIT_SCADA,1,"2022/10/20 05:05:00",QPS4,0
D,DISPATCH,UNIT_SCADA,1,"2022/10/20 05:05:00",QPS5,76.47
D,DISPATCH,UNIT_SCADA,1,"2022/10/20 05:05:00",REECE1,0
D,DISPATCH,UNIT_SCADA,1,"2022/10/20 05:05:00",REECE2,2.57
D,DISPATCH,UNIT_SCADA,1,"2022/10/20 05:05:00",ROMA_7,0
D,DISPATCH,UNIT_SCADA,1,"2022/10/20 05:05:00",ROMA_8,0
D,DISPATCH,UNIT_SCADA,1,"2022/10/20 05:05:00",RRSF1,0
D,DISPATCH,UNIT_SCADA,1,"2022/10/20 05:05:00",RT_NSW1,0
D,DISPATCH,UNIT_SCADA,1,"2022/10/20 05:05:00",RT_NSW2,0
D,DISPATCH,UNIT_SCADA,1,"2022/10/20 05:05:00",RT_NSW3,0
D,DISPATCH,UNIT_SCADA,1,"2022/10/20 05:05:00",RT_NSW4,0
D,DISPATCH,UNIT_SCADA,1,"2022/10/20 05:05:00",RT_NSW5,0
D,DISPATCH,UNIT_SCADA,1,"2022/10/20 05:05:00",RT_NSW6,0
D,DISPATCH,UNIT_SCADA,1,"2022/10/20 05:05:00",RT_QLD1,0
D,DISPATCH,UNIT_SCADA,1,"2022/10/20 05:05:00",RT_SA1,0
D,DISPATCH,UNIT_SCADA,1,"2022/10/20 05:05:00",RT_SA2,0
D,DISPATCH,UNIT_SCADA,1,"2022/10/20 05:05:00",RT_SA3,0
D,DISPATCH,UNIT_SCADA,1,"2022/10/20 05:05:00",RT_SA4,0
D,DISPATCH,UNIT_SCADA,1,"2022/10/20 05:05:00",RT_SA5,0
D,DISPATCH,UNIT_SCADA,1,"2022/10/20 05:05:00",RT_SA6,0
D,DISPATCH,UNIT_SCADA,1,"2022/10/20 05:05:00",RT_TAS1,0
D,DISPATCH,UNIT_SCADA,1,"2022/10/20 05:05:00",RT_VIC1,0
D,DISPATCH,UNIT_SCADA,1,"2022/10/20 05:05:00",RT_VIC10,0
D,DISPATCH,UNIT_SCADA,1,"2022/10/20 05:05:00",RT_VIC11,0
D,DISPATCH,UNIT_SCADA,1,"2022/10/20 05:05:00",RT_VIC12,0
D,DISPATCH,UNIT_SCADA,1,"2022/10/20 05:05:00",RT_VIC2,0
D,DISPATCH,UNIT_SCADA,1,"2022/10/20 05:05:00",RT_VIC3,0
D,DISPATCH,UNIT_SCADA,1,"2022/10/20 05:05:00",RT_VIC4,0
D,DISPATCH,UNIT_SCADA,1,"2022/10/20 05:05:00",RT_VIC5,0
D,DISPATCH,UNIT_SCADA,1,"2022/10/20 05:05:00",RT_VIC6,0
D,DISPATCH,UNIT_SCADA,1,"2022/10/20 05:05:00",RT_VIC7,0
D,DISPATCH,UNIT_SCADA,1,"2022/10/20 05:05:00",RT_VIC8,0
D,DISPATCH,UNIT_SCADA,1,"2022/10/20 05:05:00",RT_VIC9,0
D,DISPATCH,UNIT_SCADA,1,"2022/10/20 05:05:00",RUGBYR1,0
D,DISPATCH,UNIT_SCADA,1,"2022/10/20 05:05:00",SALTCRK1,20.99
D,DISPATCH,UNIT_SCADA,1,"2022/10/20 05:05:00",SAPHWF1,179.139390
D,DISPATCH,UNIT_SCADA,1,"2022/10/20 05:05:00",SEBSF1,0
D,DISPATCH,UNIT_SCADA,1,"2022/10/20 05:05:00",SHGEN,0
D,DISPATCH,UNIT_SCADA,1,"2022/10/20 05:05:00",SHPUMP,0
D,DISPATCH,UNIT_SCADA,1,"2022/10/20 05:05:00",SITHE01,0.143810
D,DISPATCH,UNIT_SCADA,1,"2022/10/20 05:05:00",SMCSF1,0
D,DISPATCH,UNIT_SCADA,1,"2022/10/20 05:05:00",SNAPPER1,0
D,DISPATCH,UNIT_SCADA,1,"2022/10/20 05:05:00",SNOWNTH1,137.50
D,DISPATCH,UNIT_SCADA,1,"2022/10/20 05:05:00",SNOWSTH1,119.30
D,DISPATCH,UNIT_SCADA,1,"2022/10/20 05:05:00",SNOWTWN1,93.091290
D,DISPATCH,UNIT_SCADA,1,"2022/10/20 05:05:00",SNOWYP,0
D,DISPATCH,UNIT_SCADA,1,"2022/10/20 05:05:00",SNUG1,0
D,DISPATCH,UNIT_SCADA,1,"2022/10/20 05:05:00",SRSF1,0
D,DISPATCH,UNIT_SCADA,1,"2022/10/20 05:05:00",STAN-1,279.710020
D,DISPATCH,UNIT_SCADA,1,"2022/10/20 05:05:00",STAN-2,363.858890
D,DISPATCH,UNIT_SCADA,1,"2022/10/20 05:05:00",STAN-3,365.384220
D,DISPATCH,UNIT_SCADA,1,"2022/10/20 05:05:00",STAN-4,365.256040
D,DISPATCH,UNIT_SCADA,1,"2022/10/20 05:05:00",STARHLWF,15.595450
D,DISPATCH,UNIT_SCADA,1,"2022/10/20 05:05:00",STOCKYD1,248.03
D,DISPATCH,UNIT_SCADA,1,"2022/10/20 05:05:00",STWF1,71.637440
D,DISPATCH,UNIT_SCADA,1,"2022/10/20 05:05:00",SUNRSF1,0
D,DISPATCH,UNIT_SCADA,1,"2022/10/20 05:05:00",SUNTPSF1,0
D,DISPATCH,UNIT_SCADA,1,"2022/10/20 05:05:00",SWAN_E,248.638760
D,DISPATCH,UNIT_SCADA,1,"2022/10/20 05:05:00",TALWA1,0
D,DISPATCH,UNIT_SCADA,1,"2022/10/20 05:05:00",TARALGA1,0
D,DISPATCH,UNIT_SCADA,1,"2022/10/20 05:05:00",TARONG#1,282.50
D,DISPATCH,UNIT_SCADA,1,"2022/10/20 05:05:00",TARONG#2,282.200010
D,DISPATCH,UNIT_SCADA,1,"2022/10/20 05:05:00",TARONG#3,0.90
D,DISPATCH,UNIT_SCADA,1,"2022/10/20 05:05:00",TARONG#4,192.600010
D,DISPATCH,UNIT_SCADA,1,"2022/10/20 05:05:00",TARRALEA,54
D,DISPATCH,UNIT_SCADA,1,"2022/10/20 05:05:00",TBSF1,0
D,DISPATCH,UNIT_SCADA,1,"2022/10/20 05:05:00",TNPS1,300.25
D,DISPATCH,UNIT_SCADA,1,"2022/10/20 05:05:00",TORRB1,0
D,DISPATCH,UNIT_SCADA,1,"2022/10/20 05:05:00",TORRB2,42
D,DISPATCH,UNIT_SCADA,1,"2022/10/20 05:05:00",TORRB3,0
D,DISPATCH,UNIT_SCADA,1,"2022/10/20 05:05:00",TORRB4,0
D,DISPATCH,UNIT_SCADA,1,"2022/10/20 05:05:00",TREVALLN,99.816420
D,DISPATCH,UNIT_SCADA,1,"2022/10/20 05:05:00",TRIBUTE,0
D,DISPATCH,UNIT_SCADA,1,"2022/10/20 05:05:00",TUMUT3,0
D,DISPATCH,UNIT_SCADA,1,"2022/10/20 05:05:00",TUNGATIN,3.800020
D,DISPATCH,UNIT_SCADA,1,"2022/10/20 05:05:00",TVCC201,0
D,DISPATCH,UNIT_SCADA,1,"2022/10/20 05:05:00",TVPP104,0
D,DISPATCH,UNIT_SCADA,1,"2022/10/20 05:05:00",UPPTUMUT,0
D,DISPATCH,UNIT_SCADA,1,"2022/10/20 05:05:00",URANQ11,0
D,DISPATCH,UNIT_SCADA,1,"2022/10/20 05:05:00",URANQ12,0
D,DISPATCH,UNIT_SCADA,1,"2022/10/20 05:05:00",URANQ13,0
D,DISPATCH,UNIT_SCADA,1,"2022/10/20 05:05:00",URANQ14,0
D,DISPATCH,UNIT_SCADA,1,"2022/10/20 05:05:00",VBBG1,11
D,DISPATCH,UNIT_SCADA,1,"2022/10/20 05:05:00",VBBL1,0
D,DISPATCH,UNIT_SCADA,1,"2022/10/20 05:05:00",VP5,546.867250
D,DISPATCH,UNIT_SCADA,1,"2022/10/20 05:05:00",VP6,548.820430
D,DISPATCH,UNIT_SCADA,1,"2022/10/20 05:05:00",VPGS1,0
D,DISPATCH,UNIT_SCADA,1,"2022/10/20 05:05:00",VPGS2,0
D,DISPATCH,UNIT_SCADA,1,"2022/10/20 05:05:00",VPGS3,0
D,DISPATCH,UNIT_SCADA,1,"2022/10/20 05:05:00",VPGS4,0
D,DISPATCH,UNIT_SCADA,1,"2022/10/20 05:05:00",VPGS5,0
D,DISPATCH,UNIT_SCADA,1,"2022/10/20 05:05:00",VPGS6,0
D,DISPATCH,UNIT_SCADA,1,"2022/10/20 05:05:00",W/HOE#1,0
D,DISPATCH,UNIT_SCADA,1,"2022/10/20 05:05:00",W/HOE#2,0
D,DISPATCH,UNIT_SCADA,1,"2022/10/20 05:05:00",WAGGNSF1,0
D,DISPATCH,UNIT_SCADA,1,"2022/10/20 05:05:00",WALGRVG1,10.049850
D,DISPATCH,UNIT_SCADA,1,"2022/10/20 05:05:00",WALGRVL1,0
D,DISPATCH,UNIT_SCADA,1,"2022/10/20 05:05:00",WANDBG1,0
D,DISPATCH,UNIT_SCADA,1,"2022/10/20 05:05:00",WANDBL1,0
D,DISPATCH,UNIT_SCADA,1,"2022/10/20 05:05:00",WARWSF1,0
D,DISPATCH,UNIT_SCADA,1,"2022/10/20 05:05:00",WARWSF2,0
D,DISPATCH,UNIT_SCADA,1,"2022/10/20 05:05:00",WATERLWF,94.70
D,DISPATCH,UNIT_SCADA,1,"2022/10/20 05:05:00",WDGPH1,0
D,DISPATCH,UNIT_SCADA,1,"2022/10/20 05:05:00",WELLSF1,0
D,DISPATCH,UNIT_SCADA,1,"2022/10/20 05:05:00",WEMENSF1,0
D,DISPATCH,UNIT_SCADA,1,"2022/10/20 05:05:00",WGWF1,75.80
D,DISPATCH,UNIT_SCADA,1,"2022/10/20 05:05:00",WHITSF1,0
D,DISPATCH,UNIT_SCADA,1,"2022/10/20 05:05:00",WINTSF1,0
D,DISPATCH,UNIT_SCADA,1,"2022/10/20 05:05:00",WKIEWA1,33.90
D,DISPATCH,UNIT_SCADA,1,"2022/10/20 05:05:00",WKIEWA2,34.10
D,DISPATCH,UNIT_SCADA,1,"2022/10/20 05:05:00",WOODLWN1,16.343510
D,DISPATCH,UNIT_SCADA,1,"2022/10/20 05:05:00",WOOLGSF1,0
D,DISPATCH,UNIT_SCADA,1,"2022/10/20 05:05:00",WPWF,72.10
D,DISPATCH,UNIT_SCADA,1,"2022/10/20 05:05:00",WRSF1,0
D,DISPATCH,UNIT_SCADA,1,"2022/10/20 05:05:00",WRWF1,41.743190
D,DISPATCH,UNIT_SCADA,1,"2022/10/20 05:05:00",WSTWYSF1,0
D,DISPATCH,UNIT_SCADA,1,"2022/10/20 05:05:00",YABULU,0
D,DISPATCH,UNIT_SCADA,1,"2022/10/20 05:05:00",YABULU2,0
D,DISPATCH,UNIT_SCADA,1,"2022/10/20 05:05:00",YARANSF1,0
D,DISPATCH,UNIT_SCADA,1,"2022/10/20 05:05:00",YARWUN_1,129.649990
D,DISPATCH,UNIT_SCADA,1,"2022/10/20 05:05:00",YATSF1,0
D,DISPATCH,UNIT_SCADA,1,"2022/10/20 05:05:00",YENDWF1,33.52
D,DISPATCH,UNIT_SCADA,1,"2022/10/20 05:05:00",YWPS1,364.911410
D,DISPATCH,UNIT_SCADA,1,"2022/10/20 05:05:00",YWPS2,289.721530
D,DISPATCH,UNIT_SCADA,1,"2022/10/20 05:05:00",YWPS3,360.799990
D,DISPATCH,UNIT_SCADA,1,"2022/10/20 05:05:00",YWPS4,0
C,"END OF REPORT",419
