C,NEMP.WORLD,DISPATCHSCADA,AEMO,PUBLIC,2022/10/20,13:10:09,0000000373256751,DISPATCHSCADA,0000000373256745
I,DISPATCH,UNIT_SCADA,1,SETTLEMENTDATE,DUID,SCADAVALUE
D,DISPATCH,UNIT_SCADA,1,"2022/10/20 13:15:00",BARCSF1,10.200001
D,DISPATCH,UNIT_SCADA,1,"2022/10/20 13:15:00",BUTLERSG,8.699999
D,DISPATCH,UNIT_SCADA,1,"2022/10/20 13:15:00",CAPTL_WF,56.950089
D,DISPATCH,UNIT_SCADA,1,"2022/10/20 13:15:00",CHALLHWF,5.80
D,DISPATCH,UNIT_SCADA,1,"2022/10/20 13:15:00",CLOVER,10.51
D,DISPATCH,UNIT_SCADA,1,"2022/10/20 13:15:00",CLUNY,5.209888
D,DISPATCH,UNIT_SCADA,1,"2022/10/20 13:15:00",CULLRGWF,-0.04
D,DISPATCH,UNIT_SCADA,1,"2022/10/20 13:15:00",DIAPURWF1,2.80
D,DISPATCH,UNIT_SCADA,1,"2022/10/20 13:15:00",ERGT01,0
D,DISPATCH,UNIT_SCADA,1,"2022/10/20 13:15:00",GB01,0
D,DISPATCH,UNIT_SCADA,1,"2022/10/20 13:15:00",GERMCRK,17.90
D,DISPATCH,UNIT_SCADA,1,"2022/10/20 13:15:00",GRIFSF1,5.500877
D,DISPATCH,UNIT_SCADA,1,"2022/10/20 13:15:00",HEZ1,0
D,DISPATCH,UNIT_SCADA,1,"2022/10/20 13:15:00",HUGSF1,11.3190
D,DISPATCH,UNIT_SCADA,1,"2022/10/20 13:15:00",KEPBG1,0
D,DISPATCH,UNIT_SCADA,1,"2022/10/20 13:15:00",LRSF1,7.4690
D,DISPATCH,UNIT_SCADA,1,"2022/10/20 13:15:00",MBAHNTH,45.843750
D,DISPATCH,UNIT_SCADA,1,"2022/10/20 13:15:00",MLSP1,4.362001
D,DISPATCH,UNIT_SCADA,1,"2022/10/20 13:15:00",MLWF1,3.1050
D,DISPATCH,UNIT_SCADA,1,"2022/10/20 13:15:00",PALOONA,30.09
D,DISPATCH,UNIT_SCADA,1,"2022/10/20 13:15:00",PIONEER,41.400002
D,DISPATCH,UNIT_SCADA,1,"2022/10/20 13:15:00",PORTWF,96.300003
D,DISPATCH,UNIT_SCADA,1,"2022/10/20 13:15:00",REPULSE,9.536889
D,DISPATCH,UNIT_SCADA,1,"2022/10/20 13:15:00",ROWALLAN,8.7756
D,DISPATCH,UNIT_SCADA,1,"2022/10/20 13:15:00",ROYALLA1,9.944003
D,DISPATCH,UNIT_SCADA,1,"2022/10/20 13:15:00",RPCG,-1.80
D,DISPATCH,UNIT_SCADA,1,"2022/10/20 13:15:00",RUBICON,0
D,DISPATCH,UNIT_SCADA,1,"2022/10/20 13:15:00",WAUBRAWF,33.838001
D,DISPATCH,UNIT_SCADA,1,"2022/10/20 13:15:00",WOOLNTH1,73.489998
D,DISPATCH,UNIT_SCADA,1,"2022/10/20 13:15:00",YAMBUKWF,9.60
D,DISPATCH,UNIT_SCADA,1,"2022/10/20 13:15:00",YSWF1,4.10
D,DISPATCH,UNIT_SCADA,1,"2022/10/20 13:15:00",ADPBA1G,0.0080
D,DISPATCH,UNIT_SCADA,1,"2022/10/20 13:15:00",ADPBA1L,0
D,DISPATCH,UNIT_SCADA,1,"2022/10/20 13:15:00",ADPPV1,8.7750
D,DISPATCH,UNIT_SCADA,1,"2022/10/20 13:15:00",AGLHAL,0
D,DISPATCH,UNIT_SCADA,1,"2022/10/20 13:15:00",AGLSOM,0
D,DISPATCH,UNIT_SCADA,1,"2022/10/20 13:15:00",ANGAST1,0
D,DISPATCH,UNIT_SCADA,1,"2022/10/20 13:15:00",ARWF1,10.60
D,DISPATCH,UNIT_SCADA,1,"2022/10/20 13:15:00",BALBG1,0
D,DISPATCH,UNIT_SCADA,1,"2022/10/20 13:15:00",BALBL1,0
D,DISPATCH,UNIT_SCADA,1,"2022/10/20 13:15:00",BALDHWF1,59.4050
D,DISPATCH,UNIT_SCADA,1,"2022/10/20 13:15:00",BANGOWF1,39.197380
D,DISPATCH,UNIT_SCADA,1,"2022/10/20 13:15:00",BANGOWF2,24.898830
D,DISPATCH,UNIT_SCADA,1,"2022/10/20 13:15:00",BANN1,37.47
D,DISPATCH,UNIT_SCADA,1,"2022/10/20 13:15:00",BARCALDN,0
D,DISPATCH,UNIT_SCADA,1,"2022/10/20 13:15:00",BARKIPS1,0
D,DISPATCH,UNIT_SCADA,1,"2022/10/20 13:15:00",BARRON-1,0
D,DISPATCH,UNIT_SCADA,1,"2022/10/20 13:15:00",BARRON-2,0
D,DISPATCH,UNIT_SCADA,1,"2022/10/20 13:15:00",BASTYAN,50.95
D,DISPATCH,UNIT_SCADA,1,"2022/10/20 13:15:00",BBTHREE1,0
D,DISPATCH,UNIT_SCADA,1,"2022/10/20 13:15:00",BBTHREE2,21.15
D,DISPATCH,UNIT_SCADA,1,"2022/10/20 13:15:00",BBTHREE3,0
D,DISPATCH,UNIT_SCADA,1,"2022/10/20 13:15:00",BDL01,0
D,DISPATCH,UNIT_SCADA,1,"2022/10/20 13:15:00",BDL02,0
D,DISPATCH,UNIT_SCADA,1,"2022/10/20 13:15:00",BERYLSF1,12.711150
D,DISPATCH,UNIT_SCADA,1,"2022/10/20 13:15:00",BLOWERNG,62.60
D,DISPATCH,UNIT_SCADA,1,"2022/10/20 13:15:00",BLUEGSF1,24.662020
D,DISPATCH,UNIT_SCADA,1,"2022/10/20 13:15:00",BLUFF1,1.90
D,DISPATCH,UNIT_SCADA,1,"2022/10/20 13:15:00",BNGSF1,42.27
D,DISPATCH,UNIT_SCADA,1,"2022/10/20 13:15:00",BNGSF2,43.88
D,DISPATCH,UNIT_SCADA,1,"2022/10/20 13:15:00",BOCORWF1,38.50
D,DISPATCH,UNIT_SCADA,1,"2022/10/20 13:15:00",BODWF1,47.403340
D,DISPATCH,UNIT_SCADA,1,"2022/10/20 13:15:00",BOMENSF1,31.800410
D,DISPATCH,UNIT_SCADA,1,"2022/10/20 13:15:00",BOWWBA1G,0
D,DISPATCH,UNIT_SCADA,1,"2022/10/20 13:15:00",BOWWBA1L,0.0010
D,DISPATCH,UNIT_SCADA,1,"2022/10/20 13:15:00",BOWWPV1,0
D,DISPATCH,UNIT_SCADA,1,"2022/10/20 13:15:00",BRAEMAR1,0
D,DISPATCH,UNIT_SCADA,1,"2022/10/20 13:15:00",BRAEMAR2,0
D,DISPATCH,UNIT_SCADA,1,"2022/10/20 13:15:00",BRAEMAR3,0
D,DISPATCH,UNIT_SCADA,1,"2022/10/20 13:15:00",BRAEMAR5,0.292060
D,DISPATCH,UNIT_SCADA,1,"2022/10/20 13:15:00",BRAEMAR6,0
D,DISPATCH,UNIT_SCADA,1,"2022/10/20 13:15:00",BRAEMAR7,0.130920
D,DISPATCH,UNIT_SCADA,1,"2022/10/20 13:15:00",BROKENH1,47.299280
D,DISPATCH,UNIT_SCADA,1,"2022/10/20 13:15:00",BRYB1WF1,118.889140
D,DISPATCH,UNIT_SCADA,1,"2022/10/20 13:15:00",BULBESG1,0
D,DISPATCH,UNIT_SCADA,1,"2022/10/20 13:15:00",BULBESL1,2.90
D,DISPATCH,UNIT_SCADA,1,"2022/10/20 13:15:00",BULGANA1,0.78
D,DISPATCH,UNIT_SCADA,1,"2022/10/20 13:15:00",BW01,655.3689
D,DISPATCH,UNIT_SCADA,1,"2022/10/20 13:15:00",BW02,615.744260
D,DISPATCH,UNIT_SCADA,1,"2022/10/20 13:15:00",BW03,509.321750
D,DISPATCH,UNIT_SCADA,1,"2022/10/20 13:15:00",BW04,0
D,DISPATCH,UNIT_SCADA,1,"2022/10/20 13:15:00",CALL_B_1,316.700010
D,DISPATCH,UNIT_SCADA,1,"2022/10/20 13:15:00",CALL_B_2,315.399990
D,DISPATCH,UNIT_SCADA,1,"2022/10/20 13:15:00",CATHROCK,7
D,DISPATCH,UNIT_SCADA,1,"2022/10/20 13:15:00",CBWWBA1G,0
D,DISPATCH,UNIT_SCADA,1,"2022/10/20 13:15:00",CBWWBA1L,0
D,DISPATCH,UNIT_SCADA,1,"2022/10/20 13:15:00",CETHANA,85.670620
D,DISPATCH,UNIT_SCADA,1,"2022/10/20 13:15:00",CG1,0
D,DISPATCH,UNIT_SCADA,1,"2022/10/20 13:15:00",CG2,0
D,DISPATCH,UNIT_SCADA,1,"2022/10/20 13:15:00",CG3,0
D,DISPATCH,UNIT_SCADA,1,"2022/10/20 13:15:00",CG4,0
D,DISPATCH,UNIT_SCADA,1,"2022/10/20 13:15:00",CHILDSF1,14.06
D,DISPATCH,UNIT_SCADA,1,"2022/10/20 13:15:00",CHYTWF1,6.59
D,DISPATCH,UNIT_SCADA,1,"2022/10/20 13:15:00",CLARESF1,22.550530
D,DISPATCH,UNIT_SCADA,1,"2022/10/20 13:15:00",CLEMGPWF,15.559560
D,DISPATCH,UNIT_SCADA,1,"2022/10/20 13:15:00",CLERMSF1,66.03
D,DISPATCH,UNIT_SCADA,1,"2022/10/20 13:15:00",CNUNDAWF,13.015180
D,DISPATCH,UNIT_SCADA,1,"2022/10/20 13:15:00",COHUNSF1,0.08
D,DISPATCH,UNIT_SCADA,1,"2022/10/20 13:15:00",COLEASF1,40.5024
D,DISPATCH,UNIT_SCADA,1,"2022/10/20 13:15:00",COLUMSF1,22.87
D,DISPATCH,UNIT_SCADA,1,"2022/10/20 13:15:00",COLWF01,72.150760
D,DISPATCH,UNIT_SCADA,1,"2022/10/20 13:15:00",COOPGWF1,90.84
D,DISPATCH,UNIT_SCADA,1,"2022/10/20 13:15:00",CPP_3,307.450010
D,DISPATCH,UNIT_SCADA,1,"2022/10/20 13:15:00",CPP_4,0
D,DISPATCH,UNIT_SCADA,1,"2022/10/20 13:15:00",CPSA,0
D,DISPATCH,UNIT_SCADA,1,"2022/10/20 13:15:00",CROOKWF2,34.034330
D,DISPATCH,UNIT_SCADA,1,"2022/10/20 13:15:00",CROWLWF1,7.746820
D,DISPATCH,UNIT_SCADA,1,"2022/10/20 13:15:00",CRURWF1,47.196080
D,DISPATCH,UNIT_SCADA,1,"2022/10/20 13:15:00",CRWASF1,16.657410
D,DISPATCH,UNIT_SCADA,1,"2022/10/20 13:15:00",CSPVPS1,38.6120
D,DISPATCH,UNIT_SCADA,1,"2022/10/20 13:15:00",CTHLWF1,0.003050
D,DISPATCH,UNIT_SCADA,1,"2022/10/20 13:15:00",DALNTH01,0
D,DISPATCH,UNIT_SCADA,1,"2022/10/20 13:15:00",DALNTHL1,0.086980
D,DISPATCH,UNIT_SCADA,1,"2022/10/20 13:15:00",DARLSF1,63.705380
D,DISPATCH,UNIT_SCADA,1,"2022/10/20 13:15:00",DARTM1,0
D,DISPATCH,UNIT_SCADA,1,"2022/10/20 13:15:00",DAYDSF1,70.837010
D,DISPATCH,UNIT_SCADA,1,"2022/10/20 13:15:00",DDPS1,0
D,DISPATCH,UNIT_SCADA,1,"2022/10/20 13:15:00",DDSF1,18.830340
D,DISPATCH,UNIT_SCADA,1,"2022/10/20 13:15:00",DEVILS_G,57.401650
D,DISPATCH,UNIT_SCADA,1,"2022/10/20 13:15:00",DG_NSW1,0
D,DISPATCH,UNIT_SCADA,1,"2022/10/20 13:15:00",DG_QLD1,0
D,DISPATCH,UNIT_SCADA,1,"2022/10/20 13:15:00",DG_SA1,0
D,DISPATCH,UNIT_SCADA,1,"2022/10/20 13:15:00",DG_TAS1,0
D,DISPATCH,UNIT_SCADA,1,"2022/10/20 13:15:00",DG_VIC1,0
D,DISPATCH,UNIT_SCADA,1,"2022/10/20 13:15:00",DRYCGT1,0
D,DISPATCH,UNIT_SCADA,1,"2022/10/20 13:15:00",DRYCGT2,0
D,DISPATCH,UNIT_SCADA,1,"2022/10/20 13:15:00",DRYCGT3,0
D,DISPATCH,UNIT_SCADA,1,"2022/10/20 13:15:00",DUNDWF1,63.46
D,DISPATCH,UNIT_SCADA,1,"2022/10/20 13:15:00",DUNDWF2,18.02
D,DISPATCH,UNIT_SCADA,1,"2022/10/20 13:15:00",DUNDWF3,54.62
D,DISPATCH,UNIT_SCADA,1,"2022/10/20 13:15:00",EILDON1,59.68
D,DISPATCH,UNIT_SCADA,1,"2022/10/20 13:15:00",EILDON2,60.08
D,DISPATCH,UNIT_SCADA,1,"2022/10/20 13:15:00",ELAINWF1,26.33
D,DISPATCH,UNIT_SCADA,1,"2022/10/20 13:15:00",EMERASF1,0
D,DISPATCH,UNIT_SCADA,1,"2022/10/20 13:15:00",ER01,0
D,DISPATCH,UNIT_SCADA,1,"2022/10/20 13:15:00",ER02,317.424290
D,DISPATCH,UNIT_SCADA,1,"2022/10/20 13:15:00",ER03,444.379330
D,DISPATCH,UNIT_SCADA,1,"2022/10/20 13:15:00",ER04,448.065920
D,DISPATCH,UNIT_SCADA,1,"2022/10/20 13:15:00",FINLYSF1,119.218730
D,DISPATCH,UNIT_SCADA,1,"2022/10/20 13:15:00",FISHER,43.85
D,DISPATCH,UNIT_SCADA,1,"2022/10/20 13:15:00",GANGARR1,66.1470
D,DISPATCH,UNIT_SCADA,1,"2022/10/20 13:15:00",GANNBG1,0
D,DISPATCH,UNIT_SCADA,1,"2022/10/20 13:15:00",GANNBL1,5.772180
D,DISPATCH,UNIT_SCADA,1,"2022/10/20 13:15:00",GANNSF1,32.90
D,DISPATCH,UNIT_SCADA,1,"2022/10/20 13:15:00",GLRWNSF1,0
D,DISPATCH,UNIT_SCADA,1,"2022/10/20 13:15:00",GNNDHSF1,88.506070
D,DISPATCH,UNIT_SCADA,1,"2022/10/20 13:15:00",GOONSF1,15.272450
D,DISPATCH,UNIT_SCADA,1,"2022/10/20 13:15:00",GORDON,205.040990
D,DISPATCH,UNIT_SCADA,1,"2022/10/20 13:15:00",GRANWF1,0
D,DISPATCH,UNIT_SCADA,1,"2022/10/20 13:15:00",GSTONE1,200.724990
D,DISPATCH,UNIT_SCADA,1,"2022/10/20 13:15:00",GSTONE2,0
D,DISPATCH,UNIT_SCADA,1,"2022/10/20 13:15:00",GSTONE3,200.20
D,DISPATCH,UNIT_SCADA,1,"2022/10/20 13:15:00",GSTONE4,0
D,DISPATCH,UNIT_SCADA,1,"2022/10/20 13:15:00",GSTONE5,184.6250
D,DISPATCH,UNIT_SCADA,1,"2022/10/20 13:15:00",GSTONE6,200.3750
D,DISPATCH,UNIT_SCADA,1,"2022/10/20 13:15:00",GULLRSF1,1.384980
D,DISPATCH,UNIT_SCADA,1,"2022/10/20 13:15:00",GULLRWF1,49.394250
D,DISPATCH,UNIT_SCADA,1,"2022/10/20 13:15:00",GULLRWF2,81.054460
D,DISPATCH,UNIT_SCADA,1,"2022/10/20 13:15:00",GUNNING1,0
D,DISPATCH,UNIT_SCADA,1,"2022/10/20 13:15:00",GUTHEGA,67
D,DISPATCH,UNIT_SCADA,1,"2022/10/20 13:15:00",HALLWF1,5.70
D,DISPATCH,UNIT_SCADA,1,"2022/10/20 13:15:00",HALLWF2,10.75
D,DISPATCH,UNIT_SCADA,1,"2022/10/20 13:15:00",HAMISF1,28.10
D,DISPATCH,UNIT_SCADA,1,"2022/10/20 13:15:00",HAUGHT11,41.9369
D,DISPATCH,UNIT_SCADA,1,"2022/10/20 13:15:00",HAYMSF1,22.2640
D,DISPATCH,UNIT_SCADA,1,"2022/10/20 13:15:00",HDWF1,11.90
D,DISPATCH,UNIT_SCADA,1,"2022/10/20 13:15:00",HDWF2,12.40
D,DISPATCH,UNIT_SCADA,1,"2022/10/20 13:15:00",HDWF3,14.10
D,DISPATCH,UNIT_SCADA,1,"2022/10/20 13:15:00",HILLSTN1,63.008770
D,DISPATCH,UNIT_SCADA,1,"2022/10/20 13:15:00",HPRG1,0
D,DISPATCH,UNIT_SCADA,1,"2022/10/20 13:15:00",HPRL1,3.10
D,DISPATCH,UNIT_SCADA,1,"2022/10/20 13:15:00",HUMENSW,53.875360
D,DISPATCH,UNIT_SCADA,1,"2022/10/20 13:15:00",HUMEV,0
D,DISPATCH,UNIT_SCADA,1,"2022/10/20 13:15:00",HVWWBA1G,0
D,DISPATCH,UNIT_SCADA,1,"2022/10/20 13:15:00",HVWWBA1L,0.0070
D,DISPATCH,UNIT_SCADA,1,"2022/10/20 13:15:00",HVWWPV1,4.3860
D,DISPATCH,UNIT_SCADA,1,"2022/10/20 13:15:00",JBUTTERS,0
D,DISPATCH,UNIT_SCADA,1,"2022/10/20 13:15:00",JEMALNG1,3.35
D,DISPATCH,UNIT_SCADA,1,"2022/10/20 13:15:00",JLA01,0
D,DISPATCH,UNIT_SCADA,1,"2022/10/20 13:15:00",JLA02,0
D,DISPATCH,UNIT_SCADA,1,"2022/10/20 13:15:00",JLA03,0
D,DISPATCH,UNIT_SCADA,1,"2022/10/20 13:15:00",JLA04,0
D,DISPATCH,UNIT_SCADA,1,"2022/10/20 13:15:00",JLB01,0
D,DISPATCH,UNIT_SCADA,1,"2022/10/20 13:15:00",JLB02,0.10
D,DISPATCH,UNIT_SCADA,1,"2022/10/20 13:15:00",JLB03,0
D,DISPATCH,UNIT_SCADA,1,"2022/10/20 13:15:00",JUNEESF1,11.205630
D,DISPATCH,UNIT_SCADA,1,"2022/10/20 13:15:00",KABANWF1,0.1140
D,DISPATCH,UNIT_SCADA,1,"2022/10/20 13:15:00",KAREEYA1,0
D,DISPATCH,UNIT_SCADA,1,"2022/10/20 13:15:00",KAREEYA2,0
D,DISPATCH,UNIT_SCADA,1,"2022/10/20 13:15:00",KAREEYA3,4.7075
D,DISPATCH,UNIT_SCADA,1,"2022/10/20 13:15:00",KAREEYA4,0
D,DISPATCH,UNIT_SCADA,1,"2022/10/20 13:15:00",KARSF1,43.80
D,DISPATCH,UNIT_SCADA,1,"2022/10/20 13:15:00",KEPSF1,11.43
D,DISPATCH,UNIT_SCADA,1,"2022/10/20 13:15:00",KEPWF1,5.68
D,DISPATCH,UNIT_SCADA,1,"2022/10/20 13:15:00",KIAMSF1,39.6315
D,DISPATCH,UNIT_SCADA,1,"2022/10/20 13:15:00",KIATAWF1,12.60
D,DISPATCH,UNIT_SCADA,1,"2022/10/20 13:15:00",KPP_1,0
D,DISPATCH,UNIT_SCADA,1,"2022/10/20 13:15:00",KSP1,45.64
D,DISPATCH,UNIT_SCADA,1,"2022/10/20 13:15:00",LADBROK1,0.01
D,DISPATCH,UNIT_SCADA,1,"2022/10/20 13:15:00",LADBROK2,0.02
D,DISPATCH,UNIT_SCADA,1,"2022/10/20 13:15:00",LBBG1,0
D,DISPATCH,UNIT_SCADA,1,"2022/10/20 13:15:00",LBBL1,1.50
D,DISPATCH,UNIT_SCADA,1,"2022/10/20 13:15:00",LD01,273.329860
D,DISPATCH,UNIT_SCADA,1,"2022/10/20 13:15:00",LD02,0
D,DISPATCH,UNIT_SCADA,1,"2022/10/20 13:15:00",LD04,274.886320
D,DISPATCH,UNIT_SCADA,1,"2022/10/20 13:15:00",LEM_WIL,78.539350
D,DISPATCH,UNIT_SCADA,1,"2022/10/20 13:15:00",LGAPWF1,39.88
D,DISPATCH,UNIT_SCADA,1,"2022/10/20 13:15:00",LGAPWF2,24.62
D,DISPATCH,UNIT_SCADA,1,"2022/10/20 13:15:00",LILYSF1,88.604670
D,DISPATCH,UNIT_SCADA,1,"2022/10/20 13:15:00",LIMOSF11,89.878230
D,DISPATCH,UNIT_SCADA,1,"2022/10/20 13:15:00",LIMOSF21,10.714980
D,DISPATCH,UNIT_SCADA,1,"2022/10/20 13:15:00",LI_WY_CA,54.319490
D,DISPATCH,UNIT_SCADA,1,"2022/10/20 13:15:00",LKBONNY1,0
D,DISPATCH,UNIT_SCADA,1,"2022/10/20 13:15:00",LKBONNY2,21.021130
D,DISPATCH,UNIT_SCADA,1,"2022/10/20 13:15:00",LKBONNY3,2.288710
D,DISPATCH,UNIT_SCADA,1,"2022/10/20 13:15:00",LK_ECHO,0
D,DISPATCH,UNIT_SCADA,1,"2022/10/20 13:15:00",LNGS1,0
D,DISPATCH,UNIT_SCADA,1,"2022/10/20 13:15:00",LNGS2,0
D,DISPATCH,UNIT_SCADA,1,"2022/10/20 13:15:00",LONSDALE,0
D,DISPATCH,UNIT_SCADA,1,"2022/10/20 13:15:00",LOYYB1,431.574680
D,DISPATCH,UNIT_SCADA,1,"2022/10/20 13:15:00",LOYYB2,431.950620
D,DISPATCH,UNIT_SCADA,1,"2022/10/20 13:15:00",LYA1,362
D,DISPATCH,UNIT_SCADA,1,"2022/10/20 13:15:00",LYA2,0
D,DISPATCH,UNIT_SCADA,1,"2022/10/20 13:15:00",LYA3,360
D,DISPATCH,UNIT_SCADA,1,"2022/10/20 13:15:00",LYA4,359
D,DISPATCH,UNIT_SCADA,1,"2022/10/20 13:15:00",MACARTH1,64.298520
D,DISPATCH,UNIT_SCADA,1,"2022/10/20 13:15:00",MACKNTSH,0
D,DISPATCH,UNIT_SCADA,1,"2022/10/20 13:15:00",MANSLR1,42.4320
D,DISPATCH,UNIT_SCADA,1,"2022/10/20 13:15:00",MAPS2PV1,0
D,DISPATCH,UNIT_SCADA,1,"2022/10/20 13:15:00",MAPS3PV1,0
D,DISPATCH,UNIT_SCADA,1,"2022/10/20 13:15:00",MARYRSF1,12.98
D,DISPATCH,UNIT_SCADA,1,"2022/10/20 13:15:00",MBPS2PV1,0
D,DISPATCH,UNIT_SCADA,1,"2022/10/20 13:15:00",MCKAY1,0.02
D,DISPATCH,UNIT_SCADA,1,"2022/10/20 13:15:00",MEADOWBK,6.344760
D,DISPATCH,UNIT_SCADA,1,"2022/10/20 13:15:00",MERCER01,29
D,DISPATCH,UNIT_SCADA,1,"2022/10/20 13:15:00",METZSF1,14.942890
D,DISPATCH,UNIT_SCADA,1,"2022/10/20 13:15:00",MEWF1,14.811650
D,DISPATCH,UNIT_SCADA,1,"2022/10/20 13:15:00",MIDDLSF1,9.82
D,DISPATCH,UNIT_SCADA,1,"2022/10/20 13:15:00",MINTARO,0.128180
D,DISPATCH,UNIT_SCADA,1,"2022/10/20 13:15:00",MOLNGSF1,16.922860
D,DISPATCH,UNIT_SCADA,1,"2022/10/20 13:15:00",MOORAWF1,69.12
D,DISPATCH,UNIT_SCADA,1,"2022/10/20 13:15:00",MOREESF1,32.0140
D,DISPATCH,UNIT_SCADA,1,"2022/10/20 13:15:00",MORTLK11,0
D,DISPATCH,UNIT_SCADA,1,"2022/10/20 13:15:00",MORTLK12,0
D,DISPATCH,UNIT_SCADA,1,"2022/10/20 13:15:00",MOUSF1,0
D,DISPATCH,UNIT_SCADA,1,"2022/10/20 13:15:00",MP1,0
D,DISPATCH,UNIT_SCADA,1,"2022/10/20 13:15:00",MP2,343.8407
D,DISPATCH,UNIT_SCADA,1,"2022/10/20 13:15:00",MPP_1,163.137180
D,DISPATCH,UNIT_SCADA,1,"2022/10/20 13:15:00",MPP_2,179.235750
D,DISPATCH,UNIT_SCADA,1,"2022/10/20 13:15:00",MRTLSWF1,0
D,DISPATCH,UNIT_SCADA,1,"2022/10/20 13:15:00",MSTUART1,0
D,DISPATCH,UNIT_SCADA,1,"2022/10/20 13:15:00",MSTUART2,0
D,DISPATCH,UNIT_SCADA,1,"2022/10/20 13:15:00",MSTUART3,0
D,DISPATCH,UNIT_SCADA,1,"2022/10/20 13:15:00",MTGELWF1,43.534650
D,DISPATCH,UNIT_SCADA,1,"2022/10/20 13:15:00",MTMILLAR,10.50
D,DISPATCH,UNIT_SCADA,1,"2022/10/20 13:15:00",MURRAY,0
D,DISPATCH,UNIT_SCADA,1,"2022/10/20 13:15:00",MUSSELR1,34
D,DISPATCH,UNIT_SCADA,1,"2022/10/20 13:15:00",MUWAWF1,59.24
D,DISPATCH,UNIT_SCADA,1,"2022/10/20 13:15:00",MUWAWF2,24.30
D,DISPATCH,UNIT_SCADA,1,"2022/10/20 13:15:00",MWPS1PV1,2.62
D,DISPATCH,UNIT_SCADA,1,"2022/10/20 13:15:00",MWPS2PV1,2.03
D,DISPATCH,UNIT_SCADA,1,"2022/10/20 13:15:00",MWPS3PV1,0.81
D,DISPATCH,UNIT_SCADA,1,"2022/10/20 13:15:00",MWPS4PV1,1.91
D,DISPATCH,UNIT_SCADA,1,"2022/10/20 13:15:00",NBHWF1,5.30
D,DISPATCH,UNIT_SCADA,1,"2022/10/20 13:15:00",NEVERSF1,66.40
D,DISPATCH,UNIT_SCADA,1,"2022/10/20 13:15:00",NPS,0
D,DISPATCH,UNIT_SCADA,1,"2022/10/20 13:15:00",NUMURSF1,64.84
D,DISPATCH,UNIT_SCADA,1,"2022/10/20 13:15:00",NYNGAN1,29.25
D,DISPATCH,UNIT_SCADA,1,"2022/10/20 13:15:00",OAKEY1,0
D,DISPATCH,UNIT_SCADA,1,"2022/10/20 13:15:00",OAKEY1SF,11.6330
D,DISPATCH,UNIT_SCADA,1,"2022/10/20 13:15:00",OAKEY2,0
D,DISPATCH,UNIT_SCADA,1,"2022/10/20 13:15:00",OAKEY2SF,21.10
D,DISPATCH,UNIT_SCADA,1,"2022/10/20 13:15:00",OAKLAND1,6
D,DISPATCH,UNIT_SCADA,1,"2022/10/20 13:15:00",OSB-AG,0
D,DISPATCH,UNIT_SCADA,1,"2022/10/20 13:15:00",PAREPS1,0.0660
D,DISPATCH,UNIT_SCADA,1,"2022/10/20 13:15:00",PAREPW1,45.42
D,DISPATCH,UNIT_SCADA,1,"2022/10/20 13:15:00",PARSF1,12.599370
D,DISPATCH,UNIT_SCADA,1,"2022/10/20 13:15:00",POAT110,0
D,DISPATCH,UNIT_SCADA,1,"2022/10/20 13:15:00",POAT220,0
D,DISPATCH,UNIT_SCADA,1,"2022/10/20 13:15:00",POR01,0.008670
D,DISPATCH,UNIT_SCADA,1,"2022/10/20 13:15:00",POR03,0
D,DISPATCH,UNIT_SCADA,1,"2022/10/20 13:15:00",PPCCGT,0
D,DISPATCH,UNIT_SCADA,1,"2022/10/20 13:15:00",PTSTAN1,0
D,DISPATCH,UNIT_SCADA,1,"2022/10/20 13:15:00",PUMP1,0
D,DISPATCH,UNIT_SCADA,1,"2022/10/20 13:15:00",PUMP2,0
D,DISPATCH,UNIT_SCADA,1,"2022/10/20 13:15:00",QBYNBG1,0
D,DISPATCH,UNIT_SCADA,1,"2022/10/20 13:15:00",QBYNBL1,0.0835
D,DISPATCH,UNIT_SCADA,1,"2022/10/20 13:15:00",QPS1,0
D,DISPATCH,UNIT_SCADA,1,"2022/10/20 13:15:00",QPS2,0
D,DISPATCH,UNIT_SCADA,1,"2022/10/20 13:15:00",QPS3,0
D,DISPATCH,UNIT_SCADA,1,"2022/10/20 13:15:00",QPS4,0
D,DISPATCH,UNIT_SCADA,1,"2022/10/20 13:15:00",QPS5,72.89
D,DISPATCH,UNIT_SCADA,1,"2022/10/20 13:15:00",REECE1,0
D,DISPATCH,UNIT_SCADA,1,"2022/10/20 13:15:00",REECE2,0
D,DISPATCH,UNIT_SCADA,1,"2022/10/20 13:15:00",ROMA_7,0
D,DISPATCH,UNIT_SCADA,1,"2022/10/20 13:15:00",ROMA_8,0
D,DISPATCH,UNIT_SCADA,1,"2022/10/20 13:15:00",RRSF1,103.363550
D,DISPATCH,UNIT_SCADA,1,"2022/10/20 13:15:00",RT_NSW1,0
D,DISPATCH,UNIT_SCADA,1,"2022/10/20 13:15:00",RT_NSW2,0
D,DISPATCH,UNIT_SCADA,1,"2022/10/20 13:15:00",RT_NSW3,0
D,DISPATCH,UNIT_SCADA,1,"2022/10/20 13:15:00",RT_NSW4,0
D,DISPATCH,UNIT_SCADA,1,"2022/10/20 13:15:00",RT_NSW5,0
D,DISPATCH,UNIT_SCADA,1,"2022/10/20 13:15:00",RT_NSW6,0
D,DISPATCH,UNIT_SCADA,1,"2022/10/20 13:15:00",RT_QLD1,0
D,DISPATCH,UNIT_SCADA,1,"2022/10/20 13:15:00",RT_SA1,0
D,DISPATCH,UNIT_SCADA,1,"2022/10/20 13:15:00",RT_SA2,0
D,DISPATCH,UNIT_SCADA,1,"2022/10/20 13:15:00",RT_SA3,0
D,DISPATCH,UNIT_SCADA,1,"2022/10/20 13:15:00",RT_SA4,0
D,DISPATCH,UNIT_SCADA,1,"2022/10/20 13:15:00",RT_SA5,0
D,DISPATCH,UNIT_SCADA,1,"2022/10/20 13:15:00",RT_SA6,0
D,DISPATCH,UNIT_SCADA,1,"2022/10/20 13:15:00",RT_TAS1,0
D,DISPATCH,UNIT_SCADA,1,"2022/10/20 13:15:00",RT_VIC1,0
D,DISPATCH,UNIT_SCADA,1,"2022/10/20 13:15:00",RT_VIC10,0
D,DISPATCH,UNIT_SCADA,1,"2022/10/20 13:15:00",RT_VIC11,0
D,DISPATCH,UNIT_SCADA,1,"2022/10/20 13:15:00",RT_VIC12,0
D,DISPATCH,UNIT_SCADA,1,"2022/10/20 13:15:00",RT_VIC2,0
D,DISPATCH,UNIT_SCADA,1,"2022/10/20 13:15:00",RT_VIC3,0
D,DISPATCH,UNIT_SCADA,1,"2022/10/20 13:15:00",RT_VIC4,0
D,DISPATCH,UNIT_SCADA,1,"2022/10/20 13:15:00",RT_VIC5,0
D,DISPATCH,UNIT_SCADA,1,"2022/10/20 13:15:00",RT_VIC6,0
D,DISPATCH,UNIT_SCADA,1,"2022/10/20 13:15:00",RT_VIC7,0
D,DISPATCH,UNIT_SCADA,1,"2022/10/20 13:15:00",RT_VIC8,0
D,DISPATCH,UNIT_SCADA,1,"2022/10/20 13:15:00",RT_VIC9,0
D,DISPATCH,UNIT_SCADA,1,"2022/10/20 13:15:00",RUGBYR1,34.885630
D,DISPATCH,UNIT_SCADA,1,"2022/10/20 13:15:00",SALTCRK1,18.16
D,DISPATCH,UNIT_SCADA,1,"2022/10/20 13:15:00",SAPHWF1,0
D,DISPATCH,UNIT_SCADA,1,"2022/10/20 13:15:00",SEBSF1,38.511530
D,DISPATCH,UNIT_SCADA,1,"2022/10/20 13:15:00",SHGEN,0
D,DISPATCH,UNIT_SCADA,1,"2022/10/20 13:15:00",SHPUMP,0
D,DISPATCH,UNIT_SCADA,1,"2022/10/20 13:15:00",SITHE01,0.123710
D,DISPATCH,UNIT_SCADA,1,"2022/10/20 13:15:00",SMCSF1,60.6460
D,DISPATCH,UNIT_SCADA,1,"2022/10/20 13:15:00",SNAPPER1,0
D,DISPATCH,UNIT_SCADA,1,"2022/10/20 13:15:00",SNOWNTH1,50.60
D,DISPATCH,UNIT_SCADA,1,"2022/10/20 13:15:00",SNOWSTH1,32.20
D,DISPATCH,UNIT_SCADA,1,"2022/10/20 13:15:00",SNOWTWN1,45.196610
D,DISPATCH,UNIT_SCADA,1,"2022/10/20 13:15:00",SNOWYP,0
D,DISPATCH,UNIT_SCADA,1,"2022/10/20 13:15:00",SNUG1,0
D,DISPATCH,UNIT_SCADA,1,"2022/10/20 13:15:00",SRSF1,70.07
D,DISPATCH,UNIT_SCADA,1,"2022/10/20 13:15:00",STAN-1,275.031520
D,DISPATCH,UNIT_SCADA,1,"2022/10/20 13:15:00",STAN-2,355.693940
D,DISPATCH,UNIT_SCADA,1,"2022/10/20 13:15:00",STAN-3,158.312650
D,DISPATCH,UNIT_SCADA,1,"2022/10/20 13:15:00",STAN-4,361.500430
D,DISPATCH,UNIT_SCADA,1,"2022/10/20 13:15:00",STARHLWF,15.695420
D,DISPATCH,UNIT_SCADA,1,"2022/10/20 13:15:00",STOCKYD1,76.13
D,DISPATCH,UNIT_SCADA,1,"2022/10/20 13:15:00",STWF1,0
D,DISPATCH,UNIT_SCADA,1,"2022/10/20 13:15:00",SUNRSF1,15.843440
D,DISPATCH,UNIT_SCADA,1,"2022/10/20 13:15:00",SUNTPSF1,8.489510
D,DISPATCH,UNIT_SCADA,1,"2022/10/20 13:15:00",SWAN_E,190.620640
D,DISPATCH,UNIT_SCADA,1,"2022/10/20 13:15:00",TALWA1,0
D,DISPATCH,UNIT_SCADA,1,"2022/10/20 13:15:00",TARALGA1,0
D,DISPATCH,UNIT_SCADA,1,"2022/10/20 13:15:00",TARONG#1,341.800020
D,DISPATCH,UNIT_SCADA,1,"2022/10/20 13:15:00",TARONG#2,341.200010
D,DISPATCH,UNIT_SCADA,1,"2022/10/20 13:15:00",TARONG#3,0.90
D,DISPATCH,UNIT_SCADA,1,"2022/10/20 13:15:00",TARONG#4,282
D,DISPATCH,UNIT_SCADA,1,"2022/10/20 13:15:00",TARRALEA,54
D,DISPATCH,UNIT_SCADA,1,"2022/10/20 13:15:00",TBSF1,0.10
D,DISPATCH,UNIT_SCADA,1,"2022/10/20 13:15:00",TNPS1,317.50
D,DISPATCH,UNIT_SCADA,1,"2022/10/20 13:15:00",TORRB1,0
D,DISPATCH,UNIT_SCADA,1,"2022/10/20 13:15:00",TORRB2,40
D,DISPATCH,UNIT_SCADA,1,"2022/10/20 13:15:00",TORRB3,0
D,DISPATCH,UNIT_SCADA,1,"2022/10/20 13:15:00",TORRB4,0
D,DISPATCH,UNIT_SCADA,1,"2022/10/20 13:15:00",TREVALLN,100.145320
D,DISPATCH,UNIT_SCADA,1,"2022/10/20 13:15:00",TRIBUTE,0
D,DISPATCH,UNIT_SCADA,1,"2022/10/20 13:15:00",TUMUT3,6.88
D,DISPATCH,UNIT_SCADA,1,"2022/10/20 13:15:00",TUNGATIN,2.500020
D,DISPATCH,UNIT_SCADA,1,"2022/10/20 13:15:00",TVCC201,0
D,DISPATCH,UNIT_SCADA,1,"2022/10/20 13:15:00",TVPP104,0
D,DISPATCH,UNIT_SCADA,1,"2022/10/20 13:15:00",UPPTUMUT,0
D,DISPATCH,UNIT_SCADA,1,"2022/10/20 13:15:00",URANQ11,0
D,DISPATCH,UNIT_SCADA,1,"2022/10/20 13:15:00",URANQ12,0
D,DISPATCH,UNIT_SCADA,1,"2022/10/20 13:15:00",URANQ13,0
D,DISPATCH,UNIT_SCADA,1,"2022/10/20 13:15:00",URANQ14,0
D,DISPATCH,UNIT_SCADA,1,"2022/10/20 13:15:00",VBBG1,0
D,DISPATCH,UNIT_SCADA,1,"2022/10/20 13:15:00",VBBL1,69.80
D,DISPATCH,UNIT_SCADA,1,"2022/10/20 13:15:00",VP5,540.592650
D,DISPATCH,UNIT_SCADA,1,"2022/10/20 13:15:00",VP6,549.430850
D,DISPATCH,UNIT_SCADA,1,"2022/10/20 13:15:00",VPGS1,0
D,DISPATCH,UNIT_SCADA,1,"2022/10/20 13:15:00",VPGS2,0
D,DISPATCH,UNIT_SCADA,1,"2022/10/20 13:15:00",VPGS3,0
D,DISPATCH,UNIT_SCADA,1,"2022/10/20 13:15:00",VPGS4,0
D,DISPATCH,UNIT_SCADA,1,"2022/10/20 13:15:00",VPGS5,0
D,DISPATCH,UNIT_SCADA,1,"2022/10/20 13:15:00",VPGS6,0
D,DISPATCH,UNIT_SCADA,1,"2022/10/20 13:15:00",W/HOE#1,0
D,DISPATCH,UNIT_SCADA,1,"2022/10/20 13:15:00",W/HOE#2,0
D,DISPATCH,UNIT_SCADA,1,"2022/10/20 13:15:00",WAGGNSF1,0
D,DISPATCH,UNIT_SCADA,1,"2022/10/20 13:15:00",WALGRVG1,0
D,DISPATCH,UNIT_SCADA,1,"2022/10/20 13:15:00",WALGRVL1,0.343470
D,DISPATCH,UNIT_SCADA,1,"2022/10/20 13:15:00",WANDBG1,0
D,DISPATCH,UNIT_SCADA,1,"2022/10/20 13:15:00",WANDBL1,51.542120
D,DISPATCH,UNIT_SCADA,1,"2022/10/20 13:15:00",WARWSF1,15.25
D,DISPATCH,UNIT_SCADA,1,"2022/10/20 13:15:00",WARWSF2,14.71
D,DISPATCH,UNIT_SCADA,1,"2022/10/20 13:15:00",WATERLWF,13.60
D,DISPATCH,UNIT_SCADA,1,"2022/10/20 13:15:00",WDGPH1,16.42
D,DISPATCH,UNIT_SCADA,1,"2022/10/20 13:15:00",WELLSF1,11.624320
D,DISPATCH,UNIT_SCADA,1,"2022/10/20 13:15:00",WEMENSF1,57.30
D,DISPATCH,UNIT_SCADA,1,"2022/10/20 13:15:00",WGWF1,28.80
D,DISPATCH,UNIT_SCADA,1,"2022/10/20 13:15:00",WHITSF1,15.90
D,DISPATCH,UNIT_SCADA,1,"2022/10/20 13:15:00",WINTSF1,66.64
D,DISPATCH,UNIT_SCADA,1,"2022/10/20 13:15:00",WKIEWA1,31.70
D,DISPATCH,UNIT_SCADA,1,"2022/10/20 13:15:00",WKIEWA2,13.80
D,DISPATCH,UNIT_SCADA,1,"2022/10/20 13:15:00",WOODLWN1,19.472470
D,DISPATCH,UNIT_SCADA,1,"2022/10/20 13:15:00",WOOLGSF1,52.953090
D,DISPATCH,UNIT_SCADA,1,"2022/10/20 13:15:00",WPWF,34.36
D,DISPATCH,UNIT_SCADA,1,"2022/10/20 13:15:00",WRSF1,9.2996
D,DISPATCH,UNIT_SCADA,1,"2022/10/20 13:15:00",WRWF1,0
D,DISPATCH,UNIT_SCADA,1,"2022/10/20 13:15:00",WSTWYSF1,0.736350
D,DISPATCH,UNIT_SCADA,1,"2022/10/20 13:15:00",YABULU,0
D,DISPATCH,UNIT_SCADA,1,"2022/10/20 13:15:00",YABULU2,0
D,DISPATCH,UNIT_SCADA,1,"2022/10/20 13:15:00",YARANSF1,62.06
D,DISPATCH,UNIT_SCADA,1,"2022/10/20 13:15:00",YARWUN_1,160.91
D,DISPATCH,UNIT_SCADA,1,"2022/10/20 13:15:00",YATSF1,26.51
D,DISPATCH,UNIT_SCADA,1,"2022/10/20 13:15:00",YENDWF1,37.49
D,DISPATCH,UNIT_SCADA,1,"2022/10/20 13:15:00",YWPS1,251.124050
D,DISPATCH,UNIT_SCADA,1,"2022/10/20 13:15:00",YWPS2,255.886080
D,DISPATCH,UNIT_SCADA,1,"2022/10/20 13:15:00",YWPS3,278.092410
D,DISPATCH,UNIT_SCADA,1,"2022/10/20 13:15:00",YWPS4,0
C,"END OF REPORT",419
