C,NEMP.WORLD,DISPATCHSCADA,AEMO,PUBLIC,2022/10/20,17:30:09,0000000373270361,DISPATCHSCADA,0000000373270355
I,DISPATCH,UNIT_SCADA,1,SETTLEMENTDATE,DUID,SCADAVALUE
D,DISPATCH,UNIT_SCADA,1,"2022/10/20 17:35:00",BARCSF1,2.40
D,DISPATCH,UNIT_SCADA,1,"2022/10/20 17:35:00",BUTLERSG,8.699999
D,DISPATCH,UNIT_SCADA,1,"2022/10/20 17:35:00",CAPTL_WF,93.649872
D,DISPATCH,UNIT_SCADA,1,"2022/10/20 17:35:00",CHALLHWF,9.40
D,DISPATCH,UNIT_SCADA,1,"2022/10/20 17:35:00",CLOVER,12.97
D,DISPATCH,UNIT_SCADA,1,"2022/10/20 17:35:00",CLUNY,6.295720
D,DISPATCH,UNIT_SCADA,1,"2022/10/20 17:35:00",CULLRGWF,-0.01
D,DISPATCH,UNIT_SCADA,1,"2022/10/20 17:35:00",DIAPURWF1,1.30
D,DISPATCH,UNIT_SCADA,1,"2022/10/20 17:35:00",ERGT01,0
D,DISPATCH,UNIT_SCADA,1,"2022/10/20 17:35:00",GB01,0
D,DISPATCH,UNIT_SCADA,1,"2022/10/20 17:35:00",GERMCRK,20.200001
D,DISPATCH,UNIT_SCADA,1,"2022/10/20 17:35:00",GRIFSF1,7.798886
D,DISPATCH,UNIT_SCADA,1,"2022/10/20 17:35:00",HEZ1,0
D,DISPATCH,UNIT_SCADA,1,"2022/10/20 17:35:00",HUGSF1,1.6010
D,DISPATCH,UNIT_SCADA,1,"2022/10/20 17:35:00",KEPBG1,0.01
D,DISPATCH,UNIT_SCADA,1,"2022/10/20 17:35:00",LRSF1,5.6580
D,DISPATCH,UNIT_SCADA,1,"2022/10/20 17:35:00",MBAHNTH,43.6875
D,DISPATCH,UNIT_SCADA,1,"2022/10/20 17:35:00",MLSP1,0.188001
D,DISPATCH,UNIT_SCADA,1,"2022/10/20 17:35:00",MLWF1,6.87
D,DISPATCH,UNIT_SCADA,1,"2022/10/20 17:35:00",PALOONA,30.269999
D,DISPATCH,UNIT_SCADA,1,"2022/10/20 17:35:00",PIONEER,24.700001
D,DISPATCH,UNIT_SCADA,1,"2022/10/20 17:35:00",PORTWF,27.799999
D,DISPATCH,UNIT_SCADA,1,"2022/10/20 17:35:00",REPULSE,9.645533
D,DISPATCH,UNIT_SCADA,1,"2022/10/20 17:35:00",ROWALLAN,8.6762
D,DISPATCH,UNIT_SCADA,1,"2022/10/20 17:35:00",ROYALLA1,0
D,DISPATCH,UNIT_SCADA,1,"2022/10/20 17:35:00",RPCG,-1.80
D,DISPATCH,UNIT_SCADA,1,"2022/10/20 17:35:00",RUBICON,0
D,DISPATCH,UNIT_SCADA,1,"2022/10/20 17:35:00",WAUBRAWF,61.602001
D,DISPATCH,UNIT_SCADA,1,"2022/10/20 17:35:00",WOOLNTH1,95.089996
D,DISPATCH,UNIT_SCADA,1,"2022/10/20 17:35:00",YAMBUKWF,3.40
D,DISPATCH,UNIT_SCADA,1,"2022/10/20 17:35:00",YSWF1,1
D,DISPATCH,UNIT_SCADA,1,"2022/10/20 17:35:00",ADPBA1G,0.0080
D,DISPATCH,UNIT_SCADA,1,"2022/10/20 17:35:00",ADPBA1L,0
D,DISPATCH,UNIT_SCADA,1,"2022/10/20 17:35:00",ADPPV1,1.9590
D,DISPATCH,UNIT_SCADA,1,"2022/10/20 17:35:00",AGLHAL,30.709260
D,DISPATCH,UNIT_SCADA,1,"2022/10/20 17:35:00",AGLSOM,0
D,DISPATCH,UNIT_SCADA,1,"2022/10/20 17:35:00",ANGAST1,0
D,DISPATCH,UNIT_SCADA,1,"2022/10/20 17:35:00",ARWF1,80.10
D,DISPATCH,UNIT_SCADA,1,"2022/10/20 17:35:00",BALBG1,0
D,DISPATCH,UNIT_SCADA,1,"2022/10/20 17:35:00",BALBL1,0
D,DISPATCH,UNIT_SCADA,1,"2022/10/20 17:35:00",BALDHWF1,105.1490
D,DISPATCH,UNIT_SCADA,1,"2022/10/20 17:35:00",BANGOWF1,88.197140
D,DISPATCH,UNIT_SCADA,1,"2022/10/20 17:35:00",BANGOWF2,55.298310
D,DISPATCH,UNIT_SCADA,1,"2022/10/20 17:35:00",BANN1,7.74
D,DISPATCH,UNIT_SCADA,1,"2022/10/20 17:35:00",BARCALDN,0
D,DISPATCH,UNIT_SCADA,1,"2022/10/20 17:35:00",BARKIPS1,0
D,DISPATCH,UNIT_SCADA,1,"2022/10/20 17:35:00",BARRON-1,27.84
D,DISPATCH,UNIT_SCADA,1,"2022/10/20 17:35:00",BARRON-2,28.12
D,DISPATCH,UNIT_SCADA,1,"2022/10/20 17:35:00",BASTYAN,50.11
D,DISPATCH,UNIT_SCADA,1,"2022/10/20 17:35:00",BBTHREE1,0
D,DISPATCH,UNIT_SCADA,1,"2022/10/20 17:35:00",BBTHREE2,0
D,DISPATCH,UNIT_SCADA,1,"2022/10/20 17:35:00",BBTHREE3,-1.10
D,DISPATCH,UNIT_SCADA,1,"2022/10/20 17:35:00",BDL01,0
D,DISPATCH,UNIT_SCADA,1,"2022/10/20 17:35:00",BDL02,0
D,DISPATCH,UNIT_SCADA,1,"2022/10/20 17:35:00",BERYLSF1,5.842480
D,DISPATCH,UNIT_SCADA,1,"2022/10/20 17:35:00",BLOWERNG,62.70
D,DISPATCH,UNIT_SCADA,1,"2022/10/20 17:35:00",BLUEGSF1,4.271360
D,DISPATCH,UNIT_SCADA,1,"2022/10/20 17:35:00",BLUFF1,1
D,DISPATCH,UNIT_SCADA,1,"2022/10/20 17:35:00",BNGSF1,76.14
D,DISPATCH,UNIT_SCADA,1,"2022/10/20 17:35:00",BNGSF2,78.14
D,DISPATCH,UNIT_SCADA,1,"2022/10/20 17:35:00",BOCORWF1,71.99
D,DISPATCH,UNIT_SCADA,1,"2022/10/20 17:35:00",BODWF1,106.932780
D,DISPATCH,UNIT_SCADA,1,"2022/10/20 17:35:00",BOMENSF1,8.340580
D,DISPATCH,UNIT_SCADA,1,"2022/10/20 17:35:00",BOWWBA1G,0
D,DISPATCH,UNIT_SCADA,1,"2022/10/20 17:35:00",BOWWBA1L,0.0010
D,DISPATCH,UNIT_SCADA,1,"2022/10/20 17:35:00",BOWWPV1,0.0010
D,DISPATCH,UNIT_SCADA,1,"2022/10/20 17:35:00",BRAEMAR1,0
D,DISPATCH,UNIT_SCADA,1,"2022/10/20 17:35:00",BRAEMAR2,0
D,DISPATCH,UNIT_SCADA,1,"2022/10/20 17:35:00",BRAEMAR3,0
D,DISPATCH,UNIT_SCADA,1,"2022/10/20 17:35:00",BRAEMAR5,143.884380
D,DISPATCH,UNIT_SCADA,1,"2022/10/20 17:35:00",BRAEMAR6,0
D,DISPATCH,UNIT_SCADA,1,"2022/10/20 17:35:00",BRAEMAR7,139.040220
D,DISPATCH,UNIT_SCADA,1,"2022/10/20 17:35:00",BROKENH1,12.8998
D,DISPATCH,UNIT_SCADA,1,"2022/10/20 17:35:00",BRYB1WF1,88.584720
D,DISPATCH,UNIT_SCADA,1,"2022/10/20 17:35:00",BULBESG1,0
D,DISPATCH,UNIT_SCADA,1,"2022/10/20 17:35:00",BULBESL1,0.03
D,DISPATCH,UNIT_SCADA,1,"2022/10/20 17:35:00",BULGANA1,62.79
D,DISPATCH,UNIT_SCADA,1,"2022/10/20 17:35:00",BW01,657.566160
D,DISPATCH,UNIT_SCADA,1,"2022/10/20 17:35:00",BW02,617.013790
D,DISPATCH,UNIT_SCADA,1,"2022/10/20 17:35:00",BW03,573.458440
D,DISPATCH,UNIT_SCADA,1,"2022/10/20 17:35:00",BW04,0
D,DISPATCH,UNIT_SCADA,1,"2022/10/20 17:35:00",CALL_B_1,317.800020
D,DISPATCH,UNIT_SCADA,1,"2022/10/20 17:35:00",CALL_B_2,318.700010
D,DISPATCH,UNIT_SCADA,1,"2022/10/20 17:35:00",CATHROCK,12.30
D,DISPATCH,UNIT_SCADA,1,"2022/10/20 17:35:00",CBWWBA1G,0
D,DISPATCH,UNIT_SCADA,1,"2022/10/20 17:35:00",CBWWBA1L,0
D,DISPATCH,UNIT_SCADA,1,"2022/10/20 17:35:00",CETHANA,98.004880
D,DISPATCH,UNIT_SCADA,1,"2022/10/20 17:35:00",CG1,0
D,DISPATCH,UNIT_SCADA,1,"2022/10/20 17:35:00",CG2,0
D,DISPATCH,UNIT_SCADA,1,"2022/10/20 17:35:00",CG3,0
D,DISPATCH,UNIT_SCADA,1,"2022/10/20 17:35:00",CG4,0
D,DISPATCH,UNIT_SCADA,1,"2022/10/20 17:35:00",CHILDSF1,0
D,DISPATCH,UNIT_SCADA,1,"2022/10/20 17:35:00",CHYTWF1,7.19
D,DISPATCH,UNIT_SCADA,1,"2022/10/20 17:35:00",CLARESF1,6.499580
D,DISPATCH,UNIT_SCADA,1,"2022/10/20 17:35:00",CLEMGPWF,13.974790
D,DISPATCH,UNIT_SCADA,1,"2022/10/20 17:35:00",CLERMSF1,2.46
D,DISPATCH,UNIT_SCADA,1,"2022/10/20 17:35:00",CNUNDAWF,7.208410
D,DISPATCH,UNIT_SCADA,1,"2022/10/20 17:35:00",COHUNSF1,1.29
D,DISPATCH,UNIT_SCADA,1,"2022/10/20 17:35:00",COLEASF1,8.902490
D,DISPATCH,UNIT_SCADA,1,"2022/10/20 17:35:00",COLUMSF1,1.65
D,DISPATCH,UNIT_SCADA,1,"2022/10/20 17:35:00",COLWF01,117.088580
D,DISPATCH,UNIT_SCADA,1,"2022/10/20 17:35:00",COOPGWF1,346.78
D,DISPATCH,UNIT_SCADA,1,"2022/10/20 17:35:00",CPP_3,369.600010
D,DISPATCH,UNIT_SCADA,1,"2022/10/20 17:35:00",CPP_4,0
D,DISPATCH,UNIT_SCADA,1,"2022/10/20 17:35:00",CPSA,0
D,DISPATCH,UNIT_SCADA,1,"2022/10/20 17:35:00",CROOKWF2,73.633330
D,DISPATCH,UNIT_SCADA,1,"2022/10/20 17:35:00",CROWLWF1,31.324160
D,DISPATCH,UNIT_SCADA,1,"2022/10/20 17:35:00",CRURWF1,67.299390
D,DISPATCH,UNIT_SCADA,1,"2022/10/20 17:35:00",CRWASF1,5.9479
D,DISPATCH,UNIT_SCADA,1,"2022/10/20 17:35:00",CSPVPS1,0.3650
D,DISPATCH,UNIT_SCADA,1,"2022/10/20 17:35:00",CTHLWF1,0.003050
D,DISPATCH,UNIT_SCADA,1,"2022/10/20 17:35:00",DALNTH01,0
D,DISPATCH,UNIT_SCADA,1,"2022/10/20 17:35:00",DALNTHL1,0.016780
D,DISPATCH,UNIT_SCADA,1,"2022/10/20 17:35:00",DARLSF1,35.453610
D,DISPATCH,UNIT_SCADA,1,"2022/10/20 17:35:00",DARTM1,0
D,DISPATCH,UNIT_SCADA,1,"2022/10/20 17:35:00",DAYDSF1,0
D,DISPATCH,UNIT_SCADA,1,"2022/10/20 17:35:00",DDPS1,0
D,DISPATCH,UNIT_SCADA,1,"2022/10/20 17:35:00",DDSF1,3.388030
D,DISPATCH,UNIT_SCADA,1,"2022/10/20 17:35:00",DEVILS_G,59.550160
D,DISPATCH,UNIT_SCADA,1,"2022/10/20 17:35:00",DG_NSW1,0
D,DISPATCH,UNIT_SCADA,1,"2022/10/20 17:35:00",DG_QLD1,0
D,DISPATCH,UNIT_SCADA,1,"2022/10/20 17:35:00",DG_SA1,0
D,DISPATCH,UNIT_SCADA,1,"2022/10/20 17:35:00",DG_TAS1,0
D,DISPATCH,UNIT_SCADA,1,"2022/10/20 17:35:00",DG_VIC1,0
D,DISPATCH,UNIT_SCADA,1,"2022/10/20 17:35:00",DRYCGT1,0
D,DISPATCH,UNIT_SCADA,1,"2022/10/20 17:35:00",DRYCGT2,0
D,DISPATCH,UNIT_SCADA,1,"2022/10/20 17:35:00",DRYCGT3,0
D,DISPATCH,UNIT_SCADA,1,"2022/10/20 17:35:00",DUNDWF1,59.26
D,DISPATCH,UNIT_SCADA,1,"2022/10/20 17:35:00",DUNDWF2,13.48
D,DISPATCH,UNIT_SCADA,1,"2022/10/20 17:35:00",DUNDWF3,56.58
D,DISPATCH,UNIT_SCADA,1,"2022/10/20 17:35:00",EILDON1,59.76
D,DISPATCH,UNIT_SCADA,1,"2022/10/20 17:35:00",EILDON2,60.08
D,DISPATCH,UNIT_SCADA,1,"2022/10/20 17:35:00",ELAINWF1,17.13
D,DISPATCH,UNIT_SCADA,1,"2022/10/20 17:35:00",EMERASF1,0
D,DISPATCH,UNIT_SCADA,1,"2022/10/20 17:35:00",ER01,0
D,DISPATCH,UNIT_SCADA,1,"2022/10/20 17:35:00",ER02,587.667660
D,DISPATCH,UNIT_SCADA,1,"2022/10/20 17:35:00",ER03,638.205570
D,DISPATCH,UNIT_SCADA,1,"2022/10/20 17:35:00",ER04,689.085210
D,DISPATCH,UNIT_SCADA,1,"2022/10/20 17:35:00",FINLYSF1,54.447240
D,DISPATCH,UNIT_SCADA,1,"2022/10/20 17:35:00",FISHER,43.94
D,DISPATCH,UNIT_SCADA,1,"2022/10/20 17:35:00",GANGARR1,0
D,DISPATCH,UNIT_SCADA,1,"2022/10/20 17:35:00",GANNBG1,0
D,DISPATCH,UNIT_SCADA,1,"2022/10/20 17:35:00",GANNBL1,0.400060
D,DISPATCH,UNIT_SCADA,1,"2022/10/20 17:35:00",GANNSF1,8
D,DISPATCH,UNIT_SCADA,1,"2022/10/20 17:35:00",GLRWNSF1,11.38
D,DISPATCH,UNIT_SCADA,1,"2022/10/20 17:35:00",GNNDHSF1,5.048070
D,DISPATCH,UNIT_SCADA,1,"2022/10/20 17:35:00",GOONSF1,4.063780
D,DISPATCH,UNIT_SCADA,1,"2022/10/20 17:35:00",GORDON,268.967220
D,DISPATCH,UNIT_SCADA,1,"2022/10/20 17:35:00",GRANWF1,0
D,DISPATCH,UNIT_SCADA,1,"2022/10/20 17:35:00",GSTONE1,217.524990
D,DISPATCH,UNIT_SCADA,1,"2022/10/20 17:35:00",GSTONE2,0
D,DISPATCH,UNIT_SCADA,1,"2022/10/20 17:35:00",GSTONE3,199.849990
D,DISPATCH,UNIT_SCADA,1,"2022/10/20 17:35:00",GSTONE4,0
D,DISPATCH,UNIT_SCADA,1,"2022/10/20 17:35:00",GSTONE5,218.9250
D,DISPATCH,UNIT_SCADA,1,"2022/10/20 17:35:00",GSTONE6,218.399990
D,DISPATCH,UNIT_SCADA,1,"2022/10/20 17:35:00",GULLRSF1,0.394990
D,DISPATCH,UNIT_SCADA,1,"2022/10/20 17:35:00",GULLRWF1,102.873440
D,DISPATCH,UNIT_SCADA,1,"2022/10/20 17:35:00",GULLRWF2,96.892110
D,DISPATCH,UNIT_SCADA,1,"2022/10/20 17:35:00",GUNNING1,0
D,DISPATCH,UNIT_SCADA,1,"2022/10/20 17:35:00",GUTHEGA,68.100010
D,DISPATCH,UNIT_SCADA,1,"2022/10/20 17:35:00",HALLWF1,1.75
D,DISPATCH,UNIT_SCADA,1,"2022/10/20 17:35:00",HALLWF2,0
D,DISPATCH,UNIT_SCADA,1,"2022/10/20 17:35:00",HAMISF1,0
D,DISPATCH,UNIT_SCADA,1,"2022/10/20 17:35:00",HAUGHT11,0
D,DISPATCH,UNIT_SCADA,1,"2022/10/20 17:35:00",HAYMSF1,0
D,DISPATCH,UNIT_SCADA,1,"2022/10/20 17:35:00",HDWF1,20.40
D,DISPATCH,UNIT_SCADA,1,"2022/10/20 17:35:00",HDWF2,15.50
D,DISPATCH,UNIT_SCADA,1,"2022/10/20 17:35:00",HDWF3,21
D,DISPATCH,UNIT_SCADA,1,"2022/10/20 17:35:00",HILLSTN1,0
D,DISPATCH,UNIT_SCADA,1,"2022/10/20 17:35:00",HPRG1,6.60
D,DISPATCH,UNIT_SCADA,1,"2022/10/20 17:35:00",HPRL1,0
D,DISPATCH,UNIT_SCADA,1,"2022/10/20 17:35:00",HUMENSW,54.462920
D,DISPATCH,UNIT_SCADA,1,"2022/10/20 17:35:00",HUMEV,0
D,DISPATCH,UNIT_SCADA,1,"2022/10/20 17:35:00",HVWWBA1G,0
D,DISPATCH,UNIT_SCADA,1,"2022/10/20 17:35:00",HVWWBA1L,0.0070
D,DISPATCH,UNIT_SCADA,1,"2022/10/20 17:35:00",HVWWPV1,1.6030
D,DISPATCH,UNIT_SCADA,1,"2022/10/20 17:35:00",JBUTTERS,0
D,DISPATCH,UNIT_SCADA,1,"2022/10/20 17:35:00",JEMALNG1,3.03
D,DISPATCH,UNIT_SCADA,1,"2022/10/20 17:35:00",JLA01,0
D,DISPATCH,UNIT_SCADA,1,"2022/10/20 17:35:00",JLA02,0
D,DISPATCH,UNIT_SCADA,1,"2022/10/20 17:35:00",JLA03,0
D,DISPATCH,UNIT_SCADA,1,"2022/10/20 17:35:00",JLA04,0
D,DISPATCH,UNIT_SCADA,1,"2022/10/20 17:35:00",JLB01,0
D,DISPATCH,UNIT_SCADA,1,"2022/10/20 17:35:00",JLB02,0.10
D,DISPATCH,UNIT_SCADA,1,"2022/10/20 17:35:00",JLB03,0
D,DISPATCH,UNIT_SCADA,1,"2022/10/20 17:35:00",JUNEESF1,1.635580
D,DISPATCH,UNIT_SCADA,1,"2022/10/20 17:35:00",KABANWF1,2.4870
D,DISPATCH,UNIT_SCADA,1,"2022/10/20 17:35:00",KAREEYA1,17.9750
D,DISPATCH,UNIT_SCADA,1,"2022/10/20 17:35:00",KAREEYA2,0
D,DISPATCH,UNIT_SCADA,1,"2022/10/20 17:35:00",KAREEYA3,21.5550
D,DISPATCH,UNIT_SCADA,1,"2022/10/20 17:35:00",KAREEYA4,0
D,DISPATCH,UNIT_SCADA,1,"2022/10/20 17:35:00",KARSF1,8.40
D,DISPATCH,UNIT_SCADA,1,"2022/10/20 17:35:00",KEPSF1,0.95
D,DISPATCH,UNIT_SCADA,1,"2022/10/20 17:35:00",KEPWF1,16.99
D,DISPATCH,UNIT_SCADA,1,"2022/10/20 17:35:00",KIAMSF1,3.528650
D,DISPATCH,UNIT_SCADA,1,"2022/10/20 17:35:00",KIATAWF1,9.20
D,DISPATCH,UNIT_SCADA,1,"2022/10/20 17:35:00",KPP_1,0
D,DISPATCH,UNIT_SCADA,1,"2022/10/20 17:35:00",KSP1,0.02
D,DISPATCH,UNIT_SCADA,1,"2022/10/20 17:35:00",LADBROK1,0.02
D,DISPATCH,UNIT_SCADA,1,"2022/10/20 17:35:00",LADBROK2,0.01
D,DISPATCH,UNIT_SCADA,1,"2022/10/20 17:35:00",LBBG1,0
D,DISPATCH,UNIT_SCADA,1,"2022/10/20 17:35:00",LBBL1,0.15
D,DISPATCH,UNIT_SCADA,1,"2022/10/20 17:35:00",LD01,376.2749
D,DISPATCH,UNIT_SCADA,1,"2022/10/20 17:35:00",LD02,30.268260
D,DISPATCH,UNIT_SCADA,1,"2022/10/20 17:35:00",LD04,316.965240
D,DISPATCH,UNIT_SCADA,1,"2022/10/20 17:35:00",LEM_WIL,86.649510
D,DISPATCH,UNIT_SCADA,1,"2022/10/20 17:35:00",LGAPWF1,73.99
D,DISPATCH,UNIT_SCADA,1,"2022/10/20 17:35:00",LGAPWF2,59.13
D,DISPATCH,UNIT_SCADA,1,"2022/10/20 17:35:00",LILYSF1,2.244610
D,DISPATCH,UNIT_SCADA,1,"2022/10/20 17:35:00",LIMOSF11,21.6173
D,DISPATCH,UNIT_SCADA,1,"2022/10/20 17:35:00",LIMOSF21,2.500190
D,DISPATCH,UNIT_SCADA,1,"2022/10/20 17:35:00",LI_WY_CA,62.250840
D,DISPATCH,UNIT_SCADA,1,"2022/10/20 17:35:00",LKBONNY1,6.876830
D,DISPATCH,UNIT_SCADA,1,"2022/10/20 17:35:00",LKBONNY2,17.906720
D,DISPATCH,UNIT_SCADA,1,"2022/10/20 17:35:00",LKBONNY3,2.735280
D,DISPATCH,UNIT_SCADA,1,"2022/10/20 17:35:00",LK_ECHO,0
D,DISPATCH,UNIT_SCADA,1,"2022/10/20 17:35:00",LNGS1,0
D,DISPATCH,UNIT_SCADA,1,"2022/10/20 17:35:00",LNGS2,0
D,DISPATCH,UNIT_SCADA,1,"2022/10/20 17:35:00",LONSDALE,0
D,DISPATCH,UNIT_SCADA,1,"2022/10/20 17:35:00",LOYYB1,580.074710
D,DISPATCH,UNIT_SCADA,1,"2022/10/20 17:35:00",LOYYB2,573.683530
D,DISPATCH,UNIT_SCADA,1,"2022/10/20 17:35:00",LYA1,556
D,DISPATCH,UNIT_SCADA,1,"2022/10/20 17:35:00",LYA2,0
D,DISPATCH,UNIT_SCADA,1,"2022/10/20 17:35:00",LYA3,555
D,DISPATCH,UNIT_SCADA,1,"2022/10/20 17:35:00",LYA4,555
D,DISPATCH,UNIT_SCADA,1,"2022/10/20 17:35:00",MACARTH1,53.798760
D,DISPATCH,UNIT_SCADA,1,"2022/10/20 17:35:00",MACKNTSH,24.04
D,DISPATCH,UNIT_SCADA,1,"2022/10/20 17:35:00",MANSLR1,1.6150
D,DISPATCH,UNIT_SCADA,1,"2022/10/20 17:35:00",MAPS2PV1,0
D,DISPATCH,UNIT_SCADA,1,"2022/10/20 17:35:00",MAPS3PV1,0
D,DISPATCH,UNIT_SCADA,1,"2022/10/20 17:35:00",MARYRSF1,0.72
D,DISPATCH,UNIT_SCADA,1,"2022/10/20 17:35:00",MBPS2PV1,0
D,DISPATCH,UNIT_SCADA,1,"2022/10/20 17:35:00",MCKAY1,218.329990
D,DISPATCH,UNIT_SCADA,1,"2022/10/20 17:35:00",MEADOWBK,6.030380
D,DISPATCH,UNIT_SCADA,1,"2022/10/20 17:35:00",MERCER01,29.80
D,DISPATCH,UNIT_SCADA,1,"2022/10/20 17:35:00",METZSF1,4.361520
D,DISPATCH,UNIT_SCADA,1,"2022/10/20 17:35:00",MEWF1,0
D,DISPATCH,UNIT_SCADA,1,"2022/10/20 17:35:00",MIDDLSF1,0.48
D,DISPATCH,UNIT_SCADA,1,"2022/10/20 17:35:00",MINTARO,0.128180
D,DISPATCH,UNIT_SCADA,1,"2022/10/20 17:35:00",MOLNGSF1,1.698020
D,DISPATCH,UNIT_SCADA,1,"2022/10/20 17:35:00",MOORAWF1,29.09
D,DISPATCH,UNIT_SCADA,1,"2022/10/20 17:35:00",MOREESF1,0.1940
D,DISPATCH,UNIT_SCADA,1,"2022/10/20 17:35:00",MORTLK11,0
D,DISPATCH,UNIT_SCADA,1,"2022/10/20 17:35:00",MORTLK12,0
D,DISPATCH,UNIT_SCADA,1,"2022/10/20 17:35:00",MOUSF1,0
D,DISPATCH,UNIT_SCADA,1,"2022/10/20 17:35:00",MP1,0
D,DISPATCH,UNIT_SCADA,1,"2022/10/20 17:35:00",MP2,653.073910
D,DISPATCH,UNIT_SCADA,1,"2022/10/20 17:35:00",MPP_1,169.424010
D,DISPATCH,UNIT_SCADA,1,"2022/10/20 17:35:00",MPP_2,179.846120
D,DISPATCH,UNIT_SCADA,1,"2022/10/20 17:35:00",MRTLSWF1,0
D,DISPATCH,UNIT_SCADA,1,"2022/10/20 17:35:00",MSTUART1,0
D,DISPATCH,UNIT_SCADA,1,"2022/10/20 17:35:00",MSTUART2,0
D,DISPATCH,UNIT_SCADA,1,"2022/10/20 17:35:00",MSTUART3,0
D,DISPATCH,UNIT_SCADA,1,"2022/10/20 17:35:00",MTGELWF1,62.034970
D,DISPATCH,UNIT_SCADA,1,"2022/10/20 17:35:00",MTMILLAR,15.30
D,DISPATCH,UNIT_SCADA,1,"2022/10/20 17:35:00",MURRAY,347.899990
D,DISPATCH,UNIT_SCADA,1,"2022/10/20 17:35:00",MUSSELR1,3.40
D,DISPATCH,UNIT_SCADA,1,"2022/10/20 17:35:00",MUWAWF1,9.72
D,DISPATCH,UNIT_SCADA,1,"2022/10/20 17:35:00",MUWAWF2,9
D,DISPATCH,UNIT_SCADA,1,"2022/10/20 17:35:00",MWPS1PV1,0.27
D,DISPATCH,UNIT_SCADA,1,"2022/10/20 17:35:00",MWPS2PV1,0.43
D,DISPATCH,UNIT_SCADA,1,"2022/10/20 17:35:00",MWPS3PV1,0.61
D,DISPATCH,UNIT_SCADA,1,"2022/10/20 17:35:00",MWPS4PV1,3.42
D,DISPATCH,UNIT_SCADA,1,"2022/10/20 17:35:00",NBHWF1,11.60
D,DISPATCH,UNIT_SCADA,1,"2022/10/20 17:35:00",NEVERSF1,3.19
D,DISPATCH,UNIT_SCADA,1,"2022/10/20 17:35:00",NPS,0
D,DISPATCH,UNIT_SCADA,1,"2022/10/20 17:35:00",NUMURSF1,13.69
D,DISPATCH,UNIT_SCADA,1,"2022/10/20 17:35:00",NYNGAN1,9.25
D,DISPATCH,UNIT_SCADA,1,"2022/10/20 17:35:00",OAKEY1,125.786270
D,DISPATCH,UNIT_SCADA,1,"2022/10/20 17:35:00",OAKEY1SF,0.69
D,DISPATCH,UNIT_SCADA,1,"2022/10/20 17:35:00",OAKEY2,0
D,DISPATCH,UNIT_SCADA,1,"2022/10/20 17:35:00",OAKEY2SF,1.48
D,DISPATCH,UNIT_SCADA,1,"2022/10/20 17:35:00",OAKLAND1,18.70
D,DISPATCH,UNIT_SCADA,1,"2022/10/20 17:35:00",OSB-AG,147.929990
D,DISPATCH,UNIT_SCADA,1,"2022/10/20 17:35:00",PAREPS1,0
D,DISPATCH,UNIT_SCADA,1,"2022/10/20 17:35:00",PAREPW1,170.759990
D,DISPATCH,UNIT_SCADA,1,"2022/10/20 17:35:00",PARSF1,3.099110
D,DISPATCH,UNIT_SCADA,1,"2022/10/20 17:35:00",POAT110,3.21
D,DISPATCH,UNIT_SCADA,1,"2022/10/20 17:35:00",POAT220,0
D,DISPATCH,UNIT_SCADA,1,"2022/10/20 17:35:00",POR01,0.008670
D,DISPATCH,UNIT_SCADA,1,"2022/10/20 17:35:00",POR03,0
D,DISPATCH,UNIT_SCADA,1,"2022/10/20 17:35:00",PPCCGT,160.130050
D,DISPATCH,UNIT_SCADA,1,"2022/10/20 17:35:00",PTSTAN1,0
D,DISPATCH,UNIT_SCADA,1,"2022/10/20 17:35:00",PUMP1,0
D,DISPATCH,UNIT_SCADA,1,"2022/10/20 17:35:00",PUMP2,0
D,DISPATCH,UNIT_SCADA,1,"2022/10/20 17:35:00",QBYNBG1,0
D,DISPATCH,UNIT_SCADA,1,"2022/10/20 17:35:00",QBYNBL1,0.0035
D,DISPATCH,UNIT_SCADA,1,"2022/10/20 17:35:00",QPS1,0
D,DISPATCH,UNIT_SCADA,1,"2022/10/20 17:35:00",QPS2,0
D,DISPATCH,UNIT_SCADA,1,"2022/10/20 17:35:00",QPS3,0
D,DISPATCH,UNIT_SCADA,1,"2022/10/20 17:35:00",QPS4,0
D,DISPATCH,UNIT_SCADA,1,"2022/10/20 17:35:00",QPS5,73.23
D,DISPATCH,UNIT_SCADA,1,"2022/10/20 17:35:00",REECE1,65.850030
D,DISPATCH,UNIT_SCADA,1,"2022/10/20 17:35:00",REECE2,32.61
D,DISPATCH,UNIT_SCADA,1,"2022/10/20 17:35:00",ROMA_7,0
D,DISPATCH,UNIT_SCADA,1,"2022/10/20 17:35:00",ROMA_8,0
D,DISPATCH,UNIT_SCADA,1,"2022/10/20 17:35:00",RRSF1,0
D,DISPATCH,UNIT_SCADA,1,"2022/10/20 17:35:00",RT_NSW1,0
D,DISPATCH,UNIT_SCADA,1,"2022/10/20 17:35:00",RT_NSW2,0
D,DISPATCH,UNIT_SCADA,1,"2022/10/20 17:35:00",RT_NSW3,0
D,DISPATCH,UNIT_SCADA,1,"2022/10/20 17:35:00",RT_NSW4,0
D,DISPATCH,UNIT_SCADA,1,"2022/10/20 17:35:00",RT_NSW5,0
D,DISPATCH,UNIT_SCADA,1,"2022/10/20 17:35:00",RT_NSW6,0
D,DISPATCH,UNIT_SCADA,1,"2022/10/20 17:35:00",RT_QLD1,0
D,DISPATCH,UNIT_SCADA,1,"2022/10/20 17:35:00",RT_SA1,0
D,DISPATCH,UNIT_SCADA,1,"2022/10/20 17:35:00",RT_SA2,0
D,DISPATCH,UNIT_SCADA,1,"2022/10/20 17:35:00",RT_SA3,0
D,DISPATCH,UNIT_SCADA,1,"2022/10/20 17:35:00",RT_SA4,0
D,DISPATCH,UNIT_SCADA,1,"2022/10/20 17:35:00",RT_SA5,0
D,DISPATCH,UNIT_SCADA,1,"2022/10/20 17:35:00",RT_SA6,0
D,DISPATCH,UNIT_SCADA,1,"2022/10/20 17:35:00",RT_TAS1,0
D,DISPATCH,UNIT_SCADA,1,"2022/10/20 17:35:00",RT_VIC1,0
D,DISPATCH,UNIT_SCADA,1,"2022/10/20 17:35:00",RT_VIC10,0
D,DISPATCH,UNIT_SCADA,1,"2022/10/20 17:35:00",RT_VIC11,0
D,DISPATCH,UNIT_SCADA,1,"2022/10/20 17:35:00",RT_VIC12,0
D,DISPATCH,UNIT_SCADA,1,"2022/10/20 17:35:00",RT_VIC2,0
D,DISPATCH,UNIT_SCADA,1,"2022/10/20 17:35:00",RT_VIC3,0
D,DISPATCH,UNIT_SCADA,1,"2022/10/20 17:35:00",RT_VIC4,0
D,DISPATCH,UNIT_SCADA,1,"2022/10/20 17:35:00",RT_VIC5,0
D,DISPATCH,UNIT_SCADA,1,"2022/10/20 17:35:00",RT_VIC6,0
D,DISPATCH,UNIT_SCADA,1,"2022/10/20 17:35:00",RT_VIC7,0
D,DISPATCH,UNIT_SCADA,1,"2022/10/20 17:35:00",RT_VIC8,0
D,DISPATCH,UNIT_SCADA,1,"2022/10/20 17:35:00",RT_VIC9,0
D,DISPATCH,UNIT_SCADA,1,"2022/10/20 17:35:00",RUGBYR1,8.509440
D,DISPATCH,UNIT_SCADA,1,"2022/10/20 17:35:00",SALTCRK1,17.48
D,DISPATCH,UNIT_SCADA,1,"2022/10/20 17:35:00",SAPHWF1,134.973680
D,DISPATCH,UNIT_SCADA,1,"2022/10/20 17:35:00",SEBSF1,1.745570
D,DISPATCH,UNIT_SCADA,1,"2022/10/20 17:35:00",SHGEN,78.805780
D,DISPATCH,UNIT_SCADA,1,"2022/10/20 17:35:00",SHPUMP,0
D,DISPATCH,UNIT_SCADA,1,"2022/10/20 17:35:00",SITHE01,0.123710
D,DISPATCH,UNIT_SCADA,1,"2022/10/20 17:35:00",SMCSF1,2.2810
D,DISPATCH,UNIT_SCADA,1,"2022/10/20 17:35:00",SNAPPER1,0
D,DISPATCH,UNIT_SCADA,1,"2022/10/20 17:35:00",SNOWNTH1,20.70
D,DISPATCH,UNIT_SCADA,1,"2022/10/20 17:35:00",SNOWSTH1,14.40
D,DISPATCH,UNIT_SCADA,1,"2022/10/20 17:35:00",SNOWTWN1,10.4211
D,DISPATCH,UNIT_SCADA,1,"2022/10/20 17:35:00",SNOWYP,0
D,DISPATCH,UNIT_SCADA,1,"2022/10/20 17:35:00",SNUG1,0
D,DISPATCH,UNIT_SCADA,1,"2022/10/20 17:35:00",SRSF1,0
D,DISPATCH,UNIT_SCADA,1,"2022/10/20 17:35:00",STAN-1,278.0950
D,DISPATCH,UNIT_SCADA,1,"2022/10/20 17:35:00",STAN-2,363.487180
D,DISPATCH,UNIT_SCADA,1,"2022/10/20 17:35:00",STAN-3,357.770450
D,DISPATCH,UNIT_SCADA,1,"2022/10/20 17:35:00",STAN-4,364.204960
D,DISPATCH,UNIT_SCADA,1,"2022/10/20 17:35:00",STARHLWF,20.693970
D,DISPATCH,UNIT_SCADA,1,"2022/10/20 17:35:00",STOCKYD1,211.22
D,DISPATCH,UNIT_SCADA,1,"2022/10/20 17:35:00",STWF1,10.080110
D,DISPATCH,UNIT_SCADA,1,"2022/10/20 17:35:00",SUNRSF1,13.948270
D,DISPATCH,UNIT_SCADA,1,"2022/10/20 17:35:00",SUNTPSF1,13.308920
D,DISPATCH,UNIT_SCADA,1,"2022/10/20 17:35:00",SWAN_E,350.319980
D,DISPATCH,UNIT_SCADA,1,"2022/10/20 17:35:00",TALWA1,0
D,DISPATCH,UNIT_SCADA,1,"2022/10/20 17:35:00",TARALGA1,0
D,DISPATCH,UNIT_SCADA,1,"2022/10/20 17:35:00",TARONG#1,349.100010
D,DISPATCH,UNIT_SCADA,1,"2022/10/20 17:35:00",TARONG#2,349.100010
D,DISPATCH,UNIT_SCADA,1,"2022/10/20 17:35:00",TARONG#3,0.90
D,DISPATCH,UNIT_SCADA,1,"2022/10/20 17:35:00",TARONG#4,245.20
D,DISPATCH,UNIT_SCADA,1,"2022/10/20 17:35:00",TARRALEA,54
D,DISPATCH,UNIT_SCADA,1,"2022/10/20 17:35:00",TBSF1,9.60
D,DISPATCH,UNIT_SCADA,1,"2022/10/20 17:35:00",TNPS1,419.3125
D,DISPATCH,UNIT_SCADA,1,"2022/10/20 17:35:00",TORRB1,0
D,DISPATCH,UNIT_SCADA,1,"2022/10/20 17:35:00",TORRB2,59
D,DISPATCH,UNIT_SCADA,1,"2022/10/20 17:35:00",TORRB3,0
D,DISPATCH,UNIT_SCADA,1,"2022/10/20 17:35:00",TORRB4,0
D,DISPATCH,UNIT_SCADA,1,"2022/10/20 17:35:00",TREVALLN,99.370110
D,DISPATCH,UNIT_SCADA,1,"2022/10/20 17:35:00",TRIBUTE,0
D,DISPATCH,UNIT_SCADA,1,"2022/10/20 17:35:00",TUMUT3,293.320010
D,DISPATCH,UNIT_SCADA,1,"2022/10/20 17:35:00",TUNGATIN,3.000020
D,DISPATCH,UNIT_SCADA,1,"2022/10/20 17:35:00",TVCC201,0
D,DISPATCH,UNIT_SCADA,1,"2022/10/20 17:35:00",TVPP104,57.767950
D,DISPATCH,UNIT_SCADA,1,"2022/10/20 17:35:00",UPPTUMUT,118.493230
D,DISPATCH,UNIT_SCADA,1,"2022/10/20 17:35:00",URANQ11,0
D,DISPATCH,UNIT_SCADA,1,"2022/10/20 17:35:00",URANQ12,0
D,DISPATCH,UNIT_SCADA,1,"2022/10/20 17:35:00",URANQ13,0
D,DISPATCH,UNIT_SCADA,1,"2022/10/20 17:35:00",URANQ14,154.155790
D,DISPATCH,UNIT_SCADA,1,"2022/10/20 17:35:00",VBBG1,0
D,DISPATCH,UNIT_SCADA,1,"2022/10/20 17:35:00",VBBL1,3.20
D,DISPATCH,UNIT_SCADA,1,"2022/10/20 17:35:00",VP5,587.713260
D,DISPATCH,UNIT_SCADA,1,"2022/10/20 17:35:00",VP6,600.726320
D,DISPATCH,UNIT_SCADA,1,"2022/10/20 17:35:00",VPGS1,0
D,DISPATCH,UNIT_SCADA,1,"2022/10/20 17:35:00",VPGS2,0
D,DISPATCH,UNIT_SCADA,1,"2022/10/20 17:35:00",VPGS3,0
D,DISPATCH,UNIT_SCADA,1,"2022/10/20 17:35:00",VPGS4,0
D,DISPATCH,UNIT_SCADA,1,"2022/10/20 17:35:00",VPGS5,0
D,DISPATCH,UNIT_SCADA,1,"2022/10/20 17:35:00",VPGS6,0
D,DISPATCH,UNIT_SCADA,1,"2022/10/20 17:35:00",W/HOE#1,160.05
D,DISPATCH,UNIT_SCADA,1,"2022/10/20 17:35:00",W/HOE#2,0
D,DISPATCH,UNIT_SCADA,1,"2022/10/20 17:35:00",WAGGNSF1,0
D,DISPATCH,UNIT_SCADA,1,"2022/10/20 17:35:00",WALGRVG1,0.021410
D,DISPATCH,UNIT_SCADA,1,"2022/10/20 17:35:00",WALGRVL1,0
D,DISPATCH,UNIT_SCADA,1,"2022/10/20 17:35:00",WANDBG1,0
D,DISPATCH,UNIT_SCADA,1,"2022/10/20 17:35:00",WANDBL1,0.515910
D,DISPATCH,UNIT_SCADA,1,"2022/10/20 17:35:00",WARWSF1,1.30
D,DISPATCH,UNIT_SCADA,1,"2022/10/20 17:35:00",WARWSF2,1.37
D,DISPATCH,UNIT_SCADA,1,"2022/10/20 17:35:00",WATERLWF,0
D,DISPATCH,UNIT_SCADA,1,"2022/10/20 17:35:00",WDGPH1,0
D,DISPATCH,UNIT_SCADA,1,"2022/10/20 17:35:00",WELLSF1,9.695580
D,DISPATCH,UNIT_SCADA,1,"2022/10/20 17:35:00",WEMENSF1,8.20
D,DISPATCH,UNIT_SCADA,1,"2022/10/20 17:35:00",WGWF1,8.20
D,DISPATCH,UNIT_SCADA,1,"2022/10/20 17:35:00",WHITSF1,0
D,DISPATCH,UNIT_SCADA,1,"2022/10/20 17:35:00",WINTSF1,8.72
D,DISPATCH,UNIT_SCADA,1,"2022/10/20 17:35:00",WKIEWA1,33.90
D,DISPATCH,UNIT_SCADA,1,"2022/10/20 17:35:00",WKIEWA2,34
D,DISPATCH,UNIT_SCADA,1,"2022/10/20 17:35:00",WOODLWN1,32.058590
D,DISPATCH,UNIT_SCADA,1,"2022/10/20 17:35:00",WOOLGSF1,0
D,DISPATCH,UNIT_SCADA,1,"2022/10/20 17:35:00",WPWF,38.08
D,DISPATCH,UNIT_SCADA,1,"2022/10/20 17:35:00",WRSF1,0.870390
D,DISPATCH,UNIT_SCADA,1,"2022/10/20 17:35:00",WRWF1,89.960480
D,DISPATCH,UNIT_SCADA,1,"2022/10/20 17:35:00",WSTWYSF1,0.285650
D,DISPATCH,UNIT_SCADA,1,"2022/10/20 17:35:00",YABULU,151.560010
D,DISPATCH,UNIT_SCADA,1,"2022/10/20 17:35:00",YABULU2,0
D,DISPATCH,UNIT_SCADA,1,"2022/10/20 17:35:00",YARANSF1,2.53
D,DISPATCH,UNIT_SCADA,1,"2022/10/20 17:35:00",YARWUN_1,160.41
D,DISPATCH,UNIT_SCADA,1,"2022/10/20 17:35:00",YATSF1,6.08
D,DISPATCH,UNIT_SCADA,1,"2022/10/20 17:35:00",YENDWF1,22.76
D,DISPATCH,UNIT_SCADA,1,"2022/10/20 17:35:00",YWPS1,352.129120
D,DISPATCH,UNIT_SCADA,1,"2022/10/20 17:35:00",YWPS2,286.212650
D,DISPATCH,UNIT_SCADA,1,"2022/10/20 17:35:00",YWPS3,358.824040
D,DISPATCH,UNIT_SCADA,1,"2022/10/20 17:35:00",YWPS4,0
C,"END OF REPORT",419
