C,NEMP.WORLD,DISPATCHSCADA,AEMO,PUBLIC,2022/10/20,23:00:10,0000000373286348,DISPATCHSCADA,0000000373286342
I,DISPATCH,UNIT_SCADA,1,SETTLEMENTDATE,DUID,SCADAVALUE
D,DISPATCH,UNIT_SCADA,1,"2022/10/20 23:05:00",BARCSF1,0
D,DISPATCH,UNIT_SCADA,1,"2022/10/20 23:05:00",BUTLERSG,8.699999
D,DISPATCH,UNIT_SCADA,1,"2022/10/20 23:05:00",CAPTL_WF,86.634140
D,DISPATCH,UNIT_SCADA,1,"2022/10/20 23:05:00",CHALLHWF,3.80
D,DISPATCH,UNIT_SCADA,1,"2022/10/20 23:05:00",CLOVER,13.38
D,DISPATCH,UNIT_SCADA,1,"2022/10/20 23:05:00",CLUNY,5.577020
D,DISPATCH,UNIT_SCADA,1,"2022/10/20 23:05:00",CULLRGWF,-0.05
D,DISPATCH,UNIT_SCADA,1,"2022/10/20 23:05:00",DIAPURWF1,3.10
D,DISPATCH,UNIT_SCADA,1,"2022/10/20 23:05:00",ERGT01,0
D,DISPATCH,UNIT_SCADA,1,"2022/10/20 23:05:00",GB01,0
D,DISPATCH,UNIT_SCADA,1,"2022/10/20 23:05:00",GERMCRK,18.799999
D,DISPATCH,UNIT_SCADA,1,"2022/10/20 23:05:00",GRIFSF1,0.001526
D,DISPATCH,UNIT_SCADA,1,"2022/10/20 23:05:00",HEZ1,0
D,DISPATCH,UNIT_SCADA,1,"2022/10/20 23:05:00",HUGSF1,-0.12
D,DISPATCH,UNIT_SCADA,1,"2022/10/20 23:05:00",KEPBG1,0
D,DISPATCH,UNIT_SCADA,1,"2022/10/20 23:05:00",LRSF1,-0.0310
D,DISPATCH,UNIT_SCADA,1,"2022/10/20 23:05:00",MBAHNTH,46.706253
D,DISPATCH,UNIT_SCADA,1,"2022/10/20 23:05:00",MLSP1,0
D,DISPATCH,UNIT_SCADA,1,"2022/10/20 23:05:00",MLWF1,0.7650
D,DISPATCH,UNIT_SCADA,1,"2022/10/20 23:05:00",PALOONA,30.299999
D,DISPATCH,UNIT_SCADA,1,"2022/10/20 23:05:00",PIONEER,21.50
D,DISPATCH,UNIT_SCADA,1,"2022/10/20 23:05:00",PORTWF,39.700001
D,DISPATCH,UNIT_SCADA,1,"2022/10/20 23:05:00",REPULSE,9.346457
D,DISPATCH,UNIT_SCADA,1,"2022/10/20 23:05:00",ROWALLAN,8.846601
D,DISPATCH,UNIT_SCADA,1,"2022/10/20 23:05:00",ROYALLA1,0
D,DISPATCH,UNIT_SCADA,1,"2022/10/20 23:05:00",RPCG,-0.50
D,DISPATCH,UNIT_SCADA,1,"2022/10/20 23:05:00",RUBICON,0
D,DISPATCH,UNIT_SCADA,1,"2022/10/20 23:05:00",WAUBRAWF,24.5110
D,DISPATCH,UNIT_SCADA,1,"2022/10/20 23:05:00",WOOLNTH1,82.50
D,DISPATCH,UNIT_SCADA,1,"2022/10/20 23:05:00",YAMBUKWF,3.50
D,DISPATCH,UNIT_SCADA,1,"2022/10/20 23:05:00",YSWF1,0
D,DISPATCH,UNIT_SCADA,1,"2022/10/20 23:05:00",ADPBA1G,0.0080
D,DISPATCH,UNIT_SCADA,1,"2022/10/20 23:05:00",ADPBA1L,0
D,DISPATCH,UNIT_SCADA,1,"2022/10/20 23:05:00",ADPPV1,0
D,DISPATCH,UNIT_SCADA,1,"2022/10/20 23:05:00",AGLHAL,0
D,DISPATCH,UNIT_SCADA,1,"2022/10/20 23:05:00",AGLSOM,0
D,DISPATCH,UNIT_SCADA,1,"2022/10/20 23:05:00",ANGAST1,0
D,DISPATCH,UNIT_SCADA,1,"2022/10/20 23:05:00",ARWF1,22.90
D,DISPATCH,UNIT_SCADA,1,"2022/10/20 23:05:00",BALBG1,0
D,DISPATCH,UNIT_SCADA,1,"2022/10/20 23:05:00",BALBL1,0
D,DISPATCH,UNIT_SCADA,1,"2022/10/20 23:05:00",BALDHWF1,104.5080
D,DISPATCH,UNIT_SCADA,1,"2022/10/20 23:05:00",BANGOWF1,52.195620
D,DISPATCH,UNIT_SCADA,1,"2022/10/20 23:05:00",BANGOWF2,61.6978
D,DISPATCH,UNIT_SCADA,1,"2022/10/20 23:05:00",BANN1,0
D,DISPATCH,UNIT_SCADA,1,"2022/10/20 23:05:00",BARCALDN,0
D,DISPATCH,UNIT_SCADA,1,"2022/10/20 23:05:00",BARKIPS1,0.03
D,DISPATCH,UNIT_SCADA,1,"2022/10/20 23:05:00",BARRON-1,0
D,DISPATCH,UNIT_SCADA,1,"2022/10/20 23:05:00",BARRON-2,0
D,DISPATCH,UNIT_SCADA,1,"2022/10/20 23:05:00",BASTYAN,0
D,DISPATCH,UNIT_SCADA,1,"2022/10/20 23:05:00",BBTHREE1,0
D,DISPATCH,UNIT_SCADA,1,"2022/10/20 23:05:00",BBTHREE2,0
D,DISPATCH,UNIT_SCADA,1,"2022/10/20 23:05:00",BBTHREE3,0
D,DISPATCH,UNIT_SCADA,1,"2022/10/20 23:05:00",BDL01,0
D,DISPATCH,UNIT_SCADA,1,"2022/10/20 23:05:00",BDL02,0
D,DISPATCH,UNIT_SCADA,1,"2022/10/20 23:05:00",BERYLSF1,0
D,DISPATCH,UNIT_SCADA,1,"2022/10/20 23:05:00",BLOWERNG,62.60
D,DISPATCH,UNIT_SCADA,1,"2022/10/20 23:05:00",BLUEGSF1,0
D,DISPATCH,UNIT_SCADA,1,"2022/10/20 23:05:00",BLUFF1,0.30
D,DISPATCH,UNIT_SCADA,1,"2022/10/20 23:05:00",BNGSF1,0
D,DISPATCH,UNIT_SCADA,1,"2022/10/20 23:05:00",BNGSF2,0
D,DISPATCH,UNIT_SCADA,1,"2022/10/20 23:05:00",BOCORWF1,0.79
D,DISPATCH,UNIT_SCADA,1,"2022/10/20 23:05:00",BODWF1,110.363590
D,DISPATCH,UNIT_SCADA,1,"2022/10/20 23:05:00",BOMENSF1,0
D,DISPATCH,UNIT_SCADA,1,"2022/10/20 23:05:00",BOWWBA1G,0
D,DISPATCH,UNIT_SCADA,1,"2022/10/20 23:05:00",BOWWBA1L,0.0010
D,DISPATCH,UNIT_SCADA,1,"2022/10/20 23:05:00",BOWWPV1,0
D,DISPATCH,UNIT_SCADA,1,"2022/10/20 23:05:00",BRAEMAR1,0
D,DISPATCH,UNIT_SCADA,1,"2022/10/20 23:05:00",BRAEMAR2,0
D,DISPATCH,UNIT_SCADA,1,"2022/10/20 23:05:00",BRAEMAR3,0
D,DISPATCH,UNIT_SCADA,1,"2022/10/20 23:05:00",BRAEMAR5,0.201420
D,DISPATCH,UNIT_SCADA,1,"2022/10/20 23:05:00",BRAEMAR6,0
D,DISPATCH,UNIT_SCADA,1,"2022/10/20 23:05:00",BRAEMAR7,0.060430
D,DISPATCH,UNIT_SCADA,1,"2022/10/20 23:05:00",BROKENH1,0
D,DISPATCH,UNIT_SCADA,1,"2022/10/20 23:05:00",BRYB1WF1,75.1812
D,DISPATCH,UNIT_SCADA,1,"2022/10/20 23:05:00",BULBESG1,0
D,DISPATCH,UNIT_SCADA,1,"2022/10/20 23:05:00",BULBESL1,0.03
D,DISPATCH,UNIT_SCADA,1,"2022/10/20 23:05:00",BULGANA1,18.29
D,DISPATCH,UNIT_SCADA,1,"2022/10/20 23:05:00",BW01,659.885560
D,DISPATCH,UNIT_SCADA,1,"2022/10/20 23:05:00",BW02,637.839290
D,DISPATCH,UNIT_SCADA,1,"2022/10/20 23:05:00",BW03,525.0202
D,DISPATCH,UNIT_SCADA,1,"2022/10/20 23:05:00",BW04,0
D,DISPATCH,UNIT_SCADA,1,"2022/10/20 23:05:00",CALL_B_1,319.399990
D,DISPATCH,UNIT_SCADA,1,"2022/10/20 23:05:00",CALL_B_2,321.800020
D,DISPATCH,UNIT_SCADA,1,"2022/10/20 23:05:00",CATHROCK,3.50
D,DISPATCH,UNIT_SCADA,1,"2022/10/20 23:05:00",CBWWBA1G,0
D,DISPATCH,UNIT_SCADA,1,"2022/10/20 23:05:00",CBWWBA1L,0
D,DISPATCH,UNIT_SCADA,1,"2022/10/20 23:05:00",CETHANA,88.664380
D,DISPATCH,UNIT_SCADA,1,"2022/10/20 23:05:00",CG1,0
D,DISPATCH,UNIT_SCADA,1,"2022/10/20 23:05:00",CG2,0
D,DISPATCH,UNIT_SCADA,1,"2022/10/20 23:05:00",CG3,0
D,DISPATCH,UNIT_SCADA,1,"2022/10/20 23:05:00",CG4,0
D,DISPATCH,UNIT_SCADA,1,"2022/10/20 23:05:00",CHILDSF1,0
D,DISPATCH,UNIT_SCADA,1,"2022/10/20 23:05:00",CHYTWF1,2.16
D,DISPATCH,UNIT_SCADA,1,"2022/10/20 23:05:00",CLARESF1,0
D,DISPATCH,UNIT_SCADA,1,"2022/10/20 23:05:00",CLEMGPWF,0
D,DISPATCH,UNIT_SCADA,1,"2022/10/20 23:05:00",CLERMSF1,0
D,DISPATCH,UNIT_SCADA,1,"2022/10/20 23:05:00",CNUNDAWF,13.916230
D,DISPATCH,UNIT_SCADA,1,"2022/10/20 23:05:00",COHUNSF1,0
D,DISPATCH,UNIT_SCADA,1,"2022/10/20 23:05:00",COLEASF1,0
D,DISPATCH,UNIT_SCADA,1,"2022/10/20 23:05:00",COLUMSF1,0
D,DISPATCH,UNIT_SCADA,1,"2022/10/20 23:05:00",COLWF01,127.341120
D,DISPATCH,UNIT_SCADA,1,"2022/10/20 23:05:00",COOPGWF1,323.980010
D,DISPATCH,UNIT_SCADA,1,"2022/10/20 23:05:00",CPP_3,389.950010
D,DISPATCH,UNIT_SCADA,1,"2022/10/20 23:05:00",CPP_4,0
D,DISPATCH,UNIT_SCADA,1,"2022/10/20 23:05:00",CPSA,0
D,DISPATCH,UNIT_SCADA,1,"2022/10/20 23:05:00",CROOKWF2,36.164490
D,DISPATCH,UNIT_SCADA,1,"2022/10/20 23:05:00",CROWLWF1,25.922560
D,DISPATCH,UNIT_SCADA,1,"2022/10/20 23:05:00",CRURWF1,75.198210
D,DISPATCH,UNIT_SCADA,1,"2022/10/20 23:05:00",CRWASF1,0
D,DISPATCH,UNIT_SCADA,1,"2022/10/20 23:05:00",CSPVPS1,0
D,DISPATCH,UNIT_SCADA,1,"2022/10/20 23:05:00",CTHLWF1,0.003050
D,DISPATCH,UNIT_SCADA,1,"2022/10/20 23:05:00",DALNTH01,0
D,DISPATCH,UNIT_SCADA,1,"2022/10/20 23:05:00",DALNTHL1,0.0473
D,DISPATCH,UNIT_SCADA,1,"2022/10/20 23:05:00",DARLSF1,0
D,DISPATCH,UNIT_SCADA,1,"2022/10/20 23:05:00",DARTM1,0
D,DISPATCH,UNIT_SCADA,1,"2022/10/20 23:05:00",DAYDSF1,0
D,DISPATCH,UNIT_SCADA,1,"2022/10/20 23:05:00",DDPS1,0
D,DISPATCH,UNIT_SCADA,1,"2022/10/20 23:05:00",DDSF1,0
D,DISPATCH,UNIT_SCADA,1,"2022/10/20 23:05:00",DEVILS_G,56.703390
D,DISPATCH,UNIT_SCADA,1,"2022/10/20 23:05:00",DG_NSW1,0
D,DISPATCH,UNIT_SCADA,1,"2022/10/20 23:05:00",DG_QLD1,0
D,DISPATCH,UNIT_SCADA,1,"2022/10/20 23:05:00",DG_SA1,0
D,DISPATCH,UNIT_SCADA,1,"2022/10/20 23:05:00",DG_TAS1,0
D,DISPATCH,UNIT_SCADA,1,"2022/10/20 23:05:00",DG_VIC1,0
D,DISPATCH,UNIT_SCADA,1,"2022/10/20 23:05:00",DRYCGT1,0
D,DISPATCH,UNIT_SCADA,1,"2022/10/20 23:05:00",DRYCGT2,0
D,DISPATCH,UNIT_SCADA,1,"2022/10/20 23:05:00",DRYCGT3,0
D,DISPATCH,UNIT_SCADA,1,"2022/10/20 23:05:00",DUNDWF1,114.35
D,DISPATCH,UNIT_SCADA,1,"2022/10/20 23:05:00",DUNDWF2,31.42
D,DISPATCH,UNIT_SCADA,1,"2022/10/20 23:05:00",DUNDWF3,91.35
D,DISPATCH,UNIT_SCADA,1,"2022/10/20 23:05:00",EILDON1,59.68
D,DISPATCH,UNIT_SCADA,1,"2022/10/20 23:05:00",EILDON2,59.92
D,DISPATCH,UNIT_SCADA,1,"2022/10/20 23:05:00",ELAINWF1,7.40
D,DISPATCH,UNIT_SCADA,1,"2022/10/20 23:05:00",EMERASF1,0
D,DISPATCH,UNIT_SCADA,1,"2022/10/20 23:05:00",ER01,0
D,DISPATCH,UNIT_SCADA,1,"2022/10/20 23:05:00",ER02,598.361210
D,DISPATCH,UNIT_SCADA,1,"2022/10/20 23:05:00",ER03,594.088680
D,DISPATCH,UNIT_SCADA,1,"2022/10/20 23:05:00",ER04,592.3064
D,DISPATCH,UNIT_SCADA,1,"2022/10/20 23:05:00",FINLYSF1,0
D,DISPATCH,UNIT_SCADA,1,"2022/10/20 23:05:00",FISHER,43.94
D,DISPATCH,UNIT_SCADA,1,"2022/10/20 23:05:00",GANGARR1,0
D,DISPATCH,UNIT_SCADA,1,"2022/10/20 23:05:00",GANNBG1,0
D,DISPATCH,UNIT_SCADA,1,"2022/10/20 23:05:00",GANNBL1,0.093030
D,DISPATCH,UNIT_SCADA,1,"2022/10/20 23:05:00",GANNSF1,0
D,DISPATCH,UNIT_SCADA,1,"2022/10/20 23:05:00",GLRWNSF1,0
D,DISPATCH,UNIT_SCADA,1,"2022/10/20 23:05:00",GNNDHSF1,0
D,DISPATCH,UNIT_SCADA,1,"2022/10/20 23:05:00",GOONSF1,0
D,DISPATCH,UNIT_SCADA,1,"2022/10/20 23:05:00",GORDON,212.903960
D,DISPATCH,UNIT_SCADA,1,"2022/10/20 23:05:00",GRANWF1,0
D,DISPATCH,UNIT_SCADA,1,"2022/10/20 23:05:00",GSTONE1,204.75
D,DISPATCH,UNIT_SCADA,1,"2022/10/20 23:05:00",GSTONE2,0
D,DISPATCH,UNIT_SCADA,1,"2022/10/20 23:05:00",GSTONE3,139.8250
D,DISPATCH,UNIT_SCADA,1,"2022/10/20 23:05:00",GSTONE4,0
D,DISPATCH,UNIT_SCADA,1,"2022/10/20 23:05:00",GSTONE5,203
D,DISPATCH,UNIT_SCADA,1,"2022/10/20 23:05:00",GSTONE6,202.474990
D,DISPATCH,UNIT_SCADA,1,"2022/10/20 23:05:00",GULLRSF1,0
D,DISPATCH,UNIT_SCADA,1,"2022/10/20 23:05:00",GULLRWF1,66.4240
D,DISPATCH,UNIT_SCADA,1,"2022/10/20 23:05:00",GULLRWF2,103.785760
D,DISPATCH,UNIT_SCADA,1,"2022/10/20 23:05:00",GUNNING1,0
D,DISPATCH,UNIT_SCADA,1,"2022/10/20 23:05:00",GUTHEGA,67.90
D,DISPATCH,UNIT_SCADA,1,"2022/10/20 23:05:00",HALLWF1,6.26
D,DISPATCH,UNIT_SCADA,1,"2022/10/20 23:05:00",HALLWF2,12.90
D,DISPATCH,UNIT_SCADA,1,"2022/10/20 23:05:00",HAMISF1,0
D,DISPATCH,UNIT_SCADA,1,"2022/10/20 23:05:00",HAUGHT11,0
D,DISPATCH,UNIT_SCADA,1,"2022/10/20 23:05:00",HAYMSF1,0
D,DISPATCH,UNIT_SCADA,1,"2022/10/20 23:05:00",HDWF1,23.70
D,DISPATCH,UNIT_SCADA,1,"2022/10/20 23:05:00",HDWF2,7.30
D,DISPATCH,UNIT_SCADA,1,"2022/10/20 23:05:00",HDWF3,16.50
D,DISPATCH,UNIT_SCADA,1,"2022/10/20 23:05:00",HILLSTN1,0
D,DISPATCH,UNIT_SCADA,1,"2022/10/20 23:05:00",HPRG1,0
D,DISPATCH,UNIT_SCADA,1,"2022/10/20 23:05:00",HPRL1,0.90
D,DISPATCH,UNIT_SCADA,1,"2022/10/20 23:05:00",HUMENSW,54.256810
D,DISPATCH,UNIT_SCADA,1,"2022/10/20 23:05:00",HUMEV,0
D,DISPATCH,UNIT_SCADA,1,"2022/10/20 23:05:00",HVWWBA1G,0
D,DISPATCH,UNIT_SCADA,1,"2022/10/20 23:05:00",HVWWBA1L,0.0060
D,DISPATCH,UNIT_SCADA,1,"2022/10/20 23:05:00",HVWWPV1,0
D,DISPATCH,UNIT_SCADA,1,"2022/10/20 23:05:00",JBUTTERS,0
D,DISPATCH,UNIT_SCADA,1,"2022/10/20 23:05:00",JEMALNG1,0
D,DISPATCH,UNIT_SCADA,1,"2022/10/20 23:05:00",JLA01,0
D,DISPATCH,UNIT_SCADA,1,"2022/10/20 23:05:00",JLA02,0
D,DISPATCH,UNIT_SCADA,1,"2022/10/20 23:05:00",JLA03,0
D,DISPATCH,UNIT_SCADA,1,"2022/10/20 23:05:00",JLA04,0
D,DISPATCH,UNIT_SCADA,1,"2022/10/20 23:05:00",JLB01,0
D,DISPATCH,UNIT_SCADA,1,"2022/10/20 23:05:00",JLB02,0.10
D,DISPATCH,UNIT_SCADA,1,"2022/10/20 23:05:00",JLB03,0
D,DISPATCH,UNIT_SCADA,1,"2022/10/20 23:05:00",JUNEESF1,0
D,DISPATCH,UNIT_SCADA,1,"2022/10/20 23:05:00",KABANWF1,0
D,DISPATCH,UNIT_SCADA,1,"2022/10/20 23:05:00",KAREEYA1,0
D,DISPATCH,UNIT_SCADA,1,"2022/10/20 23:05:00",KAREEYA2,0
D,DISPATCH,UNIT_SCADA,1,"2022/10/20 23:05:00",KAREEYA3,4.8025
D,DISPATCH,UNIT_SCADA,1,"2022/10/20 23:05:00",KAREEYA4,0
D,DISPATCH,UNIT_SCADA,1,"2022/10/20 23:05:00",KARSF1,0
D,DISPATCH,UNIT_SCADA,1,"2022/10/20 23:05:00",KEPSF1,0
D,DISPATCH,UNIT_SCADA,1,"2022/10/20 23:05:00",KEPWF1,2.08
D,DISPATCH,UNIT_SCADA,1,"2022/10/20 23:05:00",KIAMSF1,0
D,DISPATCH,UNIT_SCADA,1,"2022/10/20 23:05:00",KIATAWF1,8.90
D,DISPATCH,UNIT_SCADA,1,"2022/10/20 23:05:00",KPP_1,0
D,DISPATCH,UNIT_SCADA,1,"2022/10/20 23:05:00",KSP1,0
D,DISPATCH,UNIT_SCADA,1,"2022/10/20 23:05:00",LADBROK1,0.01
D,DISPATCH,UNIT_SCADA,1,"2022/10/20 23:05:00",LADBROK2,0.02
D,DISPATCH,UNIT_SCADA,1,"2022/10/20 23:05:00",LBBG1,3.60
D,DISPATCH,UNIT_SCADA,1,"2022/10/20 23:05:00",LBBL1,0
D,DISPATCH,UNIT_SCADA,1,"2022/10/20 23:05:00",LD01,349.925230
D,DISPATCH,UNIT_SCADA,1,"2022/10/20 23:05:00",LD02,0
D,DISPATCH,UNIT_SCADA,1,"2022/10/20 23:05:00",LD04,312.4790
D,DISPATCH,UNIT_SCADA,1,"2022/10/20 23:05:00",LEM_WIL,86.862780
D,DISPATCH,UNIT_SCADA,1,"2022/10/20 23:05:00",LGAPWF1,96.99
D,DISPATCH,UNIT_SCADA,1,"2022/10/20 23:05:00",LGAPWF2,64.67
D,DISPATCH,UNIT_SCADA,1,"2022/10/20 23:05:00",LILYSF1,0
D,DISPATCH,UNIT_SCADA,1,"2022/10/20 23:05:00",LIMOSF11,0
D,DISPATCH,UNIT_SCADA,1,"2022/10/20 23:05:00",LIMOSF21,0
D,DISPATCH,UNIT_SCADA,1,"2022/10/20 23:05:00",LI_WY_CA,55.974660
D,DISPATCH,UNIT_SCADA,1,"2022/10/20 23:05:00",LKBONNY1,16.790170
D,DISPATCH,UNIT_SCADA,1,"2022/10/20 23:05:00",LKBONNY2,47.104770
D,DISPATCH,UNIT_SCADA,1,"2022/10/20 23:05:00",LKBONNY3,12.113390
D,DISPATCH,UNIT_SCADA,1,"2022/10/20 23:05:00",LK_ECHO,0
D,DISPATCH,UNIT_SCADA,1,"2022/10/20 23:05:00",LNGS1,0
D,DISPATCH,UNIT_SCADA,1,"2022/10/20 23:05:00",LNGS2,0
D,DISPATCH,UNIT_SCADA,1,"2022/10/20 23:05:00",LONSDALE,0
D,DISPATCH,UNIT_SCADA,1,"2022/10/20 23:05:00",LOYYB1,569.924070
D,DISPATCH,UNIT_SCADA,1,"2022/10/20 23:05:00",LOYYB2,575.187320
D,DISPATCH,UNIT_SCADA,1,"2022/10/20 23:05:00",LYA1,558
D,DISPATCH,UNIT_SCADA,1,"2022/10/20 23:05:00",LYA2,0
D,DISPATCH,UNIT_SCADA,1,"2022/10/20 23:05:00",LYA3,557
D,DISPATCH,UNIT_SCADA,1,"2022/10/20 23:05:00",LYA4,560
D,DISPATCH,UNIT_SCADA,1,"2022/10/20 23:05:00",MACARTH1,77.298220
D,DISPATCH,UNIT_SCADA,1,"2022/10/20 23:05:00",MACKNTSH,0
D,DISPATCH,UNIT_SCADA,1,"2022/10/20 23:05:00",MANSLR1,0
D,DISPATCH,UNIT_SCADA,1,"2022/10/20 23:05:00",MAPS2PV1,0
D,DISPATCH,UNIT_SCADA,1,"2022/10/20 23:05:00",MAPS3PV1,0
D,DISPATCH,UNIT_SCADA,1,"2022/10/20 23:05:00",MARYRSF1,0
D,DISPATCH,UNIT_SCADA,1,"2022/10/20 23:05:00",MBPS2PV1,0
D,DISPATCH,UNIT_SCADA,1,"2022/10/20 23:05:00",MCKAY1,222.269990
D,DISPATCH,UNIT_SCADA,1,"2022/10/20 23:05:00",MEADOWBK,6.030380
D,DISPATCH,UNIT_SCADA,1,"2022/10/20 23:05:00",MERCER01,25
D,DISPATCH,UNIT_SCADA,1,"2022/10/20 23:05:00",METZSF1,0
D,DISPATCH,UNIT_SCADA,1,"2022/10/20 23:05:00",MEWF1,0
D,DISPATCH,UNIT_SCADA,1,"2022/10/20 23:05:00",MIDDLSF1,0
D,DISPATCH,UNIT_SCADA,1,"2022/10/20 23:05:00",MINTARO,0.128180
D,DISPATCH,UNIT_SCADA,1,"2022/10/20 23:05:00",MOLNGSF1,0
D,DISPATCH,UNIT_SCADA,1,"2022/10/20 23:05:00",MOORAWF1,0
D,DISPATCH,UNIT_SCADA,1,"2022/10/20 23:05:00",MOREESF1,0
D,DISPATCH,UNIT_SCADA,1,"2022/10/20 23:05:00",MORTLK11,0
D,DISPATCH,UNIT_SCADA,1,"2022/10/20 23:05:00",MORTLK12,0
D,DISPATCH,UNIT_SCADA,1,"2022/10/20 23:05:00",MOUSF1,0
D,DISPATCH,UNIT_SCADA,1,"2022/10/20 23:05:00",MP1,0
D,DISPATCH,UNIT_SCADA,1,"2022/10/20 23:05:00",MP2,348.357360
D,DISPATCH,UNIT_SCADA,1,"2022/10/20 23:05:00",MPP_1,188.391330
D,DISPATCH,UNIT_SCADA,1,"2022/10/20 23:05:00",MPP_2,183.798280
D,DISPATCH,UNIT_SCADA,1,"2022/10/20 23:05:00",MRTLSWF1,0
D,DISPATCH,UNIT_SCADA,1,"2022/10/20 23:05:00",MSTUART1,0
D,DISPATCH,UNIT_SCADA,1,"2022/10/20 23:05:00",MSTUART2,0
D,DISPATCH,UNIT_SCADA,1,"2022/10/20 23:05:00",MSTUART3,0
D,DISPATCH,UNIT_SCADA,1,"2022/10/20 23:05:00",MTGELWF1,57.959230
D,DISPATCH,UNIT_SCADA,1,"2022/10/20 23:05:00",MTMILLAR,19.60
D,DISPATCH,UNIT_SCADA,1,"2022/10/20 23:05:00",MURRAY,0
D,DISPATCH,UNIT_SCADA,1,"2022/10/20 23:05:00",MUSSELR1,19.10
D,DISPATCH,UNIT_SCADA,1,"2022/10/20 23:05:00",MUWAWF1,91.78
D,DISPATCH,UNIT_SCADA,1,"2022/10/20 23:05:00",MUWAWF2,93.40
D,DISPATCH,UNIT_SCADA,1,"2022/10/20 23:05:00",MWPS1PV1,0
D,DISPATCH,UNIT_SCADA,1,"2022/10/20 23:05:00",MWPS2PV1,0
D,DISPATCH,UNIT_SCADA,1,"2022/10/20 23:05:00",MWPS3PV1,0
D,DISPATCH,UNIT_SCADA,1,"2022/10/20 23:05:00",MWPS4PV1,0
D,DISPATCH,UNIT_SCADA,1,"2022/10/20 23:05:00",NBHWF1,13.40
D,DISPATCH,UNIT_SCADA,1,"2022/10/20 23:05:00",NEVERSF1,0
D,DISPATCH,UNIT_SCADA,1,"2022/10/20 23:05:00",NPS,0
D,DISPATCH,UNIT_SCADA,1,"2022/10/20 23:05:00",NUMURSF1,0
D,DISPATCH,UNIT_SCADA,1,"2022/10/20 23:05:00",NYNGAN1,0
D,DISPATCH,UNIT_SCADA,1,"2022/10/20 23:05:00",OAKEY1,0
D,DISPATCH,UNIT_SCADA,1,"2022/10/20 23:05:00",OAKEY1SF,0
D,DISPATCH,UNIT_SCADA,1,"2022/10/20 23:05:00",OAKEY2,0
D,DISPATCH,UNIT_SCADA,1,"2022/10/20 23:05:00",OAKEY2SF,0
D,DISPATCH,UNIT_SCADA,1,"2022/10/20 23:05:00",OAKLAND1,7.40
D,DISPATCH,UNIT_SCADA,1,"2022/10/20 23:05:00",OSB-AG,179.269990
D,DISPATCH,UNIT_SCADA,1,"2022/10/20 23:05:00",PAREPS1,0
D,DISPATCH,UNIT_SCADA,1,"2022/10/20 23:05:00",PAREPW1,55.62
D,DISPATCH,UNIT_SCADA,1,"2022/10/20 23:05:00",PARSF1,0.001530
D,DISPATCH,UNIT_SCADA,1,"2022/10/20 23:05:00",POAT110,3.18
D,DISPATCH,UNIT_SCADA,1,"2022/10/20 23:05:00",POAT220,0
D,DISPATCH,UNIT_SCADA,1,"2022/10/20 23:05:00",POR01,0
D,DISPATCH,UNIT_SCADA,1,"2022/10/20 23:05:00",POR03,0
D,DISPATCH,UNIT_SCADA,1,"2022/10/20 23:05:00",PPCCGT,166.841090
D,DISPATCH,UNIT_SCADA,1,"2022/10/20 23:05:00",PTSTAN1,0
D,DISPATCH,UNIT_SCADA,1,"2022/10/20 23:05:00",PUMP1,0
D,DISPATCH,UNIT_SCADA,1,"2022/10/20 23:05:00",PUMP2,0
D,DISPATCH,UNIT_SCADA,1,"2022/10/20 23:05:00",QBYNBG1,0.0035
D,DISPATCH,UNIT_SCADA,1,"2022/10/20 23:05:00",QBYNBL1,0
D,DISPATCH,UNIT_SCADA,1,"2022/10/20 23:05:00",QPS1,0
D,DISPATCH,UNIT_SCADA,1,"2022/10/20 23:05:00",QPS2,0
D,DISPATCH,UNIT_SCADA,1,"2022/10/20 23:05:00",QPS3,0
D,DISPATCH,UNIT_SCADA,1,"2022/10/20 23:05:00",QPS4,0
D,DISPATCH,UNIT_SCADA,1,"2022/10/20 23:05:00",QPS5,0
D,DISPATCH,UNIT_SCADA,1,"2022/10/20 23:05:00",REECE1,0
D,DISPATCH,UNIT_SCADA,1,"2022/10/20 23:05:00",REECE2,0
D,DISPATCH,UNIT_SCADA,1,"2022/10/20 23:05:00",ROMA_7,0
D,DISPATCH,UNIT_SCADA,1,"2022/10/20 23:05:00",ROMA_8,0
D,DISPATCH,UNIT_SCADA,1,"2022/10/20 23:05:00",RRSF1,0
D,DISPATCH,UNIT_SCADA,1,"2022/10/20 23:05:00",RT_NSW1,0
D,DISPATCH,UNIT_SCADA,1,"2022/10/20 23:05:00",RT_NSW2,0
D,DISPATCH,UNIT_SCADA,1,"2022/10/20 23:05:00",RT_NSW3,0
D,DISPATCH,UNIT_SCADA,1,"2022/10/20 23:05:00",RT_NSW4,0
D,DISPATCH,UNIT_SCADA,1,"2022/10/20 23:05:00",RT_NSW5,0
D,DISPATCH,UNIT_SCADA,1,"2022/10/20 23:05:00",RT_NSW6,0
D,DISPATCH,UNIT_SCADA,1,"2022/10/20 23:05:00",RT_QLD1,0
D,DISPATCH,UNIT_SCADA,1,"2022/10/20 23:05:00",RT_SA1,0
D,DISPATCH,UNIT_SCADA,1,"2022/10/20 23:05:00",RT_SA2,0
D,DISPATCH,UNIT_SCADA,1,"2022/10/20 23:05:00",RT_SA3,0
D,DISPATCH,UNIT_SCADA,1,"2022/10/20 23:05:00",RT_SA4,0
D,DISPATCH,UNIT_SCADA,1,"2022/10/20 23:05:00",RT_SA5,0
D,DISPATCH,UNIT_SCADA,1,"2022/10/20 23:05:00",RT_SA6,0
D,DISPATCH,UNIT_SCADA,1,"2022/10/20 23:05:00",RT_TAS1,0
D,DISPATCH,UNIT_SCADA,1,"2022/10/20 23:05:00",RT_VIC1,0
D,DISPATCH,UNIT_SCADA,1,"2022/10/20 23:05:00",RT_VIC10,0
D,DISPATCH,UNIT_SCADA,1,"2022/10/20 23:05:00",RT_VIC11,0
D,DISPATCH,UNIT_SCADA,1,"2022/10/20 23:05:00",RT_VIC12,0
D,DISPATCH,UNIT_SCADA,1,"2022/10/20 23:05:00",RT_VIC2,0
D,DISPATCH,UNIT_SCADA,1,"2022/10/20 23:05:00",RT_VIC3,0
D,DISPATCH,UNIT_SCADA,1,"2022/10/20 23:05:00",RT_VIC4,0
D,DISPATCH,UNIT_SCADA,1,"2022/10/20 23:05:00",RT_VIC5,0
D,DISPATCH,UNIT_SCADA,1,"2022/10/20 23:05:00",RT_VIC6,0
D,DISPATCH,UNIT_SCADA,1,"2022/10/20 23:05:00",RT_VIC7,0
D,DISPATCH,UNIT_SCADA,1,"2022/10/20 23:05:00",RT_VIC8,0
D,DISPATCH,UNIT_SCADA,1,"2022/10/20 23:05:00",RT_VIC9,0
D,DISPATCH,UNIT_SCADA,1,"2022/10/20 23:05:00",RUGBYR1,0
D,DISPATCH,UNIT_SCADA,1,"2022/10/20 23:05:00",SALTCRK1,32.46
D,DISPATCH,UNIT_SCADA,1,"2022/10/20 23:05:00",SAPHWF1,224.275570
D,DISPATCH,UNIT_SCADA,1,"2022/10/20 23:05:00",SEBSF1,0
D,DISPATCH,UNIT_SCADA,1,"2022/10/20 23:05:00",SHGEN,0
D,DISPATCH,UNIT_SCADA,1,"2022/10/20 23:05:00",SHPUMP,0
D,DISPATCH,UNIT_SCADA,1,"2022/10/20 23:05:00",SITHE01,0.123710
D,DISPATCH,UNIT_SCADA,1,"2022/10/20 23:05:00",SMCSF1,0
D,DISPATCH,UNIT_SCADA,1,"2022/10/20 23:05:00",SNAPPER1,0
D,DISPATCH,UNIT_SCADA,1,"2022/10/20 23:05:00",SNOWNTH1,59.70
D,DISPATCH,UNIT_SCADA,1,"2022/10/20 23:05:00",SNOWSTH1,52.20
D,DISPATCH,UNIT_SCADA,1,"2022/10/20 23:05:00",SNOWTWN1,52.977450
D,DISPATCH,UNIT_SCADA,1,"2022/10/20 23:05:00",SNOWYP,0
D,DISPATCH,UNIT_SCADA,1,"2022/10/20 23:05:00",SNUG1,0
D,DISPATCH,UNIT_SCADA,1,"2022/10/20 23:05:00",SRSF1,0
D,DISPATCH,UNIT_SCADA,1,"2022/10/20 23:05:00",STAN-1,280.274020
D,DISPATCH,UNIT_SCADA,1,"2022/10/20 23:05:00",STAN-2,363.051360
D,DISPATCH,UNIT_SCADA,1,"2022/10/20 23:05:00",STAN-3,364.768950
D,DISPATCH,UNIT_SCADA,1,"2022/10/20 23:05:00",STAN-4,364.833040
D,DISPATCH,UNIT_SCADA,1,"2022/10/20 23:05:00",STARHLWF,23.493150
D,DISPATCH,UNIT_SCADA,1,"2022/10/20 23:05:00",STOCKYD1,90.49
D,DISPATCH,UNIT_SCADA,1,"2022/10/20 23:05:00",STWF1,22.505840
D,DISPATCH,UNIT_SCADA,1,"2022/10/20 23:05:00",SUNRSF1,0
D,DISPATCH,UNIT_SCADA,1,"2022/10/20 23:05:00",SUNTPSF1,0
D,DISPATCH,UNIT_SCADA,1,"2022/10/20 23:05:00",SWAN_E,288.7131
D,DISPATCH,UNIT_SCADA,1,"2022/10/20 23:05:00",TALWA1,0
D,DISPATCH,UNIT_SCADA,1,"2022/10/20 23:05:00",TARALGA1,0
D,DISPATCH,UNIT_SCADA,1,"2022/10/20 23:05:00",TARONG#1,349.399990
D,DISPATCH,UNIT_SCADA,1,"2022/10/20 23:05:00",TARONG#2,349.50
D,DISPATCH,UNIT_SCADA,1,"2022/10/20 23:05:00",TARONG#3,0.90
D,DISPATCH,UNIT_SCADA,1,"2022/10/20 23:05:00",TARONG#4,226.400010
D,DISPATCH,UNIT_SCADA,1,"2022/10/20 23:05:00",TARRALEA,53.80
D,DISPATCH,UNIT_SCADA,1,"2022/10/20 23:05:00",TBSF1,0
D,DISPATCH,UNIT_SCADA,1,"2022/10/20 23:05:00",TNPS1,348.6250
D,DISPATCH,UNIT_SCADA,1,"2022/10/20 23:05:00",TORRB1,0
D,DISPATCH,UNIT_SCADA,1,"2022/10/20 23:05:00",TORRB2,64
D,DISPATCH,UNIT_SCADA,1,"2022/10/20 23:05:00",TORRB3,0
D,DISPATCH,UNIT_SCADA,1,"2022/10/20 23:05:00",TORRB4,0
D,DISPATCH,UNIT_SCADA,1,"2022/10/20 23:05:00",TREVALLN,98.022920
D,DISPATCH,UNIT_SCADA,1,"2022/10/20 23:05:00",TRIBUTE,0
D,DISPATCH,UNIT_SCADA,1,"2022/10/20 23:05:00",TUMUT3,156.349990
D,DISPATCH,UNIT_SCADA,1,"2022/10/20 23:05:00",TUNGATIN,3.800020
D,DISPATCH,UNIT_SCADA,1,"2022/10/20 23:05:00",TVCC201,0
D,DISPATCH,UNIT_SCADA,1,"2022/10/20 23:05:00",TVPP104,0
D,DISPATCH,UNIT_SCADA,1,"2022/10/20 23:05:00",UPPTUMUT,0
D,DISPATCH,UNIT_SCADA,1,"2022/10/20 23:05:00",URANQ11,0
D,DISPATCH,UNIT_SCADA,1,"2022/10/20 23:05:00",URANQ12,0
D,DISPATCH,UNIT_SCADA,1,"2022/10/20 23:05:00",URANQ13,0
D,DISPATCH,UNIT_SCADA,1,"2022/10/20 23:05:00",URANQ14,0
D,DISPATCH,UNIT_SCADA,1,"2022/10/20 23:05:00",VBBG1,13.90
D,DISPATCH,UNIT_SCADA,1,"2022/10/20 23:05:00",VBBL1,0
D,DISPATCH,UNIT_SCADA,1,"2022/10/20 23:05:00",VP5,548.454220
D,DISPATCH,UNIT_SCADA,1,"2022/10/20 23:05:00",VP6,582.634950
D,DISPATCH,UNIT_SCADA,1,"2022/10/20 23:05:00",VPGS1,0
D,DISPATCH,UNIT_SCADA,1,"2022/10/20 23:05:00",VPGS2,0
D,DISPATCH,UNIT_SCADA,1,"2022/10/20 23:05:00",VPGS3,0
D,DISPATCH,UNIT_SCADA,1,"2022/10/20 23:05:00",VPGS4,0
D,DISPATCH,UNIT_SCADA,1,"2022/10/20 23:05:00",VPGS5,0
D,DISPATCH,UNIT_SCADA,1,"2022/10/20 23:05:00",VPGS6,0
D,DISPATCH,UNIT_SCADA,1,"2022/10/20 23:05:00",W/HOE#1,0
D,DISPATCH,UNIT_SCADA,1,"2022/10/20 23:05:00",W/HOE#2,0
D,DISPATCH,UNIT_SCADA,1,"2022/10/20 23:05:00",WAGGNSF1,0
D,DISPATCH,UNIT_SCADA,1,"2022/10/20 23:05:00",WALGRVG1,0.000930
D,DISPATCH,UNIT_SCADA,1,"2022/10/20 23:05:00",WALGRVL1,0
D,DISPATCH,UNIT_SCADA,1,"2022/10/20 23:05:00",WANDBG1,0
D,DISPATCH,UNIT_SCADA,1,"2022/10/20 23:05:00",WANDBL1,0
D,DISPATCH,UNIT_SCADA,1,"2022/10/20 23:05:00",WARWSF1,0
D,DISPATCH,UNIT_SCADA,1,"2022/10/20 23:05:00",WARWSF2,0
D,DISPATCH,UNIT_SCADA,1,"2022/10/20 23:05:00",WATERLWF,29.70
D,DISPATCH,UNIT_SCADA,1,"2022/10/20 23:05:00",WDGPH1,0
D,DISPATCH,UNIT_SCADA,1,"2022/10/20 23:05:00",WELLSF1,0
D,DISPATCH,UNIT_SCADA,1,"2022/10/20 23:05:00",WEMENSF1,0
D,DISPATCH,UNIT_SCADA,1,"2022/10/20 23:05:00",WGWF1,5.90
D,DISPATCH,UNIT_SCADA,1,"2022/10/20 23:05:00",WHITSF1,0
D,DISPATCH,UNIT_SCADA,1,"2022/10/20 23:05:00",WINTSF1,0
D,DISPATCH,UNIT_SCADA,1,"2022/10/20 23:05:00",WKIEWA1,33.70
D,DISPATCH,UNIT_SCADA,1,"2022/10/20 23:05:00",WKIEWA2,34
D,DISPATCH,UNIT_SCADA,1,"2022/10/20 23:05:00",WOODLWN1,42.095860
D,DISPATCH,UNIT_SCADA,1,"2022/10/20 23:05:00",WOOLGSF1,0
D,DISPATCH,UNIT_SCADA,1,"2022/10/20 23:05:00",WPWF,48.08
D,DISPATCH,UNIT_SCADA,1,"2022/10/20 23:05:00",WRSF1,0
D,DISPATCH,UNIT_SCADA,1,"2022/10/20 23:05:00",WRWF1,129.8317
D,DISPATCH,UNIT_SCADA,1,"2022/10/20 23:05:00",WSTWYSF1,0
D,DISPATCH,UNIT_SCADA,1,"2022/10/20 23:05:00",YABULU,0
D,DISPATCH,UNIT_SCADA,1,"2022/10/20 23:05:00",YABULU2,0
D,DISPATCH,UNIT_SCADA,1,"2022/10/20 23:05:00",YARANSF1,0
D,DISPATCH,UNIT_SCADA,1,"2022/10/20 23:05:00",YARWUN_1,163.489990
D,DISPATCH,UNIT_SCADA,1,"2022/10/20 23:05:00",YATSF1,0
D,DISPATCH,UNIT_SCADA,1,"2022/10/20 23:05:00",YENDWF1,5.91
D,DISPATCH,UNIT_SCADA,1,"2022/10/20 23:05:00",YWPS1,289.721530
D,DISPATCH,UNIT_SCADA,1,"2022/10/20 23:05:00",YWPS2,358.144320
D,DISPATCH,UNIT_SCADA,1,"2022/10/20 23:05:00",YWPS3,359.388610
D,DISPATCH,UNIT_SCADA,1,"2022/10/20 23:05:00",YWPS4,0
C,"END OF REPORT",419
