C,NEMP.WORLD,DISPATCHSCADA,AEMO,PUBLIC,2022/10/20,01:00:09,0000000373218182,DISPATCHSCADA,0000000373218176
I,DISPATCH,UNIT_SCADA,1,SETTLEMENTDATE,DUID,SCADAVALUE
D,DISPATCH,UNIT_SCADA,1,"2022/10/20 01:05:00",BARCSF1,0.10
D,DISPATCH,UNIT_SCADA,1,"2022/10/20 01:05:00",BUTLERSG,8.699999
D,DISPATCH,UNIT_SCADA,1,"2022/10/20 01:05:00",CAPTL_WF,33.422386
D,DISPATCH,UNIT_SCADA,1,"2022/10/20 01:05:00",CHALLHWF,23.50
D,DISPATCH,UNIT_SCADA,1,"2022/10/20 01:05:00",CLOVER,13.59
D,DISPATCH,UNIT_SCADA,1,"2022/10/20 01:05:00",CLUNY,6.281987
D,DISPATCH,UNIT_SCADA,1,"2022/10/20 01:05:00",CULLRGWF,-0.04
D,DISPATCH,UNIT_SCADA,1,"2022/10/20 01:05:00",DIAPURWF1,7.30
D,DISPATCH,UNIT_SCADA,1,"2022/10/20 01:05:00",ERGT01,0
D,DISPATCH,UNIT_SCADA,1,"2022/10/20 01:05:00",GB01,0
D,DISPATCH,UNIT_SCADA,1,"2022/10/20 01:05:00",GERMCRK,17.200001
D,DISPATCH,UNIT_SCADA,1,"2022/10/20 01:05:00",GRIFSF1,0.001526
D,DISPATCH,UNIT_SCADA,1,"2022/10/20 01:05:00",HEZ1,0
D,DISPATCH,UNIT_SCADA,1,"2022/10/20 01:05:00",HUGSF1,-0.1740
D,DISPATCH,UNIT_SCADA,1,"2022/10/20 01:05:00",KEPBG1,0.02
D,DISPATCH,UNIT_SCADA,1,"2022/10/20 01:05:00",LRSF1,0.0240
D,DISPATCH,UNIT_SCADA,1,"2022/10/20 01:05:00",MBAHNTH,50.25
D,DISPATCH,UNIT_SCADA,1,"2022/10/20 01:05:00",MLSP1,0
D,DISPATCH,UNIT_SCADA,1,"2022/10/20 01:05:00",MLWF1,1.0650
D,DISPATCH,UNIT_SCADA,1,"2022/10/20 01:05:00",PALOONA,30.289999
D,DISPATCH,UNIT_SCADA,1,"2022/10/20 01:05:00",PIONEER,42.299999
D,DISPATCH,UNIT_SCADA,1,"2022/10/20 01:05:00",PORTWF,28.299999
D,DISPATCH,UNIT_SCADA,1,"2022/10/20 01:05:00",REPULSE,9.810330
D,DISPATCH,UNIT_SCADA,1,"2022/10/20 01:05:00",ROWALLAN,8.9176
D,DISPATCH,UNIT_SCADA,1,"2022/10/20 01:05:00",ROYALLA1,0
D,DISPATCH,UNIT_SCADA,1,"2022/10/20 01:05:00",RPCG,-1.20
D,DISPATCH,UNIT_SCADA,1,"2022/10/20 01:05:00",RUBICON,0
D,DISPATCH,UNIT_SCADA,1,"2022/10/20 01:05:00",WAUBRAWF,143.686996
D,DISPATCH,UNIT_SCADA,1,"2022/10/20 01:05:00",WOOLNTH1,18.509998
D,DISPATCH,UNIT_SCADA,1,"2022/10/20 01:05:00",YAMBUKWF,2.70
D,DISPATCH,UNIT_SCADA,1,"2022/10/20 01:05:00",YSWF1,1
D,DISPATCH,UNIT_SCADA,1,"2022/10/20 01:05:00",ADPBA1G,0.0080
D,DISPATCH,UNIT_SCADA,1,"2022/10/20 01:05:00",ADPBA1L,0
D,DISPATCH,UNIT_SCADA,1,"2022/10/20 01:05:00",ADPPV1,0
D,DISPATCH,UNIT_SCADA,1,"2022/10/20 01:05:00",AGLHAL,0
D,DISPATCH,UNIT_SCADA,1,"2022/10/20 01:05:00",AGLSOM,0
D,DISPATCH,UNIT_SCADA,1,"2022/10/20 01:05:00",ANGAST1,-0.10
D,DISPATCH,UNIT_SCADA,1,"2022/10/20 01:05:00",ARWF1,64.20
D,DISPATCH,UNIT_SCADA,1,"2022/10/20 01:05:00",BALBG1,0
D,DISPATCH,UNIT_SCADA,1,"2022/10/20 01:05:00",BALBL1,0
D,DISPATCH,UNIT_SCADA,1,"2022/10/20 01:05:00",BALDHWF1,0
D,DISPATCH,UNIT_SCADA,1,"2022/10/20 01:05:00",BANGOWF1,39.797970
D,DISPATCH,UNIT_SCADA,1,"2022/10/20 01:05:00",BANGOWF2,48.597920
D,DISPATCH,UNIT_SCADA,1,"2022/10/20 01:05:00",BANN1,0
D,DISPATCH,UNIT_SCADA,1,"2022/10/20 01:05:00",BARCALDN,0
D,DISPATCH,UNIT_SCADA,1,"2022/10/20 01:05:00",BARKIPS1,0
D,DISPATCH,UNIT_SCADA,1,"2022/10/20 01:05:00",BARRON-1,0
D,DISPATCH,UNIT_SCADA,1,"2022/10/20 01:05:00",BARRON-2,0
D,DISPATCH,UNIT_SCADA,1,"2022/10/20 01:05:00",BASTYAN,0
D,DISPATCH,UNIT_SCADA,1,"2022/10/20 01:05:00",BBTHREE1,-1.09
D,DISPATCH,UNIT_SCADA,1,"2022/10/20 01:05:00",BBTHREE2,0
D,DISPATCH,UNIT_SCADA,1,"2022/10/20 01:05:00",BBTHREE3,0
D,DISPATCH,UNIT_SCADA,1,"2022/10/20 01:05:00",BDL01,0
D,DISPATCH,UNIT_SCADA,1,"2022/10/20 01:05:00",BDL02,0
D,DISPATCH,UNIT_SCADA,1,"2022/10/20 01:05:00",BERYLSF1,0
D,DISPATCH,UNIT_SCADA,1,"2022/10/20 01:05:00",BLOWERNG,62.60
D,DISPATCH,UNIT_SCADA,1,"2022/10/20 01:05:00",BLUEGSF1,0
D,DISPATCH,UNIT_SCADA,1,"2022/10/20 01:05:00",BLUFF1,17.30
D,DISPATCH,UNIT_SCADA,1,"2022/10/20 01:05:00",BNGSF1,0
D,DISPATCH,UNIT_SCADA,1,"2022/10/20 01:05:00",BNGSF2,0
D,DISPATCH,UNIT_SCADA,1,"2022/10/20 01:05:00",BOCORWF1,8.59
D,DISPATCH,UNIT_SCADA,1,"2022/10/20 01:05:00",BODWF1,74.073220
D,DISPATCH,UNIT_SCADA,1,"2022/10/20 01:05:00",BOMENSF1,0
D,DISPATCH,UNIT_SCADA,1,"2022/10/20 01:05:00",BOWWBA1G,0.0010
D,DISPATCH,UNIT_SCADA,1,"2022/10/20 01:05:00",BOWWBA1L,0
D,DISPATCH,UNIT_SCADA,1,"2022/10/20 01:05:00",BOWWPV1,0
D,DISPATCH,UNIT_SCADA,1,"2022/10/20 01:05:00",BRAEMAR1,0
D,DISPATCH,UNIT_SCADA,1,"2022/10/20 01:05:00",BRAEMAR2,0
D,DISPATCH,UNIT_SCADA,1,"2022/10/20 01:05:00",BRAEMAR3,0
D,DISPATCH,UNIT_SCADA,1,"2022/10/20 01:05:00",BRAEMAR5,0.292060
D,DISPATCH,UNIT_SCADA,1,"2022/10/20 01:05:00",BRAEMAR6,0
D,DISPATCH,UNIT_SCADA,1,"2022/10/20 01:05:00",BRAEMAR7,0.130920
D,DISPATCH,UNIT_SCADA,1,"2022/10/20 01:05:00",BROKENH1,0
D,DISPATCH,UNIT_SCADA,1,"2022/10/20 01:05:00",BRYB1WF1,87.833980
D,DISPATCH,UNIT_SCADA,1,"2022/10/20 01:05:00",BULBESG1,0
D,DISPATCH,UNIT_SCADA,1,"2022/10/20 01:05:00",BULBESL1,0.03
D,DISPATCH,UNIT_SCADA,1,"2022/10/20 01:05:00",BULGANA1,60.17
D,DISPATCH,UNIT_SCADA,1,"2022/10/20 01:05:00",BW01,440.912480
D,DISPATCH,UNIT_SCADA,1,"2022/10/20 01:05:00",BW02,437.738620
D,DISPATCH,UNIT_SCADA,1,"2022/10/20 01:05:00",BW03,436.102840
D,DISPATCH,UNIT_SCADA,1,"2022/10/20 01:05:00",BW04,0
D,DISPATCH,UNIT_SCADA,1,"2022/10/20 01:05:00",CALL_B_1,320.600010
D,DISPATCH,UNIT_SCADA,1,"2022/10/20 01:05:00",CALL_B_2,321.50
D,DISPATCH,UNIT_SCADA,1,"2022/10/20 01:05:00",CATHROCK,4.90
D,DISPATCH,UNIT_SCADA,1,"2022/10/20 01:05:00",CBWWBA1G,0
D,DISPATCH,UNIT_SCADA,1,"2022/10/20 01:05:00",CBWWBA1L,0
D,DISPATCH,UNIT_SCADA,1,"2022/10/20 01:05:00",CETHANA,98.124630
D,DISPATCH,UNIT_SCADA,1,"2022/10/20 01:05:00",CG1,0
D,DISPATCH,UNIT_SCADA,1,"2022/10/20 01:05:00",CG2,0
D,DISPATCH,UNIT_SCADA,1,"2022/10/20 01:05:00",CG3,0
D,DISPATCH,UNIT_SCADA,1,"2022/10/20 01:05:00",CG4,0
D,DISPATCH,UNIT_SCADA,1,"2022/10/20 01:05:00",CHILDSF1,0
D,DISPATCH,UNIT_SCADA,1,"2022/10/20 01:05:00",CHYTWF1,20.31
D,DISPATCH,UNIT_SCADA,1,"2022/10/20 01:05:00",CLARESF1,0
D,DISPATCH,UNIT_SCADA,1,"2022/10/20 01:05:00",CLEMGPWF,48.263450
D,DISPATCH,UNIT_SCADA,1,"2022/10/20 01:05:00",CLERMSF1,0
D,DISPATCH,UNIT_SCADA,1,"2022/10/20 01:05:00",CNUNDAWF,15.718340
D,DISPATCH,UNIT_SCADA,1,"2022/10/20 01:05:00",COHUNSF1,0
D,DISPATCH,UNIT_SCADA,1,"2022/10/20 01:05:00",COLEASF1,0
D,DISPATCH,UNIT_SCADA,1,"2022/10/20 01:05:00",COLUMSF1,0
D,DISPATCH,UNIT_SCADA,1,"2022/10/20 01:05:00",COLWF01,124.629590
D,DISPATCH,UNIT_SCADA,1,"2022/10/20 01:05:00",COOPGWF1,379.510010
D,DISPATCH,UNIT_SCADA,1,"2022/10/20 01:05:00",CPP_3,362.725010
D,DISPATCH,UNIT_SCADA,1,"2022/10/20 01:05:00",CPP_4,0
D,DISPATCH,UNIT_SCADA,1,"2022/10/20 01:05:00",CPSA,0
D,DISPATCH,UNIT_SCADA,1,"2022/10/20 01:05:00",CROOKWF2,12.985430
D,DISPATCH,UNIT_SCADA,1,"2022/10/20 01:05:00",CROWLWF1,49.002490
D,DISPATCH,UNIT_SCADA,1,"2022/10/20 01:05:00",CRURWF1,34.996030
D,DISPATCH,UNIT_SCADA,1,"2022/10/20 01:05:00",CRWASF1,0
D,DISPATCH,UNIT_SCADA,1,"2022/10/20 01:05:00",CSPVPS1,0
D,DISPATCH,UNIT_SCADA,1,"2022/10/20 01:05:00",CTHLWF1,0.003050
D,DISPATCH,UNIT_SCADA,1,"2022/10/20 01:05:00",DALNTH01,0
D,DISPATCH,UNIT_SCADA,1,"2022/10/20 01:05:00",DALNTHL1,0.062560
D,DISPATCH,UNIT_SCADA,1,"2022/10/20 01:05:00",DARLSF1,0
D,DISPATCH,UNIT_SCADA,1,"2022/10/20 01:05:00",DARTM1,0
D,DISPATCH,UNIT_SCADA,1,"2022/10/20 01:05:00",DAYDSF1,0
D,DISPATCH,UNIT_SCADA,1,"2022/10/20 01:05:00",DDPS1,0
D,DISPATCH,UNIT_SCADA,1,"2022/10/20 01:05:00",DDSF1,0
D,DISPATCH,UNIT_SCADA,1,"2022/10/20 01:05:00",DEVILS_G,56.031980
D,DISPATCH,UNIT_SCADA,1,"2022/10/20 01:05:00",DG_NSW1,0
D,DISPATCH,UNIT_SCADA,1,"2022/10/20 01:05:00",DG_QLD1,0
D,DISPATCH,UNIT_SCADA,1,"2022/10/20 01:05:00",DG_SA1,0
D,DISPATCH,UNIT_SCADA,1,"2022/10/20 01:05:00",DG_TAS1,0
D,DISPATCH,UNIT_SCADA,1,"2022/10/20 01:05:00",DG_VIC1,0
D,DISPATCH,UNIT_SCADA,1,"2022/10/20 01:05:00",DRYCGT1,0
D,DISPATCH,UNIT_SCADA,1,"2022/10/20 01:05:00",DRYCGT2,0
D,DISPATCH,UNIT_SCADA,1,"2022/10/20 01:05:00",DRYCGT3,0
D,DISPATCH,UNIT_SCADA,1,"2022/10/20 01:05:00",DUNDWF1,61.84
D,DISPATCH,UNIT_SCADA,1,"2022/10/20 01:05:00",DUNDWF2,19.76
D,DISPATCH,UNIT_SCADA,1,"2022/10/20 01:05:00",DUNDWF3,42.38
D,DISPATCH,UNIT_SCADA,1,"2022/10/20 01:05:00",EILDON1,60.08
D,DISPATCH,UNIT_SCADA,1,"2022/10/20 01:05:00",EILDON2,60.04
D,DISPATCH,UNIT_SCADA,1,"2022/10/20 01:05:00",ELAINWF1,36.06
D,DISPATCH,UNIT_SCADA,1,"2022/10/20 01:05:00",EMERASF1,0
D,DISPATCH,UNIT_SCADA,1,"2022/10/20 01:05:00",ER01,0
D,DISPATCH,UNIT_SCADA,1,"2022/10/20 01:05:00",ER02,418.133820
D,DISPATCH,UNIT_SCADA,1,"2022/10/20 01:05:00",ER03,414.984340
D,DISPATCH,UNIT_SCADA,1,"2022/10/20 01:05:00",ER04,418.7930
D,DISPATCH,UNIT_SCADA,1,"2022/10/20 01:05:00",FINLYSF1,0
D,DISPATCH,UNIT_SCADA,1,"2022/10/20 01:05:00",FISHER,32.03
D,DISPATCH,UNIT_SCADA,1,"2022/10/20 01:05:00",GANGARR1,0
D,DISPATCH,UNIT_SCADA,1,"2022/10/20 01:05:00",GANNBG1,0
D,DISPATCH,UNIT_SCADA,1,"2022/10/20 01:05:00",GANNBL1,5.861180
D,DISPATCH,UNIT_SCADA,1,"2022/10/20 01:05:00",GANNSF1,0
D,DISPATCH,UNIT_SCADA,1,"2022/10/20 01:05:00",GLRWNSF1,0
D,DISPATCH,UNIT_SCADA,1,"2022/10/20 01:05:00",GNNDHSF1,0
D,DISPATCH,UNIT_SCADA,1,"2022/10/20 01:05:00",GOONSF1,0
D,DISPATCH,UNIT_SCADA,1,"2022/10/20 01:05:00",GORDON,197.8089
D,DISPATCH,UNIT_SCADA,1,"2022/10/20 01:05:00",GRANWF1,0
D,DISPATCH,UNIT_SCADA,1,"2022/10/20 01:05:00",GSTONE1,192.50
D,DISPATCH,UNIT_SCADA,1,"2022/10/20 01:05:00",GSTONE2,0
D,DISPATCH,UNIT_SCADA,1,"2022/10/20 01:05:00",GSTONE3,200.3750
D,DISPATCH,UNIT_SCADA,1,"2022/10/20 01:05:00",GSTONE4,0
D,DISPATCH,UNIT_SCADA,1,"2022/10/20 01:05:00",GSTONE5,201.0750
D,DISPATCH,UNIT_SCADA,1,"2022/10/20 01:05:00",GSTONE6,201.25
D,DISPATCH,UNIT_SCADA,1,"2022/10/20 01:05:00",GULLRSF1,0
D,DISPATCH,UNIT_SCADA,1,"2022/10/20 01:05:00",GULLRWF1,68.643950
D,DISPATCH,UNIT_SCADA,1,"2022/10/20 01:05:00",GULLRWF2,92.607370
D,DISPATCH,UNIT_SCADA,1,"2022/10/20 01:05:00",GUNNING1,0
D,DISPATCH,UNIT_SCADA,1,"2022/10/20 01:05:00",GUTHEGA,67.80
D,DISPATCH,UNIT_SCADA,1,"2022/10/20 01:05:00",HALLWF1,75.189990
D,DISPATCH,UNIT_SCADA,1,"2022/10/20 01:05:00",HALLWF2,54.17
D,DISPATCH,UNIT_SCADA,1,"2022/10/20 01:05:00",HAMISF1,0
D,DISPATCH,UNIT_SCADA,1,"2022/10/20 01:05:00",HAUGHT11,0
D,DISPATCH,UNIT_SCADA,1,"2022/10/20 01:05:00",HAYMSF1,0
D,DISPATCH,UNIT_SCADA,1,"2022/10/20 01:05:00",HDWF1,87.60
D,DISPATCH,UNIT_SCADA,1,"2022/10/20 01:05:00",HDWF2,67.30
D,DISPATCH,UNIT_SCADA,1,"2022/10/20 01:05:00",HDWF3,80.80
D,DISPATCH,UNIT_SCADA,1,"2022/10/20 01:05:00",HILLSTN1,0
D,DISPATCH,UNIT_SCADA,1,"2022/10/20 01:05:00",HPRG1,0
D,DISPATCH,UNIT_SCADA,1,"2022/10/20 01:05:00",HPRL1,17.60
D,DISPATCH,UNIT_SCADA,1,"2022/10/20 01:05:00",HUMENSW,55.693410
D,DISPATCH,UNIT_SCADA,1,"2022/10/20 01:05:00",HUMEV,0
D,DISPATCH,UNIT_SCADA,1,"2022/10/20 01:05:00",HVWWBA1G,0
D,DISPATCH,UNIT_SCADA,1,"2022/10/20 01:05:00",HVWWBA1L,0.0070
D,DISPATCH,UNIT_SCADA,1,"2022/10/20 01:05:00",HVWWPV1,0
D,DISPATCH,UNIT_SCADA,1,"2022/10/20 01:05:00",JBUTTERS,0
D,DISPATCH,UNIT_SCADA,1,"2022/10/20 01:05:00",JEMALNG1,0
D,DISPATCH,UNIT_SCADA,1,"2022/10/20 01:05:00",JLA01,0
D,DISPATCH,UNIT_SCADA,1,"2022/10/20 01:05:00",JLA02,0
D,DISPATCH,UNIT_SCADA,1,"2022/10/20 01:05:00",JLA03,0
D,DISPATCH,UNIT_SCADA,1,"2022/10/20 01:05:00",JLA04,0
D,DISPATCH,UNIT_SCADA,1,"2022/10/20 01:05:00",JLB01,0
D,DISPATCH,UNIT_SCADA,1,"2022/10/20 01:05:00",JLB02,0.10
D,DISPATCH,UNIT_SCADA,1,"2022/10/20 01:05:00",JLB03,0
D,DISPATCH,UNIT_SCADA,1,"2022/10/20 01:05:00",JUNEESF1,0
D,DISPATCH,UNIT_SCADA,1,"2022/10/20 01:05:00",KABANWF1,0
D,DISPATCH,UNIT_SCADA,1,"2022/10/20 01:05:00",KAREEYA1,0
D,DISPATCH,UNIT_SCADA,1,"2022/10/20 01:05:00",KAREEYA2,0
D,DISPATCH,UNIT_SCADA,1,"2022/10/20 01:05:00",KAREEYA3,4.9950
D,DISPATCH,UNIT_SCADA,1,"2022/10/20 01:05:00",KAREEYA4,0
D,DISPATCH,UNIT_SCADA,1,"2022/10/20 01:05:00",KARSF1,0
D,DISPATCH,UNIT_SCADA,1,"2022/10/20 01:05:00",KEPSF1,0
D,DISPATCH,UNIT_SCADA,1,"2022/10/20 01:05:00",KEPWF1,0
D,DISPATCH,UNIT_SCADA,1,"2022/10/20 01:05:00",KIAMSF1,0
D,DISPATCH,UNIT_SCADA,1,"2022/10/20 01:05:00",KIATAWF1,30.90
D,DISPATCH,UNIT_SCADA,1,"2022/10/20 01:05:00",KPP_1,0
D,DISPATCH,UNIT_SCADA,1,"2022/10/20 01:05:00",KSP1,0
D,DISPATCH,UNIT_SCADA,1,"2022/10/20 01:05:00",LADBROK1,0.02
D,DISPATCH,UNIT_SCADA,1,"2022/10/20 01:05:00",LADBROK2,38.17
D,DISPATCH,UNIT_SCADA,1,"2022/10/20 01:05:00",LBBG1,0.15
D,DISPATCH,UNIT_SCADA,1,"2022/10/20 01:05:00",LBBL1,0
D,DISPATCH,UNIT_SCADA,1,"2022/10/20 01:05:00",LD01,323.154390
D,DISPATCH,UNIT_SCADA,1,"2022/10/20 01:05:00",LD02,0
D,DISPATCH,UNIT_SCADA,1,"2022/10/20 01:05:00",LD04,323.9967
D,DISPATCH,UNIT_SCADA,1,"2022/10/20 01:05:00",LEM_WIL,86.983040
D,DISPATCH,UNIT_SCADA,1,"2022/10/20 01:05:00",LGAPWF1,76.46
D,DISPATCH,UNIT_SCADA,1,"2022/10/20 01:05:00",LGAPWF2,32.71
D,DISPATCH,UNIT_SCADA,1,"2022/10/20 01:05:00",LILYSF1,0
D,DISPATCH,UNIT_SCADA,1,"2022/10/20 01:05:00",LIMOSF11,0
D,DISPATCH,UNIT_SCADA,1,"2022/10/20 01:05:00",LIMOSF21,0
D,DISPATCH,UNIT_SCADA,1,"2022/10/20 01:05:00",LI_WY_CA,56.366810
D,DISPATCH,UNIT_SCADA,1,"2022/10/20 01:05:00",LKBONNY1,0
D,DISPATCH,UNIT_SCADA,1,"2022/10/20 01:05:00",LKBONNY2,25.413760
D,DISPATCH,UNIT_SCADA,1,"2022/10/20 01:05:00",LKBONNY3,9.154820
D,DISPATCH,UNIT_SCADA,1,"2022/10/20 01:05:00",LK_ECHO,0
D,DISPATCH,UNIT_SCADA,1,"2022/10/20 01:05:00",LNGS1,0
D,DISPATCH,UNIT_SCADA,1,"2022/10/20 01:05:00",LNGS2,0
D,DISPATCH,UNIT_SCADA,1,"2022/10/20 01:05:00",LONSDALE,0
D,DISPATCH,UNIT_SCADA,1,"2022/10/20 01:05:00",LOYYB1,441.725310
D,DISPATCH,UNIT_SCADA,1,"2022/10/20 01:05:00",LOYYB2,451.50
D,DISPATCH,UNIT_SCADA,1,"2022/10/20 01:05:00",LYA1,557
D,DISPATCH,UNIT_SCADA,1,"2022/10/20 01:05:00",LYA2,0
D,DISPATCH,UNIT_SCADA,1,"2022/10/20 01:05:00",LYA3,561
D,DISPATCH,UNIT_SCADA,1,"2022/10/20 01:05:00",LYA4,560
D,DISPATCH,UNIT_SCADA,1,"2022/10/20 01:05:00",MACARTH1,36.199170
D,DISPATCH,UNIT_SCADA,1,"2022/10/20 01:05:00",MACKNTSH,0
D,DISPATCH,UNIT_SCADA,1,"2022/10/20 01:05:00",MANSLR1,0
D,DISPATCH,UNIT_SCADA,1,"2022/10/20 01:05:00",MAPS2PV1,0
D,DISPATCH,UNIT_SCADA,1,"2022/10/20 01:05:00",MAPS3PV1,0
D,DISPATCH,UNIT_SCADA,1,"2022/10/20 01:05:00",MARYRSF1,0
D,DISPATCH,UNIT_SCADA,1,"2022/10/20 01:05:00",MBPS2PV1,0
D,DISPATCH,UNIT_SCADA,1,"2022/10/20 01:05:00",MCKAY1,0.02
D,DISPATCH,UNIT_SCADA,1,"2022/10/20 01:05:00",MEADOWBK,19.8631
D,DISPATCH,UNIT_SCADA,1,"2022/10/20 01:05:00",MERCER01,52.80
D,DISPATCH,UNIT_SCADA,1,"2022/10/20 01:05:00",METZSF1,0
D,DISPATCH,UNIT_SCADA,1,"2022/10/20 01:05:00",MEWF1,5.955330
D,DISPATCH,UNIT_SCADA,1,"2022/10/20 01:05:00",MIDDLSF1,0
D,DISPATCH,UNIT_SCADA,1,"2022/10/20 01:05:00",MINTARO,0.128180
D,DISPATCH,UNIT_SCADA,1,"2022/10/20 01:05:00",MOLNGSF1,0
D,DISPATCH,UNIT_SCADA,1,"2022/10/20 01:05:00",MOORAWF1,43.81
D,DISPATCH,UNIT_SCADA,1,"2022/10/20 01:05:00",MOREESF1,0
D,DISPATCH,UNIT_SCADA,1,"2022/10/20 01:05:00",MORTLK11,0
D,DISPATCH,UNIT_SCADA,1,"2022/10/20 01:05:00",MORTLK12,0
D,DISPATCH,UNIT_SCADA,1,"2022/10/20 01:05:00",MOUSF1,0
D,DISPATCH,UNIT_SCADA,1,"2022/10/20 01:05:00",MP1,0
D,DISPATCH,UNIT_SCADA,1,"2022/10/20 01:05:00",MP2,359.929810
D,DISPATCH,UNIT_SCADA,1,"2022/10/20 01:05:00",MPP_1,96.011520
D,DISPATCH,UNIT_SCADA,1,"2022/10/20 01:05:00",MPP_2,0
D,DISPATCH,UNIT_SCADA,1,"2022/10/20 01:05:00",MRTLSWF1,0
D,DISPATCH,UNIT_SCADA,1,"2022/10/20 01:05:00",MSTUART1,0
D,DISPATCH,UNIT_SCADA,1,"2022/10/20 01:05:00",MSTUART2,0
D,DISPATCH,UNIT_SCADA,1,"2022/10/20 01:05:00",MSTUART3,0
D,DISPATCH,UNIT_SCADA,1,"2022/10/20 01:05:00",MTGELWF1,1.658680
D,DISPATCH,UNIT_SCADA,1,"2022/10/20 01:05:00",MTMILLAR,15.80
D,DISPATCH,UNIT_SCADA,1,"2022/10/20 01:05:00",MURRAY,0
D,DISPATCH,UNIT_SCADA,1,"2022/10/20 01:05:00",MUSSELR1,60
D,DISPATCH,UNIT_SCADA,1,"2022/10/20 01:05:00",MUWAWF1,187.30
D,DISPATCH,UNIT_SCADA,1,"2022/10/20 01:05:00",MUWAWF2,183.600010
D,DISPATCH,UNIT_SCADA,1,"2022/10/20 01:05:00",MWPS1PV1,0
D,DISPATCH,UNIT_SCADA,1,"2022/10/20 01:05:00",MWPS2PV1,0
D,DISPATCH,UNIT_SCADA,1,"2022/10/20 01:05:00",MWPS3PV1,0
D,DISPATCH,UNIT_SCADA,1,"2022/10/20 01:05:00",MWPS4PV1,0
D,DISPATCH,UNIT_SCADA,1,"2022/10/20 01:05:00",NBHWF1,118.20
D,DISPATCH,UNIT_SCADA,1,"2022/10/20 01:05:00",NEVERSF1,0
D,DISPATCH,UNIT_SCADA,1,"2022/10/20 01:05:00",NPS,0
D,DISPATCH,UNIT_SCADA,1,"2022/10/20 01:05:00",NUMURSF1,0
D,DISPATCH,UNIT_SCADA,1,"2022/10/20 01:05:00",NYNGAN1,0
D,DISPATCH,UNIT_SCADA,1,"2022/10/20 01:05:00",OAKEY1,0
D,DISPATCH,UNIT_SCADA,1,"2022/10/20 01:05:00",OAKEY1SF,0
D,DISPATCH,UNIT_SCADA,1,"2022/10/20 01:05:00",OAKEY2,0
D,DISPATCH,UNIT_SCADA,1,"2022/10/20 01:05:00",OAKEY2SF,0
D,DISPATCH,UNIT_SCADA,1,"2022/10/20 01:05:00",OAKLAND1,20.50
D,DISPATCH,UNIT_SCADA,1,"2022/10/20 01:05:00",OSB-AG,0
D,DISPATCH,UNIT_SCADA,1,"2022/10/20 01:05:00",PAREPS1,0.0660
D,DISPATCH,UNIT_SCADA,1,"2022/10/20 01:05:00",PAREPW1,17.24
D,DISPATCH,UNIT_SCADA,1,"2022/10/20 01:05:00",PARSF1,0.001530
D,DISPATCH,UNIT_SCADA,1,"2022/10/20 01:05:00",POAT110,0
D,DISPATCH,UNIT_SCADA,1,"2022/10/20 01:05:00",POAT220,0
D,DISPATCH,UNIT_SCADA,1,"2022/10/20 01:05:00",POR01,0
D,DISPATCH,UNIT_SCADA,1,"2022/10/20 01:05:00",POR03,0
D,DISPATCH,UNIT_SCADA,1,"2022/10/20 01:05:00",PPCCGT,176.236540
D,DISPATCH,UNIT_SCADA,1,"2022/10/20 01:05:00",PTSTAN1,0
D,DISPATCH,UNIT_SCADA,1,"2022/10/20 01:05:00",PUMP1,0
D,DISPATCH,UNIT_SCADA,1,"2022/10/20 01:05:00",PUMP2,0
D,DISPATCH,UNIT_SCADA,1,"2022/10/20 01:05:00",QBYNBG1,0
D,DISPATCH,UNIT_SCADA,1,"2022/10/20 01:05:00",QBYNBL1,0.0035
D,DISPATCH,UNIT_SCADA,1,"2022/10/20 01:05:00",QPS1,0
D,DISPATCH,UNIT_SCADA,1,"2022/10/20 01:05:00",QPS2,0
D,DISPATCH,UNIT_SCADA,1,"2022/10/20 01:05:00",QPS3,0
D,DISPATCH,UNIT_SCADA,1,"2022/10/20 01:05:00",QPS4,0
D,DISPATCH,UNIT_SCADA,1,"2022/10/20 01:05:00",QPS5,77.53
D,DISPATCH,UNIT_SCADA,1,"2022/10/20 01:05:00",REECE1,0
D,DISPATCH,UNIT_SCADA,1,"2022/10/20 01:05:00",REECE2,0
D,DISPATCH,UNIT_SCADA,1,"2022/10/20 01:05:00",ROMA_7,0
D,DISPATCH,UNIT_SCADA,1,"2022/10/20 01:05:00",ROMA_8,0
D,DISPATCH,UNIT_SCADA,1,"2022/10/20 01:05:00",RRSF1,0
D,DISPATCH,UNIT_SCADA,1,"2022/10/20 01:05:00",RT_NSW1,0
D,DISPATCH,UNIT_SCADA,1,"2022/10/20 01:05:00",RT_NSW2,0
D,DISPATCH,UNIT_SCADA,1,"2022/10/20 01:05:00",RT_NSW3,0
D,DISPATCH,UNIT_SCADA,1,"2022/10/20 01:05:00",RT_NSW4,0
D,DISPATCH,UNIT_SCADA,1,"2022/10/20 01:05:00",RT_NSW5,0
D,DISPATCH,UNIT_SCADA,1,"2022/10/20 01:05:00",RT_NSW6,0
D,DISPATCH,UNIT_SCADA,1,"2022/10/20 01:05:00",RT_QLD1,0
D,DISPATCH,UNIT_SCADA,1,"2022/10/20 01:05:00",RT_SA1,0
D,DISPATCH,UNIT_SCADA,1,"2022/10/20 01:05:00",RT_SA2,0
D,DISPATCH,UNIT_SCADA,1,"2022/10/20 01:05:00",RT_SA3,0
D,DISPATCH,UNIT_SCADA,1,"2022/10/20 01:05:00",RT_SA4,0
D,DISPATCH,UNIT_SCADA,1,"2022/10/20 01:05:00",RT_SA5,0
D,DISPATCH,UNIT_SCADA,1,"2022/10/20 01:05:00",RT_SA6,0
D,DISPATCH,UNIT_SCADA,1,"2022/10/20 01:05:00",RT_TAS1,0
D,DISPATCH,UNIT_SCADA,1,"2022/10/20 01:05:00",RT_VIC1,0
D,DISPATCH,UNIT_SCADA,1,"2022/10/20 01:05:00",RT_VIC10,0
D,DISPATCH,UNIT_SCADA,1,"2022/10/20 01:05:00",RT_VIC11,0
D,DISPATCH,UNIT_SCADA,1,"2022/10/20 01:05:00",RT_VIC12,0
D,DISPATCH,UNIT_SCADA,1,"2022/10/20 01:05:00",RT_VIC2,0
D,DISPATCH,UNIT_SCADA,1,"2022/10/20 01:05:00",RT_VIC3,0
D,DISPATCH,UNIT_SCADA,1,"2022/10/20 01:05:00",RT_VIC4,0
D,DISPATCH,UNIT_SCADA,1,"2022/10/20 01:05:00",RT_VIC5,0
D,DISPATCH,UNIT_SCADA,1,"2022/10/20 01:05:00",RT_VIC6,0
D,DISPATCH,UNIT_SCADA,1,"2022/10/20 01:05:00",RT_VIC7,0
D,DISPATCH,UNIT_SCADA,1,"2022/10/20 01:05:00",RT_VIC8,0
D,DISPATCH,UNIT_SCADA,1,"2022/10/20 01:05:00",RT_VIC9,0
D,DISPATCH,UNIT_SCADA,1,"2022/10/20 01:05:00",RUGBYR1,0
D,DISPATCH,UNIT_SCADA,1,"2022/10/20 01:05:00",SALTCRK1,9.40
D,DISPATCH,UNIT_SCADA,1,"2022/10/20 01:05:00",SAPHWF1,241.039140
D,DISPATCH,UNIT_SCADA,1,"2022/10/20 01:05:00",SEBSF1,0
D,DISPATCH,UNIT_SCADA,1,"2022/10/20 01:05:00",SHGEN,0
D,DISPATCH,UNIT_SCADA,1,"2022/10/20 01:05:00",SHPUMP,0
D,DISPATCH,UNIT_SCADA,1,"2022/10/20 01:05:00",SITHE01,0.133760
D,DISPATCH,UNIT_SCADA,1,"2022/10/20 01:05:00",SMCSF1,0
D,DISPATCH,UNIT_SCADA,1,"2022/10/20 01:05:00",SNAPPER1,0
D,DISPATCH,UNIT_SCADA,1,"2022/10/20 01:05:00",SNOWNTH1,132.399990
D,DISPATCH,UNIT_SCADA,1,"2022/10/20 01:05:00",SNOWSTH1,114.20
D,DISPATCH,UNIT_SCADA,1,"2022/10/20 01:05:00",SNOWTWN1,92.077460
D,DISPATCH,UNIT_SCADA,1,"2022/10/20 01:05:00",SNOWYP,0
D,DISPATCH,UNIT_SCADA,1,"2022/10/20 01:05:00",SNUG1,0
D,DISPATCH,UNIT_SCADA,1,"2022/10/20 01:05:00",SRSF1,0
D,DISPATCH,UNIT_SCADA,1,"2022/10/20 01:05:00",STAN-1,282.876040
D,DISPATCH,UNIT_SCADA,1,"2022/10/20 01:05:00",STAN-2,364.602330
D,DISPATCH,UNIT_SCADA,1,"2022/10/20 01:05:00",STAN-3,364.704860
D,DISPATCH,UNIT_SCADA,1,"2022/10/20 01:05:00",STAN-4,365.115020
D,DISPATCH,UNIT_SCADA,1,"2022/10/20 01:05:00",STARHLWF,24.292920
D,DISPATCH,UNIT_SCADA,1,"2022/10/20 01:05:00",STOCKYD1,286.709990
D,DISPATCH,UNIT_SCADA,1,"2022/10/20 01:05:00",STWF1,150.652330
D,DISPATCH,UNIT_SCADA,1,"2022/10/20 01:05:00",SUNRSF1,0
D,DISPATCH,UNIT_SCADA,1,"2022/10/20 01:05:00",SUNTPSF1,0
D,DISPATCH,UNIT_SCADA,1,"2022/10/20 01:05:00",SWAN_E,249.834990
D,DISPATCH,UNIT_SCADA,1,"2022/10/20 01:05:00",TALWA1,0
D,DISPATCH,UNIT_SCADA,1,"2022/10/20 01:05:00",TARALGA1,0
D,DISPATCH,UNIT_SCADA,1,"2022/10/20 01:05:00",TARONG#1,292.200010
D,DISPATCH,UNIT_SCADA,1,"2022/10/20 01:05:00",TARONG#2,292.399990
D,DISPATCH,UNIT_SCADA,1,"2022/10/20 01:05:00",TARONG#3,0.90
D,DISPATCH,UNIT_SCADA,1,"2022/10/20 01:05:00",TARONG#4,192.20
D,DISPATCH,UNIT_SCADA,1,"2022/10/20 01:05:00",TARRALEA,54
D,DISPATCH,UNIT_SCADA,1,"2022/10/20 01:05:00",TBSF1,0
D,DISPATCH,UNIT_SCADA,1,"2022/10/20 01:05:00",TNPS1,303.4375
D,DISPATCH,UNIT_SCADA,1,"2022/10/20 01:05:00",TORRB1,0
D,DISPATCH,UNIT_SCADA,1,"2022/10/20 01:05:00",TORRB2,43
D,DISPATCH,UNIT_SCADA,1,"2022/10/20 01:05:00",TORRB3,0
D,DISPATCH,UNIT_SCADA,1,"2022/10/20 01:05:00",TORRB4,0
D,DISPATCH,UNIT_SCADA,1,"2022/10/20 01:05:00",TREVALLN,100.084090
D,DISPATCH,UNIT_SCADA,1,"2022/10/20 01:05:00",TRIBUTE,0
D,DISPATCH,UNIT_SCADA,1,"2022/10/20 01:05:00",TUMUT3,0
D,DISPATCH,UNIT_SCADA,1,"2022/10/20 01:05:00",TUNGATIN,4.600020
D,DISPATCH,UNIT_SCADA,1,"2022/10/20 01:05:00",TVCC201,0
D,DISPATCH,UNIT_SCADA,1,"2022/10/20 01:05:00",TVPP104,0
D,DISPATCH,UNIT_SCADA,1,"2022/10/20 01:05:00",UPPTUMUT,0
D,DISPATCH,UNIT_SCADA,1,"2022/10/20 01:05:00",URANQ11,0
D,DISPATCH,UNIT_SCADA,1,"2022/10/20 01:05:00",URANQ12,0
D,DISPATCH,UNIT_SCADA,1,"2022/10/20 01:05:00",URANQ13,0
D,DISPATCH,UNIT_SCADA,1,"2022/10/20 01:05:00",URANQ14,0
D,DISPATCH,UNIT_SCADA,1,"2022/10/20 01:05:00",VBBG1,0
D,DISPATCH,UNIT_SCADA,1,"2022/10/20 01:05:00",VBBL1,114.40
D,DISPATCH,UNIT_SCADA,1,"2022/10/20 01:05:00",VP5,574.016540
D,DISPATCH,UNIT_SCADA,1,"2022/10/20 01:05:00",VP6,575.432620
D,DISPATCH,UNIT_SCADA,1,"2022/10/20 01:05:00",VPGS1,0
D,DISPATCH,UNIT_SCADA,1,"2022/10/20 01:05:00",VPGS2,0
D,DISPATCH,UNIT_SCADA,1,"2022/10/20 01:05:00",VPGS3,0
D,DISPATCH,UNIT_SCADA,1,"2022/10/20 01:05:00",VPGS4,0
D,DISPATCH,UNIT_SCADA,1,"2022/10/20 01:05:00",VPGS5,0
D,DISPATCH,UNIT_SCADA,1,"2022/10/20 01:05:00",VPGS6,0
D,DISPATCH,UNIT_SCADA,1,"2022/10/20 01:05:00",W/HOE#1,0
D,DISPATCH,UNIT_SCADA,1,"2022/10/20 01:05:00",W/HOE#2,0
D,DISPATCH,UNIT_SCADA,1,"2022/10/20 01:05:00",WAGGNSF1,0
D,DISPATCH,UNIT_SCADA,1,"2022/10/20 01:05:00",WALGRVG1,0.000930
D,DISPATCH,UNIT_SCADA,1,"2022/10/20 01:05:00",WALGRVL1,0
D,DISPATCH,UNIT_SCADA,1,"2022/10/20 01:05:00",WANDBG1,0.828310
D,DISPATCH,UNIT_SCADA,1,"2022/10/20 01:05:00",WANDBL1,0
D,DISPATCH,UNIT_SCADA,1,"2022/10/20 01:05:00",WARWSF1,0
D,DISPATCH,UNIT_SCADA,1,"2022/10/20 01:05:00",WARWSF2,0
D,DISPATCH,UNIT_SCADA,1,"2022/10/20 01:05:00",WATERLWF,63.60
D,DISPATCH,UNIT_SCADA,1,"2022/10/20 01:05:00",WDGPH1,0
D,DISPATCH,UNIT_SCADA,1,"2022/10/20 01:05:00",WELLSF1,0
D,DISPATCH,UNIT_SCADA,1,"2022/10/20 01:05:00",WEMENSF1,0
D,DISPATCH,UNIT_SCADA,1,"2022/10/20 01:05:00",WGWF1,101.80
D,DISPATCH,UNIT_SCADA,1,"2022/10/20 01:05:00",WHITSF1,0
D,DISPATCH,UNIT_SCADA,1,"2022/10/20 01:05:00",WINTSF1,0
D,DISPATCH,UNIT_SCADA,1,"2022/10/20 01:05:00",WKIEWA1,34.10
D,DISPATCH,UNIT_SCADA,1,"2022/10/20 01:05:00",WKIEWA2,34.30
D,DISPATCH,UNIT_SCADA,1,"2022/10/20 01:05:00",WOODLWN1,21.370930
D,DISPATCH,UNIT_SCADA,1,"2022/10/20 01:05:00",WOOLGSF1,0
D,DISPATCH,UNIT_SCADA,1,"2022/10/20 01:05:00",WPWF,76.20
D,DISPATCH,UNIT_SCADA,1,"2022/10/20 01:05:00",WRSF1,0
D,DISPATCH,UNIT_SCADA,1,"2022/10/20 01:05:00",WRWF1,84.175480
D,DISPATCH,UNIT_SCADA,1,"2022/10/20 01:05:00",WSTWYSF1,0
D,DISPATCH,UNIT_SCADA,1,"2022/10/20 01:05:00",YABULU,0
D,DISPATCH,UNIT_SCADA,1,"2022/10/20 01:05:00",YABULU2,0
D,DISPATCH,UNIT_SCADA,1,"2022/10/20 01:05:00",YARANSF1,0
D,DISPATCH,UNIT_SCADA,1,"2022/10/20 01:05:00",YARWUN_1,159.55
D,DISPATCH,UNIT_SCADA,1,"2022/10/20 01:05:00",YATSF1,0
D,DISPATCH,UNIT_SCADA,1,"2022/10/20 01:05:00",YENDWF1,32.64
D,DISPATCH,UNIT_SCADA,1,"2022/10/20 01:05:00",YWPS1,364.159480
D,DISPATCH,UNIT_SCADA,1,"2022/10/20 01:05:00",YWPS2,359.898740
D,DISPATCH,UNIT_SCADA,1,"2022/10/20 01:05:00",YWPS3,360.235440
D,DISPATCH,UNIT_SCADA,1,"2022/10/20 01:05:00",YWPS4,0
C,"END OF REPORT",419
