C,NEMP.WORLD,DISPATCHSCADA,AEMO,PUBLIC,2022/10/20,17:45:10,0000000373271141,DISPATCHSCADA,0000000373271135
I,DISPATCH,UNIT_SCADA,1,SETTLEMENTDATE,DUID,SCADAVALUE
D,DISPATCH,UNIT_SCADA,1,"2022/10/20 17:50:00",BARCSF1,4.10
D,DISPATCH,UNIT_SCADA,1,"2022/10/20 17:50:00",BUTLERSG,8.699999
D,DISPATCH,UNIT_SCADA,1,"2022/10/20 17:50:00",CAPTL_WF,88.403694
D,DISPATCH,UNIT_SCADA,1,"2022/10/20 17:50:00",CHALLHWF,7.50
D,DISPATCH,UNIT_SCADA,1,"2022/10/20 17:50:00",CLOVER,12.93
D,DISPATCH,UNIT_SCADA,1,"2022/10/20 17:50:00",CLUNY,6.305791
D,DISPATCH,UNIT_SCADA,1,"2022/10/20 17:50:00",CULLRGWF,-0.03
D,DISPATCH,UNIT_SCADA,1,"2022/10/20 17:50:00",DIAPURWF1,1.50
D,DISPATCH,UNIT_SCADA,1,"2022/10/20 17:50:00",ERGT01,0
D,DISPATCH,UNIT_SCADA,1,"2022/10/20 17:50:00",GB01,0
D,DISPATCH,UNIT_SCADA,1,"2022/10/20 17:50:00",GERMCRK,19.799999
D,DISPATCH,UNIT_SCADA,1,"2022/10/20 17:50:00",GRIFSF1,8.400091
D,DISPATCH,UNIT_SCADA,1,"2022/10/20 17:50:00",HEZ1,0
D,DISPATCH,UNIT_SCADA,1,"2022/10/20 17:50:00",HUGSF1,1.9480
D,DISPATCH,UNIT_SCADA,1,"2022/10/20 17:50:00",KEPBG1,2.01
D,DISPATCH,UNIT_SCADA,1,"2022/10/20 17:50:00",LRSF1,3.56
D,DISPATCH,UNIT_SCADA,1,"2022/10/20 17:50:00",MBAHNTH,43.649994
D,DISPATCH,UNIT_SCADA,1,"2022/10/20 17:50:00",MLSP1,0.138001
D,DISPATCH,UNIT_SCADA,1,"2022/10/20 17:50:00",MLWF1,6.7350
D,DISPATCH,UNIT_SCADA,1,"2022/10/20 17:50:00",PALOONA,30.529999
D,DISPATCH,UNIT_SCADA,1,"2022/10/20 17:50:00",PIONEER,29.700001
D,DISPATCH,UNIT_SCADA,1,"2022/10/20 17:50:00",PORTWF,27.60
D,DISPATCH,UNIT_SCADA,1,"2022/10/20 17:50:00",REPULSE,9.511253
D,DISPATCH,UNIT_SCADA,1,"2022/10/20 17:50:00",ROWALLAN,8.974401
D,DISPATCH,UNIT_SCADA,1,"2022/10/20 17:50:00",ROYALLA1,0
D,DISPATCH,UNIT_SCADA,1,"2022/10/20 17:50:00",RPCG,-1.80
D,DISPATCH,UNIT_SCADA,1,"2022/10/20 17:50:00",RUBICON,0
D,DISPATCH,UNIT_SCADA,1,"2022/10/20 17:50:00",WAUBRAWF,66.832001
D,DISPATCH,UNIT_SCADA,1,"2022/10/20 17:50:00",WOOLNTH1,97.679993
D,DISPATCH,UNIT_SCADA,1,"2022/10/20 17:50:00",YAMBUKWF,2.60
D,DISPATCH,UNIT_SCADA,1,"2022/10/20 17:50:00",YSWF1,1.60
D,DISPATCH,UNIT_SCADA,1,"2022/10/20 17:50:00",ADPBA1G,0.0080
D,DISPATCH,UNIT_SCADA,1,"2022/10/20 17:50:00",ADPBA1L,0
D,DISPATCH,UNIT_SCADA,1,"2022/10/20 17:50:00",ADPPV1,2.4120
D,DISPATCH,UNIT_SCADA,1,"2022/10/20 17:50:00",AGLHAL,30.732150
D,DISPATCH,UNIT_SCADA,1,"2022/10/20 17:50:00",AGLSOM,0
D,DISPATCH,UNIT_SCADA,1,"2022/10/20 17:50:00",ANGAST1,0
D,DISPATCH,UNIT_SCADA,1,"2022/10/20 17:50:00",ARWF1,73.20
D,DISPATCH,UNIT_SCADA,1,"2022/10/20 17:50:00",BALBG1,0
D,DISPATCH,UNIT_SCADA,1,"2022/10/20 17:50:00",BALBL1,0
D,DISPATCH,UNIT_SCADA,1,"2022/10/20 17:50:00",BALDHWF1,104.7890
D,DISPATCH,UNIT_SCADA,1,"2022/10/20 17:50:00",BANGOWF1,75.3991
D,DISPATCH,UNIT_SCADA,1,"2022/10/20 17:50:00",BANGOWF2,64.797670
D,DISPATCH,UNIT_SCADA,1,"2022/10/20 17:50:00",BANN1,7.74
D,DISPATCH,UNIT_SCADA,1,"2022/10/20 17:50:00",BARCALDN,0
D,DISPATCH,UNIT_SCADA,1,"2022/10/20 17:50:00",BARKIPS1,89.46
D,DISPATCH,UNIT_SCADA,1,"2022/10/20 17:50:00",BARRON-1,27.84
D,DISPATCH,UNIT_SCADA,1,"2022/10/20 17:50:00",BARRON-2,28.12
D,DISPATCH,UNIT_SCADA,1,"2022/10/20 17:50:00",BASTYAN,50.13
D,DISPATCH,UNIT_SCADA,1,"2022/10/20 17:50:00",BBTHREE1,0
D,DISPATCH,UNIT_SCADA,1,"2022/10/20 17:50:00",BBTHREE2,0
D,DISPATCH,UNIT_SCADA,1,"2022/10/20 17:50:00",BBTHREE3,-1.25
D,DISPATCH,UNIT_SCADA,1,"2022/10/20 17:50:00",BDL01,0
D,DISPATCH,UNIT_SCADA,1,"2022/10/20 17:50:00",BDL02,0
D,DISPATCH,UNIT_SCADA,1,"2022/10/20 17:50:00",BERYLSF1,3.142280
D,DISPATCH,UNIT_SCADA,1,"2022/10/20 17:50:00",BLOWERNG,62.70
D,DISPATCH,UNIT_SCADA,1,"2022/10/20 17:50:00",BLUEGSF1,1.546050
D,DISPATCH,UNIT_SCADA,1,"2022/10/20 17:50:00",BLUFF1,4.60
D,DISPATCH,UNIT_SCADA,1,"2022/10/20 17:50:00",BNGSF1,60.85
D,DISPATCH,UNIT_SCADA,1,"2022/10/20 17:50:00",BNGSF2,59.81
D,DISPATCH,UNIT_SCADA,1,"2022/10/20 17:50:00",BOCORWF1,69.18
D,DISPATCH,UNIT_SCADA,1,"2022/10/20 17:50:00",BODWF1,102.4114
D,DISPATCH,UNIT_SCADA,1,"2022/10/20 17:50:00",BOMENSF1,4.821240
D,DISPATCH,UNIT_SCADA,1,"2022/10/20 17:50:00",BOWWBA1G,0
D,DISPATCH,UNIT_SCADA,1,"2022/10/20 17:50:00",BOWWBA1L,0.0010
D,DISPATCH,UNIT_SCADA,1,"2022/10/20 17:50:00",BOWWPV1,0.0010
D,DISPATCH,UNIT_SCADA,1,"2022/10/20 17:50:00",BRAEMAR1,0
D,DISPATCH,UNIT_SCADA,1,"2022/10/20 17:50:00",BRAEMAR2,0
D,DISPATCH,UNIT_SCADA,1,"2022/10/20 17:50:00",BRAEMAR3,0
D,DISPATCH,UNIT_SCADA,1,"2022/10/20 17:50:00",BRAEMAR5,145.384960
D,DISPATCH,UNIT_SCADA,1,"2022/10/20 17:50:00",BRAEMAR6,0
D,DISPATCH,UNIT_SCADA,1,"2022/10/20 17:50:00",BRAEMAR7,142.293170
D,DISPATCH,UNIT_SCADA,1,"2022/10/20 17:50:00",BROKENH1,8.499870
D,DISPATCH,UNIT_SCADA,1,"2022/10/20 17:50:00",BRYB1WF1,87.815670
D,DISPATCH,UNIT_SCADA,1,"2022/10/20 17:50:00",BULBESG1,0
D,DISPATCH,UNIT_SCADA,1,"2022/10/20 17:50:00",BULBESL1,0.03
D,DISPATCH,UNIT_SCADA,1,"2022/10/20 17:50:00",BULGANA1,51.84
D,DISPATCH,UNIT_SCADA,1,"2022/10/20 17:50:00",BW01,658.884580
D,DISPATCH,UNIT_SCADA,1,"2022/10/20 17:50:00",BW02,627.682920
D,DISPATCH,UNIT_SCADA,1,"2022/10/20 17:50:00",BW03,609.933590
D,DISPATCH,UNIT_SCADA,1,"2022/10/20 17:50:00",BW04,0
D,DISPATCH,UNIT_SCADA,1,"2022/10/20 17:50:00",CALL_B_1,321.100010
D,DISPATCH,UNIT_SCADA,1,"2022/10/20 17:50:00",CALL_B_2,320.700010
D,DISPATCH,UNIT_SCADA,1,"2022/10/20 17:50:00",CATHROCK,12.10
D,DISPATCH,UNIT_SCADA,1,"2022/10/20 17:50:00",CBWWBA1G,0
D,DISPATCH,UNIT_SCADA,1,"2022/10/20 17:50:00",CBWWBA1L,0
D,DISPATCH,UNIT_SCADA,1,"2022/10/20 17:50:00",CETHANA,97.406130
D,DISPATCH,UNIT_SCADA,1,"2022/10/20 17:50:00",CG1,0
D,DISPATCH,UNIT_SCADA,1,"2022/10/20 17:50:00",CG2,0
D,DISPATCH,UNIT_SCADA,1,"2022/10/20 17:50:00",CG3,0
D,DISPATCH,UNIT_SCADA,1,"2022/10/20 17:50:00",CG4,0
D,DISPATCH,UNIT_SCADA,1,"2022/10/20 17:50:00",CHILDSF1,0
D,DISPATCH,UNIT_SCADA,1,"2022/10/20 17:50:00",CHYTWF1,7.75
D,DISPATCH,UNIT_SCADA,1,"2022/10/20 17:50:00",CLARESF1,0
D,DISPATCH,UNIT_SCADA,1,"2022/10/20 17:50:00",CLEMGPWF,17.216370
D,DISPATCH,UNIT_SCADA,1,"2022/10/20 17:50:00",CLERMSF1,0
D,DISPATCH,UNIT_SCADA,1,"2022/10/20 17:50:00",CNUNDAWF,10.612380
D,DISPATCH,UNIT_SCADA,1,"2022/10/20 17:50:00",COHUNSF1,1.16
D,DISPATCH,UNIT_SCADA,1,"2022/10/20 17:50:00",COLEASF1,10.9968
D,DISPATCH,UNIT_SCADA,1,"2022/10/20 17:50:00",COLUMSF1,0.6730
D,DISPATCH,UNIT_SCADA,1,"2022/10/20 17:50:00",COLWF01,133.147170
D,DISPATCH,UNIT_SCADA,1,"2022/10/20 17:50:00",COOPGWF1,346.989990
D,DISPATCH,UNIT_SCADA,1,"2022/10/20 17:50:00",CPP_3,372.899990
D,DISPATCH,UNIT_SCADA,1,"2022/10/20 17:50:00",CPP_4,0
D,DISPATCH,UNIT_SCADA,1,"2022/10/20 17:50:00",CPSA,0
D,DISPATCH,UNIT_SCADA,1,"2022/10/20 17:50:00",CROOKWF2,68.104680
D,DISPATCH,UNIT_SCADA,1,"2022/10/20 17:50:00",CROWLWF1,27.248640
D,DISPATCH,UNIT_SCADA,1,"2022/10/20 17:50:00",CRURWF1,79.397650
D,DISPATCH,UNIT_SCADA,1,"2022/10/20 17:50:00",CRWASF1,1.873410
D,DISPATCH,UNIT_SCADA,1,"2022/10/20 17:50:00",CSPVPS1,0.3130
D,DISPATCH,UNIT_SCADA,1,"2022/10/20 17:50:00",CTHLWF1,0.003050
D,DISPATCH,UNIT_SCADA,1,"2022/10/20 17:50:00",DALNTH01,0
D,DISPATCH,UNIT_SCADA,1,"2022/10/20 17:50:00",DALNTHL1,0.032040
D,DISPATCH,UNIT_SCADA,1,"2022/10/20 17:50:00",DARLSF1,22.133940
D,DISPATCH,UNIT_SCADA,1,"2022/10/20 17:50:00",DARTM1,0
D,DISPATCH,UNIT_SCADA,1,"2022/10/20 17:50:00",DAYDSF1,0
D,DISPATCH,UNIT_SCADA,1,"2022/10/20 17:50:00",DDPS1,0
D,DISPATCH,UNIT_SCADA,1,"2022/10/20 17:50:00",DDSF1,0
D,DISPATCH,UNIT_SCADA,1,"2022/10/20 17:50:00",DEVILS_G,59.459820
D,DISPATCH,UNIT_SCADA,1,"2022/10/20 17:50:00",DG_NSW1,0
D,DISPATCH,UNIT_SCADA,1,"2022/10/20 17:50:00",DG_QLD1,0
D,DISPATCH,UNIT_SCADA,1,"2022/10/20 17:50:00",DG_SA1,0
D,DISPATCH,UNIT_SCADA,1,"2022/10/20 17:50:00",DG_TAS1,0
D,DISPATCH,UNIT_SCADA,1,"2022/10/20 17:50:00",DG_VIC1,0
D,DISPATCH,UNIT_SCADA,1,"2022/10/20 17:50:00",DRYCGT1,0
D,DISPATCH,UNIT_SCADA,1,"2022/10/20 17:50:00",DRYCGT2,0
D,DISPATCH,UNIT_SCADA,1,"2022/10/20 17:50:00",DRYCGT3,0
D,DISPATCH,UNIT_SCADA,1,"2022/10/20 17:50:00",DUNDWF1,46.27
D,DISPATCH,UNIT_SCADA,1,"2022/10/20 17:50:00",DUNDWF2,15.01
D,DISPATCH,UNIT_SCADA,1,"2022/10/20 17:50:00",DUNDWF3,62.16
D,DISPATCH,UNIT_SCADA,1,"2022/10/20 17:50:00",EILDON1,60.36
D,DISPATCH,UNIT_SCADA,1,"2022/10/20 17:50:00",EILDON2,60.08
D,DISPATCH,UNIT_SCADA,1,"2022/10/20 17:50:00",ELAINWF1,14.89
D,DISPATCH,UNIT_SCADA,1,"2022/10/20 17:50:00",EMERASF1,0
D,DISPATCH,UNIT_SCADA,1,"2022/10/20 17:50:00",ER01,0
D,DISPATCH,UNIT_SCADA,1,"2022/10/20 17:50:00",ER02,547.164120
D,DISPATCH,UNIT_SCADA,1,"2022/10/20 17:50:00",ER03,638.815920
D,DISPATCH,UNIT_SCADA,1,"2022/10/20 17:50:00",ER04,694.578490
D,DISPATCH,UNIT_SCADA,1,"2022/10/20 17:50:00",FINLYSF1,14.712750
D,DISPATCH,UNIT_SCADA,1,"2022/10/20 17:50:00",FISHER,43.62
D,DISPATCH,UNIT_SCADA,1,"2022/10/20 17:50:00",GANGARR1,0
D,DISPATCH,UNIT_SCADA,1,"2022/10/20 17:50:00",GANNBG1,0.264630
D,DISPATCH,UNIT_SCADA,1,"2022/10/20 17:50:00",GANNBL1,0
D,DISPATCH,UNIT_SCADA,1,"2022/10/20 17:50:00",GANNSF1,11.20
D,DISPATCH,UNIT_SCADA,1,"2022/10/20 17:50:00",GLRWNSF1,7.63
D,DISPATCH,UNIT_SCADA,1,"2022/10/20 17:50:00",GNNDHSF1,1.820330
D,DISPATCH,UNIT_SCADA,1,"2022/10/20 17:50:00",GOONSF1,2.388950
D,DISPATCH,UNIT_SCADA,1,"2022/10/20 17:50:00",GORDON,264.006650
D,DISPATCH,UNIT_SCADA,1,"2022/10/20 17:50:00",GRANWF1,0
D,DISPATCH,UNIT_SCADA,1,"2022/10/20 17:50:00",GSTONE1,215.95
D,DISPATCH,UNIT_SCADA,1,"2022/10/20 17:50:00",GSTONE2,0
D,DISPATCH,UNIT_SCADA,1,"2022/10/20 17:50:00",GSTONE3,199.849990
D,DISPATCH,UNIT_SCADA,1,"2022/10/20 17:50:00",GSTONE4,0
D,DISPATCH,UNIT_SCADA,1,"2022/10/20 17:50:00",GSTONE5,215.774990
D,DISPATCH,UNIT_SCADA,1,"2022/10/20 17:50:00",GSTONE6,215.0750
D,DISPATCH,UNIT_SCADA,1,"2022/10/20 17:50:00",GULLRSF1,0
D,DISPATCH,UNIT_SCADA,1,"2022/10/20 17:50:00",GULLRWF1,99.423490
D,DISPATCH,UNIT_SCADA,1,"2022/10/20 17:50:00",GULLRWF2,94.4990
D,DISPATCH,UNIT_SCADA,1,"2022/10/20 17:50:00",GUNNING1,0
D,DISPATCH,UNIT_SCADA,1,"2022/10/20 17:50:00",GUTHEGA,68.100010
D,DISPATCH,UNIT_SCADA,1,"2022/10/20 17:50:00",HALLWF1,1.29
D,DISPATCH,UNIT_SCADA,1,"2022/10/20 17:50:00",HALLWF2,0.82
D,DISPATCH,UNIT_SCADA,1,"2022/10/20 17:50:00",HAMISF1,0
D,DISPATCH,UNIT_SCADA,1,"2022/10/20 17:50:00",HAUGHT11,0
D,DISPATCH,UNIT_SCADA,1,"2022/10/20 17:50:00",HAYMSF1,0
D,DISPATCH,UNIT_SCADA,1,"2022/10/20 17:50:00",HDWF1,15.60
D,DISPATCH,UNIT_SCADA,1,"2022/10/20 17:50:00",HDWF2,14.80
D,DISPATCH,UNIT_SCADA,1,"2022/10/20 17:50:00",HDWF3,17.10
D,DISPATCH,UNIT_SCADA,1,"2022/10/20 17:50:00",HILLSTN1,0
D,DISPATCH,UNIT_SCADA,1,"2022/10/20 17:50:00",HPRG1,15.10
D,DISPATCH,UNIT_SCADA,1,"2022/10/20 17:50:00",HPRL1,0
D,DISPATCH,UNIT_SCADA,1,"2022/10/20 17:50:00",HUMENSW,55.253510
D,DISPATCH,UNIT_SCADA,1,"2022/10/20 17:50:00",HUMEV,0
D,DISPATCH,UNIT_SCADA,1,"2022/10/20 17:50:00",HVWWBA1G,0
D,DISPATCH,UNIT_SCADA,1,"2022/10/20 17:50:00",HVWWBA1L,0.0070
D,DISPATCH,UNIT_SCADA,1,"2022/10/20 17:50:00",HVWWPV1,1.6110
D,DISPATCH,UNIT_SCADA,1,"2022/10/20 17:50:00",JBUTTERS,0
D,DISPATCH,UNIT_SCADA,1,"2022/10/20 17:50:00",JEMALNG1,1.41
D,DISPATCH,UNIT_SCADA,1,"2022/10/20 17:50:00",JLA01,0
D,DISPATCH,UNIT_SCADA,1,"2022/10/20 17:50:00",JLA02,0
D,DISPATCH,UNIT_SCADA,1,"2022/10/20 17:50:00",JLA03,0
D,DISPATCH,UNIT_SCADA,1,"2022/10/20 17:50:00",JLA04,0
D,DISPATCH,UNIT_SCADA,1,"2022/10/20 17:50:00",JLB01,0
D,DISPATCH,UNIT_SCADA,1,"2022/10/20 17:50:00",JLB02,0.10
D,DISPATCH,UNIT_SCADA,1,"2022/10/20 17:50:00",JLB03,0
D,DISPATCH,UNIT_SCADA,1,"2022/10/20 17:50:00",JUNEESF1,1.098180
D,DISPATCH,UNIT_SCADA,1,"2022/10/20 17:50:00",KABANWF1,1.1810
D,DISPATCH,UNIT_SCADA,1,"2022/10/20 17:50:00",KAREEYA1,18.1475
D,DISPATCH,UNIT_SCADA,1,"2022/10/20 17:50:00",KAREEYA2,0
D,DISPATCH,UNIT_SCADA,1,"2022/10/20 17:50:00",KAREEYA3,21.6125
D,DISPATCH,UNIT_SCADA,1,"2022/10/20 17:50:00",KAREEYA4,0
D,DISPATCH,UNIT_SCADA,1,"2022/10/20 17:50:00",KARSF1,14.10
D,DISPATCH,UNIT_SCADA,1,"2022/10/20 17:50:00",KEPSF1,0.02
D,DISPATCH,UNIT_SCADA,1,"2022/10/20 17:50:00",KEPWF1,11.56
D,DISPATCH,UNIT_SCADA,1,"2022/10/20 17:50:00",KIAMSF1,1.407640
D,DISPATCH,UNIT_SCADA,1,"2022/10/20 17:50:00",KIATAWF1,9.30
D,DISPATCH,UNIT_SCADA,1,"2022/10/20 17:50:00",KPP_1,0
D,DISPATCH,UNIT_SCADA,1,"2022/10/20 17:50:00",KSP1,15.01
D,DISPATCH,UNIT_SCADA,1,"2022/10/20 17:50:00",LADBROK1,0.01
D,DISPATCH,UNIT_SCADA,1,"2022/10/20 17:50:00",LADBROK2,0.02
D,DISPATCH,UNIT_SCADA,1,"2022/10/20 17:50:00",LBBG1,1.05
D,DISPATCH,UNIT_SCADA,1,"2022/10/20 17:50:00",LBBL1,0
D,DISPATCH,UNIT_SCADA,1,"2022/10/20 17:50:00",LD01,382.390810
D,DISPATCH,UNIT_SCADA,1,"2022/10/20 17:50:00",LD02,33.252970
D,DISPATCH,UNIT_SCADA,1,"2022/10/20 17:50:00",LD04,319.748540
D,DISPATCH,UNIT_SCADA,1,"2022/10/20 17:50:00",LEM_WIL,86.665090
D,DISPATCH,UNIT_SCADA,1,"2022/10/20 17:50:00",LGAPWF1,78.46
D,DISPATCH,UNIT_SCADA,1,"2022/10/20 17:50:00",LGAPWF2,56.69
D,DISPATCH,UNIT_SCADA,1,"2022/10/20 17:50:00",LILYSF1,0
D,DISPATCH,UNIT_SCADA,1,"2022/10/20 17:50:00",LIMOSF11,20.217440
D,DISPATCH,UNIT_SCADA,1,"2022/10/20 17:50:00",LIMOSF21,2.386910
D,DISPATCH,UNIT_SCADA,1,"2022/10/20 17:50:00",LI_WY_CA,62.604550
D,DISPATCH,UNIT_SCADA,1,"2022/10/20 17:50:00",LKBONNY1,9.4668
D,DISPATCH,UNIT_SCADA,1,"2022/10/20 17:50:00",LKBONNY2,24.041230
D,DISPATCH,UNIT_SCADA,1,"2022/10/20 17:50:00",LKBONNY3,2.567820
D,DISPATCH,UNIT_SCADA,1,"2022/10/20 17:50:00",LK_ECHO,0
D,DISPATCH,UNIT_SCADA,1,"2022/10/20 17:50:00",LNGS1,0
D,DISPATCH,UNIT_SCADA,1,"2022/10/20 17:50:00",LNGS2,0
D,DISPATCH,UNIT_SCADA,1,"2022/10/20 17:50:00",LONSDALE,0
D,DISPATCH,UNIT_SCADA,1,"2022/10/20 17:50:00",LOYYB1,580.8266
D,DISPATCH,UNIT_SCADA,1,"2022/10/20 17:50:00",LOYYB2,575.187320
D,DISPATCH,UNIT_SCADA,1,"2022/10/20 17:50:00",LYA1,563
D,DISPATCH,UNIT_SCADA,1,"2022/10/20 17:50:00",LYA2,0
D,DISPATCH,UNIT_SCADA,1,"2022/10/20 17:50:00",LYA3,562
D,DISPATCH,UNIT_SCADA,1,"2022/10/20 17:50:00",LYA4,562
D,DISPATCH,UNIT_SCADA,1,"2022/10/20 17:50:00",MACARTH1,43.698990
D,DISPATCH,UNIT_SCADA,1,"2022/10/20 17:50:00",MACKNTSH,32
D,DISPATCH,UNIT_SCADA,1,"2022/10/20 17:50:00",MANSLR1,0.57
D,DISPATCH,UNIT_SCADA,1,"2022/10/20 17:50:00",MAPS2PV1,0
D,DISPATCH,UNIT_SCADA,1,"2022/10/20 17:50:00",MAPS3PV1,0
D,DISPATCH,UNIT_SCADA,1,"2022/10/20 17:50:00",MARYRSF1,0.26
D,DISPATCH,UNIT_SCADA,1,"2022/10/20 17:50:00",MBPS2PV1,0
D,DISPATCH,UNIT_SCADA,1,"2022/10/20 17:50:00",MCKAY1,223.884990
D,DISPATCH,UNIT_SCADA,1,"2022/10/20 17:50:00",MEADOWBK,19.748780
D,DISPATCH,UNIT_SCADA,1,"2022/10/20 17:50:00",MERCER01,25.10
D,DISPATCH,UNIT_SCADA,1,"2022/10/20 17:50:00",METZSF1,1.076560
D,DISPATCH,UNIT_SCADA,1,"2022/10/20 17:50:00",MEWF1,0.800130
D,DISPATCH,UNIT_SCADA,1,"2022/10/20 17:50:00",MIDDLSF1,0.10
D,DISPATCH,UNIT_SCADA,1,"2022/10/20 17:50:00",MINTARO,0.128180
D,DISPATCH,UNIT_SCADA,1,"2022/10/20 17:50:00",MOLNGSF1,0.697030
D,DISPATCH,UNIT_SCADA,1,"2022/10/20 17:50:00",MOORAWF1,24.46
D,DISPATCH,UNIT_SCADA,1,"2022/10/20 17:50:00",MOREESF1,0
D,DISPATCH,UNIT_SCADA,1,"2022/10/20 17:50:00",MORTLK11,0
D,DISPATCH,UNIT_SCADA,1,"2022/10/20 17:50:00",MORTLK12,0
D,DISPATCH,UNIT_SCADA,1,"2022/10/20 17:50:00",MOUSF1,0
D,DISPATCH,UNIT_SCADA,1,"2022/10/20 17:50:00",MP1,0
D,DISPATCH,UNIT_SCADA,1,"2022/10/20 17:50:00",MP2,641.379390
D,DISPATCH,UNIT_SCADA,1,"2022/10/20 17:50:00",MPP_1,179.312040
D,DISPATCH,UNIT_SCADA,1,"2022/10/20 17:50:00",MPP_2,183.416790
D,DISPATCH,UNIT_SCADA,1,"2022/10/20 17:50:00",MRTLSWF1,0
D,DISPATCH,UNIT_SCADA,1,"2022/10/20 17:50:00",MSTUART1,0
D,DISPATCH,UNIT_SCADA,1,"2022/10/20 17:50:00",MSTUART2,0
D,DISPATCH,UNIT_SCADA,1,"2022/10/20 17:50:00",MSTUART3,0
D,DISPATCH,UNIT_SCADA,1,"2022/10/20 17:50:00",MTGELWF1,65.111240
D,DISPATCH,UNIT_SCADA,1,"2022/10/20 17:50:00",MTMILLAR,13.40
D,DISPATCH,UNIT_SCADA,1,"2022/10/20 17:50:00",MURRAY,318.800020
D,DISPATCH,UNIT_SCADA,1,"2022/10/20 17:50:00",MUSSELR1,2.30
D,DISPATCH,UNIT_SCADA,1,"2022/10/20 17:50:00",MUWAWF1,4.66
D,DISPATCH,UNIT_SCADA,1,"2022/10/20 17:50:00",MUWAWF2,6
D,DISPATCH,UNIT_SCADA,1,"2022/10/20 17:50:00",MWPS1PV1,0.19
D,DISPATCH,UNIT_SCADA,1,"2022/10/20 17:50:00",MWPS2PV1,0.33
D,DISPATCH,UNIT_SCADA,1,"2022/10/20 17:50:00",MWPS3PV1,0.28
D,DISPATCH,UNIT_SCADA,1,"2022/10/20 17:50:00",MWPS4PV1,1.09
D,DISPATCH,UNIT_SCADA,1,"2022/10/20 17:50:00",NBHWF1,8.70
D,DISPATCH,UNIT_SCADA,1,"2022/10/20 17:50:00",NEVERSF1,4.05
D,DISPATCH,UNIT_SCADA,1,"2022/10/20 17:50:00",NPS,0
D,DISPATCH,UNIT_SCADA,1,"2022/10/20 17:50:00",NUMURSF1,22.52
D,DISPATCH,UNIT_SCADA,1,"2022/10/20 17:50:00",NYNGAN1,8
D,DISPATCH,UNIT_SCADA,1,"2022/10/20 17:50:00",OAKEY1,125.830220
D,DISPATCH,UNIT_SCADA,1,"2022/10/20 17:50:00",OAKEY1SF,0.2320
D,DISPATCH,UNIT_SCADA,1,"2022/10/20 17:50:00",OAKEY2,0
D,DISPATCH,UNIT_SCADA,1,"2022/10/20 17:50:00",OAKEY2SF,0.44
D,DISPATCH,UNIT_SCADA,1,"2022/10/20 17:50:00",OAKLAND1,23
D,DISPATCH,UNIT_SCADA,1,"2022/10/20 17:50:00",OSB-AG,174.22
D,DISPATCH,UNIT_SCADA,1,"2022/10/20 17:50:00",PAREPS1,0
D,DISPATCH,UNIT_SCADA,1,"2022/10/20 17:50:00",PAREPW1,161.47
D,DISPATCH,UNIT_SCADA,1,"2022/10/20 17:50:00",PARSF1,1.899750
D,DISPATCH,UNIT_SCADA,1,"2022/10/20 17:50:00",POAT110,3.07
D,DISPATCH,UNIT_SCADA,1,"2022/10/20 17:50:00",POAT220,0
D,DISPATCH,UNIT_SCADA,1,"2022/10/20 17:50:00",POR01,0.008670
D,DISPATCH,UNIT_SCADA,1,"2022/10/20 17:50:00",POR03,0
D,DISPATCH,UNIT_SCADA,1,"2022/10/20 17:50:00",PPCCGT,166.169980
D,DISPATCH,UNIT_SCADA,1,"2022/10/20 17:50:00",PTSTAN1,0
D,DISPATCH,UNIT_SCADA,1,"2022/10/20 17:50:00",PUMP1,0
D,DISPATCH,UNIT_SCADA,1,"2022/10/20 17:50:00",PUMP2,0
D,DISPATCH,UNIT_SCADA,1,"2022/10/20 17:50:00",QBYNBG1,0
D,DISPATCH,UNIT_SCADA,1,"2022/10/20 17:50:00",QBYNBL1,0.0025
D,DISPATCH,UNIT_SCADA,1,"2022/10/20 17:50:00",QPS1,0
D,DISPATCH,UNIT_SCADA,1,"2022/10/20 17:50:00",QPS2,0
D,DISPATCH,UNIT_SCADA,1,"2022/10/20 17:50:00",QPS3,0
D,DISPATCH,UNIT_SCADA,1,"2022/10/20 17:50:00",QPS4,0
D,DISPATCH,UNIT_SCADA,1,"2022/10/20 17:50:00",QPS5,118.24
D,DISPATCH,UNIT_SCADA,1,"2022/10/20 17:50:00",REECE1,48.722920
D,DISPATCH,UNIT_SCADA,1,"2022/10/20 17:50:00",REECE2,49.16
D,DISPATCH,UNIT_SCADA,1,"2022/10/20 17:50:00",ROMA_7,0
D,DISPATCH,UNIT_SCADA,1,"2022/10/20 17:50:00",ROMA_8,0
D,DISPATCH,UNIT_SCADA,1,"2022/10/20 17:50:00",RRSF1,0
D,DISPATCH,UNIT_SCADA,1,"2022/10/20 17:50:00",RT_NSW1,0
D,DISPATCH,UNIT_SCADA,1,"2022/10/20 17:50:00",RT_NSW2,0
D,DISPATCH,UNIT_SCADA,1,"2022/10/20 17:50:00",RT_NSW3,0
D,DISPATCH,UNIT_SCADA,1,"2022/10/20 17:50:00",RT_NSW4,0
D,DISPATCH,UNIT_SCADA,1,"2022/10/20 17:50:00",RT_NSW5,0
D,DISPATCH,UNIT_SCADA,1,"2022/10/20 17:50:00",RT_NSW6,0
D,DISPATCH,UNIT_SCADA,1,"2022/10/20 17:50:00",RT_QLD1,0
D,DISPATCH,UNIT_SCADA,1,"2022/10/20 17:50:00",RT_SA1,0
D,DISPATCH,UNIT_SCADA,1,"2022/10/20 17:50:00",RT_SA2,0
D,DISPATCH,UNIT_SCADA,1,"2022/10/20 17:50:00",RT_SA3,0
D,DISPATCH,UNIT_SCADA,1,"2022/10/20 17:50:00",RT_SA4,0
D,DISPATCH,UNIT_SCADA,1,"2022/10/20 17:50:00",RT_SA5,0
D,DISPATCH,UNIT_SCADA,1,"2022/10/20 17:50:00",RT_SA6,0
D,DISPATCH,UNIT_SCADA,1,"2022/10/20 17:50:00",RT_TAS1,0
D,DISPATCH,UNIT_SCADA,1,"2022/10/20 17:50:00",RT_VIC1,0
D,DISPATCH,UNIT_SCADA,1,"2022/10/20 17:50:00",RT_VIC10,0
D,DISPATCH,UNIT_SCADA,1,"2022/10/20 17:50:00",RT_VIC11,0
D,DISPATCH,UNIT_SCADA,1,"2022/10/20 17:50:00",RT_VIC12,0
D,DISPATCH,UNIT_SCADA,1,"2022/10/20 17:50:00",RT_VIC2,0
D,DISPATCH,UNIT_SCADA,1,"2022/10/20 17:50:00",RT_VIC3,0
D,DISPATCH,UNIT_SCADA,1,"2022/10/20 17:50:00",RT_VIC4,0
D,DISPATCH,UNIT_SCADA,1,"2022/10/20 17:50:00",RT_VIC5,0
D,DISPATCH,UNIT_SCADA,1,"2022/10/20 17:50:00",RT_VIC6,0
D,DISPATCH,UNIT_SCADA,1,"2022/10/20 17:50:00",RT_VIC7,0
D,DISPATCH,UNIT_SCADA,1,"2022/10/20 17:50:00",RT_VIC8,0
D,DISPATCH,UNIT_SCADA,1,"2022/10/20 17:50:00",RT_VIC9,0
D,DISPATCH,UNIT_SCADA,1,"2022/10/20 17:50:00",RUGBYR1,2.413060
D,DISPATCH,UNIT_SCADA,1,"2022/10/20 17:50:00",SALTCRK1,24.51
D,DISPATCH,UNIT_SCADA,1,"2022/10/20 17:50:00",SAPHWF1,149.732210
D,DISPATCH,UNIT_SCADA,1,"2022/10/20 17:50:00",SEBSF1,1.380540
D,DISPATCH,UNIT_SCADA,1,"2022/10/20 17:50:00",SHGEN,78.499040
D,DISPATCH,UNIT_SCADA,1,"2022/10/20 17:50:00",SHPUMP,0
D,DISPATCH,UNIT_SCADA,1,"2022/10/20 17:50:00",SITHE01,0.123710
D,DISPATCH,UNIT_SCADA,1,"2022/10/20 17:50:00",SMCSF1,0
D,DISPATCH,UNIT_SCADA,1,"2022/10/20 17:50:00",SNAPPER1,0
D,DISPATCH,UNIT_SCADA,1,"2022/10/20 17:50:00",SNOWNTH1,35.80
D,DISPATCH,UNIT_SCADA,1,"2022/10/20 17:50:00",SNOWSTH1,17.80
D,DISPATCH,UNIT_SCADA,1,"2022/10/20 17:50:00",SNOWTWN1,12.0033
D,DISPATCH,UNIT_SCADA,1,"2022/10/20 17:50:00",SNOWYP,0
D,DISPATCH,UNIT_SCADA,1,"2022/10/20 17:50:00",SNUG1,0
D,DISPATCH,UNIT_SCADA,1,"2022/10/20 17:50:00",SRSF1,0
D,DISPATCH,UNIT_SCADA,1,"2022/10/20 17:50:00",STAN-1,278.3129
D,DISPATCH,UNIT_SCADA,1,"2022/10/20 17:50:00",STAN-2,365.1022
D,DISPATCH,UNIT_SCADA,1,"2022/10/20 17:50:00",STAN-3,364.794590
D,DISPATCH,UNIT_SCADA,1,"2022/10/20 17:50:00",STAN-4,364.0127
D,DISPATCH,UNIT_SCADA,1,"2022/10/20 17:50:00",STARHLWF,20.494020
D,DISPATCH,UNIT_SCADA,1,"2022/10/20 17:50:00",STOCKYD1,225.490010
D,DISPATCH,UNIT_SCADA,1,"2022/10/20 17:50:00",STWF1,21.846650
D,DISPATCH,UNIT_SCADA,1,"2022/10/20 17:50:00",SUNRSF1,14.287020
D,DISPATCH,UNIT_SCADA,1,"2022/10/20 17:50:00",SUNTPSF1,6.959950
D,DISPATCH,UNIT_SCADA,1,"2022/10/20 17:50:00",SWAN_E,350.319980
D,DISPATCH,UNIT_SCADA,1,"2022/10/20 17:50:00",TALWA1,0
D,DISPATCH,UNIT_SCADA,1,"2022/10/20 17:50:00",TARALGA1,0
D,DISPATCH,UNIT_SCADA,1,"2022/10/20 17:50:00",TARONG#1,349.899990
D,DISPATCH,UNIT_SCADA,1,"2022/10/20 17:50:00",TARONG#2,349.800020
D,DISPATCH,UNIT_SCADA,1,"2022/10/20 17:50:00",TARONG#3,0.90
D,DISPATCH,UNIT_SCADA,1,"2022/10/20 17:50:00",TARONG#4,247.900010
D,DISPATCH,UNIT_SCADA,1,"2022/10/20 17:50:00",TARRALEA,54
D,DISPATCH,UNIT_SCADA,1,"2022/10/20 17:50:00",TBSF1,17.20
D,DISPATCH,UNIT_SCADA,1,"2022/10/20 17:50:00",TNPS1,424
D,DISPATCH,UNIT_SCADA,1,"2022/10/20 17:50:00",TORRB1,0
D,DISPATCH,UNIT_SCADA,1,"2022/10/20 17:50:00",TORRB2,63
D,DISPATCH,UNIT_SCADA,1,"2022/10/20 17:50:00",TORRB3,0
D,DISPATCH,UNIT_SCADA,1,"2022/10/20 17:50:00",TORRB4,0
D,DISPATCH,UNIT_SCADA,1,"2022/10/20 17:50:00",TREVALLN,98.895150
D,DISPATCH,UNIT_SCADA,1,"2022/10/20 17:50:00",TRIBUTE,0
D,DISPATCH,UNIT_SCADA,1,"2022/10/20 17:50:00",TUMUT3,365.890010
D,DISPATCH,UNIT_SCADA,1,"2022/10/20 17:50:00",TUNGATIN,5.610020
D,DISPATCH,UNIT_SCADA,1,"2022/10/20 17:50:00",TVCC201,0
D,DISPATCH,UNIT_SCADA,1,"2022/10/20 17:50:00",TVPP104,57.885170
D,DISPATCH,UNIT_SCADA,1,"2022/10/20 17:50:00",UPPTUMUT,122.678830
D,DISPATCH,UNIT_SCADA,1,"2022/10/20 17:50:00",URANQ11,0
D,DISPATCH,UNIT_SCADA,1,"2022/10/20 17:50:00",URANQ12,0
D,DISPATCH,UNIT_SCADA,1,"2022/10/20 17:50:00",URANQ13,0
D,DISPATCH,UNIT_SCADA,1,"2022/10/20 17:50:00",URANQ14,153.3196
D,DISPATCH,UNIT_SCADA,1,"2022/10/20 17:50:00",VBBG1,18.50
D,DISPATCH,UNIT_SCADA,1,"2022/10/20 17:50:00",VBBL1,0
D,DISPATCH,UNIT_SCADA,1,"2022/10/20 17:50:00",VP5,586.443660
D,DISPATCH,UNIT_SCADA,1,"2022/10/20 17:50:00",VP6,598.992860
D,DISPATCH,UNIT_SCADA,1,"2022/10/20 17:50:00",VPGS1,0
D,DISPATCH,UNIT_SCADA,1,"2022/10/20 17:50:00",VPGS2,0
D,DISPATCH,UNIT_SCADA,1,"2022/10/20 17:50:00",VPGS3,0
D,DISPATCH,UNIT_SCADA,1,"2022/10/20 17:50:00",VPGS4,0
D,DISPATCH,UNIT_SCADA,1,"2022/10/20 17:50:00",VPGS5,0
D,DISPATCH,UNIT_SCADA,1,"2022/10/20 17:50:00",VPGS6,0
D,DISPATCH,UNIT_SCADA,1,"2022/10/20 17:50:00",W/HOE#1,162.239990
D,DISPATCH,UNIT_SCADA,1,"2022/10/20 17:50:00",W/HOE#2,0
D,DISPATCH,UNIT_SCADA,1,"2022/10/20 17:50:00",WAGGNSF1,0
D,DISPATCH,UNIT_SCADA,1,"2022/10/20 17:50:00",WALGRVG1,1.609350
D,DISPATCH,UNIT_SCADA,1,"2022/10/20 17:50:00",WALGRVL1,0
D,DISPATCH,UNIT_SCADA,1,"2022/10/20 17:50:00",WANDBG1,-0.022990
D,DISPATCH,UNIT_SCADA,1,"2022/10/20 17:50:00",WANDBL1,0
D,DISPATCH,UNIT_SCADA,1,"2022/10/20 17:50:00",WARWSF1,0.50
D,DISPATCH,UNIT_SCADA,1,"2022/10/20 17:50:00",WARWSF2,0.50
D,DISPATCH,UNIT_SCADA,1,"2022/10/20 17:50:00",WATERLWF,0
D,DISPATCH,UNIT_SCADA,1,"2022/10/20 17:50:00",WDGPH1,0
D,DISPATCH,UNIT_SCADA,1,"2022/10/20 17:50:00",WELLSF1,3.677420
D,DISPATCH,UNIT_SCADA,1,"2022/10/20 17:50:00",WEMENSF1,4.50
D,DISPATCH,UNIT_SCADA,1,"2022/10/20 17:50:00",WGWF1,16.30
D,DISPATCH,UNIT_SCADA,1,"2022/10/20 17:50:00",WHITSF1,0
D,DISPATCH,UNIT_SCADA,1,"2022/10/20 17:50:00",WINTSF1,6.01
D,DISPATCH,UNIT_SCADA,1,"2022/10/20 17:50:00",WKIEWA1,34.30
D,DISPATCH,UNIT_SCADA,1,"2022/10/20 17:50:00",WKIEWA2,34.40
D,DISPATCH,UNIT_SCADA,1,"2022/10/20 17:50:00",WOODLWN1,32.418950
D,DISPATCH,UNIT_SCADA,1,"2022/10/20 17:50:00",WOOLGSF1,0
D,DISPATCH,UNIT_SCADA,1,"2022/10/20 17:50:00",WPWF,36.53
D,DISPATCH,UNIT_SCADA,1,"2022/10/20 17:50:00",WRSF1,0.389420
D,DISPATCH,UNIT_SCADA,1,"2022/10/20 17:50:00",WRWF1,90.342570
D,DISPATCH,UNIT_SCADA,1,"2022/10/20 17:50:00",WSTWYSF1,0.194770
D,DISPATCH,UNIT_SCADA,1,"2022/10/20 17:50:00",YABULU,151.200010
D,DISPATCH,UNIT_SCADA,1,"2022/10/20 17:50:00",YABULU2,0
D,DISPATCH,UNIT_SCADA,1,"2022/10/20 17:50:00",YARANSF1,0.72
D,DISPATCH,UNIT_SCADA,1,"2022/10/20 17:50:00",YARWUN_1,161.16
D,DISPATCH,UNIT_SCADA,1,"2022/10/20 17:50:00",YATSF1,8.30
D,DISPATCH,UNIT_SCADA,1,"2022/10/20 17:50:00",YENDWF1,28.89
D,DISPATCH,UNIT_SCADA,1,"2022/10/20 17:50:00",YWPS1,358.144320
D,DISPATCH,UNIT_SCADA,1,"2022/10/20 17:50:00",YWPS2,291.9772
D,DISPATCH,UNIT_SCADA,1,"2022/10/20 17:50:00",YWPS3,361.929110
D,DISPATCH,UNIT_SCADA,1,"2022/10/20 17:50:00",YWPS4,0
C,"END OF REPORT",419
