C,NEMP.WORLD,DISPATCHSCADA,AEMO,PUBLIC,2022/10/20,07:05:10,0000000373236467,DISPATCHSCADA,0000000373236461
I,DISPATCH,UNIT_SCADA,1,SETTLEMENTDATE,DUID,SCADAVALUE
D,DISPATCH,UNIT_SCADA,1,"2022/10/20 07:10:00",BARCSF1,2.60
D,DISPATCH,UNIT_SCADA,1,"2022/10/20 07:10:00",BUTLERSG,8.699999
D,DISPATCH,UNIT_SCADA,1,"2022/10/20 07:10:00",CAPTL_WF,53.868008
D,DISPATCH,UNIT_SCADA,1,"2022/10/20 07:10:00",CHALLHWF,16.60
D,DISPATCH,UNIT_SCADA,1,"2022/10/20 07:10:00",CLOVER,13.29
D,DISPATCH,UNIT_SCADA,1,"2022/10/20 07:10:00",CLUNY,6.252689
D,DISPATCH,UNIT_SCADA,1,"2022/10/20 07:10:00",CULLRGWF,-0.02
D,DISPATCH,UNIT_SCADA,1,"2022/10/20 07:10:00",DIAPURWF1,7.30
D,DISPATCH,UNIT_SCADA,1,"2022/10/20 07:10:00",ERGT01,0
D,DISPATCH,UNIT_SCADA,1,"2022/10/20 07:10:00",GB01,0
D,DISPATCH,UNIT_SCADA,1,"2022/10/20 07:10:00",GERMCRK,22.60
D,DISPATCH,UNIT_SCADA,1,"2022/10/20 07:10:00",GRIFSF1,3.599603
D,DISPATCH,UNIT_SCADA,1,"2022/10/20 07:10:00",HEZ1,0
D,DISPATCH,UNIT_SCADA,1,"2022/10/20 07:10:00",HUGSF1,0.3290
D,DISPATCH,UNIT_SCADA,1,"2022/10/20 07:10:00",KEPBG1,0.01
D,DISPATCH,UNIT_SCADA,1,"2022/10/20 07:10:00",LRSF1,2.1970
D,DISPATCH,UNIT_SCADA,1,"2022/10/20 07:10:00",MBAHNTH,47.943741
D,DISPATCH,UNIT_SCADA,1,"2022/10/20 07:10:00",MLSP1,3.632001
D,DISPATCH,UNIT_SCADA,1,"2022/10/20 07:10:00",MLWF1,3.2550
D,DISPATCH,UNIT_SCADA,1,"2022/10/20 07:10:00",PALOONA,30.09
D,DISPATCH,UNIT_SCADA,1,"2022/10/20 07:10:00",PIONEER,41.600002
D,DISPATCH,UNIT_SCADA,1,"2022/10/20 07:10:00",PORTWF,48.700001
D,DISPATCH,UNIT_SCADA,1,"2022/10/20 07:10:00",REPULSE,9.556420
D,DISPATCH,UNIT_SCADA,1,"2022/10/20 07:10:00",ROWALLAN,9.0099
D,DISPATCH,UNIT_SCADA,1,"2022/10/20 07:10:00",ROYALLA1,6.142003
D,DISPATCH,UNIT_SCADA,1,"2022/10/20 07:10:00",RPCG,-1.20
D,DISPATCH,UNIT_SCADA,1,"2022/10/20 07:10:00",RUBICON,0
D,DISPATCH,UNIT_SCADA,1,"2022/10/20 07:10:00",WAUBRAWF,61.1450
D,DISPATCH,UNIT_SCADA,1,"2022/10/20 07:10:00",WOOLNTH1,22.169998
D,DISPATCH,UNIT_SCADA,1,"2022/10/20 07:10:00",YAMBUKWF,6.80
D,DISPATCH,UNIT_SCADA,1,"2022/10/20 07:10:00",YSWF1,0.30
D,DISPATCH,UNIT_SCADA,1,"2022/10/20 07:10:00",ADPBA1G,0.0080
D,DISPATCH,UNIT_SCADA,1,"2022/10/20 07:10:00",ADPBA1L,0
D,DISPATCH,UNIT_SCADA,1,"2022/10/20 07:10:00",ADPPV1,3.5720
D,DISPATCH,UNIT_SCADA,1,"2022/10/20 07:10:00",AGLHAL,0
D,DISPATCH,UNIT_SCADA,1,"2022/10/20 07:10:00",AGLSOM,0
D,DISPATCH,UNIT_SCADA,1,"2022/10/20 07:10:00",ANGAST1,0
D,DISPATCH,UNIT_SCADA,1,"2022/10/20 07:10:00",ARWF1,8.80
D,DISPATCH,UNIT_SCADA,1,"2022/10/20 07:10:00",BALBG1,0
D,DISPATCH,UNIT_SCADA,1,"2022/10/20 07:10:00",BALBL1,1.51
D,DISPATCH,UNIT_SCADA,1,"2022/10/20 07:10:00",BALDHWF1,0
D,DISPATCH,UNIT_SCADA,1,"2022/10/20 07:10:00",BANGOWF1,38.699320
D,DISPATCH,UNIT_SCADA,1,"2022/10/20 07:10:00",BANGOWF2,52.597920
D,DISPATCH,UNIT_SCADA,1,"2022/10/20 07:10:00",BANN1,6.09
D,DISPATCH,UNIT_SCADA,1,"2022/10/20 07:10:00",BARCALDN,0
D,DISPATCH,UNIT_SCADA,1,"2022/10/20 07:10:00",BARKIPS1,0
D,DISPATCH,UNIT_SCADA,1,"2022/10/20 07:10:00",BARRON-1,28.04
D,DISPATCH,UNIT_SCADA,1,"2022/10/20 07:10:00",BARRON-2,0
D,DISPATCH,UNIT_SCADA,1,"2022/10/20 07:10:00",BASTYAN,49.08
D,DISPATCH,UNIT_SCADA,1,"2022/10/20 07:10:00",BBTHREE1,0
D,DISPATCH,UNIT_SCADA,1,"2022/10/20 07:10:00",BBTHREE2,0
D,DISPATCH,UNIT_SCADA,1,"2022/10/20 07:10:00",BBTHREE3,-1.05
D,DISPATCH,UNIT_SCADA,1,"2022/10/20 07:10:00",BDL01,0
D,DISPATCH,UNIT_SCADA,1,"2022/10/20 07:10:00",BDL02,0
D,DISPATCH,UNIT_SCADA,1,"2022/10/20 07:10:00",BERYLSF1,4.252090
D,DISPATCH,UNIT_SCADA,1,"2022/10/20 07:10:00",BLOWERNG,62.40
D,DISPATCH,UNIT_SCADA,1,"2022/10/20 07:10:00",BLUEGSF1,7.909120
D,DISPATCH,UNIT_SCADA,1,"2022/10/20 07:10:00",BLUFF1,0.10
D,DISPATCH,UNIT_SCADA,1,"2022/10/20 07:10:00",BNGSF1,8.90
D,DISPATCH,UNIT_SCADA,1,"2022/10/20 07:10:00",BNGSF2,9.83
D,DISPATCH,UNIT_SCADA,1,"2022/10/20 07:10:00",BOCORWF1,0
D,DISPATCH,UNIT_SCADA,1,"2022/10/20 07:10:00",BODWF1,101.752030
D,DISPATCH,UNIT_SCADA,1,"2022/10/20 07:10:00",BOMENSF1,13.3431
D,DISPATCH,UNIT_SCADA,1,"2022/10/20 07:10:00",BOWWBA1G,0
D,DISPATCH,UNIT_SCADA,1,"2022/10/20 07:10:00",BOWWBA1L,0.0030
D,DISPATCH,UNIT_SCADA,1,"2022/10/20 07:10:00",BOWWPV1,0
D,DISPATCH,UNIT_SCADA,1,"2022/10/20 07:10:00",BRAEMAR1,0
D,DISPATCH,UNIT_SCADA,1,"2022/10/20 07:10:00",BRAEMAR2,0
D,DISPATCH,UNIT_SCADA,1,"2022/10/20 07:10:00",BRAEMAR3,0
D,DISPATCH,UNIT_SCADA,1,"2022/10/20 07:10:00",BRAEMAR5,0.292060
D,DISPATCH,UNIT_SCADA,1,"2022/10/20 07:10:00",BRAEMAR6,0
D,DISPATCH,UNIT_SCADA,1,"2022/10/20 07:10:00",BRAEMAR7,0.130920
D,DISPATCH,UNIT_SCADA,1,"2022/10/20 07:10:00",BROKENH1,4.299930
D,DISPATCH,UNIT_SCADA,1,"2022/10/20 07:10:00",BRYB1WF1,119.609370
D,DISPATCH,UNIT_SCADA,1,"2022/10/20 07:10:00",BULBESG1,19.93
D,DISPATCH,UNIT_SCADA,1,"2022/10/20 07:10:00",BULBESL1,0
D,DISPATCH,UNIT_SCADA,1,"2022/10/20 07:10:00",BULGANA1,37.67
D,DISPATCH,UNIT_SCADA,1,"2022/10/20 07:10:00",BW01,656.662840
D,DISPATCH,UNIT_SCADA,1,"2022/10/20 07:10:00",BW02,617.843870
D,DISPATCH,UNIT_SCADA,1,"2022/10/20 07:10:00",BW03,549.849670
D,DISPATCH,UNIT_SCADA,1,"2022/10/20 07:10:00",BW04,0
D,DISPATCH,UNIT_SCADA,1,"2022/10/20 07:10:00",CALL_B_1,319.700010
D,DISPATCH,UNIT_SCADA,1,"2022/10/20 07:10:00",CALL_B_2,319
D,DISPATCH,UNIT_SCADA,1,"2022/10/20 07:10:00",CATHROCK,3.90
D,DISPATCH,UNIT_SCADA,1,"2022/10/20 07:10:00",CBWWBA1G,0
D,DISPATCH,UNIT_SCADA,1,"2022/10/20 07:10:00",CBWWBA1L,0
D,DISPATCH,UNIT_SCADA,1,"2022/10/20 07:10:00",CETHANA,98.004880
D,DISPATCH,UNIT_SCADA,1,"2022/10/20 07:10:00",CG1,0
D,DISPATCH,UNIT_SCADA,1,"2022/10/20 07:10:00",CG2,0
D,DISPATCH,UNIT_SCADA,1,"2022/10/20 07:10:00",CG3,0
D,DISPATCH,UNIT_SCADA,1,"2022/10/20 07:10:00",CG4,0
D,DISPATCH,UNIT_SCADA,1,"2022/10/20 07:10:00",CHILDSF1,3.11
D,DISPATCH,UNIT_SCADA,1,"2022/10/20 07:10:00",CHYTWF1,3.50
D,DISPATCH,UNIT_SCADA,1,"2022/10/20 07:10:00",CLARESF1,9.362940
D,DISPATCH,UNIT_SCADA,1,"2022/10/20 07:10:00",CLEMGPWF,7.491640
D,DISPATCH,UNIT_SCADA,1,"2022/10/20 07:10:00",CLERMSF1,2.58
D,DISPATCH,UNIT_SCADA,1,"2022/10/20 07:10:00",CNUNDAWF,11.213080
D,DISPATCH,UNIT_SCADA,1,"2022/10/20 07:10:00",COHUNSF1,1.87
D,DISPATCH,UNIT_SCADA,1,"2022/10/20 07:10:00",COLEASF1,19.401460
D,DISPATCH,UNIT_SCADA,1,"2022/10/20 07:10:00",COLUMSF1,9.1160
D,DISPATCH,UNIT_SCADA,1,"2022/10/20 07:10:00",COLWF01,89.538410
D,DISPATCH,UNIT_SCADA,1,"2022/10/20 07:10:00",COOPGWF1,337.19
D,DISPATCH,UNIT_SCADA,1,"2022/10/20 07:10:00",CPP_3,358.050020
D,DISPATCH,UNIT_SCADA,1,"2022/10/20 07:10:00",CPP_4,0
D,DISPATCH,UNIT_SCADA,1,"2022/10/20 07:10:00",CPSA,0
D,DISPATCH,UNIT_SCADA,1,"2022/10/20 07:10:00",CROOKWF2,32.144660
D,DISPATCH,UNIT_SCADA,1,"2022/10/20 07:10:00",CROWLWF1,46.333950
D,DISPATCH,UNIT_SCADA,1,"2022/10/20 07:10:00",CRURWF1,80.897770
D,DISPATCH,UNIT_SCADA,1,"2022/10/20 07:10:00",CRWASF1,20.175870
D,DISPATCH,UNIT_SCADA,1,"2022/10/20 07:10:00",CSPVPS1,4.0210
D,DISPATCH,UNIT_SCADA,1,"2022/10/20 07:10:00",CTHLWF1,0.003050
D,DISPATCH,UNIT_SCADA,1,"2022/10/20 07:10:00",DALNTH01,0.050350
D,DISPATCH,UNIT_SCADA,1,"2022/10/20 07:10:00",DALNTHL1,0
D,DISPATCH,UNIT_SCADA,1,"2022/10/20 07:10:00",DARLSF1,25.900850
D,DISPATCH,UNIT_SCADA,1,"2022/10/20 07:10:00",DARTM1,0
D,DISPATCH,UNIT_SCADA,1,"2022/10/20 07:10:00",DAYDSF1,10.3160
D,DISPATCH,UNIT_SCADA,1,"2022/10/20 07:10:00",DDPS1,0
D,DISPATCH,UNIT_SCADA,1,"2022/10/20 07:10:00",DDSF1,7.421950
D,DISPATCH,UNIT_SCADA,1,"2022/10/20 07:10:00",DEVILS_G,57.784970
D,DISPATCH,UNIT_SCADA,1,"2022/10/20 07:10:00",DG_NSW1,0
D,DISPATCH,UNIT_SCADA,1,"2022/10/20 07:10:00",DG_QLD1,0
D,DISPATCH,UNIT_SCADA,1,"2022/10/20 07:10:00",DG_SA1,0
D,DISPATCH,UNIT_SCADA,1,"2022/10/20 07:10:00",DG_TAS1,0
D,DISPATCH,UNIT_SCADA,1,"2022/10/20 07:10:00",DG_VIC1,0
D,DISPATCH,UNIT_SCADA,1,"2022/10/20 07:10:00",DRYCGT1,0
D,DISPATCH,UNIT_SCADA,1,"2022/10/20 07:10:00",DRYCGT2,0
D,DISPATCH,UNIT_SCADA,1,"2022/10/20 07:10:00",DRYCGT3,0
D,DISPATCH,UNIT_SCADA,1,"2022/10/20 07:10:00",DUNDWF1,47.36
D,DISPATCH,UNIT_SCADA,1,"2022/10/20 07:10:00",DUNDWF2,18.86
D,DISPATCH,UNIT_SCADA,1,"2022/10/20 07:10:00",DUNDWF3,56.69
D,DISPATCH,UNIT_SCADA,1,"2022/10/20 07:10:00",EILDON1,59.88
D,DISPATCH,UNIT_SCADA,1,"2022/10/20 07:10:00",EILDON2,60.04
D,DISPATCH,UNIT_SCADA,1,"2022/10/20 07:10:00",ELAINWF1,17.06
D,DISPATCH,UNIT_SCADA,1,"2022/10/20 07:10:00",EMERASF1,0
D,DISPATCH,UNIT_SCADA,1,"2022/10/20 07:10:00",ER01,0
D,DISPATCH,UNIT_SCADA,1,"2022/10/20 07:10:00",ER02,667.966740
D,DISPATCH,UNIT_SCADA,1,"2022/10/20 07:10:00",ER03,664.768430
D,DISPATCH,UNIT_SCADA,1,"2022/10/20 07:10:00",ER04,674.876040
D,DISPATCH,UNIT_SCADA,1,"2022/10/20 07:10:00",FINLYSF1,98.551920
D,DISPATCH,UNIT_SCADA,1,"2022/10/20 07:10:00",FISHER,45.87
D,DISPATCH,UNIT_SCADA,1,"2022/10/20 07:10:00",GANGARR1,2.3720
D,DISPATCH,UNIT_SCADA,1,"2022/10/20 07:10:00",GANNBG1,10.078840
D,DISPATCH,UNIT_SCADA,1,"2022/10/20 07:10:00",GANNBL1,0
D,DISPATCH,UNIT_SCADA,1,"2022/10/20 07:10:00",GANNSF1,8.90
D,DISPATCH,UNIT_SCADA,1,"2022/10/20 07:10:00",GLRWNSF1,65.94
D,DISPATCH,UNIT_SCADA,1,"2022/10/20 07:10:00",GNNDHSF1,5.632180
D,DISPATCH,UNIT_SCADA,1,"2022/10/20 07:10:00",GOONSF1,5.076980
D,DISPATCH,UNIT_SCADA,1,"2022/10/20 07:10:00",GORDON,255.554080
D,DISPATCH,UNIT_SCADA,1,"2022/10/20 07:10:00",GRANWF1,13.12
D,DISPATCH,UNIT_SCADA,1,"2022/10/20 07:10:00",GSTONE1,200.3750
D,DISPATCH,UNIT_SCADA,1,"2022/10/20 07:10:00",GSTONE2,0
D,DISPATCH,UNIT_SCADA,1,"2022/10/20 07:10:00",GSTONE3,199.849990
D,DISPATCH,UNIT_SCADA,1,"2022/10/20 07:10:00",GSTONE4,0
D,DISPATCH,UNIT_SCADA,1,"2022/10/20 07:10:00",GSTONE5,200.724990
D,DISPATCH,UNIT_SCADA,1,"2022/10/20 07:10:00",GSTONE6,200.724990
D,DISPATCH,UNIT_SCADA,1,"2022/10/20 07:10:00",GULLRSF1,0.394990
D,DISPATCH,UNIT_SCADA,1,"2022/10/20 07:10:00",GULLRWF1,76.083850
D,DISPATCH,UNIT_SCADA,1,"2022/10/20 07:10:00",GULLRWF2,93.597620
D,DISPATCH,UNIT_SCADA,1,"2022/10/20 07:10:00",GUNNING1,0
D,DISPATCH,UNIT_SCADA,1,"2022/10/20 07:10:00",GUTHEGA,67.100010
D,DISPATCH,UNIT_SCADA,1,"2022/10/20 07:10:00",HALLWF1,40.43
D,DISPATCH,UNIT_SCADA,1,"2022/10/20 07:10:00",HALLWF2,55.67
D,DISPATCH,UNIT_SCADA,1,"2022/10/20 07:10:00",HAMISF1,2.70
D,DISPATCH,UNIT_SCADA,1,"2022/10/20 07:10:00",HAUGHT11,16.366080
D,DISPATCH,UNIT_SCADA,1,"2022/10/20 07:10:00",HAYMSF1,2.8410
D,DISPATCH,UNIT_SCADA,1,"2022/10/20 07:10:00",HDWF1,29.50
D,DISPATCH,UNIT_SCADA,1,"2022/10/20 07:10:00",HDWF2,12.80
D,DISPATCH,UNIT_SCADA,1,"2022/10/20 07:10:00",HDWF3,17.10
D,DISPATCH,UNIT_SCADA,1,"2022/10/20 07:10:00",HILLSTN1,4.450560
D,DISPATCH,UNIT_SCADA,1,"2022/10/20 07:10:00",HPRG1,0
D,DISPATCH,UNIT_SCADA,1,"2022/10/20 07:10:00",HPRL1,2.40
D,DISPATCH,UNIT_SCADA,1,"2022/10/20 07:10:00",HUMENSW,55.342720
D,DISPATCH,UNIT_SCADA,1,"2022/10/20 07:10:00",HUMEV,0
D,DISPATCH,UNIT_SCADA,1,"2022/10/20 07:10:00",HVWWBA1G,0
D,DISPATCH,UNIT_SCADA,1,"2022/10/20 07:10:00",HVWWBA1L,0.0060
D,DISPATCH,UNIT_SCADA,1,"2022/10/20 07:10:00",HVWWPV1,2.4510
D,DISPATCH,UNIT_SCADA,1,"2022/10/20 07:10:00",JBUTTERS,0
D,DISPATCH,UNIT_SCADA,1,"2022/10/20 07:10:00",JEMALNG1,1.64
D,DISPATCH,UNIT_SCADA,1,"2022/10/20 07:10:00",JLA01,0
D,DISPATCH,UNIT_SCADA,1,"2022/10/20 07:10:00",JLA02,0
D,DISPATCH,UNIT_SCADA,1,"2022/10/20 07:10:00",JLA03,0
D,DISPATCH,UNIT_SCADA,1,"2022/10/20 07:10:00",JLA04,0
D,DISPATCH,UNIT_SCADA,1,"2022/10/20 07:10:00",JLB01,0
D,DISPATCH,UNIT_SCADA,1,"2022/10/20 07:10:00",JLB02,0.10
D,DISPATCH,UNIT_SCADA,1,"2022/10/20 07:10:00",JLB03,0
D,DISPATCH,UNIT_SCADA,1,"2022/10/20 07:10:00",JUNEESF1,3.9593
D,DISPATCH,UNIT_SCADA,1,"2022/10/20 07:10:00",KABANWF1,0.8970
D,DISPATCH,UNIT_SCADA,1,"2022/10/20 07:10:00",KAREEYA1,17.9375
D,DISPATCH,UNIT_SCADA,1,"2022/10/20 07:10:00",KAREEYA2,0
D,DISPATCH,UNIT_SCADA,1,"2022/10/20 07:10:00",KAREEYA3,21.37
D,DISPATCH,UNIT_SCADA,1,"2022/10/20 07:10:00",KAREEYA4,0
D,DISPATCH,UNIT_SCADA,1,"2022/10/20 07:10:00",KARSF1,50
D,DISPATCH,UNIT_SCADA,1,"2022/10/20 07:10:00",KEPSF1,0.84
D,DISPATCH,UNIT_SCADA,1,"2022/10/20 07:10:00",KEPWF1,0
D,DISPATCH,UNIT_SCADA,1,"2022/10/20 07:10:00",KIAMSF1,3.4905
D,DISPATCH,UNIT_SCADA,1,"2022/10/20 07:10:00",KIATAWF1,30.30
D,DISPATCH,UNIT_SCADA,1,"2022/10/20 07:10:00",KPP_1,0
D,DISPATCH,UNIT_SCADA,1,"2022/10/20 07:10:00",KSP1,14.81
D,DISPATCH,UNIT_SCADA,1,"2022/10/20 07:10:00",LADBROK1,0.01
D,DISPATCH,UNIT_SCADA,1,"2022/10/20 07:10:00",LADBROK2,37.76
D,DISPATCH,UNIT_SCADA,1,"2022/10/20 07:10:00",LBBG1,23.85
D,DISPATCH,UNIT_SCADA,1,"2022/10/20 07:10:00",LBBL1,0
D,DISPATCH,UNIT_SCADA,1,"2022/10/20 07:10:00",LD01,316.049680
D,DISPATCH,UNIT_SCADA,1,"2022/10/20 07:10:00",LD02,0
D,DISPATCH,UNIT_SCADA,1,"2022/10/20 07:10:00",LD04,314.236880
D,DISPATCH,UNIT_SCADA,1,"2022/10/20 07:10:00",LEM_WIL,86.505870
D,DISPATCH,UNIT_SCADA,1,"2022/10/20 07:10:00",LGAPWF1,74.91
D,DISPATCH,UNIT_SCADA,1,"2022/10/20 07:10:00",LGAPWF2,60.60
D,DISPATCH,UNIT_SCADA,1,"2022/10/20 07:10:00",LILYSF1,25.952250
D,DISPATCH,UNIT_SCADA,1,"2022/10/20 07:10:00",LIMOSF11,22.0705
D,DISPATCH,UNIT_SCADA,1,"2022/10/20 07:10:00",LIMOSF21,3.024120
D,DISPATCH,UNIT_SCADA,1,"2022/10/20 07:10:00",LI_WY_CA,76.3540
D,DISPATCH,UNIT_SCADA,1,"2022/10/20 07:10:00",LKBONNY1,0
D,DISPATCH,UNIT_SCADA,1,"2022/10/20 07:10:00",LKBONNY2,22.812610
D,DISPATCH,UNIT_SCADA,1,"2022/10/20 07:10:00",LKBONNY3,7.703450
D,DISPATCH,UNIT_SCADA,1,"2022/10/20 07:10:00",LK_ECHO,0
D,DISPATCH,UNIT_SCADA,1,"2022/10/20 07:10:00",LNGS1,0
D,DISPATCH,UNIT_SCADA,1,"2022/10/20 07:10:00",LNGS2,0
D,DISPATCH,UNIT_SCADA,1,"2022/10/20 07:10:00",LONSDALE,0
D,DISPATCH,UNIT_SCADA,1,"2022/10/20 07:10:00",LOYYB1,580.074710
D,DISPATCH,UNIT_SCADA,1,"2022/10/20 07:10:00",LOYYB2,575.187320
D,DISPATCH,UNIT_SCADA,1,"2022/10/20 07:10:00",LYA1,555
D,DISPATCH,UNIT_SCADA,1,"2022/10/20 07:10:00",LYA2,0
D,DISPATCH,UNIT_SCADA,1,"2022/10/20 07:10:00",LYA3,555
D,DISPATCH,UNIT_SCADA,1,"2022/10/20 07:10:00",LYA4,556
D,DISPATCH,UNIT_SCADA,1,"2022/10/20 07:10:00",MACARTH1,11.999720
D,DISPATCH,UNIT_SCADA,1,"2022/10/20 07:10:00",MACKNTSH,0
D,DISPATCH,UNIT_SCADA,1,"2022/10/20 07:10:00",MANSLR1,0.3150
D,DISPATCH,UNIT_SCADA,1,"2022/10/20 07:10:00",MAPS2PV1,0
D,DISPATCH,UNIT_SCADA,1,"2022/10/20 07:10:00",MAPS3PV1,0
D,DISPATCH,UNIT_SCADA,1,"2022/10/20 07:10:00",MARYRSF1,5.82
D,DISPATCH,UNIT_SCADA,1,"2022/10/20 07:10:00",MBPS2PV1,0
D,DISPATCH,UNIT_SCADA,1,"2022/10/20 07:10:00",MCKAY1,241.159990
D,DISPATCH,UNIT_SCADA,1,"2022/10/20 07:10:00",MEADOWBK,20.091740
D,DISPATCH,UNIT_SCADA,1,"2022/10/20 07:10:00",MERCER01,19.50
D,DISPATCH,UNIT_SCADA,1,"2022/10/20 07:10:00",METZSF1,42.264930
D,DISPATCH,UNIT_SCADA,1,"2022/10/20 07:10:00",MEWF1,3.346940
D,DISPATCH,UNIT_SCADA,1,"2022/10/20 07:10:00",MIDDLSF1,1.79
D,DISPATCH,UNIT_SCADA,1,"2022/10/20 07:10:00",MINTARO,0.128180
D,DISPATCH,UNIT_SCADA,1,"2022/10/20 07:10:00",MOLNGSF1,0.716560
D,DISPATCH,UNIT_SCADA,1,"2022/10/20 07:10:00",MOORAWF1,25.09
D,DISPATCH,UNIT_SCADA,1,"2022/10/20 07:10:00",MOREESF1,0.87
D,DISPATCH,UNIT_SCADA,1,"2022/10/20 07:10:00",MORTLK11,0
D,DISPATCH,UNIT_SCADA,1,"2022/10/20 07:10:00",MORTLK12,0
D,DISPATCH,UNIT_SCADA,1,"2022/10/20 07:10:00",MOUSF1,0
D,DISPATCH,UNIT_SCADA,1,"2022/10/20 07:10:00",MP1,0
D,DISPATCH,UNIT_SCADA,1,"2022/10/20 07:10:00",MP2,538.667910
D,DISPATCH,UNIT_SCADA,1,"2022/10/20 07:10:00",MPP_1,180.380190
D,DISPATCH,UNIT_SCADA,1,"2022/10/20 07:10:00",MPP_2,0
D,DISPATCH,UNIT_SCADA,1,"2022/10/20 07:10:00",MRTLSWF1,0
D,DISPATCH,UNIT_SCADA,1,"2022/10/20 07:10:00",MSTUART1,0
D,DISPATCH,UNIT_SCADA,1,"2022/10/20 07:10:00",MSTUART2,0
D,DISPATCH,UNIT_SCADA,1,"2022/10/20 07:10:00",MSTUART3,0
D,DISPATCH,UNIT_SCADA,1,"2022/10/20 07:10:00",MTGELWF1,35.993530
D,DISPATCH,UNIT_SCADA,1,"2022/10/20 07:10:00",MTMILLAR,12
D,DISPATCH,UNIT_SCADA,1,"2022/10/20 07:10:00",MURRAY,0.30
D,DISPATCH,UNIT_SCADA,1,"2022/10/20 07:10:00",MUSSELR1,22.50
D,DISPATCH,UNIT_SCADA,1,"2022/10/20 07:10:00",MUWAWF1,179.77
D,DISPATCH,UNIT_SCADA,1,"2022/10/20 07:10:00",MUWAWF2,162.20
D,DISPATCH,UNIT_SCADA,1,"2022/10/20 07:10:00",MWPS1PV1,0.17
D,DISPATCH,UNIT_SCADA,1,"2022/10/20 07:10:00",MWPS2PV1,0.23
D,DISPATCH,UNIT_SCADA,1,"2022/10/20 07:10:00",MWPS3PV1,0.08
D,DISPATCH,UNIT_SCADA,1,"2022/10/20 07:10:00",MWPS4PV1,0.09
D,DISPATCH,UNIT_SCADA,1,"2022/10/20 07:10:00",NBHWF1,115.60
D,DISPATCH,UNIT_SCADA,1,"2022/10/20 07:10:00",NEVERSF1,3.19
D,DISPATCH,UNIT_SCADA,1,"2022/10/20 07:10:00",NPS,0
D,DISPATCH,UNIT_SCADA,1,"2022/10/20 07:10:00",NUMURSF1,72.96
D,DISPATCH,UNIT_SCADA,1,"2022/10/20 07:10:00",NYNGAN1,1
D,DISPATCH,UNIT_SCADA,1,"2022/10/20 07:10:00",OAKEY1,0
D,DISPATCH,UNIT_SCADA,1,"2022/10/20 07:10:00",OAKEY1SF,1.9210
D,DISPATCH,UNIT_SCADA,1,"2022/10/20 07:10:00",OAKEY2,0
D,DISPATCH,UNIT_SCADA,1,"2022/10/20 07:10:00",OAKEY2SF,3.41
D,DISPATCH,UNIT_SCADA,1,"2022/10/20 07:10:00",OAKLAND1,10
D,DISPATCH,UNIT_SCADA,1,"2022/10/20 07:10:00",OSB-AG,0
D,DISPATCH,UNIT_SCADA,1,"2022/10/20 07:10:00",PAREPS1,0.0660
D,DISPATCH,UNIT_SCADA,1,"2022/10/20 07:10:00",PAREPW1,87.65
D,DISPATCH,UNIT_SCADA,1,"2022/10/20 07:10:00",PARSF1,3.199820
D,DISPATCH,UNIT_SCADA,1,"2022/10/20 07:10:00",POAT110,0
D,DISPATCH,UNIT_SCADA,1,"2022/10/20 07:10:00",POAT220,0
D,DISPATCH,UNIT_SCADA,1,"2022/10/20 07:10:00",POR01,0
D,DISPATCH,UNIT_SCADA,1,"2022/10/20 07:10:00",POR03,0
D,DISPATCH,UNIT_SCADA,1,"2022/10/20 07:10:00",PPCCGT,172.881030
D,DISPATCH,UNIT_SCADA,1,"2022/10/20 07:10:00",PTSTAN1,0
D,DISPATCH,UNIT_SCADA,1,"2022/10/20 07:10:00",PUMP1,0
D,DISPATCH,UNIT_SCADA,1,"2022/10/20 07:10:00",PUMP2,0
D,DISPATCH,UNIT_SCADA,1,"2022/10/20 07:10:00",QBYNBG1,0.0025
D,DISPATCH,UNIT_SCADA,1,"2022/10/20 07:10:00",QBYNBL1,0
D,DISPATCH,UNIT_SCADA,1,"2022/10/20 07:10:00",QPS1,0
D,DISPATCH,UNIT_SCADA,1,"2022/10/20 07:10:00",QPS2,0
D,DISPATCH,UNIT_SCADA,1,"2022/10/20 07:10:00",QPS3,0
D,DISPATCH,UNIT_SCADA,1,"2022/10/20 07:10:00",QPS4,0
D,DISPATCH,UNIT_SCADA,1,"2022/10/20 07:10:00",QPS5,74.99
D,DISPATCH,UNIT_SCADA,1,"2022/10/20 07:10:00",REECE1,44.072270
D,DISPATCH,UNIT_SCADA,1,"2022/10/20 07:10:00",REECE2,41.35
D,DISPATCH,UNIT_SCADA,1,"2022/10/20 07:10:00",ROMA_7,0
D,DISPATCH,UNIT_SCADA,1,"2022/10/20 07:10:00",ROMA_8,0
D,DISPATCH,UNIT_SCADA,1,"2022/10/20 07:10:00",RRSF1,19.344420
D,DISPATCH,UNIT_SCADA,1,"2022/10/20 07:10:00",RT_NSW1,0
D,DISPATCH,UNIT_SCADA,1,"2022/10/20 07:10:00",RT_NSW2,0
D,DISPATCH,UNIT_SCADA,1,"2022/10/20 07:10:00",RT_NSW3,0
D,DISPATCH,UNIT_SCADA,1,"2022/10/20 07:10:00",RT_NSW4,0
D,DISPATCH,UNIT_SCADA,1,"2022/10/20 07:10:00",RT_NSW5,0
D,DISPATCH,UNIT_SCADA,1,"2022/10/20 07:10:00",RT_NSW6,0
D,DISPATCH,UNIT_SCADA,1,"2022/10/20 07:10:00",RT_QLD1,0
D,DISPATCH,UNIT_SCADA,1,"2022/10/20 07:10:00",RT_SA1,0
D,DISPATCH,UNIT_SCADA,1,"2022/10/20 07:10:00",RT_SA2,0
D,DISPATCH,UNIT_SCADA,1,"2022/10/20 07:10:00",RT_SA3,0
D,DISPATCH,UNIT_SCADA,1,"2022/10/20 07:10:00",RT_SA4,0
D,DISPATCH,UNIT_SCADA,1,"2022/10/20 07:10:00",RT_SA5,0
D,DISPATCH,UNIT_SCADA,1,"2022/10/20 07:10:00",RT_SA6,0
D,DISPATCH,UNIT_SCADA,1,"2022/10/20 07:10:00",RT_TAS1,0
D,DISPATCH,UNIT_SCADA,1,"2022/10/20 07:10:00",RT_VIC1,0
D,DISPATCH,UNIT_SCADA,1,"2022/10/20 07:10:00",RT_VIC10,0
D,DISPATCH,UNIT_SCADA,1,"2022/10/20 07:10:00",RT_VIC11,0
D,DISPATCH,UNIT_SCADA,1,"2022/10/20 07:10:00",RT_VIC12,0
D,DISPATCH,UNIT_SCADA,1,"2022/10/20 07:10:00",RT_VIC2,0
D,DISPATCH,UNIT_SCADA,1,"2022/10/20 07:10:00",RT_VIC3,0
D,DISPATCH,UNIT_SCADA,1,"2022/10/20 07:10:00",RT_VIC4,0
D,DISPATCH,UNIT_SCADA,1,"2022/10/20 07:10:00",RT_VIC5,0
D,DISPATCH,UNIT_SCADA,1,"2022/10/20 07:10:00",RT_VIC6,0
D,DISPATCH,UNIT_SCADA,1,"2022/10/20 07:10:00",RT_VIC7,0
D,DISPATCH,UNIT_SCADA,1,"2022/10/20 07:10:00",RT_VIC8,0
D,DISPATCH,UNIT_SCADA,1,"2022/10/20 07:10:00",RT_VIC9,0
D,DISPATCH,UNIT_SCADA,1,"2022/10/20 07:10:00",RUGBYR1,6.848510
D,DISPATCH,UNIT_SCADA,1,"2022/10/20 07:10:00",SALTCRK1,11.72
D,DISPATCH,UNIT_SCADA,1,"2022/10/20 07:10:00",SAPHWF1,165.918980
D,DISPATCH,UNIT_SCADA,1,"2022/10/20 07:10:00",SEBSF1,42.060490
D,DISPATCH,UNIT_SCADA,1,"2022/10/20 07:10:00",SHGEN,78.396790
D,DISPATCH,UNIT_SCADA,1,"2022/10/20 07:10:00",SHPUMP,0
D,DISPATCH,UNIT_SCADA,1,"2022/10/20 07:10:00",SITHE01,0.083520
D,DISPATCH,UNIT_SCADA,1,"2022/10/20 07:10:00",SMCSF1,17.8160
D,DISPATCH,UNIT_SCADA,1,"2022/10/20 07:10:00",SNAPPER1,0
D,DISPATCH,UNIT_SCADA,1,"2022/10/20 07:10:00",SNOWNTH1,138.100010
D,DISPATCH,UNIT_SCADA,1,"2022/10/20 07:10:00",SNOWSTH1,119.70
D,DISPATCH,UNIT_SCADA,1,"2022/10/20 07:10:00",SNOWTWN1,77.778180
D,DISPATCH,UNIT_SCADA,1,"2022/10/20 07:10:00",SNOWYP,0
D,DISPATCH,UNIT_SCADA,1,"2022/10/20 07:10:00",SNUG1,0
D,DISPATCH,UNIT_SCADA,1,"2022/10/20 07:10:00",SRSF1,2.51
D,DISPATCH,UNIT_SCADA,1,"2022/10/20 07:10:00",STAN-1,279.133240
D,DISPATCH,UNIT_SCADA,1,"2022/10/20 07:10:00",STAN-2,364.538240
D,DISPATCH,UNIT_SCADA,1,"2022/10/20 07:10:00",STAN-3,166.041780
D,DISPATCH,UNIT_SCADA,1,"2022/10/20 07:10:00",STAN-4,365.473940
D,DISPATCH,UNIT_SCADA,1,"2022/10/20 07:10:00",STARHLWF,5.898280
D,DISPATCH,UNIT_SCADA,1,"2022/10/20 07:10:00",STOCKYD1,266.320010
D,DISPATCH,UNIT_SCADA,1,"2022/10/20 07:10:00",STWF1,26.373080
D,DISPATCH,UNIT_SCADA,1,"2022/10/20 07:10:00",SUNRSF1,9.645230
D,DISPATCH,UNIT_SCADA,1,"2022/10/20 07:10:00",SUNTPSF1,19.9057
D,DISPATCH,UNIT_SCADA,1,"2022/10/20 07:10:00",SWAN_E,243.853760
D,DISPATCH,UNIT_SCADA,1,"2022/10/20 07:10:00",TALWA1,0
D,DISPATCH,UNIT_SCADA,1,"2022/10/20 07:10:00",TARALGA1,0
D,DISPATCH,UNIT_SCADA,1,"2022/10/20 07:10:00",TARONG#1,348.300020
D,DISPATCH,UNIT_SCADA,1,"2022/10/20 07:10:00",TARONG#2,349.200010
D,DISPATCH,UNIT_SCADA,1,"2022/10/20 07:10:00",TARONG#3,0.90
D,DISPATCH,UNIT_SCADA,1,"2022/10/20 07:10:00",TARONG#4,294.700010
D,DISPATCH,UNIT_SCADA,1,"2022/10/20 07:10:00",TARRALEA,54
D,DISPATCH,UNIT_SCADA,1,"2022/10/20 07:10:00",TBSF1,10.10
D,DISPATCH,UNIT_SCADA,1,"2022/10/20 07:10:00",TNPS1,440.8750
D,DISPATCH,UNIT_SCADA,1,"2022/10/20 07:10:00",TORRB1,0
D,DISPATCH,UNIT_SCADA,1,"2022/10/20 07:10:00",TORRB2,40
D,DISPATCH,UNIT_SCADA,1,"2022/10/20 07:10:00",TORRB3,0
D,DISPATCH,UNIT_SCADA,1,"2022/10/20 07:10:00",TORRB4,0
D,DISPATCH,UNIT_SCADA,1,"2022/10/20 07:10:00",TREVALLN,98.616560
D,DISPATCH,UNIT_SCADA,1,"2022/10/20 07:10:00",TRIBUTE,0
D,DISPATCH,UNIT_SCADA,1,"2022/10/20 07:10:00",TUMUT3,0
D,DISPATCH,UNIT_SCADA,1,"2022/10/20 07:10:00",TUNGATIN,5.030020
D,DISPATCH,UNIT_SCADA,1,"2022/10/20 07:10:00",TVCC201,0
D,DISPATCH,UNIT_SCADA,1,"2022/10/20 07:10:00",TVPP104,57.826560
D,DISPATCH,UNIT_SCADA,1,"2022/10/20 07:10:00",UPPTUMUT,95.162910
D,DISPATCH,UNIT_SCADA,1,"2022/10/20 07:10:00",URANQ11,0
D,DISPATCH,UNIT_SCADA,1,"2022/10/20 07:10:00",URANQ12,0
D,DISPATCH,UNIT_SCADA,1,"2022/10/20 07:10:00",URANQ13,0
D,DISPATCH,UNIT_SCADA,1,"2022/10/20 07:10:00",URANQ14,0
D,DISPATCH,UNIT_SCADA,1,"2022/10/20 07:10:00",VBBG1,36.90
D,DISPATCH,UNIT_SCADA,1,"2022/10/20 07:10:00",VBBL1,0
D,DISPATCH,UNIT_SCADA,1,"2022/10/20 07:10:00",VP5,587.127320
D,DISPATCH,UNIT_SCADA,1,"2022/10/20 07:10:00",VP6,590.374450
D,DISPATCH,UNIT_SCADA,1,"2022/10/20 07:10:00",VPGS1,0
D,DISPATCH,UNIT_SCADA,1,"2022/10/20 07:10:00",VPGS2,0
D,DISPATCH,UNIT_SCADA,1,"2022/10/20 07:10:00",VPGS3,0
D,DISPATCH,UNIT_SCADA,1,"2022/10/20 07:10:00",VPGS4,0
D,DISPATCH,UNIT_SCADA,1,"2022/10/20 07:10:00",VPGS5,0
D,DISPATCH,UNIT_SCADA,1,"2022/10/20 07:10:00",VPGS6,0
D,DISPATCH,UNIT_SCADA,1,"2022/10/20 07:10:00",W/HOE#1,0
D,DISPATCH,UNIT_SCADA,1,"2022/10/20 07:10:00",W/HOE#2,158.89
D,DISPATCH,UNIT_SCADA,1,"2022/10/20 07:10:00",WAGGNSF1,0
D,DISPATCH,UNIT_SCADA,1,"2022/10/20 07:10:00",WALGRVG1,0.000930
D,DISPATCH,UNIT_SCADA,1,"2022/10/20 07:10:00",WALGRVL1,0
D,DISPATCH,UNIT_SCADA,1,"2022/10/20 07:10:00",WANDBG1,0
D,DISPATCH,UNIT_SCADA,1,"2022/10/20 07:10:00",WANDBL1,0.545530
D,DISPATCH,UNIT_SCADA,1,"2022/10/20 07:10:00",WARWSF1,4.69
D,DISPATCH,UNIT_SCADA,1,"2022/10/20 07:10:00",WARWSF2,4.64
D,DISPATCH,UNIT_SCADA,1,"2022/10/20 07:10:00",WATERLWF,76.20
D,DISPATCH,UNIT_SCADA,1,"2022/10/20 07:10:00",WDGPH1,4.7930
D,DISPATCH,UNIT_SCADA,1,"2022/10/20 07:10:00",WELLSF1,14.682230
D,DISPATCH,UNIT_SCADA,1,"2022/10/20 07:10:00",WEMENSF1,4.60
D,DISPATCH,UNIT_SCADA,1,"2022/10/20 07:10:00",WGWF1,104.10
D,DISPATCH,UNIT_SCADA,1,"2022/10/20 07:10:00",WHITSF1,3.30
D,DISPATCH,UNIT_SCADA,1,"2022/10/20 07:10:00",WINTSF1,39.71
D,DISPATCH,UNIT_SCADA,1,"2022/10/20 07:10:00",WKIEWA1,33.80
D,DISPATCH,UNIT_SCADA,1,"2022/10/20 07:10:00",WKIEWA2,33.80
D,DISPATCH,UNIT_SCADA,1,"2022/10/20 07:10:00",WOODLWN1,31.223620
D,DISPATCH,UNIT_SCADA,1,"2022/10/20 07:10:00",WOOLGSF1,7.7335
D,DISPATCH,UNIT_SCADA,1,"2022/10/20 07:10:00",WPWF,41.85
D,DISPATCH,UNIT_SCADA,1,"2022/10/20 07:10:00",WRSF1,1.3599
D,DISPATCH,UNIT_SCADA,1,"2022/10/20 07:10:00",WRWF1,48.260620
D,DISPATCH,UNIT_SCADA,1,"2022/10/20 07:10:00",WSTWYSF1,0
D,DISPATCH,UNIT_SCADA,1,"2022/10/20 07:10:00",YABULU,0
D,DISPATCH,UNIT_SCADA,1,"2022/10/20 07:10:00",YABULU2,0
D,DISPATCH,UNIT_SCADA,1,"2022/10/20 07:10:00",YARANSF1,21.83
D,DISPATCH,UNIT_SCADA,1,"2022/10/20 07:10:00",YARWUN_1,129.75
D,DISPATCH,UNIT_SCADA,1,"2022/10/20 07:10:00",YATSF1,12.27
D,DISPATCH,UNIT_SCADA,1,"2022/10/20 07:10:00",YENDWF1,19.28
D,DISPATCH,UNIT_SCADA,1,"2022/10/20 07:10:00",YWPS1,365.162020
D,DISPATCH,UNIT_SCADA,1,"2022/10/20 07:10:00",YWPS2,291.726590
D,DISPATCH,UNIT_SCADA,1,"2022/10/20 07:10:00",YWPS3,359.6709
D,DISPATCH,UNIT_SCADA,1,"2022/10/20 07:10:00",YWPS4,0
C,"END OF REPORT",419
