C,NEMP.WORLD,DISPATCHSCADA,AEMO,PUBLIC,2022/10/20,01:50:09,0000000373220790,DISPATCHSCADA,0000000373220784
I,DISPATCH,UNIT_SCADA,1,SETTLEMENTDATE,DUID,SCADAVALUE
D,DISPATCH,UNIT_SCADA,1,"2022/10/20 01:55:00",BARCSF1,0.10
D,DISPATCH,UNIT_SCADA,1,"2022/10/20 01:55:00",BUTLERSG,8.699999
D,DISPATCH,UNIT_SCADA,1,"2022/10/20 01:55:00",CAPTL_WF,4.127016
D,DISPATCH,UNIT_SCADA,1,"2022/10/20 01:55:00",CHALLHWF,17
D,DISPATCH,UNIT_SCADA,1,"2022/10/20 01:55:00",CLOVER,13.40
D,DISPATCH,UNIT_SCADA,1,"2022/10/20 01:55:00",CLUNY,6.281987
D,DISPATCH,UNIT_SCADA,1,"2022/10/20 01:55:00",CULLRGWF,-0.03
D,DISPATCH,UNIT_SCADA,1,"2022/10/20 01:55:00",DIAPURWF1,7.30
D,DISPATCH,UNIT_SCADA,1,"2022/10/20 01:55:00",ERGT01,0
D,DISPATCH,UNIT_SCADA,1,"2022/10/20 01:55:00",GB01,0
D,DISPATCH,UNIT_SCADA,1,"2022/10/20 01:55:00",GERMCRK,21.60
D,DISPATCH,UNIT_SCADA,1,"2022/10/20 01:55:00",GRIFSF1,0.001526
D,DISPATCH,UNIT_SCADA,1,"2022/10/20 01:55:00",HEZ1,0
D,DISPATCH,UNIT_SCADA,1,"2022/10/20 01:55:00",HUGSF1,-0.1740
D,DISPATCH,UNIT_SCADA,1,"2022/10/20 01:55:00",KEPBG1,0.02
D,DISPATCH,UNIT_SCADA,1,"2022/10/20 01:55:00",LRSF1,0.0240
D,DISPATCH,UNIT_SCADA,1,"2022/10/20 01:55:00",MBAHNTH,50.212509
D,DISPATCH,UNIT_SCADA,1,"2022/10/20 01:55:00",MLSP1,0
D,DISPATCH,UNIT_SCADA,1,"2022/10/20 01:55:00",MLWF1,1.38
D,DISPATCH,UNIT_SCADA,1,"2022/10/20 01:55:00",PALOONA,30.25
D,DISPATCH,UNIT_SCADA,1,"2022/10/20 01:55:00",PIONEER,42.900002
D,DISPATCH,UNIT_SCADA,1,"2022/10/20 01:55:00",PORTWF,29
D,DISPATCH,UNIT_SCADA,1,"2022/10/20 01:55:00",REPULSE,9.530785
D,DISPATCH,UNIT_SCADA,1,"2022/10/20 01:55:00",ROWALLAN,8.974401
D,DISPATCH,UNIT_SCADA,1,"2022/10/20 01:55:00",ROYALLA1,0
D,DISPATCH,UNIT_SCADA,1,"2022/10/20 01:55:00",RPCG,-1.20
D,DISPATCH,UNIT_SCADA,1,"2022/10/20 01:55:00",RUBICON,0
D,DISPATCH,UNIT_SCADA,1,"2022/10/20 01:55:00",WAUBRAWF,100.242996
D,DISPATCH,UNIT_SCADA,1,"2022/10/20 01:55:00",WOOLNTH1,13.43
D,DISPATCH,UNIT_SCADA,1,"2022/10/20 01:55:00",YAMBUKWF,1.80
D,DISPATCH,UNIT_SCADA,1,"2022/10/20 01:55:00",YSWF1,2.70
D,DISPATCH,UNIT_SCADA,1,"2022/10/20 01:55:00",ADPBA1G,0.0080
D,DISPATCH,UNIT_SCADA,1,"2022/10/20 01:55:00",ADPBA1L,0
D,DISPATCH,UNIT_SCADA,1,"2022/10/20 01:55:00",ADPPV1,0
D,DISPATCH,UNIT_SCADA,1,"2022/10/20 01:55:00",AGLHAL,0
D,DISPATCH,UNIT_SCADA,1,"2022/10/20 01:55:00",AGLSOM,0
D,DISPATCH,UNIT_SCADA,1,"2022/10/20 01:55:00",ANGAST1,0
D,DISPATCH,UNIT_SCADA,1,"2022/10/20 01:55:00",ARWF1,24.60
D,DISPATCH,UNIT_SCADA,1,"2022/10/20 01:55:00",BALBG1,0
D,DISPATCH,UNIT_SCADA,1,"2022/10/20 01:55:00",BALBL1,0
D,DISPATCH,UNIT_SCADA,1,"2022/10/20 01:55:00",BALDHWF1,0
D,DISPATCH,UNIT_SCADA,1,"2022/10/20 01:55:00",BANGOWF1,44.099790
D,DISPATCH,UNIT_SCADA,1,"2022/10/20 01:55:00",BANGOWF2,43.599220
D,DISPATCH,UNIT_SCADA,1,"2022/10/20 01:55:00",BANN1,0
D,DISPATCH,UNIT_SCADA,1,"2022/10/20 01:55:00",BARCALDN,0
D,DISPATCH,UNIT_SCADA,1,"2022/10/20 01:55:00",BARKIPS1,0
D,DISPATCH,UNIT_SCADA,1,"2022/10/20 01:55:00",BARRON-1,0
D,DISPATCH,UNIT_SCADA,1,"2022/10/20 01:55:00",BARRON-2,0
D,DISPATCH,UNIT_SCADA,1,"2022/10/20 01:55:00",BASTYAN,0
D,DISPATCH,UNIT_SCADA,1,"2022/10/20 01:55:00",BBTHREE1,-1.13
D,DISPATCH,UNIT_SCADA,1,"2022/10/20 01:55:00",BBTHREE2,0
D,DISPATCH,UNIT_SCADA,1,"2022/10/20 01:55:00",BBTHREE3,0
D,DISPATCH,UNIT_SCADA,1,"2022/10/20 01:55:00",BDL01,0
D,DISPATCH,UNIT_SCADA,1,"2022/10/20 01:55:00",BDL02,0
D,DISPATCH,UNIT_SCADA,1,"2022/10/20 01:55:00",BERYLSF1,0
D,DISPATCH,UNIT_SCADA,1,"2022/10/20 01:55:00",BLOWERNG,62.60
D,DISPATCH,UNIT_SCADA,1,"2022/10/20 01:55:00",BLUEGSF1,0
D,DISPATCH,UNIT_SCADA,1,"2022/10/20 01:55:00",BLUFF1,17.20
D,DISPATCH,UNIT_SCADA,1,"2022/10/20 01:55:00",BNGSF1,0
D,DISPATCH,UNIT_SCADA,1,"2022/10/20 01:55:00",BNGSF2,0
D,DISPATCH,UNIT_SCADA,1,"2022/10/20 01:55:00",BOCORWF1,3.15
D,DISPATCH,UNIT_SCADA,1,"2022/10/20 01:55:00",BODWF1,88.070660
D,DISPATCH,UNIT_SCADA,1,"2022/10/20 01:55:00",BOMENSF1,0
D,DISPATCH,UNIT_SCADA,1,"2022/10/20 01:55:00",BOWWBA1G,0
D,DISPATCH,UNIT_SCADA,1,"2022/10/20 01:55:00",BOWWBA1L,0.0010
D,DISPATCH,UNIT_SCADA,1,"2022/10/20 01:55:00",BOWWPV1,0
D,DISPATCH,UNIT_SCADA,1,"2022/10/20 01:55:00",BRAEMAR1,0
D,DISPATCH,UNIT_SCADA,1,"2022/10/20 01:55:00",BRAEMAR2,0
D,DISPATCH,UNIT_SCADA,1,"2022/10/20 01:55:00",BRAEMAR3,0
D,DISPATCH,UNIT_SCADA,1,"2022/10/20 01:55:00",BRAEMAR5,0.292060
D,DISPATCH,UNIT_SCADA,1,"2022/10/20 01:55:00",BRAEMAR6,0
D,DISPATCH,UNIT_SCADA,1,"2022/10/20 01:55:00",BRAEMAR7,0.130920
D,DISPATCH,UNIT_SCADA,1,"2022/10/20 01:55:00",BROKENH1,0
D,DISPATCH,UNIT_SCADA,1,"2022/10/20 01:55:00",BRYB1WF1,118.181120
D,DISPATCH,UNIT_SCADA,1,"2022/10/20 01:55:00",BULBESG1,0
D,DISPATCH,UNIT_SCADA,1,"2022/10/20 01:55:00",BULBESL1,0.03
D,DISPATCH,UNIT_SCADA,1,"2022/10/20 01:55:00",BULGANA1,45.04
D,DISPATCH,UNIT_SCADA,1,"2022/10/20 01:55:00",BW01,443.036560
D,DISPATCH,UNIT_SCADA,1,"2022/10/20 01:55:00",BW02,440.302120
D,DISPATCH,UNIT_SCADA,1,"2022/10/20 01:55:00",BW03,440.497440
D,DISPATCH,UNIT_SCADA,1,"2022/10/20 01:55:00",BW04,0
D,DISPATCH,UNIT_SCADA,1,"2022/10/20 01:55:00",CALL_B_1,319.600010
D,DISPATCH,UNIT_SCADA,1,"2022/10/20 01:55:00",CALL_B_2,320.899990
D,DISPATCH,UNIT_SCADA,1,"2022/10/20 01:55:00",CATHROCK,8.70
D,DISPATCH,UNIT_SCADA,1,"2022/10/20 01:55:00",CBWWBA1G,0
D,DISPATCH,UNIT_SCADA,1,"2022/10/20 01:55:00",CBWWBA1L,0
D,DISPATCH,UNIT_SCADA,1,"2022/10/20 01:55:00",CETHANA,98.1845
D,DISPATCH,UNIT_SCADA,1,"2022/10/20 01:55:00",CG1,0
D,DISPATCH,UNIT_SCADA,1,"2022/10/20 01:55:00",CG2,0
D,DISPATCH,UNIT_SCADA,1,"2022/10/20 01:55:00",CG3,0
D,DISPATCH,UNIT_SCADA,1,"2022/10/20 01:55:00",CG4,0
D,DISPATCH,UNIT_SCADA,1,"2022/10/20 01:55:00",CHILDSF1,0
D,DISPATCH,UNIT_SCADA,1,"2022/10/20 01:55:00",CHYTWF1,18.97
D,DISPATCH,UNIT_SCADA,1,"2022/10/20 01:55:00",CLARESF1,0
D,DISPATCH,UNIT_SCADA,1,"2022/10/20 01:55:00",CLEMGPWF,25.356320
D,DISPATCH,UNIT_SCADA,1,"2022/10/20 01:55:00",CLERMSF1,0
D,DISPATCH,UNIT_SCADA,1,"2022/10/20 01:55:00",CNUNDAWF,0
D,DISPATCH,UNIT_SCADA,1,"2022/10/20 01:55:00",COHUNSF1,0
D,DISPATCH,UNIT_SCADA,1,"2022/10/20 01:55:00",COLEASF1,0
D,DISPATCH,UNIT_SCADA,1,"2022/10/20 01:55:00",COLUMSF1,0
D,DISPATCH,UNIT_SCADA,1,"2022/10/20 01:55:00",COLWF01,76.810870
D,DISPATCH,UNIT_SCADA,1,"2022/10/20 01:55:00",COOPGWF1,325.390010
D,DISPATCH,UNIT_SCADA,1,"2022/10/20 01:55:00",CPP_3,360.25
D,DISPATCH,UNIT_SCADA,1,"2022/10/20 01:55:00",CPP_4,0
D,DISPATCH,UNIT_SCADA,1,"2022/10/20 01:55:00",CPSA,0
D,DISPATCH,UNIT_SCADA,1,"2022/10/20 01:55:00",CROOKWF2,10.493930
D,DISPATCH,UNIT_SCADA,1,"2022/10/20 01:55:00",CROWLWF1,48.828410
D,DISPATCH,UNIT_SCADA,1,"2022/10/20 01:55:00",CRURWF1,26.499810
D,DISPATCH,UNIT_SCADA,1,"2022/10/20 01:55:00",CRWASF1,0
D,DISPATCH,UNIT_SCADA,1,"2022/10/20 01:55:00",CSPVPS1,0
D,DISPATCH,UNIT_SCADA,1,"2022/10/20 01:55:00",CTHLWF1,0.003050
D,DISPATCH,UNIT_SCADA,1,"2022/10/20 01:55:00",DALNTH01,0
D,DISPATCH,UNIT_SCADA,1,"2022/10/20 01:55:00",DALNTHL1,0.065610
D,DISPATCH,UNIT_SCADA,1,"2022/10/20 01:55:00",DARLSF1,0
D,DISPATCH,UNIT_SCADA,1,"2022/10/20 01:55:00",DARTM1,0
D,DISPATCH,UNIT_SCADA,1,"2022/10/20 01:55:00",DAYDSF1,0
D,DISPATCH,UNIT_SCADA,1,"2022/10/20 01:55:00",DDPS1,0
D,DISPATCH,UNIT_SCADA,1,"2022/10/20 01:55:00",DDSF1,0
D,DISPATCH,UNIT_SCADA,1,"2022/10/20 01:55:00",DEVILS_G,55.572990
D,DISPATCH,UNIT_SCADA,1,"2022/10/20 01:55:00",DG_NSW1,0
D,DISPATCH,UNIT_SCADA,1,"2022/10/20 01:55:00",DG_QLD1,0
D,DISPATCH,UNIT_SCADA,1,"2022/10/20 01:55:00",DG_SA1,0
D,DISPATCH,UNIT_SCADA,1,"2022/10/20 01:55:00",DG_TAS1,0
D,DISPATCH,UNIT_SCADA,1,"2022/10/20 01:55:00",DG_VIC1,0
D,DISPATCH,UNIT_SCADA,1,"2022/10/20 01:55:00",DRYCGT1,0
D,DISPATCH,UNIT_SCADA,1,"2022/10/20 01:55:00",DRYCGT2,0
D,DISPATCH,UNIT_SCADA,1,"2022/10/20 01:55:00",DRYCGT3,0
D,DISPATCH,UNIT_SCADA,1,"2022/10/20 01:55:00",DUNDWF1,72.94
D,DISPATCH,UNIT_SCADA,1,"2022/10/20 01:55:00",DUNDWF2,24.01
D,DISPATCH,UNIT_SCADA,1,"2022/10/20 01:55:00",DUNDWF3,55.07
D,DISPATCH,UNIT_SCADA,1,"2022/10/20 01:55:00",EILDON1,60
D,DISPATCH,UNIT_SCADA,1,"2022/10/20 01:55:00",EILDON2,59.92
D,DISPATCH,UNIT_SCADA,1,"2022/10/20 01:55:00",ELAINWF1,42.43
D,DISPATCH,UNIT_SCADA,1,"2022/10/20 01:55:00",EMERASF1,0
D,DISPATCH,UNIT_SCADA,1,"2022/10/20 01:55:00",ER01,0
D,DISPATCH,UNIT_SCADA,1,"2022/10/20 01:55:00",ER02,387.029850
D,DISPATCH,UNIT_SCADA,1,"2022/10/20 01:55:00",ER03,326.701750
D,DISPATCH,UNIT_SCADA,1,"2022/10/20 01:55:00",ER04,382.513150
D,DISPATCH,UNIT_SCADA,1,"2022/10/20 01:55:00",FINLYSF1,0
D,DISPATCH,UNIT_SCADA,1,"2022/10/20 01:55:00",FISHER,31.13
D,DISPATCH,UNIT_SCADA,1,"2022/10/20 01:55:00",GANGARR1,0
D,DISPATCH,UNIT_SCADA,1,"2022/10/20 01:55:00",GANNBG1,0
D,DISPATCH,UNIT_SCADA,1,"2022/10/20 01:55:00",GANNBL1,7.956310
D,DISPATCH,UNIT_SCADA,1,"2022/10/20 01:55:00",GANNSF1,0
D,DISPATCH,UNIT_SCADA,1,"2022/10/20 01:55:00",GLRWNSF1,0
D,DISPATCH,UNIT_SCADA,1,"2022/10/20 01:55:00",GNNDHSF1,0
D,DISPATCH,UNIT_SCADA,1,"2022/10/20 01:55:00",GOONSF1,0
D,DISPATCH,UNIT_SCADA,1,"2022/10/20 01:55:00",GORDON,194.817920
D,DISPATCH,UNIT_SCADA,1,"2022/10/20 01:55:00",GRANWF1,0
D,DISPATCH,UNIT_SCADA,1,"2022/10/20 01:55:00",GSTONE1,139.8250
D,DISPATCH,UNIT_SCADA,1,"2022/10/20 01:55:00",GSTONE2,0
D,DISPATCH,UNIT_SCADA,1,"2022/10/20 01:55:00",GSTONE3,220.149990
D,DISPATCH,UNIT_SCADA,1,"2022/10/20 01:55:00",GSTONE4,0
D,DISPATCH,UNIT_SCADA,1,"2022/10/20 01:55:00",GSTONE5,220.3250
D,DISPATCH,UNIT_SCADA,1,"2022/10/20 01:55:00",GSTONE6,221.20
D,DISPATCH,UNIT_SCADA,1,"2022/10/20 01:55:00",GULLRSF1,0
D,DISPATCH,UNIT_SCADA,1,"2022/10/20 01:55:00",GULLRWF1,52.4542
D,DISPATCH,UNIT_SCADA,1,"2022/10/20 01:55:00",GULLRWF2,69.888760
D,DISPATCH,UNIT_SCADA,1,"2022/10/20 01:55:00",GUNNING1,0
D,DISPATCH,UNIT_SCADA,1,"2022/10/20 01:55:00",GUTHEGA,68
D,DISPATCH,UNIT_SCADA,1,"2022/10/20 01:55:00",HALLWF1,65.70
D,DISPATCH,UNIT_SCADA,1,"2022/10/20 01:55:00",HALLWF2,50.39
D,DISPATCH,UNIT_SCADA,1,"2022/10/20 01:55:00",HAMISF1,0
D,DISPATCH,UNIT_SCADA,1,"2022/10/20 01:55:00",HAUGHT11,0
D,DISPATCH,UNIT_SCADA,1,"2022/10/20 01:55:00",HAYMSF1,0
D,DISPATCH,UNIT_SCADA,1,"2022/10/20 01:55:00",HDWF1,99.20
D,DISPATCH,UNIT_SCADA,1,"2022/10/20 01:55:00",HDWF2,85.60
D,DISPATCH,UNIT_SCADA,1,"2022/10/20 01:55:00",HDWF3,91.40
D,DISPATCH,UNIT_SCADA,1,"2022/10/20 01:55:00",HILLSTN1,0
D,DISPATCH,UNIT_SCADA,1,"2022/10/20 01:55:00",HPRG1,1.90
D,DISPATCH,UNIT_SCADA,1,"2022/10/20 01:55:00",HPRL1,0
D,DISPATCH,UNIT_SCADA,1,"2022/10/20 01:55:00",HUMENSW,54.404470
D,DISPATCH,UNIT_SCADA,1,"2022/10/20 01:55:00",HUMEV,0
D,DISPATCH,UNIT_SCADA,1,"2022/10/20 01:55:00",HVWWBA1G,0
D,DISPATCH,UNIT_SCADA,1,"2022/10/20 01:55:00",HVWWBA1L,0.0060
D,DISPATCH,UNIT_SCADA,1,"2022/10/20 01:55:00",HVWWPV1,0
D,DISPATCH,UNIT_SCADA,1,"2022/10/20 01:55:00",JBUTTERS,0
D,DISPATCH,UNIT_SCADA,1,"2022/10/20 01:55:00",JEMALNG1,0
D,DISPATCH,UNIT_SCADA,1,"2022/10/20 01:55:00",JLA01,0
D,DISPATCH,UNIT_SCADA,1,"2022/10/20 01:55:00",JLA02,0
D,DISPATCH,UNIT_SCADA,1,"2022/10/20 01:55:00",JLA03,0
D,DISPATCH,UNIT_SCADA,1,"2022/10/20 01:55:00",JLA04,0
D,DISPATCH,UNIT_SCADA,1,"2022/10/20 01:55:00",JLB01,0
D,DISPATCH,UNIT_SCADA,1,"2022/10/20 01:55:00",JLB02,0.10
D,DISPATCH,UNIT_SCADA,1,"2022/10/20 01:55:00",JLB03,0
D,DISPATCH,UNIT_SCADA,1,"2022/10/20 01:55:00",JUNEESF1,0
D,DISPATCH,UNIT_SCADA,1,"2022/10/20 01:55:00",KABANWF1,0.8260
D,DISPATCH,UNIT_SCADA,1,"2022/10/20 01:55:00",KAREEYA1,0
D,DISPATCH,UNIT_SCADA,1,"2022/10/20 01:55:00",KAREEYA2,0
D,DISPATCH,UNIT_SCADA,1,"2022/10/20 01:55:00",KAREEYA3,21.51
D,DISPATCH,UNIT_SCADA,1,"2022/10/20 01:55:00",KAREEYA4,0
D,DISPATCH,UNIT_SCADA,1,"2022/10/20 01:55:00",KARSF1,0
D,DISPATCH,UNIT_SCADA,1,"2022/10/20 01:55:00",KEPSF1,0
D,DISPATCH,UNIT_SCADA,1,"2022/10/20 01:55:00",KEPWF1,5.27
D,DISPATCH,UNIT_SCADA,1,"2022/10/20 01:55:00",KIAMSF1,0
D,DISPATCH,UNIT_SCADA,1,"2022/10/20 01:55:00",KIATAWF1,30.90
D,DISPATCH,UNIT_SCADA,1,"2022/10/20 01:55:00",KPP_1,0
D,DISPATCH,UNIT_SCADA,1,"2022/10/20 01:55:00",KSP1,0
D,DISPATCH,UNIT_SCADA,1,"2022/10/20 01:55:00",LADBROK1,0.01
D,DISPATCH,UNIT_SCADA,1,"2022/10/20 01:55:00",LADBROK2,38.13
D,DISPATCH,UNIT_SCADA,1,"2022/10/20 01:55:00",LBBG1,0
D,DISPATCH,UNIT_SCADA,1,"2022/10/20 01:55:00",LBBL1,4.95
D,DISPATCH,UNIT_SCADA,1,"2022/10/20 01:55:00",LD01,321.0303
D,DISPATCH,UNIT_SCADA,1,"2022/10/20 01:55:00",LD02,0
D,DISPATCH,UNIT_SCADA,1,"2022/10/20 01:55:00",LD04,320.224610
D,DISPATCH,UNIT_SCADA,1,"2022/10/20 01:55:00",LEM_WIL,86.933170
D,DISPATCH,UNIT_SCADA,1,"2022/10/20 01:55:00",LGAPWF1,63.85
D,DISPATCH,UNIT_SCADA,1,"2022/10/20 01:55:00",LGAPWF2,33.85
D,DISPATCH,UNIT_SCADA,1,"2022/10/20 01:55:00",LILYSF1,0
D,DISPATCH,UNIT_SCADA,1,"2022/10/20 01:55:00",LIMOSF11,0
D,DISPATCH,UNIT_SCADA,1,"2022/10/20 01:55:00",LIMOSF21,0
D,DISPATCH,UNIT_SCADA,1,"2022/10/20 01:55:00",LI_WY_CA,56.176990
D,DISPATCH,UNIT_SCADA,1,"2022/10/20 01:55:00",LKBONNY1,0
D,DISPATCH,UNIT_SCADA,1,"2022/10/20 01:55:00",LKBONNY2,23.789550
D,DISPATCH,UNIT_SCADA,1,"2022/10/20 01:55:00",LKBONNY3,6.810290
D,DISPATCH,UNIT_SCADA,1,"2022/10/20 01:55:00",LK_ECHO,0
D,DISPATCH,UNIT_SCADA,1,"2022/10/20 01:55:00",LNGS1,0
D,DISPATCH,UNIT_SCADA,1,"2022/10/20 01:55:00",LNGS2,0
D,DISPATCH,UNIT_SCADA,1,"2022/10/20 01:55:00",LONSDALE,0
D,DISPATCH,UNIT_SCADA,1,"2022/10/20 01:55:00",LOYYB1,454.131650
D,DISPATCH,UNIT_SCADA,1,"2022/10/20 01:55:00",LOYYB2,454.131650
D,DISPATCH,UNIT_SCADA,1,"2022/10/20 01:55:00",LYA1,532
D,DISPATCH,UNIT_SCADA,1,"2022/10/20 01:55:00",LYA2,0
D,DISPATCH,UNIT_SCADA,1,"2022/10/20 01:55:00",LYA3,530
D,DISPATCH,UNIT_SCADA,1,"2022/10/20 01:55:00",LYA4,530
D,DISPATCH,UNIT_SCADA,1,"2022/10/20 01:55:00",MACARTH1,38.199120
D,DISPATCH,UNIT_SCADA,1,"2022/10/20 01:55:00",MACKNTSH,0
D,DISPATCH,UNIT_SCADA,1,"2022/10/20 01:55:00",MANSLR1,0
D,DISPATCH,UNIT_SCADA,1,"2022/10/20 01:55:00",MAPS2PV1,0
D,DISPATCH,UNIT_SCADA,1,"2022/10/20 01:55:00",MAPS3PV1,0
D,DISPATCH,UNIT_SCADA,1,"2022/10/20 01:55:00",MARYRSF1,0
D,DISPATCH,UNIT_SCADA,1,"2022/10/20 01:55:00",MBPS2PV1,0
D,DISPATCH,UNIT_SCADA,1,"2022/10/20 01:55:00",MCKAY1,0.02
D,DISPATCH,UNIT_SCADA,1,"2022/10/20 01:55:00",MEADOWBK,19.805940
D,DISPATCH,UNIT_SCADA,1,"2022/10/20 01:55:00",MERCER01,40.50
D,DISPATCH,UNIT_SCADA,1,"2022/10/20 01:55:00",METZSF1,0
D,DISPATCH,UNIT_SCADA,1,"2022/10/20 01:55:00",MEWF1,2
D,DISPATCH,UNIT_SCADA,1,"2022/10/20 01:55:00",MIDDLSF1,0
D,DISPATCH,UNIT_SCADA,1,"2022/10/20 01:55:00",MINTARO,0.128180
D,DISPATCH,UNIT_SCADA,1,"2022/10/20 01:55:00",MOLNGSF1,0
D,DISPATCH,UNIT_SCADA,1,"2022/10/20 01:55:00",MOORAWF1,53.80
D,DISPATCH,UNIT_SCADA,1,"2022/10/20 01:55:00",MOREESF1,0
D,DISPATCH,UNIT_SCADA,1,"2022/10/20 01:55:00",MORTLK11,0
D,DISPATCH,UNIT_SCADA,1,"2022/10/20 01:55:00",MORTLK12,0
D,DISPATCH,UNIT_SCADA,1,"2022/10/20 01:55:00",MOUSF1,0
D,DISPATCH,UNIT_SCADA,1,"2022/10/20 01:55:00",MP1,0
D,DISPATCH,UNIT_SCADA,1,"2022/10/20 01:55:00",MP2,282.316310
D,DISPATCH,UNIT_SCADA,1,"2022/10/20 01:55:00",MPP_1,172.643720
D,DISPATCH,UNIT_SCADA,1,"2022/10/20 01:55:00",MPP_2,0
D,DISPATCH,UNIT_SCADA,1,"2022/10/20 01:55:00",MRTLSWF1,0
D,DISPATCH,UNIT_SCADA,1,"2022/10/20 01:55:00",MSTUART1,0
D,DISPATCH,UNIT_SCADA,1,"2022/10/20 01:55:00",MSTUART2,0
D,DISPATCH,UNIT_SCADA,1,"2022/10/20 01:55:00",MSTUART3,0
D,DISPATCH,UNIT_SCADA,1,"2022/10/20 01:55:00",MTGELWF1,12.9017
D,DISPATCH,UNIT_SCADA,1,"2022/10/20 01:55:00",MTMILLAR,7.60
D,DISPATCH,UNIT_SCADA,1,"2022/10/20 01:55:00",MURRAY,0
D,DISPATCH,UNIT_SCADA,1,"2022/10/20 01:55:00",MUSSELR1,42.20
D,DISPATCH,UNIT_SCADA,1,"2022/10/20 01:55:00",MUWAWF1,185.11
D,DISPATCH,UNIT_SCADA,1,"2022/10/20 01:55:00",MUWAWF2,185.20
D,DISPATCH,UNIT_SCADA,1,"2022/10/20 01:55:00",MWPS1PV1,0
D,DISPATCH,UNIT_SCADA,1,"2022/10/20 01:55:00",MWPS2PV1,0
D,DISPATCH,UNIT_SCADA,1,"2022/10/20 01:55:00",MWPS3PV1,0
D,DISPATCH,UNIT_SCADA,1,"2022/10/20 01:55:00",MWPS4PV1,0
D,DISPATCH,UNIT_SCADA,1,"2022/10/20 01:55:00",NBHWF1,111.70
D,DISPATCH,UNIT_SCADA,1,"2022/10/20 01:55:00",NEVERSF1,0
D,DISPATCH,UNIT_SCADA,1,"2022/10/20 01:55:00",NPS,0
D,DISPATCH,UNIT_SCADA,1,"2022/10/20 01:55:00",NUMURSF1,0
D,DISPATCH,UNIT_SCADA,1,"2022/10/20 01:55:00",NYNGAN1,0
D,DISPATCH,UNIT_SCADA,1,"2022/10/20 01:55:00",OAKEY1,0
D,DISPATCH,UNIT_SCADA,1,"2022/10/20 01:55:00",OAKEY1SF,0
D,DISPATCH,UNIT_SCADA,1,"2022/10/20 01:55:00",OAKEY2,0
D,DISPATCH,UNIT_SCADA,1,"2022/10/20 01:55:00",OAKEY2SF,0
D,DISPATCH,UNIT_SCADA,1,"2022/10/20 01:55:00",OAKLAND1,11.80
D,DISPATCH,UNIT_SCADA,1,"2022/10/20 01:55:00",OSB-AG,0
D,DISPATCH,UNIT_SCADA,1,"2022/10/20 01:55:00",PAREPS1,0.0660
D,DISPATCH,UNIT_SCADA,1,"2022/10/20 01:55:00",PAREPW1,25.28
D,DISPATCH,UNIT_SCADA,1,"2022/10/20 01:55:00",PARSF1,0.001530
D,DISPATCH,UNIT_SCADA,1,"2022/10/20 01:55:00",POAT110,0
D,DISPATCH,UNIT_SCADA,1,"2022/10/20 01:55:00",POAT220,0
D,DISPATCH,UNIT_SCADA,1,"2022/10/20 01:55:00",POR01,0
D,DISPATCH,UNIT_SCADA,1,"2022/10/20 01:55:00",POR03,0
D,DISPATCH,UNIT_SCADA,1,"2022/10/20 01:55:00",PPCCGT,124.561540
D,DISPATCH,UNIT_SCADA,1,"2022/10/20 01:55:00",PTSTAN1,0
D,DISPATCH,UNIT_SCADA,1,"2022/10/20 01:55:00",PUMP1,0
D,DISPATCH,UNIT_SCADA,1,"2022/10/20 01:55:00",PUMP2,0
D,DISPATCH,UNIT_SCADA,1,"2022/10/20 01:55:00",QBYNBG1,0
D,DISPATCH,UNIT_SCADA,1,"2022/10/20 01:55:00",QBYNBL1,0.0005
D,DISPATCH,UNIT_SCADA,1,"2022/10/20 01:55:00",QPS1,0
D,DISPATCH,UNIT_SCADA,1,"2022/10/20 01:55:00",QPS2,0
D,DISPATCH,UNIT_SCADA,1,"2022/10/20 01:55:00",QPS3,0
D,DISPATCH,UNIT_SCADA,1,"2022/10/20 01:55:00",QPS4,0
D,DISPATCH,UNIT_SCADA,1,"2022/10/20 01:55:00",QPS5,78.39
D,DISPATCH,UNIT_SCADA,1,"2022/10/20 01:55:00",REECE1,0
D,DISPATCH,UNIT_SCADA,1,"2022/10/20 01:55:00",REECE2,0
D,DISPATCH,UNIT_SCADA,1,"2022/10/20 01:55:00",ROMA_7,0
D,DISPATCH,UNIT_SCADA,1,"2022/10/20 01:55:00",ROMA_8,0
D,DISPATCH,UNIT_SCADA,1,"2022/10/20 01:55:00",RRSF1,0
D,DISPATCH,UNIT_SCADA,1,"2022/10/20 01:55:00",RT_NSW1,0
D,DISPATCH,UNIT_SCADA,1,"2022/10/20 01:55:00",RT_NSW2,0
D,DISPATCH,UNIT_SCADA,1,"2022/10/20 01:55:00",RT_NSW3,0
D,DISPATCH,UNIT_SCADA,1,"2022/10/20 01:55:00",RT_NSW4,0
D,DISPATCH,UNIT_SCADA,1,"2022/10/20 01:55:00",RT_NSW5,0
D,DISPATCH,UNIT_SCADA,1,"2022/10/20 01:55:00",RT_NSW6,0
D,DISPATCH,UNIT_SCADA,1,"2022/10/20 01:55:00",RT_QLD1,0
D,DISPATCH,UNIT_SCADA,1,"2022/10/20 01:55:00",RT_SA1,0
D,DISPATCH,UNIT_SCADA,1,"2022/10/20 01:55:00",RT_SA2,0
D,DISPATCH,UNIT_SCADA,1,"2022/10/20 01:55:00",RT_SA3,0
D,DISPATCH,UNIT_SCADA,1,"2022/10/20 01:55:00",RT_SA4,0
D,DISPATCH,UNIT_SCADA,1,"2022/10/20 01:55:00",RT_SA5,0
D,DISPATCH,UNIT_SCADA,1,"2022/10/20 01:55:00",RT_SA6,0
D,DISPATCH,UNIT_SCADA,1,"2022/10/20 01:55:00",RT_TAS1,0
D,DISPATCH,UNIT_SCADA,1,"2022/10/20 01:55:00",RT_VIC1,0
D,DISPATCH,UNIT_SCADA,1,"2022/10/20 01:55:00",RT_VIC10,0
D,DISPATCH,UNIT_SCADA,1,"2022/10/20 01:55:00",RT_VIC11,0
D,DISPATCH,UNIT_SCADA,1,"2022/10/20 01:55:00",RT_VIC12,0
D,DISPATCH,UNIT_SCADA,1,"2022/10/20 01:55:00",RT_VIC2,0
D,DISPATCH,UNIT_SCADA,1,"2022/10/20 01:55:00",RT_VIC3,0
D,DISPATCH,UNIT_SCADA,1,"2022/10/20 01:55:00",RT_VIC4,0
D,DISPATCH,UNIT_SCADA,1,"2022/10/20 01:55:00",RT_VIC5,0
D,DISPATCH,UNIT_SCADA,1,"2022/10/20 01:55:00",RT_VIC6,0
D,DISPATCH,UNIT_SCADA,1,"2022/10/20 01:55:00",RT_VIC7,0
D,DISPATCH,UNIT_SCADA,1,"2022/10/20 01:55:00",RT_VIC8,0
D,DISPATCH,UNIT_SCADA,1,"2022/10/20 01:55:00",RT_VIC9,0
D,DISPATCH,UNIT_SCADA,1,"2022/10/20 01:55:00",RUGBYR1,0
D,DISPATCH,UNIT_SCADA,1,"2022/10/20 01:55:00",SALTCRK1,12.37
D,DISPATCH,UNIT_SCADA,1,"2022/10/20 01:55:00",SAPHWF1,195.783940
D,DISPATCH,UNIT_SCADA,1,"2022/10/20 01:55:00",SEBSF1,0
D,DISPATCH,UNIT_SCADA,1,"2022/10/20 01:55:00",SHGEN,0
D,DISPATCH,UNIT_SCADA,1,"2022/10/20 01:55:00",SHPUMP,0
D,DISPATCH,UNIT_SCADA,1,"2022/10/20 01:55:00",SITHE01,0.123710
D,DISPATCH,UNIT_SCADA,1,"2022/10/20 01:55:00",SMCSF1,0
D,DISPATCH,UNIT_SCADA,1,"2022/10/20 01:55:00",SNAPPER1,0
D,DISPATCH,UNIT_SCADA,1,"2022/10/20 01:55:00",SNOWNTH1,126.60
D,DISPATCH,UNIT_SCADA,1,"2022/10/20 01:55:00",SNOWSTH1,111.10
D,DISPATCH,UNIT_SCADA,1,"2022/10/20 01:55:00",SNOWTWN1,87.214450
D,DISPATCH,UNIT_SCADA,1,"2022/10/20 01:55:00",SNOWYP,0
D,DISPATCH,UNIT_SCADA,1,"2022/10/20 01:55:00",SNUG1,0
D,DISPATCH,UNIT_SCADA,1,"2022/10/20 01:55:00",SRSF1,0
D,DISPATCH,UNIT_SCADA,1,"2022/10/20 01:55:00",STAN-1,280.620090
D,DISPATCH,UNIT_SCADA,1,"2022/10/20 01:55:00",STAN-2,365.576480
D,DISPATCH,UNIT_SCADA,1,"2022/10/20 01:55:00",STAN-3,364.140870
D,DISPATCH,UNIT_SCADA,1,"2022/10/20 01:55:00",STAN-4,365.089390
D,DISPATCH,UNIT_SCADA,1,"2022/10/20 01:55:00",STARHLWF,4.598660
D,DISPATCH,UNIT_SCADA,1,"2022/10/20 01:55:00",STOCKYD1,243.94
D,DISPATCH,UNIT_SCADA,1,"2022/10/20 01:55:00",STWF1,110.958110
D,DISPATCH,UNIT_SCADA,1,"2022/10/20 01:55:00",SUNRSF1,0
D,DISPATCH,UNIT_SCADA,1,"2022/10/20 01:55:00",SUNTPSF1,0
D,DISPATCH,UNIT_SCADA,1,"2022/10/20 01:55:00",SWAN_E,249.436250
D,DISPATCH,UNIT_SCADA,1,"2022/10/20 01:55:00",TALWA1,0
D,DISPATCH,UNIT_SCADA,1,"2022/10/20 01:55:00",TARALGA1,0
D,DISPATCH,UNIT_SCADA,1,"2022/10/20 01:55:00",TARONG#1,282.899990
D,DISPATCH,UNIT_SCADA,1,"2022/10/20 01:55:00",TARONG#2,281.399990
D,DISPATCH,UNIT_SCADA,1,"2022/10/20 01:55:00",TARONG#3,0.90
D,DISPATCH,UNIT_SCADA,1,"2022/10/20 01:55:00",TARONG#4,191.70
D,DISPATCH,UNIT_SCADA,1,"2022/10/20 01:55:00",TARRALEA,54
D,DISPATCH,UNIT_SCADA,1,"2022/10/20 01:55:00",TBSF1,0
D,DISPATCH,UNIT_SCADA,1,"2022/10/20 01:55:00",TNPS1,301.75
D,DISPATCH,UNIT_SCADA,1,"2022/10/20 01:55:00",TORRB1,0
D,DISPATCH,UNIT_SCADA,1,"2022/10/20 01:55:00",TORRB2,42
D,DISPATCH,UNIT_SCADA,1,"2022/10/20 01:55:00",TORRB3,0
D,DISPATCH,UNIT_SCADA,1,"2022/10/20 01:55:00",TORRB4,0
D,DISPATCH,UNIT_SCADA,1,"2022/10/20 01:55:00",TREVALLN,99.937870
D,DISPATCH,UNIT_SCADA,1,"2022/10/20 01:55:00",TRIBUTE,0
D,DISPATCH,UNIT_SCADA,1,"2022/10/20 01:55:00",TUMUT3,0
D,DISPATCH,UNIT_SCADA,1,"2022/10/20 01:55:00",TUNGATIN,5.320020
D,DISPATCH,UNIT_SCADA,1,"2022/10/20 01:55:00",TVCC201,0
D,DISPATCH,UNIT_SCADA,1,"2022/10/20 01:55:00",TVPP104,0
D,DISPATCH,UNIT_SCADA,1,"2022/10/20 01:55:00",UPPTUMUT,0
D,DISPATCH,UNIT_SCADA,1,"2022/10/20 01:55:00",URANQ11,0
D,DISPATCH,UNIT_SCADA,1,"2022/10/20 01:55:00",URANQ12,0
D,DISPATCH,UNIT_SCADA,1,"2022/10/20 01:55:00",URANQ13,0
D,DISPATCH,UNIT_SCADA,1,"2022/10/20 01:55:00",URANQ14,0
D,DISPATCH,UNIT_SCADA,1,"2022/10/20 01:55:00",VBBG1,0
D,DISPATCH,UNIT_SCADA,1,"2022/10/20 01:55:00",VBBL1,98.60
D,DISPATCH,UNIT_SCADA,1,"2022/10/20 01:55:00",VP5,548.698360
D,DISPATCH,UNIT_SCADA,1,"2022/10/20 01:55:00",VP6,565.593440
D,DISPATCH,UNIT_SCADA,1,"2022/10/20 01:55:00",VPGS1,0
D,DISPATCH,UNIT_SCADA,1,"2022/10/20 01:55:00",VPGS2,0
D,DISPATCH,UNIT_SCADA,1,"2022/10/20 01:55:00",VPGS3,0
D,DISPATCH,UNIT_SCADA,1,"2022/10/20 01:55:00",VPGS4,0
D,DISPATCH,UNIT_SCADA,1,"2022/10/20 01:55:00",VPGS5,0
D,DISPATCH,UNIT_SCADA,1,"2022/10/20 01:55:00",VPGS6,0
D,DISPATCH,UNIT_SCADA,1,"2022/10/20 01:55:00",W/HOE#1,0
D,DISPATCH,UNIT_SCADA,1,"2022/10/20 01:55:00",W/HOE#2,0
D,DISPATCH,UNIT_SCADA,1,"2022/10/20 01:55:00",WAGGNSF1,0
D,DISPATCH,UNIT_SCADA,1,"2022/10/20 01:55:00",WALGRVG1,0.019550
D,DISPATCH,UNIT_SCADA,1,"2022/10/20 01:55:00",WALGRVL1,0
D,DISPATCH,UNIT_SCADA,1,"2022/10/20 01:55:00",WANDBG1,0
D,DISPATCH,UNIT_SCADA,1,"2022/10/20 01:55:00",WANDBL1,0
D,DISPATCH,UNIT_SCADA,1,"2022/10/20 01:55:00",WARWSF1,0
D,DISPATCH,UNIT_SCADA,1,"2022/10/20 01:55:00",WARWSF2,0
D,DISPATCH,UNIT_SCADA,1,"2022/10/20 01:55:00",WATERLWF,70.10
D,DISPATCH,UNIT_SCADA,1,"2022/10/20 01:55:00",WDGPH1,0
D,DISPATCH,UNIT_SCADA,1,"2022/10/20 01:55:00",WELLSF1,0
D,DISPATCH,UNIT_SCADA,1,"2022/10/20 01:55:00",WEMENSF1,0
D,DISPATCH,UNIT_SCADA,1,"2022/10/20 01:55:00",WGWF1,115.70
D,DISPATCH,UNIT_SCADA,1,"2022/10/20 01:55:00",WHITSF1,0
D,DISPATCH,UNIT_SCADA,1,"2022/10/20 01:55:00",WINTSF1,0
D,DISPATCH,UNIT_SCADA,1,"2022/10/20 01:55:00",WKIEWA1,34
D,DISPATCH,UNIT_SCADA,1,"2022/10/20 01:55:00",WKIEWA2,34
D,DISPATCH,UNIT_SCADA,1,"2022/10/20 01:55:00",WOODLWN1,11.254570
D,DISPATCH,UNIT_SCADA,1,"2022/10/20 01:55:00",WOOLGSF1,0
D,DISPATCH,UNIT_SCADA,1,"2022/10/20 01:55:00",WPWF,73.59
D,DISPATCH,UNIT_SCADA,1,"2022/10/20 01:55:00",WRSF1,0
D,DISPATCH,UNIT_SCADA,1,"2022/10/20 01:55:00",WRWF1,61.916840
D,DISPATCH,UNIT_SCADA,1,"2022/10/20 01:55:00",WSTWYSF1,0
D,DISPATCH,UNIT_SCADA,1,"2022/10/20 01:55:00",YABULU,0
D,DISPATCH,UNIT_SCADA,1,"2022/10/20 01:55:00",YABULU2,0
D,DISPATCH,UNIT_SCADA,1,"2022/10/20 01:55:00",YARANSF1,0
D,DISPATCH,UNIT_SCADA,1,"2022/10/20 01:55:00",YARWUN_1,140.61
D,DISPATCH,UNIT_SCADA,1,"2022/10/20 01:55:00",YATSF1,0
D,DISPATCH,UNIT_SCADA,1,"2022/10/20 01:55:00",YENDWF1,39.27
D,DISPATCH,UNIT_SCADA,1,"2022/10/20 01:55:00",YWPS1,365.913910
D,DISPATCH,UNIT_SCADA,1,"2022/10/20 01:55:00",YWPS2,360.650630
D,DISPATCH,UNIT_SCADA,1,"2022/10/20 01:55:00",YWPS3,361.082280
D,DISPATCH,UNIT_SCADA,1,"2022/10/20 01:55:00",YWPS4,0
C,"END OF REPORT",419
