C,NEMP.WORLD,DISPATCHSCADA,AEMO,PUBLIC,2022/10/20,21:40:09,0000000373282611,DISPATCHSCADA,0000000373282605
I,DISPATCH,UNIT_SCADA,1,SETTLEMENTDATE,DUID,SCADAVALUE
D,DISPATCH,UNIT_SCADA,1,"2022/10/20 21:45:00",BARCSF1,0
D,DISPATCH,UNIT_SCADA,1,"2022/10/20 21:45:00",BUTLERSG,8.699999
D,DISPATCH,UNIT_SCADA,1,"2022/10/20 21:45:00",CAPTL_WF,78.446510
D,DISPATCH,UNIT_SCADA,1,"2022/10/20 21:45:00",CHALLHWF,16
D,DISPATCH,UNIT_SCADA,1,"2022/10/20 21:45:00",CLOVER,13.30
D,DISPATCH,UNIT_SCADA,1,"2022/10/20 21:45:00",CLUNY,5.667658
D,DISPATCH,UNIT_SCADA,1,"2022/10/20 21:45:00",CULLRGWF,-0.02
D,DISPATCH,UNIT_SCADA,1,"2022/10/20 21:45:00",DIAPURWF1,0.90
D,DISPATCH,UNIT_SCADA,1,"2022/10/20 21:45:00",ERGT01,0
D,DISPATCH,UNIT_SCADA,1,"2022/10/20 21:45:00",GB01,0
D,DISPATCH,UNIT_SCADA,1,"2022/10/20 21:45:00",GERMCRK,19.10
D,DISPATCH,UNIT_SCADA,1,"2022/10/20 21:45:00",GRIFSF1,0.001526
D,DISPATCH,UNIT_SCADA,1,"2022/10/20 21:45:00",HEZ1,0
D,DISPATCH,UNIT_SCADA,1,"2022/10/20 21:45:00",HUGSF1,-0.1050
D,DISPATCH,UNIT_SCADA,1,"2022/10/20 21:45:00",KEPBG1,0
D,DISPATCH,UNIT_SCADA,1,"2022/10/20 21:45:00",LRSF1,-0.0320
D,DISPATCH,UNIT_SCADA,1,"2022/10/20 21:45:00",MBAHNTH,45.337494
D,DISPATCH,UNIT_SCADA,1,"2022/10/20 21:45:00",MLSP1,0
D,DISPATCH,UNIT_SCADA,1,"2022/10/20 21:45:00",MLWF1,2.3250
D,DISPATCH,UNIT_SCADA,1,"2022/10/20 21:45:00",PALOONA,30.48
D,DISPATCH,UNIT_SCADA,1,"2022/10/20 21:45:00",PIONEER,28.60
D,DISPATCH,UNIT_SCADA,1,"2022/10/20 21:45:00",PORTWF,43.099998
D,DISPATCH,UNIT_SCADA,1,"2022/10/20 21:45:00",REPULSE,9.619898
D,DISPATCH,UNIT_SCADA,1,"2022/10/20 21:45:00",ROWALLAN,8.8182
D,DISPATCH,UNIT_SCADA,1,"2022/10/20 21:45:00",ROYALLA1,0
D,DISPATCH,UNIT_SCADA,1,"2022/10/20 21:45:00",RPCG,-0.50
D,DISPATCH,UNIT_SCADA,1,"2022/10/20 21:45:00",RUBICON,0
D,DISPATCH,UNIT_SCADA,1,"2022/10/20 21:45:00",WAUBRAWF,37.514999
D,DISPATCH,UNIT_SCADA,1,"2022/10/20 21:45:00",WOOLNTH1,79.779999
D,DISPATCH,UNIT_SCADA,1,"2022/10/20 21:45:00",YAMBUKWF,7.70
D,DISPATCH,UNIT_SCADA,1,"2022/10/20 21:45:00",YSWF1,0.10
D,DISPATCH,UNIT_SCADA,1,"2022/10/20 21:45:00",ADPBA1G,0.0080
D,DISPATCH,UNIT_SCADA,1,"2022/10/20 21:45:00",ADPBA1L,0
D,DISPATCH,UNIT_SCADA,1,"2022/10/20 21:45:00",ADPPV1,0
D,DISPATCH,UNIT_SCADA,1,"2022/10/20 21:45:00",AGLHAL,30.983930
D,DISPATCH,UNIT_SCADA,1,"2022/10/20 21:45:00",AGLSOM,0
D,DISPATCH,UNIT_SCADA,1,"2022/10/20 21:45:00",ANGAST1,0
D,DISPATCH,UNIT_SCADA,1,"2022/10/20 21:45:00",ARWF1,7.10
D,DISPATCH,UNIT_SCADA,1,"2022/10/20 21:45:00",BALBG1,0
D,DISPATCH,UNIT_SCADA,1,"2022/10/20 21:45:00",BALBL1,0
D,DISPATCH,UNIT_SCADA,1,"2022/10/20 21:45:00",BALDHWF1,103.14
D,DISPATCH,UNIT_SCADA,1,"2022/10/20 21:45:00",BANGOWF1,65.999540
D,DISPATCH,UNIT_SCADA,1,"2022/10/20 21:45:00",BANGOWF2,67.9987
D,DISPATCH,UNIT_SCADA,1,"2022/10/20 21:45:00",BANN1,0
D,DISPATCH,UNIT_SCADA,1,"2022/10/20 21:45:00",BARCALDN,0
D,DISPATCH,UNIT_SCADA,1,"2022/10/20 21:45:00",BARKIPS1,191.30
D,DISPATCH,UNIT_SCADA,1,"2022/10/20 21:45:00",BARRON-1,0
D,DISPATCH,UNIT_SCADA,1,"2022/10/20 21:45:00",BARRON-2,0
D,DISPATCH,UNIT_SCADA,1,"2022/10/20 21:45:00",BASTYAN,0
D,DISPATCH,UNIT_SCADA,1,"2022/10/20 21:45:00",BBTHREE1,0
D,DISPATCH,UNIT_SCADA,1,"2022/10/20 21:45:00",BBTHREE2,0
D,DISPATCH,UNIT_SCADA,1,"2022/10/20 21:45:00",BBTHREE3,-1.12
D,DISPATCH,UNIT_SCADA,1,"2022/10/20 21:45:00",BDL01,0
D,DISPATCH,UNIT_SCADA,1,"2022/10/20 21:45:00",BDL02,0
D,DISPATCH,UNIT_SCADA,1,"2022/10/20 21:45:00",BERYLSF1,0
D,DISPATCH,UNIT_SCADA,1,"2022/10/20 21:45:00",BLOWERNG,62.60
D,DISPATCH,UNIT_SCADA,1,"2022/10/20 21:45:00",BLUEGSF1,0
D,DISPATCH,UNIT_SCADA,1,"2022/10/20 21:45:00",BLUFF1,9.30
D,DISPATCH,UNIT_SCADA,1,"2022/10/20 21:45:00",BNGSF1,0
D,DISPATCH,UNIT_SCADA,1,"2022/10/20 21:45:00",BNGSF2,0
D,DISPATCH,UNIT_SCADA,1,"2022/10/20 21:45:00",BOCORWF1,11.82
D,DISPATCH,UNIT_SCADA,1,"2022/10/20 21:45:00",BODWF1,111.060640
D,DISPATCH,UNIT_SCADA,1,"2022/10/20 21:45:00",BOMENSF1,0
D,DISPATCH,UNIT_SCADA,1,"2022/10/20 21:45:00",BOWWBA1G,0.0010
D,DISPATCH,UNIT_SCADA,1,"2022/10/20 21:45:00",BOWWBA1L,0
D,DISPATCH,UNIT_SCADA,1,"2022/10/20 21:45:00",BOWWPV1,0.0010
D,DISPATCH,UNIT_SCADA,1,"2022/10/20 21:45:00",BRAEMAR1,0
D,DISPATCH,UNIT_SCADA,1,"2022/10/20 21:45:00",BRAEMAR2,0
D,DISPATCH,UNIT_SCADA,1,"2022/10/20 21:45:00",BRAEMAR3,0
D,DISPATCH,UNIT_SCADA,1,"2022/10/20 21:45:00",BRAEMAR5,144.0153
D,DISPATCH,UNIT_SCADA,1,"2022/10/20 21:45:00",BRAEMAR6,0
D,DISPATCH,UNIT_SCADA,1,"2022/10/20 21:45:00",BRAEMAR7,139.745190
D,DISPATCH,UNIT_SCADA,1,"2022/10/20 21:45:00",BROKENH1,0
D,DISPATCH,UNIT_SCADA,1,"2022/10/20 21:45:00",BRYB1WF1,93.803310
D,DISPATCH,UNIT_SCADA,1,"2022/10/20 21:45:00",BULBESG1,0
D,DISPATCH,UNIT_SCADA,1,"2022/10/20 21:45:00",BULBESL1,2.06
D,DISPATCH,UNIT_SCADA,1,"2022/10/20 21:45:00",BULGANA1,19.04
D,DISPATCH,UNIT_SCADA,1,"2022/10/20 21:45:00",BW01,658.786930
D,DISPATCH,UNIT_SCADA,1,"2022/10/20 21:45:00",BW02,636.618590
D,DISPATCH,UNIT_SCADA,1,"2022/10/20 21:45:00",BW03,551.778440
D,DISPATCH,UNIT_SCADA,1,"2022/10/20 21:45:00",BW04,0
D,DISPATCH,UNIT_SCADA,1,"2022/10/20 21:45:00",CALL_B_1,319.200010
D,DISPATCH,UNIT_SCADA,1,"2022/10/20 21:45:00",CALL_B_2,319.300020
D,DISPATCH,UNIT_SCADA,1,"2022/10/20 21:45:00",CATHROCK,4.40
D,DISPATCH,UNIT_SCADA,1,"2022/10/20 21:45:00",CBWWBA1G,0
D,DISPATCH,UNIT_SCADA,1,"2022/10/20 21:45:00",CBWWBA1L,0
D,DISPATCH,UNIT_SCADA,1,"2022/10/20 21:45:00",CETHANA,87.945880
D,DISPATCH,UNIT_SCADA,1,"2022/10/20 21:45:00",CG1,0
D,DISPATCH,UNIT_SCADA,1,"2022/10/20 21:45:00",CG2,0
D,DISPATCH,UNIT_SCADA,1,"2022/10/20 21:45:00",CG3,0
D,DISPATCH,UNIT_SCADA,1,"2022/10/20 21:45:00",CG4,0
D,DISPATCH,UNIT_SCADA,1,"2022/10/20 21:45:00",CHILDSF1,0
D,DISPATCH,UNIT_SCADA,1,"2022/10/20 21:45:00",CHYTWF1,3.39
D,DISPATCH,UNIT_SCADA,1,"2022/10/20 21:45:00",CLARESF1,0
D,DISPATCH,UNIT_SCADA,1,"2022/10/20 21:45:00",CLEMGPWF,0
D,DISPATCH,UNIT_SCADA,1,"2022/10/20 21:45:00",CLERMSF1,0
D,DISPATCH,UNIT_SCADA,1,"2022/10/20 21:45:00",CNUNDAWF,16.319040
D,DISPATCH,UNIT_SCADA,1,"2022/10/20 21:45:00",COHUNSF1,0
D,DISPATCH,UNIT_SCADA,1,"2022/10/20 21:45:00",COLEASF1,0
D,DISPATCH,UNIT_SCADA,1,"2022/10/20 21:45:00",COLUMSF1,0
D,DISPATCH,UNIT_SCADA,1,"2022/10/20 21:45:00",COLWF01,123.874270
D,DISPATCH,UNIT_SCADA,1,"2022/10/20 21:45:00",COOPGWF1,381.25
D,DISPATCH,UNIT_SCADA,1,"2022/10/20 21:45:00",CPP_3,379.225010
D,DISPATCH,UNIT_SCADA,1,"2022/10/20 21:45:00",CPP_4,0
D,DISPATCH,UNIT_SCADA,1,"2022/10/20 21:45:00",CPSA,0
D,DISPATCH,UNIT_SCADA,1,"2022/10/20 21:45:00",CROOKWF2,23.554440
D,DISPATCH,UNIT_SCADA,1,"2022/10/20 21:45:00",CROWLWF1,27.170820
D,DISPATCH,UNIT_SCADA,1,"2022/10/20 21:45:00",CRURWF1,78.2958
D,DISPATCH,UNIT_SCADA,1,"2022/10/20 21:45:00",CRWASF1,0
D,DISPATCH,UNIT_SCADA,1,"2022/10/20 21:45:00",CSPVPS1,0
D,DISPATCH,UNIT_SCADA,1,"2022/10/20 21:45:00",CTHLWF1,0.003050
D,DISPATCH,UNIT_SCADA,1,"2022/10/20 21:45:00",DALNTH01,0
D,DISPATCH,UNIT_SCADA,1,"2022/10/20 21:45:00",DALNTHL1,0.187690
D,DISPATCH,UNIT_SCADA,1,"2022/10/20 21:45:00",DARLSF1,0
D,DISPATCH,UNIT_SCADA,1,"2022/10/20 21:45:00",DARTM1,0
D,DISPATCH,UNIT_SCADA,1,"2022/10/20 21:45:00",DAYDSF1,0
D,DISPATCH,UNIT_SCADA,1,"2022/10/20 21:45:00",DDPS1,0
D,DISPATCH,UNIT_SCADA,1,"2022/10/20 21:45:00",DDSF1,0
D,DISPATCH,UNIT_SCADA,1,"2022/10/20 21:45:00",DEVILS_G,57.098910
D,DISPATCH,UNIT_SCADA,1,"2022/10/20 21:45:00",DG_NSW1,0
D,DISPATCH,UNIT_SCADA,1,"2022/10/20 21:45:00",DG_QLD1,0
D,DISPATCH,UNIT_SCADA,1,"2022/10/20 21:45:00",DG_SA1,0
D,DISPATCH,UNIT_SCADA,1,"2022/10/20 21:45:00",DG_TAS1,0
D,DISPATCH,UNIT_SCADA,1,"2022/10/20 21:45:00",DG_VIC1,0
D,DISPATCH,UNIT_SCADA,1,"2022/10/20 21:45:00",DRYCGT1,0
D,DISPATCH,UNIT_SCADA,1,"2022/10/20 21:45:00",DRYCGT2,0
D,DISPATCH,UNIT_SCADA,1,"2022/10/20 21:45:00",DRYCGT3,0
D,DISPATCH,UNIT_SCADA,1,"2022/10/20 21:45:00",DUNDWF1,76.81
D,DISPATCH,UNIT_SCADA,1,"2022/10/20 21:45:00",DUNDWF2,28.59
D,DISPATCH,UNIT_SCADA,1,"2022/10/20 21:45:00",DUNDWF3,74.55
D,DISPATCH,UNIT_SCADA,1,"2022/10/20 21:45:00",EILDON1,60.28
D,DISPATCH,UNIT_SCADA,1,"2022/10/20 21:45:00",EILDON2,60.12
D,DISPATCH,UNIT_SCADA,1,"2022/10/20 21:45:00",ELAINWF1,10.79
D,DISPATCH,UNIT_SCADA,1,"2022/10/20 21:45:00",EMERASF1,0
D,DISPATCH,UNIT_SCADA,1,"2022/10/20 21:45:00",ER01,0
D,DISPATCH,UNIT_SCADA,1,"2022/10/20 21:45:00",ER02,643.161680
D,DISPATCH,UNIT_SCADA,1,"2022/10/20 21:45:00",ER03,648.825810
D,DISPATCH,UNIT_SCADA,1,"2022/10/20 21:45:00",ER04,648.581670
D,DISPATCH,UNIT_SCADA,1,"2022/10/20 21:45:00",FINLYSF1,0
D,DISPATCH,UNIT_SCADA,1,"2022/10/20 21:45:00",FISHER,43.82
D,DISPATCH,UNIT_SCADA,1,"2022/10/20 21:45:00",GANGARR1,0
D,DISPATCH,UNIT_SCADA,1,"2022/10/20 21:45:00",GANNBG1,0
D,DISPATCH,UNIT_SCADA,1,"2022/10/20 21:45:00",GANNBL1,0.354950
D,DISPATCH,UNIT_SCADA,1,"2022/10/20 21:45:00",GANNSF1,0
D,DISPATCH,UNIT_SCADA,1,"2022/10/20 21:45:00",GLRWNSF1,0
D,DISPATCH,UNIT_SCADA,1,"2022/10/20 21:45:00",GNNDHSF1,0
D,DISPATCH,UNIT_SCADA,1,"2022/10/20 21:45:00",GOONSF1,0
D,DISPATCH,UNIT_SCADA,1,"2022/10/20 21:45:00",GORDON,241.282670
D,DISPATCH,UNIT_SCADA,1,"2022/10/20 21:45:00",GRANWF1,0
D,DISPATCH,UNIT_SCADA,1,"2022/10/20 21:45:00",GSTONE1,201.0750
D,DISPATCH,UNIT_SCADA,1,"2022/10/20 21:45:00",GSTONE2,0
D,DISPATCH,UNIT_SCADA,1,"2022/10/20 21:45:00",GSTONE3,200.024990
D,DISPATCH,UNIT_SCADA,1,"2022/10/20 21:45:00",GSTONE4,0
D,DISPATCH,UNIT_SCADA,1,"2022/10/20 21:45:00",GSTONE5,200.724990
D,DISPATCH,UNIT_SCADA,1,"2022/10/20 21:45:00",GSTONE6,201.25
D,DISPATCH,UNIT_SCADA,1,"2022/10/20 21:45:00",GULLRSF1,0
D,DISPATCH,UNIT_SCADA,1,"2022/10/20 21:45:00",GULLRWF1,58.394110
D,DISPATCH,UNIT_SCADA,1,"2022/10/20 21:45:00",GULLRWF2,93.610310
D,DISPATCH,UNIT_SCADA,1,"2022/10/20 21:45:00",GUNNING1,0
D,DISPATCH,UNIT_SCADA,1,"2022/10/20 21:45:00",GUTHEGA,67.70
D,DISPATCH,UNIT_SCADA,1,"2022/10/20 21:45:00",HALLWF1,35.79
D,DISPATCH,UNIT_SCADA,1,"2022/10/20 21:45:00",HALLWF2,22.24
D,DISPATCH,UNIT_SCADA,1,"2022/10/20 21:45:00",HAMISF1,0
D,DISPATCH,UNIT_SCADA,1,"2022/10/20 21:45:00",HAUGHT11,0
D,DISPATCH,UNIT_SCADA,1,"2022/10/20 21:45:00",HAYMSF1,0
D,DISPATCH,UNIT_SCADA,1,"2022/10/20 21:45:00",HDWF1,24.30
D,DISPATCH,UNIT_SCADA,1,"2022/10/20 21:45:00",HDWF2,18.40
D,DISPATCH,UNIT_SCADA,1,"2022/10/20 21:45:00",HDWF3,16.80
D,DISPATCH,UNIT_SCADA,1,"2022/10/20 21:45:00",HILLSTN1,0
D,DISPATCH,UNIT_SCADA,1,"2022/10/20 21:45:00",HPRG1,0
D,DISPATCH,UNIT_SCADA,1,"2022/10/20 21:45:00",HPRL1,0.30
D,DISPATCH,UNIT_SCADA,1,"2022/10/20 21:45:00",HUMENSW,54.813610
D,DISPATCH,UNIT_SCADA,1,"2022/10/20 21:45:00",HUMEV,0
D,DISPATCH,UNIT_SCADA,1,"2022/10/20 21:45:00",HVWWBA1G,0
D,DISPATCH,UNIT_SCADA,1,"2022/10/20 21:45:00",HVWWBA1L,0.0060
D,DISPATCH,UNIT_SCADA,1,"2022/10/20 21:45:00",HVWWPV1,0
D,DISPATCH,UNIT_SCADA,1,"2022/10/20 21:45:00",JBUTTERS,0
D,DISPATCH,UNIT_SCADA,1,"2022/10/20 21:45:00",JEMALNG1,0
D,DISPATCH,UNIT_SCADA,1,"2022/10/20 21:45:00",JLA01,0
D,DISPATCH,UNIT_SCADA,1,"2022/10/20 21:45:00",JLA02,0
D,DISPATCH,UNIT_SCADA,1,"2022/10/20 21:45:00",JLA03,0
D,DISPATCH,UNIT_SCADA,1,"2022/10/20 21:45:00",JLA04,0
D,DISPATCH,UNIT_SCADA,1,"2022/10/20 21:45:00",JLB01,0
D,DISPATCH,UNIT_SCADA,1,"2022/10/20 21:45:00",JLB02,0.10
D,DISPATCH,UNIT_SCADA,1,"2022/10/20 21:45:00",JLB03,0
D,DISPATCH,UNIT_SCADA,1,"2022/10/20 21:45:00",JUNEESF1,0
D,DISPATCH,UNIT_SCADA,1,"2022/10/20 21:45:00",KABANWF1,0
D,DISPATCH,UNIT_SCADA,1,"2022/10/20 21:45:00",KAREEYA1,0
D,DISPATCH,UNIT_SCADA,1,"2022/10/20 21:45:00",KAREEYA2,0
D,DISPATCH,UNIT_SCADA,1,"2022/10/20 21:45:00",KAREEYA3,4.7225
D,DISPATCH,UNIT_SCADA,1,"2022/10/20 21:45:00",KAREEYA4,0
D,DISPATCH,UNIT_SCADA,1,"2022/10/20 21:45:00",KARSF1,0
D,DISPATCH,UNIT_SCADA,1,"2022/10/20 21:45:00",KEPSF1,0
D,DISPATCH,UNIT_SCADA,1,"2022/10/20 21:45:00",KEPWF1,2.75
D,DISPATCH,UNIT_SCADA,1,"2022/10/20 21:45:00",KIAMSF1,0
D,DISPATCH,UNIT_SCADA,1,"2022/10/20 21:45:00",KIATAWF1,3.10
D,DISPATCH,UNIT_SCADA,1,"2022/10/20 21:45:00",KPP_1,0
D,DISPATCH,UNIT_SCADA,1,"2022/10/20 21:45:00",KSP1,0
D,DISPATCH,UNIT_SCADA,1,"2022/10/20 21:45:00",LADBROK1,0.02
D,DISPATCH,UNIT_SCADA,1,"2022/10/20 21:45:00",LADBROK2,0.02
D,DISPATCH,UNIT_SCADA,1,"2022/10/20 21:45:00",LBBG1,0
D,DISPATCH,UNIT_SCADA,1,"2022/10/20 21:45:00",LBBL1,0.15
D,DISPATCH,UNIT_SCADA,1,"2022/10/20 21:45:00",LD01,379.259610
D,DISPATCH,UNIT_SCADA,1,"2022/10/20 21:45:00",LD02,87.563710
D,DISPATCH,UNIT_SCADA,1,"2022/10/20 21:45:00",LD04,308.725250
D,DISPATCH,UNIT_SCADA,1,"2022/10/20 21:45:00",LEM_WIL,86.215230
D,DISPATCH,UNIT_SCADA,1,"2022/10/20 21:45:00",LGAPWF1,77.39
D,DISPATCH,UNIT_SCADA,1,"2022/10/20 21:45:00",LGAPWF2,54.50
D,DISPATCH,UNIT_SCADA,1,"2022/10/20 21:45:00",LILYSF1,0
D,DISPATCH,UNIT_SCADA,1,"2022/10/20 21:45:00",LIMOSF11,0
D,DISPATCH,UNIT_SCADA,1,"2022/10/20 21:45:00",LIMOSF21,0
D,DISPATCH,UNIT_SCADA,1,"2022/10/20 21:45:00",LI_WY_CA,55.2587
D,DISPATCH,UNIT_SCADA,1,"2022/10/20 21:45:00",LKBONNY1,15.807770
D,DISPATCH,UNIT_SCADA,1,"2022/10/20 21:45:00",LKBONNY2,59.2172
D,DISPATCH,UNIT_SCADA,1,"2022/10/20 21:45:00",LKBONNY3,15.741830
D,DISPATCH,UNIT_SCADA,1,"2022/10/20 21:45:00",LK_ECHO,0
D,DISPATCH,UNIT_SCADA,1,"2022/10/20 21:45:00",LNGS1,0
D,DISPATCH,UNIT_SCADA,1,"2022/10/20 21:45:00",LNGS2,0
D,DISPATCH,UNIT_SCADA,1,"2022/10/20 21:45:00",LONSDALE,0
D,DISPATCH,UNIT_SCADA,1,"2022/10/20 21:45:00",LOYYB1,581.202510
D,DISPATCH,UNIT_SCADA,1,"2022/10/20 21:45:00",LOYYB2,574.435420
D,DISPATCH,UNIT_SCADA,1,"2022/10/20 21:45:00",LYA1,558
D,DISPATCH,UNIT_SCADA,1,"2022/10/20 21:45:00",LYA2,0
D,DISPATCH,UNIT_SCADA,1,"2022/10/20 21:45:00",LYA3,556
D,DISPATCH,UNIT_SCADA,1,"2022/10/20 21:45:00",LYA4,555
D,DISPATCH,UNIT_SCADA,1,"2022/10/20 21:45:00",MACARTH1,147.4966
D,DISPATCH,UNIT_SCADA,1,"2022/10/20 21:45:00",MACKNTSH,0
D,DISPATCH,UNIT_SCADA,1,"2022/10/20 21:45:00",MANSLR1,0
D,DISPATCH,UNIT_SCADA,1,"2022/10/20 21:45:00",MAPS2PV1,0
D,DISPATCH,UNIT_SCADA,1,"2022/10/20 21:45:00",MAPS3PV1,0
D,DISPATCH,UNIT_SCADA,1,"2022/10/20 21:45:00",MARYRSF1,0
D,DISPATCH,UNIT_SCADA,1,"2022/10/20 21:45:00",MBPS2PV1,0
D,DISPATCH,UNIT_SCADA,1,"2022/10/20 21:45:00",MCKAY1,221.364990
D,DISPATCH,UNIT_SCADA,1,"2022/10/20 21:45:00",MEADOWBK,5.773160
D,DISPATCH,UNIT_SCADA,1,"2022/10/20 21:45:00",MERCER01,36.70
D,DISPATCH,UNIT_SCADA,1,"2022/10/20 21:45:00",METZSF1,0
D,DISPATCH,UNIT_SCADA,1,"2022/10/20 21:45:00",MEWF1,23.217150
D,DISPATCH,UNIT_SCADA,1,"2022/10/20 21:45:00",MIDDLSF1,0
D,DISPATCH,UNIT_SCADA,1,"2022/10/20 21:45:00",MINTARO,0.128180
D,DISPATCH,UNIT_SCADA,1,"2022/10/20 21:45:00",MOLNGSF1,0
D,DISPATCH,UNIT_SCADA,1,"2022/10/20 21:45:00",MOORAWF1,7.63
D,DISPATCH,UNIT_SCADA,1,"2022/10/20 21:45:00",MOREESF1,0
D,DISPATCH,UNIT_SCADA,1,"2022/10/20 21:45:00",MORTLK11,0
D,DISPATCH,UNIT_SCADA,1,"2022/10/20 21:45:00",MORTLK12,0
D,DISPATCH,UNIT_SCADA,1,"2022/10/20 21:45:00",MOUSF1,0
D,DISPATCH,UNIT_SCADA,1,"2022/10/20 21:45:00",MP1,0
D,DISPATCH,UNIT_SCADA,1,"2022/10/20 21:45:00",MP2,348.992130
D,DISPATCH,UNIT_SCADA,1,"2022/10/20 21:45:00",MPP_1,185.293690
D,DISPATCH,UNIT_SCADA,1,"2022/10/20 21:45:00",MPP_2,184.607010
D,DISPATCH,UNIT_SCADA,1,"2022/10/20 21:45:00",MRTLSWF1,0
D,DISPATCH,UNIT_SCADA,1,"2022/10/20 21:45:00",MSTUART1,0
D,DISPATCH,UNIT_SCADA,1,"2022/10/20 21:45:00",MSTUART2,0
D,DISPATCH,UNIT_SCADA,1,"2022/10/20 21:45:00",MSTUART3,0
D,DISPATCH,UNIT_SCADA,1,"2022/10/20 21:45:00",MTGELWF1,44.869840
D,DISPATCH,UNIT_SCADA,1,"2022/10/20 21:45:00",MTMILLAR,31.20
D,DISPATCH,UNIT_SCADA,1,"2022/10/20 21:45:00",MURRAY,0
D,DISPATCH,UNIT_SCADA,1,"2022/10/20 21:45:00",MUSSELR1,20.20
D,DISPATCH,UNIT_SCADA,1,"2022/10/20 21:45:00",MUWAWF1,20.05
D,DISPATCH,UNIT_SCADA,1,"2022/10/20 21:45:00",MUWAWF2,26.70
D,DISPATCH,UNIT_SCADA,1,"2022/10/20 21:45:00",MWPS1PV1,0
D,DISPATCH,UNIT_SCADA,1,"2022/10/20 21:45:00",MWPS2PV1,0
D,DISPATCH,UNIT_SCADA,1,"2022/10/20 21:45:00",MWPS3PV1,0
D,DISPATCH,UNIT_SCADA,1,"2022/10/20 21:45:00",MWPS4PV1,0
D,DISPATCH,UNIT_SCADA,1,"2022/10/20 21:45:00",NBHWF1,42.10
D,DISPATCH,UNIT_SCADA,1,"2022/10/20 21:45:00",NEVERSF1,0
D,DISPATCH,UNIT_SCADA,1,"2022/10/20 21:45:00",NPS,0
D,DISPATCH,UNIT_SCADA,1,"2022/10/20 21:45:00",NUMURSF1,0
D,DISPATCH,UNIT_SCADA,1,"2022/10/20 21:45:00",NYNGAN1,0
D,DISPATCH,UNIT_SCADA,1,"2022/10/20 21:45:00",OAKEY1,0
D,DISPATCH,UNIT_SCADA,1,"2022/10/20 21:45:00",OAKEY1SF,0
D,DISPATCH,UNIT_SCADA,1,"2022/10/20 21:45:00",OAKEY2,0
D,DISPATCH,UNIT_SCADA,1,"2022/10/20 21:45:00",OAKEY2SF,0
D,DISPATCH,UNIT_SCADA,1,"2022/10/20 21:45:00",OAKLAND1,9.10
D,DISPATCH,UNIT_SCADA,1,"2022/10/20 21:45:00",OSB-AG,179.39
D,DISPATCH,UNIT_SCADA,1,"2022/10/20 21:45:00",PAREPS1,0
D,DISPATCH,UNIT_SCADA,1,"2022/10/20 21:45:00",PAREPW1,52.29
D,DISPATCH,UNIT_SCADA,1,"2022/10/20 21:45:00",PARSF1,0.001530
D,DISPATCH,UNIT_SCADA,1,"2022/10/20 21:45:00",POAT110,2.96
D,DISPATCH,UNIT_SCADA,1,"2022/10/20 21:45:00",POAT220,0
D,DISPATCH,UNIT_SCADA,1,"2022/10/20 21:45:00",POR01,0
D,DISPATCH,UNIT_SCADA,1,"2022/10/20 21:45:00",POR03,0
D,DISPATCH,UNIT_SCADA,1,"2022/10/20 21:45:00",PPCCGT,164.156680
D,DISPATCH,UNIT_SCADA,1,"2022/10/20 21:45:00",PTSTAN1,0
D,DISPATCH,UNIT_SCADA,1,"2022/10/20 21:45:00",PUMP1,0
D,DISPATCH,UNIT_SCADA,1,"2022/10/20 21:45:00",PUMP2,0
D,DISPATCH,UNIT_SCADA,1,"2022/10/20 21:45:00",QBYNBG1,0
D,DISPATCH,UNIT_SCADA,1,"2022/10/20 21:45:00",QBYNBL1,0.0015
D,DISPATCH,UNIT_SCADA,1,"2022/10/20 21:45:00",QPS1,0
D,DISPATCH,UNIT_SCADA,1,"2022/10/20 21:45:00",QPS2,0
D,DISPATCH,UNIT_SCADA,1,"2022/10/20 21:45:00",QPS3,0
D,DISPATCH,UNIT_SCADA,1,"2022/10/20 21:45:00",QPS4,0
D,DISPATCH,UNIT_SCADA,1,"2022/10/20 21:45:00",QPS5,0
D,DISPATCH,UNIT_SCADA,1,"2022/10/20 21:45:00",REECE1,0
D,DISPATCH,UNIT_SCADA,1,"2022/10/20 21:45:00",REECE2,0
D,DISPATCH,UNIT_SCADA,1,"2022/10/20 21:45:00",ROMA_7,0
D,DISPATCH,UNIT_SCADA,1,"2022/10/20 21:45:00",ROMA_8,0
D,DISPATCH,UNIT_SCADA,1,"2022/10/20 21:45:00",RRSF1,0
D,DISPATCH,UNIT_SCADA,1,"2022/10/20 21:45:00",RT_NSW1,0
D,DISPATCH,UNIT_SCADA,1,"2022/10/20 21:45:00",RT_NSW2,0
D,DISPATCH,UNIT_SCADA,1,"2022/10/20 21:45:00",RT_NSW3,0
D,DISPATCH,UNIT_SCADA,1,"2022/10/20 21:45:00",RT_NSW4,0
D,DISPATCH,UNIT_SCADA,1,"2022/10/20 21:45:00",RT_NSW5,0
D,DISPATCH,UNIT_SCADA,1,"2022/10/20 21:45:00",RT_NSW6,0
D,DISPATCH,UNIT_SCADA,1,"2022/10/20 21:45:00",RT_QLD1,0
D,DISPATCH,UNIT_SCADA,1,"2022/10/20 21:45:00",RT_SA1,0
D,DISPATCH,UNIT_SCADA,1,"2022/10/20 21:45:00",RT_SA2,0
D,DISPATCH,UNIT_SCADA,1,"2022/10/20 21:45:00",RT_SA3,0
D,DISPATCH,UNIT_SCADA,1,"2022/10/20 21:45:00",RT_SA4,0
D,DISPATCH,UNIT_SCADA,1,"2022/10/20 21:45:00",RT_SA5,0
D,DISPATCH,UNIT_SCADA,1,"2022/10/20 21:45:00",RT_SA6,0
D,DISPATCH,UNIT_SCADA,1,"2022/10/20 21:45:00",RT_TAS1,0
D,DISPATCH,UNIT_SCADA,1,"2022/10/20 21:45:00",RT_VIC1,0
D,DISPATCH,UNIT_SCADA,1,"2022/10/20 21:45:00",RT_VIC10,0
D,DISPATCH,UNIT_SCADA,1,"2022/10/20 21:45:00",RT_VIC11,0
D,DISPATCH,UNIT_SCADA,1,"2022/10/20 21:45:00",RT_VIC12,0
D,DISPATCH,UNIT_SCADA,1,"2022/10/20 21:45:00",RT_VIC2,0
D,DISPATCH,UNIT_SCADA,1,"2022/10/20 21:45:00",RT_VIC3,0
D,DISPATCH,UNIT_SCADA,1,"2022/10/20 21:45:00",RT_VIC4,0
D,DISPATCH,UNIT_SCADA,1,"2022/10/20 21:45:00",RT_VIC5,0
D,DISPATCH,UNIT_SCADA,1,"2022/10/20 21:45:00",RT_VIC6,0
D,DISPATCH,UNIT_SCADA,1,"2022/10/20 21:45:00",RT_VIC7,0
D,DISPATCH,UNIT_SCADA,1,"2022/10/20 21:45:00",RT_VIC8,0
D,DISPATCH,UNIT_SCADA,1,"2022/10/20 21:45:00",RT_VIC9,0
D,DISPATCH,UNIT_SCADA,1,"2022/10/20 21:45:00",RUGBYR1,0
D,DISPATCH,UNIT_SCADA,1,"2022/10/20 21:45:00",SALTCRK1,32.05
D,DISPATCH,UNIT_SCADA,1,"2022/10/20 21:45:00",SAPHWF1,252.657360
D,DISPATCH,UNIT_SCADA,1,"2022/10/20 21:45:00",SEBSF1,0
D,DISPATCH,UNIT_SCADA,1,"2022/10/20 21:45:00",SHGEN,0
D,DISPATCH,UNIT_SCADA,1,"2022/10/20 21:45:00",SHPUMP,0
D,DISPATCH,UNIT_SCADA,1,"2022/10/20 21:45:00",SITHE01,0.133760
D,DISPATCH,UNIT_SCADA,1,"2022/10/20 21:45:00",SMCSF1,0
D,DISPATCH,UNIT_SCADA,1,"2022/10/20 21:45:00",SNAPPER1,0
D,DISPATCH,UNIT_SCADA,1,"2022/10/20 21:45:00",SNOWNTH1,69.90
D,DISPATCH,UNIT_SCADA,1,"2022/10/20 21:45:00",SNOWSTH1,46.90
D,DISPATCH,UNIT_SCADA,1,"2022/10/20 21:45:00",SNOWTWN1,48.888460
D,DISPATCH,UNIT_SCADA,1,"2022/10/20 21:45:00",SNOWYP,0
D,DISPATCH,UNIT_SCADA,1,"2022/10/20 21:45:00",SNUG1,0
D,DISPATCH,UNIT_SCADA,1,"2022/10/20 21:45:00",SRSF1,0
D,DISPATCH,UNIT_SCADA,1,"2022/10/20 21:45:00",STAN-1,276.941380
D,DISPATCH,UNIT_SCADA,1,"2022/10/20 21:45:00",STAN-2,363.282070
D,DISPATCH,UNIT_SCADA,1,"2022/10/20 21:45:00",STAN-3,363.781980
D,DISPATCH,UNIT_SCADA,1,"2022/10/20 21:45:00",STAN-4,363.205170
D,DISPATCH,UNIT_SCADA,1,"2022/10/20 21:45:00",STARHLWF,18.294660
D,DISPATCH,UNIT_SCADA,1,"2022/10/20 21:45:00",STOCKYD1,169.17
D,DISPATCH,UNIT_SCADA,1,"2022/10/20 21:45:00",STWF1,35.656670
D,DISPATCH,UNIT_SCADA,1,"2022/10/20 21:45:00",SUNRSF1,0
D,DISPATCH,UNIT_SCADA,1,"2022/10/20 21:45:00",SUNTPSF1,0
D,DISPATCH,UNIT_SCADA,1,"2022/10/20 21:45:00",SWAN_E,288.912510
D,DISPATCH,UNIT_SCADA,1,"2022/10/20 21:45:00",TALWA1,0
D,DISPATCH,UNIT_SCADA,1,"2022/10/20 21:45:00",TARALGA1,0
D,DISPATCH,UNIT_SCADA,1,"2022/10/20 21:45:00",TARONG#1,349.899990
D,DISPATCH,UNIT_SCADA,1,"2022/10/20 21:45:00",TARONG#2,348.600010
D,DISPATCH,UNIT_SCADA,1,"2022/10/20 21:45:00",TARONG#3,0.90
D,DISPATCH,UNIT_SCADA,1,"2022/10/20 21:45:00",TARONG#4,293.50
D,DISPATCH,UNIT_SCADA,1,"2022/10/20 21:45:00",TARRALEA,54
D,DISPATCH,UNIT_SCADA,1,"2022/10/20 21:45:00",TBSF1,0
D,DISPATCH,UNIT_SCADA,1,"2022/10/20 21:45:00",TNPS1,418.75
D,DISPATCH,UNIT_SCADA,1,"2022/10/20 21:45:00",TORRB1,0
D,DISPATCH,UNIT_SCADA,1,"2022/10/20 21:45:00",TORRB2,59
D,DISPATCH,UNIT_SCADA,1,"2022/10/20 21:45:00",TORRB3,0
D,DISPATCH,UNIT_SCADA,1,"2022/10/20 21:45:00",TORRB4,0
D,DISPATCH,UNIT_SCADA,1,"2022/10/20 21:45:00",TREVALLN,97.941160
D,DISPATCH,UNIT_SCADA,1,"2022/10/20 21:45:00",TRIBUTE,0
D,DISPATCH,UNIT_SCADA,1,"2022/10/20 21:45:00",TUMUT3,0
D,DISPATCH,UNIT_SCADA,1,"2022/10/20 21:45:00",TUNGATIN,2.900020
D,DISPATCH,UNIT_SCADA,1,"2022/10/20 21:45:00",TVCC201,0
D,DISPATCH,UNIT_SCADA,1,"2022/10/20 21:45:00",TVPP104,0
D,DISPATCH,UNIT_SCADA,1,"2022/10/20 21:45:00",UPPTUMUT,0
D,DISPATCH,UNIT_SCADA,1,"2022/10/20 21:45:00",URANQ11,0
D,DISPATCH,UNIT_SCADA,1,"2022/10/20 21:45:00",URANQ12,0
D,DISPATCH,UNIT_SCADA,1,"2022/10/20 21:45:00",URANQ13,0
D,DISPATCH,UNIT_SCADA,1,"2022/10/20 21:45:00",URANQ14,0
D,DISPATCH,UNIT_SCADA,1,"2022/10/20 21:45:00",VBBG1,0.70
D,DISPATCH,UNIT_SCADA,1,"2022/10/20 21:45:00",VBBL1,0
D,DISPATCH,UNIT_SCADA,1,"2022/10/20 21:45:00",VP5,546.745180
D,DISPATCH,UNIT_SCADA,1,"2022/10/20 21:45:00",VP6,587.2738
D,DISPATCH,UNIT_SCADA,1,"2022/10/20 21:45:00",VPGS1,0
D,DISPATCH,UNIT_SCADA,1,"2022/10/20 21:45:00",VPGS2,0
D,DISPATCH,UNIT_SCADA,1,"2022/10/20 21:45:00",VPGS3,0
D,DISPATCH,UNIT_SCADA,1,"2022/10/20 21:45:00",VPGS4,0
D,DISPATCH,UNIT_SCADA,1,"2022/10/20 21:45:00",VPGS5,0
D,DISPATCH,UNIT_SCADA,1,"2022/10/20 21:45:00",VPGS6,0
D,DISPATCH,UNIT_SCADA,1,"2022/10/20 21:45:00",W/HOE#1,0
D,DISPATCH,UNIT_SCADA,1,"2022/10/20 21:45:00",W/HOE#2,0
D,DISPATCH,UNIT_SCADA,1,"2022/10/20 21:45:00",WAGGNSF1,0
D,DISPATCH,UNIT_SCADA,1,"2022/10/20 21:45:00",WALGRVG1,0.000930
D,DISPATCH,UNIT_SCADA,1,"2022/10/20 21:45:00",WALGRVL1,0
D,DISPATCH,UNIT_SCADA,1,"2022/10/20 21:45:00",WANDBG1,0
D,DISPATCH,UNIT_SCADA,1,"2022/10/20 21:45:00",WANDBL1,0
D,DISPATCH,UNIT_SCADA,1,"2022/10/20 21:45:00",WARWSF1,0
D,DISPATCH,UNIT_SCADA,1,"2022/10/20 21:45:00",WARWSF2,0
D,DISPATCH,UNIT_SCADA,1,"2022/10/20 21:45:00",WATERLWF,31.20
D,DISPATCH,UNIT_SCADA,1,"2022/10/20 21:45:00",WDGPH1,0
D,DISPATCH,UNIT_SCADA,1,"2022/10/20 21:45:00",WELLSF1,0
D,DISPATCH,UNIT_SCADA,1,"2022/10/20 21:45:00",WEMENSF1,0
D,DISPATCH,UNIT_SCADA,1,"2022/10/20 21:45:00",WGWF1,40.10
D,DISPATCH,UNIT_SCADA,1,"2022/10/20 21:45:00",WHITSF1,0
D,DISPATCH,UNIT_SCADA,1,"2022/10/20 21:45:00",WINTSF1,0
D,DISPATCH,UNIT_SCADA,1,"2022/10/20 21:45:00",WKIEWA1,33.90
D,DISPATCH,UNIT_SCADA,1,"2022/10/20 21:45:00",WKIEWA2,34
D,DISPATCH,UNIT_SCADA,1,"2022/10/20 21:45:00",WOODLWN1,34.299840
D,DISPATCH,UNIT_SCADA,1,"2022/10/20 21:45:00",WOOLGSF1,0
D,DISPATCH,UNIT_SCADA,1,"2022/10/20 21:45:00",WPWF,62.27
D,DISPATCH,UNIT_SCADA,1,"2022/10/20 21:45:00",WRSF1,0
D,DISPATCH,UNIT_SCADA,1,"2022/10/20 21:45:00",WRWF1,139.640180
D,DISPATCH,UNIT_SCADA,1,"2022/10/20 21:45:00",WSTWYSF1,0
D,DISPATCH,UNIT_SCADA,1,"2022/10/20 21:45:00",YABULU,0
D,DISPATCH,UNIT_SCADA,1,"2022/10/20 21:45:00",YABULU2,0
D,DISPATCH,UNIT_SCADA,1,"2022/10/20 21:45:00",YARANSF1,0
D,DISPATCH,UNIT_SCADA,1,"2022/10/20 21:45:00",YARWUN_1,164.599990
D,DISPATCH,UNIT_SCADA,1,"2022/10/20 21:45:00",YATSF1,0
D,DISPATCH,UNIT_SCADA,1,"2022/10/20 21:45:00",YENDWF1,9.42
D,DISPATCH,UNIT_SCADA,1,"2022/10/20 21:45:00",YWPS1,319.546840
D,DISPATCH,UNIT_SCADA,1,"2022/10/20 21:45:00",YWPS2,360.149350
D,DISPATCH,UNIT_SCADA,1,"2022/10/20 21:45:00",YWPS3,359.388610
D,DISPATCH,UNIT_SCADA,1,"2022/10/20 21:45:00",YWPS4,0
C,"END OF REPORT",419
