C,NEMP.WORLD,DISPATCHSCADA,AEMO,PUBLIC,2022/10/20,10:40:09,0000000373247853,DISPATCHSCADA,0000000373247847
I,DISPATCH,UNIT_SCADA,1,SETTLEMENTDATE,DUID,SCADAVALUE
D,DISPATCH,UNIT_SCADA,1,"2022/10/20 10:45:00",BARCSF1,11.10
D,DISPATCH,UNIT_SCADA,1,"2022/10/20 10:45:00",BUTLERSG,8.699999
D,DISPATCH,UNIT_SCADA,1,"2022/10/20 10:45:00",CAPTL_WF,25.101946
D,DISPATCH,UNIT_SCADA,1,"2022/10/20 10:45:00",CHALLHWF,4.60
D,DISPATCH,UNIT_SCADA,1,"2022/10/20 10:45:00",CLOVER,10.26
D,DISPATCH,UNIT_SCADA,1,"2022/10/20 10:45:00",CLUNY,6.195926
D,DISPATCH,UNIT_SCADA,1,"2022/10/20 10:45:00",CULLRGWF,-0.02
D,DISPATCH,UNIT_SCADA,1,"2022/10/20 10:45:00",DIAPURWF1,3.90
D,DISPATCH,UNIT_SCADA,1,"2022/10/20 10:45:00",ERGT01,0
D,DISPATCH,UNIT_SCADA,1,"2022/10/20 10:45:00",GB01,0
D,DISPATCH,UNIT_SCADA,1,"2022/10/20 10:45:00",GERMCRK,19.700001
D,DISPATCH,UNIT_SCADA,1,"2022/10/20 10:45:00",GRIFSF1,6.099031
D,DISPATCH,UNIT_SCADA,1,"2022/10/20 10:45:00",HEZ1,0
D,DISPATCH,UNIT_SCADA,1,"2022/10/20 10:45:00",HUGSF1,14.340001
D,DISPATCH,UNIT_SCADA,1,"2022/10/20 10:45:00",KEPBG1,0
D,DISPATCH,UNIT_SCADA,1,"2022/10/20 10:45:00",LRSF1,13.438001
D,DISPATCH,UNIT_SCADA,1,"2022/10/20 10:45:00",MBAHNTH,45.431244
D,DISPATCH,UNIT_SCADA,1,"2022/10/20 10:45:00",MLSP1,2.897001
D,DISPATCH,UNIT_SCADA,1,"2022/10/20 10:45:00",MLWF1,4.05
D,DISPATCH,UNIT_SCADA,1,"2022/10/20 10:45:00",PALOONA,30.209999
D,DISPATCH,UNIT_SCADA,1,"2022/10/20 10:45:00",PIONEER,38
D,DISPATCH,UNIT_SCADA,1,"2022/10/20 10:45:00",PORTWF,78.400002
D,DISPATCH,UNIT_SCADA,1,"2022/10/20 10:45:00",REPULSE,9.518578
D,DISPATCH,UNIT_SCADA,1,"2022/10/20 10:45:00",ROWALLAN,8.8537
D,DISPATCH,UNIT_SCADA,1,"2022/10/20 10:45:00",ROYALLA1,7.029003
D,DISPATCH,UNIT_SCADA,1,"2022/10/20 10:45:00",RPCG,-1.80
D,DISPATCH,UNIT_SCADA,1,"2022/10/20 10:45:00",RUBICON,0
D,DISPATCH,UNIT_SCADA,1,"2022/10/20 10:45:00",WAUBRAWF,10.4990
D,DISPATCH,UNIT_SCADA,1,"2022/10/20 10:45:00",WOOLNTH1,-0.82
D,DISPATCH,UNIT_SCADA,1,"2022/10/20 10:45:00",YAMBUKWF,5.10
D,DISPATCH,UNIT_SCADA,1,"2022/10/20 10:45:00",YSWF1,1
D,DISPATCH,UNIT_SCADA,1,"2022/10/20 10:45:00",ADPBA1G,0.0080
D,DISPATCH,UNIT_SCADA,1,"2022/10/20 10:45:00",ADPBA1L,0
D,DISPATCH,UNIT_SCADA,1,"2022/10/20 10:45:00",ADPPV1,0.0740
D,DISPATCH,UNIT_SCADA,1,"2022/10/20 10:45:00",AGLHAL,0
D,DISPATCH,UNIT_SCADA,1,"2022/10/20 10:45:00",AGLSOM,0
D,DISPATCH,UNIT_SCADA,1,"2022/10/20 10:45:00",ANGAST1,0
D,DISPATCH,UNIT_SCADA,1,"2022/10/20 10:45:00",ARWF1,0
D,DISPATCH,UNIT_SCADA,1,"2022/10/20 10:45:00",BALBG1,0
D,DISPATCH,UNIT_SCADA,1,"2022/10/20 10:45:00",BALBL1,0
D,DISPATCH,UNIT_SCADA,1,"2022/10/20 10:45:00",BALDHWF1,5.5840
D,DISPATCH,UNIT_SCADA,1,"2022/10/20 10:45:00",BANGOWF1,29.695280
D,DISPATCH,UNIT_SCADA,1,"2022/10/20 10:45:00",BANGOWF2,54.898830
D,DISPATCH,UNIT_SCADA,1,"2022/10/20 10:45:00",BANN1,11.67
D,DISPATCH,UNIT_SCADA,1,"2022/10/20 10:45:00",BARCALDN,0
D,DISPATCH,UNIT_SCADA,1,"2022/10/20 10:45:00",BARKIPS1,0
D,DISPATCH,UNIT_SCADA,1,"2022/10/20 10:45:00",BARRON-1,0
D,DISPATCH,UNIT_SCADA,1,"2022/10/20 10:45:00",BARRON-2,0
D,DISPATCH,UNIT_SCADA,1,"2022/10/20 10:45:00",BASTYAN,51.63
D,DISPATCH,UNIT_SCADA,1,"2022/10/20 10:45:00",BBTHREE1,0
D,DISPATCH,UNIT_SCADA,1,"2022/10/20 10:45:00",BBTHREE2,0
D,DISPATCH,UNIT_SCADA,1,"2022/10/20 10:45:00",BBTHREE3,-1.03
D,DISPATCH,UNIT_SCADA,1,"2022/10/20 10:45:00",BDL01,0
D,DISPATCH,UNIT_SCADA,1,"2022/10/20 10:45:00",BDL02,0
D,DISPATCH,UNIT_SCADA,1,"2022/10/20 10:45:00",BERYLSF1,2.940490
D,DISPATCH,UNIT_SCADA,1,"2022/10/20 10:45:00",BLOWERNG,62.50
D,DISPATCH,UNIT_SCADA,1,"2022/10/20 10:45:00",BLUEGSF1,62.662650
D,DISPATCH,UNIT_SCADA,1,"2022/10/20 10:45:00",BLUFF1,10.40
D,DISPATCH,UNIT_SCADA,1,"2022/10/20 10:45:00",BNGSF1,48.03
D,DISPATCH,UNIT_SCADA,1,"2022/10/20 10:45:00",BNGSF2,48.64
D,DISPATCH,UNIT_SCADA,1,"2022/10/20 10:45:00",BOCORWF1,0.54
D,DISPATCH,UNIT_SCADA,1,"2022/10/20 10:45:00",BODWF1,102.631190
D,DISPATCH,UNIT_SCADA,1,"2022/10/20 10:45:00",BOMENSF1,63.591670
D,DISPATCH,UNIT_SCADA,1,"2022/10/20 10:45:00",BOWWBA1G,0
D,DISPATCH,UNIT_SCADA,1,"2022/10/20 10:45:00",BOWWBA1L,0
D,DISPATCH,UNIT_SCADA,1,"2022/10/20 10:45:00",BOWWPV1,0
D,DISPATCH,UNIT_SCADA,1,"2022/10/20 10:45:00",BRAEMAR1,0
D,DISPATCH,UNIT_SCADA,1,"2022/10/20 10:45:00",BRAEMAR2,0
D,DISPATCH,UNIT_SCADA,1,"2022/10/20 10:45:00",BRAEMAR3,0
D,DISPATCH,UNIT_SCADA,1,"2022/10/20 10:45:00",BRAEMAR5,0.292060
D,DISPATCH,UNIT_SCADA,1,"2022/10/20 10:45:00",BRAEMAR6,0
D,DISPATCH,UNIT_SCADA,1,"2022/10/20 10:45:00",BRAEMAR7,0.130920
D,DISPATCH,UNIT_SCADA,1,"2022/10/20 10:45:00",BROKENH1,18.099720
D,DISPATCH,UNIT_SCADA,1,"2022/10/20 10:45:00",BRYB1WF1,98.631260
D,DISPATCH,UNIT_SCADA,1,"2022/10/20 10:45:00",BULBESG1,0
D,DISPATCH,UNIT_SCADA,1,"2022/10/20 10:45:00",BULBESL1,1.96
D,DISPATCH,UNIT_SCADA,1,"2022/10/20 10:45:00",BULGANA1,11.78
D,DISPATCH,UNIT_SCADA,1,"2022/10/20 10:45:00",BW01,659.348450
D,DISPATCH,UNIT_SCADA,1,"2022/10/20 10:45:00",BW02,617.941530
D,DISPATCH,UNIT_SCADA,1,"2022/10/20 10:45:00",BW03,548.751040
D,DISPATCH,UNIT_SCADA,1,"2022/10/20 10:45:00",BW04,0
D,DISPATCH,UNIT_SCADA,1,"2022/10/20 10:45:00",CALL_B_1,319
D,DISPATCH,UNIT_SCADA,1,"2022/10/20 10:45:00",CALL_B_2,318.899990
D,DISPATCH,UNIT_SCADA,1,"2022/10/20 10:45:00",CATHROCK,0.20
D,DISPATCH,UNIT_SCADA,1,"2022/10/20 10:45:00",CBWWBA1G,0
D,DISPATCH,UNIT_SCADA,1,"2022/10/20 10:45:00",CBWWBA1L,0
D,DISPATCH,UNIT_SCADA,1,"2022/10/20 10:45:00",CETHANA,73.935130
D,DISPATCH,UNIT_SCADA,1,"2022/10/20 10:45:00",CG1,0
D,DISPATCH,UNIT_SCADA,1,"2022/10/20 10:45:00",CG2,0
D,DISPATCH,UNIT_SCADA,1,"2022/10/20 10:45:00",CG3,0
D,DISPATCH,UNIT_SCADA,1,"2022/10/20 10:45:00",CG4,0
D,DISPATCH,UNIT_SCADA,1,"2022/10/20 10:45:00",CHILDSF1,6.87
D,DISPATCH,UNIT_SCADA,1,"2022/10/20 10:45:00",CHYTWF1,1.86
D,DISPATCH,UNIT_SCADA,1,"2022/10/20 10:45:00",CLARESF1,57.632770
D,DISPATCH,UNIT_SCADA,1,"2022/10/20 10:45:00",CLEMGPWF,16.784150
D,DISPATCH,UNIT_SCADA,1,"2022/10/20 10:45:00",CLERMSF1,21.15
D,DISPATCH,UNIT_SCADA,1,"2022/10/20 10:45:00",CNUNDAWF,0
D,DISPATCH,UNIT_SCADA,1,"2022/10/20 10:45:00",COHUNSF1,8.27
D,DISPATCH,UNIT_SCADA,1,"2022/10/20 10:45:00",COLEASF1,35.997940
D,DISPATCH,UNIT_SCADA,1,"2022/10/20 10:45:00",COLUMSF1,20.8960
D,DISPATCH,UNIT_SCADA,1,"2022/10/20 10:45:00",COLWF01,74.586110
D,DISPATCH,UNIT_SCADA,1,"2022/10/20 10:45:00",COOPGWF1,173.62
D,DISPATCH,UNIT_SCADA,1,"2022/10/20 10:45:00",CPP_3,372.899990
D,DISPATCH,UNIT_SCADA,1,"2022/10/20 10:45:00",CPP_4,0
D,DISPATCH,UNIT_SCADA,1,"2022/10/20 10:45:00",CPSA,0
D,DISPATCH,UNIT_SCADA,1,"2022/10/20 10:45:00",CROOKWF2,51.114670
D,DISPATCH,UNIT_SCADA,1,"2022/10/20 10:45:00",CROWLWF1,13.860350
D,DISPATCH,UNIT_SCADA,1,"2022/10/20 10:45:00",CRURWF1,64.998320
D,DISPATCH,UNIT_SCADA,1,"2022/10/20 10:45:00",CRWASF1,30.273530
D,DISPATCH,UNIT_SCADA,1,"2022/10/20 10:45:00",CSPVPS1,1.08
D,DISPATCH,UNIT_SCADA,1,"2022/10/20 10:45:00",CTHLWF1,0.003050
D,DISPATCH,UNIT_SCADA,1,"2022/10/20 10:45:00",DALNTH01,0
D,DISPATCH,UNIT_SCADA,1,"2022/10/20 10:45:00",DALNTHL1,0.044250
D,DISPATCH,UNIT_SCADA,1,"2022/10/20 10:45:00",DARLSF1,98.894760
D,DISPATCH,UNIT_SCADA,1,"2022/10/20 10:45:00",DARTM1,0
D,DISPATCH,UNIT_SCADA,1,"2022/10/20 10:45:00",DAYDSF1,4.2160
D,DISPATCH,UNIT_SCADA,1,"2022/10/20 10:45:00",DDPS1,0
D,DISPATCH,UNIT_SCADA,1,"2022/10/20 10:45:00",DDSF1,47.147010
D,DISPATCH,UNIT_SCADA,1,"2022/10/20 10:45:00",DEVILS_G,58.6346
D,DISPATCH,UNIT_SCADA,1,"2022/10/20 10:45:00",DG_NSW1,0
D,DISPATCH,UNIT_SCADA,1,"2022/10/20 10:45:00",DG_QLD1,0
D,DISPATCH,UNIT_SCADA,1,"2022/10/20 10:45:00",DG_SA1,0
D,DISPATCH,UNIT_SCADA,1,"2022/10/20 10:45:00",DG_TAS1,0
D,DISPATCH,UNIT_SCADA,1,"2022/10/20 10:45:00",DG_VIC1,0
D,DISPATCH,UNIT_SCADA,1,"2022/10/20 10:45:00",DRYCGT1,0
D,DISPATCH,UNIT_SCADA,1,"2022/10/20 10:45:00",DRYCGT2,0
D,DISPATCH,UNIT_SCADA,1,"2022/10/20 10:45:00",DRYCGT3,0
D,DISPATCH,UNIT_SCADA,1,"2022/10/20 10:45:00",DUNDWF1,50.09
D,DISPATCH,UNIT_SCADA,1,"2022/10/20 10:45:00",DUNDWF2,14.82
D,DISPATCH,UNIT_SCADA,1,"2022/10/20 10:45:00",DUNDWF3,42.63
D,DISPATCH,UNIT_SCADA,1,"2022/10/20 10:45:00",EILDON1,60.04
D,DISPATCH,UNIT_SCADA,1,"2022/10/20 10:45:00",EILDON2,60.04
D,DISPATCH,UNIT_SCADA,1,"2022/10/20 10:45:00",ELAINWF1,30.57
D,DISPATCH,UNIT_SCADA,1,"2022/10/20 10:45:00",EMERASF1,0
D,DISPATCH,UNIT_SCADA,1,"2022/10/20 10:45:00",ER01,0
D,DISPATCH,UNIT_SCADA,1,"2022/10/20 10:45:00",ER02,319.6460
D,DISPATCH,UNIT_SCADA,1,"2022/10/20 10:45:00",ER03,357.000090
D,DISPATCH,UNIT_SCADA,1,"2022/10/20 10:45:00",ER04,362.615390
D,DISPATCH,UNIT_SCADA,1,"2022/10/20 10:45:00",FINLYSF1,76.829180
D,DISPATCH,UNIT_SCADA,1,"2022/10/20 10:45:00",FISHER,43.80
D,DISPATCH,UNIT_SCADA,1,"2022/10/20 10:45:00",GANGARR1,19.8980
D,DISPATCH,UNIT_SCADA,1,"2022/10/20 10:45:00",GANNBG1,0
D,DISPATCH,UNIT_SCADA,1,"2022/10/20 10:45:00",GANNBL1,3.8265
D,DISPATCH,UNIT_SCADA,1,"2022/10/20 10:45:00",GANNSF1,44.40
D,DISPATCH,UNIT_SCADA,1,"2022/10/20 10:45:00",GLRWNSF1,109.99
D,DISPATCH,UNIT_SCADA,1,"2022/10/20 10:45:00",GNNDHSF1,87.811170
D,DISPATCH,UNIT_SCADA,1,"2022/10/20 10:45:00",GOONSF1,5.426110
D,DISPATCH,UNIT_SCADA,1,"2022/10/20 10:45:00",GORDON,197.1637
D,DISPATCH,UNIT_SCADA,1,"2022/10/20 10:45:00",GRANWF1,0.77
D,DISPATCH,UNIT_SCADA,1,"2022/10/20 10:45:00",GSTONE1,201.4250
D,DISPATCH,UNIT_SCADA,1,"2022/10/20 10:45:00",GSTONE2,0
D,DISPATCH,UNIT_SCADA,1,"2022/10/20 10:45:00",GSTONE3,201.0750
D,DISPATCH,UNIT_SCADA,1,"2022/10/20 10:45:00",GSTONE4,0
D,DISPATCH,UNIT_SCADA,1,"2022/10/20 10:45:00",GSTONE5,171.50
D,DISPATCH,UNIT_SCADA,1,"2022/10/20 10:45:00",GSTONE6,172.55
D,DISPATCH,UNIT_SCADA,1,"2022/10/20 10:45:00",GULLRSF1,4.094940
D,DISPATCH,UNIT_SCADA,1,"2022/10/20 10:45:00",GULLRWF1,79.823780
D,DISPATCH,UNIT_SCADA,1,"2022/10/20 10:45:00",GULLRWF2,85.789890
D,DISPATCH,UNIT_SCADA,1,"2022/10/20 10:45:00",GUNNING1,0
D,DISPATCH,UNIT_SCADA,1,"2022/10/20 10:45:00",GUTHEGA,68.100010
D,DISPATCH,UNIT_SCADA,1,"2022/10/20 10:45:00",HALLWF1,52.32
D,DISPATCH,UNIT_SCADA,1,"2022/10/20 10:45:00",HALLWF2,32.55
D,DISPATCH,UNIT_SCADA,1,"2022/10/20 10:45:00",HAMISF1,0
D,DISPATCH,UNIT_SCADA,1,"2022/10/20 10:45:00",HAUGHT11,49.711110
D,DISPATCH,UNIT_SCADA,1,"2022/10/20 10:45:00",HAYMSF1,0
D,DISPATCH,UNIT_SCADA,1,"2022/10/20 10:45:00",HDWF1,75.50
D,DISPATCH,UNIT_SCADA,1,"2022/10/20 10:45:00",HDWF2,63.60
D,DISPATCH,UNIT_SCADA,1,"2022/10/20 10:45:00",HDWF3,70.40
D,DISPATCH,UNIT_SCADA,1,"2022/10/20 10:45:00",HILLSTN1,26.191870
D,DISPATCH,UNIT_SCADA,1,"2022/10/20 10:45:00",HPRG1,0
D,DISPATCH,UNIT_SCADA,1,"2022/10/20 10:45:00",HPRL1,0.50
D,DISPATCH,UNIT_SCADA,1,"2022/10/20 10:45:00",HUMENSW,55.4873
D,DISPATCH,UNIT_SCADA,1,"2022/10/20 10:45:00",HUMEV,0
D,DISPATCH,UNIT_SCADA,1,"2022/10/20 10:45:00",HVWWBA1G,0
D,DISPATCH,UNIT_SCADA,1,"2022/10/20 10:45:00",HVWWBA1L,0.0070
D,DISPATCH,UNIT_SCADA,1,"2022/10/20 10:45:00",HVWWPV1,0.0270
D,DISPATCH,UNIT_SCADA,1,"2022/10/20 10:45:00",JBUTTERS,0
D,DISPATCH,UNIT_SCADA,1,"2022/10/20 10:45:00",JEMALNG1,2.44
D,DISPATCH,UNIT_SCADA,1,"2022/10/20 10:45:00",JLA01,0
D,DISPATCH,UNIT_SCADA,1,"2022/10/20 10:45:00",JLA02,0
D,DISPATCH,UNIT_SCADA,1,"2022/10/20 10:45:00",JLA03,0
D,DISPATCH,UNIT_SCADA,1,"2022/10/20 10:45:00",JLA04,0
D,DISPATCH,UNIT_SCADA,1,"2022/10/20 10:45:00",JLB01,0
D,DISPATCH,UNIT_SCADA,1,"2022/10/20 10:45:00",JLB02,0.10
D,DISPATCH,UNIT_SCADA,1,"2022/10/20 10:45:00",JLB03,0
D,DISPATCH,UNIT_SCADA,1,"2022/10/20 10:45:00",JUNEESF1,14.490620
D,DISPATCH,UNIT_SCADA,1,"2022/10/20 10:45:00",KABANWF1,0
D,DISPATCH,UNIT_SCADA,1,"2022/10/20 10:45:00",KAREEYA1,0
D,DISPATCH,UNIT_SCADA,1,"2022/10/20 10:45:00",KAREEYA2,0
D,DISPATCH,UNIT_SCADA,1,"2022/10/20 10:45:00",KAREEYA3,4.9225
D,DISPATCH,UNIT_SCADA,1,"2022/10/20 10:45:00",KAREEYA4,0
D,DISPATCH,UNIT_SCADA,1,"2022/10/20 10:45:00",KARSF1,33.70
D,DISPATCH,UNIT_SCADA,1,"2022/10/20 10:45:00",KEPSF1,9.40
D,DISPATCH,UNIT_SCADA,1,"2022/10/20 10:45:00",KEPWF1,4.03
D,DISPATCH,UNIT_SCADA,1,"2022/10/20 10:45:00",KIAMSF1,8.564130
D,DISPATCH,UNIT_SCADA,1,"2022/10/20 10:45:00",KIATAWF1,5.40
D,DISPATCH,UNIT_SCADA,1,"2022/10/20 10:45:00",KPP_1,0
D,DISPATCH,UNIT_SCADA,1,"2022/10/20 10:45:00",KSP1,18
D,DISPATCH,UNIT_SCADA,1,"2022/10/20 10:45:00",LADBROK1,0.01
D,DISPATCH,UNIT_SCADA,1,"2022/10/20 10:45:00",LADBROK2,0.02
D,DISPATCH,UNIT_SCADA,1,"2022/10/20 10:45:00",LBBG1,0
D,DISPATCH,UNIT_SCADA,1,"2022/10/20 10:45:00",LBBL1,10.95
D,DISPATCH,UNIT_SCADA,1,"2022/10/20 10:45:00",LD01,282.979830
D,DISPATCH,UNIT_SCADA,1,"2022/10/20 10:45:00",LD02,0
D,DISPATCH,UNIT_SCADA,1,"2022/10/20 10:45:00",LD04,275.142670
D,DISPATCH,UNIT_SCADA,1,"2022/10/20 10:45:00",LEM_WIL,78.944740
D,DISPATCH,UNIT_SCADA,1,"2022/10/20 10:45:00",LGAPWF1,63.66
D,DISPATCH,UNIT_SCADA,1,"2022/10/20 10:45:00",LGAPWF2,0
D,DISPATCH,UNIT_SCADA,1,"2022/10/20 10:45:00",LILYSF1,49.020920
D,DISPATCH,UNIT_SCADA,1,"2022/10/20 10:45:00",LIMOSF11,33.712520
D,DISPATCH,UNIT_SCADA,1,"2022/10/20 10:45:00",LIMOSF21,5.112780
D,DISPATCH,UNIT_SCADA,1,"2022/10/20 10:45:00",LI_WY_CA,56.050490
D,DISPATCH,UNIT_SCADA,1,"2022/10/20 10:45:00",LKBONNY1,0
D,DISPATCH,UNIT_SCADA,1,"2022/10/20 10:45:00",LKBONNY2,0
D,DISPATCH,UNIT_SCADA,1,"2022/10/20 10:45:00",LKBONNY3,0
D,DISPATCH,UNIT_SCADA,1,"2022/10/20 10:45:00",LK_ECHO,0
D,DISPATCH,UNIT_SCADA,1,"2022/10/20 10:45:00",LNGS1,0
D,DISPATCH,UNIT_SCADA,1,"2022/10/20 10:45:00",LNGS2,0
D,DISPATCH,UNIT_SCADA,1,"2022/10/20 10:45:00",LONSDALE,0
D,DISPATCH,UNIT_SCADA,1,"2022/10/20 10:45:00",LOYYB1,437.965820
D,DISPATCH,UNIT_SCADA,1,"2022/10/20 10:45:00",LOYYB2,445.4848
D,DISPATCH,UNIT_SCADA,1,"2022/10/20 10:45:00",LYA1,494
D,DISPATCH,UNIT_SCADA,1,"2022/10/20 10:45:00",LYA2,0
D,DISPATCH,UNIT_SCADA,1,"2022/10/20 10:45:00",LYA3,354
D,DISPATCH,UNIT_SCADA,1,"2022/10/20 10:45:00",LYA4,355
D,DISPATCH,UNIT_SCADA,1,"2022/10/20 10:45:00",MACARTH1,48.798870
D,DISPATCH,UNIT_SCADA,1,"2022/10/20 10:45:00",MACKNTSH,0
D,DISPATCH,UNIT_SCADA,1,"2022/10/20 10:45:00",MANSLR1,16.5240
D,DISPATCH,UNIT_SCADA,1,"2022/10/20 10:45:00",MAPS2PV1,0
D,DISPATCH,UNIT_SCADA,1,"2022/10/20 10:45:00",MAPS3PV1,0
D,DISPATCH,UNIT_SCADA,1,"2022/10/20 10:45:00",MARYRSF1,15.17
D,DISPATCH,UNIT_SCADA,1,"2022/10/20 10:45:00",MBPS2PV1,0
D,DISPATCH,UNIT_SCADA,1,"2022/10/20 10:45:00",MCKAY1,0.02
D,DISPATCH,UNIT_SCADA,1,"2022/10/20 10:45:00",MEADOWBK,5.5731
D,DISPATCH,UNIT_SCADA,1,"2022/10/20 10:45:00",MERCER01,27.60
D,DISPATCH,UNIT_SCADA,1,"2022/10/20 10:45:00",METZSF1,25.350540
D,DISPATCH,UNIT_SCADA,1,"2022/10/20 10:45:00",MEWF1,3
D,DISPATCH,UNIT_SCADA,1,"2022/10/20 10:45:00",MIDDLSF1,9.41
D,DISPATCH,UNIT_SCADA,1,"2022/10/20 10:45:00",MINTARO,0.128180
D,DISPATCH,UNIT_SCADA,1,"2022/10/20 10:45:00",MOLNGSF1,25.553370
D,DISPATCH,UNIT_SCADA,1,"2022/10/20 10:45:00",MOORAWF1,54.91
D,DISPATCH,UNIT_SCADA,1,"2022/10/20 10:45:00",MOREESF1,18.7440
D,DISPATCH,UNIT_SCADA,1,"2022/10/20 10:45:00",MORTLK11,0
D,DISPATCH,UNIT_SCADA,1,"2022/10/20 10:45:00",MORTLK12,0
D,DISPATCH,UNIT_SCADA,1,"2022/10/20 10:45:00",MOUSF1,0
D,DISPATCH,UNIT_SCADA,1,"2022/10/20 10:45:00",MP1,0
D,DISPATCH,UNIT_SCADA,1,"2022/10/20 10:45:00",MP2,347.820250
D,DISPATCH,UNIT_SCADA,1,"2022/10/20 10:45:00",MPP_1,171.651870
D,DISPATCH,UNIT_SCADA,1,"2022/10/20 10:45:00",MPP_2,181.982420
D,DISPATCH,UNIT_SCADA,1,"2022/10/20 10:45:00",MRTLSWF1,0
D,DISPATCH,UNIT_SCADA,1,"2022/10/20 10:45:00",MSTUART1,0
D,DISPATCH,UNIT_SCADA,1,"2022/10/20 10:45:00",MSTUART2,0
D,DISPATCH,UNIT_SCADA,1,"2022/10/20 10:45:00",MSTUART3,0
D,DISPATCH,UNIT_SCADA,1,"2022/10/20 10:45:00",MTGELWF1,37.9162
D,DISPATCH,UNIT_SCADA,1,"2022/10/20 10:45:00",MTMILLAR,1.40
D,DISPATCH,UNIT_SCADA,1,"2022/10/20 10:45:00",MURRAY,0
D,DISPATCH,UNIT_SCADA,1,"2022/10/20 10:45:00",MUSSELR1,99.399990
D,DISPATCH,UNIT_SCADA,1,"2022/10/20 10:45:00",MUWAWF1,47.63
D,DISPATCH,UNIT_SCADA,1,"2022/10/20 10:45:00",MUWAWF2,49.70
D,DISPATCH,UNIT_SCADA,1,"2022/10/20 10:45:00",MWPS1PV1,0.13
D,DISPATCH,UNIT_SCADA,1,"2022/10/20 10:45:00",MWPS2PV1,0
D,DISPATCH,UNIT_SCADA,1,"2022/10/20 10:45:00",MWPS3PV1,0
D,DISPATCH,UNIT_SCADA,1,"2022/10/20 10:45:00",MWPS4PV1,0.01
D,DISPATCH,UNIT_SCADA,1,"2022/10/20 10:45:00",NBHWF1,83.80
D,DISPATCH,UNIT_SCADA,1,"2022/10/20 10:45:00",NEVERSF1,88.97
D,DISPATCH,UNIT_SCADA,1,"2022/10/20 10:45:00",NPS,0
D,DISPATCH,UNIT_SCADA,1,"2022/10/20 10:45:00",NUMURSF1,93.77
D,DISPATCH,UNIT_SCADA,1,"2022/10/20 10:45:00",NYNGAN1,80.25
D,DISPATCH,UNIT_SCADA,1,"2022/10/20 10:45:00",OAKEY1,0
D,DISPATCH,UNIT_SCADA,1,"2022/10/20 10:45:00",OAKEY1SF,17.40
D,DISPATCH,UNIT_SCADA,1,"2022/10/20 10:45:00",OAKEY2,0
D,DISPATCH,UNIT_SCADA,1,"2022/10/20 10:45:00",OAKEY2SF,34.55
D,DISPATCH,UNIT_SCADA,1,"2022/10/20 10:45:00",OAKLAND1,3.70
D,DISPATCH,UNIT_SCADA,1,"2022/10/20 10:45:00",OSB-AG,0
D,DISPATCH,UNIT_SCADA,1,"2022/10/20 10:45:00",PAREPS1,0.0660
D,DISPATCH,UNIT_SCADA,1,"2022/10/20 10:45:00",PAREPW1,70.07
D,DISPATCH,UNIT_SCADA,1,"2022/10/20 10:45:00",PARSF1,3.300530
D,DISPATCH,UNIT_SCADA,1,"2022/10/20 10:45:00",POAT110,0
D,DISPATCH,UNIT_SCADA,1,"2022/10/20 10:45:00",POAT220,0
D,DISPATCH,UNIT_SCADA,1,"2022/10/20 10:45:00",POR01,0
D,DISPATCH,UNIT_SCADA,1,"2022/10/20 10:45:00",POR03,0
D,DISPATCH,UNIT_SCADA,1,"2022/10/20 10:45:00",PPCCGT,0
D,DISPATCH,UNIT_SCADA,1,"2022/10/20 10:45:00",PTSTAN1,0
D,DISPATCH,UNIT_SCADA,1,"2022/10/20 10:45:00",PUMP1,245.89
D,DISPATCH,UNIT_SCADA,1,"2022/10/20 10:45:00",PUMP2,0
D,DISPATCH,UNIT_SCADA,1,"2022/10/20 10:45:00",QBYNBG1,1.310480
D,DISPATCH,UNIT_SCADA,1,"2022/10/20 10:45:00",QBYNBL1,0
D,DISPATCH,UNIT_SCADA,1,"2022/10/20 10:45:00",QPS1,0
D,DISPATCH,UNIT_SCADA,1,"2022/10/20 10:45:00",QPS2,0
D,DISPATCH,UNIT_SCADA,1,"2022/10/20 10:45:00",QPS3,0
D,DISPATCH,UNIT_SCADA,1,"2022/10/20 10:45:00",QPS4,0
D,DISPATCH,UNIT_SCADA,1,"2022/10/20 10:45:00",QPS5,71.66
D,DISPATCH,UNIT_SCADA,1,"2022/10/20 10:45:00",REECE1,0
D,DISPATCH,UNIT_SCADA,1,"2022/10/20 10:45:00",REECE2,0
D,DISPATCH,UNIT_SCADA,1,"2022/10/20 10:45:00",ROMA_7,0
D,DISPATCH,UNIT_SCADA,1,"2022/10/20 10:45:00",ROMA_8,0
D,DISPATCH,UNIT_SCADA,1,"2022/10/20 10:45:00",RRSF1,92.926450
D,DISPATCH,UNIT_SCADA,1,"2022/10/20 10:45:00",RT_NSW1,0
D,DISPATCH,UNIT_SCADA,1,"2022/10/20 10:45:00",RT_NSW2,0
D,DISPATCH,UNIT_SCADA,1,"2022/10/20 10:45:00",RT_NSW3,0
D,DISPATCH,UNIT_SCADA,1,"2022/10/20 10:45:00",RT_NSW4,0
D,DISPATCH,UNIT_SCADA,1,"2022/10/20 10:45:00",RT_NSW5,0
D,DISPATCH,UNIT_SCADA,1,"2022/10/20 10:45:00",RT_NSW6,0
D,DISPATCH,UNIT_SCADA,1,"2022/10/20 10:45:00",RT_QLD1,0
D,DISPATCH,UNIT_SCADA,1,"2022/10/20 10:45:00",RT_SA1,0
D,DISPATCH,UNIT_SCADA,1,"2022/10/20 10:45:00",RT_SA2,0
D,DISPATCH,UNIT_SCADA,1,"2022/10/20 10:45:00",RT_SA3,0
D,DISPATCH,UNIT_SCADA,1,"2022/10/20 10:45:00",RT_SA4,0
D,DISPATCH,UNIT_SCADA,1,"2022/10/20 10:45:00",RT_SA5,0
D,DISPATCH,UNIT_SCADA,1,"2022/10/20 10:45:00",RT_SA6,0
D,DISPATCH,UNIT_SCADA,1,"2022/10/20 10:45:00",RT_TAS1,0
D,DISPATCH,UNIT_SCADA,1,"2022/10/20 10:45:00",RT_VIC1,0
D,DISPATCH,UNIT_SCADA,1,"2022/10/20 10:45:00",RT_VIC10,0
D,DISPATCH,UNIT_SCADA,1,"2022/10/20 10:45:00",RT_VIC11,0
D,DISPATCH,UNIT_SCADA,1,"2022/10/20 10:45:00",RT_VIC12,0
D,DISPATCH,UNIT_SCADA,1,"2022/10/20 10:45:00",RT_VIC2,0
D,DISPATCH,UNIT_SCADA,1,"2022/10/20 10:45:00",RT_VIC3,0
D,DISPATCH,UNIT_SCADA,1,"2022/10/20 10:45:00",RT_VIC4,0
D,DISPATCH,UNIT_SCADA,1,"2022/10/20 10:45:00",RT_VIC5,0
D,DISPATCH,UNIT_SCADA,1,"2022/10/20 10:45:00",RT_VIC6,0
D,DISPATCH,UNIT_SCADA,1,"2022/10/20 10:45:00",RT_VIC7,0
D,DISPATCH,UNIT_SCADA,1,"2022/10/20 10:45:00",RT_VIC8,0
D,DISPATCH,UNIT_SCADA,1,"2022/10/20 10:45:00",RT_VIC9,0
D,DISPATCH,UNIT_SCADA,1,"2022/10/20 10:45:00",RUGBYR1,4.556540
D,DISPATCH,UNIT_SCADA,1,"2022/10/20 10:45:00",SALTCRK1,17.27
D,DISPATCH,UNIT_SCADA,1,"2022/10/20 10:45:00",SAPHWF1,74.493020
D,DISPATCH,UNIT_SCADA,1,"2022/10/20 10:45:00",SEBSF1,26.436920
D,DISPATCH,UNIT_SCADA,1,"2022/10/20 10:45:00",SHGEN,0
D,DISPATCH,UNIT_SCADA,1,"2022/10/20 10:45:00",SHPUMP,0
D,DISPATCH,UNIT_SCADA,1,"2022/10/20 10:45:00",SITHE01,0.173950
D,DISPATCH,UNIT_SCADA,1,"2022/10/20 10:45:00",SMCSF1,62.0440
D,DISPATCH,UNIT_SCADA,1,"2022/10/20 10:45:00",SNAPPER1,0
D,DISPATCH,UNIT_SCADA,1,"2022/10/20 10:45:00",SNOWNTH1,112.20
D,DISPATCH,UNIT_SCADA,1,"2022/10/20 10:45:00",SNOWSTH1,61.30
D,DISPATCH,UNIT_SCADA,1,"2022/10/20 10:45:00",SNOWTWN1,81.897840
D,DISPATCH,UNIT_SCADA,1,"2022/10/20 10:45:00",SNOWYP,0
D,DISPATCH,UNIT_SCADA,1,"2022/10/20 10:45:00",SNUG1,0
D,DISPATCH,UNIT_SCADA,1,"2022/10/20 10:45:00",SRSF1,20.68
D,DISPATCH,UNIT_SCADA,1,"2022/10/20 10:45:00",STAN-1,274.6470
D,DISPATCH,UNIT_SCADA,1,"2022/10/20 10:45:00",STAN-2,310.472750
D,DISPATCH,UNIT_SCADA,1,"2022/10/20 10:45:00",STAN-3,153.8136
D,DISPATCH,UNIT_SCADA,1,"2022/10/20 10:45:00",STAN-4,313.279850
D,DISPATCH,UNIT_SCADA,1,"2022/10/20 10:45:00",STARHLWF,0.01
D,DISPATCH,UNIT_SCADA,1,"2022/10/20 10:45:00",STOCKYD1,58.22
D,DISPATCH,UNIT_SCADA,1,"2022/10/20 10:45:00",STWF1,0
D,DISPATCH,UNIT_SCADA,1,"2022/10/20 10:45:00",SUNRSF1,23.176930
D,DISPATCH,UNIT_SCADA,1,"2022/10/20 10:45:00",SUNTPSF1,18.598310
D,DISPATCH,UNIT_SCADA,1,"2022/10/20 10:45:00",SWAN_E,221.723110
D,DISPATCH,UNIT_SCADA,1,"2022/10/20 10:45:00",TALWA1,0
D,DISPATCH,UNIT_SCADA,1,"2022/10/20 10:45:00",TARALGA1,0
D,DISPATCH,UNIT_SCADA,1,"2022/10/20 10:45:00",TARONG#1,345.200010
D,DISPATCH,UNIT_SCADA,1,"2022/10/20 10:45:00",TARONG#2,343.700010
D,DISPATCH,UNIT_SCADA,1,"2022/10/20 10:45:00",TARONG#3,0.90
D,DISPATCH,UNIT_SCADA,1,"2022/10/20 10:45:00",TARONG#4,209.20
D,DISPATCH,UNIT_SCADA,1,"2022/10/20 10:45:00",TARRALEA,54
D,DISPATCH,UNIT_SCADA,1,"2022/10/20 10:45:00",TBSF1,0.10
D,DISPATCH,UNIT_SCADA,1,"2022/10/20 10:45:00",TNPS1,400.5625
D,DISPATCH,UNIT_SCADA,1,"2022/10/20 10:45:00",TORRB1,0
D,DISPATCH,UNIT_SCADA,1,"2022/10/20 10:45:00",TORRB2,41
D,DISPATCH,UNIT_SCADA,1,"2022/10/20 10:45:00",TORRB3,0
D,DISPATCH,UNIT_SCADA,1,"2022/10/20 10:45:00",TORRB4,0
D,DISPATCH,UNIT_SCADA,1,"2022/10/20 10:45:00",TREVALLN,97.864780
D,DISPATCH,UNIT_SCADA,1,"2022/10/20 10:45:00",TRIBUTE,0
D,DISPATCH,UNIT_SCADA,1,"2022/10/20 10:45:00",TUMUT3,0
D,DISPATCH,UNIT_SCADA,1,"2022/10/20 10:45:00",TUNGATIN,4.200020
D,DISPATCH,UNIT_SCADA,1,"2022/10/20 10:45:00",TVCC201,0
D,DISPATCH,UNIT_SCADA,1,"2022/10/20 10:45:00",TVPP104,57.826560
D,DISPATCH,UNIT_SCADA,1,"2022/10/20 10:45:00",UPPTUMUT,66.985530
D,DISPATCH,UNIT_SCADA,1,"2022/10/20 10:45:00",URANQ11,0
D,DISPATCH,UNIT_SCADA,1,"2022/10/20 10:45:00",URANQ12,0
D,DISPATCH,UNIT_SCADA,1,"2022/10/20 10:45:00",URANQ13,0
D,DISPATCH,UNIT_SCADA,1,"2022/10/20 10:45:00",URANQ14,0
D,DISPATCH,UNIT_SCADA,1,"2022/10/20 10:45:00",VBBG1,0
D,DISPATCH,UNIT_SCADA,1,"2022/10/20 10:45:00",VBBL1,28.70
D,DISPATCH,UNIT_SCADA,1,"2022/10/20 10:45:00",VP5,481.484410
D,DISPATCH,UNIT_SCADA,1,"2022/10/20 10:45:00",VP6,485.097810
D,DISPATCH,UNIT_SCADA,1,"2022/10/20 10:45:00",VPGS1,0
D,DISPATCH,UNIT_SCADA,1,"2022/10/20 10:45:00",VPGS2,0
D,DISPATCH,UNIT_SCADA,1,"2022/10/20 10:45:00",VPGS3,0
D,DISPATCH,UNIT_SCADA,1,"2022/10/20 10:45:00",VPGS4,0
D,DISPATCH,UNIT_SCADA,1,"2022/10/20 10:45:00",VPGS5,0
D,DISPATCH,UNIT_SCADA,1,"2022/10/20 10:45:00",VPGS6,0
D,DISPATCH,UNIT_SCADA,1,"2022/10/20 10:45:00",W/HOE#1,0
D,DISPATCH,UNIT_SCADA,1,"2022/10/20 10:45:00",W/HOE#2,0
D,DISPATCH,UNIT_SCADA,1,"2022/10/20 10:45:00",WAGGNSF1,0
D,DISPATCH,UNIT_SCADA,1,"2022/10/20 10:45:00",WALGRVG1,0.000930
D,DISPATCH,UNIT_SCADA,1,"2022/10/20 10:45:00",WALGRVL1,0
D,DISPATCH,UNIT_SCADA,1,"2022/10/20 10:45:00",WANDBG1,0
D,DISPATCH,UNIT_SCADA,1,"2022/10/20 10:45:00",WANDBL1,0
D,DISPATCH,UNIT_SCADA,1,"2022/10/20 10:45:00",WARWSF1,9.36
D,DISPATCH,UNIT_SCADA,1,"2022/10/20 10:45:00",WARWSF2,8.92
D,DISPATCH,UNIT_SCADA,1,"2022/10/20 10:45:00",WATERLWF,51.90
D,DISPATCH,UNIT_SCADA,1,"2022/10/20 10:45:00",WDGPH1,119.6320
D,DISPATCH,UNIT_SCADA,1,"2022/10/20 10:45:00",WELLSF1,72.703130
D,DISPATCH,UNIT_SCADA,1,"2022/10/20 10:45:00",WEMENSF1,8.90
D,DISPATCH,UNIT_SCADA,1,"2022/10/20 10:45:00",WGWF1,80.70
D,DISPATCH,UNIT_SCADA,1,"2022/10/20 10:45:00",WHITSF1,0
D,DISPATCH,UNIT_SCADA,1,"2022/10/20 10:45:00",WINTSF1,83.14
D,DISPATCH,UNIT_SCADA,1,"2022/10/20 10:45:00",WKIEWA1,34
D,DISPATCH,UNIT_SCADA,1,"2022/10/20 10:45:00",WKIEWA2,14
D,DISPATCH,UNIT_SCADA,1,"2022/10/20 10:45:00",WOODLWN1,17.398210
D,DISPATCH,UNIT_SCADA,1,"2022/10/20 10:45:00",WOOLGSF1,23.450620
D,DISPATCH,UNIT_SCADA,1,"2022/10/20 10:45:00",WPWF,7.34
D,DISPATCH,UNIT_SCADA,1,"2022/10/20 10:45:00",WRSF1,0.539570
D,DISPATCH,UNIT_SCADA,1,"2022/10/20 10:45:00",WRWF1,36.195010
D,DISPATCH,UNIT_SCADA,1,"2022/10/20 10:45:00",WSTWYSF1,0
D,DISPATCH,UNIT_SCADA,1,"2022/10/20 10:45:00",YABULU,0
D,DISPATCH,UNIT_SCADA,1,"2022/10/20 10:45:00",YABULU2,0
D,DISPATCH,UNIT_SCADA,1,"2022/10/20 10:45:00",YARANSF1,50.75
D,DISPATCH,UNIT_SCADA,1,"2022/10/20 10:45:00",YARWUN_1,162.879990
D,DISPATCH,UNIT_SCADA,1,"2022/10/20 10:45:00",YATSF1,19.34
D,DISPATCH,UNIT_SCADA,1,"2022/10/20 10:45:00",YENDWF1,54.66
D,DISPATCH,UNIT_SCADA,1,"2022/10/20 10:45:00",YWPS1,298.243040
D,DISPATCH,UNIT_SCADA,1,"2022/10/20 10:45:00",YWPS2,288.468350
D,DISPATCH,UNIT_SCADA,1,"2022/10/20 10:45:00",YWPS3,296.158230
D,DISPATCH,UNIT_SCADA,1,"2022/10/20 10:45:00",YWPS4,0
C,"END OF REPORT",419
