C,NEMP.WORLD,DISPATCHSCADA,AEMO,PUBLIC,2022/10/20,22:50:10,0000000373285886,DISPATCHSCADA,0000000373285880
I,DISPATCH,UNIT_SCADA,1,SETTLEMENTDATE,DUID,SCADAVALUE
D,DISPATCH,UNIT_SCADA,1,"2022/10/20 22:55:00",BARCSF1,0
D,DISPATCH,UNIT_SCADA,1,"2022/10/20 22:55:00",BUTLERSG,8.699999
D,DISPATCH,UNIT_SCADA,1,"2022/10/20 22:55:00",CAPTL_WF,83.622368
D,DISPATCH,UNIT_SCADA,1,"2022/10/20 22:55:00",CHALLHWF,2.80
D,DISPATCH,UNIT_SCADA,1,"2022/10/20 22:55:00",CLOVER,13.42
D,DISPATCH,UNIT_SCADA,1,"2022/10/20 22:55:00",CLUNY,5.643855
D,DISPATCH,UNIT_SCADA,1,"2022/10/20 22:55:00",CULLRGWF,-0.03
D,DISPATCH,UNIT_SCADA,1,"2022/10/20 22:55:00",DIAPURWF1,1.50
D,DISPATCH,UNIT_SCADA,1,"2022/10/20 22:55:00",ERGT01,0
D,DISPATCH,UNIT_SCADA,1,"2022/10/20 22:55:00",GB01,0
D,DISPATCH,UNIT_SCADA,1,"2022/10/20 22:55:00",GERMCRK,19.50
D,DISPATCH,UNIT_SCADA,1,"2022/10/20 22:55:00",GRIFSF1,0.001526
D,DISPATCH,UNIT_SCADA,1,"2022/10/20 22:55:00",HEZ1,0
D,DISPATCH,UNIT_SCADA,1,"2022/10/20 22:55:00",HUGSF1,-0.12
D,DISPATCH,UNIT_SCADA,1,"2022/10/20 22:55:00",KEPBG1,0
D,DISPATCH,UNIT_SCADA,1,"2022/10/20 22:55:00",LRSF1,-0.0310
D,DISPATCH,UNIT_SCADA,1,"2022/10/20 22:55:00",MBAHNTH,46.556244
D,DISPATCH,UNIT_SCADA,1,"2022/10/20 22:55:00",MLSP1,0
D,DISPATCH,UNIT_SCADA,1,"2022/10/20 22:55:00",MLWF1,1.4550
D,DISPATCH,UNIT_SCADA,1,"2022/10/20 22:55:00",PALOONA,30.639999
D,DISPATCH,UNIT_SCADA,1,"2022/10/20 22:55:00",PIONEER,23.40
D,DISPATCH,UNIT_SCADA,1,"2022/10/20 22:55:00",PORTWF,41.099998
D,DISPATCH,UNIT_SCADA,1,"2022/10/20 22:55:00",REPULSE,9.461204
D,DISPATCH,UNIT_SCADA,1,"2022/10/20 22:55:00",ROWALLAN,8.7898
D,DISPATCH,UNIT_SCADA,1,"2022/10/20 22:55:00",ROYALLA1,0
D,DISPATCH,UNIT_SCADA,1,"2022/10/20 22:55:00",RPCG,-0.50
D,DISPATCH,UNIT_SCADA,1,"2022/10/20 22:55:00",RUBICON,0
D,DISPATCH,UNIT_SCADA,1,"2022/10/20 22:55:00",WAUBRAWF,25.184999
D,DISPATCH,UNIT_SCADA,1,"2022/10/20 22:55:00",WOOLNTH1,80.899994
D,DISPATCH,UNIT_SCADA,1,"2022/10/20 22:55:00",YAMBUKWF,2.90
D,DISPATCH,UNIT_SCADA,1,"2022/10/20 22:55:00",YSWF1,0
D,DISPATCH,UNIT_SCADA,1,"2022/10/20 22:55:00",ADPBA1G,0.0080
D,DISPATCH,UNIT_SCADA,1,"2022/10/20 22:55:00",ADPBA1L,0
D,DISPATCH,UNIT_SCADA,1,"2022/10/20 22:55:00",ADPPV1,0
D,DISPATCH,UNIT_SCADA,1,"2022/10/20 22:55:00",AGLHAL,0
D,DISPATCH,UNIT_SCADA,1,"2022/10/20 22:55:00",AGLSOM,0
D,DISPATCH,UNIT_SCADA,1,"2022/10/20 22:55:00",ANGAST1,0
D,DISPATCH,UNIT_SCADA,1,"2022/10/20 22:55:00",ARWF1,26
D,DISPATCH,UNIT_SCADA,1,"2022/10/20 22:55:00",BALBG1,0
D,DISPATCH,UNIT_SCADA,1,"2022/10/20 22:55:00",BALBL1,0
D,DISPATCH,UNIT_SCADA,1,"2022/10/20 22:55:00",BALDHWF1,103.91
D,DISPATCH,UNIT_SCADA,1,"2022/10/20 22:55:00",BANGOWF1,50.496380
D,DISPATCH,UNIT_SCADA,1,"2022/10/20 22:55:00",BANGOWF2,65.199740
D,DISPATCH,UNIT_SCADA,1,"2022/10/20 22:55:00",BANN1,0
D,DISPATCH,UNIT_SCADA,1,"2022/10/20 22:55:00",BARCALDN,0
D,DISPATCH,UNIT_SCADA,1,"2022/10/20 22:55:00",BARKIPS1,0.06
D,DISPATCH,UNIT_SCADA,1,"2022/10/20 22:55:00",BARRON-1,0
D,DISPATCH,UNIT_SCADA,1,"2022/10/20 22:55:00",BARRON-2,0
D,DISPATCH,UNIT_SCADA,1,"2022/10/20 22:55:00",BASTYAN,0
D,DISPATCH,UNIT_SCADA,1,"2022/10/20 22:55:00",BBTHREE1,0
D,DISPATCH,UNIT_SCADA,1,"2022/10/20 22:55:00",BBTHREE2,0
D,DISPATCH,UNIT_SCADA,1,"2022/10/20 22:55:00",BBTHREE3,-1.13
D,DISPATCH,UNIT_SCADA,1,"2022/10/20 22:55:00",BDL01,0
D,DISPATCH,UNIT_SCADA,1,"2022/10/20 22:55:00",BDL02,0
D,DISPATCH,UNIT_SCADA,1,"2022/10/20 22:55:00",BERYLSF1,0
D,DISPATCH,UNIT_SCADA,1,"2022/10/20 22:55:00",BLOWERNG,62.70
D,DISPATCH,UNIT_SCADA,1,"2022/10/20 22:55:00",BLUEGSF1,0
D,DISPATCH,UNIT_SCADA,1,"2022/10/20 22:55:00",BLUFF1,0.70
D,DISPATCH,UNIT_SCADA,1,"2022/10/20 22:55:00",BNGSF1,0
D,DISPATCH,UNIT_SCADA,1,"2022/10/20 22:55:00",BNGSF2,0
D,DISPATCH,UNIT_SCADA,1,"2022/10/20 22:55:00",BOCORWF1,1.25
D,DISPATCH,UNIT_SCADA,1,"2022/10/20 22:55:00",BODWF1,111.401830
D,DISPATCH,UNIT_SCADA,1,"2022/10/20 22:55:00",BOMENSF1,0
D,DISPATCH,UNIT_SCADA,1,"2022/10/20 22:55:00",BOWWBA1G,0
D,DISPATCH,UNIT_SCADA,1,"2022/10/20 22:55:00",BOWWBA1L,0.0010
D,DISPATCH,UNIT_SCADA,1,"2022/10/20 22:55:00",BOWWPV1,0
D,DISPATCH,UNIT_SCADA,1,"2022/10/20 22:55:00",BRAEMAR1,0
D,DISPATCH,UNIT_SCADA,1,"2022/10/20 22:55:00",BRAEMAR2,0
D,DISPATCH,UNIT_SCADA,1,"2022/10/20 22:55:00",BRAEMAR3,0
D,DISPATCH,UNIT_SCADA,1,"2022/10/20 22:55:00",BRAEMAR5,0.201420
D,DISPATCH,UNIT_SCADA,1,"2022/10/20 22:55:00",BRAEMAR6,0
D,DISPATCH,UNIT_SCADA,1,"2022/10/20 22:55:00",BRAEMAR7,0.060430
D,DISPATCH,UNIT_SCADA,1,"2022/10/20 22:55:00",BROKENH1,0
D,DISPATCH,UNIT_SCADA,1,"2022/10/20 22:55:00",BRYB1WF1,85.606160
D,DISPATCH,UNIT_SCADA,1,"2022/10/20 22:55:00",BULBESG1,0
D,DISPATCH,UNIT_SCADA,1,"2022/10/20 22:55:00",BULBESL1,0.03
D,DISPATCH,UNIT_SCADA,1,"2022/10/20 22:55:00",BULGANA1,13.91
D,DISPATCH,UNIT_SCADA,1,"2022/10/20 22:55:00",BW01,657.932370
D,DISPATCH,UNIT_SCADA,1,"2022/10/20 22:55:00",BW02,638.425290
D,DISPATCH,UNIT_SCADA,1,"2022/10/20 22:55:00",BW03,518.306270
D,DISPATCH,UNIT_SCADA,1,"2022/10/20 22:55:00",BW04,0
D,DISPATCH,UNIT_SCADA,1,"2022/10/20 22:55:00",CALL_B_1,319.600010
D,DISPATCH,UNIT_SCADA,1,"2022/10/20 22:55:00",CALL_B_2,319.700010
D,DISPATCH,UNIT_SCADA,1,"2022/10/20 22:55:00",CATHROCK,4.60
D,DISPATCH,UNIT_SCADA,1,"2022/10/20 22:55:00",CBWWBA1G,0
D,DISPATCH,UNIT_SCADA,1,"2022/10/20 22:55:00",CBWWBA1L,0
D,DISPATCH,UNIT_SCADA,1,"2022/10/20 22:55:00",CETHANA,88.065630
D,DISPATCH,UNIT_SCADA,1,"2022/10/20 22:55:00",CG1,0
D,DISPATCH,UNIT_SCADA,1,"2022/10/20 22:55:00",CG2,0
D,DISPATCH,UNIT_SCADA,1,"2022/10/20 22:55:00",CG3,0
D,DISPATCH,UNIT_SCADA,1,"2022/10/20 22:55:00",CG4,0
D,DISPATCH,UNIT_SCADA,1,"2022/10/20 22:55:00",CHILDSF1,0
D,DISPATCH,UNIT_SCADA,1,"2022/10/20 22:55:00",CHYTWF1,2.13
D,DISPATCH,UNIT_SCADA,1,"2022/10/20 22:55:00",CLARESF1,0
D,DISPATCH,UNIT_SCADA,1,"2022/10/20 22:55:00",CLEMGPWF,0
D,DISPATCH,UNIT_SCADA,1,"2022/10/20 22:55:00",CLERMSF1,0
D,DISPATCH,UNIT_SCADA,1,"2022/10/20 22:55:00",CNUNDAWF,13.315530
D,DISPATCH,UNIT_SCADA,1,"2022/10/20 22:55:00",COHUNSF1,0
D,DISPATCH,UNIT_SCADA,1,"2022/10/20 22:55:00",COLEASF1,0
D,DISPATCH,UNIT_SCADA,1,"2022/10/20 22:55:00",COLUMSF1,0
D,DISPATCH,UNIT_SCADA,1,"2022/10/20 22:55:00",COLWF01,133.545440
D,DISPATCH,UNIT_SCADA,1,"2022/10/20 22:55:00",COOPGWF1,314.350010
D,DISPATCH,UNIT_SCADA,1,"2022/10/20 22:55:00",CPP_3,390.774990
D,DISPATCH,UNIT_SCADA,1,"2022/10/20 22:55:00",CPP_4,0
D,DISPATCH,UNIT_SCADA,1,"2022/10/20 22:55:00",CPSA,0
D,DISPATCH,UNIT_SCADA,1,"2022/10/20 22:55:00",CROOKWF2,35.704280
D,DISPATCH,UNIT_SCADA,1,"2022/10/20 22:55:00",CROWLWF1,28.820480
D,DISPATCH,UNIT_SCADA,1,"2022/10/20 22:55:00",CRURWF1,87.796520
D,DISPATCH,UNIT_SCADA,1,"2022/10/20 22:55:00",CRWASF1,0
D,DISPATCH,UNIT_SCADA,1,"2022/10/20 22:55:00",CSPVPS1,0
D,DISPATCH,UNIT_SCADA,1,"2022/10/20 22:55:00",CTHLWF1,0.003050
D,DISPATCH,UNIT_SCADA,1,"2022/10/20 22:55:00",DALNTH01,0
D,DISPATCH,UNIT_SCADA,1,"2022/10/20 22:55:00",DALNTHL1,0.022890
D,DISPATCH,UNIT_SCADA,1,"2022/10/20 22:55:00",DARLSF1,0
D,DISPATCH,UNIT_SCADA,1,"2022/10/20 22:55:00",DARTM1,0
D,DISPATCH,UNIT_SCADA,1,"2022/10/20 22:55:00",DAYDSF1,0
D,DISPATCH,UNIT_SCADA,1,"2022/10/20 22:55:00",DDPS1,0
D,DISPATCH,UNIT_SCADA,1,"2022/10/20 22:55:00",DDSF1,0
D,DISPATCH,UNIT_SCADA,1,"2022/10/20 22:55:00",DEVILS_G,55.675530
D,DISPATCH,UNIT_SCADA,1,"2022/10/20 22:55:00",DG_NSW1,0
D,DISPATCH,UNIT_SCADA,1,"2022/10/20 22:55:00",DG_QLD1,0
D,DISPATCH,UNIT_SCADA,1,"2022/10/20 22:55:00",DG_SA1,0
D,DISPATCH,UNIT_SCADA,1,"2022/10/20 22:55:00",DG_TAS1,0
D,DISPATCH,UNIT_SCADA,1,"2022/10/20 22:55:00",DG_VIC1,0
D,DISPATCH,UNIT_SCADA,1,"2022/10/20 22:55:00",DRYCGT1,0
D,DISPATCH,UNIT_SCADA,1,"2022/10/20 22:55:00",DRYCGT2,0
D,DISPATCH,UNIT_SCADA,1,"2022/10/20 22:55:00",DRYCGT3,0
D,DISPATCH,UNIT_SCADA,1,"2022/10/20 22:55:00",DUNDWF1,112.38
D,DISPATCH,UNIT_SCADA,1,"2022/10/20 22:55:00",DUNDWF2,33.80
D,DISPATCH,UNIT_SCADA,1,"2022/10/20 22:55:00",DUNDWF3,88.62
D,DISPATCH,UNIT_SCADA,1,"2022/10/20 22:55:00",EILDON1,59.88
D,DISPATCH,UNIT_SCADA,1,"2022/10/20 22:55:00",EILDON2,59.96
D,DISPATCH,UNIT_SCADA,1,"2022/10/20 22:55:00",ELAINWF1,12.65
D,DISPATCH,UNIT_SCADA,1,"2022/10/20 22:55:00",EMERASF1,0
D,DISPATCH,UNIT_SCADA,1,"2022/10/20 22:55:00",ER01,0
D,DISPATCH,UNIT_SCADA,1,"2022/10/20 22:55:00",ER02,597.531070
D,DISPATCH,UNIT_SCADA,1,"2022/10/20 22:55:00",ER03,594.650210
D,DISPATCH,UNIT_SCADA,1,"2022/10/20 22:55:00",ER04,595.016420
D,DISPATCH,UNIT_SCADA,1,"2022/10/20 22:55:00",FINLYSF1,0
D,DISPATCH,UNIT_SCADA,1,"2022/10/20 22:55:00",FISHER,43.87
D,DISPATCH,UNIT_SCADA,1,"2022/10/20 22:55:00",GANGARR1,0
D,DISPATCH,UNIT_SCADA,1,"2022/10/20 22:55:00",GANNBG1,0
D,DISPATCH,UNIT_SCADA,1,"2022/10/20 22:55:00",GANNBL1,0.116180
D,DISPATCH,UNIT_SCADA,1,"2022/10/20 22:55:00",GANNSF1,0
D,DISPATCH,UNIT_SCADA,1,"2022/10/20 22:55:00",GLRWNSF1,0
D,DISPATCH,UNIT_SCADA,1,"2022/10/20 22:55:00",GNNDHSF1,0
D,DISPATCH,UNIT_SCADA,1,"2022/10/20 22:55:00",GOONSF1,0
D,DISPATCH,UNIT_SCADA,1,"2022/10/20 22:55:00",GORDON,230.110090
D,DISPATCH,UNIT_SCADA,1,"2022/10/20 22:55:00",GRANWF1,0
D,DISPATCH,UNIT_SCADA,1,"2022/10/20 22:55:00",GSTONE1,201.0750
D,DISPATCH,UNIT_SCADA,1,"2022/10/20 22:55:00",GSTONE2,0
D,DISPATCH,UNIT_SCADA,1,"2022/10/20 22:55:00",GSTONE3,140.1750
D,DISPATCH,UNIT_SCADA,1,"2022/10/20 22:55:00",GSTONE4,0
D,DISPATCH,UNIT_SCADA,1,"2022/10/20 22:55:00",GSTONE5,200.55
D,DISPATCH,UNIT_SCADA,1,"2022/10/20 22:55:00",GSTONE6,200.55
D,DISPATCH,UNIT_SCADA,1,"2022/10/20 22:55:00",GULLRSF1,0
D,DISPATCH,UNIT_SCADA,1,"2022/10/20 22:55:00",GULLRWF1,67.133980
D,DISPATCH,UNIT_SCADA,1,"2022/10/20 22:55:00",GULLRWF2,99.900940
D,DISPATCH,UNIT_SCADA,1,"2022/10/20 22:55:00",GUNNING1,0
D,DISPATCH,UNIT_SCADA,1,"2022/10/20 22:55:00",GUTHEGA,67.80
D,DISPATCH,UNIT_SCADA,1,"2022/10/20 22:55:00",HALLWF1,11.89
D,DISPATCH,UNIT_SCADA,1,"2022/10/20 22:55:00",HALLWF2,10.21
D,DISPATCH,UNIT_SCADA,1,"2022/10/20 22:55:00",HAMISF1,0
D,DISPATCH,UNIT_SCADA,1,"2022/10/20 22:55:00",HAUGHT11,0
D,DISPATCH,UNIT_SCADA,1,"2022/10/20 22:55:00",HAYMSF1,0
D,DISPATCH,UNIT_SCADA,1,"2022/10/20 22:55:00",HDWF1,20.80
D,DISPATCH,UNIT_SCADA,1,"2022/10/20 22:55:00",HDWF2,9.30
D,DISPATCH,UNIT_SCADA,1,"2022/10/20 22:55:00",HDWF3,19.80
D,DISPATCH,UNIT_SCADA,1,"2022/10/20 22:55:00",HILLSTN1,0
D,DISPATCH,UNIT_SCADA,1,"2022/10/20 22:55:00",HPRG1,0
D,DISPATCH,UNIT_SCADA,1,"2022/10/20 22:55:00",HPRL1,0.70
D,DISPATCH,UNIT_SCADA,1,"2022/10/20 22:55:00",HUMENSW,54.4906
D,DISPATCH,UNIT_SCADA,1,"2022/10/20 22:55:00",HUMEV,0
D,DISPATCH,UNIT_SCADA,1,"2022/10/20 22:55:00",HVWWBA1G,0
D,DISPATCH,UNIT_SCADA,1,"2022/10/20 22:55:00",HVWWBA1L,0.0060
D,DISPATCH,UNIT_SCADA,1,"2022/10/20 22:55:00",HVWWPV1,0
D,DISPATCH,UNIT_SCADA,1,"2022/10/20 22:55:00",JBUTTERS,0
D,DISPATCH,UNIT_SCADA,1,"2022/10/20 22:55:00",JEMALNG1,0
D,DISPATCH,UNIT_SCADA,1,"2022/10/20 22:55:00",JLA01,0
D,DISPATCH,UNIT_SCADA,1,"2022/10/20 22:55:00",JLA02,0
D,DISPATCH,UNIT_SCADA,1,"2022/10/20 22:55:00",JLA03,0
D,DISPATCH,UNIT_SCADA,1,"2022/10/20 22:55:00",JLA04,0
D,DISPATCH,UNIT_SCADA,1,"2022/10/20 22:55:00",JLB01,0
D,DISPATCH,UNIT_SCADA,1,"2022/10/20 22:55:00",JLB02,0.10
D,DISPATCH,UNIT_SCADA,1,"2022/10/20 22:55:00",JLB03,0
D,DISPATCH,UNIT_SCADA,1,"2022/10/20 22:55:00",JUNEESF1,0
D,DISPATCH,UNIT_SCADA,1,"2022/10/20 22:55:00",KABANWF1,0.1560
D,DISPATCH,UNIT_SCADA,1,"2022/10/20 22:55:00",KAREEYA1,0
D,DISPATCH,UNIT_SCADA,1,"2022/10/20 22:55:00",KAREEYA2,0
D,DISPATCH,UNIT_SCADA,1,"2022/10/20 22:55:00",KAREEYA3,4.8750
D,DISPATCH,UNIT_SCADA,1,"2022/10/20 22:55:00",KAREEYA4,0
D,DISPATCH,UNIT_SCADA,1,"2022/10/20 22:55:00",KARSF1,0
D,DISPATCH,UNIT_SCADA,1,"2022/10/20 22:55:00",KEPSF1,0
D,DISPATCH,UNIT_SCADA,1,"2022/10/20 22:55:00",KEPWF1,0.86
D,DISPATCH,UNIT_SCADA,1,"2022/10/20 22:55:00",KIAMSF1,0
D,DISPATCH,UNIT_SCADA,1,"2022/10/20 22:55:00",KIATAWF1,6.40
D,DISPATCH,UNIT_SCADA,1,"2022/10/20 22:55:00",KPP_1,0
D,DISPATCH,UNIT_SCADA,1,"2022/10/20 22:55:00",KSP1,0
D,DISPATCH,UNIT_SCADA,1,"2022/10/20 22:55:00",LADBROK1,0.01
D,DISPATCH,UNIT_SCADA,1,"2022/10/20 22:55:00",LADBROK2,0.02
D,DISPATCH,UNIT_SCADA,1,"2022/10/20 22:55:00",LBBG1,0
D,DISPATCH,UNIT_SCADA,1,"2022/10/20 22:55:00",LBBL1,0.15
D,DISPATCH,UNIT_SCADA,1,"2022/10/20 22:55:00",LD01,348.606840
D,DISPATCH,UNIT_SCADA,1,"2022/10/20 22:55:00",LD02,0
D,DISPATCH,UNIT_SCADA,1,"2022/10/20 22:55:00",LD04,310.190120
D,DISPATCH,UNIT_SCADA,1,"2022/10/20 22:55:00",LEM_WIL,86.755490
D,DISPATCH,UNIT_SCADA,1,"2022/10/20 22:55:00",LGAPWF1,95.009990
D,DISPATCH,UNIT_SCADA,1,"2022/10/20 22:55:00",LGAPWF2,60.71
D,DISPATCH,UNIT_SCADA,1,"2022/10/20 22:55:00",LILYSF1,0
D,DISPATCH,UNIT_SCADA,1,"2022/10/20 22:55:00",LIMOSF11,0
D,DISPATCH,UNIT_SCADA,1,"2022/10/20 22:55:00",LIMOSF21,0
D,DISPATCH,UNIT_SCADA,1,"2022/10/20 22:55:00",LI_WY_CA,55.662150
D,DISPATCH,UNIT_SCADA,1,"2022/10/20 22:55:00",LKBONNY1,17.326030
D,DISPATCH,UNIT_SCADA,1,"2022/10/20 22:55:00",LKBONNY2,45.039590
D,DISPATCH,UNIT_SCADA,1,"2022/10/20 22:55:00",LKBONNY3,10.382910
D,DISPATCH,UNIT_SCADA,1,"2022/10/20 22:55:00",LK_ECHO,0
D,DISPATCH,UNIT_SCADA,1,"2022/10/20 22:55:00",LNGS1,0
D,DISPATCH,UNIT_SCADA,1,"2022/10/20 22:55:00",LNGS2,0
D,DISPATCH,UNIT_SCADA,1,"2022/10/20 22:55:00",LONSDALE,0
D,DISPATCH,UNIT_SCADA,1,"2022/10/20 22:55:00",LOYYB1,577.818970
D,DISPATCH,UNIT_SCADA,1,"2022/10/20 22:55:00",LOYYB2,575.187320
D,DISPATCH,UNIT_SCADA,1,"2022/10/20 22:55:00",LYA1,557
D,DISPATCH,UNIT_SCADA,1,"2022/10/20 22:55:00",LYA2,0
D,DISPATCH,UNIT_SCADA,1,"2022/10/20 22:55:00",LYA3,559
D,DISPATCH,UNIT_SCADA,1,"2022/10/20 22:55:00",LYA4,557
D,DISPATCH,UNIT_SCADA,1,"2022/10/20 22:55:00",MACARTH1,95.797790
D,DISPATCH,UNIT_SCADA,1,"2022/10/20 22:55:00",MACKNTSH,0
D,DISPATCH,UNIT_SCADA,1,"2022/10/20 22:55:00",MANSLR1,0
D,DISPATCH,UNIT_SCADA,1,"2022/10/20 22:55:00",MAPS2PV1,0
D,DISPATCH,UNIT_SCADA,1,"2022/10/20 22:55:00",MAPS3PV1,0
D,DISPATCH,UNIT_SCADA,1,"2022/10/20 22:55:00",MARYRSF1,0
D,DISPATCH,UNIT_SCADA,1,"2022/10/20 22:55:00",MBPS2PV1,0
D,DISPATCH,UNIT_SCADA,1,"2022/10/20 22:55:00",MCKAY1,220.899990
D,DISPATCH,UNIT_SCADA,1,"2022/10/20 22:55:00",MEADOWBK,6.0018
D,DISPATCH,UNIT_SCADA,1,"2022/10/20 22:55:00",MERCER01,24.40
D,DISPATCH,UNIT_SCADA,1,"2022/10/20 22:55:00",METZSF1,0
D,DISPATCH,UNIT_SCADA,1,"2022/10/20 22:55:00",MEWF1,0
D,DISPATCH,UNIT_SCADA,1,"2022/10/20 22:55:00",MIDDLSF1,0
D,DISPATCH,UNIT_SCADA,1,"2022/10/20 22:55:00",MINTARO,0.128180
D,DISPATCH,UNIT_SCADA,1,"2022/10/20 22:55:00",MOLNGSF1,0
D,DISPATCH,UNIT_SCADA,1,"2022/10/20 22:55:00",MOORAWF1,0
D,DISPATCH,UNIT_SCADA,1,"2022/10/20 22:55:00",MOREESF1,0
D,DISPATCH,UNIT_SCADA,1,"2022/10/20 22:55:00",MORTLK11,0
D,DISPATCH,UNIT_SCADA,1,"2022/10/20 22:55:00",MORTLK12,0
D,DISPATCH,UNIT_SCADA,1,"2022/10/20 22:55:00",MOUSF1,0
D,DISPATCH,UNIT_SCADA,1,"2022/10/20 22:55:00",MP1,0
D,DISPATCH,UNIT_SCADA,1,"2022/10/20 22:55:00",MP2,349.2363
D,DISPATCH,UNIT_SCADA,1,"2022/10/20 22:55:00",MPP_1,194.464520
D,DISPATCH,UNIT_SCADA,1,"2022/10/20 22:55:00",MPP_2,178.106550
D,DISPATCH,UNIT_SCADA,1,"2022/10/20 22:55:00",MRTLSWF1,0
D,DISPATCH,UNIT_SCADA,1,"2022/10/20 22:55:00",MSTUART1,0
D,DISPATCH,UNIT_SCADA,1,"2022/10/20 22:55:00",MSTUART2,0
D,DISPATCH,UNIT_SCADA,1,"2022/10/20 22:55:00",MSTUART3,0
D,DISPATCH,UNIT_SCADA,1,"2022/10/20 22:55:00",MTGELWF1,48.597680
D,DISPATCH,UNIT_SCADA,1,"2022/10/20 22:55:00",MTMILLAR,17.20
D,DISPATCH,UNIT_SCADA,1,"2022/10/20 22:55:00",MURRAY,0
D,DISPATCH,UNIT_SCADA,1,"2022/10/20 22:55:00",MUSSELR1,18.30
D,DISPATCH,UNIT_SCADA,1,"2022/10/20 22:55:00",MUWAWF1,98.45
D,DISPATCH,UNIT_SCADA,1,"2022/10/20 22:55:00",MUWAWF2,112.70
D,DISPATCH,UNIT_SCADA,1,"2022/10/20 22:55:00",MWPS1PV1,0
D,DISPATCH,UNIT_SCADA,1,"2022/10/20 22:55:00",MWPS2PV1,0
D,DISPATCH,UNIT_SCADA,1,"2022/10/20 22:55:00",MWPS3PV1,0
D,DISPATCH,UNIT_SCADA,1,"2022/10/20 22:55:00",MWPS4PV1,0
D,DISPATCH,UNIT_SCADA,1,"2022/10/20 22:55:00",NBHWF1,24.50
D,DISPATCH,UNIT_SCADA,1,"2022/10/20 22:55:00",NEVERSF1,0
D,DISPATCH,UNIT_SCADA,1,"2022/10/20 22:55:00",NPS,0
D,DISPATCH,UNIT_SCADA,1,"2022/10/20 22:55:00",NUMURSF1,0
D,DISPATCH,UNIT_SCADA,1,"2022/10/20 22:55:00",NYNGAN1,0
D,DISPATCH,UNIT_SCADA,1,"2022/10/20 22:55:00",OAKEY1,0
D,DISPATCH,UNIT_SCADA,1,"2022/10/20 22:55:00",OAKEY1SF,0
D,DISPATCH,UNIT_SCADA,1,"2022/10/20 22:55:00",OAKEY2,0
D,DISPATCH,UNIT_SCADA,1,"2022/10/20 22:55:00",OAKEY2SF,0
D,DISPATCH,UNIT_SCADA,1,"2022/10/20 22:55:00",OAKLAND1,5
D,DISPATCH,UNIT_SCADA,1,"2022/10/20 22:55:00",OSB-AG,179.989990
D,DISPATCH,UNIT_SCADA,1,"2022/10/20 22:55:00",PAREPS1,0
D,DISPATCH,UNIT_SCADA,1,"2022/10/20 22:55:00",PAREPW1,52.06
D,DISPATCH,UNIT_SCADA,1,"2022/10/20 22:55:00",PARSF1,0.001530
D,DISPATCH,UNIT_SCADA,1,"2022/10/20 22:55:00",POAT110,3.14
D,DISPATCH,UNIT_SCADA,1,"2022/10/20 22:55:00",POAT220,0
D,DISPATCH,UNIT_SCADA,1,"2022/10/20 22:55:00",POR01,0
D,DISPATCH,UNIT_SCADA,1,"2022/10/20 22:55:00",POR03,0
D,DISPATCH,UNIT_SCADA,1,"2022/10/20 22:55:00",PPCCGT,164.156680
D,DISPATCH,UNIT_SCADA,1,"2022/10/20 22:55:00",PTSTAN1,0
D,DISPATCH,UNIT_SCADA,1,"2022/10/20 22:55:00",PUMP1,0
D,DISPATCH,UNIT_SCADA,1,"2022/10/20 22:55:00",PUMP2,0
D,DISPATCH,UNIT_SCADA,1,"2022/10/20 22:55:00",QBYNBG1,0.0055
D,DISPATCH,UNIT_SCADA,1,"2022/10/20 22:55:00",QBYNBL1,0
D,DISPATCH,UNIT_SCADA,1,"2022/10/20 22:55:00",QPS1,0
D,DISPATCH,UNIT_SCADA,1,"2022/10/20 22:55:00",QPS2,0
D,DISPATCH,UNIT_SCADA,1,"2022/10/20 22:55:00",QPS3,0
D,DISPATCH,UNIT_SCADA,1,"2022/10/20 22:55:00",QPS4,0
D,DISPATCH,UNIT_SCADA,1,"2022/10/20 22:55:00",QPS5,0
D,DISPATCH,UNIT_SCADA,1,"2022/10/20 22:55:00",REECE1,0
D,DISPATCH,UNIT_SCADA,1,"2022/10/20 22:55:00",REECE2,0
D,DISPATCH,UNIT_SCADA,1,"2022/10/20 22:55:00",ROMA_7,0
D,DISPATCH,UNIT_SCADA,1,"2022/10/20 22:55:00",ROMA_8,0
D,DISPATCH,UNIT_SCADA,1,"2022/10/20 22:55:00",RRSF1,0
D,DISPATCH,UNIT_SCADA,1,"2022/10/20 22:55:00",RT_NSW1,0
D,DISPATCH,UNIT_SCADA,1,"2022/10/20 22:55:00",RT_NSW2,0
D,DISPATCH,UNIT_SCADA,1,"2022/10/20 22:55:00",RT_NSW3,0
D,DISPATCH,UNIT_SCADA,1,"2022/10/20 22:55:00",RT_NSW4,0
D,DISPATCH,UNIT_SCADA,1,"2022/10/20 22:55:00",RT_NSW5,0
D,DISPATCH,UNIT_SCADA,1,"2022/10/20 22:55:00",RT_NSW6,0
D,DISPATCH,UNIT_SCADA,1,"2022/10/20 22:55:00",RT_QLD1,0
D,DISPATCH,UNIT_SCADA,1,"2022/10/20 22:55:00",RT_SA1,0
D,DISPATCH,UNIT_SCADA,1,"2022/10/20 22:55:00",RT_SA2,0
D,DISPATCH,UNIT_SCADA,1,"2022/10/20 22:55:00",RT_SA3,0
D,DISPATCH,UNIT_SCADA,1,"2022/10/20 22:55:00",RT_SA4,0
D,DISPATCH,UNIT_SCADA,1,"2022/10/20 22:55:00",RT_SA5,0
D,DISPATCH,UNIT_SCADA,1,"2022/10/20 22:55:00",RT_SA6,0
D,DISPATCH,UNIT_SCADA,1,"2022/10/20 22:55:00",RT_TAS1,0
D,DISPATCH,UNIT_SCADA,1,"2022/10/20 22:55:00",RT_VIC1,0
D,DISPATCH,UNIT_SCADA,1,"2022/10/20 22:55:00",RT_VIC10,0
D,DISPATCH,UNIT_SCADA,1,"2022/10/20 22:55:00",RT_VIC11,0
D,DISPATCH,UNIT_SCADA,1,"2022/10/20 22:55:00",RT_VIC12,0
D,DISPATCH,UNIT_SCADA,1,"2022/10/20 22:55:00",RT_VIC2,0
D,DISPATCH,UNIT_SCADA,1,"2022/10/20 22:55:00",RT_VIC3,0
D,DISPATCH,UNIT_SCADA,1,"2022/10/20 22:55:00",RT_VIC4,0
D,DISPATCH,UNIT_SCADA,1,"2022/10/20 22:55:00",RT_VIC5,0
D,DISPATCH,UNIT_SCADA,1,"2022/10/20 22:55:00",RT_VIC6,0
D,DISPATCH,UNIT_SCADA,1,"2022/10/20 22:55:00",RT_VIC7,0
D,DISPATCH,UNIT_SCADA,1,"2022/10/20 22:55:00",RT_VIC8,0
D,DISPATCH,UNIT_SCADA,1,"2022/10/20 22:55:00",RT_VIC9,0
D,DISPATCH,UNIT_SCADA,1,"2022/10/20 22:55:00",RUGBYR1,0
D,DISPATCH,UNIT_SCADA,1,"2022/10/20 22:55:00",SALTCRK1,32.28
D,DISPATCH,UNIT_SCADA,1,"2022/10/20 22:55:00",SAPHWF1,230.299840
D,DISPATCH,UNIT_SCADA,1,"2022/10/20 22:55:00",SEBSF1,0
D,DISPATCH,UNIT_SCADA,1,"2022/10/20 22:55:00",SHGEN,0
D,DISPATCH,UNIT_SCADA,1,"2022/10/20 22:55:00",SHPUMP,0
D,DISPATCH,UNIT_SCADA,1,"2022/10/20 22:55:00",SITHE01,0.123710
D,DISPATCH,UNIT_SCADA,1,"2022/10/20 22:55:00",SMCSF1,0
D,DISPATCH,UNIT_SCADA,1,"2022/10/20 22:55:00",SNAPPER1,0
D,DISPATCH,UNIT_SCADA,1,"2022/10/20 22:55:00",SNOWNTH1,47.90
D,DISPATCH,UNIT_SCADA,1,"2022/10/20 22:55:00",SNOWSTH1,50.20
D,DISPATCH,UNIT_SCADA,1,"2022/10/20 22:55:00",SNOWTWN1,47.863980
D,DISPATCH,UNIT_SCADA,1,"2022/10/20 22:55:00",SNOWYP,0
D,DISPATCH,UNIT_SCADA,1,"2022/10/20 22:55:00",SNUG1,0
D,DISPATCH,UNIT_SCADA,1,"2022/10/20 22:55:00",SRSF1,0
D,DISPATCH,UNIT_SCADA,1,"2022/10/20 22:55:00",STAN-1,278.184720
D,DISPATCH,UNIT_SCADA,1,"2022/10/20 22:55:00",STAN-2,361.705510
D,DISPATCH,UNIT_SCADA,1,"2022/10/20 22:55:00",STAN-3,364.410060
D,DISPATCH,UNIT_SCADA,1,"2022/10/20 22:55:00",STAN-4,363.564090
D,DISPATCH,UNIT_SCADA,1,"2022/10/20 22:55:00",STARHLWF,23.393180
D,DISPATCH,UNIT_SCADA,1,"2022/10/20 22:55:00",STOCKYD1,91.95
D,DISPATCH,UNIT_SCADA,1,"2022/10/20 22:55:00",STWF1,24.4065
D,DISPATCH,UNIT_SCADA,1,"2022/10/20 22:55:00",SUNRSF1,0
D,DISPATCH,UNIT_SCADA,1,"2022/10/20 22:55:00",SUNTPSF1,0
D,DISPATCH,UNIT_SCADA,1,"2022/10/20 22:55:00",SWAN_E,289.510620
D,DISPATCH,UNIT_SCADA,1,"2022/10/20 22:55:00",TALWA1,0
D,DISPATCH,UNIT_SCADA,1,"2022/10/20 22:55:00",TARALGA1,0
D,DISPATCH,UNIT_SCADA,1,"2022/10/20 22:55:00",TARONG#1,349.399990
D,DISPATCH,UNIT_SCADA,1,"2022/10/20 22:55:00",TARONG#2,349.100010
D,DISPATCH,UNIT_SCADA,1,"2022/10/20 22:55:00",TARONG#3,0.90
D,DISPATCH,UNIT_SCADA,1,"2022/10/20 22:55:00",TARONG#4,224.50
D,DISPATCH,UNIT_SCADA,1,"2022/10/20 22:55:00",TARRALEA,54
D,DISPATCH,UNIT_SCADA,1,"2022/10/20 22:55:00",TBSF1,0
D,DISPATCH,UNIT_SCADA,1,"2022/10/20 22:55:00",TNPS1,349.3750
D,DISPATCH,UNIT_SCADA,1,"2022/10/20 22:55:00",TORRB1,0
D,DISPATCH,UNIT_SCADA,1,"2022/10/20 22:55:00",TORRB2,60
D,DISPATCH,UNIT_SCADA,1,"2022/10/20 22:55:00",TORRB3,0
D,DISPATCH,UNIT_SCADA,1,"2022/10/20 22:55:00",TORRB4,0
D,DISPATCH,UNIT_SCADA,1,"2022/10/20 22:55:00",TREVALLN,97.945950
D,DISPATCH,UNIT_SCADA,1,"2022/10/20 22:55:00",TRIBUTE,0
D,DISPATCH,UNIT_SCADA,1,"2022/10/20 22:55:00",TUMUT3,129.03
D,DISPATCH,UNIT_SCADA,1,"2022/10/20 22:55:00",TUNGATIN,3.400020
D,DISPATCH,UNIT_SCADA,1,"2022/10/20 22:55:00",TVCC201,0
D,DISPATCH,UNIT_SCADA,1,"2022/10/20 22:55:00",TVPP104,0
D,DISPATCH,UNIT_SCADA,1,"2022/10/20 22:55:00",UPPTUMUT,0
D,DISPATCH,UNIT_SCADA,1,"2022/10/20 22:55:00",URANQ11,0
D,DISPATCH,UNIT_SCADA,1,"2022/10/20 22:55:00",URANQ12,0
D,DISPATCH,UNIT_SCADA,1,"2022/10/20 22:55:00",URANQ13,0
D,DISPATCH,UNIT_SCADA,1,"2022/10/20 22:55:00",URANQ14,0
D,DISPATCH,UNIT_SCADA,1,"2022/10/20 22:55:00",VBBG1,0.60
D,DISPATCH,UNIT_SCADA,1,"2022/10/20 22:55:00",VBBL1,0
D,DISPATCH,UNIT_SCADA,1,"2022/10/20 22:55:00",VP5,547.404420
D,DISPATCH,UNIT_SCADA,1,"2022/10/20 22:55:00",VP6,587.347050
D,DISPATCH,UNIT_SCADA,1,"2022/10/20 22:55:00",VPGS1,0
D,DISPATCH,UNIT_SCADA,1,"2022/10/20 22:55:00",VPGS2,0
D,DISPATCH,UNIT_SCADA,1,"2022/10/20 22:55:00",VPGS3,0
D,DISPATCH,UNIT_SCADA,1,"2022/10/20 22:55:00",VPGS4,0
D,DISPATCH,UNIT_SCADA,1,"2022/10/20 22:55:00",VPGS5,0
D,DISPATCH,UNIT_SCADA,1,"2022/10/20 22:55:00",VPGS6,0
D,DISPATCH,UNIT_SCADA,1,"2022/10/20 22:55:00",W/HOE#1,0
D,DISPATCH,UNIT_SCADA,1,"2022/10/20 22:55:00",W/HOE#2,0
D,DISPATCH,UNIT_SCADA,1,"2022/10/20 22:55:00",WAGGNSF1,0
D,DISPATCH,UNIT_SCADA,1,"2022/10/20 22:55:00",WALGRVG1,0.040020
D,DISPATCH,UNIT_SCADA,1,"2022/10/20 22:55:00",WALGRVL1,0
D,DISPATCH,UNIT_SCADA,1,"2022/10/20 22:55:00",WANDBG1,0
D,DISPATCH,UNIT_SCADA,1,"2022/10/20 22:55:00",WANDBL1,0
D,DISPATCH,UNIT_SCADA,1,"2022/10/20 22:55:00",WARWSF1,0
D,DISPATCH,UNIT_SCADA,1,"2022/10/20 22:55:00",WARWSF2,0
D,DISPATCH,UNIT_SCADA,1,"2022/10/20 22:55:00",WATERLWF,30
D,DISPATCH,UNIT_SCADA,1,"2022/10/20 22:55:00",WDGPH1,0
D,DISPATCH,UNIT_SCADA,1,"2022/10/20 22:55:00",WELLSF1,0
D,DISPATCH,UNIT_SCADA,1,"2022/10/20 22:55:00",WEMENSF1,0
D,DISPATCH,UNIT_SCADA,1,"2022/10/20 22:55:00",WGWF1,4
D,DISPATCH,UNIT_SCADA,1,"2022/10/20 22:55:00",WHITSF1,0
D,DISPATCH,UNIT_SCADA,1,"2022/10/20 22:55:00",WINTSF1,0
D,DISPATCH,UNIT_SCADA,1,"2022/10/20 22:55:00",WKIEWA1,33.90
D,DISPATCH,UNIT_SCADA,1,"2022/10/20 22:55:00",WKIEWA2,34
D,DISPATCH,UNIT_SCADA,1,"2022/10/20 22:55:00",WOODLWN1,40.241340
D,DISPATCH,UNIT_SCADA,1,"2022/10/20 22:55:00",WOOLGSF1,0
D,DISPATCH,UNIT_SCADA,1,"2022/10/20 22:55:00",WPWF,45.32
D,DISPATCH,UNIT_SCADA,1,"2022/10/20 22:55:00",WRSF1,0
D,DISPATCH,UNIT_SCADA,1,"2022/10/20 22:55:00",WRWF1,133.958950
D,DISPATCH,UNIT_SCADA,1,"2022/10/20 22:55:00",WSTWYSF1,0
D,DISPATCH,UNIT_SCADA,1,"2022/10/20 22:55:00",YABULU,0
D,DISPATCH,UNIT_SCADA,1,"2022/10/20 22:55:00",YABULU2,0
D,DISPATCH,UNIT_SCADA,1,"2022/10/20 22:55:00",YARANSF1,0
D,DISPATCH,UNIT_SCADA,1,"2022/10/20 22:55:00",YARWUN_1,163.59
D,DISPATCH,UNIT_SCADA,1,"2022/10/20 22:55:00",YATSF1,0
D,DISPATCH,UNIT_SCADA,1,"2022/10/20 22:55:00",YENDWF1,5.46
D,DISPATCH,UNIT_SCADA,1,"2022/10/20 22:55:00",YWPS1,290.974670
D,DISPATCH,UNIT_SCADA,1,"2022/10/20 22:55:00",YWPS2,360.149350
D,DISPATCH,UNIT_SCADA,1,"2022/10/20 22:55:00",YWPS3,359.6709
D,DISPATCH,UNIT_SCADA,1,"2022/10/20 22:55:00",YWPS4,0
C,"END OF REPORT",419
