C,NEMP.WORLD,DISPATCHSCADA,AEMO,PUBLIC,2022/10/20,00:05:09,0000000373215457,DISPATCHSCADA,0000000373215451
I,DISPATCH,UNIT_SCADA,1,SETTLEMENTDATE,DUID,SCADAVALUE
D,DISPATCH,UNIT_SCADA,1,"2022/10/20 00:10:00",BARCSF1,0.10
D,DISPATCH,UNIT_SCADA,1,"2022/10/20 00:10:00",BUTLERSG,8.699999
D,DISPATCH,UNIT_SCADA,1,"2022/10/20 00:10:00",CAPTL_WF,38.531837
D,DISPATCH,UNIT_SCADA,1,"2022/10/20 00:10:00",CHALLHWF,15.30
D,DISPATCH,UNIT_SCADA,1,"2022/10/20 00:10:00",CLOVER,13.54
D,DISPATCH,UNIT_SCADA,1,"2022/10/20 00:10:00",CLUNY,6.310369
D,DISPATCH,UNIT_SCADA,1,"2022/10/20 00:10:00",CULLRGWF,-0.04
D,DISPATCH,UNIT_SCADA,1,"2022/10/20 00:10:00",DIAPURWF1,7.30
D,DISPATCH,UNIT_SCADA,1,"2022/10/20 00:10:00",ERGT01,0
D,DISPATCH,UNIT_SCADA,1,"2022/10/20 00:10:00",GB01,0
D,DISPATCH,UNIT_SCADA,1,"2022/10/20 00:10:00",GERMCRK,8.80
D,DISPATCH,UNIT_SCADA,1,"2022/10/20 00:10:00",GRIFSF1,0.001526
D,DISPATCH,UNIT_SCADA,1,"2022/10/20 00:10:00",HEZ1,0
D,DISPATCH,UNIT_SCADA,1,"2022/10/20 00:10:00",HUGSF1,-0.1740
D,DISPATCH,UNIT_SCADA,1,"2022/10/20 00:10:00",KEPBG1,0.01
D,DISPATCH,UNIT_SCADA,1,"2022/10/20 00:10:00",LRSF1,0.0240
D,DISPATCH,UNIT_SCADA,1,"2022/10/20 00:10:00",MBAHNTH,50.231247
D,DISPATCH,UNIT_SCADA,1,"2022/10/20 00:10:00",MLSP1,0
D,DISPATCH,UNIT_SCADA,1,"2022/10/20 00:10:00",MLWF1,2.52
D,DISPATCH,UNIT_SCADA,1,"2022/10/20 00:10:00",PALOONA,30.309999
D,DISPATCH,UNIT_SCADA,1,"2022/10/20 00:10:00",PIONEER,39.900002
D,DISPATCH,UNIT_SCADA,1,"2022/10/20 00:10:00",PORTWF,30.299999
D,DISPATCH,UNIT_SCADA,1,"2022/10/20 00:10:00",REPULSE,9.518578
D,DISPATCH,UNIT_SCADA,1,"2022/10/20 00:10:00",ROWALLAN,8.8040
D,DISPATCH,UNIT_SCADA,1,"2022/10/20 00:10:00",ROYALLA1,0
D,DISPATCH,UNIT_SCADA,1,"2022/10/20 00:10:00",RPCG,-1.20
D,DISPATCH,UNIT_SCADA,1,"2022/10/20 00:10:00",RUBICON,0
D,DISPATCH,UNIT_SCADA,1,"2022/10/20 00:10:00",WAUBRAWF,150.699997
D,DISPATCH,UNIT_SCADA,1,"2022/10/20 00:10:00",WOOLNTH1,25.360001
D,DISPATCH,UNIT_SCADA,1,"2022/10/20 00:10:00",YAMBUKWF,3.40
D,DISPATCH,UNIT_SCADA,1,"2022/10/20 00:10:00",YSWF1,3.70
D,DISPATCH,UNIT_SCADA,1,"2022/10/20 00:10:00",ADPBA1G,0.0080
D,DISPATCH,UNIT_SCADA,1,"2022/10/20 00:10:00",ADPBA1L,0
D,DISPATCH,UNIT_SCADA,1,"2022/10/20 00:10:00",ADPPV1,0
D,DISPATCH,UNIT_SCADA,1,"2022/10/20 00:10:00",AGLHAL,0
D,DISPATCH,UNIT_SCADA,1,"2022/10/20 00:10:00",AGLSOM,0
D,DISPATCH,UNIT_SCADA,1,"2022/10/20 00:10:00",ANGAST1,0
D,DISPATCH,UNIT_SCADA,1,"2022/10/20 00:10:00",ARWF1,100.10
D,DISPATCH,UNIT_SCADA,1,"2022/10/20 00:10:00",BALBG1,0
D,DISPATCH,UNIT_SCADA,1,"2022/10/20 00:10:00",BALBL1,0
D,DISPATCH,UNIT_SCADA,1,"2022/10/20 00:10:00",BALDHWF1,0
D,DISPATCH,UNIT_SCADA,1,"2022/10/20 00:10:00",BANGOWF1,56.399790
D,DISPATCH,UNIT_SCADA,1,"2022/10/20 00:10:00",BANGOWF2,46.099870
D,DISPATCH,UNIT_SCADA,1,"2022/10/20 00:10:00",BANN1,0
D,DISPATCH,UNIT_SCADA,1,"2022/10/20 00:10:00",BARCALDN,0
D,DISPATCH,UNIT_SCADA,1,"2022/10/20 00:10:00",BARKIPS1,0
D,DISPATCH,UNIT_SCADA,1,"2022/10/20 00:10:00",BARRON-1,0
D,DISPATCH,UNIT_SCADA,1,"2022/10/20 00:10:00",BARRON-2,0
D,DISPATCH,UNIT_SCADA,1,"2022/10/20 00:10:00",BASTYAN,0
D,DISPATCH,UNIT_SCADA,1,"2022/10/20 00:10:00",BBTHREE1,0
D,DISPATCH,UNIT_SCADA,1,"2022/10/20 00:10:00",BBTHREE2,0
D,DISPATCH,UNIT_SCADA,1,"2022/10/20 00:10:00",BBTHREE3,0
D,DISPATCH,UNIT_SCADA,1,"2022/10/20 00:10:00",BDL01,0
D,DISPATCH,UNIT_SCADA,1,"2022/10/20 00:10:00",BDL02,0
D,DISPATCH,UNIT_SCADA,1,"2022/10/20 00:10:00",BERYLSF1,0
D,DISPATCH,UNIT_SCADA,1,"2022/10/20 00:10:00",BLOWERNG,62.60
D,DISPATCH,UNIT_SCADA,1,"2022/10/20 00:10:00",BLUEGSF1,0
D,DISPATCH,UNIT_SCADA,1,"2022/10/20 00:10:00",BLUFF1,23.60
D,DISPATCH,UNIT_SCADA,1,"2022/10/20 00:10:00",BNGSF1,0
D,DISPATCH,UNIT_SCADA,1,"2022/10/20 00:10:00",BNGSF2,0
D,DISPATCH,UNIT_SCADA,1,"2022/10/20 00:10:00",BOCORWF1,14.79
D,DISPATCH,UNIT_SCADA,1,"2022/10/20 00:10:00",BODWF1,41.841630
D,DISPATCH,UNIT_SCADA,1,"2022/10/20 00:10:00",BOMENSF1,0
D,DISPATCH,UNIT_SCADA,1,"2022/10/20 00:10:00",BOWWBA1G,0
D,DISPATCH,UNIT_SCADA,1,"2022/10/20 00:10:00",BOWWBA1L,0
D,DISPATCH,UNIT_SCADA,1,"2022/10/20 00:10:00",BOWWPV1,0
D,DISPATCH,UNIT_SCADA,1,"2022/10/20 00:10:00",BRAEMAR1,0
D,DISPATCH,UNIT_SCADA,1,"2022/10/20 00:10:00",BRAEMAR2,0
D,DISPATCH,UNIT_SCADA,1,"2022/10/20 00:10:00",BRAEMAR3,0
D,DISPATCH,UNIT_SCADA,1,"2022/10/20 00:10:00",BRAEMAR5,0.292060
D,DISPATCH,UNIT_SCADA,1,"2022/10/20 00:10:00",BRAEMAR6,0
D,DISPATCH,UNIT_SCADA,1,"2022/10/20 00:10:00",BRAEMAR7,157.188170
D,DISPATCH,UNIT_SCADA,1,"2022/10/20 00:10:00",BROKENH1,0
D,DISPATCH,UNIT_SCADA,1,"2022/10/20 00:10:00",BRYB1WF1,74.906540
D,DISPATCH,UNIT_SCADA,1,"2022/10/20 00:10:00",BULBESG1,0
D,DISPATCH,UNIT_SCADA,1,"2022/10/20 00:10:00",BULBESL1,0.03
D,DISPATCH,UNIT_SCADA,1,"2022/10/20 00:10:00",BULGANA1,71.45
D,DISPATCH,UNIT_SCADA,1,"2022/10/20 00:10:00",BW01,469.941250
D,DISPATCH,UNIT_SCADA,1,"2022/10/20 00:10:00",BW02,463.9353
D,DISPATCH,UNIT_SCADA,1,"2022/10/20 00:10:00",BW03,462.690160
D,DISPATCH,UNIT_SCADA,1,"2022/10/20 00:10:00",BW04,0
D,DISPATCH,UNIT_SCADA,1,"2022/10/20 00:10:00",CALL_B_1,318.50
D,DISPATCH,UNIT_SCADA,1,"2022/10/20 00:10:00",CALL_B_2,320.200010
D,DISPATCH,UNIT_SCADA,1,"2022/10/20 00:10:00",CATHROCK,9
D,DISPATCH,UNIT_SCADA,1,"2022/10/20 00:10:00",CBWWBA1G,0
D,DISPATCH,UNIT_SCADA,1,"2022/10/20 00:10:00",CBWWBA1L,0
D,DISPATCH,UNIT_SCADA,1,"2022/10/20 00:10:00",CETHANA,98.1845
D,DISPATCH,UNIT_SCADA,1,"2022/10/20 00:10:00",CG1,0
D,DISPATCH,UNIT_SCADA,1,"2022/10/20 00:10:00",CG2,0
D,DISPATCH,UNIT_SCADA,1,"2022/10/20 00:10:00",CG3,0
D,DISPATCH,UNIT_SCADA,1,"2022/10/20 00:10:00",CG4,0
D,DISPATCH,UNIT_SCADA,1,"2022/10/20 00:10:00",CHILDSF1,0
D,DISPATCH,UNIT_SCADA,1,"2022/10/20 00:10:00",CHYTWF1,19.34
D,DISPATCH,UNIT_SCADA,1,"2022/10/20 00:10:00",CLARESF1,0
D,DISPATCH,UNIT_SCADA,1,"2022/10/20 00:10:00",CLEMGPWF,47.831240
D,DISPATCH,UNIT_SCADA,1,"2022/10/20 00:10:00",CLERMSF1,0
D,DISPATCH,UNIT_SCADA,1,"2022/10/20 00:10:00",CNUNDAWF,19.022190
D,DISPATCH,UNIT_SCADA,1,"2022/10/20 00:10:00",COHUNSF1,0
D,DISPATCH,UNIT_SCADA,1,"2022/10/20 00:10:00",COLEASF1,0
D,DISPATCH,UNIT_SCADA,1,"2022/10/20 00:10:00",COLUMSF1,0
D,DISPATCH,UNIT_SCADA,1,"2022/10/20 00:10:00",COLWF01,129.895480
D,DISPATCH,UNIT_SCADA,1,"2022/10/20 00:10:00",COOPGWF1,347.87
D,DISPATCH,UNIT_SCADA,1,"2022/10/20 00:10:00",CPP_3,359.149990
D,DISPATCH,UNIT_SCADA,1,"2022/10/20 00:10:00",CPP_4,0
D,DISPATCH,UNIT_SCADA,1,"2022/10/20 00:10:00",CPSA,0
D,DISPATCH,UNIT_SCADA,1,"2022/10/20 00:10:00",CROOKWF2,25.383080
D,DISPATCH,UNIT_SCADA,1,"2022/10/20 00:10:00",CROWLWF1,51.075070
D,DISPATCH,UNIT_SCADA,1,"2022/10/20 00:10:00",CRURWF1,39.797280
D,DISPATCH,UNIT_SCADA,1,"2022/10/20 00:10:00",CRWASF1,0
D,DISPATCH,UNIT_SCADA,1,"2022/10/20 00:10:00",CSPVPS1,0
D,DISPATCH,UNIT_SCADA,1,"2022/10/20 00:10:00",CTHLWF1,0.003050
D,DISPATCH,UNIT_SCADA,1,"2022/10/20 00:10:00",DALNTH01,0
D,DISPATCH,UNIT_SCADA,1,"2022/10/20 00:10:00",DALNTHL1,3.923090
D,DISPATCH,UNIT_SCADA,1,"2022/10/20 00:10:00",DARLSF1,0
D,DISPATCH,UNIT_SCADA,1,"2022/10/20 00:10:00",DARTM1,0
D,DISPATCH,UNIT_SCADA,1,"2022/10/20 00:10:00",DAYDSF1,0
D,DISPATCH,UNIT_SCADA,1,"2022/10/20 00:10:00",DDPS1,0
D,DISPATCH,UNIT_SCADA,1,"2022/10/20 00:10:00",DDSF1,0
D,DISPATCH,UNIT_SCADA,1,"2022/10/20 00:10:00",DEVILS_G,54.711140
D,DISPATCH,UNIT_SCADA,1,"2022/10/20 00:10:00",DG_NSW1,0
D,DISPATCH,UNIT_SCADA,1,"2022/10/20 00:10:00",DG_QLD1,0
D,DISPATCH,UNIT_SCADA,1,"2022/10/20 00:10:00",DG_SA1,0
D,DISPATCH,UNIT_SCADA,1,"2022/10/20 00:10:00",DG_TAS1,0
D,DISPATCH,UNIT_SCADA,1,"2022/10/20 00:10:00",DG_VIC1,0
D,DISPATCH,UNIT_SCADA,1,"2022/10/20 00:10:00",DRYCGT1,0
D,DISPATCH,UNIT_SCADA,1,"2022/10/20 00:10:00",DRYCGT2,0
D,DISPATCH,UNIT_SCADA,1,"2022/10/20 00:10:00",DRYCGT3,0
D,DISPATCH,UNIT_SCADA,1,"2022/10/20 00:10:00",DUNDWF1,51.04
D,DISPATCH,UNIT_SCADA,1,"2022/10/20 00:10:00",DUNDWF2,16.25
D,DISPATCH,UNIT_SCADA,1,"2022/10/20 00:10:00",DUNDWF3,35.18
D,DISPATCH,UNIT_SCADA,1,"2022/10/20 00:10:00",EILDON1,59.88
D,DISPATCH,UNIT_SCADA,1,"2022/10/20 00:10:00",EILDON2,60.08
D,DISPATCH,UNIT_SCADA,1,"2022/10/20 00:10:00",ELAINWF1,40.86
D,DISPATCH,UNIT_SCADA,1,"2022/10/20 00:10:00",EMERASF1,0
D,DISPATCH,UNIT_SCADA,1,"2022/10/20 00:10:00",ER01,0
D,DISPATCH,UNIT_SCADA,1,"2022/10/20 00:10:00",ER02,492.329280
D,DISPATCH,UNIT_SCADA,1,"2022/10/20 00:10:00",ER03,489.008940
D,DISPATCH,UNIT_SCADA,1,"2022/10/20 00:10:00",ER04,498.286410
D,DISPATCH,UNIT_SCADA,1,"2022/10/20 00:10:00",FINLYSF1,0
D,DISPATCH,UNIT_SCADA,1,"2022/10/20 00:10:00",FISHER,31.22
D,DISPATCH,UNIT_SCADA,1,"2022/10/20 00:10:00",GANGARR1,0
D,DISPATCH,UNIT_SCADA,1,"2022/10/20 00:10:00",GANNBG1,0
D,DISPATCH,UNIT_SCADA,1,"2022/10/20 00:10:00",GANNBL1,0.457910
D,DISPATCH,UNIT_SCADA,1,"2022/10/20 00:10:00",GANNSF1,0
D,DISPATCH,UNIT_SCADA,1,"2022/10/20 00:10:00",GLRWNSF1,0
D,DISPATCH,UNIT_SCADA,1,"2022/10/20 00:10:00",GNNDHSF1,0
D,DISPATCH,UNIT_SCADA,1,"2022/10/20 00:10:00",GOONSF1,0
D,DISPATCH,UNIT_SCADA,1,"2022/10/20 00:10:00",GORDON,204.449710
D,DISPATCH,UNIT_SCADA,1,"2022/10/20 00:10:00",GRANWF1,0
D,DISPATCH,UNIT_SCADA,1,"2022/10/20 00:10:00",GSTONE1,204.75
D,DISPATCH,UNIT_SCADA,1,"2022/10/20 00:10:00",GSTONE2,0
D,DISPATCH,UNIT_SCADA,1,"2022/10/20 00:10:00",GSTONE3,210.349990
D,DISPATCH,UNIT_SCADA,1,"2022/10/20 00:10:00",GSTONE4,0
D,DISPATCH,UNIT_SCADA,1,"2022/10/20 00:10:00",GSTONE5,211.224990
D,DISPATCH,UNIT_SCADA,1,"2022/10/20 00:10:00",GSTONE6,210.524990
D,DISPATCH,UNIT_SCADA,1,"2022/10/20 00:10:00",GULLRSF1,0
D,DISPATCH,UNIT_SCADA,1,"2022/10/20 00:10:00",GULLRWF1,73.323890
D,DISPATCH,UNIT_SCADA,1,"2022/10/20 00:10:00",GULLRWF2,102.389270
D,DISPATCH,UNIT_SCADA,1,"2022/10/20 00:10:00",GUNNING1,0
D,DISPATCH,UNIT_SCADA,1,"2022/10/20 00:10:00",GUTHEGA,67.80
D,DISPATCH,UNIT_SCADA,1,"2022/10/20 00:10:00",HALLWF1,74.75
D,DISPATCH,UNIT_SCADA,1,"2022/10/20 00:10:00",HALLWF2,52.34
D,DISPATCH,UNIT_SCADA,1,"2022/10/20 00:10:00",HAMISF1,0
D,DISPATCH,UNIT_SCADA,1,"2022/10/20 00:10:00",HAUGHT11,0
D,DISPATCH,UNIT_SCADA,1,"2022/10/20 00:10:00",HAYMSF1,0
D,DISPATCH,UNIT_SCADA,1,"2022/10/20 00:10:00",HDWF1,19.70
D,DISPATCH,UNIT_SCADA,1,"2022/10/20 00:10:00",HDWF2,9.30
D,DISPATCH,UNIT_SCADA,1,"2022/10/20 00:10:00",HDWF3,21.80
D,DISPATCH,UNIT_SCADA,1,"2022/10/20 00:10:00",HILLSTN1,0
D,DISPATCH,UNIT_SCADA,1,"2022/10/20 00:10:00",HPRG1,1.20
D,DISPATCH,UNIT_SCADA,1,"2022/10/20 00:10:00",HPRL1,0
D,DISPATCH,UNIT_SCADA,1,"2022/10/20 00:10:00",HUMENSW,54.988950
D,DISPATCH,UNIT_SCADA,1,"2022/10/20 00:10:00",HUMEV,0
D,DISPATCH,UNIT_SCADA,1,"2022/10/20 00:10:00",HVWWBA1G,0
D,DISPATCH,UNIT_SCADA,1,"2022/10/20 00:10:00",HVWWBA1L,0.0060
D,DISPATCH,UNIT_SCADA,1,"2022/10/20 00:10:00",HVWWPV1,0
D,DISPATCH,UNIT_SCADA,1,"2022/10/20 00:10:00",JBUTTERS,0
D,DISPATCH,UNIT_SCADA,1,"2022/10/20 00:10:00",JEMALNG1,0
D,DISPATCH,UNIT_SCADA,1,"2022/10/20 00:10:00",JLA01,0
D,DISPATCH,UNIT_SCADA,1,"2022/10/20 00:10:00",JLA02,0
D,DISPATCH,UNIT_SCADA,1,"2022/10/20 00:10:00",JLA03,0
D,DISPATCH,UNIT_SCADA,1,"2022/10/20 00:10:00",JLA04,0
D,DISPATCH,UNIT_SCADA,1,"2022/10/20 00:10:00",JLB01,0
D,DISPATCH,UNIT_SCADA,1,"2022/10/20 00:10:00",JLB02,0.10
D,DISPATCH,UNIT_SCADA,1,"2022/10/20 00:10:00",JLB03,0
D,DISPATCH,UNIT_SCADA,1,"2022/10/20 00:10:00",JUNEESF1,0
D,DISPATCH,UNIT_SCADA,1,"2022/10/20 00:10:00",KABANWF1,0.0950
D,DISPATCH,UNIT_SCADA,1,"2022/10/20 00:10:00",KAREEYA1,0
D,DISPATCH,UNIT_SCADA,1,"2022/10/20 00:10:00",KAREEYA2,0
D,DISPATCH,UNIT_SCADA,1,"2022/10/20 00:10:00",KAREEYA3,4.8250
D,DISPATCH,UNIT_SCADA,1,"2022/10/20 00:10:00",KAREEYA4,0
D,DISPATCH,UNIT_SCADA,1,"2022/10/20 00:10:00",KARSF1,0
D,DISPATCH,UNIT_SCADA,1,"2022/10/20 00:10:00",KEPSF1,0
D,DISPATCH,UNIT_SCADA,1,"2022/10/20 00:10:00",KEPWF1,24.54
D,DISPATCH,UNIT_SCADA,1,"2022/10/20 00:10:00",KIAMSF1,0
D,DISPATCH,UNIT_SCADA,1,"2022/10/20 00:10:00",KIATAWF1,30.90
D,DISPATCH,UNIT_SCADA,1,"2022/10/20 00:10:00",KPP_1,0
D,DISPATCH,UNIT_SCADA,1,"2022/10/20 00:10:00",KSP1,0
D,DISPATCH,UNIT_SCADA,1,"2022/10/20 00:10:00",LADBROK1,0.01
D,DISPATCH,UNIT_SCADA,1,"2022/10/20 00:10:00",LADBROK2,37.65
D,DISPATCH,UNIT_SCADA,1,"2022/10/20 00:10:00",LBBG1,0
D,DISPATCH,UNIT_SCADA,1,"2022/10/20 00:10:00",LBBL1,0.15
D,DISPATCH,UNIT_SCADA,1,"2022/10/20 00:10:00",LD01,329.032260
D,DISPATCH,UNIT_SCADA,1,"2022/10/20 00:10:00",LD02,0
D,DISPATCH,UNIT_SCADA,1,"2022/10/20 00:10:00",LD04,330.826750
D,DISPATCH,UNIT_SCADA,1,"2022/10/20 00:10:00",LEM_WIL,86.947450
D,DISPATCH,UNIT_SCADA,1,"2022/10/20 00:10:00",LGAPWF1,49.41
D,DISPATCH,UNIT_SCADA,1,"2022/10/20 00:10:00",LGAPWF2,18.36
D,DISPATCH,UNIT_SCADA,1,"2022/10/20 00:10:00",LILYSF1,0
D,DISPATCH,UNIT_SCADA,1,"2022/10/20 00:10:00",LIMOSF11,0
D,DISPATCH,UNIT_SCADA,1,"2022/10/20 00:10:00",LIMOSF21,0
D,DISPATCH,UNIT_SCADA,1,"2022/10/20 00:10:00",LI_WY_CA,55.925670
D,DISPATCH,UNIT_SCADA,1,"2022/10/20 00:10:00",LKBONNY1,0
D,DISPATCH,UNIT_SCADA,1,"2022/10/20 00:10:00",LKBONNY2,30.442910
D,DISPATCH,UNIT_SCADA,1,"2022/10/20 00:10:00",LKBONNY3,10.382910
D,DISPATCH,UNIT_SCADA,1,"2022/10/20 00:10:00",LK_ECHO,0
D,DISPATCH,UNIT_SCADA,1,"2022/10/20 00:10:00",LNGS1,0
D,DISPATCH,UNIT_SCADA,1,"2022/10/20 00:10:00",LNGS2,0
D,DISPATCH,UNIT_SCADA,1,"2022/10/20 00:10:00",LONSDALE,0
D,DISPATCH,UNIT_SCADA,1,"2022/10/20 00:10:00",LOYYB1,510.1481
D,DISPATCH,UNIT_SCADA,1,"2022/10/20 00:10:00",LOYYB2,506.012660
D,DISPATCH,UNIT_SCADA,1,"2022/10/20 00:10:00",LYA1,558
D,DISPATCH,UNIT_SCADA,1,"2022/10/20 00:10:00",LYA2,0
D,DISPATCH,UNIT_SCADA,1,"2022/10/20 00:10:00",LYA3,556
D,DISPATCH,UNIT_SCADA,1,"2022/10/20 00:10:00",LYA4,555
D,DISPATCH,UNIT_SCADA,1,"2022/10/20 00:10:00",MACARTH1,41.699040
D,DISPATCH,UNIT_SCADA,1,"2022/10/20 00:10:00",MACKNTSH,0
D,DISPATCH,UNIT_SCADA,1,"2022/10/20 00:10:00",MANSLR1,0
D,DISPATCH,UNIT_SCADA,1,"2022/10/20 00:10:00",MAPS2PV1,0
D,DISPATCH,UNIT_SCADA,1,"2022/10/20 00:10:00",MAPS3PV1,0
D,DISPATCH,UNIT_SCADA,1,"2022/10/20 00:10:00",MARYRSF1,0
D,DISPATCH,UNIT_SCADA,1,"2022/10/20 00:10:00",MBPS2PV1,0
D,DISPATCH,UNIT_SCADA,1,"2022/10/20 00:10:00",MCKAY1,0.02
D,DISPATCH,UNIT_SCADA,1,"2022/10/20 00:10:00",MEADOWBK,16.4335
D,DISPATCH,UNIT_SCADA,1,"2022/10/20 00:10:00",MERCER01,37.30
D,DISPATCH,UNIT_SCADA,1,"2022/10/20 00:10:00",METZSF1,0
D,DISPATCH,UNIT_SCADA,1,"2022/10/20 00:10:00",MEWF1,25.349120
D,DISPATCH,UNIT_SCADA,1,"2022/10/20 00:10:00",MIDDLSF1,0
D,DISPATCH,UNIT_SCADA,1,"2022/10/20 00:10:00",MINTARO,0.128180
D,DISPATCH,UNIT_SCADA,1,"2022/10/20 00:10:00",MOLNGSF1,0
D,DISPATCH,UNIT_SCADA,1,"2022/10/20 00:10:00",MOORAWF1,73.15
D,DISPATCH,UNIT_SCADA,1,"2022/10/20 00:10:00",MOREESF1,0
D,DISPATCH,UNIT_SCADA,1,"2022/10/20 00:10:00",MORTLK11,0
D,DISPATCH,UNIT_SCADA,1,"2022/10/20 00:10:00",MORTLK12,0
D,DISPATCH,UNIT_SCADA,1,"2022/10/20 00:10:00",MOUSF1,0
D,DISPATCH,UNIT_SCADA,1,"2022/10/20 00:10:00",MP1,0
D,DISPATCH,UNIT_SCADA,1,"2022/10/20 00:10:00",MP2,313.933010
D,DISPATCH,UNIT_SCADA,1,"2022/10/20 00:10:00",MPP_1,99.8416
D,DISPATCH,UNIT_SCADA,1,"2022/10/20 00:10:00",MPP_2,0
D,DISPATCH,UNIT_SCADA,1,"2022/10/20 00:10:00",MRTLSWF1,0
D,DISPATCH,UNIT_SCADA,1,"2022/10/20 00:10:00",MSTUART1,0
D,DISPATCH,UNIT_SCADA,1,"2022/10/20 00:10:00",MSTUART2,0
D,DISPATCH,UNIT_SCADA,1,"2022/10/20 00:10:00",MSTUART3,0
D,DISPATCH,UNIT_SCADA,1,"2022/10/20 00:10:00",MTGELWF1,1.493880
D,DISPATCH,UNIT_SCADA,1,"2022/10/20 00:10:00",MTMILLAR,12.40
D,DISPATCH,UNIT_SCADA,1,"2022/10/20 00:10:00",MURRAY,62.60
D,DISPATCH,UNIT_SCADA,1,"2022/10/20 00:10:00",MUSSELR1,67.90
D,DISPATCH,UNIT_SCADA,1,"2022/10/20 00:10:00",MUWAWF1,161.92
D,DISPATCH,UNIT_SCADA,1,"2022/10/20 00:10:00",MUWAWF2,182.80
D,DISPATCH,UNIT_SCADA,1,"2022/10/20 00:10:00",MWPS1PV1,0
D,DISPATCH,UNIT_SCADA,1,"2022/10/20 00:10:00",MWPS2PV1,0
D,DISPATCH,UNIT_SCADA,1,"2022/10/20 00:10:00",MWPS3PV1,0
D,DISPATCH,UNIT_SCADA,1,"2022/10/20 00:10:00",MWPS4PV1,0
D,DISPATCH,UNIT_SCADA,1,"2022/10/20 00:10:00",NBHWF1,96.100010
D,DISPATCH,UNIT_SCADA,1,"2022/10/20 00:10:00",NEVERSF1,0
D,DISPATCH,UNIT_SCADA,1,"2022/10/20 00:10:00",NPS,0
D,DISPATCH,UNIT_SCADA,1,"2022/10/20 00:10:00",NUMURSF1,0
D,DISPATCH,UNIT_SCADA,1,"2022/10/20 00:10:00",NYNGAN1,0
D,DISPATCH,UNIT_SCADA,1,"2022/10/20 00:10:00",OAKEY1,0
D,DISPATCH,UNIT_SCADA,1,"2022/10/20 00:10:00",OAKEY1SF,0
D,DISPATCH,UNIT_SCADA,1,"2022/10/20 00:10:00",OAKEY2,0
D,DISPATCH,UNIT_SCADA,1,"2022/10/20 00:10:00",OAKEY2SF,0
D,DISPATCH,UNIT_SCADA,1,"2022/10/20 00:10:00",OAKLAND1,14
D,DISPATCH,UNIT_SCADA,1,"2022/10/20 00:10:00",OSB-AG,0
D,DISPATCH,UNIT_SCADA,1,"2022/10/20 00:10:00",PAREPS1,0.0660
D,DISPATCH,UNIT_SCADA,1,"2022/10/20 00:10:00",PAREPW1,1.13
D,DISPATCH,UNIT_SCADA,1,"2022/10/20 00:10:00",PARSF1,0.001530
D,DISPATCH,UNIT_SCADA,1,"2022/10/20 00:10:00",POAT110,0
D,DISPATCH,UNIT_SCADA,1,"2022/10/20 00:10:00",POAT220,0
D,DISPATCH,UNIT_SCADA,1,"2022/10/20 00:10:00",POR01,0
D,DISPATCH,UNIT_SCADA,1,"2022/10/20 00:10:00",POR03,0
D,DISPATCH,UNIT_SCADA,1,"2022/10/20 00:10:00",PPCCGT,171.538820
D,DISPATCH,UNIT_SCADA,1,"2022/10/20 00:10:00",PTSTAN1,0
D,DISPATCH,UNIT_SCADA,1,"2022/10/20 00:10:00",PUMP1,0
D,DISPATCH,UNIT_SCADA,1,"2022/10/20 00:10:00",PUMP2,0
D,DISPATCH,UNIT_SCADA,1,"2022/10/20 00:10:00",QBYNBG1,0
D,DISPATCH,UNIT_SCADA,1,"2022/10/20 00:10:00",QBYNBL1,0.0035
D,DISPATCH,UNIT_SCADA,1,"2022/10/20 00:10:00",QPS1,0
D,DISPATCH,UNIT_SCADA,1,"2022/10/20 00:10:00",QPS2,0
D,DISPATCH,UNIT_SCADA,1,"2022/10/20 00:10:00",QPS3,0
D,DISPATCH,UNIT_SCADA,1,"2022/10/20 00:10:00",QPS4,0
D,DISPATCH,UNIT_SCADA,1,"2022/10/20 00:10:00",QPS5,74.37
D,DISPATCH,UNIT_SCADA,1,"2022/10/20 00:10:00",REECE1,0
D,DISPATCH,UNIT_SCADA,1,"2022/10/20 00:10:00",REECE2,0
D,DISPATCH,UNIT_SCADA,1,"2022/10/20 00:10:00",ROMA_7,0
D,DISPATCH,UNIT_SCADA,1,"2022/10/20 00:10:00",ROMA_8,0
D,DISPATCH,UNIT_SCADA,1,"2022/10/20 00:10:00",RRSF1,0
D,DISPATCH,UNIT_SCADA,1,"2022/10/20 00:10:00",RT_NSW1,0
D,DISPATCH,UNIT_SCADA,1,"2022/10/20 00:10:00",RT_NSW2,0
D,DISPATCH,UNIT_SCADA,1,"2022/10/20 00:10:00",RT_NSW3,0
D,DISPATCH,UNIT_SCADA,1,"2022/10/20 00:10:00",RT_NSW4,0
D,DISPATCH,UNIT_SCADA,1,"2022/10/20 00:10:00",RT_NSW5,0
D,DISPATCH,UNIT_SCADA,1,"2022/10/20 00:10:00",RT_NSW6,0
D,DISPATCH,UNIT_SCADA,1,"2022/10/20 00:10:00",RT_QLD1,0
D,DISPATCH,UNIT_SCADA,1,"2022/10/20 00:10:00",RT_SA1,0
D,DISPATCH,UNIT_SCADA,1,"2022/10/20 00:10:00",RT_SA2,0
D,DISPATCH,UNIT_SCADA,1,"2022/10/20 00:10:00",RT_SA3,0
D,DISPATCH,UNIT_SCADA,1,"2022/10/20 00:10:00",RT_SA4,0
D,DISPATCH,UNIT_SCADA,1,"2022/10/20 00:10:00",RT_SA5,0
D,DISPATCH,UNIT_SCADA,1,"2022/10/20 00:10:00",RT_SA6,0
D,DISPATCH,UNIT_SCADA,1,"2022/10/20 00:10:00",RT_TAS1,0
D,DISPATCH,UNIT_SCADA,1,"2022/10/20 00:10:00",RT_VIC1,0
D,DISPATCH,UNIT_SCADA,1,"2022/10/20 00:10:00",RT_VIC10,0
D,DISPATCH,UNIT_SCADA,1,"2022/10/20 00:10:00",RT_VIC11,0
D,DISPATCH,UNIT_SCADA,1,"2022/10/20 00:10:00",RT_VIC12,0
D,DISPATCH,UNIT_SCADA,1,"2022/10/20 00:10:00",RT_VIC2,0
D,DISPATCH,UNIT_SCADA,1,"2022/10/20 00:10:00",RT_VIC3,0
D,DISPATCH,UNIT_SCADA,1,"2022/10/20 00:10:00",RT_VIC4,0
D,DISPATCH,UNIT_SCADA,1,"2022/10/20 00:10:00",RT_VIC5,0
D,DISPATCH,UNIT_SCADA,1,"2022/10/20 00:10:00",RT_VIC6,0
D,DISPATCH,UNIT_SCADA,1,"2022/10/20 00:10:00",RT_VIC7,0
D,DISPATCH,UNIT_SCADA,1,"2022/10/20 00:10:00",RT_VIC8,0
D,DISPATCH,UNIT_SCADA,1,"2022/10/20 00:10:00",RT_VIC9,0
D,DISPATCH,UNIT_SCADA,1,"2022/10/20 00:10:00",RUGBYR1,0
D,DISPATCH,UNIT_SCADA,1,"2022/10/20 00:10:00",SALTCRK1,10.76
D,DISPATCH,UNIT_SCADA,1,"2022/10/20 00:10:00",SAPHWF1,216.2829
D,DISPATCH,UNIT_SCADA,1,"2022/10/20 00:10:00",SEBSF1,0
D,DISPATCH,UNIT_SCADA,1,"2022/10/20 00:10:00",SHGEN,0
D,DISPATCH,UNIT_SCADA,1,"2022/10/20 00:10:00",SHPUMP,0
D,DISPATCH,UNIT_SCADA,1,"2022/10/20 00:10:00",SITHE01,0.143810
D,DISPATCH,UNIT_SCADA,1,"2022/10/20 00:10:00",SMCSF1,0
D,DISPATCH,UNIT_SCADA,1,"2022/10/20 00:10:00",SNAPPER1,0
D,DISPATCH,UNIT_SCADA,1,"2022/10/20 00:10:00",SNOWNTH1,133.50
D,DISPATCH,UNIT_SCADA,1,"2022/10/20 00:10:00",SNOWSTH1,107.400010
D,DISPATCH,UNIT_SCADA,1,"2022/10/20 00:10:00",SNOWTWN1,86.938310
D,DISPATCH,UNIT_SCADA,1,"2022/10/20 00:10:00",SNOWYP,0
D,DISPATCH,UNIT_SCADA,1,"2022/10/20 00:10:00",SNUG1,0
D,DISPATCH,UNIT_SCADA,1,"2022/10/20 00:10:00",SRSF1,0
D,DISPATCH,UNIT_SCADA,1,"2022/10/20 00:10:00",STAN-1,278.056550
D,DISPATCH,UNIT_SCADA,1,"2022/10/20 00:10:00",STAN-2,363.743530
D,DISPATCH,UNIT_SCADA,1,"2022/10/20 00:10:00",STAN-3,363.000090
D,DISPATCH,UNIT_SCADA,1,"2022/10/20 00:10:00",STAN-4,363.012910
D,DISPATCH,UNIT_SCADA,1,"2022/10/20 00:10:00",STARHLWF,27.392010
D,DISPATCH,UNIT_SCADA,1,"2022/10/20 00:10:00",STOCKYD1,299.459990
D,DISPATCH,UNIT_SCADA,1,"2022/10/20 00:10:00",STWF1,184.0293
D,DISPATCH,UNIT_SCADA,1,"2022/10/20 00:10:00",SUNRSF1,0
D,DISPATCH,UNIT_SCADA,1,"2022/10/20 00:10:00",SUNTPSF1,0
D,DISPATCH,UNIT_SCADA,1,"2022/10/20 00:10:00",SWAN_E,258.408110
D,DISPATCH,UNIT_SCADA,1,"2022/10/20 00:10:00",TALWA1,0
D,DISPATCH,UNIT_SCADA,1,"2022/10/20 00:10:00",TARALGA1,0
D,DISPATCH,UNIT_SCADA,1,"2022/10/20 00:10:00",TARONG#1,332.899990
D,DISPATCH,UNIT_SCADA,1,"2022/10/20 00:10:00",TARONG#2,332
D,DISPATCH,UNIT_SCADA,1,"2022/10/20 00:10:00",TARONG#3,0.90
D,DISPATCH,UNIT_SCADA,1,"2022/10/20 00:10:00",TARONG#4,208.900010
D,DISPATCH,UNIT_SCADA,1,"2022/10/20 00:10:00",TARRALEA,54
D,DISPATCH,UNIT_SCADA,1,"2022/10/20 00:10:00",TBSF1,0
D,DISPATCH,UNIT_SCADA,1,"2022/10/20 00:10:00",TNPS1,332.50
D,DISPATCH,UNIT_SCADA,1,"2022/10/20 00:10:00",TORRB1,0
D,DISPATCH,UNIT_SCADA,1,"2022/10/20 00:10:00",TORRB2,40
D,DISPATCH,UNIT_SCADA,1,"2022/10/20 00:10:00",TORRB3,0
D,DISPATCH,UNIT_SCADA,1,"2022/10/20 00:10:00",TORRB4,0
D,DISPATCH,UNIT_SCADA,1,"2022/10/20 00:10:00",TREVALLN,100.082120
D,DISPATCH,UNIT_SCADA,1,"2022/10/20 00:10:00",TRIBUTE,0
D,DISPATCH,UNIT_SCADA,1,"2022/10/20 00:10:00",TUMUT3,0
D,DISPATCH,UNIT_SCADA,1,"2022/10/20 00:10:00",TUNGATIN,3.100020
D,DISPATCH,UNIT_SCADA,1,"2022/10/20 00:10:00",TVCC201,0
D,DISPATCH,UNIT_SCADA,1,"2022/10/20 00:10:00",TVPP104,0
D,DISPATCH,UNIT_SCADA,1,"2022/10/20 00:10:00",UPPTUMUT,0
D,DISPATCH,UNIT_SCADA,1,"2022/10/20 00:10:00",URANQ11,0
D,DISPATCH,UNIT_SCADA,1,"2022/10/20 00:10:00",URANQ12,0
D,DISPATCH,UNIT_SCADA,1,"2022/10/20 00:10:00",URANQ13,0
D,DISPATCH,UNIT_SCADA,1,"2022/10/20 00:10:00",URANQ14,0
D,DISPATCH,UNIT_SCADA,1,"2022/10/20 00:10:00",VBBG1,0
D,DISPATCH,UNIT_SCADA,1,"2022/10/20 00:10:00",VBBL1,80.70
D,DISPATCH,UNIT_SCADA,1,"2022/10/20 00:10:00",VP5,623.090330
D,DISPATCH,UNIT_SCADA,1,"2022/10/20 00:10:00",VP6,644.648560
D,DISPATCH,UNIT_SCADA,1,"2022/10/20 00:10:00",VPGS1,0
D,DISPATCH,UNIT_SCADA,1,"2022/10/20 00:10:00",VPGS2,0
D,DISPATCH,UNIT_SCADA,1,"2022/10/20 00:10:00",VPGS3,0
D,DISPATCH,UNIT_SCADA,1,"2022/10/20 00:10:00",VPGS4,0
D,DISPATCH,UNIT_SCADA,1,"2022/10/20 00:10:00",VPGS5,0
D,DISPATCH,UNIT_SCADA,1,"2022/10/20 00:10:00",VPGS6,0
D,DISPATCH,UNIT_SCADA,1,"2022/10/20 00:10:00",W/HOE#1,0
D,DISPATCH,UNIT_SCADA,1,"2022/10/20 00:10:00",W/HOE#2,0
D,DISPATCH,UNIT_SCADA,1,"2022/10/20 00:10:00",WAGGNSF1,0
D,DISPATCH,UNIT_SCADA,1,"2022/10/20 00:10:00",WALGRVG1,0.000930
D,DISPATCH,UNIT_SCADA,1,"2022/10/20 00:10:00",WALGRVL1,0
D,DISPATCH,UNIT_SCADA,1,"2022/10/20 00:10:00",WANDBG1,0
D,DISPATCH,UNIT_SCADA,1,"2022/10/20 00:10:00",WANDBL1,0
D,DISPATCH,UNIT_SCADA,1,"2022/10/20 00:10:00",WARWSF1,0
D,DISPATCH,UNIT_SCADA,1,"2022/10/20 00:10:00",WARWSF2,0
D,DISPATCH,UNIT_SCADA,1,"2022/10/20 00:10:00",WATERLWF,72.40
D,DISPATCH,UNIT_SCADA,1,"2022/10/20 00:10:00",WDGPH1,0
D,DISPATCH,UNIT_SCADA,1,"2022/10/20 00:10:00",WELLSF1,0
D,DISPATCH,UNIT_SCADA,1,"2022/10/20 00:10:00",WEMENSF1,0
D,DISPATCH,UNIT_SCADA,1,"2022/10/20 00:10:00",WGWF1,81.90
D,DISPATCH,UNIT_SCADA,1,"2022/10/20 00:10:00",WHITSF1,0
D,DISPATCH,UNIT_SCADA,1,"2022/10/20 00:10:00",WINTSF1,0
D,DISPATCH,UNIT_SCADA,1,"2022/10/20 00:10:00",WKIEWA1,33.90
D,DISPATCH,UNIT_SCADA,1,"2022/10/20 00:10:00",WKIEWA2,34
D,DISPATCH,UNIT_SCADA,1,"2022/10/20 00:10:00",WOODLWN1,22.654150
D,DISPATCH,UNIT_SCADA,1,"2022/10/20 00:10:00",WOOLGSF1,0
D,DISPATCH,UNIT_SCADA,1,"2022/10/20 00:10:00",WPWF,57.05
D,DISPATCH,UNIT_SCADA,1,"2022/10/20 00:10:00",WRSF1,0
D,DISPATCH,UNIT_SCADA,1,"2022/10/20 00:10:00",WRWF1,87.675290
D,DISPATCH,UNIT_SCADA,1,"2022/10/20 00:10:00",WSTWYSF1,0
D,DISPATCH,UNIT_SCADA,1,"2022/10/20 00:10:00",YABULU,0
D,DISPATCH,UNIT_SCADA,1,"2022/10/20 00:10:00",YABULU2,0
D,DISPATCH,UNIT_SCADA,1,"2022/10/20 00:10:00",YARANSF1,0
D,DISPATCH,UNIT_SCADA,1,"2022/10/20 00:10:00",YARWUN_1,159.14
D,DISPATCH,UNIT_SCADA,1,"2022/10/20 00:10:00",YATSF1,0
D,DISPATCH,UNIT_SCADA,1,"2022/10/20 00:10:00",YENDWF1,55.29
D,DISPATCH,UNIT_SCADA,1,"2022/10/20 00:10:00",YWPS1,364.410130
D,DISPATCH,UNIT_SCADA,1,"2022/10/20 00:10:00",YWPS2,361.653170
D,DISPATCH,UNIT_SCADA,1,"2022/10/20 00:10:00",YWPS3,358.259490
D,DISPATCH,UNIT_SCADA,1,"2022/10/20 00:10:00",YWPS4,0
C,"END OF REPORT",419
