C,NEMP.WORLD,DISPATCHSCADA,AEMO,PUBLIC,2022/10/20,11:45:11,0000000373251670,DISPATCHSCADA,0000000373251664
I,DISPATCH,UNIT_SCADA,1,SETTLEMENTDATE,DUID,SCADAVALUE
D,DISPATCH,UNIT_SCADA,1,"2022/10/20 11:50:00",BARCSF1,10.80
D,DISPATCH,UNIT_SCADA,1,"2022/10/20 11:50:00",BUTLERSG,8.699999
D,DISPATCH,UNIT_SCADA,1,"2022/10/20 11:50:00",CAPTL_WF,32.375496
D,DISPATCH,UNIT_SCADA,1,"2022/10/20 11:50:00",CHALLHWF,2.80
D,DISPATCH,UNIT_SCADA,1,"2022/10/20 11:50:00",CLOVER,10.74
D,DISPATCH,UNIT_SCADA,1,"2022/10/20 11:50:00",CLUNY,5.196155
D,DISPATCH,UNIT_SCADA,1,"2022/10/20 11:50:00",CULLRGWF,-0.01
D,DISPATCH,UNIT_SCADA,1,"2022/10/20 11:50:00",DIAPURWF1,3.40
D,DISPATCH,UNIT_SCADA,1,"2022/10/20 11:50:00",ERGT01,0
D,DISPATCH,UNIT_SCADA,1,"2022/10/20 11:50:00",GB01,0
D,DISPATCH,UNIT_SCADA,1,"2022/10/20 11:50:00",GERMCRK,18.10
D,DISPATCH,UNIT_SCADA,1,"2022/10/20 11:50:00",GRIFSF1,8.198672
D,DISPATCH,UNIT_SCADA,1,"2022/10/20 11:50:00",HEZ1,0
D,DISPATCH,UNIT_SCADA,1,"2022/10/20 11:50:00",HUGSF1,14.2630
D,DISPATCH,UNIT_SCADA,1,"2022/10/20 11:50:00",KEPBG1,0.01
D,DISPATCH,UNIT_SCADA,1,"2022/10/20 11:50:00",LRSF1,12.834001
D,DISPATCH,UNIT_SCADA,1,"2022/10/20 11:50:00",MBAHNTH,48.356247
D,DISPATCH,UNIT_SCADA,1,"2022/10/20 11:50:00",MLSP1,4.302001
D,DISPATCH,UNIT_SCADA,1,"2022/10/20 11:50:00",MLWF1,5.3250
D,DISPATCH,UNIT_SCADA,1,"2022/10/20 11:50:00",PALOONA,29.969999
D,DISPATCH,UNIT_SCADA,1,"2022/10/20 11:50:00",PIONEER,41.50
D,DISPATCH,UNIT_SCADA,1,"2022/10/20 11:50:00",PORTWF,91.199997
D,DISPATCH,UNIT_SCADA,1,"2022/10/20 11:50:00",REPULSE,9.441672
D,DISPATCH,UNIT_SCADA,1,"2022/10/20 11:50:00",ROWALLAN,8.8750
D,DISPATCH,UNIT_SCADA,1,"2022/10/20 11:50:00",ROYALLA1,3.663003
D,DISPATCH,UNIT_SCADA,1,"2022/10/20 11:50:00",RPCG,-1.80
D,DISPATCH,UNIT_SCADA,1,"2022/10/20 11:50:00",RUBICON,0
D,DISPATCH,UNIT_SCADA,1,"2022/10/20 11:50:00",WAUBRAWF,10.1630
D,DISPATCH,UNIT_SCADA,1,"2022/10/20 11:50:00",WOOLNTH1,12.73
D,DISPATCH,UNIT_SCADA,1,"2022/10/20 11:50:00",YAMBUKWF,6.50
D,DISPATCH,UNIT_SCADA,1,"2022/10/20 11:50:00",YSWF1,2.10
D,DISPATCH,UNIT_SCADA,1,"2022/10/20 11:50:00",ADPBA1G,0.0080
D,DISPATCH,UNIT_SCADA,1,"2022/10/20 11:50:00",ADPBA1L,0
D,DISPATCH,UNIT_SCADA,1,"2022/10/20 11:50:00",ADPPV1,0.0660
D,DISPATCH,UNIT_SCADA,1,"2022/10/20 11:50:00",AGLHAL,0
D,DISPATCH,UNIT_SCADA,1,"2022/10/20 11:50:00",AGLSOM,0
D,DISPATCH,UNIT_SCADA,1,"2022/10/20 11:50:00",ANGAST1,0
D,DISPATCH,UNIT_SCADA,1,"2022/10/20 11:50:00",ARWF1,11.90
D,DISPATCH,UNIT_SCADA,1,"2022/10/20 11:50:00",BALBG1,0
D,DISPATCH,UNIT_SCADA,1,"2022/10/20 11:50:00",BALBL1,0
D,DISPATCH,UNIT_SCADA,1,"2022/10/20 11:50:00",BALDHWF1,16.9720
D,DISPATCH,UNIT_SCADA,1,"2022/10/20 11:50:00",BANGOWF1,35.896550
D,DISPATCH,UNIT_SCADA,1,"2022/10/20 11:50:00",BANGOWF2,45.399480
D,DISPATCH,UNIT_SCADA,1,"2022/10/20 11:50:00",BANN1,19.18
D,DISPATCH,UNIT_SCADA,1,"2022/10/20 11:50:00",BARCALDN,0
D,DISPATCH,UNIT_SCADA,1,"2022/10/20 11:50:00",BARKIPS1,0
D,DISPATCH,UNIT_SCADA,1,"2022/10/20 11:50:00",BARRON-1,0
D,DISPATCH,UNIT_SCADA,1,"2022/10/20 11:50:00",BARRON-2,0
D,DISPATCH,UNIT_SCADA,1,"2022/10/20 11:50:00",BASTYAN,54.84
D,DISPATCH,UNIT_SCADA,1,"2022/10/20 11:50:00",BBTHREE1,0
D,DISPATCH,UNIT_SCADA,1,"2022/10/20 11:50:00",BBTHREE2,22.63
D,DISPATCH,UNIT_SCADA,1,"2022/10/20 11:50:00",BBTHREE3,-1
D,DISPATCH,UNIT_SCADA,1,"2022/10/20 11:50:00",BDL01,0
D,DISPATCH,UNIT_SCADA,1,"2022/10/20 11:50:00",BDL02,0
D,DISPATCH,UNIT_SCADA,1,"2022/10/20 11:50:00",BERYLSF1,38.300710
D,DISPATCH,UNIT_SCADA,1,"2022/10/20 11:50:00",BLOWERNG,62.50
D,DISPATCH,UNIT_SCADA,1,"2022/10/20 11:50:00",BLUEGSF1,54.650880
D,DISPATCH,UNIT_SCADA,1,"2022/10/20 11:50:00",BLUFF1,9.70
D,DISPATCH,UNIT_SCADA,1,"2022/10/20 11:50:00",BNGSF1,86.88
D,DISPATCH,UNIT_SCADA,1,"2022/10/20 11:50:00",BNGSF2,77.50
D,DISPATCH,UNIT_SCADA,1,"2022/10/20 11:50:00",BOCORWF1,11.33
D,DISPATCH,UNIT_SCADA,1,"2022/10/20 11:50:00",BODWF1,102.181140
D,DISPATCH,UNIT_SCADA,1,"2022/10/20 11:50:00",BOMENSF1,30.712750
D,DISPATCH,UNIT_SCADA,1,"2022/10/20 11:50:00",BOWWBA1G,0
D,DISPATCH,UNIT_SCADA,1,"2022/10/20 11:50:00",BOWWBA1L,0
D,DISPATCH,UNIT_SCADA,1,"2022/10/20 11:50:00",BOWWPV1,0.0010
D,DISPATCH,UNIT_SCADA,1,"2022/10/20 11:50:00",BRAEMAR1,0
D,DISPATCH,UNIT_SCADA,1,"2022/10/20 11:50:00",BRAEMAR2,0
D,DISPATCH,UNIT_SCADA,1,"2022/10/20 11:50:00",BRAEMAR3,0
D,DISPATCH,UNIT_SCADA,1,"2022/10/20 11:50:00",BRAEMAR5,0.292060
D,DISPATCH,UNIT_SCADA,1,"2022/10/20 11:50:00",BRAEMAR6,0
D,DISPATCH,UNIT_SCADA,1,"2022/10/20 11:50:00",BRAEMAR7,0.130920
D,DISPATCH,UNIT_SCADA,1,"2022/10/20 11:50:00",BROKENH1,24.199630
D,DISPATCH,UNIT_SCADA,1,"2022/10/20 11:50:00",BRYB1WF1,107.396050
D,DISPATCH,UNIT_SCADA,1,"2022/10/20 11:50:00",BULBESG1,0
D,DISPATCH,UNIT_SCADA,1,"2022/10/20 11:50:00",BULBESL1,1.83
D,DISPATCH,UNIT_SCADA,1,"2022/10/20 11:50:00",BULGANA1,0.52
D,DISPATCH,UNIT_SCADA,1,"2022/10/20 11:50:00",BW01,660.520320
D,DISPATCH,UNIT_SCADA,1,"2022/10/20 11:50:00",BW02,621.7746
D,DISPATCH,UNIT_SCADA,1,"2022/10/20 11:50:00",BW03,438.300140
D,DISPATCH,UNIT_SCADA,1,"2022/10/20 11:50:00",BW04,0
D,DISPATCH,UNIT_SCADA,1,"2022/10/20 11:50:00",CALL_B_1,320.399990
D,DISPATCH,UNIT_SCADA,1,"2022/10/20 11:50:00",CALL_B_2,320.300020
D,DISPATCH,UNIT_SCADA,1,"2022/10/20 11:50:00",CATHROCK,0
D,DISPATCH,UNIT_SCADA,1,"2022/10/20 11:50:00",CBWWBA1G,0
D,DISPATCH,UNIT_SCADA,1,"2022/10/20 11:50:00",CBWWBA1L,0
D,DISPATCH,UNIT_SCADA,1,"2022/10/20 11:50:00",CETHANA,17.772380
D,DISPATCH,UNIT_SCADA,1,"2022/10/20 11:50:00",CG1,0
D,DISPATCH,UNIT_SCADA,1,"2022/10/20 11:50:00",CG2,0
D,DISPATCH,UNIT_SCADA,1,"2022/10/20 11:50:00",CG3,0
D,DISPATCH,UNIT_SCADA,1,"2022/10/20 11:50:00",CG4,0
D,DISPATCH,UNIT_SCADA,1,"2022/10/20 11:50:00",CHILDSF1,19.51
D,DISPATCH,UNIT_SCADA,1,"2022/10/20 11:50:00",CHYTWF1,3.34
D,DISPATCH,UNIT_SCADA,1,"2022/10/20 11:50:00",CLARESF1,29.789180
D,DISPATCH,UNIT_SCADA,1,"2022/10/20 11:50:00",CLEMGPWF,9.148450
D,DISPATCH,UNIT_SCADA,1,"2022/10/20 11:50:00",CLERMSF1,42.51
D,DISPATCH,UNIT_SCADA,1,"2022/10/20 11:50:00",CNUNDAWF,0
D,DISPATCH,UNIT_SCADA,1,"2022/10/20 11:50:00",COHUNSF1,7.46
D,DISPATCH,UNIT_SCADA,1,"2022/10/20 11:50:00",COLEASF1,32.200730
D,DISPATCH,UNIT_SCADA,1,"2022/10/20 11:50:00",COLUMSF1,16.0570
D,DISPATCH,UNIT_SCADA,1,"2022/10/20 11:50:00",COLWF01,111.972230
D,DISPATCH,UNIT_SCADA,1,"2022/10/20 11:50:00",COOPGWF1,120.95
D,DISPATCH,UNIT_SCADA,1,"2022/10/20 11:50:00",CPP_3,281.325010
D,DISPATCH,UNIT_SCADA,1,"2022/10/20 11:50:00",CPP_4,0
D,DISPATCH,UNIT_SCADA,1,"2022/10/20 11:50:00",CPSA,0
D,DISPATCH,UNIT_SCADA,1,"2022/10/20 11:50:00",CROOKWF2,39.475090
D,DISPATCH,UNIT_SCADA,1,"2022/10/20 11:50:00",CROWLWF1,5.9991
D,DISPATCH,UNIT_SCADA,1,"2022/10/20 11:50:00",CRURWF1,58.896090
D,DISPATCH,UNIT_SCADA,1,"2022/10/20 11:50:00",CRWASF1,24.863740
D,DISPATCH,UNIT_SCADA,1,"2022/10/20 11:50:00",CSPVPS1,0.1250
D,DISPATCH,UNIT_SCADA,1,"2022/10/20 11:50:00",CTHLWF1,0.003050
D,DISPATCH,UNIT_SCADA,1,"2022/10/20 11:50:00",DALNTH01,0.074770
D,DISPATCH,UNIT_SCADA,1,"2022/10/20 11:50:00",DALNTHL1,0
D,DISPATCH,UNIT_SCADA,1,"2022/10/20 11:50:00",DARLSF1,71.144330
D,DISPATCH,UNIT_SCADA,1,"2022/10/20 11:50:00",DARTM1,0
D,DISPATCH,UNIT_SCADA,1,"2022/10/20 11:50:00",DAYDSF1,0
D,DISPATCH,UNIT_SCADA,1,"2022/10/20 11:50:00",DDPS1,0
D,DISPATCH,UNIT_SCADA,1,"2022/10/20 11:50:00",DDSF1,48.699390
D,DISPATCH,UNIT_SCADA,1,"2022/10/20 11:50:00",DEVILS_G,50.189520
D,DISPATCH,UNIT_SCADA,1,"2022/10/20 11:50:00",DG_NSW1,0
D,DISPATCH,UNIT_SCADA,1,"2022/10/20 11:50:00",DG_QLD1,0
D,DISPATCH,UNIT_SCADA,1,"2022/10/20 11:50:00",DG_SA1,0
D,DISPATCH,UNIT_SCADA,1,"2022/10/20 11:50:00",DG_TAS1,0
D,DISPATCH,UNIT_SCADA,1,"2022/10/20 11:50:00",DG_VIC1,0
D,DISPATCH,UNIT_SCADA,1,"2022/10/20 11:50:00",DRYCGT1,0
D,DISPATCH,UNIT_SCADA,1,"2022/10/20 11:50:00",DRYCGT2,0
D,DISPATCH,UNIT_SCADA,1,"2022/10/20 11:50:00",DRYCGT3,0
D,DISPATCH,UNIT_SCADA,1,"2022/10/20 11:50:00",DUNDWF1,54.14
D,DISPATCH,UNIT_SCADA,1,"2022/10/20 11:50:00",DUNDWF2,12.92
D,DISPATCH,UNIT_SCADA,1,"2022/10/20 11:50:00",DUNDWF3,43.59
D,DISPATCH,UNIT_SCADA,1,"2022/10/20 11:50:00",EILDON1,59.92
D,DISPATCH,UNIT_SCADA,1,"2022/10/20 11:50:00",EILDON2,60.04
D,DISPATCH,UNIT_SCADA,1,"2022/10/20 11:50:00",ELAINWF1,25.36
D,DISPATCH,UNIT_SCADA,1,"2022/10/20 11:50:00",EMERASF1,0
D,DISPATCH,UNIT_SCADA,1,"2022/10/20 11:50:00",ER01,0
D,DISPATCH,UNIT_SCADA,1,"2022/10/20 11:50:00",ER02,307.389950
D,DISPATCH,UNIT_SCADA,1,"2022/10/20 11:50:00",ER03,411.639590
D,DISPATCH,UNIT_SCADA,1,"2022/10/20 11:50:00",ER04,412.201110
D,DISPATCH,UNIT_SCADA,1,"2022/10/20 11:50:00",FINLYSF1,110.032810
D,DISPATCH,UNIT_SCADA,1,"2022/10/20 11:50:00",FISHER,43.93
D,DISPATCH,UNIT_SCADA,1,"2022/10/20 11:50:00",GANGARR1,44.9320
D,DISPATCH,UNIT_SCADA,1,"2022/10/20 11:50:00",GANNBG1,0
D,DISPATCH,UNIT_SCADA,1,"2022/10/20 11:50:00",GANNBL1,3.195530
D,DISPATCH,UNIT_SCADA,1,"2022/10/20 11:50:00",GANNSF1,25.90
D,DISPATCH,UNIT_SCADA,1,"2022/10/20 11:50:00",GLRWNSF1,110.06
D,DISPATCH,UNIT_SCADA,1,"2022/10/20 11:50:00",GNNDHSF1,55.367590
D,DISPATCH,UNIT_SCADA,1,"2022/10/20 11:50:00",GOONSF1,31.891360
D,DISPATCH,UNIT_SCADA,1,"2022/10/20 11:50:00",GORDON,198.199740
D,DISPATCH,UNIT_SCADA,1,"2022/10/20 11:50:00",GRANWF1,0
D,DISPATCH,UNIT_SCADA,1,"2022/10/20 11:50:00",GSTONE1,203.1750
D,DISPATCH,UNIT_SCADA,1,"2022/10/20 11:50:00",GSTONE2,0
D,DISPATCH,UNIT_SCADA,1,"2022/10/20 11:50:00",GSTONE3,200.724990
D,DISPATCH,UNIT_SCADA,1,"2022/10/20 11:50:00",GSTONE4,0
D,DISPATCH,UNIT_SCADA,1,"2022/10/20 11:50:00",GSTONE5,202.649990
D,DISPATCH,UNIT_SCADA,1,"2022/10/20 11:50:00",GSTONE6,202.30
D,DISPATCH,UNIT_SCADA,1,"2022/10/20 11:50:00",GULLRSF1,2.384960
D,DISPATCH,UNIT_SCADA,1,"2022/10/20 11:50:00",GULLRWF1,59.1041
D,DISPATCH,UNIT_SCADA,1,"2022/10/20 11:50:00",GULLRWF2,89.135150
D,DISPATCH,UNIT_SCADA,1,"2022/10/20 11:50:00",GUNNING1,0
D,DISPATCH,UNIT_SCADA,1,"2022/10/20 11:50:00",GUTHEGA,68.100010
D,DISPATCH,UNIT_SCADA,1,"2022/10/20 11:50:00",HALLWF1,9.81
D,DISPATCH,UNIT_SCADA,1,"2022/10/20 11:50:00",HALLWF2,9.47
D,DISPATCH,UNIT_SCADA,1,"2022/10/20 11:50:00",HAMISF1,0
D,DISPATCH,UNIT_SCADA,1,"2022/10/20 11:50:00",HAUGHT11,25.880580
D,DISPATCH,UNIT_SCADA,1,"2022/10/20 11:50:00",HAYMSF1,0
D,DISPATCH,UNIT_SCADA,1,"2022/10/20 11:50:00",HDWF1,74.60
D,DISPATCH,UNIT_SCADA,1,"2022/10/20 11:50:00",HDWF2,73.10
D,DISPATCH,UNIT_SCADA,1,"2022/10/20 11:50:00",HDWF3,95.20
D,DISPATCH,UNIT_SCADA,1,"2022/10/20 11:50:00",HILLSTN1,54.585340
D,DISPATCH,UNIT_SCADA,1,"2022/10/20 11:50:00",HPRG1,22.60
D,DISPATCH,UNIT_SCADA,1,"2022/10/20 11:50:00",HPRL1,0
D,DISPATCH,UNIT_SCADA,1,"2022/10/20 11:50:00",HUMENSW,54.346020
D,DISPATCH,UNIT_SCADA,1,"2022/10/20 11:50:00",HUMEV,0
D,DISPATCH,UNIT_SCADA,1,"2022/10/20 11:50:00",HVWWBA1G,0
D,DISPATCH,UNIT_SCADA,1,"2022/10/20 11:50:00",HVWWBA1L,0.0070
D,DISPATCH,UNIT_SCADA,1,"2022/10/20 11:50:00",HVWWPV1,0.0190
D,DISPATCH,UNIT_SCADA,1,"2022/10/20 11:50:00",JBUTTERS,0
D,DISPATCH,UNIT_SCADA,1,"2022/10/20 11:50:00",JEMALNG1,4.24
D,DISPATCH,UNIT_SCADA,1,"2022/10/20 11:50:00",JLA01,0
D,DISPATCH,UNIT_SCADA,1,"2022/10/20 11:50:00",JLA02,0
D,DISPATCH,UNIT_SCADA,1,"2022/10/20 11:50:00",JLA03,0
D,DISPATCH,UNIT_SCADA,1,"2022/10/20 11:50:00",JLA04,0
D,DISPATCH,UNIT_SCADA,1,"2022/10/20 11:50:00",JLB01,0
D,DISPATCH,UNIT_SCADA,1,"2022/10/20 11:50:00",JLB02,0.10
D,DISPATCH,UNIT_SCADA,1,"2022/10/20 11:50:00",JLB03,0
D,DISPATCH,UNIT_SCADA,1,"2022/10/20 11:50:00",JUNEESF1,14.213630
D,DISPATCH,UNIT_SCADA,1,"2022/10/20 11:50:00",KABANWF1,0
D,DISPATCH,UNIT_SCADA,1,"2022/10/20 11:50:00",KAREEYA1,0
D,DISPATCH,UNIT_SCADA,1,"2022/10/20 11:50:00",KAREEYA2,0
D,DISPATCH,UNIT_SCADA,1,"2022/10/20 11:50:00",KAREEYA3,4.9650
D,DISPATCH,UNIT_SCADA,1,"2022/10/20 11:50:00",KAREEYA4,0
D,DISPATCH,UNIT_SCADA,1,"2022/10/20 11:50:00",KARSF1,21.20
D,DISPATCH,UNIT_SCADA,1,"2022/10/20 11:50:00",KEPSF1,12.07
D,DISPATCH,UNIT_SCADA,1,"2022/10/20 11:50:00",KEPWF1,11.66
D,DISPATCH,UNIT_SCADA,1,"2022/10/20 11:50:00",KIAMSF1,22.220950
D,DISPATCH,UNIT_SCADA,1,"2022/10/20 11:50:00",KIATAWF1,6.20
D,DISPATCH,UNIT_SCADA,1,"2022/10/20 11:50:00",KPP_1,0
D,DISPATCH,UNIT_SCADA,1,"2022/10/20 11:50:00",KSP1,45.93
D,DISPATCH,UNIT_SCADA,1,"2022/10/20 11:50:00",LADBROK1,0.01
D,DISPATCH,UNIT_SCADA,1,"2022/10/20 11:50:00",LADBROK2,0.02
D,DISPATCH,UNIT_SCADA,1,"2022/10/20 11:50:00",LBBG1,6.45
D,DISPATCH,UNIT_SCADA,1,"2022/10/20 11:50:00",LBBL1,0
D,DISPATCH,UNIT_SCADA,1,"2022/10/20 11:50:00",LD01,283.712280
D,DISPATCH,UNIT_SCADA,1,"2022/10/20 11:50:00",LD02,0
D,DISPATCH,UNIT_SCADA,1,"2022/10/20 11:50:00",LD04,281.826230
D,DISPATCH,UNIT_SCADA,1,"2022/10/20 11:50:00",LEM_WIL,22.0606
D,DISPATCH,UNIT_SCADA,1,"2022/10/20 11:50:00",LGAPWF1,20.20
D,DISPATCH,UNIT_SCADA,1,"2022/10/20 11:50:00",LGAPWF2,15.01
D,DISPATCH,UNIT_SCADA,1,"2022/10/20 11:50:00",LILYSF1,28.573690
D,DISPATCH,UNIT_SCADA,1,"2022/10/20 11:50:00",LIMOSF11,82.032960
D,DISPATCH,UNIT_SCADA,1,"2022/10/20 11:50:00",LIMOSF21,19.869660
D,DISPATCH,UNIT_SCADA,1,"2022/10/20 11:50:00",LI_WY_CA,56.026540
D,DISPATCH,UNIT_SCADA,1,"2022/10/20 11:50:00",LKBONNY1,0
D,DISPATCH,UNIT_SCADA,1,"2022/10/20 11:50:00",LKBONNY2,0
D,DISPATCH,UNIT_SCADA,1,"2022/10/20 11:50:00",LKBONNY3,0
D,DISPATCH,UNIT_SCADA,1,"2022/10/20 11:50:00",LK_ECHO,0
D,DISPATCH,UNIT_SCADA,1,"2022/10/20 11:50:00",LNGS1,0
D,DISPATCH,UNIT_SCADA,1,"2022/10/20 11:50:00",LNGS2,0
D,DISPATCH,UNIT_SCADA,1,"2022/10/20 11:50:00",LONSDALE,0
D,DISPATCH,UNIT_SCADA,1,"2022/10/20 11:50:00",LOYYB1,416.912660
D,DISPATCH,UNIT_SCADA,1,"2022/10/20 11:50:00",LOYYB2,418.0405
D,DISPATCH,UNIT_SCADA,1,"2022/10/20 11:50:00",LYA1,352
D,DISPATCH,UNIT_SCADA,1,"2022/10/20 11:50:00",LYA2,0
D,DISPATCH,UNIT_SCADA,1,"2022/10/20 11:50:00",LYA3,352
D,DISPATCH,UNIT_SCADA,1,"2022/10/20 11:50:00",LYA4,352
D,DISPATCH,UNIT_SCADA,1,"2022/10/20 11:50:00",MACARTH1,71.298360
D,DISPATCH,UNIT_SCADA,1,"2022/10/20 11:50:00",MACKNTSH,0
D,DISPATCH,UNIT_SCADA,1,"2022/10/20 11:50:00",MANSLR1,14.6340
D,DISPATCH,UNIT_SCADA,1,"2022/10/20 11:50:00",MAPS2PV1,0
D,DISPATCH,UNIT_SCADA,1,"2022/10/20 11:50:00",MAPS3PV1,0
D,DISPATCH,UNIT_SCADA,1,"2022/10/20 11:50:00",MARYRSF1,14.83
D,DISPATCH,UNIT_SCADA,1,"2022/10/20 11:50:00",MBPS2PV1,0
D,DISPATCH,UNIT_SCADA,1,"2022/10/20 11:50:00",MCKAY1,0.02
D,DISPATCH,UNIT_SCADA,1,"2022/10/20 11:50:00",MEADOWBK,6.1447
D,DISPATCH,UNIT_SCADA,1,"2022/10/20 11:50:00",MERCER01,33.70
D,DISPATCH,UNIT_SCADA,1,"2022/10/20 11:50:00",METZSF1,27.640540
D,DISPATCH,UNIT_SCADA,1,"2022/10/20 11:50:00",MEWF1,4
D,DISPATCH,UNIT_SCADA,1,"2022/10/20 11:50:00",MIDDLSF1,8.89
D,DISPATCH,UNIT_SCADA,1,"2022/10/20 11:50:00",MINTARO,0.128180
D,DISPATCH,UNIT_SCADA,1,"2022/10/20 11:50:00",MOLNGSF1,0
D,DISPATCH,UNIT_SCADA,1,"2022/10/20 11:50:00",MOORAWF1,87.65
D,DISPATCH,UNIT_SCADA,1,"2022/10/20 11:50:00",MOREESF1,7.1020
D,DISPATCH,UNIT_SCADA,1,"2022/10/20 11:50:00",MORTLK11,0
D,DISPATCH,UNIT_SCADA,1,"2022/10/20 11:50:00",MORTLK12,0
D,DISPATCH,UNIT_SCADA,1,"2022/10/20 11:50:00",MOUSF1,0
D,DISPATCH,UNIT_SCADA,1,"2022/10/20 11:50:00",MP1,0
D,DISPATCH,UNIT_SCADA,1,"2022/10/20 11:50:00",MP2,358.660250
D,DISPATCH,UNIT_SCADA,1,"2022/10/20 11:50:00",MPP_1,166.707860
D,DISPATCH,UNIT_SCADA,1,"2022/10/20 11:50:00",MPP_2,174.474840
D,DISPATCH,UNIT_SCADA,1,"2022/10/20 11:50:00",MRTLSWF1,0
D,DISPATCH,UNIT_SCADA,1,"2022/10/20 11:50:00",MSTUART1,0
D,DISPATCH,UNIT_SCADA,1,"2022/10/20 11:50:00",MSTUART2,0
D,DISPATCH,UNIT_SCADA,1,"2022/10/20 11:50:00",MSTUART3,0
D,DISPATCH,UNIT_SCADA,1,"2022/10/20 11:50:00",MTGELWF1,34.638510
D,DISPATCH,UNIT_SCADA,1,"2022/10/20 11:50:00",MTMILLAR,1.40
D,DISPATCH,UNIT_SCADA,1,"2022/10/20 11:50:00",MURRAY,0
D,DISPATCH,UNIT_SCADA,1,"2022/10/20 11:50:00",MUSSELR1,87.10
D,DISPATCH,UNIT_SCADA,1,"2022/10/20 11:50:00",MUWAWF1,46.59
D,DISPATCH,UNIT_SCADA,1,"2022/10/20 11:50:00",MUWAWF2,33.20
D,DISPATCH,UNIT_SCADA,1,"2022/10/20 11:50:00",MWPS1PV1,0.13
D,DISPATCH,UNIT_SCADA,1,"2022/10/20 11:50:00",MWPS2PV1,0
D,DISPATCH,UNIT_SCADA,1,"2022/10/20 11:50:00",MWPS3PV1,0
D,DISPATCH,UNIT_SCADA,1,"2022/10/20 11:50:00",MWPS4PV1,0.01
D,DISPATCH,UNIT_SCADA,1,"2022/10/20 11:50:00",NBHWF1,10.10
D,DISPATCH,UNIT_SCADA,1,"2022/10/20 11:50:00",NEVERSF1,39.32
D,DISPATCH,UNIT_SCADA,1,"2022/10/20 11:50:00",NPS,0
D,DISPATCH,UNIT_SCADA,1,"2022/10/20 11:50:00",NUMURSF1,91.13
D,DISPATCH,UNIT_SCADA,1,"2022/10/20 11:50:00",NYNGAN1,9
D,DISPATCH,UNIT_SCADA,1,"2022/10/20 11:50:00",OAKEY1,0
D,DISPATCH,UNIT_SCADA,1,"2022/10/20 11:50:00",OAKEY1SF,11.1060
D,DISPATCH,UNIT_SCADA,1,"2022/10/20 11:50:00",OAKEY2,0
D,DISPATCH,UNIT_SCADA,1,"2022/10/20 11:50:00",OAKEY2SF,26.78
D,DISPATCH,UNIT_SCADA,1,"2022/10/20 11:50:00",OAKLAND1,7.40
D,DISPATCH,UNIT_SCADA,1,"2022/10/20 11:50:00",OSB-AG,0
D,DISPATCH,UNIT_SCADA,1,"2022/10/20 11:50:00",PAREPS1,0.0660
D,DISPATCH,UNIT_SCADA,1,"2022/10/20 11:50:00",PAREPW1,50.24
D,DISPATCH,UNIT_SCADA,1,"2022/10/20 11:50:00",PARSF1,20.900280
D,DISPATCH,UNIT_SCADA,1,"2022/10/20 11:50:00",POAT110,0
D,DISPATCH,UNIT_SCADA,1,"2022/10/20 11:50:00",POAT220,0
D,DISPATCH,UNIT_SCADA,1,"2022/10/20 11:50:00",POR01,0
D,DISPATCH,UNIT_SCADA,1,"2022/10/20 11:50:00",POR03,0
D,DISPATCH,UNIT_SCADA,1,"2022/10/20 11:50:00",PPCCGT,0
D,DISPATCH,UNIT_SCADA,1,"2022/10/20 11:50:00",PTSTAN1,0
D,DISPATCH,UNIT_SCADA,1,"2022/10/20 11:50:00",PUMP1,243.769990
D,DISPATCH,UNIT_SCADA,1,"2022/10/20 11:50:00",PUMP2,0
D,DISPATCH,UNIT_SCADA,1,"2022/10/20 11:50:00",QBYNBG1,0.1335
D,DISPATCH,UNIT_SCADA,1,"2022/10/20 11:50:00",QBYNBL1,0
D,DISPATCH,UNIT_SCADA,1,"2022/10/20 11:50:00",QPS1,0
D,DISPATCH,UNIT_SCADA,1,"2022/10/20 11:50:00",QPS2,0
D,DISPATCH,UNIT_SCADA,1,"2022/10/20 11:50:00",QPS3,0
D,DISPATCH,UNIT_SCADA,1,"2022/10/20 11:50:00",QPS4,0
D,DISPATCH,UNIT_SCADA,1,"2022/10/20 11:50:00",QPS5,76.42
D,DISPATCH,UNIT_SCADA,1,"2022/10/20 11:50:00",REECE1,0
D,DISPATCH,UNIT_SCADA,1,"2022/10/20 11:50:00",REECE2,0
D,DISPATCH,UNIT_SCADA,1,"2022/10/20 11:50:00",ROMA_7,0
D,DISPATCH,UNIT_SCADA,1,"2022/10/20 11:50:00",ROMA_8,0
D,DISPATCH,UNIT_SCADA,1,"2022/10/20 11:50:00",RRSF1,15.6278
D,DISPATCH,UNIT_SCADA,1,"2022/10/20 11:50:00",RT_NSW1,0
D,DISPATCH,UNIT_SCADA,1,"2022/10/20 11:50:00",RT_NSW2,0
D,DISPATCH,UNIT_SCADA,1,"2022/10/20 11:50:00",RT_NSW3,0
D,DISPATCH,UNIT_SCADA,1,"2022/10/20 11:50:00",RT_NSW4,0
D,DISPATCH,UNIT_SCADA,1,"2022/10/20 11:50:00",RT_NSW5,0
D,DISPATCH,UNIT_SCADA,1,"2022/10/20 11:50:00",RT_NSW6,0
D,DISPATCH,UNIT_SCADA,1,"2022/10/20 11:50:00",RT_QLD1,0
D,DISPATCH,UNIT_SCADA,1,"2022/10/20 11:50:00",RT_SA1,0
D,DISPATCH,UNIT_SCADA,1,"2022/10/20 11:50:00",RT_SA2,0
D,DISPATCH,UNIT_SCADA,1,"2022/10/20 11:50:00",RT_SA3,0
D,DISPATCH,UNIT_SCADA,1,"2022/10/20 11:50:00",RT_SA4,0
D,DISPATCH,UNIT_SCADA,1,"2022/10/20 11:50:00",RT_SA5,0
D,DISPATCH,UNIT_SCADA,1,"2022/10/20 11:50:00",RT_SA6,0
D,DISPATCH,UNIT_SCADA,1,"2022/10/20 11:50:00",RT_TAS1,0
D,DISPATCH,UNIT_SCADA,1,"2022/10/20 11:50:00",RT_VIC1,0
D,DISPATCH,UNIT_SCADA,1,"2022/10/20 11:50:00",RT_VIC10,0
D,DISPATCH,UNIT_SCADA,1,"2022/10/20 11:50:00",RT_VIC11,0
D,DISPATCH,UNIT_SCADA,1,"2022/10/20 11:50:00",RT_VIC12,0
D,DISPATCH,UNIT_SCADA,1,"2022/10/20 11:50:00",RT_VIC2,0
D,DISPATCH,UNIT_SCADA,1,"2022/10/20 11:50:00",RT_VIC3,0
D,DISPATCH,UNIT_SCADA,1,"2022/10/20 11:50:00",RT_VIC4,0
D,DISPATCH,UNIT_SCADA,1,"2022/10/20 11:50:00",RT_VIC5,0
D,DISPATCH,UNIT_SCADA,1,"2022/10/20 11:50:00",RT_VIC6,0
D,DISPATCH,UNIT_SCADA,1,"2022/10/20 11:50:00",RT_VIC7,0
D,DISPATCH,UNIT_SCADA,1,"2022/10/20 11:50:00",RT_VIC8,0
D,DISPATCH,UNIT_SCADA,1,"2022/10/20 11:50:00",RT_VIC9,0
D,DISPATCH,UNIT_SCADA,1,"2022/10/20 11:50:00",RUGBYR1,6.264320
D,DISPATCH,UNIT_SCADA,1,"2022/10/20 11:50:00",SALTCRK1,17.71
D,DISPATCH,UNIT_SCADA,1,"2022/10/20 11:50:00",SAPHWF1,24.339670
D,DISPATCH,UNIT_SCADA,1,"2022/10/20 11:50:00",SEBSF1,0.200280
D,DISPATCH,UNIT_SCADA,1,"2022/10/20 11:50:00",SHGEN,0
D,DISPATCH,UNIT_SCADA,1,"2022/10/20 11:50:00",SHPUMP,0
D,DISPATCH,UNIT_SCADA,1,"2022/10/20 11:50:00",SITHE01,0.143810
D,DISPATCH,UNIT_SCADA,1,"2022/10/20 11:50:00",SMCSF1,23.8520
D,DISPATCH,UNIT_SCADA,1,"2022/10/20 11:50:00",SNAPPER1,0
D,DISPATCH,UNIT_SCADA,1,"2022/10/20 11:50:00",SNOWNTH1,96.30
D,DISPATCH,UNIT_SCADA,1,"2022/10/20 11:50:00",SNOWSTH1,45
D,DISPATCH,UNIT_SCADA,1,"2022/10/20 11:50:00",SNOWTWN1,0
D,DISPATCH,UNIT_SCADA,1,"2022/10/20 11:50:00",SNOWYP,0
D,DISPATCH,UNIT_SCADA,1,"2022/10/20 11:50:00",SNUG1,0
D,DISPATCH,UNIT_SCADA,1,"2022/10/20 11:50:00",SRSF1,33.21
D,DISPATCH,UNIT_SCADA,1,"2022/10/20 11:50:00",STAN-1,280.658540
D,DISPATCH,UNIT_SCADA,1,"2022/10/20 11:50:00",STAN-2,363.384640
D,DISPATCH,UNIT_SCADA,1,"2022/10/20 11:50:00",STAN-3,155.262010
D,DISPATCH,UNIT_SCADA,1,"2022/10/20 11:50:00",STAN-4,363.910160
D,DISPATCH,UNIT_SCADA,1,"2022/10/20 11:50:00",STARHLWF,0.199940
D,DISPATCH,UNIT_SCADA,1,"2022/10/20 11:50:00",STOCKYD1,94.87
D,DISPATCH,UNIT_SCADA,1,"2022/10/20 11:50:00",STWF1,0
D,DISPATCH,UNIT_SCADA,1,"2022/10/20 11:50:00",SUNRSF1,98.168910
D,DISPATCH,UNIT_SCADA,1,"2022/10/20 11:50:00",SUNTPSF1,119.096660
D,DISPATCH,UNIT_SCADA,1,"2022/10/20 11:50:00",SWAN_E,290.308110
D,DISPATCH,UNIT_SCADA,1,"2022/10/20 11:50:00",TALWA1,0
D,DISPATCH,UNIT_SCADA,1,"2022/10/20 11:50:00",TARALGA1,0
D,DISPATCH,UNIT_SCADA,1,"2022/10/20 11:50:00",TARONG#1,347.300020
D,DISPATCH,UNIT_SCADA,1,"2022/10/20 11:50:00",TARONG#2,346.50
D,DISPATCH,UNIT_SCADA,1,"2022/10/20 11:50:00",TARONG#3,0.90
D,DISPATCH,UNIT_SCADA,1,"2022/10/20 11:50:00",TARONG#4,210.30
D,DISPATCH,UNIT_SCADA,1,"2022/10/20 11:50:00",TARRALEA,54
D,DISPATCH,UNIT_SCADA,1,"2022/10/20 11:50:00",TBSF1,0.10
D,DISPATCH,UNIT_SCADA,1,"2022/10/20 11:50:00",TNPS1,399.249970
D,DISPATCH,UNIT_SCADA,1,"2022/10/20 11:50:00",TORRB1,0
D,DISPATCH,UNIT_SCADA,1,"2022/10/20 11:50:00",TORRB2,40
D,DISPATCH,UNIT_SCADA,1,"2022/10/20 11:50:00",TORRB3,0
D,DISPATCH,UNIT_SCADA,1,"2022/10/20 11:50:00",TORRB4,0
D,DISPATCH,UNIT_SCADA,1,"2022/10/20 11:50:00",TREVALLN,99.273830
D,DISPATCH,UNIT_SCADA,1,"2022/10/20 11:50:00",TRIBUTE,0
D,DISPATCH,UNIT_SCADA,1,"2022/10/20 11:50:00",TUMUT3,0
D,DISPATCH,UNIT_SCADA,1,"2022/10/20 11:50:00",TUNGATIN,7.740020
D,DISPATCH,UNIT_SCADA,1,"2022/10/20 11:50:00",TVCC201,0
D,DISPATCH,UNIT_SCADA,1,"2022/10/20 11:50:00",TVPP104,57.8461
D,DISPATCH,UNIT_SCADA,1,"2022/10/20 11:50:00",UPPTUMUT,119.4964
D,DISPATCH,UNIT_SCADA,1,"2022/10/20 11:50:00",URANQ11,0
D,DISPATCH,UNIT_SCADA,1,"2022/10/20 11:50:00",URANQ12,0
D,DISPATCH,UNIT_SCADA,1,"2022/10/20 11:50:00",URANQ13,0
D,DISPATCH,UNIT_SCADA,1,"2022/10/20 11:50:00",URANQ14,0
D,DISPATCH,UNIT_SCADA,1,"2022/10/20 11:50:00",VBBG1,0
D,DISPATCH,UNIT_SCADA,1,"2022/10/20 11:50:00",VBBL1,104
D,DISPATCH,UNIT_SCADA,1,"2022/10/20 11:50:00",VP5,538.0047
D,DISPATCH,UNIT_SCADA,1,"2022/10/20 11:50:00",VP6,536.710690
D,DISPATCH,UNIT_SCADA,1,"2022/10/20 11:50:00",VPGS1,0
D,DISPATCH,UNIT_SCADA,1,"2022/10/20 11:50:00",VPGS2,0
D,DISPATCH,UNIT_SCADA,1,"2022/10/20 11:50:00",VPGS3,0
D,DISPATCH,UNIT_SCADA,1,"2022/10/20 11:50:00",VPGS4,0
D,DISPATCH,UNIT_SCADA,1,"2022/10/20 11:50:00",VPGS5,0
D,DISPATCH,UNIT_SCADA,1,"2022/10/20 11:50:00",VPGS6,0
D,DISPATCH,UNIT_SCADA,1,"2022/10/20 11:50:00",W/HOE#1,0
D,DISPATCH,UNIT_SCADA,1,"2022/10/20 11:50:00",W/HOE#2,0
D,DISPATCH,UNIT_SCADA,1,"2022/10/20 11:50:00",WAGGNSF1,0
D,DISPATCH,UNIT_SCADA,1,"2022/10/20 11:50:00",WALGRVG1,0.000930
D,DISPATCH,UNIT_SCADA,1,"2022/10/20 11:50:00",WALGRVL1,0
D,DISPATCH,UNIT_SCADA,1,"2022/10/20 11:50:00",WANDBG1,0
D,DISPATCH,UNIT_SCADA,1,"2022/10/20 11:50:00",WANDBL1,23.949030
D,DISPATCH,UNIT_SCADA,1,"2022/10/20 11:50:00",WARWSF1,14.19
D,DISPATCH,UNIT_SCADA,1,"2022/10/20 11:50:00",WARWSF2,15.97
D,DISPATCH,UNIT_SCADA,1,"2022/10/20 11:50:00",WATERLWF,38.90
D,DISPATCH,UNIT_SCADA,1,"2022/10/20 11:50:00",WDGPH1,62.0640
D,DISPATCH,UNIT_SCADA,1,"2022/10/20 11:50:00",WELLSF1,67.869080
D,DISPATCH,UNIT_SCADA,1,"2022/10/20 11:50:00",WEMENSF1,35.70
D,DISPATCH,UNIT_SCADA,1,"2022/10/20 11:50:00",WGWF1,53
D,DISPATCH,UNIT_SCADA,1,"2022/10/20 11:50:00",WHITSF1,0
D,DISPATCH,UNIT_SCADA,1,"2022/10/20 11:50:00",WINTSF1,80.63
D,DISPATCH,UNIT_SCADA,1,"2022/10/20 11:50:00",WKIEWA1,31.90
D,DISPATCH,UNIT_SCADA,1,"2022/10/20 11:50:00",WKIEWA2,14
D,DISPATCH,UNIT_SCADA,1,"2022/10/20 11:50:00",WOODLWN1,16.501720
D,DISPATCH,UNIT_SCADA,1,"2022/10/20 11:50:00",WOOLGSF1,23.796740
D,DISPATCH,UNIT_SCADA,1,"2022/10/20 11:50:00",WPWF,8.76
D,DISPATCH,UNIT_SCADA,1,"2022/10/20 11:50:00",WRSF1,0.670190
D,DISPATCH,UNIT_SCADA,1,"2022/10/20 11:50:00",WRWF1,23.270010
D,DISPATCH,UNIT_SCADA,1,"2022/10/20 11:50:00",WSTWYSF1,0.082920
D,DISPATCH,UNIT_SCADA,1,"2022/10/20 11:50:00",YABULU,0
D,DISPATCH,UNIT_SCADA,1,"2022/10/20 11:50:00",YABULU2,0
D,DISPATCH,UNIT_SCADA,1,"2022/10/20 11:50:00",YARANSF1,41.39
D,DISPATCH,UNIT_SCADA,1,"2022/10/20 11:50:00",YARWUN_1,162.429990
D,DISPATCH,UNIT_SCADA,1,"2022/10/20 11:50:00",YATSF1,15.46
D,DISPATCH,UNIT_SCADA,1,"2022/10/20 11:50:00",YENDWF1,59.06
D,DISPATCH,UNIT_SCADA,1,"2022/10/20 11:50:00",YWPS1,274.432920
D,DISPATCH,UNIT_SCADA,1,"2022/10/20 11:50:00",YWPS2,266.913910
D,DISPATCH,UNIT_SCADA,1,"2022/10/20 11:50:00",YWPS3,282.326570
D,DISPATCH,UNIT_SCADA,1,"2022/10/20 11:50:00",YWPS4,0
C,"END OF REPORT",419
