C,NEMP.WORLD,DISPATCHSCADA,AEMO,PUBLIC,2022/10/20,12:00:10,0000000373252507,DISPATCHSCADA,0000000373252501
I,DISPATCH,UNIT_SCADA,1,SETTLEMENTDATE,DUID,SCADAVALUE
D,DISPATCH,UNIT_SCADA,1,"2022/10/20 12:05:00",BARCSF1,5.60
D,DISPATCH,UNIT_SCADA,1,"2022/10/20 12:05:00",BUTLERSG,8.699999
D,DISPATCH,UNIT_SCADA,1,"2022/10/20 12:05:00",CAPTL_WF,40.043579
D,DISPATCH,UNIT_SCADA,1,"2022/10/20 12:05:00",CHALLHWF,3.50
D,DISPATCH,UNIT_SCADA,1,"2022/10/20 12:05:00",CLOVER,10.70
D,DISPATCH,UNIT_SCADA,1,"2022/10/20 12:05:00",CLUNY,5.166857
D,DISPATCH,UNIT_SCADA,1,"2022/10/20 12:05:00",CULLRGWF,-0.05
D,DISPATCH,UNIT_SCADA,1,"2022/10/20 12:05:00",DIAPURWF1,3.30
D,DISPATCH,UNIT_SCADA,1,"2022/10/20 12:05:00",ERGT01,0
D,DISPATCH,UNIT_SCADA,1,"2022/10/20 12:05:00",GB01,0
D,DISPATCH,UNIT_SCADA,1,"2022/10/20 12:05:00",GERMCRK,17.700001
D,DISPATCH,UNIT_SCADA,1,"2022/10/20 12:05:00",GRIFSF1,7.798886
D,DISPATCH,UNIT_SCADA,1,"2022/10/20 12:05:00",HEZ1,0
D,DISPATCH,UNIT_SCADA,1,"2022/10/20 12:05:00",HUGSF1,14.2770
D,DISPATCH,UNIT_SCADA,1,"2022/10/20 12:05:00",KEPBG1,0.01
D,DISPATCH,UNIT_SCADA,1,"2022/10/20 12:05:00",LRSF1,12.8730
D,DISPATCH,UNIT_SCADA,1,"2022/10/20 12:05:00",MBAHNTH,45.843750
D,DISPATCH,UNIT_SCADA,1,"2022/10/20 12:05:00",MLSP1,4.759001
D,DISPATCH,UNIT_SCADA,1,"2022/10/20 12:05:00",MLWF1,4.1550
D,DISPATCH,UNIT_SCADA,1,"2022/10/20 12:05:00",PALOONA,30.199999
D,DISPATCH,UNIT_SCADA,1,"2022/10/20 12:05:00",PIONEER,41.200001
D,DISPATCH,UNIT_SCADA,1,"2022/10/20 12:05:00",PORTWF,95.699997
D,DISPATCH,UNIT_SCADA,1,"2022/10/20 12:05:00",REPULSE,9.461204
D,DISPATCH,UNIT_SCADA,1,"2022/10/20 12:05:00",ROWALLAN,8.9815
D,DISPATCH,UNIT_SCADA,1,"2022/10/20 12:05:00",ROYALLA1,4.129003
D,DISPATCH,UNIT_SCADA,1,"2022/10/20 12:05:00",RPCG,-1.80
D,DISPATCH,UNIT_SCADA,1,"2022/10/20 12:05:00",RUBICON,0
D,DISPATCH,UNIT_SCADA,1,"2022/10/20 12:05:00",WAUBRAWF,12.8050
D,DISPATCH,UNIT_SCADA,1,"2022/10/20 12:05:00",WOOLNTH1,19.199999
D,DISPATCH,UNIT_SCADA,1,"2022/10/20 12:05:00",YAMBUKWF,6.70
D,DISPATCH,UNIT_SCADA,1,"2022/10/20 12:05:00",YSWF1,4.20
D,DISPATCH,UNIT_SCADA,1,"2022/10/20 12:05:00",ADPBA1G,0.0080
D,DISPATCH,UNIT_SCADA,1,"2022/10/20 12:05:00",ADPBA1L,0
D,DISPATCH,UNIT_SCADA,1,"2022/10/20 12:05:00",ADPPV1,0.0640
D,DISPATCH,UNIT_SCADA,1,"2022/10/20 12:05:00",AGLHAL,0
D,DISPATCH,UNIT_SCADA,1,"2022/10/20 12:05:00",AGLSOM,0
D,DISPATCH,UNIT_SCADA,1,"2022/10/20 12:05:00",ANGAST1,0
D,DISPATCH,UNIT_SCADA,1,"2022/10/20 12:05:00",ARWF1,17.30
D,DISPATCH,UNIT_SCADA,1,"2022/10/20 12:05:00",BALBG1,0
D,DISPATCH,UNIT_SCADA,1,"2022/10/20 12:05:00",BALBL1,0
D,DISPATCH,UNIT_SCADA,1,"2022/10/20 12:05:00",BALDHWF1,20.44
D,DISPATCH,UNIT_SCADA,1,"2022/10/20 12:05:00",BANGOWF1,30.598610
D,DISPATCH,UNIT_SCADA,1,"2022/10/20 12:05:00",BANGOWF2,25
D,DISPATCH,UNIT_SCADA,1,"2022/10/20 12:05:00",BANN1,15.03
D,DISPATCH,UNIT_SCADA,1,"2022/10/20 12:05:00",BARCALDN,0
D,DISPATCH,UNIT_SCADA,1,"2022/10/20 12:05:00",BARKIPS1,0
D,DISPATCH,UNIT_SCADA,1,"2022/10/20 12:05:00",BARRON-1,0
D,DISPATCH,UNIT_SCADA,1,"2022/10/20 12:05:00",BARRON-2,0
D,DISPATCH,UNIT_SCADA,1,"2022/10/20 12:05:00",BASTYAN,55.740010
D,DISPATCH,UNIT_SCADA,1,"2022/10/20 12:05:00",BBTHREE1,0
D,DISPATCH,UNIT_SCADA,1,"2022/10/20 12:05:00",BBTHREE2,23.82
D,DISPATCH,UNIT_SCADA,1,"2022/10/20 12:05:00",BBTHREE3,0
D,DISPATCH,UNIT_SCADA,1,"2022/10/20 12:05:00",BDL01,0
D,DISPATCH,UNIT_SCADA,1,"2022/10/20 12:05:00",BDL02,0
D,DISPATCH,UNIT_SCADA,1,"2022/10/20 12:05:00",BERYLSF1,18.050490
D,DISPATCH,UNIT_SCADA,1,"2022/10/20 12:05:00",BLOWERNG,62.50
D,DISPATCH,UNIT_SCADA,1,"2022/10/20 12:05:00",BLUEGSF1,74.899450
D,DISPATCH,UNIT_SCADA,1,"2022/10/20 12:05:00",BLUFF1,9.50
D,DISPATCH,UNIT_SCADA,1,"2022/10/20 12:05:00",BNGSF1,91.16
D,DISPATCH,UNIT_SCADA,1,"2022/10/20 12:05:00",BNGSF2,98.09
D,DISPATCH,UNIT_SCADA,1,"2022/10/20 12:05:00",BOCORWF1,16.07
D,DISPATCH,UNIT_SCADA,1,"2022/10/20 12:05:00",BODWF1,88.721660
D,DISPATCH,UNIT_SCADA,1,"2022/10/20 12:05:00",BOMENSF1,21.150840
D,DISPATCH,UNIT_SCADA,1,"2022/10/20 12:05:00",BOWWBA1G,0
D,DISPATCH,UNIT_SCADA,1,"2022/10/20 12:05:00",BOWWBA1L,0
D,DISPATCH,UNIT_SCADA,1,"2022/10/20 12:05:00",BOWWPV1,0.0010
D,DISPATCH,UNIT_SCADA,1,"2022/10/20 12:05:00",BRAEMAR1,0
D,DISPATCH,UNIT_SCADA,1,"2022/10/20 12:05:00",BRAEMAR2,0
D,DISPATCH,UNIT_SCADA,1,"2022/10/20 12:05:00",BRAEMAR3,0
D,DISPATCH,UNIT_SCADA,1,"2022/10/20 12:05:00",BRAEMAR5,0.292060
D,DISPATCH,UNIT_SCADA,1,"2022/10/20 12:05:00",BRAEMAR6,0
D,DISPATCH,UNIT_SCADA,1,"2022/10/20 12:05:00",BRAEMAR7,0.130920
D,DISPATCH,UNIT_SCADA,1,"2022/10/20 12:05:00",BROKENH1,33.899480
D,DISPATCH,UNIT_SCADA,1,"2022/10/20 12:05:00",BRYB1WF1,116.307320
D,DISPATCH,UNIT_SCADA,1,"2022/10/20 12:05:00",BULBESG1,0
D,DISPATCH,UNIT_SCADA,1,"2022/10/20 12:05:00",BULBESL1,2
D,DISPATCH,UNIT_SCADA,1,"2022/10/20 12:05:00",BULGANA1,1.30
D,DISPATCH,UNIT_SCADA,1,"2022/10/20 12:05:00",BW01,658.249820
D,DISPATCH,UNIT_SCADA,1,"2022/10/20 12:05:00",BW02,619.406430
D,DISPATCH,UNIT_SCADA,1,"2022/10/20 12:05:00",BW03,451.703670
D,DISPATCH,UNIT_SCADA,1,"2022/10/20 12:05:00",BW04,0
D,DISPATCH,UNIT_SCADA,1,"2022/10/20 12:05:00",CALL_B_1,320
D,DISPATCH,UNIT_SCADA,1,"2022/10/20 12:05:00",CALL_B_2,320.300020
D,DISPATCH,UNIT_SCADA,1,"2022/10/20 12:05:00",CATHROCK,0
D,DISPATCH,UNIT_SCADA,1,"2022/10/20 12:05:00",CBWWBA1G,0
D,DISPATCH,UNIT_SCADA,1,"2022/10/20 12:05:00",CBWWBA1L,0
D,DISPATCH,UNIT_SCADA,1,"2022/10/20 12:05:00",CETHANA,8.910880
D,DISPATCH,UNIT_SCADA,1,"2022/10/20 12:05:00",CG1,0
D,DISPATCH,UNIT_SCADA,1,"2022/10/20 12:05:00",CG2,0
D,DISPATCH,UNIT_SCADA,1,"2022/10/20 12:05:00",CG3,0
D,DISPATCH,UNIT_SCADA,1,"2022/10/20 12:05:00",CG4,0
D,DISPATCH,UNIT_SCADA,1,"2022/10/20 12:05:00",CHILDSF1,13.83
D,DISPATCH,UNIT_SCADA,1,"2022/10/20 12:05:00",CHYTWF1,4.89
D,DISPATCH,UNIT_SCADA,1,"2022/10/20 12:05:00",CLARESF1,34.469890
D,DISPATCH,UNIT_SCADA,1,"2022/10/20 12:05:00",CLEMGPWF,7.707750
D,DISPATCH,UNIT_SCADA,1,"2022/10/20 12:05:00",CLERMSF1,13.38
D,DISPATCH,UNIT_SCADA,1,"2022/10/20 12:05:00",CNUNDAWF,0
D,DISPATCH,UNIT_SCADA,1,"2022/10/20 12:05:00",COHUNSF1,7.74
D,DISPATCH,UNIT_SCADA,1,"2022/10/20 12:05:00",COLEASF1,60.4017
D,DISPATCH,UNIT_SCADA,1,"2022/10/20 12:05:00",COLUMSF1,23.9760
D,DISPATCH,UNIT_SCADA,1,"2022/10/20 12:05:00",COLWF01,98.4329
D,DISPATCH,UNIT_SCADA,1,"2022/10/20 12:05:00",COOPGWF1,116.24
D,DISPATCH,UNIT_SCADA,1,"2022/10/20 12:05:00",CPP_3,281.325010
D,DISPATCH,UNIT_SCADA,1,"2022/10/20 12:05:00",CPP_4,0
D,DISPATCH,UNIT_SCADA,1,"2022/10/20 12:05:00",CPSA,0
D,DISPATCH,UNIT_SCADA,1,"2022/10/20 12:05:00",CROOKWF2,34.753340
D,DISPATCH,UNIT_SCADA,1,"2022/10/20 12:05:00",CROWLWF1,0
D,DISPATCH,UNIT_SCADA,1,"2022/10/20 12:05:00",CRURWF1,102.399410
D,DISPATCH,UNIT_SCADA,1,"2022/10/20 12:05:00",CRWASF1,18.681860
D,DISPATCH,UNIT_SCADA,1,"2022/10/20 12:05:00",CSPVPS1,0.3570
D,DISPATCH,UNIT_SCADA,1,"2022/10/20 12:05:00",CTHLWF1,0.003050
D,DISPATCH,UNIT_SCADA,1,"2022/10/20 12:05:00",DALNTH01,0
D,DISPATCH,UNIT_SCADA,1,"2022/10/20 12:05:00",DALNTHL1,0.077820
D,DISPATCH,UNIT_SCADA,1,"2022/10/20 12:05:00",DARLSF1,90.3718
D,DISPATCH,UNIT_SCADA,1,"2022/10/20 12:05:00",DARTM1,0
D,DISPATCH,UNIT_SCADA,1,"2022/10/20 12:05:00",DAYDSF1,0
D,DISPATCH,UNIT_SCADA,1,"2022/10/20 12:05:00",DDPS1,0
D,DISPATCH,UNIT_SCADA,1,"2022/10/20 12:05:00",DDSF1,64.694270
D,DISPATCH,UNIT_SCADA,1,"2022/10/20 12:05:00",DEVILS_G,50.177310
D,DISPATCH,UNIT_SCADA,1,"2022/10/20 12:05:00",DG_NSW1,0
D,DISPATCH,UNIT_SCADA,1,"2022/10/20 12:05:00",DG_QLD1,0
D,DISPATCH,UNIT_SCADA,1,"2022/10/20 12:05:00",DG_SA1,0
D,DISPATCH,UNIT_SCADA,1,"2022/10/20 12:05:00",DG_TAS1,0
D,DISPATCH,UNIT_SCADA,1,"2022/10/20 12:05:00",DG_VIC1,0
D,DISPATCH,UNIT_SCADA,1,"2022/10/20 12:05:00",DRYCGT1,0
D,DISPATCH,UNIT_SCADA,1,"2022/10/20 12:05:00",DRYCGT2,0
D,DISPATCH,UNIT_SCADA,1,"2022/10/20 12:05:00",DRYCGT3,0
D,DISPATCH,UNIT_SCADA,1,"2022/10/20 12:05:00",DUNDWF1,64.31
D,DISPATCH,UNIT_SCADA,1,"2022/10/20 12:05:00",DUNDWF2,14.29
D,DISPATCH,UNIT_SCADA,1,"2022/10/20 12:05:00",DUNDWF3,52.03
D,DISPATCH,UNIT_SCADA,1,"2022/10/20 12:05:00",EILDON1,60.04
D,DISPATCH,UNIT_SCADA,1,"2022/10/20 12:05:00",EILDON2,60
D,DISPATCH,UNIT_SCADA,1,"2022/10/20 12:05:00",ELAINWF1,28.35
D,DISPATCH,UNIT_SCADA,1,"2022/10/20 12:05:00",EMERASF1,0
D,DISPATCH,UNIT_SCADA,1,"2022/10/20 12:05:00",ER01,0
D,DISPATCH,UNIT_SCADA,1,"2022/10/20 12:05:00",ER02,303.849850
D,DISPATCH,UNIT_SCADA,1,"2022/10/20 12:05:00",ER03,403.875790
D,DISPATCH,UNIT_SCADA,1,"2022/10/20 12:05:00",ER04,403.997860
D,DISPATCH,UNIT_SCADA,1,"2022/10/20 12:05:00",FINLYSF1,88.896010
D,DISPATCH,UNIT_SCADA,1,"2022/10/20 12:05:00",FISHER,44.04
D,DISPATCH,UNIT_SCADA,1,"2022/10/20 12:05:00",GANGARR1,63.4190
D,DISPATCH,UNIT_SCADA,1,"2022/10/20 12:05:00",GANNBG1,0
D,DISPATCH,UNIT_SCADA,1,"2022/10/20 12:05:00",GANNBL1,2.531730
D,DISPATCH,UNIT_SCADA,1,"2022/10/20 12:05:00",GANNSF1,28.60
D,DISPATCH,UNIT_SCADA,1,"2022/10/20 12:05:00",GLRWNSF1,109.99
D,DISPATCH,UNIT_SCADA,1,"2022/10/20 12:05:00",GNNDHSF1,72.6997
D,DISPATCH,UNIT_SCADA,1,"2022/10/20 12:05:00",GOONSF1,15.995120
D,DISPATCH,UNIT_SCADA,1,"2022/10/20 12:05:00",GORDON,178.279970
D,DISPATCH,UNIT_SCADA,1,"2022/10/20 12:05:00",GRANWF1,0
D,DISPATCH,UNIT_SCADA,1,"2022/10/20 12:05:00",GSTONE1,202.649990
D,DISPATCH,UNIT_SCADA,1,"2022/10/20 12:05:00",GSTONE2,0
D,DISPATCH,UNIT_SCADA,1,"2022/10/20 12:05:00",GSTONE3,199.849990
D,DISPATCH,UNIT_SCADA,1,"2022/10/20 12:05:00",GSTONE4,0
D,DISPATCH,UNIT_SCADA,1,"2022/10/20 12:05:00",GSTONE5,202.474990
D,DISPATCH,UNIT_SCADA,1,"2022/10/20 12:05:00",GSTONE6,202.474990
D,DISPATCH,UNIT_SCADA,1,"2022/10/20 12:05:00",GULLRSF1,1.974970
D,DISPATCH,UNIT_SCADA,1,"2022/10/20 12:05:00",GULLRWF1,52.004210
D,DISPATCH,UNIT_SCADA,1,"2022/10/20 12:05:00",GULLRWF2,72.999160
D,DISPATCH,UNIT_SCADA,1,"2022/10/20 12:05:00",GUNNING1,0
D,DISPATCH,UNIT_SCADA,1,"2022/10/20 12:05:00",GUTHEGA,67.90
D,DISPATCH,UNIT_SCADA,1,"2022/10/20 12:05:00",HALLWF1,9.46
D,DISPATCH,UNIT_SCADA,1,"2022/10/20 12:05:00",HALLWF2,7.79
D,DISPATCH,UNIT_SCADA,1,"2022/10/20 12:05:00",HAMISF1,0
D,DISPATCH,UNIT_SCADA,1,"2022/10/20 12:05:00",HAUGHT11,12.069380
D,DISPATCH,UNIT_SCADA,1,"2022/10/20 12:05:00",HAYMSF1,0
D,DISPATCH,UNIT_SCADA,1,"2022/10/20 12:05:00",HDWF1,66.70
D,DISPATCH,UNIT_SCADA,1,"2022/10/20 12:05:00",HDWF2,68.60
D,DISPATCH,UNIT_SCADA,1,"2022/10/20 12:05:00",HDWF3,76.90
D,DISPATCH,UNIT_SCADA,1,"2022/10/20 12:05:00",HILLSTN1,44.750850
D,DISPATCH,UNIT_SCADA,1,"2022/10/20 12:05:00",HPRG1,11.60
D,DISPATCH,UNIT_SCADA,1,"2022/10/20 12:05:00",HPRL1,0
D,DISPATCH,UNIT_SCADA,1,"2022/10/20 12:05:00",HUMENSW,54.755160
D,DISPATCH,UNIT_SCADA,1,"2022/10/20 12:05:00",HUMEV,0
D,DISPATCH,UNIT_SCADA,1,"2022/10/20 12:05:00",HVWWBA1G,0
D,DISPATCH,UNIT_SCADA,1,"2022/10/20 12:05:00",HVWWBA1L,0.0060
D,DISPATCH,UNIT_SCADA,1,"2022/10/20 12:05:00",HVWWPV1,0.0570
D,DISPATCH,UNIT_SCADA,1,"2022/10/20 12:05:00",JBUTTERS,0
D,DISPATCH,UNIT_SCADA,1,"2022/10/20 12:05:00",JEMALNG1,1.21
D,DISPATCH,UNIT_SCADA,1,"2022/10/20 12:05:00",JLA01,0
D,DISPATCH,UNIT_SCADA,1,"2022/10/20 12:05:00",JLA02,0
D,DISPATCH,UNIT_SCADA,1,"2022/10/20 12:05:00",JLA03,0
D,DISPATCH,UNIT_SCADA,1,"2022/10/20 12:05:00",JLA04,0
D,DISPATCH,UNIT_SCADA,1,"2022/10/20 12:05:00",JLB01,0
D,DISPATCH,UNIT_SCADA,1,"2022/10/20 12:05:00",JLB02,0.10
D,DISPATCH,UNIT_SCADA,1,"2022/10/20 12:05:00",JLB03,0
D,DISPATCH,UNIT_SCADA,1,"2022/10/20 12:05:00",JUNEESF1,9.195010
D,DISPATCH,UNIT_SCADA,1,"2022/10/20 12:05:00",KABANWF1,0
D,DISPATCH,UNIT_SCADA,1,"2022/10/20 12:05:00",KAREEYA1,0
D,DISPATCH,UNIT_SCADA,1,"2022/10/20 12:05:00",KAREEYA2,0
D,DISPATCH,UNIT_SCADA,1,"2022/10/20 12:05:00",KAREEYA3,4.95
D,DISPATCH,UNIT_SCADA,1,"2022/10/20 12:05:00",KAREEYA4,0
D,DISPATCH,UNIT_SCADA,1,"2022/10/20 12:05:00",KARSF1,36
D,DISPATCH,UNIT_SCADA,1,"2022/10/20 12:05:00",KEPSF1,11.97
D,DISPATCH,UNIT_SCADA,1,"2022/10/20 12:05:00",KEPWF1,7.92
D,DISPATCH,UNIT_SCADA,1,"2022/10/20 12:05:00",KIAMSF1,20.092320
D,DISPATCH,UNIT_SCADA,1,"2022/10/20 12:05:00",KIATAWF1,2.50
D,DISPATCH,UNIT_SCADA,1,"2022/10/20 12:05:00",KPP_1,0
D,DISPATCH,UNIT_SCADA,1,"2022/10/20 12:05:00",KSP1,45.87
D,DISPATCH,UNIT_SCADA,1,"2022/10/20 12:05:00",LADBROK1,0.01
D,DISPATCH,UNIT_SCADA,1,"2022/10/20 12:05:00",LADBROK2,0.02
D,DISPATCH,UNIT_SCADA,1,"2022/10/20 12:05:00",LBBG1,5.85
D,DISPATCH,UNIT_SCADA,1,"2022/10/20 12:05:00",LBBL1,0
D,DISPATCH,UNIT_SCADA,1,"2022/10/20 12:05:00",LD01,282.430480
D,DISPATCH,UNIT_SCADA,1,"2022/10/20 12:05:00",LD02,0
D,DISPATCH,UNIT_SCADA,1,"2022/10/20 12:05:00",LD04,278.603490
D,DISPATCH,UNIT_SCADA,1,"2022/10/20 12:05:00",LEM_WIL,21.962410
D,DISPATCH,UNIT_SCADA,1,"2022/10/20 12:05:00",LGAPWF1,20.14
D,DISPATCH,UNIT_SCADA,1,"2022/10/20 12:05:00",LGAPWF2,15.02
D,DISPATCH,UNIT_SCADA,1,"2022/10/20 12:05:00",LILYSF1,19.791870
D,DISPATCH,UNIT_SCADA,1,"2022/10/20 12:05:00",LIMOSF11,129.356370
D,DISPATCH,UNIT_SCADA,1,"2022/10/20 12:05:00",LIMOSF21,6.484570
D,DISPATCH,UNIT_SCADA,1,"2022/10/20 12:05:00",LI_WY_CA,56.171960
D,DISPATCH,UNIT_SCADA,1,"2022/10/20 12:05:00",LKBONNY1,0
D,DISPATCH,UNIT_SCADA,1,"2022/10/20 12:05:00",LKBONNY2,0.658310
D,DISPATCH,UNIT_SCADA,1,"2022/10/20 12:05:00",LKBONNY3,0
D,DISPATCH,UNIT_SCADA,1,"2022/10/20 12:05:00",LK_ECHO,0
D,DISPATCH,UNIT_SCADA,1,"2022/10/20 12:05:00",LNGS1,0
D,DISPATCH,UNIT_SCADA,1,"2022/10/20 12:05:00",LNGS2,0
D,DISPATCH,UNIT_SCADA,1,"2022/10/20 12:05:00",LONSDALE,0
D,DISPATCH,UNIT_SCADA,1,"2022/10/20 12:05:00",LOYYB1,422.927860
D,DISPATCH,UNIT_SCADA,1,"2022/10/20 12:05:00",LOYYB2,427.063290
D,DISPATCH,UNIT_SCADA,1,"2022/10/20 12:05:00",LYA1,355
D,DISPATCH,UNIT_SCADA,1,"2022/10/20 12:05:00",LYA2,0
D,DISPATCH,UNIT_SCADA,1,"2022/10/20 12:05:00",LYA3,356
D,DISPATCH,UNIT_SCADA,1,"2022/10/20 12:05:00",LYA4,356
D,DISPATCH,UNIT_SCADA,1,"2022/10/20 12:05:00",MACARTH1,77.9982
D,DISPATCH,UNIT_SCADA,1,"2022/10/20 12:05:00",MACKNTSH,0
D,DISPATCH,UNIT_SCADA,1,"2022/10/20 12:05:00",MANSLR1,11.0370
D,DISPATCH,UNIT_SCADA,1,"2022/10/20 12:05:00",MAPS2PV1,0
D,DISPATCH,UNIT_SCADA,1,"2022/10/20 12:05:00",MAPS3PV1,0
D,DISPATCH,UNIT_SCADA,1,"2022/10/20 12:05:00",MARYRSF1,18.66
D,DISPATCH,UNIT_SCADA,1,"2022/10/20 12:05:00",MBPS2PV1,0
D,DISPATCH,UNIT_SCADA,1,"2022/10/20 12:05:00",MCKAY1,0.02
D,DISPATCH,UNIT_SCADA,1,"2022/10/20 12:05:00",MEADOWBK,6.1447
D,DISPATCH,UNIT_SCADA,1,"2022/10/20 12:05:00",MERCER01,32.40
D,DISPATCH,UNIT_SCADA,1,"2022/10/20 12:05:00",METZSF1,22.818380
D,DISPATCH,UNIT_SCADA,1,"2022/10/20 12:05:00",MEWF1,7.655680
D,DISPATCH,UNIT_SCADA,1,"2022/10/20 12:05:00",MIDDLSF1,5.95
D,DISPATCH,UNIT_SCADA,1,"2022/10/20 12:05:00",MINTARO,0.128180
D,DISPATCH,UNIT_SCADA,1,"2022/10/20 12:05:00",MOLNGSF1,0
D,DISPATCH,UNIT_SCADA,1,"2022/10/20 12:05:00",MOORAWF1,82.560010
D,DISPATCH,UNIT_SCADA,1,"2022/10/20 12:05:00",MOREESF1,7.3440
D,DISPATCH,UNIT_SCADA,1,"2022/10/20 12:05:00",MORTLK11,0
D,DISPATCH,UNIT_SCADA,1,"2022/10/20 12:05:00",MORTLK12,0
D,DISPATCH,UNIT_SCADA,1,"2022/10/20 12:05:00",MOUSF1,0
D,DISPATCH,UNIT_SCADA,1,"2022/10/20 12:05:00",MP1,0
D,DISPATCH,UNIT_SCADA,1,"2022/10/20 12:05:00",MP2,348.967710
D,DISPATCH,UNIT_SCADA,1,"2022/10/20 12:05:00",MPP_1,166.570530
D,DISPATCH,UNIT_SCADA,1,"2022/10/20 12:05:00",MPP_2,175.848180
D,DISPATCH,UNIT_SCADA,1,"2022/10/20 12:05:00",MRTLSWF1,0
D,DISPATCH,UNIT_SCADA,1,"2022/10/20 12:05:00",MSTUART1,0
D,DISPATCH,UNIT_SCADA,1,"2022/10/20 12:05:00",MSTUART2,0
D,DISPATCH,UNIT_SCADA,1,"2022/10/20 12:05:00",MSTUART3,0
D,DISPATCH,UNIT_SCADA,1,"2022/10/20 12:05:00",MTGELWF1,39.582510
D,DISPATCH,UNIT_SCADA,1,"2022/10/20 12:05:00",MTMILLAR,0.40
D,DISPATCH,UNIT_SCADA,1,"2022/10/20 12:05:00",MURRAY,0
D,DISPATCH,UNIT_SCADA,1,"2022/10/20 12:05:00",MUSSELR1,82.40
D,DISPATCH,UNIT_SCADA,1,"2022/10/20 12:05:00",MUWAWF1,54
D,DISPATCH,UNIT_SCADA,1,"2022/10/20 12:05:00",MUWAWF2,42.60
D,DISPATCH,UNIT_SCADA,1,"2022/10/20 12:05:00",MWPS1PV1,0.13
D,DISPATCH,UNIT_SCADA,1,"2022/10/20 12:05:00",MWPS2PV1,0
D,DISPATCH,UNIT_SCADA,1,"2022/10/20 12:05:00",MWPS3PV1,0
D,DISPATCH,UNIT_SCADA,1,"2022/10/20 12:05:00",MWPS4PV1,0.01
D,DISPATCH,UNIT_SCADA,1,"2022/10/20 12:05:00",NBHWF1,10.90
D,DISPATCH,UNIT_SCADA,1,"2022/10/20 12:05:00",NEVERSF1,68.91
D,DISPATCH,UNIT_SCADA,1,"2022/10/20 12:05:00",NPS,0
D,DISPATCH,UNIT_SCADA,1,"2022/10/20 12:05:00",NUMURSF1,57.33
D,DISPATCH,UNIT_SCADA,1,"2022/10/20 12:05:00",NYNGAN1,8
D,DISPATCH,UNIT_SCADA,1,"2022/10/20 12:05:00",OAKEY1,0
D,DISPATCH,UNIT_SCADA,1,"2022/10/20 12:05:00",OAKEY1SF,12.2080
D,DISPATCH,UNIT_SCADA,1,"2022/10/20 12:05:00",OAKEY2,0
D,DISPATCH,UNIT_SCADA,1,"2022/10/20 12:05:00",OAKEY2SF,22.34
D,DISPATCH,UNIT_SCADA,1,"2022/10/20 12:05:00",OAKLAND1,6.20
D,DISPATCH,UNIT_SCADA,1,"2022/10/20 12:05:00",OSB-AG,0
D,DISPATCH,UNIT_SCADA,1,"2022/10/20 12:05:00",PAREPS1,0.0660
D,DISPATCH,UNIT_SCADA,1,"2022/10/20 12:05:00",PAREPW1,50.20
D,DISPATCH,UNIT_SCADA,1,"2022/10/20 12:05:00",PARSF1,9.498740
D,DISPATCH,UNIT_SCADA,1,"2022/10/20 12:05:00",POAT110,0
D,DISPATCH,UNIT_SCADA,1,"2022/10/20 12:05:00",POAT220,0
D,DISPATCH,UNIT_SCADA,1,"2022/10/20 12:05:00",POR01,0
D,DISPATCH,UNIT_SCADA,1,"2022/10/20 12:05:00",POR03,0
D,DISPATCH,UNIT_SCADA,1,"2022/10/20 12:05:00",PPCCGT,0
D,DISPATCH,UNIT_SCADA,1,"2022/10/20 12:05:00",PTSTAN1,0
D,DISPATCH,UNIT_SCADA,1,"2022/10/20 12:05:00",PUMP1,0
D,DISPATCH,UNIT_SCADA,1,"2022/10/20 12:05:00",PUMP2,0
D,DISPATCH,UNIT_SCADA,1,"2022/10/20 12:05:00",QBYNBG1,0.974490
D,DISPATCH,UNIT_SCADA,1,"2022/10/20 12:05:00",QBYNBL1,0
D,DISPATCH,UNIT_SCADA,1,"2022/10/20 12:05:00",QPS1,0
D,DISPATCH,UNIT_SCADA,1,"2022/10/20 12:05:00",QPS2,0
D,DISPATCH,UNIT_SCADA,1,"2022/10/20 12:05:00",QPS3,0
D,DISPATCH,UNIT_SCADA,1,"2022/10/20 12:05:00",QPS4,0
D,DISPATCH,UNIT_SCADA,1,"2022/10/20 12:05:00",QPS5,85.83
D,DISPATCH,UNIT_SCADA,1,"2022/10/20 12:05:00",REECE1,0
D,DISPATCH,UNIT_SCADA,1,"2022/10/20 12:05:00",REECE2,0
D,DISPATCH,UNIT_SCADA,1,"2022/10/20 12:05:00",ROMA_7,0
D,DISPATCH,UNIT_SCADA,1,"2022/10/20 12:05:00",ROMA_8,0
D,DISPATCH,UNIT_SCADA,1,"2022/10/20 12:05:00",RRSF1,16.684130
D,DISPATCH,UNIT_SCADA,1,"2022/10/20 12:05:00",RT_NSW1,0
D,DISPATCH,UNIT_SCADA,1,"2022/10/20 12:05:00",RT_NSW2,0
D,DISPATCH,UNIT_SCADA,1,"2022/10/20 12:05:00",RT_NSW3,0
D,DISPATCH,UNIT_SCADA,1,"2022/10/20 12:05:00",RT_NSW4,0
D,DISPATCH,UNIT_SCADA,1,"2022/10/20 12:05:00",RT_NSW5,0
D,DISPATCH,UNIT_SCADA,1,"2022/10/20 12:05:00",RT_NSW6,0
D,DISPATCH,UNIT_SCADA,1,"2022/10/20 12:05:00",RT_QLD1,0
D,DISPATCH,UNIT_SCADA,1,"2022/10/20 12:05:00",RT_SA1,0
D,DISPATCH,UNIT_SCADA,1,"2022/10/20 12:05:00",RT_SA2,0
D,DISPATCH,UNIT_SCADA,1,"2022/10/20 12:05:00",RT_SA3,0
D,DISPATCH,UNIT_SCADA,1,"2022/10/20 12:05:00",RT_SA4,0
D,DISPATCH,UNIT_SCADA,1,"2022/10/20 12:05:00",RT_SA5,0
D,DISPATCH,UNIT_SCADA,1,"2022/10/20 12:05:00",RT_SA6,0
D,DISPATCH,UNIT_SCADA,1,"2022/10/20 12:05:00",RT_TAS1,0
D,DISPATCH,UNIT_SCADA,1,"2022/10/20 12:05:00",RT_VIC1,0
D,DISPATCH,UNIT_SCADA,1,"2022/10/20 12:05:00",RT_VIC10,0
D,DISPATCH,UNIT_SCADA,1,"2022/10/20 12:05:00",RT_VIC11,0
D,DISPATCH,UNIT_SCADA,1,"2022/10/20 12:05:00",RT_VIC12,0
D,DISPATCH,UNIT_SCADA,1,"2022/10/20 12:05:00",RT_VIC2,0
D,DISPATCH,UNIT_SCADA,1,"2022/10/20 12:05:00",RT_VIC3,0
D,DISPATCH,UNIT_SCADA,1,"2022/10/20 12:05:00",RT_VIC4,0
D,DISPATCH,UNIT_SCADA,1,"2022/10/20 12:05:00",RT_VIC5,0
D,DISPATCH,UNIT_SCADA,1,"2022/10/20 12:05:00",RT_VIC6,0
D,DISPATCH,UNIT_SCADA,1,"2022/10/20 12:05:00",RT_VIC7,0
D,DISPATCH,UNIT_SCADA,1,"2022/10/20 12:05:00",RT_VIC8,0
D,DISPATCH,UNIT_SCADA,1,"2022/10/20 12:05:00",RT_VIC9,0
D,DISPATCH,UNIT_SCADA,1,"2022/10/20 12:05:00",RUGBYR1,23.540740
D,DISPATCH,UNIT_SCADA,1,"2022/10/20 12:05:00",SALTCRK1,22.81
D,DISPATCH,UNIT_SCADA,1,"2022/10/20 12:05:00",SAPHWF1,16.768140
D,DISPATCH,UNIT_SCADA,1,"2022/10/20 12:05:00",SEBSF1,0.3467
D,DISPATCH,UNIT_SCADA,1,"2022/10/20 12:05:00",SHGEN,0
D,DISPATCH,UNIT_SCADA,1,"2022/10/20 12:05:00",SHPUMP,0
D,DISPATCH,UNIT_SCADA,1,"2022/10/20 12:05:00",SITHE01,0.123710
D,DISPATCH,UNIT_SCADA,1,"2022/10/20 12:05:00",SMCSF1,23.2880
D,DISPATCH,UNIT_SCADA,1,"2022/10/20 12:05:00",SNAPPER1,0
D,DISPATCH,UNIT_SCADA,1,"2022/10/20 12:05:00",SNOWNTH1,3.30
D,DISPATCH,UNIT_SCADA,1,"2022/10/20 12:05:00",SNOWSTH1,0.30
D,DISPATCH,UNIT_SCADA,1,"2022/10/20 12:05:00",SNOWTWN1,0
D,DISPATCH,UNIT_SCADA,1,"2022/10/20 12:05:00",SNOWYP,0
D,DISPATCH,UNIT_SCADA,1,"2022/10/20 12:05:00",SNUG1,0
D,DISPATCH,UNIT_SCADA,1,"2022/10/20 12:05:00",SRSF1,33.53
D,DISPATCH,UNIT_SCADA,1,"2022/10/20 12:05:00",STAN-1,277.313110
D,DISPATCH,UNIT_SCADA,1,"2022/10/20 12:05:00",STAN-2,363.461550
D,DISPATCH,UNIT_SCADA,1,"2022/10/20 12:05:00",STAN-3,160.4404
D,DISPATCH,UNIT_SCADA,1,"2022/10/20 12:05:00",STAN-4,366.358370
D,DISPATCH,UNIT_SCADA,1,"2022/10/20 12:05:00",STARHLWF,0.199940
D,DISPATCH,UNIT_SCADA,1,"2022/10/20 12:05:00",STOCKYD1,89.43
D,DISPATCH,UNIT_SCADA,1,"2022/10/20 12:05:00",STWF1,0
D,DISPATCH,UNIT_SCADA,1,"2022/10/20 12:05:00",SUNRSF1,68.349740
D,DISPATCH,UNIT_SCADA,1,"2022/10/20 12:05:00",SUNTPSF1,111.371940
D,DISPATCH,UNIT_SCADA,1,"2022/10/20 12:05:00",SWAN_E,221.1250
D,DISPATCH,UNIT_SCADA,1,"2022/10/20 12:05:00",TALWA1,0
D,DISPATCH,UNIT_SCADA,1,"2022/10/20 12:05:00",TARALGA1,0
D,DISPATCH,UNIT_SCADA,1,"2022/10/20 12:05:00",TARONG#1,346.300020
D,DISPATCH,UNIT_SCADA,1,"2022/10/20 12:05:00",TARONG#2,346.300020
D,DISPATCH,UNIT_SCADA,1,"2022/10/20 12:05:00",TARONG#3,0.90
D,DISPATCH,UNIT_SCADA,1,"2022/10/20 12:05:00",TARONG#4,211.80
D,DISPATCH,UNIT_SCADA,1,"2022/10/20 12:05:00",TARRALEA,54
D,DISPATCH,UNIT_SCADA,1,"2022/10/20 12:05:00",TBSF1,0.10
D,DISPATCH,UNIT_SCADA,1,"2022/10/20 12:05:00",TNPS1,400.1875
D,DISPATCH,UNIT_SCADA,1,"2022/10/20 12:05:00",TORRB1,0
D,DISPATCH,UNIT_SCADA,1,"2022/10/20 12:05:00",TORRB2,41
D,DISPATCH,UNIT_SCADA,1,"2022/10/20 12:05:00",TORRB3,0
D,DISPATCH,UNIT_SCADA,1,"2022/10/20 12:05:00",TORRB4,0
D,DISPATCH,UNIT_SCADA,1,"2022/10/20 12:05:00",TREVALLN,99.1418
D,DISPATCH,UNIT_SCADA,1,"2022/10/20 12:05:00",TRIBUTE,0
D,DISPATCH,UNIT_SCADA,1,"2022/10/20 12:05:00",TUMUT3,0
D,DISPATCH,UNIT_SCADA,1,"2022/10/20 12:05:00",TUNGATIN,7.080020
D,DISPATCH,UNIT_SCADA,1,"2022/10/20 12:05:00",TVCC201,0
D,DISPATCH,UNIT_SCADA,1,"2022/10/20 12:05:00",TVPP104,57.826560
D,DISPATCH,UNIT_SCADA,1,"2022/10/20 12:05:00",UPPTUMUT,109.688160
D,DISPATCH,UNIT_SCADA,1,"2022/10/20 12:05:00",URANQ11,0
D,DISPATCH,UNIT_SCADA,1,"2022/10/20 12:05:00",URANQ12,0
D,DISPATCH,UNIT_SCADA,1,"2022/10/20 12:05:00",URANQ13,0
D,DISPATCH,UNIT_SCADA,1,"2022/10/20 12:05:00",URANQ14,0
D,DISPATCH,UNIT_SCADA,1,"2022/10/20 12:05:00",VBBG1,0
D,DISPATCH,UNIT_SCADA,1,"2022/10/20 12:05:00",VBBL1,103.70
D,DISPATCH,UNIT_SCADA,1,"2022/10/20 12:05:00",VP5,498.232970
D,DISPATCH,UNIT_SCADA,1,"2022/10/20 12:05:00",VP6,499.722290
D,DISPATCH,UNIT_SCADA,1,"2022/10/20 12:05:00",VPGS1,0
D,DISPATCH,UNIT_SCADA,1,"2022/10/20 12:05:00",VPGS2,0
D,DISPATCH,UNIT_SCADA,1,"2022/10/20 12:05:00",VPGS3,0
D,DISPATCH,UNIT_SCADA,1,"2022/10/20 12:05:00",VPGS4,0
D,DISPATCH,UNIT_SCADA,1,"2022/10/20 12:05:00",VPGS5,0
D,DISPATCH,UNIT_SCADA,1,"2022/10/20 12:05:00",VPGS6,0
D,DISPATCH,UNIT_SCADA,1,"2022/10/20 12:05:00",W/HOE#1,0
D,DISPATCH,UNIT_SCADA,1,"2022/10/20 12:05:00",W/HOE#2,0
D,DISPATCH,UNIT_SCADA,1,"2022/10/20 12:05:00",WAGGNSF1,0
D,DISPATCH,UNIT_SCADA,1,"2022/10/20 12:05:00",WALGRVG1,0.000930
D,DISPATCH,UNIT_SCADA,1,"2022/10/20 12:05:00",WALGRVL1,0
D,DISPATCH,UNIT_SCADA,1,"2022/10/20 12:05:00",WANDBG1,0
D,DISPATCH,UNIT_SCADA,1,"2022/10/20 12:05:00",WANDBL1,0
D,DISPATCH,UNIT_SCADA,1,"2022/10/20 12:05:00",WARWSF1,9.33
D,DISPATCH,UNIT_SCADA,1,"2022/10/20 12:05:00",WARWSF2,9.15
D,DISPATCH,UNIT_SCADA,1,"2022/10/20 12:05:00",WATERLWF,0
D,DISPATCH,UNIT_SCADA,1,"2022/10/20 12:05:00",WDGPH1,106.5350
D,DISPATCH,UNIT_SCADA,1,"2022/10/20 12:05:00",WELLSF1,122.7039
D,DISPATCH,UNIT_SCADA,1,"2022/10/20 12:05:00",WEMENSF1,28.70
D,DISPATCH,UNIT_SCADA,1,"2022/10/20 12:05:00",WGWF1,2.20
D,DISPATCH,UNIT_SCADA,1,"2022/10/20 12:05:00",WHITSF1,0
D,DISPATCH,UNIT_SCADA,1,"2022/10/20 12:05:00",WINTSF1,83.69
D,DISPATCH,UNIT_SCADA,1,"2022/10/20 12:05:00",WKIEWA1,31.90
D,DISPATCH,UNIT_SCADA,1,"2022/10/20 12:05:00",WKIEWA2,14.10
D,DISPATCH,UNIT_SCADA,1,"2022/10/20 12:05:00",WOODLWN1,19.621880
D,DISPATCH,UNIT_SCADA,1,"2022/10/20 12:05:00",WOOLGSF1,16.205310
D,DISPATCH,UNIT_SCADA,1,"2022/10/20 12:05:00",WPWF,9.24
D,DISPATCH,UNIT_SCADA,1,"2022/10/20 12:05:00",WRSF1,3.070160
D,DISPATCH,UNIT_SCADA,1,"2022/10/20 12:05:00",WRWF1,16.946670
D,DISPATCH,UNIT_SCADA,1,"2022/10/20 12:05:00",WSTWYSF1,0.032120
D,DISPATCH,UNIT_SCADA,1,"2022/10/20 12:05:00",YABULU,0
D,DISPATCH,UNIT_SCADA,1,"2022/10/20 12:05:00",YABULU2,0
D,DISPATCH,UNIT_SCADA,1,"2022/10/20 12:05:00",YARANSF1,55.84
D,DISPATCH,UNIT_SCADA,1,"2022/10/20 12:05:00",YARWUN_1,161.92
D,DISPATCH,UNIT_SCADA,1,"2022/10/20 12:05:00",YATSF1,44.22
D,DISPATCH,UNIT_SCADA,1,"2022/10/20 12:05:00",YENDWF1,59.02
D,DISPATCH,UNIT_SCADA,1,"2022/10/20 12:05:00",YWPS1,253.881010
D,DISPATCH,UNIT_SCADA,1,"2022/10/20 12:05:00",YWPS2,251.875950
D,DISPATCH,UNIT_SCADA,1,"2022/10/20 12:05:00",YWPS3,280.350650
D,DISPATCH,UNIT_SCADA,1,"2022/10/20 12:05:00",YWPS4,0
C,"END OF REPORT",419
