C,NEMP.WORLD,DISPATCHSCADA,AEMO,PUBLIC,2022/10/20,02:15:09,0000000373222082,DISPATCHSCADA,0000000373222076
I,DISPATCH,UNIT_SCADA,1,SETTLEMENTDATE,DUID,SCADAVALUE
D,DISPATCH,UNIT_SCADA,1,"2022/10/20 02:20:00",BARCSF1,0.10
D,DISPATCH,UNIT_SCADA,1,"2022/10/20 02:20:00",BUTLERSG,8.699999
D,DISPATCH,UNIT_SCADA,1,"2022/10/20 02:20:00",CAPTL_WF,6.095796
D,DISPATCH,UNIT_SCADA,1,"2022/10/20 02:20:00",CHALLHWF,15.50
D,DISPATCH,UNIT_SCADA,1,"2022/10/20 02:20:00",CLOVER,13.32
D,DISPATCH,UNIT_SCADA,1,"2022/10/20 02:20:00",CLUNY,6.267338
D,DISPATCH,UNIT_SCADA,1,"2022/10/20 02:20:00",CULLRGWF,-0.02
D,DISPATCH,UNIT_SCADA,1,"2022/10/20 02:20:00",DIAPURWF1,7.30
D,DISPATCH,UNIT_SCADA,1,"2022/10/20 02:20:00",ERGT01,0
D,DISPATCH,UNIT_SCADA,1,"2022/10/20 02:20:00",GB01,0
D,DISPATCH,UNIT_SCADA,1,"2022/10/20 02:20:00",GERMCRK,21.60
D,DISPATCH,UNIT_SCADA,1,"2022/10/20 02:20:00",GRIFSF1,0.001526
D,DISPATCH,UNIT_SCADA,1,"2022/10/20 02:20:00",HEZ1,0
D,DISPATCH,UNIT_SCADA,1,"2022/10/20 02:20:00",HUGSF1,-0.1740
D,DISPATCH,UNIT_SCADA,1,"2022/10/20 02:20:00",KEPBG1,0.02
D,DISPATCH,UNIT_SCADA,1,"2022/10/20 02:20:00",LRSF1,0.0240
D,DISPATCH,UNIT_SCADA,1,"2022/10/20 02:20:00",MBAHNTH,50.156250
D,DISPATCH,UNIT_SCADA,1,"2022/10/20 02:20:00",MLSP1,0
D,DISPATCH,UNIT_SCADA,1,"2022/10/20 02:20:00",MLWF1,1.3950
D,DISPATCH,UNIT_SCADA,1,"2022/10/20 02:20:00",PALOONA,30.439999
D,DISPATCH,UNIT_SCADA,1,"2022/10/20 02:20:00",PIONEER,45.200001
D,DISPATCH,UNIT_SCADA,1,"2022/10/20 02:20:00",PORTWF,27.10
D,DISPATCH,UNIT_SCADA,1,"2022/10/20 02:20:00",REPULSE,9.435569
D,DISPATCH,UNIT_SCADA,1,"2022/10/20 02:20:00",ROWALLAN,9.1093
D,DISPATCH,UNIT_SCADA,1,"2022/10/20 02:20:00",ROYALLA1,0
D,DISPATCH,UNIT_SCADA,1,"2022/10/20 02:20:00",RPCG,-1.20
D,DISPATCH,UNIT_SCADA,1,"2022/10/20 02:20:00",RUBICON,0
D,DISPATCH,UNIT_SCADA,1,"2022/10/20 02:20:00",WAUBRAWF,85.191002
D,DISPATCH,UNIT_SCADA,1,"2022/10/20 02:20:00",WOOLNTH1,7.74
D,DISPATCH,UNIT_SCADA,1,"2022/10/20 02:20:00",YAMBUKWF,2.80
D,DISPATCH,UNIT_SCADA,1,"2022/10/20 02:20:00",YSWF1,2.30
D,DISPATCH,UNIT_SCADA,1,"2022/10/20 02:20:00",ADPBA1G,0.0080
D,DISPATCH,UNIT_SCADA,1,"2022/10/20 02:20:00",ADPBA1L,0
D,DISPATCH,UNIT_SCADA,1,"2022/10/20 02:20:00",ADPPV1,0
D,DISPATCH,UNIT_SCADA,1,"2022/10/20 02:20:00",AGLHAL,0
D,DISPATCH,UNIT_SCADA,1,"2022/10/20 02:20:00",AGLSOM,0
D,DISPATCH,UNIT_SCADA,1,"2022/10/20 02:20:00",ANGAST1,0
D,DISPATCH,UNIT_SCADA,1,"2022/10/20 02:20:00",ARWF1,13.50
D,DISPATCH,UNIT_SCADA,1,"2022/10/20 02:20:00",BALBG1,0
D,DISPATCH,UNIT_SCADA,1,"2022/10/20 02:20:00",BALBL1,0
D,DISPATCH,UNIT_SCADA,1,"2022/10/20 02:20:00",BALDHWF1,0
D,DISPATCH,UNIT_SCADA,1,"2022/10/20 02:20:00",BANGOWF1,47.996340
D,DISPATCH,UNIT_SCADA,1,"2022/10/20 02:20:00",BANGOWF2,49.798960
D,DISPATCH,UNIT_SCADA,1,"2022/10/20 02:20:00",BANN1,0
D,DISPATCH,UNIT_SCADA,1,"2022/10/20 02:20:00",BARCALDN,0
D,DISPATCH,UNIT_SCADA,1,"2022/10/20 02:20:00",BARKIPS1,0
D,DISPATCH,UNIT_SCADA,1,"2022/10/20 02:20:00",BARRON-1,0
D,DISPATCH,UNIT_SCADA,1,"2022/10/20 02:20:00",BARRON-2,0
D,DISPATCH,UNIT_SCADA,1,"2022/10/20 02:20:00",BASTYAN,0
D,DISPATCH,UNIT_SCADA,1,"2022/10/20 02:20:00",BBTHREE1,-1.06
D,DISPATCH,UNIT_SCADA,1,"2022/10/20 02:20:00",BBTHREE2,0
D,DISPATCH,UNIT_SCADA,1,"2022/10/20 02:20:00",BBTHREE3,0
D,DISPATCH,UNIT_SCADA,1,"2022/10/20 02:20:00",BDL01,0
D,DISPATCH,UNIT_SCADA,1,"2022/10/20 02:20:00",BDL02,0
D,DISPATCH,UNIT_SCADA,1,"2022/10/20 02:20:00",BERYLSF1,0
D,DISPATCH,UNIT_SCADA,1,"2022/10/20 02:20:00",BLOWERNG,62.60
D,DISPATCH,UNIT_SCADA,1,"2022/10/20 02:20:00",BLUEGSF1,0
D,DISPATCH,UNIT_SCADA,1,"2022/10/20 02:20:00",BLUFF1,5.40
D,DISPATCH,UNIT_SCADA,1,"2022/10/20 02:20:00",BNGSF1,0
D,DISPATCH,UNIT_SCADA,1,"2022/10/20 02:20:00",BNGSF2,0
D,DISPATCH,UNIT_SCADA,1,"2022/10/20 02:20:00",BOCORWF1,7.92
D,DISPATCH,UNIT_SCADA,1,"2022/10/20 02:20:00",BODWF1,91.040960
D,DISPATCH,UNIT_SCADA,1,"2022/10/20 02:20:00",BOMENSF1,0
D,DISPATCH,UNIT_SCADA,1,"2022/10/20 02:20:00",BOWWBA1G,0.0010
D,DISPATCH,UNIT_SCADA,1,"2022/10/20 02:20:00",BOWWBA1L,0
D,DISPATCH,UNIT_SCADA,1,"2022/10/20 02:20:00",BOWWPV1,0.0010
D,DISPATCH,UNIT_SCADA,1,"2022/10/20 02:20:00",BRAEMAR1,0
D,DISPATCH,UNIT_SCADA,1,"2022/10/20 02:20:00",BRAEMAR2,0
D,DISPATCH,UNIT_SCADA,1,"2022/10/20 02:20:00",BRAEMAR3,0
D,DISPATCH,UNIT_SCADA,1,"2022/10/20 02:20:00",BRAEMAR5,0.292060
D,DISPATCH,UNIT_SCADA,1,"2022/10/20 02:20:00",BRAEMAR6,0
D,DISPATCH,UNIT_SCADA,1,"2022/10/20 02:20:00",BRAEMAR7,0.130920
D,DISPATCH,UNIT_SCADA,1,"2022/10/20 02:20:00",BROKENH1,0
D,DISPATCH,UNIT_SCADA,1,"2022/10/20 02:20:00",BRYB1WF1,134.068820
D,DISPATCH,UNIT_SCADA,1,"2022/10/20 02:20:00",BULBESG1,0
D,DISPATCH,UNIT_SCADA,1,"2022/10/20 02:20:00",BULBESL1,0.03
D,DISPATCH,UNIT_SCADA,1,"2022/10/20 02:20:00",BULGANA1,49.44
D,DISPATCH,UNIT_SCADA,1,"2022/10/20 02:20:00",BW01,442.963290
D,DISPATCH,UNIT_SCADA,1,"2022/10/20 02:20:00",BW02,437.0062
D,DISPATCH,UNIT_SCADA,1,"2022/10/20 02:20:00",BW03,436.810850
D,DISPATCH,UNIT_SCADA,1,"2022/10/20 02:20:00",BW04,0
D,DISPATCH,UNIT_SCADA,1,"2022/10/20 02:20:00",CALL_B_1,319.700010
D,DISPATCH,UNIT_SCADA,1,"2022/10/20 02:20:00",CALL_B_2,320.100010
D,DISPATCH,UNIT_SCADA,1,"2022/10/20 02:20:00",CATHROCK,9.30
D,DISPATCH,UNIT_SCADA,1,"2022/10/20 02:20:00",CBWWBA1G,0
D,DISPATCH,UNIT_SCADA,1,"2022/10/20 02:20:00",CBWWBA1L,0
D,DISPATCH,UNIT_SCADA,1,"2022/10/20 02:20:00",CETHANA,98.364130
D,DISPATCH,UNIT_SCADA,1,"2022/10/20 02:20:00",CG1,0
D,DISPATCH,UNIT_SCADA,1,"2022/10/20 02:20:00",CG2,0
D,DISPATCH,UNIT_SCADA,1,"2022/10/20 02:20:00",CG3,0
D,DISPATCH,UNIT_SCADA,1,"2022/10/20 02:20:00",CG4,0
D,DISPATCH,UNIT_SCADA,1,"2022/10/20 02:20:00",CHILDSF1,0
D,DISPATCH,UNIT_SCADA,1,"2022/10/20 02:20:00",CHYTWF1,14.23
D,DISPATCH,UNIT_SCADA,1,"2022/10/20 02:20:00",CLARESF1,0
D,DISPATCH,UNIT_SCADA,1,"2022/10/20 02:20:00",CLEMGPWF,29.606380
D,DISPATCH,UNIT_SCADA,1,"2022/10/20 02:20:00",CLERMSF1,0
D,DISPATCH,UNIT_SCADA,1,"2022/10/20 02:20:00",CNUNDAWF,0
D,DISPATCH,UNIT_SCADA,1,"2022/10/20 02:20:00",COHUNSF1,0
D,DISPATCH,UNIT_SCADA,1,"2022/10/20 02:20:00",COLEASF1,0
D,DISPATCH,UNIT_SCADA,1,"2022/10/20 02:20:00",COLUMSF1,0
D,DISPATCH,UNIT_SCADA,1,"2022/10/20 02:20:00",COLWF01,52.460520
D,DISPATCH,UNIT_SCADA,1,"2022/10/20 02:20:00",COOPGWF1,346.299990
D,DISPATCH,UNIT_SCADA,1,"2022/10/20 02:20:00",CPP_3,360.25
D,DISPATCH,UNIT_SCADA,1,"2022/10/20 02:20:00",CPP_4,0
D,DISPATCH,UNIT_SCADA,1,"2022/10/20 02:20:00",CPSA,0
D,DISPATCH,UNIT_SCADA,1,"2022/10/20 02:20:00",CROOKWF2,15.324330
D,DISPATCH,UNIT_SCADA,1,"2022/10/20 02:20:00",CROWLWF1,50.0265
D,DISPATCH,UNIT_SCADA,1,"2022/10/20 02:20:00",CRURWF1,29.398260
D,DISPATCH,UNIT_SCADA,1,"2022/10/20 02:20:00",CRWASF1,0
D,DISPATCH,UNIT_SCADA,1,"2022/10/20 02:20:00",CSPVPS1,0
D,DISPATCH,UNIT_SCADA,1,"2022/10/20 02:20:00",CTHLWF1,0.003050
D,DISPATCH,UNIT_SCADA,1,"2022/10/20 02:20:00",DALNTH01,0
D,DISPATCH,UNIT_SCADA,1,"2022/10/20 02:20:00",DALNTHL1,0.053410
D,DISPATCH,UNIT_SCADA,1,"2022/10/20 02:20:00",DARLSF1,0
D,DISPATCH,UNIT_SCADA,1,"2022/10/20 02:20:00",DARTM1,0
D,DISPATCH,UNIT_SCADA,1,"2022/10/20 02:20:00",DAYDSF1,0
D,DISPATCH,UNIT_SCADA,1,"2022/10/20 02:20:00",DDPS1,0
D,DISPATCH,UNIT_SCADA,1,"2022/10/20 02:20:00",DDSF1,0
D,DISPATCH,UNIT_SCADA,1,"2022/10/20 02:20:00",DEVILS_G,53.885920
D,DISPATCH,UNIT_SCADA,1,"2022/10/20 02:20:00",DG_NSW1,0
D,DISPATCH,UNIT_SCADA,1,"2022/10/20 02:20:00",DG_QLD1,0
D,DISPATCH,UNIT_SCADA,1,"2022/10/20 02:20:00",DG_SA1,0
D,DISPATCH,UNIT_SCADA,1,"2022/10/20 02:20:00",DG_TAS1,0
D,DISPATCH,UNIT_SCADA,1,"2022/10/20 02:20:00",DG_VIC1,0
D,DISPATCH,UNIT_SCADA,1,"2022/10/20 02:20:00",DRYCGT1,0
D,DISPATCH,UNIT_SCADA,1,"2022/10/20 02:20:00",DRYCGT2,0
D,DISPATCH,UNIT_SCADA,1,"2022/10/20 02:20:00",DRYCGT3,0
D,DISPATCH,UNIT_SCADA,1,"2022/10/20 02:20:00",DUNDWF1,78.89
D,DISPATCH,UNIT_SCADA,1,"2022/10/20 02:20:00",DUNDWF2,27.06
D,DISPATCH,UNIT_SCADA,1,"2022/10/20 02:20:00",DUNDWF3,80.80
D,DISPATCH,UNIT_SCADA,1,"2022/10/20 02:20:00",EILDON1,60.12
D,DISPATCH,UNIT_SCADA,1,"2022/10/20 02:20:00",EILDON2,60.08
D,DISPATCH,UNIT_SCADA,1,"2022/10/20 02:20:00",ELAINWF1,34.11
D,DISPATCH,UNIT_SCADA,1,"2022/10/20 02:20:00",EMERASF1,0
D,DISPATCH,UNIT_SCADA,1,"2022/10/20 02:20:00",ER01,0
D,DISPATCH,UNIT_SCADA,1,"2022/10/20 02:20:00",ER02,334.880580
D,DISPATCH,UNIT_SCADA,1,"2022/10/20 02:20:00",ER03,330.022130
D,DISPATCH,UNIT_SCADA,1,"2022/10/20 02:20:00",ER04,346.941310
D,DISPATCH,UNIT_SCADA,1,"2022/10/20 02:20:00",FINLYSF1,0
D,DISPATCH,UNIT_SCADA,1,"2022/10/20 02:20:00",FISHER,31
D,DISPATCH,UNIT_SCADA,1,"2022/10/20 02:20:00",GANGARR1,0
D,DISPATCH,UNIT_SCADA,1,"2022/10/20 02:20:00",GANNBG1,0
D,DISPATCH,UNIT_SCADA,1,"2022/10/20 02:20:00",GANNBL1,7.676990
D,DISPATCH,UNIT_SCADA,1,"2022/10/20 02:20:00",GANNSF1,0
D,DISPATCH,UNIT_SCADA,1,"2022/10/20 02:20:00",GLRWNSF1,0
D,DISPATCH,UNIT_SCADA,1,"2022/10/20 02:20:00",GNNDHSF1,0
D,DISPATCH,UNIT_SCADA,1,"2022/10/20 02:20:00",GOONSF1,0
D,DISPATCH,UNIT_SCADA,1,"2022/10/20 02:20:00",GORDON,198.084560
D,DISPATCH,UNIT_SCADA,1,"2022/10/20 02:20:00",GRANWF1,0
D,DISPATCH,UNIT_SCADA,1,"2022/10/20 02:20:00",GSTONE1,140.524990
D,DISPATCH,UNIT_SCADA,1,"2022/10/20 02:20:00",GSTONE2,0
D,DISPATCH,UNIT_SCADA,1,"2022/10/20 02:20:00",GSTONE3,219.974990
D,DISPATCH,UNIT_SCADA,1,"2022/10/20 02:20:00",GSTONE4,0
D,DISPATCH,UNIT_SCADA,1,"2022/10/20 02:20:00",GSTONE5,221.55
D,DISPATCH,UNIT_SCADA,1,"2022/10/20 02:20:00",GSTONE6,222.25
D,DISPATCH,UNIT_SCADA,1,"2022/10/20 02:20:00",GULLRSF1,0
D,DISPATCH,UNIT_SCADA,1,"2022/10/20 02:20:00",GULLRWF1,52.7642
D,DISPATCH,UNIT_SCADA,1,"2022/10/20 02:20:00",GULLRWF2,43.075850
D,DISPATCH,UNIT_SCADA,1,"2022/10/20 02:20:00",GUNNING1,0
D,DISPATCH,UNIT_SCADA,1,"2022/10/20 02:20:00",GUTHEGA,67.80
D,DISPATCH,UNIT_SCADA,1,"2022/10/20 02:20:00",HALLWF1,62.72
D,DISPATCH,UNIT_SCADA,1,"2022/10/20 02:20:00",HALLWF2,54.41
D,DISPATCH,UNIT_SCADA,1,"2022/10/20 02:20:00",HAMISF1,0
D,DISPATCH,UNIT_SCADA,1,"2022/10/20 02:20:00",HAUGHT11,0
D,DISPATCH,UNIT_SCADA,1,"2022/10/20 02:20:00",HAYMSF1,0
D,DISPATCH,UNIT_SCADA,1,"2022/10/20 02:20:00",HDWF1,86.80
D,DISPATCH,UNIT_SCADA,1,"2022/10/20 02:20:00",HDWF2,61.60
D,DISPATCH,UNIT_SCADA,1,"2022/10/20 02:20:00",HDWF3,71.50
D,DISPATCH,UNIT_SCADA,1,"2022/10/20 02:20:00",HILLSTN1,0
D,DISPATCH,UNIT_SCADA,1,"2022/10/20 02:20:00",HPRG1,0
D,DISPATCH,UNIT_SCADA,1,"2022/10/20 02:20:00",HPRL1,3.30
D,DISPATCH,UNIT_SCADA,1,"2022/10/20 02:20:00",HUMENSW,54.404470
D,DISPATCH,UNIT_SCADA,1,"2022/10/20 02:20:00",HUMEV,0
D,DISPATCH,UNIT_SCADA,1,"2022/10/20 02:20:00",HVWWBA1G,0
D,DISPATCH,UNIT_SCADA,1,"2022/10/20 02:20:00",HVWWBA1L,0.0060
D,DISPATCH,UNIT_SCADA,1,"2022/10/20 02:20:00",HVWWPV1,0
D,DISPATCH,UNIT_SCADA,1,"2022/10/20 02:20:00",JBUTTERS,0
D,DISPATCH,UNIT_SCADA,1,"2022/10/20 02:20:00",JEMALNG1,0
D,DISPATCH,UNIT_SCADA,1,"2022/10/20 02:20:00",JLA01,0
D,DISPATCH,UNIT_SCADA,1,"2022/10/20 02:20:00",JLA02,0
D,DISPATCH,UNIT_SCADA,1,"2022/10/20 02:20:00",JLA03,0
D,DISPATCH,UNIT_SCADA,1,"2022/10/20 02:20:00",JLA04,0
D,DISPATCH,UNIT_SCADA,1,"2022/10/20 02:20:00",JLB01,0
D,DISPATCH,UNIT_SCADA,1,"2022/10/20 02:20:00",JLB02,0.10
D,DISPATCH,UNIT_SCADA,1,"2022/10/20 02:20:00",JLB03,0
D,DISPATCH,UNIT_SCADA,1,"2022/10/20 02:20:00",JUNEESF1,0
D,DISPATCH,UNIT_SCADA,1,"2022/10/20 02:20:00",KABANWF1,1.12
D,DISPATCH,UNIT_SCADA,1,"2022/10/20 02:20:00",KAREEYA1,17.9850
D,DISPATCH,UNIT_SCADA,1,"2022/10/20 02:20:00",KAREEYA2,0
D,DISPATCH,UNIT_SCADA,1,"2022/10/20 02:20:00",KAREEYA3,21.5275
D,DISPATCH,UNIT_SCADA,1,"2022/10/20 02:20:00",KAREEYA4,0
D,DISPATCH,UNIT_SCADA,1,"2022/10/20 02:20:00",KARSF1,0
D,DISPATCH,UNIT_SCADA,1,"2022/10/20 02:20:00",KEPSF1,0
D,DISPATCH,UNIT_SCADA,1,"2022/10/20 02:20:00",KEPWF1,5.43
D,DISPATCH,UNIT_SCADA,1,"2022/10/20 02:20:00",KIAMSF1,0
D,DISPATCH,UNIT_SCADA,1,"2022/10/20 02:20:00",KIATAWF1,30.90
D,DISPATCH,UNIT_SCADA,1,"2022/10/20 02:20:00",KPP_1,0
D,DISPATCH,UNIT_SCADA,1,"2022/10/20 02:20:00",KSP1,0
D,DISPATCH,UNIT_SCADA,1,"2022/10/20 02:20:00",LADBROK1,0.01
D,DISPATCH,UNIT_SCADA,1,"2022/10/20 02:20:00",LADBROK2,37.94
D,DISPATCH,UNIT_SCADA,1,"2022/10/20 02:20:00",LBBG1,0
D,DISPATCH,UNIT_SCADA,1,"2022/10/20 02:20:00",LBBL1,10.95
D,DISPATCH,UNIT_SCADA,1,"2022/10/20 02:20:00",LD01,319.931640
D,DISPATCH,UNIT_SCADA,1,"2022/10/20 02:20:00",LD02,0
D,DISPATCH,UNIT_SCADA,1,"2022/10/20 02:20:00",LD04,319.656980
D,DISPATCH,UNIT_SCADA,1,"2022/10/20 02:20:00",LEM_WIL,86.900440
D,DISPATCH,UNIT_SCADA,1,"2022/10/20 02:20:00",LGAPWF1,57.90
D,DISPATCH,UNIT_SCADA,1,"2022/10/20 02:20:00",LGAPWF2,42.35
D,DISPATCH,UNIT_SCADA,1,"2022/10/20 02:20:00",LILYSF1,0
D,DISPATCH,UNIT_SCADA,1,"2022/10/20 02:20:00",LIMOSF11,0
D,DISPATCH,UNIT_SCADA,1,"2022/10/20 02:20:00",LIMOSF21,0
D,DISPATCH,UNIT_SCADA,1,"2022/10/20 02:20:00",LI_WY_CA,55.804060
D,DISPATCH,UNIT_SCADA,1,"2022/10/20 02:20:00",LKBONNY1,0
D,DISPATCH,UNIT_SCADA,1,"2022/10/20 02:20:00",LKBONNY2,34.277870
D,DISPATCH,UNIT_SCADA,1,"2022/10/20 02:20:00",LKBONNY3,7.982560
D,DISPATCH,UNIT_SCADA,1,"2022/10/20 02:20:00",LK_ECHO,0
D,DISPATCH,UNIT_SCADA,1,"2022/10/20 02:20:00",LNGS1,0
D,DISPATCH,UNIT_SCADA,1,"2022/10/20 02:20:00",LNGS2,0
D,DISPATCH,UNIT_SCADA,1,"2022/10/20 02:20:00",LONSDALE,0
D,DISPATCH,UNIT_SCADA,1,"2022/10/20 02:20:00",LOYYB1,448.116460
D,DISPATCH,UNIT_SCADA,1,"2022/10/20 02:20:00",LOYYB2,453.379760
D,DISPATCH,UNIT_SCADA,1,"2022/10/20 02:20:00",LYA1,512
D,DISPATCH,UNIT_SCADA,1,"2022/10/20 02:20:00",LYA2,0
D,DISPATCH,UNIT_SCADA,1,"2022/10/20 02:20:00",LYA3,511
D,DISPATCH,UNIT_SCADA,1,"2022/10/20 02:20:00",LYA4,512
D,DISPATCH,UNIT_SCADA,1,"2022/10/20 02:20:00",MACARTH1,26.0994
D,DISPATCH,UNIT_SCADA,1,"2022/10/20 02:20:00",MACKNTSH,0
D,DISPATCH,UNIT_SCADA,1,"2022/10/20 02:20:00",MANSLR1,0
D,DISPATCH,UNIT_SCADA,1,"2022/10/20 02:20:00",MAPS2PV1,0
D,DISPATCH,UNIT_SCADA,1,"2022/10/20 02:20:00",MAPS3PV1,0
D,DISPATCH,UNIT_SCADA,1,"2022/10/20 02:20:00",MARYRSF1,0
D,DISPATCH,UNIT_SCADA,1,"2022/10/20 02:20:00",MBPS2PV1,0
D,DISPATCH,UNIT_SCADA,1,"2022/10/20 02:20:00",MCKAY1,0.02
D,DISPATCH,UNIT_SCADA,1,"2022/10/20 02:20:00",MEADOWBK,20.063160
D,DISPATCH,UNIT_SCADA,1,"2022/10/20 02:20:00",MERCER01,39.20
D,DISPATCH,UNIT_SCADA,1,"2022/10/20 02:20:00",METZSF1,0
D,DISPATCH,UNIT_SCADA,1,"2022/10/20 02:20:00",MEWF1,2
D,DISPATCH,UNIT_SCADA,1,"2022/10/20 02:20:00",MIDDLSF1,0
D,DISPATCH,UNIT_SCADA,1,"2022/10/20 02:20:00",MINTARO,0.128180
D,DISPATCH,UNIT_SCADA,1,"2022/10/20 02:20:00",MOLNGSF1,0
D,DISPATCH,UNIT_SCADA,1,"2022/10/20 02:20:00",MOORAWF1,57.17
D,DISPATCH,UNIT_SCADA,1,"2022/10/20 02:20:00",MOREESF1,0
D,DISPATCH,UNIT_SCADA,1,"2022/10/20 02:20:00",MORTLK11,0
D,DISPATCH,UNIT_SCADA,1,"2022/10/20 02:20:00",MORTLK12,0
D,DISPATCH,UNIT_SCADA,1,"2022/10/20 02:20:00",MOUSF1,0
D,DISPATCH,UNIT_SCADA,1,"2022/10/20 02:20:00",MP1,0
D,DISPATCH,UNIT_SCADA,1,"2022/10/20 02:20:00",MP2,285.197240
D,DISPATCH,UNIT_SCADA,1,"2022/10/20 02:20:00",MPP_1,136.723330
D,DISPATCH,UNIT_SCADA,1,"2022/10/20 02:20:00",MPP_2,0
D,DISPATCH,UNIT_SCADA,1,"2022/10/20 02:20:00",MRTLSWF1,0
D,DISPATCH,UNIT_SCADA,1,"2022/10/20 02:20:00",MSTUART1,0
D,DISPATCH,UNIT_SCADA,1,"2022/10/20 02:20:00",MSTUART2,0
D,DISPATCH,UNIT_SCADA,1,"2022/10/20 02:20:00",MSTUART3,0
D,DISPATCH,UNIT_SCADA,1,"2022/10/20 02:20:00",MTGELWF1,15.758230
D,DISPATCH,UNIT_SCADA,1,"2022/10/20 02:20:00",MTMILLAR,10
D,DISPATCH,UNIT_SCADA,1,"2022/10/20 02:20:00",MURRAY,0
D,DISPATCH,UNIT_SCADA,1,"2022/10/20 02:20:00",MUSSELR1,38.40
D,DISPATCH,UNIT_SCADA,1,"2022/10/20 02:20:00",MUWAWF1,186.539990
D,DISPATCH,UNIT_SCADA,1,"2022/10/20 02:20:00",MUWAWF2,184.399990
D,DISPATCH,UNIT_SCADA,1,"2022/10/20 02:20:00",MWPS1PV1,0
D,DISPATCH,UNIT_SCADA,1,"2022/10/20 02:20:00",MWPS2PV1,0
D,DISPATCH,UNIT_SCADA,1,"2022/10/20 02:20:00",MWPS3PV1,0
D,DISPATCH,UNIT_SCADA,1,"2022/10/20 02:20:00",MWPS4PV1,0
D,DISPATCH,UNIT_SCADA,1,"2022/10/20 02:20:00",NBHWF1,104.600010
D,DISPATCH,UNIT_SCADA,1,"2022/10/20 02:20:00",NEVERSF1,0
D,DISPATCH,UNIT_SCADA,1,"2022/10/20 02:20:00",NPS,0
D,DISPATCH,UNIT_SCADA,1,"2022/10/20 02:20:00",NUMURSF1,0
D,DISPATCH,UNIT_SCADA,1,"2022/10/20 02:20:00",NYNGAN1,0
D,DISPATCH,UNIT_SCADA,1,"2022/10/20 02:20:00",OAKEY1,0
D,DISPATCH,UNIT_SCADA,1,"2022/10/20 02:20:00",OAKEY1SF,0
D,DISPATCH,UNIT_SCADA,1,"2022/10/20 02:20:00",OAKEY2,0
D,DISPATCH,UNIT_SCADA,1,"2022/10/20 02:20:00",OAKEY2SF,0
D,DISPATCH,UNIT_SCADA,1,"2022/10/20 02:20:00",OAKLAND1,19.10
D,DISPATCH,UNIT_SCADA,1,"2022/10/20 02:20:00",OSB-AG,0
D,DISPATCH,UNIT_SCADA,1,"2022/10/20 02:20:00",PAREPS1,0.0660
D,DISPATCH,UNIT_SCADA,1,"2022/10/20 02:20:00",PAREPW1,51.50
D,DISPATCH,UNIT_SCADA,1,"2022/10/20 02:20:00",PARSF1,0.001530
D,DISPATCH,UNIT_SCADA,1,"2022/10/20 02:20:00",POAT110,0
D,DISPATCH,UNIT_SCADA,1,"2022/10/20 02:20:00",POAT220,0
D,DISPATCH,UNIT_SCADA,1,"2022/10/20 02:20:00",POR01,0
D,DISPATCH,UNIT_SCADA,1,"2022/10/20 02:20:00",POR03,0
D,DISPATCH,UNIT_SCADA,1,"2022/10/20 02:20:00",PPCCGT,124.561540
D,DISPATCH,UNIT_SCADA,1,"2022/10/20 02:20:00",PTSTAN1,0
D,DISPATCH,UNIT_SCADA,1,"2022/10/20 02:20:00",PUMP1,0
D,DISPATCH,UNIT_SCADA,1,"2022/10/20 02:20:00",PUMP2,0
D,DISPATCH,UNIT_SCADA,1,"2022/10/20 02:20:00",QBYNBG1,0
D,DISPATCH,UNIT_SCADA,1,"2022/10/20 02:20:00",QBYNBL1,0.0015
D,DISPATCH,UNIT_SCADA,1,"2022/10/20 02:20:00",QPS1,0
D,DISPATCH,UNIT_SCADA,1,"2022/10/20 02:20:00",QPS2,0
D,DISPATCH,UNIT_SCADA,1,"2022/10/20 02:20:00",QPS3,0
D,DISPATCH,UNIT_SCADA,1,"2022/10/20 02:20:00",QPS4,0
D,DISPATCH,UNIT_SCADA,1,"2022/10/20 02:20:00",QPS5,74.77
D,DISPATCH,UNIT_SCADA,1,"2022/10/20 02:20:00",REECE1,0
D,DISPATCH,UNIT_SCADA,1,"2022/10/20 02:20:00",REECE2,0
D,DISPATCH,UNIT_SCADA,1,"2022/10/20 02:20:00",ROMA_7,0
D,DISPATCH,UNIT_SCADA,1,"2022/10/20 02:20:00",ROMA_8,0
D,DISPATCH,UNIT_SCADA,1,"2022/10/20 02:20:00",RRSF1,0
D,DISPATCH,UNIT_SCADA,1,"2022/10/20 02:20:00",RT_NSW1,0
D,DISPATCH,UNIT_SCADA,1,"2022/10/20 02:20:00",RT_NSW2,0
D,DISPATCH,UNIT_SCADA,1,"2022/10/20 02:20:00",RT_NSW3,0
D,DISPATCH,UNIT_SCADA,1,"2022/10/20 02:20:00",RT_NSW4,0
D,DISPATCH,UNIT_SCADA,1,"2022/10/20 02:20:00",RT_NSW5,0
D,DISPATCH,UNIT_SCADA,1,"2022/10/20 02:20:00",RT_NSW6,0
D,DISPATCH,UNIT_SCADA,1,"2022/10/20 02:20:00",RT_QLD1,0
D,DISPATCH,UNIT_SCADA,1,"2022/10/20 02:20:00",RT_SA1,0
D,DISPATCH,UNIT_SCADA,1,"2022/10/20 02:20:00",RT_SA2,0
D,DISPATCH,UNIT_SCADA,1,"2022/10/20 02:20:00",RT_SA3,0
D,DISPATCH,UNIT_SCADA,1,"2022/10/20 02:20:00",RT_SA4,0
D,DISPATCH,UNIT_SCADA,1,"2022/10/20 02:20:00",RT_SA5,0
D,DISPATCH,UNIT_SCADA,1,"2022/10/20 02:20:00",RT_SA6,0
D,DISPATCH,UNIT_SCADA,1,"2022/10/20 02:20:00",RT_TAS1,0
D,DISPATCH,UNIT_SCADA,1,"2022/10/20 02:20:00",RT_VIC1,0
D,DISPATCH,UNIT_SCADA,1,"2022/10/20 02:20:00",RT_VIC10,0
D,DISPATCH,UNIT_SCADA,1,"2022/10/20 02:20:00",RT_VIC11,0
D,DISPATCH,UNIT_SCADA,1,"2022/10/20 02:20:00",RT_VIC12,0
D,DISPATCH,UNIT_SCADA,1,"2022/10/20 02:20:00",RT_VIC2,0
D,DISPATCH,UNIT_SCADA,1,"2022/10/20 02:20:00",RT_VIC3,0
D,DISPATCH,UNIT_SCADA,1,"2022/10/20 02:20:00",RT_VIC4,0
D,DISPATCH,UNIT_SCADA,1,"2022/10/20 02:20:00",RT_VIC5,0
D,DISPATCH,UNIT_SCADA,1,"2022/10/20 02:20:00",RT_VIC6,0
D,DISPATCH,UNIT_SCADA,1,"2022/10/20 02:20:00",RT_VIC7,0
D,DISPATCH,UNIT_SCADA,1,"2022/10/20 02:20:00",RT_VIC8,0
D,DISPATCH,UNIT_SCADA,1,"2022/10/20 02:20:00",RT_VIC9,0
D,DISPATCH,UNIT_SCADA,1,"2022/10/20 02:20:00",RUGBYR1,0
D,DISPATCH,UNIT_SCADA,1,"2022/10/20 02:20:00",SALTCRK1,17.98
D,DISPATCH,UNIT_SCADA,1,"2022/10/20 02:20:00",SAPHWF1,167.631040
D,DISPATCH,UNIT_SCADA,1,"2022/10/20 02:20:00",SEBSF1,0
D,DISPATCH,UNIT_SCADA,1,"2022/10/20 02:20:00",SHGEN,0
D,DISPATCH,UNIT_SCADA,1,"2022/10/20 02:20:00",SHPUMP,0
D,DISPATCH,UNIT_SCADA,1,"2022/10/20 02:20:00",SITHE01,0.153860
D,DISPATCH,UNIT_SCADA,1,"2022/10/20 02:20:00",SMCSF1,0
D,DISPATCH,UNIT_SCADA,1,"2022/10/20 02:20:00",SNAPPER1,0
D,DISPATCH,UNIT_SCADA,1,"2022/10/20 02:20:00",SNOWNTH1,129.50
D,DISPATCH,UNIT_SCADA,1,"2022/10/20 02:20:00",SNOWSTH1,112.50
D,DISPATCH,UNIT_SCADA,1,"2022/10/20 02:20:00",SNOWTWN1,91.581330
D,DISPATCH,UNIT_SCADA,1,"2022/10/20 02:20:00",SNOWYP,0
D,DISPATCH,UNIT_SCADA,1,"2022/10/20 02:20:00",SNUG1,0
D,DISPATCH,UNIT_SCADA,1,"2022/10/20 02:20:00",SRSF1,0
D,DISPATCH,UNIT_SCADA,1,"2022/10/20 02:20:00",STAN-1,279.8895
D,DISPATCH,UNIT_SCADA,1,"2022/10/20 02:20:00",STAN-2,364.1665
D,DISPATCH,UNIT_SCADA,1,"2022/10/20 02:20:00",STAN-3,364.192140
D,DISPATCH,UNIT_SCADA,1,"2022/10/20 02:20:00",STAN-4,364.243440
D,DISPATCH,UNIT_SCADA,1,"2022/10/20 02:20:00",STARHLWF,0.01
D,DISPATCH,UNIT_SCADA,1,"2022/10/20 02:20:00",STOCKYD1,235.55
D,DISPATCH,UNIT_SCADA,1,"2022/10/20 02:20:00",STWF1,120.032960
D,DISPATCH,UNIT_SCADA,1,"2022/10/20 02:20:00",SUNRSF1,0
D,DISPATCH,UNIT_SCADA,1,"2022/10/20 02:20:00",SUNTPSF1,0
D,DISPATCH,UNIT_SCADA,1,"2022/10/20 02:20:00",SWAN_E,244.651250
D,DISPATCH,UNIT_SCADA,1,"2022/10/20 02:20:00",TALWA1,0
D,DISPATCH,UNIT_SCADA,1,"2022/10/20 02:20:00",TARALGA1,0
D,DISPATCH,UNIT_SCADA,1,"2022/10/20 02:20:00",TARONG#1,281.200010
D,DISPATCH,UNIT_SCADA,1,"2022/10/20 02:20:00",TARONG#2,280.50
D,DISPATCH,UNIT_SCADA,1,"2022/10/20 02:20:00",TARONG#3,0.90
D,DISPATCH,UNIT_SCADA,1,"2022/10/20 02:20:00",TARONG#4,192.100010
D,DISPATCH,UNIT_SCADA,1,"2022/10/20 02:20:00",TARRALEA,53.90
D,DISPATCH,UNIT_SCADA,1,"2022/10/20 02:20:00",TBSF1,0
D,DISPATCH,UNIT_SCADA,1,"2022/10/20 02:20:00",TNPS1,300.0625
D,DISPATCH,UNIT_SCADA,1,"2022/10/20 02:20:00",TORRB1,0
D,DISPATCH,UNIT_SCADA,1,"2022/10/20 02:20:00",TORRB2,40
D,DISPATCH,UNIT_SCADA,1,"2022/10/20 02:20:00",TORRB3,0
D,DISPATCH,UNIT_SCADA,1,"2022/10/20 02:20:00",TORRB4,0
D,DISPATCH,UNIT_SCADA,1,"2022/10/20 02:20:00",TREVALLN,100.101090
D,DISPATCH,UNIT_SCADA,1,"2022/10/20 02:20:00",TRIBUTE,0
D,DISPATCH,UNIT_SCADA,1,"2022/10/20 02:20:00",TUMUT3,0
D,DISPATCH,UNIT_SCADA,1,"2022/10/20 02:20:00",TUNGATIN,5.180020
D,DISPATCH,UNIT_SCADA,1,"2022/10/20 02:20:00",TVCC201,0
D,DISPATCH,UNIT_SCADA,1,"2022/10/20 02:20:00",TVPP104,0
D,DISPATCH,UNIT_SCADA,1,"2022/10/20 02:20:00",UPPTUMUT,0
D,DISPATCH,UNIT_SCADA,1,"2022/10/20 02:20:00",URANQ11,0
D,DISPATCH,UNIT_SCADA,1,"2022/10/20 02:20:00",URANQ12,0
D,DISPATCH,UNIT_SCADA,1,"2022/10/20 02:20:00",URANQ13,0
D,DISPATCH,UNIT_SCADA,1,"2022/10/20 02:20:00",URANQ14,0
D,DISPATCH,UNIT_SCADA,1,"2022/10/20 02:20:00",VBBG1,0
D,DISPATCH,UNIT_SCADA,1,"2022/10/20 02:20:00",VBBL1,81.10
D,DISPATCH,UNIT_SCADA,1,"2022/10/20 02:20:00",VP5,552.702390
D,DISPATCH,UNIT_SCADA,1,"2022/10/20 02:20:00",VP6,550.456240
D,DISPATCH,UNIT_SCADA,1,"2022/10/20 02:20:00",VPGS1,0
D,DISPATCH,UNIT_SCADA,1,"2022/10/20 02:20:00",VPGS2,0
D,DISPATCH,UNIT_SCADA,1,"2022/10/20 02:20:00",VPGS3,0
D,DISPATCH,UNIT_SCADA,1,"2022/10/20 02:20:00",VPGS4,0
D,DISPATCH,UNIT_SCADA,1,"2022/10/20 02:20:00",VPGS5,0
D,DISPATCH,UNIT_SCADA,1,"2022/10/20 02:20:00",VPGS6,0
D,DISPATCH,UNIT_SCADA,1,"2022/10/20 02:20:00",W/HOE#1,0
D,DISPATCH,UNIT_SCADA,1,"2022/10/20 02:20:00",W/HOE#2,0
D,DISPATCH,UNIT_SCADA,1,"2022/10/20 02:20:00",WAGGNSF1,0
D,DISPATCH,UNIT_SCADA,1,"2022/10/20 02:20:00",WALGRVG1,0.000930
D,DISPATCH,UNIT_SCADA,1,"2022/10/20 02:20:00",WALGRVL1,0
D,DISPATCH,UNIT_SCADA,1,"2022/10/20 02:20:00",WANDBG1,0
D,DISPATCH,UNIT_SCADA,1,"2022/10/20 02:20:00",WANDBL1,0
D,DISPATCH,UNIT_SCADA,1,"2022/10/20 02:20:00",WARWSF1,0
D,DISPATCH,UNIT_SCADA,1,"2022/10/20 02:20:00",WARWSF2,0
D,DISPATCH,UNIT_SCADA,1,"2022/10/20 02:20:00",WATERLWF,65.10
D,DISPATCH,UNIT_SCADA,1,"2022/10/20 02:20:00",WDGPH1,0
D,DISPATCH,UNIT_SCADA,1,"2022/10/20 02:20:00",WELLSF1,0
D,DISPATCH,UNIT_SCADA,1,"2022/10/20 02:20:00",WEMENSF1,0
D,DISPATCH,UNIT_SCADA,1,"2022/10/20 02:20:00",WGWF1,115.80
D,DISPATCH,UNIT_SCADA,1,"2022/10/20 02:20:00",WHITSF1,0
D,DISPATCH,UNIT_SCADA,1,"2022/10/20 02:20:00",WINTSF1,0
D,DISPATCH,UNIT_SCADA,1,"2022/10/20 02:20:00",WKIEWA1,33.90
D,DISPATCH,UNIT_SCADA,1,"2022/10/20 02:20:00",WKIEWA2,34
D,DISPATCH,UNIT_SCADA,1,"2022/10/20 02:20:00",WOODLWN1,10.929370
D,DISPATCH,UNIT_SCADA,1,"2022/10/20 02:20:00",WOOLGSF1,0
D,DISPATCH,UNIT_SCADA,1,"2022/10/20 02:20:00",WPWF,80.60
D,DISPATCH,UNIT_SCADA,1,"2022/10/20 02:20:00",WRSF1,0
D,DISPATCH,UNIT_SCADA,1,"2022/10/20 02:20:00",WRWF1,42.646520
D,DISPATCH,UNIT_SCADA,1,"2022/10/20 02:20:00",WSTWYSF1,0
D,DISPATCH,UNIT_SCADA,1,"2022/10/20 02:20:00",YABULU,0
D,DISPATCH,UNIT_SCADA,1,"2022/10/20 02:20:00",YABULU2,0
D,DISPATCH,UNIT_SCADA,1,"2022/10/20 02:20:00",YARANSF1,0
D,DISPATCH,UNIT_SCADA,1,"2022/10/20 02:20:00",YARWUN_1,159.849990
D,DISPATCH,UNIT_SCADA,1,"2022/10/20 02:20:00",YATSF1,0
D,DISPATCH,UNIT_SCADA,1,"2022/10/20 02:20:00",YENDWF1,37.94
D,DISPATCH,UNIT_SCADA,1,"2022/10/20 02:20:00",YWPS1,363.658230
D,DISPATCH,UNIT_SCADA,1,"2022/10/20 02:20:00",YWPS2,358.394930
D,DISPATCH,UNIT_SCADA,1,"2022/10/20 02:20:00",YWPS3,359.6709
D,DISPATCH,UNIT_SCADA,1,"2022/10/20 02:20:00",YWPS4,0
C,"END OF REPORT",419
