C,NEMP.WORLD,DISPATCHSCADA,AEMO,PUBLIC,2022/10/20,10:15:10,0000000373246481,DISPATCHSCADA,0000000373246475
I,DISPATCH,UNIT_SCADA,1,SETTLEMENTDATE,DUID,SCADAVALUE
D,DISPATCH,UNIT_SCADA,1,"2022/10/20 10:20:00",BARCSF1,11.10
D,DISPATCH,UNIT_SCADA,1,"2022/10/20 10:20:00",BUTLERSG,8.699999
D,DISPATCH,UNIT_SCADA,1,"2022/10/20 10:20:00",CAPTL_WF,31.586420
D,DISPATCH,UNIT_SCADA,1,"2022/10/20 10:20:00",CHALLHWF,6.30
D,DISPATCH,UNIT_SCADA,1,"2022/10/20 10:20:00",CLOVER,11.85
D,DISPATCH,UNIT_SCADA,1,"2022/10/20 10:20:00",CLUNY,6.195926
D,DISPATCH,UNIT_SCADA,1,"2022/10/20 10:20:00",CULLRGWF,-0.04
D,DISPATCH,UNIT_SCADA,1,"2022/10/20 10:20:00",DIAPURWF1,5.90
D,DISPATCH,UNIT_SCADA,1,"2022/10/20 10:20:00",ERGT01,0
D,DISPATCH,UNIT_SCADA,1,"2022/10/20 10:20:00",GB01,0
D,DISPATCH,UNIT_SCADA,1,"2022/10/20 10:20:00",GERMCRK,19.60
D,DISPATCH,UNIT_SCADA,1,"2022/10/20 10:20:00",GRIFSF1,6.300450
D,DISPATCH,UNIT_SCADA,1,"2022/10/20 10:20:00",HEZ1,0
D,DISPATCH,UNIT_SCADA,1,"2022/10/20 10:20:00",HUGSF1,11.657001
D,DISPATCH,UNIT_SCADA,1,"2022/10/20 10:20:00",KEPBG1,0
D,DISPATCH,UNIT_SCADA,1,"2022/10/20 10:20:00",LRSF1,7.5090
D,DISPATCH,UNIT_SCADA,1,"2022/10/20 10:20:00",MBAHNTH,45.3750
D,DISPATCH,UNIT_SCADA,1,"2022/10/20 10:20:00",MLSP1,11.213001
D,DISPATCH,UNIT_SCADA,1,"2022/10/20 10:20:00",MLWF1,5.5950
D,DISPATCH,UNIT_SCADA,1,"2022/10/20 10:20:00",PALOONA,30.199999
D,DISPATCH,UNIT_SCADA,1,"2022/10/20 10:20:00",PIONEER,44.299999
D,DISPATCH,UNIT_SCADA,1,"2022/10/20 10:20:00",PORTWF,76.599998
D,DISPATCH,UNIT_SCADA,1,"2022/10/20 10:20:00",REPULSE,9.479515
D,DISPATCH,UNIT_SCADA,1,"2022/10/20 10:20:00",ROWALLAN,8.8395
D,DISPATCH,UNIT_SCADA,1,"2022/10/20 10:20:00",ROYALLA1,9.866004
D,DISPATCH,UNIT_SCADA,1,"2022/10/20 10:20:00",RPCG,-1.80
D,DISPATCH,UNIT_SCADA,1,"2022/10/20 10:20:00",RUBICON,0
D,DISPATCH,UNIT_SCADA,1,"2022/10/20 10:20:00",WAUBRAWF,7.3610
D,DISPATCH,UNIT_SCADA,1,"2022/10/20 10:20:00",WOOLNTH1,-0.81
D,DISPATCH,UNIT_SCADA,1,"2022/10/20 10:20:00",YAMBUKWF,5.80
D,DISPATCH,UNIT_SCADA,1,"2022/10/20 10:20:00",YSWF1,0.80
D,DISPATCH,UNIT_SCADA,1,"2022/10/20 10:20:00",ADPBA1G,0.0080
D,DISPATCH,UNIT_SCADA,1,"2022/10/20 10:20:00",ADPBA1L,0
D,DISPATCH,UNIT_SCADA,1,"2022/10/20 10:20:00",ADPPV1,0.0560
D,DISPATCH,UNIT_SCADA,1,"2022/10/20 10:20:00",AGLHAL,0
D,DISPATCH,UNIT_SCADA,1,"2022/10/20 10:20:00",AGLSOM,0
D,DISPATCH,UNIT_SCADA,1,"2022/10/20 10:20:00",ANGAST1,0
D,DISPATCH,UNIT_SCADA,1,"2022/10/20 10:20:00",ARWF1,0.70
D,DISPATCH,UNIT_SCADA,1,"2022/10/20 10:20:00",BALBG1,0
D,DISPATCH,UNIT_SCADA,1,"2022/10/20 10:20:00",BALBL1,1.88
D,DISPATCH,UNIT_SCADA,1,"2022/10/20 10:20:00",BALDHWF1,3.8190
D,DISPATCH,UNIT_SCADA,1,"2022/10/20 10:20:00",BANGOWF1,26.999920
D,DISPATCH,UNIT_SCADA,1,"2022/10/20 10:20:00",BANGOWF2,48.597920
D,DISPATCH,UNIT_SCADA,1,"2022/10/20 10:20:00",BANN1,10.17
D,DISPATCH,UNIT_SCADA,1,"2022/10/20 10:20:00",BARCALDN,0
D,DISPATCH,UNIT_SCADA,1,"2022/10/20 10:20:00",BARKIPS1,0
D,DISPATCH,UNIT_SCADA,1,"2022/10/20 10:20:00",BARRON-1,0
D,DISPATCH,UNIT_SCADA,1,"2022/10/20 10:20:00",BARRON-2,0
D,DISPATCH,UNIT_SCADA,1,"2022/10/20 10:20:00",BASTYAN,50.990010
D,DISPATCH,UNIT_SCADA,1,"2022/10/20 10:20:00",BBTHREE1,0
D,DISPATCH,UNIT_SCADA,1,"2022/10/20 10:20:00",BBTHREE2,0
D,DISPATCH,UNIT_SCADA,1,"2022/10/20 10:20:00",BBTHREE3,-1.09
D,DISPATCH,UNIT_SCADA,1,"2022/10/20 10:20:00",BDL01,0
D,DISPATCH,UNIT_SCADA,1,"2022/10/20 10:20:00",BDL02,0
D,DISPATCH,UNIT_SCADA,1,"2022/10/20 10:20:00",BERYLSF1,1.591710
D,DISPATCH,UNIT_SCADA,1,"2022/10/20 10:20:00",BLOWERNG,62.60
D,DISPATCH,UNIT_SCADA,1,"2022/10/20 10:20:00",BLUEGSF1,58.540030
D,DISPATCH,UNIT_SCADA,1,"2022/10/20 10:20:00",BLUFF1,48.90
D,DISPATCH,UNIT_SCADA,1,"2022/10/20 10:20:00",BNGSF1,110.03
D,DISPATCH,UNIT_SCADA,1,"2022/10/20 10:20:00",BNGSF2,97.39
D,DISPATCH,UNIT_SCADA,1,"2022/10/20 10:20:00",BOCORWF1,0.52
D,DISPATCH,UNIT_SCADA,1,"2022/10/20 10:20:00",BODWF1,102.313020
D,DISPATCH,UNIT_SCADA,1,"2022/10/20 10:20:00",BOMENSF1,41.560080
D,DISPATCH,UNIT_SCADA,1,"2022/10/20 10:20:00",BOWWBA1G,0
D,DISPATCH,UNIT_SCADA,1,"2022/10/20 10:20:00",BOWWBA1L,0
D,DISPATCH,UNIT_SCADA,1,"2022/10/20 10:20:00",BOWWPV1,0
D,DISPATCH,UNIT_SCADA,1,"2022/10/20 10:20:00",BRAEMAR1,0
D,DISPATCH,UNIT_SCADA,1,"2022/10/20 10:20:00",BRAEMAR2,0
D,DISPATCH,UNIT_SCADA,1,"2022/10/20 10:20:00",BRAEMAR3,0
D,DISPATCH,UNIT_SCADA,1,"2022/10/20 10:20:00",BRAEMAR5,0.292060
D,DISPATCH,UNIT_SCADA,1,"2022/10/20 10:20:00",BRAEMAR6,0
D,DISPATCH,UNIT_SCADA,1,"2022/10/20 10:20:00",BRAEMAR7,0.130920
D,DISPATCH,UNIT_SCADA,1,"2022/10/20 10:20:00",BROKENH1,14.199780
D,DISPATCH,UNIT_SCADA,1,"2022/10/20 10:20:00",BRYB1WF1,91.935610
D,DISPATCH,UNIT_SCADA,1,"2022/10/20 10:20:00",BULBESG1,0
D,DISPATCH,UNIT_SCADA,1,"2022/10/20 10:20:00",BULBESL1,0.03
D,DISPATCH,UNIT_SCADA,1,"2022/10/20 10:20:00",BULGANA1,16.92
D,DISPATCH,UNIT_SCADA,1,"2022/10/20 10:20:00",BW01,655.564210
D,DISPATCH,UNIT_SCADA,1,"2022/10/20 10:20:00",BW02,618.503110
D,DISPATCH,UNIT_SCADA,1,"2022/10/20 10:20:00",BW03,549.092830
D,DISPATCH,UNIT_SCADA,1,"2022/10/20 10:20:00",BW04,0
D,DISPATCH,UNIT_SCADA,1,"2022/10/20 10:20:00",CALL_B_1,319.800020
D,DISPATCH,UNIT_SCADA,1,"2022/10/20 10:20:00",CALL_B_2,318.200010
D,DISPATCH,UNIT_SCADA,1,"2022/10/20 10:20:00",CATHROCK,0
D,DISPATCH,UNIT_SCADA,1,"2022/10/20 10:20:00",CBWWBA1G,0
D,DISPATCH,UNIT_SCADA,1,"2022/10/20 10:20:00",CBWWBA1L,0
D,DISPATCH,UNIT_SCADA,1,"2022/10/20 10:20:00",CETHANA,64.355130
D,DISPATCH,UNIT_SCADA,1,"2022/10/20 10:20:00",CG1,0
D,DISPATCH,UNIT_SCADA,1,"2022/10/20 10:20:00",CG2,0
D,DISPATCH,UNIT_SCADA,1,"2022/10/20 10:20:00",CG3,0
D,DISPATCH,UNIT_SCADA,1,"2022/10/20 10:20:00",CG4,0
D,DISPATCH,UNIT_SCADA,1,"2022/10/20 10:20:00",CHILDSF1,6.70
D,DISPATCH,UNIT_SCADA,1,"2022/10/20 10:20:00",CHYTWF1,1.61
D,DISPATCH,UNIT_SCADA,1,"2022/10/20 10:20:00",CLARESF1,40.189950
D,DISPATCH,UNIT_SCADA,1,"2022/10/20 10:20:00",CLEMGPWF,14.4070
D,DISPATCH,UNIT_SCADA,1,"2022/10/20 10:20:00",CLERMSF1,18.58
D,DISPATCH,UNIT_SCADA,1,"2022/10/20 10:20:00",CNUNDAWF,0
D,DISPATCH,UNIT_SCADA,1,"2022/10/20 10:20:00",COHUNSF1,8.91
D,DISPATCH,UNIT_SCADA,1,"2022/10/20 10:20:00",COLEASF1,35.599680
D,DISPATCH,UNIT_SCADA,1,"2022/10/20 10:20:00",COLUMSF1,25.5070
D,DISPATCH,UNIT_SCADA,1,"2022/10/20 10:20:00",COLWF01,79.368280
D,DISPATCH,UNIT_SCADA,1,"2022/10/20 10:20:00",COOPGWF1,170.63
D,DISPATCH,UNIT_SCADA,1,"2022/10/20 10:20:00",CPP_3,365.475010
D,DISPATCH,UNIT_SCADA,1,"2022/10/20 10:20:00",CPP_4,0
D,DISPATCH,UNIT_SCADA,1,"2022/10/20 10:20:00",CPSA,0
D,DISPATCH,UNIT_SCADA,1,"2022/10/20 10:20:00",CROOKWF2,53.875950
D,DISPATCH,UNIT_SCADA,1,"2022/10/20 10:20:00",CROWLWF1,20.192260
D,DISPATCH,UNIT_SCADA,1,"2022/10/20 10:20:00",CRURWF1,67.095830
D,DISPATCH,UNIT_SCADA,1,"2022/10/20 10:20:00",CRWASF1,29.040640
D,DISPATCH,UNIT_SCADA,1,"2022/10/20 10:20:00",CSPVPS1,1.4130
D,DISPATCH,UNIT_SCADA,1,"2022/10/20 10:20:00",CTHLWF1,0.003050
D,DISPATCH,UNIT_SCADA,1,"2022/10/20 10:20:00",DALNTH01,0
D,DISPATCH,UNIT_SCADA,1,"2022/10/20 10:20:00",DALNTHL1,0.093080
D,DISPATCH,UNIT_SCADA,1,"2022/10/20 10:20:00",DARLSF1,70.168730
D,DISPATCH,UNIT_SCADA,1,"2022/10/20 10:20:00",DARTM1,0
D,DISPATCH,UNIT_SCADA,1,"2022/10/20 10:20:00",DAYDSF1,3.5270
D,DISPATCH,UNIT_SCADA,1,"2022/10/20 10:20:00",DDPS1,0
D,DISPATCH,UNIT_SCADA,1,"2022/10/20 10:20:00",DDSF1,31.895550
D,DISPATCH,UNIT_SCADA,1,"2022/10/20 10:20:00",DEVILS_G,57.936340
D,DISPATCH,UNIT_SCADA,1,"2022/10/20 10:20:00",DG_NSW1,0
D,DISPATCH,UNIT_SCADA,1,"2022/10/20 10:20:00",DG_QLD1,0
D,DISPATCH,UNIT_SCADA,1,"2022/10/20 10:20:00",DG_SA1,0
D,DISPATCH,UNIT_SCADA,1,"2022/10/20 10:20:00",DG_TAS1,0
D,DISPATCH,UNIT_SCADA,1,"2022/10/20 10:20:00",DG_VIC1,0
D,DISPATCH,UNIT_SCADA,1,"2022/10/20 10:20:00",DRYCGT1,0
D,DISPATCH,UNIT_SCADA,1,"2022/10/20 10:20:00",DRYCGT2,0
D,DISPATCH,UNIT_SCADA,1,"2022/10/20 10:20:00",DRYCGT3,0
D,DISPATCH,UNIT_SCADA,1,"2022/10/20 10:20:00",DUNDWF1,60.27
D,DISPATCH,UNIT_SCADA,1,"2022/10/20 10:20:00",DUNDWF2,21.08
D,DISPATCH,UNIT_SCADA,1,"2022/10/20 10:20:00",DUNDWF3,49.60
D,DISPATCH,UNIT_SCADA,1,"2022/10/20 10:20:00",EILDON1,59.96
D,DISPATCH,UNIT_SCADA,1,"2022/10/20 10:20:00",EILDON2,59.88
D,DISPATCH,UNIT_SCADA,1,"2022/10/20 10:20:00",ELAINWF1,20.72
D,DISPATCH,UNIT_SCADA,1,"2022/10/20 10:20:00",EMERASF1,0
D,DISPATCH,UNIT_SCADA,1,"2022/10/20 10:20:00",ER01,0
D,DISPATCH,UNIT_SCADA,1,"2022/10/20 10:20:00",ER02,319.621580
D,DISPATCH,UNIT_SCADA,1,"2022/10/20 10:20:00",ER03,422.088960
D,DISPATCH,UNIT_SCADA,1,"2022/10/20 10:20:00",ER04,424.579220
D,DISPATCH,UNIT_SCADA,1,"2022/10/20 10:20:00",FINLYSF1,75.461970
D,DISPATCH,UNIT_SCADA,1,"2022/10/20 10:20:00",FISHER,43.79
D,DISPATCH,UNIT_SCADA,1,"2022/10/20 10:20:00",GANGARR1,15.0640
D,DISPATCH,UNIT_SCADA,1,"2022/10/20 10:20:00",GANNBG1,0
D,DISPATCH,UNIT_SCADA,1,"2022/10/20 10:20:00",GANNBL1,5.453230
D,DISPATCH,UNIT_SCADA,1,"2022/10/20 10:20:00",GANNSF1,37.70
D,DISPATCH,UNIT_SCADA,1,"2022/10/20 10:20:00",GLRWNSF1,109.84
D,DISPATCH,UNIT_SCADA,1,"2022/10/20 10:20:00",GNNDHSF1,30.326160
D,DISPATCH,UNIT_SCADA,1,"2022/10/20 10:20:00",GOONSF1,3.148240
D,DISPATCH,UNIT_SCADA,1,"2022/10/20 10:20:00",GORDON,217.9960
D,DISPATCH,UNIT_SCADA,1,"2022/10/20 10:20:00",GRANWF1,0.81
D,DISPATCH,UNIT_SCADA,1,"2022/10/20 10:20:00",GSTONE1,167.30
D,DISPATCH,UNIT_SCADA,1,"2022/10/20 10:20:00",GSTONE2,0
D,DISPATCH,UNIT_SCADA,1,"2022/10/20 10:20:00",GSTONE3,149.6250
D,DISPATCH,UNIT_SCADA,1,"2022/10/20 10:20:00",GSTONE4,0
D,DISPATCH,UNIT_SCADA,1,"2022/10/20 10:20:00",GSTONE5,150.50
D,DISPATCH,UNIT_SCADA,1,"2022/10/20 10:20:00",GSTONE6,150.50
D,DISPATCH,UNIT_SCADA,1,"2022/10/20 10:20:00",GULLRSF1,5.294920
D,DISPATCH,UNIT_SCADA,1,"2022/10/20 10:20:00",GULLRWF1,68.903950
D,DISPATCH,UNIT_SCADA,1,"2022/10/20 10:20:00",GULLRWF2,80.629170
D,DISPATCH,UNIT_SCADA,1,"2022/10/20 10:20:00",GUNNING1,0
D,DISPATCH,UNIT_SCADA,1,"2022/10/20 10:20:00",GUTHEGA,67
D,DISPATCH,UNIT_SCADA,1,"2022/10/20 10:20:00",HALLWF1,24.74
D,DISPATCH,UNIT_SCADA,1,"2022/10/20 10:20:00",HALLWF2,36.05
D,DISPATCH,UNIT_SCADA,1,"2022/10/20 10:20:00",HAMISF1,0
D,DISPATCH,UNIT_SCADA,1,"2022/10/20 10:20:00",HAUGHT11,34.631680
D,DISPATCH,UNIT_SCADA,1,"2022/10/20 10:20:00",HAYMSF1,0
D,DISPATCH,UNIT_SCADA,1,"2022/10/20 10:20:00",HDWF1,58
D,DISPATCH,UNIT_SCADA,1,"2022/10/20 10:20:00",HDWF2,50.80
D,DISPATCH,UNIT_SCADA,1,"2022/10/20 10:20:00",HDWF3,62.20
D,DISPATCH,UNIT_SCADA,1,"2022/10/20 10:20:00",HILLSTN1,43.542530
D,DISPATCH,UNIT_SCADA,1,"2022/10/20 10:20:00",HPRG1,0
D,DISPATCH,UNIT_SCADA,1,"2022/10/20 10:20:00",HPRL1,16
D,DISPATCH,UNIT_SCADA,1,"2022/10/20 10:20:00",HUMENSW,54.579810
D,DISPATCH,UNIT_SCADA,1,"2022/10/20 10:20:00",HUMEV,0
D,DISPATCH,UNIT_SCADA,1,"2022/10/20 10:20:00",HVWWBA1G,0
D,DISPATCH,UNIT_SCADA,1,"2022/10/20 10:20:00",HVWWBA1L,0.0070
D,DISPATCH,UNIT_SCADA,1,"2022/10/20 10:20:00",HVWWPV1,0.0170
D,DISPATCH,UNIT_SCADA,1,"2022/10/20 10:20:00",JBUTTERS,0
D,DISPATCH,UNIT_SCADA,1,"2022/10/20 10:20:00",JEMALNG1,5.24
D,DISPATCH,UNIT_SCADA,1,"2022/10/20 10:20:00",JLA01,0
D,DISPATCH,UNIT_SCADA,1,"2022/10/20 10:20:00",JLA02,0
D,DISPATCH,UNIT_SCADA,1,"2022/10/20 10:20:00",JLA03,0
D,DISPATCH,UNIT_SCADA,1,"2022/10/20 10:20:00",JLA04,0
D,DISPATCH,UNIT_SCADA,1,"2022/10/20 10:20:00",JLB01,0
D,DISPATCH,UNIT_SCADA,1,"2022/10/20 10:20:00",JLB02,0.10
D,DISPATCH,UNIT_SCADA,1,"2022/10/20 10:20:00",JLB03,0
D,DISPATCH,UNIT_SCADA,1,"2022/10/20 10:20:00",JUNEESF1,18.651140
D,DISPATCH,UNIT_SCADA,1,"2022/10/20 10:20:00",KABANWF1,0
D,DISPATCH,UNIT_SCADA,1,"2022/10/20 10:20:00",KAREEYA1,0
D,DISPATCH,UNIT_SCADA,1,"2022/10/20 10:20:00",KAREEYA2,0
D,DISPATCH,UNIT_SCADA,1,"2022/10/20 10:20:00",KAREEYA3,4.69
D,DISPATCH,UNIT_SCADA,1,"2022/10/20 10:20:00",KAREEYA4,0
D,DISPATCH,UNIT_SCADA,1,"2022/10/20 10:20:00",KARSF1,30
D,DISPATCH,UNIT_SCADA,1,"2022/10/20 10:20:00",KEPSF1,12.16
D,DISPATCH,UNIT_SCADA,1,"2022/10/20 10:20:00",KEPWF1,2.76
D,DISPATCH,UNIT_SCADA,1,"2022/10/20 10:20:00",KIAMSF1,15.392540
D,DISPATCH,UNIT_SCADA,1,"2022/10/20 10:20:00",KIATAWF1,9.60
D,DISPATCH,UNIT_SCADA,1,"2022/10/20 10:20:00",KPP_1,0
D,DISPATCH,UNIT_SCADA,1,"2022/10/20 10:20:00",KSP1,29.73
D,DISPATCH,UNIT_SCADA,1,"2022/10/20 10:20:00",LADBROK1,0.02
D,DISPATCH,UNIT_SCADA,1,"2022/10/20 10:20:00",LADBROK2,0.02
D,DISPATCH,UNIT_SCADA,1,"2022/10/20 10:20:00",LBBG1,0
D,DISPATCH,UNIT_SCADA,1,"2022/10/20 10:20:00",LBBL1,10.65
D,DISPATCH,UNIT_SCADA,1,"2022/10/20 10:20:00",LD01,276.882230
D,DISPATCH,UNIT_SCADA,1,"2022/10/20 10:20:00",LD02,0
D,DISPATCH,UNIT_SCADA,1,"2022/10/20 10:20:00",LD04,273.586240
D,DISPATCH,UNIT_SCADA,1,"2022/10/20 10:20:00",LEM_WIL,78.184210
D,DISPATCH,UNIT_SCADA,1,"2022/10/20 10:20:00",LGAPWF1,54.27
D,DISPATCH,UNIT_SCADA,1,"2022/10/20 10:20:00",LGAPWF2,0
D,DISPATCH,UNIT_SCADA,1,"2022/10/20 10:20:00",LILYSF1,21.233660
D,DISPATCH,UNIT_SCADA,1,"2022/10/20 10:20:00",LIMOSF11,52.222930
D,DISPATCH,UNIT_SCADA,1,"2022/10/20 10:20:00",LIMOSF21,7.415610
D,DISPATCH,UNIT_SCADA,1,"2022/10/20 10:20:00",LI_WY_CA,55.4946
D,DISPATCH,UNIT_SCADA,1,"2022/10/20 10:20:00",LKBONNY1,0
D,DISPATCH,UNIT_SCADA,1,"2022/10/20 10:20:00",LKBONNY2,0
D,DISPATCH,UNIT_SCADA,1,"2022/10/20 10:20:00",LKBONNY3,0
D,DISPATCH,UNIT_SCADA,1,"2022/10/20 10:20:00",LK_ECHO,0
D,DISPATCH,UNIT_SCADA,1,"2022/10/20 10:20:00",LNGS1,0
D,DISPATCH,UNIT_SCADA,1,"2022/10/20 10:20:00",LNGS2,0
D,DISPATCH,UNIT_SCADA,1,"2022/10/20 10:20:00",LONSDALE,0
D,DISPATCH,UNIT_SCADA,1,"2022/10/20 10:20:00",LOYYB1,437.589870
D,DISPATCH,UNIT_SCADA,1,"2022/10/20 10:20:00",LOYYB2,437.965820
D,DISPATCH,UNIT_SCADA,1,"2022/10/20 10:20:00",LYA1,517
D,DISPATCH,UNIT_SCADA,1,"2022/10/20 10:20:00",LYA2,0
D,DISPATCH,UNIT_SCADA,1,"2022/10/20 10:20:00",LYA3,358
D,DISPATCH,UNIT_SCADA,1,"2022/10/20 10:20:00",LYA4,363
D,DISPATCH,UNIT_SCADA,1,"2022/10/20 10:20:00",MACARTH1,46.498920
D,DISPATCH,UNIT_SCADA,1,"2022/10/20 10:20:00",MACKNTSH,0
D,DISPATCH,UNIT_SCADA,1,"2022/10/20 10:20:00",MANSLR1,38.1820
D,DISPATCH,UNIT_SCADA,1,"2022/10/20 10:20:00",MAPS2PV1,0
D,DISPATCH,UNIT_SCADA,1,"2022/10/20 10:20:00",MAPS3PV1,0
D,DISPATCH,UNIT_SCADA,1,"2022/10/20 10:20:00",MARYRSF1,7.85
D,DISPATCH,UNIT_SCADA,1,"2022/10/20 10:20:00",MBPS2PV1,0
D,DISPATCH,UNIT_SCADA,1,"2022/10/20 10:20:00",MCKAY1,0.02
D,DISPATCH,UNIT_SCADA,1,"2022/10/20 10:20:00",MEADOWBK,6.0018
D,DISPATCH,UNIT_SCADA,1,"2022/10/20 10:20:00",MERCER01,24
D,DISPATCH,UNIT_SCADA,1,"2022/10/20 10:20:00",METZSF1,25.366330
D,DISPATCH,UNIT_SCADA,1,"2022/10/20 10:20:00",MEWF1,4.128130
D,DISPATCH,UNIT_SCADA,1,"2022/10/20 10:20:00",MIDDLSF1,25.88
D,DISPATCH,UNIT_SCADA,1,"2022/10/20 10:20:00",MINTARO,0.128180
D,DISPATCH,UNIT_SCADA,1,"2022/10/20 10:20:00",MOLNGSF1,12.638130
D,DISPATCH,UNIT_SCADA,1,"2022/10/20 10:20:00",MOORAWF1,39.87
D,DISPATCH,UNIT_SCADA,1,"2022/10/20 10:20:00",MOREESF1,14.74
D,DISPATCH,UNIT_SCADA,1,"2022/10/20 10:20:00",MORTLK11,0
D,DISPATCH,UNIT_SCADA,1,"2022/10/20 10:20:00",MORTLK12,0
D,DISPATCH,UNIT_SCADA,1,"2022/10/20 10:20:00",MOUSF1,0
D,DISPATCH,UNIT_SCADA,1,"2022/10/20 10:20:00",MP1,0
D,DISPATCH,UNIT_SCADA,1,"2022/10/20 10:20:00",MP2,347.478450
D,DISPATCH,UNIT_SCADA,1,"2022/10/20 10:20:00",MPP_1,180.685380
D,DISPATCH,UNIT_SCADA,1,"2022/10/20 10:20:00",MPP_2,178.640630
D,DISPATCH,UNIT_SCADA,1,"2022/10/20 10:20:00",MRTLSWF1,0
D,DISPATCH,UNIT_SCADA,1,"2022/10/20 10:20:00",MSTUART1,0
D,DISPATCH,UNIT_SCADA,1,"2022/10/20 10:20:00",MSTUART2,0
D,DISPATCH,UNIT_SCADA,1,"2022/10/20 10:20:00",MSTUART3,0
D,DISPATCH,UNIT_SCADA,1,"2022/10/20 10:20:00",MTGELWF1,37.795650
D,DISPATCH,UNIT_SCADA,1,"2022/10/20 10:20:00",MTMILLAR,1.90
D,DISPATCH,UNIT_SCADA,1,"2022/10/20 10:20:00",MURRAY,0
D,DISPATCH,UNIT_SCADA,1,"2022/10/20 10:20:00",MUSSELR1,99.70
D,DISPATCH,UNIT_SCADA,1,"2022/10/20 10:20:00",MUWAWF1,68.25
D,DISPATCH,UNIT_SCADA,1,"2022/10/20 10:20:00",MUWAWF2,54.70
D,DISPATCH,UNIT_SCADA,1,"2022/10/20 10:20:00",MWPS1PV1,0.13
D,DISPATCH,UNIT_SCADA,1,"2022/10/20 10:20:00",MWPS2PV1,0
D,DISPATCH,UNIT_SCADA,1,"2022/10/20 10:20:00",MWPS3PV1,0.08
D,DISPATCH,UNIT_SCADA,1,"2022/10/20 10:20:00",MWPS4PV1,0.01
D,DISPATCH,UNIT_SCADA,1,"2022/10/20 10:20:00",NBHWF1,64.20
D,DISPATCH,UNIT_SCADA,1,"2022/10/20 10:20:00",NEVERSF1,36.41
D,DISPATCH,UNIT_SCADA,1,"2022/10/20 10:20:00",NPS,0
D,DISPATCH,UNIT_SCADA,1,"2022/10/20 10:20:00",NUMURSF1,93.10
D,DISPATCH,UNIT_SCADA,1,"2022/10/20 10:20:00",NYNGAN1,94.25
D,DISPATCH,UNIT_SCADA,1,"2022/10/20 10:20:00",OAKEY1,0
D,DISPATCH,UNIT_SCADA,1,"2022/10/20 10:20:00",OAKEY1SF,6.5180
D,DISPATCH,UNIT_SCADA,1,"2022/10/20 10:20:00",OAKEY2,0
D,DISPATCH,UNIT_SCADA,1,"2022/10/20 10:20:00",OAKEY2SF,13.10
D,DISPATCH,UNIT_SCADA,1,"2022/10/20 10:20:00",OAKLAND1,5.20
D,DISPATCH,UNIT_SCADA,1,"2022/10/20 10:20:00",OSB-AG,0
D,DISPATCH,UNIT_SCADA,1,"2022/10/20 10:20:00",PAREPS1,0.0660
D,DISPATCH,UNIT_SCADA,1,"2022/10/20 10:20:00",PAREPW1,81.46
D,DISPATCH,UNIT_SCADA,1,"2022/10/20 10:20:00",PARSF1,2.299530
D,DISPATCH,UNIT_SCADA,1,"2022/10/20 10:20:00",POAT110,0
D,DISPATCH,UNIT_SCADA,1,"2022/10/20 10:20:00",POAT220,0
D,DISPATCH,UNIT_SCADA,1,"2022/10/20 10:20:00",POR01,0
D,DISPATCH,UNIT_SCADA,1,"2022/10/20 10:20:00",POR03,0
D,DISPATCH,UNIT_SCADA,1,"2022/10/20 10:20:00",PPCCGT,0
D,DISPATCH,UNIT_SCADA,1,"2022/10/20 10:20:00",PTSTAN1,0
D,DISPATCH,UNIT_SCADA,1,"2022/10/20 10:20:00",PUMP1,0
D,DISPATCH,UNIT_SCADA,1,"2022/10/20 10:20:00",PUMP2,0
D,DISPATCH,UNIT_SCADA,1,"2022/10/20 10:20:00",QBYNBG1,0
D,DISPATCH,UNIT_SCADA,1,"2022/10/20 10:20:00",QBYNBL1,0.0745
D,DISPATCH,UNIT_SCADA,1,"2022/10/20 10:20:00",QPS1,0
D,DISPATCH,UNIT_SCADA,1,"2022/10/20 10:20:00",QPS2,0
D,DISPATCH,UNIT_SCADA,1,"2022/10/20 10:20:00",QPS3,0
D,DISPATCH,UNIT_SCADA,1,"2022/10/20 10:20:00",QPS4,0
D,DISPATCH,UNIT_SCADA,1,"2022/10/20 10:20:00",QPS5,73.43
D,DISPATCH,UNIT_SCADA,1,"2022/10/20 10:20:00",REECE1,44.327530
D,DISPATCH,UNIT_SCADA,1,"2022/10/20 10:20:00",REECE2,0
D,DISPATCH,UNIT_SCADA,1,"2022/10/20 10:20:00",ROMA_7,0
D,DISPATCH,UNIT_SCADA,1,"2022/10/20 10:20:00",ROMA_8,0
D,DISPATCH,UNIT_SCADA,1,"2022/10/20 10:20:00",RRSF1,21.531350
D,DISPATCH,UNIT_SCADA,1,"2022/10/20 10:20:00",RT_NSW1,0
D,DISPATCH,UNIT_SCADA,1,"2022/10/20 10:20:00",RT_NSW2,0
D,DISPATCH,UNIT_SCADA,1,"2022/10/20 10:20:00",RT_NSW3,0
D,DISPATCH,UNIT_SCADA,1,"2022/10/20 10:20:00",RT_NSW4,0
D,DISPATCH,UNIT_SCADA,1,"2022/10/20 10:20:00",RT_NSW5,0
D,DISPATCH,UNIT_SCADA,1,"2022/10/20 10:20:00",RT_NSW6,0
D,DISPATCH,UNIT_SCADA,1,"2022/10/20 10:20:00",RT_QLD1,0
D,DISPATCH,UNIT_SCADA,1,"2022/10/20 10:20:00",RT_SA1,0
D,DISPATCH,UNIT_SCADA,1,"2022/10/20 10:20:00",RT_SA2,0
D,DISPATCH,UNIT_SCADA,1,"2022/10/20 10:20:00",RT_SA3,0
D,DISPATCH,UNIT_SCADA,1,"2022/10/20 10:20:00",RT_SA4,0
D,DISPATCH,UNIT_SCADA,1,"2022/10/20 10:20:00",RT_SA5,0
D,DISPATCH,UNIT_SCADA,1,"2022/10/20 10:20:00",RT_SA6,0
D,DISPATCH,UNIT_SCADA,1,"2022/10/20 10:20:00",RT_TAS1,0
D,DISPATCH,UNIT_SCADA,1,"2022/10/20 10:20:00",RT_VIC1,0
D,DISPATCH,UNIT_SCADA,1,"2022/10/20 10:20:00",RT_VIC10,0
D,DISPATCH,UNIT_SCADA,1,"2022/10/20 10:20:00",RT_VIC11,0
D,DISPATCH,UNIT_SCADA,1,"2022/10/20 10:20:00",RT_VIC12,0
D,DISPATCH,UNIT_SCADA,1,"2022/10/20 10:20:00",RT_VIC2,0
D,DISPATCH,UNIT_SCADA,1,"2022/10/20 10:20:00",RT_VIC3,0
D,DISPATCH,UNIT_SCADA,1,"2022/10/20 10:20:00",RT_VIC4,0
D,DISPATCH,UNIT_SCADA,1,"2022/10/20 10:20:00",RT_VIC5,0
D,DISPATCH,UNIT_SCADA,1,"2022/10/20 10:20:00",RT_VIC6,0
D,DISPATCH,UNIT_SCADA,1,"2022/10/20 10:20:00",RT_VIC7,0
D,DISPATCH,UNIT_SCADA,1,"2022/10/20 10:20:00",RT_VIC8,0
D,DISPATCH,UNIT_SCADA,1,"2022/10/20 10:20:00",RT_VIC9,0
D,DISPATCH,UNIT_SCADA,1,"2022/10/20 10:20:00",RUGBYR1,14.177790
D,DISPATCH,UNIT_SCADA,1,"2022/10/20 10:20:00",SALTCRK1,20.15
D,DISPATCH,UNIT_SCADA,1,"2022/10/20 10:20:00",SAPHWF1,174.021510
D,DISPATCH,UNIT_SCADA,1,"2022/10/20 10:20:00",SEBSF1,57.611770
D,DISPATCH,UNIT_SCADA,1,"2022/10/20 10:20:00",SHGEN,0
D,DISPATCH,UNIT_SCADA,1,"2022/10/20 10:20:00",SHPUMP,0
D,DISPATCH,UNIT_SCADA,1,"2022/10/20 10:20:00",SITHE01,0.1840
D,DISPATCH,UNIT_SCADA,1,"2022/10/20 10:20:00",SMCSF1,105.38
D,DISPATCH,UNIT_SCADA,1,"2022/10/20 10:20:00",SNAPPER1,0
D,DISPATCH,UNIT_SCADA,1,"2022/10/20 10:20:00",SNOWNTH1,118.20
D,DISPATCH,UNIT_SCADA,1,"2022/10/20 10:20:00",SNOWSTH1,56.80
D,DISPATCH,UNIT_SCADA,1,"2022/10/20 10:20:00",SNOWTWN1,75.303280
D,DISPATCH,UNIT_SCADA,1,"2022/10/20 10:20:00",SNOWYP,0
D,DISPATCH,UNIT_SCADA,1,"2022/10/20 10:20:00",SNUG1,0
D,DISPATCH,UNIT_SCADA,1,"2022/10/20 10:20:00",SRSF1,18.45
D,DISPATCH,UNIT_SCADA,1,"2022/10/20 10:20:00",STAN-1,269.007170
D,DISPATCH,UNIT_SCADA,1,"2022/10/20 10:20:00",STAN-2,313.305480
D,DISPATCH,UNIT_SCADA,1,"2022/10/20 10:20:00",STAN-3,152.66
D,DISPATCH,UNIT_SCADA,1,"2022/10/20 10:20:00",STAN-4,314.484710
D,DISPATCH,UNIT_SCADA,1,"2022/10/20 10:20:00",STARHLWF,0.01
D,DISPATCH,UNIT_SCADA,1,"2022/10/20 10:20:00",STOCKYD1,50.68
D,DISPATCH,UNIT_SCADA,1,"2022/10/20 10:20:00",STWF1,0
D,DISPATCH,UNIT_SCADA,1,"2022/10/20 10:20:00",SUNRSF1,35.747310
D,DISPATCH,UNIT_SCADA,1,"2022/10/20 10:20:00",SUNTPSF1,37.576870
D,DISPATCH,UNIT_SCADA,1,"2022/10/20 10:20:00",SWAN_E,216.738740
D,DISPATCH,UNIT_SCADA,1,"2022/10/20 10:20:00",TALWA1,0
D,DISPATCH,UNIT_SCADA,1,"2022/10/20 10:20:00",TARALGA1,0
D,DISPATCH,UNIT_SCADA,1,"2022/10/20 10:20:00",TARONG#1,345.800020
D,DISPATCH,UNIT_SCADA,1,"2022/10/20 10:20:00",TARONG#2,344.50
D,DISPATCH,UNIT_SCADA,1,"2022/10/20 10:20:00",TARONG#3,0.90
D,DISPATCH,UNIT_SCADA,1,"2022/10/20 10:20:00",TARONG#4,203.20
D,DISPATCH,UNIT_SCADA,1,"2022/10/20 10:20:00",TARRALEA,54
D,DISPATCH,UNIT_SCADA,1,"2022/10/20 10:20:00",TBSF1,0.10
D,DISPATCH,UNIT_SCADA,1,"2022/10/20 10:20:00",TNPS1,399.0625
D,DISPATCH,UNIT_SCADA,1,"2022/10/20 10:20:00",TORRB1,0
D,DISPATCH,UNIT_SCADA,1,"2022/10/20 10:20:00",TORRB2,40
D,DISPATCH,UNIT_SCADA,1,"2022/10/20 10:20:00",TORRB3,0
D,DISPATCH,UNIT_SCADA,1,"2022/10/20 10:20:00",TORRB4,0
D,DISPATCH,UNIT_SCADA,1,"2022/10/20 10:20:00",TREVALLN,98.106930
D,DISPATCH,UNIT_SCADA,1,"2022/10/20 10:20:00",TRIBUTE,0
D,DISPATCH,UNIT_SCADA,1,"2022/10/20 10:20:00",TUMUT3,0
D,DISPATCH,UNIT_SCADA,1,"2022/10/20 10:20:00",TUNGATIN,2.700020
D,DISPATCH,UNIT_SCADA,1,"2022/10/20 10:20:00",TVCC201,0
D,DISPATCH,UNIT_SCADA,1,"2022/10/20 10:20:00",TVPP104,57.865630
D,DISPATCH,UNIT_SCADA,1,"2022/10/20 10:20:00",UPPTUMUT,0
D,DISPATCH,UNIT_SCADA,1,"2022/10/20 10:20:00",URANQ11,0
D,DISPATCH,UNIT_SCADA,1,"2022/10/20 10:20:00",URANQ12,0
D,DISPATCH,UNIT_SCADA,1,"2022/10/20 10:20:00",URANQ13,0
D,DISPATCH,UNIT_SCADA,1,"2022/10/20 10:20:00",URANQ14,0
D,DISPATCH,UNIT_SCADA,1,"2022/10/20 10:20:00",VBBG1,0
D,DISPATCH,UNIT_SCADA,1,"2022/10/20 10:20:00",VBBL1,75.60
D,DISPATCH,UNIT_SCADA,1,"2022/10/20 10:20:00",VP5,474.965670
D,DISPATCH,UNIT_SCADA,1,"2022/10/20 10:20:00",VP6,476.894440
D,DISPATCH,UNIT_SCADA,1,"2022/10/20 10:20:00",VPGS1,0
D,DISPATCH,UNIT_SCADA,1,"2022/10/20 10:20:00",VPGS2,0
D,DISPATCH,UNIT_SCADA,1,"2022/10/20 10:20:00",VPGS3,0
D,DISPATCH,UNIT_SCADA,1,"2022/10/20 10:20:00",VPGS4,0
D,DISPATCH,UNIT_SCADA,1,"2022/10/20 10:20:00",VPGS5,0
D,DISPATCH,UNIT_SCADA,1,"2022/10/20 10:20:00",VPGS6,0
D,DISPATCH,UNIT_SCADA,1,"2022/10/20 10:20:00",W/HOE#1,0
D,DISPATCH,UNIT_SCADA,1,"2022/10/20 10:20:00",W/HOE#2,0
D,DISPATCH,UNIT_SCADA,1,"2022/10/20 10:20:00",WAGGNSF1,0
D,DISPATCH,UNIT_SCADA,1,"2022/10/20 10:20:00",WALGRVG1,0
D,DISPATCH,UNIT_SCADA,1,"2022/10/20 10:20:00",WALGRVL1,4.053640
D,DISPATCH,UNIT_SCADA,1,"2022/10/20 10:20:00",WANDBG1,0
D,DISPATCH,UNIT_SCADA,1,"2022/10/20 10:20:00",WANDBL1,50.208760
D,DISPATCH,UNIT_SCADA,1,"2022/10/20 10:20:00",WARWSF1,5.40
D,DISPATCH,UNIT_SCADA,1,"2022/10/20 10:20:00",WARWSF2,5.28
D,DISPATCH,UNIT_SCADA,1,"2022/10/20 10:20:00",WATERLWF,58.20
D,DISPATCH,UNIT_SCADA,1,"2022/10/20 10:20:00",WDGPH1,33.9890
D,DISPATCH,UNIT_SCADA,1,"2022/10/20 10:20:00",WELLSF1,99.882510
D,DISPATCH,UNIT_SCADA,1,"2022/10/20 10:20:00",WEMENSF1,22.80
D,DISPATCH,UNIT_SCADA,1,"2022/10/20 10:20:00",WGWF1,96.80
D,DISPATCH,UNIT_SCADA,1,"2022/10/20 10:20:00",WHITSF1,0
D,DISPATCH,UNIT_SCADA,1,"2022/10/20 10:20:00",WINTSF1,81.84
D,DISPATCH,UNIT_SCADA,1,"2022/10/20 10:20:00",WKIEWA1,33.90
D,DISPATCH,UNIT_SCADA,1,"2022/10/20 10:20:00",WKIEWA2,14
D,DISPATCH,UNIT_SCADA,1,"2022/10/20 10:20:00",WOODLWN1,15.7019
D,DISPATCH,UNIT_SCADA,1,"2022/10/20 10:20:00",WOOLGSF1,12.528640
D,DISPATCH,UNIT_SCADA,1,"2022/10/20 10:20:00",WPWF,10.10
D,DISPATCH,UNIT_SCADA,1,"2022/10/20 10:20:00",WRSF1,0.620140
D,DISPATCH,UNIT_SCADA,1,"2022/10/20 10:20:00",WRWF1,31.821160
D,DISPATCH,UNIT_SCADA,1,"2022/10/20 10:20:00",WSTWYSF1,0
D,DISPATCH,UNIT_SCADA,1,"2022/10/20 10:20:00",YABULU,0
D,DISPATCH,UNIT_SCADA,1,"2022/10/20 10:20:00",YABULU2,0
D,DISPATCH,UNIT_SCADA,1,"2022/10/20 10:20:00",YARANSF1,24.34
D,DISPATCH,UNIT_SCADA,1,"2022/10/20 10:20:00",YARWUN_1,163.34
D,DISPATCH,UNIT_SCADA,1,"2022/10/20 10:20:00",YATSF1,26.54
D,DISPATCH,UNIT_SCADA,1,"2022/10/20 10:20:00",YENDWF1,44.27
D,DISPATCH,UNIT_SCADA,1,"2022/10/20 10:20:00",YWPS1,307.0152
D,DISPATCH,UNIT_SCADA,1,"2022/10/20 10:20:00",YWPS2,289.721530
D,DISPATCH,UNIT_SCADA,1,"2022/10/20 10:20:00",YWPS3,299.263310
D,DISPATCH,UNIT_SCADA,1,"2022/10/20 10:20:00",YWPS4,0
C,"END OF REPORT",419
