C,NEMP.WORLD,DISPATCHSCADA,AEMO,PUBLIC,2022/10/20,21:15:09,0000000373281441,DISPATCHSCADA,0000000373281435
I,DISPATCH,UNIT_SCADA,1,SETTLEMENTDATE,DUID,SCADAVALUE
D,DISPATCH,UNIT_SCADA,1,"2022/10/20 21:20:00",BARCSF1,0
D,DISPATCH,UNIT_SCADA,1,"2022/10/20 21:20:00",BUTLERSG,8.699999
D,DISPATCH,UNIT_SCADA,1,"2022/10/20 21:20:00",CAPTL_WF,84.079407
D,DISPATCH,UNIT_SCADA,1,"2022/10/20 21:20:00",CHALLHWF,9.50
D,DISPATCH,UNIT_SCADA,1,"2022/10/20 21:20:00",CLOVER,13.29
D,DISPATCH,UNIT_SCADA,1,"2022/10/20 21:20:00",CLUNY,6.271916
D,DISPATCH,UNIT_SCADA,1,"2022/10/20 21:20:00",CULLRGWF,-0.05
D,DISPATCH,UNIT_SCADA,1,"2022/10/20 21:20:00",DIAPURWF1,3.20
D,DISPATCH,UNIT_SCADA,1,"2022/10/20 21:20:00",ERGT01,0
D,DISPATCH,UNIT_SCADA,1,"2022/10/20 21:20:00",GB01,0
D,DISPATCH,UNIT_SCADA,1,"2022/10/20 21:20:00",GERMCRK,18.50
D,DISPATCH,UNIT_SCADA,1,"2022/10/20 21:20:00",GRIFSF1,0.001526
D,DISPATCH,UNIT_SCADA,1,"2022/10/20 21:20:00",HEZ1,0
D,DISPATCH,UNIT_SCADA,1,"2022/10/20 21:20:00",HUGSF1,-0.1050
D,DISPATCH,UNIT_SCADA,1,"2022/10/20 21:20:00",KEPBG1,0
D,DISPATCH,UNIT_SCADA,1,"2022/10/20 21:20:00",LRSF1,-0.0320
D,DISPATCH,UNIT_SCADA,1,"2022/10/20 21:20:00",MBAHNTH,45.206253
D,DISPATCH,UNIT_SCADA,1,"2022/10/20 21:20:00",MLSP1,0
D,DISPATCH,UNIT_SCADA,1,"2022/10/20 21:20:00",MLWF1,4.86
D,DISPATCH,UNIT_SCADA,1,"2022/10/20 21:20:00",PALOONA,30.48
D,DISPATCH,UNIT_SCADA,1,"2022/10/20 21:20:00",PIONEER,26.800001
D,DISPATCH,UNIT_SCADA,1,"2022/10/20 21:20:00",PORTWF,39.799999
D,DISPATCH,UNIT_SCADA,1,"2022/10/20 21:20:00",REPULSE,9.606470
D,DISPATCH,UNIT_SCADA,1,"2022/10/20 21:20:00",ROWALLAN,8.8111
D,DISPATCH,UNIT_SCADA,1,"2022/10/20 21:20:00",ROYALLA1,0
D,DISPATCH,UNIT_SCADA,1,"2022/10/20 21:20:00",RPCG,-0.50
D,DISPATCH,UNIT_SCADA,1,"2022/10/20 21:20:00",RUBICON,0
D,DISPATCH,UNIT_SCADA,1,"2022/10/20 21:20:00",WAUBRAWF,46.376999
D,DISPATCH,UNIT_SCADA,1,"2022/10/20 21:20:00",WOOLNTH1,81.289993
D,DISPATCH,UNIT_SCADA,1,"2022/10/20 21:20:00",YAMBUKWF,5.40
D,DISPATCH,UNIT_SCADA,1,"2022/10/20 21:20:00",YSWF1,0
D,DISPATCH,UNIT_SCADA,1,"2022/10/20 21:20:00",ADPBA1G,0.0080
D,DISPATCH,UNIT_SCADA,1,"2022/10/20 21:20:00",ADPBA1L,0
D,DISPATCH,UNIT_SCADA,1,"2022/10/20 21:20:00",ADPPV1,0
D,DISPATCH,UNIT_SCADA,1,"2022/10/20 21:20:00",AGLHAL,31.044970
D,DISPATCH,UNIT_SCADA,1,"2022/10/20 21:20:00",AGLSOM,0
D,DISPATCH,UNIT_SCADA,1,"2022/10/20 21:20:00",ANGAST1,0
D,DISPATCH,UNIT_SCADA,1,"2022/10/20 21:20:00",ARWF1,4.70
D,DISPATCH,UNIT_SCADA,1,"2022/10/20 21:20:00",BALBG1,0
D,DISPATCH,UNIT_SCADA,1,"2022/10/20 21:20:00",BALBL1,0
D,DISPATCH,UNIT_SCADA,1,"2022/10/20 21:20:00",BALDHWF1,103.2880
D,DISPATCH,UNIT_SCADA,1,"2022/10/20 21:20:00",BANGOWF1,80.799580
D,DISPATCH,UNIT_SCADA,1,"2022/10/20 21:20:00",BANGOWF2,63
D,DISPATCH,UNIT_SCADA,1,"2022/10/20 21:20:00",BANN1,0
D,DISPATCH,UNIT_SCADA,1,"2022/10/20 21:20:00",BARCALDN,0
D,DISPATCH,UNIT_SCADA,1,"2022/10/20 21:20:00",BARKIPS1,191.849990
D,DISPATCH,UNIT_SCADA,1,"2022/10/20 21:20:00",BARRON-1,0
D,DISPATCH,UNIT_SCADA,1,"2022/10/20 21:20:00",BARRON-2,0
D,DISPATCH,UNIT_SCADA,1,"2022/10/20 21:20:00",BASTYAN,0
D,DISPATCH,UNIT_SCADA,1,"2022/10/20 21:20:00",BBTHREE1,0
D,DISPATCH,UNIT_SCADA,1,"2022/10/20 21:20:00",BBTHREE2,0
D,DISPATCH,UNIT_SCADA,1,"2022/10/20 21:20:00",BBTHREE3,-1.10
D,DISPATCH,UNIT_SCADA,1,"2022/10/20 21:20:00",BDL01,0
D,DISPATCH,UNIT_SCADA,1,"2022/10/20 21:20:00",BDL02,0
D,DISPATCH,UNIT_SCADA,1,"2022/10/20 21:20:00",BERYLSF1,0
D,DISPATCH,UNIT_SCADA,1,"2022/10/20 21:20:00",BLOWERNG,62.60
D,DISPATCH,UNIT_SCADA,1,"2022/10/20 21:20:00",BLUEGSF1,0
D,DISPATCH,UNIT_SCADA,1,"2022/10/20 21:20:00",BLUFF1,11.70
D,DISPATCH,UNIT_SCADA,1,"2022/10/20 21:20:00",BNGSF1,0
D,DISPATCH,UNIT_SCADA,1,"2022/10/20 21:20:00",BNGSF2,0
D,DISPATCH,UNIT_SCADA,1,"2022/10/20 21:20:00",BOCORWF1,20.20
D,DISPATCH,UNIT_SCADA,1,"2022/10/20 21:20:00",BODWF1,108.651330
D,DISPATCH,UNIT_SCADA,1,"2022/10/20 21:20:00",BOMENSF1,0
D,DISPATCH,UNIT_SCADA,1,"2022/10/20 21:20:00",BOWWBA1G,0.0010
D,DISPATCH,UNIT_SCADA,1,"2022/10/20 21:20:00",BOWWBA1L,0
D,DISPATCH,UNIT_SCADA,1,"2022/10/20 21:20:00",BOWWPV1,0.0010
D,DISPATCH,UNIT_SCADA,1,"2022/10/20 21:20:00",BRAEMAR1,0
D,DISPATCH,UNIT_SCADA,1,"2022/10/20 21:20:00",BRAEMAR2,0
D,DISPATCH,UNIT_SCADA,1,"2022/10/20 21:20:00",BRAEMAR3,0
D,DISPATCH,UNIT_SCADA,1,"2022/10/20 21:20:00",BRAEMAR5,145.223820
D,DISPATCH,UNIT_SCADA,1,"2022/10/20 21:20:00",BRAEMAR6,0
D,DISPATCH,UNIT_SCADA,1,"2022/10/20 21:20:00",BRAEMAR7,140.470310
D,DISPATCH,UNIT_SCADA,1,"2022/10/20 21:20:00",BROKENH1,0
D,DISPATCH,UNIT_SCADA,1,"2022/10/20 21:20:00",BRYB1WF1,70.347150
D,DISPATCH,UNIT_SCADA,1,"2022/10/20 21:20:00",BULBESG1,0
D,DISPATCH,UNIT_SCADA,1,"2022/10/20 21:20:00",BULBESL1,0.03
D,DISPATCH,UNIT_SCADA,1,"2022/10/20 21:20:00",BULGANA1,22.40
D,DISPATCH,UNIT_SCADA,1,"2022/10/20 21:20:00",BW01,660.251770
D,DISPATCH,UNIT_SCADA,1,"2022/10/20 21:20:00",BW02,639.255370
D,DISPATCH,UNIT_SCADA,1,"2022/10/20 21:20:00",BW03,578.609920
D,DISPATCH,UNIT_SCADA,1,"2022/10/20 21:20:00",BW04,0
D,DISPATCH,UNIT_SCADA,1,"2022/10/20 21:20:00",CALL_B_1,319.600010
D,DISPATCH,UNIT_SCADA,1,"2022/10/20 21:20:00",CALL_B_2,320.800020
D,DISPATCH,UNIT_SCADA,1,"2022/10/20 21:20:00",CATHROCK,1
D,DISPATCH,UNIT_SCADA,1,"2022/10/20 21:20:00",CBWWBA1G,0
D,DISPATCH,UNIT_SCADA,1,"2022/10/20 21:20:00",CBWWBA1L,0
D,DISPATCH,UNIT_SCADA,1,"2022/10/20 21:20:00",CETHANA,95.729620
D,DISPATCH,UNIT_SCADA,1,"2022/10/20 21:20:00",CG1,0
D,DISPATCH,UNIT_SCADA,1,"2022/10/20 21:20:00",CG2,0
D,DISPATCH,UNIT_SCADA,1,"2022/10/20 21:20:00",CG3,0
D,DISPATCH,UNIT_SCADA,1,"2022/10/20 21:20:00",CG4,0
D,DISPATCH,UNIT_SCADA,1,"2022/10/20 21:20:00",CHILDSF1,0
D,DISPATCH,UNIT_SCADA,1,"2022/10/20 21:20:00",CHYTWF1,7.22
D,DISPATCH,UNIT_SCADA,1,"2022/10/20 21:20:00",CLARESF1,0
D,DISPATCH,UNIT_SCADA,1,"2022/10/20 21:20:00",CLEMGPWF,0.576280
D,DISPATCH,UNIT_SCADA,1,"2022/10/20 21:20:00",CLERMSF1,0
D,DISPATCH,UNIT_SCADA,1,"2022/10/20 21:20:00",CNUNDAWF,15.5181
D,DISPATCH,UNIT_SCADA,1,"2022/10/20 21:20:00",COHUNSF1,0
D,DISPATCH,UNIT_SCADA,1,"2022/10/20 21:20:00",COLEASF1,0
D,DISPATCH,UNIT_SCADA,1,"2022/10/20 21:20:00",COLUMSF1,0
D,DISPATCH,UNIT_SCADA,1,"2022/10/20 21:20:00",COLWF01,124.547180
D,DISPATCH,UNIT_SCADA,1,"2022/10/20 21:20:00",COOPGWF1,379.44
D,DISPATCH,UNIT_SCADA,1,"2022/10/20 21:20:00",CPP_3,380.600010
D,DISPATCH,UNIT_SCADA,1,"2022/10/20 21:20:00",CPP_4,0
D,DISPATCH,UNIT_SCADA,1,"2022/10/20 21:20:00",CPSA,0
D,DISPATCH,UNIT_SCADA,1,"2022/10/20 21:20:00",CROOKWF2,33.224990
D,DISPATCH,UNIT_SCADA,1,"2022/10/20 21:20:00",CROWLWF1,19.193860
D,DISPATCH,UNIT_SCADA,1,"2022/10/20 21:20:00",CRURWF1,70.596090
D,DISPATCH,UNIT_SCADA,1,"2022/10/20 21:20:00",CRWASF1,0
D,DISPATCH,UNIT_SCADA,1,"2022/10/20 21:20:00",CSPVPS1,0
D,DISPATCH,UNIT_SCADA,1,"2022/10/20 21:20:00",CTHLWF1,0.003050
D,DISPATCH,UNIT_SCADA,1,"2022/10/20 21:20:00",DALNTH01,0.013730
D,DISPATCH,UNIT_SCADA,1,"2022/10/20 21:20:00",DALNTHL1,0
D,DISPATCH,UNIT_SCADA,1,"2022/10/20 21:20:00",DARLSF1,0
D,DISPATCH,UNIT_SCADA,1,"2022/10/20 21:20:00",DARTM1,0
D,DISPATCH,UNIT_SCADA,1,"2022/10/20 21:20:00",DAYDSF1,0
D,DISPATCH,UNIT_SCADA,1,"2022/10/20 21:20:00",DDPS1,0
D,DISPATCH,UNIT_SCADA,1,"2022/10/20 21:20:00",DDSF1,0
D,DISPATCH,UNIT_SCADA,1,"2022/10/20 21:20:00",DEVILS_G,50.646080
D,DISPATCH,UNIT_SCADA,1,"2022/10/20 21:20:00",DG_NSW1,0
D,DISPATCH,UNIT_SCADA,1,"2022/10/20 21:20:00",DG_QLD1,0
D,DISPATCH,UNIT_SCADA,1,"2022/10/20 21:20:00",DG_SA1,0
D,DISPATCH,UNIT_SCADA,1,"2022/10/20 21:20:00",DG_TAS1,0
D,DISPATCH,UNIT_SCADA,1,"2022/10/20 21:20:00",DG_VIC1,0
D,DISPATCH,UNIT_SCADA,1,"2022/10/20 21:20:00",DRYCGT1,0
D,DISPATCH,UNIT_SCADA,1,"2022/10/20 21:20:00",DRYCGT2,0
D,DISPATCH,UNIT_SCADA,1,"2022/10/20 21:20:00",DRYCGT3,0
D,DISPATCH,UNIT_SCADA,1,"2022/10/20 21:20:00",DUNDWF1,74.21
D,DISPATCH,UNIT_SCADA,1,"2022/10/20 21:20:00",DUNDWF2,23.54
D,DISPATCH,UNIT_SCADA,1,"2022/10/20 21:20:00",DUNDWF3,76.14
D,DISPATCH,UNIT_SCADA,1,"2022/10/20 21:20:00",EILDON1,60
D,DISPATCH,UNIT_SCADA,1,"2022/10/20 21:20:00",EILDON2,60.08
D,DISPATCH,UNIT_SCADA,1,"2022/10/20 21:20:00",ELAINWF1,8.75
D,DISPATCH,UNIT_SCADA,1,"2022/10/20 21:20:00",EMERASF1,0
D,DISPATCH,UNIT_SCADA,1,"2022/10/20 21:20:00",ER01,0
D,DISPATCH,UNIT_SCADA,1,"2022/10/20 21:20:00",ER02,673.582030
D,DISPATCH,UNIT_SCADA,1,"2022/10/20 21:20:00",ER03,692.210270
D,DISPATCH,UNIT_SCADA,1,"2022/10/20 21:20:00",ER04,679.124150
D,DISPATCH,UNIT_SCADA,1,"2022/10/20 21:20:00",FINLYSF1,0
D,DISPATCH,UNIT_SCADA,1,"2022/10/20 21:20:00",FISHER,43.91
D,DISPATCH,UNIT_SCADA,1,"2022/10/20 21:20:00",GANGARR1,0
D,DISPATCH,UNIT_SCADA,1,"2022/10/20 21:20:00",GANNBG1,0.088570
D,DISPATCH,UNIT_SCADA,1,"2022/10/20 21:20:00",GANNBL1,0
D,DISPATCH,UNIT_SCADA,1,"2022/10/20 21:20:00",GANNSF1,0
D,DISPATCH,UNIT_SCADA,1,"2022/10/20 21:20:00",GLRWNSF1,0
D,DISPATCH,UNIT_SCADA,1,"2022/10/20 21:20:00",GNNDHSF1,0
D,DISPATCH,UNIT_SCADA,1,"2022/10/20 21:20:00",GOONSF1,0
D,DISPATCH,UNIT_SCADA,1,"2022/10/20 21:20:00",GORDON,250.3132
D,DISPATCH,UNIT_SCADA,1,"2022/10/20 21:20:00",GRANWF1,0
D,DISPATCH,UNIT_SCADA,1,"2022/10/20 21:20:00",GSTONE1,200.724990
D,DISPATCH,UNIT_SCADA,1,"2022/10/20 21:20:00",GSTONE2,0
D,DISPATCH,UNIT_SCADA,1,"2022/10/20 21:20:00",GSTONE3,200.024990
D,DISPATCH,UNIT_SCADA,1,"2022/10/20 21:20:00",GSTONE4,0
D,DISPATCH,UNIT_SCADA,1,"2022/10/20 21:20:00",GSTONE5,201.95
D,DISPATCH,UNIT_SCADA,1,"2022/10/20 21:20:00",GSTONE6,201.0750
D,DISPATCH,UNIT_SCADA,1,"2022/10/20 21:20:00",GULLRSF1,0
D,DISPATCH,UNIT_SCADA,1,"2022/10/20 21:20:00",GULLRWF1,71.883910
D,DISPATCH,UNIT_SCADA,1,"2022/10/20 21:20:00",GULLRWF2,102.5162
D,DISPATCH,UNIT_SCADA,1,"2022/10/20 21:20:00",GUNNING1,0
D,DISPATCH,UNIT_SCADA,1,"2022/10/20 21:20:00",GUTHEGA,68
D,DISPATCH,UNIT_SCADA,1,"2022/10/20 21:20:00",HALLWF1,23.59
D,DISPATCH,UNIT_SCADA,1,"2022/10/20 21:20:00",HALLWF2,22.82
D,DISPATCH,UNIT_SCADA,1,"2022/10/20 21:20:00",HAMISF1,0
D,DISPATCH,UNIT_SCADA,1,"2022/10/20 21:20:00",HAUGHT11,0
D,DISPATCH,UNIT_SCADA,1,"2022/10/20 21:20:00",HAYMSF1,0
D,DISPATCH,UNIT_SCADA,1,"2022/10/20 21:20:00",HDWF1,13.80
D,DISPATCH,UNIT_SCADA,1,"2022/10/20 21:20:00",HDWF2,8.30
D,DISPATCH,UNIT_SCADA,1,"2022/10/20 21:20:00",HDWF3,12.90
D,DISPATCH,UNIT_SCADA,1,"2022/10/20 21:20:00",HILLSTN1,0
D,DISPATCH,UNIT_SCADA,1,"2022/10/20 21:20:00",HPRG1,13.10
D,DISPATCH,UNIT_SCADA,1,"2022/10/20 21:20:00",HPRL1,0
D,DISPATCH,UNIT_SCADA,1,"2022/10/20 21:20:00",HUMENSW,54.315260
D,DISPATCH,UNIT_SCADA,1,"2022/10/20 21:20:00",HUMEV,0
D,DISPATCH,UNIT_SCADA,1,"2022/10/20 21:20:00",HVWWBA1G,0
D,DISPATCH,UNIT_SCADA,1,"2022/10/20 21:20:00",HVWWBA1L,0.0070
D,DISPATCH,UNIT_SCADA,1,"2022/10/20 21:20:00",HVWWPV1,0
D,DISPATCH,UNIT_SCADA,1,"2022/10/20 21:20:00",JBUTTERS,0
D,DISPATCH,UNIT_SCADA,1,"2022/10/20 21:20:00",JEMALNG1,0
D,DISPATCH,UNIT_SCADA,1,"2022/10/20 21:20:00",JLA01,0
D,DISPATCH,UNIT_SCADA,1,"2022/10/20 21:20:00",JLA02,0
D,DISPATCH,UNIT_SCADA,1,"2022/10/20 21:20:00",JLA03,0
D,DISPATCH,UNIT_SCADA,1,"2022/10/20 21:20:00",JLA04,0
D,DISPATCH,UNIT_SCADA,1,"2022/10/20 21:20:00",JLB01,0
D,DISPATCH,UNIT_SCADA,1,"2022/10/20 21:20:00",JLB02,0.10
D,DISPATCH,UNIT_SCADA,1,"2022/10/20 21:20:00",JLB03,0
D,DISPATCH,UNIT_SCADA,1,"2022/10/20 21:20:00",JUNEESF1,0
D,DISPATCH,UNIT_SCADA,1,"2022/10/20 21:20:00",KABANWF1,0.8080
D,DISPATCH,UNIT_SCADA,1,"2022/10/20 21:20:00",KAREEYA1,0
D,DISPATCH,UNIT_SCADA,1,"2022/10/20 21:20:00",KAREEYA2,0
D,DISPATCH,UNIT_SCADA,1,"2022/10/20 21:20:00",KAREEYA3,5.02
D,DISPATCH,UNIT_SCADA,1,"2022/10/20 21:20:00",KAREEYA4,0
D,DISPATCH,UNIT_SCADA,1,"2022/10/20 21:20:00",KARSF1,0
D,DISPATCH,UNIT_SCADA,1,"2022/10/20 21:20:00",KEPSF1,0
D,DISPATCH,UNIT_SCADA,1,"2022/10/20 21:20:00",KEPWF1,1.70
D,DISPATCH,UNIT_SCADA,1,"2022/10/20 21:20:00",KIAMSF1,0
D,DISPATCH,UNIT_SCADA,1,"2022/10/20 21:20:00",KIATAWF1,6.30
D,DISPATCH,UNIT_SCADA,1,"2022/10/20 21:20:00",KPP_1,0
D,DISPATCH,UNIT_SCADA,1,"2022/10/20 21:20:00",KSP1,0
D,DISPATCH,UNIT_SCADA,1,"2022/10/20 21:20:00",LADBROK1,0.01
D,DISPATCH,UNIT_SCADA,1,"2022/10/20 21:20:00",LADBROK2,0.02
D,DISPATCH,UNIT_SCADA,1,"2022/10/20 21:20:00",LBBG1,0
D,DISPATCH,UNIT_SCADA,1,"2022/10/20 21:20:00",LBBL1,0
D,DISPATCH,UNIT_SCADA,1,"2022/10/20 21:20:00",LD01,378.637050
D,DISPATCH,UNIT_SCADA,1,"2022/10/20 21:20:00",LD02,91.5006
D,DISPATCH,UNIT_SCADA,1,"2022/10/20 21:20:00",LD04,311.984620
D,DISPATCH,UNIT_SCADA,1,"2022/10/20 21:20:00",LEM_WIL,86.7581
D,DISPATCH,UNIT_SCADA,1,"2022/10/20 21:20:00",LGAPWF1,90.72
D,DISPATCH,UNIT_SCADA,1,"2022/10/20 21:20:00",LGAPWF2,56.92
D,DISPATCH,UNIT_SCADA,1,"2022/10/20 21:20:00",LILYSF1,0
D,DISPATCH,UNIT_SCADA,1,"2022/10/20 21:20:00",LIMOSF11,0
D,DISPATCH,UNIT_SCADA,1,"2022/10/20 21:20:00",LIMOSF21,0
D,DISPATCH,UNIT_SCADA,1,"2022/10/20 21:20:00",LI_WY_CA,63.0643
D,DISPATCH,UNIT_SCADA,1,"2022/10/20 21:20:00",LKBONNY1,15.271910
D,DISPATCH,UNIT_SCADA,1,"2022/10/20 21:20:00",LKBONNY2,58.625510
D,DISPATCH,UNIT_SCADA,1,"2022/10/20 21:20:00",LKBONNY3,15.462720
D,DISPATCH,UNIT_SCADA,1,"2022/10/20 21:20:00",LK_ECHO,0
D,DISPATCH,UNIT_SCADA,1,"2022/10/20 21:20:00",LNGS1,0
D,DISPATCH,UNIT_SCADA,1,"2022/10/20 21:20:00",LNGS2,0
D,DISPATCH,UNIT_SCADA,1,"2022/10/20 21:20:00",LONSDALE,0
D,DISPATCH,UNIT_SCADA,1,"2022/10/20 21:20:00",LOYYB1,579.698730
D,DISPATCH,UNIT_SCADA,1,"2022/10/20 21:20:00",LOYYB2,576.691160
D,DISPATCH,UNIT_SCADA,1,"2022/10/20 21:20:00",LYA1,561
D,DISPATCH,UNIT_SCADA,1,"2022/10/20 21:20:00",LYA2,0
D,DISPATCH,UNIT_SCADA,1,"2022/10/20 21:20:00",LYA3,559
D,DISPATCH,UNIT_SCADA,1,"2022/10/20 21:20:00",LYA4,562
D,DISPATCH,UNIT_SCADA,1,"2022/10/20 21:20:00",MACARTH1,139.596770
D,DISPATCH,UNIT_SCADA,1,"2022/10/20 21:20:00",MACKNTSH,0
D,DISPATCH,UNIT_SCADA,1,"2022/10/20 21:20:00",MANSLR1,0
D,DISPATCH,UNIT_SCADA,1,"2022/10/20 21:20:00",MAPS2PV1,0
D,DISPATCH,UNIT_SCADA,1,"2022/10/20 21:20:00",MAPS3PV1,0
D,DISPATCH,UNIT_SCADA,1,"2022/10/20 21:20:00",MARYRSF1,0
D,DISPATCH,UNIT_SCADA,1,"2022/10/20 21:20:00",MBPS2PV1,0
D,DISPATCH,UNIT_SCADA,1,"2022/10/20 21:20:00",MCKAY1,222.504990
D,DISPATCH,UNIT_SCADA,1,"2022/10/20 21:20:00",MEADOWBK,19.748780
D,DISPATCH,UNIT_SCADA,1,"2022/10/20 21:20:00",MERCER01,27.10
D,DISPATCH,UNIT_SCADA,1,"2022/10/20 21:20:00",METZSF1,0
D,DISPATCH,UNIT_SCADA,1,"2022/10/20 21:20:00",MEWF1,22.722560
D,DISPATCH,UNIT_SCADA,1,"2022/10/20 21:20:00",MIDDLSF1,0
D,DISPATCH,UNIT_SCADA,1,"2022/10/20 21:20:00",MINTARO,0.128180
D,DISPATCH,UNIT_SCADA,1,"2022/10/20 21:20:00",MOLNGSF1,0
D,DISPATCH,UNIT_SCADA,1,"2022/10/20 21:20:00",MOORAWF1,12.56
D,DISPATCH,UNIT_SCADA,1,"2022/10/20 21:20:00",MOREESF1,0
D,DISPATCH,UNIT_SCADA,1,"2022/10/20 21:20:00",MORTLK11,0
D,DISPATCH,UNIT_SCADA,1,"2022/10/20 21:20:00",MORTLK12,0
D,DISPATCH,UNIT_SCADA,1,"2022/10/20 21:20:00",MOUSF1,0
D,DISPATCH,UNIT_SCADA,1,"2022/10/20 21:20:00",MP1,0
D,DISPATCH,UNIT_SCADA,1,"2022/10/20 21:20:00",MP2,414.373990
D,DISPATCH,UNIT_SCADA,1,"2022/10/20 21:20:00",MPP_1,184.271320
D,DISPATCH,UNIT_SCADA,1,"2022/10/20 21:20:00",MPP_2,179.037370
D,DISPATCH,UNIT_SCADA,1,"2022/10/20 21:20:00",MRTLSWF1,0
D,DISPATCH,UNIT_SCADA,1,"2022/10/20 21:20:00",MSTUART1,0
D,DISPATCH,UNIT_SCADA,1,"2022/10/20 21:20:00",MSTUART2,0
D,DISPATCH,UNIT_SCADA,1,"2022/10/20 21:20:00",MSTUART3,0
D,DISPATCH,UNIT_SCADA,1,"2022/10/20 21:20:00",MTGELWF1,33.579520
D,DISPATCH,UNIT_SCADA,1,"2022/10/20 21:20:00",MTMILLAR,27.30
D,DISPATCH,UNIT_SCADA,1,"2022/10/20 21:20:00",MURRAY,0
D,DISPATCH,UNIT_SCADA,1,"2022/10/20 21:20:00",MUSSELR1,19.60
D,DISPATCH,UNIT_SCADA,1,"2022/10/20 21:20:00",MUWAWF1,29.88
D,DISPATCH,UNIT_SCADA,1,"2022/10/20 21:20:00",MUWAWF2,20.50
D,DISPATCH,UNIT_SCADA,1,"2022/10/20 21:20:00",MWPS1PV1,0
D,DISPATCH,UNIT_SCADA,1,"2022/10/20 21:20:00",MWPS2PV1,0
D,DISPATCH,UNIT_SCADA,1,"2022/10/20 21:20:00",MWPS3PV1,0
D,DISPATCH,UNIT_SCADA,1,"2022/10/20 21:20:00",MWPS4PV1,0
D,DISPATCH,UNIT_SCADA,1,"2022/10/20 21:20:00",NBHWF1,24.70
D,DISPATCH,UNIT_SCADA,1,"2022/10/20 21:20:00",NEVERSF1,0
D,DISPATCH,UNIT_SCADA,1,"2022/10/20 21:20:00",NPS,0
D,DISPATCH,UNIT_SCADA,1,"2022/10/20 21:20:00",NUMURSF1,0
D,DISPATCH,UNIT_SCADA,1,"2022/10/20 21:20:00",NYNGAN1,0
D,DISPATCH,UNIT_SCADA,1,"2022/10/20 21:20:00",OAKEY1,0
D,DISPATCH,UNIT_SCADA,1,"2022/10/20 21:20:00",OAKEY1SF,0
D,DISPATCH,UNIT_SCADA,1,"2022/10/20 21:20:00",OAKEY2,0
D,DISPATCH,UNIT_SCADA,1,"2022/10/20 21:20:00",OAKEY2SF,0
D,DISPATCH,UNIT_SCADA,1,"2022/10/20 21:20:00",OAKLAND1,18.20
D,DISPATCH,UNIT_SCADA,1,"2022/10/20 21:20:00",OSB-AG,179.349990
D,DISPATCH,UNIT_SCADA,1,"2022/10/20 21:20:00",PAREPS1,0
D,DISPATCH,UNIT_SCADA,1,"2022/10/20 21:20:00",PAREPW1,62.53
D,DISPATCH,UNIT_SCADA,1,"2022/10/20 21:20:00",PARSF1,0.001530
D,DISPATCH,UNIT_SCADA,1,"2022/10/20 21:20:00",POAT110,3.20
D,DISPATCH,UNIT_SCADA,1,"2022/10/20 21:20:00",POAT220,0
D,DISPATCH,UNIT_SCADA,1,"2022/10/20 21:20:00",POR01,0
D,DISPATCH,UNIT_SCADA,1,"2022/10/20 21:20:00",POR03,0
D,DISPATCH,UNIT_SCADA,1,"2022/10/20 21:20:00",PPCCGT,166.169980
D,DISPATCH,UNIT_SCADA,1,"2022/10/20 21:20:00",PTSTAN1,0
D,DISPATCH,UNIT_SCADA,1,"2022/10/20 21:20:00",PUMP1,0
D,DISPATCH,UNIT_SCADA,1,"2022/10/20 21:20:00",PUMP2,0
D,DISPATCH,UNIT_SCADA,1,"2022/10/20 21:20:00",QBYNBG1,0.0015
D,DISPATCH,UNIT_SCADA,1,"2022/10/20 21:20:00",QBYNBL1,0
D,DISPATCH,UNIT_SCADA,1,"2022/10/20 21:20:00",QPS1,0
D,DISPATCH,UNIT_SCADA,1,"2022/10/20 21:20:00",QPS2,0
D,DISPATCH,UNIT_SCADA,1,"2022/10/20 21:20:00",QPS3,0
D,DISPATCH,UNIT_SCADA,1,"2022/10/20 21:20:00",QPS4,0
D,DISPATCH,UNIT_SCADA,1,"2022/10/20 21:20:00",QPS5,0
D,DISPATCH,UNIT_SCADA,1,"2022/10/20 21:20:00",REECE1,0
D,DISPATCH,UNIT_SCADA,1,"2022/10/20 21:20:00",REECE2,0
D,DISPATCH,UNIT_SCADA,1,"2022/10/20 21:20:00",ROMA_7,0
D,DISPATCH,UNIT_SCADA,1,"2022/10/20 21:20:00",ROMA_8,0
D,DISPATCH,UNIT_SCADA,1,"2022/10/20 21:20:00",RRSF1,0
D,DISPATCH,UNIT_SCADA,1,"2022/10/20 21:20:00",RT_NSW1,0
D,DISPATCH,UNIT_SCADA,1,"2022/10/20 21:20:00",RT_NSW2,0
D,DISPATCH,UNIT_SCADA,1,"2022/10/20 21:20:00",RT_NSW3,0
D,DISPATCH,UNIT_SCADA,1,"2022/10/20 21:20:00",RT_NSW4,0
D,DISPATCH,UNIT_SCADA,1,"2022/10/20 21:20:00",RT_NSW5,0
D,DISPATCH,UNIT_SCADA,1,"2022/10/20 21:20:00",RT_NSW6,0
D,DISPATCH,UNIT_SCADA,1,"2022/10/20 21:20:00",RT_QLD1,0
D,DISPATCH,UNIT_SCADA,1,"2022/10/20 21:20:00",RT_SA1,0
D,DISPATCH,UNIT_SCADA,1,"2022/10/20 21:20:00",RT_SA2,0
D,DISPATCH,UNIT_SCADA,1,"2022/10/20 21:20:00",RT_SA3,0
D,DISPATCH,UNIT_SCADA,1,"2022/10/20 21:20:00",RT_SA4,0
D,DISPATCH,UNIT_SCADA,1,"2022/10/20 21:20:00",RT_SA5,0
D,DISPATCH,UNIT_SCADA,1,"2022/10/20 21:20:00",RT_SA6,0
D,DISPATCH,UNIT_SCADA,1,"2022/10/20 21:20:00",RT_TAS1,0
D,DISPATCH,UNIT_SCADA,1,"2022/10/20 21:20:00",RT_VIC1,0
D,DISPATCH,UNIT_SCADA,1,"2022/10/20 21:20:00",RT_VIC10,0
D,DISPATCH,UNIT_SCADA,1,"2022/10/20 21:20:00",RT_VIC11,0
D,DISPATCH,UNIT_SCADA,1,"2022/10/20 21:20:00",RT_VIC12,0
D,DISPATCH,UNIT_SCADA,1,"2022/10/20 21:20:00",RT_VIC2,0
D,DISPATCH,UNIT_SCADA,1,"2022/10/20 21:20:00",RT_VIC3,0
D,DISPATCH,UNIT_SCADA,1,"2022/10/20 21:20:00",RT_VIC4,0
D,DISPATCH,UNIT_SCADA,1,"2022/10/20 21:20:00",RT_VIC5,0
D,DISPATCH,UNIT_SCADA,1,"2022/10/20 21:20:00",RT_VIC6,0
D,DISPATCH,UNIT_SCADA,1,"2022/10/20 21:20:00",RT_VIC7,0
D,DISPATCH,UNIT_SCADA,1,"2022/10/20 21:20:00",RT_VIC8,0
D,DISPATCH,UNIT_SCADA,1,"2022/10/20 21:20:00",RT_VIC9,0
D,DISPATCH,UNIT_SCADA,1,"2022/10/20 21:20:00",RUGBYR1,0
D,DISPATCH,UNIT_SCADA,1,"2022/10/20 21:20:00",SALTCRK1,32.27
D,DISPATCH,UNIT_SCADA,1,"2022/10/20 21:20:00",SAPHWF1,250.688950
D,DISPATCH,UNIT_SCADA,1,"2022/10/20 21:20:00",SEBSF1,0
D,DISPATCH,UNIT_SCADA,1,"2022/10/20 21:20:00",SHGEN,0
D,DISPATCH,UNIT_SCADA,1,"2022/10/20 21:20:00",SHPUMP,0
D,DISPATCH,UNIT_SCADA,1,"2022/10/20 21:20:00",SITHE01,0.123710
D,DISPATCH,UNIT_SCADA,1,"2022/10/20 21:20:00",SMCSF1,0
D,DISPATCH,UNIT_SCADA,1,"2022/10/20 21:20:00",SNAPPER1,0
D,DISPATCH,UNIT_SCADA,1,"2022/10/20 21:20:00",SNOWNTH1,80.100010
D,DISPATCH,UNIT_SCADA,1,"2022/10/20 21:20:00",SNOWSTH1,33.80
D,DISPATCH,UNIT_SCADA,1,"2022/10/20 21:20:00",SNOWTWN1,45.631060
D,DISPATCH,UNIT_SCADA,1,"2022/10/20 21:20:00",SNOWYP,0
D,DISPATCH,UNIT_SCADA,1,"2022/10/20 21:20:00",SNUG1,0
D,DISPATCH,UNIT_SCADA,1,"2022/10/20 21:20:00",SRSF1,0
D,DISPATCH,UNIT_SCADA,1,"2022/10/20 21:20:00",STAN-1,282.709410
D,DISPATCH,UNIT_SCADA,1,"2022/10/20 21:20:00",STAN-2,364.294710
D,DISPATCH,UNIT_SCADA,1,"2022/10/20 21:20:00",STAN-3,363.8717
D,DISPATCH,UNIT_SCADA,1,"2022/10/20 21:20:00",STAN-4,363.858890
D,DISPATCH,UNIT_SCADA,1,"2022/10/20 21:20:00",STARHLWF,22.693380
D,DISPATCH,UNIT_SCADA,1,"2022/10/20 21:20:00",STOCKYD1,166.240010
D,DISPATCH,UNIT_SCADA,1,"2022/10/20 21:20:00",STWF1,55.377430
D,DISPATCH,UNIT_SCADA,1,"2022/10/20 21:20:00",SUNRSF1,0
D,DISPATCH,UNIT_SCADA,1,"2022/10/20 21:20:00",SUNTPSF1,0
D,DISPATCH,UNIT_SCADA,1,"2022/10/20 21:20:00",SWAN_E,292.700620
D,DISPATCH,UNIT_SCADA,1,"2022/10/20 21:20:00",TALWA1,0
D,DISPATCH,UNIT_SCADA,1,"2022/10/20 21:20:00",TARALGA1,0
D,DISPATCH,UNIT_SCADA,1,"2022/10/20 21:20:00",TARONG#1,349.899990
D,DISPATCH,UNIT_SCADA,1,"2022/10/20 21:20:00",TARONG#2,349.100010
D,DISPATCH,UNIT_SCADA,1,"2022/10/20 21:20:00",TARONG#3,0.90
D,DISPATCH,UNIT_SCADA,1,"2022/10/20 21:20:00",TARONG#4,293.399990
D,DISPATCH,UNIT_SCADA,1,"2022/10/20 21:20:00",TARRALEA,54
D,DISPATCH,UNIT_SCADA,1,"2022/10/20 21:20:00",TBSF1,0
D,DISPATCH,UNIT_SCADA,1,"2022/10/20 21:20:00",TNPS1,421.187470
D,DISPATCH,UNIT_SCADA,1,"2022/10/20 21:20:00",TORRB1,0
D,DISPATCH,UNIT_SCADA,1,"2022/10/20 21:20:00",TORRB2,61
D,DISPATCH,UNIT_SCADA,1,"2022/10/20 21:20:00",TORRB3,0
D,DISPATCH,UNIT_SCADA,1,"2022/10/20 21:20:00",TORRB4,0
D,DISPATCH,UNIT_SCADA,1,"2022/10/20 21:20:00",TREVALLN,98.1755
D,DISPATCH,UNIT_SCADA,1,"2022/10/20 21:20:00",TRIBUTE,0
D,DISPATCH,UNIT_SCADA,1,"2022/10/20 21:20:00",TUMUT3,323.859990
D,DISPATCH,UNIT_SCADA,1,"2022/10/20 21:20:00",TUNGATIN,4.750020
D,DISPATCH,UNIT_SCADA,1,"2022/10/20 21:20:00",TVCC201,0
D,DISPATCH,UNIT_SCADA,1,"2022/10/20 21:20:00",TVPP104,0
D,DISPATCH,UNIT_SCADA,1,"2022/10/20 21:20:00",UPPTUMUT,0
D,DISPATCH,UNIT_SCADA,1,"2022/10/20 21:20:00",URANQ11,0
D,DISPATCH,UNIT_SCADA,1,"2022/10/20 21:20:00",URANQ12,0
D,DISPATCH,UNIT_SCADA,1,"2022/10/20 21:20:00",URANQ13,0
D,DISPATCH,UNIT_SCADA,1,"2022/10/20 21:20:00",URANQ14,0
D,DISPATCH,UNIT_SCADA,1,"2022/10/20 21:20:00",VBBG1,21.10
D,DISPATCH,UNIT_SCADA,1,"2022/10/20 21:20:00",VBBL1,0
D,DISPATCH,UNIT_SCADA,1,"2022/10/20 21:20:00",VP5,562.199770
D,DISPATCH,UNIT_SCADA,1,"2022/10/20 21:20:00",VP6,601.214660
D,DISPATCH,UNIT_SCADA,1,"2022/10/20 21:20:00",VPGS1,0
D,DISPATCH,UNIT_SCADA,1,"2022/10/20 21:20:00",VPGS2,0
D,DISPATCH,UNIT_SCADA,1,"2022/10/20 21:20:00",VPGS3,0
D,DISPATCH,UNIT_SCADA,1,"2022/10/20 21:20:00",VPGS4,0
D,DISPATCH,UNIT_SCADA,1,"2022/10/20 21:20:00",VPGS5,0
D,DISPATCH,UNIT_SCADA,1,"2022/10/20 21:20:00",VPGS6,0
D,DISPATCH,UNIT_SCADA,1,"2022/10/20 21:20:00",W/HOE#1,0
D,DISPATCH,UNIT_SCADA,1,"2022/10/20 21:20:00",W/HOE#2,0
D,DISPATCH,UNIT_SCADA,1,"2022/10/20 21:20:00",WAGGNSF1,0
D,DISPATCH,UNIT_SCADA,1,"2022/10/20 21:20:00",WALGRVG1,0.000930
D,DISPATCH,UNIT_SCADA,1,"2022/10/20 21:20:00",WALGRVL1,0
D,DISPATCH,UNIT_SCADA,1,"2022/10/20 21:20:00",WANDBG1,0.6622
D,DISPATCH,UNIT_SCADA,1,"2022/10/20 21:20:00",WANDBL1,0
D,DISPATCH,UNIT_SCADA,1,"2022/10/20 21:20:00",WARWSF1,0
D,DISPATCH,UNIT_SCADA,1,"2022/10/20 21:20:00",WARWSF2,0
D,DISPATCH,UNIT_SCADA,1,"2022/10/20 21:20:00",WATERLWF,19.20
D,DISPATCH,UNIT_SCADA,1,"2022/10/20 21:20:00",WDGPH1,0
D,DISPATCH,UNIT_SCADA,1,"2022/10/20 21:20:00",WELLSF1,0
D,DISPATCH,UNIT_SCADA,1,"2022/10/20 21:20:00",WEMENSF1,0
D,DISPATCH,UNIT_SCADA,1,"2022/10/20 21:20:00",WGWF1,37.60
D,DISPATCH,UNIT_SCADA,1,"2022/10/20 21:20:00",WHITSF1,0
D,DISPATCH,UNIT_SCADA,1,"2022/10/20 21:20:00",WINTSF1,0
D,DISPATCH,UNIT_SCADA,1,"2022/10/20 21:20:00",WKIEWA1,34.10
D,DISPATCH,UNIT_SCADA,1,"2022/10/20 21:20:00",WKIEWA2,34
D,DISPATCH,UNIT_SCADA,1,"2022/10/20 21:20:00",WOODLWN1,33.122090
D,DISPATCH,UNIT_SCADA,1,"2022/10/20 21:20:00",WOOLGSF1,0
D,DISPATCH,UNIT_SCADA,1,"2022/10/20 21:20:00",WPWF,55.80
D,DISPATCH,UNIT_SCADA,1,"2022/10/20 21:20:00",WRSF1,0
D,DISPATCH,UNIT_SCADA,1,"2022/10/20 21:20:00",WRWF1,141.194180
D,DISPATCH,UNIT_SCADA,1,"2022/10/20 21:20:00",WSTWYSF1,0
D,DISPATCH,UNIT_SCADA,1,"2022/10/20 21:20:00",YABULU,0
D,DISPATCH,UNIT_SCADA,1,"2022/10/20 21:20:00",YABULU2,0
D,DISPATCH,UNIT_SCADA,1,"2022/10/20 21:20:00",YARANSF1,0
D,DISPATCH,UNIT_SCADA,1,"2022/10/20 21:20:00",YARWUN_1,163.179990
D,DISPATCH,UNIT_SCADA,1,"2022/10/20 21:20:00",YATSF1,0
D,DISPATCH,UNIT_SCADA,1,"2022/10/20 21:20:00",YENDWF1,11.69
D,DISPATCH,UNIT_SCADA,1,"2022/10/20 21:20:00",YWPS1,320.799990
D,DISPATCH,UNIT_SCADA,1,"2022/10/20 21:20:00",YWPS2,361.653170
D,DISPATCH,UNIT_SCADA,1,"2022/10/20 21:20:00",YWPS3,360.235440
D,DISPATCH,UNIT_SCADA,1,"2022/10/20 21:20:00",YWPS4,0
C,"END OF REPORT",419
