C,NEMP.WORLD,DISPATCHSCADA,AEMO,PUBLIC,2022/10/20,05:10:10,0000000373231253,DISPATCHSCADA,0000000373231247
I,DISPATCH,UNIT_SCADA,1,SETTLEMENTDATE,DUID,SCADAVALUE
D,DISPATCH,UNIT_SCADA,1,"2022/10/20 05:15:00",BARCSF1,0.10
D,DISPATCH,UNIT_SCADA,1,"2022/10/20 05:15:00",BUTLERSG,8.699999
D,DISPATCH,UNIT_SCADA,1,"2022/10/20 05:15:00",CAPTL_WF,10.943526
D,DISPATCH,UNIT_SCADA,1,"2022/10/20 05:15:00",CHALLHWF,26.50
D,DISPATCH,UNIT_SCADA,1,"2022/10/20 05:15:00",CLOVER,13.12
D,DISPATCH,UNIT_SCADA,1,"2022/10/20 05:15:00",CLUNY,6.215152
D,DISPATCH,UNIT_SCADA,1,"2022/10/20 05:15:00",CULLRGWF,-0.05
D,DISPATCH,UNIT_SCADA,1,"2022/10/20 05:15:00",DIAPURWF1,7.30
D,DISPATCH,UNIT_SCADA,1,"2022/10/20 05:15:00",ERGT01,0
D,DISPATCH,UNIT_SCADA,1,"2022/10/20 05:15:00",GB01,0
D,DISPATCH,UNIT_SCADA,1,"2022/10/20 05:15:00",GERMCRK,21.40
D,DISPATCH,UNIT_SCADA,1,"2022/10/20 05:15:00",GRIFSF1,0.001526
D,DISPATCH,UNIT_SCADA,1,"2022/10/20 05:15:00",HEZ1,0
D,DISPATCH,UNIT_SCADA,1,"2022/10/20 05:15:00",HUGSF1,-0.1740
D,DISPATCH,UNIT_SCADA,1,"2022/10/20 05:15:00",KEPBG1,0.01
D,DISPATCH,UNIT_SCADA,1,"2022/10/20 05:15:00",LRSF1,0.0240
D,DISPATCH,UNIT_SCADA,1,"2022/10/20 05:15:00",MBAHNTH,47.850006
D,DISPATCH,UNIT_SCADA,1,"2022/10/20 05:15:00",MLSP1,0
D,DISPATCH,UNIT_SCADA,1,"2022/10/20 05:15:00",MLWF1,4.68
D,DISPATCH,UNIT_SCADA,1,"2022/10/20 05:15:00",PALOONA,29.799999
D,DISPATCH,UNIT_SCADA,1,"2022/10/20 05:15:00",PIONEER,43.900002
D,DISPATCH,UNIT_SCADA,1,"2022/10/20 05:15:00",PORTWF,37.50
D,DISPATCH,UNIT_SCADA,1,"2022/10/20 05:15:00",REPULSE,9.372091
D,DISPATCH,UNIT_SCADA,1,"2022/10/20 05:15:00",ROWALLAN,8.9318
D,DISPATCH,UNIT_SCADA,1,"2022/10/20 05:15:00",ROYALLA1,0
D,DISPATCH,UNIT_SCADA,1,"2022/10/20 05:15:00",RPCG,-1.20
D,DISPATCH,UNIT_SCADA,1,"2022/10/20 05:15:00",RUBICON,0
D,DISPATCH,UNIT_SCADA,1,"2022/10/20 05:15:00",WAUBRAWF,96.309998
D,DISPATCH,UNIT_SCADA,1,"2022/10/20 05:15:00",WOOLNTH1,40.369999
D,DISPATCH,UNIT_SCADA,1,"2022/10/20 05:15:00",YAMBUKWF,2.80
D,DISPATCH,UNIT_SCADA,1,"2022/10/20 05:15:00",YSWF1,2.10
D,DISPATCH,UNIT_SCADA,1,"2022/10/20 05:15:00",ADPBA1G,0.0080
D,DISPATCH,UNIT_SCADA,1,"2022/10/20 05:15:00",ADPBA1L,0
D,DISPATCH,UNIT_SCADA,1,"2022/10/20 05:15:00",ADPPV1,0
D,DISPATCH,UNIT_SCADA,1,"2022/10/20 05:15:00",AGLHAL,0
D,DISPATCH,UNIT_SCADA,1,"2022/10/20 05:15:00",AGLSOM,0
D,DISPATCH,UNIT_SCADA,1,"2022/10/20 05:15:00",ANGAST1,0
D,DISPATCH,UNIT_SCADA,1,"2022/10/20 05:15:00",ARWF1,2.30
D,DISPATCH,UNIT_SCADA,1,"2022/10/20 05:15:00",BALBG1,0
D,DISPATCH,UNIT_SCADA,1,"2022/10/20 05:15:00",BALBL1,0
D,DISPATCH,UNIT_SCADA,1,"2022/10/20 05:15:00",BALDHWF1,5.1310
D,DISPATCH,UNIT_SCADA,1,"2022/10/20 05:15:00",BANGOWF1,76.795610
D,DISPATCH,UNIT_SCADA,1,"2022/10/20 05:15:00",BANGOWF2,67.498050
D,DISPATCH,UNIT_SCADA,1,"2022/10/20 05:15:00",BANN1,0
D,DISPATCH,UNIT_SCADA,1,"2022/10/20 05:15:00",BARCALDN,0
D,DISPATCH,UNIT_SCADA,1,"2022/10/20 05:15:00",BARKIPS1,0
D,DISPATCH,UNIT_SCADA,1,"2022/10/20 05:15:00",BARRON-1,0
D,DISPATCH,UNIT_SCADA,1,"2022/10/20 05:15:00",BARRON-2,0
D,DISPATCH,UNIT_SCADA,1,"2022/10/20 05:15:00",BASTYAN,0
D,DISPATCH,UNIT_SCADA,1,"2022/10/20 05:15:00",BBTHREE1,0
D,DISPATCH,UNIT_SCADA,1,"2022/10/20 05:15:00",BBTHREE2,0
D,DISPATCH,UNIT_SCADA,1,"2022/10/20 05:15:00",BBTHREE3,0
D,DISPATCH,UNIT_SCADA,1,"2022/10/20 05:15:00",BDL01,0
D,DISPATCH,UNIT_SCADA,1,"2022/10/20 05:15:00",BDL02,0
D,DISPATCH,UNIT_SCADA,1,"2022/10/20 05:15:00",BERYLSF1,0
D,DISPATCH,UNIT_SCADA,1,"2022/10/20 05:15:00",BLOWERNG,62.60
D,DISPATCH,UNIT_SCADA,1,"2022/10/20 05:15:00",BLUEGSF1,0
D,DISPATCH,UNIT_SCADA,1,"2022/10/20 05:15:00",BLUFF1,13.80
D,DISPATCH,UNIT_SCADA,1,"2022/10/20 05:15:00",BNGSF1,0
D,DISPATCH,UNIT_SCADA,1,"2022/10/20 05:15:00",BNGSF2,0
D,DISPATCH,UNIT_SCADA,1,"2022/10/20 05:15:00",BOCORWF1,0
D,DISPATCH,UNIT_SCADA,1,"2022/10/20 05:15:00",BODWF1,107.073030
D,DISPATCH,UNIT_SCADA,1,"2022/10/20 05:15:00",BOMENSF1,0
D,DISPATCH,UNIT_SCADA,1,"2022/10/20 05:15:00",BOWWBA1G,0
D,DISPATCH,UNIT_SCADA,1,"2022/10/20 05:15:00",BOWWBA1L,0
D,DISPATCH,UNIT_SCADA,1,"2022/10/20 05:15:00",BOWWPV1,0
D,DISPATCH,UNIT_SCADA,1,"2022/10/20 05:15:00",BRAEMAR1,0
D,DISPATCH,UNIT_SCADA,1,"2022/10/20 05:15:00",BRAEMAR2,0
D,DISPATCH,UNIT_SCADA,1,"2022/10/20 05:15:00",BRAEMAR3,0
D,DISPATCH,UNIT_SCADA,1,"2022/10/20 05:15:00",BRAEMAR5,0.292060
D,DISPATCH,UNIT_SCADA,1,"2022/10/20 05:15:00",BRAEMAR6,0
D,DISPATCH,UNIT_SCADA,1,"2022/10/20 05:15:00",BRAEMAR7,0.130920
D,DISPATCH,UNIT_SCADA,1,"2022/10/20 05:15:00",BROKENH1,0
D,DISPATCH,UNIT_SCADA,1,"2022/10/20 05:15:00",BRYB1WF1,100.956740
D,DISPATCH,UNIT_SCADA,1,"2022/10/20 05:15:00",BULBESG1,0
D,DISPATCH,UNIT_SCADA,1,"2022/10/20 05:15:00",BULBESL1,0.06
D,DISPATCH,UNIT_SCADA,1,"2022/10/20 05:15:00",BULGANA1,42.55
D,DISPATCH,UNIT_SCADA,1,"2022/10/20 05:15:00",BW01,466.327910
D,DISPATCH,UNIT_SCADA,1,"2022/10/20 05:15:00",BW02,464.496830
D,DISPATCH,UNIT_SCADA,1,"2022/10/20 05:15:00",BW03,469.5018
D,DISPATCH,UNIT_SCADA,1,"2022/10/20 05:15:00",BW04,0
D,DISPATCH,UNIT_SCADA,1,"2022/10/20 05:15:00",CALL_B_1,319.100010
D,DISPATCH,UNIT_SCADA,1,"2022/10/20 05:15:00",CALL_B_2,319.50
D,DISPATCH,UNIT_SCADA,1,"2022/10/20 05:15:00",CATHROCK,9.80
D,DISPATCH,UNIT_SCADA,1,"2022/10/20 05:15:00",CBWWBA1G,0
D,DISPATCH,UNIT_SCADA,1,"2022/10/20 05:15:00",CBWWBA1L,0
D,DISPATCH,UNIT_SCADA,1,"2022/10/20 05:15:00",CETHANA,97.765370
D,DISPATCH,UNIT_SCADA,1,"2022/10/20 05:15:00",CG1,0
D,DISPATCH,UNIT_SCADA,1,"2022/10/20 05:15:00",CG2,0
D,DISPATCH,UNIT_SCADA,1,"2022/10/20 05:15:00",CG3,0
D,DISPATCH,UNIT_SCADA,1,"2022/10/20 05:15:00",CG4,0
D,DISPATCH,UNIT_SCADA,1,"2022/10/20 05:15:00",CHILDSF1,0
D,DISPATCH,UNIT_SCADA,1,"2022/10/20 05:15:00",CHYTWF1,8.40
D,DISPATCH,UNIT_SCADA,1,"2022/10/20 05:15:00",CLARESF1,0
D,DISPATCH,UNIT_SCADA,1,"2022/10/20 05:15:00",CLEMGPWF,30.4708
D,DISPATCH,UNIT_SCADA,1,"2022/10/20 05:15:00",CLERMSF1,0
D,DISPATCH,UNIT_SCADA,1,"2022/10/20 05:15:00",CNUNDAWF,0
D,DISPATCH,UNIT_SCADA,1,"2022/10/20 05:15:00",COHUNSF1,0
D,DISPATCH,UNIT_SCADA,1,"2022/10/20 05:15:00",COLEASF1,0
D,DISPATCH,UNIT_SCADA,1,"2022/10/20 05:15:00",COLUMSF1,0
D,DISPATCH,UNIT_SCADA,1,"2022/10/20 05:15:00",COLWF01,107.272450
D,DISPATCH,UNIT_SCADA,1,"2022/10/20 05:15:00",COOPGWF1,371.140010
D,DISPATCH,UNIT_SCADA,1,"2022/10/20 05:15:00",CPP_3,358.8750
D,DISPATCH,UNIT_SCADA,1,"2022/10/20 05:15:00",CPP_4,0
D,DISPATCH,UNIT_SCADA,1,"2022/10/20 05:15:00",CPSA,0
D,DISPATCH,UNIT_SCADA,1,"2022/10/20 05:15:00",CROOKWF2,27.855040
D,DISPATCH,UNIT_SCADA,1,"2022/10/20 05:15:00",CROWLWF1,32.843780
D,DISPATCH,UNIT_SCADA,1,"2022/10/20 05:15:00",CRURWF1,82.597010
D,DISPATCH,UNIT_SCADA,1,"2022/10/20 05:15:00",CRWASF1,0
D,DISPATCH,UNIT_SCADA,1,"2022/10/20 05:15:00",CSPVPS1,0
D,DISPATCH,UNIT_SCADA,1,"2022/10/20 05:15:00",CTHLWF1,0.003050
D,DISPATCH,UNIT_SCADA,1,"2022/10/20 05:15:00",DALNTH01,0
D,DISPATCH,UNIT_SCADA,1,"2022/10/20 05:15:00",DALNTHL1,0.093080
D,DISPATCH,UNIT_SCADA,1,"2022/10/20 05:15:00",DARLSF1,0
D,DISPATCH,UNIT_SCADA,1,"2022/10/20 05:15:00",DARTM1,0
D,DISPATCH,UNIT_SCADA,1,"2022/10/20 05:15:00",DAYDSF1,0
D,DISPATCH,UNIT_SCADA,1,"2022/10/20 05:15:00",DDPS1,0
D,DISPATCH,UNIT_SCADA,1,"2022/10/20 05:15:00",DDSF1,0
D,DISPATCH,UNIT_SCADA,1,"2022/10/20 05:15:00",DEVILS_G,59.955440
D,DISPATCH,UNIT_SCADA,1,"2022/10/20 05:15:00",DG_NSW1,0
D,DISPATCH,UNIT_SCADA,1,"2022/10/20 05:15:00",DG_QLD1,0
D,DISPATCH,UNIT_SCADA,1,"2022/10/20 05:15:00",DG_SA1,0
D,DISPATCH,UNIT_SCADA,1,"2022/10/20 05:15:00",DG_TAS1,0
D,DISPATCH,UNIT_SCADA,1,"2022/10/20 05:15:00",DG_VIC1,0
D,DISPATCH,UNIT_SCADA,1,"2022/10/20 05:15:00",DRYCGT1,0
D,DISPATCH,UNIT_SCADA,1,"2022/10/20 05:15:00",DRYCGT2,0
D,DISPATCH,UNIT_SCADA,1,"2022/10/20 05:15:00",DRYCGT3,0
D,DISPATCH,UNIT_SCADA,1,"2022/10/20 05:15:00",DUNDWF1,98.79
D,DISPATCH,UNIT_SCADA,1,"2022/10/20 05:15:00",DUNDWF2,29.56
D,DISPATCH,UNIT_SCADA,1,"2022/10/20 05:15:00",DUNDWF3,73.75
D,DISPATCH,UNIT_SCADA,1,"2022/10/20 05:15:00",EILDON1,60.08
D,DISPATCH,UNIT_SCADA,1,"2022/10/20 05:15:00",EILDON2,60.04
D,DISPATCH,UNIT_SCADA,1,"2022/10/20 05:15:00",ELAINWF1,26.19
D,DISPATCH,UNIT_SCADA,1,"2022/10/20 05:15:00",EMERASF1,0
D,DISPATCH,UNIT_SCADA,1,"2022/10/20 05:15:00",ER01,0
D,DISPATCH,UNIT_SCADA,1,"2022/10/20 05:15:00",ER02,540.401310
D,DISPATCH,UNIT_SCADA,1,"2022/10/20 05:15:00",ER03,569.576540
D,DISPATCH,UNIT_SCADA,1,"2022/10/20 05:15:00",ER04,567.696660
D,DISPATCH,UNIT_SCADA,1,"2022/10/20 05:15:00",FINLYSF1,0
D,DISPATCH,UNIT_SCADA,1,"2022/10/20 05:15:00",FISHER,45.61
D,DISPATCH,UNIT_SCADA,1,"2022/10/20 05:15:00",GANGARR1,0
D,DISPATCH,UNIT_SCADA,1,"2022/10/20 05:15:00",GANNBG1,0
D,DISPATCH,UNIT_SCADA,1,"2022/10/20 05:15:00",GANNBL1,0.434540
D,DISPATCH,UNIT_SCADA,1,"2022/10/20 05:15:00",GANNSF1,0
D,DISPATCH,UNIT_SCADA,1,"2022/10/20 05:15:00",GLRWNSF1,0
D,DISPATCH,UNIT_SCADA,1,"2022/10/20 05:15:00",GNNDHSF1,0
D,DISPATCH,UNIT_SCADA,1,"2022/10/20 05:15:00",GOONSF1,0
D,DISPATCH,UNIT_SCADA,1,"2022/10/20 05:15:00",GORDON,240.429050
D,DISPATCH,UNIT_SCADA,1,"2022/10/20 05:15:00",GRANWF1,3.22
D,DISPATCH,UNIT_SCADA,1,"2022/10/20 05:15:00",GSTONE1,202.649990
D,DISPATCH,UNIT_SCADA,1,"2022/10/20 05:15:00",GSTONE2,0
D,DISPATCH,UNIT_SCADA,1,"2022/10/20 05:15:00",GSTONE3,200.024990
D,DISPATCH,UNIT_SCADA,1,"2022/10/20 05:15:00",GSTONE4,0
D,DISPATCH,UNIT_SCADA,1,"2022/10/20 05:15:00",GSTONE5,201.25
D,DISPATCH,UNIT_SCADA,1,"2022/10/20 05:15:00",GSTONE6,200.20
D,DISPATCH,UNIT_SCADA,1,"2022/10/20 05:15:00",GULLRSF1,0
D,DISPATCH,UNIT_SCADA,1,"2022/10/20 05:15:00",GULLRWF1,49.174250
D,DISPATCH,UNIT_SCADA,1,"2022/10/20 05:15:00",GULLRWF2,99.367730
D,DISPATCH,UNIT_SCADA,1,"2022/10/20 05:15:00",GUNNING1,0
D,DISPATCH,UNIT_SCADA,1,"2022/10/20 05:15:00",GUTHEGA,67.600010
D,DISPATCH,UNIT_SCADA,1,"2022/10/20 05:15:00",HALLWF1,70.04
D,DISPATCH,UNIT_SCADA,1,"2022/10/20 05:15:00",HALLWF2,54.56
D,DISPATCH,UNIT_SCADA,1,"2022/10/20 05:15:00",HAMISF1,0
D,DISPATCH,UNIT_SCADA,1,"2022/10/20 05:15:00",HAUGHT11,0
D,DISPATCH,UNIT_SCADA,1,"2022/10/20 05:15:00",HAYMSF1,0
D,DISPATCH,UNIT_SCADA,1,"2022/10/20 05:15:00",HDWF1,51.10
D,DISPATCH,UNIT_SCADA,1,"2022/10/20 05:15:00",HDWF2,26.20
D,DISPATCH,UNIT_SCADA,1,"2022/10/20 05:15:00",HDWF3,30.90
D,DISPATCH,UNIT_SCADA,1,"2022/10/20 05:15:00",HILLSTN1,0
D,DISPATCH,UNIT_SCADA,1,"2022/10/20 05:15:00",HPRG1,0
D,DISPATCH,UNIT_SCADA,1,"2022/10/20 05:15:00",HPRL1,25.30
D,DISPATCH,UNIT_SCADA,1,"2022/10/20 05:15:00",HUMENSW,54.9305
D,DISPATCH,UNIT_SCADA,1,"2022/10/20 05:15:00",HUMEV,0
D,DISPATCH,UNIT_SCADA,1,"2022/10/20 05:15:00",HVWWBA1G,0
D,DISPATCH,UNIT_SCADA,1,"2022/10/20 05:15:00",HVWWBA1L,0.0070
D,DISPATCH,UNIT_SCADA,1,"2022/10/20 05:15:00",HVWWPV1,0
D,DISPATCH,UNIT_SCADA,1,"2022/10/20 05:15:00",JBUTTERS,0
D,DISPATCH,UNIT_SCADA,1,"2022/10/20 05:15:00",JEMALNG1,0
D,DISPATCH,UNIT_SCADA,1,"2022/10/20 05:15:00",JLA01,0
D,DISPATCH,UNIT_SCADA,1,"2022/10/20 05:15:00",JLA02,0
D,DISPATCH,UNIT_SCADA,1,"2022/10/20 05:15:00",JLA03,0
D,DISPATCH,UNIT_SCADA,1,"2022/10/20 05:15:00",JLA04,0
D,DISPATCH,UNIT_SCADA,1,"2022/10/20 05:15:00",JLB01,0
D,DISPATCH,UNIT_SCADA,1,"2022/10/20 05:15:00",JLB02,0.10
D,DISPATCH,UNIT_SCADA,1,"2022/10/20 05:15:00",JLB03,0
D,DISPATCH,UNIT_SCADA,1,"2022/10/20 05:15:00",JUNEESF1,0
D,DISPATCH,UNIT_SCADA,1,"2022/10/20 05:15:00",KABANWF1,0.6450
D,DISPATCH,UNIT_SCADA,1,"2022/10/20 05:15:00",KAREEYA1,17.90
D,DISPATCH,UNIT_SCADA,1,"2022/10/20 05:15:00",KAREEYA2,0
D,DISPATCH,UNIT_SCADA,1,"2022/10/20 05:15:00",KAREEYA3,21.3925
D,DISPATCH,UNIT_SCADA,1,"2022/10/20 05:15:00",KAREEYA4,0
D,DISPATCH,UNIT_SCADA,1,"2022/10/20 05:15:00",KARSF1,0
D,DISPATCH,UNIT_SCADA,1,"2022/10/20 05:15:00",KEPSF1,0
D,DISPATCH,UNIT_SCADA,1,"2022/10/20 05:15:00",KEPWF1,0
D,DISPATCH,UNIT_SCADA,1,"2022/10/20 05:15:00",KIAMSF1,0
D,DISPATCH,UNIT_SCADA,1,"2022/10/20 05:15:00",KIATAWF1,30.80
D,DISPATCH,UNIT_SCADA,1,"2022/10/20 05:15:00",KPP_1,0
D,DISPATCH,UNIT_SCADA,1,"2022/10/20 05:15:00",KSP1,0
D,DISPATCH,UNIT_SCADA,1,"2022/10/20 05:15:00",LADBROK1,0.02
D,DISPATCH,UNIT_SCADA,1,"2022/10/20 05:15:00",LADBROK2,37.79
D,DISPATCH,UNIT_SCADA,1,"2022/10/20 05:15:00",LBBG1,0
D,DISPATCH,UNIT_SCADA,1,"2022/10/20 05:15:00",LBBL1,4.65
D,DISPATCH,UNIT_SCADA,1,"2022/10/20 05:15:00",LD01,318.045590
D,DISPATCH,UNIT_SCADA,1,"2022/10/20 05:15:00",LD02,0
D,DISPATCH,UNIT_SCADA,1,"2022/10/20 05:15:00",LD04,320.297850
D,DISPATCH,UNIT_SCADA,1,"2022/10/20 05:15:00",LEM_WIL,86.917830
D,DISPATCH,UNIT_SCADA,1,"2022/10/20 05:15:00",LGAPWF1,82.77
D,DISPATCH,UNIT_SCADA,1,"2022/10/20 05:15:00",LGAPWF2,49.97
D,DISPATCH,UNIT_SCADA,1,"2022/10/20 05:15:00",LILYSF1,0
D,DISPATCH,UNIT_SCADA,1,"2022/10/20 05:15:00",LIMOSF11,0
D,DISPATCH,UNIT_SCADA,1,"2022/10/20 05:15:00",LIMOSF21,0
D,DISPATCH,UNIT_SCADA,1,"2022/10/20 05:15:00",LI_WY_CA,76.653220
D,DISPATCH,UNIT_SCADA,1,"2022/10/20 05:15:00",LKBONNY1,0
D,DISPATCH,UNIT_SCADA,1,"2022/10/20 05:15:00",LKBONNY2,28.584440
D,DISPATCH,UNIT_SCADA,1,"2022/10/20 05:15:00",LKBONNY3,7.424340
D,DISPATCH,UNIT_SCADA,1,"2022/10/20 05:15:00",LK_ECHO,0
D,DISPATCH,UNIT_SCADA,1,"2022/10/20 05:15:00",LNGS1,0
D,DISPATCH,UNIT_SCADA,1,"2022/10/20 05:15:00",LNGS2,0
D,DISPATCH,UNIT_SCADA,1,"2022/10/20 05:15:00",LONSDALE,0
D,DISPATCH,UNIT_SCADA,1,"2022/10/20 05:15:00",LOYYB1,580.074710
D,DISPATCH,UNIT_SCADA,1,"2022/10/20 05:15:00",LOYYB2,574.8114
D,DISPATCH,UNIT_SCADA,1,"2022/10/20 05:15:00",LYA1,514
D,DISPATCH,UNIT_SCADA,1,"2022/10/20 05:15:00",LYA2,0
D,DISPATCH,UNIT_SCADA,1,"2022/10/20 05:15:00",LYA3,513
D,DISPATCH,UNIT_SCADA,1,"2022/10/20 05:15:00",LYA4,515
D,DISPATCH,UNIT_SCADA,1,"2022/10/20 05:15:00",MACARTH1,30.999280
D,DISPATCH,UNIT_SCADA,1,"2022/10/20 05:15:00",MACKNTSH,0
D,DISPATCH,UNIT_SCADA,1,"2022/10/20 05:15:00",MANSLR1,0
D,DISPATCH,UNIT_SCADA,1,"2022/10/20 05:15:00",MAPS2PV1,0
D,DISPATCH,UNIT_SCADA,1,"2022/10/20 05:15:00",MAPS3PV1,0
D,DISPATCH,UNIT_SCADA,1,"2022/10/20 05:15:00",MARYRSF1,0
D,DISPATCH,UNIT_SCADA,1,"2022/10/20 05:15:00",MBPS2PV1,0
D,DISPATCH,UNIT_SCADA,1,"2022/10/20 05:15:00",MCKAY1,238.1550
D,DISPATCH,UNIT_SCADA,1,"2022/10/20 05:15:00",MEADOWBK,19.777360
D,DISPATCH,UNIT_SCADA,1,"2022/10/20 05:15:00",MERCER01,23
D,DISPATCH,UNIT_SCADA,1,"2022/10/20 05:15:00",METZSF1,0
D,DISPATCH,UNIT_SCADA,1,"2022/10/20 05:15:00",MEWF1,6
D,DISPATCH,UNIT_SCADA,1,"2022/10/20 05:15:00",MIDDLSF1,0
D,DISPATCH,UNIT_SCADA,1,"2022/10/20 05:15:00",MINTARO,0.128180
D,DISPATCH,UNIT_SCADA,1,"2022/10/20 05:15:00",MOLNGSF1,0
D,DISPATCH,UNIT_SCADA,1,"2022/10/20 05:15:00",MOORAWF1,32.56
D,DISPATCH,UNIT_SCADA,1,"2022/10/20 05:15:00",MOREESF1,0
D,DISPATCH,UNIT_SCADA,1,"2022/10/20 05:15:00",MORTLK11,0
D,DISPATCH,UNIT_SCADA,1,"2022/10/20 05:15:00",MORTLK12,0
D,DISPATCH,UNIT_SCADA,1,"2022/10/20 05:15:00",MOUSF1,0
D,DISPATCH,UNIT_SCADA,1,"2022/10/20 05:15:00",MP1,0
D,DISPATCH,UNIT_SCADA,1,"2022/10/20 05:15:00",MP2,514.863830
D,DISPATCH,UNIT_SCADA,1,"2022/10/20 05:15:00",MPP_1,130.940060
D,DISPATCH,UNIT_SCADA,1,"2022/10/20 05:15:00",MPP_2,0
D,DISPATCH,UNIT_SCADA,1,"2022/10/20 05:15:00",MRTLSWF1,0
D,DISPATCH,UNIT_SCADA,1,"2022/10/20 05:15:00",MSTUART1,0
D,DISPATCH,UNIT_SCADA,1,"2022/10/20 05:15:00",MSTUART2,0
D,DISPATCH,UNIT_SCADA,1,"2022/10/20 05:15:00",MSTUART3,0
D,DISPATCH,UNIT_SCADA,1,"2022/10/20 05:15:00",MTGELWF1,31.850640
D,DISPATCH,UNIT_SCADA,1,"2022/10/20 05:15:00",MTMILLAR,7.20
D,DISPATCH,UNIT_SCADA,1,"2022/10/20 05:15:00",MURRAY,93.90
D,DISPATCH,UNIT_SCADA,1,"2022/10/20 05:15:00",MUSSELR1,0
D,DISPATCH,UNIT_SCADA,1,"2022/10/20 05:15:00",MUWAWF1,184.05
D,DISPATCH,UNIT_SCADA,1,"2022/10/20 05:15:00",MUWAWF2,178.70
D,DISPATCH,UNIT_SCADA,1,"2022/10/20 05:15:00",MWPS1PV1,0
D,DISPATCH,UNIT_SCADA,1,"2022/10/20 05:15:00",MWPS2PV1,0
D,DISPATCH,UNIT_SCADA,1,"2022/10/20 05:15:00",MWPS3PV1,0
D,DISPATCH,UNIT_SCADA,1,"2022/10/20 05:15:00",MWPS4PV1,0
D,DISPATCH,UNIT_SCADA,1,"2022/10/20 05:15:00",NBHWF1,107.70
D,DISPATCH,UNIT_SCADA,1,"2022/10/20 05:15:00",NEVERSF1,0
D,DISPATCH,UNIT_SCADA,1,"2022/10/20 05:15:00",NPS,0
D,DISPATCH,UNIT_SCADA,1,"2022/10/20 05:15:00",NUMURSF1,0
D,DISPATCH,UNIT_SCADA,1,"2022/10/20 05:15:00",NYNGAN1,0
D,DISPATCH,UNIT_SCADA,1,"2022/10/20 05:15:00",OAKEY1,0
D,DISPATCH,UNIT_SCADA,1,"2022/10/20 05:15:00",OAKEY1SF,0
D,DISPATCH,UNIT_SCADA,1,"2022/10/20 05:15:00",OAKEY2,0
D,DISPATCH,UNIT_SCADA,1,"2022/10/20 05:15:00",OAKEY2SF,0
D,DISPATCH,UNIT_SCADA,1,"2022/10/20 05:15:00",OAKLAND1,27.60
D,DISPATCH,UNIT_SCADA,1,"2022/10/20 05:15:00",OSB-AG,0
D,DISPATCH,UNIT_SCADA,1,"2022/10/20 05:15:00",PAREPS1,0.0660
D,DISPATCH,UNIT_SCADA,1,"2022/10/20 05:15:00",PAREPW1,64.05
D,DISPATCH,UNIT_SCADA,1,"2022/10/20 05:15:00",PARSF1,0.001530
D,DISPATCH,UNIT_SCADA,1,"2022/10/20 05:15:00",POAT110,0
D,DISPATCH,UNIT_SCADA,1,"2022/10/20 05:15:00",POAT220,0
D,DISPATCH,UNIT_SCADA,1,"2022/10/20 05:15:00",POR01,0
D,DISPATCH,UNIT_SCADA,1,"2022/10/20 05:15:00",POR03,0
D,DISPATCH,UNIT_SCADA,1,"2022/10/20 05:15:00",PPCCGT,123.890430
D,DISPATCH,UNIT_SCADA,1,"2022/10/20 05:15:00",PTSTAN1,0
D,DISPATCH,UNIT_SCADA,1,"2022/10/20 05:15:00",PUMP1,0
D,DISPATCH,UNIT_SCADA,1,"2022/10/20 05:15:00",PUMP2,0
D,DISPATCH,UNIT_SCADA,1,"2022/10/20 05:15:00",QBYNBG1,0.0015
D,DISPATCH,UNIT_SCADA,1,"2022/10/20 05:15:00",QBYNBL1,0
D,DISPATCH,UNIT_SCADA,1,"2022/10/20 05:15:00",QPS1,0
D,DISPATCH,UNIT_SCADA,1,"2022/10/20 05:15:00",QPS2,0
D,DISPATCH,UNIT_SCADA,1,"2022/10/20 05:15:00",QPS3,0
D,DISPATCH,UNIT_SCADA,1,"2022/10/20 05:15:00",QPS4,0
D,DISPATCH,UNIT_SCADA,1,"2022/10/20 05:15:00",QPS5,74.68
D,DISPATCH,UNIT_SCADA,1,"2022/10/20 05:15:00",REECE1,0
D,DISPATCH,UNIT_SCADA,1,"2022/10/20 05:15:00",REECE2,58.89
D,DISPATCH,UNIT_SCADA,1,"2022/10/20 05:15:00",ROMA_7,0
D,DISPATCH,UNIT_SCADA,1,"2022/10/20 05:15:00",ROMA_8,0
D,DISPATCH,UNIT_SCADA,1,"2022/10/20 05:15:00",RRSF1,0
D,DISPATCH,UNIT_SCADA,1,"2022/10/20 05:15:00",RT_NSW1,0
D,DISPATCH,UNIT_SCADA,1,"2022/10/20 05:15:00",RT_NSW2,0
D,DISPATCH,UNIT_SCADA,1,"2022/10/20 05:15:00",RT_NSW3,0
D,DISPATCH,UNIT_SCADA,1,"2022/10/20 05:15:00",RT_NSW4,0
D,DISPATCH,UNIT_SCADA,1,"2022/10/20 05:15:00",RT_NSW5,0
D,DISPATCH,UNIT_SCADA,1,"2022/10/20 05:15:00",RT_NSW6,0
D,DISPATCH,UNIT_SCADA,1,"2022/10/20 05:15:00",RT_QLD1,0
D,DISPATCH,UNIT_SCADA,1,"2022/10/20 05:15:00",RT_SA1,0
D,DISPATCH,UNIT_SCADA,1,"2022/10/20 05:15:00",RT_SA2,0
D,DISPATCH,UNIT_SCADA,1,"2022/10/20 05:15:00",RT_SA3,0
D,DISPATCH,UNIT_SCADA,1,"2022/10/20 05:15:00",RT_SA4,0
D,DISPATCH,UNIT_SCADA,1,"2022/10/20 05:15:00",RT_SA5,0
D,DISPATCH,UNIT_SCADA,1,"2022/10/20 05:15:00",RT_SA6,0
D,DISPATCH,UNIT_SCADA,1,"2022/10/20 05:15:00",RT_TAS1,0
D,DISPATCH,UNIT_SCADA,1,"2022/10/20 05:15:00",RT_VIC1,0
D,DISPATCH,UNIT_SCADA,1,"2022/10/20 05:15:00",RT_VIC10,0
D,DISPATCH,UNIT_SCADA,1,"2022/10/20 05:15:00",RT_VIC11,0
D,DISPATCH,UNIT_SCADA,1,"2022/10/20 05:15:00",RT_VIC12,0
D,DISPATCH,UNIT_SCADA,1,"2022/10/20 05:15:00",RT_VIC2,0
D,DISPATCH,UNIT_SCADA,1,"2022/10/20 05:15:00",RT_VIC3,0
D,DISPATCH,UNIT_SCADA,1,"2022/10/20 05:15:00",RT_VIC4,0
D,DISPATCH,UNIT_SCADA,1,"2022/10/20 05:15:00",RT_VIC5,0
D,DISPATCH,UNIT_SCADA,1,"2022/10/20 05:15:00",RT_VIC6,0
D,DISPATCH,UNIT_SCADA,1,"2022/10/20 05:15:00",RT_VIC7,0
D,DISPATCH,UNIT_SCADA,1,"2022/10/20 05:15:00",RT_VIC8,0
D,DISPATCH,UNIT_SCADA,1,"2022/10/20 05:15:00",RT_VIC9,0
D,DISPATCH,UNIT_SCADA,1,"2022/10/20 05:15:00",RUGBYR1,0
D,DISPATCH,UNIT_SCADA,1,"2022/10/20 05:15:00",SALTCRK1,16.54
D,DISPATCH,UNIT_SCADA,1,"2022/10/20 05:15:00",SAPHWF1,171.384750
D,DISPATCH,UNIT_SCADA,1,"2022/10/20 05:15:00",SEBSF1,0
D,DISPATCH,UNIT_SCADA,1,"2022/10/20 05:15:00",SHGEN,0
D,DISPATCH,UNIT_SCADA,1,"2022/10/20 05:15:00",SHPUMP,0
D,DISPATCH,UNIT_SCADA,1,"2022/10/20 05:15:00",SITHE01,0.133760
D,DISPATCH,UNIT_SCADA,1,"2022/10/20 05:15:00",SMCSF1,0
D,DISPATCH,UNIT_SCADA,1,"2022/10/20 05:15:00",SNAPPER1,0
D,DISPATCH,UNIT_SCADA,1,"2022/10/20 05:15:00",SNOWNTH1,139.30
D,DISPATCH,UNIT_SCADA,1,"2022/10/20 05:15:00",SNOWSTH1,119.50
D,DISPATCH,UNIT_SCADA,1,"2022/10/20 05:15:00",SNOWTWN1,93.314080
D,DISPATCH,UNIT_SCADA,1,"2022/10/20 05:15:00",SNOWYP,0
D,DISPATCH,UNIT_SCADA,1,"2022/10/20 05:15:00",SNUG1,0
D,DISPATCH,UNIT_SCADA,1,"2022/10/20 05:15:00",SRSF1,0
D,DISPATCH,UNIT_SCADA,1,"2022/10/20 05:15:00",STAN-1,279.017880
D,DISPATCH,UNIT_SCADA,1,"2022/10/20 05:15:00",STAN-2,364.461330
D,DISPATCH,UNIT_SCADA,1,"2022/10/20 05:15:00",STAN-3,330.442870
D,DISPATCH,UNIT_SCADA,1,"2022/10/20 05:15:00",STAN-4,364.410060
D,DISPATCH,UNIT_SCADA,1,"2022/10/20 05:15:00",STARHLWF,18.094720
D,DISPATCH,UNIT_SCADA,1,"2022/10/20 05:15:00",STOCKYD1,249.63
D,DISPATCH,UNIT_SCADA,1,"2022/10/20 05:15:00",STWF1,70.395970
D,DISPATCH,UNIT_SCADA,1,"2022/10/20 05:15:00",SUNRSF1,0
D,DISPATCH,UNIT_SCADA,1,"2022/10/20 05:15:00",SUNTPSF1,0
D,DISPATCH,UNIT_SCADA,1,"2022/10/20 05:15:00",SWAN_E,251.430020
D,DISPATCH,UNIT_SCADA,1,"2022/10/20 05:15:00",TALWA1,0
D,DISPATCH,UNIT_SCADA,1,"2022/10/20 05:15:00",TARALGA1,0
D,DISPATCH,UNIT_SCADA,1,"2022/10/20 05:15:00",TARONG#1,280.399990
D,DISPATCH,UNIT_SCADA,1,"2022/10/20 05:15:00",TARONG#2,281.300020
D,DISPATCH,UNIT_SCADA,1,"2022/10/20 05:15:00",TARONG#3,0.90
D,DISPATCH,UNIT_SCADA,1,"2022/10/20 05:15:00",TARONG#4,190.70
D,DISPATCH,UNIT_SCADA,1,"2022/10/20 05:15:00",TARRALEA,54
D,DISPATCH,UNIT_SCADA,1,"2022/10/20 05:15:00",TBSF1,0
D,DISPATCH,UNIT_SCADA,1,"2022/10/20 05:15:00",TNPS1,334.3750
D,DISPATCH,UNIT_SCADA,1,"2022/10/20 05:15:00",TORRB1,0
D,DISPATCH,UNIT_SCADA,1,"2022/10/20 05:15:00",TORRB2,40
D,DISPATCH,UNIT_SCADA,1,"2022/10/20 05:15:00",TORRB3,0
D,DISPATCH,UNIT_SCADA,1,"2022/10/20 05:15:00",TORRB4,0
D,DISPATCH,UNIT_SCADA,1,"2022/10/20 05:15:00",TREVALLN,99.584350
D,DISPATCH,UNIT_SCADA,1,"2022/10/20 05:15:00",TRIBUTE,0
D,DISPATCH,UNIT_SCADA,1,"2022/10/20 05:15:00",TUMUT3,0
D,DISPATCH,UNIT_SCADA,1,"2022/10/20 05:15:00",TUNGATIN,5.550020
D,DISPATCH,UNIT_SCADA,1,"2022/10/20 05:15:00",TVCC201,0
D,DISPATCH,UNIT_SCADA,1,"2022/10/20 05:15:00",TVPP104,0
D,DISPATCH,UNIT_SCADA,1,"2022/10/20 05:15:00",UPPTUMUT,0
D,DISPATCH,UNIT_SCADA,1,"2022/10/20 05:15:00",URANQ11,0
D,DISPATCH,UNIT_SCADA,1,"2022/10/20 05:15:00",URANQ12,0
D,DISPATCH,UNIT_SCADA,1,"2022/10/20 05:15:00",URANQ13,0
D,DISPATCH,UNIT_SCADA,1,"2022/10/20 05:15:00",URANQ14,0
D,DISPATCH,UNIT_SCADA,1,"2022/10/20 05:15:00",VBBG1,2.70
D,DISPATCH,UNIT_SCADA,1,"2022/10/20 05:15:00",VBBL1,0
D,DISPATCH,UNIT_SCADA,1,"2022/10/20 05:15:00",VP5,578.826230
D,DISPATCH,UNIT_SCADA,1,"2022/10/20 05:15:00",VP6,578.191470
D,DISPATCH,UNIT_SCADA,1,"2022/10/20 05:15:00",VPGS1,0
D,DISPATCH,UNIT_SCADA,1,"2022/10/20 05:15:00",VPGS2,0
D,DISPATCH,UNIT_SCADA,1,"2022/10/20 05:15:00",VPGS3,0
D,DISPATCH,UNIT_SCADA,1,"2022/10/20 05:15:00",VPGS4,0
D,DISPATCH,UNIT_SCADA,1,"2022/10/20 05:15:00",VPGS5,0
D,DISPATCH,UNIT_SCADA,1,"2022/10/20 05:15:00",VPGS6,0
D,DISPATCH,UNIT_SCADA,1,"2022/10/20 05:15:00",W/HOE#1,0
D,DISPATCH,UNIT_SCADA,1,"2022/10/20 05:15:00",W/HOE#2,0
D,DISPATCH,UNIT_SCADA,1,"2022/10/20 05:15:00",WAGGNSF1,0
D,DISPATCH,UNIT_SCADA,1,"2022/10/20 05:15:00",WALGRVG1,0
D,DISPATCH,UNIT_SCADA,1,"2022/10/20 05:15:00",WALGRVL1,0.010240
D,DISPATCH,UNIT_SCADA,1,"2022/10/20 05:15:00",WANDBG1,0
D,DISPATCH,UNIT_SCADA,1,"2022/10/20 05:15:00",WANDBL1,0.345080
D,DISPATCH,UNIT_SCADA,1,"2022/10/20 05:15:00",WARWSF1,0
D,DISPATCH,UNIT_SCADA,1,"2022/10/20 05:15:00",WARWSF2,0
D,DISPATCH,UNIT_SCADA,1,"2022/10/20 05:15:00",WATERLWF,94.30
D,DISPATCH,UNIT_SCADA,1,"2022/10/20 05:15:00",WDGPH1,0
D,DISPATCH,UNIT_SCADA,1,"2022/10/20 05:15:00",WELLSF1,0
D,DISPATCH,UNIT_SCADA,1,"2022/10/20 05:15:00",WEMENSF1,0
D,DISPATCH,UNIT_SCADA,1,"2022/10/20 05:15:00",WGWF1,89.30
D,DISPATCH,UNIT_SCADA,1,"2022/10/20 05:15:00",WHITSF1,0
D,DISPATCH,UNIT_SCADA,1,"2022/10/20 05:15:00",WINTSF1,0
D,DISPATCH,UNIT_SCADA,1,"2022/10/20 05:15:00",WKIEWA1,33.90
D,DISPATCH,UNIT_SCADA,1,"2022/10/20 05:15:00",WKIEWA2,33.90
D,DISPATCH,UNIT_SCADA,1,"2022/10/20 05:15:00",WOODLWN1,15.280020
D,DISPATCH,UNIT_SCADA,1,"2022/10/20 05:15:00",WOOLGSF1,0
D,DISPATCH,UNIT_SCADA,1,"2022/10/20 05:15:00",WPWF,71.76
D,DISPATCH,UNIT_SCADA,1,"2022/10/20 05:15:00",WRSF1,0
D,DISPATCH,UNIT_SCADA,1,"2022/10/20 05:15:00",WRWF1,43.748840
D,DISPATCH,UNIT_SCADA,1,"2022/10/20 05:15:00",WSTWYSF1,0
D,DISPATCH,UNIT_SCADA,1,"2022/10/20 05:15:00",YABULU,0
D,DISPATCH,UNIT_SCADA,1,"2022/10/20 05:15:00",YABULU2,0
D,DISPATCH,UNIT_SCADA,1,"2022/10/20 05:15:00",YARANSF1,0
D,DISPATCH,UNIT_SCADA,1,"2022/10/20 05:15:00",YARWUN_1,129.349990
D,DISPATCH,UNIT_SCADA,1,"2022/10/20 05:15:00",YATSF1,0
D,DISPATCH,UNIT_SCADA,1,"2022/10/20 05:15:00",YENDWF1,33.78
D,DISPATCH,UNIT_SCADA,1,"2022/10/20 05:15:00",YWPS1,364.159480
D,DISPATCH,UNIT_SCADA,1,"2022/10/20 05:15:00",YWPS2,289.721530
D,DISPATCH,UNIT_SCADA,1,"2022/10/20 05:15:00",YWPS3,359.106320
D,DISPATCH,UNIT_SCADA,1,"2022/10/20 05:15:00",YWPS4,0
C,"END OF REPORT",419
