C,NEMP.WORLD,DISPATCHSCADA,AEMO,PUBLIC,2022/10/20,10:50:09,0000000373248398,DISPATCHSCADA,0000000373248392
I,DISPATCH,UNIT_SCADA,1,SETTLEMENTDATE,DUID,SCADAVALUE
D,DISPATCH,UNIT_SCADA,1,"2022/10/20 10:55:00",BARCSF1,9.10
D,DISPATCH,UNIT_SCADA,1,"2022/10/20 10:55:00",BUTLERSG,8.699999
D,DISPATCH,UNIT_SCADA,1,"2022/10/20 10:55:00",CAPTL_WF,26.934006
D,DISPATCH,UNIT_SCADA,1,"2022/10/20 10:55:00",CHALLHWF,4.40
D,DISPATCH,UNIT_SCADA,1,"2022/10/20 10:55:00",CLOVER,10.12
D,DISPATCH,UNIT_SCADA,1,"2022/10/20 10:55:00",CLUNY,6.172122
D,DISPATCH,UNIT_SCADA,1,"2022/10/20 10:55:00",CULLRGWF,-0.05
D,DISPATCH,UNIT_SCADA,1,"2022/10/20 10:55:00",DIAPURWF1,3.10
D,DISPATCH,UNIT_SCADA,1,"2022/10/20 10:55:00",ERGT01,0
D,DISPATCH,UNIT_SCADA,1,"2022/10/20 10:55:00",GB01,0
D,DISPATCH,UNIT_SCADA,1,"2022/10/20 10:55:00",GERMCRK,19.299999
D,DISPATCH,UNIT_SCADA,1,"2022/10/20 10:55:00",GRIFSF1,11.500725
D,DISPATCH,UNIT_SCADA,1,"2022/10/20 10:55:00",HEZ1,0
D,DISPATCH,UNIT_SCADA,1,"2022/10/20 10:55:00",HUGSF1,12.849001
D,DISPATCH,UNIT_SCADA,1,"2022/10/20 10:55:00",KEPBG1,0
D,DISPATCH,UNIT_SCADA,1,"2022/10/20 10:55:00",LRSF1,12.759001
D,DISPATCH,UNIT_SCADA,1,"2022/10/20 10:55:00",MBAHNTH,45.806244
D,DISPATCH,UNIT_SCADA,1,"2022/10/20 10:55:00",MLSP1,3.101001
D,DISPATCH,UNIT_SCADA,1,"2022/10/20 10:55:00",MLWF1,4.3650
D,DISPATCH,UNIT_SCADA,1,"2022/10/20 10:55:00",PALOONA,30.299999
D,DISPATCH,UNIT_SCADA,1,"2022/10/20 10:55:00",PIONEER,37.50
D,DISPATCH,UNIT_SCADA,1,"2022/10/20 10:55:00",PORTWF,84.900002
D,DISPATCH,UNIT_SCADA,1,"2022/10/20 10:55:00",REPULSE,9.556420
D,DISPATCH,UNIT_SCADA,1,"2022/10/20 10:55:00",ROWALLAN,8.9673
D,DISPATCH,UNIT_SCADA,1,"2022/10/20 10:55:00",ROYALLA1,6.404003
D,DISPATCH,UNIT_SCADA,1,"2022/10/20 10:55:00",RPCG,-1.80
D,DISPATCH,UNIT_SCADA,1,"2022/10/20 10:55:00",RUBICON,0
D,DISPATCH,UNIT_SCADA,1,"2022/10/20 10:55:00",WAUBRAWF,11.42
D,DISPATCH,UNIT_SCADA,1,"2022/10/20 10:55:00",WOOLNTH1,-0.73
D,DISPATCH,UNIT_SCADA,1,"2022/10/20 10:55:00",YAMBUKWF,6.90
D,DISPATCH,UNIT_SCADA,1,"2022/10/20 10:55:00",YSWF1,1.60
D,DISPATCH,UNIT_SCADA,1,"2022/10/20 10:55:00",ADPBA1G,0.0080
D,DISPATCH,UNIT_SCADA,1,"2022/10/20 10:55:00",ADPBA1L,0
D,DISPATCH,UNIT_SCADA,1,"2022/10/20 10:55:00",ADPPV1,0.05
D,DISPATCH,UNIT_SCADA,1,"2022/10/20 10:55:00",AGLHAL,0
D,DISPATCH,UNIT_SCADA,1,"2022/10/20 10:55:00",AGLSOM,0
D,DISPATCH,UNIT_SCADA,1,"2022/10/20 10:55:00",ANGAST1,0
D,DISPATCH,UNIT_SCADA,1,"2022/10/20 10:55:00",ARWF1,0
D,DISPATCH,UNIT_SCADA,1,"2022/10/20 10:55:00",BALBG1,0
D,DISPATCH,UNIT_SCADA,1,"2022/10/20 10:55:00",BALBL1,0
D,DISPATCH,UNIT_SCADA,1,"2022/10/20 10:55:00",BALDHWF1,6.9530
D,DISPATCH,UNIT_SCADA,1,"2022/10/20 10:55:00",BANGOWF1,25.495990
D,DISPATCH,UNIT_SCADA,1,"2022/10/20 10:55:00",BANGOWF2,48.898830
D,DISPATCH,UNIT_SCADA,1,"2022/10/20 10:55:00",BANN1,16.67
D,DISPATCH,UNIT_SCADA,1,"2022/10/20 10:55:00",BARCALDN,0
D,DISPATCH,UNIT_SCADA,1,"2022/10/20 10:55:00",BARKIPS1,0
D,DISPATCH,UNIT_SCADA,1,"2022/10/20 10:55:00",BARRON-1,0
D,DISPATCH,UNIT_SCADA,1,"2022/10/20 10:55:00",BARRON-2,0
D,DISPATCH,UNIT_SCADA,1,"2022/10/20 10:55:00",BASTYAN,53.560010
D,DISPATCH,UNIT_SCADA,1,"2022/10/20 10:55:00",BBTHREE1,0
D,DISPATCH,UNIT_SCADA,1,"2022/10/20 10:55:00",BBTHREE2,0
D,DISPATCH,UNIT_SCADA,1,"2022/10/20 10:55:00",BBTHREE3,-1.04
D,DISPATCH,UNIT_SCADA,1,"2022/10/20 10:55:00",BDL01,0
D,DISPATCH,UNIT_SCADA,1,"2022/10/20 10:55:00",BDL02,0
D,DISPATCH,UNIT_SCADA,1,"2022/10/20 10:55:00",BERYLSF1,9.081670
D,DISPATCH,UNIT_SCADA,1,"2022/10/20 10:55:00",BLOWERNG,62.50
D,DISPATCH,UNIT_SCADA,1,"2022/10/20 10:55:00",BLUEGSF1,75.014140
D,DISPATCH,UNIT_SCADA,1,"2022/10/20 10:55:00",BLUFF1,10.10
D,DISPATCH,UNIT_SCADA,1,"2022/10/20 10:55:00",BNGSF1,60.41
D,DISPATCH,UNIT_SCADA,1,"2022/10/20 10:55:00",BNGSF2,67.66
D,DISPATCH,UNIT_SCADA,1,"2022/10/20 10:55:00",BOCORWF1,1.04
D,DISPATCH,UNIT_SCADA,1,"2022/10/20 10:55:00",BODWF1,107.322120
D,DISPATCH,UNIT_SCADA,1,"2022/10/20 10:55:00",BOMENSF1,64.811170
D,DISPATCH,UNIT_SCADA,1,"2022/10/20 10:55:00",BOWWBA1G,0
D,DISPATCH,UNIT_SCADA,1,"2022/10/20 10:55:00",BOWWBA1L,0
D,DISPATCH,UNIT_SCADA,1,"2022/10/20 10:55:00",BOWWPV1,0
D,DISPATCH,UNIT_SCADA,1,"2022/10/20 10:55:00",BRAEMAR1,0
D,DISPATCH,UNIT_SCADA,1,"2022/10/20 10:55:00",BRAEMAR2,0
D,DISPATCH,UNIT_SCADA,1,"2022/10/20 10:55:00",BRAEMAR3,0
D,DISPATCH,UNIT_SCADA,1,"2022/10/20 10:55:00",BRAEMAR5,0.292060
D,DISPATCH,UNIT_SCADA,1,"2022/10/20 10:55:00",BRAEMAR6,0
D,DISPATCH,UNIT_SCADA,1,"2022/10/20 10:55:00",BRAEMAR7,0.130920
D,DISPATCH,UNIT_SCADA,1,"2022/10/20 10:55:00",BROKENH1,18.199720
D,DISPATCH,UNIT_SCADA,1,"2022/10/20 10:55:00",BRYB1WF1,87.205310
D,DISPATCH,UNIT_SCADA,1,"2022/10/20 10:55:00",BULBESG1,0
D,DISPATCH,UNIT_SCADA,1,"2022/10/20 10:55:00",BULBESL1,2.26
D,DISPATCH,UNIT_SCADA,1,"2022/10/20 10:55:00",BULGANA1,6.05
D,DISPATCH,UNIT_SCADA,1,"2022/10/20 10:55:00",BW01,658.249820
D,DISPATCH,UNIT_SCADA,1,"2022/10/20 10:55:00",BW02,618.6496
D,DISPATCH,UNIT_SCADA,1,"2022/10/20 10:55:00",BW03,531.123840
D,DISPATCH,UNIT_SCADA,1,"2022/10/20 10:55:00",BW04,0
D,DISPATCH,UNIT_SCADA,1,"2022/10/20 10:55:00",CALL_B_1,318.200010
D,DISPATCH,UNIT_SCADA,1,"2022/10/20 10:55:00",CALL_B_2,317.899990
D,DISPATCH,UNIT_SCADA,1,"2022/10/20 10:55:00",CATHROCK,0
D,DISPATCH,UNIT_SCADA,1,"2022/10/20 10:55:00",CBWWBA1G,0
D,DISPATCH,UNIT_SCADA,1,"2022/10/20 10:55:00",CBWWBA1L,0
D,DISPATCH,UNIT_SCADA,1,"2022/10/20 10:55:00",CETHANA,37.531120
D,DISPATCH,UNIT_SCADA,1,"2022/10/20 10:55:00",CG1,0
D,DISPATCH,UNIT_SCADA,1,"2022/10/20 10:55:00",CG2,0
D,DISPATCH,UNIT_SCADA,1,"2022/10/20 10:55:00",CG3,0
D,DISPATCH,UNIT_SCADA,1,"2022/10/20 10:55:00",CG4,0
D,DISPATCH,UNIT_SCADA,1,"2022/10/20 10:55:00",CHILDSF1,6.33
D,DISPATCH,UNIT_SCADA,1,"2022/10/20 10:55:00",CHYTWF1,1.73
D,DISPATCH,UNIT_SCADA,1,"2022/10/20 10:55:00",CLARESF1,96.0471
D,DISPATCH,UNIT_SCADA,1,"2022/10/20 10:55:00",CLEMGPWF,22.979160
D,DISPATCH,UNIT_SCADA,1,"2022/10/20 10:55:00",CLERMSF1,33.59
D,DISPATCH,UNIT_SCADA,1,"2022/10/20 10:55:00",CNUNDAWF,0
D,DISPATCH,UNIT_SCADA,1,"2022/10/20 10:55:00",COHUNSF1,8.29
D,DISPATCH,UNIT_SCADA,1,"2022/10/20 10:55:00",COLEASF1,35.798810
D,DISPATCH,UNIT_SCADA,1,"2022/10/20 10:55:00",COLUMSF1,38.3870
D,DISPATCH,UNIT_SCADA,1,"2022/10/20 10:55:00",COLWF01,79.946590
D,DISPATCH,UNIT_SCADA,1,"2022/10/20 10:55:00",COOPGWF1,182.86
D,DISPATCH,UNIT_SCADA,1,"2022/10/20 10:55:00",CPP_3,368.774990
D,DISPATCH,UNIT_SCADA,1,"2022/10/20 10:55:00",CPP_4,0
D,DISPATCH,UNIT_SCADA,1,"2022/10/20 10:55:00",CPSA,0
D,DISPATCH,UNIT_SCADA,1,"2022/10/20 10:55:00",CROOKWF2,50.454260
D,DISPATCH,UNIT_SCADA,1,"2022/10/20 10:55:00",CROWLWF1,12.866050
D,DISPATCH,UNIT_SCADA,1,"2022/10/20 10:55:00",CRURWF1,55.7985
D,DISPATCH,UNIT_SCADA,1,"2022/10/20 10:55:00",CRWASF1,30.273530
D,DISPATCH,UNIT_SCADA,1,"2022/10/20 10:55:00",CSPVPS1,1.0940
D,DISPATCH,UNIT_SCADA,1,"2022/10/20 10:55:00",CTHLWF1,0.003050
D,DISPATCH,UNIT_SCADA,1,"2022/10/20 10:55:00",DALNTH01,0
D,DISPATCH,UNIT_SCADA,1,"2022/10/20 10:55:00",DALNTHL1,0.074770
D,DISPATCH,UNIT_SCADA,1,"2022/10/20 10:55:00",DARLSF1,100.940810
D,DISPATCH,UNIT_SCADA,1,"2022/10/20 10:55:00",DARTM1,0
D,DISPATCH,UNIT_SCADA,1,"2022/10/20 10:55:00",DAYDSF1,2.6330
D,DISPATCH,UNIT_SCADA,1,"2022/10/20 10:55:00",DDPS1,0
D,DISPATCH,UNIT_SCADA,1,"2022/10/20 10:55:00",DDSF1,50.4791
D,DISPATCH,UNIT_SCADA,1,"2022/10/20 10:55:00",DEVILS_G,9.131140
D,DISPATCH,UNIT_SCADA,1,"2022/10/20 10:55:00",DG_NSW1,0
D,DISPATCH,UNIT_SCADA,1,"2022/10/20 10:55:00",DG_QLD1,0
D,DISPATCH,UNIT_SCADA,1,"2022/10/20 10:55:00",DG_SA1,0
D,DISPATCH,UNIT_SCADA,1,"2022/10/20 10:55:00",DG_TAS1,0
D,DISPATCH,UNIT_SCADA,1,"2022/10/20 10:55:00",DG_VIC1,0
D,DISPATCH,UNIT_SCADA,1,"2022/10/20 10:55:00",DRYCGT1,0
D,DISPATCH,UNIT_SCADA,1,"2022/10/20 10:55:00",DRYCGT2,0
D,DISPATCH,UNIT_SCADA,1,"2022/10/20 10:55:00",DRYCGT3,0
D,DISPATCH,UNIT_SCADA,1,"2022/10/20 10:55:00",DUNDWF1,46.80
D,DISPATCH,UNIT_SCADA,1,"2022/10/20 10:55:00",DUNDWF2,16.10
D,DISPATCH,UNIT_SCADA,1,"2022/10/20 10:55:00",DUNDWF3,42.99
D,DISPATCH,UNIT_SCADA,1,"2022/10/20 10:55:00",EILDON1,60.08
D,DISPATCH,UNIT_SCADA,1,"2022/10/20 10:55:00",EILDON2,60.12
D,DISPATCH,UNIT_SCADA,1,"2022/10/20 10:55:00",ELAINWF1,28.41
D,DISPATCH,UNIT_SCADA,1,"2022/10/20 10:55:00",EMERASF1,0
D,DISPATCH,UNIT_SCADA,1,"2022/10/20 10:55:00",ER01,0
D,DISPATCH,UNIT_SCADA,1,"2022/10/20 10:55:00",ER02,350.432590
D,DISPATCH,UNIT_SCADA,1,"2022/10/20 10:55:00",ER03,389.300380
D,DISPATCH,UNIT_SCADA,1,"2022/10/20 10:55:00",ER04,397.845430
D,DISPATCH,UNIT_SCADA,1,"2022/10/20 10:55:00",FINLYSF1,78.184170
D,DISPATCH,UNIT_SCADA,1,"2022/10/20 10:55:00",FISHER,43.94
D,DISPATCH,UNIT_SCADA,1,"2022/10/20 10:55:00",GANGARR1,14.5880
D,DISPATCH,UNIT_SCADA,1,"2022/10/20 10:55:00",GANNBG1,0
D,DISPATCH,UNIT_SCADA,1,"2022/10/20 10:55:00",GANNBL1,5.035590
D,DISPATCH,UNIT_SCADA,1,"2022/10/20 10:55:00",GANNSF1,40.20
D,DISPATCH,UNIT_SCADA,1,"2022/10/20 10:55:00",GLRWNSF1,110
D,DISPATCH,UNIT_SCADA,1,"2022/10/20 10:55:00",GNNDHSF1,75.313120
D,DISPATCH,UNIT_SCADA,1,"2022/10/20 10:55:00",GOONSF1,7.999390
D,DISPATCH,UNIT_SCADA,1,"2022/10/20 10:55:00",GORDON,193.431640
D,DISPATCH,UNIT_SCADA,1,"2022/10/20 10:55:00",GRANWF1,1.09
D,DISPATCH,UNIT_SCADA,1,"2022/10/20 10:55:00",GSTONE1,200.20
D,DISPATCH,UNIT_SCADA,1,"2022/10/20 10:55:00",GSTONE2,0
D,DISPATCH,UNIT_SCADA,1,"2022/10/20 10:55:00",GSTONE3,199.6750
D,DISPATCH,UNIT_SCADA,1,"2022/10/20 10:55:00",GSTONE4,0
D,DISPATCH,UNIT_SCADA,1,"2022/10/20 10:55:00",GSTONE5,185.6750
D,DISPATCH,UNIT_SCADA,1,"2022/10/20 10:55:00",GSTONE6,185.3250
D,DISPATCH,UNIT_SCADA,1,"2022/10/20 10:55:00",GULLRSF1,3.834940
D,DISPATCH,UNIT_SCADA,1,"2022/10/20 10:55:00",GULLRWF1,71.623910
D,DISPATCH,UNIT_SCADA,1,"2022/10/20 10:55:00",GULLRWF2,84.6092
D,DISPATCH,UNIT_SCADA,1,"2022/10/20 10:55:00",GUNNING1,0
D,DISPATCH,UNIT_SCADA,1,"2022/10/20 10:55:00",GUTHEGA,67.80
D,DISPATCH,UNIT_SCADA,1,"2022/10/20 10:55:00",HALLWF1,9.94
D,DISPATCH,UNIT_SCADA,1,"2022/10/20 10:55:00",HALLWF2,30.93
D,DISPATCH,UNIT_SCADA,1,"2022/10/20 10:55:00",HAMISF1,0
D,DISPATCH,UNIT_SCADA,1,"2022/10/20 10:55:00",HAUGHT11,32.001020
D,DISPATCH,UNIT_SCADA,1,"2022/10/20 10:55:00",HAYMSF1,0
D,DISPATCH,UNIT_SCADA,1,"2022/10/20 10:55:00",HDWF1,64.40
D,DISPATCH,UNIT_SCADA,1,"2022/10/20 10:55:00",HDWF2,61.80
D,DISPATCH,UNIT_SCADA,1,"2022/10/20 10:55:00",HDWF3,66.90
D,DISPATCH,UNIT_SCADA,1,"2022/10/20 10:55:00",HILLSTN1,36.161540
D,DISPATCH,UNIT_SCADA,1,"2022/10/20 10:55:00",HPRG1,0
D,DISPATCH,UNIT_SCADA,1,"2022/10/20 10:55:00",HPRL1,18.40
D,DISPATCH,UNIT_SCADA,1,"2022/10/20 10:55:00",HUMENSW,54.4906
D,DISPATCH,UNIT_SCADA,1,"2022/10/20 10:55:00",HUMEV,0
D,DISPATCH,UNIT_SCADA,1,"2022/10/20 10:55:00",HVWWBA1G,0
D,DISPATCH,UNIT_SCADA,1,"2022/10/20 10:55:00",HVWWBA1L,0.0060
D,DISPATCH,UNIT_SCADA,1,"2022/10/20 10:55:00",HVWWPV1,0.04
D,DISPATCH,UNIT_SCADA,1,"2022/10/20 10:55:00",JBUTTERS,0
D,DISPATCH,UNIT_SCADA,1,"2022/10/20 10:55:00",JEMALNG1,3.48
D,DISPATCH,UNIT_SCADA,1,"2022/10/20 10:55:00",JLA01,0
D,DISPATCH,UNIT_SCADA,1,"2022/10/20 10:55:00",JLA02,0
D,DISPATCH,UNIT_SCADA,1,"2022/10/20 10:55:00",JLA03,0
D,DISPATCH,UNIT_SCADA,1,"2022/10/20 10:55:00",JLA04,0
D,DISPATCH,UNIT_SCADA,1,"2022/10/20 10:55:00",JLB01,0
D,DISPATCH,UNIT_SCADA,1,"2022/10/20 10:55:00",JLB02,0.10
D,DISPATCH,UNIT_SCADA,1,"2022/10/20 10:55:00",JLB03,0
D,DISPATCH,UNIT_SCADA,1,"2022/10/20 10:55:00",JUNEESF1,15.404030
D,DISPATCH,UNIT_SCADA,1,"2022/10/20 10:55:00",KABANWF1,0
D,DISPATCH,UNIT_SCADA,1,"2022/10/20 10:55:00",KAREEYA1,0
D,DISPATCH,UNIT_SCADA,1,"2022/10/20 10:55:00",KAREEYA2,0
D,DISPATCH,UNIT_SCADA,1,"2022/10/20 10:55:00",KAREEYA3,4.7225
D,DISPATCH,UNIT_SCADA,1,"2022/10/20 10:55:00",KAREEYA4,0
D,DISPATCH,UNIT_SCADA,1,"2022/10/20 10:55:00",KARSF1,39.40
D,DISPATCH,UNIT_SCADA,1,"2022/10/20 10:55:00",KEPSF1,11.58
D,DISPATCH,UNIT_SCADA,1,"2022/10/20 10:55:00",KEPWF1,3.94
D,DISPATCH,UNIT_SCADA,1,"2022/10/20 10:55:00",KIAMSF1,13.797970
D,DISPATCH,UNIT_SCADA,1,"2022/10/20 10:55:00",KIATAWF1,6.30
D,DISPATCH,UNIT_SCADA,1,"2022/10/20 10:55:00",KPP_1,0
D,DISPATCH,UNIT_SCADA,1,"2022/10/20 10:55:00",KSP1,14.78
D,DISPATCH,UNIT_SCADA,1,"2022/10/20 10:55:00",LADBROK1,0.01
D,DISPATCH,UNIT_SCADA,1,"2022/10/20 10:55:00",LADBROK2,0.02
D,DISPATCH,UNIT_SCADA,1,"2022/10/20 10:55:00",LBBG1,0
D,DISPATCH,UNIT_SCADA,1,"2022/10/20 10:55:00",LBBL1,11.10
D,DISPATCH,UNIT_SCADA,1,"2022/10/20 10:55:00",LD01,279.372530
D,DISPATCH,UNIT_SCADA,1,"2022/10/20 10:55:00",LD02,0
D,DISPATCH,UNIT_SCADA,1,"2022/10/20 10:55:00",LD04,279.097870
D,DISPATCH,UNIT_SCADA,1,"2022/10/20 10:55:00",LEM_WIL,67.456430
D,DISPATCH,UNIT_SCADA,1,"2022/10/20 10:55:00",LGAPWF1,57.35
D,DISPATCH,UNIT_SCADA,1,"2022/10/20 10:55:00",LGAPWF2,30.96
D,DISPATCH,UNIT_SCADA,1,"2022/10/20 10:55:00",LILYSF1,42.467320
D,DISPATCH,UNIT_SCADA,1,"2022/10/20 10:55:00",LIMOSF11,67.520710
D,DISPATCH,UNIT_SCADA,1,"2022/10/20 10:55:00",LIMOSF21,9.667110
D,DISPATCH,UNIT_SCADA,1,"2022/10/20 10:55:00",LI_WY_CA,55.899120
D,DISPATCH,UNIT_SCADA,1,"2022/10/20 10:55:00",LKBONNY1,0
D,DISPATCH,UNIT_SCADA,1,"2022/10/20 10:55:00",LKBONNY2,0
D,DISPATCH,UNIT_SCADA,1,"2022/10/20 10:55:00",LKBONNY3,0
D,DISPATCH,UNIT_SCADA,1,"2022/10/20 10:55:00",LK_ECHO,0
D,DISPATCH,UNIT_SCADA,1,"2022/10/20 10:55:00",LNGS1,0
D,DISPATCH,UNIT_SCADA,1,"2022/10/20 10:55:00",LNGS2,0
D,DISPATCH,UNIT_SCADA,1,"2022/10/20 10:55:00",LONSDALE,0
D,DISPATCH,UNIT_SCADA,1,"2022/10/20 10:55:00",LOYYB1,430.822780
D,DISPATCH,UNIT_SCADA,1,"2022/10/20 10:55:00",LOYYB2,426.687350
D,DISPATCH,UNIT_SCADA,1,"2022/10/20 10:55:00",LYA1,453
D,DISPATCH,UNIT_SCADA,1,"2022/10/20 10:55:00",LYA2,0
D,DISPATCH,UNIT_SCADA,1,"2022/10/20 10:55:00",LYA3,345
D,DISPATCH,UNIT_SCADA,1,"2022/10/20 10:55:00",LYA4,347
D,DISPATCH,UNIT_SCADA,1,"2022/10/20 10:55:00",MACARTH1,53.998750
D,DISPATCH,UNIT_SCADA,1,"2022/10/20 10:55:00",MACKNTSH,0
D,DISPATCH,UNIT_SCADA,1,"2022/10/20 10:55:00",MANSLR1,18.2160
D,DISPATCH,UNIT_SCADA,1,"2022/10/20 10:55:00",MAPS2PV1,0
D,DISPATCH,UNIT_SCADA,1,"2022/10/20 10:55:00",MAPS3PV1,0
D,DISPATCH,UNIT_SCADA,1,"2022/10/20 10:55:00",MARYRSF1,12.62
D,DISPATCH,UNIT_SCADA,1,"2022/10/20 10:55:00",MBPS2PV1,0
D,DISPATCH,UNIT_SCADA,1,"2022/10/20 10:55:00",MCKAY1,0.02
D,DISPATCH,UNIT_SCADA,1,"2022/10/20 10:55:00",MEADOWBK,6.058960
D,DISPATCH,UNIT_SCADA,1,"2022/10/20 10:55:00",MERCER01,28.60
D,DISPATCH,UNIT_SCADA,1,"2022/10/20 10:55:00",METZSF1,23.881780
D,DISPATCH,UNIT_SCADA,1,"2022/10/20 10:55:00",MEWF1,2
D,DISPATCH,UNIT_SCADA,1,"2022/10/20 10:55:00",MIDDLSF1,12.90
D,DISPATCH,UNIT_SCADA,1,"2022/10/20 10:55:00",MINTARO,0.128180
D,DISPATCH,UNIT_SCADA,1,"2022/10/20 10:55:00",MOLNGSF1,25.5021
D,DISPATCH,UNIT_SCADA,1,"2022/10/20 10:55:00",MOORAWF1,49.21
D,DISPATCH,UNIT_SCADA,1,"2022/10/20 10:55:00",MOREESF1,12.8580
D,DISPATCH,UNIT_SCADA,1,"2022/10/20 10:55:00",MORTLK11,0
D,DISPATCH,UNIT_SCADA,1,"2022/10/20 10:55:00",MORTLK12,0
D,DISPATCH,UNIT_SCADA,1,"2022/10/20 10:55:00",MOUSF1,0
D,DISPATCH,UNIT_SCADA,1,"2022/10/20 10:55:00",MP1,0
D,DISPATCH,UNIT_SCADA,1,"2022/10/20 10:55:00",MP2,349.163060
D,DISPATCH,UNIT_SCADA,1,"2022/10/20 10:55:00",MPP_1,180.044480
D,DISPATCH,UNIT_SCADA,1,"2022/10/20 10:55:00",MPP_2,183.721970
D,DISPATCH,UNIT_SCADA,1,"2022/10/20 10:55:00",MRTLSWF1,0
D,DISPATCH,UNIT_SCADA,1,"2022/10/20 10:55:00",MSTUART1,0
D,DISPATCH,UNIT_SCADA,1,"2022/10/20 10:55:00",MSTUART2,0
D,DISPATCH,UNIT_SCADA,1,"2022/10/20 10:55:00",MSTUART3,0
D,DISPATCH,UNIT_SCADA,1,"2022/10/20 10:55:00",MTGELWF1,42.406990
D,DISPATCH,UNIT_SCADA,1,"2022/10/20 10:55:00",MTMILLAR,1.90
D,DISPATCH,UNIT_SCADA,1,"2022/10/20 10:55:00",MURRAY,0
D,DISPATCH,UNIT_SCADA,1,"2022/10/20 10:55:00",MUSSELR1,99.80
D,DISPATCH,UNIT_SCADA,1,"2022/10/20 10:55:00",MUWAWF1,54.09
D,DISPATCH,UNIT_SCADA,1,"2022/10/20 10:55:00",MUWAWF2,36.90
D,DISPATCH,UNIT_SCADA,1,"2022/10/20 10:55:00",MWPS1PV1,0.13
D,DISPATCH,UNIT_SCADA,1,"2022/10/20 10:55:00",MWPS2PV1,0
D,DISPATCH,UNIT_SCADA,1,"2022/10/20 10:55:00",MWPS3PV1,0
D,DISPATCH,UNIT_SCADA,1,"2022/10/20 10:55:00",MWPS4PV1,0.01
D,DISPATCH,UNIT_SCADA,1,"2022/10/20 10:55:00",NBHWF1,80.80
D,DISPATCH,UNIT_SCADA,1,"2022/10/20 10:55:00",NEVERSF1,40.36
D,DISPATCH,UNIT_SCADA,1,"2022/10/20 10:55:00",NPS,0
D,DISPATCH,UNIT_SCADA,1,"2022/10/20 10:55:00",NUMURSF1,93.43
D,DISPATCH,UNIT_SCADA,1,"2022/10/20 10:55:00",NYNGAN1,59
D,DISPATCH,UNIT_SCADA,1,"2022/10/20 10:55:00",OAKEY1,0
D,DISPATCH,UNIT_SCADA,1,"2022/10/20 10:55:00",OAKEY1SF,10.9810
D,DISPATCH,UNIT_SCADA,1,"2022/10/20 10:55:00",OAKEY2,0
D,DISPATCH,UNIT_SCADA,1,"2022/10/20 10:55:00",OAKEY2SF,18.87
D,DISPATCH,UNIT_SCADA,1,"2022/10/20 10:55:00",OAKLAND1,2.10
D,DISPATCH,UNIT_SCADA,1,"2022/10/20 10:55:00",OSB-AG,0
D,DISPATCH,UNIT_SCADA,1,"2022/10/20 10:55:00",PAREPS1,0.0660
D,DISPATCH,UNIT_SCADA,1,"2022/10/20 10:55:00",PAREPW1,70.12
D,DISPATCH,UNIT_SCADA,1,"2022/10/20 10:55:00",PARSF1,5.198750
D,DISPATCH,UNIT_SCADA,1,"2022/10/20 10:55:00",POAT110,0
D,DISPATCH,UNIT_SCADA,1,"2022/10/20 10:55:00",POAT220,0
D,DISPATCH,UNIT_SCADA,1,"2022/10/20 10:55:00",POR01,0
D,DISPATCH,UNIT_SCADA,1,"2022/10/20 10:55:00",POR03,0
D,DISPATCH,UNIT_SCADA,1,"2022/10/20 10:55:00",PPCCGT,0
D,DISPATCH,UNIT_SCADA,1,"2022/10/20 10:55:00",PTSTAN1,0
D,DISPATCH,UNIT_SCADA,1,"2022/10/20 10:55:00",PUMP1,245.34
D,DISPATCH,UNIT_SCADA,1,"2022/10/20 10:55:00",PUMP2,0
D,DISPATCH,UNIT_SCADA,1,"2022/10/20 10:55:00",QBYNBG1,1.969470
D,DISPATCH,UNIT_SCADA,1,"2022/10/20 10:55:00",QBYNBL1,0
D,DISPATCH,UNIT_SCADA,1,"2022/10/20 10:55:00",QPS1,0
D,DISPATCH,UNIT_SCADA,1,"2022/10/20 10:55:00",QPS2,0
D,DISPATCH,UNIT_SCADA,1,"2022/10/20 10:55:00",QPS3,0
D,DISPATCH,UNIT_SCADA,1,"2022/10/20 10:55:00",QPS4,0
D,DISPATCH,UNIT_SCADA,1,"2022/10/20 10:55:00",QPS5,73.56
D,DISPATCH,UNIT_SCADA,1,"2022/10/20 10:55:00",REECE1,0
D,DISPATCH,UNIT_SCADA,1,"2022/10/20 10:55:00",REECE2,0
D,DISPATCH,UNIT_SCADA,1,"2022/10/20 10:55:00",ROMA_7,0
D,DISPATCH,UNIT_SCADA,1,"2022/10/20 10:55:00",ROMA_8,0
D,DISPATCH,UNIT_SCADA,1,"2022/10/20 10:55:00",RRSF1,67.821980
D,DISPATCH,UNIT_SCADA,1,"2022/10/20 10:55:00",RT_NSW1,0
D,DISPATCH,UNIT_SCADA,1,"2022/10/20 10:55:00",RT_NSW2,0
D,DISPATCH,UNIT_SCADA,1,"2022/10/20 10:55:00",RT_NSW3,0
D,DISPATCH,UNIT_SCADA,1,"2022/10/20 10:55:00",RT_NSW4,0
D,DISPATCH,UNIT_SCADA,1,"2022/10/20 10:55:00",RT_NSW5,0
D,DISPATCH,UNIT_SCADA,1,"2022/10/20 10:55:00",RT_NSW6,0
D,DISPATCH,UNIT_SCADA,1,"2022/10/20 10:55:00",RT_QLD1,0
D,DISPATCH,UNIT_SCADA,1,"2022/10/20 10:55:00",RT_SA1,0
D,DISPATCH,UNIT_SCADA,1,"2022/10/20 10:55:00",RT_SA2,0
D,DISPATCH,UNIT_SCADA,1,"2022/10/20 10:55:00",RT_SA3,0
D,DISPATCH,UNIT_SCADA,1,"2022/10/20 10:55:00",RT_SA4,0
D,DISPATCH,UNIT_SCADA,1,"2022/10/20 10:55:00",RT_SA5,0
D,DISPATCH,UNIT_SCADA,1,"2022/10/20 10:55:00",RT_SA6,0
D,DISPATCH,UNIT_SCADA,1,"2022/10/20 10:55:00",RT_TAS1,0
D,DISPATCH,UNIT_SCADA,1,"2022/10/20 10:55:00",RT_VIC1,0
D,DISPATCH,UNIT_SCADA,1,"2022/10/20 10:55:00",RT_VIC10,0
D,DISPATCH,UNIT_SCADA,1,"2022/10/20 10:55:00",RT_VIC11,0
D,DISPATCH,UNIT_SCADA,1,"2022/10/20 10:55:00",RT_VIC12,0
D,DISPATCH,UNIT_SCADA,1,"2022/10/20 10:55:00",RT_VIC2,0
D,DISPATCH,UNIT_SCADA,1,"2022/10/20 10:55:00",RT_VIC3,0
D,DISPATCH,UNIT_SCADA,1,"2022/10/20 10:55:00",RT_VIC4,0
D,DISPATCH,UNIT_SCADA,1,"2022/10/20 10:55:00",RT_VIC5,0
D,DISPATCH,UNIT_SCADA,1,"2022/10/20 10:55:00",RT_VIC6,0
D,DISPATCH,UNIT_SCADA,1,"2022/10/20 10:55:00",RT_VIC7,0
D,DISPATCH,UNIT_SCADA,1,"2022/10/20 10:55:00",RT_VIC8,0
D,DISPATCH,UNIT_SCADA,1,"2022/10/20 10:55:00",RT_VIC9,0
D,DISPATCH,UNIT_SCADA,1,"2022/10/20 10:55:00",RUGBYR1,3.200130
D,DISPATCH,UNIT_SCADA,1,"2022/10/20 10:55:00",SALTCRK1,17.15
D,DISPATCH,UNIT_SCADA,1,"2022/10/20 10:55:00",SAPHWF1,64.641790
D,DISPATCH,UNIT_SCADA,1,"2022/10/20 10:55:00",SEBSF1,26.932180
D,DISPATCH,UNIT_SCADA,1,"2022/10/20 10:55:00",SHGEN,0
D,DISPATCH,UNIT_SCADA,1,"2022/10/20 10:55:00",SHPUMP,0
D,DISPATCH,UNIT_SCADA,1,"2022/10/20 10:55:00",SITHE01,0.173950
D,DISPATCH,UNIT_SCADA,1,"2022/10/20 10:55:00",SMCSF1,59.5850
D,DISPATCH,UNIT_SCADA,1,"2022/10/20 10:55:00",SNAPPER1,0
D,DISPATCH,UNIT_SCADA,1,"2022/10/20 10:55:00",SNOWNTH1,106.90
D,DISPATCH,UNIT_SCADA,1,"2022/10/20 10:55:00",SNOWSTH1,59.60
D,DISPATCH,UNIT_SCADA,1,"2022/10/20 10:55:00",SNOWTWN1,77.216280
D,DISPATCH,UNIT_SCADA,1,"2022/10/20 10:55:00",SNOWYP,0
D,DISPATCH,UNIT_SCADA,1,"2022/10/20 10:55:00",SNUG1,0
D,DISPATCH,UNIT_SCADA,1,"2022/10/20 10:55:00",SRSF1,22.69
D,DISPATCH,UNIT_SCADA,1,"2022/10/20 10:55:00",STAN-1,274.993070
D,DISPATCH,UNIT_SCADA,1,"2022/10/20 10:55:00",STAN-2,341.427730
D,DISPATCH,UNIT_SCADA,1,"2022/10/20 10:55:00",STAN-3,154.839020
D,DISPATCH,UNIT_SCADA,1,"2022/10/20 10:55:00",STAN-4,342.312160
D,DISPATCH,UNIT_SCADA,1,"2022/10/20 10:55:00",STARHLWF,0.01
D,DISPATCH,UNIT_SCADA,1,"2022/10/20 10:55:00",STOCKYD1,67.21
D,DISPATCH,UNIT_SCADA,1,"2022/10/20 10:55:00",STWF1,0
D,DISPATCH,UNIT_SCADA,1,"2022/10/20 10:55:00",SUNRSF1,43.025860
D,DISPATCH,UNIT_SCADA,1,"2022/10/20 10:55:00",SUNTPSF1,58.871140
D,DISPATCH,UNIT_SCADA,1,"2022/10/20 10:55:00",SWAN_E,217.9350
D,DISPATCH,UNIT_SCADA,1,"2022/10/20 10:55:00",TALWA1,0
D,DISPATCH,UNIT_SCADA,1,"2022/10/20 10:55:00",TARALGA1,0
D,DISPATCH,UNIT_SCADA,1,"2022/10/20 10:55:00",TARONG#1,344.300020
D,DISPATCH,UNIT_SCADA,1,"2022/10/20 10:55:00",TARONG#2,343.899990
D,DISPATCH,UNIT_SCADA,1,"2022/10/20 10:55:00",TARONG#3,0.90
D,DISPATCH,UNIT_SCADA,1,"2022/10/20 10:55:00",TARONG#4,208.600010
D,DISPATCH,UNIT_SCADA,1,"2022/10/20 10:55:00",TARRALEA,54
D,DISPATCH,UNIT_SCADA,1,"2022/10/20 10:55:00",TBSF1,0.10
D,DISPATCH,UNIT_SCADA,1,"2022/10/20 10:55:00",TNPS1,398.50
D,DISPATCH,UNIT_SCADA,1,"2022/10/20 10:55:00",TORRB1,0
D,DISPATCH,UNIT_SCADA,1,"2022/10/20 10:55:00",TORRB2,40
D,DISPATCH,UNIT_SCADA,1,"2022/10/20 10:55:00",TORRB3,0
D,DISPATCH,UNIT_SCADA,1,"2022/10/20 10:55:00",TORRB4,0
D,DISPATCH,UNIT_SCADA,1,"2022/10/20 10:55:00",TREVALLN,97.867120
D,DISPATCH,UNIT_SCADA,1,"2022/10/20 10:55:00",TRIBUTE,0
D,DISPATCH,UNIT_SCADA,1,"2022/10/20 10:55:00",TUMUT3,0
D,DISPATCH,UNIT_SCADA,1,"2022/10/20 10:55:00",TUNGATIN,5.840010
D,DISPATCH,UNIT_SCADA,1,"2022/10/20 10:55:00",TVCC201,0
D,DISPATCH,UNIT_SCADA,1,"2022/10/20 10:55:00",TVPP104,57.865630
D,DISPATCH,UNIT_SCADA,1,"2022/10/20 10:55:00",UPPTUMUT,28.0256
D,DISPATCH,UNIT_SCADA,1,"2022/10/20 10:55:00",URANQ11,0
D,DISPATCH,UNIT_SCADA,1,"2022/10/20 10:55:00",URANQ12,0
D,DISPATCH,UNIT_SCADA,1,"2022/10/20 10:55:00",URANQ13,0
D,DISPATCH,UNIT_SCADA,1,"2022/10/20 10:55:00",URANQ14,0
D,DISPATCH,UNIT_SCADA,1,"2022/10/20 10:55:00",VBBG1,0
D,DISPATCH,UNIT_SCADA,1,"2022/10/20 10:55:00",VBBL1,26.90
D,DISPATCH,UNIT_SCADA,1,"2022/10/20 10:55:00",VP5,500.5524
D,DISPATCH,UNIT_SCADA,1,"2022/10/20 10:55:00",VP6,501.284820
D,DISPATCH,UNIT_SCADA,1,"2022/10/20 10:55:00",VPGS1,0
D,DISPATCH,UNIT_SCADA,1,"2022/10/20 10:55:00",VPGS2,0
D,DISPATCH,UNIT_SCADA,1,"2022/10/20 10:55:00",VPGS3,0
D,DISPATCH,UNIT_SCADA,1,"2022/10/20 10:55:00",VPGS4,0
D,DISPATCH,UNIT_SCADA,1,"2022/10/20 10:55:00",VPGS5,0
D,DISPATCH,UNIT_SCADA,1,"2022/10/20 10:55:00",VPGS6,0
D,DISPATCH,UNIT_SCADA,1,"2022/10/20 10:55:00",W/HOE#1,0
D,DISPATCH,UNIT_SCADA,1,"2022/10/20 10:55:00",W/HOE#2,0
D,DISPATCH,UNIT_SCADA,1,"2022/10/20 10:55:00",WAGGNSF1,0
D,DISPATCH,UNIT_SCADA,1,"2022/10/20 10:55:00",WALGRVG1,0.000930
D,DISPATCH,UNIT_SCADA,1,"2022/10/20 10:55:00",WALGRVL1,0
D,DISPATCH,UNIT_SCADA,1,"2022/10/20 10:55:00",WANDBG1,0
D,DISPATCH,UNIT_SCADA,1,"2022/10/20 10:55:00",WANDBL1,50.751260
D,DISPATCH,UNIT_SCADA,1,"2022/10/20 10:55:00",WARWSF1,10.24
D,DISPATCH,UNIT_SCADA,1,"2022/10/20 10:55:00",WARWSF2,9.38
D,DISPATCH,UNIT_SCADA,1,"2022/10/20 10:55:00",WATERLWF,49.10
D,DISPATCH,UNIT_SCADA,1,"2022/10/20 10:55:00",WDGPH1,134.542010
D,DISPATCH,UNIT_SCADA,1,"2022/10/20 10:55:00",WELLSF1,63.523310
D,DISPATCH,UNIT_SCADA,1,"2022/10/20 10:55:00",WEMENSF1,7.40
D,DISPATCH,UNIT_SCADA,1,"2022/10/20 10:55:00",WGWF1,74
D,DISPATCH,UNIT_SCADA,1,"2022/10/20 10:55:00",WHITSF1,0
D,DISPATCH,UNIT_SCADA,1,"2022/10/20 10:55:00",WINTSF1,83.35
D,DISPATCH,UNIT_SCADA,1,"2022/10/20 10:55:00",WKIEWA1,33.90
D,DISPATCH,UNIT_SCADA,1,"2022/10/20 10:55:00",WKIEWA2,14
D,DISPATCH,UNIT_SCADA,1,"2022/10/20 10:55:00",WOODLWN1,15.508540
D,DISPATCH,UNIT_SCADA,1,"2022/10/20 10:55:00",WOOLGSF1,55.9104
D,DISPATCH,UNIT_SCADA,1,"2022/10/20 10:55:00",WPWF,6.54
D,DISPATCH,UNIT_SCADA,1,"2022/10/20 10:55:00",WRSF1,0.610370
D,DISPATCH,UNIT_SCADA,1,"2022/10/20 10:55:00",WRWF1,30.482030
D,DISPATCH,UNIT_SCADA,1,"2022/10/20 10:55:00",WSTWYSF1,0
D,DISPATCH,UNIT_SCADA,1,"2022/10/20 10:55:00",YABULU,0
D,DISPATCH,UNIT_SCADA,1,"2022/10/20 10:55:00",YABULU2,0
D,DISPATCH,UNIT_SCADA,1,"2022/10/20 10:55:00",YARANSF1,46.46
D,DISPATCH,UNIT_SCADA,1,"2022/10/20 10:55:00",YARWUN_1,162.379990
D,DISPATCH,UNIT_SCADA,1,"2022/10/20 10:55:00",YATSF1,28.72
D,DISPATCH,UNIT_SCADA,1,"2022/10/20 10:55:00",YENDWF1,52.32
D,DISPATCH,UNIT_SCADA,1,"2022/10/20 10:55:00",YWPS1,300.248110
D,DISPATCH,UNIT_SCADA,1,"2022/10/20 10:55:00",YWPS2,290.473420
D,DISPATCH,UNIT_SCADA,1,"2022/10/20 10:55:00",YWPS3,297.8519
D,DISPATCH,UNIT_SCADA,1,"2022/10/20 10:55:00",YWPS4,0
C,"END OF REPORT",419
