C,NEMP.WORLD,DISPATCHSCADA,AEMO,PUBLIC,2022/10/20,14:20:09,0000000373260352,DISPATCHSCADA,0000000373260346
I,DISPATCH,UNIT_SCADA,1,SETTLEMENTDATE,DUID,SCADAVALUE
D,DISPATCH,UNIT_SCADA,1,"2022/10/20 14:25:00",BARCSF1,11
D,DISPATCH,UNIT_SCADA,1,"2022/10/20 14:25:00",BUTLERSG,8.699999
D,DISPATCH,UNIT_SCADA,1,"2022/10/20 14:25:00",CAPTL_WF,73.598785
D,DISPATCH,UNIT_SCADA,1,"2022/10/20 14:25:00",CHALLHWF,9.50
D,DISPATCH,UNIT_SCADA,1,"2022/10/20 14:25:00",CLOVER,10.65
D,DISPATCH,UNIT_SCADA,1,"2022/10/20 14:25:00",CLUNY,6.143740
D,DISPATCH,UNIT_SCADA,1,"2022/10/20 14:25:00",CULLRGWF,-0.08
D,DISPATCH,UNIT_SCADA,1,"2022/10/20 14:25:00",DIAPURWF1,5.90
D,DISPATCH,UNIT_SCADA,1,"2022/10/20 14:25:00",ERGT01,0
D,DISPATCH,UNIT_SCADA,1,"2022/10/20 14:25:00",GB01,0
D,DISPATCH,UNIT_SCADA,1,"2022/10/20 14:25:00",GERMCRK,21.40
D,DISPATCH,UNIT_SCADA,1,"2022/10/20 14:25:00",GRIFSF1,7.798886
D,DISPATCH,UNIT_SCADA,1,"2022/10/20 14:25:00",HEZ1,0
D,DISPATCH,UNIT_SCADA,1,"2022/10/20 14:25:00",HUGSF1,9.042001
D,DISPATCH,UNIT_SCADA,1,"2022/10/20 14:25:00",KEPBG1,0
D,DISPATCH,UNIT_SCADA,1,"2022/10/20 14:25:00",LRSF1,13.499001
D,DISPATCH,UNIT_SCADA,1,"2022/10/20 14:25:00",MBAHNTH,43.256241
D,DISPATCH,UNIT_SCADA,1,"2022/10/20 14:25:00",MLSP1,3.155001
D,DISPATCH,UNIT_SCADA,1,"2022/10/20 14:25:00",MLWF1,3.5850
D,DISPATCH,UNIT_SCADA,1,"2022/10/20 14:25:00",PALOONA,30.349998
D,DISPATCH,UNIT_SCADA,1,"2022/10/20 14:25:00",PIONEER,36.299999
D,DISPATCH,UNIT_SCADA,1,"2022/10/20 14:25:00",PORTWF,69.699997
D,DISPATCH,UNIT_SCADA,1,"2022/10/20 14:25:00",REPULSE,9.397726
D,DISPATCH,UNIT_SCADA,1,"2022/10/20 14:25:00",ROWALLAN,8.8892
D,DISPATCH,UNIT_SCADA,1,"2022/10/20 14:25:00",ROYALLA1,2.907003
D,DISPATCH,UNIT_SCADA,1,"2022/10/20 14:25:00",RPCG,-1.80
D,DISPATCH,UNIT_SCADA,1,"2022/10/20 14:25:00",RUBICON,0
D,DISPATCH,UNIT_SCADA,1,"2022/10/20 14:25:00",WAUBRAWF,65.846001
D,DISPATCH,UNIT_SCADA,1,"2022/10/20 14:25:00",WOOLNTH1,99.129997
D,DISPATCH,UNIT_SCADA,1,"2022/10/20 14:25:00",YAMBUKWF,7.20
D,DISPATCH,UNIT_SCADA,1,"2022/10/20 14:25:00",YSWF1,3
D,DISPATCH,UNIT_SCADA,1,"2022/10/20 14:25:00",ADPBA1G,0.0080
D,DISPATCH,UNIT_SCADA,1,"2022/10/20 14:25:00",ADPBA1L,0
D,DISPATCH,UNIT_SCADA,1,"2022/10/20 14:25:00",ADPPV1,8.7860
D,DISPATCH,UNIT_SCADA,1,"2022/10/20 14:25:00",AGLHAL,0
D,DISPATCH,UNIT_SCADA,1,"2022/10/20 14:25:00",AGLSOM,0
D,DISPATCH,UNIT_SCADA,1,"2022/10/20 14:25:00",ANGAST1,0
D,DISPATCH,UNIT_SCADA,1,"2022/10/20 14:25:00",ARWF1,6.60
D,DISPATCH,UNIT_SCADA,1,"2022/10/20 14:25:00",BALBG1,0
D,DISPATCH,UNIT_SCADA,1,"2022/10/20 14:25:00",BALBL1,0
D,DISPATCH,UNIT_SCADA,1,"2022/10/20 14:25:00",BALDHWF1,67.5990
D,DISPATCH,UNIT_SCADA,1,"2022/10/20 14:25:00",BANGOWF1,27.898370
D,DISPATCH,UNIT_SCADA,1,"2022/10/20 14:25:00",BANGOWF2,0
D,DISPATCH,UNIT_SCADA,1,"2022/10/20 14:25:00",BANN1,41.84
D,DISPATCH,UNIT_SCADA,1,"2022/10/20 14:25:00",BARCALDN,0
D,DISPATCH,UNIT_SCADA,1,"2022/10/20 14:25:00",BARKIPS1,0
D,DISPATCH,UNIT_SCADA,1,"2022/10/20 14:25:00",BARRON-1,5.44
D,DISPATCH,UNIT_SCADA,1,"2022/10/20 14:25:00",BARRON-2,0
D,DISPATCH,UNIT_SCADA,1,"2022/10/20 14:25:00",BASTYAN,51.71
D,DISPATCH,UNIT_SCADA,1,"2022/10/20 14:25:00",BBTHREE1,0
D,DISPATCH,UNIT_SCADA,1,"2022/10/20 14:25:00",BBTHREE2,21.49
D,DISPATCH,UNIT_SCADA,1,"2022/10/20 14:25:00",BBTHREE3,-1.12
D,DISPATCH,UNIT_SCADA,1,"2022/10/20 14:25:00",BDL01,0
D,DISPATCH,UNIT_SCADA,1,"2022/10/20 14:25:00",BDL02,0
D,DISPATCH,UNIT_SCADA,1,"2022/10/20 14:25:00",BERYLSF1,0
D,DISPATCH,UNIT_SCADA,1,"2022/10/20 14:25:00",BLOWERNG,62.60
D,DISPATCH,UNIT_SCADA,1,"2022/10/20 14:25:00",BLUEGSF1,48.158720
D,DISPATCH,UNIT_SCADA,1,"2022/10/20 14:25:00",BLUFF1,0
D,DISPATCH,UNIT_SCADA,1,"2022/10/20 14:25:00",BNGSF1,18.95
D,DISPATCH,UNIT_SCADA,1,"2022/10/20 14:25:00",BNGSF2,16.42
D,DISPATCH,UNIT_SCADA,1,"2022/10/20 14:25:00",BOCORWF1,41.36
D,DISPATCH,UNIT_SCADA,1,"2022/10/20 14:25:00",BODWF1,66.351280
D,DISPATCH,UNIT_SCADA,1,"2022/10/20 14:25:00",BOMENSF1,57.721220
D,DISPATCH,UNIT_SCADA,1,"2022/10/20 14:25:00",BOWWBA1G,0
D,DISPATCH,UNIT_SCADA,1,"2022/10/20 14:25:00",BOWWBA1L,0.0010
D,DISPATCH,UNIT_SCADA,1,"2022/10/20 14:25:00",BOWWPV1,0
D,DISPATCH,UNIT_SCADA,1,"2022/10/20 14:25:00",BRAEMAR1,0
D,DISPATCH,UNIT_SCADA,1,"2022/10/20 14:25:00",BRAEMAR2,0
D,DISPATCH,UNIT_SCADA,1,"2022/10/20 14:25:00",BRAEMAR3,0
D,DISPATCH,UNIT_SCADA,1,"2022/10/20 14:25:00",BRAEMAR5,0.292060
D,DISPATCH,UNIT_SCADA,1,"2022/10/20 14:25:00",BRAEMAR6,0
D,DISPATCH,UNIT_SCADA,1,"2022/10/20 14:25:00",BRAEMAR7,0.130920
D,DISPATCH,UNIT_SCADA,1,"2022/10/20 14:25:00",BROKENH1,18.799710
D,DISPATCH,UNIT_SCADA,1,"2022/10/20 14:25:00",BRYB1WF1,91.276420
D,DISPATCH,UNIT_SCADA,1,"2022/10/20 14:25:00",BULBESG1,0
D,DISPATCH,UNIT_SCADA,1,"2022/10/20 14:25:00",BULBESL1,1.31
D,DISPATCH,UNIT_SCADA,1,"2022/10/20 14:25:00",BULGANA1,7.23
D,DISPATCH,UNIT_SCADA,1,"2022/10/20 14:25:00",BW01,659.470520
D,DISPATCH,UNIT_SCADA,1,"2022/10/20 14:25:00",BW02,618.258970
D,DISPATCH,UNIT_SCADA,1,"2022/10/20 14:25:00",BW03,543.111330
D,DISPATCH,UNIT_SCADA,1,"2022/10/20 14:25:00",BW04,0
D,DISPATCH,UNIT_SCADA,1,"2022/10/20 14:25:00",CALL_B_1,322.200010
D,DISPATCH,UNIT_SCADA,1,"2022/10/20 14:25:00",CALL_B_2,325.200010
D,DISPATCH,UNIT_SCADA,1,"2022/10/20 14:25:00",CATHROCK,9
D,DISPATCH,UNIT_SCADA,1,"2022/10/20 14:25:00",CBWWBA1G,0
D,DISPATCH,UNIT_SCADA,1,"2022/10/20 14:25:00",CBWWBA1L,0
D,DISPATCH,UNIT_SCADA,1,"2022/10/20 14:25:00",CETHANA,81.778750
D,DISPATCH,UNIT_SCADA,1,"2022/10/20 14:25:00",CG1,0
D,DISPATCH,UNIT_SCADA,1,"2022/10/20 14:25:00",CG2,0
D,DISPATCH,UNIT_SCADA,1,"2022/10/20 14:25:00",CG3,0
D,DISPATCH,UNIT_SCADA,1,"2022/10/20 14:25:00",CG4,0
D,DISPATCH,UNIT_SCADA,1,"2022/10/20 14:25:00",CHILDSF1,23.01
D,DISPATCH,UNIT_SCADA,1,"2022/10/20 14:25:00",CHYTWF1,8.37
D,DISPATCH,UNIT_SCADA,1,"2022/10/20 14:25:00",CLARESF1,97.193980
D,DISPATCH,UNIT_SCADA,1,"2022/10/20 14:25:00",CLEMGPWF,7.635710
D,DISPATCH,UNIT_SCADA,1,"2022/10/20 14:25:00",CLERMSF1,37.21
D,DISPATCH,UNIT_SCADA,1,"2022/10/20 14:25:00",CNUNDAWF,9.911560
D,DISPATCH,UNIT_SCADA,1,"2022/10/20 14:25:00",COHUNSF1,7.65
D,DISPATCH,UNIT_SCADA,1,"2022/10/20 14:25:00",COLEASF1,25.897230
D,DISPATCH,UNIT_SCADA,1,"2022/10/20 14:25:00",COLUMSF1,21.9430
D,DISPATCH,UNIT_SCADA,1,"2022/10/20 14:25:00",COLWF01,98.587010
D,DISPATCH,UNIT_SCADA,1,"2022/10/20 14:25:00",COOPGWF1,68.84
D,DISPATCH,UNIT_SCADA,1,"2022/10/20 14:25:00",CPP_3,382.25
D,DISPATCH,UNIT_SCADA,1,"2022/10/20 14:25:00",CPP_4,0
D,DISPATCH,UNIT_SCADA,1,"2022/10/20 14:25:00",CPSA,0
D,DISPATCH,UNIT_SCADA,1,"2022/10/20 14:25:00",CROOKWF2,45.634850
D,DISPATCH,UNIT_SCADA,1,"2022/10/20 14:25:00",CROWLWF1,12.280320
D,DISPATCH,UNIT_SCADA,1,"2022/10/20 14:25:00",CRURWF1,32.6994
D,DISPATCH,UNIT_SCADA,1,"2022/10/20 14:25:00",CRWASF1,11.039230
D,DISPATCH,UNIT_SCADA,1,"2022/10/20 14:25:00",CSPVPS1,19.68
D,DISPATCH,UNIT_SCADA,1,"2022/10/20 14:25:00",CTHLWF1,0.003050
D,DISPATCH,UNIT_SCADA,1,"2022/10/20 14:25:00",DALNTH01,0
D,DISPATCH,UNIT_SCADA,1,"2022/10/20 14:25:00",DALNTHL1,0.010680
D,DISPATCH,UNIT_SCADA,1,"2022/10/20 14:25:00",DARLSF1,84.856950
D,DISPATCH,UNIT_SCADA,1,"2022/10/20 14:25:00",DARTM1,0
D,DISPATCH,UNIT_SCADA,1,"2022/10/20 14:25:00",DAYDSF1,32.1620
D,DISPATCH,UNIT_SCADA,1,"2022/10/20 14:25:00",DDPS1,0
D,DISPATCH,UNIT_SCADA,1,"2022/10/20 14:25:00",DDSF1,49.694720
D,DISPATCH,UNIT_SCADA,1,"2022/10/20 14:25:00",DEVILS_G,63.703120
D,DISPATCH,UNIT_SCADA,1,"2022/10/20 14:25:00",DG_NSW1,0
D,DISPATCH,UNIT_SCADA,1,"2022/10/20 14:25:00",DG_QLD1,0
D,DISPATCH,UNIT_SCADA,1,"2022/10/20 14:25:00",DG_SA1,0
D,DISPATCH,UNIT_SCADA,1,"2022/10/20 14:25:00",DG_TAS1,0
D,DISPATCH,UNIT_SCADA,1,"2022/10/20 14:25:00",DG_VIC1,0
D,DISPATCH,UNIT_SCADA,1,"2022/10/20 14:25:00",DRYCGT1,0
D,DISPATCH,UNIT_SCADA,1,"2022/10/20 14:25:00",DRYCGT2,0
D,DISPATCH,UNIT_SCADA,1,"2022/10/20 14:25:00",DRYCGT3,0
D,DISPATCH,UNIT_SCADA,1,"2022/10/20 14:25:00",DUNDWF1,55.99
D,DISPATCH,UNIT_SCADA,1,"2022/10/20 14:25:00",DUNDWF2,18.42
D,DISPATCH,UNIT_SCADA,1,"2022/10/20 14:25:00",DUNDWF3,49.07
D,DISPATCH,UNIT_SCADA,1,"2022/10/20 14:25:00",EILDON1,60
D,DISPATCH,UNIT_SCADA,1,"2022/10/20 14:25:00",EILDON2,59.88
D,DISPATCH,UNIT_SCADA,1,"2022/10/20 14:25:00",ELAINWF1,20.46
D,DISPATCH,UNIT_SCADA,1,"2022/10/20 14:25:00",EMERASF1,0
D,DISPATCH,UNIT_SCADA,1,"2022/10/20 14:25:00",ER01,0
D,DISPATCH,UNIT_SCADA,1,"2022/10/20 14:25:00",ER02,492.793150
D,DISPATCH,UNIT_SCADA,1,"2022/10/20 14:25:00",ER03,517.598210
D,DISPATCH,UNIT_SCADA,1,"2022/10/20 14:25:00",ER04,517.109920
D,DISPATCH,UNIT_SCADA,1,"2022/10/20 14:25:00",FINLYSF1,100.608830
D,DISPATCH,UNIT_SCADA,1,"2022/10/20 14:25:00",FISHER,43.95
D,DISPATCH,UNIT_SCADA,1,"2022/10/20 14:25:00",GANGARR1,11.8620
D,DISPATCH,UNIT_SCADA,1,"2022/10/20 14:25:00",GANNBG1,0
D,DISPATCH,UNIT_SCADA,1,"2022/10/20 14:25:00",GANNBL1,1.821770
D,DISPATCH,UNIT_SCADA,1,"2022/10/20 14:25:00",GANNSF1,29.50
D,DISPATCH,UNIT_SCADA,1,"2022/10/20 14:25:00",GLRWNSF1,84
D,DISPATCH,UNIT_SCADA,1,"2022/10/20 14:25:00",GNNDHSF1,60.2520
D,DISPATCH,UNIT_SCADA,1,"2022/10/20 14:25:00",GOONSF1,49.899440
D,DISPATCH,UNIT_SCADA,1,"2022/10/20 14:25:00",GORDON,196.6044
D,DISPATCH,UNIT_SCADA,1,"2022/10/20 14:25:00",GRANWF1,0
D,DISPATCH,UNIT_SCADA,1,"2022/10/20 14:25:00",GSTONE1,201.774990
D,DISPATCH,UNIT_SCADA,1,"2022/10/20 14:25:00",GSTONE2,0
D,DISPATCH,UNIT_SCADA,1,"2022/10/20 14:25:00",GSTONE3,199.849990
D,DISPATCH,UNIT_SCADA,1,"2022/10/20 14:25:00",GSTONE4,0
D,DISPATCH,UNIT_SCADA,1,"2022/10/20 14:25:00",GSTONE5,187.25
D,DISPATCH,UNIT_SCADA,1,"2022/10/20 14:25:00",GSTONE6,203
D,DISPATCH,UNIT_SCADA,1,"2022/10/20 14:25:00",GULLRSF1,1.184980
D,DISPATCH,UNIT_SCADA,1,"2022/10/20 14:25:00",GULLRWF1,60.084090
D,DISPATCH,UNIT_SCADA,1,"2022/10/20 14:25:00",GULLRWF2,58.818280
D,DISPATCH,UNIT_SCADA,1,"2022/10/20 14:25:00",GUNNING1,0
D,DISPATCH,UNIT_SCADA,1,"2022/10/20 14:25:00",GUTHEGA,64.30
D,DISPATCH,UNIT_SCADA,1,"2022/10/20 14:25:00",HALLWF1,0
D,DISPATCH,UNIT_SCADA,1,"2022/10/20 14:25:00",HALLWF2,0
D,DISPATCH,UNIT_SCADA,1,"2022/10/20 14:25:00",HAMISF1,12.20
D,DISPATCH,UNIT_SCADA,1,"2022/10/20 14:25:00",HAUGHT11,97.970430
D,DISPATCH,UNIT_SCADA,1,"2022/10/20 14:25:00",HAYMSF1,10.0110
D,DISPATCH,UNIT_SCADA,1,"2022/10/20 14:25:00",HDWF1,4.50
D,DISPATCH,UNIT_SCADA,1,"2022/10/20 14:25:00",HDWF2,4.10
D,DISPATCH,UNIT_SCADA,1,"2022/10/20 14:25:00",HDWF3,4.70
D,DISPATCH,UNIT_SCADA,1,"2022/10/20 14:25:00",HILLSTN1,48.162820
D,DISPATCH,UNIT_SCADA,1,"2022/10/20 14:25:00",HPRG1,27.30
D,DISPATCH,UNIT_SCADA,1,"2022/10/20 14:25:00",HPRL1,0
D,DISPATCH,UNIT_SCADA,1,"2022/10/20 14:25:00",HUMENSW,55.342720
D,DISPATCH,UNIT_SCADA,1,"2022/10/20 14:25:00",HUMEV,0
D,DISPATCH,UNIT_SCADA,1,"2022/10/20 14:25:00",HVWWBA1G,0
D,DISPATCH,UNIT_SCADA,1,"2022/10/20 14:25:00",HVWWBA1L,0.0070
D,DISPATCH,UNIT_SCADA,1,"2022/10/20 14:25:00",HVWWPV1,4.9550
D,DISPATCH,UNIT_SCADA,1,"2022/10/20 14:25:00",JBUTTERS,0
D,DISPATCH,UNIT_SCADA,1,"2022/10/20 14:25:00",JEMALNG1,24.67
D,DISPATCH,UNIT_SCADA,1,"2022/10/20 14:25:00",JLA01,0
D,DISPATCH,UNIT_SCADA,1,"2022/10/20 14:25:00",JLA02,0
D,DISPATCH,UNIT_SCADA,1,"2022/10/20 14:25:00",JLA03,0
D,DISPATCH,UNIT_SCADA,1,"2022/10/20 14:25:00",JLA04,0
D,DISPATCH,UNIT_SCADA,1,"2022/10/20 14:25:00",JLB01,0
D,DISPATCH,UNIT_SCADA,1,"2022/10/20 14:25:00",JLB02,0.10
D,DISPATCH,UNIT_SCADA,1,"2022/10/20 14:25:00",JLB03,0
D,DISPATCH,UNIT_SCADA,1,"2022/10/20 14:25:00",JUNEESF1,11.217920
D,DISPATCH,UNIT_SCADA,1,"2022/10/20 14:25:00",KABANWF1,0.2470
D,DISPATCH,UNIT_SCADA,1,"2022/10/20 14:25:00",KAREEYA1,0
D,DISPATCH,UNIT_SCADA,1,"2022/10/20 14:25:00",KAREEYA2,0
D,DISPATCH,UNIT_SCADA,1,"2022/10/20 14:25:00",KAREEYA3,4.9550
D,DISPATCH,UNIT_SCADA,1,"2022/10/20 14:25:00",KAREEYA4,0
D,DISPATCH,UNIT_SCADA,1,"2022/10/20 14:25:00",KARSF1,31
D,DISPATCH,UNIT_SCADA,1,"2022/10/20 14:25:00",KEPSF1,11.87
D,DISPATCH,UNIT_SCADA,1,"2022/10/20 14:25:00",KEPWF1,10.43
D,DISPATCH,UNIT_SCADA,1,"2022/10/20 14:25:00",KIAMSF1,17.536430
D,DISPATCH,UNIT_SCADA,1,"2022/10/20 14:25:00",KIATAWF1,17.20
D,DISPATCH,UNIT_SCADA,1,"2022/10/20 14:25:00",KPP_1,0
D,DISPATCH,UNIT_SCADA,1,"2022/10/20 14:25:00",KSP1,23.16
D,DISPATCH,UNIT_SCADA,1,"2022/10/20 14:25:00",LADBROK1,0.01
D,DISPATCH,UNIT_SCADA,1,"2022/10/20 14:25:00",LADBROK2,0.02
D,DISPATCH,UNIT_SCADA,1,"2022/10/20 14:25:00",LBBG1,0.15
D,DISPATCH,UNIT_SCADA,1,"2022/10/20 14:25:00",LBBL1,0
D,DISPATCH,UNIT_SCADA,1,"2022/10/20 14:25:00",LD01,285.122220
D,DISPATCH,UNIT_SCADA,1,"2022/10/20 14:25:00",LD02,10.400710
D,DISPATCH,UNIT_SCADA,1,"2022/10/20 14:25:00",LD04,283.1080
D,DISPATCH,UNIT_SCADA,1,"2022/10/20 14:25:00",LEM_WIL,78.947950
D,DISPATCH,UNIT_SCADA,1,"2022/10/20 14:25:00",LGAPWF1,49.54
D,DISPATCH,UNIT_SCADA,1,"2022/10/20 14:25:00",LGAPWF2,33.92
D,DISPATCH,UNIT_SCADA,1,"2022/10/20 14:25:00",LILYSF1,61.341690
D,DISPATCH,UNIT_SCADA,1,"2022/10/20 14:25:00",LIMOSF11,60.571750
D,DISPATCH,UNIT_SCADA,1,"2022/10/20 14:25:00",LIMOSF21,8.433390
D,DISPATCH,UNIT_SCADA,1,"2022/10/20 14:25:00",LI_WY_CA,62.097020
D,DISPATCH,UNIT_SCADA,1,"2022/10/20 14:25:00",LKBONNY1,0
D,DISPATCH,UNIT_SCADA,1,"2022/10/20 14:25:00",LKBONNY2,15.316560
D,DISPATCH,UNIT_SCADA,1,"2022/10/20 14:25:00",LKBONNY3,1.451370
D,DISPATCH,UNIT_SCADA,1,"2022/10/20 14:25:00",LK_ECHO,0
D,DISPATCH,UNIT_SCADA,1,"2022/10/20 14:25:00",LNGS1,0
D,DISPATCH,UNIT_SCADA,1,"2022/10/20 14:25:00",LNGS2,0
D,DISPATCH,UNIT_SCADA,1,"2022/10/20 14:25:00",LONSDALE,0
D,DISPATCH,UNIT_SCADA,1,"2022/10/20 14:25:00",LOYYB1,440.973420
D,DISPATCH,UNIT_SCADA,1,"2022/10/20 14:25:00",LOYYB2,444.732910
D,DISPATCH,UNIT_SCADA,1,"2022/10/20 14:25:00",LYA1,432
D,DISPATCH,UNIT_SCADA,1,"2022/10/20 14:25:00",LYA2,0
D,DISPATCH,UNIT_SCADA,1,"2022/10/20 14:25:00",LYA3,441
D,DISPATCH,UNIT_SCADA,1,"2022/10/20 14:25:00",LYA4,440
D,DISPATCH,UNIT_SCADA,1,"2022/10/20 14:25:00",MACARTH1,52.398790
D,DISPATCH,UNIT_SCADA,1,"2022/10/20 14:25:00",MACKNTSH,0
D,DISPATCH,UNIT_SCADA,1,"2022/10/20 14:25:00",MANSLR1,46.1630
D,DISPATCH,UNIT_SCADA,1,"2022/10/20 14:25:00",MAPS2PV1,0
D,DISPATCH,UNIT_SCADA,1,"2022/10/20 14:25:00",MAPS3PV1,0
D,DISPATCH,UNIT_SCADA,1,"2022/10/20 14:25:00",MARYRSF1,14.40
D,DISPATCH,UNIT_SCADA,1,"2022/10/20 14:25:00",MBPS2PV1,0
D,DISPATCH,UNIT_SCADA,1,"2022/10/20 14:25:00",MCKAY1,0.02
D,DISPATCH,UNIT_SCADA,1,"2022/10/20 14:25:00",MEADOWBK,5.944640
D,DISPATCH,UNIT_SCADA,1,"2022/10/20 14:25:00",MERCER01,29.50
D,DISPATCH,UNIT_SCADA,1,"2022/10/20 14:25:00",METZSF1,26.903520
D,DISPATCH,UNIT_SCADA,1,"2022/10/20 14:25:00",MEWF1,1.800130
D,DISPATCH,UNIT_SCADA,1,"2022/10/20 14:25:00",MIDDLSF1,7.50
D,DISPATCH,UNIT_SCADA,1,"2022/10/20 14:25:00",MINTARO,0.128180
D,DISPATCH,UNIT_SCADA,1,"2022/10/20 14:25:00",MOLNGSF1,10.716720
D,DISPATCH,UNIT_SCADA,1,"2022/10/20 14:25:00",MOORAWF1,42.47
D,DISPATCH,UNIT_SCADA,1,"2022/10/20 14:25:00",MOREESF1,43.8040
D,DISPATCH,UNIT_SCADA,1,"2022/10/20 14:25:00",MORTLK11,0
D,DISPATCH,UNIT_SCADA,1,"2022/10/20 14:25:00",MORTLK12,0
D,DISPATCH,UNIT_SCADA,1,"2022/10/20 14:25:00",MOUSF1,0
D,DISPATCH,UNIT_SCADA,1,"2022/10/20 14:25:00",MP1,0
D,DISPATCH,UNIT_SCADA,1,"2022/10/20 14:25:00",MP2,368.0354
D,DISPATCH,UNIT_SCADA,1,"2022/10/20 14:25:00",MPP_1,115.680760
D,DISPATCH,UNIT_SCADA,1,"2022/10/20 14:25:00",MPP_2,181.890850
D,DISPATCH,UNIT_SCADA,1,"2022/10/20 14:25:00",MRTLSWF1,0
D,DISPATCH,UNIT_SCADA,1,"2022/10/20 14:25:00",MSTUART1,0
D,DISPATCH,UNIT_SCADA,1,"2022/10/20 14:25:00",MSTUART2,0
D,DISPATCH,UNIT_SCADA,1,"2022/10/20 14:25:00",MSTUART3,0
D,DISPATCH,UNIT_SCADA,1,"2022/10/20 14:25:00",MTGELWF1,39.828180
D,DISPATCH,UNIT_SCADA,1,"2022/10/20 14:25:00",MTMILLAR,10
D,DISPATCH,UNIT_SCADA,1,"2022/10/20 14:25:00",MURRAY,0
D,DISPATCH,UNIT_SCADA,1,"2022/10/20 14:25:00",MUSSELR1,4.70
D,DISPATCH,UNIT_SCADA,1,"2022/10/20 14:25:00",MUWAWF1,29.22
D,DISPATCH,UNIT_SCADA,1,"2022/10/20 14:25:00",MUWAWF2,22.90
D,DISPATCH,UNIT_SCADA,1,"2022/10/20 14:25:00",MWPS1PV1,4.57
D,DISPATCH,UNIT_SCADA,1,"2022/10/20 14:25:00",MWPS2PV1,4.60
D,DISPATCH,UNIT_SCADA,1,"2022/10/20 14:25:00",MWPS3PV1,0.47
D,DISPATCH,UNIT_SCADA,1,"2022/10/20 14:25:00",MWPS4PV1,1.41
D,DISPATCH,UNIT_SCADA,1,"2022/10/20 14:25:00",NBHWF1,0
D,DISPATCH,UNIT_SCADA,1,"2022/10/20 14:25:00",NEVERSF1,3.52
D,DISPATCH,UNIT_SCADA,1,"2022/10/20 14:25:00",NPS,0
D,DISPATCH,UNIT_SCADA,1,"2022/10/20 14:25:00",NUMURSF1,64.81
D,DISPATCH,UNIT_SCADA,1,"2022/10/20 14:25:00",NYNGAN1,0
D,DISPATCH,UNIT_SCADA,1,"2022/10/20 14:25:00",OAKEY1,0
D,DISPATCH,UNIT_SCADA,1,"2022/10/20 14:25:00",OAKEY1SF,6.8170
D,DISPATCH,UNIT_SCADA,1,"2022/10/20 14:25:00",OAKEY2,0
D,DISPATCH,UNIT_SCADA,1,"2022/10/20 14:25:00",OAKEY2SF,14.21
D,DISPATCH,UNIT_SCADA,1,"2022/10/20 14:25:00",OAKLAND1,10.90
D,DISPATCH,UNIT_SCADA,1,"2022/10/20 14:25:00",OSB-AG,0
D,DISPATCH,UNIT_SCADA,1,"2022/10/20 14:25:00",PAREPS1,0
D,DISPATCH,UNIT_SCADA,1,"2022/10/20 14:25:00",PAREPW1,62.19
D,DISPATCH,UNIT_SCADA,1,"2022/10/20 14:25:00",PARSF1,30.299840
D,DISPATCH,UNIT_SCADA,1,"2022/10/20 14:25:00",POAT110,0
D,DISPATCH,UNIT_SCADA,1,"2022/10/20 14:25:00",POAT220,0
D,DISPATCH,UNIT_SCADA,1,"2022/10/20 14:25:00",POR01,0.008670
D,DISPATCH,UNIT_SCADA,1,"2022/10/20 14:25:00",POR03,0
D,DISPATCH,UNIT_SCADA,1,"2022/10/20 14:25:00",PPCCGT,40.002430
D,DISPATCH,UNIT_SCADA,1,"2022/10/20 14:25:00",PTSTAN1,0
D,DISPATCH,UNIT_SCADA,1,"2022/10/20 14:25:00",PUMP1,0
D,DISPATCH,UNIT_SCADA,1,"2022/10/20 14:25:00",PUMP2,0
D,DISPATCH,UNIT_SCADA,1,"2022/10/20 14:25:00",QBYNBG1,0
D,DISPATCH,UNIT_SCADA,1,"2022/10/20 14:25:00",QBYNBL1,1.287480
D,DISPATCH,UNIT_SCADA,1,"2022/10/20 14:25:00",QPS1,0
D,DISPATCH,UNIT_SCADA,1,"2022/10/20 14:25:00",QPS2,0
D,DISPATCH,UNIT_SCADA,1,"2022/10/20 14:25:00",QPS3,0
D,DISPATCH,UNIT_SCADA,1,"2022/10/20 14:25:00",QPS4,0
D,DISPATCH,UNIT_SCADA,1,"2022/10/20 14:25:00",QPS5,75.68
D,DISPATCH,UNIT_SCADA,1,"2022/10/20 14:25:00",REECE1,0
D,DISPATCH,UNIT_SCADA,1,"2022/10/20 14:25:00",REECE2,0
D,DISPATCH,UNIT_SCADA,1,"2022/10/20 14:25:00",ROMA_7,0
D,DISPATCH,UNIT_SCADA,1,"2022/10/20 14:25:00",ROMA_8,0
D,DISPATCH,UNIT_SCADA,1,"2022/10/20 14:25:00",RRSF1,61.423030
D,DISPATCH,UNIT_SCADA,1,"2022/10/20 14:25:00",RT_NSW1,0
D,DISPATCH,UNIT_SCADA,1,"2022/10/20 14:25:00",RT_NSW2,0
D,DISPATCH,UNIT_SCADA,1,"2022/10/20 14:25:00",RT_NSW3,0
D,DISPATCH,UNIT_SCADA,1,"2022/10/20 14:25:00",RT_NSW4,0
D,DISPATCH,UNIT_SCADA,1,"2022/10/20 14:25:00",RT_NSW5,0
D,DISPATCH,UNIT_SCADA,1,"2022/10/20 14:25:00",RT_NSW6,0
D,DISPATCH,UNIT_SCADA,1,"2022/10/20 14:25:00",RT_QLD1,0
D,DISPATCH,UNIT_SCADA,1,"2022/10/20 14:25:00",RT_SA1,0
D,DISPATCH,UNIT_SCADA,1,"2022/10/20 14:25:00",RT_SA2,0
D,DISPATCH,UNIT_SCADA,1,"2022/10/20 14:25:00",RT_SA3,0
D,DISPATCH,UNIT_SCADA,1,"2022/10/20 14:25:00",RT_SA4,0
D,DISPATCH,UNIT_SCADA,1,"2022/10/20 14:25:00",RT_SA5,0
D,DISPATCH,UNIT_SCADA,1,"2022/10/20 14:25:00",RT_SA6,0
D,DISPATCH,UNIT_SCADA,1,"2022/10/20 14:25:00",RT_TAS1,0
D,DISPATCH,UNIT_SCADA,1,"2022/10/20 14:25:00",RT_VIC1,0
D,DISPATCH,UNIT_SCADA,1,"2022/10/20 14:25:00",RT_VIC10,0
D,DISPATCH,UNIT_SCADA,1,"2022/10/20 14:25:00",RT_VIC11,0
D,DISPATCH,UNIT_SCADA,1,"2022/10/20 14:25:00",RT_VIC12,0
D,DISPATCH,UNIT_SCADA,1,"2022/10/20 14:25:00",RT_VIC2,0
D,DISPATCH,UNIT_SCADA,1,"2022/10/20 14:25:00",RT_VIC3,0
D,DISPATCH,UNIT_SCADA,1,"2022/10/20 14:25:00",RT_VIC4,0
D,DISPATCH,UNIT_SCADA,1,"2022/10/20 14:25:00",RT_VIC5,0
D,DISPATCH,UNIT_SCADA,1,"2022/10/20 14:25:00",RT_VIC6,0
D,DISPATCH,UNIT_SCADA,1,"2022/10/20 14:25:00",RT_VIC7,0
D,DISPATCH,UNIT_SCADA,1,"2022/10/20 14:25:00",RT_VIC8,0
D,DISPATCH,UNIT_SCADA,1,"2022/10/20 14:25:00",RT_VIC9,0
D,DISPATCH,UNIT_SCADA,1,"2022/10/20 14:25:00",RUGBYR1,0.031630
D,DISPATCH,UNIT_SCADA,1,"2022/10/20 14:25:00",SALTCRK1,18.20
D,DISPATCH,UNIT_SCADA,1,"2022/10/20 14:25:00",SAPHWF1,17.491420
D,DISPATCH,UNIT_SCADA,1,"2022/10/20 14:25:00",SEBSF1,0.104490
D,DISPATCH,UNIT_SCADA,1,"2022/10/20 14:25:00",SHGEN,0
D,DISPATCH,UNIT_SCADA,1,"2022/10/20 14:25:00",SHPUMP,0
D,DISPATCH,UNIT_SCADA,1,"2022/10/20 14:25:00",SITHE01,0.123710
D,DISPATCH,UNIT_SCADA,1,"2022/10/20 14:25:00",SMCSF1,112.8830
D,DISPATCH,UNIT_SCADA,1,"2022/10/20 14:25:00",SNAPPER1,0
D,DISPATCH,UNIT_SCADA,1,"2022/10/20 14:25:00",SNOWNTH1,21.20
D,DISPATCH,UNIT_SCADA,1,"2022/10/20 14:25:00",SNOWSTH1,14
D,DISPATCH,UNIT_SCADA,1,"2022/10/20 14:25:00",SNOWTWN1,17.779240
D,DISPATCH,UNIT_SCADA,1,"2022/10/20 14:25:00",SNOWYP,0
D,DISPATCH,UNIT_SCADA,1,"2022/10/20 14:25:00",SNUG1,0
D,DISPATCH,UNIT_SCADA,1,"2022/10/20 14:25:00",SRSF1,8.31
D,DISPATCH,UNIT_SCADA,1,"2022/10/20 14:25:00",STAN-1,343.465760
D,DISPATCH,UNIT_SCADA,1,"2022/10/20 14:25:00",STAN-2,362.897550
D,DISPATCH,UNIT_SCADA,1,"2022/10/20 14:25:00",STAN-3,157.928120
D,DISPATCH,UNIT_SCADA,1,"2022/10/20 14:25:00",STAN-4,364.461330
D,DISPATCH,UNIT_SCADA,1,"2022/10/20 14:25:00",STARHLWF,18.194690
D,DISPATCH,UNIT_SCADA,1,"2022/10/20 14:25:00",STOCKYD1,147.240010
D,DISPATCH,UNIT_SCADA,1,"2022/10/20 14:25:00",STWF1,0
D,DISPATCH,UNIT_SCADA,1,"2022/10/20 14:25:00",SUNRSF1,62.087430
D,DISPATCH,UNIT_SCADA,1,"2022/10/20 14:25:00",SUNTPSF1,22.631570
D,DISPATCH,UNIT_SCADA,1,"2022/10/20 14:25:00",SWAN_E,191.418140
D,DISPATCH,UNIT_SCADA,1,"2022/10/20 14:25:00",TALWA1,0
D,DISPATCH,UNIT_SCADA,1,"2022/10/20 14:25:00",TARALGA1,0
D,DISPATCH,UNIT_SCADA,1,"2022/10/20 14:25:00",TARONG#1,348.399990
D,DISPATCH,UNIT_SCADA,1,"2022/10/20 14:25:00",TARONG#2,347.200010
D,DISPATCH,UNIT_SCADA,1,"2022/10/20 14:25:00",TARONG#3,0.90
D,DISPATCH,UNIT_SCADA,1,"2022/10/20 14:25:00",TARONG#4,288.200010
D,DISPATCH,UNIT_SCADA,1,"2022/10/20 14:25:00",TARRALEA,54
D,DISPATCH,UNIT_SCADA,1,"2022/10/20 14:25:00",TBSF1,0.10
D,DISPATCH,UNIT_SCADA,1,"2022/10/20 14:25:00",TNPS1,323.1250
D,DISPATCH,UNIT_SCADA,1,"2022/10/20 14:25:00",TORRB1,0
D,DISPATCH,UNIT_SCADA,1,"2022/10/20 14:25:00",TORRB2,43
D,DISPATCH,UNIT_SCADA,1,"2022/10/20 14:25:00",TORRB3,0
D,DISPATCH,UNIT_SCADA,1,"2022/10/20 14:25:00",TORRB4,0
D,DISPATCH,UNIT_SCADA,1,"2022/10/20 14:25:00",TREVALLN,100.709840
D,DISPATCH,UNIT_SCADA,1,"2022/10/20 14:25:00",TRIBUTE,0
D,DISPATCH,UNIT_SCADA,1,"2022/10/20 14:25:00",TUMUT3,0
D,DISPATCH,UNIT_SCADA,1,"2022/10/20 14:25:00",TUNGATIN,3.700020
D,DISPATCH,UNIT_SCADA,1,"2022/10/20 14:25:00",TVCC201,0
D,DISPATCH,UNIT_SCADA,1,"2022/10/20 14:25:00",TVPP104,0
D,DISPATCH,UNIT_SCADA,1,"2022/10/20 14:25:00",UPPTUMUT,0
D,DISPATCH,UNIT_SCADA,1,"2022/10/20 14:25:00",URANQ11,0
D,DISPATCH,UNIT_SCADA,1,"2022/10/20 14:25:00",URANQ12,0
D,DISPATCH,UNIT_SCADA,1,"2022/10/20 14:25:00",URANQ13,0
D,DISPATCH,UNIT_SCADA,1,"2022/10/20 14:25:00",URANQ14,0
D,DISPATCH,UNIT_SCADA,1,"2022/10/20 14:25:00",VBBG1,0
D,DISPATCH,UNIT_SCADA,1,"2022/10/20 14:25:00",VBBL1,30.30
D,DISPATCH,UNIT_SCADA,1,"2022/10/20 14:25:00",VP5,505.264430
D,DISPATCH,UNIT_SCADA,1,"2022/10/20 14:25:00",VP6,502.114930
D,DISPATCH,UNIT_SCADA,1,"2022/10/20 14:25:00",VPGS1,0
D,DISPATCH,UNIT_SCADA,1,"2022/10/20 14:25:00",VPGS2,0
D,DISPATCH,UNIT_SCADA,1,"2022/10/20 14:25:00",VPGS3,0
D,DISPATCH,UNIT_SCADA,1,"2022/10/20 14:25:00",VPGS4,0
D,DISPATCH,UNIT_SCADA,1,"2022/10/20 14:25:00",VPGS5,0
D,DISPATCH,UNIT_SCADA,1,"2022/10/20 14:25:00",VPGS6,0
D,DISPATCH,UNIT_SCADA,1,"2022/10/20 14:25:00",W/HOE#1,0
D,DISPATCH,UNIT_SCADA,1,"2022/10/20 14:25:00",W/HOE#2,0
D,DISPATCH,UNIT_SCADA,1,"2022/10/20 14:25:00",WAGGNSF1,0
D,DISPATCH,UNIT_SCADA,1,"2022/10/20 14:25:00",WALGRVG1,0.030720
D,DISPATCH,UNIT_SCADA,1,"2022/10/20 14:25:00",WALGRVL1,0
D,DISPATCH,UNIT_SCADA,1,"2022/10/20 14:25:00",WANDBG1,0
D,DISPATCH,UNIT_SCADA,1,"2022/10/20 14:25:00",WANDBL1,0
D,DISPATCH,UNIT_SCADA,1,"2022/10/20 14:25:00",WARWSF1,3.98
D,DISPATCH,UNIT_SCADA,1,"2022/10/20 14:25:00",WARWSF2,3.61
D,DISPATCH,UNIT_SCADA,1,"2022/10/20 14:25:00",WATERLWF,2.30
D,DISPATCH,UNIT_SCADA,1,"2022/10/20 14:25:00",WDGPH1,90.018010
D,DISPATCH,UNIT_SCADA,1,"2022/10/20 14:25:00",WELLSF1,29.477380
D,DISPATCH,UNIT_SCADA,1,"2022/10/20 14:25:00",WEMENSF1,29.20
D,DISPATCH,UNIT_SCADA,1,"2022/10/20 14:25:00",WGWF1,5.70
D,DISPATCH,UNIT_SCADA,1,"2022/10/20 14:25:00",WHITSF1,12.90
D,DISPATCH,UNIT_SCADA,1,"2022/10/20 14:25:00",WINTSF1,34.37
D,DISPATCH,UNIT_SCADA,1,"2022/10/20 14:25:00",WKIEWA1,32.10
D,DISPATCH,UNIT_SCADA,1,"2022/10/20 14:25:00",WKIEWA2,14.20
D,DISPATCH,UNIT_SCADA,1,"2022/10/20 14:25:00",WOODLWN1,20.720530
D,DISPATCH,UNIT_SCADA,1,"2022/10/20 14:25:00",WOOLGSF1,12.250620
D,DISPATCH,UNIT_SCADA,1,"2022/10/20 14:25:00",WPWF,40.60
D,DISPATCH,UNIT_SCADA,1,"2022/10/20 14:25:00",WRSF1,6.429640
D,DISPATCH,UNIT_SCADA,1,"2022/10/20 14:25:00",WRWF1,0.380250
D,DISPATCH,UNIT_SCADA,1,"2022/10/20 14:25:00",WSTWYSF1,1.403840
D,DISPATCH,UNIT_SCADA,1,"2022/10/20 14:25:00",YABULU,0
D,DISPATCH,UNIT_SCADA,1,"2022/10/20 14:25:00",YABULU2,0
D,DISPATCH,UNIT_SCADA,1,"2022/10/20 14:25:00",YARANSF1,39.94
D,DISPATCH,UNIT_SCADA,1,"2022/10/20 14:25:00",YARWUN_1,161.06
D,DISPATCH,UNIT_SCADA,1,"2022/10/20 14:25:00",YATSF1,53.89
D,DISPATCH,UNIT_SCADA,1,"2022/10/20 14:25:00",YENDWF1,31.62
D,DISPATCH,UNIT_SCADA,1,"2022/10/20 14:25:00",YWPS1,290.724060
D,DISPATCH,UNIT_SCADA,1,"2022/10/20 14:25:00",YWPS2,275.936710
D,DISPATCH,UNIT_SCADA,1,"2022/10/20 14:25:00",YWPS3,297.005070
D,DISPATCH,UNIT_SCADA,1,"2022/10/20 14:25:00",YWPS4,0
C,"END OF REPORT",419
