C,NEMP.WORLD,DISPATCHSCADA,AEMO,PUBLIC,2022/10/20,06:45:10,0000000373235535,DISPATCHSCADA,0000000373235529
I,DISPATCH,UNIT_SCADA,1,SETTLEMENTDATE,DUID,SCADAVALUE
D,DISPATCH,UNIT_SCADA,1,"2022/10/20 06:50:00",BARCSF1,6.900001
D,DISPATCH,UNIT_SCADA,1,"2022/10/20 06:50:00",BUTLERSG,8.699999
D,DISPATCH,UNIT_SCADA,1,"2022/10/20 06:50:00",CAPTL_WF,41.352192
D,DISPATCH,UNIT_SCADA,1,"2022/10/20 06:50:00",CHALLHWF,14.60
D,DISPATCH,UNIT_SCADA,1,"2022/10/20 06:50:00",CLOVER,13.21
D,DISPATCH,UNIT_SCADA,1,"2022/10/20 06:50:00",CLUNY,6.228885
D,DISPATCH,UNIT_SCADA,1,"2022/10/20 06:50:00",CULLRGWF,-0.05
D,DISPATCH,UNIT_SCADA,1,"2022/10/20 06:50:00",DIAPURWF1,7.30
D,DISPATCH,UNIT_SCADA,1,"2022/10/20 06:50:00",ERGT01,0
D,DISPATCH,UNIT_SCADA,1,"2022/10/20 06:50:00",GB01,0
D,DISPATCH,UNIT_SCADA,1,"2022/10/20 06:50:00",GERMCRK,22.60
D,DISPATCH,UNIT_SCADA,1,"2022/10/20 06:50:00",GRIFSF1,1.499962
D,DISPATCH,UNIT_SCADA,1,"2022/10/20 06:50:00",HEZ1,0
D,DISPATCH,UNIT_SCADA,1,"2022/10/20 06:50:00",HUGSF1,0.2260
D,DISPATCH,UNIT_SCADA,1,"2022/10/20 06:50:00",KEPBG1,0.01
D,DISPATCH,UNIT_SCADA,1,"2022/10/20 06:50:00",LRSF1,4.7110
D,DISPATCH,UNIT_SCADA,1,"2022/10/20 06:50:00",MBAHNTH,47.774994
D,DISPATCH,UNIT_SCADA,1,"2022/10/20 06:50:00",MLSP1,2.526001
D,DISPATCH,UNIT_SCADA,1,"2022/10/20 06:50:00",MLWF1,2.94
D,DISPATCH,UNIT_SCADA,1,"2022/10/20 06:50:00",PALOONA,30.389999
D,DISPATCH,UNIT_SCADA,1,"2022/10/20 06:50:00",PIONEER,40.400002
D,DISPATCH,UNIT_SCADA,1,"2022/10/20 06:50:00",PORTWF,43.900002
D,DISPATCH,UNIT_SCADA,1,"2022/10/20 06:50:00",REPULSE,9.613794
D,DISPATCH,UNIT_SCADA,1,"2022/10/20 06:50:00",ROWALLAN,9.038301
D,DISPATCH,UNIT_SCADA,1,"2022/10/20 06:50:00",ROYALLA1,3.382003
D,DISPATCH,UNIT_SCADA,1,"2022/10/20 06:50:00",RPCG,-1.20
D,DISPATCH,UNIT_SCADA,1,"2022/10/20 06:50:00",RUBICON,0
D,DISPATCH,UNIT_SCADA,1,"2022/10/20 06:50:00",WAUBRAWF,69.925003
D,DISPATCH,UNIT_SCADA,1,"2022/10/20 06:50:00",WOOLNTH1,20.059999
D,DISPATCH,UNIT_SCADA,1,"2022/10/20 06:50:00",YAMBUKWF,6.30
D,DISPATCH,UNIT_SCADA,1,"2022/10/20 06:50:00",YSWF1,0.60
D,DISPATCH,UNIT_SCADA,1,"2022/10/20 06:50:00",ADPBA1G,0.0080
D,DISPATCH,UNIT_SCADA,1,"2022/10/20 06:50:00",ADPBA1L,0
D,DISPATCH,UNIT_SCADA,1,"2022/10/20 06:50:00",ADPPV1,1.8670
D,DISPATCH,UNIT_SCADA,1,"2022/10/20 06:50:00",AGLHAL,0
D,DISPATCH,UNIT_SCADA,1,"2022/10/20 06:50:00",AGLSOM,0
D,DISPATCH,UNIT_SCADA,1,"2022/10/20 06:50:00",ANGAST1,0
D,DISPATCH,UNIT_SCADA,1,"2022/10/20 06:50:00",ARWF1,4.40
D,DISPATCH,UNIT_SCADA,1,"2022/10/20 06:50:00",BALBG1,0
D,DISPATCH,UNIT_SCADA,1,"2022/10/20 06:50:00",BALBL1,0
D,DISPATCH,UNIT_SCADA,1,"2022/10/20 06:50:00",BALDHWF1,0
D,DISPATCH,UNIT_SCADA,1,"2022/10/20 06:50:00",BANGOWF1,49.099870
D,DISPATCH,UNIT_SCADA,1,"2022/10/20 06:50:00",BANGOWF2,41.897540
D,DISPATCH,UNIT_SCADA,1,"2022/10/20 06:50:00",BANN1,5.19
D,DISPATCH,UNIT_SCADA,1,"2022/10/20 06:50:00",BARCALDN,0
D,DISPATCH,UNIT_SCADA,1,"2022/10/20 06:50:00",BARKIPS1,0
D,DISPATCH,UNIT_SCADA,1,"2022/10/20 06:50:00",BARRON-1,28.04
D,DISPATCH,UNIT_SCADA,1,"2022/10/20 06:50:00",BARRON-2,0
D,DISPATCH,UNIT_SCADA,1,"2022/10/20 06:50:00",BASTYAN,52.71
D,DISPATCH,UNIT_SCADA,1,"2022/10/20 06:50:00",BBTHREE1,-1.08
D,DISPATCH,UNIT_SCADA,1,"2022/10/20 06:50:00",BBTHREE2,0
D,DISPATCH,UNIT_SCADA,1,"2022/10/20 06:50:00",BBTHREE3,0
D,DISPATCH,UNIT_SCADA,1,"2022/10/20 06:50:00",BDL01,0
D,DISPATCH,UNIT_SCADA,1,"2022/10/20 06:50:00",BDL02,0
D,DISPATCH,UNIT_SCADA,1,"2022/10/20 06:50:00",BERYLSF1,4.780450
D,DISPATCH,UNIT_SCADA,1,"2022/10/20 06:50:00",BLOWERNG,62.70
D,DISPATCH,UNIT_SCADA,1,"2022/10/20 06:50:00",BLUEGSF1,6.052610
D,DISPATCH,UNIT_SCADA,1,"2022/10/20 06:50:00",BLUFF1,13.90
D,DISPATCH,UNIT_SCADA,1,"2022/10/20 06:50:00",BNGSF1,3.92
D,DISPATCH,UNIT_SCADA,1,"2022/10/20 06:50:00",BNGSF2,4.12
D,DISPATCH,UNIT_SCADA,1,"2022/10/20 06:50:00",BOCORWF1,0
D,DISPATCH,UNIT_SCADA,1,"2022/10/20 06:50:00",BODWF1,106.208520
D,DISPATCH,UNIT_SCADA,1,"2022/10/20 06:50:00",BOMENSF1,17.961090
D,DISPATCH,UNIT_SCADA,1,"2022/10/20 06:50:00",BOWWBA1G,0
D,DISPATCH,UNIT_SCADA,1,"2022/10/20 06:50:00",BOWWBA1L,0.0060
D,DISPATCH,UNIT_SCADA,1,"2022/10/20 06:50:00",BOWWPV1,0
D,DISPATCH,UNIT_SCADA,1,"2022/10/20 06:50:00",BRAEMAR1,0
D,DISPATCH,UNIT_SCADA,1,"2022/10/20 06:50:00",BRAEMAR2,0
D,DISPATCH,UNIT_SCADA,1,"2022/10/20 06:50:00",BRAEMAR3,0
D,DISPATCH,UNIT_SCADA,1,"2022/10/20 06:50:00",BRAEMAR5,0.292060
D,DISPATCH,UNIT_SCADA,1,"2022/10/20 06:50:00",BRAEMAR6,0
D,DISPATCH,UNIT_SCADA,1,"2022/10/20 06:50:00",BRAEMAR7,0.130920
D,DISPATCH,UNIT_SCADA,1,"2022/10/20 06:50:00",BROKENH1,0.549990
D,DISPATCH,UNIT_SCADA,1,"2022/10/20 06:50:00",BRYB1WF1,100.852980
D,DISPATCH,UNIT_SCADA,1,"2022/10/20 06:50:00",BULBESG1,1.76
D,DISPATCH,UNIT_SCADA,1,"2022/10/20 06:50:00",BULBESL1,0
D,DISPATCH,UNIT_SCADA,1,"2022/10/20 06:50:00",BULGANA1,50.09
D,DISPATCH,UNIT_SCADA,1,"2022/10/20 06:50:00",BW01,660.056460
D,DISPATCH,UNIT_SCADA,1,"2022/10/20 06:50:00",BW02,619.284360
D,DISPATCH,UNIT_SCADA,1,"2022/10/20 06:50:00",BW03,549.874080
D,DISPATCH,UNIT_SCADA,1,"2022/10/20 06:50:00",BW04,0
D,DISPATCH,UNIT_SCADA,1,"2022/10/20 06:50:00",CALL_B_1,319.50
D,DISPATCH,UNIT_SCADA,1,"2022/10/20 06:50:00",CALL_B_2,321
D,DISPATCH,UNIT_SCADA,1,"2022/10/20 06:50:00",CATHROCK,3
D,DISPATCH,UNIT_SCADA,1,"2022/10/20 06:50:00",CBWWBA1G,0
D,DISPATCH,UNIT_SCADA,1,"2022/10/20 06:50:00",CBWWBA1L,0
D,DISPATCH,UNIT_SCADA,1,"2022/10/20 06:50:00",CETHANA,97.406130
D,DISPATCH,UNIT_SCADA,1,"2022/10/20 06:50:00",CG1,0
D,DISPATCH,UNIT_SCADA,1,"2022/10/20 06:50:00",CG2,0
D,DISPATCH,UNIT_SCADA,1,"2022/10/20 06:50:00",CG3,0
D,DISPATCH,UNIT_SCADA,1,"2022/10/20 06:50:00",CG4,0
D,DISPATCH,UNIT_SCADA,1,"2022/10/20 06:50:00",CHILDSF1,1.98
D,DISPATCH,UNIT_SCADA,1,"2022/10/20 06:50:00",CHYTWF1,5.88
D,DISPATCH,UNIT_SCADA,1,"2022/10/20 06:50:00",CLARESF1,0
D,DISPATCH,UNIT_SCADA,1,"2022/10/20 06:50:00",CLEMGPWF,5.474660
D,DISPATCH,UNIT_SCADA,1,"2022/10/20 06:50:00",CLERMSF1,0
D,DISPATCH,UNIT_SCADA,1,"2022/10/20 06:50:00",CNUNDAWF,16.519270
D,DISPATCH,UNIT_SCADA,1,"2022/10/20 06:50:00",COHUNSF1,1.54
D,DISPATCH,UNIT_SCADA,1,"2022/10/20 06:50:00",COLEASF1,8.703360
D,DISPATCH,UNIT_SCADA,1,"2022/10/20 06:50:00",COLUMSF1,6.0010
D,DISPATCH,UNIT_SCADA,1,"2022/10/20 06:50:00",COLWF01,98.330670
D,DISPATCH,UNIT_SCADA,1,"2022/10/20 06:50:00",COOPGWF1,365.269990
D,DISPATCH,UNIT_SCADA,1,"2022/10/20 06:50:00",CPP_3,360.524990
D,DISPATCH,UNIT_SCADA,1,"2022/10/20 06:50:00",CPP_4,0
D,DISPATCH,UNIT_SCADA,1,"2022/10/20 06:50:00",CPSA,0
D,DISPATCH,UNIT_SCADA,1,"2022/10/20 06:50:00",CROOKWF2,45.503010
D,DISPATCH,UNIT_SCADA,1,"2022/10/20 06:50:00",CROWLWF1,40.376320
D,DISPATCH,UNIT_SCADA,1,"2022/10/20 06:50:00",CRURWF1,86.898220
D,DISPATCH,UNIT_SCADA,1,"2022/10/20 06:50:00",CRWASF1,15.964670
D,DISPATCH,UNIT_SCADA,1,"2022/10/20 06:50:00",CSPVPS1,2.6840
D,DISPATCH,UNIT_SCADA,1,"2022/10/20 06:50:00",CTHLWF1,0.003050
D,DISPATCH,UNIT_SCADA,1,"2022/10/20 06:50:00",DALNTH01,0
D,DISPATCH,UNIT_SCADA,1,"2022/10/20 06:50:00",DALNTHL1,0.053410
D,DISPATCH,UNIT_SCADA,1,"2022/10/20 06:50:00",DARLSF1,26.957750
D,DISPATCH,UNIT_SCADA,1,"2022/10/20 06:50:00",DARTM1,0
D,DISPATCH,UNIT_SCADA,1,"2022/10/20 06:50:00",DAYDSF1,5.9780
D,DISPATCH,UNIT_SCADA,1,"2022/10/20 06:50:00",DDPS1,0
D,DISPATCH,UNIT_SCADA,1,"2022/10/20 06:50:00",DDSF1,5.084670
D,DISPATCH,UNIT_SCADA,1,"2022/10/20 06:50:00",DEVILS_G,60.106820
D,DISPATCH,UNIT_SCADA,1,"2022/10/20 06:50:00",DG_NSW1,0
D,DISPATCH,UNIT_SCADA,1,"2022/10/20 06:50:00",DG_QLD1,0
D,DISPATCH,UNIT_SCADA,1,"2022/10/20 06:50:00",DG_SA1,0
D,DISPATCH,UNIT_SCADA,1,"2022/10/20 06:50:00",DG_TAS1,0
D,DISPATCH,UNIT_SCADA,1,"2022/10/20 06:50:00",DG_VIC1,0
D,DISPATCH,UNIT_SCADA,1,"2022/10/20 06:50:00",DRYCGT1,0
D,DISPATCH,UNIT_SCADA,1,"2022/10/20 06:50:00",DRYCGT2,0
D,DISPATCH,UNIT_SCADA,1,"2022/10/20 06:50:00",DRYCGT3,0
D,DISPATCH,UNIT_SCADA,1,"2022/10/20 06:50:00",DUNDWF1,45.47
D,DISPATCH,UNIT_SCADA,1,"2022/10/20 06:50:00",DUNDWF2,15.03
D,DISPATCH,UNIT_SCADA,1,"2022/10/20 06:50:00",DUNDWF3,38.38
D,DISPATCH,UNIT_SCADA,1,"2022/10/20 06:50:00",EILDON1,59.92
D,DISPATCH,UNIT_SCADA,1,"2022/10/20 06:50:00",EILDON2,60.04
D,DISPATCH,UNIT_SCADA,1,"2022/10/20 06:50:00",ELAINWF1,22.80
D,DISPATCH,UNIT_SCADA,1,"2022/10/20 06:50:00",EMERASF1,0
D,DISPATCH,UNIT_SCADA,1,"2022/10/20 06:50:00",ER01,0
D,DISPATCH,UNIT_SCADA,1,"2022/10/20 06:50:00",ER02,664.206910
D,DISPATCH,UNIT_SCADA,1,"2022/10/20 06:50:00",ER03,665.354370
D,DISPATCH,UNIT_SCADA,1,"2022/10/20 06:50:00",ER04,669.968690
D,DISPATCH,UNIT_SCADA,1,"2022/10/20 06:50:00",FINLYSF1,68.601510
D,DISPATCH,UNIT_SCADA,1,"2022/10/20 06:50:00",FISHER,45.94
D,DISPATCH,UNIT_SCADA,1,"2022/10/20 06:50:00",GANGARR1,2.5340
D,DISPATCH,UNIT_SCADA,1,"2022/10/20 06:50:00",GANNBG1,15.491880
D,DISPATCH,UNIT_SCADA,1,"2022/10/20 06:50:00",GANNBL1,0
D,DISPATCH,UNIT_SCADA,1,"2022/10/20 06:50:00",GANNSF1,21.90
D,DISPATCH,UNIT_SCADA,1,"2022/10/20 06:50:00",GLRWNSF1,57
D,DISPATCH,UNIT_SCADA,1,"2022/10/20 06:50:00",GNNDHSF1,7.319070
D,DISPATCH,UNIT_SCADA,1,"2022/10/20 06:50:00",GOONSF1,4.393380
D,DISPATCH,UNIT_SCADA,1,"2022/10/20 06:50:00",GORDON,272.261170
D,DISPATCH,UNIT_SCADA,1,"2022/10/20 06:50:00",GRANWF1,13.60
D,DISPATCH,UNIT_SCADA,1,"2022/10/20 06:50:00",GSTONE1,201.95
D,DISPATCH,UNIT_SCADA,1,"2022/10/20 06:50:00",GSTONE2,0
D,DISPATCH,UNIT_SCADA,1,"2022/10/20 06:50:00",GSTONE3,199.849990
D,DISPATCH,UNIT_SCADA,1,"2022/10/20 06:50:00",GSTONE4,0
D,DISPATCH,UNIT_SCADA,1,"2022/10/20 06:50:00",GSTONE5,200.724990
D,DISPATCH,UNIT_SCADA,1,"2022/10/20 06:50:00",GSTONE6,201.774990
D,DISPATCH,UNIT_SCADA,1,"2022/10/20 06:50:00",GULLRSF1,0.2850
D,DISPATCH,UNIT_SCADA,1,"2022/10/20 06:50:00",GULLRWF1,76.853840
D,DISPATCH,UNIT_SCADA,1,"2022/10/20 06:50:00",GULLRWF2,100.580150
D,DISPATCH,UNIT_SCADA,1,"2022/10/20 06:50:00",GUNNING1,0
D,DISPATCH,UNIT_SCADA,1,"2022/10/20 06:50:00",GUTHEGA,67.70
D,DISPATCH,UNIT_SCADA,1,"2022/10/20 06:50:00",HALLWF1,75.50
D,DISPATCH,UNIT_SCADA,1,"2022/10/20 06:50:00",HALLWF2,52.91
D,DISPATCH,UNIT_SCADA,1,"2022/10/20 06:50:00",HAMISF1,2.70
D,DISPATCH,UNIT_SCADA,1,"2022/10/20 06:50:00",HAUGHT11,10.497020
D,DISPATCH,UNIT_SCADA,1,"2022/10/20 06:50:00",HAYMSF1,0
D,DISPATCH,UNIT_SCADA,1,"2022/10/20 06:50:00",HDWF1,23.80
D,DISPATCH,UNIT_SCADA,1,"2022/10/20 06:50:00",HDWF2,12.50
D,DISPATCH,UNIT_SCADA,1,"2022/10/20 06:50:00",HDWF3,12.40
D,DISPATCH,UNIT_SCADA,1,"2022/10/20 06:50:00",HILLSTN1,1.644290
D,DISPATCH,UNIT_SCADA,1,"2022/10/20 06:50:00",HPRG1,0.80
D,DISPATCH,UNIT_SCADA,1,"2022/10/20 06:50:00",HPRL1,0
D,DISPATCH,UNIT_SCADA,1,"2022/10/20 06:50:00",HUMENSW,54.902820
D,DISPATCH,UNIT_SCADA,1,"2022/10/20 06:50:00",HUMEV,0
D,DISPATCH,UNIT_SCADA,1,"2022/10/20 06:50:00",HVWWBA1G,0
D,DISPATCH,UNIT_SCADA,1,"2022/10/20 06:50:00",HVWWBA1L,0.0060
D,DISPATCH,UNIT_SCADA,1,"2022/10/20 06:50:00",HVWWPV1,0.9360
D,DISPATCH,UNIT_SCADA,1,"2022/10/20 06:50:00",JBUTTERS,0
D,DISPATCH,UNIT_SCADA,1,"2022/10/20 06:50:00",JEMALNG1,0.03
D,DISPATCH,UNIT_SCADA,1,"2022/10/20 06:50:00",JLA01,0
D,DISPATCH,UNIT_SCADA,1,"2022/10/20 06:50:00",JLA02,0
D,DISPATCH,UNIT_SCADA,1,"2022/10/20 06:50:00",JLA03,0
D,DISPATCH,UNIT_SCADA,1,"2022/10/20 06:50:00",JLA04,0
D,DISPATCH,UNIT_SCADA,1,"2022/10/20 06:50:00",JLB01,0
D,DISPATCH,UNIT_SCADA,1,"2022/10/20 06:50:00",JLB02,0.10
D,DISPATCH,UNIT_SCADA,1,"2022/10/20 06:50:00",JLB03,0
D,DISPATCH,UNIT_SCADA,1,"2022/10/20 06:50:00",JUNEESF1,3.972990
D,DISPATCH,UNIT_SCADA,1,"2022/10/20 06:50:00",KABANWF1,1.0060
D,DISPATCH,UNIT_SCADA,1,"2022/10/20 06:50:00",KAREEYA1,17.96
D,DISPATCH,UNIT_SCADA,1,"2022/10/20 06:50:00",KAREEYA2,0
D,DISPATCH,UNIT_SCADA,1,"2022/10/20 06:50:00",KAREEYA3,21.4775
D,DISPATCH,UNIT_SCADA,1,"2022/10/20 06:50:00",KAREEYA4,0
D,DISPATCH,UNIT_SCADA,1,"2022/10/20 06:50:00",KARSF1,13.80
D,DISPATCH,UNIT_SCADA,1,"2022/10/20 06:50:00",KEPSF1,0.62
D,DISPATCH,UNIT_SCADA,1,"2022/10/20 06:50:00",KEPWF1,0
D,DISPATCH,UNIT_SCADA,1,"2022/10/20 06:50:00",KIAMSF1,2.597850
D,DISPATCH,UNIT_SCADA,1,"2022/10/20 06:50:00",KIATAWF1,30.80
D,DISPATCH,UNIT_SCADA,1,"2022/10/20 06:50:00",KPP_1,0
D,DISPATCH,UNIT_SCADA,1,"2022/10/20 06:50:00",KSP1,4.14
D,DISPATCH,UNIT_SCADA,1,"2022/10/20 06:50:00",LADBROK1,0.02
D,DISPATCH,UNIT_SCADA,1,"2022/10/20 06:50:00",LADBROK2,38.23
D,DISPATCH,UNIT_SCADA,1,"2022/10/20 06:50:00",LBBG1,2.40
D,DISPATCH,UNIT_SCADA,1,"2022/10/20 06:50:00",LBBL1,0
D,DISPATCH,UNIT_SCADA,1,"2022/10/20 06:50:00",LD01,323.209320
D,DISPATCH,UNIT_SCADA,1,"2022/10/20 06:50:00",LD02,0
D,DISPATCH,UNIT_SCADA,1,"2022/10/20 06:50:00",LD04,327.292690
D,DISPATCH,UNIT_SCADA,1,"2022/10/20 06:50:00",LEM_WIL,86.792650
D,DISPATCH,UNIT_SCADA,1,"2022/10/20 06:50:00",LGAPWF1,86.21
D,DISPATCH,UNIT_SCADA,1,"2022/10/20 06:50:00",LGAPWF2,57.04
D,DISPATCH,UNIT_SCADA,1,"2022/10/20 06:50:00",LILYSF1,7.3728
D,DISPATCH,UNIT_SCADA,1,"2022/10/20 06:50:00",LIMOSF11,13.832460
D,DISPATCH,UNIT_SCADA,1,"2022/10/20 06:50:00",LIMOSF21,2.471870
D,DISPATCH,UNIT_SCADA,1,"2022/10/20 06:50:00",LI_WY_CA,77.000980
D,DISPATCH,UNIT_SCADA,1,"2022/10/20 06:50:00",LKBONNY1,0
D,DISPATCH,UNIT_SCADA,1,"2022/10/20 06:50:00",LKBONNY2,26.820290
D,DISPATCH,UNIT_SCADA,1,"2022/10/20 06:50:00",LKBONNY3,9.489750
D,DISPATCH,UNIT_SCADA,1,"2022/10/20 06:50:00",LK_ECHO,0
D,DISPATCH,UNIT_SCADA,1,"2022/10/20 06:50:00",LNGS1,0
D,DISPATCH,UNIT_SCADA,1,"2022/10/20 06:50:00",LNGS2,0
D,DISPATCH,UNIT_SCADA,1,"2022/10/20 06:50:00",LONSDALE,0
D,DISPATCH,UNIT_SCADA,1,"2022/10/20 06:50:00",LOYYB1,570.675960
D,DISPATCH,UNIT_SCADA,1,"2022/10/20 06:50:00",LOYYB2,576.315190
D,DISPATCH,UNIT_SCADA,1,"2022/10/20 06:50:00",LYA1,559
D,DISPATCH,UNIT_SCADA,1,"2022/10/20 06:50:00",LYA2,0
D,DISPATCH,UNIT_SCADA,1,"2022/10/20 06:50:00",LYA3,559
D,DISPATCH,UNIT_SCADA,1,"2022/10/20 06:50:00",LYA4,560
D,DISPATCH,UNIT_SCADA,1,"2022/10/20 06:50:00",MACARTH1,24.099440
D,DISPATCH,UNIT_SCADA,1,"2022/10/20 06:50:00",MACKNTSH,0
D,DISPATCH,UNIT_SCADA,1,"2022/10/20 06:50:00",MANSLR1,0
D,DISPATCH,UNIT_SCADA,1,"2022/10/20 06:50:00",MAPS2PV1,0
D,DISPATCH,UNIT_SCADA,1,"2022/10/20 06:50:00",MAPS3PV1,0
D,DISPATCH,UNIT_SCADA,1,"2022/10/20 06:50:00",MARYRSF1,2.16
D,DISPATCH,UNIT_SCADA,1,"2022/10/20 06:50:00",MBPS2PV1,0
D,DISPATCH,UNIT_SCADA,1,"2022/10/20 06:50:00",MCKAY1,240.2850
D,DISPATCH,UNIT_SCADA,1,"2022/10/20 06:50:00",MEADOWBK,19.8631
D,DISPATCH,UNIT_SCADA,1,"2022/10/20 06:50:00",MERCER01,18.40
D,DISPATCH,UNIT_SCADA,1,"2022/10/20 06:50:00",METZSF1,72.203360
D,DISPATCH,UNIT_SCADA,1,"2022/10/20 06:50:00",MEWF1,1
D,DISPATCH,UNIT_SCADA,1,"2022/10/20 06:50:00",MIDDLSF1,2.01
D,DISPATCH,UNIT_SCADA,1,"2022/10/20 06:50:00",MINTARO,0.128180
D,DISPATCH,UNIT_SCADA,1,"2022/10/20 06:50:00",MOLNGSF1,0.494390
D,DISPATCH,UNIT_SCADA,1,"2022/10/20 06:50:00",MOORAWF1,32.07
D,DISPATCH,UNIT_SCADA,1,"2022/10/20 06:50:00",MOREESF1,4.1540
D,DISPATCH,UNIT_SCADA,1,"2022/10/20 06:50:00",MORTLK11,0
D,DISPATCH,UNIT_SCADA,1,"2022/10/20 06:50:00",MORTLK12,0
D,DISPATCH,UNIT_SCADA,1,"2022/10/20 06:50:00",MOUSF1,0
D,DISPATCH,UNIT_SCADA,1,"2022/10/20 06:50:00",MP1,0
D,DISPATCH,UNIT_SCADA,1,"2022/10/20 06:50:00",MP2,552.632930
D,DISPATCH,UNIT_SCADA,1,"2022/10/20 06:50:00",MPP_1,167.699710
D,DISPATCH,UNIT_SCADA,1,"2022/10/20 06:50:00",MPP_2,0
D,DISPATCH,UNIT_SCADA,1,"2022/10/20 06:50:00",MRTLSWF1,0
D,DISPATCH,UNIT_SCADA,1,"2022/10/20 06:50:00",MSTUART1,0
D,DISPATCH,UNIT_SCADA,1,"2022/10/20 06:50:00",MSTUART2,0
D,DISPATCH,UNIT_SCADA,1,"2022/10/20 06:50:00",MSTUART3,0
D,DISPATCH,UNIT_SCADA,1,"2022/10/20 06:50:00",MTGELWF1,34.769740
D,DISPATCH,UNIT_SCADA,1,"2022/10/20 06:50:00",MTMILLAR,13.40
D,DISPATCH,UNIT_SCADA,1,"2022/10/20 06:50:00",MURRAY,53.70
D,DISPATCH,UNIT_SCADA,1,"2022/10/20 06:50:00",MUSSELR1,24.10
D,DISPATCH,UNIT_SCADA,1,"2022/10/20 06:50:00",MUWAWF1,175.899990
D,DISPATCH,UNIT_SCADA,1,"2022/10/20 06:50:00",MUWAWF2,168.100010
D,DISPATCH,UNIT_SCADA,1,"2022/10/20 06:50:00",MWPS1PV1,0.04
D,DISPATCH,UNIT_SCADA,1,"2022/10/20 06:50:00",MWPS2PV1,0.30
D,DISPATCH,UNIT_SCADA,1,"2022/10/20 06:50:00",MWPS3PV1,0
D,DISPATCH,UNIT_SCADA,1,"2022/10/20 06:50:00",MWPS4PV1,0.06
D,DISPATCH,UNIT_SCADA,1,"2022/10/20 06:50:00",NBHWF1,107.20
D,DISPATCH,UNIT_SCADA,1,"2022/10/20 06:50:00",NEVERSF1,2.62
D,DISPATCH,UNIT_SCADA,1,"2022/10/20 06:50:00",NPS,0
D,DISPATCH,UNIT_SCADA,1,"2022/10/20 06:50:00",NUMURSF1,59.52
D,DISPATCH,UNIT_SCADA,1,"2022/10/20 06:50:00",NYNGAN1,0
D,DISPATCH,UNIT_SCADA,1,"2022/10/20 06:50:00",OAKEY1,0
D,DISPATCH,UNIT_SCADA,1,"2022/10/20 06:50:00",OAKEY1SF,1.1260
D,DISPATCH,UNIT_SCADA,1,"2022/10/20 06:50:00",OAKEY2,0
D,DISPATCH,UNIT_SCADA,1,"2022/10/20 06:50:00",OAKEY2SF,2.12
D,DISPATCH,UNIT_SCADA,1,"2022/10/20 06:50:00",OAKLAND1,15.30
D,DISPATCH,UNIT_SCADA,1,"2022/10/20 06:50:00",OSB-AG,0
D,DISPATCH,UNIT_SCADA,1,"2022/10/20 06:50:00",PAREPS1,0.0660
D,DISPATCH,UNIT_SCADA,1,"2022/10/20 06:50:00",PAREPW1,84.07
D,DISPATCH,UNIT_SCADA,1,"2022/10/20 06:50:00",PARSF1,3.199820
D,DISPATCH,UNIT_SCADA,1,"2022/10/20 06:50:00",POAT110,0
D,DISPATCH,UNIT_SCADA,1,"2022/10/20 06:50:00",POAT220,0
D,DISPATCH,UNIT_SCADA,1,"2022/10/20 06:50:00",POR01,0
D,DISPATCH,UNIT_SCADA,1,"2022/10/20 06:50:00",POR03,0
D,DISPATCH,UNIT_SCADA,1,"2022/10/20 06:50:00",PPCCGT,172.881030
D,DISPATCH,UNIT_SCADA,1,"2022/10/20 06:50:00",PTSTAN1,0
D,DISPATCH,UNIT_SCADA,1,"2022/10/20 06:50:00",PUMP1,0
D,DISPATCH,UNIT_SCADA,1,"2022/10/20 06:50:00",PUMP2,0
D,DISPATCH,UNIT_SCADA,1,"2022/10/20 06:50:00",QBYNBG1,0
D,DISPATCH,UNIT_SCADA,1,"2022/10/20 06:50:00",QBYNBL1,0.0045
D,DISPATCH,UNIT_SCADA,1,"2022/10/20 06:50:00",QPS1,0
D,DISPATCH,UNIT_SCADA,1,"2022/10/20 06:50:00",QPS2,0
D,DISPATCH,UNIT_SCADA,1,"2022/10/20 06:50:00",QPS3,0
D,DISPATCH,UNIT_SCADA,1,"2022/10/20 06:50:00",QPS4,0
D,DISPATCH,UNIT_SCADA,1,"2022/10/20 06:50:00",QPS5,77.20
D,DISPATCH,UNIT_SCADA,1,"2022/10/20 06:50:00",REECE1,44.962550
D,DISPATCH,UNIT_SCADA,1,"2022/10/20 06:50:00",REECE2,44.95
D,DISPATCH,UNIT_SCADA,1,"2022/10/20 06:50:00",ROMA_7,0
D,DISPATCH,UNIT_SCADA,1,"2022/10/20 06:50:00",ROMA_8,0
D,DISPATCH,UNIT_SCADA,1,"2022/10/20 06:50:00",RRSF1,14.697050
D,DISPATCH,UNIT_SCADA,1,"2022/10/20 06:50:00",RT_NSW1,0
D,DISPATCH,UNIT_SCADA,1,"2022/10/20 06:50:00",RT_NSW2,0
D,DISPATCH,UNIT_SCADA,1,"2022/10/20 06:50:00",RT_NSW3,0
D,DISPATCH,UNIT_SCADA,1,"2022/10/20 06:50:00",RT_NSW4,0
D,DISPATCH,UNIT_SCADA,1,"2022/10/20 06:50:00",RT_NSW5,0
D,DISPATCH,UNIT_SCADA,1,"2022/10/20 06:50:00",RT_NSW6,0
D,DISPATCH,UNIT_SCADA,1,"2022/10/20 06:50:00",RT_QLD1,0
D,DISPATCH,UNIT_SCADA,1,"2022/10/20 06:50:00",RT_SA1,0
D,DISPATCH,UNIT_SCADA,1,"2022/10/20 06:50:00",RT_SA2,0
D,DISPATCH,UNIT_SCADA,1,"2022/10/20 06:50:00",RT_SA3,0
D,DISPATCH,UNIT_SCADA,1,"2022/10/20 06:50:00",RT_SA4,0
D,DISPATCH,UNIT_SCADA,1,"2022/10/20 06:50:00",RT_SA5,0
D,DISPATCH,UNIT_SCADA,1,"2022/10/20 06:50:00",RT_SA6,0
D,DISPATCH,UNIT_SCADA,1,"2022/10/20 06:50:00",RT_TAS1,0
D,DISPATCH,UNIT_SCADA,1,"2022/10/20 06:50:00",RT_VIC1,0
D,DISPATCH,UNIT_SCADA,1,"2022/10/20 06:50:00",RT_VIC10,0
D,DISPATCH,UNIT_SCADA,1,"2022/10/20 06:50:00",RT_VIC11,0
D,DISPATCH,UNIT_SCADA,1,"2022/10/20 06:50:00",RT_VIC12,0
D,DISPATCH,UNIT_SCADA,1,"2022/10/20 06:50:00",RT_VIC2,0
D,DISPATCH,UNIT_SCADA,1,"2022/10/20 06:50:00",RT_VIC3,0
D,DISPATCH,UNIT_SCADA,1,"2022/10/20 06:50:00",RT_VIC4,0
D,DISPATCH,UNIT_SCADA,1,"2022/10/20 06:50:00",RT_VIC5,0
D,DISPATCH,UNIT_SCADA,1,"2022/10/20 06:50:00",RT_VIC6,0
D,DISPATCH,UNIT_SCADA,1,"2022/10/20 06:50:00",RT_VIC7,0
D,DISPATCH,UNIT_SCADA,1,"2022/10/20 06:50:00",RT_VIC8,0
D,DISPATCH,UNIT_SCADA,1,"2022/10/20 06:50:00",RT_VIC9,0
D,DISPATCH,UNIT_SCADA,1,"2022/10/20 06:50:00",RUGBYR1,3.819780
D,DISPATCH,UNIT_SCADA,1,"2022/10/20 06:50:00",SALTCRK1,11.16
D,DISPATCH,UNIT_SCADA,1,"2022/10/20 06:50:00",SAPHWF1,147.067980
D,DISPATCH,UNIT_SCADA,1,"2022/10/20 06:50:00",SEBSF1,45.342690
D,DISPATCH,UNIT_SCADA,1,"2022/10/20 06:50:00",SHGEN,79.112530
D,DISPATCH,UNIT_SCADA,1,"2022/10/20 06:50:00",SHPUMP,0
D,DISPATCH,UNIT_SCADA,1,"2022/10/20 06:50:00",SITHE01,0.123710
D,DISPATCH,UNIT_SCADA,1,"2022/10/20 06:50:00",SMCSF1,16.5180
D,DISPATCH,UNIT_SCADA,1,"2022/10/20 06:50:00",SNAPPER1,0
D,DISPATCH,UNIT_SCADA,1,"2022/10/20 06:50:00",SNOWNTH1,139.50
D,DISPATCH,UNIT_SCADA,1,"2022/10/20 06:50:00",SNOWSTH1,121.70
D,DISPATCH,UNIT_SCADA,1,"2022/10/20 06:50:00",SNOWTWN1,71.634750
D,DISPATCH,UNIT_SCADA,1,"2022/10/20 06:50:00",SNOWYP,0
D,DISPATCH,UNIT_SCADA,1,"2022/10/20 06:50:00",SNUG1,0
D,DISPATCH,UNIT_SCADA,1,"2022/10/20 06:50:00",SRSF1,2.79
D,DISPATCH,UNIT_SCADA,1,"2022/10/20 06:50:00",STAN-1,282.299220
D,DISPATCH,UNIT_SCADA,1,"2022/10/20 06:50:00",STAN-2,364.345980
D,DISPATCH,UNIT_SCADA,1,"2022/10/20 06:50:00",STAN-3,192.074740
D,DISPATCH,UNIT_SCADA,1,"2022/10/20 06:50:00",STAN-4,366.858250
D,DISPATCH,UNIT_SCADA,1,"2022/10/20 06:50:00",STARHLWF,2.499270
D,DISPATCH,UNIT_SCADA,1,"2022/10/20 06:50:00",STOCKYD1,281.709990
D,DISPATCH,UNIT_SCADA,1,"2022/10/20 06:50:00",STWF1,31.943240
D,DISPATCH,UNIT_SCADA,1,"2022/10/20 06:50:00",SUNRSF1,15.156790
D,DISPATCH,UNIT_SCADA,1,"2022/10/20 06:50:00",SUNTPSF1,18.683760
D,DISPATCH,UNIT_SCADA,1,"2022/10/20 06:50:00",SWAN_E,245.448760
D,DISPATCH,UNIT_SCADA,1,"2022/10/20 06:50:00",TALWA1,0
D,DISPATCH,UNIT_SCADA,1,"2022/10/20 06:50:00",TARALGA1,0
D,DISPATCH,UNIT_SCADA,1,"2022/10/20 06:50:00",TARONG#1,348.899990
D,DISPATCH,UNIT_SCADA,1,"2022/10/20 06:50:00",TARONG#2,348.200010
D,DISPATCH,UNIT_SCADA,1,"2022/10/20 06:50:00",TARONG#3,0.90
D,DISPATCH,UNIT_SCADA,1,"2022/10/20 06:50:00",TARONG#4,294
D,DISPATCH,UNIT_SCADA,1,"2022/10/20 06:50:00",TARRALEA,54
D,DISPATCH,UNIT_SCADA,1,"2022/10/20 06:50:00",TBSF1,4
D,DISPATCH,UNIT_SCADA,1,"2022/10/20 06:50:00",TNPS1,442
D,DISPATCH,UNIT_SCADA,1,"2022/10/20 06:50:00",TORRB1,0
D,DISPATCH,UNIT_SCADA,1,"2022/10/20 06:50:00",TORRB2,40
D,DISPATCH,UNIT_SCADA,1,"2022/10/20 06:50:00",TORRB3,0
D,DISPATCH,UNIT_SCADA,1,"2022/10/20 06:50:00",TORRB4,0
D,DISPATCH,UNIT_SCADA,1,"2022/10/20 06:50:00",TREVALLN,98.792820
D,DISPATCH,UNIT_SCADA,1,"2022/10/20 06:50:00",TRIBUTE,0
D,DISPATCH,UNIT_SCADA,1,"2022/10/20 06:50:00",TUMUT3,0
D,DISPATCH,UNIT_SCADA,1,"2022/10/20 06:50:00",TUNGATIN,6.150020
D,DISPATCH,UNIT_SCADA,1,"2022/10/20 06:50:00",TVCC201,0
D,DISPATCH,UNIT_SCADA,1,"2022/10/20 06:50:00",TVPP104,57.865630
D,DISPATCH,UNIT_SCADA,1,"2022/10/20 06:50:00",UPPTUMUT,104.1562
D,DISPATCH,UNIT_SCADA,1,"2022/10/20 06:50:00",URANQ11,0
D,DISPATCH,UNIT_SCADA,1,"2022/10/20 06:50:00",URANQ12,0
D,DISPATCH,UNIT_SCADA,1,"2022/10/20 06:50:00",URANQ13,0
D,DISPATCH,UNIT_SCADA,1,"2022/10/20 06:50:00",URANQ14,0
D,DISPATCH,UNIT_SCADA,1,"2022/10/20 06:50:00",VBBG1,169.100010
D,DISPATCH,UNIT_SCADA,1,"2022/10/20 06:50:00",VBBL1,0
D,DISPATCH,UNIT_SCADA,1,"2022/10/20 06:50:00",VP5,597.869810
D,DISPATCH,UNIT_SCADA,1,"2022/10/20 06:50:00",VP6,598.553410
D,DISPATCH,UNIT_SCADA,1,"2022/10/20 06:50:00",VPGS1,0
D,DISPATCH,UNIT_SCADA,1,"2022/10/20 06:50:00",VPGS2,0
D,DISPATCH,UNIT_SCADA,1,"2022/10/20 06:50:00",VPGS3,0
D,DISPATCH,UNIT_SCADA,1,"2022/10/20 06:50:00",VPGS4,0
D,DISPATCH,UNIT_SCADA,1,"2022/10/20 06:50:00",VPGS5,0
D,DISPATCH,UNIT_SCADA,1,"2022/10/20 06:50:00",VPGS6,0
D,DISPATCH,UNIT_SCADA,1,"2022/10/20 06:50:00",W/HOE#1,0
D,DISPATCH,UNIT_SCADA,1,"2022/10/20 06:50:00",W/HOE#2,0
D,DISPATCH,UNIT_SCADA,1,"2022/10/20 06:50:00",WAGGNSF1,0
D,DISPATCH,UNIT_SCADA,1,"2022/10/20 06:50:00",WALGRVG1,3.3332
D,DISPATCH,UNIT_SCADA,1,"2022/10/20 06:50:00",WALGRVL1,0
D,DISPATCH,UNIT_SCADA,1,"2022/10/20 06:50:00",WANDBG1,-0.496680
D,DISPATCH,UNIT_SCADA,1,"2022/10/20 06:50:00",WANDBL1,0
D,DISPATCH,UNIT_SCADA,1,"2022/10/20 06:50:00",WARWSF1,1.72
D,DISPATCH,UNIT_SCADA,1,"2022/10/20 06:50:00",WARWSF2,1.61
D,DISPATCH,UNIT_SCADA,1,"2022/10/20 06:50:00",WATERLWF,66.90
D,DISPATCH,UNIT_SCADA,1,"2022/10/20 06:50:00",WDGPH1,6.8510
D,DISPATCH,UNIT_SCADA,1,"2022/10/20 06:50:00",WELLSF1,13.339440
D,DISPATCH,UNIT_SCADA,1,"2022/10/20 06:50:00",WEMENSF1,2.70
D,DISPATCH,UNIT_SCADA,1,"2022/10/20 06:50:00",WGWF1,107.70
D,DISPATCH,UNIT_SCADA,1,"2022/10/20 06:50:00",WHITSF1,3
D,DISPATCH,UNIT_SCADA,1,"2022/10/20 06:50:00",WINTSF1,31.28
D,DISPATCH,UNIT_SCADA,1,"2022/10/20 06:50:00",WKIEWA1,33.90
D,DISPATCH,UNIT_SCADA,1,"2022/10/20 06:50:00",WKIEWA2,34
D,DISPATCH,UNIT_SCADA,1,"2022/10/20 06:50:00",WOODLWN1,28.929640
D,DISPATCH,UNIT_SCADA,1,"2022/10/20 06:50:00",WOOLGSF1,5.311230
D,DISPATCH,UNIT_SCADA,1,"2022/10/20 06:50:00",WPWF,48.36
D,DISPATCH,UNIT_SCADA,1,"2022/10/20 06:50:00",WRSF1,1.080360
D,DISPATCH,UNIT_SCADA,1,"2022/10/20 06:50:00",WRWF1,41.398950
D,DISPATCH,UNIT_SCADA,1,"2022/10/20 06:50:00",WSTWYSF1,0
D,DISPATCH,UNIT_SCADA,1,"2022/10/20 06:50:00",YABULU,0
D,DISPATCH,UNIT_SCADA,1,"2022/10/20 06:50:00",YABULU2,0
D,DISPATCH,UNIT_SCADA,1,"2022/10/20 06:50:00",YARANSF1,7.26
D,DISPATCH,UNIT_SCADA,1,"2022/10/20 06:50:00",YARWUN_1,128.84
D,DISPATCH,UNIT_SCADA,1,"2022/10/20 06:50:00",YATSF1,6.63
D,DISPATCH,UNIT_SCADA,1,"2022/10/20 06:50:00",YENDWF1,28.90
D,DISPATCH,UNIT_SCADA,1,"2022/10/20 06:50:00",YWPS1,366.164550
D,DISPATCH,UNIT_SCADA,1,"2022/10/20 06:50:00",YWPS2,295.486080
D,DISPATCH,UNIT_SCADA,1,"2022/10/20 06:50:00",YWPS3,360.235440
D,DISPATCH,UNIT_SCADA,1,"2022/10/20 06:50:00",YWPS4,0
C,"END OF REPORT",419
