C,NEMP.WORLD,DISPATCHSCADA,AEMO,PUBLIC,2022/10/20,07:30:09,0000000373237741,DISPATCHSCADA,0000000373237735
I,DISPATCH,UNIT_SCADA,1,SETTLEMENTDATE,DUID,SCADAVALUE
D,DISPATCH,UNIT_SCADA,1,"2022/10/20 07:35:00",BARCSF1,10.80
D,DISPATCH,UNIT_SCADA,1,"2022/10/20 07:35:00",BUTLERSG,8.699999
D,DISPATCH,UNIT_SCADA,1,"2022/10/20 07:35:00",CAPTL_WF,54.196140
D,DISPATCH,UNIT_SCADA,1,"2022/10/20 07:35:00",CHALLHWF,13.70
D,DISPATCH,UNIT_SCADA,1,"2022/10/20 07:35:00",CLOVER,13.28
D,DISPATCH,UNIT_SCADA,1,"2022/10/20 07:35:00",CLUNY,6.228885
D,DISPATCH,UNIT_SCADA,1,"2022/10/20 07:35:00",CULLRGWF,-0.04
D,DISPATCH,UNIT_SCADA,1,"2022/10/20 07:35:00",DIAPURWF1,7.30
D,DISPATCH,UNIT_SCADA,1,"2022/10/20 07:35:00",ERGT01,0
D,DISPATCH,UNIT_SCADA,1,"2022/10/20 07:35:00",GB01,0
D,DISPATCH,UNIT_SCADA,1,"2022/10/20 07:35:00",GERMCRK,22.799999
D,DISPATCH,UNIT_SCADA,1,"2022/10/20 07:35:00",GRIFSF1,2.299535
D,DISPATCH,UNIT_SCADA,1,"2022/10/20 07:35:00",HEZ1,0
D,DISPATCH,UNIT_SCADA,1,"2022/10/20 07:35:00",HUGSF1,1.4630
D,DISPATCH,UNIT_SCADA,1,"2022/10/20 07:35:00",KEPBG1,0.01
D,DISPATCH,UNIT_SCADA,1,"2022/10/20 07:35:00",LRSF1,9.1990
D,DISPATCH,UNIT_SCADA,1,"2022/10/20 07:35:00",MBAHNTH,45.168747
D,DISPATCH,UNIT_SCADA,1,"2022/10/20 07:35:00",MLSP1,5.039001
D,DISPATCH,UNIT_SCADA,1,"2022/10/20 07:35:00",MLWF1,3.7050
D,DISPATCH,UNIT_SCADA,1,"2022/10/20 07:35:00",PALOONA,30.059999
D,DISPATCH,UNIT_SCADA,1,"2022/10/20 07:35:00",PIONEER,41
D,DISPATCH,UNIT_SCADA,1,"2022/10/20 07:35:00",PORTWF,53.50
D,DISPATCH,UNIT_SCADA,1,"2022/10/20 07:35:00",REPULSE,9.594262
D,DISPATCH,UNIT_SCADA,1,"2022/10/20 07:35:00",ROWALLAN,8.9815
D,DISPATCH,UNIT_SCADA,1,"2022/10/20 07:35:00",ROYALLA1,8.673003
D,DISPATCH,UNIT_SCADA,1,"2022/10/20 07:35:00",RPCG,-1.20
D,DISPATCH,UNIT_SCADA,1,"2022/10/20 07:35:00",RUBICON,0
D,DISPATCH,UNIT_SCADA,1,"2022/10/20 07:35:00",WAUBRAWF,57.983002
D,DISPATCH,UNIT_SCADA,1,"2022/10/20 07:35:00",WOOLNTH1,19.110001
D,DISPATCH,UNIT_SCADA,1,"2022/10/20 07:35:00",YAMBUKWF,7.40
D,DISPATCH,UNIT_SCADA,1,"2022/10/20 07:35:00",YSWF1,0.20
D,DISPATCH,UNIT_SCADA,1,"2022/10/20 07:35:00",ADPBA1G,0.0080
D,DISPATCH,UNIT_SCADA,1,"2022/10/20 07:35:00",ADPBA1L,0
D,DISPATCH,UNIT_SCADA,1,"2022/10/20 07:35:00",ADPPV1,6.0520
D,DISPATCH,UNIT_SCADA,1,"2022/10/20 07:35:00",AGLHAL,0
D,DISPATCH,UNIT_SCADA,1,"2022/10/20 07:35:00",AGLSOM,0
D,DISPATCH,UNIT_SCADA,1,"2022/10/20 07:35:00",ANGAST1,0
D,DISPATCH,UNIT_SCADA,1,"2022/10/20 07:35:00",ARWF1,17.60
D,DISPATCH,UNIT_SCADA,1,"2022/10/20 07:35:00",BALBG1,0.95
D,DISPATCH,UNIT_SCADA,1,"2022/10/20 07:35:00",BALBL1,0
D,DISPATCH,UNIT_SCADA,1,"2022/10/20 07:35:00",BALDHWF1,0.8060
D,DISPATCH,UNIT_SCADA,1,"2022/10/20 07:35:00",BANGOWF1,29.695280
D,DISPATCH,UNIT_SCADA,1,"2022/10/20 07:35:00",BANGOWF2,39.897540
D,DISPATCH,UNIT_SCADA,1,"2022/10/20 07:35:00",BANN1,6.10
D,DISPATCH,UNIT_SCADA,1,"2022/10/20 07:35:00",BARCALDN,0
D,DISPATCH,UNIT_SCADA,1,"2022/10/20 07:35:00",BARKIPS1,0
D,DISPATCH,UNIT_SCADA,1,"2022/10/20 07:35:00",BARRON-1,28.04
D,DISPATCH,UNIT_SCADA,1,"2022/10/20 07:35:00",BARRON-2,5.04
D,DISPATCH,UNIT_SCADA,1,"2022/10/20 07:35:00",BASTYAN,51.220010
D,DISPATCH,UNIT_SCADA,1,"2022/10/20 07:35:00",BBTHREE1,0
D,DISPATCH,UNIT_SCADA,1,"2022/10/20 07:35:00",BBTHREE2,0
D,DISPATCH,UNIT_SCADA,1,"2022/10/20 07:35:00",BBTHREE3,0
D,DISPATCH,UNIT_SCADA,1,"2022/10/20 07:35:00",BDL01,0
D,DISPATCH,UNIT_SCADA,1,"2022/10/20 07:35:00",BDL02,0
D,DISPATCH,UNIT_SCADA,1,"2022/10/20 07:35:00",BERYLSF1,9.811810
D,DISPATCH,UNIT_SCADA,1,"2022/10/20 07:35:00",BLOWERNG,62.60
D,DISPATCH,UNIT_SCADA,1,"2022/10/20 07:35:00",BLUEGSF1,10.271230
D,DISPATCH,UNIT_SCADA,1,"2022/10/20 07:35:00",BLUFF1,2
D,DISPATCH,UNIT_SCADA,1,"2022/10/20 07:35:00",BNGSF1,27.22
D,DISPATCH,UNIT_SCADA,1,"2022/10/20 07:35:00",BNGSF2,25.77
D,DISPATCH,UNIT_SCADA,1,"2022/10/20 07:35:00",BOCORWF1,0
D,DISPATCH,UNIT_SCADA,1,"2022/10/20 07:35:00",BODWF1,101.230820
D,DISPATCH,UNIT_SCADA,1,"2022/10/20 07:35:00",BOMENSF1,15.313340
D,DISPATCH,UNIT_SCADA,1,"2022/10/20 07:35:00",BOWWBA1G,0
D,DISPATCH,UNIT_SCADA,1,"2022/10/20 07:35:00",BOWWBA1L,0.0010
D,DISPATCH,UNIT_SCADA,1,"2022/10/20 07:35:00",BOWWPV1,0.0010
D,DISPATCH,UNIT_SCADA,1,"2022/10/20 07:35:00",BRAEMAR1,0
D,DISPATCH,UNIT_SCADA,1,"2022/10/20 07:35:00",BRAEMAR2,0
D,DISPATCH,UNIT_SCADA,1,"2022/10/20 07:35:00",BRAEMAR3,0
D,DISPATCH,UNIT_SCADA,1,"2022/10/20 07:35:00",BRAEMAR5,0.292060
D,DISPATCH,UNIT_SCADA,1,"2022/10/20 07:35:00",BRAEMAR6,0
D,DISPATCH,UNIT_SCADA,1,"2022/10/20 07:35:00",BRAEMAR7,0.130920
D,DISPATCH,UNIT_SCADA,1,"2022/10/20 07:35:00",BROKENH1,3.899940
D,DISPATCH,UNIT_SCADA,1,"2022/10/20 07:35:00",BRYB1WF1,126.445410
D,DISPATCH,UNIT_SCADA,1,"2022/10/20 07:35:00",BULBESG1,5.35
D,DISPATCH,UNIT_SCADA,1,"2022/10/20 07:35:00",BULBESL1,0
D,DISPATCH,UNIT_SCADA,1,"2022/10/20 07:35:00",BULGANA1,30.03
D,DISPATCH,UNIT_SCADA,1,"2022/10/20 07:35:00",BW01,658.420720
D,DISPATCH,UNIT_SCADA,1,"2022/10/20 07:35:00",BW02,617.672970
D,DISPATCH,UNIT_SCADA,1,"2022/10/20 07:35:00",BW03,548.360410
D,DISPATCH,UNIT_SCADA,1,"2022/10/20 07:35:00",BW04,0
D,DISPATCH,UNIT_SCADA,1,"2022/10/20 07:35:00",CALL_B_1,320.200010
D,DISPATCH,UNIT_SCADA,1,"2022/10/20 07:35:00",CALL_B_2,321.399990
D,DISPATCH,UNIT_SCADA,1,"2022/10/20 07:35:00",CATHROCK,1.50
D,DISPATCH,UNIT_SCADA,1,"2022/10/20 07:35:00",CBWWBA1G,0
D,DISPATCH,UNIT_SCADA,1,"2022/10/20 07:35:00",CBWWBA1L,0
D,DISPATCH,UNIT_SCADA,1,"2022/10/20 07:35:00",CETHANA,97.885120
D,DISPATCH,UNIT_SCADA,1,"2022/10/20 07:35:00",CG1,0
D,DISPATCH,UNIT_SCADA,1,"2022/10/20 07:35:00",CG2,0
D,DISPATCH,UNIT_SCADA,1,"2022/10/20 07:35:00",CG3,0
D,DISPATCH,UNIT_SCADA,1,"2022/10/20 07:35:00",CG4,0
D,DISPATCH,UNIT_SCADA,1,"2022/10/20 07:35:00",CHILDSF1,5.59
D,DISPATCH,UNIT_SCADA,1,"2022/10/20 07:35:00",CHYTWF1,0.56
D,DISPATCH,UNIT_SCADA,1,"2022/10/20 07:35:00",CLARESF1,15.921150
D,DISPATCH,UNIT_SCADA,1,"2022/10/20 07:35:00",CLEMGPWF,12.606120
D,DISPATCH,UNIT_SCADA,1,"2022/10/20 07:35:00",CLERMSF1,7.64
D,DISPATCH,UNIT_SCADA,1,"2022/10/20 07:35:00",CNUNDAWF,11.213080
D,DISPATCH,UNIT_SCADA,1,"2022/10/20 07:35:00",COHUNSF1,2.48
D,DISPATCH,UNIT_SCADA,1,"2022/10/20 07:35:00",COLEASF1,26.501490
D,DISPATCH,UNIT_SCADA,1,"2022/10/20 07:35:00",COLUMSF1,9.3450
D,DISPATCH,UNIT_SCADA,1,"2022/10/20 07:35:00",COLWF01,113.002220
D,DISPATCH,UNIT_SCADA,1,"2022/10/20 07:35:00",COOPGWF1,332.12
D,DISPATCH,UNIT_SCADA,1,"2022/10/20 07:35:00",CPP_3,361.6250
D,DISPATCH,UNIT_SCADA,1,"2022/10/20 07:35:00",CPP_4,0
D,DISPATCH,UNIT_SCADA,1,"2022/10/20 07:35:00",CPSA,0
D,DISPATCH,UNIT_SCADA,1,"2022/10/20 07:35:00",CROOKWF2,41.922640
D,DISPATCH,UNIT_SCADA,1,"2022/10/20 07:35:00",CROWLWF1,46.968830
D,DISPATCH,UNIT_SCADA,1,"2022/10/20 07:35:00",CRURWF1,72.998930
D,DISPATCH,UNIT_SCADA,1,"2022/10/20 07:35:00",CRWASF1,22.812670
D,DISPATCH,UNIT_SCADA,1,"2022/10/20 07:35:00",CSPVPS1,7.8940
D,DISPATCH,UNIT_SCADA,1,"2022/10/20 07:35:00",CTHLWF1,0.003050
D,DISPATCH,UNIT_SCADA,1,"2022/10/20 07:35:00",DALNTH01,0
D,DISPATCH,UNIT_SCADA,1,"2022/10/20 07:35:00",DALNTHL1,0.117490
D,DISPATCH,UNIT_SCADA,1,"2022/10/20 07:35:00",DARLSF1,73.935640
D,DISPATCH,UNIT_SCADA,1,"2022/10/20 07:35:00",DARTM1,0
D,DISPATCH,UNIT_SCADA,1,"2022/10/20 07:35:00",DAYDSF1,28.81
D,DISPATCH,UNIT_SCADA,1,"2022/10/20 07:35:00",DDPS1,0
D,DISPATCH,UNIT_SCADA,1,"2022/10/20 07:35:00",DDSF1,4.9897
D,DISPATCH,UNIT_SCADA,1,"2022/10/20 07:35:00",DEVILS_G,58.571130
D,DISPATCH,UNIT_SCADA,1,"2022/10/20 07:35:00",DG_NSW1,0
D,DISPATCH,UNIT_SCADA,1,"2022/10/20 07:35:00",DG_QLD1,0
D,DISPATCH,UNIT_SCADA,1,"2022/10/20 07:35:00",DG_SA1,0
D,DISPATCH,UNIT_SCADA,1,"2022/10/20 07:35:00",DG_TAS1,0
D,DISPATCH,UNIT_SCADA,1,"2022/10/20 07:35:00",DG_VIC1,0
D,DISPATCH,UNIT_SCADA,1,"2022/10/20 07:35:00",DRYCGT1,0
D,DISPATCH,UNIT_SCADA,1,"2022/10/20 07:35:00",DRYCGT2,0
D,DISPATCH,UNIT_SCADA,1,"2022/10/20 07:35:00",DRYCGT3,0
D,DISPATCH,UNIT_SCADA,1,"2022/10/20 07:35:00",DUNDWF1,63.97
D,DISPATCH,UNIT_SCADA,1,"2022/10/20 07:35:00",DUNDWF2,21.16
D,DISPATCH,UNIT_SCADA,1,"2022/10/20 07:35:00",DUNDWF3,60.28
D,DISPATCH,UNIT_SCADA,1,"2022/10/20 07:35:00",EILDON1,59.96
D,DISPATCH,UNIT_SCADA,1,"2022/10/20 07:35:00",EILDON2,60.04
D,DISPATCH,UNIT_SCADA,1,"2022/10/20 07:35:00",ELAINWF1,8.52
D,DISPATCH,UNIT_SCADA,1,"2022/10/20 07:35:00",EMERASF1,0
D,DISPATCH,UNIT_SCADA,1,"2022/10/20 07:35:00",ER01,0
D,DISPATCH,UNIT_SCADA,1,"2022/10/20 07:35:00",ER02,655.3689
D,DISPATCH,UNIT_SCADA,1,"2022/10/20 07:35:00",ER03,654.367920
D,DISPATCH,UNIT_SCADA,1,"2022/10/20 07:35:00",ER04,657.126710
D,DISPATCH,UNIT_SCADA,1,"2022/10/20 07:35:00",FINLYSF1,116.350040
D,DISPATCH,UNIT_SCADA,1,"2022/10/20 07:35:00",FISHER,45.78
D,DISPATCH,UNIT_SCADA,1,"2022/10/20 07:35:00",GANGARR1,12.4840
D,DISPATCH,UNIT_SCADA,1,"2022/10/20 07:35:00",GANNBG1,0
D,DISPATCH,UNIT_SCADA,1,"2022/10/20 07:35:00",GANNBL1,0.041110
D,DISPATCH,UNIT_SCADA,1,"2022/10/20 07:35:00",GANNSF1,27.90
D,DISPATCH,UNIT_SCADA,1,"2022/10/20 07:35:00",GLRWNSF1,103.92
D,DISPATCH,UNIT_SCADA,1,"2022/10/20 07:35:00",GNNDHSF1,10.723050
D,DISPATCH,UNIT_SCADA,1,"2022/10/20 07:35:00",GOONSF1,3.836730
D,DISPATCH,UNIT_SCADA,1,"2022/10/20 07:35:00",GORDON,240.797240
D,DISPATCH,UNIT_SCADA,1,"2022/10/20 07:35:00",GRANWF1,14.06
D,DISPATCH,UNIT_SCADA,1,"2022/10/20 07:35:00",GSTONE1,200.20
D,DISPATCH,UNIT_SCADA,1,"2022/10/20 07:35:00",GSTONE2,0
D,DISPATCH,UNIT_SCADA,1,"2022/10/20 07:35:00",GSTONE3,200.55
D,DISPATCH,UNIT_SCADA,1,"2022/10/20 07:35:00",GSTONE4,0
D,DISPATCH,UNIT_SCADA,1,"2022/10/20 07:35:00",GSTONE5,200.3750
D,DISPATCH,UNIT_SCADA,1,"2022/10/20 07:35:00",GSTONE6,200.55
D,DISPATCH,UNIT_SCADA,1,"2022/10/20 07:35:00",GULLRSF1,0.884990
D,DISPATCH,UNIT_SCADA,1,"2022/10/20 07:35:00",GULLRWF1,78.353810
D,DISPATCH,UNIT_SCADA,1,"2022/10/20 07:35:00",GULLRWF2,94.016560
D,DISPATCH,UNIT_SCADA,1,"2022/10/20 07:35:00",GUNNING1,0
D,DISPATCH,UNIT_SCADA,1,"2022/10/20 07:35:00",GUTHEGA,67.70
D,DISPATCH,UNIT_SCADA,1,"2022/10/20 07:35:00",HALLWF1,41.96
D,DISPATCH,UNIT_SCADA,1,"2022/10/20 07:35:00",HALLWF2,56.86
D,DISPATCH,UNIT_SCADA,1,"2022/10/20 07:35:00",HAMISF1,6.10
D,DISPATCH,UNIT_SCADA,1,"2022/10/20 07:35:00",HAUGHT11,34.725890
D,DISPATCH,UNIT_SCADA,1,"2022/10/20 07:35:00",HAYMSF1,7.3230
D,DISPATCH,UNIT_SCADA,1,"2022/10/20 07:35:00",HDWF1,34.70
D,DISPATCH,UNIT_SCADA,1,"2022/10/20 07:35:00",HDWF2,12.10
D,DISPATCH,UNIT_SCADA,1,"2022/10/20 07:35:00",HDWF3,16.90
D,DISPATCH,UNIT_SCADA,1,"2022/10/20 07:35:00",HILLSTN1,5.530880
D,DISPATCH,UNIT_SCADA,1,"2022/10/20 07:35:00",HPRG1,0
D,DISPATCH,UNIT_SCADA,1,"2022/10/20 07:35:00",HPRL1,0
D,DISPATCH,UNIT_SCADA,1,"2022/10/20 07:35:00",HUMENSW,54.521370
D,DISPATCH,UNIT_SCADA,1,"2022/10/20 07:35:00",HUMEV,0
D,DISPATCH,UNIT_SCADA,1,"2022/10/20 07:35:00",HVWWBA1G,0
D,DISPATCH,UNIT_SCADA,1,"2022/10/20 07:35:00",HVWWBA1L,0.0070
D,DISPATCH,UNIT_SCADA,1,"2022/10/20 07:35:00",HVWWPV1,3.3370
D,DISPATCH,UNIT_SCADA,1,"2022/10/20 07:35:00",JBUTTERS,0
D,DISPATCH,UNIT_SCADA,1,"2022/10/20 07:35:00",JEMALNG1,3.29
D,DISPATCH,UNIT_SCADA,1,"2022/10/20 07:35:00",JLA01,0
D,DISPATCH,UNIT_SCADA,1,"2022/10/20 07:35:00",JLA02,0
D,DISPATCH,UNIT_SCADA,1,"2022/10/20 07:35:00",JLA03,0
D,DISPATCH,UNIT_SCADA,1,"2022/10/20 07:35:00",JLA04,0
D,DISPATCH,UNIT_SCADA,1,"2022/10/20 07:35:00",JLB01,0
D,DISPATCH,UNIT_SCADA,1,"2022/10/20 07:35:00",JLB02,0.10
D,DISPATCH,UNIT_SCADA,1,"2022/10/20 07:35:00",JLB03,0
D,DISPATCH,UNIT_SCADA,1,"2022/10/20 07:35:00",JUNEESF1,6.290690
D,DISPATCH,UNIT_SCADA,1,"2022/10/20 07:35:00",KABANWF1,0.9890
D,DISPATCH,UNIT_SCADA,1,"2022/10/20 07:35:00",KAREEYA1,18.06
D,DISPATCH,UNIT_SCADA,1,"2022/10/20 07:35:00",KAREEYA2,0
D,DISPATCH,UNIT_SCADA,1,"2022/10/20 07:35:00",KAREEYA3,21.4525
D,DISPATCH,UNIT_SCADA,1,"2022/10/20 07:35:00",KAREEYA4,0
D,DISPATCH,UNIT_SCADA,1,"2022/10/20 07:35:00",KARSF1,17.30
D,DISPATCH,UNIT_SCADA,1,"2022/10/20 07:35:00",KEPSF1,1.26
D,DISPATCH,UNIT_SCADA,1,"2022/10/20 07:35:00",KEPWF1,0
D,DISPATCH,UNIT_SCADA,1,"2022/10/20 07:35:00",KIAMSF1,2.208740
D,DISPATCH,UNIT_SCADA,1,"2022/10/20 07:35:00",KIATAWF1,23.50
D,DISPATCH,UNIT_SCADA,1,"2022/10/20 07:35:00",KPP_1,0
D,DISPATCH,UNIT_SCADA,1,"2022/10/20 07:35:00",KSP1,42.16
D,DISPATCH,UNIT_SCADA,1,"2022/10/20 07:35:00",LADBROK1,0.01
D,DISPATCH,UNIT_SCADA,1,"2022/10/20 07:35:00",LADBROK2,38
D,DISPATCH,UNIT_SCADA,1,"2022/10/20 07:35:00",LBBG1,1.20
D,DISPATCH,UNIT_SCADA,1,"2022/10/20 07:35:00",LBBL1,0
D,DISPATCH,UNIT_SCADA,1,"2022/10/20 07:35:00",LD01,318.5217
D,DISPATCH,UNIT_SCADA,1,"2022/10/20 07:35:00",LD02,0
D,DISPATCH,UNIT_SCADA,1,"2022/10/20 07:35:00",LD04,317.789250
D,DISPATCH,UNIT_SCADA,1,"2022/10/20 07:35:00",LEM_WIL,86.895760
D,DISPATCH,UNIT_SCADA,1,"2022/10/20 07:35:00",LGAPWF1,82.39
D,DISPATCH,UNIT_SCADA,1,"2022/10/20 07:35:00",LGAPWF2,49.51
D,DISPATCH,UNIT_SCADA,1,"2022/10/20 07:35:00",LILYSF1,3.473410
D,DISPATCH,UNIT_SCADA,1,"2022/10/20 07:35:00",LIMOSF11,12.724650
D,DISPATCH,UNIT_SCADA,1,"2022/10/20 07:35:00",LIMOSF21,2.225830
D,DISPATCH,UNIT_SCADA,1,"2022/10/20 07:35:00",LI_WY_CA,76.998380
D,DISPATCH,UNIT_SCADA,1,"2022/10/20 07:35:00",LKBONNY1,0
D,DISPATCH,UNIT_SCADA,1,"2022/10/20 07:35:00",LKBONNY2,22.952140
D,DISPATCH,UNIT_SCADA,1,"2022/10/20 07:35:00",LKBONNY3,8.373310
D,DISPATCH,UNIT_SCADA,1,"2022/10/20 07:35:00",LK_ECHO,0
D,DISPATCH,UNIT_SCADA,1,"2022/10/20 07:35:00",LNGS1,0
D,DISPATCH,UNIT_SCADA,1,"2022/10/20 07:35:00",LNGS2,0
D,DISPATCH,UNIT_SCADA,1,"2022/10/20 07:35:00",LONSDALE,0
D,DISPATCH,UNIT_SCADA,1,"2022/10/20 07:35:00",LOYYB1,581.202510
D,DISPATCH,UNIT_SCADA,1,"2022/10/20 07:35:00",LOYYB2,576.315190
D,DISPATCH,UNIT_SCADA,1,"2022/10/20 07:35:00",LYA1,560
D,DISPATCH,UNIT_SCADA,1,"2022/10/20 07:35:00",LYA2,0
D,DISPATCH,UNIT_SCADA,1,"2022/10/20 07:35:00",LYA3,560
D,DISPATCH,UNIT_SCADA,1,"2022/10/20 07:35:00",LYA4,558
D,DISPATCH,UNIT_SCADA,1,"2022/10/20 07:35:00",MACARTH1,0
D,DISPATCH,UNIT_SCADA,1,"2022/10/20 07:35:00",MACKNTSH,0
D,DISPATCH,UNIT_SCADA,1,"2022/10/20 07:35:00",MANSLR1,0.5430
D,DISPATCH,UNIT_SCADA,1,"2022/10/20 07:35:00",MAPS2PV1,0
D,DISPATCH,UNIT_SCADA,1,"2022/10/20 07:35:00",MAPS3PV1,0
D,DISPATCH,UNIT_SCADA,1,"2022/10/20 07:35:00",MARYRSF1,15.91
D,DISPATCH,UNIT_SCADA,1,"2022/10/20 07:35:00",MBPS2PV1,0
D,DISPATCH,UNIT_SCADA,1,"2022/10/20 07:35:00",MCKAY1,185.144990
D,DISPATCH,UNIT_SCADA,1,"2022/10/20 07:35:00",MEADOWBK,19.748780
D,DISPATCH,UNIT_SCADA,1,"2022/10/20 07:35:00",MERCER01,16.90
D,DISPATCH,UNIT_SCADA,1,"2022/10/20 07:35:00",METZSF1,37.358550
D,DISPATCH,UNIT_SCADA,1,"2022/10/20 07:35:00",MEWF1,1.2745
D,DISPATCH,UNIT_SCADA,1,"2022/10/20 07:35:00",MIDDLSF1,5.78
D,DISPATCH,UNIT_SCADA,1,"2022/10/20 07:35:00",MINTARO,0.128180
D,DISPATCH,UNIT_SCADA,1,"2022/10/20 07:35:00",MOLNGSF1,0.555430
D,DISPATCH,UNIT_SCADA,1,"2022/10/20 07:35:00",MOORAWF1,16.76
D,DISPATCH,UNIT_SCADA,1,"2022/10/20 07:35:00",MOREESF1,2.0460
D,DISPATCH,UNIT_SCADA,1,"2022/10/20 07:35:00",MORTLK11,0
D,DISPATCH,UNIT_SCADA,1,"2022/10/20 07:35:00",MORTLK12,0
D,DISPATCH,UNIT_SCADA,1,"2022/10/20 07:35:00",MOUSF1,0
D,DISPATCH,UNIT_SCADA,1,"2022/10/20 07:35:00",MP1,0
D,DISPATCH,UNIT_SCADA,1,"2022/10/20 07:35:00",MP2,448.5542
D,DISPATCH,UNIT_SCADA,1,"2022/10/20 07:35:00",MPP_1,176.763730
D,DISPATCH,UNIT_SCADA,1,"2022/10/20 07:35:00",MPP_2,0
D,DISPATCH,UNIT_SCADA,1,"2022/10/20 07:35:00",MRTLSWF1,0
D,DISPATCH,UNIT_SCADA,1,"2022/10/20 07:35:00",MSTUART1,0
D,DISPATCH,UNIT_SCADA,1,"2022/10/20 07:35:00",MSTUART2,0
D,DISPATCH,UNIT_SCADA,1,"2022/10/20 07:35:00",MSTUART3,0
D,DISPATCH,UNIT_SCADA,1,"2022/10/20 07:35:00",MTGELWF1,45.249790
D,DISPATCH,UNIT_SCADA,1,"2022/10/20 07:35:00",MTMILLAR,10
D,DISPATCH,UNIT_SCADA,1,"2022/10/20 07:35:00",MURRAY,0
D,DISPATCH,UNIT_SCADA,1,"2022/10/20 07:35:00",MUSSELR1,35.30
D,DISPATCH,UNIT_SCADA,1,"2022/10/20 07:35:00",MUWAWF1,171.77
D,DISPATCH,UNIT_SCADA,1,"2022/10/20 07:35:00",MUWAWF2,151.80
D,DISPATCH,UNIT_SCADA,1,"2022/10/20 07:35:00",MWPS1PV1,0.07
D,DISPATCH,UNIT_SCADA,1,"2022/10/20 07:35:00",MWPS2PV1,0.31
D,DISPATCH,UNIT_SCADA,1,"2022/10/20 07:35:00",MWPS3PV1,0.17
D,DISPATCH,UNIT_SCADA,1,"2022/10/20 07:35:00",MWPS4PV1,0.36
D,DISPATCH,UNIT_SCADA,1,"2022/10/20 07:35:00",NBHWF1,87.60
D,DISPATCH,UNIT_SCADA,1,"2022/10/20 07:35:00",NEVERSF1,2.04
D,DISPATCH,UNIT_SCADA,1,"2022/10/20 07:35:00",NPS,0
D,DISPATCH,UNIT_SCADA,1,"2022/10/20 07:35:00",NUMURSF1,83.46
D,DISPATCH,UNIT_SCADA,1,"2022/10/20 07:35:00",NYNGAN1,3.75
D,DISPATCH,UNIT_SCADA,1,"2022/10/20 07:35:00",OAKEY1,0
D,DISPATCH,UNIT_SCADA,1,"2022/10/20 07:35:00",OAKEY1SF,2.07
D,DISPATCH,UNIT_SCADA,1,"2022/10/20 07:35:00",OAKEY2,0
D,DISPATCH,UNIT_SCADA,1,"2022/10/20 07:35:00",OAKEY2SF,3.14
D,DISPATCH,UNIT_SCADA,1,"2022/10/20 07:35:00",OAKLAND1,5.50
D,DISPATCH,UNIT_SCADA,1,"2022/10/20 07:35:00",OSB-AG,0
D,DISPATCH,UNIT_SCADA,1,"2022/10/20 07:35:00",PAREPS1,0.0660
D,DISPATCH,UNIT_SCADA,1,"2022/10/20 07:35:00",PAREPW1,86.88
D,DISPATCH,UNIT_SCADA,1,"2022/10/20 07:35:00",PARSF1,3.498890
D,DISPATCH,UNIT_SCADA,1,"2022/10/20 07:35:00",POAT110,0
D,DISPATCH,UNIT_SCADA,1,"2022/10/20 07:35:00",POAT220,0
D,DISPATCH,UNIT_SCADA,1,"2022/10/20 07:35:00",POR01,0
D,DISPATCH,UNIT_SCADA,1,"2022/10/20 07:35:00",POR03,0
D,DISPATCH,UNIT_SCADA,1,"2022/10/20 07:35:00",PPCCGT,173.552120
D,DISPATCH,UNIT_SCADA,1,"2022/10/20 07:35:00",PTSTAN1,0
D,DISPATCH,UNIT_SCADA,1,"2022/10/20 07:35:00",PUMP1,0
D,DISPATCH,UNIT_SCADA,1,"2022/10/20 07:35:00",PUMP2,0
D,DISPATCH,UNIT_SCADA,1,"2022/10/20 07:35:00",QBYNBG1,0.0115
D,DISPATCH,UNIT_SCADA,1,"2022/10/20 07:35:00",QBYNBL1,0
D,DISPATCH,UNIT_SCADA,1,"2022/10/20 07:35:00",QPS1,0
D,DISPATCH,UNIT_SCADA,1,"2022/10/20 07:35:00",QPS2,0
D,DISPATCH,UNIT_SCADA,1,"2022/10/20 07:35:00",QPS3,0
D,DISPATCH,UNIT_SCADA,1,"2022/10/20 07:35:00",QPS4,0
D,DISPATCH,UNIT_SCADA,1,"2022/10/20 07:35:00",QPS5,75.58
D,DISPATCH,UNIT_SCADA,1,"2022/10/20 07:35:00",REECE1,44.701070
D,DISPATCH,UNIT_SCADA,1,"2022/10/20 07:35:00",REECE2,34.57
D,DISPATCH,UNIT_SCADA,1,"2022/10/20 07:35:00",ROMA_7,0
D,DISPATCH,UNIT_SCADA,1,"2022/10/20 07:35:00",ROMA_8,0
D,DISPATCH,UNIT_SCADA,1,"2022/10/20 07:35:00",RRSF1,12.775130
D,DISPATCH,UNIT_SCADA,1,"2022/10/20 07:35:00",RT_NSW1,0
D,DISPATCH,UNIT_SCADA,1,"2022/10/20 07:35:00",RT_NSW2,0
D,DISPATCH,UNIT_SCADA,1,"2022/10/20 07:35:00",RT_NSW3,0
D,DISPATCH,UNIT_SCADA,1,"2022/10/20 07:35:00",RT_NSW4,0
D,DISPATCH,UNIT_SCADA,1,"2022/10/20 07:35:00",RT_NSW5,0
D,DISPATCH,UNIT_SCADA,1,"2022/10/20 07:35:00",RT_NSW6,0
D,DISPATCH,UNIT_SCADA,1,"2022/10/20 07:35:00",RT_QLD1,0
D,DISPATCH,UNIT_SCADA,1,"2022/10/20 07:35:00",RT_SA1,0
D,DISPATCH,UNIT_SCADA,1,"2022/10/20 07:35:00",RT_SA2,0
D,DISPATCH,UNIT_SCADA,1,"2022/10/20 07:35:00",RT_SA3,0
D,DISPATCH,UNIT_SCADA,1,"2022/10/20 07:35:00",RT_SA4,0
D,DISPATCH,UNIT_SCADA,1,"2022/10/20 07:35:00",RT_SA5,0
D,DISPATCH,UNIT_SCADA,1,"2022/10/20 07:35:00",RT_SA6,0
D,DISPATCH,UNIT_SCADA,1,"2022/10/20 07:35:00",RT_TAS1,0
D,DISPATCH,UNIT_SCADA,1,"2022/10/20 07:35:00",RT_VIC1,0
D,DISPATCH,UNIT_SCADA,1,"2022/10/20 07:35:00",RT_VIC10,0
D,DISPATCH,UNIT_SCADA,1,"2022/10/20 07:35:00",RT_VIC11,0
D,DISPATCH,UNIT_SCADA,1,"2022/10/20 07:35:00",RT_VIC12,0
D,DISPATCH,UNIT_SCADA,1,"2022/10/20 07:35:00",RT_VIC2,0
D,DISPATCH,UNIT_SCADA,1,"2022/10/20 07:35:00",RT_VIC3,0
D,DISPATCH,UNIT_SCADA,1,"2022/10/20 07:35:00",RT_VIC4,0
D,DISPATCH,UNIT_SCADA,1,"2022/10/20 07:35:00",RT_VIC5,0
D,DISPATCH,UNIT_SCADA,1,"2022/10/20 07:35:00",RT_VIC6,0
D,DISPATCH,UNIT_SCADA,1,"2022/10/20 07:35:00",RT_VIC7,0
D,DISPATCH,UNIT_SCADA,1,"2022/10/20 07:35:00",RT_VIC8,0
D,DISPATCH,UNIT_SCADA,1,"2022/10/20 07:35:00",RT_VIC9,0
D,DISPATCH,UNIT_SCADA,1,"2022/10/20 07:35:00",RUGBYR1,3.813760
D,DISPATCH,UNIT_SCADA,1,"2022/10/20 07:35:00",SALTCRK1,22
D,DISPATCH,UNIT_SCADA,1,"2022/10/20 07:35:00",SAPHWF1,98.498510
D,DISPATCH,UNIT_SCADA,1,"2022/10/20 07:35:00",SEBSF1,60.766980
D,DISPATCH,UNIT_SCADA,1,"2022/10/20 07:35:00",SHGEN,79.9305
D,DISPATCH,UNIT_SCADA,1,"2022/10/20 07:35:00",SHPUMP,0
D,DISPATCH,UNIT_SCADA,1,"2022/10/20 07:35:00",SITHE01,0.123710
D,DISPATCH,UNIT_SCADA,1,"2022/10/20 07:35:00",SMCSF1,19.7860
D,DISPATCH,UNIT_SCADA,1,"2022/10/20 07:35:00",SNAPPER1,0
D,DISPATCH,UNIT_SCADA,1,"2022/10/20 07:35:00",SNOWNTH1,139
D,DISPATCH,UNIT_SCADA,1,"2022/10/20 07:35:00",SNOWSTH1,119.100010
D,DISPATCH,UNIT_SCADA,1,"2022/10/20 07:35:00",SNOWTWN1,63.949960
D,DISPATCH,UNIT_SCADA,1,"2022/10/20 07:35:00",SNOWYP,0
D,DISPATCH,UNIT_SCADA,1,"2022/10/20 07:35:00",SNUG1,0
D,DISPATCH,UNIT_SCADA,1,"2022/10/20 07:35:00",SRSF1,2.54
D,DISPATCH,UNIT_SCADA,1,"2022/10/20 07:35:00",STAN-1,278.774320
D,DISPATCH,UNIT_SCADA,1,"2022/10/20 07:35:00",STAN-2,364.743320
D,DISPATCH,UNIT_SCADA,1,"2022/10/20 07:35:00",STAN-3,150.609150
D,DISPATCH,UNIT_SCADA,1,"2022/10/20 07:35:00",STAN-4,365.435490
D,DISPATCH,UNIT_SCADA,1,"2022/10/20 07:35:00",STARHLWF,3.199070
D,DISPATCH,UNIT_SCADA,1,"2022/10/20 07:35:00",STOCKYD1,192.740010
D,DISPATCH,UNIT_SCADA,1,"2022/10/20 07:35:00",STWF1,25.900660
D,DISPATCH,UNIT_SCADA,1,"2022/10/20 07:35:00",SUNRSF1,5.809110
D,DISPATCH,UNIT_SCADA,1,"2022/10/20 07:35:00",SUNTPSF1,27.912410
D,DISPATCH,UNIT_SCADA,1,"2022/10/20 07:35:00",SWAN_E,247.641880
D,DISPATCH,UNIT_SCADA,1,"2022/10/20 07:35:00",TALWA1,0
D,DISPATCH,UNIT_SCADA,1,"2022/10/20 07:35:00",TARALGA1,0
D,DISPATCH,UNIT_SCADA,1,"2022/10/20 07:35:00",TARONG#1,350.100010
D,DISPATCH,UNIT_SCADA,1,"2022/10/20 07:35:00",TARONG#2,349.399990
D,DISPATCH,UNIT_SCADA,1,"2022/10/20 07:35:00",TARONG#3,0.90
D,DISPATCH,UNIT_SCADA,1,"2022/10/20 07:35:00",TARONG#4,295.50
D,DISPATCH,UNIT_SCADA,1,"2022/10/20 07:35:00",TARRALEA,53.90
D,DISPATCH,UNIT_SCADA,1,"2022/10/20 07:35:00",TBSF1,13.50
D,DISPATCH,UNIT_SCADA,1,"2022/10/20 07:35:00",TNPS1,441.25
D,DISPATCH,UNIT_SCADA,1,"2022/10/20 07:35:00",TORRB1,0
D,DISPATCH,UNIT_SCADA,1,"2022/10/20 07:35:00",TORRB2,41
D,DISPATCH,UNIT_SCADA,1,"2022/10/20 07:35:00",TORRB3,0
D,DISPATCH,UNIT_SCADA,1,"2022/10/20 07:35:00",TORRB4,0
D,DISPATCH,UNIT_SCADA,1,"2022/10/20 07:35:00",TREVALLN,98.2506
D,DISPATCH,UNIT_SCADA,1,"2022/10/20 07:35:00",TRIBUTE,0
D,DISPATCH,UNIT_SCADA,1,"2022/10/20 07:35:00",TUMUT3,0
D,DISPATCH,UNIT_SCADA,1,"2022/10/20 07:35:00",TUNGATIN,3.700020
D,DISPATCH,UNIT_SCADA,1,"2022/10/20 07:35:00",TVCC201,0
D,DISPATCH,UNIT_SCADA,1,"2022/10/20 07:35:00",TVPP104,57.982850
D,DISPATCH,UNIT_SCADA,1,"2022/10/20 07:35:00",UPPTUMUT,40.0518
D,DISPATCH,UNIT_SCADA,1,"2022/10/20 07:35:00",URANQ11,0
D,DISPATCH,UNIT_SCADA,1,"2022/10/20 07:35:00",URANQ12,0
D,DISPATCH,UNIT_SCADA,1,"2022/10/20 07:35:00",URANQ13,0
D,DISPATCH,UNIT_SCADA,1,"2022/10/20 07:35:00",URANQ14,0
D,DISPATCH,UNIT_SCADA,1,"2022/10/20 07:35:00",VBBG1,1.40
D,DISPATCH,UNIT_SCADA,1,"2022/10/20 07:35:00",VBBL1,0
D,DISPATCH,UNIT_SCADA,1,"2022/10/20 07:35:00",VP5,537.125790
D,DISPATCH,UNIT_SCADA,1,"2022/10/20 07:35:00",VP6,538.0047
D,DISPATCH,UNIT_SCADA,1,"2022/10/20 07:35:00",VPGS1,0
D,DISPATCH,UNIT_SCADA,1,"2022/10/20 07:35:00",VPGS2,0
D,DISPATCH,UNIT_SCADA,1,"2022/10/20 07:35:00",VPGS3,0
D,DISPATCH,UNIT_SCADA,1,"2022/10/20 07:35:00",VPGS4,0
D,DISPATCH,UNIT_SCADA,1,"2022/10/20 07:35:00",VPGS5,0
D,DISPATCH,UNIT_SCADA,1,"2022/10/20 07:35:00",VPGS6,0
D,DISPATCH,UNIT_SCADA,1,"2022/10/20 07:35:00",W/HOE#1,0
D,DISPATCH,UNIT_SCADA,1,"2022/10/20 07:35:00",W/HOE#2,160.16
D,DISPATCH,UNIT_SCADA,1,"2022/10/20 07:35:00",WAGGNSF1,0
D,DISPATCH,UNIT_SCADA,1,"2022/10/20 07:35:00",WALGRVG1,1.842050
D,DISPATCH,UNIT_SCADA,1,"2022/10/20 07:35:00",WALGRVL1,0
D,DISPATCH,UNIT_SCADA,1,"2022/10/20 07:35:00",WANDBG1,0.049140
D,DISPATCH,UNIT_SCADA,1,"2022/10/20 07:35:00",WANDBL1,0
D,DISPATCH,UNIT_SCADA,1,"2022/10/20 07:35:00",WARWSF1,14.78
D,DISPATCH,UNIT_SCADA,1,"2022/10/20 07:35:00",WARWSF2,12.22
D,DISPATCH,UNIT_SCADA,1,"2022/10/20 07:35:00",WATERLWF,57.50
D,DISPATCH,UNIT_SCADA,1,"2022/10/20 07:35:00",WDGPH1,2.9470
D,DISPATCH,UNIT_SCADA,1,"2022/10/20 07:35:00",WELLSF1,17.581450
D,DISPATCH,UNIT_SCADA,1,"2022/10/20 07:35:00",WEMENSF1,10.30
D,DISPATCH,UNIT_SCADA,1,"2022/10/20 07:35:00",WGWF1,117.60
D,DISPATCH,UNIT_SCADA,1,"2022/10/20 07:35:00",WHITSF1,7.80
D,DISPATCH,UNIT_SCADA,1,"2022/10/20 07:35:00",WINTSF1,65.55
D,DISPATCH,UNIT_SCADA,1,"2022/10/20 07:35:00",WKIEWA1,34
D,DISPATCH,UNIT_SCADA,1,"2022/10/20 07:35:00",WKIEWA2,34
D,DISPATCH,UNIT_SCADA,1,"2022/10/20 07:35:00",WOODLWN1,25.958890
D,DISPATCH,UNIT_SCADA,1,"2022/10/20 07:35:00",WOOLGSF1,9.2969
D,DISPATCH,UNIT_SCADA,1,"2022/10/20 07:35:00",WPWF,39.62
D,DISPATCH,UNIT_SCADA,1,"2022/10/20 07:35:00",WRSF1,1.579640
D,DISPATCH,UNIT_SCADA,1,"2022/10/20 07:35:00",WRWF1,26.576940
D,DISPATCH,UNIT_SCADA,1,"2022/10/20 07:35:00",WSTWYSF1,0
D,DISPATCH,UNIT_SCADA,1,"2022/10/20 07:35:00",YABULU,0
D,DISPATCH,UNIT_SCADA,1,"2022/10/20 07:35:00",YABULU2,0
D,DISPATCH,UNIT_SCADA,1,"2022/10/20 07:35:00",YARANSF1,87.47
D,DISPATCH,UNIT_SCADA,1,"2022/10/20 07:35:00",YARWUN_1,129.649990
D,DISPATCH,UNIT_SCADA,1,"2022/10/20 07:35:00",YATSF1,17.12
D,DISPATCH,UNIT_SCADA,1,"2022/10/20 07:35:00",YENDWF1,17.26
D,DISPATCH,UNIT_SCADA,1,"2022/10/20 07:35:00",YWPS1,363.908870
D,DISPATCH,UNIT_SCADA,1,"2022/10/20 07:35:00",YWPS2,287.9671
D,DISPATCH,UNIT_SCADA,1,"2022/10/20 07:35:00",YWPS3,359.388610
D,DISPATCH,UNIT_SCADA,1,"2022/10/20 07:35:00",YWPS4,0
C,"END OF REPORT",419
