C,NEMP.WORLD,DISPATCHSCADA,AEMO,PUBLIC,2022/10/20,05:35:10,0000000373232353,DISPATCHSCADA,0000000373232347
I,DISPATCH,UNIT_SCADA,1,SETTLEMENTDATE,DUID,SCADAVALUE
D,DISPATCH,UNIT_SCADA,1,"2022/10/20 05:40:00",BARCSF1,0.10
D,DISPATCH,UNIT_SCADA,1,"2022/10/20 05:40:00",BUTLERSG,8.699999
D,DISPATCH,UNIT_SCADA,1,"2022/10/20 05:40:00",CAPTL_WF,16.187748
D,DISPATCH,UNIT_SCADA,1,"2022/10/20 05:40:00",CHALLHWF,22.700001
D,DISPATCH,UNIT_SCADA,1,"2022/10/20 05:40:00",CLOVER,13.12
D,DISPATCH,UNIT_SCADA,1,"2022/10/20 05:40:00",CLUNY,6.219730
D,DISPATCH,UNIT_SCADA,1,"2022/10/20 05:40:00",CULLRGWF,-0.04
D,DISPATCH,UNIT_SCADA,1,"2022/10/20 05:40:00",DIAPURWF1,7.30
D,DISPATCH,UNIT_SCADA,1,"2022/10/20 05:40:00",ERGT01,0
D,DISPATCH,UNIT_SCADA,1,"2022/10/20 05:40:00",GB01,0
D,DISPATCH,UNIT_SCADA,1,"2022/10/20 05:40:00",GERMCRK,22.700001
D,DISPATCH,UNIT_SCADA,1,"2022/10/20 05:40:00",GRIFSF1,0.001526
D,DISPATCH,UNIT_SCADA,1,"2022/10/20 05:40:00",HEZ1,0
D,DISPATCH,UNIT_SCADA,1,"2022/10/20 05:40:00",HUGSF1,-0.1740
D,DISPATCH,UNIT_SCADA,1,"2022/10/20 05:40:00",KEPBG1,0.01
D,DISPATCH,UNIT_SCADA,1,"2022/10/20 05:40:00",LRSF1,0.0240
D,DISPATCH,UNIT_SCADA,1,"2022/10/20 05:40:00",MBAHNTH,47.850006
D,DISPATCH,UNIT_SCADA,1,"2022/10/20 05:40:00",MLSP1,0.209001
D,DISPATCH,UNIT_SCADA,1,"2022/10/20 05:40:00",MLWF1,4.5750
D,DISPATCH,UNIT_SCADA,1,"2022/10/20 05:40:00",PALOONA,30.209999
D,DISPATCH,UNIT_SCADA,1,"2022/10/20 05:40:00",PIONEER,43
D,DISPATCH,UNIT_SCADA,1,"2022/10/20 05:40:00",PORTWF,40.599998
D,DISPATCH,UNIT_SCADA,1,"2022/10/20 05:40:00",REPULSE,9.645533
D,DISPATCH,UNIT_SCADA,1,"2022/10/20 05:40:00",ROWALLAN,8.9034
D,DISPATCH,UNIT_SCADA,1,"2022/10/20 05:40:00",ROYALLA1,0
D,DISPATCH,UNIT_SCADA,1,"2022/10/20 05:40:00",RPCG,-1.20
D,DISPATCH,UNIT_SCADA,1,"2022/10/20 05:40:00",RUBICON,0
D,DISPATCH,UNIT_SCADA,1,"2022/10/20 05:40:00",WAUBRAWF,88.2640
D,DISPATCH,UNIT_SCADA,1,"2022/10/20 05:40:00",WOOLNTH1,39.709999
D,DISPATCH,UNIT_SCADA,1,"2022/10/20 05:40:00",YAMBUKWF,3
D,DISPATCH,UNIT_SCADA,1,"2022/10/20 05:40:00",YSWF1,1.20
D,DISPATCH,UNIT_SCADA,1,"2022/10/20 05:40:00",ADPBA1G,0.0080
D,DISPATCH,UNIT_SCADA,1,"2022/10/20 05:40:00",ADPBA1L,0
D,DISPATCH,UNIT_SCADA,1,"2022/10/20 05:40:00",ADPPV1,0
D,DISPATCH,UNIT_SCADA,1,"2022/10/20 05:40:00",AGLHAL,0
D,DISPATCH,UNIT_SCADA,1,"2022/10/20 05:40:00",AGLSOM,0
D,DISPATCH,UNIT_SCADA,1,"2022/10/20 05:40:00",ANGAST1,0
D,DISPATCH,UNIT_SCADA,1,"2022/10/20 05:40:00",ARWF1,8.60
D,DISPATCH,UNIT_SCADA,1,"2022/10/20 05:40:00",BALBG1,0
D,DISPATCH,UNIT_SCADA,1,"2022/10/20 05:40:00",BALBL1,0
D,DISPATCH,UNIT_SCADA,1,"2022/10/20 05:40:00",BALDHWF1,4.8280
D,DISPATCH,UNIT_SCADA,1,"2022/10/20 05:40:00",BANGOWF1,64.295420
D,DISPATCH,UNIT_SCADA,1,"2022/10/20 05:40:00",BANGOWF2,67.498050
D,DISPATCH,UNIT_SCADA,1,"2022/10/20 05:40:00",BANN1,0
D,DISPATCH,UNIT_SCADA,1,"2022/10/20 05:40:00",BARCALDN,0
D,DISPATCH,UNIT_SCADA,1,"2022/10/20 05:40:00",BARKIPS1,0
D,DISPATCH,UNIT_SCADA,1,"2022/10/20 05:40:00",BARRON-1,28.04
D,DISPATCH,UNIT_SCADA,1,"2022/10/20 05:40:00",BARRON-2,0
D,DISPATCH,UNIT_SCADA,1,"2022/10/20 05:40:00",BASTYAN,0
D,DISPATCH,UNIT_SCADA,1,"2022/10/20 05:40:00",BBTHREE1,-1.04
D,DISPATCH,UNIT_SCADA,1,"2022/10/20 05:40:00",BBTHREE2,0
D,DISPATCH,UNIT_SCADA,1,"2022/10/20 05:40:00",BBTHREE3,0
D,DISPATCH,UNIT_SCADA,1,"2022/10/20 05:40:00",BDL01,0
D,DISPATCH,UNIT_SCADA,1,"2022/10/20 05:40:00",BDL02,0
D,DISPATCH,UNIT_SCADA,1,"2022/10/20 05:40:00",BERYLSF1,0
D,DISPATCH,UNIT_SCADA,1,"2022/10/20 05:40:00",BLOWERNG,62.60
D,DISPATCH,UNIT_SCADA,1,"2022/10/20 05:40:00",BLUEGSF1,0
D,DISPATCH,UNIT_SCADA,1,"2022/10/20 05:40:00",BLUFF1,10.30
D,DISPATCH,UNIT_SCADA,1,"2022/10/20 05:40:00",BNGSF1,0
D,DISPATCH,UNIT_SCADA,1,"2022/10/20 05:40:00",BNGSF2,0
D,DISPATCH,UNIT_SCADA,1,"2022/10/20 05:40:00",BOCORWF1,0
D,DISPATCH,UNIT_SCADA,1,"2022/10/20 05:40:00",BODWF1,98.1119
D,DISPATCH,UNIT_SCADA,1,"2022/10/20 05:40:00",BOMENSF1,1.0309
D,DISPATCH,UNIT_SCADA,1,"2022/10/20 05:40:00",BOWWBA1G,0
D,DISPATCH,UNIT_SCADA,1,"2022/10/20 05:40:00",BOWWBA1L,0
D,DISPATCH,UNIT_SCADA,1,"2022/10/20 05:40:00",BOWWPV1,0
D,DISPATCH,UNIT_SCADA,1,"2022/10/20 05:40:00",BRAEMAR1,0
D,DISPATCH,UNIT_SCADA,1,"2022/10/20 05:40:00",BRAEMAR2,0
D,DISPATCH,UNIT_SCADA,1,"2022/10/20 05:40:00",BRAEMAR3,0
D,DISPATCH,UNIT_SCADA,1,"2022/10/20 05:40:00",BRAEMAR5,0.292060
D,DISPATCH,UNIT_SCADA,1,"2022/10/20 05:40:00",BRAEMAR6,0
D,DISPATCH,UNIT_SCADA,1,"2022/10/20 05:40:00",BRAEMAR7,0.130920
D,DISPATCH,UNIT_SCADA,1,"2022/10/20 05:40:00",BROKENH1,0
D,DISPATCH,UNIT_SCADA,1,"2022/10/20 05:40:00",BRYB1WF1,104.875260
D,DISPATCH,UNIT_SCADA,1,"2022/10/20 05:40:00",BULBESG1,0
D,DISPATCH,UNIT_SCADA,1,"2022/10/20 05:40:00",BULBESL1,0.03
D,DISPATCH,UNIT_SCADA,1,"2022/10/20 05:40:00",BULGANA1,43.27
D,DISPATCH,UNIT_SCADA,1,"2022/10/20 05:40:00",BW01,525.069030
D,DISPATCH,UNIT_SCADA,1,"2022/10/20 05:40:00",BW02,539.937440
D,DISPATCH,UNIT_SCADA,1,"2022/10/20 05:40:00",BW03,549.678770
D,DISPATCH,UNIT_SCADA,1,"2022/10/20 05:40:00",BW04,0
D,DISPATCH,UNIT_SCADA,1,"2022/10/20 05:40:00",CALL_B_1,319.300020
D,DISPATCH,UNIT_SCADA,1,"2022/10/20 05:40:00",CALL_B_2,322
D,DISPATCH,UNIT_SCADA,1,"2022/10/20 05:40:00",CATHROCK,9.80
D,DISPATCH,UNIT_SCADA,1,"2022/10/20 05:40:00",CBWWBA1G,0
D,DISPATCH,UNIT_SCADA,1,"2022/10/20 05:40:00",CBWWBA1L,0
D,DISPATCH,UNIT_SCADA,1,"2022/10/20 05:40:00",CETHANA,63.097750
D,DISPATCH,UNIT_SCADA,1,"2022/10/20 05:40:00",CG1,0
D,DISPATCH,UNIT_SCADA,1,"2022/10/20 05:40:00",CG2,0
D,DISPATCH,UNIT_SCADA,1,"2022/10/20 05:40:00",CG3,0
D,DISPATCH,UNIT_SCADA,1,"2022/10/20 05:40:00",CG4,0
D,DISPATCH,UNIT_SCADA,1,"2022/10/20 05:40:00",CHILDSF1,0
D,DISPATCH,UNIT_SCADA,1,"2022/10/20 05:40:00",CHYTWF1,6.16
D,DISPATCH,UNIT_SCADA,1,"2022/10/20 05:40:00",CLARESF1,0
D,DISPATCH,UNIT_SCADA,1,"2022/10/20 05:40:00",CLEMGPWF,21.3944
D,DISPATCH,UNIT_SCADA,1,"2022/10/20 05:40:00",CLERMSF1,0
D,DISPATCH,UNIT_SCADA,1,"2022/10/20 05:40:00",CNUNDAWF,14.016350
D,DISPATCH,UNIT_SCADA,1,"2022/10/20 05:40:00",COHUNSF1,0
D,DISPATCH,UNIT_SCADA,1,"2022/10/20 05:40:00",COLEASF1,0
D,DISPATCH,UNIT_SCADA,1,"2022/10/20 05:40:00",COLUMSF1,0
D,DISPATCH,UNIT_SCADA,1,"2022/10/20 05:40:00",COLWF01,113.167010
D,DISPATCH,UNIT_SCADA,1,"2022/10/20 05:40:00",COOPGWF1,382.88
D,DISPATCH,UNIT_SCADA,1,"2022/10/20 05:40:00",CPP_3,360.800020
D,DISPATCH,UNIT_SCADA,1,"2022/10/20 05:40:00",CPP_4,0
D,DISPATCH,UNIT_SCADA,1,"2022/10/20 05:40:00",CPSA,0
D,DISPATCH,UNIT_SCADA,1,"2022/10/20 05:40:00",CROOKWF2,29.1844
D,DISPATCH,UNIT_SCADA,1,"2022/10/20 05:40:00",CROWLWF1,38.430720
D,DISPATCH,UNIT_SCADA,1,"2022/10/20 05:40:00",CRURWF1,92.898680
D,DISPATCH,UNIT_SCADA,1,"2022/10/20 05:40:00",CRWASF1,0
D,DISPATCH,UNIT_SCADA,1,"2022/10/20 05:40:00",CSPVPS1,0
D,DISPATCH,UNIT_SCADA,1,"2022/10/20 05:40:00",CTHLWF1,0.003050
D,DISPATCH,UNIT_SCADA,1,"2022/10/20 05:40:00",DALNTH01,0
D,DISPATCH,UNIT_SCADA,1,"2022/10/20 05:40:00",DALNTHL1,0.077820
D,DISPATCH,UNIT_SCADA,1,"2022/10/20 05:40:00",DARLSF1,0
D,DISPATCH,UNIT_SCADA,1,"2022/10/20 05:40:00",DARTM1,0
D,DISPATCH,UNIT_SCADA,1,"2022/10/20 05:40:00",DAYDSF1,0
D,DISPATCH,UNIT_SCADA,1,"2022/10/20 05:40:00",DDPS1,0
D,DISPATCH,UNIT_SCADA,1,"2022/10/20 05:40:00",DDSF1,0
D,DISPATCH,UNIT_SCADA,1,"2022/10/20 05:40:00",DEVILS_G,60.197150
D,DISPATCH,UNIT_SCADA,1,"2022/10/20 05:40:00",DG_NSW1,0
D,DISPATCH,UNIT_SCADA,1,"2022/10/20 05:40:00",DG_QLD1,0
D,DISPATCH,UNIT_SCADA,1,"2022/10/20 05:40:00",DG_SA1,0
D,DISPATCH,UNIT_SCADA,1,"2022/10/20 05:40:00",DG_TAS1,0
D,DISPATCH,UNIT_SCADA,1,"2022/10/20 05:40:00",DG_VIC1,0
D,DISPATCH,UNIT_SCADA,1,"2022/10/20 05:40:00",DRYCGT1,0
D,DISPATCH,UNIT_SCADA,1,"2022/10/20 05:40:00",DRYCGT2,0
D,DISPATCH,UNIT_SCADA,1,"2022/10/20 05:40:00",DRYCGT3,0
D,DISPATCH,UNIT_SCADA,1,"2022/10/20 05:40:00",DUNDWF1,96.27
D,DISPATCH,UNIT_SCADA,1,"2022/10/20 05:40:00",DUNDWF2,26.32
D,DISPATCH,UNIT_SCADA,1,"2022/10/20 05:40:00",DUNDWF3,63.39
D,DISPATCH,UNIT_SCADA,1,"2022/10/20 05:40:00",EILDON1,60.04
D,DISPATCH,UNIT_SCADA,1,"2022/10/20 05:40:00",EILDON2,60.04
D,DISPATCH,UNIT_SCADA,1,"2022/10/20 05:40:00",ELAINWF1,26.01
D,DISPATCH,UNIT_SCADA,1,"2022/10/20 05:40:00",EMERASF1,0
D,DISPATCH,UNIT_SCADA,1,"2022/10/20 05:40:00",ER01,0
D,DISPATCH,UNIT_SCADA,1,"2022/10/20 05:40:00",ER02,634.006290
D,DISPATCH,UNIT_SCADA,1,"2022/10/20 05:40:00",ER03,660.935360
D,DISPATCH,UNIT_SCADA,1,"2022/10/20 05:40:00",ER04,654.953860
D,DISPATCH,UNIT_SCADA,1,"2022/10/20 05:40:00",FINLYSF1,0
D,DISPATCH,UNIT_SCADA,1,"2022/10/20 05:40:00",FISHER,45.26
D,DISPATCH,UNIT_SCADA,1,"2022/10/20 05:40:00",GANGARR1,0
D,DISPATCH,UNIT_SCADA,1,"2022/10/20 05:40:00",GANNBG1,1.530120
D,DISPATCH,UNIT_SCADA,1,"2022/10/20 05:40:00",GANNBL1,0
D,DISPATCH,UNIT_SCADA,1,"2022/10/20 05:40:00",GANNSF1,0
D,DISPATCH,UNIT_SCADA,1,"2022/10/20 05:40:00",GLRWNSF1,0.91
D,DISPATCH,UNIT_SCADA,1,"2022/10/20 05:40:00",GNNDHSF1,0.566490
D,DISPATCH,UNIT_SCADA,1,"2022/10/20 05:40:00",GOONSF1,0
D,DISPATCH,UNIT_SCADA,1,"2022/10/20 05:40:00",GORDON,227.325530
D,DISPATCH,UNIT_SCADA,1,"2022/10/20 05:40:00",GRANWF1,4.58
D,DISPATCH,UNIT_SCADA,1,"2022/10/20 05:40:00",GSTONE1,204.75
D,DISPATCH,UNIT_SCADA,1,"2022/10/20 05:40:00",GSTONE2,0
D,DISPATCH,UNIT_SCADA,1,"2022/10/20 05:40:00",GSTONE3,200.024990
D,DISPATCH,UNIT_SCADA,1,"2022/10/20 05:40:00",GSTONE4,0
D,DISPATCH,UNIT_SCADA,1,"2022/10/20 05:40:00",GSTONE5,202.1250
D,DISPATCH,UNIT_SCADA,1,"2022/10/20 05:40:00",GSTONE6,202.474990
D,DISPATCH,UNIT_SCADA,1,"2022/10/20 05:40:00",GULLRSF1,0
D,DISPATCH,UNIT_SCADA,1,"2022/10/20 05:40:00",GULLRWF1,53.374190
D,DISPATCH,UNIT_SCADA,1,"2022/10/20 05:40:00",GULLRWF2,95.4575
D,DISPATCH,UNIT_SCADA,1,"2022/10/20 05:40:00",GUNNING1,0
D,DISPATCH,UNIT_SCADA,1,"2022/10/20 05:40:00",GUTHEGA,68
D,DISPATCH,UNIT_SCADA,1,"2022/10/20 05:40:00",HALLWF1,65.62
D,DISPATCH,UNIT_SCADA,1,"2022/10/20 05:40:00",HALLWF2,53.80
D,DISPATCH,UNIT_SCADA,1,"2022/10/20 05:40:00",HAMISF1,0
D,DISPATCH,UNIT_SCADA,1,"2022/10/20 05:40:00",HAUGHT11,0
D,DISPATCH,UNIT_SCADA,1,"2022/10/20 05:40:00",HAYMSF1,0
D,DISPATCH,UNIT_SCADA,1,"2022/10/20 05:40:00",HDWF1,40.30
D,DISPATCH,UNIT_SCADA,1,"2022/10/20 05:40:00",HDWF2,17.70
D,DISPATCH,UNIT_SCADA,1,"2022/10/20 05:40:00",HDWF3,24.60
D,DISPATCH,UNIT_SCADA,1,"2022/10/20 05:40:00",HILLSTN1,0
D,DISPATCH,UNIT_SCADA,1,"2022/10/20 05:40:00",HPRG1,0
D,DISPATCH,UNIT_SCADA,1,"2022/10/20 05:40:00",HPRL1,30.30
D,DISPATCH,UNIT_SCADA,1,"2022/10/20 05:40:00",HUMENSW,55.0474
D,DISPATCH,UNIT_SCADA,1,"2022/10/20 05:40:00",HUMEV,0
D,DISPATCH,UNIT_SCADA,1,"2022/10/20 05:40:00",HVWWBA1G,0
D,DISPATCH,UNIT_SCADA,1,"2022/10/20 05:40:00",HVWWBA1L,0.0070
D,DISPATCH,UNIT_SCADA,1,"2022/10/20 05:40:00",HVWWPV1,0
D,DISPATCH,UNIT_SCADA,1,"2022/10/20 05:40:00",JBUTTERS,0
D,DISPATCH,UNIT_SCADA,1,"2022/10/20 05:40:00",JEMALNG1,0
D,DISPATCH,UNIT_SCADA,1,"2022/10/20 05:40:00",JLA01,0
D,DISPATCH,UNIT_SCADA,1,"2022/10/20 05:40:00",JLA02,0
D,DISPATCH,UNIT_SCADA,1,"2022/10/20 05:40:00",JLA03,0
D,DISPATCH,UNIT_SCADA,1,"2022/10/20 05:40:00",JLA04,0
D,DISPATCH,UNIT_SCADA,1,"2022/10/20 05:40:00",JLB01,0
D,DISPATCH,UNIT_SCADA,1,"2022/10/20 05:40:00",JLB02,0.10
D,DISPATCH,UNIT_SCADA,1,"2022/10/20 05:40:00",JLB03,0
D,DISPATCH,UNIT_SCADA,1,"2022/10/20 05:40:00",JUNEESF1,0
D,DISPATCH,UNIT_SCADA,1,"2022/10/20 05:40:00",KABANWF1,1.1070
D,DISPATCH,UNIT_SCADA,1,"2022/10/20 05:40:00",KAREEYA1,17.9375
D,DISPATCH,UNIT_SCADA,1,"2022/10/20 05:40:00",KAREEYA2,0
D,DISPATCH,UNIT_SCADA,1,"2022/10/20 05:40:00",KAREEYA3,21.4250
D,DISPATCH,UNIT_SCADA,1,"2022/10/20 05:40:00",KAREEYA4,0
D,DISPATCH,UNIT_SCADA,1,"2022/10/20 05:40:00",KARSF1,0
D,DISPATCH,UNIT_SCADA,1,"2022/10/20 05:40:00",KEPSF1,0
D,DISPATCH,UNIT_SCADA,1,"2022/10/20 05:40:00",KEPWF1,0
D,DISPATCH,UNIT_SCADA,1,"2022/10/20 05:40:00",KIAMSF1,0
D,DISPATCH,UNIT_SCADA,1,"2022/10/20 05:40:00",KIATAWF1,30.80
D,DISPATCH,UNIT_SCADA,1,"2022/10/20 05:40:00",KPP_1,0
D,DISPATCH,UNIT_SCADA,1,"2022/10/20 05:40:00",KSP1,0
D,DISPATCH,UNIT_SCADA,1,"2022/10/20 05:40:00",LADBROK1,0.01
D,DISPATCH,UNIT_SCADA,1,"2022/10/20 05:40:00",LADBROK2,37.78
D,DISPATCH,UNIT_SCADA,1,"2022/10/20 05:40:00",LBBG1,0
D,DISPATCH,UNIT_SCADA,1,"2022/10/20 05:40:00",LBBL1,5.55
D,DISPATCH,UNIT_SCADA,1,"2022/10/20 05:40:00",LD01,317.624450
D,DISPATCH,UNIT_SCADA,1,"2022/10/20 05:40:00",LD02,0
D,DISPATCH,UNIT_SCADA,1,"2022/10/20 05:40:00",LD04,315.390470
D,DISPATCH,UNIT_SCADA,1,"2022/10/20 05:40:00",LEM_WIL,86.909790
D,DISPATCH,UNIT_SCADA,1,"2022/10/20 05:40:00",LGAPWF1,91.37
D,DISPATCH,UNIT_SCADA,1,"2022/10/20 05:40:00",LGAPWF2,53.06
D,DISPATCH,UNIT_SCADA,1,"2022/10/20 05:40:00",LILYSF1,0
D,DISPATCH,UNIT_SCADA,1,"2022/10/20 05:40:00",LIMOSF11,0
D,DISPATCH,UNIT_SCADA,1,"2022/10/20 05:40:00",LIMOSF21,0
D,DISPATCH,UNIT_SCADA,1,"2022/10/20 05:40:00",LI_WY_CA,77.047360
D,DISPATCH,UNIT_SCADA,1,"2022/10/20 05:40:00",LKBONNY1,0
D,DISPATCH,UNIT_SCADA,1,"2022/10/20 05:40:00",LKBONNY2,29.616840
D,DISPATCH,UNIT_SCADA,1,"2022/10/20 05:40:00",LKBONNY3,9.489750
D,DISPATCH,UNIT_SCADA,1,"2022/10/20 05:40:00",LK_ECHO,0
D,DISPATCH,UNIT_SCADA,1,"2022/10/20 05:40:00",LNGS1,0
D,DISPATCH,UNIT_SCADA,1,"2022/10/20 05:40:00",LNGS2,0
D,DISPATCH,UNIT_SCADA,1,"2022/10/20 05:40:00",LONSDALE,0
D,DISPATCH,UNIT_SCADA,1,"2022/10/20 05:40:00",LOYYB1,581.202510
D,DISPATCH,UNIT_SCADA,1,"2022/10/20 05:40:00",LOYYB2,575.563290
D,DISPATCH,UNIT_SCADA,1,"2022/10/20 05:40:00",LYA1,474
D,DISPATCH,UNIT_SCADA,1,"2022/10/20 05:40:00",LYA2,0
D,DISPATCH,UNIT_SCADA,1,"2022/10/20 05:40:00",LYA3,474
D,DISPATCH,UNIT_SCADA,1,"2022/10/20 05:40:00",LYA4,474
D,DISPATCH,UNIT_SCADA,1,"2022/10/20 05:40:00",MACARTH1,41.899030
D,DISPATCH,UNIT_SCADA,1,"2022/10/20 05:40:00",MACKNTSH,0
D,DISPATCH,UNIT_SCADA,1,"2022/10/20 05:40:00",MANSLR1,0
D,DISPATCH,UNIT_SCADA,1,"2022/10/20 05:40:00",MAPS2PV1,0
D,DISPATCH,UNIT_SCADA,1,"2022/10/20 05:40:00",MAPS3PV1,0
D,DISPATCH,UNIT_SCADA,1,"2022/10/20 05:40:00",MARYRSF1,0.01
D,DISPATCH,UNIT_SCADA,1,"2022/10/20 05:40:00",MBPS2PV1,0
D,DISPATCH,UNIT_SCADA,1,"2022/10/20 05:40:00",MCKAY1,239.4950
D,DISPATCH,UNIT_SCADA,1,"2022/10/20 05:40:00",MEADOWBK,19.834520
D,DISPATCH,UNIT_SCADA,1,"2022/10/20 05:40:00",MERCER01,16.10
D,DISPATCH,UNIT_SCADA,1,"2022/10/20 05:40:00",METZSF1,2.108380
D,DISPATCH,UNIT_SCADA,1,"2022/10/20 05:40:00",MEWF1,5
D,DISPATCH,UNIT_SCADA,1,"2022/10/20 05:40:00",MIDDLSF1,0
D,DISPATCH,UNIT_SCADA,1,"2022/10/20 05:40:00",MINTARO,0.128180
D,DISPATCH,UNIT_SCADA,1,"2022/10/20 05:40:00",MOLNGSF1,0
D,DISPATCH,UNIT_SCADA,1,"2022/10/20 05:40:00",MOORAWF1,29.26
D,DISPATCH,UNIT_SCADA,1,"2022/10/20 05:40:00",MOREESF1,0
D,DISPATCH,UNIT_SCADA,1,"2022/10/20 05:40:00",MORTLK11,0
D,DISPATCH,UNIT_SCADA,1,"2022/10/20 05:40:00",MORTLK12,0
D,DISPATCH,UNIT_SCADA,1,"2022/10/20 05:40:00",MOUSF1,0
D,DISPATCH,UNIT_SCADA,1,"2022/10/20 05:40:00",MP1,0
D,DISPATCH,UNIT_SCADA,1,"2022/10/20 05:40:00",MP2,573.238710
D,DISPATCH,UNIT_SCADA,1,"2022/10/20 05:40:00",MPP_1,170.171720
D,DISPATCH,UNIT_SCADA,1,"2022/10/20 05:40:00",MPP_2,0
D,DISPATCH,UNIT_SCADA,1,"2022/10/20 05:40:00",MRTLSWF1,0
D,DISPATCH,UNIT_SCADA,1,"2022/10/20 05:40:00",MSTUART1,0
D,DISPATCH,UNIT_SCADA,1,"2022/10/20 05:40:00",MSTUART2,0
D,DISPATCH,UNIT_SCADA,1,"2022/10/20 05:40:00",MSTUART3,0
D,DISPATCH,UNIT_SCADA,1,"2022/10/20 05:40:00",MTGELWF1,29.747920
D,DISPATCH,UNIT_SCADA,1,"2022/10/20 05:40:00",MTMILLAR,8.60
D,DISPATCH,UNIT_SCADA,1,"2022/10/20 05:40:00",MURRAY,0
D,DISPATCH,UNIT_SCADA,1,"2022/10/20 05:40:00",MUSSELR1,0
D,DISPATCH,UNIT_SCADA,1,"2022/10/20 05:40:00",MUWAWF1,185.399990
D,DISPATCH,UNIT_SCADA,1,"2022/10/20 05:40:00",MUWAWF2,179.600010
D,DISPATCH,UNIT_SCADA,1,"2022/10/20 05:40:00",MWPS1PV1,0
D,DISPATCH,UNIT_SCADA,1,"2022/10/20 05:40:00",MWPS2PV1,0
D,DISPATCH,UNIT_SCADA,1,"2022/10/20 05:40:00",MWPS3PV1,0
D,DISPATCH,UNIT_SCADA,1,"2022/10/20 05:40:00",MWPS4PV1,0
D,DISPATCH,UNIT_SCADA,1,"2022/10/20 05:40:00",NBHWF1,102.100010
D,DISPATCH,UNIT_SCADA,1,"2022/10/20 05:40:00",NEVERSF1,0
D,DISPATCH,UNIT_SCADA,1,"2022/10/20 05:40:00",NPS,0
D,DISPATCH,UNIT_SCADA,1,"2022/10/20 05:40:00",NUMURSF1,0
D,DISPATCH,UNIT_SCADA,1,"2022/10/20 05:40:00",NYNGAN1,0
D,DISPATCH,UNIT_SCADA,1,"2022/10/20 05:40:00",OAKEY1,0
D,DISPATCH,UNIT_SCADA,1,"2022/10/20 05:40:00",OAKEY1SF,0
D,DISPATCH,UNIT_SCADA,1,"2022/10/20 05:40:00",OAKEY2,0
D,DISPATCH,UNIT_SCADA,1,"2022/10/20 05:40:00",OAKEY2SF,0
D,DISPATCH,UNIT_SCADA,1,"2022/10/20 05:40:00",OAKLAND1,22.30
D,DISPATCH,UNIT_SCADA,1,"2022/10/20 05:40:00",OSB-AG,0
D,DISPATCH,UNIT_SCADA,1,"2022/10/20 05:40:00",PAREPS1,0.0660
D,DISPATCH,UNIT_SCADA,1,"2022/10/20 05:40:00",PAREPW1,68.67
D,DISPATCH,UNIT_SCADA,1,"2022/10/20 05:40:00",PARSF1,0.001530
D,DISPATCH,UNIT_SCADA,1,"2022/10/20 05:40:00",POAT110,0
D,DISPATCH,UNIT_SCADA,1,"2022/10/20 05:40:00",POAT220,0
D,DISPATCH,UNIT_SCADA,1,"2022/10/20 05:40:00",POR01,0
D,DISPATCH,UNIT_SCADA,1,"2022/10/20 05:40:00",POR03,0
D,DISPATCH,UNIT_SCADA,1,"2022/10/20 05:40:00",PPCCGT,172.209920
D,DISPATCH,UNIT_SCADA,1,"2022/10/20 05:40:00",PTSTAN1,0
D,DISPATCH,UNIT_SCADA,1,"2022/10/20 05:40:00",PUMP1,0
D,DISPATCH,UNIT_SCADA,1,"2022/10/20 05:40:00",PUMP2,0
D,DISPATCH,UNIT_SCADA,1,"2022/10/20 05:40:00",QBYNBG1,0
D,DISPATCH,UNIT_SCADA,1,"2022/10/20 05:40:00",QBYNBL1,0.0005
D,DISPATCH,UNIT_SCADA,1,"2022/10/20 05:40:00",QPS1,0
D,DISPATCH,UNIT_SCADA,1,"2022/10/20 05:40:00",QPS2,0
D,DISPATCH,UNIT_SCADA,1,"2022/10/20 05:40:00",QPS3,0
D,DISPATCH,UNIT_SCADA,1,"2022/10/20 05:40:00",QPS4,0
D,DISPATCH,UNIT_SCADA,1,"2022/10/20 05:40:00",QPS5,74.62
D,DISPATCH,UNIT_SCADA,1,"2022/10/20 05:40:00",REECE1,52.483290
D,DISPATCH,UNIT_SCADA,1,"2022/10/20 05:40:00",REECE2,34.13
D,DISPATCH,UNIT_SCADA,1,"2022/10/20 05:40:00",ROMA_7,0
D,DISPATCH,UNIT_SCADA,1,"2022/10/20 05:40:00",ROMA_8,0
D,DISPATCH,UNIT_SCADA,1,"2022/10/20 05:40:00",RRSF1,0
D,DISPATCH,UNIT_SCADA,1,"2022/10/20 05:40:00",RT_NSW1,0
D,DISPATCH,UNIT_SCADA,1,"2022/10/20 05:40:00",RT_NSW2,0
D,DISPATCH,UNIT_SCADA,1,"2022/10/20 05:40:00",RT_NSW3,0
D,DISPATCH,UNIT_SCADA,1,"2022/10/20 05:40:00",RT_NSW4,0
D,DISPATCH,UNIT_SCADA,1,"2022/10/20 05:40:00",RT_NSW5,0
D,DISPATCH,UNIT_SCADA,1,"2022/10/20 05:40:00",RT_NSW6,0
D,DISPATCH,UNIT_SCADA,1,"2022/10/20 05:40:00",RT_QLD1,0
D,DISPATCH,UNIT_SCADA,1,"2022/10/20 05:40:00",RT_SA1,0
D,DISPATCH,UNIT_SCADA,1,"2022/10/20 05:40:00",RT_SA2,0
D,DISPATCH,UNIT_SCADA,1,"2022/10/20 05:40:00",RT_SA3,0
D,DISPATCH,UNIT_SCADA,1,"2022/10/20 05:40:00",RT_SA4,0
D,DISPATCH,UNIT_SCADA,1,"2022/10/20 05:40:00",RT_SA5,0
D,DISPATCH,UNIT_SCADA,1,"2022/10/20 05:40:00",RT_SA6,0
D,DISPATCH,UNIT_SCADA,1,"2022/10/20 05:40:00",RT_TAS1,0
D,DISPATCH,UNIT_SCADA,1,"2022/10/20 05:40:00",RT_VIC1,0
D,DISPATCH,UNIT_SCADA,1,"2022/10/20 05:40:00",RT_VIC10,0
D,DISPATCH,UNIT_SCADA,1,"2022/10/20 05:40:00",RT_VIC11,0
D,DISPATCH,UNIT_SCADA,1,"2022/10/20 05:40:00",RT_VIC12,0
D,DISPATCH,UNIT_SCADA,1,"2022/10/20 05:40:00",RT_VIC2,0
D,DISPATCH,UNIT_SCADA,1,"2022/10/20 05:40:00",RT_VIC3,0
D,DISPATCH,UNIT_SCADA,1,"2022/10/20 05:40:00",RT_VIC4,0
D,DISPATCH,UNIT_SCADA,1,"2022/10/20 05:40:00",RT_VIC5,0
D,DISPATCH,UNIT_SCADA,1,"2022/10/20 05:40:00",RT_VIC6,0
D,DISPATCH,UNIT_SCADA,1,"2022/10/20 05:40:00",RT_VIC7,0
D,DISPATCH,UNIT_SCADA,1,"2022/10/20 05:40:00",RT_VIC8,0
D,DISPATCH,UNIT_SCADA,1,"2022/10/20 05:40:00",RT_VIC9,0
D,DISPATCH,UNIT_SCADA,1,"2022/10/20 05:40:00",RUGBYR1,0
D,DISPATCH,UNIT_SCADA,1,"2022/10/20 05:40:00",SALTCRK1,16.62
D,DISPATCH,UNIT_SCADA,1,"2022/10/20 05:40:00",SAPHWF1,205.305560
D,DISPATCH,UNIT_SCADA,1,"2022/10/20 05:40:00",SEBSF1,0.977280
D,DISPATCH,UNIT_SCADA,1,"2022/10/20 05:40:00",SHGEN,0
D,DISPATCH,UNIT_SCADA,1,"2022/10/20 05:40:00",SHPUMP,0
D,DISPATCH,UNIT_SCADA,1,"2022/10/20 05:40:00",SITHE01,0.005650
D,DISPATCH,UNIT_SCADA,1,"2022/10/20 05:40:00",SMCSF1,0
D,DISPATCH,UNIT_SCADA,1,"2022/10/20 05:40:00",SNAPPER1,0
D,DISPATCH,UNIT_SCADA,1,"2022/10/20 05:40:00",SNOWNTH1,139.900010
D,DISPATCH,UNIT_SCADA,1,"2022/10/20 05:40:00",SNOWSTH1,121.70
D,DISPATCH,UNIT_SCADA,1,"2022/10/20 05:40:00",SNOWTWN1,93.204180
D,DISPATCH,UNIT_SCADA,1,"2022/10/20 05:40:00",SNOWYP,0
D,DISPATCH,UNIT_SCADA,1,"2022/10/20 05:40:00",SNUG1,0
D,DISPATCH,UNIT_SCADA,1,"2022/10/20 05:40:00",SRSF1,0
D,DISPATCH,UNIT_SCADA,1,"2022/10/20 05:40:00",STAN-1,278.735870
D,DISPATCH,UNIT_SCADA,1,"2022/10/20 05:40:00",STAN-2,364.576690
D,DISPATCH,UNIT_SCADA,1,"2022/10/20 05:40:00",STAN-3,235.232270
D,DISPATCH,UNIT_SCADA,1,"2022/10/20 05:40:00",STAN-4,364.820220
D,DISPATCH,UNIT_SCADA,1,"2022/10/20 05:40:00",STARHLWF,20.593990
D,DISPATCH,UNIT_SCADA,1,"2022/10/20 05:40:00",STOCKYD1,240.44
D,DISPATCH,UNIT_SCADA,1,"2022/10/20 05:40:00",STWF1,82.129550
D,DISPATCH,UNIT_SCADA,1,"2022/10/20 05:40:00",SUNRSF1,0
D,DISPATCH,UNIT_SCADA,1,"2022/10/20 05:40:00",SUNTPSF1,0
D,DISPATCH,UNIT_SCADA,1,"2022/10/20 05:40:00",SWAN_E,248.040620
D,DISPATCH,UNIT_SCADA,1,"2022/10/20 05:40:00",TALWA1,0
D,DISPATCH,UNIT_SCADA,1,"2022/10/20 05:40:00",TARALGA1,0
D,DISPATCH,UNIT_SCADA,1,"2022/10/20 05:40:00",TARONG#1,294.399990
D,DISPATCH,UNIT_SCADA,1,"2022/10/20 05:40:00",TARONG#2,295.700010
D,DISPATCH,UNIT_SCADA,1,"2022/10/20 05:40:00",TARONG#3,0.90
D,DISPATCH,UNIT_SCADA,1,"2022/10/20 05:40:00",TARONG#4,204.80
D,DISPATCH,UNIT_SCADA,1,"2022/10/20 05:40:00",TARRALEA,54
D,DISPATCH,UNIT_SCADA,1,"2022/10/20 05:40:00",TBSF1,0
D,DISPATCH,UNIT_SCADA,1,"2022/10/20 05:40:00",TNPS1,411.812470
D,DISPATCH,UNIT_SCADA,1,"2022/10/20 05:40:00",TORRB1,0
D,DISPATCH,UNIT_SCADA,1,"2022/10/20 05:40:00",TORRB2,41
D,DISPATCH,UNIT_SCADA,1,"2022/10/20 05:40:00",TORRB3,0
D,DISPATCH,UNIT_SCADA,1,"2022/10/20 05:40:00",TORRB4,0
D,DISPATCH,UNIT_SCADA,1,"2022/10/20 05:40:00",TREVALLN,99.340260
D,DISPATCH,UNIT_SCADA,1,"2022/10/20 05:40:00",TRIBUTE,0
D,DISPATCH,UNIT_SCADA,1,"2022/10/20 05:40:00",TUMUT3,0
D,DISPATCH,UNIT_SCADA,1,"2022/10/20 05:40:00",TUNGATIN,3.300020
D,DISPATCH,UNIT_SCADA,1,"2022/10/20 05:40:00",TVCC201,0
D,DISPATCH,UNIT_SCADA,1,"2022/10/20 05:40:00",TVPP104,0
D,DISPATCH,UNIT_SCADA,1,"2022/10/20 05:40:00",UPPTUMUT,0
D,DISPATCH,UNIT_SCADA,1,"2022/10/20 05:40:00",URANQ11,0
D,DISPATCH,UNIT_SCADA,1,"2022/10/20 05:40:00",URANQ12,0
D,DISPATCH,UNIT_SCADA,1,"2022/10/20 05:40:00",URANQ13,0
D,DISPATCH,UNIT_SCADA,1,"2022/10/20 05:40:00",URANQ14,0
D,DISPATCH,UNIT_SCADA,1,"2022/10/20 05:40:00",VBBG1,71.70
D,DISPATCH,UNIT_SCADA,1,"2022/10/20 05:40:00",VBBL1,0
D,DISPATCH,UNIT_SCADA,1,"2022/10/20 05:40:00",VP5,596.697880
D,DISPATCH,UNIT_SCADA,1,"2022/10/20 05:40:00",VP6,598.138370
D,DISPATCH,UNIT_SCADA,1,"2022/10/20 05:40:00",VPGS1,0
D,DISPATCH,UNIT_SCADA,1,"2022/10/20 05:40:00",VPGS2,0
D,DISPATCH,UNIT_SCADA,1,"2022/10/20 05:40:00",VPGS3,0
D,DISPATCH,UNIT_SCADA,1,"2022/10/20 05:40:00",VPGS4,0
D,DISPATCH,UNIT_SCADA,1,"2022/10/20 05:40:00",VPGS5,0
D,DISPATCH,UNIT_SCADA,1,"2022/10/20 05:40:00",VPGS6,0
D,DISPATCH,UNIT_SCADA,1,"2022/10/20 05:40:00",W/HOE#1,0
D,DISPATCH,UNIT_SCADA,1,"2022/10/20 05:40:00",W/HOE#2,0
D,DISPATCH,UNIT_SCADA,1,"2022/10/20 05:40:00",WAGGNSF1,0
D,DISPATCH,UNIT_SCADA,1,"2022/10/20 05:40:00",WALGRVG1,0.025130
D,DISPATCH,UNIT_SCADA,1,"2022/10/20 05:40:00",WALGRVL1,0
D,DISPATCH,UNIT_SCADA,1,"2022/10/20 05:40:00",WANDBG1,0
D,DISPATCH,UNIT_SCADA,1,"2022/10/20 05:40:00",WANDBL1,0
D,DISPATCH,UNIT_SCADA,1,"2022/10/20 05:40:00",WARWSF1,0
D,DISPATCH,UNIT_SCADA,1,"2022/10/20 05:40:00",WARWSF2,0
D,DISPATCH,UNIT_SCADA,1,"2022/10/20 05:40:00",WATERLWF,89
D,DISPATCH,UNIT_SCADA,1,"2022/10/20 05:40:00",WDGPH1,0
D,DISPATCH,UNIT_SCADA,1,"2022/10/20 05:40:00",WELLSF1,0
D,DISPATCH,UNIT_SCADA,1,"2022/10/20 05:40:00",WEMENSF1,0
D,DISPATCH,UNIT_SCADA,1,"2022/10/20 05:40:00",WGWF1,111.30
D,DISPATCH,UNIT_SCADA,1,"2022/10/20 05:40:00",WHITSF1,0
D,DISPATCH,UNIT_SCADA,1,"2022/10/20 05:40:00",WINTSF1,0.79
D,DISPATCH,UNIT_SCADA,1,"2022/10/20 05:40:00",WKIEWA1,33.90
D,DISPATCH,UNIT_SCADA,1,"2022/10/20 05:40:00",WKIEWA2,34.20
D,DISPATCH,UNIT_SCADA,1,"2022/10/20 05:40:00",WOODLWN1,18.672650
D,DISPATCH,UNIT_SCADA,1,"2022/10/20 05:40:00",WOOLGSF1,0
D,DISPATCH,UNIT_SCADA,1,"2022/10/20 05:40:00",WPWF,62.80
D,DISPATCH,UNIT_SCADA,1,"2022/10/20 05:40:00",WRSF1,0
D,DISPATCH,UNIT_SCADA,1,"2022/10/20 05:40:00",WRWF1,40.3296
D,DISPATCH,UNIT_SCADA,1,"2022/10/20 05:40:00",WSTWYSF1,0
D,DISPATCH,UNIT_SCADA,1,"2022/10/20 05:40:00",YABULU,0
D,DISPATCH,UNIT_SCADA,1,"2022/10/20 05:40:00",YABULU2,0
D,DISPATCH,UNIT_SCADA,1,"2022/10/20 05:40:00",YARANSF1,0.03
D,DISPATCH,UNIT_SCADA,1,"2022/10/20 05:40:00",YARWUN_1,130.56
D,DISPATCH,UNIT_SCADA,1,"2022/10/20 05:40:00",YATSF1,0
D,DISPATCH,UNIT_SCADA,1,"2022/10/20 05:40:00",YENDWF1,37.60
D,DISPATCH,UNIT_SCADA,1,"2022/10/20 05:40:00",YWPS1,364.911410
D,DISPATCH,UNIT_SCADA,1,"2022/10/20 05:40:00",YWPS2,289.721530
D,DISPATCH,UNIT_SCADA,1,"2022/10/20 05:40:00",YWPS3,361.929110
D,DISPATCH,UNIT_SCADA,1,"2022/10/20 05:40:00",YWPS4,0
C,"END OF REPORT",419
