C,NEMP.WORLD,DISPATCHSCADA,AEMO,PUBLIC,2022/10/20,23:10:09,0000000373286839,DISPATCHSCADA,0000000373286833
I,DISPATCH,UNIT_SCADA,1,SETTLEMENTDATE,DUID,SCADAVALUE
D,DISPATCH,UNIT_SCADA,1,"2022/10/20 23:15:00",BARCSF1,0
D,DISPATCH,UNIT_SCADA,1,"2022/10/20 23:15:00",BUTLERSG,8.699999
D,DISPATCH,UNIT_SCADA,1,"2022/10/20 23:15:00",CAPTL_WF,95.153793
D,DISPATCH,UNIT_SCADA,1,"2022/10/20 23:15:00",CHALLHWF,6
D,DISPATCH,UNIT_SCADA,1,"2022/10/20 23:15:00",CLOVER,13.35
D,DISPATCH,UNIT_SCADA,1,"2022/10/20 23:15:00",CLUNY,5.600824
D,DISPATCH,UNIT_SCADA,1,"2022/10/20 23:15:00",CULLRGWF,-0.03
D,DISPATCH,UNIT_SCADA,1,"2022/10/20 23:15:00",DIAPURWF1,2.70
D,DISPATCH,UNIT_SCADA,1,"2022/10/20 23:15:00",ERGT01,0
D,DISPATCH,UNIT_SCADA,1,"2022/10/20 23:15:00",GB01,0
D,DISPATCH,UNIT_SCADA,1,"2022/10/20 23:15:00",GERMCRK,19.60
D,DISPATCH,UNIT_SCADA,1,"2022/10/20 23:15:00",GRIFSF1,0.001526
D,DISPATCH,UNIT_SCADA,1,"2022/10/20 23:15:00",HEZ1,0
D,DISPATCH,UNIT_SCADA,1,"2022/10/20 23:15:00",HUGSF1,-0.12
D,DISPATCH,UNIT_SCADA,1,"2022/10/20 23:15:00",KEPBG1,0
D,DISPATCH,UNIT_SCADA,1,"2022/10/20 23:15:00",LRSF1,-0.0310
D,DISPATCH,UNIT_SCADA,1,"2022/10/20 23:15:00",MBAHNTH,46.800003
D,DISPATCH,UNIT_SCADA,1,"2022/10/20 23:15:00",MLSP1,0
D,DISPATCH,UNIT_SCADA,1,"2022/10/20 23:15:00",MLWF1,2.31
D,DISPATCH,UNIT_SCADA,1,"2022/10/20 23:15:00",PALOONA,30.67
D,DISPATCH,UNIT_SCADA,1,"2022/10/20 23:15:00",PIONEER,25.90
D,DISPATCH,UNIT_SCADA,1,"2022/10/20 23:15:00",PORTWF,41.50
D,DISPATCH,UNIT_SCADA,1,"2022/10/20 23:15:00",REPULSE,9.550317
D,DISPATCH,UNIT_SCADA,1,"2022/10/20 23:15:00",ROWALLAN,8.846601
D,DISPATCH,UNIT_SCADA,1,"2022/10/20 23:15:00",ROYALLA1,0
D,DISPATCH,UNIT_SCADA,1,"2022/10/20 23:15:00",RPCG,-0.50
D,DISPATCH,UNIT_SCADA,1,"2022/10/20 23:15:00",RUBICON,0
D,DISPATCH,UNIT_SCADA,1,"2022/10/20 23:15:00",WAUBRAWF,25.259001
D,DISPATCH,UNIT_SCADA,1,"2022/10/20 23:15:00",WOOLNTH1,81.020004
D,DISPATCH,UNIT_SCADA,1,"2022/10/20 23:15:00",YAMBUKWF,3.80
D,DISPATCH,UNIT_SCADA,1,"2022/10/20 23:15:00",YSWF1,0
D,DISPATCH,UNIT_SCADA,1,"2022/10/20 23:15:00",ADPBA1G,0.0080
D,DISPATCH,UNIT_SCADA,1,"2022/10/20 23:15:00",ADPBA1L,0
D,DISPATCH,UNIT_SCADA,1,"2022/10/20 23:15:00",ADPPV1,0
D,DISPATCH,UNIT_SCADA,1,"2022/10/20 23:15:00",AGLHAL,0
D,DISPATCH,UNIT_SCADA,1,"2022/10/20 23:15:00",AGLSOM,0
D,DISPATCH,UNIT_SCADA,1,"2022/10/20 23:15:00",ANGAST1,0
D,DISPATCH,UNIT_SCADA,1,"2022/10/20 23:15:00",ARWF1,18.60
D,DISPATCH,UNIT_SCADA,1,"2022/10/20 23:15:00",BALBG1,0
D,DISPATCH,UNIT_SCADA,1,"2022/10/20 23:15:00",BALBL1,0
D,DISPATCH,UNIT_SCADA,1,"2022/10/20 23:15:00",BALDHWF1,104.6590
D,DISPATCH,UNIT_SCADA,1,"2022/10/20 23:15:00",BANGOWF1,59.397880
D,DISPATCH,UNIT_SCADA,1,"2022/10/20 23:15:00",BANGOWF2,60.797660
D,DISPATCH,UNIT_SCADA,1,"2022/10/20 23:15:00",BANN1,0
D,DISPATCH,UNIT_SCADA,1,"2022/10/20 23:15:00",BARCALDN,0
D,DISPATCH,UNIT_SCADA,1,"2022/10/20 23:15:00",BARKIPS1,0
D,DISPATCH,UNIT_SCADA,1,"2022/10/20 23:15:00",BARRON-1,0
D,DISPATCH,UNIT_SCADA,1,"2022/10/20 23:15:00",BARRON-2,0
D,DISPATCH,UNIT_SCADA,1,"2022/10/20 23:15:00",BASTYAN,0
D,DISPATCH,UNIT_SCADA,1,"2022/10/20 23:15:00",BBTHREE1,0
D,DISPATCH,UNIT_SCADA,1,"2022/10/20 23:15:00",BBTHREE2,0
D,DISPATCH,UNIT_SCADA,1,"2022/10/20 23:15:00",BBTHREE3,-1.10
D,DISPATCH,UNIT_SCADA,1,"2022/10/20 23:15:00",BDL01,0
D,DISPATCH,UNIT_SCADA,1,"2022/10/20 23:15:00",BDL02,0
D,DISPATCH,UNIT_SCADA,1,"2022/10/20 23:15:00",BERYLSF1,0
D,DISPATCH,UNIT_SCADA,1,"2022/10/20 23:15:00",BLOWERNG,62.60
D,DISPATCH,UNIT_SCADA,1,"2022/10/20 23:15:00",BLUEGSF1,0
D,DISPATCH,UNIT_SCADA,1,"2022/10/20 23:15:00",BLUFF1,0.50
D,DISPATCH,UNIT_SCADA,1,"2022/10/20 23:15:00",BNGSF1,0
D,DISPATCH,UNIT_SCADA,1,"2022/10/20 23:15:00",BNGSF2,0
D,DISPATCH,UNIT_SCADA,1,"2022/10/20 23:15:00",BOCORWF1,1.42
D,DISPATCH,UNIT_SCADA,1,"2022/10/20 23:15:00",BODWF1,81.610950
D,DISPATCH,UNIT_SCADA,1,"2022/10/20 23:15:00",BOMENSF1,0
D,DISPATCH,UNIT_SCADA,1,"2022/10/20 23:15:00",BOWWBA1G,0
D,DISPATCH,UNIT_SCADA,1,"2022/10/20 23:15:00",BOWWBA1L,0.0010
D,DISPATCH,UNIT_SCADA,1,"2022/10/20 23:15:00",BOWWPV1,0
D,DISPATCH,UNIT_SCADA,1,"2022/10/20 23:15:00",BRAEMAR1,0
D,DISPATCH,UNIT_SCADA,1,"2022/10/20 23:15:00",BRAEMAR2,0
D,DISPATCH,UNIT_SCADA,1,"2022/10/20 23:15:00",BRAEMAR3,0
D,DISPATCH,UNIT_SCADA,1,"2022/10/20 23:15:00",BRAEMAR5,0.201420
D,DISPATCH,UNIT_SCADA,1,"2022/10/20 23:15:00",BRAEMAR6,0
D,DISPATCH,UNIT_SCADA,1,"2022/10/20 23:15:00",BRAEMAR7,0.060430
D,DISPATCH,UNIT_SCADA,1,"2022/10/20 23:15:00",BROKENH1,0
D,DISPATCH,UNIT_SCADA,1,"2022/10/20 23:15:00",BRYB1WF1,87.138170
D,DISPATCH,UNIT_SCADA,1,"2022/10/20 23:15:00",BULBESG1,0
D,DISPATCH,UNIT_SCADA,1,"2022/10/20 23:15:00",BULBESL1,0.03
D,DISPATCH,UNIT_SCADA,1,"2022/10/20 23:15:00",BULGANA1,19.71
D,DISPATCH,UNIT_SCADA,1,"2022/10/20 23:15:00",BW01,658.469540
D,DISPATCH,UNIT_SCADA,1,"2022/10/20 23:15:00",BW02,639.401860
D,DISPATCH,UNIT_SCADA,1,"2022/10/20 23:15:00",BW03,552.7550
D,DISPATCH,UNIT_SCADA,1,"2022/10/20 23:15:00",BW04,0
D,DISPATCH,UNIT_SCADA,1,"2022/10/20 23:15:00",CALL_B_1,320.399990
D,DISPATCH,UNIT_SCADA,1,"2022/10/20 23:15:00",CALL_B_2,322.899990
D,DISPATCH,UNIT_SCADA,1,"2022/10/20 23:15:00",CATHROCK,3
D,DISPATCH,UNIT_SCADA,1,"2022/10/20 23:15:00",CBWWBA1G,0
D,DISPATCH,UNIT_SCADA,1,"2022/10/20 23:15:00",CBWWBA1L,0
D,DISPATCH,UNIT_SCADA,1,"2022/10/20 23:15:00",CETHANA,89.0835
D,DISPATCH,UNIT_SCADA,1,"2022/10/20 23:15:00",CG1,0
D,DISPATCH,UNIT_SCADA,1,"2022/10/20 23:15:00",CG2,0
D,DISPATCH,UNIT_SCADA,1,"2022/10/20 23:15:00",CG3,0
D,DISPATCH,UNIT_SCADA,1,"2022/10/20 23:15:00",CG4,0
D,DISPATCH,UNIT_SCADA,1,"2022/10/20 23:15:00",CHILDSF1,0
D,DISPATCH,UNIT_SCADA,1,"2022/10/20 23:15:00",CHYTWF1,0.27
D,DISPATCH,UNIT_SCADA,1,"2022/10/20 23:15:00",CLARESF1,0
D,DISPATCH,UNIT_SCADA,1,"2022/10/20 23:15:00",CLEMGPWF,0
D,DISPATCH,UNIT_SCADA,1,"2022/10/20 23:15:00",CLERMSF1,0
D,DISPATCH,UNIT_SCADA,1,"2022/10/20 23:15:00",CNUNDAWF,12.314370
D,DISPATCH,UNIT_SCADA,1,"2022/10/20 23:15:00",COHUNSF1,0
D,DISPATCH,UNIT_SCADA,1,"2022/10/20 23:15:00",COLEASF1,0
D,DISPATCH,UNIT_SCADA,1,"2022/10/20 23:15:00",COLUMSF1,0
D,DISPATCH,UNIT_SCADA,1,"2022/10/20 23:15:00",COLWF01,123.569080
D,DISPATCH,UNIT_SCADA,1,"2022/10/20 23:15:00",COOPGWF1,292.679990
D,DISPATCH,UNIT_SCADA,1,"2022/10/20 23:15:00",CPP_3,391.325010
D,DISPATCH,UNIT_SCADA,1,"2022/10/20 23:15:00",CPP_4,0
D,DISPATCH,UNIT_SCADA,1,"2022/10/20 23:15:00",CPSA,0
D,DISPATCH,UNIT_SCADA,1,"2022/10/20 23:15:00",CROOKWF2,39.482410
D,DISPATCH,UNIT_SCADA,1,"2022/10/20 23:15:00",CROWLWF1,26.428420
D,DISPATCH,UNIT_SCADA,1,"2022/10/20 23:15:00",CRURWF1,85.999920
D,DISPATCH,UNIT_SCADA,1,"2022/10/20 23:15:00",CRWASF1,0
D,DISPATCH,UNIT_SCADA,1,"2022/10/20 23:15:00",CSPVPS1,0
D,DISPATCH,UNIT_SCADA,1,"2022/10/20 23:15:00",CTHLWF1,0.003050
D,DISPATCH,UNIT_SCADA,1,"2022/10/20 23:15:00",DALNTH01,0
D,DISPATCH,UNIT_SCADA,1,"2022/10/20 23:15:00",DALNTHL1,0.163270
D,DISPATCH,UNIT_SCADA,1,"2022/10/20 23:15:00",DARLSF1,0
D,DISPATCH,UNIT_SCADA,1,"2022/10/20 23:15:00",DARTM1,0
D,DISPATCH,UNIT_SCADA,1,"2022/10/20 23:15:00",DAYDSF1,0
D,DISPATCH,UNIT_SCADA,1,"2022/10/20 23:15:00",DDPS1,0
D,DISPATCH,UNIT_SCADA,1,"2022/10/20 23:15:00",DDSF1,0
D,DISPATCH,UNIT_SCADA,1,"2022/10/20 23:15:00",DEVILS_G,56.552020
D,DISPATCH,UNIT_SCADA,1,"2022/10/20 23:15:00",DG_NSW1,0
D,DISPATCH,UNIT_SCADA,1,"2022/10/20 23:15:00",DG_QLD1,0
D,DISPATCH,UNIT_SCADA,1,"2022/10/20 23:15:00",DG_SA1,0
D,DISPATCH,UNIT_SCADA,1,"2022/10/20 23:15:00",DG_TAS1,0
D,DISPATCH,UNIT_SCADA,1,"2022/10/20 23:15:00",DG_VIC1,0
D,DISPATCH,UNIT_SCADA,1,"2022/10/20 23:15:00",DRYCGT1,0
D,DISPATCH,UNIT_SCADA,1,"2022/10/20 23:15:00",DRYCGT2,0
D,DISPATCH,UNIT_SCADA,1,"2022/10/20 23:15:00",DRYCGT3,0
D,DISPATCH,UNIT_SCADA,1,"2022/10/20 23:15:00",DUNDWF1,112.28
D,DISPATCH,UNIT_SCADA,1,"2022/10/20 23:15:00",DUNDWF2,34.83
D,DISPATCH,UNIT_SCADA,1,"2022/10/20 23:15:00",DUNDWF3,89.73
D,DISPATCH,UNIT_SCADA,1,"2022/10/20 23:15:00",EILDON1,59.68
D,DISPATCH,UNIT_SCADA,1,"2022/10/20 23:15:00",EILDON2,60.12
D,DISPATCH,UNIT_SCADA,1,"2022/10/20 23:15:00",ELAINWF1,6.25
D,DISPATCH,UNIT_SCADA,1,"2022/10/20 23:15:00",EMERASF1,0
D,DISPATCH,UNIT_SCADA,1,"2022/10/20 23:15:00",ER01,0
D,DISPATCH,UNIT_SCADA,1,"2022/10/20 23:15:00",ER02,609.640630
D,DISPATCH,UNIT_SCADA,1,"2022/10/20 23:15:00",ER03,605.221620
D,DISPATCH,UNIT_SCADA,1,"2022/10/20 23:15:00",ER04,606.857420
D,DISPATCH,UNIT_SCADA,1,"2022/10/20 23:15:00",FINLYSF1,0
D,DISPATCH,UNIT_SCADA,1,"2022/10/20 23:15:00",FISHER,43.96
D,DISPATCH,UNIT_SCADA,1,"2022/10/20 23:15:00",GANGARR1,0
D,DISPATCH,UNIT_SCADA,1,"2022/10/20 23:15:00",GANNBG1,0.071410
D,DISPATCH,UNIT_SCADA,1,"2022/10/20 23:15:00",GANNBL1,0
D,DISPATCH,UNIT_SCADA,1,"2022/10/20 23:15:00",GANNSF1,0
D,DISPATCH,UNIT_SCADA,1,"2022/10/20 23:15:00",GLRWNSF1,0
D,DISPATCH,UNIT_SCADA,1,"2022/10/20 23:15:00",GNNDHSF1,0
D,DISPATCH,UNIT_SCADA,1,"2022/10/20 23:15:00",GOONSF1,0
D,DISPATCH,UNIT_SCADA,1,"2022/10/20 23:15:00",GORDON,225.309690
D,DISPATCH,UNIT_SCADA,1,"2022/10/20 23:15:00",GRANWF1,0
D,DISPATCH,UNIT_SCADA,1,"2022/10/20 23:15:00",GSTONE1,205.099990
D,DISPATCH,UNIT_SCADA,1,"2022/10/20 23:15:00",GSTONE2,0
D,DISPATCH,UNIT_SCADA,1,"2022/10/20 23:15:00",GSTONE3,139.649990
D,DISPATCH,UNIT_SCADA,1,"2022/10/20 23:15:00",GSTONE4,0
D,DISPATCH,UNIT_SCADA,1,"2022/10/20 23:15:00",GSTONE5,206.6750
D,DISPATCH,UNIT_SCADA,1,"2022/10/20 23:15:00",GSTONE6,206.3250
D,DISPATCH,UNIT_SCADA,1,"2022/10/20 23:15:00",GULLRSF1,0
D,DISPATCH,UNIT_SCADA,1,"2022/10/20 23:15:00",GULLRWF1,63.454030
D,DISPATCH,UNIT_SCADA,1,"2022/10/20 23:15:00",GULLRWF2,103.1129
D,DISPATCH,UNIT_SCADA,1,"2022/10/20 23:15:00",GUNNING1,0
D,DISPATCH,UNIT_SCADA,1,"2022/10/20 23:15:00",GUTHEGA,67.600010
D,DISPATCH,UNIT_SCADA,1,"2022/10/20 23:15:00",HALLWF1,13.69
D,DISPATCH,UNIT_SCADA,1,"2022/10/20 23:15:00",HALLWF2,12.44
D,DISPATCH,UNIT_SCADA,1,"2022/10/20 23:15:00",HAMISF1,0
D,DISPATCH,UNIT_SCADA,1,"2022/10/20 23:15:00",HAUGHT11,0
D,DISPATCH,UNIT_SCADA,1,"2022/10/20 23:15:00",HAYMSF1,0
D,DISPATCH,UNIT_SCADA,1,"2022/10/20 23:15:00",HDWF1,26.20
D,DISPATCH,UNIT_SCADA,1,"2022/10/20 23:15:00",HDWF2,10.30
D,DISPATCH,UNIT_SCADA,1,"2022/10/20 23:15:00",HDWF3,16.20
D,DISPATCH,UNIT_SCADA,1,"2022/10/20 23:15:00",HILLSTN1,0
D,DISPATCH,UNIT_SCADA,1,"2022/10/20 23:15:00",HPRG1,2.30
D,DISPATCH,UNIT_SCADA,1,"2022/10/20 23:15:00",HPRL1,0
D,DISPATCH,UNIT_SCADA,1,"2022/10/20 23:15:00",HUMENSW,54.696710
D,DISPATCH,UNIT_SCADA,1,"2022/10/20 23:15:00",HUMEV,0
D,DISPATCH,UNIT_SCADA,1,"2022/10/20 23:15:00",HVWWBA1G,0
D,DISPATCH,UNIT_SCADA,1,"2022/10/20 23:15:00",HVWWBA1L,0.0060
D,DISPATCH,UNIT_SCADA,1,"2022/10/20 23:15:00",HVWWPV1,0
D,DISPATCH,UNIT_SCADA,1,"2022/10/20 23:15:00",JBUTTERS,0
D,DISPATCH,UNIT_SCADA,1,"2022/10/20 23:15:00",JEMALNG1,0
D,DISPATCH,UNIT_SCADA,1,"2022/10/20 23:15:00",JLA01,0
D,DISPATCH,UNIT_SCADA,1,"2022/10/20 23:15:00",JLA02,0
D,DISPATCH,UNIT_SCADA,1,"2022/10/20 23:15:00",JLA03,0
D,DISPATCH,UNIT_SCADA,1,"2022/10/20 23:15:00",JLA04,0
D,DISPATCH,UNIT_SCADA,1,"2022/10/20 23:15:00",JLB01,0
D,DISPATCH,UNIT_SCADA,1,"2022/10/20 23:15:00",JLB02,0.10
D,DISPATCH,UNIT_SCADA,1,"2022/10/20 23:15:00",JLB03,0
D,DISPATCH,UNIT_SCADA,1,"2022/10/20 23:15:00",JUNEESF1,0
D,DISPATCH,UNIT_SCADA,1,"2022/10/20 23:15:00",KABANWF1,0
D,DISPATCH,UNIT_SCADA,1,"2022/10/20 23:15:00",KAREEYA1,0
D,DISPATCH,UNIT_SCADA,1,"2022/10/20 23:15:00",KAREEYA2,0
D,DISPATCH,UNIT_SCADA,1,"2022/10/20 23:15:00",KAREEYA3,4.9725
D,DISPATCH,UNIT_SCADA,1,"2022/10/20 23:15:00",KAREEYA4,0
D,DISPATCH,UNIT_SCADA,1,"2022/10/20 23:15:00",KARSF1,0
D,DISPATCH,UNIT_SCADA,1,"2022/10/20 23:15:00",KEPSF1,0
D,DISPATCH,UNIT_SCADA,1,"2022/10/20 23:15:00",KEPWF1,1.76
D,DISPATCH,UNIT_SCADA,1,"2022/10/20 23:15:00",KIAMSF1,0
D,DISPATCH,UNIT_SCADA,1,"2022/10/20 23:15:00",KIATAWF1,10.10
D,DISPATCH,UNIT_SCADA,1,"2022/10/20 23:15:00",KPP_1,0
D,DISPATCH,UNIT_SCADA,1,"2022/10/20 23:15:00",KSP1,0
D,DISPATCH,UNIT_SCADA,1,"2022/10/20 23:15:00",LADBROK1,0.01
D,DISPATCH,UNIT_SCADA,1,"2022/10/20 23:15:00",LADBROK2,0.02
D,DISPATCH,UNIT_SCADA,1,"2022/10/20 23:15:00",LBBG1,0
D,DISPATCH,UNIT_SCADA,1,"2022/10/20 23:15:00",LBBL1,0
D,DISPATCH,UNIT_SCADA,1,"2022/10/20 23:15:00",LD01,320.792270
D,DISPATCH,UNIT_SCADA,1,"2022/10/20 23:15:00",LD02,0
D,DISPATCH,UNIT_SCADA,1,"2022/10/20 23:15:00",LD04,314.877780
D,DISPATCH,UNIT_SCADA,1,"2022/10/20 23:15:00",LEM_WIL,86.862780
D,DISPATCH,UNIT_SCADA,1,"2022/10/20 23:15:00",LGAPWF1,96.79
D,DISPATCH,UNIT_SCADA,1,"2022/10/20 23:15:00",LGAPWF2,71.73
D,DISPATCH,UNIT_SCADA,1,"2022/10/20 23:15:00",LILYSF1,0
D,DISPATCH,UNIT_SCADA,1,"2022/10/20 23:15:00",LIMOSF11,0
D,DISPATCH,UNIT_SCADA,1,"2022/10/20 23:15:00",LIMOSF21,0
D,DISPATCH,UNIT_SCADA,1,"2022/10/20 23:15:00",LI_WY_CA,56.064990
D,DISPATCH,UNIT_SCADA,1,"2022/10/20 23:15:00",LKBONNY1,16.0757
D,DISPATCH,UNIT_SCADA,1,"2022/10/20 23:15:00",LKBONNY2,43.437390
D,DISPATCH,UNIT_SCADA,1,"2022/10/20 23:15:00",LKBONNY3,12.671610
D,DISPATCH,UNIT_SCADA,1,"2022/10/20 23:15:00",LK_ECHO,0
D,DISPATCH,UNIT_SCADA,1,"2022/10/20 23:15:00",LNGS1,0
D,DISPATCH,UNIT_SCADA,1,"2022/10/20 23:15:00",LNGS2,0
D,DISPATCH,UNIT_SCADA,1,"2022/10/20 23:15:00",LONSDALE,0
D,DISPATCH,UNIT_SCADA,1,"2022/10/20 23:15:00",LOYYB1,576.691160
D,DISPATCH,UNIT_SCADA,1,"2022/10/20 23:15:00",LOYYB2,577.818970
D,DISPATCH,UNIT_SCADA,1,"2022/10/20 23:15:00",LYA1,561
D,DISPATCH,UNIT_SCADA,1,"2022/10/20 23:15:00",LYA2,0
D,DISPATCH,UNIT_SCADA,1,"2022/10/20 23:15:00",LYA3,561
D,DISPATCH,UNIT_SCADA,1,"2022/10/20 23:15:00",LYA4,562
D,DISPATCH,UNIT_SCADA,1,"2022/10/20 23:15:00",MACARTH1,57.598670
D,DISPATCH,UNIT_SCADA,1,"2022/10/20 23:15:00",MACKNTSH,0
D,DISPATCH,UNIT_SCADA,1,"2022/10/20 23:15:00",MANSLR1,0
D,DISPATCH,UNIT_SCADA,1,"2022/10/20 23:15:00",MAPS2PV1,0
D,DISPATCH,UNIT_SCADA,1,"2022/10/20 23:15:00",MAPS3PV1,0
D,DISPATCH,UNIT_SCADA,1,"2022/10/20 23:15:00",MARYRSF1,0
D,DISPATCH,UNIT_SCADA,1,"2022/10/20 23:15:00",MBPS2PV1,0
D,DISPATCH,UNIT_SCADA,1,"2022/10/20 23:15:00",MCKAY1,236.169980
D,DISPATCH,UNIT_SCADA,1,"2022/10/20 23:15:00",MEADOWBK,6.0018
D,DISPATCH,UNIT_SCADA,1,"2022/10/20 23:15:00",MERCER01,23.40
D,DISPATCH,UNIT_SCADA,1,"2022/10/20 23:15:00",METZSF1,0
D,DISPATCH,UNIT_SCADA,1,"2022/10/20 23:15:00",MEWF1,3.062530
D,DISPATCH,UNIT_SCADA,1,"2022/10/20 23:15:00",MIDDLSF1,0
D,DISPATCH,UNIT_SCADA,1,"2022/10/20 23:15:00",MINTARO,0.128180
D,DISPATCH,UNIT_SCADA,1,"2022/10/20 23:15:00",MOLNGSF1,0
D,DISPATCH,UNIT_SCADA,1,"2022/10/20 23:15:00",MOORAWF1,3.17
D,DISPATCH,UNIT_SCADA,1,"2022/10/20 23:15:00",MOREESF1,0
D,DISPATCH,UNIT_SCADA,1,"2022/10/20 23:15:00",MORTLK11,0
D,DISPATCH,UNIT_SCADA,1,"2022/10/20 23:15:00",MORTLK12,0
D,DISPATCH,UNIT_SCADA,1,"2022/10/20 23:15:00",MOUSF1,0
D,DISPATCH,UNIT_SCADA,1,"2022/10/20 23:15:00",MP1,0
D,DISPATCH,UNIT_SCADA,1,"2022/10/20 23:15:00",MP2,351.750980
D,DISPATCH,UNIT_SCADA,1,"2022/10/20 23:15:00",MPP_1,189.627320
D,DISPATCH,UNIT_SCADA,1,"2022/10/20 23:15:00",MPP_2,187.445250
D,DISPATCH,UNIT_SCADA,1,"2022/10/20 23:15:00",MRTLSWF1,0
D,DISPATCH,UNIT_SCADA,1,"2022/10/20 23:15:00",MSTUART1,0
D,DISPATCH,UNIT_SCADA,1,"2022/10/20 23:15:00",MSTUART2,0
D,DISPATCH,UNIT_SCADA,1,"2022/10/20 23:15:00",MSTUART3,0
D,DISPATCH,UNIT_SCADA,1,"2022/10/20 23:15:00",MTGELWF1,65.434740
D,DISPATCH,UNIT_SCADA,1,"2022/10/20 23:15:00",MTMILLAR,17.70
D,DISPATCH,UNIT_SCADA,1,"2022/10/20 23:15:00",MURRAY,0
D,DISPATCH,UNIT_SCADA,1,"2022/10/20 23:15:00",MUSSELR1,18.90
D,DISPATCH,UNIT_SCADA,1,"2022/10/20 23:15:00",MUWAWF1,77.29
D,DISPATCH,UNIT_SCADA,1,"2022/10/20 23:15:00",MUWAWF2,72.70
D,DISPATCH,UNIT_SCADA,1,"2022/10/20 23:15:00",MWPS1PV1,0
D,DISPATCH,UNIT_SCADA,1,"2022/10/20 23:15:00",MWPS2PV1,0
D,DISPATCH,UNIT_SCADA,1,"2022/10/20 23:15:00",MWPS3PV1,0
D,DISPATCH,UNIT_SCADA,1,"2022/10/20 23:15:00",MWPS4PV1,0
D,DISPATCH,UNIT_SCADA,1,"2022/10/20 23:15:00",NBHWF1,10.90
D,DISPATCH,UNIT_SCADA,1,"2022/10/20 23:15:00",NEVERSF1,0
D,DISPATCH,UNIT_SCADA,1,"2022/10/20 23:15:00",NPS,0
D,DISPATCH,UNIT_SCADA,1,"2022/10/20 23:15:00",NUMURSF1,0
D,DISPATCH,UNIT_SCADA,1,"2022/10/20 23:15:00",NYNGAN1,0
D,DISPATCH,UNIT_SCADA,1,"2022/10/20 23:15:00",OAKEY1,0
D,DISPATCH,UNIT_SCADA,1,"2022/10/20 23:15:00",OAKEY1SF,0
D,DISPATCH,UNIT_SCADA,1,"2022/10/20 23:15:00",OAKEY2,0
D,DISPATCH,UNIT_SCADA,1,"2022/10/20 23:15:00",OAKEY2SF,0
D,DISPATCH,UNIT_SCADA,1,"2022/10/20 23:15:00",OAKLAND1,8.30
D,DISPATCH,UNIT_SCADA,1,"2022/10/20 23:15:00",OSB-AG,180.649990
D,DISPATCH,UNIT_SCADA,1,"2022/10/20 23:15:00",PAREPS1,0
D,DISPATCH,UNIT_SCADA,1,"2022/10/20 23:15:00",PAREPW1,51.40
D,DISPATCH,UNIT_SCADA,1,"2022/10/20 23:15:00",PARSF1,0.001530
D,DISPATCH,UNIT_SCADA,1,"2022/10/20 23:15:00",POAT110,3.18
D,DISPATCH,UNIT_SCADA,1,"2022/10/20 23:15:00",POAT220,0
D,DISPATCH,UNIT_SCADA,1,"2022/10/20 23:15:00",POR01,0
D,DISPATCH,UNIT_SCADA,1,"2022/10/20 23:15:00",POR03,0
D,DISPATCH,UNIT_SCADA,1,"2022/10/20 23:15:00",PPCCGT,167.512190
D,DISPATCH,UNIT_SCADA,1,"2022/10/20 23:15:00",PTSTAN1,0
D,DISPATCH,UNIT_SCADA,1,"2022/10/20 23:15:00",PUMP1,0
D,DISPATCH,UNIT_SCADA,1,"2022/10/20 23:15:00",PUMP2,0
D,DISPATCH,UNIT_SCADA,1,"2022/10/20 23:15:00",QBYNBG1,0
D,DISPATCH,UNIT_SCADA,1,"2022/10/20 23:15:00",QBYNBL1,0.0005
D,DISPATCH,UNIT_SCADA,1,"2022/10/20 23:15:00",QPS1,0
D,DISPATCH,UNIT_SCADA,1,"2022/10/20 23:15:00",QPS2,0
D,DISPATCH,UNIT_SCADA,1,"2022/10/20 23:15:00",QPS3,0
D,DISPATCH,UNIT_SCADA,1,"2022/10/20 23:15:00",QPS4,0
D,DISPATCH,UNIT_SCADA,1,"2022/10/20 23:15:00",QPS5,0
D,DISPATCH,UNIT_SCADA,1,"2022/10/20 23:15:00",REECE1,0
D,DISPATCH,UNIT_SCADA,1,"2022/10/20 23:15:00",REECE2,0
D,DISPATCH,UNIT_SCADA,1,"2022/10/20 23:15:00",ROMA_7,0
D,DISPATCH,UNIT_SCADA,1,"2022/10/20 23:15:00",ROMA_8,0
D,DISPATCH,UNIT_SCADA,1,"2022/10/20 23:15:00",RRSF1,0
D,DISPATCH,UNIT_SCADA,1,"2022/10/20 23:15:00",RT_NSW1,0
D,DISPATCH,UNIT_SCADA,1,"2022/10/20 23:15:00",RT_NSW2,0
D,DISPATCH,UNIT_SCADA,1,"2022/10/20 23:15:00",RT_NSW3,0
D,DISPATCH,UNIT_SCADA,1,"2022/10/20 23:15:00",RT_NSW4,0
D,DISPATCH,UNIT_SCADA,1,"2022/10/20 23:15:00",RT_NSW5,0
D,DISPATCH,UNIT_SCADA,1,"2022/10/20 23:15:00",RT_NSW6,0
D,DISPATCH,UNIT_SCADA,1,"2022/10/20 23:15:00",RT_QLD1,0
D,DISPATCH,UNIT_SCADA,1,"2022/10/20 23:15:00",RT_SA1,0
D,DISPATCH,UNIT_SCADA,1,"2022/10/20 23:15:00",RT_SA2,0
D,DISPATCH,UNIT_SCADA,1,"2022/10/20 23:15:00",RT_SA3,0
D,DISPATCH,UNIT_SCADA,1,"2022/10/20 23:15:00",RT_SA4,0
D,DISPATCH,UNIT_SCADA,1,"2022/10/20 23:15:00",RT_SA5,0
D,DISPATCH,UNIT_SCADA,1,"2022/10/20 23:15:00",RT_SA6,0
D,DISPATCH,UNIT_SCADA,1,"2022/10/20 23:15:00",RT_TAS1,0
D,DISPATCH,UNIT_SCADA,1,"2022/10/20 23:15:00",RT_VIC1,0
D,DISPATCH,UNIT_SCADA,1,"2022/10/20 23:15:00",RT_VIC10,0
D,DISPATCH,UNIT_SCADA,1,"2022/10/20 23:15:00",RT_VIC11,0
D,DISPATCH,UNIT_SCADA,1,"2022/10/20 23:15:00",RT_VIC12,0
D,DISPATCH,UNIT_SCADA,1,"2022/10/20 23:15:00",RT_VIC2,0
D,DISPATCH,UNIT_SCADA,1,"2022/10/20 23:15:00",RT_VIC3,0
D,DISPATCH,UNIT_SCADA,1,"2022/10/20 23:15:00",RT_VIC4,0
D,DISPATCH,UNIT_SCADA,1,"2022/10/20 23:15:00",RT_VIC5,0
D,DISPATCH,UNIT_SCADA,1,"2022/10/20 23:15:00",RT_VIC6,0
D,DISPATCH,UNIT_SCADA,1,"2022/10/20 23:15:00",RT_VIC7,0
D,DISPATCH,UNIT_SCADA,1,"2022/10/20 23:15:00",RT_VIC8,0
D,DISPATCH,UNIT_SCADA,1,"2022/10/20 23:15:00",RT_VIC9,0
D,DISPATCH,UNIT_SCADA,1,"2022/10/20 23:15:00",RUGBYR1,0
D,DISPATCH,UNIT_SCADA,1,"2022/10/20 23:15:00",SALTCRK1,33.16
D,DISPATCH,UNIT_SCADA,1,"2022/10/20 23:15:00",SAPHWF1,227.360950
D,DISPATCH,UNIT_SCADA,1,"2022/10/20 23:15:00",SEBSF1,0
D,DISPATCH,UNIT_SCADA,1,"2022/10/20 23:15:00",SHGEN,0
D,DISPATCH,UNIT_SCADA,1,"2022/10/20 23:15:00",SHPUMP,0
D,DISPATCH,UNIT_SCADA,1,"2022/10/20 23:15:00",SITHE01,0.123710
D,DISPATCH,UNIT_SCADA,1,"2022/10/20 23:15:00",SMCSF1,0
D,DISPATCH,UNIT_SCADA,1,"2022/10/20 23:15:00",SNAPPER1,0
D,DISPATCH,UNIT_SCADA,1,"2022/10/20 23:15:00",SNOWNTH1,56
D,DISPATCH,UNIT_SCADA,1,"2022/10/20 23:15:00",SNOWSTH1,42.30
D,DISPATCH,UNIT_SCADA,1,"2022/10/20 23:15:00",SNOWTWN1,46.308990
D,DISPATCH,UNIT_SCADA,1,"2022/10/20 23:15:00",SNOWYP,0
D,DISPATCH,UNIT_SCADA,1,"2022/10/20 23:15:00",SNUG1,0
D,DISPATCH,UNIT_SCADA,1,"2022/10/20 23:15:00",SRSF1,0
D,DISPATCH,UNIT_SCADA,1,"2022/10/20 23:15:00",STAN-1,279.222960
D,DISPATCH,UNIT_SCADA,1,"2022/10/20 23:15:00",STAN-2,361.820860
D,DISPATCH,UNIT_SCADA,1,"2022/10/20 23:15:00",STAN-3,364.1665
D,DISPATCH,UNIT_SCADA,1,"2022/10/20 23:15:00",STAN-4,365.550840
D,DISPATCH,UNIT_SCADA,1,"2022/10/20 23:15:00",STARHLWF,18.694550
D,DISPATCH,UNIT_SCADA,1,"2022/10/20 23:15:00",STOCKYD1,95.63
D,DISPATCH,UNIT_SCADA,1,"2022/10/20 23:15:00",STWF1,23.0222
D,DISPATCH,UNIT_SCADA,1,"2022/10/20 23:15:00",SUNRSF1,0
D,DISPATCH,UNIT_SCADA,1,"2022/10/20 23:15:00",SUNTPSF1,0
D,DISPATCH,UNIT_SCADA,1,"2022/10/20 23:15:00",SWAN_E,225.7106
D,DISPATCH,UNIT_SCADA,1,"2022/10/20 23:15:00",TALWA1,0
D,DISPATCH,UNIT_SCADA,1,"2022/10/20 23:15:00",TARALGA1,0
D,DISPATCH,UNIT_SCADA,1,"2022/10/20 23:15:00",TARONG#1,350
D,DISPATCH,UNIT_SCADA,1,"2022/10/20 23:15:00",TARONG#2,349.800020
D,DISPATCH,UNIT_SCADA,1,"2022/10/20 23:15:00",TARONG#3,0.90
D,DISPATCH,UNIT_SCADA,1,"2022/10/20 23:15:00",TARONG#4,228.80
D,DISPATCH,UNIT_SCADA,1,"2022/10/20 23:15:00",TARRALEA,54
D,DISPATCH,UNIT_SCADA,1,"2022/10/20 23:15:00",TBSF1,0
D,DISPATCH,UNIT_SCADA,1,"2022/10/20 23:15:00",TNPS1,352.9375
D,DISPATCH,UNIT_SCADA,1,"2022/10/20 23:15:00",TORRB1,0
D,DISPATCH,UNIT_SCADA,1,"2022/10/20 23:15:00",TORRB2,69
D,DISPATCH,UNIT_SCADA,1,"2022/10/20 23:15:00",TORRB3,0
D,DISPATCH,UNIT_SCADA,1,"2022/10/20 23:15:00",TORRB4,0
D,DISPATCH,UNIT_SCADA,1,"2022/10/20 23:15:00",TREVALLN,97.846990
D,DISPATCH,UNIT_SCADA,1,"2022/10/20 23:15:00",TRIBUTE,0
D,DISPATCH,UNIT_SCADA,1,"2022/10/20 23:15:00",TUMUT3,276.929990
D,DISPATCH,UNIT_SCADA,1,"2022/10/20 23:15:00",TUNGATIN,4.950020
D,DISPATCH,UNIT_SCADA,1,"2022/10/20 23:15:00",TVCC201,0
D,DISPATCH,UNIT_SCADA,1,"2022/10/20 23:15:00",TVPP104,0
D,DISPATCH,UNIT_SCADA,1,"2022/10/20 23:15:00",UPPTUMUT,0
D,DISPATCH,UNIT_SCADA,1,"2022/10/20 23:15:00",URANQ11,0
D,DISPATCH,UNIT_SCADA,1,"2022/10/20 23:15:00",URANQ12,0
D,DISPATCH,UNIT_SCADA,1,"2022/10/20 23:15:00",URANQ13,0
D,DISPATCH,UNIT_SCADA,1,"2022/10/20 23:15:00",URANQ14,0
D,DISPATCH,UNIT_SCADA,1,"2022/10/20 23:15:00",VBBG1,26.30
D,DISPATCH,UNIT_SCADA,1,"2022/10/20 23:15:00",VBBL1,0
D,DISPATCH,UNIT_SCADA,1,"2022/10/20 23:15:00",VP5,562.395080
D,DISPATCH,UNIT_SCADA,1,"2022/10/20 23:15:00",VP6,602.020320
D,DISPATCH,UNIT_SCADA,1,"2022/10/20 23:15:00",VPGS1,0
D,DISPATCH,UNIT_SCADA,1,"2022/10/20 23:15:00",VPGS2,0
D,DISPATCH,UNIT_SCADA,1,"2022/10/20 23:15:00",VPGS3,0
D,DISPATCH,UNIT_SCADA,1,"2022/10/20 23:15:00",VPGS4,0
D,DISPATCH,UNIT_SCADA,1,"2022/10/20 23:15:00",VPGS5,0
D,DISPATCH,UNIT_SCADA,1,"2022/10/20 23:15:00",VPGS6,0
D,DISPATCH,UNIT_SCADA,1,"2022/10/20 23:15:00",W/HOE#1,0
D,DISPATCH,UNIT_SCADA,1,"2022/10/20 23:15:00",W/HOE#2,0
D,DISPATCH,UNIT_SCADA,1,"2022/10/20 23:15:00",WAGGNSF1,0
D,DISPATCH,UNIT_SCADA,1,"2022/10/20 23:15:00",WALGRVG1,0.000930
D,DISPATCH,UNIT_SCADA,1,"2022/10/20 23:15:00",WALGRVL1,0
D,DISPATCH,UNIT_SCADA,1,"2022/10/20 23:15:00",WANDBG1,0
D,DISPATCH,UNIT_SCADA,1,"2022/10/20 23:15:00",WANDBL1,0
D,DISPATCH,UNIT_SCADA,1,"2022/10/20 23:15:00",WARWSF1,0
D,DISPATCH,UNIT_SCADA,1,"2022/10/20 23:15:00",WARWSF2,0
D,DISPATCH,UNIT_SCADA,1,"2022/10/20 23:15:00",WATERLWF,23.50
D,DISPATCH,UNIT_SCADA,1,"2022/10/20 23:15:00",WDGPH1,0
D,DISPATCH,UNIT_SCADA,1,"2022/10/20 23:15:00",WELLSF1,0
D,DISPATCH,UNIT_SCADA,1,"2022/10/20 23:15:00",WEMENSF1,0
D,DISPATCH,UNIT_SCADA,1,"2022/10/20 23:15:00",WGWF1,13
D,DISPATCH,UNIT_SCADA,1,"2022/10/20 23:15:00",WHITSF1,0
D,DISPATCH,UNIT_SCADA,1,"2022/10/20 23:15:00",WINTSF1,0
D,DISPATCH,UNIT_SCADA,1,"2022/10/20 23:15:00",WKIEWA1,34.10
D,DISPATCH,UNIT_SCADA,1,"2022/10/20 23:15:00",WKIEWA2,34.10
D,DISPATCH,UNIT_SCADA,1,"2022/10/20 23:15:00",WOODLWN1,37.3409
D,DISPATCH,UNIT_SCADA,1,"2022/10/20 23:15:00",WOOLGSF1,0
D,DISPATCH,UNIT_SCADA,1,"2022/10/20 23:15:00",WPWF,40.09
D,DISPATCH,UNIT_SCADA,1,"2022/10/20 23:15:00",WRSF1,0
D,DISPATCH,UNIT_SCADA,1,"2022/10/20 23:15:00",WRWF1,130.887620
D,DISPATCH,UNIT_SCADA,1,"2022/10/20 23:15:00",WSTWYSF1,0
D,DISPATCH,UNIT_SCADA,1,"2022/10/20 23:15:00",YABULU,0
D,DISPATCH,UNIT_SCADA,1,"2022/10/20 23:15:00",YABULU2,0
D,DISPATCH,UNIT_SCADA,1,"2022/10/20 23:15:00",YARANSF1,0
D,DISPATCH,UNIT_SCADA,1,"2022/10/20 23:15:00",YARWUN_1,163.489990
D,DISPATCH,UNIT_SCADA,1,"2022/10/20 23:15:00",YATSF1,0
D,DISPATCH,UNIT_SCADA,1,"2022/10/20 23:15:00",YENDWF1,9.02
D,DISPATCH,UNIT_SCADA,1,"2022/10/20 23:15:00",YWPS1,281.200010
D,DISPATCH,UNIT_SCADA,1,"2022/10/20 23:15:00",YWPS2,360.399990
D,DISPATCH,UNIT_SCADA,1,"2022/10/20 23:15:00",YWPS3,362.2114
D,DISPATCH,UNIT_SCADA,1,"2022/10/20 23:15:00",YWPS4,0
C,"END OF REPORT",419
