C,NEMP.WORLD,DISPATCHSCADA,AEMO,PUBLIC,2022/10/20,17:25:09,0000000373270122,DISPATCHSCADA,0000000373270116
I,DISPATCH,UNIT_SCADA,1,SETTLEMENTDATE,DUID,SCADAVALUE
D,DISPATCH,UNIT_SCADA,1,"2022/10/20 17:30:00",BARCSF1,4.60
D,DISPATCH,UNIT_SCADA,1,"2022/10/20 17:30:00",BUTLERSG,8.699999
D,DISPATCH,UNIT_SCADA,1,"2022/10/20 17:30:00",CAPTL_WF,95.286606
D,DISPATCH,UNIT_SCADA,1,"2022/10/20 17:30:00",CHALLHWF,10.60
D,DISPATCH,UNIT_SCADA,1,"2022/10/20 17:30:00",CLOVER,12.92
D,DISPATCH,UNIT_SCADA,1,"2022/10/20 17:30:00",CLUNY,6.353399
D,DISPATCH,UNIT_SCADA,1,"2022/10/20 17:30:00",CULLRGWF,-0.03
D,DISPATCH,UNIT_SCADA,1,"2022/10/20 17:30:00",DIAPURWF1,1.70
D,DISPATCH,UNIT_SCADA,1,"2022/10/20 17:30:00",ERGT01,0
D,DISPATCH,UNIT_SCADA,1,"2022/10/20 17:30:00",GB01,0
D,DISPATCH,UNIT_SCADA,1,"2022/10/20 17:30:00",GERMCRK,20.299999
D,DISPATCH,UNIT_SCADA,1,"2022/10/20 17:30:00",GRIFSF1,5.400168
D,DISPATCH,UNIT_SCADA,1,"2022/10/20 17:30:00",HEZ1,0
D,DISPATCH,UNIT_SCADA,1,"2022/10/20 17:30:00",HUGSF1,1.0690
D,DISPATCH,UNIT_SCADA,1,"2022/10/20 17:30:00",KEPBG1,0.01
D,DISPATCH,UNIT_SCADA,1,"2022/10/20 17:30:00",LRSF1,6.4520
D,DISPATCH,UNIT_SCADA,1,"2022/10/20 17:30:00",MBAHNTH,43.6875
D,DISPATCH,UNIT_SCADA,1,"2022/10/20 17:30:00",MLSP1,0.238001
D,DISPATCH,UNIT_SCADA,1,"2022/10/20 17:30:00",MLWF1,6.42
D,DISPATCH,UNIT_SCADA,1,"2022/10/20 17:30:00",PALOONA,30.219999
D,DISPATCH,UNIT_SCADA,1,"2022/10/20 17:30:00",PIONEER,26.50
D,DISPATCH,UNIT_SCADA,1,"2022/10/20 17:30:00",PORTWF,27.299999
D,DISPATCH,UNIT_SCADA,1,"2022/10/20 17:30:00",REPULSE,9.582055
D,DISPATCH,UNIT_SCADA,1,"2022/10/20 17:30:00",ROWALLAN,8.8395
D,DISPATCH,UNIT_SCADA,1,"2022/10/20 17:30:00",ROYALLA1,0
D,DISPATCH,UNIT_SCADA,1,"2022/10/20 17:30:00",RPCG,-1.80
D,DISPATCH,UNIT_SCADA,1,"2022/10/20 17:30:00",RUBICON,0
D,DISPATCH,UNIT_SCADA,1,"2022/10/20 17:30:00",WAUBRAWF,61.202999
D,DISPATCH,UNIT_SCADA,1,"2022/10/20 17:30:00",WOOLNTH1,96.759995
D,DISPATCH,UNIT_SCADA,1,"2022/10/20 17:30:00",YAMBUKWF,3.50
D,DISPATCH,UNIT_SCADA,1,"2022/10/20 17:30:00",YSWF1,1.20
D,DISPATCH,UNIT_SCADA,1,"2022/10/20 17:30:00",ADPBA1G,0.0080
D,DISPATCH,UNIT_SCADA,1,"2022/10/20 17:30:00",ADPBA1L,0
D,DISPATCH,UNIT_SCADA,1,"2022/10/20 17:30:00",ADPPV1,2.8420
D,DISPATCH,UNIT_SCADA,1,"2022/10/20 17:30:00",AGLHAL,30.739780
D,DISPATCH,UNIT_SCADA,1,"2022/10/20 17:30:00",AGLSOM,0
D,DISPATCH,UNIT_SCADA,1,"2022/10/20 17:30:00",ANGAST1,0
D,DISPATCH,UNIT_SCADA,1,"2022/10/20 17:30:00",ARWF1,80.10
D,DISPATCH,UNIT_SCADA,1,"2022/10/20 17:30:00",BALBG1,2.96
D,DISPATCH,UNIT_SCADA,1,"2022/10/20 17:30:00",BALBL1,0
D,DISPATCH,UNIT_SCADA,1,"2022/10/20 17:30:00",BALDHWF1,104.796010
D,DISPATCH,UNIT_SCADA,1,"2022/10/20 17:30:00",BANGOWF1,93.397420
D,DISPATCH,UNIT_SCADA,1,"2022/10/20 17:30:00",BANGOWF2,52.597920
D,DISPATCH,UNIT_SCADA,1,"2022/10/20 17:30:00",BANN1,8.17
D,DISPATCH,UNIT_SCADA,1,"2022/10/20 17:30:00",BARCALDN,0
D,DISPATCH,UNIT_SCADA,1,"2022/10/20 17:30:00",BARKIPS1,0
D,DISPATCH,UNIT_SCADA,1,"2022/10/20 17:30:00",BARRON-1,27.84
D,DISPATCH,UNIT_SCADA,1,"2022/10/20 17:30:00",BARRON-2,28.12
D,DISPATCH,UNIT_SCADA,1,"2022/10/20 17:30:00",BASTYAN,50.04
D,DISPATCH,UNIT_SCADA,1,"2022/10/20 17:30:00",BBTHREE1,0
D,DISPATCH,UNIT_SCADA,1,"2022/10/20 17:30:00",BBTHREE2,0
D,DISPATCH,UNIT_SCADA,1,"2022/10/20 17:30:00",BBTHREE3,-1.12
D,DISPATCH,UNIT_SCADA,1,"2022/10/20 17:30:00",BDL01,0
D,DISPATCH,UNIT_SCADA,1,"2022/10/20 17:30:00",BDL02,0
D,DISPATCH,UNIT_SCADA,1,"2022/10/20 17:30:00",BERYLSF1,5.951340
D,DISPATCH,UNIT_SCADA,1,"2022/10/20 17:30:00",BLOWERNG,62.50
D,DISPATCH,UNIT_SCADA,1,"2022/10/20 17:30:00",BLUEGSF1,2.565760
D,DISPATCH,UNIT_SCADA,1,"2022/10/20 17:30:00",BLUFF1,0.80
D,DISPATCH,UNIT_SCADA,1,"2022/10/20 17:30:00",BNGSF1,81.37
D,DISPATCH,UNIT_SCADA,1,"2022/10/20 17:30:00",BNGSF2,83.45
D,DISPATCH,UNIT_SCADA,1,"2022/10/20 17:30:00",BOCORWF1,72.30
D,DISPATCH,UNIT_SCADA,1,"2022/10/20 17:30:00",BODWF1,103.453830
D,DISPATCH,UNIT_SCADA,1,"2022/10/20 17:30:00",BOMENSF1,8.853280
D,DISPATCH,UNIT_SCADA,1,"2022/10/20 17:30:00",BOWWBA1G,0
D,DISPATCH,UNIT_SCADA,1,"2022/10/20 17:30:00",BOWWBA1L,0.0010
D,DISPATCH,UNIT_SCADA,1,"2022/10/20 17:30:00",BOWWPV1,0.0010
D,DISPATCH,UNIT_SCADA,1,"2022/10/20 17:30:00",BRAEMAR1,0
D,DISPATCH,UNIT_SCADA,1,"2022/10/20 17:30:00",BRAEMAR2,0
D,DISPATCH,UNIT_SCADA,1,"2022/10/20 17:30:00",BRAEMAR3,0
D,DISPATCH,UNIT_SCADA,1,"2022/10/20 17:30:00",BRAEMAR5,145.576310
D,DISPATCH,UNIT_SCADA,1,"2022/10/20 17:30:00",BRAEMAR6,0
D,DISPATCH,UNIT_SCADA,1,"2022/10/20 17:30:00",BRAEMAR7,141.809750
D,DISPATCH,UNIT_SCADA,1,"2022/10/20 17:30:00",BROKENH1,14.899770
D,DISPATCH,UNIT_SCADA,1,"2022/10/20 17:30:00",BRYB1WF1,86.6865
D,DISPATCH,UNIT_SCADA,1,"2022/10/20 17:30:00",BULBESG1,0
D,DISPATCH,UNIT_SCADA,1,"2022/10/20 17:30:00",BULBESL1,0.03
D,DISPATCH,UNIT_SCADA,1,"2022/10/20 17:30:00",BULGANA1,65.89
D,DISPATCH,UNIT_SCADA,1,"2022/10/20 17:30:00",BW01,660.691220
D,DISPATCH,UNIT_SCADA,1,"2022/10/20 17:30:00",BW02,620.9201
D,DISPATCH,UNIT_SCADA,1,"2022/10/20 17:30:00",BW03,580.685120
D,DISPATCH,UNIT_SCADA,1,"2022/10/20 17:30:00",BW04,0
D,DISPATCH,UNIT_SCADA,1,"2022/10/20 17:30:00",CALL_B_1,322.899990
D,DISPATCH,UNIT_SCADA,1,"2022/10/20 17:30:00",CALL_B_2,322.800020
D,DISPATCH,UNIT_SCADA,1,"2022/10/20 17:30:00",CATHROCK,12.50
D,DISPATCH,UNIT_SCADA,1,"2022/10/20 17:30:00",CBWWBA1G,0
D,DISPATCH,UNIT_SCADA,1,"2022/10/20 17:30:00",CBWWBA1L,0
D,DISPATCH,UNIT_SCADA,1,"2022/10/20 17:30:00",CETHANA,97.825250
D,DISPATCH,UNIT_SCADA,1,"2022/10/20 17:30:00",CG1,0
D,DISPATCH,UNIT_SCADA,1,"2022/10/20 17:30:00",CG2,0
D,DISPATCH,UNIT_SCADA,1,"2022/10/20 17:30:00",CG3,0
D,DISPATCH,UNIT_SCADA,1,"2022/10/20 17:30:00",CG4,0
D,DISPATCH,UNIT_SCADA,1,"2022/10/20 17:30:00",CHILDSF1,0
D,DISPATCH,UNIT_SCADA,1,"2022/10/20 17:30:00",CHYTWF1,7.52
D,DISPATCH,UNIT_SCADA,1,"2022/10/20 17:30:00",CLARESF1,5.011710
D,DISPATCH,UNIT_SCADA,1,"2022/10/20 17:30:00",CLEMGPWF,18.945210
D,DISPATCH,UNIT_SCADA,1,"2022/10/20 17:30:00",CLERMSF1,4.49
D,DISPATCH,UNIT_SCADA,1,"2022/10/20 17:30:00",CNUNDAWF,6.908060
D,DISPATCH,UNIT_SCADA,1,"2022/10/20 17:30:00",COHUNSF1,1.48
D,DISPATCH,UNIT_SCADA,1,"2022/10/20 17:30:00",COLEASF1,9.602880
D,DISPATCH,UNIT_SCADA,1,"2022/10/20 17:30:00",COLUMSF1,2.6030
D,DISPATCH,UNIT_SCADA,1,"2022/10/20 17:30:00",COLWF01,100.401310
D,DISPATCH,UNIT_SCADA,1,"2022/10/20 17:30:00",COOPGWF1,334.859990
D,DISPATCH,UNIT_SCADA,1,"2022/10/20 17:30:00",CPP_3,372.075010
D,DISPATCH,UNIT_SCADA,1,"2022/10/20 17:30:00",CPP_4,0
D,DISPATCH,UNIT_SCADA,1,"2022/10/20 17:30:00",CPSA,0
D,DISPATCH,UNIT_SCADA,1,"2022/10/20 17:30:00",CROOKWF2,70.914780
D,DISPATCH,UNIT_SCADA,1,"2022/10/20 17:30:00",CROWLWF1,30.117890
D,DISPATCH,UNIT_SCADA,1,"2022/10/20 17:30:00",CRURWF1,65.197450
D,DISPATCH,UNIT_SCADA,1,"2022/10/20 17:30:00",CRWASF1,11.0592
D,DISPATCH,UNIT_SCADA,1,"2022/10/20 17:30:00",CSPVPS1,0.7740
D,DISPATCH,UNIT_SCADA,1,"2022/10/20 17:30:00",CTHLWF1,0.003050
D,DISPATCH,UNIT_SCADA,1,"2022/10/20 17:30:00",DALNTH01,0
D,DISPATCH,UNIT_SCADA,1,"2022/10/20 17:30:00",DALNTHL1,0.090030
D,DISPATCH,UNIT_SCADA,1,"2022/10/20 17:30:00",DARLSF1,43.542960
D,DISPATCH,UNIT_SCADA,1,"2022/10/20 17:30:00",DARTM1,0
D,DISPATCH,UNIT_SCADA,1,"2022/10/20 17:30:00",DAYDSF1,0
D,DISPATCH,UNIT_SCADA,1,"2022/10/20 17:30:00",DDPS1,0
D,DISPATCH,UNIT_SCADA,1,"2022/10/20 17:30:00",DDSF1,3.668860
D,DISPATCH,UNIT_SCADA,1,"2022/10/20 17:30:00",DEVILS_G,60.348520
D,DISPATCH,UNIT_SCADA,1,"2022/10/20 17:30:00",DG_NSW1,0
D,DISPATCH,UNIT_SCADA,1,"2022/10/20 17:30:00",DG_QLD1,0
D,DISPATCH,UNIT_SCADA,1,"2022/10/20 17:30:00",DG_SA1,0
D,DISPATCH,UNIT_SCADA,1,"2022/10/20 17:30:00",DG_TAS1,0
D,DISPATCH,UNIT_SCADA,1,"2022/10/20 17:30:00",DG_VIC1,0
D,DISPATCH,UNIT_SCADA,1,"2022/10/20 17:30:00",DRYCGT1,0
D,DISPATCH,UNIT_SCADA,1,"2022/10/20 17:30:00",DRYCGT2,0
D,DISPATCH,UNIT_SCADA,1,"2022/10/20 17:30:00",DRYCGT3,0
D,DISPATCH,UNIT_SCADA,1,"2022/10/20 17:30:00",DUNDWF1,67.74
D,DISPATCH,UNIT_SCADA,1,"2022/10/20 17:30:00",DUNDWF2,18.18
D,DISPATCH,UNIT_SCADA,1,"2022/10/20 17:30:00",DUNDWF3,74.03
D,DISPATCH,UNIT_SCADA,1,"2022/10/20 17:30:00",EILDON1,60.04
D,DISPATCH,UNIT_SCADA,1,"2022/10/20 17:30:00",EILDON2,60.16
D,DISPATCH,UNIT_SCADA,1,"2022/10/20 17:30:00",ELAINWF1,18.07
D,DISPATCH,UNIT_SCADA,1,"2022/10/20 17:30:00",EMERASF1,0
D,DISPATCH,UNIT_SCADA,1,"2022/10/20 17:30:00",ER01,0
D,DISPATCH,UNIT_SCADA,1,"2022/10/20 17:30:00",ER02,607.907230
D,DISPATCH,UNIT_SCADA,1,"2022/10/20 17:30:00",ER03,639.035640
D,DISPATCH,UNIT_SCADA,1,"2022/10/20 17:30:00",ER04,689.964110
D,DISPATCH,UNIT_SCADA,1,"2022/10/20 17:30:00",FINLYSF1,47.672240
D,DISPATCH,UNIT_SCADA,1,"2022/10/20 17:30:00",FISHER,43.89
D,DISPATCH,UNIT_SCADA,1,"2022/10/20 17:30:00",GANGARR1,0
D,DISPATCH,UNIT_SCADA,1,"2022/10/20 17:30:00",GANNBG1,0.607670
D,DISPATCH,UNIT_SCADA,1,"2022/10/20 17:30:00",GANNBL1,0
D,DISPATCH,UNIT_SCADA,1,"2022/10/20 17:30:00",GANNSF1,24.50
D,DISPATCH,UNIT_SCADA,1,"2022/10/20 17:30:00",GLRWNSF1,12.23
D,DISPATCH,UNIT_SCADA,1,"2022/10/20 17:30:00",GNNDHSF1,7.4097
D,DISPATCH,UNIT_SCADA,1,"2022/10/20 17:30:00",GOONSF1,4.420230
D,DISPATCH,UNIT_SCADA,1,"2022/10/20 17:30:00",GORDON,264.864260
D,DISPATCH,UNIT_SCADA,1,"2022/10/20 17:30:00",GRANWF1,0
D,DISPATCH,UNIT_SCADA,1,"2022/10/20 17:30:00",GSTONE1,212.45
D,DISPATCH,UNIT_SCADA,1,"2022/10/20 17:30:00",GSTONE2,0
D,DISPATCH,UNIT_SCADA,1,"2022/10/20 17:30:00",GSTONE3,199.849990
D,DISPATCH,UNIT_SCADA,1,"2022/10/20 17:30:00",GSTONE4,0
D,DISPATCH,UNIT_SCADA,1,"2022/10/20 17:30:00",GSTONE5,219.974990
D,DISPATCH,UNIT_SCADA,1,"2022/10/20 17:30:00",GSTONE6,219.80
D,DISPATCH,UNIT_SCADA,1,"2022/10/20 17:30:00",GULLRSF1,0.414990
D,DISPATCH,UNIT_SCADA,1,"2022/10/20 17:30:00",GULLRWF1,99.2635
D,DISPATCH,UNIT_SCADA,1,"2022/10/20 17:30:00",GULLRWF2,96.600110
D,DISPATCH,UNIT_SCADA,1,"2022/10/20 17:30:00",GUNNING1,0
D,DISPATCH,UNIT_SCADA,1,"2022/10/20 17:30:00",GUTHEGA,68.100010
D,DISPATCH,UNIT_SCADA,1,"2022/10/20 17:30:00",HALLWF1,1.20
D,DISPATCH,UNIT_SCADA,1,"2022/10/20 17:30:00",HALLWF2,0.07
D,DISPATCH,UNIT_SCADA,1,"2022/10/20 17:30:00",HAMISF1,0
D,DISPATCH,UNIT_SCADA,1,"2022/10/20 17:30:00",HAUGHT11,0
D,DISPATCH,UNIT_SCADA,1,"2022/10/20 17:30:00",HAYMSF1,0
D,DISPATCH,UNIT_SCADA,1,"2022/10/20 17:30:00",HDWF1,25.50
D,DISPATCH,UNIT_SCADA,1,"2022/10/20 17:30:00",HDWF2,16.80
D,DISPATCH,UNIT_SCADA,1,"2022/10/20 17:30:00",HDWF3,25.40
D,DISPATCH,UNIT_SCADA,1,"2022/10/20 17:30:00",HILLSTN1,0
D,DISPATCH,UNIT_SCADA,1,"2022/10/20 17:30:00",HPRG1,8.30
D,DISPATCH,UNIT_SCADA,1,"2022/10/20 17:30:00",HPRL1,0
D,DISPATCH,UNIT_SCADA,1,"2022/10/20 17:30:00",HUMENSW,55.136610
D,DISPATCH,UNIT_SCADA,1,"2022/10/20 17:30:00",HUMEV,0
D,DISPATCH,UNIT_SCADA,1,"2022/10/20 17:30:00",HVWWBA1G,0
D,DISPATCH,UNIT_SCADA,1,"2022/10/20 17:30:00",HVWWBA1L,0.0070
D,DISPATCH,UNIT_SCADA,1,"2022/10/20 17:30:00",HVWWPV1,3.4030
D,DISPATCH,UNIT_SCADA,1,"2022/10/20 17:30:00",JBUTTERS,0
D,DISPATCH,UNIT_SCADA,1,"2022/10/20 17:30:00",JEMALNG1,3.03
D,DISPATCH,UNIT_SCADA,1,"2022/10/20 17:30:00",JLA01,0
D,DISPATCH,UNIT_SCADA,1,"2022/10/20 17:30:00",JLA02,0
D,DISPATCH,UNIT_SCADA,1,"2022/10/20 17:30:00",JLA03,0
D,DISPATCH,UNIT_SCADA,1,"2022/10/20 17:30:00",JLA04,0
D,DISPATCH,UNIT_SCADA,1,"2022/10/20 17:30:00",JLB01,0
D,DISPATCH,UNIT_SCADA,1,"2022/10/20 17:30:00",JLB02,0.10
D,DISPATCH,UNIT_SCADA,1,"2022/10/20 17:30:00",JLB03,0
D,DISPATCH,UNIT_SCADA,1,"2022/10/20 17:30:00",JUNEESF1,1.744060
D,DISPATCH,UNIT_SCADA,1,"2022/10/20 17:30:00",KABANWF1,2.9830
D,DISPATCH,UNIT_SCADA,1,"2022/10/20 17:30:00",KAREEYA1,18.06
D,DISPATCH,UNIT_SCADA,1,"2022/10/20 17:30:00",KAREEYA2,0
D,DISPATCH,UNIT_SCADA,1,"2022/10/20 17:30:00",KAREEYA3,21.6450
D,DISPATCH,UNIT_SCADA,1,"2022/10/20 17:30:00",KAREEYA4,0
D,DISPATCH,UNIT_SCADA,1,"2022/10/20 17:30:00",KARSF1,7.10
D,DISPATCH,UNIT_SCADA,1,"2022/10/20 17:30:00",KEPSF1,1.36
D,DISPATCH,UNIT_SCADA,1,"2022/10/20 17:30:00",KEPWF1,17.39
D,DISPATCH,UNIT_SCADA,1,"2022/10/20 17:30:00",KIAMSF1,6.351570
D,DISPATCH,UNIT_SCADA,1,"2022/10/20 17:30:00",KIATAWF1,10.70
D,DISPATCH,UNIT_SCADA,1,"2022/10/20 17:30:00",KPP_1,0
D,DISPATCH,UNIT_SCADA,1,"2022/10/20 17:30:00",KSP1,0.02
D,DISPATCH,UNIT_SCADA,1,"2022/10/20 17:30:00",LADBROK1,0.01
D,DISPATCH,UNIT_SCADA,1,"2022/10/20 17:30:00",LADBROK2,0.02
D,DISPATCH,UNIT_SCADA,1,"2022/10/20 17:30:00",LBBG1,1.65
D,DISPATCH,UNIT_SCADA,1,"2022/10/20 17:30:00",LBBL1,0
D,DISPATCH,UNIT_SCADA,1,"2022/10/20 17:30:00",LD01,382.006290
D,DISPATCH,UNIT_SCADA,1,"2022/10/20 17:30:00",LD02,31.6599
D,DISPATCH,UNIT_SCADA,1,"2022/10/20 17:30:00",LD04,320.279540
D,DISPATCH,UNIT_SCADA,1,"2022/10/20 17:30:00",LEM_WIL,86.757050
D,DISPATCH,UNIT_SCADA,1,"2022/10/20 17:30:00",LGAPWF1,72.61
D,DISPATCH,UNIT_SCADA,1,"2022/10/20 17:30:00",LGAPWF2,57.80
D,DISPATCH,UNIT_SCADA,1,"2022/10/20 17:30:00",LILYSF1,4.554750
D,DISPATCH,UNIT_SCADA,1,"2022/10/20 17:30:00",LIMOSF11,20.569930
D,DISPATCH,UNIT_SCADA,1,"2022/10/20 17:30:00",LIMOSF21,2.317880
D,DISPATCH,UNIT_SCADA,1,"2022/10/20 17:30:00",LI_WY_CA,62.329730
D,DISPATCH,UNIT_SCADA,1,"2022/10/20 17:30:00",LKBONNY1,6.966140
D,DISPATCH,UNIT_SCADA,1,"2022/10/20 17:30:00",LKBONNY2,17.527090
D,DISPATCH,UNIT_SCADA,1,"2022/10/20 17:30:00",LKBONNY3,2.567820
D,DISPATCH,UNIT_SCADA,1,"2022/10/20 17:30:00",LK_ECHO,0
D,DISPATCH,UNIT_SCADA,1,"2022/10/20 17:30:00",LNGS1,0
D,DISPATCH,UNIT_SCADA,1,"2022/10/20 17:30:00",LNGS2,0
D,DISPATCH,UNIT_SCADA,1,"2022/10/20 17:30:00",LONSDALE,0
D,DISPATCH,UNIT_SCADA,1,"2022/10/20 17:30:00",LOYYB1,579.322810
D,DISPATCH,UNIT_SCADA,1,"2022/10/20 17:30:00",LOYYB2,575.187320
D,DISPATCH,UNIT_SCADA,1,"2022/10/20 17:30:00",LYA1,563
D,DISPATCH,UNIT_SCADA,1,"2022/10/20 17:30:00",LYA2,0
D,DISPATCH,UNIT_SCADA,1,"2022/10/20 17:30:00",LYA3,561
D,DISPATCH,UNIT_SCADA,1,"2022/10/20 17:30:00",LYA4,562
D,DISPATCH,UNIT_SCADA,1,"2022/10/20 17:30:00",MACARTH1,53.198770
D,DISPATCH,UNIT_SCADA,1,"2022/10/20 17:30:00",MACKNTSH,23.63
D,DISPATCH,UNIT_SCADA,1,"2022/10/20 17:30:00",MANSLR1,1.6260
D,DISPATCH,UNIT_SCADA,1,"2022/10/20 17:30:00",MAPS2PV1,0
D,DISPATCH,UNIT_SCADA,1,"2022/10/20 17:30:00",MAPS3PV1,0
D,DISPATCH,UNIT_SCADA,1,"2022/10/20 17:30:00",MARYRSF1,0.89
D,DISPATCH,UNIT_SCADA,1,"2022/10/20 17:30:00",MBPS2PV1,0
D,DISPATCH,UNIT_SCADA,1,"2022/10/20 17:30:00",MCKAY1,223.2650
D,DISPATCH,UNIT_SCADA,1,"2022/10/20 17:30:00",MEADOWBK,6.1447
D,DISPATCH,UNIT_SCADA,1,"2022/10/20 17:30:00",MERCER01,28.60
D,DISPATCH,UNIT_SCADA,1,"2022/10/20 17:30:00",METZSF1,6.0198
D,DISPATCH,UNIT_SCADA,1,"2022/10/20 17:30:00",MEWF1,0
D,DISPATCH,UNIT_SCADA,1,"2022/10/20 17:30:00",MIDDLSF1,0.80
D,DISPATCH,UNIT_SCADA,1,"2022/10/20 17:30:00",MINTARO,0.128180
D,DISPATCH,UNIT_SCADA,1,"2022/10/20 17:30:00",MOLNGSF1,2.130160
D,DISPATCH,UNIT_SCADA,1,"2022/10/20 17:30:00",MOORAWF1,31.32
D,DISPATCH,UNIT_SCADA,1,"2022/10/20 17:30:00",MOREESF1,0
D,DISPATCH,UNIT_SCADA,1,"2022/10/20 17:30:00",MORTLK11,0
D,DISPATCH,UNIT_SCADA,1,"2022/10/20 17:30:00",MORTLK12,0
D,DISPATCH,UNIT_SCADA,1,"2022/10/20 17:30:00",MOUSF1,0
D,DISPATCH,UNIT_SCADA,1,"2022/10/20 17:30:00",MP1,0
D,DISPATCH,UNIT_SCADA,1,"2022/10/20 17:30:00",MP2,636.789490
D,DISPATCH,UNIT_SCADA,1,"2022/10/20 17:30:00",MPP_1,169.881790
D,DISPATCH,UNIT_SCADA,1,"2022/10/20 17:30:00",MPP_2,178.1981
D,DISPATCH,UNIT_SCADA,1,"2022/10/20 17:30:00",MRTLSWF1,0
D,DISPATCH,UNIT_SCADA,1,"2022/10/20 17:30:00",MSTUART1,0
D,DISPATCH,UNIT_SCADA,1,"2022/10/20 17:30:00",MSTUART2,0
D,DISPATCH,UNIT_SCADA,1,"2022/10/20 17:30:00",MSTUART3,0
D,DISPATCH,UNIT_SCADA,1,"2022/10/20 17:30:00",MTGELWF1,60.522780
D,DISPATCH,UNIT_SCADA,1,"2022/10/20 17:30:00",MTMILLAR,14.40
D,DISPATCH,UNIT_SCADA,1,"2022/10/20 17:30:00",MURRAY,110.70
D,DISPATCH,UNIT_SCADA,1,"2022/10/20 17:30:00",MUSSELR1,4.30
D,DISPATCH,UNIT_SCADA,1,"2022/10/20 17:30:00",MUWAWF1,10.59
D,DISPATCH,UNIT_SCADA,1,"2022/10/20 17:30:00",MUWAWF2,11.50
D,DISPATCH,UNIT_SCADA,1,"2022/10/20 17:30:00",MWPS1PV1,0.21
D,DISPATCH,UNIT_SCADA,1,"2022/10/20 17:30:00",MWPS2PV1,0.71
D,DISPATCH,UNIT_SCADA,1,"2022/10/20 17:30:00",MWPS3PV1,1.36
D,DISPATCH,UNIT_SCADA,1,"2022/10/20 17:30:00",MWPS4PV1,4.08
D,DISPATCH,UNIT_SCADA,1,"2022/10/20 17:30:00",NBHWF1,11.20
D,DISPATCH,UNIT_SCADA,1,"2022/10/20 17:30:00",NEVERSF1,2.12
D,DISPATCH,UNIT_SCADA,1,"2022/10/20 17:30:00",NPS,0
D,DISPATCH,UNIT_SCADA,1,"2022/10/20 17:30:00",NUMURSF1,14.56
D,DISPATCH,UNIT_SCADA,1,"2022/10/20 17:30:00",NYNGAN1,7.50
D,DISPATCH,UNIT_SCADA,1,"2022/10/20 17:30:00",OAKEY1,125.786270
D,DISPATCH,UNIT_SCADA,1,"2022/10/20 17:30:00",OAKEY1SF,0.7290
D,DISPATCH,UNIT_SCADA,1,"2022/10/20 17:30:00",OAKEY2,0
D,DISPATCH,UNIT_SCADA,1,"2022/10/20 17:30:00",OAKEY2SF,1.98
D,DISPATCH,UNIT_SCADA,1,"2022/10/20 17:30:00",OAKLAND1,17
D,DISPATCH,UNIT_SCADA,1,"2022/10/20 17:30:00",OSB-AG,149.28
D,DISPATCH,UNIT_SCADA,1,"2022/10/20 17:30:00",PAREPS1,0
D,DISPATCH,UNIT_SCADA,1,"2022/10/20 17:30:00",PAREPW1,167.269990
D,DISPATCH,UNIT_SCADA,1,"2022/10/20 17:30:00",PARSF1,3.300530
D,DISPATCH,UNIT_SCADA,1,"2022/10/20 17:30:00",POAT110,3.08
D,DISPATCH,UNIT_SCADA,1,"2022/10/20 17:30:00",POAT220,0
D,DISPATCH,UNIT_SCADA,1,"2022/10/20 17:30:00",POR01,0.008670
D,DISPATCH,UNIT_SCADA,1,"2022/10/20 17:30:00",POR03,0
D,DISPATCH,UNIT_SCADA,1,"2022/10/20 17:30:00",PPCCGT,167.512190
D,DISPATCH,UNIT_SCADA,1,"2022/10/20 17:30:00",PTSTAN1,0
D,DISPATCH,UNIT_SCADA,1,"2022/10/20 17:30:00",PUMP1,0
D,DISPATCH,UNIT_SCADA,1,"2022/10/20 17:30:00",PUMP2,0
D,DISPATCH,UNIT_SCADA,1,"2022/10/20 17:30:00",QBYNBG1,0.0005
D,DISPATCH,UNIT_SCADA,1,"2022/10/20 17:30:00",QBYNBL1,0
D,DISPATCH,UNIT_SCADA,1,"2022/10/20 17:30:00",QPS1,0
D,DISPATCH,UNIT_SCADA,1,"2022/10/20 17:30:00",QPS2,0
D,DISPATCH,UNIT_SCADA,1,"2022/10/20 17:30:00",QPS3,0
D,DISPATCH,UNIT_SCADA,1,"2022/10/20 17:30:00",QPS4,0
D,DISPATCH,UNIT_SCADA,1,"2022/10/20 17:30:00",QPS5,76.62
D,DISPATCH,UNIT_SCADA,1,"2022/10/20 17:30:00",REECE1,59.014130
D,DISPATCH,UNIT_SCADA,1,"2022/10/20 17:30:00",REECE2,37.79
D,DISPATCH,UNIT_SCADA,1,"2022/10/20 17:30:00",ROMA_7,0
D,DISPATCH,UNIT_SCADA,1,"2022/10/20 17:30:00",ROMA_8,0
D,DISPATCH,UNIT_SCADA,1,"2022/10/20 17:30:00",RRSF1,0
D,DISPATCH,UNIT_SCADA,1,"2022/10/20 17:30:00",RT_NSW1,0
D,DISPATCH,UNIT_SCADA,1,"2022/10/20 17:30:00",RT_NSW2,0
D,DISPATCH,UNIT_SCADA,1,"2022/10/20 17:30:00",RT_NSW3,0
D,DISPATCH,UNIT_SCADA,1,"2022/10/20 17:30:00",RT_NSW4,0
D,DISPATCH,UNIT_SCADA,1,"2022/10/20 17:30:00",RT_NSW5,0
D,DISPATCH,UNIT_SCADA,1,"2022/10/20 17:30:00",RT_NSW6,0
D,DISPATCH,UNIT_SCADA,1,"2022/10/20 17:30:00",RT_QLD1,0
D,DISPATCH,UNIT_SCADA,1,"2022/10/20 17:30:00",RT_SA1,0
D,DISPATCH,UNIT_SCADA,1,"2022/10/20 17:30:00",RT_SA2,0
D,DISPATCH,UNIT_SCADA,1,"2022/10/20 17:30:00",RT_SA3,0
D,DISPATCH,UNIT_SCADA,1,"2022/10/20 17:30:00",RT_SA4,0
D,DISPATCH,UNIT_SCADA,1,"2022/10/20 17:30:00",RT_SA5,0
D,DISPATCH,UNIT_SCADA,1,"2022/10/20 17:30:00",RT_SA6,0
D,DISPATCH,UNIT_SCADA,1,"2022/10/20 17:30:00",RT_TAS1,0
D,DISPATCH,UNIT_SCADA,1,"2022/10/20 17:30:00",RT_VIC1,0
D,DISPATCH,UNIT_SCADA,1,"2022/10/20 17:30:00",RT_VIC10,0
D,DISPATCH,UNIT_SCADA,1,"2022/10/20 17:30:00",RT_VIC11,0
D,DISPATCH,UNIT_SCADA,1,"2022/10/20 17:30:00",RT_VIC12,0
D,DISPATCH,UNIT_SCADA,1,"2022/10/20 17:30:00",RT_VIC2,0
D,DISPATCH,UNIT_SCADA,1,"2022/10/20 17:30:00",RT_VIC3,0
D,DISPATCH,UNIT_SCADA,1,"2022/10/20 17:30:00",RT_VIC4,0
D,DISPATCH,UNIT_SCADA,1,"2022/10/20 17:30:00",RT_VIC5,0
D,DISPATCH,UNIT_SCADA,1,"2022/10/20 17:30:00",RT_VIC6,0
D,DISPATCH,UNIT_SCADA,1,"2022/10/20 17:30:00",RT_VIC7,0
D,DISPATCH,UNIT_SCADA,1,"2022/10/20 17:30:00",RT_VIC8,0
D,DISPATCH,UNIT_SCADA,1,"2022/10/20 17:30:00",RT_VIC9,0
D,DISPATCH,UNIT_SCADA,1,"2022/10/20 17:30:00",RUGBYR1,6.6409
D,DISPATCH,UNIT_SCADA,1,"2022/10/20 17:30:00",SALTCRK1,17.23
D,DISPATCH,UNIT_SCADA,1,"2022/10/20 17:30:00",SAPHWF1,118.539710
D,DISPATCH,UNIT_SCADA,1,"2022/10/20 17:30:00",SEBSF1,2.278520
D,DISPATCH,UNIT_SCADA,1,"2022/10/20 17:30:00",SHGEN,78.908030
D,DISPATCH,UNIT_SCADA,1,"2022/10/20 17:30:00",SHPUMP,0
D,DISPATCH,UNIT_SCADA,1,"2022/10/20 17:30:00",SITHE01,0.083520
D,DISPATCH,UNIT_SCADA,1,"2022/10/20 17:30:00",SMCSF1,4.59
D,DISPATCH,UNIT_SCADA,1,"2022/10/20 17:30:00",SNAPPER1,0
D,DISPATCH,UNIT_SCADA,1,"2022/10/20 17:30:00",SNOWNTH1,23.90
D,DISPATCH,UNIT_SCADA,1,"2022/10/20 17:30:00",SNOWSTH1,13.30
D,DISPATCH,UNIT_SCADA,1,"2022/10/20 17:30:00",SNOWTWN1,11.032680
D,DISPATCH,UNIT_SCADA,1,"2022/10/20 17:30:00",SNOWYP,0
D,DISPATCH,UNIT_SCADA,1,"2022/10/20 17:30:00",SNUG1,0
D,DISPATCH,UNIT_SCADA,1,"2022/10/20 17:30:00",SRSF1,0.27
D,DISPATCH,UNIT_SCADA,1,"2022/10/20 17:30:00",STAN-1,285.811310
D,DISPATCH,UNIT_SCADA,1,"2022/10/20 17:30:00",STAN-2,363.435910
D,DISPATCH,UNIT_SCADA,1,"2022/10/20 17:30:00",STAN-3,355.834960
D,DISPATCH,UNIT_SCADA,1,"2022/10/20 17:30:00",STAN-4,366.742890
D,DISPATCH,UNIT_SCADA,1,"2022/10/20 17:30:00",STARHLWF,19.394340
D,DISPATCH,UNIT_SCADA,1,"2022/10/20 17:30:00",STOCKYD1,209.240010
D,DISPATCH,UNIT_SCADA,1,"2022/10/20 17:30:00",STWF1,11.519340
D,DISPATCH,UNIT_SCADA,1,"2022/10/20 17:30:00",SUNRSF1,11.558710
D,DISPATCH,UNIT_SCADA,1,"2022/10/20 17:30:00",SUNTPSF1,16.462040
D,DISPATCH,UNIT_SCADA,1,"2022/10/20 17:30:00",SWAN_E,345.3356
D,DISPATCH,UNIT_SCADA,1,"2022/10/20 17:30:00",TALWA1,0
D,DISPATCH,UNIT_SCADA,1,"2022/10/20 17:30:00",TARALGA1,0
D,DISPATCH,UNIT_SCADA,1,"2022/10/20 17:30:00",TARONG#1,351.100010
D,DISPATCH,UNIT_SCADA,1,"2022/10/20 17:30:00",TARONG#2,349.899990
D,DISPATCH,UNIT_SCADA,1,"2022/10/20 17:30:00",TARONG#3,0.90
D,DISPATCH,UNIT_SCADA,1,"2022/10/20 17:30:00",TARONG#4,249.70
D,DISPATCH,UNIT_SCADA,1,"2022/10/20 17:30:00",TARRALEA,54
D,DISPATCH,UNIT_SCADA,1,"2022/10/20 17:30:00",TBSF1,10.30
D,DISPATCH,UNIT_SCADA,1,"2022/10/20 17:30:00",TNPS1,423.8125
D,DISPATCH,UNIT_SCADA,1,"2022/10/20 17:30:00",TORRB1,0
D,DISPATCH,UNIT_SCADA,1,"2022/10/20 17:30:00",TORRB2,63
D,DISPATCH,UNIT_SCADA,1,"2022/10/20 17:30:00",TORRB3,0
D,DISPATCH,UNIT_SCADA,1,"2022/10/20 17:30:00",TORRB4,0
D,DISPATCH,UNIT_SCADA,1,"2022/10/20 17:30:00",TREVALLN,99.224730
D,DISPATCH,UNIT_SCADA,1,"2022/10/20 17:30:00",TRIBUTE,0
D,DISPATCH,UNIT_SCADA,1,"2022/10/20 17:30:00",TUMUT3,290.200010
D,DISPATCH,UNIT_SCADA,1,"2022/10/20 17:30:00",TUNGATIN,4.900020
D,DISPATCH,UNIT_SCADA,1,"2022/10/20 17:30:00",TVCC201,0
D,DISPATCH,UNIT_SCADA,1,"2022/10/20 17:30:00",TVPP104,57.728880
D,DISPATCH,UNIT_SCADA,1,"2022/10/20 17:30:00",UPPTUMUT,123.288830
D,DISPATCH,UNIT_SCADA,1,"2022/10/20 17:30:00",URANQ11,0
D,DISPATCH,UNIT_SCADA,1,"2022/10/20 17:30:00",URANQ12,0
D,DISPATCH,UNIT_SCADA,1,"2022/10/20 17:30:00",URANQ13,0
D,DISPATCH,UNIT_SCADA,1,"2022/10/20 17:30:00",URANQ14,127.190050
D,DISPATCH,UNIT_SCADA,1,"2022/10/20 17:30:00",VBBG1,14.20
D,DISPATCH,UNIT_SCADA,1,"2022/10/20 17:30:00",VBBL1,0
D,DISPATCH,UNIT_SCADA,1,"2022/10/20 17:30:00",VP5,585.784480
D,DISPATCH,UNIT_SCADA,1,"2022/10/20 17:30:00",VP6,600.164790
D,DISPATCH,UNIT_SCADA,1,"2022/10/20 17:30:00",VPGS1,0
D,DISPATCH,UNIT_SCADA,1,"2022/10/20 17:30:00",VPGS2,0
D,DISPATCH,UNIT_SCADA,1,"2022/10/20 17:30:00",VPGS3,0
D,DISPATCH,UNIT_SCADA,1,"2022/10/20 17:30:00",VPGS4,0
D,DISPATCH,UNIT_SCADA,1,"2022/10/20 17:30:00",VPGS5,0
D,DISPATCH,UNIT_SCADA,1,"2022/10/20 17:30:00",VPGS6,0
D,DISPATCH,UNIT_SCADA,1,"2022/10/20 17:30:00",W/HOE#1,161.83
D,DISPATCH,UNIT_SCADA,1,"2022/10/20 17:30:00",W/HOE#2,0
D,DISPATCH,UNIT_SCADA,1,"2022/10/20 17:30:00",WAGGNSF1,0
D,DISPATCH,UNIT_SCADA,1,"2022/10/20 17:30:00",WALGRVG1,0.028850
D,DISPATCH,UNIT_SCADA,1,"2022/10/20 17:30:00",WALGRVL1,0
D,DISPATCH,UNIT_SCADA,1,"2022/10/20 17:30:00",WANDBG1,0.897230
D,DISPATCH,UNIT_SCADA,1,"2022/10/20 17:30:00",WANDBL1,0
D,DISPATCH,UNIT_SCADA,1,"2022/10/20 17:30:00",WARWSF1,1.35
D,DISPATCH,UNIT_SCADA,1,"2022/10/20 17:30:00",WARWSF2,1.51
D,DISPATCH,UNIT_SCADA,1,"2022/10/20 17:30:00",WATERLWF,0
D,DISPATCH,UNIT_SCADA,1,"2022/10/20 17:30:00",WDGPH1,0
D,DISPATCH,UNIT_SCADA,1,"2022/10/20 17:30:00",WELLSF1,12.869460
D,DISPATCH,UNIT_SCADA,1,"2022/10/20 17:30:00",WEMENSF1,9.90
D,DISPATCH,UNIT_SCADA,1,"2022/10/20 17:30:00",WGWF1,8.60
D,DISPATCH,UNIT_SCADA,1,"2022/10/20 17:30:00",WHITSF1,0
D,DISPATCH,UNIT_SCADA,1,"2022/10/20 17:30:00",WINTSF1,9.06
D,DISPATCH,UNIT_SCADA,1,"2022/10/20 17:30:00",WKIEWA1,34.10
D,DISPATCH,UNIT_SCADA,1,"2022/10/20 17:30:00",WKIEWA2,34.40
D,DISPATCH,UNIT_SCADA,1,"2022/10/20 17:30:00",WOODLWN1,32.9463
D,DISPATCH,UNIT_SCADA,1,"2022/10/20 17:30:00",WOOLGSF1,0.477630
D,DISPATCH,UNIT_SCADA,1,"2022/10/20 17:30:00",WPWF,37.99
D,DISPATCH,UNIT_SCADA,1,"2022/10/20 17:30:00",WRSF1,0.589620
D,DISPATCH,UNIT_SCADA,1,"2022/10/20 17:30:00",WRWF1,74.585490
D,DISPATCH,UNIT_SCADA,1,"2022/10/20 17:30:00",WSTWYSF1,0.361620
D,DISPATCH,UNIT_SCADA,1,"2022/10/20 17:30:00",YABULU,152.370010
D,DISPATCH,UNIT_SCADA,1,"2022/10/20 17:30:00",YABULU2,0
D,DISPATCH,UNIT_SCADA,1,"2022/10/20 17:30:00",YARANSF1,3.19
D,DISPATCH,UNIT_SCADA,1,"2022/10/20 17:30:00",YARWUN_1,161.42
D,DISPATCH,UNIT_SCADA,1,"2022/10/20 17:30:00",YATSF1,7.07
D,DISPATCH,UNIT_SCADA,1,"2022/10/20 17:30:00",YENDWF1,22.24
D,DISPATCH,UNIT_SCADA,1,"2022/10/20 17:30:00",YWPS1,358.896210
D,DISPATCH,UNIT_SCADA,1,"2022/10/20 17:30:00",YWPS2,293.982270
D,DISPATCH,UNIT_SCADA,1,"2022/10/20 17:30:00",YWPS3,359.6709
D,DISPATCH,UNIT_SCADA,1,"2022/10/20 17:30:00",YWPS4,0
C,"END OF REPORT",419
