C,NEMP.WORLD,DISPATCHSCADA,AEMO,PUBLIC,2022/10/20,00:55:09,0000000373217956,DISPATCHSCADA,0000000373217950
I,DISPATCH,UNIT_SCADA,1,SETTLEMENTDATE,DUID,SCADAVALUE
D,DISPATCH,UNIT_SCADA,1,"2022/10/20 01:00:00",BARCSF1,0.10
D,DISPATCH,UNIT_SCADA,1,"2022/10/20 01:00:00",BUTLERSG,8.699999
D,DISPATCH,UNIT_SCADA,1,"2022/10/20 01:00:00",CAPTL_WF,32.437996
D,DISPATCH,UNIT_SCADA,1,"2022/10/20 01:00:00",CHALLHWF,24.40
D,DISPATCH,UNIT_SCADA,1,"2022/10/20 01:00:00",CLOVER,13.47
D,DISPATCH,UNIT_SCADA,1,"2022/10/20 01:00:00",CLUNY,6.210575
D,DISPATCH,UNIT_SCADA,1,"2022/10/20 01:00:00",CULLRGWF,-0.03
D,DISPATCH,UNIT_SCADA,1,"2022/10/20 01:00:00",DIAPURWF1,7.30
D,DISPATCH,UNIT_SCADA,1,"2022/10/20 01:00:00",ERGT01,0
D,DISPATCH,UNIT_SCADA,1,"2022/10/20 01:00:00",GB01,0
D,DISPATCH,UNIT_SCADA,1,"2022/10/20 01:00:00",GERMCRK,16.90
D,DISPATCH,UNIT_SCADA,1,"2022/10/20 01:00:00",GRIFSF1,0.001526
D,DISPATCH,UNIT_SCADA,1,"2022/10/20 01:00:00",HEZ1,0
D,DISPATCH,UNIT_SCADA,1,"2022/10/20 01:00:00",HUGSF1,-0.1740
D,DISPATCH,UNIT_SCADA,1,"2022/10/20 01:00:00",KEPBG1,0.02
D,DISPATCH,UNIT_SCADA,1,"2022/10/20 01:00:00",LRSF1,0.0240
D,DISPATCH,UNIT_SCADA,1,"2022/10/20 01:00:00",MBAHNTH,50.306244
D,DISPATCH,UNIT_SCADA,1,"2022/10/20 01:00:00",MLSP1,0
D,DISPATCH,UNIT_SCADA,1,"2022/10/20 01:00:00",MLWF1,1.0350
D,DISPATCH,UNIT_SCADA,1,"2022/10/20 01:00:00",PALOONA,30.359999
D,DISPATCH,UNIT_SCADA,1,"2022/10/20 01:00:00",PIONEER,44.100002
D,DISPATCH,UNIT_SCADA,1,"2022/10/20 01:00:00",PORTWF,28.299999
D,DISPATCH,UNIT_SCADA,1,"2022/10/20 01:00:00",REPULSE,9.4551
D,DISPATCH,UNIT_SCADA,1,"2022/10/20 01:00:00",ROWALLAN,9.0525
D,DISPATCH,UNIT_SCADA,1,"2022/10/20 01:00:00",ROYALLA1,0
D,DISPATCH,UNIT_SCADA,1,"2022/10/20 01:00:00",RPCG,-1.20
D,DISPATCH,UNIT_SCADA,1,"2022/10/20 01:00:00",RUBICON,0
D,DISPATCH,UNIT_SCADA,1,"2022/10/20 01:00:00",WAUBRAWF,146.516998
D,DISPATCH,UNIT_SCADA,1,"2022/10/20 01:00:00",WOOLNTH1,19.599998
D,DISPATCH,UNIT_SCADA,1,"2022/10/20 01:00:00",YAMBUKWF,2.90
D,DISPATCH,UNIT_SCADA,1,"2022/10/20 01:00:00",YSWF1,1.10
D,DISPATCH,UNIT_SCADA,1,"2022/10/20 01:00:00",ADPBA1G,0.0080
D,DISPATCH,UNIT_SCADA,1,"2022/10/20 01:00:00",ADPBA1L,0
D,DISPATCH,UNIT_SCADA,1,"2022/10/20 01:00:00",ADPPV1,0
D,DISPATCH,UNIT_SCADA,1,"2022/10/20 01:00:00",AGLHAL,0
D,DISPATCH,UNIT_SCADA,1,"2022/10/20 01:00:00",AGLSOM,0
D,DISPATCH,UNIT_SCADA,1,"2022/10/20 01:00:00",ANGAST1,-0.10
D,DISPATCH,UNIT_SCADA,1,"2022/10/20 01:00:00",ARWF1,72.70
D,DISPATCH,UNIT_SCADA,1,"2022/10/20 01:00:00",BALBG1,0
D,DISPATCH,UNIT_SCADA,1,"2022/10/20 01:00:00",BALBL1,0
D,DISPATCH,UNIT_SCADA,1,"2022/10/20 01:00:00",BALDHWF1,0
D,DISPATCH,UNIT_SCADA,1,"2022/10/20 01:00:00",BANGOWF1,36.199280
D,DISPATCH,UNIT_SCADA,1,"2022/10/20 01:00:00",BANGOWF2,49.897540
D,DISPATCH,UNIT_SCADA,1,"2022/10/20 01:00:00",BANN1,0
D,DISPATCH,UNIT_SCADA,1,"2022/10/20 01:00:00",BARCALDN,0
D,DISPATCH,UNIT_SCADA,1,"2022/10/20 01:00:00",BARKIPS1,0
D,DISPATCH,UNIT_SCADA,1,"2022/10/20 01:00:00",BARRON-1,0
D,DISPATCH,UNIT_SCADA,1,"2022/10/20 01:00:00",BARRON-2,0
D,DISPATCH,UNIT_SCADA,1,"2022/10/20 01:00:00",BASTYAN,0
D,DISPATCH,UNIT_SCADA,1,"2022/10/20 01:00:00",BBTHREE1,-1.05
D,DISPATCH,UNIT_SCADA,1,"2022/10/20 01:00:00",BBTHREE2,0
D,DISPATCH,UNIT_SCADA,1,"2022/10/20 01:00:00",BBTHREE3,0
D,DISPATCH,UNIT_SCADA,1,"2022/10/20 01:00:00",BDL01,0
D,DISPATCH,UNIT_SCADA,1,"2022/10/20 01:00:00",BDL02,0
D,DISPATCH,UNIT_SCADA,1,"2022/10/20 01:00:00",BERYLSF1,0
D,DISPATCH,UNIT_SCADA,1,"2022/10/20 01:00:00",BLOWERNG,62.60
D,DISPATCH,UNIT_SCADA,1,"2022/10/20 01:00:00",BLUEGSF1,0
D,DISPATCH,UNIT_SCADA,1,"2022/10/20 01:00:00",BLUFF1,18.20
D,DISPATCH,UNIT_SCADA,1,"2022/10/20 01:00:00",BNGSF1,0
D,DISPATCH,UNIT_SCADA,1,"2022/10/20 01:00:00",BNGSF2,0
D,DISPATCH,UNIT_SCADA,1,"2022/10/20 01:00:00",BOCORWF1,10.40
D,DISPATCH,UNIT_SCADA,1,"2022/10/20 01:00:00",BODWF1,77.550080
D,DISPATCH,UNIT_SCADA,1,"2022/10/20 01:00:00",BOMENSF1,0
D,DISPATCH,UNIT_SCADA,1,"2022/10/20 01:00:00",BOWWBA1G,0.0010
D,DISPATCH,UNIT_SCADA,1,"2022/10/20 01:00:00",BOWWBA1L,0
D,DISPATCH,UNIT_SCADA,1,"2022/10/20 01:00:00",BOWWPV1,0
D,DISPATCH,UNIT_SCADA,1,"2022/10/20 01:00:00",BRAEMAR1,0
D,DISPATCH,UNIT_SCADA,1,"2022/10/20 01:00:00",BRAEMAR2,0
D,DISPATCH,UNIT_SCADA,1,"2022/10/20 01:00:00",BRAEMAR3,0
D,DISPATCH,UNIT_SCADA,1,"2022/10/20 01:00:00",BRAEMAR5,0.292060
D,DISPATCH,UNIT_SCADA,1,"2022/10/20 01:00:00",BRAEMAR6,0
D,DISPATCH,UNIT_SCADA,1,"2022/10/20 01:00:00",BRAEMAR7,0.130920
D,DISPATCH,UNIT_SCADA,1,"2022/10/20 01:00:00",BROKENH1,0
D,DISPATCH,UNIT_SCADA,1,"2022/10/20 01:00:00",BRYB1WF1,84.928670
D,DISPATCH,UNIT_SCADA,1,"2022/10/20 01:00:00",BULBESG1,0
D,DISPATCH,UNIT_SCADA,1,"2022/10/20 01:00:00",BULBESL1,0.03
D,DISPATCH,UNIT_SCADA,1,"2022/10/20 01:00:00",BULGANA1,56.58
D,DISPATCH,UNIT_SCADA,1,"2022/10/20 01:00:00",BW01,435.053040
D,DISPATCH,UNIT_SCADA,1,"2022/10/20 01:00:00",BW02,431.390870
D,DISPATCH,UNIT_SCADA,1,"2022/10/20 01:00:00",BW03,432.904540
D,DISPATCH,UNIT_SCADA,1,"2022/10/20 01:00:00",BW04,0
D,DISPATCH,UNIT_SCADA,1,"2022/10/20 01:00:00",CALL_B_1,319.399990
D,DISPATCH,UNIT_SCADA,1,"2022/10/20 01:00:00",CALL_B_2,319.50
D,DISPATCH,UNIT_SCADA,1,"2022/10/20 01:00:00",CATHROCK,5.60
D,DISPATCH,UNIT_SCADA,1,"2022/10/20 01:00:00",CBWWBA1G,0
D,DISPATCH,UNIT_SCADA,1,"2022/10/20 01:00:00",CBWWBA1L,0
D,DISPATCH,UNIT_SCADA,1,"2022/10/20 01:00:00",CETHANA,98.124630
D,DISPATCH,UNIT_SCADA,1,"2022/10/20 01:00:00",CG1,0
D,DISPATCH,UNIT_SCADA,1,"2022/10/20 01:00:00",CG2,0
D,DISPATCH,UNIT_SCADA,1,"2022/10/20 01:00:00",CG3,0
D,DISPATCH,UNIT_SCADA,1,"2022/10/20 01:00:00",CG4,0
D,DISPATCH,UNIT_SCADA,1,"2022/10/20 01:00:00",CHILDSF1,0
D,DISPATCH,UNIT_SCADA,1,"2022/10/20 01:00:00",CHYTWF1,19.79
D,DISPATCH,UNIT_SCADA,1,"2022/10/20 01:00:00",CLARESF1,0
D,DISPATCH,UNIT_SCADA,1,"2022/10/20 01:00:00",CLEMGPWF,49.632110
D,DISPATCH,UNIT_SCADA,1,"2022/10/20 01:00:00",CLERMSF1,0
D,DISPATCH,UNIT_SCADA,1,"2022/10/20 01:00:00",CNUNDAWF,14.617050
D,DISPATCH,UNIT_SCADA,1,"2022/10/20 01:00:00",COHUNSF1,0
D,DISPATCH,UNIT_SCADA,1,"2022/10/20 01:00:00",COLEASF1,0
D,DISPATCH,UNIT_SCADA,1,"2022/10/20 01:00:00",COLUMSF1,0
D,DISPATCH,UNIT_SCADA,1,"2022/10/20 01:00:00",COLWF01,134.663910
D,DISPATCH,UNIT_SCADA,1,"2022/10/20 01:00:00",COOPGWF1,387.78
D,DISPATCH,UNIT_SCADA,1,"2022/10/20 01:00:00",CPP_3,358.8750
D,DISPATCH,UNIT_SCADA,1,"2022/10/20 01:00:00",CPP_4,0
D,DISPATCH,UNIT_SCADA,1,"2022/10/20 01:00:00",CPSA,0
D,DISPATCH,UNIT_SCADA,1,"2022/10/20 01:00:00",CROOKWF2,12.325020
D,DISPATCH,UNIT_SCADA,1,"2022/10/20 01:00:00",CROWLWF1,50.7433
D,DISPATCH,UNIT_SCADA,1,"2022/10/20 01:00:00",CRURWF1,35.097810
D,DISPATCH,UNIT_SCADA,1,"2022/10/20 01:00:00",CRWASF1,0
D,DISPATCH,UNIT_SCADA,1,"2022/10/20 01:00:00",CSPVPS1,0
D,DISPATCH,UNIT_SCADA,1,"2022/10/20 01:00:00",CTHLWF1,0.003050
D,DISPATCH,UNIT_SCADA,1,"2022/10/20 01:00:00",DALNTH01,0
D,DISPATCH,UNIT_SCADA,1,"2022/10/20 01:00:00",DALNTHL1,0.044250
D,DISPATCH,UNIT_SCADA,1,"2022/10/20 01:00:00",DARLSF1,0
D,DISPATCH,UNIT_SCADA,1,"2022/10/20 01:00:00",DARTM1,0
D,DISPATCH,UNIT_SCADA,1,"2022/10/20 01:00:00",DAYDSF1,0
D,DISPATCH,UNIT_SCADA,1,"2022/10/20 01:00:00",DDPS1,0
D,DISPATCH,UNIT_SCADA,1,"2022/10/20 01:00:00",DDSF1,0
D,DISPATCH,UNIT_SCADA,1,"2022/10/20 01:00:00",DEVILS_G,54.266790
D,DISPATCH,UNIT_SCADA,1,"2022/10/20 01:00:00",DG_NSW1,0
D,DISPATCH,UNIT_SCADA,1,"2022/10/20 01:00:00",DG_QLD1,0
D,DISPATCH,UNIT_SCADA,1,"2022/10/20 01:00:00",DG_SA1,0
D,DISPATCH,UNIT_SCADA,1,"2022/10/20 01:00:00",DG_TAS1,0
D,DISPATCH,UNIT_SCADA,1,"2022/10/20 01:00:00",DG_VIC1,0
D,DISPATCH,UNIT_SCADA,1,"2022/10/20 01:00:00",DRYCGT1,0
D,DISPATCH,UNIT_SCADA,1,"2022/10/20 01:00:00",DRYCGT2,0
D,DISPATCH,UNIT_SCADA,1,"2022/10/20 01:00:00",DRYCGT3,0
D,DISPATCH,UNIT_SCADA,1,"2022/10/20 01:00:00",DUNDWF1,61.84
D,DISPATCH,UNIT_SCADA,1,"2022/10/20 01:00:00",DUNDWF2,18.13
D,DISPATCH,UNIT_SCADA,1,"2022/10/20 01:00:00",DUNDWF3,42.07
D,DISPATCH,UNIT_SCADA,1,"2022/10/20 01:00:00",EILDON1,60.36
D,DISPATCH,UNIT_SCADA,1,"2022/10/20 01:00:00",EILDON2,60.08
D,DISPATCH,UNIT_SCADA,1,"2022/10/20 01:00:00",ELAINWF1,34.83
D,DISPATCH,UNIT_SCADA,1,"2022/10/20 01:00:00",EMERASF1,0
D,DISPATCH,UNIT_SCADA,1,"2022/10/20 01:00:00",ER01,0
D,DISPATCH,UNIT_SCADA,1,"2022/10/20 01:00:00",ER02,437.787450
D,DISPATCH,UNIT_SCADA,1,"2022/10/20 01:00:00",ER03,435.077450
D,DISPATCH,UNIT_SCADA,1,"2022/10/20 01:00:00",ER04,437.421230
D,DISPATCH,UNIT_SCADA,1,"2022/10/20 01:00:00",FINLYSF1,0
D,DISPATCH,UNIT_SCADA,1,"2022/10/20 01:00:00",FISHER,30.92
D,DISPATCH,UNIT_SCADA,1,"2022/10/20 01:00:00",GANGARR1,0
D,DISPATCH,UNIT_SCADA,1,"2022/10/20 01:00:00",GANNBG1,0
D,DISPATCH,UNIT_SCADA,1,"2022/10/20 01:00:00",GANNBL1,8.930810
D,DISPATCH,UNIT_SCADA,1,"2022/10/20 01:00:00",GANNSF1,0
D,DISPATCH,UNIT_SCADA,1,"2022/10/20 01:00:00",GLRWNSF1,0
D,DISPATCH,UNIT_SCADA,1,"2022/10/20 01:00:00",GNNDHSF1,0
D,DISPATCH,UNIT_SCADA,1,"2022/10/20 01:00:00",GOONSF1,0
D,DISPATCH,UNIT_SCADA,1,"2022/10/20 01:00:00",GORDON,193.697970
D,DISPATCH,UNIT_SCADA,1,"2022/10/20 01:00:00",GRANWF1,0
D,DISPATCH,UNIT_SCADA,1,"2022/10/20 01:00:00",GSTONE1,200.20
D,DISPATCH,UNIT_SCADA,1,"2022/10/20 01:00:00",GSTONE2,0
D,DISPATCH,UNIT_SCADA,1,"2022/10/20 01:00:00",GSTONE3,200.3750
D,DISPATCH,UNIT_SCADA,1,"2022/10/20 01:00:00",GSTONE4,0
D,DISPATCH,UNIT_SCADA,1,"2022/10/20 01:00:00",GSTONE5,201.0750
D,DISPATCH,UNIT_SCADA,1,"2022/10/20 01:00:00",GSTONE6,200.024990
D,DISPATCH,UNIT_SCADA,1,"2022/10/20 01:00:00",GULLRSF1,0
D,DISPATCH,UNIT_SCADA,1,"2022/10/20 01:00:00",GULLRWF1,69.493940
D,DISPATCH,UNIT_SCADA,1,"2022/10/20 01:00:00",GULLRWF2,91.623470
D,DISPATCH,UNIT_SCADA,1,"2022/10/20 01:00:00",GUNNING1,0
D,DISPATCH,UNIT_SCADA,1,"2022/10/20 01:00:00",GUTHEGA,67.80
D,DISPATCH,UNIT_SCADA,1,"2022/10/20 01:00:00",HALLWF1,74.01
D,DISPATCH,UNIT_SCADA,1,"2022/10/20 01:00:00",HALLWF2,53.02
D,DISPATCH,UNIT_SCADA,1,"2022/10/20 01:00:00",HAMISF1,0
D,DISPATCH,UNIT_SCADA,1,"2022/10/20 01:00:00",HAUGHT11,0
D,DISPATCH,UNIT_SCADA,1,"2022/10/20 01:00:00",HAYMSF1,0
D,DISPATCH,UNIT_SCADA,1,"2022/10/20 01:00:00",HDWF1,82.70
D,DISPATCH,UNIT_SCADA,1,"2022/10/20 01:00:00",HDWF2,61.40
D,DISPATCH,UNIT_SCADA,1,"2022/10/20 01:00:00",HDWF3,76.30
D,DISPATCH,UNIT_SCADA,1,"2022/10/20 01:00:00",HILLSTN1,0
D,DISPATCH,UNIT_SCADA,1,"2022/10/20 01:00:00",HPRG1,0
D,DISPATCH,UNIT_SCADA,1,"2022/10/20 01:00:00",HPRL1,29.70
D,DISPATCH,UNIT_SCADA,1,"2022/10/20 01:00:00",HUMENSW,55.518060
D,DISPATCH,UNIT_SCADA,1,"2022/10/20 01:00:00",HUMEV,0
D,DISPATCH,UNIT_SCADA,1,"2022/10/20 01:00:00",HVWWBA1G,0
D,DISPATCH,UNIT_SCADA,1,"2022/10/20 01:00:00",HVWWBA1L,0.0070
D,DISPATCH,UNIT_SCADA,1,"2022/10/20 01:00:00",HVWWPV1,0
D,DISPATCH,UNIT_SCADA,1,"2022/10/20 01:00:00",JBUTTERS,0
D,DISPATCH,UNIT_SCADA,1,"2022/10/20 01:00:00",JEMALNG1,0
D,DISPATCH,UNIT_SCADA,1,"2022/10/20 01:00:00",JLA01,0
D,DISPATCH,UNIT_SCADA,1,"2022/10/20 01:00:00",JLA02,0
D,DISPATCH,UNIT_SCADA,1,"2022/10/20 01:00:00",JLA03,0
D,DISPATCH,UNIT_SCADA,1,"2022/10/20 01:00:00",JLA04,0
D,DISPATCH,UNIT_SCADA,1,"2022/10/20 01:00:00",JLB01,0
D,DISPATCH,UNIT_SCADA,1,"2022/10/20 01:00:00",JLB02,0.10
D,DISPATCH,UNIT_SCADA,1,"2022/10/20 01:00:00",JLB03,0
D,DISPATCH,UNIT_SCADA,1,"2022/10/20 01:00:00",JUNEESF1,0
D,DISPATCH,UNIT_SCADA,1,"2022/10/20 01:00:00",KABANWF1,0
D,DISPATCH,UNIT_SCADA,1,"2022/10/20 01:00:00",KAREEYA1,0
D,DISPATCH,UNIT_SCADA,1,"2022/10/20 01:00:00",KAREEYA2,0
D,DISPATCH,UNIT_SCADA,1,"2022/10/20 01:00:00",KAREEYA3,4.7875
D,DISPATCH,UNIT_SCADA,1,"2022/10/20 01:00:00",KAREEYA4,0
D,DISPATCH,UNIT_SCADA,1,"2022/10/20 01:00:00",KARSF1,0
D,DISPATCH,UNIT_SCADA,1,"2022/10/20 01:00:00",KEPSF1,0
D,DISPATCH,UNIT_SCADA,1,"2022/10/20 01:00:00",KEPWF1,0
D,DISPATCH,UNIT_SCADA,1,"2022/10/20 01:00:00",KIAMSF1,0
D,DISPATCH,UNIT_SCADA,1,"2022/10/20 01:00:00",KIATAWF1,30.90
D,DISPATCH,UNIT_SCADA,1,"2022/10/20 01:00:00",KPP_1,0
D,DISPATCH,UNIT_SCADA,1,"2022/10/20 01:00:00",KSP1,0
D,DISPATCH,UNIT_SCADA,1,"2022/10/20 01:00:00",LADBROK1,0.02
D,DISPATCH,UNIT_SCADA,1,"2022/10/20 01:00:00",LADBROK2,37.88
D,DISPATCH,UNIT_SCADA,1,"2022/10/20 01:00:00",LBBG1,0
D,DISPATCH,UNIT_SCADA,1,"2022/10/20 01:00:00",LBBL1,0
D,DISPATCH,UNIT_SCADA,1,"2022/10/20 01:00:00",LD01,317.642760
D,DISPATCH,UNIT_SCADA,1,"2022/10/20 01:00:00",LD02,0
D,DISPATCH,UNIT_SCADA,1,"2022/10/20 01:00:00",LD04,318.503390
D,DISPATCH,UNIT_SCADA,1,"2022/10/20 01:00:00",LEM_WIL,86.852130
D,DISPATCH,UNIT_SCADA,1,"2022/10/20 01:00:00",LGAPWF1,77.40
D,DISPATCH,UNIT_SCADA,1,"2022/10/20 01:00:00",LGAPWF2,32.02
D,DISPATCH,UNIT_SCADA,1,"2022/10/20 01:00:00",LILYSF1,0
D,DISPATCH,UNIT_SCADA,1,"2022/10/20 01:00:00",LIMOSF11,0
D,DISPATCH,UNIT_SCADA,1,"2022/10/20 01:00:00",LIMOSF21,0
D,DISPATCH,UNIT_SCADA,1,"2022/10/20 01:00:00",LI_WY_CA,55.901110
D,DISPATCH,UNIT_SCADA,1,"2022/10/20 01:00:00",LKBONNY1,0
D,DISPATCH,UNIT_SCADA,1,"2022/10/20 01:00:00",LKBONNY2,26.731220
D,DISPATCH,UNIT_SCADA,1,"2022/10/20 01:00:00",LKBONNY3,7.256870
D,DISPATCH,UNIT_SCADA,1,"2022/10/20 01:00:00",LK_ECHO,0
D,DISPATCH,UNIT_SCADA,1,"2022/10/20 01:00:00",LNGS1,0
D,DISPATCH,UNIT_SCADA,1,"2022/10/20 01:00:00",LNGS2,0
D,DISPATCH,UNIT_SCADA,1,"2022/10/20 01:00:00",LONSDALE,0
D,DISPATCH,UNIT_SCADA,1,"2022/10/20 01:00:00",LOYYB1,440.973420
D,DISPATCH,UNIT_SCADA,1,"2022/10/20 01:00:00",LOYYB2,439.093660
D,DISPATCH,UNIT_SCADA,1,"2022/10/20 01:00:00",LYA1,537
D,DISPATCH,UNIT_SCADA,1,"2022/10/20 01:00:00",LYA2,0
D,DISPATCH,UNIT_SCADA,1,"2022/10/20 01:00:00",LYA3,539
D,DISPATCH,UNIT_SCADA,1,"2022/10/20 01:00:00",LYA4,537
D,DISPATCH,UNIT_SCADA,1,"2022/10/20 01:00:00",MACARTH1,42.499020
D,DISPATCH,UNIT_SCADA,1,"2022/10/20 01:00:00",MACKNTSH,0
D,DISPATCH,UNIT_SCADA,1,"2022/10/20 01:00:00",MANSLR1,0
D,DISPATCH,UNIT_SCADA,1,"2022/10/20 01:00:00",MAPS2PV1,0
D,DISPATCH,UNIT_SCADA,1,"2022/10/20 01:00:00",MAPS3PV1,0
D,DISPATCH,UNIT_SCADA,1,"2022/10/20 01:00:00",MARYRSF1,0
D,DISPATCH,UNIT_SCADA,1,"2022/10/20 01:00:00",MBPS2PV1,0
D,DISPATCH,UNIT_SCADA,1,"2022/10/20 01:00:00",MCKAY1,0.02
D,DISPATCH,UNIT_SCADA,1,"2022/10/20 01:00:00",MEADOWBK,19.920260
D,DISPATCH,UNIT_SCADA,1,"2022/10/20 01:00:00",MERCER01,51.30
D,DISPATCH,UNIT_SCADA,1,"2022/10/20 01:00:00",METZSF1,0
D,DISPATCH,UNIT_SCADA,1,"2022/10/20 01:00:00",MEWF1,9.0409
D,DISPATCH,UNIT_SCADA,1,"2022/10/20 01:00:00",MIDDLSF1,0
D,DISPATCH,UNIT_SCADA,1,"2022/10/20 01:00:00",MINTARO,0.128180
D,DISPATCH,UNIT_SCADA,1,"2022/10/20 01:00:00",MOLNGSF1,0
D,DISPATCH,UNIT_SCADA,1,"2022/10/20 01:00:00",MOORAWF1,47.24
D,DISPATCH,UNIT_SCADA,1,"2022/10/20 01:00:00",MOREESF1,0
D,DISPATCH,UNIT_SCADA,1,"2022/10/20 01:00:00",MORTLK11,0
D,DISPATCH,UNIT_SCADA,1,"2022/10/20 01:00:00",MORTLK12,0
D,DISPATCH,UNIT_SCADA,1,"2022/10/20 01:00:00",MOUSF1,0
D,DISPATCH,UNIT_SCADA,1,"2022/10/20 01:00:00",MP1,0
D,DISPATCH,UNIT_SCADA,1,"2022/10/20 01:00:00",MP2,352.288090
D,DISPATCH,UNIT_SCADA,1,"2022/10/20 01:00:00",MPP_1,120.960470
D,DISPATCH,UNIT_SCADA,1,"2022/10/20 01:00:00",MPP_2,0
D,DISPATCH,UNIT_SCADA,1,"2022/10/20 01:00:00",MRTLSWF1,0
D,DISPATCH,UNIT_SCADA,1,"2022/10/20 01:00:00",MSTUART1,0
D,DISPATCH,UNIT_SCADA,1,"2022/10/20 01:00:00",MSTUART2,0
D,DISPATCH,UNIT_SCADA,1,"2022/10/20 01:00:00",MSTUART3,0
D,DISPATCH,UNIT_SCADA,1,"2022/10/20 01:00:00",MTGELWF1,1.335180
D,DISPATCH,UNIT_SCADA,1,"2022/10/20 01:00:00",MTMILLAR,14.40
D,DISPATCH,UNIT_SCADA,1,"2022/10/20 01:00:00",MURRAY,0
D,DISPATCH,UNIT_SCADA,1,"2022/10/20 01:00:00",MUSSELR1,61.10
D,DISPATCH,UNIT_SCADA,1,"2022/10/20 01:00:00",MUWAWF1,187.210010
D,DISPATCH,UNIT_SCADA,1,"2022/10/20 01:00:00",MUWAWF2,183.600010
D,DISPATCH,UNIT_SCADA,1,"2022/10/20 01:00:00",MWPS1PV1,0
D,DISPATCH,UNIT_SCADA,1,"2022/10/20 01:00:00",MWPS2PV1,0
D,DISPATCH,UNIT_SCADA,1,"2022/10/20 01:00:00",MWPS3PV1,0
D,DISPATCH,UNIT_SCADA,1,"2022/10/20 01:00:00",MWPS4PV1,0
D,DISPATCH,UNIT_SCADA,1,"2022/10/20 01:00:00",NBHWF1,116.70
D,DISPATCH,UNIT_SCADA,1,"2022/10/20 01:00:00",NEVERSF1,0
D,DISPATCH,UNIT_SCADA,1,"2022/10/20 01:00:00",NPS,0
D,DISPATCH,UNIT_SCADA,1,"2022/10/20 01:00:00",NUMURSF1,0
D,DISPATCH,UNIT_SCADA,1,"2022/10/20 01:00:00",NYNGAN1,0
D,DISPATCH,UNIT_SCADA,1,"2022/10/20 01:00:00",OAKEY1,0
D,DISPATCH,UNIT_SCADA,1,"2022/10/20 01:00:00",OAKEY1SF,0
D,DISPATCH,UNIT_SCADA,1,"2022/10/20 01:00:00",OAKEY2,0
D,DISPATCH,UNIT_SCADA,1,"2022/10/20 01:00:00",OAKEY2SF,0
D,DISPATCH,UNIT_SCADA,1,"2022/10/20 01:00:00",OAKLAND1,22.30
D,DISPATCH,UNIT_SCADA,1,"2022/10/20 01:00:00",OSB-AG,0
D,DISPATCH,UNIT_SCADA,1,"2022/10/20 01:00:00",PAREPS1,0.0660
D,DISPATCH,UNIT_SCADA,1,"2022/10/20 01:00:00",PAREPW1,17.23
D,DISPATCH,UNIT_SCADA,1,"2022/10/20 01:00:00",PARSF1,0.001530
D,DISPATCH,UNIT_SCADA,1,"2022/10/20 01:00:00",POAT110,0
D,DISPATCH,UNIT_SCADA,1,"2022/10/20 01:00:00",POAT220,0
D,DISPATCH,UNIT_SCADA,1,"2022/10/20 01:00:00",POR01,0
D,DISPATCH,UNIT_SCADA,1,"2022/10/20 01:00:00",POR03,0
D,DISPATCH,UNIT_SCADA,1,"2022/10/20 01:00:00",PPCCGT,172.881030
D,DISPATCH,UNIT_SCADA,1,"2022/10/20 01:00:00",PTSTAN1,0
D,DISPATCH,UNIT_SCADA,1,"2022/10/20 01:00:00",PUMP1,0
D,DISPATCH,UNIT_SCADA,1,"2022/10/20 01:00:00",PUMP2,0
D,DISPATCH,UNIT_SCADA,1,"2022/10/20 01:00:00",QBYNBG1,0
D,DISPATCH,UNIT_SCADA,1,"2022/10/20 01:00:00",QBYNBL1,0.0005
D,DISPATCH,UNIT_SCADA,1,"2022/10/20 01:00:00",QPS1,0
D,DISPATCH,UNIT_SCADA,1,"2022/10/20 01:00:00",QPS2,0
D,DISPATCH,UNIT_SCADA,1,"2022/10/20 01:00:00",QPS3,0
D,DISPATCH,UNIT_SCADA,1,"2022/10/20 01:00:00",QPS4,0
D,DISPATCH,UNIT_SCADA,1,"2022/10/20 01:00:00",QPS5,75.90
D,DISPATCH,UNIT_SCADA,1,"2022/10/20 01:00:00",REECE1,0
D,DISPATCH,UNIT_SCADA,1,"2022/10/20 01:00:00",REECE2,0
D,DISPATCH,UNIT_SCADA,1,"2022/10/20 01:00:00",ROMA_7,0
D,DISPATCH,UNIT_SCADA,1,"2022/10/20 01:00:00",ROMA_8,0
D,DISPATCH,UNIT_SCADA,1,"2022/10/20 01:00:00",RRSF1,0
D,DISPATCH,UNIT_SCADA,1,"2022/10/20 01:00:00",RT_NSW1,0
D,DISPATCH,UNIT_SCADA,1,"2022/10/20 01:00:00",RT_NSW2,0
D,DISPATCH,UNIT_SCADA,1,"2022/10/20 01:00:00",RT_NSW3,0
D,DISPATCH,UNIT_SCADA,1,"2022/10/20 01:00:00",RT_NSW4,0
D,DISPATCH,UNIT_SCADA,1,"2022/10/20 01:00:00",RT_NSW5,0
D,DISPATCH,UNIT_SCADA,1,"2022/10/20 01:00:00",RT_NSW6,0
D,DISPATCH,UNIT_SCADA,1,"2022/10/20 01:00:00",RT_QLD1,0
D,DISPATCH,UNIT_SCADA,1,"2022/10/20 01:00:00",RT_SA1,0
D,DISPATCH,UNIT_SCADA,1,"2022/10/20 01:00:00",RT_SA2,0
D,DISPATCH,UNIT_SCADA,1,"2022/10/20 01:00:00",RT_SA3,0
D,DISPATCH,UNIT_SCADA,1,"2022/10/20 01:00:00",RT_SA4,0
D,DISPATCH,UNIT_SCADA,1,"2022/10/20 01:00:00",RT_SA5,0
D,DISPATCH,UNIT_SCADA,1,"2022/10/20 01:00:00",RT_SA6,0
D,DISPATCH,UNIT_SCADA,1,"2022/10/20 01:00:00",RT_TAS1,0
D,DISPATCH,UNIT_SCADA,1,"2022/10/20 01:00:00",RT_VIC1,0
D,DISPATCH,UNIT_SCADA,1,"2022/10/20 01:00:00",RT_VIC10,0
D,DISPATCH,UNIT_SCADA,1,"2022/10/20 01:00:00",RT_VIC11,0
D,DISPATCH,UNIT_SCADA,1,"2022/10/20 01:00:00",RT_VIC12,0
D,DISPATCH,UNIT_SCADA,1,"2022/10/20 01:00:00",RT_VIC2,0
D,DISPATCH,UNIT_SCADA,1,"2022/10/20 01:00:00",RT_VIC3,0
D,DISPATCH,UNIT_SCADA,1,"2022/10/20 01:00:00",RT_VIC4,0
D,DISPATCH,UNIT_SCADA,1,"2022/10/20 01:00:00",RT_VIC5,0
D,DISPATCH,UNIT_SCADA,1,"2022/10/20 01:00:00",RT_VIC6,0
D,DISPATCH,UNIT_SCADA,1,"2022/10/20 01:00:00",RT_VIC7,0
D,DISPATCH,UNIT_SCADA,1,"2022/10/20 01:00:00",RT_VIC8,0
D,DISPATCH,UNIT_SCADA,1,"2022/10/20 01:00:00",RT_VIC9,0
D,DISPATCH,UNIT_SCADA,1,"2022/10/20 01:00:00",RUGBYR1,0
D,DISPATCH,UNIT_SCADA,1,"2022/10/20 01:00:00",SALTCRK1,9.36
D,DISPATCH,UNIT_SCADA,1,"2022/10/20 01:00:00",SAPHWF1,242.275120
D,DISPATCH,UNIT_SCADA,1,"2022/10/20 01:00:00",SEBSF1,0
D,DISPATCH,UNIT_SCADA,1,"2022/10/20 01:00:00",SHGEN,0
D,DISPATCH,UNIT_SCADA,1,"2022/10/20 01:00:00",SHPUMP,0
D,DISPATCH,UNIT_SCADA,1,"2022/10/20 01:00:00",SITHE01,0.153860
D,DISPATCH,UNIT_SCADA,1,"2022/10/20 01:00:00",SMCSF1,0
D,DISPATCH,UNIT_SCADA,1,"2022/10/20 01:00:00",SNAPPER1,0
D,DISPATCH,UNIT_SCADA,1,"2022/10/20 01:00:00",SNOWNTH1,132.80
D,DISPATCH,UNIT_SCADA,1,"2022/10/20 01:00:00",SNOWSTH1,112.600010
D,DISPATCH,UNIT_SCADA,1,"2022/10/20 01:00:00",SNOWTWN1,89.791120
D,DISPATCH,UNIT_SCADA,1,"2022/10/20 01:00:00",SNOWYP,0
D,DISPATCH,UNIT_SCADA,1,"2022/10/20 01:00:00",SNUG1,0
D,DISPATCH,UNIT_SCADA,1,"2022/10/20 01:00:00",SRSF1,0
D,DISPATCH,UNIT_SCADA,1,"2022/10/20 01:00:00",STAN-1,280.376560
D,DISPATCH,UNIT_SCADA,1,"2022/10/20 01:00:00",STAN-2,365.6662
D,DISPATCH,UNIT_SCADA,1,"2022/10/20 01:00:00",STAN-3,363.538450
D,DISPATCH,UNIT_SCADA,1,"2022/10/20 01:00:00",STAN-4,365.115020
D,DISPATCH,UNIT_SCADA,1,"2022/10/20 01:00:00",STARHLWF,26.492280
D,DISPATCH,UNIT_SCADA,1,"2022/10/20 01:00:00",STOCKYD1,286.850010
D,DISPATCH,UNIT_SCADA,1,"2022/10/20 01:00:00",STWF1,155.299610
D,DISPATCH,UNIT_SCADA,1,"2022/10/20 01:00:00",SUNRSF1,0
D,DISPATCH,UNIT_SCADA,1,"2022/10/20 01:00:00",SUNTPSF1,0
D,DISPATCH,UNIT_SCADA,1,"2022/10/20 01:00:00",SWAN_E,245.6481
D,DISPATCH,UNIT_SCADA,1,"2022/10/20 01:00:00",TALWA1,0
D,DISPATCH,UNIT_SCADA,1,"2022/10/20 01:00:00",TARALGA1,0
D,DISPATCH,UNIT_SCADA,1,"2022/10/20 01:00:00",TARONG#1,290.399990
D,DISPATCH,UNIT_SCADA,1,"2022/10/20 01:00:00",TARONG#2,290.300020
D,DISPATCH,UNIT_SCADA,1,"2022/10/20 01:00:00",TARONG#3,0.90
D,DISPATCH,UNIT_SCADA,1,"2022/10/20 01:00:00",TARONG#4,190.50
D,DISPATCH,UNIT_SCADA,1,"2022/10/20 01:00:00",TARRALEA,54
D,DISPATCH,UNIT_SCADA,1,"2022/10/20 01:00:00",TBSF1,0
D,DISPATCH,UNIT_SCADA,1,"2022/10/20 01:00:00",TNPS1,299.312470
D,DISPATCH,UNIT_SCADA,1,"2022/10/20 01:00:00",TORRB1,0
D,DISPATCH,UNIT_SCADA,1,"2022/10/20 01:00:00",TORRB2,40
D,DISPATCH,UNIT_SCADA,1,"2022/10/20 01:00:00",TORRB3,0
D,DISPATCH,UNIT_SCADA,1,"2022/10/20 01:00:00",TORRB4,0
D,DISPATCH,UNIT_SCADA,1,"2022/10/20 01:00:00",TREVALLN,99.994220
D,DISPATCH,UNIT_SCADA,1,"2022/10/20 01:00:00",TRIBUTE,0
D,DISPATCH,UNIT_SCADA,1,"2022/10/20 01:00:00",TUMUT3,0
D,DISPATCH,UNIT_SCADA,1,"2022/10/20 01:00:00",TUNGATIN,4.550010
D,DISPATCH,UNIT_SCADA,1,"2022/10/20 01:00:00",TVCC201,0
D,DISPATCH,UNIT_SCADA,1,"2022/10/20 01:00:00",TVPP104,0
D,DISPATCH,UNIT_SCADA,1,"2022/10/20 01:00:00",UPPTUMUT,0
D,DISPATCH,UNIT_SCADA,1,"2022/10/20 01:00:00",URANQ11,0
D,DISPATCH,UNIT_SCADA,1,"2022/10/20 01:00:00",URANQ12,0
D,DISPATCH,UNIT_SCADA,1,"2022/10/20 01:00:00",URANQ13,0
D,DISPATCH,UNIT_SCADA,1,"2022/10/20 01:00:00",URANQ14,0
D,DISPATCH,UNIT_SCADA,1,"2022/10/20 01:00:00",VBBG1,0
D,DISPATCH,UNIT_SCADA,1,"2022/10/20 01:00:00",VBBL1,75.90
D,DISPATCH,UNIT_SCADA,1,"2022/10/20 01:00:00",VP5,589.2514
D,DISPATCH,UNIT_SCADA,1,"2022/10/20 01:00:00",VP6,590.203550
D,DISPATCH,UNIT_SCADA,1,"2022/10/20 01:00:00",VPGS1,0
D,DISPATCH,UNIT_SCADA,1,"2022/10/20 01:00:00",VPGS2,0
D,DISPATCH,UNIT_SCADA,1,"2022/10/20 01:00:00",VPGS3,0
D,DISPATCH,UNIT_SCADA,1,"2022/10/20 01:00:00",VPGS4,0
D,DISPATCH,UNIT_SCADA,1,"2022/10/20 01:00:00",VPGS5,0
D,DISPATCH,UNIT_SCADA,1,"2022/10/20 01:00:00",VPGS6,0
D,DISPATCH,UNIT_SCADA,1,"2022/10/20 01:00:00",W/HOE#1,0
D,DISPATCH,UNIT_SCADA,1,"2022/10/20 01:00:00",W/HOE#2,0
D,DISPATCH,UNIT_SCADA,1,"2022/10/20 01:00:00",WAGGNSF1,0
D,DISPATCH,UNIT_SCADA,1,"2022/10/20 01:00:00",WALGRVG1,0.032580
D,DISPATCH,UNIT_SCADA,1,"2022/10/20 01:00:00",WALGRVL1,0
D,DISPATCH,UNIT_SCADA,1,"2022/10/20 01:00:00",WANDBG1,0
D,DISPATCH,UNIT_SCADA,1,"2022/10/20 01:00:00",WANDBL1,0
D,DISPATCH,UNIT_SCADA,1,"2022/10/20 01:00:00",WARWSF1,0
D,DISPATCH,UNIT_SCADA,1,"2022/10/20 01:00:00",WARWSF2,0
D,DISPATCH,UNIT_SCADA,1,"2022/10/20 01:00:00",WATERLWF,62.20
D,DISPATCH,UNIT_SCADA,1,"2022/10/20 01:00:00",WDGPH1,0
D,DISPATCH,UNIT_SCADA,1,"2022/10/20 01:00:00",WELLSF1,0
D,DISPATCH,UNIT_SCADA,1,"2022/10/20 01:00:00",WEMENSF1,0
D,DISPATCH,UNIT_SCADA,1,"2022/10/20 01:00:00",WGWF1,103.70
D,DISPATCH,UNIT_SCADA,1,"2022/10/20 01:00:00",WHITSF1,0
D,DISPATCH,UNIT_SCADA,1,"2022/10/20 01:00:00",WINTSF1,0
D,DISPATCH,UNIT_SCADA,1,"2022/10/20 01:00:00",WKIEWA1,33.90
D,DISPATCH,UNIT_SCADA,1,"2022/10/20 01:00:00",WKIEWA2,34
D,DISPATCH,UNIT_SCADA,1,"2022/10/20 01:00:00",WOODLWN1,20.316230
D,DISPATCH,UNIT_SCADA,1,"2022/10/20 01:00:00",WOOLGSF1,0
D,DISPATCH,UNIT_SCADA,1,"2022/10/20 01:00:00",WPWF,74.62
D,DISPATCH,UNIT_SCADA,1,"2022/10/20 01:00:00",WRSF1,0
D,DISPATCH,UNIT_SCADA,1,"2022/10/20 01:00:00",WRWF1,86.632780
D,DISPATCH,UNIT_SCADA,1,"2022/10/20 01:00:00",WSTWYSF1,0
D,DISPATCH,UNIT_SCADA,1,"2022/10/20 01:00:00",YABULU,0
D,DISPATCH,UNIT_SCADA,1,"2022/10/20 01:00:00",YABULU2,0
D,DISPATCH,UNIT_SCADA,1,"2022/10/20 01:00:00",YARANSF1,0
D,DISPATCH,UNIT_SCADA,1,"2022/10/20 01:00:00",YARWUN_1,158.89
D,DISPATCH,UNIT_SCADA,1,"2022/10/20 01:00:00",YATSF1,0
D,DISPATCH,UNIT_SCADA,1,"2022/10/20 01:00:00",YENDWF1,33.67
D,DISPATCH,UNIT_SCADA,1,"2022/10/20 01:00:00",YWPS1,364.159480
D,DISPATCH,UNIT_SCADA,1,"2022/10/20 01:00:00",YWPS2,360.650630
D,DISPATCH,UNIT_SCADA,1,"2022/10/20 01:00:00",YWPS3,358.824040
D,DISPATCH,UNIT_SCADA,1,"2022/10/20 01:00:00",YWPS4,0
C,"END OF REPORT",419
