C,NEMP.WORLD,DISPATCHSCADA,AEMO,PUBLIC,2022/10/20,09:00:10,0000000373242497,DISPATCHSCADA,0000000373242491
I,DISPATCH,UNIT_SCADA,1,SETTLEMENTDATE,DUID,SCADAVALUE
D,DISPATCH,UNIT_SCADA,1,"2022/10/20 09:05:00",BARCSF1,11.10
D,DISPATCH,UNIT_SCADA,1,"2022/10/20 09:05:00",BUTLERSG,8.699999
D,DISPATCH,UNIT_SCADA,1,"2022/10/20 09:05:00",CAPTL_WF,49.348412
D,DISPATCH,UNIT_SCADA,1,"2022/10/20 09:05:00",CHALLHWF,2.60
D,DISPATCH,UNIT_SCADA,1,"2022/10/20 09:05:00",CLOVER,13.29
D,DISPATCH,UNIT_SCADA,1,"2022/10/20 09:05:00",CLUNY,6.172122
D,DISPATCH,UNIT_SCADA,1,"2022/10/20 09:05:00",CULLRGWF,-0.05
D,DISPATCH,UNIT_SCADA,1,"2022/10/20 09:05:00",DIAPURWF1,6.70
D,DISPATCH,UNIT_SCADA,1,"2022/10/20 09:05:00",ERGT01,0
D,DISPATCH,UNIT_SCADA,1,"2022/10/20 09:05:00",GB01,0
D,DISPATCH,UNIT_SCADA,1,"2022/10/20 09:05:00",GERMCRK,19.700001
D,DISPATCH,UNIT_SCADA,1,"2022/10/20 09:05:00",GRIFSF1,1.899748
D,DISPATCH,UNIT_SCADA,1,"2022/10/20 09:05:00",HEZ1,0
D,DISPATCH,UNIT_SCADA,1,"2022/10/20 09:05:00",HUGSF1,11.610001
D,DISPATCH,UNIT_SCADA,1,"2022/10/20 09:05:00",KEPBG1,0.01
D,DISPATCH,UNIT_SCADA,1,"2022/10/20 09:05:00",LRSF1,9.8420
D,DISPATCH,UNIT_SCADA,1,"2022/10/20 09:05:00",MBAHNTH,45.131241
D,DISPATCH,UNIT_SCADA,1,"2022/10/20 09:05:00",MLSP1,8.932001
D,DISPATCH,UNIT_SCADA,1,"2022/10/20 09:05:00",MLWF1,6.27
D,DISPATCH,UNIT_SCADA,1,"2022/10/20 09:05:00",PALOONA,30.25
D,DISPATCH,UNIT_SCADA,1,"2022/10/20 09:05:00",PIONEER,39.50
D,DISPATCH,UNIT_SCADA,1,"2022/10/20 09:05:00",PORTWF,64.099998
D,DISPATCH,UNIT_SCADA,1,"2022/10/20 09:05:00",REPULSE,9.524681
D,DISPATCH,UNIT_SCADA,1,"2022/10/20 09:05:00",ROWALLAN,8.9176
D,DISPATCH,UNIT_SCADA,1,"2022/10/20 09:05:00",ROYALLA1,15.270003
D,DISPATCH,UNIT_SCADA,1,"2022/10/20 09:05:00",RPCG,-1.80
D,DISPATCH,UNIT_SCADA,1,"2022/10/20 09:05:00",RUBICON,0
D,DISPATCH,UNIT_SCADA,1,"2022/10/20 09:05:00",WAUBRAWF,12.97
D,DISPATCH,UNIT_SCADA,1,"2022/10/20 09:05:00",WOOLNTH1,0.58
D,DISPATCH,UNIT_SCADA,1,"2022/10/20 09:05:00",YAMBUKWF,6.50
D,DISPATCH,UNIT_SCADA,1,"2022/10/20 09:05:00",YSWF1,0.50
D,DISPATCH,UNIT_SCADA,1,"2022/10/20 09:05:00",ADPBA1G,0.0080
D,DISPATCH,UNIT_SCADA,1,"2022/10/20 09:05:00",ADPBA1L,0
D,DISPATCH,UNIT_SCADA,1,"2022/10/20 09:05:00",ADPPV1,0.0550
D,DISPATCH,UNIT_SCADA,1,"2022/10/20 09:05:00",AGLHAL,0
D,DISPATCH,UNIT_SCADA,1,"2022/10/20 09:05:00",AGLSOM,0
D,DISPATCH,UNIT_SCADA,1,"2022/10/20 09:05:00",ANGAST1,0
D,DISPATCH,UNIT_SCADA,1,"2022/10/20 09:05:00",ARWF1,4.10
D,DISPATCH,UNIT_SCADA,1,"2022/10/20 09:05:00",BALBG1,0
D,DISPATCH,UNIT_SCADA,1,"2022/10/20 09:05:00",BALBL1,11.91
D,DISPATCH,UNIT_SCADA,1,"2022/10/20 09:05:00",BALDHWF1,3.03
D,DISPATCH,UNIT_SCADA,1,"2022/10/20 09:05:00",BANGOWF1,23.498890
D,DISPATCH,UNIT_SCADA,1,"2022/10/20 09:05:00",BANGOWF2,34.198440
D,DISPATCH,UNIT_SCADA,1,"2022/10/20 09:05:00",BANN1,21.13
D,DISPATCH,UNIT_SCADA,1,"2022/10/20 09:05:00",BARCALDN,0
D,DISPATCH,UNIT_SCADA,1,"2022/10/20 09:05:00",BARKIPS1,0
D,DISPATCH,UNIT_SCADA,1,"2022/10/20 09:05:00",BARRON-1,0
D,DISPATCH,UNIT_SCADA,1,"2022/10/20 09:05:00",BARRON-2,0
D,DISPATCH,UNIT_SCADA,1,"2022/10/20 09:05:00",BASTYAN,50.32
D,DISPATCH,UNIT_SCADA,1,"2022/10/20 09:05:00",BBTHREE1,0
D,DISPATCH,UNIT_SCADA,1,"2022/10/20 09:05:00",BBTHREE2,0
D,DISPATCH,UNIT_SCADA,1,"2022/10/20 09:05:00",BBTHREE3,-1.02
D,DISPATCH,UNIT_SCADA,1,"2022/10/20 09:05:00",BDL01,0
D,DISPATCH,UNIT_SCADA,1,"2022/10/20 09:05:00",BDL02,0
D,DISPATCH,UNIT_SCADA,1,"2022/10/20 09:05:00",BERYLSF1,4.331750
D,DISPATCH,UNIT_SCADA,1,"2022/10/20 09:05:00",BLOWERNG,62.50
D,DISPATCH,UNIT_SCADA,1,"2022/10/20 09:05:00",BLUEGSF1,50.440190
D,DISPATCH,UNIT_SCADA,1,"2022/10/20 09:05:00",BLUFF1,39.10
D,DISPATCH,UNIT_SCADA,1,"2022/10/20 09:05:00",BNGSF1,109.96
D,DISPATCH,UNIT_SCADA,1,"2022/10/20 09:05:00",BNGSF2,110.35
D,DISPATCH,UNIT_SCADA,1,"2022/10/20 09:05:00",BOCORWF1,0
D,DISPATCH,UNIT_SCADA,1,"2022/10/20 09:05:00",BODWF1,103.091710
D,DISPATCH,UNIT_SCADA,1,"2022/10/20 09:05:00",BOMENSF1,20.290230
D,DISPATCH,UNIT_SCADA,1,"2022/10/20 09:05:00",BOWWBA1G,0
D,DISPATCH,UNIT_SCADA,1,"2022/10/20 09:05:00",BOWWBA1L,0
D,DISPATCH,UNIT_SCADA,1,"2022/10/20 09:05:00",BOWWPV1,0.0010
D,DISPATCH,UNIT_SCADA,1,"2022/10/20 09:05:00",BRAEMAR1,0
D,DISPATCH,UNIT_SCADA,1,"2022/10/20 09:05:00",BRAEMAR2,0
D,DISPATCH,UNIT_SCADA,1,"2022/10/20 09:05:00",BRAEMAR3,0
D,DISPATCH,UNIT_SCADA,1,"2022/10/20 09:05:00",BRAEMAR5,0.292060
D,DISPATCH,UNIT_SCADA,1,"2022/10/20 09:05:00",BRAEMAR6,0
D,DISPATCH,UNIT_SCADA,1,"2022/10/20 09:05:00",BRAEMAR7,0.130920
D,DISPATCH,UNIT_SCADA,1,"2022/10/20 09:05:00",BROKENH1,10.299840
D,DISPATCH,UNIT_SCADA,1,"2022/10/20 09:05:00",BRYB1WF1,95.463490
D,DISPATCH,UNIT_SCADA,1,"2022/10/20 09:05:00",BULBESG1,0
D,DISPATCH,UNIT_SCADA,1,"2022/10/20 09:05:00",BULBESL1,2.32
D,DISPATCH,UNIT_SCADA,1,"2022/10/20 09:05:00",BULGANA1,8.81
D,DISPATCH,UNIT_SCADA,1,"2022/10/20 09:05:00",BW01,650.803410
D,DISPATCH,UNIT_SCADA,1,"2022/10/20 09:05:00",BW02,614.181760
D,DISPATCH,UNIT_SCADA,1,"2022/10/20 09:05:00",BW03,543.624020
D,DISPATCH,UNIT_SCADA,1,"2022/10/20 09:05:00",BW04,0
D,DISPATCH,UNIT_SCADA,1,"2022/10/20 09:05:00",CALL_B_1,316.200010
D,DISPATCH,UNIT_SCADA,1,"2022/10/20 09:05:00",CALL_B_2,314.600010
D,DISPATCH,UNIT_SCADA,1,"2022/10/20 09:05:00",CATHROCK,0
D,DISPATCH,UNIT_SCADA,1,"2022/10/20 09:05:00",CBWWBA1G,0
D,DISPATCH,UNIT_SCADA,1,"2022/10/20 09:05:00",CBWWBA1L,0
D,DISPATCH,UNIT_SCADA,1,"2022/10/20 09:05:00",CETHANA,97.286380
D,DISPATCH,UNIT_SCADA,1,"2022/10/20 09:05:00",CG1,0
D,DISPATCH,UNIT_SCADA,1,"2022/10/20 09:05:00",CG2,0
D,DISPATCH,UNIT_SCADA,1,"2022/10/20 09:05:00",CG3,0
D,DISPATCH,UNIT_SCADA,1,"2022/10/20 09:05:00",CG4,0
D,DISPATCH,UNIT_SCADA,1,"2022/10/20 09:05:00",CHILDSF1,21.41
D,DISPATCH,UNIT_SCADA,1,"2022/10/20 09:05:00",CHYTWF1,0.37
D,DISPATCH,UNIT_SCADA,1,"2022/10/20 09:05:00",CLARESF1,96.186370
D,DISPATCH,UNIT_SCADA,1,"2022/10/20 09:05:00",CLEMGPWF,9.940830
D,DISPATCH,UNIT_SCADA,1,"2022/10/20 09:05:00",CLERMSF1,20.02
D,DISPATCH,UNIT_SCADA,1,"2022/10/20 09:05:00",CNUNDAWF,0.200230
D,DISPATCH,UNIT_SCADA,1,"2022/10/20 09:05:00",COHUNSF1,3.93
D,DISPATCH,UNIT_SCADA,1,"2022/10/20 09:05:00",COLEASF1,30.099570
D,DISPATCH,UNIT_SCADA,1,"2022/10/20 09:05:00",COLUMSF1,36.7280
D,DISPATCH,UNIT_SCADA,1,"2022/10/20 09:05:00",COLWF01,112.884720
D,DISPATCH,UNIT_SCADA,1,"2022/10/20 09:05:00",COOPGWF1,287.640010
D,DISPATCH,UNIT_SCADA,1,"2022/10/20 09:05:00",CPP_3,358.050020
D,DISPATCH,UNIT_SCADA,1,"2022/10/20 09:05:00",CPP_4,0
D,DISPATCH,UNIT_SCADA,1,"2022/10/20 09:05:00",CPSA,0
D,DISPATCH,UNIT_SCADA,1,"2022/10/20 09:05:00",CROOKWF2,34.0441
D,DISPATCH,UNIT_SCADA,1,"2022/10/20 09:05:00",CROWLWF1,25.741310
D,DISPATCH,UNIT_SCADA,1,"2022/10/20 09:05:00",CRURWF1,62.998170
D,DISPATCH,UNIT_SCADA,1,"2022/10/20 09:05:00",CRWASF1,30.238720
D,DISPATCH,UNIT_SCADA,1,"2022/10/20 09:05:00",CSPVPS1,40.3410
D,DISPATCH,UNIT_SCADA,1,"2022/10/20 09:05:00",CTHLWF1,0.003050
D,DISPATCH,UNIT_SCADA,1,"2022/10/20 09:05:00",DALNTH01,0
D,DISPATCH,UNIT_SCADA,1,"2022/10/20 09:05:00",DALNTHL1,0.074770
D,DISPATCH,UNIT_SCADA,1,"2022/10/20 09:05:00",DARLSF1,24.654250
D,DISPATCH,UNIT_SCADA,1,"2022/10/20 09:05:00",DARTM1,0
D,DISPATCH,UNIT_SCADA,1,"2022/10/20 09:05:00",DAYDSF1,64.655010
D,DISPATCH,UNIT_SCADA,1,"2022/10/20 09:05:00",DDPS1,0
D,DISPATCH,UNIT_SCADA,1,"2022/10/20 09:05:00",DDSF1,35.692540
D,DISPATCH,UNIT_SCADA,1,"2022/10/20 09:05:00",DEVILS_G,57.2747
D,DISPATCH,UNIT_SCADA,1,"2022/10/20 09:05:00",DG_NSW1,0
D,DISPATCH,UNIT_SCADA,1,"2022/10/20 09:05:00",DG_QLD1,0
D,DISPATCH,UNIT_SCADA,1,"2022/10/20 09:05:00",DG_SA1,0
D,DISPATCH,UNIT_SCADA,1,"2022/10/20 09:05:00",DG_TAS1,0
D,DISPATCH,UNIT_SCADA,1,"2022/10/20 09:05:00",DG_VIC1,0
D,DISPATCH,UNIT_SCADA,1,"2022/10/20 09:05:00",DRYCGT1,0
D,DISPATCH,UNIT_SCADA,1,"2022/10/20 09:05:00",DRYCGT2,0
D,DISPATCH,UNIT_SCADA,1,"2022/10/20 09:05:00",DRYCGT3,0
D,DISPATCH,UNIT_SCADA,1,"2022/10/20 09:05:00",DUNDWF1,53.85
D,DISPATCH,UNIT_SCADA,1,"2022/10/20 09:05:00",DUNDWF2,16.80
D,DISPATCH,UNIT_SCADA,1,"2022/10/20 09:05:00",DUNDWF3,48.52
D,DISPATCH,UNIT_SCADA,1,"2022/10/20 09:05:00",EILDON1,59.76
D,DISPATCH,UNIT_SCADA,1,"2022/10/20 09:05:00",EILDON2,59.76
D,DISPATCH,UNIT_SCADA,1,"2022/10/20 09:05:00",ELAINWF1,13.03
D,DISPATCH,UNIT_SCADA,1,"2022/10/20 09:05:00",EMERASF1,0
D,DISPATCH,UNIT_SCADA,1,"2022/10/20 09:05:00",ER01,0
D,DISPATCH,UNIT_SCADA,1,"2022/10/20 09:05:00",ER02,496.968020
D,DISPATCH,UNIT_SCADA,1,"2022/10/20 09:05:00",ER03,454.804290
D,DISPATCH,UNIT_SCADA,1,"2022/10/20 09:05:00",ER04,457.807280
D,DISPATCH,UNIT_SCADA,1,"2022/10/20 09:05:00",FINLYSF1,101.750210
D,DISPATCH,UNIT_SCADA,1,"2022/10/20 09:05:00",FISHER,43.89
D,DISPATCH,UNIT_SCADA,1,"2022/10/20 09:05:00",GANGARR1,22.8330
D,DISPATCH,UNIT_SCADA,1,"2022/10/20 09:05:00",GANNBG1,0
D,DISPATCH,UNIT_SCADA,1,"2022/10/20 09:05:00",GANNBL1,0.828490
D,DISPATCH,UNIT_SCADA,1,"2022/10/20 09:05:00",GANNSF1,22.80
D,DISPATCH,UNIT_SCADA,1,"2022/10/20 09:05:00",GLRWNSF1,110.04
D,DISPATCH,UNIT_SCADA,1,"2022/10/20 09:05:00",GNNDHSF1,33.317230
D,DISPATCH,UNIT_SCADA,1,"2022/10/20 09:05:00",GOONSF1,30.460670
D,DISPATCH,UNIT_SCADA,1,"2022/10/20 09:05:00",GORDON,229.000120
D,DISPATCH,UNIT_SCADA,1,"2022/10/20 09:05:00",GRANWF1,0
D,DISPATCH,UNIT_SCADA,1,"2022/10/20 09:05:00",GSTONE1,188.1250
D,DISPATCH,UNIT_SCADA,1,"2022/10/20 09:05:00",GSTONE2,0
D,DISPATCH,UNIT_SCADA,1,"2022/10/20 09:05:00",GSTONE3,177.274990
D,DISPATCH,UNIT_SCADA,1,"2022/10/20 09:05:00",GSTONE4,0
D,DISPATCH,UNIT_SCADA,1,"2022/10/20 09:05:00",GSTONE5,176.399990
D,DISPATCH,UNIT_SCADA,1,"2022/10/20 09:05:00",GSTONE6,176.05
D,DISPATCH,UNIT_SCADA,1,"2022/10/20 09:05:00",GULLRSF1,0.914990
D,DISPATCH,UNIT_SCADA,1,"2022/10/20 09:05:00",GULLRWF1,63.454040
D,DISPATCH,UNIT_SCADA,1,"2022/10/20 09:05:00",GULLRWF2,92.778760
D,DISPATCH,UNIT_SCADA,1,"2022/10/20 09:05:00",GUNNING1,0
D,DISPATCH,UNIT_SCADA,1,"2022/10/20 09:05:00",GUTHEGA,66.90
D,DISPATCH,UNIT_SCADA,1,"2022/10/20 09:05:00",HALLWF1,22.41
D,DISPATCH,UNIT_SCADA,1,"2022/10/20 09:05:00",HALLWF2,54.17
D,DISPATCH,UNIT_SCADA,1,"2022/10/20 09:05:00",HAMISF1,24.40
D,DISPATCH,UNIT_SCADA,1,"2022/10/20 09:05:00",HAUGHT11,73.789440
D,DISPATCH,UNIT_SCADA,1,"2022/10/20 09:05:00",HAYMSF1,23.1980
D,DISPATCH,UNIT_SCADA,1,"2022/10/20 09:05:00",HDWF1,59.60
D,DISPATCH,UNIT_SCADA,1,"2022/10/20 09:05:00",HDWF2,32.20
D,DISPATCH,UNIT_SCADA,1,"2022/10/20 09:05:00",HDWF3,41.70
D,DISPATCH,UNIT_SCADA,1,"2022/10/20 09:05:00",HILLSTN1,23.299070
D,DISPATCH,UNIT_SCADA,1,"2022/10/20 09:05:00",HPRG1,0
D,DISPATCH,UNIT_SCADA,1,"2022/10/20 09:05:00",HPRL1,7.70
D,DISPATCH,UNIT_SCADA,1,"2022/10/20 09:05:00",HUMENSW,55.1643
D,DISPATCH,UNIT_SCADA,1,"2022/10/20 09:05:00",HUMEV,0
D,DISPATCH,UNIT_SCADA,1,"2022/10/20 09:05:00",HVWWBA1G,0
D,DISPATCH,UNIT_SCADA,1,"2022/10/20 09:05:00",HVWWBA1L,0.0070
D,DISPATCH,UNIT_SCADA,1,"2022/10/20 09:05:00",HVWWPV1,0.0190
D,DISPATCH,UNIT_SCADA,1,"2022/10/20 09:05:00",JBUTTERS,0
D,DISPATCH,UNIT_SCADA,1,"2022/10/20 09:05:00",JEMALNG1,10.39
D,DISPATCH,UNIT_SCADA,1,"2022/10/20 09:05:00",JLA01,0
D,DISPATCH,UNIT_SCADA,1,"2022/10/20 09:05:00",JLA02,0
D,DISPATCH,UNIT_SCADA,1,"2022/10/20 09:05:00",JLA03,0
D,DISPATCH,UNIT_SCADA,1,"2022/10/20 09:05:00",JLA04,0
D,DISPATCH,UNIT_SCADA,1,"2022/10/20 09:05:00",JLB01,0
D,DISPATCH,UNIT_SCADA,1,"2022/10/20 09:05:00",JLB02,0.10
D,DISPATCH,UNIT_SCADA,1,"2022/10/20 09:05:00",JLB03,0
D,DISPATCH,UNIT_SCADA,1,"2022/10/20 09:05:00",JUNEESF1,7.560960
D,DISPATCH,UNIT_SCADA,1,"2022/10/20 09:05:00",KABANWF1,0
D,DISPATCH,UNIT_SCADA,1,"2022/10/20 09:05:00",KAREEYA1,0
D,DISPATCH,UNIT_SCADA,1,"2022/10/20 09:05:00",KAREEYA2,0
D,DISPATCH,UNIT_SCADA,1,"2022/10/20 09:05:00",KAREEYA3,4.53
D,DISPATCH,UNIT_SCADA,1,"2022/10/20 09:05:00",KAREEYA4,0
D,DISPATCH,UNIT_SCADA,1,"2022/10/20 09:05:00",KARSF1,11.10
D,DISPATCH,UNIT_SCADA,1,"2022/10/20 09:05:00",KEPSF1,11.89
D,DISPATCH,UNIT_SCADA,1,"2022/10/20 09:05:00",KEPWF1,0.93
D,DISPATCH,UNIT_SCADA,1,"2022/10/20 09:05:00",KIAMSF1,18.322270
D,DISPATCH,UNIT_SCADA,1,"2022/10/20 09:05:00",KIATAWF1,10.90
D,DISPATCH,UNIT_SCADA,1,"2022/10/20 09:05:00",KPP_1,0
D,DISPATCH,UNIT_SCADA,1,"2022/10/20 09:05:00",KSP1,22.40
D,DISPATCH,UNIT_SCADA,1,"2022/10/20 09:05:00",LADBROK1,0.01
D,DISPATCH,UNIT_SCADA,1,"2022/10/20 09:05:00",LADBROK2,5.41
D,DISPATCH,UNIT_SCADA,1,"2022/10/20 09:05:00",LBBG1,0
D,DISPATCH,UNIT_SCADA,1,"2022/10/20 09:05:00",LBBL1,11.25
D,DISPATCH,UNIT_SCADA,1,"2022/10/20 09:05:00",LD01,313.724180
D,DISPATCH,UNIT_SCADA,1,"2022/10/20 09:05:00",LD02,0
D,DISPATCH,UNIT_SCADA,1,"2022/10/20 09:05:00",LD04,313.742490
D,DISPATCH,UNIT_SCADA,1,"2022/10/20 09:05:00",LEM_WIL,86.718340
D,DISPATCH,UNIT_SCADA,1,"2022/10/20 09:05:00",LGAPWF1,0
D,DISPATCH,UNIT_SCADA,1,"2022/10/20 09:05:00",LGAPWF2,0
D,DISPATCH,UNIT_SCADA,1,"2022/10/20 09:05:00",LILYSF1,4.358140
D,DISPATCH,UNIT_SCADA,1,"2022/10/20 09:05:00",LIMOSF11,8.605630
D,DISPATCH,UNIT_SCADA,1,"2022/10/20 09:05:00",LIMOSF21,1.374440
D,DISPATCH,UNIT_SCADA,1,"2022/10/20 09:05:00",LI_WY_CA,60.326370
D,DISPATCH,UNIT_SCADA,1,"2022/10/20 09:05:00",LKBONNY1,0
D,DISPATCH,UNIT_SCADA,1,"2022/10/20 09:05:00",LKBONNY2,0
D,DISPATCH,UNIT_SCADA,1,"2022/10/20 09:05:00",LKBONNY3,0
D,DISPATCH,UNIT_SCADA,1,"2022/10/20 09:05:00",LK_ECHO,0
D,DISPATCH,UNIT_SCADA,1,"2022/10/20 09:05:00",LNGS1,0
D,DISPATCH,UNIT_SCADA,1,"2022/10/20 09:05:00",LNGS2,0
D,DISPATCH,UNIT_SCADA,1,"2022/10/20 09:05:00",LONSDALE,0
D,DISPATCH,UNIT_SCADA,1,"2022/10/20 09:05:00",LOYYB1,543.6076
D,DISPATCH,UNIT_SCADA,1,"2022/10/20 09:05:00",LOYYB2,545.111390
D,DISPATCH,UNIT_SCADA,1,"2022/10/20 09:05:00",LYA1,511
D,DISPATCH,UNIT_SCADA,1,"2022/10/20 09:05:00",LYA2,0
D,DISPATCH,UNIT_SCADA,1,"2022/10/20 09:05:00",LYA3,456
D,DISPATCH,UNIT_SCADA,1,"2022/10/20 09:05:00",LYA4,456
D,DISPATCH,UNIT_SCADA,1,"2022/10/20 09:05:00",MACARTH1,54.298740
D,DISPATCH,UNIT_SCADA,1,"2022/10/20 09:05:00",MACKNTSH,0
D,DISPATCH,UNIT_SCADA,1,"2022/10/20 09:05:00",MANSLR1,9.8670
D,DISPATCH,UNIT_SCADA,1,"2022/10/20 09:05:00",MAPS2PV1,0
D,DISPATCH,UNIT_SCADA,1,"2022/10/20 09:05:00",MAPS3PV1,0
D,DISPATCH,UNIT_SCADA,1,"2022/10/20 09:05:00",MARYRSF1,6.20
D,DISPATCH,UNIT_SCADA,1,"2022/10/20 09:05:00",MBPS2PV1,0
D,DISPATCH,UNIT_SCADA,1,"2022/10/20 09:05:00",MCKAY1,0.02
D,DISPATCH,UNIT_SCADA,1,"2022/10/20 09:05:00",MEADOWBK,19.8631
D,DISPATCH,UNIT_SCADA,1,"2022/10/20 09:05:00",MERCER01,16.20
D,DISPATCH,UNIT_SCADA,1,"2022/10/20 09:05:00",METZSF1,38.595670
D,DISPATCH,UNIT_SCADA,1,"2022/10/20 09:05:00",MEWF1,0
D,DISPATCH,UNIT_SCADA,1,"2022/10/20 09:05:00",MIDDLSF1,2.88
D,DISPATCH,UNIT_SCADA,1,"2022/10/20 09:05:00",MINTARO,0.128180
D,DISPATCH,UNIT_SCADA,1,"2022/10/20 09:05:00",MOLNGSF1,7.520870
D,DISPATCH,UNIT_SCADA,1,"2022/10/20 09:05:00",MOORAWF1,24.09
D,DISPATCH,UNIT_SCADA,1,"2022/10/20 09:05:00",MOREESF1,7.03
D,DISPATCH,UNIT_SCADA,1,"2022/10/20 09:05:00",MORTLK11,0
D,DISPATCH,UNIT_SCADA,1,"2022/10/20 09:05:00",MORTLK12,0
D,DISPATCH,UNIT_SCADA,1,"2022/10/20 09:05:00",MOUSF1,0
D,DISPATCH,UNIT_SCADA,1,"2022/10/20 09:05:00",MP1,0
D,DISPATCH,UNIT_SCADA,1,"2022/10/20 09:05:00",MP2,341.789890
D,DISPATCH,UNIT_SCADA,1,"2022/10/20 09:05:00",MPP_1,174.200180
D,DISPATCH,UNIT_SCADA,1,"2022/10/20 09:05:00",MPP_2,77.517240
D,DISPATCH,UNIT_SCADA,1,"2022/10/20 09:05:00",MRTLSWF1,0
D,DISPATCH,UNIT_SCADA,1,"2022/10/20 09:05:00",MSTUART1,0
D,DISPATCH,UNIT_SCADA,1,"2022/10/20 09:05:00",MSTUART2,0
D,DISPATCH,UNIT_SCADA,1,"2022/10/20 09:05:00",MSTUART3,0
D,DISPATCH,UNIT_SCADA,1,"2022/10/20 09:05:00",MTGELWF1,37.638480
D,DISPATCH,UNIT_SCADA,1,"2022/10/20 09:05:00",MTMILLAR,1.40
D,DISPATCH,UNIT_SCADA,1,"2022/10/20 09:05:00",MURRAY,0
D,DISPATCH,UNIT_SCADA,1,"2022/10/20 09:05:00",MUSSELR1,98.80
D,DISPATCH,UNIT_SCADA,1,"2022/10/20 09:05:00",MUWAWF1,64.34
D,DISPATCH,UNIT_SCADA,1,"2022/10/20 09:05:00",MUWAWF2,53.50
D,DISPATCH,UNIT_SCADA,1,"2022/10/20 09:05:00",MWPS1PV1,0.13
D,DISPATCH,UNIT_SCADA,1,"2022/10/20 09:05:00",MWPS2PV1,0
D,DISPATCH,UNIT_SCADA,1,"2022/10/20 09:05:00",MWPS3PV1,0
D,DISPATCH,UNIT_SCADA,1,"2022/10/20 09:05:00",MWPS4PV1,0.01
D,DISPATCH,UNIT_SCADA,1,"2022/10/20 09:05:00",NBHWF1,72.50
D,DISPATCH,UNIT_SCADA,1,"2022/10/20 09:05:00",NEVERSF1,15.75
D,DISPATCH,UNIT_SCADA,1,"2022/10/20 09:05:00",NPS,0
D,DISPATCH,UNIT_SCADA,1,"2022/10/20 09:05:00",NUMURSF1,93.04
D,DISPATCH,UNIT_SCADA,1,"2022/10/20 09:05:00",NYNGAN1,15.25
D,DISPATCH,UNIT_SCADA,1,"2022/10/20 09:05:00",OAKEY1,0
D,DISPATCH,UNIT_SCADA,1,"2022/10/20 09:05:00",OAKEY1SF,5.2190
D,DISPATCH,UNIT_SCADA,1,"2022/10/20 09:05:00",OAKEY2,0
D,DISPATCH,UNIT_SCADA,1,"2022/10/20 09:05:00",OAKEY2SF,9.98
D,DISPATCH,UNIT_SCADA,1,"2022/10/20 09:05:00",OAKLAND1,6.90
D,DISPATCH,UNIT_SCADA,1,"2022/10/20 09:05:00",OSB-AG,0
D,DISPATCH,UNIT_SCADA,1,"2022/10/20 09:05:00",PAREPS1,0.0660
D,DISPATCH,UNIT_SCADA,1,"2022/10/20 09:05:00",PAREPW1,52.03
D,DISPATCH,UNIT_SCADA,1,"2022/10/20 09:05:00",PARSF1,19.301140
D,DISPATCH,UNIT_SCADA,1,"2022/10/20 09:05:00",POAT110,0
D,DISPATCH,UNIT_SCADA,1,"2022/10/20 09:05:00",POAT220,0
D,DISPATCH,UNIT_SCADA,1,"2022/10/20 09:05:00",POR01,0
D,DISPATCH,UNIT_SCADA,1,"2022/10/20 09:05:00",POR03,0
D,DISPATCH,UNIT_SCADA,1,"2022/10/20 09:05:00",PPCCGT,168.183290
D,DISPATCH,UNIT_SCADA,1,"2022/10/20 09:05:00",PTSTAN1,0
D,DISPATCH,UNIT_SCADA,1,"2022/10/20 09:05:00",PUMP1,0
D,DISPATCH,UNIT_SCADA,1,"2022/10/20 09:05:00",PUMP2,0
D,DISPATCH,UNIT_SCADA,1,"2022/10/20 09:05:00",QBYNBG1,0
D,DISPATCH,UNIT_SCADA,1,"2022/10/20 09:05:00",QBYNBL1,0.0085
D,DISPATCH,UNIT_SCADA,1,"2022/10/20 09:05:00",QPS1,0
D,DISPATCH,UNIT_SCADA,1,"2022/10/20 09:05:00",QPS2,0
D,DISPATCH,UNIT_SCADA,1,"2022/10/20 09:05:00",QPS3,0
D,DISPATCH,UNIT_SCADA,1,"2022/10/20 09:05:00",QPS4,0
D,DISPATCH,UNIT_SCADA,1,"2022/10/20 09:05:00",QPS5,73.56
D,DISPATCH,UNIT_SCADA,1,"2022/10/20 09:05:00",REECE1,44.003780
D,DISPATCH,UNIT_SCADA,1,"2022/10/20 09:05:00",REECE2,0
D,DISPATCH,UNIT_SCADA,1,"2022/10/20 09:05:00",ROMA_7,0
D,DISPATCH,UNIT_SCADA,1,"2022/10/20 09:05:00",ROMA_8,0
D,DISPATCH,UNIT_SCADA,1,"2022/10/20 09:05:00",RRSF1,32.242420
D,DISPATCH,UNIT_SCADA,1,"2022/10/20 09:05:00",RT_NSW1,0
D,DISPATCH,UNIT_SCADA,1,"2022/10/20 09:05:00",RT_NSW2,0
D,DISPATCH,UNIT_SCADA,1,"2022/10/20 09:05:00",RT_NSW3,0
D,DISPATCH,UNIT_SCADA,1,"2022/10/20 09:05:00",RT_NSW4,0
D,DISPATCH,UNIT_SCADA,1,"2022/10/20 09:05:00",RT_NSW5,0
D,DISPATCH,UNIT_SCADA,1,"2022/10/20 09:05:00",RT_NSW6,0
D,DISPATCH,UNIT_SCADA,1,"2022/10/20 09:05:00",RT_QLD1,0
D,DISPATCH,UNIT_SCADA,1,"2022/10/20 09:05:00",RT_SA1,0
D,DISPATCH,UNIT_SCADA,1,"2022/10/20 09:05:00",RT_SA2,0
D,DISPATCH,UNIT_SCADA,1,"2022/10/20 09:05:00",RT_SA3,0
D,DISPATCH,UNIT_SCADA,1,"2022/10/20 09:05:00",RT_SA4,0
D,DISPATCH,UNIT_SCADA,1,"2022/10/20 09:05:00",RT_SA5,0
D,DISPATCH,UNIT_SCADA,1,"2022/10/20 09:05:00",RT_SA6,0
D,DISPATCH,UNIT_SCADA,1,"2022/10/20 09:05:00",RT_TAS1,0
D,DISPATCH,UNIT_SCADA,1,"2022/10/20 09:05:00",RT_VIC1,0
D,DISPATCH,UNIT_SCADA,1,"2022/10/20 09:05:00",RT_VIC10,0
D,DISPATCH,UNIT_SCADA,1,"2022/10/20 09:05:00",RT_VIC11,0
D,DISPATCH,UNIT_SCADA,1,"2022/10/20 09:05:00",RT_VIC12,0
D,DISPATCH,UNIT_SCADA,1,"2022/10/20 09:05:00",RT_VIC2,0
D,DISPATCH,UNIT_SCADA,1,"2022/10/20 09:05:00",RT_VIC3,0
D,DISPATCH,UNIT_SCADA,1,"2022/10/20 09:05:00",RT_VIC4,0
D,DISPATCH,UNIT_SCADA,1,"2022/10/20 09:05:00",RT_VIC5,0
D,DISPATCH,UNIT_SCADA,1,"2022/10/20 09:05:00",RT_VIC6,0
D,DISPATCH,UNIT_SCADA,1,"2022/10/20 09:05:00",RT_VIC7,0
D,DISPATCH,UNIT_SCADA,1,"2022/10/20 09:05:00",RT_VIC8,0
D,DISPATCH,UNIT_SCADA,1,"2022/10/20 09:05:00",RT_VIC9,0
D,DISPATCH,UNIT_SCADA,1,"2022/10/20 09:05:00",RUGBYR1,15.347710
D,DISPATCH,UNIT_SCADA,1,"2022/10/20 09:05:00",SALTCRK1,24.21
D,DISPATCH,UNIT_SCADA,1,"2022/10/20 09:05:00",SAPHWF1,237.907990
D,DISPATCH,UNIT_SCADA,1,"2022/10/20 09:05:00",SEBSF1,89.924380
D,DISPATCH,UNIT_SCADA,1,"2022/10/20 09:05:00",SHGEN,0
D,DISPATCH,UNIT_SCADA,1,"2022/10/20 09:05:00",SHPUMP,0
D,DISPATCH,UNIT_SCADA,1,"2022/10/20 09:05:00",SITHE01,0.173950
D,DISPATCH,UNIT_SCADA,1,"2022/10/20 09:05:00",SMCSF1,88.7460
D,DISPATCH,UNIT_SCADA,1,"2022/10/20 09:05:00",SNAPPER1,0
D,DISPATCH,UNIT_SCADA,1,"2022/10/20 09:05:00",SNOWNTH1,124
D,DISPATCH,UNIT_SCADA,1,"2022/10/20 09:05:00",SNOWSTH1,98.70
D,DISPATCH,UNIT_SCADA,1,"2022/10/20 09:05:00",SNOWTWN1,0
D,DISPATCH,UNIT_SCADA,1,"2022/10/20 09:05:00",SNOWYP,0
D,DISPATCH,UNIT_SCADA,1,"2022/10/20 09:05:00",SNUG1,0
D,DISPATCH,UNIT_SCADA,1,"2022/10/20 09:05:00",SRSF1,26.96
D,DISPATCH,UNIT_SCADA,1,"2022/10/20 09:05:00",STAN-1,278.3129
D,DISPATCH,UNIT_SCADA,1,"2022/10/20 09:05:00",STAN-2,361.910580
D,DISPATCH,UNIT_SCADA,1,"2022/10/20 09:05:00",STAN-3,154.903110
D,DISPATCH,UNIT_SCADA,1,"2022/10/20 09:05:00",STAN-4,362.769380
D,DISPATCH,UNIT_SCADA,1,"2022/10/20 09:05:00",STARHLWF,0.01
D,DISPATCH,UNIT_SCADA,1,"2022/10/20 09:05:00",STOCKYD1,71.92
D,DISPATCH,UNIT_SCADA,1,"2022/10/20 09:05:00",STWF1,2.609290
D,DISPATCH,UNIT_SCADA,1,"2022/10/20 09:05:00",SUNRSF1,4.911880
D,DISPATCH,UNIT_SCADA,1,"2022/10/20 09:05:00",SUNTPSF1,40.841080
D,DISPATCH,UNIT_SCADA,1,"2022/10/20 09:05:00",SWAN_E,155.131870
D,DISPATCH,UNIT_SCADA,1,"2022/10/20 09:05:00",TALWA1,0
D,DISPATCH,UNIT_SCADA,1,"2022/10/20 09:05:00",TARALGA1,0
D,DISPATCH,UNIT_SCADA,1,"2022/10/20 09:05:00",TARONG#1,347.200010
D,DISPATCH,UNIT_SCADA,1,"2022/10/20 09:05:00",TARONG#2,347.50
D,DISPATCH,UNIT_SCADA,1,"2022/10/20 09:05:00",TARONG#3,0.90
D,DISPATCH,UNIT_SCADA,1,"2022/10/20 09:05:00",TARONG#4,292.100010
D,DISPATCH,UNIT_SCADA,1,"2022/10/20 09:05:00",TARRALEA,54
D,DISPATCH,UNIT_SCADA,1,"2022/10/20 09:05:00",TBSF1,0.10
D,DISPATCH,UNIT_SCADA,1,"2022/10/20 09:05:00",TNPS1,438.0625
D,DISPATCH,UNIT_SCADA,1,"2022/10/20 09:05:00",TORRB1,0
D,DISPATCH,UNIT_SCADA,1,"2022/10/20 09:05:00",TORRB2,40
D,DISPATCH,UNIT_SCADA,1,"2022/10/20 09:05:00",TORRB3,0
D,DISPATCH,UNIT_SCADA,1,"2022/10/20 09:05:00",TORRB4,0
D,DISPATCH,UNIT_SCADA,1,"2022/10/20 09:05:00",TREVALLN,98.044640
D,DISPATCH,UNIT_SCADA,1,"2022/10/20 09:05:00",TRIBUTE,0
D,DISPATCH,UNIT_SCADA,1,"2022/10/20 09:05:00",TUMUT3,0
D,DISPATCH,UNIT_SCADA,1,"2022/10/20 09:05:00",TUNGATIN,4.600020
D,DISPATCH,UNIT_SCADA,1,"2022/10/20 09:05:00",TVCC201,0
D,DISPATCH,UNIT_SCADA,1,"2022/10/20 09:05:00",TVPP104,40.009730
D,DISPATCH,UNIT_SCADA,1,"2022/10/20 09:05:00",UPPTUMUT,0
D,DISPATCH,UNIT_SCADA,1,"2022/10/20 09:05:00",URANQ11,0
D,DISPATCH,UNIT_SCADA,1,"2022/10/20 09:05:00",URANQ12,0
D,DISPATCH,UNIT_SCADA,1,"2022/10/20 09:05:00",URANQ13,0
D,DISPATCH,UNIT_SCADA,1,"2022/10/20 09:05:00",URANQ14,0
D,DISPATCH,UNIT_SCADA,1,"2022/10/20 09:05:00",VBBG1,0
D,DISPATCH,UNIT_SCADA,1,"2022/10/20 09:05:00",VBBL1,24.50
D,DISPATCH,UNIT_SCADA,1,"2022/10/20 09:05:00",VP5,487.710210
D,DISPATCH,UNIT_SCADA,1,"2022/10/20 09:05:00",VP6,488.491460
D,DISPATCH,UNIT_SCADA,1,"2022/10/20 09:05:00",VPGS1,0
D,DISPATCH,UNIT_SCADA,1,"2022/10/20 09:05:00",VPGS2,0
D,DISPATCH,UNIT_SCADA,1,"2022/10/20 09:05:00",VPGS3,0
D,DISPATCH,UNIT_SCADA,1,"2022/10/20 09:05:00",VPGS4,0
D,DISPATCH,UNIT_SCADA,1,"2022/10/20 09:05:00",VPGS5,0
D,DISPATCH,UNIT_SCADA,1,"2022/10/20 09:05:00",VPGS6,0
D,DISPATCH,UNIT_SCADA,1,"2022/10/20 09:05:00",W/HOE#1,0
D,DISPATCH,UNIT_SCADA,1,"2022/10/20 09:05:00",W/HOE#2,0
D,DISPATCH,UNIT_SCADA,1,"2022/10/20 09:05:00",WAGGNSF1,0
D,DISPATCH,UNIT_SCADA,1,"2022/10/20 09:05:00",WALGRVG1,0
D,DISPATCH,UNIT_SCADA,1,"2022/10/20 09:05:00",WALGRVL1,19.194030
D,DISPATCH,UNIT_SCADA,1,"2022/10/20 09:05:00",WANDBG1,0
D,DISPATCH,UNIT_SCADA,1,"2022/10/20 09:05:00",WANDBL1,0.611060
D,DISPATCH,UNIT_SCADA,1,"2022/10/20 09:05:00",WARWSF1,13.34
D,DISPATCH,UNIT_SCADA,1,"2022/10/20 09:05:00",WARWSF2,12.35
D,DISPATCH,UNIT_SCADA,1,"2022/10/20 09:05:00",WATERLWF,88.80
D,DISPATCH,UNIT_SCADA,1,"2022/10/20 09:05:00",WDGPH1,33.6580
D,DISPATCH,UNIT_SCADA,1,"2022/10/20 09:05:00",WELLSF1,57.621120
D,DISPATCH,UNIT_SCADA,1,"2022/10/20 09:05:00",WEMENSF1,16.60
D,DISPATCH,UNIT_SCADA,1,"2022/10/20 09:05:00",WGWF1,101.50
D,DISPATCH,UNIT_SCADA,1,"2022/10/20 09:05:00",WHITSF1,27.50
D,DISPATCH,UNIT_SCADA,1,"2022/10/20 09:05:00",WINTSF1,85.05
D,DISPATCH,UNIT_SCADA,1,"2022/10/20 09:05:00",WKIEWA1,33.70
D,DISPATCH,UNIT_SCADA,1,"2022/10/20 09:05:00",WKIEWA2,33.80
D,DISPATCH,UNIT_SCADA,1,"2022/10/20 09:05:00",WOODLWN1,25.326070
D,DISPATCH,UNIT_SCADA,1,"2022/10/20 09:05:00",WOOLGSF1,16.4311
D,DISPATCH,UNIT_SCADA,1,"2022/10/20 09:05:00",WPWF,41.23
D,DISPATCH,UNIT_SCADA,1,"2022/10/20 09:05:00",WRSF1,6.019470
D,DISPATCH,UNIT_SCADA,1,"2022/10/20 09:05:00",WRWF1,87.899890
D,DISPATCH,UNIT_SCADA,1,"2022/10/20 09:05:00",WSTWYSF1,0
D,DISPATCH,UNIT_SCADA,1,"2022/10/20 09:05:00",YABULU,0
D,DISPATCH,UNIT_SCADA,1,"2022/10/20 09:05:00",YABULU2,0
D,DISPATCH,UNIT_SCADA,1,"2022/10/20 09:05:00",YARANSF1,18.73
D,DISPATCH,UNIT_SCADA,1,"2022/10/20 09:05:00",YARWUN_1,162.58
D,DISPATCH,UNIT_SCADA,1,"2022/10/20 09:05:00",YATSF1,10.96
D,DISPATCH,UNIT_SCADA,1,"2022/10/20 09:05:00",YENDWF1,23.53
D,DISPATCH,UNIT_SCADA,1,"2022/10/20 09:05:00",YWPS1,363.908870
D,DISPATCH,UNIT_SCADA,1,"2022/10/20 09:05:00",YWPS2,286.463290
D,DISPATCH,UNIT_SCADA,1,"2022/10/20 09:05:00",YWPS3,357.412660
D,DISPATCH,UNIT_SCADA,1,"2022/10/20 09:05:00",YWPS4,0
C,"END OF REPORT",419
