C,NEMP.WORLD,DISPATCHSCADA,AEMO,PUBLIC,2022/10/20,19:05:10,0000000373275177,DISPATCHSCADA,0000000373275171
I,DISPATCH,UNIT_SCADA,1,SETTLEMENTDATE,DUID,SCADAVALUE
D,DISPATCH,UNIT_SCADA,1,"2022/10/20 19:10:00",BARCSF1,0.10
D,DISPATCH,UNIT_SCADA,1,"2022/10/20 19:10:00",BUTLERSG,8.699999
D,DISPATCH,UNIT_SCADA,1,"2022/10/20 19:10:00",CAPTL_WF,83.298141
D,DISPATCH,UNIT_SCADA,1,"2022/10/20 19:10:00",CHALLHWF,6.50
D,DISPATCH,UNIT_SCADA,1,"2022/10/20 19:10:00",CLOVER,13.09
D,DISPATCH,UNIT_SCADA,1,"2022/10/20 19:10:00",CLUNY,6.433967
D,DISPATCH,UNIT_SCADA,1,"2022/10/20 19:10:00",CULLRGWF,-0.01
D,DISPATCH,UNIT_SCADA,1,"2022/10/20 19:10:00",DIAPURWF1,1.60
D,DISPATCH,UNIT_SCADA,1,"2022/10/20 19:10:00",ERGT01,0
D,DISPATCH,UNIT_SCADA,1,"2022/10/20 19:10:00",GB01,0
D,DISPATCH,UNIT_SCADA,1,"2022/10/20 19:10:00",GERMCRK,20
D,DISPATCH,UNIT_SCADA,1,"2022/10/20 19:10:00",GRIFSF1,0.001526
D,DISPATCH,UNIT_SCADA,1,"2022/10/20 19:10:00",HEZ1,0
D,DISPATCH,UNIT_SCADA,1,"2022/10/20 19:10:00",HUGSF1,-0.0420
D,DISPATCH,UNIT_SCADA,1,"2022/10/20 19:10:00",KEPBG1,0
D,DISPATCH,UNIT_SCADA,1,"2022/10/20 19:10:00",LRSF1,0.0110
D,DISPATCH,UNIT_SCADA,1,"2022/10/20 19:10:00",MBAHNTH,43.781250
D,DISPATCH,UNIT_SCADA,1,"2022/10/20 19:10:00",MLSP1,0
D,DISPATCH,UNIT_SCADA,1,"2022/10/20 19:10:00",MLWF1,4.65
D,DISPATCH,UNIT_SCADA,1,"2022/10/20 19:10:00",PALOONA,30.789999
D,DISPATCH,UNIT_SCADA,1,"2022/10/20 19:10:00",PIONEER,29.40
D,DISPATCH,UNIT_SCADA,1,"2022/10/20 19:10:00",PORTWF,42.599998
D,DISPATCH,UNIT_SCADA,1,"2022/10/20 19:10:00",REPULSE,9.784696
D,DISPATCH,UNIT_SCADA,1,"2022/10/20 19:10:00",ROWALLAN,8.8892
D,DISPATCH,UNIT_SCADA,1,"2022/10/20 19:10:00",ROYALLA1,0
D,DISPATCH,UNIT_SCADA,1,"2022/10/20 19:10:00",RPCG,-0.50
D,DISPATCH,UNIT_SCADA,1,"2022/10/20 19:10:00",RUBICON,0
D,DISPATCH,UNIT_SCADA,1,"2022/10/20 19:10:00",WAUBRAWF,74.935997
D,DISPATCH,UNIT_SCADA,1,"2022/10/20 19:10:00",WOOLNTH1,79.299995
D,DISPATCH,UNIT_SCADA,1,"2022/10/20 19:10:00",YAMBUKWF,5.10
D,DISPATCH,UNIT_SCADA,1,"2022/10/20 19:10:00",YSWF1,1.10
D,DISPATCH,UNIT_SCADA,1,"2022/10/20 19:10:00",ADPBA1G,0.0080
D,DISPATCH,UNIT_SCADA,1,"2022/10/20 19:10:00",ADPBA1L,0
D,DISPATCH,UNIT_SCADA,1,"2022/10/20 19:10:00",ADPPV1,0.0180
D,DISPATCH,UNIT_SCADA,1,"2022/10/20 19:10:00",AGLHAL,30.831340
D,DISPATCH,UNIT_SCADA,1,"2022/10/20 19:10:00",AGLSOM,0
D,DISPATCH,UNIT_SCADA,1,"2022/10/20 19:10:00",ANGAST1,0
D,DISPATCH,UNIT_SCADA,1,"2022/10/20 19:10:00",ARWF1,59.70
D,DISPATCH,UNIT_SCADA,1,"2022/10/20 19:10:00",BALBG1,0
D,DISPATCH,UNIT_SCADA,1,"2022/10/20 19:10:00",BALBL1,3.87
D,DISPATCH,UNIT_SCADA,1,"2022/10/20 19:10:00",BALDHWF1,105.1160
D,DISPATCH,UNIT_SCADA,1,"2022/10/20 19:10:00",BANGOWF1,89.696190
D,DISPATCH,UNIT_SCADA,1,"2022/10/20 19:10:00",BANGOWF2,67.298320
D,DISPATCH,UNIT_SCADA,1,"2022/10/20 19:10:00",BANN1,0
D,DISPATCH,UNIT_SCADA,1,"2022/10/20 19:10:00",BARCALDN,0
D,DISPATCH,UNIT_SCADA,1,"2022/10/20 19:10:00",BARKIPS1,155.41
D,DISPATCH,UNIT_SCADA,1,"2022/10/20 19:10:00",BARRON-1,27.84
D,DISPATCH,UNIT_SCADA,1,"2022/10/20 19:10:00",BARRON-2,28.12
D,DISPATCH,UNIT_SCADA,1,"2022/10/20 19:10:00",BASTYAN,69.63
D,DISPATCH,UNIT_SCADA,1,"2022/10/20 19:10:00",BBTHREE1,0
D,DISPATCH,UNIT_SCADA,1,"2022/10/20 19:10:00",BBTHREE2,0
D,DISPATCH,UNIT_SCADA,1,"2022/10/20 19:10:00",BBTHREE3,-1.04
D,DISPATCH,UNIT_SCADA,1,"2022/10/20 19:10:00",BDL01,0
D,DISPATCH,UNIT_SCADA,1,"2022/10/20 19:10:00",BDL02,0
D,DISPATCH,UNIT_SCADA,1,"2022/10/20 19:10:00",BERYLSF1,0
D,DISPATCH,UNIT_SCADA,1,"2022/10/20 19:10:00",BLOWERNG,62.60
D,DISPATCH,UNIT_SCADA,1,"2022/10/20 19:10:00",BLUEGSF1,0
D,DISPATCH,UNIT_SCADA,1,"2022/10/20 19:10:00",BLUFF1,2.50
D,DISPATCH,UNIT_SCADA,1,"2022/10/20 19:10:00",BNGSF1,0
D,DISPATCH,UNIT_SCADA,1,"2022/10/20 19:10:00",BNGSF2,0
D,DISPATCH,UNIT_SCADA,1,"2022/10/20 19:10:00",BOCORWF1,30.52
D,DISPATCH,UNIT_SCADA,1,"2022/10/20 19:10:00",BODWF1,109.442570
D,DISPATCH,UNIT_SCADA,1,"2022/10/20 19:10:00",BOMENSF1,0
D,DISPATCH,UNIT_SCADA,1,"2022/10/20 19:10:00",BOWWBA1G,0
D,DISPATCH,UNIT_SCADA,1,"2022/10/20 19:10:00",BOWWBA1L,0.0030
D,DISPATCH,UNIT_SCADA,1,"2022/10/20 19:10:00",BOWWPV1,0
D,DISPATCH,UNIT_SCADA,1,"2022/10/20 19:10:00",BRAEMAR1,0
D,DISPATCH,UNIT_SCADA,1,"2022/10/20 19:10:00",BRAEMAR2,0
D,DISPATCH,UNIT_SCADA,1,"2022/10/20 19:10:00",BRAEMAR3,0
D,DISPATCH,UNIT_SCADA,1,"2022/10/20 19:10:00",BRAEMAR5,143.481540
D,DISPATCH,UNIT_SCADA,1,"2022/10/20 19:10:00",BRAEMAR6,0
D,DISPATCH,UNIT_SCADA,1,"2022/10/20 19:10:00",BRAEMAR7,152.595790
D,DISPATCH,UNIT_SCADA,1,"2022/10/20 19:10:00",BROKENH1,0
D,DISPATCH,UNIT_SCADA,1,"2022/10/20 19:10:00",BRYB1WF1,107.829410
D,DISPATCH,UNIT_SCADA,1,"2022/10/20 19:10:00",BULBESG1,0
D,DISPATCH,UNIT_SCADA,1,"2022/10/20 19:10:00",BULBESL1,0.03
D,DISPATCH,UNIT_SCADA,1,"2022/10/20 19:10:00",BULGANA1,61.88
D,DISPATCH,UNIT_SCADA,1,"2022/10/20 19:10:00",BW01,656.662840
D,DISPATCH,UNIT_SCADA,1,"2022/10/20 19:10:00",BW02,638.400880
D,DISPATCH,UNIT_SCADA,1,"2022/10/20 19:10:00",BW03,614.059690
D,DISPATCH,UNIT_SCADA,1,"2022/10/20 19:10:00",BW04,0
D,DISPATCH,UNIT_SCADA,1,"2022/10/20 19:10:00",CALL_B_1,319.100010
D,DISPATCH,UNIT_SCADA,1,"2022/10/20 19:10:00",CALL_B_2,317.600010
D,DISPATCH,UNIT_SCADA,1,"2022/10/20 19:10:00",CATHROCK,5.90
D,DISPATCH,UNIT_SCADA,1,"2022/10/20 19:10:00",CBWWBA1G,0
D,DISPATCH,UNIT_SCADA,1,"2022/10/20 19:10:00",CBWWBA1L,0
D,DISPATCH,UNIT_SCADA,1,"2022/10/20 19:10:00",CETHANA,97.286380
D,DISPATCH,UNIT_SCADA,1,"2022/10/20 19:10:00",CG1,0
D,DISPATCH,UNIT_SCADA,1,"2022/10/20 19:10:00",CG2,0
D,DISPATCH,UNIT_SCADA,1,"2022/10/20 19:10:00",CG3,0
D,DISPATCH,UNIT_SCADA,1,"2022/10/20 19:10:00",CG4,0
D,DISPATCH,UNIT_SCADA,1,"2022/10/20 19:10:00",CHILDSF1,0
D,DISPATCH,UNIT_SCADA,1,"2022/10/20 19:10:00",CHYTWF1,10.74
D,DISPATCH,UNIT_SCADA,1,"2022/10/20 19:10:00",CLARESF1,0
D,DISPATCH,UNIT_SCADA,1,"2022/10/20 19:10:00",CLEMGPWF,5.186520
D,DISPATCH,UNIT_SCADA,1,"2022/10/20 19:10:00",CLERMSF1,0
D,DISPATCH,UNIT_SCADA,1,"2022/10/20 19:10:00",CNUNDAWF,14.717170
D,DISPATCH,UNIT_SCADA,1,"2022/10/20 19:10:00",COHUNSF1,0
D,DISPATCH,UNIT_SCADA,1,"2022/10/20 19:10:00",COLEASF1,0
D,DISPATCH,UNIT_SCADA,1,"2022/10/20 19:10:00",COLUMSF1,0
D,DISPATCH,UNIT_SCADA,1,"2022/10/20 19:10:00",COLWF01,137.534150
D,DISPATCH,UNIT_SCADA,1,"2022/10/20 19:10:00",COOPGWF1,346.640010
D,DISPATCH,UNIT_SCADA,1,"2022/10/20 19:10:00",CPP_3,368.50
D,DISPATCH,UNIT_SCADA,1,"2022/10/20 19:10:00",CPP_4,0
D,DISPATCH,UNIT_SCADA,1,"2022/10/20 19:10:00",CPSA,0
D,DISPATCH,UNIT_SCADA,1,"2022/10/20 19:10:00",CROOKWF2,36.545360
D,DISPATCH,UNIT_SCADA,1,"2022/10/20 19:10:00",CROWLWF1,33.371140
D,DISPATCH,UNIT_SCADA,1,"2022/10/20 19:10:00",CRURWF1,80.897770
D,DISPATCH,UNIT_SCADA,1,"2022/10/20 19:10:00",CRWASF1,0
D,DISPATCH,UNIT_SCADA,1,"2022/10/20 19:10:00",CSPVPS1,0
D,DISPATCH,UNIT_SCADA,1,"2022/10/20 19:10:00",CTHLWF1,0.003050
D,DISPATCH,UNIT_SCADA,1,"2022/10/20 19:10:00",DALNTH01,0
D,DISPATCH,UNIT_SCADA,1,"2022/10/20 19:10:00",DALNTHL1,0.141910
D,DISPATCH,UNIT_SCADA,1,"2022/10/20 19:10:00",DARLSF1,0
D,DISPATCH,UNIT_SCADA,1,"2022/10/20 19:10:00",DARTM1,0
D,DISPATCH,UNIT_SCADA,1,"2022/10/20 19:10:00",DAYDSF1,0
D,DISPATCH,UNIT_SCADA,1,"2022/10/20 19:10:00",DDPS1,0
D,DISPATCH,UNIT_SCADA,1,"2022/10/20 19:10:00",DDSF1,0
D,DISPATCH,UNIT_SCADA,1,"2022/10/20 19:10:00",DEVILS_G,59.955440
D,DISPATCH,UNIT_SCADA,1,"2022/10/20 19:10:00",DG_NSW1,0
D,DISPATCH,UNIT_SCADA,1,"2022/10/20 19:10:00",DG_QLD1,0
D,DISPATCH,UNIT_SCADA,1,"2022/10/20 19:10:00",DG_SA1,0
D,DISPATCH,UNIT_SCADA,1,"2022/10/20 19:10:00",DG_TAS1,0
D,DISPATCH,UNIT_SCADA,1,"2022/10/20 19:10:00",DG_VIC1,0
D,DISPATCH,UNIT_SCADA,1,"2022/10/20 19:10:00",DRYCGT1,0
D,DISPATCH,UNIT_SCADA,1,"2022/10/20 19:10:00",DRYCGT2,0
D,DISPATCH,UNIT_SCADA,1,"2022/10/20 19:10:00",DRYCGT3,0
D,DISPATCH,UNIT_SCADA,1,"2022/10/20 19:10:00",DUNDWF1,80.34
D,DISPATCH,UNIT_SCADA,1,"2022/10/20 19:10:00",DUNDWF2,23.23
D,DISPATCH,UNIT_SCADA,1,"2022/10/20 19:10:00",DUNDWF3,66.31
D,DISPATCH,UNIT_SCADA,1,"2022/10/20 19:10:00",EILDON1,59.88
D,DISPATCH,UNIT_SCADA,1,"2022/10/20 19:10:00",EILDON2,59.96
D,DISPATCH,UNIT_SCADA,1,"2022/10/20 19:10:00",ELAINWF1,8.06
D,DISPATCH,UNIT_SCADA,1,"2022/10/20 19:10:00",EMERASF1,0
D,DISPATCH,UNIT_SCADA,1,"2022/10/20 19:10:00",ER01,0
D,DISPATCH,UNIT_SCADA,1,"2022/10/20 19:10:00",ER02,597.824040
D,DISPATCH,UNIT_SCADA,1,"2022/10/20 19:10:00",ER03,638.669430
D,DISPATCH,UNIT_SCADA,1,"2022/10/20 19:10:00",ER04,697.434940
D,DISPATCH,UNIT_SCADA,1,"2022/10/20 19:10:00",FINLYSF1,0
D,DISPATCH,UNIT_SCADA,1,"2022/10/20 19:10:00",FISHER,43.90
D,DISPATCH,UNIT_SCADA,1,"2022/10/20 19:10:00",GANGARR1,0
D,DISPATCH,UNIT_SCADA,1,"2022/10/20 19:10:00",GANNBG1,20.010430
D,DISPATCH,UNIT_SCADA,1,"2022/10/20 19:10:00",GANNBL1,0
D,DISPATCH,UNIT_SCADA,1,"2022/10/20 19:10:00",GANNSF1,0
D,DISPATCH,UNIT_SCADA,1,"2022/10/20 19:10:00",GLRWNSF1,0
D,DISPATCH,UNIT_SCADA,1,"2022/10/20 19:10:00",GNNDHSF1,0
D,DISPATCH,UNIT_SCADA,1,"2022/10/20 19:10:00",GOONSF1,0
D,DISPATCH,UNIT_SCADA,1,"2022/10/20 19:10:00",GORDON,275.872380
D,DISPATCH,UNIT_SCADA,1,"2022/10/20 19:10:00",GRANWF1,0
D,DISPATCH,UNIT_SCADA,1,"2022/10/20 19:10:00",GSTONE1,214.724990
D,DISPATCH,UNIT_SCADA,1,"2022/10/20 19:10:00",GSTONE2,0
D,DISPATCH,UNIT_SCADA,1,"2022/10/20 19:10:00",GSTONE3,200.20
D,DISPATCH,UNIT_SCADA,1,"2022/10/20 19:10:00",GSTONE4,0
D,DISPATCH,UNIT_SCADA,1,"2022/10/20 19:10:00",GSTONE5,214.3750
D,DISPATCH,UNIT_SCADA,1,"2022/10/20 19:10:00",GSTONE6,214.724990
D,DISPATCH,UNIT_SCADA,1,"2022/10/20 19:10:00",GULLRSF1,0
D,DISPATCH,UNIT_SCADA,1,"2022/10/20 19:10:00",GULLRWF1,84.293720
D,DISPATCH,UNIT_SCADA,1,"2022/10/20 19:10:00",GULLRWF2,85.4725
D,DISPATCH,UNIT_SCADA,1,"2022/10/20 19:10:00",GUNNING1,0
D,DISPATCH,UNIT_SCADA,1,"2022/10/20 19:10:00",GUTHEGA,67.40
D,DISPATCH,UNIT_SCADA,1,"2022/10/20 19:10:00",HALLWF1,4.54
D,DISPATCH,UNIT_SCADA,1,"2022/10/20 19:10:00",HALLWF2,2.08
D,DISPATCH,UNIT_SCADA,1,"2022/10/20 19:10:00",HAMISF1,0
D,DISPATCH,UNIT_SCADA,1,"2022/10/20 19:10:00",HAUGHT11,0
D,DISPATCH,UNIT_SCADA,1,"2022/10/20 19:10:00",HAYMSF1,0
D,DISPATCH,UNIT_SCADA,1,"2022/10/20 19:10:00",HDWF1,15.40
D,DISPATCH,UNIT_SCADA,1,"2022/10/20 19:10:00",HDWF2,13.20
D,DISPATCH,UNIT_SCADA,1,"2022/10/20 19:10:00",HDWF3,14
D,DISPATCH,UNIT_SCADA,1,"2022/10/20 19:10:00",HILLSTN1,0
D,DISPATCH,UNIT_SCADA,1,"2022/10/20 19:10:00",HPRG1,0
D,DISPATCH,UNIT_SCADA,1,"2022/10/20 19:10:00",HPRL1,2.90
D,DISPATCH,UNIT_SCADA,1,"2022/10/20 19:10:00",HUMENSW,54.432160
D,DISPATCH,UNIT_SCADA,1,"2022/10/20 19:10:00",HUMEV,0
D,DISPATCH,UNIT_SCADA,1,"2022/10/20 19:10:00",HVWWBA1G,0
D,DISPATCH,UNIT_SCADA,1,"2022/10/20 19:10:00",HVWWBA1L,0.0070
D,DISPATCH,UNIT_SCADA,1,"2022/10/20 19:10:00",HVWWPV1,0.0080
D,DISPATCH,UNIT_SCADA,1,"2022/10/20 19:10:00",JBUTTERS,12.646870
D,DISPATCH,UNIT_SCADA,1,"2022/10/20 19:10:00",JEMALNG1,0
D,DISPATCH,UNIT_SCADA,1,"2022/10/20 19:10:00",JLA01,0
D,DISPATCH,UNIT_SCADA,1,"2022/10/20 19:10:00",JLA02,0
D,DISPATCH,UNIT_SCADA,1,"2022/10/20 19:10:00",JLA03,0
D,DISPATCH,UNIT_SCADA,1,"2022/10/20 19:10:00",JLA04,0
D,DISPATCH,UNIT_SCADA,1,"2022/10/20 19:10:00",JLB01,0
D,DISPATCH,UNIT_SCADA,1,"2022/10/20 19:10:00",JLB02,0.10
D,DISPATCH,UNIT_SCADA,1,"2022/10/20 19:10:00",JLB03,0
D,DISPATCH,UNIT_SCADA,1,"2022/10/20 19:10:00",JUNEESF1,0
D,DISPATCH,UNIT_SCADA,1,"2022/10/20 19:10:00",KABANWF1,0.5790
D,DISPATCH,UNIT_SCADA,1,"2022/10/20 19:10:00",KAREEYA1,0
D,DISPATCH,UNIT_SCADA,1,"2022/10/20 19:10:00",KAREEYA2,0
D,DISPATCH,UNIT_SCADA,1,"2022/10/20 19:10:00",KAREEYA3,4.8575
D,DISPATCH,UNIT_SCADA,1,"2022/10/20 19:10:00",KAREEYA4,0
D,DISPATCH,UNIT_SCADA,1,"2022/10/20 19:10:00",KARSF1,0
D,DISPATCH,UNIT_SCADA,1,"2022/10/20 19:10:00",KEPSF1,0
D,DISPATCH,UNIT_SCADA,1,"2022/10/20 19:10:00",KEPWF1,8.49
D,DISPATCH,UNIT_SCADA,1,"2022/10/20 19:10:00",KIAMSF1,0
D,DISPATCH,UNIT_SCADA,1,"2022/10/20 19:10:00",KIATAWF1,2.60
D,DISPATCH,UNIT_SCADA,1,"2022/10/20 19:10:00",KPP_1,0
D,DISPATCH,UNIT_SCADA,1,"2022/10/20 19:10:00",KSP1,0
D,DISPATCH,UNIT_SCADA,1,"2022/10/20 19:10:00",LADBROK1,0.01
D,DISPATCH,UNIT_SCADA,1,"2022/10/20 19:10:00",LADBROK2,0.02
D,DISPATCH,UNIT_SCADA,1,"2022/10/20 19:10:00",LBBG1,0
D,DISPATCH,UNIT_SCADA,1,"2022/10/20 19:10:00",LBBL1,0
D,DISPATCH,UNIT_SCADA,1,"2022/10/20 19:10:00",LD01,378.179260
D,DISPATCH,UNIT_SCADA,1,"2022/10/20 19:10:00",LD02,37.665940
D,DISPATCH,UNIT_SCADA,1,"2022/10/20 19:10:00",LD04,313.4678
D,DISPATCH,UNIT_SCADA,1,"2022/10/20 19:10:00",LEM_WIL,86.916020
D,DISPATCH,UNIT_SCADA,1,"2022/10/20 19:10:00",LGAPWF1,98.10
D,DISPATCH,UNIT_SCADA,1,"2022/10/20 19:10:00",LGAPWF2,59.73
D,DISPATCH,UNIT_SCADA,1,"2022/10/20 19:10:00",LILYSF1,0
D,DISPATCH,UNIT_SCADA,1,"2022/10/20 19:10:00",LIMOSF11,0
D,DISPATCH,UNIT_SCADA,1,"2022/10/20 19:10:00",LIMOSF21,0
D,DISPATCH,UNIT_SCADA,1,"2022/10/20 19:10:00",LI_WY_CA,62.799250
D,DISPATCH,UNIT_SCADA,1,"2022/10/20 19:10:00",LKBONNY1,13.932270
D,DISPATCH,UNIT_SCADA,1,"2022/10/20 19:10:00",LKBONNY2,56.956510
D,DISPATCH,UNIT_SCADA,1,"2022/10/20 19:10:00",LKBONNY3,15.239430
D,DISPATCH,UNIT_SCADA,1,"2022/10/20 19:10:00",LK_ECHO,0
D,DISPATCH,UNIT_SCADA,1,"2022/10/20 19:10:00",LNGS1,0
D,DISPATCH,UNIT_SCADA,1,"2022/10/20 19:10:00",LNGS2,0
D,DISPATCH,UNIT_SCADA,1,"2022/10/20 19:10:00",LONSDALE,0
D,DISPATCH,UNIT_SCADA,1,"2022/10/20 19:10:00",LOYYB1,579.698730
D,DISPATCH,UNIT_SCADA,1,"2022/10/20 19:10:00",LOYYB2,573.683530
D,DISPATCH,UNIT_SCADA,1,"2022/10/20 19:10:00",LYA1,556
D,DISPATCH,UNIT_SCADA,1,"2022/10/20 19:10:00",LYA2,0
D,DISPATCH,UNIT_SCADA,1,"2022/10/20 19:10:00",LYA3,556
D,DISPATCH,UNIT_SCADA,1,"2022/10/20 19:10:00",LYA4,558
D,DISPATCH,UNIT_SCADA,1,"2022/10/20 19:10:00",MACARTH1,68.698410
D,DISPATCH,UNIT_SCADA,1,"2022/10/20 19:10:00",MACKNTSH,74.44
D,DISPATCH,UNIT_SCADA,1,"2022/10/20 19:10:00",MANSLR1,0
D,DISPATCH,UNIT_SCADA,1,"2022/10/20 19:10:00",MAPS2PV1,0
D,DISPATCH,UNIT_SCADA,1,"2022/10/20 19:10:00",MAPS3PV1,0
D,DISPATCH,UNIT_SCADA,1,"2022/10/20 19:10:00",MARYRSF1,0
D,DISPATCH,UNIT_SCADA,1,"2022/10/20 19:10:00",MBPS2PV1,0
D,DISPATCH,UNIT_SCADA,1,"2022/10/20 19:10:00",MCKAY1,217.8750
D,DISPATCH,UNIT_SCADA,1,"2022/10/20 19:10:00",MEADOWBK,19.920260
D,DISPATCH,UNIT_SCADA,1,"2022/10/20 19:10:00",MERCER01,16.50
D,DISPATCH,UNIT_SCADA,1,"2022/10/20 19:10:00",METZSF1,0
D,DISPATCH,UNIT_SCADA,1,"2022/10/20 19:10:00",MEWF1,24.924160
D,DISPATCH,UNIT_SCADA,1,"2022/10/20 19:10:00",MIDDLSF1,0
D,DISPATCH,UNIT_SCADA,1,"2022/10/20 19:10:00",MINTARO,0.128180
D,DISPATCH,UNIT_SCADA,1,"2022/10/20 19:10:00",MOLNGSF1,0
D,DISPATCH,UNIT_SCADA,1,"2022/10/20 19:10:00",MOORAWF1,14.91
D,DISPATCH,UNIT_SCADA,1,"2022/10/20 19:10:00",MOREESF1,0
D,DISPATCH,UNIT_SCADA,1,"2022/10/20 19:10:00",MORTLK11,0
D,DISPATCH,UNIT_SCADA,1,"2022/10/20 19:10:00",MORTLK12,0
D,DISPATCH,UNIT_SCADA,1,"2022/10/20 19:10:00",MOUSF1,0
D,DISPATCH,UNIT_SCADA,1,"2022/10/20 19:10:00",MP1,0
D,DISPATCH,UNIT_SCADA,1,"2022/10/20 19:10:00",MP2,636.960390
D,DISPATCH,UNIT_SCADA,1,"2022/10/20 19:10:00",MPP_1,194.281420
D,DISPATCH,UNIT_SCADA,1,"2022/10/20 19:10:00",MPP_2,178.9153
D,DISPATCH,UNIT_SCADA,1,"2022/10/20 19:10:00",MRTLSWF1,0
D,DISPATCH,UNIT_SCADA,1,"2022/10/20 19:10:00",MSTUART1,0
D,DISPATCH,UNIT_SCADA,1,"2022/10/20 19:10:00",MSTUART2,0
D,DISPATCH,UNIT_SCADA,1,"2022/10/20 19:10:00",MSTUART3,0
D,DISPATCH,UNIT_SCADA,1,"2022/10/20 19:10:00",MTGELWF1,65.282140
D,DISPATCH,UNIT_SCADA,1,"2022/10/20 19:10:00",MTMILLAR,14.40
D,DISPATCH,UNIT_SCADA,1,"2022/10/20 19:10:00",MURRAY,354.50
D,DISPATCH,UNIT_SCADA,1,"2022/10/20 19:10:00",MUSSELR1,4
D,DISPATCH,UNIT_SCADA,1,"2022/10/20 19:10:00",MUWAWF1,4.52
D,DISPATCH,UNIT_SCADA,1,"2022/10/20 19:10:00",MUWAWF2,12.40
D,DISPATCH,UNIT_SCADA,1,"2022/10/20 19:10:00",MWPS1PV1,0
D,DISPATCH,UNIT_SCADA,1,"2022/10/20 19:10:00",MWPS2PV1,0
D,DISPATCH,UNIT_SCADA,1,"2022/10/20 19:10:00",MWPS3PV1,0
D,DISPATCH,UNIT_SCADA,1,"2022/10/20 19:10:00",MWPS4PV1,0
D,DISPATCH,UNIT_SCADA,1,"2022/10/20 19:10:00",NBHWF1,3.70
D,DISPATCH,UNIT_SCADA,1,"2022/10/20 19:10:00",NEVERSF1,0
D,DISPATCH,UNIT_SCADA,1,"2022/10/20 19:10:00",NPS,0
D,DISPATCH,UNIT_SCADA,1,"2022/10/20 19:10:00",NUMURSF1,0
D,DISPATCH,UNIT_SCADA,1,"2022/10/20 19:10:00",NYNGAN1,0
D,DISPATCH,UNIT_SCADA,1,"2022/10/20 19:10:00",OAKEY1,125.0996
D,DISPATCH,UNIT_SCADA,1,"2022/10/20 19:10:00",OAKEY1SF,0
D,DISPATCH,UNIT_SCADA,1,"2022/10/20 19:10:00",OAKEY2,0
D,DISPATCH,UNIT_SCADA,1,"2022/10/20 19:10:00",OAKEY2SF,0
D,DISPATCH,UNIT_SCADA,1,"2022/10/20 19:10:00",OAKLAND1,21.20
D,DISPATCH,UNIT_SCADA,1,"2022/10/20 19:10:00",OSB-AG,177.629990
D,DISPATCH,UNIT_SCADA,1,"2022/10/20 19:10:00",PAREPS1,0
D,DISPATCH,UNIT_SCADA,1,"2022/10/20 19:10:00",PAREPW1,159.769990
D,DISPATCH,UNIT_SCADA,1,"2022/10/20 19:10:00",PARSF1,0.001530
D,DISPATCH,UNIT_SCADA,1,"2022/10/20 19:10:00",POAT110,3.19
D,DISPATCH,UNIT_SCADA,1,"2022/10/20 19:10:00",POAT220,0
D,DISPATCH,UNIT_SCADA,1,"2022/10/20 19:10:00",POR01,0.045290
D,DISPATCH,UNIT_SCADA,1,"2022/10/20 19:10:00",POR03,0
D,DISPATCH,UNIT_SCADA,1,"2022/10/20 19:10:00",PPCCGT,193.014140
D,DISPATCH,UNIT_SCADA,1,"2022/10/20 19:10:00",PTSTAN1,0
D,DISPATCH,UNIT_SCADA,1,"2022/10/20 19:10:00",PUMP1,0
D,DISPATCH,UNIT_SCADA,1,"2022/10/20 19:10:00",PUMP2,0
D,DISPATCH,UNIT_SCADA,1,"2022/10/20 19:10:00",QBYNBG1,0.0025
D,DISPATCH,UNIT_SCADA,1,"2022/10/20 19:10:00",QBYNBL1,0
D,DISPATCH,UNIT_SCADA,1,"2022/10/20 19:10:00",QPS1,0
D,DISPATCH,UNIT_SCADA,1,"2022/10/20 19:10:00",QPS2,0
D,DISPATCH,UNIT_SCADA,1,"2022/10/20 19:10:00",QPS3,0
D,DISPATCH,UNIT_SCADA,1,"2022/10/20 19:10:00",QPS4,0
D,DISPATCH,UNIT_SCADA,1,"2022/10/20 19:10:00",QPS5,119.04
D,DISPATCH,UNIT_SCADA,1,"2022/10/20 19:10:00",REECE1,99.805410
D,DISPATCH,UNIT_SCADA,1,"2022/10/20 19:10:00",REECE2,99.240010
D,DISPATCH,UNIT_SCADA,1,"2022/10/20 19:10:00",ROMA_7,0
D,DISPATCH,UNIT_SCADA,1,"2022/10/20 19:10:00",ROMA_8,0
D,DISPATCH,UNIT_SCADA,1,"2022/10/20 19:10:00",RRSF1,0
D,DISPATCH,UNIT_SCADA,1,"2022/10/20 19:10:00",RT_NSW1,0
D,DISPATCH,UNIT_SCADA,1,"2022/10/20 19:10:00",RT_NSW2,0
D,DISPATCH,UNIT_SCADA,1,"2022/10/20 19:10:00",RT_NSW3,0
D,DISPATCH,UNIT_SCADA,1,"2022/10/20 19:10:00",RT_NSW4,0
D,DISPATCH,UNIT_SCADA,1,"2022/10/20 19:10:00",RT_NSW5,0
D,DISPATCH,UNIT_SCADA,1,"2022/10/20 19:10:00",RT_NSW6,0
D,DISPATCH,UNIT_SCADA,1,"2022/10/20 19:10:00",RT_QLD1,0
D,DISPATCH,UNIT_SCADA,1,"2022/10/20 19:10:00",RT_SA1,0
D,DISPATCH,UNIT_SCADA,1,"2022/10/20 19:10:00",RT_SA2,0
D,DISPATCH,UNIT_SCADA,1,"2022/10/20 19:10:00",RT_SA3,0
D,DISPATCH,UNIT_SCADA,1,"2022/10/20 19:10:00",RT_SA4,0
D,DISPATCH,UNIT_SCADA,1,"2022/10/20 19:10:00",RT_SA5,0
D,DISPATCH,UNIT_SCADA,1,"2022/10/20 19:10:00",RT_SA6,0
D,DISPATCH,UNIT_SCADA,1,"2022/10/20 19:10:00",RT_TAS1,0
D,DISPATCH,UNIT_SCADA,1,"2022/10/20 19:10:00",RT_VIC1,0
D,DISPATCH,UNIT_SCADA,1,"2022/10/20 19:10:00",RT_VIC10,0
D,DISPATCH,UNIT_SCADA,1,"2022/10/20 19:10:00",RT_VIC11,0
D,DISPATCH,UNIT_SCADA,1,"2022/10/20 19:10:00",RT_VIC12,0
D,DISPATCH,UNIT_SCADA,1,"2022/10/20 19:10:00",RT_VIC2,0
D,DISPATCH,UNIT_SCADA,1,"2022/10/20 19:10:00",RT_VIC3,0
D,DISPATCH,UNIT_SCADA,1,"2022/10/20 19:10:00",RT_VIC4,0
D,DISPATCH,UNIT_SCADA,1,"2022/10/20 19:10:00",RT_VIC5,0
D,DISPATCH,UNIT_SCADA,1,"2022/10/20 19:10:00",RT_VIC6,0
D,DISPATCH,UNIT_SCADA,1,"2022/10/20 19:10:00",RT_VIC7,0
D,DISPATCH,UNIT_SCADA,1,"2022/10/20 19:10:00",RT_VIC8,0
D,DISPATCH,UNIT_SCADA,1,"2022/10/20 19:10:00",RT_VIC9,0
D,DISPATCH,UNIT_SCADA,1,"2022/10/20 19:10:00",RUGBYR1,0
D,DISPATCH,UNIT_SCADA,1,"2022/10/20 19:10:00",SALTCRK1,30.84
D,DISPATCH,UNIT_SCADA,1,"2022/10/20 19:10:00",SAPHWF1,230.016020
D,DISPATCH,UNIT_SCADA,1,"2022/10/20 19:10:00",SEBSF1,0
D,DISPATCH,UNIT_SCADA,1,"2022/10/20 19:10:00",SHGEN,80.646240
D,DISPATCH,UNIT_SCADA,1,"2022/10/20 19:10:00",SHPUMP,0
D,DISPATCH,UNIT_SCADA,1,"2022/10/20 19:10:00",SITHE01,0.143810
D,DISPATCH,UNIT_SCADA,1,"2022/10/20 19:10:00",SMCSF1,0
D,DISPATCH,UNIT_SCADA,1,"2022/10/20 19:10:00",SNAPPER1,0
D,DISPATCH,UNIT_SCADA,1,"2022/10/20 19:10:00",SNOWNTH1,51
D,DISPATCH,UNIT_SCADA,1,"2022/10/20 19:10:00",SNOWSTH1,19
D,DISPATCH,UNIT_SCADA,1,"2022/10/20 19:10:00",SNOWTWN1,43.5961
D,DISPATCH,UNIT_SCADA,1,"2022/10/20 19:10:00",SNOWYP,0
D,DISPATCH,UNIT_SCADA,1,"2022/10/20 19:10:00",SNUG1,0
D,DISPATCH,UNIT_SCADA,1,"2022/10/20 19:10:00",SRSF1,0
D,DISPATCH,UNIT_SCADA,1,"2022/10/20 19:10:00",STAN-1,281.722410
D,DISPATCH,UNIT_SCADA,1,"2022/10/20 19:10:00",STAN-2,362.333560
D,DISPATCH,UNIT_SCADA,1,"2022/10/20 19:10:00",STAN-3,365.461120
D,DISPATCH,UNIT_SCADA,1,"2022/10/20 19:10:00",STAN-4,364.602330
D,DISPATCH,UNIT_SCADA,1,"2022/10/20 19:10:00",STARHLWF,6.798020
D,DISPATCH,UNIT_SCADA,1,"2022/10/20 19:10:00",STOCKYD1,155.50
D,DISPATCH,UNIT_SCADA,1,"2022/10/20 19:10:00",STWF1,113.287250
D,DISPATCH,UNIT_SCADA,1,"2022/10/20 19:10:00",SUNRSF1,0
D,DISPATCH,UNIT_SCADA,1,"2022/10/20 19:10:00",SUNTPSF1,0
D,DISPATCH,UNIT_SCADA,1,"2022/10/20 19:10:00",SWAN_E,350.918120
D,DISPATCH,UNIT_SCADA,1,"2022/10/20 19:10:00",TALWA1,0
D,DISPATCH,UNIT_SCADA,1,"2022/10/20 19:10:00",TARALGA1,0
D,DISPATCH,UNIT_SCADA,1,"2022/10/20 19:10:00",TARONG#1,348.700010
D,DISPATCH,UNIT_SCADA,1,"2022/10/20 19:10:00",TARONG#2,348.700010
D,DISPATCH,UNIT_SCADA,1,"2022/10/20 19:10:00",TARONG#3,0.90
D,DISPATCH,UNIT_SCADA,1,"2022/10/20 19:10:00",TARONG#4,294
D,DISPATCH,UNIT_SCADA,1,"2022/10/20 19:10:00",TARRALEA,53.90
D,DISPATCH,UNIT_SCADA,1,"2022/10/20 19:10:00",TBSF1,0
D,DISPATCH,UNIT_SCADA,1,"2022/10/20 19:10:00",TNPS1,417.8125
D,DISPATCH,UNIT_SCADA,1,"2022/10/20 19:10:00",TORRB1,0
D,DISPATCH,UNIT_SCADA,1,"2022/10/20 19:10:00",TORRB2,75
D,DISPATCH,UNIT_SCADA,1,"2022/10/20 19:10:00",TORRB3,0
D,DISPATCH,UNIT_SCADA,1,"2022/10/20 19:10:00",TORRB4,0
D,DISPATCH,UNIT_SCADA,1,"2022/10/20 19:10:00",TREVALLN,98.445820
D,DISPATCH,UNIT_SCADA,1,"2022/10/20 19:10:00",TRIBUTE,0
D,DISPATCH,UNIT_SCADA,1,"2022/10/20 19:10:00",TUMUT3,440.010010
D,DISPATCH,UNIT_SCADA,1,"2022/10/20 19:10:00",TUNGATIN,3.300020
D,DISPATCH,UNIT_SCADA,1,"2022/10/20 19:10:00",TVCC201,0
D,DISPATCH,UNIT_SCADA,1,"2022/10/20 19:10:00",TVPP104,57.826560
D,DISPATCH,UNIT_SCADA,1,"2022/10/20 19:10:00",UPPTUMUT,117.233570
D,DISPATCH,UNIT_SCADA,1,"2022/10/20 19:10:00",URANQ11,0
D,DISPATCH,UNIT_SCADA,1,"2022/10/20 19:10:00",URANQ12,0
D,DISPATCH,UNIT_SCADA,1,"2022/10/20 19:10:00",URANQ13,0
D,DISPATCH,UNIT_SCADA,1,"2022/10/20 19:10:00",URANQ14,155.028610
D,DISPATCH,UNIT_SCADA,1,"2022/10/20 19:10:00",VBBG1,0
D,DISPATCH,UNIT_SCADA,1,"2022/10/20 19:10:00",VBBL1,0.80
D,DISPATCH,UNIT_SCADA,1,"2022/10/20 19:10:00",VP5,563.859990
D,DISPATCH,UNIT_SCADA,1,"2022/10/20 19:10:00",VP6,599.212650
D,DISPATCH,UNIT_SCADA,1,"2022/10/20 19:10:00",VPGS1,0
D,DISPATCH,UNIT_SCADA,1,"2022/10/20 19:10:00",VPGS2,0
D,DISPATCH,UNIT_SCADA,1,"2022/10/20 19:10:00",VPGS3,0
D,DISPATCH,UNIT_SCADA,1,"2022/10/20 19:10:00",VPGS4,0
D,DISPATCH,UNIT_SCADA,1,"2022/10/20 19:10:00",VPGS5,0
D,DISPATCH,UNIT_SCADA,1,"2022/10/20 19:10:00",VPGS6,0
D,DISPATCH,UNIT_SCADA,1,"2022/10/20 19:10:00",W/HOE#1,159.209990
D,DISPATCH,UNIT_SCADA,1,"2022/10/20 19:10:00",W/HOE#2,0
D,DISPATCH,UNIT_SCADA,1,"2022/10/20 19:10:00",WAGGNSF1,0
D,DISPATCH,UNIT_SCADA,1,"2022/10/20 19:10:00",WALGRVG1,0
D,DISPATCH,UNIT_SCADA,1,"2022/10/20 19:10:00",WALGRVL1,0.010240
D,DISPATCH,UNIT_SCADA,1,"2022/10/20 19:10:00",WANDBG1,0
D,DISPATCH,UNIT_SCADA,1,"2022/10/20 19:10:00",WANDBL1,-0.017650
D,DISPATCH,UNIT_SCADA,1,"2022/10/20 19:10:00",WARWSF1,0
D,DISPATCH,UNIT_SCADA,1,"2022/10/20 19:10:00",WARWSF2,0
D,DISPATCH,UNIT_SCADA,1,"2022/10/20 19:10:00",WATERLWF,2.40
D,DISPATCH,UNIT_SCADA,1,"2022/10/20 19:10:00",WDGPH1,0
D,DISPATCH,UNIT_SCADA,1,"2022/10/20 19:10:00",WELLSF1,0
D,DISPATCH,UNIT_SCADA,1,"2022/10/20 19:10:00",WEMENSF1,0
D,DISPATCH,UNIT_SCADA,1,"2022/10/20 19:10:00",WGWF1,13.80
D,DISPATCH,UNIT_SCADA,1,"2022/10/20 19:10:00",WHITSF1,0
D,DISPATCH,UNIT_SCADA,1,"2022/10/20 19:10:00",WINTSF1,0
D,DISPATCH,UNIT_SCADA,1,"2022/10/20 19:10:00",WKIEWA1,33.70
D,DISPATCH,UNIT_SCADA,1,"2022/10/20 19:10:00",WKIEWA2,33.80
D,DISPATCH,UNIT_SCADA,1,"2022/10/20 19:10:00",WOODLWN1,33.482440
D,DISPATCH,UNIT_SCADA,1,"2022/10/20 19:10:00",WOOLGSF1,0
D,DISPATCH,UNIT_SCADA,1,"2022/10/20 19:10:00",WPWF,28.60
D,DISPATCH,UNIT_SCADA,1,"2022/10/20 19:10:00",WRSF1,0
D,DISPATCH,UNIT_SCADA,1,"2022/10/20 19:10:00",WRWF1,78.900740
D,DISPATCH,UNIT_SCADA,1,"2022/10/20 19:10:00",WSTWYSF1,0
D,DISPATCH,UNIT_SCADA,1,"2022/10/20 19:10:00",YABULU,153.000020
D,DISPATCH,UNIT_SCADA,1,"2022/10/20 19:10:00",YABULU2,0
D,DISPATCH,UNIT_SCADA,1,"2022/10/20 19:10:00",YARANSF1,0
D,DISPATCH,UNIT_SCADA,1,"2022/10/20 19:10:00",YARWUN_1,163.34
D,DISPATCH,UNIT_SCADA,1,"2022/10/20 19:10:00",YATSF1,0
D,DISPATCH,UNIT_SCADA,1,"2022/10/20 19:10:00",YENDWF1,11.91
D,DISPATCH,UNIT_SCADA,1,"2022/10/20 19:10:00",YWPS1,354.886080
D,DISPATCH,UNIT_SCADA,1,"2022/10/20 19:10:00",YWPS2,308.518980
D,DISPATCH,UNIT_SCADA,1,"2022/10/20 19:10:00",YWPS3,360.799990
D,DISPATCH,UNIT_SCADA,1,"2022/10/20 19:10:00",YWPS4,0
C,"END OF REPORT",419
