C,NEMP.WORLD,DISPATCHSCADA,AEMO,PUBLIC,2022/10/20,06:00:09,0000000373233443,DISPATCHSCADA,0000000373233437
I,DISPATCH,UNIT_SCADA,1,SETTLEMENTDATE,DUID,SCADAVALUE
D,DISPATCH,UNIT_SCADA,1,"2022/10/20 06:05:00",BARCSF1,0.10
D,DISPATCH,UNIT_SCADA,1,"2022/10/20 06:05:00",BUTLERSG,8.699999
D,DISPATCH,UNIT_SCADA,1,"2022/10/20 06:05:00",CAPTL_WF,32.441902
D,DISPATCH,UNIT_SCADA,1,"2022/10/20 06:05:00",CHALLHWF,19.60
D,DISPATCH,UNIT_SCADA,1,"2022/10/20 06:05:00",CLOVER,13.13
D,DISPATCH,UNIT_SCADA,1,"2022/10/20 06:05:00",CLUNY,6.139162
D,DISPATCH,UNIT_SCADA,1,"2022/10/20 06:05:00",CULLRGWF,-0.04
D,DISPATCH,UNIT_SCADA,1,"2022/10/20 06:05:00",DIAPURWF1,7.20
D,DISPATCH,UNIT_SCADA,1,"2022/10/20 06:05:00",ERGT01,0
D,DISPATCH,UNIT_SCADA,1,"2022/10/20 06:05:00",GB01,0
D,DISPATCH,UNIT_SCADA,1,"2022/10/20 06:05:00",GERMCRK,22.50
D,DISPATCH,UNIT_SCADA,1,"2022/10/20 06:05:00",GRIFSF1,0.599680
D,DISPATCH,UNIT_SCADA,1,"2022/10/20 06:05:00",HEZ1,0
D,DISPATCH,UNIT_SCADA,1,"2022/10/20 06:05:00",HUGSF1,-0.1740
D,DISPATCH,UNIT_SCADA,1,"2022/10/20 06:05:00",KEPBG1,0.01
D,DISPATCH,UNIT_SCADA,1,"2022/10/20 06:05:00",LRSF1,0.0240
D,DISPATCH,UNIT_SCADA,1,"2022/10/20 06:05:00",MBAHNTH,47.887497
D,DISPATCH,UNIT_SCADA,1,"2022/10/20 06:05:00",MLSP1,0.710001
D,DISPATCH,UNIT_SCADA,1,"2022/10/20 06:05:00",MLWF1,1.6950
D,DISPATCH,UNIT_SCADA,1,"2022/10/20 06:05:00",PALOONA,30.179998
D,DISPATCH,UNIT_SCADA,1,"2022/10/20 06:05:00",PIONEER,44.299999
D,DISPATCH,UNIT_SCADA,1,"2022/10/20 06:05:00",PORTWF,43.700001
D,DISPATCH,UNIT_SCADA,1,"2022/10/20 06:05:00",REPULSE,9.574731
D,DISPATCH,UNIT_SCADA,1,"2022/10/20 06:05:00",ROWALLAN,8.9318
D,DISPATCH,UNIT_SCADA,1,"2022/10/20 06:05:00",ROYALLA1,1.102003
D,DISPATCH,UNIT_SCADA,1,"2022/10/20 06:05:00",RPCG,-1.20
D,DISPATCH,UNIT_SCADA,1,"2022/10/20 06:05:00",RUBICON,0
D,DISPATCH,UNIT_SCADA,1,"2022/10/20 06:05:00",WAUBRAWF,76.984001
D,DISPATCH,UNIT_SCADA,1,"2022/10/20 06:05:00",WOOLNTH1,32.139999
D,DISPATCH,UNIT_SCADA,1,"2022/10/20 06:05:00",YAMBUKWF,6.70
D,DISPATCH,UNIT_SCADA,1,"2022/10/20 06:05:00",YSWF1,1
D,DISPATCH,UNIT_SCADA,1,"2022/10/20 06:05:00",ADPBA1G,0.0080
D,DISPATCH,UNIT_SCADA,1,"2022/10/20 06:05:00",ADPBA1L,0
D,DISPATCH,UNIT_SCADA,1,"2022/10/20 06:05:00",ADPPV1,0.0490
D,DISPATCH,UNIT_SCADA,1,"2022/10/20 06:05:00",AGLHAL,0
D,DISPATCH,UNIT_SCADA,1,"2022/10/20 06:05:00",AGLSOM,0
D,DISPATCH,UNIT_SCADA,1,"2022/10/20 06:05:00",ANGAST1,0
D,DISPATCH,UNIT_SCADA,1,"2022/10/20 06:05:00",ARWF1,10.90
D,DISPATCH,UNIT_SCADA,1,"2022/10/20 06:05:00",BALBG1,0
D,DISPATCH,UNIT_SCADA,1,"2022/10/20 06:05:00",BALBL1,0
D,DISPATCH,UNIT_SCADA,1,"2022/10/20 06:05:00",BALDHWF1,4.9090
D,DISPATCH,UNIT_SCADA,1,"2022/10/20 06:05:00",BANGOWF1,69.896090
D,DISPATCH,UNIT_SCADA,1,"2022/10/20 06:05:00",BANGOWF2,68.099870
D,DISPATCH,UNIT_SCADA,1,"2022/10/20 06:05:00",BANN1,0.35
D,DISPATCH,UNIT_SCADA,1,"2022/10/20 06:05:00",BARCALDN,0
D,DISPATCH,UNIT_SCADA,1,"2022/10/20 06:05:00",BARKIPS1,0
D,DISPATCH,UNIT_SCADA,1,"2022/10/20 06:05:00",BARRON-1,28.04
D,DISPATCH,UNIT_SCADA,1,"2022/10/20 06:05:00",BARRON-2,0
D,DISPATCH,UNIT_SCADA,1,"2022/10/20 06:05:00",BASTYAN,0
D,DISPATCH,UNIT_SCADA,1,"2022/10/20 06:05:00",BBTHREE1,-1.03
D,DISPATCH,UNIT_SCADA,1,"2022/10/20 06:05:00",BBTHREE2,0
D,DISPATCH,UNIT_SCADA,1,"2022/10/20 06:05:00",BBTHREE3,0
D,DISPATCH,UNIT_SCADA,1,"2022/10/20 06:05:00",BDL01,0
D,DISPATCH,UNIT_SCADA,1,"2022/10/20 06:05:00",BDL02,0
D,DISPATCH,UNIT_SCADA,1,"2022/10/20 06:05:00",BERYLSF1,0
D,DISPATCH,UNIT_SCADA,1,"2022/10/20 06:05:00",BLOWERNG,62.60
D,DISPATCH,UNIT_SCADA,1,"2022/10/20 06:05:00",BLUEGSF1,2.527360
D,DISPATCH,UNIT_SCADA,1,"2022/10/20 06:05:00",BLUFF1,19.40
D,DISPATCH,UNIT_SCADA,1,"2022/10/20 06:05:00",BNGSF1,0
D,DISPATCH,UNIT_SCADA,1,"2022/10/20 06:05:00",BNGSF2,0
D,DISPATCH,UNIT_SCADA,1,"2022/10/20 06:05:00",BOCORWF1,0
D,DISPATCH,UNIT_SCADA,1,"2022/10/20 06:05:00",BODWF1,107.412130
D,DISPATCH,UNIT_SCADA,1,"2022/10/20 06:05:00",BOMENSF1,10.420690
D,DISPATCH,UNIT_SCADA,1,"2022/10/20 06:05:00",BOWWBA1G,0
D,DISPATCH,UNIT_SCADA,1,"2022/10/20 06:05:00",BOWWBA1L,0.0040
D,DISPATCH,UNIT_SCADA,1,"2022/10/20 06:05:00",BOWWPV1,0
D,DISPATCH,UNIT_SCADA,1,"2022/10/20 06:05:00",BRAEMAR1,0
D,DISPATCH,UNIT_SCADA,1,"2022/10/20 06:05:00",BRAEMAR2,0
D,DISPATCH,UNIT_SCADA,1,"2022/10/20 06:05:00",BRAEMAR3,0
D,DISPATCH,UNIT_SCADA,1,"2022/10/20 06:05:00",BRAEMAR5,0.292060
D,DISPATCH,UNIT_SCADA,1,"2022/10/20 06:05:00",BRAEMAR6,0
D,DISPATCH,UNIT_SCADA,1,"2022/10/20 06:05:00",BRAEMAR7,0.130920
D,DISPATCH,UNIT_SCADA,1,"2022/10/20 06:05:00",BROKENH1,0
D,DISPATCH,UNIT_SCADA,1,"2022/10/20 06:05:00",BRYB1WF1,81.327540
D,DISPATCH,UNIT_SCADA,1,"2022/10/20 06:05:00",BULBESG1,0
D,DISPATCH,UNIT_SCADA,1,"2022/10/20 06:05:00",BULBESL1,0.02
D,DISPATCH,UNIT_SCADA,1,"2022/10/20 06:05:00",BULGANA1,56.13
D,DISPATCH,UNIT_SCADA,1,"2022/10/20 06:05:00",BW01,587.838560
D,DISPATCH,UNIT_SCADA,1,"2022/10/20 06:05:00",BW02,610.299870
D,DISPATCH,UNIT_SCADA,1,"2022/10/20 06:05:00",BW03,545.967770
D,DISPATCH,UNIT_SCADA,1,"2022/10/20 06:05:00",BW04,0
D,DISPATCH,UNIT_SCADA,1,"2022/10/20 06:05:00",CALL_B_1,317.300020
D,DISPATCH,UNIT_SCADA,1,"2022/10/20 06:05:00",CALL_B_2,317
D,DISPATCH,UNIT_SCADA,1,"2022/10/20 06:05:00",CATHROCK,5.20
D,DISPATCH,UNIT_SCADA,1,"2022/10/20 06:05:00",CBWWBA1G,0
D,DISPATCH,UNIT_SCADA,1,"2022/10/20 06:05:00",CBWWBA1L,0
D,DISPATCH,UNIT_SCADA,1,"2022/10/20 06:05:00",CETHANA,97.885120
D,DISPATCH,UNIT_SCADA,1,"2022/10/20 06:05:00",CG1,0
D,DISPATCH,UNIT_SCADA,1,"2022/10/20 06:05:00",CG2,0
D,DISPATCH,UNIT_SCADA,1,"2022/10/20 06:05:00",CG3,0
D,DISPATCH,UNIT_SCADA,1,"2022/10/20 06:05:00",CG4,0
D,DISPATCH,UNIT_SCADA,1,"2022/10/20 06:05:00",CHILDSF1,0
D,DISPATCH,UNIT_SCADA,1,"2022/10/20 06:05:00",CHYTWF1,5.95
D,DISPATCH,UNIT_SCADA,1,"2022/10/20 06:05:00",CLARESF1,0
D,DISPATCH,UNIT_SCADA,1,"2022/10/20 06:05:00",CLEMGPWF,9.436590
D,DISPATCH,UNIT_SCADA,1,"2022/10/20 06:05:00",CLERMSF1,0
D,DISPATCH,UNIT_SCADA,1,"2022/10/20 06:05:00",CNUNDAWF,15.017520
D,DISPATCH,UNIT_SCADA,1,"2022/10/20 06:05:00",COHUNSF1,0.20
D,DISPATCH,UNIT_SCADA,1,"2022/10/20 06:05:00",COLEASF1,3.601510
D,DISPATCH,UNIT_SCADA,1,"2022/10/20 06:05:00",COLUMSF1,0.12
D,DISPATCH,UNIT_SCADA,1,"2022/10/20 06:05:00",COLWF01,100.544740
D,DISPATCH,UNIT_SCADA,1,"2022/10/20 06:05:00",COOPGWF1,372.06
D,DISPATCH,UNIT_SCADA,1,"2022/10/20 06:05:00",CPP_3,355.850010
D,DISPATCH,UNIT_SCADA,1,"2022/10/20 06:05:00",CPP_4,0
D,DISPATCH,UNIT_SCADA,1,"2022/10/20 06:05:00",CPSA,0
D,DISPATCH,UNIT_SCADA,1,"2022/10/20 06:05:00",CROOKWF2,32.874650
D,DISPATCH,UNIT_SCADA,1,"2022/10/20 06:05:00",CROWLWF1,38.9632
D,DISPATCH,UNIT_SCADA,1,"2022/10/20 06:05:00",CRURWF1,84.698940
D,DISPATCH,UNIT_SCADA,1,"2022/10/20 06:05:00",CRWASF1,2.918270
D,DISPATCH,UNIT_SCADA,1,"2022/10/20 06:05:00",CSPVPS1,0.4360
D,DISPATCH,UNIT_SCADA,1,"2022/10/20 06:05:00",CTHLWF1,0.003050
D,DISPATCH,UNIT_SCADA,1,"2022/10/20 06:05:00",DALNTH01,0
D,DISPATCH,UNIT_SCADA,1,"2022/10/20 06:05:00",DALNTHL1,5.976950
D,DISPATCH,UNIT_SCADA,1,"2022/10/20 06:05:00",DARLSF1,2.364480
D,DISPATCH,UNIT_SCADA,1,"2022/10/20 06:05:00",DARTM1,0
D,DISPATCH,UNIT_SCADA,1,"2022/10/20 06:05:00",DAYDSF1,0
D,DISPATCH,UNIT_SCADA,1,"2022/10/20 06:05:00",DDPS1,0
D,DISPATCH,UNIT_SCADA,1,"2022/10/20 06:05:00",DDSF1,0.120860
D,DISPATCH,UNIT_SCADA,1,"2022/10/20 06:05:00",DEVILS_G,59.332870
D,DISPATCH,UNIT_SCADA,1,"2022/10/20 06:05:00",DG_NSW1,0
D,DISPATCH,UNIT_SCADA,1,"2022/10/20 06:05:00",DG_QLD1,0
D,DISPATCH,UNIT_SCADA,1,"2022/10/20 06:05:00",DG_SA1,0
D,DISPATCH,UNIT_SCADA,1,"2022/10/20 06:05:00",DG_TAS1,0
D,DISPATCH,UNIT_SCADA,1,"2022/10/20 06:05:00",DG_VIC1,0
D,DISPATCH,UNIT_SCADA,1,"2022/10/20 06:05:00",DRYCGT1,0
D,DISPATCH,UNIT_SCADA,1,"2022/10/20 06:05:00",DRYCGT2,0
D,DISPATCH,UNIT_SCADA,1,"2022/10/20 06:05:00",DRYCGT3,0
D,DISPATCH,UNIT_SCADA,1,"2022/10/20 06:05:00",DUNDWF1,71.93
D,DISPATCH,UNIT_SCADA,1,"2022/10/20 06:05:00",DUNDWF2,21.76
D,DISPATCH,UNIT_SCADA,1,"2022/10/20 06:05:00",DUNDWF3,45.68
D,DISPATCH,UNIT_SCADA,1,"2022/10/20 06:05:00",EILDON1,59.92
D,DISPATCH,UNIT_SCADA,1,"2022/10/20 06:05:00",EILDON2,59.88
D,DISPATCH,UNIT_SCADA,1,"2022/10/20 06:05:00",ELAINWF1,21.52
D,DISPATCH,UNIT_SCADA,1,"2022/10/20 06:05:00",EMERASF1,0
D,DISPATCH,UNIT_SCADA,1,"2022/10/20 06:05:00",ER01,0
D,DISPATCH,UNIT_SCADA,1,"2022/10/20 06:05:00",ER02,672.751950
D,DISPATCH,UNIT_SCADA,1,"2022/10/20 06:05:00",ER03,676.975650
D,DISPATCH,UNIT_SCADA,1,"2022/10/20 06:05:00",ER04,674.729550
D,DISPATCH,UNIT_SCADA,1,"2022/10/20 06:05:00",FINLYSF1,10.952930
D,DISPATCH,UNIT_SCADA,1,"2022/10/20 06:05:00",FISHER,45.84
D,DISPATCH,UNIT_SCADA,1,"2022/10/20 06:05:00",GANGARR1,3.1190
D,DISPATCH,UNIT_SCADA,1,"2022/10/20 06:05:00",GANNBG1,0
D,DISPATCH,UNIT_SCADA,1,"2022/10/20 06:05:00",GANNBL1,0.574170
D,DISPATCH,UNIT_SCADA,1,"2022/10/20 06:05:00",GANNSF1,1
D,DISPATCH,UNIT_SCADA,1,"2022/10/20 06:05:00",GLRWNSF1,9.70
D,DISPATCH,UNIT_SCADA,1,"2022/10/20 06:05:00",GNNDHSF1,3.502170
D,DISPATCH,UNIT_SCADA,1,"2022/10/20 06:05:00",GOONSF1,0.2649
D,DISPATCH,UNIT_SCADA,1,"2022/10/20 06:05:00",GORDON,261.023350
D,DISPATCH,UNIT_SCADA,1,"2022/10/20 06:05:00",GRANWF1,12.32
D,DISPATCH,UNIT_SCADA,1,"2022/10/20 06:05:00",GSTONE1,199.849990
D,DISPATCH,UNIT_SCADA,1,"2022/10/20 06:05:00",GSTONE2,0
D,DISPATCH,UNIT_SCADA,1,"2022/10/20 06:05:00",GSTONE3,199.6750
D,DISPATCH,UNIT_SCADA,1,"2022/10/20 06:05:00",GSTONE4,0
D,DISPATCH,UNIT_SCADA,1,"2022/10/20 06:05:00",GSTONE5,200.024990
D,DISPATCH,UNIT_SCADA,1,"2022/10/20 06:05:00",GSTONE6,200.3750
D,DISPATCH,UNIT_SCADA,1,"2022/10/20 06:05:00",GULLRSF1,0
D,DISPATCH,UNIT_SCADA,1,"2022/10/20 06:05:00",GULLRWF1,60.764080
D,DISPATCH,UNIT_SCADA,1,"2022/10/20 06:05:00",GULLRWF2,100.1485
D,DISPATCH,UNIT_SCADA,1,"2022/10/20 06:05:00",GUNNING1,0
D,DISPATCH,UNIT_SCADA,1,"2022/10/20 06:05:00",GUTHEGA,67.100010
D,DISPATCH,UNIT_SCADA,1,"2022/10/20 06:05:00",HALLWF1,60.82
D,DISPATCH,UNIT_SCADA,1,"2022/10/20 06:05:00",HALLWF2,53.51
D,DISPATCH,UNIT_SCADA,1,"2022/10/20 06:05:00",HAMISF1,0
D,DISPATCH,UNIT_SCADA,1,"2022/10/20 06:05:00",HAUGHT11,0
D,DISPATCH,UNIT_SCADA,1,"2022/10/20 06:05:00",HAYMSF1,0
D,DISPATCH,UNIT_SCADA,1,"2022/10/20 06:05:00",HDWF1,41.90
D,DISPATCH,UNIT_SCADA,1,"2022/10/20 06:05:00",HDWF2,21.80
D,DISPATCH,UNIT_SCADA,1,"2022/10/20 06:05:00",HDWF3,24.40
D,DISPATCH,UNIT_SCADA,1,"2022/10/20 06:05:00",HILLSTN1,0.220770
D,DISPATCH,UNIT_SCADA,1,"2022/10/20 06:05:00",HPRG1,0
D,DISPATCH,UNIT_SCADA,1,"2022/10/20 06:05:00",HPRL1,0.50
D,DISPATCH,UNIT_SCADA,1,"2022/10/20 06:05:00",HUMENSW,55.019710
D,DISPATCH,UNIT_SCADA,1,"2022/10/20 06:05:00",HUMEV,0
D,DISPATCH,UNIT_SCADA,1,"2022/10/20 06:05:00",HVWWBA1G,0
D,DISPATCH,UNIT_SCADA,1,"2022/10/20 06:05:00",HVWWBA1L,0.0070
D,DISPATCH,UNIT_SCADA,1,"2022/10/20 06:05:00",HVWWPV1,0.0450
D,DISPATCH,UNIT_SCADA,1,"2022/10/20 06:05:00",JBUTTERS,0
D,DISPATCH,UNIT_SCADA,1,"2022/10/20 06:05:00",JEMALNG1,0
D,DISPATCH,UNIT_SCADA,1,"2022/10/20 06:05:00",JLA01,0
D,DISPATCH,UNIT_SCADA,1,"2022/10/20 06:05:00",JLA02,0
D,DISPATCH,UNIT_SCADA,1,"2022/10/20 06:05:00",JLA03,0
D,DISPATCH,UNIT_SCADA,1,"2022/10/20 06:05:00",JLA04,0
D,DISPATCH,UNIT_SCADA,1,"2022/10/20 06:05:00",JLB01,0
D,DISPATCH,UNIT_SCADA,1,"2022/10/20 06:05:00",JLB02,0.10
D,DISPATCH,UNIT_SCADA,1,"2022/10/20 06:05:00",JLB03,0
D,DISPATCH,UNIT_SCADA,1,"2022/10/20 06:05:00",JUNEESF1,1.806780
D,DISPATCH,UNIT_SCADA,1,"2022/10/20 06:05:00",KABANWF1,1.0790
D,DISPATCH,UNIT_SCADA,1,"2022/10/20 06:05:00",KAREEYA1,17.8475
D,DISPATCH,UNIT_SCADA,1,"2022/10/20 06:05:00",KAREEYA2,0
D,DISPATCH,UNIT_SCADA,1,"2022/10/20 06:05:00",KAREEYA3,21.29
D,DISPATCH,UNIT_SCADA,1,"2022/10/20 06:05:00",KAREEYA4,0
D,DISPATCH,UNIT_SCADA,1,"2022/10/20 06:05:00",KARSF1,0.80
D,DISPATCH,UNIT_SCADA,1,"2022/10/20 06:05:00",KEPSF1,0
D,DISPATCH,UNIT_SCADA,1,"2022/10/20 06:05:00",KEPWF1,0
D,DISPATCH,UNIT_SCADA,1,"2022/10/20 06:05:00",KIAMSF1,0
D,DISPATCH,UNIT_SCADA,1,"2022/10/20 06:05:00",KIATAWF1,30.70
D,DISPATCH,UNIT_SCADA,1,"2022/10/20 06:05:00",KPP_1,0
D,DISPATCH,UNIT_SCADA,1,"2022/10/20 06:05:00",KSP1,0
D,DISPATCH,UNIT_SCADA,1,"2022/10/20 06:05:00",LADBROK1,0.01
D,DISPATCH,UNIT_SCADA,1,"2022/10/20 06:05:00",LADBROK2,37.67
D,DISPATCH,UNIT_SCADA,1,"2022/10/20 06:05:00",LBBG1,0
D,DISPATCH,UNIT_SCADA,1,"2022/10/20 06:05:00",LBBL1,0.60
D,DISPATCH,UNIT_SCADA,1,"2022/10/20 06:05:00",LD01,318.2287
D,DISPATCH,UNIT_SCADA,1,"2022/10/20 06:05:00",LD02,0
D,DISPATCH,UNIT_SCADA,1,"2022/10/20 06:05:00",LD04,317.020170
D,DISPATCH,UNIT_SCADA,1,"2022/10/20 06:05:00",LEM_WIL,86.719640
D,DISPATCH,UNIT_SCADA,1,"2022/10/20 06:05:00",LGAPWF1,95.98
D,DISPATCH,UNIT_SCADA,1,"2022/10/20 06:05:00",LGAPWF2,57.70
D,DISPATCH,UNIT_SCADA,1,"2022/10/20 06:05:00",LILYSF1,0
D,DISPATCH,UNIT_SCADA,1,"2022/10/20 06:05:00",LIMOSF11,5.070730
D,DISPATCH,UNIT_SCADA,1,"2022/10/20 06:05:00",LIMOSF21,0.719520
D,DISPATCH,UNIT_SCADA,1,"2022/10/20 06:05:00",LI_WY_CA,76.331710
D,DISPATCH,UNIT_SCADA,1,"2022/10/20 06:05:00",LKBONNY1,0
D,DISPATCH,UNIT_SCADA,1,"2022/10/20 06:05:00",LKBONNY2,23.795050
D,DISPATCH,UNIT_SCADA,1,"2022/10/20 06:05:00",LKBONNY3,7.535980
D,DISPATCH,UNIT_SCADA,1,"2022/10/20 06:05:00",LK_ECHO,0
D,DISPATCH,UNIT_SCADA,1,"2022/10/20 06:05:00",LNGS1,0
D,DISPATCH,UNIT_SCADA,1,"2022/10/20 06:05:00",LNGS2,0
D,DISPATCH,UNIT_SCADA,1,"2022/10/20 06:05:00",LONSDALE,0
D,DISPATCH,UNIT_SCADA,1,"2022/10/20 06:05:00",LOYYB1,578.570860
D,DISPATCH,UNIT_SCADA,1,"2022/10/20 06:05:00",LOYYB2,572.555730
D,DISPATCH,UNIT_SCADA,1,"2022/10/20 06:05:00",LYA1,539
D,DISPATCH,UNIT_SCADA,1,"2022/10/20 06:05:00",LYA2,0
D,DISPATCH,UNIT_SCADA,1,"2022/10/20 06:05:00",LYA3,539
D,DISPATCH,UNIT_SCADA,1,"2022/10/20 06:05:00",LYA4,539
D,DISPATCH,UNIT_SCADA,1,"2022/10/20 06:05:00",MACARTH1,50.498830
D,DISPATCH,UNIT_SCADA,1,"2022/10/20 06:05:00",MACKNTSH,0
D,DISPATCH,UNIT_SCADA,1,"2022/10/20 06:05:00",MANSLR1,0
D,DISPATCH,UNIT_SCADA,1,"2022/10/20 06:05:00",MAPS2PV1,0
D,DISPATCH,UNIT_SCADA,1,"2022/10/20 06:05:00",MAPS3PV1,0
D,DISPATCH,UNIT_SCADA,1,"2022/10/20 06:05:00",MARYRSF1,0.53
D,DISPATCH,UNIT_SCADA,1,"2022/10/20 06:05:00",MBPS2PV1,0
D,DISPATCH,UNIT_SCADA,1,"2022/10/20 06:05:00",MCKAY1,238.3150
D,DISPATCH,UNIT_SCADA,1,"2022/10/20 06:05:00",MEADOWBK,19.891680
D,DISPATCH,UNIT_SCADA,1,"2022/10/20 06:05:00",MERCER01,19.10
D,DISPATCH,UNIT_SCADA,1,"2022/10/20 06:05:00",METZSF1,11.0420
D,DISPATCH,UNIT_SCADA,1,"2022/10/20 06:05:00",MEWF1,0
D,DISPATCH,UNIT_SCADA,1,"2022/10/20 06:05:00",MIDDLSF1,0.33
D,DISPATCH,UNIT_SCADA,1,"2022/10/20 06:05:00",MINTARO,0.128180
D,DISPATCH,UNIT_SCADA,1,"2022/10/20 06:05:00",MOLNGSF1,0
D,DISPATCH,UNIT_SCADA,1,"2022/10/20 06:05:00",MOORAWF1,30.37
D,DISPATCH,UNIT_SCADA,1,"2022/10/20 06:05:00",MOREESF1,0.4160
D,DISPATCH,UNIT_SCADA,1,"2022/10/20 06:05:00",MORTLK11,0
D,DISPATCH,UNIT_SCADA,1,"2022/10/20 06:05:00",MORTLK12,0
D,DISPATCH,UNIT_SCADA,1,"2022/10/20 06:05:00",MOUSF1,0
D,DISPATCH,UNIT_SCADA,1,"2022/10/20 06:05:00",MP1,0
D,DISPATCH,UNIT_SCADA,1,"2022/10/20 06:05:00",MP2,546.627010
D,DISPATCH,UNIT_SCADA,1,"2022/10/20 06:05:00",MPP_1,157.9948
D,DISPATCH,UNIT_SCADA,1,"2022/10/20 06:05:00",MPP_2,0
D,DISPATCH,UNIT_SCADA,1,"2022/10/20 06:05:00",MRTLSWF1,0
D,DISPATCH,UNIT_SCADA,1,"2022/10/20 06:05:00",MSTUART1,0
D,DISPATCH,UNIT_SCADA,1,"2022/10/20 06:05:00",MSTUART2,0
D,DISPATCH,UNIT_SCADA,1,"2022/10/20 06:05:00",MSTUART3,0
D,DISPATCH,UNIT_SCADA,1,"2022/10/20 06:05:00",MTGELWF1,24.373610
D,DISPATCH,UNIT_SCADA,1,"2022/10/20 06:05:00",MTMILLAR,10
D,DISPATCH,UNIT_SCADA,1,"2022/10/20 06:05:00",MURRAY,43.70
D,DISPATCH,UNIT_SCADA,1,"2022/10/20 06:05:00",MUSSELR1,0
D,DISPATCH,UNIT_SCADA,1,"2022/10/20 06:05:00",MUWAWF1,180.89
D,DISPATCH,UNIT_SCADA,1,"2022/10/20 06:05:00",MUWAWF2,175.899990
D,DISPATCH,UNIT_SCADA,1,"2022/10/20 06:05:00",MWPS1PV1,0
D,DISPATCH,UNIT_SCADA,1,"2022/10/20 06:05:00",MWPS2PV1,0
D,DISPATCH,UNIT_SCADA,1,"2022/10/20 06:05:00",MWPS3PV1,0
D,DISPATCH,UNIT_SCADA,1,"2022/10/20 06:05:00",MWPS4PV1,0.01
D,DISPATCH,UNIT_SCADA,1,"2022/10/20 06:05:00",NBHWF1,101.90
D,DISPATCH,UNIT_SCADA,1,"2022/10/20 06:05:00",NEVERSF1,0.68
D,DISPATCH,UNIT_SCADA,1,"2022/10/20 06:05:00",NPS,0
D,DISPATCH,UNIT_SCADA,1,"2022/10/20 06:05:00",NUMURSF1,10.91
D,DISPATCH,UNIT_SCADA,1,"2022/10/20 06:05:00",NYNGAN1,0
D,DISPATCH,UNIT_SCADA,1,"2022/10/20 06:05:00",OAKEY1,0
D,DISPATCH,UNIT_SCADA,1,"2022/10/20 06:05:00",OAKEY1SF,0.1950
D,DISPATCH,UNIT_SCADA,1,"2022/10/20 06:05:00",OAKEY2,0
D,DISPATCH,UNIT_SCADA,1,"2022/10/20 06:05:00",OAKEY2SF,0.46
D,DISPATCH,UNIT_SCADA,1,"2022/10/20 06:05:00",OAKLAND1,16.70
D,DISPATCH,UNIT_SCADA,1,"2022/10/20 06:05:00",OSB-AG,0
D,DISPATCH,UNIT_SCADA,1,"2022/10/20 06:05:00",PAREPS1,0.0660
D,DISPATCH,UNIT_SCADA,1,"2022/10/20 06:05:00",PAREPW1,94.63
D,DISPATCH,UNIT_SCADA,1,"2022/10/20 06:05:00",PARSF1,0.3006
D,DISPATCH,UNIT_SCADA,1,"2022/10/20 06:05:00",POAT110,0
D,DISPATCH,UNIT_SCADA,1,"2022/10/20 06:05:00",POAT220,0
D,DISPATCH,UNIT_SCADA,1,"2022/10/20 06:05:00",POR01,0
D,DISPATCH,UNIT_SCADA,1,"2022/10/20 06:05:00",POR03,0
D,DISPATCH,UNIT_SCADA,1,"2022/10/20 06:05:00",PPCCGT,171.538820
D,DISPATCH,UNIT_SCADA,1,"2022/10/20 06:05:00",PTSTAN1,0
D,DISPATCH,UNIT_SCADA,1,"2022/10/20 06:05:00",PUMP1,0
D,DISPATCH,UNIT_SCADA,1,"2022/10/20 06:05:00",PUMP2,0
D,DISPATCH,UNIT_SCADA,1,"2022/10/20 06:05:00",QBYNBG1,0.0055
D,DISPATCH,UNIT_SCADA,1,"2022/10/20 06:05:00",QBYNBL1,0
D,DISPATCH,UNIT_SCADA,1,"2022/10/20 06:05:00",QPS1,0
D,DISPATCH,UNIT_SCADA,1,"2022/10/20 06:05:00",QPS2,0
D,DISPATCH,UNIT_SCADA,1,"2022/10/20 06:05:00",QPS3,0
D,DISPATCH,UNIT_SCADA,1,"2022/10/20 06:05:00",QPS4,0
D,DISPATCH,UNIT_SCADA,1,"2022/10/20 06:05:00",QPS5,74.39
D,DISPATCH,UNIT_SCADA,1,"2022/10/20 06:05:00",REECE1,47.477770
D,DISPATCH,UNIT_SCADA,1,"2022/10/20 06:05:00",REECE2,82.180010
D,DISPATCH,UNIT_SCADA,1,"2022/10/20 06:05:00",ROMA_7,0
D,DISPATCH,UNIT_SCADA,1,"2022/10/20 06:05:00",ROMA_8,0
D,DISPATCH,UNIT_SCADA,1,"2022/10/20 06:05:00",RRSF1,2.837420
D,DISPATCH,UNIT_SCADA,1,"2022/10/20 06:05:00",RT_NSW1,0
D,DISPATCH,UNIT_SCADA,1,"2022/10/20 06:05:00",RT_NSW2,0
D,DISPATCH,UNIT_SCADA,1,"2022/10/20 06:05:00",RT_NSW3,0
D,DISPATCH,UNIT_SCADA,1,"2022/10/20 06:05:00",RT_NSW4,0
D,DISPATCH,UNIT_SCADA,1,"2022/10/20 06:05:00",RT_NSW5,0
D,DISPATCH,UNIT_SCADA,1,"2022/10/20 06:05:00",RT_NSW6,0
D,DISPATCH,UNIT_SCADA,1,"2022/10/20 06:05:00",RT_QLD1,0
D,DISPATCH,UNIT_SCADA,1,"2022/10/20 06:05:00",RT_SA1,0
D,DISPATCH,UNIT_SCADA,1,"2022/10/20 06:05:00",RT_SA2,0
D,DISPATCH,UNIT_SCADA,1,"2022/10/20 06:05:00",RT_SA3,0
D,DISPATCH,UNIT_SCADA,1,"2022/10/20 06:05:00",RT_SA4,0
D,DISPATCH,UNIT_SCADA,1,"2022/10/20 06:05:00",RT_SA5,0
D,DISPATCH,UNIT_SCADA,1,"2022/10/20 06:05:00",RT_SA6,0
D,DISPATCH,UNIT_SCADA,1,"2022/10/20 06:05:00",RT_TAS1,0
D,DISPATCH,UNIT_SCADA,1,"2022/10/20 06:05:00",RT_VIC1,0
D,DISPATCH,UNIT_SCADA,1,"2022/10/20 06:05:00",RT_VIC10,0
D,DISPATCH,UNIT_SCADA,1,"2022/10/20 06:05:00",RT_VIC11,0
D,DISPATCH,UNIT_SCADA,1,"2022/10/20 06:05:00",RT_VIC12,0
D,DISPATCH,UNIT_SCADA,1,"2022/10/20 06:05:00",RT_VIC2,0
D,DISPATCH,UNIT_SCADA,1,"2022/10/20 06:05:00",RT_VIC3,0
D,DISPATCH,UNIT_SCADA,1,"2022/10/20 06:05:00",RT_VIC4,0
D,DISPATCH,UNIT_SCADA,1,"2022/10/20 06:05:00",RT_VIC5,0
D,DISPATCH,UNIT_SCADA,1,"2022/10/20 06:05:00",RT_VIC6,0
D,DISPATCH,UNIT_SCADA,1,"2022/10/20 06:05:00",RT_VIC7,0
D,DISPATCH,UNIT_SCADA,1,"2022/10/20 06:05:00",RT_VIC8,0
D,DISPATCH,UNIT_SCADA,1,"2022/10/20 06:05:00",RT_VIC9,0
D,DISPATCH,UNIT_SCADA,1,"2022/10/20 06:05:00",RUGBYR1,0.505490
D,DISPATCH,UNIT_SCADA,1,"2022/10/20 06:05:00",SALTCRK1,13.16
D,DISPATCH,UNIT_SCADA,1,"2022/10/20 06:05:00",SAPHWF1,230.711840
D,DISPATCH,UNIT_SCADA,1,"2022/10/20 06:05:00",SEBSF1,3.415720
D,DISPATCH,UNIT_SCADA,1,"2022/10/20 06:05:00",SHGEN,0
D,DISPATCH,UNIT_SCADA,1,"2022/10/20 06:05:00",SHPUMP,0
D,DISPATCH,UNIT_SCADA,1,"2022/10/20 06:05:00",SITHE01,0.123710
D,DISPATCH,UNIT_SCADA,1,"2022/10/20 06:05:00",SMCSF1,0
D,DISPATCH,UNIT_SCADA,1,"2022/10/20 06:05:00",SNAPPER1,0
D,DISPATCH,UNIT_SCADA,1,"2022/10/20 06:05:00",SNOWNTH1,136.600010
D,DISPATCH,UNIT_SCADA,1,"2022/10/20 06:05:00",SNOWSTH1,118.20
D,DISPATCH,UNIT_SCADA,1,"2022/10/20 06:05:00",SNOWTWN1,93.307080
D,DISPATCH,UNIT_SCADA,1,"2022/10/20 06:05:00",SNOWYP,0
D,DISPATCH,UNIT_SCADA,1,"2022/10/20 06:05:00",SNUG1,0
D,DISPATCH,UNIT_SCADA,1,"2022/10/20 06:05:00",SRSF1,2.65
D,DISPATCH,UNIT_SCADA,1,"2022/10/20 06:05:00",STAN-1,278.146270
D,DISPATCH,UNIT_SCADA,1,"2022/10/20 06:05:00",STAN-2,363.1539
D,DISPATCH,UNIT_SCADA,1,"2022/10/20 06:05:00",STAN-3,217.223250
D,DISPATCH,UNIT_SCADA,1,"2022/10/20 06:05:00",STAN-4,363.910160
D,DISPATCH,UNIT_SCADA,1,"2022/10/20 06:05:00",STARHLWF,12.196440
D,DISPATCH,UNIT_SCADA,1,"2022/10/20 06:05:00",STOCKYD1,222.86
D,DISPATCH,UNIT_SCADA,1,"2022/10/20 06:05:00",STWF1,59.1458
D,DISPATCH,UNIT_SCADA,1,"2022/10/20 06:05:00",SUNRSF1,0.727860
D,DISPATCH,UNIT_SCADA,1,"2022/10/20 06:05:00",SUNTPSF1,0
D,DISPATCH,UNIT_SCADA,1,"2022/10/20 06:05:00",SWAN_E,242.258760
D,DISPATCH,UNIT_SCADA,1,"2022/10/20 06:05:00",TALWA1,0
D,DISPATCH,UNIT_SCADA,1,"2022/10/20 06:05:00",TARALGA1,0
D,DISPATCH,UNIT_SCADA,1,"2022/10/20 06:05:00",TARONG#1,347.800020
D,DISPATCH,UNIT_SCADA,1,"2022/10/20 06:05:00",TARONG#2,348.300020
D,DISPATCH,UNIT_SCADA,1,"2022/10/20 06:05:00",TARONG#3,0.90
D,DISPATCH,UNIT_SCADA,1,"2022/10/20 06:05:00",TARONG#4,288.50
D,DISPATCH,UNIT_SCADA,1,"2022/10/20 06:05:00",TARRALEA,54
D,DISPATCH,UNIT_SCADA,1,"2022/10/20 06:05:00",TBSF1,0
D,DISPATCH,UNIT_SCADA,1,"2022/10/20 06:05:00",TNPS1,439.5625
D,DISPATCH,UNIT_SCADA,1,"2022/10/20 06:05:00",TORRB1,0
D,DISPATCH,UNIT_SCADA,1,"2022/10/20 06:05:00",TORRB2,40
D,DISPATCH,UNIT_SCADA,1,"2022/10/20 06:05:00",TORRB3,0
D,DISPATCH,UNIT_SCADA,1,"2022/10/20 06:05:00",TORRB4,0
D,DISPATCH,UNIT_SCADA,1,"2022/10/20 06:05:00",TREVALLN,99.092280
D,DISPATCH,UNIT_SCADA,1,"2022/10/20 06:05:00",TRIBUTE,0
D,DISPATCH,UNIT_SCADA,1,"2022/10/20 06:05:00",TUMUT3,0
D,DISPATCH,UNIT_SCADA,1,"2022/10/20 06:05:00",TUNGATIN,4.020020
D,DISPATCH,UNIT_SCADA,1,"2022/10/20 06:05:00",TVCC201,0
D,DISPATCH,UNIT_SCADA,1,"2022/10/20 06:05:00",TVPP104,0
D,DISPATCH,UNIT_SCADA,1,"2022/10/20 06:05:00",UPPTUMUT,0
D,DISPATCH,UNIT_SCADA,1,"2022/10/20 06:05:00",URANQ11,0
D,DISPATCH,UNIT_SCADA,1,"2022/10/20 06:05:00",URANQ12,0
D,DISPATCH,UNIT_SCADA,1,"2022/10/20 06:05:00",URANQ13,0
D,DISPATCH,UNIT_SCADA,1,"2022/10/20 06:05:00",URANQ14,0
D,DISPATCH,UNIT_SCADA,1,"2022/10/20 06:05:00",VBBG1,119.50
D,DISPATCH,UNIT_SCADA,1,"2022/10/20 06:05:00",VBBL1,0
D,DISPATCH,UNIT_SCADA,1,"2022/10/20 06:05:00",VP5,602.728330
D,DISPATCH,UNIT_SCADA,1,"2022/10/20 06:05:00",VP6,597.015320
D,DISPATCH,UNIT_SCADA,1,"2022/10/20 06:05:00",VPGS1,0
D,DISPATCH,UNIT_SCADA,1,"2022/10/20 06:05:00",VPGS2,0
D,DISPATCH,UNIT_SCADA,1,"2022/10/20 06:05:00",VPGS3,0
D,DISPATCH,UNIT_SCADA,1,"2022/10/20 06:05:00",VPGS4,0
D,DISPATCH,UNIT_SCADA,1,"2022/10/20 06:05:00",VPGS5,0
D,DISPATCH,UNIT_SCADA,1,"2022/10/20 06:05:00",VPGS6,0
D,DISPATCH,UNIT_SCADA,1,"2022/10/20 06:05:00",W/HOE#1,0
D,DISPATCH,UNIT_SCADA,1,"2022/10/20 06:05:00",W/HOE#2,0
D,DISPATCH,UNIT_SCADA,1,"2022/10/20 06:05:00",WAGGNSF1,0
D,DISPATCH,UNIT_SCADA,1,"2022/10/20 06:05:00",WALGRVG1,0.041890
D,DISPATCH,UNIT_SCADA,1,"2022/10/20 06:05:00",WALGRVL1,0
D,DISPATCH,UNIT_SCADA,1,"2022/10/20 06:05:00",WANDBG1,0
D,DISPATCH,UNIT_SCADA,1,"2022/10/20 06:05:00",WANDBL1,0.080560
D,DISPATCH,UNIT_SCADA,1,"2022/10/20 06:05:00",WARWSF1,0.68
D,DISPATCH,UNIT_SCADA,1,"2022/10/20 06:05:00",WARWSF2,0.61
D,DISPATCH,UNIT_SCADA,1,"2022/10/20 06:05:00",WATERLWF,83.60
D,DISPATCH,UNIT_SCADA,1,"2022/10/20 06:05:00",WDGPH1,0
D,DISPATCH,UNIT_SCADA,1,"2022/10/20 06:05:00",WELLSF1,2.4445
D,DISPATCH,UNIT_SCADA,1,"2022/10/20 06:05:00",WEMENSF1,0
D,DISPATCH,UNIT_SCADA,1,"2022/10/20 06:05:00",WGWF1,119.30
D,DISPATCH,UNIT_SCADA,1,"2022/10/20 06:05:00",WHITSF1,0
D,DISPATCH,UNIT_SCADA,1,"2022/10/20 06:05:00",WINTSF1,6.07
D,DISPATCH,UNIT_SCADA,1,"2022/10/20 06:05:00",WKIEWA1,33.80
D,DISPATCH,UNIT_SCADA,1,"2022/10/20 06:05:00",WKIEWA2,33.80
D,DISPATCH,UNIT_SCADA,1,"2022/10/20 06:05:00",WOODLWN1,24.411990
D,DISPATCH,UNIT_SCADA,1,"2022/10/20 06:05:00",WOOLGSF1,0.868480
D,DISPATCH,UNIT_SCADA,1,"2022/10/20 06:05:00",WPWF,45.30
D,DISPATCH,UNIT_SCADA,1,"2022/10/20 06:05:00",WRSF1,0.369880
D,DISPATCH,UNIT_SCADA,1,"2022/10/20 06:05:00",WRWF1,51.187920
D,DISPATCH,UNIT_SCADA,1,"2022/10/20 06:05:00",WSTWYSF1,0
D,DISPATCH,UNIT_SCADA,1,"2022/10/20 06:05:00",YABULU,0
D,DISPATCH,UNIT_SCADA,1,"2022/10/20 06:05:00",YABULU2,0
D,DISPATCH,UNIT_SCADA,1,"2022/10/20 06:05:00",YARANSF1,1.83
D,DISPATCH,UNIT_SCADA,1,"2022/10/20 06:05:00",YARWUN_1,129.649990
D,DISPATCH,UNIT_SCADA,1,"2022/10/20 06:05:00",YATSF1,0.59
D,DISPATCH,UNIT_SCADA,1,"2022/10/20 06:05:00",YENDWF1,37.78
D,DISPATCH,UNIT_SCADA,1,"2022/10/20 06:05:00",YWPS1,365.6633
D,DISPATCH,UNIT_SCADA,1,"2022/10/20 06:05:00",YWPS2,288.718990
D,DISPATCH,UNIT_SCADA,1,"2022/10/20 06:05:00",YWPS3,358.259490
D,DISPATCH,UNIT_SCADA,1,"2022/10/20 06:05:00",YWPS4,0
C,"END OF REPORT",419
