C,NEMP.WORLD,DISPATCHSCADA,AEMO,PUBLIC,2022/10/20,12:40:16,0000000373255158,DISPATCHSCADA,0000000373255152
I,DISPATCH,UNIT_SCADA,1,SETTLEMENTDATE,DUID,SCADAVALUE
D,DISPATCH,UNIT_SCADA,1,"2022/10/20 12:45:00",BARCSF1,11
D,DISPATCH,UNIT_SCADA,1,"2022/10/20 12:45:00",BUTLERSG,8.699999
D,DISPATCH,UNIT_SCADA,1,"2022/10/20 12:45:00",CAPTL_WF,52.559395
D,DISPATCH,UNIT_SCADA,1,"2022/10/20 12:45:00",CHALLHWF,3.90
D,DISPATCH,UNIT_SCADA,1,"2022/10/20 12:45:00",CLOVER,10.51
D,DISPATCH,UNIT_SCADA,1,"2022/10/20 12:45:00",CLUNY,5.186084
D,DISPATCH,UNIT_SCADA,1,"2022/10/20 12:45:00",CULLRGWF,-0.05
D,DISPATCH,UNIT_SCADA,1,"2022/10/20 12:45:00",DIAPURWF1,4.20
D,DISPATCH,UNIT_SCADA,1,"2022/10/20 12:45:00",ERGT01,0
D,DISPATCH,UNIT_SCADA,1,"2022/10/20 12:45:00",GB01,0
D,DISPATCH,UNIT_SCADA,1,"2022/10/20 12:45:00",GERMCRK,17.90
D,DISPATCH,UNIT_SCADA,1,"2022/10/20 12:45:00",GRIFSF1,7.499809
D,DISPATCH,UNIT_SCADA,1,"2022/10/20 12:45:00",HEZ1,0
D,DISPATCH,UNIT_SCADA,1,"2022/10/20 12:45:00",HUGSF1,14.455001
D,DISPATCH,UNIT_SCADA,1,"2022/10/20 12:45:00",KEPBG1,0.01
D,DISPATCH,UNIT_SCADA,1,"2022/10/20 12:45:00",LRSF1,13.077001
D,DISPATCH,UNIT_SCADA,1,"2022/10/20 12:45:00",MBAHNTH,45.768753
D,DISPATCH,UNIT_SCADA,1,"2022/10/20 12:45:00",MLSP1,4.210001
D,DISPATCH,UNIT_SCADA,1,"2022/10/20 12:45:00",MLWF1,2.9850
D,DISPATCH,UNIT_SCADA,1,"2022/10/20 12:45:00",PALOONA,30.309999
D,DISPATCH,UNIT_SCADA,1,"2022/10/20 12:45:00",PIONEER,42.200001
D,DISPATCH,UNIT_SCADA,1,"2022/10/20 12:45:00",PORTWF,104.199997
D,DISPATCH,UNIT_SCADA,1,"2022/10/20 12:45:00",REPULSE,9.574731
D,DISPATCH,UNIT_SCADA,1,"2022/10/20 12:45:00",ROWALLAN,8.9176
D,DISPATCH,UNIT_SCADA,1,"2022/10/20 12:45:00",ROYALLA1,8.564003
D,DISPATCH,UNIT_SCADA,1,"2022/10/20 12:45:00",RPCG,-1.80
D,DISPATCH,UNIT_SCADA,1,"2022/10/20 12:45:00",RUBICON,0
D,DISPATCH,UNIT_SCADA,1,"2022/10/20 12:45:00",WAUBRAWF,21.9170
D,DISPATCH,UNIT_SCADA,1,"2022/10/20 12:45:00",WOOLNTH1,39.629997
D,DISPATCH,UNIT_SCADA,1,"2022/10/20 12:45:00",YAMBUKWF,7.10
D,DISPATCH,UNIT_SCADA,1,"2022/10/20 12:45:00",YSWF1,5.50
D,DISPATCH,UNIT_SCADA,1,"2022/10/20 12:45:00",ADPBA1G,0.0080
D,DISPATCH,UNIT_SCADA,1,"2022/10/20 12:45:00",ADPBA1L,0
D,DISPATCH,UNIT_SCADA,1,"2022/10/20 12:45:00",ADPPV1,0.0450
D,DISPATCH,UNIT_SCADA,1,"2022/10/20 12:45:00",AGLHAL,0
D,DISPATCH,UNIT_SCADA,1,"2022/10/20 12:45:00",AGLSOM,0
D,DISPATCH,UNIT_SCADA,1,"2022/10/20 12:45:00",ANGAST1,0
D,DISPATCH,UNIT_SCADA,1,"2022/10/20 12:45:00",ARWF1,20.70
D,DISPATCH,UNIT_SCADA,1,"2022/10/20 12:45:00",BALBG1,0
D,DISPATCH,UNIT_SCADA,1,"2022/10/20 12:45:00",BALBL1,0
D,DISPATCH,UNIT_SCADA,1,"2022/10/20 12:45:00",BALDHWF1,39.4870
D,DISPATCH,UNIT_SCADA,1,"2022/10/20 12:45:00",BANGOWF1,36.096740
D,DISPATCH,UNIT_SCADA,1,"2022/10/20 12:45:00",BANGOWF2,24.898830
D,DISPATCH,UNIT_SCADA,1,"2022/10/20 12:45:00",BANN1,41.63
D,DISPATCH,UNIT_SCADA,1,"2022/10/20 12:45:00",BARCALDN,0
D,DISPATCH,UNIT_SCADA,1,"2022/10/20 12:45:00",BARKIPS1,0
D,DISPATCH,UNIT_SCADA,1,"2022/10/20 12:45:00",BARRON-1,0
D,DISPATCH,UNIT_SCADA,1,"2022/10/20 12:45:00",BARRON-2,0
D,DISPATCH,UNIT_SCADA,1,"2022/10/20 12:45:00",BASTYAN,52.35
D,DISPATCH,UNIT_SCADA,1,"2022/10/20 12:45:00",BBTHREE1,0
D,DISPATCH,UNIT_SCADA,1,"2022/10/20 12:45:00",BBTHREE2,23.91
D,DISPATCH,UNIT_SCADA,1,"2022/10/20 12:45:00",BBTHREE3,-1
D,DISPATCH,UNIT_SCADA,1,"2022/10/20 12:45:00",BDL01,0
D,DISPATCH,UNIT_SCADA,1,"2022/10/20 12:45:00",BDL02,0
D,DISPATCH,UNIT_SCADA,1,"2022/10/20 12:45:00",BERYLSF1,24.860750
D,DISPATCH,UNIT_SCADA,1,"2022/10/20 12:45:00",BLOWERNG,62.50
D,DISPATCH,UNIT_SCADA,1,"2022/10/20 12:45:00",BLUEGSF1,14.625280
D,DISPATCH,UNIT_SCADA,1,"2022/10/20 12:45:00",BLUFF1,23.90
D,DISPATCH,UNIT_SCADA,1,"2022/10/20 12:45:00",BNGSF1,45.95
D,DISPATCH,UNIT_SCADA,1,"2022/10/20 12:45:00",BNGSF2,50.26
D,DISPATCH,UNIT_SCADA,1,"2022/10/20 12:45:00",BOCORWF1,24.57
D,DISPATCH,UNIT_SCADA,1,"2022/10/20 12:45:00",BODWF1,73.1522
D,DISPATCH,UNIT_SCADA,1,"2022/10/20 12:45:00",BOMENSF1,23.772950
D,DISPATCH,UNIT_SCADA,1,"2022/10/20 12:45:00",BOWWBA1G,0.0010
D,DISPATCH,UNIT_SCADA,1,"2022/10/20 12:45:00",BOWWBA1L,0
D,DISPATCH,UNIT_SCADA,1,"2022/10/20 12:45:00",BOWWPV1,0
D,DISPATCH,UNIT_SCADA,1,"2022/10/20 12:45:00",BRAEMAR1,0
D,DISPATCH,UNIT_SCADA,1,"2022/10/20 12:45:00",BRAEMAR2,0
D,DISPATCH,UNIT_SCADA,1,"2022/10/20 12:45:00",BRAEMAR3,0
D,DISPATCH,UNIT_SCADA,1,"2022/10/20 12:45:00",BRAEMAR5,0.292060
D,DISPATCH,UNIT_SCADA,1,"2022/10/20 12:45:00",BRAEMAR6,0
D,DISPATCH,UNIT_SCADA,1,"2022/10/20 12:45:00",BRAEMAR7,0.130920
D,DISPATCH,UNIT_SCADA,1,"2022/10/20 12:45:00",BROKENH1,38.199420
D,DISPATCH,UNIT_SCADA,1,"2022/10/20 12:45:00",BRYB1WF1,109.910740
D,DISPATCH,UNIT_SCADA,1,"2022/10/20 12:45:00",BULBESG1,0
D,DISPATCH,UNIT_SCADA,1,"2022/10/20 12:45:00",BULBESL1,2.35
D,DISPATCH,UNIT_SCADA,1,"2022/10/20 12:45:00",BULGANA1,2.38
D,DISPATCH,UNIT_SCADA,1,"2022/10/20 12:45:00",BW01,658.542790
D,DISPATCH,UNIT_SCADA,1,"2022/10/20 12:45:00",BW02,617.843870
D,DISPATCH,UNIT_SCADA,1,"2022/10/20 12:45:00",BW03,466.865020
D,DISPATCH,UNIT_SCADA,1,"2022/10/20 12:45:00",BW04,0
D,DISPATCH,UNIT_SCADA,1,"2022/10/20 12:45:00",CALL_B_1,319
D,DISPATCH,UNIT_SCADA,1,"2022/10/20 12:45:00",CALL_B_2,319.600010
D,DISPATCH,UNIT_SCADA,1,"2022/10/20 12:45:00",CATHROCK,7.80
D,DISPATCH,UNIT_SCADA,1,"2022/10/20 12:45:00",CBWWBA1G,0
D,DISPATCH,UNIT_SCADA,1,"2022/10/20 12:45:00",CBWWBA1L,0
D,DISPATCH,UNIT_SCADA,1,"2022/10/20 12:45:00",CETHANA,11.4855
D,DISPATCH,UNIT_SCADA,1,"2022/10/20 12:45:00",CG1,0
D,DISPATCH,UNIT_SCADA,1,"2022/10/20 12:45:00",CG2,0
D,DISPATCH,UNIT_SCADA,1,"2022/10/20 12:45:00",CG3,0
D,DISPATCH,UNIT_SCADA,1,"2022/10/20 12:45:00",CG4,0
D,DISPATCH,UNIT_SCADA,1,"2022/10/20 12:45:00",CHILDSF1,10.10
D,DISPATCH,UNIT_SCADA,1,"2022/10/20 12:45:00",CHYTWF1,9.24
D,DISPATCH,UNIT_SCADA,1,"2022/10/20 12:45:00",CLARESF1,7.724290
D,DISPATCH,UNIT_SCADA,1,"2022/10/20 12:45:00",CLEMGPWF,18.008750
D,DISPATCH,UNIT_SCADA,1,"2022/10/20 12:45:00",CLERMSF1,27.87
D,DISPATCH,UNIT_SCADA,1,"2022/10/20 12:45:00",CNUNDAWF,0
D,DISPATCH,UNIT_SCADA,1,"2022/10/20 12:45:00",COHUNSF1,0.32
D,DISPATCH,UNIT_SCADA,1,"2022/10/20 12:45:00",COLEASF1,35.400550
D,DISPATCH,UNIT_SCADA,1,"2022/10/20 12:45:00",COLUMSF1,12.0130
D,DISPATCH,UNIT_SCADA,1,"2022/10/20 12:45:00",COLWF01,66.010530
D,DISPATCH,UNIT_SCADA,1,"2022/10/20 12:45:00",COOPGWF1,102.17
D,DISPATCH,UNIT_SCADA,1,"2022/10/20 12:45:00",CPP_3,279.399990
D,DISPATCH,UNIT_SCADA,1,"2022/10/20 12:45:00",CPP_4,0
D,DISPATCH,UNIT_SCADA,1,"2022/10/20 12:45:00",CPSA,0
D,DISPATCH,UNIT_SCADA,1,"2022/10/20 12:45:00",CROOKWF2,27.913630
D,DISPATCH,UNIT_SCADA,1,"2022/10/20 12:45:00",CROWLWF1,7.1593
D,DISPATCH,UNIT_SCADA,1,"2022/10/20 12:45:00",CRURWF1,38.598080
D,DISPATCH,UNIT_SCADA,1,"2022/10/20 12:45:00",CRWASF1,28.028930
D,DISPATCH,UNIT_SCADA,1,"2022/10/20 12:45:00",CSPVPS1,17.9830
D,DISPATCH,UNIT_SCADA,1,"2022/10/20 12:45:00",CTHLWF1,0.003050
D,DISPATCH,UNIT_SCADA,1,"2022/10/20 12:45:00",DALNTH01,0
D,DISPATCH,UNIT_SCADA,1,"2022/10/20 12:45:00",DALNTHL1,0.053410
D,DISPATCH,UNIT_SCADA,1,"2022/10/20 12:45:00",DARLSF1,31.158250
D,DISPATCH,UNIT_SCADA,1,"2022/10/20 12:45:00",DARTM1,0
D,DISPATCH,UNIT_SCADA,1,"2022/10/20 12:45:00",DAYDSF1,89.4130
D,DISPATCH,UNIT_SCADA,1,"2022/10/20 12:45:00",DDPS1,0
D,DISPATCH,UNIT_SCADA,1,"2022/10/20 12:45:00",DDSF1,34.2528
D,DISPATCH,UNIT_SCADA,1,"2022/10/20 12:45:00",DEVILS_G,9.397260
D,DISPATCH,UNIT_SCADA,1,"2022/10/20 12:45:00",DG_NSW1,0
D,DISPATCH,UNIT_SCADA,1,"2022/10/20 12:45:00",DG_QLD1,0
D,DISPATCH,UNIT_SCADA,1,"2022/10/20 12:45:00",DG_SA1,0
D,DISPATCH,UNIT_SCADA,1,"2022/10/20 12:45:00",DG_TAS1,0
D,DISPATCH,UNIT_SCADA,1,"2022/10/20 12:45:00",DG_VIC1,0
D,DISPATCH,UNIT_SCADA,1,"2022/10/20 12:45:00",DRYCGT1,0
D,DISPATCH,UNIT_SCADA,1,"2022/10/20 12:45:00",DRYCGT2,0
D,DISPATCH,UNIT_SCADA,1,"2022/10/20 12:45:00",DRYCGT3,0
D,DISPATCH,UNIT_SCADA,1,"2022/10/20 12:45:00",DUNDWF1,45.60
D,DISPATCH,UNIT_SCADA,1,"2022/10/20 12:45:00",DUNDWF2,17.15
D,DISPATCH,UNIT_SCADA,1,"2022/10/20 12:45:00",DUNDWF3,51.24
D,DISPATCH,UNIT_SCADA,1,"2022/10/20 12:45:00",EILDON1,59.84
D,DISPATCH,UNIT_SCADA,1,"2022/10/20 12:45:00",EILDON2,59.88
D,DISPATCH,UNIT_SCADA,1,"2022/10/20 12:45:00",ELAINWF1,33.56
D,DISPATCH,UNIT_SCADA,1,"2022/10/20 12:45:00",EMERASF1,0
D,DISPATCH,UNIT_SCADA,1,"2022/10/20 12:45:00",ER01,0
D,DISPATCH,UNIT_SCADA,1,"2022/10/20 12:45:00",ER02,302.580290
D,DISPATCH,UNIT_SCADA,1,"2022/10/20 12:45:00",ER03,433.344020
D,DISPATCH,UNIT_SCADA,1,"2022/10/20 12:45:00",ER04,433.221950
D,DISPATCH,UNIT_SCADA,1,"2022/10/20 12:45:00",FINLYSF1,50.333410
D,DISPATCH,UNIT_SCADA,1,"2022/10/20 12:45:00",FISHER,43.93
D,DISPATCH,UNIT_SCADA,1,"2022/10/20 12:45:00",GANGARR1,79.9580
D,DISPATCH,UNIT_SCADA,1,"2022/10/20 12:45:00",GANNBG1,0
D,DISPATCH,UNIT_SCADA,1,"2022/10/20 12:45:00",GANNBL1,4.327520
D,DISPATCH,UNIT_SCADA,1,"2022/10/20 12:45:00",GANNSF1,24.50
D,DISPATCH,UNIT_SCADA,1,"2022/10/20 12:45:00",GLRWNSF1,0
D,DISPATCH,UNIT_SCADA,1,"2022/10/20 12:45:00",GNNDHSF1,82.403070
D,DISPATCH,UNIT_SCADA,1,"2022/10/20 12:45:00",GOONSF1,0
D,DISPATCH,UNIT_SCADA,1,"2022/10/20 12:45:00",GORDON,190.912060
D,DISPATCH,UNIT_SCADA,1,"2022/10/20 12:45:00",GRANWF1,0
D,DISPATCH,UNIT_SCADA,1,"2022/10/20 12:45:00",GSTONE1,200.899990
D,DISPATCH,UNIT_SCADA,1,"2022/10/20 12:45:00",GSTONE2,0
D,DISPATCH,UNIT_SCADA,1,"2022/10/20 12:45:00",GSTONE3,200.20
D,DISPATCH,UNIT_SCADA,1,"2022/10/20 12:45:00",GSTONE4,0
D,DISPATCH,UNIT_SCADA,1,"2022/10/20 12:45:00",GSTONE5,201.0750
D,DISPATCH,UNIT_SCADA,1,"2022/10/20 12:45:00",GSTONE6,200.724990
D,DISPATCH,UNIT_SCADA,1,"2022/10/20 12:45:00",GULLRSF1,2.734960
D,DISPATCH,UNIT_SCADA,1,"2022/10/20 12:45:00",GULLRWF1,41.694370
D,DISPATCH,UNIT_SCADA,1,"2022/10/20 12:45:00",GULLRWF2,64.791520
D,DISPATCH,UNIT_SCADA,1,"2022/10/20 12:45:00",GUNNING1,0
D,DISPATCH,UNIT_SCADA,1,"2022/10/20 12:45:00",GUTHEGA,67.30
D,DISPATCH,UNIT_SCADA,1,"2022/10/20 12:45:00",HALLWF1,30.52
D,DISPATCH,UNIT_SCADA,1,"2022/10/20 12:45:00",HALLWF2,8.97
D,DISPATCH,UNIT_SCADA,1,"2022/10/20 12:45:00",HAMISF1,36.80
D,DISPATCH,UNIT_SCADA,1,"2022/10/20 12:45:00",HAUGHT11,7.461120
D,DISPATCH,UNIT_SCADA,1,"2022/10/20 12:45:00",HAYMSF1,37.8140
D,DISPATCH,UNIT_SCADA,1,"2022/10/20 12:45:00",HDWF1,30
D,DISPATCH,UNIT_SCADA,1,"2022/10/20 12:45:00",HDWF2,27.80
D,DISPATCH,UNIT_SCADA,1,"2022/10/20 12:45:00",HDWF3,29.50
D,DISPATCH,UNIT_SCADA,1,"2022/10/20 12:45:00",HILLSTN1,59.963390
D,DISPATCH,UNIT_SCADA,1,"2022/10/20 12:45:00",HPRG1,0
D,DISPATCH,UNIT_SCADA,1,"2022/10/20 12:45:00",HPRL1,35.70
D,DISPATCH,UNIT_SCADA,1,"2022/10/20 12:45:00",HUMENSW,54.785920
D,DISPATCH,UNIT_SCADA,1,"2022/10/20 12:45:00",HUMEV,0
D,DISPATCH,UNIT_SCADA,1,"2022/10/20 12:45:00",HVWWBA1G,0
D,DISPATCH,UNIT_SCADA,1,"2022/10/20 12:45:00",HVWWBA1L,0.0060
D,DISPATCH,UNIT_SCADA,1,"2022/10/20 12:45:00",HVWWPV1,0.0330
D,DISPATCH,UNIT_SCADA,1,"2022/10/20 12:45:00",JBUTTERS,0
D,DISPATCH,UNIT_SCADA,1,"2022/10/20 12:45:00",JEMALNG1,0.20
D,DISPATCH,UNIT_SCADA,1,"2022/10/20 12:45:00",JLA01,0
D,DISPATCH,UNIT_SCADA,1,"2022/10/20 12:45:00",JLA02,0
D,DISPATCH,UNIT_SCADA,1,"2022/10/20 12:45:00",JLA03,0
D,DISPATCH,UNIT_SCADA,1,"2022/10/20 12:45:00",JLA04,0
D,DISPATCH,UNIT_SCADA,1,"2022/10/20 12:45:00",JLB01,0
D,DISPATCH,UNIT_SCADA,1,"2022/10/20 12:45:00",JLB02,0.10
D,DISPATCH,UNIT_SCADA,1,"2022/10/20 12:45:00",JLB03,0
D,DISPATCH,UNIT_SCADA,1,"2022/10/20 12:45:00",JUNEESF1,8.813570
D,DISPATCH,UNIT_SCADA,1,"2022/10/20 12:45:00",KABANWF1,0
D,DISPATCH,UNIT_SCADA,1,"2022/10/20 12:45:00",KAREEYA1,0
D,DISPATCH,UNIT_SCADA,1,"2022/10/20 12:45:00",KAREEYA2,0
D,DISPATCH,UNIT_SCADA,1,"2022/10/20 12:45:00",KAREEYA3,4.70
D,DISPATCH,UNIT_SCADA,1,"2022/10/20 12:45:00",KAREEYA4,0
D,DISPATCH,UNIT_SCADA,1,"2022/10/20 12:45:00",KARSF1,27.50
D,DISPATCH,UNIT_SCADA,1,"2022/10/20 12:45:00",KEPSF1,11.98
D,DISPATCH,UNIT_SCADA,1,"2022/10/20 12:45:00",KEPWF1,6.65
D,DISPATCH,UNIT_SCADA,1,"2022/10/20 12:45:00",KIAMSF1,31.063550
D,DISPATCH,UNIT_SCADA,1,"2022/10/20 12:45:00",KIATAWF1,9.50
D,DISPATCH,UNIT_SCADA,1,"2022/10/20 12:45:00",KPP_1,0
D,DISPATCH,UNIT_SCADA,1,"2022/10/20 12:45:00",KSP1,44.09
D,DISPATCH,UNIT_SCADA,1,"2022/10/20 12:45:00",LADBROK1,0.01
D,DISPATCH,UNIT_SCADA,1,"2022/10/20 12:45:00",LADBROK2,0.02
D,DISPATCH,UNIT_SCADA,1,"2022/10/20 12:45:00",LBBG1,0
D,DISPATCH,UNIT_SCADA,1,"2022/10/20 12:45:00",LBBL1,0
D,DISPATCH,UNIT_SCADA,1,"2022/10/20 12:45:00",LD01,280.324710
D,DISPATCH,UNIT_SCADA,1,"2022/10/20 12:45:00",LD02,0
D,DISPATCH,UNIT_SCADA,1,"2022/10/20 12:45:00",LD04,277.358310
D,DISPATCH,UNIT_SCADA,1,"2022/10/20 12:45:00",LEM_WIL,62.672450
D,DISPATCH,UNIT_SCADA,1,"2022/10/20 12:45:00",LGAPWF1,65.12
D,DISPATCH,UNIT_SCADA,1,"2022/10/20 12:45:00",LGAPWF2,51.87
D,DISPATCH,UNIT_SCADA,1,"2022/10/20 12:45:00",LILYSF1,75.497470
D,DISPATCH,UNIT_SCADA,1,"2022/10/20 12:45:00",LIMOSF11,97.038680
D,DISPATCH,UNIT_SCADA,1,"2022/10/20 12:45:00",LIMOSF21,11.076070
D,DISPATCH,UNIT_SCADA,1,"2022/10/20 12:45:00",LI_WY_CA,54.507030
D,DISPATCH,UNIT_SCADA,1,"2022/10/20 12:45:00",LKBONNY1,0
D,DISPATCH,UNIT_SCADA,1,"2022/10/20 12:45:00",LKBONNY2,9.133690
D,DISPATCH,UNIT_SCADA,1,"2022/10/20 12:45:00",LKBONNY3,0
D,DISPATCH,UNIT_SCADA,1,"2022/10/20 12:45:00",LK_ECHO,0
D,DISPATCH,UNIT_SCADA,1,"2022/10/20 12:45:00",LNGS1,0
D,DISPATCH,UNIT_SCADA,1,"2022/10/20 12:45:00",LNGS2,0
D,DISPATCH,UNIT_SCADA,1,"2022/10/20 12:45:00",LONSDALE,0
D,DISPATCH,UNIT_SCADA,1,"2022/10/20 12:45:00",LOYYB1,437.589870
D,DISPATCH,UNIT_SCADA,1,"2022/10/20 12:45:00",LOYYB2,449.620240
D,DISPATCH,UNIT_SCADA,1,"2022/10/20 12:45:00",LYA1,408
D,DISPATCH,UNIT_SCADA,1,"2022/10/20 12:45:00",LYA2,0
D,DISPATCH,UNIT_SCADA,1,"2022/10/20 12:45:00",LYA3,408
D,DISPATCH,UNIT_SCADA,1,"2022/10/20 12:45:00",LYA4,408
D,DISPATCH,UNIT_SCADA,1,"2022/10/20 12:45:00",MACARTH1,62.898550
D,DISPATCH,UNIT_SCADA,1,"2022/10/20 12:45:00",MACKNTSH,0
D,DISPATCH,UNIT_SCADA,1,"2022/10/20 12:45:00",MANSLR1,30.8120
D,DISPATCH,UNIT_SCADA,1,"2022/10/20 12:45:00",MAPS2PV1,0
D,DISPATCH,UNIT_SCADA,1,"2022/10/20 12:45:00",MAPS3PV1,0
D,DISPATCH,UNIT_SCADA,1,"2022/10/20 12:45:00",MARYRSF1,19.27
D,DISPATCH,UNIT_SCADA,1,"2022/10/20 12:45:00",MBPS2PV1,0
D,DISPATCH,UNIT_SCADA,1,"2022/10/20 12:45:00",MCKAY1,0.02
D,DISPATCH,UNIT_SCADA,1,"2022/10/20 12:45:00",MEADOWBK,5.944640
D,DISPATCH,UNIT_SCADA,1,"2022/10/20 12:45:00",MERCER01,29.80
D,DISPATCH,UNIT_SCADA,1,"2022/10/20 12:45:00",METZSF1,26.266540
D,DISPATCH,UNIT_SCADA,1,"2022/10/20 12:45:00",MEWF1,23.286780
D,DISPATCH,UNIT_SCADA,1,"2022/10/20 12:45:00",MIDDLSF1,4.38
D,DISPATCH,UNIT_SCADA,1,"2022/10/20 12:45:00",MINTARO,0.128180
D,DISPATCH,UNIT_SCADA,1,"2022/10/20 12:45:00",MOLNGSF1,21.781340
D,DISPATCH,UNIT_SCADA,1,"2022/10/20 12:45:00",MOORAWF1,82.490010
D,DISPATCH,UNIT_SCADA,1,"2022/10/20 12:45:00",MOREESF1,9.8580
D,DISPATCH,UNIT_SCADA,1,"2022/10/20 12:45:00",MORTLK11,0
D,DISPATCH,UNIT_SCADA,1,"2022/10/20 12:45:00",MORTLK12,0
D,DISPATCH,UNIT_SCADA,1,"2022/10/20 12:45:00",MOUSF1,0
D,DISPATCH,UNIT_SCADA,1,"2022/10/20 12:45:00",MP1,0
D,DISPATCH,UNIT_SCADA,1,"2022/10/20 12:45:00",MP2,363.1037
D,DISPATCH,UNIT_SCADA,1,"2022/10/20 12:45:00",MPP_1,157.521760
D,DISPATCH,UNIT_SCADA,1,"2022/10/20 12:45:00",MPP_2,189.8257
D,DISPATCH,UNIT_SCADA,1,"2022/10/20 12:45:00",MRTLSWF1,0
D,DISPATCH,UNIT_SCADA,1,"2022/10/20 12:45:00",MSTUART1,0
D,DISPATCH,UNIT_SCADA,1,"2022/10/20 12:45:00",MSTUART2,0
D,DISPATCH,UNIT_SCADA,1,"2022/10/20 12:45:00",MSTUART3,0
D,DISPATCH,UNIT_SCADA,1,"2022/10/20 12:45:00",MTGELWF1,50.163280
D,DISPATCH,UNIT_SCADA,1,"2022/10/20 12:45:00",MTMILLAR,0.40
D,DISPATCH,UNIT_SCADA,1,"2022/10/20 12:45:00",MURRAY,0
D,DISPATCH,UNIT_SCADA,1,"2022/10/20 12:45:00",MUSSELR1,61.10
D,DISPATCH,UNIT_SCADA,1,"2022/10/20 12:45:00",MUWAWF1,55.54
D,DISPATCH,UNIT_SCADA,1,"2022/10/20 12:45:00",MUWAWF2,32.40
D,DISPATCH,UNIT_SCADA,1,"2022/10/20 12:45:00",MWPS1PV1,0.13
D,DISPATCH,UNIT_SCADA,1,"2022/10/20 12:45:00",MWPS2PV1,0
D,DISPATCH,UNIT_SCADA,1,"2022/10/20 12:45:00",MWPS3PV1,0
D,DISPATCH,UNIT_SCADA,1,"2022/10/20 12:45:00",MWPS4PV1,0.01
D,DISPATCH,UNIT_SCADA,1,"2022/10/20 12:45:00",NBHWF1,40.50
D,DISPATCH,UNIT_SCADA,1,"2022/10/20 12:45:00",NEVERSF1,91.55
D,DISPATCH,UNIT_SCADA,1,"2022/10/20 12:45:00",NPS,0
D,DISPATCH,UNIT_SCADA,1,"2022/10/20 12:45:00",NUMURSF1,93.09
D,DISPATCH,UNIT_SCADA,1,"2022/10/20 12:45:00",NYNGAN1,42
D,DISPATCH,UNIT_SCADA,1,"2022/10/20 12:45:00",OAKEY1,0
D,DISPATCH,UNIT_SCADA,1,"2022/10/20 12:45:00",OAKEY1SF,23.3860
D,DISPATCH,UNIT_SCADA,1,"2022/10/20 12:45:00",OAKEY2,0
D,DISPATCH,UNIT_SCADA,1,"2022/10/20 12:45:00",OAKEY2SF,36.47
D,DISPATCH,UNIT_SCADA,1,"2022/10/20 12:45:00",OAKLAND1,4.50
D,DISPATCH,UNIT_SCADA,1,"2022/10/20 12:45:00",OSB-AG,0
D,DISPATCH,UNIT_SCADA,1,"2022/10/20 12:45:00",PAREPS1,0.0660
D,DISPATCH,UNIT_SCADA,1,"2022/10/20 12:45:00",PAREPW1,56.16
D,DISPATCH,UNIT_SCADA,1,"2022/10/20 12:45:00",PARSF1,2.198830
D,DISPATCH,UNIT_SCADA,1,"2022/10/20 12:45:00",POAT110,0
D,DISPATCH,UNIT_SCADA,1,"2022/10/20 12:45:00",POAT220,0
D,DISPATCH,UNIT_SCADA,1,"2022/10/20 12:45:00",POR01,0
D,DISPATCH,UNIT_SCADA,1,"2022/10/20 12:45:00",POR03,0
D,DISPATCH,UNIT_SCADA,1,"2022/10/20 12:45:00",PPCCGT,0
D,DISPATCH,UNIT_SCADA,1,"2022/10/20 12:45:00",PTSTAN1,0
D,DISPATCH,UNIT_SCADA,1,"2022/10/20 12:45:00",PUMP1,0
D,DISPATCH,UNIT_SCADA,1,"2022/10/20 12:45:00",PUMP2,0
D,DISPATCH,UNIT_SCADA,1,"2022/10/20 12:45:00",QBYNBG1,0.597490
D,DISPATCH,UNIT_SCADA,1,"2022/10/20 12:45:00",QBYNBL1,0
D,DISPATCH,UNIT_SCADA,1,"2022/10/20 12:45:00",QPS1,0
D,DISPATCH,UNIT_SCADA,1,"2022/10/20 12:45:00",QPS2,0
D,DISPATCH,UNIT_SCADA,1,"2022/10/20 12:45:00",QPS3,0
D,DISPATCH,UNIT_SCADA,1,"2022/10/20 12:45:00",QPS4,0
D,DISPATCH,UNIT_SCADA,1,"2022/10/20 12:45:00",QPS5,75.09
D,DISPATCH,UNIT_SCADA,1,"2022/10/20 12:45:00",REECE1,0
D,DISPATCH,UNIT_SCADA,1,"2022/10/20 12:45:00",REECE2,0
D,DISPATCH,UNIT_SCADA,1,"2022/10/20 12:45:00",ROMA_7,0
D,DISPATCH,UNIT_SCADA,1,"2022/10/20 12:45:00",ROMA_8,0
D,DISPATCH,UNIT_SCADA,1,"2022/10/20 12:45:00",RRSF1,32.2271
D,DISPATCH,UNIT_SCADA,1,"2022/10/20 12:45:00",RT_NSW1,0
D,DISPATCH,UNIT_SCADA,1,"2022/10/20 12:45:00",RT_NSW2,0
D,DISPATCH,UNIT_SCADA,1,"2022/10/20 12:45:00",RT_NSW3,0
D,DISPATCH,UNIT_SCADA,1,"2022/10/20 12:45:00",RT_NSW4,0
D,DISPATCH,UNIT_SCADA,1,"2022/10/20 12:45:00",RT_NSW5,0
D,DISPATCH,UNIT_SCADA,1,"2022/10/20 12:45:00",RT_NSW6,0
D,DISPATCH,UNIT_SCADA,1,"2022/10/20 12:45:00",RT_QLD1,0
D,DISPATCH,UNIT_SCADA,1,"2022/10/20 12:45:00",RT_SA1,0
D,DISPATCH,UNIT_SCADA,1,"2022/10/20 12:45:00",RT_SA2,0
D,DISPATCH,UNIT_SCADA,1,"2022/10/20 12:45:00",RT_SA3,0
D,DISPATCH,UNIT_SCADA,1,"2022/10/20 12:45:00",RT_SA4,0
D,DISPATCH,UNIT_SCADA,1,"2022/10/20 12:45:00",RT_SA5,0
D,DISPATCH,UNIT_SCADA,1,"2022/10/20 12:45:00",RT_SA6,0
D,DISPATCH,UNIT_SCADA,1,"2022/10/20 12:45:00",RT_TAS1,0
D,DISPATCH,UNIT_SCADA,1,"2022/10/20 12:45:00",RT_VIC1,0
D,DISPATCH,UNIT_SCADA,1,"2022/10/20 12:45:00",RT_VIC10,0
D,DISPATCH,UNIT_SCADA,1,"2022/10/20 12:45:00",RT_VIC11,0
D,DISPATCH,UNIT_SCADA,1,"2022/10/20 12:45:00",RT_VIC12,0
D,DISPATCH,UNIT_SCADA,1,"2022/10/20 12:45:00",RT_VIC2,0
D,DISPATCH,UNIT_SCADA,1,"2022/10/20 12:45:00",RT_VIC3,0
D,DISPATCH,UNIT_SCADA,1,"2022/10/20 12:45:00",RT_VIC4,0
D,DISPATCH,UNIT_SCADA,1,"2022/10/20 12:45:00",RT_VIC5,0
D,DISPATCH,UNIT_SCADA,1,"2022/10/20 12:45:00",RT_VIC6,0
D,DISPATCH,UNIT_SCADA,1,"2022/10/20 12:45:00",RT_VIC7,0
D,DISPATCH,UNIT_SCADA,1,"2022/10/20 12:45:00",RT_VIC8,0
D,DISPATCH,UNIT_SCADA,1,"2022/10/20 12:45:00",RT_VIC9,0
D,DISPATCH,UNIT_SCADA,1,"2022/10/20 12:45:00",RUGBYR1,37.066750
D,DISPATCH,UNIT_SCADA,1,"2022/10/20 12:45:00",SALTCRK1,18.21
D,DISPATCH,UNIT_SCADA,1,"2022/10/20 12:45:00",SAPHWF1,0
D,DISPATCH,UNIT_SCADA,1,"2022/10/20 12:45:00",SEBSF1,20.4575
D,DISPATCH,UNIT_SCADA,1,"2022/10/20 12:45:00",SHGEN,0
D,DISPATCH,UNIT_SCADA,1,"2022/10/20 12:45:00",SHPUMP,0
D,DISPATCH,UNIT_SCADA,1,"2022/10/20 12:45:00",SITHE01,0.143810
D,DISPATCH,UNIT_SCADA,1,"2022/10/20 12:45:00",SMCSF1,69.6580
D,DISPATCH,UNIT_SCADA,1,"2022/10/20 12:45:00",SNAPPER1,0
D,DISPATCH,UNIT_SCADA,1,"2022/10/20 12:45:00",SNOWNTH1,55.70
D,DISPATCH,UNIT_SCADA,1,"2022/10/20 12:45:00",SNOWSTH1,21.30
D,DISPATCH,UNIT_SCADA,1,"2022/10/20 12:45:00",SNOWTWN1,39.8618
D,DISPATCH,UNIT_SCADA,1,"2022/10/20 12:45:00",SNOWYP,0
D,DISPATCH,UNIT_SCADA,1,"2022/10/20 12:45:00",SNUG1,0
D,DISPATCH,UNIT_SCADA,1,"2022/10/20 12:45:00",SRSF1,24.97
D,DISPATCH,UNIT_SCADA,1,"2022/10/20 12:45:00",STAN-1,276.556850
D,DISPATCH,UNIT_SCADA,1,"2022/10/20 12:45:00",STAN-2,359.103490
D,DISPATCH,UNIT_SCADA,1,"2022/10/20 12:45:00",STAN-3,158.466460
D,DISPATCH,UNIT_SCADA,1,"2022/10/20 12:45:00",STAN-4,357.655060
D,DISPATCH,UNIT_SCADA,1,"2022/10/20 12:45:00",STARHLWF,0.01
D,DISPATCH,UNIT_SCADA,1,"2022/10/20 12:45:00",STOCKYD1,83.41
D,DISPATCH,UNIT_SCADA,1,"2022/10/20 12:45:00",STWF1,0
D,DISPATCH,UNIT_SCADA,1,"2022/10/20 12:45:00",SUNRSF1,94.076450
D,DISPATCH,UNIT_SCADA,1,"2022/10/20 12:45:00",SUNTPSF1,51.5053
D,DISPATCH,UNIT_SCADA,1,"2022/10/20 12:45:00",SWAN_E,190.620640
D,DISPATCH,UNIT_SCADA,1,"2022/10/20 12:45:00",TALWA1,0
D,DISPATCH,UNIT_SCADA,1,"2022/10/20 12:45:00",TARALGA1,0
D,DISPATCH,UNIT_SCADA,1,"2022/10/20 12:45:00",TARONG#1,344.899990
D,DISPATCH,UNIT_SCADA,1,"2022/10/20 12:45:00",TARONG#2,343.800020
D,DISPATCH,UNIT_SCADA,1,"2022/10/20 12:45:00",TARONG#3,0.90
D,DISPATCH,UNIT_SCADA,1,"2022/10/20 12:45:00",TARONG#4,283.800020
D,DISPATCH,UNIT_SCADA,1,"2022/10/20 12:45:00",TARRALEA,54.10
D,DISPATCH,UNIT_SCADA,1,"2022/10/20 12:45:00",TBSF1,0.10
D,DISPATCH,UNIT_SCADA,1,"2022/10/20 12:45:00",TNPS1,323.1250
D,DISPATCH,UNIT_SCADA,1,"2022/10/20 12:45:00",TORRB1,0
D,DISPATCH,UNIT_SCADA,1,"2022/10/20 12:45:00",TORRB2,40
D,DISPATCH,UNIT_SCADA,1,"2022/10/20 12:45:00",TORRB3,0
D,DISPATCH,UNIT_SCADA,1,"2022/10/20 12:45:00",TORRB4,0
D,DISPATCH,UNIT_SCADA,1,"2022/10/20 12:45:00",TREVALLN,99.166210
D,DISPATCH,UNIT_SCADA,1,"2022/10/20 12:45:00",TRIBUTE,0
D,DISPATCH,UNIT_SCADA,1,"2022/10/20 12:45:00",TUMUT3,0
D,DISPATCH,UNIT_SCADA,1,"2022/10/20 12:45:00",TUNGATIN,6.260020
D,DISPATCH,UNIT_SCADA,1,"2022/10/20 12:45:00",TVCC201,0
D,DISPATCH,UNIT_SCADA,1,"2022/10/20 12:45:00",TVPP104,0
D,DISPATCH,UNIT_SCADA,1,"2022/10/20 12:45:00",UPPTUMUT,118.129410
D,DISPATCH,UNIT_SCADA,1,"2022/10/20 12:45:00",URANQ11,0
D,DISPATCH,UNIT_SCADA,1,"2022/10/20 12:45:00",URANQ12,0
D,DISPATCH,UNIT_SCADA,1,"2022/10/20 12:45:00",URANQ13,0
D,DISPATCH,UNIT_SCADA,1,"2022/10/20 12:45:00",URANQ14,0
D,DISPATCH,UNIT_SCADA,1,"2022/10/20 12:45:00",VBBG1,0
D,DISPATCH,UNIT_SCADA,1,"2022/10/20 12:45:00",VBBL1,93.20
D,DISPATCH,UNIT_SCADA,1,"2022/10/20 12:45:00",VP5,544.596680
D,DISPATCH,UNIT_SCADA,1,"2022/10/20 12:45:00",VP6,542.619080
D,DISPATCH,UNIT_SCADA,1,"2022/10/20 12:45:00",VPGS1,0
D,DISPATCH,UNIT_SCADA,1,"2022/10/20 12:45:00",VPGS2,0
D,DISPATCH,UNIT_SCADA,1,"2022/10/20 12:45:00",VPGS3,0
D,DISPATCH,UNIT_SCADA,1,"2022/10/20 12:45:00",VPGS4,0
D,DISPATCH,UNIT_SCADA,1,"2022/10/20 12:45:00",VPGS5,0
D,DISPATCH,UNIT_SCADA,1,"2022/10/20 12:45:00",VPGS6,0
D,DISPATCH,UNIT_SCADA,1,"2022/10/20 12:45:00",W/HOE#1,0
D,DISPATCH,UNIT_SCADA,1,"2022/10/20 12:45:00",W/HOE#2,0
D,DISPATCH,UNIT_SCADA,1,"2022/10/20 12:45:00",WAGGNSF1,0
D,DISPATCH,UNIT_SCADA,1,"2022/10/20 12:45:00",WALGRVG1,0.000930
D,DISPATCH,UNIT_SCADA,1,"2022/10/20 12:45:00",WALGRVL1,0
D,DISPATCH,UNIT_SCADA,1,"2022/10/20 12:45:00",WANDBG1,0
D,DISPATCH,UNIT_SCADA,1,"2022/10/20 12:45:00",WANDBL1,0
D,DISPATCH,UNIT_SCADA,1,"2022/10/20 12:45:00",WARWSF1,15.99
D,DISPATCH,UNIT_SCADA,1,"2022/10/20 12:45:00",WARWSF2,15.95
D,DISPATCH,UNIT_SCADA,1,"2022/10/20 12:45:00",WATERLWF,24.40
D,DISPATCH,UNIT_SCADA,1,"2022/10/20 12:45:00",WDGPH1,92.2160
D,DISPATCH,UNIT_SCADA,1,"2022/10/20 12:45:00",WELLSF1,37.241170
D,DISPATCH,UNIT_SCADA,1,"2022/10/20 12:45:00",WEMENSF1,18.80
D,DISPATCH,UNIT_SCADA,1,"2022/10/20 12:45:00",WGWF1,53.20
D,DISPATCH,UNIT_SCADA,1,"2022/10/20 12:45:00",WHITSF1,35.20
D,DISPATCH,UNIT_SCADA,1,"2022/10/20 12:45:00",WINTSF1,81.02
D,DISPATCH,UNIT_SCADA,1,"2022/10/20 12:45:00",WKIEWA1,31.90
D,DISPATCH,UNIT_SCADA,1,"2022/10/20 12:45:00",WKIEWA2,14
D,DISPATCH,UNIT_SCADA,1,"2022/10/20 12:45:00",WOODLWN1,16.897230
D,DISPATCH,UNIT_SCADA,1,"2022/10/20 12:45:00",WOOLGSF1,11.337730
D,DISPATCH,UNIT_SCADA,1,"2022/10/20 12:45:00",WPWF,2.19
D,DISPATCH,UNIT_SCADA,1,"2022/10/20 12:45:00",WRSF1,6.119570
D,DISPATCH,UNIT_SCADA,1,"2022/10/20 12:45:00",WRWF1,0
D,DISPATCH,UNIT_SCADA,1,"2022/10/20 12:45:00",WSTWYSF1,0.242140
D,DISPATCH,UNIT_SCADA,1,"2022/10/20 12:45:00",YABULU,0
D,DISPATCH,UNIT_SCADA,1,"2022/10/20 12:45:00",YABULU2,0
D,DISPATCH,UNIT_SCADA,1,"2022/10/20 12:45:00",YARANSF1,72.71
D,DISPATCH,UNIT_SCADA,1,"2022/10/20 12:45:00",YARWUN_1,160.61
D,DISPATCH,UNIT_SCADA,1,"2022/10/20 12:45:00",YATSF1,16.42
D,DISPATCH,UNIT_SCADA,1,"2022/10/20 12:45:00",YENDWF1,38.65
D,DISPATCH,UNIT_SCADA,1,"2022/10/20 12:45:00",YWPS1,250.873410
D,DISPATCH,UNIT_SCADA,1,"2022/10/20 12:45:00",YWPS2,250.121520
D,DISPATCH,UNIT_SCADA,1,"2022/10/20 12:45:00",YWPS3,278.656950
D,DISPATCH,UNIT_SCADA,1,"2022/10/20 12:45:00",YWPS4,0
C,"END OF REPORT",419
