C,NEMP.WORLD,DISPATCHSCADA,AEMO,PUBLIC,2022/10/20,14:25:10,0000000373260647,DISPATCHSCADA,0000000373260641
I,DISPATCH,UNIT_SCADA,1,SETTLEMENTDATE,DUID,SCADAVALUE
D,DISPATCH,UNIT_SCADA,1,"2022/10/20 14:30:00",BARCSF1,11.200001
D,DISPATCH,UNIT_SCADA,1,"2022/10/20 14:30:00",BUTLERSG,8.699999
D,DISPATCH,UNIT_SCADA,1,"2022/10/20 14:30:00",CAPTL_WF,71.758911
D,DISPATCH,UNIT_SCADA,1,"2022/10/20 14:30:00",CHALLHWF,10.10
D,DISPATCH,UNIT_SCADA,1,"2022/10/20 14:30:00",CLOVER,10.54
D,DISPATCH,UNIT_SCADA,1,"2022/10/20 14:30:00",CLUNY,6.205081
D,DISPATCH,UNIT_SCADA,1,"2022/10/20 14:30:00",CULLRGWF,-0.04
D,DISPATCH,UNIT_SCADA,1,"2022/10/20 14:30:00",DIAPURWF1,7.20
D,DISPATCH,UNIT_SCADA,1,"2022/10/20 14:30:00",ERGT01,0
D,DISPATCH,UNIT_SCADA,1,"2022/10/20 14:30:00",GB01,0
D,DISPATCH,UNIT_SCADA,1,"2022/10/20 14:30:00",GERMCRK,21.700001
D,DISPATCH,UNIT_SCADA,1,"2022/10/20 14:30:00",GRIFSF1,7.600519
D,DISPATCH,UNIT_SCADA,1,"2022/10/20 14:30:00",HEZ1,0
D,DISPATCH,UNIT_SCADA,1,"2022/10/20 14:30:00",HUGSF1,3.4180
D,DISPATCH,UNIT_SCADA,1,"2022/10/20 14:30:00",KEPBG1,0
D,DISPATCH,UNIT_SCADA,1,"2022/10/20 14:30:00",LRSF1,13.02
D,DISPATCH,UNIT_SCADA,1,"2022/10/20 14:30:00",MBAHNTH,43.106247
D,DISPATCH,UNIT_SCADA,1,"2022/10/20 14:30:00",MLSP1,3.155001
D,DISPATCH,UNIT_SCADA,1,"2022/10/20 14:30:00",MLWF1,4.4550
D,DISPATCH,UNIT_SCADA,1,"2022/10/20 14:30:00",PALOONA,30.139999
D,DISPATCH,UNIT_SCADA,1,"2022/10/20 14:30:00",PIONEER,42.200001
D,DISPATCH,UNIT_SCADA,1,"2022/10/20 14:30:00",PORTWF,62.099998
D,DISPATCH,UNIT_SCADA,1,"2022/10/20 14:30:00",REPULSE,9.524681
D,DISPATCH,UNIT_SCADA,1,"2022/10/20 14:30:00",ROWALLAN,8.8182
D,DISPATCH,UNIT_SCADA,1,"2022/10/20 14:30:00",ROYALLA1,3.294003
D,DISPATCH,UNIT_SCADA,1,"2022/10/20 14:30:00",RPCG,-1.80
D,DISPATCH,UNIT_SCADA,1,"2022/10/20 14:30:00",RUBICON,0
D,DISPATCH,UNIT_SCADA,1,"2022/10/20 14:30:00",WAUBRAWF,66.246002
D,DISPATCH,UNIT_SCADA,1,"2022/10/20 14:30:00",WOOLNTH1,94.849998
D,DISPATCH,UNIT_SCADA,1,"2022/10/20 14:30:00",YAMBUKWF,7.10
D,DISPATCH,UNIT_SCADA,1,"2022/10/20 14:30:00",YSWF1,2.70
D,DISPATCH,UNIT_SCADA,1,"2022/10/20 14:30:00",ADPBA1G,0.0080
D,DISPATCH,UNIT_SCADA,1,"2022/10/20 14:30:00",ADPBA1L,0
D,DISPATCH,UNIT_SCADA,1,"2022/10/20 14:30:00",ADPPV1,8.7780
D,DISPATCH,UNIT_SCADA,1,"2022/10/20 14:30:00",AGLHAL,0
D,DISPATCH,UNIT_SCADA,1,"2022/10/20 14:30:00",AGLSOM,0
D,DISPATCH,UNIT_SCADA,1,"2022/10/20 14:30:00",ANGAST1,0
D,DISPATCH,UNIT_SCADA,1,"2022/10/20 14:30:00",ARWF1,4.60
D,DISPATCH,UNIT_SCADA,1,"2022/10/20 14:30:00",BALBG1,0
D,DISPATCH,UNIT_SCADA,1,"2022/10/20 14:30:00",BALBL1,0
D,DISPATCH,UNIT_SCADA,1,"2022/10/20 14:30:00",BALDHWF1,74.6790
D,DISPATCH,UNIT_SCADA,1,"2022/10/20 14:30:00",BANGOWF1,24.397340
D,DISPATCH,UNIT_SCADA,1,"2022/10/20 14:30:00",BANGOWF2,0
D,DISPATCH,UNIT_SCADA,1,"2022/10/20 14:30:00",BANN1,35.82
D,DISPATCH,UNIT_SCADA,1,"2022/10/20 14:30:00",BARCALDN,0
D,DISPATCH,UNIT_SCADA,1,"2022/10/20 14:30:00",BARKIPS1,0
D,DISPATCH,UNIT_SCADA,1,"2022/10/20 14:30:00",BARRON-1,5.44
D,DISPATCH,UNIT_SCADA,1,"2022/10/20 14:30:00",BARRON-2,0
D,DISPATCH,UNIT_SCADA,1,"2022/10/20 14:30:00",BASTYAN,50.61
D,DISPATCH,UNIT_SCADA,1,"2022/10/20 14:30:00",BBTHREE1,0
D,DISPATCH,UNIT_SCADA,1,"2022/10/20 14:30:00",BBTHREE2,21.29
D,DISPATCH,UNIT_SCADA,1,"2022/10/20 14:30:00",BBTHREE3,-1.09
D,DISPATCH,UNIT_SCADA,1,"2022/10/20 14:30:00",BDL01,0
D,DISPATCH,UNIT_SCADA,1,"2022/10/20 14:30:00",BDL02,0
D,DISPATCH,UNIT_SCADA,1,"2022/10/20 14:30:00",BERYLSF1,0
D,DISPATCH,UNIT_SCADA,1,"2022/10/20 14:30:00",BLOWERNG,62.40
D,DISPATCH,UNIT_SCADA,1,"2022/10/20 14:30:00",BLUEGSF1,35.4304
D,DISPATCH,UNIT_SCADA,1,"2022/10/20 14:30:00",BLUFF1,0
D,DISPATCH,UNIT_SCADA,1,"2022/10/20 14:30:00",BNGSF1,21.37
D,DISPATCH,UNIT_SCADA,1,"2022/10/20 14:30:00",BNGSF2,18.33
D,DISPATCH,UNIT_SCADA,1,"2022/10/20 14:30:00",BOCORWF1,41.06
D,DISPATCH,UNIT_SCADA,1,"2022/10/20 14:30:00",BODWF1,64.381550
D,DISPATCH,UNIT_SCADA,1,"2022/10/20 14:30:00",BOMENSF1,65.829250
D,DISPATCH,UNIT_SCADA,1,"2022/10/20 14:30:00",BOWWBA1G,0
D,DISPATCH,UNIT_SCADA,1,"2022/10/20 14:30:00",BOWWBA1L,0.0010
D,DISPATCH,UNIT_SCADA,1,"2022/10/20 14:30:00",BOWWPV1,0
D,DISPATCH,UNIT_SCADA,1,"2022/10/20 14:30:00",BRAEMAR1,0
D,DISPATCH,UNIT_SCADA,1,"2022/10/20 14:30:00",BRAEMAR2,0
D,DISPATCH,UNIT_SCADA,1,"2022/10/20 14:30:00",BRAEMAR3,0
D,DISPATCH,UNIT_SCADA,1,"2022/10/20 14:30:00",BRAEMAR5,0.292060
D,DISPATCH,UNIT_SCADA,1,"2022/10/20 14:30:00",BRAEMAR6,0
D,DISPATCH,UNIT_SCADA,1,"2022/10/20 14:30:00",BRAEMAR7,0.130920
D,DISPATCH,UNIT_SCADA,1,"2022/10/20 14:30:00",BROKENH1,20.799680
D,DISPATCH,UNIT_SCADA,1,"2022/10/20 14:30:00",BRYB1WF1,89.842070
D,DISPATCH,UNIT_SCADA,1,"2022/10/20 14:30:00",BULBESG1,0
D,DISPATCH,UNIT_SCADA,1,"2022/10/20 14:30:00",BULBESL1,2.30
D,DISPATCH,UNIT_SCADA,1,"2022/10/20 14:30:00",BULGANA1,6.48
D,DISPATCH,UNIT_SCADA,1,"2022/10/20 14:30:00",BW01,657.883540
D,DISPATCH,UNIT_SCADA,1,"2022/10/20 14:30:00",BW02,618.063660
D,DISPATCH,UNIT_SCADA,1,"2022/10/20 14:30:00",BW03,549.629940
D,DISPATCH,UNIT_SCADA,1,"2022/10/20 14:30:00",BW04,0
D,DISPATCH,UNIT_SCADA,1,"2022/10/20 14:30:00",CALL_B_1,319.200010
D,DISPATCH,UNIT_SCADA,1,"2022/10/20 14:30:00",CALL_B_2,319.100010
D,DISPATCH,UNIT_SCADA,1,"2022/10/20 14:30:00",CATHROCK,10
D,DISPATCH,UNIT_SCADA,1,"2022/10/20 14:30:00",CBWWBA1G,0
D,DISPATCH,UNIT_SCADA,1,"2022/10/20 14:30:00",CBWWBA1L,0
D,DISPATCH,UNIT_SCADA,1,"2022/10/20 14:30:00",CETHANA,73.7555
D,DISPATCH,UNIT_SCADA,1,"2022/10/20 14:30:00",CG1,0
D,DISPATCH,UNIT_SCADA,1,"2022/10/20 14:30:00",CG2,0
D,DISPATCH,UNIT_SCADA,1,"2022/10/20 14:30:00",CG3,0
D,DISPATCH,UNIT_SCADA,1,"2022/10/20 14:30:00",CG4,0
D,DISPATCH,UNIT_SCADA,1,"2022/10/20 14:30:00",CHILDSF1,11.36
D,DISPATCH,UNIT_SCADA,1,"2022/10/20 14:30:00",CHYTWF1,6.67
D,DISPATCH,UNIT_SCADA,1,"2022/10/20 14:30:00",CLARESF1,97.189890
D,DISPATCH,UNIT_SCADA,1,"2022/10/20 14:30:00",CLEMGPWF,5.042450
D,DISPATCH,UNIT_SCADA,1,"2022/10/20 14:30:00",CLERMSF1,29.27
D,DISPATCH,UNIT_SCADA,1,"2022/10/20 14:30:00",CNUNDAWF,9.5111
D,DISPATCH,UNIT_SCADA,1,"2022/10/20 14:30:00",COHUNSF1,8.59
D,DISPATCH,UNIT_SCADA,1,"2022/10/20 14:30:00",COLEASF1,24.798580
D,DISPATCH,UNIT_SCADA,1,"2022/10/20 14:30:00",COLUMSF1,20.90
D,DISPATCH,UNIT_SCADA,1,"2022/10/20 14:30:00",COLWF01,98.5443
D,DISPATCH,UNIT_SCADA,1,"2022/10/20 14:30:00",COOPGWF1,89.22
D,DISPATCH,UNIT_SCADA,1,"2022/10/20 14:30:00",CPP_3,378.1250
D,DISPATCH,UNIT_SCADA,1,"2022/10/20 14:30:00",CPP_4,0
D,DISPATCH,UNIT_SCADA,1,"2022/10/20 14:30:00",CPSA,0
D,DISPATCH,UNIT_SCADA,1,"2022/10/20 14:30:00",CROOKWF2,38.543680
D,DISPATCH,UNIT_SCADA,1,"2022/10/20 14:30:00",CROWLWF1,9.276930
D,DISPATCH,UNIT_SCADA,1,"2022/10/20 14:30:00",CRURWF1,29.398260
D,DISPATCH,UNIT_SCADA,1,"2022/10/20 14:30:00",CRWASF1,11.039230
D,DISPATCH,UNIT_SCADA,1,"2022/10/20 14:30:00",CSPVPS1,15.1840
D,DISPATCH,UNIT_SCADA,1,"2022/10/20 14:30:00",CTHLWF1,0.003050
D,DISPATCH,UNIT_SCADA,1,"2022/10/20 14:30:00",DALNTH01,0
D,DISPATCH,UNIT_SCADA,1,"2022/10/20 14:30:00",DALNTHL1,0.230410
D,DISPATCH,UNIT_SCADA,1,"2022/10/20 14:30:00",DARLSF1,89.003250
D,DISPATCH,UNIT_SCADA,1,"2022/10/20 14:30:00",DARTM1,0
D,DISPATCH,UNIT_SCADA,1,"2022/10/20 14:30:00",DAYDSF1,24.7230
D,DISPATCH,UNIT_SCADA,1,"2022/10/20 14:30:00",DDPS1,0
D,DISPATCH,UNIT_SCADA,1,"2022/10/20 14:30:00",DDSF1,61.095940
D,DISPATCH,UNIT_SCADA,1,"2022/10/20 14:30:00",DEVILS_G,61.911070
D,DISPATCH,UNIT_SCADA,1,"2022/10/20 14:30:00",DG_NSW1,0
D,DISPATCH,UNIT_SCADA,1,"2022/10/20 14:30:00",DG_QLD1,0
D,DISPATCH,UNIT_SCADA,1,"2022/10/20 14:30:00",DG_SA1,0
D,DISPATCH,UNIT_SCADA,1,"2022/10/20 14:30:00",DG_TAS1,0
D,DISPATCH,UNIT_SCADA,1,"2022/10/20 14:30:00",DG_VIC1,0
D,DISPATCH,UNIT_SCADA,1,"2022/10/20 14:30:00",DRYCGT1,0
D,DISPATCH,UNIT_SCADA,1,"2022/10/20 14:30:00",DRYCGT2,0
D,DISPATCH,UNIT_SCADA,1,"2022/10/20 14:30:00",DRYCGT3,0
D,DISPATCH,UNIT_SCADA,1,"2022/10/20 14:30:00",DUNDWF1,59.09
D,DISPATCH,UNIT_SCADA,1,"2022/10/20 14:30:00",DUNDWF2,15.62
D,DISPATCH,UNIT_SCADA,1,"2022/10/20 14:30:00",DUNDWF3,49.06
D,DISPATCH,UNIT_SCADA,1,"2022/10/20 14:30:00",EILDON1,60.12
D,DISPATCH,UNIT_SCADA,1,"2022/10/20 14:30:00",EILDON2,60.08
D,DISPATCH,UNIT_SCADA,1,"2022/10/20 14:30:00",ELAINWF1,20.23
D,DISPATCH,UNIT_SCADA,1,"2022/10/20 14:30:00",EMERASF1,0
D,DISPATCH,UNIT_SCADA,1,"2022/10/20 14:30:00",ER01,0
D,DISPATCH,UNIT_SCADA,1,"2022/10/20 14:30:00",ER02,510.908660
D,DISPATCH,UNIT_SCADA,1,"2022/10/20 14:30:00",ER03,510.469210
D,DISPATCH,UNIT_SCADA,1,"2022/10/20 14:30:00",ER04,510.8110
D,DISPATCH,UNIT_SCADA,1,"2022/10/20 14:30:00",FINLYSF1,111.7113
D,DISPATCH,UNIT_SCADA,1,"2022/10/20 14:30:00",FISHER,43.93
D,DISPATCH,UNIT_SCADA,1,"2022/10/20 14:30:00",GANGARR1,12.5540
D,DISPATCH,UNIT_SCADA,1,"2022/10/20 14:30:00",GANNBG1,0
D,DISPATCH,UNIT_SCADA,1,"2022/10/20 14:30:00",GANNBL1,4.951970
D,DISPATCH,UNIT_SCADA,1,"2022/10/20 14:30:00",GANNSF1,37.30
D,DISPATCH,UNIT_SCADA,1,"2022/10/20 14:30:00",GLRWNSF1,84.28
D,DISPATCH,UNIT_SCADA,1,"2022/10/20 14:30:00",GNNDHSF1,90.414510
D,DISPATCH,UNIT_SCADA,1,"2022/10/20 14:30:00",GOONSF1,52.509350
D,DISPATCH,UNIT_SCADA,1,"2022/10/20 14:30:00",GORDON,193.493560
D,DISPATCH,UNIT_SCADA,1,"2022/10/20 14:30:00",GRANWF1,0
D,DISPATCH,UNIT_SCADA,1,"2022/10/20 14:30:00",GSTONE1,200.55
D,DISPATCH,UNIT_SCADA,1,"2022/10/20 14:30:00",GSTONE2,0
D,DISPATCH,UNIT_SCADA,1,"2022/10/20 14:30:00",GSTONE3,199.849990
D,DISPATCH,UNIT_SCADA,1,"2022/10/20 14:30:00",GSTONE4,0
D,DISPATCH,UNIT_SCADA,1,"2022/10/20 14:30:00",GSTONE5,186.024990
D,DISPATCH,UNIT_SCADA,1,"2022/10/20 14:30:00",GSTONE6,200.55
D,DISPATCH,UNIT_SCADA,1,"2022/10/20 14:30:00",GULLRSF1,1.154980
D,DISPATCH,UNIT_SCADA,1,"2022/10/20 14:30:00",GULLRWF1,60.614080
D,DISPATCH,UNIT_SCADA,1,"2022/10/20 14:30:00",GULLRWF2,60.392520
D,DISPATCH,UNIT_SCADA,1,"2022/10/20 14:30:00",GUNNING1,0
D,DISPATCH,UNIT_SCADA,1,"2022/10/20 14:30:00",GUTHEGA,61.20
D,DISPATCH,UNIT_SCADA,1,"2022/10/20 14:30:00",HALLWF1,0
D,DISPATCH,UNIT_SCADA,1,"2022/10/20 14:30:00",HALLWF2,0
D,DISPATCH,UNIT_SCADA,1,"2022/10/20 14:30:00",HAMISF1,8.40
D,DISPATCH,UNIT_SCADA,1,"2022/10/20 14:30:00",HAUGHT11,89.423870
D,DISPATCH,UNIT_SCADA,1,"2022/10/20 14:30:00",HAYMSF1,7.3540
D,DISPATCH,UNIT_SCADA,1,"2022/10/20 14:30:00",HDWF1,3.40
D,DISPATCH,UNIT_SCADA,1,"2022/10/20 14:30:00",HDWF2,4.20
D,DISPATCH,UNIT_SCADA,1,"2022/10/20 14:30:00",HDWF3,3.70
D,DISPATCH,UNIT_SCADA,1,"2022/10/20 14:30:00",HILLSTN1,49.442820
D,DISPATCH,UNIT_SCADA,1,"2022/10/20 14:30:00",HPRG1,0
D,DISPATCH,UNIT_SCADA,1,"2022/10/20 14:30:00",HPRL1,4.40
D,DISPATCH,UNIT_SCADA,1,"2022/10/20 14:30:00",HUMENSW,54.988950
D,DISPATCH,UNIT_SCADA,1,"2022/10/20 14:30:00",HUMEV,0
D,DISPATCH,UNIT_SCADA,1,"2022/10/20 14:30:00",HVWWBA1G,0
D,DISPATCH,UNIT_SCADA,1,"2022/10/20 14:30:00",HVWWBA1L,0.0070
D,DISPATCH,UNIT_SCADA,1,"2022/10/20 14:30:00",HVWWPV1,4.7620
D,DISPATCH,UNIT_SCADA,1,"2022/10/20 14:30:00",JBUTTERS,0
D,DISPATCH,UNIT_SCADA,1,"2022/10/20 14:30:00",JEMALNG1,14.52
D,DISPATCH,UNIT_SCADA,1,"2022/10/20 14:30:00",JLA01,0
D,DISPATCH,UNIT_SCADA,1,"2022/10/20 14:30:00",JLA02,0
D,DISPATCH,UNIT_SCADA,1,"2022/10/20 14:30:00",JLA03,0
D,DISPATCH,UNIT_SCADA,1,"2022/10/20 14:30:00",JLA04,0
D,DISPATCH,UNIT_SCADA,1,"2022/10/20 14:30:00",JLB01,0
D,DISPATCH,UNIT_SCADA,1,"2022/10/20 14:30:00",JLB02,0.10
D,DISPATCH,UNIT_SCADA,1,"2022/10/20 14:30:00",JLB03,0
D,DISPATCH,UNIT_SCADA,1,"2022/10/20 14:30:00",JUNEESF1,10.523140
D,DISPATCH,UNIT_SCADA,1,"2022/10/20 14:30:00",KABANWF1,2.2340
D,DISPATCH,UNIT_SCADA,1,"2022/10/20 14:30:00",KAREEYA1,0
D,DISPATCH,UNIT_SCADA,1,"2022/10/20 14:30:00",KAREEYA2,0
D,DISPATCH,UNIT_SCADA,1,"2022/10/20 14:30:00",KAREEYA3,4.6925
D,DISPATCH,UNIT_SCADA,1,"2022/10/20 14:30:00",KAREEYA4,0
D,DISPATCH,UNIT_SCADA,1,"2022/10/20 14:30:00",KARSF1,23
D,DISPATCH,UNIT_SCADA,1,"2022/10/20 14:30:00",KEPSF1,11.47
D,DISPATCH,UNIT_SCADA,1,"2022/10/20 14:30:00",KEPWF1,7.84
D,DISPATCH,UNIT_SCADA,1,"2022/10/20 14:30:00",KIAMSF1,23.937590
D,DISPATCH,UNIT_SCADA,1,"2022/10/20 14:30:00",KIATAWF1,21.20
D,DISPATCH,UNIT_SCADA,1,"2022/10/20 14:30:00",KPP_1,0
D,DISPATCH,UNIT_SCADA,1,"2022/10/20 14:30:00",KSP1,17.35
D,DISPATCH,UNIT_SCADA,1,"2022/10/20 14:30:00",LADBROK1,0.01
D,DISPATCH,UNIT_SCADA,1,"2022/10/20 14:30:00",LADBROK2,0.02
D,DISPATCH,UNIT_SCADA,1,"2022/10/20 14:30:00",LBBG1,0
D,DISPATCH,UNIT_SCADA,1,"2022/10/20 14:30:00",LBBL1,0.30
D,DISPATCH,UNIT_SCADA,1,"2022/10/20 14:30:00",LD01,270.107120
D,DISPATCH,UNIT_SCADA,1,"2022/10/20 14:30:00",LD02,10.840170
D,DISPATCH,UNIT_SCADA,1,"2022/10/20 14:30:00",LD04,273.641170
D,DISPATCH,UNIT_SCADA,1,"2022/10/20 14:30:00",LEM_WIL,78.781190
D,DISPATCH,UNIT_SCADA,1,"2022/10/20 14:30:00",LGAPWF1,51.77
D,DISPATCH,UNIT_SCADA,1,"2022/10/20 14:30:00",LGAPWF2,29.90
D,DISPATCH,UNIT_SCADA,1,"2022/10/20 14:30:00",LILYSF1,64.749570
D,DISPATCH,UNIT_SCADA,1,"2022/10/20 14:30:00",LIMOSF11,68.6688
D,DISPATCH,UNIT_SCADA,1,"2022/10/20 14:30:00",LIMOSF21,17.582760
D,DISPATCH,UNIT_SCADA,1,"2022/10/20 14:30:00",LI_WY_CA,61.598660
D,DISPATCH,UNIT_SCADA,1,"2022/10/20 14:30:00",LKBONNY1,0
D,DISPATCH,UNIT_SCADA,1,"2022/10/20 14:30:00",LKBONNY2,14.255960
D,DISPATCH,UNIT_SCADA,1,"2022/10/20 14:30:00",LKBONNY3,1.451370
D,DISPATCH,UNIT_SCADA,1,"2022/10/20 14:30:00",LK_ECHO,0
D,DISPATCH,UNIT_SCADA,1,"2022/10/20 14:30:00",LNGS1,0
D,DISPATCH,UNIT_SCADA,1,"2022/10/20 14:30:00",LNGS2,0
D,DISPATCH,UNIT_SCADA,1,"2022/10/20 14:30:00",LONSDALE,0
D,DISPATCH,UNIT_SCADA,1,"2022/10/20 14:30:00",LOYYB1,439.469640
D,DISPATCH,UNIT_SCADA,1,"2022/10/20 14:30:00",LOYYB2,438.341770
D,DISPATCH,UNIT_SCADA,1,"2022/10/20 14:30:00",LYA1,437
D,DISPATCH,UNIT_SCADA,1,"2022/10/20 14:30:00",LYA2,0
D,DISPATCH,UNIT_SCADA,1,"2022/10/20 14:30:00",LYA3,451
D,DISPATCH,UNIT_SCADA,1,"2022/10/20 14:30:00",LYA4,448
D,DISPATCH,UNIT_SCADA,1,"2022/10/20 14:30:00",MACARTH1,51.298820
D,DISPATCH,UNIT_SCADA,1,"2022/10/20 14:30:00",MACKNTSH,0
D,DISPATCH,UNIT_SCADA,1,"2022/10/20 14:30:00",MANSLR1,46.59
D,DISPATCH,UNIT_SCADA,1,"2022/10/20 14:30:00",MAPS2PV1,0
D,DISPATCH,UNIT_SCADA,1,"2022/10/20 14:30:00",MAPS3PV1,0
D,DISPATCH,UNIT_SCADA,1,"2022/10/20 14:30:00",MARYRSF1,9.41
D,DISPATCH,UNIT_SCADA,1,"2022/10/20 14:30:00",MBPS2PV1,0
D,DISPATCH,UNIT_SCADA,1,"2022/10/20 14:30:00",MCKAY1,0.02
D,DISPATCH,UNIT_SCADA,1,"2022/10/20 14:30:00",MEADOWBK,5.830320
D,DISPATCH,UNIT_SCADA,1,"2022/10/20 14:30:00",MERCER01,26.70
D,DISPATCH,UNIT_SCADA,1,"2022/10/20 14:30:00",METZSF1,36.616270
D,DISPATCH,UNIT_SCADA,1,"2022/10/20 14:30:00",MEWF1,1
D,DISPATCH,UNIT_SCADA,1,"2022/10/20 14:30:00",MIDDLSF1,24.26
D,DISPATCH,UNIT_SCADA,1,"2022/10/20 14:30:00",MINTARO,0.128180
D,DISPATCH,UNIT_SCADA,1,"2022/10/20 14:30:00",MOLNGSF1,8.831920
D,DISPATCH,UNIT_SCADA,1,"2022/10/20 14:30:00",MOORAWF1,35.97
D,DISPATCH,UNIT_SCADA,1,"2022/10/20 14:30:00",MOREESF1,32.1020
D,DISPATCH,UNIT_SCADA,1,"2022/10/20 14:30:00",MORTLK11,0
D,DISPATCH,UNIT_SCADA,1,"2022/10/20 14:30:00",MORTLK12,0
D,DISPATCH,UNIT_SCADA,1,"2022/10/20 14:30:00",MOUSF1,0
D,DISPATCH,UNIT_SCADA,1,"2022/10/20 14:30:00",MP1,0
D,DISPATCH,UNIT_SCADA,1,"2022/10/20 14:30:00",MP2,350.945280
D,DISPATCH,UNIT_SCADA,1,"2022/10/20 14:30:00",MPP_1,169.027270
D,DISPATCH,UNIT_SCADA,1,"2022/10/20 14:30:00",MPP_2,180.944780
D,DISPATCH,UNIT_SCADA,1,"2022/10/20 14:30:00",MRTLSWF1,0
D,DISPATCH,UNIT_SCADA,1,"2022/10/20 14:30:00",MSTUART1,0
D,DISPATCH,UNIT_SCADA,1,"2022/10/20 14:30:00",MSTUART2,0
D,DISPATCH,UNIT_SCADA,1,"2022/10/20 14:30:00",MSTUART3,0
D,DISPATCH,UNIT_SCADA,1,"2022/10/20 14:30:00",MTGELWF1,36.967070
D,DISPATCH,UNIT_SCADA,1,"2022/10/20 14:30:00",MTMILLAR,12
D,DISPATCH,UNIT_SCADA,1,"2022/10/20 14:30:00",MURRAY,0
D,DISPATCH,UNIT_SCADA,1,"2022/10/20 14:30:00",MUSSELR1,0
D,DISPATCH,UNIT_SCADA,1,"2022/10/20 14:30:00",MUWAWF1,30.30
D,DISPATCH,UNIT_SCADA,1,"2022/10/20 14:30:00",MUWAWF2,20.20
D,DISPATCH,UNIT_SCADA,1,"2022/10/20 14:30:00",MWPS1PV1,4.57
D,DISPATCH,UNIT_SCADA,1,"2022/10/20 14:30:00",MWPS2PV1,2.74
D,DISPATCH,UNIT_SCADA,1,"2022/10/20 14:30:00",MWPS3PV1,0.67
D,DISPATCH,UNIT_SCADA,1,"2022/10/20 14:30:00",MWPS4PV1,1.52
D,DISPATCH,UNIT_SCADA,1,"2022/10/20 14:30:00",NBHWF1,0
D,DISPATCH,UNIT_SCADA,1,"2022/10/20 14:30:00",NEVERSF1,4.45
D,DISPATCH,UNIT_SCADA,1,"2022/10/20 14:30:00",NPS,0
D,DISPATCH,UNIT_SCADA,1,"2022/10/20 14:30:00",NUMURSF1,77.31
D,DISPATCH,UNIT_SCADA,1,"2022/10/20 14:30:00",NYNGAN1,0
D,DISPATCH,UNIT_SCADA,1,"2022/10/20 14:30:00",OAKEY1,0
D,DISPATCH,UNIT_SCADA,1,"2022/10/20 14:30:00",OAKEY1SF,5.1010
D,DISPATCH,UNIT_SCADA,1,"2022/10/20 14:30:00",OAKEY2,0
D,DISPATCH,UNIT_SCADA,1,"2022/10/20 14:30:00",OAKEY2SF,8.21
D,DISPATCH,UNIT_SCADA,1,"2022/10/20 14:30:00",OAKLAND1,12.20
D,DISPATCH,UNIT_SCADA,1,"2022/10/20 14:30:00",OSB-AG,0
D,DISPATCH,UNIT_SCADA,1,"2022/10/20 14:30:00",PAREPS1,0
D,DISPATCH,UNIT_SCADA,1,"2022/10/20 14:30:00",PAREPW1,61.58
D,DISPATCH,UNIT_SCADA,1,"2022/10/20 14:30:00",PARSF1,32.500190
D,DISPATCH,UNIT_SCADA,1,"2022/10/20 14:30:00",POAT110,0
D,DISPATCH,UNIT_SCADA,1,"2022/10/20 14:30:00",POAT220,0
D,DISPATCH,UNIT_SCADA,1,"2022/10/20 14:30:00",POR01,0.008670
D,DISPATCH,UNIT_SCADA,1,"2022/10/20 14:30:00",POR03,0
D,DISPATCH,UNIT_SCADA,1,"2022/10/20 14:30:00",PPCCGT,65.504380
D,DISPATCH,UNIT_SCADA,1,"2022/10/20 14:30:00",PTSTAN1,0
D,DISPATCH,UNIT_SCADA,1,"2022/10/20 14:30:00",PUMP1,0
D,DISPATCH,UNIT_SCADA,1,"2022/10/20 14:30:00",PUMP2,0
D,DISPATCH,UNIT_SCADA,1,"2022/10/20 14:30:00",QBYNBG1,0
D,DISPATCH,UNIT_SCADA,1,"2022/10/20 14:30:00",QBYNBL1,1.286480
D,DISPATCH,UNIT_SCADA,1,"2022/10/20 14:30:00",QPS1,0
D,DISPATCH,UNIT_SCADA,1,"2022/10/20 14:30:00",QPS2,0
D,DISPATCH,UNIT_SCADA,1,"2022/10/20 14:30:00",QPS3,0
D,DISPATCH,UNIT_SCADA,1,"2022/10/20 14:30:00",QPS4,0
D,DISPATCH,UNIT_SCADA,1,"2022/10/20 14:30:00",QPS5,72.67
D,DISPATCH,UNIT_SCADA,1,"2022/10/20 14:30:00",REECE1,0
D,DISPATCH,UNIT_SCADA,1,"2022/10/20 14:30:00",REECE2,0
D,DISPATCH,UNIT_SCADA,1,"2022/10/20 14:30:00",ROMA_7,0
D,DISPATCH,UNIT_SCADA,1,"2022/10/20 14:30:00",ROMA_8,0
D,DISPATCH,UNIT_SCADA,1,"2022/10/20 14:30:00",RRSF1,46.338140
D,DISPATCH,UNIT_SCADA,1,"2022/10/20 14:30:00",RT_NSW1,0
D,DISPATCH,UNIT_SCADA,1,"2022/10/20 14:30:00",RT_NSW2,0
D,DISPATCH,UNIT_SCADA,1,"2022/10/20 14:30:00",RT_NSW3,0
D,DISPATCH,UNIT_SCADA,1,"2022/10/20 14:30:00",RT_NSW4,0
D,DISPATCH,UNIT_SCADA,1,"2022/10/20 14:30:00",RT_NSW5,0
D,DISPATCH,UNIT_SCADA,1,"2022/10/20 14:30:00",RT_NSW6,0
D,DISPATCH,UNIT_SCADA,1,"2022/10/20 14:30:00",RT_QLD1,0
D,DISPATCH,UNIT_SCADA,1,"2022/10/20 14:30:00",RT_SA1,0
D,DISPATCH,UNIT_SCADA,1,"2022/10/20 14:30:00",RT_SA2,0
D,DISPATCH,UNIT_SCADA,1,"2022/10/20 14:30:00",RT_SA3,0
D,DISPATCH,UNIT_SCADA,1,"2022/10/20 14:30:00",RT_SA4,0
D,DISPATCH,UNIT_SCADA,1,"2022/10/20 14:30:00",RT_SA5,0
D,DISPATCH,UNIT_SCADA,1,"2022/10/20 14:30:00",RT_SA6,0
D,DISPATCH,UNIT_SCADA,1,"2022/10/20 14:30:00",RT_TAS1,0
D,DISPATCH,UNIT_SCADA,1,"2022/10/20 14:30:00",RT_VIC1,0
D,DISPATCH,UNIT_SCADA,1,"2022/10/20 14:30:00",RT_VIC10,0
D,DISPATCH,UNIT_SCADA,1,"2022/10/20 14:30:00",RT_VIC11,0
D,DISPATCH,UNIT_SCADA,1,"2022/10/20 14:30:00",RT_VIC12,0
D,DISPATCH,UNIT_SCADA,1,"2022/10/20 14:30:00",RT_VIC2,0
D,DISPATCH,UNIT_SCADA,1,"2022/10/20 14:30:00",RT_VIC3,0
D,DISPATCH,UNIT_SCADA,1,"2022/10/20 14:30:00",RT_VIC4,0
D,DISPATCH,UNIT_SCADA,1,"2022/10/20 14:30:00",RT_VIC5,0
D,DISPATCH,UNIT_SCADA,1,"2022/10/20 14:30:00",RT_VIC6,0
D,DISPATCH,UNIT_SCADA,1,"2022/10/20 14:30:00",RT_VIC7,0
D,DISPATCH,UNIT_SCADA,1,"2022/10/20 14:30:00",RT_VIC8,0
D,DISPATCH,UNIT_SCADA,1,"2022/10/20 14:30:00",RT_VIC9,0
D,DISPATCH,UNIT_SCADA,1,"2022/10/20 14:30:00",RUGBYR1,0.036630
D,DISPATCH,UNIT_SCADA,1,"2022/10/20 14:30:00",SALTCRK1,16.70
D,DISPATCH,UNIT_SCADA,1,"2022/10/20 14:30:00",SAPHWF1,15.870910
D,DISPATCH,UNIT_SCADA,1,"2022/10/20 14:30:00",SEBSF1,0.298320
D,DISPATCH,UNIT_SCADA,1,"2022/10/20 14:30:00",SHGEN,0
D,DISPATCH,UNIT_SCADA,1,"2022/10/20 14:30:00",SHPUMP,0
D,DISPATCH,UNIT_SCADA,1,"2022/10/20 14:30:00",SITHE01,0.005650
D,DISPATCH,UNIT_SCADA,1,"2022/10/20 14:30:00",SMCSF1,108.2190
D,DISPATCH,UNIT_SCADA,1,"2022/10/20 14:30:00",SNAPPER1,0
D,DISPATCH,UNIT_SCADA,1,"2022/10/20 14:30:00",SNOWNTH1,27.20
D,DISPATCH,UNIT_SCADA,1,"2022/10/20 14:30:00",SNOWSTH1,14.80
D,DISPATCH,UNIT_SCADA,1,"2022/10/20 14:30:00",SNOWTWN1,17.304760
D,DISPATCH,UNIT_SCADA,1,"2022/10/20 14:30:00",SNOWYP,0
D,DISPATCH,UNIT_SCADA,1,"2022/10/20 14:30:00",SNUG1,0
D,DISPATCH,UNIT_SCADA,1,"2022/10/20 14:30:00",SRSF1,8.97
D,DISPATCH,UNIT_SCADA,1,"2022/10/20 14:30:00",STAN-1,338.723180
D,DISPATCH,UNIT_SCADA,1,"2022/10/20 14:30:00",STAN-2,362.6412
D,DISPATCH,UNIT_SCADA,1,"2022/10/20 14:30:00",STAN-3,157.928120
D,DISPATCH,UNIT_SCADA,1,"2022/10/20 14:30:00",STAN-4,364.4357
D,DISPATCH,UNIT_SCADA,1,"2022/10/20 14:30:00",STARHLWF,17.095010
D,DISPATCH,UNIT_SCADA,1,"2022/10/20 14:30:00",STOCKYD1,147.350010
D,DISPATCH,UNIT_SCADA,1,"2022/10/20 14:30:00",STWF1,0
D,DISPATCH,UNIT_SCADA,1,"2022/10/20 14:30:00",SUNRSF1,70.9865
D,DISPATCH,UNIT_SCADA,1,"2022/10/20 14:30:00",SUNTPSF1,21.546350
D,DISPATCH,UNIT_SCADA,1,"2022/10/20 14:30:00",SWAN_E,191.218750
D,DISPATCH,UNIT_SCADA,1,"2022/10/20 14:30:00",TALWA1,0
D,DISPATCH,UNIT_SCADA,1,"2022/10/20 14:30:00",TARALGA1,0
D,DISPATCH,UNIT_SCADA,1,"2022/10/20 14:30:00",TARONG#1,345.399990
D,DISPATCH,UNIT_SCADA,1,"2022/10/20 14:30:00",TARONG#2,344.700010
D,DISPATCH,UNIT_SCADA,1,"2022/10/20 14:30:00",TARONG#3,0.90
D,DISPATCH,UNIT_SCADA,1,"2022/10/20 14:30:00",TARONG#4,284.600010
D,DISPATCH,UNIT_SCADA,1,"2022/10/20 14:30:00",TARRALEA,54
D,DISPATCH,UNIT_SCADA,1,"2022/10/20 14:30:00",TBSF1,0.10
D,DISPATCH,UNIT_SCADA,1,"2022/10/20 14:30:00",TNPS1,319.3750
D,DISPATCH,UNIT_SCADA,1,"2022/10/20 14:30:00",TORRB1,0
D,DISPATCH,UNIT_SCADA,1,"2022/10/20 14:30:00",TORRB2,40
D,DISPATCH,UNIT_SCADA,1,"2022/10/20 14:30:00",TORRB3,0
D,DISPATCH,UNIT_SCADA,1,"2022/10/20 14:30:00",TORRB4,0
D,DISPATCH,UNIT_SCADA,1,"2022/10/20 14:30:00",TREVALLN,100.4846
D,DISPATCH,UNIT_SCADA,1,"2022/10/20 14:30:00",TRIBUTE,0
D,DISPATCH,UNIT_SCADA,1,"2022/10/20 14:30:00",TUMUT3,0
D,DISPATCH,UNIT_SCADA,1,"2022/10/20 14:30:00",TUNGATIN,5.360020
D,DISPATCH,UNIT_SCADA,1,"2022/10/20 14:30:00",TVCC201,0
D,DISPATCH,UNIT_SCADA,1,"2022/10/20 14:30:00",TVPP104,0
D,DISPATCH,UNIT_SCADA,1,"2022/10/20 14:30:00",UPPTUMUT,0
D,DISPATCH,UNIT_SCADA,1,"2022/10/20 14:30:00",URANQ11,0
D,DISPATCH,UNIT_SCADA,1,"2022/10/20 14:30:00",URANQ12,0
D,DISPATCH,UNIT_SCADA,1,"2022/10/20 14:30:00",URANQ13,0
D,DISPATCH,UNIT_SCADA,1,"2022/10/20 14:30:00",URANQ14,0
D,DISPATCH,UNIT_SCADA,1,"2022/10/20 14:30:00",VBBG1,0
D,DISPATCH,UNIT_SCADA,1,"2022/10/20 14:30:00",VBBL1,35.50
D,DISPATCH,UNIT_SCADA,1,"2022/10/20 14:30:00",VP5,505.581850
D,DISPATCH,UNIT_SCADA,1,"2022/10/20 14:30:00",VP6,512.808590
D,DISPATCH,UNIT_SCADA,1,"2022/10/20 14:30:00",VPGS1,0
D,DISPATCH,UNIT_SCADA,1,"2022/10/20 14:30:00",VPGS2,0
D,DISPATCH,UNIT_SCADA,1,"2022/10/20 14:30:00",VPGS3,0
D,DISPATCH,UNIT_SCADA,1,"2022/10/20 14:30:00",VPGS4,0
D,DISPATCH,UNIT_SCADA,1,"2022/10/20 14:30:00",VPGS5,0
D,DISPATCH,UNIT_SCADA,1,"2022/10/20 14:30:00",VPGS6,0
D,DISPATCH,UNIT_SCADA,1,"2022/10/20 14:30:00",W/HOE#1,0
D,DISPATCH,UNIT_SCADA,1,"2022/10/20 14:30:00",W/HOE#2,0
D,DISPATCH,UNIT_SCADA,1,"2022/10/20 14:30:00",WAGGNSF1,0
D,DISPATCH,UNIT_SCADA,1,"2022/10/20 14:30:00",WALGRVG1,0.0121
D,DISPATCH,UNIT_SCADA,1,"2022/10/20 14:30:00",WALGRVL1,0
D,DISPATCH,UNIT_SCADA,1,"2022/10/20 14:30:00",WANDBG1,0
D,DISPATCH,UNIT_SCADA,1,"2022/10/20 14:30:00",WANDBL1,1.0688
D,DISPATCH,UNIT_SCADA,1,"2022/10/20 14:30:00",WARWSF1,6.80
D,DISPATCH,UNIT_SCADA,1,"2022/10/20 14:30:00",WARWSF2,6.16
D,DISPATCH,UNIT_SCADA,1,"2022/10/20 14:30:00",WATERLWF,1.20
D,DISPATCH,UNIT_SCADA,1,"2022/10/20 14:30:00",WDGPH1,67.2840
D,DISPATCH,UNIT_SCADA,1,"2022/10/20 14:30:00",WELLSF1,24.844740
D,DISPATCH,UNIT_SCADA,1,"2022/10/20 14:30:00",WEMENSF1,26.90
D,DISPATCH,UNIT_SCADA,1,"2022/10/20 14:30:00",WGWF1,4.50
D,DISPATCH,UNIT_SCADA,1,"2022/10/20 14:30:00",WHITSF1,9.40
D,DISPATCH,UNIT_SCADA,1,"2022/10/20 14:30:00",WINTSF1,44.48
D,DISPATCH,UNIT_SCADA,1,"2022/10/20 14:30:00",WKIEWA1,31.90
D,DISPATCH,UNIT_SCADA,1,"2022/10/20 14:30:00",WKIEWA2,13.90
D,DISPATCH,UNIT_SCADA,1,"2022/10/20 14:30:00",WOODLWN1,22.592630
D,DISPATCH,UNIT_SCADA,1,"2022/10/20 14:30:00",WOOLGSF1,15.1040
D,DISPATCH,UNIT_SCADA,1,"2022/10/20 14:30:00",WPWF,38.43
D,DISPATCH,UNIT_SCADA,1,"2022/10/20 14:30:00",WRSF1,8.3694
D,DISPATCH,UNIT_SCADA,1,"2022/10/20 14:30:00",WRWF1,4.940260
D,DISPATCH,UNIT_SCADA,1,"2022/10/20 14:30:00",WSTWYSF1,1.117570
D,DISPATCH,UNIT_SCADA,1,"2022/10/20 14:30:00",YABULU,0
D,DISPATCH,UNIT_SCADA,1,"2022/10/20 14:30:00",YABULU2,0
D,DISPATCH,UNIT_SCADA,1,"2022/10/20 14:30:00",YARANSF1,28.16
D,DISPATCH,UNIT_SCADA,1,"2022/10/20 14:30:00",YARWUN_1,160.459990
D,DISPATCH,UNIT_SCADA,1,"2022/10/20 14:30:00",YATSF1,46.68
D,DISPATCH,UNIT_SCADA,1,"2022/10/20 14:30:00",YENDWF1,37.66
D,DISPATCH,UNIT_SCADA,1,"2022/10/20 14:30:00",YWPS1,295.486080
D,DISPATCH,UNIT_SCADA,1,"2022/10/20 14:30:00",YWPS2,275.686070
D,DISPATCH,UNIT_SCADA,1,"2022/10/20 14:30:00",YWPS3,288.536710
D,DISPATCH,UNIT_SCADA,1,"2022/10/20 14:30:00",YWPS4,0
C,"END OF REPORT",419
