C,NEMP.WORLD,DISPATCHSCADA,AEMO,PUBLIC,2022/10/20,09:30:10,0000000373244059,DISPATCHSCADA,0000000373244053
I,DISPATCH,UNIT_SCADA,1,SETTLEMENTDATE,DUID,SCADAVALUE
D,DISPATCH,UNIT_SCADA,1,"2022/10/20 09:35:00",BARCSF1,10.10
D,DISPATCH,UNIT_SCADA,1,"2022/10/20 09:35:00",BUTLERSG,8.699999
D,DISPATCH,UNIT_SCADA,1,"2022/10/20 09:35:00",CAPTL_WF,43.121750
D,DISPATCH,UNIT_SCADA,1,"2022/10/20 09:35:00",CHALLHWF,3.20
D,DISPATCH,UNIT_SCADA,1,"2022/10/20 09:35:00",CLOVER,10.07
D,DISPATCH,UNIT_SCADA,1,"2022/10/20 09:35:00",CLUNY,6.152895
D,DISPATCH,UNIT_SCADA,1,"2022/10/20 09:35:00",CULLRGWF,-0.06
D,DISPATCH,UNIT_SCADA,1,"2022/10/20 09:35:00",DIAPURWF1,5.10
D,DISPATCH,UNIT_SCADA,1,"2022/10/20 09:35:00",ERGT01,0
D,DISPATCH,UNIT_SCADA,1,"2022/10/20 09:35:00",GB01,0
D,DISPATCH,UNIT_SCADA,1,"2022/10/20 09:35:00",GERMCRK,19.799999
D,DISPATCH,UNIT_SCADA,1,"2022/10/20 09:35:00",GRIFSF1,4.399176
D,DISPATCH,UNIT_SCADA,1,"2022/10/20 09:35:00",HEZ1,0
D,DISPATCH,UNIT_SCADA,1,"2022/10/20 09:35:00",HUGSF1,14.066001
D,DISPATCH,UNIT_SCADA,1,"2022/10/20 09:35:00",KEPBG1,0.01
D,DISPATCH,UNIT_SCADA,1,"2022/10/20 09:35:00",LRSF1,7.960001
D,DISPATCH,UNIT_SCADA,1,"2022/10/20 09:35:00",MBAHNTH,45.224991
D,DISPATCH,UNIT_SCADA,1,"2022/10/20 09:35:00",MLSP1,10.212001
D,DISPATCH,UNIT_SCADA,1,"2022/10/20 09:35:00",MLWF1,6.1650
D,DISPATCH,UNIT_SCADA,1,"2022/10/20 09:35:00",PALOONA,30.139999
D,DISPATCH,UNIT_SCADA,1,"2022/10/20 09:35:00",PIONEER,43.600002
D,DISPATCH,UNIT_SCADA,1,"2022/10/20 09:35:00",PORTWF,65.099998
D,DISPATCH,UNIT_SCADA,1,"2022/10/20 09:35:00",REPULSE,9.505150
D,DISPATCH,UNIT_SCADA,1,"2022/10/20 09:35:00",ROWALLAN,8.8253
D,DISPATCH,UNIT_SCADA,1,"2022/10/20 09:35:00",ROYALLA1,14.627003
D,DISPATCH,UNIT_SCADA,1,"2022/10/20 09:35:00",RPCG,-1.80
D,DISPATCH,UNIT_SCADA,1,"2022/10/20 09:35:00",RUBICON,0
D,DISPATCH,UNIT_SCADA,1,"2022/10/20 09:35:00",WAUBRAWF,4.1860
D,DISPATCH,UNIT_SCADA,1,"2022/10/20 09:35:00",WOOLNTH1,-0.75
D,DISPATCH,UNIT_SCADA,1,"2022/10/20 09:35:00",YAMBUKWF,5.50
D,DISPATCH,UNIT_SCADA,1,"2022/10/20 09:35:00",YSWF1,0.20
D,DISPATCH,UNIT_SCADA,1,"2022/10/20 09:35:00",ADPBA1G,0.0080
D,DISPATCH,UNIT_SCADA,1,"2022/10/20 09:35:00",ADPBA1L,0
D,DISPATCH,UNIT_SCADA,1,"2022/10/20 09:35:00",ADPPV1,0.0550
D,DISPATCH,UNIT_SCADA,1,"2022/10/20 09:35:00",AGLHAL,0
D,DISPATCH,UNIT_SCADA,1,"2022/10/20 09:35:00",AGLSOM,0
D,DISPATCH,UNIT_SCADA,1,"2022/10/20 09:35:00",ANGAST1,0
D,DISPATCH,UNIT_SCADA,1,"2022/10/20 09:35:00",ARWF1,5.60
D,DISPATCH,UNIT_SCADA,1,"2022/10/20 09:35:00",BALBG1,0
D,DISPATCH,UNIT_SCADA,1,"2022/10/20 09:35:00",BALBL1,0
D,DISPATCH,UNIT_SCADA,1,"2022/10/20 09:35:00",BALDHWF1,3.4010
D,DISPATCH,UNIT_SCADA,1,"2022/10/20 09:35:00",BANGOWF1,34.3975
D,DISPATCH,UNIT_SCADA,1,"2022/10/20 09:35:00",BANGOWF2,38.898830
D,DISPATCH,UNIT_SCADA,1,"2022/10/20 09:35:00",BANN1,18.95
D,DISPATCH,UNIT_SCADA,1,"2022/10/20 09:35:00",BARCALDN,0
D,DISPATCH,UNIT_SCADA,1,"2022/10/20 09:35:00",BARKIPS1,0
D,DISPATCH,UNIT_SCADA,1,"2022/10/20 09:35:00",BARRON-1,0
D,DISPATCH,UNIT_SCADA,1,"2022/10/20 09:35:00",BARRON-2,0
D,DISPATCH,UNIT_SCADA,1,"2022/10/20 09:35:00",BASTYAN,51.13
D,DISPATCH,UNIT_SCADA,1,"2022/10/20 09:35:00",BBTHREE1,0
D,DISPATCH,UNIT_SCADA,1,"2022/10/20 09:35:00",BBTHREE2,0
D,DISPATCH,UNIT_SCADA,1,"2022/10/20 09:35:00",BBTHREE3,-1.05
D,DISPATCH,UNIT_SCADA,1,"2022/10/20 09:35:00",BDL01,0
D,DISPATCH,UNIT_SCADA,1,"2022/10/20 09:35:00",BDL02,0
D,DISPATCH,UNIT_SCADA,1,"2022/10/20 09:35:00",BERYLSF1,2.590020
D,DISPATCH,UNIT_SCADA,1,"2022/10/20 09:35:00",BLOWERNG,62.60
D,DISPATCH,UNIT_SCADA,1,"2022/10/20 09:35:00",BLUEGSF1,21.741570
D,DISPATCH,UNIT_SCADA,1,"2022/10/20 09:35:00",BLUFF1,48.90
D,DISPATCH,UNIT_SCADA,1,"2022/10/20 09:35:00",BNGSF1,109.939990
D,DISPATCH,UNIT_SCADA,1,"2022/10/20 09:35:00",BNGSF2,104.45
D,DISPATCH,UNIT_SCADA,1,"2022/10/20 09:35:00",BOCORWF1,0
D,DISPATCH,UNIT_SCADA,1,"2022/10/20 09:35:00",BODWF1,106.562280
D,DISPATCH,UNIT_SCADA,1,"2022/10/20 09:35:00",BOMENSF1,25.171890
D,DISPATCH,UNIT_SCADA,1,"2022/10/20 09:35:00",BOWWBA1G,0
D,DISPATCH,UNIT_SCADA,1,"2022/10/20 09:35:00",BOWWBA1L,0.0060
D,DISPATCH,UNIT_SCADA,1,"2022/10/20 09:35:00",BOWWPV1,0
D,DISPATCH,UNIT_SCADA,1,"2022/10/20 09:35:00",BRAEMAR1,0
D,DISPATCH,UNIT_SCADA,1,"2022/10/20 09:35:00",BRAEMAR2,0
D,DISPATCH,UNIT_SCADA,1,"2022/10/20 09:35:00",BRAEMAR3,0
D,DISPATCH,UNIT_SCADA,1,"2022/10/20 09:35:00",BRAEMAR5,0.292060
D,DISPATCH,UNIT_SCADA,1,"2022/10/20 09:35:00",BRAEMAR6,0
D,DISPATCH,UNIT_SCADA,1,"2022/10/20 09:35:00",BRAEMAR7,0.130920
D,DISPATCH,UNIT_SCADA,1,"2022/10/20 09:35:00",BROKENH1,16.199750
D,DISPATCH,UNIT_SCADA,1,"2022/10/20 09:35:00",BRYB1WF1,92.234680
D,DISPATCH,UNIT_SCADA,1,"2022/10/20 09:35:00",BULBESG1,0
D,DISPATCH,UNIT_SCADA,1,"2022/10/20 09:35:00",BULBESL1,1.99
D,DISPATCH,UNIT_SCADA,1,"2022/10/20 09:35:00",BULGANA1,19.46
D,DISPATCH,UNIT_SCADA,1,"2022/10/20 09:35:00",BW01,660.569150
D,DISPATCH,UNIT_SCADA,1,"2022/10/20 09:35:00",BW02,620.334170
D,DISPATCH,UNIT_SCADA,1,"2022/10/20 09:35:00",BW03,552.022580
D,DISPATCH,UNIT_SCADA,1,"2022/10/20 09:35:00",BW04,0
D,DISPATCH,UNIT_SCADA,1,"2022/10/20 09:35:00",CALL_B_1,320.300020
D,DISPATCH,UNIT_SCADA,1,"2022/10/20 09:35:00",CALL_B_2,320.200010
D,DISPATCH,UNIT_SCADA,1,"2022/10/20 09:35:00",CATHROCK,0
D,DISPATCH,UNIT_SCADA,1,"2022/10/20 09:35:00",CBWWBA1G,0
D,DISPATCH,UNIT_SCADA,1,"2022/10/20 09:35:00",CBWWBA1L,0
D,DISPATCH,UNIT_SCADA,1,"2022/10/20 09:35:00",CETHANA,97.166630
D,DISPATCH,UNIT_SCADA,1,"2022/10/20 09:35:00",CG1,0
D,DISPATCH,UNIT_SCADA,1,"2022/10/20 09:35:00",CG2,0
D,DISPATCH,UNIT_SCADA,1,"2022/10/20 09:35:00",CG3,0
D,DISPATCH,UNIT_SCADA,1,"2022/10/20 09:35:00",CG4,0
D,DISPATCH,UNIT_SCADA,1,"2022/10/20 09:35:00",CHILDSF1,9.30
D,DISPATCH,UNIT_SCADA,1,"2022/10/20 09:35:00",CHYTWF1,2.92
D,DISPATCH,UNIT_SCADA,1,"2022/10/20 09:35:00",CLARESF1,35.235840
D,DISPATCH,UNIT_SCADA,1,"2022/10/20 09:35:00",CLEMGPWF,13.542580
D,DISPATCH,UNIT_SCADA,1,"2022/10/20 09:35:00",CLERMSF1,25.10
D,DISPATCH,UNIT_SCADA,1,"2022/10/20 09:35:00",CNUNDAWF,0.200230
D,DISPATCH,UNIT_SCADA,1,"2022/10/20 09:35:00",COHUNSF1,5.35
D,DISPATCH,UNIT_SCADA,1,"2022/10/20 09:35:00",COLEASF1,25.100710
D,DISPATCH,UNIT_SCADA,1,"2022/10/20 09:35:00",COLUMSF1,38.6990
D,DISPATCH,UNIT_SCADA,1,"2022/10/20 09:35:00",COLWF01,85.023270
D,DISPATCH,UNIT_SCADA,1,"2022/10/20 09:35:00",COOPGWF1,193.62
D,DISPATCH,UNIT_SCADA,1,"2022/10/20 09:35:00",CPP_3,357.774990
D,DISPATCH,UNIT_SCADA,1,"2022/10/20 09:35:00",CPP_4,0
D,DISPATCH,UNIT_SCADA,1,"2022/10/20 09:35:00",CPSA,0
D,DISPATCH,UNIT_SCADA,1,"2022/10/20 09:35:00",CROOKWF2,33.314110
D,DISPATCH,UNIT_SCADA,1,"2022/10/20 09:35:00",CROWLWF1,24.270850
D,DISPATCH,UNIT_SCADA,1,"2022/10/20 09:35:00",CRURWF1,62.998170
D,DISPATCH,UNIT_SCADA,1,"2022/10/20 09:35:00",CRWASF1,30.247940
D,DISPATCH,UNIT_SCADA,1,"2022/10/20 09:35:00",CSPVPS1,5.4190
D,DISPATCH,UNIT_SCADA,1,"2022/10/20 09:35:00",CTHLWF1,0.003050
D,DISPATCH,UNIT_SCADA,1,"2022/10/20 09:35:00",DALNTH01,0
D,DISPATCH,UNIT_SCADA,1,"2022/10/20 09:35:00",DALNTHL1,0.996410
D,DISPATCH,UNIT_SCADA,1,"2022/10/20 09:35:00",DARLSF1,36.889910
D,DISPATCH,UNIT_SCADA,1,"2022/10/20 09:35:00",DARTM1,0
D,DISPATCH,UNIT_SCADA,1,"2022/10/20 09:35:00",DAYDSF1,14.5540
D,DISPATCH,UNIT_SCADA,1,"2022/10/20 09:35:00",DDPS1,0
D,DISPATCH,UNIT_SCADA,1,"2022/10/20 09:35:00",DDSF1,21.572610
D,DISPATCH,UNIT_SCADA,1,"2022/10/20 09:35:00",DEVILS_G,58.519850
D,DISPATCH,UNIT_SCADA,1,"2022/10/20 09:35:00",DG_NSW1,0
D,DISPATCH,UNIT_SCADA,1,"2022/10/20 09:35:00",DG_QLD1,0
D,DISPATCH,UNIT_SCADA,1,"2022/10/20 09:35:00",DG_SA1,0
D,DISPATCH,UNIT_SCADA,1,"2022/10/20 09:35:00",DG_TAS1,0
D,DISPATCH,UNIT_SCADA,1,"2022/10/20 09:35:00",DG_VIC1,0
D,DISPATCH,UNIT_SCADA,1,"2022/10/20 09:35:00",DRYCGT1,0
D,DISPATCH,UNIT_SCADA,1,"2022/10/20 09:35:00",DRYCGT2,0
D,DISPATCH,UNIT_SCADA,1,"2022/10/20 09:35:00",DRYCGT3,0
D,DISPATCH,UNIT_SCADA,1,"2022/10/20 09:35:00",DUNDWF1,53.43
D,DISPATCH,UNIT_SCADA,1,"2022/10/20 09:35:00",DUNDWF2,15.48
D,DISPATCH,UNIT_SCADA,1,"2022/10/20 09:35:00",DUNDWF3,47.99
D,DISPATCH,UNIT_SCADA,1,"2022/10/20 09:35:00",EILDON1,59.96
D,DISPATCH,UNIT_SCADA,1,"2022/10/20 09:35:00",EILDON2,60.04
D,DISPATCH,UNIT_SCADA,1,"2022/10/20 09:35:00",ELAINWF1,14.11
D,DISPATCH,UNIT_SCADA,1,"2022/10/20 09:35:00",EMERASF1,0
D,DISPATCH,UNIT_SCADA,1,"2022/10/20 09:35:00",ER01,0
D,DISPATCH,UNIT_SCADA,1,"2022/10/20 09:35:00",ER02,386.541530
D,DISPATCH,UNIT_SCADA,1,"2022/10/20 09:35:00",ER03,425.409330
D,DISPATCH,UNIT_SCADA,1,"2022/10/20 09:35:00",ER04,424.579220
D,DISPATCH,UNIT_SCADA,1,"2022/10/20 09:35:00",FINLYSF1,131.6640
D,DISPATCH,UNIT_SCADA,1,"2022/10/20 09:35:00",FISHER,44.03
D,DISPATCH,UNIT_SCADA,1,"2022/10/20 09:35:00",GANGARR1,14.5440
D,DISPATCH,UNIT_SCADA,1,"2022/10/20 09:35:00",GANNBG1,0
D,DISPATCH,UNIT_SCADA,1,"2022/10/20 09:35:00",GANNBL1,4.919260
D,DISPATCH,UNIT_SCADA,1,"2022/10/20 09:35:00",GANNSF1,28.60
D,DISPATCH,UNIT_SCADA,1,"2022/10/20 09:35:00",GLRWNSF1,108.99
D,DISPATCH,UNIT_SCADA,1,"2022/10/20 09:35:00",GNNDHSF1,89.6038
D,DISPATCH,UNIT_SCADA,1,"2022/10/20 09:35:00",GOONSF1,25.963530
D,DISPATCH,UNIT_SCADA,1,"2022/10/20 09:35:00",GORDON,239.027440
D,DISPATCH,UNIT_SCADA,1,"2022/10/20 09:35:00",GRANWF1,0.68
D,DISPATCH,UNIT_SCADA,1,"2022/10/20 09:35:00",GSTONE1,158.899990
D,DISPATCH,UNIT_SCADA,1,"2022/10/20 09:35:00",GSTONE2,0
D,DISPATCH,UNIT_SCADA,1,"2022/10/20 09:35:00",GSTONE3,150.149990
D,DISPATCH,UNIT_SCADA,1,"2022/10/20 09:35:00",GSTONE4,0
D,DISPATCH,UNIT_SCADA,1,"2022/10/20 09:35:00",GSTONE5,150.3250
D,DISPATCH,UNIT_SCADA,1,"2022/10/20 09:35:00",GSTONE6,150.849990
D,DISPATCH,UNIT_SCADA,1,"2022/10/20 09:35:00",GULLRSF1,3.054950
D,DISPATCH,UNIT_SCADA,1,"2022/10/20 09:35:00",GULLRWF1,55.714160
D,DISPATCH,UNIT_SCADA,1,"2022/10/20 09:35:00",GULLRWF2,73.126110
D,DISPATCH,UNIT_SCADA,1,"2022/10/20 09:35:00",GUNNING1,0
D,DISPATCH,UNIT_SCADA,1,"2022/10/20 09:35:00",GUTHEGA,67.60
D,DISPATCH,UNIT_SCADA,1,"2022/10/20 09:35:00",HALLWF1,43.92
D,DISPATCH,UNIT_SCADA,1,"2022/10/20 09:35:00",HALLWF2,45.50
D,DISPATCH,UNIT_SCADA,1,"2022/10/20 09:35:00",HAMISF1,4.10
D,DISPATCH,UNIT_SCADA,1,"2022/10/20 09:35:00",HAUGHT11,42.557440
D,DISPATCH,UNIT_SCADA,1,"2022/10/20 09:35:00",HAYMSF1,4.6260
D,DISPATCH,UNIT_SCADA,1,"2022/10/20 09:35:00",HDWF1,73.80
D,DISPATCH,UNIT_SCADA,1,"2022/10/20 09:35:00",HDWF2,45.70
D,DISPATCH,UNIT_SCADA,1,"2022/10/20 09:35:00",HDWF3,53.40
D,DISPATCH,UNIT_SCADA,1,"2022/10/20 09:35:00",HILLSTN1,17.656830
D,DISPATCH,UNIT_SCADA,1,"2022/10/20 09:35:00",HPRG1,0.60
D,DISPATCH,UNIT_SCADA,1,"2022/10/20 09:35:00",HPRL1,0
D,DISPATCH,UNIT_SCADA,1,"2022/10/20 09:35:00",HUMENSW,55.136610
D,DISPATCH,UNIT_SCADA,1,"2022/10/20 09:35:00",HUMEV,0
D,DISPATCH,UNIT_SCADA,1,"2022/10/20 09:35:00",HVWWBA1G,0
D,DISPATCH,UNIT_SCADA,1,"2022/10/20 09:35:00",HVWWBA1L,0.0060
D,DISPATCH,UNIT_SCADA,1,"2022/10/20 09:35:00",HVWWPV1,0.0140
D,DISPATCH,UNIT_SCADA,1,"2022/10/20 09:35:00",JBUTTERS,0
D,DISPATCH,UNIT_SCADA,1,"2022/10/20 09:35:00",JEMALNG1,4.80
D,DISPATCH,UNIT_SCADA,1,"2022/10/20 09:35:00",JLA01,0
D,DISPATCH,UNIT_SCADA,1,"2022/10/20 09:35:00",JLA02,0
D,DISPATCH,UNIT_SCADA,1,"2022/10/20 09:35:00",JLA03,0
D,DISPATCH,UNIT_SCADA,1,"2022/10/20 09:35:00",JLA04,0
D,DISPATCH,UNIT_SCADA,1,"2022/10/20 09:35:00",JLB01,0
D,DISPATCH,UNIT_SCADA,1,"2022/10/20 09:35:00",JLB02,0.10
D,DISPATCH,UNIT_SCADA,1,"2022/10/20 09:35:00",JLB03,0
D,DISPATCH,UNIT_SCADA,1,"2022/10/20 09:35:00",JUNEESF1,12.854780
D,DISPATCH,UNIT_SCADA,1,"2022/10/20 09:35:00",KABANWF1,0
D,DISPATCH,UNIT_SCADA,1,"2022/10/20 09:35:00",KAREEYA1,0
D,DISPATCH,UNIT_SCADA,1,"2022/10/20 09:35:00",KAREEYA2,0
D,DISPATCH,UNIT_SCADA,1,"2022/10/20 09:35:00",KAREEYA3,4.8950
D,DISPATCH,UNIT_SCADA,1,"2022/10/20 09:35:00",KAREEYA4,0
D,DISPATCH,UNIT_SCADA,1,"2022/10/20 09:35:00",KARSF1,31.70
D,DISPATCH,UNIT_SCADA,1,"2022/10/20 09:35:00",KEPSF1,12.25
D,DISPATCH,UNIT_SCADA,1,"2022/10/20 09:35:00",KEPWF1,1.72
D,DISPATCH,UNIT_SCADA,1,"2022/10/20 09:35:00",KIAMSF1,17.109180
D,DISPATCH,UNIT_SCADA,1,"2022/10/20 09:35:00",KIATAWF1,12.50
D,DISPATCH,UNIT_SCADA,1,"2022/10/20 09:35:00",KPP_1,0
D,DISPATCH,UNIT_SCADA,1,"2022/10/20 09:35:00",KSP1,32.29
D,DISPATCH,UNIT_SCADA,1,"2022/10/20 09:35:00",LADBROK1,0.02
D,DISPATCH,UNIT_SCADA,1,"2022/10/20 09:35:00",LADBROK2,6
D,DISPATCH,UNIT_SCADA,1,"2022/10/20 09:35:00",LBBG1,0
D,DISPATCH,UNIT_SCADA,1,"2022/10/20 09:35:00",LBBL1,0
D,DISPATCH,UNIT_SCADA,1,"2022/10/20 09:35:00",LD01,272.176270
D,DISPATCH,UNIT_SCADA,1,"2022/10/20 09:35:00",LD02,0
D,DISPATCH,UNIT_SCADA,1,"2022/10/20 09:35:00",LD04,280.288090
D,DISPATCH,UNIT_SCADA,1,"2022/10/20 09:35:00",LEM_WIL,86.877060
D,DISPATCH,UNIT_SCADA,1,"2022/10/20 09:35:00",LGAPWF1,20.23
D,DISPATCH,UNIT_SCADA,1,"2022/10/20 09:35:00",LGAPWF2,14.99
D,DISPATCH,UNIT_SCADA,1,"2022/10/20 09:35:00",LILYSF1,23.724030
D,DISPATCH,UNIT_SCADA,1,"2022/10/20 09:35:00",LIMOSF11,49.916690
D,DISPATCH,UNIT_SCADA,1,"2022/10/20 09:35:00",LIMOSF21,8.863510
D,DISPATCH,UNIT_SCADA,1,"2022/10/20 09:35:00",LI_WY_CA,55.703190
D,DISPATCH,UNIT_SCADA,1,"2022/10/20 09:35:00",LKBONNY1,0
D,DISPATCH,UNIT_SCADA,1,"2022/10/20 09:35:00",LKBONNY2,0
D,DISPATCH,UNIT_SCADA,1,"2022/10/20 09:35:00",LKBONNY3,0
D,DISPATCH,UNIT_SCADA,1,"2022/10/20 09:35:00",LK_ECHO,0
D,DISPATCH,UNIT_SCADA,1,"2022/10/20 09:35:00",LNGS1,0
D,DISPATCH,UNIT_SCADA,1,"2022/10/20 09:35:00",LNGS2,0
D,DISPATCH,UNIT_SCADA,1,"2022/10/20 09:35:00",LONSDALE,0
D,DISPATCH,UNIT_SCADA,1,"2022/10/20 09:35:00",LOYYB1,438.717710
D,DISPATCH,UNIT_SCADA,1,"2022/10/20 09:35:00",LOYYB2,439.469640
D,DISPATCH,UNIT_SCADA,1,"2022/10/20 09:35:00",LYA1,522
D,DISPATCH,UNIT_SCADA,1,"2022/10/20 09:35:00",LYA2,0
D,DISPATCH,UNIT_SCADA,1,"2022/10/20 09:35:00",LYA3,473
D,DISPATCH,UNIT_SCADA,1,"2022/10/20 09:35:00",LYA4,476
D,DISPATCH,UNIT_SCADA,1,"2022/10/20 09:35:00",MACARTH1,57.398670
D,DISPATCH,UNIT_SCADA,1,"2022/10/20 09:35:00",MACKNTSH,0
D,DISPATCH,UNIT_SCADA,1,"2022/10/20 09:35:00",MANSLR1,15.3270
D,DISPATCH,UNIT_SCADA,1,"2022/10/20 09:35:00",MAPS2PV1,0
D,DISPATCH,UNIT_SCADA,1,"2022/10/20 09:35:00",MAPS3PV1,0
D,DISPATCH,UNIT_SCADA,1,"2022/10/20 09:35:00",MARYRSF1,2.47
D,DISPATCH,UNIT_SCADA,1,"2022/10/20 09:35:00",MBPS2PV1,0
D,DISPATCH,UNIT_SCADA,1,"2022/10/20 09:35:00",MCKAY1,0.02
D,DISPATCH,UNIT_SCADA,1,"2022/10/20 09:35:00",MEADOWBK,5.973220
D,DISPATCH,UNIT_SCADA,1,"2022/10/20 09:35:00",MERCER01,21.60
D,DISPATCH,UNIT_SCADA,1,"2022/10/20 09:35:00",METZSF1,25.108380
D,DISPATCH,UNIT_SCADA,1,"2022/10/20 09:35:00",MEWF1,1
D,DISPATCH,UNIT_SCADA,1,"2022/10/20 09:35:00",MIDDLSF1,3.93
D,DISPATCH,UNIT_SCADA,1,"2022/10/20 09:35:00",MINTARO,0.128180
D,DISPATCH,UNIT_SCADA,1,"2022/10/20 09:35:00",MOLNGSF1,4.969560
D,DISPATCH,UNIT_SCADA,1,"2022/10/20 09:35:00",MOORAWF1,21.60
D,DISPATCH,UNIT_SCADA,1,"2022/10/20 09:35:00",MOREESF1,10.45
D,DISPATCH,UNIT_SCADA,1,"2022/10/20 09:35:00",MORTLK11,0
D,DISPATCH,UNIT_SCADA,1,"2022/10/20 09:35:00",MORTLK12,0
D,DISPATCH,UNIT_SCADA,1,"2022/10/20 09:35:00",MOUSF1,0
D,DISPATCH,UNIT_SCADA,1,"2022/10/20 09:35:00",MP1,0
D,DISPATCH,UNIT_SCADA,1,"2022/10/20 09:35:00",MP2,351.750980
D,DISPATCH,UNIT_SCADA,1,"2022/10/20 09:35:00",MPP_1,170.873640
D,DISPATCH,UNIT_SCADA,1,"2022/10/20 09:35:00",MPP_2,107.745920
D,DISPATCH,UNIT_SCADA,1,"2022/10/20 09:35:00",MRTLSWF1,0
D,DISPATCH,UNIT_SCADA,1,"2022/10/20 09:35:00",MSTUART1,0
D,DISPATCH,UNIT_SCADA,1,"2022/10/20 09:35:00",MSTUART2,0
D,DISPATCH,UNIT_SCADA,1,"2022/10/20 09:35:00",MSTUART3,0
D,DISPATCH,UNIT_SCADA,1,"2022/10/20 09:35:00",MTGELWF1,36.454360
D,DISPATCH,UNIT_SCADA,1,"2022/10/20 09:35:00",MTMILLAR,1.90
D,DISPATCH,UNIT_SCADA,1,"2022/10/20 09:35:00",MURRAY,0
D,DISPATCH,UNIT_SCADA,1,"2022/10/20 09:35:00",MUSSELR1,99.50
D,DISPATCH,UNIT_SCADA,1,"2022/10/20 09:35:00",MUWAWF1,51.81
D,DISPATCH,UNIT_SCADA,1,"2022/10/20 09:35:00",MUWAWF2,29.20
D,DISPATCH,UNIT_SCADA,1,"2022/10/20 09:35:00",MWPS1PV1,0.13
D,DISPATCH,UNIT_SCADA,1,"2022/10/20 09:35:00",MWPS2PV1,0
D,DISPATCH,UNIT_SCADA,1,"2022/10/20 09:35:00",MWPS3PV1,0.04
D,DISPATCH,UNIT_SCADA,1,"2022/10/20 09:35:00",MWPS4PV1,0.01
D,DISPATCH,UNIT_SCADA,1,"2022/10/20 09:35:00",NBHWF1,77
D,DISPATCH,UNIT_SCADA,1,"2022/10/20 09:35:00",NEVERSF1,42.85
D,DISPATCH,UNIT_SCADA,1,"2022/10/20 09:35:00",NPS,0
D,DISPATCH,UNIT_SCADA,1,"2022/10/20 09:35:00",NUMURSF1,94.14
D,DISPATCH,UNIT_SCADA,1,"2022/10/20 09:35:00",NYNGAN1,27.50
D,DISPATCH,UNIT_SCADA,1,"2022/10/20 09:35:00",OAKEY1,0
D,DISPATCH,UNIT_SCADA,1,"2022/10/20 09:35:00",OAKEY1SF,5.1390
D,DISPATCH,UNIT_SCADA,1,"2022/10/20 09:35:00",OAKEY2,0
D,DISPATCH,UNIT_SCADA,1,"2022/10/20 09:35:00",OAKEY2SF,8.90
D,DISPATCH,UNIT_SCADA,1,"2022/10/20 09:35:00",OAKLAND1,8.50
D,DISPATCH,UNIT_SCADA,1,"2022/10/20 09:35:00",OSB-AG,0
D,DISPATCH,UNIT_SCADA,1,"2022/10/20 09:35:00",PAREPS1,0.0660
D,DISPATCH,UNIT_SCADA,1,"2022/10/20 09:35:00",PAREPW1,50.06
D,DISPATCH,UNIT_SCADA,1,"2022/10/20 09:35:00",PARSF1,19.700920
D,DISPATCH,UNIT_SCADA,1,"2022/10/20 09:35:00",POAT110,0
D,DISPATCH,UNIT_SCADA,1,"2022/10/20 09:35:00",POAT220,0
D,DISPATCH,UNIT_SCADA,1,"2022/10/20 09:35:00",POR01,0
D,DISPATCH,UNIT_SCADA,1,"2022/10/20 09:35:00",POR03,0
D,DISPATCH,UNIT_SCADA,1,"2022/10/20 09:35:00",PPCCGT,0
D,DISPATCH,UNIT_SCADA,1,"2022/10/20 09:35:00",PTSTAN1,0
D,DISPATCH,UNIT_SCADA,1,"2022/10/20 09:35:00",PUMP1,0
D,DISPATCH,UNIT_SCADA,1,"2022/10/20 09:35:00",PUMP2,0
D,DISPATCH,UNIT_SCADA,1,"2022/10/20 09:35:00",QBYNBG1,0.0055
D,DISPATCH,UNIT_SCADA,1,"2022/10/20 09:35:00",QBYNBL1,0
D,DISPATCH,UNIT_SCADA,1,"2022/10/20 09:35:00",QPS1,0
D,DISPATCH,UNIT_SCADA,1,"2022/10/20 09:35:00",QPS2,0
D,DISPATCH,UNIT_SCADA,1,"2022/10/20 09:35:00",QPS3,0
D,DISPATCH,UNIT_SCADA,1,"2022/10/20 09:35:00",QPS4,0
D,DISPATCH,UNIT_SCADA,1,"2022/10/20 09:35:00",QPS5,73.35
D,DISPATCH,UNIT_SCADA,1,"2022/10/20 09:35:00",REECE1,44.943880
D,DISPATCH,UNIT_SCADA,1,"2022/10/20 09:35:00",REECE2,0
D,DISPATCH,UNIT_SCADA,1,"2022/10/20 09:35:00",ROMA_7,0
D,DISPATCH,UNIT_SCADA,1,"2022/10/20 09:35:00",ROMA_8,0
D,DISPATCH,UNIT_SCADA,1,"2022/10/20 09:35:00",RRSF1,6.956190
D,DISPATCH,UNIT_SCADA,1,"2022/10/20 09:35:00",RT_NSW1,0
D,DISPATCH,UNIT_SCADA,1,"2022/10/20 09:35:00",RT_NSW2,0
D,DISPATCH,UNIT_SCADA,1,"2022/10/20 09:35:00",RT_NSW3,0
D,DISPATCH,UNIT_SCADA,1,"2022/10/20 09:35:00",RT_NSW4,0
D,DISPATCH,UNIT_SCADA,1,"2022/10/20 09:35:00",RT_NSW5,0
D,DISPATCH,UNIT_SCADA,1,"2022/10/20 09:35:00",RT_NSW6,0
D,DISPATCH,UNIT_SCADA,1,"2022/10/20 09:35:00",RT_QLD1,0
D,DISPATCH,UNIT_SCADA,1,"2022/10/20 09:35:00",RT_SA1,0
D,DISPATCH,UNIT_SCADA,1,"2022/10/20 09:35:00",RT_SA2,0
D,DISPATCH,UNIT_SCADA,1,"2022/10/20 09:35:00",RT_SA3,0
D,DISPATCH,UNIT_SCADA,1,"2022/10/20 09:35:00",RT_SA4,0
D,DISPATCH,UNIT_SCADA,1,"2022/10/20 09:35:00",RT_SA5,0
D,DISPATCH,UNIT_SCADA,1,"2022/10/20 09:35:00",RT_SA6,0
D,DISPATCH,UNIT_SCADA,1,"2022/10/20 09:35:00",RT_TAS1,0
D,DISPATCH,UNIT_SCADA,1,"2022/10/20 09:35:00",RT_VIC1,0
D,DISPATCH,UNIT_SCADA,1,"2022/10/20 09:35:00",RT_VIC10,0
D,DISPATCH,UNIT_SCADA,1,"2022/10/20 09:35:00",RT_VIC11,0
D,DISPATCH,UNIT_SCADA,1,"2022/10/20 09:35:00",RT_VIC12,0
D,DISPATCH,UNIT_SCADA,1,"2022/10/20 09:35:00",RT_VIC2,0
D,DISPATCH,UNIT_SCADA,1,"2022/10/20 09:35:00",RT_VIC3,0
D,DISPATCH,UNIT_SCADA,1,"2022/10/20 09:35:00",RT_VIC4,0
D,DISPATCH,UNIT_SCADA,1,"2022/10/20 09:35:00",RT_VIC5,0
D,DISPATCH,UNIT_SCADA,1,"2022/10/20 09:35:00",RT_VIC6,0
D,DISPATCH,UNIT_SCADA,1,"2022/10/20 09:35:00",RT_VIC7,0
D,DISPATCH,UNIT_SCADA,1,"2022/10/20 09:35:00",RT_VIC8,0
D,DISPATCH,UNIT_SCADA,1,"2022/10/20 09:35:00",RT_VIC9,0
D,DISPATCH,UNIT_SCADA,1,"2022/10/20 09:35:00",RUGBYR1,13.822980
D,DISPATCH,UNIT_SCADA,1,"2022/10/20 09:35:00",SALTCRK1,21.24
D,DISPATCH,UNIT_SCADA,1,"2022/10/20 09:35:00",SAPHWF1,207.136640
D,DISPATCH,UNIT_SCADA,1,"2022/10/20 09:35:00",SEBSF1,89.377820
D,DISPATCH,UNIT_SCADA,1,"2022/10/20 09:35:00",SHGEN,0
D,DISPATCH,UNIT_SCADA,1,"2022/10/20 09:35:00",SHPUMP,0
D,DISPATCH,UNIT_SCADA,1,"2022/10/20 09:35:00",SITHE01,0.153860
D,DISPATCH,UNIT_SCADA,1,"2022/10/20 09:35:00",SMCSF1,105.7240
D,DISPATCH,UNIT_SCADA,1,"2022/10/20 09:35:00",SNAPPER1,0
D,DISPATCH,UNIT_SCADA,1,"2022/10/20 09:35:00",SNOWNTH1,119.400010
D,DISPATCH,UNIT_SCADA,1,"2022/10/20 09:35:00",SNOWSTH1,84.70
D,DISPATCH,UNIT_SCADA,1,"2022/10/20 09:35:00",SNOWTWN1,50.799530
D,DISPATCH,UNIT_SCADA,1,"2022/10/20 09:35:00",SNOWYP,0
D,DISPATCH,UNIT_SCADA,1,"2022/10/20 09:35:00",SNUG1,0
D,DISPATCH,UNIT_SCADA,1,"2022/10/20 09:35:00",SRSF1,36.79
D,DISPATCH,UNIT_SCADA,1,"2022/10/20 09:35:00",STAN-1,269.5968
D,DISPATCH,UNIT_SCADA,1,"2022/10/20 09:35:00",STAN-2,330.506990
D,DISPATCH,UNIT_SCADA,1,"2022/10/20 09:35:00",STAN-3,154.813390
D,DISPATCH,UNIT_SCADA,1,"2022/10/20 09:35:00",STAN-4,329.225190
D,DISPATCH,UNIT_SCADA,1,"2022/10/20 09:35:00",STARHLWF,0.01
D,DISPATCH,UNIT_SCADA,1,"2022/10/20 09:35:00",STOCKYD1,54.37
D,DISPATCH,UNIT_SCADA,1,"2022/10/20 09:35:00",STWF1,0
D,DISPATCH,UNIT_SCADA,1,"2022/10/20 09:35:00",SUNRSF1,31.013960
D,DISPATCH,UNIT_SCADA,1,"2022/10/20 09:35:00",SUNTPSF1,78.934920
D,DISPATCH,UNIT_SCADA,1,"2022/10/20 09:35:00",SWAN_E,222.321260
D,DISPATCH,UNIT_SCADA,1,"2022/10/20 09:35:00",TALWA1,0
D,DISPATCH,UNIT_SCADA,1,"2022/10/20 09:35:00",TARALGA1,0
D,DISPATCH,UNIT_SCADA,1,"2022/10/20 09:35:00",TARONG#1,345.800020
D,DISPATCH,UNIT_SCADA,1,"2022/10/20 09:35:00",TARONG#2,345.800020
D,DISPATCH,UNIT_SCADA,1,"2022/10/20 09:35:00",TARONG#3,0.90
D,DISPATCH,UNIT_SCADA,1,"2022/10/20 09:35:00",TARONG#4,282.600010
D,DISPATCH,UNIT_SCADA,1,"2022/10/20 09:35:00",TARRALEA,54
D,DISPATCH,UNIT_SCADA,1,"2022/10/20 09:35:00",TBSF1,0.20
D,DISPATCH,UNIT_SCADA,1,"2022/10/20 09:35:00",TNPS1,360.8125
D,DISPATCH,UNIT_SCADA,1,"2022/10/20 09:35:00",TORRB1,0
D,DISPATCH,UNIT_SCADA,1,"2022/10/20 09:35:00",TORRB2,40
D,DISPATCH,UNIT_SCADA,1,"2022/10/20 09:35:00",TORRB3,0
D,DISPATCH,UNIT_SCADA,1,"2022/10/20 09:35:00",TORRB4,0
D,DISPATCH,UNIT_SCADA,1,"2022/10/20 09:35:00",TREVALLN,98.141330
D,DISPATCH,UNIT_SCADA,1,"2022/10/20 09:35:00",TRIBUTE,0
D,DISPATCH,UNIT_SCADA,1,"2022/10/20 09:35:00",TUMUT3,0
D,DISPATCH,UNIT_SCADA,1,"2022/10/20 09:35:00",TUNGATIN,5.970020
D,DISPATCH,UNIT_SCADA,1,"2022/10/20 09:35:00",TVCC201,0
D,DISPATCH,UNIT_SCADA,1,"2022/10/20 09:35:00",TVPP104,40.0488
D,DISPATCH,UNIT_SCADA,1,"2022/10/20 09:35:00",UPPTUMUT,0
D,DISPATCH,UNIT_SCADA,1,"2022/10/20 09:35:00",URANQ11,0
D,DISPATCH,UNIT_SCADA,1,"2022/10/20 09:35:00",URANQ12,0
D,DISPATCH,UNIT_SCADA,1,"2022/10/20 09:35:00",URANQ13,0
D,DISPATCH,UNIT_SCADA,1,"2022/10/20 09:35:00",URANQ14,0
D,DISPATCH,UNIT_SCADA,1,"2022/10/20 09:35:00",VBBG1,0
D,DISPATCH,UNIT_SCADA,1,"2022/10/20 09:35:00",VBBL1,4.30
D,DISPATCH,UNIT_SCADA,1,"2022/10/20 09:35:00",VP5,501.7243
D,DISPATCH,UNIT_SCADA,1,"2022/10/20 09:35:00",VP6,502.188170
D,DISPATCH,UNIT_SCADA,1,"2022/10/20 09:35:00",VPGS1,0
D,DISPATCH,UNIT_SCADA,1,"2022/10/20 09:35:00",VPGS2,0
D,DISPATCH,UNIT_SCADA,1,"2022/10/20 09:35:00",VPGS3,0
D,DISPATCH,UNIT_SCADA,1,"2022/10/20 09:35:00",VPGS4,0
D,DISPATCH,UNIT_SCADA,1,"2022/10/20 09:35:00",VPGS5,0
D,DISPATCH,UNIT_SCADA,1,"2022/10/20 09:35:00",VPGS6,0
D,DISPATCH,UNIT_SCADA,1,"2022/10/20 09:35:00",W/HOE#1,0
D,DISPATCH,UNIT_SCADA,1,"2022/10/20 09:35:00",W/HOE#2,0
D,DISPATCH,UNIT_SCADA,1,"2022/10/20 09:35:00",WAGGNSF1,0
D,DISPATCH,UNIT_SCADA,1,"2022/10/20 09:35:00",WALGRVG1,0.000930
D,DISPATCH,UNIT_SCADA,1,"2022/10/20 09:35:00",WALGRVL1,0
D,DISPATCH,UNIT_SCADA,1,"2022/10/20 09:35:00",WANDBG1,0
D,DISPATCH,UNIT_SCADA,1,"2022/10/20 09:35:00",WANDBL1,0
D,DISPATCH,UNIT_SCADA,1,"2022/10/20 09:35:00",WARWSF1,12.86
D,DISPATCH,UNIT_SCADA,1,"2022/10/20 09:35:00",WARWSF2,12.91
D,DISPATCH,UNIT_SCADA,1,"2022/10/20 09:35:00",WATERLWF,29.30
D,DISPATCH,UNIT_SCADA,1,"2022/10/20 09:35:00",WDGPH1,66.0230
D,DISPATCH,UNIT_SCADA,1,"2022/10/20 09:35:00",WELLSF1,146.269930
D,DISPATCH,UNIT_SCADA,1,"2022/10/20 09:35:00",WEMENSF1,26
D,DISPATCH,UNIT_SCADA,1,"2022/10/20 09:35:00",WGWF1,95.10
D,DISPATCH,UNIT_SCADA,1,"2022/10/20 09:35:00",WHITSF1,5.40
D,DISPATCH,UNIT_SCADA,1,"2022/10/20 09:35:00",WINTSF1,84.15
D,DISPATCH,UNIT_SCADA,1,"2022/10/20 09:35:00",WKIEWA1,29
D,DISPATCH,UNIT_SCADA,1,"2022/10/20 09:35:00",WKIEWA2,29.30
D,DISPATCH,UNIT_SCADA,1,"2022/10/20 09:35:00",WOODLWN1,24.262580
D,DISPATCH,UNIT_SCADA,1,"2022/10/20 09:35:00",WOOLGSF1,31.828990
D,DISPATCH,UNIT_SCADA,1,"2022/10/20 09:35:00",WPWF,43.61
D,DISPATCH,UNIT_SCADA,1,"2022/10/20 09:35:00",WRSF1,2.729580
D,DISPATCH,UNIT_SCADA,1,"2022/10/20 09:35:00",WRWF1,47.324330
D,DISPATCH,UNIT_SCADA,1,"2022/10/20 09:35:00",WSTWYSF1,0
D,DISPATCH,UNIT_SCADA,1,"2022/10/20 09:35:00",YABULU,0
D,DISPATCH,UNIT_SCADA,1,"2022/10/20 09:35:00",YABULU2,0
D,DISPATCH,UNIT_SCADA,1,"2022/10/20 09:35:00",YARANSF1,9.53
D,DISPATCH,UNIT_SCADA,1,"2022/10/20 09:35:00",YARWUN_1,163.129990
D,DISPATCH,UNIT_SCADA,1,"2022/10/20 09:35:00",YATSF1,20.99
D,DISPATCH,UNIT_SCADA,1,"2022/10/20 09:35:00",YENDWF1,26.96
D,DISPATCH,UNIT_SCADA,1,"2022/10/20 09:35:00",YWPS1,323.807590
D,DISPATCH,UNIT_SCADA,1,"2022/10/20 09:35:00",YWPS2,291.726590
D,DISPATCH,UNIT_SCADA,1,"2022/10/20 09:35:00",YWPS3,318.175960
D,DISPATCH,UNIT_SCADA,1,"2022/10/20 09:35:00",YWPS4,0
C,"END OF REPORT",419
