C,NEMP.WORLD,DISPATCHSCADA,AEMO,PUBLIC,2022/10/20,18:10:09,0000000373272382,DISPATCHSCADA,0000000373272376
I,DISPATCH,UNIT_SCADA,1,SETTLEMENTDATE,DUID,SCADAVALUE
D,DISPATCH,UNIT_SCADA,1,"2022/10/20 18:15:00",BARCSF1,0.70
D,DISPATCH,UNIT_SCADA,1,"2022/10/20 18:15:00",BUTLERSG,8.699999
D,DISPATCH,UNIT_SCADA,1,"2022/10/20 18:15:00",CAPTL_WF,93.583458
D,DISPATCH,UNIT_SCADA,1,"2022/10/20 18:15:00",CHALLHWF,2.90
D,DISPATCH,UNIT_SCADA,1,"2022/10/20 18:15:00",CLOVER,12.98
D,DISPATCH,UNIT_SCADA,1,"2022/10/20 18:15:00",CLUNY,6.443122
D,DISPATCH,UNIT_SCADA,1,"2022/10/20 18:15:00",CULLRGWF,-0.05
D,DISPATCH,UNIT_SCADA,1,"2022/10/20 18:15:00",DIAPURWF1,2.20
D,DISPATCH,UNIT_SCADA,1,"2022/10/20 18:15:00",ERGT01,0
D,DISPATCH,UNIT_SCADA,1,"2022/10/20 18:15:00",GB01,0
D,DISPATCH,UNIT_SCADA,1,"2022/10/20 18:15:00",GERMCRK,19.60
D,DISPATCH,UNIT_SCADA,1,"2022/10/20 18:15:00",GRIFSF1,0.801099
D,DISPATCH,UNIT_SCADA,1,"2022/10/20 18:15:00",HEZ1,0
D,DISPATCH,UNIT_SCADA,1,"2022/10/20 18:15:00",HUGSF1,0.1580
D,DISPATCH,UNIT_SCADA,1,"2022/10/20 18:15:00",KEPBG1,2.01
D,DISPATCH,UNIT_SCADA,1,"2022/10/20 18:15:00",LRSF1,0.6270
D,DISPATCH,UNIT_SCADA,1,"2022/10/20 18:15:00",MBAHNTH,43.800003
D,DISPATCH,UNIT_SCADA,1,"2022/10/20 18:15:00",MLSP1,0
D,DISPATCH,UNIT_SCADA,1,"2022/10/20 18:15:00",MLWF1,8.46
D,DISPATCH,UNIT_SCADA,1,"2022/10/20 18:15:00",PALOONA,30.689999
D,DISPATCH,UNIT_SCADA,1,"2022/10/20 18:15:00",PIONEER,39
D,DISPATCH,UNIT_SCADA,1,"2022/10/20 18:15:00",PORTWF,29.40
D,DISPATCH,UNIT_SCADA,1,"2022/10/20 18:15:00",REPULSE,9.867704
D,DISPATCH,UNIT_SCADA,1,"2022/10/20 18:15:00",ROWALLAN,8.8892
D,DISPATCH,UNIT_SCADA,1,"2022/10/20 18:15:00",ROYALLA1,0
D,DISPATCH,UNIT_SCADA,1,"2022/10/20 18:15:00",RPCG,-1.80
D,DISPATCH,UNIT_SCADA,1,"2022/10/20 18:15:00",RUBICON,0
D,DISPATCH,UNIT_SCADA,1,"2022/10/20 18:15:00",WAUBRAWF,69.529999
D,DISPATCH,UNIT_SCADA,1,"2022/10/20 18:15:00",WOOLNTH1,97.059998
D,DISPATCH,UNIT_SCADA,1,"2022/10/20 18:15:00",YAMBUKWF,4.90
D,DISPATCH,UNIT_SCADA,1,"2022/10/20 18:15:00",YSWF1,1.90
D,DISPATCH,UNIT_SCADA,1,"2022/10/20 18:15:00",ADPBA1G,0.0080
D,DISPATCH,UNIT_SCADA,1,"2022/10/20 18:15:00",ADPBA1L,0
D,DISPATCH,UNIT_SCADA,1,"2022/10/20 18:15:00",ADPPV1,0.8410
D,DISPATCH,UNIT_SCADA,1,"2022/10/20 18:15:00",AGLHAL,30.724520
D,DISPATCH,UNIT_SCADA,1,"2022/10/20 18:15:00",AGLSOM,0
D,DISPATCH,UNIT_SCADA,1,"2022/10/20 18:15:00",ANGAST1,0
D,DISPATCH,UNIT_SCADA,1,"2022/10/20 18:15:00",ARWF1,54.90
D,DISPATCH,UNIT_SCADA,1,"2022/10/20 18:15:00",BALBG1,0
D,DISPATCH,UNIT_SCADA,1,"2022/10/20 18:15:00",BALBL1,0
D,DISPATCH,UNIT_SCADA,1,"2022/10/20 18:15:00",BALDHWF1,105.3150
D,DISPATCH,UNIT_SCADA,1,"2022/10/20 18:15:00",BANGOWF1,91.996030
D,DISPATCH,UNIT_SCADA,1,"2022/10/20 18:15:00",BANGOWF2,65.298320
D,DISPATCH,UNIT_SCADA,1,"2022/10/20 18:15:00",BANN1,7.43
D,DISPATCH,UNIT_SCADA,1,"2022/10/20 18:15:00",BARCALDN,0
D,DISPATCH,UNIT_SCADA,1,"2022/10/20 18:15:00",BARKIPS1,91.02
D,DISPATCH,UNIT_SCADA,1,"2022/10/20 18:15:00",BARRON-1,27.84
D,DISPATCH,UNIT_SCADA,1,"2022/10/20 18:15:00",BARRON-2,28.12
D,DISPATCH,UNIT_SCADA,1,"2022/10/20 18:15:00",BASTYAN,69.920010
D,DISPATCH,UNIT_SCADA,1,"2022/10/20 18:15:00",BBTHREE1,0
D,DISPATCH,UNIT_SCADA,1,"2022/10/20 18:15:00",BBTHREE2,0
D,DISPATCH,UNIT_SCADA,1,"2022/10/20 18:15:00",BBTHREE3,-1.12
D,DISPATCH,UNIT_SCADA,1,"2022/10/20 18:15:00",BDL01,0
D,DISPATCH,UNIT_SCADA,1,"2022/10/20 18:15:00",BDL02,0
D,DISPATCH,UNIT_SCADA,1,"2022/10/20 18:15:00",BERYLSF1,0.272140
D,DISPATCH,UNIT_SCADA,1,"2022/10/20 18:15:00",BLOWERNG,62.70
D,DISPATCH,UNIT_SCADA,1,"2022/10/20 18:15:00",BLUEGSF1,0
D,DISPATCH,UNIT_SCADA,1,"2022/10/20 18:15:00",BLUFF1,3.30
D,DISPATCH,UNIT_SCADA,1,"2022/10/20 18:15:00",BNGSF1,32.69
D,DISPATCH,UNIT_SCADA,1,"2022/10/20 18:15:00",BNGSF2,28.71
D,DISPATCH,UNIT_SCADA,1,"2022/10/20 18:15:00",BOCORWF1,58.36
D,DISPATCH,UNIT_SCADA,1,"2022/10/20 18:15:00",BODWF1,102.061830
D,DISPATCH,UNIT_SCADA,1,"2022/10/20 18:15:00",BOMENSF1,1.320210
D,DISPATCH,UNIT_SCADA,1,"2022/10/20 18:15:00",BOWWBA1G,0
D,DISPATCH,UNIT_SCADA,1,"2022/10/20 18:15:00",BOWWBA1L,0.0030
D,DISPATCH,UNIT_SCADA,1,"2022/10/20 18:15:00",BOWWPV1,0
D,DISPATCH,UNIT_SCADA,1,"2022/10/20 18:15:00",BRAEMAR1,0
D,DISPATCH,UNIT_SCADA,1,"2022/10/20 18:15:00",BRAEMAR2,0
D,DISPATCH,UNIT_SCADA,1,"2022/10/20 18:15:00",BRAEMAR3,0
D,DISPATCH,UNIT_SCADA,1,"2022/10/20 18:15:00",BRAEMAR5,144.1563
D,DISPATCH,UNIT_SCADA,1,"2022/10/20 18:15:00",BRAEMAR6,0
D,DISPATCH,UNIT_SCADA,1,"2022/10/20 18:15:00",BRAEMAR7,153.371260
D,DISPATCH,UNIT_SCADA,1,"2022/10/20 18:15:00",BROKENH1,1.299980
D,DISPATCH,UNIT_SCADA,1,"2022/10/20 18:15:00",BRYB1WF1,100.865190
D,DISPATCH,UNIT_SCADA,1,"2022/10/20 18:15:00",BULBESG1,0
D,DISPATCH,UNIT_SCADA,1,"2022/10/20 18:15:00",BULBESL1,0.05
D,DISPATCH,UNIT_SCADA,1,"2022/10/20 18:15:00",BULGANA1,79.42
D,DISPATCH,UNIT_SCADA,1,"2022/10/20 18:15:00",BW01,655.954830
D,DISPATCH,UNIT_SCADA,1,"2022/10/20 18:15:00",BW02,638.645020
D,DISPATCH,UNIT_SCADA,1,"2022/10/20 18:15:00",BW03,602.975520
D,DISPATCH,UNIT_SCADA,1,"2022/10/20 18:15:00",BW04,0
D,DISPATCH,UNIT_SCADA,1,"2022/10/20 18:15:00",CALL_B_1,319.300020
D,DISPATCH,UNIT_SCADA,1,"2022/10/20 18:15:00",CALL_B_2,319.700010
D,DISPATCH,UNIT_SCADA,1,"2022/10/20 18:15:00",CATHROCK,12.60
D,DISPATCH,UNIT_SCADA,1,"2022/10/20 18:15:00",CBWWBA1G,0
D,DISPATCH,UNIT_SCADA,1,"2022/10/20 18:15:00",CBWWBA1L,0
D,DISPATCH,UNIT_SCADA,1,"2022/10/20 18:15:00",CETHANA,96.807370
D,DISPATCH,UNIT_SCADA,1,"2022/10/20 18:15:00",CG1,0
D,DISPATCH,UNIT_SCADA,1,"2022/10/20 18:15:00",CG2,0
D,DISPATCH,UNIT_SCADA,1,"2022/10/20 18:15:00",CG3,0
D,DISPATCH,UNIT_SCADA,1,"2022/10/20 18:15:00",CG4,0
D,DISPATCH,UNIT_SCADA,1,"2022/10/20 18:15:00",CHILDSF1,0
D,DISPATCH,UNIT_SCADA,1,"2022/10/20 18:15:00",CHYTWF1,9.77
D,DISPATCH,UNIT_SCADA,1,"2022/10/20 18:15:00",CLARESF1,0
D,DISPATCH,UNIT_SCADA,1,"2022/10/20 18:15:00",CLEMGPWF,12.245950
D,DISPATCH,UNIT_SCADA,1,"2022/10/20 18:15:00",CLERMSF1,0
D,DISPATCH,UNIT_SCADA,1,"2022/10/20 18:15:00",CNUNDAWF,15.117640
D,DISPATCH,UNIT_SCADA,1,"2022/10/20 18:15:00",COHUNSF1,0.21
D,DISPATCH,UNIT_SCADA,1,"2022/10/20 18:15:00",COLEASF1,3.896770
D,DISPATCH,UNIT_SCADA,1,"2022/10/20 18:15:00",COLUMSF1,0
D,DISPATCH,UNIT_SCADA,1,"2022/10/20 18:15:00",COLWF01,120.968950
D,DISPATCH,UNIT_SCADA,1,"2022/10/20 18:15:00",COOPGWF1,359.799990
D,DISPATCH,UNIT_SCADA,1,"2022/10/20 18:15:00",CPP_3,371.25
D,DISPATCH,UNIT_SCADA,1,"2022/10/20 18:15:00",CPP_4,0
D,DISPATCH,UNIT_SCADA,1,"2022/10/20 18:15:00",CPSA,0
D,DISPATCH,UNIT_SCADA,1,"2022/10/20 18:15:00",CROOKWF2,38.093240
D,DISPATCH,UNIT_SCADA,1,"2022/10/20 18:15:00",CROWLWF1,23.416830
D,DISPATCH,UNIT_SCADA,1,"2022/10/20 18:15:00",CRURWF1,84.398030
D,DISPATCH,UNIT_SCADA,1,"2022/10/20 18:15:00",CRWASF1,0.216930
D,DISPATCH,UNIT_SCADA,1,"2022/10/20 18:15:00",CSPVPS1,0.0550
D,DISPATCH,UNIT_SCADA,1,"2022/10/20 18:15:00",CTHLWF1,0.003050
D,DISPATCH,UNIT_SCADA,1,"2022/10/20 18:15:00",DALNTH01,0
D,DISPATCH,UNIT_SCADA,1,"2022/10/20 18:15:00",DALNTHL1,0.096130
D,DISPATCH,UNIT_SCADA,1,"2022/10/20 18:15:00",DARLSF1,6.876630
D,DISPATCH,UNIT_SCADA,1,"2022/10/20 18:15:00",DARTM1,0
D,DISPATCH,UNIT_SCADA,1,"2022/10/20 18:15:00",DAYDSF1,0
D,DISPATCH,UNIT_SCADA,1,"2022/10/20 18:15:00",DDPS1,0
D,DISPATCH,UNIT_SCADA,1,"2022/10/20 18:15:00",DDSF1,0
D,DISPATCH,UNIT_SCADA,1,"2022/10/20 18:15:00",DEVILS_G,60.0824
D,DISPATCH,UNIT_SCADA,1,"2022/10/20 18:15:00",DG_NSW1,0
D,DISPATCH,UNIT_SCADA,1,"2022/10/20 18:15:00",DG_QLD1,0
D,DISPATCH,UNIT_SCADA,1,"2022/10/20 18:15:00",DG_SA1,0
D,DISPATCH,UNIT_SCADA,1,"2022/10/20 18:15:00",DG_TAS1,0
D,DISPATCH,UNIT_SCADA,1,"2022/10/20 18:15:00",DG_VIC1,0
D,DISPATCH,UNIT_SCADA,1,"2022/10/20 18:15:00",DRYCGT1,0
D,DISPATCH,UNIT_SCADA,1,"2022/10/20 18:15:00",DRYCGT2,0
D,DISPATCH,UNIT_SCADA,1,"2022/10/20 18:15:00",DRYCGT3,0
D,DISPATCH,UNIT_SCADA,1,"2022/10/20 18:15:00",DUNDWF1,53.85
D,DISPATCH,UNIT_SCADA,1,"2022/10/20 18:15:00",DUNDWF2,13.48
D,DISPATCH,UNIT_SCADA,1,"2022/10/20 18:15:00",DUNDWF3,64.45
D,DISPATCH,UNIT_SCADA,1,"2022/10/20 18:15:00",EILDON1,59.84
D,DISPATCH,UNIT_SCADA,1,"2022/10/20 18:15:00",EILDON2,59.92
D,DISPATCH,UNIT_SCADA,1,"2022/10/20 18:15:00",ELAINWF1,18.37
D,DISPATCH,UNIT_SCADA,1,"2022/10/20 18:15:00",EMERASF1,0
D,DISPATCH,UNIT_SCADA,1,"2022/10/20 18:15:00",ER01,0
D,DISPATCH,UNIT_SCADA,1,"2022/10/20 18:15:00",ER02,499.897770
D,DISPATCH,UNIT_SCADA,1,"2022/10/20 18:15:00",ER03,638.132320
D,DISPATCH,UNIT_SCADA,1,"2022/10/20 18:15:00",ER04,699.241640
D,DISPATCH,UNIT_SCADA,1,"2022/10/20 18:15:00",FINLYSF1,1.351950
D,DISPATCH,UNIT_SCADA,1,"2022/10/20 18:15:00",FISHER,43.94
D,DISPATCH,UNIT_SCADA,1,"2022/10/20 18:15:00",GANGARR1,0
D,DISPATCH,UNIT_SCADA,1,"2022/10/20 18:15:00",GANNBG1,4.705290
D,DISPATCH,UNIT_SCADA,1,"2022/10/20 18:15:00",GANNBL1,0
D,DISPATCH,UNIT_SCADA,1,"2022/10/20 18:15:00",GANNSF1,1.50
D,DISPATCH,UNIT_SCADA,1,"2022/10/20 18:15:00",GLRWNSF1,2.86
D,DISPATCH,UNIT_SCADA,1,"2022/10/20 18:15:00",GNNDHSF1,0
D,DISPATCH,UNIT_SCADA,1,"2022/10/20 18:15:00",GOONSF1,0.169680
D,DISPATCH,UNIT_SCADA,1,"2022/10/20 18:15:00",GORDON,272.092040
D,DISPATCH,UNIT_SCADA,1,"2022/10/20 18:15:00",GRANWF1,0
D,DISPATCH,UNIT_SCADA,1,"2022/10/20 18:15:00",GSTONE1,221.20
D,DISPATCH,UNIT_SCADA,1,"2022/10/20 18:15:00",GSTONE2,0
D,DISPATCH,UNIT_SCADA,1,"2022/10/20 18:15:00",GSTONE3,200.3750
D,DISPATCH,UNIT_SCADA,1,"2022/10/20 18:15:00",GSTONE4,0
D,DISPATCH,UNIT_SCADA,1,"2022/10/20 18:15:00",GSTONE5,219.974990
D,DISPATCH,UNIT_SCADA,1,"2022/10/20 18:15:00",GSTONE6,220.50
D,DISPATCH,UNIT_SCADA,1,"2022/10/20 18:15:00",GULLRSF1,0
D,DISPATCH,UNIT_SCADA,1,"2022/10/20 18:15:00",GULLRWF1,93.663570
D,DISPATCH,UNIT_SCADA,1,"2022/10/20 18:15:00",GULLRWF2,85.586750
D,DISPATCH,UNIT_SCADA,1,"2022/10/20 18:15:00",GUNNING1,0
D,DISPATCH,UNIT_SCADA,1,"2022/10/20 18:15:00",GUTHEGA,67.90
D,DISPATCH,UNIT_SCADA,1,"2022/10/20 18:15:00",HALLWF1,5.46
D,DISPATCH,UNIT_SCADA,1,"2022/10/20 18:15:00",HALLWF2,2.89
D,DISPATCH,UNIT_SCADA,1,"2022/10/20 18:15:00",HAMISF1,0
D,DISPATCH,UNIT_SCADA,1,"2022/10/20 18:15:00",HAUGHT11,0
D,DISPATCH,UNIT_SCADA,1,"2022/10/20 18:15:00",HAYMSF1,0
D,DISPATCH,UNIT_SCADA,1,"2022/10/20 18:15:00",HDWF1,10
D,DISPATCH,UNIT_SCADA,1,"2022/10/20 18:15:00",HDWF2,10.20
D,DISPATCH,UNIT_SCADA,1,"2022/10/20 18:15:00",HDWF3,8.90
D,DISPATCH,UNIT_SCADA,1,"2022/10/20 18:15:00",HILLSTN1,0
D,DISPATCH,UNIT_SCADA,1,"2022/10/20 18:15:00",HPRG1,0
D,DISPATCH,UNIT_SCADA,1,"2022/10/20 18:15:00",HPRL1,0.30
D,DISPATCH,UNIT_SCADA,1,"2022/10/20 18:15:00",HUMENSW,53.847680
D,DISPATCH,UNIT_SCADA,1,"2022/10/20 18:15:00",HUMEV,0
D,DISPATCH,UNIT_SCADA,1,"2022/10/20 18:15:00",HVWWBA1G,0
D,DISPATCH,UNIT_SCADA,1,"2022/10/20 18:15:00",HVWWBA1L,0.0070
D,DISPATCH,UNIT_SCADA,1,"2022/10/20 18:15:00",HVWWPV1,0.74
D,DISPATCH,UNIT_SCADA,1,"2022/10/20 18:15:00",JBUTTERS,4.977570
D,DISPATCH,UNIT_SCADA,1,"2022/10/20 18:15:00",JEMALNG1,1.03
D,DISPATCH,UNIT_SCADA,1,"2022/10/20 18:15:00",JLA01,0
D,DISPATCH,UNIT_SCADA,1,"2022/10/20 18:15:00",JLA02,0
D,DISPATCH,UNIT_SCADA,1,"2022/10/20 18:15:00",JLA03,0
D,DISPATCH,UNIT_SCADA,1,"2022/10/20 18:15:00",JLA04,0
D,DISPATCH,UNIT_SCADA,1,"2022/10/20 18:15:00",JLB01,0
D,DISPATCH,UNIT_SCADA,1,"2022/10/20 18:15:00",JLB02,0.10
D,DISPATCH,UNIT_SCADA,1,"2022/10/20 18:15:00",JLB03,0
D,DISPATCH,UNIT_SCADA,1,"2022/10/20 18:15:00",JUNEESF1,0.238970
D,DISPATCH,UNIT_SCADA,1,"2022/10/20 18:15:00",KABANWF1,0
D,DISPATCH,UNIT_SCADA,1,"2022/10/20 18:15:00",KAREEYA1,0
D,DISPATCH,UNIT_SCADA,1,"2022/10/20 18:15:00",KAREEYA2,0
D,DISPATCH,UNIT_SCADA,1,"2022/10/20 18:15:00",KAREEYA3,4.8275
D,DISPATCH,UNIT_SCADA,1,"2022/10/20 18:15:00",KAREEYA4,0
D,DISPATCH,UNIT_SCADA,1,"2022/10/20 18:15:00",KARSF1,6.10
D,DISPATCH,UNIT_SCADA,1,"2022/10/20 18:15:00",KEPSF1,0.02
D,DISPATCH,UNIT_SCADA,1,"2022/10/20 18:15:00",KEPWF1,10.15
D,DISPATCH,UNIT_SCADA,1,"2022/10/20 18:15:00",KIAMSF1,0
D,DISPATCH,UNIT_SCADA,1,"2022/10/20 18:15:00",KIATAWF1,5.90
D,DISPATCH,UNIT_SCADA,1,"2022/10/20 18:15:00",KPP_1,0
D,DISPATCH,UNIT_SCADA,1,"2022/10/20 18:15:00",KSP1,2.01
D,DISPATCH,UNIT_SCADA,1,"2022/10/20 18:15:00",LADBROK1,0.01
D,DISPATCH,UNIT_SCADA,1,"2022/10/20 18:15:00",LADBROK2,0.02
D,DISPATCH,UNIT_SCADA,1,"2022/10/20 18:15:00",LBBG1,2.40
D,DISPATCH,UNIT_SCADA,1,"2022/10/20 18:15:00",LBBL1,0
D,DISPATCH,UNIT_SCADA,1,"2022/10/20 18:15:00",LD01,378.7103
D,DISPATCH,UNIT_SCADA,1,"2022/10/20 18:15:00",LD02,36.915190
D,DISPATCH,UNIT_SCADA,1,"2022/10/20 18:15:00",LD04,317.276520
D,DISPATCH,UNIT_SCADA,1,"2022/10/20 18:15:00",LEM_WIL,86.859660
D,DISPATCH,UNIT_SCADA,1,"2022/10/20 18:15:00",LGAPWF1,79.02
D,DISPATCH,UNIT_SCADA,1,"2022/10/20 18:15:00",LGAPWF2,50.10
D,DISPATCH,UNIT_SCADA,1,"2022/10/20 18:15:00",LILYSF1,0
D,DISPATCH,UNIT_SCADA,1,"2022/10/20 18:15:00",LIMOSF11,12.382240
D,DISPATCH,UNIT_SCADA,1,"2022/10/20 18:15:00",LIMOSF21,1.411610
D,DISPATCH,UNIT_SCADA,1,"2022/10/20 18:15:00",LI_WY_CA,63.125340
D,DISPATCH,UNIT_SCADA,1,"2022/10/20 18:15:00",LKBONNY1,16.611560
D,DISPATCH,UNIT_SCADA,1,"2022/10/20 18:15:00",LKBONNY2,28.841470
D,DISPATCH,UNIT_SCADA,1,"2022/10/20 18:15:00",LKBONNY3,3.740080
D,DISPATCH,UNIT_SCADA,1,"2022/10/20 18:15:00",LK_ECHO,0
D,DISPATCH,UNIT_SCADA,1,"2022/10/20 18:15:00",LNGS1,0
D,DISPATCH,UNIT_SCADA,1,"2022/10/20 18:15:00",LNGS2,0
D,DISPATCH,UNIT_SCADA,1,"2022/10/20 18:15:00",LONSDALE,0
D,DISPATCH,UNIT_SCADA,1,"2022/10/20 18:15:00",LOYYB1,580.8266
D,DISPATCH,UNIT_SCADA,1,"2022/10/20 18:15:00",LOYYB2,574.8114
D,DISPATCH,UNIT_SCADA,1,"2022/10/20 18:15:00",LYA1,559
D,DISPATCH,UNIT_SCADA,1,"2022/10/20 18:15:00",LYA2,0
D,DISPATCH,UNIT_SCADA,1,"2022/10/20 18:15:00",LYA3,555
D,DISPATCH,UNIT_SCADA,1,"2022/10/20 18:15:00",LYA4,557
D,DISPATCH,UNIT_SCADA,1,"2022/10/20 18:15:00",MACARTH1,39.199090
D,DISPATCH,UNIT_SCADA,1,"2022/10/20 18:15:00",MACKNTSH,74.38
D,DISPATCH,UNIT_SCADA,1,"2022/10/20 18:15:00",MANSLR1,0
D,DISPATCH,UNIT_SCADA,1,"2022/10/20 18:15:00",MAPS2PV1,0
D,DISPATCH,UNIT_SCADA,1,"2022/10/20 18:15:00",MAPS3PV1,0
D,DISPATCH,UNIT_SCADA,1,"2022/10/20 18:15:00",MARYRSF1,0
D,DISPATCH,UNIT_SCADA,1,"2022/10/20 18:15:00",MBPS2PV1,0
D,DISPATCH,UNIT_SCADA,1,"2022/10/20 18:15:00",MCKAY1,219.83
D,DISPATCH,UNIT_SCADA,1,"2022/10/20 18:15:00",MEADOWBK,19.920260
D,DISPATCH,UNIT_SCADA,1,"2022/10/20 18:15:00",MERCER01,13.40
D,DISPATCH,UNIT_SCADA,1,"2022/10/20 18:15:00",METZSF1,0
D,DISPATCH,UNIT_SCADA,1,"2022/10/20 18:15:00",MEWF1,0
D,DISPATCH,UNIT_SCADA,1,"2022/10/20 18:15:00",MIDDLSF1,0
D,DISPATCH,UNIT_SCADA,1,"2022/10/20 18:15:00",MINTARO,0.128180
D,DISPATCH,UNIT_SCADA,1,"2022/10/20 18:15:00",MOLNGSF1,0
D,DISPATCH,UNIT_SCADA,1,"2022/10/20 18:15:00",MOORAWF1,25.96
D,DISPATCH,UNIT_SCADA,1,"2022/10/20 18:15:00",MOREESF1,0
D,DISPATCH,UNIT_SCADA,1,"2022/10/20 18:15:00",MORTLK11,0
D,DISPATCH,UNIT_SCADA,1,"2022/10/20 18:15:00",MORTLK12,0
D,DISPATCH,UNIT_SCADA,1,"2022/10/20 18:15:00",MOUSF1,0
D,DISPATCH,UNIT_SCADA,1,"2022/10/20 18:15:00",MP1,0
D,DISPATCH,UNIT_SCADA,1,"2022/10/20 18:15:00",MP2,638.815920
D,DISPATCH,UNIT_SCADA,1,"2022/10/20 18:15:00",MPP_1,181.570420
D,DISPATCH,UNIT_SCADA,1,"2022/10/20 18:15:00",MPP_2,179.891890
D,DISPATCH,UNIT_SCADA,1,"2022/10/20 18:15:00",MRTLSWF1,0
D,DISPATCH,UNIT_SCADA,1,"2022/10/20 18:15:00",MSTUART1,0
D,DISPATCH,UNIT_SCADA,1,"2022/10/20 18:15:00",MSTUART2,0
D,DISPATCH,UNIT_SCADA,1,"2022/10/20 18:15:00",MSTUART3,0
D,DISPATCH,UNIT_SCADA,1,"2022/10/20 18:15:00",MTGELWF1,64.691610
D,DISPATCH,UNIT_SCADA,1,"2022/10/20 18:15:00",MTMILLAR,13.90
D,DISPATCH,UNIT_SCADA,1,"2022/10/20 18:15:00",MURRAY,477.100010
D,DISPATCH,UNIT_SCADA,1,"2022/10/20 18:15:00",MUSSELR1,3.80
D,DISPATCH,UNIT_SCADA,1,"2022/10/20 18:15:00",MUWAWF1,4.16
D,DISPATCH,UNIT_SCADA,1,"2022/10/20 18:15:00",MUWAWF2,12.70
D,DISPATCH,UNIT_SCADA,1,"2022/10/20 18:15:00",MWPS1PV1,0.35
D,DISPATCH,UNIT_SCADA,1,"2022/10/20 18:15:00",MWPS2PV1,0.06
D,DISPATCH,UNIT_SCADA,1,"2022/10/20 18:15:00",MWPS3PV1,0.08
D,DISPATCH,UNIT_SCADA,1,"2022/10/20 18:15:00",MWPS4PV1,1.93
D,DISPATCH,UNIT_SCADA,1,"2022/10/20 18:15:00",NBHWF1,4.70
D,DISPATCH,UNIT_SCADA,1,"2022/10/20 18:15:00",NEVERSF1,0.18
D,DISPATCH,UNIT_SCADA,1,"2022/10/20 18:15:00",NPS,0
D,DISPATCH,UNIT_SCADA,1,"2022/10/20 18:15:00",NUMURSF1,2.50
D,DISPATCH,UNIT_SCADA,1,"2022/10/20 18:15:00",NYNGAN1,1.25
D,DISPATCH,UNIT_SCADA,1,"2022/10/20 18:15:00",OAKEY1,126.269680
D,DISPATCH,UNIT_SCADA,1,"2022/10/20 18:15:00",OAKEY1SF,0
D,DISPATCH,UNIT_SCADA,1,"2022/10/20 18:15:00",OAKEY2,0
D,DISPATCH,UNIT_SCADA,1,"2022/10/20 18:15:00",OAKEY2SF,0
D,DISPATCH,UNIT_SCADA,1,"2022/10/20 18:15:00",OAKLAND1,23.30
D,DISPATCH,UNIT_SCADA,1,"2022/10/20 18:15:00",OSB-AG,175.899990
D,DISPATCH,UNIT_SCADA,1,"2022/10/20 18:15:00",PAREPS1,0
D,DISPATCH,UNIT_SCADA,1,"2022/10/20 18:15:00",PAREPW1,171.53
D,DISPATCH,UNIT_SCADA,1,"2022/10/20 18:15:00",PARSF1,0.3006
D,DISPATCH,UNIT_SCADA,1,"2022/10/20 18:15:00",POAT110,3.19
D,DISPATCH,UNIT_SCADA,1,"2022/10/20 18:15:00",POAT220,0
D,DISPATCH,UNIT_SCADA,1,"2022/10/20 18:15:00",POR01,0.008670
D,DISPATCH,UNIT_SCADA,1,"2022/10/20 18:15:00",POR03,0
D,DISPATCH,UNIT_SCADA,1,"2022/10/20 18:15:00",PPCCGT,192.343030
D,DISPATCH,UNIT_SCADA,1,"2022/10/20 18:15:00",PTSTAN1,0
D,DISPATCH,UNIT_SCADA,1,"2022/10/20 18:15:00",PUMP1,0
D,DISPATCH,UNIT_SCADA,1,"2022/10/20 18:15:00",PUMP2,0
D,DISPATCH,UNIT_SCADA,1,"2022/10/20 18:15:00",QBYNBG1,0.0005
D,DISPATCH,UNIT_SCADA,1,"2022/10/20 18:15:00",QBYNBL1,0
D,DISPATCH,UNIT_SCADA,1,"2022/10/20 18:15:00",QPS1,0
D,DISPATCH,UNIT_SCADA,1,"2022/10/20 18:15:00",QPS2,0
D,DISPATCH,UNIT_SCADA,1,"2022/10/20 18:15:00",QPS3,0
D,DISPATCH,UNIT_SCADA,1,"2022/10/20 18:15:00",QPS4,0
D,DISPATCH,UNIT_SCADA,1,"2022/10/20 18:15:00",QPS5,116.38
D,DISPATCH,UNIT_SCADA,1,"2022/10/20 18:15:00",REECE1,89.0535
D,DISPATCH,UNIT_SCADA,1,"2022/10/20 18:15:00",REECE2,94.52
D,DISPATCH,UNIT_SCADA,1,"2022/10/20 18:15:00",ROMA_7,0
D,DISPATCH,UNIT_SCADA,1,"2022/10/20 18:15:00",ROMA_8,0
D,DISPATCH,UNIT_SCADA,1,"2022/10/20 18:15:00",RRSF1,0
D,DISPATCH,UNIT_SCADA,1,"2022/10/20 18:15:00",RT_NSW1,0
D,DISPATCH,UNIT_SCADA,1,"2022/10/20 18:15:00",RT_NSW2,0
D,DISPATCH,UNIT_SCADA,1,"2022/10/20 18:15:00",RT_NSW3,0
D,DISPATCH,UNIT_SCADA,1,"2022/10/20 18:15:00",RT_NSW4,0
D,DISPATCH,UNIT_SCADA,1,"2022/10/20 18:15:00",RT_NSW5,0
D,DISPATCH,UNIT_SCADA,1,"2022/10/20 18:15:00",RT_NSW6,0
D,DISPATCH,UNIT_SCADA,1,"2022/10/20 18:15:00",RT_QLD1,0
D,DISPATCH,UNIT_SCADA,1,"2022/10/20 18:15:00",RT_SA1,0
D,DISPATCH,UNIT_SCADA,1,"2022/10/20 18:15:00",RT_SA2,0
D,DISPATCH,UNIT_SCADA,1,"2022/10/20 18:15:00",RT_SA3,0
D,DISPATCH,UNIT_SCADA,1,"2022/10/20 18:15:00",RT_SA4,0
D,DISPATCH,UNIT_SCADA,1,"2022/10/20 18:15:00",RT_SA5,0
D,DISPATCH,UNIT_SCADA,1,"2022/10/20 18:15:00",RT_SA6,0
D,DISPATCH,UNIT_SCADA,1,"2022/10/20 18:15:00",RT_TAS1,0
D,DISPATCH,UNIT_SCADA,1,"2022/10/20 18:15:00",RT_VIC1,0
D,DISPATCH,UNIT_SCADA,1,"2022/10/20 18:15:00",RT_VIC10,0
D,DISPATCH,UNIT_SCADA,1,"2022/10/20 18:15:00",RT_VIC11,0
D,DISPATCH,UNIT_SCADA,1,"2022/10/20 18:15:00",RT_VIC12,0
D,DISPATCH,UNIT_SCADA,1,"2022/10/20 18:15:00",RT_VIC2,0
D,DISPATCH,UNIT_SCADA,1,"2022/10/20 18:15:00",RT_VIC3,0
D,DISPATCH,UNIT_SCADA,1,"2022/10/20 18:15:00",RT_VIC4,0
D,DISPATCH,UNIT_SCADA,1,"2022/10/20 18:15:00",RT_VIC5,0
D,DISPATCH,UNIT_SCADA,1,"2022/10/20 18:15:00",RT_VIC6,0
D,DISPATCH,UNIT_SCADA,1,"2022/10/20 18:15:00",RT_VIC7,0
D,DISPATCH,UNIT_SCADA,1,"2022/10/20 18:15:00",RT_VIC8,0
D,DISPATCH,UNIT_SCADA,1,"2022/10/20 18:15:00",RT_VIC9,0
D,DISPATCH,UNIT_SCADA,1,"2022/10/20 18:15:00",RUGBYR1,0
D,DISPATCH,UNIT_SCADA,1,"2022/10/20 18:15:00",SALTCRK1,29.02
D,DISPATCH,UNIT_SCADA,1,"2022/10/20 18:15:00",SAPHWF1,169.462110
D,DISPATCH,UNIT_SCADA,1,"2022/10/20 18:15:00",SEBSF1,0.800220
D,DISPATCH,UNIT_SCADA,1,"2022/10/20 18:15:00",SHGEN,80.748480
D,DISPATCH,UNIT_SCADA,1,"2022/10/20 18:15:00",SHPUMP,0
D,DISPATCH,UNIT_SCADA,1,"2022/10/20 18:15:00",SITHE01,0.123710
D,DISPATCH,UNIT_SCADA,1,"2022/10/20 18:15:00",SMCSF1,0
D,DISPATCH,UNIT_SCADA,1,"2022/10/20 18:15:00",SNAPPER1,0
D,DISPATCH,UNIT_SCADA,1,"2022/10/20 18:15:00",SNOWNTH1,65.70
D,DISPATCH,UNIT_SCADA,1,"2022/10/20 18:15:00",SNOWSTH1,23.40
D,DISPATCH,UNIT_SCADA,1,"2022/10/20 18:15:00",SNOWTWN1,37.833710
D,DISPATCH,UNIT_SCADA,1,"2022/10/20 18:15:00",SNOWYP,0
D,DISPATCH,UNIT_SCADA,1,"2022/10/20 18:15:00",SNUG1,0
D,DISPATCH,UNIT_SCADA,1,"2022/10/20 18:15:00",SRSF1,0
D,DISPATCH,UNIT_SCADA,1,"2022/10/20 18:15:00",STAN-1,278.146270
D,DISPATCH,UNIT_SCADA,1,"2022/10/20 18:15:00",STAN-2,362.589940
D,DISPATCH,UNIT_SCADA,1,"2022/10/20 18:15:00",STAN-3,364.897130
D,DISPATCH,UNIT_SCADA,1,"2022/10/20 18:15:00",STAN-4,363.615360
D,DISPATCH,UNIT_SCADA,1,"2022/10/20 18:15:00",STARHLWF,13.895950
D,DISPATCH,UNIT_SCADA,1,"2022/10/20 18:15:00",STOCKYD1,214.679990
D,DISPATCH,UNIT_SCADA,1,"2022/10/20 18:15:00",STWF1,63.639280
D,DISPATCH,UNIT_SCADA,1,"2022/10/20 18:15:00",SUNRSF1,9.0959
D,DISPATCH,UNIT_SCADA,1,"2022/10/20 18:15:00",SUNTPSF1,0
D,DISPATCH,UNIT_SCADA,1,"2022/10/20 18:15:00",SWAN_E,352.114380
D,DISPATCH,UNIT_SCADA,1,"2022/10/20 18:15:00",TALWA1,0
D,DISPATCH,UNIT_SCADA,1,"2022/10/20 18:15:00",TARALGA1,0
D,DISPATCH,UNIT_SCADA,1,"2022/10/20 18:15:00",TARONG#1,348.50
D,DISPATCH,UNIT_SCADA,1,"2022/10/20 18:15:00",TARONG#2,349.200010
D,DISPATCH,UNIT_SCADA,1,"2022/10/20 18:15:00",TARONG#3,0.90
D,DISPATCH,UNIT_SCADA,1,"2022/10/20 18:15:00",TARONG#4,281.800020
D,DISPATCH,UNIT_SCADA,1,"2022/10/20 18:15:00",TARRALEA,54
D,DISPATCH,UNIT_SCADA,1,"2022/10/20 18:15:00",TBSF1,3.80
D,DISPATCH,UNIT_SCADA,1,"2022/10/20 18:15:00",TNPS1,420.4375
D,DISPATCH,UNIT_SCADA,1,"2022/10/20 18:15:00",TORRB1,0
D,DISPATCH,UNIT_SCADA,1,"2022/10/20 18:15:00",TORRB2,70
D,DISPATCH,UNIT_SCADA,1,"2022/10/20 18:15:00",TORRB3,0
D,DISPATCH,UNIT_SCADA,1,"2022/10/20 18:15:00",TORRB4,0
D,DISPATCH,UNIT_SCADA,1,"2022/10/20 18:15:00",TREVALLN,98.8089
D,DISPATCH,UNIT_SCADA,1,"2022/10/20 18:15:00",TRIBUTE,0
D,DISPATCH,UNIT_SCADA,1,"2022/10/20 18:15:00",TUMUT3,378.909970
D,DISPATCH,UNIT_SCADA,1,"2022/10/20 18:15:00",TUNGATIN,3.400020
D,DISPATCH,UNIT_SCADA,1,"2022/10/20 18:15:00",TVCC201,0
D,DISPATCH,UNIT_SCADA,1,"2022/10/20 18:15:00",TVPP104,57.787490
D,DISPATCH,UNIT_SCADA,1,"2022/10/20 18:15:00",UPPTUMUT,118.537860
D,DISPATCH,UNIT_SCADA,1,"2022/10/20 18:15:00",URANQ11,0
D,DISPATCH,UNIT_SCADA,1,"2022/10/20 18:15:00",URANQ12,0
D,DISPATCH,UNIT_SCADA,1,"2022/10/20 18:15:00",URANQ13,0
D,DISPATCH,UNIT_SCADA,1,"2022/10/20 18:15:00",URANQ14,154.680710
D,DISPATCH,UNIT_SCADA,1,"2022/10/20 18:15:00",VBBG1,3.10
D,DISPATCH,UNIT_SCADA,1,"2022/10/20 18:15:00",VBBL1,0
D,DISPATCH,UNIT_SCADA,1,"2022/10/20 18:15:00",VP5,571.550660
D,DISPATCH,UNIT_SCADA,1,"2022/10/20 18:15:00",VP6,630.097350
D,DISPATCH,UNIT_SCADA,1,"2022/10/20 18:15:00",VPGS1,0
D,DISPATCH,UNIT_SCADA,1,"2022/10/20 18:15:00",VPGS2,0
D,DISPATCH,UNIT_SCADA,1,"2022/10/20 18:15:00",VPGS3,0
D,DISPATCH,UNIT_SCADA,1,"2022/10/20 18:15:00",VPGS4,0
D,DISPATCH,UNIT_SCADA,1,"2022/10/20 18:15:00",VPGS5,0
D,DISPATCH,UNIT_SCADA,1,"2022/10/20 18:15:00",VPGS6,0
D,DISPATCH,UNIT_SCADA,1,"2022/10/20 18:15:00",W/HOE#1,218.659990
D,DISPATCH,UNIT_SCADA,1,"2022/10/20 18:15:00",W/HOE#2,0
D,DISPATCH,UNIT_SCADA,1,"2022/10/20 18:15:00",WAGGNSF1,0
D,DISPATCH,UNIT_SCADA,1,"2022/10/20 18:15:00",WALGRVG1,1.168150
D,DISPATCH,UNIT_SCADA,1,"2022/10/20 18:15:00",WALGRVL1,0
D,DISPATCH,UNIT_SCADA,1,"2022/10/20 18:15:00",WANDBG1,49.949560
D,DISPATCH,UNIT_SCADA,1,"2022/10/20 18:15:00",WANDBL1,0
D,DISPATCH,UNIT_SCADA,1,"2022/10/20 18:15:00",WARWSF1,0
D,DISPATCH,UNIT_SCADA,1,"2022/10/20 18:15:00",WARWSF2,0
D,DISPATCH,UNIT_SCADA,1,"2022/10/20 18:15:00",WATERLWF,0
D,DISPATCH,UNIT_SCADA,1,"2022/10/20 18:15:00",WDGPH1,0
D,DISPATCH,UNIT_SCADA,1,"2022/10/20 18:15:00",WELLSF1,1.297020
D,DISPATCH,UNIT_SCADA,1,"2022/10/20 18:15:00",WEMENSF1,2.80
D,DISPATCH,UNIT_SCADA,1,"2022/10/20 18:15:00",WGWF1,9
D,DISPATCH,UNIT_SCADA,1,"2022/10/20 18:15:00",WHITSF1,0
D,DISPATCH,UNIT_SCADA,1,"2022/10/20 18:15:00",WINTSF1,2.22
D,DISPATCH,UNIT_SCADA,1,"2022/10/20 18:15:00",WKIEWA1,33.90
D,DISPATCH,UNIT_SCADA,1,"2022/10/20 18:15:00",WKIEWA2,34
D,DISPATCH,UNIT_SCADA,1,"2022/10/20 18:15:00",WOODLWN1,37.771570
D,DISPATCH,UNIT_SCADA,1,"2022/10/20 18:15:00",WOOLGSF1,0
D,DISPATCH,UNIT_SCADA,1,"2022/10/20 18:15:00",WPWF,30.08
D,DISPATCH,UNIT_SCADA,1,"2022/10/20 18:15:00",WRSF1,0
D,DISPATCH,UNIT_SCADA,1,"2022/10/20 18:15:00",WRWF1,81.134660
D,DISPATCH,UNIT_SCADA,1,"2022/10/20 18:15:00",WSTWYSF1,0
D,DISPATCH,UNIT_SCADA,1,"2022/10/20 18:15:00",YABULU,150.480010
D,DISPATCH,UNIT_SCADA,1,"2022/10/20 18:15:00",YABULU2,0
D,DISPATCH,UNIT_SCADA,1,"2022/10/20 18:15:00",YARANSF1,0
D,DISPATCH,UNIT_SCADA,1,"2022/10/20 18:15:00",YARWUN_1,162.379990
D,DISPATCH,UNIT_SCADA,1,"2022/10/20 18:15:00",YATSF1,8.74
D,DISPATCH,UNIT_SCADA,1,"2022/10/20 18:15:00",YENDWF1,24.62
D,DISPATCH,UNIT_SCADA,1,"2022/10/20 18:15:00",YWPS1,353.131650
D,DISPATCH,UNIT_SCADA,1,"2022/10/20 18:15:00",YWPS2,307.265810
D,DISPATCH,UNIT_SCADA,1,"2022/10/20 18:15:00",YWPS3,357.694950
D,DISPATCH,UNIT_SCADA,1,"2022/10/20 18:15:00",YWPS4,0
C,"END OF REPORT",419
