C,NEMP.WORLD,DISPATCHSCADA,AEMO,PUBLIC,2022/10/20,07:45:10,0000000373238499,DISPATCHSCADA,0000000373238493
I,DISPATCH,UNIT_SCADA,1,SETTLEMENTDATE,DUID,SCADAVALUE
D,DISPATCH,UNIT_SCADA,1,"2022/10/20 07:50:00",BARCSF1,1.40
D,DISPATCH,UNIT_SCADA,1,"2022/10/20 07:50:00",BUTLERSG,8.699999
D,DISPATCH,UNIT_SCADA,1,"2022/10/20 07:50:00",CAPTL_WF,61.602501
D,DISPATCH,UNIT_SCADA,1,"2022/10/20 07:50:00",CHALLHWF,12.30
D,DISPATCH,UNIT_SCADA,1,"2022/10/20 07:50:00",CLOVER,13.37
D,DISPATCH,UNIT_SCADA,1,"2022/10/20 07:50:00",CLUNY,6.172122
D,DISPATCH,UNIT_SCADA,1,"2022/10/20 07:50:00",CULLRGWF,-0.05
D,DISPATCH,UNIT_SCADA,1,"2022/10/20 07:50:00",DIAPURWF1,7.30
D,DISPATCH,UNIT_SCADA,1,"2022/10/20 07:50:00",ERGT01,0
D,DISPATCH,UNIT_SCADA,1,"2022/10/20 07:50:00",GB01,0
D,DISPATCH,UNIT_SCADA,1,"2022/10/20 07:50:00",GERMCRK,22.799999
D,DISPATCH,UNIT_SCADA,1,"2022/10/20 07:50:00",GRIFSF1,2.699321
D,DISPATCH,UNIT_SCADA,1,"2022/10/20 07:50:00",HEZ1,0
D,DISPATCH,UNIT_SCADA,1,"2022/10/20 07:50:00",HUGSF1,1.7330
D,DISPATCH,UNIT_SCADA,1,"2022/10/20 07:50:00",KEPBG1,0.01
D,DISPATCH,UNIT_SCADA,1,"2022/10/20 07:50:00",LRSF1,6.6140
D,DISPATCH,UNIT_SCADA,1,"2022/10/20 07:50:00",MBAHNTH,45.243744
D,DISPATCH,UNIT_SCADA,1,"2022/10/20 07:50:00",MLSP1,5.843001
D,DISPATCH,UNIT_SCADA,1,"2022/10/20 07:50:00",MLWF1,7.0050
D,DISPATCH,UNIT_SCADA,1,"2022/10/20 07:50:00",PALOONA,30.15
D,DISPATCH,UNIT_SCADA,1,"2022/10/20 07:50:00",PIONEER,38.799999
D,DISPATCH,UNIT_SCADA,1,"2022/10/20 07:50:00",PORTWF,56.200001
D,DISPATCH,UNIT_SCADA,1,"2022/10/20 07:50:00",REPULSE,9.499046
D,DISPATCH,UNIT_SCADA,1,"2022/10/20 07:50:00",ROWALLAN,8.7259
D,DISPATCH,UNIT_SCADA,1,"2022/10/20 07:50:00",ROYALLA1,9.893003
D,DISPATCH,UNIT_SCADA,1,"2022/10/20 07:50:00",RPCG,-1.20
D,DISPATCH,UNIT_SCADA,1,"2022/10/20 07:50:00",RUBICON,0
D,DISPATCH,UNIT_SCADA,1,"2022/10/20 07:50:00",WAUBRAWF,45.856998
D,DISPATCH,UNIT_SCADA,1,"2022/10/20 07:50:00",WOOLNTH1,11.37
D,DISPATCH,UNIT_SCADA,1,"2022/10/20 07:50:00",YAMBUKWF,6.10
D,DISPATCH,UNIT_SCADA,1,"2022/10/20 07:50:00",YSWF1,0.40
D,DISPATCH,UNIT_SCADA,1,"2022/10/20 07:50:00",ADPBA1G,0.0080
D,DISPATCH,UNIT_SCADA,1,"2022/10/20 07:50:00",ADPBA1L,0
D,DISPATCH,UNIT_SCADA,1,"2022/10/20 07:50:00",ADPPV1,0.4030
D,DISPATCH,UNIT_SCADA,1,"2022/10/20 07:50:00",AGLHAL,0
D,DISPATCH,UNIT_SCADA,1,"2022/10/20 07:50:00",AGLSOM,0
D,DISPATCH,UNIT_SCADA,1,"2022/10/20 07:50:00",ANGAST1,0
D,DISPATCH,UNIT_SCADA,1,"2022/10/20 07:50:00",ARWF1,22.80
D,DISPATCH,UNIT_SCADA,1,"2022/10/20 07:50:00",BALBG1,0
D,DISPATCH,UNIT_SCADA,1,"2022/10/20 07:50:00",BALBL1,0
D,DISPATCH,UNIT_SCADA,1,"2022/10/20 07:50:00",BALDHWF1,2.9160
D,DISPATCH,UNIT_SCADA,1,"2022/10/20 07:50:00",BANGOWF1,30.198220
D,DISPATCH,UNIT_SCADA,1,"2022/10/20 07:50:00",BANGOWF2,32.198440
D,DISPATCH,UNIT_SCADA,1,"2022/10/20 07:50:00",BANN1,10.05
D,DISPATCH,UNIT_SCADA,1,"2022/10/20 07:50:00",BARCALDN,0
D,DISPATCH,UNIT_SCADA,1,"2022/10/20 07:50:00",BARKIPS1,0
D,DISPATCH,UNIT_SCADA,1,"2022/10/20 07:50:00",BARRON-1,28.04
D,DISPATCH,UNIT_SCADA,1,"2022/10/20 07:50:00",BARRON-2,0
D,DISPATCH,UNIT_SCADA,1,"2022/10/20 07:50:00",BASTYAN,50.49
D,DISPATCH,UNIT_SCADA,1,"2022/10/20 07:50:00",BBTHREE1,0
D,DISPATCH,UNIT_SCADA,1,"2022/10/20 07:50:00",BBTHREE2,0
D,DISPATCH,UNIT_SCADA,1,"2022/10/20 07:50:00",BBTHREE3,-1.06
D,DISPATCH,UNIT_SCADA,1,"2022/10/20 07:50:00",BDL01,0
D,DISPATCH,UNIT_SCADA,1,"2022/10/20 07:50:00",BDL02,0
D,DISPATCH,UNIT_SCADA,1,"2022/10/20 07:50:00",BERYLSF1,7.701030
D,DISPATCH,UNIT_SCADA,1,"2022/10/20 07:50:00",BLOWERNG,62.60
D,DISPATCH,UNIT_SCADA,1,"2022/10/20 07:50:00",BLUEGSF1,16.287230
D,DISPATCH,UNIT_SCADA,1,"2022/10/20 07:50:00",BLUFF1,6
D,DISPATCH,UNIT_SCADA,1,"2022/10/20 07:50:00",BNGSF1,24.67
D,DISPATCH,UNIT_SCADA,1,"2022/10/20 07:50:00",BNGSF2,24.90
D,DISPATCH,UNIT_SCADA,1,"2022/10/20 07:50:00",BOCORWF1,0
D,DISPATCH,UNIT_SCADA,1,"2022/10/20 07:50:00",BODWF1,101.662020
D,DISPATCH,UNIT_SCADA,1,"2022/10/20 07:50:00",BOMENSF1,23.663080
D,DISPATCH,UNIT_SCADA,1,"2022/10/20 07:50:00",BOWWBA1G,0
D,DISPATCH,UNIT_SCADA,1,"2022/10/20 07:50:00",BOWWBA1L,0.0010
D,DISPATCH,UNIT_SCADA,1,"2022/10/20 07:50:00",BOWWPV1,0.0010
D,DISPATCH,UNIT_SCADA,1,"2022/10/20 07:50:00",BRAEMAR1,0
D,DISPATCH,UNIT_SCADA,1,"2022/10/20 07:50:00",BRAEMAR2,0
D,DISPATCH,UNIT_SCADA,1,"2022/10/20 07:50:00",BRAEMAR3,0
D,DISPATCH,UNIT_SCADA,1,"2022/10/20 07:50:00",BRAEMAR5,0.292060
D,DISPATCH,UNIT_SCADA,1,"2022/10/20 07:50:00",BRAEMAR6,0
D,DISPATCH,UNIT_SCADA,1,"2022/10/20 07:50:00",BRAEMAR7,0.130920
D,DISPATCH,UNIT_SCADA,1,"2022/10/20 07:50:00",BROKENH1,3.799940
D,DISPATCH,UNIT_SCADA,1,"2022/10/20 07:50:00",BRYB1WF1,118.498510
D,DISPATCH,UNIT_SCADA,1,"2022/10/20 07:50:00",BULBESG1,0
D,DISPATCH,UNIT_SCADA,1,"2022/10/20 07:50:00",BULBESL1,10.63
D,DISPATCH,UNIT_SCADA,1,"2022/10/20 07:50:00",BULGANA1,26.20
D,DISPATCH,UNIT_SCADA,1,"2022/10/20 07:50:00",BW01,659.031070
D,DISPATCH,UNIT_SCADA,1,"2022/10/20 07:50:00",BW02,617.38
D,DISPATCH,UNIT_SCADA,1,"2022/10/20 07:50:00",BW03,548.091860
D,DISPATCH,UNIT_SCADA,1,"2022/10/20 07:50:00",BW04,0
D,DISPATCH,UNIT_SCADA,1,"2022/10/20 07:50:00",CALL_B_1,318.200010
D,DISPATCH,UNIT_SCADA,1,"2022/10/20 07:50:00",CALL_B_2,316.50
D,DISPATCH,UNIT_SCADA,1,"2022/10/20 07:50:00",CATHROCK,3.20
D,DISPATCH,UNIT_SCADA,1,"2022/10/20 07:50:00",CBWWBA1G,0
D,DISPATCH,UNIT_SCADA,1,"2022/10/20 07:50:00",CBWWBA1L,0
D,DISPATCH,UNIT_SCADA,1,"2022/10/20 07:50:00",CETHANA,98.1845
D,DISPATCH,UNIT_SCADA,1,"2022/10/20 07:50:00",CG1,0
D,DISPATCH,UNIT_SCADA,1,"2022/10/20 07:50:00",CG2,0
D,DISPATCH,UNIT_SCADA,1,"2022/10/20 07:50:00",CG3,0
D,DISPATCH,UNIT_SCADA,1,"2022/10/20 07:50:00",CG4,0
D,DISPATCH,UNIT_SCADA,1,"2022/10/20 07:50:00",CHILDSF1,5.76
D,DISPATCH,UNIT_SCADA,1,"2022/10/20 07:50:00",CHYTWF1,0
D,DISPATCH,UNIT_SCADA,1,"2022/10/20 07:50:00",CLARESF1,80.642040
D,DISPATCH,UNIT_SCADA,1,"2022/10/20 07:50:00",CLEMGPWF,15.199380
D,DISPATCH,UNIT_SCADA,1,"2022/10/20 07:50:00",CLERMSF1,36.21
D,DISPATCH,UNIT_SCADA,1,"2022/10/20 07:50:00",CNUNDAWF,16.1188
D,DISPATCH,UNIT_SCADA,1,"2022/10/20 07:50:00",COHUNSF1,2.32
D,DISPATCH,UNIT_SCADA,1,"2022/10/20 07:50:00",COLEASF1,21.001370
D,DISPATCH,UNIT_SCADA,1,"2022/10/20 07:50:00",COLUMSF1,11.80
D,DISPATCH,UNIT_SCADA,1,"2022/10/20 07:50:00",COLWF01,127.292280
D,DISPATCH,UNIT_SCADA,1,"2022/10/20 07:50:00",COOPGWF1,343.820010
D,DISPATCH,UNIT_SCADA,1,"2022/10/20 07:50:00",CPP_3,358.325010
D,DISPATCH,UNIT_SCADA,1,"2022/10/20 07:50:00",CPP_4,0
D,DISPATCH,UNIT_SCADA,1,"2022/10/20 07:50:00",CPSA,0
D,DISPATCH,UNIT_SCADA,1,"2022/10/20 07:50:00",CROOKWF2,41.784690
D,DISPATCH,UNIT_SCADA,1,"2022/10/20 07:50:00",CROWLWF1,39.3216
D,DISPATCH,UNIT_SCADA,1,"2022/10/20 07:50:00",CRURWF1,66.299310
D,DISPATCH,UNIT_SCADA,1,"2022/10/20 07:50:00",CRWASF1,19.5840
D,DISPATCH,UNIT_SCADA,1,"2022/10/20 07:50:00",CSPVPS1,11.3710
D,DISPATCH,UNIT_SCADA,1,"2022/10/20 07:50:00",CTHLWF1,0.003050
D,DISPATCH,UNIT_SCADA,1,"2022/10/20 07:50:00",DALNTH01,0.004580
D,DISPATCH,UNIT_SCADA,1,"2022/10/20 07:50:00",DALNTHL1,0
D,DISPATCH,UNIT_SCADA,1,"2022/10/20 07:50:00",DARLSF1,60.683730
D,DISPATCH,UNIT_SCADA,1,"2022/10/20 07:50:00",DARTM1,0
D,DISPATCH,UNIT_SCADA,1,"2022/10/20 07:50:00",DAYDSF1,26.25
D,DISPATCH,UNIT_SCADA,1,"2022/10/20 07:50:00",DDPS1,0
D,DISPATCH,UNIT_SCADA,1,"2022/10/20 07:50:00",DDSF1,4.059650
D,DISPATCH,UNIT_SCADA,1,"2022/10/20 07:50:00",DEVILS_G,58.114570
D,DISPATCH,UNIT_SCADA,1,"2022/10/20 07:50:00",DG_NSW1,0
D,DISPATCH,UNIT_SCADA,1,"2022/10/20 07:50:00",DG_QLD1,0
D,DISPATCH,UNIT_SCADA,1,"2022/10/20 07:50:00",DG_SA1,0
D,DISPATCH,UNIT_SCADA,1,"2022/10/20 07:50:00",DG_TAS1,0
D,DISPATCH,UNIT_SCADA,1,"2022/10/20 07:50:00",DG_VIC1,0
D,DISPATCH,UNIT_SCADA,1,"2022/10/20 07:50:00",DRYCGT1,0
D,DISPATCH,UNIT_SCADA,1,"2022/10/20 07:50:00",DRYCGT2,0
D,DISPATCH,UNIT_SCADA,1,"2022/10/20 07:50:00",DRYCGT3,0
D,DISPATCH,UNIT_SCADA,1,"2022/10/20 07:50:00",DUNDWF1,70.16
D,DISPATCH,UNIT_SCADA,1,"2022/10/20 07:50:00",DUNDWF2,23.46
D,DISPATCH,UNIT_SCADA,1,"2022/10/20 07:50:00",DUNDWF3,67.13
D,DISPATCH,UNIT_SCADA,1,"2022/10/20 07:50:00",EILDON1,59.96
D,DISPATCH,UNIT_SCADA,1,"2022/10/20 07:50:00",EILDON2,59.92
D,DISPATCH,UNIT_SCADA,1,"2022/10/20 07:50:00",ELAINWF1,8.80
D,DISPATCH,UNIT_SCADA,1,"2022/10/20 07:50:00",EMERASF1,0
D,DISPATCH,UNIT_SCADA,1,"2022/10/20 07:50:00",ER01,0
D,DISPATCH,UNIT_SCADA,1,"2022/10/20 07:50:00",ER02,630.466190
D,DISPATCH,UNIT_SCADA,1,"2022/10/20 07:50:00",ER03,632.443730
D,DISPATCH,UNIT_SCADA,1,"2022/10/20 07:50:00",ER04,633.005250
D,DISPATCH,UNIT_SCADA,1,"2022/10/20 07:50:00",FINLYSF1,123.094530
D,DISPATCH,UNIT_SCADA,1,"2022/10/20 07:50:00",FISHER,45.91
D,DISPATCH,UNIT_SCADA,1,"2022/10/20 07:50:00",GANGARR1,8.5460
D,DISPATCH,UNIT_SCADA,1,"2022/10/20 07:50:00",GANNBG1,0
D,DISPATCH,UNIT_SCADA,1,"2022/10/20 07:50:00",GANNBL1,0.4813
D,DISPATCH,UNIT_SCADA,1,"2022/10/20 07:50:00",GANNSF1,28.20
D,DISPATCH,UNIT_SCADA,1,"2022/10/20 07:50:00",GLRWNSF1,109.99
D,DISPATCH,UNIT_SCADA,1,"2022/10/20 07:50:00",GNNDHSF1,9.418860
D,DISPATCH,UNIT_SCADA,1,"2022/10/20 07:50:00",GOONSF1,19.183640
D,DISPATCH,UNIT_SCADA,1,"2022/10/20 07:50:00",GORDON,244.390170
D,DISPATCH,UNIT_SCADA,1,"2022/10/20 07:50:00",GRANWF1,14.86
D,DISPATCH,UNIT_SCADA,1,"2022/10/20 07:50:00",GSTONE1,200.20
D,DISPATCH,UNIT_SCADA,1,"2022/10/20 07:50:00",GSTONE2,0
D,DISPATCH,UNIT_SCADA,1,"2022/10/20 07:50:00",GSTONE3,199.6750
D,DISPATCH,UNIT_SCADA,1,"2022/10/20 07:50:00",GSTONE4,0
D,DISPATCH,UNIT_SCADA,1,"2022/10/20 07:50:00",GSTONE5,200.3750
D,DISPATCH,UNIT_SCADA,1,"2022/10/20 07:50:00",GSTONE6,200.3750
D,DISPATCH,UNIT_SCADA,1,"2022/10/20 07:50:00",GULLRSF1,1.064980
D,DISPATCH,UNIT_SCADA,1,"2022/10/20 07:50:00",GULLRWF1,77.053830
D,DISPATCH,UNIT_SCADA,1,"2022/10/20 07:50:00",GULLRWF2,92.004330
D,DISPATCH,UNIT_SCADA,1,"2022/10/20 07:50:00",GUNNING1,0
D,DISPATCH,UNIT_SCADA,1,"2022/10/20 07:50:00",GUTHEGA,67.70
D,DISPATCH,UNIT_SCADA,1,"2022/10/20 07:50:00",HALLWF1,57.61
D,DISPATCH,UNIT_SCADA,1,"2022/10/20 07:50:00",HALLWF2,52.60
D,DISPATCH,UNIT_SCADA,1,"2022/10/20 07:50:00",HAMISF1,7.60
D,DISPATCH,UNIT_SCADA,1,"2022/10/20 07:50:00",HAUGHT11,29.0345
D,DISPATCH,UNIT_SCADA,1,"2022/10/20 07:50:00",HAYMSF1,8.0570
D,DISPATCH,UNIT_SCADA,1,"2022/10/20 07:50:00",HDWF1,40.20
D,DISPATCH,UNIT_SCADA,1,"2022/10/20 07:50:00",HDWF2,10.20
D,DISPATCH,UNIT_SCADA,1,"2022/10/20 07:50:00",HDWF3,28.50
D,DISPATCH,UNIT_SCADA,1,"2022/10/20 07:50:00",HILLSTN1,2.751870
D,DISPATCH,UNIT_SCADA,1,"2022/10/20 07:50:00",HPRG1,0
D,DISPATCH,UNIT_SCADA,1,"2022/10/20 07:50:00",HPRL1,15.60
D,DISPATCH,UNIT_SCADA,1,"2022/10/20 07:50:00",HUMENSW,54.404470
D,DISPATCH,UNIT_SCADA,1,"2022/10/20 07:50:00",HUMEV,0
D,DISPATCH,UNIT_SCADA,1,"2022/10/20 07:50:00",HVWWBA1G,0
D,DISPATCH,UNIT_SCADA,1,"2022/10/20 07:50:00",HVWWBA1L,0.0060
D,DISPATCH,UNIT_SCADA,1,"2022/10/20 07:50:00",HVWWPV1,0.8350
D,DISPATCH,UNIT_SCADA,1,"2022/10/20 07:50:00",JBUTTERS,0
D,DISPATCH,UNIT_SCADA,1,"2022/10/20 07:50:00",JEMALNG1,4.30
D,DISPATCH,UNIT_SCADA,1,"2022/10/20 07:50:00",JLA01,0
D,DISPATCH,UNIT_SCADA,1,"2022/10/20 07:50:00",JLA02,0
D,DISPATCH,UNIT_SCADA,1,"2022/10/20 07:50:00",JLA03,0
D,DISPATCH,UNIT_SCADA,1,"2022/10/20 07:50:00",JLA04,0
D,DISPATCH,UNIT_SCADA,1,"2022/10/20 07:50:00",JLB01,0
D,DISPATCH,UNIT_SCADA,1,"2022/10/20 07:50:00",JLB02,0.10
D,DISPATCH,UNIT_SCADA,1,"2022/10/20 07:50:00",JLB03,0
D,DISPATCH,UNIT_SCADA,1,"2022/10/20 07:50:00",JUNEESF1,4.209660
D,DISPATCH,UNIT_SCADA,1,"2022/10/20 07:50:00",KABANWF1,0.2520
D,DISPATCH,UNIT_SCADA,1,"2022/10/20 07:50:00",KAREEYA1,17.89
D,DISPATCH,UNIT_SCADA,1,"2022/10/20 07:50:00",KAREEYA2,0
D,DISPATCH,UNIT_SCADA,1,"2022/10/20 07:50:00",KAREEYA3,21.3550
D,DISPATCH,UNIT_SCADA,1,"2022/10/20 07:50:00",KAREEYA4,0
D,DISPATCH,UNIT_SCADA,1,"2022/10/20 07:50:00",KARSF1,23.50
D,DISPATCH,UNIT_SCADA,1,"2022/10/20 07:50:00",KEPSF1,2.38
D,DISPATCH,UNIT_SCADA,1,"2022/10/20 07:50:00",KEPWF1,0
D,DISPATCH,UNIT_SCADA,1,"2022/10/20 07:50:00",KIAMSF1,2.491040
D,DISPATCH,UNIT_SCADA,1,"2022/10/20 07:50:00",KIATAWF1,24
D,DISPATCH,UNIT_SCADA,1,"2022/10/20 07:50:00",KPP_1,0
D,DISPATCH,UNIT_SCADA,1,"2022/10/20 07:50:00",KSP1,46.09
D,DISPATCH,UNIT_SCADA,1,"2022/10/20 07:50:00",LADBROK1,0.01
D,DISPATCH,UNIT_SCADA,1,"2022/10/20 07:50:00",LADBROK2,37.73
D,DISPATCH,UNIT_SCADA,1,"2022/10/20 07:50:00",LBBG1,0
D,DISPATCH,UNIT_SCADA,1,"2022/10/20 07:50:00",LBBL1,10.20
D,DISPATCH,UNIT_SCADA,1,"2022/10/20 07:50:00",LD01,317.807560
D,DISPATCH,UNIT_SCADA,1,"2022/10/20 07:50:00",LD02,0
D,DISPATCH,UNIT_SCADA,1,"2022/10/20 07:50:00",LD04,319.0527
D,DISPATCH,UNIT_SCADA,1,"2022/10/20 07:50:00",LEM_WIL,86.824070
D,DISPATCH,UNIT_SCADA,1,"2022/10/20 07:50:00",LGAPWF1,85.61
D,DISPATCH,UNIT_SCADA,1,"2022/10/20 07:50:00",LGAPWF2,58.26
D,DISPATCH,UNIT_SCADA,1,"2022/10/20 07:50:00",LILYSF1,6.258690
D,DISPATCH,UNIT_SCADA,1,"2022/10/20 07:50:00",LIMOSF11,21.798580
D,DISPATCH,UNIT_SCADA,1,"2022/10/20 07:50:00",LIMOSF21,2.806410
D,DISPATCH,UNIT_SCADA,1,"2022/10/20 07:50:00",LI_WY_CA,76.8084
D,DISPATCH,UNIT_SCADA,1,"2022/10/20 07:50:00",LKBONNY1,0
D,DISPATCH,UNIT_SCADA,1,"2022/10/20 07:50:00",LKBONNY2,6.392970
D,DISPATCH,UNIT_SCADA,1,"2022/10/20 07:50:00",LKBONNY3,0
D,DISPATCH,UNIT_SCADA,1,"2022/10/20 07:50:00",LK_ECHO,0
D,DISPATCH,UNIT_SCADA,1,"2022/10/20 07:50:00",LNGS1,0
D,DISPATCH,UNIT_SCADA,1,"2022/10/20 07:50:00",LNGS2,0
D,DISPATCH,UNIT_SCADA,1,"2022/10/20 07:50:00",LONSDALE,0
D,DISPATCH,UNIT_SCADA,1,"2022/10/20 07:50:00",LOYYB1,540.599980
D,DISPATCH,UNIT_SCADA,1,"2022/10/20 07:50:00",LOYYB2,536.464540
D,DISPATCH,UNIT_SCADA,1,"2022/10/20 07:50:00",LYA1,546
D,DISPATCH,UNIT_SCADA,1,"2022/10/20 07:50:00",LYA2,0
D,DISPATCH,UNIT_SCADA,1,"2022/10/20 07:50:00",LYA3,544
D,DISPATCH,UNIT_SCADA,1,"2022/10/20 07:50:00",LYA4,541
D,DISPATCH,UNIT_SCADA,1,"2022/10/20 07:50:00",MACARTH1,8.099810
D,DISPATCH,UNIT_SCADA,1,"2022/10/20 07:50:00",MACKNTSH,0
D,DISPATCH,UNIT_SCADA,1,"2022/10/20 07:50:00",MANSLR1,1.8690
D,DISPATCH,UNIT_SCADA,1,"2022/10/20 07:50:00",MAPS2PV1,0
D,DISPATCH,UNIT_SCADA,1,"2022/10/20 07:50:00",MAPS3PV1,0
D,DISPATCH,UNIT_SCADA,1,"2022/10/20 07:50:00",MARYRSF1,5.94
D,DISPATCH,UNIT_SCADA,1,"2022/10/20 07:50:00",MBPS2PV1,0
D,DISPATCH,UNIT_SCADA,1,"2022/10/20 07:50:00",MCKAY1,154.114990
D,DISPATCH,UNIT_SCADA,1,"2022/10/20 07:50:00",MEADOWBK,19.891680
D,DISPATCH,UNIT_SCADA,1,"2022/10/20 07:50:00",MERCER01,19.90
D,DISPATCH,UNIT_SCADA,1,"2022/10/20 07:50:00",METZSF1,19.338640
D,DISPATCH,UNIT_SCADA,1,"2022/10/20 07:50:00",MEWF1,0
D,DISPATCH,UNIT_SCADA,1,"2022/10/20 07:50:00",MIDDLSF1,8.45
D,DISPATCH,UNIT_SCADA,1,"2022/10/20 07:50:00",MINTARO,0.128180
D,DISPATCH,UNIT_SCADA,1,"2022/10/20 07:50:00",MOLNGSF1,1.417260
D,DISPATCH,UNIT_SCADA,1,"2022/10/20 07:50:00",MOORAWF1,18.74
D,DISPATCH,UNIT_SCADA,1,"2022/10/20 07:50:00",MOREESF1,1.6260
D,DISPATCH,UNIT_SCADA,1,"2022/10/20 07:50:00",MORTLK11,0
D,DISPATCH,UNIT_SCADA,1,"2022/10/20 07:50:00",MORTLK12,0
D,DISPATCH,UNIT_SCADA,1,"2022/10/20 07:50:00",MOUSF1,0
D,DISPATCH,UNIT_SCADA,1,"2022/10/20 07:50:00",MP1,0
D,DISPATCH,UNIT_SCADA,1,"2022/10/20 07:50:00",MP2,395.062190
D,DISPATCH,UNIT_SCADA,1,"2022/10/20 07:50:00",MPP_1,178.900040
D,DISPATCH,UNIT_SCADA,1,"2022/10/20 07:50:00",MPP_2,0
D,DISPATCH,UNIT_SCADA,1,"2022/10/20 07:50:00",MRTLSWF1,0
D,DISPATCH,UNIT_SCADA,1,"2022/10/20 07:50:00",MSTUART1,0
D,DISPATCH,UNIT_SCADA,1,"2022/10/20 07:50:00",MSTUART2,0
D,DISPATCH,UNIT_SCADA,1,"2022/10/20 07:50:00",MSTUART3,0
D,DISPATCH,UNIT_SCADA,1,"2022/10/20 07:50:00",MTGELWF1,50.057990
D,DISPATCH,UNIT_SCADA,1,"2022/10/20 07:50:00",MTMILLAR,1.40
D,DISPATCH,UNIT_SCADA,1,"2022/10/20 07:50:00",MURRAY,0
D,DISPATCH,UNIT_SCADA,1,"2022/10/20 07:50:00",MUSSELR1,47.50
D,DISPATCH,UNIT_SCADA,1,"2022/10/20 07:50:00",MUWAWF1,141.240010
D,DISPATCH,UNIT_SCADA,1,"2022/10/20 07:50:00",MUWAWF2,141.80
D,DISPATCH,UNIT_SCADA,1,"2022/10/20 07:50:00",MWPS1PV1,0.07
D,DISPATCH,UNIT_SCADA,1,"2022/10/20 07:50:00",MWPS2PV1,0.04
D,DISPATCH,UNIT_SCADA,1,"2022/10/20 07:50:00",MWPS3PV1,0.02
D,DISPATCH,UNIT_SCADA,1,"2022/10/20 07:50:00",MWPS4PV1,0.09
D,DISPATCH,UNIT_SCADA,1,"2022/10/20 07:50:00",NBHWF1,90.50
D,DISPATCH,UNIT_SCADA,1,"2022/10/20 07:50:00",NEVERSF1,2.18
D,DISPATCH,UNIT_SCADA,1,"2022/10/20 07:50:00",NPS,0
D,DISPATCH,UNIT_SCADA,1,"2022/10/20 07:50:00",NUMURSF1,87.55
D,DISPATCH,UNIT_SCADA,1,"2022/10/20 07:50:00",NYNGAN1,2.50
D,DISPATCH,UNIT_SCADA,1,"2022/10/20 07:50:00",OAKEY1,0
D,DISPATCH,UNIT_SCADA,1,"2022/10/20 07:50:00",OAKEY1SF,5.8750
D,DISPATCH,UNIT_SCADA,1,"2022/10/20 07:50:00",OAKEY2,0
D,DISPATCH,UNIT_SCADA,1,"2022/10/20 07:50:00",OAKEY2SF,9.62
D,DISPATCH,UNIT_SCADA,1,"2022/10/20 07:50:00",OAKLAND1,4.10
D,DISPATCH,UNIT_SCADA,1,"2022/10/20 07:50:00",OSB-AG,0
D,DISPATCH,UNIT_SCADA,1,"2022/10/20 07:50:00",PAREPS1,0.0660
D,DISPATCH,UNIT_SCADA,1,"2022/10/20 07:50:00",PAREPW1,100.17
D,DISPATCH,UNIT_SCADA,1,"2022/10/20 07:50:00",PARSF1,10.701150
D,DISPATCH,UNIT_SCADA,1,"2022/10/20 07:50:00",POAT110,0
D,DISPATCH,UNIT_SCADA,1,"2022/10/20 07:50:00",POAT220,0
D,DISPATCH,UNIT_SCADA,1,"2022/10/20 07:50:00",POR01,0
D,DISPATCH,UNIT_SCADA,1,"2022/10/20 07:50:00",POR03,0
D,DISPATCH,UNIT_SCADA,1,"2022/10/20 07:50:00",PPCCGT,172.209920
D,DISPATCH,UNIT_SCADA,1,"2022/10/20 07:50:00",PTSTAN1,0
D,DISPATCH,UNIT_SCADA,1,"2022/10/20 07:50:00",PUMP1,0
D,DISPATCH,UNIT_SCADA,1,"2022/10/20 07:50:00",PUMP2,0
D,DISPATCH,UNIT_SCADA,1,"2022/10/20 07:50:00",QBYNBG1,0
D,DISPATCH,UNIT_SCADA,1,"2022/10/20 07:50:00",QBYNBL1,0.0035
D,DISPATCH,UNIT_SCADA,1,"2022/10/20 07:50:00",QPS1,0
D,DISPATCH,UNIT_SCADA,1,"2022/10/20 07:50:00",QPS2,0
D,DISPATCH,UNIT_SCADA,1,"2022/10/20 07:50:00",QPS3,0
D,DISPATCH,UNIT_SCADA,1,"2022/10/20 07:50:00",QPS4,0
D,DISPATCH,UNIT_SCADA,1,"2022/10/20 07:50:00",QPS5,74.45
D,DISPATCH,UNIT_SCADA,1,"2022/10/20 07:50:00",REECE1,44.3213
D,DISPATCH,UNIT_SCADA,1,"2022/10/20 07:50:00",REECE2,33.61
D,DISPATCH,UNIT_SCADA,1,"2022/10/20 07:50:00",ROMA_7,0
D,DISPATCH,UNIT_SCADA,1,"2022/10/20 07:50:00",ROMA_8,0
D,DISPATCH,UNIT_SCADA,1,"2022/10/20 07:50:00",RRSF1,102.463160
D,DISPATCH,UNIT_SCADA,1,"2022/10/20 07:50:00",RT_NSW1,0
D,DISPATCH,UNIT_SCADA,1,"2022/10/20 07:50:00",RT_NSW2,0
D,DISPATCH,UNIT_SCADA,1,"2022/10/20 07:50:00",RT_NSW3,0
D,DISPATCH,UNIT_SCADA,1,"2022/10/20 07:50:00",RT_NSW4,0
D,DISPATCH,UNIT_SCADA,1,"2022/10/20 07:50:00",RT_NSW5,0
D,DISPATCH,UNIT_SCADA,1,"2022/10/20 07:50:00",RT_NSW6,0
D,DISPATCH,UNIT_SCADA,1,"2022/10/20 07:50:00",RT_QLD1,0
D,DISPATCH,UNIT_SCADA,1,"2022/10/20 07:50:00",RT_SA1,0
D,DISPATCH,UNIT_SCADA,1,"2022/10/20 07:50:00",RT_SA2,0
D,DISPATCH,UNIT_SCADA,1,"2022/10/20 07:50:00",RT_SA3,0
D,DISPATCH,UNIT_SCADA,1,"2022/10/20 07:50:00",RT_SA4,0
D,DISPATCH,UNIT_SCADA,1,"2022/10/20 07:50:00",RT_SA5,0
D,DISPATCH,UNIT_SCADA,1,"2022/10/20 07:50:00",RT_SA6,0
D,DISPATCH,UNIT_SCADA,1,"2022/10/20 07:50:00",RT_TAS1,0
D,DISPATCH,UNIT_SCADA,1,"2022/10/20 07:50:00",RT_VIC1,0
D,DISPATCH,UNIT_SCADA,1,"2022/10/20 07:50:00",RT_VIC10,0
D,DISPATCH,UNIT_SCADA,1,"2022/10/20 07:50:00",RT_VIC11,0
D,DISPATCH,UNIT_SCADA,1,"2022/10/20 07:50:00",RT_VIC12,0
D,DISPATCH,UNIT_SCADA,1,"2022/10/20 07:50:00",RT_VIC2,0
D,DISPATCH,UNIT_SCADA,1,"2022/10/20 07:50:00",RT_VIC3,0
D,DISPATCH,UNIT_SCADA,1,"2022/10/20 07:50:00",RT_VIC4,0
D,DISPATCH,UNIT_SCADA,1,"2022/10/20 07:50:00",RT_VIC5,0
D,DISPATCH,UNIT_SCADA,1,"2022/10/20 07:50:00",RT_VIC6,0
D,DISPATCH,UNIT_SCADA,1,"2022/10/20 07:50:00",RT_VIC7,0
D,DISPATCH,UNIT_SCADA,1,"2022/10/20 07:50:00",RT_VIC8,0
D,DISPATCH,UNIT_SCADA,1,"2022/10/20 07:50:00",RT_VIC9,0
D,DISPATCH,UNIT_SCADA,1,"2022/10/20 07:50:00",RUGBYR1,2.732290
D,DISPATCH,UNIT_SCADA,1,"2022/10/20 07:50:00",SALTCRK1,21.79
D,DISPATCH,UNIT_SCADA,1,"2022/10/20 07:50:00",SAPHWF1,107.498280
D,DISPATCH,UNIT_SCADA,1,"2022/10/20 07:50:00",SEBSF1,17.639960
D,DISPATCH,UNIT_SCADA,1,"2022/10/20 07:50:00",SHGEN,78.601290
D,DISPATCH,UNIT_SCADA,1,"2022/10/20 07:50:00",SHPUMP,0
D,DISPATCH,UNIT_SCADA,1,"2022/10/20 07:50:00",SITHE01,0.123710
D,DISPATCH,UNIT_SCADA,1,"2022/10/20 07:50:00",SMCSF1,18.9210
D,DISPATCH,UNIT_SCADA,1,"2022/10/20 07:50:00",SNAPPER1,0
D,DISPATCH,UNIT_SCADA,1,"2022/10/20 07:50:00",SNOWNTH1,128
D,DISPATCH,UNIT_SCADA,1,"2022/10/20 07:50:00",SNOWSTH1,112.30
D,DISPATCH,UNIT_SCADA,1,"2022/10/20 07:50:00",SNOWTWN1,64.279720
D,DISPATCH,UNIT_SCADA,1,"2022/10/20 07:50:00",SNOWYP,0
D,DISPATCH,UNIT_SCADA,1,"2022/10/20 07:50:00",SNUG1,0
D,DISPATCH,UNIT_SCADA,1,"2022/10/20 07:50:00",SRSF1,2.38
D,DISPATCH,UNIT_SCADA,1,"2022/10/20 07:50:00",STAN-1,278.735870
D,DISPATCH,UNIT_SCADA,1,"2022/10/20 07:50:00",STAN-2,363.961430
D,DISPATCH,UNIT_SCADA,1,"2022/10/20 07:50:00",STAN-3,161.747820
D,DISPATCH,UNIT_SCADA,1,"2022/10/20 07:50:00",STAN-4,363.038540
D,DISPATCH,UNIT_SCADA,1,"2022/10/20 07:50:00",STARHLWF,0.01
D,DISPATCH,UNIT_SCADA,1,"2022/10/20 07:50:00",STOCKYD1,156.990010
D,DISPATCH,UNIT_SCADA,1,"2022/10/20 07:50:00",STWF1,31.6466
D,DISPATCH,UNIT_SCADA,1,"2022/10/20 07:50:00",SUNRSF1,6.111240
D,DISPATCH,UNIT_SCADA,1,"2022/10/20 07:50:00",SUNTPSF1,22.153050
D,DISPATCH,UNIT_SCADA,1,"2022/10/20 07:50:00",SWAN_E,248.838130
D,DISPATCH,UNIT_SCADA,1,"2022/10/20 07:50:00",TALWA1,0
D,DISPATCH,UNIT_SCADA,1,"2022/10/20 07:50:00",TARALGA1,0
D,DISPATCH,UNIT_SCADA,1,"2022/10/20 07:50:00",TARONG#1,349.700010
D,DISPATCH,UNIT_SCADA,1,"2022/10/20 07:50:00",TARONG#2,347.899990
D,DISPATCH,UNIT_SCADA,1,"2022/10/20 07:50:00",TARONG#3,0.90
D,DISPATCH,UNIT_SCADA,1,"2022/10/20 07:50:00",TARONG#4,293.399990
D,DISPATCH,UNIT_SCADA,1,"2022/10/20 07:50:00",TARRALEA,54
D,DISPATCH,UNIT_SCADA,1,"2022/10/20 07:50:00",TBSF1,14.40
D,DISPATCH,UNIT_SCADA,1,"2022/10/20 07:50:00",TNPS1,440.8750
D,DISPATCH,UNIT_SCADA,1,"2022/10/20 07:50:00",TORRB1,0
D,DISPATCH,UNIT_SCADA,1,"2022/10/20 07:50:00",TORRB2,40
D,DISPATCH,UNIT_SCADA,1,"2022/10/20 07:50:00",TORRB3,0
D,DISPATCH,UNIT_SCADA,1,"2022/10/20 07:50:00",TORRB4,0
D,DISPATCH,UNIT_SCADA,1,"2022/10/20 07:50:00",TREVALLN,98.222320
D,DISPATCH,UNIT_SCADA,1,"2022/10/20 07:50:00",TRIBUTE,0
D,DISPATCH,UNIT_SCADA,1,"2022/10/20 07:50:00",TUMUT3,0
D,DISPATCH,UNIT_SCADA,1,"2022/10/20 07:50:00",TUNGATIN,5.080020
D,DISPATCH,UNIT_SCADA,1,"2022/10/20 07:50:00",TVCC201,0
D,DISPATCH,UNIT_SCADA,1,"2022/10/20 07:50:00",TVPP104,39.970660
D,DISPATCH,UNIT_SCADA,1,"2022/10/20 07:50:00",UPPTUMUT,28.471940
D,DISPATCH,UNIT_SCADA,1,"2022/10/20 07:50:00",URANQ11,0
D,DISPATCH,UNIT_SCADA,1,"2022/10/20 07:50:00",URANQ12,0
D,DISPATCH,UNIT_SCADA,1,"2022/10/20 07:50:00",URANQ13,0
D,DISPATCH,UNIT_SCADA,1,"2022/10/20 07:50:00",URANQ14,0
D,DISPATCH,UNIT_SCADA,1,"2022/10/20 07:50:00",VBBG1,0
D,DISPATCH,UNIT_SCADA,1,"2022/10/20 07:50:00",VBBL1,0.40
D,DISPATCH,UNIT_SCADA,1,"2022/10/20 07:50:00",VP5,497.061070
D,DISPATCH,UNIT_SCADA,1,"2022/10/20 07:50:00",VP6,497.524960
D,DISPATCH,UNIT_SCADA,1,"2022/10/20 07:50:00",VPGS1,0
D,DISPATCH,UNIT_SCADA,1,"2022/10/20 07:50:00",VPGS2,0
D,DISPATCH,UNIT_SCADA,1,"2022/10/20 07:50:00",VPGS3,0
D,DISPATCH,UNIT_SCADA,1,"2022/10/20 07:50:00",VPGS4,0
D,DISPATCH,UNIT_SCADA,1,"2022/10/20 07:50:00",VPGS5,0
D,DISPATCH,UNIT_SCADA,1,"2022/10/20 07:50:00",VPGS6,0
D,DISPATCH,UNIT_SCADA,1,"2022/10/20 07:50:00",W/HOE#1,0
D,DISPATCH,UNIT_SCADA,1,"2022/10/20 07:50:00",W/HOE#2,159.42
D,DISPATCH,UNIT_SCADA,1,"2022/10/20 07:50:00",WAGGNSF1,0
D,DISPATCH,UNIT_SCADA,1,"2022/10/20 07:50:00",WALGRVG1,0
D,DISPATCH,UNIT_SCADA,1,"2022/10/20 07:50:00",WALGRVL1,7.492010
D,DISPATCH,UNIT_SCADA,1,"2022/10/20 07:50:00",WANDBG1,0
D,DISPATCH,UNIT_SCADA,1,"2022/10/20 07:50:00",WANDBL1,0
D,DISPATCH,UNIT_SCADA,1,"2022/10/20 07:50:00",WARWSF1,9.08
D,DISPATCH,UNIT_SCADA,1,"2022/10/20 07:50:00",WARWSF2,10.64
D,DISPATCH,UNIT_SCADA,1,"2022/10/20 07:50:00",WATERLWF,76.20
D,DISPATCH,UNIT_SCADA,1,"2022/10/20 07:50:00",WDGPH1,13.25
D,DISPATCH,UNIT_SCADA,1,"2022/10/20 07:50:00",WELLSF1,26.419470
D,DISPATCH,UNIT_SCADA,1,"2022/10/20 07:50:00",WEMENSF1,27.30
D,DISPATCH,UNIT_SCADA,1,"2022/10/20 07:50:00",WGWF1,117.80
D,DISPATCH,UNIT_SCADA,1,"2022/10/20 07:50:00",WHITSF1,8.30
D,DISPATCH,UNIT_SCADA,1,"2022/10/20 07:50:00",WINTSF1,74.78
D,DISPATCH,UNIT_SCADA,1,"2022/10/20 07:50:00",WKIEWA1,33.90
D,DISPATCH,UNIT_SCADA,1,"2022/10/20 07:50:00",WKIEWA2,33.90
D,DISPATCH,UNIT_SCADA,1,"2022/10/20 07:50:00",WOODLWN1,22.021330
D,DISPATCH,UNIT_SCADA,1,"2022/10/20 07:50:00",WOOLGSF1,7.418110
D,DISPATCH,UNIT_SCADA,1,"2022/10/20 07:50:00",WPWF,39.98
D,DISPATCH,UNIT_SCADA,1,"2022/10/20 07:50:00",WRSF1,0.760520
D,DISPATCH,UNIT_SCADA,1,"2022/10/20 07:50:00",WRWF1,20.832230
D,DISPATCH,UNIT_SCADA,1,"2022/10/20 07:50:00",WSTWYSF1,0
D,DISPATCH,UNIT_SCADA,1,"2022/10/20 07:50:00",YABULU,0
D,DISPATCH,UNIT_SCADA,1,"2022/10/20 07:50:00",YABULU2,0
D,DISPATCH,UNIT_SCADA,1,"2022/10/20 07:50:00",YARANSF1,17.07
D,DISPATCH,UNIT_SCADA,1,"2022/10/20 07:50:00",YARWUN_1,129.80
D,DISPATCH,UNIT_SCADA,1,"2022/10/20 07:50:00",YATSF1,32.60
D,DISPATCH,UNIT_SCADA,1,"2022/10/20 07:50:00",YENDWF1,16.86
D,DISPATCH,UNIT_SCADA,1,"2022/10/20 07:50:00",YWPS1,363.407590
D,DISPATCH,UNIT_SCADA,1,"2022/10/20 07:50:00",YWPS2,287.9671
D,DISPATCH,UNIT_SCADA,1,"2022/10/20 07:50:00",YWPS3,358.541780
D,DISPATCH,UNIT_SCADA,1,"2022/10/20 07:50:00",YWPS4,0
C,"END OF REPORT",419
