C,NEMP.WORLD,DISPATCHSCADA,AEMO,PUBLIC,2022/10/20,01:20:09,0000000373219256,DISPATCHSCADA,0000000373219250
I,DISPATCH,UNIT_SCADA,1,SETTLEMENTDATE,DUID,SCADAVALUE
D,DISPATCH,UNIT_SCADA,1,"2022/10/20 01:25:00",BARCSF1,0.10
D,DISPATCH,UNIT_SCADA,1,"2022/10/20 01:25:00",BUTLERSG,8.699999
D,DISPATCH,UNIT_SCADA,1,"2022/10/20 01:25:00",CAPTL_WF,20.379217
D,DISPATCH,UNIT_SCADA,1,"2022/10/20 01:25:00",CHALLHWF,21.200001
D,DISPATCH,UNIT_SCADA,1,"2022/10/20 01:25:00",CLOVER,13.43
D,DISPATCH,UNIT_SCADA,1,"2022/10/20 01:25:00",CLUNY,6.219730
D,DISPATCH,UNIT_SCADA,1,"2022/10/20 01:25:00",CULLRGWF,-0.04
D,DISPATCH,UNIT_SCADA,1,"2022/10/20 01:25:00",DIAPURWF1,7.30
D,DISPATCH,UNIT_SCADA,1,"2022/10/20 01:25:00",ERGT01,0
D,DISPATCH,UNIT_SCADA,1,"2022/10/20 01:25:00",GB01,0
D,DISPATCH,UNIT_SCADA,1,"2022/10/20 01:25:00",GERMCRK,21
D,DISPATCH,UNIT_SCADA,1,"2022/10/20 01:25:00",GRIFSF1,0.001526
D,DISPATCH,UNIT_SCADA,1,"2022/10/20 01:25:00",HEZ1,0
D,DISPATCH,UNIT_SCADA,1,"2022/10/20 01:25:00",HUGSF1,-0.1740
D,DISPATCH,UNIT_SCADA,1,"2022/10/20 01:25:00",KEPBG1,0.02
D,DISPATCH,UNIT_SCADA,1,"2022/10/20 01:25:00",LRSF1,0.0240
D,DISPATCH,UNIT_SCADA,1,"2022/10/20 01:25:00",MBAHNTH,50.137497
D,DISPATCH,UNIT_SCADA,1,"2022/10/20 01:25:00",MLSP1,0
D,DISPATCH,UNIT_SCADA,1,"2022/10/20 01:25:00",MLWF1,1.47
D,DISPATCH,UNIT_SCADA,1,"2022/10/20 01:25:00",PALOONA,30.529999
D,DISPATCH,UNIT_SCADA,1,"2022/10/20 01:25:00",PIONEER,39.700001
D,DISPATCH,UNIT_SCADA,1,"2022/10/20 01:25:00",PORTWF,28.60
D,DISPATCH,UNIT_SCADA,1,"2022/10/20 01:25:00",REPULSE,9.461204
D,DISPATCH,UNIT_SCADA,1,"2022/10/20 01:25:00",ROWALLAN,9.0596
D,DISPATCH,UNIT_SCADA,1,"2022/10/20 01:25:00",ROYALLA1,0
D,DISPATCH,UNIT_SCADA,1,"2022/10/20 01:25:00",RPCG,-1.20
D,DISPATCH,UNIT_SCADA,1,"2022/10/20 01:25:00",RUBICON,0
D,DISPATCH,UNIT_SCADA,1,"2022/10/20 01:25:00",WAUBRAWF,120.823997
D,DISPATCH,UNIT_SCADA,1,"2022/10/20 01:25:00",WOOLNTH1,14.57
D,DISPATCH,UNIT_SCADA,1,"2022/10/20 01:25:00",YAMBUKWF,2.70
D,DISPATCH,UNIT_SCADA,1,"2022/10/20 01:25:00",YSWF1,1.20
D,DISPATCH,UNIT_SCADA,1,"2022/10/20 01:25:00",ADPBA1G,0.0080
D,DISPATCH,UNIT_SCADA,1,"2022/10/20 01:25:00",ADPBA1L,0
D,DISPATCH,UNIT_SCADA,1,"2022/10/20 01:25:00",ADPPV1,0
D,DISPATCH,UNIT_SCADA,1,"2022/10/20 01:25:00",AGLHAL,0
D,DISPATCH,UNIT_SCADA,1,"2022/10/20 01:25:00",AGLSOM,0
D,DISPATCH,UNIT_SCADA,1,"2022/10/20 01:25:00",ANGAST1,0
D,DISPATCH,UNIT_SCADA,1,"2022/10/20 01:25:00",ARWF1,34.70
D,DISPATCH,UNIT_SCADA,1,"2022/10/20 01:25:00",BALBG1,0
D,DISPATCH,UNIT_SCADA,1,"2022/10/20 01:25:00",BALBL1,0
D,DISPATCH,UNIT_SCADA,1,"2022/10/20 01:25:00",BALDHWF1,0
D,DISPATCH,UNIT_SCADA,1,"2022/10/20 01:25:00",BANGOWF1,41.697410
D,DISPATCH,UNIT_SCADA,1,"2022/10/20 01:25:00",BANGOWF2,49.897540
D,DISPATCH,UNIT_SCADA,1,"2022/10/20 01:25:00",BANN1,0
D,DISPATCH,UNIT_SCADA,1,"2022/10/20 01:25:00",BARCALDN,0
D,DISPATCH,UNIT_SCADA,1,"2022/10/20 01:25:00",BARKIPS1,0
D,DISPATCH,UNIT_SCADA,1,"2022/10/20 01:25:00",BARRON-1,0
D,DISPATCH,UNIT_SCADA,1,"2022/10/20 01:25:00",BARRON-2,0
D,DISPATCH,UNIT_SCADA,1,"2022/10/20 01:25:00",BASTYAN,0
D,DISPATCH,UNIT_SCADA,1,"2022/10/20 01:25:00",BBTHREE1,-1.09
D,DISPATCH,UNIT_SCADA,1,"2022/10/20 01:25:00",BBTHREE2,0
D,DISPATCH,UNIT_SCADA,1,"2022/10/20 01:25:00",BBTHREE3,0
D,DISPATCH,UNIT_SCADA,1,"2022/10/20 01:25:00",BDL01,0
D,DISPATCH,UNIT_SCADA,1,"2022/10/20 01:25:00",BDL02,0
D,DISPATCH,UNIT_SCADA,1,"2022/10/20 01:25:00",BERYLSF1,0
D,DISPATCH,UNIT_SCADA,1,"2022/10/20 01:25:00",BLOWERNG,62.60
D,DISPATCH,UNIT_SCADA,1,"2022/10/20 01:25:00",BLUEGSF1,0
D,DISPATCH,UNIT_SCADA,1,"2022/10/20 01:25:00",BLUFF1,14.80
D,DISPATCH,UNIT_SCADA,1,"2022/10/20 01:25:00",BNGSF1,0
D,DISPATCH,UNIT_SCADA,1,"2022/10/20 01:25:00",BNGSF2,0
D,DISPATCH,UNIT_SCADA,1,"2022/10/20 01:25:00",BOCORWF1,5.32
D,DISPATCH,UNIT_SCADA,1,"2022/10/20 01:25:00",BODWF1,74.621640
D,DISPATCH,UNIT_SCADA,1,"2022/10/20 01:25:00",BOMENSF1,0
D,DISPATCH,UNIT_SCADA,1,"2022/10/20 01:25:00",BOWWBA1G,0
D,DISPATCH,UNIT_SCADA,1,"2022/10/20 01:25:00",BOWWBA1L,0.0010
D,DISPATCH,UNIT_SCADA,1,"2022/10/20 01:25:00",BOWWPV1,0
D,DISPATCH,UNIT_SCADA,1,"2022/10/20 01:25:00",BRAEMAR1,0
D,DISPATCH,UNIT_SCADA,1,"2022/10/20 01:25:00",BRAEMAR2,0
D,DISPATCH,UNIT_SCADA,1,"2022/10/20 01:25:00",BRAEMAR3,0
D,DISPATCH,UNIT_SCADA,1,"2022/10/20 01:25:00",BRAEMAR5,0.292060
D,DISPATCH,UNIT_SCADA,1,"2022/10/20 01:25:00",BRAEMAR6,0
D,DISPATCH,UNIT_SCADA,1,"2022/10/20 01:25:00",BRAEMAR7,0.130920
D,DISPATCH,UNIT_SCADA,1,"2022/10/20 01:25:00",BROKENH1,0
D,DISPATCH,UNIT_SCADA,1,"2022/10/20 01:25:00",BRYB1WF1,91.221480
D,DISPATCH,UNIT_SCADA,1,"2022/10/20 01:25:00",BULBESG1,0
D,DISPATCH,UNIT_SCADA,1,"2022/10/20 01:25:00",BULBESL1,0.03
D,DISPATCH,UNIT_SCADA,1,"2022/10/20 01:25:00",BULGANA1,57.23
D,DISPATCH,UNIT_SCADA,1,"2022/10/20 01:25:00",BW01,445.209440
D,DISPATCH,UNIT_SCADA,1,"2022/10/20 01:25:00",BW02,442.304110
D,DISPATCH,UNIT_SCADA,1,"2022/10/20 01:25:00",BW03,441.010160
D,DISPATCH,UNIT_SCADA,1,"2022/10/20 01:25:00",BW04,0
D,DISPATCH,UNIT_SCADA,1,"2022/10/20 01:25:00",CALL_B_1,320.100010
D,DISPATCH,UNIT_SCADA,1,"2022/10/20 01:25:00",CALL_B_2,322.399990
D,DISPATCH,UNIT_SCADA,1,"2022/10/20 01:25:00",CATHROCK,5.50
D,DISPATCH,UNIT_SCADA,1,"2022/10/20 01:25:00",CBWWBA1G,0
D,DISPATCH,UNIT_SCADA,1,"2022/10/20 01:25:00",CBWWBA1L,0
D,DISPATCH,UNIT_SCADA,1,"2022/10/20 01:25:00",CETHANA,98.4240
D,DISPATCH,UNIT_SCADA,1,"2022/10/20 01:25:00",CG1,0
D,DISPATCH,UNIT_SCADA,1,"2022/10/20 01:25:00",CG2,0
D,DISPATCH,UNIT_SCADA,1,"2022/10/20 01:25:00",CG3,0
D,DISPATCH,UNIT_SCADA,1,"2022/10/20 01:25:00",CG4,0
D,DISPATCH,UNIT_SCADA,1,"2022/10/20 01:25:00",CHILDSF1,0
D,DISPATCH,UNIT_SCADA,1,"2022/10/20 01:25:00",CHYTWF1,21.29
D,DISPATCH,UNIT_SCADA,1,"2022/10/20 01:25:00",CLARESF1,0
D,DISPATCH,UNIT_SCADA,1,"2022/10/20 01:25:00",CLEMGPWF,41.420120
D,DISPATCH,UNIT_SCADA,1,"2022/10/20 01:25:00",CLERMSF1,0
D,DISPATCH,UNIT_SCADA,1,"2022/10/20 01:25:00",CNUNDAWF,16.719510
D,DISPATCH,UNIT_SCADA,1,"2022/10/20 01:25:00",COHUNSF1,0
D,DISPATCH,UNIT_SCADA,1,"2022/10/20 01:25:00",COLEASF1,0
D,DISPATCH,UNIT_SCADA,1,"2022/10/20 01:25:00",COLUMSF1,0
D,DISPATCH,UNIT_SCADA,1,"2022/10/20 01:25:00",COLWF01,116.986340
D,DISPATCH,UNIT_SCADA,1,"2022/10/20 01:25:00",COOPGWF1,362.200010
D,DISPATCH,UNIT_SCADA,1,"2022/10/20 01:25:00",CPP_3,359.425020
D,DISPATCH,UNIT_SCADA,1,"2022/10/20 01:25:00",CPP_4,0
D,DISPATCH,UNIT_SCADA,1,"2022/10/20 01:25:00",CPSA,0
D,DISPATCH,UNIT_SCADA,1,"2022/10/20 01:25:00",CROOKWF2,14.324560
D,DISPATCH,UNIT_SCADA,1,"2022/10/20 01:25:00",CROWLWF1,52.047870
D,DISPATCH,UNIT_SCADA,1,"2022/10/20 01:25:00",CRURWF1,23.0969
D,DISPATCH,UNIT_SCADA,1,"2022/10/20 01:25:00",CRWASF1,0
D,DISPATCH,UNIT_SCADA,1,"2022/10/20 01:25:00",CSPVPS1,0
D,DISPATCH,UNIT_SCADA,1,"2022/10/20 01:25:00",CTHLWF1,0.003050
D,DISPATCH,UNIT_SCADA,1,"2022/10/20 01:25:00",DALNTH01,0
D,DISPATCH,UNIT_SCADA,1,"2022/10/20 01:25:00",DALNTHL1,0.062560
D,DISPATCH,UNIT_SCADA,1,"2022/10/20 01:25:00",DARLSF1,0
D,DISPATCH,UNIT_SCADA,1,"2022/10/20 01:25:00",DARTM1,0
D,DISPATCH,UNIT_SCADA,1,"2022/10/20 01:25:00",DAYDSF1,0
D,DISPATCH,UNIT_SCADA,1,"2022/10/20 01:25:00",DDPS1,0
D,DISPATCH,UNIT_SCADA,1,"2022/10/20 01:25:00",DDSF1,0
D,DISPATCH,UNIT_SCADA,1,"2022/10/20 01:25:00",DEVILS_G,54.532910
D,DISPATCH,UNIT_SCADA,1,"2022/10/20 01:25:00",DG_NSW1,0
D,DISPATCH,UNIT_SCADA,1,"2022/10/20 01:25:00",DG_QLD1,0
D,DISPATCH,UNIT_SCADA,1,"2022/10/20 01:25:00",DG_SA1,0
D,DISPATCH,UNIT_SCADA,1,"2022/10/20 01:25:00",DG_TAS1,0
D,DISPATCH,UNIT_SCADA,1,"2022/10/20 01:25:00",DG_VIC1,0
D,DISPATCH,UNIT_SCADA,1,"2022/10/20 01:25:00",DRYCGT1,0
D,DISPATCH,UNIT_SCADA,1,"2022/10/20 01:25:00",DRYCGT2,0
D,DISPATCH,UNIT_SCADA,1,"2022/10/20 01:25:00",DRYCGT3,0
D,DISPATCH,UNIT_SCADA,1,"2022/10/20 01:25:00",DUNDWF1,68.67
D,DISPATCH,UNIT_SCADA,1,"2022/10/20 01:25:00",DUNDWF2,18.68
D,DISPATCH,UNIT_SCADA,1,"2022/10/20 01:25:00",DUNDWF3,47.13
D,DISPATCH,UNIT_SCADA,1,"2022/10/20 01:25:00",EILDON1,59.80
D,DISPATCH,UNIT_SCADA,1,"2022/10/20 01:25:00",EILDON2,60.12
D,DISPATCH,UNIT_SCADA,1,"2022/10/20 01:25:00",ELAINWF1,37.36
D,DISPATCH,UNIT_SCADA,1,"2022/10/20 01:25:00",EMERASF1,0
D,DISPATCH,UNIT_SCADA,1,"2022/10/20 01:25:00",ER01,0
D,DISPATCH,UNIT_SCADA,1,"2022/10/20 01:25:00",ER02,416.791020
D,DISPATCH,UNIT_SCADA,1,"2022/10/20 01:25:00",ER03,415.423830
D,DISPATCH,UNIT_SCADA,1,"2022/10/20 01:25:00",ER04,416.375980
D,DISPATCH,UNIT_SCADA,1,"2022/10/20 01:25:00",FINLYSF1,0
D,DISPATCH,UNIT_SCADA,1,"2022/10/20 01:25:00",FISHER,31.55
D,DISPATCH,UNIT_SCADA,1,"2022/10/20 01:25:00",GANGARR1,0
D,DISPATCH,UNIT_SCADA,1,"2022/10/20 01:25:00",GANNBG1,0
D,DISPATCH,UNIT_SCADA,1,"2022/10/20 01:25:00",GANNBL1,6.402820
D,DISPATCH,UNIT_SCADA,1,"2022/10/20 01:25:00",GANNSF1,0
D,DISPATCH,UNIT_SCADA,1,"2022/10/20 01:25:00",GLRWNSF1,0
D,DISPATCH,UNIT_SCADA,1,"2022/10/20 01:25:00",GNNDHSF1,0
D,DISPATCH,UNIT_SCADA,1,"2022/10/20 01:25:00",GOONSF1,0
D,DISPATCH,UNIT_SCADA,1,"2022/10/20 01:25:00",GORDON,195.248060
D,DISPATCH,UNIT_SCADA,1,"2022/10/20 01:25:00",GRANWF1,0
D,DISPATCH,UNIT_SCADA,1,"2022/10/20 01:25:00",GSTONE1,159.25
D,DISPATCH,UNIT_SCADA,1,"2022/10/20 01:25:00",GSTONE2,0
D,DISPATCH,UNIT_SCADA,1,"2022/10/20 01:25:00",GSTONE3,200.3750
D,DISPATCH,UNIT_SCADA,1,"2022/10/20 01:25:00",GSTONE4,0
D,DISPATCH,UNIT_SCADA,1,"2022/10/20 01:25:00",GSTONE5,202.1250
D,DISPATCH,UNIT_SCADA,1,"2022/10/20 01:25:00",GSTONE6,202.30
D,DISPATCH,UNIT_SCADA,1,"2022/10/20 01:25:00",GULLRSF1,0
D,DISPATCH,UNIT_SCADA,1,"2022/10/20 01:25:00",GULLRWF1,62.904040
D,DISPATCH,UNIT_SCADA,1,"2022/10/20 01:25:00",GULLRWF2,87.7196
D,DISPATCH,UNIT_SCADA,1,"2022/10/20 01:25:00",GUNNING1,0
D,DISPATCH,UNIT_SCADA,1,"2022/10/20 01:25:00",GUTHEGA,68.100010
D,DISPATCH,UNIT_SCADA,1,"2022/10/20 01:25:00",HALLWF1,82.21
D,DISPATCH,UNIT_SCADA,1,"2022/10/20 01:25:00",HALLWF2,50.26
D,DISPATCH,UNIT_SCADA,1,"2022/10/20 01:25:00",HAMISF1,0
D,DISPATCH,UNIT_SCADA,1,"2022/10/20 01:25:00",HAUGHT11,0
D,DISPATCH,UNIT_SCADA,1,"2022/10/20 01:25:00",HAYMSF1,0
D,DISPATCH,UNIT_SCADA,1,"2022/10/20 01:25:00",HDWF1,87.40
D,DISPATCH,UNIT_SCADA,1,"2022/10/20 01:25:00",HDWF2,77.70
D,DISPATCH,UNIT_SCADA,1,"2022/10/20 01:25:00",HDWF3,84.30
D,DISPATCH,UNIT_SCADA,1,"2022/10/20 01:25:00",HILLSTN1,0
D,DISPATCH,UNIT_SCADA,1,"2022/10/20 01:25:00",HPRG1,0
D,DISPATCH,UNIT_SCADA,1,"2022/10/20 01:25:00",HPRL1,35.10
D,DISPATCH,UNIT_SCADA,1,"2022/10/20 01:25:00",HUMENSW,54.813610
D,DISPATCH,UNIT_SCADA,1,"2022/10/20 01:25:00",HUMEV,0
D,DISPATCH,UNIT_SCADA,1,"2022/10/20 01:25:00",HVWWBA1G,0
D,DISPATCH,UNIT_SCADA,1,"2022/10/20 01:25:00",HVWWBA1L,0.0070
D,DISPATCH,UNIT_SCADA,1,"2022/10/20 01:25:00",HVWWPV1,0
D,DISPATCH,UNIT_SCADA,1,"2022/10/20 01:25:00",JBUTTERS,0
D,DISPATCH,UNIT_SCADA,1,"2022/10/20 01:25:00",JEMALNG1,0
D,DISPATCH,UNIT_SCADA,1,"2022/10/20 01:25:00",JLA01,0
D,DISPATCH,UNIT_SCADA,1,"2022/10/20 01:25:00",JLA02,0
D,DISPATCH,UNIT_SCADA,1,"2022/10/20 01:25:00",JLA03,0
D,DISPATCH,UNIT_SCADA,1,"2022/10/20 01:25:00",JLA04,0
D,DISPATCH,UNIT_SCADA,1,"2022/10/20 01:25:00",JLB01,0
D,DISPATCH,UNIT_SCADA,1,"2022/10/20 01:25:00",JLB02,0.10
D,DISPATCH,UNIT_SCADA,1,"2022/10/20 01:25:00",JLB03,0
D,DISPATCH,UNIT_SCADA,1,"2022/10/20 01:25:00",JUNEESF1,0
D,DISPATCH,UNIT_SCADA,1,"2022/10/20 01:25:00",KABANWF1,0.5360
D,DISPATCH,UNIT_SCADA,1,"2022/10/20 01:25:00",KAREEYA1,0
D,DISPATCH,UNIT_SCADA,1,"2022/10/20 01:25:00",KAREEYA2,0
D,DISPATCH,UNIT_SCADA,1,"2022/10/20 01:25:00",KAREEYA3,21.54
D,DISPATCH,UNIT_SCADA,1,"2022/10/20 01:25:00",KAREEYA4,0
D,DISPATCH,UNIT_SCADA,1,"2022/10/20 01:25:00",KARSF1,0
D,DISPATCH,UNIT_SCADA,1,"2022/10/20 01:25:00",KEPSF1,0
D,DISPATCH,UNIT_SCADA,1,"2022/10/20 01:25:00",KEPWF1,0.72
D,DISPATCH,UNIT_SCADA,1,"2022/10/20 01:25:00",KIAMSF1,0
D,DISPATCH,UNIT_SCADA,1,"2022/10/20 01:25:00",KIATAWF1,31
D,DISPATCH,UNIT_SCADA,1,"2022/10/20 01:25:00",KPP_1,0
D,DISPATCH,UNIT_SCADA,1,"2022/10/20 01:25:00",KSP1,0
D,DISPATCH,UNIT_SCADA,1,"2022/10/20 01:25:00",LADBROK1,0.01
D,DISPATCH,UNIT_SCADA,1,"2022/10/20 01:25:00",LADBROK2,38.06
D,DISPATCH,UNIT_SCADA,1,"2022/10/20 01:25:00",LBBG1,0
D,DISPATCH,UNIT_SCADA,1,"2022/10/20 01:25:00",LBBL1,5.55
D,DISPATCH,UNIT_SCADA,1,"2022/10/20 01:25:00",LD01,320.828890
D,DISPATCH,UNIT_SCADA,1,"2022/10/20 01:25:00",LD02,0
D,DISPATCH,UNIT_SCADA,1,"2022/10/20 01:25:00",LD04,320.169680
D,DISPATCH,UNIT_SCADA,1,"2022/10/20 01:25:00",LEM_WIL,86.969010
D,DISPATCH,UNIT_SCADA,1,"2022/10/20 01:25:00",LGAPWF1,78.73
D,DISPATCH,UNIT_SCADA,1,"2022/10/20 01:25:00",LGAPWF2,31.37
D,DISPATCH,UNIT_SCADA,1,"2022/10/20 01:25:00",LILYSF1,0
D,DISPATCH,UNIT_SCADA,1,"2022/10/20 01:25:00",LIMOSF11,0
D,DISPATCH,UNIT_SCADA,1,"2022/10/20 01:25:00",LIMOSF21,0
D,DISPATCH,UNIT_SCADA,1,"2022/10/20 01:25:00",LI_WY_CA,56.214680
D,DISPATCH,UNIT_SCADA,1,"2022/10/20 01:25:00",LKBONNY1,0
D,DISPATCH,UNIT_SCADA,1,"2022/10/20 01:25:00",LKBONNY2,28.958360
D,DISPATCH,UNIT_SCADA,1,"2022/10/20 01:25:00",LKBONNY3,7.201050
D,DISPATCH,UNIT_SCADA,1,"2022/10/20 01:25:00",LK_ECHO,0
D,DISPATCH,UNIT_SCADA,1,"2022/10/20 01:25:00",LNGS1,0
D,DISPATCH,UNIT_SCADA,1,"2022/10/20 01:25:00",LNGS2,0
D,DISPATCH,UNIT_SCADA,1,"2022/10/20 01:25:00",LONSDALE,0
D,DISPATCH,UNIT_SCADA,1,"2022/10/20 01:25:00",LOYYB1,457.891140
D,DISPATCH,UNIT_SCADA,1,"2022/10/20 01:25:00",LOYYB2,458.643040
D,DISPATCH,UNIT_SCADA,1,"2022/10/20 01:25:00",LYA1,549
D,DISPATCH,UNIT_SCADA,1,"2022/10/20 01:25:00",LYA2,0
D,DISPATCH,UNIT_SCADA,1,"2022/10/20 01:25:00",LYA3,547
D,DISPATCH,UNIT_SCADA,1,"2022/10/20 01:25:00",LYA4,549
D,DISPATCH,UNIT_SCADA,1,"2022/10/20 01:25:00",MACARTH1,50.598830
D,DISPATCH,UNIT_SCADA,1,"2022/10/20 01:25:00",MACKNTSH,0
D,DISPATCH,UNIT_SCADA,1,"2022/10/20 01:25:00",MANSLR1,0
D,DISPATCH,UNIT_SCADA,1,"2022/10/20 01:25:00",MAPS2PV1,0
D,DISPATCH,UNIT_SCADA,1,"2022/10/20 01:25:00",MAPS3PV1,0
D,DISPATCH,UNIT_SCADA,1,"2022/10/20 01:25:00",MARYRSF1,0
D,DISPATCH,UNIT_SCADA,1,"2022/10/20 01:25:00",MBPS2PV1,0
D,DISPATCH,UNIT_SCADA,1,"2022/10/20 01:25:00",MCKAY1,0.02
D,DISPATCH,UNIT_SCADA,1,"2022/10/20 01:25:00",MEADOWBK,20.0060
D,DISPATCH,UNIT_SCADA,1,"2022/10/20 01:25:00",MERCER01,52.80
D,DISPATCH,UNIT_SCADA,1,"2022/10/20 01:25:00",METZSF1,0
D,DISPATCH,UNIT_SCADA,1,"2022/10/20 01:25:00",MEWF1,4
D,DISPATCH,UNIT_SCADA,1,"2022/10/20 01:25:00",MIDDLSF1,0
D,DISPATCH,UNIT_SCADA,1,"2022/10/20 01:25:00",MINTARO,0.128180
D,DISPATCH,UNIT_SCADA,1,"2022/10/20 01:25:00",MOLNGSF1,0
D,DISPATCH,UNIT_SCADA,1,"2022/10/20 01:25:00",MOORAWF1,42.78
D,DISPATCH,UNIT_SCADA,1,"2022/10/20 01:25:00",MOREESF1,0
D,DISPATCH,UNIT_SCADA,1,"2022/10/20 01:25:00",MORTLK11,0
D,DISPATCH,UNIT_SCADA,1,"2022/10/20 01:25:00",MORTLK12,0
D,DISPATCH,UNIT_SCADA,1,"2022/10/20 01:25:00",MOUSF1,0
D,DISPATCH,UNIT_SCADA,1,"2022/10/20 01:25:00",MP1,0
D,DISPATCH,UNIT_SCADA,1,"2022/10/20 01:25:00",MP2,321.867710
D,DISPATCH,UNIT_SCADA,1,"2022/10/20 01:25:00",MPP_1,40.574480
D,DISPATCH,UNIT_SCADA,1,"2022/10/20 01:25:00",MPP_2,0
D,DISPATCH,UNIT_SCADA,1,"2022/10/20 01:25:00",MRTLSWF1,0
D,DISPATCH,UNIT_SCADA,1,"2022/10/20 01:25:00",MSTUART1,0
D,DISPATCH,UNIT_SCADA,1,"2022/10/20 01:25:00",MSTUART2,0
D,DISPATCH,UNIT_SCADA,1,"2022/10/20 01:25:00",MSTUART3,0
D,DISPATCH,UNIT_SCADA,1,"2022/10/20 01:25:00",MTGELWF1,6.869720
D,DISPATCH,UNIT_SCADA,1,"2022/10/20 01:25:00",MTMILLAR,13.90
D,DISPATCH,UNIT_SCADA,1,"2022/10/20 01:25:00",MURRAY,0
D,DISPATCH,UNIT_SCADA,1,"2022/10/20 01:25:00",MUSSELR1,55.80
D,DISPATCH,UNIT_SCADA,1,"2022/10/20 01:25:00",MUWAWF1,186.929990
D,DISPATCH,UNIT_SCADA,1,"2022/10/20 01:25:00",MUWAWF2,183.30
D,DISPATCH,UNIT_SCADA,1,"2022/10/20 01:25:00",MWPS1PV1,0
D,DISPATCH,UNIT_SCADA,1,"2022/10/20 01:25:00",MWPS2PV1,0
D,DISPATCH,UNIT_SCADA,1,"2022/10/20 01:25:00",MWPS3PV1,0
D,DISPATCH,UNIT_SCADA,1,"2022/10/20 01:25:00",MWPS4PV1,0
D,DISPATCH,UNIT_SCADA,1,"2022/10/20 01:25:00",NBHWF1,119.80
D,DISPATCH,UNIT_SCADA,1,"2022/10/20 01:25:00",NEVERSF1,0
D,DISPATCH,UNIT_SCADA,1,"2022/10/20 01:25:00",NPS,0
D,DISPATCH,UNIT_SCADA,1,"2022/10/20 01:25:00",NUMURSF1,0
D,DISPATCH,UNIT_SCADA,1,"2022/10/20 01:25:00",NYNGAN1,0
D,DISPATCH,UNIT_SCADA,1,"2022/10/20 01:25:00",OAKEY1,0
D,DISPATCH,UNIT_SCADA,1,"2022/10/20 01:25:00",OAKEY1SF,0
D,DISPATCH,UNIT_SCADA,1,"2022/10/20 01:25:00",OAKEY2,0
D,DISPATCH,UNIT_SCADA,1,"2022/10/20 01:25:00",OAKEY2SF,0
D,DISPATCH,UNIT_SCADA,1,"2022/10/20 01:25:00",OAKLAND1,15.80
D,DISPATCH,UNIT_SCADA,1,"2022/10/20 01:25:00",OSB-AG,0
D,DISPATCH,UNIT_SCADA,1,"2022/10/20 01:25:00",PAREPS1,0.0660
D,DISPATCH,UNIT_SCADA,1,"2022/10/20 01:25:00",PAREPW1,14.72
D,DISPATCH,UNIT_SCADA,1,"2022/10/20 01:25:00",PARSF1,0.001530
D,DISPATCH,UNIT_SCADA,1,"2022/10/20 01:25:00",POAT110,0
D,DISPATCH,UNIT_SCADA,1,"2022/10/20 01:25:00",POAT220,0
D,DISPATCH,UNIT_SCADA,1,"2022/10/20 01:25:00",POR01,0
D,DISPATCH,UNIT_SCADA,1,"2022/10/20 01:25:00",POR03,0
D,DISPATCH,UNIT_SCADA,1,"2022/10/20 01:25:00",PPCCGT,173.552120
D,DISPATCH,UNIT_SCADA,1,"2022/10/20 01:25:00",PTSTAN1,0
D,DISPATCH,UNIT_SCADA,1,"2022/10/20 01:25:00",PUMP1,0
D,DISPATCH,UNIT_SCADA,1,"2022/10/20 01:25:00",PUMP2,0
D,DISPATCH,UNIT_SCADA,1,"2022/10/20 01:25:00",QBYNBG1,0.0005
D,DISPATCH,UNIT_SCADA,1,"2022/10/20 01:25:00",QBYNBL1,0
D,DISPATCH,UNIT_SCADA,1,"2022/10/20 01:25:00",QPS1,0
D,DISPATCH,UNIT_SCADA,1,"2022/10/20 01:25:00",QPS2,0
D,DISPATCH,UNIT_SCADA,1,"2022/10/20 01:25:00",QPS3,0
D,DISPATCH,UNIT_SCADA,1,"2022/10/20 01:25:00",QPS4,0
D,DISPATCH,UNIT_SCADA,1,"2022/10/20 01:25:00",QPS5,76.17
D,DISPATCH,UNIT_SCADA,1,"2022/10/20 01:25:00",REECE1,0
D,DISPATCH,UNIT_SCADA,1,"2022/10/20 01:25:00",REECE2,0
D,DISPATCH,UNIT_SCADA,1,"2022/10/20 01:25:00",ROMA_7,0
D,DISPATCH,UNIT_SCADA,1,"2022/10/20 01:25:00",ROMA_8,0
D,DISPATCH,UNIT_SCADA,1,"2022/10/20 01:25:00",RRSF1,0
D,DISPATCH,UNIT_SCADA,1,"2022/10/20 01:25:00",RT_NSW1,0
D,DISPATCH,UNIT_SCADA,1,"2022/10/20 01:25:00",RT_NSW2,0
D,DISPATCH,UNIT_SCADA,1,"2022/10/20 01:25:00",RT_NSW3,0
D,DISPATCH,UNIT_SCADA,1,"2022/10/20 01:25:00",RT_NSW4,0
D,DISPATCH,UNIT_SCADA,1,"2022/10/20 01:25:00",RT_NSW5,0
D,DISPATCH,UNIT_SCADA,1,"2022/10/20 01:25:00",RT_NSW6,0
D,DISPATCH,UNIT_SCADA,1,"2022/10/20 01:25:00",RT_QLD1,0
D,DISPATCH,UNIT_SCADA,1,"2022/10/20 01:25:00",RT_SA1,0
D,DISPATCH,UNIT_SCADA,1,"2022/10/20 01:25:00",RT_SA2,0
D,DISPATCH,UNIT_SCADA,1,"2022/10/20 01:25:00",RT_SA3,0
D,DISPATCH,UNIT_SCADA,1,"2022/10/20 01:25:00",RT_SA4,0
D,DISPATCH,UNIT_SCADA,1,"2022/10/20 01:25:00",RT_SA5,0
D,DISPATCH,UNIT_SCADA,1,"2022/10/20 01:25:00",RT_SA6,0
D,DISPATCH,UNIT_SCADA,1,"2022/10/20 01:25:00",RT_TAS1,0
D,DISPATCH,UNIT_SCADA,1,"2022/10/20 01:25:00",RT_VIC1,0
D,DISPATCH,UNIT_SCADA,1,"2022/10/20 01:25:00",RT_VIC10,0
D,DISPATCH,UNIT_SCADA,1,"2022/10/20 01:25:00",RT_VIC11,0
D,DISPATCH,UNIT_SCADA,1,"2022/10/20 01:25:00",RT_VIC12,0
D,DISPATCH,UNIT_SCADA,1,"2022/10/20 01:25:00",RT_VIC2,0
D,DISPATCH,UNIT_SCADA,1,"2022/10/20 01:25:00",RT_VIC3,0
D,DISPATCH,UNIT_SCADA,1,"2022/10/20 01:25:00",RT_VIC4,0
D,DISPATCH,UNIT_SCADA,1,"2022/10/20 01:25:00",RT_VIC5,0
D,DISPATCH,UNIT_SCADA,1,"2022/10/20 01:25:00",RT_VIC6,0
D,DISPATCH,UNIT_SCADA,1,"2022/10/20 01:25:00",RT_VIC7,0
D,DISPATCH,UNIT_SCADA,1,"2022/10/20 01:25:00",RT_VIC8,0
D,DISPATCH,UNIT_SCADA,1,"2022/10/20 01:25:00",RT_VIC9,0
D,DISPATCH,UNIT_SCADA,1,"2022/10/20 01:25:00",RUGBYR1,0
D,DISPATCH,UNIT_SCADA,1,"2022/10/20 01:25:00",SALTCRK1,12.88
D,DISPATCH,UNIT_SCADA,1,"2022/10/20 01:25:00",SAPHWF1,219.816890
D,DISPATCH,UNIT_SCADA,1,"2022/10/20 01:25:00",SEBSF1,0
D,DISPATCH,UNIT_SCADA,1,"2022/10/20 01:25:00",SHGEN,0
D,DISPATCH,UNIT_SCADA,1,"2022/10/20 01:25:00",SHPUMP,0
D,DISPATCH,UNIT_SCADA,1,"2022/10/20 01:25:00",SITHE01,0.143810
D,DISPATCH,UNIT_SCADA,1,"2022/10/20 01:25:00",SMCSF1,0
D,DISPATCH,UNIT_SCADA,1,"2022/10/20 01:25:00",SNAPPER1,0
D,DISPATCH,UNIT_SCADA,1,"2022/10/20 01:25:00",SNOWNTH1,130.20
D,DISPATCH,UNIT_SCADA,1,"2022/10/20 01:25:00",SNOWSTH1,115.20
D,DISPATCH,UNIT_SCADA,1,"2022/10/20 01:25:00",SNOWTWN1,92.168910
D,DISPATCH,UNIT_SCADA,1,"2022/10/20 01:25:00",SNOWYP,0
D,DISPATCH,UNIT_SCADA,1,"2022/10/20 01:25:00",SNUG1,0
D,DISPATCH,UNIT_SCADA,1,"2022/10/20 01:25:00",SRSF1,0
D,DISPATCH,UNIT_SCADA,1,"2022/10/20 01:25:00",STAN-1,278.351350
D,DISPATCH,UNIT_SCADA,1,"2022/10/20 01:25:00",STAN-2,366.627530
D,DISPATCH,UNIT_SCADA,1,"2022/10/20 01:25:00",STAN-3,364.4357
D,DISPATCH,UNIT_SCADA,1,"2022/10/20 01:25:00",STAN-4,364.845860
D,DISPATCH,UNIT_SCADA,1,"2022/10/20 01:25:00",STARHLWF,0.01
D,DISPATCH,UNIT_SCADA,1,"2022/10/20 01:25:00",STOCKYD1,299.13
D,DISPATCH,UNIT_SCADA,1,"2022/10/20 01:25:00",STWF1,151.344470
D,DISPATCH,UNIT_SCADA,1,"2022/10/20 01:25:00",SUNRSF1,0
D,DISPATCH,UNIT_SCADA,1,"2022/10/20 01:25:00",SUNTPSF1,0
D,DISPATCH,UNIT_SCADA,1,"2022/10/20 01:25:00",SWAN_E,247.043760
D,DISPATCH,UNIT_SCADA,1,"2022/10/20 01:25:00",TALWA1,0
D,DISPATCH,UNIT_SCADA,1,"2022/10/20 01:25:00",TARALGA1,0
D,DISPATCH,UNIT_SCADA,1,"2022/10/20 01:25:00",TARONG#1,291.50
D,DISPATCH,UNIT_SCADA,1,"2022/10/20 01:25:00",TARONG#2,290.399990
D,DISPATCH,UNIT_SCADA,1,"2022/10/20 01:25:00",TARONG#3,0.90
D,DISPATCH,UNIT_SCADA,1,"2022/10/20 01:25:00",TARONG#4,191.80
D,DISPATCH,UNIT_SCADA,1,"2022/10/20 01:25:00",TARRALEA,53.80
D,DISPATCH,UNIT_SCADA,1,"2022/10/20 01:25:00",TBSF1,0
D,DISPATCH,UNIT_SCADA,1,"2022/10/20 01:25:00",TNPS1,301.1875
D,DISPATCH,UNIT_SCADA,1,"2022/10/20 01:25:00",TORRB1,0
D,DISPATCH,UNIT_SCADA,1,"2022/10/20 01:25:00",TORRB2,41
D,DISPATCH,UNIT_SCADA,1,"2022/10/20 01:25:00",TORRB3,0
D,DISPATCH,UNIT_SCADA,1,"2022/10/20 01:25:00",TORRB4,0
D,DISPATCH,UNIT_SCADA,1,"2022/10/20 01:25:00",TREVALLN,100.148620
D,DISPATCH,UNIT_SCADA,1,"2022/10/20 01:25:00",TRIBUTE,0
D,DISPATCH,UNIT_SCADA,1,"2022/10/20 01:25:00",TUMUT3,0
D,DISPATCH,UNIT_SCADA,1,"2022/10/20 01:25:00",TUNGATIN,7.200020
D,DISPATCH,UNIT_SCADA,1,"2022/10/20 01:25:00",TVCC201,0
D,DISPATCH,UNIT_SCADA,1,"2022/10/20 01:25:00",TVPP104,0
D,DISPATCH,UNIT_SCADA,1,"2022/10/20 01:25:00",UPPTUMUT,0
D,DISPATCH,UNIT_SCADA,1,"2022/10/20 01:25:00",URANQ11,0
D,DISPATCH,UNIT_SCADA,1,"2022/10/20 01:25:00",URANQ12,0
D,DISPATCH,UNIT_SCADA,1,"2022/10/20 01:25:00",URANQ13,0
D,DISPATCH,UNIT_SCADA,1,"2022/10/20 01:25:00",URANQ14,0
D,DISPATCH,UNIT_SCADA,1,"2022/10/20 01:25:00",VBBG1,0
D,DISPATCH,UNIT_SCADA,1,"2022/10/20 01:25:00",VBBL1,138.50
D,DISPATCH,UNIT_SCADA,1,"2022/10/20 01:25:00",VP5,596.380490
D,DISPATCH,UNIT_SCADA,1,"2022/10/20 01:25:00",VP6,600.970460
D,DISPATCH,UNIT_SCADA,1,"2022/10/20 01:25:00",VPGS1,0
D,DISPATCH,UNIT_SCADA,1,"2022/10/20 01:25:00",VPGS2,0
D,DISPATCH,UNIT_SCADA,1,"2022/10/20 01:25:00",VPGS3,0
D,DISPATCH,UNIT_SCADA,1,"2022/10/20 01:25:00",VPGS4,0
D,DISPATCH,UNIT_SCADA,1,"2022/10/20 01:25:00",VPGS5,0
D,DISPATCH,UNIT_SCADA,1,"2022/10/20 01:25:00",VPGS6,0
D,DISPATCH,UNIT_SCADA,1,"2022/10/20 01:25:00",W/HOE#1,0
D,DISPATCH,UNIT_SCADA,1,"2022/10/20 01:25:00",W/HOE#2,0
D,DISPATCH,UNIT_SCADA,1,"2022/10/20 01:25:00",WAGGNSF1,0
D,DISPATCH,UNIT_SCADA,1,"2022/10/20 01:25:00",WALGRVG1,0.000930
D,DISPATCH,UNIT_SCADA,1,"2022/10/20 01:25:00",WALGRVL1,0
D,DISPATCH,UNIT_SCADA,1,"2022/10/20 01:25:00",WANDBG1,0
D,DISPATCH,UNIT_SCADA,1,"2022/10/20 01:25:00",WANDBL1,0
D,DISPATCH,UNIT_SCADA,1,"2022/10/20 01:25:00",WARWSF1,0
D,DISPATCH,UNIT_SCADA,1,"2022/10/20 01:25:00",WARWSF2,0
D,DISPATCH,UNIT_SCADA,1,"2022/10/20 01:25:00",WATERLWF,65
D,DISPATCH,UNIT_SCADA,1,"2022/10/20 01:25:00",WDGPH1,0
D,DISPATCH,UNIT_SCADA,1,"2022/10/20 01:25:00",WELLSF1,0
D,DISPATCH,UNIT_SCADA,1,"2022/10/20 01:25:00",WEMENSF1,0
D,DISPATCH,UNIT_SCADA,1,"2022/10/20 01:25:00",WGWF1,106.20
D,DISPATCH,UNIT_SCADA,1,"2022/10/20 01:25:00",WHITSF1,0
D,DISPATCH,UNIT_SCADA,1,"2022/10/20 01:25:00",WINTSF1,0
D,DISPATCH,UNIT_SCADA,1,"2022/10/20 01:25:00",WKIEWA1,33.90
D,DISPATCH,UNIT_SCADA,1,"2022/10/20 01:25:00",WKIEWA2,34
D,DISPATCH,UNIT_SCADA,1,"2022/10/20 01:25:00",WOODLWN1,17.450950
D,DISPATCH,UNIT_SCADA,1,"2022/10/20 01:25:00",WOOLGSF1,0
D,DISPATCH,UNIT_SCADA,1,"2022/10/20 01:25:00",WPWF,74.88
D,DISPATCH,UNIT_SCADA,1,"2022/10/20 01:25:00",WRSF1,0
D,DISPATCH,UNIT_SCADA,1,"2022/10/20 01:25:00",WRWF1,64.964980
D,DISPATCH,UNIT_SCADA,1,"2022/10/20 01:25:00",WSTWYSF1,0
D,DISPATCH,UNIT_SCADA,1,"2022/10/20 01:25:00",YABULU,0
D,DISPATCH,UNIT_SCADA,1,"2022/10/20 01:25:00",YABULU2,0
D,DISPATCH,UNIT_SCADA,1,"2022/10/20 01:25:00",YARANSF1,0
D,DISPATCH,UNIT_SCADA,1,"2022/10/20 01:25:00",YARWUN_1,139.75
D,DISPATCH,UNIT_SCADA,1,"2022/10/20 01:25:00",YATSF1,0
D,DISPATCH,UNIT_SCADA,1,"2022/10/20 01:25:00",YENDWF1,41.20
D,DISPATCH,UNIT_SCADA,1,"2022/10/20 01:25:00",YWPS1,364.410130
D,DISPATCH,UNIT_SCADA,1,"2022/10/20 01:25:00",YWPS2,360.149350
D,DISPATCH,UNIT_SCADA,1,"2022/10/20 01:25:00",YWPS3,357.9772
D,DISPATCH,UNIT_SCADA,1,"2022/10/20 01:25:00",YWPS4,0
C,"END OF REPORT",419
