C,NEMP.WORLD,DISPATCHSCADA,AEMO,PUBLIC,2022/10/20,16:15:10,0000000373266335,DISPATCHSCADA,0000000373266329
I,DISPATCH,UNIT_SCADA,1,SETTLEMENTDATE,DUID,SCADAVALUE
D,DISPATCH,UNIT_SCADA,1,"2022/10/20 16:20:00",BARCSF1,2.50
D,DISPATCH,UNIT_SCADA,1,"2022/10/20 16:20:00",BUTLERSG,8.699999
D,DISPATCH,UNIT_SCADA,1,"2022/10/20 16:20:00",CAPTL_WF,86.376320
D,DISPATCH,UNIT_SCADA,1,"2022/10/20 16:20:00",CHALLHWF,14.50
D,DISPATCH,UNIT_SCADA,1,"2022/10/20 16:20:00",CLOVER,10.57
D,DISPATCH,UNIT_SCADA,1,"2022/10/20 16:20:00",CLUNY,6.224308
D,DISPATCH,UNIT_SCADA,1,"2022/10/20 16:20:00",CULLRGWF,-0.03
D,DISPATCH,UNIT_SCADA,1,"2022/10/20 16:20:00",DIAPURWF1,2.40
D,DISPATCH,UNIT_SCADA,1,"2022/10/20 16:20:00",ERGT01,0
D,DISPATCH,UNIT_SCADA,1,"2022/10/20 16:20:00",GB01,0
D,DISPATCH,UNIT_SCADA,1,"2022/10/20 16:20:00",GERMCRK,21.700001
D,DISPATCH,UNIT_SCADA,1,"2022/10/20 16:20:00",GRIFSF1,17.500572
D,DISPATCH,UNIT_SCADA,1,"2022/10/20 16:20:00",HEZ1,0
D,DISPATCH,UNIT_SCADA,1,"2022/10/20 16:20:00",HUGSF1,9.941001
D,DISPATCH,UNIT_SCADA,1,"2022/10/20 16:20:00",KEPBG1,0
D,DISPATCH,UNIT_SCADA,1,"2022/10/20 16:20:00",LRSF1,11.804001
D,DISPATCH,UNIT_SCADA,1,"2022/10/20 16:20:00",MBAHNTH,41.887497
D,DISPATCH,UNIT_SCADA,1,"2022/10/20 16:20:00",MLSP1,2.551001
D,DISPATCH,UNIT_SCADA,1,"2022/10/20 16:20:00",MLWF1,6.8550
D,DISPATCH,UNIT_SCADA,1,"2022/10/20 16:20:00",PALOONA,30.42
D,DISPATCH,UNIT_SCADA,1,"2022/10/20 16:20:00",PIONEER,31.300001
D,DISPATCH,UNIT_SCADA,1,"2022/10/20 16:20:00",PORTWF,38.099998
D,DISPATCH,UNIT_SCADA,1,"2022/10/20 16:20:00",REPULSE,9.429465
D,DISPATCH,UNIT_SCADA,1,"2022/10/20 16:20:00",ROWALLAN,8.9176
D,DISPATCH,UNIT_SCADA,1,"2022/10/20 16:20:00",ROYALLA1,2.267003
D,DISPATCH,UNIT_SCADA,1,"2022/10/20 16:20:00",RPCG,-1.80
D,DISPATCH,UNIT_SCADA,1,"2022/10/20 16:20:00",RUBICON,0
D,DISPATCH,UNIT_SCADA,1,"2022/10/20 16:20:00",WAUBRAWF,60.058998
D,DISPATCH,UNIT_SCADA,1,"2022/10/20 16:20:00",WOOLNTH1,96.57
D,DISPATCH,UNIT_SCADA,1,"2022/10/20 16:20:00",YAMBUKWF,3.20
D,DISPATCH,UNIT_SCADA,1,"2022/10/20 16:20:00",YSWF1,2.10
D,DISPATCH,UNIT_SCADA,1,"2022/10/20 16:20:00",ADPBA1G,0.0080
D,DISPATCH,UNIT_SCADA,1,"2022/10/20 16:20:00",ADPBA1L,0
D,DISPATCH,UNIT_SCADA,1,"2022/10/20 16:20:00",ADPPV1,8.78
D,DISPATCH,UNIT_SCADA,1,"2022/10/20 16:20:00",AGLHAL,0
D,DISPATCH,UNIT_SCADA,1,"2022/10/20 16:20:00",AGLSOM,0
D,DISPATCH,UNIT_SCADA,1,"2022/10/20 16:20:00",ANGAST1,0
D,DISPATCH,UNIT_SCADA,1,"2022/10/20 16:20:00",ARWF1,45
D,DISPATCH,UNIT_SCADA,1,"2022/10/20 16:20:00",BALBG1,4.69
D,DISPATCH,UNIT_SCADA,1,"2022/10/20 16:20:00",BALBL1,0
D,DISPATCH,UNIT_SCADA,1,"2022/10/20 16:20:00",BALDHWF1,100.7070
D,DISPATCH,UNIT_SCADA,1,"2022/10/20 16:20:00",BANGOWF1,79.295650
D,DISPATCH,UNIT_SCADA,1,"2022/10/20 16:20:00",BANGOWF2,51.399480
D,DISPATCH,UNIT_SCADA,1,"2022/10/20 16:20:00",BANN1,23.63
D,DISPATCH,UNIT_SCADA,1,"2022/10/20 16:20:00",BARCALDN,0
D,DISPATCH,UNIT_SCADA,1,"2022/10/20 16:20:00",BARKIPS1,0
D,DISPATCH,UNIT_SCADA,1,"2022/10/20 16:20:00",BARRON-1,25.64
D,DISPATCH,UNIT_SCADA,1,"2022/10/20 16:20:00",BARRON-2,6.44
D,DISPATCH,UNIT_SCADA,1,"2022/10/20 16:20:00",BASTYAN,55.470010
D,DISPATCH,UNIT_SCADA,1,"2022/10/20 16:20:00",BBTHREE1,0
D,DISPATCH,UNIT_SCADA,1,"2022/10/20 16:20:00",BBTHREE2,0
D,DISPATCH,UNIT_SCADA,1,"2022/10/20 16:20:00",BBTHREE3,-1.12
D,DISPATCH,UNIT_SCADA,1,"2022/10/20 16:20:00",BDL01,0
D,DISPATCH,UNIT_SCADA,1,"2022/10/20 16:20:00",BDL02,0
D,DISPATCH,UNIT_SCADA,1,"2022/10/20 16:20:00",BERYLSF1,21.332160
D,DISPATCH,UNIT_SCADA,1,"2022/10/20 16:20:00",BLOWERNG,62.50
D,DISPATCH,UNIT_SCADA,1,"2022/10/20 16:20:00",BLUEGSF1,14.098940
D,DISPATCH,UNIT_SCADA,1,"2022/10/20 16:20:00",BLUFF1,0
D,DISPATCH,UNIT_SCADA,1,"2022/10/20 16:20:00",BNGSF1,36.54
D,DISPATCH,UNIT_SCADA,1,"2022/10/20 16:20:00",BNGSF2,36.45
D,DISPATCH,UNIT_SCADA,1,"2022/10/20 16:20:00",BOCORWF1,63.66
D,DISPATCH,UNIT_SCADA,1,"2022/10/20 16:20:00",BODWF1,91.141430
D,DISPATCH,UNIT_SCADA,1,"2022/10/20 16:20:00",BOMENSF1,27.171430
D,DISPATCH,UNIT_SCADA,1,"2022/10/20 16:20:00",BOWWBA1G,0
D,DISPATCH,UNIT_SCADA,1,"2022/10/20 16:20:00",BOWWBA1L,0.0020
D,DISPATCH,UNIT_SCADA,1,"2022/10/20 16:20:00",BOWWPV1,0
D,DISPATCH,UNIT_SCADA,1,"2022/10/20 16:20:00",BRAEMAR1,0
D,DISPATCH,UNIT_SCADA,1,"2022/10/20 16:20:00",BRAEMAR2,0
D,DISPATCH,UNIT_SCADA,1,"2022/10/20 16:20:00",BRAEMAR3,0
D,DISPATCH,UNIT_SCADA,1,"2022/10/20 16:20:00",BRAEMAR5,0.292060
D,DISPATCH,UNIT_SCADA,1,"2022/10/20 16:20:00",BRAEMAR6,0
D,DISPATCH,UNIT_SCADA,1,"2022/10/20 16:20:00",BRAEMAR7,112.764980
D,DISPATCH,UNIT_SCADA,1,"2022/10/20 16:20:00",BROKENH1,30.399540
D,DISPATCH,UNIT_SCADA,1,"2022/10/20 16:20:00",BRYB1WF1,85.770970
D,DISPATCH,UNIT_SCADA,1,"2022/10/20 16:20:00",BULBESG1,0
D,DISPATCH,UNIT_SCADA,1,"2022/10/20 16:20:00",BULBESL1,0.92
D,DISPATCH,UNIT_SCADA,1,"2022/10/20 16:20:00",BULGANA1,15.34
D,DISPATCH,UNIT_SCADA,1,"2022/10/20 16:20:00",BW01,660.910950
D,DISPATCH,UNIT_SCADA,1,"2022/10/20 16:20:00",BW02,618.796080
D,DISPATCH,UNIT_SCADA,1,"2022/10/20 16:20:00",BW03,464.008540
D,DISPATCH,UNIT_SCADA,1,"2022/10/20 16:20:00",BW04,0
D,DISPATCH,UNIT_SCADA,1,"2022/10/20 16:20:00",CALL_B_1,325.300020
D,DISPATCH,UNIT_SCADA,1,"2022/10/20 16:20:00",CALL_B_2,325.899990
D,DISPATCH,UNIT_SCADA,1,"2022/10/20 16:20:00",CATHROCK,7.60
D,DISPATCH,UNIT_SCADA,1,"2022/10/20 16:20:00",CBWWBA1G,0
D,DISPATCH,UNIT_SCADA,1,"2022/10/20 16:20:00",CBWWBA1L,0
D,DISPATCH,UNIT_SCADA,1,"2022/10/20 16:20:00",CETHANA,97.885120
D,DISPATCH,UNIT_SCADA,1,"2022/10/20 16:20:00",CG1,0
D,DISPATCH,UNIT_SCADA,1,"2022/10/20 16:20:00",CG2,0
D,DISPATCH,UNIT_SCADA,1,"2022/10/20 16:20:00",CG3,0
D,DISPATCH,UNIT_SCADA,1,"2022/10/20 16:20:00",CG4,0
D,DISPATCH,UNIT_SCADA,1,"2022/10/20 16:20:00",CHILDSF1,5.91
D,DISPATCH,UNIT_SCADA,1,"2022/10/20 16:20:00",CHYTWF1,8.85
D,DISPATCH,UNIT_SCADA,1,"2022/10/20 16:20:00",CLARESF1,3.846780
D,DISPATCH,UNIT_SCADA,1,"2022/10/20 16:20:00",CLEMGPWF,11.237460
D,DISPATCH,UNIT_SCADA,1,"2022/10/20 16:20:00",CLERMSF1,34.88
D,DISPATCH,UNIT_SCADA,1,"2022/10/20 16:20:00",CNUNDAWF,9.811450
D,DISPATCH,UNIT_SCADA,1,"2022/10/20 16:20:00",COHUNSF1,8.84
D,DISPATCH,UNIT_SCADA,1,"2022/10/20 16:20:00",COLEASF1,25.498970
D,DISPATCH,UNIT_SCADA,1,"2022/10/20 16:20:00",COLUMSF1,1.5980
D,DISPATCH,UNIT_SCADA,1,"2022/10/20 16:20:00",COLWF01,82.934310
D,DISPATCH,UNIT_SCADA,1,"2022/10/20 16:20:00",COOPGWF1,221.36
D,DISPATCH,UNIT_SCADA,1,"2022/10/20 16:20:00",CPP_3,375.925020
D,DISPATCH,UNIT_SCADA,1,"2022/10/20 16:20:00",CPP_4,0
D,DISPATCH,UNIT_SCADA,1,"2022/10/20 16:20:00",CPSA,0
D,DISPATCH,UNIT_SCADA,1,"2022/10/20 16:20:00",CROOKWF2,41.024190
D,DISPATCH,UNIT_SCADA,1,"2022/10/20 16:20:00",CROWLWF1,20.758530
D,DISPATCH,UNIT_SCADA,1,"2022/10/20 16:20:00",CRURWF1,51.298160
D,DISPATCH,UNIT_SCADA,1,"2022/10/20 16:20:00",CRWASF1,30.283780
D,DISPATCH,UNIT_SCADA,1,"2022/10/20 16:20:00",CSPVPS1,19.7140
D,DISPATCH,UNIT_SCADA,1,"2022/10/20 16:20:00",CTHLWF1,0.003050
D,DISPATCH,UNIT_SCADA,1,"2022/10/20 16:20:00",DALNTH01,0
D,DISPATCH,UNIT_SCADA,1,"2022/10/20 16:20:00",DALNTHL1,0.080870
D,DISPATCH,UNIT_SCADA,1,"2022/10/20 16:20:00",DARLSF1,146.346890
D,DISPATCH,UNIT_SCADA,1,"2022/10/20 16:20:00",DARTM1,0
D,DISPATCH,UNIT_SCADA,1,"2022/10/20 16:20:00",DAYDSF1,124.222010
D,DISPATCH,UNIT_SCADA,1,"2022/10/20 16:20:00",DDPS1,0
D,DISPATCH,UNIT_SCADA,1,"2022/10/20 16:20:00",DDSF1,13.038080
D,DISPATCH,UNIT_SCADA,1,"2022/10/20 16:20:00",DEVILS_G,61.327560
D,DISPATCH,UNIT_SCADA,1,"2022/10/20 16:20:00",DG_NSW1,0
D,DISPATCH,UNIT_SCADA,1,"2022/10/20 16:20:00",DG_QLD1,0
D,DISPATCH,UNIT_SCADA,1,"2022/10/20 16:20:00",DG_SA1,0
D,DISPATCH,UNIT_SCADA,1,"2022/10/20 16:20:00",DG_TAS1,0
D,DISPATCH,UNIT_SCADA,1,"2022/10/20 16:20:00",DG_VIC1,0
D,DISPATCH,UNIT_SCADA,1,"2022/10/20 16:20:00",DRYCGT1,0
D,DISPATCH,UNIT_SCADA,1,"2022/10/20 16:20:00",DRYCGT2,0
D,DISPATCH,UNIT_SCADA,1,"2022/10/20 16:20:00",DRYCGT3,0
D,DISPATCH,UNIT_SCADA,1,"2022/10/20 16:20:00",DUNDWF1,72.46
D,DISPATCH,UNIT_SCADA,1,"2022/10/20 16:20:00",DUNDWF2,21.42
D,DISPATCH,UNIT_SCADA,1,"2022/10/20 16:20:00",DUNDWF3,51.71
D,DISPATCH,UNIT_SCADA,1,"2022/10/20 16:20:00",EILDON1,60.36
D,DISPATCH,UNIT_SCADA,1,"2022/10/20 16:20:00",EILDON2,59.92
D,DISPATCH,UNIT_SCADA,1,"2022/10/20 16:20:00",ELAINWF1,24.72
D,DISPATCH,UNIT_SCADA,1,"2022/10/20 16:20:00",EMERASF1,0
D,DISPATCH,UNIT_SCADA,1,"2022/10/20 16:20:00",ER01,0
D,DISPATCH,UNIT_SCADA,1,"2022/10/20 16:20:00",ER02,663.8407
D,DISPATCH,UNIT_SCADA,1,"2022/10/20 16:20:00",ER03,640.915530
D,DISPATCH,UNIT_SCADA,1,"2022/10/20 16:20:00",ER04,666.672790
D,DISPATCH,UNIT_SCADA,1,"2022/10/20 16:20:00",FINLYSF1,37.674530
D,DISPATCH,UNIT_SCADA,1,"2022/10/20 16:20:00",FISHER,43.95
D,DISPATCH,UNIT_SCADA,1,"2022/10/20 16:20:00",GANGARR1,79.9790
D,DISPATCH,UNIT_SCADA,1,"2022/10/20 16:20:00",GANNBG1,0.634260
D,DISPATCH,UNIT_SCADA,1,"2022/10/20 16:20:00",GANNBL1,0
D,DISPATCH,UNIT_SCADA,1,"2022/10/20 16:20:00",GANNSF1,24.60
D,DISPATCH,UNIT_SCADA,1,"2022/10/20 16:20:00",GLRWNSF1,32.06
D,DISPATCH,UNIT_SCADA,1,"2022/10/20 16:20:00",GNNDHSF1,74.099560
D,DISPATCH,UNIT_SCADA,1,"2022/10/20 16:20:00",GOONSF1,37.1722
D,DISPATCH,UNIT_SCADA,1,"2022/10/20 16:20:00",GORDON,257.339870
D,DISPATCH,UNIT_SCADA,1,"2022/10/20 16:20:00",GRANWF1,0
D,DISPATCH,UNIT_SCADA,1,"2022/10/20 16:20:00",GSTONE1,190.5750
D,DISPATCH,UNIT_SCADA,1,"2022/10/20 16:20:00",GSTONE2,0
D,DISPATCH,UNIT_SCADA,1,"2022/10/20 16:20:00",GSTONE3,190.05
D,DISPATCH,UNIT_SCADA,1,"2022/10/20 16:20:00",GSTONE4,0
D,DISPATCH,UNIT_SCADA,1,"2022/10/20 16:20:00",GSTONE5,190.399990
D,DISPATCH,UNIT_SCADA,1,"2022/10/20 16:20:00",GSTONE6,191.274990
D,DISPATCH,UNIT_SCADA,1,"2022/10/20 16:20:00",GULLRSF1,0.3150
D,DISPATCH,UNIT_SCADA,1,"2022/10/20 16:20:00",GULLRWF1,68.133960
D,DISPATCH,UNIT_SCADA,1,"2022/10/20 16:20:00",GULLRWF2,84.774250
D,DISPATCH,UNIT_SCADA,1,"2022/10/20 16:20:00",GUNNING1,0
D,DISPATCH,UNIT_SCADA,1,"2022/10/20 16:20:00",GUTHEGA,68.30
D,DISPATCH,UNIT_SCADA,1,"2022/10/20 16:20:00",HALLWF1,0
D,DISPATCH,UNIT_SCADA,1,"2022/10/20 16:20:00",HALLWF2,0
D,DISPATCH,UNIT_SCADA,1,"2022/10/20 16:20:00",HAMISF1,43.70
D,DISPATCH,UNIT_SCADA,1,"2022/10/20 16:20:00",HAUGHT11,0
D,DISPATCH,UNIT_SCADA,1,"2022/10/20 16:20:00",HAYMSF1,41.6180
D,DISPATCH,UNIT_SCADA,1,"2022/10/20 16:20:00",HDWF1,14.50
D,DISPATCH,UNIT_SCADA,1,"2022/10/20 16:20:00",HDWF2,23.40
D,DISPATCH,UNIT_SCADA,1,"2022/10/20 16:20:00",HDWF3,15.70
D,DISPATCH,UNIT_SCADA,1,"2022/10/20 16:20:00",HILLSTN1,1.369470
D,DISPATCH,UNIT_SCADA,1,"2022/10/20 16:20:00",HPRG1,7.30
D,DISPATCH,UNIT_SCADA,1,"2022/10/20 16:20:00",HPRL1,0
D,DISPATCH,UNIT_SCADA,1,"2022/10/20 16:20:00",HUMENSW,55.105850
D,DISPATCH,UNIT_SCADA,1,"2022/10/20 16:20:00",HUMEV,0
D,DISPATCH,UNIT_SCADA,1,"2022/10/20 16:20:00",HVWWBA1G,0
D,DISPATCH,UNIT_SCADA,1,"2022/10/20 16:20:00",HVWWBA1L,0.0070
D,DISPATCH,UNIT_SCADA,1,"2022/10/20 16:20:00",HVWWPV1,4.9680
D,DISPATCH,UNIT_SCADA,1,"2022/10/20 16:20:00",JBUTTERS,0
D,DISPATCH,UNIT_SCADA,1,"2022/10/20 16:20:00",JEMALNG1,7.07
D,DISPATCH,UNIT_SCADA,1,"2022/10/20 16:20:00",JLA01,0
D,DISPATCH,UNIT_SCADA,1,"2022/10/20 16:20:00",JLA02,0
D,DISPATCH,UNIT_SCADA,1,"2022/10/20 16:20:00",JLA03,0
D,DISPATCH,UNIT_SCADA,1,"2022/10/20 16:20:00",JLA04,0
D,DISPATCH,UNIT_SCADA,1,"2022/10/20 16:20:00",JLB01,0
D,DISPATCH,UNIT_SCADA,1,"2022/10/20 16:20:00",JLB02,0.10
D,DISPATCH,UNIT_SCADA,1,"2022/10/20 16:20:00",JLB03,0
D,DISPATCH,UNIT_SCADA,1,"2022/10/20 16:20:00",JUNEESF1,4.363260
D,DISPATCH,UNIT_SCADA,1,"2022/10/20 16:20:00",KABANWF1,1.3620
D,DISPATCH,UNIT_SCADA,1,"2022/10/20 16:20:00",KAREEYA1,18.2675
D,DISPATCH,UNIT_SCADA,1,"2022/10/20 16:20:00",KAREEYA2,0
D,DISPATCH,UNIT_SCADA,1,"2022/10/20 16:20:00",KAREEYA3,18.1075
D,DISPATCH,UNIT_SCADA,1,"2022/10/20 16:20:00",KAREEYA4,0
D,DISPATCH,UNIT_SCADA,1,"2022/10/20 16:20:00",KARSF1,57.50
D,DISPATCH,UNIT_SCADA,1,"2022/10/20 16:20:00",KEPSF1,7.21
D,DISPATCH,UNIT_SCADA,1,"2022/10/20 16:20:00",KEPWF1,18.01
D,DISPATCH,UNIT_SCADA,1,"2022/10/20 16:20:00",KIAMSF1,38.914320
D,DISPATCH,UNIT_SCADA,1,"2022/10/20 16:20:00",KIATAWF1,5.50
D,DISPATCH,UNIT_SCADA,1,"2022/10/20 16:20:00",KPP_1,0
D,DISPATCH,UNIT_SCADA,1,"2022/10/20 16:20:00",KSP1,21.04
D,DISPATCH,UNIT_SCADA,1,"2022/10/20 16:20:00",LADBROK1,0.02
D,DISPATCH,UNIT_SCADA,1,"2022/10/20 16:20:00",LADBROK2,0.02
D,DISPATCH,UNIT_SCADA,1,"2022/10/20 16:20:00",LBBG1,0.30
D,DISPATCH,UNIT_SCADA,1,"2022/10/20 16:20:00",LBBL1,0
D,DISPATCH,UNIT_SCADA,1,"2022/10/20 16:20:00",LD01,325.571470
D,DISPATCH,UNIT_SCADA,1,"2022/10/20 16:20:00",LD02,33.527630
D,DISPATCH,UNIT_SCADA,1,"2022/10/20 16:20:00",LD04,320.755650
D,DISPATCH,UNIT_SCADA,1,"2022/10/20 16:20:00",LEM_WIL,86.973690
D,DISPATCH,UNIT_SCADA,1,"2022/10/20 16:20:00",LGAPWF1,63.35
D,DISPATCH,UNIT_SCADA,1,"2022/10/20 16:20:00",LGAPWF2,34.46
D,DISPATCH,UNIT_SCADA,1,"2022/10/20 16:20:00",LILYSF1,78.643190
D,DISPATCH,UNIT_SCADA,1,"2022/10/20 16:20:00",LIMOSF11,59.745940
D,DISPATCH,UNIT_SCADA,1,"2022/10/20 16:20:00",LIMOSF21,7.212050
D,DISPATCH,UNIT_SCADA,1,"2022/10/20 16:20:00",LI_WY_CA,63.561750
D,DISPATCH,UNIT_SCADA,1,"2022/10/20 16:20:00",LKBONNY1,0
D,DISPATCH,UNIT_SCADA,1,"2022/10/20 16:20:00",LKBONNY2,10.689070
D,DISPATCH,UNIT_SCADA,1,"2022/10/20 16:20:00",LKBONNY3,3.126040
D,DISPATCH,UNIT_SCADA,1,"2022/10/20 16:20:00",LK_ECHO,0
D,DISPATCH,UNIT_SCADA,1,"2022/10/20 16:20:00",LNGS1,0
D,DISPATCH,UNIT_SCADA,1,"2022/10/20 16:20:00",LNGS2,0
D,DISPATCH,UNIT_SCADA,1,"2022/10/20 16:20:00",LONSDALE,0
D,DISPATCH,UNIT_SCADA,1,"2022/10/20 16:20:00",LOYYB1,577.067080
D,DISPATCH,UNIT_SCADA,1,"2022/10/20 16:20:00",LOYYB2,561.653140
D,DISPATCH,UNIT_SCADA,1,"2022/10/20 16:20:00",LYA1,562
D,DISPATCH,UNIT_SCADA,1,"2022/10/20 16:20:00",LYA2,0
D,DISPATCH,UNIT_SCADA,1,"2022/10/20 16:20:00",LYA3,560
D,DISPATCH,UNIT_SCADA,1,"2022/10/20 16:20:00",LYA4,562
D,DISPATCH,UNIT_SCADA,1,"2022/10/20 16:20:00",MACARTH1,52.998780
D,DISPATCH,UNIT_SCADA,1,"2022/10/20 16:20:00",MACKNTSH,0
D,DISPATCH,UNIT_SCADA,1,"2022/10/20 16:20:00",MANSLR1,7.2670
D,DISPATCH,UNIT_SCADA,1,"2022/10/20 16:20:00",MAPS2PV1,0
D,DISPATCH,UNIT_SCADA,1,"2022/10/20 16:20:00",MAPS3PV1,0
D,DISPATCH,UNIT_SCADA,1,"2022/10/20 16:20:00",MARYRSF1,6.46
D,DISPATCH,UNIT_SCADA,1,"2022/10/20 16:20:00",MBPS2PV1,0
D,DISPATCH,UNIT_SCADA,1,"2022/10/20 16:20:00",MCKAY1,166.7550
D,DISPATCH,UNIT_SCADA,1,"2022/10/20 16:20:00",MEADOWBK,6.087540
D,DISPATCH,UNIT_SCADA,1,"2022/10/20 16:20:00",MERCER01,28.40
D,DISPATCH,UNIT_SCADA,1,"2022/10/20 16:20:00",METZSF1,77.930990
D,DISPATCH,UNIT_SCADA,1,"2022/10/20 16:20:00",MEWF1,56.281090
D,DISPATCH,UNIT_SCADA,1,"2022/10/20 16:20:00",MIDDLSF1,20.64
D,DISPATCH,UNIT_SCADA,1,"2022/10/20 16:20:00",MINTARO,0.128180
D,DISPATCH,UNIT_SCADA,1,"2022/10/20 16:20:00",MOLNGSF1,4.8426
D,DISPATCH,UNIT_SCADA,1,"2022/10/20 16:20:00",MOORAWF1,34.14
D,DISPATCH,UNIT_SCADA,1,"2022/10/20 16:20:00",MOREESF1,2.1060
D,DISPATCH,UNIT_SCADA,1,"2022/10/20 16:20:00",MORTLK11,0
D,DISPATCH,UNIT_SCADA,1,"2022/10/20 16:20:00",MORTLK12,0
D,DISPATCH,UNIT_SCADA,1,"2022/10/20 16:20:00",MOUSF1,0
D,DISPATCH,UNIT_SCADA,1,"2022/10/20 16:20:00",MP1,0
D,DISPATCH,UNIT_SCADA,1,"2022/10/20 16:20:00",MP2,565.181950
D,DISPATCH,UNIT_SCADA,1,"2022/10/20 16:20:00",MPP_1,58.015860
D,DISPATCH,UNIT_SCADA,1,"2022/10/20 16:20:00",MPP_2,184.256060
D,DISPATCH,UNIT_SCADA,1,"2022/10/20 16:20:00",MRTLSWF1,0
D,DISPATCH,UNIT_SCADA,1,"2022/10/20 16:20:00",MSTUART1,0
D,DISPATCH,UNIT_SCADA,1,"2022/10/20 16:20:00",MSTUART2,0
D,DISPATCH,UNIT_SCADA,1,"2022/10/20 16:20:00",MSTUART3,0
D,DISPATCH,UNIT_SCADA,1,"2022/10/20 16:20:00",MTGELWF1,51.794490
D,DISPATCH,UNIT_SCADA,1,"2022/10/20 16:20:00",MTMILLAR,11
D,DISPATCH,UNIT_SCADA,1,"2022/10/20 16:20:00",MURRAY,0
D,DISPATCH,UNIT_SCADA,1,"2022/10/20 16:20:00",MUSSELR1,2.80
D,DISPATCH,UNIT_SCADA,1,"2022/10/20 16:20:00",MUWAWF1,58.77
D,DISPATCH,UNIT_SCADA,1,"2022/10/20 16:20:00",MUWAWF2,27.20
D,DISPATCH,UNIT_SCADA,1,"2022/10/20 16:20:00",MWPS1PV1,4.57
D,DISPATCH,UNIT_SCADA,1,"2022/10/20 16:20:00",MWPS2PV1,4.60
D,DISPATCH,UNIT_SCADA,1,"2022/10/20 16:20:00",MWPS3PV1,2.03
D,DISPATCH,UNIT_SCADA,1,"2022/10/20 16:20:00",MWPS4PV1,1.30
D,DISPATCH,UNIT_SCADA,1,"2022/10/20 16:20:00",NBHWF1,0.50
D,DISPATCH,UNIT_SCADA,1,"2022/10/20 16:20:00",NEVERSF1,6.39
D,DISPATCH,UNIT_SCADA,1,"2022/10/20 16:20:00",NPS,0
D,DISPATCH,UNIT_SCADA,1,"2022/10/20 16:20:00",NUMURSF1,50.29
D,DISPATCH,UNIT_SCADA,1,"2022/10/20 16:20:00",NYNGAN1,17.25
D,DISPATCH,UNIT_SCADA,1,"2022/10/20 16:20:00",OAKEY1,0
D,DISPATCH,UNIT_SCADA,1,"2022/10/20 16:20:00",OAKEY1SF,6.14
D,DISPATCH,UNIT_SCADA,1,"2022/10/20 16:20:00",OAKEY2,0
D,DISPATCH,UNIT_SCADA,1,"2022/10/20 16:20:00",OAKEY2SF,15.64
D,DISPATCH,UNIT_SCADA,1,"2022/10/20 16:20:00",OAKLAND1,18.70
D,DISPATCH,UNIT_SCADA,1,"2022/10/20 16:20:00",OSB-AG,86.13
D,DISPATCH,UNIT_SCADA,1,"2022/10/20 16:20:00",PAREPS1,1.2590
D,DISPATCH,UNIT_SCADA,1,"2022/10/20 16:20:00",PAREPW1,102.05
D,DISPATCH,UNIT_SCADA,1,"2022/10/20 16:20:00",PARSF1,27.6997
D,DISPATCH,UNIT_SCADA,1,"2022/10/20 16:20:00",POAT110,3.30
D,DISPATCH,UNIT_SCADA,1,"2022/10/20 16:20:00",POAT220,0
D,DISPATCH,UNIT_SCADA,1,"2022/10/20 16:20:00",POR01,0
D,DISPATCH,UNIT_SCADA,1,"2022/10/20 16:20:00",POR03,0
D,DISPATCH,UNIT_SCADA,1,"2022/10/20 16:20:00",PPCCGT,168.183290
D,DISPATCH,UNIT_SCADA,1,"2022/10/20 16:20:00",PTSTAN1,0
D,DISPATCH,UNIT_SCADA,1,"2022/10/20 16:20:00",PUMP1,0
D,DISPATCH,UNIT_SCADA,1,"2022/10/20 16:20:00",PUMP2,0
D,DISPATCH,UNIT_SCADA,1,"2022/10/20 16:20:00",QBYNBG1,0
D,DISPATCH,UNIT_SCADA,1,"2022/10/20 16:20:00",QBYNBL1,2.298460
D,DISPATCH,UNIT_SCADA,1,"2022/10/20 16:20:00",QPS1,0
D,DISPATCH,UNIT_SCADA,1,"2022/10/20 16:20:00",QPS2,0
D,DISPATCH,UNIT_SCADA,1,"2022/10/20 16:20:00",QPS3,0
D,DISPATCH,UNIT_SCADA,1,"2022/10/20 16:20:00",QPS4,0
D,DISPATCH,UNIT_SCADA,1,"2022/10/20 16:20:00",QPS5,77.07
D,DISPATCH,UNIT_SCADA,1,"2022/10/20 16:20:00",REECE1,49.507370
D,DISPATCH,UNIT_SCADA,1,"2022/10/20 16:20:00",REECE2,0
D,DISPATCH,UNIT_SCADA,1,"2022/10/20 16:20:00",ROMA_7,0
D,DISPATCH,UNIT_SCADA,1,"2022/10/20 16:20:00",ROMA_8,0
D,DISPATCH,UNIT_SCADA,1,"2022/10/20 16:20:00",RRSF1,26.349830
D,DISPATCH,UNIT_SCADA,1,"2022/10/20 16:20:00",RT_NSW1,0
D,DISPATCH,UNIT_SCADA,1,"2022/10/20 16:20:00",RT_NSW2,0
D,DISPATCH,UNIT_SCADA,1,"2022/10/20 16:20:00",RT_NSW3,0
D,DISPATCH,UNIT_SCADA,1,"2022/10/20 16:20:00",RT_NSW4,0
D,DISPATCH,UNIT_SCADA,1,"2022/10/20 16:20:00",RT_NSW5,0
D,DISPATCH,UNIT_SCADA,1,"2022/10/20 16:20:00",RT_NSW6,0
D,DISPATCH,UNIT_SCADA,1,"2022/10/20 16:20:00",RT_QLD1,0
D,DISPATCH,UNIT_SCADA,1,"2022/10/20 16:20:00",RT_SA1,0
D,DISPATCH,UNIT_SCADA,1,"2022/10/20 16:20:00",RT_SA2,0
D,DISPATCH,UNIT_SCADA,1,"2022/10/20 16:20:00",RT_SA3,0
D,DISPATCH,UNIT_SCADA,1,"2022/10/20 16:20:00",RT_SA4,0
D,DISPATCH,UNIT_SCADA,1,"2022/10/20 16:20:00",RT_SA5,0
D,DISPATCH,UNIT_SCADA,1,"2022/10/20 16:20:00",RT_SA6,0
D,DISPATCH,UNIT_SCADA,1,"2022/10/20 16:20:00",RT_TAS1,0
D,DISPATCH,UNIT_SCADA,1,"2022/10/20 16:20:00",RT_VIC1,0
D,DISPATCH,UNIT_SCADA,1,"2022/10/20 16:20:00",RT_VIC10,0
D,DISPATCH,UNIT_SCADA,1,"2022/10/20 16:20:00",RT_VIC11,0
D,DISPATCH,UNIT_SCADA,1,"2022/10/20 16:20:00",RT_VIC12,0
D,DISPATCH,UNIT_SCADA,1,"2022/10/20 16:20:00",RT_VIC2,0
D,DISPATCH,UNIT_SCADA,1,"2022/10/20 16:20:00",RT_VIC3,0
D,DISPATCH,UNIT_SCADA,1,"2022/10/20 16:20:00",RT_VIC4,0
D,DISPATCH,UNIT_SCADA,1,"2022/10/20 16:20:00",RT_VIC5,0
D,DISPATCH,UNIT_SCADA,1,"2022/10/20 16:20:00",RT_VIC6,0
D,DISPATCH,UNIT_SCADA,1,"2022/10/20 16:20:00",RT_VIC7,0
D,DISPATCH,UNIT_SCADA,1,"2022/10/20 16:20:00",RT_VIC8,0
D,DISPATCH,UNIT_SCADA,1,"2022/10/20 16:20:00",RT_VIC9,0
D,DISPATCH,UNIT_SCADA,1,"2022/10/20 16:20:00",RUGBYR1,0
D,DISPATCH,UNIT_SCADA,1,"2022/10/20 16:20:00",SALTCRK1,20.12
D,DISPATCH,UNIT_SCADA,1,"2022/10/20 16:20:00",SAPHWF1,46.916920
D,DISPATCH,UNIT_SCADA,1,"2022/10/20 16:20:00",SEBSF1,8.112670
D,DISPATCH,UNIT_SCADA,1,"2022/10/20 16:20:00",SHGEN,0
D,DISPATCH,UNIT_SCADA,1,"2022/10/20 16:20:00",SHPUMP,0
D,DISPATCH,UNIT_SCADA,1,"2022/10/20 16:20:00",SITHE01,0.043330
D,DISPATCH,UNIT_SCADA,1,"2022/10/20 16:20:00",SMCSF1,40.8010
D,DISPATCH,UNIT_SCADA,1,"2022/10/20 16:20:00",SNAPPER1,0
D,DISPATCH,UNIT_SCADA,1,"2022/10/20 16:20:00",SNOWNTH1,14.80
D,DISPATCH,UNIT_SCADA,1,"2022/10/20 16:20:00",SNOWSTH1,14.10
D,DISPATCH,UNIT_SCADA,1,"2022/10/20 16:20:00",SNOWTWN1,8.7450
D,DISPATCH,UNIT_SCADA,1,"2022/10/20 16:20:00",SNOWYP,0
D,DISPATCH,UNIT_SCADA,1,"2022/10/20 16:20:00",SNUG1,0
D,DISPATCH,UNIT_SCADA,1,"2022/10/20 16:20:00",SRSF1,6.03
D,DISPATCH,UNIT_SCADA,1,"2022/10/20 16:20:00",STAN-1,282.581210
D,DISPATCH,UNIT_SCADA,1,"2022/10/20 16:20:00",STAN-2,362.9360
D,DISPATCH,UNIT_SCADA,1,"2022/10/20 16:20:00",STAN-3,197.727390
D,DISPATCH,UNIT_SCADA,1,"2022/10/20 16:20:00",STAN-4,364.051150
D,DISPATCH,UNIT_SCADA,1,"2022/10/20 16:20:00",STARHLWF,10.097060
D,DISPATCH,UNIT_SCADA,1,"2022/10/20 16:20:00",STOCKYD1,202.48
D,DISPATCH,UNIT_SCADA,1,"2022/10/20 16:20:00",STWF1,5.399860
D,DISPATCH,UNIT_SCADA,1,"2022/10/20 16:20:00",SUNRSF1,48.628980
D,DISPATCH,UNIT_SCADA,1,"2022/10/20 16:20:00",SUNTPSF1,69.578090
D,DISPATCH,UNIT_SCADA,1,"2022/10/20 16:20:00",SWAN_E,220.327510
D,DISPATCH,UNIT_SCADA,1,"2022/10/20 16:20:00",TALWA1,0
D,DISPATCH,UNIT_SCADA,1,"2022/10/20 16:20:00",TARALGA1,0
D,DISPATCH,UNIT_SCADA,1,"2022/10/20 16:20:00",TARONG#1,349.700010
D,DISPATCH,UNIT_SCADA,1,"2022/10/20 16:20:00",TARONG#2,348.300020
D,DISPATCH,UNIT_SCADA,1,"2022/10/20 16:20:00",TARONG#3,0.90
D,DISPATCH,UNIT_SCADA,1,"2022/10/20 16:20:00",TARONG#4,249.600010
D,DISPATCH,UNIT_SCADA,1,"2022/10/20 16:20:00",TARRALEA,54
D,DISPATCH,UNIT_SCADA,1,"2022/10/20 16:20:00",TBSF1,0.10
D,DISPATCH,UNIT_SCADA,1,"2022/10/20 16:20:00",TNPS1,430
D,DISPATCH,UNIT_SCADA,1,"2022/10/20 16:20:00",TORRB1,0
D,DISPATCH,UNIT_SCADA,1,"2022/10/20 16:20:00",TORRB2,65
D,DISPATCH,UNIT_SCADA,1,"2022/10/20 16:20:00",TORRB3,0
D,DISPATCH,UNIT_SCADA,1,"2022/10/20 16:20:00",TORRB4,0
D,DISPATCH,UNIT_SCADA,1,"2022/10/20 16:20:00",TREVALLN,100.3302
D,DISPATCH,UNIT_SCADA,1,"2022/10/20 16:20:00",TRIBUTE,0
D,DISPATCH,UNIT_SCADA,1,"2022/10/20 16:20:00",TUMUT3,127.75
D,DISPATCH,UNIT_SCADA,1,"2022/10/20 16:20:00",TUNGATIN,6.660020
D,DISPATCH,UNIT_SCADA,1,"2022/10/20 16:20:00",TVCC201,0
D,DISPATCH,UNIT_SCADA,1,"2022/10/20 16:20:00",TVPP104,0
D,DISPATCH,UNIT_SCADA,1,"2022/10/20 16:20:00",UPPTUMUT,0
D,DISPATCH,UNIT_SCADA,1,"2022/10/20 16:20:00",URANQ11,0
D,DISPATCH,UNIT_SCADA,1,"2022/10/20 16:20:00",URANQ12,0
D,DISPATCH,UNIT_SCADA,1,"2022/10/20 16:20:00",URANQ13,0
D,DISPATCH,UNIT_SCADA,1,"2022/10/20 16:20:00",URANQ14,0
D,DISPATCH,UNIT_SCADA,1,"2022/10/20 16:20:00",VBBG1,14
D,DISPATCH,UNIT_SCADA,1,"2022/10/20 16:20:00",VBBL1,0
D,DISPATCH,UNIT_SCADA,1,"2022/10/20 16:20:00",VP5,462.929170
D,DISPATCH,UNIT_SCADA,1,"2022/10/20 16:20:00",VP6,465.028840
D,DISPATCH,UNIT_SCADA,1,"2022/10/20 16:20:00",VPGS1,0
D,DISPATCH,UNIT_SCADA,1,"2022/10/20 16:20:00",VPGS2,0
D,DISPATCH,UNIT_SCADA,1,"2022/10/20 16:20:00",VPGS3,0
D,DISPATCH,UNIT_SCADA,1,"2022/10/20 16:20:00",VPGS4,0
D,DISPATCH,UNIT_SCADA,1,"2022/10/20 16:20:00",VPGS5,0
D,DISPATCH,UNIT_SCADA,1,"2022/10/20 16:20:00",VPGS6,0
D,DISPATCH,UNIT_SCADA,1,"2022/10/20 16:20:00",W/HOE#1,0
D,DISPATCH,UNIT_SCADA,1,"2022/10/20 16:20:00",W/HOE#2,0
D,DISPATCH,UNIT_SCADA,1,"2022/10/20 16:20:00",WAGGNSF1,0
D,DISPATCH,UNIT_SCADA,1,"2022/10/20 16:20:00",WALGRVG1,0.032580
D,DISPATCH,UNIT_SCADA,1,"2022/10/20 16:20:00",WALGRVL1,0
D,DISPATCH,UNIT_SCADA,1,"2022/10/20 16:20:00",WANDBG1,0
D,DISPATCH,UNIT_SCADA,1,"2022/10/20 16:20:00",WANDBL1,3.3599
D,DISPATCH,UNIT_SCADA,1,"2022/10/20 16:20:00",WARWSF1,3.10
D,DISPATCH,UNIT_SCADA,1,"2022/10/20 16:20:00",WARWSF2,3.06
D,DISPATCH,UNIT_SCADA,1,"2022/10/20 16:20:00",WATERLWF,0
D,DISPATCH,UNIT_SCADA,1,"2022/10/20 16:20:00",WDGPH1,16.6450
D,DISPATCH,UNIT_SCADA,1,"2022/10/20 16:20:00",WELLSF1,85.874730
D,DISPATCH,UNIT_SCADA,1,"2022/10/20 16:20:00",WEMENSF1,13.20
D,DISPATCH,UNIT_SCADA,1,"2022/10/20 16:20:00",WGWF1,0
D,DISPATCH,UNIT_SCADA,1,"2022/10/20 16:20:00",WHITSF1,48
D,DISPATCH,UNIT_SCADA,1,"2022/10/20 16:20:00",WINTSF1,21.55
D,DISPATCH,UNIT_SCADA,1,"2022/10/20 16:20:00",WKIEWA1,32.60
D,DISPATCH,UNIT_SCADA,1,"2022/10/20 16:20:00",WKIEWA2,14.40
D,DISPATCH,UNIT_SCADA,1,"2022/10/20 16:20:00",WOODLWN1,33.710960
D,DISPATCH,UNIT_SCADA,1,"2022/10/20 16:20:00",WOOLGSF1,6.858750
D,DISPATCH,UNIT_SCADA,1,"2022/10/20 16:20:00",WPWF,47.92
D,DISPATCH,UNIT_SCADA,1,"2022/10/20 16:20:00",WRSF1,2.679530
D,DISPATCH,UNIT_SCADA,1,"2022/10/20 16:20:00",WRWF1,21.381550
D,DISPATCH,UNIT_SCADA,1,"2022/10/20 16:20:00",WSTWYSF1,2.4873
D,DISPATCH,UNIT_SCADA,1,"2022/10/20 16:20:00",YABULU,0
D,DISPATCH,UNIT_SCADA,1,"2022/10/20 16:20:00",YABULU2,0
D,DISPATCH,UNIT_SCADA,1,"2022/10/20 16:20:00",YARANSF1,21.97
D,DISPATCH,UNIT_SCADA,1,"2022/10/20 16:20:00",YARWUN_1,160.259990
D,DISPATCH,UNIT_SCADA,1,"2022/10/20 16:20:00",YATSF1,67.51
D,DISPATCH,UNIT_SCADA,1,"2022/10/20 16:20:00",YENDWF1,31.71
D,DISPATCH,UNIT_SCADA,1,"2022/10/20 16:20:00",YWPS1,357.643040
D,DISPATCH,UNIT_SCADA,1,"2022/10/20 16:20:00",YWPS2,292.227840
D,DISPATCH,UNIT_SCADA,1,"2022/10/20 16:20:00",YWPS3,363.340520
D,DISPATCH,UNIT_SCADA,1,"2022/10/20 16:20:00",YWPS4,0
C,"END OF REPORT",419
