C,NEMP.WORLD,DISPATCHSCADA,AEMO,PUBLIC,2022/10/20,10:35:09,0000000373247571,DISPATCHSCADA,0000000373247565
I,DISPATCH,UNIT_SCADA,1,SETTLEMENTDATE,DUID,SCADAVALUE
D,DISPATCH,UNIT_SCADA,1,"2022/10/20 10:40:00",BARCSF1,11.10
D,DISPATCH,UNIT_SCADA,1,"2022/10/20 10:40:00",BUTLERSG,8.699999
D,DISPATCH,UNIT_SCADA,1,"2022/10/20 10:40:00",CAPTL_WF,28.969193
D,DISPATCH,UNIT_SCADA,1,"2022/10/20 10:40:00",CHALLHWF,6.10
D,DISPATCH,UNIT_SCADA,1,"2022/10/20 10:40:00",CLOVER,10.03
D,DISPATCH,UNIT_SCADA,1,"2022/10/20 10:40:00",CLUNY,6.152895
D,DISPATCH,UNIT_SCADA,1,"2022/10/20 10:40:00",CULLRGWF,-0.06
D,DISPATCH,UNIT_SCADA,1,"2022/10/20 10:40:00",DIAPURWF1,4.30
D,DISPATCH,UNIT_SCADA,1,"2022/10/20 10:40:00",ERGT01,0
D,DISPATCH,UNIT_SCADA,1,"2022/10/20 10:40:00",GB01,0
D,DISPATCH,UNIT_SCADA,1,"2022/10/20 10:40:00",GERMCRK,19.200001
D,DISPATCH,UNIT_SCADA,1,"2022/10/20 10:40:00",GRIFSF1,4.701304
D,DISPATCH,UNIT_SCADA,1,"2022/10/20 10:40:00",HEZ1,0
D,DISPATCH,UNIT_SCADA,1,"2022/10/20 10:40:00",HUGSF1,13.691001
D,DISPATCH,UNIT_SCADA,1,"2022/10/20 10:40:00",KEPBG1,0
D,DISPATCH,UNIT_SCADA,1,"2022/10/20 10:40:00",LRSF1,13.8570
D,DISPATCH,UNIT_SCADA,1,"2022/10/20 10:40:00",MBAHNTH,45.393753
D,DISPATCH,UNIT_SCADA,1,"2022/10/20 10:40:00",MLSP1,3.652001
D,DISPATCH,UNIT_SCADA,1,"2022/10/20 10:40:00",MLWF1,5.3250
D,DISPATCH,UNIT_SCADA,1,"2022/10/20 10:40:00",PALOONA,30.09
D,DISPATCH,UNIT_SCADA,1,"2022/10/20 10:40:00",PIONEER,42.900002
D,DISPATCH,UNIT_SCADA,1,"2022/10/20 10:40:00",PORTWF,78.400002
D,DISPATCH,UNIT_SCADA,1,"2022/10/20 10:40:00",REPULSE,9.556420
D,DISPATCH,UNIT_SCADA,1,"2022/10/20 10:40:00",ROWALLAN,8.9602
D,DISPATCH,UNIT_SCADA,1,"2022/10/20 10:40:00",ROYALLA1,12.109003
D,DISPATCH,UNIT_SCADA,1,"2022/10/20 10:40:00",RPCG,-1.80
D,DISPATCH,UNIT_SCADA,1,"2022/10/20 10:40:00",RUBICON,0
D,DISPATCH,UNIT_SCADA,1,"2022/10/20 10:40:00",WAUBRAWF,11.30
D,DISPATCH,UNIT_SCADA,1,"2022/10/20 10:40:00",WOOLNTH1,-0.85
D,DISPATCH,UNIT_SCADA,1,"2022/10/20 10:40:00",YAMBUKWF,5.80
D,DISPATCH,UNIT_SCADA,1,"2022/10/20 10:40:00",YSWF1,0.90
D,DISPATCH,UNIT_SCADA,1,"2022/10/20 10:40:00",ADPBA1G,0.0080
D,DISPATCH,UNIT_SCADA,1,"2022/10/20 10:40:00",ADPBA1L,0
D,DISPATCH,UNIT_SCADA,1,"2022/10/20 10:40:00",ADPPV1,0.0680
D,DISPATCH,UNIT_SCADA,1,"2022/10/20 10:40:00",AGLHAL,0
D,DISPATCH,UNIT_SCADA,1,"2022/10/20 10:40:00",AGLSOM,0
D,DISPATCH,UNIT_SCADA,1,"2022/10/20 10:40:00",ANGAST1,0
D,DISPATCH,UNIT_SCADA,1,"2022/10/20 10:40:00",ARWF1,0.30
D,DISPATCH,UNIT_SCADA,1,"2022/10/20 10:40:00",BALBG1,0
D,DISPATCH,UNIT_SCADA,1,"2022/10/20 10:40:00",BALBL1,0
D,DISPATCH,UNIT_SCADA,1,"2022/10/20 10:40:00",BALDHWF1,5.2150
D,DISPATCH,UNIT_SCADA,1,"2022/10/20 10:40:00",BANGOWF1,34.1973
D,DISPATCH,UNIT_SCADA,1,"2022/10/20 10:40:00",BANGOWF2,48.898830
D,DISPATCH,UNIT_SCADA,1,"2022/10/20 10:40:00",BANN1,8.28
D,DISPATCH,UNIT_SCADA,1,"2022/10/20 10:40:00",BARCALDN,0
D,DISPATCH,UNIT_SCADA,1,"2022/10/20 10:40:00",BARKIPS1,0
D,DISPATCH,UNIT_SCADA,1,"2022/10/20 10:40:00",BARRON-1,0
D,DISPATCH,UNIT_SCADA,1,"2022/10/20 10:40:00",BARRON-2,0
D,DISPATCH,UNIT_SCADA,1,"2022/10/20 10:40:00",BASTYAN,54.470010
D,DISPATCH,UNIT_SCADA,1,"2022/10/20 10:40:00",BBTHREE1,0
D,DISPATCH,UNIT_SCADA,1,"2022/10/20 10:40:00",BBTHREE2,0
D,DISPATCH,UNIT_SCADA,1,"2022/10/20 10:40:00",BBTHREE3,-1.05
D,DISPATCH,UNIT_SCADA,1,"2022/10/20 10:40:00",BDL01,0
D,DISPATCH,UNIT_SCADA,1,"2022/10/20 10:40:00",BDL02,0
D,DISPATCH,UNIT_SCADA,1,"2022/10/20 10:40:00",BERYLSF1,2.882080
D,DISPATCH,UNIT_SCADA,1,"2022/10/20 10:40:00",BLOWERNG,62.50
D,DISPATCH,UNIT_SCADA,1,"2022/10/20 10:40:00",BLUEGSF1,40.081410
D,DISPATCH,UNIT_SCADA,1,"2022/10/20 10:40:00",BLUFF1,10.40
D,DISPATCH,UNIT_SCADA,1,"2022/10/20 10:40:00",BNGSF1,49.20
D,DISPATCH,UNIT_SCADA,1,"2022/10/20 10:40:00",BNGSF2,63.78
D,DISPATCH,UNIT_SCADA,1,"2022/10/20 10:40:00",BOCORWF1,0.92
D,DISPATCH,UNIT_SCADA,1,"2022/10/20 10:40:00",BODWF1,100.4019
D,DISPATCH,UNIT_SCADA,1,"2022/10/20 10:40:00",BOMENSF1,49.660790
D,DISPATCH,UNIT_SCADA,1,"2022/10/20 10:40:00",BOWWBA1G,0
D,DISPATCH,UNIT_SCADA,1,"2022/10/20 10:40:00",BOWWBA1L,0
D,DISPATCH,UNIT_SCADA,1,"2022/10/20 10:40:00",BOWWPV1,0
D,DISPATCH,UNIT_SCADA,1,"2022/10/20 10:40:00",BRAEMAR1,0
D,DISPATCH,UNIT_SCADA,1,"2022/10/20 10:40:00",BRAEMAR2,0
D,DISPATCH,UNIT_SCADA,1,"2022/10/20 10:40:00",BRAEMAR3,0
D,DISPATCH,UNIT_SCADA,1,"2022/10/20 10:40:00",BRAEMAR5,0.292060
D,DISPATCH,UNIT_SCADA,1,"2022/10/20 10:40:00",BRAEMAR6,0
D,DISPATCH,UNIT_SCADA,1,"2022/10/20 10:40:00",BRAEMAR7,0.130920
D,DISPATCH,UNIT_SCADA,1,"2022/10/20 10:40:00",BROKENH1,13.1998
D,DISPATCH,UNIT_SCADA,1,"2022/10/20 10:40:00",BRYB1WF1,90.110630
D,DISPATCH,UNIT_SCADA,1,"2022/10/20 10:40:00",BULBESG1,0.05
D,DISPATCH,UNIT_SCADA,1,"2022/10/20 10:40:00",BULBESL1,0
D,DISPATCH,UNIT_SCADA,1,"2022/10/20 10:40:00",BULGANA1,13.06
D,DISPATCH,UNIT_SCADA,1,"2022/10/20 10:40:00",BW01,660.056460
D,DISPATCH,UNIT_SCADA,1,"2022/10/20 10:40:00",BW02,619.211120
D,DISPATCH,UNIT_SCADA,1,"2022/10/20 10:40:00",BW03,555.831240
D,DISPATCH,UNIT_SCADA,1,"2022/10/20 10:40:00",BW04,0
D,DISPATCH,UNIT_SCADA,1,"2022/10/20 10:40:00",CALL_B_1,320.700010
D,DISPATCH,UNIT_SCADA,1,"2022/10/20 10:40:00",CALL_B_2,319.899990
D,DISPATCH,UNIT_SCADA,1,"2022/10/20 10:40:00",CATHROCK,0.20
D,DISPATCH,UNIT_SCADA,1,"2022/10/20 10:40:00",CBWWBA1G,0
D,DISPATCH,UNIT_SCADA,1,"2022/10/20 10:40:00",CBWWBA1L,0
D,DISPATCH,UNIT_SCADA,1,"2022/10/20 10:40:00",CETHANA,75.072750
D,DISPATCH,UNIT_SCADA,1,"2022/10/20 10:40:00",CG1,0
D,DISPATCH,UNIT_SCADA,1,"2022/10/20 10:40:00",CG2,0
D,DISPATCH,UNIT_SCADA,1,"2022/10/20 10:40:00",CG3,0
D,DISPATCH,UNIT_SCADA,1,"2022/10/20 10:40:00",CG4,0
D,DISPATCH,UNIT_SCADA,1,"2022/10/20 10:40:00",CHILDSF1,7.78
D,DISPATCH,UNIT_SCADA,1,"2022/10/20 10:40:00",CHYTWF1,2.10
D,DISPATCH,UNIT_SCADA,1,"2022/10/20 10:40:00",CLARESF1,76.5911
D,DISPATCH,UNIT_SCADA,1,"2022/10/20 10:40:00",CLEMGPWF,15.919730
D,DISPATCH,UNIT_SCADA,1,"2022/10/20 10:40:00",CLERMSF1,23.85
D,DISPATCH,UNIT_SCADA,1,"2022/10/20 10:40:00",CNUNDAWF,0
D,DISPATCH,UNIT_SCADA,1,"2022/10/20 10:40:00",COHUNSF1,8.41
D,DISPATCH,UNIT_SCADA,1,"2022/10/20 10:40:00",COLEASF1,37.796980
D,DISPATCH,UNIT_SCADA,1,"2022/10/20 10:40:00",COLUMSF1,27.3960
D,DISPATCH,UNIT_SCADA,1,"2022/10/20 10:40:00",COLWF01,74.196990
D,DISPATCH,UNIT_SCADA,1,"2022/10/20 10:40:00",COOPGWF1,176.960010
D,DISPATCH,UNIT_SCADA,1,"2022/10/20 10:40:00",CPP_3,372.075010
D,DISPATCH,UNIT_SCADA,1,"2022/10/20 10:40:00",CPP_4,0
D,DISPATCH,UNIT_SCADA,1,"2022/10/20 10:40:00",CPSA,0
D,DISPATCH,UNIT_SCADA,1,"2022/10/20 10:40:00",CROOKWF2,45.623870
D,DISPATCH,UNIT_SCADA,1,"2022/10/20 10:40:00",CROWLWF1,13.215230
D,DISPATCH,UNIT_SCADA,1,"2022/10/20 10:40:00",CRURWF1,65.498360
D,DISPATCH,UNIT_SCADA,1,"2022/10/20 10:40:00",CRWASF1,30.173180
D,DISPATCH,UNIT_SCADA,1,"2022/10/20 10:40:00",CSPVPS1,1.3970
D,DISPATCH,UNIT_SCADA,1,"2022/10/20 10:40:00",CTHLWF1,0.003050
D,DISPATCH,UNIT_SCADA,1,"2022/10/20 10:40:00",DALNTH01,0
D,DISPATCH,UNIT_SCADA,1,"2022/10/20 10:40:00",DALNTHL1,1.020830
D,DISPATCH,UNIT_SCADA,1,"2022/10/20 10:40:00",DARLSF1,79.355640
D,DISPATCH,UNIT_SCADA,1,"2022/10/20 10:40:00",DARTM1,0
D,DISPATCH,UNIT_SCADA,1,"2022/10/20 10:40:00",DAYDSF1,4.6920
D,DISPATCH,UNIT_SCADA,1,"2022/10/20 10:40:00",DDPS1,0
D,DISPATCH,UNIT_SCADA,1,"2022/10/20 10:40:00",DDSF1,47.179780
D,DISPATCH,UNIT_SCADA,1,"2022/10/20 10:40:00",DEVILS_G,58.595540
D,DISPATCH,UNIT_SCADA,1,"2022/10/20 10:40:00",DG_NSW1,0
D,DISPATCH,UNIT_SCADA,1,"2022/10/20 10:40:00",DG_QLD1,0
D,DISPATCH,UNIT_SCADA,1,"2022/10/20 10:40:00",DG_SA1,0
D,DISPATCH,UNIT_SCADA,1,"2022/10/20 10:40:00",DG_TAS1,0
D,DISPATCH,UNIT_SCADA,1,"2022/10/20 10:40:00",DG_VIC1,0
D,DISPATCH,UNIT_SCADA,1,"2022/10/20 10:40:00",DRYCGT1,0
D,DISPATCH,UNIT_SCADA,1,"2022/10/20 10:40:00",DRYCGT2,0
D,DISPATCH,UNIT_SCADA,1,"2022/10/20 10:40:00",DRYCGT3,0
D,DISPATCH,UNIT_SCADA,1,"2022/10/20 10:40:00",DUNDWF1,54.52
D,DISPATCH,UNIT_SCADA,1,"2022/10/20 10:40:00",DUNDWF2,15.76
D,DISPATCH,UNIT_SCADA,1,"2022/10/20 10:40:00",DUNDWF3,40.86
D,DISPATCH,UNIT_SCADA,1,"2022/10/20 10:40:00",EILDON1,60.32
D,DISPATCH,UNIT_SCADA,1,"2022/10/20 10:40:00",EILDON2,60.16
D,DISPATCH,UNIT_SCADA,1,"2022/10/20 10:40:00",ELAINWF1,27.47
D,DISPATCH,UNIT_SCADA,1,"2022/10/20 10:40:00",EMERASF1,0
D,DISPATCH,UNIT_SCADA,1,"2022/10/20 10:40:00",ER01,0
D,DISPATCH,UNIT_SCADA,1,"2022/10/20 10:40:00",ER02,304.997310
D,DISPATCH,UNIT_SCADA,1,"2022/10/20 10:40:00",ER03,345.3544
D,DISPATCH,UNIT_SCADA,1,"2022/10/20 10:40:00",ER04,348.308530
D,DISPATCH,UNIT_SCADA,1,"2022/10/20 10:40:00",FINLYSF1,75.242230
D,DISPATCH,UNIT_SCADA,1,"2022/10/20 10:40:00",FISHER,43.80
D,DISPATCH,UNIT_SCADA,1,"2022/10/20 10:40:00",GANGARR1,17.9630
D,DISPATCH,UNIT_SCADA,1,"2022/10/20 10:40:00",GANNBG1,0
D,DISPATCH,UNIT_SCADA,1,"2022/10/20 10:40:00",GANNBL1,2.215230
D,DISPATCH,UNIT_SCADA,1,"2022/10/20 10:40:00",GANNSF1,49.60
D,DISPATCH,UNIT_SCADA,1,"2022/10/20 10:40:00",GLRWNSF1,110.04
D,DISPATCH,UNIT_SCADA,1,"2022/10/20 10:40:00",GNNDHSF1,49.838630
D,DISPATCH,UNIT_SCADA,1,"2022/10/20 10:40:00",GOONSF1,3.426570
D,DISPATCH,UNIT_SCADA,1,"2022/10/20 10:40:00",GORDON,202.259740
D,DISPATCH,UNIT_SCADA,1,"2022/10/20 10:40:00",GRANWF1,0.86
D,DISPATCH,UNIT_SCADA,1,"2022/10/20 10:40:00",GSTONE1,196.349990
D,DISPATCH,UNIT_SCADA,1,"2022/10/20 10:40:00",GSTONE2,0
D,DISPATCH,UNIT_SCADA,1,"2022/10/20 10:40:00",GSTONE3,190.05
D,DISPATCH,UNIT_SCADA,1,"2022/10/20 10:40:00",GSTONE4,0
D,DISPATCH,UNIT_SCADA,1,"2022/10/20 10:40:00",GSTONE5,152.599990
D,DISPATCH,UNIT_SCADA,1,"2022/10/20 10:40:00",GSTONE6,152.774990
D,DISPATCH,UNIT_SCADA,1,"2022/10/20 10:40:00",GULLRSF1,4.304930
D,DISPATCH,UNIT_SCADA,1,"2022/10/20 10:40:00",GULLRWF1,77.993810
D,DISPATCH,UNIT_SCADA,1,"2022/10/20 10:40:00",GULLRWF2,89.014530
D,DISPATCH,UNIT_SCADA,1,"2022/10/20 10:40:00",GUNNING1,0
D,DISPATCH,UNIT_SCADA,1,"2022/10/20 10:40:00",GUTHEGA,67.90
D,DISPATCH,UNIT_SCADA,1,"2022/10/20 10:40:00",HALLWF1,24.31
D,DISPATCH,UNIT_SCADA,1,"2022/10/20 10:40:00",HALLWF2,33.81
D,DISPATCH,UNIT_SCADA,1,"2022/10/20 10:40:00",HAMISF1,0
D,DISPATCH,UNIT_SCADA,1,"2022/10/20 10:40:00",HAUGHT11,67.383290
D,DISPATCH,UNIT_SCADA,1,"2022/10/20 10:40:00",HAYMSF1,0
D,DISPATCH,UNIT_SCADA,1,"2022/10/20 10:40:00",HDWF1,73.70
D,DISPATCH,UNIT_SCADA,1,"2022/10/20 10:40:00",HDWF2,60.60
D,DISPATCH,UNIT_SCADA,1,"2022/10/20 10:40:00",HDWF3,75.10
D,DISPATCH,UNIT_SCADA,1,"2022/10/20 10:40:00",HILLSTN1,25.720830
D,DISPATCH,UNIT_SCADA,1,"2022/10/20 10:40:00",HPRG1,11
D,DISPATCH,UNIT_SCADA,1,"2022/10/20 10:40:00",HPRL1,0
D,DISPATCH,UNIT_SCADA,1,"2022/10/20 10:40:00",HUMENSW,53.847680
D,DISPATCH,UNIT_SCADA,1,"2022/10/20 10:40:00",HUMEV,0
D,DISPATCH,UNIT_SCADA,1,"2022/10/20 10:40:00",HVWWBA1G,0
D,DISPATCH,UNIT_SCADA,1,"2022/10/20 10:40:00",HVWWBA1L,0.0070
D,DISPATCH,UNIT_SCADA,1,"2022/10/20 10:40:00",HVWWPV1,0.0520
D,DISPATCH,UNIT_SCADA,1,"2022/10/20 10:40:00",JBUTTERS,0
D,DISPATCH,UNIT_SCADA,1,"2022/10/20 10:40:00",JEMALNG1,2.44
D,DISPATCH,UNIT_SCADA,1,"2022/10/20 10:40:00",JLA01,0
D,DISPATCH,UNIT_SCADA,1,"2022/10/20 10:40:00",JLA02,0
D,DISPATCH,UNIT_SCADA,1,"2022/10/20 10:40:00",JLA03,0
D,DISPATCH,UNIT_SCADA,1,"2022/10/20 10:40:00",JLA04,0
D,DISPATCH,UNIT_SCADA,1,"2022/10/20 10:40:00",JLB01,0
D,DISPATCH,UNIT_SCADA,1,"2022/10/20 10:40:00",JLB02,0.10
D,DISPATCH,UNIT_SCADA,1,"2022/10/20 10:40:00",JLB03,0
D,DISPATCH,UNIT_SCADA,1,"2022/10/20 10:40:00",JUNEESF1,15.415810
D,DISPATCH,UNIT_SCADA,1,"2022/10/20 10:40:00",KABANWF1,0
D,DISPATCH,UNIT_SCADA,1,"2022/10/20 10:40:00",KAREEYA1,0
D,DISPATCH,UNIT_SCADA,1,"2022/10/20 10:40:00",KAREEYA2,0
D,DISPATCH,UNIT_SCADA,1,"2022/10/20 10:40:00",KAREEYA3,4.9650
D,DISPATCH,UNIT_SCADA,1,"2022/10/20 10:40:00",KAREEYA4,0
D,DISPATCH,UNIT_SCADA,1,"2022/10/20 10:40:00",KARSF1,24.30
D,DISPATCH,UNIT_SCADA,1,"2022/10/20 10:40:00",KEPSF1,10.76
D,DISPATCH,UNIT_SCADA,1,"2022/10/20 10:40:00",KEPWF1,4.95
D,DISPATCH,UNIT_SCADA,1,"2022/10/20 10:40:00",KIAMSF1,9.861140
D,DISPATCH,UNIT_SCADA,1,"2022/10/20 10:40:00",KIATAWF1,7.90
D,DISPATCH,UNIT_SCADA,1,"2022/10/20 10:40:00",KPP_1,0
D,DISPATCH,UNIT_SCADA,1,"2022/10/20 10:40:00",KSP1,37.86
D,DISPATCH,UNIT_SCADA,1,"2022/10/20 10:40:00",LADBROK1,0.01
D,DISPATCH,UNIT_SCADA,1,"2022/10/20 10:40:00",LADBROK2,0.01
D,DISPATCH,UNIT_SCADA,1,"2022/10/20 10:40:00",LBBG1,0
D,DISPATCH,UNIT_SCADA,1,"2022/10/20 10:40:00",LBBL1,10.95
D,DISPATCH,UNIT_SCADA,1,"2022/10/20 10:40:00",LD01,283.254490
D,DISPATCH,UNIT_SCADA,1,"2022/10/20 10:40:00",LD02,0
D,DISPATCH,UNIT_SCADA,1,"2022/10/20 10:40:00",LD04,282.412170
D,DISPATCH,UNIT_SCADA,1,"2022/10/20 10:40:00",LEM_WIL,79.069430
D,DISPATCH,UNIT_SCADA,1,"2022/10/20 10:40:00",LGAPWF1,56.33
D,DISPATCH,UNIT_SCADA,1,"2022/10/20 10:40:00",LGAPWF2,0
D,DISPATCH,UNIT_SCADA,1,"2022/10/20 10:40:00",LILYSF1,58.720250
D,DISPATCH,UNIT_SCADA,1,"2022/10/20 10:40:00",LIMOSF11,32.211950
D,DISPATCH,UNIT_SCADA,1,"2022/10/20 10:40:00",LIMOSF21,5.433160
D,DISPATCH,UNIT_SCADA,1,"2022/10/20 10:40:00",LI_WY_CA,56.480340
D,DISPATCH,UNIT_SCADA,1,"2022/10/20 10:40:00",LKBONNY1,0
D,DISPATCH,UNIT_SCADA,1,"2022/10/20 10:40:00",LKBONNY2,0
D,DISPATCH,UNIT_SCADA,1,"2022/10/20 10:40:00",LKBONNY3,0
D,DISPATCH,UNIT_SCADA,1,"2022/10/20 10:40:00",LK_ECHO,0
D,DISPATCH,UNIT_SCADA,1,"2022/10/20 10:40:00",LNGS1,0
D,DISPATCH,UNIT_SCADA,1,"2022/10/20 10:40:00",LNGS2,0
D,DISPATCH,UNIT_SCADA,1,"2022/10/20 10:40:00",LONSDALE,0
D,DISPATCH,UNIT_SCADA,1,"2022/10/20 10:40:00",LOYYB1,452.627840
D,DISPATCH,UNIT_SCADA,1,"2022/10/20 10:40:00",LOYYB2,450.372160
D,DISPATCH,UNIT_SCADA,1,"2022/10/20 10:40:00",LYA1,517
D,DISPATCH,UNIT_SCADA,1,"2022/10/20 10:40:00",LYA2,0
D,DISPATCH,UNIT_SCADA,1,"2022/10/20 10:40:00",LYA3,372
D,DISPATCH,UNIT_SCADA,1,"2022/10/20 10:40:00",LYA4,372
D,DISPATCH,UNIT_SCADA,1,"2022/10/20 10:40:00",MACARTH1,47.198910
D,DISPATCH,UNIT_SCADA,1,"2022/10/20 10:40:00",MACKNTSH,0
D,DISPATCH,UNIT_SCADA,1,"2022/10/20 10:40:00",MANSLR1,16.4980
D,DISPATCH,UNIT_SCADA,1,"2022/10/20 10:40:00",MAPS2PV1,0
D,DISPATCH,UNIT_SCADA,1,"2022/10/20 10:40:00",MAPS3PV1,0
D,DISPATCH,UNIT_SCADA,1,"2022/10/20 10:40:00",MARYRSF1,12.40
D,DISPATCH,UNIT_SCADA,1,"2022/10/20 10:40:00",MBPS2PV1,0
D,DISPATCH,UNIT_SCADA,1,"2022/10/20 10:40:00",MCKAY1,0.02
D,DISPATCH,UNIT_SCADA,1,"2022/10/20 10:40:00",MEADOWBK,6.0018
D,DISPATCH,UNIT_SCADA,1,"2022/10/20 10:40:00",MERCER01,29.40
D,DISPATCH,UNIT_SCADA,1,"2022/10/20 10:40:00",METZSF1,20.507320
D,DISPATCH,UNIT_SCADA,1,"2022/10/20 10:40:00",MEWF1,3
D,DISPATCH,UNIT_SCADA,1,"2022/10/20 10:40:00",MIDDLSF1,12.28
D,DISPATCH,UNIT_SCADA,1,"2022/10/20 10:40:00",MINTARO,0.128180
D,DISPATCH,UNIT_SCADA,1,"2022/10/20 10:40:00",MOLNGSF1,20.563060
D,DISPATCH,UNIT_SCADA,1,"2022/10/20 10:40:00",MOORAWF1,46.90
D,DISPATCH,UNIT_SCADA,1,"2022/10/20 10:40:00",MOREESF1,29.76
D,DISPATCH,UNIT_SCADA,1,"2022/10/20 10:40:00",MORTLK11,0
D,DISPATCH,UNIT_SCADA,1,"2022/10/20 10:40:00",MORTLK12,0
D,DISPATCH,UNIT_SCADA,1,"2022/10/20 10:40:00",MOUSF1,0
D,DISPATCH,UNIT_SCADA,1,"2022/10/20 10:40:00",MP1,0
D,DISPATCH,UNIT_SCADA,1,"2022/10/20 10:40:00",MP2,353.728550
D,DISPATCH,UNIT_SCADA,1,"2022/10/20 10:40:00",MPP_1,170.919420
D,DISPATCH,UNIT_SCADA,1,"2022/10/20 10:40:00",MPP_2,168.096450
D,DISPATCH,UNIT_SCADA,1,"2022/10/20 10:40:00",MRTLSWF1,0
D,DISPATCH,UNIT_SCADA,1,"2022/10/20 10:40:00",MSTUART1,0
D,DISPATCH,UNIT_SCADA,1,"2022/10/20 10:40:00",MSTUART2,0
D,DISPATCH,UNIT_SCADA,1,"2022/10/20 10:40:00",MSTUART3,0
D,DISPATCH,UNIT_SCADA,1,"2022/10/20 10:40:00",MTGELWF1,36.989960
D,DISPATCH,UNIT_SCADA,1,"2022/10/20 10:40:00",MTMILLAR,1.40
D,DISPATCH,UNIT_SCADA,1,"2022/10/20 10:40:00",MURRAY,0
D,DISPATCH,UNIT_SCADA,1,"2022/10/20 10:40:00",MUSSELR1,99.20
D,DISPATCH,UNIT_SCADA,1,"2022/10/20 10:40:00",MUWAWF1,49.70
D,DISPATCH,UNIT_SCADA,1,"2022/10/20 10:40:00",MUWAWF2,50.30
D,DISPATCH,UNIT_SCADA,1,"2022/10/20 10:40:00",MWPS1PV1,0.13
D,DISPATCH,UNIT_SCADA,1,"2022/10/20 10:40:00",MWPS2PV1,0
D,DISPATCH,UNIT_SCADA,1,"2022/10/20 10:40:00",MWPS3PV1,0
D,DISPATCH,UNIT_SCADA,1,"2022/10/20 10:40:00",MWPS4PV1,0.01
D,DISPATCH,UNIT_SCADA,1,"2022/10/20 10:40:00",NBHWF1,73
D,DISPATCH,UNIT_SCADA,1,"2022/10/20 10:40:00",NEVERSF1,83.31
D,DISPATCH,UNIT_SCADA,1,"2022/10/20 10:40:00",NPS,0
D,DISPATCH,UNIT_SCADA,1,"2022/10/20 10:40:00",NUMURSF1,93.83
D,DISPATCH,UNIT_SCADA,1,"2022/10/20 10:40:00",NYNGAN1,56.25
D,DISPATCH,UNIT_SCADA,1,"2022/10/20 10:40:00",OAKEY1,0
D,DISPATCH,UNIT_SCADA,1,"2022/10/20 10:40:00",OAKEY1SF,10.7180
D,DISPATCH,UNIT_SCADA,1,"2022/10/20 10:40:00",OAKEY2,0
D,DISPATCH,UNIT_SCADA,1,"2022/10/20 10:40:00",OAKEY2SF,19.78
D,DISPATCH,UNIT_SCADA,1,"2022/10/20 10:40:00",OAKLAND1,3
D,DISPATCH,UNIT_SCADA,1,"2022/10/20 10:40:00",OSB-AG,0
D,DISPATCH,UNIT_SCADA,1,"2022/10/20 10:40:00",PAREPS1,0.0660
D,DISPATCH,UNIT_SCADA,1,"2022/10/20 10:40:00",PAREPW1,70
D,DISPATCH,UNIT_SCADA,1,"2022/10/20 10:40:00",PARSF1,2.299530
D,DISPATCH,UNIT_SCADA,1,"2022/10/20 10:40:00",POAT110,0
D,DISPATCH,UNIT_SCADA,1,"2022/10/20 10:40:00",POAT220,0
D,DISPATCH,UNIT_SCADA,1,"2022/10/20 10:40:00",POR01,0
D,DISPATCH,UNIT_SCADA,1,"2022/10/20 10:40:00",POR03,0
D,DISPATCH,UNIT_SCADA,1,"2022/10/20 10:40:00",PPCCGT,0
D,DISPATCH,UNIT_SCADA,1,"2022/10/20 10:40:00",PTSTAN1,0
D,DISPATCH,UNIT_SCADA,1,"2022/10/20 10:40:00",PUMP1,0
D,DISPATCH,UNIT_SCADA,1,"2022/10/20 10:40:00",PUMP2,0
D,DISPATCH,UNIT_SCADA,1,"2022/10/20 10:40:00",QBYNBG1,0
D,DISPATCH,UNIT_SCADA,1,"2022/10/20 10:40:00",QBYNBL1,0.0565
D,DISPATCH,UNIT_SCADA,1,"2022/10/20 10:40:00",QPS1,0
D,DISPATCH,UNIT_SCADA,1,"2022/10/20 10:40:00",QPS2,0
D,DISPATCH,UNIT_SCADA,1,"2022/10/20 10:40:00",QPS3,0
D,DISPATCH,UNIT_SCADA,1,"2022/10/20 10:40:00",QPS4,0
D,DISPATCH,UNIT_SCADA,1,"2022/10/20 10:40:00",QPS5,74.83
D,DISPATCH,UNIT_SCADA,1,"2022/10/20 10:40:00",REECE1,1.2078
D,DISPATCH,UNIT_SCADA,1,"2022/10/20 10:40:00",REECE2,0
D,DISPATCH,UNIT_SCADA,1,"2022/10/20 10:40:00",ROMA_7,0
D,DISPATCH,UNIT_SCADA,1,"2022/10/20 10:40:00",ROMA_8,0
D,DISPATCH,UNIT_SCADA,1,"2022/10/20 10:40:00",RRSF1,68.383060
D,DISPATCH,UNIT_SCADA,1,"2022/10/20 10:40:00",RT_NSW1,0
D,DISPATCH,UNIT_SCADA,1,"2022/10/20 10:40:00",RT_NSW2,0
D,DISPATCH,UNIT_SCADA,1,"2022/10/20 10:40:00",RT_NSW3,0
D,DISPATCH,UNIT_SCADA,1,"2022/10/20 10:40:00",RT_NSW4,0
D,DISPATCH,UNIT_SCADA,1,"2022/10/20 10:40:00",RT_NSW5,0
D,DISPATCH,UNIT_SCADA,1,"2022/10/20 10:40:00",RT_NSW6,0
D,DISPATCH,UNIT_SCADA,1,"2022/10/20 10:40:00",RT_QLD1,0
D,DISPATCH,UNIT_SCADA,1,"2022/10/20 10:40:00",RT_SA1,0
D,DISPATCH,UNIT_SCADA,1,"2022/10/20 10:40:00",RT_SA2,0
D,DISPATCH,UNIT_SCADA,1,"2022/10/20 10:40:00",RT_SA3,0
D,DISPATCH,UNIT_SCADA,1,"2022/10/20 10:40:00",RT_SA4,0
D,DISPATCH,UNIT_SCADA,1,"2022/10/20 10:40:00",RT_SA5,0
D,DISPATCH,UNIT_SCADA,1,"2022/10/20 10:40:00",RT_SA6,0
D,DISPATCH,UNIT_SCADA,1,"2022/10/20 10:40:00",RT_TAS1,0
D,DISPATCH,UNIT_SCADA,1,"2022/10/20 10:40:00",RT_VIC1,0
D,DISPATCH,UNIT_SCADA,1,"2022/10/20 10:40:00",RT_VIC10,0
D,DISPATCH,UNIT_SCADA,1,"2022/10/20 10:40:00",RT_VIC11,0
D,DISPATCH,UNIT_SCADA,1,"2022/10/20 10:40:00",RT_VIC12,0
D,DISPATCH,UNIT_SCADA,1,"2022/10/20 10:40:00",RT_VIC2,0
D,DISPATCH,UNIT_SCADA,1,"2022/10/20 10:40:00",RT_VIC3,0
D,DISPATCH,UNIT_SCADA,1,"2022/10/20 10:40:00",RT_VIC4,0
D,DISPATCH,UNIT_SCADA,1,"2022/10/20 10:40:00",RT_VIC5,0
D,DISPATCH,UNIT_SCADA,1,"2022/10/20 10:40:00",RT_VIC6,0
D,DISPATCH,UNIT_SCADA,1,"2022/10/20 10:40:00",RT_VIC7,0
D,DISPATCH,UNIT_SCADA,1,"2022/10/20 10:40:00",RT_VIC8,0
D,DISPATCH,UNIT_SCADA,1,"2022/10/20 10:40:00",RT_VIC9,0
D,DISPATCH,UNIT_SCADA,1,"2022/10/20 10:40:00",RUGBYR1,5.041920
D,DISPATCH,UNIT_SCADA,1,"2022/10/20 10:40:00",SALTCRK1,18.18
D,DISPATCH,UNIT_SCADA,1,"2022/10/20 10:40:00",SAPHWF1,67.260250
D,DISPATCH,UNIT_SCADA,1,"2022/10/20 10:40:00",SEBSF1,23.5502
D,DISPATCH,UNIT_SCADA,1,"2022/10/20 10:40:00",SHGEN,0
D,DISPATCH,UNIT_SCADA,1,"2022/10/20 10:40:00",SHPUMP,0
D,DISPATCH,UNIT_SCADA,1,"2022/10/20 10:40:00",SITHE01,0.173950
D,DISPATCH,UNIT_SCADA,1,"2022/10/20 10:40:00",SMCSF1,96.3380
D,DISPATCH,UNIT_SCADA,1,"2022/10/20 10:40:00",SNAPPER1,0
D,DISPATCH,UNIT_SCADA,1,"2022/10/20 10:40:00",SNOWNTH1,116.70
D,DISPATCH,UNIT_SCADA,1,"2022/10/20 10:40:00",SNOWSTH1,67.90
D,DISPATCH,UNIT_SCADA,1,"2022/10/20 10:40:00",SNOWTWN1,80.504990
D,DISPATCH,UNIT_SCADA,1,"2022/10/20 10:40:00",SNOWYP,0
D,DISPATCH,UNIT_SCADA,1,"2022/10/20 10:40:00",SNUG1,0
D,DISPATCH,UNIT_SCADA,1,"2022/10/20 10:40:00",SRSF1,20.79
D,DISPATCH,UNIT_SCADA,1,"2022/10/20 10:40:00",STAN-1,271.660460
D,DISPATCH,UNIT_SCADA,1,"2022/10/20 10:40:00",STAN-2,295.129850
D,DISPATCH,UNIT_SCADA,1,"2022/10/20 10:40:00",STAN-3,154.851840
D,DISPATCH,UNIT_SCADA,1,"2022/10/20 10:40:00",STAN-4,295.629730
D,DISPATCH,UNIT_SCADA,1,"2022/10/20 10:40:00",STARHLWF,0.01
D,DISPATCH,UNIT_SCADA,1,"2022/10/20 10:40:00",STOCKYD1,50.36
D,DISPATCH,UNIT_SCADA,1,"2022/10/20 10:40:00",STWF1,0
D,DISPATCH,UNIT_SCADA,1,"2022/10/20 10:40:00",SUNRSF1,23.222710
D,DISPATCH,UNIT_SCADA,1,"2022/10/20 10:40:00",SUNTPSF1,35.440610
D,DISPATCH,UNIT_SCADA,1,"2022/10/20 10:40:00",SWAN_E,185.436870
D,DISPATCH,UNIT_SCADA,1,"2022/10/20 10:40:00",TALWA1,0
D,DISPATCH,UNIT_SCADA,1,"2022/10/20 10:40:00",TARALGA1,0
D,DISPATCH,UNIT_SCADA,1,"2022/10/20 10:40:00",TARONG#1,348.100010
D,DISPATCH,UNIT_SCADA,1,"2022/10/20 10:40:00",TARONG#2,348.200010
D,DISPATCH,UNIT_SCADA,1,"2022/10/20 10:40:00",TARONG#3,0.90
D,DISPATCH,UNIT_SCADA,1,"2022/10/20 10:40:00",TARONG#4,206.900010
D,DISPATCH,UNIT_SCADA,1,"2022/10/20 10:40:00",TARRALEA,54.10
D,DISPATCH,UNIT_SCADA,1,"2022/10/20 10:40:00",TBSF1,0.10
D,DISPATCH,UNIT_SCADA,1,"2022/10/20 10:40:00",TNPS1,403.5625
D,DISPATCH,UNIT_SCADA,1,"2022/10/20 10:40:00",TORRB1,0
D,DISPATCH,UNIT_SCADA,1,"2022/10/20 10:40:00",TORRB2,43
D,DISPATCH,UNIT_SCADA,1,"2022/10/20 10:40:00",TORRB3,0
D,DISPATCH,UNIT_SCADA,1,"2022/10/20 10:40:00",TORRB4,0
D,DISPATCH,UNIT_SCADA,1,"2022/10/20 10:40:00",TREVALLN,98.324470
D,DISPATCH,UNIT_SCADA,1,"2022/10/20 10:40:00",TRIBUTE,0
D,DISPATCH,UNIT_SCADA,1,"2022/10/20 10:40:00",TUMUT3,0
D,DISPATCH,UNIT_SCADA,1,"2022/10/20 10:40:00",TUNGATIN,6.680020
D,DISPATCH,UNIT_SCADA,1,"2022/10/20 10:40:00",TVCC201,0
D,DISPATCH,UNIT_SCADA,1,"2022/10/20 10:40:00",TVPP104,57.8461
D,DISPATCH,UNIT_SCADA,1,"2022/10/20 10:40:00",UPPTUMUT,0
D,DISPATCH,UNIT_SCADA,1,"2022/10/20 10:40:00",URANQ11,0
D,DISPATCH,UNIT_SCADA,1,"2022/10/20 10:40:00",URANQ12,0
D,DISPATCH,UNIT_SCADA,1,"2022/10/20 10:40:00",URANQ13,0
D,DISPATCH,UNIT_SCADA,1,"2022/10/20 10:40:00",URANQ14,0
D,DISPATCH,UNIT_SCADA,1,"2022/10/20 10:40:00",VBBG1,0
D,DISPATCH,UNIT_SCADA,1,"2022/10/20 10:40:00",VBBL1,64.80
D,DISPATCH,UNIT_SCADA,1,"2022/10/20 10:40:00",VP5,462.660610
D,DISPATCH,UNIT_SCADA,1,"2022/10/20 10:40:00",VP6,463.905760
D,DISPATCH,UNIT_SCADA,1,"2022/10/20 10:40:00",VPGS1,0
D,DISPATCH,UNIT_SCADA,1,"2022/10/20 10:40:00",VPGS2,0
D,DISPATCH,UNIT_SCADA,1,"2022/10/20 10:40:00",VPGS3,0
D,DISPATCH,UNIT_SCADA,1,"2022/10/20 10:40:00",VPGS4,0
D,DISPATCH,UNIT_SCADA,1,"2022/10/20 10:40:00",VPGS5,0
D,DISPATCH,UNIT_SCADA,1,"2022/10/20 10:40:00",VPGS6,0
D,DISPATCH,UNIT_SCADA,1,"2022/10/20 10:40:00",W/HOE#1,0
D,DISPATCH,UNIT_SCADA,1,"2022/10/20 10:40:00",W/HOE#2,0
D,DISPATCH,UNIT_SCADA,1,"2022/10/20 10:40:00",WAGGNSF1,0
D,DISPATCH,UNIT_SCADA,1,"2022/10/20 10:40:00",WALGRVG1,0.000930
D,DISPATCH,UNIT_SCADA,1,"2022/10/20 10:40:00",WALGRVL1,0
D,DISPATCH,UNIT_SCADA,1,"2022/10/20 10:40:00",WANDBG1,0
D,DISPATCH,UNIT_SCADA,1,"2022/10/20 10:40:00",WANDBL1,0
D,DISPATCH,UNIT_SCADA,1,"2022/10/20 10:40:00",WARWSF1,5.95
D,DISPATCH,UNIT_SCADA,1,"2022/10/20 10:40:00",WARWSF2,6.53
D,DISPATCH,UNIT_SCADA,1,"2022/10/20 10:40:00",WATERLWF,51.70
D,DISPATCH,UNIT_SCADA,1,"2022/10/20 10:40:00",WDGPH1,77.003010
D,DISPATCH,UNIT_SCADA,1,"2022/10/20 10:40:00",WELLSF1,77.366290
D,DISPATCH,UNIT_SCADA,1,"2022/10/20 10:40:00",WEMENSF1,9.40
D,DISPATCH,UNIT_SCADA,1,"2022/10/20 10:40:00",WGWF1,87.90
D,DISPATCH,UNIT_SCADA,1,"2022/10/20 10:40:00",WHITSF1,0
D,DISPATCH,UNIT_SCADA,1,"2022/10/20 10:40:00",WINTSF1,84.12
D,DISPATCH,UNIT_SCADA,1,"2022/10/20 10:40:00",WKIEWA1,34.20
D,DISPATCH,UNIT_SCADA,1,"2022/10/20 10:40:00",WKIEWA2,14.20
D,DISPATCH,UNIT_SCADA,1,"2022/10/20 10:40:00",WOODLWN1,18.3826
D,DISPATCH,UNIT_SCADA,1,"2022/10/20 10:40:00",WOOLGSF1,14.237180
D,DISPATCH,UNIT_SCADA,1,"2022/10/20 10:40:00",WPWF,7.64
D,DISPATCH,UNIT_SCADA,1,"2022/10/20 10:40:00",WRSF1,0.319830
D,DISPATCH,UNIT_SCADA,1,"2022/10/20 10:40:00",WRWF1,33.259170
D,DISPATCH,UNIT_SCADA,1,"2022/10/20 10:40:00",WSTWYSF1,0.656670
D,DISPATCH,UNIT_SCADA,1,"2022/10/20 10:40:00",YABULU,0
D,DISPATCH,UNIT_SCADA,1,"2022/10/20 10:40:00",YABULU2,0
D,DISPATCH,UNIT_SCADA,1,"2022/10/20 10:40:00",YARANSF1,41.52
D,DISPATCH,UNIT_SCADA,1,"2022/10/20 10:40:00",YARWUN_1,162.98
D,DISPATCH,UNIT_SCADA,1,"2022/10/20 10:40:00",YATSF1,23.83
D,DISPATCH,UNIT_SCADA,1,"2022/10/20 10:40:00",YENDWF1,49.23
D,DISPATCH,UNIT_SCADA,1,"2022/10/20 10:40:00",YWPS1,300.749360
D,DISPATCH,UNIT_SCADA,1,"2022/10/20 10:40:00",YWPS2,290.222780
D,DISPATCH,UNIT_SCADA,1,"2022/10/20 10:40:00",YWPS3,302.368350
D,DISPATCH,UNIT_SCADA,1,"2022/10/20 10:40:00",YWPS4,0
C,"END OF REPORT",419
