C,NEMP.WORLD,DISPATCHSCADA,AEMO,PUBLIC,2022/10/20,10:20:10,0000000373246780,DISPATCHSCADA,0000000373246774
I,DISPATCH,UNIT_SCADA,1,SETTLEMENTDATE,DUID,SCADAVALUE
D,DISPATCH,UNIT_SCADA,1,"2022/10/20 10:25:00",BARCSF1,11
D,DISPATCH,UNIT_SCADA,1,"2022/10/20 10:25:00",BUTLERSG,8.699999
D,DISPATCH,UNIT_SCADA,1,"2022/10/20 10:25:00",CAPTL_WF,28.969193
D,DISPATCH,UNIT_SCADA,1,"2022/10/20 10:25:00",CHALLHWF,5.70
D,DISPATCH,UNIT_SCADA,1,"2022/10/20 10:25:00",CLOVER,11.96
D,DISPATCH,UNIT_SCADA,1,"2022/10/20 10:25:00",CLUNY,6.091554
D,DISPATCH,UNIT_SCADA,1,"2022/10/20 10:25:00",CULLRGWF,-0.02
D,DISPATCH,UNIT_SCADA,1,"2022/10/20 10:25:00",DIAPURWF1,5.20
D,DISPATCH,UNIT_SCADA,1,"2022/10/20 10:25:00",ERGT01,0
D,DISPATCH,UNIT_SCADA,1,"2022/10/20 10:25:00",GB01,0
D,DISPATCH,UNIT_SCADA,1,"2022/10/20 10:25:00",GERMCRK,19.40
D,DISPATCH,UNIT_SCADA,1,"2022/10/20 10:25:00",GRIFSF1,7.798886
D,DISPATCH,UNIT_SCADA,1,"2022/10/20 10:25:00",HEZ1,0
D,DISPATCH,UNIT_SCADA,1,"2022/10/20 10:25:00",HUGSF1,11.4350
D,DISPATCH,UNIT_SCADA,1,"2022/10/20 10:25:00",KEPBG1,0
D,DISPATCH,UNIT_SCADA,1,"2022/10/20 10:25:00",LRSF1,13.965001
D,DISPATCH,UNIT_SCADA,1,"2022/10/20 10:25:00",MBAHNTH,45.281250
D,DISPATCH,UNIT_SCADA,1,"2022/10/20 10:25:00",MLSP1,6.312001
D,DISPATCH,UNIT_SCADA,1,"2022/10/20 10:25:00",MLWF1,5.73
D,DISPATCH,UNIT_SCADA,1,"2022/10/20 10:25:00",PALOONA,30.279999
D,DISPATCH,UNIT_SCADA,1,"2022/10/20 10:25:00",PIONEER,44.100002
D,DISPATCH,UNIT_SCADA,1,"2022/10/20 10:25:00",PORTWF,80.699997
D,DISPATCH,UNIT_SCADA,1,"2022/10/20 10:25:00",REPULSE,9.447776
D,DISPATCH,UNIT_SCADA,1,"2022/10/20 10:25:00",ROWALLAN,8.9176
D,DISPATCH,UNIT_SCADA,1,"2022/10/20 10:25:00",ROYALLA1,8.271004
D,DISPATCH,UNIT_SCADA,1,"2022/10/20 10:25:00",RPCG,-1.80
D,DISPATCH,UNIT_SCADA,1,"2022/10/20 10:25:00",RUBICON,0
D,DISPATCH,UNIT_SCADA,1,"2022/10/20 10:25:00",WAUBRAWF,9.6820
D,DISPATCH,UNIT_SCADA,1,"2022/10/20 10:25:00",WOOLNTH1,-0.81
D,DISPATCH,UNIT_SCADA,1,"2022/10/20 10:25:00",YAMBUKWF,6
D,DISPATCH,UNIT_SCADA,1,"2022/10/20 10:25:00",YSWF1,1.30
D,DISPATCH,UNIT_SCADA,1,"2022/10/20 10:25:00",ADPBA1G,0.0080
D,DISPATCH,UNIT_SCADA,1,"2022/10/20 10:25:00",ADPBA1L,0
D,DISPATCH,UNIT_SCADA,1,"2022/10/20 10:25:00",ADPPV1,0.0560
D,DISPATCH,UNIT_SCADA,1,"2022/10/20 10:25:00",AGLHAL,0
D,DISPATCH,UNIT_SCADA,1,"2022/10/20 10:25:00",AGLSOM,0
D,DISPATCH,UNIT_SCADA,1,"2022/10/20 10:25:00",ANGAST1,0
D,DISPATCH,UNIT_SCADA,1,"2022/10/20 10:25:00",ARWF1,0.70
D,DISPATCH,UNIT_SCADA,1,"2022/10/20 10:25:00",BALBG1,0
D,DISPATCH,UNIT_SCADA,1,"2022/10/20 10:25:00",BALBL1,0
D,DISPATCH,UNIT_SCADA,1,"2022/10/20 10:25:00",BALDHWF1,4.0170
D,DISPATCH,UNIT_SCADA,1,"2022/10/20 10:25:00",BANGOWF1,26.599530
D,DISPATCH,UNIT_SCADA,1,"2022/10/20 10:25:00",BANGOWF2,46.099870
D,DISPATCH,UNIT_SCADA,1,"2022/10/20 10:25:00",BANN1,7.99
D,DISPATCH,UNIT_SCADA,1,"2022/10/20 10:25:00",BARCALDN,0
D,DISPATCH,UNIT_SCADA,1,"2022/10/20 10:25:00",BARKIPS1,0
D,DISPATCH,UNIT_SCADA,1,"2022/10/20 10:25:00",BARRON-1,0
D,DISPATCH,UNIT_SCADA,1,"2022/10/20 10:25:00",BARRON-2,0
D,DISPATCH,UNIT_SCADA,1,"2022/10/20 10:25:00",BASTYAN,53.42
D,DISPATCH,UNIT_SCADA,1,"2022/10/20 10:25:00",BBTHREE1,0
D,DISPATCH,UNIT_SCADA,1,"2022/10/20 10:25:00",BBTHREE2,0
D,DISPATCH,UNIT_SCADA,1,"2022/10/20 10:25:00",BBTHREE3,-1.13
D,DISPATCH,UNIT_SCADA,1,"2022/10/20 10:25:00",BDL01,0
D,DISPATCH,UNIT_SCADA,1,"2022/10/20 10:25:00",BDL02,0
D,DISPATCH,UNIT_SCADA,1,"2022/10/20 10:25:00",BERYLSF1,0.442070
D,DISPATCH,UNIT_SCADA,1,"2022/10/20 10:25:00",BLOWERNG,62.60
D,DISPATCH,UNIT_SCADA,1,"2022/10/20 10:25:00",BLUEGSF1,50.524160
D,DISPATCH,UNIT_SCADA,1,"2022/10/20 10:25:00",BLUFF1,10.30
D,DISPATCH,UNIT_SCADA,1,"2022/10/20 10:25:00",BNGSF1,86.29
D,DISPATCH,UNIT_SCADA,1,"2022/10/20 10:25:00",BNGSF2,83.70
D,DISPATCH,UNIT_SCADA,1,"2022/10/20 10:25:00",BOCORWF1,0.42
D,DISPATCH,UNIT_SCADA,1,"2022/10/20 10:25:00",BODWF1,101.4213
D,DISPATCH,UNIT_SCADA,1,"2022/10/20 10:25:00",BOMENSF1,47.320670
D,DISPATCH,UNIT_SCADA,1,"2022/10/20 10:25:00",BOWWBA1G,0
D,DISPATCH,UNIT_SCADA,1,"2022/10/20 10:25:00",BOWWBA1L,0
D,DISPATCH,UNIT_SCADA,1,"2022/10/20 10:25:00",BOWWPV1,0
D,DISPATCH,UNIT_SCADA,1,"2022/10/20 10:25:00",BRAEMAR1,0
D,DISPATCH,UNIT_SCADA,1,"2022/10/20 10:25:00",BRAEMAR2,0
D,DISPATCH,UNIT_SCADA,1,"2022/10/20 10:25:00",BRAEMAR3,0
D,DISPATCH,UNIT_SCADA,1,"2022/10/20 10:25:00",BRAEMAR5,0.292060
D,DISPATCH,UNIT_SCADA,1,"2022/10/20 10:25:00",BRAEMAR6,0
D,DISPATCH,UNIT_SCADA,1,"2022/10/20 10:25:00",BRAEMAR7,0.130920
D,DISPATCH,UNIT_SCADA,1,"2022/10/20 10:25:00",BROKENH1,14.099780
D,DISPATCH,UNIT_SCADA,1,"2022/10/20 10:25:00",BRYB1WF1,85.081250
D,DISPATCH,UNIT_SCADA,1,"2022/10/20 10:25:00",BULBESG1,0
D,DISPATCH,UNIT_SCADA,1,"2022/10/20 10:25:00",BULBESL1,1.63
D,DISPATCH,UNIT_SCADA,1,"2022/10/20 10:25:00",BULGANA1,14.85
D,DISPATCH,UNIT_SCADA,1,"2022/10/20 10:25:00",BW01,659.494930
D,DISPATCH,UNIT_SCADA,1,"2022/10/20 10:25:00",BW02,620.016780
D,DISPATCH,UNIT_SCADA,1,"2022/10/20 10:25:00",BW03,548.897520
D,DISPATCH,UNIT_SCADA,1,"2022/10/20 10:25:00",BW04,0
D,DISPATCH,UNIT_SCADA,1,"2022/10/20 10:25:00",CALL_B_1,319.899990
D,DISPATCH,UNIT_SCADA,1,"2022/10/20 10:25:00",CALL_B_2,319.899990
D,DISPATCH,UNIT_SCADA,1,"2022/10/20 10:25:00",CATHROCK,0
D,DISPATCH,UNIT_SCADA,1,"2022/10/20 10:25:00",CBWWBA1G,0
D,DISPATCH,UNIT_SCADA,1,"2022/10/20 10:25:00",CBWWBA1L,0
D,DISPATCH,UNIT_SCADA,1,"2022/10/20 10:25:00",CETHANA,5.0190
D,DISPATCH,UNIT_SCADA,1,"2022/10/20 10:25:00",CG1,0
D,DISPATCH,UNIT_SCADA,1,"2022/10/20 10:25:00",CG2,0
D,DISPATCH,UNIT_SCADA,1,"2022/10/20 10:25:00",CG3,0
D,DISPATCH,UNIT_SCADA,1,"2022/10/20 10:25:00",CG4,0
D,DISPATCH,UNIT_SCADA,1,"2022/10/20 10:25:00",CHILDSF1,7.14
D,DISPATCH,UNIT_SCADA,1,"2022/10/20 10:25:00",CHYTWF1,1.31
D,DISPATCH,UNIT_SCADA,1,"2022/10/20 10:25:00",CLARESF1,77.4185
D,DISPATCH,UNIT_SCADA,1,"2022/10/20 10:25:00",CLEMGPWF,16.207870
D,DISPATCH,UNIT_SCADA,1,"2022/10/20 10:25:00",CLERMSF1,26.22
D,DISPATCH,UNIT_SCADA,1,"2022/10/20 10:25:00",CNUNDAWF,0
D,DISPATCH,UNIT_SCADA,1,"2022/10/20 10:25:00",COHUNSF1,8.83
D,DISPATCH,UNIT_SCADA,1,"2022/10/20 10:25:00",COLEASF1,30.902950
D,DISPATCH,UNIT_SCADA,1,"2022/10/20 10:25:00",COLUMSF1,19.1260
D,DISPATCH,UNIT_SCADA,1,"2022/10/20 10:25:00",COLWF01,82.182040
D,DISPATCH,UNIT_SCADA,1,"2022/10/20 10:25:00",COOPGWF1,164.12
D,DISPATCH,UNIT_SCADA,1,"2022/10/20 10:25:00",CPP_3,371.25
D,DISPATCH,UNIT_SCADA,1,"2022/10/20 10:25:00",CPP_4,0
D,DISPATCH,UNIT_SCADA,1,"2022/10/20 10:25:00",CPSA,0
D,DISPATCH,UNIT_SCADA,1,"2022/10/20 10:25:00",CROOKWF2,55.024650
D,DISPATCH,UNIT_SCADA,1,"2022/10/20 10:25:00",CROWLWF1,19.004420
D,DISPATCH,UNIT_SCADA,1,"2022/10/20 10:25:00",CRURWF1,68.595940
D,DISPATCH,UNIT_SCADA,1,"2022/10/20 10:25:00",CRWASF1,27.786240
D,DISPATCH,UNIT_SCADA,1,"2022/10/20 10:25:00",CSPVPS1,1.4080
D,DISPATCH,UNIT_SCADA,1,"2022/10/20 10:25:00",CTHLWF1,0.003050
D,DISPATCH,UNIT_SCADA,1,"2022/10/20 10:25:00",DALNTH01,0
D,DISPATCH,UNIT_SCADA,1,"2022/10/20 10:25:00",DALNTHL1,0.117490
D,DISPATCH,UNIT_SCADA,1,"2022/10/20 10:25:00",DARLSF1,84.125240
D,DISPATCH,UNIT_SCADA,1,"2022/10/20 10:25:00",DARTM1,0
D,DISPATCH,UNIT_SCADA,1,"2022/10/20 10:25:00",DAYDSF1,4.4590
D,DISPATCH,UNIT_SCADA,1,"2022/10/20 10:25:00",DDPS1,0
D,DISPATCH,UNIT_SCADA,1,"2022/10/20 10:25:00",DDSF1,30.409730
D,DISPATCH,UNIT_SCADA,1,"2022/10/20 10:25:00",DEVILS_G,9.814750
D,DISPATCH,UNIT_SCADA,1,"2022/10/20 10:25:00",DG_NSW1,0
D,DISPATCH,UNIT_SCADA,1,"2022/10/20 10:25:00",DG_QLD1,0
D,DISPATCH,UNIT_SCADA,1,"2022/10/20 10:25:00",DG_SA1,0
D,DISPATCH,UNIT_SCADA,1,"2022/10/20 10:25:00",DG_TAS1,0
D,DISPATCH,UNIT_SCADA,1,"2022/10/20 10:25:00",DG_VIC1,0
D,DISPATCH,UNIT_SCADA,1,"2022/10/20 10:25:00",DRYCGT1,0
D,DISPATCH,UNIT_SCADA,1,"2022/10/20 10:25:00",DRYCGT2,0
D,DISPATCH,UNIT_SCADA,1,"2022/10/20 10:25:00",DRYCGT3,0
D,DISPATCH,UNIT_SCADA,1,"2022/10/20 10:25:00",DUNDWF1,54.72
D,DISPATCH,UNIT_SCADA,1,"2022/10/20 10:25:00",DUNDWF2,17.11
D,DISPATCH,UNIT_SCADA,1,"2022/10/20 10:25:00",DUNDWF3,46.88
D,DISPATCH,UNIT_SCADA,1,"2022/10/20 10:25:00",EILDON1,60.04
D,DISPATCH,UNIT_SCADA,1,"2022/10/20 10:25:00",EILDON2,60.08
D,DISPATCH,UNIT_SCADA,1,"2022/10/20 10:25:00",ELAINWF1,20.94
D,DISPATCH,UNIT_SCADA,1,"2022/10/20 10:25:00",EMERASF1,0
D,DISPATCH,UNIT_SCADA,1,"2022/10/20 10:25:00",ER01,0
D,DISPATCH,UNIT_SCADA,1,"2022/10/20 10:25:00",ER02,304.948490
D,DISPATCH,UNIT_SCADA,1,"2022/10/20 10:25:00",ER03,401.092560
D,DISPATCH,UNIT_SCADA,1,"2022/10/20 10:25:00",ER04,403.558410
D,DISPATCH,UNIT_SCADA,1,"2022/10/20 10:25:00",FINLYSF1,57.566180
D,DISPATCH,UNIT_SCADA,1,"2022/10/20 10:25:00",FISHER,43.90
D,DISPATCH,UNIT_SCADA,1,"2022/10/20 10:25:00",GANGARR1,36.5370
D,DISPATCH,UNIT_SCADA,1,"2022/10/20 10:25:00",GANNBG1,0
D,DISPATCH,UNIT_SCADA,1,"2022/10/20 10:25:00",GANNBL1,3.880320
D,DISPATCH,UNIT_SCADA,1,"2022/10/20 10:25:00",GANNSF1,40.60
D,DISPATCH,UNIT_SCADA,1,"2022/10/20 10:25:00",GLRWNSF1,110.06
D,DISPATCH,UNIT_SCADA,1,"2022/10/20 10:25:00",GNNDHSF1,31.363470
D,DISPATCH,UNIT_SCADA,1,"2022/10/20 10:25:00",GOONSF1,1.6907
D,DISPATCH,UNIT_SCADA,1,"2022/10/20 10:25:00",GORDON,219.239170
D,DISPATCH,UNIT_SCADA,1,"2022/10/20 10:25:00",GRANWF1,0.87
D,DISPATCH,UNIT_SCADA,1,"2022/10/20 10:25:00",GSTONE1,171.6750
D,DISPATCH,UNIT_SCADA,1,"2022/10/20 10:25:00",GSTONE2,0
D,DISPATCH,UNIT_SCADA,1,"2022/10/20 10:25:00",GSTONE3,150.3250
D,DISPATCH,UNIT_SCADA,1,"2022/10/20 10:25:00",GSTONE4,0
D,DISPATCH,UNIT_SCADA,1,"2022/10/20 10:25:00",GSTONE5,150.50
D,DISPATCH,UNIT_SCADA,1,"2022/10/20 10:25:00",GSTONE6,151.55
D,DISPATCH,UNIT_SCADA,1,"2022/10/20 10:25:00",GULLRSF1,3.834940
D,DISPATCH,UNIT_SCADA,1,"2022/10/20 10:25:00",GULLRWF1,77.033840
D,DISPATCH,UNIT_SCADA,1,"2022/10/20 10:25:00",GULLRWF2,84.723460
D,DISPATCH,UNIT_SCADA,1,"2022/10/20 10:25:00",GUNNING1,0
D,DISPATCH,UNIT_SCADA,1,"2022/10/20 10:25:00",GUTHEGA,67.90
D,DISPATCH,UNIT_SCADA,1,"2022/10/20 10:25:00",HALLWF1,27.68
D,DISPATCH,UNIT_SCADA,1,"2022/10/20 10:25:00",HALLWF2,39.07
D,DISPATCH,UNIT_SCADA,1,"2022/10/20 10:25:00",HAMISF1,0
D,DISPATCH,UNIT_SCADA,1,"2022/10/20 10:25:00",HAUGHT11,40.763390
D,DISPATCH,UNIT_SCADA,1,"2022/10/20 10:25:00",HAYMSF1,0
D,DISPATCH,UNIT_SCADA,1,"2022/10/20 10:25:00",HDWF1,68.90
D,DISPATCH,UNIT_SCADA,1,"2022/10/20 10:25:00",HDWF2,47.70
D,DISPATCH,UNIT_SCADA,1,"2022/10/20 10:25:00",HDWF3,72
D,DISPATCH,UNIT_SCADA,1,"2022/10/20 10:25:00",HILLSTN1,39.106560
D,DISPATCH,UNIT_SCADA,1,"2022/10/20 10:25:00",HPRG1,0
D,DISPATCH,UNIT_SCADA,1,"2022/10/20 10:25:00",HPRL1,8.50
D,DISPATCH,UNIT_SCADA,1,"2022/10/20 10:25:00",HUMENSW,54.315260
D,DISPATCH,UNIT_SCADA,1,"2022/10/20 10:25:00",HUMEV,0
D,DISPATCH,UNIT_SCADA,1,"2022/10/20 10:25:00",HVWWBA1G,0
D,DISPATCH,UNIT_SCADA,1,"2022/10/20 10:25:00",HVWWBA1L,0.0070
D,DISPATCH,UNIT_SCADA,1,"2022/10/20 10:25:00",HVWWPV1,0.04
D,DISPATCH,UNIT_SCADA,1,"2022/10/20 10:25:00",JBUTTERS,0
D,DISPATCH,UNIT_SCADA,1,"2022/10/20 10:25:00",JEMALNG1,4.47
D,DISPATCH,UNIT_SCADA,1,"2022/10/20 10:25:00",JLA01,0
D,DISPATCH,UNIT_SCADA,1,"2022/10/20 10:25:00",JLA02,0
D,DISPATCH,UNIT_SCADA,1,"2022/10/20 10:25:00",JLA03,0
D,DISPATCH,UNIT_SCADA,1,"2022/10/20 10:25:00",JLA04,0
D,DISPATCH,UNIT_SCADA,1,"2022/10/20 10:25:00",JLB01,0
D,DISPATCH,UNIT_SCADA,1,"2022/10/20 10:25:00",JLB02,0.10
D,DISPATCH,UNIT_SCADA,1,"2022/10/20 10:25:00",JLB03,0
D,DISPATCH,UNIT_SCADA,1,"2022/10/20 10:25:00",JUNEESF1,13.207550
D,DISPATCH,UNIT_SCADA,1,"2022/10/20 10:25:00",KABANWF1,0.0940
D,DISPATCH,UNIT_SCADA,1,"2022/10/20 10:25:00",KAREEYA1,0
D,DISPATCH,UNIT_SCADA,1,"2022/10/20 10:25:00",KAREEYA2,0
D,DISPATCH,UNIT_SCADA,1,"2022/10/20 10:25:00",KAREEYA3,4.8375
D,DISPATCH,UNIT_SCADA,1,"2022/10/20 10:25:00",KAREEYA4,0
D,DISPATCH,UNIT_SCADA,1,"2022/10/20 10:25:00",KARSF1,46.20
D,DISPATCH,UNIT_SCADA,1,"2022/10/20 10:25:00",KEPSF1,7.57
D,DISPATCH,UNIT_SCADA,1,"2022/10/20 10:25:00",KEPWF1,2.83
D,DISPATCH,UNIT_SCADA,1,"2022/10/20 10:25:00",KIAMSF1,8.617530
D,DISPATCH,UNIT_SCADA,1,"2022/10/20 10:25:00",KIATAWF1,8.50
D,DISPATCH,UNIT_SCADA,1,"2022/10/20 10:25:00",KPP_1,0
D,DISPATCH,UNIT_SCADA,1,"2022/10/20 10:25:00",KSP1,40.77
D,DISPATCH,UNIT_SCADA,1,"2022/10/20 10:25:00",LADBROK1,0.02
D,DISPATCH,UNIT_SCADA,1,"2022/10/20 10:25:00",LADBROK2,0.01
D,DISPATCH,UNIT_SCADA,1,"2022/10/20 10:25:00",LBBG1,0
D,DISPATCH,UNIT_SCADA,1,"2022/10/20 10:25:00",LBBL1,10.95
D,DISPATCH,UNIT_SCADA,1,"2022/10/20 10:25:00",LD01,278.383730
D,DISPATCH,UNIT_SCADA,1,"2022/10/20 10:25:00",LD02,0
D,DISPATCH,UNIT_SCADA,1,"2022/10/20 10:25:00",LD04,281.112090
D,DISPATCH,UNIT_SCADA,1,"2022/10/20 10:25:00",LEM_WIL,67.877490
D,DISPATCH,UNIT_SCADA,1,"2022/10/20 10:25:00",LGAPWF1,55.24
D,DISPATCH,UNIT_SCADA,1,"2022/10/20 10:25:00",LGAPWF2,0
D,DISPATCH,UNIT_SCADA,1,"2022/10/20 10:25:00",LILYSF1,44.826620
D,DISPATCH,UNIT_SCADA,1,"2022/10/20 10:25:00",LIMOSF11,67.671780
D,DISPATCH,UNIT_SCADA,1,"2022/10/20 10:25:00",LIMOSF21,7.744840
D,DISPATCH,UNIT_SCADA,1,"2022/10/20 10:25:00",LI_WY_CA,56.0273
D,DISPATCH,UNIT_SCADA,1,"2022/10/20 10:25:00",LKBONNY1,0
D,DISPATCH,UNIT_SCADA,1,"2022/10/20 10:25:00",LKBONNY2,0.379210
D,DISPATCH,UNIT_SCADA,1,"2022/10/20 10:25:00",LKBONNY3,0
D,DISPATCH,UNIT_SCADA,1,"2022/10/20 10:25:00",LK_ECHO,0
D,DISPATCH,UNIT_SCADA,1,"2022/10/20 10:25:00",LNGS1,0
D,DISPATCH,UNIT_SCADA,1,"2022/10/20 10:25:00",LNGS2,0
D,DISPATCH,UNIT_SCADA,1,"2022/10/20 10:25:00",LONSDALE,0
D,DISPATCH,UNIT_SCADA,1,"2022/10/20 10:25:00",LOYYB1,444.732910
D,DISPATCH,UNIT_SCADA,1,"2022/10/20 10:25:00",LOYYB2,437.213930
D,DISPATCH,UNIT_SCADA,1,"2022/10/20 10:25:00",LYA1,523
D,DISPATCH,UNIT_SCADA,1,"2022/10/20 10:25:00",LYA2,0
D,DISPATCH,UNIT_SCADA,1,"2022/10/20 10:25:00",LYA3,355
D,DISPATCH,UNIT_SCADA,1,"2022/10/20 10:25:00",LYA4,354
D,DISPATCH,UNIT_SCADA,1,"2022/10/20 10:25:00",MACARTH1,49.898850
D,DISPATCH,UNIT_SCADA,1,"2022/10/20 10:25:00",MACKNTSH,0
D,DISPATCH,UNIT_SCADA,1,"2022/10/20 10:25:00",MANSLR1,40.5580
D,DISPATCH,UNIT_SCADA,1,"2022/10/20 10:25:00",MAPS2PV1,0
D,DISPATCH,UNIT_SCADA,1,"2022/10/20 10:25:00",MAPS3PV1,0
D,DISPATCH,UNIT_SCADA,1,"2022/10/20 10:25:00",MARYRSF1,10.95
D,DISPATCH,UNIT_SCADA,1,"2022/10/20 10:25:00",MBPS2PV1,0
D,DISPATCH,UNIT_SCADA,1,"2022/10/20 10:25:00",MCKAY1,0.02
D,DISPATCH,UNIT_SCADA,1,"2022/10/20 10:25:00",MEADOWBK,6.0018
D,DISPATCH,UNIT_SCADA,1,"2022/10/20 10:25:00",MERCER01,28.50
D,DISPATCH,UNIT_SCADA,1,"2022/10/20 10:25:00",METZSF1,24.002860
D,DISPATCH,UNIT_SCADA,1,"2022/10/20 10:25:00",MEWF1,2
D,DISPATCH,UNIT_SCADA,1,"2022/10/20 10:25:00",MIDDLSF1,21.80
D,DISPATCH,UNIT_SCADA,1,"2022/10/20 10:25:00",MINTARO,0.128180
D,DISPATCH,UNIT_SCADA,1,"2022/10/20 10:25:00",MOLNGSF1,11.407650
D,DISPATCH,UNIT_SCADA,1,"2022/10/20 10:25:00",MOORAWF1,47.31
D,DISPATCH,UNIT_SCADA,1,"2022/10/20 10:25:00",MOREESF1,10.2160
D,DISPATCH,UNIT_SCADA,1,"2022/10/20 10:25:00",MORTLK11,0
D,DISPATCH,UNIT_SCADA,1,"2022/10/20 10:25:00",MORTLK12,0
D,DISPATCH,UNIT_SCADA,1,"2022/10/20 10:25:00",MOUSF1,0
D,DISPATCH,UNIT_SCADA,1,"2022/10/20 10:25:00",MP1,0
D,DISPATCH,UNIT_SCADA,1,"2022/10/20 10:25:00",MP2,350.212860
D,DISPATCH,UNIT_SCADA,1,"2022/10/20 10:25:00",MPP_1,175.680330
D,DISPATCH,UNIT_SCADA,1,"2022/10/20 10:25:00",MPP_2,179.235750
D,DISPATCH,UNIT_SCADA,1,"2022/10/20 10:25:00",MRTLSWF1,0
D,DISPATCH,UNIT_SCADA,1,"2022/10/20 10:25:00",MSTUART1,0
D,DISPATCH,UNIT_SCADA,1,"2022/10/20 10:25:00",MSTUART2,0
D,DISPATCH,UNIT_SCADA,1,"2022/10/20 10:25:00",MSTUART3,0
D,DISPATCH,UNIT_SCADA,1,"2022/10/20 10:25:00",MTGELWF1,38.015380
D,DISPATCH,UNIT_SCADA,1,"2022/10/20 10:25:00",MTMILLAR,1.40
D,DISPATCH,UNIT_SCADA,1,"2022/10/20 10:25:00",MURRAY,0
D,DISPATCH,UNIT_SCADA,1,"2022/10/20 10:25:00",MUSSELR1,99.70
D,DISPATCH,UNIT_SCADA,1,"2022/10/20 10:25:00",MUWAWF1,60.48
D,DISPATCH,UNIT_SCADA,1,"2022/10/20 10:25:00",MUWAWF2,51.70
D,DISPATCH,UNIT_SCADA,1,"2022/10/20 10:25:00",MWPS1PV1,0.13
D,DISPATCH,UNIT_SCADA,1,"2022/10/20 10:25:00",MWPS2PV1,0
D,DISPATCH,UNIT_SCADA,1,"2022/10/20 10:25:00",MWPS3PV1,0
D,DISPATCH,UNIT_SCADA,1,"2022/10/20 10:25:00",MWPS4PV1,0.01
D,DISPATCH,UNIT_SCADA,1,"2022/10/20 10:25:00",NBHWF1,60.90
D,DISPATCH,UNIT_SCADA,1,"2022/10/20 10:25:00",NEVERSF1,29.67
D,DISPATCH,UNIT_SCADA,1,"2022/10/20 10:25:00",NPS,0
D,DISPATCH,UNIT_SCADA,1,"2022/10/20 10:25:00",NUMURSF1,93.24
D,DISPATCH,UNIT_SCADA,1,"2022/10/20 10:25:00",NYNGAN1,81.75
D,DISPATCH,UNIT_SCADA,1,"2022/10/20 10:25:00",OAKEY1,0
D,DISPATCH,UNIT_SCADA,1,"2022/10/20 10:25:00",OAKEY1SF,8.9320
D,DISPATCH,UNIT_SCADA,1,"2022/10/20 10:25:00",OAKEY2,0
D,DISPATCH,UNIT_SCADA,1,"2022/10/20 10:25:00",OAKEY2SF,17.64
D,DISPATCH,UNIT_SCADA,1,"2022/10/20 10:25:00",OAKLAND1,5.60
D,DISPATCH,UNIT_SCADA,1,"2022/10/20 10:25:00",OSB-AG,0
D,DISPATCH,UNIT_SCADA,1,"2022/10/20 10:25:00",PAREPS1,0.0660
D,DISPATCH,UNIT_SCADA,1,"2022/10/20 10:25:00",PAREPW1,71.02
D,DISPATCH,UNIT_SCADA,1,"2022/10/20 10:25:00",PARSF1,2.400240
D,DISPATCH,UNIT_SCADA,1,"2022/10/20 10:25:00",POAT110,0
D,DISPATCH,UNIT_SCADA,1,"2022/10/20 10:25:00",POAT220,0
D,DISPATCH,UNIT_SCADA,1,"2022/10/20 10:25:00",POR01,0
D,DISPATCH,UNIT_SCADA,1,"2022/10/20 10:25:00",POR03,0
D,DISPATCH,UNIT_SCADA,1,"2022/10/20 10:25:00",PPCCGT,0
D,DISPATCH,UNIT_SCADA,1,"2022/10/20 10:25:00",PTSTAN1,0
D,DISPATCH,UNIT_SCADA,1,"2022/10/20 10:25:00",PUMP1,0
D,DISPATCH,UNIT_SCADA,1,"2022/10/20 10:25:00",PUMP2,0
D,DISPATCH,UNIT_SCADA,1,"2022/10/20 10:25:00",QBYNBG1,0
D,DISPATCH,UNIT_SCADA,1,"2022/10/20 10:25:00",QBYNBL1,0.0085
D,DISPATCH,UNIT_SCADA,1,"2022/10/20 10:25:00",QPS1,0
D,DISPATCH,UNIT_SCADA,1,"2022/10/20 10:25:00",QPS2,0
D,DISPATCH,UNIT_SCADA,1,"2022/10/20 10:25:00",QPS3,0
D,DISPATCH,UNIT_SCADA,1,"2022/10/20 10:25:00",QPS4,0
D,DISPATCH,UNIT_SCADA,1,"2022/10/20 10:25:00",QPS5,74.73
D,DISPATCH,UNIT_SCADA,1,"2022/10/20 10:25:00",REECE1,46.020940
D,DISPATCH,UNIT_SCADA,1,"2022/10/20 10:25:00",REECE2,0
D,DISPATCH,UNIT_SCADA,1,"2022/10/20 10:25:00",ROMA_7,0
D,DISPATCH,UNIT_SCADA,1,"2022/10/20 10:25:00",ROMA_8,0
D,DISPATCH,UNIT_SCADA,1,"2022/10/20 10:25:00",RRSF1,28.276410
D,DISPATCH,UNIT_SCADA,1,"2022/10/20 10:25:00",RT_NSW1,0
D,DISPATCH,UNIT_SCADA,1,"2022/10/20 10:25:00",RT_NSW2,0
D,DISPATCH,UNIT_SCADA,1,"2022/10/20 10:25:00",RT_NSW3,0
D,DISPATCH,UNIT_SCADA,1,"2022/10/20 10:25:00",RT_NSW4,0
D,DISPATCH,UNIT_SCADA,1,"2022/10/20 10:25:00",RT_NSW5,0
D,DISPATCH,UNIT_SCADA,1,"2022/10/20 10:25:00",RT_NSW6,0
D,DISPATCH,UNIT_SCADA,1,"2022/10/20 10:25:00",RT_QLD1,0
D,DISPATCH,UNIT_SCADA,1,"2022/10/20 10:25:00",RT_SA1,0
D,DISPATCH,UNIT_SCADA,1,"2022/10/20 10:25:00",RT_SA2,0
D,DISPATCH,UNIT_SCADA,1,"2022/10/20 10:25:00",RT_SA3,0
D,DISPATCH,UNIT_SCADA,1,"2022/10/20 10:25:00",RT_SA4,0
D,DISPATCH,UNIT_SCADA,1,"2022/10/20 10:25:00",RT_SA5,0
D,DISPATCH,UNIT_SCADA,1,"2022/10/20 10:25:00",RT_SA6,0
D,DISPATCH,UNIT_SCADA,1,"2022/10/20 10:25:00",RT_TAS1,0
D,DISPATCH,UNIT_SCADA,1,"2022/10/20 10:25:00",RT_VIC1,0
D,DISPATCH,UNIT_SCADA,1,"2022/10/20 10:25:00",RT_VIC10,0
D,DISPATCH,UNIT_SCADA,1,"2022/10/20 10:25:00",RT_VIC11,0
D,DISPATCH,UNIT_SCADA,1,"2022/10/20 10:25:00",RT_VIC12,0
D,DISPATCH,UNIT_SCADA,1,"2022/10/20 10:25:00",RT_VIC2,0
D,DISPATCH,UNIT_SCADA,1,"2022/10/20 10:25:00",RT_VIC3,0
D,DISPATCH,UNIT_SCADA,1,"2022/10/20 10:25:00",RT_VIC4,0
D,DISPATCH,UNIT_SCADA,1,"2022/10/20 10:25:00",RT_VIC5,0
D,DISPATCH,UNIT_SCADA,1,"2022/10/20 10:25:00",RT_VIC6,0
D,DISPATCH,UNIT_SCADA,1,"2022/10/20 10:25:00",RT_VIC7,0
D,DISPATCH,UNIT_SCADA,1,"2022/10/20 10:25:00",RT_VIC8,0
D,DISPATCH,UNIT_SCADA,1,"2022/10/20 10:25:00",RT_VIC9,0
D,DISPATCH,UNIT_SCADA,1,"2022/10/20 10:25:00",RUGBYR1,11.610620
D,DISPATCH,UNIT_SCADA,1,"2022/10/20 10:25:00",SALTCRK1,21.38
D,DISPATCH,UNIT_SCADA,1,"2022/10/20 10:25:00",SAPHWF1,153.064770
D,DISPATCH,UNIT_SCADA,1,"2022/10/20 10:25:00",SEBSF1,47.235190
D,DISPATCH,UNIT_SCADA,1,"2022/10/20 10:25:00",SHGEN,0
D,DISPATCH,UNIT_SCADA,1,"2022/10/20 10:25:00",SHPUMP,0
D,DISPATCH,UNIT_SCADA,1,"2022/10/20 10:25:00",SITHE01,0.1840
D,DISPATCH,UNIT_SCADA,1,"2022/10/20 10:25:00",SMCSF1,101.3110
D,DISPATCH,UNIT_SCADA,1,"2022/10/20 10:25:00",SNAPPER1,0
D,DISPATCH,UNIT_SCADA,1,"2022/10/20 10:25:00",SNOWNTH1,111.400010
D,DISPATCH,UNIT_SCADA,1,"2022/10/20 10:25:00",SNOWSTH1,68.10
D,DISPATCH,UNIT_SCADA,1,"2022/10/20 10:25:00",SNOWTWN1,83.637250
D,DISPATCH,UNIT_SCADA,1,"2022/10/20 10:25:00",SNOWYP,0
D,DISPATCH,UNIT_SCADA,1,"2022/10/20 10:25:00",SNUG1,0
D,DISPATCH,UNIT_SCADA,1,"2022/10/20 10:25:00",SRSF1,24.97
D,DISPATCH,UNIT_SCADA,1,"2022/10/20 10:25:00",STAN-1,269.455780
D,DISPATCH,UNIT_SCADA,1,"2022/10/20 10:25:00",STAN-2,316.9201
D,DISPATCH,UNIT_SCADA,1,"2022/10/20 10:25:00",STAN-3,153.826420
D,DISPATCH,UNIT_SCADA,1,"2022/10/20 10:25:00",STAN-4,315.715240
D,DISPATCH,UNIT_SCADA,1,"2022/10/20 10:25:00",STARHLWF,0.01
D,DISPATCH,UNIT_SCADA,1,"2022/10/20 10:25:00",STOCKYD1,50.70
D,DISPATCH,UNIT_SCADA,1,"2022/10/20 10:25:00",STWF1,0
D,DISPATCH,UNIT_SCADA,1,"2022/10/20 10:25:00",SUNRSF1,40.782790
D,DISPATCH,UNIT_SCADA,1,"2022/10/20 10:25:00",SUNTPSF1,32.868540
D,DISPATCH,UNIT_SCADA,1,"2022/10/20 10:25:00",SWAN_E,221.1250
D,DISPATCH,UNIT_SCADA,1,"2022/10/20 10:25:00",TALWA1,0
D,DISPATCH,UNIT_SCADA,1,"2022/10/20 10:25:00",TARALGA1,0
D,DISPATCH,UNIT_SCADA,1,"2022/10/20 10:25:00",TARONG#1,346
D,DISPATCH,UNIT_SCADA,1,"2022/10/20 10:25:00",TARONG#2,344.800020
D,DISPATCH,UNIT_SCADA,1,"2022/10/20 10:25:00",TARONG#3,0.90
D,DISPATCH,UNIT_SCADA,1,"2022/10/20 10:25:00",TARONG#4,204.900010
D,DISPATCH,UNIT_SCADA,1,"2022/10/20 10:25:00",TARRALEA,54
D,DISPATCH,UNIT_SCADA,1,"2022/10/20 10:25:00",TBSF1,0.10
D,DISPATCH,UNIT_SCADA,1,"2022/10/20 10:25:00",TNPS1,400.5625
D,DISPATCH,UNIT_SCADA,1,"2022/10/20 10:25:00",TORRB1,0
D,DISPATCH,UNIT_SCADA,1,"2022/10/20 10:25:00",TORRB2,41
D,DISPATCH,UNIT_SCADA,1,"2022/10/20 10:25:00",TORRB3,0
D,DISPATCH,UNIT_SCADA,1,"2022/10/20 10:25:00",TORRB4,0
D,DISPATCH,UNIT_SCADA,1,"2022/10/20 10:25:00",TREVALLN,98.0533
D,DISPATCH,UNIT_SCADA,1,"2022/10/20 10:25:00",TRIBUTE,0
D,DISPATCH,UNIT_SCADA,1,"2022/10/20 10:25:00",TUMUT3,0
D,DISPATCH,UNIT_SCADA,1,"2022/10/20 10:25:00",TUNGATIN,5.810020
D,DISPATCH,UNIT_SCADA,1,"2022/10/20 10:25:00",TVCC201,0
D,DISPATCH,UNIT_SCADA,1,"2022/10/20 10:25:00",TVPP104,57.865630
D,DISPATCH,UNIT_SCADA,1,"2022/10/20 10:25:00",UPPTUMUT,0
D,DISPATCH,UNIT_SCADA,1,"2022/10/20 10:25:00",URANQ11,0
D,DISPATCH,UNIT_SCADA,1,"2022/10/20 10:25:00",URANQ12,0
D,DISPATCH,UNIT_SCADA,1,"2022/10/20 10:25:00",URANQ13,0
D,DISPATCH,UNIT_SCADA,1,"2022/10/20 10:25:00",URANQ14,0
D,DISPATCH,UNIT_SCADA,1,"2022/10/20 10:25:00",VBBG1,0
D,DISPATCH,UNIT_SCADA,1,"2022/10/20 10:25:00",VBBL1,52.30
D,DISPATCH,UNIT_SCADA,1,"2022/10/20 10:25:00",VP5,490.249330
D,DISPATCH,UNIT_SCADA,1,"2022/10/20 10:25:00",VP6,490.273740
D,DISPATCH,UNIT_SCADA,1,"2022/10/20 10:25:00",VPGS1,0
D,DISPATCH,UNIT_SCADA,1,"2022/10/20 10:25:00",VPGS2,0
D,DISPATCH,UNIT_SCADA,1,"2022/10/20 10:25:00",VPGS3,0
D,DISPATCH,UNIT_SCADA,1,"2022/10/20 10:25:00",VPGS4,0
D,DISPATCH,UNIT_SCADA,1,"2022/10/20 10:25:00",VPGS5,0
D,DISPATCH,UNIT_SCADA,1,"2022/10/20 10:25:00",VPGS6,0
D,DISPATCH,UNIT_SCADA,1,"2022/10/20 10:25:00",W/HOE#1,0
D,DISPATCH,UNIT_SCADA,1,"2022/10/20 10:25:00",W/HOE#2,0
D,DISPATCH,UNIT_SCADA,1,"2022/10/20 10:25:00",WAGGNSF1,0
D,DISPATCH,UNIT_SCADA,1,"2022/10/20 10:25:00",WALGRVG1,0.000930
D,DISPATCH,UNIT_SCADA,1,"2022/10/20 10:25:00",WALGRVL1,0
D,DISPATCH,UNIT_SCADA,1,"2022/10/20 10:25:00",WANDBG1,0
D,DISPATCH,UNIT_SCADA,1,"2022/10/20 10:25:00",WANDBL1,49.955280
D,DISPATCH,UNIT_SCADA,1,"2022/10/20 10:25:00",WARWSF1,6.87
D,DISPATCH,UNIT_SCADA,1,"2022/10/20 10:25:00",WARWSF2,5.86
D,DISPATCH,UNIT_SCADA,1,"2022/10/20 10:25:00",WATERLWF,52.80
D,DISPATCH,UNIT_SCADA,1,"2022/10/20 10:25:00",WDGPH1,47.9990
D,DISPATCH,UNIT_SCADA,1,"2022/10/20 10:25:00",WELLSF1,56.7422
D,DISPATCH,UNIT_SCADA,1,"2022/10/20 10:25:00",WEMENSF1,27.50
D,DISPATCH,UNIT_SCADA,1,"2022/10/20 10:25:00",WGWF1,94.80
D,DISPATCH,UNIT_SCADA,1,"2022/10/20 10:25:00",WHITSF1,0
D,DISPATCH,UNIT_SCADA,1,"2022/10/20 10:25:00",WINTSF1,79.56
D,DISPATCH,UNIT_SCADA,1,"2022/10/20 10:25:00",WKIEWA1,33.90
D,DISPATCH,UNIT_SCADA,1,"2022/10/20 10:25:00",WKIEWA2,14
D,DISPATCH,UNIT_SCADA,1,"2022/10/20 10:25:00",WOODLWN1,13.082720
D,DISPATCH,UNIT_SCADA,1,"2022/10/20 10:25:00",WOOLGSF1,12.553730
D,DISPATCH,UNIT_SCADA,1,"2022/10/20 10:25:00",WPWF,9.17
D,DISPATCH,UNIT_SCADA,1,"2022/10/20 10:25:00",WRSF1,0.570090
D,DISPATCH,UNIT_SCADA,1,"2022/10/20 10:25:00",WRWF1,34.080720
D,DISPATCH,UNIT_SCADA,1,"2022/10/20 10:25:00",WSTWYSF1,0
D,DISPATCH,UNIT_SCADA,1,"2022/10/20 10:25:00",YABULU,0
D,DISPATCH,UNIT_SCADA,1,"2022/10/20 10:25:00",YABULU2,0
D,DISPATCH,UNIT_SCADA,1,"2022/10/20 10:25:00",YARANSF1,33.92
D,DISPATCH,UNIT_SCADA,1,"2022/10/20 10:25:00",YARWUN_1,163.539990
D,DISPATCH,UNIT_SCADA,1,"2022/10/20 10:25:00",YATSF1,23.16
D,DISPATCH,UNIT_SCADA,1,"2022/10/20 10:25:00",YENDWF1,38.04
D,DISPATCH,UNIT_SCADA,1,"2022/10/20 10:25:00",YWPS1,306.263310
D,DISPATCH,UNIT_SCADA,1,"2022/10/20 10:25:00",YWPS2,289.721530
D,DISPATCH,UNIT_SCADA,1,"2022/10/20 10:25:00",YWPS3,301.8038
D,DISPATCH,UNIT_SCADA,1,"2022/10/20 10:25:00",YWPS4,0
C,"END OF REPORT",419
