C,NEMP.WORLD,DISPATCHSCADA,AEMO,PUBLIC,2022/10/20,16:20:09,0000000373266598,DISPATCHSCADA,0000000373266592
I,DISPATCH,UNIT_SCADA,1,SETTLEMENTDATE,DUID,SCADAVALUE
D,DISPATCH,UNIT_SCADA,1,"2022/10/20 16:25:00",BARCSF1,2.10
D,DISPATCH,UNIT_SCADA,1,"2022/10/20 16:25:00",BUTLERSG,8.699999
D,DISPATCH,UNIT_SCADA,1,"2022/10/20 16:25:00",CAPTL_WF,87.423210
D,DISPATCH,UNIT_SCADA,1,"2022/10/20 16:25:00",CHALLHWF,14.60
D,DISPATCH,UNIT_SCADA,1,"2022/10/20 16:25:00",CLOVER,10.38
D,DISPATCH,UNIT_SCADA,1,"2022/10/20 16:25:00",CLUNY,6.252689
D,DISPATCH,UNIT_SCADA,1,"2022/10/20 16:25:00",CULLRGWF,-0.04
D,DISPATCH,UNIT_SCADA,1,"2022/10/20 16:25:00",DIAPURWF1,2
D,DISPATCH,UNIT_SCADA,1,"2022/10/20 16:25:00",ERGT01,0
D,DISPATCH,UNIT_SCADA,1,"2022/10/20 16:25:00",GB01,0
D,DISPATCH,UNIT_SCADA,1,"2022/10/20 16:25:00",GERMCRK,21.299999
D,DISPATCH,UNIT_SCADA,1,"2022/10/20 16:25:00",GRIFSF1,8.699168
D,DISPATCH,UNIT_SCADA,1,"2022/10/20 16:25:00",HEZ1,0
D,DISPATCH,UNIT_SCADA,1,"2022/10/20 16:25:00",HUGSF1,11.4870
D,DISPATCH,UNIT_SCADA,1,"2022/10/20 16:25:00",KEPBG1,0
D,DISPATCH,UNIT_SCADA,1,"2022/10/20 16:25:00",LRSF1,10.983001
D,DISPATCH,UNIT_SCADA,1,"2022/10/20 16:25:00",MBAHNTH,41.887497
D,DISPATCH,UNIT_SCADA,1,"2022/10/20 16:25:00",MLSP1,1.847001
D,DISPATCH,UNIT_SCADA,1,"2022/10/20 16:25:00",MLWF1,7.47
D,DISPATCH,UNIT_SCADA,1,"2022/10/20 16:25:00",PALOONA,30.709999
D,DISPATCH,UNIT_SCADA,1,"2022/10/20 16:25:00",PIONEER,29.90
D,DISPATCH,UNIT_SCADA,1,"2022/10/20 16:25:00",PORTWF,38.799999
D,DISPATCH,UNIT_SCADA,1,"2022/10/20 16:25:00",REPULSE,9.486839
D,DISPATCH,UNIT_SCADA,1,"2022/10/20 16:25:00",ROWALLAN,8.9247
D,DISPATCH,UNIT_SCADA,1,"2022/10/20 16:25:00",ROYALLA1,2.008003
D,DISPATCH,UNIT_SCADA,1,"2022/10/20 16:25:00",RPCG,-1.80
D,DISPATCH,UNIT_SCADA,1,"2022/10/20 16:25:00",RUBICON,0
D,DISPATCH,UNIT_SCADA,1,"2022/10/20 16:25:00",WAUBRAWF,55.719002
D,DISPATCH,UNIT_SCADA,1,"2022/10/20 16:25:00",WOOLNTH1,97.779999
D,DISPATCH,UNIT_SCADA,1,"2022/10/20 16:25:00",YAMBUKWF,2.10
D,DISPATCH,UNIT_SCADA,1,"2022/10/20 16:25:00",YSWF1,1.80
D,DISPATCH,UNIT_SCADA,1,"2022/10/20 16:25:00",ADPBA1G,0.0080
D,DISPATCH,UNIT_SCADA,1,"2022/10/20 16:25:00",ADPBA1L,0
D,DISPATCH,UNIT_SCADA,1,"2022/10/20 16:25:00",ADPPV1,8.7770
D,DISPATCH,UNIT_SCADA,1,"2022/10/20 16:25:00",AGLHAL,0
D,DISPATCH,UNIT_SCADA,1,"2022/10/20 16:25:00",AGLSOM,0
D,DISPATCH,UNIT_SCADA,1,"2022/10/20 16:25:00",ANGAST1,0
D,DISPATCH,UNIT_SCADA,1,"2022/10/20 16:25:00",ARWF1,48.60
D,DISPATCH,UNIT_SCADA,1,"2022/10/20 16:25:00",BALBG1,0
D,DISPATCH,UNIT_SCADA,1,"2022/10/20 16:25:00",BALBL1,0
D,DISPATCH,UNIT_SCADA,1,"2022/10/20 16:25:00",BALDHWF1,99.600010
D,DISPATCH,UNIT_SCADA,1,"2022/10/20 16:25:00",BANGOWF1,78.499730
D,DISPATCH,UNIT_SCADA,1,"2022/10/20 16:25:00",BANGOWF2,25
D,DISPATCH,UNIT_SCADA,1,"2022/10/20 16:25:00",BANN1,18.66
D,DISPATCH,UNIT_SCADA,1,"2022/10/20 16:25:00",BARCALDN,0
D,DISPATCH,UNIT_SCADA,1,"2022/10/20 16:25:00",BARKIPS1,0
D,DISPATCH,UNIT_SCADA,1,"2022/10/20 16:25:00",BARRON-1,25.64
D,DISPATCH,UNIT_SCADA,1,"2022/10/20 16:25:00",BARRON-2,21.44
D,DISPATCH,UNIT_SCADA,1,"2022/10/20 16:25:00",BASTYAN,55.560010
D,DISPATCH,UNIT_SCADA,1,"2022/10/20 16:25:00",BBTHREE1,0
D,DISPATCH,UNIT_SCADA,1,"2022/10/20 16:25:00",BBTHREE2,0
D,DISPATCH,UNIT_SCADA,1,"2022/10/20 16:25:00",BBTHREE3,-1.07
D,DISPATCH,UNIT_SCADA,1,"2022/10/20 16:25:00",BDL01,0
D,DISPATCH,UNIT_SCADA,1,"2022/10/20 16:25:00",BDL02,0
D,DISPATCH,UNIT_SCADA,1,"2022/10/20 16:25:00",BERYLSF1,29.900070
D,DISPATCH,UNIT_SCADA,1,"2022/10/20 16:25:00",BLOWERNG,62.50
D,DISPATCH,UNIT_SCADA,1,"2022/10/20 16:25:00",BLUEGSF1,13.533180
D,DISPATCH,UNIT_SCADA,1,"2022/10/20 16:25:00",BLUFF1,0
D,DISPATCH,UNIT_SCADA,1,"2022/10/20 16:25:00",BNGSF1,44.10
D,DISPATCH,UNIT_SCADA,1,"2022/10/20 16:25:00",BNGSF2,32.74
D,DISPATCH,UNIT_SCADA,1,"2022/10/20 16:25:00",BOCORWF1,59.31
D,DISPATCH,UNIT_SCADA,1,"2022/10/20 16:25:00",BODWF1,97.550920
D,DISPATCH,UNIT_SCADA,1,"2022/10/20 16:25:00",BOMENSF1,17.550930
D,DISPATCH,UNIT_SCADA,1,"2022/10/20 16:25:00",BOWWBA1G,0
D,DISPATCH,UNIT_SCADA,1,"2022/10/20 16:25:00",BOWWBA1L,0.0020
D,DISPATCH,UNIT_SCADA,1,"2022/10/20 16:25:00",BOWWPV1,0
D,DISPATCH,UNIT_SCADA,1,"2022/10/20 16:25:00",BRAEMAR1,0
D,DISPATCH,UNIT_SCADA,1,"2022/10/20 16:25:00",BRAEMAR2,0
D,DISPATCH,UNIT_SCADA,1,"2022/10/20 16:25:00",BRAEMAR3,0
D,DISPATCH,UNIT_SCADA,1,"2022/10/20 16:25:00",BRAEMAR5,0.292060
D,DISPATCH,UNIT_SCADA,1,"2022/10/20 16:25:00",BRAEMAR6,0
D,DISPATCH,UNIT_SCADA,1,"2022/10/20 16:25:00",BRAEMAR7,139.835830
D,DISPATCH,UNIT_SCADA,1,"2022/10/20 16:25:00",BROKENH1,22.299660
D,DISPATCH,UNIT_SCADA,1,"2022/10/20 16:25:00",BRYB1WF1,85.984590
D,DISPATCH,UNIT_SCADA,1,"2022/10/20 16:25:00",BULBESG1,0
D,DISPATCH,UNIT_SCADA,1,"2022/10/20 16:25:00",BULBESL1,1.75
D,DISPATCH,UNIT_SCADA,1,"2022/10/20 16:25:00",BULGANA1,19.07
D,DISPATCH,UNIT_SCADA,1,"2022/10/20 16:25:00",BW01,661.106260
D,DISPATCH,UNIT_SCADA,1,"2022/10/20 16:25:00",BW02,619.577330
D,DISPATCH,UNIT_SCADA,1,"2022/10/20 16:25:00",BW03,468.1590
D,DISPATCH,UNIT_SCADA,1,"2022/10/20 16:25:00",BW04,0
D,DISPATCH,UNIT_SCADA,1,"2022/10/20 16:25:00",CALL_B_1,320.200010
D,DISPATCH,UNIT_SCADA,1,"2022/10/20 16:25:00",CALL_B_2,318.100010
D,DISPATCH,UNIT_SCADA,1,"2022/10/20 16:25:00",CATHROCK,7.70
D,DISPATCH,UNIT_SCADA,1,"2022/10/20 16:25:00",CBWWBA1G,0
D,DISPATCH,UNIT_SCADA,1,"2022/10/20 16:25:00",CBWWBA1L,0
D,DISPATCH,UNIT_SCADA,1,"2022/10/20 16:25:00",CETHANA,97.2265
D,DISPATCH,UNIT_SCADA,1,"2022/10/20 16:25:00",CG1,0
D,DISPATCH,UNIT_SCADA,1,"2022/10/20 16:25:00",CG2,0
D,DISPATCH,UNIT_SCADA,1,"2022/10/20 16:25:00",CG3,0
D,DISPATCH,UNIT_SCADA,1,"2022/10/20 16:25:00",CG4,0
D,DISPATCH,UNIT_SCADA,1,"2022/10/20 16:25:00",CHILDSF1,5.66
D,DISPATCH,UNIT_SCADA,1,"2022/10/20 16:25:00",CHYTWF1,9.54
D,DISPATCH,UNIT_SCADA,1,"2022/10/20 16:25:00",CLARESF1,4.051710
D,DISPATCH,UNIT_SCADA,1,"2022/10/20 16:25:00",CLEMGPWF,12.894270
D,DISPATCH,UNIT_SCADA,1,"2022/10/20 16:25:00",CLERMSF1,63.22
D,DISPATCH,UNIT_SCADA,1,"2022/10/20 16:25:00",CNUNDAWF,11.012850
D,DISPATCH,UNIT_SCADA,1,"2022/10/20 16:25:00",COHUNSF1,7.82
D,DISPATCH,UNIT_SCADA,1,"2022/10/20 16:25:00",COLEASF1,23.198670
D,DISPATCH,UNIT_SCADA,1,"2022/10/20 16:25:00",COLUMSF1,1.5450
D,DISPATCH,UNIT_SCADA,1,"2022/10/20 16:25:00",COLWF01,96.958880
D,DISPATCH,UNIT_SCADA,1,"2022/10/20 16:25:00",COOPGWF1,239.30
D,DISPATCH,UNIT_SCADA,1,"2022/10/20 16:25:00",CPP_3,373.725010
D,DISPATCH,UNIT_SCADA,1,"2022/10/20 16:25:00",CPP_4,0
D,DISPATCH,UNIT_SCADA,1,"2022/10/20 16:25:00",CPSA,0
D,DISPATCH,UNIT_SCADA,1,"2022/10/20 16:25:00",CROOKWF2,41.463650
D,DISPATCH,UNIT_SCADA,1,"2022/10/20 16:25:00",CROWLWF1,23.866370
D,DISPATCH,UNIT_SCADA,1,"2022/10/20 16:25:00",CRURWF1,47.997020
D,DISPATCH,UNIT_SCADA,1,"2022/10/20 16:25:00",CRWASF1,28.5440
D,DISPATCH,UNIT_SCADA,1,"2022/10/20 16:25:00",CSPVPS1,18.4490
D,DISPATCH,UNIT_SCADA,1,"2022/10/20 16:25:00",CTHLWF1,0.003050
D,DISPATCH,UNIT_SCADA,1,"2022/10/20 16:25:00",DALNTH01,0
D,DISPATCH,UNIT_SCADA,1,"2022/10/20 16:25:00",DALNTHL1,0.086980
D,DISPATCH,UNIT_SCADA,1,"2022/10/20 16:25:00",DARLSF1,171.942870
D,DISPATCH,UNIT_SCADA,1,"2022/10/20 16:25:00",DARTM1,0
D,DISPATCH,UNIT_SCADA,1,"2022/10/20 16:25:00",DAYDSF1,121.864010
D,DISPATCH,UNIT_SCADA,1,"2022/10/20 16:25:00",DDPS1,0
D,DISPATCH,UNIT_SCADA,1,"2022/10/20 16:25:00",DDSF1,10.488320
D,DISPATCH,UNIT_SCADA,1,"2022/10/20 16:25:00",DEVILS_G,60.602440
D,DISPATCH,UNIT_SCADA,1,"2022/10/20 16:25:00",DG_NSW1,0
D,DISPATCH,UNIT_SCADA,1,"2022/10/20 16:25:00",DG_QLD1,0
D,DISPATCH,UNIT_SCADA,1,"2022/10/20 16:25:00",DG_SA1,0
D,DISPATCH,UNIT_SCADA,1,"2022/10/20 16:25:00",DG_TAS1,0
D,DISPATCH,UNIT_SCADA,1,"2022/10/20 16:25:00",DG_VIC1,0
D,DISPATCH,UNIT_SCADA,1,"2022/10/20 16:25:00",DRYCGT1,0
D,DISPATCH,UNIT_SCADA,1,"2022/10/20 16:25:00",DRYCGT2,0
D,DISPATCH,UNIT_SCADA,1,"2022/10/20 16:25:00",DRYCGT3,0
D,DISPATCH,UNIT_SCADA,1,"2022/10/20 16:25:00",DUNDWF1,70.69
D,DISPATCH,UNIT_SCADA,1,"2022/10/20 16:25:00",DUNDWF2,19.19
D,DISPATCH,UNIT_SCADA,1,"2022/10/20 16:25:00",DUNDWF3,55.98
D,DISPATCH,UNIT_SCADA,1,"2022/10/20 16:25:00",EILDON1,59.84
D,DISPATCH,UNIT_SCADA,1,"2022/10/20 16:25:00",EILDON2,60.08
D,DISPATCH,UNIT_SCADA,1,"2022/10/20 16:25:00",ELAINWF1,25.57
D,DISPATCH,UNIT_SCADA,1,"2022/10/20 16:25:00",EMERASF1,0
D,DISPATCH,UNIT_SCADA,1,"2022/10/20 16:25:00",ER01,0
D,DISPATCH,UNIT_SCADA,1,"2022/10/20 16:25:00",ER02,658.323060
D,DISPATCH,UNIT_SCADA,1,"2022/10/20 16:25:00",ER03,638.669430
D,DISPATCH,UNIT_SCADA,1,"2022/10/20 16:25:00",ER04,659.861150
D,DISPATCH,UNIT_SCADA,1,"2022/10/20 16:25:00",FINLYSF1,34.934010
D,DISPATCH,UNIT_SCADA,1,"2022/10/20 16:25:00",FISHER,43.83
D,DISPATCH,UNIT_SCADA,1,"2022/10/20 16:25:00",GANGARR1,25.2810
D,DISPATCH,UNIT_SCADA,1,"2022/10/20 16:25:00",GANNBG1,0
D,DISPATCH,UNIT_SCADA,1,"2022/10/20 16:25:00",GANNBL1,0.037880
D,DISPATCH,UNIT_SCADA,1,"2022/10/20 16:25:00",GANNSF1,20.20
D,DISPATCH,UNIT_SCADA,1,"2022/10/20 16:25:00",GLRWNSF1,56.10
D,DISPATCH,UNIT_SCADA,1,"2022/10/20 16:25:00",GNNDHSF1,36.056530
D,DISPATCH,UNIT_SCADA,1,"2022/10/20 16:25:00",GOONSF1,25.040660
D,DISPATCH,UNIT_SCADA,1,"2022/10/20 16:25:00",GORDON,246.717290
D,DISPATCH,UNIT_SCADA,1,"2022/10/20 16:25:00",GRANWF1,0
D,DISPATCH,UNIT_SCADA,1,"2022/10/20 16:25:00",GSTONE1,196.70
D,DISPATCH,UNIT_SCADA,1,"2022/10/20 16:25:00",GSTONE2,0
D,DISPATCH,UNIT_SCADA,1,"2022/10/20 16:25:00",GSTONE3,199.849990
D,DISPATCH,UNIT_SCADA,1,"2022/10/20 16:25:00",GSTONE4,0
D,DISPATCH,UNIT_SCADA,1,"2022/10/20 16:25:00",GSTONE5,200.20
D,DISPATCH,UNIT_SCADA,1,"2022/10/20 16:25:00",GSTONE6,200.20
D,DISPATCH,UNIT_SCADA,1,"2022/10/20 16:25:00",GULLRSF1,0
D,DISPATCH,UNIT_SCADA,1,"2022/10/20 16:25:00",GULLRWF1,70.943920
D,DISPATCH,UNIT_SCADA,1,"2022/10/20 16:25:00",GULLRWF2,86.1517
D,DISPATCH,UNIT_SCADA,1,"2022/10/20 16:25:00",GUNNING1,0
D,DISPATCH,UNIT_SCADA,1,"2022/10/20 16:25:00",GUTHEGA,68.40
D,DISPATCH,UNIT_SCADA,1,"2022/10/20 16:25:00",HALLWF1,0
D,DISPATCH,UNIT_SCADA,1,"2022/10/20 16:25:00",HALLWF2,0
D,DISPATCH,UNIT_SCADA,1,"2022/10/20 16:25:00",HAMISF1,42.60
D,DISPATCH,UNIT_SCADA,1,"2022/10/20 16:25:00",HAUGHT11,0
D,DISPATCH,UNIT_SCADA,1,"2022/10/20 16:25:00",HAYMSF1,40.8550
D,DISPATCH,UNIT_SCADA,1,"2022/10/20 16:25:00",HDWF1,19.60
D,DISPATCH,UNIT_SCADA,1,"2022/10/20 16:25:00",HDWF2,23.50
D,DISPATCH,UNIT_SCADA,1,"2022/10/20 16:25:00",HDWF3,18.80
D,DISPATCH,UNIT_SCADA,1,"2022/10/20 16:25:00",HILLSTN1,1.938050
D,DISPATCH,UNIT_SCADA,1,"2022/10/20 16:25:00",HPRG1,0
D,DISPATCH,UNIT_SCADA,1,"2022/10/20 16:25:00",HPRL1,0.70
D,DISPATCH,UNIT_SCADA,1,"2022/10/20 16:25:00",HUMENSW,54.872060
D,DISPATCH,UNIT_SCADA,1,"2022/10/20 16:25:00",HUMEV,0
D,DISPATCH,UNIT_SCADA,1,"2022/10/20 16:25:00",HVWWBA1G,0
D,DISPATCH,UNIT_SCADA,1,"2022/10/20 16:25:00",HVWWBA1L,0.0070
D,DISPATCH,UNIT_SCADA,1,"2022/10/20 16:25:00",HVWWPV1,4.8250
D,DISPATCH,UNIT_SCADA,1,"2022/10/20 16:25:00",JBUTTERS,0
D,DISPATCH,UNIT_SCADA,1,"2022/10/20 16:25:00",JEMALNG1,8.07
D,DISPATCH,UNIT_SCADA,1,"2022/10/20 16:25:00",JLA01,0
D,DISPATCH,UNIT_SCADA,1,"2022/10/20 16:25:00",JLA02,0
D,DISPATCH,UNIT_SCADA,1,"2022/10/20 16:25:00",JLA03,0
D,DISPATCH,UNIT_SCADA,1,"2022/10/20 16:25:00",JLA04,0
D,DISPATCH,UNIT_SCADA,1,"2022/10/20 16:25:00",JLB01,0
D,DISPATCH,UNIT_SCADA,1,"2022/10/20 16:25:00",JLB02,0.10
D,DISPATCH,UNIT_SCADA,1,"2022/10/20 16:25:00",JLB03,0
D,DISPATCH,UNIT_SCADA,1,"2022/10/20 16:25:00",JUNEESF1,3.747330
D,DISPATCH,UNIT_SCADA,1,"2022/10/20 16:25:00",KABANWF1,1.3410
D,DISPATCH,UNIT_SCADA,1,"2022/10/20 16:25:00",KAREEYA1,18.0175
D,DISPATCH,UNIT_SCADA,1,"2022/10/20 16:25:00",KAREEYA2,0
D,DISPATCH,UNIT_SCADA,1,"2022/10/20 16:25:00",KAREEYA3,21.77
D,DISPATCH,UNIT_SCADA,1,"2022/10/20 16:25:00",KAREEYA4,0
D,DISPATCH,UNIT_SCADA,1,"2022/10/20 16:25:00",KARSF1,30.90
D,DISPATCH,UNIT_SCADA,1,"2022/10/20 16:25:00",KEPSF1,0.49
D,DISPATCH,UNIT_SCADA,1,"2022/10/20 16:25:00",KEPWF1,24.66
D,DISPATCH,UNIT_SCADA,1,"2022/10/20 16:25:00",KIAMSF1,37.747010
D,DISPATCH,UNIT_SCADA,1,"2022/10/20 16:25:00",KIATAWF1,3.50
D,DISPATCH,UNIT_SCADA,1,"2022/10/20 16:25:00",KPP_1,0
D,DISPATCH,UNIT_SCADA,1,"2022/10/20 16:25:00",KSP1,20.04
D,DISPATCH,UNIT_SCADA,1,"2022/10/20 16:25:00",LADBROK1,0.02
D,DISPATCH,UNIT_SCADA,1,"2022/10/20 16:25:00",LADBROK2,0.01
D,DISPATCH,UNIT_SCADA,1,"2022/10/20 16:25:00",LBBG1,0
D,DISPATCH,UNIT_SCADA,1,"2022/10/20 16:25:00",LBBL1,0
D,DISPATCH,UNIT_SCADA,1,"2022/10/20 16:25:00",LD01,320.316160
D,DISPATCH,UNIT_SCADA,1,"2022/10/20 16:25:00",LD02,30.0119
D,DISPATCH,UNIT_SCADA,1,"2022/10/20 16:25:00",LD04,322.128970
D,DISPATCH,UNIT_SCADA,1,"2022/10/20 16:25:00",LEM_WIL,87.078370
D,DISPATCH,UNIT_SCADA,1,"2022/10/20 16:25:00",LGAPWF1,66.05
D,DISPATCH,UNIT_SCADA,1,"2022/10/20 16:25:00",LGAPWF2,39.36
D,DISPATCH,UNIT_SCADA,1,"2022/10/20 16:25:00",LILYSF1,61.865980
D,DISPATCH,UNIT_SCADA,1,"2022/10/20 16:25:00",LIMOSF11,134.643630
D,DISPATCH,UNIT_SCADA,1,"2022/10/20 16:25:00",LIMOSF21,9.090070
D,DISPATCH,UNIT_SCADA,1,"2022/10/20 16:25:00",LI_WY_CA,63.194770
D,DISPATCH,UNIT_SCADA,1,"2022/10/20 16:25:00",LKBONNY1,0
D,DISPATCH,UNIT_SCADA,1,"2022/10/20 16:25:00",LKBONNY2,11.515170
D,DISPATCH,UNIT_SCADA,1,"2022/10/20 16:25:00",LKBONNY3,2.958570
D,DISPATCH,UNIT_SCADA,1,"2022/10/20 16:25:00",LK_ECHO,0
D,DISPATCH,UNIT_SCADA,1,"2022/10/20 16:25:00",LNGS1,0
D,DISPATCH,UNIT_SCADA,1,"2022/10/20 16:25:00",LNGS2,0
D,DISPATCH,UNIT_SCADA,1,"2022/10/20 16:25:00",LONSDALE,0
D,DISPATCH,UNIT_SCADA,1,"2022/10/20 16:25:00",LOYYB1,574.435420
D,DISPATCH,UNIT_SCADA,1,"2022/10/20 16:25:00",LOYYB2,568.420230
D,DISPATCH,UNIT_SCADA,1,"2022/10/20 16:25:00",LYA1,561
D,DISPATCH,UNIT_SCADA,1,"2022/10/20 16:25:00",LYA2,0
D,DISPATCH,UNIT_SCADA,1,"2022/10/20 16:25:00",LYA3,559
D,DISPATCH,UNIT_SCADA,1,"2022/10/20 16:25:00",LYA4,561
D,DISPATCH,UNIT_SCADA,1,"2022/10/20 16:25:00",MACARTH1,50.698830
D,DISPATCH,UNIT_SCADA,1,"2022/10/20 16:25:00",MACKNTSH,0
D,DISPATCH,UNIT_SCADA,1,"2022/10/20 16:25:00",MANSLR1,5.2960
D,DISPATCH,UNIT_SCADA,1,"2022/10/20 16:25:00",MAPS2PV1,0
D,DISPATCH,UNIT_SCADA,1,"2022/10/20 16:25:00",MAPS3PV1,0
D,DISPATCH,UNIT_SCADA,1,"2022/10/20 16:25:00",MARYRSF1,6.38
D,DISPATCH,UNIT_SCADA,1,"2022/10/20 16:25:00",MBPS2PV1,0
D,DISPATCH,UNIT_SCADA,1,"2022/10/20 16:25:00",MCKAY1,158.9250
D,DISPATCH,UNIT_SCADA,1,"2022/10/20 16:25:00",MEADOWBK,5.830320
D,DISPATCH,UNIT_SCADA,1,"2022/10/20 16:25:00",MERCER01,33.60
D,DISPATCH,UNIT_SCADA,1,"2022/10/20 16:25:00",METZSF1,71.434770
D,DISPATCH,UNIT_SCADA,1,"2022/10/20 16:25:00",MEWF1,78.778370
D,DISPATCH,UNIT_SCADA,1,"2022/10/20 16:25:00",MIDDLSF1,5.37
D,DISPATCH,UNIT_SCADA,1,"2022/10/20 16:25:00",MINTARO,0.128180
D,DISPATCH,UNIT_SCADA,1,"2022/10/20 16:25:00",MOLNGSF1,4.449530
D,DISPATCH,UNIT_SCADA,1,"2022/10/20 16:25:00",MOORAWF1,35.87
D,DISPATCH,UNIT_SCADA,1,"2022/10/20 16:25:00",MOREESF1,1.7980
D,DISPATCH,UNIT_SCADA,1,"2022/10/20 16:25:00",MORTLK11,0
D,DISPATCH,UNIT_SCADA,1,"2022/10/20 16:25:00",MORTLK12,0
D,DISPATCH,UNIT_SCADA,1,"2022/10/20 16:25:00",MOUSF1,0
D,DISPATCH,UNIT_SCADA,1,"2022/10/20 16:25:00",MP1,0
D,DISPATCH,UNIT_SCADA,1,"2022/10/20 16:25:00",MP2,579.928280
D,DISPATCH,UNIT_SCADA,1,"2022/10/20 16:25:00",MPP_1,143.818910
D,DISPATCH,UNIT_SCADA,1,"2022/10/20 16:25:00",MPP_2,180.593830
D,DISPATCH,UNIT_SCADA,1,"2022/10/20 16:25:00",MRTLSWF1,0
D,DISPATCH,UNIT_SCADA,1,"2022/10/20 16:25:00",MSTUART1,0
D,DISPATCH,UNIT_SCADA,1,"2022/10/20 16:25:00",MSTUART2,0
D,DISPATCH,UNIT_SCADA,1,"2022/10/20 16:25:00",MSTUART3,0
D,DISPATCH,UNIT_SCADA,1,"2022/10/20 16:25:00",MTGELWF1,50.003050
D,DISPATCH,UNIT_SCADA,1,"2022/10/20 16:25:00",MTMILLAR,11
D,DISPATCH,UNIT_SCADA,1,"2022/10/20 16:25:00",MURRAY,0
D,DISPATCH,UNIT_SCADA,1,"2022/10/20 16:25:00",MUSSELR1,3.50
D,DISPATCH,UNIT_SCADA,1,"2022/10/20 16:25:00",MUWAWF1,47.74
D,DISPATCH,UNIT_SCADA,1,"2022/10/20 16:25:00",MUWAWF2,25.80
D,DISPATCH,UNIT_SCADA,1,"2022/10/20 16:25:00",MWPS1PV1,4.57
D,DISPATCH,UNIT_SCADA,1,"2022/10/20 16:25:00",MWPS2PV1,4.60
D,DISPATCH,UNIT_SCADA,1,"2022/10/20 16:25:00",MWPS3PV1,1.08
D,DISPATCH,UNIT_SCADA,1,"2022/10/20 16:25:00",MWPS4PV1,1.79
D,DISPATCH,UNIT_SCADA,1,"2022/10/20 16:25:00",NBHWF1,0.50
D,DISPATCH,UNIT_SCADA,1,"2022/10/20 16:25:00",NEVERSF1,8.50
D,DISPATCH,UNIT_SCADA,1,"2022/10/20 16:25:00",NPS,0
D,DISPATCH,UNIT_SCADA,1,"2022/10/20 16:25:00",NUMURSF1,41.88
D,DISPATCH,UNIT_SCADA,1,"2022/10/20 16:25:00",NYNGAN1,23.25
D,DISPATCH,UNIT_SCADA,1,"2022/10/20 16:25:00",OAKEY1,45.391380
D,DISPATCH,UNIT_SCADA,1,"2022/10/20 16:25:00",OAKEY1SF,4.6920
D,DISPATCH,UNIT_SCADA,1,"2022/10/20 16:25:00",OAKEY2,0
D,DISPATCH,UNIT_SCADA,1,"2022/10/20 16:25:00",OAKEY2SF,11.16
D,DISPATCH,UNIT_SCADA,1,"2022/10/20 16:25:00",OAKLAND1,17.90
D,DISPATCH,UNIT_SCADA,1,"2022/10/20 16:25:00",OSB-AG,91.47
D,DISPATCH,UNIT_SCADA,1,"2022/10/20 16:25:00",PAREPS1,1.7420
D,DISPATCH,UNIT_SCADA,1,"2022/10/20 16:25:00",PAREPW1,113.60
D,DISPATCH,UNIT_SCADA,1,"2022/10/20 16:25:00",PARSF1,19.398790
D,DISPATCH,UNIT_SCADA,1,"2022/10/20 16:25:00",POAT110,3.20
D,DISPATCH,UNIT_SCADA,1,"2022/10/20 16:25:00",POAT220,0
D,DISPATCH,UNIT_SCADA,1,"2022/10/20 16:25:00",POR01,0.008670
D,DISPATCH,UNIT_SCADA,1,"2022/10/20 16:25:00",POR03,0
D,DISPATCH,UNIT_SCADA,1,"2022/10/20 16:25:00",PPCCGT,164.827770
D,DISPATCH,UNIT_SCADA,1,"2022/10/20 16:25:00",PTSTAN1,0
D,DISPATCH,UNIT_SCADA,1,"2022/10/20 16:25:00",PUMP1,0
D,DISPATCH,UNIT_SCADA,1,"2022/10/20 16:25:00",PUMP2,0
D,DISPATCH,UNIT_SCADA,1,"2022/10/20 16:25:00",QBYNBG1,0
D,DISPATCH,UNIT_SCADA,1,"2022/10/20 16:25:00",QBYNBL1,2.347460
D,DISPATCH,UNIT_SCADA,1,"2022/10/20 16:25:00",QPS1,0
D,DISPATCH,UNIT_SCADA,1,"2022/10/20 16:25:00",QPS2,0
D,DISPATCH,UNIT_SCADA,1,"2022/10/20 16:25:00",QPS3,0
D,DISPATCH,UNIT_SCADA,1,"2022/10/20 16:25:00",QPS4,0
D,DISPATCH,UNIT_SCADA,1,"2022/10/20 16:25:00",QPS5,75.12
D,DISPATCH,UNIT_SCADA,1,"2022/10/20 16:25:00",REECE1,48.025630
D,DISPATCH,UNIT_SCADA,1,"2022/10/20 16:25:00",REECE2,0
D,DISPATCH,UNIT_SCADA,1,"2022/10/20 16:25:00",ROMA_7,0
D,DISPATCH,UNIT_SCADA,1,"2022/10/20 16:25:00",ROMA_8,0
D,DISPATCH,UNIT_SCADA,1,"2022/10/20 16:25:00",RRSF1,27.874860
D,DISPATCH,UNIT_SCADA,1,"2022/10/20 16:25:00",RT_NSW1,0
D,DISPATCH,UNIT_SCADA,1,"2022/10/20 16:25:00",RT_NSW2,0
D,DISPATCH,UNIT_SCADA,1,"2022/10/20 16:25:00",RT_NSW3,0
D,DISPATCH,UNIT_SCADA,1,"2022/10/20 16:25:00",RT_NSW4,0
D,DISPATCH,UNIT_SCADA,1,"2022/10/20 16:25:00",RT_NSW5,0
D,DISPATCH,UNIT_SCADA,1,"2022/10/20 16:25:00",RT_NSW6,0
D,DISPATCH,UNIT_SCADA,1,"2022/10/20 16:25:00",RT_QLD1,0
D,DISPATCH,UNIT_SCADA,1,"2022/10/20 16:25:00",RT_SA1,0
D,DISPATCH,UNIT_SCADA,1,"2022/10/20 16:25:00",RT_SA2,0
D,DISPATCH,UNIT_SCADA,1,"2022/10/20 16:25:00",RT_SA3,0
D,DISPATCH,UNIT_SCADA,1,"2022/10/20 16:25:00",RT_SA4,0
D,DISPATCH,UNIT_SCADA,1,"2022/10/20 16:25:00",RT_SA5,0
D,DISPATCH,UNIT_SCADA,1,"2022/10/20 16:25:00",RT_SA6,0
D,DISPATCH,UNIT_SCADA,1,"2022/10/20 16:25:00",RT_TAS1,0
D,DISPATCH,UNIT_SCADA,1,"2022/10/20 16:25:00",RT_VIC1,0
D,DISPATCH,UNIT_SCADA,1,"2022/10/20 16:25:00",RT_VIC10,0
D,DISPATCH,UNIT_SCADA,1,"2022/10/20 16:25:00",RT_VIC11,0
D,DISPATCH,UNIT_SCADA,1,"2022/10/20 16:25:00",RT_VIC12,0
D,DISPATCH,UNIT_SCADA,1,"2022/10/20 16:25:00",RT_VIC2,0
D,DISPATCH,UNIT_SCADA,1,"2022/10/20 16:25:00",RT_VIC3,0
D,DISPATCH,UNIT_SCADA,1,"2022/10/20 16:25:00",RT_VIC4,0
D,DISPATCH,UNIT_SCADA,1,"2022/10/20 16:25:00",RT_VIC5,0
D,DISPATCH,UNIT_SCADA,1,"2022/10/20 16:25:00",RT_VIC6,0
D,DISPATCH,UNIT_SCADA,1,"2022/10/20 16:25:00",RT_VIC7,0
D,DISPATCH,UNIT_SCADA,1,"2022/10/20 16:25:00",RT_VIC8,0
D,DISPATCH,UNIT_SCADA,1,"2022/10/20 16:25:00",RT_VIC9,0
D,DISPATCH,UNIT_SCADA,1,"2022/10/20 16:25:00",RUGBYR1,0
D,DISPATCH,UNIT_SCADA,1,"2022/10/20 16:25:00",SALTCRK1,19.32
D,DISPATCH,UNIT_SCADA,1,"2022/10/20 16:25:00",SAPHWF1,59.459830
D,DISPATCH,UNIT_SCADA,1,"2022/10/20 16:25:00",SEBSF1,7.294470
D,DISPATCH,UNIT_SCADA,1,"2022/10/20 16:25:00",SHGEN,0
D,DISPATCH,UNIT_SCADA,1,"2022/10/20 16:25:00",SHPUMP,0
D,DISPATCH,UNIT_SCADA,1,"2022/10/20 16:25:00",SITHE01,0.153860
D,DISPATCH,UNIT_SCADA,1,"2022/10/20 16:25:00",SMCSF1,43.2270
D,DISPATCH,UNIT_SCADA,1,"2022/10/20 16:25:00",SNAPPER1,0
D,DISPATCH,UNIT_SCADA,1,"2022/10/20 16:25:00",SNOWNTH1,14.90
D,DISPATCH,UNIT_SCADA,1,"2022/10/20 16:25:00",SNOWSTH1,18.80
D,DISPATCH,UNIT_SCADA,1,"2022/10/20 16:25:00",SNOWTWN1,9.312140
D,DISPATCH,UNIT_SCADA,1,"2022/10/20 16:25:00",SNOWYP,0
D,DISPATCH,UNIT_SCADA,1,"2022/10/20 16:25:00",SNUG1,0
D,DISPATCH,UNIT_SCADA,1,"2022/10/20 16:25:00",SRSF1,8.02
D,DISPATCH,UNIT_SCADA,1,"2022/10/20 16:25:00",STAN-1,280.248380
D,DISPATCH,UNIT_SCADA,1,"2022/10/20 16:25:00",STAN-2,363.50
D,DISPATCH,UNIT_SCADA,1,"2022/10/20 16:25:00",STAN-3,213.224110
D,DISPATCH,UNIT_SCADA,1,"2022/10/20 16:25:00",STAN-4,366.268650
D,DISPATCH,UNIT_SCADA,1,"2022/10/20 16:25:00",STARHLWF,11.296710
D,DISPATCH,UNIT_SCADA,1,"2022/10/20 16:25:00",STOCKYD1,188.070010
D,DISPATCH,UNIT_SCADA,1,"2022/10/20 16:25:00",STWF1,2.510410
D,DISPATCH,UNIT_SCADA,1,"2022/10/20 16:25:00",SUNRSF1,55.568780
D,DISPATCH,UNIT_SCADA,1,"2022/10/20 16:25:00",SUNTPSF1,66.5275
D,DISPATCH,UNIT_SCADA,1,"2022/10/20 16:25:00",SWAN_E,245.6481
D,DISPATCH,UNIT_SCADA,1,"2022/10/20 16:25:00",TALWA1,0
D,DISPATCH,UNIT_SCADA,1,"2022/10/20 16:25:00",TARALGA1,0
D,DISPATCH,UNIT_SCADA,1,"2022/10/20 16:25:00",TARONG#1,350.700010
D,DISPATCH,UNIT_SCADA,1,"2022/10/20 16:25:00",TARONG#2,350.600010
D,DISPATCH,UNIT_SCADA,1,"2022/10/20 16:25:00",TARONG#3,0.90
D,DISPATCH,UNIT_SCADA,1,"2022/10/20 16:25:00",TARONG#4,244.80
D,DISPATCH,UNIT_SCADA,1,"2022/10/20 16:25:00",TARRALEA,54
D,DISPATCH,UNIT_SCADA,1,"2022/10/20 16:25:00",TBSF1,0.10
D,DISPATCH,UNIT_SCADA,1,"2022/10/20 16:25:00",TNPS1,423.0625
D,DISPATCH,UNIT_SCADA,1,"2022/10/20 16:25:00",TORRB1,0
D,DISPATCH,UNIT_SCADA,1,"2022/10/20 16:25:00",TORRB2,61
D,DISPATCH,UNIT_SCADA,1,"2022/10/20 16:25:00",TORRB3,0
D,DISPATCH,UNIT_SCADA,1,"2022/10/20 16:25:00",TORRB4,0
D,DISPATCH,UNIT_SCADA,1,"2022/10/20 16:25:00",TREVALLN,100.145850
D,DISPATCH,UNIT_SCADA,1,"2022/10/20 16:25:00",TRIBUTE,0
D,DISPATCH,UNIT_SCADA,1,"2022/10/20 16:25:00",TUMUT3,122.05
D,DISPATCH,UNIT_SCADA,1,"2022/10/20 16:25:00",TUNGATIN,7.230020
D,DISPATCH,UNIT_SCADA,1,"2022/10/20 16:25:00",TVCC201,0
D,DISPATCH,UNIT_SCADA,1,"2022/10/20 16:25:00",TVPP104,0
D,DISPATCH,UNIT_SCADA,1,"2022/10/20 16:25:00",UPPTUMUT,0
D,DISPATCH,UNIT_SCADA,1,"2022/10/20 16:25:00",URANQ11,0
D,DISPATCH,UNIT_SCADA,1,"2022/10/20 16:25:00",URANQ12,0
D,DISPATCH,UNIT_SCADA,1,"2022/10/20 16:25:00",URANQ13,0
D,DISPATCH,UNIT_SCADA,1,"2022/10/20 16:25:00",URANQ14,0
D,DISPATCH,UNIT_SCADA,1,"2022/10/20 16:25:00",VBBG1,0
D,DISPATCH,UNIT_SCADA,1,"2022/10/20 16:25:00",VBBL1,1.20
D,DISPATCH,UNIT_SCADA,1,"2022/10/20 16:25:00",VP5,462.440860
D,DISPATCH,UNIT_SCADA,1,"2022/10/20 16:25:00",VP6,467.641240
D,DISPATCH,UNIT_SCADA,1,"2022/10/20 16:25:00",VPGS1,0
D,DISPATCH,UNIT_SCADA,1,"2022/10/20 16:25:00",VPGS2,0
D,DISPATCH,UNIT_SCADA,1,"2022/10/20 16:25:00",VPGS3,0
D,DISPATCH,UNIT_SCADA,1,"2022/10/20 16:25:00",VPGS4,0
D,DISPATCH,UNIT_SCADA,1,"2022/10/20 16:25:00",VPGS5,0
D,DISPATCH,UNIT_SCADA,1,"2022/10/20 16:25:00",VPGS6,0
D,DISPATCH,UNIT_SCADA,1,"2022/10/20 16:25:00",W/HOE#1,0
D,DISPATCH,UNIT_SCADA,1,"2022/10/20 16:25:00",W/HOE#2,0
D,DISPATCH,UNIT_SCADA,1,"2022/10/20 16:25:00",WAGGNSF1,0
D,DISPATCH,UNIT_SCADA,1,"2022/10/20 16:25:00",WALGRVG1,0
D,DISPATCH,UNIT_SCADA,1,"2022/10/20 16:25:00",WALGRVL1,3.474680
D,DISPATCH,UNIT_SCADA,1,"2022/10/20 16:25:00",WANDBG1,0
D,DISPATCH,UNIT_SCADA,1,"2022/10/20 16:25:00",WANDBL1,0
D,DISPATCH,UNIT_SCADA,1,"2022/10/20 16:25:00",WARWSF1,3.50
D,DISPATCH,UNIT_SCADA,1,"2022/10/20 16:25:00",WARWSF2,3.49
D,DISPATCH,UNIT_SCADA,1,"2022/10/20 16:25:00",WATERLWF,0.60
D,DISPATCH,UNIT_SCADA,1,"2022/10/20 16:25:00",WDGPH1,16.1440
D,DISPATCH,UNIT_SCADA,1,"2022/10/20 16:25:00",WELLSF1,103.154040
D,DISPATCH,UNIT_SCADA,1,"2022/10/20 16:25:00",WEMENSF1,18.80
D,DISPATCH,UNIT_SCADA,1,"2022/10/20 16:25:00",WGWF1,1
D,DISPATCH,UNIT_SCADA,1,"2022/10/20 16:25:00",WHITSF1,46.90
D,DISPATCH,UNIT_SCADA,1,"2022/10/20 16:25:00",WINTSF1,23.76
D,DISPATCH,UNIT_SCADA,1,"2022/10/20 16:25:00",WKIEWA1,32
D,DISPATCH,UNIT_SCADA,1,"2022/10/20 16:25:00",WKIEWA2,14.10
D,DISPATCH,UNIT_SCADA,1,"2022/10/20 16:25:00",WOODLWN1,34.343780
D,DISPATCH,UNIT_SCADA,1,"2022/10/20 16:25:00",WOOLGSF1,6.371580
D,DISPATCH,UNIT_SCADA,1,"2022/10/20 16:25:00",WPWF,47.65
D,DISPATCH,UNIT_SCADA,1,"2022/10/20 16:25:00",WRSF1,2.600180
D,DISPATCH,UNIT_SCADA,1,"2022/10/20 16:25:00",WRWF1,22.431370
D,DISPATCH,UNIT_SCADA,1,"2022/10/20 16:25:00",WSTWYSF1,2.186750
D,DISPATCH,UNIT_SCADA,1,"2022/10/20 16:25:00",YABULU,0
D,DISPATCH,UNIT_SCADA,1,"2022/10/20 16:25:00",YABULU2,0
D,DISPATCH,UNIT_SCADA,1,"2022/10/20 16:25:00",YARANSF1,21.18
D,DISPATCH,UNIT_SCADA,1,"2022/10/20 16:25:00",YARWUN_1,159.899990
D,DISPATCH,UNIT_SCADA,1,"2022/10/20 16:25:00",YATSF1,63.65
D,DISPATCH,UNIT_SCADA,1,"2022/10/20 16:25:00",YENDWF1,33.39
D,DISPATCH,UNIT_SCADA,1,"2022/10/20 16:25:00",YWPS1,353.883540
D,DISPATCH,UNIT_SCADA,1,"2022/10/20 16:25:00",YWPS2,288.217710
D,DISPATCH,UNIT_SCADA,1,"2022/10/20 16:25:00",YWPS3,357.130370
D,DISPATCH,UNIT_SCADA,1,"2022/10/20 16:25:00",YWPS4,0
C,"END OF REPORT",419
