C,NEMP.WORLD,DISPATCHSCADA,AEMO,PUBLIC,2022/10/20,22:10:09,0000000373284020,DISPATCHSCADA,0000000373284014
I,DISPATCH,UNIT_SCADA,1,SETTLEMENTDATE,DUID,SCADAVALUE
D,DISPATCH,UNIT_SCADA,1,"2022/10/20 22:15:00",BARCSF1,0
D,DISPATCH,UNIT_SCADA,1,"2022/10/20 22:15:00",BUTLERSG,8.699999
D,DISPATCH,UNIT_SCADA,1,"2022/10/20 22:15:00",CAPTL_WF,100.661697
D,DISPATCH,UNIT_SCADA,1,"2022/10/20 22:15:00",CHALLHWF,10.20
D,DISPATCH,UNIT_SCADA,1,"2022/10/20 22:15:00",CLOVER,13.28
D,DISPATCH,UNIT_SCADA,1,"2022/10/20 22:15:00",CLUNY,5.672236
D,DISPATCH,UNIT_SCADA,1,"2022/10/20 22:15:00",CULLRGWF,-0.01
D,DISPATCH,UNIT_SCADA,1,"2022/10/20 22:15:00",DIAPURWF1,1.90
D,DISPATCH,UNIT_SCADA,1,"2022/10/20 22:15:00",ERGT01,0
D,DISPATCH,UNIT_SCADA,1,"2022/10/20 22:15:00",GB01,0
D,DISPATCH,UNIT_SCADA,1,"2022/10/20 22:15:00",GERMCRK,19
D,DISPATCH,UNIT_SCADA,1,"2022/10/20 22:15:00",GRIFSF1,0.001526
D,DISPATCH,UNIT_SCADA,1,"2022/10/20 22:15:00",HEZ1,0
D,DISPATCH,UNIT_SCADA,1,"2022/10/20 22:15:00",HUGSF1,-0.12
D,DISPATCH,UNIT_SCADA,1,"2022/10/20 22:15:00",KEPBG1,0
D,DISPATCH,UNIT_SCADA,1,"2022/10/20 22:15:00",LRSF1,-0.0310
D,DISPATCH,UNIT_SCADA,1,"2022/10/20 22:15:00",MBAHNTH,45.243744
D,DISPATCH,UNIT_SCADA,1,"2022/10/20 22:15:00",MLSP1,0
D,DISPATCH,UNIT_SCADA,1,"2022/10/20 22:15:00",MLWF1,1.08
D,DISPATCH,UNIT_SCADA,1,"2022/10/20 22:15:00",PALOONA,30.609999
D,DISPATCH,UNIT_SCADA,1,"2022/10/20 22:15:00",PIONEER,22.200001
D,DISPATCH,UNIT_SCADA,1,"2022/10/20 22:15:00",PORTWF,39.299999
D,DISPATCH,UNIT_SCADA,1,"2022/10/20 22:15:00",REPULSE,9.334249
D,DISPATCH,UNIT_SCADA,1,"2022/10/20 22:15:00",ROWALLAN,9.0312
D,DISPATCH,UNIT_SCADA,1,"2022/10/20 22:15:00",ROYALLA1,0
D,DISPATCH,UNIT_SCADA,1,"2022/10/20 22:15:00",RPCG,-0.50
D,DISPATCH,UNIT_SCADA,1,"2022/10/20 22:15:00",RUBICON,0
D,DISPATCH,UNIT_SCADA,1,"2022/10/20 22:15:00",WAUBRAWF,28.9510
D,DISPATCH,UNIT_SCADA,1,"2022/10/20 22:15:00",WOOLNTH1,79.209999
D,DISPATCH,UNIT_SCADA,1,"2022/10/20 22:15:00",YAMBUKWF,4.40
D,DISPATCH,UNIT_SCADA,1,"2022/10/20 22:15:00",YSWF1,0.10
D,DISPATCH,UNIT_SCADA,1,"2022/10/20 22:15:00",ADPBA1G,0.0080
D,DISPATCH,UNIT_SCADA,1,"2022/10/20 22:15:00",ADPBA1L,0
D,DISPATCH,UNIT_SCADA,1,"2022/10/20 22:15:00",ADPPV1,0
D,DISPATCH,UNIT_SCADA,1,"2022/10/20 22:15:00",AGLHAL,30.968670
D,DISPATCH,UNIT_SCADA,1,"2022/10/20 22:15:00",AGLSOM,0
D,DISPATCH,UNIT_SCADA,1,"2022/10/20 22:15:00",ANGAST1,0
D,DISPATCH,UNIT_SCADA,1,"2022/10/20 22:15:00",ARWF1,13.70
D,DISPATCH,UNIT_SCADA,1,"2022/10/20 22:15:00",BALBG1,3.61
D,DISPATCH,UNIT_SCADA,1,"2022/10/20 22:15:00",BALBL1,0
D,DISPATCH,UNIT_SCADA,1,"2022/10/20 22:15:00",BALDHWF1,104.9280
D,DISPATCH,UNIT_SCADA,1,"2022/10/20 22:15:00",BANGOWF1,87.196150
D,DISPATCH,UNIT_SCADA,1,"2022/10/20 22:15:00",BANGOWF2,58.797660
D,DISPATCH,UNIT_SCADA,1,"2022/10/20 22:15:00",BANN1,0
D,DISPATCH,UNIT_SCADA,1,"2022/10/20 22:15:00",BARCALDN,0
D,DISPATCH,UNIT_SCADA,1,"2022/10/20 22:15:00",BARKIPS1,19.68
D,DISPATCH,UNIT_SCADA,1,"2022/10/20 22:15:00",BARRON-1,0
D,DISPATCH,UNIT_SCADA,1,"2022/10/20 22:15:00",BARRON-2,0
D,DISPATCH,UNIT_SCADA,1,"2022/10/20 22:15:00",BASTYAN,0
D,DISPATCH,UNIT_SCADA,1,"2022/10/20 22:15:00",BBTHREE1,0
D,DISPATCH,UNIT_SCADA,1,"2022/10/20 22:15:00",BBTHREE2,0
D,DISPATCH,UNIT_SCADA,1,"2022/10/20 22:15:00",BBTHREE3,-1.06
D,DISPATCH,UNIT_SCADA,1,"2022/10/20 22:15:00",BDL01,0
D,DISPATCH,UNIT_SCADA,1,"2022/10/20 22:15:00",BDL02,0
D,DISPATCH,UNIT_SCADA,1,"2022/10/20 22:15:00",BERYLSF1,0
D,DISPATCH,UNIT_SCADA,1,"2022/10/20 22:15:00",BLOWERNG,62.50
D,DISPATCH,UNIT_SCADA,1,"2022/10/20 22:15:00",BLUEGSF1,0
D,DISPATCH,UNIT_SCADA,1,"2022/10/20 22:15:00",BLUFF1,10.90
D,DISPATCH,UNIT_SCADA,1,"2022/10/20 22:15:00",BNGSF1,0
D,DISPATCH,UNIT_SCADA,1,"2022/10/20 22:15:00",BNGSF2,0
D,DISPATCH,UNIT_SCADA,1,"2022/10/20 22:15:00",BOCORWF1,4.14
D,DISPATCH,UNIT_SCADA,1,"2022/10/20 22:15:00",BODWF1,107.430980
D,DISPATCH,UNIT_SCADA,1,"2022/10/20 22:15:00",BOMENSF1,0
D,DISPATCH,UNIT_SCADA,1,"2022/10/20 22:15:00",BOWWBA1G,0
D,DISPATCH,UNIT_SCADA,1,"2022/10/20 22:15:00",BOWWBA1L,0.0010
D,DISPATCH,UNIT_SCADA,1,"2022/10/20 22:15:00",BOWWPV1,0
D,DISPATCH,UNIT_SCADA,1,"2022/10/20 22:15:00",BRAEMAR1,0
D,DISPATCH,UNIT_SCADA,1,"2022/10/20 22:15:00",BRAEMAR2,0
D,DISPATCH,UNIT_SCADA,1,"2022/10/20 22:15:00",BRAEMAR3,0
D,DISPATCH,UNIT_SCADA,1,"2022/10/20 22:15:00",BRAEMAR5,56.870940
D,DISPATCH,UNIT_SCADA,1,"2022/10/20 22:15:00",BRAEMAR6,0
D,DISPATCH,UNIT_SCADA,1,"2022/10/20 22:15:00",BRAEMAR7,141.326340
D,DISPATCH,UNIT_SCADA,1,"2022/10/20 22:15:00",BROKENH1,0
D,DISPATCH,UNIT_SCADA,1,"2022/10/20 22:15:00",BRYB1WF1,89.3843
D,DISPATCH,UNIT_SCADA,1,"2022/10/20 22:15:00",BULBESG1,0
D,DISPATCH,UNIT_SCADA,1,"2022/10/20 22:15:00",BULBESL1,1.57
D,DISPATCH,UNIT_SCADA,1,"2022/10/20 22:15:00",BULGANA1,13.49
D,DISPATCH,UNIT_SCADA,1,"2022/10/20 22:15:00",BW01,659.250790
D,DISPATCH,UNIT_SCADA,1,"2022/10/20 22:15:00",BW02,638.9624
D,DISPATCH,UNIT_SCADA,1,"2022/10/20 22:15:00",BW03,491.743350
D,DISPATCH,UNIT_SCADA,1,"2022/10/20 22:15:00",BW04,0
D,DISPATCH,UNIT_SCADA,1,"2022/10/20 22:15:00",CALL_B_1,320.899990
D,DISPATCH,UNIT_SCADA,1,"2022/10/20 22:15:00",CALL_B_2,320.700010
D,DISPATCH,UNIT_SCADA,1,"2022/10/20 22:15:00",CATHROCK,4
D,DISPATCH,UNIT_SCADA,1,"2022/10/20 22:15:00",CBWWBA1G,0
D,DISPATCH,UNIT_SCADA,1,"2022/10/20 22:15:00",CBWWBA1L,0
D,DISPATCH,UNIT_SCADA,1,"2022/10/20 22:15:00",CETHANA,86.748370
D,DISPATCH,UNIT_SCADA,1,"2022/10/20 22:15:00",CG1,0
D,DISPATCH,UNIT_SCADA,1,"2022/10/20 22:15:00",CG2,0
D,DISPATCH,UNIT_SCADA,1,"2022/10/20 22:15:00",CG3,0
D,DISPATCH,UNIT_SCADA,1,"2022/10/20 22:15:00",CG4,0
D,DISPATCH,UNIT_SCADA,1,"2022/10/20 22:15:00",CHILDSF1,0
D,DISPATCH,UNIT_SCADA,1,"2022/10/20 22:15:00",CHYTWF1,3.25
D,DISPATCH,UNIT_SCADA,1,"2022/10/20 22:15:00",CLARESF1,0
D,DISPATCH,UNIT_SCADA,1,"2022/10/20 22:15:00",CLEMGPWF,0
D,DISPATCH,UNIT_SCADA,1,"2022/10/20 22:15:00",CLERMSF1,0
D,DISPATCH,UNIT_SCADA,1,"2022/10/20 22:15:00",CNUNDAWF,16.018690
D,DISPATCH,UNIT_SCADA,1,"2022/10/20 22:15:00",COHUNSF1,0
D,DISPATCH,UNIT_SCADA,1,"2022/10/20 22:15:00",COLEASF1,0
D,DISPATCH,UNIT_SCADA,1,"2022/10/20 22:15:00",COLUMSF1,0
D,DISPATCH,UNIT_SCADA,1,"2022/10/20 22:15:00",COLWF01,142.442980
D,DISPATCH,UNIT_SCADA,1,"2022/10/20 22:15:00",COOPGWF1,387.81
D,DISPATCH,UNIT_SCADA,1,"2022/10/20 22:15:00",CPP_3,381.149990
D,DISPATCH,UNIT_SCADA,1,"2022/10/20 22:15:00",CPP_4,0
D,DISPATCH,UNIT_SCADA,1,"2022/10/20 22:15:00",CPSA,0
D,DISPATCH,UNIT_SCADA,1,"2022/10/20 22:15:00",CROOKWF2,22.483860
D,DISPATCH,UNIT_SCADA,1,"2022/10/20 22:15:00",CROWLWF1,28.901380
D,DISPATCH,UNIT_SCADA,1,"2022/10/20 22:15:00",CRURWF1,72.7998
D,DISPATCH,UNIT_SCADA,1,"2022/10/20 22:15:00",CRWASF1,0
D,DISPATCH,UNIT_SCADA,1,"2022/10/20 22:15:00",CSPVPS1,0
D,DISPATCH,UNIT_SCADA,1,"2022/10/20 22:15:00",CTHLWF1,0.003050
D,DISPATCH,UNIT_SCADA,1,"2022/10/20 22:15:00",DALNTH01,0
D,DISPATCH,UNIT_SCADA,1,"2022/10/20 22:15:00",DALNTHL1,0.096130
D,DISPATCH,UNIT_SCADA,1,"2022/10/20 22:15:00",DARLSF1,0
D,DISPATCH,UNIT_SCADA,1,"2022/10/20 22:15:00",DARTM1,0
D,DISPATCH,UNIT_SCADA,1,"2022/10/20 22:15:00",DAYDSF1,0
D,DISPATCH,UNIT_SCADA,1,"2022/10/20 22:15:00",DDPS1,0
D,DISPATCH,UNIT_SCADA,1,"2022/10/20 22:15:00",DDSF1,0
D,DISPATCH,UNIT_SCADA,1,"2022/10/20 22:15:00",DEVILS_G,58.888520
D,DISPATCH,UNIT_SCADA,1,"2022/10/20 22:15:00",DG_NSW1,0
D,DISPATCH,UNIT_SCADA,1,"2022/10/20 22:15:00",DG_QLD1,0
D,DISPATCH,UNIT_SCADA,1,"2022/10/20 22:15:00",DG_SA1,0
D,DISPATCH,UNIT_SCADA,1,"2022/10/20 22:15:00",DG_TAS1,0
D,DISPATCH,UNIT_SCADA,1,"2022/10/20 22:15:00",DG_VIC1,0
D,DISPATCH,UNIT_SCADA,1,"2022/10/20 22:15:00",DRYCGT1,0
D,DISPATCH,UNIT_SCADA,1,"2022/10/20 22:15:00",DRYCGT2,0
D,DISPATCH,UNIT_SCADA,1,"2022/10/20 22:15:00",DRYCGT3,0
D,DISPATCH,UNIT_SCADA,1,"2022/10/20 22:15:00",DUNDWF1,97.40
D,DISPATCH,UNIT_SCADA,1,"2022/10/20 22:15:00",DUNDWF2,31.14
D,DISPATCH,UNIT_SCADA,1,"2022/10/20 22:15:00",DUNDWF3,90.63
D,DISPATCH,UNIT_SCADA,1,"2022/10/20 22:15:00",EILDON1,59.88
D,DISPATCH,UNIT_SCADA,1,"2022/10/20 22:15:00",EILDON2,59.92
D,DISPATCH,UNIT_SCADA,1,"2022/10/20 22:15:00",ELAINWF1,13.74
D,DISPATCH,UNIT_SCADA,1,"2022/10/20 22:15:00",EMERASF1,0
D,DISPATCH,UNIT_SCADA,1,"2022/10/20 22:15:00",ER01,0
D,DISPATCH,UNIT_SCADA,1,"2022/10/20 22:15:00",ER02,573.580510
D,DISPATCH,UNIT_SCADA,1,"2022/10/20 22:15:00",ER03,570.9682
D,DISPATCH,UNIT_SCADA,1,"2022/10/20 22:15:00",ER04,571.334410
D,DISPATCH,UNIT_SCADA,1,"2022/10/20 22:15:00",FINLYSF1,0
D,DISPATCH,UNIT_SCADA,1,"2022/10/20 22:15:00",FISHER,43.93
D,DISPATCH,UNIT_SCADA,1,"2022/10/20 22:15:00",GANGARR1,0
D,DISPATCH,UNIT_SCADA,1,"2022/10/20 22:15:00",GANNBG1,0
D,DISPATCH,UNIT_SCADA,1,"2022/10/20 22:15:00",GANNBL1,0.0074
D,DISPATCH,UNIT_SCADA,1,"2022/10/20 22:15:00",GANNSF1,0
D,DISPATCH,UNIT_SCADA,1,"2022/10/20 22:15:00",GLRWNSF1,0
D,DISPATCH,UNIT_SCADA,1,"2022/10/20 22:15:00",GNNDHSF1,0
D,DISPATCH,UNIT_SCADA,1,"2022/10/20 22:15:00",GOONSF1,0
D,DISPATCH,UNIT_SCADA,1,"2022/10/20 22:15:00",GORDON,226.6810
D,DISPATCH,UNIT_SCADA,1,"2022/10/20 22:15:00",GRANWF1,0
D,DISPATCH,UNIT_SCADA,1,"2022/10/20 22:15:00",GSTONE1,200.20
D,DISPATCH,UNIT_SCADA,1,"2022/10/20 22:15:00",GSTONE2,0
D,DISPATCH,UNIT_SCADA,1,"2022/10/20 22:15:00",GSTONE3,153.474990
D,DISPATCH,UNIT_SCADA,1,"2022/10/20 22:15:00",GSTONE4,0
D,DISPATCH,UNIT_SCADA,1,"2022/10/20 22:15:00",GSTONE5,200.724990
D,DISPATCH,UNIT_SCADA,1,"2022/10/20 22:15:00",GSTONE6,200.20
D,DISPATCH,UNIT_SCADA,1,"2022/10/20 22:15:00",GULLRSF1,0
D,DISPATCH,UNIT_SCADA,1,"2022/10/20 22:15:00",GULLRWF1,65.6240
D,DISPATCH,UNIT_SCADA,1,"2022/10/20 22:15:00",GULLRWF2,79.016840
D,DISPATCH,UNIT_SCADA,1,"2022/10/20 22:15:00",GUNNING1,0
D,DISPATCH,UNIT_SCADA,1,"2022/10/20 22:15:00",GUTHEGA,67.70
D,DISPATCH,UNIT_SCADA,1,"2022/10/20 22:15:00",HALLWF1,41.72
D,DISPATCH,UNIT_SCADA,1,"2022/10/20 22:15:00",HALLWF2,14.55
D,DISPATCH,UNIT_SCADA,1,"2022/10/20 22:15:00",HAMISF1,0
D,DISPATCH,UNIT_SCADA,1,"2022/10/20 22:15:00",HAUGHT11,0
D,DISPATCH,UNIT_SCADA,1,"2022/10/20 22:15:00",HAYMSF1,0
D,DISPATCH,UNIT_SCADA,1,"2022/10/20 22:15:00",HDWF1,27.10
D,DISPATCH,UNIT_SCADA,1,"2022/10/20 22:15:00",HDWF2,12.60
D,DISPATCH,UNIT_SCADA,1,"2022/10/20 22:15:00",HDWF3,21.40
D,DISPATCH,UNIT_SCADA,1,"2022/10/20 22:15:00",HILLSTN1,0
D,DISPATCH,UNIT_SCADA,1,"2022/10/20 22:15:00",HPRG1,2.10
D,DISPATCH,UNIT_SCADA,1,"2022/10/20 22:15:00",HPRL1,0
D,DISPATCH,UNIT_SCADA,1,"2022/10/20 22:15:00",HUMENSW,53.964570
D,DISPATCH,UNIT_SCADA,1,"2022/10/20 22:15:00",HUMEV,0
D,DISPATCH,UNIT_SCADA,1,"2022/10/20 22:15:00",HVWWBA1G,0
D,DISPATCH,UNIT_SCADA,1,"2022/10/20 22:15:00",HVWWBA1L,0.0060
D,DISPATCH,UNIT_SCADA,1,"2022/10/20 22:15:00",HVWWPV1,0
D,DISPATCH,UNIT_SCADA,1,"2022/10/20 22:15:00",JBUTTERS,0
D,DISPATCH,UNIT_SCADA,1,"2022/10/20 22:15:00",JEMALNG1,0
D,DISPATCH,UNIT_SCADA,1,"2022/10/20 22:15:00",JLA01,0
D,DISPATCH,UNIT_SCADA,1,"2022/10/20 22:15:00",JLA02,0
D,DISPATCH,UNIT_SCADA,1,"2022/10/20 22:15:00",JLA03,0
D,DISPATCH,UNIT_SCADA,1,"2022/10/20 22:15:00",JLA04,0
D,DISPATCH,UNIT_SCADA,1,"2022/10/20 22:15:00",JLB01,0
D,DISPATCH,UNIT_SCADA,1,"2022/10/20 22:15:00",JLB02,0.10
D,DISPATCH,UNIT_SCADA,1,"2022/10/20 22:15:00",JLB03,0
D,DISPATCH,UNIT_SCADA,1,"2022/10/20 22:15:00",JUNEESF1,0
D,DISPATCH,UNIT_SCADA,1,"2022/10/20 22:15:00",KABANWF1,0.7130
D,DISPATCH,UNIT_SCADA,1,"2022/10/20 22:15:00",KAREEYA1,0
D,DISPATCH,UNIT_SCADA,1,"2022/10/20 22:15:00",KAREEYA2,0
D,DISPATCH,UNIT_SCADA,1,"2022/10/20 22:15:00",KAREEYA3,5.0250
D,DISPATCH,UNIT_SCADA,1,"2022/10/20 22:15:00",KAREEYA4,0
D,DISPATCH,UNIT_SCADA,1,"2022/10/20 22:15:00",KARSF1,0
D,DISPATCH,UNIT_SCADA,1,"2022/10/20 22:15:00",KEPSF1,0
D,DISPATCH,UNIT_SCADA,1,"2022/10/20 22:15:00",KEPWF1,1.06
D,DISPATCH,UNIT_SCADA,1,"2022/10/20 22:15:00",KIAMSF1,0
D,DISPATCH,UNIT_SCADA,1,"2022/10/20 22:15:00",KIATAWF1,5
D,DISPATCH,UNIT_SCADA,1,"2022/10/20 22:15:00",KPP_1,0
D,DISPATCH,UNIT_SCADA,1,"2022/10/20 22:15:00",KSP1,0
D,DISPATCH,UNIT_SCADA,1,"2022/10/20 22:15:00",LADBROK1,0.01
D,DISPATCH,UNIT_SCADA,1,"2022/10/20 22:15:00",LADBROK2,0.02
D,DISPATCH,UNIT_SCADA,1,"2022/10/20 22:15:00",LBBG1,0
D,DISPATCH,UNIT_SCADA,1,"2022/10/20 22:15:00",LBBL1,0
D,DISPATCH,UNIT_SCADA,1,"2022/10/20 22:15:00",LD01,379.955440
D,DISPATCH,UNIT_SCADA,1,"2022/10/20 22:15:00",LD02,122.226630
D,DISPATCH,UNIT_SCADA,1,"2022/10/20 22:15:00",LD04,311.819820
D,DISPATCH,UNIT_SCADA,1,"2022/10/20 22:15:00",LEM_WIL,86.773690
D,DISPATCH,UNIT_SCADA,1,"2022/10/20 22:15:00",LGAPWF1,88.21
D,DISPATCH,UNIT_SCADA,1,"2022/10/20 22:15:00",LGAPWF2,59.50
D,DISPATCH,UNIT_SCADA,1,"2022/10/20 22:15:00",LILYSF1,0
D,DISPATCH,UNIT_SCADA,1,"2022/10/20 22:15:00",LIMOSF11,0
D,DISPATCH,UNIT_SCADA,1,"2022/10/20 22:15:00",LIMOSF21,0
D,DISPATCH,UNIT_SCADA,1,"2022/10/20 22:15:00",LI_WY_CA,56.493770
D,DISPATCH,UNIT_SCADA,1,"2022/10/20 22:15:00",LKBONNY1,18.397750
D,DISPATCH,UNIT_SCADA,1,"2022/10/20 22:15:00",LKBONNY2,57.486830
D,DISPATCH,UNIT_SCADA,1,"2022/10/20 22:15:00",LKBONNY3,15.797650
D,DISPATCH,UNIT_SCADA,1,"2022/10/20 22:15:00",LK_ECHO,0
D,DISPATCH,UNIT_SCADA,1,"2022/10/20 22:15:00",LNGS1,0
D,DISPATCH,UNIT_SCADA,1,"2022/10/20 22:15:00",LNGS2,0
D,DISPATCH,UNIT_SCADA,1,"2022/10/20 22:15:00",LONSDALE,0
D,DISPATCH,UNIT_SCADA,1,"2022/10/20 22:15:00",LOYYB1,580.450620
D,DISPATCH,UNIT_SCADA,1,"2022/10/20 22:15:00",LOYYB2,575.563290
D,DISPATCH,UNIT_SCADA,1,"2022/10/20 22:15:00",LYA1,562
D,DISPATCH,UNIT_SCADA,1,"2022/10/20 22:15:00",LYA2,0
D,DISPATCH,UNIT_SCADA,1,"2022/10/20 22:15:00",LYA3,562
D,DISPATCH,UNIT_SCADA,1,"2022/10/20 22:15:00",LYA4,562
D,DISPATCH,UNIT_SCADA,1,"2022/10/20 22:15:00",MACARTH1,107.397520
D,DISPATCH,UNIT_SCADA,1,"2022/10/20 22:15:00",MACKNTSH,0
D,DISPATCH,UNIT_SCADA,1,"2022/10/20 22:15:00",MANSLR1,0
D,DISPATCH,UNIT_SCADA,1,"2022/10/20 22:15:00",MAPS2PV1,0
D,DISPATCH,UNIT_SCADA,1,"2022/10/20 22:15:00",MAPS3PV1,0
D,DISPATCH,UNIT_SCADA,1,"2022/10/20 22:15:00",MARYRSF1,0
D,DISPATCH,UNIT_SCADA,1,"2022/10/20 22:15:00",MBPS2PV1,0
D,DISPATCH,UNIT_SCADA,1,"2022/10/20 22:15:00",MCKAY1,221.95
D,DISPATCH,UNIT_SCADA,1,"2022/10/20 22:15:00",MEADOWBK,5.973220
D,DISPATCH,UNIT_SCADA,1,"2022/10/20 22:15:00",MERCER01,28.80
D,DISPATCH,UNIT_SCADA,1,"2022/10/20 22:15:00",METZSF1,0
D,DISPATCH,UNIT_SCADA,1,"2022/10/20 22:15:00",MEWF1,10.601980
D,DISPATCH,UNIT_SCADA,1,"2022/10/20 22:15:00",MIDDLSF1,0
D,DISPATCH,UNIT_SCADA,1,"2022/10/20 22:15:00",MINTARO,0.128180
D,DISPATCH,UNIT_SCADA,1,"2022/10/20 22:15:00",MOLNGSF1,0
D,DISPATCH,UNIT_SCADA,1,"2022/10/20 22:15:00",MOORAWF1,0
D,DISPATCH,UNIT_SCADA,1,"2022/10/20 22:15:00",MOREESF1,0
D,DISPATCH,UNIT_SCADA,1,"2022/10/20 22:15:00",MORTLK11,0
D,DISPATCH,UNIT_SCADA,1,"2022/10/20 22:15:00",MORTLK12,0
D,DISPATCH,UNIT_SCADA,1,"2022/10/20 22:15:00",MOUSF1,0
D,DISPATCH,UNIT_SCADA,1,"2022/10/20 22:15:00",MP1,0
D,DISPATCH,UNIT_SCADA,1,"2022/10/20 22:15:00",MP2,352.458980
D,DISPATCH,UNIT_SCADA,1,"2022/10/20 22:15:00",MPP_1,200.2478
D,DISPATCH,UNIT_SCADA,1,"2022/10/20 22:15:00",MPP_2,179.235750
D,DISPATCH,UNIT_SCADA,1,"2022/10/20 22:15:00",MRTLSWF1,0
D,DISPATCH,UNIT_SCADA,1,"2022/10/20 22:15:00",MSTUART1,0
D,DISPATCH,UNIT_SCADA,1,"2022/10/20 22:15:00",MSTUART2,0
D,DISPATCH,UNIT_SCADA,1,"2022/10/20 22:15:00",MSTUART3,0
D,DISPATCH,UNIT_SCADA,1,"2022/10/20 22:15:00",MTGELWF1,46.015810
D,DISPATCH,UNIT_SCADA,1,"2022/10/20 22:15:00",MTMILLAR,26.40
D,DISPATCH,UNIT_SCADA,1,"2022/10/20 22:15:00",MURRAY,0
D,DISPATCH,UNIT_SCADA,1,"2022/10/20 22:15:00",MUSSELR1,18.40
D,DISPATCH,UNIT_SCADA,1,"2022/10/20 22:15:00",MUWAWF1,56.47
D,DISPATCH,UNIT_SCADA,1,"2022/10/20 22:15:00",MUWAWF2,63.30
D,DISPATCH,UNIT_SCADA,1,"2022/10/20 22:15:00",MWPS1PV1,0
D,DISPATCH,UNIT_SCADA,1,"2022/10/20 22:15:00",MWPS2PV1,0
D,DISPATCH,UNIT_SCADA,1,"2022/10/20 22:15:00",MWPS3PV1,0
D,DISPATCH,UNIT_SCADA,1,"2022/10/20 22:15:00",MWPS4PV1,0
D,DISPATCH,UNIT_SCADA,1,"2022/10/20 22:15:00",NBHWF1,65.40
D,DISPATCH,UNIT_SCADA,1,"2022/10/20 22:15:00",NEVERSF1,0
D,DISPATCH,UNIT_SCADA,1,"2022/10/20 22:15:00",NPS,0
D,DISPATCH,UNIT_SCADA,1,"2022/10/20 22:15:00",NUMURSF1,0
D,DISPATCH,UNIT_SCADA,1,"2022/10/20 22:15:00",NYNGAN1,0
D,DISPATCH,UNIT_SCADA,1,"2022/10/20 22:15:00",OAKEY1,0
D,DISPATCH,UNIT_SCADA,1,"2022/10/20 22:15:00",OAKEY1SF,0
D,DISPATCH,UNIT_SCADA,1,"2022/10/20 22:15:00",OAKEY2,0
D,DISPATCH,UNIT_SCADA,1,"2022/10/20 22:15:00",OAKEY2SF,0
D,DISPATCH,UNIT_SCADA,1,"2022/10/20 22:15:00",OAKLAND1,5.90
D,DISPATCH,UNIT_SCADA,1,"2022/10/20 22:15:00",OSB-AG,179.69
D,DISPATCH,UNIT_SCADA,1,"2022/10/20 22:15:00",PAREPS1,0
D,DISPATCH,UNIT_SCADA,1,"2022/10/20 22:15:00",PAREPW1,59.50
D,DISPATCH,UNIT_SCADA,1,"2022/10/20 22:15:00",PARSF1,0.001530
D,DISPATCH,UNIT_SCADA,1,"2022/10/20 22:15:00",POAT110,3.20
D,DISPATCH,UNIT_SCADA,1,"2022/10/20 22:15:00",POAT220,0
D,DISPATCH,UNIT_SCADA,1,"2022/10/20 22:15:00",POR01,0
D,DISPATCH,UNIT_SCADA,1,"2022/10/20 22:15:00",POR03,0
D,DISPATCH,UNIT_SCADA,1,"2022/10/20 22:15:00",PPCCGT,166.169980
D,DISPATCH,UNIT_SCADA,1,"2022/10/20 22:15:00",PTSTAN1,0
D,DISPATCH,UNIT_SCADA,1,"2022/10/20 22:15:00",PUMP1,0
D,DISPATCH,UNIT_SCADA,1,"2022/10/20 22:15:00",PUMP2,0
D,DISPATCH,UNIT_SCADA,1,"2022/10/20 22:15:00",QBYNBG1,0
D,DISPATCH,UNIT_SCADA,1,"2022/10/20 22:15:00",QBYNBL1,0.0215
D,DISPATCH,UNIT_SCADA,1,"2022/10/20 22:15:00",QPS1,0
D,DISPATCH,UNIT_SCADA,1,"2022/10/20 22:15:00",QPS2,0
D,DISPATCH,UNIT_SCADA,1,"2022/10/20 22:15:00",QPS3,0
D,DISPATCH,UNIT_SCADA,1,"2022/10/20 22:15:00",QPS4,0
D,DISPATCH,UNIT_SCADA,1,"2022/10/20 22:15:00",QPS5,0
D,DISPATCH,UNIT_SCADA,1,"2022/10/20 22:15:00",REECE1,0
D,DISPATCH,UNIT_SCADA,1,"2022/10/20 22:15:00",REECE2,0
D,DISPATCH,UNIT_SCADA,1,"2022/10/20 22:15:00",ROMA_7,0
D,DISPATCH,UNIT_SCADA,1,"2022/10/20 22:15:00",ROMA_8,0
D,DISPATCH,UNIT_SCADA,1,"2022/10/20 22:15:00",RRSF1,0
D,DISPATCH,UNIT_SCADA,1,"2022/10/20 22:15:00",RT_NSW1,0
D,DISPATCH,UNIT_SCADA,1,"2022/10/20 22:15:00",RT_NSW2,0
D,DISPATCH,UNIT_SCADA,1,"2022/10/20 22:15:00",RT_NSW3,0
D,DISPATCH,UNIT_SCADA,1,"2022/10/20 22:15:00",RT_NSW4,0
D,DISPATCH,UNIT_SCADA,1,"2022/10/20 22:15:00",RT_NSW5,0
D,DISPATCH,UNIT_SCADA,1,"2022/10/20 22:15:00",RT_NSW6,0
D,DISPATCH,UNIT_SCADA,1,"2022/10/20 22:15:00",RT_QLD1,0
D,DISPATCH,UNIT_SCADA,1,"2022/10/20 22:15:00",RT_SA1,0
D,DISPATCH,UNIT_SCADA,1,"2022/10/20 22:15:00",RT_SA2,0
D,DISPATCH,UNIT_SCADA,1,"2022/10/20 22:15:00",RT_SA3,0
D,DISPATCH,UNIT_SCADA,1,"2022/10/20 22:15:00",RT_SA4,0
D,DISPATCH,UNIT_SCADA,1,"2022/10/20 22:15:00",RT_SA5,0
D,DISPATCH,UNIT_SCADA,1,"2022/10/20 22:15:00",RT_SA6,0
D,DISPATCH,UNIT_SCADA,1,"2022/10/20 22:15:00",RT_TAS1,0
D,DISPATCH,UNIT_SCADA,1,"2022/10/20 22:15:00",RT_VIC1,0
D,DISPATCH,UNIT_SCADA,1,"2022/10/20 22:15:00",RT_VIC10,0
D,DISPATCH,UNIT_SCADA,1,"2022/10/20 22:15:00",RT_VIC11,0
D,DISPATCH,UNIT_SCADA,1,"2022/10/20 22:15:00",RT_VIC12,0
D,DISPATCH,UNIT_SCADA,1,"2022/10/20 22:15:00",RT_VIC2,0
D,DISPATCH,UNIT_SCADA,1,"2022/10/20 22:15:00",RT_VIC3,0
D,DISPATCH,UNIT_SCADA,1,"2022/10/20 22:15:00",RT_VIC4,0
D,DISPATCH,UNIT_SCADA,1,"2022/10/20 22:15:00",RT_VIC5,0
D,DISPATCH,UNIT_SCADA,1,"2022/10/20 22:15:00",RT_VIC6,0
D,DISPATCH,UNIT_SCADA,1,"2022/10/20 22:15:00",RT_VIC7,0
D,DISPATCH,UNIT_SCADA,1,"2022/10/20 22:15:00",RT_VIC8,0
D,DISPATCH,UNIT_SCADA,1,"2022/10/20 22:15:00",RT_VIC9,0
D,DISPATCH,UNIT_SCADA,1,"2022/10/20 22:15:00",RUGBYR1,0
D,DISPATCH,UNIT_SCADA,1,"2022/10/20 22:15:00",SALTCRK1,30.54
D,DISPATCH,UNIT_SCADA,1,"2022/10/20 22:15:00",SAPHWF1,243.089950
D,DISPATCH,UNIT_SCADA,1,"2022/10/20 22:15:00",SEBSF1,0
D,DISPATCH,UNIT_SCADA,1,"2022/10/20 22:15:00",SHGEN,0
D,DISPATCH,UNIT_SCADA,1,"2022/10/20 22:15:00",SHPUMP,0
D,DISPATCH,UNIT_SCADA,1,"2022/10/20 22:15:00",SITHE01,0.153860
D,DISPATCH,UNIT_SCADA,1,"2022/10/20 22:15:00",SMCSF1,0
D,DISPATCH,UNIT_SCADA,1,"2022/10/20 22:15:00",SNAPPER1,0
D,DISPATCH,UNIT_SCADA,1,"2022/10/20 22:15:00",SNOWNTH1,72
D,DISPATCH,UNIT_SCADA,1,"2022/10/20 22:15:00",SNOWSTH1,59
D,DISPATCH,UNIT_SCADA,1,"2022/10/20 22:15:00",SNOWTWN1,61.311210
D,DISPATCH,UNIT_SCADA,1,"2022/10/20 22:15:00",SNOWYP,0
D,DISPATCH,UNIT_SCADA,1,"2022/10/20 22:15:00",SNUG1,0
D,DISPATCH,UNIT_SCADA,1,"2022/10/20 22:15:00",SRSF1,0
D,DISPATCH,UNIT_SCADA,1,"2022/10/20 22:15:00",STAN-1,280.107390
D,DISPATCH,UNIT_SCADA,1,"2022/10/20 22:15:00",STAN-2,364.307530
D,DISPATCH,UNIT_SCADA,1,"2022/10/20 22:15:00",STAN-3,365.602110
D,DISPATCH,UNIT_SCADA,1,"2022/10/20 22:15:00",STAN-4,363.564090
D,DISPATCH,UNIT_SCADA,1,"2022/10/20 22:15:00",STARHLWF,22.793350
D,DISPATCH,UNIT_SCADA,1,"2022/10/20 22:15:00",STOCKYD1,167.070010
D,DISPATCH,UNIT_SCADA,1,"2022/10/20 22:15:00",STWF1,26.340120
D,DISPATCH,UNIT_SCADA,1,"2022/10/20 22:15:00",SUNRSF1,0
D,DISPATCH,UNIT_SCADA,1,"2022/10/20 22:15:00",SUNTPSF1,0
D,DISPATCH,UNIT_SCADA,1,"2022/10/20 22:15:00",SWAN_E,293.896880
D,DISPATCH,UNIT_SCADA,1,"2022/10/20 22:15:00",TALWA1,0
D,DISPATCH,UNIT_SCADA,1,"2022/10/20 22:15:00",TARALGA1,0
D,DISPATCH,UNIT_SCADA,1,"2022/10/20 22:15:00",TARONG#1,350.700010
D,DISPATCH,UNIT_SCADA,1,"2022/10/20 22:15:00",TARONG#2,350.399990
D,DISPATCH,UNIT_SCADA,1,"2022/10/20 22:15:00",TARONG#3,0.90
D,DISPATCH,UNIT_SCADA,1,"2022/10/20 22:15:00",TARONG#4,256.899990
D,DISPATCH,UNIT_SCADA,1,"2022/10/20 22:15:00",TARRALEA,54
D,DISPATCH,UNIT_SCADA,1,"2022/10/20 22:15:00",TBSF1,0
D,DISPATCH,UNIT_SCADA,1,"2022/10/20 22:15:00",TNPS1,386.687530
D,DISPATCH,UNIT_SCADA,1,"2022/10/20 22:15:00",TORRB1,0
D,DISPATCH,UNIT_SCADA,1,"2022/10/20 22:15:00",TORRB2,62
D,DISPATCH,UNIT_SCADA,1,"2022/10/20 22:15:00",TORRB3,0
D,DISPATCH,UNIT_SCADA,1,"2022/10/20 22:15:00",TORRB4,0
D,DISPATCH,UNIT_SCADA,1,"2022/10/20 22:15:00",TREVALLN,98.240630
D,DISPATCH,UNIT_SCADA,1,"2022/10/20 22:15:00",TRIBUTE,0
D,DISPATCH,UNIT_SCADA,1,"2022/10/20 22:15:00",TUMUT3,112.23
D,DISPATCH,UNIT_SCADA,1,"2022/10/20 22:15:00",TUNGATIN,4.200020
D,DISPATCH,UNIT_SCADA,1,"2022/10/20 22:15:00",TVCC201,0
D,DISPATCH,UNIT_SCADA,1,"2022/10/20 22:15:00",TVPP104,0
D,DISPATCH,UNIT_SCADA,1,"2022/10/20 22:15:00",UPPTUMUT,0
D,DISPATCH,UNIT_SCADA,1,"2022/10/20 22:15:00",URANQ11,0
D,DISPATCH,UNIT_SCADA,1,"2022/10/20 22:15:00",URANQ12,0
D,DISPATCH,UNIT_SCADA,1,"2022/10/20 22:15:00",URANQ13,0
D,DISPATCH,UNIT_SCADA,1,"2022/10/20 22:15:00",URANQ14,0
D,DISPATCH,UNIT_SCADA,1,"2022/10/20 22:15:00",VBBG1,11.50
D,DISPATCH,UNIT_SCADA,1,"2022/10/20 22:15:00",VBBL1,0
D,DISPATCH,UNIT_SCADA,1,"2022/10/20 22:15:00",VP5,562.590390
D,DISPATCH,UNIT_SCADA,1,"2022/10/20 22:15:00",VP6,575.212890
D,DISPATCH,UNIT_SCADA,1,"2022/10/20 22:15:00",VPGS1,0
D,DISPATCH,UNIT_SCADA,1,"2022/10/20 22:15:00",VPGS2,0
D,DISPATCH,UNIT_SCADA,1,"2022/10/20 22:15:00",VPGS3,0
D,DISPATCH,UNIT_SCADA,1,"2022/10/20 22:15:00",VPGS4,0
D,DISPATCH,UNIT_SCADA,1,"2022/10/20 22:15:00",VPGS5,0
D,DISPATCH,UNIT_SCADA,1,"2022/10/20 22:15:00",VPGS6,0
D,DISPATCH,UNIT_SCADA,1,"2022/10/20 22:15:00",W/HOE#1,0
D,DISPATCH,UNIT_SCADA,1,"2022/10/20 22:15:00",W/HOE#2,0
D,DISPATCH,UNIT_SCADA,1,"2022/10/20 22:15:00",WAGGNSF1,0
D,DISPATCH,UNIT_SCADA,1,"2022/10/20 22:15:00",WALGRVG1,0.000930
D,DISPATCH,UNIT_SCADA,1,"2022/10/20 22:15:00",WALGRVL1,0
D,DISPATCH,UNIT_SCADA,1,"2022/10/20 22:15:00",WANDBG1,0
D,DISPATCH,UNIT_SCADA,1,"2022/10/20 22:15:00",WANDBL1,0
D,DISPATCH,UNIT_SCADA,1,"2022/10/20 22:15:00",WARWSF1,0
D,DISPATCH,UNIT_SCADA,1,"2022/10/20 22:15:00",WARWSF2,0
D,DISPATCH,UNIT_SCADA,1,"2022/10/20 22:15:00",WATERLWF,30.90
D,DISPATCH,UNIT_SCADA,1,"2022/10/20 22:15:00",WDGPH1,0
D,DISPATCH,UNIT_SCADA,1,"2022/10/20 22:15:00",WELLSF1,0
D,DISPATCH,UNIT_SCADA,1,"2022/10/20 22:15:00",WEMENSF1,0
D,DISPATCH,UNIT_SCADA,1,"2022/10/20 22:15:00",WGWF1,12.40
D,DISPATCH,UNIT_SCADA,1,"2022/10/20 22:15:00",WHITSF1,0
D,DISPATCH,UNIT_SCADA,1,"2022/10/20 22:15:00",WINTSF1,0
D,DISPATCH,UNIT_SCADA,1,"2022/10/20 22:15:00",WKIEWA1,34
D,DISPATCH,UNIT_SCADA,1,"2022/10/20 22:15:00",WKIEWA2,34.20
D,DISPATCH,UNIT_SCADA,1,"2022/10/20 22:15:00",WOODLWN1,38.5626
D,DISPATCH,UNIT_SCADA,1,"2022/10/20 22:15:00",WOOLGSF1,0
D,DISPATCH,UNIT_SCADA,1,"2022/10/20 22:15:00",WPWF,57.37
D,DISPATCH,UNIT_SCADA,1,"2022/10/20 22:15:00",WRSF1,0
D,DISPATCH,UNIT_SCADA,1,"2022/10/20 22:15:00",WRWF1,116.713810
D,DISPATCH,UNIT_SCADA,1,"2022/10/20 22:15:00",WSTWYSF1,0
D,DISPATCH,UNIT_SCADA,1,"2022/10/20 22:15:00",YABULU,0
D,DISPATCH,UNIT_SCADA,1,"2022/10/20 22:15:00",YABULU2,0
D,DISPATCH,UNIT_SCADA,1,"2022/10/20 22:15:00",YARANSF1,0
D,DISPATCH,UNIT_SCADA,1,"2022/10/20 22:15:00",YARWUN_1,163.489990
D,DISPATCH,UNIT_SCADA,1,"2022/10/20 22:15:00",YATSF1,0
D,DISPATCH,UNIT_SCADA,1,"2022/10/20 22:15:00",YENDWF1,5.98
D,DISPATCH,UNIT_SCADA,1,"2022/10/20 22:15:00",YWPS1,307.265810
D,DISPATCH,UNIT_SCADA,1,"2022/10/20 22:15:00",YWPS2,360.650630
D,DISPATCH,UNIT_SCADA,1,"2022/10/20 22:15:00",YWPS3,358.541780
D,DISPATCH,UNIT_SCADA,1,"2022/10/20 22:15:00",YWPS4,0
C,"END OF REPORT",419
