C,NEMP.WORLD,DISPATCHSCADA,AEMO,PUBLIC,2022/10/20,20:15:10,0000000373278560,DISPATCHSCADA,0000000373278554
I,DISPATCH,UNIT_SCADA,1,SETTLEMENTDATE,DUID,SCADAVALUE
D,DISPATCH,UNIT_SCADA,1,"2022/10/20 20:20:00",BARCSF1,0.10
D,DISPATCH,UNIT_SCADA,1,"2022/10/20 20:20:00",BUTLERSG,8.699999
D,DISPATCH,UNIT_SCADA,1,"2022/10/20 20:20:00",CAPTL_WF,108.196960
D,DISPATCH,UNIT_SCADA,1,"2022/10/20 20:20:00",CHALLHWF,10.40
D,DISPATCH,UNIT_SCADA,1,"2022/10/20 20:20:00",CLOVER,13.20
D,DISPATCH,UNIT_SCADA,1,"2022/10/20 20:20:00",CLUNY,6.424811
D,DISPATCH,UNIT_SCADA,1,"2022/10/20 20:20:00",CULLRGWF,-0.05
D,DISPATCH,UNIT_SCADA,1,"2022/10/20 20:20:00",DIAPURWF1,0.30
D,DISPATCH,UNIT_SCADA,1,"2022/10/20 20:20:00",ERGT01,0
D,DISPATCH,UNIT_SCADA,1,"2022/10/20 20:20:00",GB01,0
D,DISPATCH,UNIT_SCADA,1,"2022/10/20 20:20:00",GERMCRK,22.10
D,DISPATCH,UNIT_SCADA,1,"2022/10/20 20:20:00",GRIFSF1,0.001526
D,DISPATCH,UNIT_SCADA,1,"2022/10/20 20:20:00",HEZ1,0
D,DISPATCH,UNIT_SCADA,1,"2022/10/20 20:20:00",HUGSF1,-0.0420
D,DISPATCH,UNIT_SCADA,1,"2022/10/20 20:20:00",KEPBG1,0
D,DISPATCH,UNIT_SCADA,1,"2022/10/20 20:20:00",LRSF1,0.0110
D,DISPATCH,UNIT_SCADA,1,"2022/10/20 20:20:00",MBAHNTH,44.943756
D,DISPATCH,UNIT_SCADA,1,"2022/10/20 20:20:00",MLSP1,0
D,DISPATCH,UNIT_SCADA,1,"2022/10/20 20:20:00",MLWF1,5.91
D,DISPATCH,UNIT_SCADA,1,"2022/10/20 20:20:00",PALOONA,30.699999
D,DISPATCH,UNIT_SCADA,1,"2022/10/20 20:20:00",PIONEER,25.10
D,DISPATCH,UNIT_SCADA,1,"2022/10/20 20:20:00",PORTWF,44.400002
D,DISPATCH,UNIT_SCADA,1,"2022/10/20 20:20:00",REPULSE,9.600367
D,DISPATCH,UNIT_SCADA,1,"2022/10/20 20:20:00",ROWALLAN,8.9602
D,DISPATCH,UNIT_SCADA,1,"2022/10/20 20:20:00",ROYALLA1,0
D,DISPATCH,UNIT_SCADA,1,"2022/10/20 20:20:00",RPCG,-0.50
D,DISPATCH,UNIT_SCADA,1,"2022/10/20 20:20:00",RUBICON,0
D,DISPATCH,UNIT_SCADA,1,"2022/10/20 20:20:00",WAUBRAWF,61.084999
D,DISPATCH,UNIT_SCADA,1,"2022/10/20 20:20:00",WOOLNTH1,72.150002
D,DISPATCH,UNIT_SCADA,1,"2022/10/20 20:20:00",YAMBUKWF,6.30
D,DISPATCH,UNIT_SCADA,1,"2022/10/20 20:20:00",YSWF1,1.70
D,DISPATCH,UNIT_SCADA,1,"2022/10/20 20:20:00",ADPBA1G,0.0080
D,DISPATCH,UNIT_SCADA,1,"2022/10/20 20:20:00",ADPBA1L,0
D,DISPATCH,UNIT_SCADA,1,"2022/10/20 20:20:00",ADPPV1,0
D,DISPATCH,UNIT_SCADA,1,"2022/10/20 20:20:00",AGLHAL,30.9763
D,DISPATCH,UNIT_SCADA,1,"2022/10/20 20:20:00",AGLSOM,0
D,DISPATCH,UNIT_SCADA,1,"2022/10/20 20:20:00",ANGAST1,0
D,DISPATCH,UNIT_SCADA,1,"2022/10/20 20:20:00",ARWF1,4.40
D,DISPATCH,UNIT_SCADA,1,"2022/10/20 20:20:00",BALBG1,0
D,DISPATCH,UNIT_SCADA,1,"2022/10/20 20:20:00",BALBL1,0
D,DISPATCH,UNIT_SCADA,1,"2022/10/20 20:20:00",BALDHWF1,103.6840
D,DISPATCH,UNIT_SCADA,1,"2022/10/20 20:20:00",BANGOWF1,82.298620
D,DISPATCH,UNIT_SCADA,1,"2022/10/20 20:20:00",BANGOWF2,65.298320
D,DISPATCH,UNIT_SCADA,1,"2022/10/20 20:20:00",BANN1,0
D,DISPATCH,UNIT_SCADA,1,"2022/10/20 20:20:00",BARCALDN,0
D,DISPATCH,UNIT_SCADA,1,"2022/10/20 20:20:00",BARKIPS1,190.95
D,DISPATCH,UNIT_SCADA,1,"2022/10/20 20:20:00",BARRON-1,0
D,DISPATCH,UNIT_SCADA,1,"2022/10/20 20:20:00",BARRON-2,0
D,DISPATCH,UNIT_SCADA,1,"2022/10/20 20:20:00",BASTYAN,68.94
D,DISPATCH,UNIT_SCADA,1,"2022/10/20 20:20:00",BBTHREE1,0
D,DISPATCH,UNIT_SCADA,1,"2022/10/20 20:20:00",BBTHREE2,0
D,DISPATCH,UNIT_SCADA,1,"2022/10/20 20:20:00",BBTHREE3,-1.06
D,DISPATCH,UNIT_SCADA,1,"2022/10/20 20:20:00",BDL01,0
D,DISPATCH,UNIT_SCADA,1,"2022/10/20 20:20:00",BDL02,0
D,DISPATCH,UNIT_SCADA,1,"2022/10/20 20:20:00",BERYLSF1,0
D,DISPATCH,UNIT_SCADA,1,"2022/10/20 20:20:00",BLOWERNG,62.60
D,DISPATCH,UNIT_SCADA,1,"2022/10/20 20:20:00",BLUEGSF1,0
D,DISPATCH,UNIT_SCADA,1,"2022/10/20 20:20:00",BLUFF1,1.60
D,DISPATCH,UNIT_SCADA,1,"2022/10/20 20:20:00",BNGSF1,0
D,DISPATCH,UNIT_SCADA,1,"2022/10/20 20:20:00",BNGSF2,0
D,DISPATCH,UNIT_SCADA,1,"2022/10/20 20:20:00",BOCORWF1,25.59
D,DISPATCH,UNIT_SCADA,1,"2022/10/20 20:20:00",BODWF1,111.129710
D,DISPATCH,UNIT_SCADA,1,"2022/10/20 20:20:00",BOMENSF1,0
D,DISPATCH,UNIT_SCADA,1,"2022/10/20 20:20:00",BOWWBA1G,0
D,DISPATCH,UNIT_SCADA,1,"2022/10/20 20:20:00",BOWWBA1L,0.0010
D,DISPATCH,UNIT_SCADA,1,"2022/10/20 20:20:00",BOWWPV1,0
D,DISPATCH,UNIT_SCADA,1,"2022/10/20 20:20:00",BRAEMAR1,0
D,DISPATCH,UNIT_SCADA,1,"2022/10/20 20:20:00",BRAEMAR2,0
D,DISPATCH,UNIT_SCADA,1,"2022/10/20 20:20:00",BRAEMAR3,0
D,DISPATCH,UNIT_SCADA,1,"2022/10/20 20:20:00",BRAEMAR5,142.756420
D,DISPATCH,UNIT_SCADA,1,"2022/10/20 20:20:00",BRAEMAR6,0
D,DISPATCH,UNIT_SCADA,1,"2022/10/20 20:20:00",BRAEMAR7,138.858950
D,DISPATCH,UNIT_SCADA,1,"2022/10/20 20:20:00",BROKENH1,0
D,DISPATCH,UNIT_SCADA,1,"2022/10/20 20:20:00",BRYB1WF1,101.554890
D,DISPATCH,UNIT_SCADA,1,"2022/10/20 20:20:00",BULBESG1,0
D,DISPATCH,UNIT_SCADA,1,"2022/10/20 20:20:00",BULBESL1,0.03
D,DISPATCH,UNIT_SCADA,1,"2022/10/20 20:20:00",BULGANA1,42.35
D,DISPATCH,UNIT_SCADA,1,"2022/10/20 20:20:00",BW01,655.564210
D,DISPATCH,UNIT_SCADA,1,"2022/10/20 20:20:00",BW02,637.521910
D,DISPATCH,UNIT_SCADA,1,"2022/10/20 20:20:00",BW03,610.128970
D,DISPATCH,UNIT_SCADA,1,"2022/10/20 20:20:00",BW04,0
D,DISPATCH,UNIT_SCADA,1,"2022/10/20 20:20:00",CALL_B_1,317.899990
D,DISPATCH,UNIT_SCADA,1,"2022/10/20 20:20:00",CALL_B_2,318.700010
D,DISPATCH,UNIT_SCADA,1,"2022/10/20 20:20:00",CATHROCK,2.70
D,DISPATCH,UNIT_SCADA,1,"2022/10/20 20:20:00",CBWWBA1G,0
D,DISPATCH,UNIT_SCADA,1,"2022/10/20 20:20:00",CBWWBA1L,0
D,DISPATCH,UNIT_SCADA,1,"2022/10/20 20:20:00",CETHANA,97.525880
D,DISPATCH,UNIT_SCADA,1,"2022/10/20 20:20:00",CG1,0
D,DISPATCH,UNIT_SCADA,1,"2022/10/20 20:20:00",CG2,0
D,DISPATCH,UNIT_SCADA,1,"2022/10/20 20:20:00",CG3,0
D,DISPATCH,UNIT_SCADA,1,"2022/10/20 20:20:00",CG4,0
D,DISPATCH,UNIT_SCADA,1,"2022/10/20 20:20:00",CHILDSF1,0
D,DISPATCH,UNIT_SCADA,1,"2022/10/20 20:20:00",CHYTWF1,2.29
D,DISPATCH,UNIT_SCADA,1,"2022/10/20 20:20:00",CLARESF1,0
D,DISPATCH,UNIT_SCADA,1,"2022/10/20 20:20:00",CLEMGPWF,0
D,DISPATCH,UNIT_SCADA,1,"2022/10/20 20:20:00",CLERMSF1,0
D,DISPATCH,UNIT_SCADA,1,"2022/10/20 20:20:00",CNUNDAWF,14.617050
D,DISPATCH,UNIT_SCADA,1,"2022/10/20 20:20:00",COHUNSF1,0
D,DISPATCH,UNIT_SCADA,1,"2022/10/20 20:20:00",COLEASF1,0
D,DISPATCH,UNIT_SCADA,1,"2022/10/20 20:20:00",COLUMSF1,0
D,DISPATCH,UNIT_SCADA,1,"2022/10/20 20:20:00",COLWF01,114.5388
D,DISPATCH,UNIT_SCADA,1,"2022/10/20 20:20:00",COOPGWF1,396.50
D,DISPATCH,UNIT_SCADA,1,"2022/10/20 20:20:00",CPP_3,376.475010
D,DISPATCH,UNIT_SCADA,1,"2022/10/20 20:20:00",CPP_4,0
D,DISPATCH,UNIT_SCADA,1,"2022/10/20 20:20:00",CPSA,0
D,DISPATCH,UNIT_SCADA,1,"2022/10/20 20:20:00",CROOKWF2,34.664220
D,DISPATCH,UNIT_SCADA,1,"2022/10/20 20:20:00",CROWLWF1,29.633540
D,DISPATCH,UNIT_SCADA,1,"2022/10/20 20:20:00",CRURWF1,90.097580
D,DISPATCH,UNIT_SCADA,1,"2022/10/20 20:20:00",CRWASF1,0
D,DISPATCH,UNIT_SCADA,1,"2022/10/20 20:20:00",CSPVPS1,0
D,DISPATCH,UNIT_SCADA,1,"2022/10/20 20:20:00",CTHLWF1,0.003050
D,DISPATCH,UNIT_SCADA,1,"2022/10/20 20:20:00",DALNTH01,0.038150
D,DISPATCH,UNIT_SCADA,1,"2022/10/20 20:20:00",DALNTHL1,0
D,DISPATCH,UNIT_SCADA,1,"2022/10/20 20:20:00",DARLSF1,0
D,DISPATCH,UNIT_SCADA,1,"2022/10/20 20:20:00",DARTM1,0
D,DISPATCH,UNIT_SCADA,1,"2022/10/20 20:20:00",DAYDSF1,0
D,DISPATCH,UNIT_SCADA,1,"2022/10/20 20:20:00",DDPS1,0
D,DISPATCH,UNIT_SCADA,1,"2022/10/20 20:20:00",DDSF1,0
D,DISPATCH,UNIT_SCADA,1,"2022/10/20 20:20:00",DEVILS_G,57.706840
D,DISPATCH,UNIT_SCADA,1,"2022/10/20 20:20:00",DG_NSW1,0
D,DISPATCH,UNIT_SCADA,1,"2022/10/20 20:20:00",DG_QLD1,0
D,DISPATCH,UNIT_SCADA,1,"2022/10/20 20:20:00",DG_SA1,0
D,DISPATCH,UNIT_SCADA,1,"2022/10/20 20:20:00",DG_TAS1,0
D,DISPATCH,UNIT_SCADA,1,"2022/10/20 20:20:00",DG_VIC1,0
D,DISPATCH,UNIT_SCADA,1,"2022/10/20 20:20:00",DRYCGT1,0
D,DISPATCH,UNIT_SCADA,1,"2022/10/20 20:20:00",DRYCGT2,0
D,DISPATCH,UNIT_SCADA,1,"2022/10/20 20:20:00",DRYCGT3,0
D,DISPATCH,UNIT_SCADA,1,"2022/10/20 20:20:00",DUNDWF1,88.78
D,DISPATCH,UNIT_SCADA,1,"2022/10/20 20:20:00",DUNDWF2,23.20
D,DISPATCH,UNIT_SCADA,1,"2022/10/20 20:20:00",DUNDWF3,84.22
D,DISPATCH,UNIT_SCADA,1,"2022/10/20 20:20:00",EILDON1,60
D,DISPATCH,UNIT_SCADA,1,"2022/10/20 20:20:00",EILDON2,60.20
D,DISPATCH,UNIT_SCADA,1,"2022/10/20 20:20:00",ELAINWF1,9.48
D,DISPATCH,UNIT_SCADA,1,"2022/10/20 20:20:00",EMERASF1,0
D,DISPATCH,UNIT_SCADA,1,"2022/10/20 20:20:00",ER01,0
D,DISPATCH,UNIT_SCADA,1,"2022/10/20 20:20:00",ER02,670.847660
D,DISPATCH,UNIT_SCADA,1,"2022/10/20 20:20:00",ER03,639.084470
D,DISPATCH,UNIT_SCADA,1,"2022/10/20 20:20:00",ER04,690.428040
D,DISPATCH,UNIT_SCADA,1,"2022/10/20 20:20:00",FINLYSF1,0
D,DISPATCH,UNIT_SCADA,1,"2022/10/20 20:20:00",FISHER,43.99
D,DISPATCH,UNIT_SCADA,1,"2022/10/20 20:20:00",GANGARR1,0
D,DISPATCH,UNIT_SCADA,1,"2022/10/20 20:20:00",GANNBG1,0
D,DISPATCH,UNIT_SCADA,1,"2022/10/20 20:20:00",GANNBL1,0.789830
D,DISPATCH,UNIT_SCADA,1,"2022/10/20 20:20:00",GANNSF1,0
D,DISPATCH,UNIT_SCADA,1,"2022/10/20 20:20:00",GLRWNSF1,0
D,DISPATCH,UNIT_SCADA,1,"2022/10/20 20:20:00",GNNDHSF1,0
D,DISPATCH,UNIT_SCADA,1,"2022/10/20 20:20:00",GOONSF1,0
D,DISPATCH,UNIT_SCADA,1,"2022/10/20 20:20:00",GORDON,272.382660
D,DISPATCH,UNIT_SCADA,1,"2022/10/20 20:20:00",GRANWF1,0
D,DISPATCH,UNIT_SCADA,1,"2022/10/20 20:20:00",GSTONE1,215.4250
D,DISPATCH,UNIT_SCADA,1,"2022/10/20 20:20:00",GSTONE2,0
D,DISPATCH,UNIT_SCADA,1,"2022/10/20 20:20:00",GSTONE3,210
D,DISPATCH,UNIT_SCADA,1,"2022/10/20 20:20:00",GSTONE4,0
D,DISPATCH,UNIT_SCADA,1,"2022/10/20 20:20:00",GSTONE5,219.6250
D,DISPATCH,UNIT_SCADA,1,"2022/10/20 20:20:00",GSTONE6,219.6250
D,DISPATCH,UNIT_SCADA,1,"2022/10/20 20:20:00",GULLRSF1,0
D,DISPATCH,UNIT_SCADA,1,"2022/10/20 20:20:00",GULLRWF1,62.014060
D,DISPATCH,UNIT_SCADA,1,"2022/10/20 20:20:00",GULLRWF2,93.673790
D,DISPATCH,UNIT_SCADA,1,"2022/10/20 20:20:00",GUNNING1,0
D,DISPATCH,UNIT_SCADA,1,"2022/10/20 20:20:00",GUTHEGA,67.20
D,DISPATCH,UNIT_SCADA,1,"2022/10/20 20:20:00",HALLWF1,5.07
D,DISPATCH,UNIT_SCADA,1,"2022/10/20 20:20:00",HALLWF2,8.67
D,DISPATCH,UNIT_SCADA,1,"2022/10/20 20:20:00",HAMISF1,0
D,DISPATCH,UNIT_SCADA,1,"2022/10/20 20:20:00",HAUGHT11,0
D,DISPATCH,UNIT_SCADA,1,"2022/10/20 20:20:00",HAYMSF1,0
D,DISPATCH,UNIT_SCADA,1,"2022/10/20 20:20:00",HDWF1,18.10
D,DISPATCH,UNIT_SCADA,1,"2022/10/20 20:20:00",HDWF2,21
D,DISPATCH,UNIT_SCADA,1,"2022/10/20 20:20:00",HDWF3,20.30
D,DISPATCH,UNIT_SCADA,1,"2022/10/20 20:20:00",HILLSTN1,0
D,DISPATCH,UNIT_SCADA,1,"2022/10/20 20:20:00",HPRG1,0
D,DISPATCH,UNIT_SCADA,1,"2022/10/20 20:20:00",HPRL1,5.20
D,DISPATCH,UNIT_SCADA,1,"2022/10/20 20:20:00",HUMENSW,55.222740
D,DISPATCH,UNIT_SCADA,1,"2022/10/20 20:20:00",HUMEV,0
D,DISPATCH,UNIT_SCADA,1,"2022/10/20 20:20:00",HVWWBA1G,0
D,DISPATCH,UNIT_SCADA,1,"2022/10/20 20:20:00",HVWWBA1L,0.0070
D,DISPATCH,UNIT_SCADA,1,"2022/10/20 20:20:00",HVWWPV1,0
D,DISPATCH,UNIT_SCADA,1,"2022/10/20 20:20:00",JBUTTERS,18.713950
D,DISPATCH,UNIT_SCADA,1,"2022/10/20 20:20:00",JEMALNG1,0
D,DISPATCH,UNIT_SCADA,1,"2022/10/20 20:20:00",JLA01,0
D,DISPATCH,UNIT_SCADA,1,"2022/10/20 20:20:00",JLA02,0
D,DISPATCH,UNIT_SCADA,1,"2022/10/20 20:20:00",JLA03,0
D,DISPATCH,UNIT_SCADA,1,"2022/10/20 20:20:00",JLA04,0
D,DISPATCH,UNIT_SCADA,1,"2022/10/20 20:20:00",JLB01,0
D,DISPATCH,UNIT_SCADA,1,"2022/10/20 20:20:00",JLB02,0.10
D,DISPATCH,UNIT_SCADA,1,"2022/10/20 20:20:00",JLB03,0
D,DISPATCH,UNIT_SCADA,1,"2022/10/20 20:20:00",JUNEESF1,0
D,DISPATCH,UNIT_SCADA,1,"2022/10/20 20:20:00",KABANWF1,0
D,DISPATCH,UNIT_SCADA,1,"2022/10/20 20:20:00",KAREEYA1,0
D,DISPATCH,UNIT_SCADA,1,"2022/10/20 20:20:00",KAREEYA2,0
D,DISPATCH,UNIT_SCADA,1,"2022/10/20 20:20:00",KAREEYA3,4.6650
D,DISPATCH,UNIT_SCADA,1,"2022/10/20 20:20:00",KAREEYA4,0
D,DISPATCH,UNIT_SCADA,1,"2022/10/20 20:20:00",KARSF1,0
D,DISPATCH,UNIT_SCADA,1,"2022/10/20 20:20:00",KEPSF1,0
D,DISPATCH,UNIT_SCADA,1,"2022/10/20 20:20:00",KEPWF1,5.98
D,DISPATCH,UNIT_SCADA,1,"2022/10/20 20:20:00",KIAMSF1,0
D,DISPATCH,UNIT_SCADA,1,"2022/10/20 20:20:00",KIATAWF1,3.80
D,DISPATCH,UNIT_SCADA,1,"2022/10/20 20:20:00",KPP_1,0
D,DISPATCH,UNIT_SCADA,1,"2022/10/20 20:20:00",KSP1,0
D,DISPATCH,UNIT_SCADA,1,"2022/10/20 20:20:00",LADBROK1,0.01
D,DISPATCH,UNIT_SCADA,1,"2022/10/20 20:20:00",LADBROK2,0.02
D,DISPATCH,UNIT_SCADA,1,"2022/10/20 20:20:00",LBBG1,0
D,DISPATCH,UNIT_SCADA,1,"2022/10/20 20:20:00",LBBL1,1.65
D,DISPATCH,UNIT_SCADA,1,"2022/10/20 20:20:00",LD01,375.487520
D,DISPATCH,UNIT_SCADA,1,"2022/10/20 20:20:00",LD02,80.660420
D,DISPATCH,UNIT_SCADA,1,"2022/10/20 20:20:00",LD04,308.6337
D,DISPATCH,UNIT_SCADA,1,"2022/10/20 20:20:00",LEM_WIL,86.691590
D,DISPATCH,UNIT_SCADA,1,"2022/10/20 20:20:00",LGAPWF1,93.63
D,DISPATCH,UNIT_SCADA,1,"2022/10/20 20:20:00",LGAPWF2,64.33
D,DISPATCH,UNIT_SCADA,1,"2022/10/20 20:20:00",LILYSF1,0
D,DISPATCH,UNIT_SCADA,1,"2022/10/20 20:20:00",LIMOSF11,0
D,DISPATCH,UNIT_SCADA,1,"2022/10/20 20:20:00",LIMOSF21,0
D,DISPATCH,UNIT_SCADA,1,"2022/10/20 20:20:00",LI_WY_CA,62.443560
D,DISPATCH,UNIT_SCADA,1,"2022/10/20 20:20:00",LKBONNY1,24.6494
D,DISPATCH,UNIT_SCADA,1,"2022/10/20 20:20:00",LKBONNY2,63.621670
D,DISPATCH,UNIT_SCADA,1,"2022/10/20 20:20:00",LKBONNY3,12.3925
D,DISPATCH,UNIT_SCADA,1,"2022/10/20 20:20:00",LK_ECHO,0
D,DISPATCH,UNIT_SCADA,1,"2022/10/20 20:20:00",LNGS1,0
D,DISPATCH,UNIT_SCADA,1,"2022/10/20 20:20:00",LNGS2,0
D,DISPATCH,UNIT_SCADA,1,"2022/10/20 20:20:00",LONSDALE,0
D,DISPATCH,UNIT_SCADA,1,"2022/10/20 20:20:00",LOYYB1,579.322810
D,DISPATCH,UNIT_SCADA,1,"2022/10/20 20:20:00",LOYYB2,572.931640
D,DISPATCH,UNIT_SCADA,1,"2022/10/20 20:20:00",LYA1,554
D,DISPATCH,UNIT_SCADA,1,"2022/10/20 20:20:00",LYA2,0
D,DISPATCH,UNIT_SCADA,1,"2022/10/20 20:20:00",LYA3,553
D,DISPATCH,UNIT_SCADA,1,"2022/10/20 20:20:00",LYA4,554
D,DISPATCH,UNIT_SCADA,1,"2022/10/20 20:20:00",MACARTH1,122.397170
D,DISPATCH,UNIT_SCADA,1,"2022/10/20 20:20:00",MACKNTSH,69.490010
D,DISPATCH,UNIT_SCADA,1,"2022/10/20 20:20:00",MANSLR1,0
D,DISPATCH,UNIT_SCADA,1,"2022/10/20 20:20:00",MAPS2PV1,0
D,DISPATCH,UNIT_SCADA,1,"2022/10/20 20:20:00",MAPS3PV1,0
D,DISPATCH,UNIT_SCADA,1,"2022/10/20 20:20:00",MARYRSF1,0
D,DISPATCH,UNIT_SCADA,1,"2022/10/20 20:20:00",MBPS2PV1,0
D,DISPATCH,UNIT_SCADA,1,"2022/10/20 20:20:00",MCKAY1,219.0650
D,DISPATCH,UNIT_SCADA,1,"2022/10/20 20:20:00",MEADOWBK,20.120320
D,DISPATCH,UNIT_SCADA,1,"2022/10/20 20:20:00",MERCER01,15.80
D,DISPATCH,UNIT_SCADA,1,"2022/10/20 20:20:00",METZSF1,0
D,DISPATCH,UNIT_SCADA,1,"2022/10/20 20:20:00",MEWF1,0
D,DISPATCH,UNIT_SCADA,1,"2022/10/20 20:20:00",MIDDLSF1,0
D,DISPATCH,UNIT_SCADA,1,"2022/10/20 20:20:00",MINTARO,0.128180
D,DISPATCH,UNIT_SCADA,1,"2022/10/20 20:20:00",MOLNGSF1,0
D,DISPATCH,UNIT_SCADA,1,"2022/10/20 20:20:00",MOORAWF1,11.36
D,DISPATCH,UNIT_SCADA,1,"2022/10/20 20:20:00",MOREESF1,0
D,DISPATCH,UNIT_SCADA,1,"2022/10/20 20:20:00",MORTLK11,0
D,DISPATCH,UNIT_SCADA,1,"2022/10/20 20:20:00",MORTLK12,0
D,DISPATCH,UNIT_SCADA,1,"2022/10/20 20:20:00",MOUSF1,0
D,DISPATCH,UNIT_SCADA,1,"2022/10/20 20:20:00",MP1,0
D,DISPATCH,UNIT_SCADA,1,"2022/10/20 20:20:00",MP2,565.133120
D,DISPATCH,UNIT_SCADA,1,"2022/10/20 20:20:00",MPP_1,191.031170
D,DISPATCH,UNIT_SCADA,1,"2022/10/20 20:20:00",MPP_2,185.431020
D,DISPATCH,UNIT_SCADA,1,"2022/10/20 20:20:00",MRTLSWF1,0
D,DISPATCH,UNIT_SCADA,1,"2022/10/20 20:20:00",MSTUART1,0
D,DISPATCH,UNIT_SCADA,1,"2022/10/20 20:20:00",MSTUART2,0
D,DISPATCH,UNIT_SCADA,1,"2022/10/20 20:20:00",MSTUART3,0
D,DISPATCH,UNIT_SCADA,1,"2022/10/20 20:20:00",MTGELWF1,27.973270
D,DISPATCH,UNIT_SCADA,1,"2022/10/20 20:20:00",MTMILLAR,13.40
D,DISPATCH,UNIT_SCADA,1,"2022/10/20 20:20:00",MURRAY,84.70
D,DISPATCH,UNIT_SCADA,1,"2022/10/20 20:20:00",MUSSELR1,25.90
D,DISPATCH,UNIT_SCADA,1,"2022/10/20 20:20:00",MUWAWF1,5.95
D,DISPATCH,UNIT_SCADA,1,"2022/10/20 20:20:00",MUWAWF2,0
D,DISPATCH,UNIT_SCADA,1,"2022/10/20 20:20:00",MWPS1PV1,0
D,DISPATCH,UNIT_SCADA,1,"2022/10/20 20:20:00",MWPS2PV1,0
D,DISPATCH,UNIT_SCADA,1,"2022/10/20 20:20:00",MWPS3PV1,0
D,DISPATCH,UNIT_SCADA,1,"2022/10/20 20:20:00",MWPS4PV1,0
D,DISPATCH,UNIT_SCADA,1,"2022/10/20 20:20:00",NBHWF1,11.80
D,DISPATCH,UNIT_SCADA,1,"2022/10/20 20:20:00",NEVERSF1,0
D,DISPATCH,UNIT_SCADA,1,"2022/10/20 20:20:00",NPS,0
D,DISPATCH,UNIT_SCADA,1,"2022/10/20 20:20:00",NUMURSF1,0
D,DISPATCH,UNIT_SCADA,1,"2022/10/20 20:20:00",NYNGAN1,0
D,DISPATCH,UNIT_SCADA,1,"2022/10/20 20:20:00",OAKEY1,127.121150
D,DISPATCH,UNIT_SCADA,1,"2022/10/20 20:20:00",OAKEY1SF,0
D,DISPATCH,UNIT_SCADA,1,"2022/10/20 20:20:00",OAKEY2,0
D,DISPATCH,UNIT_SCADA,1,"2022/10/20 20:20:00",OAKEY2SF,0
D,DISPATCH,UNIT_SCADA,1,"2022/10/20 20:20:00",OAKLAND1,34.20
D,DISPATCH,UNIT_SCADA,1,"2022/10/20 20:20:00",OSB-AG,177.16
D,DISPATCH,UNIT_SCADA,1,"2022/10/20 20:20:00",PAREPS1,0
D,DISPATCH,UNIT_SCADA,1,"2022/10/20 20:20:00",PAREPW1,91.22
D,DISPATCH,UNIT_SCADA,1,"2022/10/20 20:20:00",PARSF1,0.001530
D,DISPATCH,UNIT_SCADA,1,"2022/10/20 20:20:00",POAT110,3.14
D,DISPATCH,UNIT_SCADA,1,"2022/10/20 20:20:00",POAT220,0
D,DISPATCH,UNIT_SCADA,1,"2022/10/20 20:20:00",POR01,0
D,DISPATCH,UNIT_SCADA,1,"2022/10/20 20:20:00",POR03,0
D,DISPATCH,UNIT_SCADA,1,"2022/10/20 20:20:00",PPCCGT,163.485570
D,DISPATCH,UNIT_SCADA,1,"2022/10/20 20:20:00",PTSTAN1,0
D,DISPATCH,UNIT_SCADA,1,"2022/10/20 20:20:00",PUMP1,0
D,DISPATCH,UNIT_SCADA,1,"2022/10/20 20:20:00",PUMP2,0
D,DISPATCH,UNIT_SCADA,1,"2022/10/20 20:20:00",QBYNBG1,0
D,DISPATCH,UNIT_SCADA,1,"2022/10/20 20:20:00",QBYNBL1,0.0005
D,DISPATCH,UNIT_SCADA,1,"2022/10/20 20:20:00",QPS1,0
D,DISPATCH,UNIT_SCADA,1,"2022/10/20 20:20:00",QPS2,0
D,DISPATCH,UNIT_SCADA,1,"2022/10/20 20:20:00",QPS3,0
D,DISPATCH,UNIT_SCADA,1,"2022/10/20 20:20:00",QPS4,0
D,DISPATCH,UNIT_SCADA,1,"2022/10/20 20:20:00",QPS5,54.83
D,DISPATCH,UNIT_SCADA,1,"2022/10/20 20:20:00",REECE1,92.153940
D,DISPATCH,UNIT_SCADA,1,"2022/10/20 20:20:00",REECE2,98.470010
D,DISPATCH,UNIT_SCADA,1,"2022/10/20 20:20:00",ROMA_7,0
D,DISPATCH,UNIT_SCADA,1,"2022/10/20 20:20:00",ROMA_8,0
D,DISPATCH,UNIT_SCADA,1,"2022/10/20 20:20:00",RRSF1,0
D,DISPATCH,UNIT_SCADA,1,"2022/10/20 20:20:00",RT_NSW1,0
D,DISPATCH,UNIT_SCADA,1,"2022/10/20 20:20:00",RT_NSW2,0
D,DISPATCH,UNIT_SCADA,1,"2022/10/20 20:20:00",RT_NSW3,0
D,DISPATCH,UNIT_SCADA,1,"2022/10/20 20:20:00",RT_NSW4,0
D,DISPATCH,UNIT_SCADA,1,"2022/10/20 20:20:00",RT_NSW5,0
D,DISPATCH,UNIT_SCADA,1,"2022/10/20 20:20:00",RT_NSW6,0
D,DISPATCH,UNIT_SCADA,1,"2022/10/20 20:20:00",RT_QLD1,0
D,DISPATCH,UNIT_SCADA,1,"2022/10/20 20:20:00",RT_SA1,0
D,DISPATCH,UNIT_SCADA,1,"2022/10/20 20:20:00",RT_SA2,0
D,DISPATCH,UNIT_SCADA,1,"2022/10/20 20:20:00",RT_SA3,0
D,DISPATCH,UNIT_SCADA,1,"2022/10/20 20:20:00",RT_SA4,0
D,DISPATCH,UNIT_SCADA,1,"2022/10/20 20:20:00",RT_SA5,0
D,DISPATCH,UNIT_SCADA,1,"2022/10/20 20:20:00",RT_SA6,0
D,DISPATCH,UNIT_SCADA,1,"2022/10/20 20:20:00",RT_TAS1,0
D,DISPATCH,UNIT_SCADA,1,"2022/10/20 20:20:00",RT_VIC1,0
D,DISPATCH,UNIT_SCADA,1,"2022/10/20 20:20:00",RT_VIC10,0
D,DISPATCH,UNIT_SCADA,1,"2022/10/20 20:20:00",RT_VIC11,0
D,DISPATCH,UNIT_SCADA,1,"2022/10/20 20:20:00",RT_VIC12,0
D,DISPATCH,UNIT_SCADA,1,"2022/10/20 20:20:00",RT_VIC2,0
D,DISPATCH,UNIT_SCADA,1,"2022/10/20 20:20:00",RT_VIC3,0
D,DISPATCH,UNIT_SCADA,1,"2022/10/20 20:20:00",RT_VIC4,0
D,DISPATCH,UNIT_SCADA,1,"2022/10/20 20:20:00",RT_VIC5,0
D,DISPATCH,UNIT_SCADA,1,"2022/10/20 20:20:00",RT_VIC6,0
D,DISPATCH,UNIT_SCADA,1,"2022/10/20 20:20:00",RT_VIC7,0
D,DISPATCH,UNIT_SCADA,1,"2022/10/20 20:20:00",RT_VIC8,0
D,DISPATCH,UNIT_SCADA,1,"2022/10/20 20:20:00",RT_VIC9,0
D,DISPATCH,UNIT_SCADA,1,"2022/10/20 20:20:00",RUGBYR1,0
D,DISPATCH,UNIT_SCADA,1,"2022/10/20 20:20:00",SALTCRK1,33.09
D,DISPATCH,UNIT_SCADA,1,"2022/10/20 20:20:00",SAPHWF1,252.254520
D,DISPATCH,UNIT_SCADA,1,"2022/10/20 20:20:00",SEBSF1,0
D,DISPATCH,UNIT_SCADA,1,"2022/10/20 20:20:00",SHGEN,79.9305
D,DISPATCH,UNIT_SCADA,1,"2022/10/20 20:20:00",SHPUMP,0
D,DISPATCH,UNIT_SCADA,1,"2022/10/20 20:20:00",SITHE01,0.123710
D,DISPATCH,UNIT_SCADA,1,"2022/10/20 20:20:00",SMCSF1,0
D,DISPATCH,UNIT_SCADA,1,"2022/10/20 20:20:00",SNAPPER1,0
D,DISPATCH,UNIT_SCADA,1,"2022/10/20 20:20:00",SNOWNTH1,40.60
D,DISPATCH,UNIT_SCADA,1,"2022/10/20 20:20:00",SNOWSTH1,21.20
D,DISPATCH,UNIT_SCADA,1,"2022/10/20 20:20:00",SNOWTWN1,25.128930
D,DISPATCH,UNIT_SCADA,1,"2022/10/20 20:20:00",SNOWYP,0
D,DISPATCH,UNIT_SCADA,1,"2022/10/20 20:20:00",SNUG1,0
D,DISPATCH,UNIT_SCADA,1,"2022/10/20 20:20:00",SRSF1,0
D,DISPATCH,UNIT_SCADA,1,"2022/10/20 20:20:00",STAN-1,276.877290
D,DISPATCH,UNIT_SCADA,1,"2022/10/20 20:20:00",STAN-2,363.115450
D,DISPATCH,UNIT_SCADA,1,"2022/10/20 20:20:00",STAN-3,362.602750
D,DISPATCH,UNIT_SCADA,1,"2022/10/20 20:20:00",STAN-4,363.0770
D,DISPATCH,UNIT_SCADA,1,"2022/10/20 20:20:00",STARHLWF,16.7951
D,DISPATCH,UNIT_SCADA,1,"2022/10/20 20:20:00",STOCKYD1,163.31
D,DISPATCH,UNIT_SCADA,1,"2022/10/20 20:20:00",STWF1,112.375370
D,DISPATCH,UNIT_SCADA,1,"2022/10/20 20:20:00",SUNRSF1,0
D,DISPATCH,UNIT_SCADA,1,"2022/10/20 20:20:00",SUNTPSF1,0
D,DISPATCH,UNIT_SCADA,1,"2022/10/20 20:20:00",SWAN_E,337.958770
D,DISPATCH,UNIT_SCADA,1,"2022/10/20 20:20:00",TALWA1,0
D,DISPATCH,UNIT_SCADA,1,"2022/10/20 20:20:00",TARALGA1,0
D,DISPATCH,UNIT_SCADA,1,"2022/10/20 20:20:00",TARONG#1,348.200010
D,DISPATCH,UNIT_SCADA,1,"2022/10/20 20:20:00",TARONG#2,347.399990
D,DISPATCH,UNIT_SCADA,1,"2022/10/20 20:20:00",TARONG#3,0.90
D,DISPATCH,UNIT_SCADA,1,"2022/10/20 20:20:00",TARONG#4,292.200010
D,DISPATCH,UNIT_SCADA,1,"2022/10/20 20:20:00",TARRALEA,54
D,DISPATCH,UNIT_SCADA,1,"2022/10/20 20:20:00",TBSF1,0
D,DISPATCH,UNIT_SCADA,1,"2022/10/20 20:20:00",TNPS1,417.999970
D,DISPATCH,UNIT_SCADA,1,"2022/10/20 20:20:00",TORRB1,0
D,DISPATCH,UNIT_SCADA,1,"2022/10/20 20:20:00",TORRB2,58
D,DISPATCH,UNIT_SCADA,1,"2022/10/20 20:20:00",TORRB3,0
D,DISPATCH,UNIT_SCADA,1,"2022/10/20 20:20:00",TORRB4,0
D,DISPATCH,UNIT_SCADA,1,"2022/10/20 20:20:00",TREVALLN,98.028940
D,DISPATCH,UNIT_SCADA,1,"2022/10/20 20:20:00",TRIBUTE,0
D,DISPATCH,UNIT_SCADA,1,"2022/10/20 20:20:00",TUMUT3,436.919980
D,DISPATCH,UNIT_SCADA,1,"2022/10/20 20:20:00",TUNGATIN,3.920020
D,DISPATCH,UNIT_SCADA,1,"2022/10/20 20:20:00",TVCC201,0
D,DISPATCH,UNIT_SCADA,1,"2022/10/20 20:20:00",TVPP104,57.767950
D,DISPATCH,UNIT_SCADA,1,"2022/10/20 20:20:00",UPPTUMUT,-0.534760
D,DISPATCH,UNIT_SCADA,1,"2022/10/20 20:20:00",URANQ11,0
D,DISPATCH,UNIT_SCADA,1,"2022/10/20 20:20:00",URANQ12,0
D,DISPATCH,UNIT_SCADA,1,"2022/10/20 20:20:00",URANQ13,0
D,DISPATCH,UNIT_SCADA,1,"2022/10/20 20:20:00",URANQ14,0
D,DISPATCH,UNIT_SCADA,1,"2022/10/20 20:20:00",VBBG1,0
D,DISPATCH,UNIT_SCADA,1,"2022/10/20 20:20:00",VBBL1,1.40
D,DISPATCH,UNIT_SCADA,1,"2022/10/20 20:20:00",VP5,557.902770
D,DISPATCH,UNIT_SCADA,1,"2022/10/20 20:20:00",VP6,599.334720
D,DISPATCH,UNIT_SCADA,1,"2022/10/20 20:20:00",VPGS1,0
D,DISPATCH,UNIT_SCADA,1,"2022/10/20 20:20:00",VPGS2,0
D,DISPATCH,UNIT_SCADA,1,"2022/10/20 20:20:00",VPGS3,0
D,DISPATCH,UNIT_SCADA,1,"2022/10/20 20:20:00",VPGS4,0
D,DISPATCH,UNIT_SCADA,1,"2022/10/20 20:20:00",VPGS5,0
D,DISPATCH,UNIT_SCADA,1,"2022/10/20 20:20:00",VPGS6,0
D,DISPATCH,UNIT_SCADA,1,"2022/10/20 20:20:00",W/HOE#1,0
D,DISPATCH,UNIT_SCADA,1,"2022/10/20 20:20:00",W/HOE#2,0
D,DISPATCH,UNIT_SCADA,1,"2022/10/20 20:20:00",WAGGNSF1,0
D,DISPATCH,UNIT_SCADA,1,"2022/10/20 20:20:00",WALGRVG1,0.000930
D,DISPATCH,UNIT_SCADA,1,"2022/10/20 20:20:00",WALGRVL1,0
D,DISPATCH,UNIT_SCADA,1,"2022/10/20 20:20:00",WANDBG1,0
D,DISPATCH,UNIT_SCADA,1,"2022/10/20 20:20:00",WANDBL1,0.484320
D,DISPATCH,UNIT_SCADA,1,"2022/10/20 20:20:00",WARWSF1,0
D,DISPATCH,UNIT_SCADA,1,"2022/10/20 20:20:00",WARWSF2,0
D,DISPATCH,UNIT_SCADA,1,"2022/10/20 20:20:00",WATERLWF,17.90
D,DISPATCH,UNIT_SCADA,1,"2022/10/20 20:20:00",WDGPH1,0
D,DISPATCH,UNIT_SCADA,1,"2022/10/20 20:20:00",WELLSF1,0
D,DISPATCH,UNIT_SCADA,1,"2022/10/20 20:20:00",WEMENSF1,0
D,DISPATCH,UNIT_SCADA,1,"2022/10/20 20:20:00",WGWF1,13
D,DISPATCH,UNIT_SCADA,1,"2022/10/20 20:20:00",WHITSF1,0
D,DISPATCH,UNIT_SCADA,1,"2022/10/20 20:20:00",WINTSF1,0
D,DISPATCH,UNIT_SCADA,1,"2022/10/20 20:20:00",WKIEWA1,33.90
D,DISPATCH,UNIT_SCADA,1,"2022/10/20 20:20:00",WKIEWA2,33.80
D,DISPATCH,UNIT_SCADA,1,"2022/10/20 20:20:00",WOODLWN1,37.806730
D,DISPATCH,UNIT_SCADA,1,"2022/10/20 20:20:00",WOOLGSF1,0
D,DISPATCH,UNIT_SCADA,1,"2022/10/20 20:20:00",WPWF,53.68
D,DISPATCH,UNIT_SCADA,1,"2022/10/20 20:20:00",WRSF1,0
D,DISPATCH,UNIT_SCADA,1,"2022/10/20 20:20:00",WRWF1,127.056990
D,DISPATCH,UNIT_SCADA,1,"2022/10/20 20:20:00",WSTWYSF1,0
D,DISPATCH,UNIT_SCADA,1,"2022/10/20 20:20:00",YABULU,153.270020
D,DISPATCH,UNIT_SCADA,1,"2022/10/20 20:20:00",YABULU2,0
D,DISPATCH,UNIT_SCADA,1,"2022/10/20 20:20:00",YARANSF1,0
D,DISPATCH,UNIT_SCADA,1,"2022/10/20 20:20:00",YARWUN_1,163.34
D,DISPATCH,UNIT_SCADA,1,"2022/10/20 20:20:00",YATSF1,0
D,DISPATCH,UNIT_SCADA,1,"2022/10/20 20:20:00",YENDWF1,11.20
D,DISPATCH,UNIT_SCADA,1,"2022/10/20 20:20:00",YWPS1,344.860750
D,DISPATCH,UNIT_SCADA,1,"2022/10/20 20:20:00",YWPS2,359.146850
D,DISPATCH,UNIT_SCADA,1,"2022/10/20 20:20:00",YWPS3,357.9772
D,DISPATCH,UNIT_SCADA,1,"2022/10/20 20:20:00",YWPS4,0
C,"END OF REPORT",419
