C,NEMP.WORLD,DISPATCHSCADA,AEMO,PUBLIC,2022/10/20,09:25:09,0000000373243808,DISPATCHSCADA,0000000373243802
I,DISPATCH,UNIT_SCADA,1,SETTLEMENTDATE,DUID,SCADAVALUE
D,DISPATCH,UNIT_SCADA,1,"2022/10/20 09:30:00",BARCSF1,8.500001
D,DISPATCH,UNIT_SCADA,1,"2022/10/20 09:30:00",BUTLERSG,8.699999
D,DISPATCH,UNIT_SCADA,1,"2022/10/20 09:30:00",CAPTL_WF,42.860031
D,DISPATCH,UNIT_SCADA,1,"2022/10/20 09:30:00",CHALLHWF,3
D,DISPATCH,UNIT_SCADA,1,"2022/10/20 09:30:00",CLOVER,9.99
D,DISPATCH,UNIT_SCADA,1,"2022/10/20 09:30:00",CLUNY,6.181277
D,DISPATCH,UNIT_SCADA,1,"2022/10/20 09:30:00",CULLRGWF,-0.04
D,DISPATCH,UNIT_SCADA,1,"2022/10/20 09:30:00",DIAPURWF1,4.60
D,DISPATCH,UNIT_SCADA,1,"2022/10/20 09:30:00",ERGT01,0
D,DISPATCH,UNIT_SCADA,1,"2022/10/20 09:30:00",GB01,0
D,DISPATCH,UNIT_SCADA,1,"2022/10/20 09:30:00",GERMCRK,19.40
D,DISPATCH,UNIT_SCADA,1,"2022/10/20 09:30:00",GRIFSF1,4.399176
D,DISPATCH,UNIT_SCADA,1,"2022/10/20 09:30:00",HEZ1,0
D,DISPATCH,UNIT_SCADA,1,"2022/10/20 09:30:00",HUGSF1,14.066001
D,DISPATCH,UNIT_SCADA,1,"2022/10/20 09:30:00",KEPBG1,0.01
D,DISPATCH,UNIT_SCADA,1,"2022/10/20 09:30:00",LRSF1,11.844001
D,DISPATCH,UNIT_SCADA,1,"2022/10/20 09:30:00",MBAHNTH,45.018753
D,DISPATCH,UNIT_SCADA,1,"2022/10/20 09:30:00",MLSP1,10.255001
D,DISPATCH,UNIT_SCADA,1,"2022/10/20 09:30:00",MLWF1,5.28
D,DISPATCH,UNIT_SCADA,1,"2022/10/20 09:30:00",PALOONA,29.99
D,DISPATCH,UNIT_SCADA,1,"2022/10/20 09:30:00",PIONEER,43.50
D,DISPATCH,UNIT_SCADA,1,"2022/10/20 09:30:00",PORTWF,59.099998
D,DISPATCH,UNIT_SCADA,1,"2022/10/20 09:30:00",REPULSE,9.606470
D,DISPATCH,UNIT_SCADA,1,"2022/10/20 09:30:00",ROWALLAN,9.0028
D,DISPATCH,UNIT_SCADA,1,"2022/10/20 09:30:00",ROYALLA1,15.188004
D,DISPATCH,UNIT_SCADA,1,"2022/10/20 09:30:00",RPCG,-1.80
D,DISPATCH,UNIT_SCADA,1,"2022/10/20 09:30:00",RUBICON,0
D,DISPATCH,UNIT_SCADA,1,"2022/10/20 09:30:00",WAUBRAWF,5.25
D,DISPATCH,UNIT_SCADA,1,"2022/10/20 09:30:00",WOOLNTH1,-0.69
D,DISPATCH,UNIT_SCADA,1,"2022/10/20 09:30:00",YAMBUKWF,5.70
D,DISPATCH,UNIT_SCADA,1,"2022/10/20 09:30:00",YSWF1,0.30
D,DISPATCH,UNIT_SCADA,1,"2022/10/20 09:30:00",ADPBA1G,0.0080
D,DISPATCH,UNIT_SCADA,1,"2022/10/20 09:30:00",ADPBA1L,0
D,DISPATCH,UNIT_SCADA,1,"2022/10/20 09:30:00",ADPPV1,0.0550
D,DISPATCH,UNIT_SCADA,1,"2022/10/20 09:30:00",AGLHAL,0
D,DISPATCH,UNIT_SCADA,1,"2022/10/20 09:30:00",AGLSOM,0
D,DISPATCH,UNIT_SCADA,1,"2022/10/20 09:30:00",ANGAST1,0
D,DISPATCH,UNIT_SCADA,1,"2022/10/20 09:30:00",ARWF1,4.60
D,DISPATCH,UNIT_SCADA,1,"2022/10/20 09:30:00",BALBG1,0
D,DISPATCH,UNIT_SCADA,1,"2022/10/20 09:30:00",BALBL1,0
D,DISPATCH,UNIT_SCADA,1,"2022/10/20 09:30:00",BALDHWF1,3.9670
D,DISPATCH,UNIT_SCADA,1,"2022/10/20 09:30:00",BANGOWF1,31.096670
D,DISPATCH,UNIT_SCADA,1,"2022/10/20 09:30:00",BANGOWF2,34.299610
D,DISPATCH,UNIT_SCADA,1,"2022/10/20 09:30:00",BANN1,16.72
D,DISPATCH,UNIT_SCADA,1,"2022/10/20 09:30:00",BARCALDN,0
D,DISPATCH,UNIT_SCADA,1,"2022/10/20 09:30:00",BARKIPS1,0
D,DISPATCH,UNIT_SCADA,1,"2022/10/20 09:30:00",BARRON-1,0
D,DISPATCH,UNIT_SCADA,1,"2022/10/20 09:30:00",BARRON-2,0
D,DISPATCH,UNIT_SCADA,1,"2022/10/20 09:30:00",BASTYAN,51.70
D,DISPATCH,UNIT_SCADA,1,"2022/10/20 09:30:00",BBTHREE1,0
D,DISPATCH,UNIT_SCADA,1,"2022/10/20 09:30:00",BBTHREE2,0
D,DISPATCH,UNIT_SCADA,1,"2022/10/20 09:30:00",BBTHREE3,-1.16
D,DISPATCH,UNIT_SCADA,1,"2022/10/20 09:30:00",BDL01,0
D,DISPATCH,UNIT_SCADA,1,"2022/10/20 09:30:00",BDL02,0
D,DISPATCH,UNIT_SCADA,1,"2022/10/20 09:30:00",BERYLSF1,2.590020
D,DISPATCH,UNIT_SCADA,1,"2022/10/20 09:30:00",BLOWERNG,62.50
D,DISPATCH,UNIT_SCADA,1,"2022/10/20 09:30:00",BLUEGSF1,45.131770
D,DISPATCH,UNIT_SCADA,1,"2022/10/20 09:30:00",BLUFF1,47.10
D,DISPATCH,UNIT_SCADA,1,"2022/10/20 09:30:00",BNGSF1,109.96
D,DISPATCH,UNIT_SCADA,1,"2022/10/20 09:30:00",BNGSF2,110.36
D,DISPATCH,UNIT_SCADA,1,"2022/10/20 09:30:00",BOCORWF1,0
D,DISPATCH,UNIT_SCADA,1,"2022/10/20 09:30:00",BODWF1,101.7311
D,DISPATCH,UNIT_SCADA,1,"2022/10/20 09:30:00",BOMENSF1,20.802930
D,DISPATCH,UNIT_SCADA,1,"2022/10/20 09:30:00",BOWWBA1G,0
D,DISPATCH,UNIT_SCADA,1,"2022/10/20 09:30:00",BOWWBA1L,0.0060
D,DISPATCH,UNIT_SCADA,1,"2022/10/20 09:30:00",BOWWPV1,0
D,DISPATCH,UNIT_SCADA,1,"2022/10/20 09:30:00",BRAEMAR1,0
D,DISPATCH,UNIT_SCADA,1,"2022/10/20 09:30:00",BRAEMAR2,0
D,DISPATCH,UNIT_SCADA,1,"2022/10/20 09:30:00",BRAEMAR3,0
D,DISPATCH,UNIT_SCADA,1,"2022/10/20 09:30:00",BRAEMAR5,0.292060
D,DISPATCH,UNIT_SCADA,1,"2022/10/20 09:30:00",BRAEMAR6,0
D,DISPATCH,UNIT_SCADA,1,"2022/10/20 09:30:00",BRAEMAR7,0.130920
D,DISPATCH,UNIT_SCADA,1,"2022/10/20 09:30:00",BROKENH1,15.199770
D,DISPATCH,UNIT_SCADA,1,"2022/10/20 09:30:00",BRYB1WF1,98.8510
D,DISPATCH,UNIT_SCADA,1,"2022/10/20 09:30:00",BULBESG1,0
D,DISPATCH,UNIT_SCADA,1,"2022/10/20 09:30:00",BULBESL1,1.81
D,DISPATCH,UNIT_SCADA,1,"2022/10/20 09:30:00",BULGANA1,17.53
D,DISPATCH,UNIT_SCADA,1,"2022/10/20 09:30:00",BW01,658.2254
D,DISPATCH,UNIT_SCADA,1,"2022/10/20 09:30:00",BW02,617.8927
D,DISPATCH,UNIT_SCADA,1,"2022/10/20 09:30:00",BW03,549.361390
D,DISPATCH,UNIT_SCADA,1,"2022/10/20 09:30:00",BW04,0
D,DISPATCH,UNIT_SCADA,1,"2022/10/20 09:30:00",CALL_B_1,320
D,DISPATCH,UNIT_SCADA,1,"2022/10/20 09:30:00",CALL_B_2,319.600010
D,DISPATCH,UNIT_SCADA,1,"2022/10/20 09:30:00",CATHROCK,0
D,DISPATCH,UNIT_SCADA,1,"2022/10/20 09:30:00",CBWWBA1G,0
D,DISPATCH,UNIT_SCADA,1,"2022/10/20 09:30:00",CBWWBA1L,0
D,DISPATCH,UNIT_SCADA,1,"2022/10/20 09:30:00",CETHANA,95.370380
D,DISPATCH,UNIT_SCADA,1,"2022/10/20 09:30:00",CG1,0
D,DISPATCH,UNIT_SCADA,1,"2022/10/20 09:30:00",CG2,0
D,DISPATCH,UNIT_SCADA,1,"2022/10/20 09:30:00",CG3,0
D,DISPATCH,UNIT_SCADA,1,"2022/10/20 09:30:00",CG4,0
D,DISPATCH,UNIT_SCADA,1,"2022/10/20 09:30:00",CHILDSF1,12.75
D,DISPATCH,UNIT_SCADA,1,"2022/10/20 09:30:00",CHYTWF1,1.74
D,DISPATCH,UNIT_SCADA,1,"2022/10/20 09:30:00",CLARESF1,84.312070
D,DISPATCH,UNIT_SCADA,1,"2022/10/20 09:30:00",CLEMGPWF,10.012870
D,DISPATCH,UNIT_SCADA,1,"2022/10/20 09:30:00",CLERMSF1,25.24
D,DISPATCH,UNIT_SCADA,1,"2022/10/20 09:30:00",CNUNDAWF,0.200230
D,DISPATCH,UNIT_SCADA,1,"2022/10/20 09:30:00",COHUNSF1,6.34
D,DISPATCH,UNIT_SCADA,1,"2022/10/20 09:30:00",COLEASF1,24.798580
D,DISPATCH,UNIT_SCADA,1,"2022/10/20 09:30:00",COLUMSF1,30.5960
D,DISPATCH,UNIT_SCADA,1,"2022/10/20 09:30:00",COLWF01,83.443970
D,DISPATCH,UNIT_SCADA,1,"2022/10/20 09:30:00",COOPGWF1,187.100010
D,DISPATCH,UNIT_SCADA,1,"2022/10/20 09:30:00",CPP_3,360.524990
D,DISPATCH,UNIT_SCADA,1,"2022/10/20 09:30:00",CPP_4,0
D,DISPATCH,UNIT_SCADA,1,"2022/10/20 09:30:00",CPSA,0
D,DISPATCH,UNIT_SCADA,1,"2022/10/20 09:30:00",CROOKWF2,33.614410
D,DISPATCH,UNIT_SCADA,1,"2022/10/20 09:30:00",CROWLWF1,20.606980
D,DISPATCH,UNIT_SCADA,1,"2022/10/20 09:30:00",CRURWF1,60.497980
D,DISPATCH,UNIT_SCADA,1,"2022/10/20 09:30:00",CRWASF1,30.243840
D,DISPATCH,UNIT_SCADA,1,"2022/10/20 09:30:00",CSPVPS1,7.8830
D,DISPATCH,UNIT_SCADA,1,"2022/10/20 09:30:00",CTHLWF1,0.003050
D,DISPATCH,UNIT_SCADA,1,"2022/10/20 09:30:00",DALNTH01,0
D,DISPATCH,UNIT_SCADA,1,"2022/10/20 09:30:00",DALNTHL1,1.960780
D,DISPATCH,UNIT_SCADA,1,"2022/10/20 09:30:00",DARLSF1,32.9875
D,DISPATCH,UNIT_SCADA,1,"2022/10/20 09:30:00",DARTM1,0
D,DISPATCH,UNIT_SCADA,1,"2022/10/20 09:30:00",DAYDSF1,18.9780
D,DISPATCH,UNIT_SCADA,1,"2022/10/20 09:30:00",DDPS1,0
D,DISPATCH,UNIT_SCADA,1,"2022/10/20 09:30:00",DDSF1,13.581820
D,DISPATCH,UNIT_SCADA,1,"2022/10/20 09:30:00",DEVILS_G,57.491990
D,DISPATCH,UNIT_SCADA,1,"2022/10/20 09:30:00",DG_NSW1,0
D,DISPATCH,UNIT_SCADA,1,"2022/10/20 09:30:00",DG_QLD1,0
D,DISPATCH,UNIT_SCADA,1,"2022/10/20 09:30:00",DG_SA1,0
D,DISPATCH,UNIT_SCADA,1,"2022/10/20 09:30:00",DG_TAS1,0
D,DISPATCH,UNIT_SCADA,1,"2022/10/20 09:30:00",DG_VIC1,0
D,DISPATCH,UNIT_SCADA,1,"2022/10/20 09:30:00",DRYCGT1,0
D,DISPATCH,UNIT_SCADA,1,"2022/10/20 09:30:00",DRYCGT2,0
D,DISPATCH,UNIT_SCADA,1,"2022/10/20 09:30:00",DRYCGT3,0
D,DISPATCH,UNIT_SCADA,1,"2022/10/20 09:30:00",DUNDWF1,52.14
D,DISPATCH,UNIT_SCADA,1,"2022/10/20 09:30:00",DUNDWF2,18.63
D,DISPATCH,UNIT_SCADA,1,"2022/10/20 09:30:00",DUNDWF3,48.06
D,DISPATCH,UNIT_SCADA,1,"2022/10/20 09:30:00",EILDON1,59.92
D,DISPATCH,UNIT_SCADA,1,"2022/10/20 09:30:00",EILDON2,59.96
D,DISPATCH,UNIT_SCADA,1,"2022/10/20 09:30:00",ELAINWF1,18.21
D,DISPATCH,UNIT_SCADA,1,"2022/10/20 09:30:00",EMERASF1,0
D,DISPATCH,UNIT_SCADA,1,"2022/10/20 09:30:00",ER01,0
D,DISPATCH,UNIT_SCADA,1,"2022/10/20 09:30:00",ER02,402.581820
D,DISPATCH,UNIT_SCADA,1,"2022/10/20 09:30:00",ER03,430.6340
D,DISPATCH,UNIT_SCADA,1,"2022/10/20 09:30:00",ER04,430.292210
D,DISPATCH,UNIT_SCADA,1,"2022/10/20 09:30:00",FINLYSF1,131.712830
D,DISPATCH,UNIT_SCADA,1,"2022/10/20 09:30:00",FISHER,43.90
D,DISPATCH,UNIT_SCADA,1,"2022/10/20 09:30:00",GANGARR1,17.8880
D,DISPATCH,UNIT_SCADA,1,"2022/10/20 09:30:00",GANNBG1,0
D,DISPATCH,UNIT_SCADA,1,"2022/10/20 09:30:00",GANNBL1,4.966160
D,DISPATCH,UNIT_SCADA,1,"2022/10/20 09:30:00",GANNSF1,25.10
D,DISPATCH,UNIT_SCADA,1,"2022/10/20 09:30:00",GLRWNSF1,110.09
D,DISPATCH,UNIT_SCADA,1,"2022/10/20 09:30:00",GNNDHSF1,34.430080
D,DISPATCH,UNIT_SCADA,1,"2022/10/20 09:30:00",GOONSF1,30.148160
D,DISPATCH,UNIT_SCADA,1,"2022/10/20 09:30:00",GORDON,243.752270
D,DISPATCH,UNIT_SCADA,1,"2022/10/20 09:30:00",GRANWF1,0.54
D,DISPATCH,UNIT_SCADA,1,"2022/10/20 09:30:00",GSTONE1,167.30
D,DISPATCH,UNIT_SCADA,1,"2022/10/20 09:30:00",GSTONE2,0
D,DISPATCH,UNIT_SCADA,1,"2022/10/20 09:30:00",GSTONE3,169.5750
D,DISPATCH,UNIT_SCADA,1,"2022/10/20 09:30:00",GSTONE4,0
D,DISPATCH,UNIT_SCADA,1,"2022/10/20 09:30:00",GSTONE5,170.45
D,DISPATCH,UNIT_SCADA,1,"2022/10/20 09:30:00",GSTONE6,168.8750
D,DISPATCH,UNIT_SCADA,1,"2022/10/20 09:30:00",GULLRSF1,3.204950
D,DISPATCH,UNIT_SCADA,1,"2022/10/20 09:30:00",GULLRWF1,53.424190
D,DISPATCH,UNIT_SCADA,1,"2022/10/20 09:30:00",GULLRWF2,83.282520
D,DISPATCH,UNIT_SCADA,1,"2022/10/20 09:30:00",GUNNING1,0
D,DISPATCH,UNIT_SCADA,1,"2022/10/20 09:30:00",GUTHEGA,67.90
D,DISPATCH,UNIT_SCADA,1,"2022/10/20 09:30:00",HALLWF1,41.90
D,DISPATCH,UNIT_SCADA,1,"2022/10/20 09:30:00",HALLWF2,51.36
D,DISPATCH,UNIT_SCADA,1,"2022/10/20 09:30:00",HAMISF1,4.50
D,DISPATCH,UNIT_SCADA,1,"2022/10/20 09:30:00",HAUGHT11,59.987970
D,DISPATCH,UNIT_SCADA,1,"2022/10/20 09:30:00",HAYMSF1,5.4820
D,DISPATCH,UNIT_SCADA,1,"2022/10/20 09:30:00",HDWF1,68
D,DISPATCH,UNIT_SCADA,1,"2022/10/20 09:30:00",HDWF2,35.20
D,DISPATCH,UNIT_SCADA,1,"2022/10/20 09:30:00",HDWF3,49.10
D,DISPATCH,UNIT_SCADA,1,"2022/10/20 09:30:00",HILLSTN1,23.353340
D,DISPATCH,UNIT_SCADA,1,"2022/10/20 09:30:00",HPRG1,0
D,DISPATCH,UNIT_SCADA,1,"2022/10/20 09:30:00",HPRL1,0.70
D,DISPATCH,UNIT_SCADA,1,"2022/10/20 09:30:00",HUMENSW,55.604190
D,DISPATCH,UNIT_SCADA,1,"2022/10/20 09:30:00",HUMEV,0
D,DISPATCH,UNIT_SCADA,1,"2022/10/20 09:30:00",HVWWBA1G,0
D,DISPATCH,UNIT_SCADA,1,"2022/10/20 09:30:00",HVWWBA1L,0.0060
D,DISPATCH,UNIT_SCADA,1,"2022/10/20 09:30:00",HVWWPV1,0.0230
D,DISPATCH,UNIT_SCADA,1,"2022/10/20 09:30:00",JBUTTERS,0
D,DISPATCH,UNIT_SCADA,1,"2022/10/20 09:30:00",JEMALNG1,5.35
D,DISPATCH,UNIT_SCADA,1,"2022/10/20 09:30:00",JLA01,0
D,DISPATCH,UNIT_SCADA,1,"2022/10/20 09:30:00",JLA02,0
D,DISPATCH,UNIT_SCADA,1,"2022/10/20 09:30:00",JLA03,0
D,DISPATCH,UNIT_SCADA,1,"2022/10/20 09:30:00",JLA04,0
D,DISPATCH,UNIT_SCADA,1,"2022/10/20 09:30:00",JLB01,0
D,DISPATCH,UNIT_SCADA,1,"2022/10/20 09:30:00",JLB02,0.10
D,DISPATCH,UNIT_SCADA,1,"2022/10/20 09:30:00",JLB03,0
D,DISPATCH,UNIT_SCADA,1,"2022/10/20 09:30:00",JUNEESF1,16.112130
D,DISPATCH,UNIT_SCADA,1,"2022/10/20 09:30:00",KABANWF1,0
D,DISPATCH,UNIT_SCADA,1,"2022/10/20 09:30:00",KAREEYA1,0
D,DISPATCH,UNIT_SCADA,1,"2022/10/20 09:30:00",KAREEYA2,0
D,DISPATCH,UNIT_SCADA,1,"2022/10/20 09:30:00",KAREEYA3,4.8450
D,DISPATCH,UNIT_SCADA,1,"2022/10/20 09:30:00",KAREEYA4,0
D,DISPATCH,UNIT_SCADA,1,"2022/10/20 09:30:00",KARSF1,26.80
D,DISPATCH,UNIT_SCADA,1,"2022/10/20 09:30:00",KEPSF1,10.50
D,DISPATCH,UNIT_SCADA,1,"2022/10/20 09:30:00",KEPWF1,2.02
D,DISPATCH,UNIT_SCADA,1,"2022/10/20 09:30:00",KIAMSF1,17.383840
D,DISPATCH,UNIT_SCADA,1,"2022/10/20 09:30:00",KIATAWF1,13
D,DISPATCH,UNIT_SCADA,1,"2022/10/20 09:30:00",KPP_1,0
D,DISPATCH,UNIT_SCADA,1,"2022/10/20 09:30:00",KSP1,46.76
D,DISPATCH,UNIT_SCADA,1,"2022/10/20 09:30:00",LADBROK1,0.01
D,DISPATCH,UNIT_SCADA,1,"2022/10/20 09:30:00",LADBROK2,5.93
D,DISPATCH,UNIT_SCADA,1,"2022/10/20 09:30:00",LBBG1,0.30
D,DISPATCH,UNIT_SCADA,1,"2022/10/20 09:30:00",LBBL1,0
D,DISPATCH,UNIT_SCADA,1,"2022/10/20 09:30:00",LD01,283.016450
D,DISPATCH,UNIT_SCADA,1,"2022/10/20 09:30:00",LD02,0
D,DISPATCH,UNIT_SCADA,1,"2022/10/20 09:30:00",LD04,282.155820
D,DISPATCH,UNIT_SCADA,1,"2022/10/20 09:30:00",LEM_WIL,86.916020
D,DISPATCH,UNIT_SCADA,1,"2022/10/20 09:30:00",LGAPWF1,20.35
D,DISPATCH,UNIT_SCADA,1,"2022/10/20 09:30:00",LGAPWF2,14.29
D,DISPATCH,UNIT_SCADA,1,"2022/10/20 09:30:00",LILYSF1,18.874370
D,DISPATCH,UNIT_SCADA,1,"2022/10/20 09:30:00",LIMOSF11,33.5111
D,DISPATCH,UNIT_SCADA,1,"2022/10/20 09:30:00",LIMOSF21,5.643790
D,DISPATCH,UNIT_SCADA,1,"2022/10/20 09:30:00",LI_WY_CA,56.010670
D,DISPATCH,UNIT_SCADA,1,"2022/10/20 09:30:00",LKBONNY1,0
D,DISPATCH,UNIT_SCADA,1,"2022/10/20 09:30:00",LKBONNY2,0
D,DISPATCH,UNIT_SCADA,1,"2022/10/20 09:30:00",LKBONNY3,0
D,DISPATCH,UNIT_SCADA,1,"2022/10/20 09:30:00",LK_ECHO,0
D,DISPATCH,UNIT_SCADA,1,"2022/10/20 09:30:00",LNGS1,0
D,DISPATCH,UNIT_SCADA,1,"2022/10/20 09:30:00",LNGS2,0
D,DISPATCH,UNIT_SCADA,1,"2022/10/20 09:30:00",LONSDALE,0
D,DISPATCH,UNIT_SCADA,1,"2022/10/20 09:30:00",LOYYB1,439.469640
D,DISPATCH,UNIT_SCADA,1,"2022/10/20 09:30:00",LOYYB2,440.597470
D,DISPATCH,UNIT_SCADA,1,"2022/10/20 09:30:00",LYA1,518
D,DISPATCH,UNIT_SCADA,1,"2022/10/20 09:30:00",LYA2,0
D,DISPATCH,UNIT_SCADA,1,"2022/10/20 09:30:00",LYA3,482
D,DISPATCH,UNIT_SCADA,1,"2022/10/20 09:30:00",LYA4,482
D,DISPATCH,UNIT_SCADA,1,"2022/10/20 09:30:00",MACARTH1,57.898660
D,DISPATCH,UNIT_SCADA,1,"2022/10/20 09:30:00",MACKNTSH,0
D,DISPATCH,UNIT_SCADA,1,"2022/10/20 09:30:00",MANSLR1,15.2280
D,DISPATCH,UNIT_SCADA,1,"2022/10/20 09:30:00",MAPS2PV1,0
D,DISPATCH,UNIT_SCADA,1,"2022/10/20 09:30:00",MAPS3PV1,0
D,DISPATCH,UNIT_SCADA,1,"2022/10/20 09:30:00",MARYRSF1,2.25
D,DISPATCH,UNIT_SCADA,1,"2022/10/20 09:30:00",MBPS2PV1,0
D,DISPATCH,UNIT_SCADA,1,"2022/10/20 09:30:00",MCKAY1,0.02
D,DISPATCH,UNIT_SCADA,1,"2022/10/20 09:30:00",MEADOWBK,5.8589
D,DISPATCH,UNIT_SCADA,1,"2022/10/20 09:30:00",MERCER01,18.60
D,DISPATCH,UNIT_SCADA,1,"2022/10/20 09:30:00",METZSF1,23.987070
D,DISPATCH,UNIT_SCADA,1,"2022/10/20 09:30:00",MEWF1,1.219650
D,DISPATCH,UNIT_SCADA,1,"2022/10/20 09:30:00",MIDDLSF1,4.64
D,DISPATCH,UNIT_SCADA,1,"2022/10/20 09:30:00",MINTARO,0.128180
D,DISPATCH,UNIT_SCADA,1,"2022/10/20 09:30:00",MOLNGSF1,6.895860
D,DISPATCH,UNIT_SCADA,1,"2022/10/20 09:30:00",MOORAWF1,23.62
D,DISPATCH,UNIT_SCADA,1,"2022/10/20 09:30:00",MOREESF1,10.9760
D,DISPATCH,UNIT_SCADA,1,"2022/10/20 09:30:00",MORTLK11,0
D,DISPATCH,UNIT_SCADA,1,"2022/10/20 09:30:00",MORTLK12,0
D,DISPATCH,UNIT_SCADA,1,"2022/10/20 09:30:00",MOUSF1,0
D,DISPATCH,UNIT_SCADA,1,"2022/10/20 09:30:00",MP1,0
D,DISPATCH,UNIT_SCADA,1,"2022/10/20 09:30:00",MP2,349.0654
D,DISPATCH,UNIT_SCADA,1,"2022/10/20 09:30:00",MPP_1,172.231720
D,DISPATCH,UNIT_SCADA,1,"2022/10/20 09:30:00",MPP_2,107.562810
D,DISPATCH,UNIT_SCADA,1,"2022/10/20 09:30:00",MRTLSWF1,0
D,DISPATCH,UNIT_SCADA,1,"2022/10/20 09:30:00",MSTUART1,0
D,DISPATCH,UNIT_SCADA,1,"2022/10/20 09:30:00",MSTUART2,0
D,DISPATCH,UNIT_SCADA,1,"2022/10/20 09:30:00",MSTUART3,0
D,DISPATCH,UNIT_SCADA,1,"2022/10/20 09:30:00",MTGELWF1,35.946230
D,DISPATCH,UNIT_SCADA,1,"2022/10/20 09:30:00",MTMILLAR,1.40
D,DISPATCH,UNIT_SCADA,1,"2022/10/20 09:30:00",MURRAY,0
D,DISPATCH,UNIT_SCADA,1,"2022/10/20 09:30:00",MUSSELR1,99.30
D,DISPATCH,UNIT_SCADA,1,"2022/10/20 09:30:00",MUWAWF1,56.95
D,DISPATCH,UNIT_SCADA,1,"2022/10/20 09:30:00",MUWAWF2,37.10
D,DISPATCH,UNIT_SCADA,1,"2022/10/20 09:30:00",MWPS1PV1,0.13
D,DISPATCH,UNIT_SCADA,1,"2022/10/20 09:30:00",MWPS2PV1,0
D,DISPATCH,UNIT_SCADA,1,"2022/10/20 09:30:00",MWPS3PV1,0.37
D,DISPATCH,UNIT_SCADA,1,"2022/10/20 09:30:00",MWPS4PV1,0
D,DISPATCH,UNIT_SCADA,1,"2022/10/20 09:30:00",NBHWF1,79.90
D,DISPATCH,UNIT_SCADA,1,"2022/10/20 09:30:00",NEVERSF1,36.22
D,DISPATCH,UNIT_SCADA,1,"2022/10/20 09:30:00",NPS,0
D,DISPATCH,UNIT_SCADA,1,"2022/10/20 09:30:00",NUMURSF1,94.58
D,DISPATCH,UNIT_SCADA,1,"2022/10/20 09:30:00",NYNGAN1,15.75
D,DISPATCH,UNIT_SCADA,1,"2022/10/20 09:30:00",OAKEY1,0
D,DISPATCH,UNIT_SCADA,1,"2022/10/20 09:30:00",OAKEY1SF,3.0060
D,DISPATCH,UNIT_SCADA,1,"2022/10/20 09:30:00",OAKEY2,0
D,DISPATCH,UNIT_SCADA,1,"2022/10/20 09:30:00",OAKEY2SF,5.74
D,DISPATCH,UNIT_SCADA,1,"2022/10/20 09:30:00",OAKLAND1,8.80
D,DISPATCH,UNIT_SCADA,1,"2022/10/20 09:30:00",OSB-AG,0
D,DISPATCH,UNIT_SCADA,1,"2022/10/20 09:30:00",PAREPS1,0.0660
D,DISPATCH,UNIT_SCADA,1,"2022/10/20 09:30:00",PAREPW1,61.91
D,DISPATCH,UNIT_SCADA,1,"2022/10/20 09:30:00",PARSF1,15.0988
D,DISPATCH,UNIT_SCADA,1,"2022/10/20 09:30:00",POAT110,0
D,DISPATCH,UNIT_SCADA,1,"2022/10/20 09:30:00",POAT220,0
D,DISPATCH,UNIT_SCADA,1,"2022/10/20 09:30:00",POR01,0
D,DISPATCH,UNIT_SCADA,1,"2022/10/20 09:30:00",POR03,0
D,DISPATCH,UNIT_SCADA,1,"2022/10/20 09:30:00",PPCCGT,0
D,DISPATCH,UNIT_SCADA,1,"2022/10/20 09:30:00",PTSTAN1,0
D,DISPATCH,UNIT_SCADA,1,"2022/10/20 09:30:00",PUMP1,0
D,DISPATCH,UNIT_SCADA,1,"2022/10/20 09:30:00",PUMP2,0
D,DISPATCH,UNIT_SCADA,1,"2022/10/20 09:30:00",QBYNBG1,0.0085
D,DISPATCH,UNIT_SCADA,1,"2022/10/20 09:30:00",QBYNBL1,0
D,DISPATCH,UNIT_SCADA,1,"2022/10/20 09:30:00",QPS1,0
D,DISPATCH,UNIT_SCADA,1,"2022/10/20 09:30:00",QPS2,0
D,DISPATCH,UNIT_SCADA,1,"2022/10/20 09:30:00",QPS3,0
D,DISPATCH,UNIT_SCADA,1,"2022/10/20 09:30:00",QPS4,0
D,DISPATCH,UNIT_SCADA,1,"2022/10/20 09:30:00",QPS5,74.30
D,DISPATCH,UNIT_SCADA,1,"2022/10/20 09:30:00",REECE1,46.008480
D,DISPATCH,UNIT_SCADA,1,"2022/10/20 09:30:00",REECE2,0
D,DISPATCH,UNIT_SCADA,1,"2022/10/20 09:30:00",ROMA_7,0
D,DISPATCH,UNIT_SCADA,1,"2022/10/20 09:30:00",ROMA_8,0
D,DISPATCH,UNIT_SCADA,1,"2022/10/20 09:30:00",RRSF1,6.786840
D,DISPATCH,UNIT_SCADA,1,"2022/10/20 09:30:00",RT_NSW1,0
D,DISPATCH,UNIT_SCADA,1,"2022/10/20 09:30:00",RT_NSW2,0
D,DISPATCH,UNIT_SCADA,1,"2022/10/20 09:30:00",RT_NSW3,0
D,DISPATCH,UNIT_SCADA,1,"2022/10/20 09:30:00",RT_NSW4,0
D,DISPATCH,UNIT_SCADA,1,"2022/10/20 09:30:00",RT_NSW5,0
D,DISPATCH,UNIT_SCADA,1,"2022/10/20 09:30:00",RT_NSW6,0
D,DISPATCH,UNIT_SCADA,1,"2022/10/20 09:30:00",RT_QLD1,0
D,DISPATCH,UNIT_SCADA,1,"2022/10/20 09:30:00",RT_SA1,0
D,DISPATCH,UNIT_SCADA,1,"2022/10/20 09:30:00",RT_SA2,0
D,DISPATCH,UNIT_SCADA,1,"2022/10/20 09:30:00",RT_SA3,0
D,DISPATCH,UNIT_SCADA,1,"2022/10/20 09:30:00",RT_SA4,0
D,DISPATCH,UNIT_SCADA,1,"2022/10/20 09:30:00",RT_SA5,0
D,DISPATCH,UNIT_SCADA,1,"2022/10/20 09:30:00",RT_SA6,0
D,DISPATCH,UNIT_SCADA,1,"2022/10/20 09:30:00",RT_TAS1,0
D,DISPATCH,UNIT_SCADA,1,"2022/10/20 09:30:00",RT_VIC1,0
D,DISPATCH,UNIT_SCADA,1,"2022/10/20 09:30:00",RT_VIC10,0
D,DISPATCH,UNIT_SCADA,1,"2022/10/20 09:30:00",RT_VIC11,0
D,DISPATCH,UNIT_SCADA,1,"2022/10/20 09:30:00",RT_VIC12,0
D,DISPATCH,UNIT_SCADA,1,"2022/10/20 09:30:00",RT_VIC2,0
D,DISPATCH,UNIT_SCADA,1,"2022/10/20 09:30:00",RT_VIC3,0
D,DISPATCH,UNIT_SCADA,1,"2022/10/20 09:30:00",RT_VIC4,0
D,DISPATCH,UNIT_SCADA,1,"2022/10/20 09:30:00",RT_VIC5,0
D,DISPATCH,UNIT_SCADA,1,"2022/10/20 09:30:00",RT_VIC6,0
D,DISPATCH,UNIT_SCADA,1,"2022/10/20 09:30:00",RT_VIC7,0
D,DISPATCH,UNIT_SCADA,1,"2022/10/20 09:30:00",RT_VIC8,0
D,DISPATCH,UNIT_SCADA,1,"2022/10/20 09:30:00",RT_VIC9,0
D,DISPATCH,UNIT_SCADA,1,"2022/10/20 09:30:00",RUGBYR1,16.071170
D,DISPATCH,UNIT_SCADA,1,"2022/10/20 09:30:00",SALTCRK1,19.39
D,DISPATCH,UNIT_SCADA,1,"2022/10/20 09:30:00",SAPHWF1,218.736560
D,DISPATCH,UNIT_SCADA,1,"2022/10/20 09:30:00",SEBSF1,89.681140
D,DISPATCH,UNIT_SCADA,1,"2022/10/20 09:30:00",SHGEN,0
D,DISPATCH,UNIT_SCADA,1,"2022/10/20 09:30:00",SHPUMP,0
D,DISPATCH,UNIT_SCADA,1,"2022/10/20 09:30:00",SITHE01,0.1840
D,DISPATCH,UNIT_SCADA,1,"2022/10/20 09:30:00",SMCSF1,99.1280
D,DISPATCH,UNIT_SCADA,1,"2022/10/20 09:30:00",SNAPPER1,0
D,DISPATCH,UNIT_SCADA,1,"2022/10/20 09:30:00",SNOWNTH1,120.80
D,DISPATCH,UNIT_SCADA,1,"2022/10/20 09:30:00",SNOWSTH1,86.90
D,DISPATCH,UNIT_SCADA,1,"2022/10/20 09:30:00",SNOWTWN1,55.3722
D,DISPATCH,UNIT_SCADA,1,"2022/10/20 09:30:00",SNOWYP,0
D,DISPATCH,UNIT_SCADA,1,"2022/10/20 09:30:00",SNUG1,0
D,DISPATCH,UNIT_SCADA,1,"2022/10/20 09:30:00",SRSF1,36.40
D,DISPATCH,UNIT_SCADA,1,"2022/10/20 09:30:00",STAN-1,275.890320
D,DISPATCH,UNIT_SCADA,1,"2022/10/20 09:30:00",STAN-2,329.8020
D,DISPATCH,UNIT_SCADA,1,"2022/10/20 09:30:00",STAN-3,157.0565
D,DISPATCH,UNIT_SCADA,1,"2022/10/20 09:30:00",STAN-4,331.083770
D,DISPATCH,UNIT_SCADA,1,"2022/10/20 09:30:00",STARHLWF,0.01
D,DISPATCH,UNIT_SCADA,1,"2022/10/20 09:30:00",STOCKYD1,52.73
D,DISPATCH,UNIT_SCADA,1,"2022/10/20 09:30:00",STWF1,0
D,DISPATCH,UNIT_SCADA,1,"2022/10/20 09:30:00",SUNRSF1,18.745710
D,DISPATCH,UNIT_SCADA,1,"2022/10/20 09:30:00",SUNTPSF1,73.602810
D,DISPATCH,UNIT_SCADA,1,"2022/10/20 09:30:00",SWAN_E,155.131870
D,DISPATCH,UNIT_SCADA,1,"2022/10/20 09:30:00",TALWA1,0
D,DISPATCH,UNIT_SCADA,1,"2022/10/20 09:30:00",TARALGA1,0
D,DISPATCH,UNIT_SCADA,1,"2022/10/20 09:30:00",TARONG#1,346.100010
D,DISPATCH,UNIT_SCADA,1,"2022/10/20 09:30:00",TARONG#2,346.100010
D,DISPATCH,UNIT_SCADA,1,"2022/10/20 09:30:00",TARONG#3,0.90
D,DISPATCH,UNIT_SCADA,1,"2022/10/20 09:30:00",TARONG#4,285.300020
D,DISPATCH,UNIT_SCADA,1,"2022/10/20 09:30:00",TARRALEA,54
D,DISPATCH,UNIT_SCADA,1,"2022/10/20 09:30:00",TBSF1,0.10
D,DISPATCH,UNIT_SCADA,1,"2022/10/20 09:30:00",TNPS1,361.9375
D,DISPATCH,UNIT_SCADA,1,"2022/10/20 09:30:00",TORRB1,0
D,DISPATCH,UNIT_SCADA,1,"2022/10/20 09:30:00",TORRB2,40
D,DISPATCH,UNIT_SCADA,1,"2022/10/20 09:30:00",TORRB3,0
D,DISPATCH,UNIT_SCADA,1,"2022/10/20 09:30:00",TORRB4,0
D,DISPATCH,UNIT_SCADA,1,"2022/10/20 09:30:00",TREVALLN,98.0219
D,DISPATCH,UNIT_SCADA,1,"2022/10/20 09:30:00",TRIBUTE,0
D,DISPATCH,UNIT_SCADA,1,"2022/10/20 09:30:00",TUMUT3,0
D,DISPATCH,UNIT_SCADA,1,"2022/10/20 09:30:00",TUNGATIN,5.120020
D,DISPATCH,UNIT_SCADA,1,"2022/10/20 09:30:00",TVCC201,0
D,DISPATCH,UNIT_SCADA,1,"2022/10/20 09:30:00",TVPP104,39.951120
D,DISPATCH,UNIT_SCADA,1,"2022/10/20 09:30:00",UPPTUMUT,0
D,DISPATCH,UNIT_SCADA,1,"2022/10/20 09:30:00",URANQ11,0
D,DISPATCH,UNIT_SCADA,1,"2022/10/20 09:30:00",URANQ12,0
D,DISPATCH,UNIT_SCADA,1,"2022/10/20 09:30:00",URANQ13,0
D,DISPATCH,UNIT_SCADA,1,"2022/10/20 09:30:00",URANQ14,0
D,DISPATCH,UNIT_SCADA,1,"2022/10/20 09:30:00",VBBG1,0
D,DISPATCH,UNIT_SCADA,1,"2022/10/20 09:30:00",VBBL1,6.60
D,DISPATCH,UNIT_SCADA,1,"2022/10/20 09:30:00",VP5,497.329620
D,DISPATCH,UNIT_SCADA,1,"2022/10/20 09:30:00",VP6,499.478120
D,DISPATCH,UNIT_SCADA,1,"2022/10/20 09:30:00",VPGS1,0
D,DISPATCH,UNIT_SCADA,1,"2022/10/20 09:30:00",VPGS2,0
D,DISPATCH,UNIT_SCADA,1,"2022/10/20 09:30:00",VPGS3,0
D,DISPATCH,UNIT_SCADA,1,"2022/10/20 09:30:00",VPGS4,0
D,DISPATCH,UNIT_SCADA,1,"2022/10/20 09:30:00",VPGS5,0
D,DISPATCH,UNIT_SCADA,1,"2022/10/20 09:30:00",VPGS6,0
D,DISPATCH,UNIT_SCADA,1,"2022/10/20 09:30:00",W/HOE#1,0
D,DISPATCH,UNIT_SCADA,1,"2022/10/20 09:30:00",W/HOE#2,0
D,DISPATCH,UNIT_SCADA,1,"2022/10/20 09:30:00",WAGGNSF1,0
D,DISPATCH,UNIT_SCADA,1,"2022/10/20 09:30:00",WALGRVG1,0.000930
D,DISPATCH,UNIT_SCADA,1,"2022/10/20 09:30:00",WALGRVL1,0
D,DISPATCH,UNIT_SCADA,1,"2022/10/20 09:30:00",WANDBG1,0
D,DISPATCH,UNIT_SCADA,1,"2022/10/20 09:30:00",WANDBL1,0
D,DISPATCH,UNIT_SCADA,1,"2022/10/20 09:30:00",WARWSF1,13.52
D,DISPATCH,UNIT_SCADA,1,"2022/10/20 09:30:00",WARWSF2,14.55
D,DISPATCH,UNIT_SCADA,1,"2022/10/20 09:30:00",WATERLWF,62.10
D,DISPATCH,UNIT_SCADA,1,"2022/10/20 09:30:00",WDGPH1,105.792010
D,DISPATCH,UNIT_SCADA,1,"2022/10/20 09:30:00",WELLSF1,156.212710
D,DISPATCH,UNIT_SCADA,1,"2022/10/20 09:30:00",WEMENSF1,35.70
D,DISPATCH,UNIT_SCADA,1,"2022/10/20 09:30:00",WGWF1,99.10
D,DISPATCH,UNIT_SCADA,1,"2022/10/20 09:30:00",WHITSF1,6.50
D,DISPATCH,UNIT_SCADA,1,"2022/10/20 09:30:00",WINTSF1,83.27
D,DISPATCH,UNIT_SCADA,1,"2022/10/20 09:30:00",WKIEWA1,28.90
D,DISPATCH,UNIT_SCADA,1,"2022/10/20 09:30:00",WKIEWA2,29
D,DISPATCH,UNIT_SCADA,1,"2022/10/20 09:30:00",WOODLWN1,23.418810
D,DISPATCH,UNIT_SCADA,1,"2022/10/20 09:30:00",WOOLGSF1,22.501380
D,DISPATCH,UNIT_SCADA,1,"2022/10/20 09:30:00",WPWF,49.19
D,DISPATCH,UNIT_SCADA,1,"2022/10/20 09:30:00",WRSF1,3.459580
D,DISPATCH,UNIT_SCADA,1,"2022/10/20 09:30:00",WRWF1,46.325780
D,DISPATCH,UNIT_SCADA,1,"2022/10/20 09:30:00",WSTWYSF1,0
D,DISPATCH,UNIT_SCADA,1,"2022/10/20 09:30:00",YABULU,0
D,DISPATCH,UNIT_SCADA,1,"2022/10/20 09:30:00",YABULU2,0
D,DISPATCH,UNIT_SCADA,1,"2022/10/20 09:30:00",YARANSF1,7.43
D,DISPATCH,UNIT_SCADA,1,"2022/10/20 09:30:00",YARWUN_1,163.59
D,DISPATCH,UNIT_SCADA,1,"2022/10/20 09:30:00",YATSF1,11.21
D,DISPATCH,UNIT_SCADA,1,"2022/10/20 09:30:00",YENDWF1,21.87
D,DISPATCH,UNIT_SCADA,1,"2022/10/20 09:30:00",YWPS1,330.574680
D,DISPATCH,UNIT_SCADA,1,"2022/10/20 09:30:00",YWPS2,289.721530
D,DISPATCH,UNIT_SCADA,1,"2022/10/20 09:30:00",YWPS3,324.668370
D,DISPATCH,UNIT_SCADA,1,"2022/10/20 09:30:00",YWPS4,0
C,"END OF REPORT",419
