C,NEMP.WORLD,DISPATCHSCADA,AEMO,PUBLIC,2022/10/20,06:10:09,0000000373233947,DISPATCHSCADA,0000000373233941
I,DISPATCH,UNIT_SCADA,1,SETTLEMENTDATE,DUID,SCADAVALUE
D,DISPATCH,UNIT_SCADA,1,"2022/10/20 06:15:00",BARCSF1,0.40
D,DISPATCH,UNIT_SCADA,1,"2022/10/20 06:15:00",BUTLERSG,8.699999
D,DISPATCH,UNIT_SCADA,1,"2022/10/20 06:15:00",CAPTL_WF,36.176334
D,DISPATCH,UNIT_SCADA,1,"2022/10/20 06:15:00",CHALLHWF,17.900002
D,DISPATCH,UNIT_SCADA,1,"2022/10/20 06:15:00",CLOVER,13.15
D,DISPATCH,UNIT_SCADA,1,"2022/10/20 06:15:00",CLUNY,6.319524
D,DISPATCH,UNIT_SCADA,1,"2022/10/20 06:15:00",CULLRGWF,-0.04
D,DISPATCH,UNIT_SCADA,1,"2022/10/20 06:15:00",DIAPURWF1,7.30
D,DISPATCH,UNIT_SCADA,1,"2022/10/20 06:15:00",ERGT01,0
D,DISPATCH,UNIT_SCADA,1,"2022/10/20 06:15:00",GB01,0
D,DISPATCH,UNIT_SCADA,1,"2022/10/20 06:15:00",GERMCRK,23
D,DISPATCH,UNIT_SCADA,1,"2022/10/20 06:15:00",GRIFSF1,0.700389
D,DISPATCH,UNIT_SCADA,1,"2022/10/20 06:15:00",HEZ1,0
D,DISPATCH,UNIT_SCADA,1,"2022/10/20 06:15:00",HUGSF1,-0.1740
D,DISPATCH,UNIT_SCADA,1,"2022/10/20 06:15:00",KEPBG1,0.01
D,DISPATCH,UNIT_SCADA,1,"2022/10/20 06:15:00",LRSF1,0.2280
D,DISPATCH,UNIT_SCADA,1,"2022/10/20 06:15:00",MBAHNTH,47.925003
D,DISPATCH,UNIT_SCADA,1,"2022/10/20 06:15:00",MLSP1,1.112001
D,DISPATCH,UNIT_SCADA,1,"2022/10/20 06:15:00",MLWF1,0.99
D,DISPATCH,UNIT_SCADA,1,"2022/10/20 06:15:00",PALOONA,29.969999
D,DISPATCH,UNIT_SCADA,1,"2022/10/20 06:15:00",PIONEER,44.900002
D,DISPATCH,UNIT_SCADA,1,"2022/10/20 06:15:00",PORTWF,42
D,DISPATCH,UNIT_SCADA,1,"2022/10/20 06:15:00",REPULSE,9.701686
D,DISPATCH,UNIT_SCADA,1,"2022/10/20 06:15:00",ROWALLAN,8.9815
D,DISPATCH,UNIT_SCADA,1,"2022/10/20 06:15:00",ROYALLA1,1.682003
D,DISPATCH,UNIT_SCADA,1,"2022/10/20 06:15:00",RPCG,-1.20
D,DISPATCH,UNIT_SCADA,1,"2022/10/20 06:15:00",RUBICON,0
D,DISPATCH,UNIT_SCADA,1,"2022/10/20 06:15:00",WAUBRAWF,70.550003
D,DISPATCH,UNIT_SCADA,1,"2022/10/20 06:15:00",WOOLNTH1,29.790001
D,DISPATCH,UNIT_SCADA,1,"2022/10/20 06:15:00",YAMBUKWF,4.50
D,DISPATCH,UNIT_SCADA,1,"2022/10/20 06:15:00",YSWF1,0.80
D,DISPATCH,UNIT_SCADA,1,"2022/10/20 06:15:00",ADPBA1G,0.0080
D,DISPATCH,UNIT_SCADA,1,"2022/10/20 06:15:00",ADPBA1L,0
D,DISPATCH,UNIT_SCADA,1,"2022/10/20 06:15:00",ADPPV1,0.3450
D,DISPATCH,UNIT_SCADA,1,"2022/10/20 06:15:00",AGLHAL,0
D,DISPATCH,UNIT_SCADA,1,"2022/10/20 06:15:00",AGLSOM,0
D,DISPATCH,UNIT_SCADA,1,"2022/10/20 06:15:00",ANGAST1,0
D,DISPATCH,UNIT_SCADA,1,"2022/10/20 06:15:00",ARWF1,6.80
D,DISPATCH,UNIT_SCADA,1,"2022/10/20 06:15:00",BALBG1,0
D,DISPATCH,UNIT_SCADA,1,"2022/10/20 06:15:00",BALBL1,0
D,DISPATCH,UNIT_SCADA,1,"2022/10/20 06:15:00",BALDHWF1,1.4850
D,DISPATCH,UNIT_SCADA,1,"2022/10/20 06:15:00",BANGOWF1,65.398950
D,DISPATCH,UNIT_SCADA,1,"2022/10/20 06:15:00",BANGOWF2,67.798970
D,DISPATCH,UNIT_SCADA,1,"2022/10/20 06:15:00",BANN1,1.06
D,DISPATCH,UNIT_SCADA,1,"2022/10/20 06:15:00",BARCALDN,0
D,DISPATCH,UNIT_SCADA,1,"2022/10/20 06:15:00",BARKIPS1,0
D,DISPATCH,UNIT_SCADA,1,"2022/10/20 06:15:00",BARRON-1,28.04
D,DISPATCH,UNIT_SCADA,1,"2022/10/20 06:15:00",BARRON-2,0
D,DISPATCH,UNIT_SCADA,1,"2022/10/20 06:15:00",BASTYAN,69.790010
D,DISPATCH,UNIT_SCADA,1,"2022/10/20 06:15:00",BBTHREE1,-1.08
D,DISPATCH,UNIT_SCADA,1,"2022/10/20 06:15:00",BBTHREE2,0
D,DISPATCH,UNIT_SCADA,1,"2022/10/20 06:15:00",BBTHREE3,0
D,DISPATCH,UNIT_SCADA,1,"2022/10/20 06:15:00",BDL01,0
D,DISPATCH,UNIT_SCADA,1,"2022/10/20 06:15:00",BDL02,0
D,DISPATCH,UNIT_SCADA,1,"2022/10/20 06:15:00",BERYLSF1,0.622610
D,DISPATCH,UNIT_SCADA,1,"2022/10/20 06:15:00",BLOWERNG,62.60
D,DISPATCH,UNIT_SCADA,1,"2022/10/20 06:15:00",BLUEGSF1,3.126780
D,DISPATCH,UNIT_SCADA,1,"2022/10/20 06:15:00",BLUFF1,4.60
D,DISPATCH,UNIT_SCADA,1,"2022/10/20 06:15:00",BNGSF1,0
D,DISPATCH,UNIT_SCADA,1,"2022/10/20 06:15:00",BNGSF2,0
D,DISPATCH,UNIT_SCADA,1,"2022/10/20 06:15:00",BOCORWF1,0
D,DISPATCH,UNIT_SCADA,1,"2022/10/20 06:15:00",BODWF1,105.092830
D,DISPATCH,UNIT_SCADA,1,"2022/10/20 06:15:00",BOMENSF1,20.671090
D,DISPATCH,UNIT_SCADA,1,"2022/10/20 06:15:00",BOWWBA1G,0
D,DISPATCH,UNIT_SCADA,1,"2022/10/20 06:15:00",BOWWBA1L,0.0040
D,DISPATCH,UNIT_SCADA,1,"2022/10/20 06:15:00",BOWWPV1,0
D,DISPATCH,UNIT_SCADA,1,"2022/10/20 06:15:00",BRAEMAR1,0
D,DISPATCH,UNIT_SCADA,1,"2022/10/20 06:15:00",BRAEMAR2,0
D,DISPATCH,UNIT_SCADA,1,"2022/10/20 06:15:00",BRAEMAR3,0
D,DISPATCH,UNIT_SCADA,1,"2022/10/20 06:15:00",BRAEMAR5,0.292060
D,DISPATCH,UNIT_SCADA,1,"2022/10/20 06:15:00",BRAEMAR6,0
D,DISPATCH,UNIT_SCADA,1,"2022/10/20 06:15:00",BRAEMAR7,0.130920
D,DISPATCH,UNIT_SCADA,1,"2022/10/20 06:15:00",BROKENH1,0
D,DISPATCH,UNIT_SCADA,1,"2022/10/20 06:15:00",BRYB1WF1,83.848330
D,DISPATCH,UNIT_SCADA,1,"2022/10/20 06:15:00",BULBESG1,0
D,DISPATCH,UNIT_SCADA,1,"2022/10/20 06:15:00",BULBESL1,0.03
D,DISPATCH,UNIT_SCADA,1,"2022/10/20 06:15:00",BULGANA1,58.72
D,DISPATCH,UNIT_SCADA,1,"2022/10/20 06:15:00",BW01,611.984440
D,DISPATCH,UNIT_SCADA,1,"2022/10/20 06:15:00",BW02,616.818480
D,DISPATCH,UNIT_SCADA,1,"2022/10/20 06:15:00",BW03,548.287170
D,DISPATCH,UNIT_SCADA,1,"2022/10/20 06:15:00",BW04,0
D,DISPATCH,UNIT_SCADA,1,"2022/10/20 06:15:00",CALL_B_1,319.300020
D,DISPATCH,UNIT_SCADA,1,"2022/10/20 06:15:00",CALL_B_2,320.399990
D,DISPATCH,UNIT_SCADA,1,"2022/10/20 06:15:00",CATHROCK,5.80
D,DISPATCH,UNIT_SCADA,1,"2022/10/20 06:15:00",CBWWBA1G,0
D,DISPATCH,UNIT_SCADA,1,"2022/10/20 06:15:00",CBWWBA1L,0
D,DISPATCH,UNIT_SCADA,1,"2022/10/20 06:15:00",CETHANA,97.7055
D,DISPATCH,UNIT_SCADA,1,"2022/10/20 06:15:00",CG1,0
D,DISPATCH,UNIT_SCADA,1,"2022/10/20 06:15:00",CG2,0
D,DISPATCH,UNIT_SCADA,1,"2022/10/20 06:15:00",CG3,0
D,DISPATCH,UNIT_SCADA,1,"2022/10/20 06:15:00",CG4,0
D,DISPATCH,UNIT_SCADA,1,"2022/10/20 06:15:00",CHILDSF1,0.33
D,DISPATCH,UNIT_SCADA,1,"2022/10/20 06:15:00",CHYTWF1,6.60
D,DISPATCH,UNIT_SCADA,1,"2022/10/20 06:15:00",CLARESF1,0
D,DISPATCH,UNIT_SCADA,1,"2022/10/20 06:15:00",CLEMGPWF,4.466170
D,DISPATCH,UNIT_SCADA,1,"2022/10/20 06:15:00",CLERMSF1,0
D,DISPATCH,UNIT_SCADA,1,"2022/10/20 06:15:00",CNUNDAWF,14.617050
D,DISPATCH,UNIT_SCADA,1,"2022/10/20 06:15:00",COHUNSF1,0.38
D,DISPATCH,UNIT_SCADA,1,"2022/10/20 06:15:00",COLEASF1,3.203250
D,DISPATCH,UNIT_SCADA,1,"2022/10/20 06:15:00",COLUMSF1,1.4640
D,DISPATCH,UNIT_SCADA,1,"2022/10/20 06:15:00",COLWF01,99.279780
D,DISPATCH,UNIT_SCADA,1,"2022/10/20 06:15:00",COOPGWF1,365.72
D,DISPATCH,UNIT_SCADA,1,"2022/10/20 06:15:00",CPP_3,363
D,DISPATCH,UNIT_SCADA,1,"2022/10/20 06:15:00",CPP_4,0
D,DISPATCH,UNIT_SCADA,1,"2022/10/20 06:15:00",CPSA,0
D,DISPATCH,UNIT_SCADA,1,"2022/10/20 06:15:00",CROOKWF2,35.443050
D,DISPATCH,UNIT_SCADA,1,"2022/10/20 06:15:00",CROWLWF1,42.481660
D,DISPATCH,UNIT_SCADA,1,"2022/10/20 06:15:00",CRURWF1,90.898530
D,DISPATCH,UNIT_SCADA,1,"2022/10/20 06:15:00",CRWASF1,5.745150
D,DISPATCH,UNIT_SCADA,1,"2022/10/20 06:15:00",CSPVPS1,1.3930
D,DISPATCH,UNIT_SCADA,1,"2022/10/20 06:15:00",CTHLWF1,0.003050
D,DISPATCH,UNIT_SCADA,1,"2022/10/20 06:15:00",DALNTH01,0
D,DISPATCH,UNIT_SCADA,1,"2022/10/20 06:15:00",DALNTHL1,5.992210
D,DISPATCH,UNIT_SCADA,1,"2022/10/20 06:15:00",DARLSF1,6.646280
D,DISPATCH,UNIT_SCADA,1,"2022/10/20 06:15:00",DARTM1,0
D,DISPATCH,UNIT_SCADA,1,"2022/10/20 06:15:00",DAYDSF1,5.7690
D,DISPATCH,UNIT_SCADA,1,"2022/10/20 06:15:00",DDPS1,0
D,DISPATCH,UNIT_SCADA,1,"2022/10/20 06:15:00",DDSF1,0.194840
D,DISPATCH,UNIT_SCADA,1,"2022/10/20 06:15:00",DEVILS_G,60.578020
D,DISPATCH,UNIT_SCADA,1,"2022/10/20 06:15:00",DG_NSW1,0
D,DISPATCH,UNIT_SCADA,1,"2022/10/20 06:15:00",DG_QLD1,0
D,DISPATCH,UNIT_SCADA,1,"2022/10/20 06:15:00",DG_SA1,0
D,DISPATCH,UNIT_SCADA,1,"2022/10/20 06:15:00",DG_TAS1,0
D,DISPATCH,UNIT_SCADA,1,"2022/10/20 06:15:00",DG_VIC1,0
D,DISPATCH,UNIT_SCADA,1,"2022/10/20 06:15:00",DRYCGT1,0
D,DISPATCH,UNIT_SCADA,1,"2022/10/20 06:15:00",DRYCGT2,0
D,DISPATCH,UNIT_SCADA,1,"2022/10/20 06:15:00",DRYCGT3,0
D,DISPATCH,UNIT_SCADA,1,"2022/10/20 06:15:00",DUNDWF1,62.70
D,DISPATCH,UNIT_SCADA,1,"2022/10/20 06:15:00",DUNDWF2,20.68
D,DISPATCH,UNIT_SCADA,1,"2022/10/20 06:15:00",DUNDWF3,35.72
D,DISPATCH,UNIT_SCADA,1,"2022/10/20 06:15:00",EILDON1,60.08
D,DISPATCH,UNIT_SCADA,1,"2022/10/20 06:15:00",EILDON2,60.04
D,DISPATCH,UNIT_SCADA,1,"2022/10/20 06:15:00",ELAINWF1,21.40
D,DISPATCH,UNIT_SCADA,1,"2022/10/20 06:15:00",EMERASF1,0
D,DISPATCH,UNIT_SCADA,1,"2022/10/20 06:15:00",ER01,0
D,DISPATCH,UNIT_SCADA,1,"2022/10/20 06:15:00",ER02,673.752930
D,DISPATCH,UNIT_SCADA,1,"2022/10/20 06:15:00",ER03,673.826170
D,DISPATCH,UNIT_SCADA,1,"2022/10/20 06:15:00",ER04,683.933780
D,DISPATCH,UNIT_SCADA,1,"2022/10/20 06:15:00",FINLYSF1,20.920120
D,DISPATCH,UNIT_SCADA,1,"2022/10/20 06:15:00",FISHER,46.07
D,DISPATCH,UNIT_SCADA,1,"2022/10/20 06:15:00",GANGARR1,4.3180
D,DISPATCH,UNIT_SCADA,1,"2022/10/20 06:15:00",GANNBG1,15.077850
D,DISPATCH,UNIT_SCADA,1,"2022/10/20 06:15:00",GANNBL1,0
D,DISPATCH,UNIT_SCADA,1,"2022/10/20 06:15:00",GANNSF1,2
D,DISPATCH,UNIT_SCADA,1,"2022/10/20 06:15:00",GLRWNSF1,17.39
D,DISPATCH,UNIT_SCADA,1,"2022/10/20 06:15:00",GNNDHSF1,4.388420
D,DISPATCH,UNIT_SCADA,1,"2022/10/20 06:15:00",GOONSF1,0.313730
D,DISPATCH,UNIT_SCADA,1,"2022/10/20 06:15:00",GORDON,239.379010
D,DISPATCH,UNIT_SCADA,1,"2022/10/20 06:15:00",GRANWF1,13.36
D,DISPATCH,UNIT_SCADA,1,"2022/10/20 06:15:00",GSTONE1,200.899990
D,DISPATCH,UNIT_SCADA,1,"2022/10/20 06:15:00",GSTONE2,0
D,DISPATCH,UNIT_SCADA,1,"2022/10/20 06:15:00",GSTONE3,199.6750
D,DISPATCH,UNIT_SCADA,1,"2022/10/20 06:15:00",GSTONE4,0
D,DISPATCH,UNIT_SCADA,1,"2022/10/20 06:15:00",GSTONE5,201.0750
D,DISPATCH,UNIT_SCADA,1,"2022/10/20 06:15:00",GSTONE6,200.20
D,DISPATCH,UNIT_SCADA,1,"2022/10/20 06:15:00",GULLRSF1,0
D,DISPATCH,UNIT_SCADA,1,"2022/10/20 06:15:00",GULLRWF1,71.403920
D,DISPATCH,UNIT_SCADA,1,"2022/10/20 06:15:00",GULLRWF2,103.106550
D,DISPATCH,UNIT_SCADA,1,"2022/10/20 06:15:00",GUNNING1,0
D,DISPATCH,UNIT_SCADA,1,"2022/10/20 06:15:00",GUTHEGA,67.70
D,DISPATCH,UNIT_SCADA,1,"2022/10/20 06:15:00",HALLWF1,67.16
D,DISPATCH,UNIT_SCADA,1,"2022/10/20 06:15:00",HALLWF2,49.15
D,DISPATCH,UNIT_SCADA,1,"2022/10/20 06:15:00",HAMISF1,2.10
D,DISPATCH,UNIT_SCADA,1,"2022/10/20 06:15:00",HAUGHT11,3.737980
D,DISPATCH,UNIT_SCADA,1,"2022/10/20 06:15:00",HAYMSF1,0
D,DISPATCH,UNIT_SCADA,1,"2022/10/20 06:15:00",HDWF1,43.20
D,DISPATCH,UNIT_SCADA,1,"2022/10/20 06:15:00",HDWF2,23.20
D,DISPATCH,UNIT_SCADA,1,"2022/10/20 06:15:00",HDWF3,25.10
D,DISPATCH,UNIT_SCADA,1,"2022/10/20 06:15:00",HILLSTN1,0.976830
D,DISPATCH,UNIT_SCADA,1,"2022/10/20 06:15:00",HPRG1,0
D,DISPATCH,UNIT_SCADA,1,"2022/10/20 06:15:00",HPRL1,0
D,DISPATCH,UNIT_SCADA,1,"2022/10/20 06:15:00",HUMENSW,55.222740
D,DISPATCH,UNIT_SCADA,1,"2022/10/20 06:15:00",HUMEV,0
D,DISPATCH,UNIT_SCADA,1,"2022/10/20 06:15:00",HVWWBA1G,0
D,DISPATCH,UNIT_SCADA,1,"2022/10/20 06:15:00",HVWWBA1L,0.0070
D,DISPATCH,UNIT_SCADA,1,"2022/10/20 06:15:00",HVWWPV1,0.2070
D,DISPATCH,UNIT_SCADA,1,"2022/10/20 06:15:00",JBUTTERS,0
D,DISPATCH,UNIT_SCADA,1,"2022/10/20 06:15:00",JEMALNG1,0
D,DISPATCH,UNIT_SCADA,1,"2022/10/20 06:15:00",JLA01,0
D,DISPATCH,UNIT_SCADA,1,"2022/10/20 06:15:00",JLA02,0
D,DISPATCH,UNIT_SCADA,1,"2022/10/20 06:15:00",JLA03,0
D,DISPATCH,UNIT_SCADA,1,"2022/10/20 06:15:00",JLA04,0
D,DISPATCH,UNIT_SCADA,1,"2022/10/20 06:15:00",JLB01,0
D,DISPATCH,UNIT_SCADA,1,"2022/10/20 06:15:00",JLB02,0.10
D,DISPATCH,UNIT_SCADA,1,"2022/10/20 06:15:00",JLB03,0
D,DISPATCH,UNIT_SCADA,1,"2022/10/20 06:15:00",JUNEESF1,2.6487
D,DISPATCH,UNIT_SCADA,1,"2022/10/20 06:15:00",KABANWF1,1.3980
D,DISPATCH,UNIT_SCADA,1,"2022/10/20 06:15:00",KAREEYA1,17.9225
D,DISPATCH,UNIT_SCADA,1,"2022/10/20 06:15:00",KAREEYA2,0
D,DISPATCH,UNIT_SCADA,1,"2022/10/20 06:15:00",KAREEYA3,21.3575
D,DISPATCH,UNIT_SCADA,1,"2022/10/20 06:15:00",KAREEYA4,0
D,DISPATCH,UNIT_SCADA,1,"2022/10/20 06:15:00",KARSF1,1.60
D,DISPATCH,UNIT_SCADA,1,"2022/10/20 06:15:00",KEPSF1,0
D,DISPATCH,UNIT_SCADA,1,"2022/10/20 06:15:00",KEPWF1,0
D,DISPATCH,UNIT_SCADA,1,"2022/10/20 06:15:00",KIAMSF1,0.598920
D,DISPATCH,UNIT_SCADA,1,"2022/10/20 06:15:00",KIATAWF1,31
D,DISPATCH,UNIT_SCADA,1,"2022/10/20 06:15:00",KPP_1,0
D,DISPATCH,UNIT_SCADA,1,"2022/10/20 06:15:00",KSP1,0.34
D,DISPATCH,UNIT_SCADA,1,"2022/10/20 06:15:00",LADBROK1,0.01
D,DISPATCH,UNIT_SCADA,1,"2022/10/20 06:15:00",LADBROK2,37.69
D,DISPATCH,UNIT_SCADA,1,"2022/10/20 06:15:00",LBBG1,1.80
D,DISPATCH,UNIT_SCADA,1,"2022/10/20 06:15:00",LBBL1,0
D,DISPATCH,UNIT_SCADA,1,"2022/10/20 06:15:00",LD01,320.114750
D,DISPATCH,UNIT_SCADA,1,"2022/10/20 06:15:00",LD02,0
D,DISPATCH,UNIT_SCADA,1,"2022/10/20 06:15:00",LD04,318.540010
D,DISPATCH,UNIT_SCADA,1,"2022/10/20 06:15:00",LEM_WIL,86.886410
D,DISPATCH,UNIT_SCADA,1,"2022/10/20 06:15:00",LGAPWF1,92.41
D,DISPATCH,UNIT_SCADA,1,"2022/10/20 06:15:00",LGAPWF2,61.05
D,DISPATCH,UNIT_SCADA,1,"2022/10/20 06:15:00",LILYSF1,0
D,DISPATCH,UNIT_SCADA,1,"2022/10/20 06:15:00",LIMOSF11,6.782790
D,DISPATCH,UNIT_SCADA,1,"2022/10/20 06:15:00",LIMOSF21,0.8452
D,DISPATCH,UNIT_SCADA,1,"2022/10/20 06:15:00",LI_WY_CA,76.969090
D,DISPATCH,UNIT_SCADA,1,"2022/10/20 06:15:00",LKBONNY1,0
D,DISPATCH,UNIT_SCADA,1,"2022/10/20 06:15:00",LKBONNY2,28.835390
D,DISPATCH,UNIT_SCADA,1,"2022/10/20 06:15:00",LKBONNY3,7.870910
D,DISPATCH,UNIT_SCADA,1,"2022/10/20 06:15:00",LK_ECHO,0
D,DISPATCH,UNIT_SCADA,1,"2022/10/20 06:15:00",LNGS1,0
D,DISPATCH,UNIT_SCADA,1,"2022/10/20 06:15:00",LNGS2,0
D,DISPATCH,UNIT_SCADA,1,"2022/10/20 06:15:00",LONSDALE,0
D,DISPATCH,UNIT_SCADA,1,"2022/10/20 06:15:00",LOYYB1,579.322810
D,DISPATCH,UNIT_SCADA,1,"2022/10/20 06:15:00",LOYYB2,574.435420
D,DISPATCH,UNIT_SCADA,1,"2022/10/20 06:15:00",LYA1,555
D,DISPATCH,UNIT_SCADA,1,"2022/10/20 06:15:00",LYA2,0
D,DISPATCH,UNIT_SCADA,1,"2022/10/20 06:15:00",LYA3,555
D,DISPATCH,UNIT_SCADA,1,"2022/10/20 06:15:00",LYA4,555
D,DISPATCH,UNIT_SCADA,1,"2022/10/20 06:15:00",MACARTH1,51.298820
D,DISPATCH,UNIT_SCADA,1,"2022/10/20 06:15:00",MACKNTSH,0
D,DISPATCH,UNIT_SCADA,1,"2022/10/20 06:15:00",MANSLR1,0
D,DISPATCH,UNIT_SCADA,1,"2022/10/20 06:15:00",MAPS2PV1,0
D,DISPATCH,UNIT_SCADA,1,"2022/10/20 06:15:00",MAPS3PV1,0
D,DISPATCH,UNIT_SCADA,1,"2022/10/20 06:15:00",MARYRSF1,0.85
D,DISPATCH,UNIT_SCADA,1,"2022/10/20 06:15:00",MBPS2PV1,0
D,DISPATCH,UNIT_SCADA,1,"2022/10/20 06:15:00",MCKAY1,239.314990
D,DISPATCH,UNIT_SCADA,1,"2022/10/20 06:15:00",MEADOWBK,19.977420
D,DISPATCH,UNIT_SCADA,1,"2022/10/20 06:15:00",MERCER01,21.90
D,DISPATCH,UNIT_SCADA,1,"2022/10/20 06:15:00",METZSF1,12.926640
D,DISPATCH,UNIT_SCADA,1,"2022/10/20 06:15:00",MEWF1,0
D,DISPATCH,UNIT_SCADA,1,"2022/10/20 06:15:00",MIDDLSF1,0.55
D,DISPATCH,UNIT_SCADA,1,"2022/10/20 06:15:00",MINTARO,0.128180
D,DISPATCH,UNIT_SCADA,1,"2022/10/20 06:15:00",MOLNGSF1,0
D,DISPATCH,UNIT_SCADA,1,"2022/10/20 06:15:00",MOORAWF1,28.85
D,DISPATCH,UNIT_SCADA,1,"2022/10/20 06:15:00",MOREESF1,1.1640
D,DISPATCH,UNIT_SCADA,1,"2022/10/20 06:15:00",MORTLK11,0
D,DISPATCH,UNIT_SCADA,1,"2022/10/20 06:15:00",MORTLK12,0
D,DISPATCH,UNIT_SCADA,1,"2022/10/20 06:15:00",MOUSF1,0
D,DISPATCH,UNIT_SCADA,1,"2022/10/20 06:15:00",MP1,0
D,DISPATCH,UNIT_SCADA,1,"2022/10/20 06:15:00",MP2,548.262760
D,DISPATCH,UNIT_SCADA,1,"2022/10/20 06:15:00",MPP_1,171.667130
D,DISPATCH,UNIT_SCADA,1,"2022/10/20 06:15:00",MPP_2,0
D,DISPATCH,UNIT_SCADA,1,"2022/10/20 06:15:00",MRTLSWF1,0
D,DISPATCH,UNIT_SCADA,1,"2022/10/20 06:15:00",MSTUART1,0
D,DISPATCH,UNIT_SCADA,1,"2022/10/20 06:15:00",MSTUART2,0
D,DISPATCH,UNIT_SCADA,1,"2022/10/20 06:15:00",MSTUART3,0
D,DISPATCH,UNIT_SCADA,1,"2022/10/20 06:15:00",MTGELWF1,24.8146
D,DISPATCH,UNIT_SCADA,1,"2022/10/20 06:15:00",MTMILLAR,11
D,DISPATCH,UNIT_SCADA,1,"2022/10/20 06:15:00",MURRAY,59.70
D,DISPATCH,UNIT_SCADA,1,"2022/10/20 06:15:00",MUSSELR1,5.40
D,DISPATCH,UNIT_SCADA,1,"2022/10/20 06:15:00",MUWAWF1,181.69
D,DISPATCH,UNIT_SCADA,1,"2022/10/20 06:15:00",MUWAWF2,172.899990
D,DISPATCH,UNIT_SCADA,1,"2022/10/20 06:15:00",MWPS1PV1,0.01
D,DISPATCH,UNIT_SCADA,1,"2022/10/20 06:15:00",MWPS2PV1,0.03
D,DISPATCH,UNIT_SCADA,1,"2022/10/20 06:15:00",MWPS3PV1,0
D,DISPATCH,UNIT_SCADA,1,"2022/10/20 06:15:00",MWPS4PV1,0.01
D,DISPATCH,UNIT_SCADA,1,"2022/10/20 06:15:00",NBHWF1,105.70
D,DISPATCH,UNIT_SCADA,1,"2022/10/20 06:15:00",NEVERSF1,0.75
D,DISPATCH,UNIT_SCADA,1,"2022/10/20 06:15:00",NPS,0
D,DISPATCH,UNIT_SCADA,1,"2022/10/20 06:15:00",NUMURSF1,22.7430
D,DISPATCH,UNIT_SCADA,1,"2022/10/20 06:15:00",NYNGAN1,0
D,DISPATCH,UNIT_SCADA,1,"2022/10/20 06:15:00",OAKEY1,0
D,DISPATCH,UNIT_SCADA,1,"2022/10/20 06:15:00",OAKEY1SF,0.8050
D,DISPATCH,UNIT_SCADA,1,"2022/10/20 06:15:00",OAKEY2,0
D,DISPATCH,UNIT_SCADA,1,"2022/10/20 06:15:00",OAKEY2SF,1.54
D,DISPATCH,UNIT_SCADA,1,"2022/10/20 06:15:00",OAKLAND1,22.50
D,DISPATCH,UNIT_SCADA,1,"2022/10/20 06:15:00",OSB-AG,0
D,DISPATCH,UNIT_SCADA,1,"2022/10/20 06:15:00",PAREPS1,0.0660
D,DISPATCH,UNIT_SCADA,1,"2022/10/20 06:15:00",PAREPW1,93.23
D,DISPATCH,UNIT_SCADA,1,"2022/10/20 06:15:00",PARSF1,0.3006
D,DISPATCH,UNIT_SCADA,1,"2022/10/20 06:15:00",POAT110,0
D,DISPATCH,UNIT_SCADA,1,"2022/10/20 06:15:00",POAT220,0
D,DISPATCH,UNIT_SCADA,1,"2022/10/20 06:15:00",POR01,0
D,DISPATCH,UNIT_SCADA,1,"2022/10/20 06:15:00",POR03,0
D,DISPATCH,UNIT_SCADA,1,"2022/10/20 06:15:00",PPCCGT,172.881030
D,DISPATCH,UNIT_SCADA,1,"2022/10/20 06:15:00",PTSTAN1,0
D,DISPATCH,UNIT_SCADA,1,"2022/10/20 06:15:00",PUMP1,0
D,DISPATCH,UNIT_SCADA,1,"2022/10/20 06:15:00",PUMP2,0
D,DISPATCH,UNIT_SCADA,1,"2022/10/20 06:15:00",QBYNBG1,0
D,DISPATCH,UNIT_SCADA,1,"2022/10/20 06:15:00",QBYNBL1,0.0035
D,DISPATCH,UNIT_SCADA,1,"2022/10/20 06:15:00",QPS1,0
D,DISPATCH,UNIT_SCADA,1,"2022/10/20 06:15:00",QPS2,0
D,DISPATCH,UNIT_SCADA,1,"2022/10/20 06:15:00",QPS3,0
D,DISPATCH,UNIT_SCADA,1,"2022/10/20 06:15:00",QPS4,0
D,DISPATCH,UNIT_SCADA,1,"2022/10/20 06:15:00",QPS5,75.52
D,DISPATCH,UNIT_SCADA,1,"2022/10/20 06:15:00",REECE1,46.662190
D,DISPATCH,UNIT_SCADA,1,"2022/10/20 06:15:00",REECE2,61.12
D,DISPATCH,UNIT_SCADA,1,"2022/10/20 06:15:00",ROMA_7,0
D,DISPATCH,UNIT_SCADA,1,"2022/10/20 06:15:00",ROMA_8,0
D,DISPATCH,UNIT_SCADA,1,"2022/10/20 06:15:00",RRSF1,4.601360
D,DISPATCH,UNIT_SCADA,1,"2022/10/20 06:15:00",RT_NSW1,0
D,DISPATCH,UNIT_SCADA,1,"2022/10/20 06:15:00",RT_NSW2,0
D,DISPATCH,UNIT_SCADA,1,"2022/10/20 06:15:00",RT_NSW3,0
D,DISPATCH,UNIT_SCADA,1,"2022/10/20 06:15:00",RT_NSW4,0
D,DISPATCH,UNIT_SCADA,1,"2022/10/20 06:15:00",RT_NSW5,0
D,DISPATCH,UNIT_SCADA,1,"2022/10/20 06:15:00",RT_NSW6,0
D,DISPATCH,UNIT_SCADA,1,"2022/10/20 06:15:00",RT_QLD1,0
D,DISPATCH,UNIT_SCADA,1,"2022/10/20 06:15:00",RT_SA1,0
D,DISPATCH,UNIT_SCADA,1,"2022/10/20 06:15:00",RT_SA2,0
D,DISPATCH,UNIT_SCADA,1,"2022/10/20 06:15:00",RT_SA3,0
D,DISPATCH,UNIT_SCADA,1,"2022/10/20 06:15:00",RT_SA4,0
D,DISPATCH,UNIT_SCADA,1,"2022/10/20 06:15:00",RT_SA5,0
D,DISPATCH,UNIT_SCADA,1,"2022/10/20 06:15:00",RT_SA6,0
D,DISPATCH,UNIT_SCADA,1,"2022/10/20 06:15:00",RT_TAS1,0
D,DISPATCH,UNIT_SCADA,1,"2022/10/20 06:15:00",RT_VIC1,0
D,DISPATCH,UNIT_SCADA,1,"2022/10/20 06:15:00",RT_VIC10,0
D,DISPATCH,UNIT_SCADA,1,"2022/10/20 06:15:00",RT_VIC11,0
D,DISPATCH,UNIT_SCADA,1,"2022/10/20 06:15:00",RT_VIC12,0
D,DISPATCH,UNIT_SCADA,1,"2022/10/20 06:15:00",RT_VIC2,0
D,DISPATCH,UNIT_SCADA,1,"2022/10/20 06:15:00",RT_VIC3,0
D,DISPATCH,UNIT_SCADA,1,"2022/10/20 06:15:00",RT_VIC4,0
D,DISPATCH,UNIT_SCADA,1,"2022/10/20 06:15:00",RT_VIC5,0
D,DISPATCH,UNIT_SCADA,1,"2022/10/20 06:15:00",RT_VIC6,0
D,DISPATCH,UNIT_SCADA,1,"2022/10/20 06:15:00",RT_VIC7,0
D,DISPATCH,UNIT_SCADA,1,"2022/10/20 06:15:00",RT_VIC8,0
D,DISPATCH,UNIT_SCADA,1,"2022/10/20 06:15:00",RT_VIC9,0
D,DISPATCH,UNIT_SCADA,1,"2022/10/20 06:15:00",RUGBYR1,1.172420
D,DISPATCH,UNIT_SCADA,1,"2022/10/20 06:15:00",SALTCRK1,11.52
D,DISPATCH,UNIT_SCADA,1,"2022/10/20 06:15:00",SAPHWF1,251.229110
D,DISPATCH,UNIT_SCADA,1,"2022/10/20 06:15:00",SEBSF1,6.953130
D,DISPATCH,UNIT_SCADA,1,"2022/10/20 06:15:00",SHGEN,0
D,DISPATCH,UNIT_SCADA,1,"2022/10/20 06:15:00",SHPUMP,0
D,DISPATCH,UNIT_SCADA,1,"2022/10/20 06:15:00",SITHE01,0.123710
D,DISPATCH,UNIT_SCADA,1,"2022/10/20 06:15:00",SMCSF1,0
D,DISPATCH,UNIT_SCADA,1,"2022/10/20 06:15:00",SNAPPER1,0
D,DISPATCH,UNIT_SCADA,1,"2022/10/20 06:15:00",SNOWNTH1,137.100010
D,DISPATCH,UNIT_SCADA,1,"2022/10/20 06:15:00",SNOWSTH1,120.20
D,DISPATCH,UNIT_SCADA,1,"2022/10/20 06:15:00",SNOWTWN1,82.901880
D,DISPATCH,UNIT_SCADA,1,"2022/10/20 06:15:00",SNOWYP,0
D,DISPATCH,UNIT_SCADA,1,"2022/10/20 06:15:00",SNUG1,0
D,DISPATCH,UNIT_SCADA,1,"2022/10/20 06:15:00",SRSF1,2.39
D,DISPATCH,UNIT_SCADA,1,"2022/10/20 06:15:00",STAN-1,278.569240
D,DISPATCH,UNIT_SCADA,1,"2022/10/20 06:15:00",STAN-2,364.063960
D,DISPATCH,UNIT_SCADA,1,"2022/10/20 06:15:00",STAN-3,217.530880
D,DISPATCH,UNIT_SCADA,1,"2022/10/20 06:15:00",STAN-4,363.346190
D,DISPATCH,UNIT_SCADA,1,"2022/10/20 06:15:00",STARHLWF,6.698050
D,DISPATCH,UNIT_SCADA,1,"2022/10/20 06:15:00",STOCKYD1,231.89
D,DISPATCH,UNIT_SCADA,1,"2022/10/20 06:15:00",STWF1,54.520480
D,DISPATCH,UNIT_SCADA,1,"2022/10/20 06:15:00",SUNRSF1,5.314720
D,DISPATCH,UNIT_SCADA,1,"2022/10/20 06:15:00",SUNTPSF1,3.054860
D,DISPATCH,UNIT_SCADA,1,"2022/10/20 06:15:00",SWAN_E,244.2525
D,DISPATCH,UNIT_SCADA,1,"2022/10/20 06:15:00",TALWA1,0
D,DISPATCH,UNIT_SCADA,1,"2022/10/20 06:15:00",TARALGA1,0
D,DISPATCH,UNIT_SCADA,1,"2022/10/20 06:15:00",TARONG#1,348.800020
D,DISPATCH,UNIT_SCADA,1,"2022/10/20 06:15:00",TARONG#2,348.800020
D,DISPATCH,UNIT_SCADA,1,"2022/10/20 06:15:00",TARONG#3,0.90
D,DISPATCH,UNIT_SCADA,1,"2022/10/20 06:15:00",TARONG#4,295.300020
D,DISPATCH,UNIT_SCADA,1,"2022/10/20 06:15:00",TARRALEA,54
D,DISPATCH,UNIT_SCADA,1,"2022/10/20 06:15:00",TBSF1,0
D,DISPATCH,UNIT_SCADA,1,"2022/10/20 06:15:00",TNPS1,440.8750
D,DISPATCH,UNIT_SCADA,1,"2022/10/20 06:15:00",TORRB1,0
D,DISPATCH,UNIT_SCADA,1,"2022/10/20 06:15:00",TORRB2,40
D,DISPATCH,UNIT_SCADA,1,"2022/10/20 06:15:00",TORRB3,0
D,DISPATCH,UNIT_SCADA,1,"2022/10/20 06:15:00",TORRB4,0
D,DISPATCH,UNIT_SCADA,1,"2022/10/20 06:15:00",TREVALLN,99.038480
D,DISPATCH,UNIT_SCADA,1,"2022/10/20 06:15:00",TRIBUTE,0
D,DISPATCH,UNIT_SCADA,1,"2022/10/20 06:15:00",TUMUT3,0
D,DISPATCH,UNIT_SCADA,1,"2022/10/20 06:15:00",TUNGATIN,5.040020
D,DISPATCH,UNIT_SCADA,1,"2022/10/20 06:15:00",TVCC201,0
D,DISPATCH,UNIT_SCADA,1,"2022/10/20 06:15:00",TVPP104,0
D,DISPATCH,UNIT_SCADA,1,"2022/10/20 06:15:00",UPPTUMUT,0
D,DISPATCH,UNIT_SCADA,1,"2022/10/20 06:15:00",URANQ11,0
D,DISPATCH,UNIT_SCADA,1,"2022/10/20 06:15:00",URANQ12,0
D,DISPATCH,UNIT_SCADA,1,"2022/10/20 06:15:00",URANQ13,0
D,DISPATCH,UNIT_SCADA,1,"2022/10/20 06:15:00",URANQ14,0
D,DISPATCH,UNIT_SCADA,1,"2022/10/20 06:15:00",VBBG1,222.600010
D,DISPATCH,UNIT_SCADA,1,"2022/10/20 06:15:00",VBBL1,0
D,DISPATCH,UNIT_SCADA,1,"2022/10/20 06:15:00",VP5,595.941040
D,DISPATCH,UNIT_SCADA,1,"2022/10/20 06:15:00",VP6,603.216670
D,DISPATCH,UNIT_SCADA,1,"2022/10/20 06:15:00",VPGS1,0
D,DISPATCH,UNIT_SCADA,1,"2022/10/20 06:15:00",VPGS2,0
D,DISPATCH,UNIT_SCADA,1,"2022/10/20 06:15:00",VPGS3,0
D,DISPATCH,UNIT_SCADA,1,"2022/10/20 06:15:00",VPGS4,0
D,DISPATCH,UNIT_SCADA,1,"2022/10/20 06:15:00",VPGS5,0
D,DISPATCH,UNIT_SCADA,1,"2022/10/20 06:15:00",VPGS6,0
D,DISPATCH,UNIT_SCADA,1,"2022/10/20 06:15:00",W/HOE#1,0
D,DISPATCH,UNIT_SCADA,1,"2022/10/20 06:15:00",W/HOE#2,0
D,DISPATCH,UNIT_SCADA,1,"2022/10/20 06:15:00",WAGGNSF1,0
D,DISPATCH,UNIT_SCADA,1,"2022/10/20 06:15:00",WALGRVG1,0.000930
D,DISPATCH,UNIT_SCADA,1,"2022/10/20 06:15:00",WALGRVL1,0
D,DISPATCH,UNIT_SCADA,1,"2022/10/20 06:15:00",WANDBG1,0
D,DISPATCH,UNIT_SCADA,1,"2022/10/20 06:15:00",WANDBL1,0
D,DISPATCH,UNIT_SCADA,1,"2022/10/20 06:15:00",WARWSF1,1.02
D,DISPATCH,UNIT_SCADA,1,"2022/10/20 06:15:00",WARWSF2,0.93
D,DISPATCH,UNIT_SCADA,1,"2022/10/20 06:15:00",WATERLWF,80.30
D,DISPATCH,UNIT_SCADA,1,"2022/10/20 06:15:00",WDGPH1,0
D,DISPATCH,UNIT_SCADA,1,"2022/10/20 06:15:00",WELLSF1,2.035550
D,DISPATCH,UNIT_SCADA,1,"2022/10/20 06:15:00",WEMENSF1,0.20
D,DISPATCH,UNIT_SCADA,1,"2022/10/20 06:15:00",WGWF1,119.50
D,DISPATCH,UNIT_SCADA,1,"2022/10/20 06:15:00",WHITSF1,2.90
D,DISPATCH,UNIT_SCADA,1,"2022/10/20 06:15:00",WINTSF1,10.77
D,DISPATCH,UNIT_SCADA,1,"2022/10/20 06:15:00",WKIEWA1,33.90
D,DISPATCH,UNIT_SCADA,1,"2022/10/20 06:15:00",WKIEWA2,34
D,DISPATCH,UNIT_SCADA,1,"2022/10/20 06:15:00",WOODLWN1,27.892520
D,DISPATCH,UNIT_SCADA,1,"2022/10/20 06:15:00",WOOLGSF1,1.948990
D,DISPATCH,UNIT_SCADA,1,"2022/10/20 06:15:00",WPWF,47.26
D,DISPATCH,UNIT_SCADA,1,"2022/10/20 06:15:00",WRSF1,0.610370
D,DISPATCH,UNIT_SCADA,1,"2022/10/20 06:15:00",WRWF1,61.933930
D,DISPATCH,UNIT_SCADA,1,"2022/10/20 06:15:00",WSTWYSF1,0
D,DISPATCH,UNIT_SCADA,1,"2022/10/20 06:15:00",YABULU,0
D,DISPATCH,UNIT_SCADA,1,"2022/10/20 06:15:00",YABULU2,0
D,DISPATCH,UNIT_SCADA,1,"2022/10/20 06:15:00",YARANSF1,2.84
D,DISPATCH,UNIT_SCADA,1,"2022/10/20 06:15:00",YARWUN_1,129.099990
D,DISPATCH,UNIT_SCADA,1,"2022/10/20 06:15:00",YATSF1,1.29
D,DISPATCH,UNIT_SCADA,1,"2022/10/20 06:15:00",YENDWF1,39.59
D,DISPATCH,UNIT_SCADA,1,"2022/10/20 06:15:00",YWPS1,364.911410
D,DISPATCH,UNIT_SCADA,1,"2022/10/20 06:15:00",YWPS2,289.721530
D,DISPATCH,UNIT_SCADA,1,"2022/10/20 06:15:00",YWPS3,359.106320
D,DISPATCH,UNIT_SCADA,1,"2022/10/20 06:15:00",YWPS4,0
C,"END OF REPORT",419
