C,NEMP.WORLD,DISPATCHSCADA,AEMO,PUBLIC,2022/10/20,21:50:09,0000000373283076,DISPATCHSCADA,0000000373283070
I,DISPATCH,UNIT_SCADA,1,SETTLEMENTDATE,DUID,SCADAVALUE
D,DISPATCH,UNIT_SCADA,1,"2022/10/20 21:55:00",BARCSF1,0
D,DISPATCH,UNIT_SCADA,1,"2022/10/20 21:55:00",BUTLERSG,8.699999
D,DISPATCH,UNIT_SCADA,1,"2022/10/20 21:55:00",CAPTL_WF,88.536507
D,DISPATCH,UNIT_SCADA,1,"2022/10/20 21:55:00",CHALLHWF,14.80
D,DISPATCH,UNIT_SCADA,1,"2022/10/20 21:55:00",CLOVER,13.29
D,DISPATCH,UNIT_SCADA,1,"2022/10/20 21:55:00",CLUNY,5.696040
D,DISPATCH,UNIT_SCADA,1,"2022/10/20 21:55:00",CULLRGWF,-0.03
D,DISPATCH,UNIT_SCADA,1,"2022/10/20 21:55:00",DIAPURWF1,0.70
D,DISPATCH,UNIT_SCADA,1,"2022/10/20 21:55:00",ERGT01,0
D,DISPATCH,UNIT_SCADA,1,"2022/10/20 21:55:00",GB01,0
D,DISPATCH,UNIT_SCADA,1,"2022/10/20 21:55:00",GERMCRK,19.299999
D,DISPATCH,UNIT_SCADA,1,"2022/10/20 21:55:00",GRIFSF1,0.001526
D,DISPATCH,UNIT_SCADA,1,"2022/10/20 21:55:00",HEZ1,0
D,DISPATCH,UNIT_SCADA,1,"2022/10/20 21:55:00",HUGSF1,-0.1050
D,DISPATCH,UNIT_SCADA,1,"2022/10/20 21:55:00",KEPBG1,0
D,DISPATCH,UNIT_SCADA,1,"2022/10/20 21:55:00",LRSF1,-0.0320
D,DISPATCH,UNIT_SCADA,1,"2022/10/20 21:55:00",MBAHNTH,45.262497
D,DISPATCH,UNIT_SCADA,1,"2022/10/20 21:55:00",MLSP1,0
D,DISPATCH,UNIT_SCADA,1,"2022/10/20 21:55:00",MLWF1,1.9050
D,DISPATCH,UNIT_SCADA,1,"2022/10/20 21:55:00",PALOONA,30.849998
D,DISPATCH,UNIT_SCADA,1,"2022/10/20 21:55:00",PIONEER,23.50
D,DISPATCH,UNIT_SCADA,1,"2022/10/20 21:55:00",PORTWF,44
D,DISPATCH,UNIT_SCADA,1,"2022/10/20 21:55:00",REPULSE,9.391623
D,DISPATCH,UNIT_SCADA,1,"2022/10/20 21:55:00",ROWALLAN,9.0170
D,DISPATCH,UNIT_SCADA,1,"2022/10/20 21:55:00",ROYALLA1,0
D,DISPATCH,UNIT_SCADA,1,"2022/10/20 21:55:00",RPCG,-0.50
D,DISPATCH,UNIT_SCADA,1,"2022/10/20 21:55:00",RUBICON,0
D,DISPATCH,UNIT_SCADA,1,"2022/10/20 21:55:00",WAUBRAWF,34.810001
D,DISPATCH,UNIT_SCADA,1,"2022/10/20 21:55:00",WOOLNTH1,80.979996
D,DISPATCH,UNIT_SCADA,1,"2022/10/20 21:55:00",YAMBUKWF,7.30
D,DISPATCH,UNIT_SCADA,1,"2022/10/20 21:55:00",YSWF1,0.50
D,DISPATCH,UNIT_SCADA,1,"2022/10/20 21:55:00",ADPBA1G,0.0080
D,DISPATCH,UNIT_SCADA,1,"2022/10/20 21:55:00",ADPBA1L,0
D,DISPATCH,UNIT_SCADA,1,"2022/10/20 21:55:00",ADPPV1,0
D,DISPATCH,UNIT_SCADA,1,"2022/10/20 21:55:00",AGLHAL,31.014450
D,DISPATCH,UNIT_SCADA,1,"2022/10/20 21:55:00",AGLSOM,0
D,DISPATCH,UNIT_SCADA,1,"2022/10/20 21:55:00",ANGAST1,0
D,DISPATCH,UNIT_SCADA,1,"2022/10/20 21:55:00",ARWF1,7.60
D,DISPATCH,UNIT_SCADA,1,"2022/10/20 21:55:00",BALBG1,0
D,DISPATCH,UNIT_SCADA,1,"2022/10/20 21:55:00",BALBL1,0
D,DISPATCH,UNIT_SCADA,1,"2022/10/20 21:55:00",BALDHWF1,104.962010
D,DISPATCH,UNIT_SCADA,1,"2022/10/20 21:55:00",BANGOWF1,61.399860
D,DISPATCH,UNIT_SCADA,1,"2022/10/20 21:55:00",BANGOWF2,66.797670
D,DISPATCH,UNIT_SCADA,1,"2022/10/20 21:55:00",BANN1,0
D,DISPATCH,UNIT_SCADA,1,"2022/10/20 21:55:00",BARCALDN,0
D,DISPATCH,UNIT_SCADA,1,"2022/10/20 21:55:00",BARKIPS1,192.89
D,DISPATCH,UNIT_SCADA,1,"2022/10/20 21:55:00",BARRON-1,0
D,DISPATCH,UNIT_SCADA,1,"2022/10/20 21:55:00",BARRON-2,0
D,DISPATCH,UNIT_SCADA,1,"2022/10/20 21:55:00",BASTYAN,0
D,DISPATCH,UNIT_SCADA,1,"2022/10/20 21:55:00",BBTHREE1,0
D,DISPATCH,UNIT_SCADA,1,"2022/10/20 21:55:00",BBTHREE2,0
D,DISPATCH,UNIT_SCADA,1,"2022/10/20 21:55:00",BBTHREE3,-1.11
D,DISPATCH,UNIT_SCADA,1,"2022/10/20 21:55:00",BDL01,0
D,DISPATCH,UNIT_SCADA,1,"2022/10/20 21:55:00",BDL02,0
D,DISPATCH,UNIT_SCADA,1,"2022/10/20 21:55:00",BERYLSF1,0
D,DISPATCH,UNIT_SCADA,1,"2022/10/20 21:55:00",BLOWERNG,62.40
D,DISPATCH,UNIT_SCADA,1,"2022/10/20 21:55:00",BLUEGSF1,0
D,DISPATCH,UNIT_SCADA,1,"2022/10/20 21:55:00",BLUFF1,11
D,DISPATCH,UNIT_SCADA,1,"2022/10/20 21:55:00",BNGSF1,0
D,DISPATCH,UNIT_SCADA,1,"2022/10/20 21:55:00",BNGSF2,0
D,DISPATCH,UNIT_SCADA,1,"2022/10/20 21:55:00",BOCORWF1,6.84
D,DISPATCH,UNIT_SCADA,1,"2022/10/20 21:55:00",BODWF1,110.261020
D,DISPATCH,UNIT_SCADA,1,"2022/10/20 21:55:00",BOMENSF1,0
D,DISPATCH,UNIT_SCADA,1,"2022/10/20 21:55:00",BOWWBA1G,0.0010
D,DISPATCH,UNIT_SCADA,1,"2022/10/20 21:55:00",BOWWBA1L,0
D,DISPATCH,UNIT_SCADA,1,"2022/10/20 21:55:00",BOWWPV1,0.0010
D,DISPATCH,UNIT_SCADA,1,"2022/10/20 21:55:00",BRAEMAR1,0
D,DISPATCH,UNIT_SCADA,1,"2022/10/20 21:55:00",BRAEMAR2,0
D,DISPATCH,UNIT_SCADA,1,"2022/10/20 21:55:00",BRAEMAR3,0
D,DISPATCH,UNIT_SCADA,1,"2022/10/20 21:55:00",BRAEMAR5,143.682950
D,DISPATCH,UNIT_SCADA,1,"2022/10/20 21:55:00",BRAEMAR6,0
D,DISPATCH,UNIT_SCADA,1,"2022/10/20 21:55:00",BRAEMAR7,138.919370
D,DISPATCH,UNIT_SCADA,1,"2022/10/20 21:55:00",BROKENH1,0
D,DISPATCH,UNIT_SCADA,1,"2022/10/20 21:55:00",BRYB1WF1,96.1532
D,DISPATCH,UNIT_SCADA,1,"2022/10/20 21:55:00",BULBESG1,0
D,DISPATCH,UNIT_SCADA,1,"2022/10/20 21:55:00",BULBESL1,0.04
D,DISPATCH,UNIT_SCADA,1,"2022/10/20 21:55:00",BULGANA1,17.85
D,DISPATCH,UNIT_SCADA,1,"2022/10/20 21:55:00",BW01,658.762510
D,DISPATCH,UNIT_SCADA,1,"2022/10/20 21:55:00",BW02,638.229980
D,DISPATCH,UNIT_SCADA,1,"2022/10/20 21:55:00",BW03,517.0611
D,DISPATCH,UNIT_SCADA,1,"2022/10/20 21:55:00",BW04,0
D,DISPATCH,UNIT_SCADA,1,"2022/10/20 21:55:00",CALL_B_1,319.600010
D,DISPATCH,UNIT_SCADA,1,"2022/10/20 21:55:00",CALL_B_2,317.100010
D,DISPATCH,UNIT_SCADA,1,"2022/10/20 21:55:00",CATHROCK,3.80
D,DISPATCH,UNIT_SCADA,1,"2022/10/20 21:55:00",CBWWBA1G,0
D,DISPATCH,UNIT_SCADA,1,"2022/10/20 21:55:00",CBWWBA1L,0
D,DISPATCH,UNIT_SCADA,1,"2022/10/20 21:55:00",CETHANA,88.3650
D,DISPATCH,UNIT_SCADA,1,"2022/10/20 21:55:00",CG1,0
D,DISPATCH,UNIT_SCADA,1,"2022/10/20 21:55:00",CG2,0
D,DISPATCH,UNIT_SCADA,1,"2022/10/20 21:55:00",CG3,0
D,DISPATCH,UNIT_SCADA,1,"2022/10/20 21:55:00",CG4,0
D,DISPATCH,UNIT_SCADA,1,"2022/10/20 21:55:00",CHILDSF1,0
D,DISPATCH,UNIT_SCADA,1,"2022/10/20 21:55:00",CHYTWF1,4.78
D,DISPATCH,UNIT_SCADA,1,"2022/10/20 21:55:00",CLARESF1,0
D,DISPATCH,UNIT_SCADA,1,"2022/10/20 21:55:00",CLEMGPWF,0
D,DISPATCH,UNIT_SCADA,1,"2022/10/20 21:55:00",CLERMSF1,0
D,DISPATCH,UNIT_SCADA,1,"2022/10/20 21:55:00",CNUNDAWF,17.720670
D,DISPATCH,UNIT_SCADA,1,"2022/10/20 21:55:00",COHUNSF1,0
D,DISPATCH,UNIT_SCADA,1,"2022/10/20 21:55:00",COLEASF1,0
D,DISPATCH,UNIT_SCADA,1,"2022/10/20 21:55:00",COLUMSF1,0
D,DISPATCH,UNIT_SCADA,1,"2022/10/20 21:55:00",COLWF01,139.284350
D,DISPATCH,UNIT_SCADA,1,"2022/10/20 21:55:00",COOPGWF1,381.22
D,DISPATCH,UNIT_SCADA,1,"2022/10/20 21:55:00",CPP_3,379.50
D,DISPATCH,UNIT_SCADA,1,"2022/10/20 21:55:00",CPP_4,0
D,DISPATCH,UNIT_SCADA,1,"2022/10/20 21:55:00",CPSA,0
D,DISPATCH,UNIT_SCADA,1,"2022/10/20 21:55:00",CROOKWF2,24.593270
D,DISPATCH,UNIT_SCADA,1,"2022/10/20 21:55:00",CROWLWF1,28.704770
D,DISPATCH,UNIT_SCADA,1,"2022/10/20 21:55:00",CRURWF1,80.397730
D,DISPATCH,UNIT_SCADA,1,"2022/10/20 21:55:00",CRWASF1,0
D,DISPATCH,UNIT_SCADA,1,"2022/10/20 21:55:00",CSPVPS1,0
D,DISPATCH,UNIT_SCADA,1,"2022/10/20 21:55:00",CTHLWF1,0.003050
D,DISPATCH,UNIT_SCADA,1,"2022/10/20 21:55:00",DALNTH01,0
D,DISPATCH,UNIT_SCADA,1,"2022/10/20 21:55:00",DALNTHL1,0.025940
D,DISPATCH,UNIT_SCADA,1,"2022/10/20 21:55:00",DARLSF1,0
D,DISPATCH,UNIT_SCADA,1,"2022/10/20 21:55:00",DARTM1,0
D,DISPATCH,UNIT_SCADA,1,"2022/10/20 21:55:00",DAYDSF1,0
D,DISPATCH,UNIT_SCADA,1,"2022/10/20 21:55:00",DDPS1,0
D,DISPATCH,UNIT_SCADA,1,"2022/10/20 21:55:00",DDSF1,0
D,DISPATCH,UNIT_SCADA,1,"2022/10/20 21:55:00",DEVILS_G,58.253730
D,DISPATCH,UNIT_SCADA,1,"2022/10/20 21:55:00",DG_NSW1,0
D,DISPATCH,UNIT_SCADA,1,"2022/10/20 21:55:00",DG_QLD1,0
D,DISPATCH,UNIT_SCADA,1,"2022/10/20 21:55:00",DG_SA1,0
D,DISPATCH,UNIT_SCADA,1,"2022/10/20 21:55:00",DG_TAS1,0
D,DISPATCH,UNIT_SCADA,1,"2022/10/20 21:55:00",DG_VIC1,0
D,DISPATCH,UNIT_SCADA,1,"2022/10/20 21:55:00",DRYCGT1,0
D,DISPATCH,UNIT_SCADA,1,"2022/10/20 21:55:00",DRYCGT2,0
D,DISPATCH,UNIT_SCADA,1,"2022/10/20 21:55:00",DRYCGT3,0
D,DISPATCH,UNIT_SCADA,1,"2022/10/20 21:55:00",DUNDWF1,77.83
D,DISPATCH,UNIT_SCADA,1,"2022/10/20 21:55:00",DUNDWF2,27.54
D,DISPATCH,UNIT_SCADA,1,"2022/10/20 21:55:00",DUNDWF3,74.96
D,DISPATCH,UNIT_SCADA,1,"2022/10/20 21:55:00",EILDON1,59.76
D,DISPATCH,UNIT_SCADA,1,"2022/10/20 21:55:00",EILDON2,59.96
D,DISPATCH,UNIT_SCADA,1,"2022/10/20 21:55:00",ELAINWF1,12.63
D,DISPATCH,UNIT_SCADA,1,"2022/10/20 21:55:00",EMERASF1,0
D,DISPATCH,UNIT_SCADA,1,"2022/10/20 21:55:00",ER01,0
D,DISPATCH,UNIT_SCADA,1,"2022/10/20 21:55:00",ER02,609.982420
D,DISPATCH,UNIT_SCADA,1,"2022/10/20 21:55:00",ER03,611.447330
D,DISPATCH,UNIT_SCADA,1,"2022/10/20 21:55:00",ER04,610.348690
D,DISPATCH,UNIT_SCADA,1,"2022/10/20 21:55:00",FINLYSF1,0
D,DISPATCH,UNIT_SCADA,1,"2022/10/20 21:55:00",FISHER,43.82
D,DISPATCH,UNIT_SCADA,1,"2022/10/20 21:55:00",GANGARR1,0
D,DISPATCH,UNIT_SCADA,1,"2022/10/20 21:55:00",GANNBG1,0
D,DISPATCH,UNIT_SCADA,1,"2022/10/20 21:55:00",GANNBL1,0.330520
D,DISPATCH,UNIT_SCADA,1,"2022/10/20 21:55:00",GANNSF1,0
D,DISPATCH,UNIT_SCADA,1,"2022/10/20 21:55:00",GLRWNSF1,0
D,DISPATCH,UNIT_SCADA,1,"2022/10/20 21:55:00",GNNDHSF1,0
D,DISPATCH,UNIT_SCADA,1,"2022/10/20 21:55:00",GOONSF1,0
D,DISPATCH,UNIT_SCADA,1,"2022/10/20 21:55:00",GORDON,256.725950
D,DISPATCH,UNIT_SCADA,1,"2022/10/20 21:55:00",GRANWF1,0
D,DISPATCH,UNIT_SCADA,1,"2022/10/20 21:55:00",GSTONE1,199.849990
D,DISPATCH,UNIT_SCADA,1,"2022/10/20 21:55:00",GSTONE2,0
D,DISPATCH,UNIT_SCADA,1,"2022/10/20 21:55:00",GSTONE3,200.024990
D,DISPATCH,UNIT_SCADA,1,"2022/10/20 21:55:00",GSTONE4,0
D,DISPATCH,UNIT_SCADA,1,"2022/10/20 21:55:00",GSTONE5,200.724990
D,DISPATCH,UNIT_SCADA,1,"2022/10/20 21:55:00",GSTONE6,200.20
D,DISPATCH,UNIT_SCADA,1,"2022/10/20 21:55:00",GULLRSF1,0
D,DISPATCH,UNIT_SCADA,1,"2022/10/20 21:55:00",GULLRWF1,59.2941
D,DISPATCH,UNIT_SCADA,1,"2022/10/20 21:55:00",GULLRWF2,82.355740
D,DISPATCH,UNIT_SCADA,1,"2022/10/20 21:55:00",GUNNING1,0
D,DISPATCH,UNIT_SCADA,1,"2022/10/20 21:55:00",GUTHEGA,67.70
D,DISPATCH,UNIT_SCADA,1,"2022/10/20 21:55:00",HALLWF1,37.61
D,DISPATCH,UNIT_SCADA,1,"2022/10/20 21:55:00",HALLWF2,21.30
D,DISPATCH,UNIT_SCADA,1,"2022/10/20 21:55:00",HAMISF1,0
D,DISPATCH,UNIT_SCADA,1,"2022/10/20 21:55:00",HAUGHT11,0
D,DISPATCH,UNIT_SCADA,1,"2022/10/20 21:55:00",HAYMSF1,0
D,DISPATCH,UNIT_SCADA,1,"2022/10/20 21:55:00",HDWF1,26.90
D,DISPATCH,UNIT_SCADA,1,"2022/10/20 21:55:00",HDWF2,17
D,DISPATCH,UNIT_SCADA,1,"2022/10/20 21:55:00",HDWF3,16.40
D,DISPATCH,UNIT_SCADA,1,"2022/10/20 21:55:00",HILLSTN1,0
D,DISPATCH,UNIT_SCADA,1,"2022/10/20 21:55:00",HPRG1,0
D,DISPATCH,UNIT_SCADA,1,"2022/10/20 21:55:00",HPRL1,6.10
D,DISPATCH,UNIT_SCADA,1,"2022/10/20 21:55:00",HUMENSW,53.290880
D,DISPATCH,UNIT_SCADA,1,"2022/10/20 21:55:00",HUMEV,0
D,DISPATCH,UNIT_SCADA,1,"2022/10/20 21:55:00",HVWWBA1G,0
D,DISPATCH,UNIT_SCADA,1,"2022/10/20 21:55:00",HVWWBA1L,0.0060
D,DISPATCH,UNIT_SCADA,1,"2022/10/20 21:55:00",HVWWPV1,0
D,DISPATCH,UNIT_SCADA,1,"2022/10/20 21:55:00",JBUTTERS,0
D,DISPATCH,UNIT_SCADA,1,"2022/10/20 21:55:00",JEMALNG1,0
D,DISPATCH,UNIT_SCADA,1,"2022/10/20 21:55:00",JLA01,0
D,DISPATCH,UNIT_SCADA,1,"2022/10/20 21:55:00",JLA02,0
D,DISPATCH,UNIT_SCADA,1,"2022/10/20 21:55:00",JLA03,0
D,DISPATCH,UNIT_SCADA,1,"2022/10/20 21:55:00",JLA04,0
D,DISPATCH,UNIT_SCADA,1,"2022/10/20 21:55:00",JLB01,0
D,DISPATCH,UNIT_SCADA,1,"2022/10/20 21:55:00",JLB02,0.10
D,DISPATCH,UNIT_SCADA,1,"2022/10/20 21:55:00",JLB03,0
D,DISPATCH,UNIT_SCADA,1,"2022/10/20 21:55:00",JUNEESF1,0
D,DISPATCH,UNIT_SCADA,1,"2022/10/20 21:55:00",KABANWF1,0
D,DISPATCH,UNIT_SCADA,1,"2022/10/20 21:55:00",KAREEYA1,0
D,DISPATCH,UNIT_SCADA,1,"2022/10/20 21:55:00",KAREEYA2,0
D,DISPATCH,UNIT_SCADA,1,"2022/10/20 21:55:00",KAREEYA3,4.7250
D,DISPATCH,UNIT_SCADA,1,"2022/10/20 21:55:00",KAREEYA4,0
D,DISPATCH,UNIT_SCADA,1,"2022/10/20 21:55:00",KARSF1,0
D,DISPATCH,UNIT_SCADA,1,"2022/10/20 21:55:00",KEPSF1,0
D,DISPATCH,UNIT_SCADA,1,"2022/10/20 21:55:00",KEPWF1,2.51
D,DISPATCH,UNIT_SCADA,1,"2022/10/20 21:55:00",KIAMSF1,0
D,DISPATCH,UNIT_SCADA,1,"2022/10/20 21:55:00",KIATAWF1,4.30
D,DISPATCH,UNIT_SCADA,1,"2022/10/20 21:55:00",KPP_1,0
D,DISPATCH,UNIT_SCADA,1,"2022/10/20 21:55:00",KSP1,0
D,DISPATCH,UNIT_SCADA,1,"2022/10/20 21:55:00",LADBROK1,0.02
D,DISPATCH,UNIT_SCADA,1,"2022/10/20 21:55:00",LADBROK2,0.02
D,DISPATCH,UNIT_SCADA,1,"2022/10/20 21:55:00",LBBG1,0
D,DISPATCH,UNIT_SCADA,1,"2022/10/20 21:55:00",LBBL1,3.60
D,DISPATCH,UNIT_SCADA,1,"2022/10/20 21:55:00",LD01,377.520080
D,DISPATCH,UNIT_SCADA,1,"2022/10/20 21:55:00",LD02,88.790550
D,DISPATCH,UNIT_SCADA,1,"2022/10/20 21:55:00",LD04,311.050750
D,DISPATCH,UNIT_SCADA,1,"2022/10/20 21:55:00",LEM_WIL,86.959920
D,DISPATCH,UNIT_SCADA,1,"2022/10/20 21:55:00",LGAPWF1,86.24
D,DISPATCH,UNIT_SCADA,1,"2022/10/20 21:55:00",LGAPWF2,53.74
D,DISPATCH,UNIT_SCADA,1,"2022/10/20 21:55:00",LILYSF1,0
D,DISPATCH,UNIT_SCADA,1,"2022/10/20 21:55:00",LIMOSF11,0
D,DISPATCH,UNIT_SCADA,1,"2022/10/20 21:55:00",LIMOSF21,0
D,DISPATCH,UNIT_SCADA,1,"2022/10/20 21:55:00",LI_WY_CA,55.902180
D,DISPATCH,UNIT_SCADA,1,"2022/10/20 21:55:00",LKBONNY1,17.326030
D,DISPATCH,UNIT_SCADA,1,"2022/10/20 21:55:00",LKBONNY2,63.074160
D,DISPATCH,UNIT_SCADA,1,"2022/10/20 21:55:00",LKBONNY3,17.416490
D,DISPATCH,UNIT_SCADA,1,"2022/10/20 21:55:00",LK_ECHO,0
D,DISPATCH,UNIT_SCADA,1,"2022/10/20 21:55:00",LNGS1,0
D,DISPATCH,UNIT_SCADA,1,"2022/10/20 21:55:00",LNGS2,0
D,DISPATCH,UNIT_SCADA,1,"2022/10/20 21:55:00",LONSDALE,0
D,DISPATCH,UNIT_SCADA,1,"2022/10/20 21:55:00",LOYYB1,581.202510
D,DISPATCH,UNIT_SCADA,1,"2022/10/20 21:55:00",LOYYB2,575.187320
D,DISPATCH,UNIT_SCADA,1,"2022/10/20 21:55:00",LYA1,555
D,DISPATCH,UNIT_SCADA,1,"2022/10/20 21:55:00",LYA2,0
D,DISPATCH,UNIT_SCADA,1,"2022/10/20 21:55:00",LYA3,555
D,DISPATCH,UNIT_SCADA,1,"2022/10/20 21:55:00",LYA4,554
D,DISPATCH,UNIT_SCADA,1,"2022/10/20 21:55:00",MACARTH1,129.697010
D,DISPATCH,UNIT_SCADA,1,"2022/10/20 21:55:00",MACKNTSH,0
D,DISPATCH,UNIT_SCADA,1,"2022/10/20 21:55:00",MANSLR1,0
D,DISPATCH,UNIT_SCADA,1,"2022/10/20 21:55:00",MAPS2PV1,0
D,DISPATCH,UNIT_SCADA,1,"2022/10/20 21:55:00",MAPS3PV1,0
D,DISPATCH,UNIT_SCADA,1,"2022/10/20 21:55:00",MARYRSF1,0
D,DISPATCH,UNIT_SCADA,1,"2022/10/20 21:55:00",MBPS2PV1,0
D,DISPATCH,UNIT_SCADA,1,"2022/10/20 21:55:00",MCKAY1,219.665010
D,DISPATCH,UNIT_SCADA,1,"2022/10/20 21:55:00",MEADOWBK,5.658840
D,DISPATCH,UNIT_SCADA,1,"2022/10/20 21:55:00",MERCER01,35.90
D,DISPATCH,UNIT_SCADA,1,"2022/10/20 21:55:00",METZSF1,0
D,DISPATCH,UNIT_SCADA,1,"2022/10/20 21:55:00",MEWF1,26.284030
D,DISPATCH,UNIT_SCADA,1,"2022/10/20 21:55:00",MIDDLSF1,0
D,DISPATCH,UNIT_SCADA,1,"2022/10/20 21:55:00",MINTARO,0.128180
D,DISPATCH,UNIT_SCADA,1,"2022/10/20 21:55:00",MOLNGSF1,0
D,DISPATCH,UNIT_SCADA,1,"2022/10/20 21:55:00",MOORAWF1,3.22
D,DISPATCH,UNIT_SCADA,1,"2022/10/20 21:55:00",MOREESF1,0
D,DISPATCH,UNIT_SCADA,1,"2022/10/20 21:55:00",MORTLK11,0
D,DISPATCH,UNIT_SCADA,1,"2022/10/20 21:55:00",MORTLK12,0
D,DISPATCH,UNIT_SCADA,1,"2022/10/20 21:55:00",MOUSF1,0
D,DISPATCH,UNIT_SCADA,1,"2022/10/20 21:55:00",MP1,0
D,DISPATCH,UNIT_SCADA,1,"2022/10/20 21:55:00",MP2,348.406190
D,DISPATCH,UNIT_SCADA,1,"2022/10/20 21:55:00",MPP_1,192.023040
D,DISPATCH,UNIT_SCADA,1,"2022/10/20 21:55:00",MPP_2,185.461530
D,DISPATCH,UNIT_SCADA,1,"2022/10/20 21:55:00",MRTLSWF1,0
D,DISPATCH,UNIT_SCADA,1,"2022/10/20 21:55:00",MSTUART1,0
D,DISPATCH,UNIT_SCADA,1,"2022/10/20 21:55:00",MSTUART2,0
D,DISPATCH,UNIT_SCADA,1,"2022/10/20 21:55:00",MSTUART3,0
D,DISPATCH,UNIT_SCADA,1,"2022/10/20 21:55:00",MTGELWF1,49.649040
D,DISPATCH,UNIT_SCADA,1,"2022/10/20 21:55:00",MTMILLAR,28.30
D,DISPATCH,UNIT_SCADA,1,"2022/10/20 21:55:00",MURRAY,0
D,DISPATCH,UNIT_SCADA,1,"2022/10/20 21:55:00",MUSSELR1,18.90
D,DISPATCH,UNIT_SCADA,1,"2022/10/20 21:55:00",MUWAWF1,23.98
D,DISPATCH,UNIT_SCADA,1,"2022/10/20 21:55:00",MUWAWF2,44
D,DISPATCH,UNIT_SCADA,1,"2022/10/20 21:55:00",MWPS1PV1,0
D,DISPATCH,UNIT_SCADA,1,"2022/10/20 21:55:00",MWPS2PV1,0
D,DISPATCH,UNIT_SCADA,1,"2022/10/20 21:55:00",MWPS3PV1,0
D,DISPATCH,UNIT_SCADA,1,"2022/10/20 21:55:00",MWPS4PV1,0
D,DISPATCH,UNIT_SCADA,1,"2022/10/20 21:55:00",NBHWF1,54.30
D,DISPATCH,UNIT_SCADA,1,"2022/10/20 21:55:00",NEVERSF1,0
D,DISPATCH,UNIT_SCADA,1,"2022/10/20 21:55:00",NPS,0
D,DISPATCH,UNIT_SCADA,1,"2022/10/20 21:55:00",NUMURSF1,0
D,DISPATCH,UNIT_SCADA,1,"2022/10/20 21:55:00",NYNGAN1,0
D,DISPATCH,UNIT_SCADA,1,"2022/10/20 21:55:00",OAKEY1,0
D,DISPATCH,UNIT_SCADA,1,"2022/10/20 21:55:00",OAKEY1SF,0
D,DISPATCH,UNIT_SCADA,1,"2022/10/20 21:55:00",OAKEY2,0
D,DISPATCH,UNIT_SCADA,1,"2022/10/20 21:55:00",OAKEY2SF,0
D,DISPATCH,UNIT_SCADA,1,"2022/10/20 21:55:00",OAKLAND1,7
D,DISPATCH,UNIT_SCADA,1,"2022/10/20 21:55:00",OSB-AG,179.70
D,DISPATCH,UNIT_SCADA,1,"2022/10/20 21:55:00",PAREPS1,0
D,DISPATCH,UNIT_SCADA,1,"2022/10/20 21:55:00",PAREPW1,50.75
D,DISPATCH,UNIT_SCADA,1,"2022/10/20 21:55:00",PARSF1,0.001530
D,DISPATCH,UNIT_SCADA,1,"2022/10/20 21:55:00",POAT110,3.17
D,DISPATCH,UNIT_SCADA,1,"2022/10/20 21:55:00",POAT220,0
D,DISPATCH,UNIT_SCADA,1,"2022/10/20 21:55:00",POR01,0
D,DISPATCH,UNIT_SCADA,1,"2022/10/20 21:55:00",POR03,0
D,DISPATCH,UNIT_SCADA,1,"2022/10/20 21:55:00",PPCCGT,163.485570
D,DISPATCH,UNIT_SCADA,1,"2022/10/20 21:55:00",PTSTAN1,0
D,DISPATCH,UNIT_SCADA,1,"2022/10/20 21:55:00",PUMP1,0
D,DISPATCH,UNIT_SCADA,1,"2022/10/20 21:55:00",PUMP2,0
D,DISPATCH,UNIT_SCADA,1,"2022/10/20 21:55:00",QBYNBG1,0.0015
D,DISPATCH,UNIT_SCADA,1,"2022/10/20 21:55:00",QBYNBL1,0
D,DISPATCH,UNIT_SCADA,1,"2022/10/20 21:55:00",QPS1,0
D,DISPATCH,UNIT_SCADA,1,"2022/10/20 21:55:00",QPS2,0
D,DISPATCH,UNIT_SCADA,1,"2022/10/20 21:55:00",QPS3,0
D,DISPATCH,UNIT_SCADA,1,"2022/10/20 21:55:00",QPS4,0
D,DISPATCH,UNIT_SCADA,1,"2022/10/20 21:55:00",QPS5,0
D,DISPATCH,UNIT_SCADA,1,"2022/10/20 21:55:00",REECE1,0
D,DISPATCH,UNIT_SCADA,1,"2022/10/20 21:55:00",REECE2,0
D,DISPATCH,UNIT_SCADA,1,"2022/10/20 21:55:00",ROMA_7,0
D,DISPATCH,UNIT_SCADA,1,"2022/10/20 21:55:00",ROMA_8,0
D,DISPATCH,UNIT_SCADA,1,"2022/10/20 21:55:00",RRSF1,0
D,DISPATCH,UNIT_SCADA,1,"2022/10/20 21:55:00",RT_NSW1,0
D,DISPATCH,UNIT_SCADA,1,"2022/10/20 21:55:00",RT_NSW2,0
D,DISPATCH,UNIT_SCADA,1,"2022/10/20 21:55:00",RT_NSW3,0
D,DISPATCH,UNIT_SCADA,1,"2022/10/20 21:55:00",RT_NSW4,0
D,DISPATCH,UNIT_SCADA,1,"2022/10/20 21:55:00",RT_NSW5,0
D,DISPATCH,UNIT_SCADA,1,"2022/10/20 21:55:00",RT_NSW6,0
D,DISPATCH,UNIT_SCADA,1,"2022/10/20 21:55:00",RT_QLD1,0
D,DISPATCH,UNIT_SCADA,1,"2022/10/20 21:55:00",RT_SA1,0
D,DISPATCH,UNIT_SCADA,1,"2022/10/20 21:55:00",RT_SA2,0
D,DISPATCH,UNIT_SCADA,1,"2022/10/20 21:55:00",RT_SA3,0
D,DISPATCH,UNIT_SCADA,1,"2022/10/20 21:55:00",RT_SA4,0
D,DISPATCH,UNIT_SCADA,1,"2022/10/20 21:55:00",RT_SA5,0
D,DISPATCH,UNIT_SCADA,1,"2022/10/20 21:55:00",RT_SA6,0
D,DISPATCH,UNIT_SCADA,1,"2022/10/20 21:55:00",RT_TAS1,0
D,DISPATCH,UNIT_SCADA,1,"2022/10/20 21:55:00",RT_VIC1,0
D,DISPATCH,UNIT_SCADA,1,"2022/10/20 21:55:00",RT_VIC10,0
D,DISPATCH,UNIT_SCADA,1,"2022/10/20 21:55:00",RT_VIC11,0
D,DISPATCH,UNIT_SCADA,1,"2022/10/20 21:55:00",RT_VIC12,0
D,DISPATCH,UNIT_SCADA,1,"2022/10/20 21:55:00",RT_VIC2,0
D,DISPATCH,UNIT_SCADA,1,"2022/10/20 21:55:00",RT_VIC3,0
D,DISPATCH,UNIT_SCADA,1,"2022/10/20 21:55:00",RT_VIC4,0
D,DISPATCH,UNIT_SCADA,1,"2022/10/20 21:55:00",RT_VIC5,0
D,DISPATCH,UNIT_SCADA,1,"2022/10/20 21:55:00",RT_VIC6,0
D,DISPATCH,UNIT_SCADA,1,"2022/10/20 21:55:00",RT_VIC7,0
D,DISPATCH,UNIT_SCADA,1,"2022/10/20 21:55:00",RT_VIC8,0
D,DISPATCH,UNIT_SCADA,1,"2022/10/20 21:55:00",RT_VIC9,0
D,DISPATCH,UNIT_SCADA,1,"2022/10/20 21:55:00",RUGBYR1,0
D,DISPATCH,UNIT_SCADA,1,"2022/10/20 21:55:00",SALTCRK1,31.97
D,DISPATCH,UNIT_SCADA,1,"2022/10/20 21:55:00",SAPHWF1,246.010530
D,DISPATCH,UNIT_SCADA,1,"2022/10/20 21:55:00",SEBSF1,0
D,DISPATCH,UNIT_SCADA,1,"2022/10/20 21:55:00",SHGEN,0
D,DISPATCH,UNIT_SCADA,1,"2022/10/20 21:55:00",SHPUMP,0
D,DISPATCH,UNIT_SCADA,1,"2022/10/20 21:55:00",SITHE01,0.153860
D,DISPATCH,UNIT_SCADA,1,"2022/10/20 21:55:00",SMCSF1,0
D,DISPATCH,UNIT_SCADA,1,"2022/10/20 21:55:00",SNAPPER1,0
D,DISPATCH,UNIT_SCADA,1,"2022/10/20 21:55:00",SNOWNTH1,72.90
D,DISPATCH,UNIT_SCADA,1,"2022/10/20 21:55:00",SNOWSTH1,48.60
D,DISPATCH,UNIT_SCADA,1,"2022/10/20 21:55:00",SNOWTWN1,59.463730
D,DISPATCH,UNIT_SCADA,1,"2022/10/20 21:55:00",SNOWYP,0
D,DISPATCH,UNIT_SCADA,1,"2022/10/20 21:55:00",SNUG1,0
D,DISPATCH,UNIT_SCADA,1,"2022/10/20 21:55:00",SRSF1,0
D,DISPATCH,UNIT_SCADA,1,"2022/10/20 21:55:00",STAN-1,279.492130
D,DISPATCH,UNIT_SCADA,1,"2022/10/20 21:55:00",STAN-2,363.397460
D,DISPATCH,UNIT_SCADA,1,"2022/10/20 21:55:00",STAN-3,365.204770
D,DISPATCH,UNIT_SCADA,1,"2022/10/20 21:55:00",STAN-4,364.909940
D,DISPATCH,UNIT_SCADA,1,"2022/10/20 21:55:00",STARHLWF,16.7951
D,DISPATCH,UNIT_SCADA,1,"2022/10/20 21:55:00",STOCKYD1,168.50
D,DISPATCH,UNIT_SCADA,1,"2022/10/20 21:55:00",STWF1,32.1410
D,DISPATCH,UNIT_SCADA,1,"2022/10/20 21:55:00",SUNRSF1,0
D,DISPATCH,UNIT_SCADA,1,"2022/10/20 21:55:00",SUNTPSF1,0
D,DISPATCH,UNIT_SCADA,1,"2022/10/20 21:55:00",SWAN_E,264.588750
D,DISPATCH,UNIT_SCADA,1,"2022/10/20 21:55:00",TALWA1,0
D,DISPATCH,UNIT_SCADA,1,"2022/10/20 21:55:00",TARALGA1,0
D,DISPATCH,UNIT_SCADA,1,"2022/10/20 21:55:00",TARONG#1,349.700010
D,DISPATCH,UNIT_SCADA,1,"2022/10/20 21:55:00",TARONG#2,349.300020
D,DISPATCH,UNIT_SCADA,1,"2022/10/20 21:55:00",TARONG#3,0.90
D,DISPATCH,UNIT_SCADA,1,"2022/10/20 21:55:00",TARONG#4,294.100010
D,DISPATCH,UNIT_SCADA,1,"2022/10/20 21:55:00",TARRALEA,53.80
D,DISPATCH,UNIT_SCADA,1,"2022/10/20 21:55:00",TBSF1,0
D,DISPATCH,UNIT_SCADA,1,"2022/10/20 21:55:00",TNPS1,418.9375
D,DISPATCH,UNIT_SCADA,1,"2022/10/20 21:55:00",TORRB1,0
D,DISPATCH,UNIT_SCADA,1,"2022/10/20 21:55:00",TORRB2,57
D,DISPATCH,UNIT_SCADA,1,"2022/10/20 21:55:00",TORRB3,0
D,DISPATCH,UNIT_SCADA,1,"2022/10/20 21:55:00",TORRB4,0
D,DISPATCH,UNIT_SCADA,1,"2022/10/20 21:55:00",TREVALLN,98.273650
D,DISPATCH,UNIT_SCADA,1,"2022/10/20 21:55:00",TRIBUTE,0
D,DISPATCH,UNIT_SCADA,1,"2022/10/20 21:55:00",TUMUT3,0
D,DISPATCH,UNIT_SCADA,1,"2022/10/20 21:55:00",TUNGATIN,4.390020
D,DISPATCH,UNIT_SCADA,1,"2022/10/20 21:55:00",TVCC201,0
D,DISPATCH,UNIT_SCADA,1,"2022/10/20 21:55:00",TVPP104,0
D,DISPATCH,UNIT_SCADA,1,"2022/10/20 21:55:00",UPPTUMUT,0
D,DISPATCH,UNIT_SCADA,1,"2022/10/20 21:55:00",URANQ11,0
D,DISPATCH,UNIT_SCADA,1,"2022/10/20 21:55:00",URANQ12,0
D,DISPATCH,UNIT_SCADA,1,"2022/10/20 21:55:00",URANQ13,0
D,DISPATCH,UNIT_SCADA,1,"2022/10/20 21:55:00",URANQ14,0
D,DISPATCH,UNIT_SCADA,1,"2022/10/20 21:55:00",VBBG1,0
D,DISPATCH,UNIT_SCADA,1,"2022/10/20 21:55:00",VBBL1,0.10
D,DISPATCH,UNIT_SCADA,1,"2022/10/20 21:55:00",VP5,550.578310
D,DISPATCH,UNIT_SCADA,1,"2022/10/20 21:55:00",VP6,557.853940
D,DISPATCH,UNIT_SCADA,1,"2022/10/20 21:55:00",VPGS1,0
D,DISPATCH,UNIT_SCADA,1,"2022/10/20 21:55:00",VPGS2,0
D,DISPATCH,UNIT_SCADA,1,"2022/10/20 21:55:00",VPGS3,0
D,DISPATCH,UNIT_SCADA,1,"2022/10/20 21:55:00",VPGS4,0
D,DISPATCH,UNIT_SCADA,1,"2022/10/20 21:55:00",VPGS5,0
D,DISPATCH,UNIT_SCADA,1,"2022/10/20 21:55:00",VPGS6,0
D,DISPATCH,UNIT_SCADA,1,"2022/10/20 21:55:00",W/HOE#1,0
D,DISPATCH,UNIT_SCADA,1,"2022/10/20 21:55:00",W/HOE#2,0
D,DISPATCH,UNIT_SCADA,1,"2022/10/20 21:55:00",WAGGNSF1,0
D,DISPATCH,UNIT_SCADA,1,"2022/10/20 21:55:00",WALGRVG1,0
D,DISPATCH,UNIT_SCADA,1,"2022/10/20 21:55:00",WALGRVL1,5.794230
D,DISPATCH,UNIT_SCADA,1,"2022/10/20 21:55:00",WANDBG1,0
D,DISPATCH,UNIT_SCADA,1,"2022/10/20 21:55:00",WANDBL1,50.072590
D,DISPATCH,UNIT_SCADA,1,"2022/10/20 21:55:00",WARWSF1,0
D,DISPATCH,UNIT_SCADA,1,"2022/10/20 21:55:00",WARWSF2,0
D,DISPATCH,UNIT_SCADA,1,"2022/10/20 21:55:00",WATERLWF,27.80
D,DISPATCH,UNIT_SCADA,1,"2022/10/20 21:55:00",WDGPH1,0
D,DISPATCH,UNIT_SCADA,1,"2022/10/20 21:55:00",WELLSF1,0
D,DISPATCH,UNIT_SCADA,1,"2022/10/20 21:55:00",WEMENSF1,0
D,DISPATCH,UNIT_SCADA,1,"2022/10/20 21:55:00",WGWF1,26.70
D,DISPATCH,UNIT_SCADA,1,"2022/10/20 21:55:00",WHITSF1,0
D,DISPATCH,UNIT_SCADA,1,"2022/10/20 21:55:00",WINTSF1,0
D,DISPATCH,UNIT_SCADA,1,"2022/10/20 21:55:00",WKIEWA1,33.90
D,DISPATCH,UNIT_SCADA,1,"2022/10/20 21:55:00",WKIEWA2,34
D,DISPATCH,UNIT_SCADA,1,"2022/10/20 21:55:00",WOODLWN1,37.850670
D,DISPATCH,UNIT_SCADA,1,"2022/10/20 21:55:00",WOOLGSF1,0
D,DISPATCH,UNIT_SCADA,1,"2022/10/20 21:55:00",WPWF,61.85
D,DISPATCH,UNIT_SCADA,1,"2022/10/20 21:55:00",WRSF1,0
D,DISPATCH,UNIT_SCADA,1,"2022/10/20 21:55:00",WRWF1,133.856410
D,DISPATCH,UNIT_SCADA,1,"2022/10/20 21:55:00",WSTWYSF1,0
D,DISPATCH,UNIT_SCADA,1,"2022/10/20 21:55:00",YABULU,0
D,DISPATCH,UNIT_SCADA,1,"2022/10/20 21:55:00",YABULU2,0
D,DISPATCH,UNIT_SCADA,1,"2022/10/20 21:55:00",YARANSF1,0
D,DISPATCH,UNIT_SCADA,1,"2022/10/20 21:55:00",YARWUN_1,163.64
D,DISPATCH,UNIT_SCADA,1,"2022/10/20 21:55:00",YATSF1,0
D,DISPATCH,UNIT_SCADA,1,"2022/10/20 21:55:00",YENDWF1,9.86
D,DISPATCH,UNIT_SCADA,1,"2022/10/20 21:55:00",YWPS1,318.043030
D,DISPATCH,UNIT_SCADA,1,"2022/10/20 21:55:00",YWPS2,359.397460
D,DISPATCH,UNIT_SCADA,1,"2022/10/20 21:55:00",YWPS3,359.388610
D,DISPATCH,UNIT_SCADA,1,"2022/10/20 21:55:00",YWPS4,0
C,"END OF REPORT",419
