C,NEMP.WORLD,DISPATCHSCADA,AEMO,PUBLIC,2022/10/20,03:40:09,0000000373226294,DISPATCHSCADA,0000000373226288
I,DISPATCH,UNIT_SCADA,1,SETTLEMENTDATE,DUID,SCADAVALUE
D,DISPATCH,UNIT_SCADA,1,"2022/10/20 03:45:00",BARCSF1,0.10
D,DISPATCH,UNIT_SCADA,1,"2022/10/20 03:45:00",BUTLERSG,8.699999
D,DISPATCH,UNIT_SCADA,1,"2022/10/20 03:45:00",CAPTL_WF,0
D,DISPATCH,UNIT_SCADA,1,"2022/10/20 03:45:00",CHALLHWF,20.90
D,DISPATCH,UNIT_SCADA,1,"2022/10/20 03:45:00",CLOVER,13.22
D,DISPATCH,UNIT_SCADA,1,"2022/10/20 03:45:00",CLUNY,6.224308
D,DISPATCH,UNIT_SCADA,1,"2022/10/20 03:45:00",CULLRGWF,-0.03
D,DISPATCH,UNIT_SCADA,1,"2022/10/20 03:45:00",DIAPURWF1,7.30
D,DISPATCH,UNIT_SCADA,1,"2022/10/20 03:45:00",ERGT01,0
D,DISPATCH,UNIT_SCADA,1,"2022/10/20 03:45:00",GB01,0
D,DISPATCH,UNIT_SCADA,1,"2022/10/20 03:45:00",GERMCRK,21.10
D,DISPATCH,UNIT_SCADA,1,"2022/10/20 03:45:00",GRIFSF1,0.001526
D,DISPATCH,UNIT_SCADA,1,"2022/10/20 03:45:00",HEZ1,0
D,DISPATCH,UNIT_SCADA,1,"2022/10/20 03:45:00",HUGSF1,-0.1740
D,DISPATCH,UNIT_SCADA,1,"2022/10/20 03:45:00",KEPBG1,0.01
D,DISPATCH,UNIT_SCADA,1,"2022/10/20 03:45:00",LRSF1,0.0240
D,DISPATCH,UNIT_SCADA,1,"2022/10/20 03:45:00",MBAHNTH,50.043747
D,DISPATCH,UNIT_SCADA,1,"2022/10/20 03:45:00",MLSP1,0
D,DISPATCH,UNIT_SCADA,1,"2022/10/20 03:45:00",MLWF1,1.8150
D,DISPATCH,UNIT_SCADA,1,"2022/10/20 03:45:00",PALOONA,30.40
D,DISPATCH,UNIT_SCADA,1,"2022/10/20 03:45:00",PIONEER,48.700001
D,DISPATCH,UNIT_SCADA,1,"2022/10/20 03:45:00",PORTWF,29.200001
D,DISPATCH,UNIT_SCADA,1,"2022/10/20 03:45:00",REPULSE,9.461204
D,DISPATCH,UNIT_SCADA,1,"2022/10/20 03:45:00",ROWALLAN,9.0596
D,DISPATCH,UNIT_SCADA,1,"2022/10/20 03:45:00",ROYALLA1,0
D,DISPATCH,UNIT_SCADA,1,"2022/10/20 03:45:00",RPCG,-1.20
D,DISPATCH,UNIT_SCADA,1,"2022/10/20 03:45:00",RUBICON,0
D,DISPATCH,UNIT_SCADA,1,"2022/10/20 03:45:00",WAUBRAWF,81.785004
D,DISPATCH,UNIT_SCADA,1,"2022/10/20 03:45:00",WOOLNTH1,23.959999
D,DISPATCH,UNIT_SCADA,1,"2022/10/20 03:45:00",YAMBUKWF,2
D,DISPATCH,UNIT_SCADA,1,"2022/10/20 03:45:00",YSWF1,2.80
D,DISPATCH,UNIT_SCADA,1,"2022/10/20 03:45:00",ADPBA1G,0.0080
D,DISPATCH,UNIT_SCADA,1,"2022/10/20 03:45:00",ADPBA1L,0
D,DISPATCH,UNIT_SCADA,1,"2022/10/20 03:45:00",ADPPV1,0
D,DISPATCH,UNIT_SCADA,1,"2022/10/20 03:45:00",AGLHAL,0
D,DISPATCH,UNIT_SCADA,1,"2022/10/20 03:45:00",AGLSOM,0
D,DISPATCH,UNIT_SCADA,1,"2022/10/20 03:45:00",ANGAST1,0
D,DISPATCH,UNIT_SCADA,1,"2022/10/20 03:45:00",ARWF1,0
D,DISPATCH,UNIT_SCADA,1,"2022/10/20 03:45:00",BALBG1,0
D,DISPATCH,UNIT_SCADA,1,"2022/10/20 03:45:00",BALBL1,0
D,DISPATCH,UNIT_SCADA,1,"2022/10/20 03:45:00",BALDHWF1,0
D,DISPATCH,UNIT_SCADA,1,"2022/10/20 03:45:00",BANGOWF1,52.596020
D,DISPATCH,UNIT_SCADA,1,"2022/10/20 03:45:00",BANGOWF2,60.499350
D,DISPATCH,UNIT_SCADA,1,"2022/10/20 03:45:00",BANN1,0
D,DISPATCH,UNIT_SCADA,1,"2022/10/20 03:45:00",BARCALDN,0
D,DISPATCH,UNIT_SCADA,1,"2022/10/20 03:45:00",BARKIPS1,0
D,DISPATCH,UNIT_SCADA,1,"2022/10/20 03:45:00",BARRON-1,0
D,DISPATCH,UNIT_SCADA,1,"2022/10/20 03:45:00",BARRON-2,0
D,DISPATCH,UNIT_SCADA,1,"2022/10/20 03:45:00",BASTYAN,0
D,DISPATCH,UNIT_SCADA,1,"2022/10/20 03:45:00",BBTHREE1,-1.03
D,DISPATCH,UNIT_SCADA,1,"2022/10/20 03:45:00",BBTHREE2,0
D,DISPATCH,UNIT_SCADA,1,"2022/10/20 03:45:00",BBTHREE3,0
D,DISPATCH,UNIT_SCADA,1,"2022/10/20 03:45:00",BDL01,0
D,DISPATCH,UNIT_SCADA,1,"2022/10/20 03:45:00",BDL02,0
D,DISPATCH,UNIT_SCADA,1,"2022/10/20 03:45:00",BERYLSF1,0
D,DISPATCH,UNIT_SCADA,1,"2022/10/20 03:45:00",BLOWERNG,62.60
D,DISPATCH,UNIT_SCADA,1,"2022/10/20 03:45:00",BLUEGSF1,0
D,DISPATCH,UNIT_SCADA,1,"2022/10/20 03:45:00",BLUFF1,14.80
D,DISPATCH,UNIT_SCADA,1,"2022/10/20 03:45:00",BNGSF1,0
D,DISPATCH,UNIT_SCADA,1,"2022/10/20 03:45:00",BNGSF2,0
D,DISPATCH,UNIT_SCADA,1,"2022/10/20 03:45:00",BOCORWF1,9.02
D,DISPATCH,UNIT_SCADA,1,"2022/10/20 03:45:00",BODWF1,89.192640
D,DISPATCH,UNIT_SCADA,1,"2022/10/20 03:45:00",BOMENSF1,0
D,DISPATCH,UNIT_SCADA,1,"2022/10/20 03:45:00",BOWWBA1G,0
D,DISPATCH,UNIT_SCADA,1,"2022/10/20 03:45:00",BOWWBA1L,0.0010
D,DISPATCH,UNIT_SCADA,1,"2022/10/20 03:45:00",BOWWPV1,0
D,DISPATCH,UNIT_SCADA,1,"2022/10/20 03:45:00",BRAEMAR1,0
D,DISPATCH,UNIT_SCADA,1,"2022/10/20 03:45:00",BRAEMAR2,0
D,DISPATCH,UNIT_SCADA,1,"2022/10/20 03:45:00",BRAEMAR3,0
D,DISPATCH,UNIT_SCADA,1,"2022/10/20 03:45:00",BRAEMAR5,0.292060
D,DISPATCH,UNIT_SCADA,1,"2022/10/20 03:45:00",BRAEMAR6,0
D,DISPATCH,UNIT_SCADA,1,"2022/10/20 03:45:00",BRAEMAR7,0.130920
D,DISPATCH,UNIT_SCADA,1,"2022/10/20 03:45:00",BROKENH1,0
D,DISPATCH,UNIT_SCADA,1,"2022/10/20 03:45:00",BRYB1WF1,114.683750
D,DISPATCH,UNIT_SCADA,1,"2022/10/20 03:45:00",BULBESG1,0
D,DISPATCH,UNIT_SCADA,1,"2022/10/20 03:45:00",BULBESL1,0.03
D,DISPATCH,UNIT_SCADA,1,"2022/10/20 03:45:00",BULGANA1,58.53
D,DISPATCH,UNIT_SCADA,1,"2022/10/20 03:45:00",BW01,441.303130
D,DISPATCH,UNIT_SCADA,1,"2022/10/20 03:45:00",BW02,438.031590
D,DISPATCH,UNIT_SCADA,1,"2022/10/20 03:45:00",BW03,435.516910
D,DISPATCH,UNIT_SCADA,1,"2022/10/20 03:45:00",BW04,0
D,DISPATCH,UNIT_SCADA,1,"2022/10/20 03:45:00",CALL_B_1,319.700010
D,DISPATCH,UNIT_SCADA,1,"2022/10/20 03:45:00",CALL_B_2,320.100010
D,DISPATCH,UNIT_SCADA,1,"2022/10/20 03:45:00",CATHROCK,9.80
D,DISPATCH,UNIT_SCADA,1,"2022/10/20 03:45:00",CBWWBA1G,0
D,DISPATCH,UNIT_SCADA,1,"2022/10/20 03:45:00",CBWWBA1L,0
D,DISPATCH,UNIT_SCADA,1,"2022/10/20 03:45:00",CETHANA,98.124630
D,DISPATCH,UNIT_SCADA,1,"2022/10/20 03:45:00",CG1,0
D,DISPATCH,UNIT_SCADA,1,"2022/10/20 03:45:00",CG2,0
D,DISPATCH,UNIT_SCADA,1,"2022/10/20 03:45:00",CG3,0
D,DISPATCH,UNIT_SCADA,1,"2022/10/20 03:45:00",CG4,0
D,DISPATCH,UNIT_SCADA,1,"2022/10/20 03:45:00",CHILDSF1,0
D,DISPATCH,UNIT_SCADA,1,"2022/10/20 03:45:00",CHYTWF1,9.45
D,DISPATCH,UNIT_SCADA,1,"2022/10/20 03:45:00",CLARESF1,0
D,DISPATCH,UNIT_SCADA,1,"2022/10/20 03:45:00",CLEMGPWF,36.161570
D,DISPATCH,UNIT_SCADA,1,"2022/10/20 03:45:00",CLERMSF1,0
D,DISPATCH,UNIT_SCADA,1,"2022/10/20 03:45:00",CNUNDAWF,0
D,DISPATCH,UNIT_SCADA,1,"2022/10/20 03:45:00",COHUNSF1,0
D,DISPATCH,UNIT_SCADA,1,"2022/10/20 03:45:00",COLEASF1,0
D,DISPATCH,UNIT_SCADA,1,"2022/10/20 03:45:00",COLUMSF1,0
D,DISPATCH,UNIT_SCADA,1,"2022/10/20 03:45:00",COLWF01,73.9437
D,DISPATCH,UNIT_SCADA,1,"2022/10/20 03:45:00",COOPGWF1,386.34
D,DISPATCH,UNIT_SCADA,1,"2022/10/20 03:45:00",CPP_3,360.800020
D,DISPATCH,UNIT_SCADA,1,"2022/10/20 03:45:00",CPP_4,0
D,DISPATCH,UNIT_SCADA,1,"2022/10/20 03:45:00",CPSA,0
D,DISPATCH,UNIT_SCADA,1,"2022/10/20 03:45:00",CROOKWF2,20.693070
D,DISPATCH,UNIT_SCADA,1,"2022/10/20 03:45:00",CROWLWF1,37.011460
D,DISPATCH,UNIT_SCADA,1,"2022/10/20 03:45:00",CRURWF1,85.398110
D,DISPATCH,UNIT_SCADA,1,"2022/10/20 03:45:00",CRWASF1,0
D,DISPATCH,UNIT_SCADA,1,"2022/10/20 03:45:00",CSPVPS1,0
D,DISPATCH,UNIT_SCADA,1,"2022/10/20 03:45:00",CTHLWF1,0.003050
D,DISPATCH,UNIT_SCADA,1,"2022/10/20 03:45:00",DALNTH01,0
D,DISPATCH,UNIT_SCADA,1,"2022/10/20 03:45:00",DALNTHL1,0.114440
D,DISPATCH,UNIT_SCADA,1,"2022/10/20 03:45:00",DARLSF1,0
D,DISPATCH,UNIT_SCADA,1,"2022/10/20 03:45:00",DARTM1,0
D,DISPATCH,UNIT_SCADA,1,"2022/10/20 03:45:00",DAYDSF1,0
D,DISPATCH,UNIT_SCADA,1,"2022/10/20 03:45:00",DDPS1,0
D,DISPATCH,UNIT_SCADA,1,"2022/10/20 03:45:00",DDSF1,0
D,DISPATCH,UNIT_SCADA,1,"2022/10/20 03:45:00",DEVILS_G,43.267920
D,DISPATCH,UNIT_SCADA,1,"2022/10/20 03:45:00",DG_NSW1,0
D,DISPATCH,UNIT_SCADA,1,"2022/10/20 03:45:00",DG_QLD1,0
D,DISPATCH,UNIT_SCADA,1,"2022/10/20 03:45:00",DG_SA1,0
D,DISPATCH,UNIT_SCADA,1,"2022/10/20 03:45:00",DG_TAS1,0
D,DISPATCH,UNIT_SCADA,1,"2022/10/20 03:45:00",DG_VIC1,0
D,DISPATCH,UNIT_SCADA,1,"2022/10/20 03:45:00",DRYCGT1,0
D,DISPATCH,UNIT_SCADA,1,"2022/10/20 03:45:00",DRYCGT2,0
D,DISPATCH,UNIT_SCADA,1,"2022/10/20 03:45:00",DRYCGT3,0
D,DISPATCH,UNIT_SCADA,1,"2022/10/20 03:45:00",DUNDWF1,70.17
D,DISPATCH,UNIT_SCADA,1,"2022/10/20 03:45:00",DUNDWF2,17.13
D,DISPATCH,UNIT_SCADA,1,"2022/10/20 03:45:00",DUNDWF3,51.88
D,DISPATCH,UNIT_SCADA,1,"2022/10/20 03:45:00",EILDON1,59.84
D,DISPATCH,UNIT_SCADA,1,"2022/10/20 03:45:00",EILDON2,59.88
D,DISPATCH,UNIT_SCADA,1,"2022/10/20 03:45:00",ELAINWF1,27.23
D,DISPATCH,UNIT_SCADA,1,"2022/10/20 03:45:00",EMERASF1,0
D,DISPATCH,UNIT_SCADA,1,"2022/10/20 03:45:00",ER01,0
D,DISPATCH,UNIT_SCADA,1,"2022/10/20 03:45:00",ER02,283.195250
D,DISPATCH,UNIT_SCADA,1,"2022/10/20 03:45:00",ER03,327.165650
D,DISPATCH,UNIT_SCADA,1,"2022/10/20 03:45:00",ER04,327.898070
D,DISPATCH,UNIT_SCADA,1,"2022/10/20 03:45:00",FINLYSF1,0
D,DISPATCH,UNIT_SCADA,1,"2022/10/20 03:45:00",FISHER,44.14
D,DISPATCH,UNIT_SCADA,1,"2022/10/20 03:45:00",GANGARR1,0
D,DISPATCH,UNIT_SCADA,1,"2022/10/20 03:45:00",GANNBG1,0
D,DISPATCH,UNIT_SCADA,1,"2022/10/20 03:45:00",GANNBL1,7.294570
D,DISPATCH,UNIT_SCADA,1,"2022/10/20 03:45:00",GANNSF1,0
D,DISPATCH,UNIT_SCADA,1,"2022/10/20 03:45:00",GLRWNSF1,0
D,DISPATCH,UNIT_SCADA,1,"2022/10/20 03:45:00",GNNDHSF1,0
D,DISPATCH,UNIT_SCADA,1,"2022/10/20 03:45:00",GOONSF1,0
D,DISPATCH,UNIT_SCADA,1,"2022/10/20 03:45:00",GORDON,186.265780
D,DISPATCH,UNIT_SCADA,1,"2022/10/20 03:45:00",GRANWF1,0
D,DISPATCH,UNIT_SCADA,1,"2022/10/20 03:45:00",GSTONE1,201.4250
D,DISPATCH,UNIT_SCADA,1,"2022/10/20 03:45:00",GSTONE2,0
D,DISPATCH,UNIT_SCADA,1,"2022/10/20 03:45:00",GSTONE3,200.024990
D,DISPATCH,UNIT_SCADA,1,"2022/10/20 03:45:00",GSTONE4,0
D,DISPATCH,UNIT_SCADA,1,"2022/10/20 03:45:00",GSTONE5,201.774990
D,DISPATCH,UNIT_SCADA,1,"2022/10/20 03:45:00",GSTONE6,201.0750
D,DISPATCH,UNIT_SCADA,1,"2022/10/20 03:45:00",GULLRSF1,0
D,DISPATCH,UNIT_SCADA,1,"2022/10/20 03:45:00",GULLRWF1,34.724470
D,DISPATCH,UNIT_SCADA,1,"2022/10/20 03:45:00",GULLRWF2,98.993210
D,DISPATCH,UNIT_SCADA,1,"2022/10/20 03:45:00",GUNNING1,0
D,DISPATCH,UNIT_SCADA,1,"2022/10/20 03:45:00",GUTHEGA,67.80
D,DISPATCH,UNIT_SCADA,1,"2022/10/20 03:45:00",HALLWF1,68.36
D,DISPATCH,UNIT_SCADA,1,"2022/10/20 03:45:00",HALLWF2,55.74
D,DISPATCH,UNIT_SCADA,1,"2022/10/20 03:45:00",HAMISF1,0
D,DISPATCH,UNIT_SCADA,1,"2022/10/20 03:45:00",HAUGHT11,0
D,DISPATCH,UNIT_SCADA,1,"2022/10/20 03:45:00",HAYMSF1,0
D,DISPATCH,UNIT_SCADA,1,"2022/10/20 03:45:00",HDWF1,56.90
D,DISPATCH,UNIT_SCADA,1,"2022/10/20 03:45:00",HDWF2,24.70
D,DISPATCH,UNIT_SCADA,1,"2022/10/20 03:45:00",HDWF3,51.80
D,DISPATCH,UNIT_SCADA,1,"2022/10/20 03:45:00",HILLSTN1,0
D,DISPATCH,UNIT_SCADA,1,"2022/10/20 03:45:00",HPRG1,0
D,DISPATCH,UNIT_SCADA,1,"2022/10/20 03:45:00",HPRL1,27.10
D,DISPATCH,UNIT_SCADA,1,"2022/10/20 03:45:00",HUMENSW,55.3704
D,DISPATCH,UNIT_SCADA,1,"2022/10/20 03:45:00",HUMEV,0
D,DISPATCH,UNIT_SCADA,1,"2022/10/20 03:45:00",HVWWBA1G,0
D,DISPATCH,UNIT_SCADA,1,"2022/10/20 03:45:00",HVWWBA1L,0.0070
D,DISPATCH,UNIT_SCADA,1,"2022/10/20 03:45:00",HVWWPV1,0
D,DISPATCH,UNIT_SCADA,1,"2022/10/20 03:45:00",JBUTTERS,0
D,DISPATCH,UNIT_SCADA,1,"2022/10/20 03:45:00",JEMALNG1,0
D,DISPATCH,UNIT_SCADA,1,"2022/10/20 03:45:00",JLA01,0
D,DISPATCH,UNIT_SCADA,1,"2022/10/20 03:45:00",JLA02,0
D,DISPATCH,UNIT_SCADA,1,"2022/10/20 03:45:00",JLA03,0
D,DISPATCH,UNIT_SCADA,1,"2022/10/20 03:45:00",JLA04,0
D,DISPATCH,UNIT_SCADA,1,"2022/10/20 03:45:00",JLB01,0
D,DISPATCH,UNIT_SCADA,1,"2022/10/20 03:45:00",JLB02,0.10
D,DISPATCH,UNIT_SCADA,1,"2022/10/20 03:45:00",JLB03,0
D,DISPATCH,UNIT_SCADA,1,"2022/10/20 03:45:00",JUNEESF1,0
D,DISPATCH,UNIT_SCADA,1,"2022/10/20 03:45:00",KABANWF1,1.9530
D,DISPATCH,UNIT_SCADA,1,"2022/10/20 03:45:00",KAREEYA1,15.6025
D,DISPATCH,UNIT_SCADA,1,"2022/10/20 03:45:00",KAREEYA2,0
D,DISPATCH,UNIT_SCADA,1,"2022/10/20 03:45:00",KAREEYA3,21.4675
D,DISPATCH,UNIT_SCADA,1,"2022/10/20 03:45:00",KAREEYA4,0
D,DISPATCH,UNIT_SCADA,1,"2022/10/20 03:45:00",KARSF1,0
D,DISPATCH,UNIT_SCADA,1,"2022/10/20 03:45:00",KEPSF1,0
D,DISPATCH,UNIT_SCADA,1,"2022/10/20 03:45:00",KEPWF1,0
D,DISPATCH,UNIT_SCADA,1,"2022/10/20 03:45:00",KIAMSF1,0
D,DISPATCH,UNIT_SCADA,1,"2022/10/20 03:45:00",KIATAWF1,30.80
D,DISPATCH,UNIT_SCADA,1,"2022/10/20 03:45:00",KPP_1,0
D,DISPATCH,UNIT_SCADA,1,"2022/10/20 03:45:00",KSP1,0
D,DISPATCH,UNIT_SCADA,1,"2022/10/20 03:45:00",LADBROK1,0.02
D,DISPATCH,UNIT_SCADA,1,"2022/10/20 03:45:00",LADBROK2,37.99
D,DISPATCH,UNIT_SCADA,1,"2022/10/20 03:45:00",LBBG1,1.65
D,DISPATCH,UNIT_SCADA,1,"2022/10/20 03:45:00",LBBL1,0
D,DISPATCH,UNIT_SCADA,1,"2022/10/20 03:45:00",LD01,318.320250
D,DISPATCH,UNIT_SCADA,1,"2022/10/20 03:45:00",LD02,0
D,DISPATCH,UNIT_SCADA,1,"2022/10/20 03:45:00",LD04,314.365050
D,DISPATCH,UNIT_SCADA,1,"2022/10/20 03:45:00",LEM_WIL,86.767460
D,DISPATCH,UNIT_SCADA,1,"2022/10/20 03:45:00",LGAPWF1,63.15
D,DISPATCH,UNIT_SCADA,1,"2022/10/20 03:45:00",LGAPWF2,38.35
D,DISPATCH,UNIT_SCADA,1,"2022/10/20 03:45:00",LILYSF1,0
D,DISPATCH,UNIT_SCADA,1,"2022/10/20 03:45:00",LIMOSF11,0
D,DISPATCH,UNIT_SCADA,1,"2022/10/20 03:45:00",LIMOSF21,0
D,DISPATCH,UNIT_SCADA,1,"2022/10/20 03:45:00",LI_WY_CA,56.020890
D,DISPATCH,UNIT_SCADA,1,"2022/10/20 03:45:00",LKBONNY1,0
D,DISPATCH,UNIT_SCADA,1,"2022/10/20 03:45:00",LKBONNY2,27.149760
D,DISPATCH,UNIT_SCADA,1,"2022/10/20 03:45:00",LKBONNY3,7.870910
D,DISPATCH,UNIT_SCADA,1,"2022/10/20 03:45:00",LK_ECHO,0
D,DISPATCH,UNIT_SCADA,1,"2022/10/20 03:45:00",LNGS1,0
D,DISPATCH,UNIT_SCADA,1,"2022/10/20 03:45:00",LNGS2,0
D,DISPATCH,UNIT_SCADA,1,"2022/10/20 03:45:00",LONSDALE,0
D,DISPATCH,UNIT_SCADA,1,"2022/10/20 03:45:00",LOYYB1,481.200010
D,DISPATCH,UNIT_SCADA,1,"2022/10/20 03:45:00",LOYYB2,480.072140
D,DISPATCH,UNIT_SCADA,1,"2022/10/20 03:45:00",LYA1,531
D,DISPATCH,UNIT_SCADA,1,"2022/10/20 03:45:00",LYA2,0
D,DISPATCH,UNIT_SCADA,1,"2022/10/20 03:45:00",LYA3,534
D,DISPATCH,UNIT_SCADA,1,"2022/10/20 03:45:00",LYA4,533
D,DISPATCH,UNIT_SCADA,1,"2022/10/20 03:45:00",MACARTH1,25.599410
D,DISPATCH,UNIT_SCADA,1,"2022/10/20 03:45:00",MACKNTSH,0
D,DISPATCH,UNIT_SCADA,1,"2022/10/20 03:45:00",MANSLR1,0
D,DISPATCH,UNIT_SCADA,1,"2022/10/20 03:45:00",MAPS2PV1,0
D,DISPATCH,UNIT_SCADA,1,"2022/10/20 03:45:00",MAPS3PV1,0
D,DISPATCH,UNIT_SCADA,1,"2022/10/20 03:45:00",MARYRSF1,0
D,DISPATCH,UNIT_SCADA,1,"2022/10/20 03:45:00",MBPS2PV1,0
D,DISPATCH,UNIT_SCADA,1,"2022/10/20 03:45:00",MCKAY1,0.02
D,DISPATCH,UNIT_SCADA,1,"2022/10/20 03:45:00",MEADOWBK,19.834520
D,DISPATCH,UNIT_SCADA,1,"2022/10/20 03:45:00",MERCER01,35.30
D,DISPATCH,UNIT_SCADA,1,"2022/10/20 03:45:00",METZSF1,0
D,DISPATCH,UNIT_SCADA,1,"2022/10/20 03:45:00",MEWF1,0
D,DISPATCH,UNIT_SCADA,1,"2022/10/20 03:45:00",MIDDLSF1,0
D,DISPATCH,UNIT_SCADA,1,"2022/10/20 03:45:00",MINTARO,0.128180
D,DISPATCH,UNIT_SCADA,1,"2022/10/20 03:45:00",MOLNGSF1,0
D,DISPATCH,UNIT_SCADA,1,"2022/10/20 03:45:00",MOORAWF1,34.99
D,DISPATCH,UNIT_SCADA,1,"2022/10/20 03:45:00",MOREESF1,0
D,DISPATCH,UNIT_SCADA,1,"2022/10/20 03:45:00",MORTLK11,0
D,DISPATCH,UNIT_SCADA,1,"2022/10/20 03:45:00",MORTLK12,0
D,DISPATCH,UNIT_SCADA,1,"2022/10/20 03:45:00",MOUSF1,0
D,DISPATCH,UNIT_SCADA,1,"2022/10/20 03:45:00",MP1,0
D,DISPATCH,UNIT_SCADA,1,"2022/10/20 03:45:00",MP2,277.1893
D,DISPATCH,UNIT_SCADA,1,"2022/10/20 03:45:00",MPP_1,174.047580
D,DISPATCH,UNIT_SCADA,1,"2022/10/20 03:45:00",MPP_2,0
D,DISPATCH,UNIT_SCADA,1,"2022/10/20 03:45:00",MRTLSWF1,0
D,DISPATCH,UNIT_SCADA,1,"2022/10/20 03:45:00",MSTUART1,0
D,DISPATCH,UNIT_SCADA,1,"2022/10/20 03:45:00",MSTUART2,0
D,DISPATCH,UNIT_SCADA,1,"2022/10/20 03:45:00",MSTUART3,0
D,DISPATCH,UNIT_SCADA,1,"2022/10/20 03:45:00",MTGELWF1,21.050140
D,DISPATCH,UNIT_SCADA,1,"2022/10/20 03:45:00",MTMILLAR,9.60
D,DISPATCH,UNIT_SCADA,1,"2022/10/20 03:45:00",MURRAY,0
D,DISPATCH,UNIT_SCADA,1,"2022/10/20 03:45:00",MUSSELR1,5.10
D,DISPATCH,UNIT_SCADA,1,"2022/10/20 03:45:00",MUWAWF1,185.06
D,DISPATCH,UNIT_SCADA,1,"2022/10/20 03:45:00",MUWAWF2,182.70
D,DISPATCH,UNIT_SCADA,1,"2022/10/20 03:45:00",MWPS1PV1,0
D,DISPATCH,UNIT_SCADA,1,"2022/10/20 03:45:00",MWPS2PV1,0
D,DISPATCH,UNIT_SCADA,1,"2022/10/20 03:45:00",MWPS3PV1,0
D,DISPATCH,UNIT_SCADA,1,"2022/10/20 03:45:00",MWPS4PV1,0
D,DISPATCH,UNIT_SCADA,1,"2022/10/20 03:45:00",NBHWF1,104.50
D,DISPATCH,UNIT_SCADA,1,"2022/10/20 03:45:00",NEVERSF1,0
D,DISPATCH,UNIT_SCADA,1,"2022/10/20 03:45:00",NPS,0
D,DISPATCH,UNIT_SCADA,1,"2022/10/20 03:45:00",NUMURSF1,0
D,DISPATCH,UNIT_SCADA,1,"2022/10/20 03:45:00",NYNGAN1,0
D,DISPATCH,UNIT_SCADA,1,"2022/10/20 03:45:00",OAKEY1,0
D,DISPATCH,UNIT_SCADA,1,"2022/10/20 03:45:00",OAKEY1SF,0
D,DISPATCH,UNIT_SCADA,1,"2022/10/20 03:45:00",OAKEY2,0
D,DISPATCH,UNIT_SCADA,1,"2022/10/20 03:45:00",OAKEY2SF,0
D,DISPATCH,UNIT_SCADA,1,"2022/10/20 03:45:00",OAKLAND1,14.10
D,DISPATCH,UNIT_SCADA,1,"2022/10/20 03:45:00",OSB-AG,0
D,DISPATCH,UNIT_SCADA,1,"2022/10/20 03:45:00",PAREPS1,0.0660
D,DISPATCH,UNIT_SCADA,1,"2022/10/20 03:45:00",PAREPW1,26.66
D,DISPATCH,UNIT_SCADA,1,"2022/10/20 03:45:00",PARSF1,0.001530
D,DISPATCH,UNIT_SCADA,1,"2022/10/20 03:45:00",POAT110,0
D,DISPATCH,UNIT_SCADA,1,"2022/10/20 03:45:00",POAT220,0
D,DISPATCH,UNIT_SCADA,1,"2022/10/20 03:45:00",POR01,0
D,DISPATCH,UNIT_SCADA,1,"2022/10/20 03:45:00",POR03,0
D,DISPATCH,UNIT_SCADA,1,"2022/10/20 03:45:00",PPCCGT,123.890430
D,DISPATCH,UNIT_SCADA,1,"2022/10/20 03:45:00",PTSTAN1,0
D,DISPATCH,UNIT_SCADA,1,"2022/10/20 03:45:00",PUMP1,0
D,DISPATCH,UNIT_SCADA,1,"2022/10/20 03:45:00",PUMP2,0
D,DISPATCH,UNIT_SCADA,1,"2022/10/20 03:45:00",QBYNBG1,0
D,DISPATCH,UNIT_SCADA,1,"2022/10/20 03:45:00",QBYNBL1,0.0045
D,DISPATCH,UNIT_SCADA,1,"2022/10/20 03:45:00",QPS1,0
D,DISPATCH,UNIT_SCADA,1,"2022/10/20 03:45:00",QPS2,0
D,DISPATCH,UNIT_SCADA,1,"2022/10/20 03:45:00",QPS3,0
D,DISPATCH,UNIT_SCADA,1,"2022/10/20 03:45:00",QPS4,0
D,DISPATCH,UNIT_SCADA,1,"2022/10/20 03:45:00",QPS5,75.40
D,DISPATCH,UNIT_SCADA,1,"2022/10/20 03:45:00",REECE1,0
D,DISPATCH,UNIT_SCADA,1,"2022/10/20 03:45:00",REECE2,0
D,DISPATCH,UNIT_SCADA,1,"2022/10/20 03:45:00",ROMA_7,0
D,DISPATCH,UNIT_SCADA,1,"2022/10/20 03:45:00",ROMA_8,0
D,DISPATCH,UNIT_SCADA,1,"2022/10/20 03:45:00",RRSF1,0
D,DISPATCH,UNIT_SCADA,1,"2022/10/20 03:45:00",RT_NSW1,0
D,DISPATCH,UNIT_SCADA,1,"2022/10/20 03:45:00",RT_NSW2,0
D,DISPATCH,UNIT_SCADA,1,"2022/10/20 03:45:00",RT_NSW3,0
D,DISPATCH,UNIT_SCADA,1,"2022/10/20 03:45:00",RT_NSW4,0
D,DISPATCH,UNIT_SCADA,1,"2022/10/20 03:45:00",RT_NSW5,0
D,DISPATCH,UNIT_SCADA,1,"2022/10/20 03:45:00",RT_NSW6,0
D,DISPATCH,UNIT_SCADA,1,"2022/10/20 03:45:00",RT_QLD1,0
D,DISPATCH,UNIT_SCADA,1,"2022/10/20 03:45:00",RT_SA1,0
D,DISPATCH,UNIT_SCADA,1,"2022/10/20 03:45:00",RT_SA2,0
D,DISPATCH,UNIT_SCADA,1,"2022/10/20 03:45:00",RT_SA3,0
D,DISPATCH,UNIT_SCADA,1,"2022/10/20 03:45:00",RT_SA4,0
D,DISPATCH,UNIT_SCADA,1,"2022/10/20 03:45:00",RT_SA5,0
D,DISPATCH,UNIT_SCADA,1,"2022/10/20 03:45:00",RT_SA6,0
D,DISPATCH,UNIT_SCADA,1,"2022/10/20 03:45:00",RT_TAS1,0
D,DISPATCH,UNIT_SCADA,1,"2022/10/20 03:45:00",RT_VIC1,0
D,DISPATCH,UNIT_SCADA,1,"2022/10/20 03:45:00",RT_VIC10,0
D,DISPATCH,UNIT_SCADA,1,"2022/10/20 03:45:00",RT_VIC11,0
D,DISPATCH,UNIT_SCADA,1,"2022/10/20 03:45:00",RT_VIC12,0
D,DISPATCH,UNIT_SCADA,1,"2022/10/20 03:45:00",RT_VIC2,0
D,DISPATCH,UNIT_SCADA,1,"2022/10/20 03:45:00",RT_VIC3,0
D,DISPATCH,UNIT_SCADA,1,"2022/10/20 03:45:00",RT_VIC4,0
D,DISPATCH,UNIT_SCADA,1,"2022/10/20 03:45:00",RT_VIC5,0
D,DISPATCH,UNIT_SCADA,1,"2022/10/20 03:45:00",RT_VIC6,0
D,DISPATCH,UNIT_SCADA,1,"2022/10/20 03:45:00",RT_VIC7,0
D,DISPATCH,UNIT_SCADA,1,"2022/10/20 03:45:00",RT_VIC8,0
D,DISPATCH,UNIT_SCADA,1,"2022/10/20 03:45:00",RT_VIC9,0
D,DISPATCH,UNIT_SCADA,1,"2022/10/20 03:45:00",RUGBYR1,0
D,DISPATCH,UNIT_SCADA,1,"2022/10/20 03:45:00",SALTCRK1,19.46
D,DISPATCH,UNIT_SCADA,1,"2022/10/20 03:45:00",SAPHWF1,133.838410
D,DISPATCH,UNIT_SCADA,1,"2022/10/20 03:45:00",SEBSF1,0
D,DISPATCH,UNIT_SCADA,1,"2022/10/20 03:45:00",SHGEN,0
D,DISPATCH,UNIT_SCADA,1,"2022/10/20 03:45:00",SHPUMP,0
D,DISPATCH,UNIT_SCADA,1,"2022/10/20 03:45:00",SITHE01,0.123710
D,DISPATCH,UNIT_SCADA,1,"2022/10/20 03:45:00",SMCSF1,0
D,DISPATCH,UNIT_SCADA,1,"2022/10/20 03:45:00",SNAPPER1,0
D,DISPATCH,UNIT_SCADA,1,"2022/10/20 03:45:00",SNOWNTH1,129.600010
D,DISPATCH,UNIT_SCADA,1,"2022/10/20 03:45:00",SNOWSTH1,116.30
D,DISPATCH,UNIT_SCADA,1,"2022/10/20 03:45:00",SNOWTWN1,93.077730
D,DISPATCH,UNIT_SCADA,1,"2022/10/20 03:45:00",SNOWYP,0
D,DISPATCH,UNIT_SCADA,1,"2022/10/20 03:45:00",SNUG1,0
D,DISPATCH,UNIT_SCADA,1,"2022/10/20 03:45:00",SRSF1,0
D,DISPATCH,UNIT_SCADA,1,"2022/10/20 03:45:00",STAN-1,280.504730
D,DISPATCH,UNIT_SCADA,1,"2022/10/20 03:45:00",STAN-2,363.538450
D,DISPATCH,UNIT_SCADA,1,"2022/10/20 03:45:00",STAN-3,365.627750
D,DISPATCH,UNIT_SCADA,1,"2022/10/20 03:45:00",STAN-4,365.832820
D,DISPATCH,UNIT_SCADA,1,"2022/10/20 03:45:00",STARHLWF,16.995040
D,DISPATCH,UNIT_SCADA,1,"2022/10/20 03:45:00",STOCKYD1,183.08
D,DISPATCH,UNIT_SCADA,1,"2022/10/20 03:45:00",STWF1,50.587320
D,DISPATCH,UNIT_SCADA,1,"2022/10/20 03:45:00",SUNRSF1,0
D,DISPATCH,UNIT_SCADA,1,"2022/10/20 03:45:00",SUNTPSF1,0
D,DISPATCH,UNIT_SCADA,1,"2022/10/20 03:45:00",SWAN_E,219.729370
D,DISPATCH,UNIT_SCADA,1,"2022/10/20 03:45:00",TALWA1,0
D,DISPATCH,UNIT_SCADA,1,"2022/10/20 03:45:00",TARALGA1,0
D,DISPATCH,UNIT_SCADA,1,"2022/10/20 03:45:00",TARONG#1,280.700010
D,DISPATCH,UNIT_SCADA,1,"2022/10/20 03:45:00",TARONG#2,280.200010
D,DISPATCH,UNIT_SCADA,1,"2022/10/20 03:45:00",TARONG#3,0.90
D,DISPATCH,UNIT_SCADA,1,"2022/10/20 03:45:00",TARONG#4,190.20
D,DISPATCH,UNIT_SCADA,1,"2022/10/20 03:45:00",TARRALEA,54
D,DISPATCH,UNIT_SCADA,1,"2022/10/20 03:45:00",TBSF1,0
D,DISPATCH,UNIT_SCADA,1,"2022/10/20 03:45:00",TNPS1,298.9375
D,DISPATCH,UNIT_SCADA,1,"2022/10/20 03:45:00",TORRB1,0
D,DISPATCH,UNIT_SCADA,1,"2022/10/20 03:45:00",TORRB2,41
D,DISPATCH,UNIT_SCADA,1,"2022/10/20 03:45:00",TORRB3,0
D,DISPATCH,UNIT_SCADA,1,"2022/10/20 03:45:00",TORRB4,0
D,DISPATCH,UNIT_SCADA,1,"2022/10/20 03:45:00",TREVALLN,99.933960
D,DISPATCH,UNIT_SCADA,1,"2022/10/20 03:45:00",TRIBUTE,0
D,DISPATCH,UNIT_SCADA,1,"2022/10/20 03:45:00",TUMUT3,0
D,DISPATCH,UNIT_SCADA,1,"2022/10/20 03:45:00",TUNGATIN,3.600020
D,DISPATCH,UNIT_SCADA,1,"2022/10/20 03:45:00",TVCC201,0
D,DISPATCH,UNIT_SCADA,1,"2022/10/20 03:45:00",TVPP104,0
D,DISPATCH,UNIT_SCADA,1,"2022/10/20 03:45:00",UPPTUMUT,0
D,DISPATCH,UNIT_SCADA,1,"2022/10/20 03:45:00",URANQ11,0
D,DISPATCH,UNIT_SCADA,1,"2022/10/20 03:45:00",URANQ12,0
D,DISPATCH,UNIT_SCADA,1,"2022/10/20 03:45:00",URANQ13,0
D,DISPATCH,UNIT_SCADA,1,"2022/10/20 03:45:00",URANQ14,0
D,DISPATCH,UNIT_SCADA,1,"2022/10/20 03:45:00",VBBG1,0
D,DISPATCH,UNIT_SCADA,1,"2022/10/20 03:45:00",VBBL1,4.70
D,DISPATCH,UNIT_SCADA,1,"2022/10/20 03:45:00",VP5,480.3125
D,DISPATCH,UNIT_SCADA,1,"2022/10/20 03:45:00",VP6,551.261960
D,DISPATCH,UNIT_SCADA,1,"2022/10/20 03:45:00",VPGS1,0
D,DISPATCH,UNIT_SCADA,1,"2022/10/20 03:45:00",VPGS2,0
D,DISPATCH,UNIT_SCADA,1,"2022/10/20 03:45:00",VPGS3,0
D,DISPATCH,UNIT_SCADA,1,"2022/10/20 03:45:00",VPGS4,0
D,DISPATCH,UNIT_SCADA,1,"2022/10/20 03:45:00",VPGS5,0
D,DISPATCH,UNIT_SCADA,1,"2022/10/20 03:45:00",VPGS6,0
D,DISPATCH,UNIT_SCADA,1,"2022/10/20 03:45:00",W/HOE#1,0
D,DISPATCH,UNIT_SCADA,1,"2022/10/20 03:45:00",W/HOE#2,0
D,DISPATCH,UNIT_SCADA,1,"2022/10/20 03:45:00",WAGGNSF1,0
D,DISPATCH,UNIT_SCADA,1,"2022/10/20 03:45:00",WALGRVG1,15.992080
D,DISPATCH,UNIT_SCADA,1,"2022/10/20 03:45:00",WALGRVL1,0
D,DISPATCH,UNIT_SCADA,1,"2022/10/20 03:45:00",WANDBG1,0
D,DISPATCH,UNIT_SCADA,1,"2022/10/20 03:45:00",WANDBL1,0
D,DISPATCH,UNIT_SCADA,1,"2022/10/20 03:45:00",WARWSF1,0
D,DISPATCH,UNIT_SCADA,1,"2022/10/20 03:45:00",WARWSF2,0
D,DISPATCH,UNIT_SCADA,1,"2022/10/20 03:45:00",WATERLWF,91.70
D,DISPATCH,UNIT_SCADA,1,"2022/10/20 03:45:00",WDGPH1,0
D,DISPATCH,UNIT_SCADA,1,"2022/10/20 03:45:00",WELLSF1,0
D,DISPATCH,UNIT_SCADA,1,"2022/10/20 03:45:00",WEMENSF1,0
D,DISPATCH,UNIT_SCADA,1,"2022/10/20 03:45:00",WGWF1,116.90
D,DISPATCH,UNIT_SCADA,1,"2022/10/20 03:45:00",WHITSF1,0
D,DISPATCH,UNIT_SCADA,1,"2022/10/20 03:45:00",WINTSF1,0
D,DISPATCH,UNIT_SCADA,1,"2022/10/20 03:45:00",WKIEWA1,33.90
D,DISPATCH,UNIT_SCADA,1,"2022/10/20 03:45:00",WKIEWA2,34
D,DISPATCH,UNIT_SCADA,1,"2022/10/20 03:45:00",WOODLWN1,8.793590
D,DISPATCH,UNIT_SCADA,1,"2022/10/20 03:45:00",WOOLGSF1,0
D,DISPATCH,UNIT_SCADA,1,"2022/10/20 03:45:00",WPWF,72.90
D,DISPATCH,UNIT_SCADA,1,"2022/10/20 03:45:00",WRSF1,0
D,DISPATCH,UNIT_SCADA,1,"2022/10/20 03:45:00",WRWF1,40.684830
D,DISPATCH,UNIT_SCADA,1,"2022/10/20 03:45:00",WSTWYSF1,0
D,DISPATCH,UNIT_SCADA,1,"2022/10/20 03:45:00",YABULU,0
D,DISPATCH,UNIT_SCADA,1,"2022/10/20 03:45:00",YABULU2,0
D,DISPATCH,UNIT_SCADA,1,"2022/10/20 03:45:00",YARANSF1,0
D,DISPATCH,UNIT_SCADA,1,"2022/10/20 03:45:00",YARWUN_1,159.30
D,DISPATCH,UNIT_SCADA,1,"2022/10/20 03:45:00",YATSF1,0
D,DISPATCH,UNIT_SCADA,1,"2022/10/20 03:45:00",YENDWF1,23.93
D,DISPATCH,UNIT_SCADA,1,"2022/10/20 03:45:00",YWPS1,364.911410
D,DISPATCH,UNIT_SCADA,1,"2022/10/20 03:45:00",YWPS2,359.146850
D,DISPATCH,UNIT_SCADA,1,"2022/10/20 03:45:00",YWPS3,357.130370
D,DISPATCH,UNIT_SCADA,1,"2022/10/20 03:45:00",YWPS4,0
C,"END OF REPORT",419
