C,NEMP.WORLD,DISPATCHSCADA,AEMO,PUBLIC,2022/10/20,20:45:09,0000000373280010,DISPATCHSCADA,0000000373280004
I,DISPATCH,UNIT_SCADA,1,SETTLEMENTDATE,DUID,SCADAVALUE
D,DISPATCH,UNIT_SCADA,1,"2022/10/20 20:50:00",BARCSF1,0.10
D,DISPATCH,UNIT_SCADA,1,"2022/10/20 20:50:00",BUTLERSG,8.699999
D,DISPATCH,UNIT_SCADA,1,"2022/10/20 20:50:00",CAPTL_WF,92.270935
D,DISPATCH,UNIT_SCADA,1,"2022/10/20 20:50:00",CHALLHWF,6.70
D,DISPATCH,UNIT_SCADA,1,"2022/10/20 20:50:00",CLOVER,13.16
D,DISPATCH,UNIT_SCADA,1,"2022/10/20 20:50:00",CLUNY,6.329595
D,DISPATCH,UNIT_SCADA,1,"2022/10/20 20:50:00",CULLRGWF,-0.04
D,DISPATCH,UNIT_SCADA,1,"2022/10/20 20:50:00",DIAPURWF1,0.60
D,DISPATCH,UNIT_SCADA,1,"2022/10/20 20:50:00",ERGT01,0
D,DISPATCH,UNIT_SCADA,1,"2022/10/20 20:50:00",GB01,0
D,DISPATCH,UNIT_SCADA,1,"2022/10/20 20:50:00",GERMCRK,17.10
D,DISPATCH,UNIT_SCADA,1,"2022/10/20 20:50:00",GRIFSF1,0.001526
D,DISPATCH,UNIT_SCADA,1,"2022/10/20 20:50:00",HEZ1,0
D,DISPATCH,UNIT_SCADA,1,"2022/10/20 20:50:00",HUGSF1,-0.0420
D,DISPATCH,UNIT_SCADA,1,"2022/10/20 20:50:00",KEPBG1,0
D,DISPATCH,UNIT_SCADA,1,"2022/10/20 20:50:00",LRSF1,0.0110
D,DISPATCH,UNIT_SCADA,1,"2022/10/20 20:50:00",MBAHNTH,45.112503
D,DISPATCH,UNIT_SCADA,1,"2022/10/20 20:50:00",MLSP1,0
D,DISPATCH,UNIT_SCADA,1,"2022/10/20 20:50:00",MLWF1,7.32
D,DISPATCH,UNIT_SCADA,1,"2022/10/20 20:50:00",PALOONA,30.769999
D,DISPATCH,UNIT_SCADA,1,"2022/10/20 20:50:00",PIONEER,23.700001
D,DISPATCH,UNIT_SCADA,1,"2022/10/20 20:50:00",PORTWF,49.900002
D,DISPATCH,UNIT_SCADA,1,"2022/10/20 20:50:00",REPULSE,9.461204
D,DISPATCH,UNIT_SCADA,1,"2022/10/20 20:50:00",ROWALLAN,9.038301
D,DISPATCH,UNIT_SCADA,1,"2022/10/20 20:50:00",ROYALLA1,0
D,DISPATCH,UNIT_SCADA,1,"2022/10/20 20:50:00",RPCG,-0.50
D,DISPATCH,UNIT_SCADA,1,"2022/10/20 20:50:00",RUBICON,0
D,DISPATCH,UNIT_SCADA,1,"2022/10/20 20:50:00",WAUBRAWF,55.792999
D,DISPATCH,UNIT_SCADA,1,"2022/10/20 20:50:00",WOOLNTH1,80.339996
D,DISPATCH,UNIT_SCADA,1,"2022/10/20 20:50:00",YAMBUKWF,6.10
D,DISPATCH,UNIT_SCADA,1,"2022/10/20 20:50:00",YSWF1,2.40
D,DISPATCH,UNIT_SCADA,1,"2022/10/20 20:50:00",ADPBA1G,0.0080
D,DISPATCH,UNIT_SCADA,1,"2022/10/20 20:50:00",ADPBA1L,0
D,DISPATCH,UNIT_SCADA,1,"2022/10/20 20:50:00",ADPPV1,0
D,DISPATCH,UNIT_SCADA,1,"2022/10/20 20:50:00",AGLHAL,31.060220
D,DISPATCH,UNIT_SCADA,1,"2022/10/20 20:50:00",AGLSOM,0
D,DISPATCH,UNIT_SCADA,1,"2022/10/20 20:50:00",ANGAST1,0
D,DISPATCH,UNIT_SCADA,1,"2022/10/20 20:50:00",ARWF1,2.80
D,DISPATCH,UNIT_SCADA,1,"2022/10/20 20:50:00",BALBG1,7.95
D,DISPATCH,UNIT_SCADA,1,"2022/10/20 20:50:00",BALBL1,0
D,DISPATCH,UNIT_SCADA,1,"2022/10/20 20:50:00",BALDHWF1,92.9610
D,DISPATCH,UNIT_SCADA,1,"2022/10/20 20:50:00",BANGOWF1,83.997860
D,DISPATCH,UNIT_SCADA,1,"2022/10/20 20:50:00",BANGOWF2,63.6978
D,DISPATCH,UNIT_SCADA,1,"2022/10/20 20:50:00",BANN1,0
D,DISPATCH,UNIT_SCADA,1,"2022/10/20 20:50:00",BARCALDN,0
D,DISPATCH,UNIT_SCADA,1,"2022/10/20 20:50:00",BARKIPS1,192.55
D,DISPATCH,UNIT_SCADA,1,"2022/10/20 20:50:00",BARRON-1,0
D,DISPATCH,UNIT_SCADA,1,"2022/10/20 20:50:00",BARRON-2,0
D,DISPATCH,UNIT_SCADA,1,"2022/10/20 20:50:00",BASTYAN,0
D,DISPATCH,UNIT_SCADA,1,"2022/10/20 20:50:00",BBTHREE1,0
D,DISPATCH,UNIT_SCADA,1,"2022/10/20 20:50:00",BBTHREE2,0
D,DISPATCH,UNIT_SCADA,1,"2022/10/20 20:50:00",BBTHREE3,-1.12
D,DISPATCH,UNIT_SCADA,1,"2022/10/20 20:50:00",BDL01,0
D,DISPATCH,UNIT_SCADA,1,"2022/10/20 20:50:00",BDL02,0
D,DISPATCH,UNIT_SCADA,1,"2022/10/20 20:50:00",BERYLSF1,0
D,DISPATCH,UNIT_SCADA,1,"2022/10/20 20:50:00",BLOWERNG,62.60
D,DISPATCH,UNIT_SCADA,1,"2022/10/20 20:50:00",BLUEGSF1,0
D,DISPATCH,UNIT_SCADA,1,"2022/10/20 20:50:00",BLUFF1,9.10
D,DISPATCH,UNIT_SCADA,1,"2022/10/20 20:50:00",BNGSF1,0
D,DISPATCH,UNIT_SCADA,1,"2022/10/20 20:50:00",BNGSF2,0
D,DISPATCH,UNIT_SCADA,1,"2022/10/20 20:50:00",BOCORWF1,25.12
D,DISPATCH,UNIT_SCADA,1,"2022/10/20 20:50:00",BODWF1,110.313350
D,DISPATCH,UNIT_SCADA,1,"2022/10/20 20:50:00",BOMENSF1,0
D,DISPATCH,UNIT_SCADA,1,"2022/10/20 20:50:00",BOWWBA1G,0
D,DISPATCH,UNIT_SCADA,1,"2022/10/20 20:50:00",BOWWBA1L,0.0010
D,DISPATCH,UNIT_SCADA,1,"2022/10/20 20:50:00",BOWWPV1,0
D,DISPATCH,UNIT_SCADA,1,"2022/10/20 20:50:00",BRAEMAR1,0
D,DISPATCH,UNIT_SCADA,1,"2022/10/20 20:50:00",BRAEMAR2,0
D,DISPATCH,UNIT_SCADA,1,"2022/10/20 20:50:00",BRAEMAR3,0
D,DISPATCH,UNIT_SCADA,1,"2022/10/20 20:50:00",BRAEMAR5,144.750490
D,DISPATCH,UNIT_SCADA,1,"2022/10/20 20:50:00",BRAEMAR6,0
D,DISPATCH,UNIT_SCADA,1,"2022/10/20 20:50:00",BRAEMAR7,141.2357
D,DISPATCH,UNIT_SCADA,1,"2022/10/20 20:50:00",BROKENH1,0
D,DISPATCH,UNIT_SCADA,1,"2022/10/20 20:50:00",BRYB1WF1,65.842680
D,DISPATCH,UNIT_SCADA,1,"2022/10/20 20:50:00",BULBESG1,0
D,DISPATCH,UNIT_SCADA,1,"2022/10/20 20:50:00",BULBESL1,0.03
D,DISPATCH,UNIT_SCADA,1,"2022/10/20 20:50:00",BULGANA1,33.52
D,DISPATCH,UNIT_SCADA,1,"2022/10/20 20:50:00",BW01,659.201970
D,DISPATCH,UNIT_SCADA,1,"2022/10/20 20:50:00",BW02,638.547360
D,DISPATCH,UNIT_SCADA,1,"2022/10/20 20:50:00",BW03,604.733340
D,DISPATCH,UNIT_SCADA,1,"2022/10/20 20:50:00",BW04,0
D,DISPATCH,UNIT_SCADA,1,"2022/10/20 20:50:00",CALL_B_1,320.50
D,DISPATCH,UNIT_SCADA,1,"2022/10/20 20:50:00",CALL_B_2,321.600010
D,DISPATCH,UNIT_SCADA,1,"2022/10/20 20:50:00",CATHROCK,1.90
D,DISPATCH,UNIT_SCADA,1,"2022/10/20 20:50:00",CBWWBA1G,0
D,DISPATCH,UNIT_SCADA,1,"2022/10/20 20:50:00",CBWWBA1L,0
D,DISPATCH,UNIT_SCADA,1,"2022/10/20 20:50:00",CETHANA,98.004880
D,DISPATCH,UNIT_SCADA,1,"2022/10/20 20:50:00",CG1,0
D,DISPATCH,UNIT_SCADA,1,"2022/10/20 20:50:00",CG2,0
D,DISPATCH,UNIT_SCADA,1,"2022/10/20 20:50:00",CG3,0
D,DISPATCH,UNIT_SCADA,1,"2022/10/20 20:50:00",CG4,0
D,DISPATCH,UNIT_SCADA,1,"2022/10/20 20:50:00",CHILDSF1,0
D,DISPATCH,UNIT_SCADA,1,"2022/10/20 20:50:00",CHYTWF1,0
D,DISPATCH,UNIT_SCADA,1,"2022/10/20 20:50:00",CLARESF1,0
D,DISPATCH,UNIT_SCADA,1,"2022/10/20 20:50:00",CLEMGPWF,0.072030
D,DISPATCH,UNIT_SCADA,1,"2022/10/20 20:50:00",CLERMSF1,0
D,DISPATCH,UNIT_SCADA,1,"2022/10/20 20:50:00",CNUNDAWF,15.718340
D,DISPATCH,UNIT_SCADA,1,"2022/10/20 20:50:00",COHUNSF1,0
D,DISPATCH,UNIT_SCADA,1,"2022/10/20 20:50:00",COLEASF1,0
D,DISPATCH,UNIT_SCADA,1,"2022/10/20 20:50:00",COLUMSF1,0
D,DISPATCH,UNIT_SCADA,1,"2022/10/20 20:50:00",COLWF01,123.450070
D,DISPATCH,UNIT_SCADA,1,"2022/10/20 20:50:00",COOPGWF1,394.989990
D,DISPATCH,UNIT_SCADA,1,"2022/10/20 20:50:00",CPP_3,379.774990
D,DISPATCH,UNIT_SCADA,1,"2022/10/20 20:50:00",CPP_4,0
D,DISPATCH,UNIT_SCADA,1,"2022/10/20 20:50:00",CPSA,0
D,DISPATCH,UNIT_SCADA,1,"2022/10/20 20:50:00",CROOKWF2,33.724270
D,DISPATCH,UNIT_SCADA,1,"2022/10/20 20:50:00",CROWLWF1,19.158020
D,DISPATCH,UNIT_SCADA,1,"2022/10/20 20:50:00",CRURWF1,97.199890
D,DISPATCH,UNIT_SCADA,1,"2022/10/20 20:50:00",CRWASF1,0
D,DISPATCH,UNIT_SCADA,1,"2022/10/20 20:50:00",CSPVPS1,0
D,DISPATCH,UNIT_SCADA,1,"2022/10/20 20:50:00",CTHLWF1,0.003050
D,DISPATCH,UNIT_SCADA,1,"2022/10/20 20:50:00",DALNTH01,0
D,DISPATCH,UNIT_SCADA,1,"2022/10/20 20:50:00",DALNTHL1,0.050350
D,DISPATCH,UNIT_SCADA,1,"2022/10/20 20:50:00",DARLSF1,0
D,DISPATCH,UNIT_SCADA,1,"2022/10/20 20:50:00",DARTM1,0
D,DISPATCH,UNIT_SCADA,1,"2022/10/20 20:50:00",DAYDSF1,0
D,DISPATCH,UNIT_SCADA,1,"2022/10/20 20:50:00",DDPS1,0
D,DISPATCH,UNIT_SCADA,1,"2022/10/20 20:50:00",DDSF1,0
D,DISPATCH,UNIT_SCADA,1,"2022/10/20 20:50:00",DEVILS_G,58.698080
D,DISPATCH,UNIT_SCADA,1,"2022/10/20 20:50:00",DG_NSW1,0
D,DISPATCH,UNIT_SCADA,1,"2022/10/20 20:50:00",DG_QLD1,0
D,DISPATCH,UNIT_SCADA,1,"2022/10/20 20:50:00",DG_SA1,0
D,DISPATCH,UNIT_SCADA,1,"2022/10/20 20:50:00",DG_TAS1,0
D,DISPATCH,UNIT_SCADA,1,"2022/10/20 20:50:00",DG_VIC1,0
D,DISPATCH,UNIT_SCADA,1,"2022/10/20 20:50:00",DRYCGT1,0
D,DISPATCH,UNIT_SCADA,1,"2022/10/20 20:50:00",DRYCGT2,0
D,DISPATCH,UNIT_SCADA,1,"2022/10/20 20:50:00",DRYCGT3,0
D,DISPATCH,UNIT_SCADA,1,"2022/10/20 20:50:00",DUNDWF1,87.35
D,DISPATCH,UNIT_SCADA,1,"2022/10/20 20:50:00",DUNDWF2,25.97
D,DISPATCH,UNIT_SCADA,1,"2022/10/20 20:50:00",DUNDWF3,78.30
D,DISPATCH,UNIT_SCADA,1,"2022/10/20 20:50:00",EILDON1,59.76
D,DISPATCH,UNIT_SCADA,1,"2022/10/20 20:50:00",EILDON2,60
D,DISPATCH,UNIT_SCADA,1,"2022/10/20 20:50:00",ELAINWF1,23.18
D,DISPATCH,UNIT_SCADA,1,"2022/10/20 20:50:00",EMERASF1,0
D,DISPATCH,UNIT_SCADA,1,"2022/10/20 20:50:00",ER01,0
D,DISPATCH,UNIT_SCADA,1,"2022/10/20 20:50:00",ER02,656.711670
D,DISPATCH,UNIT_SCADA,1,"2022/10/20 20:50:00",ER03,670.505860
D,DISPATCH,UNIT_SCADA,1,"2022/10/20 20:50:00",ER04,675.999080
D,DISPATCH,UNIT_SCADA,1,"2022/10/20 20:50:00",FINLYSF1,0
D,DISPATCH,UNIT_SCADA,1,"2022/10/20 20:50:00",FISHER,44.03
D,DISPATCH,UNIT_SCADA,1,"2022/10/20 20:50:00",GANGARR1,0
D,DISPATCH,UNIT_SCADA,1,"2022/10/20 20:50:00",GANNBG1,0
D,DISPATCH,UNIT_SCADA,1,"2022/10/20 20:50:00",GANNBL1,0.025170
D,DISPATCH,UNIT_SCADA,1,"2022/10/20 20:50:00",GANNSF1,0
D,DISPATCH,UNIT_SCADA,1,"2022/10/20 20:50:00",GLRWNSF1,0
D,DISPATCH,UNIT_SCADA,1,"2022/10/20 20:50:00",GNNDHSF1,0
D,DISPATCH,UNIT_SCADA,1,"2022/10/20 20:50:00",GOONSF1,0
D,DISPATCH,UNIT_SCADA,1,"2022/10/20 20:50:00",GORDON,266.166660
D,DISPATCH,UNIT_SCADA,1,"2022/10/20 20:50:00",GRANWF1,0
D,DISPATCH,UNIT_SCADA,1,"2022/10/20 20:50:00",GSTONE1,212.6250
D,DISPATCH,UNIT_SCADA,1,"2022/10/20 20:50:00",GSTONE2,0
D,DISPATCH,UNIT_SCADA,1,"2022/10/20 20:50:00",GSTONE3,200.024990
D,DISPATCH,UNIT_SCADA,1,"2022/10/20 20:50:00",GSTONE4,0
D,DISPATCH,UNIT_SCADA,1,"2022/10/20 20:50:00",GSTONE5,217.349990
D,DISPATCH,UNIT_SCADA,1,"2022/10/20 20:50:00",GSTONE6,218.5750
D,DISPATCH,UNIT_SCADA,1,"2022/10/20 20:50:00",GULLRSF1,0
D,DISPATCH,UNIT_SCADA,1,"2022/10/20 20:50:00",GULLRWF1,61.894060
D,DISPATCH,UNIT_SCADA,1,"2022/10/20 20:50:00",GULLRWF2,105.537730
D,DISPATCH,UNIT_SCADA,1,"2022/10/20 20:50:00",GUNNING1,0
D,DISPATCH,UNIT_SCADA,1,"2022/10/20 20:50:00",GUTHEGA,68.30
D,DISPATCH,UNIT_SCADA,1,"2022/10/20 20:50:00",HALLWF1,16.90
D,DISPATCH,UNIT_SCADA,1,"2022/10/20 20:50:00",HALLWF2,17.63
D,DISPATCH,UNIT_SCADA,1,"2022/10/20 20:50:00",HAMISF1,0
D,DISPATCH,UNIT_SCADA,1,"2022/10/20 20:50:00",HAUGHT11,0
D,DISPATCH,UNIT_SCADA,1,"2022/10/20 20:50:00",HAYMSF1,0
D,DISPATCH,UNIT_SCADA,1,"2022/10/20 20:50:00",HDWF1,22.60
D,DISPATCH,UNIT_SCADA,1,"2022/10/20 20:50:00",HDWF2,17.20
D,DISPATCH,UNIT_SCADA,1,"2022/10/20 20:50:00",HDWF3,24.80
D,DISPATCH,UNIT_SCADA,1,"2022/10/20 20:50:00",HILLSTN1,0
D,DISPATCH,UNIT_SCADA,1,"2022/10/20 20:50:00",HPRG1,0
D,DISPATCH,UNIT_SCADA,1,"2022/10/20 20:50:00",HPRL1,0.10
D,DISPATCH,UNIT_SCADA,1,"2022/10/20 20:50:00",HUMENSW,55.136610
D,DISPATCH,UNIT_SCADA,1,"2022/10/20 20:50:00",HUMEV,0
D,DISPATCH,UNIT_SCADA,1,"2022/10/20 20:50:00",HVWWBA1G,0
D,DISPATCH,UNIT_SCADA,1,"2022/10/20 20:50:00",HVWWBA1L,0.0060
D,DISPATCH,UNIT_SCADA,1,"2022/10/20 20:50:00",HVWWPV1,0
D,DISPATCH,UNIT_SCADA,1,"2022/10/20 20:50:00",JBUTTERS,20.524460
D,DISPATCH,UNIT_SCADA,1,"2022/10/20 20:50:00",JEMALNG1,0
D,DISPATCH,UNIT_SCADA,1,"2022/10/20 20:50:00",JLA01,0
D,DISPATCH,UNIT_SCADA,1,"2022/10/20 20:50:00",JLA02,0
D,DISPATCH,UNIT_SCADA,1,"2022/10/20 20:50:00",JLA03,0
D,DISPATCH,UNIT_SCADA,1,"2022/10/20 20:50:00",JLA04,0
D,DISPATCH,UNIT_SCADA,1,"2022/10/20 20:50:00",JLB01,0
D,DISPATCH,UNIT_SCADA,1,"2022/10/20 20:50:00",JLB02,0.10
D,DISPATCH,UNIT_SCADA,1,"2022/10/20 20:50:00",JLB03,0
D,DISPATCH,UNIT_SCADA,1,"2022/10/20 20:50:00",JUNEESF1,0
D,DISPATCH,UNIT_SCADA,1,"2022/10/20 20:50:00",KABANWF1,0.8870
D,DISPATCH,UNIT_SCADA,1,"2022/10/20 20:50:00",KAREEYA1,0
D,DISPATCH,UNIT_SCADA,1,"2022/10/20 20:50:00",KAREEYA2,0
D,DISPATCH,UNIT_SCADA,1,"2022/10/20 20:50:00",KAREEYA3,4.9475
D,DISPATCH,UNIT_SCADA,1,"2022/10/20 20:50:00",KAREEYA4,0
D,DISPATCH,UNIT_SCADA,1,"2022/10/20 20:50:00",KARSF1,0
D,DISPATCH,UNIT_SCADA,1,"2022/10/20 20:50:00",KEPSF1,0
D,DISPATCH,UNIT_SCADA,1,"2022/10/20 20:50:00",KEPWF1,3.42
D,DISPATCH,UNIT_SCADA,1,"2022/10/20 20:50:00",KIAMSF1,0
D,DISPATCH,UNIT_SCADA,1,"2022/10/20 20:50:00",KIATAWF1,7.30
D,DISPATCH,UNIT_SCADA,1,"2022/10/20 20:50:00",KPP_1,0
D,DISPATCH,UNIT_SCADA,1,"2022/10/20 20:50:00",KSP1,0
D,DISPATCH,UNIT_SCADA,1,"2022/10/20 20:50:00",LADBROK1,0.02
D,DISPATCH,UNIT_SCADA,1,"2022/10/20 20:50:00",LADBROK2,0.02
D,DISPATCH,UNIT_SCADA,1,"2022/10/20 20:50:00",LBBG1,0
D,DISPATCH,UNIT_SCADA,1,"2022/10/20 20:50:00",LBBL1,0
D,DISPATCH,UNIT_SCADA,1,"2022/10/20 20:50:00",LD01,381.365390
D,DISPATCH,UNIT_SCADA,1,"2022/10/20 20:50:00",LD02,83.388780
D,DISPATCH,UNIT_SCADA,1,"2022/10/20 20:50:00",LD04,315.2623
D,DISPATCH,UNIT_SCADA,1,"2022/10/20 20:50:00",LEM_WIL,86.989270
D,DISPATCH,UNIT_SCADA,1,"2022/10/20 20:50:00",LGAPWF1,99.30
D,DISPATCH,UNIT_SCADA,1,"2022/10/20 20:50:00",LGAPWF2,66.17
D,DISPATCH,UNIT_SCADA,1,"2022/10/20 20:50:00",LILYSF1,0
D,DISPATCH,UNIT_SCADA,1,"2022/10/20 20:50:00",LIMOSF11,0
D,DISPATCH,UNIT_SCADA,1,"2022/10/20 20:50:00",LIMOSF21,0
D,DISPATCH,UNIT_SCADA,1,"2022/10/20 20:50:00",LI_WY_CA,63.356360
D,DISPATCH,UNIT_SCADA,1,"2022/10/20 20:50:00",LKBONNY1,20.630480
D,DISPATCH,UNIT_SCADA,1,"2022/10/20 20:50:00",LKBONNY2,61.947110
D,DISPATCH,UNIT_SCADA,1,"2022/10/20 20:50:00",LKBONNY3,11.8901
D,DISPATCH,UNIT_SCADA,1,"2022/10/20 20:50:00",LK_ECHO,0
D,DISPATCH,UNIT_SCADA,1,"2022/10/20 20:50:00",LNGS1,0
D,DISPATCH,UNIT_SCADA,1,"2022/10/20 20:50:00",LNGS2,0
D,DISPATCH,UNIT_SCADA,1,"2022/10/20 20:50:00",LONSDALE,0
D,DISPATCH,UNIT_SCADA,1,"2022/10/20 20:50:00",LOYYB1,579.322810
D,DISPATCH,UNIT_SCADA,1,"2022/10/20 20:50:00",LOYYB2,576.691160
D,DISPATCH,UNIT_SCADA,1,"2022/10/20 20:50:00",LYA1,562
D,DISPATCH,UNIT_SCADA,1,"2022/10/20 20:50:00",LYA2,0
D,DISPATCH,UNIT_SCADA,1,"2022/10/20 20:50:00",LYA3,562
D,DISPATCH,UNIT_SCADA,1,"2022/10/20 20:50:00",LYA4,562
D,DISPATCH,UNIT_SCADA,1,"2022/10/20 20:50:00",MACARTH1,148.896560
D,DISPATCH,UNIT_SCADA,1,"2022/10/20 20:50:00",MACKNTSH,27.13
D,DISPATCH,UNIT_SCADA,1,"2022/10/20 20:50:00",MANSLR1,0
D,DISPATCH,UNIT_SCADA,1,"2022/10/20 20:50:00",MAPS2PV1,0
D,DISPATCH,UNIT_SCADA,1,"2022/10/20 20:50:00",MAPS3PV1,0
D,DISPATCH,UNIT_SCADA,1,"2022/10/20 20:50:00",MARYRSF1,0
D,DISPATCH,UNIT_SCADA,1,"2022/10/20 20:50:00",MBPS2PV1,0
D,DISPATCH,UNIT_SCADA,1,"2022/10/20 20:50:00",MCKAY1,225.209990
D,DISPATCH,UNIT_SCADA,1,"2022/10/20 20:50:00",MEADOWBK,19.920260
D,DISPATCH,UNIT_SCADA,1,"2022/10/20 20:50:00",MERCER01,22.90
D,DISPATCH,UNIT_SCADA,1,"2022/10/20 20:50:00",METZSF1,0
D,DISPATCH,UNIT_SCADA,1,"2022/10/20 20:50:00",MEWF1,4.867330
D,DISPATCH,UNIT_SCADA,1,"2022/10/20 20:50:00",MIDDLSF1,0
D,DISPATCH,UNIT_SCADA,1,"2022/10/20 20:50:00",MINTARO,0.128180
D,DISPATCH,UNIT_SCADA,1,"2022/10/20 20:50:00",MOLNGSF1,0
D,DISPATCH,UNIT_SCADA,1,"2022/10/20 20:50:00",MOORAWF1,17.88
D,DISPATCH,UNIT_SCADA,1,"2022/10/20 20:50:00",MOREESF1,0
D,DISPATCH,UNIT_SCADA,1,"2022/10/20 20:50:00",MORTLK11,0
D,DISPATCH,UNIT_SCADA,1,"2022/10/20 20:50:00",MORTLK12,0
D,DISPATCH,UNIT_SCADA,1,"2022/10/20 20:50:00",MOUSF1,0
D,DISPATCH,UNIT_SCADA,1,"2022/10/20 20:50:00",MP1,0
D,DISPATCH,UNIT_SCADA,1,"2022/10/20 20:50:00",MP2,505.513090
D,DISPATCH,UNIT_SCADA,1,"2022/10/20 20:50:00",MPP_1,182.653820
D,DISPATCH,UNIT_SCADA,1,"2022/10/20 20:50:00",MPP_2,177.160480
D,DISPATCH,UNIT_SCADA,1,"2022/10/20 20:50:00",MRTLSWF1,0
D,DISPATCH,UNIT_SCADA,1,"2022/10/20 20:50:00",MSTUART1,0
D,DISPATCH,UNIT_SCADA,1,"2022/10/20 20:50:00",MSTUART2,0
D,DISPATCH,UNIT_SCADA,1,"2022/10/20 20:50:00",MSTUART3,0
D,DISPATCH,UNIT_SCADA,1,"2022/10/20 20:50:00",MTGELWF1,25.060280
D,DISPATCH,UNIT_SCADA,1,"2022/10/20 20:50:00",MTMILLAR,18.20
D,DISPATCH,UNIT_SCADA,1,"2022/10/20 20:50:00",MURRAY,61.10
D,DISPATCH,UNIT_SCADA,1,"2022/10/20 20:50:00",MUSSELR1,18.50
D,DISPATCH,UNIT_SCADA,1,"2022/10/20 20:50:00",MUWAWF1,12.44
D,DISPATCH,UNIT_SCADA,1,"2022/10/20 20:50:00",MUWAWF2,8.30
D,DISPATCH,UNIT_SCADA,1,"2022/10/20 20:50:00",MWPS1PV1,0
D,DISPATCH,UNIT_SCADA,1,"2022/10/20 20:50:00",MWPS2PV1,0
D,DISPATCH,UNIT_SCADA,1,"2022/10/20 20:50:00",MWPS3PV1,0
D,DISPATCH,UNIT_SCADA,1,"2022/10/20 20:50:00",MWPS4PV1,0
D,DISPATCH,UNIT_SCADA,1,"2022/10/20 20:50:00",NBHWF1,18.60
D,DISPATCH,UNIT_SCADA,1,"2022/10/20 20:50:00",NEVERSF1,0
D,DISPATCH,UNIT_SCADA,1,"2022/10/20 20:50:00",NPS,0
D,DISPATCH,UNIT_SCADA,1,"2022/10/20 20:50:00",NUMURSF1,0
D,DISPATCH,UNIT_SCADA,1,"2022/10/20 20:50:00",NYNGAN1,0
D,DISPATCH,UNIT_SCADA,1,"2022/10/20 20:50:00",OAKEY1,15.754870
D,DISPATCH,UNIT_SCADA,1,"2022/10/20 20:50:00",OAKEY1SF,0
D,DISPATCH,UNIT_SCADA,1,"2022/10/20 20:50:00",OAKEY2,0
D,DISPATCH,UNIT_SCADA,1,"2022/10/20 20:50:00",OAKEY2SF,0
D,DISPATCH,UNIT_SCADA,1,"2022/10/20 20:50:00",OAKLAND1,34.10
D,DISPATCH,UNIT_SCADA,1,"2022/10/20 20:50:00",OSB-AG,178.19
D,DISPATCH,UNIT_SCADA,1,"2022/10/20 20:50:00",PAREPS1,0
D,DISPATCH,UNIT_SCADA,1,"2022/10/20 20:50:00",PAREPW1,63.30
D,DISPATCH,UNIT_SCADA,1,"2022/10/20 20:50:00",PARSF1,0.001530
D,DISPATCH,UNIT_SCADA,1,"2022/10/20 20:50:00",POAT110,1.87
D,DISPATCH,UNIT_SCADA,1,"2022/10/20 20:50:00",POAT220,0
D,DISPATCH,UNIT_SCADA,1,"2022/10/20 20:50:00",POR01,0
D,DISPATCH,UNIT_SCADA,1,"2022/10/20 20:50:00",POR03,0
D,DISPATCH,UNIT_SCADA,1,"2022/10/20 20:50:00",PPCCGT,166.841090
D,DISPATCH,UNIT_SCADA,1,"2022/10/20 20:50:00",PTSTAN1,0
D,DISPATCH,UNIT_SCADA,1,"2022/10/20 20:50:00",PUMP1,0
D,DISPATCH,UNIT_SCADA,1,"2022/10/20 20:50:00",PUMP2,0
D,DISPATCH,UNIT_SCADA,1,"2022/10/20 20:50:00",QBYNBG1,0
D,DISPATCH,UNIT_SCADA,1,"2022/10/20 20:50:00",QBYNBL1,0.0025
D,DISPATCH,UNIT_SCADA,1,"2022/10/20 20:50:00",QPS1,0
D,DISPATCH,UNIT_SCADA,1,"2022/10/20 20:50:00",QPS2,0
D,DISPATCH,UNIT_SCADA,1,"2022/10/20 20:50:00",QPS3,0
D,DISPATCH,UNIT_SCADA,1,"2022/10/20 20:50:00",QPS4,0
D,DISPATCH,UNIT_SCADA,1,"2022/10/20 20:50:00",QPS5,0
D,DISPATCH,UNIT_SCADA,1,"2022/10/20 20:50:00",REECE1,48.971950
D,DISPATCH,UNIT_SCADA,1,"2022/10/20 20:50:00",REECE2,0
D,DISPATCH,UNIT_SCADA,1,"2022/10/20 20:50:00",ROMA_7,0
D,DISPATCH,UNIT_SCADA,1,"2022/10/20 20:50:00",ROMA_8,0
D,DISPATCH,UNIT_SCADA,1,"2022/10/20 20:50:00",RRSF1,0
D,DISPATCH,UNIT_SCADA,1,"2022/10/20 20:50:00",RT_NSW1,0
D,DISPATCH,UNIT_SCADA,1,"2022/10/20 20:50:00",RT_NSW2,0
D,DISPATCH,UNIT_SCADA,1,"2022/10/20 20:50:00",RT_NSW3,0
D,DISPATCH,UNIT_SCADA,1,"2022/10/20 20:50:00",RT_NSW4,0
D,DISPATCH,UNIT_SCADA,1,"2022/10/20 20:50:00",RT_NSW5,0
D,DISPATCH,UNIT_SCADA,1,"2022/10/20 20:50:00",RT_NSW6,0
D,DISPATCH,UNIT_SCADA,1,"2022/10/20 20:50:00",RT_QLD1,0
D,DISPATCH,UNIT_SCADA,1,"2022/10/20 20:50:00",RT_SA1,0
D,DISPATCH,UNIT_SCADA,1,"2022/10/20 20:50:00",RT_SA2,0
D,DISPATCH,UNIT_SCADA,1,"2022/10/20 20:50:00",RT_SA3,0
D,DISPATCH,UNIT_SCADA,1,"2022/10/20 20:50:00",RT_SA4,0
D,DISPATCH,UNIT_SCADA,1,"2022/10/20 20:50:00",RT_SA5,0
D,DISPATCH,UNIT_SCADA,1,"2022/10/20 20:50:00",RT_SA6,0
D,DISPATCH,UNIT_SCADA,1,"2022/10/20 20:50:00",RT_TAS1,0
D,DISPATCH,UNIT_SCADA,1,"2022/10/20 20:50:00",RT_VIC1,0
D,DISPATCH,UNIT_SCADA,1,"2022/10/20 20:50:00",RT_VIC10,0
D,DISPATCH,UNIT_SCADA,1,"2022/10/20 20:50:00",RT_VIC11,0
D,DISPATCH,UNIT_SCADA,1,"2022/10/20 20:50:00",RT_VIC12,0
D,DISPATCH,UNIT_SCADA,1,"2022/10/20 20:50:00",RT_VIC2,0
D,DISPATCH,UNIT_SCADA,1,"2022/10/20 20:50:00",RT_VIC3,0
D,DISPATCH,UNIT_SCADA,1,"2022/10/20 20:50:00",RT_VIC4,0
D,DISPATCH,UNIT_SCADA,1,"2022/10/20 20:50:00",RT_VIC5,0
D,DISPATCH,UNIT_SCADA,1,"2022/10/20 20:50:00",RT_VIC6,0
D,DISPATCH,UNIT_SCADA,1,"2022/10/20 20:50:00",RT_VIC7,0
D,DISPATCH,UNIT_SCADA,1,"2022/10/20 20:50:00",RT_VIC8,0
D,DISPATCH,UNIT_SCADA,1,"2022/10/20 20:50:00",RT_VIC9,0
D,DISPATCH,UNIT_SCADA,1,"2022/10/20 20:50:00",RUGBYR1,0
D,DISPATCH,UNIT_SCADA,1,"2022/10/20 20:50:00",SALTCRK1,26.05
D,DISPATCH,UNIT_SCADA,1,"2022/10/20 20:50:00",SAPHWF1,248.7480
D,DISPATCH,UNIT_SCADA,1,"2022/10/20 20:50:00",SEBSF1,0
D,DISPATCH,UNIT_SCADA,1,"2022/10/20 20:50:00",SHGEN,0
D,DISPATCH,UNIT_SCADA,1,"2022/10/20 20:50:00",SHPUMP,0
D,DISPATCH,UNIT_SCADA,1,"2022/10/20 20:50:00",SITHE01,0.153860
D,DISPATCH,UNIT_SCADA,1,"2022/10/20 20:50:00",SMCSF1,0
D,DISPATCH,UNIT_SCADA,1,"2022/10/20 20:50:00",SNAPPER1,0
D,DISPATCH,UNIT_SCADA,1,"2022/10/20 20:50:00",SNOWNTH1,57.70
D,DISPATCH,UNIT_SCADA,1,"2022/10/20 20:50:00",SNOWSTH1,27.40
D,DISPATCH,UNIT_SCADA,1,"2022/10/20 20:50:00",SNOWTWN1,35.853030
D,DISPATCH,UNIT_SCADA,1,"2022/10/20 20:50:00",SNOWYP,0
D,DISPATCH,UNIT_SCADA,1,"2022/10/20 20:50:00",SNUG1,0
D,DISPATCH,UNIT_SCADA,1,"2022/10/20 20:50:00",SRSF1,0
D,DISPATCH,UNIT_SCADA,1,"2022/10/20 20:50:00",STAN-1,278.197540
D,DISPATCH,UNIT_SCADA,1,"2022/10/20 20:50:00",STAN-2,365.0253
D,DISPATCH,UNIT_SCADA,1,"2022/10/20 20:50:00",STAN-3,365.230410
D,DISPATCH,UNIT_SCADA,1,"2022/10/20 20:50:00",STAN-4,364.871490
D,DISPATCH,UNIT_SCADA,1,"2022/10/20 20:50:00",STARHLWF,17.294960
D,DISPATCH,UNIT_SCADA,1,"2022/10/20 20:50:00",STOCKYD1,151.740010
D,DISPATCH,UNIT_SCADA,1,"2022/10/20 20:50:00",STWF1,77.7789
D,DISPATCH,UNIT_SCADA,1,"2022/10/20 20:50:00",SUNRSF1,0
D,DISPATCH,UNIT_SCADA,1,"2022/10/20 20:50:00",SUNTPSF1,0
D,DISPATCH,UNIT_SCADA,1,"2022/10/20 20:50:00",SWAN_E,345.3356
D,DISPATCH,UNIT_SCADA,1,"2022/10/20 20:50:00",TALWA1,0
D,DISPATCH,UNIT_SCADA,1,"2022/10/20 20:50:00",TARALGA1,0
D,DISPATCH,UNIT_SCADA,1,"2022/10/20 20:50:00",TARONG#1,350.200010
D,DISPATCH,UNIT_SCADA,1,"2022/10/20 20:50:00",TARONG#2,350
D,DISPATCH,UNIT_SCADA,1,"2022/10/20 20:50:00",TARONG#3,0.90
D,DISPATCH,UNIT_SCADA,1,"2022/10/20 20:50:00",TARONG#4,294.50
D,DISPATCH,UNIT_SCADA,1,"2022/10/20 20:50:00",TARRALEA,54
D,DISPATCH,UNIT_SCADA,1,"2022/10/20 20:50:00",TBSF1,0
D,DISPATCH,UNIT_SCADA,1,"2022/10/20 20:50:00",TNPS1,421.000030
D,DISPATCH,UNIT_SCADA,1,"2022/10/20 20:50:00",TORRB1,0
D,DISPATCH,UNIT_SCADA,1,"2022/10/20 20:50:00",TORRB2,63
D,DISPATCH,UNIT_SCADA,1,"2022/10/20 20:50:00",TORRB3,0
D,DISPATCH,UNIT_SCADA,1,"2022/10/20 20:50:00",TORRB4,0
D,DISPATCH,UNIT_SCADA,1,"2022/10/20 20:50:00",TREVALLN,97.834760
D,DISPATCH,UNIT_SCADA,1,"2022/10/20 20:50:00",TRIBUTE,0
D,DISPATCH,UNIT_SCADA,1,"2022/10/20 20:50:00",TUMUT3,380.34
D,DISPATCH,UNIT_SCADA,1,"2022/10/20 20:50:00",TUNGATIN,6.260020
D,DISPATCH,UNIT_SCADA,1,"2022/10/20 20:50:00",TVCC201,0
D,DISPATCH,UNIT_SCADA,1,"2022/10/20 20:50:00",TVPP104,0
D,DISPATCH,UNIT_SCADA,1,"2022/10/20 20:50:00",UPPTUMUT,0
D,DISPATCH,UNIT_SCADA,1,"2022/10/20 20:50:00",URANQ11,0
D,DISPATCH,UNIT_SCADA,1,"2022/10/20 20:50:00",URANQ12,0
D,DISPATCH,UNIT_SCADA,1,"2022/10/20 20:50:00",URANQ13,0
D,DISPATCH,UNIT_SCADA,1,"2022/10/20 20:50:00",URANQ14,0
D,DISPATCH,UNIT_SCADA,1,"2022/10/20 20:50:00",VBBG1,20.40
D,DISPATCH,UNIT_SCADA,1,"2022/10/20 20:50:00",VBBL1,0
D,DISPATCH,UNIT_SCADA,1,"2022/10/20 20:50:00",VP5,560.197750
D,DISPATCH,UNIT_SCADA,1,"2022/10/20 20:50:00",VP6,601.019350
D,DISPATCH,UNIT_SCADA,1,"2022/10/20 20:50:00",VPGS1,0
D,DISPATCH,UNIT_SCADA,1,"2022/10/20 20:50:00",VPGS2,0
D,DISPATCH,UNIT_SCADA,1,"2022/10/20 20:50:00",VPGS3,0
D,DISPATCH,UNIT_SCADA,1,"2022/10/20 20:50:00",VPGS4,0
D,DISPATCH,UNIT_SCADA,1,"2022/10/20 20:50:00",VPGS5,0
D,DISPATCH,UNIT_SCADA,1,"2022/10/20 20:50:00",VPGS6,0
D,DISPATCH,UNIT_SCADA,1,"2022/10/20 20:50:00",W/HOE#1,0
D,DISPATCH,UNIT_SCADA,1,"2022/10/20 20:50:00",W/HOE#2,0
D,DISPATCH,UNIT_SCADA,1,"2022/10/20 20:50:00",WAGGNSF1,0
D,DISPATCH,UNIT_SCADA,1,"2022/10/20 20:50:00",WALGRVG1,0.013960
D,DISPATCH,UNIT_SCADA,1,"2022/10/20 20:50:00",WALGRVL1,0
D,DISPATCH,UNIT_SCADA,1,"2022/10/20 20:50:00",WANDBG1,0
D,DISPATCH,UNIT_SCADA,1,"2022/10/20 20:50:00",WANDBL1,0
D,DISPATCH,UNIT_SCADA,1,"2022/10/20 20:50:00",WARWSF1,0
D,DISPATCH,UNIT_SCADA,1,"2022/10/20 20:50:00",WARWSF2,0
D,DISPATCH,UNIT_SCADA,1,"2022/10/20 20:50:00",WATERLWF,24
D,DISPATCH,UNIT_SCADA,1,"2022/10/20 20:50:00",WDGPH1,0
D,DISPATCH,UNIT_SCADA,1,"2022/10/20 20:50:00",WELLSF1,0
D,DISPATCH,UNIT_SCADA,1,"2022/10/20 20:50:00",WEMENSF1,0
D,DISPATCH,UNIT_SCADA,1,"2022/10/20 20:50:00",WGWF1,33.10
D,DISPATCH,UNIT_SCADA,1,"2022/10/20 20:50:00",WHITSF1,0
D,DISPATCH,UNIT_SCADA,1,"2022/10/20 20:50:00",WINTSF1,0
D,DISPATCH,UNIT_SCADA,1,"2022/10/20 20:50:00",WKIEWA1,34.10
D,DISPATCH,UNIT_SCADA,1,"2022/10/20 20:50:00",WKIEWA2,34.10
D,DISPATCH,UNIT_SCADA,1,"2022/10/20 20:50:00",WOODLWN1,30.854480
D,DISPATCH,UNIT_SCADA,1,"2022/10/20 20:50:00",WOOLGSF1,0
D,DISPATCH,UNIT_SCADA,1,"2022/10/20 20:50:00",WPWF,52.06
D,DISPATCH,UNIT_SCADA,1,"2022/10/20 20:50:00",WRSF1,0
D,DISPATCH,UNIT_SCADA,1,"2022/10/20 20:50:00",WRWF1,147.998470
D,DISPATCH,UNIT_SCADA,1,"2022/10/20 20:50:00",WSTWYSF1,0
D,DISPATCH,UNIT_SCADA,1,"2022/10/20 20:50:00",YABULU,153.270020
D,DISPATCH,UNIT_SCADA,1,"2022/10/20 20:50:00",YABULU2,0
D,DISPATCH,UNIT_SCADA,1,"2022/10/20 20:50:00",YARANSF1,0
D,DISPATCH,UNIT_SCADA,1,"2022/10/20 20:50:00",YARWUN_1,163.489990
D,DISPATCH,UNIT_SCADA,1,"2022/10/20 20:50:00",YATSF1,0
D,DISPATCH,UNIT_SCADA,1,"2022/10/20 20:50:00",YENDWF1,3.59
D,DISPATCH,UNIT_SCADA,1,"2022/10/20 20:50:00",YWPS1,343.356960
D,DISPATCH,UNIT_SCADA,1,"2022/10/20 20:50:00",YWPS2,361.151890
D,DISPATCH,UNIT_SCADA,1,"2022/10/20 20:50:00",YWPS3,361.646850
D,DISPATCH,UNIT_SCADA,1,"2022/10/20 20:50:00",YWPS4,0
C,"END OF REPORT",419
