C,NEMP.WORLD,DISPATCHSCADA,AEMO,PUBLIC,2022/10/20,04:25:09,0000000373229122,DISPATCHSCADA,0000000373229116
I,DISPATCH,UNIT_SCADA,1,SETTLEMENTDATE,DUID,SCADAVALUE
D,DISPATCH,UNIT_SCADA,1,"2022/10/20 04:30:00",BARCSF1,0.10
D,DISPATCH,UNIT_SCADA,1,"2022/10/20 04:30:00",BUTLERSG,8.699999
D,DISPATCH,UNIT_SCADA,1,"2022/10/20 04:30:00",CAPTL_WF,11.925963
D,DISPATCH,UNIT_SCADA,1,"2022/10/20 04:30:00",CHALLHWF,21.900002
D,DISPATCH,UNIT_SCADA,1,"2022/10/20 04:30:00",CLOVER,13.12
D,DISPATCH,UNIT_SCADA,1,"2022/10/20 04:30:00",CLUNY,6.157473
D,DISPATCH,UNIT_SCADA,1,"2022/10/20 04:30:00",CULLRGWF,-0.05
D,DISPATCH,UNIT_SCADA,1,"2022/10/20 04:30:00",DIAPURWF1,7.30
D,DISPATCH,UNIT_SCADA,1,"2022/10/20 04:30:00",ERGT01,0
D,DISPATCH,UNIT_SCADA,1,"2022/10/20 04:30:00",GB01,0
D,DISPATCH,UNIT_SCADA,1,"2022/10/20 04:30:00",GERMCRK,21.200001
D,DISPATCH,UNIT_SCADA,1,"2022/10/20 04:30:00",GRIFSF1,0.001526
D,DISPATCH,UNIT_SCADA,1,"2022/10/20 04:30:00",HEZ1,0
D,DISPATCH,UNIT_SCADA,1,"2022/10/20 04:30:00",HUGSF1,-0.1740
D,DISPATCH,UNIT_SCADA,1,"2022/10/20 04:30:00",KEPBG1,0.01
D,DISPATCH,UNIT_SCADA,1,"2022/10/20 04:30:00",LRSF1,0.0240
D,DISPATCH,UNIT_SCADA,1,"2022/10/20 04:30:00",MBAHNTH,47.850006
D,DISPATCH,UNIT_SCADA,1,"2022/10/20 04:30:00",MLSP1,0
D,DISPATCH,UNIT_SCADA,1,"2022/10/20 04:30:00",MLWF1,1.95
D,DISPATCH,UNIT_SCADA,1,"2022/10/20 04:30:00",PALOONA,30.16
D,DISPATCH,UNIT_SCADA,1,"2022/10/20 04:30:00",PIONEER,29.10
D,DISPATCH,UNIT_SCADA,1,"2022/10/20 04:30:00",PORTWF,37
D,DISPATCH,UNIT_SCADA,1,"2022/10/20 04:30:00",REPULSE,9.435569
D,DISPATCH,UNIT_SCADA,1,"2022/10/20 04:30:00",ROWALLAN,8.974401
D,DISPATCH,UNIT_SCADA,1,"2022/10/20 04:30:00",ROYALLA1,0
D,DISPATCH,UNIT_SCADA,1,"2022/10/20 04:30:00",RPCG,-1.20
D,DISPATCH,UNIT_SCADA,1,"2022/10/20 04:30:00",RUBICON,0
D,DISPATCH,UNIT_SCADA,1,"2022/10/20 04:30:00",WAUBRAWF,79.552002
D,DISPATCH,UNIT_SCADA,1,"2022/10/20 04:30:00",WOOLNTH1,42.629997
D,DISPATCH,UNIT_SCADA,1,"2022/10/20 04:30:00",YAMBUKWF,3
D,DISPATCH,UNIT_SCADA,1,"2022/10/20 04:30:00",YSWF1,1.20
D,DISPATCH,UNIT_SCADA,1,"2022/10/20 04:30:00",ADPBA1G,0.0080
D,DISPATCH,UNIT_SCADA,1,"2022/10/20 04:30:00",ADPBA1L,0
D,DISPATCH,UNIT_SCADA,1,"2022/10/20 04:30:00",ADPPV1,0
D,DISPATCH,UNIT_SCADA,1,"2022/10/20 04:30:00",AGLHAL,0
D,DISPATCH,UNIT_SCADA,1,"2022/10/20 04:30:00",AGLSOM,0
D,DISPATCH,UNIT_SCADA,1,"2022/10/20 04:30:00",ANGAST1,0
D,DISPATCH,UNIT_SCADA,1,"2022/10/20 04:30:00",ARWF1,5.90
D,DISPATCH,UNIT_SCADA,1,"2022/10/20 04:30:00",BALBG1,0
D,DISPATCH,UNIT_SCADA,1,"2022/10/20 04:30:00",BALBL1,0
D,DISPATCH,UNIT_SCADA,1,"2022/10/20 04:30:00",BALDHWF1,14.1160
D,DISPATCH,UNIT_SCADA,1,"2022/10/20 04:30:00",BANGOWF1,69.495690
D,DISPATCH,UNIT_SCADA,1,"2022/10/20 04:30:00",BANGOWF2,66.299610
D,DISPATCH,UNIT_SCADA,1,"2022/10/20 04:30:00",BANN1,0
D,DISPATCH,UNIT_SCADA,1,"2022/10/20 04:30:00",BARCALDN,0
D,DISPATCH,UNIT_SCADA,1,"2022/10/20 04:30:00",BARKIPS1,0
D,DISPATCH,UNIT_SCADA,1,"2022/10/20 04:30:00",BARRON-1,0
D,DISPATCH,UNIT_SCADA,1,"2022/10/20 04:30:00",BARRON-2,0
D,DISPATCH,UNIT_SCADA,1,"2022/10/20 04:30:00",BASTYAN,0
D,DISPATCH,UNIT_SCADA,1,"2022/10/20 04:30:00",BBTHREE1,-1
D,DISPATCH,UNIT_SCADA,1,"2022/10/20 04:30:00",BBTHREE2,0
D,DISPATCH,UNIT_SCADA,1,"2022/10/20 04:30:00",BBTHREE3,0
D,DISPATCH,UNIT_SCADA,1,"2022/10/20 04:30:00",BDL01,0
D,DISPATCH,UNIT_SCADA,1,"2022/10/20 04:30:00",BDL02,0
D,DISPATCH,UNIT_SCADA,1,"2022/10/20 04:30:00",BERYLSF1,0
D,DISPATCH,UNIT_SCADA,1,"2022/10/20 04:30:00",BLOWERNG,62.70
D,DISPATCH,UNIT_SCADA,1,"2022/10/20 04:30:00",BLUEGSF1,0
D,DISPATCH,UNIT_SCADA,1,"2022/10/20 04:30:00",BLUFF1,12.90
D,DISPATCH,UNIT_SCADA,1,"2022/10/20 04:30:00",BNGSF1,0
D,DISPATCH,UNIT_SCADA,1,"2022/10/20 04:30:00",BNGSF2,0
D,DISPATCH,UNIT_SCADA,1,"2022/10/20 04:30:00",BOCORWF1,1.12
D,DISPATCH,UNIT_SCADA,1,"2022/10/20 04:30:00",BODWF1,95.970520
D,DISPATCH,UNIT_SCADA,1,"2022/10/20 04:30:00",BOMENSF1,0
D,DISPATCH,UNIT_SCADA,1,"2022/10/20 04:30:00",BOWWBA1G,0
D,DISPATCH,UNIT_SCADA,1,"2022/10/20 04:30:00",BOWWBA1L,0
D,DISPATCH,UNIT_SCADA,1,"2022/10/20 04:30:00",BOWWPV1,0
D,DISPATCH,UNIT_SCADA,1,"2022/10/20 04:30:00",BRAEMAR1,0
D,DISPATCH,UNIT_SCADA,1,"2022/10/20 04:30:00",BRAEMAR2,0
D,DISPATCH,UNIT_SCADA,1,"2022/10/20 04:30:00",BRAEMAR3,0
D,DISPATCH,UNIT_SCADA,1,"2022/10/20 04:30:00",BRAEMAR5,0.292060
D,DISPATCH,UNIT_SCADA,1,"2022/10/20 04:30:00",BRAEMAR6,0
D,DISPATCH,UNIT_SCADA,1,"2022/10/20 04:30:00",BRAEMAR7,0.130920
D,DISPATCH,UNIT_SCADA,1,"2022/10/20 04:30:00",BROKENH1,0
D,DISPATCH,UNIT_SCADA,1,"2022/10/20 04:30:00",BRYB1WF1,115.458920
D,DISPATCH,UNIT_SCADA,1,"2022/10/20 04:30:00",BULBESG1,0
D,DISPATCH,UNIT_SCADA,1,"2022/10/20 04:30:00",BULBESL1,5.44
D,DISPATCH,UNIT_SCADA,1,"2022/10/20 04:30:00",BULGANA1,40.79
D,DISPATCH,UNIT_SCADA,1,"2022/10/20 04:30:00",BW01,439.081420
D,DISPATCH,UNIT_SCADA,1,"2022/10/20 04:30:00",BW02,434.393830
D,DISPATCH,UNIT_SCADA,1,"2022/10/20 04:30:00",BW03,433.319610
D,DISPATCH,UNIT_SCADA,1,"2022/10/20 04:30:00",BW04,0
D,DISPATCH,UNIT_SCADA,1,"2022/10/20 04:30:00",CALL_B_1,318.200010
D,DISPATCH,UNIT_SCADA,1,"2022/10/20 04:30:00",CALL_B_2,318.50
D,DISPATCH,UNIT_SCADA,1,"2022/10/20 04:30:00",CATHROCK,10.60
D,DISPATCH,UNIT_SCADA,1,"2022/10/20 04:30:00",CBWWBA1G,0
D,DISPATCH,UNIT_SCADA,1,"2022/10/20 04:30:00",CBWWBA1L,0
D,DISPATCH,UNIT_SCADA,1,"2022/10/20 04:30:00",CETHANA,98.304250
D,DISPATCH,UNIT_SCADA,1,"2022/10/20 04:30:00",CG1,0
D,DISPATCH,UNIT_SCADA,1,"2022/10/20 04:30:00",CG2,0
D,DISPATCH,UNIT_SCADA,1,"2022/10/20 04:30:00",CG3,0
D,DISPATCH,UNIT_SCADA,1,"2022/10/20 04:30:00",CG4,0
D,DISPATCH,UNIT_SCADA,1,"2022/10/20 04:30:00",CHILDSF1,0
D,DISPATCH,UNIT_SCADA,1,"2022/10/20 04:30:00",CHYTWF1,9.23
D,DISPATCH,UNIT_SCADA,1,"2022/10/20 04:30:00",CLARESF1,0
D,DISPATCH,UNIT_SCADA,1,"2022/10/20 04:30:00",CLEMGPWF,36.665810
D,DISPATCH,UNIT_SCADA,1,"2022/10/20 04:30:00",CLERMSF1,0
D,DISPATCH,UNIT_SCADA,1,"2022/10/20 04:30:00",CNUNDAWF,0
D,DISPATCH,UNIT_SCADA,1,"2022/10/20 04:30:00",COHUNSF1,0
D,DISPATCH,UNIT_SCADA,1,"2022/10/20 04:30:00",COLEASF1,0
D,DISPATCH,UNIT_SCADA,1,"2022/10/20 04:30:00",COLUMSF1,0
D,DISPATCH,UNIT_SCADA,1,"2022/10/20 04:30:00",COLWF01,81.669330
D,DISPATCH,UNIT_SCADA,1,"2022/10/20 04:30:00",COOPGWF1,338.010010
D,DISPATCH,UNIT_SCADA,1,"2022/10/20 04:30:00",CPP_3,359.425020
D,DISPATCH,UNIT_SCADA,1,"2022/10/20 04:30:00",CPP_4,0
D,DISPATCH,UNIT_SCADA,1,"2022/10/20 04:30:00",CPSA,0
D,DISPATCH,UNIT_SCADA,1,"2022/10/20 04:30:00",CROOKWF2,16.554820
D,DISPATCH,UNIT_SCADA,1,"2022/10/20 04:30:00",CROWLWF1,33.650690
D,DISPATCH,UNIT_SCADA,1,"2022/10/20 04:30:00",CRURWF1,74.499050
D,DISPATCH,UNIT_SCADA,1,"2022/10/20 04:30:00",CRWASF1,0
D,DISPATCH,UNIT_SCADA,1,"2022/10/20 04:30:00",CSPVPS1,0
D,DISPATCH,UNIT_SCADA,1,"2022/10/20 04:30:00",CTHLWF1,0.003050
D,DISPATCH,UNIT_SCADA,1,"2022/10/20 04:30:00",DALNTH01,0
D,DISPATCH,UNIT_SCADA,1,"2022/10/20 04:30:00",DALNTHL1,0.132750
D,DISPATCH,UNIT_SCADA,1,"2022/10/20 04:30:00",DARLSF1,0
D,DISPATCH,UNIT_SCADA,1,"2022/10/20 04:30:00",DARTM1,0
D,DISPATCH,UNIT_SCADA,1,"2022/10/20 04:30:00",DAYDSF1,0
D,DISPATCH,UNIT_SCADA,1,"2022/10/20 04:30:00",DDPS1,0
D,DISPATCH,UNIT_SCADA,1,"2022/10/20 04:30:00",DDSF1,0
D,DISPATCH,UNIT_SCADA,1,"2022/10/20 04:30:00",DEVILS_G,42.5428
D,DISPATCH,UNIT_SCADA,1,"2022/10/20 04:30:00",DG_NSW1,0
D,DISPATCH,UNIT_SCADA,1,"2022/10/20 04:30:00",DG_QLD1,0
D,DISPATCH,UNIT_SCADA,1,"2022/10/20 04:30:00",DG_SA1,0
D,DISPATCH,UNIT_SCADA,1,"2022/10/20 04:30:00",DG_TAS1,0
D,DISPATCH,UNIT_SCADA,1,"2022/10/20 04:30:00",DG_VIC1,0
D,DISPATCH,UNIT_SCADA,1,"2022/10/20 04:30:00",DRYCGT1,0
D,DISPATCH,UNIT_SCADA,1,"2022/10/20 04:30:00",DRYCGT2,0
D,DISPATCH,UNIT_SCADA,1,"2022/10/20 04:30:00",DRYCGT3,0
D,DISPATCH,UNIT_SCADA,1,"2022/10/20 04:30:00",DUNDWF1,91.44
D,DISPATCH,UNIT_SCADA,1,"2022/10/20 04:30:00",DUNDWF2,29.81
D,DISPATCH,UNIT_SCADA,1,"2022/10/20 04:30:00",DUNDWF3,72.80
D,DISPATCH,UNIT_SCADA,1,"2022/10/20 04:30:00",EILDON1,59.92
D,DISPATCH,UNIT_SCADA,1,"2022/10/20 04:30:00",EILDON2,59.88
D,DISPATCH,UNIT_SCADA,1,"2022/10/20 04:30:00",ELAINWF1,27.80
D,DISPATCH,UNIT_SCADA,1,"2022/10/20 04:30:00",EMERASF1,0
D,DISPATCH,UNIT_SCADA,1,"2022/10/20 04:30:00",ER01,0
D,DISPATCH,UNIT_SCADA,1,"2022/10/20 04:30:00",ER02,400.994870
D,DISPATCH,UNIT_SCADA,1,"2022/10/20 04:30:00",ER03,428.876160
D,DISPATCH,UNIT_SCADA,1,"2022/10/20 04:30:00",ER04,430.926970
D,DISPATCH,UNIT_SCADA,1,"2022/10/20 04:30:00",FINLYSF1,0
D,DISPATCH,UNIT_SCADA,1,"2022/10/20 04:30:00",FISHER,43.66
D,DISPATCH,UNIT_SCADA,1,"2022/10/20 04:30:00",GANGARR1,0
D,DISPATCH,UNIT_SCADA,1,"2022/10/20 04:30:00",GANNBG1,0
D,DISPATCH,UNIT_SCADA,1,"2022/10/20 04:30:00",GANNBL1,0.306860
D,DISPATCH,UNIT_SCADA,1,"2022/10/20 04:30:00",GANNSF1,0
D,DISPATCH,UNIT_SCADA,1,"2022/10/20 04:30:00",GLRWNSF1,0
D,DISPATCH,UNIT_SCADA,1,"2022/10/20 04:30:00",GNNDHSF1,0
D,DISPATCH,UNIT_SCADA,1,"2022/10/20 04:30:00",GOONSF1,0
D,DISPATCH,UNIT_SCADA,1,"2022/10/20 04:30:00",GORDON,239.795820
D,DISPATCH,UNIT_SCADA,1,"2022/10/20 04:30:00",GRANWF1,3.17
D,DISPATCH,UNIT_SCADA,1,"2022/10/20 04:30:00",GSTONE1,200.20
D,DISPATCH,UNIT_SCADA,1,"2022/10/20 04:30:00",GSTONE2,0
D,DISPATCH,UNIT_SCADA,1,"2022/10/20 04:30:00",GSTONE3,200.024990
D,DISPATCH,UNIT_SCADA,1,"2022/10/20 04:30:00",GSTONE4,0
D,DISPATCH,UNIT_SCADA,1,"2022/10/20 04:30:00",GSTONE5,200.55
D,DISPATCH,UNIT_SCADA,1,"2022/10/20 04:30:00",GSTONE6,201.25
D,DISPATCH,UNIT_SCADA,1,"2022/10/20 04:30:00",GULLRSF1,0
D,DISPATCH,UNIT_SCADA,1,"2022/10/20 04:30:00",GULLRWF1,42.204360
D,DISPATCH,UNIT_SCADA,1,"2022/10/20 04:30:00",GULLRWF2,102.135350
D,DISPATCH,UNIT_SCADA,1,"2022/10/20 04:30:00",GUNNING1,0
D,DISPATCH,UNIT_SCADA,1,"2022/10/20 04:30:00",GUTHEGA,67.50
D,DISPATCH,UNIT_SCADA,1,"2022/10/20 04:30:00",HALLWF1,55.15
D,DISPATCH,UNIT_SCADA,1,"2022/10/20 04:30:00",HALLWF2,54.98
D,DISPATCH,UNIT_SCADA,1,"2022/10/20 04:30:00",HAMISF1,0
D,DISPATCH,UNIT_SCADA,1,"2022/10/20 04:30:00",HAUGHT11,0
D,DISPATCH,UNIT_SCADA,1,"2022/10/20 04:30:00",HAYMSF1,0
D,DISPATCH,UNIT_SCADA,1,"2022/10/20 04:30:00",HDWF1,63
D,DISPATCH,UNIT_SCADA,1,"2022/10/20 04:30:00",HDWF2,31.10
D,DISPATCH,UNIT_SCADA,1,"2022/10/20 04:30:00",HDWF3,26.60
D,DISPATCH,UNIT_SCADA,1,"2022/10/20 04:30:00",HILLSTN1,0
D,DISPATCH,UNIT_SCADA,1,"2022/10/20 04:30:00",HPRG1,0
D,DISPATCH,UNIT_SCADA,1,"2022/10/20 04:30:00",HPRL1,53.40
D,DISPATCH,UNIT_SCADA,1,"2022/10/20 04:30:00",HUMENSW,54.872060
D,DISPATCH,UNIT_SCADA,1,"2022/10/20 04:30:00",HUMEV,0
D,DISPATCH,UNIT_SCADA,1,"2022/10/20 04:30:00",HVWWBA1G,0
D,DISPATCH,UNIT_SCADA,1,"2022/10/20 04:30:00",HVWWBA1L,0.0070
D,DISPATCH,UNIT_SCADA,1,"2022/10/20 04:30:00",HVWWPV1,0
D,DISPATCH,UNIT_SCADA,1,"2022/10/20 04:30:00",JBUTTERS,0
D,DISPATCH,UNIT_SCADA,1,"2022/10/20 04:30:00",JEMALNG1,0
D,DISPATCH,UNIT_SCADA,1,"2022/10/20 04:30:00",JLA01,0
D,DISPATCH,UNIT_SCADA,1,"2022/10/20 04:30:00",JLA02,0
D,DISPATCH,UNIT_SCADA,1,"2022/10/20 04:30:00",JLA03,0
D,DISPATCH,UNIT_SCADA,1,"2022/10/20 04:30:00",JLA04,0
D,DISPATCH,UNIT_SCADA,1,"2022/10/20 04:30:00",JLB01,0
D,DISPATCH,UNIT_SCADA,1,"2022/10/20 04:30:00",JLB02,0.10
D,DISPATCH,UNIT_SCADA,1,"2022/10/20 04:30:00",JLB03,0
D,DISPATCH,UNIT_SCADA,1,"2022/10/20 04:30:00",JUNEESF1,0
D,DISPATCH,UNIT_SCADA,1,"2022/10/20 04:30:00",KABANWF1,0.7540
D,DISPATCH,UNIT_SCADA,1,"2022/10/20 04:30:00",KAREEYA1,17.9375
D,DISPATCH,UNIT_SCADA,1,"2022/10/20 04:30:00",KAREEYA2,0
D,DISPATCH,UNIT_SCADA,1,"2022/10/20 04:30:00",KAREEYA3,21.41
D,DISPATCH,UNIT_SCADA,1,"2022/10/20 04:30:00",KAREEYA4,0
D,DISPATCH,UNIT_SCADA,1,"2022/10/20 04:30:00",KARSF1,0
D,DISPATCH,UNIT_SCADA,1,"2022/10/20 04:30:00",KEPSF1,0
D,DISPATCH,UNIT_SCADA,1,"2022/10/20 04:30:00",KEPWF1,0
D,DISPATCH,UNIT_SCADA,1,"2022/10/20 04:30:00",KIAMSF1,0
D,DISPATCH,UNIT_SCADA,1,"2022/10/20 04:30:00",KIATAWF1,29.80
D,DISPATCH,UNIT_SCADA,1,"2022/10/20 04:30:00",KPP_1,0
D,DISPATCH,UNIT_SCADA,1,"2022/10/20 04:30:00",KSP1,0
D,DISPATCH,UNIT_SCADA,1,"2022/10/20 04:30:00",LADBROK1,0.01
D,DISPATCH,UNIT_SCADA,1,"2022/10/20 04:30:00",LADBROK2,37.61
D,DISPATCH,UNIT_SCADA,1,"2022/10/20 04:30:00",LBBG1,0
D,DISPATCH,UNIT_SCADA,1,"2022/10/20 04:30:00",LBBL1,11.55
D,DISPATCH,UNIT_SCADA,1,"2022/10/20 04:30:00",LD01,314.493230
D,DISPATCH,UNIT_SCADA,1,"2022/10/20 04:30:00",LD02,0
D,DISPATCH,UNIT_SCADA,1,"2022/10/20 04:30:00",LD04,314.987640
D,DISPATCH,UNIT_SCADA,1,"2022/10/20 04:30:00",LEM_WIL,86.841220
D,DISPATCH,UNIT_SCADA,1,"2022/10/20 04:30:00",LGAPWF1,72.57
D,DISPATCH,UNIT_SCADA,1,"2022/10/20 04:30:00",LGAPWF2,27.62
D,DISPATCH,UNIT_SCADA,1,"2022/10/20 04:30:00",LILYSF1,0
D,DISPATCH,UNIT_SCADA,1,"2022/10/20 04:30:00",LIMOSF11,0
D,DISPATCH,UNIT_SCADA,1,"2022/10/20 04:30:00",LIMOSF21,0
D,DISPATCH,UNIT_SCADA,1,"2022/10/20 04:30:00",LI_WY_CA,55.6710
D,DISPATCH,UNIT_SCADA,1,"2022/10/20 04:30:00",LKBONNY1,0
D,DISPATCH,UNIT_SCADA,1,"2022/10/20 04:30:00",LKBONNY2,27.495920
D,DISPATCH,UNIT_SCADA,1,"2022/10/20 04:30:00",LKBONNY3,6.363720
D,DISPATCH,UNIT_SCADA,1,"2022/10/20 04:30:00",LK_ECHO,0
D,DISPATCH,UNIT_SCADA,1,"2022/10/20 04:30:00",LNGS1,0
D,DISPATCH,UNIT_SCADA,1,"2022/10/20 04:30:00",LNGS2,0
D,DISPATCH,UNIT_SCADA,1,"2022/10/20 04:30:00",LONSDALE,0
D,DISPATCH,UNIT_SCADA,1,"2022/10/20 04:30:00",LOYYB1,549.998720
D,DISPATCH,UNIT_SCADA,1,"2022/10/20 04:30:00",LOYYB2,550.374690
D,DISPATCH,UNIT_SCADA,1,"2022/10/20 04:30:00",LYA1,557
D,DISPATCH,UNIT_SCADA,1,"2022/10/20 04:30:00",LYA2,0
D,DISPATCH,UNIT_SCADA,1,"2022/10/20 04:30:00",LYA3,558
D,DISPATCH,UNIT_SCADA,1,"2022/10/20 04:30:00",LYA4,556
D,DISPATCH,UNIT_SCADA,1,"2022/10/20 04:30:00",MACARTH1,9.499780
D,DISPATCH,UNIT_SCADA,1,"2022/10/20 04:30:00",MACKNTSH,0
D,DISPATCH,UNIT_SCADA,1,"2022/10/20 04:30:00",MANSLR1,0
D,DISPATCH,UNIT_SCADA,1,"2022/10/20 04:30:00",MAPS2PV1,0
D,DISPATCH,UNIT_SCADA,1,"2022/10/20 04:30:00",MAPS3PV1,0
D,DISPATCH,UNIT_SCADA,1,"2022/10/20 04:30:00",MARYRSF1,0
D,DISPATCH,UNIT_SCADA,1,"2022/10/20 04:30:00",MBPS2PV1,0
D,DISPATCH,UNIT_SCADA,1,"2022/10/20 04:30:00",MCKAY1,0.02
D,DISPATCH,UNIT_SCADA,1,"2022/10/20 04:30:00",MEADOWBK,19.834520
D,DISPATCH,UNIT_SCADA,1,"2022/10/20 04:30:00",MERCER01,21.40
D,DISPATCH,UNIT_SCADA,1,"2022/10/20 04:30:00",METZSF1,0
D,DISPATCH,UNIT_SCADA,1,"2022/10/20 04:30:00",MEWF1,0.1232
D,DISPATCH,UNIT_SCADA,1,"2022/10/20 04:30:00",MIDDLSF1,0
D,DISPATCH,UNIT_SCADA,1,"2022/10/20 04:30:00",MINTARO,0.128180
D,DISPATCH,UNIT_SCADA,1,"2022/10/20 04:30:00",MOLNGSF1,0
D,DISPATCH,UNIT_SCADA,1,"2022/10/20 04:30:00",MOORAWF1,32.33
D,DISPATCH,UNIT_SCADA,1,"2022/10/20 04:30:00",MOREESF1,0
D,DISPATCH,UNIT_SCADA,1,"2022/10/20 04:30:00",MORTLK11,0
D,DISPATCH,UNIT_SCADA,1,"2022/10/20 04:30:00",MORTLK12,0
D,DISPATCH,UNIT_SCADA,1,"2022/10/20 04:30:00",MOUSF1,0
D,DISPATCH,UNIT_SCADA,1,"2022/10/20 04:30:00",MP1,0
D,DISPATCH,UNIT_SCADA,1,"2022/10/20 04:30:00",MP2,369.915310
D,DISPATCH,UNIT_SCADA,1,"2022/10/20 04:30:00",MPP_1,182.760640
D,DISPATCH,UNIT_SCADA,1,"2022/10/20 04:30:00",MPP_2,0
D,DISPATCH,UNIT_SCADA,1,"2022/10/20 04:30:00",MRTLSWF1,0
D,DISPATCH,UNIT_SCADA,1,"2022/10/20 04:30:00",MSTUART1,0
D,DISPATCH,UNIT_SCADA,1,"2022/10/20 04:30:00",MSTUART2,0
D,DISPATCH,UNIT_SCADA,1,"2022/10/20 04:30:00",MSTUART3,0
D,DISPATCH,UNIT_SCADA,1,"2022/10/20 04:30:00",MTGELWF1,21.179850
D,DISPATCH,UNIT_SCADA,1,"2022/10/20 04:30:00",MTMILLAR,7.60
D,DISPATCH,UNIT_SCADA,1,"2022/10/20 04:30:00",MURRAY,0
D,DISPATCH,UNIT_SCADA,1,"2022/10/20 04:30:00",MUSSELR1,0
D,DISPATCH,UNIT_SCADA,1,"2022/10/20 04:30:00",MUWAWF1,184.92
D,DISPATCH,UNIT_SCADA,1,"2022/10/20 04:30:00",MUWAWF2,181.80
D,DISPATCH,UNIT_SCADA,1,"2022/10/20 04:30:00",MWPS1PV1,0
D,DISPATCH,UNIT_SCADA,1,"2022/10/20 04:30:00",MWPS2PV1,0
D,DISPATCH,UNIT_SCADA,1,"2022/10/20 04:30:00",MWPS3PV1,0
D,DISPATCH,UNIT_SCADA,1,"2022/10/20 04:30:00",MWPS4PV1,0
D,DISPATCH,UNIT_SCADA,1,"2022/10/20 04:30:00",NBHWF1,84.600010
D,DISPATCH,UNIT_SCADA,1,"2022/10/20 04:30:00",NEVERSF1,0
D,DISPATCH,UNIT_SCADA,1,"2022/10/20 04:30:00",NPS,0
D,DISPATCH,UNIT_SCADA,1,"2022/10/20 04:30:00",NUMURSF1,0
D,DISPATCH,UNIT_SCADA,1,"2022/10/20 04:30:00",NYNGAN1,0
D,DISPATCH,UNIT_SCADA,1,"2022/10/20 04:30:00",OAKEY1,0
D,DISPATCH,UNIT_SCADA,1,"2022/10/20 04:30:00",OAKEY1SF,0
D,DISPATCH,UNIT_SCADA,1,"2022/10/20 04:30:00",OAKEY2,0
D,DISPATCH,UNIT_SCADA,1,"2022/10/20 04:30:00",OAKEY2SF,0
D,DISPATCH,UNIT_SCADA,1,"2022/10/20 04:30:00",OAKLAND1,19.20
D,DISPATCH,UNIT_SCADA,1,"2022/10/20 04:30:00",OSB-AG,0
D,DISPATCH,UNIT_SCADA,1,"2022/10/20 04:30:00",PAREPS1,0.0660
D,DISPATCH,UNIT_SCADA,1,"2022/10/20 04:30:00",PAREPW1,51.52
D,DISPATCH,UNIT_SCADA,1,"2022/10/20 04:30:00",PARSF1,0.001530
D,DISPATCH,UNIT_SCADA,1,"2022/10/20 04:30:00",POAT110,0
D,DISPATCH,UNIT_SCADA,1,"2022/10/20 04:30:00",POAT220,0
D,DISPATCH,UNIT_SCADA,1,"2022/10/20 04:30:00",POR01,0
D,DISPATCH,UNIT_SCADA,1,"2022/10/20 04:30:00",POR03,0
D,DISPATCH,UNIT_SCADA,1,"2022/10/20 04:30:00",PPCCGT,123.890430
D,DISPATCH,UNIT_SCADA,1,"2022/10/20 04:30:00",PTSTAN1,0
D,DISPATCH,UNIT_SCADA,1,"2022/10/20 04:30:00",PUMP1,0
D,DISPATCH,UNIT_SCADA,1,"2022/10/20 04:30:00",PUMP2,0
D,DISPATCH,UNIT_SCADA,1,"2022/10/20 04:30:00",QBYNBG1,0.0035
D,DISPATCH,UNIT_SCADA,1,"2022/10/20 04:30:00",QBYNBL1,0
D,DISPATCH,UNIT_SCADA,1,"2022/10/20 04:30:00",QPS1,0
D,DISPATCH,UNIT_SCADA,1,"2022/10/20 04:30:00",QPS2,0
D,DISPATCH,UNIT_SCADA,1,"2022/10/20 04:30:00",QPS3,0
D,DISPATCH,UNIT_SCADA,1,"2022/10/20 04:30:00",QPS4,0
D,DISPATCH,UNIT_SCADA,1,"2022/10/20 04:30:00",QPS5,73.89
D,DISPATCH,UNIT_SCADA,1,"2022/10/20 04:30:00",REECE1,0
D,DISPATCH,UNIT_SCADA,1,"2022/10/20 04:30:00",REECE2,0
D,DISPATCH,UNIT_SCADA,1,"2022/10/20 04:30:00",ROMA_7,0
D,DISPATCH,UNIT_SCADA,1,"2022/10/20 04:30:00",ROMA_8,0
D,DISPATCH,UNIT_SCADA,1,"2022/10/20 04:30:00",RRSF1,0
D,DISPATCH,UNIT_SCADA,1,"2022/10/20 04:30:00",RT_NSW1,0
D,DISPATCH,UNIT_SCADA,1,"2022/10/20 04:30:00",RT_NSW2,0
D,DISPATCH,UNIT_SCADA,1,"2022/10/20 04:30:00",RT_NSW3,0
D,DISPATCH,UNIT_SCADA,1,"2022/10/20 04:30:00",RT_NSW4,0
D,DISPATCH,UNIT_SCADA,1,"2022/10/20 04:30:00",RT_NSW5,0
D,DISPATCH,UNIT_SCADA,1,"2022/10/20 04:30:00",RT_NSW6,0
D,DISPATCH,UNIT_SCADA,1,"2022/10/20 04:30:00",RT_QLD1,0
D,DISPATCH,UNIT_SCADA,1,"2022/10/20 04:30:00",RT_SA1,0
D,DISPATCH,UNIT_SCADA,1,"2022/10/20 04:30:00",RT_SA2,0
D,DISPATCH,UNIT_SCADA,1,"2022/10/20 04:30:00",RT_SA3,0
D,DISPATCH,UNIT_SCADA,1,"2022/10/20 04:30:00",RT_SA4,0
D,DISPATCH,UNIT_SCADA,1,"2022/10/20 04:30:00",RT_SA5,0
D,DISPATCH,UNIT_SCADA,1,"2022/10/20 04:30:00",RT_SA6,0
D,DISPATCH,UNIT_SCADA,1,"2022/10/20 04:30:00",RT_TAS1,0
D,DISPATCH,UNIT_SCADA,1,"2022/10/20 04:30:00",RT_VIC1,0
D,DISPATCH,UNIT_SCADA,1,"2022/10/20 04:30:00",RT_VIC10,0
D,DISPATCH,UNIT_SCADA,1,"2022/10/20 04:30:00",RT_VIC11,0
D,DISPATCH,UNIT_SCADA,1,"2022/10/20 04:30:00",RT_VIC12,0
D,DISPATCH,UNIT_SCADA,1,"2022/10/20 04:30:00",RT_VIC2,0
D,DISPATCH,UNIT_SCADA,1,"2022/10/20 04:30:00",RT_VIC3,0
D,DISPATCH,UNIT_SCADA,1,"2022/10/20 04:30:00",RT_VIC4,0
D,DISPATCH,UNIT_SCADA,1,"2022/10/20 04:30:00",RT_VIC5,0
D,DISPATCH,UNIT_SCADA,1,"2022/10/20 04:30:00",RT_VIC6,0
D,DISPATCH,UNIT_SCADA,1,"2022/10/20 04:30:00",RT_VIC7,0
D,DISPATCH,UNIT_SCADA,1,"2022/10/20 04:30:00",RT_VIC8,0
D,DISPATCH,UNIT_SCADA,1,"2022/10/20 04:30:00",RT_VIC9,0
D,DISPATCH,UNIT_SCADA,1,"2022/10/20 04:30:00",RUGBYR1,0
D,DISPATCH,UNIT_SCADA,1,"2022/10/20 04:30:00",SALTCRK1,16.11
D,DISPATCH,UNIT_SCADA,1,"2022/10/20 04:30:00",SAPHWF1,170.121310
D,DISPATCH,UNIT_SCADA,1,"2022/10/20 04:30:00",SEBSF1,0
D,DISPATCH,UNIT_SCADA,1,"2022/10/20 04:30:00",SHGEN,0
D,DISPATCH,UNIT_SCADA,1,"2022/10/20 04:30:00",SHPUMP,0
D,DISPATCH,UNIT_SCADA,1,"2022/10/20 04:30:00",SITHE01,0.123710
D,DISPATCH,UNIT_SCADA,1,"2022/10/20 04:30:00",SMCSF1,0
D,DISPATCH,UNIT_SCADA,1,"2022/10/20 04:30:00",SNAPPER1,0
D,DISPATCH,UNIT_SCADA,1,"2022/10/20 04:30:00",SNOWNTH1,137.80
D,DISPATCH,UNIT_SCADA,1,"2022/10/20 04:30:00",SNOWSTH1,118.70
D,DISPATCH,UNIT_SCADA,1,"2022/10/20 04:30:00",SNOWTWN1,93.438970
D,DISPATCH,UNIT_SCADA,1,"2022/10/20 04:30:00",SNOWYP,0
D,DISPATCH,UNIT_SCADA,1,"2022/10/20 04:30:00",SNUG1,0
D,DISPATCH,UNIT_SCADA,1,"2022/10/20 04:30:00",SRSF1,0
D,DISPATCH,UNIT_SCADA,1,"2022/10/20 04:30:00",STAN-1,277.877080
D,DISPATCH,UNIT_SCADA,1,"2022/10/20 04:30:00",STAN-2,364.397250
D,DISPATCH,UNIT_SCADA,1,"2022/10/20 04:30:00",STAN-3,363.2308
D,DISPATCH,UNIT_SCADA,1,"2022/10/20 04:30:00",STAN-4,363.833250
D,DISPATCH,UNIT_SCADA,1,"2022/10/20 04:30:00",STARHLWF,12.196440
D,DISPATCH,UNIT_SCADA,1,"2022/10/20 04:30:00",STOCKYD1,216.320010
D,DISPATCH,UNIT_SCADA,1,"2022/10/20 04:30:00",STWF1,39.150380
D,DISPATCH,UNIT_SCADA,1,"2022/10/20 04:30:00",SUNRSF1,0
D,DISPATCH,UNIT_SCADA,1,"2022/10/20 04:30:00",SUNTPSF1,0
D,DISPATCH,UNIT_SCADA,1,"2022/10/20 04:30:00",SWAN_E,243.454990
D,DISPATCH,UNIT_SCADA,1,"2022/10/20 04:30:00",TALWA1,0
D,DISPATCH,UNIT_SCADA,1,"2022/10/20 04:30:00",TARALGA1,0
D,DISPATCH,UNIT_SCADA,1,"2022/10/20 04:30:00",TARONG#1,279.100010
D,DISPATCH,UNIT_SCADA,1,"2022/10/20 04:30:00",TARONG#2,278.899990
D,DISPATCH,UNIT_SCADA,1,"2022/10/20 04:30:00",TARONG#3,0.90
D,DISPATCH,UNIT_SCADA,1,"2022/10/20 04:30:00",TARONG#4,188.50
D,DISPATCH,UNIT_SCADA,1,"2022/10/20 04:30:00",TARRALEA,53.90
D,DISPATCH,UNIT_SCADA,1,"2022/10/20 04:30:00",TBSF1,0
D,DISPATCH,UNIT_SCADA,1,"2022/10/20 04:30:00",TNPS1,299.6875
D,DISPATCH,UNIT_SCADA,1,"2022/10/20 04:30:00",TORRB1,0
D,DISPATCH,UNIT_SCADA,1,"2022/10/20 04:30:00",TORRB2,40
D,DISPATCH,UNIT_SCADA,1,"2022/10/20 04:30:00",TORRB3,0
D,DISPATCH,UNIT_SCADA,1,"2022/10/20 04:30:00",TORRB4,0
D,DISPATCH,UNIT_SCADA,1,"2022/10/20 04:30:00",TREVALLN,100.068910
D,DISPATCH,UNIT_SCADA,1,"2022/10/20 04:30:00",TRIBUTE,0
D,DISPATCH,UNIT_SCADA,1,"2022/10/20 04:30:00",TUMUT3,0
D,DISPATCH,UNIT_SCADA,1,"2022/10/20 04:30:00",TUNGATIN,3.000020
D,DISPATCH,UNIT_SCADA,1,"2022/10/20 04:30:00",TVCC201,0
D,DISPATCH,UNIT_SCADA,1,"2022/10/20 04:30:00",TVPP104,0
D,DISPATCH,UNIT_SCADA,1,"2022/10/20 04:30:00",UPPTUMUT,0
D,DISPATCH,UNIT_SCADA,1,"2022/10/20 04:30:00",URANQ11,0
D,DISPATCH,UNIT_SCADA,1,"2022/10/20 04:30:00",URANQ12,0
D,DISPATCH,UNIT_SCADA,1,"2022/10/20 04:30:00",URANQ13,0
D,DISPATCH,UNIT_SCADA,1,"2022/10/20 04:30:00",URANQ14,0
D,DISPATCH,UNIT_SCADA,1,"2022/10/20 04:30:00",VBBG1,0
D,DISPATCH,UNIT_SCADA,1,"2022/10/20 04:30:00",VBBL1,36.20
D,DISPATCH,UNIT_SCADA,1,"2022/10/20 04:30:00",VP5,549.894710
D,DISPATCH,UNIT_SCADA,1,"2022/10/20 04:30:00",VP6,550.749210
D,DISPATCH,UNIT_SCADA,1,"2022/10/20 04:30:00",VPGS1,0
D,DISPATCH,UNIT_SCADA,1,"2022/10/20 04:30:00",VPGS2,0
D,DISPATCH,UNIT_SCADA,1,"2022/10/20 04:30:00",VPGS3,0
D,DISPATCH,UNIT_SCADA,1,"2022/10/20 04:30:00",VPGS4,0
D,DISPATCH,UNIT_SCADA,1,"2022/10/20 04:30:00",VPGS5,0
D,DISPATCH,UNIT_SCADA,1,"2022/10/20 04:30:00",VPGS6,0
D,DISPATCH,UNIT_SCADA,1,"2022/10/20 04:30:00",W/HOE#1,0
D,DISPATCH,UNIT_SCADA,1,"2022/10/20 04:30:00",W/HOE#2,0
D,DISPATCH,UNIT_SCADA,1,"2022/10/20 04:30:00",WAGGNSF1,0
D,DISPATCH,UNIT_SCADA,1,"2022/10/20 04:30:00",WALGRVG1,0.021410
D,DISPATCH,UNIT_SCADA,1,"2022/10/20 04:30:00",WALGRVL1,0
D,DISPATCH,UNIT_SCADA,1,"2022/10/20 04:30:00",WANDBG1,0
D,DISPATCH,UNIT_SCADA,1,"2022/10/20 04:30:00",WANDBL1,0.524250
D,DISPATCH,UNIT_SCADA,1,"2022/10/20 04:30:00",WARWSF1,0
D,DISPATCH,UNIT_SCADA,1,"2022/10/20 04:30:00",WARWSF2,0
D,DISPATCH,UNIT_SCADA,1,"2022/10/20 04:30:00",WATERLWF,93.30
D,DISPATCH,UNIT_SCADA,1,"2022/10/20 04:30:00",WDGPH1,0
D,DISPATCH,UNIT_SCADA,1,"2022/10/20 04:30:00",WELLSF1,0
D,DISPATCH,UNIT_SCADA,1,"2022/10/20 04:30:00",WEMENSF1,0
D,DISPATCH,UNIT_SCADA,1,"2022/10/20 04:30:00",WGWF1,68.70
D,DISPATCH,UNIT_SCADA,1,"2022/10/20 04:30:00",WHITSF1,0
D,DISPATCH,UNIT_SCADA,1,"2022/10/20 04:30:00",WINTSF1,0
D,DISPATCH,UNIT_SCADA,1,"2022/10/20 04:30:00",WKIEWA1,33.90
D,DISPATCH,UNIT_SCADA,1,"2022/10/20 04:30:00",WKIEWA2,33.80
D,DISPATCH,UNIT_SCADA,1,"2022/10/20 04:30:00",WOODLWN1,13.302450
D,DISPATCH,UNIT_SCADA,1,"2022/10/20 04:30:00",WOOLGSF1,0
D,DISPATCH,UNIT_SCADA,1,"2022/10/20 04:30:00",WPWF,67.47
D,DISPATCH,UNIT_SCADA,1,"2022/10/20 04:30:00",WRSF1,0
D,DISPATCH,UNIT_SCADA,1,"2022/10/20 04:30:00",WRWF1,52.848090
D,DISPATCH,UNIT_SCADA,1,"2022/10/20 04:30:00",WSTWYSF1,0
D,DISPATCH,UNIT_SCADA,1,"2022/10/20 04:30:00",YABULU,0
D,DISPATCH,UNIT_SCADA,1,"2022/10/20 04:30:00",YABULU2,0
D,DISPATCH,UNIT_SCADA,1,"2022/10/20 04:30:00",YARANSF1,0
D,DISPATCH,UNIT_SCADA,1,"2022/10/20 04:30:00",YARWUN_1,139.30
D,DISPATCH,UNIT_SCADA,1,"2022/10/20 04:30:00",YATSF1,0
D,DISPATCH,UNIT_SCADA,1,"2022/10/20 04:30:00",YENDWF1,32.64
D,DISPATCH,UNIT_SCADA,1,"2022/10/20 04:30:00",YWPS1,363.156950
D,DISPATCH,UNIT_SCADA,1,"2022/10/20 04:30:00",YWPS2,310.774690
D,DISPATCH,UNIT_SCADA,1,"2022/10/20 04:30:00",YWPS3,359.953160
D,DISPATCH,UNIT_SCADA,1,"2022/10/20 04:30:00",YWPS4,0
C,"END OF REPORT",419
