C,NEMP.WORLD,DISPATCHSCADA,AEMO,PUBLIC,2022/10/20,11:10:10,0000000373249613,DISPATCHSCADA,0000000373249607
I,DISPATCH,UNIT_SCADA,1,SETTLEMENTDATE,DUID,SCADAVALUE
D,DISPATCH,UNIT_SCADA,1,"2022/10/20 11:15:00",BARCSF1,8.900001
D,DISPATCH,UNIT_SCADA,1,"2022/10/20 11:15:00",BUTLERSG,8.699999
D,DISPATCH,UNIT_SCADA,1,"2022/10/20 11:15:00",CAPTL_WF,33.813015
D,DISPATCH,UNIT_SCADA,1,"2022/10/20 11:15:00",CHALLHWF,4.70
D,DISPATCH,UNIT_SCADA,1,"2022/10/20 11:15:00",CLOVER,10.08
D,DISPATCH,UNIT_SCADA,1,"2022/10/20 11:15:00",CLUNY,6.181277
D,DISPATCH,UNIT_SCADA,1,"2022/10/20 11:15:00",CULLRGWF,-0.02
D,DISPATCH,UNIT_SCADA,1,"2022/10/20 11:15:00",DIAPURWF1,3.70
D,DISPATCH,UNIT_SCADA,1,"2022/10/20 11:15:00",ERGT01,0
D,DISPATCH,UNIT_SCADA,1,"2022/10/20 11:15:00",GB01,0
D,DISPATCH,UNIT_SCADA,1,"2022/10/20 11:15:00",GERMCRK,19.40
D,DISPATCH,UNIT_SCADA,1,"2022/10/20 11:15:00",GRIFSF1,9.098955
D,DISPATCH,UNIT_SCADA,1,"2022/10/20 11:15:00",HEZ1,0
D,DISPATCH,UNIT_SCADA,1,"2022/10/20 11:15:00",HUGSF1,14.373001
D,DISPATCH,UNIT_SCADA,1,"2022/10/20 11:15:00",KEPBG1,0.01
D,DISPATCH,UNIT_SCADA,1,"2022/10/20 11:15:00",LRSF1,13.111001
D,DISPATCH,UNIT_SCADA,1,"2022/10/20 11:15:00",MBAHNTH,48.018753
D,DISPATCH,UNIT_SCADA,1,"2022/10/20 11:15:00",MLSP1,3.452001
D,DISPATCH,UNIT_SCADA,1,"2022/10/20 11:15:00",MLWF1,4.08
D,DISPATCH,UNIT_SCADA,1,"2022/10/20 11:15:00",PALOONA,30.039999
D,DISPATCH,UNIT_SCADA,1,"2022/10/20 11:15:00",PIONEER,43.700001
D,DISPATCH,UNIT_SCADA,1,"2022/10/20 11:15:00",PORTWF,88.599998
D,DISPATCH,UNIT_SCADA,1,"2022/10/20 11:15:00",REPULSE,9.695582
D,DISPATCH,UNIT_SCADA,1,"2022/10/20 11:15:00",ROWALLAN,8.9460
D,DISPATCH,UNIT_SCADA,1,"2022/10/20 11:15:00",ROYALLA1,7.566003
D,DISPATCH,UNIT_SCADA,1,"2022/10/20 11:15:00",RPCG,-1.80
D,DISPATCH,UNIT_SCADA,1,"2022/10/20 11:15:00",RUBICON,0
D,DISPATCH,UNIT_SCADA,1,"2022/10/20 11:15:00",WAUBRAWF,15.2460
D,DISPATCH,UNIT_SCADA,1,"2022/10/20 11:15:00",WOOLNTH1,-0.58
D,DISPATCH,UNIT_SCADA,1,"2022/10/20 11:15:00",YAMBUKWF,6.40
D,DISPATCH,UNIT_SCADA,1,"2022/10/20 11:15:00",YSWF1,0.90
D,DISPATCH,UNIT_SCADA,1,"2022/10/20 11:15:00",ADPBA1G,0.0080
D,DISPATCH,UNIT_SCADA,1,"2022/10/20 11:15:00",ADPBA1L,0
D,DISPATCH,UNIT_SCADA,1,"2022/10/20 11:15:00",ADPPV1,0.0620
D,DISPATCH,UNIT_SCADA,1,"2022/10/20 11:15:00",AGLHAL,0
D,DISPATCH,UNIT_SCADA,1,"2022/10/20 11:15:00",AGLSOM,0
D,DISPATCH,UNIT_SCADA,1,"2022/10/20 11:15:00",ANGAST1,0
D,DISPATCH,UNIT_SCADA,1,"2022/10/20 11:15:00",ARWF1,0
D,DISPATCH,UNIT_SCADA,1,"2022/10/20 11:15:00",BALBG1,0
D,DISPATCH,UNIT_SCADA,1,"2022/10/20 11:15:00",BALBL1,4.95
D,DISPATCH,UNIT_SCADA,1,"2022/10/20 11:15:00",BALDHWF1,10
D,DISPATCH,UNIT_SCADA,1,"2022/10/20 11:15:00",BANGOWF1,35.696350
D,DISPATCH,UNIT_SCADA,1,"2022/10/20 11:15:00",BANGOWF2,42.099870
D,DISPATCH,UNIT_SCADA,1,"2022/10/20 11:15:00",BANN1,11.52
D,DISPATCH,UNIT_SCADA,1,"2022/10/20 11:15:00",BARCALDN,0
D,DISPATCH,UNIT_SCADA,1,"2022/10/20 11:15:00",BARKIPS1,0
D,DISPATCH,UNIT_SCADA,1,"2022/10/20 11:15:00",BARRON-1,0
D,DISPATCH,UNIT_SCADA,1,"2022/10/20 11:15:00",BARRON-2,0
D,DISPATCH,UNIT_SCADA,1,"2022/10/20 11:15:00",BASTYAN,53.32
D,DISPATCH,UNIT_SCADA,1,"2022/10/20 11:15:00",BBTHREE1,0
D,DISPATCH,UNIT_SCADA,1,"2022/10/20 11:15:00",BBTHREE2,0
D,DISPATCH,UNIT_SCADA,1,"2022/10/20 11:15:00",BBTHREE3,0
D,DISPATCH,UNIT_SCADA,1,"2022/10/20 11:15:00",BDL01,0
D,DISPATCH,UNIT_SCADA,1,"2022/10/20 11:15:00",BDL02,0
D,DISPATCH,UNIT_SCADA,1,"2022/10/20 11:15:00",BERYLSF1,15.541450
D,DISPATCH,UNIT_SCADA,1,"2022/10/20 11:15:00",BLOWERNG,62.70
D,DISPATCH,UNIT_SCADA,1,"2022/10/20 11:15:00",BLUEGSF1,75.390980
D,DISPATCH,UNIT_SCADA,1,"2022/10/20 11:15:00",BLUFF1,10.60
D,DISPATCH,UNIT_SCADA,1,"2022/10/20 11:15:00",BNGSF1,109.96
D,DISPATCH,UNIT_SCADA,1,"2022/10/20 11:15:00",BNGSF2,110.35
D,DISPATCH,UNIT_SCADA,1,"2022/10/20 11:15:00",BOCORWF1,8.79
D,DISPATCH,UNIT_SCADA,1,"2022/10/20 11:15:00",BODWF1,104.640690
D,DISPATCH,UNIT_SCADA,1,"2022/10/20 11:15:00",BOMENSF1,39.681390
D,DISPATCH,UNIT_SCADA,1,"2022/10/20 11:15:00",BOWWBA1G,0
D,DISPATCH,UNIT_SCADA,1,"2022/10/20 11:15:00",BOWWBA1L,0
D,DISPATCH,UNIT_SCADA,1,"2022/10/20 11:15:00",BOWWPV1,0.0010
D,DISPATCH,UNIT_SCADA,1,"2022/10/20 11:15:00",BRAEMAR1,0
D,DISPATCH,UNIT_SCADA,1,"2022/10/20 11:15:00",BRAEMAR2,0
D,DISPATCH,UNIT_SCADA,1,"2022/10/20 11:15:00",BRAEMAR3,0
D,DISPATCH,UNIT_SCADA,1,"2022/10/20 11:15:00",BRAEMAR5,0.292060
D,DISPATCH,UNIT_SCADA,1,"2022/10/20 11:15:00",BRAEMAR6,0
D,DISPATCH,UNIT_SCADA,1,"2022/10/20 11:15:00",BRAEMAR7,0.130920
D,DISPATCH,UNIT_SCADA,1,"2022/10/20 11:15:00",BROKENH1,39.2994
D,DISPATCH,UNIT_SCADA,1,"2022/10/20 11:15:00",BRYB1WF1,91.392390
D,DISPATCH,UNIT_SCADA,1,"2022/10/20 11:15:00",BULBESG1,0
D,DISPATCH,UNIT_SCADA,1,"2022/10/20 11:15:00",BULBESL1,2.01
D,DISPATCH,UNIT_SCADA,1,"2022/10/20 11:15:00",BULGANA1,4.74
D,DISPATCH,UNIT_SCADA,1,"2022/10/20 11:15:00",BW01,657.761470
D,DISPATCH,UNIT_SCADA,1,"2022/10/20 11:15:00",BW02,617.917110
D,DISPATCH,UNIT_SCADA,1,"2022/10/20 11:15:00",BW03,458.319980
D,DISPATCH,UNIT_SCADA,1,"2022/10/20 11:15:00",BW04,0
D,DISPATCH,UNIT_SCADA,1,"2022/10/20 11:15:00",CALL_B_1,319.700010
D,DISPATCH,UNIT_SCADA,1,"2022/10/20 11:15:00",CALL_B_2,319
D,DISPATCH,UNIT_SCADA,1,"2022/10/20 11:15:00",CATHROCK,0.10
D,DISPATCH,UNIT_SCADA,1,"2022/10/20 11:15:00",CBWWBA1G,0
D,DISPATCH,UNIT_SCADA,1,"2022/10/20 11:15:00",CBWWBA1L,0
D,DISPATCH,UNIT_SCADA,1,"2022/10/20 11:15:00",CETHANA,17.772380
D,DISPATCH,UNIT_SCADA,1,"2022/10/20 11:15:00",CG1,0
D,DISPATCH,UNIT_SCADA,1,"2022/10/20 11:15:00",CG2,0
D,DISPATCH,UNIT_SCADA,1,"2022/10/20 11:15:00",CG3,0
D,DISPATCH,UNIT_SCADA,1,"2022/10/20 11:15:00",CG4,0
D,DISPATCH,UNIT_SCADA,1,"2022/10/20 11:15:00",CHILDSF1,48.75
D,DISPATCH,UNIT_SCADA,1,"2022/10/20 11:15:00",CHYTWF1,2.72
D,DISPATCH,UNIT_SCADA,1,"2022/10/20 11:15:00",CLARESF1,9.027070
D,DISPATCH,UNIT_SCADA,1,"2022/10/20 11:15:00",CLEMGPWF,7.347570
D,DISPATCH,UNIT_SCADA,1,"2022/10/20 11:15:00",CLERMSF1,16.14
D,DISPATCH,UNIT_SCADA,1,"2022/10/20 11:15:00",CNUNDAWF,0
D,DISPATCH,UNIT_SCADA,1,"2022/10/20 11:15:00",COHUNSF1,6.84
D,DISPATCH,UNIT_SCADA,1,"2022/10/20 11:15:00",COLEASF1,38.002980
D,DISPATCH,UNIT_SCADA,1,"2022/10/20 11:15:00",COLUMSF1,26.5950
D,DISPATCH,UNIT_SCADA,1,"2022/10/20 11:15:00",COLWF01,115.9472
D,DISPATCH,UNIT_SCADA,1,"2022/10/20 11:15:00",COOPGWF1,166.44
D,DISPATCH,UNIT_SCADA,1,"2022/10/20 11:15:00",CPP_3,336.600010
D,DISPATCH,UNIT_SCADA,1,"2022/10/20 11:15:00",CPP_4,0
D,DISPATCH,UNIT_SCADA,1,"2022/10/20 11:15:00",CPSA,0
D,DISPATCH,UNIT_SCADA,1,"2022/10/20 11:15:00",CROOKWF2,41.253680
D,DISPATCH,UNIT_SCADA,1,"2022/10/20 11:15:00",CROWLWF1,0
D,DISPATCH,UNIT_SCADA,1,"2022/10/20 11:15:00",CRURWF1,46.696040
D,DISPATCH,UNIT_SCADA,1,"2022/10/20 11:15:00",CRWASF1,30.118910
D,DISPATCH,UNIT_SCADA,1,"2022/10/20 11:15:00",CSPVPS1,0.5680
D,DISPATCH,UNIT_SCADA,1,"2022/10/20 11:15:00",CTHLWF1,0.003050
D,DISPATCH,UNIT_SCADA,1,"2022/10/20 11:15:00",DALNTH01,0
D,DISPATCH,UNIT_SCADA,1,"2022/10/20 11:15:00",DALNTHL1,0.071720
D,DISPATCH,UNIT_SCADA,1,"2022/10/20 11:15:00",DARLSF1,41.849210
D,DISPATCH,UNIT_SCADA,1,"2022/10/20 11:15:00",DARTM1,0
D,DISPATCH,UNIT_SCADA,1,"2022/10/20 11:15:00",DAYDSF1,0
D,DISPATCH,UNIT_SCADA,1,"2022/10/20 11:15:00",DDPS1,0
D,DISPATCH,UNIT_SCADA,1,"2022/10/20 11:15:00",DDSF1,54.577150
D,DISPATCH,UNIT_SCADA,1,"2022/10/20 11:15:00",DEVILS_G,50.126040
D,DISPATCH,UNIT_SCADA,1,"2022/10/20 11:15:00",DG_NSW1,0
D,DISPATCH,UNIT_SCADA,1,"2022/10/20 11:15:00",DG_QLD1,0
D,DISPATCH,UNIT_SCADA,1,"2022/10/20 11:15:00",DG_SA1,0
D,DISPATCH,UNIT_SCADA,1,"2022/10/20 11:15:00",DG_TAS1,0
D,DISPATCH,UNIT_SCADA,1,"2022/10/20 11:15:00",DG_VIC1,0
D,DISPATCH,UNIT_SCADA,1,"2022/10/20 11:15:00",DRYCGT1,0
D,DISPATCH,UNIT_SCADA,1,"2022/10/20 11:15:00",DRYCGT2,0
D,DISPATCH,UNIT_SCADA,1,"2022/10/20 11:15:00",DRYCGT3,0
D,DISPATCH,UNIT_SCADA,1,"2022/10/20 11:15:00",DUNDWF1,54.75
D,DISPATCH,UNIT_SCADA,1,"2022/10/20 11:15:00",DUNDWF2,13.54
D,DISPATCH,UNIT_SCADA,1,"2022/10/20 11:15:00",DUNDWF3,42.36
D,DISPATCH,UNIT_SCADA,1,"2022/10/20 11:15:00",EILDON1,60.20
D,DISPATCH,UNIT_SCADA,1,"2022/10/20 11:15:00",EILDON2,60.16
D,DISPATCH,UNIT_SCADA,1,"2022/10/20 11:15:00",ELAINWF1,30.86
D,DISPATCH,UNIT_SCADA,1,"2022/10/20 11:15:00",EMERASF1,0
D,DISPATCH,UNIT_SCADA,1,"2022/10/20 11:15:00",ER01,0
D,DISPATCH,UNIT_SCADA,1,"2022/10/20 11:15:00",ER02,347.820250
D,DISPATCH,UNIT_SCADA,1,"2022/10/20 11:15:00",ER03,410.345610
D,DISPATCH,UNIT_SCADA,1,"2022/10/20 11:15:00",ER04,411.126890
D,DISPATCH,UNIT_SCADA,1,"2022/10/20 11:15:00",FINLYSF1,100.004580
D,DISPATCH,UNIT_SCADA,1,"2022/10/20 11:15:00",FISHER,43.95
D,DISPATCH,UNIT_SCADA,1,"2022/10/20 11:15:00",GANGARR1,44.4270
D,DISPATCH,UNIT_SCADA,1,"2022/10/20 11:15:00",GANNBG1,0
D,DISPATCH,UNIT_SCADA,1,"2022/10/20 11:15:00",GANNBL1,4.981850
D,DISPATCH,UNIT_SCADA,1,"2022/10/20 11:15:00",GANNSF1,25.50
D,DISPATCH,UNIT_SCADA,1,"2022/10/20 11:15:00",GLRWNSF1,110.03
D,DISPATCH,UNIT_SCADA,1,"2022/10/20 11:15:00",GNNDHSF1,91.129550
D,DISPATCH,UNIT_SCADA,1,"2022/10/20 11:15:00",GOONSF1,8.768440
D,DISPATCH,UNIT_SCADA,1,"2022/10/20 11:15:00",GORDON,187.229610
D,DISPATCH,UNIT_SCADA,1,"2022/10/20 11:15:00",GRANWF1,0.66
D,DISPATCH,UNIT_SCADA,1,"2022/10/20 11:15:00",GSTONE1,200.20
D,DISPATCH,UNIT_SCADA,1,"2022/10/20 11:15:00",GSTONE2,0
D,DISPATCH,UNIT_SCADA,1,"2022/10/20 11:15:00",GSTONE3,200.55
D,DISPATCH,UNIT_SCADA,1,"2022/10/20 11:15:00",GSTONE4,0
D,DISPATCH,UNIT_SCADA,1,"2022/10/20 11:15:00",GSTONE5,176.5750
D,DISPATCH,UNIT_SCADA,1,"2022/10/20 11:15:00",GSTONE6,176.75
D,DISPATCH,UNIT_SCADA,1,"2022/10/20 11:15:00",GULLRSF1,3.924940
D,DISPATCH,UNIT_SCADA,1,"2022/10/20 11:15:00",GULLRWF1,68.083960
D,DISPATCH,UNIT_SCADA,1,"2022/10/20 11:15:00",GULLRWF2,74.262370
D,DISPATCH,UNIT_SCADA,1,"2022/10/20 11:15:00",GUNNING1,0
D,DISPATCH,UNIT_SCADA,1,"2022/10/20 11:15:00",GUTHEGA,68.100010
D,DISPATCH,UNIT_SCADA,1,"2022/10/20 11:15:00",HALLWF1,8.02
D,DISPATCH,UNIT_SCADA,1,"2022/10/20 11:15:00",HALLWF2,10.04
D,DISPATCH,UNIT_SCADA,1,"2022/10/20 11:15:00",HAMISF1,0
D,DISPATCH,UNIT_SCADA,1,"2022/10/20 11:15:00",HAUGHT11,69.0135
D,DISPATCH,UNIT_SCADA,1,"2022/10/20 11:15:00",HAYMSF1,0
D,DISPATCH,UNIT_SCADA,1,"2022/10/20 11:15:00",HDWF1,67.90
D,DISPATCH,UNIT_SCADA,1,"2022/10/20 11:15:00",HDWF2,67.60
D,DISPATCH,UNIT_SCADA,1,"2022/10/20 11:15:00",HDWF3,72.70
D,DISPATCH,UNIT_SCADA,1,"2022/10/20 11:15:00",HILLSTN1,28.6761
D,DISPATCH,UNIT_SCADA,1,"2022/10/20 11:15:00",HPRG1,0
D,DISPATCH,UNIT_SCADA,1,"2022/10/20 11:15:00",HPRL1,2.10
D,DISPATCH,UNIT_SCADA,1,"2022/10/20 11:15:00",HUMENSW,55.284270
D,DISPATCH,UNIT_SCADA,1,"2022/10/20 11:15:00",HUMEV,0
D,DISPATCH,UNIT_SCADA,1,"2022/10/20 11:15:00",HVWWBA1G,0
D,DISPATCH,UNIT_SCADA,1,"2022/10/20 11:15:00",HVWWBA1L,0.0060
D,DISPATCH,UNIT_SCADA,1,"2022/10/20 11:15:00",HVWWPV1,0.0110
D,DISPATCH,UNIT_SCADA,1,"2022/10/20 11:15:00",JBUTTERS,0
D,DISPATCH,UNIT_SCADA,1,"2022/10/20 11:15:00",JEMALNG1,10.33
D,DISPATCH,UNIT_SCADA,1,"2022/10/20 11:15:00",JLA01,0
D,DISPATCH,UNIT_SCADA,1,"2022/10/20 11:15:00",JLA02,0
D,DISPATCH,UNIT_SCADA,1,"2022/10/20 11:15:00",JLA03,0
D,DISPATCH,UNIT_SCADA,1,"2022/10/20 11:15:00",JLA04,0
D,DISPATCH,UNIT_SCADA,1,"2022/10/20 11:15:00",JLB01,0
D,DISPATCH,UNIT_SCADA,1,"2022/10/20 11:15:00",JLB02,0.10
D,DISPATCH,UNIT_SCADA,1,"2022/10/20 11:15:00",JLB03,0
D,DISPATCH,UNIT_SCADA,1,"2022/10/20 11:15:00",JUNEESF1,10.553340
D,DISPATCH,UNIT_SCADA,1,"2022/10/20 11:15:00",KABANWF1,0
D,DISPATCH,UNIT_SCADA,1,"2022/10/20 11:15:00",KAREEYA1,0
D,DISPATCH,UNIT_SCADA,1,"2022/10/20 11:15:00",KAREEYA2,0
D,DISPATCH,UNIT_SCADA,1,"2022/10/20 11:15:00",KAREEYA3,4.8775
D,DISPATCH,UNIT_SCADA,1,"2022/10/20 11:15:00",KAREEYA4,0
D,DISPATCH,UNIT_SCADA,1,"2022/10/20 11:15:00",KARSF1,34
D,DISPATCH,UNIT_SCADA,1,"2022/10/20 11:15:00",KEPSF1,10.14
D,DISPATCH,UNIT_SCADA,1,"2022/10/20 11:15:00",KEPWF1,6.47
D,DISPATCH,UNIT_SCADA,1,"2022/10/20 11:15:00",KIAMSF1,9.998470
D,DISPATCH,UNIT_SCADA,1,"2022/10/20 11:15:00",KIATAWF1,4.40
D,DISPATCH,UNIT_SCADA,1,"2022/10/20 11:15:00",KPP_1,0
D,DISPATCH,UNIT_SCADA,1,"2022/10/20 11:15:00",KSP1,43.85
D,DISPATCH,UNIT_SCADA,1,"2022/10/20 11:15:00",LADBROK1,0.01
D,DISPATCH,UNIT_SCADA,1,"2022/10/20 11:15:00",LADBROK2,0.02
D,DISPATCH,UNIT_SCADA,1,"2022/10/20 11:15:00",LBBG1,0
D,DISPATCH,UNIT_SCADA,1,"2022/10/20 11:15:00",LBBL1,11.10
D,DISPATCH,UNIT_SCADA,1,"2022/10/20 11:15:00",LD01,281.1304
D,DISPATCH,UNIT_SCADA,1,"2022/10/20 11:15:00",LD02,0
D,DISPATCH,UNIT_SCADA,1,"2022/10/20 11:15:00",LD04,279.702150
D,DISPATCH,UNIT_SCADA,1,"2022/10/20 11:15:00",LEM_WIL,34.7151
D,DISPATCH,UNIT_SCADA,1,"2022/10/20 11:15:00",LGAPWF1,20.18
D,DISPATCH,UNIT_SCADA,1,"2022/10/20 11:15:00",LGAPWF2,14.98
D,DISPATCH,UNIT_SCADA,1,"2022/10/20 11:15:00",LILYSF1,33.816570
D,DISPATCH,UNIT_SCADA,1,"2022/10/20 11:15:00",LIMOSF11,119.224990
D,DISPATCH,UNIT_SCADA,1,"2022/10/20 11:15:00",LIMOSF21,16.168490
D,DISPATCH,UNIT_SCADA,1,"2022/10/20 11:15:00",LI_WY_CA,56.090630
D,DISPATCH,UNIT_SCADA,1,"2022/10/20 11:15:00",LKBONNY1,0
D,DISPATCH,UNIT_SCADA,1,"2022/10/20 11:15:00",LKBONNY2,0
D,DISPATCH,UNIT_SCADA,1,"2022/10/20 11:15:00",LKBONNY3,0
D,DISPATCH,UNIT_SCADA,1,"2022/10/20 11:15:00",LK_ECHO,0
D,DISPATCH,UNIT_SCADA,1,"2022/10/20 11:15:00",LNGS1,0
D,DISPATCH,UNIT_SCADA,1,"2022/10/20 11:15:00",LNGS2,0
D,DISPATCH,UNIT_SCADA,1,"2022/10/20 11:15:00",LONSDALE,0
D,DISPATCH,UNIT_SCADA,1,"2022/10/20 11:15:00",LOYYB1,439.093660
D,DISPATCH,UNIT_SCADA,1,"2022/10/20 11:15:00",LOYYB2,439.845580
D,DISPATCH,UNIT_SCADA,1,"2022/10/20 11:15:00",LYA1,387
D,DISPATCH,UNIT_SCADA,1,"2022/10/20 11:15:00",LYA2,0
D,DISPATCH,UNIT_SCADA,1,"2022/10/20 11:15:00",LYA3,348
D,DISPATCH,UNIT_SCADA,1,"2022/10/20 11:15:00",LYA4,347
D,DISPATCH,UNIT_SCADA,1,"2022/10/20 11:15:00",MACARTH1,60.998590
D,DISPATCH,UNIT_SCADA,1,"2022/10/20 11:15:00",MACKNTSH,0
D,DISPATCH,UNIT_SCADA,1,"2022/10/20 11:15:00",MANSLR1,44.9730
D,DISPATCH,UNIT_SCADA,1,"2022/10/20 11:15:00",MAPS2PV1,0
D,DISPATCH,UNIT_SCADA,1,"2022/10/20 11:15:00",MAPS3PV1,0
D,DISPATCH,UNIT_SCADA,1,"2022/10/20 11:15:00",MARYRSF1,14.53
D,DISPATCH,UNIT_SCADA,1,"2022/10/20 11:15:00",MBPS2PV1,0
D,DISPATCH,UNIT_SCADA,1,"2022/10/20 11:15:00",MCKAY1,0.02
D,DISPATCH,UNIT_SCADA,1,"2022/10/20 11:15:00",MEADOWBK,6.116120
D,DISPATCH,UNIT_SCADA,1,"2022/10/20 11:15:00",MERCER01,28.90
D,DISPATCH,UNIT_SCADA,1,"2022/10/20 11:15:00",METZSF1,22.218240
D,DISPATCH,UNIT_SCADA,1,"2022/10/20 11:15:00",MEWF1,0.214340
D,DISPATCH,UNIT_SCADA,1,"2022/10/20 11:15:00",MIDDLSF1,12.38
D,DISPATCH,UNIT_SCADA,1,"2022/10/20 11:15:00",MINTARO,0.128180
D,DISPATCH,UNIT_SCADA,1,"2022/10/20 11:15:00",MOLNGSF1,11.126880
D,DISPATCH,UNIT_SCADA,1,"2022/10/20 11:15:00",MOORAWF1,70.95
D,DISPATCH,UNIT_SCADA,1,"2022/10/20 11:15:00",MOREESF1,18.5340
D,DISPATCH,UNIT_SCADA,1,"2022/10/20 11:15:00",MORTLK11,0
D,DISPATCH,UNIT_SCADA,1,"2022/10/20 11:15:00",MORTLK12,0
D,DISPATCH,UNIT_SCADA,1,"2022/10/20 11:15:00",MOUSF1,0
D,DISPATCH,UNIT_SCADA,1,"2022/10/20 11:15:00",MP1,0
D,DISPATCH,UNIT_SCADA,1,"2022/10/20 11:15:00",MP2,349.333950
D,DISPATCH,UNIT_SCADA,1,"2022/10/20 11:15:00",MPP_1,180.090260
D,DISPATCH,UNIT_SCADA,1,"2022/10/20 11:15:00",MPP_2,181.402560
D,DISPATCH,UNIT_SCADA,1,"2022/10/20 11:15:00",MRTLSWF1,0
D,DISPATCH,UNIT_SCADA,1,"2022/10/20 11:15:00",MSTUART1,0
D,DISPATCH,UNIT_SCADA,1,"2022/10/20 11:15:00",MSTUART2,0
D,DISPATCH,UNIT_SCADA,1,"2022/10/20 11:15:00",MSTUART3,0
D,DISPATCH,UNIT_SCADA,1,"2022/10/20 11:15:00",MTGELWF1,36.8923
D,DISPATCH,UNIT_SCADA,1,"2022/10/20 11:15:00",MTMILLAR,1.40
D,DISPATCH,UNIT_SCADA,1,"2022/10/20 11:15:00",MURRAY,0
D,DISPATCH,UNIT_SCADA,1,"2022/10/20 11:15:00",MUSSELR1,99.30
D,DISPATCH,UNIT_SCADA,1,"2022/10/20 11:15:00",MUWAWF1,56.70
D,DISPATCH,UNIT_SCADA,1,"2022/10/20 11:15:00",MUWAWF2,22.30
D,DISPATCH,UNIT_SCADA,1,"2022/10/20 11:15:00",MWPS1PV1,0.13
D,DISPATCH,UNIT_SCADA,1,"2022/10/20 11:15:00",MWPS2PV1,0
D,DISPATCH,UNIT_SCADA,1,"2022/10/20 11:15:00",MWPS3PV1,0.68
D,DISPATCH,UNIT_SCADA,1,"2022/10/20 11:15:00",MWPS4PV1,0.01
D,DISPATCH,UNIT_SCADA,1,"2022/10/20 11:15:00",NBHWF1,82.90
D,DISPATCH,UNIT_SCADA,1,"2022/10/20 11:15:00",NEVERSF1,33.98
D,DISPATCH,UNIT_SCADA,1,"2022/10/20 11:15:00",NPS,0
D,DISPATCH,UNIT_SCADA,1,"2022/10/20 11:15:00",NUMURSF1,93.02
D,DISPATCH,UNIT_SCADA,1,"2022/10/20 11:15:00",NYNGAN1,99.25
D,DISPATCH,UNIT_SCADA,1,"2022/10/20 11:15:00",OAKEY1,0
D,DISPATCH,UNIT_SCADA,1,"2022/10/20 11:15:00",OAKEY1SF,8.3640
D,DISPATCH,UNIT_SCADA,1,"2022/10/20 11:15:00",OAKEY2,0
D,DISPATCH,UNIT_SCADA,1,"2022/10/20 11:15:00",OAKEY2SF,23.12
D,DISPATCH,UNIT_SCADA,1,"2022/10/20 11:15:00",OAKLAND1,6
D,DISPATCH,UNIT_SCADA,1,"2022/10/20 11:15:00",OSB-AG,0
D,DISPATCH,UNIT_SCADA,1,"2022/10/20 11:15:00",PAREPS1,0.0660
D,DISPATCH,UNIT_SCADA,1,"2022/10/20 11:15:00",PAREPW1,50.27
D,DISPATCH,UNIT_SCADA,1,"2022/10/20 11:15:00",PARSF1,4.798960
D,DISPATCH,UNIT_SCADA,1,"2022/10/20 11:15:00",POAT110,0
D,DISPATCH,UNIT_SCADA,1,"2022/10/20 11:15:00",POAT220,0
D,DISPATCH,UNIT_SCADA,1,"2022/10/20 11:15:00",POR01,0
D,DISPATCH,UNIT_SCADA,1,"2022/10/20 11:15:00",POR03,0
D,DISPATCH,UNIT_SCADA,1,"2022/10/20 11:15:00",PPCCGT,0
D,DISPATCH,UNIT_SCADA,1,"2022/10/20 11:15:00",PTSTAN1,0
D,DISPATCH,UNIT_SCADA,1,"2022/10/20 11:15:00",PUMP1,244.73
D,DISPATCH,UNIT_SCADA,1,"2022/10/20 11:15:00",PUMP2,0
D,DISPATCH,UNIT_SCADA,1,"2022/10/20 11:15:00",QBYNBG1,1.385480
D,DISPATCH,UNIT_SCADA,1,"2022/10/20 11:15:00",QBYNBL1,0
D,DISPATCH,UNIT_SCADA,1,"2022/10/20 11:15:00",QPS1,0
D,DISPATCH,UNIT_SCADA,1,"2022/10/20 11:15:00",QPS2,0
D,DISPATCH,UNIT_SCADA,1,"2022/10/20 11:15:00",QPS3,0
D,DISPATCH,UNIT_SCADA,1,"2022/10/20 11:15:00",QPS4,0
D,DISPATCH,UNIT_SCADA,1,"2022/10/20 11:15:00",QPS5,75.40
D,DISPATCH,UNIT_SCADA,1,"2022/10/20 11:15:00",REECE1,0
D,DISPATCH,UNIT_SCADA,1,"2022/10/20 11:15:00",REECE2,0
D,DISPATCH,UNIT_SCADA,1,"2022/10/20 11:15:00",ROMA_7,0
D,DISPATCH,UNIT_SCADA,1,"2022/10/20 11:15:00",ROMA_8,0
D,DISPATCH,UNIT_SCADA,1,"2022/10/20 11:15:00",RRSF1,103.776970
D,DISPATCH,UNIT_SCADA,1,"2022/10/20 11:15:00",RT_NSW1,0
D,DISPATCH,UNIT_SCADA,1,"2022/10/20 11:15:00",RT_NSW2,0
D,DISPATCH,UNIT_SCADA,1,"2022/10/20 11:15:00",RT_NSW3,0
D,DISPATCH,UNIT_SCADA,1,"2022/10/20 11:15:00",RT_NSW4,0
D,DISPATCH,UNIT_SCADA,1,"2022/10/20 11:15:00",RT_NSW5,0
D,DISPATCH,UNIT_SCADA,1,"2022/10/20 11:15:00",RT_NSW6,0
D,DISPATCH,UNIT_SCADA,1,"2022/10/20 11:15:00",RT_QLD1,0
D,DISPATCH,UNIT_SCADA,1,"2022/10/20 11:15:00",RT_SA1,0
D,DISPATCH,UNIT_SCADA,1,"2022/10/20 11:15:00",RT_SA2,0
D,DISPATCH,UNIT_SCADA,1,"2022/10/20 11:15:00",RT_SA3,0
D,DISPATCH,UNIT_SCADA,1,"2022/10/20 11:15:00",RT_SA4,0
D,DISPATCH,UNIT_SCADA,1,"2022/10/20 11:15:00",RT_SA5,0
D,DISPATCH,UNIT_SCADA,1,"2022/10/20 11:15:00",RT_SA6,0
D,DISPATCH,UNIT_SCADA,1,"2022/10/20 11:15:00",RT_TAS1,0
D,DISPATCH,UNIT_SCADA,1,"2022/10/20 11:15:00",RT_VIC1,0
D,DISPATCH,UNIT_SCADA,1,"2022/10/20 11:15:00",RT_VIC10,0
D,DISPATCH,UNIT_SCADA,1,"2022/10/20 11:15:00",RT_VIC11,0
D,DISPATCH,UNIT_SCADA,1,"2022/10/20 11:15:00",RT_VIC12,0
D,DISPATCH,UNIT_SCADA,1,"2022/10/20 11:15:00",RT_VIC2,0
D,DISPATCH,UNIT_SCADA,1,"2022/10/20 11:15:00",RT_VIC3,0
D,DISPATCH,UNIT_SCADA,1,"2022/10/20 11:15:00",RT_VIC4,0
D,DISPATCH,UNIT_SCADA,1,"2022/10/20 11:15:00",RT_VIC5,0
D,DISPATCH,UNIT_SCADA,1,"2022/10/20 11:15:00",RT_VIC6,0
D,DISPATCH,UNIT_SCADA,1,"2022/10/20 11:15:00",RT_VIC7,0
D,DISPATCH,UNIT_SCADA,1,"2022/10/20 11:15:00",RT_VIC8,0
D,DISPATCH,UNIT_SCADA,1,"2022/10/20 11:15:00",RT_VIC9,0
D,DISPATCH,UNIT_SCADA,1,"2022/10/20 11:15:00",RUGBYR1,1.696510
D,DISPATCH,UNIT_SCADA,1,"2022/10/20 11:15:00",SALTCRK1,17.95
D,DISPATCH,UNIT_SCADA,1,"2022/10/20 11:15:00",SAPHWF1,29.787140
D,DISPATCH,UNIT_SCADA,1,"2022/10/20 11:15:00",SEBSF1,27.565060
D,DISPATCH,UNIT_SCADA,1,"2022/10/20 11:15:00",SHGEN,0
D,DISPATCH,UNIT_SCADA,1,"2022/10/20 11:15:00",SHPUMP,0
D,DISPATCH,UNIT_SCADA,1,"2022/10/20 11:15:00",SITHE01,0.123710
D,DISPATCH,UNIT_SCADA,1,"2022/10/20 11:15:00",SMCSF1,105.0330
D,DISPATCH,UNIT_SCADA,1,"2022/10/20 11:15:00",SNAPPER1,0
D,DISPATCH,UNIT_SCADA,1,"2022/10/20 11:15:00",SNOWNTH1,68.50
D,DISPATCH,UNIT_SCADA,1,"2022/10/20 11:15:00",SNOWSTH1,19.20
D,DISPATCH,UNIT_SCADA,1,"2022/10/20 11:15:00",SNOWTWN1,0
D,DISPATCH,UNIT_SCADA,1,"2022/10/20 11:15:00",SNOWYP,0
D,DISPATCH,UNIT_SCADA,1,"2022/10/20 11:15:00",SNUG1,0
D,DISPATCH,UNIT_SCADA,1,"2022/10/20 11:15:00",SRSF1,11.71
D,DISPATCH,UNIT_SCADA,1,"2022/10/20 11:15:00",STAN-1,274.608550
D,DISPATCH,UNIT_SCADA,1,"2022/10/20 11:15:00",STAN-2,345.234620
D,DISPATCH,UNIT_SCADA,1,"2022/10/20 11:15:00",STAN-3,152.621550
D,DISPATCH,UNIT_SCADA,1,"2022/10/20 11:15:00",STAN-4,336.954320
D,DISPATCH,UNIT_SCADA,1,"2022/10/20 11:15:00",STARHLWF,0.01
D,DISPATCH,UNIT_SCADA,1,"2022/10/20 11:15:00",STOCKYD1,69.85
D,DISPATCH,UNIT_SCADA,1,"2022/10/20 11:15:00",STWF1,0
D,DISPATCH,UNIT_SCADA,1,"2022/10/20 11:15:00",SUNRSF1,111.197070
D,DISPATCH,UNIT_SCADA,1,"2022/10/20 11:15:00",SUNTPSF1,112.593880
D,DISPATCH,UNIT_SCADA,1,"2022/10/20 11:15:00",SWAN_E,217.9350
D,DISPATCH,UNIT_SCADA,1,"2022/10/20 11:15:00",TALWA1,0
D,DISPATCH,UNIT_SCADA,1,"2022/10/20 11:15:00",TARALGA1,0
D,DISPATCH,UNIT_SCADA,1,"2022/10/20 11:15:00",TARONG#1,344.50
D,DISPATCH,UNIT_SCADA,1,"2022/10/20 11:15:00",TARONG#2,344
D,DISPATCH,UNIT_SCADA,1,"2022/10/20 11:15:00",TARONG#3,0.90
D,DISPATCH,UNIT_SCADA,1,"2022/10/20 11:15:00",TARONG#4,209.50
D,DISPATCH,UNIT_SCADA,1,"2022/10/20 11:15:00",TARRALEA,54
D,DISPATCH,UNIT_SCADA,1,"2022/10/20 11:15:00",TBSF1,0.10
D,DISPATCH,UNIT_SCADA,1,"2022/10/20 11:15:00",TNPS1,399.249970
D,DISPATCH,UNIT_SCADA,1,"2022/10/20 11:15:00",TORRB1,0
D,DISPATCH,UNIT_SCADA,1,"2022/10/20 11:15:00",TORRB2,40
D,DISPATCH,UNIT_SCADA,1,"2022/10/20 11:15:00",TORRB3,0
D,DISPATCH,UNIT_SCADA,1,"2022/10/20 11:15:00",TORRB4,0
D,DISPATCH,UNIT_SCADA,1,"2022/10/20 11:15:00",TREVALLN,98.189180
D,DISPATCH,UNIT_SCADA,1,"2022/10/20 11:15:00",TRIBUTE,0
D,DISPATCH,UNIT_SCADA,1,"2022/10/20 11:15:00",TUMUT3,0
D,DISPATCH,UNIT_SCADA,1,"2022/10/20 11:15:00",TUNGATIN,3.900020
D,DISPATCH,UNIT_SCADA,1,"2022/10/20 11:15:00",TVCC201,0
D,DISPATCH,UNIT_SCADA,1,"2022/10/20 11:15:00",TVPP104,57.904710
D,DISPATCH,UNIT_SCADA,1,"2022/10/20 11:15:00",UPPTUMUT,39.888150
D,DISPATCH,UNIT_SCADA,1,"2022/10/20 11:15:00",URANQ11,0
D,DISPATCH,UNIT_SCADA,1,"2022/10/20 11:15:00",URANQ12,0
D,DISPATCH,UNIT_SCADA,1,"2022/10/20 11:15:00",URANQ13,0
D,DISPATCH,UNIT_SCADA,1,"2022/10/20 11:15:00",URANQ14,0
D,DISPATCH,UNIT_SCADA,1,"2022/10/20 11:15:00",VBBG1,0
D,DISPATCH,UNIT_SCADA,1,"2022/10/20 11:15:00",VBBL1,119.20
D,DISPATCH,UNIT_SCADA,1,"2022/10/20 11:15:00",VP5,500.210570
D,DISPATCH,UNIT_SCADA,1,"2022/10/20 11:15:00",VP6,499.868770
D,DISPATCH,UNIT_SCADA,1,"2022/10/20 11:15:00",VPGS1,0
D,DISPATCH,UNIT_SCADA,1,"2022/10/20 11:15:00",VPGS2,0
D,DISPATCH,UNIT_SCADA,1,"2022/10/20 11:15:00",VPGS3,0
D,DISPATCH,UNIT_SCADA,1,"2022/10/20 11:15:00",VPGS4,0
D,DISPATCH,UNIT_SCADA,1,"2022/10/20 11:15:00",VPGS5,0
D,DISPATCH,UNIT_SCADA,1,"2022/10/20 11:15:00",VPGS6,0
D,DISPATCH,UNIT_SCADA,1,"2022/10/20 11:15:00",W/HOE#1,0
D,DISPATCH,UNIT_SCADA,1,"2022/10/20 11:15:00",W/HOE#2,0
D,DISPATCH,UNIT_SCADA,1,"2022/10/20 11:15:00",WAGGNSF1,0
D,DISPATCH,UNIT_SCADA,1,"2022/10/20 11:15:00",WALGRVG1,0
D,DISPATCH,UNIT_SCADA,1,"2022/10/20 11:15:00",WALGRVL1,5.319520
D,DISPATCH,UNIT_SCADA,1,"2022/10/20 11:15:00",WANDBG1,0
D,DISPATCH,UNIT_SCADA,1,"2022/10/20 11:15:00",WANDBL1,50.009320
D,DISPATCH,UNIT_SCADA,1,"2022/10/20 11:15:00",WARWSF1,16
D,DISPATCH,UNIT_SCADA,1,"2022/10/20 11:15:00",WARWSF2,15.92
D,DISPATCH,UNIT_SCADA,1,"2022/10/20 11:15:00",WATERLWF,0
D,DISPATCH,UNIT_SCADA,1,"2022/10/20 11:15:00",WDGPH1,90.6650
D,DISPATCH,UNIT_SCADA,1,"2022/10/20 11:15:00",WELLSF1,84.281680
D,DISPATCH,UNIT_SCADA,1,"2022/10/20 11:15:00",WEMENSF1,12.40
D,DISPATCH,UNIT_SCADA,1,"2022/10/20 11:15:00",WGWF1,62.80
D,DISPATCH,UNIT_SCADA,1,"2022/10/20 11:15:00",WHITSF1,0
D,DISPATCH,UNIT_SCADA,1,"2022/10/20 11:15:00",WINTSF1,83.55
D,DISPATCH,UNIT_SCADA,1,"2022/10/20 11:15:00",WKIEWA1,31.90
D,DISPATCH,UNIT_SCADA,1,"2022/10/20 11:15:00",WKIEWA2,14
D,DISPATCH,UNIT_SCADA,1,"2022/10/20 11:15:00",WOODLWN1,11.685240
D,DISPATCH,UNIT_SCADA,1,"2022/10/20 11:15:00",WOOLGSF1,34.617340
D,DISPATCH,UNIT_SCADA,1,"2022/10/20 11:15:00",WPWF,9.71
D,DISPATCH,UNIT_SCADA,1,"2022/10/20 11:15:00",WRSF1,0.939970
D,DISPATCH,UNIT_SCADA,1,"2022/10/20 11:15:00",WRWF1,2.166780
D,DISPATCH,UNIT_SCADA,1,"2022/10/20 11:15:00",WSTWYSF1,0.2803
D,DISPATCH,UNIT_SCADA,1,"2022/10/20 11:15:00",YABULU,0
D,DISPATCH,UNIT_SCADA,1,"2022/10/20 11:15:00",YABULU2,0
D,DISPATCH,UNIT_SCADA,1,"2022/10/20 11:15:00",YARANSF1,51.01
D,DISPATCH,UNIT_SCADA,1,"2022/10/20 11:15:00",YARWUN_1,162.58
D,DISPATCH,UNIT_SCADA,1,"2022/10/20 11:15:00",YATSF1,31.03
D,DISPATCH,UNIT_SCADA,1,"2022/10/20 11:15:00",YENDWF1,59.91
D,DISPATCH,UNIT_SCADA,1,"2022/10/20 11:15:00",YWPS1,300.749360
D,DISPATCH,UNIT_SCADA,1,"2022/10/20 11:15:00",YWPS2,291.225310
D,DISPATCH,UNIT_SCADA,1,"2022/10/20 11:15:00",YWPS3,302.368350
D,DISPATCH,UNIT_SCADA,1,"2022/10/20 11:15:00",YWPS4,0
C,"END OF REPORT",419
