C,NEMP.WORLD,DISPATCHSCADA,AEMO,PUBLIC,2022/10/20,08:25:10,0000000373240468,DISPATCHSCADA,0000000373240462
I,DISPATCH,UNIT_SCADA,1,SETTLEMENTDATE,DUID,SCADAVALUE
D,DISPATCH,UNIT_SCADA,1,"2022/10/20 08:30:00",BARCSF1,7.80
D,DISPATCH,UNIT_SCADA,1,"2022/10/20 08:30:00",BUTLERSG,8.699999
D,DISPATCH,UNIT_SCADA,1,"2022/10/20 08:30:00",CAPTL_WF,66.387733
D,DISPATCH,UNIT_SCADA,1,"2022/10/20 08:30:00",CHALLHWF,4.80
D,DISPATCH,UNIT_SCADA,1,"2022/10/20 08:30:00",CLOVER,13.27
D,DISPATCH,UNIT_SCADA,1,"2022/10/20 08:30:00",CLUNY,6.267338
D,DISPATCH,UNIT_SCADA,1,"2022/10/20 08:30:00",CULLRGWF,-0.03
D,DISPATCH,UNIT_SCADA,1,"2022/10/20 08:30:00",DIAPURWF1,7.30
D,DISPATCH,UNIT_SCADA,1,"2022/10/20 08:30:00",ERGT01,0
D,DISPATCH,UNIT_SCADA,1,"2022/10/20 08:30:00",GB01,0
D,DISPATCH,UNIT_SCADA,1,"2022/10/20 08:30:00",GERMCRK,19.700001
D,DISPATCH,UNIT_SCADA,1,"2022/10/20 08:30:00",GRIFSF1,1.298543
D,DISPATCH,UNIT_SCADA,1,"2022/10/20 08:30:00",HEZ1,0
D,DISPATCH,UNIT_SCADA,1,"2022/10/20 08:30:00",HUGSF1,3.4330
D,DISPATCH,UNIT_SCADA,1,"2022/10/20 08:30:00",KEPBG1,0
D,DISPATCH,UNIT_SCADA,1,"2022/10/20 08:30:00",LRSF1,10.290001
D,DISPATCH,UNIT_SCADA,1,"2022/10/20 08:30:00",MBAHNTH,45.093750
D,DISPATCH,UNIT_SCADA,1,"2022/10/20 08:30:00",MLSP1,3.858001
D,DISPATCH,UNIT_SCADA,1,"2022/10/20 08:30:00",MLWF1,6.69
D,DISPATCH,UNIT_SCADA,1,"2022/10/20 08:30:00",PALOONA,29.969999
D,DISPATCH,UNIT_SCADA,1,"2022/10/20 08:30:00",PIONEER,39.100002
D,DISPATCH,UNIT_SCADA,1,"2022/10/20 08:30:00",PORTWF,55.200001
D,DISPATCH,UNIT_SCADA,1,"2022/10/20 08:30:00",REPULSE,9.397726
D,DISPATCH,UNIT_SCADA,1,"2022/10/20 08:30:00",ROWALLAN,8.8892
D,DISPATCH,UNIT_SCADA,1,"2022/10/20 08:30:00",ROYALLA1,12.700003
D,DISPATCH,UNIT_SCADA,1,"2022/10/20 08:30:00",RPCG,-1.80
D,DISPATCH,UNIT_SCADA,1,"2022/10/20 08:30:00",RUBICON,0
D,DISPATCH,UNIT_SCADA,1,"2022/10/20 08:30:00",WAUBRAWF,19.841999
D,DISPATCH,UNIT_SCADA,1,"2022/10/20 08:30:00",WOOLNTH1,1.84
D,DISPATCH,UNIT_SCADA,1,"2022/10/20 08:30:00",YAMBUKWF,7.10
D,DISPATCH,UNIT_SCADA,1,"2022/10/20 08:30:00",YSWF1,0.50
D,DISPATCH,UNIT_SCADA,1,"2022/10/20 08:30:00",ADPBA1G,0.0080
D,DISPATCH,UNIT_SCADA,1,"2022/10/20 08:30:00",ADPBA1L,0
D,DISPATCH,UNIT_SCADA,1,"2022/10/20 08:30:00",ADPPV1,0.0630
D,DISPATCH,UNIT_SCADA,1,"2022/10/20 08:30:00",AGLHAL,0
D,DISPATCH,UNIT_SCADA,1,"2022/10/20 08:30:00",AGLSOM,0
D,DISPATCH,UNIT_SCADA,1,"2022/10/20 08:30:00",ANGAST1,0
D,DISPATCH,UNIT_SCADA,1,"2022/10/20 08:30:00",ARWF1,9.90
D,DISPATCH,UNIT_SCADA,1,"2022/10/20 08:30:00",BALBG1,0
D,DISPATCH,UNIT_SCADA,1,"2022/10/20 08:30:00",BALBL1,0
D,DISPATCH,UNIT_SCADA,1,"2022/10/20 08:30:00",BALDHWF1,2.2520
D,DISPATCH,UNIT_SCADA,1,"2022/10/20 08:30:00",BANGOWF1,28.396430
D,DISPATCH,UNIT_SCADA,1,"2022/10/20 08:30:00",BANGOWF2,30.898830
D,DISPATCH,UNIT_SCADA,1,"2022/10/20 08:30:00",BANN1,13
D,DISPATCH,UNIT_SCADA,1,"2022/10/20 08:30:00",BARCALDN,0
D,DISPATCH,UNIT_SCADA,1,"2022/10/20 08:30:00",BARKIPS1,0
D,DISPATCH,UNIT_SCADA,1,"2022/10/20 08:30:00",BARRON-1,28.04
D,DISPATCH,UNIT_SCADA,1,"2022/10/20 08:30:00",BARRON-2,0
D,DISPATCH,UNIT_SCADA,1,"2022/10/20 08:30:00",BASTYAN,51.53
D,DISPATCH,UNIT_SCADA,1,"2022/10/20 08:30:00",BBTHREE1,0
D,DISPATCH,UNIT_SCADA,1,"2022/10/20 08:30:00",BBTHREE2,0
D,DISPATCH,UNIT_SCADA,1,"2022/10/20 08:30:00",BBTHREE3,-1.01
D,DISPATCH,UNIT_SCADA,1,"2022/10/20 08:30:00",BDL01,0
D,DISPATCH,UNIT_SCADA,1,"2022/10/20 08:30:00",BDL02,0
D,DISPATCH,UNIT_SCADA,1,"2022/10/20 08:30:00",BERYLSF1,7.151430
D,DISPATCH,UNIT_SCADA,1,"2022/10/20 08:30:00",BLOWERNG,62.50
D,DISPATCH,UNIT_SCADA,1,"2022/10/20 08:30:00",BLUEGSF1,23.2663
D,DISPATCH,UNIT_SCADA,1,"2022/10/20 08:30:00",BLUFF1,15.60
D,DISPATCH,UNIT_SCADA,1,"2022/10/20 08:30:00",BNGSF1,95.72
D,DISPATCH,UNIT_SCADA,1,"2022/10/20 08:30:00",BNGSF2,100.29
D,DISPATCH,UNIT_SCADA,1,"2022/10/20 08:30:00",BOCORWF1,0
D,DISPATCH,UNIT_SCADA,1,"2022/10/20 08:30:00",BODWF1,104.351830
D,DISPATCH,UNIT_SCADA,1,"2022/10/20 08:30:00",BOMENSF1,17.712060
D,DISPATCH,UNIT_SCADA,1,"2022/10/20 08:30:00",BOWWBA1G,0
D,DISPATCH,UNIT_SCADA,1,"2022/10/20 08:30:00",BOWWBA1L,0
D,DISPATCH,UNIT_SCADA,1,"2022/10/20 08:30:00",BOWWPV1,0.0010
D,DISPATCH,UNIT_SCADA,1,"2022/10/20 08:30:00",BRAEMAR1,0
D,DISPATCH,UNIT_SCADA,1,"2022/10/20 08:30:00",BRAEMAR2,0
D,DISPATCH,UNIT_SCADA,1,"2022/10/20 08:30:00",BRAEMAR3,0
D,DISPATCH,UNIT_SCADA,1,"2022/10/20 08:30:00",BRAEMAR5,0.292060
D,DISPATCH,UNIT_SCADA,1,"2022/10/20 08:30:00",BRAEMAR6,0
D,DISPATCH,UNIT_SCADA,1,"2022/10/20 08:30:00",BRAEMAR7,0.130920
D,DISPATCH,UNIT_SCADA,1,"2022/10/20 08:30:00",BROKENH1,5.699910
D,DISPATCH,UNIT_SCADA,1,"2022/10/20 08:30:00",BRYB1WF1,123.564510
D,DISPATCH,UNIT_SCADA,1,"2022/10/20 08:30:00",BULBESG1,0.63
D,DISPATCH,UNIT_SCADA,1,"2022/10/20 08:30:00",BULBESL1,0
D,DISPATCH,UNIT_SCADA,1,"2022/10/20 08:30:00",BULGANA1,12.32
D,DISPATCH,UNIT_SCADA,1,"2022/10/20 08:30:00",BW01,659.226380
D,DISPATCH,UNIT_SCADA,1,"2022/10/20 08:30:00",BW02,620.871280
D,DISPATCH,UNIT_SCADA,1,"2022/10/20 08:30:00",BW03,555.782410
D,DISPATCH,UNIT_SCADA,1,"2022/10/20 08:30:00",BW04,0
D,DISPATCH,UNIT_SCADA,1,"2022/10/20 08:30:00",CALL_B_1,322.800020
D,DISPATCH,UNIT_SCADA,1,"2022/10/20 08:30:00",CALL_B_2,321.200010
D,DISPATCH,UNIT_SCADA,1,"2022/10/20 08:30:00",CATHROCK,0
D,DISPATCH,UNIT_SCADA,1,"2022/10/20 08:30:00",CBWWBA1G,0
D,DISPATCH,UNIT_SCADA,1,"2022/10/20 08:30:00",CBWWBA1L,0
D,DISPATCH,UNIT_SCADA,1,"2022/10/20 08:30:00",CETHANA,97.346250
D,DISPATCH,UNIT_SCADA,1,"2022/10/20 08:30:00",CG1,0
D,DISPATCH,UNIT_SCADA,1,"2022/10/20 08:30:00",CG2,0
D,DISPATCH,UNIT_SCADA,1,"2022/10/20 08:30:00",CG3,0
D,DISPATCH,UNIT_SCADA,1,"2022/10/20 08:30:00",CG4,0
D,DISPATCH,UNIT_SCADA,1,"2022/10/20 08:30:00",CHILDSF1,5.79
D,DISPATCH,UNIT_SCADA,1,"2022/10/20 08:30:00",CHYTWF1,0.97
D,DISPATCH,UNIT_SCADA,1,"2022/10/20 08:30:00",CLARESF1,82.726910
D,DISPATCH,UNIT_SCADA,1,"2022/10/20 08:30:00",CLEMGPWF,9.8688
D,DISPATCH,UNIT_SCADA,1,"2022/10/20 08:30:00",CLERMSF1,6.63
D,DISPATCH,UNIT_SCADA,1,"2022/10/20 08:30:00",CNUNDAWF,0.200230
D,DISPATCH,UNIT_SCADA,1,"2022/10/20 08:30:00",COHUNSF1,3.03
D,DISPATCH,UNIT_SCADA,1,"2022/10/20 08:30:00",COLEASF1,28.396660
D,DISPATCH,UNIT_SCADA,1,"2022/10/20 08:30:00",COLUMSF1,13.5870
D,DISPATCH,UNIT_SCADA,1,"2022/10/20 08:30:00",COLWF01,125.140760
D,DISPATCH,UNIT_SCADA,1,"2022/10/20 08:30:00",COOPGWF1,343.420010
D,DISPATCH,UNIT_SCADA,1,"2022/10/20 08:30:00",CPP_3,362.450010
D,DISPATCH,UNIT_SCADA,1,"2022/10/20 08:30:00",CPP_4,0
D,DISPATCH,UNIT_SCADA,1,"2022/10/20 08:30:00",CPSA,0
D,DISPATCH,UNIT_SCADA,1,"2022/10/20 08:30:00",CROOKWF2,37.564660
D,DISPATCH,UNIT_SCADA,1,"2022/10/20 08:30:00",CROWLWF1,29.885440
D,DISPATCH,UNIT_SCADA,1,"2022/10/20 08:30:00",CRURWF1,58.5996
D,DISPATCH,UNIT_SCADA,1,"2022/10/20 08:30:00",CRWASF1,26.969090
D,DISPATCH,UNIT_SCADA,1,"2022/10/20 08:30:00",CSPVPS1,27.7620
D,DISPATCH,UNIT_SCADA,1,"2022/10/20 08:30:00",CTHLWF1,0.003050
D,DISPATCH,UNIT_SCADA,1,"2022/10/20 08:30:00",DALNTH01,0
D,DISPATCH,UNIT_SCADA,1,"2022/10/20 08:30:00",DALNTHL1,0.071720
D,DISPATCH,UNIT_SCADA,1,"2022/10/20 08:30:00",DARLSF1,54.111970
D,DISPATCH,UNIT_SCADA,1,"2022/10/20 08:30:00",DARTM1,0
D,DISPATCH,UNIT_SCADA,1,"2022/10/20 08:30:00",DAYDSF1,83.8120
D,DISPATCH,UNIT_SCADA,1,"2022/10/20 08:30:00",DDPS1,0
D,DISPATCH,UNIT_SCADA,1,"2022/10/20 08:30:00",DDSF1,18.844670
D,DISPATCH,UNIT_SCADA,1,"2022/10/20 08:30:00",DEVILS_G,58.431960
D,DISPATCH,UNIT_SCADA,1,"2022/10/20 08:30:00",DG_NSW1,0
D,DISPATCH,UNIT_SCADA,1,"2022/10/20 08:30:00",DG_QLD1,0
D,DISPATCH,UNIT_SCADA,1,"2022/10/20 08:30:00",DG_SA1,0
D,DISPATCH,UNIT_SCADA,1,"2022/10/20 08:30:00",DG_TAS1,0
D,DISPATCH,UNIT_SCADA,1,"2022/10/20 08:30:00",DG_VIC1,0
D,DISPATCH,UNIT_SCADA,1,"2022/10/20 08:30:00",DRYCGT1,0
D,DISPATCH,UNIT_SCADA,1,"2022/10/20 08:30:00",DRYCGT2,0
D,DISPATCH,UNIT_SCADA,1,"2022/10/20 08:30:00",DRYCGT3,0
D,DISPATCH,UNIT_SCADA,1,"2022/10/20 08:30:00",DUNDWF1,66.18
D,DISPATCH,UNIT_SCADA,1,"2022/10/20 08:30:00",DUNDWF2,19.50
D,DISPATCH,UNIT_SCADA,1,"2022/10/20 08:30:00",DUNDWF3,69.13
D,DISPATCH,UNIT_SCADA,1,"2022/10/20 08:30:00",EILDON1,59.76
D,DISPATCH,UNIT_SCADA,1,"2022/10/20 08:30:00",EILDON2,59.96
D,DISPATCH,UNIT_SCADA,1,"2022/10/20 08:30:00",ELAINWF1,13.45
D,DISPATCH,UNIT_SCADA,1,"2022/10/20 08:30:00",EMERASF1,0
D,DISPATCH,UNIT_SCADA,1,"2022/10/20 08:30:00",ER01,0
D,DISPATCH,UNIT_SCADA,1,"2022/10/20 08:30:00",ER02,552.486450
D,DISPATCH,UNIT_SCADA,1,"2022/10/20 08:30:00",ER03,551.949340
D,DISPATCH,UNIT_SCADA,1,"2022/10/20 08:30:00",ER04,553.829220
D,DISPATCH,UNIT_SCADA,1,"2022/10/20 08:30:00",FINLYSF1,103.868160
D,DISPATCH,UNIT_SCADA,1,"2022/10/20 08:30:00",FISHER,44.02
D,DISPATCH,UNIT_SCADA,1,"2022/10/20 08:30:00",GANGARR1,21.4710
D,DISPATCH,UNIT_SCADA,1,"2022/10/20 08:30:00",GANNBG1,0.284140
D,DISPATCH,UNIT_SCADA,1,"2022/10/20 08:30:00",GANNBL1,0
D,DISPATCH,UNIT_SCADA,1,"2022/10/20 08:30:00",GANNSF1,26.20
D,DISPATCH,UNIT_SCADA,1,"2022/10/20 08:30:00",GLRWNSF1,110.02
D,DISPATCH,UNIT_SCADA,1,"2022/10/20 08:30:00",GNNDHSF1,34.374680
D,DISPATCH,UNIT_SCADA,1,"2022/10/20 08:30:00",GOONSF1,32.013430
D,DISPATCH,UNIT_SCADA,1,"2022/10/20 08:30:00",GORDON,237.588560
D,DISPATCH,UNIT_SCADA,1,"2022/10/20 08:30:00",GRANWF1,0.55
D,DISPATCH,UNIT_SCADA,1,"2022/10/20 08:30:00",GSTONE1,183.5750
D,DISPATCH,UNIT_SCADA,1,"2022/10/20 08:30:00",GSTONE2,0
D,DISPATCH,UNIT_SCADA,1,"2022/10/20 08:30:00",GSTONE3,172.55
D,DISPATCH,UNIT_SCADA,1,"2022/10/20 08:30:00",GSTONE4,0
D,DISPATCH,UNIT_SCADA,1,"2022/10/20 08:30:00",GSTONE5,180.25
D,DISPATCH,UNIT_SCADA,1,"2022/10/20 08:30:00",GSTONE6,179.3750
D,DISPATCH,UNIT_SCADA,1,"2022/10/20 08:30:00",GULLRSF1,0.734990
D,DISPATCH,UNIT_SCADA,1,"2022/10/20 08:30:00",GULLRWF1,64.484020
D,DISPATCH,UNIT_SCADA,1,"2022/10/20 08:30:00",GULLRWF2,91.769470
D,DISPATCH,UNIT_SCADA,1,"2022/10/20 08:30:00",GUNNING1,0
D,DISPATCH,UNIT_SCADA,1,"2022/10/20 08:30:00",GUTHEGA,68.100010
D,DISPATCH,UNIT_SCADA,1,"2022/10/20 08:30:00",HALLWF1,50.45
D,DISPATCH,UNIT_SCADA,1,"2022/10/20 08:30:00",HALLWF2,53.99
D,DISPATCH,UNIT_SCADA,1,"2022/10/20 08:30:00",HAMISF1,47.60
D,DISPATCH,UNIT_SCADA,1,"2022/10/20 08:30:00",HAUGHT11,16.611840
D,DISPATCH,UNIT_SCADA,1,"2022/10/20 08:30:00",HAYMSF1,41.7790
D,DISPATCH,UNIT_SCADA,1,"2022/10/20 08:30:00",HDWF1,67.60
D,DISPATCH,UNIT_SCADA,1,"2022/10/20 08:30:00",HDWF2,38.90
D,DISPATCH,UNIT_SCADA,1,"2022/10/20 08:30:00",HDWF3,57.60
D,DISPATCH,UNIT_SCADA,1,"2022/10/20 08:30:00",HILLSTN1,11.542530
D,DISPATCH,UNIT_SCADA,1,"2022/10/20 08:30:00",HPRG1,2
D,DISPATCH,UNIT_SCADA,1,"2022/10/20 08:30:00",HPRL1,0
D,DISPATCH,UNIT_SCADA,1,"2022/10/20 08:30:00",HUMENSW,54.988950
D,DISPATCH,UNIT_SCADA,1,"2022/10/20 08:30:00",HUMEV,0
D,DISPATCH,UNIT_SCADA,1,"2022/10/20 08:30:00",HVWWBA1G,0
D,DISPATCH,UNIT_SCADA,1,"2022/10/20 08:30:00",HVWWBA1L,0.0060
D,DISPATCH,UNIT_SCADA,1,"2022/10/20 08:30:00",HVWWPV1,0.0790
D,DISPATCH,UNIT_SCADA,1,"2022/10/20 08:30:00",JBUTTERS,0
D,DISPATCH,UNIT_SCADA,1,"2022/10/20 08:30:00",JEMALNG1,7.37
D,DISPATCH,UNIT_SCADA,1,"2022/10/20 08:30:00",JLA01,0
D,DISPATCH,UNIT_SCADA,1,"2022/10/20 08:30:00",JLA02,0
D,DISPATCH,UNIT_SCADA,1,"2022/10/20 08:30:00",JLA03,0
D,DISPATCH,UNIT_SCADA,1,"2022/10/20 08:30:00",JLA04,0
D,DISPATCH,UNIT_SCADA,1,"2022/10/20 08:30:00",JLB01,0
D,DISPATCH,UNIT_SCADA,1,"2022/10/20 08:30:00",JLB02,0.10
D,DISPATCH,UNIT_SCADA,1,"2022/10/20 08:30:00",JLB03,0
D,DISPATCH,UNIT_SCADA,1,"2022/10/20 08:30:00",JUNEESF1,3.111550
D,DISPATCH,UNIT_SCADA,1,"2022/10/20 08:30:00",KABANWF1,0.3220
D,DISPATCH,UNIT_SCADA,1,"2022/10/20 08:30:00",KAREEYA1,0
D,DISPATCH,UNIT_SCADA,1,"2022/10/20 08:30:00",KAREEYA2,0
D,DISPATCH,UNIT_SCADA,1,"2022/10/20 08:30:00",KAREEYA3,5.0475
D,DISPATCH,UNIT_SCADA,1,"2022/10/20 08:30:00",KAREEYA4,0
D,DISPATCH,UNIT_SCADA,1,"2022/10/20 08:30:00",KARSF1,12.90
D,DISPATCH,UNIT_SCADA,1,"2022/10/20 08:30:00",KEPSF1,12.34
D,DISPATCH,UNIT_SCADA,1,"2022/10/20 08:30:00",KEPWF1,0
D,DISPATCH,UNIT_SCADA,1,"2022/10/20 08:30:00",KIAMSF1,7.015340
D,DISPATCH,UNIT_SCADA,1,"2022/10/20 08:30:00",KIATAWF1,17.30
D,DISPATCH,UNIT_SCADA,1,"2022/10/20 08:30:00",KPP_1,0
D,DISPATCH,UNIT_SCADA,1,"2022/10/20 08:30:00",KSP1,17.23
D,DISPATCH,UNIT_SCADA,1,"2022/10/20 08:30:00",LADBROK1,0.02
D,DISPATCH,UNIT_SCADA,1,"2022/10/20 08:30:00",LADBROK2,8.44
D,DISPATCH,UNIT_SCADA,1,"2022/10/20 08:30:00",LBBG1,0
D,DISPATCH,UNIT_SCADA,1,"2022/10/20 08:30:00",LBBL1,10.80
D,DISPATCH,UNIT_SCADA,1,"2022/10/20 08:30:00",LD01,322.989590
D,DISPATCH,UNIT_SCADA,1,"2022/10/20 08:30:00",LD02,0
D,DISPATCH,UNIT_SCADA,1,"2022/10/20 08:30:00",LD04,321.634580
D,DISPATCH,UNIT_SCADA,1,"2022/10/20 08:30:00",LEM_WIL,86.959660
D,DISPATCH,UNIT_SCADA,1,"2022/10/20 08:30:00",LGAPWF1,20.06
D,DISPATCH,UNIT_SCADA,1,"2022/10/20 08:30:00",LGAPWF2,14.96
D,DISPATCH,UNIT_SCADA,1,"2022/10/20 08:30:00",LILYSF1,0
D,DISPATCH,UNIT_SCADA,1,"2022/10/20 08:30:00",LIMOSF11,25.031360
D,DISPATCH,UNIT_SCADA,1,"2022/10/20 08:30:00",LIMOSF21,5.512810
D,DISPATCH,UNIT_SCADA,1,"2022/10/20 08:30:00",LI_WY_CA,77.316840
D,DISPATCH,UNIT_SCADA,1,"2022/10/20 08:30:00",LKBONNY1,0
D,DISPATCH,UNIT_SCADA,1,"2022/10/20 08:30:00",LKBONNY2,0.075550
D,DISPATCH,UNIT_SCADA,1,"2022/10/20 08:30:00",LKBONNY3,0
D,DISPATCH,UNIT_SCADA,1,"2022/10/20 08:30:00",LK_ECHO,0
D,DISPATCH,UNIT_SCADA,1,"2022/10/20 08:30:00",LNGS1,0
D,DISPATCH,UNIT_SCADA,1,"2022/10/20 08:30:00",LNGS2,0
D,DISPATCH,UNIT_SCADA,1,"2022/10/20 08:30:00",LONSDALE,0
D,DISPATCH,UNIT_SCADA,1,"2022/10/20 08:30:00",LOYYB1,552.254460
D,DISPATCH,UNIT_SCADA,1,"2022/10/20 08:30:00",LOYYB2,553.382260
D,DISPATCH,UNIT_SCADA,1,"2022/10/20 08:30:00",LYA1,526
D,DISPATCH,UNIT_SCADA,1,"2022/10/20 08:30:00",LYA2,0
D,DISPATCH,UNIT_SCADA,1,"2022/10/20 08:30:00",LYA3,528
D,DISPATCH,UNIT_SCADA,1,"2022/10/20 08:30:00",LYA4,527
D,DISPATCH,UNIT_SCADA,1,"2022/10/20 08:30:00",MACARTH1,27.199370
D,DISPATCH,UNIT_SCADA,1,"2022/10/20 08:30:00",MACKNTSH,0
D,DISPATCH,UNIT_SCADA,1,"2022/10/20 08:30:00",MANSLR1,5.0820
D,DISPATCH,UNIT_SCADA,1,"2022/10/20 08:30:00",MAPS2PV1,0
D,DISPATCH,UNIT_SCADA,1,"2022/10/20 08:30:00",MAPS3PV1,0
D,DISPATCH,UNIT_SCADA,1,"2022/10/20 08:30:00",MARYRSF1,8.35
D,DISPATCH,UNIT_SCADA,1,"2022/10/20 08:30:00",MBPS2PV1,0
D,DISPATCH,UNIT_SCADA,1,"2022/10/20 08:30:00",MCKAY1,0.02
D,DISPATCH,UNIT_SCADA,1,"2022/10/20 08:30:00",MEADOWBK,19.891680
D,DISPATCH,UNIT_SCADA,1,"2022/10/20 08:30:00",MERCER01,22.40
D,DISPATCH,UNIT_SCADA,1,"2022/10/20 08:30:00",METZSF1,18.917490
D,DISPATCH,UNIT_SCADA,1,"2022/10/20 08:30:00",MEWF1,0
D,DISPATCH,UNIT_SCADA,1,"2022/10/20 08:30:00",MIDDLSF1,5.39
D,DISPATCH,UNIT_SCADA,1,"2022/10/20 08:30:00",MINTARO,0.128180
D,DISPATCH,UNIT_SCADA,1,"2022/10/20 08:30:00",MOLNGSF1,4.156560
D,DISPATCH,UNIT_SCADA,1,"2022/10/20 08:30:00",MOORAWF1,23.48
D,DISPATCH,UNIT_SCADA,1,"2022/10/20 08:30:00",MOREESF1,1.59
D,DISPATCH,UNIT_SCADA,1,"2022/10/20 08:30:00",MORTLK11,0
D,DISPATCH,UNIT_SCADA,1,"2022/10/20 08:30:00",MORTLK12,0
D,DISPATCH,UNIT_SCADA,1,"2022/10/20 08:30:00",MOUSF1,0
D,DISPATCH,UNIT_SCADA,1,"2022/10/20 08:30:00",MP1,0
D,DISPATCH,UNIT_SCADA,1,"2022/10/20 08:30:00",MP2,354.485380
D,DISPATCH,UNIT_SCADA,1,"2022/10/20 08:30:00",MPP_1,178.152330
D,DISPATCH,UNIT_SCADA,1,"2022/10/20 08:30:00",MPP_2,77.456210
D,DISPATCH,UNIT_SCADA,1,"2022/10/20 08:30:00",MRTLSWF1,0
D,DISPATCH,UNIT_SCADA,1,"2022/10/20 08:30:00",MSTUART1,0
D,DISPATCH,UNIT_SCADA,1,"2022/10/20 08:30:00",MSTUART2,0
D,DISPATCH,UNIT_SCADA,1,"2022/10/20 08:30:00",MSTUART3,0
D,DISPATCH,UNIT_SCADA,1,"2022/10/20 08:30:00",MTGELWF1,45.120090
D,DISPATCH,UNIT_SCADA,1,"2022/10/20 08:30:00",MTMILLAR,1.40
D,DISPATCH,UNIT_SCADA,1,"2022/10/20 08:30:00",MURRAY,0
D,DISPATCH,UNIT_SCADA,1,"2022/10/20 08:30:00",MUSSELR1,91.50
D,DISPATCH,UNIT_SCADA,1,"2022/10/20 08:30:00",MUWAWF1,104.89
D,DISPATCH,UNIT_SCADA,1,"2022/10/20 08:30:00",MUWAWF2,85.80
D,DISPATCH,UNIT_SCADA,1,"2022/10/20 08:30:00",MWPS1PV1,0.13
D,DISPATCH,UNIT_SCADA,1,"2022/10/20 08:30:00",MWPS2PV1,0.03
D,DISPATCH,UNIT_SCADA,1,"2022/10/20 08:30:00",MWPS3PV1,0.31
D,DISPATCH,UNIT_SCADA,1,"2022/10/20 08:30:00",MWPS4PV1,0.01
D,DISPATCH,UNIT_SCADA,1,"2022/10/20 08:30:00",NBHWF1,79.70
D,DISPATCH,UNIT_SCADA,1,"2022/10/20 08:30:00",NEVERSF1,3.39
D,DISPATCH,UNIT_SCADA,1,"2022/10/20 08:30:00",NPS,0
D,DISPATCH,UNIT_SCADA,1,"2022/10/20 08:30:00",NUMURSF1,92.32
D,DISPATCH,UNIT_SCADA,1,"2022/10/20 08:30:00",NYNGAN1,13
D,DISPATCH,UNIT_SCADA,1,"2022/10/20 08:30:00",OAKEY1,0
D,DISPATCH,UNIT_SCADA,1,"2022/10/20 08:30:00",OAKEY1SF,10.06
D,DISPATCH,UNIT_SCADA,1,"2022/10/20 08:30:00",OAKEY2,0
D,DISPATCH,UNIT_SCADA,1,"2022/10/20 08:30:00",OAKEY2SF,18.48
D,DISPATCH,UNIT_SCADA,1,"2022/10/20 08:30:00",OAKLAND1,5.10
D,DISPATCH,UNIT_SCADA,1,"2022/10/20 08:30:00",OSB-AG,0
D,DISPATCH,UNIT_SCADA,1,"2022/10/20 08:30:00",PAREPS1,0.0660
D,DISPATCH,UNIT_SCADA,1,"2022/10/20 08:30:00",PAREPW1,99.759990
D,DISPATCH,UNIT_SCADA,1,"2022/10/20 08:30:00",PARSF1,20.100710
D,DISPATCH,UNIT_SCADA,1,"2022/10/20 08:30:00",POAT110,0
D,DISPATCH,UNIT_SCADA,1,"2022/10/20 08:30:00",POAT220,0
D,DISPATCH,UNIT_SCADA,1,"2022/10/20 08:30:00",POR01,0
D,DISPATCH,UNIT_SCADA,1,"2022/10/20 08:30:00",POR03,0
D,DISPATCH,UNIT_SCADA,1,"2022/10/20 08:30:00",PPCCGT,177.578750
D,DISPATCH,UNIT_SCADA,1,"2022/10/20 08:30:00",PTSTAN1,0
D,DISPATCH,UNIT_SCADA,1,"2022/10/20 08:30:00",PUMP1,0
D,DISPATCH,UNIT_SCADA,1,"2022/10/20 08:30:00",PUMP2,0
D,DISPATCH,UNIT_SCADA,1,"2022/10/20 08:30:00",QBYNBG1,0
D,DISPATCH,UNIT_SCADA,1,"2022/10/20 08:30:00",QBYNBL1,0.0045
D,DISPATCH,UNIT_SCADA,1,"2022/10/20 08:30:00",QPS1,0
D,DISPATCH,UNIT_SCADA,1,"2022/10/20 08:30:00",QPS2,0
D,DISPATCH,UNIT_SCADA,1,"2022/10/20 08:30:00",QPS3,0
D,DISPATCH,UNIT_SCADA,1,"2022/10/20 08:30:00",QPS4,0
D,DISPATCH,UNIT_SCADA,1,"2022/10/20 08:30:00",QPS5,79.39
D,DISPATCH,UNIT_SCADA,1,"2022/10/20 08:30:00",REECE1,47.477770
D,DISPATCH,UNIT_SCADA,1,"2022/10/20 08:30:00",REECE2,0
D,DISPATCH,UNIT_SCADA,1,"2022/10/20 08:30:00",ROMA_7,0
D,DISPATCH,UNIT_SCADA,1,"2022/10/20 08:30:00",ROMA_8,0
D,DISPATCH,UNIT_SCADA,1,"2022/10/20 08:30:00",RRSF1,89.549660
D,DISPATCH,UNIT_SCADA,1,"2022/10/20 08:30:00",RT_NSW1,0
D,DISPATCH,UNIT_SCADA,1,"2022/10/20 08:30:00",RT_NSW2,0
D,DISPATCH,UNIT_SCADA,1,"2022/10/20 08:30:00",RT_NSW3,0
D,DISPATCH,UNIT_SCADA,1,"2022/10/20 08:30:00",RT_NSW4,0
D,DISPATCH,UNIT_SCADA,1,"2022/10/20 08:30:00",RT_NSW5,0
D,DISPATCH,UNIT_SCADA,1,"2022/10/20 08:30:00",RT_NSW6,0
D,DISPATCH,UNIT_SCADA,1,"2022/10/20 08:30:00",RT_QLD1,0
D,DISPATCH,UNIT_SCADA,1,"2022/10/20 08:30:00",RT_SA1,0
D,DISPATCH,UNIT_SCADA,1,"2022/10/20 08:30:00",RT_SA2,0
D,DISPATCH,UNIT_SCADA,1,"2022/10/20 08:30:00",RT_SA3,0
D,DISPATCH,UNIT_SCADA,1,"2022/10/20 08:30:00",RT_SA4,0
D,DISPATCH,UNIT_SCADA,1,"2022/10/20 08:30:00",RT_SA5,0
D,DISPATCH,UNIT_SCADA,1,"2022/10/20 08:30:00",RT_SA6,0
D,DISPATCH,UNIT_SCADA,1,"2022/10/20 08:30:00",RT_TAS1,0
D,DISPATCH,UNIT_SCADA,1,"2022/10/20 08:30:00",RT_VIC1,0
D,DISPATCH,UNIT_SCADA,1,"2022/10/20 08:30:00",RT_VIC10,0
D,DISPATCH,UNIT_SCADA,1,"2022/10/20 08:30:00",RT_VIC11,0
D,DISPATCH,UNIT_SCADA,1,"2022/10/20 08:30:00",RT_VIC12,0
D,DISPATCH,UNIT_SCADA,1,"2022/10/20 08:30:00",RT_VIC2,0
D,DISPATCH,UNIT_SCADA,1,"2022/10/20 08:30:00",RT_VIC3,0
D,DISPATCH,UNIT_SCADA,1,"2022/10/20 08:30:00",RT_VIC4,0
D,DISPATCH,UNIT_SCADA,1,"2022/10/20 08:30:00",RT_VIC5,0
D,DISPATCH,UNIT_SCADA,1,"2022/10/20 08:30:00",RT_VIC6,0
D,DISPATCH,UNIT_SCADA,1,"2022/10/20 08:30:00",RT_VIC7,0
D,DISPATCH,UNIT_SCADA,1,"2022/10/20 08:30:00",RT_VIC8,0
D,DISPATCH,UNIT_SCADA,1,"2022/10/20 08:30:00",RT_VIC9,0
D,DISPATCH,UNIT_SCADA,1,"2022/10/20 08:30:00",RUGBYR1,3.038460
D,DISPATCH,UNIT_SCADA,1,"2022/10/20 08:30:00",SALTCRK1,37.42
D,DISPATCH,UNIT_SCADA,1,"2022/10/20 08:30:00",SAPHWF1,237.074840
D,DISPATCH,UNIT_SCADA,1,"2022/10/20 08:30:00",SEBSF1,31.8462
D,DISPATCH,UNIT_SCADA,1,"2022/10/20 08:30:00",SHGEN,0
D,DISPATCH,UNIT_SCADA,1,"2022/10/20 08:30:00",SHPUMP,0
D,DISPATCH,UNIT_SCADA,1,"2022/10/20 08:30:00",SITHE01,0.1840
D,DISPATCH,UNIT_SCADA,1,"2022/10/20 08:30:00",SMCSF1,63.8240
D,DISPATCH,UNIT_SCADA,1,"2022/10/20 08:30:00",SNAPPER1,0
D,DISPATCH,UNIT_SCADA,1,"2022/10/20 08:30:00",SNOWNTH1,122.90
D,DISPATCH,UNIT_SCADA,1,"2022/10/20 08:30:00",SNOWSTH1,100.70
D,DISPATCH,UNIT_SCADA,1,"2022/10/20 08:30:00",SNOWTWN1,0
D,DISPATCH,UNIT_SCADA,1,"2022/10/20 08:30:00",SNOWYP,0
D,DISPATCH,UNIT_SCADA,1,"2022/10/20 08:30:00",SNUG1,0
D,DISPATCH,UNIT_SCADA,1,"2022/10/20 08:30:00",SRSF1,5.74
D,DISPATCH,UNIT_SCADA,1,"2022/10/20 08:30:00",STAN-1,285.106320
D,DISPATCH,UNIT_SCADA,1,"2022/10/20 08:30:00",STAN-2,366.204560
D,DISPATCH,UNIT_SCADA,1,"2022/10/20 08:30:00",STAN-3,155.825990
D,DISPATCH,UNIT_SCADA,1,"2022/10/20 08:30:00",STAN-4,364.563870
D,DISPATCH,UNIT_SCADA,1,"2022/10/20 08:30:00",STARHLWF,0.01
D,DISPATCH,UNIT_SCADA,1,"2022/10/20 08:30:00",STOCKYD1,79.66
D,DISPATCH,UNIT_SCADA,1,"2022/10/20 08:30:00",STWF1,17.012590
D,DISPATCH,UNIT_SCADA,1,"2022/10/20 08:30:00",SUNRSF1,12.227050
D,DISPATCH,UNIT_SCADA,1,"2022/10/20 08:30:00",SUNTPSF1,63.135120
D,DISPATCH,UNIT_SCADA,1,"2022/10/20 08:30:00",SWAN_E,195.006870
D,DISPATCH,UNIT_SCADA,1,"2022/10/20 08:30:00",TALWA1,0
D,DISPATCH,UNIT_SCADA,1,"2022/10/20 08:30:00",TARALGA1,0
D,DISPATCH,UNIT_SCADA,1,"2022/10/20 08:30:00",TARONG#1,349.700010
D,DISPATCH,UNIT_SCADA,1,"2022/10/20 08:30:00",TARONG#2,348.899990
D,DISPATCH,UNIT_SCADA,1,"2022/10/20 08:30:00",TARONG#3,0.90
D,DISPATCH,UNIT_SCADA,1,"2022/10/20 08:30:00",TARONG#4,295
D,DISPATCH,UNIT_SCADA,1,"2022/10/20 08:30:00",TARRALEA,53.90
D,DISPATCH,UNIT_SCADA,1,"2022/10/20 08:30:00",TBSF1,16.50
D,DISPATCH,UNIT_SCADA,1,"2022/10/20 08:30:00",TNPS1,442.75
D,DISPATCH,UNIT_SCADA,1,"2022/10/20 08:30:00",TORRB1,0
D,DISPATCH,UNIT_SCADA,1,"2022/10/20 08:30:00",TORRB2,43
D,DISPATCH,UNIT_SCADA,1,"2022/10/20 08:30:00",TORRB3,0
D,DISPATCH,UNIT_SCADA,1,"2022/10/20 08:30:00",TORRB4,0
D,DISPATCH,UNIT_SCADA,1,"2022/10/20 08:30:00",TREVALLN,98.152040
D,DISPATCH,UNIT_SCADA,1,"2022/10/20 08:30:00",TRIBUTE,0
D,DISPATCH,UNIT_SCADA,1,"2022/10/20 08:30:00",TUMUT3,0
D,DISPATCH,UNIT_SCADA,1,"2022/10/20 08:30:00",TUNGATIN,6.220020
D,DISPATCH,UNIT_SCADA,1,"2022/10/20 08:30:00",TVCC201,0
D,DISPATCH,UNIT_SCADA,1,"2022/10/20 08:30:00",TVPP104,39.990190
D,DISPATCH,UNIT_SCADA,1,"2022/10/20 08:30:00",UPPTUMUT,0
D,DISPATCH,UNIT_SCADA,1,"2022/10/20 08:30:00",URANQ11,0
D,DISPATCH,UNIT_SCADA,1,"2022/10/20 08:30:00",URANQ12,0
D,DISPATCH,UNIT_SCADA,1,"2022/10/20 08:30:00",URANQ13,0
D,DISPATCH,UNIT_SCADA,1,"2022/10/20 08:30:00",URANQ14,0
D,DISPATCH,UNIT_SCADA,1,"2022/10/20 08:30:00",VBBG1,0
D,DISPATCH,UNIT_SCADA,1,"2022/10/20 08:30:00",VBBL1,25.30
D,DISPATCH,UNIT_SCADA,1,"2022/10/20 08:30:00",VP5,501.797550
D,DISPATCH,UNIT_SCADA,1,"2022/10/20 08:30:00",VP6,448.573270
D,DISPATCH,UNIT_SCADA,1,"2022/10/20 08:30:00",VPGS1,0
D,DISPATCH,UNIT_SCADA,1,"2022/10/20 08:30:00",VPGS2,0
D,DISPATCH,UNIT_SCADA,1,"2022/10/20 08:30:00",VPGS3,0
D,DISPATCH,UNIT_SCADA,1,"2022/10/20 08:30:00",VPGS4,0
D,DISPATCH,UNIT_SCADA,1,"2022/10/20 08:30:00",VPGS5,0
D,DISPATCH,UNIT_SCADA,1,"2022/10/20 08:30:00",VPGS6,0
D,DISPATCH,UNIT_SCADA,1,"2022/10/20 08:30:00",W/HOE#1,0
D,DISPATCH,UNIT_SCADA,1,"2022/10/20 08:30:00",W/HOE#2,0
D,DISPATCH,UNIT_SCADA,1,"2022/10/20 08:30:00",WAGGNSF1,0
D,DISPATCH,UNIT_SCADA,1,"2022/10/20 08:30:00",WALGRVG1,0
D,DISPATCH,UNIT_SCADA,1,"2022/10/20 08:30:00",WALGRVL1,0.756740
D,DISPATCH,UNIT_SCADA,1,"2022/10/20 08:30:00",WANDBG1,1.089510
D,DISPATCH,UNIT_SCADA,1,"2022/10/20 08:30:00",WANDBL1,0
D,DISPATCH,UNIT_SCADA,1,"2022/10/20 08:30:00",WARWSF1,9.04
D,DISPATCH,UNIT_SCADA,1,"2022/10/20 08:30:00",WARWSF2,8.95
D,DISPATCH,UNIT_SCADA,1,"2022/10/20 08:30:00",WATERLWF,23.50
D,DISPATCH,UNIT_SCADA,1,"2022/10/20 08:30:00",WDGPH1,23.9980
D,DISPATCH,UNIT_SCADA,1,"2022/10/20 08:30:00",WELLSF1,20.0473
D,DISPATCH,UNIT_SCADA,1,"2022/10/20 08:30:00",WEMENSF1,31.90
D,DISPATCH,UNIT_SCADA,1,"2022/10/20 08:30:00",WGWF1,110.80
D,DISPATCH,UNIT_SCADA,1,"2022/10/20 08:30:00",WHITSF1,42.70
D,DISPATCH,UNIT_SCADA,1,"2022/10/20 08:30:00",WINTSF1,83.94
D,DISPATCH,UNIT_SCADA,1,"2022/10/20 08:30:00",WKIEWA1,34.20
D,DISPATCH,UNIT_SCADA,1,"2022/10/20 08:30:00",WKIEWA2,34.20
D,DISPATCH,UNIT_SCADA,1,"2022/10/20 08:30:00",WOODLWN1,25.7919
D,DISPATCH,UNIT_SCADA,1,"2022/10/20 08:30:00",WOOLGSF1,9.763840
D,DISPATCH,UNIT_SCADA,1,"2022/10/20 08:30:00",WPWF,51.87
D,DISPATCH,UNIT_SCADA,1,"2022/10/20 08:30:00",WRSF1,1.070590
D,DISPATCH,UNIT_SCADA,1,"2022/10/20 08:30:00",WRWF1,32.844130
D,DISPATCH,UNIT_SCADA,1,"2022/10/20 08:30:00",WSTWYSF1,0
D,DISPATCH,UNIT_SCADA,1,"2022/10/20 08:30:00",YABULU,0
D,DISPATCH,UNIT_SCADA,1,"2022/10/20 08:30:00",YABULU2,0
D,DISPATCH,UNIT_SCADA,1,"2022/10/20 08:30:00",YARANSF1,67.95
D,DISPATCH,UNIT_SCADA,1,"2022/10/20 08:30:00",YARWUN_1,128.89
D,DISPATCH,UNIT_SCADA,1,"2022/10/20 08:30:00",YATSF1,10.63
D,DISPATCH,UNIT_SCADA,1,"2022/10/20 08:30:00",YENDWF1,23.52
D,DISPATCH,UNIT_SCADA,1,"2022/10/20 08:30:00",YWPS1,367.167080
D,DISPATCH,UNIT_SCADA,1,"2022/10/20 08:30:00",YWPS2,289.470890
D,DISPATCH,UNIT_SCADA,1,"2022/10/20 08:30:00",YWPS3,358.824040
D,DISPATCH,UNIT_SCADA,1,"2022/10/20 08:30:00",YWPS4,0
C,"END OF REPORT",419
