C,NEMP.WORLD,DISPATCHSCADA,AEMO,PUBLIC,2022/10/20,23:35:09,0000000373288000,DISPATCHSCADA,0000000373287994
I,DISPATCH,UNIT_SCADA,1,SETTLEMENTDATE,DUID,SCADAVALUE
D,DISPATCH,UNIT_SCADA,1,"2022/10/20 23:40:00",BARCSF1,0
D,DISPATCH,UNIT_SCADA,1,"2022/10/20 23:40:00",BUTLERSG,8.699999
D,DISPATCH,UNIT_SCADA,1,"2022/10/20 23:40:00",CAPTL_WF,74.774582
D,DISPATCH,UNIT_SCADA,1,"2022/10/20 23:40:00",CHALLHWF,10.50
D,DISPATCH,UNIT_SCADA,1,"2022/10/20 23:40:00",CLOVER,13.42
D,DISPATCH,UNIT_SCADA,1,"2022/10/20 23:40:00",CLUNY,5.624628
D,DISPATCH,UNIT_SCADA,1,"2022/10/20 23:40:00",CULLRGWF,-0.05
D,DISPATCH,UNIT_SCADA,1,"2022/10/20 23:40:00",DIAPURWF1,4.10
D,DISPATCH,UNIT_SCADA,1,"2022/10/20 23:40:00",ERGT01,0
D,DISPATCH,UNIT_SCADA,1,"2022/10/20 23:40:00",GB01,0
D,DISPATCH,UNIT_SCADA,1,"2022/10/20 23:40:00",GERMCRK,19.299999
D,DISPATCH,UNIT_SCADA,1,"2022/10/20 23:40:00",GRIFSF1,0.001526
D,DISPATCH,UNIT_SCADA,1,"2022/10/20 23:40:00",HEZ1,0
D,DISPATCH,UNIT_SCADA,1,"2022/10/20 23:40:00",HUGSF1,-0.12
D,DISPATCH,UNIT_SCADA,1,"2022/10/20 23:40:00",KEPBG1,0
D,DISPATCH,UNIT_SCADA,1,"2022/10/20 23:40:00",LRSF1,-0.0310
D,DISPATCH,UNIT_SCADA,1,"2022/10/20 23:40:00",MBAHNTH,46.837494
D,DISPATCH,UNIT_SCADA,1,"2022/10/20 23:40:00",MLSP1,0
D,DISPATCH,UNIT_SCADA,1,"2022/10/20 23:40:00",MLWF1,6.5550
D,DISPATCH,UNIT_SCADA,1,"2022/10/20 23:40:00",PALOONA,30.679998
D,DISPATCH,UNIT_SCADA,1,"2022/10/20 23:40:00",PIONEER,26.90
D,DISPATCH,UNIT_SCADA,1,"2022/10/20 23:40:00",PORTWF,37.099998
D,DISPATCH,UNIT_SCADA,1,"2022/10/20 23:40:00",REPULSE,9.403830
D,DISPATCH,UNIT_SCADA,1,"2022/10/20 23:40:00",ROWALLAN,8.9176
D,DISPATCH,UNIT_SCADA,1,"2022/10/20 23:40:00",ROYALLA1,0
D,DISPATCH,UNIT_SCADA,1,"2022/10/20 23:40:00",RPCG,-0.50
D,DISPATCH,UNIT_SCADA,1,"2022/10/20 23:40:00",RUBICON,0
D,DISPATCH,UNIT_SCADA,1,"2022/10/20 23:40:00",WAUBRAWF,36.1180
D,DISPATCH,UNIT_SCADA,1,"2022/10/20 23:40:00",WOOLNTH1,81.309998
D,DISPATCH,UNIT_SCADA,1,"2022/10/20 23:40:00",YAMBUKWF,4.90
D,DISPATCH,UNIT_SCADA,1,"2022/10/20 23:40:00",YSWF1,0
D,DISPATCH,UNIT_SCADA,1,"2022/10/20 23:40:00",ADPBA1G,0.0080
D,DISPATCH,UNIT_SCADA,1,"2022/10/20 23:40:00",ADPBA1L,0
D,DISPATCH,UNIT_SCADA,1,"2022/10/20 23:40:00",ADPPV1,0
D,DISPATCH,UNIT_SCADA,1,"2022/10/20 23:40:00",AGLHAL,0
D,DISPATCH,UNIT_SCADA,1,"2022/10/20 23:40:00",AGLSOM,0
D,DISPATCH,UNIT_SCADA,1,"2022/10/20 23:40:00",ANGAST1,0
D,DISPATCH,UNIT_SCADA,1,"2022/10/20 23:40:00",ARWF1,19
D,DISPATCH,UNIT_SCADA,1,"2022/10/20 23:40:00",BALBG1,0
D,DISPATCH,UNIT_SCADA,1,"2022/10/20 23:40:00",BALBL1,0
D,DISPATCH,UNIT_SCADA,1,"2022/10/20 23:40:00",BALDHWF1,104.0710
D,DISPATCH,UNIT_SCADA,1,"2022/10/20 23:40:00",BANGOWF1,69.598230
D,DISPATCH,UNIT_SCADA,1,"2022/10/20 23:40:00",BANGOWF2,63.599220
D,DISPATCH,UNIT_SCADA,1,"2022/10/20 23:40:00",BANN1,0
D,DISPATCH,UNIT_SCADA,1,"2022/10/20 23:40:00",BARCALDN,0
D,DISPATCH,UNIT_SCADA,1,"2022/10/20 23:40:00",BARKIPS1,0
D,DISPATCH,UNIT_SCADA,1,"2022/10/20 23:40:00",BARRON-1,0
D,DISPATCH,UNIT_SCADA,1,"2022/10/20 23:40:00",BARRON-2,0
D,DISPATCH,UNIT_SCADA,1,"2022/10/20 23:40:00",BASTYAN,0
D,DISPATCH,UNIT_SCADA,1,"2022/10/20 23:40:00",BBTHREE1,0
D,DISPATCH,UNIT_SCADA,1,"2022/10/20 23:40:00",BBTHREE2,0
D,DISPATCH,UNIT_SCADA,1,"2022/10/20 23:40:00",BBTHREE3,-1.08
D,DISPATCH,UNIT_SCADA,1,"2022/10/20 23:40:00",BDL01,0
D,DISPATCH,UNIT_SCADA,1,"2022/10/20 23:40:00",BDL02,0
D,DISPATCH,UNIT_SCADA,1,"2022/10/20 23:40:00",BERYLSF1,0
D,DISPATCH,UNIT_SCADA,1,"2022/10/20 23:40:00",BLOWERNG,62.60
D,DISPATCH,UNIT_SCADA,1,"2022/10/20 23:40:00",BLUEGSF1,0
D,DISPATCH,UNIT_SCADA,1,"2022/10/20 23:40:00",BLUFF1,0.40
D,DISPATCH,UNIT_SCADA,1,"2022/10/20 23:40:00",BNGSF1,0
D,DISPATCH,UNIT_SCADA,1,"2022/10/20 23:40:00",BNGSF2,0
D,DISPATCH,UNIT_SCADA,1,"2022/10/20 23:40:00",BOCORWF1,3.12
D,DISPATCH,UNIT_SCADA,1,"2022/10/20 23:40:00",BODWF1,109.172550
D,DISPATCH,UNIT_SCADA,1,"2022/10/20 23:40:00",BOMENSF1,0
D,DISPATCH,UNIT_SCADA,1,"2022/10/20 23:40:00",BOWWBA1G,0
D,DISPATCH,UNIT_SCADA,1,"2022/10/20 23:40:00",BOWWBA1L,0.0010
D,DISPATCH,UNIT_SCADA,1,"2022/10/20 23:40:00",BOWWPV1,0
D,DISPATCH,UNIT_SCADA,1,"2022/10/20 23:40:00",BRAEMAR1,0
D,DISPATCH,UNIT_SCADA,1,"2022/10/20 23:40:00",BRAEMAR2,0
D,DISPATCH,UNIT_SCADA,1,"2022/10/20 23:40:00",BRAEMAR3,0
D,DISPATCH,UNIT_SCADA,1,"2022/10/20 23:40:00",BRAEMAR5,0.201420
D,DISPATCH,UNIT_SCADA,1,"2022/10/20 23:40:00",BRAEMAR6,0
D,DISPATCH,UNIT_SCADA,1,"2022/10/20 23:40:00",BRAEMAR7,0.060430
D,DISPATCH,UNIT_SCADA,1,"2022/10/20 23:40:00",BROKENH1,0
D,DISPATCH,UNIT_SCADA,1,"2022/10/20 23:40:00",BRYB1WF1,81.657130
D,DISPATCH,UNIT_SCADA,1,"2022/10/20 23:40:00",BULBESG1,0
D,DISPATCH,UNIT_SCADA,1,"2022/10/20 23:40:00",BULBESL1,0.03
D,DISPATCH,UNIT_SCADA,1,"2022/10/20 23:40:00",BULGANA1,32.56
D,DISPATCH,UNIT_SCADA,1,"2022/10/20 23:40:00",BW01,646.604130
D,DISPATCH,UNIT_SCADA,1,"2022/10/20 23:40:00",BW02,623.019780
D,DISPATCH,UNIT_SCADA,1,"2022/10/20 23:40:00",BW03,560.5188
D,DISPATCH,UNIT_SCADA,1,"2022/10/20 23:40:00",BW04,0
D,DISPATCH,UNIT_SCADA,1,"2022/10/20 23:40:00",CALL_B_1,318.200010
D,DISPATCH,UNIT_SCADA,1,"2022/10/20 23:40:00",CALL_B_2,319.300020
D,DISPATCH,UNIT_SCADA,1,"2022/10/20 23:40:00",CATHROCK,3.20
D,DISPATCH,UNIT_SCADA,1,"2022/10/20 23:40:00",CBWWBA1G,0
D,DISPATCH,UNIT_SCADA,1,"2022/10/20 23:40:00",CBWWBA1L,0
D,DISPATCH,UNIT_SCADA,1,"2022/10/20 23:40:00",CETHANA,89.682250
D,DISPATCH,UNIT_SCADA,1,"2022/10/20 23:40:00",CG1,0
D,DISPATCH,UNIT_SCADA,1,"2022/10/20 23:40:00",CG2,0
D,DISPATCH,UNIT_SCADA,1,"2022/10/20 23:40:00",CG3,0
D,DISPATCH,UNIT_SCADA,1,"2022/10/20 23:40:00",CG4,0
D,DISPATCH,UNIT_SCADA,1,"2022/10/20 23:40:00",CHILDSF1,0
D,DISPATCH,UNIT_SCADA,1,"2022/10/20 23:40:00",CHYTWF1,0
D,DISPATCH,UNIT_SCADA,1,"2022/10/20 23:40:00",CLARESF1,0
D,DISPATCH,UNIT_SCADA,1,"2022/10/20 23:40:00",CLEMGPWF,0
D,DISPATCH,UNIT_SCADA,1,"2022/10/20 23:40:00",CLERMSF1,0
D,DISPATCH,UNIT_SCADA,1,"2022/10/20 23:40:00",CNUNDAWF,12.915070
D,DISPATCH,UNIT_SCADA,1,"2022/10/20 23:40:00",COHUNSF1,0
D,DISPATCH,UNIT_SCADA,1,"2022/10/20 23:40:00",COLEASF1,0
D,DISPATCH,UNIT_SCADA,1,"2022/10/20 23:40:00",COLUMSF1,0
D,DISPATCH,UNIT_SCADA,1,"2022/10/20 23:40:00",COLWF01,82.729840
D,DISPATCH,UNIT_SCADA,1,"2022/10/20 23:40:00",COOPGWF1,346.820010
D,DISPATCH,UNIT_SCADA,1,"2022/10/20 23:40:00",CPP_3,388.850010
D,DISPATCH,UNIT_SCADA,1,"2022/10/20 23:40:00",CPP_4,0
D,DISPATCH,UNIT_SCADA,1,"2022/10/20 23:40:00",CPSA,0
D,DISPATCH,UNIT_SCADA,1,"2022/10/20 23:40:00",CROOKWF2,60.733960
D,DISPATCH,UNIT_SCADA,1,"2022/10/20 23:40:00",CROWLWF1,19.873790
D,DISPATCH,UNIT_SCADA,1,"2022/10/20 23:40:00",CRURWF1,71.998860
D,DISPATCH,UNIT_SCADA,1,"2022/10/20 23:40:00",CRWASF1,0
D,DISPATCH,UNIT_SCADA,1,"2022/10/20 23:40:00",CSPVPS1,0
D,DISPATCH,UNIT_SCADA,1,"2022/10/20 23:40:00",CTHLWF1,0.003050
D,DISPATCH,UNIT_SCADA,1,"2022/10/20 23:40:00",DALNTH01,0
D,DISPATCH,UNIT_SCADA,1,"2022/10/20 23:40:00",DALNTHL1,0.083920
D,DISPATCH,UNIT_SCADA,1,"2022/10/20 23:40:00",DARLSF1,0
D,DISPATCH,UNIT_SCADA,1,"2022/10/20 23:40:00",DARTM1,0
D,DISPATCH,UNIT_SCADA,1,"2022/10/20 23:40:00",DAYDSF1,0
D,DISPATCH,UNIT_SCADA,1,"2022/10/20 23:40:00",DDPS1,0
D,DISPATCH,UNIT_SCADA,1,"2022/10/20 23:40:00",DDSF1,0
D,DISPATCH,UNIT_SCADA,1,"2022/10/20 23:40:00",DEVILS_G,56.005130
D,DISPATCH,UNIT_SCADA,1,"2022/10/20 23:40:00",DG_NSW1,0
D,DISPATCH,UNIT_SCADA,1,"2022/10/20 23:40:00",DG_QLD1,0
D,DISPATCH,UNIT_SCADA,1,"2022/10/20 23:40:00",DG_SA1,0
D,DISPATCH,UNIT_SCADA,1,"2022/10/20 23:40:00",DG_TAS1,0
D,DISPATCH,UNIT_SCADA,1,"2022/10/20 23:40:00",DG_VIC1,0
D,DISPATCH,UNIT_SCADA,1,"2022/10/20 23:40:00",DRYCGT1,0
D,DISPATCH,UNIT_SCADA,1,"2022/10/20 23:40:00",DRYCGT2,0
D,DISPATCH,UNIT_SCADA,1,"2022/10/20 23:40:00",DRYCGT3,0
D,DISPATCH,UNIT_SCADA,1,"2022/10/20 23:40:00",DUNDWF1,114.96
D,DISPATCH,UNIT_SCADA,1,"2022/10/20 23:40:00",DUNDWF2,35.55
D,DISPATCH,UNIT_SCADA,1,"2022/10/20 23:40:00",DUNDWF3,84.20
D,DISPATCH,UNIT_SCADA,1,"2022/10/20 23:40:00",EILDON1,59.88
D,DISPATCH,UNIT_SCADA,1,"2022/10/20 23:40:00",EILDON2,60.16
D,DISPATCH,UNIT_SCADA,1,"2022/10/20 23:40:00",ELAINWF1,5.50
D,DISPATCH,UNIT_SCADA,1,"2022/10/20 23:40:00",EMERASF1,0
D,DISPATCH,UNIT_SCADA,1,"2022/10/20 23:40:00",ER01,0
D,DISPATCH,UNIT_SCADA,1,"2022/10/20 23:40:00",ER02,588.0827
D,DISPATCH,UNIT_SCADA,1,"2022/10/20 23:40:00",ER03,585.543580
D,DISPATCH,UNIT_SCADA,1,"2022/10/20 23:40:00",ER04,588.155940
D,DISPATCH,UNIT_SCADA,1,"2022/10/20 23:40:00",FINLYSF1,0
D,DISPATCH,UNIT_SCADA,1,"2022/10/20 23:40:00",FISHER,43.95
D,DISPATCH,UNIT_SCADA,1,"2022/10/20 23:40:00",GANGARR1,0
D,DISPATCH,UNIT_SCADA,1,"2022/10/20 23:40:00",GANNBG1,0
D,DISPATCH,UNIT_SCADA,1,"2022/10/20 23:40:00",GANNBL1,0.190670
D,DISPATCH,UNIT_SCADA,1,"2022/10/20 23:40:00",GANNSF1,0
D,DISPATCH,UNIT_SCADA,1,"2022/10/20 23:40:00",GLRWNSF1,0
D,DISPATCH,UNIT_SCADA,1,"2022/10/20 23:40:00",GNNDHSF1,0
D,DISPATCH,UNIT_SCADA,1,"2022/10/20 23:40:00",GOONSF1,0
D,DISPATCH,UNIT_SCADA,1,"2022/10/20 23:40:00",GORDON,210.1407
D,DISPATCH,UNIT_SCADA,1,"2022/10/20 23:40:00",GRANWF1,0
D,DISPATCH,UNIT_SCADA,1,"2022/10/20 23:40:00",GSTONE1,201.25
D,DISPATCH,UNIT_SCADA,1,"2022/10/20 23:40:00",GSTONE2,0
D,DISPATCH,UNIT_SCADA,1,"2022/10/20 23:40:00",GSTONE3,158.55
D,DISPATCH,UNIT_SCADA,1,"2022/10/20 23:40:00",GSTONE4,0
D,DISPATCH,UNIT_SCADA,1,"2022/10/20 23:40:00",GSTONE5,200.899990
D,DISPATCH,UNIT_SCADA,1,"2022/10/20 23:40:00",GSTONE6,200.724990
D,DISPATCH,UNIT_SCADA,1,"2022/10/20 23:40:00",GULLRSF1,0
D,DISPATCH,UNIT_SCADA,1,"2022/10/20 23:40:00",GULLRWF1,55.324160
D,DISPATCH,UNIT_SCADA,1,"2022/10/20 23:40:00",GULLRWF2,94.638650
D,DISPATCH,UNIT_SCADA,1,"2022/10/20 23:40:00",GUNNING1,0
D,DISPATCH,UNIT_SCADA,1,"2022/10/20 23:40:00",GUTHEGA,67.40
D,DISPATCH,UNIT_SCADA,1,"2022/10/20 23:40:00",HALLWF1,14.50
D,DISPATCH,UNIT_SCADA,1,"2022/10/20 23:40:00",HALLWF2,19.58
D,DISPATCH,UNIT_SCADA,1,"2022/10/20 23:40:00",HAMISF1,0
D,DISPATCH,UNIT_SCADA,1,"2022/10/20 23:40:00",HAUGHT11,0
D,DISPATCH,UNIT_SCADA,1,"2022/10/20 23:40:00",HAYMSF1,0
D,DISPATCH,UNIT_SCADA,1,"2022/10/20 23:40:00",HDWF1,26.90
D,DISPATCH,UNIT_SCADA,1,"2022/10/20 23:40:00",HDWF2,10.60
D,DISPATCH,UNIT_SCADA,1,"2022/10/20 23:40:00",HDWF3,17.50
D,DISPATCH,UNIT_SCADA,1,"2022/10/20 23:40:00",HILLSTN1,0
D,DISPATCH,UNIT_SCADA,1,"2022/10/20 23:40:00",HPRG1,0.30
D,DISPATCH,UNIT_SCADA,1,"2022/10/20 23:40:00",HPRL1,0
D,DISPATCH,UNIT_SCADA,1,"2022/10/20 23:40:00",HUMENSW,54.579810
D,DISPATCH,UNIT_SCADA,1,"2022/10/20 23:40:00",HUMEV,0
D,DISPATCH,UNIT_SCADA,1,"2022/10/20 23:40:00",HVWWBA1G,0
D,DISPATCH,UNIT_SCADA,1,"2022/10/20 23:40:00",HVWWBA1L,0.0060
D,DISPATCH,UNIT_SCADA,1,"2022/10/20 23:40:00",HVWWPV1,0
D,DISPATCH,UNIT_SCADA,1,"2022/10/20 23:40:00",JBUTTERS,0
D,DISPATCH,UNIT_SCADA,1,"2022/10/20 23:40:00",JEMALNG1,0
D,DISPATCH,UNIT_SCADA,1,"2022/10/20 23:40:00",JLA01,0
D,DISPATCH,UNIT_SCADA,1,"2022/10/20 23:40:00",JLA02,0
D,DISPATCH,UNIT_SCADA,1,"2022/10/20 23:40:00",JLA03,0
D,DISPATCH,UNIT_SCADA,1,"2022/10/20 23:40:00",JLA04,0
D,DISPATCH,UNIT_SCADA,1,"2022/10/20 23:40:00",JLB01,0
D,DISPATCH,UNIT_SCADA,1,"2022/10/20 23:40:00",JLB02,0.10
D,DISPATCH,UNIT_SCADA,1,"2022/10/20 23:40:00",JLB03,0
D,DISPATCH,UNIT_SCADA,1,"2022/10/20 23:40:00",JUNEESF1,0
D,DISPATCH,UNIT_SCADA,1,"2022/10/20 23:40:00",KABANWF1,0
D,DISPATCH,UNIT_SCADA,1,"2022/10/20 23:40:00",KAREEYA1,0
D,DISPATCH,UNIT_SCADA,1,"2022/10/20 23:40:00",KAREEYA2,0
D,DISPATCH,UNIT_SCADA,1,"2022/10/20 23:40:00",KAREEYA3,4.84
D,DISPATCH,UNIT_SCADA,1,"2022/10/20 23:40:00",KAREEYA4,0
D,DISPATCH,UNIT_SCADA,1,"2022/10/20 23:40:00",KARSF1,0
D,DISPATCH,UNIT_SCADA,1,"2022/10/20 23:40:00",KEPSF1,0
D,DISPATCH,UNIT_SCADA,1,"2022/10/20 23:40:00",KEPWF1,2.06
D,DISPATCH,UNIT_SCADA,1,"2022/10/20 23:40:00",KIAMSF1,0
D,DISPATCH,UNIT_SCADA,1,"2022/10/20 23:40:00",KIATAWF1,15.10
D,DISPATCH,UNIT_SCADA,1,"2022/10/20 23:40:00",KPP_1,0
D,DISPATCH,UNIT_SCADA,1,"2022/10/20 23:40:00",KSP1,0
D,DISPATCH,UNIT_SCADA,1,"2022/10/20 23:40:00",LADBROK1,0.01
D,DISPATCH,UNIT_SCADA,1,"2022/10/20 23:40:00",LADBROK2,0.02
D,DISPATCH,UNIT_SCADA,1,"2022/10/20 23:40:00",LBBG1,0
D,DISPATCH,UNIT_SCADA,1,"2022/10/20 23:40:00",LBBL1,0.15
D,DISPATCH,UNIT_SCADA,1,"2022/10/20 23:40:00",LD01,293.6369
D,DISPATCH,UNIT_SCADA,1,"2022/10/20 23:40:00",LD02,0
D,DISPATCH,UNIT_SCADA,1,"2022/10/20 23:40:00",LD04,282.558690
D,DISPATCH,UNIT_SCADA,1,"2022/10/20 23:40:00",LEM_WIL,86.604060
D,DISPATCH,UNIT_SCADA,1,"2022/10/20 23:40:00",LGAPWF1,90.36
D,DISPATCH,UNIT_SCADA,1,"2022/10/20 23:40:00",LGAPWF2,58.36
D,DISPATCH,UNIT_SCADA,1,"2022/10/20 23:40:00",LILYSF1,0
D,DISPATCH,UNIT_SCADA,1,"2022/10/20 23:40:00",LIMOSF11,0
D,DISPATCH,UNIT_SCADA,1,"2022/10/20 23:40:00",LIMOSF21,0
D,DISPATCH,UNIT_SCADA,1,"2022/10/20 23:40:00",LI_WY_CA,55.468970
D,DISPATCH,UNIT_SCADA,1,"2022/10/20 23:40:00",LKBONNY1,19.469460
D,DISPATCH,UNIT_SCADA,1,"2022/10/20 23:40:00",LKBONNY2,45.446930
D,DISPATCH,UNIT_SCADA,1,"2022/10/20 23:40:00",LKBONNY3,11.8901
D,DISPATCH,UNIT_SCADA,1,"2022/10/20 23:40:00",LK_ECHO,0
D,DISPATCH,UNIT_SCADA,1,"2022/10/20 23:40:00",LNGS1,0
D,DISPATCH,UNIT_SCADA,1,"2022/10/20 23:40:00",LNGS2,0
D,DISPATCH,UNIT_SCADA,1,"2022/10/20 23:40:00",LONSDALE,0
D,DISPATCH,UNIT_SCADA,1,"2022/10/20 23:40:00",LOYYB1,573.683530
D,DISPATCH,UNIT_SCADA,1,"2022/10/20 23:40:00",LOYYB2,574.059510
D,DISPATCH,UNIT_SCADA,1,"2022/10/20 23:40:00",LYA1,554
D,DISPATCH,UNIT_SCADA,1,"2022/10/20 23:40:00",LYA2,0
D,DISPATCH,UNIT_SCADA,1,"2022/10/20 23:40:00",LYA3,554
D,DISPATCH,UNIT_SCADA,1,"2022/10/20 23:40:00",LYA4,554
D,DISPATCH,UNIT_SCADA,1,"2022/10/20 23:40:00",MACARTH1,59.198630
D,DISPATCH,UNIT_SCADA,1,"2022/10/20 23:40:00",MACKNTSH,0
D,DISPATCH,UNIT_SCADA,1,"2022/10/20 23:40:00",MANSLR1,0
D,DISPATCH,UNIT_SCADA,1,"2022/10/20 23:40:00",MAPS2PV1,0
D,DISPATCH,UNIT_SCADA,1,"2022/10/20 23:40:00",MAPS3PV1,0
D,DISPATCH,UNIT_SCADA,1,"2022/10/20 23:40:00",MARYRSF1,0
D,DISPATCH,UNIT_SCADA,1,"2022/10/20 23:40:00",MBPS2PV1,0
D,DISPATCH,UNIT_SCADA,1,"2022/10/20 23:40:00",MCKAY1,219.9950
D,DISPATCH,UNIT_SCADA,1,"2022/10/20 23:40:00",MEADOWBK,10.7175
D,DISPATCH,UNIT_SCADA,1,"2022/10/20 23:40:00",MERCER01,18.50
D,DISPATCH,UNIT_SCADA,1,"2022/10/20 23:40:00",METZSF1,0
D,DISPATCH,UNIT_SCADA,1,"2022/10/20 23:40:00",MEWF1,13
D,DISPATCH,UNIT_SCADA,1,"2022/10/20 23:40:00",MIDDLSF1,0
D,DISPATCH,UNIT_SCADA,1,"2022/10/20 23:40:00",MINTARO,0.128180
D,DISPATCH,UNIT_SCADA,1,"2022/10/20 23:40:00",MOLNGSF1,0
D,DISPATCH,UNIT_SCADA,1,"2022/10/20 23:40:00",MOORAWF1,31.19
D,DISPATCH,UNIT_SCADA,1,"2022/10/20 23:40:00",MOREESF1,0
D,DISPATCH,UNIT_SCADA,1,"2022/10/20 23:40:00",MORTLK11,0
D,DISPATCH,UNIT_SCADA,1,"2022/10/20 23:40:00",MORTLK12,0
D,DISPATCH,UNIT_SCADA,1,"2022/10/20 23:40:00",MOUSF1,0
D,DISPATCH,UNIT_SCADA,1,"2022/10/20 23:40:00",MP1,0
D,DISPATCH,UNIT_SCADA,1,"2022/10/20 23:40:00",MP2,347.3808
D,DISPATCH,UNIT_SCADA,1,"2022/10/20 23:40:00",MPP_1,184.469680
D,DISPATCH,UNIT_SCADA,1,"2022/10/20 23:40:00",MPP_2,190.130890
D,DISPATCH,UNIT_SCADA,1,"2022/10/20 23:40:00",MRTLSWF1,0
D,DISPATCH,UNIT_SCADA,1,"2022/10/20 23:40:00",MSTUART1,0
D,DISPATCH,UNIT_SCADA,1,"2022/10/20 23:40:00",MSTUART2,0
D,DISPATCH,UNIT_SCADA,1,"2022/10/20 23:40:00",MSTUART3,0
D,DISPATCH,UNIT_SCADA,1,"2022/10/20 23:40:00",MTGELWF1,65.272990
D,DISPATCH,UNIT_SCADA,1,"2022/10/20 23:40:00",MTMILLAR,17.20
D,DISPATCH,UNIT_SCADA,1,"2022/10/20 23:40:00",MURRAY,69.10
D,DISPATCH,UNIT_SCADA,1,"2022/10/20 23:40:00",MUSSELR1,20.30
D,DISPATCH,UNIT_SCADA,1,"2022/10/20 23:40:00",MUWAWF1,57.18
D,DISPATCH,UNIT_SCADA,1,"2022/10/20 23:40:00",MUWAWF2,73.20
D,DISPATCH,UNIT_SCADA,1,"2022/10/20 23:40:00",MWPS1PV1,0
D,DISPATCH,UNIT_SCADA,1,"2022/10/20 23:40:00",MWPS2PV1,0
D,DISPATCH,UNIT_SCADA,1,"2022/10/20 23:40:00",MWPS3PV1,0
D,DISPATCH,UNIT_SCADA,1,"2022/10/20 23:40:00",MWPS4PV1,0
D,DISPATCH,UNIT_SCADA,1,"2022/10/20 23:40:00",NBHWF1,14.10
D,DISPATCH,UNIT_SCADA,1,"2022/10/20 23:40:00",NEVERSF1,0
D,DISPATCH,UNIT_SCADA,1,"2022/10/20 23:40:00",NPS,0
D,DISPATCH,UNIT_SCADA,1,"2022/10/20 23:40:00",NUMURSF1,0
D,DISPATCH,UNIT_SCADA,1,"2022/10/20 23:40:00",NYNGAN1,0
D,DISPATCH,UNIT_SCADA,1,"2022/10/20 23:40:00",OAKEY1,0
D,DISPATCH,UNIT_SCADA,1,"2022/10/20 23:40:00",OAKEY1SF,0
D,DISPATCH,UNIT_SCADA,1,"2022/10/20 23:40:00",OAKEY2,0
D,DISPATCH,UNIT_SCADA,1,"2022/10/20 23:40:00",OAKEY2SF,0
D,DISPATCH,UNIT_SCADA,1,"2022/10/20 23:40:00",OAKLAND1,7.90
D,DISPATCH,UNIT_SCADA,1,"2022/10/20 23:40:00",OSB-AG,181.30
D,DISPATCH,UNIT_SCADA,1,"2022/10/20 23:40:00",PAREPS1,0
D,DISPATCH,UNIT_SCADA,1,"2022/10/20 23:40:00",PAREPW1,58.30
D,DISPATCH,UNIT_SCADA,1,"2022/10/20 23:40:00",PARSF1,0.001530
D,DISPATCH,UNIT_SCADA,1,"2022/10/20 23:40:00",POAT110,3.19
D,DISPATCH,UNIT_SCADA,1,"2022/10/20 23:40:00",POAT220,0
D,DISPATCH,UNIT_SCADA,1,"2022/10/20 23:40:00",POR01,0
D,DISPATCH,UNIT_SCADA,1,"2022/10/20 23:40:00",POR03,0
D,DISPATCH,UNIT_SCADA,1,"2022/10/20 23:40:00",PPCCGT,163.485570
D,DISPATCH,UNIT_SCADA,1,"2022/10/20 23:40:00",PTSTAN1,0
D,DISPATCH,UNIT_SCADA,1,"2022/10/20 23:40:00",PUMP1,0
D,DISPATCH,UNIT_SCADA,1,"2022/10/20 23:40:00",PUMP2,0
D,DISPATCH,UNIT_SCADA,1,"2022/10/20 23:40:00",QBYNBG1,0.0095
D,DISPATCH,UNIT_SCADA,1,"2022/10/20 23:40:00",QBYNBL1,0
D,DISPATCH,UNIT_SCADA,1,"2022/10/20 23:40:00",QPS1,0
D,DISPATCH,UNIT_SCADA,1,"2022/10/20 23:40:00",QPS2,0
D,DISPATCH,UNIT_SCADA,1,"2022/10/20 23:40:00",QPS3,0
D,DISPATCH,UNIT_SCADA,1,"2022/10/20 23:40:00",QPS4,0
D,DISPATCH,UNIT_SCADA,1,"2022/10/20 23:40:00",QPS5,0
D,DISPATCH,UNIT_SCADA,1,"2022/10/20 23:40:00",REECE1,0
D,DISPATCH,UNIT_SCADA,1,"2022/10/20 23:40:00",REECE2,0
D,DISPATCH,UNIT_SCADA,1,"2022/10/20 23:40:00",ROMA_7,0
D,DISPATCH,UNIT_SCADA,1,"2022/10/20 23:40:00",ROMA_8,0
D,DISPATCH,UNIT_SCADA,1,"2022/10/20 23:40:00",RRSF1,0
D,DISPATCH,UNIT_SCADA,1,"2022/10/20 23:40:00",RT_NSW1,0
D,DISPATCH,UNIT_SCADA,1,"2022/10/20 23:40:00",RT_NSW2,0
D,DISPATCH,UNIT_SCADA,1,"2022/10/20 23:40:00",RT_NSW3,0
D,DISPATCH,UNIT_SCADA,1,"2022/10/20 23:40:00",RT_NSW4,0
D,DISPATCH,UNIT_SCADA,1,"2022/10/20 23:40:00",RT_NSW5,0
D,DISPATCH,UNIT_SCADA,1,"2022/10/20 23:40:00",RT_NSW6,0
D,DISPATCH,UNIT_SCADA,1,"2022/10/20 23:40:00",RT_QLD1,0
D,DISPATCH,UNIT_SCADA,1,"2022/10/20 23:40:00",RT_SA1,0
D,DISPATCH,UNIT_SCADA,1,"2022/10/20 23:40:00",RT_SA2,0
D,DISPATCH,UNIT_SCADA,1,"2022/10/20 23:40:00",RT_SA3,0
D,DISPATCH,UNIT_SCADA,1,"2022/10/20 23:40:00",RT_SA4,0
D,DISPATCH,UNIT_SCADA,1,"2022/10/20 23:40:00",RT_SA5,0
D,DISPATCH,UNIT_SCADA,1,"2022/10/20 23:40:00",RT_SA6,0
D,DISPATCH,UNIT_SCADA,1,"2022/10/20 23:40:00",RT_TAS1,0
D,DISPATCH,UNIT_SCADA,1,"2022/10/20 23:40:00",RT_VIC1,0
D,DISPATCH,UNIT_SCADA,1,"2022/10/20 23:40:00",RT_VIC10,0
D,DISPATCH,UNIT_SCADA,1,"2022/10/20 23:40:00",RT_VIC11,0
D,DISPATCH,UNIT_SCADA,1,"2022/10/20 23:40:00",RT_VIC12,0
D,DISPATCH,UNIT_SCADA,1,"2022/10/20 23:40:00",RT_VIC2,0
D,DISPATCH,UNIT_SCADA,1,"2022/10/20 23:40:00",RT_VIC3,0
D,DISPATCH,UNIT_SCADA,1,"2022/10/20 23:40:00",RT_VIC4,0
D,DISPATCH,UNIT_SCADA,1,"2022/10/20 23:40:00",RT_VIC5,0
D,DISPATCH,UNIT_SCADA,1,"2022/10/20 23:40:00",RT_VIC6,0
D,DISPATCH,UNIT_SCADA,1,"2022/10/20 23:40:00",RT_VIC7,0
D,DISPATCH,UNIT_SCADA,1,"2022/10/20 23:40:00",RT_VIC8,0
D,DISPATCH,UNIT_SCADA,1,"2022/10/20 23:40:00",RT_VIC9,0
D,DISPATCH,UNIT_SCADA,1,"2022/10/20 23:40:00",RUGBYR1,0
D,DISPATCH,UNIT_SCADA,1,"2022/10/20 23:40:00",SALTCRK1,26.28
D,DISPATCH,UNIT_SCADA,1,"2022/10/20 23:40:00",SAPHWF1,247.0634
D,DISPATCH,UNIT_SCADA,1,"2022/10/20 23:40:00",SEBSF1,0
D,DISPATCH,UNIT_SCADA,1,"2022/10/20 23:40:00",SHGEN,0
D,DISPATCH,UNIT_SCADA,1,"2022/10/20 23:40:00",SHPUMP,0
D,DISPATCH,UNIT_SCADA,1,"2022/10/20 23:40:00",SITHE01,0.123710
D,DISPATCH,UNIT_SCADA,1,"2022/10/20 23:40:00",SMCSF1,0
D,DISPATCH,UNIT_SCADA,1,"2022/10/20 23:40:00",SNAPPER1,0
D,DISPATCH,UNIT_SCADA,1,"2022/10/20 23:40:00",SNOWNTH1,32
D,DISPATCH,UNIT_SCADA,1,"2022/10/20 23:40:00",SNOWSTH1,28
D,DISPATCH,UNIT_SCADA,1,"2022/10/20 23:40:00",SNOWTWN1,22.794910
D,DISPATCH,UNIT_SCADA,1,"2022/10/20 23:40:00",SNOWYP,0
D,DISPATCH,UNIT_SCADA,1,"2022/10/20 23:40:00",SNUG1,0
D,DISPATCH,UNIT_SCADA,1,"2022/10/20 23:40:00",SRSF1,0
D,DISPATCH,UNIT_SCADA,1,"2022/10/20 23:40:00",STAN-1,278.107820
D,DISPATCH,UNIT_SCADA,1,"2022/10/20 23:40:00",STAN-2,359.090670
D,DISPATCH,UNIT_SCADA,1,"2022/10/20 23:40:00",STAN-3,363.4231
D,DISPATCH,UNIT_SCADA,1,"2022/10/20 23:40:00",STAN-4,365.307310
D,DISPATCH,UNIT_SCADA,1,"2022/10/20 23:40:00",STARHLWF,17.294960
D,DISPATCH,UNIT_SCADA,1,"2022/10/20 23:40:00",STOCKYD1,150.929990
D,DISPATCH,UNIT_SCADA,1,"2022/10/20 23:40:00",STWF1,20.077820
D,DISPATCH,UNIT_SCADA,1,"2022/10/20 23:40:00",SUNRSF1,0
D,DISPATCH,UNIT_SCADA,1,"2022/10/20 23:40:00",SUNTPSF1,0
D,DISPATCH,UNIT_SCADA,1,"2022/10/20 23:40:00",SWAN_E,217.137510
D,DISPATCH,UNIT_SCADA,1,"2022/10/20 23:40:00",TALWA1,0
D,DISPATCH,UNIT_SCADA,1,"2022/10/20 23:40:00",TARALGA1,0
D,DISPATCH,UNIT_SCADA,1,"2022/10/20 23:40:00",TARONG#1,348.899990
D,DISPATCH,UNIT_SCADA,1,"2022/10/20 23:40:00",TARONG#2,348.899990
D,DISPATCH,UNIT_SCADA,1,"2022/10/20 23:40:00",TARONG#3,0.90
D,DISPATCH,UNIT_SCADA,1,"2022/10/20 23:40:00",TARONG#4,224.70
D,DISPATCH,UNIT_SCADA,1,"2022/10/20 23:40:00",TARRALEA,53.90
D,DISPATCH,UNIT_SCADA,1,"2022/10/20 23:40:00",TBSF1,0
D,DISPATCH,UNIT_SCADA,1,"2022/10/20 23:40:00",TNPS1,349.187530
D,DISPATCH,UNIT_SCADA,1,"2022/10/20 23:40:00",TORRB1,0
D,DISPATCH,UNIT_SCADA,1,"2022/10/20 23:40:00",TORRB2,59
D,DISPATCH,UNIT_SCADA,1,"2022/10/20 23:40:00",TORRB3,0
D,DISPATCH,UNIT_SCADA,1,"2022/10/20 23:40:00",TORRB4,0
D,DISPATCH,UNIT_SCADA,1,"2022/10/20 23:40:00",TREVALLN,98.544950
D,DISPATCH,UNIT_SCADA,1,"2022/10/20 23:40:00",TRIBUTE,0
D,DISPATCH,UNIT_SCADA,1,"2022/10/20 23:40:00",TUMUT3,344.63
D,DISPATCH,UNIT_SCADA,1,"2022/10/20 23:40:00",TUNGATIN,5.190020
D,DISPATCH,UNIT_SCADA,1,"2022/10/20 23:40:00",TVCC201,0
D,DISPATCH,UNIT_SCADA,1,"2022/10/20 23:40:00",TVPP104,0
D,DISPATCH,UNIT_SCADA,1,"2022/10/20 23:40:00",UPPTUMUT,0
D,DISPATCH,UNIT_SCADA,1,"2022/10/20 23:40:00",URANQ11,0
D,DISPATCH,UNIT_SCADA,1,"2022/10/20 23:40:00",URANQ12,0
D,DISPATCH,UNIT_SCADA,1,"2022/10/20 23:40:00",URANQ13,0
D,DISPATCH,UNIT_SCADA,1,"2022/10/20 23:40:00",URANQ14,0
D,DISPATCH,UNIT_SCADA,1,"2022/10/20 23:40:00",VBBG1,0
D,DISPATCH,UNIT_SCADA,1,"2022/10/20 23:40:00",VBBL1,1.80
D,DISPATCH,UNIT_SCADA,1,"2022/10/20 23:40:00",VP5,558.2934
D,DISPATCH,UNIT_SCADA,1,"2022/10/20 23:40:00",VP6,601.483220
D,DISPATCH,UNIT_SCADA,1,"2022/10/20 23:40:00",VPGS1,0
D,DISPATCH,UNIT_SCADA,1,"2022/10/20 23:40:00",VPGS2,0
D,DISPATCH,UNIT_SCADA,1,"2022/10/20 23:40:00",VPGS3,0
D,DISPATCH,UNIT_SCADA,1,"2022/10/20 23:40:00",VPGS4,0
D,DISPATCH,UNIT_SCADA,1,"2022/10/20 23:40:00",VPGS5,0
D,DISPATCH,UNIT_SCADA,1,"2022/10/20 23:40:00",VPGS6,0
D,DISPATCH,UNIT_SCADA,1,"2022/10/20 23:40:00",W/HOE#1,0
D,DISPATCH,UNIT_SCADA,1,"2022/10/20 23:40:00",W/HOE#2,0
D,DISPATCH,UNIT_SCADA,1,"2022/10/20 23:40:00",WAGGNSF1,0
D,DISPATCH,UNIT_SCADA,1,"2022/10/20 23:40:00",WALGRVG1,0.021410
D,DISPATCH,UNIT_SCADA,1,"2022/10/20 23:40:00",WALGRVL1,0
D,DISPATCH,UNIT_SCADA,1,"2022/10/20 23:40:00",WANDBG1,0
D,DISPATCH,UNIT_SCADA,1,"2022/10/20 23:40:00",WANDBL1,0
D,DISPATCH,UNIT_SCADA,1,"2022/10/20 23:40:00",WARWSF1,0
D,DISPATCH,UNIT_SCADA,1,"2022/10/20 23:40:00",WARWSF2,0
D,DISPATCH,UNIT_SCADA,1,"2022/10/20 23:40:00",WATERLWF,19.30
D,DISPATCH,UNIT_SCADA,1,"2022/10/20 23:40:00",WDGPH1,0
D,DISPATCH,UNIT_SCADA,1,"2022/10/20 23:40:00",WELLSF1,0
D,DISPATCH,UNIT_SCADA,1,"2022/10/20 23:40:00",WEMENSF1,0
D,DISPATCH,UNIT_SCADA,1,"2022/10/20 23:40:00",WGWF1,11.90
D,DISPATCH,UNIT_SCADA,1,"2022/10/20 23:40:00",WHITSF1,0
D,DISPATCH,UNIT_SCADA,1,"2022/10/20 23:40:00",WINTSF1,0
D,DISPATCH,UNIT_SCADA,1,"2022/10/20 23:40:00",WKIEWA1,33.80
D,DISPATCH,UNIT_SCADA,1,"2022/10/20 23:40:00",WKIEWA2,34
D,DISPATCH,UNIT_SCADA,1,"2022/10/20 23:40:00",WOODLWN1,28.868120
D,DISPATCH,UNIT_SCADA,1,"2022/10/20 23:40:00",WOOLGSF1,0
D,DISPATCH,UNIT_SCADA,1,"2022/10/20 23:40:00",WPWF,41.99
D,DISPATCH,UNIT_SCADA,1,"2022/10/20 23:40:00",WRSF1,0
D,DISPATCH,UNIT_SCADA,1,"2022/10/20 23:40:00",WRWF1,100.058290
D,DISPATCH,UNIT_SCADA,1,"2022/10/20 23:40:00",WSTWYSF1,0
D,DISPATCH,UNIT_SCADA,1,"2022/10/20 23:40:00",YABULU,0
D,DISPATCH,UNIT_SCADA,1,"2022/10/20 23:40:00",YABULU2,0
D,DISPATCH,UNIT_SCADA,1,"2022/10/20 23:40:00",YARANSF1,0
D,DISPATCH,UNIT_SCADA,1,"2022/10/20 23:40:00",YARWUN_1,163.34
D,DISPATCH,UNIT_SCADA,1,"2022/10/20 23:40:00",YATSF1,0
D,DISPATCH,UNIT_SCADA,1,"2022/10/20 23:40:00",YENDWF1,37.60
D,DISPATCH,UNIT_SCADA,1,"2022/10/20 23:40:00",YWPS1,282.7038
D,DISPATCH,UNIT_SCADA,1,"2022/10/20 23:40:00",YWPS2,359.397460
D,DISPATCH,UNIT_SCADA,1,"2022/10/20 23:40:00",YWPS3,359.6709
D,DISPATCH,UNIT_SCADA,1,"2022/10/20 23:40:00",YWPS4,0
C,"END OF REPORT",419
