C,NEMP.WORLD,DISPATCHSCADA,AEMO,PUBLIC,2022/10/20,03:50:10,0000000373226785,DISPATCHSCADA,0000000373226779
I,DISPATCH,UNIT_SCADA,1,SETTLEMENTDATE,DUID,SCADAVALUE
D,DISPATCH,UNIT_SCADA,1,"2022/10/20 03:55:00",BARCSF1,0.10
D,DISPATCH,UNIT_SCADA,1,"2022/10/20 03:55:00",BUTLERSG,8.699999
D,DISPATCH,UNIT_SCADA,1,"2022/10/20 03:55:00",CAPTL_WF,0
D,DISPATCH,UNIT_SCADA,1,"2022/10/20 03:55:00",CHALLHWF,22.799999
D,DISPATCH,UNIT_SCADA,1,"2022/10/20 03:55:00",CLOVER,13.16
D,DISPATCH,UNIT_SCADA,1,"2022/10/20 03:55:00",CLUNY,6.238956
D,DISPATCH,UNIT_SCADA,1,"2022/10/20 03:55:00",CULLRGWF,-0.02
D,DISPATCH,UNIT_SCADA,1,"2022/10/20 03:55:00",DIAPURWF1,7.30
D,DISPATCH,UNIT_SCADA,1,"2022/10/20 03:55:00",ERGT01,0
D,DISPATCH,UNIT_SCADA,1,"2022/10/20 03:55:00",GB01,0
D,DISPATCH,UNIT_SCADA,1,"2022/10/20 03:55:00",GERMCRK,21.299999
D,DISPATCH,UNIT_SCADA,1,"2022/10/20 03:55:00",GRIFSF1,0.001526
D,DISPATCH,UNIT_SCADA,1,"2022/10/20 03:55:00",HEZ1,0
D,DISPATCH,UNIT_SCADA,1,"2022/10/20 03:55:00",HUGSF1,-0.1740
D,DISPATCH,UNIT_SCADA,1,"2022/10/20 03:55:00",KEPBG1,0.01
D,DISPATCH,UNIT_SCADA,1,"2022/10/20 03:55:00",LRSF1,0.0240
D,DISPATCH,UNIT_SCADA,1,"2022/10/20 03:55:00",MBAHNTH,47.8125
D,DISPATCH,UNIT_SCADA,1,"2022/10/20 03:55:00",MLSP1,0
D,DISPATCH,UNIT_SCADA,1,"2022/10/20 03:55:00",MLWF1,1.6350
D,DISPATCH,UNIT_SCADA,1,"2022/10/20 03:55:00",PALOONA,30.32
D,DISPATCH,UNIT_SCADA,1,"2022/10/20 03:55:00",PIONEER,40.400002
D,DISPATCH,UNIT_SCADA,1,"2022/10/20 03:55:00",PORTWF,36.900002
D,DISPATCH,UNIT_SCADA,1,"2022/10/20 03:55:00",REPULSE,9.391623
D,DISPATCH,UNIT_SCADA,1,"2022/10/20 03:55:00",ROWALLAN,8.9176
D,DISPATCH,UNIT_SCADA,1,"2022/10/20 03:55:00",ROYALLA1,0
D,DISPATCH,UNIT_SCADA,1,"2022/10/20 03:55:00",RPCG,-1.20
D,DISPATCH,UNIT_SCADA,1,"2022/10/20 03:55:00",RUBICON,0
D,DISPATCH,UNIT_SCADA,1,"2022/10/20 03:55:00",WAUBRAWF,86.075996
D,DISPATCH,UNIT_SCADA,1,"2022/10/20 03:55:00",WOOLNTH1,27.849998
D,DISPATCH,UNIT_SCADA,1,"2022/10/20 03:55:00",YAMBUKWF,1.80
D,DISPATCH,UNIT_SCADA,1,"2022/10/20 03:55:00",YSWF1,2.60
D,DISPATCH,UNIT_SCADA,1,"2022/10/20 03:55:00",ADPBA1G,0.0080
D,DISPATCH,UNIT_SCADA,1,"2022/10/20 03:55:00",ADPBA1L,0
D,DISPATCH,UNIT_SCADA,1,"2022/10/20 03:55:00",ADPPV1,0
D,DISPATCH,UNIT_SCADA,1,"2022/10/20 03:55:00",AGLHAL,0
D,DISPATCH,UNIT_SCADA,1,"2022/10/20 03:55:00",AGLSOM,0
D,DISPATCH,UNIT_SCADA,1,"2022/10/20 03:55:00",ANGAST1,0
D,DISPATCH,UNIT_SCADA,1,"2022/10/20 03:55:00",ARWF1,9.50
D,DISPATCH,UNIT_SCADA,1,"2022/10/20 03:55:00",BALBG1,0
D,DISPATCH,UNIT_SCADA,1,"2022/10/20 03:55:00",BALBL1,0
D,DISPATCH,UNIT_SCADA,1,"2022/10/20 03:55:00",BALDHWF1,0.6230
D,DISPATCH,UNIT_SCADA,1,"2022/10/20 03:55:00",BANGOWF1,55.896850
D,DISPATCH,UNIT_SCADA,1,"2022/10/20 03:55:00",BANGOWF2,59.9987
D,DISPATCH,UNIT_SCADA,1,"2022/10/20 03:55:00",BANN1,0
D,DISPATCH,UNIT_SCADA,1,"2022/10/20 03:55:00",BARCALDN,0
D,DISPATCH,UNIT_SCADA,1,"2022/10/20 03:55:00",BARKIPS1,0
D,DISPATCH,UNIT_SCADA,1,"2022/10/20 03:55:00",BARRON-1,0
D,DISPATCH,UNIT_SCADA,1,"2022/10/20 03:55:00",BARRON-2,0
D,DISPATCH,UNIT_SCADA,1,"2022/10/20 03:55:00",BASTYAN,0
D,DISPATCH,UNIT_SCADA,1,"2022/10/20 03:55:00",BBTHREE1,-1.04
D,DISPATCH,UNIT_SCADA,1,"2022/10/20 03:55:00",BBTHREE2,0
D,DISPATCH,UNIT_SCADA,1,"2022/10/20 03:55:00",BBTHREE3,0
D,DISPATCH,UNIT_SCADA,1,"2022/10/20 03:55:00",BDL01,0
D,DISPATCH,UNIT_SCADA,1,"2022/10/20 03:55:00",BDL02,0
D,DISPATCH,UNIT_SCADA,1,"2022/10/20 03:55:00",BERYLSF1,0
D,DISPATCH,UNIT_SCADA,1,"2022/10/20 03:55:00",BLOWERNG,62.60
D,DISPATCH,UNIT_SCADA,1,"2022/10/20 03:55:00",BLUEGSF1,0
D,DISPATCH,UNIT_SCADA,1,"2022/10/20 03:55:00",BLUFF1,16.50
D,DISPATCH,UNIT_SCADA,1,"2022/10/20 03:55:00",BNGSF1,0
D,DISPATCH,UNIT_SCADA,1,"2022/10/20 03:55:00",BNGSF2,0
D,DISPATCH,UNIT_SCADA,1,"2022/10/20 03:55:00",BOCORWF1,9.88
D,DISPATCH,UNIT_SCADA,1,"2022/10/20 03:55:00",BODWF1,87.991120
D,DISPATCH,UNIT_SCADA,1,"2022/10/20 03:55:00",BOMENSF1,0
D,DISPATCH,UNIT_SCADA,1,"2022/10/20 03:55:00",BOWWBA1G,0
D,DISPATCH,UNIT_SCADA,1,"2022/10/20 03:55:00",BOWWBA1L,0.0010
D,DISPATCH,UNIT_SCADA,1,"2022/10/20 03:55:00",BOWWPV1,0
D,DISPATCH,UNIT_SCADA,1,"2022/10/20 03:55:00",BRAEMAR1,0
D,DISPATCH,UNIT_SCADA,1,"2022/10/20 03:55:00",BRAEMAR2,0
D,DISPATCH,UNIT_SCADA,1,"2022/10/20 03:55:00",BRAEMAR3,0
D,DISPATCH,UNIT_SCADA,1,"2022/10/20 03:55:00",BRAEMAR5,0.292060
D,DISPATCH,UNIT_SCADA,1,"2022/10/20 03:55:00",BRAEMAR6,0
D,DISPATCH,UNIT_SCADA,1,"2022/10/20 03:55:00",BRAEMAR7,0.130920
D,DISPATCH,UNIT_SCADA,1,"2022/10/20 03:55:00",BROKENH1,0
D,DISPATCH,UNIT_SCADA,1,"2022/10/20 03:55:00",BRYB1WF1,112.077510
D,DISPATCH,UNIT_SCADA,1,"2022/10/20 03:55:00",BULBESG1,0
D,DISPATCH,UNIT_SCADA,1,"2022/10/20 03:55:00",BULBESL1,0.03
D,DISPATCH,UNIT_SCADA,1,"2022/10/20 03:55:00",BULGANA1,57.59
D,DISPATCH,UNIT_SCADA,1,"2022/10/20 03:55:00",BW01,441.303130
D,DISPATCH,UNIT_SCADA,1,"2022/10/20 03:55:00",BW02,437.958340
D,DISPATCH,UNIT_SCADA,1,"2022/10/20 03:55:00",BW03,437.201510
D,DISPATCH,UNIT_SCADA,1,"2022/10/20 03:55:00",BW04,0
D,DISPATCH,UNIT_SCADA,1,"2022/10/20 03:55:00",CALL_B_1,319.700010
D,DISPATCH,UNIT_SCADA,1,"2022/10/20 03:55:00",CALL_B_2,320.600010
D,DISPATCH,UNIT_SCADA,1,"2022/10/20 03:55:00",CATHROCK,9.80
D,DISPATCH,UNIT_SCADA,1,"2022/10/20 03:55:00",CBWWBA1G,0
D,DISPATCH,UNIT_SCADA,1,"2022/10/20 03:55:00",CBWWBA1L,0
D,DISPATCH,UNIT_SCADA,1,"2022/10/20 03:55:00",CETHANA,98.064750
D,DISPATCH,UNIT_SCADA,1,"2022/10/20 03:55:00",CG1,0
D,DISPATCH,UNIT_SCADA,1,"2022/10/20 03:55:00",CG2,0
D,DISPATCH,UNIT_SCADA,1,"2022/10/20 03:55:00",CG3,0
D,DISPATCH,UNIT_SCADA,1,"2022/10/20 03:55:00",CG4,0
D,DISPATCH,UNIT_SCADA,1,"2022/10/20 03:55:00",CHILDSF1,0
D,DISPATCH,UNIT_SCADA,1,"2022/10/20 03:55:00",CHYTWF1,8.76
D,DISPATCH,UNIT_SCADA,1,"2022/10/20 03:55:00",CLARESF1,0
D,DISPATCH,UNIT_SCADA,1,"2022/10/20 03:55:00",CLEMGPWF,39.907390
D,DISPATCH,UNIT_SCADA,1,"2022/10/20 03:55:00",CLERMSF1,0
D,DISPATCH,UNIT_SCADA,1,"2022/10/20 03:55:00",CNUNDAWF,0
D,DISPATCH,UNIT_SCADA,1,"2022/10/20 03:55:00",COHUNSF1,0
D,DISPATCH,UNIT_SCADA,1,"2022/10/20 03:55:00",COLEASF1,0
D,DISPATCH,UNIT_SCADA,1,"2022/10/20 03:55:00",COLUMSF1,0
D,DISPATCH,UNIT_SCADA,1,"2022/10/20 03:55:00",COLWF01,79.618520
D,DISPATCH,UNIT_SCADA,1,"2022/10/20 03:55:00",COOPGWF1,380.549990
D,DISPATCH,UNIT_SCADA,1,"2022/10/20 03:55:00",CPP_3,359.700010
D,DISPATCH,UNIT_SCADA,1,"2022/10/20 03:55:00",CPP_4,0
D,DISPATCH,UNIT_SCADA,1,"2022/10/20 03:55:00",CPSA,0
D,DISPATCH,UNIT_SCADA,1,"2022/10/20 03:55:00",CROOKWF2,18.804610
D,DISPATCH,UNIT_SCADA,1,"2022/10/20 03:55:00",CROWLWF1,37.623810
D,DISPATCH,UNIT_SCADA,1,"2022/10/20 03:55:00",CRURWF1,79.698550
D,DISPATCH,UNIT_SCADA,1,"2022/10/20 03:55:00",CRWASF1,0
D,DISPATCH,UNIT_SCADA,1,"2022/10/20 03:55:00",CSPVPS1,0
D,DISPATCH,UNIT_SCADA,1,"2022/10/20 03:55:00",CTHLWF1,0.003050
D,DISPATCH,UNIT_SCADA,1,"2022/10/20 03:55:00",DALNTH01,0
D,DISPATCH,UNIT_SCADA,1,"2022/10/20 03:55:00",DALNTHL1,0.102240
D,DISPATCH,UNIT_SCADA,1,"2022/10/20 03:55:00",DARLSF1,0
D,DISPATCH,UNIT_SCADA,1,"2022/10/20 03:55:00",DARTM1,0
D,DISPATCH,UNIT_SCADA,1,"2022/10/20 03:55:00",DAYDSF1,0
D,DISPATCH,UNIT_SCADA,1,"2022/10/20 03:55:00",DDPS1,0
D,DISPATCH,UNIT_SCADA,1,"2022/10/20 03:55:00",DDSF1,0
D,DISPATCH,UNIT_SCADA,1,"2022/10/20 03:55:00",DEVILS_G,43.446150
D,DISPATCH,UNIT_SCADA,1,"2022/10/20 03:55:00",DG_NSW1,0
D,DISPATCH,UNIT_SCADA,1,"2022/10/20 03:55:00",DG_QLD1,0
D,DISPATCH,UNIT_SCADA,1,"2022/10/20 03:55:00",DG_SA1,0
D,DISPATCH,UNIT_SCADA,1,"2022/10/20 03:55:00",DG_TAS1,0
D,DISPATCH,UNIT_SCADA,1,"2022/10/20 03:55:00",DG_VIC1,0
D,DISPATCH,UNIT_SCADA,1,"2022/10/20 03:55:00",DRYCGT1,0
D,DISPATCH,UNIT_SCADA,1,"2022/10/20 03:55:00",DRYCGT2,0
D,DISPATCH,UNIT_SCADA,1,"2022/10/20 03:55:00",DRYCGT3,0
D,DISPATCH,UNIT_SCADA,1,"2022/10/20 03:55:00",DUNDWF1,75.21
D,DISPATCH,UNIT_SCADA,1,"2022/10/20 03:55:00",DUNDWF2,19.03
D,DISPATCH,UNIT_SCADA,1,"2022/10/20 03:55:00",DUNDWF3,60.95
D,DISPATCH,UNIT_SCADA,1,"2022/10/20 03:55:00",EILDON1,59.88
D,DISPATCH,UNIT_SCADA,1,"2022/10/20 03:55:00",EILDON2,59.84
D,DISPATCH,UNIT_SCADA,1,"2022/10/20 03:55:00",ELAINWF1,30.73
D,DISPATCH,UNIT_SCADA,1,"2022/10/20 03:55:00",EMERASF1,0
D,DISPATCH,UNIT_SCADA,1,"2022/10/20 03:55:00",ER01,0
D,DISPATCH,UNIT_SCADA,1,"2022/10/20 03:55:00",ER02,299.8703
D,DISPATCH,UNIT_SCADA,1,"2022/10/20 03:55:00",ER03,334.294650
D,DISPATCH,UNIT_SCADA,1,"2022/10/20 03:55:00",ER04,345.0126
D,DISPATCH,UNIT_SCADA,1,"2022/10/20 03:55:00",FINLYSF1,0
D,DISPATCH,UNIT_SCADA,1,"2022/10/20 03:55:00",FISHER,43.94
D,DISPATCH,UNIT_SCADA,1,"2022/10/20 03:55:00",GANGARR1,0
D,DISPATCH,UNIT_SCADA,1,"2022/10/20 03:55:00",GANNBG1,0
D,DISPATCH,UNIT_SCADA,1,"2022/10/20 03:55:00",GANNBL1,7.733660
D,DISPATCH,UNIT_SCADA,1,"2022/10/20 03:55:00",GANNSF1,0
D,DISPATCH,UNIT_SCADA,1,"2022/10/20 03:55:00",GLRWNSF1,0
D,DISPATCH,UNIT_SCADA,1,"2022/10/20 03:55:00",GNNDHSF1,0
D,DISPATCH,UNIT_SCADA,1,"2022/10/20 03:55:00",GOONSF1,0
D,DISPATCH,UNIT_SCADA,1,"2022/10/20 03:55:00",GORDON,204.239960
D,DISPATCH,UNIT_SCADA,1,"2022/10/20 03:55:00",GRANWF1,0.03
D,DISPATCH,UNIT_SCADA,1,"2022/10/20 03:55:00",GSTONE1,201.4250
D,DISPATCH,UNIT_SCADA,1,"2022/10/20 03:55:00",GSTONE2,0
D,DISPATCH,UNIT_SCADA,1,"2022/10/20 03:55:00",GSTONE3,200.024990
D,DISPATCH,UNIT_SCADA,1,"2022/10/20 03:55:00",GSTONE4,0
D,DISPATCH,UNIT_SCADA,1,"2022/10/20 03:55:00",GSTONE5,201.774990
D,DISPATCH,UNIT_SCADA,1,"2022/10/20 03:55:00",GSTONE6,201.0750
D,DISPATCH,UNIT_SCADA,1,"2022/10/20 03:55:00",GULLRSF1,0
D,DISPATCH,UNIT_SCADA,1,"2022/10/20 03:55:00",GULLRWF1,35.144470
D,DISPATCH,UNIT_SCADA,1,"2022/10/20 03:55:00",GULLRWF2,98.923390
D,DISPATCH,UNIT_SCADA,1,"2022/10/20 03:55:00",GUNNING1,0
D,DISPATCH,UNIT_SCADA,1,"2022/10/20 03:55:00",GUTHEGA,67.80
D,DISPATCH,UNIT_SCADA,1,"2022/10/20 03:55:00",HALLWF1,74.45
D,DISPATCH,UNIT_SCADA,1,"2022/10/20 03:55:00",HALLWF2,53.43
D,DISPATCH,UNIT_SCADA,1,"2022/10/20 03:55:00",HAMISF1,0
D,DISPATCH,UNIT_SCADA,1,"2022/10/20 03:55:00",HAUGHT11,0
D,DISPATCH,UNIT_SCADA,1,"2022/10/20 03:55:00",HAYMSF1,0
D,DISPATCH,UNIT_SCADA,1,"2022/10/20 03:55:00",HDWF1,50.90
D,DISPATCH,UNIT_SCADA,1,"2022/10/20 03:55:00",HDWF2,18.60
D,DISPATCH,UNIT_SCADA,1,"2022/10/20 03:55:00",HDWF3,47.30
D,DISPATCH,UNIT_SCADA,1,"2022/10/20 03:55:00",HILLSTN1,0
D,DISPATCH,UNIT_SCADA,1,"2022/10/20 03:55:00",HPRG1,0
D,DISPATCH,UNIT_SCADA,1,"2022/10/20 03:55:00",HPRL1,35.90
D,DISPATCH,UNIT_SCADA,1,"2022/10/20 03:55:00",HUMENSW,55.459610
D,DISPATCH,UNIT_SCADA,1,"2022/10/20 03:55:00",HUMEV,0
D,DISPATCH,UNIT_SCADA,1,"2022/10/20 03:55:00",HVWWBA1G,0
D,DISPATCH,UNIT_SCADA,1,"2022/10/20 03:55:00",HVWWBA1L,0.0070
D,DISPATCH,UNIT_SCADA,1,"2022/10/20 03:55:00",HVWWPV1,0
D,DISPATCH,UNIT_SCADA,1,"2022/10/20 03:55:00",JBUTTERS,0
D,DISPATCH,UNIT_SCADA,1,"2022/10/20 03:55:00",JEMALNG1,0
D,DISPATCH,UNIT_SCADA,1,"2022/10/20 03:55:00",JLA01,0
D,DISPATCH,UNIT_SCADA,1,"2022/10/20 03:55:00",JLA02,0
D,DISPATCH,UNIT_SCADA,1,"2022/10/20 03:55:00",JLA03,0
D,DISPATCH,UNIT_SCADA,1,"2022/10/20 03:55:00",JLA04,0
D,DISPATCH,UNIT_SCADA,1,"2022/10/20 03:55:00",JLB01,0
D,DISPATCH,UNIT_SCADA,1,"2022/10/20 03:55:00",JLB02,0.10
D,DISPATCH,UNIT_SCADA,1,"2022/10/20 03:55:00",JLB03,0
D,DISPATCH,UNIT_SCADA,1,"2022/10/20 03:55:00",JUNEESF1,0
D,DISPATCH,UNIT_SCADA,1,"2022/10/20 03:55:00",KABANWF1,2.1340
D,DISPATCH,UNIT_SCADA,1,"2022/10/20 03:55:00",KAREEYA1,18.3950
D,DISPATCH,UNIT_SCADA,1,"2022/10/20 03:55:00",KAREEYA2,0
D,DISPATCH,UNIT_SCADA,1,"2022/10/20 03:55:00",KAREEYA3,21.4050
D,DISPATCH,UNIT_SCADA,1,"2022/10/20 03:55:00",KAREEYA4,0
D,DISPATCH,UNIT_SCADA,1,"2022/10/20 03:55:00",KARSF1,0
D,DISPATCH,UNIT_SCADA,1,"2022/10/20 03:55:00",KEPSF1,0
D,DISPATCH,UNIT_SCADA,1,"2022/10/20 03:55:00",KEPWF1,0
D,DISPATCH,UNIT_SCADA,1,"2022/10/20 03:55:00",KIAMSF1,0
D,DISPATCH,UNIT_SCADA,1,"2022/10/20 03:55:00",KIATAWF1,30.60
D,DISPATCH,UNIT_SCADA,1,"2022/10/20 03:55:00",KPP_1,0
D,DISPATCH,UNIT_SCADA,1,"2022/10/20 03:55:00",KSP1,0
D,DISPATCH,UNIT_SCADA,1,"2022/10/20 03:55:00",LADBROK1,0.02
D,DISPATCH,UNIT_SCADA,1,"2022/10/20 03:55:00",LADBROK2,37.88
D,DISPATCH,UNIT_SCADA,1,"2022/10/20 03:55:00",LBBG1,1.65
D,DISPATCH,UNIT_SCADA,1,"2022/10/20 03:55:00",LBBL1,0
D,DISPATCH,UNIT_SCADA,1,"2022/10/20 03:55:00",LD01,318.356870
D,DISPATCH,UNIT_SCADA,1,"2022/10/20 03:55:00",LD02,0
D,DISPATCH,UNIT_SCADA,1,"2022/10/20 03:55:00",LD04,318.613250
D,DISPATCH,UNIT_SCADA,1,"2022/10/20 03:55:00",LEM_WIL,86.951870
D,DISPATCH,UNIT_SCADA,1,"2022/10/20 03:55:00",LGAPWF1,62.59
D,DISPATCH,UNIT_SCADA,1,"2022/10/20 03:55:00",LGAPWF2,33.45
D,DISPATCH,UNIT_SCADA,1,"2022/10/20 03:55:00",LILYSF1,0
D,DISPATCH,UNIT_SCADA,1,"2022/10/20 03:55:00",LIMOSF11,0
D,DISPATCH,UNIT_SCADA,1,"2022/10/20 03:55:00",LIMOSF21,0
D,DISPATCH,UNIT_SCADA,1,"2022/10/20 03:55:00",LI_WY_CA,55.967480
D,DISPATCH,UNIT_SCADA,1,"2022/10/20 03:55:00",LKBONNY1,0
D,DISPATCH,UNIT_SCADA,1,"2022/10/20 03:55:00",LKBONNY2,25.112330
D,DISPATCH,UNIT_SCADA,1,"2022/10/20 03:55:00",LKBONNY3,8.150020
D,DISPATCH,UNIT_SCADA,1,"2022/10/20 03:55:00",LK_ECHO,0
D,DISPATCH,UNIT_SCADA,1,"2022/10/20 03:55:00",LNGS1,0
D,DISPATCH,UNIT_SCADA,1,"2022/10/20 03:55:00",LNGS2,0
D,DISPATCH,UNIT_SCADA,1,"2022/10/20 03:55:00",LONSDALE,0
D,DISPATCH,UNIT_SCADA,1,"2022/10/20 03:55:00",LOYYB1,525.937990
D,DISPATCH,UNIT_SCADA,1,"2022/10/20 03:55:00",LOYYB2,527.0658
D,DISPATCH,UNIT_SCADA,1,"2022/10/20 03:55:00",LYA1,532
D,DISPATCH,UNIT_SCADA,1,"2022/10/20 03:55:00",LYA2,0
D,DISPATCH,UNIT_SCADA,1,"2022/10/20 03:55:00",LYA3,533
D,DISPATCH,UNIT_SCADA,1,"2022/10/20 03:55:00",LYA4,532
D,DISPATCH,UNIT_SCADA,1,"2022/10/20 03:55:00",MACARTH1,17.1996
D,DISPATCH,UNIT_SCADA,1,"2022/10/20 03:55:00",MACKNTSH,0
D,DISPATCH,UNIT_SCADA,1,"2022/10/20 03:55:00",MANSLR1,0
D,DISPATCH,UNIT_SCADA,1,"2022/10/20 03:55:00",MAPS2PV1,0
D,DISPATCH,UNIT_SCADA,1,"2022/10/20 03:55:00",MAPS3PV1,0
D,DISPATCH,UNIT_SCADA,1,"2022/10/20 03:55:00",MARYRSF1,0
D,DISPATCH,UNIT_SCADA,1,"2022/10/20 03:55:00",MBPS2PV1,0
D,DISPATCH,UNIT_SCADA,1,"2022/10/20 03:55:00",MCKAY1,0.02
D,DISPATCH,UNIT_SCADA,1,"2022/10/20 03:55:00",MEADOWBK,19.891680
D,DISPATCH,UNIT_SCADA,1,"2022/10/20 03:55:00",MERCER01,32.40
D,DISPATCH,UNIT_SCADA,1,"2022/10/20 03:55:00",METZSF1,0
D,DISPATCH,UNIT_SCADA,1,"2022/10/20 03:55:00",MEWF1,0
D,DISPATCH,UNIT_SCADA,1,"2022/10/20 03:55:00",MIDDLSF1,0
D,DISPATCH,UNIT_SCADA,1,"2022/10/20 03:55:00",MINTARO,0.128180
D,DISPATCH,UNIT_SCADA,1,"2022/10/20 03:55:00",MOLNGSF1,0
D,DISPATCH,UNIT_SCADA,1,"2022/10/20 03:55:00",MOORAWF1,32.90
D,DISPATCH,UNIT_SCADA,1,"2022/10/20 03:55:00",MOREESF1,0
D,DISPATCH,UNIT_SCADA,1,"2022/10/20 03:55:00",MORTLK11,0
D,DISPATCH,UNIT_SCADA,1,"2022/10/20 03:55:00",MORTLK12,0
D,DISPATCH,UNIT_SCADA,1,"2022/10/20 03:55:00",MOUSF1,0
D,DISPATCH,UNIT_SCADA,1,"2022/10/20 03:55:00",MP1,0
D,DISPATCH,UNIT_SCADA,1,"2022/10/20 03:55:00",MP2,277.970550
D,DISPATCH,UNIT_SCADA,1,"2022/10/20 03:55:00",MPP_1,176.717960
D,DISPATCH,UNIT_SCADA,1,"2022/10/20 03:55:00",MPP_2,0
D,DISPATCH,UNIT_SCADA,1,"2022/10/20 03:55:00",MRTLSWF1,0
D,DISPATCH,UNIT_SCADA,1,"2022/10/20 03:55:00",MSTUART1,0
D,DISPATCH,UNIT_SCADA,1,"2022/10/20 03:55:00",MSTUART2,0
D,DISPATCH,UNIT_SCADA,1,"2022/10/20 03:55:00",MSTUART3,0
D,DISPATCH,UNIT_SCADA,1,"2022/10/20 03:55:00",MTGELWF1,21.027250
D,DISPATCH,UNIT_SCADA,1,"2022/10/20 03:55:00",MTMILLAR,9.60
D,DISPATCH,UNIT_SCADA,1,"2022/10/20 03:55:00",MURRAY,0
D,DISPATCH,UNIT_SCADA,1,"2022/10/20 03:55:00",MUSSELR1,3.70
D,DISPATCH,UNIT_SCADA,1,"2022/10/20 03:55:00",MUWAWF1,182.73
D,DISPATCH,UNIT_SCADA,1,"2022/10/20 03:55:00",MUWAWF2,182.30
D,DISPATCH,UNIT_SCADA,1,"2022/10/20 03:55:00",MWPS1PV1,0
D,DISPATCH,UNIT_SCADA,1,"2022/10/20 03:55:00",MWPS2PV1,0
D,DISPATCH,UNIT_SCADA,1,"2022/10/20 03:55:00",MWPS3PV1,0
D,DISPATCH,UNIT_SCADA,1,"2022/10/20 03:55:00",MWPS4PV1,0
D,DISPATCH,UNIT_SCADA,1,"2022/10/20 03:55:00",NBHWF1,99.90
D,DISPATCH,UNIT_SCADA,1,"2022/10/20 03:55:00",NEVERSF1,0
D,DISPATCH,UNIT_SCADA,1,"2022/10/20 03:55:00",NPS,0
D,DISPATCH,UNIT_SCADA,1,"2022/10/20 03:55:00",NUMURSF1,0
D,DISPATCH,UNIT_SCADA,1,"2022/10/20 03:55:00",NYNGAN1,0
D,DISPATCH,UNIT_SCADA,1,"2022/10/20 03:55:00",OAKEY1,0
D,DISPATCH,UNIT_SCADA,1,"2022/10/20 03:55:00",OAKEY1SF,0
D,DISPATCH,UNIT_SCADA,1,"2022/10/20 03:55:00",OAKEY2,0
D,DISPATCH,UNIT_SCADA,1,"2022/10/20 03:55:00",OAKEY2SF,0
D,DISPATCH,UNIT_SCADA,1,"2022/10/20 03:55:00",OAKLAND1,14.40
D,DISPATCH,UNIT_SCADA,1,"2022/10/20 03:55:00",OSB-AG,0
D,DISPATCH,UNIT_SCADA,1,"2022/10/20 03:55:00",PAREPS1,0.0660
D,DISPATCH,UNIT_SCADA,1,"2022/10/20 03:55:00",PAREPW1,26.21
D,DISPATCH,UNIT_SCADA,1,"2022/10/20 03:55:00",PARSF1,0.001530
D,DISPATCH,UNIT_SCADA,1,"2022/10/20 03:55:00",POAT110,0
D,DISPATCH,UNIT_SCADA,1,"2022/10/20 03:55:00",POAT220,0
D,DISPATCH,UNIT_SCADA,1,"2022/10/20 03:55:00",POR01,0
D,DISPATCH,UNIT_SCADA,1,"2022/10/20 03:55:00",POR03,0
D,DISPATCH,UNIT_SCADA,1,"2022/10/20 03:55:00",PPCCGT,123.890430
D,DISPATCH,UNIT_SCADA,1,"2022/10/20 03:55:00",PTSTAN1,0
D,DISPATCH,UNIT_SCADA,1,"2022/10/20 03:55:00",PUMP1,0
D,DISPATCH,UNIT_SCADA,1,"2022/10/20 03:55:00",PUMP2,0
D,DISPATCH,UNIT_SCADA,1,"2022/10/20 03:55:00",QBYNBG1,0
D,DISPATCH,UNIT_SCADA,1,"2022/10/20 03:55:00",QBYNBL1,0.0005
D,DISPATCH,UNIT_SCADA,1,"2022/10/20 03:55:00",QPS1,0
D,DISPATCH,UNIT_SCADA,1,"2022/10/20 03:55:00",QPS2,0
D,DISPATCH,UNIT_SCADA,1,"2022/10/20 03:55:00",QPS3,0
D,DISPATCH,UNIT_SCADA,1,"2022/10/20 03:55:00",QPS4,0
D,DISPATCH,UNIT_SCADA,1,"2022/10/20 03:55:00",QPS5,74.89
D,DISPATCH,UNIT_SCADA,1,"2022/10/20 03:55:00",REECE1,0
D,DISPATCH,UNIT_SCADA,1,"2022/10/20 03:55:00",REECE2,0
D,DISPATCH,UNIT_SCADA,1,"2022/10/20 03:55:00",ROMA_7,0
D,DISPATCH,UNIT_SCADA,1,"2022/10/20 03:55:00",ROMA_8,0
D,DISPATCH,UNIT_SCADA,1,"2022/10/20 03:55:00",RRSF1,0
D,DISPATCH,UNIT_SCADA,1,"2022/10/20 03:55:00",RT_NSW1,0
D,DISPATCH,UNIT_SCADA,1,"2022/10/20 03:55:00",RT_NSW2,0
D,DISPATCH,UNIT_SCADA,1,"2022/10/20 03:55:00",RT_NSW3,0
D,DISPATCH,UNIT_SCADA,1,"2022/10/20 03:55:00",RT_NSW4,0
D,DISPATCH,UNIT_SCADA,1,"2022/10/20 03:55:00",RT_NSW5,0
D,DISPATCH,UNIT_SCADA,1,"2022/10/20 03:55:00",RT_NSW6,0
D,DISPATCH,UNIT_SCADA,1,"2022/10/20 03:55:00",RT_QLD1,0
D,DISPATCH,UNIT_SCADA,1,"2022/10/20 03:55:00",RT_SA1,0
D,DISPATCH,UNIT_SCADA,1,"2022/10/20 03:55:00",RT_SA2,0
D,DISPATCH,UNIT_SCADA,1,"2022/10/20 03:55:00",RT_SA3,0
D,DISPATCH,UNIT_SCADA,1,"2022/10/20 03:55:00",RT_SA4,0
D,DISPATCH,UNIT_SCADA,1,"2022/10/20 03:55:00",RT_SA5,0
D,DISPATCH,UNIT_SCADA,1,"2022/10/20 03:55:00",RT_SA6,0
D,DISPATCH,UNIT_SCADA,1,"2022/10/20 03:55:00",RT_TAS1,0
D,DISPATCH,UNIT_SCADA,1,"2022/10/20 03:55:00",RT_VIC1,0
D,DISPATCH,UNIT_SCADA,1,"2022/10/20 03:55:00",RT_VIC10,0
D,DISPATCH,UNIT_SCADA,1,"2022/10/20 03:55:00",RT_VIC11,0
D,DISPATCH,UNIT_SCADA,1,"2022/10/20 03:55:00",RT_VIC12,0
D,DISPATCH,UNIT_SCADA,1,"2022/10/20 03:55:00",RT_VIC2,0
D,DISPATCH,UNIT_SCADA,1,"2022/10/20 03:55:00",RT_VIC3,0
D,DISPATCH,UNIT_SCADA,1,"2022/10/20 03:55:00",RT_VIC4,0
D,DISPATCH,UNIT_SCADA,1,"2022/10/20 03:55:00",RT_VIC5,0
D,DISPATCH,UNIT_SCADA,1,"2022/10/20 03:55:00",RT_VIC6,0
D,DISPATCH,UNIT_SCADA,1,"2022/10/20 03:55:00",RT_VIC7,0
D,DISPATCH,UNIT_SCADA,1,"2022/10/20 03:55:00",RT_VIC8,0
D,DISPATCH,UNIT_SCADA,1,"2022/10/20 03:55:00",RT_VIC9,0
D,DISPATCH,UNIT_SCADA,1,"2022/10/20 03:55:00",RUGBYR1,0
D,DISPATCH,UNIT_SCADA,1,"2022/10/20 03:55:00",SALTCRK1,16.04
D,DISPATCH,UNIT_SCADA,1,"2022/10/20 03:55:00",SAPHWF1,137.766080
D,DISPATCH,UNIT_SCADA,1,"2022/10/20 03:55:00",SEBSF1,0
D,DISPATCH,UNIT_SCADA,1,"2022/10/20 03:55:00",SHGEN,0
D,DISPATCH,UNIT_SCADA,1,"2022/10/20 03:55:00",SHPUMP,0
D,DISPATCH,UNIT_SCADA,1,"2022/10/20 03:55:00",SITHE01,0.173950
D,DISPATCH,UNIT_SCADA,1,"2022/10/20 03:55:00",SMCSF1,0
D,DISPATCH,UNIT_SCADA,1,"2022/10/20 03:55:00",SNAPPER1,0
D,DISPATCH,UNIT_SCADA,1,"2022/10/20 03:55:00",SNOWNTH1,132.20
D,DISPATCH,UNIT_SCADA,1,"2022/10/20 03:55:00",SNOWSTH1,118.70
D,DISPATCH,UNIT_SCADA,1,"2022/10/20 03:55:00",SNOWTWN1,92.646590
D,DISPATCH,UNIT_SCADA,1,"2022/10/20 03:55:00",SNOWYP,0
D,DISPATCH,UNIT_SCADA,1,"2022/10/20 03:55:00",SNUG1,0
D,DISPATCH,UNIT_SCADA,1,"2022/10/20 03:55:00",SRSF1,0
D,DISPATCH,UNIT_SCADA,1,"2022/10/20 03:55:00",STAN-1,279.338320
D,DISPATCH,UNIT_SCADA,1,"2022/10/20 03:55:00",STAN-2,364.589510
D,DISPATCH,UNIT_SCADA,1,"2022/10/20 03:55:00",STAN-3,364.448520
D,DISPATCH,UNIT_SCADA,1,"2022/10/20 03:55:00",STAN-4,363.320560
D,DISPATCH,UNIT_SCADA,1,"2022/10/20 03:55:00",STARHLWF,16.095310
D,DISPATCH,UNIT_SCADA,1,"2022/10/20 03:55:00",STOCKYD1,194.61
D,DISPATCH,UNIT_SCADA,1,"2022/10/20 03:55:00",STWF1,44.215150
D,DISPATCH,UNIT_SCADA,1,"2022/10/20 03:55:00",SUNRSF1,0
D,DISPATCH,UNIT_SCADA,1,"2022/10/20 03:55:00",SUNTPSF1,0
D,DISPATCH,UNIT_SCADA,1,"2022/10/20 03:55:00",SWAN_E,232.290010
D,DISPATCH,UNIT_SCADA,1,"2022/10/20 03:55:00",TALWA1,0
D,DISPATCH,UNIT_SCADA,1,"2022/10/20 03:55:00",TARALGA1,0
D,DISPATCH,UNIT_SCADA,1,"2022/10/20 03:55:00",TARONG#1,282
D,DISPATCH,UNIT_SCADA,1,"2022/10/20 03:55:00",TARONG#2,281
D,DISPATCH,UNIT_SCADA,1,"2022/10/20 03:55:00",TARONG#3,0.90
D,DISPATCH,UNIT_SCADA,1,"2022/10/20 03:55:00",TARONG#4,190.20
D,DISPATCH,UNIT_SCADA,1,"2022/10/20 03:55:00",TARRALEA,54
D,DISPATCH,UNIT_SCADA,1,"2022/10/20 03:55:00",TBSF1,0
D,DISPATCH,UNIT_SCADA,1,"2022/10/20 03:55:00",TNPS1,299.50
D,DISPATCH,UNIT_SCADA,1,"2022/10/20 03:55:00",TORRB1,0
D,DISPATCH,UNIT_SCADA,1,"2022/10/20 03:55:00",TORRB2,40
D,DISPATCH,UNIT_SCADA,1,"2022/10/20 03:55:00",TORRB3,0
D,DISPATCH,UNIT_SCADA,1,"2022/10/20 03:55:00",TORRB4,0
D,DISPATCH,UNIT_SCADA,1,"2022/10/20 03:55:00",TREVALLN,100.002060
D,DISPATCH,UNIT_SCADA,1,"2022/10/20 03:55:00",TRIBUTE,0
D,DISPATCH,UNIT_SCADA,1,"2022/10/20 03:55:00",TUMUT3,0
D,DISPATCH,UNIT_SCADA,1,"2022/10/20 03:55:00",TUNGATIN,4.600020
D,DISPATCH,UNIT_SCADA,1,"2022/10/20 03:55:00",TVCC201,0
D,DISPATCH,UNIT_SCADA,1,"2022/10/20 03:55:00",TVPP104,0
D,DISPATCH,UNIT_SCADA,1,"2022/10/20 03:55:00",UPPTUMUT,0
D,DISPATCH,UNIT_SCADA,1,"2022/10/20 03:55:00",URANQ11,0
D,DISPATCH,UNIT_SCADA,1,"2022/10/20 03:55:00",URANQ12,0
D,DISPATCH,UNIT_SCADA,1,"2022/10/20 03:55:00",URANQ13,0
D,DISPATCH,UNIT_SCADA,1,"2022/10/20 03:55:00",URANQ14,0
D,DISPATCH,UNIT_SCADA,1,"2022/10/20 03:55:00",VBBG1,0
D,DISPATCH,UNIT_SCADA,1,"2022/10/20 03:55:00",VBBL1,71.90
D,DISPATCH,UNIT_SCADA,1,"2022/10/20 03:55:00",VP5,511.416960
D,DISPATCH,UNIT_SCADA,1,"2022/10/20 03:55:00",VP6,549.504090
D,DISPATCH,UNIT_SCADA,1,"2022/10/20 03:55:00",VPGS1,0
D,DISPATCH,UNIT_SCADA,1,"2022/10/20 03:55:00",VPGS2,0
D,DISPATCH,UNIT_SCADA,1,"2022/10/20 03:55:00",VPGS3,0
D,DISPATCH,UNIT_SCADA,1,"2022/10/20 03:55:00",VPGS4,0
D,DISPATCH,UNIT_SCADA,1,"2022/10/20 03:55:00",VPGS5,0
D,DISPATCH,UNIT_SCADA,1,"2022/10/20 03:55:00",VPGS6,0
D,DISPATCH,UNIT_SCADA,1,"2022/10/20 03:55:00",W/HOE#1,0
D,DISPATCH,UNIT_SCADA,1,"2022/10/20 03:55:00",W/HOE#2,0
D,DISPATCH,UNIT_SCADA,1,"2022/10/20 03:55:00",WAGGNSF1,0
D,DISPATCH,UNIT_SCADA,1,"2022/10/20 03:55:00",WALGRVG1,0
D,DISPATCH,UNIT_SCADA,1,"2022/10/20 03:55:00",WALGRVL1,14.625670
D,DISPATCH,UNIT_SCADA,1,"2022/10/20 03:55:00",WANDBG1,0
D,DISPATCH,UNIT_SCADA,1,"2022/10/20 03:55:00",WANDBL1,0
D,DISPATCH,UNIT_SCADA,1,"2022/10/20 03:55:00",WARWSF1,0
D,DISPATCH,UNIT_SCADA,1,"2022/10/20 03:55:00",WARWSF2,0
D,DISPATCH,UNIT_SCADA,1,"2022/10/20 03:55:00",WATERLWF,90.60
D,DISPATCH,UNIT_SCADA,1,"2022/10/20 03:55:00",WDGPH1,0
D,DISPATCH,UNIT_SCADA,1,"2022/10/20 03:55:00",WELLSF1,0
D,DISPATCH,UNIT_SCADA,1,"2022/10/20 03:55:00",WEMENSF1,0
D,DISPATCH,UNIT_SCADA,1,"2022/10/20 03:55:00",WGWF1,109.40
D,DISPATCH,UNIT_SCADA,1,"2022/10/20 03:55:00",WHITSF1,0
D,DISPATCH,UNIT_SCADA,1,"2022/10/20 03:55:00",WINTSF1,0
D,DISPATCH,UNIT_SCADA,1,"2022/10/20 03:55:00",WKIEWA1,33.90
D,DISPATCH,UNIT_SCADA,1,"2022/10/20 03:55:00",WKIEWA2,33.90
D,DISPATCH,UNIT_SCADA,1,"2022/10/20 03:55:00",WOODLWN1,8.108030
D,DISPATCH,UNIT_SCADA,1,"2022/10/20 03:55:00",WOOLGSF1,0
D,DISPATCH,UNIT_SCADA,1,"2022/10/20 03:55:00",WPWF,71.21
D,DISPATCH,UNIT_SCADA,1,"2022/10/20 03:55:00",WRSF1,0
D,DISPATCH,UNIT_SCADA,1,"2022/10/20 03:55:00",WRWF1,47.129010
D,DISPATCH,UNIT_SCADA,1,"2022/10/20 03:55:00",WSTWYSF1,0
D,DISPATCH,UNIT_SCADA,1,"2022/10/20 03:55:00",YABULU,0
D,DISPATCH,UNIT_SCADA,1,"2022/10/20 03:55:00",YABULU2,0
D,DISPATCH,UNIT_SCADA,1,"2022/10/20 03:55:00",YARANSF1,0
D,DISPATCH,UNIT_SCADA,1,"2022/10/20 03:55:00",YARWUN_1,159.95
D,DISPATCH,UNIT_SCADA,1,"2022/10/20 03:55:00",YATSF1,0
D,DISPATCH,UNIT_SCADA,1,"2022/10/20 03:55:00",YENDWF1,30.04
D,DISPATCH,UNIT_SCADA,1,"2022/10/20 03:55:00",YWPS1,363.908870
D,DISPATCH,UNIT_SCADA,1,"2022/10/20 03:55:00",YWPS2,359.898740
D,DISPATCH,UNIT_SCADA,1,"2022/10/20 03:55:00",YWPS3,360.517730
D,DISPATCH,UNIT_SCADA,1,"2022/10/20 03:55:00",YWPS4,0
C,"END OF REPORT",419
