C,NEMP.WORLD,DISPATCHSCADA,AEMO,PUBLIC,2022/10/20,11:00:09,0000000373249003,DISPATCHSCADA,0000000373248997
I,DISPATCH,UNIT_SCADA,1,SETTLEMENTDATE,DUID,SCADAVALUE
D,DISPATCH,UNIT_SCADA,1,"2022/10/20 11:05:00",BARCSF1,11
D,DISPATCH,UNIT_SCADA,1,"2022/10/20 11:05:00",BUTLERSG,8.699999
D,DISPATCH,UNIT_SCADA,1,"2022/10/20 11:05:00",CAPTL_WF,29.555138
D,DISPATCH,UNIT_SCADA,1,"2022/10/20 11:05:00",CHALLHWF,4.50
D,DISPATCH,UNIT_SCADA,1,"2022/10/20 11:05:00",CLOVER,9.88
D,DISPATCH,UNIT_SCADA,1,"2022/10/20 11:05:00",CLUNY,6.186770
D,DISPATCH,UNIT_SCADA,1,"2022/10/20 11:05:00",CULLRGWF,-0.03
D,DISPATCH,UNIT_SCADA,1,"2022/10/20 11:05:00",DIAPURWF1,2.90
D,DISPATCH,UNIT_SCADA,1,"2022/10/20 11:05:00",ERGT01,0
D,DISPATCH,UNIT_SCADA,1,"2022/10/20 11:05:00",GB01,0
D,DISPATCH,UNIT_SCADA,1,"2022/10/20 11:05:00",GERMCRK,19.200001
D,DISPATCH,UNIT_SCADA,1,"2022/10/20 11:05:00",GRIFSF1,11.400015
D,DISPATCH,UNIT_SCADA,1,"2022/10/20 11:05:00",HEZ1,0
D,DISPATCH,UNIT_SCADA,1,"2022/10/20 11:05:00",HUGSF1,11.8520
D,DISPATCH,UNIT_SCADA,1,"2022/10/20 11:05:00",KEPBG1,0
D,DISPATCH,UNIT_SCADA,1,"2022/10/20 11:05:00",LRSF1,12.117001
D,DISPATCH,UNIT_SCADA,1,"2022/10/20 11:05:00",MBAHNTH,48.300003
D,DISPATCH,UNIT_SCADA,1,"2022/10/20 11:05:00",MLSP1,4.102001
D,DISPATCH,UNIT_SCADA,1,"2022/10/20 11:05:00",MLWF1,3.7650
D,DISPATCH,UNIT_SCADA,1,"2022/10/20 11:05:00",PALOONA,30.23
D,DISPATCH,UNIT_SCADA,1,"2022/10/20 11:05:00",PIONEER,38
D,DISPATCH,UNIT_SCADA,1,"2022/10/20 11:05:00",PORTWF,88.599998
D,DISPATCH,UNIT_SCADA,1,"2022/10/20 11:05:00",REPULSE,9.626001
D,DISPATCH,UNIT_SCADA,1,"2022/10/20 11:05:00",ROWALLAN,8.846601
D,DISPATCH,UNIT_SCADA,1,"2022/10/20 11:05:00",ROYALLA1,11.238003
D,DISPATCH,UNIT_SCADA,1,"2022/10/20 11:05:00",RPCG,-1.80
D,DISPATCH,UNIT_SCADA,1,"2022/10/20 11:05:00",RUBICON,0
D,DISPATCH,UNIT_SCADA,1,"2022/10/20 11:05:00",WAUBRAWF,12.5570
D,DISPATCH,UNIT_SCADA,1,"2022/10/20 11:05:00",WOOLNTH1,-0.50
D,DISPATCH,UNIT_SCADA,1,"2022/10/20 11:05:00",YAMBUKWF,5.80
D,DISPATCH,UNIT_SCADA,1,"2022/10/20 11:05:00",YSWF1,1.30
D,DISPATCH,UNIT_SCADA,1,"2022/10/20 11:05:00",ADPBA1G,0.0080
D,DISPATCH,UNIT_SCADA,1,"2022/10/20 11:05:00",ADPBA1L,0
D,DISPATCH,UNIT_SCADA,1,"2022/10/20 11:05:00",ADPPV1,0.0610
D,DISPATCH,UNIT_SCADA,1,"2022/10/20 11:05:00",AGLHAL,0
D,DISPATCH,UNIT_SCADA,1,"2022/10/20 11:05:00",AGLSOM,0
D,DISPATCH,UNIT_SCADA,1,"2022/10/20 11:05:00",ANGAST1,0
D,DISPATCH,UNIT_SCADA,1,"2022/10/20 11:05:00",ARWF1,0
D,DISPATCH,UNIT_SCADA,1,"2022/10/20 11:05:00",BALBG1,0
D,DISPATCH,UNIT_SCADA,1,"2022/10/20 11:05:00",BALBL1,17.39
D,DISPATCH,UNIT_SCADA,1,"2022/10/20 11:05:00",BALDHWF1,8.8450
D,DISPATCH,UNIT_SCADA,1,"2022/10/20 11:05:00",BANGOWF1,30.598610
D,DISPATCH,UNIT_SCADA,1,"2022/10/20 11:05:00",BANGOWF2,47.897540
D,DISPATCH,UNIT_SCADA,1,"2022/10/20 11:05:00",BANN1,10.51
D,DISPATCH,UNIT_SCADA,1,"2022/10/20 11:05:00",BARCALDN,0
D,DISPATCH,UNIT_SCADA,1,"2022/10/20 11:05:00",BARKIPS1,0
D,DISPATCH,UNIT_SCADA,1,"2022/10/20 11:05:00",BARRON-1,0
D,DISPATCH,UNIT_SCADA,1,"2022/10/20 11:05:00",BARRON-2,0
D,DISPATCH,UNIT_SCADA,1,"2022/10/20 11:05:00",BASTYAN,49.39
D,DISPATCH,UNIT_SCADA,1,"2022/10/20 11:05:00",BBTHREE1,0
D,DISPATCH,UNIT_SCADA,1,"2022/10/20 11:05:00",BBTHREE2,0
D,DISPATCH,UNIT_SCADA,1,"2022/10/20 11:05:00",BBTHREE3,-1.02
D,DISPATCH,UNIT_SCADA,1,"2022/10/20 11:05:00",BDL01,0
D,DISPATCH,UNIT_SCADA,1,"2022/10/20 11:05:00",BDL02,0
D,DISPATCH,UNIT_SCADA,1,"2022/10/20 11:05:00",BERYLSF1,14.211260
D,DISPATCH,UNIT_SCADA,1,"2022/10/20 11:05:00",BLOWERNG,62.50
D,DISPATCH,UNIT_SCADA,1,"2022/10/20 11:05:00",BLUEGSF1,75.001850
D,DISPATCH,UNIT_SCADA,1,"2022/10/20 11:05:00",BLUFF1,10.30
D,DISPATCH,UNIT_SCADA,1,"2022/10/20 11:05:00",BNGSF1,109.95
D,DISPATCH,UNIT_SCADA,1,"2022/10/20 11:05:00",BNGSF2,110.43
D,DISPATCH,UNIT_SCADA,1,"2022/10/20 11:05:00",BOCORWF1,7.58
D,DISPATCH,UNIT_SCADA,1,"2022/10/20 11:05:00",BODWF1,102.752590
D,DISPATCH,UNIT_SCADA,1,"2022/10/20 11:05:00",BOMENSF1,63.082630
D,DISPATCH,UNIT_SCADA,1,"2022/10/20 11:05:00",BOWWBA1G,0
D,DISPATCH,UNIT_SCADA,1,"2022/10/20 11:05:00",BOWWBA1L,0
D,DISPATCH,UNIT_SCADA,1,"2022/10/20 11:05:00",BOWWPV1,0
D,DISPATCH,UNIT_SCADA,1,"2022/10/20 11:05:00",BRAEMAR1,0
D,DISPATCH,UNIT_SCADA,1,"2022/10/20 11:05:00",BRAEMAR2,0
D,DISPATCH,UNIT_SCADA,1,"2022/10/20 11:05:00",BRAEMAR3,0
D,DISPATCH,UNIT_SCADA,1,"2022/10/20 11:05:00",BRAEMAR5,0.292060
D,DISPATCH,UNIT_SCADA,1,"2022/10/20 11:05:00",BRAEMAR6,0
D,DISPATCH,UNIT_SCADA,1,"2022/10/20 11:05:00",BRAEMAR7,0.130920
D,DISPATCH,UNIT_SCADA,1,"2022/10/20 11:05:00",BROKENH1,24.199630
D,DISPATCH,UNIT_SCADA,1,"2022/10/20 11:05:00",BRYB1WF1,91.514460
D,DISPATCH,UNIT_SCADA,1,"2022/10/20 11:05:00",BULBESG1,0
D,DISPATCH,UNIT_SCADA,1,"2022/10/20 11:05:00",BULBESL1,0.53
D,DISPATCH,UNIT_SCADA,1,"2022/10/20 11:05:00",BULGANA1,4.32
D,DISPATCH,UNIT_SCADA,1,"2022/10/20 11:05:00",BW01,650.437190
D,DISPATCH,UNIT_SCADA,1,"2022/10/20 11:05:00",BW02,611.3985
D,DISPATCH,UNIT_SCADA,1,"2022/10/20 11:05:00",BW03,492.085140
D,DISPATCH,UNIT_SCADA,1,"2022/10/20 11:05:00",BW04,0
D,DISPATCH,UNIT_SCADA,1,"2022/10/20 11:05:00",CALL_B_1,317.700010
D,DISPATCH,UNIT_SCADA,1,"2022/10/20 11:05:00",CALL_B_2,315.399990
D,DISPATCH,UNIT_SCADA,1,"2022/10/20 11:05:00",CATHROCK,0.40
D,DISPATCH,UNIT_SCADA,1,"2022/10/20 11:05:00",CBWWBA1G,0
D,DISPATCH,UNIT_SCADA,1,"2022/10/20 11:05:00",CBWWBA1L,0
D,DISPATCH,UNIT_SCADA,1,"2022/10/20 11:05:00",CETHANA,8.791130
D,DISPATCH,UNIT_SCADA,1,"2022/10/20 11:05:00",CG1,0
D,DISPATCH,UNIT_SCADA,1,"2022/10/20 11:05:00",CG2,0
D,DISPATCH,UNIT_SCADA,1,"2022/10/20 11:05:00",CG3,0
D,DISPATCH,UNIT_SCADA,1,"2022/10/20 11:05:00",CG4,0
D,DISPATCH,UNIT_SCADA,1,"2022/10/20 11:05:00",CHILDSF1,14.23
D,DISPATCH,UNIT_SCADA,1,"2022/10/20 11:05:00",CHYTWF1,2.90
D,DISPATCH,UNIT_SCADA,1,"2022/10/20 11:05:00",CLARESF1,58.890240
D,DISPATCH,UNIT_SCADA,1,"2022/10/20 11:05:00",CLEMGPWF,22.618990
D,DISPATCH,UNIT_SCADA,1,"2022/10/20 11:05:00",CLERMSF1,37.55
D,DISPATCH,UNIT_SCADA,1,"2022/10/20 11:05:00",CNUNDAWF,0
D,DISPATCH,UNIT_SCADA,1,"2022/10/20 11:05:00",COHUNSF1,0.06
D,DISPATCH,UNIT_SCADA,1,"2022/10/20 11:05:00",COLEASF1,39.802010
D,DISPATCH,UNIT_SCADA,1,"2022/10/20 11:05:00",COLUMSF1,36.8540
D,DISPATCH,UNIT_SCADA,1,"2022/10/20 11:05:00",COLWF01,75.228510
D,DISPATCH,UNIT_SCADA,1,"2022/10/20 11:05:00",COOPGWF1,183.28
D,DISPATCH,UNIT_SCADA,1,"2022/10/20 11:05:00",CPP_3,365.475010
D,DISPATCH,UNIT_SCADA,1,"2022/10/20 11:05:00",CPP_4,0
D,DISPATCH,UNIT_SCADA,1,"2022/10/20 11:05:00",CPSA,0
D,DISPATCH,UNIT_SCADA,1,"2022/10/20 11:05:00",CROOKWF2,46.413670
D,DISPATCH,UNIT_SCADA,1,"2022/10/20 11:05:00",CROWLWF1,10.1161
D,DISPATCH,UNIT_SCADA,1,"2022/10/20 11:05:00",CRURWF1,59.396130
D,DISPATCH,UNIT_SCADA,1,"2022/10/20 11:05:00",CRWASF1,28.447740
D,DISPATCH,UNIT_SCADA,1,"2022/10/20 11:05:00",CSPVPS1,0.8320
D,DISPATCH,UNIT_SCADA,1,"2022/10/20 11:05:00",CTHLWF1,0.003050
D,DISPATCH,UNIT_SCADA,1,"2022/10/20 11:05:00",DALNTH01,0
D,DISPATCH,UNIT_SCADA,1,"2022/10/20 11:05:00",DALNTHL1,0.132750
D,DISPATCH,UNIT_SCADA,1,"2022/10/20 11:05:00",DARLSF1,85.5480
D,DISPATCH,UNIT_SCADA,1,"2022/10/20 11:05:00",DARTM1,0
D,DISPATCH,UNIT_SCADA,1,"2022/10/20 11:05:00",DAYDSF1,0
D,DISPATCH,UNIT_SCADA,1,"2022/10/20 11:05:00",DDPS1,0
D,DISPATCH,UNIT_SCADA,1,"2022/10/20 11:05:00",DDSF1,44.904450
D,DISPATCH,UNIT_SCADA,1,"2022/10/20 11:05:00",DEVILS_G,50.3531
D,DISPATCH,UNIT_SCADA,1,"2022/10/20 11:05:00",DG_NSW1,0
D,DISPATCH,UNIT_SCADA,1,"2022/10/20 11:05:00",DG_QLD1,0
D,DISPATCH,UNIT_SCADA,1,"2022/10/20 11:05:00",DG_SA1,0
D,DISPATCH,UNIT_SCADA,1,"2022/10/20 11:05:00",DG_TAS1,0
D,DISPATCH,UNIT_SCADA,1,"2022/10/20 11:05:00",DG_VIC1,0
D,DISPATCH,UNIT_SCADA,1,"2022/10/20 11:05:00",DRYCGT1,0
D,DISPATCH,UNIT_SCADA,1,"2022/10/20 11:05:00",DRYCGT2,0
D,DISPATCH,UNIT_SCADA,1,"2022/10/20 11:05:00",DRYCGT3,0
D,DISPATCH,UNIT_SCADA,1,"2022/10/20 11:05:00",DUNDWF1,50.16
D,DISPATCH,UNIT_SCADA,1,"2022/10/20 11:05:00",DUNDWF2,15.78
D,DISPATCH,UNIT_SCADA,1,"2022/10/20 11:05:00",DUNDWF3,43.14
D,DISPATCH,UNIT_SCADA,1,"2022/10/20 11:05:00",EILDON1,59.56
D,DISPATCH,UNIT_SCADA,1,"2022/10/20 11:05:00",EILDON2,60.16
D,DISPATCH,UNIT_SCADA,1,"2022/10/20 11:05:00",ELAINWF1,28.57
D,DISPATCH,UNIT_SCADA,1,"2022/10/20 11:05:00",EMERASF1,0
D,DISPATCH,UNIT_SCADA,1,"2022/10/20 11:05:00",ER01,0
D,DISPATCH,UNIT_SCADA,1,"2022/10/20 11:05:00",ER02,329.875640
D,DISPATCH,UNIT_SCADA,1,"2022/10/20 11:05:00",ER03,410.540920
D,DISPATCH,UNIT_SCADA,1,"2022/10/20 11:05:00",ER04,411.541930
D,DISPATCH,UNIT_SCADA,1,"2022/10/20 11:05:00",FINLYSF1,131.511410
D,DISPATCH,UNIT_SCADA,1,"2022/10/20 11:05:00",FISHER,43.86
D,DISPATCH,UNIT_SCADA,1,"2022/10/20 11:05:00",GANGARR1,14.7490
D,DISPATCH,UNIT_SCADA,1,"2022/10/20 11:05:00",GANNBG1,0
D,DISPATCH,UNIT_SCADA,1,"2022/10/20 11:05:00",GANNBL1,5.0277
D,DISPATCH,UNIT_SCADA,1,"2022/10/20 11:05:00",GANNSF1,28.20
D,DISPATCH,UNIT_SCADA,1,"2022/10/20 11:05:00",GLRWNSF1,110.01
D,DISPATCH,UNIT_SCADA,1,"2022/10/20 11:05:00",GNNDHSF1,73.303960
D,DISPATCH,UNIT_SCADA,1,"2022/10/20 11:05:00",GOONSF1,6.961780
D,DISPATCH,UNIT_SCADA,1,"2022/10/20 11:05:00",GORDON,202.508760
D,DISPATCH,UNIT_SCADA,1,"2022/10/20 11:05:00",GRANWF1,0.70
D,DISPATCH,UNIT_SCADA,1,"2022/10/20 11:05:00",GSTONE1,200.20
D,DISPATCH,UNIT_SCADA,1,"2022/10/20 11:05:00",GSTONE2,0
D,DISPATCH,UNIT_SCADA,1,"2022/10/20 11:05:00",GSTONE3,200.724990
D,DISPATCH,UNIT_SCADA,1,"2022/10/20 11:05:00",GSTONE4,0
D,DISPATCH,UNIT_SCADA,1,"2022/10/20 11:05:00",GSTONE5,182
D,DISPATCH,UNIT_SCADA,1,"2022/10/20 11:05:00",GSTONE6,182.524990
D,DISPATCH,UNIT_SCADA,1,"2022/10/20 11:05:00",GULLRSF1,4.404930
D,DISPATCH,UNIT_SCADA,1,"2022/10/20 11:05:00",GULLRWF1,65.8340
D,DISPATCH,UNIT_SCADA,1,"2022/10/20 11:05:00",GULLRWF2,85.256670
D,DISPATCH,UNIT_SCADA,1,"2022/10/20 11:05:00",GUNNING1,0
D,DISPATCH,UNIT_SCADA,1,"2022/10/20 11:05:00",GUTHEGA,66.600010
D,DISPATCH,UNIT_SCADA,1,"2022/10/20 11:05:00",HALLWF1,9.80
D,DISPATCH,UNIT_SCADA,1,"2022/10/20 11:05:00",HALLWF2,10.21
D,DISPATCH,UNIT_SCADA,1,"2022/10/20 11:05:00",HAMISF1,0
D,DISPATCH,UNIT_SCADA,1,"2022/10/20 11:05:00",HAUGHT11,48.4393
D,DISPATCH,UNIT_SCADA,1,"2022/10/20 11:05:00",HAYMSF1,0
D,DISPATCH,UNIT_SCADA,1,"2022/10/20 11:05:00",HDWF1,57.30
D,DISPATCH,UNIT_SCADA,1,"2022/10/20 11:05:00",HDWF2,68.50
D,DISPATCH,UNIT_SCADA,1,"2022/10/20 11:05:00",HDWF3,68.90
D,DISPATCH,UNIT_SCADA,1,"2022/10/20 11:05:00",HILLSTN1,25.946110
D,DISPATCH,UNIT_SCADA,1,"2022/10/20 11:05:00",HPRG1,0
D,DISPATCH,UNIT_SCADA,1,"2022/10/20 11:05:00",HPRL1,17.50
D,DISPATCH,UNIT_SCADA,1,"2022/10/20 11:05:00",HUMENSW,54.549050
D,DISPATCH,UNIT_SCADA,1,"2022/10/20 11:05:00",HUMEV,0
D,DISPATCH,UNIT_SCADA,1,"2022/10/20 11:05:00",HVWWBA1G,0
D,DISPATCH,UNIT_SCADA,1,"2022/10/20 11:05:00",HVWWBA1L,0.0070
D,DISPATCH,UNIT_SCADA,1,"2022/10/20 11:05:00",HVWWPV1,0.0180
D,DISPATCH,UNIT_SCADA,1,"2022/10/20 11:05:00",JBUTTERS,0
D,DISPATCH,UNIT_SCADA,1,"2022/10/20 11:05:00",JEMALNG1,11.49
D,DISPATCH,UNIT_SCADA,1,"2022/10/20 11:05:00",JLA01,0
D,DISPATCH,UNIT_SCADA,1,"2022/10/20 11:05:00",JLA02,0
D,DISPATCH,UNIT_SCADA,1,"2022/10/20 11:05:00",JLA03,0
D,DISPATCH,UNIT_SCADA,1,"2022/10/20 11:05:00",JLA04,0
D,DISPATCH,UNIT_SCADA,1,"2022/10/20 11:05:00",JLB01,0
D,DISPATCH,UNIT_SCADA,1,"2022/10/20 11:05:00",JLB02,0.10
D,DISPATCH,UNIT_SCADA,1,"2022/10/20 11:05:00",JLB03,0
D,DISPATCH,UNIT_SCADA,1,"2022/10/20 11:05:00",JUNEESF1,11.969540
D,DISPATCH,UNIT_SCADA,1,"2022/10/20 11:05:00",KABANWF1,0.0190
D,DISPATCH,UNIT_SCADA,1,"2022/10/20 11:05:00",KAREEYA1,0
D,DISPATCH,UNIT_SCADA,1,"2022/10/20 11:05:00",KAREEYA2,0
D,DISPATCH,UNIT_SCADA,1,"2022/10/20 11:05:00",KAREEYA3,4.59
D,DISPATCH,UNIT_SCADA,1,"2022/10/20 11:05:00",KAREEYA4,0
D,DISPATCH,UNIT_SCADA,1,"2022/10/20 11:05:00",KARSF1,40.30
D,DISPATCH,UNIT_SCADA,1,"2022/10/20 11:05:00",KEPSF1,11.03
D,DISPATCH,UNIT_SCADA,1,"2022/10/20 11:05:00",KEPWF1,2.45
D,DISPATCH,UNIT_SCADA,1,"2022/10/20 11:05:00",KIAMSF1,16.292820
D,DISPATCH,UNIT_SCADA,1,"2022/10/20 11:05:00",KIATAWF1,4.70
D,DISPATCH,UNIT_SCADA,1,"2022/10/20 11:05:00",KPP_1,0
D,DISPATCH,UNIT_SCADA,1,"2022/10/20 11:05:00",KSP1,20.65
D,DISPATCH,UNIT_SCADA,1,"2022/10/20 11:05:00",LADBROK1,0.02
D,DISPATCH,UNIT_SCADA,1,"2022/10/20 11:05:00",LADBROK2,0.01
D,DISPATCH,UNIT_SCADA,1,"2022/10/20 11:05:00",LBBG1,0
D,DISPATCH,UNIT_SCADA,1,"2022/10/20 11:05:00",LBBL1,11.10
D,DISPATCH,UNIT_SCADA,1,"2022/10/20 11:05:00",LD01,270.345150
D,DISPATCH,UNIT_SCADA,1,"2022/10/20 11:05:00",LD02,0
D,DISPATCH,UNIT_SCADA,1,"2022/10/20 11:05:00",LD04,274.959560
D,DISPATCH,UNIT_SCADA,1,"2022/10/20 11:05:00",LEM_WIL,62.910910
D,DISPATCH,UNIT_SCADA,1,"2022/10/20 11:05:00",LGAPWF1,36.93
D,DISPATCH,UNIT_SCADA,1,"2022/10/20 11:05:00",LGAPWF2,22.68
D,DISPATCH,UNIT_SCADA,1,"2022/10/20 11:05:00",LILYSF1,28.573690
D,DISPATCH,UNIT_SCADA,1,"2022/10/20 11:05:00",LIMOSF11,106.142820
D,DISPATCH,UNIT_SCADA,1,"2022/10/20 11:05:00",LIMOSF21,10.753920
D,DISPATCH,UNIT_SCADA,1,"2022/10/20 11:05:00",LI_WY_CA,54.894770
D,DISPATCH,UNIT_SCADA,1,"2022/10/20 11:05:00",LKBONNY1,0
D,DISPATCH,UNIT_SCADA,1,"2022/10/20 11:05:00",LKBONNY2,0
D,DISPATCH,UNIT_SCADA,1,"2022/10/20 11:05:00",LKBONNY3,0
D,DISPATCH,UNIT_SCADA,1,"2022/10/20 11:05:00",LK_ECHO,0
D,DISPATCH,UNIT_SCADA,1,"2022/10/20 11:05:00",LNGS1,0
D,DISPATCH,UNIT_SCADA,1,"2022/10/20 11:05:00",LNGS2,0
D,DISPATCH,UNIT_SCADA,1,"2022/10/20 11:05:00",LONSDALE,0
D,DISPATCH,UNIT_SCADA,1,"2022/10/20 11:05:00",LOYYB1,435.334170
D,DISPATCH,UNIT_SCADA,1,"2022/10/20 11:05:00",LOYYB2,436.837980
D,DISPATCH,UNIT_SCADA,1,"2022/10/20 11:05:00",LYA1,411
D,DISPATCH,UNIT_SCADA,1,"2022/10/20 11:05:00",LYA2,0
D,DISPATCH,UNIT_SCADA,1,"2022/10/20 11:05:00",LYA3,345
D,DISPATCH,UNIT_SCADA,1,"2022/10/20 11:05:00",LYA4,345
D,DISPATCH,UNIT_SCADA,1,"2022/10/20 11:05:00",MACARTH1,56.798690
D,DISPATCH,UNIT_SCADA,1,"2022/10/20 11:05:00",MACKNTSH,0
D,DISPATCH,UNIT_SCADA,1,"2022/10/20 11:05:00",MANSLR1,29.5380
D,DISPATCH,UNIT_SCADA,1,"2022/10/20 11:05:00",MAPS2PV1,0
D,DISPATCH,UNIT_SCADA,1,"2022/10/20 11:05:00",MAPS3PV1,0
D,DISPATCH,UNIT_SCADA,1,"2022/10/20 11:05:00",MARYRSF1,14.48
D,DISPATCH,UNIT_SCADA,1,"2022/10/20 11:05:00",MBPS2PV1,0
D,DISPATCH,UNIT_SCADA,1,"2022/10/20 11:05:00",MCKAY1,0.02
D,DISPATCH,UNIT_SCADA,1,"2022/10/20 11:05:00",MEADOWBK,5.973220
D,DISPATCH,UNIT_SCADA,1,"2022/10/20 11:05:00",MERCER01,31.40
D,DISPATCH,UNIT_SCADA,1,"2022/10/20 11:05:00",METZSF1,21.128520
D,DISPATCH,UNIT_SCADA,1,"2022/10/20 11:05:00",MEWF1,1.275070
D,DISPATCH,UNIT_SCADA,1,"2022/10/20 11:05:00",MIDDLSF1,11.80
D,DISPATCH,UNIT_SCADA,1,"2022/10/20 11:05:00",MINTARO,0.128180
D,DISPATCH,UNIT_SCADA,1,"2022/10/20 11:05:00",MOLNGSF1,15.267570
D,DISPATCH,UNIT_SCADA,1,"2022/10/20 11:05:00",MOORAWF1,57.68
D,DISPATCH,UNIT_SCADA,1,"2022/10/20 11:05:00",MOREESF1,17.0880
D,DISPATCH,UNIT_SCADA,1,"2022/10/20 11:05:00",MORTLK11,0
D,DISPATCH,UNIT_SCADA,1,"2022/10/20 11:05:00",MORTLK12,0
D,DISPATCH,UNIT_SCADA,1,"2022/10/20 11:05:00",MOUSF1,0
D,DISPATCH,UNIT_SCADA,1,"2022/10/20 11:05:00",MP1,0
D,DISPATCH,UNIT_SCADA,1,"2022/10/20 11:05:00",MP2,338.640410
D,DISPATCH,UNIT_SCADA,1,"2022/10/20 11:05:00",MPP_1,181.967160
D,DISPATCH,UNIT_SCADA,1,"2022/10/20 11:05:00",MPP_2,181.3110
D,DISPATCH,UNIT_SCADA,1,"2022/10/20 11:05:00",MRTLSWF1,0
D,DISPATCH,UNIT_SCADA,1,"2022/10/20 11:05:00",MSTUART1,0
D,DISPATCH,UNIT_SCADA,1,"2022/10/20 11:05:00",MSTUART2,0
D,DISPATCH,UNIT_SCADA,1,"2022/10/20 11:05:00",MSTUART3,0
D,DISPATCH,UNIT_SCADA,1,"2022/10/20 11:05:00",MTGELWF1,40.9772
D,DISPATCH,UNIT_SCADA,1,"2022/10/20 11:05:00",MTMILLAR,1.90
D,DISPATCH,UNIT_SCADA,1,"2022/10/20 11:05:00",MURRAY,0
D,DISPATCH,UNIT_SCADA,1,"2022/10/20 11:05:00",MUSSELR1,99.50
D,DISPATCH,UNIT_SCADA,1,"2022/10/20 11:05:00",MUWAWF1,50.39
D,DISPATCH,UNIT_SCADA,1,"2022/10/20 11:05:00",MUWAWF2,25.80
D,DISPATCH,UNIT_SCADA,1,"2022/10/20 11:05:00",MWPS1PV1,0.13
D,DISPATCH,UNIT_SCADA,1,"2022/10/20 11:05:00",MWPS2PV1,0
D,DISPATCH,UNIT_SCADA,1,"2022/10/20 11:05:00",MWPS3PV1,0
D,DISPATCH,UNIT_SCADA,1,"2022/10/20 11:05:00",MWPS4PV1,0.01
D,DISPATCH,UNIT_SCADA,1,"2022/10/20 11:05:00",NBHWF1,84.30
D,DISPATCH,UNIT_SCADA,1,"2022/10/20 11:05:00",NEVERSF1,39.09
D,DISPATCH,UNIT_SCADA,1,"2022/10/20 11:05:00",NPS,0
D,DISPATCH,UNIT_SCADA,1,"2022/10/20 11:05:00",NUMURSF1,93.18
D,DISPATCH,UNIT_SCADA,1,"2022/10/20 11:05:00",NYNGAN1,81.25
D,DISPATCH,UNIT_SCADA,1,"2022/10/20 11:05:00",OAKEY1,0
D,DISPATCH,UNIT_SCADA,1,"2022/10/20 11:05:00",OAKEY1SF,8.2960
D,DISPATCH,UNIT_SCADA,1,"2022/10/20 11:05:00",OAKEY2,0
D,DISPATCH,UNIT_SCADA,1,"2022/10/20 11:05:00",OAKEY2SF,18.60
D,DISPATCH,UNIT_SCADA,1,"2022/10/20 11:05:00",OAKLAND1,5.50
D,DISPATCH,UNIT_SCADA,1,"2022/10/20 11:05:00",OSB-AG,0
D,DISPATCH,UNIT_SCADA,1,"2022/10/20 11:05:00",PAREPS1,0.0660
D,DISPATCH,UNIT_SCADA,1,"2022/10/20 11:05:00",PAREPW1,70.09
D,DISPATCH,UNIT_SCADA,1,"2022/10/20 11:05:00",PARSF1,4.899670
D,DISPATCH,UNIT_SCADA,1,"2022/10/20 11:05:00",POAT110,0
D,DISPATCH,UNIT_SCADA,1,"2022/10/20 11:05:00",POAT220,0
D,DISPATCH,UNIT_SCADA,1,"2022/10/20 11:05:00",POR01,0
D,DISPATCH,UNIT_SCADA,1,"2022/10/20 11:05:00",POR03,0
D,DISPATCH,UNIT_SCADA,1,"2022/10/20 11:05:00",PPCCGT,0
D,DISPATCH,UNIT_SCADA,1,"2022/10/20 11:05:00",PTSTAN1,0
D,DISPATCH,UNIT_SCADA,1,"2022/10/20 11:05:00",PUMP1,244.73
D,DISPATCH,UNIT_SCADA,1,"2022/10/20 11:05:00",PUMP2,0
D,DISPATCH,UNIT_SCADA,1,"2022/10/20 11:05:00",QBYNBG1,0.995480
D,DISPATCH,UNIT_SCADA,1,"2022/10/20 11:05:00",QBYNBL1,0
D,DISPATCH,UNIT_SCADA,1,"2022/10/20 11:05:00",QPS1,0
D,DISPATCH,UNIT_SCADA,1,"2022/10/20 11:05:00",QPS2,0
D,DISPATCH,UNIT_SCADA,1,"2022/10/20 11:05:00",QPS3,0
D,DISPATCH,UNIT_SCADA,1,"2022/10/20 11:05:00",QPS4,0
D,DISPATCH,UNIT_SCADA,1,"2022/10/20 11:05:00",QPS5,73.42
D,DISPATCH,UNIT_SCADA,1,"2022/10/20 11:05:00",REECE1,0
D,DISPATCH,UNIT_SCADA,1,"2022/10/20 11:05:00",REECE2,0
D,DISPATCH,UNIT_SCADA,1,"2022/10/20 11:05:00",ROMA_7,0
D,DISPATCH,UNIT_SCADA,1,"2022/10/20 11:05:00",ROMA_8,0
D,DISPATCH,UNIT_SCADA,1,"2022/10/20 11:05:00",RRSF1,107.828810
D,DISPATCH,UNIT_SCADA,1,"2022/10/20 11:05:00",RT_NSW1,0
D,DISPATCH,UNIT_SCADA,1,"2022/10/20 11:05:00",RT_NSW2,0
D,DISPATCH,UNIT_SCADA,1,"2022/10/20 11:05:00",RT_NSW3,0
D,DISPATCH,UNIT_SCADA,1,"2022/10/20 11:05:00",RT_NSW4,0
D,DISPATCH,UNIT_SCADA,1,"2022/10/20 11:05:00",RT_NSW5,0
D,DISPATCH,UNIT_SCADA,1,"2022/10/20 11:05:00",RT_NSW6,0
D,DISPATCH,UNIT_SCADA,1,"2022/10/20 11:05:00",RT_QLD1,0
D,DISPATCH,UNIT_SCADA,1,"2022/10/20 11:05:00",RT_SA1,0
D,DISPATCH,UNIT_SCADA,1,"2022/10/20 11:05:00",RT_SA2,0
D,DISPATCH,UNIT_SCADA,1,"2022/10/20 11:05:00",RT_SA3,0
D,DISPATCH,UNIT_SCADA,1,"2022/10/20 11:05:00",RT_SA4,0
D,DISPATCH,UNIT_SCADA,1,"2022/10/20 11:05:00",RT_SA5,0
D,DISPATCH,UNIT_SCADA,1,"2022/10/20 11:05:00",RT_SA6,0
D,DISPATCH,UNIT_SCADA,1,"2022/10/20 11:05:00",RT_TAS1,0
D,DISPATCH,UNIT_SCADA,1,"2022/10/20 11:05:00",RT_VIC1,0
D,DISPATCH,UNIT_SCADA,1,"2022/10/20 11:05:00",RT_VIC10,0
D,DISPATCH,UNIT_SCADA,1,"2022/10/20 11:05:00",RT_VIC11,0
D,DISPATCH,UNIT_SCADA,1,"2022/10/20 11:05:00",RT_VIC12,0
D,DISPATCH,UNIT_SCADA,1,"2022/10/20 11:05:00",RT_VIC2,0
D,DISPATCH,UNIT_SCADA,1,"2022/10/20 11:05:00",RT_VIC3,0
D,DISPATCH,UNIT_SCADA,1,"2022/10/20 11:05:00",RT_VIC4,0
D,DISPATCH,UNIT_SCADA,1,"2022/10/20 11:05:00",RT_VIC5,0
D,DISPATCH,UNIT_SCADA,1,"2022/10/20 11:05:00",RT_VIC6,0
D,DISPATCH,UNIT_SCADA,1,"2022/10/20 11:05:00",RT_VIC7,0
D,DISPATCH,UNIT_SCADA,1,"2022/10/20 11:05:00",RT_VIC8,0
D,DISPATCH,UNIT_SCADA,1,"2022/10/20 11:05:00",RT_VIC9,0
D,DISPATCH,UNIT_SCADA,1,"2022/10/20 11:05:00",RUGBYR1,1.166980
D,DISPATCH,UNIT_SCADA,1,"2022/10/20 11:05:00",SALTCRK1,17.75
D,DISPATCH,UNIT_SCADA,1,"2022/10/20 11:05:00",SAPHWF1,29.457540
D,DISPATCH,UNIT_SCADA,1,"2022/10/20 11:05:00",SEBSF1,32.624440
D,DISPATCH,UNIT_SCADA,1,"2022/10/20 11:05:00",SHGEN,0
D,DISPATCH,UNIT_SCADA,1,"2022/10/20 11:05:00",SHPUMP,0
D,DISPATCH,UNIT_SCADA,1,"2022/10/20 11:05:00",SITHE01,0.123710
D,DISPATCH,UNIT_SCADA,1,"2022/10/20 11:05:00",SMCSF1,73.7490
D,DISPATCH,UNIT_SCADA,1,"2022/10/20 11:05:00",SNAPPER1,0
D,DISPATCH,UNIT_SCADA,1,"2022/10/20 11:05:00",SNOWNTH1,110.100010
D,DISPATCH,UNIT_SCADA,1,"2022/10/20 11:05:00",SNOWSTH1,54.60
D,DISPATCH,UNIT_SCADA,1,"2022/10/20 11:05:00",SNOWTWN1,0
D,DISPATCH,UNIT_SCADA,1,"2022/10/20 11:05:00",SNOWYP,0
D,DISPATCH,UNIT_SCADA,1,"2022/10/20 11:05:00",SNUG1,0
D,DISPATCH,UNIT_SCADA,1,"2022/10/20 11:05:00",SRSF1,13.01
D,DISPATCH,UNIT_SCADA,1,"2022/10/20 11:05:00",STAN-1,269.148160
D,DISPATCH,UNIT_SCADA,1,"2022/10/20 11:05:00",STAN-2,330.532620
D,DISPATCH,UNIT_SCADA,1,"2022/10/20 11:05:00",STAN-3,154.839020
D,DISPATCH,UNIT_SCADA,1,"2022/10/20 11:05:00",STAN-4,333.057710
D,DISPATCH,UNIT_SCADA,1,"2022/10/20 11:05:00",STARHLWF,0.199940
D,DISPATCH,UNIT_SCADA,1,"2022/10/20 11:05:00",STOCKYD1,68.14
D,DISPATCH,UNIT_SCADA,1,"2022/10/20 11:05:00",STWF1,0
D,DISPATCH,UNIT_SCADA,1,"2022/10/20 11:05:00",SUNRSF1,43.849850
D,DISPATCH,UNIT_SCADA,1,"2022/10/20 11:05:00",SUNTPSF1,61.058670
D,DISPATCH,UNIT_SCADA,1,"2022/10/20 11:05:00",SWAN_E,212.153140
D,DISPATCH,UNIT_SCADA,1,"2022/10/20 11:05:00",TALWA1,0
D,DISPATCH,UNIT_SCADA,1,"2022/10/20 11:05:00",TARALGA1,0
D,DISPATCH,UNIT_SCADA,1,"2022/10/20 11:05:00",TARONG#1,342.600010
D,DISPATCH,UNIT_SCADA,1,"2022/10/20 11:05:00",TARONG#2,342.50
D,DISPATCH,UNIT_SCADA,1,"2022/10/20 11:05:00",TARONG#3,0.90
D,DISPATCH,UNIT_SCADA,1,"2022/10/20 11:05:00",TARONG#4,207.70
D,DISPATCH,UNIT_SCADA,1,"2022/10/20 11:05:00",TARRALEA,54
D,DISPATCH,UNIT_SCADA,1,"2022/10/20 11:05:00",TBSF1,0.10
D,DISPATCH,UNIT_SCADA,1,"2022/10/20 11:05:00",TNPS1,396.25
D,DISPATCH,UNIT_SCADA,1,"2022/10/20 11:05:00",TORRB1,0
D,DISPATCH,UNIT_SCADA,1,"2022/10/20 11:05:00",TORRB2,40
D,DISPATCH,UNIT_SCADA,1,"2022/10/20 11:05:00",TORRB3,0
D,DISPATCH,UNIT_SCADA,1,"2022/10/20 11:05:00",TORRB4,0
D,DISPATCH,UNIT_SCADA,1,"2022/10/20 11:05:00",TREVALLN,98.125410
D,DISPATCH,UNIT_SCADA,1,"2022/10/20 11:05:00",TRIBUTE,0
D,DISPATCH,UNIT_SCADA,1,"2022/10/20 11:05:00",TUMUT3,0
D,DISPATCH,UNIT_SCADA,1,"2022/10/20 11:05:00",TUNGATIN,4.720020
D,DISPATCH,UNIT_SCADA,1,"2022/10/20 11:05:00",TVCC201,0
D,DISPATCH,UNIT_SCADA,1,"2022/10/20 11:05:00",TVPP104,57.865630
D,DISPATCH,UNIT_SCADA,1,"2022/10/20 11:05:00",UPPTUMUT,37.329170
D,DISPATCH,UNIT_SCADA,1,"2022/10/20 11:05:00",URANQ11,0
D,DISPATCH,UNIT_SCADA,1,"2022/10/20 11:05:00",URANQ12,0
D,DISPATCH,UNIT_SCADA,1,"2022/10/20 11:05:00",URANQ13,0
D,DISPATCH,UNIT_SCADA,1,"2022/10/20 11:05:00",URANQ14,0
D,DISPATCH,UNIT_SCADA,1,"2022/10/20 11:05:00",VBBG1,0
D,DISPATCH,UNIT_SCADA,1,"2022/10/20 11:05:00",VBBL1,91.60
D,DISPATCH,UNIT_SCADA,1,"2022/10/20 11:05:00",VP5,498.208560
D,DISPATCH,UNIT_SCADA,1,"2022/10/20 11:05:00",VP6,500.991850
D,DISPATCH,UNIT_SCADA,1,"2022/10/20 11:05:00",VPGS1,0
D,DISPATCH,UNIT_SCADA,1,"2022/10/20 11:05:00",VPGS2,0
D,DISPATCH,UNIT_SCADA,1,"2022/10/20 11:05:00",VPGS3,0
D,DISPATCH,UNIT_SCADA,1,"2022/10/20 11:05:00",VPGS4,0
D,DISPATCH,UNIT_SCADA,1,"2022/10/20 11:05:00",VPGS5,0
D,DISPATCH,UNIT_SCADA,1,"2022/10/20 11:05:00",VPGS6,0
D,DISPATCH,UNIT_SCADA,1,"2022/10/20 11:05:00",W/HOE#1,0
D,DISPATCH,UNIT_SCADA,1,"2022/10/20 11:05:00",W/HOE#2,0
D,DISPATCH,UNIT_SCADA,1,"2022/10/20 11:05:00",WAGGNSF1,0
D,DISPATCH,UNIT_SCADA,1,"2022/10/20 11:05:00",WALGRVG1,0
D,DISPATCH,UNIT_SCADA,1,"2022/10/20 11:05:00",WALGRVL1,28.786860
D,DISPATCH,UNIT_SCADA,1,"2022/10/20 11:05:00",WANDBG1,0
D,DISPATCH,UNIT_SCADA,1,"2022/10/20 11:05:00",WANDBL1,51.038440
D,DISPATCH,UNIT_SCADA,1,"2022/10/20 11:05:00",WARWSF1,15.99
D,DISPATCH,UNIT_SCADA,1,"2022/10/20 11:05:00",WARWSF2,15.93
D,DISPATCH,UNIT_SCADA,1,"2022/10/20 11:05:00",WATERLWF,36.30
D,DISPATCH,UNIT_SCADA,1,"2022/10/20 11:05:00",WDGPH1,149.240010
D,DISPATCH,UNIT_SCADA,1,"2022/10/20 11:05:00",WELLSF1,73.850620
D,DISPATCH,UNIT_SCADA,1,"2022/10/20 11:05:00",WEMENSF1,11.20
D,DISPATCH,UNIT_SCADA,1,"2022/10/20 11:05:00",WGWF1,77.40
D,DISPATCH,UNIT_SCADA,1,"2022/10/20 11:05:00",WHITSF1,0
D,DISPATCH,UNIT_SCADA,1,"2022/10/20 11:05:00",WINTSF1,83.47
D,DISPATCH,UNIT_SCADA,1,"2022/10/20 11:05:00",WKIEWA1,33.50
D,DISPATCH,UNIT_SCADA,1,"2022/10/20 11:05:00",WKIEWA2,13.80
D,DISPATCH,UNIT_SCADA,1,"2022/10/20 11:05:00",WOODLWN1,13.196980
D,DISPATCH,UNIT_SCADA,1,"2022/10/20 11:05:00",WOOLGSF1,53.383170
D,DISPATCH,UNIT_SCADA,1,"2022/10/20 11:05:00",WPWF,9.13
D,DISPATCH,UNIT_SCADA,1,"2022/10/20 11:05:00",WRSF1,0.8594
D,DISPATCH,UNIT_SCADA,1,"2022/10/20 11:05:00",WRWF1,12.143130
D,DISPATCH,UNIT_SCADA,1,"2022/10/20 11:05:00",WSTWYSF1,0.272130
D,DISPATCH,UNIT_SCADA,1,"2022/10/20 11:05:00",YABULU,0
D,DISPATCH,UNIT_SCADA,1,"2022/10/20 11:05:00",YABULU2,0
D,DISPATCH,UNIT_SCADA,1,"2022/10/20 11:05:00",YARANSF1,49.71
D,DISPATCH,UNIT_SCADA,1,"2022/10/20 11:05:00",YARWUN_1,162.679990
D,DISPATCH,UNIT_SCADA,1,"2022/10/20 11:05:00",YATSF1,51.48
D,DISPATCH,UNIT_SCADA,1,"2022/10/20 11:05:00",YENDWF1,60.71
D,DISPATCH,UNIT_SCADA,1,"2022/10/20 11:05:00",YWPS1,297.9924
D,DISPATCH,UNIT_SCADA,1,"2022/10/20 11:05:00",YWPS2,286.212650
D,DISPATCH,UNIT_SCADA,1,"2022/10/20 11:05:00",YWPS3,298.134190
D,DISPATCH,UNIT_SCADA,1,"2022/10/20 11:05:00",YWPS4,0
C,"END OF REPORT",419
