C,NEMP.WORLD,DISPATCHSCADA,AEMO,PUBLIC,2022/10/20,04:20:09,0000000373228873,DISPATCHSCADA,0000000373228867
I,DISPATCH,UNIT_SCADA,1,SETTLEMENTDATE,DUID,SCADAVALUE
D,DISPATCH,UNIT_SCADA,1,"2022/10/20 04:25:00",BARCSF1,0.10
D,DISPATCH,UNIT_SCADA,1,"2022/10/20 04:25:00",BUTLERSG,8.699999
D,DISPATCH,UNIT_SCADA,1,"2022/10/20 04:25:00",CAPTL_WF,7.076280
D,DISPATCH,UNIT_SCADA,1,"2022/10/20 04:25:00",CHALLHWF,22.799999
D,DISPATCH,UNIT_SCADA,1,"2022/10/20 04:25:00",CLOVER,13.15
D,DISPATCH,UNIT_SCADA,1,"2022/10/20 04:25:00",CLUNY,6.224308
D,DISPATCH,UNIT_SCADA,1,"2022/10/20 04:25:00",CULLRGWF,-0.03
D,DISPATCH,UNIT_SCADA,1,"2022/10/20 04:25:00",DIAPURWF1,7.30
D,DISPATCH,UNIT_SCADA,1,"2022/10/20 04:25:00",ERGT01,0
D,DISPATCH,UNIT_SCADA,1,"2022/10/20 04:25:00",GB01,0
D,DISPATCH,UNIT_SCADA,1,"2022/10/20 04:25:00",GERMCRK,21.40
D,DISPATCH,UNIT_SCADA,1,"2022/10/20 04:25:00",GRIFSF1,0.001526
D,DISPATCH,UNIT_SCADA,1,"2022/10/20 04:25:00",HEZ1,0
D,DISPATCH,UNIT_SCADA,1,"2022/10/20 04:25:00",HUGSF1,-0.1740
D,DISPATCH,UNIT_SCADA,1,"2022/10/20 04:25:00",KEPBG1,0.01
D,DISPATCH,UNIT_SCADA,1,"2022/10/20 04:25:00",LRSF1,0.0240
D,DISPATCH,UNIT_SCADA,1,"2022/10/20 04:25:00",MBAHNTH,47.981247
D,DISPATCH,UNIT_SCADA,1,"2022/10/20 04:25:00",MLSP1,0
D,DISPATCH,UNIT_SCADA,1,"2022/10/20 04:25:00",MLWF1,1.8450
D,DISPATCH,UNIT_SCADA,1,"2022/10/20 04:25:00",PALOONA,30.059999
D,DISPATCH,UNIT_SCADA,1,"2022/10/20 04:25:00",PIONEER,29.10
D,DISPATCH,UNIT_SCADA,1,"2022/10/20 04:25:00",PORTWF,36
D,DISPATCH,UNIT_SCADA,1,"2022/10/20 04:25:00",REPULSE,9.302510
D,DISPATCH,UNIT_SCADA,1,"2022/10/20 04:25:00",ROWALLAN,8.8821
D,DISPATCH,UNIT_SCADA,1,"2022/10/20 04:25:00",ROYALLA1,0
D,DISPATCH,UNIT_SCADA,1,"2022/10/20 04:25:00",RPCG,-1.20
D,DISPATCH,UNIT_SCADA,1,"2022/10/20 04:25:00",RUBICON,0
D,DISPATCH,UNIT_SCADA,1,"2022/10/20 04:25:00",WAUBRAWF,78.698997
D,DISPATCH,UNIT_SCADA,1,"2022/10/20 04:25:00",WOOLNTH1,41.93
D,DISPATCH,UNIT_SCADA,1,"2022/10/20 04:25:00",YAMBUKWF,3.30
D,DISPATCH,UNIT_SCADA,1,"2022/10/20 04:25:00",YSWF1,1.70
D,DISPATCH,UNIT_SCADA,1,"2022/10/20 04:25:00",ADPBA1G,0.0080
D,DISPATCH,UNIT_SCADA,1,"2022/10/20 04:25:00",ADPBA1L,0
D,DISPATCH,UNIT_SCADA,1,"2022/10/20 04:25:00",ADPPV1,0
D,DISPATCH,UNIT_SCADA,1,"2022/10/20 04:25:00",AGLHAL,0
D,DISPATCH,UNIT_SCADA,1,"2022/10/20 04:25:00",AGLSOM,0
D,DISPATCH,UNIT_SCADA,1,"2022/10/20 04:25:00",ANGAST1,0
D,DISPATCH,UNIT_SCADA,1,"2022/10/20 04:25:00",ARWF1,6.20
D,DISPATCH,UNIT_SCADA,1,"2022/10/20 04:25:00",BALBG1,0
D,DISPATCH,UNIT_SCADA,1,"2022/10/20 04:25:00",BALBL1,0
D,DISPATCH,UNIT_SCADA,1,"2022/10/20 04:25:00",BALDHWF1,13.5410
D,DISPATCH,UNIT_SCADA,1,"2022/10/20 04:25:00",BANGOWF1,68.997630
D,DISPATCH,UNIT_SCADA,1,"2022/10/20 04:25:00",BANGOWF2,64.898830
D,DISPATCH,UNIT_SCADA,1,"2022/10/20 04:25:00",BANN1,0
D,DISPATCH,UNIT_SCADA,1,"2022/10/20 04:25:00",BARCALDN,0
D,DISPATCH,UNIT_SCADA,1,"2022/10/20 04:25:00",BARKIPS1,0
D,DISPATCH,UNIT_SCADA,1,"2022/10/20 04:25:00",BARRON-1,0
D,DISPATCH,UNIT_SCADA,1,"2022/10/20 04:25:00",BARRON-2,0
D,DISPATCH,UNIT_SCADA,1,"2022/10/20 04:25:00",BASTYAN,0
D,DISPATCH,UNIT_SCADA,1,"2022/10/20 04:25:00",BBTHREE1,0
D,DISPATCH,UNIT_SCADA,1,"2022/10/20 04:25:00",BBTHREE2,0
D,DISPATCH,UNIT_SCADA,1,"2022/10/20 04:25:00",BBTHREE3,0
D,DISPATCH,UNIT_SCADA,1,"2022/10/20 04:25:00",BDL01,0
D,DISPATCH,UNIT_SCADA,1,"2022/10/20 04:25:00",BDL02,0
D,DISPATCH,UNIT_SCADA,1,"2022/10/20 04:25:00",BERYLSF1,0
D,DISPATCH,UNIT_SCADA,1,"2022/10/20 04:25:00",BLOWERNG,62.70
D,DISPATCH,UNIT_SCADA,1,"2022/10/20 04:25:00",BLUEGSF1,0
D,DISPATCH,UNIT_SCADA,1,"2022/10/20 04:25:00",BLUFF1,12.20
D,DISPATCH,UNIT_SCADA,1,"2022/10/20 04:25:00",BNGSF1,0
D,DISPATCH,UNIT_SCADA,1,"2022/10/20 04:25:00",BNGSF2,0
D,DISPATCH,UNIT_SCADA,1,"2022/10/20 04:25:00",BOCORWF1,1.71
D,DISPATCH,UNIT_SCADA,1,"2022/10/20 04:25:00",BODWF1,94.821330
D,DISPATCH,UNIT_SCADA,1,"2022/10/20 04:25:00",BOMENSF1,0
D,DISPATCH,UNIT_SCADA,1,"2022/10/20 04:25:00",BOWWBA1G,0
D,DISPATCH,UNIT_SCADA,1,"2022/10/20 04:25:00",BOWWBA1L,0
D,DISPATCH,UNIT_SCADA,1,"2022/10/20 04:25:00",BOWWPV1,0
D,DISPATCH,UNIT_SCADA,1,"2022/10/20 04:25:00",BRAEMAR1,0
D,DISPATCH,UNIT_SCADA,1,"2022/10/20 04:25:00",BRAEMAR2,0
D,DISPATCH,UNIT_SCADA,1,"2022/10/20 04:25:00",BRAEMAR3,0
D,DISPATCH,UNIT_SCADA,1,"2022/10/20 04:25:00",BRAEMAR5,0.292060
D,DISPATCH,UNIT_SCADA,1,"2022/10/20 04:25:00",BRAEMAR6,0
D,DISPATCH,UNIT_SCADA,1,"2022/10/20 04:25:00",BRAEMAR7,0.130920
D,DISPATCH,UNIT_SCADA,1,"2022/10/20 04:25:00",BROKENH1,0
D,DISPATCH,UNIT_SCADA,1,"2022/10/20 04:25:00",BRYB1WF1,114.836350
D,DISPATCH,UNIT_SCADA,1,"2022/10/20 04:25:00",BULBESG1,0
D,DISPATCH,UNIT_SCADA,1,"2022/10/20 04:25:00",BULBESL1,10
D,DISPATCH,UNIT_SCADA,1,"2022/10/20 04:25:00",BULGANA1,43.03
D,DISPATCH,UNIT_SCADA,1,"2022/10/20 04:25:00",BW01,443.4516
D,DISPATCH,UNIT_SCADA,1,"2022/10/20 04:25:00",BW02,437.0062
D,DISPATCH,UNIT_SCADA,1,"2022/10/20 04:25:00",BW03,440.692750
D,DISPATCH,UNIT_SCADA,1,"2022/10/20 04:25:00",BW04,0
D,DISPATCH,UNIT_SCADA,1,"2022/10/20 04:25:00",CALL_B_1,319.700010
D,DISPATCH,UNIT_SCADA,1,"2022/10/20 04:25:00",CALL_B_2,321.300020
D,DISPATCH,UNIT_SCADA,1,"2022/10/20 04:25:00",CATHROCK,10.80
D,DISPATCH,UNIT_SCADA,1,"2022/10/20 04:25:00",CBWWBA1G,0
D,DISPATCH,UNIT_SCADA,1,"2022/10/20 04:25:00",CBWWBA1L,0
D,DISPATCH,UNIT_SCADA,1,"2022/10/20 04:25:00",CETHANA,98.124630
D,DISPATCH,UNIT_SCADA,1,"2022/10/20 04:25:00",CG1,0
D,DISPATCH,UNIT_SCADA,1,"2022/10/20 04:25:00",CG2,0
D,DISPATCH,UNIT_SCADA,1,"2022/10/20 04:25:00",CG3,0
D,DISPATCH,UNIT_SCADA,1,"2022/10/20 04:25:00",CG4,0
D,DISPATCH,UNIT_SCADA,1,"2022/10/20 04:25:00",CHILDSF1,0
D,DISPATCH,UNIT_SCADA,1,"2022/10/20 04:25:00",CHYTWF1,9.46
D,DISPATCH,UNIT_SCADA,1,"2022/10/20 04:25:00",CLARESF1,0
D,DISPATCH,UNIT_SCADA,1,"2022/10/20 04:25:00",CLEMGPWF,36.0175
D,DISPATCH,UNIT_SCADA,1,"2022/10/20 04:25:00",CLERMSF1,0
D,DISPATCH,UNIT_SCADA,1,"2022/10/20 04:25:00",CNUNDAWF,0
D,DISPATCH,UNIT_SCADA,1,"2022/10/20 04:25:00",COHUNSF1,0
D,DISPATCH,UNIT_SCADA,1,"2022/10/20 04:25:00",COLEASF1,0
D,DISPATCH,UNIT_SCADA,1,"2022/10/20 04:25:00",COLUMSF1,0
D,DISPATCH,UNIT_SCADA,1,"2022/10/20 04:25:00",COLWF01,82.470440
D,DISPATCH,UNIT_SCADA,1,"2022/10/20 04:25:00",COOPGWF1,338.25
D,DISPATCH,UNIT_SCADA,1,"2022/10/20 04:25:00",CPP_3,359.149990
D,DISPATCH,UNIT_SCADA,1,"2022/10/20 04:25:00",CPP_4,0
D,DISPATCH,UNIT_SCADA,1,"2022/10/20 04:25:00",CPSA,0
D,DISPATCH,UNIT_SCADA,1,"2022/10/20 04:25:00",CROOKWF2,14.204930
D,DISPATCH,UNIT_SCADA,1,"2022/10/20 04:25:00",CROWLWF1,34.002940
D,DISPATCH,UNIT_SCADA,1,"2022/10/20 04:25:00",CRURWF1,72.397120
D,DISPATCH,UNIT_SCADA,1,"2022/10/20 04:25:00",CRWASF1,0
D,DISPATCH,UNIT_SCADA,1,"2022/10/20 04:25:00",CSPVPS1,0
D,DISPATCH,UNIT_SCADA,1,"2022/10/20 04:25:00",CTHLWF1,0.003050
D,DISPATCH,UNIT_SCADA,1,"2022/10/20 04:25:00",DALNTH01,0
D,DISPATCH,UNIT_SCADA,1,"2022/10/20 04:25:00",DALNTHL1,0.038150
D,DISPATCH,UNIT_SCADA,1,"2022/10/20 04:25:00",DARLSF1,0
D,DISPATCH,UNIT_SCADA,1,"2022/10/20 04:25:00",DARTM1,0
D,DISPATCH,UNIT_SCADA,1,"2022/10/20 04:25:00",DAYDSF1,0
D,DISPATCH,UNIT_SCADA,1,"2022/10/20 04:25:00",DDPS1,0
D,DISPATCH,UNIT_SCADA,1,"2022/10/20 04:25:00",DDSF1,0
D,DISPATCH,UNIT_SCADA,1,"2022/10/20 04:25:00",DEVILS_G,43.407090
D,DISPATCH,UNIT_SCADA,1,"2022/10/20 04:25:00",DG_NSW1,0
D,DISPATCH,UNIT_SCADA,1,"2022/10/20 04:25:00",DG_QLD1,0
D,DISPATCH,UNIT_SCADA,1,"2022/10/20 04:25:00",DG_SA1,0
D,DISPATCH,UNIT_SCADA,1,"2022/10/20 04:25:00",DG_TAS1,0
D,DISPATCH,UNIT_SCADA,1,"2022/10/20 04:25:00",DG_VIC1,0
D,DISPATCH,UNIT_SCADA,1,"2022/10/20 04:25:00",DRYCGT1,0
D,DISPATCH,UNIT_SCADA,1,"2022/10/20 04:25:00",DRYCGT2,0
D,DISPATCH,UNIT_SCADA,1,"2022/10/20 04:25:00",DRYCGT3,0
D,DISPATCH,UNIT_SCADA,1,"2022/10/20 04:25:00",DUNDWF1,82
D,DISPATCH,UNIT_SCADA,1,"2022/10/20 04:25:00",DUNDWF2,27.91
D,DISPATCH,UNIT_SCADA,1,"2022/10/20 04:25:00",DUNDWF3,70.30
D,DISPATCH,UNIT_SCADA,1,"2022/10/20 04:25:00",EILDON1,59.92
D,DISPATCH,UNIT_SCADA,1,"2022/10/20 04:25:00",EILDON2,59.96
D,DISPATCH,UNIT_SCADA,1,"2022/10/20 04:25:00",ELAINWF1,27.70
D,DISPATCH,UNIT_SCADA,1,"2022/10/20 04:25:00",EMERASF1,0
D,DISPATCH,UNIT_SCADA,1,"2022/10/20 04:25:00",ER01,0
D,DISPATCH,UNIT_SCADA,1,"2022/10/20 04:25:00",ER02,387.689030
D,DISPATCH,UNIT_SCADA,1,"2022/10/20 04:25:00",ER03,414.789030
D,DISPATCH,UNIT_SCADA,1,"2022/10/20 04:25:00",ER04,420.379940
D,DISPATCH,UNIT_SCADA,1,"2022/10/20 04:25:00",FINLYSF1,0
D,DISPATCH,UNIT_SCADA,1,"2022/10/20 04:25:00",FISHER,43.89
D,DISPATCH,UNIT_SCADA,1,"2022/10/20 04:25:00",GANGARR1,0
D,DISPATCH,UNIT_SCADA,1,"2022/10/20 04:25:00",GANNBG1,0
D,DISPATCH,UNIT_SCADA,1,"2022/10/20 04:25:00",GANNBL1,0.208190
D,DISPATCH,UNIT_SCADA,1,"2022/10/20 04:25:00",GANNSF1,0
D,DISPATCH,UNIT_SCADA,1,"2022/10/20 04:25:00",GLRWNSF1,0
D,DISPATCH,UNIT_SCADA,1,"2022/10/20 04:25:00",GNNDHSF1,0
D,DISPATCH,UNIT_SCADA,1,"2022/10/20 04:25:00",GOONSF1,0
D,DISPATCH,UNIT_SCADA,1,"2022/10/20 04:25:00",GORDON,239.235170
D,DISPATCH,UNIT_SCADA,1,"2022/10/20 04:25:00",GRANWF1,4.05
D,DISPATCH,UNIT_SCADA,1,"2022/10/20 04:25:00",GSTONE1,203.349990
D,DISPATCH,UNIT_SCADA,1,"2022/10/20 04:25:00",GSTONE2,0
D,DISPATCH,UNIT_SCADA,1,"2022/10/20 04:25:00",GSTONE3,200.024990
D,DISPATCH,UNIT_SCADA,1,"2022/10/20 04:25:00",GSTONE4,0
D,DISPATCH,UNIT_SCADA,1,"2022/10/20 04:25:00",GSTONE5,202.8250
D,DISPATCH,UNIT_SCADA,1,"2022/10/20 04:25:00",GSTONE6,202.30
D,DISPATCH,UNIT_SCADA,1,"2022/10/20 04:25:00",GULLRSF1,0
D,DISPATCH,UNIT_SCADA,1,"2022/10/20 04:25:00",GULLRWF1,41.894360
D,DISPATCH,UNIT_SCADA,1,"2022/10/20 04:25:00",GULLRWF2,100.5992
D,DISPATCH,UNIT_SCADA,1,"2022/10/20 04:25:00",GUNNING1,0
D,DISPATCH,UNIT_SCADA,1,"2022/10/20 04:25:00",GUTHEGA,67.80
D,DISPATCH,UNIT_SCADA,1,"2022/10/20 04:25:00",HALLWF1,53.63
D,DISPATCH,UNIT_SCADA,1,"2022/10/20 04:25:00",HALLWF2,51.93
D,DISPATCH,UNIT_SCADA,1,"2022/10/20 04:25:00",HAMISF1,0
D,DISPATCH,UNIT_SCADA,1,"2022/10/20 04:25:00",HAUGHT11,0
D,DISPATCH,UNIT_SCADA,1,"2022/10/20 04:25:00",HAYMSF1,0
D,DISPATCH,UNIT_SCADA,1,"2022/10/20 04:25:00",HDWF1,69
D,DISPATCH,UNIT_SCADA,1,"2022/10/20 04:25:00",HDWF2,32.80
D,DISPATCH,UNIT_SCADA,1,"2022/10/20 04:25:00",HDWF3,34.20
D,DISPATCH,UNIT_SCADA,1,"2022/10/20 04:25:00",HILLSTN1,0
D,DISPATCH,UNIT_SCADA,1,"2022/10/20 04:25:00",HPRG1,0
D,DISPATCH,UNIT_SCADA,1,"2022/10/20 04:25:00",HPRL1,51.70
D,DISPATCH,UNIT_SCADA,1,"2022/10/20 04:25:00",HUMENSW,54.727470
D,DISPATCH,UNIT_SCADA,1,"2022/10/20 04:25:00",HUMEV,0
D,DISPATCH,UNIT_SCADA,1,"2022/10/20 04:25:00",HVWWBA1G,0
D,DISPATCH,UNIT_SCADA,1,"2022/10/20 04:25:00",HVWWBA1L,0
D,DISPATCH,UNIT_SCADA,1,"2022/10/20 04:25:00",HVWWPV1,0
D,DISPATCH,UNIT_SCADA,1,"2022/10/20 04:25:00",JBUTTERS,0
D,DISPATCH,UNIT_SCADA,1,"2022/10/20 04:25:00",JEMALNG1,0
D,DISPATCH,UNIT_SCADA,1,"2022/10/20 04:25:00",JLA01,0
D,DISPATCH,UNIT_SCADA,1,"2022/10/20 04:25:00",JLA02,0
D,DISPATCH,UNIT_SCADA,1,"2022/10/20 04:25:00",JLA03,0
D,DISPATCH,UNIT_SCADA,1,"2022/10/20 04:25:00",JLA04,0
D,DISPATCH,UNIT_SCADA,1,"2022/10/20 04:25:00",JLB01,0
D,DISPATCH,UNIT_SCADA,1,"2022/10/20 04:25:00",JLB02,0.10
D,DISPATCH,UNIT_SCADA,1,"2022/10/20 04:25:00",JLB03,0
D,DISPATCH,UNIT_SCADA,1,"2022/10/20 04:25:00",JUNEESF1,0
D,DISPATCH,UNIT_SCADA,1,"2022/10/20 04:25:00",KABANWF1,1.0870
D,DISPATCH,UNIT_SCADA,1,"2022/10/20 04:25:00",KAREEYA1,17.9025
D,DISPATCH,UNIT_SCADA,1,"2022/10/20 04:25:00",KAREEYA2,0
D,DISPATCH,UNIT_SCADA,1,"2022/10/20 04:25:00",KAREEYA3,21.4150
D,DISPATCH,UNIT_SCADA,1,"2022/10/20 04:25:00",KAREEYA4,0
D,DISPATCH,UNIT_SCADA,1,"2022/10/20 04:25:00",KARSF1,0
D,DISPATCH,UNIT_SCADA,1,"2022/10/20 04:25:00",KEPSF1,0
D,DISPATCH,UNIT_SCADA,1,"2022/10/20 04:25:00",KEPWF1,0
D,DISPATCH,UNIT_SCADA,1,"2022/10/20 04:25:00",KIAMSF1,0
D,DISPATCH,UNIT_SCADA,1,"2022/10/20 04:25:00",KIATAWF1,29.10
D,DISPATCH,UNIT_SCADA,1,"2022/10/20 04:25:00",KPP_1,0
D,DISPATCH,UNIT_SCADA,1,"2022/10/20 04:25:00",KSP1,0
D,DISPATCH,UNIT_SCADA,1,"2022/10/20 04:25:00",LADBROK1,0.02
D,DISPATCH,UNIT_SCADA,1,"2022/10/20 04:25:00",LADBROK2,37.84
D,DISPATCH,UNIT_SCADA,1,"2022/10/20 04:25:00",LBBG1,0
D,DISPATCH,UNIT_SCADA,1,"2022/10/20 04:25:00",LBBL1,11.85
D,DISPATCH,UNIT_SCADA,1,"2022/10/20 04:25:00",LD01,322.257140
D,DISPATCH,UNIT_SCADA,1,"2022/10/20 04:25:00",LD02,0
D,DISPATCH,UNIT_SCADA,1,"2022/10/20 04:25:00",LD04,324.088260
D,DISPATCH,UNIT_SCADA,1,"2022/10/20 04:25:00",LEM_WIL,86.8207
D,DISPATCH,UNIT_SCADA,1,"2022/10/20 04:25:00",LGAPWF1,67.71
D,DISPATCH,UNIT_SCADA,1,"2022/10/20 04:25:00",LGAPWF2,28.45
D,DISPATCH,UNIT_SCADA,1,"2022/10/20 04:25:00",LILYSF1,0
D,DISPATCH,UNIT_SCADA,1,"2022/10/20 04:25:00",LIMOSF11,0
D,DISPATCH,UNIT_SCADA,1,"2022/10/20 04:25:00",LIMOSF21,0
D,DISPATCH,UNIT_SCADA,1,"2022/10/20 04:25:00",LI_WY_CA,55.841140
D,DISPATCH,UNIT_SCADA,1,"2022/10/20 04:25:00",LKBONNY1,0
D,DISPATCH,UNIT_SCADA,1,"2022/10/20 04:25:00",LKBONNY2,25.910560
D,DISPATCH,UNIT_SCADA,1,"2022/10/20 04:25:00",LKBONNY3,8.150020
D,DISPATCH,UNIT_SCADA,1,"2022/10/20 04:25:00",LK_ECHO,0
D,DISPATCH,UNIT_SCADA,1,"2022/10/20 04:25:00",LNGS1,0
D,DISPATCH,UNIT_SCADA,1,"2022/10/20 04:25:00",LNGS2,0
D,DISPATCH,UNIT_SCADA,1,"2022/10/20 04:25:00",LONSDALE,0
D,DISPATCH,UNIT_SCADA,1,"2022/10/20 04:25:00",LOYYB1,518.043030
D,DISPATCH,UNIT_SCADA,1,"2022/10/20 04:25:00",LOYYB2,518.043030
D,DISPATCH,UNIT_SCADA,1,"2022/10/20 04:25:00",LYA1,560
D,DISPATCH,UNIT_SCADA,1,"2022/10/20 04:25:00",LYA2,0
D,DISPATCH,UNIT_SCADA,1,"2022/10/20 04:25:00",LYA3,560
D,DISPATCH,UNIT_SCADA,1,"2022/10/20 04:25:00",LYA4,560
D,DISPATCH,UNIT_SCADA,1,"2022/10/20 04:25:00",MACARTH1,13.599690
D,DISPATCH,UNIT_SCADA,1,"2022/10/20 04:25:00",MACKNTSH,0
D,DISPATCH,UNIT_SCADA,1,"2022/10/20 04:25:00",MANSLR1,0
D,DISPATCH,UNIT_SCADA,1,"2022/10/20 04:25:00",MAPS2PV1,0
D,DISPATCH,UNIT_SCADA,1,"2022/10/20 04:25:00",MAPS3PV1,0
D,DISPATCH,UNIT_SCADA,1,"2022/10/20 04:25:00",MARYRSF1,0
D,DISPATCH,UNIT_SCADA,1,"2022/10/20 04:25:00",MBPS2PV1,0
D,DISPATCH,UNIT_SCADA,1,"2022/10/20 04:25:00",MCKAY1,0.02
D,DISPATCH,UNIT_SCADA,1,"2022/10/20 04:25:00",MEADOWBK,19.8631
D,DISPATCH,UNIT_SCADA,1,"2022/10/20 04:25:00",MERCER01,23.40
D,DISPATCH,UNIT_SCADA,1,"2022/10/20 04:25:00",METZSF1,0
D,DISPATCH,UNIT_SCADA,1,"2022/10/20 04:25:00",MEWF1,0
D,DISPATCH,UNIT_SCADA,1,"2022/10/20 04:25:00",MIDDLSF1,0
D,DISPATCH,UNIT_SCADA,1,"2022/10/20 04:25:00",MINTARO,0.128180
D,DISPATCH,UNIT_SCADA,1,"2022/10/20 04:25:00",MOLNGSF1,0
D,DISPATCH,UNIT_SCADA,1,"2022/10/20 04:25:00",MOORAWF1,33.67
D,DISPATCH,UNIT_SCADA,1,"2022/10/20 04:25:00",MOREESF1,0
D,DISPATCH,UNIT_SCADA,1,"2022/10/20 04:25:00",MORTLK11,0
D,DISPATCH,UNIT_SCADA,1,"2022/10/20 04:25:00",MORTLK12,0
D,DISPATCH,UNIT_SCADA,1,"2022/10/20 04:25:00",MOUSF1,0
D,DISPATCH,UNIT_SCADA,1,"2022/10/20 04:25:00",MP1,0
D,DISPATCH,UNIT_SCADA,1,"2022/10/20 04:25:00",MP2,355.120180
D,DISPATCH,UNIT_SCADA,1,"2022/10/20 04:25:00",MPP_1,181.936650
D,DISPATCH,UNIT_SCADA,1,"2022/10/20 04:25:00",MPP_2,0
D,DISPATCH,UNIT_SCADA,1,"2022/10/20 04:25:00",MRTLSWF1,0
D,DISPATCH,UNIT_SCADA,1,"2022/10/20 04:25:00",MSTUART1,0
D,DISPATCH,UNIT_SCADA,1,"2022/10/20 04:25:00",MSTUART2,0
D,DISPATCH,UNIT_SCADA,1,"2022/10/20 04:25:00",MSTUART3,0
D,DISPATCH,UNIT_SCADA,1,"2022/10/20 04:25:00",MTGELWF1,20.352790
D,DISPATCH,UNIT_SCADA,1,"2022/10/20 04:25:00",MTMILLAR,8.10
D,DISPATCH,UNIT_SCADA,1,"2022/10/20 04:25:00",MURRAY,0
D,DISPATCH,UNIT_SCADA,1,"2022/10/20 04:25:00",MUSSELR1,0
D,DISPATCH,UNIT_SCADA,1,"2022/10/20 04:25:00",MUWAWF1,183.02
D,DISPATCH,UNIT_SCADA,1,"2022/10/20 04:25:00",MUWAWF2,178.50
D,DISPATCH,UNIT_SCADA,1,"2022/10/20 04:25:00",MWPS1PV1,0
D,DISPATCH,UNIT_SCADA,1,"2022/10/20 04:25:00",MWPS2PV1,0
D,DISPATCH,UNIT_SCADA,1,"2022/10/20 04:25:00",MWPS3PV1,0
D,DISPATCH,UNIT_SCADA,1,"2022/10/20 04:25:00",MWPS4PV1,0
D,DISPATCH,UNIT_SCADA,1,"2022/10/20 04:25:00",NBHWF1,87.70
D,DISPATCH,UNIT_SCADA,1,"2022/10/20 04:25:00",NEVERSF1,0
D,DISPATCH,UNIT_SCADA,1,"2022/10/20 04:25:00",NPS,0
D,DISPATCH,UNIT_SCADA,1,"2022/10/20 04:25:00",NUMURSF1,0
D,DISPATCH,UNIT_SCADA,1,"2022/10/20 04:25:00",NYNGAN1,0
D,DISPATCH,UNIT_SCADA,1,"2022/10/20 04:25:00",OAKEY1,0
D,DISPATCH,UNIT_SCADA,1,"2022/10/20 04:25:00",OAKEY1SF,0
D,DISPATCH,UNIT_SCADA,1,"2022/10/20 04:25:00",OAKEY2,0
D,DISPATCH,UNIT_SCADA,1,"2022/10/20 04:25:00",OAKEY2SF,0
D,DISPATCH,UNIT_SCADA,1,"2022/10/20 04:25:00",OAKLAND1,18.30
D,DISPATCH,UNIT_SCADA,1,"2022/10/20 04:25:00",OSB-AG,0
D,DISPATCH,UNIT_SCADA,1,"2022/10/20 04:25:00",PAREPS1,0.0660
D,DISPATCH,UNIT_SCADA,1,"2022/10/20 04:25:00",PAREPW1,49.65
D,DISPATCH,UNIT_SCADA,1,"2022/10/20 04:25:00",PARSF1,0.001530
D,DISPATCH,UNIT_SCADA,1,"2022/10/20 04:25:00",POAT110,0
D,DISPATCH,UNIT_SCADA,1,"2022/10/20 04:25:00",POAT220,0
D,DISPATCH,UNIT_SCADA,1,"2022/10/20 04:25:00",POR01,0
D,DISPATCH,UNIT_SCADA,1,"2022/10/20 04:25:00",POR03,0
D,DISPATCH,UNIT_SCADA,1,"2022/10/20 04:25:00",PPCCGT,123.890430
D,DISPATCH,UNIT_SCADA,1,"2022/10/20 04:25:00",PTSTAN1,0
D,DISPATCH,UNIT_SCADA,1,"2022/10/20 04:25:00",PUMP1,0
D,DISPATCH,UNIT_SCADA,1,"2022/10/20 04:25:00",PUMP2,0
D,DISPATCH,UNIT_SCADA,1,"2022/10/20 04:25:00",QBYNBG1,0.0005
D,DISPATCH,UNIT_SCADA,1,"2022/10/20 04:25:00",QBYNBL1,0
D,DISPATCH,UNIT_SCADA,1,"2022/10/20 04:25:00",QPS1,0
D,DISPATCH,UNIT_SCADA,1,"2022/10/20 04:25:00",QPS2,0
D,DISPATCH,UNIT_SCADA,1,"2022/10/20 04:25:00",QPS3,0
D,DISPATCH,UNIT_SCADA,1,"2022/10/20 04:25:00",QPS4,0
D,DISPATCH,UNIT_SCADA,1,"2022/10/20 04:25:00",QPS5,76.21
D,DISPATCH,UNIT_SCADA,1,"2022/10/20 04:25:00",REECE1,0
D,DISPATCH,UNIT_SCADA,1,"2022/10/20 04:25:00",REECE2,0
D,DISPATCH,UNIT_SCADA,1,"2022/10/20 04:25:00",ROMA_7,0
D,DISPATCH,UNIT_SCADA,1,"2022/10/20 04:25:00",ROMA_8,0
D,DISPATCH,UNIT_SCADA,1,"2022/10/20 04:25:00",RRSF1,0
D,DISPATCH,UNIT_SCADA,1,"2022/10/20 04:25:00",RT_NSW1,0
D,DISPATCH,UNIT_SCADA,1,"2022/10/20 04:25:00",RT_NSW2,0
D,DISPATCH,UNIT_SCADA,1,"2022/10/20 04:25:00",RT_NSW3,0
D,DISPATCH,UNIT_SCADA,1,"2022/10/20 04:25:00",RT_NSW4,0
D,DISPATCH,UNIT_SCADA,1,"2022/10/20 04:25:00",RT_NSW5,0
D,DISPATCH,UNIT_SCADA,1,"2022/10/20 04:25:00",RT_NSW6,0
D,DISPATCH,UNIT_SCADA,1,"2022/10/20 04:25:00",RT_QLD1,0
D,DISPATCH,UNIT_SCADA,1,"2022/10/20 04:25:00",RT_SA1,0
D,DISPATCH,UNIT_SCADA,1,"2022/10/20 04:25:00",RT_SA2,0
D,DISPATCH,UNIT_SCADA,1,"2022/10/20 04:25:00",RT_SA3,0
D,DISPATCH,UNIT_SCADA,1,"2022/10/20 04:25:00",RT_SA4,0
D,DISPATCH,UNIT_SCADA,1,"2022/10/20 04:25:00",RT_SA5,0
D,DISPATCH,UNIT_SCADA,1,"2022/10/20 04:25:00",RT_SA6,0
D,DISPATCH,UNIT_SCADA,1,"2022/10/20 04:25:00",RT_TAS1,0
D,DISPATCH,UNIT_SCADA,1,"2022/10/20 04:25:00",RT_VIC1,0
D,DISPATCH,UNIT_SCADA,1,"2022/10/20 04:25:00",RT_VIC10,0
D,DISPATCH,UNIT_SCADA,1,"2022/10/20 04:25:00",RT_VIC11,0
D,DISPATCH,UNIT_SCADA,1,"2022/10/20 04:25:00",RT_VIC12,0
D,DISPATCH,UNIT_SCADA,1,"2022/10/20 04:25:00",RT_VIC2,0
D,DISPATCH,UNIT_SCADA,1,"2022/10/20 04:25:00",RT_VIC3,0
D,DISPATCH,UNIT_SCADA,1,"2022/10/20 04:25:00",RT_VIC4,0
D,DISPATCH,UNIT_SCADA,1,"2022/10/20 04:25:00",RT_VIC5,0
D,DISPATCH,UNIT_SCADA,1,"2022/10/20 04:25:00",RT_VIC6,0
D,DISPATCH,UNIT_SCADA,1,"2022/10/20 04:25:00",RT_VIC7,0
D,DISPATCH,UNIT_SCADA,1,"2022/10/20 04:25:00",RT_VIC8,0
D,DISPATCH,UNIT_SCADA,1,"2022/10/20 04:25:00",RT_VIC9,0
D,DISPATCH,UNIT_SCADA,1,"2022/10/20 04:25:00",RUGBYR1,0
D,DISPATCH,UNIT_SCADA,1,"2022/10/20 04:25:00",SALTCRK1,16.57
D,DISPATCH,UNIT_SCADA,1,"2022/10/20 04:25:00",SAPHWF1,161.341260
D,DISPATCH,UNIT_SCADA,1,"2022/10/20 04:25:00",SEBSF1,0
D,DISPATCH,UNIT_SCADA,1,"2022/10/20 04:25:00",SHGEN,0
D,DISPATCH,UNIT_SCADA,1,"2022/10/20 04:25:00",SHPUMP,0
D,DISPATCH,UNIT_SCADA,1,"2022/10/20 04:25:00",SITHE01,0.123710
D,DISPATCH,UNIT_SCADA,1,"2022/10/20 04:25:00",SMCSF1,0
D,DISPATCH,UNIT_SCADA,1,"2022/10/20 04:25:00",SNAPPER1,0
D,DISPATCH,UNIT_SCADA,1,"2022/10/20 04:25:00",SNOWNTH1,137
D,DISPATCH,UNIT_SCADA,1,"2022/10/20 04:25:00",SNOWSTH1,117.70
D,DISPATCH,UNIT_SCADA,1,"2022/10/20 04:25:00",SNOWTWN1,93.328080
D,DISPATCH,UNIT_SCADA,1,"2022/10/20 04:25:00",SNOWYP,0
D,DISPATCH,UNIT_SCADA,1,"2022/10/20 04:25:00",SNUG1,0
D,DISPATCH,UNIT_SCADA,1,"2022/10/20 04:25:00",SRSF1,0
D,DISPATCH,UNIT_SCADA,1,"2022/10/20 04:25:00",STAN-1,280.286830
D,DISPATCH,UNIT_SCADA,1,"2022/10/20 04:25:00",STAN-2,364.7305
D,DISPATCH,UNIT_SCADA,1,"2022/10/20 04:25:00",STAN-3,365.9610
D,DISPATCH,UNIT_SCADA,1,"2022/10/20 04:25:00",STAN-4,365.679020
D,DISPATCH,UNIT_SCADA,1,"2022/10/20 04:25:00",STARHLWF,12.496360
D,DISPATCH,UNIT_SCADA,1,"2022/10/20 04:25:00",STOCKYD1,211.55
D,DISPATCH,UNIT_SCADA,1,"2022/10/20 04:25:00",STWF1,37.304650
D,DISPATCH,UNIT_SCADA,1,"2022/10/20 04:25:00",SUNRSF1,0
D,DISPATCH,UNIT_SCADA,1,"2022/10/20 04:25:00",SUNTPSF1,0
D,DISPATCH,UNIT_SCADA,1,"2022/10/20 04:25:00",SWAN_E,244.651250
D,DISPATCH,UNIT_SCADA,1,"2022/10/20 04:25:00",TALWA1,0
D,DISPATCH,UNIT_SCADA,1,"2022/10/20 04:25:00",TARALGA1,0
D,DISPATCH,UNIT_SCADA,1,"2022/10/20 04:25:00",TARONG#1,282
D,DISPATCH,UNIT_SCADA,1,"2022/10/20 04:25:00",TARONG#2,282.200010
D,DISPATCH,UNIT_SCADA,1,"2022/10/20 04:25:00",TARONG#3,0.90
D,DISPATCH,UNIT_SCADA,1,"2022/10/20 04:25:00",TARONG#4,191.70
D,DISPATCH,UNIT_SCADA,1,"2022/10/20 04:25:00",TARRALEA,53.90
D,DISPATCH,UNIT_SCADA,1,"2022/10/20 04:25:00",TBSF1,0
D,DISPATCH,UNIT_SCADA,1,"2022/10/20 04:25:00",TNPS1,299.50
D,DISPATCH,UNIT_SCADA,1,"2022/10/20 04:25:00",TORRB1,0
D,DISPATCH,UNIT_SCADA,1,"2022/10/20 04:25:00",TORRB2,40
D,DISPATCH,UNIT_SCADA,1,"2022/10/20 04:25:00",TORRB3,0
D,DISPATCH,UNIT_SCADA,1,"2022/10/20 04:25:00",TORRB4,0
D,DISPATCH,UNIT_SCADA,1,"2022/10/20 04:25:00",TREVALLN,100.344570
D,DISPATCH,UNIT_SCADA,1,"2022/10/20 04:25:00",TRIBUTE,0
D,DISPATCH,UNIT_SCADA,1,"2022/10/20 04:25:00",TUMUT3,0
D,DISPATCH,UNIT_SCADA,1,"2022/10/20 04:25:00",TUNGATIN,5.880020
D,DISPATCH,UNIT_SCADA,1,"2022/10/20 04:25:00",TVCC201,0
D,DISPATCH,UNIT_SCADA,1,"2022/10/20 04:25:00",TVPP104,0
D,DISPATCH,UNIT_SCADA,1,"2022/10/20 04:25:00",UPPTUMUT,0
D,DISPATCH,UNIT_SCADA,1,"2022/10/20 04:25:00",URANQ11,0
D,DISPATCH,UNIT_SCADA,1,"2022/10/20 04:25:00",URANQ12,0
D,DISPATCH,UNIT_SCADA,1,"2022/10/20 04:25:00",URANQ13,0
D,DISPATCH,UNIT_SCADA,1,"2022/10/20 04:25:00",URANQ14,0
D,DISPATCH,UNIT_SCADA,1,"2022/10/20 04:25:00",VBBG1,0.10
D,DISPATCH,UNIT_SCADA,1,"2022/10/20 04:25:00",VBBL1,0
D,DISPATCH,UNIT_SCADA,1,"2022/10/20 04:25:00",VP5,552.653560
D,DISPATCH,UNIT_SCADA,1,"2022/10/20 04:25:00",VP6,552.433840
D,DISPATCH,UNIT_SCADA,1,"2022/10/20 04:25:00",VPGS1,0
D,DISPATCH,UNIT_SCADA,1,"2022/10/20 04:25:00",VPGS2,0
D,DISPATCH,UNIT_SCADA,1,"2022/10/20 04:25:00",VPGS3,0
D,DISPATCH,UNIT_SCADA,1,"2022/10/20 04:25:00",VPGS4,0
D,DISPATCH,UNIT_SCADA,1,"2022/10/20 04:25:00",VPGS5,0
D,DISPATCH,UNIT_SCADA,1,"2022/10/20 04:25:00",VPGS6,0
D,DISPATCH,UNIT_SCADA,1,"2022/10/20 04:25:00",W/HOE#1,0
D,DISPATCH,UNIT_SCADA,1,"2022/10/20 04:25:00",W/HOE#2,0
D,DISPATCH,UNIT_SCADA,1,"2022/10/20 04:25:00",WAGGNSF1,0
D,DISPATCH,UNIT_SCADA,1,"2022/10/20 04:25:00",WALGRVG1,5.2674
D,DISPATCH,UNIT_SCADA,1,"2022/10/20 04:25:00",WALGRVL1,0
D,DISPATCH,UNIT_SCADA,1,"2022/10/20 04:25:00",WANDBG1,0
D,DISPATCH,UNIT_SCADA,1,"2022/10/20 04:25:00",WANDBL1,0
D,DISPATCH,UNIT_SCADA,1,"2022/10/20 04:25:00",WARWSF1,0
D,DISPATCH,UNIT_SCADA,1,"2022/10/20 04:25:00",WARWSF2,0
D,DISPATCH,UNIT_SCADA,1,"2022/10/20 04:25:00",WATERLWF,89.60
D,DISPATCH,UNIT_SCADA,1,"2022/10/20 04:25:00",WDGPH1,0
D,DISPATCH,UNIT_SCADA,1,"2022/10/20 04:25:00",WELLSF1,0
D,DISPATCH,UNIT_SCADA,1,"2022/10/20 04:25:00",WEMENSF1,0
D,DISPATCH,UNIT_SCADA,1,"2022/10/20 04:25:00",WGWF1,63.10
D,DISPATCH,UNIT_SCADA,1,"2022/10/20 04:25:00",WHITSF1,0
D,DISPATCH,UNIT_SCADA,1,"2022/10/20 04:25:00",WINTSF1,0
D,DISPATCH,UNIT_SCADA,1,"2022/10/20 04:25:00",WKIEWA1,33.90
D,DISPATCH,UNIT_SCADA,1,"2022/10/20 04:25:00",WKIEWA2,33.90
D,DISPATCH,UNIT_SCADA,1,"2022/10/20 04:25:00",WOODLWN1,10.639320
D,DISPATCH,UNIT_SCADA,1,"2022/10/20 04:25:00",WOOLGSF1,0
D,DISPATCH,UNIT_SCADA,1,"2022/10/20 04:25:00",WPWF,67.26
D,DISPATCH,UNIT_SCADA,1,"2022/10/20 04:25:00",WRSF1,0
D,DISPATCH,UNIT_SCADA,1,"2022/10/20 04:25:00",WRWF1,55.531240
D,DISPATCH,UNIT_SCADA,1,"2022/10/20 04:25:00",WSTWYSF1,0
D,DISPATCH,UNIT_SCADA,1,"2022/10/20 04:25:00",YABULU,0
D,DISPATCH,UNIT_SCADA,1,"2022/10/20 04:25:00",YABULU2,0
D,DISPATCH,UNIT_SCADA,1,"2022/10/20 04:25:00",YARANSF1,0
D,DISPATCH,UNIT_SCADA,1,"2022/10/20 04:25:00",YARWUN_1,139.599990
D,DISPATCH,UNIT_SCADA,1,"2022/10/20 04:25:00",YATSF1,0
D,DISPATCH,UNIT_SCADA,1,"2022/10/20 04:25:00",YENDWF1,30.80
D,DISPATCH,UNIT_SCADA,1,"2022/10/20 04:25:00",YWPS1,364.911410
D,DISPATCH,UNIT_SCADA,1,"2022/10/20 04:25:00",YWPS2,321.551910
D,DISPATCH,UNIT_SCADA,1,"2022/10/20 04:25:00",YWPS3,361.364560
D,DISPATCH,UNIT_SCADA,1,"2022/10/20 04:25:00",YWPS4,0
C,"END OF REPORT",419
