C,NEMP.WORLD,DISPATCHSCADA,AEMO,PUBLIC,2022/10/20,07:25:09,0000000373237515,DISPATCHSCADA,0000000373237509
I,DISPATCH,UNIT_SCADA,1,SETTLEMENTDATE,DUID,SCADAVALUE
D,DISPATCH,UNIT_SCADA,1,"2022/10/20 07:30:00",BARCSF1,11
D,DISPATCH,UNIT_SCADA,1,"2022/10/20 07:30:00",BUTLERSG,8.699999
D,DISPATCH,UNIT_SCADA,1,"2022/10/20 07:30:00",CAPTL_WF,58.981369
D,DISPATCH,UNIT_SCADA,1,"2022/10/20 07:30:00",CHALLHWF,14.799999
D,DISPATCH,UNIT_SCADA,1,"2022/10/20 07:30:00",CLOVER,13.33
D,DISPATCH,UNIT_SCADA,1,"2022/10/20 07:30:00",CLUNY,6.205081
D,DISPATCH,UNIT_SCADA,1,"2022/10/20 07:30:00",CULLRGWF,-0.04
D,DISPATCH,UNIT_SCADA,1,"2022/10/20 07:30:00",DIAPURWF1,7.30
D,DISPATCH,UNIT_SCADA,1,"2022/10/20 07:30:00",ERGT01,0
D,DISPATCH,UNIT_SCADA,1,"2022/10/20 07:30:00",GB01,0
D,DISPATCH,UNIT_SCADA,1,"2022/10/20 07:30:00",GERMCRK,23
D,DISPATCH,UNIT_SCADA,1,"2022/10/20 07:30:00",GRIFSF1,2.400244
D,DISPATCH,UNIT_SCADA,1,"2022/10/20 07:30:00",HEZ1,0
D,DISPATCH,UNIT_SCADA,1,"2022/10/20 07:30:00",HUGSF1,1.4630
D,DISPATCH,UNIT_SCADA,1,"2022/10/20 07:30:00",KEPBG1,0.01
D,DISPATCH,UNIT_SCADA,1,"2022/10/20 07:30:00",LRSF1,1.8590
D,DISPATCH,UNIT_SCADA,1,"2022/10/20 07:30:00",MBAHNTH,45.318756
D,DISPATCH,UNIT_SCADA,1,"2022/10/20 07:30:00",MLSP1,4.788001
D,DISPATCH,UNIT_SCADA,1,"2022/10/20 07:30:00",MLWF1,3.9750
D,DISPATCH,UNIT_SCADA,1,"2022/10/20 07:30:00",PALOONA,29.90
D,DISPATCH,UNIT_SCADA,1,"2022/10/20 07:30:00",PIONEER,34.900002
D,DISPATCH,UNIT_SCADA,1,"2022/10/20 07:30:00",PORTWF,53.900002
D,DISPATCH,UNIT_SCADA,1,"2022/10/20 07:30:00",REPULSE,9.582055
D,DISPATCH,UNIT_SCADA,1,"2022/10/20 07:30:00",ROWALLAN,8.9602
D,DISPATCH,UNIT_SCADA,1,"2022/10/20 07:30:00",ROYALLA1,8.278004
D,DISPATCH,UNIT_SCADA,1,"2022/10/20 07:30:00",RPCG,-1.20
D,DISPATCH,UNIT_SCADA,1,"2022/10/20 07:30:00",RUBICON,0
D,DISPATCH,UNIT_SCADA,1,"2022/10/20 07:30:00",WAUBRAWF,59.6450
D,DISPATCH,UNIT_SCADA,1,"2022/10/20 07:30:00",WOOLNTH1,20.219999
D,DISPATCH,UNIT_SCADA,1,"2022/10/20 07:30:00",YAMBUKWF,7.30
D,DISPATCH,UNIT_SCADA,1,"2022/10/20 07:30:00",YSWF1,0.30
D,DISPATCH,UNIT_SCADA,1,"2022/10/20 07:30:00",ADPBA1G,0.0080
D,DISPATCH,UNIT_SCADA,1,"2022/10/20 07:30:00",ADPBA1L,0
D,DISPATCH,UNIT_SCADA,1,"2022/10/20 07:30:00",ADPPV1,5.5210
D,DISPATCH,UNIT_SCADA,1,"2022/10/20 07:30:00",AGLHAL,0
D,DISPATCH,UNIT_SCADA,1,"2022/10/20 07:30:00",AGLSOM,0
D,DISPATCH,UNIT_SCADA,1,"2022/10/20 07:30:00",ANGAST1,0
D,DISPATCH,UNIT_SCADA,1,"2022/10/20 07:30:00",ARWF1,15.90
D,DISPATCH,UNIT_SCADA,1,"2022/10/20 07:30:00",BALBG1,0
D,DISPATCH,UNIT_SCADA,1,"2022/10/20 07:30:00",BALBL1,3.76
D,DISPATCH,UNIT_SCADA,1,"2022/10/20 07:30:00",BALDHWF1,0.5690
D,DISPATCH,UNIT_SCADA,1,"2022/10/20 07:30:00",BANGOWF1,34.695350
D,DISPATCH,UNIT_SCADA,1,"2022/10/20 07:30:00",BANGOWF2,40.499350
D,DISPATCH,UNIT_SCADA,1,"2022/10/20 07:30:00",BANN1,5.33
D,DISPATCH,UNIT_SCADA,1,"2022/10/20 07:30:00",BARCALDN,0
D,DISPATCH,UNIT_SCADA,1,"2022/10/20 07:30:00",BARKIPS1,0
D,DISPATCH,UNIT_SCADA,1,"2022/10/20 07:30:00",BARRON-1,28.04
D,DISPATCH,UNIT_SCADA,1,"2022/10/20 07:30:00",BARRON-2,5.04
D,DISPATCH,UNIT_SCADA,1,"2022/10/20 07:30:00",BASTYAN,50.26
D,DISPATCH,UNIT_SCADA,1,"2022/10/20 07:30:00",BBTHREE1,0
D,DISPATCH,UNIT_SCADA,1,"2022/10/20 07:30:00",BBTHREE2,0
D,DISPATCH,UNIT_SCADA,1,"2022/10/20 07:30:00",BBTHREE3,-1.07
D,DISPATCH,UNIT_SCADA,1,"2022/10/20 07:30:00",BDL01,0
D,DISPATCH,UNIT_SCADA,1,"2022/10/20 07:30:00",BDL02,0
D,DISPATCH,UNIT_SCADA,1,"2022/10/20 07:30:00",BERYLSF1,8.922360
D,DISPATCH,UNIT_SCADA,1,"2022/10/20 07:30:00",BLOWERNG,62.70
D,DISPATCH,UNIT_SCADA,1,"2022/10/20 07:30:00",BLUEGSF1,11.459070
D,DISPATCH,UNIT_SCADA,1,"2022/10/20 07:30:00",BLUFF1,0.20
D,DISPATCH,UNIT_SCADA,1,"2022/10/20 07:30:00",BNGSF1,29.51
D,DISPATCH,UNIT_SCADA,1,"2022/10/20 07:30:00",BNGSF2,31.26
D,DISPATCH,UNIT_SCADA,1,"2022/10/20 07:30:00",BOCORWF1,0
D,DISPATCH,UNIT_SCADA,1,"2022/10/20 07:30:00",BODWF1,104.582080
D,DISPATCH,UNIT_SCADA,1,"2022/10/20 07:30:00",BOMENSF1,14.101170
D,DISPATCH,UNIT_SCADA,1,"2022/10/20 07:30:00",BOWWBA1G,0
D,DISPATCH,UNIT_SCADA,1,"2022/10/20 07:30:00",BOWWBA1L,0.0010
D,DISPATCH,UNIT_SCADA,1,"2022/10/20 07:30:00",BOWWPV1,0.0010
D,DISPATCH,UNIT_SCADA,1,"2022/10/20 07:30:00",BRAEMAR1,0
D,DISPATCH,UNIT_SCADA,1,"2022/10/20 07:30:00",BRAEMAR2,0
D,DISPATCH,UNIT_SCADA,1,"2022/10/20 07:30:00",BRAEMAR3,0
D,DISPATCH,UNIT_SCADA,1,"2022/10/20 07:30:00",BRAEMAR5,0.292060
D,DISPATCH,UNIT_SCADA,1,"2022/10/20 07:30:00",BRAEMAR6,0
D,DISPATCH,UNIT_SCADA,1,"2022/10/20 07:30:00",BRAEMAR7,0.130920
D,DISPATCH,UNIT_SCADA,1,"2022/10/20 07:30:00",BROKENH1,3.299950
D,DISPATCH,UNIT_SCADA,1,"2022/10/20 07:30:00",BRYB1WF1,120.274670
D,DISPATCH,UNIT_SCADA,1,"2022/10/20 07:30:00",BULBESG1,16.87
D,DISPATCH,UNIT_SCADA,1,"2022/10/20 07:30:00",BULBESL1,0
D,DISPATCH,UNIT_SCADA,1,"2022/10/20 07:30:00",BULGANA1,33.63
D,DISPATCH,UNIT_SCADA,1,"2022/10/20 07:30:00",BW01,657.029050
D,DISPATCH,UNIT_SCADA,1,"2022/10/20 07:30:00",BW02,618.4787
D,DISPATCH,UNIT_SCADA,1,"2022/10/20 07:30:00",BW03,545.967770
D,DISPATCH,UNIT_SCADA,1,"2022/10/20 07:30:00",BW04,0
D,DISPATCH,UNIT_SCADA,1,"2022/10/20 07:30:00",CALL_B_1,317.800020
D,DISPATCH,UNIT_SCADA,1,"2022/10/20 07:30:00",CALL_B_2,317.399990
D,DISPATCH,UNIT_SCADA,1,"2022/10/20 07:30:00",CATHROCK,1.70
D,DISPATCH,UNIT_SCADA,1,"2022/10/20 07:30:00",CBWWBA1G,0
D,DISPATCH,UNIT_SCADA,1,"2022/10/20 07:30:00",CBWWBA1L,0
D,DISPATCH,UNIT_SCADA,1,"2022/10/20 07:30:00",CETHANA,98.124630
D,DISPATCH,UNIT_SCADA,1,"2022/10/20 07:30:00",CG1,0
D,DISPATCH,UNIT_SCADA,1,"2022/10/20 07:30:00",CG2,0
D,DISPATCH,UNIT_SCADA,1,"2022/10/20 07:30:00",CG3,0
D,DISPATCH,UNIT_SCADA,1,"2022/10/20 07:30:00",CG4,0
D,DISPATCH,UNIT_SCADA,1,"2022/10/20 07:30:00",CHILDSF1,5.37
D,DISPATCH,UNIT_SCADA,1,"2022/10/20 07:30:00",CHYTWF1,0.68
D,DISPATCH,UNIT_SCADA,1,"2022/10/20 07:30:00",CLARESF1,10.857470
D,DISPATCH,UNIT_SCADA,1,"2022/10/20 07:30:00",CLEMGPWF,9.148450
D,DISPATCH,UNIT_SCADA,1,"2022/10/20 07:30:00",CLERMSF1,9.06
D,DISPATCH,UNIT_SCADA,1,"2022/10/20 07:30:00",CNUNDAWF,10.7125
D,DISPATCH,UNIT_SCADA,1,"2022/10/20 07:30:00",COHUNSF1,2.21
D,DISPATCH,UNIT_SCADA,1,"2022/10/20 07:30:00",COLEASF1,33.601510
D,DISPATCH,UNIT_SCADA,1,"2022/10/20 07:30:00",COLUMSF1,13.5910
D,DISPATCH,UNIT_SCADA,1,"2022/10/20 07:30:00",COLWF01,100.036620
D,DISPATCH,UNIT_SCADA,1,"2022/10/20 07:30:00",COOPGWF1,333.480010
D,DISPATCH,UNIT_SCADA,1,"2022/10/20 07:30:00",CPP_3,359.149990
D,DISPATCH,UNIT_SCADA,1,"2022/10/20 07:30:00",CPP_4,0
D,DISPATCH,UNIT_SCADA,1,"2022/10/20 07:30:00",CPSA,0
D,DISPATCH,UNIT_SCADA,1,"2022/10/20 07:30:00",CROOKWF2,36.442820
D,DISPATCH,UNIT_SCADA,1,"2022/10/20 07:30:00",CROWLWF1,44.400640
D,DISPATCH,UNIT_SCADA,1,"2022/10/20 07:30:00",CRURWF1,73.799880
D,DISPATCH,UNIT_SCADA,1,"2022/10/20 07:30:00",CRWASF1,25.632770
D,DISPATCH,UNIT_SCADA,1,"2022/10/20 07:30:00",CSPVPS1,7.4530
D,DISPATCH,UNIT_SCADA,1,"2022/10/20 07:30:00",CTHLWF1,0.003050
D,DISPATCH,UNIT_SCADA,1,"2022/10/20 07:30:00",DALNTH01,0
D,DISPATCH,UNIT_SCADA,1,"2022/10/20 07:30:00",DALNTHL1,0.090030
D,DISPATCH,UNIT_SCADA,1,"2022/10/20 07:30:00",DARLSF1,139.8429
D,DISPATCH,UNIT_SCADA,1,"2022/10/20 07:30:00",DARTM1,0
D,DISPATCH,UNIT_SCADA,1,"2022/10/20 07:30:00",DAYDSF1,23.4850
D,DISPATCH,UNIT_SCADA,1,"2022/10/20 07:30:00",DDPS1,0
D,DISPATCH,UNIT_SCADA,1,"2022/10/20 07:30:00",DDSF1,6.935550
D,DISPATCH,UNIT_SCADA,1,"2022/10/20 07:30:00",DEVILS_G,57.670220
D,DISPATCH,UNIT_SCADA,1,"2022/10/20 07:30:00",DG_NSW1,0
D,DISPATCH,UNIT_SCADA,1,"2022/10/20 07:30:00",DG_QLD1,0
D,DISPATCH,UNIT_SCADA,1,"2022/10/20 07:30:00",DG_SA1,0
D,DISPATCH,UNIT_SCADA,1,"2022/10/20 07:30:00",DG_TAS1,0
D,DISPATCH,UNIT_SCADA,1,"2022/10/20 07:30:00",DG_VIC1,0
D,DISPATCH,UNIT_SCADA,1,"2022/10/20 07:30:00",DRYCGT1,0
D,DISPATCH,UNIT_SCADA,1,"2022/10/20 07:30:00",DRYCGT2,0
D,DISPATCH,UNIT_SCADA,1,"2022/10/20 07:30:00",DRYCGT3,0
D,DISPATCH,UNIT_SCADA,1,"2022/10/20 07:30:00",DUNDWF1,54.26
D,DISPATCH,UNIT_SCADA,1,"2022/10/20 07:30:00",DUNDWF2,21.18
D,DISPATCH,UNIT_SCADA,1,"2022/10/20 07:30:00",DUNDWF3,69.15
D,DISPATCH,UNIT_SCADA,1,"2022/10/20 07:30:00",EILDON1,59.88
D,DISPATCH,UNIT_SCADA,1,"2022/10/20 07:30:00",EILDON2,59.92
D,DISPATCH,UNIT_SCADA,1,"2022/10/20 07:30:00",ELAINWF1,9.45
D,DISPATCH,UNIT_SCADA,1,"2022/10/20 07:30:00",EMERASF1,0
D,DISPATCH,UNIT_SCADA,1,"2022/10/20 07:30:00",ER01,0
D,DISPATCH,UNIT_SCADA,1,"2022/10/20 07:30:00",ER02,669.065370
D,DISPATCH,UNIT_SCADA,1,"2022/10/20 07:30:00",ER03,667.624940
D,DISPATCH,UNIT_SCADA,1,"2022/10/20 07:30:00",ER04,673.752930
D,DISPATCH,UNIT_SCADA,1,"2022/10/20 07:30:00",FINLYSF1,113.353170
D,DISPATCH,UNIT_SCADA,1,"2022/10/20 07:30:00",FISHER,45.84
D,DISPATCH,UNIT_SCADA,1,"2022/10/20 07:30:00",GANGARR1,6.2730
D,DISPATCH,UNIT_SCADA,1,"2022/10/20 07:30:00",GANNBG1,0
D,DISPATCH,UNIT_SCADA,1,"2022/10/20 07:30:00",GANNBL1,0.380680
D,DISPATCH,UNIT_SCADA,1,"2022/10/20 07:30:00",GANNSF1,21.50
D,DISPATCH,UNIT_SCADA,1,"2022/10/20 07:30:00",GLRWNSF1,97.46
D,DISPATCH,UNIT_SCADA,1,"2022/10/20 07:30:00",GNNDHSF1,9.378580
D,DISPATCH,UNIT_SCADA,1,"2022/10/20 07:30:00",GOONSF1,4.432440
D,DISPATCH,UNIT_SCADA,1,"2022/10/20 07:30:00",GORDON,239.492190
D,DISPATCH,UNIT_SCADA,1,"2022/10/20 07:30:00",GRANWF1,14.57
D,DISPATCH,UNIT_SCADA,1,"2022/10/20 07:30:00",GSTONE1,205.974990
D,DISPATCH,UNIT_SCADA,1,"2022/10/20 07:30:00",GSTONE2,0
D,DISPATCH,UNIT_SCADA,1,"2022/10/20 07:30:00",GSTONE3,199.50
D,DISPATCH,UNIT_SCADA,1,"2022/10/20 07:30:00",GSTONE4,0
D,DISPATCH,UNIT_SCADA,1,"2022/10/20 07:30:00",GSTONE5,199.3250
D,DISPATCH,UNIT_SCADA,1,"2022/10/20 07:30:00",GSTONE6,199.50
D,DISPATCH,UNIT_SCADA,1,"2022/10/20 07:30:00",GULLRSF1,0.744990
D,DISPATCH,UNIT_SCADA,1,"2022/10/20 07:30:00",GULLRWF1,68.493960
D,DISPATCH,UNIT_SCADA,1,"2022/10/20 07:30:00",GULLRWF2,89.052630
D,DISPATCH,UNIT_SCADA,1,"2022/10/20 07:30:00",GUNNING1,0
D,DISPATCH,UNIT_SCADA,1,"2022/10/20 07:30:00",GUTHEGA,67.70
D,DISPATCH,UNIT_SCADA,1,"2022/10/20 07:30:00",HALLWF1,34.80
D,DISPATCH,UNIT_SCADA,1,"2022/10/20 07:30:00",HALLWF2,57.48
D,DISPATCH,UNIT_SCADA,1,"2022/10/20 07:30:00",HAMISF1,4.60
D,DISPATCH,UNIT_SCADA,1,"2022/10/20 07:30:00",HAUGHT11,56.297470
D,DISPATCH,UNIT_SCADA,1,"2022/10/20 07:30:00",HAYMSF1,6.0230
D,DISPATCH,UNIT_SCADA,1,"2022/10/20 07:30:00",HDWF1,30
D,DISPATCH,UNIT_SCADA,1,"2022/10/20 07:30:00",HDWF2,9.90
D,DISPATCH,UNIT_SCADA,1,"2022/10/20 07:30:00",HDWF3,16.50
D,DISPATCH,UNIT_SCADA,1,"2022/10/20 07:30:00",HILLSTN1,5.269760
D,DISPATCH,UNIT_SCADA,1,"2022/10/20 07:30:00",HPRG1,0
D,DISPATCH,UNIT_SCADA,1,"2022/10/20 07:30:00",HPRL1,4.30
D,DISPATCH,UNIT_SCADA,1,"2022/10/20 07:30:00",HUMENSW,54.549050
D,DISPATCH,UNIT_SCADA,1,"2022/10/20 07:30:00",HUMEV,0
D,DISPATCH,UNIT_SCADA,1,"2022/10/20 07:30:00",HVWWBA1G,0
D,DISPATCH,UNIT_SCADA,1,"2022/10/20 07:30:00",HVWWBA1L,0.0060
D,DISPATCH,UNIT_SCADA,1,"2022/10/20 07:30:00",HVWWPV1,3.2370
D,DISPATCH,UNIT_SCADA,1,"2022/10/20 07:30:00",JBUTTERS,0
D,DISPATCH,UNIT_SCADA,1,"2022/10/20 07:30:00",JEMALNG1,3.29
D,DISPATCH,UNIT_SCADA,1,"2022/10/20 07:30:00",JLA01,0
D,DISPATCH,UNIT_SCADA,1,"2022/10/20 07:30:00",JLA02,0
D,DISPATCH,UNIT_SCADA,1,"2022/10/20 07:30:00",JLA03,0
D,DISPATCH,UNIT_SCADA,1,"2022/10/20 07:30:00",JLA04,0
D,DISPATCH,UNIT_SCADA,1,"2022/10/20 07:30:00",JLB01,0
D,DISPATCH,UNIT_SCADA,1,"2022/10/20 07:30:00",JLB02,0.10
D,DISPATCH,UNIT_SCADA,1,"2022/10/20 07:30:00",JLB03,0
D,DISPATCH,UNIT_SCADA,1,"2022/10/20 07:30:00",JUNEESF1,5.784580
D,DISPATCH,UNIT_SCADA,1,"2022/10/20 07:30:00",KABANWF1,1.0520
D,DISPATCH,UNIT_SCADA,1,"2022/10/20 07:30:00",KAREEYA1,17.9250
D,DISPATCH,UNIT_SCADA,1,"2022/10/20 07:30:00",KAREEYA2,0
D,DISPATCH,UNIT_SCADA,1,"2022/10/20 07:30:00",KAREEYA3,21.37
D,DISPATCH,UNIT_SCADA,1,"2022/10/20 07:30:00",KAREEYA4,0
D,DISPATCH,UNIT_SCADA,1,"2022/10/20 07:30:00",KARSF1,22.20
D,DISPATCH,UNIT_SCADA,1,"2022/10/20 07:30:00",KEPSF1,1.28
D,DISPATCH,UNIT_SCADA,1,"2022/10/20 07:30:00",KEPWF1,0
D,DISPATCH,UNIT_SCADA,1,"2022/10/20 07:30:00",KIAMSF1,2.445260
D,DISPATCH,UNIT_SCADA,1,"2022/10/20 07:30:00",KIATAWF1,24.70
D,DISPATCH,UNIT_SCADA,1,"2022/10/20 07:30:00",KPP_1,0
D,DISPATCH,UNIT_SCADA,1,"2022/10/20 07:30:00",KSP1,41.62
D,DISPATCH,UNIT_SCADA,1,"2022/10/20 07:30:00",LADBROK1,0.01
D,DISPATCH,UNIT_SCADA,1,"2022/10/20 07:30:00",LADBROK2,37.59
D,DISPATCH,UNIT_SCADA,1,"2022/10/20 07:30:00",LBBG1,3.45
D,DISPATCH,UNIT_SCADA,1,"2022/10/20 07:30:00",LBBL1,0
D,DISPATCH,UNIT_SCADA,1,"2022/10/20 07:30:00",LD01,317.093410
D,DISPATCH,UNIT_SCADA,1,"2022/10/20 07:30:00",LD02,0
D,DISPATCH,UNIT_SCADA,1,"2022/10/20 07:30:00",LD04,318.942840
D,DISPATCH,UNIT_SCADA,1,"2022/10/20 07:30:00",LEM_WIL,86.771070
D,DISPATCH,UNIT_SCADA,1,"2022/10/20 07:30:00",LGAPWF1,82.71
D,DISPATCH,UNIT_SCADA,1,"2022/10/20 07:30:00",LGAPWF2,46.70
D,DISPATCH,UNIT_SCADA,1,"2022/10/20 07:30:00",LILYSF1,3.604480
D,DISPATCH,UNIT_SCADA,1,"2022/10/20 07:30:00",LIMOSF11,14.899980
D,DISPATCH,UNIT_SCADA,1,"2022/10/20 07:30:00",LIMOSF21,2.604620
D,DISPATCH,UNIT_SCADA,1,"2022/10/20 07:30:00",LI_WY_CA,76.834350
D,DISPATCH,UNIT_SCADA,1,"2022/10/20 07:30:00",LKBONNY1,0
D,DISPATCH,UNIT_SCADA,1,"2022/10/20 07:30:00",LKBONNY2,21.645840
D,DISPATCH,UNIT_SCADA,1,"2022/10/20 07:30:00",LKBONNY3,9.545580
D,DISPATCH,UNIT_SCADA,1,"2022/10/20 07:30:00",LK_ECHO,0
D,DISPATCH,UNIT_SCADA,1,"2022/10/20 07:30:00",LNGS1,0
D,DISPATCH,UNIT_SCADA,1,"2022/10/20 07:30:00",LNGS2,0
D,DISPATCH,UNIT_SCADA,1,"2022/10/20 07:30:00",LONSDALE,0
D,DISPATCH,UNIT_SCADA,1,"2022/10/20 07:30:00",LOYYB1,579.322810
D,DISPATCH,UNIT_SCADA,1,"2022/10/20 07:30:00",LOYYB2,573.683530
D,DISPATCH,UNIT_SCADA,1,"2022/10/20 07:30:00",LYA1,553
D,DISPATCH,UNIT_SCADA,1,"2022/10/20 07:30:00",LYA2,0
D,DISPATCH,UNIT_SCADA,1,"2022/10/20 07:30:00",LYA3,553
D,DISPATCH,UNIT_SCADA,1,"2022/10/20 07:30:00",LYA4,553
D,DISPATCH,UNIT_SCADA,1,"2022/10/20 07:30:00",MACARTH1,0
D,DISPATCH,UNIT_SCADA,1,"2022/10/20 07:30:00",MACKNTSH,0
D,DISPATCH,UNIT_SCADA,1,"2022/10/20 07:30:00",MANSLR1,0.4740
D,DISPATCH,UNIT_SCADA,1,"2022/10/20 07:30:00",MAPS2PV1,0
D,DISPATCH,UNIT_SCADA,1,"2022/10/20 07:30:00",MAPS3PV1,0
D,DISPATCH,UNIT_SCADA,1,"2022/10/20 07:30:00",MARYRSF1,9.98
D,DISPATCH,UNIT_SCADA,1,"2022/10/20 07:30:00",MBPS2PV1,0
D,DISPATCH,UNIT_SCADA,1,"2022/10/20 07:30:00",MCKAY1,237.370010
D,DISPATCH,UNIT_SCADA,1,"2022/10/20 07:30:00",MEADOWBK,19.977420
D,DISPATCH,UNIT_SCADA,1,"2022/10/20 07:30:00",MERCER01,17.70
D,DISPATCH,UNIT_SCADA,1,"2022/10/20 07:30:00",METZSF1,45.565690
D,DISPATCH,UNIT_SCADA,1,"2022/10/20 07:30:00",MEWF1,2
D,DISPATCH,UNIT_SCADA,1,"2022/10/20 07:30:00",MIDDLSF1,4.06
D,DISPATCH,UNIT_SCADA,1,"2022/10/20 07:30:00",MINTARO,0.128180
D,DISPATCH,UNIT_SCADA,1,"2022/10/20 07:30:00",MOLNGSF1,0.411380
D,DISPATCH,UNIT_SCADA,1,"2022/10/20 07:30:00",MOORAWF1,18.72
D,DISPATCH,UNIT_SCADA,1,"2022/10/20 07:30:00",MOREESF1,1.25
D,DISPATCH,UNIT_SCADA,1,"2022/10/20 07:30:00",MORTLK11,0
D,DISPATCH,UNIT_SCADA,1,"2022/10/20 07:30:00",MORTLK12,0
D,DISPATCH,UNIT_SCADA,1,"2022/10/20 07:30:00",MOUSF1,0
D,DISPATCH,UNIT_SCADA,1,"2022/10/20 07:30:00",MP1,0
D,DISPATCH,UNIT_SCADA,1,"2022/10/20 07:30:00",MP2,464.6189
D,DISPATCH,UNIT_SCADA,1,"2022/10/20 07:30:00",MPP_1,172.063870
D,DISPATCH,UNIT_SCADA,1,"2022/10/20 07:30:00",MPP_2,0
D,DISPATCH,UNIT_SCADA,1,"2022/10/20 07:30:00",MRTLSWF1,0
D,DISPATCH,UNIT_SCADA,1,"2022/10/20 07:30:00",MSTUART1,0
D,DISPATCH,UNIT_SCADA,1,"2022/10/20 07:30:00",MSTUART2,0
D,DISPATCH,UNIT_SCADA,1,"2022/10/20 07:30:00",MSTUART3,0
D,DISPATCH,UNIT_SCADA,1,"2022/10/20 07:30:00",MTGELWF1,38.860740
D,DISPATCH,UNIT_SCADA,1,"2022/10/20 07:30:00",MTMILLAR,10
D,DISPATCH,UNIT_SCADA,1,"2022/10/20 07:30:00",MURRAY,0
D,DISPATCH,UNIT_SCADA,1,"2022/10/20 07:30:00",MUSSELR1,26.50
D,DISPATCH,UNIT_SCADA,1,"2022/10/20 07:30:00",MUWAWF1,178.39
D,DISPATCH,UNIT_SCADA,1,"2022/10/20 07:30:00",MUWAWF2,156
D,DISPATCH,UNIT_SCADA,1,"2022/10/20 07:30:00",MWPS1PV1,0.08
D,DISPATCH,UNIT_SCADA,1,"2022/10/20 07:30:00",MWPS2PV1,0.34
D,DISPATCH,UNIT_SCADA,1,"2022/10/20 07:30:00",MWPS3PV1,0.10
D,DISPATCH,UNIT_SCADA,1,"2022/10/20 07:30:00",MWPS4PV1,0.29
D,DISPATCH,UNIT_SCADA,1,"2022/10/20 07:30:00",NBHWF1,86.30
D,DISPATCH,UNIT_SCADA,1,"2022/10/20 07:30:00",NEVERSF1,1.49
D,DISPATCH,UNIT_SCADA,1,"2022/10/20 07:30:00",NPS,0
D,DISPATCH,UNIT_SCADA,1,"2022/10/20 07:30:00",NUMURSF1,79.22
D,DISPATCH,UNIT_SCADA,1,"2022/10/20 07:30:00",NYNGAN1,2.25
D,DISPATCH,UNIT_SCADA,1,"2022/10/20 07:30:00",OAKEY1,0
D,DISPATCH,UNIT_SCADA,1,"2022/10/20 07:30:00",OAKEY1SF,4.3520
D,DISPATCH,UNIT_SCADA,1,"2022/10/20 07:30:00",OAKEY2,0
D,DISPATCH,UNIT_SCADA,1,"2022/10/20 07:30:00",OAKEY2SF,6.91
D,DISPATCH,UNIT_SCADA,1,"2022/10/20 07:30:00",OAKLAND1,9.30
D,DISPATCH,UNIT_SCADA,1,"2022/10/20 07:30:00",OSB-AG,0
D,DISPATCH,UNIT_SCADA,1,"2022/10/20 07:30:00",PAREPS1,0.0660
D,DISPATCH,UNIT_SCADA,1,"2022/10/20 07:30:00",PAREPW1,86.689990
D,DISPATCH,UNIT_SCADA,1,"2022/10/20 07:30:00",PARSF1,3.801020
D,DISPATCH,UNIT_SCADA,1,"2022/10/20 07:30:00",POAT110,0
D,DISPATCH,UNIT_SCADA,1,"2022/10/20 07:30:00",POAT220,0
D,DISPATCH,UNIT_SCADA,1,"2022/10/20 07:30:00",POR01,0
D,DISPATCH,UNIT_SCADA,1,"2022/10/20 07:30:00",POR03,0
D,DISPATCH,UNIT_SCADA,1,"2022/10/20 07:30:00",PPCCGT,172.209920
D,DISPATCH,UNIT_SCADA,1,"2022/10/20 07:30:00",PTSTAN1,0
D,DISPATCH,UNIT_SCADA,1,"2022/10/20 07:30:00",PUMP1,0
D,DISPATCH,UNIT_SCADA,1,"2022/10/20 07:30:00",PUMP2,0
D,DISPATCH,UNIT_SCADA,1,"2022/10/20 07:30:00",QBYNBG1,0
D,DISPATCH,UNIT_SCADA,1,"2022/10/20 07:30:00",QBYNBL1,0.0025
D,DISPATCH,UNIT_SCADA,1,"2022/10/20 07:30:00",QPS1,0
D,DISPATCH,UNIT_SCADA,1,"2022/10/20 07:30:00",QPS2,0
D,DISPATCH,UNIT_SCADA,1,"2022/10/20 07:30:00",QPS3,0
D,DISPATCH,UNIT_SCADA,1,"2022/10/20 07:30:00",QPS4,0
D,DISPATCH,UNIT_SCADA,1,"2022/10/20 07:30:00",QPS5,73.29
D,DISPATCH,UNIT_SCADA,1,"2022/10/20 07:30:00",REECE1,44.445820
D,DISPATCH,UNIT_SCADA,1,"2022/10/20 07:30:00",REECE2,33.92
D,DISPATCH,UNIT_SCADA,1,"2022/10/20 07:30:00",ROMA_7,0
D,DISPATCH,UNIT_SCADA,1,"2022/10/20 07:30:00",ROMA_8,0
D,DISPATCH,UNIT_SCADA,1,"2022/10/20 07:30:00",RRSF1,19.668890
D,DISPATCH,UNIT_SCADA,1,"2022/10/20 07:30:00",RT_NSW1,0
D,DISPATCH,UNIT_SCADA,1,"2022/10/20 07:30:00",RT_NSW2,0
D,DISPATCH,UNIT_SCADA,1,"2022/10/20 07:30:00",RT_NSW3,0
D,DISPATCH,UNIT_SCADA,1,"2022/10/20 07:30:00",RT_NSW4,0
D,DISPATCH,UNIT_SCADA,1,"2022/10/20 07:30:00",RT_NSW5,0
D,DISPATCH,UNIT_SCADA,1,"2022/10/20 07:30:00",RT_NSW6,0
D,DISPATCH,UNIT_SCADA,1,"2022/10/20 07:30:00",RT_QLD1,0
D,DISPATCH,UNIT_SCADA,1,"2022/10/20 07:30:00",RT_SA1,0
D,DISPATCH,UNIT_SCADA,1,"2022/10/20 07:30:00",RT_SA2,0
D,DISPATCH,UNIT_SCADA,1,"2022/10/20 07:30:00",RT_SA3,0
D,DISPATCH,UNIT_SCADA,1,"2022/10/20 07:30:00",RT_SA4,0
D,DISPATCH,UNIT_SCADA,1,"2022/10/20 07:30:00",RT_SA5,0
D,DISPATCH,UNIT_SCADA,1,"2022/10/20 07:30:00",RT_SA6,0
D,DISPATCH,UNIT_SCADA,1,"2022/10/20 07:30:00",RT_TAS1,0
D,DISPATCH,UNIT_SCADA,1,"2022/10/20 07:30:00",RT_VIC1,0
D,DISPATCH,UNIT_SCADA,1,"2022/10/20 07:30:00",RT_VIC10,0
D,DISPATCH,UNIT_SCADA,1,"2022/10/20 07:30:00",RT_VIC11,0
D,DISPATCH,UNIT_SCADA,1,"2022/10/20 07:30:00",RT_VIC12,0
D,DISPATCH,UNIT_SCADA,1,"2022/10/20 07:30:00",RT_VIC2,0
D,DISPATCH,UNIT_SCADA,1,"2022/10/20 07:30:00",RT_VIC3,0
D,DISPATCH,UNIT_SCADA,1,"2022/10/20 07:30:00",RT_VIC4,0
D,DISPATCH,UNIT_SCADA,1,"2022/10/20 07:30:00",RT_VIC5,0
D,DISPATCH,UNIT_SCADA,1,"2022/10/20 07:30:00",RT_VIC6,0
D,DISPATCH,UNIT_SCADA,1,"2022/10/20 07:30:00",RT_VIC7,0
D,DISPATCH,UNIT_SCADA,1,"2022/10/20 07:30:00",RT_VIC8,0
D,DISPATCH,UNIT_SCADA,1,"2022/10/20 07:30:00",RT_VIC9,0
D,DISPATCH,UNIT_SCADA,1,"2022/10/20 07:30:00",RUGBYR1,4.298750
D,DISPATCH,UNIT_SCADA,1,"2022/10/20 07:30:00",SALTCRK1,23.51
D,DISPATCH,UNIT_SCADA,1,"2022/10/20 07:30:00",SAPHWF1,104.760820
D,DISPATCH,UNIT_SCADA,1,"2022/10/20 07:30:00",SEBSF1,48.632630
D,DISPATCH,UNIT_SCADA,1,"2022/10/20 07:30:00",SHGEN,80.850730
D,DISPATCH,UNIT_SCADA,1,"2022/10/20 07:30:00",SHPUMP,0
D,DISPATCH,UNIT_SCADA,1,"2022/10/20 07:30:00",SITHE01,0.083520
D,DISPATCH,UNIT_SCADA,1,"2022/10/20 07:30:00",SMCSF1,22.2090
D,DISPATCH,UNIT_SCADA,1,"2022/10/20 07:30:00",SNAPPER1,0
D,DISPATCH,UNIT_SCADA,1,"2022/10/20 07:30:00",SNOWNTH1,138.50
D,DISPATCH,UNIT_SCADA,1,"2022/10/20 07:30:00",SNOWSTH1,116.50
D,DISPATCH,UNIT_SCADA,1,"2022/10/20 07:30:00",SNOWTWN1,66.106350
D,DISPATCH,UNIT_SCADA,1,"2022/10/20 07:30:00",SNOWYP,0
D,DISPATCH,UNIT_SCADA,1,"2022/10/20 07:30:00",SNUG1,0
D,DISPATCH,UNIT_SCADA,1,"2022/10/20 07:30:00",SRSF1,2.54
D,DISPATCH,UNIT_SCADA,1,"2022/10/20 07:30:00",STAN-1,278.441070
D,DISPATCH,UNIT_SCADA,1,"2022/10/20 07:30:00",STAN-2,363.7179
D,DISPATCH,UNIT_SCADA,1,"2022/10/20 07:30:00",STAN-3,142.098130
D,DISPATCH,UNIT_SCADA,1,"2022/10/20 07:30:00",STAN-4,364.345980
D,DISPATCH,UNIT_SCADA,1,"2022/10/20 07:30:00",STARHLWF,2.799180
D,DISPATCH,UNIT_SCADA,1,"2022/10/20 07:30:00",STOCKYD1,202.92
D,DISPATCH,UNIT_SCADA,1,"2022/10/20 07:30:00",STWF1,23.692380
D,DISPATCH,UNIT_SCADA,1,"2022/10/20 07:30:00",SUNRSF1,10.203710
D,DISPATCH,UNIT_SCADA,1,"2022/10/20 07:30:00",SUNTPSF1,40.2002
D,DISPATCH,UNIT_SCADA,1,"2022/10/20 07:30:00",SWAN_E,243.654390
D,DISPATCH,UNIT_SCADA,1,"2022/10/20 07:30:00",TALWA1,0
D,DISPATCH,UNIT_SCADA,1,"2022/10/20 07:30:00",TARALGA1,0
D,DISPATCH,UNIT_SCADA,1,"2022/10/20 07:30:00",TARONG#1,348.899990
D,DISPATCH,UNIT_SCADA,1,"2022/10/20 07:30:00",TARONG#2,348.200010
D,DISPATCH,UNIT_SCADA,1,"2022/10/20 07:30:00",TARONG#3,0.90
D,DISPATCH,UNIT_SCADA,1,"2022/10/20 07:30:00",TARONG#4,294
D,DISPATCH,UNIT_SCADA,1,"2022/10/20 07:30:00",TARRALEA,54
D,DISPATCH,UNIT_SCADA,1,"2022/10/20 07:30:00",TBSF1,12.80
D,DISPATCH,UNIT_SCADA,1,"2022/10/20 07:30:00",TNPS1,440.1250
D,DISPATCH,UNIT_SCADA,1,"2022/10/20 07:30:00",TORRB1,0
D,DISPATCH,UNIT_SCADA,1,"2022/10/20 07:30:00",TORRB2,40
D,DISPATCH,UNIT_SCADA,1,"2022/10/20 07:30:00",TORRB3,0
D,DISPATCH,UNIT_SCADA,1,"2022/10/20 07:30:00",TORRB4,0
D,DISPATCH,UNIT_SCADA,1,"2022/10/20 07:30:00",TREVALLN,98.412190
D,DISPATCH,UNIT_SCADA,1,"2022/10/20 07:30:00",TRIBUTE,0
D,DISPATCH,UNIT_SCADA,1,"2022/10/20 07:30:00",TUMUT3,0
D,DISPATCH,UNIT_SCADA,1,"2022/10/20 07:30:00",TUNGATIN,4.910020
D,DISPATCH,UNIT_SCADA,1,"2022/10/20 07:30:00",TVCC201,0
D,DISPATCH,UNIT_SCADA,1,"2022/10/20 07:30:00",TVPP104,57.865630
D,DISPATCH,UNIT_SCADA,1,"2022/10/20 07:30:00",UPPTUMUT,63.414870
D,DISPATCH,UNIT_SCADA,1,"2022/10/20 07:30:00",URANQ11,0
D,DISPATCH,UNIT_SCADA,1,"2022/10/20 07:30:00",URANQ12,0
D,DISPATCH,UNIT_SCADA,1,"2022/10/20 07:30:00",URANQ13,0
D,DISPATCH,UNIT_SCADA,1,"2022/10/20 07:30:00",URANQ14,0
D,DISPATCH,UNIT_SCADA,1,"2022/10/20 07:30:00",VBBG1,0
D,DISPATCH,UNIT_SCADA,1,"2022/10/20 07:30:00",VBBL1,3.50
D,DISPATCH,UNIT_SCADA,1,"2022/10/20 07:30:00",VP5,549.5285
D,DISPATCH,UNIT_SCADA,1,"2022/10/20 07:30:00",VP6,548.527470
D,DISPATCH,UNIT_SCADA,1,"2022/10/20 07:30:00",VPGS1,0
D,DISPATCH,UNIT_SCADA,1,"2022/10/20 07:30:00",VPGS2,0
D,DISPATCH,UNIT_SCADA,1,"2022/10/20 07:30:00",VPGS3,0
D,DISPATCH,UNIT_SCADA,1,"2022/10/20 07:30:00",VPGS4,0
D,DISPATCH,UNIT_SCADA,1,"2022/10/20 07:30:00",VPGS5,0
D,DISPATCH,UNIT_SCADA,1,"2022/10/20 07:30:00",VPGS6,0
D,DISPATCH,UNIT_SCADA,1,"2022/10/20 07:30:00",W/HOE#1,0
D,DISPATCH,UNIT_SCADA,1,"2022/10/20 07:30:00",W/HOE#2,158.64
D,DISPATCH,UNIT_SCADA,1,"2022/10/20 07:30:00",WAGGNSF1,0
D,DISPATCH,UNIT_SCADA,1,"2022/10/20 07:30:00",WALGRVG1,0.000930
D,DISPATCH,UNIT_SCADA,1,"2022/10/20 07:30:00",WALGRVL1,0
D,DISPATCH,UNIT_SCADA,1,"2022/10/20 07:30:00",WANDBG1,0
D,DISPATCH,UNIT_SCADA,1,"2022/10/20 07:30:00",WANDBL1,19.773410
D,DISPATCH,UNIT_SCADA,1,"2022/10/20 07:30:00",WARWSF1,8.57
D,DISPATCH,UNIT_SCADA,1,"2022/10/20 07:30:00",WARWSF2,7.19
D,DISPATCH,UNIT_SCADA,1,"2022/10/20 07:30:00",WATERLWF,54.20
D,DISPATCH,UNIT_SCADA,1,"2022/10/20 07:30:00",WDGPH1,4.9690
D,DISPATCH,UNIT_SCADA,1,"2022/10/20 07:30:00",WELLSF1,17.422750
D,DISPATCH,UNIT_SCADA,1,"2022/10/20 07:30:00",WEMENSF1,10.40
D,DISPATCH,UNIT_SCADA,1,"2022/10/20 07:30:00",WGWF1,115.50
D,DISPATCH,UNIT_SCADA,1,"2022/10/20 07:30:00",WHITSF1,6.30
D,DISPATCH,UNIT_SCADA,1,"2022/10/20 07:30:00",WINTSF1,61.24
D,DISPATCH,UNIT_SCADA,1,"2022/10/20 07:30:00",WKIEWA1,33.80
D,DISPATCH,UNIT_SCADA,1,"2022/10/20 07:30:00",WKIEWA2,33.90
D,DISPATCH,UNIT_SCADA,1,"2022/10/20 07:30:00",WOODLWN1,27.839780
D,DISPATCH,UNIT_SCADA,1,"2022/10/20 07:30:00",WOOLGSF1,11.910660
D,DISPATCH,UNIT_SCADA,1,"2022/10/20 07:30:00",WPWF,42.86
D,DISPATCH,UNIT_SCADA,1,"2022/10/20 07:30:00",WRSF1,1.419720
D,DISPATCH,UNIT_SCADA,1,"2022/10/20 07:30:00",WRWF1,27.863580
D,DISPATCH,UNIT_SCADA,1,"2022/10/20 07:30:00",WSTWYSF1,0
D,DISPATCH,UNIT_SCADA,1,"2022/10/20 07:30:00",YABULU,0
D,DISPATCH,UNIT_SCADA,1,"2022/10/20 07:30:00",YABULU2,0
D,DISPATCH,UNIT_SCADA,1,"2022/10/20 07:30:00",YARANSF1,48.30
D,DISPATCH,UNIT_SCADA,1,"2022/10/20 07:30:00",YARWUN_1,128.44
D,DISPATCH,UNIT_SCADA,1,"2022/10/20 07:30:00",YATSF1,16.37
D,DISPATCH,UNIT_SCADA,1,"2022/10/20 07:30:00",YENDWF1,17.03
D,DISPATCH,UNIT_SCADA,1,"2022/10/20 07:30:00",YWPS1,364.660770
D,DISPATCH,UNIT_SCADA,1,"2022/10/20 07:30:00",YWPS2,288.718990
D,DISPATCH,UNIT_SCADA,1,"2022/10/20 07:30:00",YWPS3,358.541780
D,DISPATCH,UNIT_SCADA,1,"2022/10/20 07:30:00",YWPS4,0
C,"END OF REPORT",419
