C,NEMP.WORLD,DISPATCHSCADA,AEMO,PUBLIC,2022/10/20,10:25:10,0000000373247028,DISPATCHSCADA,0000000373247022
I,DISPATCH,UNIT_SCADA,1,SETTLEMENTDATE,DUID,SCADAVALUE
D,DISPATCH,UNIT_SCADA,1,"2022/10/20 10:30:00",BARCSF1,10.40
D,DISPATCH,UNIT_SCADA,1,"2022/10/20 10:30:00",BUTLERSG,8.699999
D,DISPATCH,UNIT_SCADA,1,"2022/10/20 10:30:00",CAPTL_WF,28.047302
D,DISPATCH,UNIT_SCADA,1,"2022/10/20 10:30:00",CHALLHWF,6.70
D,DISPATCH,UNIT_SCADA,1,"2022/10/20 10:30:00",CLOVER,11.88
D,DISPATCH,UNIT_SCADA,1,"2022/10/20 10:30:00",CLUNY,6.195926
D,DISPATCH,UNIT_SCADA,1,"2022/10/20 10:30:00",CULLRGWF,-0.04
D,DISPATCH,UNIT_SCADA,1,"2022/10/20 10:30:00",DIAPURWF1,5.20
D,DISPATCH,UNIT_SCADA,1,"2022/10/20 10:30:00",ERGT01,0
D,DISPATCH,UNIT_SCADA,1,"2022/10/20 10:30:00",GB01,0
D,DISPATCH,UNIT_SCADA,1,"2022/10/20 10:30:00",GERMCRK,19
D,DISPATCH,UNIT_SCADA,1,"2022/10/20 10:30:00",GRIFSF1,6.898604
D,DISPATCH,UNIT_SCADA,1,"2022/10/20 10:30:00",HEZ1,0
D,DISPATCH,UNIT_SCADA,1,"2022/10/20 10:30:00",HUGSF1,9.13
D,DISPATCH,UNIT_SCADA,1,"2022/10/20 10:30:00",KEPBG1,0
D,DISPATCH,UNIT_SCADA,1,"2022/10/20 10:30:00",LRSF1,11.233001
D,DISPATCH,UNIT_SCADA,1,"2022/10/20 10:30:00",MBAHNTH,45.449997
D,DISPATCH,UNIT_SCADA,1,"2022/10/20 10:30:00",MLSP1,5.272001
D,DISPATCH,UNIT_SCADA,1,"2022/10/20 10:30:00",MLWF1,5.6250
D,DISPATCH,UNIT_SCADA,1,"2022/10/20 10:30:00",PALOONA,30.369999
D,DISPATCH,UNIT_SCADA,1,"2022/10/20 10:30:00",PIONEER,43.200001
D,DISPATCH,UNIT_SCADA,1,"2022/10/20 10:30:00",PORTWF,76.900002
D,DISPATCH,UNIT_SCADA,1,"2022/10/20 10:30:00",REPULSE,9.588159
D,DISPATCH,UNIT_SCADA,1,"2022/10/20 10:30:00",ROWALLAN,8.7898
D,DISPATCH,UNIT_SCADA,1,"2022/10/20 10:30:00",ROYALLA1,12.033004
D,DISPATCH,UNIT_SCADA,1,"2022/10/20 10:30:00",RPCG,-1.80
D,DISPATCH,UNIT_SCADA,1,"2022/10/20 10:30:00",RUBICON,0
D,DISPATCH,UNIT_SCADA,1,"2022/10/20 10:30:00",WAUBRAWF,11.7850
D,DISPATCH,UNIT_SCADA,1,"2022/10/20 10:30:00",WOOLNTH1,-0.84
D,DISPATCH,UNIT_SCADA,1,"2022/10/20 10:30:00",YAMBUKWF,6.60
D,DISPATCH,UNIT_SCADA,1,"2022/10/20 10:30:00",YSWF1,0.50
D,DISPATCH,UNIT_SCADA,1,"2022/10/20 10:30:00",ADPBA1G,0.0080
D,DISPATCH,UNIT_SCADA,1,"2022/10/20 10:30:00",ADPBA1L,0
D,DISPATCH,UNIT_SCADA,1,"2022/10/20 10:30:00",ADPPV1,0.0630
D,DISPATCH,UNIT_SCADA,1,"2022/10/20 10:30:00",AGLHAL,0
D,DISPATCH,UNIT_SCADA,1,"2022/10/20 10:30:00",AGLSOM,0
D,DISPATCH,UNIT_SCADA,1,"2022/10/20 10:30:00",ANGAST1,0
D,DISPATCH,UNIT_SCADA,1,"2022/10/20 10:30:00",ARWF1,0.50
D,DISPATCH,UNIT_SCADA,1,"2022/10/20 10:30:00",BALBG1,0
D,DISPATCH,UNIT_SCADA,1,"2022/10/20 10:30:00",BALBL1,0
D,DISPATCH,UNIT_SCADA,1,"2022/10/20 10:30:00",BALDHWF1,4.6330
D,DISPATCH,UNIT_SCADA,1,"2022/10/20 10:30:00",BANGOWF1,32.498050
D,DISPATCH,UNIT_SCADA,1,"2022/10/20 10:30:00",BANGOWF2,48.797660
D,DISPATCH,UNIT_SCADA,1,"2022/10/20 10:30:00",BANN1,13.51
D,DISPATCH,UNIT_SCADA,1,"2022/10/20 10:30:00",BARCALDN,0
D,DISPATCH,UNIT_SCADA,1,"2022/10/20 10:30:00",BARKIPS1,0
D,DISPATCH,UNIT_SCADA,1,"2022/10/20 10:30:00",BARRON-1,0
D,DISPATCH,UNIT_SCADA,1,"2022/10/20 10:30:00",BARRON-2,0
D,DISPATCH,UNIT_SCADA,1,"2022/10/20 10:30:00",BASTYAN,50.39
D,DISPATCH,UNIT_SCADA,1,"2022/10/20 10:30:00",BBTHREE1,0
D,DISPATCH,UNIT_SCADA,1,"2022/10/20 10:30:00",BBTHREE2,0
D,DISPATCH,UNIT_SCADA,1,"2022/10/20 10:30:00",BBTHREE3,-1.03
D,DISPATCH,UNIT_SCADA,1,"2022/10/20 10:30:00",BDL01,0
D,DISPATCH,UNIT_SCADA,1,"2022/10/20 10:30:00",BDL02,0
D,DISPATCH,UNIT_SCADA,1,"2022/10/20 10:30:00",BERYLSF1,1.751020
D,DISPATCH,UNIT_SCADA,1,"2022/10/20 10:30:00",BLOWERNG,62.50
D,DISPATCH,UNIT_SCADA,1,"2022/10/20 10:30:00",BLUEGSF1,29.165570
D,DISPATCH,UNIT_SCADA,1,"2022/10/20 10:30:00",BLUFF1,10.30
D,DISPATCH,UNIT_SCADA,1,"2022/10/20 10:30:00",BNGSF1,110.32
D,DISPATCH,UNIT_SCADA,1,"2022/10/20 10:30:00",BNGSF2,68.62
D,DISPATCH,UNIT_SCADA,1,"2022/10/20 10:30:00",BOCORWF1,0.41
D,DISPATCH,UNIT_SCADA,1,"2022/10/20 10:30:00",BODWF1,102.524430
D,DISPATCH,UNIT_SCADA,1,"2022/10/20 10:30:00",BOMENSF1,48.411990
D,DISPATCH,UNIT_SCADA,1,"2022/10/20 10:30:00",BOWWBA1G,0
D,DISPATCH,UNIT_SCADA,1,"2022/10/20 10:30:00",BOWWBA1L,0
D,DISPATCH,UNIT_SCADA,1,"2022/10/20 10:30:00",BOWWPV1,0
D,DISPATCH,UNIT_SCADA,1,"2022/10/20 10:30:00",BRAEMAR1,0
D,DISPATCH,UNIT_SCADA,1,"2022/10/20 10:30:00",BRAEMAR2,0
D,DISPATCH,UNIT_SCADA,1,"2022/10/20 10:30:00",BRAEMAR3,0
D,DISPATCH,UNIT_SCADA,1,"2022/10/20 10:30:00",BRAEMAR5,0.292060
D,DISPATCH,UNIT_SCADA,1,"2022/10/20 10:30:00",BRAEMAR6,0
D,DISPATCH,UNIT_SCADA,1,"2022/10/20 10:30:00",BRAEMAR7,0.130920
D,DISPATCH,UNIT_SCADA,1,"2022/10/20 10:30:00",BROKENH1,10.299840
D,DISPATCH,UNIT_SCADA,1,"2022/10/20 10:30:00",BRYB1WF1,94.303810
D,DISPATCH,UNIT_SCADA,1,"2022/10/20 10:30:00",BULBESG1,0
D,DISPATCH,UNIT_SCADA,1,"2022/10/20 10:30:00",BULBESL1,2.14
D,DISPATCH,UNIT_SCADA,1,"2022/10/20 10:30:00",BULGANA1,13.51
D,DISPATCH,UNIT_SCADA,1,"2022/10/20 10:30:00",BW01,659.177550
D,DISPATCH,UNIT_SCADA,1,"2022/10/20 10:30:00",BW02,620.236510
D,DISPATCH,UNIT_SCADA,1,"2022/10/20 10:30:00",BW03,548.311580
D,DISPATCH,UNIT_SCADA,1,"2022/10/20 10:30:00",BW04,0
D,DISPATCH,UNIT_SCADA,1,"2022/10/20 10:30:00",CALL_B_1,319.899990
D,DISPATCH,UNIT_SCADA,1,"2022/10/20 10:30:00",CALL_B_2,319.50
D,DISPATCH,UNIT_SCADA,1,"2022/10/20 10:30:00",CATHROCK,0
D,DISPATCH,UNIT_SCADA,1,"2022/10/20 10:30:00",CBWWBA1G,0
D,DISPATCH,UNIT_SCADA,1,"2022/10/20 10:30:00",CBWWBA1L,0
D,DISPATCH,UNIT_SCADA,1,"2022/10/20 10:30:00",CETHANA,10.347870
D,DISPATCH,UNIT_SCADA,1,"2022/10/20 10:30:00",CG1,0
D,DISPATCH,UNIT_SCADA,1,"2022/10/20 10:30:00",CG2,0
D,DISPATCH,UNIT_SCADA,1,"2022/10/20 10:30:00",CG3,0
D,DISPATCH,UNIT_SCADA,1,"2022/10/20 10:30:00",CG4,0
D,DISPATCH,UNIT_SCADA,1,"2022/10/20 10:30:00",CHILDSF1,6.74
D,DISPATCH,UNIT_SCADA,1,"2022/10/20 10:30:00",CHYTWF1,1.77
D,DISPATCH,UNIT_SCADA,1,"2022/10/20 10:30:00",CLARESF1,95.670270
D,DISPATCH,UNIT_SCADA,1,"2022/10/20 10:30:00",CLEMGPWF,12.462060
D,DISPATCH,UNIT_SCADA,1,"2022/10/20 10:30:00",CLERMSF1,28.59
D,DISPATCH,UNIT_SCADA,1,"2022/10/20 10:30:00",CNUNDAWF,0
D,DISPATCH,UNIT_SCADA,1,"2022/10/20 10:30:00",COHUNSF1,0.07
D,DISPATCH,UNIT_SCADA,1,"2022/10/20 10:30:00",COLEASF1,32.598990
D,DISPATCH,UNIT_SCADA,1,"2022/10/20 10:30:00",COLUMSF1,33.6630
D,DISPATCH,UNIT_SCADA,1,"2022/10/20 10:30:00",COLWF01,80.976580
D,DISPATCH,UNIT_SCADA,1,"2022/10/20 10:30:00",COOPGWF1,181.80
D,DISPATCH,UNIT_SCADA,1,"2022/10/20 10:30:00",CPP_3,370.425020
D,DISPATCH,UNIT_SCADA,1,"2022/10/20 10:30:00",CPP_4,0
D,DISPATCH,UNIT_SCADA,1,"2022/10/20 10:30:00",CPSA,0
D,DISPATCH,UNIT_SCADA,1,"2022/10/20 10:30:00",CROOKWF2,52.5832
D,DISPATCH,UNIT_SCADA,1,"2022/10/20 10:30:00",CROWLWF1,17.614850
D,DISPATCH,UNIT_SCADA,1,"2022/10/20 10:30:00",CRURWF1,66.299310
D,DISPATCH,UNIT_SCADA,1,"2022/10/20 10:30:00",CRWASF1,28.651520
D,DISPATCH,UNIT_SCADA,1,"2022/10/20 10:30:00",CSPVPS1,1.7450
D,DISPATCH,UNIT_SCADA,1,"2022/10/20 10:30:00",CTHLWF1,0.003050
D,DISPATCH,UNIT_SCADA,1,"2022/10/20 10:30:00",DALNTH01,0
D,DISPATCH,UNIT_SCADA,1,"2022/10/20 10:30:00",DALNTHL1,0.138860
D,DISPATCH,UNIT_SCADA,1,"2022/10/20 10:30:00",DARLSF1,80.615790
D,DISPATCH,UNIT_SCADA,1,"2022/10/20 10:30:00",DARTM1,0
D,DISPATCH,UNIT_SCADA,1,"2022/10/20 10:30:00",DAYDSF1,4.2310
D,DISPATCH,UNIT_SCADA,1,"2022/10/20 10:30:00",DDPS1,0
D,DISPATCH,UNIT_SCADA,1,"2022/10/20 10:30:00",DDSF1,37.7856
D,DISPATCH,UNIT_SCADA,1,"2022/10/20 10:30:00",DEVILS_G,56.373790
D,DISPATCH,UNIT_SCADA,1,"2022/10/20 10:30:00",DG_NSW1,0
D,DISPATCH,UNIT_SCADA,1,"2022/10/20 10:30:00",DG_QLD1,0
D,DISPATCH,UNIT_SCADA,1,"2022/10/20 10:30:00",DG_SA1,0
D,DISPATCH,UNIT_SCADA,1,"2022/10/20 10:30:00",DG_TAS1,0
D,DISPATCH,UNIT_SCADA,1,"2022/10/20 10:30:00",DG_VIC1,0
D,DISPATCH,UNIT_SCADA,1,"2022/10/20 10:30:00",DRYCGT1,0
D,DISPATCH,UNIT_SCADA,1,"2022/10/20 10:30:00",DRYCGT2,0
D,DISPATCH,UNIT_SCADA,1,"2022/10/20 10:30:00",DRYCGT3,0
D,DISPATCH,UNIT_SCADA,1,"2022/10/20 10:30:00",DUNDWF1,50.10
D,DISPATCH,UNIT_SCADA,1,"2022/10/20 10:30:00",DUNDWF2,15.67
D,DISPATCH,UNIT_SCADA,1,"2022/10/20 10:30:00",DUNDWF3,40.78
D,DISPATCH,UNIT_SCADA,1,"2022/10/20 10:30:00",EILDON1,59.96
D,DISPATCH,UNIT_SCADA,1,"2022/10/20 10:30:00",EILDON2,59.96
D,DISPATCH,UNIT_SCADA,1,"2022/10/20 10:30:00",ELAINWF1,21.99
D,DISPATCH,UNIT_SCADA,1,"2022/10/20 10:30:00",EMERASF1,0
D,DISPATCH,UNIT_SCADA,1,"2022/10/20 10:30:00",ER01,0
D,DISPATCH,UNIT_SCADA,1,"2022/10/20 10:30:00",ER02,299.6994
D,DISPATCH,UNIT_SCADA,1,"2022/10/20 10:30:00",ER03,380.096130
D,DISPATCH,UNIT_SCADA,1,"2022/10/20 10:30:00",ER04,384.783690
D,DISPATCH,UNIT_SCADA,1,"2022/10/20 10:30:00",FINLYSF1,58.725870
D,DISPATCH,UNIT_SCADA,1,"2022/10/20 10:30:00",FISHER,43.93
D,DISPATCH,UNIT_SCADA,1,"2022/10/20 10:30:00",GANGARR1,18.6120
D,DISPATCH,UNIT_SCADA,1,"2022/10/20 10:30:00",GANNBG1,0
D,DISPATCH,UNIT_SCADA,1,"2022/10/20 10:30:00",GANNBL1,5.398940
D,DISPATCH,UNIT_SCADA,1,"2022/10/20 10:30:00",GANNSF1,40.10
D,DISPATCH,UNIT_SCADA,1,"2022/10/20 10:30:00",GLRWNSF1,109.99
D,DISPATCH,UNIT_SCADA,1,"2022/10/20 10:30:00",GNNDHSF1,37.834060
D,DISPATCH,UNIT_SCADA,1,"2022/10/20 10:30:00",GOONSF1,2.5745
D,DISPATCH,UNIT_SCADA,1,"2022/10/20 10:30:00",GORDON,214.972410
D,DISPATCH,UNIT_SCADA,1,"2022/10/20 10:30:00",GRANWF1,0.81
D,DISPATCH,UNIT_SCADA,1,"2022/10/20 10:30:00",GSTONE1,181.1250
D,DISPATCH,UNIT_SCADA,1,"2022/10/20 10:30:00",GSTONE2,0
D,DISPATCH,UNIT_SCADA,1,"2022/10/20 10:30:00",GSTONE3,150.3250
D,DISPATCH,UNIT_SCADA,1,"2022/10/20 10:30:00",GSTONE4,0
D,DISPATCH,UNIT_SCADA,1,"2022/10/20 10:30:00",GSTONE5,150.50
D,DISPATCH,UNIT_SCADA,1,"2022/10/20 10:30:00",GSTONE6,149.45
D,DISPATCH,UNIT_SCADA,1,"2022/10/20 10:30:00",GULLRSF1,4.394930
D,DISPATCH,UNIT_SCADA,1,"2022/10/20 10:30:00",GULLRWF1,80.263790
D,DISPATCH,UNIT_SCADA,1,"2022/10/20 10:30:00",GULLRWF2,82.235140
D,DISPATCH,UNIT_SCADA,1,"2022/10/20 10:30:00",GUNNING1,0
D,DISPATCH,UNIT_SCADA,1,"2022/10/20 10:30:00",GUTHEGA,67.30
D,DISPATCH,UNIT_SCADA,1,"2022/10/20 10:30:00",HALLWF1,44.92
D,DISPATCH,UNIT_SCADA,1,"2022/10/20 10:30:00",HALLWF2,38.96
D,DISPATCH,UNIT_SCADA,1,"2022/10/20 10:30:00",HAMISF1,0
D,DISPATCH,UNIT_SCADA,1,"2022/10/20 10:30:00",HAUGHT11,38.510590
D,DISPATCH,UNIT_SCADA,1,"2022/10/20 10:30:00",HAYMSF1,0
D,DISPATCH,UNIT_SCADA,1,"2022/10/20 10:30:00",HDWF1,67.60
D,DISPATCH,UNIT_SCADA,1,"2022/10/20 10:30:00",HDWF2,57
D,DISPATCH,UNIT_SCADA,1,"2022/10/20 10:30:00",HDWF3,74.40
D,DISPATCH,UNIT_SCADA,1,"2022/10/20 10:30:00",HILLSTN1,37.138430
D,DISPATCH,UNIT_SCADA,1,"2022/10/20 10:30:00",HPRG1,0
D,DISPATCH,UNIT_SCADA,1,"2022/10/20 10:30:00",HPRL1,15
D,DISPATCH,UNIT_SCADA,1,"2022/10/20 10:30:00",HUMENSW,55.019710
D,DISPATCH,UNIT_SCADA,1,"2022/10/20 10:30:00",HUMEV,0
D,DISPATCH,UNIT_SCADA,1,"2022/10/20 10:30:00",HVWWBA1G,0
D,DISPATCH,UNIT_SCADA,1,"2022/10/20 10:30:00",HVWWBA1L,0.0060
D,DISPATCH,UNIT_SCADA,1,"2022/10/20 10:30:00",HVWWPV1,0.0240
D,DISPATCH,UNIT_SCADA,1,"2022/10/20 10:30:00",JBUTTERS,0
D,DISPATCH,UNIT_SCADA,1,"2022/10/20 10:30:00",JEMALNG1,2.44
D,DISPATCH,UNIT_SCADA,1,"2022/10/20 10:30:00",JLA01,0
D,DISPATCH,UNIT_SCADA,1,"2022/10/20 10:30:00",JLA02,0
D,DISPATCH,UNIT_SCADA,1,"2022/10/20 10:30:00",JLA03,0
D,DISPATCH,UNIT_SCADA,1,"2022/10/20 10:30:00",JLA04,0
D,DISPATCH,UNIT_SCADA,1,"2022/10/20 10:30:00",JLB01,0
D,DISPATCH,UNIT_SCADA,1,"2022/10/20 10:30:00",JLB02,0.10
D,DISPATCH,UNIT_SCADA,1,"2022/10/20 10:30:00",JLB03,0
D,DISPATCH,UNIT_SCADA,1,"2022/10/20 10:30:00",JUNEESF1,13.599230
D,DISPATCH,UNIT_SCADA,1,"2022/10/20 10:30:00",KABANWF1,0
D,DISPATCH,UNIT_SCADA,1,"2022/10/20 10:30:00",KAREEYA1,0
D,DISPATCH,UNIT_SCADA,1,"2022/10/20 10:30:00",KAREEYA2,0
D,DISPATCH,UNIT_SCADA,1,"2022/10/20 10:30:00",KAREEYA3,4.6950
D,DISPATCH,UNIT_SCADA,1,"2022/10/20 10:30:00",KAREEYA4,0
D,DISPATCH,UNIT_SCADA,1,"2022/10/20 10:30:00",KARSF1,34.90
D,DISPATCH,UNIT_SCADA,1,"2022/10/20 10:30:00",KEPSF1,8.34
D,DISPATCH,UNIT_SCADA,1,"2022/10/20 10:30:00",KEPWF1,2.75
D,DISPATCH,UNIT_SCADA,1,"2022/10/20 10:30:00",KIAMSF1,7.633330
D,DISPATCH,UNIT_SCADA,1,"2022/10/20 10:30:00",KIATAWF1,10.90
D,DISPATCH,UNIT_SCADA,1,"2022/10/20 10:30:00",KPP_1,0
D,DISPATCH,UNIT_SCADA,1,"2022/10/20 10:30:00",KSP1,36.41
D,DISPATCH,UNIT_SCADA,1,"2022/10/20 10:30:00",LADBROK1,0.02
D,DISPATCH,UNIT_SCADA,1,"2022/10/20 10:30:00",LADBROK2,0.02
D,DISPATCH,UNIT_SCADA,1,"2022/10/20 10:30:00",LBBG1,0
D,DISPATCH,UNIT_SCADA,1,"2022/10/20 10:30:00",LBBL1,11.10
D,DISPATCH,UNIT_SCADA,1,"2022/10/20 10:30:00",LD01,278.035830
D,DISPATCH,UNIT_SCADA,1,"2022/10/20 10:30:00",LD02,0
D,DISPATCH,UNIT_SCADA,1,"2022/10/20 10:30:00",LD04,278.695040
D,DISPATCH,UNIT_SCADA,1,"2022/10/20 10:30:00",LEM_WIL,67.085750
D,DISPATCH,UNIT_SCADA,1,"2022/10/20 10:30:00",LGAPWF1,57.21
D,DISPATCH,UNIT_SCADA,1,"2022/10/20 10:30:00",LGAPWF2,0
D,DISPATCH,UNIT_SCADA,1,"2022/10/20 10:30:00",LILYSF1,39.583740
D,DISPATCH,UNIT_SCADA,1,"2022/10/20 10:30:00",LIMOSF11,50.208740
D,DISPATCH,UNIT_SCADA,1,"2022/10/20 10:30:00",LIMOSF21,7.258080
D,DISPATCH,UNIT_SCADA,1,"2022/10/20 10:30:00",LI_WY_CA,55.573340
D,DISPATCH,UNIT_SCADA,1,"2022/10/20 10:30:00",LKBONNY1,0
D,DISPATCH,UNIT_SCADA,1,"2022/10/20 10:30:00",LKBONNY2,0.312230
D,DISPATCH,UNIT_SCADA,1,"2022/10/20 10:30:00",LKBONNY3,0
D,DISPATCH,UNIT_SCADA,1,"2022/10/20 10:30:00",LK_ECHO,0
D,DISPATCH,UNIT_SCADA,1,"2022/10/20 10:30:00",LNGS1,0
D,DISPATCH,UNIT_SCADA,1,"2022/10/20 10:30:00",LNGS2,0
D,DISPATCH,UNIT_SCADA,1,"2022/10/20 10:30:00",LONSDALE,0
D,DISPATCH,UNIT_SCADA,1,"2022/10/20 10:30:00",LOYYB1,437.213930
D,DISPATCH,UNIT_SCADA,1,"2022/10/20 10:30:00",LOYYB2,437.965820
D,DISPATCH,UNIT_SCADA,1,"2022/10/20 10:30:00",LYA1,516
D,DISPATCH,UNIT_SCADA,1,"2022/10/20 10:30:00",LYA2,0
D,DISPATCH,UNIT_SCADA,1,"2022/10/20 10:30:00",LYA3,347
D,DISPATCH,UNIT_SCADA,1,"2022/10/20 10:30:00",LYA4,347
D,DISPATCH,UNIT_SCADA,1,"2022/10/20 10:30:00",MACARTH1,50.398830
D,DISPATCH,UNIT_SCADA,1,"2022/10/20 10:30:00",MACKNTSH,0
D,DISPATCH,UNIT_SCADA,1,"2022/10/20 10:30:00",MANSLR1,39.7460
D,DISPATCH,UNIT_SCADA,1,"2022/10/20 10:30:00",MAPS2PV1,0
D,DISPATCH,UNIT_SCADA,1,"2022/10/20 10:30:00",MAPS3PV1,0
D,DISPATCH,UNIT_SCADA,1,"2022/10/20 10:30:00",MARYRSF1,10.96
D,DISPATCH,UNIT_SCADA,1,"2022/10/20 10:30:00",MBPS2PV1,0
D,DISPATCH,UNIT_SCADA,1,"2022/10/20 10:30:00",MCKAY1,0.02
D,DISPATCH,UNIT_SCADA,1,"2022/10/20 10:30:00",MEADOWBK,5.5731
D,DISPATCH,UNIT_SCADA,1,"2022/10/20 10:30:00",MERCER01,30.50
D,DISPATCH,UNIT_SCADA,1,"2022/10/20 10:30:00",METZSF1,20.559970
D,DISPATCH,UNIT_SCADA,1,"2022/10/20 10:30:00",MEWF1,4.252420
D,DISPATCH,UNIT_SCADA,1,"2022/10/20 10:30:00",MIDDLSF1,17.21
D,DISPATCH,UNIT_SCADA,1,"2022/10/20 10:30:00",MINTARO,0.128180
D,DISPATCH,UNIT_SCADA,1,"2022/10/20 10:30:00",MOLNGSF1,17.875030
D,DISPATCH,UNIT_SCADA,1,"2022/10/20 10:30:00",MOORAWF1,44.71
D,DISPATCH,UNIT_SCADA,1,"2022/10/20 10:30:00",MOREESF1,14.0780
D,DISPATCH,UNIT_SCADA,1,"2022/10/20 10:30:00",MORTLK11,0
D,DISPATCH,UNIT_SCADA,1,"2022/10/20 10:30:00",MORTLK12,0
D,DISPATCH,UNIT_SCADA,1,"2022/10/20 10:30:00",MOUSF1,0
D,DISPATCH,UNIT_SCADA,1,"2022/10/20 10:30:00",MP1,0
D,DISPATCH,UNIT_SCADA,1,"2022/10/20 10:30:00",MP2,348.381770
D,DISPATCH,UNIT_SCADA,1,"2022/10/20 10:30:00",MPP_1,172.536910
D,DISPATCH,UNIT_SCADA,1,"2022/10/20 10:30:00",MPP_2,179.083150
D,DISPATCH,UNIT_SCADA,1,"2022/10/20 10:30:00",MRTLSWF1,0
D,DISPATCH,UNIT_SCADA,1,"2022/10/20 10:30:00",MSTUART1,0
D,DISPATCH,UNIT_SCADA,1,"2022/10/20 10:30:00",MSTUART2,0
D,DISPATCH,UNIT_SCADA,1,"2022/10/20 10:30:00",MSTUART3,0
D,DISPATCH,UNIT_SCADA,1,"2022/10/20 10:30:00",MTGELWF1,38.164920
D,DISPATCH,UNIT_SCADA,1,"2022/10/20 10:30:00",MTMILLAR,1.40
D,DISPATCH,UNIT_SCADA,1,"2022/10/20 10:30:00",MURRAY,0
D,DISPATCH,UNIT_SCADA,1,"2022/10/20 10:30:00",MUSSELR1,99.20
D,DISPATCH,UNIT_SCADA,1,"2022/10/20 10:30:00",MUWAWF1,61.98
D,DISPATCH,UNIT_SCADA,1,"2022/10/20 10:30:00",MUWAWF2,48.70
D,DISPATCH,UNIT_SCADA,1,"2022/10/20 10:30:00",MWPS1PV1,0.13
D,DISPATCH,UNIT_SCADA,1,"2022/10/20 10:30:00",MWPS2PV1,0
D,DISPATCH,UNIT_SCADA,1,"2022/10/20 10:30:00",MWPS3PV1,0.59
D,DISPATCH,UNIT_SCADA,1,"2022/10/20 10:30:00",MWPS4PV1,0.01
D,DISPATCH,UNIT_SCADA,1,"2022/10/20 10:30:00",NBHWF1,52.40
D,DISPATCH,UNIT_SCADA,1,"2022/10/20 10:30:00",NEVERSF1,40.36
D,DISPATCH,UNIT_SCADA,1,"2022/10/20 10:30:00",NPS,0
D,DISPATCH,UNIT_SCADA,1,"2022/10/20 10:30:00",NUMURSF1,93.45
D,DISPATCH,UNIT_SCADA,1,"2022/10/20 10:30:00",NYNGAN1,68.50
D,DISPATCH,UNIT_SCADA,1,"2022/10/20 10:30:00",OAKEY1,0
D,DISPATCH,UNIT_SCADA,1,"2022/10/20 10:30:00",OAKEY1SF,7.2560
D,DISPATCH,UNIT_SCADA,1,"2022/10/20 10:30:00",OAKEY2,0
D,DISPATCH,UNIT_SCADA,1,"2022/10/20 10:30:00",OAKEY2SF,15.92
D,DISPATCH,UNIT_SCADA,1,"2022/10/20 10:30:00",OAKLAND1,4.40
D,DISPATCH,UNIT_SCADA,1,"2022/10/20 10:30:00",OSB-AG,0
D,DISPATCH,UNIT_SCADA,1,"2022/10/20 10:30:00",PAREPS1,0.0660
D,DISPATCH,UNIT_SCADA,1,"2022/10/20 10:30:00",PAREPW1,70
D,DISPATCH,UNIT_SCADA,1,"2022/10/20 10:30:00",PARSF1,2.101170
D,DISPATCH,UNIT_SCADA,1,"2022/10/20 10:30:00",POAT110,0
D,DISPATCH,UNIT_SCADA,1,"2022/10/20 10:30:00",POAT220,0
D,DISPATCH,UNIT_SCADA,1,"2022/10/20 10:30:00",POR01,0
D,DISPATCH,UNIT_SCADA,1,"2022/10/20 10:30:00",POR03,0
D,DISPATCH,UNIT_SCADA,1,"2022/10/20 10:30:00",PPCCGT,0
D,DISPATCH,UNIT_SCADA,1,"2022/10/20 10:30:00",PTSTAN1,0
D,DISPATCH,UNIT_SCADA,1,"2022/10/20 10:30:00",PUMP1,0
D,DISPATCH,UNIT_SCADA,1,"2022/10/20 10:30:00",PUMP2,0
D,DISPATCH,UNIT_SCADA,1,"2022/10/20 10:30:00",QBYNBG1,0
D,DISPATCH,UNIT_SCADA,1,"2022/10/20 10:30:00",QBYNBL1,0.0215
D,DISPATCH,UNIT_SCADA,1,"2022/10/20 10:30:00",QPS1,0
D,DISPATCH,UNIT_SCADA,1,"2022/10/20 10:30:00",QPS2,0
D,DISPATCH,UNIT_SCADA,1,"2022/10/20 10:30:00",QPS3,0
D,DISPATCH,UNIT_SCADA,1,"2022/10/20 10:30:00",QPS4,0
D,DISPATCH,UNIT_SCADA,1,"2022/10/20 10:30:00",QPS5,72.939990
D,DISPATCH,UNIT_SCADA,1,"2022/10/20 10:30:00",REECE1,44.203010
D,DISPATCH,UNIT_SCADA,1,"2022/10/20 10:30:00",REECE2,0
D,DISPATCH,UNIT_SCADA,1,"2022/10/20 10:30:00",ROMA_7,0
D,DISPATCH,UNIT_SCADA,1,"2022/10/20 10:30:00",ROMA_8,0
D,DISPATCH,UNIT_SCADA,1,"2022/10/20 10:30:00",RRSF1,97.838620
D,DISPATCH,UNIT_SCADA,1,"2022/10/20 10:30:00",RT_NSW1,0
D,DISPATCH,UNIT_SCADA,1,"2022/10/20 10:30:00",RT_NSW2,0
D,DISPATCH,UNIT_SCADA,1,"2022/10/20 10:30:00",RT_NSW3,0
D,DISPATCH,UNIT_SCADA,1,"2022/10/20 10:30:00",RT_NSW4,0
D,DISPATCH,UNIT_SCADA,1,"2022/10/20 10:30:00",RT_NSW5,0
D,DISPATCH,UNIT_SCADA,1,"2022/10/20 10:30:00",RT_NSW6,0
D,DISPATCH,UNIT_SCADA,1,"2022/10/20 10:30:00",RT_QLD1,0
D,DISPATCH,UNIT_SCADA,1,"2022/10/20 10:30:00",RT_SA1,0
D,DISPATCH,UNIT_SCADA,1,"2022/10/20 10:30:00",RT_SA2,0
D,DISPATCH,UNIT_SCADA,1,"2022/10/20 10:30:00",RT_SA3,0
D,DISPATCH,UNIT_SCADA,1,"2022/10/20 10:30:00",RT_SA4,0
D,DISPATCH,UNIT_SCADA,1,"2022/10/20 10:30:00",RT_SA5,0
D,DISPATCH,UNIT_SCADA,1,"2022/10/20 10:30:00",RT_SA6,0
D,DISPATCH,UNIT_SCADA,1,"2022/10/20 10:30:00",RT_TAS1,0
D,DISPATCH,UNIT_SCADA,1,"2022/10/20 10:30:00",RT_VIC1,0
D,DISPATCH,UNIT_SCADA,1,"2022/10/20 10:30:00",RT_VIC10,0
D,DISPATCH,UNIT_SCADA,1,"2022/10/20 10:30:00",RT_VIC11,0
D,DISPATCH,UNIT_SCADA,1,"2022/10/20 10:30:00",RT_VIC12,0
D,DISPATCH,UNIT_SCADA,1,"2022/10/20 10:30:00",RT_VIC2,0
D,DISPATCH,UNIT_SCADA,1,"2022/10/20 10:30:00",RT_VIC3,0
D,DISPATCH,UNIT_SCADA,1,"2022/10/20 10:30:00",RT_VIC4,0
D,DISPATCH,UNIT_SCADA,1,"2022/10/20 10:30:00",RT_VIC5,0
D,DISPATCH,UNIT_SCADA,1,"2022/10/20 10:30:00",RT_VIC6,0
D,DISPATCH,UNIT_SCADA,1,"2022/10/20 10:30:00",RT_VIC7,0
D,DISPATCH,UNIT_SCADA,1,"2022/10/20 10:30:00",RT_VIC8,0
D,DISPATCH,UNIT_SCADA,1,"2022/10/20 10:30:00",RT_VIC9,0
D,DISPATCH,UNIT_SCADA,1,"2022/10/20 10:30:00",RUGBYR1,9.252350
D,DISPATCH,UNIT_SCADA,1,"2022/10/20 10:30:00",SALTCRK1,24.58
D,DISPATCH,UNIT_SCADA,1,"2022/10/20 10:30:00",SAPHWF1,139.716190
D,DISPATCH,UNIT_SCADA,1,"2022/10/20 10:30:00",SEBSF1,35.341380
D,DISPATCH,UNIT_SCADA,1,"2022/10/20 10:30:00",SHGEN,0
D,DISPATCH,UNIT_SCADA,1,"2022/10/20 10:30:00",SHPUMP,0
D,DISPATCH,UNIT_SCADA,1,"2022/10/20 10:30:00",SITHE01,0.153860
D,DISPATCH,UNIT_SCADA,1,"2022/10/20 10:30:00",SMCSF1,107.5290
D,DISPATCH,UNIT_SCADA,1,"2022/10/20 10:30:00",SNAPPER1,0
D,DISPATCH,UNIT_SCADA,1,"2022/10/20 10:30:00",SNOWNTH1,118.600010
D,DISPATCH,UNIT_SCADA,1,"2022/10/20 10:30:00",SNOWSTH1,66
D,DISPATCH,UNIT_SCADA,1,"2022/10/20 10:30:00",SNOWTWN1,81.359920
D,DISPATCH,UNIT_SCADA,1,"2022/10/20 10:30:00",SNOWYP,0
D,DISPATCH,UNIT_SCADA,1,"2022/10/20 10:30:00",SNUG1,0
D,DISPATCH,UNIT_SCADA,1,"2022/10/20 10:30:00",SRSF1,28.83
D,DISPATCH,UNIT_SCADA,1,"2022/10/20 10:30:00",STAN-1,269.032810
D,DISPATCH,UNIT_SCADA,1,"2022/10/20 10:30:00",STAN-2,302.218080
D,DISPATCH,UNIT_SCADA,1,"2022/10/20 10:30:00",STAN-3,153.826420
D,DISPATCH,UNIT_SCADA,1,"2022/10/20 10:30:00",STAN-4,302.833340
D,DISPATCH,UNIT_SCADA,1,"2022/10/20 10:30:00",STARHLWF,0.01
D,DISPATCH,UNIT_SCADA,1,"2022/10/20 10:30:00",STOCKYD1,46.24
D,DISPATCH,UNIT_SCADA,1,"2022/10/20 10:30:00",STWF1,0
D,DISPATCH,UNIT_SCADA,1,"2022/10/20 10:30:00",SUNRSF1,31.526660
D,DISPATCH,UNIT_SCADA,1,"2022/10/20 10:30:00",SUNTPSF1,44.541080
D,DISPATCH,UNIT_SCADA,1,"2022/10/20 10:30:00",SWAN_E,218.134370
D,DISPATCH,UNIT_SCADA,1,"2022/10/20 10:30:00",TALWA1,0
D,DISPATCH,UNIT_SCADA,1,"2022/10/20 10:30:00",TARALGA1,0
D,DISPATCH,UNIT_SCADA,1,"2022/10/20 10:30:00",TARONG#1,345.100010
D,DISPATCH,UNIT_SCADA,1,"2022/10/20 10:30:00",TARONG#2,344.700010
D,DISPATCH,UNIT_SCADA,1,"2022/10/20 10:30:00",TARONG#3,0.90
D,DISPATCH,UNIT_SCADA,1,"2022/10/20 10:30:00",TARONG#4,204.20
D,DISPATCH,UNIT_SCADA,1,"2022/10/20 10:30:00",TARRALEA,54
D,DISPATCH,UNIT_SCADA,1,"2022/10/20 10:30:00",TBSF1,0.10
D,DISPATCH,UNIT_SCADA,1,"2022/10/20 10:30:00",TNPS1,399.0625
D,DISPATCH,UNIT_SCADA,1,"2022/10/20 10:30:00",TORRB1,0
D,DISPATCH,UNIT_SCADA,1,"2022/10/20 10:30:00",TORRB2,40
D,DISPATCH,UNIT_SCADA,1,"2022/10/20 10:30:00",TORRB3,0
D,DISPATCH,UNIT_SCADA,1,"2022/10/20 10:30:00",TORRB4,0
D,DISPATCH,UNIT_SCADA,1,"2022/10/20 10:30:00",TREVALLN,98.131710
D,DISPATCH,UNIT_SCADA,1,"2022/10/20 10:30:00",TRIBUTE,0
D,DISPATCH,UNIT_SCADA,1,"2022/10/20 10:30:00",TUMUT3,0
D,DISPATCH,UNIT_SCADA,1,"2022/10/20 10:30:00",TUNGATIN,4.130020
D,DISPATCH,UNIT_SCADA,1,"2022/10/20 10:30:00",TVCC201,0
D,DISPATCH,UNIT_SCADA,1,"2022/10/20 10:30:00",TVPP104,57.865630
D,DISPATCH,UNIT_SCADA,1,"2022/10/20 10:30:00",UPPTUMUT,0
D,DISPATCH,UNIT_SCADA,1,"2022/10/20 10:30:00",URANQ11,0
D,DISPATCH,UNIT_SCADA,1,"2022/10/20 10:30:00",URANQ12,0
D,DISPATCH,UNIT_SCADA,1,"2022/10/20 10:30:00",URANQ13,0
D,DISPATCH,UNIT_SCADA,1,"2022/10/20 10:30:00",URANQ14,0
D,DISPATCH,UNIT_SCADA,1,"2022/10/20 10:30:00",VBBG1,0
D,DISPATCH,UNIT_SCADA,1,"2022/10/20 10:30:00",VBBL1,40.30
D,DISPATCH,UNIT_SCADA,1,"2022/10/20 10:30:00",VP5,481.264680
D,DISPATCH,UNIT_SCADA,1,"2022/10/20 10:30:00",VP6,478.115170
D,DISPATCH,UNIT_SCADA,1,"2022/10/20 10:30:00",VPGS1,0
D,DISPATCH,UNIT_SCADA,1,"2022/10/20 10:30:00",VPGS2,0
D,DISPATCH,UNIT_SCADA,1,"2022/10/20 10:30:00",VPGS3,0
D,DISPATCH,UNIT_SCADA,1,"2022/10/20 10:30:00",VPGS4,0
D,DISPATCH,UNIT_SCADA,1,"2022/10/20 10:30:00",VPGS5,0
D,DISPATCH,UNIT_SCADA,1,"2022/10/20 10:30:00",VPGS6,0
D,DISPATCH,UNIT_SCADA,1,"2022/10/20 10:30:00",W/HOE#1,0
D,DISPATCH,UNIT_SCADA,1,"2022/10/20 10:30:00",W/HOE#2,0
D,DISPATCH,UNIT_SCADA,1,"2022/10/20 10:30:00",WAGGNSF1,0
D,DISPATCH,UNIT_SCADA,1,"2022/10/20 10:30:00",WALGRVG1,0.000930
D,DISPATCH,UNIT_SCADA,1,"2022/10/20 10:30:00",WALGRVL1,0
D,DISPATCH,UNIT_SCADA,1,"2022/10/20 10:30:00",WANDBG1,0
D,DISPATCH,UNIT_SCADA,1,"2022/10/20 10:30:00",WANDBL1,27.982310
D,DISPATCH,UNIT_SCADA,1,"2022/10/20 10:30:00",WARWSF1,6.72
D,DISPATCH,UNIT_SCADA,1,"2022/10/20 10:30:00",WARWSF2,6.21
D,DISPATCH,UNIT_SCADA,1,"2022/10/20 10:30:00",WATERLWF,57.80
D,DISPATCH,UNIT_SCADA,1,"2022/10/20 10:30:00",WDGPH1,45.8170
D,DISPATCH,UNIT_SCADA,1,"2022/10/20 10:30:00",WELLSF1,47.397580
D,DISPATCH,UNIT_SCADA,1,"2022/10/20 10:30:00",WEMENSF1,13.60
D,DISPATCH,UNIT_SCADA,1,"2022/10/20 10:30:00",WGWF1,90.10
D,DISPATCH,UNIT_SCADA,1,"2022/10/20 10:30:00",WHITSF1,0
D,DISPATCH,UNIT_SCADA,1,"2022/10/20 10:30:00",WINTSF1,84.87
D,DISPATCH,UNIT_SCADA,1,"2022/10/20 10:30:00",WKIEWA1,33.80
D,DISPATCH,UNIT_SCADA,1,"2022/10/20 10:30:00",WKIEWA2,13.90
D,DISPATCH,UNIT_SCADA,1,"2022/10/20 10:30:00",WOODLWN1,16.3523
D,DISPATCH,UNIT_SCADA,1,"2022/10/20 10:30:00",WOOLGSF1,14.4768
D,DISPATCH,UNIT_SCADA,1,"2022/10/20 10:30:00",WPWF,7.44
D,DISPATCH,UNIT_SCADA,1,"2022/10/20 10:30:00",WRSF1,0.479750
D,DISPATCH,UNIT_SCADA,1,"2022/10/20 10:30:00",WRWF1,37.149620
D,DISPATCH,UNIT_SCADA,1,"2022/10/20 10:30:00",WSTWYSF1,0
D,DISPATCH,UNIT_SCADA,1,"2022/10/20 10:30:00",YABULU,0
D,DISPATCH,UNIT_SCADA,1,"2022/10/20 10:30:00",YABULU2,0
D,DISPATCH,UNIT_SCADA,1,"2022/10/20 10:30:00",YARANSF1,32.59
D,DISPATCH,UNIT_SCADA,1,"2022/10/20 10:30:00",YARWUN_1,162.629990
D,DISPATCH,UNIT_SCADA,1,"2022/10/20 10:30:00",YATSF1,38.12
D,DISPATCH,UNIT_SCADA,1,"2022/10/20 10:30:00",YENDWF1,44.06
D,DISPATCH,UNIT_SCADA,1,"2022/10/20 10:30:00",YWPS1,300.749360
D,DISPATCH,UNIT_SCADA,1,"2022/10/20 10:30:00",YWPS2,290.473420
D,DISPATCH,UNIT_SCADA,1,"2022/10/20 10:30:00",YWPS3,299.545560
D,DISPATCH,UNIT_SCADA,1,"2022/10/20 10:30:00",YWPS4,0
C,"END OF REPORT",419
