C,NEMP.WORLD,DISPATCHSCADA,AEMO,PUBLIC,2022/10/20,07:55:10,0000000373238997,DISPATCHSCADA,0000000373238991
I,DISPATCH,UNIT_SCADA,1,SETTLEMENTDATE,DUID,SCADAVALUE
D,DISPATCH,UNIT_SCADA,1,"2022/10/20 08:00:00",BARCSF1,10
D,DISPATCH,UNIT_SCADA,1,"2022/10/20 08:00:00",BUTLERSG,8.699999
D,DISPATCH,UNIT_SCADA,1,"2022/10/20 08:00:00",CAPTL_WF,68.747147
D,DISPATCH,UNIT_SCADA,1,"2022/10/20 08:00:00",CHALLHWF,10.700001
D,DISPATCH,UNIT_SCADA,1,"2022/10/20 08:00:00",CLOVER,13.41
D,DISPATCH,UNIT_SCADA,1,"2022/10/20 08:00:00",CLUNY,6.228885
D,DISPATCH,UNIT_SCADA,1,"2022/10/20 08:00:00",CULLRGWF,-0.03
D,DISPATCH,UNIT_SCADA,1,"2022/10/20 08:00:00",DIAPURWF1,7.30
D,DISPATCH,UNIT_SCADA,1,"2022/10/20 08:00:00",ERGT01,0
D,DISPATCH,UNIT_SCADA,1,"2022/10/20 08:00:00",GB01,0
D,DISPATCH,UNIT_SCADA,1,"2022/10/20 08:00:00",GERMCRK,22.700001
D,DISPATCH,UNIT_SCADA,1,"2022/10/20 08:00:00",GRIFSF1,1.701381
D,DISPATCH,UNIT_SCADA,1,"2022/10/20 08:00:00",HEZ1,0
D,DISPATCH,UNIT_SCADA,1,"2022/10/20 08:00:00",HUGSF1,10.0550
D,DISPATCH,UNIT_SCADA,1,"2022/10/20 08:00:00",KEPBG1,0.01
D,DISPATCH,UNIT_SCADA,1,"2022/10/20 08:00:00",LRSF1,6.0620
D,DISPATCH,UNIT_SCADA,1,"2022/10/20 08:00:00",MBAHNTH,45.131241
D,DISPATCH,UNIT_SCADA,1,"2022/10/20 08:00:00",MLSP1,6.295001
D,DISPATCH,UNIT_SCADA,1,"2022/10/20 08:00:00",MLWF1,5.10
D,DISPATCH,UNIT_SCADA,1,"2022/10/20 08:00:00",PALOONA,29.969999
D,DISPATCH,UNIT_SCADA,1,"2022/10/20 08:00:00",PIONEER,40.50
D,DISPATCH,UNIT_SCADA,1,"2022/10/20 08:00:00",PORTWF,48.299999
D,DISPATCH,UNIT_SCADA,1,"2022/10/20 08:00:00",REPULSE,9.574731
D,DISPATCH,UNIT_SCADA,1,"2022/10/20 08:00:00",ROWALLAN,8.8537
D,DISPATCH,UNIT_SCADA,1,"2022/10/20 08:00:00",ROYALLA1,10.642004
D,DISPATCH,UNIT_SCADA,1,"2022/10/20 08:00:00",RPCG,-3
D,DISPATCH,UNIT_SCADA,1,"2022/10/20 08:00:00",RUBICON,0
D,DISPATCH,UNIT_SCADA,1,"2022/10/20 08:00:00",WAUBRAWF,43.550999
D,DISPATCH,UNIT_SCADA,1,"2022/10/20 08:00:00",WOOLNTH1,9.84
D,DISPATCH,UNIT_SCADA,1,"2022/10/20 08:00:00",YAMBUKWF,6.60
D,DISPATCH,UNIT_SCADA,1,"2022/10/20 08:00:00",YSWF1,0.50
D,DISPATCH,UNIT_SCADA,1,"2022/10/20 08:00:00",ADPBA1G,0.0080
D,DISPATCH,UNIT_SCADA,1,"2022/10/20 08:00:00",ADPBA1L,0
D,DISPATCH,UNIT_SCADA,1,"2022/10/20 08:00:00",ADPPV1,0.0590
D,DISPATCH,UNIT_SCADA,1,"2022/10/20 08:00:00",AGLHAL,0
D,DISPATCH,UNIT_SCADA,1,"2022/10/20 08:00:00",AGLSOM,0
D,DISPATCH,UNIT_SCADA,1,"2022/10/20 08:00:00",ANGAST1,0
D,DISPATCH,UNIT_SCADA,1,"2022/10/20 08:00:00",ARWF1,23.80
D,DISPATCH,UNIT_SCADA,1,"2022/10/20 08:00:00",BALBG1,0
D,DISPATCH,UNIT_SCADA,1,"2022/10/20 08:00:00",BALBL1,0
D,DISPATCH,UNIT_SCADA,1,"2022/10/20 08:00:00",BALDHWF1,1.9010
D,DISPATCH,UNIT_SCADA,1,"2022/10/20 08:00:00",BANGOWF1,30.999010
D,DISPATCH,UNIT_SCADA,1,"2022/10/20 08:00:00",BANGOWF2,24.198440
D,DISPATCH,UNIT_SCADA,1,"2022/10/20 08:00:00",BANN1,8.30
D,DISPATCH,UNIT_SCADA,1,"2022/10/20 08:00:00",BARCALDN,0
D,DISPATCH,UNIT_SCADA,1,"2022/10/20 08:00:00",BARKIPS1,0
D,DISPATCH,UNIT_SCADA,1,"2022/10/20 08:00:00",BARRON-1,28.04
D,DISPATCH,UNIT_SCADA,1,"2022/10/20 08:00:00",BARRON-2,0
D,DISPATCH,UNIT_SCADA,1,"2022/10/20 08:00:00",BASTYAN,50.27
D,DISPATCH,UNIT_SCADA,1,"2022/10/20 08:00:00",BBTHREE1,0
D,DISPATCH,UNIT_SCADA,1,"2022/10/20 08:00:00",BBTHREE2,0
D,DISPATCH,UNIT_SCADA,1,"2022/10/20 08:00:00",BBTHREE3,-1.18
D,DISPATCH,UNIT_SCADA,1,"2022/10/20 08:00:00",BDL01,0
D,DISPATCH,UNIT_SCADA,1,"2022/10/20 08:00:00",BDL02,0
D,DISPATCH,UNIT_SCADA,1,"2022/10/20 08:00:00",BERYLSF1,3.261750
D,DISPATCH,UNIT_SCADA,1,"2022/10/20 08:00:00",BLOWERNG,62.60
D,DISPATCH,UNIT_SCADA,1,"2022/10/20 08:00:00",BLUEGSF1,20.393980
D,DISPATCH,UNIT_SCADA,1,"2022/10/20 08:00:00",BLUFF1,34
D,DISPATCH,UNIT_SCADA,1,"2022/10/20 08:00:00",BNGSF1,35.40
D,DISPATCH,UNIT_SCADA,1,"2022/10/20 08:00:00",BNGSF2,37.51
D,DISPATCH,UNIT_SCADA,1,"2022/10/20 08:00:00",BOCORWF1,0
D,DISPATCH,UNIT_SCADA,1,"2022/10/20 08:00:00",BODWF1,96.992020
D,DISPATCH,UNIT_SCADA,1,"2022/10/20 08:00:00",BOMENSF1,24.190430
D,DISPATCH,UNIT_SCADA,1,"2022/10/20 08:00:00",BOWWBA1G,0
D,DISPATCH,UNIT_SCADA,1,"2022/10/20 08:00:00",BOWWBA1L,0.0010
D,DISPATCH,UNIT_SCADA,1,"2022/10/20 08:00:00",BOWWPV1,0.0010
D,DISPATCH,UNIT_SCADA,1,"2022/10/20 08:00:00",BRAEMAR1,0
D,DISPATCH,UNIT_SCADA,1,"2022/10/20 08:00:00",BRAEMAR2,0
D,DISPATCH,UNIT_SCADA,1,"2022/10/20 08:00:00",BRAEMAR3,0
D,DISPATCH,UNIT_SCADA,1,"2022/10/20 08:00:00",BRAEMAR5,0.292060
D,DISPATCH,UNIT_SCADA,1,"2022/10/20 08:00:00",BRAEMAR6,0
D,DISPATCH,UNIT_SCADA,1,"2022/10/20 08:00:00",BRAEMAR7,0.130920
D,DISPATCH,UNIT_SCADA,1,"2022/10/20 08:00:00",BROKENH1,4.099940
D,DISPATCH,UNIT_SCADA,1,"2022/10/20 08:00:00",BRYB1WF1,122.093540
D,DISPATCH,UNIT_SCADA,1,"2022/10/20 08:00:00",BULBESG1,0
D,DISPATCH,UNIT_SCADA,1,"2022/10/20 08:00:00",BULBESL1,0.06
D,DISPATCH,UNIT_SCADA,1,"2022/10/20 08:00:00",BULGANA1,24.89
D,DISPATCH,UNIT_SCADA,1,"2022/10/20 08:00:00",BW01,657.6394
D,DISPATCH,UNIT_SCADA,1,"2022/10/20 08:00:00",BW02,617.599730
D,DISPATCH,UNIT_SCADA,1,"2022/10/20 08:00:00",BW03,546.822330
D,DISPATCH,UNIT_SCADA,1,"2022/10/20 08:00:00",BW04,0
D,DISPATCH,UNIT_SCADA,1,"2022/10/20 08:00:00",CALL_B_1,318
D,DISPATCH,UNIT_SCADA,1,"2022/10/20 08:00:00",CALL_B_2,315.300020
D,DISPATCH,UNIT_SCADA,1,"2022/10/20 08:00:00",CATHROCK,0
D,DISPATCH,UNIT_SCADA,1,"2022/10/20 08:00:00",CBWWBA1G,0
D,DISPATCH,UNIT_SCADA,1,"2022/10/20 08:00:00",CBWWBA1L,0
D,DISPATCH,UNIT_SCADA,1,"2022/10/20 08:00:00",CETHANA,97.046880
D,DISPATCH,UNIT_SCADA,1,"2022/10/20 08:00:00",CG1,0
D,DISPATCH,UNIT_SCADA,1,"2022/10/20 08:00:00",CG2,0
D,DISPATCH,UNIT_SCADA,1,"2022/10/20 08:00:00",CG3,0
D,DISPATCH,UNIT_SCADA,1,"2022/10/20 08:00:00",CG4,0
D,DISPATCH,UNIT_SCADA,1,"2022/10/20 08:00:00",CHILDSF1,8.93
D,DISPATCH,UNIT_SCADA,1,"2022/10/20 08:00:00",CHYTWF1,0
D,DISPATCH,UNIT_SCADA,1,"2022/10/20 08:00:00",CLARESF1,53.270530
D,DISPATCH,UNIT_SCADA,1,"2022/10/20 08:00:00",CLEMGPWF,12.462060
D,DISPATCH,UNIT_SCADA,1,"2022/10/20 08:00:00",CLERMSF1,13.48
D,DISPATCH,UNIT_SCADA,1,"2022/10/20 08:00:00",CNUNDAWF,23.527450
D,DISPATCH,UNIT_SCADA,1,"2022/10/20 08:00:00",COHUNSF1,2.50
D,DISPATCH,UNIT_SCADA,1,"2022/10/20 08:00:00",COLEASF1,21.2005
D,DISPATCH,UNIT_SCADA,1,"2022/10/20 08:00:00",COLUMSF1,12.5780
D,DISPATCH,UNIT_SCADA,1,"2022/10/20 08:00:00",COLWF01,137.141980
D,DISPATCH,UNIT_SCADA,1,"2022/10/20 08:00:00",COOPGWF1,353.28
D,DISPATCH,UNIT_SCADA,1,"2022/10/20 08:00:00",CPP_3,357.774990
D,DISPATCH,UNIT_SCADA,1,"2022/10/20 08:00:00",CPP_4,0
D,DISPATCH,UNIT_SCADA,1,"2022/10/20 08:00:00",CPSA,0
D,DISPATCH,UNIT_SCADA,1,"2022/10/20 08:00:00",CROOKWF2,41.402610
D,DISPATCH,UNIT_SCADA,1,"2022/10/20 08:00:00",CROWLWF1,34.244610
D,DISPATCH,UNIT_SCADA,1,"2022/10/20 08:00:00",CRURWF1,69.498660
D,DISPATCH,UNIT_SCADA,1,"2022/10/20 08:00:00",CRWASF1,17.869820
D,DISPATCH,UNIT_SCADA,1,"2022/10/20 08:00:00",CSPVPS1,12.9220
D,DISPATCH,UNIT_SCADA,1,"2022/10/20 08:00:00",CTHLWF1,0.003050
D,DISPATCH,UNIT_SCADA,1,"2022/10/20 08:00:00",DALNTH01,0.032040
D,DISPATCH,UNIT_SCADA,1,"2022/10/20 08:00:00",DALNTHL1,0
D,DISPATCH,UNIT_SCADA,1,"2022/10/20 08:00:00",DARLSF1,75.317740
D,DISPATCH,UNIT_SCADA,1,"2022/10/20 08:00:00",DARTM1,0
D,DISPATCH,UNIT_SCADA,1,"2022/10/20 08:00:00",DAYDSF1,108.782010
D,DISPATCH,UNIT_SCADA,1,"2022/10/20 08:00:00",DDPS1,0
D,DISPATCH,UNIT_SCADA,1,"2022/10/20 08:00:00",DDSF1,11.795970
D,DISPATCH,UNIT_SCADA,1,"2022/10/20 08:00:00",DEVILS_G,57.528610
D,DISPATCH,UNIT_SCADA,1,"2022/10/20 08:00:00",DG_NSW1,0
D,DISPATCH,UNIT_SCADA,1,"2022/10/20 08:00:00",DG_QLD1,0
D,DISPATCH,UNIT_SCADA,1,"2022/10/20 08:00:00",DG_SA1,0
D,DISPATCH,UNIT_SCADA,1,"2022/10/20 08:00:00",DG_TAS1,0
D,DISPATCH,UNIT_SCADA,1,"2022/10/20 08:00:00",DG_VIC1,0
D,DISPATCH,UNIT_SCADA,1,"2022/10/20 08:00:00",DRYCGT1,0
D,DISPATCH,UNIT_SCADA,1,"2022/10/20 08:00:00",DRYCGT2,0
D,DISPATCH,UNIT_SCADA,1,"2022/10/20 08:00:00",DRYCGT3,0
D,DISPATCH,UNIT_SCADA,1,"2022/10/20 08:00:00",DUNDWF1,78.87
D,DISPATCH,UNIT_SCADA,1,"2022/10/20 08:00:00",DUNDWF2,28.16
D,DISPATCH,UNIT_SCADA,1,"2022/10/20 08:00:00",DUNDWF3,67.96
D,DISPATCH,UNIT_SCADA,1,"2022/10/20 08:00:00",EILDON1,60.04
D,DISPATCH,UNIT_SCADA,1,"2022/10/20 08:00:00",EILDON2,59.88
D,DISPATCH,UNIT_SCADA,1,"2022/10/20 08:00:00",ELAINWF1,8.66
D,DISPATCH,UNIT_SCADA,1,"2022/10/20 08:00:00",EMERASF1,0
D,DISPATCH,UNIT_SCADA,1,"2022/10/20 08:00:00",ER01,0
D,DISPATCH,UNIT_SCADA,1,"2022/10/20 08:00:00",ER02,626.657530
D,DISPATCH,UNIT_SCADA,1,"2022/10/20 08:00:00",ER03,628.830380
D,DISPATCH,UNIT_SCADA,1,"2022/10/20 08:00:00",ER04,629.709290
D,DISPATCH,UNIT_SCADA,1,"2022/10/20 08:00:00",FINLYSF1,125.358970
D,DISPATCH,UNIT_SCADA,1,"2022/10/20 08:00:00",FISHER,45.77
D,DISPATCH,UNIT_SCADA,1,"2022/10/20 08:00:00",GANGARR1,10.6450
D,DISPATCH,UNIT_SCADA,1,"2022/10/20 08:00:00",GANNBG1,0
D,DISPATCH,UNIT_SCADA,1,"2022/10/20 08:00:00",GANNBL1,0.363150
D,DISPATCH,UNIT_SCADA,1,"2022/10/20 08:00:00",GANNSF1,29.70
D,DISPATCH,UNIT_SCADA,1,"2022/10/20 08:00:00",GLRWNSF1,109.98
D,DISPATCH,UNIT_SCADA,1,"2022/10/20 08:00:00",GNNDHSF1,21.745710
D,DISPATCH,UNIT_SCADA,1,"2022/10/20 08:00:00",GOONSF1,32.113530
D,DISPATCH,UNIT_SCADA,1,"2022/10/20 08:00:00",GORDON,242.415250
D,DISPATCH,UNIT_SCADA,1,"2022/10/20 08:00:00",GRANWF1,12.30
D,DISPATCH,UNIT_SCADA,1,"2022/10/20 08:00:00",GSTONE1,200.899990
D,DISPATCH,UNIT_SCADA,1,"2022/10/20 08:00:00",GSTONE2,0
D,DISPATCH,UNIT_SCADA,1,"2022/10/20 08:00:00",GSTONE3,200.724990
D,DISPATCH,UNIT_SCADA,1,"2022/10/20 08:00:00",GSTONE4,0
D,DISPATCH,UNIT_SCADA,1,"2022/10/20 08:00:00",GSTONE5,200.3750
D,DISPATCH,UNIT_SCADA,1,"2022/10/20 08:00:00",GSTONE6,200.3750
D,DISPATCH,UNIT_SCADA,1,"2022/10/20 08:00:00",GULLRSF1,1.184980
D,DISPATCH,UNIT_SCADA,1,"2022/10/20 08:00:00",GULLRWF1,70.063930
D,DISPATCH,UNIT_SCADA,1,"2022/10/20 08:00:00",GULLRWF2,89.217670
D,DISPATCH,UNIT_SCADA,1,"2022/10/20 08:00:00",GUNNING1,0
D,DISPATCH,UNIT_SCADA,1,"2022/10/20 08:00:00",GUTHEGA,67.100010
D,DISPATCH,UNIT_SCADA,1,"2022/10/20 08:00:00",HALLWF1,56.73
D,DISPATCH,UNIT_SCADA,1,"2022/10/20 08:00:00",HALLWF2,47.75
D,DISPATCH,UNIT_SCADA,1,"2022/10/20 08:00:00",HAMISF1,37.10
D,DISPATCH,UNIT_SCADA,1,"2022/10/20 08:00:00",HAUGHT11,22.922240
D,DISPATCH,UNIT_SCADA,1,"2022/10/20 08:00:00",HAYMSF1,33.8580
D,DISPATCH,UNIT_SCADA,1,"2022/10/20 08:00:00",HDWF1,52.20
D,DISPATCH,UNIT_SCADA,1,"2022/10/20 08:00:00",HDWF2,14.40
D,DISPATCH,UNIT_SCADA,1,"2022/10/20 08:00:00",HDWF3,40.70
D,DISPATCH,UNIT_SCADA,1,"2022/10/20 08:00:00",HILLSTN1,7.197440
D,DISPATCH,UNIT_SCADA,1,"2022/10/20 08:00:00",HPRG1,0
D,DISPATCH,UNIT_SCADA,1,"2022/10/20 08:00:00",HPRL1,17.40
D,DISPATCH,UNIT_SCADA,1,"2022/10/20 08:00:00",HUMENSW,54.844370
D,DISPATCH,UNIT_SCADA,1,"2022/10/20 08:00:00",HUMEV,0
D,DISPATCH,UNIT_SCADA,1,"2022/10/20 08:00:00",HVWWBA1G,0
D,DISPATCH,UNIT_SCADA,1,"2022/10/20 08:00:00",HVWWBA1L,0.0070
D,DISPATCH,UNIT_SCADA,1,"2022/10/20 08:00:00",HVWWPV1,0.0310
D,DISPATCH,UNIT_SCADA,1,"2022/10/20 08:00:00",JBUTTERS,0
D,DISPATCH,UNIT_SCADA,1,"2022/10/20 08:00:00",JEMALNG1,7.33
D,DISPATCH,UNIT_SCADA,1,"2022/10/20 08:00:00",JLA01,0
D,DISPATCH,UNIT_SCADA,1,"2022/10/20 08:00:00",JLA02,0
D,DISPATCH,UNIT_SCADA,1,"2022/10/20 08:00:00",JLA03,0
D,DISPATCH,UNIT_SCADA,1,"2022/10/20 08:00:00",JLA04,0
D,DISPATCH,UNIT_SCADA,1,"2022/10/20 08:00:00",JLB01,0
D,DISPATCH,UNIT_SCADA,1,"2022/10/20 08:00:00",JLB02,0.10
D,DISPATCH,UNIT_SCADA,1,"2022/10/20 08:00:00",JLB03,0
D,DISPATCH,UNIT_SCADA,1,"2022/10/20 08:00:00",JUNEESF1,3.049980
D,DISPATCH,UNIT_SCADA,1,"2022/10/20 08:00:00",KABANWF1,0.03
D,DISPATCH,UNIT_SCADA,1,"2022/10/20 08:00:00",KAREEYA1,0
D,DISPATCH,UNIT_SCADA,1,"2022/10/20 08:00:00",KAREEYA2,0
D,DISPATCH,UNIT_SCADA,1,"2022/10/20 08:00:00",KAREEYA3,4.7725
D,DISPATCH,UNIT_SCADA,1,"2022/10/20 08:00:00",KAREEYA4,0
D,DISPATCH,UNIT_SCADA,1,"2022/10/20 08:00:00",KARSF1,36.20
D,DISPATCH,UNIT_SCADA,1,"2022/10/20 08:00:00",KEPSF1,4.40
D,DISPATCH,UNIT_SCADA,1,"2022/10/20 08:00:00",KEPWF1,0
D,DISPATCH,UNIT_SCADA,1,"2022/10/20 08:00:00",KIAMSF1,3.5668
D,DISPATCH,UNIT_SCADA,1,"2022/10/20 08:00:00",KIATAWF1,22.20
D,DISPATCH,UNIT_SCADA,1,"2022/10/20 08:00:00",KPP_1,0
D,DISPATCH,UNIT_SCADA,1,"2022/10/20 08:00:00",KSP1,30.58
D,DISPATCH,UNIT_SCADA,1,"2022/10/20 08:00:00",LADBROK1,0.02
D,DISPATCH,UNIT_SCADA,1,"2022/10/20 08:00:00",LADBROK2,37.49
D,DISPATCH,UNIT_SCADA,1,"2022/10/20 08:00:00",LBBG1,0
D,DISPATCH,UNIT_SCADA,1,"2022/10/20 08:00:00",LBBL1,11.25
D,DISPATCH,UNIT_SCADA,1,"2022/10/20 08:00:00",LD01,317.624450
D,DISPATCH,UNIT_SCADA,1,"2022/10/20 08:00:00",LD02,0
D,DISPATCH,UNIT_SCADA,1,"2022/10/20 08:00:00",LD04,318.851290
D,DISPATCH,UNIT_SCADA,1,"2022/10/20 08:00:00",LEM_WIL,86.745890
D,DISPATCH,UNIT_SCADA,1,"2022/10/20 08:00:00",LGAPWF1,22.38
D,DISPATCH,UNIT_SCADA,1,"2022/10/20 08:00:00",LGAPWF2,15.02
D,DISPATCH,UNIT_SCADA,1,"2022/10/20 08:00:00",LILYSF1,7.897090
D,DISPATCH,UNIT_SCADA,1,"2022/10/20 08:00:00",LIMOSF11,8.222930
D,DISPATCH,UNIT_SCADA,1,"2022/10/20 08:00:00",LIMOSF21,0.885910
D,DISPATCH,UNIT_SCADA,1,"2022/10/20 08:00:00",LI_WY_CA,76.446770
D,DISPATCH,UNIT_SCADA,1,"2022/10/20 08:00:00",LKBONNY1,0
D,DISPATCH,UNIT_SCADA,1,"2022/10/20 08:00:00",LKBONNY2,0
D,DISPATCH,UNIT_SCADA,1,"2022/10/20 08:00:00",LKBONNY3,0
D,DISPATCH,UNIT_SCADA,1,"2022/10/20 08:00:00",LK_ECHO,0
D,DISPATCH,UNIT_SCADA,1,"2022/10/20 08:00:00",LNGS1,0
D,DISPATCH,UNIT_SCADA,1,"2022/10/20 08:00:00",LNGS2,0
D,DISPATCH,UNIT_SCADA,1,"2022/10/20 08:00:00",LONSDALE,0
D,DISPATCH,UNIT_SCADA,1,"2022/10/20 08:00:00",LOYYB1,521.050660
D,DISPATCH,UNIT_SCADA,1,"2022/10/20 08:00:00",LOYYB2,521.426570
D,DISPATCH,UNIT_SCADA,1,"2022/10/20 08:00:00",LYA1,548
D,DISPATCH,UNIT_SCADA,1,"2022/10/20 08:00:00",LYA2,0
D,DISPATCH,UNIT_SCADA,1,"2022/10/20 08:00:00",LYA3,548
D,DISPATCH,UNIT_SCADA,1,"2022/10/20 08:00:00",LYA4,546
D,DISPATCH,UNIT_SCADA,1,"2022/10/20 08:00:00",MACARTH1,12.9997
D,DISPATCH,UNIT_SCADA,1,"2022/10/20 08:00:00",MACKNTSH,0
D,DISPATCH,UNIT_SCADA,1,"2022/10/20 08:00:00",MANSLR1,2.1820
D,DISPATCH,UNIT_SCADA,1,"2022/10/20 08:00:00",MAPS2PV1,0
D,DISPATCH,UNIT_SCADA,1,"2022/10/20 08:00:00",MAPS3PV1,0
D,DISPATCH,UNIT_SCADA,1,"2022/10/20 08:00:00",MARYRSF1,14.62
D,DISPATCH,UNIT_SCADA,1,"2022/10/20 08:00:00",MBPS2PV1,0
D,DISPATCH,UNIT_SCADA,1,"2022/10/20 08:00:00",MCKAY1,45.76
D,DISPATCH,UNIT_SCADA,1,"2022/10/20 08:00:00",MEADOWBK,19.8631
D,DISPATCH,UNIT_SCADA,1,"2022/10/20 08:00:00",MERCER01,19.90
D,DISPATCH,UNIT_SCADA,1,"2022/10/20 08:00:00",METZSF1,12.379150
D,DISPATCH,UNIT_SCADA,1,"2022/10/20 08:00:00",MEWF1,0
D,DISPATCH,UNIT_SCADA,1,"2022/10/20 08:00:00",MIDDLSF1,5.72
D,DISPATCH,UNIT_SCADA,1,"2022/10/20 08:00:00",MINTARO,0.128180
D,DISPATCH,UNIT_SCADA,1,"2022/10/20 08:00:00",MOLNGSF1,2.022740
D,DISPATCH,UNIT_SCADA,1,"2022/10/20 08:00:00",MOORAWF1,19.73
D,DISPATCH,UNIT_SCADA,1,"2022/10/20 08:00:00",MOREESF1,0.9320
D,DISPATCH,UNIT_SCADA,1,"2022/10/20 08:00:00",MORTLK11,0
D,DISPATCH,UNIT_SCADA,1,"2022/10/20 08:00:00",MORTLK12,0
D,DISPATCH,UNIT_SCADA,1,"2022/10/20 08:00:00",MOUSF1,0
D,DISPATCH,UNIT_SCADA,1,"2022/10/20 08:00:00",MP1,0
D,DISPATCH,UNIT_SCADA,1,"2022/10/20 08:00:00",MP2,364.983580
D,DISPATCH,UNIT_SCADA,1,"2022/10/20 08:00:00",MPP_1,175.619290
D,DISPATCH,UNIT_SCADA,1,"2022/10/20 08:00:00",MPP_2,57.6649
D,DISPATCH,UNIT_SCADA,1,"2022/10/20 08:00:00",MRTLSWF1,0
D,DISPATCH,UNIT_SCADA,1,"2022/10/20 08:00:00",MSTUART1,0
D,DISPATCH,UNIT_SCADA,1,"2022/10/20 08:00:00",MSTUART2,0
D,DISPATCH,UNIT_SCADA,1,"2022/10/20 08:00:00",MSTUART3,0
D,DISPATCH,UNIT_SCADA,1,"2022/10/20 08:00:00",MTGELWF1,49.037140
D,DISPATCH,UNIT_SCADA,1,"2022/10/20 08:00:00",MTMILLAR,1.40
D,DISPATCH,UNIT_SCADA,1,"2022/10/20 08:00:00",MURRAY,0
D,DISPATCH,UNIT_SCADA,1,"2022/10/20 08:00:00",MUSSELR1,69.399990
D,DISPATCH,UNIT_SCADA,1,"2022/10/20 08:00:00",MUWAWF1,127.29
D,DISPATCH,UNIT_SCADA,1,"2022/10/20 08:00:00",MUWAWF2,130.20
D,DISPATCH,UNIT_SCADA,1,"2022/10/20 08:00:00",MWPS1PV1,0.13
D,DISPATCH,UNIT_SCADA,1,"2022/10/20 08:00:00",MWPS2PV1,0
D,DISPATCH,UNIT_SCADA,1,"2022/10/20 08:00:00",MWPS3PV1,0.34
D,DISPATCH,UNIT_SCADA,1,"2022/10/20 08:00:00",MWPS4PV1,0.01
D,DISPATCH,UNIT_SCADA,1,"2022/10/20 08:00:00",NBHWF1,93.30
D,DISPATCH,UNIT_SCADA,1,"2022/10/20 08:00:00",NEVERSF1,1.86
D,DISPATCH,UNIT_SCADA,1,"2022/10/20 08:00:00",NPS,0
D,DISPATCH,UNIT_SCADA,1,"2022/10/20 08:00:00",NUMURSF1,89.43
D,DISPATCH,UNIT_SCADA,1,"2022/10/20 08:00:00",NYNGAN1,4
D,DISPATCH,UNIT_SCADA,1,"2022/10/20 08:00:00",OAKEY1,0
D,DISPATCH,UNIT_SCADA,1,"2022/10/20 08:00:00",OAKEY1SF,5.6360
D,DISPATCH,UNIT_SCADA,1,"2022/10/20 08:00:00",OAKEY2,0
D,DISPATCH,UNIT_SCADA,1,"2022/10/20 08:00:00",OAKEY2SF,8.64
D,DISPATCH,UNIT_SCADA,1,"2022/10/20 08:00:00",OAKLAND1,4.10
D,DISPATCH,UNIT_SCADA,1,"2022/10/20 08:00:00",OSB-AG,0
D,DISPATCH,UNIT_SCADA,1,"2022/10/20 08:00:00",PAREPS1,0.0660
D,DISPATCH,UNIT_SCADA,1,"2022/10/20 08:00:00",PAREPW1,105.92
D,DISPATCH,UNIT_SCADA,1,"2022/10/20 08:00:00",PARSF1,23.399710
D,DISPATCH,UNIT_SCADA,1,"2022/10/20 08:00:00",POAT110,0
D,DISPATCH,UNIT_SCADA,1,"2022/10/20 08:00:00",POAT220,0
D,DISPATCH,UNIT_SCADA,1,"2022/10/20 08:00:00",POR01,0
D,DISPATCH,UNIT_SCADA,1,"2022/10/20 08:00:00",POR03,0
D,DISPATCH,UNIT_SCADA,1,"2022/10/20 08:00:00",PPCCGT,170.867710
D,DISPATCH,UNIT_SCADA,1,"2022/10/20 08:00:00",PTSTAN1,0
D,DISPATCH,UNIT_SCADA,1,"2022/10/20 08:00:00",PUMP1,0
D,DISPATCH,UNIT_SCADA,1,"2022/10/20 08:00:00",PUMP2,0
D,DISPATCH,UNIT_SCADA,1,"2022/10/20 08:00:00",QBYNBG1,0
D,DISPATCH,UNIT_SCADA,1,"2022/10/20 08:00:00",QBYNBL1,0.0015
D,DISPATCH,UNIT_SCADA,1,"2022/10/20 08:00:00",QPS1,0
D,DISPATCH,UNIT_SCADA,1,"2022/10/20 08:00:00",QPS2,0
D,DISPATCH,UNIT_SCADA,1,"2022/10/20 08:00:00",QPS3,0
D,DISPATCH,UNIT_SCADA,1,"2022/10/20 08:00:00",QPS4,0
D,DISPATCH,UNIT_SCADA,1,"2022/10/20 08:00:00",QPS5,74.12
D,DISPATCH,UNIT_SCADA,1,"2022/10/20 08:00:00",REECE1,44.333750
D,DISPATCH,UNIT_SCADA,1,"2022/10/20 08:00:00",REECE2,33.58
D,DISPATCH,UNIT_SCADA,1,"2022/10/20 08:00:00",ROMA_7,0
D,DISPATCH,UNIT_SCADA,1,"2022/10/20 08:00:00",ROMA_8,0
D,DISPATCH,UNIT_SCADA,1,"2022/10/20 08:00:00",RRSF1,105.333120
D,DISPATCH,UNIT_SCADA,1,"2022/10/20 08:00:00",RT_NSW1,0
D,DISPATCH,UNIT_SCADA,1,"2022/10/20 08:00:00",RT_NSW2,0
D,DISPATCH,UNIT_SCADA,1,"2022/10/20 08:00:00",RT_NSW3,0
D,DISPATCH,UNIT_SCADA,1,"2022/10/20 08:00:00",RT_NSW4,0
D,DISPATCH,UNIT_SCADA,1,"2022/10/20 08:00:00",RT_NSW5,0
D,DISPATCH,UNIT_SCADA,1,"2022/10/20 08:00:00",RT_NSW6,0
D,DISPATCH,UNIT_SCADA,1,"2022/10/20 08:00:00",RT_QLD1,0
D,DISPATCH,UNIT_SCADA,1,"2022/10/20 08:00:00",RT_SA1,0
D,DISPATCH,UNIT_SCADA,1,"2022/10/20 08:00:00",RT_SA2,0
D,DISPATCH,UNIT_SCADA,1,"2022/10/20 08:00:00",RT_SA3,0
D,DISPATCH,UNIT_SCADA,1,"2022/10/20 08:00:00",RT_SA4,0
D,DISPATCH,UNIT_SCADA,1,"2022/10/20 08:00:00",RT_SA5,0
D,DISPATCH,UNIT_SCADA,1,"2022/10/20 08:00:00",RT_SA6,0
D,DISPATCH,UNIT_SCADA,1,"2022/10/20 08:00:00",RT_TAS1,0
D,DISPATCH,UNIT_SCADA,1,"2022/10/20 08:00:00",RT_VIC1,0
D,DISPATCH,UNIT_SCADA,1,"2022/10/20 08:00:00",RT_VIC10,0
D,DISPATCH,UNIT_SCADA,1,"2022/10/20 08:00:00",RT_VIC11,0
D,DISPATCH,UNIT_SCADA,1,"2022/10/20 08:00:00",RT_VIC12,0
D,DISPATCH,UNIT_SCADA,1,"2022/10/20 08:00:00",RT_VIC2,0
D,DISPATCH,UNIT_SCADA,1,"2022/10/20 08:00:00",RT_VIC3,0
D,DISPATCH,UNIT_SCADA,1,"2022/10/20 08:00:00",RT_VIC4,0
D,DISPATCH,UNIT_SCADA,1,"2022/10/20 08:00:00",RT_VIC5,0
D,DISPATCH,UNIT_SCADA,1,"2022/10/20 08:00:00",RT_VIC6,0
D,DISPATCH,UNIT_SCADA,1,"2022/10/20 08:00:00",RT_VIC7,0
D,DISPATCH,UNIT_SCADA,1,"2022/10/20 08:00:00",RT_VIC8,0
D,DISPATCH,UNIT_SCADA,1,"2022/10/20 08:00:00",RT_VIC9,0
D,DISPATCH,UNIT_SCADA,1,"2022/10/20 08:00:00",RUGBYR1,1.738690
D,DISPATCH,UNIT_SCADA,1,"2022/10/20 08:00:00",SALTCRK1,17.15
D,DISPATCH,UNIT_SCADA,1,"2022/10/20 08:00:00",SAPHWF1,119.739070
D,DISPATCH,UNIT_SCADA,1,"2022/10/20 08:00:00",SEBSF1,16.706250
D,DISPATCH,UNIT_SCADA,1,"2022/10/20 08:00:00",SHGEN,81.365170
D,DISPATCH,UNIT_SCADA,1,"2022/10/20 08:00:00",SHPUMP,0
D,DISPATCH,UNIT_SCADA,1,"2022/10/20 08:00:00",SITHE01,0.173950
D,DISPATCH,UNIT_SCADA,1,"2022/10/20 08:00:00",SMCSF1,24.6970
D,DISPATCH,UNIT_SCADA,1,"2022/10/20 08:00:00",SNAPPER1,0
D,DISPATCH,UNIT_SCADA,1,"2022/10/20 08:00:00",SNOWNTH1,126.600010
D,DISPATCH,UNIT_SCADA,1,"2022/10/20 08:00:00",SNOWSTH1,115.100010
D,DISPATCH,UNIT_SCADA,1,"2022/10/20 08:00:00",SNOWTWN1,69.130070
D,DISPATCH,UNIT_SCADA,1,"2022/10/20 08:00:00",SNOWYP,0
D,DISPATCH,UNIT_SCADA,1,"2022/10/20 08:00:00",SNUG1,0
D,DISPATCH,UNIT_SCADA,1,"2022/10/20 08:00:00",SRSF1,3.99
D,DISPATCH,UNIT_SCADA,1,"2022/10/20 08:00:00",STAN-1,276.723480
D,DISPATCH,UNIT_SCADA,1,"2022/10/20 08:00:00",STAN-2,362.551480
D,DISPATCH,UNIT_SCADA,1,"2022/10/20 08:00:00",STAN-3,157.287230
D,DISPATCH,UNIT_SCADA,1,"2022/10/20 08:00:00",STAN-4,362.077210
D,DISPATCH,UNIT_SCADA,1,"2022/10/20 08:00:00",STARHLWF,0.01
D,DISPATCH,UNIT_SCADA,1,"2022/10/20 08:00:00",STOCKYD1,128.929990
D,DISPATCH,UNIT_SCADA,1,"2022/10/20 08:00:00",STWF1,30.811630
D,DISPATCH,UNIT_SCADA,1,"2022/10/20 08:00:00",SUNRSF1,5.1957
D,DISPATCH,UNIT_SCADA,1,"2022/10/20 08:00:00",SUNTPSF1,11.770810
D,DISPATCH,UNIT_SCADA,1,"2022/10/20 08:00:00",SWAN_E,261.199370
D,DISPATCH,UNIT_SCADA,1,"2022/10/20 08:00:00",TALWA1,0
D,DISPATCH,UNIT_SCADA,1,"2022/10/20 08:00:00",TARALGA1,0
D,DISPATCH,UNIT_SCADA,1,"2022/10/20 08:00:00",TARONG#1,347.700010
D,DISPATCH,UNIT_SCADA,1,"2022/10/20 08:00:00",TARONG#2,348
D,DISPATCH,UNIT_SCADA,1,"2022/10/20 08:00:00",TARONG#3,0.90
D,DISPATCH,UNIT_SCADA,1,"2022/10/20 08:00:00",TARONG#4,292.800020
D,DISPATCH,UNIT_SCADA,1,"2022/10/20 08:00:00",TARRALEA,54
D,DISPATCH,UNIT_SCADA,1,"2022/10/20 08:00:00",TBSF1,14.10
D,DISPATCH,UNIT_SCADA,1,"2022/10/20 08:00:00",TNPS1,439.5625
D,DISPATCH,UNIT_SCADA,1,"2022/10/20 08:00:00",TORRB1,0
D,DISPATCH,UNIT_SCADA,1,"2022/10/20 08:00:00",TORRB2,40
D,DISPATCH,UNIT_SCADA,1,"2022/10/20 08:00:00",TORRB3,0
D,DISPATCH,UNIT_SCADA,1,"2022/10/20 08:00:00",TORRB4,0
D,DISPATCH,UNIT_SCADA,1,"2022/10/20 08:00:00",TREVALLN,98.1984
D,DISPATCH,UNIT_SCADA,1,"2022/10/20 08:00:00",TRIBUTE,0
D,DISPATCH,UNIT_SCADA,1,"2022/10/20 08:00:00",TUMUT3,0
D,DISPATCH,UNIT_SCADA,1,"2022/10/20 08:00:00",TUNGATIN,4.230020
D,DISPATCH,UNIT_SCADA,1,"2022/10/20 08:00:00",TVCC201,0
D,DISPATCH,UNIT_SCADA,1,"2022/10/20 08:00:00",TVPP104,39.951120
D,DISPATCH,UNIT_SCADA,1,"2022/10/20 08:00:00",UPPTUMUT,39.238490
D,DISPATCH,UNIT_SCADA,1,"2022/10/20 08:00:00",URANQ11,0
D,DISPATCH,UNIT_SCADA,1,"2022/10/20 08:00:00",URANQ12,0
D,DISPATCH,UNIT_SCADA,1,"2022/10/20 08:00:00",URANQ13,0
D,DISPATCH,UNIT_SCADA,1,"2022/10/20 08:00:00",URANQ14,0
D,DISPATCH,UNIT_SCADA,1,"2022/10/20 08:00:00",VBBG1,0
D,DISPATCH,UNIT_SCADA,1,"2022/10/20 08:00:00",VBBL1,11.10
D,DISPATCH,UNIT_SCADA,1,"2022/10/20 08:00:00",VP5,527.115720
D,DISPATCH,UNIT_SCADA,1,"2022/10/20 08:00:00",VP6,527.530760
D,DISPATCH,UNIT_SCADA,1,"2022/10/20 08:00:00",VPGS1,0
D,DISPATCH,UNIT_SCADA,1,"2022/10/20 08:00:00",VPGS2,0
D,DISPATCH,UNIT_SCADA,1,"2022/10/20 08:00:00",VPGS3,0
D,DISPATCH,UNIT_SCADA,1,"2022/10/20 08:00:00",VPGS4,0
D,DISPATCH,UNIT_SCADA,1,"2022/10/20 08:00:00",VPGS5,0
D,DISPATCH,UNIT_SCADA,1,"2022/10/20 08:00:00",VPGS6,0
D,DISPATCH,UNIT_SCADA,1,"2022/10/20 08:00:00",W/HOE#1,0
D,DISPATCH,UNIT_SCADA,1,"2022/10/20 08:00:00",W/HOE#2,0
D,DISPATCH,UNIT_SCADA,1,"2022/10/20 08:00:00",WAGGNSF1,0
D,DISPATCH,UNIT_SCADA,1,"2022/10/20 08:00:00",WALGRVG1,0.000930
D,DISPATCH,UNIT_SCADA,1,"2022/10/20 08:00:00",WALGRVL1,0
D,DISPATCH,UNIT_SCADA,1,"2022/10/20 08:00:00",WANDBG1,0
D,DISPATCH,UNIT_SCADA,1,"2022/10/20 08:00:00",WANDBL1,29.839240
D,DISPATCH,UNIT_SCADA,1,"2022/10/20 08:00:00",WARWSF1,15.95
D,DISPATCH,UNIT_SCADA,1,"2022/10/20 08:00:00",WARWSF2,15.96
D,DISPATCH,UNIT_SCADA,1,"2022/10/20 08:00:00",WATERLWF,90.30
D,DISPATCH,UNIT_SCADA,1,"2022/10/20 08:00:00",WDGPH1,23.5940
D,DISPATCH,UNIT_SCADA,1,"2022/10/20 08:00:00",WELLSF1,31.686880
D,DISPATCH,UNIT_SCADA,1,"2022/10/20 08:00:00",WEMENSF1,7.50
D,DISPATCH,UNIT_SCADA,1,"2022/10/20 08:00:00",WGWF1,110.50
D,DISPATCH,UNIT_SCADA,1,"2022/10/20 08:00:00",WHITSF1,28.70
D,DISPATCH,UNIT_SCADA,1,"2022/10/20 08:00:00",WINTSF1,80.25
D,DISPATCH,UNIT_SCADA,1,"2022/10/20 08:00:00",WKIEWA1,33.70
D,DISPATCH,UNIT_SCADA,1,"2022/10/20 08:00:00",WKIEWA2,33.80
D,DISPATCH,UNIT_SCADA,1,"2022/10/20 08:00:00",WOODLWN1,23.9989
D,DISPATCH,UNIT_SCADA,1,"2022/10/20 08:00:00",WOOLGSF1,6.570750
D,DISPATCH,UNIT_SCADA,1,"2022/10/20 08:00:00",WPWF,40.84
D,DISPATCH,UNIT_SCADA,1,"2022/10/20 08:00:00",WRSF1,0.6299
D,DISPATCH,UNIT_SCADA,1,"2022/10/20 08:00:00",WRWF1,21.185010
D,DISPATCH,UNIT_SCADA,1,"2022/10/20 08:00:00",WSTWYSF1,0
D,DISPATCH,UNIT_SCADA,1,"2022/10/20 08:00:00",YABULU,0
D,DISPATCH,UNIT_SCADA,1,"2022/10/20 08:00:00",YABULU2,0
D,DISPATCH,UNIT_SCADA,1,"2022/10/20 08:00:00",YARANSF1,34.94
D,DISPATCH,UNIT_SCADA,1,"2022/10/20 08:00:00",YARWUN_1,129.649990
D,DISPATCH,UNIT_SCADA,1,"2022/10/20 08:00:00",YATSF1,20.37
D,DISPATCH,UNIT_SCADA,1,"2022/10/20 08:00:00",YENDWF1,14.24
D,DISPATCH,UNIT_SCADA,1,"2022/10/20 08:00:00",YWPS1,363.156950
D,DISPATCH,UNIT_SCADA,1,"2022/10/20 08:00:00",YWPS2,286.964570
D,DISPATCH,UNIT_SCADA,1,"2022/10/20 08:00:00",YWPS3,358.259490
D,DISPATCH,UNIT_SCADA,1,"2022/10/20 08:00:00",YWPS4,0
C,"END OF REPORT",419
