C,NEMP.WORLD,DISPATCHSCADA,AEMO,PUBLIC,2022/10/20,01:45:09,0000000373220556,DISPATCHSCADA,0000000373220550
I,DISPATCH,UNIT_SCADA,1,SETTLEMENTDATE,DUID,SCADAVALUE
D,DISPATCH,UNIT_SCADA,1,"2022/10/20 01:50:00",BARCSF1,0.10
D,DISPATCH,UNIT_SCADA,1,"2022/10/20 01:50:00",BUTLERSG,8.699999
D,DISPATCH,UNIT_SCADA,1,"2022/10/20 01:50:00",CAPTL_WF,7.209095
D,DISPATCH,UNIT_SCADA,1,"2022/10/20 01:50:00",CHALLHWF,16.50
D,DISPATCH,UNIT_SCADA,1,"2022/10/20 01:50:00",CLOVER,13.36
D,DISPATCH,UNIT_SCADA,1,"2022/10/20 01:50:00",CLUNY,6.291142
D,DISPATCH,UNIT_SCADA,1,"2022/10/20 01:50:00",CULLRGWF,-0.05
D,DISPATCH,UNIT_SCADA,1,"2022/10/20 01:50:00",DIAPURWF1,7.20
D,DISPATCH,UNIT_SCADA,1,"2022/10/20 01:50:00",ERGT01,0
D,DISPATCH,UNIT_SCADA,1,"2022/10/20 01:50:00",GB01,0
D,DISPATCH,UNIT_SCADA,1,"2022/10/20 01:50:00",GERMCRK,21.299999
D,DISPATCH,UNIT_SCADA,1,"2022/10/20 01:50:00",GRIFSF1,0.001526
D,DISPATCH,UNIT_SCADA,1,"2022/10/20 01:50:00",HEZ1,0
D,DISPATCH,UNIT_SCADA,1,"2022/10/20 01:50:00",HUGSF1,-0.1740
D,DISPATCH,UNIT_SCADA,1,"2022/10/20 01:50:00",KEPBG1,0.02
D,DISPATCH,UNIT_SCADA,1,"2022/10/20 01:50:00",LRSF1,0.0240
D,DISPATCH,UNIT_SCADA,1,"2022/10/20 01:50:00",MBAHNTH,50.268753
D,DISPATCH,UNIT_SCADA,1,"2022/10/20 01:50:00",MLSP1,0
D,DISPATCH,UNIT_SCADA,1,"2022/10/20 01:50:00",MLWF1,1.50
D,DISPATCH,UNIT_SCADA,1,"2022/10/20 01:50:00",PALOONA,30.23
D,DISPATCH,UNIT_SCADA,1,"2022/10/20 01:50:00",PIONEER,44.600002
D,DISPATCH,UNIT_SCADA,1,"2022/10/20 01:50:00",PORTWF,27.90
D,DISPATCH,UNIT_SCADA,1,"2022/10/20 01:50:00",REPULSE,9.606470
D,DISPATCH,UNIT_SCADA,1,"2022/10/20 01:50:00",ROWALLAN,8.8750
D,DISPATCH,UNIT_SCADA,1,"2022/10/20 01:50:00",ROYALLA1,0
D,DISPATCH,UNIT_SCADA,1,"2022/10/20 01:50:00",RPCG,-1.20
D,DISPATCH,UNIT_SCADA,1,"2022/10/20 01:50:00",RUBICON,0
D,DISPATCH,UNIT_SCADA,1,"2022/10/20 01:50:00",WAUBRAWF,102.161003
D,DISPATCH,UNIT_SCADA,1,"2022/10/20 01:50:00",WOOLNTH1,15.59
D,DISPATCH,UNIT_SCADA,1,"2022/10/20 01:50:00",YAMBUKWF,2.50
D,DISPATCH,UNIT_SCADA,1,"2022/10/20 01:50:00",YSWF1,2.60
D,DISPATCH,UNIT_SCADA,1,"2022/10/20 01:50:00",ADPBA1G,0.0080
D,DISPATCH,UNIT_SCADA,1,"2022/10/20 01:50:00",ADPBA1L,0
D,DISPATCH,UNIT_SCADA,1,"2022/10/20 01:50:00",ADPPV1,0
D,DISPATCH,UNIT_SCADA,1,"2022/10/20 01:50:00",AGLHAL,0
D,DISPATCH,UNIT_SCADA,1,"2022/10/20 01:50:00",AGLSOM,0
D,DISPATCH,UNIT_SCADA,1,"2022/10/20 01:50:00",ANGAST1,0
D,DISPATCH,UNIT_SCADA,1,"2022/10/20 01:50:00",ARWF1,27.30
D,DISPATCH,UNIT_SCADA,1,"2022/10/20 01:50:00",BALBG1,0
D,DISPATCH,UNIT_SCADA,1,"2022/10/20 01:50:00",BALBL1,0
D,DISPATCH,UNIT_SCADA,1,"2022/10/20 01:50:00",BALDHWF1,0
D,DISPATCH,UNIT_SCADA,1,"2022/10/20 01:50:00",BANGOWF1,43.396660
D,DISPATCH,UNIT_SCADA,1,"2022/10/20 01:50:00",BANGOWF2,43.9987
D,DISPATCH,UNIT_SCADA,1,"2022/10/20 01:50:00",BANN1,0
D,DISPATCH,UNIT_SCADA,1,"2022/10/20 01:50:00",BARCALDN,0
D,DISPATCH,UNIT_SCADA,1,"2022/10/20 01:50:00",BARKIPS1,0
D,DISPATCH,UNIT_SCADA,1,"2022/10/20 01:50:00",BARRON-1,0
D,DISPATCH,UNIT_SCADA,1,"2022/10/20 01:50:00",BARRON-2,0
D,DISPATCH,UNIT_SCADA,1,"2022/10/20 01:50:00",BASTYAN,0
D,DISPATCH,UNIT_SCADA,1,"2022/10/20 01:50:00",BBTHREE1,-1.01
D,DISPATCH,UNIT_SCADA,1,"2022/10/20 01:50:00",BBTHREE2,0
D,DISPATCH,UNIT_SCADA,1,"2022/10/20 01:50:00",BBTHREE3,0
D,DISPATCH,UNIT_SCADA,1,"2022/10/20 01:50:00",BDL01,0
D,DISPATCH,UNIT_SCADA,1,"2022/10/20 01:50:00",BDL02,0
D,DISPATCH,UNIT_SCADA,1,"2022/10/20 01:50:00",BERYLSF1,0
D,DISPATCH,UNIT_SCADA,1,"2022/10/20 01:50:00",BLOWERNG,62.60
D,DISPATCH,UNIT_SCADA,1,"2022/10/20 01:50:00",BLUEGSF1,0
D,DISPATCH,UNIT_SCADA,1,"2022/10/20 01:50:00",BLUFF1,16.20
D,DISPATCH,UNIT_SCADA,1,"2022/10/20 01:50:00",BNGSF1,0
D,DISPATCH,UNIT_SCADA,1,"2022/10/20 01:50:00",BNGSF2,0
D,DISPATCH,UNIT_SCADA,1,"2022/10/20 01:50:00",BOCORWF1,3.21
D,DISPATCH,UNIT_SCADA,1,"2022/10/20 01:50:00",BODWF1,86.299790
D,DISPATCH,UNIT_SCADA,1,"2022/10/20 01:50:00",BOMENSF1,0
D,DISPATCH,UNIT_SCADA,1,"2022/10/20 01:50:00",BOWWBA1G,0
D,DISPATCH,UNIT_SCADA,1,"2022/10/20 01:50:00",BOWWBA1L,0.0010
D,DISPATCH,UNIT_SCADA,1,"2022/10/20 01:50:00",BOWWPV1,0
D,DISPATCH,UNIT_SCADA,1,"2022/10/20 01:50:00",BRAEMAR1,0
D,DISPATCH,UNIT_SCADA,1,"2022/10/20 01:50:00",BRAEMAR2,0
D,DISPATCH,UNIT_SCADA,1,"2022/10/20 01:50:00",BRAEMAR3,0
D,DISPATCH,UNIT_SCADA,1,"2022/10/20 01:50:00",BRAEMAR5,0.292060
D,DISPATCH,UNIT_SCADA,1,"2022/10/20 01:50:00",BRAEMAR6,0
D,DISPATCH,UNIT_SCADA,1,"2022/10/20 01:50:00",BRAEMAR7,0.130920
D,DISPATCH,UNIT_SCADA,1,"2022/10/20 01:50:00",BROKENH1,0
D,DISPATCH,UNIT_SCADA,1,"2022/10/20 01:50:00",BRYB1WF1,112.993060
D,DISPATCH,UNIT_SCADA,1,"2022/10/20 01:50:00",BULBESG1,0
D,DISPATCH,UNIT_SCADA,1,"2022/10/20 01:50:00",BULBESL1,0.03
D,DISPATCH,UNIT_SCADA,1,"2022/10/20 01:50:00",BULGANA1,47.14
D,DISPATCH,UNIT_SCADA,1,"2022/10/20 01:50:00",BW01,439.227910
D,DISPATCH,UNIT_SCADA,1,"2022/10/20 01:50:00",BW02,433.807890
D,DISPATCH,UNIT_SCADA,1,"2022/10/20 01:50:00",BW03,433.466090
D,DISPATCH,UNIT_SCADA,1,"2022/10/20 01:50:00",BW04,0
D,DISPATCH,UNIT_SCADA,1,"2022/10/20 01:50:00",CALL_B_1,319.600010
D,DISPATCH,UNIT_SCADA,1,"2022/10/20 01:50:00",CALL_B_2,319.700010
D,DISPATCH,UNIT_SCADA,1,"2022/10/20 01:50:00",CATHROCK,7.90
D,DISPATCH,UNIT_SCADA,1,"2022/10/20 01:50:00",CBWWBA1G,0
D,DISPATCH,UNIT_SCADA,1,"2022/10/20 01:50:00",CBWWBA1L,0
D,DISPATCH,UNIT_SCADA,1,"2022/10/20 01:50:00",CETHANA,97.9450
D,DISPATCH,UNIT_SCADA,1,"2022/10/20 01:50:00",CG1,0
D,DISPATCH,UNIT_SCADA,1,"2022/10/20 01:50:00",CG2,0
D,DISPATCH,UNIT_SCADA,1,"2022/10/20 01:50:00",CG3,0
D,DISPATCH,UNIT_SCADA,1,"2022/10/20 01:50:00",CG4,0
D,DISPATCH,UNIT_SCADA,1,"2022/10/20 01:50:00",CHILDSF1,0
D,DISPATCH,UNIT_SCADA,1,"2022/10/20 01:50:00",CHYTWF1,21
D,DISPATCH,UNIT_SCADA,1,"2022/10/20 01:50:00",CLARESF1,0
D,DISPATCH,UNIT_SCADA,1,"2022/10/20 01:50:00",CLEMGPWF,26.004630
D,DISPATCH,UNIT_SCADA,1,"2022/10/20 01:50:00",CLERMSF1,0
D,DISPATCH,UNIT_SCADA,1,"2022/10/20 01:50:00",CNUNDAWF,0
D,DISPATCH,UNIT_SCADA,1,"2022/10/20 01:50:00",COHUNSF1,0
D,DISPATCH,UNIT_SCADA,1,"2022/10/20 01:50:00",COLEASF1,0
D,DISPATCH,UNIT_SCADA,1,"2022/10/20 01:50:00",COLUMSF1,0
D,DISPATCH,UNIT_SCADA,1,"2022/10/20 01:50:00",COLWF01,75.585560
D,DISPATCH,UNIT_SCADA,1,"2022/10/20 01:50:00",COOPGWF1,345.59
D,DISPATCH,UNIT_SCADA,1,"2022/10/20 01:50:00",CPP_3,360.524990
D,DISPATCH,UNIT_SCADA,1,"2022/10/20 01:50:00",CPP_4,0
D,DISPATCH,UNIT_SCADA,1,"2022/10/20 01:50:00",CPSA,0
D,DISPATCH,UNIT_SCADA,1,"2022/10/20 01:50:00",CROOKWF2,10.093540
D,DISPATCH,UNIT_SCADA,1,"2022/10/20 01:50:00",CROWLWF1,47.409150
D,DISPATCH,UNIT_SCADA,1,"2022/10/20 01:50:00",CRURWF1,25.499730
D,DISPATCH,UNIT_SCADA,1,"2022/10/20 01:50:00",CRWASF1,0
D,DISPATCH,UNIT_SCADA,1,"2022/10/20 01:50:00",CSPVPS1,0
D,DISPATCH,UNIT_SCADA,1,"2022/10/20 01:50:00",CTHLWF1,0.003050
D,DISPATCH,UNIT_SCADA,1,"2022/10/20 01:50:00",DALNTH01,0
D,DISPATCH,UNIT_SCADA,1,"2022/10/20 01:50:00",DALNTHL1,0.062560
D,DISPATCH,UNIT_SCADA,1,"2022/10/20 01:50:00",DARLSF1,0
D,DISPATCH,UNIT_SCADA,1,"2022/10/20 01:50:00",DARTM1,0
D,DISPATCH,UNIT_SCADA,1,"2022/10/20 01:50:00",DAYDSF1,0
D,DISPATCH,UNIT_SCADA,1,"2022/10/20 01:50:00",DDPS1,0
D,DISPATCH,UNIT_SCADA,1,"2022/10/20 01:50:00",DDSF1,0
D,DISPATCH,UNIT_SCADA,1,"2022/10/20 01:50:00",DEVILS_G,53.299960
D,DISPATCH,UNIT_SCADA,1,"2022/10/20 01:50:00",DG_NSW1,0
D,DISPATCH,UNIT_SCADA,1,"2022/10/20 01:50:00",DG_QLD1,0
D,DISPATCH,UNIT_SCADA,1,"2022/10/20 01:50:00",DG_SA1,0
D,DISPATCH,UNIT_SCADA,1,"2022/10/20 01:50:00",DG_TAS1,0
D,DISPATCH,UNIT_SCADA,1,"2022/10/20 01:50:00",DG_VIC1,0
D,DISPATCH,UNIT_SCADA,1,"2022/10/20 01:50:00",DRYCGT1,0
D,DISPATCH,UNIT_SCADA,1,"2022/10/20 01:50:00",DRYCGT2,0
D,DISPATCH,UNIT_SCADA,1,"2022/10/20 01:50:00",DRYCGT3,0
D,DISPATCH,UNIT_SCADA,1,"2022/10/20 01:50:00",DUNDWF1,67.86
D,DISPATCH,UNIT_SCADA,1,"2022/10/20 01:50:00",DUNDWF2,25.20
D,DISPATCH,UNIT_SCADA,1,"2022/10/20 01:50:00",DUNDWF3,49.10
D,DISPATCH,UNIT_SCADA,1,"2022/10/20 01:50:00",EILDON1,59.92
D,DISPATCH,UNIT_SCADA,1,"2022/10/20 01:50:00",EILDON2,60.08
D,DISPATCH,UNIT_SCADA,1,"2022/10/20 01:50:00",ELAINWF1,43.53
D,DISPATCH,UNIT_SCADA,1,"2022/10/20 01:50:00",EMERASF1,0
D,DISPATCH,UNIT_SCADA,1,"2022/10/20 01:50:00",ER01,0
D,DISPATCH,UNIT_SCADA,1,"2022/10/20 01:50:00",ER02,405.682460
D,DISPATCH,UNIT_SCADA,1,"2022/10/20 01:50:00",ER03,335.759520
D,DISPATCH,UNIT_SCADA,1,"2022/10/20 01:50:00",ER04,397.7966
D,DISPATCH,UNIT_SCADA,1,"2022/10/20 01:50:00",FINLYSF1,0
D,DISPATCH,UNIT_SCADA,1,"2022/10/20 01:50:00",FISHER,31.03
D,DISPATCH,UNIT_SCADA,1,"2022/10/20 01:50:00",GANGARR1,0
D,DISPATCH,UNIT_SCADA,1,"2022/10/20 01:50:00",GANNBG1,0
D,DISPATCH,UNIT_SCADA,1,"2022/10/20 01:50:00",GANNBL1,10.051270
D,DISPATCH,UNIT_SCADA,1,"2022/10/20 01:50:00",GANNSF1,0
D,DISPATCH,UNIT_SCADA,1,"2022/10/20 01:50:00",GLRWNSF1,0
D,DISPATCH,UNIT_SCADA,1,"2022/10/20 01:50:00",GNNDHSF1,0
D,DISPATCH,UNIT_SCADA,1,"2022/10/20 01:50:00",GOONSF1,0
D,DISPATCH,UNIT_SCADA,1,"2022/10/20 01:50:00",GORDON,193.1886
D,DISPATCH,UNIT_SCADA,1,"2022/10/20 01:50:00",GRANWF1,0
D,DISPATCH,UNIT_SCADA,1,"2022/10/20 01:50:00",GSTONE1,139.8250
D,DISPATCH,UNIT_SCADA,1,"2022/10/20 01:50:00",GSTONE2,0
D,DISPATCH,UNIT_SCADA,1,"2022/10/20 01:50:00",GSTONE3,220.149990
D,DISPATCH,UNIT_SCADA,1,"2022/10/20 01:50:00",GSTONE4,0
D,DISPATCH,UNIT_SCADA,1,"2022/10/20 01:50:00",GSTONE5,220.3250
D,DISPATCH,UNIT_SCADA,1,"2022/10/20 01:50:00",GSTONE6,220.149990
D,DISPATCH,UNIT_SCADA,1,"2022/10/20 01:50:00",GULLRSF1,0
D,DISPATCH,UNIT_SCADA,1,"2022/10/20 01:50:00",GULLRWF1,52.6942
D,DISPATCH,UNIT_SCADA,1,"2022/10/20 01:50:00",GULLRWF2,77.518770
D,DISPATCH,UNIT_SCADA,1,"2022/10/20 01:50:00",GUNNING1,0
D,DISPATCH,UNIT_SCADA,1,"2022/10/20 01:50:00",GUTHEGA,67.40
D,DISPATCH,UNIT_SCADA,1,"2022/10/20 01:50:00",HALLWF1,72.06
D,DISPATCH,UNIT_SCADA,1,"2022/10/20 01:50:00",HALLWF2,51.98
D,DISPATCH,UNIT_SCADA,1,"2022/10/20 01:50:00",HAMISF1,0
D,DISPATCH,UNIT_SCADA,1,"2022/10/20 01:50:00",HAUGHT11,0
D,DISPATCH,UNIT_SCADA,1,"2022/10/20 01:50:00",HAYMSF1,0
D,DISPATCH,UNIT_SCADA,1,"2022/10/20 01:50:00",HDWF1,98.20
D,DISPATCH,UNIT_SCADA,1,"2022/10/20 01:50:00",HDWF2,85.60
D,DISPATCH,UNIT_SCADA,1,"2022/10/20 01:50:00",HDWF3,92.10
D,DISPATCH,UNIT_SCADA,1,"2022/10/20 01:50:00",HILLSTN1,0
D,DISPATCH,UNIT_SCADA,1,"2022/10/20 01:50:00",HPRG1,0
D,DISPATCH,UNIT_SCADA,1,"2022/10/20 01:50:00",HPRL1,0.70
D,DISPATCH,UNIT_SCADA,1,"2022/10/20 01:50:00",HUMENSW,54.256810
D,DISPATCH,UNIT_SCADA,1,"2022/10/20 01:50:00",HUMEV,0
D,DISPATCH,UNIT_SCADA,1,"2022/10/20 01:50:00",HVWWBA1G,0
D,DISPATCH,UNIT_SCADA,1,"2022/10/20 01:50:00",HVWWBA1L,0.0070
D,DISPATCH,UNIT_SCADA,1,"2022/10/20 01:50:00",HVWWPV1,0
D,DISPATCH,UNIT_SCADA,1,"2022/10/20 01:50:00",JBUTTERS,0
D,DISPATCH,UNIT_SCADA,1,"2022/10/20 01:50:00",JEMALNG1,0
D,DISPATCH,UNIT_SCADA,1,"2022/10/20 01:50:00",JLA01,0
D,DISPATCH,UNIT_SCADA,1,"2022/10/20 01:50:00",JLA02,0
D,DISPATCH,UNIT_SCADA,1,"2022/10/20 01:50:00",JLA03,0
D,DISPATCH,UNIT_SCADA,1,"2022/10/20 01:50:00",JLA04,0
D,DISPATCH,UNIT_SCADA,1,"2022/10/20 01:50:00",JLB01,0
D,DISPATCH,UNIT_SCADA,1,"2022/10/20 01:50:00",JLB02,0.10
D,DISPATCH,UNIT_SCADA,1,"2022/10/20 01:50:00",JLB03,0
D,DISPATCH,UNIT_SCADA,1,"2022/10/20 01:50:00",JUNEESF1,0
D,DISPATCH,UNIT_SCADA,1,"2022/10/20 01:50:00",KABANWF1,0.9410
D,DISPATCH,UNIT_SCADA,1,"2022/10/20 01:50:00",KAREEYA1,0
D,DISPATCH,UNIT_SCADA,1,"2022/10/20 01:50:00",KAREEYA2,0
D,DISPATCH,UNIT_SCADA,1,"2022/10/20 01:50:00",KAREEYA3,21.36
D,DISPATCH,UNIT_SCADA,1,"2022/10/20 01:50:00",KAREEYA4,0
D,DISPATCH,UNIT_SCADA,1,"2022/10/20 01:50:00",KARSF1,0
D,DISPATCH,UNIT_SCADA,1,"2022/10/20 01:50:00",KEPSF1,0
D,DISPATCH,UNIT_SCADA,1,"2022/10/20 01:50:00",KEPWF1,2.21
D,DISPATCH,UNIT_SCADA,1,"2022/10/20 01:50:00",KIAMSF1,0
D,DISPATCH,UNIT_SCADA,1,"2022/10/20 01:50:00",KIATAWF1,30.90
D,DISPATCH,UNIT_SCADA,1,"2022/10/20 01:50:00",KPP_1,0
D,DISPATCH,UNIT_SCADA,1,"2022/10/20 01:50:00",KSP1,0
D,DISPATCH,UNIT_SCADA,1,"2022/10/20 01:50:00",LADBROK1,0.01
D,DISPATCH,UNIT_SCADA,1,"2022/10/20 01:50:00",LADBROK2,37.83
D,DISPATCH,UNIT_SCADA,1,"2022/10/20 01:50:00",LBBG1,0
D,DISPATCH,UNIT_SCADA,1,"2022/10/20 01:50:00",LBBL1,4.80
D,DISPATCH,UNIT_SCADA,1,"2022/10/20 01:50:00",LD01,317.935730
D,DISPATCH,UNIT_SCADA,1,"2022/10/20 01:50:00",LD02,0
D,DISPATCH,UNIT_SCADA,1,"2022/10/20 01:50:00",LD04,318.686490
D,DISPATCH,UNIT_SCADA,1,"2022/10/20 01:50:00",LEM_WIL,86.730550
D,DISPATCH,UNIT_SCADA,1,"2022/10/20 01:50:00",LGAPWF1,68.89
D,DISPATCH,UNIT_SCADA,1,"2022/10/20 01:50:00",LGAPWF2,31.62
D,DISPATCH,UNIT_SCADA,1,"2022/10/20 01:50:00",LILYSF1,0
D,DISPATCH,UNIT_SCADA,1,"2022/10/20 01:50:00",LIMOSF11,0
D,DISPATCH,UNIT_SCADA,1,"2022/10/20 01:50:00",LIMOSF21,0
D,DISPATCH,UNIT_SCADA,1,"2022/10/20 01:50:00",LI_WY_CA,55.575940
D,DISPATCH,UNIT_SCADA,1,"2022/10/20 01:50:00",LKBONNY1,0
D,DISPATCH,UNIT_SCADA,1,"2022/10/20 01:50:00",LKBONNY2,24.944770
D,DISPATCH,UNIT_SCADA,1,"2022/10/20 01:50:00",LKBONNY3,9.322290
D,DISPATCH,UNIT_SCADA,1,"2022/10/20 01:50:00",LK_ECHO,0
D,DISPATCH,UNIT_SCADA,1,"2022/10/20 01:50:00",LNGS1,0
D,DISPATCH,UNIT_SCADA,1,"2022/10/20 01:50:00",LNGS2,0
D,DISPATCH,UNIT_SCADA,1,"2022/10/20 01:50:00",LONSDALE,0
D,DISPATCH,UNIT_SCADA,1,"2022/10/20 01:50:00",LOYYB1,439.469640
D,DISPATCH,UNIT_SCADA,1,"2022/10/20 01:50:00",LOYYB2,440.597470
D,DISPATCH,UNIT_SCADA,1,"2022/10/20 01:50:00",LYA1,524
D,DISPATCH,UNIT_SCADA,1,"2022/10/20 01:50:00",LYA2,0
D,DISPATCH,UNIT_SCADA,1,"2022/10/20 01:50:00",LYA3,523
D,DISPATCH,UNIT_SCADA,1,"2022/10/20 01:50:00",LYA4,524
D,DISPATCH,UNIT_SCADA,1,"2022/10/20 01:50:00",MACARTH1,34.4992
D,DISPATCH,UNIT_SCADA,1,"2022/10/20 01:50:00",MACKNTSH,0
D,DISPATCH,UNIT_SCADA,1,"2022/10/20 01:50:00",MANSLR1,0
D,DISPATCH,UNIT_SCADA,1,"2022/10/20 01:50:00",MAPS2PV1,0
D,DISPATCH,UNIT_SCADA,1,"2022/10/20 01:50:00",MAPS3PV1,0
D,DISPATCH,UNIT_SCADA,1,"2022/10/20 01:50:00",MARYRSF1,0
D,DISPATCH,UNIT_SCADA,1,"2022/10/20 01:50:00",MBPS2PV1,0
D,DISPATCH,UNIT_SCADA,1,"2022/10/20 01:50:00",MCKAY1,0.02
D,DISPATCH,UNIT_SCADA,1,"2022/10/20 01:50:00",MEADOWBK,19.777360
D,DISPATCH,UNIT_SCADA,1,"2022/10/20 01:50:00",MERCER01,42.30
D,DISPATCH,UNIT_SCADA,1,"2022/10/20 01:50:00",METZSF1,0
D,DISPATCH,UNIT_SCADA,1,"2022/10/20 01:50:00",MEWF1,2
D,DISPATCH,UNIT_SCADA,1,"2022/10/20 01:50:00",MIDDLSF1,0
D,DISPATCH,UNIT_SCADA,1,"2022/10/20 01:50:00",MINTARO,0.128180
D,DISPATCH,UNIT_SCADA,1,"2022/10/20 01:50:00",MOLNGSF1,0
D,DISPATCH,UNIT_SCADA,1,"2022/10/20 01:50:00",MOORAWF1,49.17
D,DISPATCH,UNIT_SCADA,1,"2022/10/20 01:50:00",MOREESF1,0
D,DISPATCH,UNIT_SCADA,1,"2022/10/20 01:50:00",MORTLK11,0
D,DISPATCH,UNIT_SCADA,1,"2022/10/20 01:50:00",MORTLK12,0
D,DISPATCH,UNIT_SCADA,1,"2022/10/20 01:50:00",MOUSF1,0
D,DISPATCH,UNIT_SCADA,1,"2022/10/20 01:50:00",MP1,0
D,DISPATCH,UNIT_SCADA,1,"2022/10/20 01:50:00",MP2,277.750820
D,DISPATCH,UNIT_SCADA,1,"2022/10/20 01:50:00",MPP_1,188.330290
D,DISPATCH,UNIT_SCADA,1,"2022/10/20 01:50:00",MPP_2,0
D,DISPATCH,UNIT_SCADA,1,"2022/10/20 01:50:00",MRTLSWF1,0
D,DISPATCH,UNIT_SCADA,1,"2022/10/20 01:50:00",MSTUART1,0
D,DISPATCH,UNIT_SCADA,1,"2022/10/20 01:50:00",MSTUART2,0
D,DISPATCH,UNIT_SCADA,1,"2022/10/20 01:50:00",MSTUART3,0
D,DISPATCH,UNIT_SCADA,1,"2022/10/20 01:50:00",MTGELWF1,12.128060
D,DISPATCH,UNIT_SCADA,1,"2022/10/20 01:50:00",MTMILLAR,9.60
D,DISPATCH,UNIT_SCADA,1,"2022/10/20 01:50:00",MURRAY,0
D,DISPATCH,UNIT_SCADA,1,"2022/10/20 01:50:00",MUSSELR1,43.10
D,DISPATCH,UNIT_SCADA,1,"2022/10/20 01:50:00",MUWAWF1,184.929990
D,DISPATCH,UNIT_SCADA,1,"2022/10/20 01:50:00",MUWAWF2,184.600010
D,DISPATCH,UNIT_SCADA,1,"2022/10/20 01:50:00",MWPS1PV1,0
D,DISPATCH,UNIT_SCADA,1,"2022/10/20 01:50:00",MWPS2PV1,0
D,DISPATCH,UNIT_SCADA,1,"2022/10/20 01:50:00",MWPS3PV1,0
D,DISPATCH,UNIT_SCADA,1,"2022/10/20 01:50:00",MWPS4PV1,0
D,DISPATCH,UNIT_SCADA,1,"2022/10/20 01:50:00",NBHWF1,113.20
D,DISPATCH,UNIT_SCADA,1,"2022/10/20 01:50:00",NEVERSF1,0
D,DISPATCH,UNIT_SCADA,1,"2022/10/20 01:50:00",NPS,0
D,DISPATCH,UNIT_SCADA,1,"2022/10/20 01:50:00",NUMURSF1,0
D,DISPATCH,UNIT_SCADA,1,"2022/10/20 01:50:00",NYNGAN1,0
D,DISPATCH,UNIT_SCADA,1,"2022/10/20 01:50:00",OAKEY1,0
D,DISPATCH,UNIT_SCADA,1,"2022/10/20 01:50:00",OAKEY1SF,0
D,DISPATCH,UNIT_SCADA,1,"2022/10/20 01:50:00",OAKEY2,0
D,DISPATCH,UNIT_SCADA,1,"2022/10/20 01:50:00",OAKEY2SF,0
D,DISPATCH,UNIT_SCADA,1,"2022/10/20 01:50:00",OAKLAND1,12.50
D,DISPATCH,UNIT_SCADA,1,"2022/10/20 01:50:00",OSB-AG,0
D,DISPATCH,UNIT_SCADA,1,"2022/10/20 01:50:00",PAREPS1,0.0660
D,DISPATCH,UNIT_SCADA,1,"2022/10/20 01:50:00",PAREPW1,21.97
D,DISPATCH,UNIT_SCADA,1,"2022/10/20 01:50:00",PARSF1,0.001530
D,DISPATCH,UNIT_SCADA,1,"2022/10/20 01:50:00",POAT110,0
D,DISPATCH,UNIT_SCADA,1,"2022/10/20 01:50:00",POAT220,0
D,DISPATCH,UNIT_SCADA,1,"2022/10/20 01:50:00",POR01,0
D,DISPATCH,UNIT_SCADA,1,"2022/10/20 01:50:00",POR03,0
D,DISPATCH,UNIT_SCADA,1,"2022/10/20 01:50:00",PPCCGT,124.561540
D,DISPATCH,UNIT_SCADA,1,"2022/10/20 01:50:00",PTSTAN1,0
D,DISPATCH,UNIT_SCADA,1,"2022/10/20 01:50:00",PUMP1,0
D,DISPATCH,UNIT_SCADA,1,"2022/10/20 01:50:00",PUMP2,0
D,DISPATCH,UNIT_SCADA,1,"2022/10/20 01:50:00",QBYNBG1,0
D,DISPATCH,UNIT_SCADA,1,"2022/10/20 01:50:00",QBYNBL1,0.0065
D,DISPATCH,UNIT_SCADA,1,"2022/10/20 01:50:00",QPS1,0
D,DISPATCH,UNIT_SCADA,1,"2022/10/20 01:50:00",QPS2,0
D,DISPATCH,UNIT_SCADA,1,"2022/10/20 01:50:00",QPS3,0
D,DISPATCH,UNIT_SCADA,1,"2022/10/20 01:50:00",QPS4,0
D,DISPATCH,UNIT_SCADA,1,"2022/10/20 01:50:00",QPS5,75.27
D,DISPATCH,UNIT_SCADA,1,"2022/10/20 01:50:00",REECE1,0
D,DISPATCH,UNIT_SCADA,1,"2022/10/20 01:50:00",REECE2,0
D,DISPATCH,UNIT_SCADA,1,"2022/10/20 01:50:00",ROMA_7,0
D,DISPATCH,UNIT_SCADA,1,"2022/10/20 01:50:00",ROMA_8,0
D,DISPATCH,UNIT_SCADA,1,"2022/10/20 01:50:00",RRSF1,0
D,DISPATCH,UNIT_SCADA,1,"2022/10/20 01:50:00",RT_NSW1,0
D,DISPATCH,UNIT_SCADA,1,"2022/10/20 01:50:00",RT_NSW2,0
D,DISPATCH,UNIT_SCADA,1,"2022/10/20 01:50:00",RT_NSW3,0
D,DISPATCH,UNIT_SCADA,1,"2022/10/20 01:50:00",RT_NSW4,0
D,DISPATCH,UNIT_SCADA,1,"2022/10/20 01:50:00",RT_NSW5,0
D,DISPATCH,UNIT_SCADA,1,"2022/10/20 01:50:00",RT_NSW6,0
D,DISPATCH,UNIT_SCADA,1,"2022/10/20 01:50:00",RT_QLD1,0
D,DISPATCH,UNIT_SCADA,1,"2022/10/20 01:50:00",RT_SA1,0
D,DISPATCH,UNIT_SCADA,1,"2022/10/20 01:50:00",RT_SA2,0
D,DISPATCH,UNIT_SCADA,1,"2022/10/20 01:50:00",RT_SA3,0
D,DISPATCH,UNIT_SCADA,1,"2022/10/20 01:50:00",RT_SA4,0
D,DISPATCH,UNIT_SCADA,1,"2022/10/20 01:50:00",RT_SA5,0
D,DISPATCH,UNIT_SCADA,1,"2022/10/20 01:50:00",RT_SA6,0
D,DISPATCH,UNIT_SCADA,1,"2022/10/20 01:50:00",RT_TAS1,0
D,DISPATCH,UNIT_SCADA,1,"2022/10/20 01:50:00",RT_VIC1,0
D,DISPATCH,UNIT_SCADA,1,"2022/10/20 01:50:00",RT_VIC10,0
D,DISPATCH,UNIT_SCADA,1,"2022/10/20 01:50:00",RT_VIC11,0
D,DISPATCH,UNIT_SCADA,1,"2022/10/20 01:50:00",RT_VIC12,0
D,DISPATCH,UNIT_SCADA,1,"2022/10/20 01:50:00",RT_VIC2,0
D,DISPATCH,UNIT_SCADA,1,"2022/10/20 01:50:00",RT_VIC3,0
D,DISPATCH,UNIT_SCADA,1,"2022/10/20 01:50:00",RT_VIC4,0
D,DISPATCH,UNIT_SCADA,1,"2022/10/20 01:50:00",RT_VIC5,0
D,DISPATCH,UNIT_SCADA,1,"2022/10/20 01:50:00",RT_VIC6,0
D,DISPATCH,UNIT_SCADA,1,"2022/10/20 01:50:00",RT_VIC7,0
D,DISPATCH,UNIT_SCADA,1,"2022/10/20 01:50:00",RT_VIC8,0
D,DISPATCH,UNIT_SCADA,1,"2022/10/20 01:50:00",RT_VIC9,0
D,DISPATCH,UNIT_SCADA,1,"2022/10/20 01:50:00",RUGBYR1,0
D,DISPATCH,UNIT_SCADA,1,"2022/10/20 01:50:00",SALTCRK1,11.18
D,DISPATCH,UNIT_SCADA,1,"2022/10/20 01:50:00",SAPHWF1,197.679110
D,DISPATCH,UNIT_SCADA,1,"2022/10/20 01:50:00",SEBSF1,0
D,DISPATCH,UNIT_SCADA,1,"2022/10/20 01:50:00",SHGEN,0
D,DISPATCH,UNIT_SCADA,1,"2022/10/20 01:50:00",SHPUMP,0
D,DISPATCH,UNIT_SCADA,1,"2022/10/20 01:50:00",SITHE01,0.083520
D,DISPATCH,UNIT_SCADA,1,"2022/10/20 01:50:00",SMCSF1,0
D,DISPATCH,UNIT_SCADA,1,"2022/10/20 01:50:00",SNAPPER1,0
D,DISPATCH,UNIT_SCADA,1,"2022/10/20 01:50:00",SNOWNTH1,125.40
D,DISPATCH,UNIT_SCADA,1,"2022/10/20 01:50:00",SNOWSTH1,110.40
D,DISPATCH,UNIT_SCADA,1,"2022/10/20 01:50:00",SNOWTWN1,88.090820
D,DISPATCH,UNIT_SCADA,1,"2022/10/20 01:50:00",SNOWYP,0
D,DISPATCH,UNIT_SCADA,1,"2022/10/20 01:50:00",SNUG1,0
D,DISPATCH,UNIT_SCADA,1,"2022/10/20 01:50:00",SRSF1,0
D,DISPATCH,UNIT_SCADA,1,"2022/10/20 01:50:00",STAN-1,280.068940
D,DISPATCH,UNIT_SCADA,1,"2022/10/20 01:50:00",STAN-2,364.448520
D,DISPATCH,UNIT_SCADA,1,"2022/10/20 01:50:00",STAN-3,364.179320
D,DISPATCH,UNIT_SCADA,1,"2022/10/20 01:50:00",STAN-4,365.179140
D,DISPATCH,UNIT_SCADA,1,"2022/10/20 01:50:00",STARHLWF,0.199940
D,DISPATCH,UNIT_SCADA,1,"2022/10/20 01:50:00",STOCKYD1,255.490010
D,DISPATCH,UNIT_SCADA,1,"2022/10/20 01:50:00",STWF1,110.3978
D,DISPATCH,UNIT_SCADA,1,"2022/10/20 01:50:00",SUNRSF1,0
D,DISPATCH,UNIT_SCADA,1,"2022/10/20 01:50:00",SUNTPSF1,0
D,DISPATCH,UNIT_SCADA,1,"2022/10/20 01:50:00",SWAN_E,243.454990
D,DISPATCH,UNIT_SCADA,1,"2022/10/20 01:50:00",TALWA1,0
D,DISPATCH,UNIT_SCADA,1,"2022/10/20 01:50:00",TARALGA1,0
D,DISPATCH,UNIT_SCADA,1,"2022/10/20 01:50:00",TARONG#1,279.300020
D,DISPATCH,UNIT_SCADA,1,"2022/10/20 01:50:00",TARONG#2,280.600010
D,DISPATCH,UNIT_SCADA,1,"2022/10/20 01:50:00",TARONG#3,0.90
D,DISPATCH,UNIT_SCADA,1,"2022/10/20 01:50:00",TARONG#4,189.400010
D,DISPATCH,UNIT_SCADA,1,"2022/10/20 01:50:00",TARRALEA,54
D,DISPATCH,UNIT_SCADA,1,"2022/10/20 01:50:00",TBSF1,0
D,DISPATCH,UNIT_SCADA,1,"2022/10/20 01:50:00",TNPS1,298.9375
D,DISPATCH,UNIT_SCADA,1,"2022/10/20 01:50:00",TORRB1,0
D,DISPATCH,UNIT_SCADA,1,"2022/10/20 01:50:00",TORRB2,40
D,DISPATCH,UNIT_SCADA,1,"2022/10/20 01:50:00",TORRB3,0
D,DISPATCH,UNIT_SCADA,1,"2022/10/20 01:50:00",TORRB4,0
D,DISPATCH,UNIT_SCADA,1,"2022/10/20 01:50:00",TREVALLN,99.807270
D,DISPATCH,UNIT_SCADA,1,"2022/10/20 01:50:00",TRIBUTE,0
D,DISPATCH,UNIT_SCADA,1,"2022/10/20 01:50:00",TUMUT3,0
D,DISPATCH,UNIT_SCADA,1,"2022/10/20 01:50:00",TUNGATIN,2.900020
D,DISPATCH,UNIT_SCADA,1,"2022/10/20 01:50:00",TVCC201,0
D,DISPATCH,UNIT_SCADA,1,"2022/10/20 01:50:00",TVPP104,0
D,DISPATCH,UNIT_SCADA,1,"2022/10/20 01:50:00",UPPTUMUT,0
D,DISPATCH,UNIT_SCADA,1,"2022/10/20 01:50:00",URANQ11,0
D,DISPATCH,UNIT_SCADA,1,"2022/10/20 01:50:00",URANQ12,0
D,DISPATCH,UNIT_SCADA,1,"2022/10/20 01:50:00",URANQ13,0
D,DISPATCH,UNIT_SCADA,1,"2022/10/20 01:50:00",URANQ14,0
D,DISPATCH,UNIT_SCADA,1,"2022/10/20 01:50:00",VBBG1,0
D,DISPATCH,UNIT_SCADA,1,"2022/10/20 01:50:00",VBBL1,109.40
D,DISPATCH,UNIT_SCADA,1,"2022/10/20 01:50:00",VP5,565.593440
D,DISPATCH,UNIT_SCADA,1,"2022/10/20 01:50:00",VP6,576.335940
D,DISPATCH,UNIT_SCADA,1,"2022/10/20 01:50:00",VPGS1,0
D,DISPATCH,UNIT_SCADA,1,"2022/10/20 01:50:00",VPGS2,0
D,DISPATCH,UNIT_SCADA,1,"2022/10/20 01:50:00",VPGS3,0
D,DISPATCH,UNIT_SCADA,1,"2022/10/20 01:50:00",VPGS4,0
D,DISPATCH,UNIT_SCADA,1,"2022/10/20 01:50:00",VPGS5,0
D,DISPATCH,UNIT_SCADA,1,"2022/10/20 01:50:00",VPGS6,0
D,DISPATCH,UNIT_SCADA,1,"2022/10/20 01:50:00",W/HOE#1,0
D,DISPATCH,UNIT_SCADA,1,"2022/10/20 01:50:00",W/HOE#2,0
D,DISPATCH,UNIT_SCADA,1,"2022/10/20 01:50:00",WAGGNSF1,0
D,DISPATCH,UNIT_SCADA,1,"2022/10/20 01:50:00",WALGRVG1,0.000930
D,DISPATCH,UNIT_SCADA,1,"2022/10/20 01:50:00",WALGRVL1,0
D,DISPATCH,UNIT_SCADA,1,"2022/10/20 01:50:00",WANDBG1,0
D,DISPATCH,UNIT_SCADA,1,"2022/10/20 01:50:00",WANDBL1,0
D,DISPATCH,UNIT_SCADA,1,"2022/10/20 01:50:00",WARWSF1,0
D,DISPATCH,UNIT_SCADA,1,"2022/10/20 01:50:00",WARWSF2,0
D,DISPATCH,UNIT_SCADA,1,"2022/10/20 01:50:00",WATERLWF,71.10
D,DISPATCH,UNIT_SCADA,1,"2022/10/20 01:50:00",WDGPH1,0
D,DISPATCH,UNIT_SCADA,1,"2022/10/20 01:50:00",WELLSF1,0
D,DISPATCH,UNIT_SCADA,1,"2022/10/20 01:50:00",WEMENSF1,0
D,DISPATCH,UNIT_SCADA,1,"2022/10/20 01:50:00",WGWF1,112.40
D,DISPATCH,UNIT_SCADA,1,"2022/10/20 01:50:00",WHITSF1,0
D,DISPATCH,UNIT_SCADA,1,"2022/10/20 01:50:00",WINTSF1,0
D,DISPATCH,UNIT_SCADA,1,"2022/10/20 01:50:00",WKIEWA1,33.80
D,DISPATCH,UNIT_SCADA,1,"2022/10/20 01:50:00",WKIEWA2,34
D,DISPATCH,UNIT_SCADA,1,"2022/10/20 01:50:00",WOODLWN1,10.911790
D,DISPATCH,UNIT_SCADA,1,"2022/10/20 01:50:00",WOOLGSF1,0
D,DISPATCH,UNIT_SCADA,1,"2022/10/20 01:50:00",WPWF,73.43
D,DISPATCH,UNIT_SCADA,1,"2022/10/20 01:50:00",WRSF1,0
D,DISPATCH,UNIT_SCADA,1,"2022/10/20 01:50:00",WRWF1,63.306020
D,DISPATCH,UNIT_SCADA,1,"2022/10/20 01:50:00",WSTWYSF1,0
D,DISPATCH,UNIT_SCADA,1,"2022/10/20 01:50:00",YABULU,0
D,DISPATCH,UNIT_SCADA,1,"2022/10/20 01:50:00",YABULU2,0
D,DISPATCH,UNIT_SCADA,1,"2022/10/20 01:50:00",YARANSF1,0
D,DISPATCH,UNIT_SCADA,1,"2022/10/20 01:50:00",YARWUN_1,140.36
D,DISPATCH,UNIT_SCADA,1,"2022/10/20 01:50:00",YATSF1,0
D,DISPATCH,UNIT_SCADA,1,"2022/10/20 01:50:00",YENDWF1,38.83
D,DISPATCH,UNIT_SCADA,1,"2022/10/20 01:50:00",YWPS1,362.906340
D,DISPATCH,UNIT_SCADA,1,"2022/10/20 01:50:00",YWPS2,360.149350
D,DISPATCH,UNIT_SCADA,1,"2022/10/20 01:50:00",YWPS3,358.824040
D,DISPATCH,UNIT_SCADA,1,"2022/10/20 01:50:00",YWPS4,0
C,"END OF REPORT",419
