C,NEMP.WORLD,DISPATCHSCADA,AEMO,PUBLIC,2022/10/20,07:10:09,0000000373236687,DISPATCHSCADA,0000000373236681
I,DISPATCH,UNIT_SCADA,1,SETTLEMENTDATE,DUID,SCADAVALUE
D,DISPATCH,UNIT_SCADA,1,"2022/10/20 07:15:00",BARCSF1,9.50
D,DISPATCH,UNIT_SCADA,1,"2022/10/20 07:15:00",BUTLERSG,8.699999
D,DISPATCH,UNIT_SCADA,1,"2022/10/20 07:15:00",CAPTL_WF,59.176682
D,DISPATCH,UNIT_SCADA,1,"2022/10/20 07:15:00",CHALLHWF,15
D,DISPATCH,UNIT_SCADA,1,"2022/10/20 07:15:00",CLOVER,13.23
D,DISPATCH,UNIT_SCADA,1,"2022/10/20 07:15:00",CLUNY,6.172122
D,DISPATCH,UNIT_SCADA,1,"2022/10/20 07:15:00",CULLRGWF,-0.04
D,DISPATCH,UNIT_SCADA,1,"2022/10/20 07:15:00",DIAPURWF1,7.30
D,DISPATCH,UNIT_SCADA,1,"2022/10/20 07:15:00",ERGT01,0
D,DISPATCH,UNIT_SCADA,1,"2022/10/20 07:15:00",GB01,0
D,DISPATCH,UNIT_SCADA,1,"2022/10/20 07:15:00",GERMCRK,23
D,DISPATCH,UNIT_SCADA,1,"2022/10/20 07:15:00",GRIFSF1,3.599603
D,DISPATCH,UNIT_SCADA,1,"2022/10/20 07:15:00",HEZ1,0
D,DISPATCH,UNIT_SCADA,1,"2022/10/20 07:15:00",HUGSF1,0.3290
D,DISPATCH,UNIT_SCADA,1,"2022/10/20 07:15:00",KEPBG1,0.01
D,DISPATCH,UNIT_SCADA,1,"2022/10/20 07:15:00",LRSF1,8.68
D,DISPATCH,UNIT_SCADA,1,"2022/10/20 07:15:00",MBAHNTH,45.262497
D,DISPATCH,UNIT_SCADA,1,"2022/10/20 07:15:00",MLSP1,3.833001
D,DISPATCH,UNIT_SCADA,1,"2022/10/20 07:15:00",MLWF1,3.15
D,DISPATCH,UNIT_SCADA,1,"2022/10/20 07:15:00",PALOONA,30
D,DISPATCH,UNIT_SCADA,1,"2022/10/20 07:15:00",PIONEER,31.10
D,DISPATCH,UNIT_SCADA,1,"2022/10/20 07:15:00",PORTWF,46.799999
D,DISPATCH,UNIT_SCADA,1,"2022/10/20 07:15:00",REPULSE,9.403830
D,DISPATCH,UNIT_SCADA,1,"2022/10/20 07:15:00",ROWALLAN,8.9531
D,DISPATCH,UNIT_SCADA,1,"2022/10/20 07:15:00",ROYALLA1,5.856003
D,DISPATCH,UNIT_SCADA,1,"2022/10/20 07:15:00",RPCG,-1.20
D,DISPATCH,UNIT_SCADA,1,"2022/10/20 07:15:00",RUBICON,0
D,DISPATCH,UNIT_SCADA,1,"2022/10/20 07:15:00",WAUBRAWF,62.2920
D,DISPATCH,UNIT_SCADA,1,"2022/10/20 07:15:00",WOOLNTH1,22.279999
D,DISPATCH,UNIT_SCADA,1,"2022/10/20 07:15:00",YAMBUKWF,6.20
D,DISPATCH,UNIT_SCADA,1,"2022/10/20 07:15:00",YSWF1,0.40
D,DISPATCH,UNIT_SCADA,1,"2022/10/20 07:15:00",ADPBA1G,0.0080
D,DISPATCH,UNIT_SCADA,1,"2022/10/20 07:15:00",ADPBA1L,0
D,DISPATCH,UNIT_SCADA,1,"2022/10/20 07:15:00",ADPPV1,4.0570
D,DISPATCH,UNIT_SCADA,1,"2022/10/20 07:15:00",AGLHAL,0
D,DISPATCH,UNIT_SCADA,1,"2022/10/20 07:15:00",AGLSOM,0
D,DISPATCH,UNIT_SCADA,1,"2022/10/20 07:15:00",ANGAST1,0
D,DISPATCH,UNIT_SCADA,1,"2022/10/20 07:15:00",ARWF1,9.50
D,DISPATCH,UNIT_SCADA,1,"2022/10/20 07:15:00",BALBG1,0
D,DISPATCH,UNIT_SCADA,1,"2022/10/20 07:15:00",BALBL1,2.63
D,DISPATCH,UNIT_SCADA,1,"2022/10/20 07:15:00",BALDHWF1,0.0390
D,DISPATCH,UNIT_SCADA,1,"2022/10/20 07:15:00",BANGOWF1,34.299840
D,DISPATCH,UNIT_SCADA,1,"2022/10/20 07:15:00",BANGOWF2,49.399480
D,DISPATCH,UNIT_SCADA,1,"2022/10/20 07:15:00",BANN1,7.18
D,DISPATCH,UNIT_SCADA,1,"2022/10/20 07:15:00",BARCALDN,0
D,DISPATCH,UNIT_SCADA,1,"2022/10/20 07:15:00",BARKIPS1,0
D,DISPATCH,UNIT_SCADA,1,"2022/10/20 07:15:00",BARRON-1,28.04
D,DISPATCH,UNIT_SCADA,1,"2022/10/20 07:15:00",BARRON-2,0
D,DISPATCH,UNIT_SCADA,1,"2022/10/20 07:15:00",BASTYAN,49.970010
D,DISPATCH,UNIT_SCADA,1,"2022/10/20 07:15:00",BBTHREE1,0
D,DISPATCH,UNIT_SCADA,1,"2022/10/20 07:15:00",BBTHREE2,0
D,DISPATCH,UNIT_SCADA,1,"2022/10/20 07:15:00",BBTHREE3,-1.06
D,DISPATCH,UNIT_SCADA,1,"2022/10/20 07:15:00",BDL01,0
D,DISPATCH,UNIT_SCADA,1,"2022/10/20 07:15:00",BDL02,0
D,DISPATCH,UNIT_SCADA,1,"2022/10/20 07:15:00",BERYLSF1,4.682220
D,DISPATCH,UNIT_SCADA,1,"2022/10/20 07:15:00",BLOWERNG,62.40
D,DISPATCH,UNIT_SCADA,1,"2022/10/20 07:15:00",BLUEGSF1,4.330750
D,DISPATCH,UNIT_SCADA,1,"2022/10/20 07:15:00",BLUFF1,0
D,DISPATCH,UNIT_SCADA,1,"2022/10/20 07:15:00",BNGSF1,10.80
D,DISPATCH,UNIT_SCADA,1,"2022/10/20 07:15:00",BNGSF2,12.09
D,DISPATCH,UNIT_SCADA,1,"2022/10/20 07:15:00",BOCORWF1,0
D,DISPATCH,UNIT_SCADA,1,"2022/10/20 07:15:00",BODWF1,104.640690
D,DISPATCH,UNIT_SCADA,1,"2022/10/20 07:15:00",BOMENSF1,10.651410
D,DISPATCH,UNIT_SCADA,1,"2022/10/20 07:15:00",BOWWBA1G,0
D,DISPATCH,UNIT_SCADA,1,"2022/10/20 07:15:00",BOWWBA1L,0.0010
D,DISPATCH,UNIT_SCADA,1,"2022/10/20 07:15:00",BOWWPV1,0.0010
D,DISPATCH,UNIT_SCADA,1,"2022/10/20 07:15:00",BRAEMAR1,0
D,DISPATCH,UNIT_SCADA,1,"2022/10/20 07:15:00",BRAEMAR2,0
D,DISPATCH,UNIT_SCADA,1,"2022/10/20 07:15:00",BRAEMAR3,0
D,DISPATCH,UNIT_SCADA,1,"2022/10/20 07:15:00",BRAEMAR5,0.292060
D,DISPATCH,UNIT_SCADA,1,"2022/10/20 07:15:00",BRAEMAR6,0
D,DISPATCH,UNIT_SCADA,1,"2022/10/20 07:15:00",BRAEMAR7,0.130920
D,DISPATCH,UNIT_SCADA,1,"2022/10/20 07:15:00",BROKENH1,2.499960
D,DISPATCH,UNIT_SCADA,1,"2022/10/20 07:15:00",BRYB1WF1,122.618450
D,DISPATCH,UNIT_SCADA,1,"2022/10/20 07:15:00",BULBESG1,19.87
D,DISPATCH,UNIT_SCADA,1,"2022/10/20 07:15:00",BULBESL1,0
D,DISPATCH,UNIT_SCADA,1,"2022/10/20 07:15:00",BULGANA1,39.33
D,DISPATCH,UNIT_SCADA,1,"2022/10/20 07:15:00",BW01,656.101320
D,DISPATCH,UNIT_SCADA,1,"2022/10/20 07:15:00",BW02,615.524540
D,DISPATCH,UNIT_SCADA,1,"2022/10/20 07:15:00",BW03,545.748050
D,DISPATCH,UNIT_SCADA,1,"2022/10/20 07:15:00",BW04,0
D,DISPATCH,UNIT_SCADA,1,"2022/10/20 07:15:00",CALL_B_1,318.50
D,DISPATCH,UNIT_SCADA,1,"2022/10/20 07:15:00",CALL_B_2,318.399990
D,DISPATCH,UNIT_SCADA,1,"2022/10/20 07:15:00",CATHROCK,4.30
D,DISPATCH,UNIT_SCADA,1,"2022/10/20 07:15:00",CBWWBA1G,0
D,DISPATCH,UNIT_SCADA,1,"2022/10/20 07:15:00",CBWWBA1L,0
D,DISPATCH,UNIT_SCADA,1,"2022/10/20 07:15:00",CETHANA,97.645620
D,DISPATCH,UNIT_SCADA,1,"2022/10/20 07:15:00",CG1,0
D,DISPATCH,UNIT_SCADA,1,"2022/10/20 07:15:00",CG2,0
D,DISPATCH,UNIT_SCADA,1,"2022/10/20 07:15:00",CG3,0
D,DISPATCH,UNIT_SCADA,1,"2022/10/20 07:15:00",CG4,0
D,DISPATCH,UNIT_SCADA,1,"2022/10/20 07:15:00",CHILDSF1,3.21
D,DISPATCH,UNIT_SCADA,1,"2022/10/20 07:15:00",CHYTWF1,2.19
D,DISPATCH,UNIT_SCADA,1,"2022/10/20 07:15:00",CLARESF1,9.694210
D,DISPATCH,UNIT_SCADA,1,"2022/10/20 07:15:00",CLEMGPWF,6.122970
D,DISPATCH,UNIT_SCADA,1,"2022/10/20 07:15:00",CLERMSF1,4.24
D,DISPATCH,UNIT_SCADA,1,"2022/10/20 07:15:00",CNUNDAWF,9.611210
D,DISPATCH,UNIT_SCADA,1,"2022/10/20 07:15:00",COHUNSF1,2
D,DISPATCH,UNIT_SCADA,1,"2022/10/20 07:15:00",COLEASF1,24.798580
D,DISPATCH,UNIT_SCADA,1,"2022/10/20 07:15:00",COLUMSF1,13.2090
D,DISPATCH,UNIT_SCADA,1,"2022/10/20 07:15:00",COLWF01,93.5027
D,DISPATCH,UNIT_SCADA,1,"2022/10/20 07:15:00",COOPGWF1,342.44
D,DISPATCH,UNIT_SCADA,1,"2022/10/20 07:15:00",CPP_3,358.325010
D,DISPATCH,UNIT_SCADA,1,"2022/10/20 07:15:00",CPP_4,0
D,DISPATCH,UNIT_SCADA,1,"2022/10/20 07:15:00",CPSA,0
D,DISPATCH,UNIT_SCADA,1,"2022/10/20 07:15:00",CROOKWF2,30.004730
D,DISPATCH,UNIT_SCADA,1,"2022/10/20 07:15:00",CROWLWF1,42.244090
D,DISPATCH,UNIT_SCADA,1,"2022/10/20 07:15:00",CRURWF1,73.299840
D,DISPATCH,UNIT_SCADA,1,"2022/10/20 07:15:00",CRWASF1,23.109630
D,DISPATCH,UNIT_SCADA,1,"2022/10/20 07:15:00",CSPVPS1,3.22
D,DISPATCH,UNIT_SCADA,1,"2022/10/20 07:15:00",CTHLWF1,0.003050
D,DISPATCH,UNIT_SCADA,1,"2022/10/20 07:15:00",DALNTH01,0
D,DISPATCH,UNIT_SCADA,1,"2022/10/20 07:15:00",DALNTHL1,0.099180
D,DISPATCH,UNIT_SCADA,1,"2022/10/20 07:15:00",DARLSF1,31.5512
D,DISPATCH,UNIT_SCADA,1,"2022/10/20 07:15:00",DARTM1,0
D,DISPATCH,UNIT_SCADA,1,"2022/10/20 07:15:00",DAYDSF1,10.8440
D,DISPATCH,UNIT_SCADA,1,"2022/10/20 07:15:00",DDPS1,0
D,DISPATCH,UNIT_SCADA,1,"2022/10/20 07:15:00",DDSF1,4.498180
D,DISPATCH,UNIT_SCADA,1,"2022/10/20 07:15:00",DEVILS_G,57.8338
D,DISPATCH,UNIT_SCADA,1,"2022/10/20 07:15:00",DG_NSW1,0
D,DISPATCH,UNIT_SCADA,1,"2022/10/20 07:15:00",DG_QLD1,0
D,DISPATCH,UNIT_SCADA,1,"2022/10/20 07:15:00",DG_SA1,0
D,DISPATCH,UNIT_SCADA,1,"2022/10/20 07:15:00",DG_TAS1,0
D,DISPATCH,UNIT_SCADA,1,"2022/10/20 07:15:00",DG_VIC1,0
D,DISPATCH,UNIT_SCADA,1,"2022/10/20 07:15:00",DRYCGT1,0
D,DISPATCH,UNIT_SCADA,1,"2022/10/20 07:15:00",DRYCGT2,0
D,DISPATCH,UNIT_SCADA,1,"2022/10/20 07:15:00",DRYCGT3,0
D,DISPATCH,UNIT_SCADA,1,"2022/10/20 07:15:00",DUNDWF1,50.12
D,DISPATCH,UNIT_SCADA,1,"2022/10/20 07:15:00",DUNDWF2,18.16
D,DISPATCH,UNIT_SCADA,1,"2022/10/20 07:15:00",DUNDWF3,63.91
D,DISPATCH,UNIT_SCADA,1,"2022/10/20 07:15:00",EILDON1,59.92
D,DISPATCH,UNIT_SCADA,1,"2022/10/20 07:15:00",EILDON2,59.92
D,DISPATCH,UNIT_SCADA,1,"2022/10/20 07:15:00",ELAINWF1,17.16
D,DISPATCH,UNIT_SCADA,1,"2022/10/20 07:15:00",EMERASF1,0
D,DISPATCH,UNIT_SCADA,1,"2022/10/20 07:15:00",ER01,0
D,DISPATCH,UNIT_SCADA,1,"2022/10/20 07:15:00",ER02,667.991150
D,DISPATCH,UNIT_SCADA,1,"2022/10/20 07:15:00",ER03,676.536190
D,DISPATCH,UNIT_SCADA,1,"2022/10/20 07:15:00",ER04,678.1720
D,DISPATCH,UNIT_SCADA,1,"2022/10/20 07:15:00",FINLYSF1,104.155030
D,DISPATCH,UNIT_SCADA,1,"2022/10/20 07:15:00",FISHER,45.85
D,DISPATCH,UNIT_SCADA,1,"2022/10/20 07:15:00",GANGARR1,3.81
D,DISPATCH,UNIT_SCADA,1,"2022/10/20 07:15:00",GANNBG1,9.508610
D,DISPATCH,UNIT_SCADA,1,"2022/10/20 07:15:00",GANNBL1,0
D,DISPATCH,UNIT_SCADA,1,"2022/10/20 07:15:00",GANNSF1,13.60
D,DISPATCH,UNIT_SCADA,1,"2022/10/20 07:15:00",GLRWNSF1,73.24
D,DISPATCH,UNIT_SCADA,1,"2022/10/20 07:15:00",GNNDHSF1,7.314030
D,DISPATCH,UNIT_SCADA,1,"2022/10/20 07:15:00",GOONSF1,7.747920
D,DISPATCH,UNIT_SCADA,1,"2022/10/20 07:15:00",GORDON,242.051040
D,DISPATCH,UNIT_SCADA,1,"2022/10/20 07:15:00",GRANWF1,15.77
D,DISPATCH,UNIT_SCADA,1,"2022/10/20 07:15:00",GSTONE1,203.70
D,DISPATCH,UNIT_SCADA,1,"2022/10/20 07:15:00",GSTONE2,0
D,DISPATCH,UNIT_SCADA,1,"2022/10/20 07:15:00",GSTONE3,203.349990
D,DISPATCH,UNIT_SCADA,1,"2022/10/20 07:15:00",GSTONE4,0
D,DISPATCH,UNIT_SCADA,1,"2022/10/20 07:15:00",GSTONE5,204.05
D,DISPATCH,UNIT_SCADA,1,"2022/10/20 07:15:00",GSTONE6,204.399990
D,DISPATCH,UNIT_SCADA,1,"2022/10/20 07:15:00",GULLRSF1,0.474990
D,DISPATCH,UNIT_SCADA,1,"2022/10/20 07:15:00",GULLRWF1,71.193920
D,DISPATCH,UNIT_SCADA,1,"2022/10/20 07:15:00",GULLRWF2,96.638190
D,DISPATCH,UNIT_SCADA,1,"2022/10/20 07:15:00",GUNNING1,0
D,DISPATCH,UNIT_SCADA,1,"2022/10/20 07:15:00",GUTHEGA,67.100010
D,DISPATCH,UNIT_SCADA,1,"2022/10/20 07:15:00",HALLWF1,42.43
D,DISPATCH,UNIT_SCADA,1,"2022/10/20 07:15:00",HALLWF2,56.90
D,DISPATCH,UNIT_SCADA,1,"2022/10/20 07:15:00",HAMISF1,2.70
D,DISPATCH,UNIT_SCADA,1,"2022/10/20 07:15:00",HAUGHT11,11.984380
D,DISPATCH,UNIT_SCADA,1,"2022/10/20 07:15:00",HAYMSF1,2.9440
D,DISPATCH,UNIT_SCADA,1,"2022/10/20 07:15:00",HDWF1,30.90
D,DISPATCH,UNIT_SCADA,1,"2022/10/20 07:15:00",HDWF2,10.60
D,DISPATCH,UNIT_SCADA,1,"2022/10/20 07:15:00",HDWF3,16.90
D,DISPATCH,UNIT_SCADA,1,"2022/10/20 07:15:00",HILLSTN1,7.241980
D,DISPATCH,UNIT_SCADA,1,"2022/10/20 07:15:00",HPRG1,0
D,DISPATCH,UNIT_SCADA,1,"2022/10/20 07:15:00",HPRL1,5.10
D,DISPATCH,UNIT_SCADA,1,"2022/10/20 07:15:00",HUMENSW,54.844370
D,DISPATCH,UNIT_SCADA,1,"2022/10/20 07:15:00",HUMEV,0
D,DISPATCH,UNIT_SCADA,1,"2022/10/20 07:15:00",HVWWBA1G,0
D,DISPATCH,UNIT_SCADA,1,"2022/10/20 07:15:00",HVWWBA1L,0.0060
D,DISPATCH,UNIT_SCADA,1,"2022/10/20 07:15:00",HVWWPV1,2.5570
D,DISPATCH,UNIT_SCADA,1,"2022/10/20 07:15:00",JBUTTERS,0
D,DISPATCH,UNIT_SCADA,1,"2022/10/20 07:15:00",JEMALNG1,2.28
D,DISPATCH,UNIT_SCADA,1,"2022/10/20 07:15:00",JLA01,0
D,DISPATCH,UNIT_SCADA,1,"2022/10/20 07:15:00",JLA02,0
D,DISPATCH,UNIT_SCADA,1,"2022/10/20 07:15:00",JLA03,0
D,DISPATCH,UNIT_SCADA,1,"2022/10/20 07:15:00",JLA04,0
D,DISPATCH,UNIT_SCADA,1,"2022/10/20 07:15:00",JLB01,0
D,DISPATCH,UNIT_SCADA,1,"2022/10/20 07:15:00",JLB02,0.10
D,DISPATCH,UNIT_SCADA,1,"2022/10/20 07:15:00",JLB03,0
D,DISPATCH,UNIT_SCADA,1,"2022/10/20 07:15:00",JUNEESF1,4.284670
D,DISPATCH,UNIT_SCADA,1,"2022/10/20 07:15:00",KABANWF1,1.1910
D,DISPATCH,UNIT_SCADA,1,"2022/10/20 07:15:00",KAREEYA1,17.8825
D,DISPATCH,UNIT_SCADA,1,"2022/10/20 07:15:00",KAREEYA2,0
D,DISPATCH,UNIT_SCADA,1,"2022/10/20 07:15:00",KAREEYA3,21.4025
D,DISPATCH,UNIT_SCADA,1,"2022/10/20 07:15:00",KAREEYA4,0
D,DISPATCH,UNIT_SCADA,1,"2022/10/20 07:15:00",KARSF1,36.10
D,DISPATCH,UNIT_SCADA,1,"2022/10/20 07:15:00",KEPSF1,1
D,DISPATCH,UNIT_SCADA,1,"2022/10/20 07:15:00",KEPWF1,0
D,DISPATCH,UNIT_SCADA,1,"2022/10/20 07:15:00",KIAMSF1,4.818040
D,DISPATCH,UNIT_SCADA,1,"2022/10/20 07:15:00",KIATAWF1,29.90
D,DISPATCH,UNIT_SCADA,1,"2022/10/20 07:15:00",KPP_1,0
D,DISPATCH,UNIT_SCADA,1,"2022/10/20 07:15:00",KSP1,15.98
D,DISPATCH,UNIT_SCADA,1,"2022/10/20 07:15:00",LADBROK1,0.01
D,DISPATCH,UNIT_SCADA,1,"2022/10/20 07:15:00",LADBROK2,37.80
D,DISPATCH,UNIT_SCADA,1,"2022/10/20 07:15:00",LBBG1,17.40
D,DISPATCH,UNIT_SCADA,1,"2022/10/20 07:15:00",LBBL1,0
D,DISPATCH,UNIT_SCADA,1,"2022/10/20 07:15:00",LD01,318.741420
D,DISPATCH,UNIT_SCADA,1,"2022/10/20 07:15:00",LD02,0
D,DISPATCH,UNIT_SCADA,1,"2022/10/20 07:15:00",LD04,317.294830
D,DISPATCH,UNIT_SCADA,1,"2022/10/20 07:15:00",LEM_WIL,86.872630
D,DISPATCH,UNIT_SCADA,1,"2022/10/20 07:15:00",LGAPWF1,73.21
D,DISPATCH,UNIT_SCADA,1,"2022/10/20 07:15:00",LGAPWF2,54.31
D,DISPATCH,UNIT_SCADA,1,"2022/10/20 07:15:00",LILYSF1,27.000830
D,DISPATCH,UNIT_SCADA,1,"2022/10/20 07:15:00",LIMOSF11,21.466240
D,DISPATCH,UNIT_SCADA,1,"2022/10/20 07:15:00",LIMOSF21,3.289630
D,DISPATCH,UNIT_SCADA,1,"2022/10/20 07:15:00",LI_WY_CA,76.482020
D,DISPATCH,UNIT_SCADA,1,"2022/10/20 07:15:00",LKBONNY1,0
D,DISPATCH,UNIT_SCADA,1,"2022/10/20 07:15:00",LKBONNY2,22.449630
D,DISPATCH,UNIT_SCADA,1,"2022/10/20 07:15:00",LKBONNY3,9.824690
D,DISPATCH,UNIT_SCADA,1,"2022/10/20 07:15:00",LK_ECHO,0
D,DISPATCH,UNIT_SCADA,1,"2022/10/20 07:15:00",LNGS1,0
D,DISPATCH,UNIT_SCADA,1,"2022/10/20 07:15:00",LNGS2,0
D,DISPATCH,UNIT_SCADA,1,"2022/10/20 07:15:00",LONSDALE,0
D,DISPATCH,UNIT_SCADA,1,"2022/10/20 07:15:00",LOYYB1,578.570860
D,DISPATCH,UNIT_SCADA,1,"2022/10/20 07:15:00",LOYYB2,573.307620
D,DISPATCH,UNIT_SCADA,1,"2022/10/20 07:15:00",LYA1,554
D,DISPATCH,UNIT_SCADA,1,"2022/10/20 07:15:00",LYA2,0
D,DISPATCH,UNIT_SCADA,1,"2022/10/20 07:15:00",LYA3,551
D,DISPATCH,UNIT_SCADA,1,"2022/10/20 07:15:00",LYA4,551
D,DISPATCH,UNIT_SCADA,1,"2022/10/20 07:15:00",MACARTH1,7.899820
D,DISPATCH,UNIT_SCADA,1,"2022/10/20 07:15:00",MACKNTSH,0
D,DISPATCH,UNIT_SCADA,1,"2022/10/20 07:15:00",MANSLR1,0.5970
D,DISPATCH,UNIT_SCADA,1,"2022/10/20 07:15:00",MAPS2PV1,0
D,DISPATCH,UNIT_SCADA,1,"2022/10/20 07:15:00",MAPS3PV1,0
D,DISPATCH,UNIT_SCADA,1,"2022/10/20 07:15:00",MARYRSF1,6.41
D,DISPATCH,UNIT_SCADA,1,"2022/10/20 07:15:00",MBPS2PV1,0
D,DISPATCH,UNIT_SCADA,1,"2022/10/20 07:15:00",MCKAY1,238.52
D,DISPATCH,UNIT_SCADA,1,"2022/10/20 07:15:00",MEADOWBK,19.920260
D,DISPATCH,UNIT_SCADA,1,"2022/10/20 07:15:00",MERCER01,19.50
D,DISPATCH,UNIT_SCADA,1,"2022/10/20 07:15:00",METZSF1,57.084110
D,DISPATCH,UNIT_SCADA,1,"2022/10/20 07:15:00",MEWF1,3
D,DISPATCH,UNIT_SCADA,1,"2022/10/20 07:15:00",MIDDLSF1,2.67
D,DISPATCH,UNIT_SCADA,1,"2022/10/20 07:15:00",MINTARO,0.128180
D,DISPATCH,UNIT_SCADA,1,"2022/10/20 07:15:00",MOLNGSF1,0.518810
D,DISPATCH,UNIT_SCADA,1,"2022/10/20 07:15:00",MOORAWF1,22.40
D,DISPATCH,UNIT_SCADA,1,"2022/10/20 07:15:00",MOREESF1,0.5580
D,DISPATCH,UNIT_SCADA,1,"2022/10/20 07:15:00",MORTLK11,0
D,DISPATCH,UNIT_SCADA,1,"2022/10/20 07:15:00",MORTLK12,0
D,DISPATCH,UNIT_SCADA,1,"2022/10/20 07:15:00",MOUSF1,0
D,DISPATCH,UNIT_SCADA,1,"2022/10/20 07:15:00",MP1,0
D,DISPATCH,UNIT_SCADA,1,"2022/10/20 07:15:00",MP2,518.428340
D,DISPATCH,UNIT_SCADA,1,"2022/10/20 07:15:00",MPP_1,171.957060
D,DISPATCH,UNIT_SCADA,1,"2022/10/20 07:15:00",MPP_2,0
D,DISPATCH,UNIT_SCADA,1,"2022/10/20 07:15:00",MRTLSWF1,0
D,DISPATCH,UNIT_SCADA,1,"2022/10/20 07:15:00",MSTUART1,0
D,DISPATCH,UNIT_SCADA,1,"2022/10/20 07:15:00",MSTUART2,0
D,DISPATCH,UNIT_SCADA,1,"2022/10/20 07:15:00",MSTUART3,0
D,DISPATCH,UNIT_SCADA,1,"2022/10/20 07:15:00",MTGELWF1,36.042360
D,DISPATCH,UNIT_SCADA,1,"2022/10/20 07:15:00",MTMILLAR,12
D,DISPATCH,UNIT_SCADA,1,"2022/10/20 07:15:00",MURRAY,0
D,DISPATCH,UNIT_SCADA,1,"2022/10/20 07:15:00",MUSSELR1,24.80
D,DISPATCH,UNIT_SCADA,1,"2022/10/20 07:15:00",MUWAWF1,180.039990
D,DISPATCH,UNIT_SCADA,1,"2022/10/20 07:15:00",MUWAWF2,160.399990
D,DISPATCH,UNIT_SCADA,1,"2022/10/20 07:15:00",MWPS1PV1,0.12
D,DISPATCH,UNIT_SCADA,1,"2022/10/20 07:15:00",MWPS2PV1,0.31
D,DISPATCH,UNIT_SCADA,1,"2022/10/20 07:15:00",MWPS3PV1,0.13
D,DISPATCH,UNIT_SCADA,1,"2022/10/20 07:15:00",MWPS4PV1,0.07
D,DISPATCH,UNIT_SCADA,1,"2022/10/20 07:15:00",NBHWF1,104
D,DISPATCH,UNIT_SCADA,1,"2022/10/20 07:15:00",NEVERSF1,2.93
D,DISPATCH,UNIT_SCADA,1,"2022/10/20 07:15:00",NPS,0
D,DISPATCH,UNIT_SCADA,1,"2022/10/20 07:15:00",NUMURSF1,73.03
D,DISPATCH,UNIT_SCADA,1,"2022/10/20 07:15:00",NYNGAN1,1.25
D,DISPATCH,UNIT_SCADA,1,"2022/10/20 07:15:00",OAKEY1,0
D,DISPATCH,UNIT_SCADA,1,"2022/10/20 07:15:00",OAKEY1SF,1.7140
D,DISPATCH,UNIT_SCADA,1,"2022/10/20 07:15:00",OAKEY2,0
D,DISPATCH,UNIT_SCADA,1,"2022/10/20 07:15:00",OAKEY2SF,2.96
D,DISPATCH,UNIT_SCADA,1,"2022/10/20 07:15:00",OAKLAND1,9.40
D,DISPATCH,UNIT_SCADA,1,"2022/10/20 07:15:00",OSB-AG,0
D,DISPATCH,UNIT_SCADA,1,"2022/10/20 07:15:00",PAREPS1,0.0660
D,DISPATCH,UNIT_SCADA,1,"2022/10/20 07:15:00",PAREPW1,88.46
D,DISPATCH,UNIT_SCADA,1,"2022/10/20 07:15:00",PARSF1,5.299460
D,DISPATCH,UNIT_SCADA,1,"2022/10/20 07:15:00",POAT110,0
D,DISPATCH,UNIT_SCADA,1,"2022/10/20 07:15:00",POAT220,0
D,DISPATCH,UNIT_SCADA,1,"2022/10/20 07:15:00",POR01,0
D,DISPATCH,UNIT_SCADA,1,"2022/10/20 07:15:00",POR03,0
D,DISPATCH,UNIT_SCADA,1,"2022/10/20 07:15:00",PPCCGT,171.538820
D,DISPATCH,UNIT_SCADA,1,"2022/10/20 07:15:00",PTSTAN1,0
D,DISPATCH,UNIT_SCADA,1,"2022/10/20 07:15:00",PUMP1,0
D,DISPATCH,UNIT_SCADA,1,"2022/10/20 07:15:00",PUMP2,0
D,DISPATCH,UNIT_SCADA,1,"2022/10/20 07:15:00",QBYNBG1,0.0015
D,DISPATCH,UNIT_SCADA,1,"2022/10/20 07:15:00",QBYNBL1,0
D,DISPATCH,UNIT_SCADA,1,"2022/10/20 07:15:00",QPS1,0
D,DISPATCH,UNIT_SCADA,1,"2022/10/20 07:15:00",QPS2,0
D,DISPATCH,UNIT_SCADA,1,"2022/10/20 07:15:00",QPS3,0
D,DISPATCH,UNIT_SCADA,1,"2022/10/20 07:15:00",QPS4,0
D,DISPATCH,UNIT_SCADA,1,"2022/10/20 07:15:00",QPS5,74.73
D,DISPATCH,UNIT_SCADA,1,"2022/10/20 07:15:00",REECE1,44.072270
D,DISPATCH,UNIT_SCADA,1,"2022/10/20 07:15:00",REECE2,32.84
D,DISPATCH,UNIT_SCADA,1,"2022/10/20 07:15:00",ROMA_7,0
D,DISPATCH,UNIT_SCADA,1,"2022/10/20 07:15:00",ROMA_8,0
D,DISPATCH,UNIT_SCADA,1,"2022/10/20 07:15:00",RRSF1,19.551770
D,DISPATCH,UNIT_SCADA,1,"2022/10/20 07:15:00",RT_NSW1,0
D,DISPATCH,UNIT_SCADA,1,"2022/10/20 07:15:00",RT_NSW2,0
D,DISPATCH,UNIT_SCADA,1,"2022/10/20 07:15:00",RT_NSW3,0
D,DISPATCH,UNIT_SCADA,1,"2022/10/20 07:15:00",RT_NSW4,0
D,DISPATCH,UNIT_SCADA,1,"2022/10/20 07:15:00",RT_NSW5,0
D,DISPATCH,UNIT_SCADA,1,"2022/10/20 07:15:00",RT_NSW6,0
D,DISPATCH,UNIT_SCADA,1,"2022/10/20 07:15:00",RT_QLD1,0
D,DISPATCH,UNIT_SCADA,1,"2022/10/20 07:15:00",RT_SA1,0
D,DISPATCH,UNIT_SCADA,1,"2022/10/20 07:15:00",RT_SA2,0
D,DISPATCH,UNIT_SCADA,1,"2022/10/20 07:15:00",RT_SA3,0
D,DISPATCH,UNIT_SCADA,1,"2022/10/20 07:15:00",RT_SA4,0
D,DISPATCH,UNIT_SCADA,1,"2022/10/20 07:15:00",RT_SA5,0
D,DISPATCH,UNIT_SCADA,1,"2022/10/20 07:15:00",RT_SA6,0
D,DISPATCH,UNIT_SCADA,1,"2022/10/20 07:15:00",RT_TAS1,0
D,DISPATCH,UNIT_SCADA,1,"2022/10/20 07:15:00",RT_VIC1,0
D,DISPATCH,UNIT_SCADA,1,"2022/10/20 07:15:00",RT_VIC10,0
D,DISPATCH,UNIT_SCADA,1,"2022/10/20 07:15:00",RT_VIC11,0
D,DISPATCH,UNIT_SCADA,1,"2022/10/20 07:15:00",RT_VIC12,0
D,DISPATCH,UNIT_SCADA,1,"2022/10/20 07:15:00",RT_VIC2,0
D,DISPATCH,UNIT_SCADA,1,"2022/10/20 07:15:00",RT_VIC3,0
D,DISPATCH,UNIT_SCADA,1,"2022/10/20 07:15:00",RT_VIC4,0
D,DISPATCH,UNIT_SCADA,1,"2022/10/20 07:15:00",RT_VIC5,0
D,DISPATCH,UNIT_SCADA,1,"2022/10/20 07:15:00",RT_VIC6,0
D,DISPATCH,UNIT_SCADA,1,"2022/10/20 07:15:00",RT_VIC7,0
D,DISPATCH,UNIT_SCADA,1,"2022/10/20 07:15:00",RT_VIC8,0
D,DISPATCH,UNIT_SCADA,1,"2022/10/20 07:15:00",RT_VIC9,0
D,DISPATCH,UNIT_SCADA,1,"2022/10/20 07:15:00",RUGBYR1,5.242110
D,DISPATCH,UNIT_SCADA,1,"2022/10/20 07:15:00",SALTCRK1,11.32
D,DISPATCH,UNIT_SCADA,1,"2022/10/20 07:15:00",SAPHWF1,157.669950
D,DISPATCH,UNIT_SCADA,1,"2022/10/20 07:15:00",SEBSF1,39.811130
D,DISPATCH,UNIT_SCADA,1,"2022/10/20 07:15:00",SHGEN,79.317020
D,DISPATCH,UNIT_SCADA,1,"2022/10/20 07:15:00",SHPUMP,0
D,DISPATCH,UNIT_SCADA,1,"2022/10/20 07:15:00",SITHE01,0.083520
D,DISPATCH,UNIT_SCADA,1,"2022/10/20 07:15:00",SMCSF1,10.9690
D,DISPATCH,UNIT_SCADA,1,"2022/10/20 07:15:00",SNAPPER1,0
D,DISPATCH,UNIT_SCADA,1,"2022/10/20 07:15:00",SNOWNTH1,139.200010
D,DISPATCH,UNIT_SCADA,1,"2022/10/20 07:15:00",SNOWSTH1,121.30
D,DISPATCH,UNIT_SCADA,1,"2022/10/20 07:15:00",SNOWTWN1,75.098150
D,DISPATCH,UNIT_SCADA,1,"2022/10/20 07:15:00",SNOWYP,0
D,DISPATCH,UNIT_SCADA,1,"2022/10/20 07:15:00",SNUG1,0
D,DISPATCH,UNIT_SCADA,1,"2022/10/20 07:15:00",SRSF1,2.57
D,DISPATCH,UNIT_SCADA,1,"2022/10/20 07:15:00",STAN-1,279.1076
D,DISPATCH,UNIT_SCADA,1,"2022/10/20 07:15:00",STAN-2,363.615360
D,DISPATCH,UNIT_SCADA,1,"2022/10/20 07:15:00",STAN-3,155.672180
D,DISPATCH,UNIT_SCADA,1,"2022/10/20 07:15:00",STAN-4,364.192140
D,DISPATCH,UNIT_SCADA,1,"2022/10/20 07:15:00",STARHLWF,4.898570
D,DISPATCH,UNIT_SCADA,1,"2022/10/20 07:15:00",STOCKYD1,252.97
D,DISPATCH,UNIT_SCADA,1,"2022/10/20 07:15:00",STWF1,26.823530
D,DISPATCH,UNIT_SCADA,1,"2022/10/20 07:15:00",SUNRSF1,12.767220
D,DISPATCH,UNIT_SCADA,1,"2022/10/20 07:15:00",SUNTPSF1,23.819330
D,DISPATCH,UNIT_SCADA,1,"2022/10/20 07:15:00",SWAN_E,255.816250
D,DISPATCH,UNIT_SCADA,1,"2022/10/20 07:15:00",TALWA1,0
D,DISPATCH,UNIT_SCADA,1,"2022/10/20 07:15:00",TARALGA1,0
D,DISPATCH,UNIT_SCADA,1,"2022/10/20 07:15:00",TARONG#1,348
D,DISPATCH,UNIT_SCADA,1,"2022/10/20 07:15:00",TARONG#2,347.399990
D,DISPATCH,UNIT_SCADA,1,"2022/10/20 07:15:00",TARONG#3,0.90
D,DISPATCH,UNIT_SCADA,1,"2022/10/20 07:15:00",TARONG#4,293.600010
D,DISPATCH,UNIT_SCADA,1,"2022/10/20 07:15:00",TARRALEA,54
D,DISPATCH,UNIT_SCADA,1,"2022/10/20 07:15:00",TBSF1,11.40
D,DISPATCH,UNIT_SCADA,1,"2022/10/20 07:15:00",TNPS1,439.750030
D,DISPATCH,UNIT_SCADA,1,"2022/10/20 07:15:00",TORRB1,0
D,DISPATCH,UNIT_SCADA,1,"2022/10/20 07:15:00",TORRB2,40
D,DISPATCH,UNIT_SCADA,1,"2022/10/20 07:15:00",TORRB3,0
D,DISPATCH,UNIT_SCADA,1,"2022/10/20 07:15:00",TORRB4,0
D,DISPATCH,UNIT_SCADA,1,"2022/10/20 07:15:00",TREVALLN,98.615970
D,DISPATCH,UNIT_SCADA,1,"2022/10/20 07:15:00",TRIBUTE,0
D,DISPATCH,UNIT_SCADA,1,"2022/10/20 07:15:00",TUMUT3,0
D,DISPATCH,UNIT_SCADA,1,"2022/10/20 07:15:00",TUNGATIN,3.000020
D,DISPATCH,UNIT_SCADA,1,"2022/10/20 07:15:00",TVCC201,0
D,DISPATCH,UNIT_SCADA,1,"2022/10/20 07:15:00",TVPP104,57.904710
D,DISPATCH,UNIT_SCADA,1,"2022/10/20 07:15:00",UPPTUMUT,83.834680
D,DISPATCH,UNIT_SCADA,1,"2022/10/20 07:15:00",URANQ11,0
D,DISPATCH,UNIT_SCADA,1,"2022/10/20 07:15:00",URANQ12,0
D,DISPATCH,UNIT_SCADA,1,"2022/10/20 07:15:00",URANQ13,0
D,DISPATCH,UNIT_SCADA,1,"2022/10/20 07:15:00",URANQ14,0
D,DISPATCH,UNIT_SCADA,1,"2022/10/20 07:15:00",VBBG1,55.30
D,DISPATCH,UNIT_SCADA,1,"2022/10/20 07:15:00",VBBL1,0
D,DISPATCH,UNIT_SCADA,1,"2022/10/20 07:15:00",VP5,573.088810
D,DISPATCH,UNIT_SCADA,1,"2022/10/20 07:15:00",VP6,576.897460
D,DISPATCH,UNIT_SCADA,1,"2022/10/20 07:15:00",VPGS1,0
D,DISPATCH,UNIT_SCADA,1,"2022/10/20 07:15:00",VPGS2,0
D,DISPATCH,UNIT_SCADA,1,"2022/10/20 07:15:00",VPGS3,0
D,DISPATCH,UNIT_SCADA,1,"2022/10/20 07:15:00",VPGS4,0
D,DISPATCH,UNIT_SCADA,1,"2022/10/20 07:15:00",VPGS5,0
D,DISPATCH,UNIT_SCADA,1,"2022/10/20 07:15:00",VPGS6,0
D,DISPATCH,UNIT_SCADA,1,"2022/10/20 07:15:00",W/HOE#1,0
D,DISPATCH,UNIT_SCADA,1,"2022/10/20 07:15:00",W/HOE#2,158.64
D,DISPATCH,UNIT_SCADA,1,"2022/10/20 07:15:00",WAGGNSF1,0
D,DISPATCH,UNIT_SCADA,1,"2022/10/20 07:15:00",WALGRVG1,0.000930
D,DISPATCH,UNIT_SCADA,1,"2022/10/20 07:15:00",WALGRVL1,0
D,DISPATCH,UNIT_SCADA,1,"2022/10/20 07:15:00",WANDBG1,0
D,DISPATCH,UNIT_SCADA,1,"2022/10/20 07:15:00",WANDBL1,0.5072
D,DISPATCH,UNIT_SCADA,1,"2022/10/20 07:15:00",WARWSF1,4.19
D,DISPATCH,UNIT_SCADA,1,"2022/10/20 07:15:00",WARWSF2,3.93
D,DISPATCH,UNIT_SCADA,1,"2022/10/20 07:15:00",WATERLWF,75.70
D,DISPATCH,UNIT_SCADA,1,"2022/10/20 07:15:00",WDGPH1,0
D,DISPATCH,UNIT_SCADA,1,"2022/10/20 07:15:00",WELLSF1,14.944690
D,DISPATCH,UNIT_SCADA,1,"2022/10/20 07:15:00",WEMENSF1,4
D,DISPATCH,UNIT_SCADA,1,"2022/10/20 07:15:00",WGWF1,108.90
D,DISPATCH,UNIT_SCADA,1,"2022/10/20 07:15:00",WHITSF1,3.30
D,DISPATCH,UNIT_SCADA,1,"2022/10/20 07:15:00",WINTSF1,42.95
D,DISPATCH,UNIT_SCADA,1,"2022/10/20 07:15:00",WKIEWA1,33.70
D,DISPATCH,UNIT_SCADA,1,"2022/10/20 07:15:00",WKIEWA2,33.90
D,DISPATCH,UNIT_SCADA,1,"2022/10/20 07:15:00",WOODLWN1,28.3144
D,DISPATCH,UNIT_SCADA,1,"2022/10/20 07:15:00",WOOLGSF1,9.276420
D,DISPATCH,UNIT_SCADA,1,"2022/10/20 07:15:00",WPWF,42.69
D,DISPATCH,UNIT_SCADA,1,"2022/10/20 07:15:00",WRSF1,1.500290
D,DISPATCH,UNIT_SCADA,1,"2022/10/20 07:15:00",WRWF1,51.247730
D,DISPATCH,UNIT_SCADA,1,"2022/10/20 07:15:00",WSTWYSF1,0
D,DISPATCH,UNIT_SCADA,1,"2022/10/20 07:15:00",YABULU,0
D,DISPATCH,UNIT_SCADA,1,"2022/10/20 07:15:00",YABULU2,0
D,DISPATCH,UNIT_SCADA,1,"2022/10/20 07:15:00",YARANSF1,22.12
D,DISPATCH,UNIT_SCADA,1,"2022/10/20 07:15:00",YARWUN_1,130.209990
D,DISPATCH,UNIT_SCADA,1,"2022/10/20 07:15:00",YATSF1,15.35
D,DISPATCH,UNIT_SCADA,1,"2022/10/20 07:15:00",YENDWF1,17.39
D,DISPATCH,UNIT_SCADA,1,"2022/10/20 07:15:00",YWPS1,363.908870
D,DISPATCH,UNIT_SCADA,1,"2022/10/20 07:15:00",YWPS2,287.9671
D,DISPATCH,UNIT_SCADA,1,"2022/10/20 07:15:00",YWPS3,359.106320
D,DISPATCH,UNIT_SCADA,1,"2022/10/20 07:15:00",YWPS4,0
C,"END OF REPORT",419
