C,NEMP.WORLD,DISPATCHSCADA,AEMO,PUBLIC,2022/10/20,02:45:09,0000000373223565,DISPATCHSCADA,0000000373223559
I,DISPATCH,UNIT_SCADA,1,SETTLEMENTDATE,DUID,SCADAVALUE
D,DISPATCH,UNIT_SCADA,1,"2022/10/20 02:50:00",BARCSF1,0.10
D,DISPATCH,UNIT_SCADA,1,"2022/10/20 02:50:00",BUTLERSG,8.699999
D,DISPATCH,UNIT_SCADA,1,"2022/10/20 02:50:00",CAPTL_WF,0
D,DISPATCH,UNIT_SCADA,1,"2022/10/20 02:50:00",CHALLHWF,18.60
D,DISPATCH,UNIT_SCADA,1,"2022/10/20 02:50:00",CLOVER,13.28
D,DISPATCH,UNIT_SCADA,1,"2022/10/20 02:50:00",CLUNY,6.258183
D,DISPATCH,UNIT_SCADA,1,"2022/10/20 02:50:00",CULLRGWF,-0.03
D,DISPATCH,UNIT_SCADA,1,"2022/10/20 02:50:00",DIAPURWF1,7.20
D,DISPATCH,UNIT_SCADA,1,"2022/10/20 02:50:00",ERGT01,0
D,DISPATCH,UNIT_SCADA,1,"2022/10/20 02:50:00",GB01,0
D,DISPATCH,UNIT_SCADA,1,"2022/10/20 02:50:00",GERMCRK,22.10
D,DISPATCH,UNIT_SCADA,1,"2022/10/20 02:50:00",GRIFSF1,0.001526
D,DISPATCH,UNIT_SCADA,1,"2022/10/20 02:50:00",HEZ1,0
D,DISPATCH,UNIT_SCADA,1,"2022/10/20 02:50:00",HUGSF1,-0.1740
D,DISPATCH,UNIT_SCADA,1,"2022/10/20 02:50:00",KEPBG1,0.02
D,DISPATCH,UNIT_SCADA,1,"2022/10/20 02:50:00",LRSF1,0.0240
D,DISPATCH,UNIT_SCADA,1,"2022/10/20 02:50:00",MBAHNTH,50.156250
D,DISPATCH,UNIT_SCADA,1,"2022/10/20 02:50:00",MLSP1,0
D,DISPATCH,UNIT_SCADA,1,"2022/10/20 02:50:00",MLWF1,0.78
D,DISPATCH,UNIT_SCADA,1,"2022/10/20 02:50:00",PALOONA,30.42
D,DISPATCH,UNIT_SCADA,1,"2022/10/20 02:50:00",PIONEER,44.799999
D,DISPATCH,UNIT_SCADA,1,"2022/10/20 02:50:00",PORTWF,23
D,DISPATCH,UNIT_SCADA,1,"2022/10/20 02:50:00",REPULSE,9.289083
D,DISPATCH,UNIT_SCADA,1,"2022/10/20 02:50:00",ROWALLAN,8.8395
D,DISPATCH,UNIT_SCADA,1,"2022/10/20 02:50:00",ROYALLA1,0
D,DISPATCH,UNIT_SCADA,1,"2022/10/20 02:50:00",RPCG,-1.20
D,DISPATCH,UNIT_SCADA,1,"2022/10/20 02:50:00",RUBICON,0
D,DISPATCH,UNIT_SCADA,1,"2022/10/20 02:50:00",WAUBRAWF,92.128998
D,DISPATCH,UNIT_SCADA,1,"2022/10/20 02:50:00",WOOLNTH1,12.98
D,DISPATCH,UNIT_SCADA,1,"2022/10/20 02:50:00",YAMBUKWF,1.40
D,DISPATCH,UNIT_SCADA,1,"2022/10/20 02:50:00",YSWF1,3
D,DISPATCH,UNIT_SCADA,1,"2022/10/20 02:50:00",ADPBA1G,0.0080
D,DISPATCH,UNIT_SCADA,1,"2022/10/20 02:50:00",ADPBA1L,0
D,DISPATCH,UNIT_SCADA,1,"2022/10/20 02:50:00",ADPPV1,0
D,DISPATCH,UNIT_SCADA,1,"2022/10/20 02:50:00",AGLHAL,0
D,DISPATCH,UNIT_SCADA,1,"2022/10/20 02:50:00",AGLSOM,0
D,DISPATCH,UNIT_SCADA,1,"2022/10/20 02:50:00",ANGAST1,0
D,DISPATCH,UNIT_SCADA,1,"2022/10/20 02:50:00",ARWF1,12.10
D,DISPATCH,UNIT_SCADA,1,"2022/10/20 02:50:00",BALBG1,0
D,DISPATCH,UNIT_SCADA,1,"2022/10/20 02:50:00",BALBL1,0
D,DISPATCH,UNIT_SCADA,1,"2022/10/20 02:50:00",BALDHWF1,0
D,DISPATCH,UNIT_SCADA,1,"2022/10/20 02:50:00",BANGOWF1,46.697490
D,DISPATCH,UNIT_SCADA,1,"2022/10/20 02:50:00",BANGOWF2,45.9987
D,DISPATCH,UNIT_SCADA,1,"2022/10/20 02:50:00",BANN1,0
D,DISPATCH,UNIT_SCADA,1,"2022/10/20 02:50:00",BARCALDN,0
D,DISPATCH,UNIT_SCADA,1,"2022/10/20 02:50:00",BARKIPS1,0
D,DISPATCH,UNIT_SCADA,1,"2022/10/20 02:50:00",BARRON-1,0
D,DISPATCH,UNIT_SCADA,1,"2022/10/20 02:50:00",BARRON-2,0
D,DISPATCH,UNIT_SCADA,1,"2022/10/20 02:50:00",BASTYAN,0
D,DISPATCH,UNIT_SCADA,1,"2022/10/20 02:50:00",BBTHREE1,-1.03
D,DISPATCH,UNIT_SCADA,1,"2022/10/20 02:50:00",BBTHREE2,0
D,DISPATCH,UNIT_SCADA,1,"2022/10/20 02:50:00",BBTHREE3,0
D,DISPATCH,UNIT_SCADA,1,"2022/10/20 02:50:00",BDL01,0
D,DISPATCH,UNIT_SCADA,1,"2022/10/20 02:50:00",BDL02,0
D,DISPATCH,UNIT_SCADA,1,"2022/10/20 02:50:00",BERYLSF1,0
D,DISPATCH,UNIT_SCADA,1,"2022/10/20 02:50:00",BLOWERNG,62.60
D,DISPATCH,UNIT_SCADA,1,"2022/10/20 02:50:00",BLUEGSF1,0
D,DISPATCH,UNIT_SCADA,1,"2022/10/20 02:50:00",BLUFF1,2.80
D,DISPATCH,UNIT_SCADA,1,"2022/10/20 02:50:00",BNGSF1,0
D,DISPATCH,UNIT_SCADA,1,"2022/10/20 02:50:00",BNGSF2,0
D,DISPATCH,UNIT_SCADA,1,"2022/10/20 02:50:00",BOCORWF1,5.29
D,DISPATCH,UNIT_SCADA,1,"2022/10/20 02:50:00",BODWF1,90.251820
D,DISPATCH,UNIT_SCADA,1,"2022/10/20 02:50:00",BOMENSF1,0
D,DISPATCH,UNIT_SCADA,1,"2022/10/20 02:50:00",BOWWBA1G,0.0010
D,DISPATCH,UNIT_SCADA,1,"2022/10/20 02:50:00",BOWWBA1L,0
D,DISPATCH,UNIT_SCADA,1,"2022/10/20 02:50:00",BOWWPV1,0.0010
D,DISPATCH,UNIT_SCADA,1,"2022/10/20 02:50:00",BRAEMAR1,0
D,DISPATCH,UNIT_SCADA,1,"2022/10/20 02:50:00",BRAEMAR2,0
D,DISPATCH,UNIT_SCADA,1,"2022/10/20 02:50:00",BRAEMAR3,0
D,DISPATCH,UNIT_SCADA,1,"2022/10/20 02:50:00",BRAEMAR5,0.292060
D,DISPATCH,UNIT_SCADA,1,"2022/10/20 02:50:00",BRAEMAR6,0
D,DISPATCH,UNIT_SCADA,1,"2022/10/20 02:50:00",BRAEMAR7,0.130920
D,DISPATCH,UNIT_SCADA,1,"2022/10/20 02:50:00",BROKENH1,0
D,DISPATCH,UNIT_SCADA,1,"2022/10/20 02:50:00",BRYB1WF1,128.740370
D,DISPATCH,UNIT_SCADA,1,"2022/10/20 02:50:00",BULBESG1,0
D,DISPATCH,UNIT_SCADA,1,"2022/10/20 02:50:00",BULBESL1,0.03
D,DISPATCH,UNIT_SCADA,1,"2022/10/20 02:50:00",BULGANA1,37.61
D,DISPATCH,UNIT_SCADA,1,"2022/10/20 02:50:00",BW01,445.4780
D,DISPATCH,UNIT_SCADA,1,"2022/10/20 02:50:00",BW02,439.545290
D,DISPATCH,UNIT_SCADA,1,"2022/10/20 02:50:00",BW03,441.620510
D,DISPATCH,UNIT_SCADA,1,"2022/10/20 02:50:00",BW04,0
D,DISPATCH,UNIT_SCADA,1,"2022/10/20 02:50:00",CALL_B_1,321
D,DISPATCH,UNIT_SCADA,1,"2022/10/20 02:50:00",CALL_B_2,320.300020
D,DISPATCH,UNIT_SCADA,1,"2022/10/20 02:50:00",CATHROCK,9.50
D,DISPATCH,UNIT_SCADA,1,"2022/10/20 02:50:00",CBWWBA1G,0
D,DISPATCH,UNIT_SCADA,1,"2022/10/20 02:50:00",CBWWBA1L,0
D,DISPATCH,UNIT_SCADA,1,"2022/10/20 02:50:00",CETHANA,97.9450
D,DISPATCH,UNIT_SCADA,1,"2022/10/20 02:50:00",CG1,0
D,DISPATCH,UNIT_SCADA,1,"2022/10/20 02:50:00",CG2,0
D,DISPATCH,UNIT_SCADA,1,"2022/10/20 02:50:00",CG3,0
D,DISPATCH,UNIT_SCADA,1,"2022/10/20 02:50:00",CG4,0
D,DISPATCH,UNIT_SCADA,1,"2022/10/20 02:50:00",CHILDSF1,0
D,DISPATCH,UNIT_SCADA,1,"2022/10/20 02:50:00",CHYTWF1,15.25
D,DISPATCH,UNIT_SCADA,1,"2022/10/20 02:50:00",CLARESF1,0
D,DISPATCH,UNIT_SCADA,1,"2022/10/20 02:50:00",CLEMGPWF,27.733470
D,DISPATCH,UNIT_SCADA,1,"2022/10/20 02:50:00",CLERMSF1,0
D,DISPATCH,UNIT_SCADA,1,"2022/10/20 02:50:00",CNUNDAWF,0
D,DISPATCH,UNIT_SCADA,1,"2022/10/20 02:50:00",COHUNSF1,0
D,DISPATCH,UNIT_SCADA,1,"2022/10/20 02:50:00",COLEASF1,0
D,DISPATCH,UNIT_SCADA,1,"2022/10/20 02:50:00",COLUMSF1,0
D,DISPATCH,UNIT_SCADA,1,"2022/10/20 02:50:00",COLWF01,43.712520
D,DISPATCH,UNIT_SCADA,1,"2022/10/20 02:50:00",COOPGWF1,359.040010
D,DISPATCH,UNIT_SCADA,1,"2022/10/20 02:50:00",CPP_3,360.524990
D,DISPATCH,UNIT_SCADA,1,"2022/10/20 02:50:00",CPP_4,0
D,DISPATCH,UNIT_SCADA,1,"2022/10/20 02:50:00",CPSA,0
D,DISPATCH,UNIT_SCADA,1,"2022/10/20 02:50:00",CROOKWF2,19.814140
D,DISPATCH,UNIT_SCADA,1,"2022/10/20 02:50:00",CROWLWF1,39.831550
D,DISPATCH,UNIT_SCADA,1,"2022/10/20 02:50:00",CRURWF1,38.199820
D,DISPATCH,UNIT_SCADA,1,"2022/10/20 02:50:00",CRWASF1,0
D,DISPATCH,UNIT_SCADA,1,"2022/10/20 02:50:00",CSPVPS1,0
D,DISPATCH,UNIT_SCADA,1,"2022/10/20 02:50:00",CTHLWF1,0.003050
D,DISPATCH,UNIT_SCADA,1,"2022/10/20 02:50:00",DALNTH01,0
D,DISPATCH,UNIT_SCADA,1,"2022/10/20 02:50:00",DALNTHL1,0.093080
D,DISPATCH,UNIT_SCADA,1,"2022/10/20 02:50:00",DARLSF1,0
D,DISPATCH,UNIT_SCADA,1,"2022/10/20 02:50:00",DARTM1,0
D,DISPATCH,UNIT_SCADA,1,"2022/10/20 02:50:00",DAYDSF1,0
D,DISPATCH,UNIT_SCADA,1,"2022/10/20 02:50:00",DDPS1,0
D,DISPATCH,UNIT_SCADA,1,"2022/10/20 02:50:00",DDSF1,0
D,DISPATCH,UNIT_SCADA,1,"2022/10/20 02:50:00",DEVILS_G,54.545120
D,DISPATCH,UNIT_SCADA,1,"2022/10/20 02:50:00",DG_NSW1,0
D,DISPATCH,UNIT_SCADA,1,"2022/10/20 02:50:00",DG_QLD1,0
D,DISPATCH,UNIT_SCADA,1,"2022/10/20 02:50:00",DG_SA1,0
D,DISPATCH,UNIT_SCADA,1,"2022/10/20 02:50:00",DG_TAS1,0
D,DISPATCH,UNIT_SCADA,1,"2022/10/20 02:50:00",DG_VIC1,0
D,DISPATCH,UNIT_SCADA,1,"2022/10/20 02:50:00",DRYCGT1,0
D,DISPATCH,UNIT_SCADA,1,"2022/10/20 02:50:00",DRYCGT2,0
D,DISPATCH,UNIT_SCADA,1,"2022/10/20 02:50:00",DRYCGT3,0
D,DISPATCH,UNIT_SCADA,1,"2022/10/20 02:50:00",DUNDWF1,85.06
D,DISPATCH,UNIT_SCADA,1,"2022/10/20 02:50:00",DUNDWF2,29.47
D,DISPATCH,UNIT_SCADA,1,"2022/10/20 02:50:00",DUNDWF3,75.06
D,DISPATCH,UNIT_SCADA,1,"2022/10/20 02:50:00",EILDON1,59.92
D,DISPATCH,UNIT_SCADA,1,"2022/10/20 02:50:00",EILDON2,60
D,DISPATCH,UNIT_SCADA,1,"2022/10/20 02:50:00",ELAINWF1,32.24
D,DISPATCH,UNIT_SCADA,1,"2022/10/20 02:50:00",EMERASF1,0
D,DISPATCH,UNIT_SCADA,1,"2022/10/20 02:50:00",ER01,0
D,DISPATCH,UNIT_SCADA,1,"2022/10/20 02:50:00",ER02,284.977480
D,DISPATCH,UNIT_SCADA,1,"2022/10/20 02:50:00",ER03,328.264280
D,DISPATCH,UNIT_SCADA,1,"2022/10/20 02:50:00",ER04,329.021150
D,DISPATCH,UNIT_SCADA,1,"2022/10/20 02:50:00",FINLYSF1,0
D,DISPATCH,UNIT_SCADA,1,"2022/10/20 02:50:00",FISHER,31.18
D,DISPATCH,UNIT_SCADA,1,"2022/10/20 02:50:00",GANGARR1,0
D,DISPATCH,UNIT_SCADA,1,"2022/10/20 02:50:00",GANNBG1,0
D,DISPATCH,UNIT_SCADA,1,"2022/10/20 02:50:00",GANNBL1,6.531190
D,DISPATCH,UNIT_SCADA,1,"2022/10/20 02:50:00",GANNSF1,0
D,DISPATCH,UNIT_SCADA,1,"2022/10/20 02:50:00",GLRWNSF1,0
D,DISPATCH,UNIT_SCADA,1,"2022/10/20 02:50:00",GNNDHSF1,0
D,DISPATCH,UNIT_SCADA,1,"2022/10/20 02:50:00",GOONSF1,0
D,DISPATCH,UNIT_SCADA,1,"2022/10/20 02:50:00",GORDON,194.523610
D,DISPATCH,UNIT_SCADA,1,"2022/10/20 02:50:00",GRANWF1,0
D,DISPATCH,UNIT_SCADA,1,"2022/10/20 02:50:00",GSTONE1,164.849990
D,DISPATCH,UNIT_SCADA,1,"2022/10/20 02:50:00",GSTONE2,0
D,DISPATCH,UNIT_SCADA,1,"2022/10/20 02:50:00",GSTONE3,200.024990
D,DISPATCH,UNIT_SCADA,1,"2022/10/20 02:50:00",GSTONE4,0
D,DISPATCH,UNIT_SCADA,1,"2022/10/20 02:50:00",GSTONE5,201.774990
D,DISPATCH,UNIT_SCADA,1,"2022/10/20 02:50:00",GSTONE6,201.25
D,DISPATCH,UNIT_SCADA,1,"2022/10/20 02:50:00",GULLRSF1,0
D,DISPATCH,UNIT_SCADA,1,"2022/10/20 02:50:00",GULLRWF1,51.044220
D,DISPATCH,UNIT_SCADA,1,"2022/10/20 02:50:00",GULLRWF2,53.448080
D,DISPATCH,UNIT_SCADA,1,"2022/10/20 02:50:00",GUNNING1,0
D,DISPATCH,UNIT_SCADA,1,"2022/10/20 02:50:00",GUTHEGA,68.100010
D,DISPATCH,UNIT_SCADA,1,"2022/10/20 02:50:00",HALLWF1,55.25
D,DISPATCH,UNIT_SCADA,1,"2022/10/20 02:50:00",HALLWF2,53.69
D,DISPATCH,UNIT_SCADA,1,"2022/10/20 02:50:00",HAMISF1,0
D,DISPATCH,UNIT_SCADA,1,"2022/10/20 02:50:00",HAUGHT11,0
D,DISPATCH,UNIT_SCADA,1,"2022/10/20 02:50:00",HAYMSF1,0
D,DISPATCH,UNIT_SCADA,1,"2022/10/20 02:50:00",HDWF1,81.10
D,DISPATCH,UNIT_SCADA,1,"2022/10/20 02:50:00",HDWF2,48.90
D,DISPATCH,UNIT_SCADA,1,"2022/10/20 02:50:00",HDWF3,59.60
D,DISPATCH,UNIT_SCADA,1,"2022/10/20 02:50:00",HILLSTN1,0
D,DISPATCH,UNIT_SCADA,1,"2022/10/20 02:50:00",HPRG1,0
D,DISPATCH,UNIT_SCADA,1,"2022/10/20 02:50:00",HPRL1,19.90
D,DISPATCH,UNIT_SCADA,1,"2022/10/20 02:50:00",HUMENSW,54.4906
D,DISPATCH,UNIT_SCADA,1,"2022/10/20 02:50:00",HUMEV,0
D,DISPATCH,UNIT_SCADA,1,"2022/10/20 02:50:00",HVWWBA1G,0
D,DISPATCH,UNIT_SCADA,1,"2022/10/20 02:50:00",HVWWBA1L,0.0060
D,DISPATCH,UNIT_SCADA,1,"2022/10/20 02:50:00",HVWWPV1,0
D,DISPATCH,UNIT_SCADA,1,"2022/10/20 02:50:00",JBUTTERS,0
D,DISPATCH,UNIT_SCADA,1,"2022/10/20 02:50:00",JEMALNG1,0
D,DISPATCH,UNIT_SCADA,1,"2022/10/20 02:50:00",JLA01,0
D,DISPATCH,UNIT_SCADA,1,"2022/10/20 02:50:00",JLA02,0
D,DISPATCH,UNIT_SCADA,1,"2022/10/20 02:50:00",JLA03,0
D,DISPATCH,UNIT_SCADA,1,"2022/10/20 02:50:00",JLA04,0
D,DISPATCH,UNIT_SCADA,1,"2022/10/20 02:50:00",JLB01,0
D,DISPATCH,UNIT_SCADA,1,"2022/10/20 02:50:00",JLB02,0.10
D,DISPATCH,UNIT_SCADA,1,"2022/10/20 02:50:00",JLB03,0
D,DISPATCH,UNIT_SCADA,1,"2022/10/20 02:50:00",JUNEESF1,0
D,DISPATCH,UNIT_SCADA,1,"2022/10/20 02:50:00",KABANWF1,1.1880
D,DISPATCH,UNIT_SCADA,1,"2022/10/20 02:50:00",KAREEYA1,13.4925
D,DISPATCH,UNIT_SCADA,1,"2022/10/20 02:50:00",KAREEYA2,0
D,DISPATCH,UNIT_SCADA,1,"2022/10/20 02:50:00",KAREEYA3,21.5425
D,DISPATCH,UNIT_SCADA,1,"2022/10/20 02:50:00",KAREEYA4,0
D,DISPATCH,UNIT_SCADA,1,"2022/10/20 02:50:00",KARSF1,0
D,DISPATCH,UNIT_SCADA,1,"2022/10/20 02:50:00",KEPSF1,0
D,DISPATCH,UNIT_SCADA,1,"2022/10/20 02:50:00",KEPWF1,2.54
D,DISPATCH,UNIT_SCADA,1,"2022/10/20 02:50:00",KIAMSF1,0
D,DISPATCH,UNIT_SCADA,1,"2022/10/20 02:50:00",KIATAWF1,31
D,DISPATCH,UNIT_SCADA,1,"2022/10/20 02:50:00",KPP_1,0
D,DISPATCH,UNIT_SCADA,1,"2022/10/20 02:50:00",KSP1,0
D,DISPATCH,UNIT_SCADA,1,"2022/10/20 02:50:00",LADBROK1,0.01
D,DISPATCH,UNIT_SCADA,1,"2022/10/20 02:50:00",LADBROK2,38.10
D,DISPATCH,UNIT_SCADA,1,"2022/10/20 02:50:00",LBBG1,0
D,DISPATCH,UNIT_SCADA,1,"2022/10/20 02:50:00",LBBL1,2.10
D,DISPATCH,UNIT_SCADA,1,"2022/10/20 02:50:00",LD01,320.609160
D,DISPATCH,UNIT_SCADA,1,"2022/10/20 02:50:00",LD02,0
D,DISPATCH,UNIT_SCADA,1,"2022/10/20 02:50:00",LD04,321.799380
D,DISPATCH,UNIT_SCADA,1,"2022/10/20 02:50:00",LEM_WIL,86.776810
D,DISPATCH,UNIT_SCADA,1,"2022/10/20 02:50:00",LGAPWF1,67.22
D,DISPATCH,UNIT_SCADA,1,"2022/10/20 02:50:00",LGAPWF2,45.77
D,DISPATCH,UNIT_SCADA,1,"2022/10/20 02:50:00",LILYSF1,0
D,DISPATCH,UNIT_SCADA,1,"2022/10/20 02:50:00",LIMOSF11,0
D,DISPATCH,UNIT_SCADA,1,"2022/10/20 02:50:00",LIMOSF21,0
D,DISPATCH,UNIT_SCADA,1,"2022/10/20 02:50:00",LI_WY_CA,56.114580
D,DISPATCH,UNIT_SCADA,1,"2022/10/20 02:50:00",LKBONNY1,0
D,DISPATCH,UNIT_SCADA,1,"2022/10/20 02:50:00",LKBONNY2,27.406360
D,DISPATCH,UNIT_SCADA,1,"2022/10/20 02:50:00",LKBONNY3,10.327080
D,DISPATCH,UNIT_SCADA,1,"2022/10/20 02:50:00",LK_ECHO,0
D,DISPATCH,UNIT_SCADA,1,"2022/10/20 02:50:00",LNGS1,0
D,DISPATCH,UNIT_SCADA,1,"2022/10/20 02:50:00",LNGS2,0
D,DISPATCH,UNIT_SCADA,1,"2022/10/20 02:50:00",LONSDALE,0
D,DISPATCH,UNIT_SCADA,1,"2022/10/20 02:50:00",LOYYB1,476.312650
D,DISPATCH,UNIT_SCADA,1,"2022/10/20 02:50:00",LOYYB2,477.064540
D,DISPATCH,UNIT_SCADA,1,"2022/10/20 02:50:00",LYA1,509
D,DISPATCH,UNIT_SCADA,1,"2022/10/20 02:50:00",LYA2,0
D,DISPATCH,UNIT_SCADA,1,"2022/10/20 02:50:00",LYA3,509
D,DISPATCH,UNIT_SCADA,1,"2022/10/20 02:50:00",LYA4,509
D,DISPATCH,UNIT_SCADA,1,"2022/10/20 02:50:00",MACARTH1,35.399180
D,DISPATCH,UNIT_SCADA,1,"2022/10/20 02:50:00",MACKNTSH,0
D,DISPATCH,UNIT_SCADA,1,"2022/10/20 02:50:00",MANSLR1,0
D,DISPATCH,UNIT_SCADA,1,"2022/10/20 02:50:00",MAPS2PV1,0
D,DISPATCH,UNIT_SCADA,1,"2022/10/20 02:50:00",MAPS3PV1,0
D,DISPATCH,UNIT_SCADA,1,"2022/10/20 02:50:00",MARYRSF1,0
D,DISPATCH,UNIT_SCADA,1,"2022/10/20 02:50:00",MBPS2PV1,0
D,DISPATCH,UNIT_SCADA,1,"2022/10/20 02:50:00",MCKAY1,0.02
D,DISPATCH,UNIT_SCADA,1,"2022/10/20 02:50:00",MEADOWBK,19.605880
D,DISPATCH,UNIT_SCADA,1,"2022/10/20 02:50:00",MERCER01,35.60
D,DISPATCH,UNIT_SCADA,1,"2022/10/20 02:50:00",METZSF1,0
D,DISPATCH,UNIT_SCADA,1,"2022/10/20 02:50:00",MEWF1,0
D,DISPATCH,UNIT_SCADA,1,"2022/10/20 02:50:00",MIDDLSF1,0
D,DISPATCH,UNIT_SCADA,1,"2022/10/20 02:50:00",MINTARO,0.128180
D,DISPATCH,UNIT_SCADA,1,"2022/10/20 02:50:00",MOLNGSF1,0
D,DISPATCH,UNIT_SCADA,1,"2022/10/20 02:50:00",MOORAWF1,46.39
D,DISPATCH,UNIT_SCADA,1,"2022/10/20 02:50:00",MOREESF1,0
D,DISPATCH,UNIT_SCADA,1,"2022/10/20 02:50:00",MORTLK11,0
D,DISPATCH,UNIT_SCADA,1,"2022/10/20 02:50:00",MORTLK12,0
D,DISPATCH,UNIT_SCADA,1,"2022/10/20 02:50:00",MOUSF1,0
D,DISPATCH,UNIT_SCADA,1,"2022/10/20 02:50:00",MP1,0
D,DISPATCH,UNIT_SCADA,1,"2022/10/20 02:50:00",MP2,281.046780
D,DISPATCH,UNIT_SCADA,1,"2022/10/20 02:50:00",MPP_1,163.335560
D,DISPATCH,UNIT_SCADA,1,"2022/10/20 02:50:00",MPP_2,0
D,DISPATCH,UNIT_SCADA,1,"2022/10/20 02:50:00",MRTLSWF1,0
D,DISPATCH,UNIT_SCADA,1,"2022/10/20 02:50:00",MSTUART1,0
D,DISPATCH,UNIT_SCADA,1,"2022/10/20 02:50:00",MSTUART2,0
D,DISPATCH,UNIT_SCADA,1,"2022/10/20 02:50:00",MSTUART3,0
D,DISPATCH,UNIT_SCADA,1,"2022/10/20 02:50:00",MTGELWF1,22.627950
D,DISPATCH,UNIT_SCADA,1,"2022/10/20 02:50:00",MTMILLAR,5.20
D,DISPATCH,UNIT_SCADA,1,"2022/10/20 02:50:00",MURRAY,0
D,DISPATCH,UNIT_SCADA,1,"2022/10/20 02:50:00",MUSSELR1,30.60
D,DISPATCH,UNIT_SCADA,1,"2022/10/20 02:50:00",MUWAWF1,184.94
D,DISPATCH,UNIT_SCADA,1,"2022/10/20 02:50:00",MUWAWF2,184.899990
D,DISPATCH,UNIT_SCADA,1,"2022/10/20 02:50:00",MWPS1PV1,0
D,DISPATCH,UNIT_SCADA,1,"2022/10/20 02:50:00",MWPS2PV1,0
D,DISPATCH,UNIT_SCADA,1,"2022/10/20 02:50:00",MWPS3PV1,0
D,DISPATCH,UNIT_SCADA,1,"2022/10/20 02:50:00",MWPS4PV1,0
D,DISPATCH,UNIT_SCADA,1,"2022/10/20 02:50:00",NBHWF1,105.90
D,DISPATCH,UNIT_SCADA,1,"2022/10/20 02:50:00",NEVERSF1,0
D,DISPATCH,UNIT_SCADA,1,"2022/10/20 02:50:00",NPS,0
D,DISPATCH,UNIT_SCADA,1,"2022/10/20 02:50:00",NUMURSF1,0
D,DISPATCH,UNIT_SCADA,1,"2022/10/20 02:50:00",NYNGAN1,0
D,DISPATCH,UNIT_SCADA,1,"2022/10/20 02:50:00",OAKEY1,0
D,DISPATCH,UNIT_SCADA,1,"2022/10/20 02:50:00",OAKEY1SF,0
D,DISPATCH,UNIT_SCADA,1,"2022/10/20 02:50:00",OAKEY2,0
D,DISPATCH,UNIT_SCADA,1,"2022/10/20 02:50:00",OAKEY2SF,0
D,DISPATCH,UNIT_SCADA,1,"2022/10/20 02:50:00",OAKLAND1,15.10
D,DISPATCH,UNIT_SCADA,1,"2022/10/20 02:50:00",OSB-AG,0
D,DISPATCH,UNIT_SCADA,1,"2022/10/20 02:50:00",PAREPS1,0.0660
D,DISPATCH,UNIT_SCADA,1,"2022/10/20 02:50:00",PAREPW1,36.17
D,DISPATCH,UNIT_SCADA,1,"2022/10/20 02:50:00",PARSF1,0.001530
D,DISPATCH,UNIT_SCADA,1,"2022/10/20 02:50:00",POAT110,0
D,DISPATCH,UNIT_SCADA,1,"2022/10/20 02:50:00",POAT220,0
D,DISPATCH,UNIT_SCADA,1,"2022/10/20 02:50:00",POR01,0
D,DISPATCH,UNIT_SCADA,1,"2022/10/20 02:50:00",POR03,0
D,DISPATCH,UNIT_SCADA,1,"2022/10/20 02:50:00",PPCCGT,123.890430
D,DISPATCH,UNIT_SCADA,1,"2022/10/20 02:50:00",PTSTAN1,0
D,DISPATCH,UNIT_SCADA,1,"2022/10/20 02:50:00",PUMP1,0
D,DISPATCH,UNIT_SCADA,1,"2022/10/20 02:50:00",PUMP2,0
D,DISPATCH,UNIT_SCADA,1,"2022/10/20 02:50:00",QBYNBG1,0.0025
D,DISPATCH,UNIT_SCADA,1,"2022/10/20 02:50:00",QBYNBL1,0
D,DISPATCH,UNIT_SCADA,1,"2022/10/20 02:50:00",QPS1,0
D,DISPATCH,UNIT_SCADA,1,"2022/10/20 02:50:00",QPS2,0
D,DISPATCH,UNIT_SCADA,1,"2022/10/20 02:50:00",QPS3,0
D,DISPATCH,UNIT_SCADA,1,"2022/10/20 02:50:00",QPS4,0
D,DISPATCH,UNIT_SCADA,1,"2022/10/20 02:50:00",QPS5,77.37
D,DISPATCH,UNIT_SCADA,1,"2022/10/20 02:50:00",REECE1,0
D,DISPATCH,UNIT_SCADA,1,"2022/10/20 02:50:00",REECE2,0
D,DISPATCH,UNIT_SCADA,1,"2022/10/20 02:50:00",ROMA_7,0
D,DISPATCH,UNIT_SCADA,1,"2022/10/20 02:50:00",ROMA_8,0
D,DISPATCH,UNIT_SCADA,1,"2022/10/20 02:50:00",RRSF1,0
D,DISPATCH,UNIT_SCADA,1,"2022/10/20 02:50:00",RT_NSW1,0
D,DISPATCH,UNIT_SCADA,1,"2022/10/20 02:50:00",RT_NSW2,0
D,DISPATCH,UNIT_SCADA,1,"2022/10/20 02:50:00",RT_NSW3,0
D,DISPATCH,UNIT_SCADA,1,"2022/10/20 02:50:00",RT_NSW4,0
D,DISPATCH,UNIT_SCADA,1,"2022/10/20 02:50:00",RT_NSW5,0
D,DISPATCH,UNIT_SCADA,1,"2022/10/20 02:50:00",RT_NSW6,0
D,DISPATCH,UNIT_SCADA,1,"2022/10/20 02:50:00",RT_QLD1,0
D,DISPATCH,UNIT_SCADA,1,"2022/10/20 02:50:00",RT_SA1,0
D,DISPATCH,UNIT_SCADA,1,"2022/10/20 02:50:00",RT_SA2,0
D,DISPATCH,UNIT_SCADA,1,"2022/10/20 02:50:00",RT_SA3,0
D,DISPATCH,UNIT_SCADA,1,"2022/10/20 02:50:00",RT_SA4,0
D,DISPATCH,UNIT_SCADA,1,"2022/10/20 02:50:00",RT_SA5,0
D,DISPATCH,UNIT_SCADA,1,"2022/10/20 02:50:00",RT_SA6,0
D,DISPATCH,UNIT_SCADA,1,"2022/10/20 02:50:00",RT_TAS1,0
D,DISPATCH,UNIT_SCADA,1,"2022/10/20 02:50:00",RT_VIC1,0
D,DISPATCH,UNIT_SCADA,1,"2022/10/20 02:50:00",RT_VIC10,0
D,DISPATCH,UNIT_SCADA,1,"2022/10/20 02:50:00",RT_VIC11,0
D,DISPATCH,UNIT_SCADA,1,"2022/10/20 02:50:00",RT_VIC12,0
D,DISPATCH,UNIT_SCADA,1,"2022/10/20 02:50:00",RT_VIC2,0
D,DISPATCH,UNIT_SCADA,1,"2022/10/20 02:50:00",RT_VIC3,0
D,DISPATCH,UNIT_SCADA,1,"2022/10/20 02:50:00",RT_VIC4,0
D,DISPATCH,UNIT_SCADA,1,"2022/10/20 02:50:00",RT_VIC5,0
D,DISPATCH,UNIT_SCADA,1,"2022/10/20 02:50:00",RT_VIC6,0
D,DISPATCH,UNIT_SCADA,1,"2022/10/20 02:50:00",RT_VIC7,0
D,DISPATCH,UNIT_SCADA,1,"2022/10/20 02:50:00",RT_VIC8,0
D,DISPATCH,UNIT_SCADA,1,"2022/10/20 02:50:00",RT_VIC9,0
D,DISPATCH,UNIT_SCADA,1,"2022/10/20 02:50:00",RUGBYR1,0
D,DISPATCH,UNIT_SCADA,1,"2022/10/20 02:50:00",SALTCRK1,15.65
D,DISPATCH,UNIT_SCADA,1,"2022/10/20 02:50:00",SAPHWF1,178.8922
D,DISPATCH,UNIT_SCADA,1,"2022/10/20 02:50:00",SEBSF1,0
D,DISPATCH,UNIT_SCADA,1,"2022/10/20 02:50:00",SHGEN,0
D,DISPATCH,UNIT_SCADA,1,"2022/10/20 02:50:00",SHPUMP,0
D,DISPATCH,UNIT_SCADA,1,"2022/10/20 02:50:00",SITHE01,0.153860
D,DISPATCH,UNIT_SCADA,1,"2022/10/20 02:50:00",SMCSF1,0
D,DISPATCH,UNIT_SCADA,1,"2022/10/20 02:50:00",SNAPPER1,0
D,DISPATCH,UNIT_SCADA,1,"2022/10/20 02:50:00",SNOWNTH1,128.200010
D,DISPATCH,UNIT_SCADA,1,"2022/10/20 02:50:00",SNOWSTH1,116.40
D,DISPATCH,UNIT_SCADA,1,"2022/10/20 02:50:00",SNOWTWN1,89.064650
D,DISPATCH,UNIT_SCADA,1,"2022/10/20 02:50:00",SNOWYP,0
D,DISPATCH,UNIT_SCADA,1,"2022/10/20 02:50:00",SNUG1,0
D,DISPATCH,UNIT_SCADA,1,"2022/10/20 02:50:00",SRSF1,0
D,DISPATCH,UNIT_SCADA,1,"2022/10/20 02:50:00",STAN-1,280.274020
D,DISPATCH,UNIT_SCADA,1,"2022/10/20 02:50:00",STAN-2,364.8074
D,DISPATCH,UNIT_SCADA,1,"2022/10/20 02:50:00",STAN-3,364.397250
D,DISPATCH,UNIT_SCADA,1,"2022/10/20 02:50:00",STAN-4,365.397030
D,DISPATCH,UNIT_SCADA,1,"2022/10/20 02:50:00",STARHLWF,15.595450
D,DISPATCH,UNIT_SCADA,1,"2022/10/20 02:50:00",STOCKYD1,220.20
D,DISPATCH,UNIT_SCADA,1,"2022/10/20 02:50:00",STWF1,81.964750
D,DISPATCH,UNIT_SCADA,1,"2022/10/20 02:50:00",SUNRSF1,0
D,DISPATCH,UNIT_SCADA,1,"2022/10/20 02:50:00",SUNTPSF1,0
D,DISPATCH,UNIT_SCADA,1,"2022/10/20 02:50:00",SWAN_E,222.321260
D,DISPATCH,UNIT_SCADA,1,"2022/10/20 02:50:00",TALWA1,0
D,DISPATCH,UNIT_SCADA,1,"2022/10/20 02:50:00",TARALGA1,0
D,DISPATCH,UNIT_SCADA,1,"2022/10/20 02:50:00",TARONG#1,282
D,DISPATCH,UNIT_SCADA,1,"2022/10/20 02:50:00",TARONG#2,282.700010
D,DISPATCH,UNIT_SCADA,1,"2022/10/20 02:50:00",TARONG#3,0.90
D,DISPATCH,UNIT_SCADA,1,"2022/10/20 02:50:00",TARONG#4,192.70
D,DISPATCH,UNIT_SCADA,1,"2022/10/20 02:50:00",TARRALEA,54
D,DISPATCH,UNIT_SCADA,1,"2022/10/20 02:50:00",TBSF1,0
D,DISPATCH,UNIT_SCADA,1,"2022/10/20 02:50:00",TNPS1,301.9375
D,DISPATCH,UNIT_SCADA,1,"2022/10/20 02:50:00",TORRB1,0
D,DISPATCH,UNIT_SCADA,1,"2022/10/20 02:50:00",TORRB2,42
D,DISPATCH,UNIT_SCADA,1,"2022/10/20 02:50:00",TORRB3,0
D,DISPATCH,UNIT_SCADA,1,"2022/10/20 02:50:00",TORRB4,0
D,DISPATCH,UNIT_SCADA,1,"2022/10/20 02:50:00",TREVALLN,100.046610
D,DISPATCH,UNIT_SCADA,1,"2022/10/20 02:50:00",TRIBUTE,0
D,DISPATCH,UNIT_SCADA,1,"2022/10/20 02:50:00",TUMUT3,0
D,DISPATCH,UNIT_SCADA,1,"2022/10/20 02:50:00",TUNGATIN,5.710020
D,DISPATCH,UNIT_SCADA,1,"2022/10/20 02:50:00",TVCC201,0
D,DISPATCH,UNIT_SCADA,1,"2022/10/20 02:50:00",TVPP104,0
D,DISPATCH,UNIT_SCADA,1,"2022/10/20 02:50:00",UPPTUMUT,0
D,DISPATCH,UNIT_SCADA,1,"2022/10/20 02:50:00",URANQ11,0
D,DISPATCH,UNIT_SCADA,1,"2022/10/20 02:50:00",URANQ12,0
D,DISPATCH,UNIT_SCADA,1,"2022/10/20 02:50:00",URANQ13,0
D,DISPATCH,UNIT_SCADA,1,"2022/10/20 02:50:00",URANQ14,0
D,DISPATCH,UNIT_SCADA,1,"2022/10/20 02:50:00",VBBG1,0
D,DISPATCH,UNIT_SCADA,1,"2022/10/20 02:50:00",VBBL1,70.10
D,DISPATCH,UNIT_SCADA,1,"2022/10/20 02:50:00",VP5,539.957890
D,DISPATCH,UNIT_SCADA,1,"2022/10/20 02:50:00",VP6,540.714720
D,DISPATCH,UNIT_SCADA,1,"2022/10/20 02:50:00",VPGS1,0
D,DISPATCH,UNIT_SCADA,1,"2022/10/20 02:50:00",VPGS2,0
D,DISPATCH,UNIT_SCADA,1,"2022/10/20 02:50:00",VPGS3,0
D,DISPATCH,UNIT_SCADA,1,"2022/10/20 02:50:00",VPGS4,0
D,DISPATCH,UNIT_SCADA,1,"2022/10/20 02:50:00",VPGS5,0
D,DISPATCH,UNIT_SCADA,1,"2022/10/20 02:50:00",VPGS6,0
D,DISPATCH,UNIT_SCADA,1,"2022/10/20 02:50:00",W/HOE#1,0
D,DISPATCH,UNIT_SCADA,1,"2022/10/20 02:50:00",W/HOE#2,0
D,DISPATCH,UNIT_SCADA,1,"2022/10/20 02:50:00",WAGGNSF1,0
D,DISPATCH,UNIT_SCADA,1,"2022/10/20 02:50:00",WALGRVG1,0
D,DISPATCH,UNIT_SCADA,1,"2022/10/20 02:50:00",WALGRVL1,0.040020
D,DISPATCH,UNIT_SCADA,1,"2022/10/20 02:50:00",WANDBG1,0
D,DISPATCH,UNIT_SCADA,1,"2022/10/20 02:50:00",WANDBL1,0
D,DISPATCH,UNIT_SCADA,1,"2022/10/20 02:50:00",WARWSF1,0
D,DISPATCH,UNIT_SCADA,1,"2022/10/20 02:50:00",WARWSF2,0
D,DISPATCH,UNIT_SCADA,1,"2022/10/20 02:50:00",WATERLWF,70.40
D,DISPATCH,UNIT_SCADA,1,"2022/10/20 02:50:00",WDGPH1,0
D,DISPATCH,UNIT_SCADA,1,"2022/10/20 02:50:00",WELLSF1,0
D,DISPATCH,UNIT_SCADA,1,"2022/10/20 02:50:00",WEMENSF1,0
D,DISPATCH,UNIT_SCADA,1,"2022/10/20 02:50:00",WGWF1,116.30
D,DISPATCH,UNIT_SCADA,1,"2022/10/20 02:50:00",WHITSF1,0
D,DISPATCH,UNIT_SCADA,1,"2022/10/20 02:50:00",WINTSF1,0
D,DISPATCH,UNIT_SCADA,1,"2022/10/20 02:50:00",WKIEWA1,33.90
D,DISPATCH,UNIT_SCADA,1,"2022/10/20 02:50:00",WKIEWA2,34.10
D,DISPATCH,UNIT_SCADA,1,"2022/10/20 02:50:00",WOODLWN1,6.543560
D,DISPATCH,UNIT_SCADA,1,"2022/10/20 02:50:00",WOOLGSF1,0
D,DISPATCH,UNIT_SCADA,1,"2022/10/20 02:50:00",WPWF,86.23
D,DISPATCH,UNIT_SCADA,1,"2022/10/20 02:50:00",WRSF1,0
D,DISPATCH,UNIT_SCADA,1,"2022/10/20 02:50:00",WRWF1,49.004040
D,DISPATCH,UNIT_SCADA,1,"2022/10/20 02:50:00",WSTWYSF1,0
D,DISPATCH,UNIT_SCADA,1,"2022/10/20 02:50:00",YABULU,0
D,DISPATCH,UNIT_SCADA,1,"2022/10/20 02:50:00",YABULU2,0
D,DISPATCH,UNIT_SCADA,1,"2022/10/20 02:50:00",YARANSF1,0
D,DISPATCH,UNIT_SCADA,1,"2022/10/20 02:50:00",YARWUN_1,159.45
D,DISPATCH,UNIT_SCADA,1,"2022/10/20 02:50:00",YATSF1,0
D,DISPATCH,UNIT_SCADA,1,"2022/10/20 02:50:00",YENDWF1,33.42
D,DISPATCH,UNIT_SCADA,1,"2022/10/20 02:50:00",YWPS1,365.412660
D,DISPATCH,UNIT_SCADA,1,"2022/10/20 02:50:00",YWPS2,359.397460
D,DISPATCH,UNIT_SCADA,1,"2022/10/20 02:50:00",YWPS3,362.775940
D,DISPATCH,UNIT_SCADA,1,"2022/10/20 02:50:00",YWPS4,0
C,"END OF REPORT",419
