C,NEMP.WORLD,DISPATCHSCADA,AEMO,PUBLIC,2022/10/20,22:05:10,0000000373283788,DISPATCHSCADA,0000000373283782
I,DISPATCH,UNIT_SCADA,1,SETTLEMENTDATE,DUID,SCADAVALUE
D,DISPATCH,UNIT_SCADA,1,"2022/10/20 22:10:00",BARCSF1,0
D,DISPATCH,UNIT_SCADA,1,"2022/10/20 22:10:00",BUTLERSG,8.699999
D,DISPATCH,UNIT_SCADA,1,"2022/10/20 22:10:00",CAPTL_WF,99.220261
D,DISPATCH,UNIT_SCADA,1,"2022/10/20 22:10:00",CHALLHWF,11.70
D,DISPATCH,UNIT_SCADA,1,"2022/10/20 22:10:00",CLOVER,13.29
D,DISPATCH,UNIT_SCADA,1,"2022/10/20 22:10:00",CLUNY,5.681392
D,DISPATCH,UNIT_SCADA,1,"2022/10/20 22:10:00",CULLRGWF,-0.03
D,DISPATCH,UNIT_SCADA,1,"2022/10/20 22:10:00",DIAPURWF1,1.30
D,DISPATCH,UNIT_SCADA,1,"2022/10/20 22:10:00",ERGT01,0
D,DISPATCH,UNIT_SCADA,1,"2022/10/20 22:10:00",GB01,0
D,DISPATCH,UNIT_SCADA,1,"2022/10/20 22:10:00",GERMCRK,19.299999
D,DISPATCH,UNIT_SCADA,1,"2022/10/20 22:10:00",GRIFSF1,0.001526
D,DISPATCH,UNIT_SCADA,1,"2022/10/20 22:10:00",HEZ1,0
D,DISPATCH,UNIT_SCADA,1,"2022/10/20 22:10:00",HUGSF1,-0.12
D,DISPATCH,UNIT_SCADA,1,"2022/10/20 22:10:00",KEPBG1,0
D,DISPATCH,UNIT_SCADA,1,"2022/10/20 22:10:00",LRSF1,-0.0310
D,DISPATCH,UNIT_SCADA,1,"2022/10/20 22:10:00",MBAHNTH,45.262497
D,DISPATCH,UNIT_SCADA,1,"2022/10/20 22:10:00",MLSP1,0
D,DISPATCH,UNIT_SCADA,1,"2022/10/20 22:10:00",MLWF1,1.08
D,DISPATCH,UNIT_SCADA,1,"2022/10/20 22:10:00",PALOONA,30.859999
D,DISPATCH,UNIT_SCADA,1,"2022/10/20 22:10:00",PIONEER,23.300001
D,DISPATCH,UNIT_SCADA,1,"2022/10/20 22:10:00",PORTWF,41.200001
D,DISPATCH,UNIT_SCADA,1,"2022/10/20 22:10:00",REPULSE,9.340352
D,DISPATCH,UNIT_SCADA,1,"2022/10/20 22:10:00",ROWALLAN,8.8253
D,DISPATCH,UNIT_SCADA,1,"2022/10/20 22:10:00",ROYALLA1,0
D,DISPATCH,UNIT_SCADA,1,"2022/10/20 22:10:00",RPCG,-0.50
D,DISPATCH,UNIT_SCADA,1,"2022/10/20 22:10:00",RUBICON,0
D,DISPATCH,UNIT_SCADA,1,"2022/10/20 22:10:00",WAUBRAWF,30.698999
D,DISPATCH,UNIT_SCADA,1,"2022/10/20 22:10:00",WOOLNTH1,80.789993
D,DISPATCH,UNIT_SCADA,1,"2022/10/20 22:10:00",YAMBUKWF,5.40
D,DISPATCH,UNIT_SCADA,1,"2022/10/20 22:10:00",YSWF1,0.30
D,DISPATCH,UNIT_SCADA,1,"2022/10/20 22:10:00",ADPBA1G,0.0080
D,DISPATCH,UNIT_SCADA,1,"2022/10/20 22:10:00",ADPBA1L,0
D,DISPATCH,UNIT_SCADA,1,"2022/10/20 22:10:00",ADPPV1,0
D,DISPATCH,UNIT_SCADA,1,"2022/10/20 22:10:00",AGLHAL,30.953410
D,DISPATCH,UNIT_SCADA,1,"2022/10/20 22:10:00",AGLSOM,0
D,DISPATCH,UNIT_SCADA,1,"2022/10/20 22:10:00",ANGAST1,0
D,DISPATCH,UNIT_SCADA,1,"2022/10/20 22:10:00",ARWF1,12.90
D,DISPATCH,UNIT_SCADA,1,"2022/10/20 22:10:00",BALBG1,0
D,DISPATCH,UNIT_SCADA,1,"2022/10/20 22:10:00",BALBL1,0
D,DISPATCH,UNIT_SCADA,1,"2022/10/20 22:10:00",BALDHWF1,105.2740
D,DISPATCH,UNIT_SCADA,1,"2022/10/20 22:10:00",BANGOWF1,88.299690
D,DISPATCH,UNIT_SCADA,1,"2022/10/20 22:10:00",BANGOWF2,51.498050
D,DISPATCH,UNIT_SCADA,1,"2022/10/20 22:10:00",BANN1,0
D,DISPATCH,UNIT_SCADA,1,"2022/10/20 22:10:00",BARCALDN,0
D,DISPATCH,UNIT_SCADA,1,"2022/10/20 22:10:00",BARKIPS1,29.92
D,DISPATCH,UNIT_SCADA,1,"2022/10/20 22:10:00",BARRON-1,0
D,DISPATCH,UNIT_SCADA,1,"2022/10/20 22:10:00",BARRON-2,0
D,DISPATCH,UNIT_SCADA,1,"2022/10/20 22:10:00",BASTYAN,0
D,DISPATCH,UNIT_SCADA,1,"2022/10/20 22:10:00",BBTHREE1,0
D,DISPATCH,UNIT_SCADA,1,"2022/10/20 22:10:00",BBTHREE2,0
D,DISPATCH,UNIT_SCADA,1,"2022/10/20 22:10:00",BBTHREE3,0
D,DISPATCH,UNIT_SCADA,1,"2022/10/20 22:10:00",BDL01,0
D,DISPATCH,UNIT_SCADA,1,"2022/10/20 22:10:00",BDL02,0
D,DISPATCH,UNIT_SCADA,1,"2022/10/20 22:10:00",BERYLSF1,0
D,DISPATCH,UNIT_SCADA,1,"2022/10/20 22:10:00",BLOWERNG,62.50
D,DISPATCH,UNIT_SCADA,1,"2022/10/20 22:10:00",BLUEGSF1,0
D,DISPATCH,UNIT_SCADA,1,"2022/10/20 22:10:00",BLUFF1,10.30
D,DISPATCH,UNIT_SCADA,1,"2022/10/20 22:10:00",BNGSF1,0
D,DISPATCH,UNIT_SCADA,1,"2022/10/20 22:10:00",BNGSF2,0
D,DISPATCH,UNIT_SCADA,1,"2022/10/20 22:10:00",BOCORWF1,4.06
D,DISPATCH,UNIT_SCADA,1,"2022/10/20 22:10:00",BODWF1,109.3107
D,DISPATCH,UNIT_SCADA,1,"2022/10/20 22:10:00",BOMENSF1,0
D,DISPATCH,UNIT_SCADA,1,"2022/10/20 22:10:00",BOWWBA1G,0.0010
D,DISPATCH,UNIT_SCADA,1,"2022/10/20 22:10:00",BOWWBA1L,0
D,DISPATCH,UNIT_SCADA,1,"2022/10/20 22:10:00",BOWWPV1,0.0010
D,DISPATCH,UNIT_SCADA,1,"2022/10/20 22:10:00",BRAEMAR1,0
D,DISPATCH,UNIT_SCADA,1,"2022/10/20 22:10:00",BRAEMAR2,0
D,DISPATCH,UNIT_SCADA,1,"2022/10/20 22:10:00",BRAEMAR3,0
D,DISPATCH,UNIT_SCADA,1,"2022/10/20 22:10:00",BRAEMAR5,102.240790
D,DISPATCH,UNIT_SCADA,1,"2022/10/20 22:10:00",BRAEMAR6,0
D,DISPATCH,UNIT_SCADA,1,"2022/10/20 22:10:00",BRAEMAR7,140.188320
D,DISPATCH,UNIT_SCADA,1,"2022/10/20 22:10:00",BROKENH1,0
D,DISPATCH,UNIT_SCADA,1,"2022/10/20 22:10:00",BRYB1WF1,91.5816
D,DISPATCH,UNIT_SCADA,1,"2022/10/20 22:10:00",BULBESG1,0
D,DISPATCH,UNIT_SCADA,1,"2022/10/20 22:10:00",BULBESL1,0.19
D,DISPATCH,UNIT_SCADA,1,"2022/10/20 22:10:00",BULGANA1,18.09
D,DISPATCH,UNIT_SCADA,1,"2022/10/20 22:10:00",BW01,658.518370
D,DISPATCH,UNIT_SCADA,1,"2022/10/20 22:10:00",BW02,638.9624
D,DISPATCH,UNIT_SCADA,1,"2022/10/20 22:10:00",BW03,484.956120
D,DISPATCH,UNIT_SCADA,1,"2022/10/20 22:10:00",BW04,0
D,DISPATCH,UNIT_SCADA,1,"2022/10/20 22:10:00",CALL_B_1,320.100010
D,DISPATCH,UNIT_SCADA,1,"2022/10/20 22:10:00",CALL_B_2,319.50
D,DISPATCH,UNIT_SCADA,1,"2022/10/20 22:10:00",CATHROCK,4.70
D,DISPATCH,UNIT_SCADA,1,"2022/10/20 22:10:00",CBWWBA1G,0
D,DISPATCH,UNIT_SCADA,1,"2022/10/20 22:10:00",CBWWBA1L,0
D,DISPATCH,UNIT_SCADA,1,"2022/10/20 22:10:00",CETHANA,88.065630
D,DISPATCH,UNIT_SCADA,1,"2022/10/20 22:10:00",CG1,0
D,DISPATCH,UNIT_SCADA,1,"2022/10/20 22:10:00",CG2,0
D,DISPATCH,UNIT_SCADA,1,"2022/10/20 22:10:00",CG3,0
D,DISPATCH,UNIT_SCADA,1,"2022/10/20 22:10:00",CG4,0
D,DISPATCH,UNIT_SCADA,1,"2022/10/20 22:10:00",CHILDSF1,0
D,DISPATCH,UNIT_SCADA,1,"2022/10/20 22:10:00",CHYTWF1,4.42
D,DISPATCH,UNIT_SCADA,1,"2022/10/20 22:10:00",CLARESF1,0
D,DISPATCH,UNIT_SCADA,1,"2022/10/20 22:10:00",CLEMGPWF,0
D,DISPATCH,UNIT_SCADA,1,"2022/10/20 22:10:00",CLERMSF1,0
D,DISPATCH,UNIT_SCADA,1,"2022/10/20 22:10:00",CNUNDAWF,17.119970
D,DISPATCH,UNIT_SCADA,1,"2022/10/20 22:10:00",COHUNSF1,0
D,DISPATCH,UNIT_SCADA,1,"2022/10/20 22:10:00",COLEASF1,0
D,DISPATCH,UNIT_SCADA,1,"2022/10/20 22:10:00",COLUMSF1,0
D,DISPATCH,UNIT_SCADA,1,"2022/10/20 22:10:00",COLWF01,131.107060
D,DISPATCH,UNIT_SCADA,1,"2022/10/20 22:10:00",COOPGWF1,380.390010
D,DISPATCH,UNIT_SCADA,1,"2022/10/20 22:10:00",CPP_3,380.325010
D,DISPATCH,UNIT_SCADA,1,"2022/10/20 22:10:00",CPP_4,0
D,DISPATCH,UNIT_SCADA,1,"2022/10/20 22:10:00",CPSA,0
D,DISPATCH,UNIT_SCADA,1,"2022/10/20 22:10:00",CROOKWF2,24.205080
D,DISPATCH,UNIT_SCADA,1,"2022/10/20 22:10:00",CROWLWF1,27.217920
D,DISPATCH,UNIT_SCADA,1,"2022/10/20 22:10:00",CRURWF1,74.999080
D,DISPATCH,UNIT_SCADA,1,"2022/10/20 22:10:00",CRWASF1,0
D,DISPATCH,UNIT_SCADA,1,"2022/10/20 22:10:00",CSPVPS1,0
D,DISPATCH,UNIT_SCADA,1,"2022/10/20 22:10:00",CTHLWF1,0.003050
D,DISPATCH,UNIT_SCADA,1,"2022/10/20 22:10:00",DALNTH01,0
D,DISPATCH,UNIT_SCADA,1,"2022/10/20 22:10:00",DALNTHL1,0.102240
D,DISPATCH,UNIT_SCADA,1,"2022/10/20 22:10:00",DARLSF1,0
D,DISPATCH,UNIT_SCADA,1,"2022/10/20 22:10:00",DARTM1,0
D,DISPATCH,UNIT_SCADA,1,"2022/10/20 22:10:00",DAYDSF1,0
D,DISPATCH,UNIT_SCADA,1,"2022/10/20 22:10:00",DDPS1,0
D,DISPATCH,UNIT_SCADA,1,"2022/10/20 22:10:00",DDSF1,0
D,DISPATCH,UNIT_SCADA,1,"2022/10/20 22:10:00",DEVILS_G,58.6346
D,DISPATCH,UNIT_SCADA,1,"2022/10/20 22:10:00",DG_NSW1,0
D,DISPATCH,UNIT_SCADA,1,"2022/10/20 22:10:00",DG_QLD1,0
D,DISPATCH,UNIT_SCADA,1,"2022/10/20 22:10:00",DG_SA1,0
D,DISPATCH,UNIT_SCADA,1,"2022/10/20 22:10:00",DG_TAS1,0
D,DISPATCH,UNIT_SCADA,1,"2022/10/20 22:10:00",DG_VIC1,0
D,DISPATCH,UNIT_SCADA,1,"2022/10/20 22:10:00",DRYCGT1,0
D,DISPATCH,UNIT_SCADA,1,"2022/10/20 22:10:00",DRYCGT2,0
D,DISPATCH,UNIT_SCADA,1,"2022/10/20 22:10:00",DRYCGT3,0
D,DISPATCH,UNIT_SCADA,1,"2022/10/20 22:10:00",DUNDWF1,102.68
D,DISPATCH,UNIT_SCADA,1,"2022/10/20 22:10:00",DUNDWF2,31.90
D,DISPATCH,UNIT_SCADA,1,"2022/10/20 22:10:00",DUNDWF3,94.41
D,DISPATCH,UNIT_SCADA,1,"2022/10/20 22:10:00",EILDON1,59.92
D,DISPATCH,UNIT_SCADA,1,"2022/10/20 22:10:00",EILDON2,60.08
D,DISPATCH,UNIT_SCADA,1,"2022/10/20 22:10:00",ELAINWF1,14.73
D,DISPATCH,UNIT_SCADA,1,"2022/10/20 22:10:00",EMERASF1,0
D,DISPATCH,UNIT_SCADA,1,"2022/10/20 22:10:00",ER01,0
D,DISPATCH,UNIT_SCADA,1,"2022/10/20 22:10:00",ER02,558.248290
D,DISPATCH,UNIT_SCADA,1,"2022/10/20 22:10:00",ER03,555.001160
D,DISPATCH,UNIT_SCADA,1,"2022/10/20 22:10:00",ER04,557.100770
D,DISPATCH,UNIT_SCADA,1,"2022/10/20 22:10:00",FINLYSF1,0
D,DISPATCH,UNIT_SCADA,1,"2022/10/20 22:10:00",FISHER,43.84
D,DISPATCH,UNIT_SCADA,1,"2022/10/20 22:10:00",GANGARR1,0
D,DISPATCH,UNIT_SCADA,1,"2022/10/20 22:10:00",GANNBG1,0
D,DISPATCH,UNIT_SCADA,1,"2022/10/20 22:10:00",GANNBL1,0.0221
D,DISPATCH,UNIT_SCADA,1,"2022/10/20 22:10:00",GANNSF1,0
D,DISPATCH,UNIT_SCADA,1,"2022/10/20 22:10:00",GLRWNSF1,0
D,DISPATCH,UNIT_SCADA,1,"2022/10/20 22:10:00",GNNDHSF1,0
D,DISPATCH,UNIT_SCADA,1,"2022/10/20 22:10:00",GOONSF1,0
D,DISPATCH,UNIT_SCADA,1,"2022/10/20 22:10:00",GORDON,250.7420
D,DISPATCH,UNIT_SCADA,1,"2022/10/20 22:10:00",GRANWF1,0
D,DISPATCH,UNIT_SCADA,1,"2022/10/20 22:10:00",GSTONE1,200.3750
D,DISPATCH,UNIT_SCADA,1,"2022/10/20 22:10:00",GSTONE2,0
D,DISPATCH,UNIT_SCADA,1,"2022/10/20 22:10:00",GSTONE3,175
D,DISPATCH,UNIT_SCADA,1,"2022/10/20 22:10:00",GSTONE4,0
D,DISPATCH,UNIT_SCADA,1,"2022/10/20 22:10:00",GSTONE5,200.724990
D,DISPATCH,UNIT_SCADA,1,"2022/10/20 22:10:00",GSTONE6,200.20
D,DISPATCH,UNIT_SCADA,1,"2022/10/20 22:10:00",GULLRSF1,0
D,DISPATCH,UNIT_SCADA,1,"2022/10/20 22:10:00",GULLRWF1,60.994070
D,DISPATCH,UNIT_SCADA,1,"2022/10/20 22:10:00",GULLRWF2,71.805780
D,DISPATCH,UNIT_SCADA,1,"2022/10/20 22:10:00",GUNNING1,0
D,DISPATCH,UNIT_SCADA,1,"2022/10/20 22:10:00",GUTHEGA,68
D,DISPATCH,UNIT_SCADA,1,"2022/10/20 22:10:00",HALLWF1,42.58
D,DISPATCH,UNIT_SCADA,1,"2022/10/20 22:10:00",HALLWF2,21.21
D,DISPATCH,UNIT_SCADA,1,"2022/10/20 22:10:00",HAMISF1,0
D,DISPATCH,UNIT_SCADA,1,"2022/10/20 22:10:00",HAUGHT11,0
D,DISPATCH,UNIT_SCADA,1,"2022/10/20 22:10:00",HAYMSF1,0
D,DISPATCH,UNIT_SCADA,1,"2022/10/20 22:10:00",HDWF1,23.70
D,DISPATCH,UNIT_SCADA,1,"2022/10/20 22:10:00",HDWF2,13.10
D,DISPATCH,UNIT_SCADA,1,"2022/10/20 22:10:00",HDWF3,17.40
D,DISPATCH,UNIT_SCADA,1,"2022/10/20 22:10:00",HILLSTN1,0
D,DISPATCH,UNIT_SCADA,1,"2022/10/20 22:10:00",HPRG1,0
D,DISPATCH,UNIT_SCADA,1,"2022/10/20 22:10:00",HPRL1,1.50
D,DISPATCH,UNIT_SCADA,1,"2022/10/20 22:10:00",HUMENSW,54.844370
D,DISPATCH,UNIT_SCADA,1,"2022/10/20 22:10:00",HUMEV,0
D,DISPATCH,UNIT_SCADA,1,"2022/10/20 22:10:00",HVWWBA1G,0
D,DISPATCH,UNIT_SCADA,1,"2022/10/20 22:10:00",HVWWBA1L,0.0060
D,DISPATCH,UNIT_SCADA,1,"2022/10/20 22:10:00",HVWWPV1,0
D,DISPATCH,UNIT_SCADA,1,"2022/10/20 22:10:00",JBUTTERS,0
D,DISPATCH,UNIT_SCADA,1,"2022/10/20 22:10:00",JEMALNG1,0
D,DISPATCH,UNIT_SCADA,1,"2022/10/20 22:10:00",JLA01,0
D,DISPATCH,UNIT_SCADA,1,"2022/10/20 22:10:00",JLA02,0
D,DISPATCH,UNIT_SCADA,1,"2022/10/20 22:10:00",JLA03,0
D,DISPATCH,UNIT_SCADA,1,"2022/10/20 22:10:00",JLA04,0
D,DISPATCH,UNIT_SCADA,1,"2022/10/20 22:10:00",JLB01,0
D,DISPATCH,UNIT_SCADA,1,"2022/10/20 22:10:00",JLB02,0.10
D,DISPATCH,UNIT_SCADA,1,"2022/10/20 22:10:00",JLB03,0
D,DISPATCH,UNIT_SCADA,1,"2022/10/20 22:10:00",JUNEESF1,0
D,DISPATCH,UNIT_SCADA,1,"2022/10/20 22:10:00",KABANWF1,0.4440
D,DISPATCH,UNIT_SCADA,1,"2022/10/20 22:10:00",KAREEYA1,0
D,DISPATCH,UNIT_SCADA,1,"2022/10/20 22:10:00",KAREEYA2,0
D,DISPATCH,UNIT_SCADA,1,"2022/10/20 22:10:00",KAREEYA3,4.8925
D,DISPATCH,UNIT_SCADA,1,"2022/10/20 22:10:00",KAREEYA4,0
D,DISPATCH,UNIT_SCADA,1,"2022/10/20 22:10:00",KARSF1,0
D,DISPATCH,UNIT_SCADA,1,"2022/10/20 22:10:00",KEPSF1,0
D,DISPATCH,UNIT_SCADA,1,"2022/10/20 22:10:00",KEPWF1,0.82
D,DISPATCH,UNIT_SCADA,1,"2022/10/20 22:10:00",KIAMSF1,0
D,DISPATCH,UNIT_SCADA,1,"2022/10/20 22:10:00",KIATAWF1,4.50
D,DISPATCH,UNIT_SCADA,1,"2022/10/20 22:10:00",KPP_1,0
D,DISPATCH,UNIT_SCADA,1,"2022/10/20 22:10:00",KSP1,0
D,DISPATCH,UNIT_SCADA,1,"2022/10/20 22:10:00",LADBROK1,0.02
D,DISPATCH,UNIT_SCADA,1,"2022/10/20 22:10:00",LADBROK2,0.02
D,DISPATCH,UNIT_SCADA,1,"2022/10/20 22:10:00",LBBG1,0
D,DISPATCH,UNIT_SCADA,1,"2022/10/20 22:10:00",LBBL1,0.90
D,DISPATCH,UNIT_SCADA,1,"2022/10/20 22:10:00",LD01,379.5343
D,DISPATCH,UNIT_SCADA,1,"2022/10/20 22:10:00",LD02,122.409740
D,DISPATCH,UNIT_SCADA,1,"2022/10/20 22:10:00",LD04,311.435270
D,DISPATCH,UNIT_SCADA,1,"2022/10/20 22:10:00",LEM_WIL,87.025380
D,DISPATCH,UNIT_SCADA,1,"2022/10/20 22:10:00",LGAPWF1,90.03
D,DISPATCH,UNIT_SCADA,1,"2022/10/20 22:10:00",LGAPWF2,64.20
D,DISPATCH,UNIT_SCADA,1,"2022/10/20 22:10:00",LILYSF1,0
D,DISPATCH,UNIT_SCADA,1,"2022/10/20 22:10:00",LIMOSF11,0
D,DISPATCH,UNIT_SCADA,1,"2022/10/20 22:10:00",LIMOSF21,0
D,DISPATCH,UNIT_SCADA,1,"2022/10/20 22:10:00",LI_WY_CA,56.052320
D,DISPATCH,UNIT_SCADA,1,"2022/10/20 22:10:00",LKBONNY1,18.844290
D,DISPATCH,UNIT_SCADA,1,"2022/10/20 22:10:00",LKBONNY2,61.494570
D,DISPATCH,UNIT_SCADA,1,"2022/10/20 22:10:00",LKBONNY3,15.965110
D,DISPATCH,UNIT_SCADA,1,"2022/10/20 22:10:00",LK_ECHO,0
D,DISPATCH,UNIT_SCADA,1,"2022/10/20 22:10:00",LNGS1,0
D,DISPATCH,UNIT_SCADA,1,"2022/10/20 22:10:00",LNGS2,0
D,DISPATCH,UNIT_SCADA,1,"2022/10/20 22:10:00",LONSDALE,0
D,DISPATCH,UNIT_SCADA,1,"2022/10/20 22:10:00",LOYYB1,581.202510
D,DISPATCH,UNIT_SCADA,1,"2022/10/20 22:10:00",LOYYB2,574.435420
D,DISPATCH,UNIT_SCADA,1,"2022/10/20 22:10:00",LYA1,559
D,DISPATCH,UNIT_SCADA,1,"2022/10/20 22:10:00",LYA2,0
D,DISPATCH,UNIT_SCADA,1,"2022/10/20 22:10:00",LYA3,560
D,DISPATCH,UNIT_SCADA,1,"2022/10/20 22:10:00",LYA4,560
D,DISPATCH,UNIT_SCADA,1,"2022/10/20 22:10:00",MACARTH1,106.697530
D,DISPATCH,UNIT_SCADA,1,"2022/10/20 22:10:00",MACKNTSH,0
D,DISPATCH,UNIT_SCADA,1,"2022/10/20 22:10:00",MANSLR1,0
D,DISPATCH,UNIT_SCADA,1,"2022/10/20 22:10:00",MAPS2PV1,0
D,DISPATCH,UNIT_SCADA,1,"2022/10/20 22:10:00",MAPS3PV1,0
D,DISPATCH,UNIT_SCADA,1,"2022/10/20 22:10:00",MARYRSF1,0
D,DISPATCH,UNIT_SCADA,1,"2022/10/20 22:10:00",MBPS2PV1,0
D,DISPATCH,UNIT_SCADA,1,"2022/10/20 22:10:00",MCKAY1,219.444990
D,DISPATCH,UNIT_SCADA,1,"2022/10/20 22:10:00",MEADOWBK,6.030380
D,DISPATCH,UNIT_SCADA,1,"2022/10/20 22:10:00",MERCER01,32.30
D,DISPATCH,UNIT_SCADA,1,"2022/10/20 22:10:00",METZSF1,0
D,DISPATCH,UNIT_SCADA,1,"2022/10/20 22:10:00",MEWF1,16.190980
D,DISPATCH,UNIT_SCADA,1,"2022/10/20 22:10:00",MIDDLSF1,0
D,DISPATCH,UNIT_SCADA,1,"2022/10/20 22:10:00",MINTARO,0.128180
D,DISPATCH,UNIT_SCADA,1,"2022/10/20 22:10:00",MOLNGSF1,0
D,DISPATCH,UNIT_SCADA,1,"2022/10/20 22:10:00",MOORAWF1,0
D,DISPATCH,UNIT_SCADA,1,"2022/10/20 22:10:00",MOREESF1,0
D,DISPATCH,UNIT_SCADA,1,"2022/10/20 22:10:00",MORTLK11,0
D,DISPATCH,UNIT_SCADA,1,"2022/10/20 22:10:00",MORTLK12,0
D,DISPATCH,UNIT_SCADA,1,"2022/10/20 22:10:00",MOUSF1,0
D,DISPATCH,UNIT_SCADA,1,"2022/10/20 22:10:00",MP1,0
D,DISPATCH,UNIT_SCADA,1,"2022/10/20 22:10:00",MP2,350.359340
D,DISPATCH,UNIT_SCADA,1,"2022/10/20 22:10:00",MPP_1,205.527510
D,DISPATCH,UNIT_SCADA,1,"2022/10/20 22:10:00",MPP_2,179.7393
D,DISPATCH,UNIT_SCADA,1,"2022/10/20 22:10:00",MRTLSWF1,0
D,DISPATCH,UNIT_SCADA,1,"2022/10/20 22:10:00",MSTUART1,0
D,DISPATCH,UNIT_SCADA,1,"2022/10/20 22:10:00",MSTUART2,0
D,DISPATCH,UNIT_SCADA,1,"2022/10/20 22:10:00",MSTUART3,0
D,DISPATCH,UNIT_SCADA,1,"2022/10/20 22:10:00",MTGELWF1,46.899320
D,DISPATCH,UNIT_SCADA,1,"2022/10/20 22:10:00",MTMILLAR,27.30
D,DISPATCH,UNIT_SCADA,1,"2022/10/20 22:10:00",MURRAY,0
D,DISPATCH,UNIT_SCADA,1,"2022/10/20 22:10:00",MUSSELR1,18.40
D,DISPATCH,UNIT_SCADA,1,"2022/10/20 22:10:00",MUWAWF1,51.55
D,DISPATCH,UNIT_SCADA,1,"2022/10/20 22:10:00",MUWAWF2,64.10
D,DISPATCH,UNIT_SCADA,1,"2022/10/20 22:10:00",MWPS1PV1,0
D,DISPATCH,UNIT_SCADA,1,"2022/10/20 22:10:00",MWPS2PV1,0
D,DISPATCH,UNIT_SCADA,1,"2022/10/20 22:10:00",MWPS3PV1,0
D,DISPATCH,UNIT_SCADA,1,"2022/10/20 22:10:00",MWPS4PV1,0
D,DISPATCH,UNIT_SCADA,1,"2022/10/20 22:10:00",NBHWF1,59.20
D,DISPATCH,UNIT_SCADA,1,"2022/10/20 22:10:00",NEVERSF1,0
D,DISPATCH,UNIT_SCADA,1,"2022/10/20 22:10:00",NPS,0
D,DISPATCH,UNIT_SCADA,1,"2022/10/20 22:10:00",NUMURSF1,0
D,DISPATCH,UNIT_SCADA,1,"2022/10/20 22:10:00",NYNGAN1,0
D,DISPATCH,UNIT_SCADA,1,"2022/10/20 22:10:00",OAKEY1,0
D,DISPATCH,UNIT_SCADA,1,"2022/10/20 22:10:00",OAKEY1SF,0
D,DISPATCH,UNIT_SCADA,1,"2022/10/20 22:10:00",OAKEY2,0
D,DISPATCH,UNIT_SCADA,1,"2022/10/20 22:10:00",OAKEY2SF,0
D,DISPATCH,UNIT_SCADA,1,"2022/10/20 22:10:00",OAKLAND1,5.20
D,DISPATCH,UNIT_SCADA,1,"2022/10/20 22:10:00",OSB-AG,179.569990
D,DISPATCH,UNIT_SCADA,1,"2022/10/20 22:10:00",PAREPS1,0
D,DISPATCH,UNIT_SCADA,1,"2022/10/20 22:10:00",PAREPW1,59.11
D,DISPATCH,UNIT_SCADA,1,"2022/10/20 22:10:00",PARSF1,0.001530
D,DISPATCH,UNIT_SCADA,1,"2022/10/20 22:10:00",POAT110,3.21
D,DISPATCH,UNIT_SCADA,1,"2022/10/20 22:10:00",POAT220,0
D,DISPATCH,UNIT_SCADA,1,"2022/10/20 22:10:00",POR01,0
D,DISPATCH,UNIT_SCADA,1,"2022/10/20 22:10:00",POR03,0
D,DISPATCH,UNIT_SCADA,1,"2022/10/20 22:10:00",PPCCGT,164.827770
D,DISPATCH,UNIT_SCADA,1,"2022/10/20 22:10:00",PTSTAN1,0
D,DISPATCH,UNIT_SCADA,1,"2022/10/20 22:10:00",PUMP1,0
D,DISPATCH,UNIT_SCADA,1,"2022/10/20 22:10:00",PUMP2,0
D,DISPATCH,UNIT_SCADA,1,"2022/10/20 22:10:00",QBYNBG1,0.0015
D,DISPATCH,UNIT_SCADA,1,"2022/10/20 22:10:00",QBYNBL1,0
D,DISPATCH,UNIT_SCADA,1,"2022/10/20 22:10:00",QPS1,0
D,DISPATCH,UNIT_SCADA,1,"2022/10/20 22:10:00",QPS2,0
D,DISPATCH,UNIT_SCADA,1,"2022/10/20 22:10:00",QPS3,0
D,DISPATCH,UNIT_SCADA,1,"2022/10/20 22:10:00",QPS4,0
D,DISPATCH,UNIT_SCADA,1,"2022/10/20 22:10:00",QPS5,0
D,DISPATCH,UNIT_SCADA,1,"2022/10/20 22:10:00",REECE1,0
D,DISPATCH,UNIT_SCADA,1,"2022/10/20 22:10:00",REECE2,0
D,DISPATCH,UNIT_SCADA,1,"2022/10/20 22:10:00",ROMA_7,0
D,DISPATCH,UNIT_SCADA,1,"2022/10/20 22:10:00",ROMA_8,0
D,DISPATCH,UNIT_SCADA,1,"2022/10/20 22:10:00",RRSF1,0
D,DISPATCH,UNIT_SCADA,1,"2022/10/20 22:10:00",RT_NSW1,0
D,DISPATCH,UNIT_SCADA,1,"2022/10/20 22:10:00",RT_NSW2,0
D,DISPATCH,UNIT_SCADA,1,"2022/10/20 22:10:00",RT_NSW3,0
D,DISPATCH,UNIT_SCADA,1,"2022/10/20 22:10:00",RT_NSW4,0
D,DISPATCH,UNIT_SCADA,1,"2022/10/20 22:10:00",RT_NSW5,0
D,DISPATCH,UNIT_SCADA,1,"2022/10/20 22:10:00",RT_NSW6,0
D,DISPATCH,UNIT_SCADA,1,"2022/10/20 22:10:00",RT_QLD1,0
D,DISPATCH,UNIT_SCADA,1,"2022/10/20 22:10:00",RT_SA1,0
D,DISPATCH,UNIT_SCADA,1,"2022/10/20 22:10:00",RT_SA2,0
D,DISPATCH,UNIT_SCADA,1,"2022/10/20 22:10:00",RT_SA3,0
D,DISPATCH,UNIT_SCADA,1,"2022/10/20 22:10:00",RT_SA4,0
D,DISPATCH,UNIT_SCADA,1,"2022/10/20 22:10:00",RT_SA5,0
D,DISPATCH,UNIT_SCADA,1,"2022/10/20 22:10:00",RT_SA6,0
D,DISPATCH,UNIT_SCADA,1,"2022/10/20 22:10:00",RT_TAS1,0
D,DISPATCH,UNIT_SCADA,1,"2022/10/20 22:10:00",RT_VIC1,0
D,DISPATCH,UNIT_SCADA,1,"2022/10/20 22:10:00",RT_VIC10,0
D,DISPATCH,UNIT_SCADA,1,"2022/10/20 22:10:00",RT_VIC11,0
D,DISPATCH,UNIT_SCADA,1,"2022/10/20 22:10:00",RT_VIC12,0
D,DISPATCH,UNIT_SCADA,1,"2022/10/20 22:10:00",RT_VIC2,0
D,DISPATCH,UNIT_SCADA,1,"2022/10/20 22:10:00",RT_VIC3,0
D,DISPATCH,UNIT_SCADA,1,"2022/10/20 22:10:00",RT_VIC4,0
D,DISPATCH,UNIT_SCADA,1,"2022/10/20 22:10:00",RT_VIC5,0
D,DISPATCH,UNIT_SCADA,1,"2022/10/20 22:10:00",RT_VIC6,0
D,DISPATCH,UNIT_SCADA,1,"2022/10/20 22:10:00",RT_VIC7,0
D,DISPATCH,UNIT_SCADA,1,"2022/10/20 22:10:00",RT_VIC8,0
D,DISPATCH,UNIT_SCADA,1,"2022/10/20 22:10:00",RT_VIC9,0
D,DISPATCH,UNIT_SCADA,1,"2022/10/20 22:10:00",RUGBYR1,0
D,DISPATCH,UNIT_SCADA,1,"2022/10/20 22:10:00",SALTCRK1,29.69
D,DISPATCH,UNIT_SCADA,1,"2022/10/20 22:10:00",SAPHWF1,238.951710
D,DISPATCH,UNIT_SCADA,1,"2022/10/20 22:10:00",SEBSF1,0
D,DISPATCH,UNIT_SCADA,1,"2022/10/20 22:10:00",SHGEN,0
D,DISPATCH,UNIT_SCADA,1,"2022/10/20 22:10:00",SHPUMP,0
D,DISPATCH,UNIT_SCADA,1,"2022/10/20 22:10:00",SITHE01,0.123710
D,DISPATCH,UNIT_SCADA,1,"2022/10/20 22:10:00",SMCSF1,0
D,DISPATCH,UNIT_SCADA,1,"2022/10/20 22:10:00",SNAPPER1,0
D,DISPATCH,UNIT_SCADA,1,"2022/10/20 22:10:00",SNOWNTH1,74.90
D,DISPATCH,UNIT_SCADA,1,"2022/10/20 22:10:00",SNOWSTH1,58.80
D,DISPATCH,UNIT_SCADA,1,"2022/10/20 22:10:00",SNOWTWN1,57.723390
D,DISPATCH,UNIT_SCADA,1,"2022/10/20 22:10:00",SNOWYP,0
D,DISPATCH,UNIT_SCADA,1,"2022/10/20 22:10:00",SNUG1,0
D,DISPATCH,UNIT_SCADA,1,"2022/10/20 22:10:00",SRSF1,0
D,DISPATCH,UNIT_SCADA,1,"2022/10/20 22:10:00",STAN-1,279.466490
D,DISPATCH,UNIT_SCADA,1,"2022/10/20 22:10:00",STAN-2,364.307530
D,DISPATCH,UNIT_SCADA,1,"2022/10/20 22:10:00",STAN-3,364.269070
D,DISPATCH,UNIT_SCADA,1,"2022/10/20 22:10:00",STAN-4,364.7305
D,DISPATCH,UNIT_SCADA,1,"2022/10/20 22:10:00",STARHLWF,19.694260
D,DISPATCH,UNIT_SCADA,1,"2022/10/20 22:10:00",STOCKYD1,176.80
D,DISPATCH,UNIT_SCADA,1,"2022/10/20 22:10:00",STWF1,24.780040
D,DISPATCH,UNIT_SCADA,1,"2022/10/20 22:10:00",SUNRSF1,0
D,DISPATCH,UNIT_SCADA,1,"2022/10/20 22:10:00",SUNTPSF1,0
D,DISPATCH,UNIT_SCADA,1,"2022/10/20 22:10:00",SWAN_E,292.102480
D,DISPATCH,UNIT_SCADA,1,"2022/10/20 22:10:00",TALWA1,0
D,DISPATCH,UNIT_SCADA,1,"2022/10/20 22:10:00",TARALGA1,0
D,DISPATCH,UNIT_SCADA,1,"2022/10/20 22:10:00",TARONG#1,349.700010
D,DISPATCH,UNIT_SCADA,1,"2022/10/20 22:10:00",TARONG#2,349.399990
D,DISPATCH,UNIT_SCADA,1,"2022/10/20 22:10:00",TARONG#3,0.90
D,DISPATCH,UNIT_SCADA,1,"2022/10/20 22:10:00",TARONG#4,275.50
D,DISPATCH,UNIT_SCADA,1,"2022/10/20 22:10:00",TARRALEA,54
D,DISPATCH,UNIT_SCADA,1,"2022/10/20 22:10:00",TBSF1,0
D,DISPATCH,UNIT_SCADA,1,"2022/10/20 22:10:00",TNPS1,404.1250
D,DISPATCH,UNIT_SCADA,1,"2022/10/20 22:10:00",TORRB1,0
D,DISPATCH,UNIT_SCADA,1,"2022/10/20 22:10:00",TORRB2,60
D,DISPATCH,UNIT_SCADA,1,"2022/10/20 22:10:00",TORRB3,0
D,DISPATCH,UNIT_SCADA,1,"2022/10/20 22:10:00",TORRB4,0
D,DISPATCH,UNIT_SCADA,1,"2022/10/20 22:10:00",TREVALLN,98.295720
D,DISPATCH,UNIT_SCADA,1,"2022/10/20 22:10:00",TRIBUTE,0
D,DISPATCH,UNIT_SCADA,1,"2022/10/20 22:10:00",TUMUT3,0
D,DISPATCH,UNIT_SCADA,1,"2022/10/20 22:10:00",TUNGATIN,5.950020
D,DISPATCH,UNIT_SCADA,1,"2022/10/20 22:10:00",TVCC201,0
D,DISPATCH,UNIT_SCADA,1,"2022/10/20 22:10:00",TVPP104,0
D,DISPATCH,UNIT_SCADA,1,"2022/10/20 22:10:00",UPPTUMUT,0
D,DISPATCH,UNIT_SCADA,1,"2022/10/20 22:10:00",URANQ11,0
D,DISPATCH,UNIT_SCADA,1,"2022/10/20 22:10:00",URANQ12,0
D,DISPATCH,UNIT_SCADA,1,"2022/10/20 22:10:00",URANQ13,0
D,DISPATCH,UNIT_SCADA,1,"2022/10/20 22:10:00",URANQ14,0
D,DISPATCH,UNIT_SCADA,1,"2022/10/20 22:10:00",VBBG1,0
D,DISPATCH,UNIT_SCADA,1,"2022/10/20 22:10:00",VBBL1,0
D,DISPATCH,UNIT_SCADA,1,"2022/10/20 22:10:00",VP5,559.611820
D,DISPATCH,UNIT_SCADA,1,"2022/10/20 22:10:00",VP6,560.222170
D,DISPATCH,UNIT_SCADA,1,"2022/10/20 22:10:00",VPGS1,0
D,DISPATCH,UNIT_SCADA,1,"2022/10/20 22:10:00",VPGS2,0
D,DISPATCH,UNIT_SCADA,1,"2022/10/20 22:10:00",VPGS3,0
D,DISPATCH,UNIT_SCADA,1,"2022/10/20 22:10:00",VPGS4,0
D,DISPATCH,UNIT_SCADA,1,"2022/10/20 22:10:00",VPGS5,0
D,DISPATCH,UNIT_SCADA,1,"2022/10/20 22:10:00",VPGS6,0
D,DISPATCH,UNIT_SCADA,1,"2022/10/20 22:10:00",W/HOE#1,0
D,DISPATCH,UNIT_SCADA,1,"2022/10/20 22:10:00",W/HOE#2,0
D,DISPATCH,UNIT_SCADA,1,"2022/10/20 22:10:00",WAGGNSF1,0
D,DISPATCH,UNIT_SCADA,1,"2022/10/20 22:10:00",WALGRVG1,0
D,DISPATCH,UNIT_SCADA,1,"2022/10/20 22:10:00",WALGRVL1,2.569940
D,DISPATCH,UNIT_SCADA,1,"2022/10/20 22:10:00",WANDBG1,0
D,DISPATCH,UNIT_SCADA,1,"2022/10/20 22:10:00",WANDBL1,0
D,DISPATCH,UNIT_SCADA,1,"2022/10/20 22:10:00",WARWSF1,0
D,DISPATCH,UNIT_SCADA,1,"2022/10/20 22:10:00",WARWSF2,0
D,DISPATCH,UNIT_SCADA,1,"2022/10/20 22:10:00",WATERLWF,29.70
D,DISPATCH,UNIT_SCADA,1,"2022/10/20 22:10:00",WDGPH1,0
D,DISPATCH,UNIT_SCADA,1,"2022/10/20 22:10:00",WELLSF1,0
D,DISPATCH,UNIT_SCADA,1,"2022/10/20 22:10:00",WEMENSF1,0
D,DISPATCH,UNIT_SCADA,1,"2022/10/20 22:10:00",WGWF1,17.50
D,DISPATCH,UNIT_SCADA,1,"2022/10/20 22:10:00",WHITSF1,0
D,DISPATCH,UNIT_SCADA,1,"2022/10/20 22:10:00",WINTSF1,0
D,DISPATCH,UNIT_SCADA,1,"2022/10/20 22:10:00",WKIEWA1,33.90
D,DISPATCH,UNIT_SCADA,1,"2022/10/20 22:10:00",WKIEWA2,34.10
D,DISPATCH,UNIT_SCADA,1,"2022/10/20 22:10:00",WOODLWN1,39.775510
D,DISPATCH,UNIT_SCADA,1,"2022/10/20 22:10:00",WOOLGSF1,0
D,DISPATCH,UNIT_SCADA,1,"2022/10/20 22:10:00",WPWF,60.72
D,DISPATCH,UNIT_SCADA,1,"2022/10/20 22:10:00",WRSF1,0
D,DISPATCH,UNIT_SCADA,1,"2022/10/20 22:10:00",WRWF1,118.402070
D,DISPATCH,UNIT_SCADA,1,"2022/10/20 22:10:00",WSTWYSF1,0
D,DISPATCH,UNIT_SCADA,1,"2022/10/20 22:10:00",YABULU,0
D,DISPATCH,UNIT_SCADA,1,"2022/10/20 22:10:00",YABULU2,0
D,DISPATCH,UNIT_SCADA,1,"2022/10/20 22:10:00",YARANSF1,0
D,DISPATCH,UNIT_SCADA,1,"2022/10/20 22:10:00",YARWUN_1,162.429990
D,DISPATCH,UNIT_SCADA,1,"2022/10/20 22:10:00",YATSF1,0
D,DISPATCH,UNIT_SCADA,1,"2022/10/20 22:10:00",YENDWF1,6.80
D,DISPATCH,UNIT_SCADA,1,"2022/10/20 22:10:00",YWPS1,320.0481
D,DISPATCH,UNIT_SCADA,1,"2022/10/20 22:10:00",YWPS2,360.650630
D,DISPATCH,UNIT_SCADA,1,"2022/10/20 22:10:00",YWPS3,359.953160
D,DISPATCH,UNIT_SCADA,1,"2022/10/20 22:10:00",YWPS4,0
C,"END OF REPORT",419
