C,NEMP.WORLD,DISPATCHSCADA,AEMO,PUBLIC,2022/10/20,21:10:09,0000000373281211,DISPATCHSCADA,0000000373281205
I,DISPATCH,UNIT_SCADA,1,SETTLEMENTDATE,DUID,SCADAVALUE
D,DISPATCH,UNIT_SCADA,1,"2022/10/20 21:15:00",BARCSF1,0
D,DISPATCH,UNIT_SCADA,1,"2022/10/20 21:15:00",BUTLERSG,8.699999
D,DISPATCH,UNIT_SCADA,1,"2022/10/20 21:15:00",CAPTL_WF,90.700607
D,DISPATCH,UNIT_SCADA,1,"2022/10/20 21:15:00",CHALLHWF,9.10
D,DISPATCH,UNIT_SCADA,1,"2022/10/20 21:15:00",CLOVER,13.21
D,DISPATCH,UNIT_SCADA,1,"2022/10/20 21:15:00",CLUNY,6.295720
D,DISPATCH,UNIT_SCADA,1,"2022/10/20 21:15:00",CULLRGWF,-0.04
D,DISPATCH,UNIT_SCADA,1,"2022/10/20 21:15:00",DIAPURWF1,5.80
D,DISPATCH,UNIT_SCADA,1,"2022/10/20 21:15:00",ERGT01,0
D,DISPATCH,UNIT_SCADA,1,"2022/10/20 21:15:00",GB01,0
D,DISPATCH,UNIT_SCADA,1,"2022/10/20 21:15:00",GERMCRK,19.200001
D,DISPATCH,UNIT_SCADA,1,"2022/10/20 21:15:00",GRIFSF1,0.001526
D,DISPATCH,UNIT_SCADA,1,"2022/10/20 21:15:00",HEZ1,0
D,DISPATCH,UNIT_SCADA,1,"2022/10/20 21:15:00",HUGSF1,-0.1050
D,DISPATCH,UNIT_SCADA,1,"2022/10/20 21:15:00",KEPBG1,0
D,DISPATCH,UNIT_SCADA,1,"2022/10/20 21:15:00",LRSF1,-0.0320
D,DISPATCH,UNIT_SCADA,1,"2022/10/20 21:15:00",MBAHNTH,44.849991
D,DISPATCH,UNIT_SCADA,1,"2022/10/20 21:15:00",MLSP1,0
D,DISPATCH,UNIT_SCADA,1,"2022/10/20 21:15:00",MLWF1,5.3550
D,DISPATCH,UNIT_SCADA,1,"2022/10/20 21:15:00",PALOONA,30.65
D,DISPATCH,UNIT_SCADA,1,"2022/10/20 21:15:00",PIONEER,25.60
D,DISPATCH,UNIT_SCADA,1,"2022/10/20 21:15:00",PORTWF,39.50
D,DISPATCH,UNIT_SCADA,1,"2022/10/20 21:15:00",REPULSE,9.282979
D,DISPATCH,UNIT_SCADA,1,"2022/10/20 21:15:00",ROWALLAN,8.8821
D,DISPATCH,UNIT_SCADA,1,"2022/10/20 21:15:00",ROYALLA1,0
D,DISPATCH,UNIT_SCADA,1,"2022/10/20 21:15:00",RPCG,-0.50
D,DISPATCH,UNIT_SCADA,1,"2022/10/20 21:15:00",RUBICON,0
D,DISPATCH,UNIT_SCADA,1,"2022/10/20 21:15:00",WAUBRAWF,48.3120
D,DISPATCH,UNIT_SCADA,1,"2022/10/20 21:15:00",WOOLNTH1,79.949997
D,DISPATCH,UNIT_SCADA,1,"2022/10/20 21:15:00",YAMBUKWF,4
D,DISPATCH,UNIT_SCADA,1,"2022/10/20 21:15:00",YSWF1,0.20
D,DISPATCH,UNIT_SCADA,1,"2022/10/20 21:15:00",ADPBA1G,0.0080
D,DISPATCH,UNIT_SCADA,1,"2022/10/20 21:15:00",ADPBA1L,0
D,DISPATCH,UNIT_SCADA,1,"2022/10/20 21:15:00",ADPPV1,0
D,DISPATCH,UNIT_SCADA,1,"2022/10/20 21:15:00",AGLHAL,30.915260
D,DISPATCH,UNIT_SCADA,1,"2022/10/20 21:15:00",AGLSOM,0
D,DISPATCH,UNIT_SCADA,1,"2022/10/20 21:15:00",ANGAST1,0
D,DISPATCH,UNIT_SCADA,1,"2022/10/20 21:15:00",ARWF1,3.70
D,DISPATCH,UNIT_SCADA,1,"2022/10/20 21:15:00",BALBG1,3.04
D,DISPATCH,UNIT_SCADA,1,"2022/10/20 21:15:00",BALBL1,0
D,DISPATCH,UNIT_SCADA,1,"2022/10/20 21:15:00",BALDHWF1,101.550990
D,DISPATCH,UNIT_SCADA,1,"2022/10/20 21:15:00",BANGOWF1,84.798660
D,DISPATCH,UNIT_SCADA,1,"2022/10/20 21:15:00",BANGOWF2,63.498050
D,DISPATCH,UNIT_SCADA,1,"2022/10/20 21:15:00",BANN1,0
D,DISPATCH,UNIT_SCADA,1,"2022/10/20 21:15:00",BARCALDN,0
D,DISPATCH,UNIT_SCADA,1,"2022/10/20 21:15:00",BARKIPS1,191.259990
D,DISPATCH,UNIT_SCADA,1,"2022/10/20 21:15:00",BARRON-1,0
D,DISPATCH,UNIT_SCADA,1,"2022/10/20 21:15:00",BARRON-2,0
D,DISPATCH,UNIT_SCADA,1,"2022/10/20 21:15:00",BASTYAN,0
D,DISPATCH,UNIT_SCADA,1,"2022/10/20 21:15:00",BBTHREE1,0
D,DISPATCH,UNIT_SCADA,1,"2022/10/20 21:15:00",BBTHREE2,0
D,DISPATCH,UNIT_SCADA,1,"2022/10/20 21:15:00",BBTHREE3,-1.28
D,DISPATCH,UNIT_SCADA,1,"2022/10/20 21:15:00",BDL01,0
D,DISPATCH,UNIT_SCADA,1,"2022/10/20 21:15:00",BDL02,0
D,DISPATCH,UNIT_SCADA,1,"2022/10/20 21:15:00",BERYLSF1,0
D,DISPATCH,UNIT_SCADA,1,"2022/10/20 21:15:00",BLOWERNG,62.60
D,DISPATCH,UNIT_SCADA,1,"2022/10/20 21:15:00",BLUEGSF1,0
D,DISPATCH,UNIT_SCADA,1,"2022/10/20 21:15:00",BLUFF1,11.10
D,DISPATCH,UNIT_SCADA,1,"2022/10/20 21:15:00",BNGSF1,0
D,DISPATCH,UNIT_SCADA,1,"2022/10/20 21:15:00",BNGSF2,0
D,DISPATCH,UNIT_SCADA,1,"2022/10/20 21:15:00",BOCORWF1,25.96
D,DISPATCH,UNIT_SCADA,1,"2022/10/20 21:15:00",BODWF1,111.121340
D,DISPATCH,UNIT_SCADA,1,"2022/10/20 21:15:00",BOMENSF1,0
D,DISPATCH,UNIT_SCADA,1,"2022/10/20 21:15:00",BOWWBA1G,0.0010
D,DISPATCH,UNIT_SCADA,1,"2022/10/20 21:15:00",BOWWBA1L,0
D,DISPATCH,UNIT_SCADA,1,"2022/10/20 21:15:00",BOWWPV1,0.0010
D,DISPATCH,UNIT_SCADA,1,"2022/10/20 21:15:00",BRAEMAR1,0
D,DISPATCH,UNIT_SCADA,1,"2022/10/20 21:15:00",BRAEMAR2,0
D,DISPATCH,UNIT_SCADA,1,"2022/10/20 21:15:00",BRAEMAR3,0
D,DISPATCH,UNIT_SCADA,1,"2022/10/20 21:15:00",BRAEMAR5,143.259980
D,DISPATCH,UNIT_SCADA,1,"2022/10/20 21:15:00",BRAEMAR6,0
D,DISPATCH,UNIT_SCADA,1,"2022/10/20 21:15:00",BRAEMAR7,138.4259
D,DISPATCH,UNIT_SCADA,1,"2022/10/20 21:15:00",BROKENH1,0
D,DISPATCH,UNIT_SCADA,1,"2022/10/20 21:15:00",BRYB1WF1,71.366450
D,DISPATCH,UNIT_SCADA,1,"2022/10/20 21:15:00",BULBESG1,0
D,DISPATCH,UNIT_SCADA,1,"2022/10/20 21:15:00",BULBESL1,0.03
D,DISPATCH,UNIT_SCADA,1,"2022/10/20 21:15:00",BULGANA1,23.26
D,DISPATCH,UNIT_SCADA,1,"2022/10/20 21:15:00",BW01,655.637450
D,DISPATCH,UNIT_SCADA,1,"2022/10/20 21:15:00",BW02,636.569760
D,DISPATCH,UNIT_SCADA,1,"2022/10/20 21:15:00",BW03,575.338380
D,DISPATCH,UNIT_SCADA,1,"2022/10/20 21:15:00",BW04,0
D,DISPATCH,UNIT_SCADA,1,"2022/10/20 21:15:00",CALL_B_1,318.700010
D,DISPATCH,UNIT_SCADA,1,"2022/10/20 21:15:00",CALL_B_2,318.50
D,DISPATCH,UNIT_SCADA,1,"2022/10/20 21:15:00",CATHROCK,0.90
D,DISPATCH,UNIT_SCADA,1,"2022/10/20 21:15:00",CBWWBA1G,0
D,DISPATCH,UNIT_SCADA,1,"2022/10/20 21:15:00",CBWWBA1L,0
D,DISPATCH,UNIT_SCADA,1,"2022/10/20 21:15:00",CETHANA,95.55
D,DISPATCH,UNIT_SCADA,1,"2022/10/20 21:15:00",CG1,0
D,DISPATCH,UNIT_SCADA,1,"2022/10/20 21:15:00",CG2,0
D,DISPATCH,UNIT_SCADA,1,"2022/10/20 21:15:00",CG3,0
D,DISPATCH,UNIT_SCADA,1,"2022/10/20 21:15:00",CG4,0
D,DISPATCH,UNIT_SCADA,1,"2022/10/20 21:15:00",CHILDSF1,0
D,DISPATCH,UNIT_SCADA,1,"2022/10/20 21:15:00",CHYTWF1,7.83
D,DISPATCH,UNIT_SCADA,1,"2022/10/20 21:15:00",CLARESF1,0
D,DISPATCH,UNIT_SCADA,1,"2022/10/20 21:15:00",CLEMGPWF,0.864420
D,DISPATCH,UNIT_SCADA,1,"2022/10/20 21:15:00",CLERMSF1,0
D,DISPATCH,UNIT_SCADA,1,"2022/10/20 21:15:00",CNUNDAWF,15.5181
D,DISPATCH,UNIT_SCADA,1,"2022/10/20 21:15:00",COHUNSF1,0
D,DISPATCH,UNIT_SCADA,1,"2022/10/20 21:15:00",COLEASF1,0
D,DISPATCH,UNIT_SCADA,1,"2022/10/20 21:15:00",COLUMSF1,0
D,DISPATCH,UNIT_SCADA,1,"2022/10/20 21:15:00",COLWF01,130.4570
D,DISPATCH,UNIT_SCADA,1,"2022/10/20 21:15:00",COOPGWF1,381.850010
D,DISPATCH,UNIT_SCADA,1,"2022/10/20 21:15:00",CPP_3,380.050020
D,DISPATCH,UNIT_SCADA,1,"2022/10/20 21:15:00",CPP_4,0
D,DISPATCH,UNIT_SCADA,1,"2022/10/20 21:15:00",CPSA,0
D,DISPATCH,UNIT_SCADA,1,"2022/10/20 21:15:00",CROOKWF2,35.594410
D,DISPATCH,UNIT_SCADA,1,"2022/10/20 21:15:00",CROWLWF1,18.993150
D,DISPATCH,UNIT_SCADA,1,"2022/10/20 21:15:00",CRURWF1,79.499430
D,DISPATCH,UNIT_SCADA,1,"2022/10/20 21:15:00",CRWASF1,0
D,DISPATCH,UNIT_SCADA,1,"2022/10/20 21:15:00",CSPVPS1,0
D,DISPATCH,UNIT_SCADA,1,"2022/10/20 21:15:00",CTHLWF1,0.003050
D,DISPATCH,UNIT_SCADA,1,"2022/10/20 21:15:00",DALNTH01,0
D,DISPATCH,UNIT_SCADA,1,"2022/10/20 21:15:00",DALNTHL1,0.096130
D,DISPATCH,UNIT_SCADA,1,"2022/10/20 21:15:00",DARLSF1,0
D,DISPATCH,UNIT_SCADA,1,"2022/10/20 21:15:00",DARTM1,0
D,DISPATCH,UNIT_SCADA,1,"2022/10/20 21:15:00",DAYDSF1,0
D,DISPATCH,UNIT_SCADA,1,"2022/10/20 21:15:00",DDPS1,0
D,DISPATCH,UNIT_SCADA,1,"2022/10/20 21:15:00",DDSF1,0
D,DISPATCH,UNIT_SCADA,1,"2022/10/20 21:15:00",DEVILS_G,45.540940
D,DISPATCH,UNIT_SCADA,1,"2022/10/20 21:15:00",DG_NSW1,0
D,DISPATCH,UNIT_SCADA,1,"2022/10/20 21:15:00",DG_QLD1,0
D,DISPATCH,UNIT_SCADA,1,"2022/10/20 21:15:00",DG_SA1,0
D,DISPATCH,UNIT_SCADA,1,"2022/10/20 21:15:00",DG_TAS1,0
D,DISPATCH,UNIT_SCADA,1,"2022/10/20 21:15:00",DG_VIC1,0
D,DISPATCH,UNIT_SCADA,1,"2022/10/20 21:15:00",DRYCGT1,0
D,DISPATCH,UNIT_SCADA,1,"2022/10/20 21:15:00",DRYCGT2,0
D,DISPATCH,UNIT_SCADA,1,"2022/10/20 21:15:00",DRYCGT3,0
D,DISPATCH,UNIT_SCADA,1,"2022/10/20 21:15:00",DUNDWF1,72.79
D,DISPATCH,UNIT_SCADA,1,"2022/10/20 21:15:00",DUNDWF2,24.34
D,DISPATCH,UNIT_SCADA,1,"2022/10/20 21:15:00",DUNDWF3,77.56
D,DISPATCH,UNIT_SCADA,1,"2022/10/20 21:15:00",EILDON1,59.92
D,DISPATCH,UNIT_SCADA,1,"2022/10/20 21:15:00",EILDON2,60.08
D,DISPATCH,UNIT_SCADA,1,"2022/10/20 21:15:00",ELAINWF1,7.92
D,DISPATCH,UNIT_SCADA,1,"2022/10/20 21:15:00",EMERASF1,0
D,DISPATCH,UNIT_SCADA,1,"2022/10/20 21:15:00",ER01,0
D,DISPATCH,UNIT_SCADA,1,"2022/10/20 21:15:00",ER02,664.255740
D,DISPATCH,UNIT_SCADA,1,"2022/10/20 21:15:00",ER03,681.174930
D,DISPATCH,UNIT_SCADA,1,"2022/10/20 21:15:00",ER04,671.360350
D,DISPATCH,UNIT_SCADA,1,"2022/10/20 21:15:00",FINLYSF1,0
D,DISPATCH,UNIT_SCADA,1,"2022/10/20 21:15:00",FISHER,43.84
D,DISPATCH,UNIT_SCADA,1,"2022/10/20 21:15:00",GANGARR1,0
D,DISPATCH,UNIT_SCADA,1,"2022/10/20 21:15:00",GANNBG1,0
D,DISPATCH,UNIT_SCADA,1,"2022/10/20 21:15:00",GANNBL1,0.529610
D,DISPATCH,UNIT_SCADA,1,"2022/10/20 21:15:00",GANNSF1,0
D,DISPATCH,UNIT_SCADA,1,"2022/10/20 21:15:00",GLRWNSF1,0
D,DISPATCH,UNIT_SCADA,1,"2022/10/20 21:15:00",GNNDHSF1,0
D,DISPATCH,UNIT_SCADA,1,"2022/10/20 21:15:00",GOONSF1,0
D,DISPATCH,UNIT_SCADA,1,"2022/10/20 21:15:00",GORDON,239.195890
D,DISPATCH,UNIT_SCADA,1,"2022/10/20 21:15:00",GRANWF1,0
D,DISPATCH,UNIT_SCADA,1,"2022/10/20 21:15:00",GSTONE1,201.95
D,DISPATCH,UNIT_SCADA,1,"2022/10/20 21:15:00",GSTONE2,0
D,DISPATCH,UNIT_SCADA,1,"2022/10/20 21:15:00",GSTONE3,200.024990
D,DISPATCH,UNIT_SCADA,1,"2022/10/20 21:15:00",GSTONE4,0
D,DISPATCH,UNIT_SCADA,1,"2022/10/20 21:15:00",GSTONE5,201.95
D,DISPATCH,UNIT_SCADA,1,"2022/10/20 21:15:00",GSTONE6,202.30
D,DISPATCH,UNIT_SCADA,1,"2022/10/20 21:15:00",GULLRSF1,0
D,DISPATCH,UNIT_SCADA,1,"2022/10/20 21:15:00",GULLRWF1,72.4639
D,DISPATCH,UNIT_SCADA,1,"2022/10/20 21:15:00",GULLRWF2,95.812990
D,DISPATCH,UNIT_SCADA,1,"2022/10/20 21:15:00",GUNNING1,0
D,DISPATCH,UNIT_SCADA,1,"2022/10/20 21:15:00",GUTHEGA,67.60
D,DISPATCH,UNIT_SCADA,1,"2022/10/20 21:15:00",HALLWF1,21.18
D,DISPATCH,UNIT_SCADA,1,"2022/10/20 21:15:00",HALLWF2,24.92
D,DISPATCH,UNIT_SCADA,1,"2022/10/20 21:15:00",HAMISF1,0
D,DISPATCH,UNIT_SCADA,1,"2022/10/20 21:15:00",HAUGHT11,0
D,DISPATCH,UNIT_SCADA,1,"2022/10/20 21:15:00",HAYMSF1,0
D,DISPATCH,UNIT_SCADA,1,"2022/10/20 21:15:00",HDWF1,14.10
D,DISPATCH,UNIT_SCADA,1,"2022/10/20 21:15:00",HDWF2,8.50
D,DISPATCH,UNIT_SCADA,1,"2022/10/20 21:15:00",HDWF3,13.40
D,DISPATCH,UNIT_SCADA,1,"2022/10/20 21:15:00",HILLSTN1,0
D,DISPATCH,UNIT_SCADA,1,"2022/10/20 21:15:00",HPRG1,0
D,DISPATCH,UNIT_SCADA,1,"2022/10/20 21:15:00",HPRL1,2.10
D,DISPATCH,UNIT_SCADA,1,"2022/10/20 21:15:00",HUMENSW,54.404470
D,DISPATCH,UNIT_SCADA,1,"2022/10/20 21:15:00",HUMEV,0
D,DISPATCH,UNIT_SCADA,1,"2022/10/20 21:15:00",HVWWBA1G,0
D,DISPATCH,UNIT_SCADA,1,"2022/10/20 21:15:00",HVWWBA1L,0.0060
D,DISPATCH,UNIT_SCADA,1,"2022/10/20 21:15:00",HVWWPV1,0
D,DISPATCH,UNIT_SCADA,1,"2022/10/20 21:15:00",JBUTTERS,0
D,DISPATCH,UNIT_SCADA,1,"2022/10/20 21:15:00",JEMALNG1,0
D,DISPATCH,UNIT_SCADA,1,"2022/10/20 21:15:00",JLA01,0
D,DISPATCH,UNIT_SCADA,1,"2022/10/20 21:15:00",JLA02,0
D,DISPATCH,UNIT_SCADA,1,"2022/10/20 21:15:00",JLA03,0
D,DISPATCH,UNIT_SCADA,1,"2022/10/20 21:15:00",JLA04,0
D,DISPATCH,UNIT_SCADA,1,"2022/10/20 21:15:00",JLB01,0
D,DISPATCH,UNIT_SCADA,1,"2022/10/20 21:15:00",JLB02,0.10
D,DISPATCH,UNIT_SCADA,1,"2022/10/20 21:15:00",JLB03,0
D,DISPATCH,UNIT_SCADA,1,"2022/10/20 21:15:00",JUNEESF1,0
D,DISPATCH,UNIT_SCADA,1,"2022/10/20 21:15:00",KABANWF1,1.2050
D,DISPATCH,UNIT_SCADA,1,"2022/10/20 21:15:00",KAREEYA1,0
D,DISPATCH,UNIT_SCADA,1,"2022/10/20 21:15:00",KAREEYA2,0
D,DISPATCH,UNIT_SCADA,1,"2022/10/20 21:15:00",KAREEYA3,4.7075
D,DISPATCH,UNIT_SCADA,1,"2022/10/20 21:15:00",KAREEYA4,0
D,DISPATCH,UNIT_SCADA,1,"2022/10/20 21:15:00",KARSF1,0
D,DISPATCH,UNIT_SCADA,1,"2022/10/20 21:15:00",KEPSF1,0
D,DISPATCH,UNIT_SCADA,1,"2022/10/20 21:15:00",KEPWF1,2.05
D,DISPATCH,UNIT_SCADA,1,"2022/10/20 21:15:00",KIAMSF1,0
D,DISPATCH,UNIT_SCADA,1,"2022/10/20 21:15:00",KIATAWF1,7.70
D,DISPATCH,UNIT_SCADA,1,"2022/10/20 21:15:00",KPP_1,0
D,DISPATCH,UNIT_SCADA,1,"2022/10/20 21:15:00",KSP1,0
D,DISPATCH,UNIT_SCADA,1,"2022/10/20 21:15:00",LADBROK1,0.01
D,DISPATCH,UNIT_SCADA,1,"2022/10/20 21:15:00",LADBROK2,0.02
D,DISPATCH,UNIT_SCADA,1,"2022/10/20 21:15:00",LBBG1,0
D,DISPATCH,UNIT_SCADA,1,"2022/10/20 21:15:00",LBBL1,0.15
D,DISPATCH,UNIT_SCADA,1,"2022/10/20 21:15:00",LD01,377.0806
D,DISPATCH,UNIT_SCADA,1,"2022/10/20 21:15:00",LD02,90.127270
D,DISPATCH,UNIT_SCADA,1,"2022/10/20 21:15:00",LD04,308.688630
D,DISPATCH,UNIT_SCADA,1,"2022/10/20 21:15:00",LEM_WIL,86.259660
D,DISPATCH,UNIT_SCADA,1,"2022/10/20 21:15:00",LGAPWF1,97.55
D,DISPATCH,UNIT_SCADA,1,"2022/10/20 21:15:00",LGAPWF2,61.12
D,DISPATCH,UNIT_SCADA,1,"2022/10/20 21:15:00",LILYSF1,0
D,DISPATCH,UNIT_SCADA,1,"2022/10/20 21:15:00",LIMOSF11,0
D,DISPATCH,UNIT_SCADA,1,"2022/10/20 21:15:00",LIMOSF21,0
D,DISPATCH,UNIT_SCADA,1,"2022/10/20 21:15:00",LI_WY_CA,62.826410
D,DISPATCH,UNIT_SCADA,1,"2022/10/20 21:15:00",LKBONNY1,16.700860
D,DISPATCH,UNIT_SCADA,1,"2022/10/20 21:15:00",LKBONNY2,57.1018
D,DISPATCH,UNIT_SCADA,1,"2022/10/20 21:15:00",LKBONNY3,14.234630
D,DISPATCH,UNIT_SCADA,1,"2022/10/20 21:15:00",LK_ECHO,0
D,DISPATCH,UNIT_SCADA,1,"2022/10/20 21:15:00",LNGS1,0
D,DISPATCH,UNIT_SCADA,1,"2022/10/20 21:15:00",LNGS2,0
D,DISPATCH,UNIT_SCADA,1,"2022/10/20 21:15:00",LONSDALE,0
D,DISPATCH,UNIT_SCADA,1,"2022/10/20 21:15:00",LOYYB1,579.322810
D,DISPATCH,UNIT_SCADA,1,"2022/10/20 21:15:00",LOYYB2,572.931640
D,DISPATCH,UNIT_SCADA,1,"2022/10/20 21:15:00",LYA1,556
D,DISPATCH,UNIT_SCADA,1,"2022/10/20 21:15:00",LYA2,0
D,DISPATCH,UNIT_SCADA,1,"2022/10/20 21:15:00",LYA3,555
D,DISPATCH,UNIT_SCADA,1,"2022/10/20 21:15:00",LYA4,556
D,DISPATCH,UNIT_SCADA,1,"2022/10/20 21:15:00",MACARTH1,135.196880
D,DISPATCH,UNIT_SCADA,1,"2022/10/20 21:15:00",MACKNTSH,0
D,DISPATCH,UNIT_SCADA,1,"2022/10/20 21:15:00",MANSLR1,0
D,DISPATCH,UNIT_SCADA,1,"2022/10/20 21:15:00",MAPS2PV1,0
D,DISPATCH,UNIT_SCADA,1,"2022/10/20 21:15:00",MAPS3PV1,0
D,DISPATCH,UNIT_SCADA,1,"2022/10/20 21:15:00",MARYRSF1,0
D,DISPATCH,UNIT_SCADA,1,"2022/10/20 21:15:00",MBPS2PV1,0
D,DISPATCH,UNIT_SCADA,1,"2022/10/20 21:15:00",MCKAY1,219.450010
D,DISPATCH,UNIT_SCADA,1,"2022/10/20 21:15:00",MEADOWBK,19.834520
D,DISPATCH,UNIT_SCADA,1,"2022/10/20 21:15:00",MERCER01,21.50
D,DISPATCH,UNIT_SCADA,1,"2022/10/20 21:15:00",METZSF1,0
D,DISPATCH,UNIT_SCADA,1,"2022/10/20 21:15:00",MEWF1,18.670590
D,DISPATCH,UNIT_SCADA,1,"2022/10/20 21:15:00",MIDDLSF1,0
D,DISPATCH,UNIT_SCADA,1,"2022/10/20 21:15:00",MINTARO,0.128180
D,DISPATCH,UNIT_SCADA,1,"2022/10/20 21:15:00",MOLNGSF1,0
D,DISPATCH,UNIT_SCADA,1,"2022/10/20 21:15:00",MOORAWF1,15.19
D,DISPATCH,UNIT_SCADA,1,"2022/10/20 21:15:00",MOREESF1,0
D,DISPATCH,UNIT_SCADA,1,"2022/10/20 21:15:00",MORTLK11,0
D,DISPATCH,UNIT_SCADA,1,"2022/10/20 21:15:00",MORTLK12,0
D,DISPATCH,UNIT_SCADA,1,"2022/10/20 21:15:00",MOUSF1,0
D,DISPATCH,UNIT_SCADA,1,"2022/10/20 21:15:00",MP1,0
D,DISPATCH,UNIT_SCADA,1,"2022/10/20 21:15:00",MP2,428.412290
D,DISPATCH,UNIT_SCADA,1,"2022/10/20 21:15:00",MPP_1,187.109540
D,DISPATCH,UNIT_SCADA,1,"2022/10/20 21:15:00",MPP_2,179.022110
D,DISPATCH,UNIT_SCADA,1,"2022/10/20 21:15:00",MRTLSWF1,0
D,DISPATCH,UNIT_SCADA,1,"2022/10/20 21:15:00",MSTUART1,0
D,DISPATCH,UNIT_SCADA,1,"2022/10/20 21:15:00",MSTUART2,0
D,DISPATCH,UNIT_SCADA,1,"2022/10/20 21:15:00",MSTUART3,0
D,DISPATCH,UNIT_SCADA,1,"2022/10/20 21:15:00",MTGELWF1,36.899930
D,DISPATCH,UNIT_SCADA,1,"2022/10/20 21:15:00",MTMILLAR,25.40
D,DISPATCH,UNIT_SCADA,1,"2022/10/20 21:15:00",MURRAY,0.50
D,DISPATCH,UNIT_SCADA,1,"2022/10/20 21:15:00",MUSSELR1,20.30
D,DISPATCH,UNIT_SCADA,1,"2022/10/20 21:15:00",MUWAWF1,25.38
D,DISPATCH,UNIT_SCADA,1,"2022/10/20 21:15:00",MUWAWF2,17
D,DISPATCH,UNIT_SCADA,1,"2022/10/20 21:15:00",MWPS1PV1,0
D,DISPATCH,UNIT_SCADA,1,"2022/10/20 21:15:00",MWPS2PV1,0
D,DISPATCH,UNIT_SCADA,1,"2022/10/20 21:15:00",MWPS3PV1,0
D,DISPATCH,UNIT_SCADA,1,"2022/10/20 21:15:00",MWPS4PV1,0
D,DISPATCH,UNIT_SCADA,1,"2022/10/20 21:15:00",NBHWF1,27.60
D,DISPATCH,UNIT_SCADA,1,"2022/10/20 21:15:00",NEVERSF1,0
D,DISPATCH,UNIT_SCADA,1,"2022/10/20 21:15:00",NPS,0
D,DISPATCH,UNIT_SCADA,1,"2022/10/20 21:15:00",NUMURSF1,0
D,DISPATCH,UNIT_SCADA,1,"2022/10/20 21:15:00",NYNGAN1,0
D,DISPATCH,UNIT_SCADA,1,"2022/10/20 21:15:00",OAKEY1,0
D,DISPATCH,UNIT_SCADA,1,"2022/10/20 21:15:00",OAKEY1SF,0
D,DISPATCH,UNIT_SCADA,1,"2022/10/20 21:15:00",OAKEY2,0
D,DISPATCH,UNIT_SCADA,1,"2022/10/20 21:15:00",OAKEY2SF,0
D,DISPATCH,UNIT_SCADA,1,"2022/10/20 21:15:00",OAKLAND1,18.50
D,DISPATCH,UNIT_SCADA,1,"2022/10/20 21:15:00",OSB-AG,179.829990
D,DISPATCH,UNIT_SCADA,1,"2022/10/20 21:15:00",PAREPS1,0
D,DISPATCH,UNIT_SCADA,1,"2022/10/20 21:15:00",PAREPW1,62.30
D,DISPATCH,UNIT_SCADA,1,"2022/10/20 21:15:00",PARSF1,0.001530
D,DISPATCH,UNIT_SCADA,1,"2022/10/20 21:15:00",POAT110,3.27
D,DISPATCH,UNIT_SCADA,1,"2022/10/20 21:15:00",POAT220,0
D,DISPATCH,UNIT_SCADA,1,"2022/10/20 21:15:00",POR01,0
D,DISPATCH,UNIT_SCADA,1,"2022/10/20 21:15:00",POR03,0
D,DISPATCH,UNIT_SCADA,1,"2022/10/20 21:15:00",PPCCGT,162.143360
D,DISPATCH,UNIT_SCADA,1,"2022/10/20 21:15:00",PTSTAN1,0
D,DISPATCH,UNIT_SCADA,1,"2022/10/20 21:15:00",PUMP1,0
D,DISPATCH,UNIT_SCADA,1,"2022/10/20 21:15:00",PUMP2,0
D,DISPATCH,UNIT_SCADA,1,"2022/10/20 21:15:00",QBYNBG1,0.0025
D,DISPATCH,UNIT_SCADA,1,"2022/10/20 21:15:00",QBYNBL1,0
D,DISPATCH,UNIT_SCADA,1,"2022/10/20 21:15:00",QPS1,0
D,DISPATCH,UNIT_SCADA,1,"2022/10/20 21:15:00",QPS2,0
D,DISPATCH,UNIT_SCADA,1,"2022/10/20 21:15:00",QPS3,0
D,DISPATCH,UNIT_SCADA,1,"2022/10/20 21:15:00",QPS4,0
D,DISPATCH,UNIT_SCADA,1,"2022/10/20 21:15:00",QPS5,0
D,DISPATCH,UNIT_SCADA,1,"2022/10/20 21:15:00",REECE1,0
D,DISPATCH,UNIT_SCADA,1,"2022/10/20 21:15:00",REECE2,0
D,DISPATCH,UNIT_SCADA,1,"2022/10/20 21:15:00",ROMA_7,0
D,DISPATCH,UNIT_SCADA,1,"2022/10/20 21:15:00",ROMA_8,0
D,DISPATCH,UNIT_SCADA,1,"2022/10/20 21:15:00",RRSF1,0
D,DISPATCH,UNIT_SCADA,1,"2022/10/20 21:15:00",RT_NSW1,0
D,DISPATCH,UNIT_SCADA,1,"2022/10/20 21:15:00",RT_NSW2,0
D,DISPATCH,UNIT_SCADA,1,"2022/10/20 21:15:00",RT_NSW3,0
D,DISPATCH,UNIT_SCADA,1,"2022/10/20 21:15:00",RT_NSW4,0
D,DISPATCH,UNIT_SCADA,1,"2022/10/20 21:15:00",RT_NSW5,0
D,DISPATCH,UNIT_SCADA,1,"2022/10/20 21:15:00",RT_NSW6,0
D,DISPATCH,UNIT_SCADA,1,"2022/10/20 21:15:00",RT_QLD1,0
D,DISPATCH,UNIT_SCADA,1,"2022/10/20 21:15:00",RT_SA1,0
D,DISPATCH,UNIT_SCADA,1,"2022/10/20 21:15:00",RT_SA2,0
D,DISPATCH,UNIT_SCADA,1,"2022/10/20 21:15:00",RT_SA3,0
D,DISPATCH,UNIT_SCADA,1,"2022/10/20 21:15:00",RT_SA4,0
D,DISPATCH,UNIT_SCADA,1,"2022/10/20 21:15:00",RT_SA5,0
D,DISPATCH,UNIT_SCADA,1,"2022/10/20 21:15:00",RT_SA6,0
D,DISPATCH,UNIT_SCADA,1,"2022/10/20 21:15:00",RT_TAS1,0
D,DISPATCH,UNIT_SCADA,1,"2022/10/20 21:15:00",RT_VIC1,0
D,DISPATCH,UNIT_SCADA,1,"2022/10/20 21:15:00",RT_VIC10,0
D,DISPATCH,UNIT_SCADA,1,"2022/10/20 21:15:00",RT_VIC11,0
D,DISPATCH,UNIT_SCADA,1,"2022/10/20 21:15:00",RT_VIC12,0
D,DISPATCH,UNIT_SCADA,1,"2022/10/20 21:15:00",RT_VIC2,0
D,DISPATCH,UNIT_SCADA,1,"2022/10/20 21:15:00",RT_VIC3,0
D,DISPATCH,UNIT_SCADA,1,"2022/10/20 21:15:00",RT_VIC4,0
D,DISPATCH,UNIT_SCADA,1,"2022/10/20 21:15:00",RT_VIC5,0
D,DISPATCH,UNIT_SCADA,1,"2022/10/20 21:15:00",RT_VIC6,0
D,DISPATCH,UNIT_SCADA,1,"2022/10/20 21:15:00",RT_VIC7,0
D,DISPATCH,UNIT_SCADA,1,"2022/10/20 21:15:00",RT_VIC8,0
D,DISPATCH,UNIT_SCADA,1,"2022/10/20 21:15:00",RT_VIC9,0
D,DISPATCH,UNIT_SCADA,1,"2022/10/20 21:15:00",RUGBYR1,0
D,DISPATCH,UNIT_SCADA,1,"2022/10/20 21:15:00",SALTCRK1,31.84
D,DISPATCH,UNIT_SCADA,1,"2022/10/20 21:15:00",SAPHWF1,243.254750
D,DISPATCH,UNIT_SCADA,1,"2022/10/20 21:15:00",SEBSF1,0
D,DISPATCH,UNIT_SCADA,1,"2022/10/20 21:15:00",SHGEN,0
D,DISPATCH,UNIT_SCADA,1,"2022/10/20 21:15:00",SHPUMP,0
D,DISPATCH,UNIT_SCADA,1,"2022/10/20 21:15:00",SITHE01,0.123710
D,DISPATCH,UNIT_SCADA,1,"2022/10/20 21:15:00",SMCSF1,0
D,DISPATCH,UNIT_SCADA,1,"2022/10/20 21:15:00",SNAPPER1,0
D,DISPATCH,UNIT_SCADA,1,"2022/10/20 21:15:00",SNOWNTH1,68.70
D,DISPATCH,UNIT_SCADA,1,"2022/10/20 21:15:00",SNOWSTH1,34.90
D,DISPATCH,UNIT_SCADA,1,"2022/10/20 21:15:00",SNOWTWN1,36.792410
D,DISPATCH,UNIT_SCADA,1,"2022/10/20 21:15:00",SNOWYP,0
D,DISPATCH,UNIT_SCADA,1,"2022/10/20 21:15:00",SNUG1,0
D,DISPATCH,UNIT_SCADA,1,"2022/10/20 21:15:00",SRSF1,0
D,DISPATCH,UNIT_SCADA,1,"2022/10/20 21:15:00",STAN-1,278.300080
D,DISPATCH,UNIT_SCADA,1,"2022/10/20 21:15:00",STAN-2,363.115450
D,DISPATCH,UNIT_SCADA,1,"2022/10/20 21:15:00",STAN-3,363.884520
D,DISPATCH,UNIT_SCADA,1,"2022/10/20 21:15:00",STAN-4,363.064180
D,DISPATCH,UNIT_SCADA,1,"2022/10/20 21:15:00",STARHLWF,22.693380
D,DISPATCH,UNIT_SCADA,1,"2022/10/20 21:15:00",STOCKYD1,176.429990
D,DISPATCH,UNIT_SCADA,1,"2022/10/20 21:15:00",STWF1,56.915540
D,DISPATCH,UNIT_SCADA,1,"2022/10/20 21:15:00",SUNRSF1,0
D,DISPATCH,UNIT_SCADA,1,"2022/10/20 21:15:00",SUNTPSF1,0
D,DISPATCH,UNIT_SCADA,1,"2022/10/20 21:15:00",SWAN_E,339.354370
D,DISPATCH,UNIT_SCADA,1,"2022/10/20 21:15:00",TALWA1,0
D,DISPATCH,UNIT_SCADA,1,"2022/10/20 21:15:00",TARALGA1,0
D,DISPATCH,UNIT_SCADA,1,"2022/10/20 21:15:00",TARONG#1,349
D,DISPATCH,UNIT_SCADA,1,"2022/10/20 21:15:00",TARONG#2,348
D,DISPATCH,UNIT_SCADA,1,"2022/10/20 21:15:00",TARONG#3,0.90
D,DISPATCH,UNIT_SCADA,1,"2022/10/20 21:15:00",TARONG#4,293.600010
D,DISPATCH,UNIT_SCADA,1,"2022/10/20 21:15:00",TARRALEA,54
D,DISPATCH,UNIT_SCADA,1,"2022/10/20 21:15:00",TBSF1,0
D,DISPATCH,UNIT_SCADA,1,"2022/10/20 21:15:00",TNPS1,417.999970
D,DISPATCH,UNIT_SCADA,1,"2022/10/20 21:15:00",TORRB1,0
D,DISPATCH,UNIT_SCADA,1,"2022/10/20 21:15:00",TORRB2,60
D,DISPATCH,UNIT_SCADA,1,"2022/10/20 21:15:00",TORRB3,0
D,DISPATCH,UNIT_SCADA,1,"2022/10/20 21:15:00",TORRB4,0
D,DISPATCH,UNIT_SCADA,1,"2022/10/20 21:15:00",TREVALLN,97.711160
D,DISPATCH,UNIT_SCADA,1,"2022/10/20 21:15:00",TRIBUTE,0
D,DISPATCH,UNIT_SCADA,1,"2022/10/20 21:15:00",TUMUT3,393.789980
D,DISPATCH,UNIT_SCADA,1,"2022/10/20 21:15:00",TUNGATIN,3.200020
D,DISPATCH,UNIT_SCADA,1,"2022/10/20 21:15:00",TVCC201,0
D,DISPATCH,UNIT_SCADA,1,"2022/10/20 21:15:00",TVPP104,0
D,DISPATCH,UNIT_SCADA,1,"2022/10/20 21:15:00",UPPTUMUT,0
D,DISPATCH,UNIT_SCADA,1,"2022/10/20 21:15:00",URANQ11,0
D,DISPATCH,UNIT_SCADA,1,"2022/10/20 21:15:00",URANQ12,0
D,DISPATCH,UNIT_SCADA,1,"2022/10/20 21:15:00",URANQ13,0
D,DISPATCH,UNIT_SCADA,1,"2022/10/20 21:15:00",URANQ14,0
D,DISPATCH,UNIT_SCADA,1,"2022/10/20 21:15:00",VBBG1,5.50
D,DISPATCH,UNIT_SCADA,1,"2022/10/20 21:15:00",VBBL1,0
D,DISPATCH,UNIT_SCADA,1,"2022/10/20 21:15:00",VP5,559.685060
D,DISPATCH,UNIT_SCADA,1,"2022/10/20 21:15:00",VP6,601.434390
D,DISPATCH,UNIT_SCADA,1,"2022/10/20 21:15:00",VPGS1,0
D,DISPATCH,UNIT_SCADA,1,"2022/10/20 21:15:00",VPGS2,0
D,DISPATCH,UNIT_SCADA,1,"2022/10/20 21:15:00",VPGS3,0
D,DISPATCH,UNIT_SCADA,1,"2022/10/20 21:15:00",VPGS4,0
D,DISPATCH,UNIT_SCADA,1,"2022/10/20 21:15:00",VPGS5,0
D,DISPATCH,UNIT_SCADA,1,"2022/10/20 21:15:00",VPGS6,0
D,DISPATCH,UNIT_SCADA,1,"2022/10/20 21:15:00",W/HOE#1,0
D,DISPATCH,UNIT_SCADA,1,"2022/10/20 21:15:00",W/HOE#2,0
D,DISPATCH,UNIT_SCADA,1,"2022/10/20 21:15:00",WAGGNSF1,0
D,DISPATCH,UNIT_SCADA,1,"2022/10/20 21:15:00",WALGRVG1,0.000930
D,DISPATCH,UNIT_SCADA,1,"2022/10/20 21:15:00",WALGRVL1,0
D,DISPATCH,UNIT_SCADA,1,"2022/10/20 21:15:00",WANDBG1,0
D,DISPATCH,UNIT_SCADA,1,"2022/10/20 21:15:00",WANDBL1,0.696760
D,DISPATCH,UNIT_SCADA,1,"2022/10/20 21:15:00",WARWSF1,0
D,DISPATCH,UNIT_SCADA,1,"2022/10/20 21:15:00",WARWSF2,0
D,DISPATCH,UNIT_SCADA,1,"2022/10/20 21:15:00",WATERLWF,20.60
D,DISPATCH,UNIT_SCADA,1,"2022/10/20 21:15:00",WDGPH1,0
D,DISPATCH,UNIT_SCADA,1,"2022/10/20 21:15:00",WELLSF1,0
D,DISPATCH,UNIT_SCADA,1,"2022/10/20 21:15:00",WEMENSF1,0
D,DISPATCH,UNIT_SCADA,1,"2022/10/20 21:15:00",WGWF1,32
D,DISPATCH,UNIT_SCADA,1,"2022/10/20 21:15:00",WHITSF1,0
D,DISPATCH,UNIT_SCADA,1,"2022/10/20 21:15:00",WINTSF1,0
D,DISPATCH,UNIT_SCADA,1,"2022/10/20 21:15:00",WKIEWA1,33.80
D,DISPATCH,UNIT_SCADA,1,"2022/10/20 21:15:00",WKIEWA2,33.90
D,DISPATCH,UNIT_SCADA,1,"2022/10/20 21:15:00",WOODLWN1,36.242250
D,DISPATCH,UNIT_SCADA,1,"2022/10/20 21:15:00",WOOLGSF1,0
D,DISPATCH,UNIT_SCADA,1,"2022/10/20 21:15:00",WPWF,57.39
D,DISPATCH,UNIT_SCADA,1,"2022/10/20 21:15:00",WRSF1,0
D,DISPATCH,UNIT_SCADA,1,"2022/10/20 21:15:00",WRWF1,134.198210
D,DISPATCH,UNIT_SCADA,1,"2022/10/20 21:15:00",WSTWYSF1,0
D,DISPATCH,UNIT_SCADA,1,"2022/10/20 21:15:00",YABULU,23.850010
D,DISPATCH,UNIT_SCADA,1,"2022/10/20 21:15:00",YABULU2,0
D,DISPATCH,UNIT_SCADA,1,"2022/10/20 21:15:00",YARANSF1,0
D,DISPATCH,UNIT_SCADA,1,"2022/10/20 21:15:00",YARWUN_1,164.349990
D,DISPATCH,UNIT_SCADA,1,"2022/10/20 21:15:00",YATSF1,0
D,DISPATCH,UNIT_SCADA,1,"2022/10/20 21:15:00",YENDWF1,11.09
D,DISPATCH,UNIT_SCADA,1,"2022/10/20 21:15:00",YWPS1,320.0481
D,DISPATCH,UNIT_SCADA,1,"2022/10/20 21:15:00",YWPS2,358.394930
D,DISPATCH,UNIT_SCADA,1,"2022/10/20 21:15:00",YWPS3,358.824040
D,DISPATCH,UNIT_SCADA,1,"2022/10/20 21:15:00",YWPS4,0
C,"END OF REPORT",419
