C,NEMP.WORLD,DISPATCHSCADA,AEMO,PUBLIC,2022/10/20,13:20:19,0000000373257283,DISPATCHSCADA,0000000373257277
I,DISPATCH,UNIT_SCADA,1,SETTLEMENTDATE,DUID,SCADAVALUE
D,DISPATCH,UNIT_SCADA,1,"2022/10/20 13:25:00",BARCSF1,8
D,DISPATCH,UNIT_SCADA,1,"2022/10/20 13:25:00",BUTLERSG,8.699999
D,DISPATCH,UNIT_SCADA,1,"2022/10/20 13:25:00",CAPTL_WF,55.118027
D,DISPATCH,UNIT_SCADA,1,"2022/10/20 13:25:00",CHALLHWF,8
D,DISPATCH,UNIT_SCADA,1,"2022/10/20 13:25:00",CLOVER,10.69
D,DISPATCH,UNIT_SCADA,1,"2022/10/20 13:25:00",CLUNY,5.148547
D,DISPATCH,UNIT_SCADA,1,"2022/10/20 13:25:00",CULLRGWF,-0.04
D,DISPATCH,UNIT_SCADA,1,"2022/10/20 13:25:00",DIAPURWF1,2.60
D,DISPATCH,UNIT_SCADA,1,"2022/10/20 13:25:00",ERGT01,0
D,DISPATCH,UNIT_SCADA,1,"2022/10/20 13:25:00",GB01,0
D,DISPATCH,UNIT_SCADA,1,"2022/10/20 13:25:00",GERMCRK,18
D,DISPATCH,UNIT_SCADA,1,"2022/10/20 13:25:00",GRIFSF1,8.500801
D,DISPATCH,UNIT_SCADA,1,"2022/10/20 13:25:00",HEZ1,0
D,DISPATCH,UNIT_SCADA,1,"2022/10/20 13:25:00",HUGSF1,12.702001
D,DISPATCH,UNIT_SCADA,1,"2022/10/20 13:25:00",KEPBG1,0
D,DISPATCH,UNIT_SCADA,1,"2022/10/20 13:25:00",LRSF1,12.778001
D,DISPATCH,UNIT_SCADA,1,"2022/10/20 13:25:00",MBAHNTH,45.693756
D,DISPATCH,UNIT_SCADA,1,"2022/10/20 13:25:00",MLSP1,4.207001
D,DISPATCH,UNIT_SCADA,1,"2022/10/20 13:25:00",MLWF1,3.3750
D,DISPATCH,UNIT_SCADA,1,"2022/10/20 13:25:00",PALOONA,30.449999
D,DISPATCH,UNIT_SCADA,1,"2022/10/20 13:25:00",PIONEER,40.799999
D,DISPATCH,UNIT_SCADA,1,"2022/10/20 13:25:00",PORTWF,85.099998
D,DISPATCH,UNIT_SCADA,1,"2022/10/20 13:25:00",REPULSE,9.740749
D,DISPATCH,UNIT_SCADA,1,"2022/10/20 13:25:00",ROWALLAN,8.8679
D,DISPATCH,UNIT_SCADA,1,"2022/10/20 13:25:00",ROYALLA1,7.350003
D,DISPATCH,UNIT_SCADA,1,"2022/10/20 13:25:00",RPCG,-1.80
D,DISPATCH,UNIT_SCADA,1,"2022/10/20 13:25:00",RUBICON,0
D,DISPATCH,UNIT_SCADA,1,"2022/10/20 13:25:00",WAUBRAWF,39.290001
D,DISPATCH,UNIT_SCADA,1,"2022/10/20 13:25:00",WOOLNTH1,79.569992
D,DISPATCH,UNIT_SCADA,1,"2022/10/20 13:25:00",YAMBUKWF,8.80
D,DISPATCH,UNIT_SCADA,1,"2022/10/20 13:25:00",YSWF1,3.30
D,DISPATCH,UNIT_SCADA,1,"2022/10/20 13:25:00",ADPBA1G,0.0080
D,DISPATCH,UNIT_SCADA,1,"2022/10/20 13:25:00",ADPBA1L,0
D,DISPATCH,UNIT_SCADA,1,"2022/10/20 13:25:00",ADPPV1,1.6930
D,DISPATCH,UNIT_SCADA,1,"2022/10/20 13:25:00",AGLHAL,0
D,DISPATCH,UNIT_SCADA,1,"2022/10/20 13:25:00",AGLSOM,0
D,DISPATCH,UNIT_SCADA,1,"2022/10/20 13:25:00",ANGAST1,0
D,DISPATCH,UNIT_SCADA,1,"2022/10/20 13:25:00",ARWF1,8.40
D,DISPATCH,UNIT_SCADA,1,"2022/10/20 13:25:00",BALBG1,0
D,DISPATCH,UNIT_SCADA,1,"2022/10/20 13:25:00",BALBL1,0
D,DISPATCH,UNIT_SCADA,1,"2022/10/20 13:25:00",BALDHWF1,65.3150
D,DISPATCH,UNIT_SCADA,1,"2022/10/20 13:25:00",BANGOWF1,27.698180
D,DISPATCH,UNIT_SCADA,1,"2022/10/20 13:25:00",BANGOWF2,25.298310
D,DISPATCH,UNIT_SCADA,1,"2022/10/20 13:25:00",BANN1,19.70
D,DISPATCH,UNIT_SCADA,1,"2022/10/20 13:25:00",BARCALDN,0
D,DISPATCH,UNIT_SCADA,1,"2022/10/20 13:25:00",BARKIPS1,0
D,DISPATCH,UNIT_SCADA,1,"2022/10/20 13:25:00",BARRON-1,0
D,DISPATCH,UNIT_SCADA,1,"2022/10/20 13:25:00",BARRON-2,0
D,DISPATCH,UNIT_SCADA,1,"2022/10/20 13:25:00",BASTYAN,51.59
D,DISPATCH,UNIT_SCADA,1,"2022/10/20 13:25:00",BBTHREE1,0
D,DISPATCH,UNIT_SCADA,1,"2022/10/20 13:25:00",BBTHREE2,21.57
D,DISPATCH,UNIT_SCADA,1,"2022/10/20 13:25:00",BBTHREE3,0
D,DISPATCH,UNIT_SCADA,1,"2022/10/20 13:25:00",BDL01,0
D,DISPATCH,UNIT_SCADA,1,"2022/10/20 13:25:00",BDL02,0
D,DISPATCH,UNIT_SCADA,1,"2022/10/20 13:25:00",BERYLSF1,9.740120
D,DISPATCH,UNIT_SCADA,1,"2022/10/20 13:25:00",BLOWERNG,62.40
D,DISPATCH,UNIT_SCADA,1,"2022/10/20 13:25:00",BLUEGSF1,30.656510
D,DISPATCH,UNIT_SCADA,1,"2022/10/20 13:25:00",BLUFF1,2.20
D,DISPATCH,UNIT_SCADA,1,"2022/10/20 13:25:00",BNGSF1,40.94
D,DISPATCH,UNIT_SCADA,1,"2022/10/20 13:25:00",BNGSF2,46.38
D,DISPATCH,UNIT_SCADA,1,"2022/10/20 13:25:00",BOCORWF1,39.36
D,DISPATCH,UNIT_SCADA,1,"2022/10/20 13:25:00",BODWF1,55.250870
D,DISPATCH,UNIT_SCADA,1,"2022/10/20 13:25:00",BOMENSF1,25.351340
D,DISPATCH,UNIT_SCADA,1,"2022/10/20 13:25:00",BOWWBA1G,0
D,DISPATCH,UNIT_SCADA,1,"2022/10/20 13:25:00",BOWWBA1L,0.0010
D,DISPATCH,UNIT_SCADA,1,"2022/10/20 13:25:00",BOWWPV1,0
D,DISPATCH,UNIT_SCADA,1,"2022/10/20 13:25:00",BRAEMAR1,0
D,DISPATCH,UNIT_SCADA,1,"2022/10/20 13:25:00",BRAEMAR2,0
D,DISPATCH,UNIT_SCADA,1,"2022/10/20 13:25:00",BRAEMAR3,0
D,DISPATCH,UNIT_SCADA,1,"2022/10/20 13:25:00",BRAEMAR5,0.292060
D,DISPATCH,UNIT_SCADA,1,"2022/10/20 13:25:00",BRAEMAR6,0
D,DISPATCH,UNIT_SCADA,1,"2022/10/20 13:25:00",BRAEMAR7,0.130920
D,DISPATCH,UNIT_SCADA,1,"2022/10/20 13:25:00",BROKENH1,24.299630
D,DISPATCH,UNIT_SCADA,1,"2022/10/20 13:25:00",BRYB1WF1,117.9614
D,DISPATCH,UNIT_SCADA,1,"2022/10/20 13:25:00",BULBESG1,0
D,DISPATCH,UNIT_SCADA,1,"2022/10/20 13:25:00",BULBESL1,1.41
D,DISPATCH,UNIT_SCADA,1,"2022/10/20 13:25:00",BULGANA1,0
D,DISPATCH,UNIT_SCADA,1,"2022/10/20 13:25:00",BW01,659.470520
D,DISPATCH,UNIT_SCADA,1,"2022/10/20 13:25:00",BW02,619.015810
D,DISPATCH,UNIT_SCADA,1,"2022/10/20 13:25:00",BW03,512.520020
D,DISPATCH,UNIT_SCADA,1,"2022/10/20 13:25:00",BW04,0
D,DISPATCH,UNIT_SCADA,1,"2022/10/20 13:25:00",CALL_B_1,321.50
D,DISPATCH,UNIT_SCADA,1,"2022/10/20 13:25:00",CALL_B_2,322.200010
D,DISPATCH,UNIT_SCADA,1,"2022/10/20 13:25:00",CATHROCK,6.80
D,DISPATCH,UNIT_SCADA,1,"2022/10/20 13:25:00",CBWWBA1G,0
D,DISPATCH,UNIT_SCADA,1,"2022/10/20 13:25:00",CBWWBA1L,0
D,DISPATCH,UNIT_SCADA,1,"2022/10/20 13:25:00",CETHANA,58.846630
D,DISPATCH,UNIT_SCADA,1,"2022/10/20 13:25:00",CG1,0
D,DISPATCH,UNIT_SCADA,1,"2022/10/20 13:25:00",CG2,0
D,DISPATCH,UNIT_SCADA,1,"2022/10/20 13:25:00",CG3,0
D,DISPATCH,UNIT_SCADA,1,"2022/10/20 13:25:00",CG4,0
D,DISPATCH,UNIT_SCADA,1,"2022/10/20 13:25:00",CHILDSF1,25.82
D,DISPATCH,UNIT_SCADA,1,"2022/10/20 13:25:00",CHYTWF1,6.09
D,DISPATCH,UNIT_SCADA,1,"2022/10/20 13:25:00",CLARESF1,18.086910
D,DISPATCH,UNIT_SCADA,1,"2022/10/20 13:25:00",CLEMGPWF,13.974790
D,DISPATCH,UNIT_SCADA,1,"2022/10/20 13:25:00",CLERMSF1,48.87
D,DISPATCH,UNIT_SCADA,1,"2022/10/20 13:25:00",CNUNDAWF,15.217750
D,DISPATCH,UNIT_SCADA,1,"2022/10/20 13:25:00",COHUNSF1,0.07
D,DISPATCH,UNIT_SCADA,1,"2022/10/20 13:25:00",COLEASF1,35.599680
D,DISPATCH,UNIT_SCADA,1,"2022/10/20 13:25:00",COLUMSF1,24.2580
D,DISPATCH,UNIT_SCADA,1,"2022/10/20 13:25:00",COLWF01,86.895550
D,DISPATCH,UNIT_SCADA,1,"2022/10/20 13:25:00",COOPGWF1,96.67
D,DISPATCH,UNIT_SCADA,1,"2022/10/20 13:25:00",CPP_3,341.274990
D,DISPATCH,UNIT_SCADA,1,"2022/10/20 13:25:00",CPP_4,0
D,DISPATCH,UNIT_SCADA,1,"2022/10/20 13:25:00",CPSA,0
D,DISPATCH,UNIT_SCADA,1,"2022/10/20 13:25:00",CROOKWF2,30.114590
D,DISPATCH,UNIT_SCADA,1,"2022/10/20 13:25:00",CROWLWF1,6.328830
D,DISPATCH,UNIT_SCADA,1,"2022/10/20 13:25:00",CRURWF1,51.7982
D,DISPATCH,UNIT_SCADA,1,"2022/10/20 13:25:00",CRWASF1,23.546880
D,DISPATCH,UNIT_SCADA,1,"2022/10/20 13:25:00",CSPVPS1,28.1070
D,DISPATCH,UNIT_SCADA,1,"2022/10/20 13:25:00",CTHLWF1,0.003050
D,DISPATCH,UNIT_SCADA,1,"2022/10/20 13:25:00",DALNTH01,0
D,DISPATCH,UNIT_SCADA,1,"2022/10/20 13:25:00",DALNTHL1,1.921110
D,DISPATCH,UNIT_SCADA,1,"2022/10/20 13:25:00",DARLSF1,59.518420
D,DISPATCH,UNIT_SCADA,1,"2022/10/20 13:25:00",DARTM1,0
D,DISPATCH,UNIT_SCADA,1,"2022/10/20 13:25:00",DAYDSF1,41.8880
D,DISPATCH,UNIT_SCADA,1,"2022/10/20 13:25:00",DDPS1,0
D,DISPATCH,UNIT_SCADA,1,"2022/10/20 13:25:00",DDSF1,20.575230
D,DISPATCH,UNIT_SCADA,1,"2022/10/20 13:25:00",DEVILS_G,57.948550
D,DISPATCH,UNIT_SCADA,1,"2022/10/20 13:25:00",DG_NSW1,0
D,DISPATCH,UNIT_SCADA,1,"2022/10/20 13:25:00",DG_QLD1,0
D,DISPATCH,UNIT_SCADA,1,"2022/10/20 13:25:00",DG_SA1,0
D,DISPATCH,UNIT_SCADA,1,"2022/10/20 13:25:00",DG_TAS1,0
D,DISPATCH,UNIT_SCADA,1,"2022/10/20 13:25:00",DG_VIC1,0
D,DISPATCH,UNIT_SCADA,1,"2022/10/20 13:25:00",DRYCGT1,0
D,DISPATCH,UNIT_SCADA,1,"2022/10/20 13:25:00",DRYCGT2,0
D,DISPATCH,UNIT_SCADA,1,"2022/10/20 13:25:00",DRYCGT3,0
D,DISPATCH,UNIT_SCADA,1,"2022/10/20 13:25:00",DUNDWF1,69.71
D,DISPATCH,UNIT_SCADA,1,"2022/10/20 13:25:00",DUNDWF2,17.22
D,DISPATCH,UNIT_SCADA,1,"2022/10/20 13:25:00",DUNDWF3,56.14
D,DISPATCH,UNIT_SCADA,1,"2022/10/20 13:25:00",EILDON1,60.40
D,DISPATCH,UNIT_SCADA,1,"2022/10/20 13:25:00",EILDON2,60.28
D,DISPATCH,UNIT_SCADA,1,"2022/10/20 13:25:00",ELAINWF1,22.90
D,DISPATCH,UNIT_SCADA,1,"2022/10/20 13:25:00",EMERASF1,0
D,DISPATCH,UNIT_SCADA,1,"2022/10/20 13:25:00",ER01,0
D,DISPATCH,UNIT_SCADA,1,"2022/10/20 13:25:00",ER02,307.634090
D,DISPATCH,UNIT_SCADA,1,"2022/10/20 13:25:00",ER03,437.5433
D,DISPATCH,UNIT_SCADA,1,"2022/10/20 13:25:00",ER04,437.421230
D,DISPATCH,UNIT_SCADA,1,"2022/10/20 13:25:00",FINLYSF1,119.902340
D,DISPATCH,UNIT_SCADA,1,"2022/10/20 13:25:00",FISHER,44.14
D,DISPATCH,UNIT_SCADA,1,"2022/10/20 13:25:00",GANGARR1,45.6220
D,DISPATCH,UNIT_SCADA,1,"2022/10/20 13:25:00",GANNBG1,0
D,DISPATCH,UNIT_SCADA,1,"2022/10/20 13:25:00",GANNBL1,1.748070
D,DISPATCH,UNIT_SCADA,1,"2022/10/20 13:25:00",GANNSF1,21.50
D,DISPATCH,UNIT_SCADA,1,"2022/10/20 13:25:00",GLRWNSF1,0
D,DISPATCH,UNIT_SCADA,1,"2022/10/20 13:25:00",GNNDHSF1,85.409250
D,DISPATCH,UNIT_SCADA,1,"2022/10/20 13:25:00",GOONSF1,11.529720
D,DISPATCH,UNIT_SCADA,1,"2022/10/20 13:25:00",GORDON,213.8205
D,DISPATCH,UNIT_SCADA,1,"2022/10/20 13:25:00",GRANWF1,0
D,DISPATCH,UNIT_SCADA,1,"2022/10/20 13:25:00",GSTONE1,201.0750
D,DISPATCH,UNIT_SCADA,1,"2022/10/20 13:25:00",GSTONE2,0
D,DISPATCH,UNIT_SCADA,1,"2022/10/20 13:25:00",GSTONE3,200.024990
D,DISPATCH,UNIT_SCADA,1,"2022/10/20 13:25:00",GSTONE4,0
D,DISPATCH,UNIT_SCADA,1,"2022/10/20 13:25:00",GSTONE5,186.899990
D,DISPATCH,UNIT_SCADA,1,"2022/10/20 13:25:00",GSTONE6,201.774990
D,DISPATCH,UNIT_SCADA,1,"2022/10/20 13:25:00",GULLRSF1,0.874990
D,DISPATCH,UNIT_SCADA,1,"2022/10/20 13:25:00",GULLRWF1,56.484140
D,DISPATCH,UNIT_SCADA,1,"2022/10/20 13:25:00",GULLRWF2,78.781970
D,DISPATCH,UNIT_SCADA,1,"2022/10/20 13:25:00",GUNNING1,0
D,DISPATCH,UNIT_SCADA,1,"2022/10/20 13:25:00",GUTHEGA,67.80
D,DISPATCH,UNIT_SCADA,1,"2022/10/20 13:25:00",HALLWF1,0.50
D,DISPATCH,UNIT_SCADA,1,"2022/10/20 13:25:00",HALLWF2,10.68
D,DISPATCH,UNIT_SCADA,1,"2022/10/20 13:25:00",HAMISF1,20.50
D,DISPATCH,UNIT_SCADA,1,"2022/10/20 13:25:00",HAUGHT11,99.692540
D,DISPATCH,UNIT_SCADA,1,"2022/10/20 13:25:00",HAYMSF1,16.6770
D,DISPATCH,UNIT_SCADA,1,"2022/10/20 13:25:00",HDWF1,9.60
D,DISPATCH,UNIT_SCADA,1,"2022/10/20 13:25:00",HDWF2,11.20
D,DISPATCH,UNIT_SCADA,1,"2022/10/20 13:25:00",HDWF3,11
D,DISPATCH,UNIT_SCADA,1,"2022/10/20 13:25:00",HILLSTN1,47.562750
D,DISPATCH,UNIT_SCADA,1,"2022/10/20 13:25:00",HPRG1,0
D,DISPATCH,UNIT_SCADA,1,"2022/10/20 13:25:00",HPRL1,4.80
D,DISPATCH,UNIT_SCADA,1,"2022/10/20 13:25:00",HUMENSW,55.0474
D,DISPATCH,UNIT_SCADA,1,"2022/10/20 13:25:00",HUMEV,0
D,DISPATCH,UNIT_SCADA,1,"2022/10/20 13:25:00",HVWWBA1G,0
D,DISPATCH,UNIT_SCADA,1,"2022/10/20 13:25:00",HVWWBA1L,0.0070
D,DISPATCH,UNIT_SCADA,1,"2022/10/20 13:25:00",HVWWPV1,4.40
D,DISPATCH,UNIT_SCADA,1,"2022/10/20 13:25:00",JBUTTERS,0
D,DISPATCH,UNIT_SCADA,1,"2022/10/20 13:25:00",JEMALNG1,3.51
D,DISPATCH,UNIT_SCADA,1,"2022/10/20 13:25:00",JLA01,0
D,DISPATCH,UNIT_SCADA,1,"2022/10/20 13:25:00",JLA02,0
D,DISPATCH,UNIT_SCADA,1,"2022/10/20 13:25:00",JLA03,0
D,DISPATCH,UNIT_SCADA,1,"2022/10/20 13:25:00",JLA04,0
D,DISPATCH,UNIT_SCADA,1,"2022/10/20 13:25:00",JLB01,0
D,DISPATCH,UNIT_SCADA,1,"2022/10/20 13:25:00",JLB02,0.10
D,DISPATCH,UNIT_SCADA,1,"2022/10/20 13:25:00",JLB03,0
D,DISPATCH,UNIT_SCADA,1,"2022/10/20 13:25:00",JUNEESF1,13.128190
D,DISPATCH,UNIT_SCADA,1,"2022/10/20 13:25:00",KABANWF1,0
D,DISPATCH,UNIT_SCADA,1,"2022/10/20 13:25:00",KAREEYA1,0
D,DISPATCH,UNIT_SCADA,1,"2022/10/20 13:25:00",KAREEYA2,0
D,DISPATCH,UNIT_SCADA,1,"2022/10/20 13:25:00",KAREEYA3,5.0225
D,DISPATCH,UNIT_SCADA,1,"2022/10/20 13:25:00",KAREEYA4,0
D,DISPATCH,UNIT_SCADA,1,"2022/10/20 13:25:00",KARSF1,31.10
D,DISPATCH,UNIT_SCADA,1,"2022/10/20 13:25:00",KEPSF1,11.98
D,DISPATCH,UNIT_SCADA,1,"2022/10/20 13:25:00",KEPWF1,6.89
D,DISPATCH,UNIT_SCADA,1,"2022/10/20 13:25:00",KIAMSF1,31.254290
D,DISPATCH,UNIT_SCADA,1,"2022/10/20 13:25:00",KIATAWF1,13.30
D,DISPATCH,UNIT_SCADA,1,"2022/10/20 13:25:00",KPP_1,0
D,DISPATCH,UNIT_SCADA,1,"2022/10/20 13:25:00",KSP1,31.90
D,DISPATCH,UNIT_SCADA,1,"2022/10/20 13:25:00",LADBROK1,0.01
D,DISPATCH,UNIT_SCADA,1,"2022/10/20 13:25:00",LADBROK2,0.02
D,DISPATCH,UNIT_SCADA,1,"2022/10/20 13:25:00",LBBG1,0.15
D,DISPATCH,UNIT_SCADA,1,"2022/10/20 13:25:00",LBBL1,0
D,DISPATCH,UNIT_SCADA,1,"2022/10/20 13:25:00",LD01,283.584110
D,DISPATCH,UNIT_SCADA,1,"2022/10/20 13:25:00",LD02,0
D,DISPATCH,UNIT_SCADA,1,"2022/10/20 13:25:00",LD04,281.112090
D,DISPATCH,UNIT_SCADA,1,"2022/10/20 13:25:00",LEM_WIL,79.033670
D,DISPATCH,UNIT_SCADA,1,"2022/10/20 13:25:00",LGAPWF1,40.42
D,DISPATCH,UNIT_SCADA,1,"2022/10/20 13:25:00",LGAPWF2,30.36
D,DISPATCH,UNIT_SCADA,1,"2022/10/20 13:25:00",LILYSF1,52.953080
D,DISPATCH,UNIT_SCADA,1,"2022/10/20 13:25:00",LIMOSF11,98.408330
D,DISPATCH,UNIT_SCADA,1,"2022/10/20 13:25:00",LIMOSF21,15.8959
D,DISPATCH,UNIT_SCADA,1,"2022/10/20 13:25:00",LI_WY_CA,55.284930
D,DISPATCH,UNIT_SCADA,1,"2022/10/20 13:25:00",LKBONNY1,0
D,DISPATCH,UNIT_SCADA,1,"2022/10/20 13:25:00",LKBONNY2,23.058260
D,DISPATCH,UNIT_SCADA,1,"2022/10/20 13:25:00",LKBONNY3,5.358920
D,DISPATCH,UNIT_SCADA,1,"2022/10/20 13:25:00",LK_ECHO,0
D,DISPATCH,UNIT_SCADA,1,"2022/10/20 13:25:00",LNGS1,0
D,DISPATCH,UNIT_SCADA,1,"2022/10/20 13:25:00",LNGS2,0
D,DISPATCH,UNIT_SCADA,1,"2022/10/20 13:25:00",LONSDALE,0
D,DISPATCH,UNIT_SCADA,1,"2022/10/20 13:25:00",LOYYB1,457.5152
D,DISPATCH,UNIT_SCADA,1,"2022/10/20 13:25:00",LOYYB2,455.259490
D,DISPATCH,UNIT_SCADA,1,"2022/10/20 13:25:00",LYA1,361
D,DISPATCH,UNIT_SCADA,1,"2022/10/20 13:25:00",LYA2,0
D,DISPATCH,UNIT_SCADA,1,"2022/10/20 13:25:00",LYA3,362
D,DISPATCH,UNIT_SCADA,1,"2022/10/20 13:25:00",LYA4,362
D,DISPATCH,UNIT_SCADA,1,"2022/10/20 13:25:00",MACARTH1,58.498650
D,DISPATCH,UNIT_SCADA,1,"2022/10/20 13:25:00",MACKNTSH,0
D,DISPATCH,UNIT_SCADA,1,"2022/10/20 13:25:00",MANSLR1,36.0460
D,DISPATCH,UNIT_SCADA,1,"2022/10/20 13:25:00",MAPS2PV1,0
D,DISPATCH,UNIT_SCADA,1,"2022/10/20 13:25:00",MAPS3PV1,0
D,DISPATCH,UNIT_SCADA,1,"2022/10/20 13:25:00",MARYRSF1,8.93
D,DISPATCH,UNIT_SCADA,1,"2022/10/20 13:25:00",MBPS2PV1,0
D,DISPATCH,UNIT_SCADA,1,"2022/10/20 13:25:00",MCKAY1,0.02
D,DISPATCH,UNIT_SCADA,1,"2022/10/20 13:25:00",MEADOWBK,6.058960
D,DISPATCH,UNIT_SCADA,1,"2022/10/20 13:25:00",MERCER01,29.90
D,DISPATCH,UNIT_SCADA,1,"2022/10/20 13:25:00",METZSF1,6.256690
D,DISPATCH,UNIT_SCADA,1,"2022/10/20 13:25:00",MEWF1,9.452540
D,DISPATCH,UNIT_SCADA,1,"2022/10/20 13:25:00",MIDDLSF1,10.65
D,DISPATCH,UNIT_SCADA,1,"2022/10/20 13:25:00",MINTARO,0.128180
D,DISPATCH,UNIT_SCADA,1,"2022/10/20 13:25:00",MOLNGSF1,25.853670
D,DISPATCH,UNIT_SCADA,1,"2022/10/20 13:25:00",MOORAWF1,74.37
D,DISPATCH,UNIT_SCADA,1,"2022/10/20 13:25:00",MOREESF1,55.3020
D,DISPATCH,UNIT_SCADA,1,"2022/10/20 13:25:00",MORTLK11,0
D,DISPATCH,UNIT_SCADA,1,"2022/10/20 13:25:00",MORTLK12,0
D,DISPATCH,UNIT_SCADA,1,"2022/10/20 13:25:00",MOUSF1,0
D,DISPATCH,UNIT_SCADA,1,"2022/10/20 13:25:00",MP1,0
D,DISPATCH,UNIT_SCADA,1,"2022/10/20 13:25:00",MP2,367.986570
D,DISPATCH,UNIT_SCADA,1,"2022/10/20 13:25:00",MPP_1,163.457630
D,DISPATCH,UNIT_SCADA,1,"2022/10/20 13:25:00",MPP_2,184.378130
D,DISPATCH,UNIT_SCADA,1,"2022/10/20 13:25:00",MRTLSWF1,0
D,DISPATCH,UNIT_SCADA,1,"2022/10/20 13:25:00",MSTUART1,0
D,DISPATCH,UNIT_SCADA,1,"2022/10/20 13:25:00",MSTUART2,0
D,DISPATCH,UNIT_SCADA,1,"2022/10/20 13:25:00",MSTUART3,0
D,DISPATCH,UNIT_SCADA,1,"2022/10/20 13:25:00",MTGELWF1,42.345950
D,DISPATCH,UNIT_SCADA,1,"2022/10/20 13:25:00",MTMILLAR,0.40
D,DISPATCH,UNIT_SCADA,1,"2022/10/20 13:25:00",MURRAY,0
D,DISPATCH,UNIT_SCADA,1,"2022/10/20 13:25:00",MUSSELR1,24.10
D,DISPATCH,UNIT_SCADA,1,"2022/10/20 13:25:00",MUWAWF1,45.54
D,DISPATCH,UNIT_SCADA,1,"2022/10/20 13:25:00",MUWAWF2,19.10
D,DISPATCH,UNIT_SCADA,1,"2022/10/20 13:25:00",MWPS1PV1,1.88
D,DISPATCH,UNIT_SCADA,1,"2022/10/20 13:25:00",MWPS2PV1,1.57
D,DISPATCH,UNIT_SCADA,1,"2022/10/20 13:25:00",MWPS3PV1,0.79
D,DISPATCH,UNIT_SCADA,1,"2022/10/20 13:25:00",MWPS4PV1,1.94
D,DISPATCH,UNIT_SCADA,1,"2022/10/20 13:25:00",NBHWF1,1.50
D,DISPATCH,UNIT_SCADA,1,"2022/10/20 13:25:00",NEVERSF1,36.71
D,DISPATCH,UNIT_SCADA,1,"2022/10/20 13:25:00",NPS,0
D,DISPATCH,UNIT_SCADA,1,"2022/10/20 13:25:00",NUMURSF1,65.12
D,DISPATCH,UNIT_SCADA,1,"2022/10/20 13:25:00",NYNGAN1,27.75
D,DISPATCH,UNIT_SCADA,1,"2022/10/20 13:25:00",OAKEY1,0
D,DISPATCH,UNIT_SCADA,1,"2022/10/20 13:25:00",OAKEY1SF,10.4720
D,DISPATCH,UNIT_SCADA,1,"2022/10/20 13:25:00",OAKEY2,0
D,DISPATCH,UNIT_SCADA,1,"2022/10/20 13:25:00",OAKEY2SF,24.47
D,DISPATCH,UNIT_SCADA,1,"2022/10/20 13:25:00",OAKLAND1,6.80
D,DISPATCH,UNIT_SCADA,1,"2022/10/20 13:25:00",OSB-AG,0
D,DISPATCH,UNIT_SCADA,1,"2022/10/20 13:25:00",PAREPS1,0.0660
D,DISPATCH,UNIT_SCADA,1,"2022/10/20 13:25:00",PAREPW1,53.60
D,DISPATCH,UNIT_SCADA,1,"2022/10/20 13:25:00",PARSF1,8.699170
D,DISPATCH,UNIT_SCADA,1,"2022/10/20 13:25:00",POAT110,0
D,DISPATCH,UNIT_SCADA,1,"2022/10/20 13:25:00",POAT220,0
D,DISPATCH,UNIT_SCADA,1,"2022/10/20 13:25:00",POR01,0.008670
D,DISPATCH,UNIT_SCADA,1,"2022/10/20 13:25:00",POR03,0
D,DISPATCH,UNIT_SCADA,1,"2022/10/20 13:25:00",PPCCGT,0
D,DISPATCH,UNIT_SCADA,1,"2022/10/20 13:25:00",PTSTAN1,0
D,DISPATCH,UNIT_SCADA,1,"2022/10/20 13:25:00",PUMP1,0
D,DISPATCH,UNIT_SCADA,1,"2022/10/20 13:25:00",PUMP2,0
D,DISPATCH,UNIT_SCADA,1,"2022/10/20 13:25:00",QBYNBG1,0
D,DISPATCH,UNIT_SCADA,1,"2022/10/20 13:25:00",QBYNBL1,1.467480
D,DISPATCH,UNIT_SCADA,1,"2022/10/20 13:25:00",QPS1,0
D,DISPATCH,UNIT_SCADA,1,"2022/10/20 13:25:00",QPS2,0
D,DISPATCH,UNIT_SCADA,1,"2022/10/20 13:25:00",QPS3,0
D,DISPATCH,UNIT_SCADA,1,"2022/10/20 13:25:00",QPS4,0
D,DISPATCH,UNIT_SCADA,1,"2022/10/20 13:25:00",QPS5,75.509990
D,DISPATCH,UNIT_SCADA,1,"2022/10/20 13:25:00",REECE1,0
D,DISPATCH,UNIT_SCADA,1,"2022/10/20 13:25:00",REECE2,0
D,DISPATCH,UNIT_SCADA,1,"2022/10/20 13:25:00",ROMA_7,0
D,DISPATCH,UNIT_SCADA,1,"2022/10/20 13:25:00",ROMA_8,0
D,DISPATCH,UNIT_SCADA,1,"2022/10/20 13:25:00",RRSF1,59.917010
D,DISPATCH,UNIT_SCADA,1,"2022/10/20 13:25:00",RT_NSW1,0
D,DISPATCH,UNIT_SCADA,1,"2022/10/20 13:25:00",RT_NSW2,0
D,DISPATCH,UNIT_SCADA,1,"2022/10/20 13:25:00",RT_NSW3,0
D,DISPATCH,UNIT_SCADA,1,"2022/10/20 13:25:00",RT_NSW4,0
D,DISPATCH,UNIT_SCADA,1,"2022/10/20 13:25:00",RT_NSW5,0
D,DISPATCH,UNIT_SCADA,1,"2022/10/20 13:25:00",RT_NSW6,0
D,DISPATCH,UNIT_SCADA,1,"2022/10/20 13:25:00",RT_QLD1,0
D,DISPATCH,UNIT_SCADA,1,"2022/10/20 13:25:00",RT_SA1,0
D,DISPATCH,UNIT_SCADA,1,"2022/10/20 13:25:00",RT_SA2,0
D,DISPATCH,UNIT_SCADA,1,"2022/10/20 13:25:00",RT_SA3,0
D,DISPATCH,UNIT_SCADA,1,"2022/10/20 13:25:00",RT_SA4,0
D,DISPATCH,UNIT_SCADA,1,"2022/10/20 13:25:00",RT_SA5,0
D,DISPATCH,UNIT_SCADA,1,"2022/10/20 13:25:00",RT_SA6,0
D,DISPATCH,UNIT_SCADA,1,"2022/10/20 13:25:00",RT_TAS1,0
D,DISPATCH,UNIT_SCADA,1,"2022/10/20 13:25:00",RT_VIC1,0
D,DISPATCH,UNIT_SCADA,1,"2022/10/20 13:25:00",RT_VIC10,0
D,DISPATCH,UNIT_SCADA,1,"2022/10/20 13:25:00",RT_VIC11,0
D,DISPATCH,UNIT_SCADA,1,"2022/10/20 13:25:00",RT_VIC12,0
D,DISPATCH,UNIT_SCADA,1,"2022/10/20 13:25:00",RT_VIC2,0
D,DISPATCH,UNIT_SCADA,1,"2022/10/20 13:25:00",RT_VIC3,0
D,DISPATCH,UNIT_SCADA,1,"2022/10/20 13:25:00",RT_VIC4,0
D,DISPATCH,UNIT_SCADA,1,"2022/10/20 13:25:00",RT_VIC5,0
D,DISPATCH,UNIT_SCADA,1,"2022/10/20 13:25:00",RT_VIC6,0
D,DISPATCH,UNIT_SCADA,1,"2022/10/20 13:25:00",RT_VIC7,0
D,DISPATCH,UNIT_SCADA,1,"2022/10/20 13:25:00",RT_VIC8,0
D,DISPATCH,UNIT_SCADA,1,"2022/10/20 13:25:00",RT_VIC9,0
D,DISPATCH,UNIT_SCADA,1,"2022/10/20 13:25:00",RUGBYR1,31.260670
D,DISPATCH,UNIT_SCADA,1,"2022/10/20 13:25:00",SALTCRK1,12.86
D,DISPATCH,UNIT_SCADA,1,"2022/10/20 13:25:00",SAPHWF1,0
D,DISPATCH,UNIT_SCADA,1,"2022/10/20 13:25:00",SEBSF1,49.122470
D,DISPATCH,UNIT_SCADA,1,"2022/10/20 13:25:00",SHGEN,0
D,DISPATCH,UNIT_SCADA,1,"2022/10/20 13:25:00",SHPUMP,0
D,DISPATCH,UNIT_SCADA,1,"2022/10/20 13:25:00",SITHE01,0.083520
D,DISPATCH,UNIT_SCADA,1,"2022/10/20 13:25:00",SMCSF1,105.7510
D,DISPATCH,UNIT_SCADA,1,"2022/10/20 13:25:00",SNAPPER1,0
D,DISPATCH,UNIT_SCADA,1,"2022/10/20 13:25:00",SNOWNTH1,46
D,DISPATCH,UNIT_SCADA,1,"2022/10/20 13:25:00",SNOWSTH1,35
D,DISPATCH,UNIT_SCADA,1,"2022/10/20 13:25:00",SNOWTWN1,45.917990
D,DISPATCH,UNIT_SCADA,1,"2022/10/20 13:25:00",SNOWYP,0
D,DISPATCH,UNIT_SCADA,1,"2022/10/20 13:25:00",SNUG1,0
D,DISPATCH,UNIT_SCADA,1,"2022/10/20 13:25:00",SRSF1,27.37
D,DISPATCH,UNIT_SCADA,1,"2022/10/20 13:25:00",STAN-1,277.479740
D,DISPATCH,UNIT_SCADA,1,"2022/10/20 13:25:00",STAN-2,351.374360
D,DISPATCH,UNIT_SCADA,1,"2022/10/20 13:25:00",STAN-3,159.350890
D,DISPATCH,UNIT_SCADA,1,"2022/10/20 13:25:00",STAN-4,349.528590
D,DISPATCH,UNIT_SCADA,1,"2022/10/20 13:25:00",STARHLWF,18.394640
D,DISPATCH,UNIT_SCADA,1,"2022/10/20 13:25:00",STOCKYD1,83.46
D,DISPATCH,UNIT_SCADA,1,"2022/10/20 13:25:00",STWF1,0
D,DISPATCH,UNIT_SCADA,1,"2022/10/20 13:25:00",SUNRSF1,91.824220
D,DISPATCH,UNIT_SCADA,1,"2022/10/20 13:25:00",SUNTPSF1,1.234760
D,DISPATCH,UNIT_SCADA,1,"2022/10/20 13:25:00",SWAN_E,190.819990
D,DISPATCH,UNIT_SCADA,1,"2022/10/20 13:25:00",TALWA1,0
D,DISPATCH,UNIT_SCADA,1,"2022/10/20 13:25:00",TARALGA1,0
D,DISPATCH,UNIT_SCADA,1,"2022/10/20 13:25:00",TARONG#1,348.700010
D,DISPATCH,UNIT_SCADA,1,"2022/10/20 13:25:00",TARONG#2,347.899990
D,DISPATCH,UNIT_SCADA,1,"2022/10/20 13:25:00",TARONG#3,0.90
D,DISPATCH,UNIT_SCADA,1,"2022/10/20 13:25:00",TARONG#4,288.200010
D,DISPATCH,UNIT_SCADA,1,"2022/10/20 13:25:00",TARRALEA,54
D,DISPATCH,UNIT_SCADA,1,"2022/10/20 13:25:00",TBSF1,0.10
D,DISPATCH,UNIT_SCADA,1,"2022/10/20 13:25:00",TNPS1,323.1250
D,DISPATCH,UNIT_SCADA,1,"2022/10/20 13:25:00",TORRB1,0
D,DISPATCH,UNIT_SCADA,1,"2022/10/20 13:25:00",TORRB2,43
D,DISPATCH,UNIT_SCADA,1,"2022/10/20 13:25:00",TORRB3,0
D,DISPATCH,UNIT_SCADA,1,"2022/10/20 13:25:00",TORRB4,0
D,DISPATCH,UNIT_SCADA,1,"2022/10/20 13:25:00",TREVALLN,100.3898
D,DISPATCH,UNIT_SCADA,1,"2022/10/20 13:25:00",TRIBUTE,0
D,DISPATCH,UNIT_SCADA,1,"2022/10/20 13:25:00",TUMUT3,121.93
D,DISPATCH,UNIT_SCADA,1,"2022/10/20 13:25:00",TUNGATIN,5.620020
D,DISPATCH,UNIT_SCADA,1,"2022/10/20 13:25:00",TVCC201,0
D,DISPATCH,UNIT_SCADA,1,"2022/10/20 13:25:00",TVPP104,0
D,DISPATCH,UNIT_SCADA,1,"2022/10/20 13:25:00",UPPTUMUT,0
D,DISPATCH,UNIT_SCADA,1,"2022/10/20 13:25:00",URANQ11,0
D,DISPATCH,UNIT_SCADA,1,"2022/10/20 13:25:00",URANQ12,0
D,DISPATCH,UNIT_SCADA,1,"2022/10/20 13:25:00",URANQ13,0
D,DISPATCH,UNIT_SCADA,1,"2022/10/20 13:25:00",URANQ14,0
D,DISPATCH,UNIT_SCADA,1,"2022/10/20 13:25:00",VBBG1,0
D,DISPATCH,UNIT_SCADA,1,"2022/10/20 13:25:00",VBBL1,62.50
D,DISPATCH,UNIT_SCADA,1,"2022/10/20 13:25:00",VP5,520.2063
D,DISPATCH,UNIT_SCADA,1,"2022/10/20 13:25:00",VP6,524.405640
D,DISPATCH,UNIT_SCADA,1,"2022/10/20 13:25:00",VPGS1,0
D,DISPATCH,UNIT_SCADA,1,"2022/10/20 13:25:00",VPGS2,0
D,DISPATCH,UNIT_SCADA,1,"2022/10/20 13:25:00",VPGS3,0
D,DISPATCH,UNIT_SCADA,1,"2022/10/20 13:25:00",VPGS4,0
D,DISPATCH,UNIT_SCADA,1,"2022/10/20 13:25:00",VPGS5,0
D,DISPATCH,UNIT_SCADA,1,"2022/10/20 13:25:00",VPGS6,0
D,DISPATCH,UNIT_SCADA,1,"2022/10/20 13:25:00",W/HOE#1,0
D,DISPATCH,UNIT_SCADA,1,"2022/10/20 13:25:00",W/HOE#2,0
D,DISPATCH,UNIT_SCADA,1,"2022/10/20 13:25:00",WAGGNSF1,0
D,DISPATCH,UNIT_SCADA,1,"2022/10/20 13:25:00",WALGRVG1,0.000930
D,DISPATCH,UNIT_SCADA,1,"2022/10/20 13:25:00",WALGRVL1,0
D,DISPATCH,UNIT_SCADA,1,"2022/10/20 13:25:00",WANDBG1,0
D,DISPATCH,UNIT_SCADA,1,"2022/10/20 13:25:00",WANDBL1,49.254650
D,DISPATCH,UNIT_SCADA,1,"2022/10/20 13:25:00",WARWSF1,16.01
D,DISPATCH,UNIT_SCADA,1,"2022/10/20 13:25:00",WARWSF2,16.02
D,DISPATCH,UNIT_SCADA,1,"2022/10/20 13:25:00",WATERLWF,12.10
D,DISPATCH,UNIT_SCADA,1,"2022/10/20 13:25:00",WDGPH1,31.4530
D,DISPATCH,UNIT_SCADA,1,"2022/10/20 13:25:00",WELLSF1,9.591820
D,DISPATCH,UNIT_SCADA,1,"2022/10/20 13:25:00",WEMENSF1,46.60
D,DISPATCH,UNIT_SCADA,1,"2022/10/20 13:25:00",WGWF1,13.90
D,DISPATCH,UNIT_SCADA,1,"2022/10/20 13:25:00",WHITSF1,20.90
D,DISPATCH,UNIT_SCADA,1,"2022/10/20 13:25:00",WINTSF1,85.09
D,DISPATCH,UNIT_SCADA,1,"2022/10/20 13:25:00",WKIEWA1,32.20
D,DISPATCH,UNIT_SCADA,1,"2022/10/20 13:25:00",WKIEWA2,14.20
D,DISPATCH,UNIT_SCADA,1,"2022/10/20 13:25:00",WOODLWN1,16.510510
D,DISPATCH,UNIT_SCADA,1,"2022/10/20 13:25:00",WOOLGSF1,23.644160
D,DISPATCH,UNIT_SCADA,1,"2022/10/20 13:25:00",WPWF,28.47
D,DISPATCH,UNIT_SCADA,1,"2022/10/20 13:25:00",WRSF1,4.9794
D,DISPATCH,UNIT_SCADA,1,"2022/10/20 13:25:00",WRWF1,0
D,DISPATCH,UNIT_SCADA,1,"2022/10/20 13:25:00",WSTWYSF1,0.940960
D,DISPATCH,UNIT_SCADA,1,"2022/10/20 13:25:00",YABULU,0
D,DISPATCH,UNIT_SCADA,1,"2022/10/20 13:25:00",YABULU2,0
D,DISPATCH,UNIT_SCADA,1,"2022/10/20 13:25:00",YARANSF1,36.69
D,DISPATCH,UNIT_SCADA,1,"2022/10/20 13:25:00",YARWUN_1,161.319990
D,DISPATCH,UNIT_SCADA,1,"2022/10/20 13:25:00",YATSF1,59.49
D,DISPATCH,UNIT_SCADA,1,"2022/10/20 13:25:00",YENDWF1,37.30
D,DISPATCH,UNIT_SCADA,1,"2022/10/20 13:25:00",YWPS1,251.625320
D,DISPATCH,UNIT_SCADA,1,"2022/10/20 13:25:00",YWPS2,253.881010
D,DISPATCH,UNIT_SCADA,1,"2022/10/20 13:25:00",YWPS3,282.608860
D,DISPATCH,UNIT_SCADA,1,"2022/10/20 13:25:00",YWPS4,0
C,"END OF REPORT",419
