C,NEMP.WORLD,DISPATCHSCADA,AEMO,PUBLIC,2022/10/20,22:15:11,0000000373284264,DISPATCHSCADA,0000000373284258
I,DISPATCH,UNIT_SCADA,1,SETTLEMENTDATE,DUID,SCADAVALUE
D,DISPATCH,UNIT_SCADA,1,"2022/10/20 22:20:00",BARCSF1,0
D,DISPATCH,UNIT_SCADA,1,"2022/10/20 22:20:00",BUTLERSG,8.699999
D,DISPATCH,UNIT_SCADA,1,"2022/10/20 22:20:00",CAPTL_WF,89.520897
D,DISPATCH,UNIT_SCADA,1,"2022/10/20 22:20:00",CHALLHWF,8.50
D,DISPATCH,UNIT_SCADA,1,"2022/10/20 22:20:00",CLOVER,13.32
D,DISPATCH,UNIT_SCADA,1,"2022/10/20 22:20:00",CLUNY,5.620050
D,DISPATCH,UNIT_SCADA,1,"2022/10/20 22:20:00",CULLRGWF,-0.02
D,DISPATCH,UNIT_SCADA,1,"2022/10/20 22:20:00",DIAPURWF1,2.40
D,DISPATCH,UNIT_SCADA,1,"2022/10/20 22:20:00",ERGT01,0
D,DISPATCH,UNIT_SCADA,1,"2022/10/20 22:20:00",GB01,0
D,DISPATCH,UNIT_SCADA,1,"2022/10/20 22:20:00",GERMCRK,19.40
D,DISPATCH,UNIT_SCADA,1,"2022/10/20 22:20:00",GRIFSF1,0.001526
D,DISPATCH,UNIT_SCADA,1,"2022/10/20 22:20:00",HEZ1,0
D,DISPATCH,UNIT_SCADA,1,"2022/10/20 22:20:00",HUGSF1,-0.12
D,DISPATCH,UNIT_SCADA,1,"2022/10/20 22:20:00",KEPBG1,0
D,DISPATCH,UNIT_SCADA,1,"2022/10/20 22:20:00",LRSF1,-0.0310
D,DISPATCH,UNIT_SCADA,1,"2022/10/20 22:20:00",MBAHNTH,45.300003
D,DISPATCH,UNIT_SCADA,1,"2022/10/20 22:20:00",MLSP1,0
D,DISPATCH,UNIT_SCADA,1,"2022/10/20 22:20:00",MLWF1,1.08
D,DISPATCH,UNIT_SCADA,1,"2022/10/20 22:20:00",PALOONA,30.599998
D,DISPATCH,UNIT_SCADA,1,"2022/10/20 22:20:00",PIONEER,19.700001
D,DISPATCH,UNIT_SCADA,1,"2022/10/20 22:20:00",PORTWF,38.700001
D,DISPATCH,UNIT_SCADA,1,"2022/10/20 22:20:00",REPULSE,9.416038
D,DISPATCH,UNIT_SCADA,1,"2022/10/20 22:20:00",ROWALLAN,8.974401
D,DISPATCH,UNIT_SCADA,1,"2022/10/20 22:20:00",ROYALLA1,0
D,DISPATCH,UNIT_SCADA,1,"2022/10/20 22:20:00",RPCG,-0.50
D,DISPATCH,UNIT_SCADA,1,"2022/10/20 22:20:00",RUBICON,0
D,DISPATCH,UNIT_SCADA,1,"2022/10/20 22:20:00",WAUBRAWF,30.292999
D,DISPATCH,UNIT_SCADA,1,"2022/10/20 22:20:00",WOOLNTH1,81.330002
D,DISPATCH,UNIT_SCADA,1,"2022/10/20 22:20:00",YAMBUKWF,3.30
D,DISPATCH,UNIT_SCADA,1,"2022/10/20 22:20:00",YSWF1,0.10
D,DISPATCH,UNIT_SCADA,1,"2022/10/20 22:20:00",ADPBA1G,0.0080
D,DISPATCH,UNIT_SCADA,1,"2022/10/20 22:20:00",ADPBA1L,0
D,DISPATCH,UNIT_SCADA,1,"2022/10/20 22:20:00",ADPPV1,0
D,DISPATCH,UNIT_SCADA,1,"2022/10/20 22:20:00",AGLHAL,30.968670
D,DISPATCH,UNIT_SCADA,1,"2022/10/20 22:20:00",AGLSOM,0
D,DISPATCH,UNIT_SCADA,1,"2022/10/20 22:20:00",ANGAST1,0
D,DISPATCH,UNIT_SCADA,1,"2022/10/20 22:20:00",ARWF1,15.10
D,DISPATCH,UNIT_SCADA,1,"2022/10/20 22:20:00",BALBG1,0
D,DISPATCH,UNIT_SCADA,1,"2022/10/20 22:20:00",BALBL1,0
D,DISPATCH,UNIT_SCADA,1,"2022/10/20 22:20:00",BALDHWF1,105.05
D,DISPATCH,UNIT_SCADA,1,"2022/10/20 22:20:00",BANGOWF1,89.398340
D,DISPATCH,UNIT_SCADA,1,"2022/10/20 22:20:00",BANGOWF2,63.6978
D,DISPATCH,UNIT_SCADA,1,"2022/10/20 22:20:00",BANN1,0
D,DISPATCH,UNIT_SCADA,1,"2022/10/20 22:20:00",BARCALDN,0
D,DISPATCH,UNIT_SCADA,1,"2022/10/20 22:20:00",BARKIPS1,9.90
D,DISPATCH,UNIT_SCADA,1,"2022/10/20 22:20:00",BARRON-1,0
D,DISPATCH,UNIT_SCADA,1,"2022/10/20 22:20:00",BARRON-2,0
D,DISPATCH,UNIT_SCADA,1,"2022/10/20 22:20:00",BASTYAN,0
D,DISPATCH,UNIT_SCADA,1,"2022/10/20 22:20:00",BBTHREE1,0
D,DISPATCH,UNIT_SCADA,1,"2022/10/20 22:20:00",BBTHREE2,0
D,DISPATCH,UNIT_SCADA,1,"2022/10/20 22:20:00",BBTHREE3,-1.13
D,DISPATCH,UNIT_SCADA,1,"2022/10/20 22:20:00",BDL01,0
D,DISPATCH,UNIT_SCADA,1,"2022/10/20 22:20:00",BDL02,0
D,DISPATCH,UNIT_SCADA,1,"2022/10/20 22:20:00",BERYLSF1,0
D,DISPATCH,UNIT_SCADA,1,"2022/10/20 22:20:00",BLOWERNG,62.50
D,DISPATCH,UNIT_SCADA,1,"2022/10/20 22:20:00",BLUEGSF1,0
D,DISPATCH,UNIT_SCADA,1,"2022/10/20 22:20:00",BLUFF1,10.90
D,DISPATCH,UNIT_SCADA,1,"2022/10/20 22:20:00",BNGSF1,0
D,DISPATCH,UNIT_SCADA,1,"2022/10/20 22:20:00",BNGSF2,0
D,DISPATCH,UNIT_SCADA,1,"2022/10/20 22:20:00",BOCORWF1,3.72
D,DISPATCH,UNIT_SCADA,1,"2022/10/20 22:20:00",BODWF1,104.0504
D,DISPATCH,UNIT_SCADA,1,"2022/10/20 22:20:00",BOMENSF1,0
D,DISPATCH,UNIT_SCADA,1,"2022/10/20 22:20:00",BOWWBA1G,0
D,DISPATCH,UNIT_SCADA,1,"2022/10/20 22:20:00",BOWWBA1L,0.0010
D,DISPATCH,UNIT_SCADA,1,"2022/10/20 22:20:00",BOWWPV1,0
D,DISPATCH,UNIT_SCADA,1,"2022/10/20 22:20:00",BRAEMAR1,0
D,DISPATCH,UNIT_SCADA,1,"2022/10/20 22:20:00",BRAEMAR2,0
D,DISPATCH,UNIT_SCADA,1,"2022/10/20 22:20:00",BRAEMAR3,0
D,DISPATCH,UNIT_SCADA,1,"2022/10/20 22:20:00",BRAEMAR5,11.762930
D,DISPATCH,UNIT_SCADA,1,"2022/10/20 22:20:00",BRAEMAR6,0
D,DISPATCH,UNIT_SCADA,1,"2022/10/20 22:20:00",BRAEMAR7,138.546750
D,DISPATCH,UNIT_SCADA,1,"2022/10/20 22:20:00",BROKENH1,0
D,DISPATCH,UNIT_SCADA,1,"2022/10/20 22:20:00",BRYB1WF1,85.947970
D,DISPATCH,UNIT_SCADA,1,"2022/10/20 22:20:00",BULBESG1,0
D,DISPATCH,UNIT_SCADA,1,"2022/10/20 22:20:00",BULBESL1,0.35
D,DISPATCH,UNIT_SCADA,1,"2022/10/20 22:20:00",BULGANA1,11.32
D,DISPATCH,UNIT_SCADA,1,"2022/10/20 22:20:00",BW01,655.246830
D,DISPATCH,UNIT_SCADA,1,"2022/10/20 22:20:00",BW02,637.058040
D,DISPATCH,UNIT_SCADA,1,"2022/10/20 22:20:00",BW03,494.917210
D,DISPATCH,UNIT_SCADA,1,"2022/10/20 22:20:00",BW04,0
D,DISPATCH,UNIT_SCADA,1,"2022/10/20 22:20:00",CALL_B_1,317.800020
D,DISPATCH,UNIT_SCADA,1,"2022/10/20 22:20:00",CALL_B_2,317.200010
D,DISPATCH,UNIT_SCADA,1,"2022/10/20 22:20:00",CATHROCK,4
D,DISPATCH,UNIT_SCADA,1,"2022/10/20 22:20:00",CBWWBA1G,0
D,DISPATCH,UNIT_SCADA,1,"2022/10/20 22:20:00",CBWWBA1L,0
D,DISPATCH,UNIT_SCADA,1,"2022/10/20 22:20:00",CETHANA,89.023630
D,DISPATCH,UNIT_SCADA,1,"2022/10/20 22:20:00",CG1,0
D,DISPATCH,UNIT_SCADA,1,"2022/10/20 22:20:00",CG2,0
D,DISPATCH,UNIT_SCADA,1,"2022/10/20 22:20:00",CG3,0
D,DISPATCH,UNIT_SCADA,1,"2022/10/20 22:20:00",CG4,0
D,DISPATCH,UNIT_SCADA,1,"2022/10/20 22:20:00",CHILDSF1,0
D,DISPATCH,UNIT_SCADA,1,"2022/10/20 22:20:00",CHYTWF1,2.89
D,DISPATCH,UNIT_SCADA,1,"2022/10/20 22:20:00",CLARESF1,0
D,DISPATCH,UNIT_SCADA,1,"2022/10/20 22:20:00",CLEMGPWF,0
D,DISPATCH,UNIT_SCADA,1,"2022/10/20 22:20:00",CLERMSF1,0
D,DISPATCH,UNIT_SCADA,1,"2022/10/20 22:20:00",CNUNDAWF,16.719510
D,DISPATCH,UNIT_SCADA,1,"2022/10/20 22:20:00",COHUNSF1,0
D,DISPATCH,UNIT_SCADA,1,"2022/10/20 22:20:00",COLEASF1,0
D,DISPATCH,UNIT_SCADA,1,"2022/10/20 22:20:00",COLUMSF1,0
D,DISPATCH,UNIT_SCADA,1,"2022/10/20 22:20:00",COLWF01,128.915850
D,DISPATCH,UNIT_SCADA,1,"2022/10/20 22:20:00",COOPGWF1,386.230010
D,DISPATCH,UNIT_SCADA,1,"2022/10/20 22:20:00",CPP_3,378.399990
D,DISPATCH,UNIT_SCADA,1,"2022/10/20 22:20:00",CPP_4,0
D,DISPATCH,UNIT_SCADA,1,"2022/10/20 22:20:00",CPSA,0
D,DISPATCH,UNIT_SCADA,1,"2022/10/20 22:20:00",CROOKWF2,22.043180
D,DISPATCH,UNIT_SCADA,1,"2022/10/20 22:20:00",CROWLWF1,27.957250
D,DISPATCH,UNIT_SCADA,1,"2022/10/20 22:20:00",CRURWF1,77.6984
D,DISPATCH,UNIT_SCADA,1,"2022/10/20 22:20:00",CRWASF1,0
D,DISPATCH,UNIT_SCADA,1,"2022/10/20 22:20:00",CSPVPS1,0
D,DISPATCH,UNIT_SCADA,1,"2022/10/20 22:20:00",CTHLWF1,0.003050
D,DISPATCH,UNIT_SCADA,1,"2022/10/20 22:20:00",DALNTH01,0
D,DISPATCH,UNIT_SCADA,1,"2022/10/20 22:20:00",DALNTHL1,0.083920
D,DISPATCH,UNIT_SCADA,1,"2022/10/20 22:20:00",DARLSF1,0
D,DISPATCH,UNIT_SCADA,1,"2022/10/20 22:20:00",DARTM1,0
D,DISPATCH,UNIT_SCADA,1,"2022/10/20 22:20:00",DAYDSF1,0
D,DISPATCH,UNIT_SCADA,1,"2022/10/20 22:20:00",DDPS1,0
D,DISPATCH,UNIT_SCADA,1,"2022/10/20 22:20:00",DDSF1,0
D,DISPATCH,UNIT_SCADA,1,"2022/10/20 22:20:00",DEVILS_G,58.483230
D,DISPATCH,UNIT_SCADA,1,"2022/10/20 22:20:00",DG_NSW1,0
D,DISPATCH,UNIT_SCADA,1,"2022/10/20 22:20:00",DG_QLD1,0
D,DISPATCH,UNIT_SCADA,1,"2022/10/20 22:20:00",DG_SA1,0
D,DISPATCH,UNIT_SCADA,1,"2022/10/20 22:20:00",DG_TAS1,0
D,DISPATCH,UNIT_SCADA,1,"2022/10/20 22:20:00",DG_VIC1,0
D,DISPATCH,UNIT_SCADA,1,"2022/10/20 22:20:00",DRYCGT1,0
D,DISPATCH,UNIT_SCADA,1,"2022/10/20 22:20:00",DRYCGT2,0
D,DISPATCH,UNIT_SCADA,1,"2022/10/20 22:20:00",DRYCGT3,0
D,DISPATCH,UNIT_SCADA,1,"2022/10/20 22:20:00",DUNDWF1,98.94
D,DISPATCH,UNIT_SCADA,1,"2022/10/20 22:20:00",DUNDWF2,33.83
D,DISPATCH,UNIT_SCADA,1,"2022/10/20 22:20:00",DUNDWF3,94.30
D,DISPATCH,UNIT_SCADA,1,"2022/10/20 22:20:00",EILDON1,59.84
D,DISPATCH,UNIT_SCADA,1,"2022/10/20 22:20:00",EILDON2,60.12
D,DISPATCH,UNIT_SCADA,1,"2022/10/20 22:20:00",ELAINWF1,13.49
D,DISPATCH,UNIT_SCADA,1,"2022/10/20 22:20:00",EMERASF1,0
D,DISPATCH,UNIT_SCADA,1,"2022/10/20 22:20:00",ER01,0
D,DISPATCH,UNIT_SCADA,1,"2022/10/20 22:20:00",ER02,586.642270
D,DISPATCH,UNIT_SCADA,1,"2022/10/20 22:20:00",ER03,583.102170
D,DISPATCH,UNIT_SCADA,1,"2022/10/20 22:20:00",ER04,584.591430
D,DISPATCH,UNIT_SCADA,1,"2022/10/20 22:20:00",FINLYSF1,0
D,DISPATCH,UNIT_SCADA,1,"2022/10/20 22:20:00",FISHER,44.03
D,DISPATCH,UNIT_SCADA,1,"2022/10/20 22:20:00",GANGARR1,0
D,DISPATCH,UNIT_SCADA,1,"2022/10/20 22:20:00",GANNBG1,0
D,DISPATCH,UNIT_SCADA,1,"2022/10/20 22:20:00",GANNBL1,0.471680
D,DISPATCH,UNIT_SCADA,1,"2022/10/20 22:20:00",GANNSF1,0
D,DISPATCH,UNIT_SCADA,1,"2022/10/20 22:20:00",GLRWNSF1,0
D,DISPATCH,UNIT_SCADA,1,"2022/10/20 22:20:00",GNNDHSF1,0
D,DISPATCH,UNIT_SCADA,1,"2022/10/20 22:20:00",GOONSF1,0
D,DISPATCH,UNIT_SCADA,1,"2022/10/20 22:20:00",GORDON,227.027560
D,DISPATCH,UNIT_SCADA,1,"2022/10/20 22:20:00",GRANWF1,0
D,DISPATCH,UNIT_SCADA,1,"2022/10/20 22:20:00",GSTONE1,200.20
D,DISPATCH,UNIT_SCADA,1,"2022/10/20 22:20:00",GSTONE2,0
D,DISPATCH,UNIT_SCADA,1,"2022/10/20 22:20:00",GSTONE3,138.774990
D,DISPATCH,UNIT_SCADA,1,"2022/10/20 22:20:00",GSTONE4,0
D,DISPATCH,UNIT_SCADA,1,"2022/10/20 22:20:00",GSTONE5,199.6750
D,DISPATCH,UNIT_SCADA,1,"2022/10/20 22:20:00",GSTONE6,200.20
D,DISPATCH,UNIT_SCADA,1,"2022/10/20 22:20:00",GULLRSF1,0
D,DISPATCH,UNIT_SCADA,1,"2022/10/20 22:20:00",GULLRWF1,64.744020
D,DISPATCH,UNIT_SCADA,1,"2022/10/20 22:20:00",GULLRWF2,88.970110
D,DISPATCH,UNIT_SCADA,1,"2022/10/20 22:20:00",GUNNING1,0
D,DISPATCH,UNIT_SCADA,1,"2022/10/20 22:20:00",GUTHEGA,67.70
D,DISPATCH,UNIT_SCADA,1,"2022/10/20 22:20:00",HALLWF1,41.25
D,DISPATCH,UNIT_SCADA,1,"2022/10/20 22:20:00",HALLWF2,10.58
D,DISPATCH,UNIT_SCADA,1,"2022/10/20 22:20:00",HAMISF1,0
D,DISPATCH,UNIT_SCADA,1,"2022/10/20 22:20:00",HAUGHT11,0
D,DISPATCH,UNIT_SCADA,1,"2022/10/20 22:20:00",HAYMSF1,0
D,DISPATCH,UNIT_SCADA,1,"2022/10/20 22:20:00",HDWF1,31.70
D,DISPATCH,UNIT_SCADA,1,"2022/10/20 22:20:00",HDWF2,10.30
D,DISPATCH,UNIT_SCADA,1,"2022/10/20 22:20:00",HDWF3,18.20
D,DISPATCH,UNIT_SCADA,1,"2022/10/20 22:20:00",HILLSTN1,0
D,DISPATCH,UNIT_SCADA,1,"2022/10/20 22:20:00",HPRG1,0
D,DISPATCH,UNIT_SCADA,1,"2022/10/20 22:20:00",HPRL1,7.40
D,DISPATCH,UNIT_SCADA,1,"2022/10/20 22:20:00",HUMENSW,54.256810
D,DISPATCH,UNIT_SCADA,1,"2022/10/20 22:20:00",HUMEV,0
D,DISPATCH,UNIT_SCADA,1,"2022/10/20 22:20:00",HVWWBA1G,0
D,DISPATCH,UNIT_SCADA,1,"2022/10/20 22:20:00",HVWWBA1L,0.0060
D,DISPATCH,UNIT_SCADA,1,"2022/10/20 22:20:00",HVWWPV1,0
D,DISPATCH,UNIT_SCADA,1,"2022/10/20 22:20:00",JBUTTERS,0
D,DISPATCH,UNIT_SCADA,1,"2022/10/20 22:20:00",JEMALNG1,0
D,DISPATCH,UNIT_SCADA,1,"2022/10/20 22:20:00",JLA01,0
D,DISPATCH,UNIT_SCADA,1,"2022/10/20 22:20:00",JLA02,0
D,DISPATCH,UNIT_SCADA,1,"2022/10/20 22:20:00",JLA03,0
D,DISPATCH,UNIT_SCADA,1,"2022/10/20 22:20:00",JLA04,0
D,DISPATCH,UNIT_SCADA,1,"2022/10/20 22:20:00",JLB01,0
D,DISPATCH,UNIT_SCADA,1,"2022/10/20 22:20:00",JLB02,0.10
D,DISPATCH,UNIT_SCADA,1,"2022/10/20 22:20:00",JLB03,0
D,DISPATCH,UNIT_SCADA,1,"2022/10/20 22:20:00",JUNEESF1,0
D,DISPATCH,UNIT_SCADA,1,"2022/10/20 22:20:00",KABANWF1,0.8720
D,DISPATCH,UNIT_SCADA,1,"2022/10/20 22:20:00",KAREEYA1,0
D,DISPATCH,UNIT_SCADA,1,"2022/10/20 22:20:00",KAREEYA2,0
D,DISPATCH,UNIT_SCADA,1,"2022/10/20 22:20:00",KAREEYA3,4.74
D,DISPATCH,UNIT_SCADA,1,"2022/10/20 22:20:00",KAREEYA4,0
D,DISPATCH,UNIT_SCADA,1,"2022/10/20 22:20:00",KARSF1,0
D,DISPATCH,UNIT_SCADA,1,"2022/10/20 22:20:00",KEPSF1,0
D,DISPATCH,UNIT_SCADA,1,"2022/10/20 22:20:00",KEPWF1,1.23
D,DISPATCH,UNIT_SCADA,1,"2022/10/20 22:20:00",KIAMSF1,0
D,DISPATCH,UNIT_SCADA,1,"2022/10/20 22:20:00",KIATAWF1,5
D,DISPATCH,UNIT_SCADA,1,"2022/10/20 22:20:00",KPP_1,0
D,DISPATCH,UNIT_SCADA,1,"2022/10/20 22:20:00",KSP1,0
D,DISPATCH,UNIT_SCADA,1,"2022/10/20 22:20:00",LADBROK1,0.01
D,DISPATCH,UNIT_SCADA,1,"2022/10/20 22:20:00",LADBROK2,0.02
D,DISPATCH,UNIT_SCADA,1,"2022/10/20 22:20:00",LBBG1,0
D,DISPATCH,UNIT_SCADA,1,"2022/10/20 22:20:00",LBBL1,2.25
D,DISPATCH,UNIT_SCADA,1,"2022/10/20 22:20:00",LD01,376.842560
D,DISPATCH,UNIT_SCADA,1,"2022/10/20 22:20:00",LD02,127.610090
D,DISPATCH,UNIT_SCADA,1,"2022/10/20 22:20:00",LD04,310.849330
D,DISPATCH,UNIT_SCADA,1,"2022/10/20 22:20:00",LEM_WIL,86.905110
D,DISPATCH,UNIT_SCADA,1,"2022/10/20 22:20:00",LGAPWF1,86.17
D,DISPATCH,UNIT_SCADA,1,"2022/10/20 22:20:00",LGAPWF2,68.91
D,DISPATCH,UNIT_SCADA,1,"2022/10/20 22:20:00",LILYSF1,0
D,DISPATCH,UNIT_SCADA,1,"2022/10/20 22:20:00",LIMOSF11,0
D,DISPATCH,UNIT_SCADA,1,"2022/10/20 22:20:00",LIMOSF21,0
D,DISPATCH,UNIT_SCADA,1,"2022/10/20 22:20:00",LI_WY_CA,55.6739
D,DISPATCH,UNIT_SCADA,1,"2022/10/20 22:20:00",LKBONNY1,18.487050
D,DISPATCH,UNIT_SCADA,1,"2022/10/20 22:20:00",LKBONNY2,57.280380
D,DISPATCH,UNIT_SCADA,1,"2022/10/20 22:20:00",LKBONNY3,15.071960
D,DISPATCH,UNIT_SCADA,1,"2022/10/20 22:20:00",LK_ECHO,0
D,DISPATCH,UNIT_SCADA,1,"2022/10/20 22:20:00",LNGS1,0
D,DISPATCH,UNIT_SCADA,1,"2022/10/20 22:20:00",LNGS2,0
D,DISPATCH,UNIT_SCADA,1,"2022/10/20 22:20:00",LONSDALE,0
D,DISPATCH,UNIT_SCADA,1,"2022/10/20 22:20:00",LOYYB1,580.450620
D,DISPATCH,UNIT_SCADA,1,"2022/10/20 22:20:00",LOYYB2,572.931640
D,DISPATCH,UNIT_SCADA,1,"2022/10/20 22:20:00",LYA1,553
D,DISPATCH,UNIT_SCADA,1,"2022/10/20 22:20:00",LYA2,0
D,DISPATCH,UNIT_SCADA,1,"2022/10/20 22:20:00",LYA3,554
D,DISPATCH,UNIT_SCADA,1,"2022/10/20 22:20:00",LYA4,554
D,DISPATCH,UNIT_SCADA,1,"2022/10/20 22:20:00",MACARTH1,104.997570
D,DISPATCH,UNIT_SCADA,1,"2022/10/20 22:20:00",MACKNTSH,0
D,DISPATCH,UNIT_SCADA,1,"2022/10/20 22:20:00",MANSLR1,0
D,DISPATCH,UNIT_SCADA,1,"2022/10/20 22:20:00",MAPS2PV1,0
D,DISPATCH,UNIT_SCADA,1,"2022/10/20 22:20:00",MAPS3PV1,0
D,DISPATCH,UNIT_SCADA,1,"2022/10/20 22:20:00",MARYRSF1,0
D,DISPATCH,UNIT_SCADA,1,"2022/10/20 22:20:00",MBPS2PV1,0
D,DISPATCH,UNIT_SCADA,1,"2022/10/20 22:20:00",MCKAY1,218.764980
D,DISPATCH,UNIT_SCADA,1,"2022/10/20 22:20:00",MEADOWBK,5.7160
D,DISPATCH,UNIT_SCADA,1,"2022/10/20 22:20:00",MERCER01,26.80
D,DISPATCH,UNIT_SCADA,1,"2022/10/20 22:20:00",METZSF1,0
D,DISPATCH,UNIT_SCADA,1,"2022/10/20 22:20:00",MEWF1,10
D,DISPATCH,UNIT_SCADA,1,"2022/10/20 22:20:00",MIDDLSF1,0
D,DISPATCH,UNIT_SCADA,1,"2022/10/20 22:20:00",MINTARO,0.128180
D,DISPATCH,UNIT_SCADA,1,"2022/10/20 22:20:00",MOLNGSF1,0
D,DISPATCH,UNIT_SCADA,1,"2022/10/20 22:20:00",MOORAWF1,0
D,DISPATCH,UNIT_SCADA,1,"2022/10/20 22:20:00",MOREESF1,0
D,DISPATCH,UNIT_SCADA,1,"2022/10/20 22:20:00",MORTLK11,0
D,DISPATCH,UNIT_SCADA,1,"2022/10/20 22:20:00",MORTLK12,0
D,DISPATCH,UNIT_SCADA,1,"2022/10/20 22:20:00",MOUSF1,0
D,DISPATCH,UNIT_SCADA,1,"2022/10/20 22:20:00",MP1,0
D,DISPATCH,UNIT_SCADA,1,"2022/10/20 22:20:00",MP2,345.0126
D,DISPATCH,UNIT_SCADA,1,"2022/10/20 22:20:00",MPP_1,198.096240
D,DISPATCH,UNIT_SCADA,1,"2022/10/20 22:20:00",MPP_2,177.709810
D,DISPATCH,UNIT_SCADA,1,"2022/10/20 22:20:00",MRTLSWF1,0
D,DISPATCH,UNIT_SCADA,1,"2022/10/20 22:20:00",MSTUART1,0
D,DISPATCH,UNIT_SCADA,1,"2022/10/20 22:20:00",MSTUART2,0
D,DISPATCH,UNIT_SCADA,1,"2022/10/20 22:20:00",MSTUART3,0
D,DISPATCH,UNIT_SCADA,1,"2022/10/20 22:20:00",MTGELWF1,45.139930
D,DISPATCH,UNIT_SCADA,1,"2022/10/20 22:20:00",MTMILLAR,26.80
D,DISPATCH,UNIT_SCADA,1,"2022/10/20 22:20:00",MURRAY,0
D,DISPATCH,UNIT_SCADA,1,"2022/10/20 22:20:00",MUSSELR1,20.80
D,DISPATCH,UNIT_SCADA,1,"2022/10/20 22:20:00",MUWAWF1,59.43
D,DISPATCH,UNIT_SCADA,1,"2022/10/20 22:20:00",MUWAWF2,70.40
D,DISPATCH,UNIT_SCADA,1,"2022/10/20 22:20:00",MWPS1PV1,0
D,DISPATCH,UNIT_SCADA,1,"2022/10/20 22:20:00",MWPS2PV1,0
D,DISPATCH,UNIT_SCADA,1,"2022/10/20 22:20:00",MWPS3PV1,0
D,DISPATCH,UNIT_SCADA,1,"2022/10/20 22:20:00",MWPS4PV1,0
D,DISPATCH,UNIT_SCADA,1,"2022/10/20 22:20:00",NBHWF1,66.60
D,DISPATCH,UNIT_SCADA,1,"2022/10/20 22:20:00",NEVERSF1,0
D,DISPATCH,UNIT_SCADA,1,"2022/10/20 22:20:00",NPS,0
D,DISPATCH,UNIT_SCADA,1,"2022/10/20 22:20:00",NUMURSF1,0
D,DISPATCH,UNIT_SCADA,1,"2022/10/20 22:20:00",NYNGAN1,0
D,DISPATCH,UNIT_SCADA,1,"2022/10/20 22:20:00",OAKEY1,0
D,DISPATCH,UNIT_SCADA,1,"2022/10/20 22:20:00",OAKEY1SF,0
D,DISPATCH,UNIT_SCADA,1,"2022/10/20 22:20:00",OAKEY2,0
D,DISPATCH,UNIT_SCADA,1,"2022/10/20 22:20:00",OAKEY2SF,0
D,DISPATCH,UNIT_SCADA,1,"2022/10/20 22:20:00",OAKLAND1,5
D,DISPATCH,UNIT_SCADA,1,"2022/10/20 22:20:00",OSB-AG,179.789990
D,DISPATCH,UNIT_SCADA,1,"2022/10/20 22:20:00",PAREPS1,0
D,DISPATCH,UNIT_SCADA,1,"2022/10/20 22:20:00",PAREPW1,60.59
D,DISPATCH,UNIT_SCADA,1,"2022/10/20 22:20:00",PARSF1,0.001530
D,DISPATCH,UNIT_SCADA,1,"2022/10/20 22:20:00",POAT110,3.22
D,DISPATCH,UNIT_SCADA,1,"2022/10/20 22:20:00",POAT220,0
D,DISPATCH,UNIT_SCADA,1,"2022/10/20 22:20:00",POR01,0
D,DISPATCH,UNIT_SCADA,1,"2022/10/20 22:20:00",POR03,0
D,DISPATCH,UNIT_SCADA,1,"2022/10/20 22:20:00",PPCCGT,162.814470
D,DISPATCH,UNIT_SCADA,1,"2022/10/20 22:20:00",PTSTAN1,0
D,DISPATCH,UNIT_SCADA,1,"2022/10/20 22:20:00",PUMP1,0
D,DISPATCH,UNIT_SCADA,1,"2022/10/20 22:20:00",PUMP2,0
D,DISPATCH,UNIT_SCADA,1,"2022/10/20 22:20:00",QBYNBG1,0.0025
D,DISPATCH,UNIT_SCADA,1,"2022/10/20 22:20:00",QBYNBL1,0
D,DISPATCH,UNIT_SCADA,1,"2022/10/20 22:20:00",QPS1,0
D,DISPATCH,UNIT_SCADA,1,"2022/10/20 22:20:00",QPS2,0
D,DISPATCH,UNIT_SCADA,1,"2022/10/20 22:20:00",QPS3,0
D,DISPATCH,UNIT_SCADA,1,"2022/10/20 22:20:00",QPS4,0
D,DISPATCH,UNIT_SCADA,1,"2022/10/20 22:20:00",QPS5,0
D,DISPATCH,UNIT_SCADA,1,"2022/10/20 22:20:00",REECE1,0
D,DISPATCH,UNIT_SCADA,1,"2022/10/20 22:20:00",REECE2,0
D,DISPATCH,UNIT_SCADA,1,"2022/10/20 22:20:00",ROMA_7,0
D,DISPATCH,UNIT_SCADA,1,"2022/10/20 22:20:00",ROMA_8,0
D,DISPATCH,UNIT_SCADA,1,"2022/10/20 22:20:00",RRSF1,0
D,DISPATCH,UNIT_SCADA,1,"2022/10/20 22:20:00",RT_NSW1,0
D,DISPATCH,UNIT_SCADA,1,"2022/10/20 22:20:00",RT_NSW2,0
D,DISPATCH,UNIT_SCADA,1,"2022/10/20 22:20:00",RT_NSW3,0
D,DISPATCH,UNIT_SCADA,1,"2022/10/20 22:20:00",RT_NSW4,0
D,DISPATCH,UNIT_SCADA,1,"2022/10/20 22:20:00",RT_NSW5,0
D,DISPATCH,UNIT_SCADA,1,"2022/10/20 22:20:00",RT_NSW6,0
D,DISPATCH,UNIT_SCADA,1,"2022/10/20 22:20:00",RT_QLD1,0
D,DISPATCH,UNIT_SCADA,1,"2022/10/20 22:20:00",RT_SA1,0
D,DISPATCH,UNIT_SCADA,1,"2022/10/20 22:20:00",RT_SA2,0
D,DISPATCH,UNIT_SCADA,1,"2022/10/20 22:20:00",RT_SA3,0
D,DISPATCH,UNIT_SCADA,1,"2022/10/20 22:20:00",RT_SA4,0
D,DISPATCH,UNIT_SCADA,1,"2022/10/20 22:20:00",RT_SA5,0
D,DISPATCH,UNIT_SCADA,1,"2022/10/20 22:20:00",RT_SA6,0
D,DISPATCH,UNIT_SCADA,1,"2022/10/20 22:20:00",RT_TAS1,0
D,DISPATCH,UNIT_SCADA,1,"2022/10/20 22:20:00",RT_VIC1,0
D,DISPATCH,UNIT_SCADA,1,"2022/10/20 22:20:00",RT_VIC10,0
D,DISPATCH,UNIT_SCADA,1,"2022/10/20 22:20:00",RT_VIC11,0
D,DISPATCH,UNIT_SCADA,1,"2022/10/20 22:20:00",RT_VIC12,0
D,DISPATCH,UNIT_SCADA,1,"2022/10/20 22:20:00",RT_VIC2,0
D,DISPATCH,UNIT_SCADA,1,"2022/10/20 22:20:00",RT_VIC3,0
D,DISPATCH,UNIT_SCADA,1,"2022/10/20 22:20:00",RT_VIC4,0
D,DISPATCH,UNIT_SCADA,1,"2022/10/20 22:20:00",RT_VIC5,0
D,DISPATCH,UNIT_SCADA,1,"2022/10/20 22:20:00",RT_VIC6,0
D,DISPATCH,UNIT_SCADA,1,"2022/10/20 22:20:00",RT_VIC7,0
D,DISPATCH,UNIT_SCADA,1,"2022/10/20 22:20:00",RT_VIC8,0
D,DISPATCH,UNIT_SCADA,1,"2022/10/20 22:20:00",RT_VIC9,0
D,DISPATCH,UNIT_SCADA,1,"2022/10/20 22:20:00",RUGBYR1,0
D,DISPATCH,UNIT_SCADA,1,"2022/10/20 22:20:00",SALTCRK1,33.84
D,DISPATCH,UNIT_SCADA,1,"2022/10/20 22:20:00",SAPHWF1,243.721680
D,DISPATCH,UNIT_SCADA,1,"2022/10/20 22:20:00",SEBSF1,0
D,DISPATCH,UNIT_SCADA,1,"2022/10/20 22:20:00",SHGEN,0
D,DISPATCH,UNIT_SCADA,1,"2022/10/20 22:20:00",SHPUMP,0
D,DISPATCH,UNIT_SCADA,1,"2022/10/20 22:20:00",SITHE01,0.153860
D,DISPATCH,UNIT_SCADA,1,"2022/10/20 22:20:00",SMCSF1,0
D,DISPATCH,UNIT_SCADA,1,"2022/10/20 22:20:00",SNAPPER1,0
D,DISPATCH,UNIT_SCADA,1,"2022/10/20 22:20:00",SNOWNTH1,69.10
D,DISPATCH,UNIT_SCADA,1,"2022/10/20 22:20:00",SNOWSTH1,55.80
D,DISPATCH,UNIT_SCADA,1,"2022/10/20 22:20:00",SNOWTWN1,59.077250
D,DISPATCH,UNIT_SCADA,1,"2022/10/20 22:20:00",SNOWYP,0
D,DISPATCH,UNIT_SCADA,1,"2022/10/20 22:20:00",SNUG1,0
D,DISPATCH,UNIT_SCADA,1,"2022/10/20 22:20:00",SRSF1,0
D,DISPATCH,UNIT_SCADA,1,"2022/10/20 22:20:00",STAN-1,278.646150
D,DISPATCH,UNIT_SCADA,1,"2022/10/20 22:20:00",STAN-2,363.294920
D,DISPATCH,UNIT_SCADA,1,"2022/10/20 22:20:00",STAN-3,362.359220
D,DISPATCH,UNIT_SCADA,1,"2022/10/20 22:20:00",STAN-4,362.000310
D,DISPATCH,UNIT_SCADA,1,"2022/10/20 22:20:00",STARHLWF,23.093270
D,DISPATCH,UNIT_SCADA,1,"2022/10/20 22:20:00",STOCKYD1,159.50
D,DISPATCH,UNIT_SCADA,1,"2022/10/20 22:20:00",STWF1,27.230030
D,DISPATCH,UNIT_SCADA,1,"2022/10/20 22:20:00",SUNRSF1,0
D,DISPATCH,UNIT_SCADA,1,"2022/10/20 22:20:00",SUNTPSF1,0
D,DISPATCH,UNIT_SCADA,1,"2022/10/20 22:20:00",SWAN_E,286.719390
D,DISPATCH,UNIT_SCADA,1,"2022/10/20 22:20:00",TALWA1,0
D,DISPATCH,UNIT_SCADA,1,"2022/10/20 22:20:00",TARALGA1,0
D,DISPATCH,UNIT_SCADA,1,"2022/10/20 22:20:00",TARONG#1,348.50
D,DISPATCH,UNIT_SCADA,1,"2022/10/20 22:20:00",TARONG#2,348.200010
D,DISPATCH,UNIT_SCADA,1,"2022/10/20 22:20:00",TARONG#3,0.90
D,DISPATCH,UNIT_SCADA,1,"2022/10/20 22:20:00",TARONG#4,239.80
D,DISPATCH,UNIT_SCADA,1,"2022/10/20 22:20:00",TARRALEA,54
D,DISPATCH,UNIT_SCADA,1,"2022/10/20 22:20:00",TBSF1,0
D,DISPATCH,UNIT_SCADA,1,"2022/10/20 22:20:00",TNPS1,368.50
D,DISPATCH,UNIT_SCADA,1,"2022/10/20 22:20:00",TORRB1,0
D,DISPATCH,UNIT_SCADA,1,"2022/10/20 22:20:00",TORRB2,58
D,DISPATCH,UNIT_SCADA,1,"2022/10/20 22:20:00",TORRB3,0
D,DISPATCH,UNIT_SCADA,1,"2022/10/20 22:20:00",TORRB4,0
D,DISPATCH,UNIT_SCADA,1,"2022/10/20 22:20:00",TREVALLN,98.018470
D,DISPATCH,UNIT_SCADA,1,"2022/10/20 22:20:00",TRIBUTE,0
D,DISPATCH,UNIT_SCADA,1,"2022/10/20 22:20:00",TUMUT3,179.58
D,DISPATCH,UNIT_SCADA,1,"2022/10/20 22:20:00",TUNGATIN,5.580020
D,DISPATCH,UNIT_SCADA,1,"2022/10/20 22:20:00",TVCC201,0
D,DISPATCH,UNIT_SCADA,1,"2022/10/20 22:20:00",TVPP104,0
D,DISPATCH,UNIT_SCADA,1,"2022/10/20 22:20:00",UPPTUMUT,0
D,DISPATCH,UNIT_SCADA,1,"2022/10/20 22:20:00",URANQ11,0
D,DISPATCH,UNIT_SCADA,1,"2022/10/20 22:20:00",URANQ12,0
D,DISPATCH,UNIT_SCADA,1,"2022/10/20 22:20:00",URANQ13,0
D,DISPATCH,UNIT_SCADA,1,"2022/10/20 22:20:00",URANQ14,0
D,DISPATCH,UNIT_SCADA,1,"2022/10/20 22:20:00",VBBG1,0
D,DISPATCH,UNIT_SCADA,1,"2022/10/20 22:20:00",VBBL1,1.10
D,DISPATCH,UNIT_SCADA,1,"2022/10/20 22:20:00",VP5,561.125550
D,DISPATCH,UNIT_SCADA,1,"2022/10/20 22:20:00",VP6,588.299190
D,DISPATCH,UNIT_SCADA,1,"2022/10/20 22:20:00",VPGS1,0
D,DISPATCH,UNIT_SCADA,1,"2022/10/20 22:20:00",VPGS2,0
D,DISPATCH,UNIT_SCADA,1,"2022/10/20 22:20:00",VPGS3,0
D,DISPATCH,UNIT_SCADA,1,"2022/10/20 22:20:00",VPGS4,0
D,DISPATCH,UNIT_SCADA,1,"2022/10/20 22:20:00",VPGS5,0
D,DISPATCH,UNIT_SCADA,1,"2022/10/20 22:20:00",VPGS6,0
D,DISPATCH,UNIT_SCADA,1,"2022/10/20 22:20:00",W/HOE#1,0
D,DISPATCH,UNIT_SCADA,1,"2022/10/20 22:20:00",W/HOE#2,0
D,DISPATCH,UNIT_SCADA,1,"2022/10/20 22:20:00",WAGGNSF1,0
D,DISPATCH,UNIT_SCADA,1,"2022/10/20 22:20:00",WALGRVG1,0
D,DISPATCH,UNIT_SCADA,1,"2022/10/20 22:20:00",WALGRVL1,4.191390
D,DISPATCH,UNIT_SCADA,1,"2022/10/20 22:20:00",WANDBG1,0
D,DISPATCH,UNIT_SCADA,1,"2022/10/20 22:20:00",WANDBL1,0.194240
D,DISPATCH,UNIT_SCADA,1,"2022/10/20 22:20:00",WARWSF1,0
D,DISPATCH,UNIT_SCADA,1,"2022/10/20 22:20:00",WARWSF2,0
D,DISPATCH,UNIT_SCADA,1,"2022/10/20 22:20:00",WATERLWF,27.70
D,DISPATCH,UNIT_SCADA,1,"2022/10/20 22:20:00",WDGPH1,0
D,DISPATCH,UNIT_SCADA,1,"2022/10/20 22:20:00",WELLSF1,0
D,DISPATCH,UNIT_SCADA,1,"2022/10/20 22:20:00",WEMENSF1,0
D,DISPATCH,UNIT_SCADA,1,"2022/10/20 22:20:00",WGWF1,11.70
D,DISPATCH,UNIT_SCADA,1,"2022/10/20 22:20:00",WHITSF1,0
D,DISPATCH,UNIT_SCADA,1,"2022/10/20 22:20:00",WINTSF1,0
D,DISPATCH,UNIT_SCADA,1,"2022/10/20 22:20:00",WKIEWA1,33.90
D,DISPATCH,UNIT_SCADA,1,"2022/10/20 22:20:00",WKIEWA2,33.80
D,DISPATCH,UNIT_SCADA,1,"2022/10/20 22:20:00",WOODLWN1,36.919020
D,DISPATCH,UNIT_SCADA,1,"2022/10/20 22:20:00",WOOLGSF1,0
D,DISPATCH,UNIT_SCADA,1,"2022/10/20 22:20:00",WPWF,54.97
D,DISPATCH,UNIT_SCADA,1,"2022/10/20 22:20:00",WRSF1,0
D,DISPATCH,UNIT_SCADA,1,"2022/10/20 22:20:00",WRWF1,131.788510
D,DISPATCH,UNIT_SCADA,1,"2022/10/20 22:20:00",WSTWYSF1,0
D,DISPATCH,UNIT_SCADA,1,"2022/10/20 22:20:00",YABULU,0
D,DISPATCH,UNIT_SCADA,1,"2022/10/20 22:20:00",YABULU2,0
D,DISPATCH,UNIT_SCADA,1,"2022/10/20 22:20:00",YARANSF1,0
D,DISPATCH,UNIT_SCADA,1,"2022/10/20 22:20:00",YARWUN_1,164.239990
D,DISPATCH,UNIT_SCADA,1,"2022/10/20 22:20:00",YATSF1,0
D,DISPATCH,UNIT_SCADA,1,"2022/10/20 22:20:00",YENDWF1,4.92
D,DISPATCH,UNIT_SCADA,1,"2022/10/20 22:20:00",YWPS1,288.217710
D,DISPATCH,UNIT_SCADA,1,"2022/10/20 22:20:00",YWPS2,357.893680
D,DISPATCH,UNIT_SCADA,1,"2022/10/20 22:20:00",YWPS3,358.259490
D,DISPATCH,UNIT_SCADA,1,"2022/10/20 22:20:00",YWPS4,0
C,"END OF REPORT",419
