C,NEMP.WORLD,DISPATCHSCADA,AEMO,PUBLIC,2022/10/20,03:15:09,0000000373225061,DISPATCHSCADA,0000000373225055
I,DISPATCH,UNIT_SCADA,1,SETTLEMENTDATE,DUID,SCADAVALUE
D,DISPATCH,UNIT_SCADA,1,"2022/10/20 03:20:00",BARCSF1,0.10
D,DISPATCH,UNIT_SCADA,1,"2022/10/20 03:20:00",BUTLERSG,8.699999
D,DISPATCH,UNIT_SCADA,1,"2022/10/20 03:20:00",CAPTL_WF,0
D,DISPATCH,UNIT_SCADA,1,"2022/10/20 03:20:00",CHALLHWF,19.799999
D,DISPATCH,UNIT_SCADA,1,"2022/10/20 03:20:00",CLOVER,13.23
D,DISPATCH,UNIT_SCADA,1,"2022/10/20 03:20:00",CLUNY,6.271916
D,DISPATCH,UNIT_SCADA,1,"2022/10/20 03:20:00",CULLRGWF,-0.05
D,DISPATCH,UNIT_SCADA,1,"2022/10/20 03:20:00",DIAPURWF1,7.30
D,DISPATCH,UNIT_SCADA,1,"2022/10/20 03:20:00",ERGT01,0
D,DISPATCH,UNIT_SCADA,1,"2022/10/20 03:20:00",GB01,0
D,DISPATCH,UNIT_SCADA,1,"2022/10/20 03:20:00",GERMCRK,21.50
D,DISPATCH,UNIT_SCADA,1,"2022/10/20 03:20:00",GRIFSF1,0.001526
D,DISPATCH,UNIT_SCADA,1,"2022/10/20 03:20:00",HEZ1,0
D,DISPATCH,UNIT_SCADA,1,"2022/10/20 03:20:00",HUGSF1,-0.1740
D,DISPATCH,UNIT_SCADA,1,"2022/10/20 03:20:00",KEPBG1,0.02
D,DISPATCH,UNIT_SCADA,1,"2022/10/20 03:20:00",LRSF1,0.0240
D,DISPATCH,UNIT_SCADA,1,"2022/10/20 03:20:00",MBAHNTH,50.175003
D,DISPATCH,UNIT_SCADA,1,"2022/10/20 03:20:00",MLSP1,0
D,DISPATCH,UNIT_SCADA,1,"2022/10/20 03:20:00",MLWF1,1.3050
D,DISPATCH,UNIT_SCADA,1,"2022/10/20 03:20:00",PALOONA,30.209999
D,DISPATCH,UNIT_SCADA,1,"2022/10/20 03:20:00",PIONEER,39.700001
D,DISPATCH,UNIT_SCADA,1,"2022/10/20 03:20:00",PORTWF,27
D,DISPATCH,UNIT_SCADA,1,"2022/10/20 03:20:00",REPULSE,9.556420
D,DISPATCH,UNIT_SCADA,1,"2022/10/20 03:20:00",ROWALLAN,8.8892
D,DISPATCH,UNIT_SCADA,1,"2022/10/20 03:20:00",ROYALLA1,0
D,DISPATCH,UNIT_SCADA,1,"2022/10/20 03:20:00",RPCG,-1.20
D,DISPATCH,UNIT_SCADA,1,"2022/10/20 03:20:00",RUBICON,0
D,DISPATCH,UNIT_SCADA,1,"2022/10/20 03:20:00",WAUBRAWF,91.380997
D,DISPATCH,UNIT_SCADA,1,"2022/10/20 03:20:00",WOOLNTH1,17.74
D,DISPATCH,UNIT_SCADA,1,"2022/10/20 03:20:00",YAMBUKWF,3.60
D,DISPATCH,UNIT_SCADA,1,"2022/10/20 03:20:00",YSWF1,2.70
D,DISPATCH,UNIT_SCADA,1,"2022/10/20 03:20:00",ADPBA1G,0.0080
D,DISPATCH,UNIT_SCADA,1,"2022/10/20 03:20:00",ADPBA1L,0
D,DISPATCH,UNIT_SCADA,1,"2022/10/20 03:20:00",ADPPV1,0
D,DISPATCH,UNIT_SCADA,1,"2022/10/20 03:20:00",AGLHAL,0
D,DISPATCH,UNIT_SCADA,1,"2022/10/20 03:20:00",AGLSOM,0
D,DISPATCH,UNIT_SCADA,1,"2022/10/20 03:20:00",ANGAST1,0
D,DISPATCH,UNIT_SCADA,1,"2022/10/20 03:20:00",ARWF1,5.30
D,DISPATCH,UNIT_SCADA,1,"2022/10/20 03:20:00",BALBG1,0
D,DISPATCH,UNIT_SCADA,1,"2022/10/20 03:20:00",BALBL1,0
D,DISPATCH,UNIT_SCADA,1,"2022/10/20 03:20:00",BALDHWF1,0
D,DISPATCH,UNIT_SCADA,1,"2022/10/20 03:20:00",BANGOWF1,52.395820
D,DISPATCH,UNIT_SCADA,1,"2022/10/20 03:20:00",BANGOWF2,54.198440
D,DISPATCH,UNIT_SCADA,1,"2022/10/20 03:20:00",BANN1,0
D,DISPATCH,UNIT_SCADA,1,"2022/10/20 03:20:00",BARCALDN,0
D,DISPATCH,UNIT_SCADA,1,"2022/10/20 03:20:00",BARKIPS1,0
D,DISPATCH,UNIT_SCADA,1,"2022/10/20 03:20:00",BARRON-1,0
D,DISPATCH,UNIT_SCADA,1,"2022/10/20 03:20:00",BARRON-2,0
D,DISPATCH,UNIT_SCADA,1,"2022/10/20 03:20:00",BASTYAN,0
D,DISPATCH,UNIT_SCADA,1,"2022/10/20 03:20:00",BBTHREE1,-1.01
D,DISPATCH,UNIT_SCADA,1,"2022/10/20 03:20:00",BBTHREE2,0
D,DISPATCH,UNIT_SCADA,1,"2022/10/20 03:20:00",BBTHREE3,0
D,DISPATCH,UNIT_SCADA,1,"2022/10/20 03:20:00",BDL01,0
D,DISPATCH,UNIT_SCADA,1,"2022/10/20 03:20:00",BDL02,0
D,DISPATCH,UNIT_SCADA,1,"2022/10/20 03:20:00",BERYLSF1,0
D,DISPATCH,UNIT_SCADA,1,"2022/10/20 03:20:00",BLOWERNG,62.60
D,DISPATCH,UNIT_SCADA,1,"2022/10/20 03:20:00",BLUEGSF1,0
D,DISPATCH,UNIT_SCADA,1,"2022/10/20 03:20:00",BLUFF1,1.40
D,DISPATCH,UNIT_SCADA,1,"2022/10/20 03:20:00",BNGSF1,0
D,DISPATCH,UNIT_SCADA,1,"2022/10/20 03:20:00",BNGSF2,0
D,DISPATCH,UNIT_SCADA,1,"2022/10/20 03:20:00",BOCORWF1,5.71
D,DISPATCH,UNIT_SCADA,1,"2022/10/20 03:20:00",BODWF1,85.041760
D,DISPATCH,UNIT_SCADA,1,"2022/10/20 03:20:00",BOMENSF1,0
D,DISPATCH,UNIT_SCADA,1,"2022/10/20 03:20:00",BOWWBA1G,0
D,DISPATCH,UNIT_SCADA,1,"2022/10/20 03:20:00",BOWWBA1L,0.0010
D,DISPATCH,UNIT_SCADA,1,"2022/10/20 03:20:00",BOWWPV1,0
D,DISPATCH,UNIT_SCADA,1,"2022/10/20 03:20:00",BRAEMAR1,0
D,DISPATCH,UNIT_SCADA,1,"2022/10/20 03:20:00",BRAEMAR2,0
D,DISPATCH,UNIT_SCADA,1,"2022/10/20 03:20:00",BRAEMAR3,0
D,DISPATCH,UNIT_SCADA,1,"2022/10/20 03:20:00",BRAEMAR5,0.292060
D,DISPATCH,UNIT_SCADA,1,"2022/10/20 03:20:00",BRAEMAR6,0
D,DISPATCH,UNIT_SCADA,1,"2022/10/20 03:20:00",BRAEMAR7,0.130920
D,DISPATCH,UNIT_SCADA,1,"2022/10/20 03:20:00",BROKENH1,0
D,DISPATCH,UNIT_SCADA,1,"2022/10/20 03:20:00",BRYB1WF1,126.659030
D,DISPATCH,UNIT_SCADA,1,"2022/10/20 03:20:00",BULBESG1,0
D,DISPATCH,UNIT_SCADA,1,"2022/10/20 03:20:00",BULBESL1,0.03
D,DISPATCH,UNIT_SCADA,1,"2022/10/20 03:20:00",BULGANA1,49.78
D,DISPATCH,UNIT_SCADA,1,"2022/10/20 03:20:00",BW01,437.836270
D,DISPATCH,UNIT_SCADA,1,"2022/10/20 03:20:00",BW02,434.955350
D,DISPATCH,UNIT_SCADA,1,"2022/10/20 03:20:00",BW03,434.711210
D,DISPATCH,UNIT_SCADA,1,"2022/10/20 03:20:00",BW04,0
D,DISPATCH,UNIT_SCADA,1,"2022/10/20 03:20:00",CALL_B_1,319
D,DISPATCH,UNIT_SCADA,1,"2022/10/20 03:20:00",CALL_B_2,320.100010
D,DISPATCH,UNIT_SCADA,1,"2022/10/20 03:20:00",CATHROCK,9.80
D,DISPATCH,UNIT_SCADA,1,"2022/10/20 03:20:00",CBWWBA1G,0
D,DISPATCH,UNIT_SCADA,1,"2022/10/20 03:20:00",CBWWBA1L,0
D,DISPATCH,UNIT_SCADA,1,"2022/10/20 03:20:00",CETHANA,97.885120
D,DISPATCH,UNIT_SCADA,1,"2022/10/20 03:20:00",CG1,0
D,DISPATCH,UNIT_SCADA,1,"2022/10/20 03:20:00",CG2,0
D,DISPATCH,UNIT_SCADA,1,"2022/10/20 03:20:00",CG3,0
D,DISPATCH,UNIT_SCADA,1,"2022/10/20 03:20:00",CG4,0
D,DISPATCH,UNIT_SCADA,1,"2022/10/20 03:20:00",CHILDSF1,0
D,DISPATCH,UNIT_SCADA,1,"2022/10/20 03:20:00",CHYTWF1,11.18
D,DISPATCH,UNIT_SCADA,1,"2022/10/20 03:20:00",CLARESF1,0
D,DISPATCH,UNIT_SCADA,1,"2022/10/20 03:20:00",CLEMGPWF,23.483410
D,DISPATCH,UNIT_SCADA,1,"2022/10/20 03:20:00",CLERMSF1,0
D,DISPATCH,UNIT_SCADA,1,"2022/10/20 03:20:00",CNUNDAWF,0
D,DISPATCH,UNIT_SCADA,1,"2022/10/20 03:20:00",COHUNSF1,0
D,DISPATCH,UNIT_SCADA,1,"2022/10/20 03:20:00",COLEASF1,0
D,DISPATCH,UNIT_SCADA,1,"2022/10/20 03:20:00",COLUMSF1,0
D,DISPATCH,UNIT_SCADA,1,"2022/10/20 03:20:00",COLWF01,43.988710
D,DISPATCH,UNIT_SCADA,1,"2022/10/20 03:20:00",COOPGWF1,371.700010
D,DISPATCH,UNIT_SCADA,1,"2022/10/20 03:20:00",CPP_3,357.774990
D,DISPATCH,UNIT_SCADA,1,"2022/10/20 03:20:00",CPP_4,0
D,DISPATCH,UNIT_SCADA,1,"2022/10/20 03:20:00",CPSA,0
D,DISPATCH,UNIT_SCADA,1,"2022/10/20 03:20:00",CROOKWF2,12.792550
D,DISPATCH,UNIT_SCADA,1,"2022/10/20 03:20:00",CROWLWF1,35.246080
D,DISPATCH,UNIT_SCADA,1,"2022/10/20 03:20:00",CRURWF1,68.498590
D,DISPATCH,UNIT_SCADA,1,"2022/10/20 03:20:00",CRWASF1,0
D,DISPATCH,UNIT_SCADA,1,"2022/10/20 03:20:00",CSPVPS1,0
D,DISPATCH,UNIT_SCADA,1,"2022/10/20 03:20:00",CTHLWF1,0.003050
D,DISPATCH,UNIT_SCADA,1,"2022/10/20 03:20:00",DALNTH01,0
D,DISPATCH,UNIT_SCADA,1,"2022/10/20 03:20:00",DALNTHL1,0.056460
D,DISPATCH,UNIT_SCADA,1,"2022/10/20 03:20:00",DARLSF1,0
D,DISPATCH,UNIT_SCADA,1,"2022/10/20 03:20:00",DARTM1,0
D,DISPATCH,UNIT_SCADA,1,"2022/10/20 03:20:00",DAYDSF1,0
D,DISPATCH,UNIT_SCADA,1,"2022/10/20 03:20:00",DDPS1,0
D,DISPATCH,UNIT_SCADA,1,"2022/10/20 03:20:00",DDSF1,0
D,DISPATCH,UNIT_SCADA,1,"2022/10/20 03:20:00",DEVILS_G,42.264470
D,DISPATCH,UNIT_SCADA,1,"2022/10/20 03:20:00",DG_NSW1,0
D,DISPATCH,UNIT_SCADA,1,"2022/10/20 03:20:00",DG_QLD1,0
D,DISPATCH,UNIT_SCADA,1,"2022/10/20 03:20:00",DG_SA1,0
D,DISPATCH,UNIT_SCADA,1,"2022/10/20 03:20:00",DG_TAS1,0
D,DISPATCH,UNIT_SCADA,1,"2022/10/20 03:20:00",DG_VIC1,0
D,DISPATCH,UNIT_SCADA,1,"2022/10/20 03:20:00",DRYCGT1,0
D,DISPATCH,UNIT_SCADA,1,"2022/10/20 03:20:00",DRYCGT2,0
D,DISPATCH,UNIT_SCADA,1,"2022/10/20 03:20:00",DRYCGT3,0
D,DISPATCH,UNIT_SCADA,1,"2022/10/20 03:20:00",DUNDWF1,72.53
D,DISPATCH,UNIT_SCADA,1,"2022/10/20 03:20:00",DUNDWF2,19.68
D,DISPATCH,UNIT_SCADA,1,"2022/10/20 03:20:00",DUNDWF3,52.58
D,DISPATCH,UNIT_SCADA,1,"2022/10/20 03:20:00",EILDON1,59.92
D,DISPATCH,UNIT_SCADA,1,"2022/10/20 03:20:00",EILDON2,60.08
D,DISPATCH,UNIT_SCADA,1,"2022/10/20 03:20:00",ELAINWF1,30.65
D,DISPATCH,UNIT_SCADA,1,"2022/10/20 03:20:00",EMERASF1,0
D,DISPATCH,UNIT_SCADA,1,"2022/10/20 03:20:00",ER01,0
D,DISPATCH,UNIT_SCADA,1,"2022/10/20 03:20:00",ER02,286.3447
D,DISPATCH,UNIT_SCADA,1,"2022/10/20 03:20:00",ER03,325.627530
D,DISPATCH,UNIT_SCADA,1,"2022/10/20 03:20:00",ER04,331.682310
D,DISPATCH,UNIT_SCADA,1,"2022/10/20 03:20:00",FINLYSF1,0
D,DISPATCH,UNIT_SCADA,1,"2022/10/20 03:20:00",FISHER,43.94
D,DISPATCH,UNIT_SCADA,1,"2022/10/20 03:20:00",GANGARR1,0
D,DISPATCH,UNIT_SCADA,1,"2022/10/20 03:20:00",GANNBG1,0
D,DISPATCH,UNIT_SCADA,1,"2022/10/20 03:20:00",GANNBL1,9.853420
D,DISPATCH,UNIT_SCADA,1,"2022/10/20 03:20:00",GANNSF1,0
D,DISPATCH,UNIT_SCADA,1,"2022/10/20 03:20:00",GLRWNSF1,0
D,DISPATCH,UNIT_SCADA,1,"2022/10/20 03:20:00",GNNDHSF1,0
D,DISPATCH,UNIT_SCADA,1,"2022/10/20 03:20:00",GOONSF1,0
D,DISPATCH,UNIT_SCADA,1,"2022/10/20 03:20:00",GORDON,179.080980
D,DISPATCH,UNIT_SCADA,1,"2022/10/20 03:20:00",GRANWF1,0
D,DISPATCH,UNIT_SCADA,1,"2022/10/20 03:20:00",GSTONE1,200.55
D,DISPATCH,UNIT_SCADA,1,"2022/10/20 03:20:00",GSTONE2,0
D,DISPATCH,UNIT_SCADA,1,"2022/10/20 03:20:00",GSTONE3,200.024990
D,DISPATCH,UNIT_SCADA,1,"2022/10/20 03:20:00",GSTONE4,0
D,DISPATCH,UNIT_SCADA,1,"2022/10/20 03:20:00",GSTONE5,200.724990
D,DISPATCH,UNIT_SCADA,1,"2022/10/20 03:20:00",GSTONE6,201.0750
D,DISPATCH,UNIT_SCADA,1,"2022/10/20 03:20:00",GULLRSF1,0
D,DISPATCH,UNIT_SCADA,1,"2022/10/20 03:20:00",GULLRWF1,47.084290
D,DISPATCH,UNIT_SCADA,1,"2022/10/20 03:20:00",GULLRWF2,78.229710
D,DISPATCH,UNIT_SCADA,1,"2022/10/20 03:20:00",GUNNING1,0
D,DISPATCH,UNIT_SCADA,1,"2022/10/20 03:20:00",GUTHEGA,67.100010
D,DISPATCH,UNIT_SCADA,1,"2022/10/20 03:20:00",HALLWF1,53.41
D,DISPATCH,UNIT_SCADA,1,"2022/10/20 03:20:00",HALLWF2,56.25
D,DISPATCH,UNIT_SCADA,1,"2022/10/20 03:20:00",HAMISF1,0
D,DISPATCH,UNIT_SCADA,1,"2022/10/20 03:20:00",HAUGHT11,0
D,DISPATCH,UNIT_SCADA,1,"2022/10/20 03:20:00",HAYMSF1,0
D,DISPATCH,UNIT_SCADA,1,"2022/10/20 03:20:00",HDWF1,79.60
D,DISPATCH,UNIT_SCADA,1,"2022/10/20 03:20:00",HDWF2,61.10
D,DISPATCH,UNIT_SCADA,1,"2022/10/20 03:20:00",HDWF3,56.90
D,DISPATCH,UNIT_SCADA,1,"2022/10/20 03:20:00",HILLSTN1,0
D,DISPATCH,UNIT_SCADA,1,"2022/10/20 03:20:00",HPRG1,0
D,DISPATCH,UNIT_SCADA,1,"2022/10/20 03:20:00",HPRL1,20.50
D,DISPATCH,UNIT_SCADA,1,"2022/10/20 03:20:00",HUMENSW,54.346020
D,DISPATCH,UNIT_SCADA,1,"2022/10/20 03:20:00",HUMEV,0
D,DISPATCH,UNIT_SCADA,1,"2022/10/20 03:20:00",HVWWBA1G,0
D,DISPATCH,UNIT_SCADA,1,"2022/10/20 03:20:00",HVWWBA1L,0.0060
D,DISPATCH,UNIT_SCADA,1,"2022/10/20 03:20:00",HVWWPV1,0
D,DISPATCH,UNIT_SCADA,1,"2022/10/20 03:20:00",JBUTTERS,0
D,DISPATCH,UNIT_SCADA,1,"2022/10/20 03:20:00",JEMALNG1,0
D,DISPATCH,UNIT_SCADA,1,"2022/10/20 03:20:00",JLA01,0
D,DISPATCH,UNIT_SCADA,1,"2022/10/20 03:20:00",JLA02,0
D,DISPATCH,UNIT_SCADA,1,"2022/10/20 03:20:00",JLA03,0
D,DISPATCH,UNIT_SCADA,1,"2022/10/20 03:20:00",JLA04,0
D,DISPATCH,UNIT_SCADA,1,"2022/10/20 03:20:00",JLB01,0
D,DISPATCH,UNIT_SCADA,1,"2022/10/20 03:20:00",JLB02,0.10
D,DISPATCH,UNIT_SCADA,1,"2022/10/20 03:20:00",JLB03,0
D,DISPATCH,UNIT_SCADA,1,"2022/10/20 03:20:00",JUNEESF1,0
D,DISPATCH,UNIT_SCADA,1,"2022/10/20 03:20:00",KABANWF1,0.9670
D,DISPATCH,UNIT_SCADA,1,"2022/10/20 03:20:00",KAREEYA1,17.9075
D,DISPATCH,UNIT_SCADA,1,"2022/10/20 03:20:00",KAREEYA2,0
D,DISPATCH,UNIT_SCADA,1,"2022/10/20 03:20:00",KAREEYA3,21.3675
D,DISPATCH,UNIT_SCADA,1,"2022/10/20 03:20:00",KAREEYA4,0
D,DISPATCH,UNIT_SCADA,1,"2022/10/20 03:20:00",KARSF1,0
D,DISPATCH,UNIT_SCADA,1,"2022/10/20 03:20:00",KEPSF1,0
D,DISPATCH,UNIT_SCADA,1,"2022/10/20 03:20:00",KEPWF1,21.13
D,DISPATCH,UNIT_SCADA,1,"2022/10/20 03:20:00",KIAMSF1,0
D,DISPATCH,UNIT_SCADA,1,"2022/10/20 03:20:00",KIATAWF1,29.50
D,DISPATCH,UNIT_SCADA,1,"2022/10/20 03:20:00",KPP_1,0
D,DISPATCH,UNIT_SCADA,1,"2022/10/20 03:20:00",KSP1,0
D,DISPATCH,UNIT_SCADA,1,"2022/10/20 03:20:00",LADBROK1,0.01
D,DISPATCH,UNIT_SCADA,1,"2022/10/20 03:20:00",LADBROK2,37.63
D,DISPATCH,UNIT_SCADA,1,"2022/10/20 03:20:00",LBBG1,0
D,DISPATCH,UNIT_SCADA,1,"2022/10/20 03:20:00",LBBL1,11.25
D,DISPATCH,UNIT_SCADA,1,"2022/10/20 03:20:00",LD01,317.4230
D,DISPATCH,UNIT_SCADA,1,"2022/10/20 03:20:00",LD02,0
D,DISPATCH,UNIT_SCADA,1,"2022/10/20 03:20:00",LD04,318.283630
D,DISPATCH,UNIT_SCADA,1,"2022/10/20 03:20:00",LEM_WIL,86.889790
D,DISPATCH,UNIT_SCADA,1,"2022/10/20 03:20:00",LGAPWF1,61.51
D,DISPATCH,UNIT_SCADA,1,"2022/10/20 03:20:00",LGAPWF2,38.33
D,DISPATCH,UNIT_SCADA,1,"2022/10/20 03:20:00",LILYSF1,0
D,DISPATCH,UNIT_SCADA,1,"2022/10/20 03:20:00",LIMOSF11,0
D,DISPATCH,UNIT_SCADA,1,"2022/10/20 03:20:00",LIMOSF21,0
D,DISPATCH,UNIT_SCADA,1,"2022/10/20 03:20:00",LI_WY_CA,55.739670
D,DISPATCH,UNIT_SCADA,1,"2022/10/20 03:20:00",LKBONNY1,0
D,DISPATCH,UNIT_SCADA,1,"2022/10/20 03:20:00",LKBONNY2,22.226550
D,DISPATCH,UNIT_SCADA,1,"2022/10/20 03:20:00",LKBONNY3,8.0942
D,DISPATCH,UNIT_SCADA,1,"2022/10/20 03:20:00",LK_ECHO,0
D,DISPATCH,UNIT_SCADA,1,"2022/10/20 03:20:00",LNGS1,0
D,DISPATCH,UNIT_SCADA,1,"2022/10/20 03:20:00",LNGS2,0
D,DISPATCH,UNIT_SCADA,1,"2022/10/20 03:20:00",LONSDALE,0
D,DISPATCH,UNIT_SCADA,1,"2022/10/20 03:20:00",LOYYB1,499.245570
D,DISPATCH,UNIT_SCADA,1,"2022/10/20 03:20:00",LOYYB2,500.749360
D,DISPATCH,UNIT_SCADA,1,"2022/10/20 03:20:00",LYA1,521
D,DISPATCH,UNIT_SCADA,1,"2022/10/20 03:20:00",LYA2,0
D,DISPATCH,UNIT_SCADA,1,"2022/10/20 03:20:00",LYA3,521
D,DISPATCH,UNIT_SCADA,1,"2022/10/20 03:20:00",LYA4,521
D,DISPATCH,UNIT_SCADA,1,"2022/10/20 03:20:00",MACARTH1,23.799450
D,DISPATCH,UNIT_SCADA,1,"2022/10/20 03:20:00",MACKNTSH,0
D,DISPATCH,UNIT_SCADA,1,"2022/10/20 03:20:00",MANSLR1,0
D,DISPATCH,UNIT_SCADA,1,"2022/10/20 03:20:00",MAPS2PV1,0
D,DISPATCH,UNIT_SCADA,1,"2022/10/20 03:20:00",MAPS3PV1,0
D,DISPATCH,UNIT_SCADA,1,"2022/10/20 03:20:00",MARYRSF1,0
D,DISPATCH,UNIT_SCADA,1,"2022/10/20 03:20:00",MBPS2PV1,0
D,DISPATCH,UNIT_SCADA,1,"2022/10/20 03:20:00",MCKAY1,0.02
D,DISPATCH,UNIT_SCADA,1,"2022/10/20 03:20:00",MEADOWBK,19.8631
D,DISPATCH,UNIT_SCADA,1,"2022/10/20 03:20:00",MERCER01,36.60
D,DISPATCH,UNIT_SCADA,1,"2022/10/20 03:20:00",METZSF1,0
D,DISPATCH,UNIT_SCADA,1,"2022/10/20 03:20:00",MEWF1,0
D,DISPATCH,UNIT_SCADA,1,"2022/10/20 03:20:00",MIDDLSF1,0
D,DISPATCH,UNIT_SCADA,1,"2022/10/20 03:20:00",MINTARO,0.128180
D,DISPATCH,UNIT_SCADA,1,"2022/10/20 03:20:00",MOLNGSF1,0
D,DISPATCH,UNIT_SCADA,1,"2022/10/20 03:20:00",MOORAWF1,39.49
D,DISPATCH,UNIT_SCADA,1,"2022/10/20 03:20:00",MOREESF1,0
D,DISPATCH,UNIT_SCADA,1,"2022/10/20 03:20:00",MORTLK11,0
D,DISPATCH,UNIT_SCADA,1,"2022/10/20 03:20:00",MORTLK12,0
D,DISPATCH,UNIT_SCADA,1,"2022/10/20 03:20:00",MOUSF1,0
D,DISPATCH,UNIT_SCADA,1,"2022/10/20 03:20:00",MP1,0
D,DISPATCH,UNIT_SCADA,1,"2022/10/20 03:20:00",MP2,278.995940
D,DISPATCH,UNIT_SCADA,1,"2022/10/20 03:20:00",MPP_1,157.979540
D,DISPATCH,UNIT_SCADA,1,"2022/10/20 03:20:00",MPP_2,0
D,DISPATCH,UNIT_SCADA,1,"2022/10/20 03:20:00",MRTLSWF1,0
D,DISPATCH,UNIT_SCADA,1,"2022/10/20 03:20:00",MSTUART1,0
D,DISPATCH,UNIT_SCADA,1,"2022/10/20 03:20:00",MSTUART2,0
D,DISPATCH,UNIT_SCADA,1,"2022/10/20 03:20:00",MSTUART3,0
D,DISPATCH,UNIT_SCADA,1,"2022/10/20 03:20:00",MTGELWF1,19.197670
D,DISPATCH,UNIT_SCADA,1,"2022/10/20 03:20:00",MTMILLAR,11.50
D,DISPATCH,UNIT_SCADA,1,"2022/10/20 03:20:00",MURRAY,0
D,DISPATCH,UNIT_SCADA,1,"2022/10/20 03:20:00",MUSSELR1,15.30
D,DISPATCH,UNIT_SCADA,1,"2022/10/20 03:20:00",MUWAWF1,184.259990
D,DISPATCH,UNIT_SCADA,1,"2022/10/20 03:20:00",MUWAWF2,185
D,DISPATCH,UNIT_SCADA,1,"2022/10/20 03:20:00",MWPS1PV1,0
D,DISPATCH,UNIT_SCADA,1,"2022/10/20 03:20:00",MWPS2PV1,0
D,DISPATCH,UNIT_SCADA,1,"2022/10/20 03:20:00",MWPS3PV1,0
D,DISPATCH,UNIT_SCADA,1,"2022/10/20 03:20:00",MWPS4PV1,0
D,DISPATCH,UNIT_SCADA,1,"2022/10/20 03:20:00",NBHWF1,109.100010
D,DISPATCH,UNIT_SCADA,1,"2022/10/20 03:20:00",NEVERSF1,0
D,DISPATCH,UNIT_SCADA,1,"2022/10/20 03:20:00",NPS,0
D,DISPATCH,UNIT_SCADA,1,"2022/10/20 03:20:00",NUMURSF1,0
D,DISPATCH,UNIT_SCADA,1,"2022/10/20 03:20:00",NYNGAN1,0
D,DISPATCH,UNIT_SCADA,1,"2022/10/20 03:20:00",OAKEY1,0
D,DISPATCH,UNIT_SCADA,1,"2022/10/20 03:20:00",OAKEY1SF,0
D,DISPATCH,UNIT_SCADA,1,"2022/10/20 03:20:00",OAKEY2,0
D,DISPATCH,UNIT_SCADA,1,"2022/10/20 03:20:00",OAKEY2SF,0
D,DISPATCH,UNIT_SCADA,1,"2022/10/20 03:20:00",OAKLAND1,9.70
D,DISPATCH,UNIT_SCADA,1,"2022/10/20 03:20:00",OSB-AG,0
D,DISPATCH,UNIT_SCADA,1,"2022/10/20 03:20:00",PAREPS1,0.0660
D,DISPATCH,UNIT_SCADA,1,"2022/10/20 03:20:00",PAREPW1,28.36
D,DISPATCH,UNIT_SCADA,1,"2022/10/20 03:20:00",PARSF1,0.001530
D,DISPATCH,UNIT_SCADA,1,"2022/10/20 03:20:00",POAT110,0
D,DISPATCH,UNIT_SCADA,1,"2022/10/20 03:20:00",POAT220,0
D,DISPATCH,UNIT_SCADA,1,"2022/10/20 03:20:00",POR01,0
D,DISPATCH,UNIT_SCADA,1,"2022/10/20 03:20:00",POR03,0
D,DISPATCH,UNIT_SCADA,1,"2022/10/20 03:20:00",PPCCGT,124.561540
D,DISPATCH,UNIT_SCADA,1,"2022/10/20 03:20:00",PTSTAN1,0
D,DISPATCH,UNIT_SCADA,1,"2022/10/20 03:20:00",PUMP1,0
D,DISPATCH,UNIT_SCADA,1,"2022/10/20 03:20:00",PUMP2,0
D,DISPATCH,UNIT_SCADA,1,"2022/10/20 03:20:00",QBYNBG1,0.0035
D,DISPATCH,UNIT_SCADA,1,"2022/10/20 03:20:00",QBYNBL1,0
D,DISPATCH,UNIT_SCADA,1,"2022/10/20 03:20:00",QPS1,0
D,DISPATCH,UNIT_SCADA,1,"2022/10/20 03:20:00",QPS2,0
D,DISPATCH,UNIT_SCADA,1,"2022/10/20 03:20:00",QPS3,0
D,DISPATCH,UNIT_SCADA,1,"2022/10/20 03:20:00",QPS4,0
D,DISPATCH,UNIT_SCADA,1,"2022/10/20 03:20:00",QPS5,75.189990
D,DISPATCH,UNIT_SCADA,1,"2022/10/20 03:20:00",REECE1,0
D,DISPATCH,UNIT_SCADA,1,"2022/10/20 03:20:00",REECE2,0
D,DISPATCH,UNIT_SCADA,1,"2022/10/20 03:20:00",ROMA_7,0
D,DISPATCH,UNIT_SCADA,1,"2022/10/20 03:20:00",ROMA_8,0
D,DISPATCH,UNIT_SCADA,1,"2022/10/20 03:20:00",RRSF1,0
D,DISPATCH,UNIT_SCADA,1,"2022/10/20 03:20:00",RT_NSW1,0
D,DISPATCH,UNIT_SCADA,1,"2022/10/20 03:20:00",RT_NSW2,0
D,DISPATCH,UNIT_SCADA,1,"2022/10/20 03:20:00",RT_NSW3,0
D,DISPATCH,UNIT_SCADA,1,"2022/10/20 03:20:00",RT_NSW4,0
D,DISPATCH,UNIT_SCADA,1,"2022/10/20 03:20:00",RT_NSW5,0
D,DISPATCH,UNIT_SCADA,1,"2022/10/20 03:20:00",RT_NSW6,0
D,DISPATCH,UNIT_SCADA,1,"2022/10/20 03:20:00",RT_QLD1,0
D,DISPATCH,UNIT_SCADA,1,"2022/10/20 03:20:00",RT_SA1,0
D,DISPATCH,UNIT_SCADA,1,"2022/10/20 03:20:00",RT_SA2,0
D,DISPATCH,UNIT_SCADA,1,"2022/10/20 03:20:00",RT_SA3,0
D,DISPATCH,UNIT_SCADA,1,"2022/10/20 03:20:00",RT_SA4,0
D,DISPATCH,UNIT_SCADA,1,"2022/10/20 03:20:00",RT_SA5,0
D,DISPATCH,UNIT_SCADA,1,"2022/10/20 03:20:00",RT_SA6,0
D,DISPATCH,UNIT_SCADA,1,"2022/10/20 03:20:00",RT_TAS1,0
D,DISPATCH,UNIT_SCADA,1,"2022/10/20 03:20:00",RT_VIC1,0
D,DISPATCH,UNIT_SCADA,1,"2022/10/20 03:20:00",RT_VIC10,0
D,DISPATCH,UNIT_SCADA,1,"2022/10/20 03:20:00",RT_VIC11,0
D,DISPATCH,UNIT_SCADA,1,"2022/10/20 03:20:00",RT_VIC12,0
D,DISPATCH,UNIT_SCADA,1,"2022/10/20 03:20:00",RT_VIC2,0
D,DISPATCH,UNIT_SCADA,1,"2022/10/20 03:20:00",RT_VIC3,0
D,DISPATCH,UNIT_SCADA,1,"2022/10/20 03:20:00",RT_VIC4,0
D,DISPATCH,UNIT_SCADA,1,"2022/10/20 03:20:00",RT_VIC5,0
D,DISPATCH,UNIT_SCADA,1,"2022/10/20 03:20:00",RT_VIC6,0
D,DISPATCH,UNIT_SCADA,1,"2022/10/20 03:20:00",RT_VIC7,0
D,DISPATCH,UNIT_SCADA,1,"2022/10/20 03:20:00",RT_VIC8,0
D,DISPATCH,UNIT_SCADA,1,"2022/10/20 03:20:00",RT_VIC9,0
D,DISPATCH,UNIT_SCADA,1,"2022/10/20 03:20:00",RUGBYR1,0
D,DISPATCH,UNIT_SCADA,1,"2022/10/20 03:20:00",SALTCRK1,16.20
D,DISPATCH,UNIT_SCADA,1,"2022/10/20 03:20:00",SAPHWF1,122.265970
D,DISPATCH,UNIT_SCADA,1,"2022/10/20 03:20:00",SEBSF1,0
D,DISPATCH,UNIT_SCADA,1,"2022/10/20 03:20:00",SHGEN,0
D,DISPATCH,UNIT_SCADA,1,"2022/10/20 03:20:00",SHPUMP,0
D,DISPATCH,UNIT_SCADA,1,"2022/10/20 03:20:00",SITHE01,0.153860
D,DISPATCH,UNIT_SCADA,1,"2022/10/20 03:20:00",SMCSF1,0
D,DISPATCH,UNIT_SCADA,1,"2022/10/20 03:20:00",SNAPPER1,0
D,DISPATCH,UNIT_SCADA,1,"2022/10/20 03:20:00",SNOWNTH1,131.700010
D,DISPATCH,UNIT_SCADA,1,"2022/10/20 03:20:00",SNOWSTH1,111
D,DISPATCH,UNIT_SCADA,1,"2022/10/20 03:20:00",SNOWTWN1,92.640050
D,DISPATCH,UNIT_SCADA,1,"2022/10/20 03:20:00",SNOWYP,0
D,DISPATCH,UNIT_SCADA,1,"2022/10/20 03:20:00",SNUG1,0
D,DISPATCH,UNIT_SCADA,1,"2022/10/20 03:20:00",SRSF1,0
D,DISPATCH,UNIT_SCADA,1,"2022/10/20 03:20:00",STAN-1,279.235780
D,DISPATCH,UNIT_SCADA,1,"2022/10/20 03:20:00",STAN-2,363.448730
D,DISPATCH,UNIT_SCADA,1,"2022/10/20 03:20:00",STAN-3,363.922970
D,DISPATCH,UNIT_SCADA,1,"2022/10/20 03:20:00",STAN-4,362.756560
D,DISPATCH,UNIT_SCADA,1,"2022/10/20 03:20:00",STARHLWF,0.01
D,DISPATCH,UNIT_SCADA,1,"2022/10/20 03:20:00",STOCKYD1,189.89
D,DISPATCH,UNIT_SCADA,1,"2022/10/20 03:20:00",STWF1,51.620050
D,DISPATCH,UNIT_SCADA,1,"2022/10/20 03:20:00",SUNRSF1,0
D,DISPATCH,UNIT_SCADA,1,"2022/10/20 03:20:00",SUNTPSF1,0
D,DISPATCH,UNIT_SCADA,1,"2022/10/20 03:20:00",SWAN_E,242.856870
D,DISPATCH,UNIT_SCADA,1,"2022/10/20 03:20:00",TALWA1,0
D,DISPATCH,UNIT_SCADA,1,"2022/10/20 03:20:00",TARALGA1,0
D,DISPATCH,UNIT_SCADA,1,"2022/10/20 03:20:00",TARONG#1,279.600010
D,DISPATCH,UNIT_SCADA,1,"2022/10/20 03:20:00",TARONG#2,279.700010
D,DISPATCH,UNIT_SCADA,1,"2022/10/20 03:20:00",TARONG#3,0.90
D,DISPATCH,UNIT_SCADA,1,"2022/10/20 03:20:00",TARONG#4,190.900010
D,DISPATCH,UNIT_SCADA,1,"2022/10/20 03:20:00",TARRALEA,54
D,DISPATCH,UNIT_SCADA,1,"2022/10/20 03:20:00",TBSF1,0
D,DISPATCH,UNIT_SCADA,1,"2022/10/20 03:20:00",TNPS1,298.5625
D,DISPATCH,UNIT_SCADA,1,"2022/10/20 03:20:00",TORRB1,0
D,DISPATCH,UNIT_SCADA,1,"2022/10/20 03:20:00",TORRB2,40
D,DISPATCH,UNIT_SCADA,1,"2022/10/20 03:20:00",TORRB3,0
D,DISPATCH,UNIT_SCADA,1,"2022/10/20 03:20:00",TORRB4,0
D,DISPATCH,UNIT_SCADA,1,"2022/10/20 03:20:00",TREVALLN,100.117440
D,DISPATCH,UNIT_SCADA,1,"2022/10/20 03:20:00",TRIBUTE,0
D,DISPATCH,UNIT_SCADA,1,"2022/10/20 03:20:00",TUMUT3,0
D,DISPATCH,UNIT_SCADA,1,"2022/10/20 03:20:00",TUNGATIN,5.210020
D,DISPATCH,UNIT_SCADA,1,"2022/10/20 03:20:00",TVCC201,0
D,DISPATCH,UNIT_SCADA,1,"2022/10/20 03:20:00",TVPP104,0
D,DISPATCH,UNIT_SCADA,1,"2022/10/20 03:20:00",UPPTUMUT,0
D,DISPATCH,UNIT_SCADA,1,"2022/10/20 03:20:00",URANQ11,0
D,DISPATCH,UNIT_SCADA,1,"2022/10/20 03:20:00",URANQ12,0
D,DISPATCH,UNIT_SCADA,1,"2022/10/20 03:20:00",URANQ13,0
D,DISPATCH,UNIT_SCADA,1,"2022/10/20 03:20:00",URANQ14,0
D,DISPATCH,UNIT_SCADA,1,"2022/10/20 03:20:00",VBBG1,0
D,DISPATCH,UNIT_SCADA,1,"2022/10/20 03:20:00",VBBL1,58
D,DISPATCH,UNIT_SCADA,1,"2022/10/20 03:20:00",VP5,473.574040
D,DISPATCH,UNIT_SCADA,1,"2022/10/20 03:20:00",VP6,550.285340
D,DISPATCH,UNIT_SCADA,1,"2022/10/20 03:20:00",VPGS1,0
D,DISPATCH,UNIT_SCADA,1,"2022/10/20 03:20:00",VPGS2,0
D,DISPATCH,UNIT_SCADA,1,"2022/10/20 03:20:00",VPGS3,0
D,DISPATCH,UNIT_SCADA,1,"2022/10/20 03:20:00",VPGS4,0
D,DISPATCH,UNIT_SCADA,1,"2022/10/20 03:20:00",VPGS5,0
D,DISPATCH,UNIT_SCADA,1,"2022/10/20 03:20:00",VPGS6,0
D,DISPATCH,UNIT_SCADA,1,"2022/10/20 03:20:00",W/HOE#1,0
D,DISPATCH,UNIT_SCADA,1,"2022/10/20 03:20:00",W/HOE#2,0
D,DISPATCH,UNIT_SCADA,1,"2022/10/20 03:20:00",WAGGNSF1,0
D,DISPATCH,UNIT_SCADA,1,"2022/10/20 03:20:00",WALGRVG1,0.000930
D,DISPATCH,UNIT_SCADA,1,"2022/10/20 03:20:00",WALGRVL1,0
D,DISPATCH,UNIT_SCADA,1,"2022/10/20 03:20:00",WANDBG1,0
D,DISPATCH,UNIT_SCADA,1,"2022/10/20 03:20:00",WANDBL1,0
D,DISPATCH,UNIT_SCADA,1,"2022/10/20 03:20:00",WARWSF1,0
D,DISPATCH,UNIT_SCADA,1,"2022/10/20 03:20:00",WARWSF2,0
D,DISPATCH,UNIT_SCADA,1,"2022/10/20 03:20:00",WATERLWF,77.30
D,DISPATCH,UNIT_SCADA,1,"2022/10/20 03:20:00",WDGPH1,0
D,DISPATCH,UNIT_SCADA,1,"2022/10/20 03:20:00",WELLSF1,0
D,DISPATCH,UNIT_SCADA,1,"2022/10/20 03:20:00",WEMENSF1,0
D,DISPATCH,UNIT_SCADA,1,"2022/10/20 03:20:00",WGWF1,117.60
D,DISPATCH,UNIT_SCADA,1,"2022/10/20 03:20:00",WHITSF1,0
D,DISPATCH,UNIT_SCADA,1,"2022/10/20 03:20:00",WINTSF1,0
D,DISPATCH,UNIT_SCADA,1,"2022/10/20 03:20:00",WKIEWA1,33.80
D,DISPATCH,UNIT_SCADA,1,"2022/10/20 03:20:00",WKIEWA2,33.80
D,DISPATCH,UNIT_SCADA,1,"2022/10/20 03:20:00",WOODLWN1,6.965440
D,DISPATCH,UNIT_SCADA,1,"2022/10/20 03:20:00",WOOLGSF1,0
D,DISPATCH,UNIT_SCADA,1,"2022/10/20 03:20:00",WPWF,80.46
D,DISPATCH,UNIT_SCADA,1,"2022/10/20 03:20:00",WRSF1,0
D,DISPATCH,UNIT_SCADA,1,"2022/10/20 03:20:00",WRWF1,33.244530
D,DISPATCH,UNIT_SCADA,1,"2022/10/20 03:20:00",WSTWYSF1,0
D,DISPATCH,UNIT_SCADA,1,"2022/10/20 03:20:00",YABULU,0
D,DISPATCH,UNIT_SCADA,1,"2022/10/20 03:20:00",YABULU2,0
D,DISPATCH,UNIT_SCADA,1,"2022/10/20 03:20:00",YARANSF1,0
D,DISPATCH,UNIT_SCADA,1,"2022/10/20 03:20:00",YARWUN_1,159.599990
D,DISPATCH,UNIT_SCADA,1,"2022/10/20 03:20:00",YATSF1,0
D,DISPATCH,UNIT_SCADA,1,"2022/10/20 03:20:00",YENDWF1,20.88
D,DISPATCH,UNIT_SCADA,1,"2022/10/20 03:20:00",YWPS1,364.159480
D,DISPATCH,UNIT_SCADA,1,"2022/10/20 03:20:00",YWPS2,358.645570
D,DISPATCH,UNIT_SCADA,1,"2022/10/20 03:20:00",YWPS3,359.106320
D,DISPATCH,UNIT_SCADA,1,"2022/10/20 03:20:00",YWPS4,0
C,"END OF REPORT",419
