C,NEMP.WORLD,DISPATCHSCADA,AEMO,PUBLIC,2022/10/20,11:35:11,0000000373250980,DISPATCHSCADA,0000000373250974
I,DISPATCH,UNIT_SCADA,1,SETTLEMENTDATE,DUID,SCADAVALUE
D,DISPATCH,UNIT_SCADA,1,"2022/10/20 11:40:00",BARCSF1,7.60
D,DISPATCH,UNIT_SCADA,1,"2022/10/20 11:40:00",BUTLERSG,8.699999
D,DISPATCH,UNIT_SCADA,1,"2022/10/20 11:40:00",CAPTL_WF,31.785641
D,DISPATCH,UNIT_SCADA,1,"2022/10/20 11:40:00",CHALLHWF,4
D,DISPATCH,UNIT_SCADA,1,"2022/10/20 11:40:00",CLOVER,11.16
D,DISPATCH,UNIT_SCADA,1,"2022/10/20 11:40:00",CLUNY,5.376516
D,DISPATCH,UNIT_SCADA,1,"2022/10/20 11:40:00",CULLRGWF,-0.04
D,DISPATCH,UNIT_SCADA,1,"2022/10/20 11:40:00",DIAPURWF1,4.30
D,DISPATCH,UNIT_SCADA,1,"2022/10/20 11:40:00",ERGT01,0
D,DISPATCH,UNIT_SCADA,1,"2022/10/20 11:40:00",GB01,0
D,DISPATCH,UNIT_SCADA,1,"2022/10/20 11:40:00",GERMCRK,18
D,DISPATCH,UNIT_SCADA,1,"2022/10/20 11:40:00",GRIFSF1,6.898604
D,DISPATCH,UNIT_SCADA,1,"2022/10/20 11:40:00",HEZ1,0
D,DISPATCH,UNIT_SCADA,1,"2022/10/20 11:40:00",HUGSF1,14.2630
D,DISPATCH,UNIT_SCADA,1,"2022/10/20 11:40:00",KEPBG1,0.01
D,DISPATCH,UNIT_SCADA,1,"2022/10/20 11:40:00",LRSF1,12.792001
D,DISPATCH,UNIT_SCADA,1,"2022/10/20 11:40:00",MBAHNTH,48.1875
D,DISPATCH,UNIT_SCADA,1,"2022/10/20 11:40:00",MLSP1,2.741001
D,DISPATCH,UNIT_SCADA,1,"2022/10/20 11:40:00",MLWF1,4.3650
D,DISPATCH,UNIT_SCADA,1,"2022/10/20 11:40:00",PALOONA,30.16
D,DISPATCH,UNIT_SCADA,1,"2022/10/20 11:40:00",PIONEER,45.200001
D,DISPATCH,UNIT_SCADA,1,"2022/10/20 11:40:00",PORTWF,87.099998
D,DISPATCH,UNIT_SCADA,1,"2022/10/20 11:40:00",REPULSE,9.518578
D,DISPATCH,UNIT_SCADA,1,"2022/10/20 11:40:00",ROWALLAN,8.8537
D,DISPATCH,UNIT_SCADA,1,"2022/10/20 11:40:00",ROYALLA1,6.476003
D,DISPATCH,UNIT_SCADA,1,"2022/10/20 11:40:00",RPCG,-1.80
D,DISPATCH,UNIT_SCADA,1,"2022/10/20 11:40:00",RUBICON,0
D,DISPATCH,UNIT_SCADA,1,"2022/10/20 11:40:00",WAUBRAWF,9.0040
D,DISPATCH,UNIT_SCADA,1,"2022/10/20 11:40:00",WOOLNTH1,10.33
D,DISPATCH,UNIT_SCADA,1,"2022/10/20 11:40:00",YAMBUKWF,7.20
D,DISPATCH,UNIT_SCADA,1,"2022/10/20 11:40:00",YSWF1,2.70
D,DISPATCH,UNIT_SCADA,1,"2022/10/20 11:40:00",ADPBA1G,0.0080
D,DISPATCH,UNIT_SCADA,1,"2022/10/20 11:40:00",ADPBA1L,0
D,DISPATCH,UNIT_SCADA,1,"2022/10/20 11:40:00",ADPPV1,0.0590
D,DISPATCH,UNIT_SCADA,1,"2022/10/20 11:40:00",AGLHAL,0
D,DISPATCH,UNIT_SCADA,1,"2022/10/20 11:40:00",AGLSOM,0
D,DISPATCH,UNIT_SCADA,1,"2022/10/20 11:40:00",ANGAST1,0
D,DISPATCH,UNIT_SCADA,1,"2022/10/20 11:40:00",ARWF1,9.50
D,DISPATCH,UNIT_SCADA,1,"2022/10/20 11:40:00",BALBG1,0
D,DISPATCH,UNIT_SCADA,1,"2022/10/20 11:40:00",BALBL1,0
D,DISPATCH,UNIT_SCADA,1,"2022/10/20 11:40:00",BALDHWF1,12.1770
D,DISPATCH,UNIT_SCADA,1,"2022/10/20 11:40:00",BANGOWF1,41.497220
D,DISPATCH,UNIT_SCADA,1,"2022/10/20 11:40:00",BANGOWF2,49.098570
D,DISPATCH,UNIT_SCADA,1,"2022/10/20 11:40:00",BANN1,43.69
D,DISPATCH,UNIT_SCADA,1,"2022/10/20 11:40:00",BARCALDN,0
D,DISPATCH,UNIT_SCADA,1,"2022/10/20 11:40:00",BARKIPS1,0
D,DISPATCH,UNIT_SCADA,1,"2022/10/20 11:40:00",BARRON-1,0
D,DISPATCH,UNIT_SCADA,1,"2022/10/20 11:40:00",BARRON-2,0
D,DISPATCH,UNIT_SCADA,1,"2022/10/20 11:40:00",BASTYAN,58.11
D,DISPATCH,UNIT_SCADA,1,"2022/10/20 11:40:00",BBTHREE1,0
D,DISPATCH,UNIT_SCADA,1,"2022/10/20 11:40:00",BBTHREE2,0
D,DISPATCH,UNIT_SCADA,1,"2022/10/20 11:40:00",BBTHREE3,-1.12
D,DISPATCH,UNIT_SCADA,1,"2022/10/20 11:40:00",BDL01,0
D,DISPATCH,UNIT_SCADA,1,"2022/10/20 11:40:00",BDL02,0
D,DISPATCH,UNIT_SCADA,1,"2022/10/20 11:40:00",BERYLSF1,31.721450
D,DISPATCH,UNIT_SCADA,1,"2022/10/20 11:40:00",BLOWERNG,62.50
D,DISPATCH,UNIT_SCADA,1,"2022/10/20 11:40:00",BLUEGSF1,75.010050
D,DISPATCH,UNIT_SCADA,1,"2022/10/20 11:40:00",BLUFF1,9.70
D,DISPATCH,UNIT_SCADA,1,"2022/10/20 11:40:00",BNGSF1,109.759990
D,DISPATCH,UNIT_SCADA,1,"2022/10/20 11:40:00",BNGSF2,110.35
D,DISPATCH,UNIT_SCADA,1,"2022/10/20 11:40:00",BOCORWF1,15.29
D,DISPATCH,UNIT_SCADA,1,"2022/10/20 11:40:00",BODWF1,101.7018
D,DISPATCH,UNIT_SCADA,1,"2022/10/20 11:40:00",BOMENSF1,42.801560
D,DISPATCH,UNIT_SCADA,1,"2022/10/20 11:40:00",BOWWBA1G,0
D,DISPATCH,UNIT_SCADA,1,"2022/10/20 11:40:00",BOWWBA1L,0
D,DISPATCH,UNIT_SCADA,1,"2022/10/20 11:40:00",BOWWPV1,0.0010
D,DISPATCH,UNIT_SCADA,1,"2022/10/20 11:40:00",BRAEMAR1,0
D,DISPATCH,UNIT_SCADA,1,"2022/10/20 11:40:00",BRAEMAR2,0
D,DISPATCH,UNIT_SCADA,1,"2022/10/20 11:40:00",BRAEMAR3,0
D,DISPATCH,UNIT_SCADA,1,"2022/10/20 11:40:00",BRAEMAR5,0.292060
D,DISPATCH,UNIT_SCADA,1,"2022/10/20 11:40:00",BRAEMAR6,0
D,DISPATCH,UNIT_SCADA,1,"2022/10/20 11:40:00",BRAEMAR7,0.130920
D,DISPATCH,UNIT_SCADA,1,"2022/10/20 11:40:00",BROKENH1,26.4996
D,DISPATCH,UNIT_SCADA,1,"2022/10/20 11:40:00",BRYB1WF1,95.414670
D,DISPATCH,UNIT_SCADA,1,"2022/10/20 11:40:00",BULBESG1,0
D,DISPATCH,UNIT_SCADA,1,"2022/10/20 11:40:00",BULBESL1,1.09
D,DISPATCH,UNIT_SCADA,1,"2022/10/20 11:40:00",BULGANA1,1.02
D,DISPATCH,UNIT_SCADA,1,"2022/10/20 11:40:00",BW01,660.910950
D,DISPATCH,UNIT_SCADA,1,"2022/10/20 11:40:00",BW02,619.137880
D,DISPATCH,UNIT_SCADA,1,"2022/10/20 11:40:00",BW03,418.060580
D,DISPATCH,UNIT_SCADA,1,"2022/10/20 11:40:00",BW04,0
D,DISPATCH,UNIT_SCADA,1,"2022/10/20 11:40:00",CALL_B_1,324.300020
D,DISPATCH,UNIT_SCADA,1,"2022/10/20 11:40:00",CALL_B_2,323.700010
D,DISPATCH,UNIT_SCADA,1,"2022/10/20 11:40:00",CATHROCK,0
D,DISPATCH,UNIT_SCADA,1,"2022/10/20 11:40:00",CBWWBA1G,0
D,DISPATCH,UNIT_SCADA,1,"2022/10/20 11:40:00",CBWWBA1L,0
D,DISPATCH,UNIT_SCADA,1,"2022/10/20 11:40:00",CETHANA,32.5615
D,DISPATCH,UNIT_SCADA,1,"2022/10/20 11:40:00",CG1,0
D,DISPATCH,UNIT_SCADA,1,"2022/10/20 11:40:00",CG2,0
D,DISPATCH,UNIT_SCADA,1,"2022/10/20 11:40:00",CG3,0
D,DISPATCH,UNIT_SCADA,1,"2022/10/20 11:40:00",CG4,0
D,DISPATCH,UNIT_SCADA,1,"2022/10/20 11:40:00",CHILDSF1,22.97
D,DISPATCH,UNIT_SCADA,1,"2022/10/20 11:40:00",CHYTWF1,3.46
D,DISPATCH,UNIT_SCADA,1,"2022/10/20 11:40:00",CLARESF1,22.596610
D,DISPATCH,UNIT_SCADA,1,"2022/10/20 11:40:00",CLEMGPWF,18.585030
D,DISPATCH,UNIT_SCADA,1,"2022/10/20 11:40:00",CLERMSF1,25.76
D,DISPATCH,UNIT_SCADA,1,"2022/10/20 11:40:00",CNUNDAWF,0
D,DISPATCH,UNIT_SCADA,1,"2022/10/20 11:40:00",COHUNSF1,0.07
D,DISPATCH,UNIT_SCADA,1,"2022/10/20 11:40:00",COLEASF1,42.5967
D,DISPATCH,UNIT_SCADA,1,"2022/10/20 11:40:00",COLUMSF1,26.2160
D,DISPATCH,UNIT_SCADA,1,"2022/10/20 11:40:00",COLWF01,108.078130
D,DISPATCH,UNIT_SCADA,1,"2022/10/20 11:40:00",COOPGWF1,129.399990
D,DISPATCH,UNIT_SCADA,1,"2022/10/20 11:40:00",CPP_3,286
D,DISPATCH,UNIT_SCADA,1,"2022/10/20 11:40:00",CPP_4,0
D,DISPATCH,UNIT_SCADA,1,"2022/10/20 11:40:00",CPSA,0
D,DISPATCH,UNIT_SCADA,1,"2022/10/20 11:40:00",CROOKWF2,40.103760
D,DISPATCH,UNIT_SCADA,1,"2022/10/20 11:40:00",CROWLWF1,5.818370
D,DISPATCH,UNIT_SCADA,1,"2022/10/20 11:40:00",CRURWF1,35.796980
D,DISPATCH,UNIT_SCADA,1,"2022/10/20 11:40:00",CRWASF1,23.868420
D,DISPATCH,UNIT_SCADA,1,"2022/10/20 11:40:00",CSPVPS1,0.1340
D,DISPATCH,UNIT_SCADA,1,"2022/10/20 11:40:00",CTHLWF1,0.003050
D,DISPATCH,UNIT_SCADA,1,"2022/10/20 11:40:00",DALNTH01,0
D,DISPATCH,UNIT_SCADA,1,"2022/10/20 11:40:00",DALNTHL1,1.988250
D,DISPATCH,UNIT_SCADA,1,"2022/10/20 11:40:00",DARLSF1,52.431770
D,DISPATCH,UNIT_SCADA,1,"2022/10/20 11:40:00",DARTM1,0
D,DISPATCH,UNIT_SCADA,1,"2022/10/20 11:40:00",DAYDSF1,0
D,DISPATCH,UNIT_SCADA,1,"2022/10/20 11:40:00",DDPS1,0
D,DISPATCH,UNIT_SCADA,1,"2022/10/20 11:40:00",DDSF1,30.830590
D,DISPATCH,UNIT_SCADA,1,"2022/10/20 11:40:00",DEVILS_G,50.416580
D,DISPATCH,UNIT_SCADA,1,"2022/10/20 11:40:00",DG_NSW1,0
D,DISPATCH,UNIT_SCADA,1,"2022/10/20 11:40:00",DG_QLD1,0
D,DISPATCH,UNIT_SCADA,1,"2022/10/20 11:40:00",DG_SA1,0
D,DISPATCH,UNIT_SCADA,1,"2022/10/20 11:40:00",DG_TAS1,0
D,DISPATCH,UNIT_SCADA,1,"2022/10/20 11:40:00",DG_VIC1,0
D,DISPATCH,UNIT_SCADA,1,"2022/10/20 11:40:00",DRYCGT1,0
D,DISPATCH,UNIT_SCADA,1,"2022/10/20 11:40:00",DRYCGT2,0
D,DISPATCH,UNIT_SCADA,1,"2022/10/20 11:40:00",DRYCGT3,0
D,DISPATCH,UNIT_SCADA,1,"2022/10/20 11:40:00",DUNDWF1,51.73
D,DISPATCH,UNIT_SCADA,1,"2022/10/20 11:40:00",DUNDWF2,13.17
D,DISPATCH,UNIT_SCADA,1,"2022/10/20 11:40:00",DUNDWF3,42.16
D,DISPATCH,UNIT_SCADA,1,"2022/10/20 11:40:00",EILDON1,60.36
D,DISPATCH,UNIT_SCADA,1,"2022/10/20 11:40:00",EILDON2,60.16
D,DISPATCH,UNIT_SCADA,1,"2022/10/20 11:40:00",ELAINWF1,27.24
D,DISPATCH,UNIT_SCADA,1,"2022/10/20 11:40:00",EMERASF1,0
D,DISPATCH,UNIT_SCADA,1,"2022/10/20 11:40:00",ER01,0
D,DISPATCH,UNIT_SCADA,1,"2022/10/20 11:40:00",ER02,317.888150
D,DISPATCH,UNIT_SCADA,1,"2022/10/20 11:40:00",ER03,416.083010
D,DISPATCH,UNIT_SCADA,1,"2022/10/20 11:40:00",ER04,421.283290
D,DISPATCH,UNIT_SCADA,1,"2022/10/20 11:40:00",FINLYSF1,84.318310
D,DISPATCH,UNIT_SCADA,1,"2022/10/20 11:40:00",FISHER,43.95
D,DISPATCH,UNIT_SCADA,1,"2022/10/20 11:40:00",GANGARR1,22.7290
D,DISPATCH,UNIT_SCADA,1,"2022/10/20 11:40:00",GANNBG1,0
D,DISPATCH,UNIT_SCADA,1,"2022/10/20 11:40:00",GANNBL1,0.775480
D,DISPATCH,UNIT_SCADA,1,"2022/10/20 11:40:00",GANNSF1,23.60
D,DISPATCH,UNIT_SCADA,1,"2022/10/20 11:40:00",GLRWNSF1,109.99
D,DISPATCH,UNIT_SCADA,1,"2022/10/20 11:40:00",GNNDHSF1,52.985810
D,DISPATCH,UNIT_SCADA,1,"2022/10/20 11:40:00",GOONSF1,15.685050
D,DISPATCH,UNIT_SCADA,1,"2022/10/20 11:40:00",GORDON,206.1909
D,DISPATCH,UNIT_SCADA,1,"2022/10/20 11:40:00",GRANWF1,0
D,DISPATCH,UNIT_SCADA,1,"2022/10/20 11:40:00",GSTONE1,203.349990
D,DISPATCH,UNIT_SCADA,1,"2022/10/20 11:40:00",GSTONE2,0
D,DISPATCH,UNIT_SCADA,1,"2022/10/20 11:40:00",GSTONE3,200.55
D,DISPATCH,UNIT_SCADA,1,"2022/10/20 11:40:00",GSTONE4,0
D,DISPATCH,UNIT_SCADA,1,"2022/10/20 11:40:00",GSTONE5,203.70
D,DISPATCH,UNIT_SCADA,1,"2022/10/20 11:40:00",GSTONE6,203.349990
D,DISPATCH,UNIT_SCADA,1,"2022/10/20 11:40:00",GULLRSF1,3.164950
D,DISPATCH,UNIT_SCADA,1,"2022/10/20 11:40:00",GULLRWF1,57.024130
D,DISPATCH,UNIT_SCADA,1,"2022/10/20 11:40:00",GULLRWF2,80.718030
D,DISPATCH,UNIT_SCADA,1,"2022/10/20 11:40:00",GUNNING1,0
D,DISPATCH,UNIT_SCADA,1,"2022/10/20 11:40:00",GUTHEGA,68.100010
D,DISPATCH,UNIT_SCADA,1,"2022/10/20 11:40:00",HALLWF1,10.80
D,DISPATCH,UNIT_SCADA,1,"2022/10/20 11:40:00",HALLWF2,10.32
D,DISPATCH,UNIT_SCADA,1,"2022/10/20 11:40:00",HAMISF1,0
D,DISPATCH,UNIT_SCADA,1,"2022/10/20 11:40:00",HAUGHT11,68.792320
D,DISPATCH,UNIT_SCADA,1,"2022/10/20 11:40:00",HAYMSF1,0
D,DISPATCH,UNIT_SCADA,1,"2022/10/20 11:40:00",HDWF1,77.90
D,DISPATCH,UNIT_SCADA,1,"2022/10/20 11:40:00",HDWF2,85.30
D,DISPATCH,UNIT_SCADA,1,"2022/10/20 11:40:00",HDWF3,93
D,DISPATCH,UNIT_SCADA,1,"2022/10/20 11:40:00",HILLSTN1,45.072380
D,DISPATCH,UNIT_SCADA,1,"2022/10/20 11:40:00",HPRG1,20.30
D,DISPATCH,UNIT_SCADA,1,"2022/10/20 11:40:00",HPRL1,0
D,DISPATCH,UNIT_SCADA,1,"2022/10/20 11:40:00",HUMENSW,54.4906
D,DISPATCH,UNIT_SCADA,1,"2022/10/20 11:40:00",HUMEV,0
D,DISPATCH,UNIT_SCADA,1,"2022/10/20 11:40:00",HVWWBA1G,0
D,DISPATCH,UNIT_SCADA,1,"2022/10/20 11:40:00",HVWWBA1L,0.0070
D,DISPATCH,UNIT_SCADA,1,"2022/10/20 11:40:00",HVWWPV1,0.3270
D,DISPATCH,UNIT_SCADA,1,"2022/10/20 11:40:00",JBUTTERS,0
D,DISPATCH,UNIT_SCADA,1,"2022/10/20 11:40:00",JEMALNG1,6.24
D,DISPATCH,UNIT_SCADA,1,"2022/10/20 11:40:00",JLA01,0
D,DISPATCH,UNIT_SCADA,1,"2022/10/20 11:40:00",JLA02,0
D,DISPATCH,UNIT_SCADA,1,"2022/10/20 11:40:00",JLA03,0
D,DISPATCH,UNIT_SCADA,1,"2022/10/20 11:40:00",JLA04,0
D,DISPATCH,UNIT_SCADA,1,"2022/10/20 11:40:00",JLB01,0
D,DISPATCH,UNIT_SCADA,1,"2022/10/20 11:40:00",JLB02,0.10
D,DISPATCH,UNIT_SCADA,1,"2022/10/20 11:40:00",JLB03,0
D,DISPATCH,UNIT_SCADA,1,"2022/10/20 11:40:00",JUNEESF1,11.802110
D,DISPATCH,UNIT_SCADA,1,"2022/10/20 11:40:00",KABANWF1,0.2680
D,DISPATCH,UNIT_SCADA,1,"2022/10/20 11:40:00",KAREEYA1,0
D,DISPATCH,UNIT_SCADA,1,"2022/10/20 11:40:00",KAREEYA2,0
D,DISPATCH,UNIT_SCADA,1,"2022/10/20 11:40:00",KAREEYA3,5.06
D,DISPATCH,UNIT_SCADA,1,"2022/10/20 11:40:00",KAREEYA4,0
D,DISPATCH,UNIT_SCADA,1,"2022/10/20 11:40:00",KARSF1,16.20
D,DISPATCH,UNIT_SCADA,1,"2022/10/20 11:40:00",KEPSF1,12.07
D,DISPATCH,UNIT_SCADA,1,"2022/10/20 11:40:00",KEPWF1,12.28
D,DISPATCH,UNIT_SCADA,1,"2022/10/20 11:40:00",KIAMSF1,24.624250
D,DISPATCH,UNIT_SCADA,1,"2022/10/20 11:40:00",KIATAWF1,6.40
D,DISPATCH,UNIT_SCADA,1,"2022/10/20 11:40:00",KPP_1,0
D,DISPATCH,UNIT_SCADA,1,"2022/10/20 11:40:00",KSP1,45.35
D,DISPATCH,UNIT_SCADA,1,"2022/10/20 11:40:00",LADBROK1,0.01
D,DISPATCH,UNIT_SCADA,1,"2022/10/20 11:40:00",LADBROK2,0.02
D,DISPATCH,UNIT_SCADA,1,"2022/10/20 11:40:00",LBBG1,0
D,DISPATCH,UNIT_SCADA,1,"2022/10/20 11:40:00",LBBL1,10.80
D,DISPATCH,UNIT_SCADA,1,"2022/10/20 11:40:00",LD01,287.539310
D,DISPATCH,UNIT_SCADA,1,"2022/10/20 11:40:00",LD02,0
D,DISPATCH,UNIT_SCADA,1,"2022/10/20 11:40:00",LD04,284.316530
D,DISPATCH,UNIT_SCADA,1,"2022/10/20 11:40:00",LEM_WIL,22.380860
D,DISPATCH,UNIT_SCADA,1,"2022/10/20 11:40:00",LGAPWF1,20.17
D,DISPATCH,UNIT_SCADA,1,"2022/10/20 11:40:00",LGAPWF2,15.05
D,DISPATCH,UNIT_SCADA,1,"2022/10/20 11:40:00",LILYSF1,40.632320
D,DISPATCH,UNIT_SCADA,1,"2022/10/20 11:40:00",LIMOSF11,77.702450
D,DISPATCH,UNIT_SCADA,1,"2022/10/20 11:40:00",LIMOSF21,10.295480
D,DISPATCH,UNIT_SCADA,1,"2022/10/20 11:40:00",LI_WY_CA,56.744170
D,DISPATCH,UNIT_SCADA,1,"2022/10/20 11:40:00",LKBONNY1,0
D,DISPATCH,UNIT_SCADA,1,"2022/10/20 11:40:00",LKBONNY2,0
D,DISPATCH,UNIT_SCADA,1,"2022/10/20 11:40:00",LKBONNY3,0
D,DISPATCH,UNIT_SCADA,1,"2022/10/20 11:40:00",LK_ECHO,0
D,DISPATCH,UNIT_SCADA,1,"2022/10/20 11:40:00",LNGS1,0
D,DISPATCH,UNIT_SCADA,1,"2022/10/20 11:40:00",LNGS2,0
D,DISPATCH,UNIT_SCADA,1,"2022/10/20 11:40:00",LONSDALE,0
D,DISPATCH,UNIT_SCADA,1,"2022/10/20 11:40:00",LOYYB1,392.100010
D,DISPATCH,UNIT_SCADA,1,"2022/10/20 11:40:00",LOYYB2,401.874690
D,DISPATCH,UNIT_SCADA,1,"2022/10/20 11:40:00",LYA1,366
D,DISPATCH,UNIT_SCADA,1,"2022/10/20 11:40:00",LYA2,0
D,DISPATCH,UNIT_SCADA,1,"2022/10/20 11:40:00",LYA3,367
D,DISPATCH,UNIT_SCADA,1,"2022/10/20 11:40:00",LYA4,367
D,DISPATCH,UNIT_SCADA,1,"2022/10/20 11:40:00",MACARTH1,71.498350
D,DISPATCH,UNIT_SCADA,1,"2022/10/20 11:40:00",MACKNTSH,0
D,DISPATCH,UNIT_SCADA,1,"2022/10/20 11:40:00",MANSLR1,36.2540
D,DISPATCH,UNIT_SCADA,1,"2022/10/20 11:40:00",MAPS2PV1,0
D,DISPATCH,UNIT_SCADA,1,"2022/10/20 11:40:00",MAPS3PV1,0
D,DISPATCH,UNIT_SCADA,1,"2022/10/20 11:40:00",MARYRSF1,15.08
D,DISPATCH,UNIT_SCADA,1,"2022/10/20 11:40:00",MBPS2PV1,0
D,DISPATCH,UNIT_SCADA,1,"2022/10/20 11:40:00",MCKAY1,0.02
D,DISPATCH,UNIT_SCADA,1,"2022/10/20 11:40:00",MEADOWBK,6.058960
D,DISPATCH,UNIT_SCADA,1,"2022/10/20 11:40:00",MERCER01,33.50
D,DISPATCH,UNIT_SCADA,1,"2022/10/20 11:40:00",METZSF1,27.951130
D,DISPATCH,UNIT_SCADA,1,"2022/10/20 11:40:00",MEWF1,0
D,DISPATCH,UNIT_SCADA,1,"2022/10/20 11:40:00",MIDDLSF1,6.96
D,DISPATCH,UNIT_SCADA,1,"2022/10/20 11:40:00",MINTARO,0.128180
D,DISPATCH,UNIT_SCADA,1,"2022/10/20 11:40:00",MOLNGSF1,1.585720
D,DISPATCH,UNIT_SCADA,1,"2022/10/20 11:40:00",MOORAWF1,82.23
D,DISPATCH,UNIT_SCADA,1,"2022/10/20 11:40:00",MOREESF1,9.7160
D,DISPATCH,UNIT_SCADA,1,"2022/10/20 11:40:00",MORTLK11,0
D,DISPATCH,UNIT_SCADA,1,"2022/10/20 11:40:00",MORTLK12,0
D,DISPATCH,UNIT_SCADA,1,"2022/10/20 11:40:00",MOUSF1,0
D,DISPATCH,UNIT_SCADA,1,"2022/10/20 11:40:00",MP1,0
D,DISPATCH,UNIT_SCADA,1,"2022/10/20 11:40:00",MP2,377.361720
D,DISPATCH,UNIT_SCADA,1,"2022/10/20 11:40:00",MPP_1,155.660130
D,DISPATCH,UNIT_SCADA,1,"2022/10/20 11:40:00",MPP_2,179.342560
D,DISPATCH,UNIT_SCADA,1,"2022/10/20 11:40:00",MRTLSWF1,0
D,DISPATCH,UNIT_SCADA,1,"2022/10/20 11:40:00",MSTUART1,0
D,DISPATCH,UNIT_SCADA,1,"2022/10/20 11:40:00",MSTUART2,0
D,DISPATCH,UNIT_SCADA,1,"2022/10/20 11:40:00",MSTUART3,0
D,DISPATCH,UNIT_SCADA,1,"2022/10/20 11:40:00",MTGELWF1,37.440110
D,DISPATCH,UNIT_SCADA,1,"2022/10/20 11:40:00",MTMILLAR,1.40
D,DISPATCH,UNIT_SCADA,1,"2022/10/20 11:40:00",MURRAY,0
D,DISPATCH,UNIT_SCADA,1,"2022/10/20 11:40:00",MUSSELR1,93.20
D,DISPATCH,UNIT_SCADA,1,"2022/10/20 11:40:00",MUWAWF1,38.21
D,DISPATCH,UNIT_SCADA,1,"2022/10/20 11:40:00",MUWAWF2,37.10
D,DISPATCH,UNIT_SCADA,1,"2022/10/20 11:40:00",MWPS1PV1,0.13
D,DISPATCH,UNIT_SCADA,1,"2022/10/20 11:40:00",MWPS2PV1,0
D,DISPATCH,UNIT_SCADA,1,"2022/10/20 11:40:00",MWPS3PV1,0
D,DISPATCH,UNIT_SCADA,1,"2022/10/20 11:40:00",MWPS4PV1,0.01
D,DISPATCH,UNIT_SCADA,1,"2022/10/20 11:40:00",NBHWF1,10.10
D,DISPATCH,UNIT_SCADA,1,"2022/10/20 11:40:00",NEVERSF1,17.95
D,DISPATCH,UNIT_SCADA,1,"2022/10/20 11:40:00",NPS,0
D,DISPATCH,UNIT_SCADA,1,"2022/10/20 11:40:00",NUMURSF1,91.89
D,DISPATCH,UNIT_SCADA,1,"2022/10/20 11:40:00",NYNGAN1,14.75
D,DISPATCH,UNIT_SCADA,1,"2022/10/20 11:40:00",OAKEY1,0
D,DISPATCH,UNIT_SCADA,1,"2022/10/20 11:40:00",OAKEY1SF,9.4470
D,DISPATCH,UNIT_SCADA,1,"2022/10/20 11:40:00",OAKEY2,0
D,DISPATCH,UNIT_SCADA,1,"2022/10/20 11:40:00",OAKEY2SF,14.45
D,DISPATCH,UNIT_SCADA,1,"2022/10/20 11:40:00",OAKLAND1,7.80
D,DISPATCH,UNIT_SCADA,1,"2022/10/20 11:40:00",OSB-AG,0
D,DISPATCH,UNIT_SCADA,1,"2022/10/20 11:40:00",PAREPS1,0.0660
D,DISPATCH,UNIT_SCADA,1,"2022/10/20 11:40:00",PAREPW1,50.09
D,DISPATCH,UNIT_SCADA,1,"2022/10/20 11:40:00",PARSF1,7.499810
D,DISPATCH,UNIT_SCADA,1,"2022/10/20 11:40:00",POAT110,0
D,DISPATCH,UNIT_SCADA,1,"2022/10/20 11:40:00",POAT220,0
D,DISPATCH,UNIT_SCADA,1,"2022/10/20 11:40:00",POR01,0
D,DISPATCH,UNIT_SCADA,1,"2022/10/20 11:40:00",POR03,0
D,DISPATCH,UNIT_SCADA,1,"2022/10/20 11:40:00",PPCCGT,0
D,DISPATCH,UNIT_SCADA,1,"2022/10/20 11:40:00",PTSTAN1,0
D,DISPATCH,UNIT_SCADA,1,"2022/10/20 11:40:00",PUMP1,244.61
D,DISPATCH,UNIT_SCADA,1,"2022/10/20 11:40:00",PUMP2,0
D,DISPATCH,UNIT_SCADA,1,"2022/10/20 11:40:00",QBYNBG1,1.097480
D,DISPATCH,UNIT_SCADA,1,"2022/10/20 11:40:00",QBYNBL1,0
D,DISPATCH,UNIT_SCADA,1,"2022/10/20 11:40:00",QPS1,0
D,DISPATCH,UNIT_SCADA,1,"2022/10/20 11:40:00",QPS2,0
D,DISPATCH,UNIT_SCADA,1,"2022/10/20 11:40:00",QPS3,0
D,DISPATCH,UNIT_SCADA,1,"2022/10/20 11:40:00",QPS4,0
D,DISPATCH,UNIT_SCADA,1,"2022/10/20 11:40:00",QPS5,78.88
D,DISPATCH,UNIT_SCADA,1,"2022/10/20 11:40:00",REECE1,0
D,DISPATCH,UNIT_SCADA,1,"2022/10/20 11:40:00",REECE2,0
D,DISPATCH,UNIT_SCADA,1,"2022/10/20 11:40:00",ROMA_7,0
D,DISPATCH,UNIT_SCADA,1,"2022/10/20 11:40:00",ROMA_8,0
D,DISPATCH,UNIT_SCADA,1,"2022/10/20 11:40:00",RRSF1,26.286220
D,DISPATCH,UNIT_SCADA,1,"2022/10/20 11:40:00",RT_NSW1,0
D,DISPATCH,UNIT_SCADA,1,"2022/10/20 11:40:00",RT_NSW2,0
D,DISPATCH,UNIT_SCADA,1,"2022/10/20 11:40:00",RT_NSW3,0
D,DISPATCH,UNIT_SCADA,1,"2022/10/20 11:40:00",RT_NSW4,0
D,DISPATCH,UNIT_SCADA,1,"2022/10/20 11:40:00",RT_NSW5,0
D,DISPATCH,UNIT_SCADA,1,"2022/10/20 11:40:00",RT_NSW6,0
D,DISPATCH,UNIT_SCADA,1,"2022/10/20 11:40:00",RT_QLD1,0
D,DISPATCH,UNIT_SCADA,1,"2022/10/20 11:40:00",RT_SA1,0
D,DISPATCH,UNIT_SCADA,1,"2022/10/20 11:40:00",RT_SA2,0
D,DISPATCH,UNIT_SCADA,1,"2022/10/20 11:40:00",RT_SA3,0
D,DISPATCH,UNIT_SCADA,1,"2022/10/20 11:40:00",RT_SA4,0
D,DISPATCH,UNIT_SCADA,1,"2022/10/20 11:40:00",RT_SA5,0
D,DISPATCH,UNIT_SCADA,1,"2022/10/20 11:40:00",RT_SA6,0
D,DISPATCH,UNIT_SCADA,1,"2022/10/20 11:40:00",RT_TAS1,0
D,DISPATCH,UNIT_SCADA,1,"2022/10/20 11:40:00",RT_VIC1,0
D,DISPATCH,UNIT_SCADA,1,"2022/10/20 11:40:00",RT_VIC10,0
D,DISPATCH,UNIT_SCADA,1,"2022/10/20 11:40:00",RT_VIC11,0
D,DISPATCH,UNIT_SCADA,1,"2022/10/20 11:40:00",RT_VIC12,0
D,DISPATCH,UNIT_SCADA,1,"2022/10/20 11:40:00",RT_VIC2,0
D,DISPATCH,UNIT_SCADA,1,"2022/10/20 11:40:00",RT_VIC3,0
D,DISPATCH,UNIT_SCADA,1,"2022/10/20 11:40:00",RT_VIC4,0
D,DISPATCH,UNIT_SCADA,1,"2022/10/20 11:40:00",RT_VIC5,0
D,DISPATCH,UNIT_SCADA,1,"2022/10/20 11:40:00",RT_VIC6,0
D,DISPATCH,UNIT_SCADA,1,"2022/10/20 11:40:00",RT_VIC7,0
D,DISPATCH,UNIT_SCADA,1,"2022/10/20 11:40:00",RT_VIC8,0
D,DISPATCH,UNIT_SCADA,1,"2022/10/20 11:40:00",RT_VIC9,0
D,DISPATCH,UNIT_SCADA,1,"2022/10/20 11:40:00",RUGBYR1,3.555710
D,DISPATCH,UNIT_SCADA,1,"2022/10/20 11:40:00",SALTCRK1,16.64
D,DISPATCH,UNIT_SCADA,1,"2022/10/20 11:40:00",SAPHWF1,42.5864
D,DISPATCH,UNIT_SCADA,1,"2022/10/20 11:40:00",SEBSF1,23.816830
D,DISPATCH,UNIT_SCADA,1,"2022/10/20 11:40:00",SHGEN,0
D,DISPATCH,UNIT_SCADA,1,"2022/10/20 11:40:00",SHPUMP,0
D,DISPATCH,UNIT_SCADA,1,"2022/10/20 11:40:00",SITHE01,0.143810
D,DISPATCH,UNIT_SCADA,1,"2022/10/20 11:40:00",SMCSF1,102.9230
D,DISPATCH,UNIT_SCADA,1,"2022/10/20 11:40:00",SNAPPER1,0
D,DISPATCH,UNIT_SCADA,1,"2022/10/20 11:40:00",SNOWNTH1,93.80
D,DISPATCH,UNIT_SCADA,1,"2022/10/20 11:40:00",SNOWSTH1,43.30
D,DISPATCH,UNIT_SCADA,1,"2022/10/20 11:40:00",SNOWTWN1,0
D,DISPATCH,UNIT_SCADA,1,"2022/10/20 11:40:00",SNOWYP,0
D,DISPATCH,UNIT_SCADA,1,"2022/10/20 11:40:00",SNUG1,0
D,DISPATCH,UNIT_SCADA,1,"2022/10/20 11:40:00",SRSF1,29.68
D,DISPATCH,UNIT_SCADA,1,"2022/10/20 11:40:00",STAN-1,285.926670
D,DISPATCH,UNIT_SCADA,1,"2022/10/20 11:40:00",STAN-2,351.7717
D,DISPATCH,UNIT_SCADA,1,"2022/10/20 11:40:00",STAN-3,156.300250
D,DISPATCH,UNIT_SCADA,1,"2022/10/20 11:40:00",STAN-4,355.565770
D,DISPATCH,UNIT_SCADA,1,"2022/10/20 11:40:00",STARHLWF,0.199940
D,DISPATCH,UNIT_SCADA,1,"2022/10/20 11:40:00",STOCKYD1,96.01
D,DISPATCH,UNIT_SCADA,1,"2022/10/20 11:40:00",STWF1,0
D,DISPATCH,UNIT_SCADA,1,"2022/10/20 11:40:00",SUNRSF1,67.150380
D,DISPATCH,UNIT_SCADA,1,"2022/10/20 11:40:00",SUNTPSF1,101.562220
D,DISPATCH,UNIT_SCADA,1,"2022/10/20 11:40:00",SWAN_E,298.681850
D,DISPATCH,UNIT_SCADA,1,"2022/10/20 11:40:00",TALWA1,0
D,DISPATCH,UNIT_SCADA,1,"2022/10/20 11:40:00",TARALGA1,0
D,DISPATCH,UNIT_SCADA,1,"2022/10/20 11:40:00",TARONG#1,349.300020
D,DISPATCH,UNIT_SCADA,1,"2022/10/20 11:40:00",TARONG#2,349.399990
D,DISPATCH,UNIT_SCADA,1,"2022/10/20 11:40:00",TARONG#3,0.90
D,DISPATCH,UNIT_SCADA,1,"2022/10/20 11:40:00",TARONG#4,215.600010
D,DISPATCH,UNIT_SCADA,1,"2022/10/20 11:40:00",TARRALEA,54
D,DISPATCH,UNIT_SCADA,1,"2022/10/20 11:40:00",TBSF1,0.10
D,DISPATCH,UNIT_SCADA,1,"2022/10/20 11:40:00",TNPS1,406.937530
D,DISPATCH,UNIT_SCADA,1,"2022/10/20 11:40:00",TORRB1,0
D,DISPATCH,UNIT_SCADA,1,"2022/10/20 11:40:00",TORRB2,45
D,DISPATCH,UNIT_SCADA,1,"2022/10/20 11:40:00",TORRB3,0
D,DISPATCH,UNIT_SCADA,1,"2022/10/20 11:40:00",TORRB4,0
D,DISPATCH,UNIT_SCADA,1,"2022/10/20 11:40:00",TREVALLN,98.982960
D,DISPATCH,UNIT_SCADA,1,"2022/10/20 11:40:00",TRIBUTE,0
D,DISPATCH,UNIT_SCADA,1,"2022/10/20 11:40:00",TUMUT3,0
D,DISPATCH,UNIT_SCADA,1,"2022/10/20 11:40:00",TUNGATIN,7.850020
D,DISPATCH,UNIT_SCADA,1,"2022/10/20 11:40:00",TVCC201,0
D,DISPATCH,UNIT_SCADA,1,"2022/10/20 11:40:00",TVPP104,57.787490
D,DISPATCH,UNIT_SCADA,1,"2022/10/20 11:40:00",UPPTUMUT,120.146060
D,DISPATCH,UNIT_SCADA,1,"2022/10/20 11:40:00",URANQ11,0
D,DISPATCH,UNIT_SCADA,1,"2022/10/20 11:40:00",URANQ12,0
D,DISPATCH,UNIT_SCADA,1,"2022/10/20 11:40:00",URANQ13,0
D,DISPATCH,UNIT_SCADA,1,"2022/10/20 11:40:00",URANQ14,0
D,DISPATCH,UNIT_SCADA,1,"2022/10/20 11:40:00",VBBG1,0
D,DISPATCH,UNIT_SCADA,1,"2022/10/20 11:40:00",VBBL1,92.40
D,DISPATCH,UNIT_SCADA,1,"2022/10/20 11:40:00",VP5,499.209560
D,DISPATCH,UNIT_SCADA,1,"2022/10/20 11:40:00",VP6,499.624630
D,DISPATCH,UNIT_SCADA,1,"2022/10/20 11:40:00",VPGS1,0
D,DISPATCH,UNIT_SCADA,1,"2022/10/20 11:40:00",VPGS2,0
D,DISPATCH,UNIT_SCADA,1,"2022/10/20 11:40:00",VPGS3,0
D,DISPATCH,UNIT_SCADA,1,"2022/10/20 11:40:00",VPGS4,0
D,DISPATCH,UNIT_SCADA,1,"2022/10/20 11:40:00",VPGS5,0
D,DISPATCH,UNIT_SCADA,1,"2022/10/20 11:40:00",VPGS6,0
D,DISPATCH,UNIT_SCADA,1,"2022/10/20 11:40:00",W/HOE#1,0
D,DISPATCH,UNIT_SCADA,1,"2022/10/20 11:40:00",W/HOE#2,0
D,DISPATCH,UNIT_SCADA,1,"2022/10/20 11:40:00",WAGGNSF1,0
D,DISPATCH,UNIT_SCADA,1,"2022/10/20 11:40:00",WALGRVG1,0.000930
D,DISPATCH,UNIT_SCADA,1,"2022/10/20 11:40:00",WALGRVL1,0
D,DISPATCH,UNIT_SCADA,1,"2022/10/20 11:40:00",WANDBG1,0
D,DISPATCH,UNIT_SCADA,1,"2022/10/20 11:40:00",WANDBL1,48.1226
D,DISPATCH,UNIT_SCADA,1,"2022/10/20 11:40:00",WARWSF1,12.82
D,DISPATCH,UNIT_SCADA,1,"2022/10/20 11:40:00",WARWSF2,14.83
D,DISPATCH,UNIT_SCADA,1,"2022/10/20 11:40:00",WATERLWF,46.20
D,DISPATCH,UNIT_SCADA,1,"2022/10/20 11:40:00",WDGPH1,97.878010
D,DISPATCH,UNIT_SCADA,1,"2022/10/20 11:40:00",WELLSF1,76.371410
D,DISPATCH,UNIT_SCADA,1,"2022/10/20 11:40:00",WEMENSF1,22.50
D,DISPATCH,UNIT_SCADA,1,"2022/10/20 11:40:00",WGWF1,53.20
D,DISPATCH,UNIT_SCADA,1,"2022/10/20 11:40:00",WHITSF1,0
D,DISPATCH,UNIT_SCADA,1,"2022/10/20 11:40:00",WINTSF1,83.51
D,DISPATCH,UNIT_SCADA,1,"2022/10/20 11:40:00",WKIEWA1,32.50
D,DISPATCH,UNIT_SCADA,1,"2022/10/20 11:40:00",WKIEWA2,14.30
D,DISPATCH,UNIT_SCADA,1,"2022/10/20 11:40:00",WOODLWN1,15.798580
D,DISPATCH,UNIT_SCADA,1,"2022/10/20 11:40:00",WOOLGSF1,39.954430
D,DISPATCH,UNIT_SCADA,1,"2022/10/20 11:40:00",WPWF,10.45
D,DISPATCH,UNIT_SCADA,1,"2022/10/20 11:40:00",WRSF1,1.020540
D,DISPATCH,UNIT_SCADA,1,"2022/10/20 11:40:00",WRWF1,8.0708
D,DISPATCH,UNIT_SCADA,1,"2022/10/20 11:40:00",WSTWYSF1,0.103090
D,DISPATCH,UNIT_SCADA,1,"2022/10/20 11:40:00",YABULU,0
D,DISPATCH,UNIT_SCADA,1,"2022/10/20 11:40:00",YABULU2,0
D,DISPATCH,UNIT_SCADA,1,"2022/10/20 11:40:00",YARANSF1,45.33
D,DISPATCH,UNIT_SCADA,1,"2022/10/20 11:40:00",YARWUN_1,160.709990
D,DISPATCH,UNIT_SCADA,1,"2022/10/20 11:40:00",YATSF1,19.44
D,DISPATCH,UNIT_SCADA,1,"2022/10/20 11:40:00",YENDWF1,54.37
D,DISPATCH,UNIT_SCADA,1,"2022/10/20 11:40:00",YWPS1,295.736690
D,DISPATCH,UNIT_SCADA,1,"2022/10/20 11:40:00",YWPS2,285.210110
D,DISPATCH,UNIT_SCADA,1,"2022/10/20 11:40:00",YWPS3,295.593660
D,DISPATCH,UNIT_SCADA,1,"2022/10/20 11:40:00",YWPS4,0
C,"END OF REPORT",419
