C,NEMP.WORLD,DISPATCHSCADA,AEMO,PUBLIC,2022/10/20,18:55:09,0000000373274668,DISPATCHSCADA,0000000373274662
I,DISPATCH,UNIT_SCADA,1,SETTLEMENTDATE,DUID,SCADAVALUE
D,DISPATCH,UNIT_SCADA,1,"2022/10/20 19:00:00",BARCSF1,0.10
D,DISPATCH,UNIT_SCADA,1,"2022/10/20 19:00:00",BUTLERSG,8.699999
D,DISPATCH,UNIT_SCADA,1,"2022/10/20 19:00:00",CAPTL_WF,87.360703
D,DISPATCH,UNIT_SCADA,1,"2022/10/20 19:00:00",CHALLHWF,6.50
D,DISPATCH,UNIT_SCADA,1,"2022/10/20 19:00:00",CLOVER,13.08
D,DISPATCH,UNIT_SCADA,1,"2022/10/20 19:00:00",CLUNY,6.314946
D,DISPATCH,UNIT_SCADA,1,"2022/10/20 19:00:00",CULLRGWF,-0.05
D,DISPATCH,UNIT_SCADA,1,"2022/10/20 19:00:00",DIAPURWF1,2.20
D,DISPATCH,UNIT_SCADA,1,"2022/10/20 19:00:00",ERGT01,0
D,DISPATCH,UNIT_SCADA,1,"2022/10/20 19:00:00",GB01,0
D,DISPATCH,UNIT_SCADA,1,"2022/10/20 19:00:00",GERMCRK,19.90
D,DISPATCH,UNIT_SCADA,1,"2022/10/20 19:00:00",GRIFSF1,0.001526
D,DISPATCH,UNIT_SCADA,1,"2022/10/20 19:00:00",HEZ1,0
D,DISPATCH,UNIT_SCADA,1,"2022/10/20 19:00:00",HUGSF1,-0.0420
D,DISPATCH,UNIT_SCADA,1,"2022/10/20 19:00:00",KEPBG1,2.01
D,DISPATCH,UNIT_SCADA,1,"2022/10/20 19:00:00",LRSF1,0.0110
D,DISPATCH,UNIT_SCADA,1,"2022/10/20 19:00:00",MBAHNTH,43.781250
D,DISPATCH,UNIT_SCADA,1,"2022/10/20 19:00:00",MLSP1,0
D,DISPATCH,UNIT_SCADA,1,"2022/10/20 19:00:00",MLWF1,4.86
D,DISPATCH,UNIT_SCADA,1,"2022/10/20 19:00:00",PALOONA,30.539999
D,DISPATCH,UNIT_SCADA,1,"2022/10/20 19:00:00",PIONEER,35.700001
D,DISPATCH,UNIT_SCADA,1,"2022/10/20 19:00:00",PORTWF,42.50
D,DISPATCH,UNIT_SCADA,1,"2022/10/20 19:00:00",REPULSE,10.121614
D,DISPATCH,UNIT_SCADA,1,"2022/10/20 19:00:00",ROWALLAN,9.0028
D,DISPATCH,UNIT_SCADA,1,"2022/10/20 19:00:00",ROYALLA1,0
D,DISPATCH,UNIT_SCADA,1,"2022/10/20 19:00:00",RPCG,-0.50
D,DISPATCH,UNIT_SCADA,1,"2022/10/20 19:00:00",RUBICON,0
D,DISPATCH,UNIT_SCADA,1,"2022/10/20 19:00:00",WAUBRAWF,73.019997
D,DISPATCH,UNIT_SCADA,1,"2022/10/20 19:00:00",WOOLNTH1,96.779999
D,DISPATCH,UNIT_SCADA,1,"2022/10/20 19:00:00",YAMBUKWF,6
D,DISPATCH,UNIT_SCADA,1,"2022/10/20 19:00:00",YSWF1,1.30
D,DISPATCH,UNIT_SCADA,1,"2022/10/20 19:00:00",ADPBA1G,0.0080
D,DISPATCH,UNIT_SCADA,1,"2022/10/20 19:00:00",ADPBA1L,0
D,DISPATCH,UNIT_SCADA,1,"2022/10/20 19:00:00",ADPPV1,0.1190
D,DISPATCH,UNIT_SCADA,1,"2022/10/20 19:00:00",AGLHAL,30.777930
D,DISPATCH,UNIT_SCADA,1,"2022/10/20 19:00:00",AGLSOM,0
D,DISPATCH,UNIT_SCADA,1,"2022/10/20 19:00:00",ANGAST1,0
D,DISPATCH,UNIT_SCADA,1,"2022/10/20 19:00:00",ARWF1,59.50
D,DISPATCH,UNIT_SCADA,1,"2022/10/20 19:00:00",BALBG1,0
D,DISPATCH,UNIT_SCADA,1,"2022/10/20 19:00:00",BALBL1,0
D,DISPATCH,UNIT_SCADA,1,"2022/10/20 19:00:00",BALDHWF1,101.2150
D,DISPATCH,UNIT_SCADA,1,"2022/10/20 19:00:00",BANGOWF1,82.996870
D,DISPATCH,UNIT_SCADA,1,"2022/10/20 19:00:00",BANGOWF2,67.298320
D,DISPATCH,UNIT_SCADA,1,"2022/10/20 19:00:00",BANN1,0
D,DISPATCH,UNIT_SCADA,1,"2022/10/20 19:00:00",BARCALDN,0
D,DISPATCH,UNIT_SCADA,1,"2022/10/20 19:00:00",BARKIPS1,102.829990
D,DISPATCH,UNIT_SCADA,1,"2022/10/20 19:00:00",BARRON-1,27.84
D,DISPATCH,UNIT_SCADA,1,"2022/10/20 19:00:00",BARRON-2,28.12
D,DISPATCH,UNIT_SCADA,1,"2022/10/20 19:00:00",BASTYAN,69.38
D,DISPATCH,UNIT_SCADA,1,"2022/10/20 19:00:00",BBTHREE1,0
D,DISPATCH,UNIT_SCADA,1,"2022/10/20 19:00:00",BBTHREE2,0
D,DISPATCH,UNIT_SCADA,1,"2022/10/20 19:00:00",BBTHREE3,-1.07
D,DISPATCH,UNIT_SCADA,1,"2022/10/20 19:00:00",BDL01,0
D,DISPATCH,UNIT_SCADA,1,"2022/10/20 19:00:00",BDL02,0
D,DISPATCH,UNIT_SCADA,1,"2022/10/20 19:00:00",BERYLSF1,0
D,DISPATCH,UNIT_SCADA,1,"2022/10/20 19:00:00",BLOWERNG,62.60
D,DISPATCH,UNIT_SCADA,1,"2022/10/20 19:00:00",BLUEGSF1,0
D,DISPATCH,UNIT_SCADA,1,"2022/10/20 19:00:00",BLUFF1,1
D,DISPATCH,UNIT_SCADA,1,"2022/10/20 19:00:00",BNGSF1,0.68
D,DISPATCH,UNIT_SCADA,1,"2022/10/20 19:00:00",BNGSF2,0.52
D,DISPATCH,UNIT_SCADA,1,"2022/10/20 19:00:00",BOCORWF1,43.30
D,DISPATCH,UNIT_SCADA,1,"2022/10/20 19:00:00",BODWF1,111.883280
D,DISPATCH,UNIT_SCADA,1,"2022/10/20 19:00:00",BOMENSF1,0
D,DISPATCH,UNIT_SCADA,1,"2022/10/20 19:00:00",BOWWBA1G,0
D,DISPATCH,UNIT_SCADA,1,"2022/10/20 19:00:00",BOWWBA1L,0.0030
D,DISPATCH,UNIT_SCADA,1,"2022/10/20 19:00:00",BOWWPV1,0
D,DISPATCH,UNIT_SCADA,1,"2022/10/20 19:00:00",BRAEMAR1,0
D,DISPATCH,UNIT_SCADA,1,"2022/10/20 19:00:00",BRAEMAR2,0
D,DISPATCH,UNIT_SCADA,1,"2022/10/20 19:00:00",BRAEMAR3,0
D,DISPATCH,UNIT_SCADA,1,"2022/10/20 19:00:00",BRAEMAR5,145.012330
D,DISPATCH,UNIT_SCADA,1,"2022/10/20 19:00:00",BRAEMAR6,0
D,DISPATCH,UNIT_SCADA,1,"2022/10/20 19:00:00",BRAEMAR7,153.955380
D,DISPATCH,UNIT_SCADA,1,"2022/10/20 19:00:00",BROKENH1,0
D,DISPATCH,UNIT_SCADA,1,"2022/10/20 19:00:00",BRYB1WF1,101.829560
D,DISPATCH,UNIT_SCADA,1,"2022/10/20 19:00:00",BULBESG1,0
D,DISPATCH,UNIT_SCADA,1,"2022/10/20 19:00:00",BULBESL1,0.03
D,DISPATCH,UNIT_SCADA,1,"2022/10/20 19:00:00",BULGANA1,72.68
D,DISPATCH,UNIT_SCADA,1,"2022/10/20 19:00:00",BW01,659.226380
D,DISPATCH,UNIT_SCADA,1,"2022/10/20 19:00:00",BW02,639.182130
D,DISPATCH,UNIT_SCADA,1,"2022/10/20 19:00:00",BW03,615.646610
D,DISPATCH,UNIT_SCADA,1,"2022/10/20 19:00:00",BW04,0
D,DISPATCH,UNIT_SCADA,1,"2022/10/20 19:00:00",CALL_B_1,319.600010
D,DISPATCH,UNIT_SCADA,1,"2022/10/20 19:00:00",CALL_B_2,319.899990
D,DISPATCH,UNIT_SCADA,1,"2022/10/20 19:00:00",CATHROCK,5.30
D,DISPATCH,UNIT_SCADA,1,"2022/10/20 19:00:00",CBWWBA1G,0
D,DISPATCH,UNIT_SCADA,1,"2022/10/20 19:00:00",CBWWBA1L,0
D,DISPATCH,UNIT_SCADA,1,"2022/10/20 19:00:00",CETHANA,97.2265
D,DISPATCH,UNIT_SCADA,1,"2022/10/20 19:00:00",CG1,0
D,DISPATCH,UNIT_SCADA,1,"2022/10/20 19:00:00",CG2,0
D,DISPATCH,UNIT_SCADA,1,"2022/10/20 19:00:00",CG3,0
D,DISPATCH,UNIT_SCADA,1,"2022/10/20 19:00:00",CG4,0
D,DISPATCH,UNIT_SCADA,1,"2022/10/20 19:00:00",CHILDSF1,0
D,DISPATCH,UNIT_SCADA,1,"2022/10/20 19:00:00",CHYTWF1,11.02
D,DISPATCH,UNIT_SCADA,1,"2022/10/20 19:00:00",CLARESF1,0
D,DISPATCH,UNIT_SCADA,1,"2022/10/20 19:00:00",CLEMGPWF,5.906870
D,DISPATCH,UNIT_SCADA,1,"2022/10/20 19:00:00",CLERMSF1,0
D,DISPATCH,UNIT_SCADA,1,"2022/10/20 19:00:00",CNUNDAWF,14.717170
D,DISPATCH,UNIT_SCADA,1,"2022/10/20 19:00:00",COHUNSF1,0
D,DISPATCH,UNIT_SCADA,1,"2022/10/20 19:00:00",COLEASF1,0
D,DISPATCH,UNIT_SCADA,1,"2022/10/20 19:00:00",COLUMSF1,0
D,DISPATCH,UNIT_SCADA,1,"2022/10/20 19:00:00",COLWF01,148.531310
D,DISPATCH,UNIT_SCADA,1,"2022/10/20 19:00:00",COOPGWF1,353
D,DISPATCH,UNIT_SCADA,1,"2022/10/20 19:00:00",CPP_3,370.975010
D,DISPATCH,UNIT_SCADA,1,"2022/10/20 19:00:00",CPP_4,0
D,DISPATCH,UNIT_SCADA,1,"2022/10/20 19:00:00",CPSA,0
D,DISPATCH,UNIT_SCADA,1,"2022/10/20 19:00:00",CROOKWF2,41.662620
D,DISPATCH,UNIT_SCADA,1,"2022/10/20 19:00:00",CROWLWF1,32.397310
D,DISPATCH,UNIT_SCADA,1,"2022/10/20 19:00:00",CRURWF1,103.695960
D,DISPATCH,UNIT_SCADA,1,"2022/10/20 19:00:00",CRWASF1,0
D,DISPATCH,UNIT_SCADA,1,"2022/10/20 19:00:00",CSPVPS1,0
D,DISPATCH,UNIT_SCADA,1,"2022/10/20 19:00:00",CTHLWF1,0.003050
D,DISPATCH,UNIT_SCADA,1,"2022/10/20 19:00:00",DALNTH01,0
D,DISPATCH,UNIT_SCADA,1,"2022/10/20 19:00:00",DALNTHL1,0.071720
D,DISPATCH,UNIT_SCADA,1,"2022/10/20 19:00:00",DARLSF1,0
D,DISPATCH,UNIT_SCADA,1,"2022/10/20 19:00:00",DARTM1,0
D,DISPATCH,UNIT_SCADA,1,"2022/10/20 19:00:00",DAYDSF1,0
D,DISPATCH,UNIT_SCADA,1,"2022/10/20 19:00:00",DDPS1,0
D,DISPATCH,UNIT_SCADA,1,"2022/10/20 19:00:00",DDSF1,0
D,DISPATCH,UNIT_SCADA,1,"2022/10/20 19:00:00",DEVILS_G,60.438850
D,DISPATCH,UNIT_SCADA,1,"2022/10/20 19:00:00",DG_NSW1,0
D,DISPATCH,UNIT_SCADA,1,"2022/10/20 19:00:00",DG_QLD1,0
D,DISPATCH,UNIT_SCADA,1,"2022/10/20 19:00:00",DG_SA1,0
D,DISPATCH,UNIT_SCADA,1,"2022/10/20 19:00:00",DG_TAS1,0
D,DISPATCH,UNIT_SCADA,1,"2022/10/20 19:00:00",DG_VIC1,0
D,DISPATCH,UNIT_SCADA,1,"2022/10/20 19:00:00",DRYCGT1,0
D,DISPATCH,UNIT_SCADA,1,"2022/10/20 19:00:00",DRYCGT2,0
D,DISPATCH,UNIT_SCADA,1,"2022/10/20 19:00:00",DRYCGT3,0
D,DISPATCH,UNIT_SCADA,1,"2022/10/20 19:00:00",DUNDWF1,88.03
D,DISPATCH,UNIT_SCADA,1,"2022/10/20 19:00:00",DUNDWF2,31.14
D,DISPATCH,UNIT_SCADA,1,"2022/10/20 19:00:00",DUNDWF3,63.36
D,DISPATCH,UNIT_SCADA,1,"2022/10/20 19:00:00",EILDON1,59.76
D,DISPATCH,UNIT_SCADA,1,"2022/10/20 19:00:00",EILDON2,59.92
D,DISPATCH,UNIT_SCADA,1,"2022/10/20 19:00:00",ELAINWF1,13.02
D,DISPATCH,UNIT_SCADA,1,"2022/10/20 19:00:00",EMERASF1,0
D,DISPATCH,UNIT_SCADA,1,"2022/10/20 19:00:00",ER01,0
D,DISPATCH,UNIT_SCADA,1,"2022/10/20 19:00:00",ER02,559.249270
D,DISPATCH,UNIT_SCADA,1,"2022/10/20 19:00:00",ER03,638.376460
D,DISPATCH,UNIT_SCADA,1,"2022/10/20 19:00:00",ER04,699.1684
D,DISPATCH,UNIT_SCADA,1,"2022/10/20 19:00:00",FINLYSF1,0
D,DISPATCH,UNIT_SCADA,1,"2022/10/20 19:00:00",FISHER,43.94
D,DISPATCH,UNIT_SCADA,1,"2022/10/20 19:00:00",GANGARR1,0
D,DISPATCH,UNIT_SCADA,1,"2022/10/20 19:00:00",GANNBG1,19.606790
D,DISPATCH,UNIT_SCADA,1,"2022/10/20 19:00:00",GANNBL1,0
D,DISPATCH,UNIT_SCADA,1,"2022/10/20 19:00:00",GANNSF1,0
D,DISPATCH,UNIT_SCADA,1,"2022/10/20 19:00:00",GLRWNSF1,0
D,DISPATCH,UNIT_SCADA,1,"2022/10/20 19:00:00",GNNDHSF1,0
D,DISPATCH,UNIT_SCADA,1,"2022/10/20 19:00:00",GOONSF1,0
D,DISPATCH,UNIT_SCADA,1,"2022/10/20 19:00:00",GORDON,273.209320
D,DISPATCH,UNIT_SCADA,1,"2022/10/20 19:00:00",GRANWF1,0
D,DISPATCH,UNIT_SCADA,1,"2022/10/20 19:00:00",GSTONE1,216.8250
D,DISPATCH,UNIT_SCADA,1,"2022/10/20 19:00:00",GSTONE2,0
D,DISPATCH,UNIT_SCADA,1,"2022/10/20 19:00:00",GSTONE3,200.20
D,DISPATCH,UNIT_SCADA,1,"2022/10/20 19:00:00",GSTONE4,0
D,DISPATCH,UNIT_SCADA,1,"2022/10/20 19:00:00",GSTONE5,216.649990
D,DISPATCH,UNIT_SCADA,1,"2022/10/20 19:00:00",GSTONE6,217.1750
D,DISPATCH,UNIT_SCADA,1,"2022/10/20 19:00:00",GULLRSF1,0
D,DISPATCH,UNIT_SCADA,1,"2022/10/20 19:00:00",GULLRWF1,85.9637
D,DISPATCH,UNIT_SCADA,1,"2022/10/20 19:00:00",GULLRWF2,97.5015
D,DISPATCH,UNIT_SCADA,1,"2022/10/20 19:00:00",GUNNING1,0
D,DISPATCH,UNIT_SCADA,1,"2022/10/20 19:00:00",GUTHEGA,67.80
D,DISPATCH,UNIT_SCADA,1,"2022/10/20 19:00:00",HALLWF1,2.62
D,DISPATCH,UNIT_SCADA,1,"2022/10/20 19:00:00",HALLWF2,3.18
D,DISPATCH,UNIT_SCADA,1,"2022/10/20 19:00:00",HAMISF1,0
D,DISPATCH,UNIT_SCADA,1,"2022/10/20 19:00:00",HAUGHT11,0
D,DISPATCH,UNIT_SCADA,1,"2022/10/20 19:00:00",HAYMSF1,0
D,DISPATCH,UNIT_SCADA,1,"2022/10/20 19:00:00",HDWF1,11.60
D,DISPATCH,UNIT_SCADA,1,"2022/10/20 19:00:00",HDWF2,10.50
D,DISPATCH,UNIT_SCADA,1,"2022/10/20 19:00:00",HDWF3,13.50
D,DISPATCH,UNIT_SCADA,1,"2022/10/20 19:00:00",HILLSTN1,0
D,DISPATCH,UNIT_SCADA,1,"2022/10/20 19:00:00",HPRG1,0
D,DISPATCH,UNIT_SCADA,1,"2022/10/20 19:00:00",HPRL1,1.10
D,DISPATCH,UNIT_SCADA,1,"2022/10/20 19:00:00",HUMENSW,54.785920
D,DISPATCH,UNIT_SCADA,1,"2022/10/20 19:00:00",HUMEV,0
D,DISPATCH,UNIT_SCADA,1,"2022/10/20 19:00:00",HVWWBA1G,0
D,DISPATCH,UNIT_SCADA,1,"2022/10/20 19:00:00",HVWWBA1L,0.0060
D,DISPATCH,UNIT_SCADA,1,"2022/10/20 19:00:00",HVWWPV1,0.0750
D,DISPATCH,UNIT_SCADA,1,"2022/10/20 19:00:00",JBUTTERS,9.650720
D,DISPATCH,UNIT_SCADA,1,"2022/10/20 19:00:00",JEMALNG1,0
D,DISPATCH,UNIT_SCADA,1,"2022/10/20 19:00:00",JLA01,0
D,DISPATCH,UNIT_SCADA,1,"2022/10/20 19:00:00",JLA02,0
D,DISPATCH,UNIT_SCADA,1,"2022/10/20 19:00:00",JLA03,0
D,DISPATCH,UNIT_SCADA,1,"2022/10/20 19:00:00",JLA04,0
D,DISPATCH,UNIT_SCADA,1,"2022/10/20 19:00:00",JLB01,0
D,DISPATCH,UNIT_SCADA,1,"2022/10/20 19:00:00",JLB02,0.10
D,DISPATCH,UNIT_SCADA,1,"2022/10/20 19:00:00",JLB03,0
D,DISPATCH,UNIT_SCADA,1,"2022/10/20 19:00:00",JUNEESF1,0
D,DISPATCH,UNIT_SCADA,1,"2022/10/20 19:00:00",KABANWF1,0.8060
D,DISPATCH,UNIT_SCADA,1,"2022/10/20 19:00:00",KAREEYA1,0
D,DISPATCH,UNIT_SCADA,1,"2022/10/20 19:00:00",KAREEYA2,0
D,DISPATCH,UNIT_SCADA,1,"2022/10/20 19:00:00",KAREEYA3,4.8125
D,DISPATCH,UNIT_SCADA,1,"2022/10/20 19:00:00",KAREEYA4,0
D,DISPATCH,UNIT_SCADA,1,"2022/10/20 19:00:00",KARSF1,0
D,DISPATCH,UNIT_SCADA,1,"2022/10/20 19:00:00",KEPSF1,0
D,DISPATCH,UNIT_SCADA,1,"2022/10/20 19:00:00",KEPWF1,6.76
D,DISPATCH,UNIT_SCADA,1,"2022/10/20 19:00:00",KIAMSF1,0
D,DISPATCH,UNIT_SCADA,1,"2022/10/20 19:00:00",KIATAWF1,3.90
D,DISPATCH,UNIT_SCADA,1,"2022/10/20 19:00:00",KPP_1,0
D,DISPATCH,UNIT_SCADA,1,"2022/10/20 19:00:00",KSP1,0
D,DISPATCH,UNIT_SCADA,1,"2022/10/20 19:00:00",LADBROK1,0.01
D,DISPATCH,UNIT_SCADA,1,"2022/10/20 19:00:00",LADBROK2,0.02
D,DISPATCH,UNIT_SCADA,1,"2022/10/20 19:00:00",LBBG1,0.30
D,DISPATCH,UNIT_SCADA,1,"2022/10/20 19:00:00",LBBL1,0
D,DISPATCH,UNIT_SCADA,1,"2022/10/20 19:00:00",LD01,378.600430
D,DISPATCH,UNIT_SCADA,1,"2022/10/20 19:00:00",LD02,37.501140
D,DISPATCH,UNIT_SCADA,1,"2022/10/20 19:00:00",LD04,311.508540
D,DISPATCH,UNIT_SCADA,1,"2022/10/20 19:00:00",LEM_WIL,86.8568
D,DISPATCH,UNIT_SCADA,1,"2022/10/20 19:00:00",LGAPWF1,82.64
D,DISPATCH,UNIT_SCADA,1,"2022/10/20 19:00:00",LGAPWF2,60.75
D,DISPATCH,UNIT_SCADA,1,"2022/10/20 19:00:00",LILYSF1,0
D,DISPATCH,UNIT_SCADA,1,"2022/10/20 19:00:00",LIMOSF11,0
D,DISPATCH,UNIT_SCADA,1,"2022/10/20 19:00:00",LIMOSF21,0
D,DISPATCH,UNIT_SCADA,1,"2022/10/20 19:00:00",LI_WY_CA,62.8223
D,DISPATCH,UNIT_SCADA,1,"2022/10/20 19:00:00",LKBONNY1,16.790170
D,DISPATCH,UNIT_SCADA,1,"2022/10/20 19:00:00",LKBONNY2,46.775240
D,DISPATCH,UNIT_SCADA,1,"2022/10/20 19:00:00",LKBONNY3,14.178810
D,DISPATCH,UNIT_SCADA,1,"2022/10/20 19:00:00",LK_ECHO,0
D,DISPATCH,UNIT_SCADA,1,"2022/10/20 19:00:00",LNGS1,0
D,DISPATCH,UNIT_SCADA,1,"2022/10/20 19:00:00",LNGS2,0
D,DISPATCH,UNIT_SCADA,1,"2022/10/20 19:00:00",LONSDALE,0
D,DISPATCH,UNIT_SCADA,1,"2022/10/20 19:00:00",LOYYB1,580.074710
D,DISPATCH,UNIT_SCADA,1,"2022/10/20 19:00:00",LOYYB2,574.059510
D,DISPATCH,UNIT_SCADA,1,"2022/10/20 19:00:00",LYA1,560
D,DISPATCH,UNIT_SCADA,1,"2022/10/20 19:00:00",LYA2,0
D,DISPATCH,UNIT_SCADA,1,"2022/10/20 19:00:00",LYA3,560
D,DISPATCH,UNIT_SCADA,1,"2022/10/20 19:00:00",LYA4,561
D,DISPATCH,UNIT_SCADA,1,"2022/10/20 19:00:00",MACARTH1,61.298580
D,DISPATCH,UNIT_SCADA,1,"2022/10/20 19:00:00",MACKNTSH,74.070010
D,DISPATCH,UNIT_SCADA,1,"2022/10/20 19:00:00",MANSLR1,0
D,DISPATCH,UNIT_SCADA,1,"2022/10/20 19:00:00",MAPS2PV1,0
D,DISPATCH,UNIT_SCADA,1,"2022/10/20 19:00:00",MAPS3PV1,0
D,DISPATCH,UNIT_SCADA,1,"2022/10/20 19:00:00",MARYRSF1,0
D,DISPATCH,UNIT_SCADA,1,"2022/10/20 19:00:00",MBPS2PV1,0
D,DISPATCH,UNIT_SCADA,1,"2022/10/20 19:00:00",MCKAY1,220.024990
D,DISPATCH,UNIT_SCADA,1,"2022/10/20 19:00:00",MEADOWBK,19.691620
D,DISPATCH,UNIT_SCADA,1,"2022/10/20 19:00:00",MERCER01,15.40
D,DISPATCH,UNIT_SCADA,1,"2022/10/20 19:00:00",METZSF1,0
D,DISPATCH,UNIT_SCADA,1,"2022/10/20 19:00:00",MEWF1,22.715390
D,DISPATCH,UNIT_SCADA,1,"2022/10/20 19:00:00",MIDDLSF1,0
D,DISPATCH,UNIT_SCADA,1,"2022/10/20 19:00:00",MINTARO,0.128180
D,DISPATCH,UNIT_SCADA,1,"2022/10/20 19:00:00",MOLNGSF1,0
D,DISPATCH,UNIT_SCADA,1,"2022/10/20 19:00:00",MOORAWF1,13.25
D,DISPATCH,UNIT_SCADA,1,"2022/10/20 19:00:00",MOREESF1,0
D,DISPATCH,UNIT_SCADA,1,"2022/10/20 19:00:00",MORTLK11,0
D,DISPATCH,UNIT_SCADA,1,"2022/10/20 19:00:00",MORTLK12,0
D,DISPATCH,UNIT_SCADA,1,"2022/10/20 19:00:00",MOUSF1,0
D,DISPATCH,UNIT_SCADA,1,"2022/10/20 19:00:00",MP1,0
D,DISPATCH,UNIT_SCADA,1,"2022/10/20 19:00:00",MP2,641.647950
D,DISPATCH,UNIT_SCADA,1,"2022/10/20 19:00:00",MPP_1,197.104390
D,DISPATCH,UNIT_SCADA,1,"2022/10/20 19:00:00",MPP_2,175.497210
D,DISPATCH,UNIT_SCADA,1,"2022/10/20 19:00:00",MRTLSWF1,0
D,DISPATCH,UNIT_SCADA,1,"2022/10/20 19:00:00",MSTUART1,0
D,DISPATCH,UNIT_SCADA,1,"2022/10/20 19:00:00",MSTUART2,0
D,DISPATCH,UNIT_SCADA,1,"2022/10/20 19:00:00",MSTUART3,0
D,DISPATCH,UNIT_SCADA,1,"2022/10/20 19:00:00",MTGELWF1,65.2852
D,DISPATCH,UNIT_SCADA,1,"2022/10/20 19:00:00",MTMILLAR,13.40
D,DISPATCH,UNIT_SCADA,1,"2022/10/20 19:00:00",MURRAY,464.600010
D,DISPATCH,UNIT_SCADA,1,"2022/10/20 19:00:00",MUSSELR1,4.90
D,DISPATCH,UNIT_SCADA,1,"2022/10/20 19:00:00",MUWAWF1,5.31
D,DISPATCH,UNIT_SCADA,1,"2022/10/20 19:00:00",MUWAWF2,13.20
D,DISPATCH,UNIT_SCADA,1,"2022/10/20 19:00:00",MWPS1PV1,0
D,DISPATCH,UNIT_SCADA,1,"2022/10/20 19:00:00",MWPS2PV1,0.01
D,DISPATCH,UNIT_SCADA,1,"2022/10/20 19:00:00",MWPS3PV1,0.01
D,DISPATCH,UNIT_SCADA,1,"2022/10/20 19:00:00",MWPS4PV1,0.03
D,DISPATCH,UNIT_SCADA,1,"2022/10/20 19:00:00",NBHWF1,5
D,DISPATCH,UNIT_SCADA,1,"2022/10/20 19:00:00",NEVERSF1,0
D,DISPATCH,UNIT_SCADA,1,"2022/10/20 19:00:00",NPS,0
D,DISPATCH,UNIT_SCADA,1,"2022/10/20 19:00:00",NUMURSF1,0
D,DISPATCH,UNIT_SCADA,1,"2022/10/20 19:00:00",NYNGAN1,0
D,DISPATCH,UNIT_SCADA,1,"2022/10/20 19:00:00",OAKEY1,126.148830
D,DISPATCH,UNIT_SCADA,1,"2022/10/20 19:00:00",OAKEY1SF,0
D,DISPATCH,UNIT_SCADA,1,"2022/10/20 19:00:00",OAKEY2,0
D,DISPATCH,UNIT_SCADA,1,"2022/10/20 19:00:00",OAKEY2SF,0
D,DISPATCH,UNIT_SCADA,1,"2022/10/20 19:00:00",OAKLAND1,30.80
D,DISPATCH,UNIT_SCADA,1,"2022/10/20 19:00:00",OSB-AG,176.679990
D,DISPATCH,UNIT_SCADA,1,"2022/10/20 19:00:00",PAREPS1,0
D,DISPATCH,UNIT_SCADA,1,"2022/10/20 19:00:00",PAREPW1,167.36
D,DISPATCH,UNIT_SCADA,1,"2022/10/20 19:00:00",PARSF1,0.001530
D,DISPATCH,UNIT_SCADA,1,"2022/10/20 19:00:00",POAT110,3.12
D,DISPATCH,UNIT_SCADA,1,"2022/10/20 19:00:00",POAT220,0
D,DISPATCH,UNIT_SCADA,1,"2022/10/20 19:00:00",POR01,0.008670
D,DISPATCH,UNIT_SCADA,1,"2022/10/20 19:00:00",POR03,0
D,DISPATCH,UNIT_SCADA,1,"2022/10/20 19:00:00",PPCCGT,193.014140
D,DISPATCH,UNIT_SCADA,1,"2022/10/20 19:00:00",PTSTAN1,0
D,DISPATCH,UNIT_SCADA,1,"2022/10/20 19:00:00",PUMP1,0
D,DISPATCH,UNIT_SCADA,1,"2022/10/20 19:00:00",PUMP2,0
D,DISPATCH,UNIT_SCADA,1,"2022/10/20 19:00:00",QBYNBG1,0.0025
D,DISPATCH,UNIT_SCADA,1,"2022/10/20 19:00:00",QBYNBL1,0
D,DISPATCH,UNIT_SCADA,1,"2022/10/20 19:00:00",QPS1,0
D,DISPATCH,UNIT_SCADA,1,"2022/10/20 19:00:00",QPS2,0
D,DISPATCH,UNIT_SCADA,1,"2022/10/20 19:00:00",QPS3,0
D,DISPATCH,UNIT_SCADA,1,"2022/10/20 19:00:00",QPS4,0
D,DISPATCH,UNIT_SCADA,1,"2022/10/20 19:00:00",QPS5,119.92
D,DISPATCH,UNIT_SCADA,1,"2022/10/20 19:00:00",REECE1,99.624860
D,DISPATCH,UNIT_SCADA,1,"2022/10/20 19:00:00",REECE2,99.540010
D,DISPATCH,UNIT_SCADA,1,"2022/10/20 19:00:00",ROMA_7,0
D,DISPATCH,UNIT_SCADA,1,"2022/10/20 19:00:00",ROMA_8,0
D,DISPATCH,UNIT_SCADA,1,"2022/10/20 19:00:00",RRSF1,0
D,DISPATCH,UNIT_SCADA,1,"2022/10/20 19:00:00",RT_NSW1,0
D,DISPATCH,UNIT_SCADA,1,"2022/10/20 19:00:00",RT_NSW2,0
D,DISPATCH,UNIT_SCADA,1,"2022/10/20 19:00:00",RT_NSW3,0
D,DISPATCH,UNIT_SCADA,1,"2022/10/20 19:00:00",RT_NSW4,0
D,DISPATCH,UNIT_SCADA,1,"2022/10/20 19:00:00",RT_NSW5,0
D,DISPATCH,UNIT_SCADA,1,"2022/10/20 19:00:00",RT_NSW6,0
D,DISPATCH,UNIT_SCADA,1,"2022/10/20 19:00:00",RT_QLD1,0
D,DISPATCH,UNIT_SCADA,1,"2022/10/20 19:00:00",RT_SA1,0
D,DISPATCH,UNIT_SCADA,1,"2022/10/20 19:00:00",RT_SA2,0
D,DISPATCH,UNIT_SCADA,1,"2022/10/20 19:00:00",RT_SA3,0
D,DISPATCH,UNIT_SCADA,1,"2022/10/20 19:00:00",RT_SA4,0
D,DISPATCH,UNIT_SCADA,1,"2022/10/20 19:00:00",RT_SA5,0
D,DISPATCH,UNIT_SCADA,1,"2022/10/20 19:00:00",RT_SA6,0
D,DISPATCH,UNIT_SCADA,1,"2022/10/20 19:00:00",RT_TAS1,0
D,DISPATCH,UNIT_SCADA,1,"2022/10/20 19:00:00",RT_VIC1,0
D,DISPATCH,UNIT_SCADA,1,"2022/10/20 19:00:00",RT_VIC10,0
D,DISPATCH,UNIT_SCADA,1,"2022/10/20 19:00:00",RT_VIC11,0
D,DISPATCH,UNIT_SCADA,1,"2022/10/20 19:00:00",RT_VIC12,0
D,DISPATCH,UNIT_SCADA,1,"2022/10/20 19:00:00",RT_VIC2,0
D,DISPATCH,UNIT_SCADA,1,"2022/10/20 19:00:00",RT_VIC3,0
D,DISPATCH,UNIT_SCADA,1,"2022/10/20 19:00:00",RT_VIC4,0
D,DISPATCH,UNIT_SCADA,1,"2022/10/20 19:00:00",RT_VIC5,0
D,DISPATCH,UNIT_SCADA,1,"2022/10/20 19:00:00",RT_VIC6,0
D,DISPATCH,UNIT_SCADA,1,"2022/10/20 19:00:00",RT_VIC7,0
D,DISPATCH,UNIT_SCADA,1,"2022/10/20 19:00:00",RT_VIC8,0
D,DISPATCH,UNIT_SCADA,1,"2022/10/20 19:00:00",RT_VIC9,0
D,DISPATCH,UNIT_SCADA,1,"2022/10/20 19:00:00",RUGBYR1,0
D,DISPATCH,UNIT_SCADA,1,"2022/10/20 19:00:00",SALTCRK1,29.99
D,DISPATCH,UNIT_SCADA,1,"2022/10/20 19:00:00",SAPHWF1,203.282210
D,DISPATCH,UNIT_SCADA,1,"2022/10/20 19:00:00",SEBSF1,0
D,DISPATCH,UNIT_SCADA,1,"2022/10/20 19:00:00",SHGEN,80.441740
D,DISPATCH,UNIT_SCADA,1,"2022/10/20 19:00:00",SHPUMP,0
D,DISPATCH,UNIT_SCADA,1,"2022/10/20 19:00:00",SITHE01,0.123710
D,DISPATCH,UNIT_SCADA,1,"2022/10/20 19:00:00",SMCSF1,0
D,DISPATCH,UNIT_SCADA,1,"2022/10/20 19:00:00",SNAPPER1,0
D,DISPATCH,UNIT_SCADA,1,"2022/10/20 19:00:00",SNOWNTH1,61.40
D,DISPATCH,UNIT_SCADA,1,"2022/10/20 19:00:00",SNOWSTH1,21.30
D,DISPATCH,UNIT_SCADA,1,"2022/10/20 19:00:00",SNOWTWN1,48.790050
D,DISPATCH,UNIT_SCADA,1,"2022/10/20 19:00:00",SNOWYP,0
D,DISPATCH,UNIT_SCADA,1,"2022/10/20 19:00:00",SNUG1,0
D,DISPATCH,UNIT_SCADA,1,"2022/10/20 19:00:00",SRSF1,0
D,DISPATCH,UNIT_SCADA,1,"2022/10/20 19:00:00",STAN-1,278.9025
D,DISPATCH,UNIT_SCADA,1,"2022/10/20 19:00:00",STAN-2,365.166290
D,DISPATCH,UNIT_SCADA,1,"2022/10/20 19:00:00",STAN-3,363.769170
D,DISPATCH,UNIT_SCADA,1,"2022/10/20 19:00:00",STAN-4,363.922970
D,DISPATCH,UNIT_SCADA,1,"2022/10/20 19:00:00",STARHLWF,6.098220
D,DISPATCH,UNIT_SCADA,1,"2022/10/20 19:00:00",STOCKYD1,148.399990
D,DISPATCH,UNIT_SCADA,1,"2022/10/20 19:00:00",STWF1,116.462350
D,DISPATCH,UNIT_SCADA,1,"2022/10/20 19:00:00",SUNRSF1,0
D,DISPATCH,UNIT_SCADA,1,"2022/10/20 19:00:00",SUNTPSF1,0
D,DISPATCH,UNIT_SCADA,1,"2022/10/20 19:00:00",SWAN_E,352.114380
D,DISPATCH,UNIT_SCADA,1,"2022/10/20 19:00:00",TALWA1,0
D,DISPATCH,UNIT_SCADA,1,"2022/10/20 19:00:00",TARALGA1,0
D,DISPATCH,UNIT_SCADA,1,"2022/10/20 19:00:00",TARONG#1,350.200010
D,DISPATCH,UNIT_SCADA,1,"2022/10/20 19:00:00",TARONG#2,349.899990
D,DISPATCH,UNIT_SCADA,1,"2022/10/20 19:00:00",TARONG#3,0.90
D,DISPATCH,UNIT_SCADA,1,"2022/10/20 19:00:00",TARONG#4,294.899990
D,DISPATCH,UNIT_SCADA,1,"2022/10/20 19:00:00",TARRALEA,53.90
D,DISPATCH,UNIT_SCADA,1,"2022/10/20 19:00:00",TBSF1,0
D,DISPATCH,UNIT_SCADA,1,"2022/10/20 19:00:00",TNPS1,420.25
D,DISPATCH,UNIT_SCADA,1,"2022/10/20 19:00:00",TORRB1,0
D,DISPATCH,UNIT_SCADA,1,"2022/10/20 19:00:00",TORRB2,73
D,DISPATCH,UNIT_SCADA,1,"2022/10/20 19:00:00",TORRB3,0
D,DISPATCH,UNIT_SCADA,1,"2022/10/20 19:00:00",TORRB4,0
D,DISPATCH,UNIT_SCADA,1,"2022/10/20 19:00:00",TREVALLN,98.380310
D,DISPATCH,UNIT_SCADA,1,"2022/10/20 19:00:00",TRIBUTE,0
D,DISPATCH,UNIT_SCADA,1,"2022/10/20 19:00:00",TUMUT3,353.020020
D,DISPATCH,UNIT_SCADA,1,"2022/10/20 19:00:00",TUNGATIN,3.100020
D,DISPATCH,UNIT_SCADA,1,"2022/10/20 19:00:00",TVCC201,0
D,DISPATCH,UNIT_SCADA,1,"2022/10/20 19:00:00",TVPP104,57.826560
D,DISPATCH,UNIT_SCADA,1,"2022/10/20 19:00:00",UPPTUMUT,120.610820
D,DISPATCH,UNIT_SCADA,1,"2022/10/20 19:00:00",URANQ11,0
D,DISPATCH,UNIT_SCADA,1,"2022/10/20 19:00:00",URANQ12,0
D,DISPATCH,UNIT_SCADA,1,"2022/10/20 19:00:00",URANQ13,0
D,DISPATCH,UNIT_SCADA,1,"2022/10/20 19:00:00",URANQ14,154.796680
D,DISPATCH,UNIT_SCADA,1,"2022/10/20 19:00:00",VBBG1,10.70
D,DISPATCH,UNIT_SCADA,1,"2022/10/20 19:00:00",VBBL1,0
D,DISPATCH,UNIT_SCADA,1,"2022/10/20 19:00:00",VP5,559.025880
D,DISPATCH,UNIT_SCADA,1,"2022/10/20 19:00:00",VP6,619.452510
D,DISPATCH,UNIT_SCADA,1,"2022/10/20 19:00:00",VPGS1,0
D,DISPATCH,UNIT_SCADA,1,"2022/10/20 19:00:00",VPGS2,0
D,DISPATCH,UNIT_SCADA,1,"2022/10/20 19:00:00",VPGS3,0
D,DISPATCH,UNIT_SCADA,1,"2022/10/20 19:00:00",VPGS4,0
D,DISPATCH,UNIT_SCADA,1,"2022/10/20 19:00:00",VPGS5,0
D,DISPATCH,UNIT_SCADA,1,"2022/10/20 19:00:00",VPGS6,0
D,DISPATCH,UNIT_SCADA,1,"2022/10/20 19:00:00",W/HOE#1,159.50
D,DISPATCH,UNIT_SCADA,1,"2022/10/20 19:00:00",W/HOE#2,0
D,DISPATCH,UNIT_SCADA,1,"2022/10/20 19:00:00",WAGGNSF1,0
D,DISPATCH,UNIT_SCADA,1,"2022/10/20 19:00:00",WALGRVG1,0.0121
D,DISPATCH,UNIT_SCADA,1,"2022/10/20 19:00:00",WALGRVL1,0
D,DISPATCH,UNIT_SCADA,1,"2022/10/20 19:00:00",WANDBG1,60.021650
D,DISPATCH,UNIT_SCADA,1,"2022/10/20 19:00:00",WANDBL1,0
D,DISPATCH,UNIT_SCADA,1,"2022/10/20 19:00:00",WARWSF1,0
D,DISPATCH,UNIT_SCADA,1,"2022/10/20 19:00:00",WARWSF2,0
D,DISPATCH,UNIT_SCADA,1,"2022/10/20 19:00:00",WATERLWF,2.10
D,DISPATCH,UNIT_SCADA,1,"2022/10/20 19:00:00",WDGPH1,0
D,DISPATCH,UNIT_SCADA,1,"2022/10/20 19:00:00",WELLSF1,0
D,DISPATCH,UNIT_SCADA,1,"2022/10/20 19:00:00",WEMENSF1,0
D,DISPATCH,UNIT_SCADA,1,"2022/10/20 19:00:00",WGWF1,12.50
D,DISPATCH,UNIT_SCADA,1,"2022/10/20 19:00:00",WHITSF1,0
D,DISPATCH,UNIT_SCADA,1,"2022/10/20 19:00:00",WINTSF1,0
D,DISPATCH,UNIT_SCADA,1,"2022/10/20 19:00:00",WKIEWA1,33.90
D,DISPATCH,UNIT_SCADA,1,"2022/10/20 19:00:00",WKIEWA2,33.90
D,DISPATCH,UNIT_SCADA,1,"2022/10/20 19:00:00",WOODLWN1,29.298790
D,DISPATCH,UNIT_SCADA,1,"2022/10/20 19:00:00",WOOLGSF1,0
D,DISPATCH,UNIT_SCADA,1,"2022/10/20 19:00:00",WPWF,30.20
D,DISPATCH,UNIT_SCADA,1,"2022/10/20 19:00:00",WRSF1,0
D,DISPATCH,UNIT_SCADA,1,"2022/10/20 19:00:00",WRWF1,76.652170
D,DISPATCH,UNIT_SCADA,1,"2022/10/20 19:00:00",WSTWYSF1,0
D,DISPATCH,UNIT_SCADA,1,"2022/10/20 19:00:00",YABULU,153.000020
D,DISPATCH,UNIT_SCADA,1,"2022/10/20 19:00:00",YABULU2,0
D,DISPATCH,UNIT_SCADA,1,"2022/10/20 19:00:00",YARANSF1,0
D,DISPATCH,UNIT_SCADA,1,"2022/10/20 19:00:00",YARWUN_1,163.34
D,DISPATCH,UNIT_SCADA,1,"2022/10/20 19:00:00",YATSF1,0
D,DISPATCH,UNIT_SCADA,1,"2022/10/20 19:00:00",YENDWF1,17.42
D,DISPATCH,UNIT_SCADA,1,"2022/10/20 19:00:00",YWPS1,356.389860
D,DISPATCH,UNIT_SCADA,1,"2022/10/20 19:00:00",YWPS2,288.718990
D,DISPATCH,UNIT_SCADA,1,"2022/10/20 19:00:00",YWPS3,360.799990
D,DISPATCH,UNIT_SCADA,1,"2022/10/20 19:00:00",YWPS4,0
C,"END OF REPORT",419
