C,NEMP.WORLD,DISPATCHSCADA,AEMO,PUBLIC,2022/10/20,14:15:09,0000000373260054,DISPATCHSCADA,0000000373260048
I,DISPATCH,UNIT_SCADA,1,SETTLEMENTDATE,DUID,SCADAVALUE
D,DISPATCH,UNIT_SCADA,1,"2022/10/20 14:20:00",BARCSF1,11.10
D,DISPATCH,UNIT_SCADA,1,"2022/10/20 14:20:00",BUTLERSG,8.699999
D,DISPATCH,UNIT_SCADA,1,"2022/10/20 14:20:00",CAPTL_WF,69.665131
D,DISPATCH,UNIT_SCADA,1,"2022/10/20 14:20:00",CHALLHWF,9.299999
D,DISPATCH,UNIT_SCADA,1,"2022/10/20 14:20:00",CLOVER,10.57
D,DISPATCH,UNIT_SCADA,1,"2022/10/20 14:20:00",CLUNY,6.267338
D,DISPATCH,UNIT_SCADA,1,"2022/10/20 14:20:00",CULLRGWF,-0.05
D,DISPATCH,UNIT_SCADA,1,"2022/10/20 14:20:00",DIAPURWF1,4.20
D,DISPATCH,UNIT_SCADA,1,"2022/10/20 14:20:00",ERGT01,0
D,DISPATCH,UNIT_SCADA,1,"2022/10/20 14:20:00",GB01,0
D,DISPATCH,UNIT_SCADA,1,"2022/10/20 14:20:00",GERMCRK,21.40
D,DISPATCH,UNIT_SCADA,1,"2022/10/20 14:20:00",GRIFSF1,6.599527
D,DISPATCH,UNIT_SCADA,1,"2022/10/20 14:20:00",HEZ1,0
D,DISPATCH,UNIT_SCADA,1,"2022/10/20 14:20:00",HUGSF1,5.9460
D,DISPATCH,UNIT_SCADA,1,"2022/10/20 14:20:00",KEPBG1,0
D,DISPATCH,UNIT_SCADA,1,"2022/10/20 14:20:00",LRSF1,13.113001
D,DISPATCH,UNIT_SCADA,1,"2022/10/20 14:20:00",MBAHNTH,43.293747
D,DISPATCH,UNIT_SCADA,1,"2022/10/20 14:20:00",MLSP1,2.448001
D,DISPATCH,UNIT_SCADA,1,"2022/10/20 14:20:00",MLWF1,3.69
D,DISPATCH,UNIT_SCADA,1,"2022/10/20 14:20:00",PALOONA,30.029999
D,DISPATCH,UNIT_SCADA,1,"2022/10/20 14:20:00",PIONEER,34.799999
D,DISPATCH,UNIT_SCADA,1,"2022/10/20 14:20:00",PORTWF,71
D,DISPATCH,UNIT_SCADA,1,"2022/10/20 14:20:00",REPULSE,9.486839
D,DISPATCH,UNIT_SCADA,1,"2022/10/20 14:20:00",ROWALLAN,8.974401
D,DISPATCH,UNIT_SCADA,1,"2022/10/20 14:20:00",ROYALLA1,4.180003
D,DISPATCH,UNIT_SCADA,1,"2022/10/20 14:20:00",RPCG,-1.80
D,DISPATCH,UNIT_SCADA,1,"2022/10/20 14:20:00",RUBICON,0
D,DISPATCH,UNIT_SCADA,1,"2022/10/20 14:20:00",WAUBRAWF,64.019997
D,DISPATCH,UNIT_SCADA,1,"2022/10/20 14:20:00",WOOLNTH1,95.309998
D,DISPATCH,UNIT_SCADA,1,"2022/10/20 14:20:00",YAMBUKWF,7.30
D,DISPATCH,UNIT_SCADA,1,"2022/10/20 14:20:00",YSWF1,2.20
D,DISPATCH,UNIT_SCADA,1,"2022/10/20 14:20:00",ADPBA1G,0.0080
D,DISPATCH,UNIT_SCADA,1,"2022/10/20 14:20:00",ADPBA1L,0
D,DISPATCH,UNIT_SCADA,1,"2022/10/20 14:20:00",ADPPV1,8.7930
D,DISPATCH,UNIT_SCADA,1,"2022/10/20 14:20:00",AGLHAL,0
D,DISPATCH,UNIT_SCADA,1,"2022/10/20 14:20:00",AGLSOM,0
D,DISPATCH,UNIT_SCADA,1,"2022/10/20 14:20:00",ANGAST1,0
D,DISPATCH,UNIT_SCADA,1,"2022/10/20 14:20:00",ARWF1,7.20
D,DISPATCH,UNIT_SCADA,1,"2022/10/20 14:20:00",BALBG1,0
D,DISPATCH,UNIT_SCADA,1,"2022/10/20 14:20:00",BALBL1,0
D,DISPATCH,UNIT_SCADA,1,"2022/10/20 14:20:00",BALDHWF1,70.57
D,DISPATCH,UNIT_SCADA,1,"2022/10/20 14:20:00",BANGOWF1,30.398410
D,DISPATCH,UNIT_SCADA,1,"2022/10/20 14:20:00",BANGOWF2,0
D,DISPATCH,UNIT_SCADA,1,"2022/10/20 14:20:00",BANN1,48.03
D,DISPATCH,UNIT_SCADA,1,"2022/10/20 14:20:00",BARCALDN,0
D,DISPATCH,UNIT_SCADA,1,"2022/10/20 14:20:00",BARKIPS1,0
D,DISPATCH,UNIT_SCADA,1,"2022/10/20 14:20:00",BARRON-1,4.36
D,DISPATCH,UNIT_SCADA,1,"2022/10/20 14:20:00",BARRON-2,0
D,DISPATCH,UNIT_SCADA,1,"2022/10/20 14:20:00",BASTYAN,51.12
D,DISPATCH,UNIT_SCADA,1,"2022/10/20 14:20:00",BBTHREE1,0
D,DISPATCH,UNIT_SCADA,1,"2022/10/20 14:20:00",BBTHREE2,21.60
D,DISPATCH,UNIT_SCADA,1,"2022/10/20 14:20:00",BBTHREE3,-1.08
D,DISPATCH,UNIT_SCADA,1,"2022/10/20 14:20:00",BDL01,0
D,DISPATCH,UNIT_SCADA,1,"2022/10/20 14:20:00",BDL02,0
D,DISPATCH,UNIT_SCADA,1,"2022/10/20 14:20:00",BERYLSF1,0.200460
D,DISPATCH,UNIT_SCADA,1,"2022/10/20 14:20:00",BLOWERNG,62.60
D,DISPATCH,UNIT_SCADA,1,"2022/10/20 14:20:00",BLUEGSF1,41.412610
D,DISPATCH,UNIT_SCADA,1,"2022/10/20 14:20:00",BLUFF1,0
D,DISPATCH,UNIT_SCADA,1,"2022/10/20 14:20:00",BNGSF1,18.41
D,DISPATCH,UNIT_SCADA,1,"2022/10/20 14:20:00",BNGSF2,17.50
D,DISPATCH,UNIT_SCADA,1,"2022/10/20 14:20:00",BOCORWF1,40.64
D,DISPATCH,UNIT_SCADA,1,"2022/10/20 14:20:00",BODWF1,73.091490
D,DISPATCH,UNIT_SCADA,1,"2022/10/20 14:20:00",BOMENSF1,53.070270
D,DISPATCH,UNIT_SCADA,1,"2022/10/20 14:20:00",BOWWBA1G,0
D,DISPATCH,UNIT_SCADA,1,"2022/10/20 14:20:00",BOWWBA1L,0.0010
D,DISPATCH,UNIT_SCADA,1,"2022/10/20 14:20:00",BOWWPV1,0
D,DISPATCH,UNIT_SCADA,1,"2022/10/20 14:20:00",BRAEMAR1,0
D,DISPATCH,UNIT_SCADA,1,"2022/10/20 14:20:00",BRAEMAR2,0
D,DISPATCH,UNIT_SCADA,1,"2022/10/20 14:20:00",BRAEMAR3,0
D,DISPATCH,UNIT_SCADA,1,"2022/10/20 14:20:00",BRAEMAR5,0.292060
D,DISPATCH,UNIT_SCADA,1,"2022/10/20 14:20:00",BRAEMAR6,0
D,DISPATCH,UNIT_SCADA,1,"2022/10/20 14:20:00",BRAEMAR7,0.130920
D,DISPATCH,UNIT_SCADA,1,"2022/10/20 14:20:00",BROKENH1,42.699350
D,DISPATCH,UNIT_SCADA,1,"2022/10/20 14:20:00",BRYB1WF1,92.784010
D,DISPATCH,UNIT_SCADA,1,"2022/10/20 14:20:00",BULBESG1,0
D,DISPATCH,UNIT_SCADA,1,"2022/10/20 14:20:00",BULBESL1,1.99
D,DISPATCH,UNIT_SCADA,1,"2022/10/20 14:20:00",BULGANA1,12.40
D,DISPATCH,UNIT_SCADA,1,"2022/10/20 14:20:00",BW01,660.105290
D,DISPATCH,UNIT_SCADA,1,"2022/10/20 14:20:00",BW02,617.965940
D,DISPATCH,UNIT_SCADA,1,"2022/10/20 14:20:00",BW03,529.927490
D,DISPATCH,UNIT_SCADA,1,"2022/10/20 14:20:00",BW04,0
D,DISPATCH,UNIT_SCADA,1,"2022/10/20 14:20:00",CALL_B_1,320.200010
D,DISPATCH,UNIT_SCADA,1,"2022/10/20 14:20:00",CALL_B_2,321.800020
D,DISPATCH,UNIT_SCADA,1,"2022/10/20 14:20:00",CATHROCK,9.50
D,DISPATCH,UNIT_SCADA,1,"2022/10/20 14:20:00",CBWWBA1G,0
D,DISPATCH,UNIT_SCADA,1,"2022/10/20 14:20:00",CBWWBA1L,0
D,DISPATCH,UNIT_SCADA,1,"2022/10/20 14:20:00",CETHANA,86.748370
D,DISPATCH,UNIT_SCADA,1,"2022/10/20 14:20:00",CG1,0
D,DISPATCH,UNIT_SCADA,1,"2022/10/20 14:20:00",CG2,0
D,DISPATCH,UNIT_SCADA,1,"2022/10/20 14:20:00",CG3,0
D,DISPATCH,UNIT_SCADA,1,"2022/10/20 14:20:00",CG4,0
D,DISPATCH,UNIT_SCADA,1,"2022/10/20 14:20:00",CHILDSF1,17.64
D,DISPATCH,UNIT_SCADA,1,"2022/10/20 14:20:00",CHYTWF1,8.18
D,DISPATCH,UNIT_SCADA,1,"2022/10/20 14:20:00",CLARESF1,97.165310
D,DISPATCH,UNIT_SCADA,1,"2022/10/20 14:20:00",CLEMGPWF,10.661180
D,DISPATCH,UNIT_SCADA,1,"2022/10/20 14:20:00",CLERMSF1,52.61
D,DISPATCH,UNIT_SCADA,1,"2022/10/20 14:20:00",CNUNDAWF,9.611210
D,DISPATCH,UNIT_SCADA,1,"2022/10/20 14:20:00",COHUNSF1,6.84
D,DISPATCH,UNIT_SCADA,1,"2022/10/20 14:20:00",COLEASF1,24.702450
D,DISPATCH,UNIT_SCADA,1,"2022/10/20 14:20:00",COLUMSF1,20.1930
D,DISPATCH,UNIT_SCADA,1,"2022/10/20 14:20:00",COLWF01,104.8539
D,DISPATCH,UNIT_SCADA,1,"2022/10/20 14:20:00",COOPGWF1,53.64
D,DISPATCH,UNIT_SCADA,1,"2022/10/20 14:20:00",CPP_3,387.200010
D,DISPATCH,UNIT_SCADA,1,"2022/10/20 14:20:00",CPP_4,0
D,DISPATCH,UNIT_SCADA,1,"2022/10/20 14:20:00",CPSA,0
D,DISPATCH,UNIT_SCADA,1,"2022/10/20 14:20:00",CROOKWF2,41.605250
D,DISPATCH,UNIT_SCADA,1,"2022/10/20 14:20:00",CROWLWF1,12.920830
D,DISPATCH,UNIT_SCADA,1,"2022/10/20 14:20:00",CRURWF1,34.996030
D,DISPATCH,UNIT_SCADA,1,"2022/10/20 14:20:00",CRWASF1,11.039230
D,DISPATCH,UNIT_SCADA,1,"2022/10/20 14:20:00",CSPVPS1,14.0460
D,DISPATCH,UNIT_SCADA,1,"2022/10/20 14:20:00",CTHLWF1,0.003050
D,DISPATCH,UNIT_SCADA,1,"2022/10/20 14:20:00",DALNTH01,0
D,DISPATCH,UNIT_SCADA,1,"2022/10/20 14:20:00",DALNTHL1,0.077820
D,DISPATCH,UNIT_SCADA,1,"2022/10/20 14:20:00",DARLSF1,75.195790
D,DISPATCH,UNIT_SCADA,1,"2022/10/20 14:20:00",DARTM1,0
D,DISPATCH,UNIT_SCADA,1,"2022/10/20 14:20:00",DAYDSF1,40.1760
D,DISPATCH,UNIT_SCADA,1,"2022/10/20 14:20:00",DDPS1,0
D,DISPATCH,UNIT_SCADA,1,"2022/10/20 14:20:00",DDSF1,38.504450
D,DISPATCH,UNIT_SCADA,1,"2022/10/20 14:20:00",DEVILS_G,62.152770
D,DISPATCH,UNIT_SCADA,1,"2022/10/20 14:20:00",DG_NSW1,0
D,DISPATCH,UNIT_SCADA,1,"2022/10/20 14:20:00",DG_QLD1,0
D,DISPATCH,UNIT_SCADA,1,"2022/10/20 14:20:00",DG_SA1,0
D,DISPATCH,UNIT_SCADA,1,"2022/10/20 14:20:00",DG_TAS1,0
D,DISPATCH,UNIT_SCADA,1,"2022/10/20 14:20:00",DG_VIC1,0
D,DISPATCH,UNIT_SCADA,1,"2022/10/20 14:20:00",DRYCGT1,0
D,DISPATCH,UNIT_SCADA,1,"2022/10/20 14:20:00",DRYCGT2,0
D,DISPATCH,UNIT_SCADA,1,"2022/10/20 14:20:00",DRYCGT3,0
D,DISPATCH,UNIT_SCADA,1,"2022/10/20 14:20:00",DUNDWF1,55.73
D,DISPATCH,UNIT_SCADA,1,"2022/10/20 14:20:00",DUNDWF2,14.12
D,DISPATCH,UNIT_SCADA,1,"2022/10/20 14:20:00",DUNDWF3,52.30
D,DISPATCH,UNIT_SCADA,1,"2022/10/20 14:20:00",EILDON1,60.12
D,DISPATCH,UNIT_SCADA,1,"2022/10/20 14:20:00",EILDON2,60.08
D,DISPATCH,UNIT_SCADA,1,"2022/10/20 14:20:00",ELAINWF1,24.50
D,DISPATCH,UNIT_SCADA,1,"2022/10/20 14:20:00",EMERASF1,0
D,DISPATCH,UNIT_SCADA,1,"2022/10/20 14:20:00",ER01,0
D,DISPATCH,UNIT_SCADA,1,"2022/10/20 14:20:00",ER02,469.355320
D,DISPATCH,UNIT_SCADA,1,"2022/10/20 14:20:00",ER03,501.899750
D,DISPATCH,UNIT_SCADA,1,"2022/10/20 14:20:00",ER04,500.971980
D,DISPATCH,UNIT_SCADA,1,"2022/10/20 14:20:00",FINLYSF1,114.579990
D,DISPATCH,UNIT_SCADA,1,"2022/10/20 14:20:00",FISHER,43.87
D,DISPATCH,UNIT_SCADA,1,"2022/10/20 14:20:00",GANGARR1,15.1980
D,DISPATCH,UNIT_SCADA,1,"2022/10/20 14:20:00",GANNBG1,0
D,DISPATCH,UNIT_SCADA,1,"2022/10/20 14:20:00",GANNBL1,3.197980
D,DISPATCH,UNIT_SCADA,1,"2022/10/20 14:20:00",GANNSF1,29.20
D,DISPATCH,UNIT_SCADA,1,"2022/10/20 14:20:00",GLRWNSF1,92.56
D,DISPATCH,UNIT_SCADA,1,"2022/10/20 14:20:00",GNNDHSF1,32.919430
D,DISPATCH,UNIT_SCADA,1,"2022/10/20 14:20:00",GOONSF1,42.726480
D,DISPATCH,UNIT_SCADA,1,"2022/10/20 14:20:00",GORDON,208.914890
D,DISPATCH,UNIT_SCADA,1,"2022/10/20 14:20:00",GRANWF1,0
D,DISPATCH,UNIT_SCADA,1,"2022/10/20 14:20:00",GSTONE1,201.774990
D,DISPATCH,UNIT_SCADA,1,"2022/10/20 14:20:00",GSTONE2,0
D,DISPATCH,UNIT_SCADA,1,"2022/10/20 14:20:00",GSTONE3,199.849990
D,DISPATCH,UNIT_SCADA,1,"2022/10/20 14:20:00",GSTONE4,0
D,DISPATCH,UNIT_SCADA,1,"2022/10/20 14:20:00",GSTONE5,186.20
D,DISPATCH,UNIT_SCADA,1,"2022/10/20 14:20:00",GSTONE6,200.899990
D,DISPATCH,UNIT_SCADA,1,"2022/10/20 14:20:00",GULLRSF1,0.814990
D,DISPATCH,UNIT_SCADA,1,"2022/10/20 14:20:00",GULLRWF1,53.724190
D,DISPATCH,UNIT_SCADA,1,"2022/10/20 14:20:00",GULLRWF2,54.6732
D,DISPATCH,UNIT_SCADA,1,"2022/10/20 14:20:00",GUNNING1,0
D,DISPATCH,UNIT_SCADA,1,"2022/10/20 14:20:00",GUTHEGA,63.80
D,DISPATCH,UNIT_SCADA,1,"2022/10/20 14:20:00",HALLWF1,0
D,DISPATCH,UNIT_SCADA,1,"2022/10/20 14:20:00",HALLWF2,0.36
D,DISPATCH,UNIT_SCADA,1,"2022/10/20 14:20:00",HAMISF1,17.30
D,DISPATCH,UNIT_SCADA,1,"2022/10/20 14:20:00",HAUGHT11,93.792210
D,DISPATCH,UNIT_SCADA,1,"2022/10/20 14:20:00",HAYMSF1,13.0840
D,DISPATCH,UNIT_SCADA,1,"2022/10/20 14:20:00",HDWF1,4.40
D,DISPATCH,UNIT_SCADA,1,"2022/10/20 14:20:00",HDWF2,5.10
D,DISPATCH,UNIT_SCADA,1,"2022/10/20 14:20:00",HDWF3,6.90
D,DISPATCH,UNIT_SCADA,1,"2022/10/20 14:20:00",HILLSTN1,39.237630
D,DISPATCH,UNIT_SCADA,1,"2022/10/20 14:20:00",HPRG1,0
D,DISPATCH,UNIT_SCADA,1,"2022/10/20 14:20:00",HPRL1,9.90
D,DISPATCH,UNIT_SCADA,1,"2022/10/20 14:20:00",HUMENSW,55.019710
D,DISPATCH,UNIT_SCADA,1,"2022/10/20 14:20:00",HUMEV,0
D,DISPATCH,UNIT_SCADA,1,"2022/10/20 14:20:00",HVWWBA1G,0
D,DISPATCH,UNIT_SCADA,1,"2022/10/20 14:20:00",HVWWBA1L,0.0070
D,DISPATCH,UNIT_SCADA,1,"2022/10/20 14:20:00",HVWWPV1,4.8010
D,DISPATCH,UNIT_SCADA,1,"2022/10/20 14:20:00",JBUTTERS,0
D,DISPATCH,UNIT_SCADA,1,"2022/10/20 14:20:00",JEMALNG1,19.66
D,DISPATCH,UNIT_SCADA,1,"2022/10/20 14:20:00",JLA01,0
D,DISPATCH,UNIT_SCADA,1,"2022/10/20 14:20:00",JLA02,0
D,DISPATCH,UNIT_SCADA,1,"2022/10/20 14:20:00",JLA03,0
D,DISPATCH,UNIT_SCADA,1,"2022/10/20 14:20:00",JLA04,0
D,DISPATCH,UNIT_SCADA,1,"2022/10/20 14:20:00",JLB01,0
D,DISPATCH,UNIT_SCADA,1,"2022/10/20 14:20:00",JLB02,0.10
D,DISPATCH,UNIT_SCADA,1,"2022/10/20 14:20:00",JLB03,0
D,DISPATCH,UNIT_SCADA,1,"2022/10/20 14:20:00",JUNEESF1,15.177220
D,DISPATCH,UNIT_SCADA,1,"2022/10/20 14:20:00",KABANWF1,0
D,DISPATCH,UNIT_SCADA,1,"2022/10/20 14:20:00",KAREEYA1,0
D,DISPATCH,UNIT_SCADA,1,"2022/10/20 14:20:00",KAREEYA2,0
D,DISPATCH,UNIT_SCADA,1,"2022/10/20 14:20:00",KAREEYA3,4.9950
D,DISPATCH,UNIT_SCADA,1,"2022/10/20 14:20:00",KAREEYA4,0
D,DISPATCH,UNIT_SCADA,1,"2022/10/20 14:20:00",KARSF1,56.90
D,DISPATCH,UNIT_SCADA,1,"2022/10/20 14:20:00",KEPSF1,11.98
D,DISPATCH,UNIT_SCADA,1,"2022/10/20 14:20:00",KEPWF1,7.94
D,DISPATCH,UNIT_SCADA,1,"2022/10/20 14:20:00",KIAMSF1,28.530560
D,DISPATCH,UNIT_SCADA,1,"2022/10/20 14:20:00",KIATAWF1,14.50
D,DISPATCH,UNIT_SCADA,1,"2022/10/20 14:20:00",KPP_1,0
D,DISPATCH,UNIT_SCADA,1,"2022/10/20 14:20:00",KSP1,28.21
D,DISPATCH,UNIT_SCADA,1,"2022/10/20 14:20:00",LADBROK1,0.01
D,DISPATCH,UNIT_SCADA,1,"2022/10/20 14:20:00",LADBROK2,0.02
D,DISPATCH,UNIT_SCADA,1,"2022/10/20 14:20:00",LBBG1,0
D,DISPATCH,UNIT_SCADA,1,"2022/10/20 14:20:00",LBBL1,0.30
D,DISPATCH,UNIT_SCADA,1,"2022/10/20 14:20:00",LD01,278.731660
D,DISPATCH,UNIT_SCADA,1,"2022/10/20 14:20:00",LD02,0
D,DISPATCH,UNIT_SCADA,1,"2022/10/20 14:20:00",LD04,276.094850
D,DISPATCH,UNIT_SCADA,1,"2022/10/20 14:20:00",LEM_WIL,78.863780
D,DISPATCH,UNIT_SCADA,1,"2022/10/20 14:20:00",LGAPWF1,57.76
D,DISPATCH,UNIT_SCADA,1,"2022/10/20 14:20:00",LGAPWF2,36.14
D,DISPATCH,UNIT_SCADA,1,"2022/10/20 14:20:00",LILYSF1,64.225270
D,DISPATCH,UNIT_SCADA,1,"2022/10/20 14:20:00",LIMOSF11,63.834740
D,DISPATCH,UNIT_SCADA,1,"2022/10/20 14:20:00",LIMOSF21,10.314950
D,DISPATCH,UNIT_SCADA,1,"2022/10/20 14:20:00",LI_WY_CA,61.710960
D,DISPATCH,UNIT_SCADA,1,"2022/10/20 14:20:00",LKBONNY1,0
D,DISPATCH,UNIT_SCADA,1,"2022/10/20 14:20:00",LKBONNY2,17.002250
D,DISPATCH,UNIT_SCADA,1,"2022/10/20 14:20:00",LKBONNY3,1.395550
D,DISPATCH,UNIT_SCADA,1,"2022/10/20 14:20:00",LK_ECHO,0
D,DISPATCH,UNIT_SCADA,1,"2022/10/20 14:20:00",LNGS1,0
D,DISPATCH,UNIT_SCADA,1,"2022/10/20 14:20:00",LNGS2,0
D,DISPATCH,UNIT_SCADA,1,"2022/10/20 14:20:00",LONSDALE,0
D,DISPATCH,UNIT_SCADA,1,"2022/10/20 14:20:00",LOYYB1,440.973420
D,DISPATCH,UNIT_SCADA,1,"2022/10/20 14:20:00",LOYYB2,465.410130
D,DISPATCH,UNIT_SCADA,1,"2022/10/20 14:20:00",LYA1,414
D,DISPATCH,UNIT_SCADA,1,"2022/10/20 14:20:00",LYA2,0
D,DISPATCH,UNIT_SCADA,1,"2022/10/20 14:20:00",LYA3,425
D,DISPATCH,UNIT_SCADA,1,"2022/10/20 14:20:00",LYA4,420
D,DISPATCH,UNIT_SCADA,1,"2022/10/20 14:20:00",MACARTH1,53.298770
D,DISPATCH,UNIT_SCADA,1,"2022/10/20 14:20:00",MACKNTSH,0
D,DISPATCH,UNIT_SCADA,1,"2022/10/20 14:20:00",MANSLR1,26.7470
D,DISPATCH,UNIT_SCADA,1,"2022/10/20 14:20:00",MAPS2PV1,0
D,DISPATCH,UNIT_SCADA,1,"2022/10/20 14:20:00",MAPS3PV1,0
D,DISPATCH,UNIT_SCADA,1,"2022/10/20 14:20:00",MARYRSF1,16.65
D,DISPATCH,UNIT_SCADA,1,"2022/10/20 14:20:00",MBPS2PV1,0
D,DISPATCH,UNIT_SCADA,1,"2022/10/20 14:20:00",MCKAY1,0.02
D,DISPATCH,UNIT_SCADA,1,"2022/10/20 14:20:00",MEADOWBK,5.801740
D,DISPATCH,UNIT_SCADA,1,"2022/10/20 14:20:00",MERCER01,28.10
D,DISPATCH,UNIT_SCADA,1,"2022/10/20 14:20:00",METZSF1,19.207030
D,DISPATCH,UNIT_SCADA,1,"2022/10/20 14:20:00",MEWF1,5.057540
D,DISPATCH,UNIT_SCADA,1,"2022/10/20 14:20:00",MIDDLSF1,7.34
D,DISPATCH,UNIT_SCADA,1,"2022/10/20 14:20:00",MINTARO,0.128180
D,DISPATCH,UNIT_SCADA,1,"2022/10/20 14:20:00",MOLNGSF1,22.987410
D,DISPATCH,UNIT_SCADA,1,"2022/10/20 14:20:00",MOORAWF1,47.17
D,DISPATCH,UNIT_SCADA,1,"2022/10/20 14:20:00",MOREESF1,39.6820
D,DISPATCH,UNIT_SCADA,1,"2022/10/20 14:20:00",MORTLK11,0
D,DISPATCH,UNIT_SCADA,1,"2022/10/20 14:20:00",MORTLK12,0
D,DISPATCH,UNIT_SCADA,1,"2022/10/20 14:20:00",MOUSF1,0
D,DISPATCH,UNIT_SCADA,1,"2022/10/20 14:20:00",MP1,0
D,DISPATCH,UNIT_SCADA,1,"2022/10/20 14:20:00",MP2,361.467930
D,DISPATCH,UNIT_SCADA,1,"2022/10/20 14:20:00",MPP_1,171.758680
D,DISPATCH,UNIT_SCADA,1,"2022/10/20 14:20:00",MPP_2,181.356780
D,DISPATCH,UNIT_SCADA,1,"2022/10/20 14:20:00",MRTLSWF1,0
D,DISPATCH,UNIT_SCADA,1,"2022/10/20 14:20:00",MSTUART1,0
D,DISPATCH,UNIT_SCADA,1,"2022/10/20 14:20:00",MSTUART2,0
D,DISPATCH,UNIT_SCADA,1,"2022/10/20 14:20:00",MSTUART3,0
D,DISPATCH,UNIT_SCADA,1,"2022/10/20 14:20:00",MTGELWF1,36.681720
D,DISPATCH,UNIT_SCADA,1,"2022/10/20 14:20:00",MTMILLAR,11
D,DISPATCH,UNIT_SCADA,1,"2022/10/20 14:20:00",MURRAY,0
D,DISPATCH,UNIT_SCADA,1,"2022/10/20 14:20:00",MUSSELR1,4.40
D,DISPATCH,UNIT_SCADA,1,"2022/10/20 14:20:00",MUWAWF1,25.26
D,DISPATCH,UNIT_SCADA,1,"2022/10/20 14:20:00",MUWAWF2,29.80
D,DISPATCH,UNIT_SCADA,1,"2022/10/20 14:20:00",MWPS1PV1,4.57
D,DISPATCH,UNIT_SCADA,1,"2022/10/20 14:20:00",MWPS2PV1,4.03
D,DISPATCH,UNIT_SCADA,1,"2022/10/20 14:20:00",MWPS3PV1,0.43
D,DISPATCH,UNIT_SCADA,1,"2022/10/20 14:20:00",MWPS4PV1,1.19
D,DISPATCH,UNIT_SCADA,1,"2022/10/20 14:20:00",NBHWF1,0
D,DISPATCH,UNIT_SCADA,1,"2022/10/20 14:20:00",NEVERSF1,2.92
D,DISPATCH,UNIT_SCADA,1,"2022/10/20 14:20:00",NPS,0
D,DISPATCH,UNIT_SCADA,1,"2022/10/20 14:20:00",NUMURSF1,60.30
D,DISPATCH,UNIT_SCADA,1,"2022/10/20 14:20:00",NYNGAN1,0
D,DISPATCH,UNIT_SCADA,1,"2022/10/20 14:20:00",OAKEY1,0
D,DISPATCH,UNIT_SCADA,1,"2022/10/20 14:20:00",OAKEY1SF,5.71
D,DISPATCH,UNIT_SCADA,1,"2022/10/20 14:20:00",OAKEY2,0
D,DISPATCH,UNIT_SCADA,1,"2022/10/20 14:20:00",OAKEY2SF,13.73
D,DISPATCH,UNIT_SCADA,1,"2022/10/20 14:20:00",OAKLAND1,11.50
D,DISPATCH,UNIT_SCADA,1,"2022/10/20 14:20:00",OSB-AG,0
D,DISPATCH,UNIT_SCADA,1,"2022/10/20 14:20:00",PAREPS1,0
D,DISPATCH,UNIT_SCADA,1,"2022/10/20 14:20:00",PAREPW1,71.48
D,DISPATCH,UNIT_SCADA,1,"2022/10/20 14:20:00",PARSF1,30.299840
D,DISPATCH,UNIT_SCADA,1,"2022/10/20 14:20:00",POAT110,0
D,DISPATCH,UNIT_SCADA,1,"2022/10/20 14:20:00",POAT220,0
D,DISPATCH,UNIT_SCADA,1,"2022/10/20 14:20:00",POR01,0
D,DISPATCH,UNIT_SCADA,1,"2022/10/20 14:20:00",POR03,0
D,DISPATCH,UNIT_SCADA,1,"2022/10/20 14:20:00",PPCCGT,31.278080
D,DISPATCH,UNIT_SCADA,1,"2022/10/20 14:20:00",PTSTAN1,0
D,DISPATCH,UNIT_SCADA,1,"2022/10/20 14:20:00",PUMP1,0
D,DISPATCH,UNIT_SCADA,1,"2022/10/20 14:20:00",PUMP2,0
D,DISPATCH,UNIT_SCADA,1,"2022/10/20 14:20:00",QBYNBG1,0
D,DISPATCH,UNIT_SCADA,1,"2022/10/20 14:20:00",QBYNBL1,1.273480
D,DISPATCH,UNIT_SCADA,1,"2022/10/20 14:20:00",QPS1,0
D,DISPATCH,UNIT_SCADA,1,"2022/10/20 14:20:00",QPS2,0
D,DISPATCH,UNIT_SCADA,1,"2022/10/20 14:20:00",QPS3,0
D,DISPATCH,UNIT_SCADA,1,"2022/10/20 14:20:00",QPS4,0
D,DISPATCH,UNIT_SCADA,1,"2022/10/20 14:20:00",QPS5,73.30
D,DISPATCH,UNIT_SCADA,1,"2022/10/20 14:20:00",REECE1,0
D,DISPATCH,UNIT_SCADA,1,"2022/10/20 14:20:00",REECE2,0
D,DISPATCH,UNIT_SCADA,1,"2022/10/20 14:20:00",ROMA_7,0
D,DISPATCH,UNIT_SCADA,1,"2022/10/20 14:20:00",ROMA_8,0
D,DISPATCH,UNIT_SCADA,1,"2022/10/20 14:20:00",RRSF1,33.8404
D,DISPATCH,UNIT_SCADA,1,"2022/10/20 14:20:00",RT_NSW1,0
D,DISPATCH,UNIT_SCADA,1,"2022/10/20 14:20:00",RT_NSW2,0
D,DISPATCH,UNIT_SCADA,1,"2022/10/20 14:20:00",RT_NSW3,0
D,DISPATCH,UNIT_SCADA,1,"2022/10/20 14:20:00",RT_NSW4,0
D,DISPATCH,UNIT_SCADA,1,"2022/10/20 14:20:00",RT_NSW5,0
D,DISPATCH,UNIT_SCADA,1,"2022/10/20 14:20:00",RT_NSW6,0
D,DISPATCH,UNIT_SCADA,1,"2022/10/20 14:20:00",RT_QLD1,0
D,DISPATCH,UNIT_SCADA,1,"2022/10/20 14:20:00",RT_SA1,0
D,DISPATCH,UNIT_SCADA,1,"2022/10/20 14:20:00",RT_SA2,0
D,DISPATCH,UNIT_SCADA,1,"2022/10/20 14:20:00",RT_SA3,0
D,DISPATCH,UNIT_SCADA,1,"2022/10/20 14:20:00",RT_SA4,0
D,DISPATCH,UNIT_SCADA,1,"2022/10/20 14:20:00",RT_SA5,0
D,DISPATCH,UNIT_SCADA,1,"2022/10/20 14:20:00",RT_SA6,0
D,DISPATCH,UNIT_SCADA,1,"2022/10/20 14:20:00",RT_TAS1,0
D,DISPATCH,UNIT_SCADA,1,"2022/10/20 14:20:00",RT_VIC1,0
D,DISPATCH,UNIT_SCADA,1,"2022/10/20 14:20:00",RT_VIC10,0
D,DISPATCH,UNIT_SCADA,1,"2022/10/20 14:20:00",RT_VIC11,0
D,DISPATCH,UNIT_SCADA,1,"2022/10/20 14:20:00",RT_VIC12,0
D,DISPATCH,UNIT_SCADA,1,"2022/10/20 14:20:00",RT_VIC2,0
D,DISPATCH,UNIT_SCADA,1,"2022/10/20 14:20:00",RT_VIC3,0
D,DISPATCH,UNIT_SCADA,1,"2022/10/20 14:20:00",RT_VIC4,0
D,DISPATCH,UNIT_SCADA,1,"2022/10/20 14:20:00",RT_VIC5,0
D,DISPATCH,UNIT_SCADA,1,"2022/10/20 14:20:00",RT_VIC6,0
D,DISPATCH,UNIT_SCADA,1,"2022/10/20 14:20:00",RT_VIC7,0
D,DISPATCH,UNIT_SCADA,1,"2022/10/20 14:20:00",RT_VIC8,0
D,DISPATCH,UNIT_SCADA,1,"2022/10/20 14:20:00",RT_VIC9,0
D,DISPATCH,UNIT_SCADA,1,"2022/10/20 14:20:00",RUGBYR1,0.0449
D,DISPATCH,UNIT_SCADA,1,"2022/10/20 14:20:00",SALTCRK1,16
D,DISPATCH,UNIT_SCADA,1,"2022/10/20 14:20:00",SAPHWF1,15.330740
D,DISPATCH,UNIT_SCADA,1,"2022/10/20 14:20:00",SEBSF1,0.152660
D,DISPATCH,UNIT_SCADA,1,"2022/10/20 14:20:00",SHGEN,0
D,DISPATCH,UNIT_SCADA,1,"2022/10/20 14:20:00",SHPUMP,0
D,DISPATCH,UNIT_SCADA,1,"2022/10/20 14:20:00",SITHE01,0.123710
D,DISPATCH,UNIT_SCADA,1,"2022/10/20 14:20:00",SMCSF1,52.3370
D,DISPATCH,UNIT_SCADA,1,"2022/10/20 14:20:00",SNAPPER1,0
D,DISPATCH,UNIT_SCADA,1,"2022/10/20 14:20:00",SNOWNTH1,26.50
D,DISPATCH,UNIT_SCADA,1,"2022/10/20 14:20:00",SNOWSTH1,12.40
D,DISPATCH,UNIT_SCADA,1,"2022/10/20 14:20:00",SNOWTWN1,20.581050
D,DISPATCH,UNIT_SCADA,1,"2022/10/20 14:20:00",SNOWYP,0
D,DISPATCH,UNIT_SCADA,1,"2022/10/20 14:20:00",SNUG1,0
D,DISPATCH,UNIT_SCADA,1,"2022/10/20 14:20:00",SRSF1,7.46
D,DISPATCH,UNIT_SCADA,1,"2022/10/20 14:20:00",STAN-1,340.004970
D,DISPATCH,UNIT_SCADA,1,"2022/10/20 14:20:00",STAN-2,361.705510
D,DISPATCH,UNIT_SCADA,1,"2022/10/20 14:20:00",STAN-3,157.953750
D,DISPATCH,UNIT_SCADA,1,"2022/10/20 14:20:00",STAN-4,359.616210
D,DISPATCH,UNIT_SCADA,1,"2022/10/20 14:20:00",STARHLWF,16.695130
D,DISPATCH,UNIT_SCADA,1,"2022/10/20 14:20:00",STOCKYD1,143.039990
D,DISPATCH,UNIT_SCADA,1,"2022/10/20 14:20:00",STWF1,0
D,DISPATCH,UNIT_SCADA,1,"2022/10/20 14:20:00",SUNRSF1,44.444950
D,DISPATCH,UNIT_SCADA,1,"2022/10/20 14:20:00",SUNTPSF1,25.297630
D,DISPATCH,UNIT_SCADA,1,"2022/10/20 14:20:00",SWAN_E,190.620640
D,DISPATCH,UNIT_SCADA,1,"2022/10/20 14:20:00",TALWA1,0
D,DISPATCH,UNIT_SCADA,1,"2022/10/20 14:20:00",TARALGA1,0
D,DISPATCH,UNIT_SCADA,1,"2022/10/20 14:20:00",TARONG#1,346.700010
D,DISPATCH,UNIT_SCADA,1,"2022/10/20 14:20:00",TARONG#2,345.800020
D,DISPATCH,UNIT_SCADA,1,"2022/10/20 14:20:00",TARONG#3,0.90
D,DISPATCH,UNIT_SCADA,1,"2022/10/20 14:20:00",TARONG#4,286
D,DISPATCH,UNIT_SCADA,1,"2022/10/20 14:20:00",TARRALEA,54
D,DISPATCH,UNIT_SCADA,1,"2022/10/20 14:20:00",TBSF1,0.10
D,DISPATCH,UNIT_SCADA,1,"2022/10/20 14:20:00",TNPS1,320.3125
D,DISPATCH,UNIT_SCADA,1,"2022/10/20 14:20:00",TORRB1,0
D,DISPATCH,UNIT_SCADA,1,"2022/10/20 14:20:00",TORRB2,41
D,DISPATCH,UNIT_SCADA,1,"2022/10/20 14:20:00",TORRB3,0
D,DISPATCH,UNIT_SCADA,1,"2022/10/20 14:20:00",TORRB4,0
D,DISPATCH,UNIT_SCADA,1,"2022/10/20 14:20:00",TREVALLN,100.4559
D,DISPATCH,UNIT_SCADA,1,"2022/10/20 14:20:00",TRIBUTE,0
D,DISPATCH,UNIT_SCADA,1,"2022/10/20 14:20:00",TUMUT3,0
D,DISPATCH,UNIT_SCADA,1,"2022/10/20 14:20:00",TUNGATIN,5.450020
D,DISPATCH,UNIT_SCADA,1,"2022/10/20 14:20:00",TVCC201,0
D,DISPATCH,UNIT_SCADA,1,"2022/10/20 14:20:00",TVPP104,0
D,DISPATCH,UNIT_SCADA,1,"2022/10/20 14:20:00",UPPTUMUT,0
D,DISPATCH,UNIT_SCADA,1,"2022/10/20 14:20:00",URANQ11,0
D,DISPATCH,UNIT_SCADA,1,"2022/10/20 14:20:00",URANQ12,0
D,DISPATCH,UNIT_SCADA,1,"2022/10/20 14:20:00",URANQ13,0
D,DISPATCH,UNIT_SCADA,1,"2022/10/20 14:20:00",URANQ14,0
D,DISPATCH,UNIT_SCADA,1,"2022/10/20 14:20:00",VBBG1,0
D,DISPATCH,UNIT_SCADA,1,"2022/10/20 14:20:00",VBBL1,38.30
D,DISPATCH,UNIT_SCADA,1,"2022/10/20 14:20:00",VP5,511.6123
D,DISPATCH,UNIT_SCADA,1,"2022/10/20 14:20:00",VP6,512.491210
D,DISPATCH,UNIT_SCADA,1,"2022/10/20 14:20:00",VPGS1,0
D,DISPATCH,UNIT_SCADA,1,"2022/10/20 14:20:00",VPGS2,0
D,DISPATCH,UNIT_SCADA,1,"2022/10/20 14:20:00",VPGS3,0
D,DISPATCH,UNIT_SCADA,1,"2022/10/20 14:20:00",VPGS4,0
D,DISPATCH,UNIT_SCADA,1,"2022/10/20 14:20:00",VPGS5,0
D,DISPATCH,UNIT_SCADA,1,"2022/10/20 14:20:00",VPGS6,0
D,DISPATCH,UNIT_SCADA,1,"2022/10/20 14:20:00",W/HOE#1,0
D,DISPATCH,UNIT_SCADA,1,"2022/10/20 14:20:00",W/HOE#2,0
D,DISPATCH,UNIT_SCADA,1,"2022/10/20 14:20:00",WAGGNSF1,0
D,DISPATCH,UNIT_SCADA,1,"2022/10/20 14:20:00",WALGRVG1,0.026990
D,DISPATCH,UNIT_SCADA,1,"2022/10/20 14:20:00",WALGRVL1,0
D,DISPATCH,UNIT_SCADA,1,"2022/10/20 14:20:00",WANDBG1,0
D,DISPATCH,UNIT_SCADA,1,"2022/10/20 14:20:00",WANDBL1,13.029850
D,DISPATCH,UNIT_SCADA,1,"2022/10/20 14:20:00",WARWSF1,3.93
D,DISPATCH,UNIT_SCADA,1,"2022/10/20 14:20:00",WARWSF2,5.21
D,DISPATCH,UNIT_SCADA,1,"2022/10/20 14:20:00",WATERLWF,3.20
D,DISPATCH,UNIT_SCADA,1,"2022/10/20 14:20:00",WDGPH1,140.051010
D,DISPATCH,UNIT_SCADA,1,"2022/10/20 14:20:00",WELLSF1,29.483480
D,DISPATCH,UNIT_SCADA,1,"2022/10/20 14:20:00",WEMENSF1,48.90
D,DISPATCH,UNIT_SCADA,1,"2022/10/20 14:20:00",WGWF1,5.80
D,DISPATCH,UNIT_SCADA,1,"2022/10/20 14:20:00",WHITSF1,17
D,DISPATCH,UNIT_SCADA,1,"2022/10/20 14:20:00",WINTSF1,46.90
D,DISPATCH,UNIT_SCADA,1,"2022/10/20 14:20:00",WKIEWA1,31.90
D,DISPATCH,UNIT_SCADA,1,"2022/10/20 14:20:00",WKIEWA2,14.10
D,DISPATCH,UNIT_SCADA,1,"2022/10/20 14:20:00",WOODLWN1,23.497920
D,DISPATCH,UNIT_SCADA,1,"2022/10/20 14:20:00",WOOLGSF1,22.138880
D,DISPATCH,UNIT_SCADA,1,"2022/10/20 14:20:00",WPWF,37.98
D,DISPATCH,UNIT_SCADA,1,"2022/10/20 14:20:00",WRSF1,3.320410
D,DISPATCH,UNIT_SCADA,1,"2022/10/20 14:20:00",WRWF1,0
D,DISPATCH,UNIT_SCADA,1,"2022/10/20 14:20:00",WSTWYSF1,1.354690
D,DISPATCH,UNIT_SCADA,1,"2022/10/20 14:20:00",YABULU,0
D,DISPATCH,UNIT_SCADA,1,"2022/10/20 14:20:00",YABULU2,0
D,DISPATCH,UNIT_SCADA,1,"2022/10/20 14:20:00",YARANSF1,56.27
D,DISPATCH,UNIT_SCADA,1,"2022/10/20 14:20:00",YARWUN_1,160.509990
D,DISPATCH,UNIT_SCADA,1,"2022/10/20 14:20:00",YATSF1,54.72
D,DISPATCH,UNIT_SCADA,1,"2022/10/20 14:20:00",YENDWF1,30.73
D,DISPATCH,UNIT_SCADA,1,"2022/10/20 14:20:00",YWPS1,286.212650
D,DISPATCH,UNIT_SCADA,1,"2022/10/20 14:20:00",YWPS2,275.435460
D,DISPATCH,UNIT_SCADA,1,"2022/10/20 14:20:00",YWPS3,293.335450
D,DISPATCH,UNIT_SCADA,1,"2022/10/20 14:20:00",YWPS4,0
C,"END OF REPORT",419
