C,NEMP.WORLD,DISPATCHSCADA,AEMO,PUBLIC,2022/10/20,18:00:10,0000000373271876,DISPATCHSCADA,0000000373271870
I,DISPATCH,UNIT_SCADA,1,SETTLEMENTDATE,DUID,SCADAVALUE
D,DISPATCH,UNIT_SCADA,1,"2022/10/20 18:05:00",BARCSF1,1.60
D,DISPATCH,UNIT_SCADA,1,"2022/10/20 18:05:00",BUTLERSG,8.699999
D,DISPATCH,UNIT_SCADA,1,"2022/10/20 18:05:00",CAPTL_WF,92.274841
D,DISPATCH,UNIT_SCADA,1,"2022/10/20 18:05:00",CHALLHWF,3.90
D,DISPATCH,UNIT_SCADA,1,"2022/10/20 18:05:00",CLOVER,12.95
D,DISPATCH,UNIT_SCADA,1,"2022/10/20 18:05:00",CLUNY,6.338750
D,DISPATCH,UNIT_SCADA,1,"2022/10/20 18:05:00",CULLRGWF,-0.04
D,DISPATCH,UNIT_SCADA,1,"2022/10/20 18:05:00",DIAPURWF1,1.40
D,DISPATCH,UNIT_SCADA,1,"2022/10/20 18:05:00",ERGT01,0
D,DISPATCH,UNIT_SCADA,1,"2022/10/20 18:05:00",GB01,0
D,DISPATCH,UNIT_SCADA,1,"2022/10/20 18:05:00",GERMCRK,19.799999
D,DISPATCH,UNIT_SCADA,1,"2022/10/20 18:05:00",GRIFSF1,1.600671
D,DISPATCH,UNIT_SCADA,1,"2022/10/20 18:05:00",HEZ1,0
D,DISPATCH,UNIT_SCADA,1,"2022/10/20 18:05:00",HUGSF1,0.8190
D,DISPATCH,UNIT_SCADA,1,"2022/10/20 18:05:00",KEPBG1,2.01
D,DISPATCH,UNIT_SCADA,1,"2022/10/20 18:05:00",LRSF1,1.4540
D,DISPATCH,UNIT_SCADA,1,"2022/10/20 18:05:00",MBAHNTH,43.649994
D,DISPATCH,UNIT_SCADA,1,"2022/10/20 18:05:00",MLSP1,0
D,DISPATCH,UNIT_SCADA,1,"2022/10/20 18:05:00",MLWF1,8.10
D,DISPATCH,UNIT_SCADA,1,"2022/10/20 18:05:00",PALOONA,31.099998
D,DISPATCH,UNIT_SCADA,1,"2022/10/20 18:05:00",PIONEER,39.700001
D,DISPATCH,UNIT_SCADA,1,"2022/10/20 18:05:00",PORTWF,28
D,DISPATCH,UNIT_SCADA,1,"2022/10/20 18:05:00",REPULSE,9.435569
D,DISPATCH,UNIT_SCADA,1,"2022/10/20 18:05:00",ROWALLAN,9.0028
D,DISPATCH,UNIT_SCADA,1,"2022/10/20 18:05:00",ROYALLA1,0
D,DISPATCH,UNIT_SCADA,1,"2022/10/20 18:05:00",RPCG,-1.80
D,DISPATCH,UNIT_SCADA,1,"2022/10/20 18:05:00",RUBICON,0
D,DISPATCH,UNIT_SCADA,1,"2022/10/20 18:05:00",WAUBRAWF,65.259003
D,DISPATCH,UNIT_SCADA,1,"2022/10/20 18:05:00",WOOLNTH1,96.519997
D,DISPATCH,UNIT_SCADA,1,"2022/10/20 18:05:00",YAMBUKWF,3.60
D,DISPATCH,UNIT_SCADA,1,"2022/10/20 18:05:00",YSWF1,1
D,DISPATCH,UNIT_SCADA,1,"2022/10/20 18:05:00",ADPBA1G,0.0080
D,DISPATCH,UNIT_SCADA,1,"2022/10/20 18:05:00",ADPBA1L,0
D,DISPATCH,UNIT_SCADA,1,"2022/10/20 18:05:00",ADPPV1,1.8360
D,DISPATCH,UNIT_SCADA,1,"2022/10/20 18:05:00",AGLHAL,30.6940
D,DISPATCH,UNIT_SCADA,1,"2022/10/20 18:05:00",AGLSOM,0
D,DISPATCH,UNIT_SCADA,1,"2022/10/20 18:05:00",ANGAST1,0
D,DISPATCH,UNIT_SCADA,1,"2022/10/20 18:05:00",ARWF1,67.60
D,DISPATCH,UNIT_SCADA,1,"2022/10/20 18:05:00",BALBG1,0
D,DISPATCH,UNIT_SCADA,1,"2022/10/20 18:05:00",BALBL1,0
D,DISPATCH,UNIT_SCADA,1,"2022/10/20 18:05:00",BALDHWF1,104.6360
D,DISPATCH,UNIT_SCADA,1,"2022/10/20 18:05:00",BANGOWF1,86.0975
D,DISPATCH,UNIT_SCADA,1,"2022/10/20 18:05:00",BANGOWF2,62.099870
D,DISPATCH,UNIT_SCADA,1,"2022/10/20 18:05:00",BANN1,7.12
D,DISPATCH,UNIT_SCADA,1,"2022/10/20 18:05:00",BARCALDN,0
D,DISPATCH,UNIT_SCADA,1,"2022/10/20 18:05:00",BARKIPS1,89.65
D,DISPATCH,UNIT_SCADA,1,"2022/10/20 18:05:00",BARRON-1,27.84
D,DISPATCH,UNIT_SCADA,1,"2022/10/20 18:05:00",BARRON-2,28.12
D,DISPATCH,UNIT_SCADA,1,"2022/10/20 18:05:00",BASTYAN,68.63
D,DISPATCH,UNIT_SCADA,1,"2022/10/20 18:05:00",BBTHREE1,0
D,DISPATCH,UNIT_SCADA,1,"2022/10/20 18:05:00",BBTHREE2,0
D,DISPATCH,UNIT_SCADA,1,"2022/10/20 18:05:00",BBTHREE3,-1.06
D,DISPATCH,UNIT_SCADA,1,"2022/10/20 18:05:00",BDL01,0
D,DISPATCH,UNIT_SCADA,1,"2022/10/20 18:05:00",BDL02,0
D,DISPATCH,UNIT_SCADA,1,"2022/10/20 18:05:00",BERYLSF1,1.331520
D,DISPATCH,UNIT_SCADA,1,"2022/10/20 18:05:00",BLOWERNG,62.70
D,DISPATCH,UNIT_SCADA,1,"2022/10/20 18:05:00",BLUEGSF1,0
D,DISPATCH,UNIT_SCADA,1,"2022/10/20 18:05:00",BLUFF1,4.30
D,DISPATCH,UNIT_SCADA,1,"2022/10/20 18:05:00",BNGSF1,44.25
D,DISPATCH,UNIT_SCADA,1,"2022/10/20 18:05:00",BNGSF2,40.73
D,DISPATCH,UNIT_SCADA,1,"2022/10/20 18:05:00",BOCORWF1,62.49
D,DISPATCH,UNIT_SCADA,1,"2022/10/20 18:05:00",BODWF1,97.820940
D,DISPATCH,UNIT_SCADA,1,"2022/10/20 18:05:00",BOMENSF1,2.400550
D,DISPATCH,UNIT_SCADA,1,"2022/10/20 18:05:00",BOWWBA1G,0
D,DISPATCH,UNIT_SCADA,1,"2022/10/20 18:05:00",BOWWBA1L,0.0010
D,DISPATCH,UNIT_SCADA,1,"2022/10/20 18:05:00",BOWWPV1,0.0010
D,DISPATCH,UNIT_SCADA,1,"2022/10/20 18:05:00",BRAEMAR1,0
D,DISPATCH,UNIT_SCADA,1,"2022/10/20 18:05:00",BRAEMAR2,0
D,DISPATCH,UNIT_SCADA,1,"2022/10/20 18:05:00",BRAEMAR3,0
D,DISPATCH,UNIT_SCADA,1,"2022/10/20 18:05:00",BRAEMAR5,145.606520
D,DISPATCH,UNIT_SCADA,1,"2022/10/20 18:05:00",BRAEMAR6,0
D,DISPATCH,UNIT_SCADA,1,"2022/10/20 18:05:00",BRAEMAR7,155.194110
D,DISPATCH,UNIT_SCADA,1,"2022/10/20 18:05:00",BROKENH1,4.399930
D,DISPATCH,UNIT_SCADA,1,"2022/10/20 18:05:00",BRYB1WF1,106.279090
D,DISPATCH,UNIT_SCADA,1,"2022/10/20 18:05:00",BULBESG1,0
D,DISPATCH,UNIT_SCADA,1,"2022/10/20 18:05:00",BULBESL1,0.03
D,DISPATCH,UNIT_SCADA,1,"2022/10/20 18:05:00",BULGANA1,69.26
D,DISPATCH,UNIT_SCADA,1,"2022/10/20 18:05:00",BW01,659.299620
D,DISPATCH,UNIT_SCADA,1,"2022/10/20 18:05:00",BW02,639.4751
D,DISPATCH,UNIT_SCADA,1,"2022/10/20 18:05:00",BW03,609.835940
D,DISPATCH,UNIT_SCADA,1,"2022/10/20 18:05:00",BW04,0
D,DISPATCH,UNIT_SCADA,1,"2022/10/20 18:05:00",CALL_B_1,322.300020
D,DISPATCH,UNIT_SCADA,1,"2022/10/20 18:05:00",CALL_B_2,323.200010
D,DISPATCH,UNIT_SCADA,1,"2022/10/20 18:05:00",CATHROCK,12.60
D,DISPATCH,UNIT_SCADA,1,"2022/10/20 18:05:00",CBWWBA1G,0
D,DISPATCH,UNIT_SCADA,1,"2022/10/20 18:05:00",CBWWBA1L,0
D,DISPATCH,UNIT_SCADA,1,"2022/10/20 18:05:00",CETHANA,97.166630
D,DISPATCH,UNIT_SCADA,1,"2022/10/20 18:05:00",CG1,0
D,DISPATCH,UNIT_SCADA,1,"2022/10/20 18:05:00",CG2,0
D,DISPATCH,UNIT_SCADA,1,"2022/10/20 18:05:00",CG3,0
D,DISPATCH,UNIT_SCADA,1,"2022/10/20 18:05:00",CG4,0
D,DISPATCH,UNIT_SCADA,1,"2022/10/20 18:05:00",CHILDSF1,0
D,DISPATCH,UNIT_SCADA,1,"2022/10/20 18:05:00",CHYTWF1,10.11
D,DISPATCH,UNIT_SCADA,1,"2022/10/20 18:05:00",CLARESF1,0
D,DISPATCH,UNIT_SCADA,1,"2022/10/20 18:05:00",CLEMGPWF,14.767170
D,DISPATCH,UNIT_SCADA,1,"2022/10/20 18:05:00",CLERMSF1,0
D,DISPATCH,UNIT_SCADA,1,"2022/10/20 18:05:00",CNUNDAWF,14.116470
D,DISPATCH,UNIT_SCADA,1,"2022/10/20 18:05:00",COHUNSF1,0.85
D,DISPATCH,UNIT_SCADA,1,"2022/10/20 18:05:00",COLEASF1,7.398720
D,DISPATCH,UNIT_SCADA,1,"2022/10/20 18:05:00",COLUMSF1,0
D,DISPATCH,UNIT_SCADA,1,"2022/10/20 18:05:00",COLWF01,136.446170
D,DISPATCH,UNIT_SCADA,1,"2022/10/20 18:05:00",COOPGWF1,346.320010
D,DISPATCH,UNIT_SCADA,1,"2022/10/20 18:05:00",CPP_3,373.175020
D,DISPATCH,UNIT_SCADA,1,"2022/10/20 18:05:00",CPP_4,0
D,DISPATCH,UNIT_SCADA,1,"2022/10/20 18:05:00",CPSA,0
D,DISPATCH,UNIT_SCADA,1,"2022/10/20 18:05:00",CROOKWF2,52.774850
D,DISPATCH,UNIT_SCADA,1,"2022/10/20 18:05:00",CROWLWF1,23.473150
D,DISPATCH,UNIT_SCADA,1,"2022/10/20 18:05:00",CRURWF1,73.897230
D,DISPATCH,UNIT_SCADA,1,"2022/10/20 18:05:00",CRWASF1,0.525760
D,DISPATCH,UNIT_SCADA,1,"2022/10/20 18:05:00",CSPVPS1,0.2090
D,DISPATCH,UNIT_SCADA,1,"2022/10/20 18:05:00",CTHLWF1,0.003050
D,DISPATCH,UNIT_SCADA,1,"2022/10/20 18:05:00",DALNTH01,0
D,DISPATCH,UNIT_SCADA,1,"2022/10/20 18:05:00",DALNTHL1,0.093080
D,DISPATCH,UNIT_SCADA,1,"2022/10/20 18:05:00",DARLSF1,11.483630
D,DISPATCH,UNIT_SCADA,1,"2022/10/20 18:05:00",DARTM1,0
D,DISPATCH,UNIT_SCADA,1,"2022/10/20 18:05:00",DAYDSF1,0
D,DISPATCH,UNIT_SCADA,1,"2022/10/20 18:05:00",DDPS1,0
D,DISPATCH,UNIT_SCADA,1,"2022/10/20 18:05:00",DDSF1,0
D,DISPATCH,UNIT_SCADA,1,"2022/10/20 18:05:00",DEVILS_G,59.218120
D,DISPATCH,UNIT_SCADA,1,"2022/10/20 18:05:00",DG_NSW1,0
D,DISPATCH,UNIT_SCADA,1,"2022/10/20 18:05:00",DG_QLD1,0
D,DISPATCH,UNIT_SCADA,1,"2022/10/20 18:05:00",DG_SA1,0
D,DISPATCH,UNIT_SCADA,1,"2022/10/20 18:05:00",DG_TAS1,0
D,DISPATCH,UNIT_SCADA,1,"2022/10/20 18:05:00",DG_VIC1,0
D,DISPATCH,UNIT_SCADA,1,"2022/10/20 18:05:00",DRYCGT1,0
D,DISPATCH,UNIT_SCADA,1,"2022/10/20 18:05:00",DRYCGT2,0
D,DISPATCH,UNIT_SCADA,1,"2022/10/20 18:05:00",DRYCGT3,0
D,DISPATCH,UNIT_SCADA,1,"2022/10/20 18:05:00",DUNDWF1,62.24
D,DISPATCH,UNIT_SCADA,1,"2022/10/20 18:05:00",DUNDWF2,12.22
D,DISPATCH,UNIT_SCADA,1,"2022/10/20 18:05:00",DUNDWF3,65.45
D,DISPATCH,UNIT_SCADA,1,"2022/10/20 18:05:00",EILDON1,59.88
D,DISPATCH,UNIT_SCADA,1,"2022/10/20 18:05:00",EILDON2,60.16
D,DISPATCH,UNIT_SCADA,1,"2022/10/20 18:05:00",ELAINWF1,16.95
D,DISPATCH,UNIT_SCADA,1,"2022/10/20 18:05:00",EMERASF1,0
D,DISPATCH,UNIT_SCADA,1,"2022/10/20 18:05:00",ER01,0
D,DISPATCH,UNIT_SCADA,1,"2022/10/20 18:05:00",ER02,504.5365
D,DISPATCH,UNIT_SCADA,1,"2022/10/20 18:05:00",ER03,639.279790
D,DISPATCH,UNIT_SCADA,1,"2022/10/20 18:05:00",ER04,699.314880
D,DISPATCH,UNIT_SCADA,1,"2022/10/20 18:05:00",FINLYSF1,4.068060
D,DISPATCH,UNIT_SCADA,1,"2022/10/20 18:05:00",FISHER,43.83
D,DISPATCH,UNIT_SCADA,1,"2022/10/20 18:05:00",GANGARR1,0
D,DISPATCH,UNIT_SCADA,1,"2022/10/20 18:05:00",GANNBG1,0.253020
D,DISPATCH,UNIT_SCADA,1,"2022/10/20 18:05:00",GANNBL1,0
D,DISPATCH,UNIT_SCADA,1,"2022/10/20 18:05:00",GANNSF1,1.90
D,DISPATCH,UNIT_SCADA,1,"2022/10/20 18:05:00",GLRWNSF1,4.84
D,DISPATCH,UNIT_SCADA,1,"2022/10/20 18:05:00",GNNDHSF1,0.621880
D,DISPATCH,UNIT_SCADA,1,"2022/10/20 18:05:00",GOONSF1,0.657970
D,DISPATCH,UNIT_SCADA,1,"2022/10/20 18:05:00",GORDON,262.346040
D,DISPATCH,UNIT_SCADA,1,"2022/10/20 18:05:00",GRANWF1,0
D,DISPATCH,UNIT_SCADA,1,"2022/10/20 18:05:00",GSTONE1,221.024990
D,DISPATCH,UNIT_SCADA,1,"2022/10/20 18:05:00",GSTONE2,0
D,DISPATCH,UNIT_SCADA,1,"2022/10/20 18:05:00",GSTONE3,202.474990
D,DISPATCH,UNIT_SCADA,1,"2022/10/20 18:05:00",GSTONE4,0
D,DISPATCH,UNIT_SCADA,1,"2022/10/20 18:05:00",GSTONE5,221.20
D,DISPATCH,UNIT_SCADA,1,"2022/10/20 18:05:00",GSTONE6,221.899990
D,DISPATCH,UNIT_SCADA,1,"2022/10/20 18:05:00",GULLRSF1,0
D,DISPATCH,UNIT_SCADA,1,"2022/10/20 18:05:00",GULLRWF1,102.673440
D,DISPATCH,UNIT_SCADA,1,"2022/10/20 18:05:00",GULLRWF2,92.556590
D,DISPATCH,UNIT_SCADA,1,"2022/10/20 18:05:00",GUNNING1,0
D,DISPATCH,UNIT_SCADA,1,"2022/10/20 18:05:00",GUTHEGA,68.40
D,DISPATCH,UNIT_SCADA,1,"2022/10/20 18:05:00",HALLWF1,2.60
D,DISPATCH,UNIT_SCADA,1,"2022/10/20 18:05:00",HALLWF2,3.88
D,DISPATCH,UNIT_SCADA,1,"2022/10/20 18:05:00",HAMISF1,0
D,DISPATCH,UNIT_SCADA,1,"2022/10/20 18:05:00",HAUGHT11,0
D,DISPATCH,UNIT_SCADA,1,"2022/10/20 18:05:00",HAYMSF1,0
D,DISPATCH,UNIT_SCADA,1,"2022/10/20 18:05:00",HDWF1,10.20
D,DISPATCH,UNIT_SCADA,1,"2022/10/20 18:05:00",HDWF2,12.50
D,DISPATCH,UNIT_SCADA,1,"2022/10/20 18:05:00",HDWF3,11.60
D,DISPATCH,UNIT_SCADA,1,"2022/10/20 18:05:00",HILLSTN1,0
D,DISPATCH,UNIT_SCADA,1,"2022/10/20 18:05:00",HPRG1,10.60
D,DISPATCH,UNIT_SCADA,1,"2022/10/20 18:05:00",HPRL1,0
D,DISPATCH,UNIT_SCADA,1,"2022/10/20 18:05:00",HUMENSW,55.284270
D,DISPATCH,UNIT_SCADA,1,"2022/10/20 18:05:00",HUMEV,0
D,DISPATCH,UNIT_SCADA,1,"2022/10/20 18:05:00",HVWWBA1G,0
D,DISPATCH,UNIT_SCADA,1,"2022/10/20 18:05:00",HVWWBA1L,0.0070
D,DISPATCH,UNIT_SCADA,1,"2022/10/20 18:05:00",HVWWPV1,1.2460
D,DISPATCH,UNIT_SCADA,1,"2022/10/20 18:05:00",JBUTTERS,0
D,DISPATCH,UNIT_SCADA,1,"2022/10/20 18:05:00",JEMALNG1,1.03
D,DISPATCH,UNIT_SCADA,1,"2022/10/20 18:05:00",JLA01,0
D,DISPATCH,UNIT_SCADA,1,"2022/10/20 18:05:00",JLA02,0
D,DISPATCH,UNIT_SCADA,1,"2022/10/20 18:05:00",JLA03,0
D,DISPATCH,UNIT_SCADA,1,"2022/10/20 18:05:00",JLA04,0
D,DISPATCH,UNIT_SCADA,1,"2022/10/20 18:05:00",JLB01,0
D,DISPATCH,UNIT_SCADA,1,"2022/10/20 18:05:00",JLB02,0.10
D,DISPATCH,UNIT_SCADA,1,"2022/10/20 18:05:00",JLB03,0
D,DISPATCH,UNIT_SCADA,1,"2022/10/20 18:05:00",JUNEESF1,0.561020
D,DISPATCH,UNIT_SCADA,1,"2022/10/20 18:05:00",KABANWF1,0
D,DISPATCH,UNIT_SCADA,1,"2022/10/20 18:05:00",KAREEYA1,18.0625
D,DISPATCH,UNIT_SCADA,1,"2022/10/20 18:05:00",KAREEYA2,0
D,DISPATCH,UNIT_SCADA,1,"2022/10/20 18:05:00",KAREEYA3,21.6025
D,DISPATCH,UNIT_SCADA,1,"2022/10/20 18:05:00",KAREEYA4,0
D,DISPATCH,UNIT_SCADA,1,"2022/10/20 18:05:00",KARSF1,6.50
D,DISPATCH,UNIT_SCADA,1,"2022/10/20 18:05:00",KEPSF1,0.02
D,DISPATCH,UNIT_SCADA,1,"2022/10/20 18:05:00",KEPWF1,13.43
D,DISPATCH,UNIT_SCADA,1,"2022/10/20 18:05:00",KIAMSF1,0.591290
D,DISPATCH,UNIT_SCADA,1,"2022/10/20 18:05:00",KIATAWF1,7.20
D,DISPATCH,UNIT_SCADA,1,"2022/10/20 18:05:00",KPP_1,0
D,DISPATCH,UNIT_SCADA,1,"2022/10/20 18:05:00",KSP1,5.49
D,DISPATCH,UNIT_SCADA,1,"2022/10/20 18:05:00",LADBROK1,0.01
D,DISPATCH,UNIT_SCADA,1,"2022/10/20 18:05:00",LADBROK2,0.01
D,DISPATCH,UNIT_SCADA,1,"2022/10/20 18:05:00",LBBG1,3.45
D,DISPATCH,UNIT_SCADA,1,"2022/10/20 18:05:00",LBBL1,0
D,DISPATCH,UNIT_SCADA,1,"2022/10/20 18:05:00",LD01,382.244320
D,DISPATCH,UNIT_SCADA,1,"2022/10/20 18:05:00",LD02,34.900970
D,DISPATCH,UNIT_SCADA,1,"2022/10/20 18:05:00",LD04,323.557250
D,DISPATCH,UNIT_SCADA,1,"2022/10/20 18:05:00",LEM_WIL,86.445340
D,DISPATCH,UNIT_SCADA,1,"2022/10/20 18:05:00",LGAPWF1,72.29
D,DISPATCH,UNIT_SCADA,1,"2022/10/20 18:05:00",LGAPWF2,52.26
D,DISPATCH,UNIT_SCADA,1,"2022/10/20 18:05:00",LILYSF1,0
D,DISPATCH,UNIT_SCADA,1,"2022/10/20 18:05:00",LIMOSF11,15.594870
D,DISPATCH,UNIT_SCADA,1,"2022/10/20 18:05:00",LIMOSF21,1.855890
D,DISPATCH,UNIT_SCADA,1,"2022/10/20 18:05:00",LI_WY_CA,62.065290
D,DISPATCH,UNIT_SCADA,1,"2022/10/20 18:05:00",LKBONNY1,13.664340
D,DISPATCH,UNIT_SCADA,1,"2022/10/20 18:05:00",LKBONNY2,25.799480
D,DISPATCH,UNIT_SCADA,1,"2022/10/20 18:05:00",LKBONNY3,2.456170
D,DISPATCH,UNIT_SCADA,1,"2022/10/20 18:05:00",LK_ECHO,0
D,DISPATCH,UNIT_SCADA,1,"2022/10/20 18:05:00",LNGS1,0
D,DISPATCH,UNIT_SCADA,1,"2022/10/20 18:05:00",LNGS2,0
D,DISPATCH,UNIT_SCADA,1,"2022/10/20 18:05:00",LONSDALE,0
D,DISPATCH,UNIT_SCADA,1,"2022/10/20 18:05:00",LOYYB1,581.202510
D,DISPATCH,UNIT_SCADA,1,"2022/10/20 18:05:00",LOYYB2,574.435420
D,DISPATCH,UNIT_SCADA,1,"2022/10/20 18:05:00",LYA1,561
D,DISPATCH,UNIT_SCADA,1,"2022/10/20 18:05:00",LYA2,0
D,DISPATCH,UNIT_SCADA,1,"2022/10/20 18:05:00",LYA3,560
D,DISPATCH,UNIT_SCADA,1,"2022/10/20 18:05:00",LYA4,561
D,DISPATCH,UNIT_SCADA,1,"2022/10/20 18:05:00",MACARTH1,41.399040
D,DISPATCH,UNIT_SCADA,1,"2022/10/20 18:05:00",MACKNTSH,68.90
D,DISPATCH,UNIT_SCADA,1,"2022/10/20 18:05:00",MANSLR1,0
D,DISPATCH,UNIT_SCADA,1,"2022/10/20 18:05:00",MAPS2PV1,0
D,DISPATCH,UNIT_SCADA,1,"2022/10/20 18:05:00",MAPS3PV1,0
D,DISPATCH,UNIT_SCADA,1,"2022/10/20 18:05:00",MARYRSF1,0
D,DISPATCH,UNIT_SCADA,1,"2022/10/20 18:05:00",MBPS2PV1,0
D,DISPATCH,UNIT_SCADA,1,"2022/10/20 18:05:00",MCKAY1,223.679990
D,DISPATCH,UNIT_SCADA,1,"2022/10/20 18:05:00",MEADOWBK,20.063160
D,DISPATCH,UNIT_SCADA,1,"2022/10/20 18:05:00",MERCER01,15.20
D,DISPATCH,UNIT_SCADA,1,"2022/10/20 18:05:00",METZSF1,0
D,DISPATCH,UNIT_SCADA,1,"2022/10/20 18:05:00",MEWF1,0
D,DISPATCH,UNIT_SCADA,1,"2022/10/20 18:05:00",MIDDLSF1,0
D,DISPATCH,UNIT_SCADA,1,"2022/10/20 18:05:00",MINTARO,0.128180
D,DISPATCH,UNIT_SCADA,1,"2022/10/20 18:05:00",MOLNGSF1,0.260010
D,DISPATCH,UNIT_SCADA,1,"2022/10/20 18:05:00",MOORAWF1,25.33
D,DISPATCH,UNIT_SCADA,1,"2022/10/20 18:05:00",MOREESF1,0
D,DISPATCH,UNIT_SCADA,1,"2022/10/20 18:05:00",MORTLK11,0
D,DISPATCH,UNIT_SCADA,1,"2022/10/20 18:05:00",MORTLK12,0
D,DISPATCH,UNIT_SCADA,1,"2022/10/20 18:05:00",MOUSF1,0
D,DISPATCH,UNIT_SCADA,1,"2022/10/20 18:05:00",MP1,0
D,DISPATCH,UNIT_SCADA,1,"2022/10/20 18:05:00",MP2,645.603090
D,DISPATCH,UNIT_SCADA,1,"2022/10/20 18:05:00",MPP_1,167.196150
D,DISPATCH,UNIT_SCADA,1,"2022/10/20 18:05:00",MPP_2,184.484940
D,DISPATCH,UNIT_SCADA,1,"2022/10/20 18:05:00",MRTLSWF1,0
D,DISPATCH,UNIT_SCADA,1,"2022/10/20 18:05:00",MSTUART1,0
D,DISPATCH,UNIT_SCADA,1,"2022/10/20 18:05:00",MSTUART2,0
D,DISPATCH,UNIT_SCADA,1,"2022/10/20 18:05:00",MSTUART3,0
D,DISPATCH,UNIT_SCADA,1,"2022/10/20 18:05:00",MTGELWF1,65.364550
D,DISPATCH,UNIT_SCADA,1,"2022/10/20 18:05:00",MTMILLAR,12.40
D,DISPATCH,UNIT_SCADA,1,"2022/10/20 18:05:00",MURRAY,495
D,DISPATCH,UNIT_SCADA,1,"2022/10/20 18:05:00",MUSSELR1,4.60
D,DISPATCH,UNIT_SCADA,1,"2022/10/20 18:05:00",MUWAWF1,3.10
D,DISPATCH,UNIT_SCADA,1,"2022/10/20 18:05:00",MUWAWF2,7.40
D,DISPATCH,UNIT_SCADA,1,"2022/10/20 18:05:00",MWPS1PV1,0.31
D,DISPATCH,UNIT_SCADA,1,"2022/10/20 18:05:00",MWPS2PV1,0.12
D,DISPATCH,UNIT_SCADA,1,"2022/10/20 18:05:00",MWPS3PV1,0.14
D,DISPATCH,UNIT_SCADA,1,"2022/10/20 18:05:00",MWPS4PV1,0.71
D,DISPATCH,UNIT_SCADA,1,"2022/10/20 18:05:00",NBHWF1,4.50
D,DISPATCH,UNIT_SCADA,1,"2022/10/20 18:05:00",NEVERSF1,1.74
D,DISPATCH,UNIT_SCADA,1,"2022/10/20 18:05:00",NPS,0
D,DISPATCH,UNIT_SCADA,1,"2022/10/20 18:05:00",NUMURSF1,3.13
D,DISPATCH,UNIT_SCADA,1,"2022/10/20 18:05:00",NYNGAN1,3.50
D,DISPATCH,UNIT_SCADA,1,"2022/10/20 18:05:00",OAKEY1,125.192990
D,DISPATCH,UNIT_SCADA,1,"2022/10/20 18:05:00",OAKEY1SF,0.0240
D,DISPATCH,UNIT_SCADA,1,"2022/10/20 18:05:00",OAKEY2,0
D,DISPATCH,UNIT_SCADA,1,"2022/10/20 18:05:00",OAKEY2SF,0
D,DISPATCH,UNIT_SCADA,1,"2022/10/20 18:05:00",OAKLAND1,18.90
D,DISPATCH,UNIT_SCADA,1,"2022/10/20 18:05:00",OSB-AG,175.42
D,DISPATCH,UNIT_SCADA,1,"2022/10/20 18:05:00",PAREPS1,0
D,DISPATCH,UNIT_SCADA,1,"2022/10/20 18:05:00",PAREPW1,171.069990
D,DISPATCH,UNIT_SCADA,1,"2022/10/20 18:05:00",PARSF1,0.700390
D,DISPATCH,UNIT_SCADA,1,"2022/10/20 18:05:00",POAT110,3.08
D,DISPATCH,UNIT_SCADA,1,"2022/10/20 18:05:00",POAT220,0
D,DISPATCH,UNIT_SCADA,1,"2022/10/20 18:05:00",POR01,0.045290
D,DISPATCH,UNIT_SCADA,1,"2022/10/20 18:05:00",POR03,0
D,DISPATCH,UNIT_SCADA,1,"2022/10/20 18:05:00",PPCCGT,175.565440
D,DISPATCH,UNIT_SCADA,1,"2022/10/20 18:05:00",PTSTAN1,0
D,DISPATCH,UNIT_SCADA,1,"2022/10/20 18:05:00",PUMP1,0
D,DISPATCH,UNIT_SCADA,1,"2022/10/20 18:05:00",PUMP2,0
D,DISPATCH,UNIT_SCADA,1,"2022/10/20 18:05:00",QBYNBG1,0
D,DISPATCH,UNIT_SCADA,1,"2022/10/20 18:05:00",QBYNBL1,0.0015
D,DISPATCH,UNIT_SCADA,1,"2022/10/20 18:05:00",QPS1,0
D,DISPATCH,UNIT_SCADA,1,"2022/10/20 18:05:00",QPS2,0
D,DISPATCH,UNIT_SCADA,1,"2022/10/20 18:05:00",QPS3,0
D,DISPATCH,UNIT_SCADA,1,"2022/10/20 18:05:00",QPS4,0
D,DISPATCH,UNIT_SCADA,1,"2022/10/20 18:05:00",QPS5,117.55
D,DISPATCH,UNIT_SCADA,1,"2022/10/20 18:05:00",REECE1,45.933770
D,DISPATCH,UNIT_SCADA,1,"2022/10/20 18:05:00",REECE2,52.37
D,DISPATCH,UNIT_SCADA,1,"2022/10/20 18:05:00",ROMA_7,0
D,DISPATCH,UNIT_SCADA,1,"2022/10/20 18:05:00",ROMA_8,0
D,DISPATCH,UNIT_SCADA,1,"2022/10/20 18:05:00",RRSF1,0
D,DISPATCH,UNIT_SCADA,1,"2022/10/20 18:05:00",RT_NSW1,0
D,DISPATCH,UNIT_SCADA,1,"2022/10/20 18:05:00",RT_NSW2,0
D,DISPATCH,UNIT_SCADA,1,"2022/10/20 18:05:00",RT_NSW3,0
D,DISPATCH,UNIT_SCADA,1,"2022/10/20 18:05:00",RT_NSW4,0
D,DISPATCH,UNIT_SCADA,1,"2022/10/20 18:05:00",RT_NSW5,0
D,DISPATCH,UNIT_SCADA,1,"2022/10/20 18:05:00",RT_NSW6,0
D,DISPATCH,UNIT_SCADA,1,"2022/10/20 18:05:00",RT_QLD1,0
D,DISPATCH,UNIT_SCADA,1,"2022/10/20 18:05:00",RT_SA1,0
D,DISPATCH,UNIT_SCADA,1,"2022/10/20 18:05:00",RT_SA2,0
D,DISPATCH,UNIT_SCADA,1,"2022/10/20 18:05:00",RT_SA3,0
D,DISPATCH,UNIT_SCADA,1,"2022/10/20 18:05:00",RT_SA4,0
D,DISPATCH,UNIT_SCADA,1,"2022/10/20 18:05:00",RT_SA5,0
D,DISPATCH,UNIT_SCADA,1,"2022/10/20 18:05:00",RT_SA6,0
D,DISPATCH,UNIT_SCADA,1,"2022/10/20 18:05:00",RT_TAS1,0
D,DISPATCH,UNIT_SCADA,1,"2022/10/20 18:05:00",RT_VIC1,0
D,DISPATCH,UNIT_SCADA,1,"2022/10/20 18:05:00",RT_VIC10,0
D,DISPATCH,UNIT_SCADA,1,"2022/10/20 18:05:00",RT_VIC11,0
D,DISPATCH,UNIT_SCADA,1,"2022/10/20 18:05:00",RT_VIC12,0
D,DISPATCH,UNIT_SCADA,1,"2022/10/20 18:05:00",RT_VIC2,0
D,DISPATCH,UNIT_SCADA,1,"2022/10/20 18:05:00",RT_VIC3,0
D,DISPATCH,UNIT_SCADA,1,"2022/10/20 18:05:00",RT_VIC4,0
D,DISPATCH,UNIT_SCADA,1,"2022/10/20 18:05:00",RT_VIC5,0
D,DISPATCH,UNIT_SCADA,1,"2022/10/20 18:05:00",RT_VIC6,0
D,DISPATCH,UNIT_SCADA,1,"2022/10/20 18:05:00",RT_VIC7,0
D,DISPATCH,UNIT_SCADA,1,"2022/10/20 18:05:00",RT_VIC8,0
D,DISPATCH,UNIT_SCADA,1,"2022/10/20 18:05:00",RT_VIC9,0
D,DISPATCH,UNIT_SCADA,1,"2022/10/20 18:05:00",RUGBYR1,0.699260
D,DISPATCH,UNIT_SCADA,1,"2022/10/20 18:05:00",SALTCRK1,23.54
D,DISPATCH,UNIT_SCADA,1,"2022/10/20 18:05:00",SAPHWF1,161.872280
D,DISPATCH,UNIT_SCADA,1,"2022/10/20 18:05:00",SEBSF1,1.496120
D,DISPATCH,UNIT_SCADA,1,"2022/10/20 18:05:00",SHGEN,79.9305
D,DISPATCH,UNIT_SCADA,1,"2022/10/20 18:05:00",SHPUMP,0
D,DISPATCH,UNIT_SCADA,1,"2022/10/20 18:05:00",SITHE01,0.123710
D,DISPATCH,UNIT_SCADA,1,"2022/10/20 18:05:00",SMCSF1,0
D,DISPATCH,UNIT_SCADA,1,"2022/10/20 18:05:00",SNAPPER1,0
D,DISPATCH,UNIT_SCADA,1,"2022/10/20 18:05:00",SNOWNTH1,54.90
D,DISPATCH,UNIT_SCADA,1,"2022/10/20 18:05:00",SNOWSTH1,18.10
D,DISPATCH,UNIT_SCADA,1,"2022/10/20 18:05:00",SNOWTWN1,29.5553
D,DISPATCH,UNIT_SCADA,1,"2022/10/20 18:05:00",SNOWYP,0
D,DISPATCH,UNIT_SCADA,1,"2022/10/20 18:05:00",SNUG1,0
D,DISPATCH,UNIT_SCADA,1,"2022/10/20 18:05:00",SRSF1,0
D,DISPATCH,UNIT_SCADA,1,"2022/10/20 18:05:00",STAN-1,284.773070
D,DISPATCH,UNIT_SCADA,1,"2022/10/20 18:05:00",STAN-2,364.371610
D,DISPATCH,UNIT_SCADA,1,"2022/10/20 18:05:00",STAN-3,365.691830
D,DISPATCH,UNIT_SCADA,1,"2022/10/20 18:05:00",STAN-4,365.409850
D,DISPATCH,UNIT_SCADA,1,"2022/10/20 18:05:00",STARHLWF,17.694840
D,DISPATCH,UNIT_SCADA,1,"2022/10/20 18:05:00",STOCKYD1,235.350010
D,DISPATCH,UNIT_SCADA,1,"2022/10/20 18:05:00",STWF1,56.761730
D,DISPATCH,UNIT_SCADA,1,"2022/10/20 18:05:00",SUNRSF1,12.172120
D,DISPATCH,UNIT_SCADA,1,"2022/10/20 18:05:00",SUNTPSF1,2.7216
D,DISPATCH,UNIT_SCADA,1,"2022/10/20 18:05:00",SWAN_E,353.310610
D,DISPATCH,UNIT_SCADA,1,"2022/10/20 18:05:00",TALWA1,0
D,DISPATCH,UNIT_SCADA,1,"2022/10/20 18:05:00",TARALGA1,0
D,DISPATCH,UNIT_SCADA,1,"2022/10/20 18:05:00",TARONG#1,350.600010
D,DISPATCH,UNIT_SCADA,1,"2022/10/20 18:05:00",TARONG#2,349.50
D,DISPATCH,UNIT_SCADA,1,"2022/10/20 18:05:00",TARONG#3,0.90
D,DISPATCH,UNIT_SCADA,1,"2022/10/20 18:05:00",TARONG#4,247.900010
D,DISPATCH,UNIT_SCADA,1,"2022/10/20 18:05:00",TARRALEA,53.90
D,DISPATCH,UNIT_SCADA,1,"2022/10/20 18:05:00",TBSF1,5
D,DISPATCH,UNIT_SCADA,1,"2022/10/20 18:05:00",TNPS1,422.8750
D,DISPATCH,UNIT_SCADA,1,"2022/10/20 18:05:00",TORRB1,0
D,DISPATCH,UNIT_SCADA,1,"2022/10/20 18:05:00",TORRB2,73
D,DISPATCH,UNIT_SCADA,1,"2022/10/20 18:05:00",TORRB3,0
D,DISPATCH,UNIT_SCADA,1,"2022/10/20 18:05:00",TORRB4,0
D,DISPATCH,UNIT_SCADA,1,"2022/10/20 18:05:00",TREVALLN,99.039920
D,DISPATCH,UNIT_SCADA,1,"2022/10/20 18:05:00",TRIBUTE,0
D,DISPATCH,UNIT_SCADA,1,"2022/10/20 18:05:00",TUMUT3,344.549990
D,DISPATCH,UNIT_SCADA,1,"2022/10/20 18:05:00",TUNGATIN,2.300020
D,DISPATCH,UNIT_SCADA,1,"2022/10/20 18:05:00",TVCC201,0
D,DISPATCH,UNIT_SCADA,1,"2022/10/20 18:05:00",TVPP104,57.865630
D,DISPATCH,UNIT_SCADA,1,"2022/10/20 18:05:00",UPPTUMUT,123.978160
D,DISPATCH,UNIT_SCADA,1,"2022/10/20 18:05:00",URANQ11,0
D,DISPATCH,UNIT_SCADA,1,"2022/10/20 18:05:00",URANQ12,0
D,DISPATCH,UNIT_SCADA,1,"2022/10/20 18:05:00",URANQ13,0
D,DISPATCH,UNIT_SCADA,1,"2022/10/20 18:05:00",URANQ14,153.795680
D,DISPATCH,UNIT_SCADA,1,"2022/10/20 18:05:00",VBBG1,25.60
D,DISPATCH,UNIT_SCADA,1,"2022/10/20 18:05:00",VBBL1,0
D,DISPATCH,UNIT_SCADA,1,"2022/10/20 18:05:00",VP5,585.222960
D,DISPATCH,UNIT_SCADA,1,"2022/10/20 18:05:00",VP6,604.022340
D,DISPATCH,UNIT_SCADA,1,"2022/10/20 18:05:00",VPGS1,0
D,DISPATCH,UNIT_SCADA,1,"2022/10/20 18:05:00",VPGS2,0
D,DISPATCH,UNIT_SCADA,1,"2022/10/20 18:05:00",VPGS3,0
D,DISPATCH,UNIT_SCADA,1,"2022/10/20 18:05:00",VPGS4,0
D,DISPATCH,UNIT_SCADA,1,"2022/10/20 18:05:00",VPGS5,0
D,DISPATCH,UNIT_SCADA,1,"2022/10/20 18:05:00",VPGS6,0
D,DISPATCH,UNIT_SCADA,1,"2022/10/20 18:05:00",W/HOE#1,161.759990
D,DISPATCH,UNIT_SCADA,1,"2022/10/20 18:05:00",W/HOE#2,0
D,DISPATCH,UNIT_SCADA,1,"2022/10/20 18:05:00",WAGGNSF1,0
D,DISPATCH,UNIT_SCADA,1,"2022/10/20 18:05:00",WALGRVG1,5.140810
D,DISPATCH,UNIT_SCADA,1,"2022/10/20 18:05:00",WALGRVL1,0
D,DISPATCH,UNIT_SCADA,1,"2022/10/20 18:05:00",WANDBG1,60.931080
D,DISPATCH,UNIT_SCADA,1,"2022/10/20 18:05:00",WANDBL1,0
D,DISPATCH,UNIT_SCADA,1,"2022/10/20 18:05:00",WARWSF1,0
D,DISPATCH,UNIT_SCADA,1,"2022/10/20 18:05:00",WARWSF2,0
D,DISPATCH,UNIT_SCADA,1,"2022/10/20 18:05:00",WATERLWF,0
D,DISPATCH,UNIT_SCADA,1,"2022/10/20 18:05:00",WDGPH1,0
D,DISPATCH,UNIT_SCADA,1,"2022/10/20 18:05:00",WELLSF1,3.274590
D,DISPATCH,UNIT_SCADA,1,"2022/10/20 18:05:00",WEMENSF1,2.80
D,DISPATCH,UNIT_SCADA,1,"2022/10/20 18:05:00",WGWF1,14.40
D,DISPATCH,UNIT_SCADA,1,"2022/10/20 18:05:00",WHITSF1,0
D,DISPATCH,UNIT_SCADA,1,"2022/10/20 18:05:00",WINTSF1,3.69
D,DISPATCH,UNIT_SCADA,1,"2022/10/20 18:05:00",WKIEWA1,34.10
D,DISPATCH,UNIT_SCADA,1,"2022/10/20 18:05:00",WKIEWA2,34.20
D,DISPATCH,UNIT_SCADA,1,"2022/10/20 18:05:00",WOODLWN1,33.473660
D,DISPATCH,UNIT_SCADA,1,"2022/10/20 18:05:00",WOOLGSF1,0
D,DISPATCH,UNIT_SCADA,1,"2022/10/20 18:05:00",WPWF,32.78
D,DISPATCH,UNIT_SCADA,1,"2022/10/20 18:05:00",WRSF1,0.090330
D,DISPATCH,UNIT_SCADA,1,"2022/10/20 18:05:00",WRWF1,81.205460
D,DISPATCH,UNIT_SCADA,1,"2022/10/20 18:05:00",WSTWYSF1,0.045840
D,DISPATCH,UNIT_SCADA,1,"2022/10/20 18:05:00",YABULU,150.660020
D,DISPATCH,UNIT_SCADA,1,"2022/10/20 18:05:00",YABULU2,0
D,DISPATCH,UNIT_SCADA,1,"2022/10/20 18:05:00",YARANSF1,0
D,DISPATCH,UNIT_SCADA,1,"2022/10/20 18:05:00",YARWUN_1,162.53
D,DISPATCH,UNIT_SCADA,1,"2022/10/20 18:05:00",YATSF1,9.49
D,DISPATCH,UNIT_SCADA,1,"2022/10/20 18:05:00",YENDWF1,27.48
D,DISPATCH,UNIT_SCADA,1,"2022/10/20 18:05:00",YWPS1,355.136720
D,DISPATCH,UNIT_SCADA,1,"2022/10/20 18:05:00",YWPS2,290.724060
D,DISPATCH,UNIT_SCADA,1,"2022/10/20 18:05:00",YWPS3,360.235440
D,DISPATCH,UNIT_SCADA,1,"2022/10/20 18:05:00",YWPS4,0
C,"END OF REPORT",419
