C,NEMP.WORLD,DISPATCHSCADA,AEMO,PUBLIC,2022/10/20,13:55:16,0000000373259116,DISPATCHSCADA,0000000373259110
I,DISPATCH,UNIT_SCADA,1,SETTLEMENTDATE,DUID,SCADAVALUE
D,DISPATCH,UNIT_SCADA,1,"2022/10/20 14:00:00",BARCSF1,3.20
D,DISPATCH,UNIT_SCADA,1,"2022/10/20 14:00:00",BUTLERSG,8.699999
D,DISPATCH,UNIT_SCADA,1,"2022/10/20 14:00:00",CAPTL_WF,42.860031
D,DISPATCH,UNIT_SCADA,1,"2022/10/20 14:00:00",CHALLHWF,8.50
D,DISPATCH,UNIT_SCADA,1,"2022/10/20 14:00:00",CLOVER,10.51
D,DISPATCH,UNIT_SCADA,1,"2022/10/20 14:00:00",CLUNY,5.143054
D,DISPATCH,UNIT_SCADA,1,"2022/10/20 14:00:00",CULLRGWF,-0.06
D,DISPATCH,UNIT_SCADA,1,"2022/10/20 14:00:00",DIAPURWF1,4.90
D,DISPATCH,UNIT_SCADA,1,"2022/10/20 14:00:00",ERGT01,0
D,DISPATCH,UNIT_SCADA,1,"2022/10/20 14:00:00",GB01,0
D,DISPATCH,UNIT_SCADA,1,"2022/10/20 14:00:00",GERMCRK,20.90
D,DISPATCH,UNIT_SCADA,1,"2022/10/20 14:00:00",GRIFSF1,4.600595
D,DISPATCH,UNIT_SCADA,1,"2022/10/20 14:00:00",HEZ1,0
D,DISPATCH,UNIT_SCADA,1,"2022/10/20 14:00:00",HUGSF1,11.06
D,DISPATCH,UNIT_SCADA,1,"2022/10/20 14:00:00",KEPBG1,0
D,DISPATCH,UNIT_SCADA,1,"2022/10/20 14:00:00",LRSF1,12.705001
D,DISPATCH,UNIT_SCADA,1,"2022/10/20 14:00:00",MBAHNTH,43.237503
D,DISPATCH,UNIT_SCADA,1,"2022/10/20 14:00:00",MLSP1,3.355001
D,DISPATCH,UNIT_SCADA,1,"2022/10/20 14:00:00",MLWF1,4.2150
D,DISPATCH,UNIT_SCADA,1,"2022/10/20 14:00:00",PALOONA,29.969999
D,DISPATCH,UNIT_SCADA,1,"2022/10/20 14:00:00",PIONEER,42.400002
D,DISPATCH,UNIT_SCADA,1,"2022/10/20 14:00:00",PORTWF,82.300003
D,DISPATCH,UNIT_SCADA,1,"2022/10/20 14:00:00",REPULSE,9.416038
D,DISPATCH,UNIT_SCADA,1,"2022/10/20 14:00:00",ROWALLAN,8.8324
D,DISPATCH,UNIT_SCADA,1,"2022/10/20 14:00:00",ROYALLA1,9.543003
D,DISPATCH,UNIT_SCADA,1,"2022/10/20 14:00:00",RPCG,-1.80
D,DISPATCH,UNIT_SCADA,1,"2022/10/20 14:00:00",RUBICON,0
D,DISPATCH,UNIT_SCADA,1,"2022/10/20 14:00:00",WAUBRAWF,59.7150
D,DISPATCH,UNIT_SCADA,1,"2022/10/20 14:00:00",WOOLNTH1,95.779999
D,DISPATCH,UNIT_SCADA,1,"2022/10/20 14:00:00",YAMBUKWF,8
D,DISPATCH,UNIT_SCADA,1,"2022/10/20 14:00:00",YSWF1,2.30
D,DISPATCH,UNIT_SCADA,1,"2022/10/20 14:00:00",ADPBA1G,0.0080
D,DISPATCH,UNIT_SCADA,1,"2022/10/20 14:00:00",ADPBA1L,0
D,DISPATCH,UNIT_SCADA,1,"2022/10/20 14:00:00",ADPPV1,8.7340
D,DISPATCH,UNIT_SCADA,1,"2022/10/20 14:00:00",AGLHAL,0
D,DISPATCH,UNIT_SCADA,1,"2022/10/20 14:00:00",AGLSOM,0
D,DISPATCH,UNIT_SCADA,1,"2022/10/20 14:00:00",ANGAST1,0
D,DISPATCH,UNIT_SCADA,1,"2022/10/20 14:00:00",ARWF1,4.90
D,DISPATCH,UNIT_SCADA,1,"2022/10/20 14:00:00",BALBG1,0
D,DISPATCH,UNIT_SCADA,1,"2022/10/20 14:00:00",BALBL1,0
D,DISPATCH,UNIT_SCADA,1,"2022/10/20 14:00:00",BALDHWF1,75.43
D,DISPATCH,UNIT_SCADA,1,"2022/10/20 14:00:00",BANGOWF1,16.697030
D,DISPATCH,UNIT_SCADA,1,"2022/10/20 14:00:00",BANGOWF2,0
D,DISPATCH,UNIT_SCADA,1,"2022/10/20 14:00:00",BANN1,58.70
D,DISPATCH,UNIT_SCADA,1,"2022/10/20 14:00:00",BARCALDN,0
D,DISPATCH,UNIT_SCADA,1,"2022/10/20 14:00:00",BARKIPS1,0
D,DISPATCH,UNIT_SCADA,1,"2022/10/20 14:00:00",BARRON-1,0
D,DISPATCH,UNIT_SCADA,1,"2022/10/20 14:00:00",BARRON-2,0
D,DISPATCH,UNIT_SCADA,1,"2022/10/20 14:00:00",BASTYAN,51.59
D,DISPATCH,UNIT_SCADA,1,"2022/10/20 14:00:00",BBTHREE1,0
D,DISPATCH,UNIT_SCADA,1,"2022/10/20 14:00:00",BBTHREE2,21.11
D,DISPATCH,UNIT_SCADA,1,"2022/10/20 14:00:00",BBTHREE3,-1
D,DISPATCH,UNIT_SCADA,1,"2022/10/20 14:00:00",BDL01,0
D,DISPATCH,UNIT_SCADA,1,"2022/10/20 14:00:00",BDL02,0
D,DISPATCH,UNIT_SCADA,1,"2022/10/20 14:00:00",BERYLSF1,0.622610
D,DISPATCH,UNIT_SCADA,1,"2022/10/20 14:00:00",BLOWERNG,62.60
D,DISPATCH,UNIT_SCADA,1,"2022/10/20 14:00:00",BLUEGSF1,58.3721
D,DISPATCH,UNIT_SCADA,1,"2022/10/20 14:00:00",BLUFF1,1.50
D,DISPATCH,UNIT_SCADA,1,"2022/10/20 14:00:00",BNGSF1,24.30
D,DISPATCH,UNIT_SCADA,1,"2022/10/20 14:00:00",BNGSF2,19.51
D,DISPATCH,UNIT_SCADA,1,"2022/10/20 14:00:00",BOCORWF1,40.96
D,DISPATCH,UNIT_SCADA,1,"2022/10/20 14:00:00",BODWF1,68.471730
D,DISPATCH,UNIT_SCADA,1,"2022/10/20 14:00:00",BOMENSF1,42.501260
D,DISPATCH,UNIT_SCADA,1,"2022/10/20 14:00:00",BOWWBA1G,0
D,DISPATCH,UNIT_SCADA,1,"2022/10/20 14:00:00",BOWWBA1L,0.0010
D,DISPATCH,UNIT_SCADA,1,"2022/10/20 14:00:00",BOWWPV1,0
D,DISPATCH,UNIT_SCADA,1,"2022/10/20 14:00:00",BRAEMAR1,0
D,DISPATCH,UNIT_SCADA,1,"2022/10/20 14:00:00",BRAEMAR2,0
D,DISPATCH,UNIT_SCADA,1,"2022/10/20 14:00:00",BRAEMAR3,0
D,DISPATCH,UNIT_SCADA,1,"2022/10/20 14:00:00",BRAEMAR5,0.292060
D,DISPATCH,UNIT_SCADA,1,"2022/10/20 14:00:00",BRAEMAR6,0
D,DISPATCH,UNIT_SCADA,1,"2022/10/20 14:00:00",BRAEMAR7,0.130920
D,DISPATCH,UNIT_SCADA,1,"2022/10/20 14:00:00",BROKENH1,31.799510
D,DISPATCH,UNIT_SCADA,1,"2022/10/20 14:00:00",BRYB1WF1,90.171660
D,DISPATCH,UNIT_SCADA,1,"2022/10/20 14:00:00",BULBESG1,0
D,DISPATCH,UNIT_SCADA,1,"2022/10/20 14:00:00",BULBESL1,2.02
D,DISPATCH,UNIT_SCADA,1,"2022/10/20 14:00:00",BULGANA1,6.39
D,DISPATCH,UNIT_SCADA,1,"2022/10/20 14:00:00",BW01,659.519350
D,DISPATCH,UNIT_SCADA,1,"2022/10/20 14:00:00",BW02,619.772640
D,DISPATCH,UNIT_SCADA,1,"2022/10/20 14:00:00",BW03,542.183590
D,DISPATCH,UNIT_SCADA,1,"2022/10/20 14:00:00",BW04,0
D,DISPATCH,UNIT_SCADA,1,"2022/10/20 14:00:00",CALL_B_1,318.800020
D,DISPATCH,UNIT_SCADA,1,"2022/10/20 14:00:00",CALL_B_2,320.300020
D,DISPATCH,UNIT_SCADA,1,"2022/10/20 14:00:00",CATHROCK,8.20
D,DISPATCH,UNIT_SCADA,1,"2022/10/20 14:00:00",CBWWBA1G,0
D,DISPATCH,UNIT_SCADA,1,"2022/10/20 14:00:00",CBWWBA1L,0
D,DISPATCH,UNIT_SCADA,1,"2022/10/20 14:00:00",CETHANA,90.0415
D,DISPATCH,UNIT_SCADA,1,"2022/10/20 14:00:00",CG1,0
D,DISPATCH,UNIT_SCADA,1,"2022/10/20 14:00:00",CG2,0
D,DISPATCH,UNIT_SCADA,1,"2022/10/20 14:00:00",CG3,0
D,DISPATCH,UNIT_SCADA,1,"2022/10/20 14:00:00",CG4,0
D,DISPATCH,UNIT_SCADA,1,"2022/10/20 14:00:00",CHILDSF1,5.45
D,DISPATCH,UNIT_SCADA,1,"2022/10/20 14:00:00",CHYTWF1,6.87
D,DISPATCH,UNIT_SCADA,1,"2022/10/20 14:00:00",CLARESF1,38.9673
D,DISPATCH,UNIT_SCADA,1,"2022/10/20 14:00:00",CLEMGPWF,8.211990
D,DISPATCH,UNIT_SCADA,1,"2022/10/20 14:00:00",CLERMSF1,70.33
D,DISPATCH,UNIT_SCADA,1,"2022/10/20 14:00:00",CNUNDAWF,10.812610
D,DISPATCH,UNIT_SCADA,1,"2022/10/20 14:00:00",COHUNSF1,0.07
D,DISPATCH,UNIT_SCADA,1,"2022/10/20 14:00:00",COLEASF1,36.6022
D,DISPATCH,UNIT_SCADA,1,"2022/10/20 14:00:00",COLUMSF1,41.6720
D,DISPATCH,UNIT_SCADA,1,"2022/10/20 14:00:00",COLWF01,89.594870
D,DISPATCH,UNIT_SCADA,1,"2022/10/20 14:00:00",COOPGWF1,76.33
D,DISPATCH,UNIT_SCADA,1,"2022/10/20 14:00:00",CPP_3,368.774990
D,DISPATCH,UNIT_SCADA,1,"2022/10/20 14:00:00",CPP_4,0
D,DISPATCH,UNIT_SCADA,1,"2022/10/20 14:00:00",CPSA,0
D,DISPATCH,UNIT_SCADA,1,"2022/10/20 14:00:00",CROOKWF2,37.3840
D,DISPATCH,UNIT_SCADA,1,"2022/10/20 14:00:00",CROWLWF1,11.348480
D,DISPATCH,UNIT_SCADA,1,"2022/10/20 14:00:00",CRURWF1,37.898910
D,DISPATCH,UNIT_SCADA,1,"2022/10/20 14:00:00",CRWASF1,14.763520
D,DISPATCH,UNIT_SCADA,1,"2022/10/20 14:00:00",CSPVPS1,13.7410
D,DISPATCH,UNIT_SCADA,1,"2022/10/20 14:00:00",CTHLWF1,0.003050
D,DISPATCH,UNIT_SCADA,1,"2022/10/20 14:00:00",DALNTH01,0
D,DISPATCH,UNIT_SCADA,1,"2022/10/20 14:00:00",DALNTHL1,1.005570
D,DISPATCH,UNIT_SCADA,1,"2022/10/20 14:00:00",DARLSF1,79.694390
D,DISPATCH,UNIT_SCADA,1,"2022/10/20 14:00:00",DARTM1,0
D,DISPATCH,UNIT_SCADA,1,"2022/10/20 14:00:00",DAYDSF1,67.5260
D,DISPATCH,UNIT_SCADA,1,"2022/10/20 14:00:00",DDPS1,0
D,DISPATCH,UNIT_SCADA,1,"2022/10/20 14:00:00",DDSF1,18.3296
D,DISPATCH,UNIT_SCADA,1,"2022/10/20 14:00:00",DEVILS_G,58.356270
D,DISPATCH,UNIT_SCADA,1,"2022/10/20 14:00:00",DG_NSW1,0
D,DISPATCH,UNIT_SCADA,1,"2022/10/20 14:00:00",DG_QLD1,0
D,DISPATCH,UNIT_SCADA,1,"2022/10/20 14:00:00",DG_SA1,0
D,DISPATCH,UNIT_SCADA,1,"2022/10/20 14:00:00",DG_TAS1,0
D,DISPATCH,UNIT_SCADA,1,"2022/10/20 14:00:00",DG_VIC1,0
D,DISPATCH,UNIT_SCADA,1,"2022/10/20 14:00:00",DRYCGT1,0
D,DISPATCH,UNIT_SCADA,1,"2022/10/20 14:00:00",DRYCGT2,0
D,DISPATCH,UNIT_SCADA,1,"2022/10/20 14:00:00",DRYCGT3,0
D,DISPATCH,UNIT_SCADA,1,"2022/10/20 14:00:00",DUNDWF1,63.17
D,DISPATCH,UNIT_SCADA,1,"2022/10/20 14:00:00",DUNDWF2,15.55
D,DISPATCH,UNIT_SCADA,1,"2022/10/20 14:00:00",DUNDWF3,49.86
D,DISPATCH,UNIT_SCADA,1,"2022/10/20 14:00:00",EILDON1,59.88
D,DISPATCH,UNIT_SCADA,1,"2022/10/20 14:00:00",EILDON2,60.04
D,DISPATCH,UNIT_SCADA,1,"2022/10/20 14:00:00",ELAINWF1,23.50
D,DISPATCH,UNIT_SCADA,1,"2022/10/20 14:00:00",EMERASF1,0
D,DISPATCH,UNIT_SCADA,1,"2022/10/20 14:00:00",ER01,0
D,DISPATCH,UNIT_SCADA,1,"2022/10/20 14:00:00",ER02,403.460750
D,DISPATCH,UNIT_SCADA,1,"2022/10/20 14:00:00",ER03,432.001220
D,DISPATCH,UNIT_SCADA,1,"2022/10/20 14:00:00",ER04,431.6106
D,DISPATCH,UNIT_SCADA,1,"2022/10/20 14:00:00",FINLYSF1,83.854430
D,DISPATCH,UNIT_SCADA,1,"2022/10/20 14:00:00",FISHER,43.85
D,DISPATCH,UNIT_SCADA,1,"2022/10/20 14:00:00",GANGARR1,43.3870
D,DISPATCH,UNIT_SCADA,1,"2022/10/20 14:00:00",GANNBG1,0
D,DISPATCH,UNIT_SCADA,1,"2022/10/20 14:00:00",GANNBL1,3.519910
D,DISPATCH,UNIT_SCADA,1,"2022/10/20 14:00:00",GANNSF1,23.60
D,DISPATCH,UNIT_SCADA,1,"2022/10/20 14:00:00",GLRWNSF1,29.20
D,DISPATCH,UNIT_SCADA,1,"2022/10/20 14:00:00",GNNDHSF1,55.231630
D,DISPATCH,UNIT_SCADA,1,"2022/10/20 14:00:00",GOONSF1,29.5256
D,DISPATCH,UNIT_SCADA,1,"2022/10/20 14:00:00",GORDON,210.668060
D,DISPATCH,UNIT_SCADA,1,"2022/10/20 14:00:00",GRANWF1,0
D,DISPATCH,UNIT_SCADA,1,"2022/10/20 14:00:00",GSTONE1,201.599990
D,DISPATCH,UNIT_SCADA,1,"2022/10/20 14:00:00",GSTONE2,0
D,DISPATCH,UNIT_SCADA,1,"2022/10/20 14:00:00",GSTONE3,200.724990
D,DISPATCH,UNIT_SCADA,1,"2022/10/20 14:00:00",GSTONE4,0
D,DISPATCH,UNIT_SCADA,1,"2022/10/20 14:00:00",GSTONE5,186.20
D,DISPATCH,UNIT_SCADA,1,"2022/10/20 14:00:00",GSTONE6,201.95
D,DISPATCH,UNIT_SCADA,1,"2022/10/20 14:00:00",GULLRSF1,0.994980
D,DISPATCH,UNIT_SCADA,1,"2022/10/20 14:00:00",GULLRWF1,64.364020
D,DISPATCH,UNIT_SCADA,1,"2022/10/20 14:00:00",GULLRWF2,46.706760
D,DISPATCH,UNIT_SCADA,1,"2022/10/20 14:00:00",GUNNING1,0
D,DISPATCH,UNIT_SCADA,1,"2022/10/20 14:00:00",GUTHEGA,61.80
D,DISPATCH,UNIT_SCADA,1,"2022/10/20 14:00:00",HALLWF1,0
D,DISPATCH,UNIT_SCADA,1,"2022/10/20 14:00:00",HALLWF2,2.43
D,DISPATCH,UNIT_SCADA,1,"2022/10/20 14:00:00",HAMISF1,22.10
D,DISPATCH,UNIT_SCADA,1,"2022/10/20 14:00:00",HAUGHT11,94.812210
D,DISPATCH,UNIT_SCADA,1,"2022/10/20 14:00:00",HAYMSF1,21.9870
D,DISPATCH,UNIT_SCADA,1,"2022/10/20 14:00:00",HDWF1,8.10
D,DISPATCH,UNIT_SCADA,1,"2022/10/20 14:00:00",HDWF2,7.40
D,DISPATCH,UNIT_SCADA,1,"2022/10/20 14:00:00",HDWF3,8.40
D,DISPATCH,UNIT_SCADA,1,"2022/10/20 14:00:00",HILLSTN1,30.407680
D,DISPATCH,UNIT_SCADA,1,"2022/10/20 14:00:00",HPRG1,0
D,DISPATCH,UNIT_SCADA,1,"2022/10/20 14:00:00",HPRL1,0.60
D,DISPATCH,UNIT_SCADA,1,"2022/10/20 14:00:00",HUMENSW,54.346020
D,DISPATCH,UNIT_SCADA,1,"2022/10/20 14:00:00",HUMEV,0
D,DISPATCH,UNIT_SCADA,1,"2022/10/20 14:00:00",HVWWBA1G,0
D,DISPATCH,UNIT_SCADA,1,"2022/10/20 14:00:00",HVWWBA1L,0.0060
D,DISPATCH,UNIT_SCADA,1,"2022/10/20 14:00:00",HVWWPV1,4.7440
D,DISPATCH,UNIT_SCADA,1,"2022/10/20 14:00:00",JBUTTERS,0
D,DISPATCH,UNIT_SCADA,1,"2022/10/20 14:00:00",JEMALNG1,50.78
D,DISPATCH,UNIT_SCADA,1,"2022/10/20 14:00:00",JLA01,0
D,DISPATCH,UNIT_SCADA,1,"2022/10/20 14:00:00",JLA02,0
D,DISPATCH,UNIT_SCADA,1,"2022/10/20 14:00:00",JLA03,0
D,DISPATCH,UNIT_SCADA,1,"2022/10/20 14:00:00",JLA04,0
D,DISPATCH,UNIT_SCADA,1,"2022/10/20 14:00:00",JLB01,0
D,DISPATCH,UNIT_SCADA,1,"2022/10/20 14:00:00",JLB02,0.10
D,DISPATCH,UNIT_SCADA,1,"2022/10/20 14:00:00",JLB03,0
D,DISPATCH,UNIT_SCADA,1,"2022/10/20 14:00:00",JUNEESF1,11.155460
D,DISPATCH,UNIT_SCADA,1,"2022/10/20 14:00:00",KABANWF1,0.5360
D,DISPATCH,UNIT_SCADA,1,"2022/10/20 14:00:00",KAREEYA1,0
D,DISPATCH,UNIT_SCADA,1,"2022/10/20 14:00:00",KAREEYA2,0
D,DISPATCH,UNIT_SCADA,1,"2022/10/20 14:00:00",KAREEYA3,4.8875
D,DISPATCH,UNIT_SCADA,1,"2022/10/20 14:00:00",KAREEYA4,0
D,DISPATCH,UNIT_SCADA,1,"2022/10/20 14:00:00",KARSF1,14.60
D,DISPATCH,UNIT_SCADA,1,"2022/10/20 14:00:00",KEPSF1,11.97
D,DISPATCH,UNIT_SCADA,1,"2022/10/20 14:00:00",KEPWF1,8.28
D,DISPATCH,UNIT_SCADA,1,"2022/10/20 14:00:00",KIAMSF1,40.714890
D,DISPATCH,UNIT_SCADA,1,"2022/10/20 14:00:00",KIATAWF1,7.60
D,DISPATCH,UNIT_SCADA,1,"2022/10/20 14:00:00",KPP_1,0
D,DISPATCH,UNIT_SCADA,1,"2022/10/20 14:00:00",KSP1,14.18
D,DISPATCH,UNIT_SCADA,1,"2022/10/20 14:00:00",LADBROK1,0.02
D,DISPATCH,UNIT_SCADA,1,"2022/10/20 14:00:00",LADBROK2,0.02
D,DISPATCH,UNIT_SCADA,1,"2022/10/20 14:00:00",LBBG1,0
D,DISPATCH,UNIT_SCADA,1,"2022/10/20 14:00:00",LBBL1,0.30
D,DISPATCH,UNIT_SCADA,1,"2022/10/20 14:00:00",LD01,281.4783
D,DISPATCH,UNIT_SCADA,1,"2022/10/20 14:00:00",LD02,0
D,DISPATCH,UNIT_SCADA,1,"2022/10/20 14:00:00",LD04,277.413240
D,DISPATCH,UNIT_SCADA,1,"2022/10/20 14:00:00",LEM_WIL,79.096510
D,DISPATCH,UNIT_SCADA,1,"2022/10/20 14:00:00",LGAPWF1,56.81
D,DISPATCH,UNIT_SCADA,1,"2022/10/20 14:00:00",LGAPWF2,37.94
D,DISPATCH,UNIT_SCADA,1,"2022/10/20 14:00:00",LILYSF1,77.594620
D,DISPATCH,UNIT_SCADA,1,"2022/10/20 14:00:00",LIMOSF11,102.497140
D,DISPATCH,UNIT_SCADA,1,"2022/10/20 14:00:00",LIMOSF21,15.106460
D,DISPATCH,UNIT_SCADA,1,"2022/10/20 14:00:00",LI_WY_CA,55.025380
D,DISPATCH,UNIT_SCADA,1,"2022/10/20 14:00:00",LKBONNY1,0
D,DISPATCH,UNIT_SCADA,1,"2022/10/20 14:00:00",LKBONNY2,15.550980
D,DISPATCH,UNIT_SCADA,1,"2022/10/20 14:00:00",LKBONNY3,1.5072
D,DISPATCH,UNIT_SCADA,1,"2022/10/20 14:00:00",LK_ECHO,0
D,DISPATCH,UNIT_SCADA,1,"2022/10/20 14:00:00",LNGS1,0
D,DISPATCH,UNIT_SCADA,1,"2022/10/20 14:00:00",LNGS2,0
D,DISPATCH,UNIT_SCADA,1,"2022/10/20 14:00:00",LONSDALE,0
D,DISPATCH,UNIT_SCADA,1,"2022/10/20 14:00:00",LOYYB1,487.215180
D,DISPATCH,UNIT_SCADA,1,"2022/10/20 14:00:00",LOYYB2,487.9671
D,DISPATCH,UNIT_SCADA,1,"2022/10/20 14:00:00",LYA1,388
D,DISPATCH,UNIT_SCADA,1,"2022/10/20 14:00:00",LYA2,0
D,DISPATCH,UNIT_SCADA,1,"2022/10/20 14:00:00",LYA3,397
D,DISPATCH,UNIT_SCADA,1,"2022/10/20 14:00:00",LYA4,395
D,DISPATCH,UNIT_SCADA,1,"2022/10/20 14:00:00",MACARTH1,58.998640
D,DISPATCH,UNIT_SCADA,1,"2022/10/20 14:00:00",MACKNTSH,0
D,DISPATCH,UNIT_SCADA,1,"2022/10/20 14:00:00",MANSLR1,21.9570
D,DISPATCH,UNIT_SCADA,1,"2022/10/20 14:00:00",MAPS2PV1,0
D,DISPATCH,UNIT_SCADA,1,"2022/10/20 14:00:00",MAPS3PV1,0
D,DISPATCH,UNIT_SCADA,1,"2022/10/20 14:00:00",MARYRSF1,5.73
D,DISPATCH,UNIT_SCADA,1,"2022/10/20 14:00:00",MBPS2PV1,0
D,DISPATCH,UNIT_SCADA,1,"2022/10/20 14:00:00",MCKAY1,0.02
D,DISPATCH,UNIT_SCADA,1,"2022/10/20 14:00:00",MEADOWBK,6.058960
D,DISPATCH,UNIT_SCADA,1,"2022/10/20 14:00:00",MERCER01,27.10
D,DISPATCH,UNIT_SCADA,1,"2022/10/20 14:00:00",METZSF1,3.187570
D,DISPATCH,UNIT_SCADA,1,"2022/10/20 14:00:00",MEWF1,11.436540
D,DISPATCH,UNIT_SCADA,1,"2022/10/20 14:00:00",MIDDLSF1,11.44
D,DISPATCH,UNIT_SCADA,1,"2022/10/20 14:00:00",MINTARO,0.128180
D,DISPATCH,UNIT_SCADA,1,"2022/10/20 14:00:00",MOLNGSF1,16.344240
D,DISPATCH,UNIT_SCADA,1,"2022/10/20 14:00:00",MOORAWF1,55.17
D,DISPATCH,UNIT_SCADA,1,"2022/10/20 14:00:00",MOREESF1,19.9420
D,DISPATCH,UNIT_SCADA,1,"2022/10/20 14:00:00",MORTLK11,0
D,DISPATCH,UNIT_SCADA,1,"2022/10/20 14:00:00",MORTLK12,0
D,DISPATCH,UNIT_SCADA,1,"2022/10/20 14:00:00",MOUSF1,0
D,DISPATCH,UNIT_SCADA,1,"2022/10/20 14:00:00",MP1,0
D,DISPATCH,UNIT_SCADA,1,"2022/10/20 14:00:00",MP2,356.047910
D,DISPATCH,UNIT_SCADA,1,"2022/10/20 14:00:00",MPP_1,145.665280
D,DISPATCH,UNIT_SCADA,1,"2022/10/20 14:00:00",MPP_2,177.816620
D,DISPATCH,UNIT_SCADA,1,"2022/10/20 14:00:00",MRTLSWF1,0
D,DISPATCH,UNIT_SCADA,1,"2022/10/20 14:00:00",MSTUART1,0
D,DISPATCH,UNIT_SCADA,1,"2022/10/20 14:00:00",MSTUART2,0
D,DISPATCH,UNIT_SCADA,1,"2022/10/20 14:00:00",MSTUART3,0
D,DISPATCH,UNIT_SCADA,1,"2022/10/20 14:00:00",MTGELWF1,41.654710
D,DISPATCH,UNIT_SCADA,1,"2022/10/20 14:00:00",MTMILLAR,11
D,DISPATCH,UNIT_SCADA,1,"2022/10/20 14:00:00",MURRAY,0
D,DISPATCH,UNIT_SCADA,1,"2022/10/20 14:00:00",MUSSELR1,0
D,DISPATCH,UNIT_SCADA,1,"2022/10/20 14:00:00",MUWAWF1,34.66
D,DISPATCH,UNIT_SCADA,1,"2022/10/20 14:00:00",MUWAWF2,22.40
D,DISPATCH,UNIT_SCADA,1,"2022/10/20 14:00:00",MWPS1PV1,4.30
D,DISPATCH,UNIT_SCADA,1,"2022/10/20 14:00:00",MWPS2PV1,2.69
D,DISPATCH,UNIT_SCADA,1,"2022/10/20 14:00:00",MWPS3PV1,0.63
D,DISPATCH,UNIT_SCADA,1,"2022/10/20 14:00:00",MWPS4PV1,1.43
D,DISPATCH,UNIT_SCADA,1,"2022/10/20 14:00:00",NBHWF1,0
D,DISPATCH,UNIT_SCADA,1,"2022/10/20 14:00:00",NEVERSF1,9.98
D,DISPATCH,UNIT_SCADA,1,"2022/10/20 14:00:00",NPS,0
D,DISPATCH,UNIT_SCADA,1,"2022/10/20 14:00:00",NUMURSF1,95.01
D,DISPATCH,UNIT_SCADA,1,"2022/10/20 14:00:00",NYNGAN1,0.50
D,DISPATCH,UNIT_SCADA,1,"2022/10/20 14:00:00",OAKEY1,0
D,DISPATCH,UNIT_SCADA,1,"2022/10/20 14:00:00",OAKEY1SF,10.2130
D,DISPATCH,UNIT_SCADA,1,"2022/10/20 14:00:00",OAKEY2,0
D,DISPATCH,UNIT_SCADA,1,"2022/10/20 14:00:00",OAKEY2SF,19.10
D,DISPATCH,UNIT_SCADA,1,"2022/10/20 14:00:00",OAKLAND1,10.70
D,DISPATCH,UNIT_SCADA,1,"2022/10/20 14:00:00",OSB-AG,0
D,DISPATCH,UNIT_SCADA,1,"2022/10/20 14:00:00",PAREPS1,0
D,DISPATCH,UNIT_SCADA,1,"2022/10/20 14:00:00",PAREPW1,77.21
D,DISPATCH,UNIT_SCADA,1,"2022/10/20 14:00:00",PARSF1,19.4995
D,DISPATCH,UNIT_SCADA,1,"2022/10/20 14:00:00",POAT110,0
D,DISPATCH,UNIT_SCADA,1,"2022/10/20 14:00:00",POAT220,0
D,DISPATCH,UNIT_SCADA,1,"2022/10/20 14:00:00",POR01,0
D,DISPATCH,UNIT_SCADA,1,"2022/10/20 14:00:00",POR03,0
D,DISPATCH,UNIT_SCADA,1,"2022/10/20 14:00:00",PPCCGT,0
D,DISPATCH,UNIT_SCADA,1,"2022/10/20 14:00:00",PTSTAN1,0
D,DISPATCH,UNIT_SCADA,1,"2022/10/20 14:00:00",PUMP1,0
D,DISPATCH,UNIT_SCADA,1,"2022/10/20 14:00:00",PUMP2,0
D,DISPATCH,UNIT_SCADA,1,"2022/10/20 14:00:00",QBYNBG1,0
D,DISPATCH,UNIT_SCADA,1,"2022/10/20 14:00:00",QBYNBL1,1.279480
D,DISPATCH,UNIT_SCADA,1,"2022/10/20 14:00:00",QPS1,0
D,DISPATCH,UNIT_SCADA,1,"2022/10/20 14:00:00",QPS2,0
D,DISPATCH,UNIT_SCADA,1,"2022/10/20 14:00:00",QPS3,0
D,DISPATCH,UNIT_SCADA,1,"2022/10/20 14:00:00",QPS4,0
D,DISPATCH,UNIT_SCADA,1,"2022/10/20 14:00:00",QPS5,72.68
D,DISPATCH,UNIT_SCADA,1,"2022/10/20 14:00:00",REECE1,0
D,DISPATCH,UNIT_SCADA,1,"2022/10/20 14:00:00",REECE2,0
D,DISPATCH,UNIT_SCADA,1,"2022/10/20 14:00:00",ROMA_7,0
D,DISPATCH,UNIT_SCADA,1,"2022/10/20 14:00:00",ROMA_8,0
D,DISPATCH,UNIT_SCADA,1,"2022/10/20 14:00:00",RRSF1,115.512750
D,DISPATCH,UNIT_SCADA,1,"2022/10/20 14:00:00",RT_NSW1,0
D,DISPATCH,UNIT_SCADA,1,"2022/10/20 14:00:00",RT_NSW2,0
D,DISPATCH,UNIT_SCADA,1,"2022/10/20 14:00:00",RT_NSW3,0
D,DISPATCH,UNIT_SCADA,1,"2022/10/20 14:00:00",RT_NSW4,0
D,DISPATCH,UNIT_SCADA,1,"2022/10/20 14:00:00",RT_NSW5,0
D,DISPATCH,UNIT_SCADA,1,"2022/10/20 14:00:00",RT_NSW6,0
D,DISPATCH,UNIT_SCADA,1,"2022/10/20 14:00:00",RT_QLD1,0
D,DISPATCH,UNIT_SCADA,1,"2022/10/20 14:00:00",RT_SA1,0
D,DISPATCH,UNIT_SCADA,1,"2022/10/20 14:00:00",RT_SA2,0
D,DISPATCH,UNIT_SCADA,1,"2022/10/20 14:00:00",RT_SA3,0
D,DISPATCH,UNIT_SCADA,1,"2022/10/20 14:00:00",RT_SA4,0
D,DISPATCH,UNIT_SCADA,1,"2022/10/20 14:00:00",RT_SA5,0
D,DISPATCH,UNIT_SCADA,1,"2022/10/20 14:00:00",RT_SA6,0
D,DISPATCH,UNIT_SCADA,1,"2022/10/20 14:00:00",RT_TAS1,0
D,DISPATCH,UNIT_SCADA,1,"2022/10/20 14:00:00",RT_VIC1,0
D,DISPATCH,UNIT_SCADA,1,"2022/10/20 14:00:00",RT_VIC10,0
D,DISPATCH,UNIT_SCADA,1,"2022/10/20 14:00:00",RT_VIC11,0
D,DISPATCH,UNIT_SCADA,1,"2022/10/20 14:00:00",RT_VIC12,0
D,DISPATCH,UNIT_SCADA,1,"2022/10/20 14:00:00",RT_VIC2,0
D,DISPATCH,UNIT_SCADA,1,"2022/10/20 14:00:00",RT_VIC3,0
D,DISPATCH,UNIT_SCADA,1,"2022/10/20 14:00:00",RT_VIC4,0
D,DISPATCH,UNIT_SCADA,1,"2022/10/20 14:00:00",RT_VIC5,0
D,DISPATCH,UNIT_SCADA,1,"2022/10/20 14:00:00",RT_VIC6,0
D,DISPATCH,UNIT_SCADA,1,"2022/10/20 14:00:00",RT_VIC7,0
D,DISPATCH,UNIT_SCADA,1,"2022/10/20 14:00:00",RT_VIC8,0
D,DISPATCH,UNIT_SCADA,1,"2022/10/20 14:00:00",RT_VIC9,0
D,DISPATCH,UNIT_SCADA,1,"2022/10/20 14:00:00",RUGBYR1,4.417540
D,DISPATCH,UNIT_SCADA,1,"2022/10/20 14:00:00",SALTCRK1,12.26
D,DISPATCH,UNIT_SCADA,1,"2022/10/20 14:00:00",SAPHWF1,0
D,DISPATCH,UNIT_SCADA,1,"2022/10/20 14:00:00",SEBSF1,7.175780
D,DISPATCH,UNIT_SCADA,1,"2022/10/20 14:00:00",SHGEN,0
D,DISPATCH,UNIT_SCADA,1,"2022/10/20 14:00:00",SHPUMP,0
D,DISPATCH,UNIT_SCADA,1,"2022/10/20 14:00:00",SITHE01,0.123710
D,DISPATCH,UNIT_SCADA,1,"2022/10/20 14:00:00",SMCSF1,69.6060
D,DISPATCH,UNIT_SCADA,1,"2022/10/20 14:00:00",SNAPPER1,0
D,DISPATCH,UNIT_SCADA,1,"2022/10/20 14:00:00",SNOWNTH1,27.10
D,DISPATCH,UNIT_SCADA,1,"2022/10/20 14:00:00",SNOWSTH1,20.30
D,DISPATCH,UNIT_SCADA,1,"2022/10/20 14:00:00",SNOWTWN1,26.162240
D,DISPATCH,UNIT_SCADA,1,"2022/10/20 14:00:00",SNOWYP,0
D,DISPATCH,UNIT_SCADA,1,"2022/10/20 14:00:00",SNUG1,0
D,DISPATCH,UNIT_SCADA,1,"2022/10/20 14:00:00",SRSF1,7.26
D,DISPATCH,UNIT_SCADA,1,"2022/10/20 14:00:00",STAN-1,333.967770
D,DISPATCH,UNIT_SCADA,1,"2022/10/20 14:00:00",STAN-2,362.1413
D,DISPATCH,UNIT_SCADA,1,"2022/10/20 14:00:00",STAN-3,158.991990
D,DISPATCH,UNIT_SCADA,1,"2022/10/20 14:00:00",STAN-4,363.602540
D,DISPATCH,UNIT_SCADA,1,"2022/10/20 14:00:00",STARHLWF,0.01
D,DISPATCH,UNIT_SCADA,1,"2022/10/20 14:00:00",STOCKYD1,118.86
D,DISPATCH,UNIT_SCADA,1,"2022/10/20 14:00:00",STWF1,0
D,DISPATCH,UNIT_SCADA,1,"2022/10/20 14:00:00",SUNRSF1,79.052410
D,DISPATCH,UNIT_SCADA,1,"2022/10/20 14:00:00",SUNTPSF1,7.814450
D,DISPATCH,UNIT_SCADA,1,"2022/10/20 14:00:00",SWAN_E,190.221880
D,DISPATCH,UNIT_SCADA,1,"2022/10/20 14:00:00",TALWA1,0
D,DISPATCH,UNIT_SCADA,1,"2022/10/20 14:00:00",TARALGA1,0
D,DISPATCH,UNIT_SCADA,1,"2022/10/20 14:00:00",TARONG#1,345.899990
D,DISPATCH,UNIT_SCADA,1,"2022/10/20 14:00:00",TARONG#2,345.300020
D,DISPATCH,UNIT_SCADA,1,"2022/10/20 14:00:00",TARONG#3,0.90
D,DISPATCH,UNIT_SCADA,1,"2022/10/20 14:00:00",TARONG#4,285.600010
D,DISPATCH,UNIT_SCADA,1,"2022/10/20 14:00:00",TARRALEA,54
D,DISPATCH,UNIT_SCADA,1,"2022/10/20 14:00:00",TBSF1,0.10
D,DISPATCH,UNIT_SCADA,1,"2022/10/20 14:00:00",TNPS1,318.6250
D,DISPATCH,UNIT_SCADA,1,"2022/10/20 14:00:00",TORRB1,0
D,DISPATCH,UNIT_SCADA,1,"2022/10/20 14:00:00",TORRB2,41
D,DISPATCH,UNIT_SCADA,1,"2022/10/20 14:00:00",TORRB3,0
D,DISPATCH,UNIT_SCADA,1,"2022/10/20 14:00:00",TORRB4,0
D,DISPATCH,UNIT_SCADA,1,"2022/10/20 14:00:00",TREVALLN,100.129110
D,DISPATCH,UNIT_SCADA,1,"2022/10/20 14:00:00",TRIBUTE,0
D,DISPATCH,UNIT_SCADA,1,"2022/10/20 14:00:00",TUMUT3,131.20
D,DISPATCH,UNIT_SCADA,1,"2022/10/20 14:00:00",TUNGATIN,4.980020
D,DISPATCH,UNIT_SCADA,1,"2022/10/20 14:00:00",TVCC201,0
D,DISPATCH,UNIT_SCADA,1,"2022/10/20 14:00:00",TVPP104,0
D,DISPATCH,UNIT_SCADA,1,"2022/10/20 14:00:00",UPPTUMUT,0
D,DISPATCH,UNIT_SCADA,1,"2022/10/20 14:00:00",URANQ11,0
D,DISPATCH,UNIT_SCADA,1,"2022/10/20 14:00:00",URANQ12,0
D,DISPATCH,UNIT_SCADA,1,"2022/10/20 14:00:00",URANQ13,0
D,DISPATCH,UNIT_SCADA,1,"2022/10/20 14:00:00",URANQ14,0
D,DISPATCH,UNIT_SCADA,1,"2022/10/20 14:00:00",VBBG1,0
D,DISPATCH,UNIT_SCADA,1,"2022/10/20 14:00:00",VBBL1,25.40
D,DISPATCH,UNIT_SCADA,1,"2022/10/20 14:00:00",VP5,540.885620
D,DISPATCH,UNIT_SCADA,1,"2022/10/20 14:00:00",VP6,540.836790
D,DISPATCH,UNIT_SCADA,1,"2022/10/20 14:00:00",VPGS1,0
D,DISPATCH,UNIT_SCADA,1,"2022/10/20 14:00:00",VPGS2,0
D,DISPATCH,UNIT_SCADA,1,"2022/10/20 14:00:00",VPGS3,0
D,DISPATCH,UNIT_SCADA,1,"2022/10/20 14:00:00",VPGS4,0
D,DISPATCH,UNIT_SCADA,1,"2022/10/20 14:00:00",VPGS5,0
D,DISPATCH,UNIT_SCADA,1,"2022/10/20 14:00:00",VPGS6,0
D,DISPATCH,UNIT_SCADA,1,"2022/10/20 14:00:00",W/HOE#1,0
D,DISPATCH,UNIT_SCADA,1,"2022/10/20 14:00:00",W/HOE#2,0
D,DISPATCH,UNIT_SCADA,1,"2022/10/20 14:00:00",WAGGNSF1,0
D,DISPATCH,UNIT_SCADA,1,"2022/10/20 14:00:00",WALGRVG1,0
D,DISPATCH,UNIT_SCADA,1,"2022/10/20 14:00:00",WALGRVL1,0.054920
D,DISPATCH,UNIT_SCADA,1,"2022/10/20 14:00:00",WANDBG1,0
D,DISPATCH,UNIT_SCADA,1,"2022/10/20 14:00:00",WANDBL1,0
D,DISPATCH,UNIT_SCADA,1,"2022/10/20 14:00:00",WARWSF1,16.06
D,DISPATCH,UNIT_SCADA,1,"2022/10/20 14:00:00",WARWSF2,12.33
D,DISPATCH,UNIT_SCADA,1,"2022/10/20 14:00:00",WATERLWF,7
D,DISPATCH,UNIT_SCADA,1,"2022/10/20 14:00:00",WDGPH1,111.776010
D,DISPATCH,UNIT_SCADA,1,"2022/10/20 14:00:00",WELLSF1,14.163420
D,DISPATCH,UNIT_SCADA,1,"2022/10/20 14:00:00",WEMENSF1,73.80
D,DISPATCH,UNIT_SCADA,1,"2022/10/20 14:00:00",WGWF1,6.10
D,DISPATCH,UNIT_SCADA,1,"2022/10/20 14:00:00",WHITSF1,28.80
D,DISPATCH,UNIT_SCADA,1,"2022/10/20 14:00:00",WINTSF1,46.44
D,DISPATCH,UNIT_SCADA,1,"2022/10/20 14:00:00",WKIEWA1,31.90
D,DISPATCH,UNIT_SCADA,1,"2022/10/20 14:00:00",WKIEWA2,14
D,DISPATCH,UNIT_SCADA,1,"2022/10/20 14:00:00",WOODLWN1,16.1062
D,DISPATCH,UNIT_SCADA,1,"2022/10/20 14:00:00",WOOLGSF1,11.974140
D,DISPATCH,UNIT_SCADA,1,"2022/10/20 14:00:00",WPWF,31.19
D,DISPATCH,UNIT_SCADA,1,"2022/10/20 14:00:00",WRSF1,5.620290
D,DISPATCH,UNIT_SCADA,1,"2022/10/20 14:00:00",WRWF1,0
D,DISPATCH,UNIT_SCADA,1,"2022/10/20 14:00:00",WSTWYSF1,0.9455
D,DISPATCH,UNIT_SCADA,1,"2022/10/20 14:00:00",YABULU,0
D,DISPATCH,UNIT_SCADA,1,"2022/10/20 14:00:00",YABULU2,0
D,DISPATCH,UNIT_SCADA,1,"2022/10/20 14:00:00",YARANSF1,16.58
D,DISPATCH,UNIT_SCADA,1,"2022/10/20 14:00:00",YARWUN_1,160.41
D,DISPATCH,UNIT_SCADA,1,"2022/10/20 14:00:00",YATSF1,54.40
D,DISPATCH,UNIT_SCADA,1,"2022/10/20 14:00:00",YENDWF1,40.24
D,DISPATCH,UNIT_SCADA,1,"2022/10/20 14:00:00",YWPS1,287.465820
D,DISPATCH,UNIT_SCADA,1,"2022/10/20 14:00:00",YWPS2,283.706330
D,DISPATCH,UNIT_SCADA,1,"2022/10/20 14:00:00",YWPS3,297.287350
D,DISPATCH,UNIT_SCADA,1,"2022/10/20 14:00:00",YWPS4,0
C,"END OF REPORT",419
