C,NEMP.WORLD,DISPATCHSCADA,AEMO,PUBLIC,2022/10/20,18:50:09,0000000373274428,DISPATCHSCADA,0000000373274422
I,DISPATCH,UNIT_SCADA,1,SETTLEMENTDATE,DUID,SCADAVALUE
D,DISPATCH,UNIT_SCADA,1,"2022/10/20 18:55:00",BARCSF1,0.10
D,DISPATCH,UNIT_SCADA,1,"2022/10/20 18:55:00",BUTLERSG,8.699999
D,DISPATCH,UNIT_SCADA,1,"2022/10/20 18:55:00",CAPTL_WF,85.786469
D,DISPATCH,UNIT_SCADA,1,"2022/10/20 18:55:00",CHALLHWF,6.70
D,DISPATCH,UNIT_SCADA,1,"2022/10/20 18:55:00",CLOVER,13.06
D,DISPATCH,UNIT_SCADA,1,"2022/10/20 18:55:00",CLUNY,6.362555
D,DISPATCH,UNIT_SCADA,1,"2022/10/20 18:55:00",CULLRGWF,-0.02
D,DISPATCH,UNIT_SCADA,1,"2022/10/20 18:55:00",DIAPURWF1,1.80
D,DISPATCH,UNIT_SCADA,1,"2022/10/20 18:55:00",ERGT01,0
D,DISPATCH,UNIT_SCADA,1,"2022/10/20 18:55:00",GB01,0
D,DISPATCH,UNIT_SCADA,1,"2022/10/20 18:55:00",GERMCRK,20.60
D,DISPATCH,UNIT_SCADA,1,"2022/10/20 18:55:00",GRIFSF1,0.001526
D,DISPATCH,UNIT_SCADA,1,"2022/10/20 18:55:00",HEZ1,0
D,DISPATCH,UNIT_SCADA,1,"2022/10/20 18:55:00",HUGSF1,-0.0420
D,DISPATCH,UNIT_SCADA,1,"2022/10/20 18:55:00",KEPBG1,2.01
D,DISPATCH,UNIT_SCADA,1,"2022/10/20 18:55:00",LRSF1,0.0110
D,DISPATCH,UNIT_SCADA,1,"2022/10/20 18:55:00",MBAHNTH,43.706253
D,DISPATCH,UNIT_SCADA,1,"2022/10/20 18:55:00",MLSP1,0
D,DISPATCH,UNIT_SCADA,1,"2022/10/20 18:55:00",MLWF1,5.94
D,DISPATCH,UNIT_SCADA,1,"2022/10/20 18:55:00",PALOONA,30.679998
D,DISPATCH,UNIT_SCADA,1,"2022/10/20 18:55:00",PIONEER,40.700001
D,DISPATCH,UNIT_SCADA,1,"2022/10/20 18:55:00",PORTWF,43.400002
D,DISPATCH,UNIT_SCADA,1,"2022/10/20 18:55:00",REPULSE,9.911651
D,DISPATCH,UNIT_SCADA,1,"2022/10/20 18:55:00",ROWALLAN,8.974401
D,DISPATCH,UNIT_SCADA,1,"2022/10/20 18:55:00",ROYALLA1,0
D,DISPATCH,UNIT_SCADA,1,"2022/10/20 18:55:00",RPCG,-1.80
D,DISPATCH,UNIT_SCADA,1,"2022/10/20 18:55:00",RUBICON,0
D,DISPATCH,UNIT_SCADA,1,"2022/10/20 18:55:00",WAUBRAWF,70.512001
D,DISPATCH,UNIT_SCADA,1,"2022/10/20 18:55:00",WOOLNTH1,95.409996
D,DISPATCH,UNIT_SCADA,1,"2022/10/20 18:55:00",YAMBUKWF,6
D,DISPATCH,UNIT_SCADA,1,"2022/10/20 18:55:00",YSWF1,1.60
D,DISPATCH,UNIT_SCADA,1,"2022/10/20 18:55:00",ADPBA1G,0.0080
D,DISPATCH,UNIT_SCADA,1,"2022/10/20 18:55:00",ADPBA1L,0
D,DISPATCH,UNIT_SCADA,1,"2022/10/20 18:55:00",ADPPV1,0.1720
D,DISPATCH,UNIT_SCADA,1,"2022/10/20 18:55:00",AGLHAL,30.7703
D,DISPATCH,UNIT_SCADA,1,"2022/10/20 18:55:00",AGLSOM,0
D,DISPATCH,UNIT_SCADA,1,"2022/10/20 18:55:00",ANGAST1,0
D,DISPATCH,UNIT_SCADA,1,"2022/10/20 18:55:00",ARWF1,62.60
D,DISPATCH,UNIT_SCADA,1,"2022/10/20 18:55:00",BALBG1,0
D,DISPATCH,UNIT_SCADA,1,"2022/10/20 18:55:00",BALBL1,0
D,DISPATCH,UNIT_SCADA,1,"2022/10/20 18:55:00",BALDHWF1,101.0460
D,DISPATCH,UNIT_SCADA,1,"2022/10/20 18:55:00",BANGOWF1,83.299610
D,DISPATCH,UNIT_SCADA,1,"2022/10/20 18:55:00",BANGOWF2,65.897540
D,DISPATCH,UNIT_SCADA,1,"2022/10/20 18:55:00",BANN1,0
D,DISPATCH,UNIT_SCADA,1,"2022/10/20 18:55:00",BARCALDN,0
D,DISPATCH,UNIT_SCADA,1,"2022/10/20 18:55:00",BARKIPS1,192.19
D,DISPATCH,UNIT_SCADA,1,"2022/10/20 18:55:00",BARRON-1,27.84
D,DISPATCH,UNIT_SCADA,1,"2022/10/20 18:55:00",BARRON-2,28.12
D,DISPATCH,UNIT_SCADA,1,"2022/10/20 18:55:00",BASTYAN,69.45
D,DISPATCH,UNIT_SCADA,1,"2022/10/20 18:55:00",BBTHREE1,0
D,DISPATCH,UNIT_SCADA,1,"2022/10/20 18:55:00",BBTHREE2,0
D,DISPATCH,UNIT_SCADA,1,"2022/10/20 18:55:00",BBTHREE3,-1.07
D,DISPATCH,UNIT_SCADA,1,"2022/10/20 18:55:00",BDL01,0
D,DISPATCH,UNIT_SCADA,1,"2022/10/20 18:55:00",BDL02,0
D,DISPATCH,UNIT_SCADA,1,"2022/10/20 18:55:00",BERYLSF1,0
D,DISPATCH,UNIT_SCADA,1,"2022/10/20 18:55:00",BLOWERNG,62.60
D,DISPATCH,UNIT_SCADA,1,"2022/10/20 18:55:00",BLUEGSF1,0
D,DISPATCH,UNIT_SCADA,1,"2022/10/20 18:55:00",BLUFF1,0.90
D,DISPATCH,UNIT_SCADA,1,"2022/10/20 18:55:00",BNGSF1,1.16
D,DISPATCH,UNIT_SCADA,1,"2022/10/20 18:55:00",BNGSF2,1.06
D,DISPATCH,UNIT_SCADA,1,"2022/10/20 18:55:00",BOCORWF1,44.28
D,DISPATCH,UNIT_SCADA,1,"2022/10/20 18:55:00",BODWF1,111.671860
D,DISPATCH,UNIT_SCADA,1,"2022/10/20 18:55:00",BOMENSF1,0
D,DISPATCH,UNIT_SCADA,1,"2022/10/20 18:55:00",BOWWBA1G,0
D,DISPATCH,UNIT_SCADA,1,"2022/10/20 18:55:00",BOWWBA1L,0.0030
D,DISPATCH,UNIT_SCADA,1,"2022/10/20 18:55:00",BOWWPV1,0
D,DISPATCH,UNIT_SCADA,1,"2022/10/20 18:55:00",BRAEMAR1,0
D,DISPATCH,UNIT_SCADA,1,"2022/10/20 18:55:00",BRAEMAR2,0
D,DISPATCH,UNIT_SCADA,1,"2022/10/20 18:55:00",BRAEMAR3,0
D,DISPATCH,UNIT_SCADA,1,"2022/10/20 18:55:00",BRAEMAR5,143.823960
D,DISPATCH,UNIT_SCADA,1,"2022/10/20 18:55:00",BRAEMAR6,0
D,DISPATCH,UNIT_SCADA,1,"2022/10/20 18:55:00",BRAEMAR7,153.3914
D,DISPATCH,UNIT_SCADA,1,"2022/10/20 18:55:00",BROKENH1,0
D,DISPATCH,UNIT_SCADA,1,"2022/10/20 18:55:00",BRYB1WF1,99.052410
D,DISPATCH,UNIT_SCADA,1,"2022/10/20 18:55:00",BULBESG1,0
D,DISPATCH,UNIT_SCADA,1,"2022/10/20 18:55:00",BULBESL1,0.03
D,DISPATCH,UNIT_SCADA,1,"2022/10/20 18:55:00",BULGANA1,72.25
D,DISPATCH,UNIT_SCADA,1,"2022/10/20 18:55:00",BW01,657.761470
D,DISPATCH,UNIT_SCADA,1,"2022/10/20 18:55:00",BW02,638.181150
D,DISPATCH,UNIT_SCADA,1,"2022/10/20 18:55:00",BW03,613.742250
D,DISPATCH,UNIT_SCADA,1,"2022/10/20 18:55:00",BW04,0
D,DISPATCH,UNIT_SCADA,1,"2022/10/20 18:55:00",CALL_B_1,319.200010
D,DISPATCH,UNIT_SCADA,1,"2022/10/20 18:55:00",CALL_B_2,318.399990
D,DISPATCH,UNIT_SCADA,1,"2022/10/20 18:55:00",CATHROCK,6.80
D,DISPATCH,UNIT_SCADA,1,"2022/10/20 18:55:00",CBWWBA1G,0
D,DISPATCH,UNIT_SCADA,1,"2022/10/20 18:55:00",CBWWBA1L,0
D,DISPATCH,UNIT_SCADA,1,"2022/10/20 18:55:00",CETHANA,97.9450
D,DISPATCH,UNIT_SCADA,1,"2022/10/20 18:55:00",CG1,0
D,DISPATCH,UNIT_SCADA,1,"2022/10/20 18:55:00",CG2,0
D,DISPATCH,UNIT_SCADA,1,"2022/10/20 18:55:00",CG3,0
D,DISPATCH,UNIT_SCADA,1,"2022/10/20 18:55:00",CG4,0
D,DISPATCH,UNIT_SCADA,1,"2022/10/20 18:55:00",CHILDSF1,0
D,DISPATCH,UNIT_SCADA,1,"2022/10/20 18:55:00",CHYTWF1,12.73
D,DISPATCH,UNIT_SCADA,1,"2022/10/20 18:55:00",CLARESF1,0
D,DISPATCH,UNIT_SCADA,1,"2022/10/20 18:55:00",CLEMGPWF,8.788270
D,DISPATCH,UNIT_SCADA,1,"2022/10/20 18:55:00",CLERMSF1,0
D,DISPATCH,UNIT_SCADA,1,"2022/10/20 18:55:00",CNUNDAWF,13.315530
D,DISPATCH,UNIT_SCADA,1,"2022/10/20 18:55:00",COHUNSF1,0
D,DISPATCH,UNIT_SCADA,1,"2022/10/20 18:55:00",COLEASF1,0
D,DISPATCH,UNIT_SCADA,1,"2022/10/20 18:55:00",COLUMSF1,0
D,DISPATCH,UNIT_SCADA,1,"2022/10/20 18:55:00",COLWF01,137.225910
D,DISPATCH,UNIT_SCADA,1,"2022/10/20 18:55:00",COOPGWF1,358
D,DISPATCH,UNIT_SCADA,1,"2022/10/20 18:55:00",CPP_3,369.8750
D,DISPATCH,UNIT_SCADA,1,"2022/10/20 18:55:00",CPP_4,0
D,DISPATCH,UNIT_SCADA,1,"2022/10/20 18:55:00",CPSA,0
D,DISPATCH,UNIT_SCADA,1,"2022/10/20 18:55:00",CROOKWF2,47.804070
D,DISPATCH,UNIT_SCADA,1,"2022/10/20 18:55:00",CROWLWF1,31.137790
D,DISPATCH,UNIT_SCADA,1,"2022/10/20 18:55:00",CRURWF1,110.395590
D,DISPATCH,UNIT_SCADA,1,"2022/10/20 18:55:00",CRWASF1,0.015070
D,DISPATCH,UNIT_SCADA,1,"2022/10/20 18:55:00",CSPVPS1,0
D,DISPATCH,UNIT_SCADA,1,"2022/10/20 18:55:00",CTHLWF1,0.003050
D,DISPATCH,UNIT_SCADA,1,"2022/10/20 18:55:00",DALNTH01,4.945440
D,DISPATCH,UNIT_SCADA,1,"2022/10/20 18:55:00",DALNTHL1,0
D,DISPATCH,UNIT_SCADA,1,"2022/10/20 18:55:00",DARLSF1,0
D,DISPATCH,UNIT_SCADA,1,"2022/10/20 18:55:00",DARTM1,0
D,DISPATCH,UNIT_SCADA,1,"2022/10/20 18:55:00",DAYDSF1,0
D,DISPATCH,UNIT_SCADA,1,"2022/10/20 18:55:00",DDPS1,0
D,DISPATCH,UNIT_SCADA,1,"2022/10/20 18:55:00",DDSF1,0
D,DISPATCH,UNIT_SCADA,1,"2022/10/20 18:55:00",DEVILS_G,60.324110
D,DISPATCH,UNIT_SCADA,1,"2022/10/20 18:55:00",DG_NSW1,0
D,DISPATCH,UNIT_SCADA,1,"2022/10/20 18:55:00",DG_QLD1,0
D,DISPATCH,UNIT_SCADA,1,"2022/10/20 18:55:00",DG_SA1,0
D,DISPATCH,UNIT_SCADA,1,"2022/10/20 18:55:00",DG_TAS1,0
D,DISPATCH,UNIT_SCADA,1,"2022/10/20 18:55:00",DG_VIC1,0
D,DISPATCH,UNIT_SCADA,1,"2022/10/20 18:55:00",DRYCGT1,0
D,DISPATCH,UNIT_SCADA,1,"2022/10/20 18:55:00",DRYCGT2,0
D,DISPATCH,UNIT_SCADA,1,"2022/10/20 18:55:00",DRYCGT3,0
D,DISPATCH,UNIT_SCADA,1,"2022/10/20 18:55:00",DUNDWF1,85
D,DISPATCH,UNIT_SCADA,1,"2022/10/20 18:55:00",DUNDWF2,28.82
D,DISPATCH,UNIT_SCADA,1,"2022/10/20 18:55:00",DUNDWF3,63.62
D,DISPATCH,UNIT_SCADA,1,"2022/10/20 18:55:00",EILDON1,59.60
D,DISPATCH,UNIT_SCADA,1,"2022/10/20 18:55:00",EILDON2,59.92
D,DISPATCH,UNIT_SCADA,1,"2022/10/20 18:55:00",ELAINWF1,12.62
D,DISPATCH,UNIT_SCADA,1,"2022/10/20 18:55:00",EMERASF1,0
D,DISPATCH,UNIT_SCADA,1,"2022/10/20 18:55:00",ER01,0
D,DISPATCH,UNIT_SCADA,1,"2022/10/20 18:55:00",ER02,540.376890
D,DISPATCH,UNIT_SCADA,1,"2022/10/20 18:55:00",ER03,639.206540
D,DISPATCH,UNIT_SCADA,1,"2022/10/20 18:55:00",ER04,698.240660
D,DISPATCH,UNIT_SCADA,1,"2022/10/20 18:55:00",FINLYSF1,0
D,DISPATCH,UNIT_SCADA,1,"2022/10/20 18:55:00",FISHER,43.99
D,DISPATCH,UNIT_SCADA,1,"2022/10/20 18:55:00",GANGARR1,0
D,DISPATCH,UNIT_SCADA,1,"2022/10/20 18:55:00",GANNBG1,19.815330
D,DISPATCH,UNIT_SCADA,1,"2022/10/20 18:55:00",GANNBL1,0
D,DISPATCH,UNIT_SCADA,1,"2022/10/20 18:55:00",GANNSF1,0
D,DISPATCH,UNIT_SCADA,1,"2022/10/20 18:55:00",GLRWNSF1,0
D,DISPATCH,UNIT_SCADA,1,"2022/10/20 18:55:00",GNNDHSF1,0
D,DISPATCH,UNIT_SCADA,1,"2022/10/20 18:55:00",GOONSF1,0
D,DISPATCH,UNIT_SCADA,1,"2022/10/20 18:55:00",GORDON,250.081150
D,DISPATCH,UNIT_SCADA,1,"2022/10/20 18:55:00",GRANWF1,0
D,DISPATCH,UNIT_SCADA,1,"2022/10/20 18:55:00",GSTONE1,220.50
D,DISPATCH,UNIT_SCADA,1,"2022/10/20 18:55:00",GSTONE2,0
D,DISPATCH,UNIT_SCADA,1,"2022/10/20 18:55:00",GSTONE3,201.4250
D,DISPATCH,UNIT_SCADA,1,"2022/10/20 18:55:00",GSTONE4,0
D,DISPATCH,UNIT_SCADA,1,"2022/10/20 18:55:00",GSTONE5,219.974990
D,DISPATCH,UNIT_SCADA,1,"2022/10/20 18:55:00",GSTONE6,219.45
D,DISPATCH,UNIT_SCADA,1,"2022/10/20 18:55:00",GULLRSF1,0
D,DISPATCH,UNIT_SCADA,1,"2022/10/20 18:55:00",GULLRWF1,85.823690
D,DISPATCH,UNIT_SCADA,1,"2022/10/20 18:55:00",GULLRWF2,104.033330
D,DISPATCH,UNIT_SCADA,1,"2022/10/20 18:55:00",GUNNING1,0
D,DISPATCH,UNIT_SCADA,1,"2022/10/20 18:55:00",GUTHEGA,67.30
D,DISPATCH,UNIT_SCADA,1,"2022/10/20 18:55:00",HALLWF1,2.55
D,DISPATCH,UNIT_SCADA,1,"2022/10/20 18:55:00",HALLWF2,3.05
D,DISPATCH,UNIT_SCADA,1,"2022/10/20 18:55:00",HAMISF1,0
D,DISPATCH,UNIT_SCADA,1,"2022/10/20 18:55:00",HAUGHT11,0
D,DISPATCH,UNIT_SCADA,1,"2022/10/20 18:55:00",HAYMSF1,0
D,DISPATCH,UNIT_SCADA,1,"2022/10/20 18:55:00",HDWF1,10.90
D,DISPATCH,UNIT_SCADA,1,"2022/10/20 18:55:00",HDWF2,8.60
D,DISPATCH,UNIT_SCADA,1,"2022/10/20 18:55:00",HDWF3,11.40
D,DISPATCH,UNIT_SCADA,1,"2022/10/20 18:55:00",HILLSTN1,0
D,DISPATCH,UNIT_SCADA,1,"2022/10/20 18:55:00",HPRG1,0.50
D,DISPATCH,UNIT_SCADA,1,"2022/10/20 18:55:00",HPRL1,0
D,DISPATCH,UNIT_SCADA,1,"2022/10/20 18:55:00",HUMENSW,53.758460
D,DISPATCH,UNIT_SCADA,1,"2022/10/20 18:55:00",HUMEV,0
D,DISPATCH,UNIT_SCADA,1,"2022/10/20 18:55:00",HVWWBA1G,0
D,DISPATCH,UNIT_SCADA,1,"2022/10/20 18:55:00",HVWWBA1L,0.0060
D,DISPATCH,UNIT_SCADA,1,"2022/10/20 18:55:00",HVWWPV1,0.0370
D,DISPATCH,UNIT_SCADA,1,"2022/10/20 18:55:00",JBUTTERS,9.527880
D,DISPATCH,UNIT_SCADA,1,"2022/10/20 18:55:00",JEMALNG1,0
D,DISPATCH,UNIT_SCADA,1,"2022/10/20 18:55:00",JLA01,0
D,DISPATCH,UNIT_SCADA,1,"2022/10/20 18:55:00",JLA02,0
D,DISPATCH,UNIT_SCADA,1,"2022/10/20 18:55:00",JLA03,0
D,DISPATCH,UNIT_SCADA,1,"2022/10/20 18:55:00",JLA04,0
D,DISPATCH,UNIT_SCADA,1,"2022/10/20 18:55:00",JLB01,0
D,DISPATCH,UNIT_SCADA,1,"2022/10/20 18:55:00",JLB02,0.10
D,DISPATCH,UNIT_SCADA,1,"2022/10/20 18:55:00",JLB03,0
D,DISPATCH,UNIT_SCADA,1,"2022/10/20 18:55:00",JUNEESF1,0
D,DISPATCH,UNIT_SCADA,1,"2022/10/20 18:55:00",KABANWF1,0.6940
D,DISPATCH,UNIT_SCADA,1,"2022/10/20 18:55:00",KAREEYA1,0
D,DISPATCH,UNIT_SCADA,1,"2022/10/20 18:55:00",KAREEYA2,0
D,DISPATCH,UNIT_SCADA,1,"2022/10/20 18:55:00",KAREEYA3,4.72
D,DISPATCH,UNIT_SCADA,1,"2022/10/20 18:55:00",KAREEYA4,0
D,DISPATCH,UNIT_SCADA,1,"2022/10/20 18:55:00",KARSF1,0
D,DISPATCH,UNIT_SCADA,1,"2022/10/20 18:55:00",KEPSF1,0
D,DISPATCH,UNIT_SCADA,1,"2022/10/20 18:55:00",KEPWF1,6.04
D,DISPATCH,UNIT_SCADA,1,"2022/10/20 18:55:00",KIAMSF1,0
D,DISPATCH,UNIT_SCADA,1,"2022/10/20 18:55:00",KIATAWF1,3.90
D,DISPATCH,UNIT_SCADA,1,"2022/10/20 18:55:00",KPP_1,0
D,DISPATCH,UNIT_SCADA,1,"2022/10/20 18:55:00",KSP1,0
D,DISPATCH,UNIT_SCADA,1,"2022/10/20 18:55:00",LADBROK1,0.02
D,DISPATCH,UNIT_SCADA,1,"2022/10/20 18:55:00",LADBROK2,0.01
D,DISPATCH,UNIT_SCADA,1,"2022/10/20 18:55:00",LBBG1,1.20
D,DISPATCH,UNIT_SCADA,1,"2022/10/20 18:55:00",LBBL1,0
D,DISPATCH,UNIT_SCADA,1,"2022/10/20 18:55:00",LD01,376.769320
D,DISPATCH,UNIT_SCADA,1,"2022/10/20 18:55:00",LD02,37.940610
D,DISPATCH,UNIT_SCADA,1,"2022/10/20 18:55:00",LD04,307.937870
D,DISPATCH,UNIT_SCADA,1,"2022/10/20 18:55:00",LEM_WIL,86.898880
D,DISPATCH,UNIT_SCADA,1,"2022/10/20 18:55:00",LGAPWF1,77.439990
D,DISPATCH,UNIT_SCADA,1,"2022/10/20 18:55:00",LGAPWF2,57.56
D,DISPATCH,UNIT_SCADA,1,"2022/10/20 18:55:00",LILYSF1,0
D,DISPATCH,UNIT_SCADA,1,"2022/10/20 18:55:00",LIMOSF11,0
D,DISPATCH,UNIT_SCADA,1,"2022/10/20 18:55:00",LIMOSF21,0
D,DISPATCH,UNIT_SCADA,1,"2022/10/20 18:55:00",LI_WY_CA,62.9938
D,DISPATCH,UNIT_SCADA,1,"2022/10/20 18:55:00",LKBONNY1,17.9512
D,DISPATCH,UNIT_SCADA,1,"2022/10/20 18:55:00",LKBONNY2,47.0154
D,DISPATCH,UNIT_SCADA,1,"2022/10/20 18:55:00",LKBONNY3,11.666810
D,DISPATCH,UNIT_SCADA,1,"2022/10/20 18:55:00",LK_ECHO,0
D,DISPATCH,UNIT_SCADA,1,"2022/10/20 18:55:00",LNGS1,0
D,DISPATCH,UNIT_SCADA,1,"2022/10/20 18:55:00",LNGS2,0
D,DISPATCH,UNIT_SCADA,1,"2022/10/20 18:55:00",LONSDALE,0
D,DISPATCH,UNIT_SCADA,1,"2022/10/20 18:55:00",LOYYB1,579.322810
D,DISPATCH,UNIT_SCADA,1,"2022/10/20 18:55:00",LOYYB2,574.059510
D,DISPATCH,UNIT_SCADA,1,"2022/10/20 18:55:00",LYA1,558
D,DISPATCH,UNIT_SCADA,1,"2022/10/20 18:55:00",LYA2,0
D,DISPATCH,UNIT_SCADA,1,"2022/10/20 18:55:00",LYA3,557
D,DISPATCH,UNIT_SCADA,1,"2022/10/20 18:55:00",LYA4,559
D,DISPATCH,UNIT_SCADA,1,"2022/10/20 18:55:00",MACARTH1,59.498630
D,DISPATCH,UNIT_SCADA,1,"2022/10/20 18:55:00",MACKNTSH,74.40
D,DISPATCH,UNIT_SCADA,1,"2022/10/20 18:55:00",MANSLR1,0
D,DISPATCH,UNIT_SCADA,1,"2022/10/20 18:55:00",MAPS2PV1,0
D,DISPATCH,UNIT_SCADA,1,"2022/10/20 18:55:00",MAPS3PV1,0
D,DISPATCH,UNIT_SCADA,1,"2022/10/20 18:55:00",MARYRSF1,0
D,DISPATCH,UNIT_SCADA,1,"2022/10/20 18:55:00",MBPS2PV1,0
D,DISPATCH,UNIT_SCADA,1,"2022/10/20 18:55:00",MCKAY1,218.695010
D,DISPATCH,UNIT_SCADA,1,"2022/10/20 18:55:00",MEADOWBK,19.948840
D,DISPATCH,UNIT_SCADA,1,"2022/10/20 18:55:00",MERCER01,14.70
D,DISPATCH,UNIT_SCADA,1,"2022/10/20 18:55:00",METZSF1,0
D,DISPATCH,UNIT_SCADA,1,"2022/10/20 18:55:00",MEWF1,19.049470
D,DISPATCH,UNIT_SCADA,1,"2022/10/20 18:55:00",MIDDLSF1,0
D,DISPATCH,UNIT_SCADA,1,"2022/10/20 18:55:00",MINTARO,0.128180
D,DISPATCH,UNIT_SCADA,1,"2022/10/20 18:55:00",MOLNGSF1,0
D,DISPATCH,UNIT_SCADA,1,"2022/10/20 18:55:00",MOORAWF1,7.62
D,DISPATCH,UNIT_SCADA,1,"2022/10/20 18:55:00",MOREESF1,0
D,DISPATCH,UNIT_SCADA,1,"2022/10/20 18:55:00",MORTLK11,0
D,DISPATCH,UNIT_SCADA,1,"2022/10/20 18:55:00",MORTLK12,0
D,DISPATCH,UNIT_SCADA,1,"2022/10/20 18:55:00",MOUSF1,0
D,DISPATCH,UNIT_SCADA,1,"2022/10/20 18:55:00",MP1,0
D,DISPATCH,UNIT_SCADA,1,"2022/10/20 18:55:00",MP2,639.548340
D,DISPATCH,UNIT_SCADA,1,"2022/10/20 18:55:00",MPP_1,190.4971
D,DISPATCH,UNIT_SCADA,1,"2022/10/20 18:55:00",MPP_2,176.534850
D,DISPATCH,UNIT_SCADA,1,"2022/10/20 18:55:00",MRTLSWF1,0
D,DISPATCH,UNIT_SCADA,1,"2022/10/20 18:55:00",MSTUART1,0
D,DISPATCH,UNIT_SCADA,1,"2022/10/20 18:55:00",MSTUART2,0
D,DISPATCH,UNIT_SCADA,1,"2022/10/20 18:55:00",MSTUART3,0
D,DISPATCH,UNIT_SCADA,1,"2022/10/20 18:55:00",MTGELWF1,65.913880
D,DISPATCH,UNIT_SCADA,1,"2022/10/20 18:55:00",MTMILLAR,14.80
D,DISPATCH,UNIT_SCADA,1,"2022/10/20 18:55:00",MURRAY,460.700010
D,DISPATCH,UNIT_SCADA,1,"2022/10/20 18:55:00",MUSSELR1,4.70
D,DISPATCH,UNIT_SCADA,1,"2022/10/20 18:55:00",MUWAWF1,7.89
D,DISPATCH,UNIT_SCADA,1,"2022/10/20 18:55:00",MUWAWF2,15
D,DISPATCH,UNIT_SCADA,1,"2022/10/20 18:55:00",MWPS1PV1,0
D,DISPATCH,UNIT_SCADA,1,"2022/10/20 18:55:00",MWPS2PV1,0.01
D,DISPATCH,UNIT_SCADA,1,"2022/10/20 18:55:00",MWPS3PV1,0.01
D,DISPATCH,UNIT_SCADA,1,"2022/10/20 18:55:00",MWPS4PV1,0.09
D,DISPATCH,UNIT_SCADA,1,"2022/10/20 18:55:00",NBHWF1,3.50
D,DISPATCH,UNIT_SCADA,1,"2022/10/20 18:55:00",NEVERSF1,0
D,DISPATCH,UNIT_SCADA,1,"2022/10/20 18:55:00",NPS,0
D,DISPATCH,UNIT_SCADA,1,"2022/10/20 18:55:00",NUMURSF1,0
D,DISPATCH,UNIT_SCADA,1,"2022/10/20 18:55:00",NYNGAN1,0
D,DISPATCH,UNIT_SCADA,1,"2022/10/20 18:55:00",OAKEY1,126.269680
D,DISPATCH,UNIT_SCADA,1,"2022/10/20 18:55:00",OAKEY1SF,0
D,DISPATCH,UNIT_SCADA,1,"2022/10/20 18:55:00",OAKEY2,0
D,DISPATCH,UNIT_SCADA,1,"2022/10/20 18:55:00",OAKEY2SF,0
D,DISPATCH,UNIT_SCADA,1,"2022/10/20 18:55:00",OAKLAND1,27.70
D,DISPATCH,UNIT_SCADA,1,"2022/10/20 18:55:00",OSB-AG,176.659990
D,DISPATCH,UNIT_SCADA,1,"2022/10/20 18:55:00",PAREPS1,0
D,DISPATCH,UNIT_SCADA,1,"2022/10/20 18:55:00",PAREPW1,173.78
D,DISPATCH,UNIT_SCADA,1,"2022/10/20 18:55:00",PARSF1,0.001530
D,DISPATCH,UNIT_SCADA,1,"2022/10/20 18:55:00",POAT110,3.17
D,DISPATCH,UNIT_SCADA,1,"2022/10/20 18:55:00",POAT220,0
D,DISPATCH,UNIT_SCADA,1,"2022/10/20 18:55:00",POR01,0.008670
D,DISPATCH,UNIT_SCADA,1,"2022/10/20 18:55:00",POR03,0
D,DISPATCH,UNIT_SCADA,1,"2022/10/20 18:55:00",PPCCGT,192.343030
D,DISPATCH,UNIT_SCADA,1,"2022/10/20 18:55:00",PTSTAN1,0
D,DISPATCH,UNIT_SCADA,1,"2022/10/20 18:55:00",PUMP1,0
D,DISPATCH,UNIT_SCADA,1,"2022/10/20 18:55:00",PUMP2,0
D,DISPATCH,UNIT_SCADA,1,"2022/10/20 18:55:00",QBYNBG1,0
D,DISPATCH,UNIT_SCADA,1,"2022/10/20 18:55:00",QBYNBL1,0.0005
D,DISPATCH,UNIT_SCADA,1,"2022/10/20 18:55:00",QPS1,0
D,DISPATCH,UNIT_SCADA,1,"2022/10/20 18:55:00",QPS2,0
D,DISPATCH,UNIT_SCADA,1,"2022/10/20 18:55:00",QPS3,0
D,DISPATCH,UNIT_SCADA,1,"2022/10/20 18:55:00",QPS4,0
D,DISPATCH,UNIT_SCADA,1,"2022/10/20 18:55:00",QPS5,117.57
D,DISPATCH,UNIT_SCADA,1,"2022/10/20 18:55:00",REECE1,99.873890
D,DISPATCH,UNIT_SCADA,1,"2022/10/20 18:55:00",REECE2,99.260010
D,DISPATCH,UNIT_SCADA,1,"2022/10/20 18:55:00",ROMA_7,0
D,DISPATCH,UNIT_SCADA,1,"2022/10/20 18:55:00",ROMA_8,0
D,DISPATCH,UNIT_SCADA,1,"2022/10/20 18:55:00",RRSF1,0
D,DISPATCH,UNIT_SCADA,1,"2022/10/20 18:55:00",RT_NSW1,0
D,DISPATCH,UNIT_SCADA,1,"2022/10/20 18:55:00",RT_NSW2,0
D,DISPATCH,UNIT_SCADA,1,"2022/10/20 18:55:00",RT_NSW3,0
D,DISPATCH,UNIT_SCADA,1,"2022/10/20 18:55:00",RT_NSW4,0
D,DISPATCH,UNIT_SCADA,1,"2022/10/20 18:55:00",RT_NSW5,0
D,DISPATCH,UNIT_SCADA,1,"2022/10/20 18:55:00",RT_NSW6,0
D,DISPATCH,UNIT_SCADA,1,"2022/10/20 18:55:00",RT_QLD1,0
D,DISPATCH,UNIT_SCADA,1,"2022/10/20 18:55:00",RT_SA1,0
D,DISPATCH,UNIT_SCADA,1,"2022/10/20 18:55:00",RT_SA2,0
D,DISPATCH,UNIT_SCADA,1,"2022/10/20 18:55:00",RT_SA3,0
D,DISPATCH,UNIT_SCADA,1,"2022/10/20 18:55:00",RT_SA4,0
D,DISPATCH,UNIT_SCADA,1,"2022/10/20 18:55:00",RT_SA5,0
D,DISPATCH,UNIT_SCADA,1,"2022/10/20 18:55:00",RT_SA6,0
D,DISPATCH,UNIT_SCADA,1,"2022/10/20 18:55:00",RT_TAS1,0
D,DISPATCH,UNIT_SCADA,1,"2022/10/20 18:55:00",RT_VIC1,0
D,DISPATCH,UNIT_SCADA,1,"2022/10/20 18:55:00",RT_VIC10,0
D,DISPATCH,UNIT_SCADA,1,"2022/10/20 18:55:00",RT_VIC11,0
D,DISPATCH,UNIT_SCADA,1,"2022/10/20 18:55:00",RT_VIC12,0
D,DISPATCH,UNIT_SCADA,1,"2022/10/20 18:55:00",RT_VIC2,0
D,DISPATCH,UNIT_SCADA,1,"2022/10/20 18:55:00",RT_VIC3,0
D,DISPATCH,UNIT_SCADA,1,"2022/10/20 18:55:00",RT_VIC4,0
D,DISPATCH,UNIT_SCADA,1,"2022/10/20 18:55:00",RT_VIC5,0
D,DISPATCH,UNIT_SCADA,1,"2022/10/20 18:55:00",RT_VIC6,0
D,DISPATCH,UNIT_SCADA,1,"2022/10/20 18:55:00",RT_VIC7,0
D,DISPATCH,UNIT_SCADA,1,"2022/10/20 18:55:00",RT_VIC8,0
D,DISPATCH,UNIT_SCADA,1,"2022/10/20 18:55:00",RT_VIC9,0
D,DISPATCH,UNIT_SCADA,1,"2022/10/20 18:55:00",RUGBYR1,0
D,DISPATCH,UNIT_SCADA,1,"2022/10/20 18:55:00",SALTCRK1,27.48
D,DISPATCH,UNIT_SCADA,1,"2022/10/20 18:55:00",SAPHWF1,204.957660
D,DISPATCH,UNIT_SCADA,1,"2022/10/20 18:55:00",SEBSF1,0
D,DISPATCH,UNIT_SCADA,1,"2022/10/20 18:55:00",SHGEN,80.646240
D,DISPATCH,UNIT_SCADA,1,"2022/10/20 18:55:00",SHPUMP,0
D,DISPATCH,UNIT_SCADA,1,"2022/10/20 18:55:00",SITHE01,0.153860
D,DISPATCH,UNIT_SCADA,1,"2022/10/20 18:55:00",SMCSF1,0
D,DISPATCH,UNIT_SCADA,1,"2022/10/20 18:55:00",SNAPPER1,0
D,DISPATCH,UNIT_SCADA,1,"2022/10/20 18:55:00",SNOWNTH1,62.90
D,DISPATCH,UNIT_SCADA,1,"2022/10/20 18:55:00",SNOWSTH1,24.40
D,DISPATCH,UNIT_SCADA,1,"2022/10/20 18:55:00",SNOWTWN1,46.371810
D,DISPATCH,UNIT_SCADA,1,"2022/10/20 18:55:00",SNOWYP,0
D,DISPATCH,UNIT_SCADA,1,"2022/10/20 18:55:00",SNUG1,0
D,DISPATCH,UNIT_SCADA,1,"2022/10/20 18:55:00",SRSF1,0
D,DISPATCH,UNIT_SCADA,1,"2022/10/20 18:55:00",STAN-1,279.902310
D,DISPATCH,UNIT_SCADA,1,"2022/10/20 18:55:00",STAN-2,364.115230
D,DISPATCH,UNIT_SCADA,1,"2022/10/20 18:55:00",STAN-3,364.935580
D,DISPATCH,UNIT_SCADA,1,"2022/10/20 18:55:00",STAN-4,363.141080
D,DISPATCH,UNIT_SCADA,1,"2022/10/20 18:55:00",STARHLWF,6.698050
D,DISPATCH,UNIT_SCADA,1,"2022/10/20 18:55:00",STOCKYD1,156.75
D,DISPATCH,UNIT_SCADA,1,"2022/10/20 18:55:00",STWF1,110.628520
D,DISPATCH,UNIT_SCADA,1,"2022/10/20 18:55:00",SUNRSF1,0
D,DISPATCH,UNIT_SCADA,1,"2022/10/20 18:55:00",SUNTPSF1,0
D,DISPATCH,UNIT_SCADA,1,"2022/10/20 18:55:00",SWAN_E,351.715610
D,DISPATCH,UNIT_SCADA,1,"2022/10/20 18:55:00",TALWA1,0
D,DISPATCH,UNIT_SCADA,1,"2022/10/20 18:55:00",TARALGA1,0
D,DISPATCH,UNIT_SCADA,1,"2022/10/20 18:55:00",TARONG#1,349.399990
D,DISPATCH,UNIT_SCADA,1,"2022/10/20 18:55:00",TARONG#2,350.100010
D,DISPATCH,UNIT_SCADA,1,"2022/10/20 18:55:00",TARONG#3,0.90
D,DISPATCH,UNIT_SCADA,1,"2022/10/20 18:55:00",TARONG#4,293.600010
D,DISPATCH,UNIT_SCADA,1,"2022/10/20 18:55:00",TARRALEA,54
D,DISPATCH,UNIT_SCADA,1,"2022/10/20 18:55:00",TBSF1,0.20
D,DISPATCH,UNIT_SCADA,1,"2022/10/20 18:55:00",TNPS1,419.500030
D,DISPATCH,UNIT_SCADA,1,"2022/10/20 18:55:00",TORRB1,0
D,DISPATCH,UNIT_SCADA,1,"2022/10/20 18:55:00",TORRB2,78
D,DISPATCH,UNIT_SCADA,1,"2022/10/20 18:55:00",TORRB3,0
D,DISPATCH,UNIT_SCADA,1,"2022/10/20 18:55:00",TORRB4,0
D,DISPATCH,UNIT_SCADA,1,"2022/10/20 18:55:00",TREVALLN,98.443940
D,DISPATCH,UNIT_SCADA,1,"2022/10/20 18:55:00",TRIBUTE,0
D,DISPATCH,UNIT_SCADA,1,"2022/10/20 18:55:00",TUMUT3,349.509980
D,DISPATCH,UNIT_SCADA,1,"2022/10/20 18:55:00",TUNGATIN,6.000020
D,DISPATCH,UNIT_SCADA,1,"2022/10/20 18:55:00",TVCC201,0
D,DISPATCH,UNIT_SCADA,1,"2022/10/20 18:55:00",TVPP104,57.826560
D,DISPATCH,UNIT_SCADA,1,"2022/10/20 18:55:00",UPPTUMUT,118.255180
D,DISPATCH,UNIT_SCADA,1,"2022/10/20 18:55:00",URANQ11,0
D,DISPATCH,UNIT_SCADA,1,"2022/10/20 18:55:00",URANQ12,0
D,DISPATCH,UNIT_SCADA,1,"2022/10/20 18:55:00",URANQ13,0
D,DISPATCH,UNIT_SCADA,1,"2022/10/20 18:55:00",URANQ14,155.114060
D,DISPATCH,UNIT_SCADA,1,"2022/10/20 18:55:00",VBBG1,6.20
D,DISPATCH,UNIT_SCADA,1,"2022/10/20 18:55:00",VBBL1,0
D,DISPATCH,UNIT_SCADA,1,"2022/10/20 18:55:00",VP5,563.420530
D,DISPATCH,UNIT_SCADA,1,"2022/10/20 18:55:00",VP6,625.0191
D,DISPATCH,UNIT_SCADA,1,"2022/10/20 18:55:00",VPGS1,0
D,DISPATCH,UNIT_SCADA,1,"2022/10/20 18:55:00",VPGS2,0
D,DISPATCH,UNIT_SCADA,1,"2022/10/20 18:55:00",VPGS3,0
D,DISPATCH,UNIT_SCADA,1,"2022/10/20 18:55:00",VPGS4,0
D,DISPATCH,UNIT_SCADA,1,"2022/10/20 18:55:00",VPGS5,0
D,DISPATCH,UNIT_SCADA,1,"2022/10/20 18:55:00",VPGS6,0
D,DISPATCH,UNIT_SCADA,1,"2022/10/20 18:55:00",W/HOE#1,165.12
D,DISPATCH,UNIT_SCADA,1,"2022/10/20 18:55:00",W/HOE#2,0
D,DISPATCH,UNIT_SCADA,1,"2022/10/20 18:55:00",WAGGNSF1,0
D,DISPATCH,UNIT_SCADA,1,"2022/10/20 18:55:00",WALGRVG1,0.040020
D,DISPATCH,UNIT_SCADA,1,"2022/10/20 18:55:00",WALGRVL1,0
D,DISPATCH,UNIT_SCADA,1,"2022/10/20 18:55:00",WANDBG1,59.945470
D,DISPATCH,UNIT_SCADA,1,"2022/10/20 18:55:00",WANDBL1,0
D,DISPATCH,UNIT_SCADA,1,"2022/10/20 18:55:00",WARWSF1,0
D,DISPATCH,UNIT_SCADA,1,"2022/10/20 18:55:00",WARWSF2,0
D,DISPATCH,UNIT_SCADA,1,"2022/10/20 18:55:00",WATERLWF,0.80
D,DISPATCH,UNIT_SCADA,1,"2022/10/20 18:55:00",WDGPH1,0
D,DISPATCH,UNIT_SCADA,1,"2022/10/20 18:55:00",WELLSF1,0
D,DISPATCH,UNIT_SCADA,1,"2022/10/20 18:55:00",WEMENSF1,0
D,DISPATCH,UNIT_SCADA,1,"2022/10/20 18:55:00",WGWF1,10.90
D,DISPATCH,UNIT_SCADA,1,"2022/10/20 18:55:00",WHITSF1,0
D,DISPATCH,UNIT_SCADA,1,"2022/10/20 18:55:00",WINTSF1,0
D,DISPATCH,UNIT_SCADA,1,"2022/10/20 18:55:00",WKIEWA1,33.80
D,DISPATCH,UNIT_SCADA,1,"2022/10/20 18:55:00",WKIEWA2,33.80
D,DISPATCH,UNIT_SCADA,1,"2022/10/20 18:55:00",WOODLWN1,29.632780
D,DISPATCH,UNIT_SCADA,1,"2022/10/20 18:55:00",WOOLGSF1,0
D,DISPATCH,UNIT_SCADA,1,"2022/10/20 18:55:00",WPWF,30.83
D,DISPATCH,UNIT_SCADA,1,"2022/10/20 18:55:00",WRSF1,0
D,DISPATCH,UNIT_SCADA,1,"2022/10/20 18:55:00",WRWF1,88.968030
D,DISPATCH,UNIT_SCADA,1,"2022/10/20 18:55:00",WSTWYSF1,0
D,DISPATCH,UNIT_SCADA,1,"2022/10/20 18:55:00",YABULU,153.270020
D,DISPATCH,UNIT_SCADA,1,"2022/10/20 18:55:00",YABULU2,0
D,DISPATCH,UNIT_SCADA,1,"2022/10/20 18:55:00",YARANSF1,0
D,DISPATCH,UNIT_SCADA,1,"2022/10/20 18:55:00",YARWUN_1,163.34
D,DISPATCH,UNIT_SCADA,1,"2022/10/20 18:55:00",YATSF1,0.06
D,DISPATCH,UNIT_SCADA,1,"2022/10/20 18:55:00",YENDWF1,18.35
D,DISPATCH,UNIT_SCADA,1,"2022/10/20 18:55:00",YWPS1,355.637970
D,DISPATCH,UNIT_SCADA,1,"2022/10/20 18:55:00",YWPS2,290.974670
D,DISPATCH,UNIT_SCADA,1,"2022/10/20 18:55:00",YWPS3,360.517730
D,DISPATCH,UNIT_SCADA,1,"2022/10/20 18:55:00",YWPS4,0
C,"END OF REPORT",419
