C,NEMP.WORLD,DISPATCHSCADA,AEMO,PUBLIC,2022/10/20,02:05:10,0000000373221593,DISPATCHSCADA,0000000373221587
I,DISPATCH,UNIT_SCADA,1,SETTLEMENTDATE,DUID,SCADAVALUE
D,DISPATCH,UNIT_SCADA,1,"2022/10/20 02:10:00",BARCSF1,0.10
D,DISPATCH,UNIT_SCADA,1,"2022/10/20 02:10:00",BUTLERSG,8.699999
D,DISPATCH,UNIT_SCADA,1,"2022/10/20 02:10:00",CAPTL_WF,9.632959
D,DISPATCH,UNIT_SCADA,1,"2022/10/20 02:10:00",CHALLHWF,14.30
D,DISPATCH,UNIT_SCADA,1,"2022/10/20 02:10:00",CLOVER,13.32
D,DISPATCH,UNIT_SCADA,1,"2022/10/20 02:10:00",CLUNY,6.238956
D,DISPATCH,UNIT_SCADA,1,"2022/10/20 02:10:00",CULLRGWF,-0.04
D,DISPATCH,UNIT_SCADA,1,"2022/10/20 02:10:00",DIAPURWF1,7.30
D,DISPATCH,UNIT_SCADA,1,"2022/10/20 02:10:00",ERGT01,0
D,DISPATCH,UNIT_SCADA,1,"2022/10/20 02:10:00",GB01,0
D,DISPATCH,UNIT_SCADA,1,"2022/10/20 02:10:00",GERMCRK,22.200001
D,DISPATCH,UNIT_SCADA,1,"2022/10/20 02:10:00",GRIFSF1,0.001526
D,DISPATCH,UNIT_SCADA,1,"2022/10/20 02:10:00",HEZ1,0
D,DISPATCH,UNIT_SCADA,1,"2022/10/20 02:10:00",HUGSF1,-0.1740
D,DISPATCH,UNIT_SCADA,1,"2022/10/20 02:10:00",KEPBG1,0.02
D,DISPATCH,UNIT_SCADA,1,"2022/10/20 02:10:00",LRSF1,0.0240
D,DISPATCH,UNIT_SCADA,1,"2022/10/20 02:10:00",MBAHNTH,50.081253
D,DISPATCH,UNIT_SCADA,1,"2022/10/20 02:10:00",MLSP1,0
D,DISPATCH,UNIT_SCADA,1,"2022/10/20 02:10:00",MLWF1,1.9050
D,DISPATCH,UNIT_SCADA,1,"2022/10/20 02:10:00",PALOONA,30.519999
D,DISPATCH,UNIT_SCADA,1,"2022/10/20 02:10:00",PIONEER,44
D,DISPATCH,UNIT_SCADA,1,"2022/10/20 02:10:00",PORTWF,27.50
D,DISPATCH,UNIT_SCADA,1,"2022/10/20 02:10:00",REPULSE,9.441672
D,DISPATCH,UNIT_SCADA,1,"2022/10/20 02:10:00",ROWALLAN,8.9673
D,DISPATCH,UNIT_SCADA,1,"2022/10/20 02:10:00",ROYALLA1,0
D,DISPATCH,UNIT_SCADA,1,"2022/10/20 02:10:00",RPCG,-1.20
D,DISPATCH,UNIT_SCADA,1,"2022/10/20 02:10:00",RUBICON,0
D,DISPATCH,UNIT_SCADA,1,"2022/10/20 02:10:00",WAUBRAWF,90.50
D,DISPATCH,UNIT_SCADA,1,"2022/10/20 02:10:00",WOOLNTH1,6.99
D,DISPATCH,UNIT_SCADA,1,"2022/10/20 02:10:00",YAMBUKWF,3
D,DISPATCH,UNIT_SCADA,1,"2022/10/20 02:10:00",YSWF1,2.80
D,DISPATCH,UNIT_SCADA,1,"2022/10/20 02:10:00",ADPBA1G,0.0080
D,DISPATCH,UNIT_SCADA,1,"2022/10/20 02:10:00",ADPBA1L,0
D,DISPATCH,UNIT_SCADA,1,"2022/10/20 02:10:00",ADPPV1,0
D,DISPATCH,UNIT_SCADA,1,"2022/10/20 02:10:00",AGLHAL,0
D,DISPATCH,UNIT_SCADA,1,"2022/10/20 02:10:00",AGLSOM,0
D,DISPATCH,UNIT_SCADA,1,"2022/10/20 02:10:00",ANGAST1,0
D,DISPATCH,UNIT_SCADA,1,"2022/10/20 02:10:00",ARWF1,18.90
D,DISPATCH,UNIT_SCADA,1,"2022/10/20 02:10:00",BALBG1,0
D,DISPATCH,UNIT_SCADA,1,"2022/10/20 02:10:00",BALBL1,0
D,DISPATCH,UNIT_SCADA,1,"2022/10/20 02:10:00",BALDHWF1,0
D,DISPATCH,UNIT_SCADA,1,"2022/10/20 02:10:00",BANGOWF1,44.998250
D,DISPATCH,UNIT_SCADA,1,"2022/10/20 02:10:00",BANGOWF2,43.9987
D,DISPATCH,UNIT_SCADA,1,"2022/10/20 02:10:00",BANN1,0
D,DISPATCH,UNIT_SCADA,1,"2022/10/20 02:10:00",BARCALDN,0
D,DISPATCH,UNIT_SCADA,1,"2022/10/20 02:10:00",BARKIPS1,0
D,DISPATCH,UNIT_SCADA,1,"2022/10/20 02:10:00",BARRON-1,0
D,DISPATCH,UNIT_SCADA,1,"2022/10/20 02:10:00",BARRON-2,0
D,DISPATCH,UNIT_SCADA,1,"2022/10/20 02:10:00",BASTYAN,0
D,DISPATCH,UNIT_SCADA,1,"2022/10/20 02:10:00",BBTHREE1,-1.01
D,DISPATCH,UNIT_SCADA,1,"2022/10/20 02:10:00",BBTHREE2,0
D,DISPATCH,UNIT_SCADA,1,"2022/10/20 02:10:00",BBTHREE3,0
D,DISPATCH,UNIT_SCADA,1,"2022/10/20 02:10:00",BDL01,0
D,DISPATCH,UNIT_SCADA,1,"2022/10/20 02:10:00",BDL02,0
D,DISPATCH,UNIT_SCADA,1,"2022/10/20 02:10:00",BERYLSF1,0
D,DISPATCH,UNIT_SCADA,1,"2022/10/20 02:10:00",BLOWERNG,62.60
D,DISPATCH,UNIT_SCADA,1,"2022/10/20 02:10:00",BLUEGSF1,0
D,DISPATCH,UNIT_SCADA,1,"2022/10/20 02:10:00",BLUFF1,9.50
D,DISPATCH,UNIT_SCADA,1,"2022/10/20 02:10:00",BNGSF1,0
D,DISPATCH,UNIT_SCADA,1,"2022/10/20 02:10:00",BNGSF2,0
D,DISPATCH,UNIT_SCADA,1,"2022/10/20 02:10:00",BOCORWF1,6.97
D,DISPATCH,UNIT_SCADA,1,"2022/10/20 02:10:00",BODWF1,91.411470
D,DISPATCH,UNIT_SCADA,1,"2022/10/20 02:10:00",BOMENSF1,0
D,DISPATCH,UNIT_SCADA,1,"2022/10/20 02:10:00",BOWWBA1G,0
D,DISPATCH,UNIT_SCADA,1,"2022/10/20 02:10:00",BOWWBA1L,0.0010
D,DISPATCH,UNIT_SCADA,1,"2022/10/20 02:10:00",BOWWPV1,0
D,DISPATCH,UNIT_SCADA,1,"2022/10/20 02:10:00",BRAEMAR1,0
D,DISPATCH,UNIT_SCADA,1,"2022/10/20 02:10:00",BRAEMAR2,0
D,DISPATCH,UNIT_SCADA,1,"2022/10/20 02:10:00",BRAEMAR3,0
D,DISPATCH,UNIT_SCADA,1,"2022/10/20 02:10:00",BRAEMAR5,0.292060
D,DISPATCH,UNIT_SCADA,1,"2022/10/20 02:10:00",BRAEMAR6,0
D,DISPATCH,UNIT_SCADA,1,"2022/10/20 02:10:00",BRAEMAR7,0.130920
D,DISPATCH,UNIT_SCADA,1,"2022/10/20 02:10:00",BROKENH1,0
D,DISPATCH,UNIT_SCADA,1,"2022/10/20 02:10:00",BRYB1WF1,130.8156
D,DISPATCH,UNIT_SCADA,1,"2022/10/20 02:10:00",BULBESG1,0
D,DISPATCH,UNIT_SCADA,1,"2022/10/20 02:10:00",BULBESL1,0.03
D,DISPATCH,UNIT_SCADA,1,"2022/10/20 02:10:00",BULGANA1,47.24
D,DISPATCH,UNIT_SCADA,1,"2022/10/20 02:10:00",BW01,440.277710
D,DISPATCH,UNIT_SCADA,1,"2022/10/20 02:10:00",BW02,435.516910
D,DISPATCH,UNIT_SCADA,1,"2022/10/20 02:10:00",BW03,436.639950
D,DISPATCH,UNIT_SCADA,1,"2022/10/20 02:10:00",BW04,0
D,DISPATCH,UNIT_SCADA,1,"2022/10/20 02:10:00",CALL_B_1,319.399990
D,DISPATCH,UNIT_SCADA,1,"2022/10/20 02:10:00",CALL_B_2,319.600010
D,DISPATCH,UNIT_SCADA,1,"2022/10/20 02:10:00",CATHROCK,9.30
D,DISPATCH,UNIT_SCADA,1,"2022/10/20 02:10:00",CBWWBA1G,0
D,DISPATCH,UNIT_SCADA,1,"2022/10/20 02:10:00",CBWWBA1L,0
D,DISPATCH,UNIT_SCADA,1,"2022/10/20 02:10:00",CETHANA,98.064750
D,DISPATCH,UNIT_SCADA,1,"2022/10/20 02:10:00",CG1,0
D,DISPATCH,UNIT_SCADA,1,"2022/10/20 02:10:00",CG2,0
D,DISPATCH,UNIT_SCADA,1,"2022/10/20 02:10:00",CG3,0
D,DISPATCH,UNIT_SCADA,1,"2022/10/20 02:10:00",CG4,0
D,DISPATCH,UNIT_SCADA,1,"2022/10/20 02:10:00",CHILDSF1,0
D,DISPATCH,UNIT_SCADA,1,"2022/10/20 02:10:00",CHYTWF1,15.01
D,DISPATCH,UNIT_SCADA,1,"2022/10/20 02:10:00",CLARESF1,0
D,DISPATCH,UNIT_SCADA,1,"2022/10/20 02:10:00",CLEMGPWF,28.669930
D,DISPATCH,UNIT_SCADA,1,"2022/10/20 02:10:00",CLERMSF1,0
D,DISPATCH,UNIT_SCADA,1,"2022/10/20 02:10:00",CNUNDAWF,0
D,DISPATCH,UNIT_SCADA,1,"2022/10/20 02:10:00",COHUNSF1,0
D,DISPATCH,UNIT_SCADA,1,"2022/10/20 02:10:00",COLEASF1,0
D,DISPATCH,UNIT_SCADA,1,"2022/10/20 02:10:00",COLUMSF1,0
D,DISPATCH,UNIT_SCADA,1,"2022/10/20 02:10:00",COLWF01,59.284360
D,DISPATCH,UNIT_SCADA,1,"2022/10/20 02:10:00",COOPGWF1,353.149990
D,DISPATCH,UNIT_SCADA,1,"2022/10/20 02:10:00",CPP_3,359.975010
D,DISPATCH,UNIT_SCADA,1,"2022/10/20 02:10:00",CPP_4,0
D,DISPATCH,UNIT_SCADA,1,"2022/10/20 02:10:00",CPSA,0
D,DISPATCH,UNIT_SCADA,1,"2022/10/20 02:10:00",CROOKWF2,14.084080
D,DISPATCH,UNIT_SCADA,1,"2022/10/20 02:10:00",CROWLWF1,53.0432
D,DISPATCH,UNIT_SCADA,1,"2022/10/20 02:10:00",CRURWF1,28.796440
D,DISPATCH,UNIT_SCADA,1,"2022/10/20 02:10:00",CRWASF1,0
D,DISPATCH,UNIT_SCADA,1,"2022/10/20 02:10:00",CSPVPS1,0
D,DISPATCH,UNIT_SCADA,1,"2022/10/20 02:10:00",CTHLWF1,0.003050
D,DISPATCH,UNIT_SCADA,1,"2022/10/20 02:10:00",DALNTH01,0
D,DISPATCH,UNIT_SCADA,1,"2022/10/20 02:10:00",DALNTHL1,0.111390
D,DISPATCH,UNIT_SCADA,1,"2022/10/20 02:10:00",DARLSF1,0
D,DISPATCH,UNIT_SCADA,1,"2022/10/20 02:10:00",DARTM1,0
D,DISPATCH,UNIT_SCADA,1,"2022/10/20 02:10:00",DAYDSF1,0
D,DISPATCH,UNIT_SCADA,1,"2022/10/20 02:10:00",DDPS1,0
D,DISPATCH,UNIT_SCADA,1,"2022/10/20 02:10:00",DDSF1,0
D,DISPATCH,UNIT_SCADA,1,"2022/10/20 02:10:00",DEVILS_G,53.910340
D,DISPATCH,UNIT_SCADA,1,"2022/10/20 02:10:00",DG_NSW1,0
D,DISPATCH,UNIT_SCADA,1,"2022/10/20 02:10:00",DG_QLD1,0
D,DISPATCH,UNIT_SCADA,1,"2022/10/20 02:10:00",DG_SA1,0
D,DISPATCH,UNIT_SCADA,1,"2022/10/20 02:10:00",DG_TAS1,0
D,DISPATCH,UNIT_SCADA,1,"2022/10/20 02:10:00",DG_VIC1,0
D,DISPATCH,UNIT_SCADA,1,"2022/10/20 02:10:00",DRYCGT1,0
D,DISPATCH,UNIT_SCADA,1,"2022/10/20 02:10:00",DRYCGT2,0
D,DISPATCH,UNIT_SCADA,1,"2022/10/20 02:10:00",DRYCGT3,0
D,DISPATCH,UNIT_SCADA,1,"2022/10/20 02:10:00",DUNDWF1,80.09
D,DISPATCH,UNIT_SCADA,1,"2022/10/20 02:10:00",DUNDWF2,28.75
D,DISPATCH,UNIT_SCADA,1,"2022/10/20 02:10:00",DUNDWF3,69.11
D,DISPATCH,UNIT_SCADA,1,"2022/10/20 02:10:00",EILDON1,60.20
D,DISPATCH,UNIT_SCADA,1,"2022/10/20 02:10:00",EILDON2,59.88
D,DISPATCH,UNIT_SCADA,1,"2022/10/20 02:10:00",ELAINWF1,40.32
D,DISPATCH,UNIT_SCADA,1,"2022/10/20 02:10:00",EMERASF1,0
D,DISPATCH,UNIT_SCADA,1,"2022/10/20 02:10:00",ER01,0
D,DISPATCH,UNIT_SCADA,1,"2022/10/20 02:10:00",ER02,369.475860
D,DISPATCH,UNIT_SCADA,1,"2022/10/20 02:10:00",ER03,326.970310
D,DISPATCH,UNIT_SCADA,1,"2022/10/20 02:10:00",ER04,366.570530
D,DISPATCH,UNIT_SCADA,1,"2022/10/20 02:10:00",FINLYSF1,0
D,DISPATCH,UNIT_SCADA,1,"2022/10/20 02:10:00",FISHER,30.91
D,DISPATCH,UNIT_SCADA,1,"2022/10/20 02:10:00",GANGARR1,0
D,DISPATCH,UNIT_SCADA,1,"2022/10/20 02:10:00",GANNBG1,0
D,DISPATCH,UNIT_SCADA,1,"2022/10/20 02:10:00",GANNBL1,8.453650
D,DISPATCH,UNIT_SCADA,1,"2022/10/20 02:10:00",GANNSF1,0
D,DISPATCH,UNIT_SCADA,1,"2022/10/20 02:10:00",GLRWNSF1,0
D,DISPATCH,UNIT_SCADA,1,"2022/10/20 02:10:00",GNNDHSF1,0
D,DISPATCH,UNIT_SCADA,1,"2022/10/20 02:10:00",GOONSF1,0
D,DISPATCH,UNIT_SCADA,1,"2022/10/20 02:10:00",GORDON,196.544460
D,DISPATCH,UNIT_SCADA,1,"2022/10/20 02:10:00",GRANWF1,0
D,DISPATCH,UNIT_SCADA,1,"2022/10/20 02:10:00",GSTONE1,139.474990
D,DISPATCH,UNIT_SCADA,1,"2022/10/20 02:10:00",GSTONE2,0
D,DISPATCH,UNIT_SCADA,1,"2022/10/20 02:10:00",GSTONE3,219.974990
D,DISPATCH,UNIT_SCADA,1,"2022/10/20 02:10:00",GSTONE4,0
D,DISPATCH,UNIT_SCADA,1,"2022/10/20 02:10:00",GSTONE5,221.55
D,DISPATCH,UNIT_SCADA,1,"2022/10/20 02:10:00",GSTONE6,221.20
D,DISPATCH,UNIT_SCADA,1,"2022/10/20 02:10:00",GULLRSF1,0
D,DISPATCH,UNIT_SCADA,1,"2022/10/20 02:10:00",GULLRWF1,53.904180
D,DISPATCH,UNIT_SCADA,1,"2022/10/20 02:10:00",GULLRWF2,50.178990
D,DISPATCH,UNIT_SCADA,1,"2022/10/20 02:10:00",GUNNING1,0
D,DISPATCH,UNIT_SCADA,1,"2022/10/20 02:10:00",GUTHEGA,67.50
D,DISPATCH,UNIT_SCADA,1,"2022/10/20 02:10:00",HALLWF1,64.689990
D,DISPATCH,UNIT_SCADA,1,"2022/10/20 02:10:00",HALLWF2,51.14
D,DISPATCH,UNIT_SCADA,1,"2022/10/20 02:10:00",HAMISF1,0
D,DISPATCH,UNIT_SCADA,1,"2022/10/20 02:10:00",HAUGHT11,0
D,DISPATCH,UNIT_SCADA,1,"2022/10/20 02:10:00",HAYMSF1,0
D,DISPATCH,UNIT_SCADA,1,"2022/10/20 02:10:00",HDWF1,95.30
D,DISPATCH,UNIT_SCADA,1,"2022/10/20 02:10:00",HDWF2,71.30
D,DISPATCH,UNIT_SCADA,1,"2022/10/20 02:10:00",HDWF3,84.10
D,DISPATCH,UNIT_SCADA,1,"2022/10/20 02:10:00",HILLSTN1,0
D,DISPATCH,UNIT_SCADA,1,"2022/10/20 02:10:00",HPRG1,0
D,DISPATCH,UNIT_SCADA,1,"2022/10/20 02:10:00",HPRL1,55.20
D,DISPATCH,UNIT_SCADA,1,"2022/10/20 02:10:00",HUMENSW,55.253510
D,DISPATCH,UNIT_SCADA,1,"2022/10/20 02:10:00",HUMEV,0
D,DISPATCH,UNIT_SCADA,1,"2022/10/20 02:10:00",HVWWBA1G,0
D,DISPATCH,UNIT_SCADA,1,"2022/10/20 02:10:00",HVWWBA1L,0.0060
D,DISPATCH,UNIT_SCADA,1,"2022/10/20 02:10:00",HVWWPV1,0
D,DISPATCH,UNIT_SCADA,1,"2022/10/20 02:10:00",JBUTTERS,0
D,DISPATCH,UNIT_SCADA,1,"2022/10/20 02:10:00",JEMALNG1,0
D,DISPATCH,UNIT_SCADA,1,"2022/10/20 02:10:00",JLA01,0
D,DISPATCH,UNIT_SCADA,1,"2022/10/20 02:10:00",JLA02,0
D,DISPATCH,UNIT_SCADA,1,"2022/10/20 02:10:00",JLA03,0
D,DISPATCH,UNIT_SCADA,1,"2022/10/20 02:10:00",JLA04,0
D,DISPATCH,UNIT_SCADA,1,"2022/10/20 02:10:00",JLB01,0
D,DISPATCH,UNIT_SCADA,1,"2022/10/20 02:10:00",JLB02,0.10
D,DISPATCH,UNIT_SCADA,1,"2022/10/20 02:10:00",JLB03,0
D,DISPATCH,UNIT_SCADA,1,"2022/10/20 02:10:00",JUNEESF1,0
D,DISPATCH,UNIT_SCADA,1,"2022/10/20 02:10:00",KABANWF1,0.82
D,DISPATCH,UNIT_SCADA,1,"2022/10/20 02:10:00",KAREEYA1,18.5250
D,DISPATCH,UNIT_SCADA,1,"2022/10/20 02:10:00",KAREEYA2,0
D,DISPATCH,UNIT_SCADA,1,"2022/10/20 02:10:00",KAREEYA3,21.3675
D,DISPATCH,UNIT_SCADA,1,"2022/10/20 02:10:00",KAREEYA4,0
D,DISPATCH,UNIT_SCADA,1,"2022/10/20 02:10:00",KARSF1,0
D,DISPATCH,UNIT_SCADA,1,"2022/10/20 02:10:00",KEPSF1,0
D,DISPATCH,UNIT_SCADA,1,"2022/10/20 02:10:00",KEPWF1,4.96
D,DISPATCH,UNIT_SCADA,1,"2022/10/20 02:10:00",KIAMSF1,0
D,DISPATCH,UNIT_SCADA,1,"2022/10/20 02:10:00",KIATAWF1,30.90
D,DISPATCH,UNIT_SCADA,1,"2022/10/20 02:10:00",KPP_1,0
D,DISPATCH,UNIT_SCADA,1,"2022/10/20 02:10:00",KSP1,0
D,DISPATCH,UNIT_SCADA,1,"2022/10/20 02:10:00",LADBROK1,0.02
D,DISPATCH,UNIT_SCADA,1,"2022/10/20 02:10:00",LADBROK2,37.91
D,DISPATCH,UNIT_SCADA,1,"2022/10/20 02:10:00",LBBG1,0
D,DISPATCH,UNIT_SCADA,1,"2022/10/20 02:10:00",LBBL1,10.05
D,DISPATCH,UNIT_SCADA,1,"2022/10/20 02:10:00",LD01,321.433140
D,DISPATCH,UNIT_SCADA,1,"2022/10/20 02:10:00",LD02,0
D,DISPATCH,UNIT_SCADA,1,"2022/10/20 02:10:00",LD04,321.799380
D,DISPATCH,UNIT_SCADA,1,"2022/10/20 02:10:00",LEM_WIL,86.936280
D,DISPATCH,UNIT_SCADA,1,"2022/10/20 02:10:00",LGAPWF1,61.49
D,DISPATCH,UNIT_SCADA,1,"2022/10/20 02:10:00",LGAPWF2,35.25
D,DISPATCH,UNIT_SCADA,1,"2022/10/20 02:10:00",LILYSF1,0
D,DISPATCH,UNIT_SCADA,1,"2022/10/20 02:10:00",LIMOSF11,0
D,DISPATCH,UNIT_SCADA,1,"2022/10/20 02:10:00",LIMOSF21,0
D,DISPATCH,UNIT_SCADA,1,"2022/10/20 02:10:00",LI_WY_CA,56.014940
D,DISPATCH,UNIT_SCADA,1,"2022/10/20 02:10:00",LKBONNY1,0
D,DISPATCH,UNIT_SCADA,1,"2022/10/20 02:10:00",LKBONNY2,29.412690
D,DISPATCH,UNIT_SCADA,1,"2022/10/20 02:10:00",LKBONNY3,0
D,DISPATCH,UNIT_SCADA,1,"2022/10/20 02:10:00",LK_ECHO,0
D,DISPATCH,UNIT_SCADA,1,"2022/10/20 02:10:00",LNGS1,0
D,DISPATCH,UNIT_SCADA,1,"2022/10/20 02:10:00",LNGS2,0
D,DISPATCH,UNIT_SCADA,1,"2022/10/20 02:10:00",LONSDALE,0
D,DISPATCH,UNIT_SCADA,1,"2022/10/20 02:10:00",LOYYB1,465.786070
D,DISPATCH,UNIT_SCADA,1,"2022/10/20 02:10:00",LOYYB2,467.289890
D,DISPATCH,UNIT_SCADA,1,"2022/10/20 02:10:00",LYA1,511
D,DISPATCH,UNIT_SCADA,1,"2022/10/20 02:10:00",LYA2,0
D,DISPATCH,UNIT_SCADA,1,"2022/10/20 02:10:00",LYA3,511
D,DISPATCH,UNIT_SCADA,1,"2022/10/20 02:10:00",LYA4,511
D,DISPATCH,UNIT_SCADA,1,"2022/10/20 02:10:00",MACARTH1,27.799360
D,DISPATCH,UNIT_SCADA,1,"2022/10/20 02:10:00",MACKNTSH,0
D,DISPATCH,UNIT_SCADA,1,"2022/10/20 02:10:00",MANSLR1,0
D,DISPATCH,UNIT_SCADA,1,"2022/10/20 02:10:00",MAPS2PV1,0
D,DISPATCH,UNIT_SCADA,1,"2022/10/20 02:10:00",MAPS3PV1,0
D,DISPATCH,UNIT_SCADA,1,"2022/10/20 02:10:00",MARYRSF1,0
D,DISPATCH,UNIT_SCADA,1,"2022/10/20 02:10:00",MBPS2PV1,0
D,DISPATCH,UNIT_SCADA,1,"2022/10/20 02:10:00",MCKAY1,0.02
D,DISPATCH,UNIT_SCADA,1,"2022/10/20 02:10:00",MEADOWBK,19.748780
D,DISPATCH,UNIT_SCADA,1,"2022/10/20 02:10:00",MERCER01,39.30
D,DISPATCH,UNIT_SCADA,1,"2022/10/20 02:10:00",METZSF1,0
D,DISPATCH,UNIT_SCADA,1,"2022/10/20 02:10:00",MEWF1,2
D,DISPATCH,UNIT_SCADA,1,"2022/10/20 02:10:00",MIDDLSF1,0
D,DISPATCH,UNIT_SCADA,1,"2022/10/20 02:10:00",MINTARO,0.128180
D,DISPATCH,UNIT_SCADA,1,"2022/10/20 02:10:00",MOLNGSF1,0
D,DISPATCH,UNIT_SCADA,1,"2022/10/20 02:10:00",MOORAWF1,60.40
D,DISPATCH,UNIT_SCADA,1,"2022/10/20 02:10:00",MOREESF1,0
D,DISPATCH,UNIT_SCADA,1,"2022/10/20 02:10:00",MORTLK11,0
D,DISPATCH,UNIT_SCADA,1,"2022/10/20 02:10:00",MORTLK12,0
D,DISPATCH,UNIT_SCADA,1,"2022/10/20 02:10:00",MOUSF1,0
D,DISPATCH,UNIT_SCADA,1,"2022/10/20 02:10:00",MP1,0
D,DISPATCH,UNIT_SCADA,1,"2022/10/20 02:10:00",MP2,283.6347
D,DISPATCH,UNIT_SCADA,1,"2022/10/20 02:10:00",MPP_1,140.690750
D,DISPATCH,UNIT_SCADA,1,"2022/10/20 02:10:00",MPP_2,0
D,DISPATCH,UNIT_SCADA,1,"2022/10/20 02:10:00",MRTLSWF1,0
D,DISPATCH,UNIT_SCADA,1,"2022/10/20 02:10:00",MSTUART1,0
D,DISPATCH,UNIT_SCADA,1,"2022/10/20 02:10:00",MSTUART2,0
D,DISPATCH,UNIT_SCADA,1,"2022/10/20 02:10:00",MSTUART3,0
D,DISPATCH,UNIT_SCADA,1,"2022/10/20 02:10:00",MTGELWF1,15.839110
D,DISPATCH,UNIT_SCADA,1,"2022/10/20 02:10:00",MTMILLAR,2.80
D,DISPATCH,UNIT_SCADA,1,"2022/10/20 02:10:00",MURRAY,0
D,DISPATCH,UNIT_SCADA,1,"2022/10/20 02:10:00",MUSSELR1,37.60
D,DISPATCH,UNIT_SCADA,1,"2022/10/20 02:10:00",MUWAWF1,186.44
D,DISPATCH,UNIT_SCADA,1,"2022/10/20 02:10:00",MUWAWF2,184.600010
D,DISPATCH,UNIT_SCADA,1,"2022/10/20 02:10:00",MWPS1PV1,0
D,DISPATCH,UNIT_SCADA,1,"2022/10/20 02:10:00",MWPS2PV1,0
D,DISPATCH,UNIT_SCADA,1,"2022/10/20 02:10:00",MWPS3PV1,0
D,DISPATCH,UNIT_SCADA,1,"2022/10/20 02:10:00",MWPS4PV1,0
D,DISPATCH,UNIT_SCADA,1,"2022/10/20 02:10:00",NBHWF1,105
D,DISPATCH,UNIT_SCADA,1,"2022/10/20 02:10:00",NEVERSF1,0
D,DISPATCH,UNIT_SCADA,1,"2022/10/20 02:10:00",NPS,0
D,DISPATCH,UNIT_SCADA,1,"2022/10/20 02:10:00",NUMURSF1,0
D,DISPATCH,UNIT_SCADA,1,"2022/10/20 02:10:00",NYNGAN1,0
D,DISPATCH,UNIT_SCADA,1,"2022/10/20 02:10:00",OAKEY1,0
D,DISPATCH,UNIT_SCADA,1,"2022/10/20 02:10:00",OAKEY1SF,0
D,DISPATCH,UNIT_SCADA,1,"2022/10/20 02:10:00",OAKEY2,0
D,DISPATCH,UNIT_SCADA,1,"2022/10/20 02:10:00",OAKEY2SF,0
D,DISPATCH,UNIT_SCADA,1,"2022/10/20 02:10:00",OAKLAND1,14.10
D,DISPATCH,UNIT_SCADA,1,"2022/10/20 02:10:00",OSB-AG,0
D,DISPATCH,UNIT_SCADA,1,"2022/10/20 02:10:00",PAREPS1,0.0660
D,DISPATCH,UNIT_SCADA,1,"2022/10/20 02:10:00",PAREPW1,48.36
D,DISPATCH,UNIT_SCADA,1,"2022/10/20 02:10:00",PARSF1,0.001530
D,DISPATCH,UNIT_SCADA,1,"2022/10/20 02:10:00",POAT110,0
D,DISPATCH,UNIT_SCADA,1,"2022/10/20 02:10:00",POAT220,0
D,DISPATCH,UNIT_SCADA,1,"2022/10/20 02:10:00",POR01,0
D,DISPATCH,UNIT_SCADA,1,"2022/10/20 02:10:00",POR03,0
D,DISPATCH,UNIT_SCADA,1,"2022/10/20 02:10:00",PPCCGT,123.890430
D,DISPATCH,UNIT_SCADA,1,"2022/10/20 02:10:00",PTSTAN1,0
D,DISPATCH,UNIT_SCADA,1,"2022/10/20 02:10:00",PUMP1,0
D,DISPATCH,UNIT_SCADA,1,"2022/10/20 02:10:00",PUMP2,0
D,DISPATCH,UNIT_SCADA,1,"2022/10/20 02:10:00",QBYNBG1,0.0045
D,DISPATCH,UNIT_SCADA,1,"2022/10/20 02:10:00",QBYNBL1,0
D,DISPATCH,UNIT_SCADA,1,"2022/10/20 02:10:00",QPS1,0
D,DISPATCH,UNIT_SCADA,1,"2022/10/20 02:10:00",QPS2,0
D,DISPATCH,UNIT_SCADA,1,"2022/10/20 02:10:00",QPS3,0
D,DISPATCH,UNIT_SCADA,1,"2022/10/20 02:10:00",QPS4,0
D,DISPATCH,UNIT_SCADA,1,"2022/10/20 02:10:00",QPS5,76.20
D,DISPATCH,UNIT_SCADA,1,"2022/10/20 02:10:00",REECE1,0
D,DISPATCH,UNIT_SCADA,1,"2022/10/20 02:10:00",REECE2,0
D,DISPATCH,UNIT_SCADA,1,"2022/10/20 02:10:00",ROMA_7,0
D,DISPATCH,UNIT_SCADA,1,"2022/10/20 02:10:00",ROMA_8,0
D,DISPATCH,UNIT_SCADA,1,"2022/10/20 02:10:00",RRSF1,0
D,DISPATCH,UNIT_SCADA,1,"2022/10/20 02:10:00",RT_NSW1,0
D,DISPATCH,UNIT_SCADA,1,"2022/10/20 02:10:00",RT_NSW2,0
D,DISPATCH,UNIT_SCADA,1,"2022/10/20 02:10:00",RT_NSW3,0
D,DISPATCH,UNIT_SCADA,1,"2022/10/20 02:10:00",RT_NSW4,0
D,DISPATCH,UNIT_SCADA,1,"2022/10/20 02:10:00",RT_NSW5,0
D,DISPATCH,UNIT_SCADA,1,"2022/10/20 02:10:00",RT_NSW6,0
D,DISPATCH,UNIT_SCADA,1,"2022/10/20 02:10:00",RT_QLD1,0
D,DISPATCH,UNIT_SCADA,1,"2022/10/20 02:10:00",RT_SA1,0
D,DISPATCH,UNIT_SCADA,1,"2022/10/20 02:10:00",RT_SA2,0
D,DISPATCH,UNIT_SCADA,1,"2022/10/20 02:10:00",RT_SA3,0
D,DISPATCH,UNIT_SCADA,1,"2022/10/20 02:10:00",RT_SA4,0
D,DISPATCH,UNIT_SCADA,1,"2022/10/20 02:10:00",RT_SA5,0
D,DISPATCH,UNIT_SCADA,1,"2022/10/20 02:10:00",RT_SA6,0
D,DISPATCH,UNIT_SCADA,1,"2022/10/20 02:10:00",RT_TAS1,0
D,DISPATCH,UNIT_SCADA,1,"2022/10/20 02:10:00",RT_VIC1,0
D,DISPATCH,UNIT_SCADA,1,"2022/10/20 02:10:00",RT_VIC10,0
D,DISPATCH,UNIT_SCADA,1,"2022/10/20 02:10:00",RT_VIC11,0
D,DISPATCH,UNIT_SCADA,1,"2022/10/20 02:10:00",RT_VIC12,0
D,DISPATCH,UNIT_SCADA,1,"2022/10/20 02:10:00",RT_VIC2,0
D,DISPATCH,UNIT_SCADA,1,"2022/10/20 02:10:00",RT_VIC3,0
D,DISPATCH,UNIT_SCADA,1,"2022/10/20 02:10:00",RT_VIC4,0
D,DISPATCH,UNIT_SCADA,1,"2022/10/20 02:10:00",RT_VIC5,0
D,DISPATCH,UNIT_SCADA,1,"2022/10/20 02:10:00",RT_VIC6,0
D,DISPATCH,UNIT_SCADA,1,"2022/10/20 02:10:00",RT_VIC7,0
D,DISPATCH,UNIT_SCADA,1,"2022/10/20 02:10:00",RT_VIC8,0
D,DISPATCH,UNIT_SCADA,1,"2022/10/20 02:10:00",RT_VIC9,0
D,DISPATCH,UNIT_SCADA,1,"2022/10/20 02:10:00",RUGBYR1,0
D,DISPATCH,UNIT_SCADA,1,"2022/10/20 02:10:00",SALTCRK1,16.24
D,DISPATCH,UNIT_SCADA,1,"2022/10/20 02:10:00",SAPHWF1,173.545440
D,DISPATCH,UNIT_SCADA,1,"2022/10/20 02:10:00",SEBSF1,0
D,DISPATCH,UNIT_SCADA,1,"2022/10/20 02:10:00",SHGEN,0
D,DISPATCH,UNIT_SCADA,1,"2022/10/20 02:10:00",SHPUMP,0
D,DISPATCH,UNIT_SCADA,1,"2022/10/20 02:10:00",SITHE01,0.123710
D,DISPATCH,UNIT_SCADA,1,"2022/10/20 02:10:00",SMCSF1,0
D,DISPATCH,UNIT_SCADA,1,"2022/10/20 02:10:00",SNAPPER1,0
D,DISPATCH,UNIT_SCADA,1,"2022/10/20 02:10:00",SNOWNTH1,129.30
D,DISPATCH,UNIT_SCADA,1,"2022/10/20 02:10:00",SNOWSTH1,114.30
D,DISPATCH,UNIT_SCADA,1,"2022/10/20 02:10:00",SNOWTWN1,88.9792
D,DISPATCH,UNIT_SCADA,1,"2022/10/20 02:10:00",SNOWYP,0
D,DISPATCH,UNIT_SCADA,1,"2022/10/20 02:10:00",SNUG1,0
D,DISPATCH,UNIT_SCADA,1,"2022/10/20 02:10:00",SRSF1,0
D,DISPATCH,UNIT_SCADA,1,"2022/10/20 02:10:00",STAN-1,280.748260
D,DISPATCH,UNIT_SCADA,1,"2022/10/20 02:10:00",STAN-2,364.1665
D,DISPATCH,UNIT_SCADA,1,"2022/10/20 02:10:00",STAN-3,364.0896
D,DISPATCH,UNIT_SCADA,1,"2022/10/20 02:10:00",STAN-4,365.243230
D,DISPATCH,UNIT_SCADA,1,"2022/10/20 02:10:00",STARHLWF,18.494610
D,DISPATCH,UNIT_SCADA,1,"2022/10/20 02:10:00",STOCKYD1,245.62
D,DISPATCH,UNIT_SCADA,1,"2022/10/20 02:10:00",STWF1,116.627140
D,DISPATCH,UNIT_SCADA,1,"2022/10/20 02:10:00",SUNRSF1,0
D,DISPATCH,UNIT_SCADA,1,"2022/10/20 02:10:00",SUNTPSF1,0
D,DISPATCH,UNIT_SCADA,1,"2022/10/20 02:10:00",SWAN_E,243.654390
D,DISPATCH,UNIT_SCADA,1,"2022/10/20 02:10:00",TALWA1,0
D,DISPATCH,UNIT_SCADA,1,"2022/10/20 02:10:00",TARALGA1,0
D,DISPATCH,UNIT_SCADA,1,"2022/10/20 02:10:00",TARONG#1,280.300020
D,DISPATCH,UNIT_SCADA,1,"2022/10/20 02:10:00",TARONG#2,281.700010
D,DISPATCH,UNIT_SCADA,1,"2022/10/20 02:10:00",TARONG#3,0.90
D,DISPATCH,UNIT_SCADA,1,"2022/10/20 02:10:00",TARONG#4,188.900010
D,DISPATCH,UNIT_SCADA,1,"2022/10/20 02:10:00",TARRALEA,54
D,DISPATCH,UNIT_SCADA,1,"2022/10/20 02:10:00",TBSF1,0
D,DISPATCH,UNIT_SCADA,1,"2022/10/20 02:10:00",TNPS1,300.0625
D,DISPATCH,UNIT_SCADA,1,"2022/10/20 02:10:00",TORRB1,0
D,DISPATCH,UNIT_SCADA,1,"2022/10/20 02:10:00",TORRB2,40
D,DISPATCH,UNIT_SCADA,1,"2022/10/20 02:10:00",TORRB3,0
D,DISPATCH,UNIT_SCADA,1,"2022/10/20 02:10:00",TORRB4,0
D,DISPATCH,UNIT_SCADA,1,"2022/10/20 02:10:00",TREVALLN,100.045870
D,DISPATCH,UNIT_SCADA,1,"2022/10/20 02:10:00",TRIBUTE,0
D,DISPATCH,UNIT_SCADA,1,"2022/10/20 02:10:00",TUMUT3,0
D,DISPATCH,UNIT_SCADA,1,"2022/10/20 02:10:00",TUNGATIN,4.500020
D,DISPATCH,UNIT_SCADA,1,"2022/10/20 02:10:00",TVCC201,0
D,DISPATCH,UNIT_SCADA,1,"2022/10/20 02:10:00",TVPP104,0
D,DISPATCH,UNIT_SCADA,1,"2022/10/20 02:10:00",UPPTUMUT,0
D,DISPATCH,UNIT_SCADA,1,"2022/10/20 02:10:00",URANQ11,0
D,DISPATCH,UNIT_SCADA,1,"2022/10/20 02:10:00",URANQ12,0
D,DISPATCH,UNIT_SCADA,1,"2022/10/20 02:10:00",URANQ13,0
D,DISPATCH,UNIT_SCADA,1,"2022/10/20 02:10:00",URANQ14,0
D,DISPATCH,UNIT_SCADA,1,"2022/10/20 02:10:00",VBBG1,0
D,DISPATCH,UNIT_SCADA,1,"2022/10/20 02:10:00",VBBL1,64.10
D,DISPATCH,UNIT_SCADA,1,"2022/10/20 02:10:00",VP5,532.2428
D,DISPATCH,UNIT_SCADA,1,"2022/10/20 02:10:00",VP6,530.484920
D,DISPATCH,UNIT_SCADA,1,"2022/10/20 02:10:00",VPGS1,0
D,DISPATCH,UNIT_SCADA,1,"2022/10/20 02:10:00",VPGS2,0
D,DISPATCH,UNIT_SCADA,1,"2022/10/20 02:10:00",VPGS3,0
D,DISPATCH,UNIT_SCADA,1,"2022/10/20 02:10:00",VPGS4,0
D,DISPATCH,UNIT_SCADA,1,"2022/10/20 02:10:00",VPGS5,0
D,DISPATCH,UNIT_SCADA,1,"2022/10/20 02:10:00",VPGS6,0
D,DISPATCH,UNIT_SCADA,1,"2022/10/20 02:10:00",W/HOE#1,0
D,DISPATCH,UNIT_SCADA,1,"2022/10/20 02:10:00",W/HOE#2,0
D,DISPATCH,UNIT_SCADA,1,"2022/10/20 02:10:00",WAGGNSF1,0
D,DISPATCH,UNIT_SCADA,1,"2022/10/20 02:10:00",WALGRVG1,0.000930
D,DISPATCH,UNIT_SCADA,1,"2022/10/20 02:10:00",WALGRVL1,0
D,DISPATCH,UNIT_SCADA,1,"2022/10/20 02:10:00",WANDBG1,0
D,DISPATCH,UNIT_SCADA,1,"2022/10/20 02:10:00",WANDBL1,-0.068680
D,DISPATCH,UNIT_SCADA,1,"2022/10/20 02:10:00",WARWSF1,0
D,DISPATCH,UNIT_SCADA,1,"2022/10/20 02:10:00",WARWSF2,0
D,DISPATCH,UNIT_SCADA,1,"2022/10/20 02:10:00",WATERLWF,66.60
D,DISPATCH,UNIT_SCADA,1,"2022/10/20 02:10:00",WDGPH1,0
D,DISPATCH,UNIT_SCADA,1,"2022/10/20 02:10:00",WELLSF1,0
D,DISPATCH,UNIT_SCADA,1,"2022/10/20 02:10:00",WEMENSF1,0
D,DISPATCH,UNIT_SCADA,1,"2022/10/20 02:10:00",WGWF1,117.60
D,DISPATCH,UNIT_SCADA,1,"2022/10/20 02:10:00",WHITSF1,0
D,DISPATCH,UNIT_SCADA,1,"2022/10/20 02:10:00",WINTSF1,0
D,DISPATCH,UNIT_SCADA,1,"2022/10/20 02:10:00",WKIEWA1,33.90
D,DISPATCH,UNIT_SCADA,1,"2022/10/20 02:10:00",WKIEWA2,33.80
D,DISPATCH,UNIT_SCADA,1,"2022/10/20 02:10:00",WOODLWN1,11.922550
D,DISPATCH,UNIT_SCADA,1,"2022/10/20 02:10:00",WOOLGSF1,0
D,DISPATCH,UNIT_SCADA,1,"2022/10/20 02:10:00",WPWF,81.31
D,DISPATCH,UNIT_SCADA,1,"2022/10/20 02:10:00",WRSF1,0
D,DISPATCH,UNIT_SCADA,1,"2022/10/20 02:10:00",WRWF1,43.4522
D,DISPATCH,UNIT_SCADA,1,"2022/10/20 02:10:00",WSTWYSF1,0
D,DISPATCH,UNIT_SCADA,1,"2022/10/20 02:10:00",YABULU,0
D,DISPATCH,UNIT_SCADA,1,"2022/10/20 02:10:00",YABULU2,0
D,DISPATCH,UNIT_SCADA,1,"2022/10/20 02:10:00",YARANSF1,0
D,DISPATCH,UNIT_SCADA,1,"2022/10/20 02:10:00",YARWUN_1,139.75
D,DISPATCH,UNIT_SCADA,1,"2022/10/20 02:10:00",YATSF1,0
D,DISPATCH,UNIT_SCADA,1,"2022/10/20 02:10:00",YENDWF1,39.10
D,DISPATCH,UNIT_SCADA,1,"2022/10/20 02:10:00",YWPS1,364.410130
D,DISPATCH,UNIT_SCADA,1,"2022/10/20 02:10:00",YWPS2,359.6481
D,DISPATCH,UNIT_SCADA,1,"2022/10/20 02:10:00",YWPS3,361.646850
D,DISPATCH,UNIT_SCADA,1,"2022/10/20 02:10:00",YWPS4,0
C,"END OF REPORT",419
