C,NEMP.WORLD,DISPATCHSCADA,AEMO,PUBLIC,2022/10/20,17:00:09,0000000373268795,DISPATCHSCADA,0000000373268789
I,DISPATCH,UNIT_SCADA,1,SETTLEMENTDATE,DUID,SCADAVALUE
D,DISPATCH,UNIT_SCADA,1,"2022/10/20 17:05:00",BARCSF1,9.60
D,DISPATCH,UNIT_SCADA,1,"2022/10/20 17:05:00",BUTLERSG,8.699999
D,DISPATCH,UNIT_SCADA,1,"2022/10/20 17:05:00",CAPTL_WF,77.727753
D,DISPATCH,UNIT_SCADA,1,"2022/10/20 17:05:00",CHALLHWF,12.20
D,DISPATCH,UNIT_SCADA,1,"2022/10/20 17:05:00",CLOVER,12.32
D,DISPATCH,UNIT_SCADA,1,"2022/10/20 17:05:00",CLUNY,6.324101
D,DISPATCH,UNIT_SCADA,1,"2022/10/20 17:05:00",CULLRGWF,-0.04
D,DISPATCH,UNIT_SCADA,1,"2022/10/20 17:05:00",DIAPURWF1,0.60
D,DISPATCH,UNIT_SCADA,1,"2022/10/20 17:05:00",ERGT01,0
D,DISPATCH,UNIT_SCADA,1,"2022/10/20 17:05:00",GB01,0
D,DISPATCH,UNIT_SCADA,1,"2022/10/20 17:05:00",GERMCRK,21.90
D,DISPATCH,UNIT_SCADA,1,"2022/10/20 17:05:00",GRIFSF1,4.100099
D,DISPATCH,UNIT_SCADA,1,"2022/10/20 17:05:00",HEZ1,0
D,DISPATCH,UNIT_SCADA,1,"2022/10/20 17:05:00",HUGSF1,1.5450
D,DISPATCH,UNIT_SCADA,1,"2022/10/20 17:05:00",KEPBG1,0.01
D,DISPATCH,UNIT_SCADA,1,"2022/10/20 17:05:00",LRSF1,10.035001
D,DISPATCH,UNIT_SCADA,1,"2022/10/20 17:05:00",MBAHNTH,43.574997
D,DISPATCH,UNIT_SCADA,1,"2022/10/20 17:05:00",MLSP1,0.439001
D,DISPATCH,UNIT_SCADA,1,"2022/10/20 17:05:00",MLWF1,7.92
D,DISPATCH,UNIT_SCADA,1,"2022/10/20 17:05:00",PALOONA,30.309999
D,DISPATCH,UNIT_SCADA,1,"2022/10/20 17:05:00",PIONEER,25.60
D,DISPATCH,UNIT_SCADA,1,"2022/10/20 17:05:00",PORTWF,34.200001
D,DISPATCH,UNIT_SCADA,1,"2022/10/20 17:05:00",REPULSE,9.429465
D,DISPATCH,UNIT_SCADA,1,"2022/10/20 17:05:00",ROWALLAN,8.910501
D,DISPATCH,UNIT_SCADA,1,"2022/10/20 17:05:00",ROYALLA1,1.320003
D,DISPATCH,UNIT_SCADA,1,"2022/10/20 17:05:00",RPCG,-1.80
D,DISPATCH,UNIT_SCADA,1,"2022/10/20 17:05:00",RUBICON,0
D,DISPATCH,UNIT_SCADA,1,"2022/10/20 17:05:00",WAUBRAWF,62.279999
D,DISPATCH,UNIT_SCADA,1,"2022/10/20 17:05:00",WOOLNTH1,98.989998
D,DISPATCH,UNIT_SCADA,1,"2022/10/20 17:05:00",YAMBUKWF,2.20
D,DISPATCH,UNIT_SCADA,1,"2022/10/20 17:05:00",YSWF1,1
D,DISPATCH,UNIT_SCADA,1,"2022/10/20 17:05:00",ADPBA1G,0.0080
D,DISPATCH,UNIT_SCADA,1,"2022/10/20 17:05:00",ADPBA1L,0
D,DISPATCH,UNIT_SCADA,1,"2022/10/20 17:05:00",ADPPV1,8.7450
D,DISPATCH,UNIT_SCADA,1,"2022/10/20 17:05:00",AGLHAL,30.648220
D,DISPATCH,UNIT_SCADA,1,"2022/10/20 17:05:00",AGLSOM,0
D,DISPATCH,UNIT_SCADA,1,"2022/10/20 17:05:00",ANGAST1,0
D,DISPATCH,UNIT_SCADA,1,"2022/10/20 17:05:00",ARWF1,75
D,DISPATCH,UNIT_SCADA,1,"2022/10/20 17:05:00",BALBG1,0
D,DISPATCH,UNIT_SCADA,1,"2022/10/20 17:05:00",BALBL1,0
D,DISPATCH,UNIT_SCADA,1,"2022/10/20 17:05:00",BALDHWF1,104.6660
D,DISPATCH,UNIT_SCADA,1,"2022/10/20 17:05:00",BANGOWF1,82.899220
D,DISPATCH,UNIT_SCADA,1,"2022/10/20 17:05:00",BANGOWF2,54.699090
D,DISPATCH,UNIT_SCADA,1,"2022/10/20 17:05:00",BANN1,13.76
D,DISPATCH,UNIT_SCADA,1,"2022/10/20 17:05:00",BARCALDN,0
D,DISPATCH,UNIT_SCADA,1,"2022/10/20 17:05:00",BARKIPS1,0
D,DISPATCH,UNIT_SCADA,1,"2022/10/20 17:05:00",BARRON-1,25.64
D,DISPATCH,UNIT_SCADA,1,"2022/10/20 17:05:00",BARRON-2,25.28
D,DISPATCH,UNIT_SCADA,1,"2022/10/20 17:05:00",BASTYAN,52.54
D,DISPATCH,UNIT_SCADA,1,"2022/10/20 17:05:00",BBTHREE1,0
D,DISPATCH,UNIT_SCADA,1,"2022/10/20 17:05:00",BBTHREE2,0
D,DISPATCH,UNIT_SCADA,1,"2022/10/20 17:05:00",BBTHREE3,-1.07
D,DISPATCH,UNIT_SCADA,1,"2022/10/20 17:05:00",BDL01,0
D,DISPATCH,UNIT_SCADA,1,"2022/10/20 17:05:00",BDL02,0
D,DISPATCH,UNIT_SCADA,1,"2022/10/20 17:05:00",BERYLSF1,8.3409
D,DISPATCH,UNIT_SCADA,1,"2022/10/20 17:05:00",BLOWERNG,62.50
D,DISPATCH,UNIT_SCADA,1,"2022/10/20 17:05:00",BLUEGSF1,7.668990
D,DISPATCH,UNIT_SCADA,1,"2022/10/20 17:05:00",BLUFF1,0
D,DISPATCH,UNIT_SCADA,1,"2022/10/20 17:05:00",BNGSF1,100.99
D,DISPATCH,UNIT_SCADA,1,"2022/10/20 17:05:00",BNGSF2,102.98
D,DISPATCH,UNIT_SCADA,1,"2022/10/20 17:05:00",BOCORWF1,72.32
D,DISPATCH,UNIT_SCADA,1,"2022/10/20 17:05:00",BODWF1,88.941450
D,DISPATCH,UNIT_SCADA,1,"2022/10/20 17:05:00",BOMENSF1,15.690550
D,DISPATCH,UNIT_SCADA,1,"2022/10/20 17:05:00",BOWWBA1G,0
D,DISPATCH,UNIT_SCADA,1,"2022/10/20 17:05:00",BOWWBA1L,0.0020
D,DISPATCH,UNIT_SCADA,1,"2022/10/20 17:05:00",BOWWPV1,0
D,DISPATCH,UNIT_SCADA,1,"2022/10/20 17:05:00",BRAEMAR1,0
D,DISPATCH,UNIT_SCADA,1,"2022/10/20 17:05:00",BRAEMAR2,0
D,DISPATCH,UNIT_SCADA,1,"2022/10/20 17:05:00",BRAEMAR3,0
D,DISPATCH,UNIT_SCADA,1,"2022/10/20 17:05:00",BRAEMAR5,143.531890
D,DISPATCH,UNIT_SCADA,1,"2022/10/20 17:05:00",BRAEMAR6,0
D,DISPATCH,UNIT_SCADA,1,"2022/10/20 17:05:00",BRAEMAR7,152.847560
D,DISPATCH,UNIT_SCADA,1,"2022/10/20 17:05:00",BROKENH1,17.299740
D,DISPATCH,UNIT_SCADA,1,"2022/10/20 17:05:00",BRYB1WF1,96.549930
D,DISPATCH,UNIT_SCADA,1,"2022/10/20 17:05:00",BULBESG1,0
D,DISPATCH,UNIT_SCADA,1,"2022/10/20 17:05:00",BULBESL1,0.09
D,DISPATCH,UNIT_SCADA,1,"2022/10/20 17:05:00",BULGANA1,61.42
D,DISPATCH,UNIT_SCADA,1,"2022/10/20 17:05:00",BW01,657.785890
D,DISPATCH,UNIT_SCADA,1,"2022/10/20 17:05:00",BW02,617.941530
D,DISPATCH,UNIT_SCADA,1,"2022/10/20 17:05:00",BW03,529.756590
D,DISPATCH,UNIT_SCADA,1,"2022/10/20 17:05:00",BW04,0
D,DISPATCH,UNIT_SCADA,1,"2022/10/20 17:05:00",CALL_B_1,319.700010
D,DISPATCH,UNIT_SCADA,1,"2022/10/20 17:05:00",CALL_B_2,316.100010
D,DISPATCH,UNIT_SCADA,1,"2022/10/20 17:05:00",CATHROCK,10.40
D,DISPATCH,UNIT_SCADA,1,"2022/10/20 17:05:00",CBWWBA1G,0
D,DISPATCH,UNIT_SCADA,1,"2022/10/20 17:05:00",CBWWBA1L,0
D,DISPATCH,UNIT_SCADA,1,"2022/10/20 17:05:00",CETHANA,97.525880
D,DISPATCH,UNIT_SCADA,1,"2022/10/20 17:05:00",CG1,0
D,DISPATCH,UNIT_SCADA,1,"2022/10/20 17:05:00",CG2,0
D,DISPATCH,UNIT_SCADA,1,"2022/10/20 17:05:00",CG3,0
D,DISPATCH,UNIT_SCADA,1,"2022/10/20 17:05:00",CG4,0
D,DISPATCH,UNIT_SCADA,1,"2022/10/20 17:05:00",CHILDSF1,0.82
D,DISPATCH,UNIT_SCADA,1,"2022/10/20 17:05:00",CHYTWF1,9.41
D,DISPATCH,UNIT_SCADA,1,"2022/10/20 17:05:00",CLARESF1,0
D,DISPATCH,UNIT_SCADA,1,"2022/10/20 17:05:00",CLEMGPWF,12.606120
D,DISPATCH,UNIT_SCADA,1,"2022/10/20 17:05:00",CLERMSF1,4.65
D,DISPATCH,UNIT_SCADA,1,"2022/10/20 17:05:00",CNUNDAWF,5.906890
D,DISPATCH,UNIT_SCADA,1,"2022/10/20 17:05:00",COHUNSF1,11.98
D,DISPATCH,UNIT_SCADA,1,"2022/10/20 17:05:00",COLEASF1,9.802010
D,DISPATCH,UNIT_SCADA,1,"2022/10/20 17:05:00",COLUMSF1,4.33
D,DISPATCH,UNIT_SCADA,1,"2022/10/20 17:05:00",COLWF01,118.147560
D,DISPATCH,UNIT_SCADA,1,"2022/10/20 17:05:00",COOPGWF1,309.81
D,DISPATCH,UNIT_SCADA,1,"2022/10/20 17:05:00",CPP_3,367.1250
D,DISPATCH,UNIT_SCADA,1,"2022/10/20 17:05:00",CPP_4,0
D,DISPATCH,UNIT_SCADA,1,"2022/10/20 17:05:00",CPSA,0
D,DISPATCH,UNIT_SCADA,1,"2022/10/20 17:05:00",CROOKWF2,68.321960
D,DISPATCH,UNIT_SCADA,1,"2022/10/20 17:05:00",CROWLWF1,32.794620
D,DISPATCH,UNIT_SCADA,1,"2022/10/20 17:05:00",CRURWF1,49.997180
D,DISPATCH,UNIT_SCADA,1,"2022/10/20 17:05:00",CRWASF1,18.097150
D,DISPATCH,UNIT_SCADA,1,"2022/10/20 17:05:00",CSPVPS1,2.8740
D,DISPATCH,UNIT_SCADA,1,"2022/10/20 17:05:00",CTHLWF1,0.003050
D,DISPATCH,UNIT_SCADA,1,"2022/10/20 17:05:00",DALNTH01,0
D,DISPATCH,UNIT_SCADA,1,"2022/10/20 17:05:00",DALNTHL1,0.2060
D,DISPATCH,UNIT_SCADA,1,"2022/10/20 17:05:00",DARLSF1,45.467060
D,DISPATCH,UNIT_SCADA,1,"2022/10/20 17:05:00",DARTM1,0
D,DISPATCH,UNIT_SCADA,1,"2022/10/20 17:05:00",DAYDSF1,11.9880
D,DISPATCH,UNIT_SCADA,1,"2022/10/20 17:05:00",DDPS1,0
D,DISPATCH,UNIT_SCADA,1,"2022/10/20 17:05:00",DDSF1,5.663740
D,DISPATCH,UNIT_SCADA,1,"2022/10/20 17:05:00",DEVILS_G,60.121460
D,DISPATCH,UNIT_SCADA,1,"2022/10/20 17:05:00",DG_NSW1,0
D,DISPATCH,UNIT_SCADA,1,"2022/10/20 17:05:00",DG_QLD1,0
D,DISPATCH,UNIT_SCADA,1,"2022/10/20 17:05:00",DG_SA1,0
D,DISPATCH,UNIT_SCADA,1,"2022/10/20 17:05:00",DG_TAS1,0
D,DISPATCH,UNIT_SCADA,1,"2022/10/20 17:05:00",DG_VIC1,0
D,DISPATCH,UNIT_SCADA,1,"2022/10/20 17:05:00",DRYCGT1,0
D,DISPATCH,UNIT_SCADA,1,"2022/10/20 17:05:00",DRYCGT2,0
D,DISPATCH,UNIT_SCADA,1,"2022/10/20 17:05:00",DRYCGT3,0
D,DISPATCH,UNIT_SCADA,1,"2022/10/20 17:05:00",DUNDWF1,70.06
D,DISPATCH,UNIT_SCADA,1,"2022/10/20 17:05:00",DUNDWF2,17.24
D,DISPATCH,UNIT_SCADA,1,"2022/10/20 17:05:00",DUNDWF3,66.25
D,DISPATCH,UNIT_SCADA,1,"2022/10/20 17:05:00",EILDON1,59.72
D,DISPATCH,UNIT_SCADA,1,"2022/10/20 17:05:00",EILDON2,59.96
D,DISPATCH,UNIT_SCADA,1,"2022/10/20 17:05:00",ELAINWF1,19.87
D,DISPATCH,UNIT_SCADA,1,"2022/10/20 17:05:00",EMERASF1,0
D,DISPATCH,UNIT_SCADA,1,"2022/10/20 17:05:00",ER01,0
D,DISPATCH,UNIT_SCADA,1,"2022/10/20 17:05:00",ER02,677.805730
D,DISPATCH,UNIT_SCADA,1,"2022/10/20 17:05:00",ER03,636.472110
D,DISPATCH,UNIT_SCADA,1,"2022/10/20 17:05:00",ER04,687.766850
D,DISPATCH,UNIT_SCADA,1,"2022/10/20 17:05:00",FINLYSF1,105.210950
D,DISPATCH,UNIT_SCADA,1,"2022/10/20 17:05:00",FISHER,43.82
D,DISPATCH,UNIT_SCADA,1,"2022/10/20 17:05:00",GANGARR1,26.4410
D,DISPATCH,UNIT_SCADA,1,"2022/10/20 17:05:00",GANNBG1,0
D,DISPATCH,UNIT_SCADA,1,"2022/10/20 17:05:00",GANNBL1,0.452890
D,DISPATCH,UNIT_SCADA,1,"2022/10/20 17:05:00",GANNSF1,33.60
D,DISPATCH,UNIT_SCADA,1,"2022/10/20 17:05:00",GLRWNSF1,26.31
D,DISPATCH,UNIT_SCADA,1,"2022/10/20 17:05:00",GNNDHSF1,14.106890
D,DISPATCH,UNIT_SCADA,1,"2022/10/20 17:05:00",GOONSF1,6.5687
D,DISPATCH,UNIT_SCADA,1,"2022/10/20 17:05:00",GORDON,261.693480
D,DISPATCH,UNIT_SCADA,1,"2022/10/20 17:05:00",GRANWF1,0
D,DISPATCH,UNIT_SCADA,1,"2022/10/20 17:05:00",GSTONE1,201.25
D,DISPATCH,UNIT_SCADA,1,"2022/10/20 17:05:00",GSTONE2,0
D,DISPATCH,UNIT_SCADA,1,"2022/10/20 17:05:00",GSTONE3,199.849990
D,DISPATCH,UNIT_SCADA,1,"2022/10/20 17:05:00",GSTONE4,0
D,DISPATCH,UNIT_SCADA,1,"2022/10/20 17:05:00",GSTONE5,200.899990
D,DISPATCH,UNIT_SCADA,1,"2022/10/20 17:05:00",GSTONE6,201.25
D,DISPATCH,UNIT_SCADA,1,"2022/10/20 17:05:00",GULLRSF1,0.2650
D,DISPATCH,UNIT_SCADA,1,"2022/10/20 17:05:00",GULLRWF1,110.483320
D,DISPATCH,UNIT_SCADA,1,"2022/10/20 17:05:00",GULLRWF2,101.545010
D,DISPATCH,UNIT_SCADA,1,"2022/10/20 17:05:00",GUNNING1,0
D,DISPATCH,UNIT_SCADA,1,"2022/10/20 17:05:00",GUTHEGA,67.40
D,DISPATCH,UNIT_SCADA,1,"2022/10/20 17:05:00",HALLWF1,0.21
D,DISPATCH,UNIT_SCADA,1,"2022/10/20 17:05:00",HALLWF2,0
D,DISPATCH,UNIT_SCADA,1,"2022/10/20 17:05:00",HAMISF1,3.90
D,DISPATCH,UNIT_SCADA,1,"2022/10/20 17:05:00",HAUGHT11,0
D,DISPATCH,UNIT_SCADA,1,"2022/10/20 17:05:00",HAYMSF1,3.6520
D,DISPATCH,UNIT_SCADA,1,"2022/10/20 17:05:00",HDWF1,16.20
D,DISPATCH,UNIT_SCADA,1,"2022/10/20 17:05:00",HDWF2,26.80
D,DISPATCH,UNIT_SCADA,1,"2022/10/20 17:05:00",HDWF3,29.70
D,DISPATCH,UNIT_SCADA,1,"2022/10/20 17:05:00",HILLSTN1,0
D,DISPATCH,UNIT_SCADA,1,"2022/10/20 17:05:00",HPRG1,0
D,DISPATCH,UNIT_SCADA,1,"2022/10/20 17:05:00",HPRL1,7.70
D,DISPATCH,UNIT_SCADA,1,"2022/10/20 17:05:00",HUMENSW,54.872060
D,DISPATCH,UNIT_SCADA,1,"2022/10/20 17:05:00",HUMEV,0
D,DISPATCH,UNIT_SCADA,1,"2022/10/20 17:05:00",HVWWBA1G,0
D,DISPATCH,UNIT_SCADA,1,"2022/10/20 17:05:00",HVWWBA1L,0.0070
D,DISPATCH,UNIT_SCADA,1,"2022/10/20 17:05:00",HVWWPV1,4.7620
D,DISPATCH,UNIT_SCADA,1,"2022/10/20 17:05:00",JBUTTERS,0
D,DISPATCH,UNIT_SCADA,1,"2022/10/20 17:05:00",JEMALNG1,6.61
D,DISPATCH,UNIT_SCADA,1,"2022/10/20 17:05:00",JLA01,0
D,DISPATCH,UNIT_SCADA,1,"2022/10/20 17:05:00",JLA02,0
D,DISPATCH,UNIT_SCADA,1,"2022/10/20 17:05:00",JLA03,0
D,DISPATCH,UNIT_SCADA,1,"2022/10/20 17:05:00",JLA04,0
D,DISPATCH,UNIT_SCADA,1,"2022/10/20 17:05:00",JLB01,0
D,DISPATCH,UNIT_SCADA,1,"2022/10/20 17:05:00",JLB02,0.10
D,DISPATCH,UNIT_SCADA,1,"2022/10/20 17:05:00",JLB03,0
D,DISPATCH,UNIT_SCADA,1,"2022/10/20 17:05:00",JUNEESF1,2.278660
D,DISPATCH,UNIT_SCADA,1,"2022/10/20 17:05:00",KABANWF1,3.4470
D,DISPATCH,UNIT_SCADA,1,"2022/10/20 17:05:00",KAREEYA1,17.9075
D,DISPATCH,UNIT_SCADA,1,"2022/10/20 17:05:00",KAREEYA2,0
D,DISPATCH,UNIT_SCADA,1,"2022/10/20 17:05:00",KAREEYA3,21.4850
D,DISPATCH,UNIT_SCADA,1,"2022/10/20 17:05:00",KAREEYA4,0
D,DISPATCH,UNIT_SCADA,1,"2022/10/20 17:05:00",KARSF1,50.10
D,DISPATCH,UNIT_SCADA,1,"2022/10/20 17:05:00",KEPSF1,0.47
D,DISPATCH,UNIT_SCADA,1,"2022/10/20 17:05:00",KEPWF1,24.68
D,DISPATCH,UNIT_SCADA,1,"2022/10/20 17:05:00",KIAMSF1,25.486380
D,DISPATCH,UNIT_SCADA,1,"2022/10/20 17:05:00",KIATAWF1,6.50
D,DISPATCH,UNIT_SCADA,1,"2022/10/20 17:05:00",KPP_1,0
D,DISPATCH,UNIT_SCADA,1,"2022/10/20 17:05:00",KSP1,2.32
D,DISPATCH,UNIT_SCADA,1,"2022/10/20 17:05:00",LADBROK1,0.01
D,DISPATCH,UNIT_SCADA,1,"2022/10/20 17:05:00",LADBROK2,0.02
D,DISPATCH,UNIT_SCADA,1,"2022/10/20 17:05:00",LBBG1,0
D,DISPATCH,UNIT_SCADA,1,"2022/10/20 17:05:00",LBBL1,0
D,DISPATCH,UNIT_SCADA,1,"2022/10/20 17:05:00",LD01,350.456240
D,DISPATCH,UNIT_SCADA,1,"2022/10/20 17:05:00",LD02,29.407640
D,DISPATCH,UNIT_SCADA,1,"2022/10/20 17:05:00",LD04,319.565430
D,DISPATCH,UNIT_SCADA,1,"2022/10/20 17:05:00",LEM_WIL,86.980180
D,DISPATCH,UNIT_SCADA,1,"2022/10/20 17:05:00",LGAPWF1,65.65
D,DISPATCH,UNIT_SCADA,1,"2022/10/20 17:05:00",LGAPWF2,47.45
D,DISPATCH,UNIT_SCADA,1,"2022/10/20 17:05:00",LILYSF1,4.8169
D,DISPATCH,UNIT_SCADA,1,"2022/10/20 17:05:00",LIMOSF11,25.081710
D,DISPATCH,UNIT_SCADA,1,"2022/10/20 17:05:00",LIMOSF21,3.606470
D,DISPATCH,UNIT_SCADA,1,"2022/10/20 17:05:00",LI_WY_CA,62.840150
D,DISPATCH,UNIT_SCADA,1,"2022/10/20 17:05:00",LKBONNY1,9.556110
D,DISPATCH,UNIT_SCADA,1,"2022/10/20 17:05:00",LKBONNY2,18.263890
D,DISPATCH,UNIT_SCADA,1,"2022/10/20 17:05:00",LKBONNY3,3.181860
D,DISPATCH,UNIT_SCADA,1,"2022/10/20 17:05:00",LK_ECHO,0
D,DISPATCH,UNIT_SCADA,1,"2022/10/20 17:05:00",LNGS1,0
D,DISPATCH,UNIT_SCADA,1,"2022/10/20 17:05:00",LNGS2,0
D,DISPATCH,UNIT_SCADA,1,"2022/10/20 17:05:00",LONSDALE,0
D,DISPATCH,UNIT_SCADA,1,"2022/10/20 17:05:00",LOYYB1,580.074710
D,DISPATCH,UNIT_SCADA,1,"2022/10/20 17:05:00",LOYYB2,574.435420
D,DISPATCH,UNIT_SCADA,1,"2022/10/20 17:05:00",LYA1,554
D,DISPATCH,UNIT_SCADA,1,"2022/10/20 17:05:00",LYA2,0
D,DISPATCH,UNIT_SCADA,1,"2022/10/20 17:05:00",LYA3,555
D,DISPATCH,UNIT_SCADA,1,"2022/10/20 17:05:00",LYA4,555
D,DISPATCH,UNIT_SCADA,1,"2022/10/20 17:05:00",MACARTH1,51.298820
D,DISPATCH,UNIT_SCADA,1,"2022/10/20 17:05:00",MACKNTSH,0
D,DISPATCH,UNIT_SCADA,1,"2022/10/20 17:05:00",MANSLR1,3.6540
D,DISPATCH,UNIT_SCADA,1,"2022/10/20 17:05:00",MAPS2PV1,0
D,DISPATCH,UNIT_SCADA,1,"2022/10/20 17:05:00",MAPS3PV1,0
D,DISPATCH,UNIT_SCADA,1,"2022/10/20 17:05:00",MARYRSF1,2.51
D,DISPATCH,UNIT_SCADA,1,"2022/10/20 17:05:00",MBPS2PV1,0
D,DISPATCH,UNIT_SCADA,1,"2022/10/20 17:05:00",MCKAY1,218.195010
D,DISPATCH,UNIT_SCADA,1,"2022/10/20 17:05:00",MEADOWBK,5.916060
D,DISPATCH,UNIT_SCADA,1,"2022/10/20 17:05:00",MERCER01,22.20
D,DISPATCH,UNIT_SCADA,1,"2022/10/20 17:05:00",METZSF1,32.9049
D,DISPATCH,UNIT_SCADA,1,"2022/10/20 17:05:00",MEWF1,2.406140
D,DISPATCH,UNIT_SCADA,1,"2022/10/20 17:05:00",MIDDLSF1,4.17
D,DISPATCH,UNIT_SCADA,1,"2022/10/20 17:05:00",MINTARO,0.128180
D,DISPATCH,UNIT_SCADA,1,"2022/10/20 17:05:00",MOLNGSF1,2.706340
D,DISPATCH,UNIT_SCADA,1,"2022/10/20 17:05:00",MOORAWF1,31.29
D,DISPATCH,UNIT_SCADA,1,"2022/10/20 17:05:00",MOREESF1,0.8440
D,DISPATCH,UNIT_SCADA,1,"2022/10/20 17:05:00",MORTLK11,0
D,DISPATCH,UNIT_SCADA,1,"2022/10/20 17:05:00",MORTLK12,0
D,DISPATCH,UNIT_SCADA,1,"2022/10/20 17:05:00",MOUSF1,0
D,DISPATCH,UNIT_SCADA,1,"2022/10/20 17:05:00",MP1,0
D,DISPATCH,UNIT_SCADA,1,"2022/10/20 17:05:00",MP2,610.812560
D,DISPATCH,UNIT_SCADA,1,"2022/10/20 17:05:00",MPP_1,193.762590
D,DISPATCH,UNIT_SCADA,1,"2022/10/20 17:05:00",MPP_2,177.129960
D,DISPATCH,UNIT_SCADA,1,"2022/10/20 17:05:00",MRTLSWF1,0
D,DISPATCH,UNIT_SCADA,1,"2022/10/20 17:05:00",MSTUART1,0
D,DISPATCH,UNIT_SCADA,1,"2022/10/20 17:05:00",MSTUART2,0
D,DISPATCH,UNIT_SCADA,1,"2022/10/20 17:05:00",MSTUART3,0
D,DISPATCH,UNIT_SCADA,1,"2022/10/20 17:05:00",MTGELWF1,44.752340
D,DISPATCH,UNIT_SCADA,1,"2022/10/20 17:05:00",MTMILLAR,12.90
D,DISPATCH,UNIT_SCADA,1,"2022/10/20 17:05:00",MURRAY,113.20
D,DISPATCH,UNIT_SCADA,1,"2022/10/20 17:05:00",MUSSELR1,2.70
D,DISPATCH,UNIT_SCADA,1,"2022/10/20 17:05:00",MUWAWF1,24.40
D,DISPATCH,UNIT_SCADA,1,"2022/10/20 17:05:00",MUWAWF2,28.40
D,DISPATCH,UNIT_SCADA,1,"2022/10/20 17:05:00",MWPS1PV1,1.26
D,DISPATCH,UNIT_SCADA,1,"2022/10/20 17:05:00",MWPS2PV1,4.40
D,DISPATCH,UNIT_SCADA,1,"2022/10/20 17:05:00",MWPS3PV1,1.56
D,DISPATCH,UNIT_SCADA,1,"2022/10/20 17:05:00",MWPS4PV1,0.73
D,DISPATCH,UNIT_SCADA,1,"2022/10/20 17:05:00",NBHWF1,2.30
D,DISPATCH,UNIT_SCADA,1,"2022/10/20 17:05:00",NEVERSF1,0.78
D,DISPATCH,UNIT_SCADA,1,"2022/10/20 17:05:00",NPS,0
D,DISPATCH,UNIT_SCADA,1,"2022/10/20 17:05:00",NUMURSF1,13.15
D,DISPATCH,UNIT_SCADA,1,"2022/10/20 17:05:00",NYNGAN1,9.50
D,DISPATCH,UNIT_SCADA,1,"2022/10/20 17:05:00",OAKEY1,125.786270
D,DISPATCH,UNIT_SCADA,1,"2022/10/20 17:05:00",OAKEY1SF,2.0060
D,DISPATCH,UNIT_SCADA,1,"2022/10/20 17:05:00",OAKEY2,0
D,DISPATCH,UNIT_SCADA,1,"2022/10/20 17:05:00",OAKEY2SF,4.20
D,DISPATCH,UNIT_SCADA,1,"2022/10/20 17:05:00",OAKLAND1,19.70
D,DISPATCH,UNIT_SCADA,1,"2022/10/20 17:05:00",OSB-AG,146.489990
D,DISPATCH,UNIT_SCADA,1,"2022/10/20 17:05:00",PAREPS1,0
D,DISPATCH,UNIT_SCADA,1,"2022/10/20 17:05:00",PAREPW1,181.75
D,DISPATCH,UNIT_SCADA,1,"2022/10/20 17:05:00",PARSF1,5.101090
D,DISPATCH,UNIT_SCADA,1,"2022/10/20 17:05:00",POAT110,3.15
D,DISPATCH,UNIT_SCADA,1,"2022/10/20 17:05:00",POAT220,0
D,DISPATCH,UNIT_SCADA,1,"2022/10/20 17:05:00",POR01,0.008670
D,DISPATCH,UNIT_SCADA,1,"2022/10/20 17:05:00",POR03,0
D,DISPATCH,UNIT_SCADA,1,"2022/10/20 17:05:00",PPCCGT,161.472260
D,DISPATCH,UNIT_SCADA,1,"2022/10/20 17:05:00",PTSTAN1,0
D,DISPATCH,UNIT_SCADA,1,"2022/10/20 17:05:00",PUMP1,0
D,DISPATCH,UNIT_SCADA,1,"2022/10/20 17:05:00",PUMP2,0
D,DISPATCH,UNIT_SCADA,1,"2022/10/20 17:05:00",QBYNBG1,0
D,DISPATCH,UNIT_SCADA,1,"2022/10/20 17:05:00",QBYNBL1,1.125480
D,DISPATCH,UNIT_SCADA,1,"2022/10/20 17:05:00",QPS1,0
D,DISPATCH,UNIT_SCADA,1,"2022/10/20 17:05:00",QPS2,0
D,DISPATCH,UNIT_SCADA,1,"2022/10/20 17:05:00",QPS3,0
D,DISPATCH,UNIT_SCADA,1,"2022/10/20 17:05:00",QPS4,0
D,DISPATCH,UNIT_SCADA,1,"2022/10/20 17:05:00",QPS5,72.70
D,DISPATCH,UNIT_SCADA,1,"2022/10/20 17:05:00",REECE1,50.671590
D,DISPATCH,UNIT_SCADA,1,"2022/10/20 17:05:00",REECE2,35.25
D,DISPATCH,UNIT_SCADA,1,"2022/10/20 17:05:00",ROMA_7,0
D,DISPATCH,UNIT_SCADA,1,"2022/10/20 17:05:00",ROMA_8,0
D,DISPATCH,UNIT_SCADA,1,"2022/10/20 17:05:00",RRSF1,55.206890
D,DISPATCH,UNIT_SCADA,1,"2022/10/20 17:05:00",RT_NSW1,0
D,DISPATCH,UNIT_SCADA,1,"2022/10/20 17:05:00",RT_NSW2,0
D,DISPATCH,UNIT_SCADA,1,"2022/10/20 17:05:00",RT_NSW3,0
D,DISPATCH,UNIT_SCADA,1,"2022/10/20 17:05:00",RT_NSW4,0
D,DISPATCH,UNIT_SCADA,1,"2022/10/20 17:05:00",RT_NSW5,0
D,DISPATCH,UNIT_SCADA,1,"2022/10/20 17:05:00",RT_NSW6,0
D,DISPATCH,UNIT_SCADA,1,"2022/10/20 17:05:00",RT_QLD1,0
D,DISPATCH,UNIT_SCADA,1,"2022/10/20 17:05:00",RT_SA1,0
D,DISPATCH,UNIT_SCADA,1,"2022/10/20 17:05:00",RT_SA2,0
D,DISPATCH,UNIT_SCADA,1,"2022/10/20 17:05:00",RT_SA3,0
D,DISPATCH,UNIT_SCADA,1,"2022/10/20 17:05:00",RT_SA4,0
D,DISPATCH,UNIT_SCADA,1,"2022/10/20 17:05:00",RT_SA5,0
D,DISPATCH,UNIT_SCADA,1,"2022/10/20 17:05:00",RT_SA6,0
D,DISPATCH,UNIT_SCADA,1,"2022/10/20 17:05:00",RT_TAS1,0
D,DISPATCH,UNIT_SCADA,1,"2022/10/20 17:05:00",RT_VIC1,0
D,DISPATCH,UNIT_SCADA,1,"2022/10/20 17:05:00",RT_VIC10,0
D,DISPATCH,UNIT_SCADA,1,"2022/10/20 17:05:00",RT_VIC11,0
D,DISPATCH,UNIT_SCADA,1,"2022/10/20 17:05:00",RT_VIC12,0
D,DISPATCH,UNIT_SCADA,1,"2022/10/20 17:05:00",RT_VIC2,0
D,DISPATCH,UNIT_SCADA,1,"2022/10/20 17:05:00",RT_VIC3,0
D,DISPATCH,UNIT_SCADA,1,"2022/10/20 17:05:00",RT_VIC4,0
D,DISPATCH,UNIT_SCADA,1,"2022/10/20 17:05:00",RT_VIC5,0
D,DISPATCH,UNIT_SCADA,1,"2022/10/20 17:05:00",RT_VIC6,0
D,DISPATCH,UNIT_SCADA,1,"2022/10/20 17:05:00",RT_VIC7,0
D,DISPATCH,UNIT_SCADA,1,"2022/10/20 17:05:00",RT_VIC8,0
D,DISPATCH,UNIT_SCADA,1,"2022/10/20 17:05:00",RT_VIC9,0
D,DISPATCH,UNIT_SCADA,1,"2022/10/20 17:05:00",RUGBYR1,15.610370
D,DISPATCH,UNIT_SCADA,1,"2022/10/20 17:05:00",SALTCRK1,18.97
D,DISPATCH,UNIT_SCADA,1,"2022/10/20 17:05:00",SAPHWF1,74.557110
D,DISPATCH,UNIT_SCADA,1,"2022/10/20 17:05:00",SEBSF1,4.489180
D,DISPATCH,UNIT_SCADA,1,"2022/10/20 17:05:00",SHGEN,0
D,DISPATCH,UNIT_SCADA,1,"2022/10/20 17:05:00",SHPUMP,0
D,DISPATCH,UNIT_SCADA,1,"2022/10/20 17:05:00",SITHE01,0.123710
D,DISPATCH,UNIT_SCADA,1,"2022/10/20 17:05:00",SMCSF1,23.5980
D,DISPATCH,UNIT_SCADA,1,"2022/10/20 17:05:00",SNAPPER1,0
D,DISPATCH,UNIT_SCADA,1,"2022/10/20 17:05:00",SNOWNTH1,28
D,DISPATCH,UNIT_SCADA,1,"2022/10/20 17:05:00",SNOWSTH1,23.60
D,DISPATCH,UNIT_SCADA,1,"2022/10/20 17:05:00",SNOWTWN1,16.200590
D,DISPATCH,UNIT_SCADA,1,"2022/10/20 17:05:00",SNOWYP,0
D,DISPATCH,UNIT_SCADA,1,"2022/10/20 17:05:00",SNUG1,0
D,DISPATCH,UNIT_SCADA,1,"2022/10/20 17:05:00",SRSF1,2.83
D,DISPATCH,UNIT_SCADA,1,"2022/10/20 17:05:00",STAN-1,281.517330
D,DISPATCH,UNIT_SCADA,1,"2022/10/20 17:05:00",STAN-2,362.705290
D,DISPATCH,UNIT_SCADA,1,"2022/10/20 17:05:00",STAN-3,270.583770
D,DISPATCH,UNIT_SCADA,1,"2022/10/20 17:05:00",STAN-4,364.858670
D,DISPATCH,UNIT_SCADA,1,"2022/10/20 17:05:00",STARHLWF,16.7951
D,DISPATCH,UNIT_SCADA,1,"2022/10/20 17:05:00",STOCKYD1,237.820010
D,DISPATCH,UNIT_SCADA,1,"2022/10/20 17:05:00",STWF1,8.476080
D,DISPATCH,UNIT_SCADA,1,"2022/10/20 17:05:00",SUNRSF1,13.298240
D,DISPATCH,UNIT_SCADA,1,"2022/10/20 17:05:00",SUNTPSF1,32.287480
D,DISPATCH,UNIT_SCADA,1,"2022/10/20 17:05:00",SWAN_E,342.743740
D,DISPATCH,UNIT_SCADA,1,"2022/10/20 17:05:00",TALWA1,0
D,DISPATCH,UNIT_SCADA,1,"2022/10/20 17:05:00",TARALGA1,0
D,DISPATCH,UNIT_SCADA,1,"2022/10/20 17:05:00",TARONG#1,348.899990
D,DISPATCH,UNIT_SCADA,1,"2022/10/20 17:05:00",TARONG#2,348.700010
D,DISPATCH,UNIT_SCADA,1,"2022/10/20 17:05:00",TARONG#3,0.90
D,DISPATCH,UNIT_SCADA,1,"2022/10/20 17:05:00",TARONG#4,246.100010
D,DISPATCH,UNIT_SCADA,1,"2022/10/20 17:05:00",TARRALEA,54
D,DISPATCH,UNIT_SCADA,1,"2022/10/20 17:05:00",TBSF1,0.10
D,DISPATCH,UNIT_SCADA,1,"2022/10/20 17:05:00",TNPS1,417.8125
D,DISPATCH,UNIT_SCADA,1,"2022/10/20 17:05:00",TORRB1,0
D,DISPATCH,UNIT_SCADA,1,"2022/10/20 17:05:00",TORRB2,59
D,DISPATCH,UNIT_SCADA,1,"2022/10/20 17:05:00",TORRB3,0
D,DISPATCH,UNIT_SCADA,1,"2022/10/20 17:05:00",TORRB4,0
D,DISPATCH,UNIT_SCADA,1,"2022/10/20 17:05:00",TREVALLN,99.637110
D,DISPATCH,UNIT_SCADA,1,"2022/10/20 17:05:00",TRIBUTE,0
D,DISPATCH,UNIT_SCADA,1,"2022/10/20 17:05:00",TUMUT3,486.070010
D,DISPATCH,UNIT_SCADA,1,"2022/10/20 17:05:00",TUNGATIN,4.800020
D,DISPATCH,UNIT_SCADA,1,"2022/10/20 17:05:00",TVCC201,0
D,DISPATCH,UNIT_SCADA,1,"2022/10/20 17:05:00",TVPP104,29.968220
D,DISPATCH,UNIT_SCADA,1,"2022/10/20 17:05:00",UPPTUMUT,0
D,DISPATCH,UNIT_SCADA,1,"2022/10/20 17:05:00",URANQ11,0
D,DISPATCH,UNIT_SCADA,1,"2022/10/20 17:05:00",URANQ12,0
D,DISPATCH,UNIT_SCADA,1,"2022/10/20 17:05:00",URANQ13,0
D,DISPATCH,UNIT_SCADA,1,"2022/10/20 17:05:00",URANQ14,0
D,DISPATCH,UNIT_SCADA,1,"2022/10/20 17:05:00",VBBG1,0
D,DISPATCH,UNIT_SCADA,1,"2022/10/20 17:05:00",VBBL1,13.80
D,DISPATCH,UNIT_SCADA,1,"2022/10/20 17:05:00",VP5,567.571040
D,DISPATCH,UNIT_SCADA,1,"2022/10/20 17:05:00",VP6,574.138610
D,DISPATCH,UNIT_SCADA,1,"2022/10/20 17:05:00",VPGS1,0
D,DISPATCH,UNIT_SCADA,1,"2022/10/20 17:05:00",VPGS2,0
D,DISPATCH,UNIT_SCADA,1,"2022/10/20 17:05:00",VPGS3,0
D,DISPATCH,UNIT_SCADA,1,"2022/10/20 17:05:00",VPGS4,0
D,DISPATCH,UNIT_SCADA,1,"2022/10/20 17:05:00",VPGS5,0
D,DISPATCH,UNIT_SCADA,1,"2022/10/20 17:05:00",VPGS6,0
D,DISPATCH,UNIT_SCADA,1,"2022/10/20 17:05:00",W/HOE#1,157.37
D,DISPATCH,UNIT_SCADA,1,"2022/10/20 17:05:00",W/HOE#2,0
D,DISPATCH,UNIT_SCADA,1,"2022/10/20 17:05:00",WAGGNSF1,0
D,DISPATCH,UNIT_SCADA,1,"2022/10/20 17:05:00",WALGRVG1,0
D,DISPATCH,UNIT_SCADA,1,"2022/10/20 17:05:00",WALGRVL1,8.245960
D,DISPATCH,UNIT_SCADA,1,"2022/10/20 17:05:00",WANDBG1,0
D,DISPATCH,UNIT_SCADA,1,"2022/10/20 17:05:00",WANDBL1,-0.011810
D,DISPATCH,UNIT_SCADA,1,"2022/10/20 17:05:00",WARWSF1,1.78
D,DISPATCH,UNIT_SCADA,1,"2022/10/20 17:05:00",WARWSF2,1.83
D,DISPATCH,UNIT_SCADA,1,"2022/10/20 17:05:00",WATERLWF,0.20
D,DISPATCH,UNIT_SCADA,1,"2022/10/20 17:05:00",WDGPH1,3.1150
D,DISPATCH,UNIT_SCADA,1,"2022/10/20 17:05:00",WELLSF1,62.070650
D,DISPATCH,UNIT_SCADA,1,"2022/10/20 17:05:00",WEMENSF1,8.20
D,DISPATCH,UNIT_SCADA,1,"2022/10/20 17:05:00",WGWF1,8.20
D,DISPATCH,UNIT_SCADA,1,"2022/10/20 17:05:00",WHITSF1,4.50
D,DISPATCH,UNIT_SCADA,1,"2022/10/20 17:05:00",WINTSF1,24.29
D,DISPATCH,UNIT_SCADA,1,"2022/10/20 17:05:00",WKIEWA1,33.70
D,DISPATCH,UNIT_SCADA,1,"2022/10/20 17:05:00",WKIEWA2,33.90
D,DISPATCH,UNIT_SCADA,1,"2022/10/20 17:05:00",WOODLWN1,32.331060
D,DISPATCH,UNIT_SCADA,1,"2022/10/20 17:05:00",WOOLGSF1,2.025980
D,DISPATCH,UNIT_SCADA,1,"2022/10/20 17:05:00",WPWF,41.41
D,DISPATCH,UNIT_SCADA,1,"2022/10/20 17:05:00",WRSF1,1.510060
D,DISPATCH,UNIT_SCADA,1,"2022/10/20 17:05:00",WRWF1,50.360270
D,DISPATCH,UNIT_SCADA,1,"2022/10/20 17:05:00",WSTWYSF1,1.540990
D,DISPATCH,UNIT_SCADA,1,"2022/10/20 17:05:00",YABULU,0
D,DISPATCH,UNIT_SCADA,1,"2022/10/20 17:05:00",YABULU2,0
D,DISPATCH,UNIT_SCADA,1,"2022/10/20 17:05:00",YARANSF1,9
D,DISPATCH,UNIT_SCADA,1,"2022/10/20 17:05:00",YARWUN_1,161.87
D,DISPATCH,UNIT_SCADA,1,"2022/10/20 17:05:00",YATSF1,17.19
D,DISPATCH,UNIT_SCADA,1,"2022/10/20 17:05:00",YENDWF1,23.62
D,DISPATCH,UNIT_SCADA,1,"2022/10/20 17:05:00",YWPS1,351.126590
D,DISPATCH,UNIT_SCADA,1,"2022/10/20 17:05:00",YWPS2,287.9671
D,DISPATCH,UNIT_SCADA,1,"2022/10/20 17:05:00",YWPS3,357.9772
D,DISPATCH,UNIT_SCADA,1,"2022/10/20 17:05:00",YWPS4,0
C,"END OF REPORT",419
