C,NEMP.WORLD,DISPATCHSCADA,AEMO,PUBLIC,2022/10/20,18:15:10,0000000373272634,DISPATCHSCADA,0000000373272628
I,DISPATCH,UNIT_SCADA,1,SETTLEMENTDATE,DUID,SCADAVALUE
D,DISPATCH,UNIT_SCADA,1,"2022/10/20 18:20:00",BARCSF1,0.30
D,DISPATCH,UNIT_SCADA,1,"2022/10/20 18:20:00",BUTLERSG,8.699999
D,DISPATCH,UNIT_SCADA,1,"2022/10/20 18:20:00",CAPTL_WF,93.255325
D,DISPATCH,UNIT_SCADA,1,"2022/10/20 18:20:00",CHALLHWF,2.50
D,DISPATCH,UNIT_SCADA,1,"2022/10/20 18:20:00",CLOVER,13.01
D,DISPATCH,UNIT_SCADA,1,"2022/10/20 18:20:00",CLUNY,6.371710
D,DISPATCH,UNIT_SCADA,1,"2022/10/20 18:20:00",CULLRGWF,-0.03
D,DISPATCH,UNIT_SCADA,1,"2022/10/20 18:20:00",DIAPURWF1,1.40
D,DISPATCH,UNIT_SCADA,1,"2022/10/20 18:20:00",ERGT01,0
D,DISPATCH,UNIT_SCADA,1,"2022/10/20 18:20:00",GB01,0
D,DISPATCH,UNIT_SCADA,1,"2022/10/20 18:20:00",GERMCRK,20.200001
D,DISPATCH,UNIT_SCADA,1,"2022/10/20 18:20:00",GRIFSF1,0.599680
D,DISPATCH,UNIT_SCADA,1,"2022/10/20 18:20:00",HEZ1,0
D,DISPATCH,UNIT_SCADA,1,"2022/10/20 18:20:00",HUGSF1,0.1580
D,DISPATCH,UNIT_SCADA,1,"2022/10/20 18:20:00",KEPBG1,2.01
D,DISPATCH,UNIT_SCADA,1,"2022/10/20 18:20:00",LRSF1,0.3140
D,DISPATCH,UNIT_SCADA,1,"2022/10/20 18:20:00",MBAHNTH,43.574997
D,DISPATCH,UNIT_SCADA,1,"2022/10/20 18:20:00",MLSP1,0
D,DISPATCH,UNIT_SCADA,1,"2022/10/20 18:20:00",MLWF1,8.67
D,DISPATCH,UNIT_SCADA,1,"2022/10/20 18:20:00",PALOONA,30.82
D,DISPATCH,UNIT_SCADA,1,"2022/10/20 18:20:00",PIONEER,40.900002
D,DISPATCH,UNIT_SCADA,1,"2022/10/20 18:20:00",PORTWF,31.40
D,DISPATCH,UNIT_SCADA,1,"2022/10/20 18:20:00",REPULSE,9.955596
D,DISPATCH,UNIT_SCADA,1,"2022/10/20 18:20:00",ROWALLAN,9.0312
D,DISPATCH,UNIT_SCADA,1,"2022/10/20 18:20:00",ROYALLA1,0
D,DISPATCH,UNIT_SCADA,1,"2022/10/20 18:20:00",RPCG,-1.80
D,DISPATCH,UNIT_SCADA,1,"2022/10/20 18:20:00",RUBICON,0
D,DISPATCH,UNIT_SCADA,1,"2022/10/20 18:20:00",WAUBRAWF,69.961998
D,DISPATCH,UNIT_SCADA,1,"2022/10/20 18:20:00",WOOLNTH1,94.279999
D,DISPATCH,UNIT_SCADA,1,"2022/10/20 18:20:00",YAMBUKWF,5.20
D,DISPATCH,UNIT_SCADA,1,"2022/10/20 18:20:00",YSWF1,2.10
D,DISPATCH,UNIT_SCADA,1,"2022/10/20 18:20:00",ADPBA1G,0.0080
D,DISPATCH,UNIT_SCADA,1,"2022/10/20 18:20:00",ADPBA1L,0
D,DISPATCH,UNIT_SCADA,1,"2022/10/20 18:20:00",ADPPV1,0.8910
D,DISPATCH,UNIT_SCADA,1,"2022/10/20 18:20:00",AGLHAL,30.747410
D,DISPATCH,UNIT_SCADA,1,"2022/10/20 18:20:00",AGLSOM,0
D,DISPATCH,UNIT_SCADA,1,"2022/10/20 18:20:00",ANGAST1,0
D,DISPATCH,UNIT_SCADA,1,"2022/10/20 18:20:00",ARWF1,56
D,DISPATCH,UNIT_SCADA,1,"2022/10/20 18:20:00",BALBG1,0
D,DISPATCH,UNIT_SCADA,1,"2022/10/20 18:20:00",BALBL1,0
D,DISPATCH,UNIT_SCADA,1,"2022/10/20 18:20:00",BALDHWF1,104.91
D,DISPATCH,UNIT_SCADA,1,"2022/10/20 18:20:00",BANGOWF1,94.198210
D,DISPATCH,UNIT_SCADA,1,"2022/10/20 18:20:00",BANGOWF2,62.198440
D,DISPATCH,UNIT_SCADA,1,"2022/10/20 18:20:00",BANN1,6.37
D,DISPATCH,UNIT_SCADA,1,"2022/10/20 18:20:00",BARCALDN,0
D,DISPATCH,UNIT_SCADA,1,"2022/10/20 18:20:00",BARKIPS1,88.29
D,DISPATCH,UNIT_SCADA,1,"2022/10/20 18:20:00",BARRON-1,27.84
D,DISPATCH,UNIT_SCADA,1,"2022/10/20 18:20:00",BARRON-2,28.12
D,DISPATCH,UNIT_SCADA,1,"2022/10/20 18:20:00",BASTYAN,69.77
D,DISPATCH,UNIT_SCADA,1,"2022/10/20 18:20:00",BBTHREE1,0
D,DISPATCH,UNIT_SCADA,1,"2022/10/20 18:20:00",BBTHREE2,0
D,DISPATCH,UNIT_SCADA,1,"2022/10/20 18:20:00",BBTHREE3,-1.06
D,DISPATCH,UNIT_SCADA,1,"2022/10/20 18:20:00",BDL01,0
D,DISPATCH,UNIT_SCADA,1,"2022/10/20 18:20:00",BDL02,0
D,DISPATCH,UNIT_SCADA,1,"2022/10/20 18:20:00",BERYLSF1,0
D,DISPATCH,UNIT_SCADA,1,"2022/10/20 18:20:00",BLOWERNG,62.60
D,DISPATCH,UNIT_SCADA,1,"2022/10/20 18:20:00",BLUEGSF1,0
D,DISPATCH,UNIT_SCADA,1,"2022/10/20 18:20:00",BLUFF1,1.20
D,DISPATCH,UNIT_SCADA,1,"2022/10/20 18:20:00",BNGSF1,27.22
D,DISPATCH,UNIT_SCADA,1,"2022/10/20 18:20:00",BNGSF2,25.24
D,DISPATCH,UNIT_SCADA,1,"2022/10/20 18:20:00",BOCORWF1,56.91
D,DISPATCH,UNIT_SCADA,1,"2022/10/20 18:20:00",BODWF1,107.7324
D,DISPATCH,UNIT_SCADA,1,"2022/10/20 18:20:00",BOMENSF1,1.232320
D,DISPATCH,UNIT_SCADA,1,"2022/10/20 18:20:00",BOWWBA1G,0
D,DISPATCH,UNIT_SCADA,1,"2022/10/20 18:20:00",BOWWBA1L,0.0030
D,DISPATCH,UNIT_SCADA,1,"2022/10/20 18:20:00",BOWWPV1,0
D,DISPATCH,UNIT_SCADA,1,"2022/10/20 18:20:00",BRAEMAR1,0
D,DISPATCH,UNIT_SCADA,1,"2022/10/20 18:20:00",BRAEMAR2,0
D,DISPATCH,UNIT_SCADA,1,"2022/10/20 18:20:00",BRAEMAR3,0
D,DISPATCH,UNIT_SCADA,1,"2022/10/20 18:20:00",BRAEMAR5,143.753450
D,DISPATCH,UNIT_SCADA,1,"2022/10/20 18:20:00",BRAEMAR6,0
D,DISPATCH,UNIT_SCADA,1,"2022/10/20 18:20:00",BRAEMAR7,152.575650
D,DISPATCH,UNIT_SCADA,1,"2022/10/20 18:20:00",BROKENH1,0
D,DISPATCH,UNIT_SCADA,1,"2022/10/20 18:20:00",BRYB1WF1,93.9437
D,DISPATCH,UNIT_SCADA,1,"2022/10/20 18:20:00",BULBESG1,0
D,DISPATCH,UNIT_SCADA,1,"2022/10/20 18:20:00",BULBESL1,0.04
D,DISPATCH,UNIT_SCADA,1,"2022/10/20 18:20:00",BULGANA1,78.20
D,DISPATCH,UNIT_SCADA,1,"2022/10/20 18:20:00",BW01,658.469540
D,DISPATCH,UNIT_SCADA,1,"2022/10/20 18:20:00",BW02,638.522950
D,DISPATCH,UNIT_SCADA,1,"2022/10/20 18:20:00",BW03,605.319270
D,DISPATCH,UNIT_SCADA,1,"2022/10/20 18:20:00",BW04,0
D,DISPATCH,UNIT_SCADA,1,"2022/10/20 18:20:00",CALL_B_1,319.300020
D,DISPATCH,UNIT_SCADA,1,"2022/10/20 18:20:00",CALL_B_2,319.399990
D,DISPATCH,UNIT_SCADA,1,"2022/10/20 18:20:00",CATHROCK,12.10
D,DISPATCH,UNIT_SCADA,1,"2022/10/20 18:20:00",CBWWBA1G,0
D,DISPATCH,UNIT_SCADA,1,"2022/10/20 18:20:00",CBWWBA1L,0
D,DISPATCH,UNIT_SCADA,1,"2022/10/20 18:20:00",CETHANA,97.406130
D,DISPATCH,UNIT_SCADA,1,"2022/10/20 18:20:00",CG1,0
D,DISPATCH,UNIT_SCADA,1,"2022/10/20 18:20:00",CG2,0
D,DISPATCH,UNIT_SCADA,1,"2022/10/20 18:20:00",CG3,0
D,DISPATCH,UNIT_SCADA,1,"2022/10/20 18:20:00",CG4,0
D,DISPATCH,UNIT_SCADA,1,"2022/10/20 18:20:00",CHILDSF1,0
D,DISPATCH,UNIT_SCADA,1,"2022/10/20 18:20:00",CHYTWF1,9.35
D,DISPATCH,UNIT_SCADA,1,"2022/10/20 18:20:00",CLARESF1,0
D,DISPATCH,UNIT_SCADA,1,"2022/10/20 18:20:00",CLEMGPWF,9.004370
D,DISPATCH,UNIT_SCADA,1,"2022/10/20 18:20:00",CLERMSF1,0
D,DISPATCH,UNIT_SCADA,1,"2022/10/20 18:20:00",CNUNDAWF,14.116470
D,DISPATCH,UNIT_SCADA,1,"2022/10/20 18:20:00",COHUNSF1,0.23
D,DISPATCH,UNIT_SCADA,1,"2022/10/20 18:20:00",COLEASF1,3.100250
D,DISPATCH,UNIT_SCADA,1,"2022/10/20 18:20:00",COLUMSF1,0
D,DISPATCH,UNIT_SCADA,1,"2022/10/20 18:20:00",COLWF01,115.0042
D,DISPATCH,UNIT_SCADA,1,"2022/10/20 18:20:00",COOPGWF1,368.149990
D,DISPATCH,UNIT_SCADA,1,"2022/10/20 18:20:00",CPP_3,370.149990
D,DISPATCH,UNIT_SCADA,1,"2022/10/20 18:20:00",CPP_4,0
D,DISPATCH,UNIT_SCADA,1,"2022/10/20 18:20:00",CPSA,0
D,DISPATCH,UNIT_SCADA,1,"2022/10/20 18:20:00",CROOKWF2,42.683150
D,DISPATCH,UNIT_SCADA,1,"2022/10/20 18:20:00",CROWLWF1,23.592960
D,DISPATCH,UNIT_SCADA,1,"2022/10/20 18:20:00",CRURWF1,78.897610
D,DISPATCH,UNIT_SCADA,1,"2022/10/20 18:20:00",CRWASF1,0.116440
D,DISPATCH,UNIT_SCADA,1,"2022/10/20 18:20:00",CSPVPS1,0
D,DISPATCH,UNIT_SCADA,1,"2022/10/20 18:20:00",CTHLWF1,0.003050
D,DISPATCH,UNIT_SCADA,1,"2022/10/20 18:20:00",DALNTH01,0
D,DISPATCH,UNIT_SCADA,1,"2022/10/20 18:20:00",DALNTHL1,0.025940
D,DISPATCH,UNIT_SCADA,1,"2022/10/20 18:20:00",DARLSF1,5.548730
D,DISPATCH,UNIT_SCADA,1,"2022/10/20 18:20:00",DARTM1,0
D,DISPATCH,UNIT_SCADA,1,"2022/10/20 18:20:00",DAYDSF1,0
D,DISPATCH,UNIT_SCADA,1,"2022/10/20 18:20:00",DDPS1,0
D,DISPATCH,UNIT_SCADA,1,"2022/10/20 18:20:00",DDSF1,0
D,DISPATCH,UNIT_SCADA,1,"2022/10/20 18:20:00",DEVILS_G,61.046780
D,DISPATCH,UNIT_SCADA,1,"2022/10/20 18:20:00",DG_NSW1,0
D,DISPATCH,UNIT_SCADA,1,"2022/10/20 18:20:00",DG_QLD1,0
D,DISPATCH,UNIT_SCADA,1,"2022/10/20 18:20:00",DG_SA1,0
D,DISPATCH,UNIT_SCADA,1,"2022/10/20 18:20:00",DG_TAS1,0
D,DISPATCH,UNIT_SCADA,1,"2022/10/20 18:20:00",DG_VIC1,0
D,DISPATCH,UNIT_SCADA,1,"2022/10/20 18:20:00",DRYCGT1,0
D,DISPATCH,UNIT_SCADA,1,"2022/10/20 18:20:00",DRYCGT2,0
D,DISPATCH,UNIT_SCADA,1,"2022/10/20 18:20:00",DRYCGT3,0
D,DISPATCH,UNIT_SCADA,1,"2022/10/20 18:20:00",DUNDWF1,62.01
D,DISPATCH,UNIT_SCADA,1,"2022/10/20 18:20:00",DUNDWF2,17.66
D,DISPATCH,UNIT_SCADA,1,"2022/10/20 18:20:00",DUNDWF3,64.54
D,DISPATCH,UNIT_SCADA,1,"2022/10/20 18:20:00",EILDON1,59.96
D,DISPATCH,UNIT_SCADA,1,"2022/10/20 18:20:00",EILDON2,60.08
D,DISPATCH,UNIT_SCADA,1,"2022/10/20 18:20:00",ELAINWF1,18.24
D,DISPATCH,UNIT_SCADA,1,"2022/10/20 18:20:00",EMERASF1,0
D,DISPATCH,UNIT_SCADA,1,"2022/10/20 18:20:00",ER01,0
D,DISPATCH,UNIT_SCADA,1,"2022/10/20 18:20:00",ER02,501.387050
D,DISPATCH,UNIT_SCADA,1,"2022/10/20 18:20:00",ER03,639.084470
D,DISPATCH,UNIT_SCADA,1,"2022/10/20 18:20:00",ER04,698.777770
D,DISPATCH,UNIT_SCADA,1,"2022/10/20 18:20:00",FINLYSF1,1.028460
D,DISPATCH,UNIT_SCADA,1,"2022/10/20 18:20:00",FISHER,43.90
D,DISPATCH,UNIT_SCADA,1,"2022/10/20 18:20:00",GANGARR1,0
D,DISPATCH,UNIT_SCADA,1,"2022/10/20 18:20:00",GANNBG1,4.920040
D,DISPATCH,UNIT_SCADA,1,"2022/10/20 18:20:00",GANNBL1,0
D,DISPATCH,UNIT_SCADA,1,"2022/10/20 18:20:00",GANNSF1,1.30
D,DISPATCH,UNIT_SCADA,1,"2022/10/20 18:20:00",GLRWNSF1,2.07
D,DISPATCH,UNIT_SCADA,1,"2022/10/20 18:20:00",GNNDHSF1,0
D,DISPATCH,UNIT_SCADA,1,"2022/10/20 18:20:00",GOONSF1,0
D,DISPATCH,UNIT_SCADA,1,"2022/10/20 18:20:00",GORDON,272.616730
D,DISPATCH,UNIT_SCADA,1,"2022/10/20 18:20:00",GRANWF1,0
D,DISPATCH,UNIT_SCADA,1,"2022/10/20 18:20:00",GSTONE1,220.6750
D,DISPATCH,UNIT_SCADA,1,"2022/10/20 18:20:00",GSTONE2,0
D,DISPATCH,UNIT_SCADA,1,"2022/10/20 18:20:00",GSTONE3,210.1750
D,DISPATCH,UNIT_SCADA,1,"2022/10/20 18:20:00",GSTONE4,0
D,DISPATCH,UNIT_SCADA,1,"2022/10/20 18:20:00",GSTONE5,219.974990
D,DISPATCH,UNIT_SCADA,1,"2022/10/20 18:20:00",GSTONE6,220.50
D,DISPATCH,UNIT_SCADA,1,"2022/10/20 18:20:00",GULLRSF1,0
D,DISPATCH,UNIT_SCADA,1,"2022/10/20 18:20:00",GULLRWF1,91.743610
D,DISPATCH,UNIT_SCADA,1,"2022/10/20 18:20:00",GULLRWF2,94.4990
D,DISPATCH,UNIT_SCADA,1,"2022/10/20 18:20:00",GUNNING1,0
D,DISPATCH,UNIT_SCADA,1,"2022/10/20 18:20:00",GUTHEGA,67.90
D,DISPATCH,UNIT_SCADA,1,"2022/10/20 18:20:00",HALLWF1,6.92
D,DISPATCH,UNIT_SCADA,1,"2022/10/20 18:20:00",HALLWF2,2.31
D,DISPATCH,UNIT_SCADA,1,"2022/10/20 18:20:00",HAMISF1,0
D,DISPATCH,UNIT_SCADA,1,"2022/10/20 18:20:00",HAUGHT11,0
D,DISPATCH,UNIT_SCADA,1,"2022/10/20 18:20:00",HAYMSF1,0
D,DISPATCH,UNIT_SCADA,1,"2022/10/20 18:20:00",HDWF1,8.30
D,DISPATCH,UNIT_SCADA,1,"2022/10/20 18:20:00",HDWF2,9.70
D,DISPATCH,UNIT_SCADA,1,"2022/10/20 18:20:00",HDWF3,8.80
D,DISPATCH,UNIT_SCADA,1,"2022/10/20 18:20:00",HILLSTN1,0
D,DISPATCH,UNIT_SCADA,1,"2022/10/20 18:20:00",HPRG1,0.40
D,DISPATCH,UNIT_SCADA,1,"2022/10/20 18:20:00",HPRL1,0
D,DISPATCH,UNIT_SCADA,1,"2022/10/20 18:20:00",HUMENSW,55.019710
D,DISPATCH,UNIT_SCADA,1,"2022/10/20 18:20:00",HUMEV,0
D,DISPATCH,UNIT_SCADA,1,"2022/10/20 18:20:00",HVWWBA1G,0
D,DISPATCH,UNIT_SCADA,1,"2022/10/20 18:20:00",HVWWBA1L,0.0060
D,DISPATCH,UNIT_SCADA,1,"2022/10/20 18:20:00",HVWWPV1,0.4340
D,DISPATCH,UNIT_SCADA,1,"2022/10/20 18:20:00",JBUTTERS,9.778890
D,DISPATCH,UNIT_SCADA,1,"2022/10/20 18:20:00",JEMALNG1,0.02
D,DISPATCH,UNIT_SCADA,1,"2022/10/20 18:20:00",JLA01,0
D,DISPATCH,UNIT_SCADA,1,"2022/10/20 18:20:00",JLA02,0
D,DISPATCH,UNIT_SCADA,1,"2022/10/20 18:20:00",JLA03,0
D,DISPATCH,UNIT_SCADA,1,"2022/10/20 18:20:00",JLA04,0
D,DISPATCH,UNIT_SCADA,1,"2022/10/20 18:20:00",JLB01,0
D,DISPATCH,UNIT_SCADA,1,"2022/10/20 18:20:00",JLB02,0.10
D,DISPATCH,UNIT_SCADA,1,"2022/10/20 18:20:00",JLB03,0
D,DISPATCH,UNIT_SCADA,1,"2022/10/20 18:20:00",JUNEESF1,0.242520
D,DISPATCH,UNIT_SCADA,1,"2022/10/20 18:20:00",KABANWF1,0
D,DISPATCH,UNIT_SCADA,1,"2022/10/20 18:20:00",KAREEYA1,0
D,DISPATCH,UNIT_SCADA,1,"2022/10/20 18:20:00",KAREEYA2,0
D,DISPATCH,UNIT_SCADA,1,"2022/10/20 18:20:00",KAREEYA3,4.8775
D,DISPATCH,UNIT_SCADA,1,"2022/10/20 18:20:00",KAREEYA4,0
D,DISPATCH,UNIT_SCADA,1,"2022/10/20 18:20:00",KARSF1,5.50
D,DISPATCH,UNIT_SCADA,1,"2022/10/20 18:20:00",KEPSF1,0.02
D,DISPATCH,UNIT_SCADA,1,"2022/10/20 18:20:00",KEPWF1,9.13
D,DISPATCH,UNIT_SCADA,1,"2022/10/20 18:20:00",KIAMSF1,0
D,DISPATCH,UNIT_SCADA,1,"2022/10/20 18:20:00",KIATAWF1,6
D,DISPATCH,UNIT_SCADA,1,"2022/10/20 18:20:00",KPP_1,0
D,DISPATCH,UNIT_SCADA,1,"2022/10/20 18:20:00",KSP1,0.66
D,DISPATCH,UNIT_SCADA,1,"2022/10/20 18:20:00",LADBROK1,0.01
D,DISPATCH,UNIT_SCADA,1,"2022/10/20 18:20:00",LADBROK2,0.02
D,DISPATCH,UNIT_SCADA,1,"2022/10/20 18:20:00",LBBG1,1.80
D,DISPATCH,UNIT_SCADA,1,"2022/10/20 18:20:00",LBBL1,0
D,DISPATCH,UNIT_SCADA,1,"2022/10/20 18:20:00",LD01,378.197570
D,DISPATCH,UNIT_SCADA,1,"2022/10/20 18:20:00",LD02,37.446210
D,DISPATCH,UNIT_SCADA,1,"2022/10/20 18:20:00",LD04,308.688630
D,DISPATCH,UNIT_SCADA,1,"2022/10/20 18:20:00",LEM_WIL,86.962780
D,DISPATCH,UNIT_SCADA,1,"2022/10/20 18:20:00",LGAPWF1,69.73
D,DISPATCH,UNIT_SCADA,1,"2022/10/20 18:20:00",LGAPWF2,50.33
D,DISPATCH,UNIT_SCADA,1,"2022/10/20 18:20:00",LILYSF1,0
D,DISPATCH,UNIT_SCADA,1,"2022/10/20 18:20:00",LIMOSF11,10.287480
D,DISPATCH,UNIT_SCADA,1,"2022/10/20 18:20:00",LIMOSF21,1.293020
D,DISPATCH,UNIT_SCADA,1,"2022/10/20 18:20:00",LI_WY_CA,62.953830
D,DISPATCH,UNIT_SCADA,1,"2022/10/20 18:20:00",LKBONNY1,17.772580
D,DISPATCH,UNIT_SCADA,1,"2022/10/20 18:20:00",LKBONNY2,29.165140
D,DISPATCH,UNIT_SCADA,1,"2022/10/20 18:20:00",LKBONNY3,3.907550
D,DISPATCH,UNIT_SCADA,1,"2022/10/20 18:20:00",LK_ECHO,0
D,DISPATCH,UNIT_SCADA,1,"2022/10/20 18:20:00",LNGS1,0
D,DISPATCH,UNIT_SCADA,1,"2022/10/20 18:20:00",LNGS2,0
D,DISPATCH,UNIT_SCADA,1,"2022/10/20 18:20:00",LONSDALE,0
D,DISPATCH,UNIT_SCADA,1,"2022/10/20 18:20:00",LOYYB1,581.954410
D,DISPATCH,UNIT_SCADA,1,"2022/10/20 18:20:00",LOYYB2,575.187320
D,DISPATCH,UNIT_SCADA,1,"2022/10/20 18:20:00",LYA1,560
D,DISPATCH,UNIT_SCADA,1,"2022/10/20 18:20:00",LYA2,0
D,DISPATCH,UNIT_SCADA,1,"2022/10/20 18:20:00",LYA3,557
D,DISPATCH,UNIT_SCADA,1,"2022/10/20 18:20:00",LYA4,558
D,DISPATCH,UNIT_SCADA,1,"2022/10/20 18:20:00",MACARTH1,41.099050
D,DISPATCH,UNIT_SCADA,1,"2022/10/20 18:20:00",MACKNTSH,74.310010
D,DISPATCH,UNIT_SCADA,1,"2022/10/20 18:20:00",MANSLR1,0
D,DISPATCH,UNIT_SCADA,1,"2022/10/20 18:20:00",MAPS2PV1,0
D,DISPATCH,UNIT_SCADA,1,"2022/10/20 18:20:00",MAPS3PV1,0
D,DISPATCH,UNIT_SCADA,1,"2022/10/20 18:20:00",MARYRSF1,0
D,DISPATCH,UNIT_SCADA,1,"2022/10/20 18:20:00",MBPS2PV1,0
D,DISPATCH,UNIT_SCADA,1,"2022/10/20 18:20:00",MCKAY1,222.28
D,DISPATCH,UNIT_SCADA,1,"2022/10/20 18:20:00",MEADOWBK,19.977420
D,DISPATCH,UNIT_SCADA,1,"2022/10/20 18:20:00",MERCER01,13.80
D,DISPATCH,UNIT_SCADA,1,"2022/10/20 18:20:00",METZSF1,0
D,DISPATCH,UNIT_SCADA,1,"2022/10/20 18:20:00",MEWF1,0
D,DISPATCH,UNIT_SCADA,1,"2022/10/20 18:20:00",MIDDLSF1,0
D,DISPATCH,UNIT_SCADA,1,"2022/10/20 18:20:00",MINTARO,0.128180
D,DISPATCH,UNIT_SCADA,1,"2022/10/20 18:20:00",MOLNGSF1,0
D,DISPATCH,UNIT_SCADA,1,"2022/10/20 18:20:00",MOORAWF1,26.25
D,DISPATCH,UNIT_SCADA,1,"2022/10/20 18:20:00",MOREESF1,0
D,DISPATCH,UNIT_SCADA,1,"2022/10/20 18:20:00",MORTLK11,0
D,DISPATCH,UNIT_SCADA,1,"2022/10/20 18:20:00",MORTLK12,0
D,DISPATCH,UNIT_SCADA,1,"2022/10/20 18:20:00",MOUSF1,0
D,DISPATCH,UNIT_SCADA,1,"2022/10/20 18:20:00",MP1,0
D,DISPATCH,UNIT_SCADA,1,"2022/10/20 18:20:00",MP2,640.134280
D,DISPATCH,UNIT_SCADA,1,"2022/10/20 18:20:00",MPP_1,178.396480
D,DISPATCH,UNIT_SCADA,1,"2022/10/20 18:20:00",MPP_2,179.922410
D,DISPATCH,UNIT_SCADA,1,"2022/10/20 18:20:00",MRTLSWF1,0
D,DISPATCH,UNIT_SCADA,1,"2022/10/20 18:20:00",MSTUART1,0
D,DISPATCH,UNIT_SCADA,1,"2022/10/20 18:20:00",MSTUART2,0
D,DISPATCH,UNIT_SCADA,1,"2022/10/20 18:20:00",MSTUART3,0
D,DISPATCH,UNIT_SCADA,1,"2022/10/20 18:20:00",MTGELWF1,61.662650
D,DISPATCH,UNIT_SCADA,1,"2022/10/20 18:20:00",MTMILLAR,12.90
D,DISPATCH,UNIT_SCADA,1,"2022/10/20 18:20:00",MURRAY,486
D,DISPATCH,UNIT_SCADA,1,"2022/10/20 18:20:00",MUSSELR1,2.80
D,DISPATCH,UNIT_SCADA,1,"2022/10/20 18:20:00",MUWAWF1,3.81
D,DISPATCH,UNIT_SCADA,1,"2022/10/20 18:20:00",MUWAWF2,13.40
D,DISPATCH,UNIT_SCADA,1,"2022/10/20 18:20:00",MWPS1PV1,0.33
D,DISPATCH,UNIT_SCADA,1,"2022/10/20 18:20:00",MWPS2PV1,0.08
D,DISPATCH,UNIT_SCADA,1,"2022/10/20 18:20:00",MWPS3PV1,0.05
D,DISPATCH,UNIT_SCADA,1,"2022/10/20 18:20:00",MWPS4PV1,0.84
D,DISPATCH,UNIT_SCADA,1,"2022/10/20 18:20:00",NBHWF1,4.80
D,DISPATCH,UNIT_SCADA,1,"2022/10/20 18:20:00",NEVERSF1,0.02
D,DISPATCH,UNIT_SCADA,1,"2022/10/20 18:20:00",NPS,0
D,DISPATCH,UNIT_SCADA,1,"2022/10/20 18:20:00",NUMURSF1,2.34
D,DISPATCH,UNIT_SCADA,1,"2022/10/20 18:20:00",NYNGAN1,0.25
D,DISPATCH,UNIT_SCADA,1,"2022/10/20 18:20:00",OAKEY1,126.269680
D,DISPATCH,UNIT_SCADA,1,"2022/10/20 18:20:00",OAKEY1SF,0
D,DISPATCH,UNIT_SCADA,1,"2022/10/20 18:20:00",OAKEY2,0
D,DISPATCH,UNIT_SCADA,1,"2022/10/20 18:20:00",OAKEY2SF,0
D,DISPATCH,UNIT_SCADA,1,"2022/10/20 18:20:00",OAKLAND1,25.70
D,DISPATCH,UNIT_SCADA,1,"2022/10/20 18:20:00",OSB-AG,175.549990
D,DISPATCH,UNIT_SCADA,1,"2022/10/20 18:20:00",PAREPS1,0
D,DISPATCH,UNIT_SCADA,1,"2022/10/20 18:20:00",PAREPW1,174.09
D,DISPATCH,UNIT_SCADA,1,"2022/10/20 18:20:00",PARSF1,0.199890
D,DISPATCH,UNIT_SCADA,1,"2022/10/20 18:20:00",POAT110,2.99
D,DISPATCH,UNIT_SCADA,1,"2022/10/20 18:20:00",POAT220,0
D,DISPATCH,UNIT_SCADA,1,"2022/10/20 18:20:00",POR01,0.008670
D,DISPATCH,UNIT_SCADA,1,"2022/10/20 18:20:00",POR03,0
D,DISPATCH,UNIT_SCADA,1,"2022/10/20 18:20:00",PPCCGT,193.014140
D,DISPATCH,UNIT_SCADA,1,"2022/10/20 18:20:00",PTSTAN1,0
D,DISPATCH,UNIT_SCADA,1,"2022/10/20 18:20:00",PUMP1,0
D,DISPATCH,UNIT_SCADA,1,"2022/10/20 18:20:00",PUMP2,0
D,DISPATCH,UNIT_SCADA,1,"2022/10/20 18:20:00",QBYNBG1,0
D,DISPATCH,UNIT_SCADA,1,"2022/10/20 18:20:00",QBYNBL1,0.0015
D,DISPATCH,UNIT_SCADA,1,"2022/10/20 18:20:00",QPS1,0
D,DISPATCH,UNIT_SCADA,1,"2022/10/20 18:20:00",QPS2,0
D,DISPATCH,UNIT_SCADA,1,"2022/10/20 18:20:00",QPS3,0
D,DISPATCH,UNIT_SCADA,1,"2022/10/20 18:20:00",QPS4,0
D,DISPATCH,UNIT_SCADA,1,"2022/10/20 18:20:00",QPS5,118.20
D,DISPATCH,UNIT_SCADA,1,"2022/10/20 18:20:00",REECE1,93.131390
D,DISPATCH,UNIT_SCADA,1,"2022/10/20 18:20:00",REECE2,98.620010
D,DISPATCH,UNIT_SCADA,1,"2022/10/20 18:20:00",ROMA_7,0
D,DISPATCH,UNIT_SCADA,1,"2022/10/20 18:20:00",ROMA_8,0
D,DISPATCH,UNIT_SCADA,1,"2022/10/20 18:20:00",RRSF1,0
D,DISPATCH,UNIT_SCADA,1,"2022/10/20 18:20:00",RT_NSW1,0
D,DISPATCH,UNIT_SCADA,1,"2022/10/20 18:20:00",RT_NSW2,0
D,DISPATCH,UNIT_SCADA,1,"2022/10/20 18:20:00",RT_NSW3,0
D,DISPATCH,UNIT_SCADA,1,"2022/10/20 18:20:00",RT_NSW4,0
D,DISPATCH,UNIT_SCADA,1,"2022/10/20 18:20:00",RT_NSW5,0
D,DISPATCH,UNIT_SCADA,1,"2022/10/20 18:20:00",RT_NSW6,0
D,DISPATCH,UNIT_SCADA,1,"2022/10/20 18:20:00",RT_QLD1,0
D,DISPATCH,UNIT_SCADA,1,"2022/10/20 18:20:00",RT_SA1,0
D,DISPATCH,UNIT_SCADA,1,"2022/10/20 18:20:00",RT_SA2,0
D,DISPATCH,UNIT_SCADA,1,"2022/10/20 18:20:00",RT_SA3,0
D,DISPATCH,UNIT_SCADA,1,"2022/10/20 18:20:00",RT_SA4,0
D,DISPATCH,UNIT_SCADA,1,"2022/10/20 18:20:00",RT_SA5,0
D,DISPATCH,UNIT_SCADA,1,"2022/10/20 18:20:00",RT_SA6,0
D,DISPATCH,UNIT_SCADA,1,"2022/10/20 18:20:00",RT_TAS1,0
D,DISPATCH,UNIT_SCADA,1,"2022/10/20 18:20:00",RT_VIC1,0
D,DISPATCH,UNIT_SCADA,1,"2022/10/20 18:20:00",RT_VIC10,0
D,DISPATCH,UNIT_SCADA,1,"2022/10/20 18:20:00",RT_VIC11,0
D,DISPATCH,UNIT_SCADA,1,"2022/10/20 18:20:00",RT_VIC12,0
D,DISPATCH,UNIT_SCADA,1,"2022/10/20 18:20:00",RT_VIC2,0
D,DISPATCH,UNIT_SCADA,1,"2022/10/20 18:20:00",RT_VIC3,0
D,DISPATCH,UNIT_SCADA,1,"2022/10/20 18:20:00",RT_VIC4,0
D,DISPATCH,UNIT_SCADA,1,"2022/10/20 18:20:00",RT_VIC5,0
D,DISPATCH,UNIT_SCADA,1,"2022/10/20 18:20:00",RT_VIC6,0
D,DISPATCH,UNIT_SCADA,1,"2022/10/20 18:20:00",RT_VIC7,0
D,DISPATCH,UNIT_SCADA,1,"2022/10/20 18:20:00",RT_VIC8,0
D,DISPATCH,UNIT_SCADA,1,"2022/10/20 18:20:00",RT_VIC9,0
D,DISPATCH,UNIT_SCADA,1,"2022/10/20 18:20:00",RUGBYR1,0
D,DISPATCH,UNIT_SCADA,1,"2022/10/20 18:20:00",SALTCRK1,28.92
D,DISPATCH,UNIT_SCADA,1,"2022/10/20 18:20:00",SAPHWF1,186.829940
D,DISPATCH,UNIT_SCADA,1,"2022/10/20 18:20:00",SEBSF1,0.362220
D,DISPATCH,UNIT_SCADA,1,"2022/10/20 18:20:00",SHGEN,80.646240
D,DISPATCH,UNIT_SCADA,1,"2022/10/20 18:20:00",SHPUMP,0
D,DISPATCH,UNIT_SCADA,1,"2022/10/20 18:20:00",SITHE01,0.123710
D,DISPATCH,UNIT_SCADA,1,"2022/10/20 18:20:00",SMCSF1,0
D,DISPATCH,UNIT_SCADA,1,"2022/10/20 18:20:00",SNAPPER1,0
D,DISPATCH,UNIT_SCADA,1,"2022/10/20 18:20:00",SNOWNTH1,71.30
D,DISPATCH,UNIT_SCADA,1,"2022/10/20 18:20:00",SNOWSTH1,24.40
D,DISPATCH,UNIT_SCADA,1,"2022/10/20 18:20:00",SNOWTWN1,41.418870
D,DISPATCH,UNIT_SCADA,1,"2022/10/20 18:20:00",SNOWYP,0
D,DISPATCH,UNIT_SCADA,1,"2022/10/20 18:20:00",SNUG1,0
D,DISPATCH,UNIT_SCADA,1,"2022/10/20 18:20:00",SRSF1,0
D,DISPATCH,UNIT_SCADA,1,"2022/10/20 18:20:00",STAN-1,278.376980
D,DISPATCH,UNIT_SCADA,1,"2022/10/20 18:20:00",STAN-2,363.5769
D,DISPATCH,UNIT_SCADA,1,"2022/10/20 18:20:00",STAN-3,363.50
D,DISPATCH,UNIT_SCADA,1,"2022/10/20 18:20:00",STAN-4,364.345980
D,DISPATCH,UNIT_SCADA,1,"2022/10/20 18:20:00",STARHLWF,10.896820
D,DISPATCH,UNIT_SCADA,1,"2022/10/20 18:20:00",STOCKYD1,195.820010
D,DISPATCH,UNIT_SCADA,1,"2022/10/20 18:20:00",STWF1,69.462120
D,DISPATCH,UNIT_SCADA,1,"2022/10/20 18:20:00",SUNRSF1,6.257720
D,DISPATCH,UNIT_SCADA,1,"2022/10/20 18:20:00",SUNTPSF1,0
D,DISPATCH,UNIT_SCADA,1,"2022/10/20 18:20:00",SWAN_E,352.712490
D,DISPATCH,UNIT_SCADA,1,"2022/10/20 18:20:00",TALWA1,0
D,DISPATCH,UNIT_SCADA,1,"2022/10/20 18:20:00",TARALGA1,0
D,DISPATCH,UNIT_SCADA,1,"2022/10/20 18:20:00",TARONG#1,349.50
D,DISPATCH,UNIT_SCADA,1,"2022/10/20 18:20:00",TARONG#2,349.100010
D,DISPATCH,UNIT_SCADA,1,"2022/10/20 18:20:00",TARONG#3,0.90
D,DISPATCH,UNIT_SCADA,1,"2022/10/20 18:20:00",TARONG#4,293.300020
D,DISPATCH,UNIT_SCADA,1,"2022/10/20 18:20:00",TARRALEA,53.90
D,DISPATCH,UNIT_SCADA,1,"2022/10/20 18:20:00",TBSF1,3.90
D,DISPATCH,UNIT_SCADA,1,"2022/10/20 18:20:00",TNPS1,420.6250
D,DISPATCH,UNIT_SCADA,1,"2022/10/20 18:20:00",TORRB1,0
D,DISPATCH,UNIT_SCADA,1,"2022/10/20 18:20:00",TORRB2,66
D,DISPATCH,UNIT_SCADA,1,"2022/10/20 18:20:00",TORRB3,0
D,DISPATCH,UNIT_SCADA,1,"2022/10/20 18:20:00",TORRB4,0
D,DISPATCH,UNIT_SCADA,1,"2022/10/20 18:20:00",TREVALLN,98.515110
D,DISPATCH,UNIT_SCADA,1,"2022/10/20 18:20:00",TRIBUTE,0
D,DISPATCH,UNIT_SCADA,1,"2022/10/20 18:20:00",TUMUT3,373.549990
D,DISPATCH,UNIT_SCADA,1,"2022/10/20 18:20:00",TUNGATIN,5.730010
D,DISPATCH,UNIT_SCADA,1,"2022/10/20 18:20:00",TVCC201,0
D,DISPATCH,UNIT_SCADA,1,"2022/10/20 18:20:00",TVPP104,57.924240
D,DISPATCH,UNIT_SCADA,1,"2022/10/20 18:20:00",UPPTUMUT,121.706820
D,DISPATCH,UNIT_SCADA,1,"2022/10/20 18:20:00",URANQ11,0
D,DISPATCH,UNIT_SCADA,1,"2022/10/20 18:20:00",URANQ12,0
D,DISPATCH,UNIT_SCADA,1,"2022/10/20 18:20:00",URANQ13,0
D,DISPATCH,UNIT_SCADA,1,"2022/10/20 18:20:00",URANQ14,155.443650
D,DISPATCH,UNIT_SCADA,1,"2022/10/20 18:20:00",VBBG1,12.90
D,DISPATCH,UNIT_SCADA,1,"2022/10/20 18:20:00",VBBL1,0
D,DISPATCH,UNIT_SCADA,1,"2022/10/20 18:20:00",VP5,574.260680
D,DISPATCH,UNIT_SCADA,1,"2022/10/20 18:20:00",VP6,632.807370
D,DISPATCH,UNIT_SCADA,1,"2022/10/20 18:20:00",VPGS1,0
D,DISPATCH,UNIT_SCADA,1,"2022/10/20 18:20:00",VPGS2,0
D,DISPATCH,UNIT_SCADA,1,"2022/10/20 18:20:00",VPGS3,0
D,DISPATCH,UNIT_SCADA,1,"2022/10/20 18:20:00",VPGS4,0
D,DISPATCH,UNIT_SCADA,1,"2022/10/20 18:20:00",VPGS5,0
D,DISPATCH,UNIT_SCADA,1,"2022/10/20 18:20:00",VPGS6,0
D,DISPATCH,UNIT_SCADA,1,"2022/10/20 18:20:00",W/HOE#1,193.31
D,DISPATCH,UNIT_SCADA,1,"2022/10/20 18:20:00",W/HOE#2,0
D,DISPATCH,UNIT_SCADA,1,"2022/10/20 18:20:00",WAGGNSF1,0
D,DISPATCH,UNIT_SCADA,1,"2022/10/20 18:20:00",WALGRVG1,4.386860
D,DISPATCH,UNIT_SCADA,1,"2022/10/20 18:20:00",WALGRVL1,0
D,DISPATCH,UNIT_SCADA,1,"2022/10/20 18:20:00",WANDBG1,59.893910
D,DISPATCH,UNIT_SCADA,1,"2022/10/20 18:20:00",WANDBL1,0
D,DISPATCH,UNIT_SCADA,1,"2022/10/20 18:20:00",WARWSF1,0
D,DISPATCH,UNIT_SCADA,1,"2022/10/20 18:20:00",WARWSF2,0
D,DISPATCH,UNIT_SCADA,1,"2022/10/20 18:20:00",WATERLWF,0
D,DISPATCH,UNIT_SCADA,1,"2022/10/20 18:20:00",WDGPH1,0
D,DISPATCH,UNIT_SCADA,1,"2022/10/20 18:20:00",WELLSF1,0
D,DISPATCH,UNIT_SCADA,1,"2022/10/20 18:20:00",WEMENSF1,2.70
D,DISPATCH,UNIT_SCADA,1,"2022/10/20 18:20:00",WGWF1,12.80
D,DISPATCH,UNIT_SCADA,1,"2022/10/20 18:20:00",WHITSF1,0
D,DISPATCH,UNIT_SCADA,1,"2022/10/20 18:20:00",WINTSF1,1.47
D,DISPATCH,UNIT_SCADA,1,"2022/10/20 18:20:00",WKIEWA1,34
D,DISPATCH,UNIT_SCADA,1,"2022/10/20 18:20:00",WKIEWA2,34
D,DISPATCH,UNIT_SCADA,1,"2022/10/20 18:20:00",WOODLWN1,36.813550
D,DISPATCH,UNIT_SCADA,1,"2022/10/20 18:20:00",WOOLGSF1,0
D,DISPATCH,UNIT_SCADA,1,"2022/10/20 18:20:00",WPWF,29.53
D,DISPATCH,UNIT_SCADA,1,"2022/10/20 18:20:00",WRSF1,0
D,DISPATCH,UNIT_SCADA,1,"2022/10/20 18:20:00",WRWF1,75.5169
D,DISPATCH,UNIT_SCADA,1,"2022/10/20 18:20:00",WSTWYSF1,0
D,DISPATCH,UNIT_SCADA,1,"2022/10/20 18:20:00",YABULU,150.480010
D,DISPATCH,UNIT_SCADA,1,"2022/10/20 18:20:00",YABULU2,0
D,DISPATCH,UNIT_SCADA,1,"2022/10/20 18:20:00",YARANSF1,0
D,DISPATCH,UNIT_SCADA,1,"2022/10/20 18:20:00",YARWUN_1,162.48
D,DISPATCH,UNIT_SCADA,1,"2022/10/20 18:20:00",YATSF1,11.01
D,DISPATCH,UNIT_SCADA,1,"2022/10/20 18:20:00",YENDWF1,21.84
D,DISPATCH,UNIT_SCADA,1,"2022/10/20 18:20:00",YWPS1,354.134190
D,DISPATCH,UNIT_SCADA,1,"2022/10/20 18:20:00",YWPS2,296.237980
D,DISPATCH,UNIT_SCADA,1,"2022/10/20 18:20:00",YWPS3,358.824040
D,DISPATCH,UNIT_SCADA,1,"2022/10/20 18:20:00",YWPS4,0
C,"END OF REPORT",419
