C,NEMP.WORLD,DISPATCHSCADA,AEMO,PUBLIC,2022/10/20,17:50:09,0000000373271381,DISPATCHSCADA,0000000373271375
I,DISPATCH,UNIT_SCADA,1,SETTLEMENTDATE,DUID,SCADAVALUE
D,DISPATCH,UNIT_SCADA,1,"2022/10/20 17:55:00",BARCSF1,3.30
D,DISPATCH,UNIT_SCADA,1,"2022/10/20 17:55:00",BUTLERSG,8.699999
D,DISPATCH,UNIT_SCADA,1,"2022/10/20 17:55:00",CAPTL_WF,92.731888
D,DISPATCH,UNIT_SCADA,1,"2022/10/20 17:55:00",CHALLHWF,6.50
D,DISPATCH,UNIT_SCADA,1,"2022/10/20 17:55:00",CLOVER,12.99
D,DISPATCH,UNIT_SCADA,1,"2022/10/20 17:55:00",CLUNY,6.505379
D,DISPATCH,UNIT_SCADA,1,"2022/10/20 17:55:00",CULLRGWF,-0.04
D,DISPATCH,UNIT_SCADA,1,"2022/10/20 17:55:00",DIAPURWF1,1.80
D,DISPATCH,UNIT_SCADA,1,"2022/10/20 17:55:00",ERGT01,0
D,DISPATCH,UNIT_SCADA,1,"2022/10/20 17:55:00",GB01,0
D,DISPATCH,UNIT_SCADA,1,"2022/10/20 17:55:00",GERMCRK,19.799999
D,DISPATCH,UNIT_SCADA,1,"2022/10/20 17:55:00",GRIFSF1,6.001373
D,DISPATCH,UNIT_SCADA,1,"2022/10/20 17:55:00",HEZ1,0
D,DISPATCH,UNIT_SCADA,1,"2022/10/20 17:55:00",HUGSF1,1.4360
D,DISPATCH,UNIT_SCADA,1,"2022/10/20 17:55:00",KEPBG1,2.01
D,DISPATCH,UNIT_SCADA,1,"2022/10/20 17:55:00",LRSF1,2.7630
D,DISPATCH,UNIT_SCADA,1,"2022/10/20 17:55:00",MBAHNTH,43.781250
D,DISPATCH,UNIT_SCADA,1,"2022/10/20 17:55:00",MLSP1,0
D,DISPATCH,UNIT_SCADA,1,"2022/10/20 17:55:00",MLWF1,6.7350
D,DISPATCH,UNIT_SCADA,1,"2022/10/20 17:55:00",PALOONA,30.65
D,DISPATCH,UNIT_SCADA,1,"2022/10/20 17:55:00",PIONEER,35.299999
D,DISPATCH,UNIT_SCADA,1,"2022/10/20 17:55:00",PORTWF,28.799999
D,DISPATCH,UNIT_SCADA,1,"2022/10/20 17:55:00",REPULSE,9.715114
D,DISPATCH,UNIT_SCADA,1,"2022/10/20 17:55:00",ROWALLAN,9.0241
D,DISPATCH,UNIT_SCADA,1,"2022/10/20 17:55:00",ROYALLA1,0
D,DISPATCH,UNIT_SCADA,1,"2022/10/20 17:55:00",RPCG,-1.80
D,DISPATCH,UNIT_SCADA,1,"2022/10/20 17:55:00",RUBICON,0
D,DISPATCH,UNIT_SCADA,1,"2022/10/20 17:55:00",WAUBRAWF,61.594002
D,DISPATCH,UNIT_SCADA,1,"2022/10/20 17:55:00",WOOLNTH1,98.449997
D,DISPATCH,UNIT_SCADA,1,"2022/10/20 17:55:00",YAMBUKWF,3
D,DISPATCH,UNIT_SCADA,1,"2022/10/20 17:55:00",YSWF1,1.80
D,DISPATCH,UNIT_SCADA,1,"2022/10/20 17:55:00",ADPBA1G,0.0080
D,DISPATCH,UNIT_SCADA,1,"2022/10/20 17:55:00",ADPBA1L,0
D,DISPATCH,UNIT_SCADA,1,"2022/10/20 17:55:00",ADPPV1,2.4190
D,DISPATCH,UNIT_SCADA,1,"2022/10/20 17:55:00",AGLHAL,30.762670
D,DISPATCH,UNIT_SCADA,1,"2022/10/20 17:55:00",AGLSOM,0
D,DISPATCH,UNIT_SCADA,1,"2022/10/20 17:55:00",ANGAST1,0
D,DISPATCH,UNIT_SCADA,1,"2022/10/20 17:55:00",ARWF1,72.60
D,DISPATCH,UNIT_SCADA,1,"2022/10/20 17:55:00",BALBG1,0
D,DISPATCH,UNIT_SCADA,1,"2022/10/20 17:55:00",BALBL1,0
D,DISPATCH,UNIT_SCADA,1,"2022/10/20 17:55:00",BALDHWF1,105.0480
D,DISPATCH,UNIT_SCADA,1,"2022/10/20 17:55:00",BANGOWF1,76.297550
D,DISPATCH,UNIT_SCADA,1,"2022/10/20 17:55:00",BANGOWF2,65.298320
D,DISPATCH,UNIT_SCADA,1,"2022/10/20 17:55:00",BANN1,6.96
D,DISPATCH,UNIT_SCADA,1,"2022/10/20 17:55:00",BARCALDN,0
D,DISPATCH,UNIT_SCADA,1,"2022/10/20 17:55:00",BARKIPS1,88.18
D,DISPATCH,UNIT_SCADA,1,"2022/10/20 17:55:00",BARRON-1,27.84
D,DISPATCH,UNIT_SCADA,1,"2022/10/20 17:55:00",BARRON-2,28.12
D,DISPATCH,UNIT_SCADA,1,"2022/10/20 17:55:00",BASTYAN,52.80
D,DISPATCH,UNIT_SCADA,1,"2022/10/20 17:55:00",BBTHREE1,0
D,DISPATCH,UNIT_SCADA,1,"2022/10/20 17:55:00",BBTHREE2,0
D,DISPATCH,UNIT_SCADA,1,"2022/10/20 17:55:00",BBTHREE3,-1.11
D,DISPATCH,UNIT_SCADA,1,"2022/10/20 17:55:00",BDL01,0
D,DISPATCH,UNIT_SCADA,1,"2022/10/20 17:55:00",BDL02,0
D,DISPATCH,UNIT_SCADA,1,"2022/10/20 17:55:00",BERYLSF1,2.351060
D,DISPATCH,UNIT_SCADA,1,"2022/10/20 17:55:00",BLOWERNG,62.70
D,DISPATCH,UNIT_SCADA,1,"2022/10/20 17:55:00",BLUEGSF1,1.038080
D,DISPATCH,UNIT_SCADA,1,"2022/10/20 17:55:00",BLUFF1,4.50
D,DISPATCH,UNIT_SCADA,1,"2022/10/20 17:55:00",BNGSF1,55.35
D,DISPATCH,UNIT_SCADA,1,"2022/10/20 17:55:00",BNGSF2,54.97
D,DISPATCH,UNIT_SCADA,1,"2022/10/20 17:55:00",BOCORWF1,65.36
D,DISPATCH,UNIT_SCADA,1,"2022/10/20 17:55:00",BODWF1,108.850180
D,DISPATCH,UNIT_SCADA,1,"2022/10/20 17:55:00",BOMENSF1,3.861750
D,DISPATCH,UNIT_SCADA,1,"2022/10/20 17:55:00",BOWWBA1G,0
D,DISPATCH,UNIT_SCADA,1,"2022/10/20 17:55:00",BOWWBA1L,0.0010
D,DISPATCH,UNIT_SCADA,1,"2022/10/20 17:55:00",BOWWPV1,0.0010
D,DISPATCH,UNIT_SCADA,1,"2022/10/20 17:55:00",BRAEMAR1,0
D,DISPATCH,UNIT_SCADA,1,"2022/10/20 17:55:00",BRAEMAR2,0
D,DISPATCH,UNIT_SCADA,1,"2022/10/20 17:55:00",BRAEMAR3,0
D,DISPATCH,UNIT_SCADA,1,"2022/10/20 17:55:00",BRAEMAR5,144.528920
D,DISPATCH,UNIT_SCADA,1,"2022/10/20 17:55:00",BRAEMAR6,0
D,DISPATCH,UNIT_SCADA,1,"2022/10/20 17:55:00",BRAEMAR7,140.188320
D,DISPATCH,UNIT_SCADA,1,"2022/10/20 17:55:00",BROKENH1,7.799880
D,DISPATCH,UNIT_SCADA,1,"2022/10/20 17:55:00",BRYB1WF1,92.210270
D,DISPATCH,UNIT_SCADA,1,"2022/10/20 17:55:00",BULBESG1,0
D,DISPATCH,UNIT_SCADA,1,"2022/10/20 17:55:00",BULBESL1,0.03
D,DISPATCH,UNIT_SCADA,1,"2022/10/20 17:55:00",BULGANA1,59.44
D,DISPATCH,UNIT_SCADA,1,"2022/10/20 17:55:00",BW01,660.276180
D,DISPATCH,UNIT_SCADA,1,"2022/10/20 17:55:00",BW02,621.506040
D,DISPATCH,UNIT_SCADA,1,"2022/10/20 17:55:00",BW03,609.884770
D,DISPATCH,UNIT_SCADA,1,"2022/10/20 17:55:00",BW04,0
D,DISPATCH,UNIT_SCADA,1,"2022/10/20 17:55:00",CALL_B_1,320.200010
D,DISPATCH,UNIT_SCADA,1,"2022/10/20 17:55:00",CALL_B_2,319.600010
D,DISPATCH,UNIT_SCADA,1,"2022/10/20 17:55:00",CATHROCK,13.30
D,DISPATCH,UNIT_SCADA,1,"2022/10/20 17:55:00",CBWWBA1G,0
D,DISPATCH,UNIT_SCADA,1,"2022/10/20 17:55:00",CBWWBA1L,0
D,DISPATCH,UNIT_SCADA,1,"2022/10/20 17:55:00",CETHANA,97.525880
D,DISPATCH,UNIT_SCADA,1,"2022/10/20 17:55:00",CG1,0
D,DISPATCH,UNIT_SCADA,1,"2022/10/20 17:55:00",CG2,0
D,DISPATCH,UNIT_SCADA,1,"2022/10/20 17:55:00",CG3,0
D,DISPATCH,UNIT_SCADA,1,"2022/10/20 17:55:00",CG4,0
D,DISPATCH,UNIT_SCADA,1,"2022/10/20 17:55:00",CHILDSF1,0
D,DISPATCH,UNIT_SCADA,1,"2022/10/20 17:55:00",CHYTWF1,8.66
D,DISPATCH,UNIT_SCADA,1,"2022/10/20 17:55:00",CLARESF1,0
D,DISPATCH,UNIT_SCADA,1,"2022/10/20 17:55:00",CLEMGPWF,13.902750
D,DISPATCH,UNIT_SCADA,1,"2022/10/20 17:55:00",CLERMSF1,0
D,DISPATCH,UNIT_SCADA,1,"2022/10/20 17:55:00",CNUNDAWF,10.812610
D,DISPATCH,UNIT_SCADA,1,"2022/10/20 17:55:00",COHUNSF1,0.77
D,DISPATCH,UNIT_SCADA,1,"2022/10/20 17:55:00",COLEASF1,10.3994
D,DISPATCH,UNIT_SCADA,1,"2022/10/20 17:55:00",COLUMSF1,0.4520
D,DISPATCH,UNIT_SCADA,1,"2022/10/20 17:55:00",COLWF01,136.687260
D,DISPATCH,UNIT_SCADA,1,"2022/10/20 17:55:00",COOPGWF1,344.070010
D,DISPATCH,UNIT_SCADA,1,"2022/10/20 17:55:00",CPP_3,370.149990
D,DISPATCH,UNIT_SCADA,1,"2022/10/20 17:55:00",CPP_4,0
D,DISPATCH,UNIT_SCADA,1,"2022/10/20 17:55:00",CPSA,0
D,DISPATCH,UNIT_SCADA,1,"2022/10/20 17:55:00",CROOKWF2,63.432980
D,DISPATCH,UNIT_SCADA,1,"2022/10/20 17:55:00",CROWLWF1,26.973180
D,DISPATCH,UNIT_SCADA,1,"2022/10/20 17:55:00",CRURWF1,71.799730
D,DISPATCH,UNIT_SCADA,1,"2022/10/20 17:55:00",CRWASF1,1.567680
D,DISPATCH,UNIT_SCADA,1,"2022/10/20 17:55:00",CSPVPS1,0.1250
D,DISPATCH,UNIT_SCADA,1,"2022/10/20 17:55:00",CTHLWF1,0.003050
D,DISPATCH,UNIT_SCADA,1,"2022/10/20 17:55:00",DALNTH01,0
D,DISPATCH,UNIT_SCADA,1,"2022/10/20 17:55:00",DALNTHL1,0.071720
D,DISPATCH,UNIT_SCADA,1,"2022/10/20 17:55:00",DARLSF1,17.974090
D,DISPATCH,UNIT_SCADA,1,"2022/10/20 17:55:00",DARTM1,0
D,DISPATCH,UNIT_SCADA,1,"2022/10/20 17:55:00",DAYDSF1,0
D,DISPATCH,UNIT_SCADA,1,"2022/10/20 17:55:00",DDPS1,0
D,DISPATCH,UNIT_SCADA,1,"2022/10/20 17:55:00",DDSF1,0
D,DISPATCH,UNIT_SCADA,1,"2022/10/20 17:55:00",DEVILS_G,61.212810
D,DISPATCH,UNIT_SCADA,1,"2022/10/20 17:55:00",DG_NSW1,0
D,DISPATCH,UNIT_SCADA,1,"2022/10/20 17:55:00",DG_QLD1,0
D,DISPATCH,UNIT_SCADA,1,"2022/10/20 17:55:00",DG_SA1,0
D,DISPATCH,UNIT_SCADA,1,"2022/10/20 17:55:00",DG_TAS1,0
D,DISPATCH,UNIT_SCADA,1,"2022/10/20 17:55:00",DG_VIC1,0
D,DISPATCH,UNIT_SCADA,1,"2022/10/20 17:55:00",DRYCGT1,0
D,DISPATCH,UNIT_SCADA,1,"2022/10/20 17:55:00",DRYCGT2,0
D,DISPATCH,UNIT_SCADA,1,"2022/10/20 17:55:00",DRYCGT3,0
D,DISPATCH,UNIT_SCADA,1,"2022/10/20 17:55:00",DUNDWF1,52.41
D,DISPATCH,UNIT_SCADA,1,"2022/10/20 17:55:00",DUNDWF2,14.78
D,DISPATCH,UNIT_SCADA,1,"2022/10/20 17:55:00",DUNDWF3,62.76
D,DISPATCH,UNIT_SCADA,1,"2022/10/20 17:55:00",EILDON1,59.96
D,DISPATCH,UNIT_SCADA,1,"2022/10/20 17:55:00",EILDON2,59.92
D,DISPATCH,UNIT_SCADA,1,"2022/10/20 17:55:00",ELAINWF1,15.49
D,DISPATCH,UNIT_SCADA,1,"2022/10/20 17:55:00",EMERASF1,0
D,DISPATCH,UNIT_SCADA,1,"2022/10/20 17:55:00",ER01,0
D,DISPATCH,UNIT_SCADA,1,"2022/10/20 17:55:00",ER02,541.377870
D,DISPATCH,UNIT_SCADA,1,"2022/10/20 17:55:00",ER03,639.572750
D,DISPATCH,UNIT_SCADA,1,"2022/10/20 17:55:00",ER04,698.411560
D,DISPATCH,UNIT_SCADA,1,"2022/10/20 17:55:00",FINLYSF1,6.198210
D,DISPATCH,UNIT_SCADA,1,"2022/10/20 17:55:00",FISHER,43.86
D,DISPATCH,UNIT_SCADA,1,"2022/10/20 17:55:00",GANGARR1,0
D,DISPATCH,UNIT_SCADA,1,"2022/10/20 17:55:00",GANNBG1,0
D,DISPATCH,UNIT_SCADA,1,"2022/10/20 17:55:00",GANNBL1,0.169470
D,DISPATCH,UNIT_SCADA,1,"2022/10/20 17:55:00",GANNSF1,8.80
D,DISPATCH,UNIT_SCADA,1,"2022/10/20 17:55:00",GLRWNSF1,6.56
D,DISPATCH,UNIT_SCADA,1,"2022/10/20 17:55:00",GNNDHSF1,1.704510
D,DISPATCH,UNIT_SCADA,1,"2022/10/20 17:55:00",GOONSF1,1.727320
D,DISPATCH,UNIT_SCADA,1,"2022/10/20 17:55:00",GORDON,269.386690
D,DISPATCH,UNIT_SCADA,1,"2022/10/20 17:55:00",GRANWF1,0
D,DISPATCH,UNIT_SCADA,1,"2022/10/20 17:55:00",GSTONE1,217.1750
D,DISPATCH,UNIT_SCADA,1,"2022/10/20 17:55:00",GSTONE2,0
D,DISPATCH,UNIT_SCADA,1,"2022/10/20 17:55:00",GSTONE3,199.849990
D,DISPATCH,UNIT_SCADA,1,"2022/10/20 17:55:00",GSTONE4,0
D,DISPATCH,UNIT_SCADA,1,"2022/10/20 17:55:00",GSTONE5,216.8250
D,DISPATCH,UNIT_SCADA,1,"2022/10/20 17:55:00",GSTONE6,217.349990
D,DISPATCH,UNIT_SCADA,1,"2022/10/20 17:55:00",GULLRSF1,0
D,DISPATCH,UNIT_SCADA,1,"2022/10/20 17:55:00",GULLRWF1,101.713460
D,DISPATCH,UNIT_SCADA,1,"2022/10/20 17:55:00",GULLRWF2,103.043080
D,DISPATCH,UNIT_SCADA,1,"2022/10/20 17:55:00",GUNNING1,0
D,DISPATCH,UNIT_SCADA,1,"2022/10/20 17:55:00",GUTHEGA,68
D,DISPATCH,UNIT_SCADA,1,"2022/10/20 17:55:00",HALLWF1,1.54
D,DISPATCH,UNIT_SCADA,1,"2022/10/20 17:55:00",HALLWF2,1.15
D,DISPATCH,UNIT_SCADA,1,"2022/10/20 17:55:00",HAMISF1,0
D,DISPATCH,UNIT_SCADA,1,"2022/10/20 17:55:00",HAUGHT11,0
D,DISPATCH,UNIT_SCADA,1,"2022/10/20 17:55:00",HAYMSF1,0
D,DISPATCH,UNIT_SCADA,1,"2022/10/20 17:55:00",HDWF1,13.60
D,DISPATCH,UNIT_SCADA,1,"2022/10/20 17:55:00",HDWF2,13.20
D,DISPATCH,UNIT_SCADA,1,"2022/10/20 17:55:00",HDWF3,17
D,DISPATCH,UNIT_SCADA,1,"2022/10/20 17:55:00",HILLSTN1,0
D,DISPATCH,UNIT_SCADA,1,"2022/10/20 17:55:00",HPRG1,0
D,DISPATCH,UNIT_SCADA,1,"2022/10/20 17:55:00",HPRL1,0
D,DISPATCH,UNIT_SCADA,1,"2022/10/20 17:55:00",HUMENSW,54.665950
D,DISPATCH,UNIT_SCADA,1,"2022/10/20 17:55:00",HUMEV,0
D,DISPATCH,UNIT_SCADA,1,"2022/10/20 17:55:00",HVWWBA1G,0
D,DISPATCH,UNIT_SCADA,1,"2022/10/20 17:55:00",HVWWBA1L,0.0070
D,DISPATCH,UNIT_SCADA,1,"2022/10/20 17:55:00",HVWWPV1,1.5420
D,DISPATCH,UNIT_SCADA,1,"2022/10/20 17:55:00",JBUTTERS,0
D,DISPATCH,UNIT_SCADA,1,"2022/10/20 17:55:00",JEMALNG1,1.03
D,DISPATCH,UNIT_SCADA,1,"2022/10/20 17:55:00",JLA01,0
D,DISPATCH,UNIT_SCADA,1,"2022/10/20 17:55:00",JLA02,0
D,DISPATCH,UNIT_SCADA,1,"2022/10/20 17:55:00",JLA03,0
D,DISPATCH,UNIT_SCADA,1,"2022/10/20 17:55:00",JLA04,0
D,DISPATCH,UNIT_SCADA,1,"2022/10/20 17:55:00",JLB01,0
D,DISPATCH,UNIT_SCADA,1,"2022/10/20 17:55:00",JLB02,0.10
D,DISPATCH,UNIT_SCADA,1,"2022/10/20 17:55:00",JLB03,0
D,DISPATCH,UNIT_SCADA,1,"2022/10/20 17:55:00",JUNEESF1,0.889760
D,DISPATCH,UNIT_SCADA,1,"2022/10/20 17:55:00",KABANWF1,0
D,DISPATCH,UNIT_SCADA,1,"2022/10/20 17:55:00",KAREEYA1,17.9925
D,DISPATCH,UNIT_SCADA,1,"2022/10/20 17:55:00",KAREEYA2,0
D,DISPATCH,UNIT_SCADA,1,"2022/10/20 17:55:00",KAREEYA3,21.55
D,DISPATCH,UNIT_SCADA,1,"2022/10/20 17:55:00",KAREEYA4,0
D,DISPATCH,UNIT_SCADA,1,"2022/10/20 17:55:00",KARSF1,14.30
D,DISPATCH,UNIT_SCADA,1,"2022/10/20 17:55:00",KEPSF1,0.02
D,DISPATCH,UNIT_SCADA,1,"2022/10/20 17:55:00",KEPWF1,15.51
D,DISPATCH,UNIT_SCADA,1,"2022/10/20 17:55:00",KIAMSF1,1.178760
D,DISPATCH,UNIT_SCADA,1,"2022/10/20 17:55:00",KIATAWF1,10.60
D,DISPATCH,UNIT_SCADA,1,"2022/10/20 17:55:00",KPP_1,0
D,DISPATCH,UNIT_SCADA,1,"2022/10/20 17:55:00",KSP1,10.92
D,DISPATCH,UNIT_SCADA,1,"2022/10/20 17:55:00",LADBROK1,0.01
D,DISPATCH,UNIT_SCADA,1,"2022/10/20 17:55:00",LADBROK2,0.02
D,DISPATCH,UNIT_SCADA,1,"2022/10/20 17:55:00",LBBG1,0
D,DISPATCH,UNIT_SCADA,1,"2022/10/20 17:55:00",LBBL1,0
D,DISPATCH,UNIT_SCADA,1,"2022/10/20 17:55:00",LD01,380.944240
D,DISPATCH,UNIT_SCADA,1,"2022/10/20 17:55:00",LD02,33.216350
D,DISPATCH,UNIT_SCADA,1,"2022/10/20 17:55:00",LD04,321.689510
D,DISPATCH,UNIT_SCADA,1,"2022/10/20 17:55:00",LEM_WIL,86.9846
D,DISPATCH,UNIT_SCADA,1,"2022/10/20 17:55:00",LGAPWF1,66.27
D,DISPATCH,UNIT_SCADA,1,"2022/10/20 17:55:00",LGAPWF2,55.70
D,DISPATCH,UNIT_SCADA,1,"2022/10/20 17:55:00",LILYSF1,0
D,DISPATCH,UNIT_SCADA,1,"2022/10/20 17:55:00",LIMOSF11,19.915310
D,DISPATCH,UNIT_SCADA,1,"2022/10/20 17:55:00",LIMOSF21,2.424080
D,DISPATCH,UNIT_SCADA,1,"2022/10/20 17:55:00",LI_WY_CA,63.228180
D,DISPATCH,UNIT_SCADA,1,"2022/10/20 17:55:00",LKBONNY1,11.074370
D,DISPATCH,UNIT_SCADA,1,"2022/10/20 17:55:00",LKBONNY2,24.833880
D,DISPATCH,UNIT_SCADA,1,"2022/10/20 17:55:00",LKBONNY3,2.902750
D,DISPATCH,UNIT_SCADA,1,"2022/10/20 17:55:00",LK_ECHO,0
D,DISPATCH,UNIT_SCADA,1,"2022/10/20 17:55:00",LNGS1,0
D,DISPATCH,UNIT_SCADA,1,"2022/10/20 17:55:00",LNGS2,0
D,DISPATCH,UNIT_SCADA,1,"2022/10/20 17:55:00",LONSDALE,0
D,DISPATCH,UNIT_SCADA,1,"2022/10/20 17:55:00",LOYYB1,579.698730
D,DISPATCH,UNIT_SCADA,1,"2022/10/20 17:55:00",LOYYB2,575.187320
D,DISPATCH,UNIT_SCADA,1,"2022/10/20 17:55:00",LYA1,560
D,DISPATCH,UNIT_SCADA,1,"2022/10/20 17:55:00",LYA2,0
D,DISPATCH,UNIT_SCADA,1,"2022/10/20 17:55:00",LYA3,560
D,DISPATCH,UNIT_SCADA,1,"2022/10/20 17:55:00",LYA4,561
D,DISPATCH,UNIT_SCADA,1,"2022/10/20 17:55:00",MACARTH1,42.199020
D,DISPATCH,UNIT_SCADA,1,"2022/10/20 17:55:00",MACKNTSH,59.23
D,DISPATCH,UNIT_SCADA,1,"2022/10/20 17:55:00",MANSLR1,0.1190
D,DISPATCH,UNIT_SCADA,1,"2022/10/20 17:55:00",MAPS2PV1,0
D,DISPATCH,UNIT_SCADA,1,"2022/10/20 17:55:00",MAPS3PV1,0
D,DISPATCH,UNIT_SCADA,1,"2022/10/20 17:55:00",MARYRSF1,0.18
D,DISPATCH,UNIT_SCADA,1,"2022/10/20 17:55:00",MBPS2PV1,0
D,DISPATCH,UNIT_SCADA,1,"2022/10/20 17:55:00",MCKAY1,219.635010
D,DISPATCH,UNIT_SCADA,1,"2022/10/20 17:55:00",MEADOWBK,20.1489
D,DISPATCH,UNIT_SCADA,1,"2022/10/20 17:55:00",MERCER01,22
D,DISPATCH,UNIT_SCADA,1,"2022/10/20 17:55:00",METZSF1,0.629090
D,DISPATCH,UNIT_SCADA,1,"2022/10/20 17:55:00",MEWF1,0
D,DISPATCH,UNIT_SCADA,1,"2022/10/20 17:55:00",MIDDLSF1,0.10
D,DISPATCH,UNIT_SCADA,1,"2022/10/20 17:55:00",MINTARO,0.128180
D,DISPATCH,UNIT_SCADA,1,"2022/10/20 17:55:00",MOLNGSF1,0.521250
D,DISPATCH,UNIT_SCADA,1,"2022/10/20 17:55:00",MOORAWF1,22.54
D,DISPATCH,UNIT_SCADA,1,"2022/10/20 17:55:00",MOREESF1,0
D,DISPATCH,UNIT_SCADA,1,"2022/10/20 17:55:00",MORTLK11,0
D,DISPATCH,UNIT_SCADA,1,"2022/10/20 17:55:00",MORTLK12,0
D,DISPATCH,UNIT_SCADA,1,"2022/10/20 17:55:00",MOUSF1,0
D,DISPATCH,UNIT_SCADA,1,"2022/10/20 17:55:00",MP1,0
D,DISPATCH,UNIT_SCADA,1,"2022/10/20 17:55:00",MP2,640.671390
D,DISPATCH,UNIT_SCADA,1,"2022/10/20 17:55:00",MPP_1,170.949940
D,DISPATCH,UNIT_SCADA,1,"2022/10/20 17:55:00",MPP_2,184.927460
D,DISPATCH,UNIT_SCADA,1,"2022/10/20 17:55:00",MRTLSWF1,0
D,DISPATCH,UNIT_SCADA,1,"2022/10/20 17:55:00",MSTUART1,0
D,DISPATCH,UNIT_SCADA,1,"2022/10/20 17:55:00",MSTUART2,0
D,DISPATCH,UNIT_SCADA,1,"2022/10/20 17:55:00",MSTUART3,0
D,DISPATCH,UNIT_SCADA,1,"2022/10/20 17:55:00",MTGELWF1,65.895570
D,DISPATCH,UNIT_SCADA,1,"2022/10/20 17:55:00",MTMILLAR,12.40
D,DISPATCH,UNIT_SCADA,1,"2022/10/20 17:55:00",MURRAY,493.399990
D,DISPATCH,UNIT_SCADA,1,"2022/10/20 17:55:00",MUSSELR1,2.90
D,DISPATCH,UNIT_SCADA,1,"2022/10/20 17:55:00",MUWAWF1,4.43
D,DISPATCH,UNIT_SCADA,1,"2022/10/20 17:55:00",MUWAWF2,4.60
D,DISPATCH,UNIT_SCADA,1,"2022/10/20 17:55:00",MWPS1PV1,0.20
D,DISPATCH,UNIT_SCADA,1,"2022/10/20 17:55:00",MWPS2PV1,0.27
D,DISPATCH,UNIT_SCADA,1,"2022/10/20 17:55:00",MWPS3PV1,0.36
D,DISPATCH,UNIT_SCADA,1,"2022/10/20 17:55:00",MWPS4PV1,0.90
D,DISPATCH,UNIT_SCADA,1,"2022/10/20 17:55:00",NBHWF1,7.40
D,DISPATCH,UNIT_SCADA,1,"2022/10/20 17:55:00",NEVERSF1,3.46
D,DISPATCH,UNIT_SCADA,1,"2022/10/20 17:55:00",NPS,0
D,DISPATCH,UNIT_SCADA,1,"2022/10/20 17:55:00",NUMURSF1,12.08
D,DISPATCH,UNIT_SCADA,1,"2022/10/20 17:55:00",NYNGAN1,6
D,DISPATCH,UNIT_SCADA,1,"2022/10/20 17:55:00",OAKEY1,126.450960
D,DISPATCH,UNIT_SCADA,1,"2022/10/20 17:55:00",OAKEY1SF,0.1550
D,DISPATCH,UNIT_SCADA,1,"2022/10/20 17:55:00",OAKEY2,0
D,DISPATCH,UNIT_SCADA,1,"2022/10/20 17:55:00",OAKEY2SF,0.22
D,DISPATCH,UNIT_SCADA,1,"2022/10/20 17:55:00",OAKLAND1,22.80
D,DISPATCH,UNIT_SCADA,1,"2022/10/20 17:55:00",OSB-AG,175.42
D,DISPATCH,UNIT_SCADA,1,"2022/10/20 17:55:00",PAREPS1,0
D,DISPATCH,UNIT_SCADA,1,"2022/10/20 17:55:00",PAREPW1,171.98
D,DISPATCH,UNIT_SCADA,1,"2022/10/20 17:55:00",PARSF1,1.399250
D,DISPATCH,UNIT_SCADA,1,"2022/10/20 17:55:00",POAT110,3.35
D,DISPATCH,UNIT_SCADA,1,"2022/10/20 17:55:00",POAT220,0
D,DISPATCH,UNIT_SCADA,1,"2022/10/20 17:55:00",POR01,0.008670
D,DISPATCH,UNIT_SCADA,1,"2022/10/20 17:55:00",POR03,0
D,DISPATCH,UNIT_SCADA,1,"2022/10/20 17:55:00",PPCCGT,164.156680
D,DISPATCH,UNIT_SCADA,1,"2022/10/20 17:55:00",PTSTAN1,0
D,DISPATCH,UNIT_SCADA,1,"2022/10/20 17:55:00",PUMP1,0
D,DISPATCH,UNIT_SCADA,1,"2022/10/20 17:55:00",PUMP2,0
D,DISPATCH,UNIT_SCADA,1,"2022/10/20 17:55:00",QBYNBG1,0
D,DISPATCH,UNIT_SCADA,1,"2022/10/20 17:55:00",QBYNBL1,0.0015
D,DISPATCH,UNIT_SCADA,1,"2022/10/20 17:55:00",QPS1,0
D,DISPATCH,UNIT_SCADA,1,"2022/10/20 17:55:00",QPS2,0
D,DISPATCH,UNIT_SCADA,1,"2022/10/20 17:55:00",QPS3,0
D,DISPATCH,UNIT_SCADA,1,"2022/10/20 17:55:00",QPS4,0
D,DISPATCH,UNIT_SCADA,1,"2022/10/20 17:55:00",QPS5,118.25
D,DISPATCH,UNIT_SCADA,1,"2022/10/20 17:55:00",REECE1,57.183750
D,DISPATCH,UNIT_SCADA,1,"2022/10/20 17:55:00",REECE2,52.87
D,DISPATCH,UNIT_SCADA,1,"2022/10/20 17:55:00",ROMA_7,0
D,DISPATCH,UNIT_SCADA,1,"2022/10/20 17:55:00",ROMA_8,0
D,DISPATCH,UNIT_SCADA,1,"2022/10/20 17:55:00",RRSF1,0
D,DISPATCH,UNIT_SCADA,1,"2022/10/20 17:55:00",RT_NSW1,0
D,DISPATCH,UNIT_SCADA,1,"2022/10/20 17:55:00",RT_NSW2,0
D,DISPATCH,UNIT_SCADA,1,"2022/10/20 17:55:00",RT_NSW3,0
D,DISPATCH,UNIT_SCADA,1,"2022/10/20 17:55:00",RT_NSW4,0
D,DISPATCH,UNIT_SCADA,1,"2022/10/20 17:55:00",RT_NSW5,0
D,DISPATCH,UNIT_SCADA,1,"2022/10/20 17:55:00",RT_NSW6,0
D,DISPATCH,UNIT_SCADA,1,"2022/10/20 17:55:00",RT_QLD1,0
D,DISPATCH,UNIT_SCADA,1,"2022/10/20 17:55:00",RT_SA1,0
D,DISPATCH,UNIT_SCADA,1,"2022/10/20 17:55:00",RT_SA2,0
D,DISPATCH,UNIT_SCADA,1,"2022/10/20 17:55:00",RT_SA3,0
D,DISPATCH,UNIT_SCADA,1,"2022/10/20 17:55:00",RT_SA4,0
D,DISPATCH,UNIT_SCADA,1,"2022/10/20 17:55:00",RT_SA5,0
D,DISPATCH,UNIT_SCADA,1,"2022/10/20 17:55:00",RT_SA6,0
D,DISPATCH,UNIT_SCADA,1,"2022/10/20 17:55:00",RT_TAS1,0
D,DISPATCH,UNIT_SCADA,1,"2022/10/20 17:55:00",RT_VIC1,0
D,DISPATCH,UNIT_SCADA,1,"2022/10/20 17:55:00",RT_VIC10,0
D,DISPATCH,UNIT_SCADA,1,"2022/10/20 17:55:00",RT_VIC11,0
D,DISPATCH,UNIT_SCADA,1,"2022/10/20 17:55:00",RT_VIC12,0
D,DISPATCH,UNIT_SCADA,1,"2022/10/20 17:55:00",RT_VIC2,0
D,DISPATCH,UNIT_SCADA,1,"2022/10/20 17:55:00",RT_VIC3,0
D,DISPATCH,UNIT_SCADA,1,"2022/10/20 17:55:00",RT_VIC4,0
D,DISPATCH,UNIT_SCADA,1,"2022/10/20 17:55:00",RT_VIC5,0
D,DISPATCH,UNIT_SCADA,1,"2022/10/20 17:55:00",RT_VIC6,0
D,DISPATCH,UNIT_SCADA,1,"2022/10/20 17:55:00",RT_VIC7,0
D,DISPATCH,UNIT_SCADA,1,"2022/10/20 17:55:00",RT_VIC8,0
D,DISPATCH,UNIT_SCADA,1,"2022/10/20 17:55:00",RT_VIC9,0
D,DISPATCH,UNIT_SCADA,1,"2022/10/20 17:55:00",RUGBYR1,1.938180
D,DISPATCH,UNIT_SCADA,1,"2022/10/20 17:55:00",SALTCRK1,23.86
D,DISPATCH,UNIT_SCADA,1,"2022/10/20 17:55:00",SAPHWF1,155.957890
D,DISPATCH,UNIT_SCADA,1,"2022/10/20 17:55:00",SEBSF1,1.452340
D,DISPATCH,UNIT_SCADA,1,"2022/10/20 17:55:00",SHGEN,78.601290
D,DISPATCH,UNIT_SCADA,1,"2022/10/20 17:55:00",SHPUMP,0
D,DISPATCH,UNIT_SCADA,1,"2022/10/20 17:55:00",SITHE01,0.123710
D,DISPATCH,UNIT_SCADA,1,"2022/10/20 17:55:00",SMCSF1,0
D,DISPATCH,UNIT_SCADA,1,"2022/10/20 17:55:00",SNAPPER1,0
D,DISPATCH,UNIT_SCADA,1,"2022/10/20 17:55:00",SNOWNTH1,43.40
D,DISPATCH,UNIT_SCADA,1,"2022/10/20 17:55:00",SNOWSTH1,17
D,DISPATCH,UNIT_SCADA,1,"2022/10/20 17:55:00",SNOWTWN1,17.917030
D,DISPATCH,UNIT_SCADA,1,"2022/10/20 17:55:00",SNOWYP,0
D,DISPATCH,UNIT_SCADA,1,"2022/10/20 17:55:00",SNUG1,0
D,DISPATCH,UNIT_SCADA,1,"2022/10/20 17:55:00",SRSF1,0
D,DISPATCH,UNIT_SCADA,1,"2022/10/20 17:55:00",STAN-1,278.556430
D,DISPATCH,UNIT_SCADA,1,"2022/10/20 17:55:00",STAN-2,364.063960
D,DISPATCH,UNIT_SCADA,1,"2022/10/20 17:55:00",STAN-3,363.602540
D,DISPATCH,UNIT_SCADA,1,"2022/10/20 17:55:00",STAN-4,364.0127
D,DISPATCH,UNIT_SCADA,1,"2022/10/20 17:55:00",STARHLWF,18.594580
D,DISPATCH,UNIT_SCADA,1,"2022/10/20 17:55:00",STOCKYD1,232.95
D,DISPATCH,UNIT_SCADA,1,"2022/10/20 17:55:00",STWF1,36.5246
D,DISPATCH,UNIT_SCADA,1,"2022/10/20 17:55:00",SUNRSF1,16.969560
D,DISPATCH,UNIT_SCADA,1,"2022/10/20 17:55:00",SUNTPSF1,5.045850
D,DISPATCH,UNIT_SCADA,1,"2022/10/20 17:55:00",SWAN_E,352.114380
D,DISPATCH,UNIT_SCADA,1,"2022/10/20 17:55:00",TALWA1,0
D,DISPATCH,UNIT_SCADA,1,"2022/10/20 17:55:00",TARALGA1,0
D,DISPATCH,UNIT_SCADA,1,"2022/10/20 17:55:00",TARONG#1,349.899990
D,DISPATCH,UNIT_SCADA,1,"2022/10/20 17:55:00",TARONG#2,349.800020
D,DISPATCH,UNIT_SCADA,1,"2022/10/20 17:55:00",TARONG#3,0.90
D,DISPATCH,UNIT_SCADA,1,"2022/10/20 17:55:00",TARONG#4,245.600010
D,DISPATCH,UNIT_SCADA,1,"2022/10/20 17:55:00",TARRALEA,54
D,DISPATCH,UNIT_SCADA,1,"2022/10/20 17:55:00",TBSF1,13.10
D,DISPATCH,UNIT_SCADA,1,"2022/10/20 17:55:00",TNPS1,420.4375
D,DISPATCH,UNIT_SCADA,1,"2022/10/20 17:55:00",TORRB1,0
D,DISPATCH,UNIT_SCADA,1,"2022/10/20 17:55:00",TORRB2,61
D,DISPATCH,UNIT_SCADA,1,"2022/10/20 17:55:00",TORRB3,0
D,DISPATCH,UNIT_SCADA,1,"2022/10/20 17:55:00",TORRB4,0
D,DISPATCH,UNIT_SCADA,1,"2022/10/20 17:55:00",TREVALLN,98.933270
D,DISPATCH,UNIT_SCADA,1,"2022/10/20 17:55:00",TRIBUTE,0
D,DISPATCH,UNIT_SCADA,1,"2022/10/20 17:55:00",TUMUT3,364.320010
D,DISPATCH,UNIT_SCADA,1,"2022/10/20 17:55:00",TUNGATIN,5.900020
D,DISPATCH,UNIT_SCADA,1,"2022/10/20 17:55:00",TVCC201,0
D,DISPATCH,UNIT_SCADA,1,"2022/10/20 17:55:00",TVPP104,57.924240
D,DISPATCH,UNIT_SCADA,1,"2022/10/20 17:55:00",UPPTUMUT,120.367830
D,DISPATCH,UNIT_SCADA,1,"2022/10/20 17:55:00",URANQ11,0
D,DISPATCH,UNIT_SCADA,1,"2022/10/20 17:55:00",URANQ12,0
D,DISPATCH,UNIT_SCADA,1,"2022/10/20 17:55:00",URANQ13,0
D,DISPATCH,UNIT_SCADA,1,"2022/10/20 17:55:00",URANQ14,153.405040
D,DISPATCH,UNIT_SCADA,1,"2022/10/20 17:55:00",VBBG1,5
D,DISPATCH,UNIT_SCADA,1,"2022/10/20 17:55:00",VBBL1,0
D,DISPATCH,UNIT_SCADA,1,"2022/10/20 17:55:00",VP5,592.645020
D,DISPATCH,UNIT_SCADA,1,"2022/10/20 17:55:00",VP6,601.825010
D,DISPATCH,UNIT_SCADA,1,"2022/10/20 17:55:00",VPGS1,0
D,DISPATCH,UNIT_SCADA,1,"2022/10/20 17:55:00",VPGS2,0
D,DISPATCH,UNIT_SCADA,1,"2022/10/20 17:55:00",VPGS3,0
D,DISPATCH,UNIT_SCADA,1,"2022/10/20 17:55:00",VPGS4,0
D,DISPATCH,UNIT_SCADA,1,"2022/10/20 17:55:00",VPGS5,0
D,DISPATCH,UNIT_SCADA,1,"2022/10/20 17:55:00",VPGS6,0
D,DISPATCH,UNIT_SCADA,1,"2022/10/20 17:55:00",W/HOE#1,160.06
D,DISPATCH,UNIT_SCADA,1,"2022/10/20 17:55:00",W/HOE#2,0
D,DISPATCH,UNIT_SCADA,1,"2022/10/20 17:55:00",WAGGNSF1,0
D,DISPATCH,UNIT_SCADA,1,"2022/10/20 17:55:00",WALGRVG1,0.086560
D,DISPATCH,UNIT_SCADA,1,"2022/10/20 17:55:00",WALGRVL1,0
D,DISPATCH,UNIT_SCADA,1,"2022/10/20 17:55:00",WANDBG1,2.4368
D,DISPATCH,UNIT_SCADA,1,"2022/10/20 17:55:00",WANDBL1,0
D,DISPATCH,UNIT_SCADA,1,"2022/10/20 17:55:00",WARWSF1,0
D,DISPATCH,UNIT_SCADA,1,"2022/10/20 17:55:00",WARWSF2,0
D,DISPATCH,UNIT_SCADA,1,"2022/10/20 17:55:00",WATERLWF,0
D,DISPATCH,UNIT_SCADA,1,"2022/10/20 17:55:00",WDGPH1,0
D,DISPATCH,UNIT_SCADA,1,"2022/10/20 17:55:00",WELLSF1,3.677420
D,DISPATCH,UNIT_SCADA,1,"2022/10/20 17:55:00",WEMENSF1,3.60
D,DISPATCH,UNIT_SCADA,1,"2022/10/20 17:55:00",WGWF1,18.20
D,DISPATCH,UNIT_SCADA,1,"2022/10/20 17:55:00",WHITSF1,0
D,DISPATCH,UNIT_SCADA,1,"2022/10/20 17:55:00",WINTSF1,5.21
D,DISPATCH,UNIT_SCADA,1,"2022/10/20 17:55:00",WKIEWA1,33.90
D,DISPATCH,UNIT_SCADA,1,"2022/10/20 17:55:00",WKIEWA2,34
D,DISPATCH,UNIT_SCADA,1,"2022/10/20 17:55:00",WOODLWN1,32.629890
D,DISPATCH,UNIT_SCADA,1,"2022/10/20 17:55:00",WOOLGSF1,0
D,DISPATCH,UNIT_SCADA,1,"2022/10/20 17:55:00",WPWF,36.03
D,DISPATCH,UNIT_SCADA,1,"2022/10/20 17:55:00",WRSF1,0.290540
D,DISPATCH,UNIT_SCADA,1,"2022/10/20 17:55:00",WRWF1,89.407490
D,DISPATCH,UNIT_SCADA,1,"2022/10/20 17:55:00",WSTWYSF1,0.1774
D,DISPATCH,UNIT_SCADA,1,"2022/10/20 17:55:00",YABULU,150.750020
D,DISPATCH,UNIT_SCADA,1,"2022/10/20 17:55:00",YABULU2,0
D,DISPATCH,UNIT_SCADA,1,"2022/10/20 17:55:00",YARANSF1,0.43
D,DISPATCH,UNIT_SCADA,1,"2022/10/20 17:55:00",YARWUN_1,161.519990
D,DISPATCH,UNIT_SCADA,1,"2022/10/20 17:55:00",YATSF1,11.44
D,DISPATCH,UNIT_SCADA,1,"2022/10/20 17:55:00",YENDWF1,31.09
D,DISPATCH,UNIT_SCADA,1,"2022/10/20 17:55:00",YWPS1,356.389860
D,DISPATCH,UNIT_SCADA,1,"2022/10/20 17:55:00",YWPS2,292.478490
D,DISPATCH,UNIT_SCADA,1,"2022/10/20 17:55:00",YWPS3,361.646850
D,DISPATCH,UNIT_SCADA,1,"2022/10/20 17:55:00",YWPS4,0
C,"END OF REPORT",419
