C,NEMP.WORLD,DISPATCHSCADA,AEMO,PUBLIC,2022/10/20,05:15:10,0000000373231483,DISPATCHSCADA,0000000373231477
I,DISPATCH,UNIT_SCADA,1,SETTLEMENTDATE,DUID,SCADAVALUE
D,DISPATCH,UNIT_SCADA,1,"2022/10/20 05:20:00",BARCSF1,0.10
D,DISPATCH,UNIT_SCADA,1,"2022/10/20 05:20:00",BUTLERSG,8.699999
D,DISPATCH,UNIT_SCADA,1,"2022/10/20 05:20:00",CAPTL_WF,10.091950
D,DISPATCH,UNIT_SCADA,1,"2022/10/20 05:20:00",CHALLHWF,26.10
D,DISPATCH,UNIT_SCADA,1,"2022/10/20 05:20:00",CLOVER,13.06
D,DISPATCH,UNIT_SCADA,1,"2022/10/20 05:20:00",CLUNY,6.162966
D,DISPATCH,UNIT_SCADA,1,"2022/10/20 05:20:00",CULLRGWF,-0.05
D,DISPATCH,UNIT_SCADA,1,"2022/10/20 05:20:00",DIAPURWF1,7.30
D,DISPATCH,UNIT_SCADA,1,"2022/10/20 05:20:00",ERGT01,0
D,DISPATCH,UNIT_SCADA,1,"2022/10/20 05:20:00",GB01,0
D,DISPATCH,UNIT_SCADA,1,"2022/10/20 05:20:00",GERMCRK,21.50
D,DISPATCH,UNIT_SCADA,1,"2022/10/20 05:20:00",GRIFSF1,0.001526
D,DISPATCH,UNIT_SCADA,1,"2022/10/20 05:20:00",HEZ1,0
D,DISPATCH,UNIT_SCADA,1,"2022/10/20 05:20:00",HUGSF1,-0.1740
D,DISPATCH,UNIT_SCADA,1,"2022/10/20 05:20:00",KEPBG1,0.01
D,DISPATCH,UNIT_SCADA,1,"2022/10/20 05:20:00",LRSF1,0.0240
D,DISPATCH,UNIT_SCADA,1,"2022/10/20 05:20:00",MBAHNTH,47.774994
D,DISPATCH,UNIT_SCADA,1,"2022/10/20 05:20:00",MLSP1,0
D,DISPATCH,UNIT_SCADA,1,"2022/10/20 05:20:00",MLWF1,4.3650
D,DISPATCH,UNIT_SCADA,1,"2022/10/20 05:20:00",PALOONA,30.209999
D,DISPATCH,UNIT_SCADA,1,"2022/10/20 05:20:00",PIONEER,44.299999
D,DISPATCH,UNIT_SCADA,1,"2022/10/20 05:20:00",PORTWF,40.299999
D,DISPATCH,UNIT_SCADA,1,"2022/10/20 05:20:00",REPULSE,9.467307
D,DISPATCH,UNIT_SCADA,1,"2022/10/20 05:20:00",ROWALLAN,8.7472
D,DISPATCH,UNIT_SCADA,1,"2022/10/20 05:20:00",ROYALLA1,0
D,DISPATCH,UNIT_SCADA,1,"2022/10/20 05:20:00",RPCG,-1.20
D,DISPATCH,UNIT_SCADA,1,"2022/10/20 05:20:00",RUBICON,0
D,DISPATCH,UNIT_SCADA,1,"2022/10/20 05:20:00",WAUBRAWF,95.703003
D,DISPATCH,UNIT_SCADA,1,"2022/10/20 05:20:00",WOOLNTH1,38.619999
D,DISPATCH,UNIT_SCADA,1,"2022/10/20 05:20:00",YAMBUKWF,2.20
D,DISPATCH,UNIT_SCADA,1,"2022/10/20 05:20:00",YSWF1,2
D,DISPATCH,UNIT_SCADA,1,"2022/10/20 05:20:00",ADPBA1G,0.0080
D,DISPATCH,UNIT_SCADA,1,"2022/10/20 05:20:00",ADPBA1L,0
D,DISPATCH,UNIT_SCADA,1,"2022/10/20 05:20:00",ADPPV1,0
D,DISPATCH,UNIT_SCADA,1,"2022/10/20 05:20:00",AGLHAL,0
D,DISPATCH,UNIT_SCADA,1,"2022/10/20 05:20:00",AGLSOM,0
D,DISPATCH,UNIT_SCADA,1,"2022/10/20 05:20:00",ANGAST1,0
D,DISPATCH,UNIT_SCADA,1,"2022/10/20 05:20:00",ARWF1,2.90
D,DISPATCH,UNIT_SCADA,1,"2022/10/20 05:20:00",BALBG1,0
D,DISPATCH,UNIT_SCADA,1,"2022/10/20 05:20:00",BALBL1,0
D,DISPATCH,UNIT_SCADA,1,"2022/10/20 05:20:00",BALDHWF1,4.8910
D,DISPATCH,UNIT_SCADA,1,"2022/10/20 05:20:00",BANGOWF1,73.895170
D,DISPATCH,UNIT_SCADA,1,"2022/10/20 05:20:00",BANGOWF2,67.9987
D,DISPATCH,UNIT_SCADA,1,"2022/10/20 05:20:00",BANN1,0
D,DISPATCH,UNIT_SCADA,1,"2022/10/20 05:20:00",BARCALDN,0
D,DISPATCH,UNIT_SCADA,1,"2022/10/20 05:20:00",BARKIPS1,0
D,DISPATCH,UNIT_SCADA,1,"2022/10/20 05:20:00",BARRON-1,5.08
D,DISPATCH,UNIT_SCADA,1,"2022/10/20 05:20:00",BARRON-2,0
D,DISPATCH,UNIT_SCADA,1,"2022/10/20 05:20:00",BASTYAN,0
D,DISPATCH,UNIT_SCADA,1,"2022/10/20 05:20:00",BBTHREE1,-1.02
D,DISPATCH,UNIT_SCADA,1,"2022/10/20 05:20:00",BBTHREE2,0
D,DISPATCH,UNIT_SCADA,1,"2022/10/20 05:20:00",BBTHREE3,0
D,DISPATCH,UNIT_SCADA,1,"2022/10/20 05:20:00",BDL01,0
D,DISPATCH,UNIT_SCADA,1,"2022/10/20 05:20:00",BDL02,0
D,DISPATCH,UNIT_SCADA,1,"2022/10/20 05:20:00",BERYLSF1,0
D,DISPATCH,UNIT_SCADA,1,"2022/10/20 05:20:00",BLOWERNG,62.60
D,DISPATCH,UNIT_SCADA,1,"2022/10/20 05:20:00",BLUEGSF1,0
D,DISPATCH,UNIT_SCADA,1,"2022/10/20 05:20:00",BLUFF1,12
D,DISPATCH,UNIT_SCADA,1,"2022/10/20 05:20:00",BNGSF1,0
D,DISPATCH,UNIT_SCADA,1,"2022/10/20 05:20:00",BNGSF2,0
D,DISPATCH,UNIT_SCADA,1,"2022/10/20 05:20:00",BOCORWF1,0
D,DISPATCH,UNIT_SCADA,1,"2022/10/20 05:20:00",BODWF1,101.651560
D,DISPATCH,UNIT_SCADA,1,"2022/10/20 05:20:00",BOMENSF1,0
D,DISPATCH,UNIT_SCADA,1,"2022/10/20 05:20:00",BOWWBA1G,0
D,DISPATCH,UNIT_SCADA,1,"2022/10/20 05:20:00",BOWWBA1L,0
D,DISPATCH,UNIT_SCADA,1,"2022/10/20 05:20:00",BOWWPV1,0
D,DISPATCH,UNIT_SCADA,1,"2022/10/20 05:20:00",BRAEMAR1,0
D,DISPATCH,UNIT_SCADA,1,"2022/10/20 05:20:00",BRAEMAR2,0
D,DISPATCH,UNIT_SCADA,1,"2022/10/20 05:20:00",BRAEMAR3,0
D,DISPATCH,UNIT_SCADA,1,"2022/10/20 05:20:00",BRAEMAR5,0.292060
D,DISPATCH,UNIT_SCADA,1,"2022/10/20 05:20:00",BRAEMAR6,0
D,DISPATCH,UNIT_SCADA,1,"2022/10/20 05:20:00",BRAEMAR7,0.130920
D,DISPATCH,UNIT_SCADA,1,"2022/10/20 05:20:00",BROKENH1,0
D,DISPATCH,UNIT_SCADA,1,"2022/10/20 05:20:00",BRYB1WF1,104.142820
D,DISPATCH,UNIT_SCADA,1,"2022/10/20 05:20:00",BULBESG1,0
D,DISPATCH,UNIT_SCADA,1,"2022/10/20 05:20:00",BULBESL1,0.07
D,DISPATCH,UNIT_SCADA,1,"2022/10/20 05:20:00",BULGANA1,44.73
D,DISPATCH,UNIT_SCADA,1,"2022/10/20 05:20:00",BW01,475.336850
D,DISPATCH,UNIT_SCADA,1,"2022/10/20 05:20:00",BW02,476.850520
D,DISPATCH,UNIT_SCADA,1,"2022/10/20 05:20:00",BW03,482.221710
D,DISPATCH,UNIT_SCADA,1,"2022/10/20 05:20:00",BW04,0
D,DISPATCH,UNIT_SCADA,1,"2022/10/20 05:20:00",CALL_B_1,315.800020
D,DISPATCH,UNIT_SCADA,1,"2022/10/20 05:20:00",CALL_B_2,315.50
D,DISPATCH,UNIT_SCADA,1,"2022/10/20 05:20:00",CATHROCK,9.60
D,DISPATCH,UNIT_SCADA,1,"2022/10/20 05:20:00",CBWWBA1G,0
D,DISPATCH,UNIT_SCADA,1,"2022/10/20 05:20:00",CBWWBA1L,0
D,DISPATCH,UNIT_SCADA,1,"2022/10/20 05:20:00",CETHANA,98.244380
D,DISPATCH,UNIT_SCADA,1,"2022/10/20 05:20:00",CG1,0
D,DISPATCH,UNIT_SCADA,1,"2022/10/20 05:20:00",CG2,0
D,DISPATCH,UNIT_SCADA,1,"2022/10/20 05:20:00",CG3,0
D,DISPATCH,UNIT_SCADA,1,"2022/10/20 05:20:00",CG4,0
D,DISPATCH,UNIT_SCADA,1,"2022/10/20 05:20:00",CHILDSF1,0
D,DISPATCH,UNIT_SCADA,1,"2022/10/20 05:20:00",CHYTWF1,8.14
D,DISPATCH,UNIT_SCADA,1,"2022/10/20 05:20:00",CLARESF1,0
D,DISPATCH,UNIT_SCADA,1,"2022/10/20 05:20:00",CLEMGPWF,24.347830
D,DISPATCH,UNIT_SCADA,1,"2022/10/20 05:20:00",CLERMSF1,0
D,DISPATCH,UNIT_SCADA,1,"2022/10/20 05:20:00",CNUNDAWF,0
D,DISPATCH,UNIT_SCADA,1,"2022/10/20 05:20:00",COHUNSF1,0
D,DISPATCH,UNIT_SCADA,1,"2022/10/20 05:20:00",COLEASF1,0
D,DISPATCH,UNIT_SCADA,1,"2022/10/20 05:20:00",COLUMSF1,0
D,DISPATCH,UNIT_SCADA,1,"2022/10/20 05:20:00",COLWF01,111.601430
D,DISPATCH,UNIT_SCADA,1,"2022/10/20 05:20:00",COOPGWF1,377.049990
D,DISPATCH,UNIT_SCADA,1,"2022/10/20 05:20:00",CPP_3,358.325010
D,DISPATCH,UNIT_SCADA,1,"2022/10/20 05:20:00",CPP_4,0
D,DISPATCH,UNIT_SCADA,1,"2022/10/20 05:20:00",CPSA,0
D,DISPATCH,UNIT_SCADA,1,"2022/10/20 05:20:00",CROOKWF2,30.934920
D,DISPATCH,UNIT_SCADA,1,"2022/10/20 05:20:00",CROWLWF1,37.326850
D,DISPATCH,UNIT_SCADA,1,"2022/10/20 05:20:00",CRURWF1,84.898070
D,DISPATCH,UNIT_SCADA,1,"2022/10/20 05:20:00",CRWASF1,0
D,DISPATCH,UNIT_SCADA,1,"2022/10/20 05:20:00",CSPVPS1,0
D,DISPATCH,UNIT_SCADA,1,"2022/10/20 05:20:00",CTHLWF1,0.003050
D,DISPATCH,UNIT_SCADA,1,"2022/10/20 05:20:00",DALNTH01,0
D,DISPATCH,UNIT_SCADA,1,"2022/10/20 05:20:00",DALNTHL1,0.050350
D,DISPATCH,UNIT_SCADA,1,"2022/10/20 05:20:00",DARLSF1,0
D,DISPATCH,UNIT_SCADA,1,"2022/10/20 05:20:00",DARTM1,0
D,DISPATCH,UNIT_SCADA,1,"2022/10/20 05:20:00",DAYDSF1,0
D,DISPATCH,UNIT_SCADA,1,"2022/10/20 05:20:00",DDPS1,0
D,DISPATCH,UNIT_SCADA,1,"2022/10/20 05:20:00",DDSF1,0
D,DISPATCH,UNIT_SCADA,1,"2022/10/20 05:20:00",DEVILS_G,59.943240
D,DISPATCH,UNIT_SCADA,1,"2022/10/20 05:20:00",DG_NSW1,0
D,DISPATCH,UNIT_SCADA,1,"2022/10/20 05:20:00",DG_QLD1,0
D,DISPATCH,UNIT_SCADA,1,"2022/10/20 05:20:00",DG_SA1,0
D,DISPATCH,UNIT_SCADA,1,"2022/10/20 05:20:00",DG_TAS1,0
D,DISPATCH,UNIT_SCADA,1,"2022/10/20 05:20:00",DG_VIC1,0
D,DISPATCH,UNIT_SCADA,1,"2022/10/20 05:20:00",DRYCGT1,0
D,DISPATCH,UNIT_SCADA,1,"2022/10/20 05:20:00",DRYCGT2,0
D,DISPATCH,UNIT_SCADA,1,"2022/10/20 05:20:00",DRYCGT3,0
D,DISPATCH,UNIT_SCADA,1,"2022/10/20 05:20:00",DUNDWF1,96.79
D,DISPATCH,UNIT_SCADA,1,"2022/10/20 05:20:00",DUNDWF2,27.04
D,DISPATCH,UNIT_SCADA,1,"2022/10/20 05:20:00",DUNDWF3,75.91
D,DISPATCH,UNIT_SCADA,1,"2022/10/20 05:20:00",EILDON1,60
D,DISPATCH,UNIT_SCADA,1,"2022/10/20 05:20:00",EILDON2,60.08
D,DISPATCH,UNIT_SCADA,1,"2022/10/20 05:20:00",ELAINWF1,26.90
D,DISPATCH,UNIT_SCADA,1,"2022/10/20 05:20:00",EMERASF1,0
D,DISPATCH,UNIT_SCADA,1,"2022/10/20 05:20:00",ER01,0
D,DISPATCH,UNIT_SCADA,1,"2022/10/20 05:20:00",ER02,558.175050
D,DISPATCH,UNIT_SCADA,1,"2022/10/20 05:20:00",ER03,581.124570
D,DISPATCH,UNIT_SCADA,1,"2022/10/20 05:20:00",ER04,582.394170
D,DISPATCH,UNIT_SCADA,1,"2022/10/20 05:20:00",FINLYSF1,0
D,DISPATCH,UNIT_SCADA,1,"2022/10/20 05:20:00",FISHER,45.62
D,DISPATCH,UNIT_SCADA,1,"2022/10/20 05:20:00",GANGARR1,0
D,DISPATCH,UNIT_SCADA,1,"2022/10/20 05:20:00",GANNBG1,0
D,DISPATCH,UNIT_SCADA,1,"2022/10/20 05:20:00",GANNBL1,0.835550
D,DISPATCH,UNIT_SCADA,1,"2022/10/20 05:20:00",GANNSF1,0
D,DISPATCH,UNIT_SCADA,1,"2022/10/20 05:20:00",GLRWNSF1,0
D,DISPATCH,UNIT_SCADA,1,"2022/10/20 05:20:00",GNNDHSF1,0
D,DISPATCH,UNIT_SCADA,1,"2022/10/20 05:20:00",GOONSF1,0
D,DISPATCH,UNIT_SCADA,1,"2022/10/20 05:20:00",GORDON,241.494380
D,DISPATCH,UNIT_SCADA,1,"2022/10/20 05:20:00",GRANWF1,2.96
D,DISPATCH,UNIT_SCADA,1,"2022/10/20 05:20:00",GSTONE1,201.25
D,DISPATCH,UNIT_SCADA,1,"2022/10/20 05:20:00",GSTONE2,0
D,DISPATCH,UNIT_SCADA,1,"2022/10/20 05:20:00",GSTONE3,200.024990
D,DISPATCH,UNIT_SCADA,1,"2022/10/20 05:20:00",GSTONE4,0
D,DISPATCH,UNIT_SCADA,1,"2022/10/20 05:20:00",GSTONE5,201.25
D,DISPATCH,UNIT_SCADA,1,"2022/10/20 05:20:00",GSTONE6,200.20
D,DISPATCH,UNIT_SCADA,1,"2022/10/20 05:20:00",GULLRSF1,0
D,DISPATCH,UNIT_SCADA,1,"2022/10/20 05:20:00",GULLRWF1,47.454280
D,DISPATCH,UNIT_SCADA,1,"2022/10/20 05:20:00",GULLRWF2,97.425310
D,DISPATCH,UNIT_SCADA,1,"2022/10/20 05:20:00",GUNNING1,0
D,DISPATCH,UNIT_SCADA,1,"2022/10/20 05:20:00",GUTHEGA,67
D,DISPATCH,UNIT_SCADA,1,"2022/10/20 05:20:00",HALLWF1,72.83
D,DISPATCH,UNIT_SCADA,1,"2022/10/20 05:20:00",HALLWF2,54.95
D,DISPATCH,UNIT_SCADA,1,"2022/10/20 05:20:00",HAMISF1,0
D,DISPATCH,UNIT_SCADA,1,"2022/10/20 05:20:00",HAUGHT11,0
D,DISPATCH,UNIT_SCADA,1,"2022/10/20 05:20:00",HAYMSF1,0
D,DISPATCH,UNIT_SCADA,1,"2022/10/20 05:20:00",HDWF1,51
D,DISPATCH,UNIT_SCADA,1,"2022/10/20 05:20:00",HDWF2,27.20
D,DISPATCH,UNIT_SCADA,1,"2022/10/20 05:20:00",HDWF3,27.30
D,DISPATCH,UNIT_SCADA,1,"2022/10/20 05:20:00",HILLSTN1,0
D,DISPATCH,UNIT_SCADA,1,"2022/10/20 05:20:00",HPRG1,0
D,DISPATCH,UNIT_SCADA,1,"2022/10/20 05:20:00",HPRL1,6.90
D,DISPATCH,UNIT_SCADA,1,"2022/10/20 05:20:00",HUMENSW,54.727470
D,DISPATCH,UNIT_SCADA,1,"2022/10/20 05:20:00",HUMEV,0
D,DISPATCH,UNIT_SCADA,1,"2022/10/20 05:20:00",HVWWBA1G,0
D,DISPATCH,UNIT_SCADA,1,"2022/10/20 05:20:00",HVWWBA1L,0.0080
D,DISPATCH,UNIT_SCADA,1,"2022/10/20 05:20:00",HVWWPV1,0
D,DISPATCH,UNIT_SCADA,1,"2022/10/20 05:20:00",JBUTTERS,0
D,DISPATCH,UNIT_SCADA,1,"2022/10/20 05:20:00",JEMALNG1,0
D,DISPATCH,UNIT_SCADA,1,"2022/10/20 05:20:00",JLA01,0
D,DISPATCH,UNIT_SCADA,1,"2022/10/20 05:20:00",JLA02,0
D,DISPATCH,UNIT_SCADA,1,"2022/10/20 05:20:00",JLA03,0
D,DISPATCH,UNIT_SCADA,1,"2022/10/20 05:20:00",JLA04,0
D,DISPATCH,UNIT_SCADA,1,"2022/10/20 05:20:00",JLB01,0
D,DISPATCH,UNIT_SCADA,1,"2022/10/20 05:20:00",JLB02,0.10
D,DISPATCH,UNIT_SCADA,1,"2022/10/20 05:20:00",JLB03,0
D,DISPATCH,UNIT_SCADA,1,"2022/10/20 05:20:00",JUNEESF1,0
D,DISPATCH,UNIT_SCADA,1,"2022/10/20 05:20:00",KABANWF1,0.6450
D,DISPATCH,UNIT_SCADA,1,"2022/10/20 05:20:00",KAREEYA1,17.78
D,DISPATCH,UNIT_SCADA,1,"2022/10/20 05:20:00",KAREEYA2,0
D,DISPATCH,UNIT_SCADA,1,"2022/10/20 05:20:00",KAREEYA3,21.2575
D,DISPATCH,UNIT_SCADA,1,"2022/10/20 05:20:00",KAREEYA4,0
D,DISPATCH,UNIT_SCADA,1,"2022/10/20 05:20:00",KARSF1,0
D,DISPATCH,UNIT_SCADA,1,"2022/10/20 05:20:00",KEPSF1,0
D,DISPATCH,UNIT_SCADA,1,"2022/10/20 05:20:00",KEPWF1,0
D,DISPATCH,UNIT_SCADA,1,"2022/10/20 05:20:00",KIAMSF1,0
D,DISPATCH,UNIT_SCADA,1,"2022/10/20 05:20:00",KIATAWF1,30.40
D,DISPATCH,UNIT_SCADA,1,"2022/10/20 05:20:00",KPP_1,0
D,DISPATCH,UNIT_SCADA,1,"2022/10/20 05:20:00",KSP1,0
D,DISPATCH,UNIT_SCADA,1,"2022/10/20 05:20:00",LADBROK1,0.01
D,DISPATCH,UNIT_SCADA,1,"2022/10/20 05:20:00",LADBROK2,37.15
D,DISPATCH,UNIT_SCADA,1,"2022/10/20 05:20:00",LBBG1,0
D,DISPATCH,UNIT_SCADA,1,"2022/10/20 05:20:00",LBBL1,10.95
D,DISPATCH,UNIT_SCADA,1,"2022/10/20 05:20:00",LD01,316.983550
D,DISPATCH,UNIT_SCADA,1,"2022/10/20 05:20:00",LD02,0
D,DISPATCH,UNIT_SCADA,1,"2022/10/20 05:20:00",LD04,314.731290
D,DISPATCH,UNIT_SCADA,1,"2022/10/20 05:20:00",LEM_WIL,86.804060
D,DISPATCH,UNIT_SCADA,1,"2022/10/20 05:20:00",LGAPWF1,88.57
D,DISPATCH,UNIT_SCADA,1,"2022/10/20 05:20:00",LGAPWF2,55.96
D,DISPATCH,UNIT_SCADA,1,"2022/10/20 05:20:00",LILYSF1,0
D,DISPATCH,UNIT_SCADA,1,"2022/10/20 05:20:00",LIMOSF11,0
D,DISPATCH,UNIT_SCADA,1,"2022/10/20 05:20:00",LIMOSF21,0
D,DISPATCH,UNIT_SCADA,1,"2022/10/20 05:20:00",LI_WY_CA,76.261830
D,DISPATCH,UNIT_SCADA,1,"2022/10/20 05:20:00",LKBONNY1,0
D,DISPATCH,UNIT_SCADA,1,"2022/10/20 05:20:00",LKBONNY2,30.166250
D,DISPATCH,UNIT_SCADA,1,"2022/10/20 05:20:00",LKBONNY3,0
D,DISPATCH,UNIT_SCADA,1,"2022/10/20 05:20:00",LK_ECHO,0
D,DISPATCH,UNIT_SCADA,1,"2022/10/20 05:20:00",LNGS1,0
D,DISPATCH,UNIT_SCADA,1,"2022/10/20 05:20:00",LNGS2,0
D,DISPATCH,UNIT_SCADA,1,"2022/10/20 05:20:00",LONSDALE,0
D,DISPATCH,UNIT_SCADA,1,"2022/10/20 05:20:00",LOYYB1,576.691160
D,DISPATCH,UNIT_SCADA,1,"2022/10/20 05:20:00",LOYYB2,570.299990
D,DISPATCH,UNIT_SCADA,1,"2022/10/20 05:20:00",LYA1,489
D,DISPATCH,UNIT_SCADA,1,"2022/10/20 05:20:00",LYA2,0
D,DISPATCH,UNIT_SCADA,1,"2022/10/20 05:20:00",LYA3,486
D,DISPATCH,UNIT_SCADA,1,"2022/10/20 05:20:00",LYA4,490
D,DISPATCH,UNIT_SCADA,1,"2022/10/20 05:20:00",MACARTH1,35.099190
D,DISPATCH,UNIT_SCADA,1,"2022/10/20 05:20:00",MACKNTSH,0
D,DISPATCH,UNIT_SCADA,1,"2022/10/20 05:20:00",MANSLR1,0
D,DISPATCH,UNIT_SCADA,1,"2022/10/20 05:20:00",MAPS2PV1,0
D,DISPATCH,UNIT_SCADA,1,"2022/10/20 05:20:00",MAPS3PV1,0
D,DISPATCH,UNIT_SCADA,1,"2022/10/20 05:20:00",MARYRSF1,0
D,DISPATCH,UNIT_SCADA,1,"2022/10/20 05:20:00",MBPS2PV1,0
D,DISPATCH,UNIT_SCADA,1,"2022/10/20 05:20:00",MCKAY1,237.0950
D,DISPATCH,UNIT_SCADA,1,"2022/10/20 05:20:00",MEADOWBK,19.8631
D,DISPATCH,UNIT_SCADA,1,"2022/10/20 05:20:00",MERCER01,20.80
D,DISPATCH,UNIT_SCADA,1,"2022/10/20 05:20:00",METZSF1,0
D,DISPATCH,UNIT_SCADA,1,"2022/10/20 05:20:00",MEWF1,6
D,DISPATCH,UNIT_SCADA,1,"2022/10/20 05:20:00",MIDDLSF1,0
D,DISPATCH,UNIT_SCADA,1,"2022/10/20 05:20:00",MINTARO,0.128180
D,DISPATCH,UNIT_SCADA,1,"2022/10/20 05:20:00",MOLNGSF1,0
D,DISPATCH,UNIT_SCADA,1,"2022/10/20 05:20:00",MOORAWF1,28.09
D,DISPATCH,UNIT_SCADA,1,"2022/10/20 05:20:00",MOREESF1,0
D,DISPATCH,UNIT_SCADA,1,"2022/10/20 05:20:00",MORTLK11,0
D,DISPATCH,UNIT_SCADA,1,"2022/10/20 05:20:00",MORTLK12,0
D,DISPATCH,UNIT_SCADA,1,"2022/10/20 05:20:00",MOUSF1,0
D,DISPATCH,UNIT_SCADA,1,"2022/10/20 05:20:00",MP1,0
D,DISPATCH,UNIT_SCADA,1,"2022/10/20 05:20:00",MP2,522.041690
D,DISPATCH,UNIT_SCADA,1,"2022/10/20 05:20:00",MPP_1,193.274290
D,DISPATCH,UNIT_SCADA,1,"2022/10/20 05:20:00",MPP_2,0
D,DISPATCH,UNIT_SCADA,1,"2022/10/20 05:20:00",MRTLSWF1,0
D,DISPATCH,UNIT_SCADA,1,"2022/10/20 05:20:00",MSTUART1,0
D,DISPATCH,UNIT_SCADA,1,"2022/10/20 05:20:00",MSTUART2,0
D,DISPATCH,UNIT_SCADA,1,"2022/10/20 05:20:00",MSTUART3,0
D,DISPATCH,UNIT_SCADA,1,"2022/10/20 05:20:00",MTGELWF1,32.345040
D,DISPATCH,UNIT_SCADA,1,"2022/10/20 05:20:00",MTMILLAR,1.40
D,DISPATCH,UNIT_SCADA,1,"2022/10/20 05:20:00",MURRAY,76.50
D,DISPATCH,UNIT_SCADA,1,"2022/10/20 05:20:00",MUSSELR1,0
D,DISPATCH,UNIT_SCADA,1,"2022/10/20 05:20:00",MUWAWF1,186.48
D,DISPATCH,UNIT_SCADA,1,"2022/10/20 05:20:00",MUWAWF2,177.20
D,DISPATCH,UNIT_SCADA,1,"2022/10/20 05:20:00",MWPS1PV1,0
D,DISPATCH,UNIT_SCADA,1,"2022/10/20 05:20:00",MWPS2PV1,0
D,DISPATCH,UNIT_SCADA,1,"2022/10/20 05:20:00",MWPS3PV1,0
D,DISPATCH,UNIT_SCADA,1,"2022/10/20 05:20:00",MWPS4PV1,0
D,DISPATCH,UNIT_SCADA,1,"2022/10/20 05:20:00",NBHWF1,105.80
D,DISPATCH,UNIT_SCADA,1,"2022/10/20 05:20:00",NEVERSF1,0
D,DISPATCH,UNIT_SCADA,1,"2022/10/20 05:20:00",NPS,0
D,DISPATCH,UNIT_SCADA,1,"2022/10/20 05:20:00",NUMURSF1,0
D,DISPATCH,UNIT_SCADA,1,"2022/10/20 05:20:00",NYNGAN1,0
D,DISPATCH,UNIT_SCADA,1,"2022/10/20 05:20:00",OAKEY1,0
D,DISPATCH,UNIT_SCADA,1,"2022/10/20 05:20:00",OAKEY1SF,0
D,DISPATCH,UNIT_SCADA,1,"2022/10/20 05:20:00",OAKEY2,0
D,DISPATCH,UNIT_SCADA,1,"2022/10/20 05:20:00",OAKEY2SF,0
D,DISPATCH,UNIT_SCADA,1,"2022/10/20 05:20:00",OAKLAND1,26.60
D,DISPATCH,UNIT_SCADA,1,"2022/10/20 05:20:00",OSB-AG,0
D,DISPATCH,UNIT_SCADA,1,"2022/10/20 05:20:00",PAREPS1,0.0660
D,DISPATCH,UNIT_SCADA,1,"2022/10/20 05:20:00",PAREPW1,61.83
D,DISPATCH,UNIT_SCADA,1,"2022/10/20 05:20:00",PARSF1,0.001530
D,DISPATCH,UNIT_SCADA,1,"2022/10/20 05:20:00",POAT110,0
D,DISPATCH,UNIT_SCADA,1,"2022/10/20 05:20:00",POAT220,0
D,DISPATCH,UNIT_SCADA,1,"2022/10/20 05:20:00",POR01,0
D,DISPATCH,UNIT_SCADA,1,"2022/10/20 05:20:00",POR03,0
D,DISPATCH,UNIT_SCADA,1,"2022/10/20 05:20:00",PPCCGT,123.890430
D,DISPATCH,UNIT_SCADA,1,"2022/10/20 05:20:00",PTSTAN1,0
D,DISPATCH,UNIT_SCADA,1,"2022/10/20 05:20:00",PUMP1,0
D,DISPATCH,UNIT_SCADA,1,"2022/10/20 05:20:00",PUMP2,0
D,DISPATCH,UNIT_SCADA,1,"2022/10/20 05:20:00",QBYNBG1,0.0035
D,DISPATCH,UNIT_SCADA,1,"2022/10/20 05:20:00",QBYNBL1,0
D,DISPATCH,UNIT_SCADA,1,"2022/10/20 05:20:00",QPS1,0
D,DISPATCH,UNIT_SCADA,1,"2022/10/20 05:20:00",QPS2,0
D,DISPATCH,UNIT_SCADA,1,"2022/10/20 05:20:00",QPS3,0
D,DISPATCH,UNIT_SCADA,1,"2022/10/20 05:20:00",QPS4,0
D,DISPATCH,UNIT_SCADA,1,"2022/10/20 05:20:00",QPS5,73.01
D,DISPATCH,UNIT_SCADA,1,"2022/10/20 05:20:00",REECE1,0
D,DISPATCH,UNIT_SCADA,1,"2022/10/20 05:20:00",REECE2,73.000010
D,DISPATCH,UNIT_SCADA,1,"2022/10/20 05:20:00",ROMA_7,0
D,DISPATCH,UNIT_SCADA,1,"2022/10/20 05:20:00",ROMA_8,0
D,DISPATCH,UNIT_SCADA,1,"2022/10/20 05:20:00",RRSF1,0
D,DISPATCH,UNIT_SCADA,1,"2022/10/20 05:20:00",RT_NSW1,0
D,DISPATCH,UNIT_SCADA,1,"2022/10/20 05:20:00",RT_NSW2,0
D,DISPATCH,UNIT_SCADA,1,"2022/10/20 05:20:00",RT_NSW3,0
D,DISPATCH,UNIT_SCADA,1,"2022/10/20 05:20:00",RT_NSW4,0
D,DISPATCH,UNIT_SCADA,1,"2022/10/20 05:20:00",RT_NSW5,0
D,DISPATCH,UNIT_SCADA,1,"2022/10/20 05:20:00",RT_NSW6,0
D,DISPATCH,UNIT_SCADA,1,"2022/10/20 05:20:00",RT_QLD1,0
D,DISPATCH,UNIT_SCADA,1,"2022/10/20 05:20:00",RT_SA1,0
D,DISPATCH,UNIT_SCADA,1,"2022/10/20 05:20:00",RT_SA2,0
D,DISPATCH,UNIT_SCADA,1,"2022/10/20 05:20:00",RT_SA3,0
D,DISPATCH,UNIT_SCADA,1,"2022/10/20 05:20:00",RT_SA4,0
D,DISPATCH,UNIT_SCADA,1,"2022/10/20 05:20:00",RT_SA5,0
D,DISPATCH,UNIT_SCADA,1,"2022/10/20 05:20:00",RT_SA6,0
D,DISPATCH,UNIT_SCADA,1,"2022/10/20 05:20:00",RT_TAS1,0
D,DISPATCH,UNIT_SCADA,1,"2022/10/20 05:20:00",RT_VIC1,0
D,DISPATCH,UNIT_SCADA,1,"2022/10/20 05:20:00",RT_VIC10,0
D,DISPATCH,UNIT_SCADA,1,"2022/10/20 05:20:00",RT_VIC11,0
D,DISPATCH,UNIT_SCADA,1,"2022/10/20 05:20:00",RT_VIC12,0
D,DISPATCH,UNIT_SCADA,1,"2022/10/20 05:20:00",RT_VIC2,0
D,DISPATCH,UNIT_SCADA,1,"2022/10/20 05:20:00",RT_VIC3,0
D,DISPATCH,UNIT_SCADA,1,"2022/10/20 05:20:00",RT_VIC4,0
D,DISPATCH,UNIT_SCADA,1,"2022/10/20 05:20:00",RT_VIC5,0
D,DISPATCH,UNIT_SCADA,1,"2022/10/20 05:20:00",RT_VIC6,0
D,DISPATCH,UNIT_SCADA,1,"2022/10/20 05:20:00",RT_VIC7,0
D,DISPATCH,UNIT_SCADA,1,"2022/10/20 05:20:00",RT_VIC8,0
D,DISPATCH,UNIT_SCADA,1,"2022/10/20 05:20:00",RT_VIC9,0
D,DISPATCH,UNIT_SCADA,1,"2022/10/20 05:20:00",RUGBYR1,0
D,DISPATCH,UNIT_SCADA,1,"2022/10/20 05:20:00",SALTCRK1,16.09
D,DISPATCH,UNIT_SCADA,1,"2022/10/20 05:20:00",SAPHWF1,166.871140
D,DISPATCH,UNIT_SCADA,1,"2022/10/20 05:20:00",SEBSF1,0
D,DISPATCH,UNIT_SCADA,1,"2022/10/20 05:20:00",SHGEN,0
D,DISPATCH,UNIT_SCADA,1,"2022/10/20 05:20:00",SHPUMP,0
D,DISPATCH,UNIT_SCADA,1,"2022/10/20 05:20:00",SITHE01,0.153860
D,DISPATCH,UNIT_SCADA,1,"2022/10/20 05:20:00",SMCSF1,0
D,DISPATCH,UNIT_SCADA,1,"2022/10/20 05:20:00",SNAPPER1,0
D,DISPATCH,UNIT_SCADA,1,"2022/10/20 05:20:00",SNOWNTH1,138.900010
D,DISPATCH,UNIT_SCADA,1,"2022/10/20 05:20:00",SNOWSTH1,120.40
D,DISPATCH,UNIT_SCADA,1,"2022/10/20 05:20:00",SNOWTWN1,93.282630
D,DISPATCH,UNIT_SCADA,1,"2022/10/20 05:20:00",SNOWYP,0
D,DISPATCH,UNIT_SCADA,1,"2022/10/20 05:20:00",SNUG1,0
D,DISPATCH,UNIT_SCADA,1,"2022/10/20 05:20:00",SRSF1,0
D,DISPATCH,UNIT_SCADA,1,"2022/10/20 05:20:00",STAN-1,276.1467
D,DISPATCH,UNIT_SCADA,1,"2022/10/20 05:20:00",STAN-2,360.821080
D,DISPATCH,UNIT_SCADA,1,"2022/10/20 05:20:00",STAN-3,308.165560
D,DISPATCH,UNIT_SCADA,1,"2022/10/20 05:20:00",STAN-4,360.141720
D,DISPATCH,UNIT_SCADA,1,"2022/10/20 05:20:00",STARHLWF,16.595160
D,DISPATCH,UNIT_SCADA,1,"2022/10/20 05:20:00",STOCKYD1,253.45
D,DISPATCH,UNIT_SCADA,1,"2022/10/20 05:20:00",STWF1,72.703130
D,DISPATCH,UNIT_SCADA,1,"2022/10/20 05:20:00",SUNRSF1,0
D,DISPATCH,UNIT_SCADA,1,"2022/10/20 05:20:00",SUNTPSF1,0
D,DISPATCH,UNIT_SCADA,1,"2022/10/20 05:20:00",SWAN_E,241.660610
D,DISPATCH,UNIT_SCADA,1,"2022/10/20 05:20:00",TALWA1,0
D,DISPATCH,UNIT_SCADA,1,"2022/10/20 05:20:00",TARALGA1,0
D,DISPATCH,UNIT_SCADA,1,"2022/10/20 05:20:00",TARONG#1,275.899990
D,DISPATCH,UNIT_SCADA,1,"2022/10/20 05:20:00",TARONG#2,274.399990
D,DISPATCH,UNIT_SCADA,1,"2022/10/20 05:20:00",TARONG#3,0.90
D,DISPATCH,UNIT_SCADA,1,"2022/10/20 05:20:00",TARONG#4,187.20
D,DISPATCH,UNIT_SCADA,1,"2022/10/20 05:20:00",TARRALEA,54
D,DISPATCH,UNIT_SCADA,1,"2022/10/20 05:20:00",TBSF1,0
D,DISPATCH,UNIT_SCADA,1,"2022/10/20 05:20:00",TNPS1,347.8750
D,DISPATCH,UNIT_SCADA,1,"2022/10/20 05:20:00",TORRB1,0
D,DISPATCH,UNIT_SCADA,1,"2022/10/20 05:20:00",TORRB2,40
D,DISPATCH,UNIT_SCADA,1,"2022/10/20 05:20:00",TORRB3,0
D,DISPATCH,UNIT_SCADA,1,"2022/10/20 05:20:00",TORRB4,0
D,DISPATCH,UNIT_SCADA,1,"2022/10/20 05:20:00",TREVALLN,99.703210
D,DISPATCH,UNIT_SCADA,1,"2022/10/20 05:20:00",TRIBUTE,0
D,DISPATCH,UNIT_SCADA,1,"2022/10/20 05:20:00",TUMUT3,0
D,DISPATCH,UNIT_SCADA,1,"2022/10/20 05:20:00",TUNGATIN,4.340020
D,DISPATCH,UNIT_SCADA,1,"2022/10/20 05:20:00",TVCC201,0
D,DISPATCH,UNIT_SCADA,1,"2022/10/20 05:20:00",TVPP104,0
D,DISPATCH,UNIT_SCADA,1,"2022/10/20 05:20:00",UPPTUMUT,0
D,DISPATCH,UNIT_SCADA,1,"2022/10/20 05:20:00",URANQ11,0
D,DISPATCH,UNIT_SCADA,1,"2022/10/20 05:20:00",URANQ12,0
D,DISPATCH,UNIT_SCADA,1,"2022/10/20 05:20:00",URANQ13,0
D,DISPATCH,UNIT_SCADA,1,"2022/10/20 05:20:00",URANQ14,0
D,DISPATCH,UNIT_SCADA,1,"2022/10/20 05:20:00",VBBG1,8.30
D,DISPATCH,UNIT_SCADA,1,"2022/10/20 05:20:00",VBBL1,0
D,DISPATCH,UNIT_SCADA,1,"2022/10/20 05:20:00",VP5,588.714230
D,DISPATCH,UNIT_SCADA,1,"2022/10/20 05:20:00",VP6,590.740660
D,DISPATCH,UNIT_SCADA,1,"2022/10/20 05:20:00",VPGS1,0
D,DISPATCH,UNIT_SCADA,1,"2022/10/20 05:20:00",VPGS2,0
D,DISPATCH,UNIT_SCADA,1,"2022/10/20 05:20:00",VPGS3,0
D,DISPATCH,UNIT_SCADA,1,"2022/10/20 05:20:00",VPGS4,0
D,DISPATCH,UNIT_SCADA,1,"2022/10/20 05:20:00",VPGS5,0
D,DISPATCH,UNIT_SCADA,1,"2022/10/20 05:20:00",VPGS6,0
D,DISPATCH,UNIT_SCADA,1,"2022/10/20 05:20:00",W/HOE#1,0
D,DISPATCH,UNIT_SCADA,1,"2022/10/20 05:20:00",W/HOE#2,0
D,DISPATCH,UNIT_SCADA,1,"2022/10/20 05:20:00",WAGGNSF1,0
D,DISPATCH,UNIT_SCADA,1,"2022/10/20 05:20:00",WALGRVG1,0.000930
D,DISPATCH,UNIT_SCADA,1,"2022/10/20 05:20:00",WALGRVL1,0
D,DISPATCH,UNIT_SCADA,1,"2022/10/20 05:20:00",WANDBG1,0
D,DISPATCH,UNIT_SCADA,1,"2022/10/20 05:20:00",WANDBL1,1.405920
D,DISPATCH,UNIT_SCADA,1,"2022/10/20 05:20:00",WARWSF1,0
D,DISPATCH,UNIT_SCADA,1,"2022/10/20 05:20:00",WARWSF2,0
D,DISPATCH,UNIT_SCADA,1,"2022/10/20 05:20:00",WATERLWF,92.10
D,DISPATCH,UNIT_SCADA,1,"2022/10/20 05:20:00",WDGPH1,0
D,DISPATCH,UNIT_SCADA,1,"2022/10/20 05:20:00",WELLSF1,0
D,DISPATCH,UNIT_SCADA,1,"2022/10/20 05:20:00",WEMENSF1,0
D,DISPATCH,UNIT_SCADA,1,"2022/10/20 05:20:00",WGWF1,95.60
D,DISPATCH,UNIT_SCADA,1,"2022/10/20 05:20:00",WHITSF1,0
D,DISPATCH,UNIT_SCADA,1,"2022/10/20 05:20:00",WINTSF1,0
D,DISPATCH,UNIT_SCADA,1,"2022/10/20 05:20:00",WKIEWA1,33.70
D,DISPATCH,UNIT_SCADA,1,"2022/10/20 05:20:00",WKIEWA2,33.70
D,DISPATCH,UNIT_SCADA,1,"2022/10/20 05:20:00",WOODLWN1,15.429430
D,DISPATCH,UNIT_SCADA,1,"2022/10/20 05:20:00",WOOLGSF1,0
D,DISPATCH,UNIT_SCADA,1,"2022/10/20 05:20:00",WPWF,71.99
D,DISPATCH,UNIT_SCADA,1,"2022/10/20 05:20:00",WRSF1,0
D,DISPATCH,UNIT_SCADA,1,"2022/10/20 05:20:00",WRWF1,40.849620
D,DISPATCH,UNIT_SCADA,1,"2022/10/20 05:20:00",WSTWYSF1,0
D,DISPATCH,UNIT_SCADA,1,"2022/10/20 05:20:00",YABULU,0
D,DISPATCH,UNIT_SCADA,1,"2022/10/20 05:20:00",YABULU2,0
D,DISPATCH,UNIT_SCADA,1,"2022/10/20 05:20:00",YARANSF1,0
D,DISPATCH,UNIT_SCADA,1,"2022/10/20 05:20:00",YARWUN_1,129.20
D,DISPATCH,UNIT_SCADA,1,"2022/10/20 05:20:00",YATSF1,0
D,DISPATCH,UNIT_SCADA,1,"2022/10/20 05:20:00",YENDWF1,33.83
D,DISPATCH,UNIT_SCADA,1,"2022/10/20 05:20:00",YWPS1,363.908870
D,DISPATCH,UNIT_SCADA,1,"2022/10/20 05:20:00",YWPS2,288.217710
D,DISPATCH,UNIT_SCADA,1,"2022/10/20 05:20:00",YWPS3,358.259490
D,DISPATCH,UNIT_SCADA,1,"2022/10/20 05:20:00",YWPS4,0
C,"END OF REPORT",419
