C,NEMP.WORLD,DISPATCHSCADA,AEMO,PUBLIC,2022/10/20,18:40:10,0000000373273920,DISPATCHSCADA,0000000373273914
I,DISPATCH,UNIT_SCADA,1,SETTLEMENTDATE,DUID,SCADAVALUE
D,DISPATCH,UNIT_SCADA,1,"2022/10/20 18:45:00",BARCSF1,0.10
D,DISPATCH,UNIT_SCADA,1,"2022/10/20 18:45:00",BUTLERSG,8.699999
D,DISPATCH,UNIT_SCADA,1,"2022/10/20 18:45:00",CAPTL_WF,76.676956
D,DISPATCH,UNIT_SCADA,1,"2022/10/20 18:45:00",CHALLHWF,6.10
D,DISPATCH,UNIT_SCADA,1,"2022/10/20 18:45:00",CLOVER,13.09
D,DISPATCH,UNIT_SCADA,1,"2022/10/20 18:45:00",CLUNY,6.386358
D,DISPATCH,UNIT_SCADA,1,"2022/10/20 18:45:00",CULLRGWF,-0.05
D,DISPATCH,UNIT_SCADA,1,"2022/10/20 18:45:00",DIAPURWF1,1.40
D,DISPATCH,UNIT_SCADA,1,"2022/10/20 18:45:00",ERGT01,0
D,DISPATCH,UNIT_SCADA,1,"2022/10/20 18:45:00",GB01,0
D,DISPATCH,UNIT_SCADA,1,"2022/10/20 18:45:00",GERMCRK,20.10
D,DISPATCH,UNIT_SCADA,1,"2022/10/20 18:45:00",GRIFSF1,0.001526
D,DISPATCH,UNIT_SCADA,1,"2022/10/20 18:45:00",HEZ1,0
D,DISPATCH,UNIT_SCADA,1,"2022/10/20 18:45:00",HUGSF1,-0.0420
D,DISPATCH,UNIT_SCADA,1,"2022/10/20 18:45:00",KEPBG1,2.01
D,DISPATCH,UNIT_SCADA,1,"2022/10/20 18:45:00",LRSF1,0.0110
D,DISPATCH,UNIT_SCADA,1,"2022/10/20 18:45:00",MBAHNTH,43.743744
D,DISPATCH,UNIT_SCADA,1,"2022/10/20 18:45:00",MLSP1,0
D,DISPATCH,UNIT_SCADA,1,"2022/10/20 18:45:00",MLWF1,6.72
D,DISPATCH,UNIT_SCADA,1,"2022/10/20 18:45:00",PALOONA,30.699999
D,DISPATCH,UNIT_SCADA,1,"2022/10/20 18:45:00",PIONEER,37.400002
D,DISPATCH,UNIT_SCADA,1,"2022/10/20 18:45:00",PORTWF,39.200001
D,DISPATCH,UNIT_SCADA,1,"2022/10/20 18:45:00",REPULSE,9.740749
D,DISPATCH,UNIT_SCADA,1,"2022/10/20 18:45:00",ROWALLAN,8.910501
D,DISPATCH,UNIT_SCADA,1,"2022/10/20 18:45:00",ROYALLA1,0
D,DISPATCH,UNIT_SCADA,1,"2022/10/20 18:45:00",RPCG,-1.80
D,DISPATCH,UNIT_SCADA,1,"2022/10/20 18:45:00",RUBICON,0
D,DISPATCH,UNIT_SCADA,1,"2022/10/20 18:45:00",WAUBRAWF,74.885002
D,DISPATCH,UNIT_SCADA,1,"2022/10/20 18:45:00",WOOLNTH1,99.139999
D,DISPATCH,UNIT_SCADA,1,"2022/10/20 18:45:00",YAMBUKWF,5.30
D,DISPATCH,UNIT_SCADA,1,"2022/10/20 18:45:00",YSWF1,1.80
D,DISPATCH,UNIT_SCADA,1,"2022/10/20 18:45:00",ADPBA1G,0.0080
D,DISPATCH,UNIT_SCADA,1,"2022/10/20 18:45:00",ADPBA1L,0
D,DISPATCH,UNIT_SCADA,1,"2022/10/20 18:45:00",ADPPV1,0.2530
D,DISPATCH,UNIT_SCADA,1,"2022/10/20 18:45:00",AGLHAL,30.823710
D,DISPATCH,UNIT_SCADA,1,"2022/10/20 18:45:00",AGLSOM,0
D,DISPATCH,UNIT_SCADA,1,"2022/10/20 18:45:00",ANGAST1,0
D,DISPATCH,UNIT_SCADA,1,"2022/10/20 18:45:00",ARWF1,56.70
D,DISPATCH,UNIT_SCADA,1,"2022/10/20 18:45:00",BALBG1,0
D,DISPATCH,UNIT_SCADA,1,"2022/10/20 18:45:00",BALBL1,0
D,DISPATCH,UNIT_SCADA,1,"2022/10/20 18:45:00",BALDHWF1,103.384990
D,DISPATCH,UNIT_SCADA,1,"2022/10/20 18:45:00",BANGOWF1,81.395290
D,DISPATCH,UNIT_SCADA,1,"2022/10/20 18:45:00",BANGOWF2,59
D,DISPATCH,UNIT_SCADA,1,"2022/10/20 18:45:00",BANN1,0.51
D,DISPATCH,UNIT_SCADA,1,"2022/10/20 18:45:00",BARCALDN,0
D,DISPATCH,UNIT_SCADA,1,"2022/10/20 18:45:00",BARKIPS1,188.17
D,DISPATCH,UNIT_SCADA,1,"2022/10/20 18:45:00",BARRON-1,27.84
D,DISPATCH,UNIT_SCADA,1,"2022/10/20 18:45:00",BARRON-2,28.12
D,DISPATCH,UNIT_SCADA,1,"2022/10/20 18:45:00",BASTYAN,68.820010
D,DISPATCH,UNIT_SCADA,1,"2022/10/20 18:45:00",BBTHREE1,0
D,DISPATCH,UNIT_SCADA,1,"2022/10/20 18:45:00",BBTHREE2,0
D,DISPATCH,UNIT_SCADA,1,"2022/10/20 18:45:00",BBTHREE3,-1.03
D,DISPATCH,UNIT_SCADA,1,"2022/10/20 18:45:00",BDL01,0
D,DISPATCH,UNIT_SCADA,1,"2022/10/20 18:45:00",BDL02,0
D,DISPATCH,UNIT_SCADA,1,"2022/10/20 18:45:00",BERYLSF1,0
D,DISPATCH,UNIT_SCADA,1,"2022/10/20 18:45:00",BLOWERNG,62.60
D,DISPATCH,UNIT_SCADA,1,"2022/10/20 18:45:00",BLUEGSF1,0
D,DISPATCH,UNIT_SCADA,1,"2022/10/20 18:45:00",BLUFF1,1.10
D,DISPATCH,UNIT_SCADA,1,"2022/10/20 18:45:00",BNGSF1,5.26
D,DISPATCH,UNIT_SCADA,1,"2022/10/20 18:45:00",BNGSF2,2.91
D,DISPATCH,UNIT_SCADA,1,"2022/10/20 18:45:00",BOCORWF1,53.26
D,DISPATCH,UNIT_SCADA,1,"2022/10/20 18:45:00",BODWF1,112.172140
D,DISPATCH,UNIT_SCADA,1,"2022/10/20 18:45:00",BOMENSF1,0
D,DISPATCH,UNIT_SCADA,1,"2022/10/20 18:45:00",BOWWBA1G,0
D,DISPATCH,UNIT_SCADA,1,"2022/10/20 18:45:00",BOWWBA1L,0.0030
D,DISPATCH,UNIT_SCADA,1,"2022/10/20 18:45:00",BOWWPV1,0
D,DISPATCH,UNIT_SCADA,1,"2022/10/20 18:45:00",BRAEMAR1,0
D,DISPATCH,UNIT_SCADA,1,"2022/10/20 18:45:00",BRAEMAR2,0
D,DISPATCH,UNIT_SCADA,1,"2022/10/20 18:45:00",BRAEMAR3,0
D,DISPATCH,UNIT_SCADA,1,"2022/10/20 18:45:00",BRAEMAR5,141.9306
D,DISPATCH,UNIT_SCADA,1,"2022/10/20 18:45:00",BRAEMAR6,0
D,DISPATCH,UNIT_SCADA,1,"2022/10/20 18:45:00",BRAEMAR7,152.726720
D,DISPATCH,UNIT_SCADA,1,"2022/10/20 18:45:00",BROKENH1,0
D,DISPATCH,UNIT_SCADA,1,"2022/10/20 18:45:00",BRYB1WF1,82.993820
D,DISPATCH,UNIT_SCADA,1,"2022/10/20 18:45:00",BULBESG1,0
D,DISPATCH,UNIT_SCADA,1,"2022/10/20 18:45:00",BULBESL1,0.03
D,DISPATCH,UNIT_SCADA,1,"2022/10/20 18:45:00",BULGANA1,74.02
D,DISPATCH,UNIT_SCADA,1,"2022/10/20 18:45:00",BW01,652.8786
D,DISPATCH,UNIT_SCADA,1,"2022/10/20 18:45:00",BW02,632.639040
D,DISPATCH,UNIT_SCADA,1,"2022/10/20 18:45:00",BW03,604.3183
D,DISPATCH,UNIT_SCADA,1,"2022/10/20 18:45:00",BW04,0
D,DISPATCH,UNIT_SCADA,1,"2022/10/20 18:45:00",CALL_B_1,315.700010
D,DISPATCH,UNIT_SCADA,1,"2022/10/20 18:45:00",CALL_B_2,315
D,DISPATCH,UNIT_SCADA,1,"2022/10/20 18:45:00",CATHROCK,7.50
D,DISPATCH,UNIT_SCADA,1,"2022/10/20 18:45:00",CBWWBA1G,0
D,DISPATCH,UNIT_SCADA,1,"2022/10/20 18:45:00",CBWWBA1L,0
D,DISPATCH,UNIT_SCADA,1,"2022/10/20 18:45:00",CETHANA,97.9450
D,DISPATCH,UNIT_SCADA,1,"2022/10/20 18:45:00",CG1,0
D,DISPATCH,UNIT_SCADA,1,"2022/10/20 18:45:00",CG2,0
D,DISPATCH,UNIT_SCADA,1,"2022/10/20 18:45:00",CG3,0
D,DISPATCH,UNIT_SCADA,1,"2022/10/20 18:45:00",CG4,0
D,DISPATCH,UNIT_SCADA,1,"2022/10/20 18:45:00",CHILDSF1,0
D,DISPATCH,UNIT_SCADA,1,"2022/10/20 18:45:00",CHYTWF1,11.73
D,DISPATCH,UNIT_SCADA,1,"2022/10/20 18:45:00",CLARESF1,0
D,DISPATCH,UNIT_SCADA,1,"2022/10/20 18:45:00",CLEMGPWF,9.148450
D,DISPATCH,UNIT_SCADA,1,"2022/10/20 18:45:00",CLERMSF1,0
D,DISPATCH,UNIT_SCADA,1,"2022/10/20 18:45:00",CNUNDAWF,11.9139
D,DISPATCH,UNIT_SCADA,1,"2022/10/20 18:45:00",COHUNSF1,0
D,DISPATCH,UNIT_SCADA,1,"2022/10/20 18:45:00",COLEASF1,0
D,DISPATCH,UNIT_SCADA,1,"2022/10/20 18:45:00",COLUMSF1,0
D,DISPATCH,UNIT_SCADA,1,"2022/10/20 18:45:00",COLWF01,108.439760
D,DISPATCH,UNIT_SCADA,1,"2022/10/20 18:45:00",COOPGWF1,353.609990
D,DISPATCH,UNIT_SCADA,1,"2022/10/20 18:45:00",CPP_3,365.475010
D,DISPATCH,UNIT_SCADA,1,"2022/10/20 18:45:00",CPP_4,0
D,DISPATCH,UNIT_SCADA,1,"2022/10/20 18:45:00",CPSA,0
D,DISPATCH,UNIT_SCADA,1,"2022/10/20 18:45:00",CROOKWF2,40.9131
D,DISPATCH,UNIT_SCADA,1,"2022/10/20 18:45:00",CROWLWF1,29.604860
D,DISPATCH,UNIT_SCADA,1,"2022/10/20 18:45:00",CRURWF1,124.197530
D,DISPATCH,UNIT_SCADA,1,"2022/10/20 18:45:00",CRWASF1,0.015070
D,DISPATCH,UNIT_SCADA,1,"2022/10/20 18:45:00",CSPVPS1,0
D,DISPATCH,UNIT_SCADA,1,"2022/10/20 18:45:00",CTHLWF1,0.003050
D,DISPATCH,UNIT_SCADA,1,"2022/10/20 18:45:00",DALNTH01,5.015630
D,DISPATCH,UNIT_SCADA,1,"2022/10/20 18:45:00",DALNTHL1,0
D,DISPATCH,UNIT_SCADA,1,"2022/10/20 18:45:00",DARLSF1,0
D,DISPATCH,UNIT_SCADA,1,"2022/10/20 18:45:00",DARTM1,0
D,DISPATCH,UNIT_SCADA,1,"2022/10/20 18:45:00",DAYDSF1,0
D,DISPATCH,UNIT_SCADA,1,"2022/10/20 18:45:00",DDPS1,0
D,DISPATCH,UNIT_SCADA,1,"2022/10/20 18:45:00",DDSF1,0
D,DISPATCH,UNIT_SCADA,1,"2022/10/20 18:45:00",DEVILS_G,59.459820
D,DISPATCH,UNIT_SCADA,1,"2022/10/20 18:45:00",DG_NSW1,0
D,DISPATCH,UNIT_SCADA,1,"2022/10/20 18:45:00",DG_QLD1,0
D,DISPATCH,UNIT_SCADA,1,"2022/10/20 18:45:00",DG_SA1,0
D,DISPATCH,UNIT_SCADA,1,"2022/10/20 18:45:00",DG_TAS1,0
D,DISPATCH,UNIT_SCADA,1,"2022/10/20 18:45:00",DG_VIC1,0
D,DISPATCH,UNIT_SCADA,1,"2022/10/20 18:45:00",DRYCGT1,0
D,DISPATCH,UNIT_SCADA,1,"2022/10/20 18:45:00",DRYCGT2,0
D,DISPATCH,UNIT_SCADA,1,"2022/10/20 18:45:00",DRYCGT3,0
D,DISPATCH,UNIT_SCADA,1,"2022/10/20 18:45:00",DUNDWF1,74.10
D,DISPATCH,UNIT_SCADA,1,"2022/10/20 18:45:00",DUNDWF2,17.13
D,DISPATCH,UNIT_SCADA,1,"2022/10/20 18:45:00",DUNDWF3,63.95
D,DISPATCH,UNIT_SCADA,1,"2022/10/20 18:45:00",EILDON1,59.92
D,DISPATCH,UNIT_SCADA,1,"2022/10/20 18:45:00",EILDON2,60.12
D,DISPATCH,UNIT_SCADA,1,"2022/10/20 18:45:00",ELAINWF1,11.59
D,DISPATCH,UNIT_SCADA,1,"2022/10/20 18:45:00",EMERASF1,0
D,DISPATCH,UNIT_SCADA,1,"2022/10/20 18:45:00",ER01,0
D,DISPATCH,UNIT_SCADA,1,"2022/10/20 18:45:00",ER02,534.0780
D,DISPATCH,UNIT_SCADA,1,"2022/10/20 18:45:00",ER03,635.324650
D,DISPATCH,UNIT_SCADA,1,"2022/10/20 18:45:00",ER04,697.068730
D,DISPATCH,UNIT_SCADA,1,"2022/10/20 18:45:00",FINLYSF1,0
D,DISPATCH,UNIT_SCADA,1,"2022/10/20 18:45:00",FISHER,43.83
D,DISPATCH,UNIT_SCADA,1,"2022/10/20 18:45:00",GANGARR1,0
D,DISPATCH,UNIT_SCADA,1,"2022/10/20 18:45:00",GANNBG1,17.857790
D,DISPATCH,UNIT_SCADA,1,"2022/10/20 18:45:00",GANNBL1,0
D,DISPATCH,UNIT_SCADA,1,"2022/10/20 18:45:00",GANNSF1,0
D,DISPATCH,UNIT_SCADA,1,"2022/10/20 18:45:00",GLRWNSF1,0.08
D,DISPATCH,UNIT_SCADA,1,"2022/10/20 18:45:00",GNNDHSF1,0
D,DISPATCH,UNIT_SCADA,1,"2022/10/20 18:45:00",GOONSF1,0
D,DISPATCH,UNIT_SCADA,1,"2022/10/20 18:45:00",GORDON,254.719770
D,DISPATCH,UNIT_SCADA,1,"2022/10/20 18:45:00",GRANWF1,0
D,DISPATCH,UNIT_SCADA,1,"2022/10/20 18:45:00",GSTONE1,220.6750
D,DISPATCH,UNIT_SCADA,1,"2022/10/20 18:45:00",GSTONE2,0
D,DISPATCH,UNIT_SCADA,1,"2022/10/20 18:45:00",GSTONE3,217.1750
D,DISPATCH,UNIT_SCADA,1,"2022/10/20 18:45:00",GSTONE4,0
D,DISPATCH,UNIT_SCADA,1,"2022/10/20 18:45:00",GSTONE5,219.974990
D,DISPATCH,UNIT_SCADA,1,"2022/10/20 18:45:00",GSTONE6,220.50
D,DISPATCH,UNIT_SCADA,1,"2022/10/20 18:45:00",GULLRSF1,0
D,DISPATCH,UNIT_SCADA,1,"2022/10/20 18:45:00",GULLRWF1,85.3937
D,DISPATCH,UNIT_SCADA,1,"2022/10/20 18:45:00",GULLRWF2,107.277030
D,DISPATCH,UNIT_SCADA,1,"2022/10/20 18:45:00",GUNNING1,0
D,DISPATCH,UNIT_SCADA,1,"2022/10/20 18:45:00",GUTHEGA,67.20
D,DISPATCH,UNIT_SCADA,1,"2022/10/20 18:45:00",HALLWF1,3.93
D,DISPATCH,UNIT_SCADA,1,"2022/10/20 18:45:00",HALLWF2,3.59
D,DISPATCH,UNIT_SCADA,1,"2022/10/20 18:45:00",HAMISF1,0
D,DISPATCH,UNIT_SCADA,1,"2022/10/20 18:45:00",HAUGHT11,0
D,DISPATCH,UNIT_SCADA,1,"2022/10/20 18:45:00",HAYMSF1,0
D,DISPATCH,UNIT_SCADA,1,"2022/10/20 18:45:00",HDWF1,9.10
D,DISPATCH,UNIT_SCADA,1,"2022/10/20 18:45:00",HDWF2,8.40
D,DISPATCH,UNIT_SCADA,1,"2022/10/20 18:45:00",HDWF3,10
D,DISPATCH,UNIT_SCADA,1,"2022/10/20 18:45:00",HILLSTN1,0
D,DISPATCH,UNIT_SCADA,1,"2022/10/20 18:45:00",HPRG1,0
D,DISPATCH,UNIT_SCADA,1,"2022/10/20 18:45:00",HPRL1,3.90
D,DISPATCH,UNIT_SCADA,1,"2022/10/20 18:45:00",HUMENSW,55.518060
D,DISPATCH,UNIT_SCADA,1,"2022/10/20 18:45:00",HUMEV,0
D,DISPATCH,UNIT_SCADA,1,"2022/10/20 18:45:00",HVWWBA1G,0
D,DISPATCH,UNIT_SCADA,1,"2022/10/20 18:45:00",HVWWBA1L,0.0070
D,DISPATCH,UNIT_SCADA,1,"2022/10/20 18:45:00",HVWWPV1,0.1150
D,DISPATCH,UNIT_SCADA,1,"2022/10/20 18:45:00",JBUTTERS,69.312110
D,DISPATCH,UNIT_SCADA,1,"2022/10/20 18:45:00",JEMALNG1,0
D,DISPATCH,UNIT_SCADA,1,"2022/10/20 18:45:00",JLA01,0
D,DISPATCH,UNIT_SCADA,1,"2022/10/20 18:45:00",JLA02,0
D,DISPATCH,UNIT_SCADA,1,"2022/10/20 18:45:00",JLA03,0
D,DISPATCH,UNIT_SCADA,1,"2022/10/20 18:45:00",JLA04,0
D,DISPATCH,UNIT_SCADA,1,"2022/10/20 18:45:00",JLB01,0
D,DISPATCH,UNIT_SCADA,1,"2022/10/20 18:45:00",JLB02,0.10
D,DISPATCH,UNIT_SCADA,1,"2022/10/20 18:45:00",JLB03,0
D,DISPATCH,UNIT_SCADA,1,"2022/10/20 18:45:00",JUNEESF1,0
D,DISPATCH,UNIT_SCADA,1,"2022/10/20 18:45:00",KABANWF1,0.5970
D,DISPATCH,UNIT_SCADA,1,"2022/10/20 18:45:00",KAREEYA1,0
D,DISPATCH,UNIT_SCADA,1,"2022/10/20 18:45:00",KAREEYA2,0
D,DISPATCH,UNIT_SCADA,1,"2022/10/20 18:45:00",KAREEYA3,4.6350
D,DISPATCH,UNIT_SCADA,1,"2022/10/20 18:45:00",KAREEYA4,0
D,DISPATCH,UNIT_SCADA,1,"2022/10/20 18:45:00",KARSF1,0.40
D,DISPATCH,UNIT_SCADA,1,"2022/10/20 18:45:00",KEPSF1,0
D,DISPATCH,UNIT_SCADA,1,"2022/10/20 18:45:00",KEPWF1,7.71
D,DISPATCH,UNIT_SCADA,1,"2022/10/20 18:45:00",KIAMSF1,0
D,DISPATCH,UNIT_SCADA,1,"2022/10/20 18:45:00",KIATAWF1,4.20
D,DISPATCH,UNIT_SCADA,1,"2022/10/20 18:45:00",KPP_1,0
D,DISPATCH,UNIT_SCADA,1,"2022/10/20 18:45:00",KSP1,0
D,DISPATCH,UNIT_SCADA,1,"2022/10/20 18:45:00",LADBROK1,0.01
D,DISPATCH,UNIT_SCADA,1,"2022/10/20 18:45:00",LADBROK2,0.02
D,DISPATCH,UNIT_SCADA,1,"2022/10/20 18:45:00",LBBG1,0
D,DISPATCH,UNIT_SCADA,1,"2022/10/20 18:45:00",LBBL1,3.15
D,DISPATCH,UNIT_SCADA,1,"2022/10/20 18:45:00",LD01,375.084690
D,DISPATCH,UNIT_SCADA,1,"2022/10/20 18:45:00",LD02,37.812430
D,DISPATCH,UNIT_SCADA,1,"2022/10/20 18:45:00",LD04,308.963290
D,DISPATCH,UNIT_SCADA,1,"2022/10/20 18:45:00",LEM_WIL,86.683790
D,DISPATCH,UNIT_SCADA,1,"2022/10/20 18:45:00",LGAPWF1,67.89
D,DISPATCH,UNIT_SCADA,1,"2022/10/20 18:45:00",LGAPWF2,50.28
D,DISPATCH,UNIT_SCADA,1,"2022/10/20 18:45:00",LILYSF1,0
D,DISPATCH,UNIT_SCADA,1,"2022/10/20 18:45:00",LIMOSF11,0.679790
D,DISPATCH,UNIT_SCADA,1,"2022/10/20 18:45:00",LIMOSF21,0
D,DISPATCH,UNIT_SCADA,1,"2022/10/20 18:45:00",LI_WY_CA,62.312030
D,DISPATCH,UNIT_SCADA,1,"2022/10/20 18:45:00",LKBONNY1,20.541170
D,DISPATCH,UNIT_SCADA,1,"2022/10/20 18:45:00",LKBONNY2,40.462570
D,DISPATCH,UNIT_SCADA,1,"2022/10/20 18:45:00",LKBONNY3,8.150020
D,DISPATCH,UNIT_SCADA,1,"2022/10/20 18:45:00",LK_ECHO,0
D,DISPATCH,UNIT_SCADA,1,"2022/10/20 18:45:00",LNGS1,0
D,DISPATCH,UNIT_SCADA,1,"2022/10/20 18:45:00",LNGS2,0
D,DISPATCH,UNIT_SCADA,1,"2022/10/20 18:45:00",LONSDALE,0
D,DISPATCH,UNIT_SCADA,1,"2022/10/20 18:45:00",LOYYB1,576.691160
D,DISPATCH,UNIT_SCADA,1,"2022/10/20 18:45:00",LOYYB2,571.427860
D,DISPATCH,UNIT_SCADA,1,"2022/10/20 18:45:00",LYA1,552
D,DISPATCH,UNIT_SCADA,1,"2022/10/20 18:45:00",LYA2,0
D,DISPATCH,UNIT_SCADA,1,"2022/10/20 18:45:00",LYA3,551
D,DISPATCH,UNIT_SCADA,1,"2022/10/20 18:45:00",LYA4,552
D,DISPATCH,UNIT_SCADA,1,"2022/10/20 18:45:00",MACARTH1,51.498810
D,DISPATCH,UNIT_SCADA,1,"2022/10/20 18:45:00",MACKNTSH,73.500010
D,DISPATCH,UNIT_SCADA,1,"2022/10/20 18:45:00",MANSLR1,0
D,DISPATCH,UNIT_SCADA,1,"2022/10/20 18:45:00",MAPS2PV1,0
D,DISPATCH,UNIT_SCADA,1,"2022/10/20 18:45:00",MAPS3PV1,0
D,DISPATCH,UNIT_SCADA,1,"2022/10/20 18:45:00",MARYRSF1,0
D,DISPATCH,UNIT_SCADA,1,"2022/10/20 18:45:00",MBPS2PV1,0
D,DISPATCH,UNIT_SCADA,1,"2022/10/20 18:45:00",MCKAY1,216.28
D,DISPATCH,UNIT_SCADA,1,"2022/10/20 18:45:00",MEADOWBK,19.8631
D,DISPATCH,UNIT_SCADA,1,"2022/10/20 18:45:00",MERCER01,13.90
D,DISPATCH,UNIT_SCADA,1,"2022/10/20 18:45:00",METZSF1,0
D,DISPATCH,UNIT_SCADA,1,"2022/10/20 18:45:00",MEWF1,18.808830
D,DISPATCH,UNIT_SCADA,1,"2022/10/20 18:45:00",MIDDLSF1,0
D,DISPATCH,UNIT_SCADA,1,"2022/10/20 18:45:00",MINTARO,0.128180
D,DISPATCH,UNIT_SCADA,1,"2022/10/20 18:45:00",MOLNGSF1,0
D,DISPATCH,UNIT_SCADA,1,"2022/10/20 18:45:00",MOORAWF1,11.14
D,DISPATCH,UNIT_SCADA,1,"2022/10/20 18:45:00",MOREESF1,0
D,DISPATCH,UNIT_SCADA,1,"2022/10/20 18:45:00",MORTLK11,0
D,DISPATCH,UNIT_SCADA,1,"2022/10/20 18:45:00",MORTLK12,0
D,DISPATCH,UNIT_SCADA,1,"2022/10/20 18:45:00",MOUSF1,0
D,DISPATCH,UNIT_SCADA,1,"2022/10/20 18:45:00",MP1,0
D,DISPATCH,UNIT_SCADA,1,"2022/10/20 18:45:00",MP2,631.735720
D,DISPATCH,UNIT_SCADA,1,"2022/10/20 18:45:00",MPP_1,183.966130
D,DISPATCH,UNIT_SCADA,1,"2022/10/20 18:45:00",MPP_2,175.466690
D,DISPATCH,UNIT_SCADA,1,"2022/10/20 18:45:00",MRTLSWF1,0
D,DISPATCH,UNIT_SCADA,1,"2022/10/20 18:45:00",MSTUART1,0
D,DISPATCH,UNIT_SCADA,1,"2022/10/20 18:45:00",MSTUART2,0
D,DISPATCH,UNIT_SCADA,1,"2022/10/20 18:45:00",MSTUART3,0
D,DISPATCH,UNIT_SCADA,1,"2022/10/20 18:45:00",MTGELWF1,56.196780
D,DISPATCH,UNIT_SCADA,1,"2022/10/20 18:45:00",MTMILLAR,19.60
D,DISPATCH,UNIT_SCADA,1,"2022/10/20 18:45:00",MURRAY,457.200010
D,DISPATCH,UNIT_SCADA,1,"2022/10/20 18:45:00",MUSSELR1,3.50
D,DISPATCH,UNIT_SCADA,1,"2022/10/20 18:45:00",MUWAWF1,7.11
D,DISPATCH,UNIT_SCADA,1,"2022/10/20 18:45:00",MUWAWF2,14.80
D,DISPATCH,UNIT_SCADA,1,"2022/10/20 18:45:00",MWPS1PV1,0.09
D,DISPATCH,UNIT_SCADA,1,"2022/10/20 18:45:00",MWPS2PV1,0.01
D,DISPATCH,UNIT_SCADA,1,"2022/10/20 18:45:00",MWPS3PV1,0.01
D,DISPATCH,UNIT_SCADA,1,"2022/10/20 18:45:00",MWPS4PV1,0.14
D,DISPATCH,UNIT_SCADA,1,"2022/10/20 18:45:00",NBHWF1,3.10
D,DISPATCH,UNIT_SCADA,1,"2022/10/20 18:45:00",NEVERSF1,0
D,DISPATCH,UNIT_SCADA,1,"2022/10/20 18:45:00",NPS,0
D,DISPATCH,UNIT_SCADA,1,"2022/10/20 18:45:00",NUMURSF1,0
D,DISPATCH,UNIT_SCADA,1,"2022/10/20 18:45:00",NYNGAN1,0
D,DISPATCH,UNIT_SCADA,1,"2022/10/20 18:45:00",OAKEY1,126.544350
D,DISPATCH,UNIT_SCADA,1,"2022/10/20 18:45:00",OAKEY1SF,0
D,DISPATCH,UNIT_SCADA,1,"2022/10/20 18:45:00",OAKEY2,0
D,DISPATCH,UNIT_SCADA,1,"2022/10/20 18:45:00",OAKEY2SF,0
D,DISPATCH,UNIT_SCADA,1,"2022/10/20 18:45:00",OAKLAND1,24.40
D,DISPATCH,UNIT_SCADA,1,"2022/10/20 18:45:00",OSB-AG,176.98
D,DISPATCH,UNIT_SCADA,1,"2022/10/20 18:45:00",PAREPS1,0
D,DISPATCH,UNIT_SCADA,1,"2022/10/20 18:45:00",PAREPW1,152.069990
D,DISPATCH,UNIT_SCADA,1,"2022/10/20 18:45:00",PARSF1,0.001530
D,DISPATCH,UNIT_SCADA,1,"2022/10/20 18:45:00",POAT110,3.01
D,DISPATCH,UNIT_SCADA,1,"2022/10/20 18:45:00",POAT220,0
D,DISPATCH,UNIT_SCADA,1,"2022/10/20 18:45:00",POR01,0.045290
D,DISPATCH,UNIT_SCADA,1,"2022/10/20 18:45:00",POR03,0
D,DISPATCH,UNIT_SCADA,1,"2022/10/20 18:45:00",PPCCGT,190.329730
D,DISPATCH,UNIT_SCADA,1,"2022/10/20 18:45:00",PTSTAN1,0
D,DISPATCH,UNIT_SCADA,1,"2022/10/20 18:45:00",PUMP1,0
D,DISPATCH,UNIT_SCADA,1,"2022/10/20 18:45:00",PUMP2,0
D,DISPATCH,UNIT_SCADA,1,"2022/10/20 18:45:00",QBYNBG1,0.0055
D,DISPATCH,UNIT_SCADA,1,"2022/10/20 18:45:00",QBYNBL1,0
D,DISPATCH,UNIT_SCADA,1,"2022/10/20 18:45:00",QPS1,0
D,DISPATCH,UNIT_SCADA,1,"2022/10/20 18:45:00",QPS2,0
D,DISPATCH,UNIT_SCADA,1,"2022/10/20 18:45:00",QPS3,0
D,DISPATCH,UNIT_SCADA,1,"2022/10/20 18:45:00",QPS4,0
D,DISPATCH,UNIT_SCADA,1,"2022/10/20 18:45:00",QPS5,115.079990
D,DISPATCH,UNIT_SCADA,1,"2022/10/20 18:45:00",REECE1,98.6910
D,DISPATCH,UNIT_SCADA,1,"2022/10/20 18:45:00",REECE2,98.150010
D,DISPATCH,UNIT_SCADA,1,"2022/10/20 18:45:00",ROMA_7,0
D,DISPATCH,UNIT_SCADA,1,"2022/10/20 18:45:00",ROMA_8,0
D,DISPATCH,UNIT_SCADA,1,"2022/10/20 18:45:00",RRSF1,0
D,DISPATCH,UNIT_SCADA,1,"2022/10/20 18:45:00",RT_NSW1,0
D,DISPATCH,UNIT_SCADA,1,"2022/10/20 18:45:00",RT_NSW2,0
D,DISPATCH,UNIT_SCADA,1,"2022/10/20 18:45:00",RT_NSW3,0
D,DISPATCH,UNIT_SCADA,1,"2022/10/20 18:45:00",RT_NSW4,0
D,DISPATCH,UNIT_SCADA,1,"2022/10/20 18:45:00",RT_NSW5,0
D,DISPATCH,UNIT_SCADA,1,"2022/10/20 18:45:00",RT_NSW6,0
D,DISPATCH,UNIT_SCADA,1,"2022/10/20 18:45:00",RT_QLD1,0
D,DISPATCH,UNIT_SCADA,1,"2022/10/20 18:45:00",RT_SA1,0
D,DISPATCH,UNIT_SCADA,1,"2022/10/20 18:45:00",RT_SA2,0
D,DISPATCH,UNIT_SCADA,1,"2022/10/20 18:45:00",RT_SA3,0
D,DISPATCH,UNIT_SCADA,1,"2022/10/20 18:45:00",RT_SA4,0
D,DISPATCH,UNIT_SCADA,1,"2022/10/20 18:45:00",RT_SA5,0
D,DISPATCH,UNIT_SCADA,1,"2022/10/20 18:45:00",RT_SA6,0
D,DISPATCH,UNIT_SCADA,1,"2022/10/20 18:45:00",RT_TAS1,0
D,DISPATCH,UNIT_SCADA,1,"2022/10/20 18:45:00",RT_VIC1,0
D,DISPATCH,UNIT_SCADA,1,"2022/10/20 18:45:00",RT_VIC10,0
D,DISPATCH,UNIT_SCADA,1,"2022/10/20 18:45:00",RT_VIC11,0
D,DISPATCH,UNIT_SCADA,1,"2022/10/20 18:45:00",RT_VIC12,0
D,DISPATCH,UNIT_SCADA,1,"2022/10/20 18:45:00",RT_VIC2,0
D,DISPATCH,UNIT_SCADA,1,"2022/10/20 18:45:00",RT_VIC3,0
D,DISPATCH,UNIT_SCADA,1,"2022/10/20 18:45:00",RT_VIC4,0
D,DISPATCH,UNIT_SCADA,1,"2022/10/20 18:45:00",RT_VIC5,0
D,DISPATCH,UNIT_SCADA,1,"2022/10/20 18:45:00",RT_VIC6,0
D,DISPATCH,UNIT_SCADA,1,"2022/10/20 18:45:00",RT_VIC7,0
D,DISPATCH,UNIT_SCADA,1,"2022/10/20 18:45:00",RT_VIC8,0
D,DISPATCH,UNIT_SCADA,1,"2022/10/20 18:45:00",RT_VIC9,0
D,DISPATCH,UNIT_SCADA,1,"2022/10/20 18:45:00",RUGBYR1,0
D,DISPATCH,UNIT_SCADA,1,"2022/10/20 18:45:00",SALTCRK1,19.61
D,DISPATCH,UNIT_SCADA,1,"2022/10/20 18:45:00",SAPHWF1,219.349960
D,DISPATCH,UNIT_SCADA,1,"2022/10/20 18:45:00",SEBSF1,0
D,DISPATCH,UNIT_SCADA,1,"2022/10/20 18:45:00",SHGEN,80.646240
D,DISPATCH,UNIT_SCADA,1,"2022/10/20 18:45:00",SHPUMP,0
D,DISPATCH,UNIT_SCADA,1,"2022/10/20 18:45:00",SITHE01,0.153860
D,DISPATCH,UNIT_SCADA,1,"2022/10/20 18:45:00",SMCSF1,0
D,DISPATCH,UNIT_SCADA,1,"2022/10/20 18:45:00",SNAPPER1,0
D,DISPATCH,UNIT_SCADA,1,"2022/10/20 18:45:00",SNOWNTH1,59.80
D,DISPATCH,UNIT_SCADA,1,"2022/10/20 18:45:00",SNOWSTH1,27
D,DISPATCH,UNIT_SCADA,1,"2022/10/20 18:45:00",SNOWTWN1,44.237930
D,DISPATCH,UNIT_SCADA,1,"2022/10/20 18:45:00",SNOWYP,0
D,DISPATCH,UNIT_SCADA,1,"2022/10/20 18:45:00",SNUG1,0
D,DISPATCH,UNIT_SCADA,1,"2022/10/20 18:45:00",SRSF1,0
D,DISPATCH,UNIT_SCADA,1,"2022/10/20 18:45:00",STAN-1,274.800810
D,DISPATCH,UNIT_SCADA,1,"2022/10/20 18:45:00",STAN-2,361.192780
D,DISPATCH,UNIT_SCADA,1,"2022/10/20 18:45:00",STAN-3,360.282710
D,DISPATCH,UNIT_SCADA,1,"2022/10/20 18:45:00",STAN-4,360.308350
D,DISPATCH,UNIT_SCADA,1,"2022/10/20 18:45:00",STARHLWF,8.497520
D,DISPATCH,UNIT_SCADA,1,"2022/10/20 18:45:00",STOCKYD1,158.11
D,DISPATCH,UNIT_SCADA,1,"2022/10/20 18:45:00",STWF1,116.374460
D,DISPATCH,UNIT_SCADA,1,"2022/10/20 18:45:00",SUNRSF1,0
D,DISPATCH,UNIT_SCADA,1,"2022/10/20 18:45:00",SUNTPSF1,0
D,DISPATCH,UNIT_SCADA,1,"2022/10/20 18:45:00",SWAN_E,348.326230
D,DISPATCH,UNIT_SCADA,1,"2022/10/20 18:45:00",TALWA1,0
D,DISPATCH,UNIT_SCADA,1,"2022/10/20 18:45:00",TARALGA1,0
D,DISPATCH,UNIT_SCADA,1,"2022/10/20 18:45:00",TARONG#1,346.50
D,DISPATCH,UNIT_SCADA,1,"2022/10/20 18:45:00",TARONG#2,345
D,DISPATCH,UNIT_SCADA,1,"2022/10/20 18:45:00",TARONG#3,0.90
D,DISPATCH,UNIT_SCADA,1,"2022/10/20 18:45:00",TARONG#4,290.200010
D,DISPATCH,UNIT_SCADA,1,"2022/10/20 18:45:00",TARRALEA,54
D,DISPATCH,UNIT_SCADA,1,"2022/10/20 18:45:00",TBSF1,2
D,DISPATCH,UNIT_SCADA,1,"2022/10/20 18:45:00",TNPS1,415.9375
D,DISPATCH,UNIT_SCADA,1,"2022/10/20 18:45:00",TORRB1,0
D,DISPATCH,UNIT_SCADA,1,"2022/10/20 18:45:00",TORRB2,75
D,DISPATCH,UNIT_SCADA,1,"2022/10/20 18:45:00",TORRB3,0
D,DISPATCH,UNIT_SCADA,1,"2022/10/20 18:45:00",TORRB4,0
D,DISPATCH,UNIT_SCADA,1,"2022/10/20 18:45:00",TREVALLN,98.569020
D,DISPATCH,UNIT_SCADA,1,"2022/10/20 18:45:00",TRIBUTE,0
D,DISPATCH,UNIT_SCADA,1,"2022/10/20 18:45:00",TUMUT3,338.729980
D,DISPATCH,UNIT_SCADA,1,"2022/10/20 18:45:00",TUNGATIN,4.630020
D,DISPATCH,UNIT_SCADA,1,"2022/10/20 18:45:00",TVCC201,0
D,DISPATCH,UNIT_SCADA,1,"2022/10/20 18:45:00",TVPP104,57.904710
D,DISPATCH,UNIT_SCADA,1,"2022/10/20 18:45:00",UPPTUMUT,112.566910
D,DISPATCH,UNIT_SCADA,1,"2022/10/20 18:45:00",URANQ11,0
D,DISPATCH,UNIT_SCADA,1,"2022/10/20 18:45:00",URANQ12,0
D,DISPATCH,UNIT_SCADA,1,"2022/10/20 18:45:00",URANQ13,0
D,DISPATCH,UNIT_SCADA,1,"2022/10/20 18:45:00",URANQ14,155.0103
D,DISPATCH,UNIT_SCADA,1,"2022/10/20 18:45:00",VBBG1,65.20
D,DISPATCH,UNIT_SCADA,1,"2022/10/20 18:45:00",VBBL1,0
D,DISPATCH,UNIT_SCADA,1,"2022/10/20 18:45:00",VP5,554.997380
D,DISPATCH,UNIT_SCADA,1,"2022/10/20 18:45:00",VP6,630.561220
D,DISPATCH,UNIT_SCADA,1,"2022/10/20 18:45:00",VPGS1,0
D,DISPATCH,UNIT_SCADA,1,"2022/10/20 18:45:00",VPGS2,0
D,DISPATCH,UNIT_SCADA,1,"2022/10/20 18:45:00",VPGS3,0
D,DISPATCH,UNIT_SCADA,1,"2022/10/20 18:45:00",VPGS4,0
D,DISPATCH,UNIT_SCADA,1,"2022/10/20 18:45:00",VPGS5,0
D,DISPATCH,UNIT_SCADA,1,"2022/10/20 18:45:00",VPGS6,0
D,DISPATCH,UNIT_SCADA,1,"2022/10/20 18:45:00",W/HOE#1,215.95
D,DISPATCH,UNIT_SCADA,1,"2022/10/20 18:45:00",W/HOE#2,0
D,DISPATCH,UNIT_SCADA,1,"2022/10/20 18:45:00",WAGGNSF1,0
D,DISPATCH,UNIT_SCADA,1,"2022/10/20 18:45:00",WALGRVG1,0.000930
D,DISPATCH,UNIT_SCADA,1,"2022/10/20 18:45:00",WALGRVL1,0
D,DISPATCH,UNIT_SCADA,1,"2022/10/20 18:45:00",WANDBG1,58.625270
D,DISPATCH,UNIT_SCADA,1,"2022/10/20 18:45:00",WANDBL1,0
D,DISPATCH,UNIT_SCADA,1,"2022/10/20 18:45:00",WARWSF1,0
D,DISPATCH,UNIT_SCADA,1,"2022/10/20 18:45:00",WARWSF2,0
D,DISPATCH,UNIT_SCADA,1,"2022/10/20 18:45:00",WATERLWF,0.90
D,DISPATCH,UNIT_SCADA,1,"2022/10/20 18:45:00",WDGPH1,0
D,DISPATCH,UNIT_SCADA,1,"2022/10/20 18:45:00",WELLSF1,0
D,DISPATCH,UNIT_SCADA,1,"2022/10/20 18:45:00",WEMENSF1,0.20
D,DISPATCH,UNIT_SCADA,1,"2022/10/20 18:45:00",WGWF1,7
D,DISPATCH,UNIT_SCADA,1,"2022/10/20 18:45:00",WHITSF1,0
D,DISPATCH,UNIT_SCADA,1,"2022/10/20 18:45:00",WINTSF1,0
D,DISPATCH,UNIT_SCADA,1,"2022/10/20 18:45:00",WKIEWA1,33.70
D,DISPATCH,UNIT_SCADA,1,"2022/10/20 18:45:00",WKIEWA2,33.70
D,DISPATCH,UNIT_SCADA,1,"2022/10/20 18:45:00",WOODLWN1,32.779310
D,DISPATCH,UNIT_SCADA,1,"2022/10/20 18:45:00",WOOLGSF1,0
D,DISPATCH,UNIT_SCADA,1,"2022/10/20 18:45:00",WPWF,32.25
D,DISPATCH,UNIT_SCADA,1,"2022/10/20 18:45:00",WRSF1,0
D,DISPATCH,UNIT_SCADA,1,"2022/10/20 18:45:00",WRWF1,88.289310
D,DISPATCH,UNIT_SCADA,1,"2022/10/20 18:45:00",WSTWYSF1,0
D,DISPATCH,UNIT_SCADA,1,"2022/10/20 18:45:00",YABULU,152.550020
D,DISPATCH,UNIT_SCADA,1,"2022/10/20 18:45:00",YABULU2,0
D,DISPATCH,UNIT_SCADA,1,"2022/10/20 18:45:00",YARANSF1,0
D,DISPATCH,UNIT_SCADA,1,"2022/10/20 18:45:00",YARWUN_1,162.78
D,DISPATCH,UNIT_SCADA,1,"2022/10/20 18:45:00",YATSF1,0.21
D,DISPATCH,UNIT_SCADA,1,"2022/10/20 18:45:00",YENDWF1,23.28
D,DISPATCH,UNIT_SCADA,1,"2022/10/20 18:45:00",YWPS1,352.379760
D,DISPATCH,UNIT_SCADA,1,"2022/10/20 18:45:00",YWPS2,287.215180
D,DISPATCH,UNIT_SCADA,1,"2022/10/20 18:45:00",YWPS3,356.565830
D,DISPATCH,UNIT_SCADA,1,"2022/10/20 18:45:00",YWPS4,0
C,"END OF REPORT",419
