C,NEMP.WORLD,DISPATCHSCADA,AEMO,PUBLIC,2022/10/20,20:10:10,0000000373278321,DISPATCHSCADA,0000000373278315
I,DISPATCH,UNIT_SCADA,1,SETTLEMENTDATE,DUID,SCADAVALUE
D,DISPATCH,UNIT_SCADA,1,"2022/10/20 20:15:00",BARCSF1,0.10
D,DISPATCH,UNIT_SCADA,1,"2022/10/20 20:15:00",BUTLERSG,8.699999
D,DISPATCH,UNIT_SCADA,1,"2022/10/20 20:15:00",CAPTL_WF,106.232086
D,DISPATCH,UNIT_SCADA,1,"2022/10/20 20:15:00",CHALLHWF,10.200001
D,DISPATCH,UNIT_SCADA,1,"2022/10/20 20:15:00",CLOVER,13.20
D,DISPATCH,UNIT_SCADA,1,"2022/10/20 20:15:00",CLUNY,6.324101
D,DISPATCH,UNIT_SCADA,1,"2022/10/20 20:15:00",CULLRGWF,-0.03
D,DISPATCH,UNIT_SCADA,1,"2022/10/20 20:15:00",DIAPURWF1,0.40
D,DISPATCH,UNIT_SCADA,1,"2022/10/20 20:15:00",ERGT01,0
D,DISPATCH,UNIT_SCADA,1,"2022/10/20 20:15:00",GB01,0
D,DISPATCH,UNIT_SCADA,1,"2022/10/20 20:15:00",GERMCRK,21.299999
D,DISPATCH,UNIT_SCADA,1,"2022/10/20 20:15:00",GRIFSF1,0.001526
D,DISPATCH,UNIT_SCADA,1,"2022/10/20 20:15:00",HEZ1,0
D,DISPATCH,UNIT_SCADA,1,"2022/10/20 20:15:00",HUGSF1,-0.0420
D,DISPATCH,UNIT_SCADA,1,"2022/10/20 20:15:00",KEPBG1,0
D,DISPATCH,UNIT_SCADA,1,"2022/10/20 20:15:00",LRSF1,0.0110
D,DISPATCH,UNIT_SCADA,1,"2022/10/20 20:15:00",MBAHNTH,45.018753
D,DISPATCH,UNIT_SCADA,1,"2022/10/20 20:15:00",MLSP1,0
D,DISPATCH,UNIT_SCADA,1,"2022/10/20 20:15:00",MLWF1,6.1650
D,DISPATCH,UNIT_SCADA,1,"2022/10/20 20:15:00",PALOONA,31.07
D,DISPATCH,UNIT_SCADA,1,"2022/10/20 20:15:00",PIONEER,22.800001
D,DISPATCH,UNIT_SCADA,1,"2022/10/20 20:15:00",PORTWF,40
D,DISPATCH,UNIT_SCADA,1,"2022/10/20 20:15:00",REPULSE,9.657741
D,DISPATCH,UNIT_SCADA,1,"2022/10/20 20:15:00",ROWALLAN,8.8324
D,DISPATCH,UNIT_SCADA,1,"2022/10/20 20:15:00",ROYALLA1,0
D,DISPATCH,UNIT_SCADA,1,"2022/10/20 20:15:00",RPCG,-0.50
D,DISPATCH,UNIT_SCADA,1,"2022/10/20 20:15:00",RUBICON,0
D,DISPATCH,UNIT_SCADA,1,"2022/10/20 20:15:00",WAUBRAWF,65.910004
D,DISPATCH,UNIT_SCADA,1,"2022/10/20 20:15:00",WOOLNTH1,73.550003
D,DISPATCH,UNIT_SCADA,1,"2022/10/20 20:15:00",YAMBUKWF,6.80
D,DISPATCH,UNIT_SCADA,1,"2022/10/20 20:15:00",YSWF1,1.10
D,DISPATCH,UNIT_SCADA,1,"2022/10/20 20:15:00",ADPBA1G,0.0080
D,DISPATCH,UNIT_SCADA,1,"2022/10/20 20:15:00",ADPBA1L,0
D,DISPATCH,UNIT_SCADA,1,"2022/10/20 20:15:00",ADPPV1,0
D,DISPATCH,UNIT_SCADA,1,"2022/10/20 20:15:00",AGLHAL,30.983930
D,DISPATCH,UNIT_SCADA,1,"2022/10/20 20:15:00",AGLSOM,0
D,DISPATCH,UNIT_SCADA,1,"2022/10/20 20:15:00",ANGAST1,0
D,DISPATCH,UNIT_SCADA,1,"2022/10/20 20:15:00",ARWF1,4.70
D,DISPATCH,UNIT_SCADA,1,"2022/10/20 20:15:00",BALBG1,0
D,DISPATCH,UNIT_SCADA,1,"2022/10/20 20:15:00",BALBL1,0
D,DISPATCH,UNIT_SCADA,1,"2022/10/20 20:15:00",BALDHWF1,103.5440
D,DISPATCH,UNIT_SCADA,1,"2022/10/20 20:15:00",BANGOWF1,86.395360
D,DISPATCH,UNIT_SCADA,1,"2022/10/20 20:15:00",BANGOWF2,66.597920
D,DISPATCH,UNIT_SCADA,1,"2022/10/20 20:15:00",BANN1,0
D,DISPATCH,UNIT_SCADA,1,"2022/10/20 20:15:00",BARCALDN,0
D,DISPATCH,UNIT_SCADA,1,"2022/10/20 20:15:00",BARKIPS1,189.30
D,DISPATCH,UNIT_SCADA,1,"2022/10/20 20:15:00",BARRON-1,9.48
D,DISPATCH,UNIT_SCADA,1,"2022/10/20 20:15:00",BARRON-2,0
D,DISPATCH,UNIT_SCADA,1,"2022/10/20 20:15:00",BASTYAN,69.170010
D,DISPATCH,UNIT_SCADA,1,"2022/10/20 20:15:00",BBTHREE1,0
D,DISPATCH,UNIT_SCADA,1,"2022/10/20 20:15:00",BBTHREE2,0
D,DISPATCH,UNIT_SCADA,1,"2022/10/20 20:15:00",BBTHREE3,-1.12
D,DISPATCH,UNIT_SCADA,1,"2022/10/20 20:15:00",BDL01,0
D,DISPATCH,UNIT_SCADA,1,"2022/10/20 20:15:00",BDL02,0
D,DISPATCH,UNIT_SCADA,1,"2022/10/20 20:15:00",BERYLSF1,0
D,DISPATCH,UNIT_SCADA,1,"2022/10/20 20:15:00",BLOWERNG,62.60
D,DISPATCH,UNIT_SCADA,1,"2022/10/20 20:15:00",BLUEGSF1,0
D,DISPATCH,UNIT_SCADA,1,"2022/10/20 20:15:00",BLUFF1,1
D,DISPATCH,UNIT_SCADA,1,"2022/10/20 20:15:00",BNGSF1,0
D,DISPATCH,UNIT_SCADA,1,"2022/10/20 20:15:00",BNGSF2,0
D,DISPATCH,UNIT_SCADA,1,"2022/10/20 20:15:00",BOCORWF1,25.50
D,DISPATCH,UNIT_SCADA,1,"2022/10/20 20:15:00",BODWF1,110.840850
D,DISPATCH,UNIT_SCADA,1,"2022/10/20 20:15:00",BOMENSF1,0
D,DISPATCH,UNIT_SCADA,1,"2022/10/20 20:15:00",BOWWBA1G,0
D,DISPATCH,UNIT_SCADA,1,"2022/10/20 20:15:00",BOWWBA1L,0.0010
D,DISPATCH,UNIT_SCADA,1,"2022/10/20 20:15:00",BOWWPV1,0
D,DISPATCH,UNIT_SCADA,1,"2022/10/20 20:15:00",BRAEMAR1,0
D,DISPATCH,UNIT_SCADA,1,"2022/10/20 20:15:00",BRAEMAR2,0
D,DISPATCH,UNIT_SCADA,1,"2022/10/20 20:15:00",BRAEMAR3,0
D,DISPATCH,UNIT_SCADA,1,"2022/10/20 20:15:00",BRAEMAR5,143.5621
D,DISPATCH,UNIT_SCADA,1,"2022/10/20 20:15:00",BRAEMAR6,0
D,DISPATCH,UNIT_SCADA,1,"2022/10/20 20:15:00",BRAEMAR7,153.804310
D,DISPATCH,UNIT_SCADA,1,"2022/10/20 20:15:00",BROKENH1,0
D,DISPATCH,UNIT_SCADA,1,"2022/10/20 20:15:00",BRYB1WF1,107.219040
D,DISPATCH,UNIT_SCADA,1,"2022/10/20 20:15:00",BULBESG1,0
D,DISPATCH,UNIT_SCADA,1,"2022/10/20 20:15:00",BULBESL1,0.03
D,DISPATCH,UNIT_SCADA,1,"2022/10/20 20:15:00",BULGANA1,39.50
D,DISPATCH,UNIT_SCADA,1,"2022/10/20 20:15:00",BW01,656.028080
D,DISPATCH,UNIT_SCADA,1,"2022/10/20 20:15:00",BW02,635.861760
D,DISPATCH,UNIT_SCADA,1,"2022/10/20 20:15:00",BW03,611.642640
D,DISPATCH,UNIT_SCADA,1,"2022/10/20 20:15:00",BW04,0
D,DISPATCH,UNIT_SCADA,1,"2022/10/20 20:15:00",CALL_B_1,317.800020
D,DISPATCH,UNIT_SCADA,1,"2022/10/20 20:15:00",CALL_B_2,317.100010
D,DISPATCH,UNIT_SCADA,1,"2022/10/20 20:15:00",CATHROCK,2.50
D,DISPATCH,UNIT_SCADA,1,"2022/10/20 20:15:00",CBWWBA1G,0
D,DISPATCH,UNIT_SCADA,1,"2022/10/20 20:15:00",CBWWBA1L,0
D,DISPATCH,UNIT_SCADA,1,"2022/10/20 20:15:00",CETHANA,97.2265
D,DISPATCH,UNIT_SCADA,1,"2022/10/20 20:15:00",CG1,0
D,DISPATCH,UNIT_SCADA,1,"2022/10/20 20:15:00",CG2,0
D,DISPATCH,UNIT_SCADA,1,"2022/10/20 20:15:00",CG3,0
D,DISPATCH,UNIT_SCADA,1,"2022/10/20 20:15:00",CG4,0
D,DISPATCH,UNIT_SCADA,1,"2022/10/20 20:15:00",CHILDSF1,0
D,DISPATCH,UNIT_SCADA,1,"2022/10/20 20:15:00",CHYTWF1,1.53
D,DISPATCH,UNIT_SCADA,1,"2022/10/20 20:15:00",CLARESF1,0
D,DISPATCH,UNIT_SCADA,1,"2022/10/20 20:15:00",CLEMGPWF,0
D,DISPATCH,UNIT_SCADA,1,"2022/10/20 20:15:00",CLERMSF1,0
D,DISPATCH,UNIT_SCADA,1,"2022/10/20 20:15:00",CNUNDAWF,14.617050
D,DISPATCH,UNIT_SCADA,1,"2022/10/20 20:15:00",COHUNSF1,0
D,DISPATCH,UNIT_SCADA,1,"2022/10/20 20:15:00",COLEASF1,0
D,DISPATCH,UNIT_SCADA,1,"2022/10/20 20:15:00",COLUMSF1,0
D,DISPATCH,UNIT_SCADA,1,"2022/10/20 20:15:00",COLWF01,118.289460
D,DISPATCH,UNIT_SCADA,1,"2022/10/20 20:15:00",COOPGWF1,388.38
D,DISPATCH,UNIT_SCADA,1,"2022/10/20 20:15:00",CPP_3,377.850010
D,DISPATCH,UNIT_SCADA,1,"2022/10/20 20:15:00",CPP_4,0
D,DISPATCH,UNIT_SCADA,1,"2022/10/20 20:15:00",CPSA,0
D,DISPATCH,UNIT_SCADA,1,"2022/10/20 20:15:00",CROOKWF2,36.614940
D,DISPATCH,UNIT_SCADA,1,"2022/10/20 20:15:00",CROWLWF1,31.593470
D,DISPATCH,UNIT_SCADA,1,"2022/10/20 20:15:00",CRURWF1,88.597470
D,DISPATCH,UNIT_SCADA,1,"2022/10/20 20:15:00",CRWASF1,0
D,DISPATCH,UNIT_SCADA,1,"2022/10/20 20:15:00",CSPVPS1,0
D,DISPATCH,UNIT_SCADA,1,"2022/10/20 20:15:00",CTHLWF1,0.003050
D,DISPATCH,UNIT_SCADA,1,"2022/10/20 20:15:00",DALNTH01,0
D,DISPATCH,UNIT_SCADA,1,"2022/10/20 20:15:00",DALNTHL1,0.086980
D,DISPATCH,UNIT_SCADA,1,"2022/10/20 20:15:00",DARLSF1,0
D,DISPATCH,UNIT_SCADA,1,"2022/10/20 20:15:00",DARTM1,0
D,DISPATCH,UNIT_SCADA,1,"2022/10/20 20:15:00",DAYDSF1,0
D,DISPATCH,UNIT_SCADA,1,"2022/10/20 20:15:00",DDPS1,0
D,DISPATCH,UNIT_SCADA,1,"2022/10/20 20:15:00",DDSF1,0
D,DISPATCH,UNIT_SCADA,1,"2022/10/20 20:15:00",DEVILS_G,57.465130
D,DISPATCH,UNIT_SCADA,1,"2022/10/20 20:15:00",DG_NSW1,0
D,DISPATCH,UNIT_SCADA,1,"2022/10/20 20:15:00",DG_QLD1,0
D,DISPATCH,UNIT_SCADA,1,"2022/10/20 20:15:00",DG_SA1,0
D,DISPATCH,UNIT_SCADA,1,"2022/10/20 20:15:00",DG_TAS1,0
D,DISPATCH,UNIT_SCADA,1,"2022/10/20 20:15:00",DG_VIC1,0
D,DISPATCH,UNIT_SCADA,1,"2022/10/20 20:15:00",DRYCGT1,0
D,DISPATCH,UNIT_SCADA,1,"2022/10/20 20:15:00",DRYCGT2,0
D,DISPATCH,UNIT_SCADA,1,"2022/10/20 20:15:00",DRYCGT3,0
D,DISPATCH,UNIT_SCADA,1,"2022/10/20 20:15:00",DUNDWF1,92.66
D,DISPATCH,UNIT_SCADA,1,"2022/10/20 20:15:00",DUNDWF2,23.25
D,DISPATCH,UNIT_SCADA,1,"2022/10/20 20:15:00",DUNDWF3,87.96
D,DISPATCH,UNIT_SCADA,1,"2022/10/20 20:15:00",EILDON1,59.96
D,DISPATCH,UNIT_SCADA,1,"2022/10/20 20:15:00",EILDON2,60
D,DISPATCH,UNIT_SCADA,1,"2022/10/20 20:15:00",ELAINWF1,7.82
D,DISPATCH,UNIT_SCADA,1,"2022/10/20 20:15:00",EMERASF1,0
D,DISPATCH,UNIT_SCADA,1,"2022/10/20 20:15:00",ER01,0
D,DISPATCH,UNIT_SCADA,1,"2022/10/20 20:15:00",ER02,671.555660
D,DISPATCH,UNIT_SCADA,1,"2022/10/20 20:15:00",ER03,639.548340
D,DISPATCH,UNIT_SCADA,1,"2022/10/20 20:15:00",ER04,691.282530
D,DISPATCH,UNIT_SCADA,1,"2022/10/20 20:15:00",FINLYSF1,0
D,DISPATCH,UNIT_SCADA,1,"2022/10/20 20:15:00",FISHER,43.90
D,DISPATCH,UNIT_SCADA,1,"2022/10/20 20:15:00",GANGARR1,0
D,DISPATCH,UNIT_SCADA,1,"2022/10/20 20:15:00",GANNBG1,0.527270
D,DISPATCH,UNIT_SCADA,1,"2022/10/20 20:15:00",GANNBL1,0
D,DISPATCH,UNIT_SCADA,1,"2022/10/20 20:15:00",GANNSF1,0
D,DISPATCH,UNIT_SCADA,1,"2022/10/20 20:15:00",GLRWNSF1,0
D,DISPATCH,UNIT_SCADA,1,"2022/10/20 20:15:00",GNNDHSF1,0
D,DISPATCH,UNIT_SCADA,1,"2022/10/20 20:15:00",GOONSF1,0
D,DISPATCH,UNIT_SCADA,1,"2022/10/20 20:15:00",GORDON,274.923520
D,DISPATCH,UNIT_SCADA,1,"2022/10/20 20:15:00",GRANWF1,0
D,DISPATCH,UNIT_SCADA,1,"2022/10/20 20:15:00",GSTONE1,215.599990
D,DISPATCH,UNIT_SCADA,1,"2022/10/20 20:15:00",GSTONE2,0
D,DISPATCH,UNIT_SCADA,1,"2022/10/20 20:15:00",GSTONE3,200.024990
D,DISPATCH,UNIT_SCADA,1,"2022/10/20 20:15:00",GSTONE4,0
D,DISPATCH,UNIT_SCADA,1,"2022/10/20 20:15:00",GSTONE5,215.25
D,DISPATCH,UNIT_SCADA,1,"2022/10/20 20:15:00",GSTONE6,215.25
D,DISPATCH,UNIT_SCADA,1,"2022/10/20 20:15:00",GULLRSF1,0
D,DISPATCH,UNIT_SCADA,1,"2022/10/20 20:15:00",GULLRWF1,59.1441
D,DISPATCH,UNIT_SCADA,1,"2022/10/20 20:15:00",GULLRWF2,95.958980
D,DISPATCH,UNIT_SCADA,1,"2022/10/20 20:15:00",GUNNING1,0
D,DISPATCH,UNIT_SCADA,1,"2022/10/20 20:15:00",GUTHEGA,67.80
D,DISPATCH,UNIT_SCADA,1,"2022/10/20 20:15:00",HALLWF1,5.42
D,DISPATCH,UNIT_SCADA,1,"2022/10/20 20:15:00",HALLWF2,8.21
D,DISPATCH,UNIT_SCADA,1,"2022/10/20 20:15:00",HAMISF1,0
D,DISPATCH,UNIT_SCADA,1,"2022/10/20 20:15:00",HAUGHT11,0
D,DISPATCH,UNIT_SCADA,1,"2022/10/20 20:15:00",HAYMSF1,0
D,DISPATCH,UNIT_SCADA,1,"2022/10/20 20:15:00",HDWF1,17.90
D,DISPATCH,UNIT_SCADA,1,"2022/10/20 20:15:00",HDWF2,16.30
D,DISPATCH,UNIT_SCADA,1,"2022/10/20 20:15:00",HDWF3,17.80
D,DISPATCH,UNIT_SCADA,1,"2022/10/20 20:15:00",HILLSTN1,0
D,DISPATCH,UNIT_SCADA,1,"2022/10/20 20:15:00",HPRG1,0
D,DISPATCH,UNIT_SCADA,1,"2022/10/20 20:15:00",HPRL1,2.80
D,DISPATCH,UNIT_SCADA,1,"2022/10/20 20:15:00",HUMENSW,54.579810
D,DISPATCH,UNIT_SCADA,1,"2022/10/20 20:15:00",HUMEV,0
D,DISPATCH,UNIT_SCADA,1,"2022/10/20 20:15:00",HVWWBA1G,0
D,DISPATCH,UNIT_SCADA,1,"2022/10/20 20:15:00",HVWWBA1L,0.0060
D,DISPATCH,UNIT_SCADA,1,"2022/10/20 20:15:00",HVWWPV1,0
D,DISPATCH,UNIT_SCADA,1,"2022/10/20 20:15:00",JBUTTERS,19.178590
D,DISPATCH,UNIT_SCADA,1,"2022/10/20 20:15:00",JEMALNG1,0
D,DISPATCH,UNIT_SCADA,1,"2022/10/20 20:15:00",JLA01,0
D,DISPATCH,UNIT_SCADA,1,"2022/10/20 20:15:00",JLA02,0
D,DISPATCH,UNIT_SCADA,1,"2022/10/20 20:15:00",JLA03,0
D,DISPATCH,UNIT_SCADA,1,"2022/10/20 20:15:00",JLA04,0
D,DISPATCH,UNIT_SCADA,1,"2022/10/20 20:15:00",JLB01,0
D,DISPATCH,UNIT_SCADA,1,"2022/10/20 20:15:00",JLB02,0.10
D,DISPATCH,UNIT_SCADA,1,"2022/10/20 20:15:00",JLB03,0
D,DISPATCH,UNIT_SCADA,1,"2022/10/20 20:15:00",JUNEESF1,0
D,DISPATCH,UNIT_SCADA,1,"2022/10/20 20:15:00",KABANWF1,0.4840
D,DISPATCH,UNIT_SCADA,1,"2022/10/20 20:15:00",KAREEYA1,0
D,DISPATCH,UNIT_SCADA,1,"2022/10/20 20:15:00",KAREEYA2,0
D,DISPATCH,UNIT_SCADA,1,"2022/10/20 20:15:00",KAREEYA3,4.5975
D,DISPATCH,UNIT_SCADA,1,"2022/10/20 20:15:00",KAREEYA4,0
D,DISPATCH,UNIT_SCADA,1,"2022/10/20 20:15:00",KARSF1,0
D,DISPATCH,UNIT_SCADA,1,"2022/10/20 20:15:00",KEPSF1,0
D,DISPATCH,UNIT_SCADA,1,"2022/10/20 20:15:00",KEPWF1,6.19
D,DISPATCH,UNIT_SCADA,1,"2022/10/20 20:15:00",KIAMSF1,0
D,DISPATCH,UNIT_SCADA,1,"2022/10/20 20:15:00",KIATAWF1,3.40
D,DISPATCH,UNIT_SCADA,1,"2022/10/20 20:15:00",KPP_1,0
D,DISPATCH,UNIT_SCADA,1,"2022/10/20 20:15:00",KSP1,0
D,DISPATCH,UNIT_SCADA,1,"2022/10/20 20:15:00",LADBROK1,0.01
D,DISPATCH,UNIT_SCADA,1,"2022/10/20 20:15:00",LADBROK2,0.02
D,DISPATCH,UNIT_SCADA,1,"2022/10/20 20:15:00",LBBG1,0.90
D,DISPATCH,UNIT_SCADA,1,"2022/10/20 20:15:00",LBBL1,0
D,DISPATCH,UNIT_SCADA,1,"2022/10/20 20:15:00",LD01,377.190460
D,DISPATCH,UNIT_SCADA,1,"2022/10/20 20:15:00",LD02,79.671620
D,DISPATCH,UNIT_SCADA,1,"2022/10/20 20:15:00",LD04,308.706940
D,DISPATCH,UNIT_SCADA,1,"2022/10/20 20:15:00",LEM_WIL,86.769520
D,DISPATCH,UNIT_SCADA,1,"2022/10/20 20:15:00",LGAPWF1,91.68
D,DISPATCH,UNIT_SCADA,1,"2022/10/20 20:15:00",LGAPWF2,66.88
D,DISPATCH,UNIT_SCADA,1,"2022/10/20 20:15:00",LILYSF1,0
D,DISPATCH,UNIT_SCADA,1,"2022/10/20 20:15:00",LIMOSF11,0
D,DISPATCH,UNIT_SCADA,1,"2022/10/20 20:15:00",LIMOSF21,0
D,DISPATCH,UNIT_SCADA,1,"2022/10/20 20:15:00",LI_WY_CA,62.655660
D,DISPATCH,UNIT_SCADA,1,"2022/10/20 20:15:00",LKBONNY1,24.828020
D,DISPATCH,UNIT_SCADA,1,"2022/10/20 20:15:00",LKBONNY2,63.309010
D,DISPATCH,UNIT_SCADA,1,"2022/10/20 20:15:00",LKBONNY3,12.504150
D,DISPATCH,UNIT_SCADA,1,"2022/10/20 20:15:00",LK_ECHO,0
D,DISPATCH,UNIT_SCADA,1,"2022/10/20 20:15:00",LNGS1,0
D,DISPATCH,UNIT_SCADA,1,"2022/10/20 20:15:00",LNGS2,0
D,DISPATCH,UNIT_SCADA,1,"2022/10/20 20:15:00",LONSDALE,0
D,DISPATCH,UNIT_SCADA,1,"2022/10/20 20:15:00",LOYYB1,579.698730
D,DISPATCH,UNIT_SCADA,1,"2022/10/20 20:15:00",LOYYB2,574.435420
D,DISPATCH,UNIT_SCADA,1,"2022/10/20 20:15:00",LYA1,556
D,DISPATCH,UNIT_SCADA,1,"2022/10/20 20:15:00",LYA2,0
D,DISPATCH,UNIT_SCADA,1,"2022/10/20 20:15:00",LYA3,555
D,DISPATCH,UNIT_SCADA,1,"2022/10/20 20:15:00",LYA4,554
D,DISPATCH,UNIT_SCADA,1,"2022/10/20 20:15:00",MACARTH1,107.597510
D,DISPATCH,UNIT_SCADA,1,"2022/10/20 20:15:00",MACKNTSH,69.850010
D,DISPATCH,UNIT_SCADA,1,"2022/10/20 20:15:00",MANSLR1,0
D,DISPATCH,UNIT_SCADA,1,"2022/10/20 20:15:00",MAPS2PV1,0
D,DISPATCH,UNIT_SCADA,1,"2022/10/20 20:15:00",MAPS3PV1,0
D,DISPATCH,UNIT_SCADA,1,"2022/10/20 20:15:00",MARYRSF1,0
D,DISPATCH,UNIT_SCADA,1,"2022/10/20 20:15:00",MBPS2PV1,0
D,DISPATCH,UNIT_SCADA,1,"2022/10/20 20:15:00",MCKAY1,219.8250
D,DISPATCH,UNIT_SCADA,1,"2022/10/20 20:15:00",MEADOWBK,19.7202
D,DISPATCH,UNIT_SCADA,1,"2022/10/20 20:15:00",MERCER01,13.50
D,DISPATCH,UNIT_SCADA,1,"2022/10/20 20:15:00",METZSF1,0
D,DISPATCH,UNIT_SCADA,1,"2022/10/20 20:15:00",MEWF1,0
D,DISPATCH,UNIT_SCADA,1,"2022/10/20 20:15:00",MIDDLSF1,0
D,DISPATCH,UNIT_SCADA,1,"2022/10/20 20:15:00",MINTARO,0.128180
D,DISPATCH,UNIT_SCADA,1,"2022/10/20 20:15:00",MOLNGSF1,0
D,DISPATCH,UNIT_SCADA,1,"2022/10/20 20:15:00",MOORAWF1,6.63
D,DISPATCH,UNIT_SCADA,1,"2022/10/20 20:15:00",MOREESF1,0
D,DISPATCH,UNIT_SCADA,1,"2022/10/20 20:15:00",MORTLK11,0
D,DISPATCH,UNIT_SCADA,1,"2022/10/20 20:15:00",MORTLK12,0
D,DISPATCH,UNIT_SCADA,1,"2022/10/20 20:15:00",MOUSF1,0
D,DISPATCH,UNIT_SCADA,1,"2022/10/20 20:15:00",MP1,0
D,DISPATCH,UNIT_SCADA,1,"2022/10/20 20:15:00",MP2,584.347290
D,DISPATCH,UNIT_SCADA,1,"2022/10/20 20:15:00",MPP_1,186.0414
D,DISPATCH,UNIT_SCADA,1,"2022/10/20 20:15:00",MPP_2,183.432050
D,DISPATCH,UNIT_SCADA,1,"2022/10/20 20:15:00",MRTLSWF1,0
D,DISPATCH,UNIT_SCADA,1,"2022/10/20 20:15:00",MSTUART1,0
D,DISPATCH,UNIT_SCADA,1,"2022/10/20 20:15:00",MSTUART2,0
D,DISPATCH,UNIT_SCADA,1,"2022/10/20 20:15:00",MSTUART3,0
D,DISPATCH,UNIT_SCADA,1,"2022/10/20 20:15:00",MTGELWF1,29.206210
D,DISPATCH,UNIT_SCADA,1,"2022/10/20 20:15:00",MTMILLAR,13.40
D,DISPATCH,UNIT_SCADA,1,"2022/10/20 20:15:00",MURRAY,113.899990
D,DISPATCH,UNIT_SCADA,1,"2022/10/20 20:15:00",MUSSELR1,23.50
D,DISPATCH,UNIT_SCADA,1,"2022/10/20 20:15:00",MUWAWF1,2.27
D,DISPATCH,UNIT_SCADA,1,"2022/10/20 20:15:00",MUWAWF2,0
D,DISPATCH,UNIT_SCADA,1,"2022/10/20 20:15:00",MWPS1PV1,0
D,DISPATCH,UNIT_SCADA,1,"2022/10/20 20:15:00",MWPS2PV1,0
D,DISPATCH,UNIT_SCADA,1,"2022/10/20 20:15:00",MWPS3PV1,0
D,DISPATCH,UNIT_SCADA,1,"2022/10/20 20:15:00",MWPS4PV1,0
D,DISPATCH,UNIT_SCADA,1,"2022/10/20 20:15:00",NBHWF1,11.20
D,DISPATCH,UNIT_SCADA,1,"2022/10/20 20:15:00",NEVERSF1,0
D,DISPATCH,UNIT_SCADA,1,"2022/10/20 20:15:00",NPS,0
D,DISPATCH,UNIT_SCADA,1,"2022/10/20 20:15:00",NUMURSF1,0
D,DISPATCH,UNIT_SCADA,1,"2022/10/20 20:15:00",NYNGAN1,0
D,DISPATCH,UNIT_SCADA,1,"2022/10/20 20:15:00",OAKEY1,125.857680
D,DISPATCH,UNIT_SCADA,1,"2022/10/20 20:15:00",OAKEY1SF,0
D,DISPATCH,UNIT_SCADA,1,"2022/10/20 20:15:00",OAKEY2,0
D,DISPATCH,UNIT_SCADA,1,"2022/10/20 20:15:00",OAKEY2SF,0
D,DISPATCH,UNIT_SCADA,1,"2022/10/20 20:15:00",OAKLAND1,29.30
D,DISPATCH,UNIT_SCADA,1,"2022/10/20 20:15:00",OSB-AG,177.28
D,DISPATCH,UNIT_SCADA,1,"2022/10/20 20:15:00",PAREPS1,0
D,DISPATCH,UNIT_SCADA,1,"2022/10/20 20:15:00",PAREPW1,95.68
D,DISPATCH,UNIT_SCADA,1,"2022/10/20 20:15:00",PARSF1,0.001530
D,DISPATCH,UNIT_SCADA,1,"2022/10/20 20:15:00",POAT110,3.02
D,DISPATCH,UNIT_SCADA,1,"2022/10/20 20:15:00",POAT220,0
D,DISPATCH,UNIT_SCADA,1,"2022/10/20 20:15:00",POR01,0
D,DISPATCH,UNIT_SCADA,1,"2022/10/20 20:15:00",POR03,0
D,DISPATCH,UNIT_SCADA,1,"2022/10/20 20:15:00",PPCCGT,162.143360
D,DISPATCH,UNIT_SCADA,1,"2022/10/20 20:15:00",PTSTAN1,0
D,DISPATCH,UNIT_SCADA,1,"2022/10/20 20:15:00",PUMP1,0
D,DISPATCH,UNIT_SCADA,1,"2022/10/20 20:15:00",PUMP2,0
D,DISPATCH,UNIT_SCADA,1,"2022/10/20 20:15:00",QBYNBG1,0.0015
D,DISPATCH,UNIT_SCADA,1,"2022/10/20 20:15:00",QBYNBL1,0
D,DISPATCH,UNIT_SCADA,1,"2022/10/20 20:15:00",QPS1,0
D,DISPATCH,UNIT_SCADA,1,"2022/10/20 20:15:00",QPS2,0
D,DISPATCH,UNIT_SCADA,1,"2022/10/20 20:15:00",QPS3,0
D,DISPATCH,UNIT_SCADA,1,"2022/10/20 20:15:00",QPS4,0
D,DISPATCH,UNIT_SCADA,1,"2022/10/20 20:15:00",QPS5,72.52
D,DISPATCH,UNIT_SCADA,1,"2022/10/20 20:15:00",REECE1,91.3259
D,DISPATCH,UNIT_SCADA,1,"2022/10/20 20:15:00",REECE2,98.88
D,DISPATCH,UNIT_SCADA,1,"2022/10/20 20:15:00",ROMA_7,0
D,DISPATCH,UNIT_SCADA,1,"2022/10/20 20:15:00",ROMA_8,0
D,DISPATCH,UNIT_SCADA,1,"2022/10/20 20:15:00",RRSF1,0
D,DISPATCH,UNIT_SCADA,1,"2022/10/20 20:15:00",RT_NSW1,0
D,DISPATCH,UNIT_SCADA,1,"2022/10/20 20:15:00",RT_NSW2,0
D,DISPATCH,UNIT_SCADA,1,"2022/10/20 20:15:00",RT_NSW3,0
D,DISPATCH,UNIT_SCADA,1,"2022/10/20 20:15:00",RT_NSW4,0
D,DISPATCH,UNIT_SCADA,1,"2022/10/20 20:15:00",RT_NSW5,0
D,DISPATCH,UNIT_SCADA,1,"2022/10/20 20:15:00",RT_NSW6,0
D,DISPATCH,UNIT_SCADA,1,"2022/10/20 20:15:00",RT_QLD1,0
D,DISPATCH,UNIT_SCADA,1,"2022/10/20 20:15:00",RT_SA1,0
D,DISPATCH,UNIT_SCADA,1,"2022/10/20 20:15:00",RT_SA2,0
D,DISPATCH,UNIT_SCADA,1,"2022/10/20 20:15:00",RT_SA3,0
D,DISPATCH,UNIT_SCADA,1,"2022/10/20 20:15:00",RT_SA4,0
D,DISPATCH,UNIT_SCADA,1,"2022/10/20 20:15:00",RT_SA5,0
D,DISPATCH,UNIT_SCADA,1,"2022/10/20 20:15:00",RT_SA6,0
D,DISPATCH,UNIT_SCADA,1,"2022/10/20 20:15:00",RT_TAS1,0
D,DISPATCH,UNIT_SCADA,1,"2022/10/20 20:15:00",RT_VIC1,0
D,DISPATCH,UNIT_SCADA,1,"2022/10/20 20:15:00",RT_VIC10,0
D,DISPATCH,UNIT_SCADA,1,"2022/10/20 20:15:00",RT_VIC11,0
D,DISPATCH,UNIT_SCADA,1,"2022/10/20 20:15:00",RT_VIC12,0
D,DISPATCH,UNIT_SCADA,1,"2022/10/20 20:15:00",RT_VIC2,0
D,DISPATCH,UNIT_SCADA,1,"2022/10/20 20:15:00",RT_VIC3,0
D,DISPATCH,UNIT_SCADA,1,"2022/10/20 20:15:00",RT_VIC4,0
D,DISPATCH,UNIT_SCADA,1,"2022/10/20 20:15:00",RT_VIC5,0
D,DISPATCH,UNIT_SCADA,1,"2022/10/20 20:15:00",RT_VIC6,0
D,DISPATCH,UNIT_SCADA,1,"2022/10/20 20:15:00",RT_VIC7,0
D,DISPATCH,UNIT_SCADA,1,"2022/10/20 20:15:00",RT_VIC8,0
D,DISPATCH,UNIT_SCADA,1,"2022/10/20 20:15:00",RT_VIC9,0
D,DISPATCH,UNIT_SCADA,1,"2022/10/20 20:15:00",RUGBYR1,0
D,DISPATCH,UNIT_SCADA,1,"2022/10/20 20:15:00",SALTCRK1,37.19
D,DISPATCH,UNIT_SCADA,1,"2022/10/20 20:15:00",SAPHWF1,251.677730
D,DISPATCH,UNIT_SCADA,1,"2022/10/20 20:15:00",SEBSF1,0
D,DISPATCH,UNIT_SCADA,1,"2022/10/20 20:15:00",SHGEN,80.032750
D,DISPATCH,UNIT_SCADA,1,"2022/10/20 20:15:00",SHPUMP,0
D,DISPATCH,UNIT_SCADA,1,"2022/10/20 20:15:00",SITHE01,0.133760
D,DISPATCH,UNIT_SCADA,1,"2022/10/20 20:15:00",SMCSF1,0
D,DISPATCH,UNIT_SCADA,1,"2022/10/20 20:15:00",SNAPPER1,0
D,DISPATCH,UNIT_SCADA,1,"2022/10/20 20:15:00",SNOWNTH1,33.70
D,DISPATCH,UNIT_SCADA,1,"2022/10/20 20:15:00",SNOWSTH1,18.80
D,DISPATCH,UNIT_SCADA,1,"2022/10/20 20:15:00",SNOWTWN1,27.257480
D,DISPATCH,UNIT_SCADA,1,"2022/10/20 20:15:00",SNOWYP,0
D,DISPATCH,UNIT_SCADA,1,"2022/10/20 20:15:00",SNUG1,0
D,DISPATCH,UNIT_SCADA,1,"2022/10/20 20:15:00",SRSF1,0
D,DISPATCH,UNIT_SCADA,1,"2022/10/20 20:15:00",STAN-1,276.479950
D,DISPATCH,UNIT_SCADA,1,"2022/10/20 20:15:00",STAN-2,363.1539
D,DISPATCH,UNIT_SCADA,1,"2022/10/20 20:15:00",STAN-3,362.8591
D,DISPATCH,UNIT_SCADA,1,"2022/10/20 20:15:00",STAN-4,360.795440
D,DISPATCH,UNIT_SCADA,1,"2022/10/20 20:15:00",STARHLWF,15.595450
D,DISPATCH,UNIT_SCADA,1,"2022/10/20 20:15:00",STOCKYD1,162.75
D,DISPATCH,UNIT_SCADA,1,"2022/10/20 20:15:00",STWF1,116.220640
D,DISPATCH,UNIT_SCADA,1,"2022/10/20 20:15:00",SUNRSF1,0
D,DISPATCH,UNIT_SCADA,1,"2022/10/20 20:15:00",SUNTPSF1,0
D,DISPATCH,UNIT_SCADA,1,"2022/10/20 20:15:00",SWAN_E,343.740630
D,DISPATCH,UNIT_SCADA,1,"2022/10/20 20:15:00",TALWA1,0
D,DISPATCH,UNIT_SCADA,1,"2022/10/20 20:15:00",TARALGA1,0
D,DISPATCH,UNIT_SCADA,1,"2022/10/20 20:15:00",TARONG#1,349.600010
D,DISPATCH,UNIT_SCADA,1,"2022/10/20 20:15:00",TARONG#2,347.200010
D,DISPATCH,UNIT_SCADA,1,"2022/10/20 20:15:00",TARONG#3,0.90
D,DISPATCH,UNIT_SCADA,1,"2022/10/20 20:15:00",TARONG#4,292.899990
D,DISPATCH,UNIT_SCADA,1,"2022/10/20 20:15:00",TARRALEA,54
D,DISPATCH,UNIT_SCADA,1,"2022/10/20 20:15:00",TBSF1,0
D,DISPATCH,UNIT_SCADA,1,"2022/10/20 20:15:00",TNPS1,417.999970
D,DISPATCH,UNIT_SCADA,1,"2022/10/20 20:15:00",TORRB1,0
D,DISPATCH,UNIT_SCADA,1,"2022/10/20 20:15:00",TORRB2,59
D,DISPATCH,UNIT_SCADA,1,"2022/10/20 20:15:00",TORRB3,0
D,DISPATCH,UNIT_SCADA,1,"2022/10/20 20:15:00",TORRB4,0
D,DISPATCH,UNIT_SCADA,1,"2022/10/20 20:15:00",TREVALLN,98.001560
D,DISPATCH,UNIT_SCADA,1,"2022/10/20 20:15:00",TRIBUTE,0
D,DISPATCH,UNIT_SCADA,1,"2022/10/20 20:15:00",TUMUT3,442.549990
D,DISPATCH,UNIT_SCADA,1,"2022/10/20 20:15:00",TUNGATIN,5.040020
D,DISPATCH,UNIT_SCADA,1,"2022/10/20 20:15:00",TVCC201,0
D,DISPATCH,UNIT_SCADA,1,"2022/10/20 20:15:00",TVPP104,57.865630
D,DISPATCH,UNIT_SCADA,1,"2022/10/20 20:15:00",UPPTUMUT,1.529130
D,DISPATCH,UNIT_SCADA,1,"2022/10/20 20:15:00",URANQ11,0
D,DISPATCH,UNIT_SCADA,1,"2022/10/20 20:15:00",URANQ12,0
D,DISPATCH,UNIT_SCADA,1,"2022/10/20 20:15:00",URANQ13,0
D,DISPATCH,UNIT_SCADA,1,"2022/10/20 20:15:00",URANQ14,0
D,DISPATCH,UNIT_SCADA,1,"2022/10/20 20:15:00",VBBG1,0
D,DISPATCH,UNIT_SCADA,1,"2022/10/20 20:15:00",VBBL1,3.70
D,DISPATCH,UNIT_SCADA,1,"2022/10/20 20:15:00",VP5,557.756290
D,DISPATCH,UNIT_SCADA,1,"2022/10/20 20:15:00",VP6,602.606260
D,DISPATCH,UNIT_SCADA,1,"2022/10/20 20:15:00",VPGS1,0
D,DISPATCH,UNIT_SCADA,1,"2022/10/20 20:15:00",VPGS2,0
D,DISPATCH,UNIT_SCADA,1,"2022/10/20 20:15:00",VPGS3,0
D,DISPATCH,UNIT_SCADA,1,"2022/10/20 20:15:00",VPGS4,0
D,DISPATCH,UNIT_SCADA,1,"2022/10/20 20:15:00",VPGS5,0
D,DISPATCH,UNIT_SCADA,1,"2022/10/20 20:15:00",VPGS6,0
D,DISPATCH,UNIT_SCADA,1,"2022/10/20 20:15:00",W/HOE#1,0
D,DISPATCH,UNIT_SCADA,1,"2022/10/20 20:15:00",W/HOE#2,0
D,DISPATCH,UNIT_SCADA,1,"2022/10/20 20:15:00",WAGGNSF1,0
D,DISPATCH,UNIT_SCADA,1,"2022/10/20 20:15:00",WALGRVG1,1.955610
D,DISPATCH,UNIT_SCADA,1,"2022/10/20 20:15:00",WALGRVL1,0
D,DISPATCH,UNIT_SCADA,1,"2022/10/20 20:15:00",WANDBG1,59.242090
D,DISPATCH,UNIT_SCADA,1,"2022/10/20 20:15:00",WANDBL1,0
D,DISPATCH,UNIT_SCADA,1,"2022/10/20 20:15:00",WARWSF1,0
D,DISPATCH,UNIT_SCADA,1,"2022/10/20 20:15:00",WARWSF2,0
D,DISPATCH,UNIT_SCADA,1,"2022/10/20 20:15:00",WATERLWF,13.60
D,DISPATCH,UNIT_SCADA,1,"2022/10/20 20:15:00",WDGPH1,0
D,DISPATCH,UNIT_SCADA,1,"2022/10/20 20:15:00",WELLSF1,0
D,DISPATCH,UNIT_SCADA,1,"2022/10/20 20:15:00",WEMENSF1,0
D,DISPATCH,UNIT_SCADA,1,"2022/10/20 20:15:00",WGWF1,9.70
D,DISPATCH,UNIT_SCADA,1,"2022/10/20 20:15:00",WHITSF1,0
D,DISPATCH,UNIT_SCADA,1,"2022/10/20 20:15:00",WINTSF1,0
D,DISPATCH,UNIT_SCADA,1,"2022/10/20 20:15:00",WKIEWA1,33.80
D,DISPATCH,UNIT_SCADA,1,"2022/10/20 20:15:00",WKIEWA2,34
D,DISPATCH,UNIT_SCADA,1,"2022/10/20 20:15:00",WOODLWN1,39.582150
D,DISPATCH,UNIT_SCADA,1,"2022/10/20 20:15:00",WOOLGSF1,0
D,DISPATCH,UNIT_SCADA,1,"2022/10/20 20:15:00",WPWF,54.80
D,DISPATCH,UNIT_SCADA,1,"2022/10/20 20:15:00",WRSF1,0
D,DISPATCH,UNIT_SCADA,1,"2022/10/20 20:15:00",WRWF1,125.505460
D,DISPATCH,UNIT_SCADA,1,"2022/10/20 20:15:00",WSTWYSF1,0
D,DISPATCH,UNIT_SCADA,1,"2022/10/20 20:15:00",YABULU,153.270020
D,DISPATCH,UNIT_SCADA,1,"2022/10/20 20:15:00",YABULU2,0
D,DISPATCH,UNIT_SCADA,1,"2022/10/20 20:15:00",YARANSF1,0
D,DISPATCH,UNIT_SCADA,1,"2022/10/20 20:15:00",YARWUN_1,163.539990
D,DISPATCH,UNIT_SCADA,1,"2022/10/20 20:15:00",YATSF1,0
D,DISPATCH,UNIT_SCADA,1,"2022/10/20 20:15:00",YENDWF1,11.74
D,DISPATCH,UNIT_SCADA,1,"2022/10/20 20:15:00",YWPS1,343.356960
D,DISPATCH,UNIT_SCADA,1,"2022/10/20 20:15:00",YWPS2,358.645570
D,DISPATCH,UNIT_SCADA,1,"2022/10/20 20:15:00",YWPS3,359.106320
D,DISPATCH,UNIT_SCADA,1,"2022/10/20 20:15:00",YWPS4,0
C,"END OF REPORT",419
