C,NEMP.WORLD,DISPATCHSCADA,AEMO,PUBLIC,2022/10/20,16:55:09,0000000373268552,DISPATCHSCADA,0000000373268546
I,DISPATCH,UNIT_SCADA,1,SETTLEMENTDATE,DUID,SCADAVALUE
D,DISPATCH,UNIT_SCADA,1,"2022/10/20 17:00:00",BARCSF1,6.80
D,DISPATCH,UNIT_SCADA,1,"2022/10/20 17:00:00",BUTLERSG,8.699999
D,DISPATCH,UNIT_SCADA,1,"2022/10/20 17:00:00",CAPTL_WF,79.692627
D,DISPATCH,UNIT_SCADA,1,"2022/10/20 17:00:00",CHALLHWF,11.50
D,DISPATCH,UNIT_SCADA,1,"2022/10/20 17:00:00",CLOVER,10.41
D,DISPATCH,UNIT_SCADA,1,"2022/10/20 17:00:00",CLUNY,6.343328
D,DISPATCH,UNIT_SCADA,1,"2022/10/20 17:00:00",CULLRGWF,-0.03
D,DISPATCH,UNIT_SCADA,1,"2022/10/20 17:00:00",DIAPURWF1,1.30
D,DISPATCH,UNIT_SCADA,1,"2022/10/20 17:00:00",ERGT01,0
D,DISPATCH,UNIT_SCADA,1,"2022/10/20 17:00:00",GB01,0
D,DISPATCH,UNIT_SCADA,1,"2022/10/20 17:00:00",GERMCRK,21.90
D,DISPATCH,UNIT_SCADA,1,"2022/10/20 17:00:00",GRIFSF1,4.701304
D,DISPATCH,UNIT_SCADA,1,"2022/10/20 17:00:00",HEZ1,0
D,DISPATCH,UNIT_SCADA,1,"2022/10/20 17:00:00",HUGSF1,1.8530
D,DISPATCH,UNIT_SCADA,1,"2022/10/20 17:00:00",KEPBG1,0.01
D,DISPATCH,UNIT_SCADA,1,"2022/10/20 17:00:00",LRSF1,10.342001
D,DISPATCH,UNIT_SCADA,1,"2022/10/20 17:00:00",MBAHNTH,43.668747
D,DISPATCH,UNIT_SCADA,1,"2022/10/20 17:00:00",MLSP1,0.489001
D,DISPATCH,UNIT_SCADA,1,"2022/10/20 17:00:00",MLWF1,8.46
D,DISPATCH,UNIT_SCADA,1,"2022/10/20 17:00:00",PALOONA,30.309999
D,DISPATCH,UNIT_SCADA,1,"2022/10/20 17:00:00",PIONEER,25.40
D,DISPATCH,UNIT_SCADA,1,"2022/10/20 17:00:00",PORTWF,33.700001
D,DISPATCH,UNIT_SCADA,1,"2022/10/20 17:00:00",REPULSE,9.499046
D,DISPATCH,UNIT_SCADA,1,"2022/10/20 17:00:00",ROWALLAN,8.9531
D,DISPATCH,UNIT_SCADA,1,"2022/10/20 17:00:00",ROYALLA1,1.890003
D,DISPATCH,UNIT_SCADA,1,"2022/10/20 17:00:00",RPCG,-1.80
D,DISPATCH,UNIT_SCADA,1,"2022/10/20 17:00:00",RUBICON,0
D,DISPATCH,UNIT_SCADA,1,"2022/10/20 17:00:00",WAUBRAWF,62.183998
D,DISPATCH,UNIT_SCADA,1,"2022/10/20 17:00:00",WOOLNTH1,96.779999
D,DISPATCH,UNIT_SCADA,1,"2022/10/20 17:00:00",YAMBUKWF,2.90
D,DISPATCH,UNIT_SCADA,1,"2022/10/20 17:00:00",YSWF1,1.40
D,DISPATCH,UNIT_SCADA,1,"2022/10/20 17:00:00",ADPBA1G,0.0080
D,DISPATCH,UNIT_SCADA,1,"2022/10/20 17:00:00",ADPBA1L,0
D,DISPATCH,UNIT_SCADA,1,"2022/10/20 17:00:00",ADPPV1,8.7740
D,DISPATCH,UNIT_SCADA,1,"2022/10/20 17:00:00",AGLHAL,30.579560
D,DISPATCH,UNIT_SCADA,1,"2022/10/20 17:00:00",AGLSOM,0
D,DISPATCH,UNIT_SCADA,1,"2022/10/20 17:00:00",ANGAST1,0
D,DISPATCH,UNIT_SCADA,1,"2022/10/20 17:00:00",ARWF1,70
D,DISPATCH,UNIT_SCADA,1,"2022/10/20 17:00:00",BALBG1,0
D,DISPATCH,UNIT_SCADA,1,"2022/10/20 17:00:00",BALBL1,0
D,DISPATCH,UNIT_SCADA,1,"2022/10/20 17:00:00",BALDHWF1,104.1010
D,DISPATCH,UNIT_SCADA,1,"2022/10/20 17:00:00",BANGOWF1,82.996870
D,DISPATCH,UNIT_SCADA,1,"2022/10/20 17:00:00",BANGOWF2,8.898830
D,DISPATCH,UNIT_SCADA,1,"2022/10/20 17:00:00",BANN1,13.24
D,DISPATCH,UNIT_SCADA,1,"2022/10/20 17:00:00",BARCALDN,0
D,DISPATCH,UNIT_SCADA,1,"2022/10/20 17:00:00",BARKIPS1,0
D,DISPATCH,UNIT_SCADA,1,"2022/10/20 17:00:00",BARRON-1,25.64
D,DISPATCH,UNIT_SCADA,1,"2022/10/20 17:00:00",BARRON-2,25.28
D,DISPATCH,UNIT_SCADA,1,"2022/10/20 17:00:00",BASTYAN,52.70
D,DISPATCH,UNIT_SCADA,1,"2022/10/20 17:00:00",BBTHREE1,0
D,DISPATCH,UNIT_SCADA,1,"2022/10/20 17:00:00",BBTHREE2,0
D,DISPATCH,UNIT_SCADA,1,"2022/10/20 17:00:00",BBTHREE3,-1.11
D,DISPATCH,UNIT_SCADA,1,"2022/10/20 17:00:00",BDL01,0
D,DISPATCH,UNIT_SCADA,1,"2022/10/20 17:00:00",BDL02,0
D,DISPATCH,UNIT_SCADA,1,"2022/10/20 17:00:00",BERYLSF1,7.050540
D,DISPATCH,UNIT_SCADA,1,"2022/10/20 17:00:00",BLOWERNG,62.50
D,DISPATCH,UNIT_SCADA,1,"2022/10/20 17:00:00",BLUEGSF1,10.066940
D,DISPATCH,UNIT_SCADA,1,"2022/10/20 17:00:00",BLUFF1,0
D,DISPATCH,UNIT_SCADA,1,"2022/10/20 17:00:00",BNGSF1,103.18
D,DISPATCH,UNIT_SCADA,1,"2022/10/20 17:00:00",BNGSF2,104.93
D,DISPATCH,UNIT_SCADA,1,"2022/10/20 17:00:00",BOCORWF1,68.58
D,DISPATCH,UNIT_SCADA,1,"2022/10/20 17:00:00",BODWF1,88.451630
D,DISPATCH,UNIT_SCADA,1,"2022/10/20 17:00:00",BOMENSF1,15.950560
D,DISPATCH,UNIT_SCADA,1,"2022/10/20 17:00:00",BOWWBA1G,0
D,DISPATCH,UNIT_SCADA,1,"2022/10/20 17:00:00",BOWWBA1L,0.0020
D,DISPATCH,UNIT_SCADA,1,"2022/10/20 17:00:00",BOWWPV1,0
D,DISPATCH,UNIT_SCADA,1,"2022/10/20 17:00:00",BRAEMAR1,0
D,DISPATCH,UNIT_SCADA,1,"2022/10/20 17:00:00",BRAEMAR2,0
D,DISPATCH,UNIT_SCADA,1,"2022/10/20 17:00:00",BRAEMAR3,0
D,DISPATCH,UNIT_SCADA,1,"2022/10/20 17:00:00",BRAEMAR5,144.921690
D,DISPATCH,UNIT_SCADA,1,"2022/10/20 17:00:00",BRAEMAR6,0
D,DISPATCH,UNIT_SCADA,1,"2022/10/20 17:00:00",BRAEMAR7,140.399810
D,DISPATCH,UNIT_SCADA,1,"2022/10/20 17:00:00",BROKENH1,15.199770
D,DISPATCH,UNIT_SCADA,1,"2022/10/20 17:00:00",BRYB1WF1,89.8970
D,DISPATCH,UNIT_SCADA,1,"2022/10/20 17:00:00",BULBESG1,0
D,DISPATCH,UNIT_SCADA,1,"2022/10/20 17:00:00",BULBESL1,1.81
D,DISPATCH,UNIT_SCADA,1,"2022/10/20 17:00:00",BULGANA1,54.01
D,DISPATCH,UNIT_SCADA,1,"2022/10/20 17:00:00",BW01,658.884580
D,DISPATCH,UNIT_SCADA,1,"2022/10/20 17:00:00",BW02,618.796080
D,DISPATCH,UNIT_SCADA,1,"2022/10/20 17:00:00",BW03,515.400940
D,DISPATCH,UNIT_SCADA,1,"2022/10/20 17:00:00",BW04,0
D,DISPATCH,UNIT_SCADA,1,"2022/10/20 17:00:00",CALL_B_1,319.899990
D,DISPATCH,UNIT_SCADA,1,"2022/10/20 17:00:00",CALL_B_2,319.600010
D,DISPATCH,UNIT_SCADA,1,"2022/10/20 17:00:00",CATHROCK,10.40
D,DISPATCH,UNIT_SCADA,1,"2022/10/20 17:00:00",CBWWBA1G,0
D,DISPATCH,UNIT_SCADA,1,"2022/10/20 17:00:00",CBWWBA1L,0
D,DISPATCH,UNIT_SCADA,1,"2022/10/20 17:00:00",CETHANA,97.9450
D,DISPATCH,UNIT_SCADA,1,"2022/10/20 17:00:00",CG1,0
D,DISPATCH,UNIT_SCADA,1,"2022/10/20 17:00:00",CG2,0
D,DISPATCH,UNIT_SCADA,1,"2022/10/20 17:00:00",CG3,0
D,DISPATCH,UNIT_SCADA,1,"2022/10/20 17:00:00",CG4,0
D,DISPATCH,UNIT_SCADA,1,"2022/10/20 17:00:00",CHILDSF1,1.30
D,DISPATCH,UNIT_SCADA,1,"2022/10/20 17:00:00",CHYTWF1,9.66
D,DISPATCH,UNIT_SCADA,1,"2022/10/20 17:00:00",CLARESF1,0
D,DISPATCH,UNIT_SCADA,1,"2022/10/20 17:00:00",CLEMGPWF,12.606120
D,DISPATCH,UNIT_SCADA,1,"2022/10/20 17:00:00",CLERMSF1,17.10
D,DISPATCH,UNIT_SCADA,1,"2022/10/20 17:00:00",CNUNDAWF,6.607710
D,DISPATCH,UNIT_SCADA,1,"2022/10/20 17:00:00",COHUNSF1,6.36
D,DISPATCH,UNIT_SCADA,1,"2022/10/20 17:00:00",COLEASF1,7.700850
D,DISPATCH,UNIT_SCADA,1,"2022/10/20 17:00:00",COLUMSF1,5.8650
D,DISPATCH,UNIT_SCADA,1,"2022/10/20 17:00:00",COLWF01,108.097960
D,DISPATCH,UNIT_SCADA,1,"2022/10/20 17:00:00",COOPGWF1,330.47
D,DISPATCH,UNIT_SCADA,1,"2022/10/20 17:00:00",CPP_3,370.975010
D,DISPATCH,UNIT_SCADA,1,"2022/10/20 17:00:00",CPP_4,0
D,DISPATCH,UNIT_SCADA,1,"2022/10/20 17:00:00",CPSA,0
D,DISPATCH,UNIT_SCADA,1,"2022/10/20 17:00:00",CROOKWF2,66.6740
D,DISPATCH,UNIT_SCADA,1,"2022/10/20 17:00:00",CROWLWF1,36.816890
D,DISPATCH,UNIT_SCADA,1,"2022/10/20 17:00:00",CRURWF1,46.399560
D,DISPATCH,UNIT_SCADA,1,"2022/10/20 17:00:00",CRWASF1,9.081860
D,DISPATCH,UNIT_SCADA,1,"2022/10/20 17:00:00",CSPVPS1,4.2180
D,DISPATCH,UNIT_SCADA,1,"2022/10/20 17:00:00",CTHLWF1,0.003050
D,DISPATCH,UNIT_SCADA,1,"2022/10/20 17:00:00",DALNTH01,0
D,DISPATCH,UNIT_SCADA,1,"2022/10/20 17:00:00",DALNTHL1,0.117490
D,DISPATCH,UNIT_SCADA,1,"2022/10/20 17:00:00",DARLSF1,68.461430
D,DISPATCH,UNIT_SCADA,1,"2022/10/20 17:00:00",DARTM1,0
D,DISPATCH,UNIT_SCADA,1,"2022/10/20 17:00:00",DAYDSF1,12.4780
D,DISPATCH,UNIT_SCADA,1,"2022/10/20 17:00:00",DDPS1,0
D,DISPATCH,UNIT_SCADA,1,"2022/10/20 17:00:00",DDSF1,5.721340
D,DISPATCH,UNIT_SCADA,1,"2022/10/20 17:00:00",DEVILS_G,60.502330
D,DISPATCH,UNIT_SCADA,1,"2022/10/20 17:00:00",DG_NSW1,0
D,DISPATCH,UNIT_SCADA,1,"2022/10/20 17:00:00",DG_QLD1,0
D,DISPATCH,UNIT_SCADA,1,"2022/10/20 17:00:00",DG_SA1,0
D,DISPATCH,UNIT_SCADA,1,"2022/10/20 17:00:00",DG_TAS1,0
D,DISPATCH,UNIT_SCADA,1,"2022/10/20 17:00:00",DG_VIC1,0
D,DISPATCH,UNIT_SCADA,1,"2022/10/20 17:00:00",DRYCGT1,0
D,DISPATCH,UNIT_SCADA,1,"2022/10/20 17:00:00",DRYCGT2,0
D,DISPATCH,UNIT_SCADA,1,"2022/10/20 17:00:00",DRYCGT3,0
D,DISPATCH,UNIT_SCADA,1,"2022/10/20 17:00:00",DUNDWF1,64.58
D,DISPATCH,UNIT_SCADA,1,"2022/10/20 17:00:00",DUNDWF2,12.36
D,DISPATCH,UNIT_SCADA,1,"2022/10/20 17:00:00",DUNDWF3,58.21
D,DISPATCH,UNIT_SCADA,1,"2022/10/20 17:00:00",EILDON1,59.76
D,DISPATCH,UNIT_SCADA,1,"2022/10/20 17:00:00",EILDON2,60.20
D,DISPATCH,UNIT_SCADA,1,"2022/10/20 17:00:00",ELAINWF1,21.12
D,DISPATCH,UNIT_SCADA,1,"2022/10/20 17:00:00",EMERASF1,0
D,DISPATCH,UNIT_SCADA,1,"2022/10/20 17:00:00",ER01,0
D,DISPATCH,UNIT_SCADA,1,"2022/10/20 17:00:00",ER02,679.880980
D,DISPATCH,UNIT_SCADA,1,"2022/10/20 17:00:00",ER03,639.353030
D,DISPATCH,UNIT_SCADA,1,"2022/10/20 17:00:00",ER04,689.158450
D,DISPATCH,UNIT_SCADA,1,"2022/10/20 17:00:00",FINLYSF1,110.148770
D,DISPATCH,UNIT_SCADA,1,"2022/10/20 17:00:00",FISHER,43.89
D,DISPATCH,UNIT_SCADA,1,"2022/10/20 17:00:00",GANGARR1,14.7710
D,DISPATCH,UNIT_SCADA,1,"2022/10/20 17:00:00",GANNBG1,0
D,DISPATCH,UNIT_SCADA,1,"2022/10/20 17:00:00",GANNBL1,0.091250
D,DISPATCH,UNIT_SCADA,1,"2022/10/20 17:00:00",GANNSF1,42.50
D,DISPATCH,UNIT_SCADA,1,"2022/10/20 17:00:00",GLRWNSF1,29.10
D,DISPATCH,UNIT_SCADA,1,"2022/10/20 17:00:00",GNNDHSF1,19.580450
D,DISPATCH,UNIT_SCADA,1,"2022/10/20 17:00:00",GOONSF1,7.738160
D,DISPATCH,UNIT_SCADA,1,"2022/10/20 17:00:00",GORDON,261.139860
D,DISPATCH,UNIT_SCADA,1,"2022/10/20 17:00:00",GRANWF1,0
D,DISPATCH,UNIT_SCADA,1,"2022/10/20 17:00:00",GSTONE1,200.20
D,DISPATCH,UNIT_SCADA,1,"2022/10/20 17:00:00",GSTONE2,0
D,DISPATCH,UNIT_SCADA,1,"2022/10/20 17:00:00",GSTONE3,199.849990
D,DISPATCH,UNIT_SCADA,1,"2022/10/20 17:00:00",GSTONE4,0
D,DISPATCH,UNIT_SCADA,1,"2022/10/20 17:00:00",GSTONE5,200.899990
D,DISPATCH,UNIT_SCADA,1,"2022/10/20 17:00:00",GSTONE6,201.25
D,DISPATCH,UNIT_SCADA,1,"2022/10/20 17:00:00",GULLRSF1,0.2650
D,DISPATCH,UNIT_SCADA,1,"2022/10/20 17:00:00",GULLRWF1,111.8533
D,DISPATCH,UNIT_SCADA,1,"2022/10/20 17:00:00",GULLRWF2,102.014740
D,DISPATCH,UNIT_SCADA,1,"2022/10/20 17:00:00",GUNNING1,0
D,DISPATCH,UNIT_SCADA,1,"2022/10/20 17:00:00",GUTHEGA,68
D,DISPATCH,UNIT_SCADA,1,"2022/10/20 17:00:00",HALLWF1,0
D,DISPATCH,UNIT_SCADA,1,"2022/10/20 17:00:00",HALLWF2,0
D,DISPATCH,UNIT_SCADA,1,"2022/10/20 17:00:00",HAMISF1,4.40
D,DISPATCH,UNIT_SCADA,1,"2022/10/20 17:00:00",HAUGHT11,0
D,DISPATCH,UNIT_SCADA,1,"2022/10/20 17:00:00",HAYMSF1,3.6020
D,DISPATCH,UNIT_SCADA,1,"2022/10/20 17:00:00",HDWF1,17.10
D,DISPATCH,UNIT_SCADA,1,"2022/10/20 17:00:00",HDWF2,24.20
D,DISPATCH,UNIT_SCADA,1,"2022/10/20 17:00:00",HDWF3,24.90
D,DISPATCH,UNIT_SCADA,1,"2022/10/20 17:00:00",HILLSTN1,0.211320
D,DISPATCH,UNIT_SCADA,1,"2022/10/20 17:00:00",HPRG1,1
D,DISPATCH,UNIT_SCADA,1,"2022/10/20 17:00:00",HPRL1,0
D,DISPATCH,UNIT_SCADA,1,"2022/10/20 17:00:00",HUMENSW,54.785920
D,DISPATCH,UNIT_SCADA,1,"2022/10/20 17:00:00",HUMEV,0
D,DISPATCH,UNIT_SCADA,1,"2022/10/20 17:00:00",HVWWBA1G,0
D,DISPATCH,UNIT_SCADA,1,"2022/10/20 17:00:00",HVWWBA1L,0.0070
D,DISPATCH,UNIT_SCADA,1,"2022/10/20 17:00:00",HVWWPV1,4.2050
D,DISPATCH,UNIT_SCADA,1,"2022/10/20 17:00:00",JBUTTERS,0
D,DISPATCH,UNIT_SCADA,1,"2022/10/20 17:00:00",JEMALNG1,7.04
D,DISPATCH,UNIT_SCADA,1,"2022/10/20 17:00:00",JLA01,0
D,DISPATCH,UNIT_SCADA,1,"2022/10/20 17:00:00",JLA02,0
D,DISPATCH,UNIT_SCADA,1,"2022/10/20 17:00:00",JLA03,0
D,DISPATCH,UNIT_SCADA,1,"2022/10/20 17:00:00",JLA04,0
D,DISPATCH,UNIT_SCADA,1,"2022/10/20 17:00:00",JLB01,0
D,DISPATCH,UNIT_SCADA,1,"2022/10/20 17:00:00",JLB02,0.10
D,DISPATCH,UNIT_SCADA,1,"2022/10/20 17:00:00",JLB03,0
D,DISPATCH,UNIT_SCADA,1,"2022/10/20 17:00:00",JUNEESF1,2.163970
D,DISPATCH,UNIT_SCADA,1,"2022/10/20 17:00:00",KABANWF1,1.8520
D,DISPATCH,UNIT_SCADA,1,"2022/10/20 17:00:00",KAREEYA1,18.0250
D,DISPATCH,UNIT_SCADA,1,"2022/10/20 17:00:00",KAREEYA2,0
D,DISPATCH,UNIT_SCADA,1,"2022/10/20 17:00:00",KAREEYA3,21.5725
D,DISPATCH,UNIT_SCADA,1,"2022/10/20 17:00:00",KAREEYA4,0
D,DISPATCH,UNIT_SCADA,1,"2022/10/20 17:00:00",KARSF1,42.90
D,DISPATCH,UNIT_SCADA,1,"2022/10/20 17:00:00",KEPSF1,0.50
D,DISPATCH,UNIT_SCADA,1,"2022/10/20 17:00:00",KEPWF1,24.76
D,DISPATCH,UNIT_SCADA,1,"2022/10/20 17:00:00",KIAMSF1,23.128860
D,DISPATCH,UNIT_SCADA,1,"2022/10/20 17:00:00",KIATAWF1,5.30
D,DISPATCH,UNIT_SCADA,1,"2022/10/20 17:00:00",KPP_1,0
D,DISPATCH,UNIT_SCADA,1,"2022/10/20 17:00:00",KSP1,2.86
D,DISPATCH,UNIT_SCADA,1,"2022/10/20 17:00:00",LADBROK1,0.01
D,DISPATCH,UNIT_SCADA,1,"2022/10/20 17:00:00",LADBROK2,0.02
D,DISPATCH,UNIT_SCADA,1,"2022/10/20 17:00:00",LBBG1,0
D,DISPATCH,UNIT_SCADA,1,"2022/10/20 17:00:00",LBBL1,0
D,DISPATCH,UNIT_SCADA,1,"2022/10/20 17:00:00",LD01,348.442020
D,DISPATCH,UNIT_SCADA,1,"2022/10/20 17:00:00",LD02,29.242840
D,DISPATCH,UNIT_SCADA,1,"2022/10/20 17:00:00",LD04,316.782140
D,DISPATCH,UNIT_SCADA,1,"2022/10/20 17:00:00",LEM_WIL,86.776810
D,DISPATCH,UNIT_SCADA,1,"2022/10/20 17:00:00",LGAPWF1,72.76
D,DISPATCH,UNIT_SCADA,1,"2022/10/20 17:00:00",LGAPWF2,45.87
D,DISPATCH,UNIT_SCADA,1,"2022/10/20 17:00:00",LILYSF1,4.947970
D,DISPATCH,UNIT_SCADA,1,"2022/10/20 17:00:00",LIMOSF11,38.415660
D,DISPATCH,UNIT_SCADA,1,"2022/10/20 17:00:00",LIMOSF21,5.190660
D,DISPATCH,UNIT_SCADA,1,"2022/10/20 17:00:00",LI_WY_CA,63.119840
D,DISPATCH,UNIT_SCADA,1,"2022/10/20 17:00:00",LKBONNY1,11.610230
D,DISPATCH,UNIT_SCADA,1,"2022/10/20 17:00:00",LKBONNY2,18.459260
D,DISPATCH,UNIT_SCADA,1,"2022/10/20 17:00:00",LKBONNY3,2.735280
D,DISPATCH,UNIT_SCADA,1,"2022/10/20 17:00:00",LK_ECHO,0
D,DISPATCH,UNIT_SCADA,1,"2022/10/20 17:00:00",LNGS1,0
D,DISPATCH,UNIT_SCADA,1,"2022/10/20 17:00:00",LNGS2,0
D,DISPATCH,UNIT_SCADA,1,"2022/10/20 17:00:00",LONSDALE,0
D,DISPATCH,UNIT_SCADA,1,"2022/10/20 17:00:00",LOYYB1,581.202510
D,DISPATCH,UNIT_SCADA,1,"2022/10/20 17:00:00",LOYYB2,574.8114
D,DISPATCH,UNIT_SCADA,1,"2022/10/20 17:00:00",LYA1,560
D,DISPATCH,UNIT_SCADA,1,"2022/10/20 17:00:00",LYA2,0
D,DISPATCH,UNIT_SCADA,1,"2022/10/20 17:00:00",LYA3,560
D,DISPATCH,UNIT_SCADA,1,"2022/10/20 17:00:00",LYA4,560
D,DISPATCH,UNIT_SCADA,1,"2022/10/20 17:00:00",MACARTH1,52.898780
D,DISPATCH,UNIT_SCADA,1,"2022/10/20 17:00:00",MACKNTSH,0
D,DISPATCH,UNIT_SCADA,1,"2022/10/20 17:00:00",MANSLR1,4.47
D,DISPATCH,UNIT_SCADA,1,"2022/10/20 17:00:00",MAPS2PV1,0
D,DISPATCH,UNIT_SCADA,1,"2022/10/20 17:00:00",MAPS3PV1,0
D,DISPATCH,UNIT_SCADA,1,"2022/10/20 17:00:00",MARYRSF1,2.57
D,DISPATCH,UNIT_SCADA,1,"2022/10/20 17:00:00",MBPS2PV1,0
D,DISPATCH,UNIT_SCADA,1,"2022/10/20 17:00:00",MCKAY1,220.42
D,DISPATCH,UNIT_SCADA,1,"2022/10/20 17:00:00",MEADOWBK,5.7160
D,DISPATCH,UNIT_SCADA,1,"2022/10/20 17:00:00",MERCER01,25.50
D,DISPATCH,UNIT_SCADA,1,"2022/10/20 17:00:00",METZSF1,53.9992
D,DISPATCH,UNIT_SCADA,1,"2022/10/20 17:00:00",MEWF1,15.463420
D,DISPATCH,UNIT_SCADA,1,"2022/10/20 17:00:00",MIDDLSF1,3.71
D,DISPATCH,UNIT_SCADA,1,"2022/10/20 17:00:00",MINTARO,0.128180
D,DISPATCH,UNIT_SCADA,1,"2022/10/20 17:00:00",MOLNGSF1,2.821090
D,DISPATCH,UNIT_SCADA,1,"2022/10/20 17:00:00",MOORAWF1,34.72
D,DISPATCH,UNIT_SCADA,1,"2022/10/20 17:00:00",MOREESF1,0.8960
D,DISPATCH,UNIT_SCADA,1,"2022/10/20 17:00:00",MORTLK11,0
D,DISPATCH,UNIT_SCADA,1,"2022/10/20 17:00:00",MORTLK12,0
D,DISPATCH,UNIT_SCADA,1,"2022/10/20 17:00:00",MOUSF1,0
D,DISPATCH,UNIT_SCADA,1,"2022/10/20 17:00:00",MP1,0
D,DISPATCH,UNIT_SCADA,1,"2022/10/20 17:00:00",MP2,597.604310
D,DISPATCH,UNIT_SCADA,1,"2022/10/20 17:00:00",MPP_1,165.151410
D,DISPATCH,UNIT_SCADA,1,"2022/10/20 17:00:00",MPP_2,177.648770
D,DISPATCH,UNIT_SCADA,1,"2022/10/20 17:00:00",MRTLSWF1,0
D,DISPATCH,UNIT_SCADA,1,"2022/10/20 17:00:00",MSTUART1,0
D,DISPATCH,UNIT_SCADA,1,"2022/10/20 17:00:00",MSTUART2,0
D,DISPATCH,UNIT_SCADA,1,"2022/10/20 17:00:00",MSTUART3,0
D,DISPATCH,UNIT_SCADA,1,"2022/10/20 17:00:00",MTGELWF1,46.424760
D,DISPATCH,UNIT_SCADA,1,"2022/10/20 17:00:00",MTMILLAR,11.50
D,DISPATCH,UNIT_SCADA,1,"2022/10/20 17:00:00",MURRAY,0
D,DISPATCH,UNIT_SCADA,1,"2022/10/20 17:00:00",MUSSELR1,3.50
D,DISPATCH,UNIT_SCADA,1,"2022/10/20 17:00:00",MUWAWF1,22.87
D,DISPATCH,UNIT_SCADA,1,"2022/10/20 17:00:00",MUWAWF2,33.20
D,DISPATCH,UNIT_SCADA,1,"2022/10/20 17:00:00",MWPS1PV1,0.60
D,DISPATCH,UNIT_SCADA,1,"2022/10/20 17:00:00",MWPS2PV1,3.52
D,DISPATCH,UNIT_SCADA,1,"2022/10/20 17:00:00",MWPS3PV1,1.58
D,DISPATCH,UNIT_SCADA,1,"2022/10/20 17:00:00",MWPS4PV1,0.71
D,DISPATCH,UNIT_SCADA,1,"2022/10/20 17:00:00",NBHWF1,0.90
D,DISPATCH,UNIT_SCADA,1,"2022/10/20 17:00:00",NEVERSF1,1.70
D,DISPATCH,UNIT_SCADA,1,"2022/10/20 17:00:00",NPS,0
D,DISPATCH,UNIT_SCADA,1,"2022/10/20 17:00:00",NUMURSF1,12.26
D,DISPATCH,UNIT_SCADA,1,"2022/10/20 17:00:00",NYNGAN1,14
D,DISPATCH,UNIT_SCADA,1,"2022/10/20 17:00:00",OAKEY1,125.736820
D,DISPATCH,UNIT_SCADA,1,"2022/10/20 17:00:00",OAKEY1SF,2.1620
D,DISPATCH,UNIT_SCADA,1,"2022/10/20 17:00:00",OAKEY2,0
D,DISPATCH,UNIT_SCADA,1,"2022/10/20 17:00:00",OAKEY2SF,4.72
D,DISPATCH,UNIT_SCADA,1,"2022/10/20 17:00:00",OAKLAND1,17.70
D,DISPATCH,UNIT_SCADA,1,"2022/10/20 17:00:00",OSB-AG,147.819990
D,DISPATCH,UNIT_SCADA,1,"2022/10/20 17:00:00",PAREPS1,0
D,DISPATCH,UNIT_SCADA,1,"2022/10/20 17:00:00",PAREPW1,179.19
D,DISPATCH,UNIT_SCADA,1,"2022/10/20 17:00:00",PARSF1,6.001370
D,DISPATCH,UNIT_SCADA,1,"2022/10/20 17:00:00",POAT110,3.07
D,DISPATCH,UNIT_SCADA,1,"2022/10/20 17:00:00",POAT220,0
D,DISPATCH,UNIT_SCADA,1,"2022/10/20 17:00:00",POR01,0.008670
D,DISPATCH,UNIT_SCADA,1,"2022/10/20 17:00:00",POR03,0
D,DISPATCH,UNIT_SCADA,1,"2022/10/20 17:00:00",PPCCGT,164.156680
D,DISPATCH,UNIT_SCADA,1,"2022/10/20 17:00:00",PTSTAN1,0
D,DISPATCH,UNIT_SCADA,1,"2022/10/20 17:00:00",PUMP1,0
D,DISPATCH,UNIT_SCADA,1,"2022/10/20 17:00:00",PUMP2,0
D,DISPATCH,UNIT_SCADA,1,"2022/10/20 17:00:00",QBYNBG1,0
D,DISPATCH,UNIT_SCADA,1,"2022/10/20 17:00:00",QBYNBL1,2.359460
D,DISPATCH,UNIT_SCADA,1,"2022/10/20 17:00:00",QPS1,0
D,DISPATCH,UNIT_SCADA,1,"2022/10/20 17:00:00",QPS2,0
D,DISPATCH,UNIT_SCADA,1,"2022/10/20 17:00:00",QPS3,0
D,DISPATCH,UNIT_SCADA,1,"2022/10/20 17:00:00",QPS4,0
D,DISPATCH,UNIT_SCADA,1,"2022/10/20 17:00:00",QPS5,72.70
D,DISPATCH,UNIT_SCADA,1,"2022/10/20 17:00:00",REECE1,47.004610
D,DISPATCH,UNIT_SCADA,1,"2022/10/20 17:00:00",REECE2,35.65
D,DISPATCH,UNIT_SCADA,1,"2022/10/20 17:00:00",ROMA_7,0
D,DISPATCH,UNIT_SCADA,1,"2022/10/20 17:00:00",ROMA_8,0
D,DISPATCH,UNIT_SCADA,1,"2022/10/20 17:00:00",RRSF1,38.253450
D,DISPATCH,UNIT_SCADA,1,"2022/10/20 17:00:00",RT_NSW1,0
D,DISPATCH,UNIT_SCADA,1,"2022/10/20 17:00:00",RT_NSW2,0
D,DISPATCH,UNIT_SCADA,1,"2022/10/20 17:00:00",RT_NSW3,0
D,DISPATCH,UNIT_SCADA,1,"2022/10/20 17:00:00",RT_NSW4,0
D,DISPATCH,UNIT_SCADA,1,"2022/10/20 17:00:00",RT_NSW5,0
D,DISPATCH,UNIT_SCADA,1,"2022/10/20 17:00:00",RT_NSW6,0
D,DISPATCH,UNIT_SCADA,1,"2022/10/20 17:00:00",RT_QLD1,0
D,DISPATCH,UNIT_SCADA,1,"2022/10/20 17:00:00",RT_SA1,0
D,DISPATCH,UNIT_SCADA,1,"2022/10/20 17:00:00",RT_SA2,0
D,DISPATCH,UNIT_SCADA,1,"2022/10/20 17:00:00",RT_SA3,0
D,DISPATCH,UNIT_SCADA,1,"2022/10/20 17:00:00",RT_SA4,0
D,DISPATCH,UNIT_SCADA,1,"2022/10/20 17:00:00",RT_SA5,0
D,DISPATCH,UNIT_SCADA,1,"2022/10/20 17:00:00",RT_SA6,0
D,DISPATCH,UNIT_SCADA,1,"2022/10/20 17:00:00",RT_TAS1,0
D,DISPATCH,UNIT_SCADA,1,"2022/10/20 17:00:00",RT_VIC1,0
D,DISPATCH,UNIT_SCADA,1,"2022/10/20 17:00:00",RT_VIC10,0
D,DISPATCH,UNIT_SCADA,1,"2022/10/20 17:00:00",RT_VIC11,0
D,DISPATCH,UNIT_SCADA,1,"2022/10/20 17:00:00",RT_VIC12,0
D,DISPATCH,UNIT_SCADA,1,"2022/10/20 17:00:00",RT_VIC2,0
D,DISPATCH,UNIT_SCADA,1,"2022/10/20 17:00:00",RT_VIC3,0
D,DISPATCH,UNIT_SCADA,1,"2022/10/20 17:00:00",RT_VIC4,0
D,DISPATCH,UNIT_SCADA,1,"2022/10/20 17:00:00",RT_VIC5,0
D,DISPATCH,UNIT_SCADA,1,"2022/10/20 17:00:00",RT_VIC6,0
D,DISPATCH,UNIT_SCADA,1,"2022/10/20 17:00:00",RT_VIC7,0
D,DISPATCH,UNIT_SCADA,1,"2022/10/20 17:00:00",RT_VIC8,0
D,DISPATCH,UNIT_SCADA,1,"2022/10/20 17:00:00",RT_VIC9,0
D,DISPATCH,UNIT_SCADA,1,"2022/10/20 17:00:00",RUGBYR1,7.930370
D,DISPATCH,UNIT_SCADA,1,"2022/10/20 17:00:00",SALTCRK1,18.39
D,DISPATCH,UNIT_SCADA,1,"2022/10/20 17:00:00",SAPHWF1,84.710460
D,DISPATCH,UNIT_SCADA,1,"2022/10/20 17:00:00",SEBSF1,4.730080
D,DISPATCH,UNIT_SCADA,1,"2022/10/20 17:00:00",SHGEN,0
D,DISPATCH,UNIT_SCADA,1,"2022/10/20 17:00:00",SHPUMP,0
D,DISPATCH,UNIT_SCADA,1,"2022/10/20 17:00:00",SITHE01,0.123710
D,DISPATCH,UNIT_SCADA,1,"2022/10/20 17:00:00",SMCSF1,14.2230
D,DISPATCH,UNIT_SCADA,1,"2022/10/20 17:00:00",SNAPPER1,0
D,DISPATCH,UNIT_SCADA,1,"2022/10/20 17:00:00",SNOWNTH1,27.10
D,DISPATCH,UNIT_SCADA,1,"2022/10/20 17:00:00",SNOWSTH1,24.10
D,DISPATCH,UNIT_SCADA,1,"2022/10/20 17:00:00",SNOWTWN1,16.104590
D,DISPATCH,UNIT_SCADA,1,"2022/10/20 17:00:00",SNOWYP,0
D,DISPATCH,UNIT_SCADA,1,"2022/10/20 17:00:00",SNUG1,0
D,DISPATCH,UNIT_SCADA,1,"2022/10/20 17:00:00",SRSF1,3.40
D,DISPATCH,UNIT_SCADA,1,"2022/10/20 17:00:00",STAN-1,280.517550
D,DISPATCH,UNIT_SCADA,1,"2022/10/20 17:00:00",STAN-2,363.948610
D,DISPATCH,UNIT_SCADA,1,"2022/10/20 17:00:00",STAN-3,270.660680
D,DISPATCH,UNIT_SCADA,1,"2022/10/20 17:00:00",STAN-4,363.538450
D,DISPATCH,UNIT_SCADA,1,"2022/10/20 17:00:00",STARHLWF,15.195570
D,DISPATCH,UNIT_SCADA,1,"2022/10/20 17:00:00",STOCKYD1,232.13
D,DISPATCH,UNIT_SCADA,1,"2022/10/20 17:00:00",STWF1,9.300070
D,DISPATCH,UNIT_SCADA,1,"2022/10/20 17:00:00",SUNRSF1,72.561230
D,DISPATCH,UNIT_SCADA,1,"2022/10/20 17:00:00",SUNTPSF1,27.8526
D,DISPATCH,UNIT_SCADA,1,"2022/10/20 17:00:00",SWAN_E,313.435610
D,DISPATCH,UNIT_SCADA,1,"2022/10/20 17:00:00",TALWA1,0
D,DISPATCH,UNIT_SCADA,1,"2022/10/20 17:00:00",TARALGA1,0
D,DISPATCH,UNIT_SCADA,1,"2022/10/20 17:00:00",TARONG#1,349.899990
D,DISPATCH,UNIT_SCADA,1,"2022/10/20 17:00:00",TARONG#2,349.899990
D,DISPATCH,UNIT_SCADA,1,"2022/10/20 17:00:00",TARONG#3,0.90
D,DISPATCH,UNIT_SCADA,1,"2022/10/20 17:00:00",TARONG#4,245.20
D,DISPATCH,UNIT_SCADA,1,"2022/10/20 17:00:00",TARRALEA,54
D,DISPATCH,UNIT_SCADA,1,"2022/10/20 17:00:00",TBSF1,0.20
D,DISPATCH,UNIT_SCADA,1,"2022/10/20 17:00:00",TNPS1,421.5625
D,DISPATCH,UNIT_SCADA,1,"2022/10/20 17:00:00",TORRB1,0
D,DISPATCH,UNIT_SCADA,1,"2022/10/20 17:00:00",TORRB2,62
D,DISPATCH,UNIT_SCADA,1,"2022/10/20 17:00:00",TORRB3,0
D,DISPATCH,UNIT_SCADA,1,"2022/10/20 17:00:00",TORRB4,0
D,DISPATCH,UNIT_SCADA,1,"2022/10/20 17:00:00",TREVALLN,99.550740
D,DISPATCH,UNIT_SCADA,1,"2022/10/20 17:00:00",TRIBUTE,0
D,DISPATCH,UNIT_SCADA,1,"2022/10/20 17:00:00",TUMUT3,456.099980
D,DISPATCH,UNIT_SCADA,1,"2022/10/20 17:00:00",TUNGATIN,7.090020
D,DISPATCH,UNIT_SCADA,1,"2022/10/20 17:00:00",TVCC201,0
D,DISPATCH,UNIT_SCADA,1,"2022/10/20 17:00:00",TVPP104,29.811940
D,DISPATCH,UNIT_SCADA,1,"2022/10/20 17:00:00",UPPTUMUT,0
D,DISPATCH,UNIT_SCADA,1,"2022/10/20 17:00:00",URANQ11,0
D,DISPATCH,UNIT_SCADA,1,"2022/10/20 17:00:00",URANQ12,0
D,DISPATCH,UNIT_SCADA,1,"2022/10/20 17:00:00",URANQ13,0
D,DISPATCH,UNIT_SCADA,1,"2022/10/20 17:00:00",URANQ14,0
D,DISPATCH,UNIT_SCADA,1,"2022/10/20 17:00:00",VBBG1,0
D,DISPATCH,UNIT_SCADA,1,"2022/10/20 17:00:00",VBBL1,1.30
D,DISPATCH,UNIT_SCADA,1,"2022/10/20 17:00:00",VP5,557.121520
D,DISPATCH,UNIT_SCADA,1,"2022/10/20 17:00:00",VP6,559.123540
D,DISPATCH,UNIT_SCADA,1,"2022/10/20 17:00:00",VPGS1,0
D,DISPATCH,UNIT_SCADA,1,"2022/10/20 17:00:00",VPGS2,0
D,DISPATCH,UNIT_SCADA,1,"2022/10/20 17:00:00",VPGS3,0
D,DISPATCH,UNIT_SCADA,1,"2022/10/20 17:00:00",VPGS4,0
D,DISPATCH,UNIT_SCADA,1,"2022/10/20 17:00:00",VPGS5,0
D,DISPATCH,UNIT_SCADA,1,"2022/10/20 17:00:00",VPGS6,0
D,DISPATCH,UNIT_SCADA,1,"2022/10/20 17:00:00",W/HOE#1,160.30
D,DISPATCH,UNIT_SCADA,1,"2022/10/20 17:00:00",W/HOE#2,0
D,DISPATCH,UNIT_SCADA,1,"2022/10/20 17:00:00",WAGGNSF1,0
D,DISPATCH,UNIT_SCADA,1,"2022/10/20 17:00:00",WALGRVG1,0
D,DISPATCH,UNIT_SCADA,1,"2022/10/20 17:00:00",WALGRVL1,1.216560
D,DISPATCH,UNIT_SCADA,1,"2022/10/20 17:00:00",WANDBG1,0
D,DISPATCH,UNIT_SCADA,1,"2022/10/20 17:00:00",WANDBL1,0
D,DISPATCH,UNIT_SCADA,1,"2022/10/20 17:00:00",WARWSF1,2.47
D,DISPATCH,UNIT_SCADA,1,"2022/10/20 17:00:00",WARWSF2,2.96
D,DISPATCH,UNIT_SCADA,1,"2022/10/20 17:00:00",WATERLWF,1.40
D,DISPATCH,UNIT_SCADA,1,"2022/10/20 17:00:00",WDGPH1,4.0440
D,DISPATCH,UNIT_SCADA,1,"2022/10/20 17:00:00",WELLSF1,44.290840
D,DISPATCH,UNIT_SCADA,1,"2022/10/20 17:00:00",WEMENSF1,9.70
D,DISPATCH,UNIT_SCADA,1,"2022/10/20 17:00:00",WGWF1,7.30
D,DISPATCH,UNIT_SCADA,1,"2022/10/20 17:00:00",WHITSF1,5
D,DISPATCH,UNIT_SCADA,1,"2022/10/20 17:00:00",WINTSF1,32.44
D,DISPATCH,UNIT_SCADA,1,"2022/10/20 17:00:00",WKIEWA1,33.90
D,DISPATCH,UNIT_SCADA,1,"2022/10/20 17:00:00",WKIEWA2,34
D,DISPATCH,UNIT_SCADA,1,"2022/10/20 17:00:00",WOODLWN1,32.963880
D,DISPATCH,UNIT_SCADA,1,"2022/10/20 17:00:00",WOOLGSF1,3.974780
D,DISPATCH,UNIT_SCADA,1,"2022/10/20 17:00:00",WPWF,41.63
D,DISPATCH,UNIT_SCADA,1,"2022/10/20 17:00:00",WRSF1,1.669970
D,DISPATCH,UNIT_SCADA,1,"2022/10/20 17:00:00",WRWF1,39.318840
D,DISPATCH,UNIT_SCADA,1,"2022/10/20 17:00:00",WSTWYSF1,2.508030
D,DISPATCH,UNIT_SCADA,1,"2022/10/20 17:00:00",YABULU,0
D,DISPATCH,UNIT_SCADA,1,"2022/10/20 17:00:00",YABULU2,0
D,DISPATCH,UNIT_SCADA,1,"2022/10/20 17:00:00",YARANSF1,8.97
D,DISPATCH,UNIT_SCADA,1,"2022/10/20 17:00:00",YARWUN_1,162.22
D,DISPATCH,UNIT_SCADA,1,"2022/10/20 17:00:00",YATSF1,36.98
D,DISPATCH,UNIT_SCADA,1,"2022/10/20 17:00:00",YENDWF1,26.64
D,DISPATCH,UNIT_SCADA,1,"2022/10/20 17:00:00",YWPS1,353.6329
D,DISPATCH,UNIT_SCADA,1,"2022/10/20 17:00:00",YWPS2,287.9671
D,DISPATCH,UNIT_SCADA,1,"2022/10/20 17:00:00",YWPS3,358.541780
D,DISPATCH,UNIT_SCADA,1,"2022/10/20 17:00:00",YWPS4,0
C,"END OF REPORT",419
