C,NEMP.WORLD,DISPATCHSCADA,AEMO,PUBLIC,2022/10/20,15:45:10,0000000373264748,DISPATCHSCADA,0000000373264742
I,DISPATCH,UNIT_SCADA,1,SETTLEMENTDATE,DUID,SCADAVALUE
D,DISPATCH,UNIT_SCADA,1,"2022/10/20 15:50:00",BARCSF1,9.60
D,DISPATCH,UNIT_SCADA,1,"2022/10/20 15:50:00",BUTLERSG,8.699999
D,DISPATCH,UNIT_SCADA,1,"2022/10/20 15:50:00",CAPTL_WF,86.2435
D,DISPATCH,UNIT_SCADA,1,"2022/10/20 15:50:00",CHALLHWF,12.10
D,DISPATCH,UNIT_SCADA,1,"2022/10/20 15:50:00",CLOVER,10.32
D,DISPATCH,UNIT_SCADA,1,"2022/10/20 15:50:00",CLUNY,6.252689
D,DISPATCH,UNIT_SCADA,1,"2022/10/20 15:50:00",CULLRGWF,-0.06
D,DISPATCH,UNIT_SCADA,1,"2022/10/20 15:50:00",DIAPURWF1,5.20
D,DISPATCH,UNIT_SCADA,1,"2022/10/20 15:50:00",ERGT01,0
D,DISPATCH,UNIT_SCADA,1,"2022/10/20 15:50:00",GB01,0
D,DISPATCH,UNIT_SCADA,1,"2022/10/20 15:50:00",GERMCRK,22
D,DISPATCH,UNIT_SCADA,1,"2022/10/20 15:50:00",GRIFSF1,21.199360
D,DISPATCH,UNIT_SCADA,1,"2022/10/20 15:50:00",HEZ1,0
D,DISPATCH,UNIT_SCADA,1,"2022/10/20 15:50:00",HUGSF1,7.407001
D,DISPATCH,UNIT_SCADA,1,"2022/10/20 15:50:00",KEPBG1,0
D,DISPATCH,UNIT_SCADA,1,"2022/10/20 15:50:00",LRSF1,12.330001
D,DISPATCH,UNIT_SCADA,1,"2022/10/20 15:50:00",MBAHNTH,41.774994
D,DISPATCH,UNIT_SCADA,1,"2022/10/20 15:50:00",MLSP1,2.149001
D,DISPATCH,UNIT_SCADA,1,"2022/10/20 15:50:00",MLWF1,6.54
D,DISPATCH,UNIT_SCADA,1,"2022/10/20 15:50:00",PALOONA,30.16
D,DISPATCH,UNIT_SCADA,1,"2022/10/20 15:50:00",PIONEER,34.100002
D,DISPATCH,UNIT_SCADA,1,"2022/10/20 15:50:00",PORTWF,34.200001
D,DISPATCH,UNIT_SCADA,1,"2022/10/20 15:50:00",REPULSE,9.429465
D,DISPATCH,UNIT_SCADA,1,"2022/10/20 15:50:00",ROWALLAN,8.9602
D,DISPATCH,UNIT_SCADA,1,"2022/10/20 15:50:00",ROYALLA1,2.755003
D,DISPATCH,UNIT_SCADA,1,"2022/10/20 15:50:00",RPCG,-1.80
D,DISPATCH,UNIT_SCADA,1,"2022/10/20 15:50:00",RUBICON,0
D,DISPATCH,UNIT_SCADA,1,"2022/10/20 15:50:00",WAUBRAWF,59.528999
D,DISPATCH,UNIT_SCADA,1,"2022/10/20 15:50:00",WOOLNTH1,95.839996
D,DISPATCH,UNIT_SCADA,1,"2022/10/20 15:50:00",YAMBUKWF,3.40
D,DISPATCH,UNIT_SCADA,1,"2022/10/20 15:50:00",YSWF1,3.50
D,DISPATCH,UNIT_SCADA,1,"2022/10/20 15:50:00",ADPBA1G,0.0080
D,DISPATCH,UNIT_SCADA,1,"2022/10/20 15:50:00",ADPBA1L,0
D,DISPATCH,UNIT_SCADA,1,"2022/10/20 15:50:00",ADPPV1,8.7830
D,DISPATCH,UNIT_SCADA,1,"2022/10/20 15:50:00",AGLHAL,0
D,DISPATCH,UNIT_SCADA,1,"2022/10/20 15:50:00",AGLSOM,0
D,DISPATCH,UNIT_SCADA,1,"2022/10/20 15:50:00",ANGAST1,0
D,DISPATCH,UNIT_SCADA,1,"2022/10/20 15:50:00",ARWF1,29.60
D,DISPATCH,UNIT_SCADA,1,"2022/10/20 15:50:00",BALBG1,0
D,DISPATCH,UNIT_SCADA,1,"2022/10/20 15:50:00",BALBL1,0
D,DISPATCH,UNIT_SCADA,1,"2022/10/20 15:50:00",BALDHWF1,100.6680
D,DISPATCH,UNIT_SCADA,1,"2022/10/20 15:50:00",BANGOWF1,72.298470
D,DISPATCH,UNIT_SCADA,1,"2022/10/20 15:50:00",BANGOWF2,54.898830
D,DISPATCH,UNIT_SCADA,1,"2022/10/20 15:50:00",BANN1,60.02
D,DISPATCH,UNIT_SCADA,1,"2022/10/20 15:50:00",BARCALDN,0
D,DISPATCH,UNIT_SCADA,1,"2022/10/20 15:50:00",BARKIPS1,0
D,DISPATCH,UNIT_SCADA,1,"2022/10/20 15:50:00",BARRON-1,24.48
D,DISPATCH,UNIT_SCADA,1,"2022/10/20 15:50:00",BARRON-2,0
D,DISPATCH,UNIT_SCADA,1,"2022/10/20 15:50:00",BASTYAN,50.63
D,DISPATCH,UNIT_SCADA,1,"2022/10/20 15:50:00",BBTHREE1,0
D,DISPATCH,UNIT_SCADA,1,"2022/10/20 15:50:00",BBTHREE2,0
D,DISPATCH,UNIT_SCADA,1,"2022/10/20 15:50:00",BBTHREE3,-1.08
D,DISPATCH,UNIT_SCADA,1,"2022/10/20 15:50:00",BDL01,0
D,DISPATCH,UNIT_SCADA,1,"2022/10/20 15:50:00",BDL02,0
D,DISPATCH,UNIT_SCADA,1,"2022/10/20 15:50:00",BERYLSF1,9.851640
D,DISPATCH,UNIT_SCADA,1,"2022/10/20 15:50:00",BLOWERNG,62.50
D,DISPATCH,UNIT_SCADA,1,"2022/10/20 15:50:00",BLUEGSF1,16.451070
D,DISPATCH,UNIT_SCADA,1,"2022/10/20 15:50:00",BLUFF1,0
D,DISPATCH,UNIT_SCADA,1,"2022/10/20 15:50:00",BNGSF1,109.89
D,DISPATCH,UNIT_SCADA,1,"2022/10/20 15:50:00",BNGSF2,110.509990
D,DISPATCH,UNIT_SCADA,1,"2022/10/20 15:50:00",BOCORWF1,52.17
D,DISPATCH,UNIT_SCADA,1,"2022/10/20 15:50:00",BODWF1,95.623050
D,DISPATCH,UNIT_SCADA,1,"2022/10/20 15:50:00",BOMENSF1,19.693290
D,DISPATCH,UNIT_SCADA,1,"2022/10/20 15:50:00",BOWWBA1G,0
D,DISPATCH,UNIT_SCADA,1,"2022/10/20 15:50:00",BOWWBA1L,0
D,DISPATCH,UNIT_SCADA,1,"2022/10/20 15:50:00",BOWWPV1,0.0010
D,DISPATCH,UNIT_SCADA,1,"2022/10/20 15:50:00",BRAEMAR1,0
D,DISPATCH,UNIT_SCADA,1,"2022/10/20 15:50:00",BRAEMAR2,0
D,DISPATCH,UNIT_SCADA,1,"2022/10/20 15:50:00",BRAEMAR3,0
D,DISPATCH,UNIT_SCADA,1,"2022/10/20 15:50:00",BRAEMAR5,0.292060
D,DISPATCH,UNIT_SCADA,1,"2022/10/20 15:50:00",BRAEMAR6,0
D,DISPATCH,UNIT_SCADA,1,"2022/10/20 15:50:00",BRAEMAR7,109.260280
D,DISPATCH,UNIT_SCADA,1,"2022/10/20 15:50:00",BROKENH1,25.199620
D,DISPATCH,UNIT_SCADA,1,"2022/10/20 15:50:00",BRYB1WF1,73.606470
D,DISPATCH,UNIT_SCADA,1,"2022/10/20 15:50:00",BULBESG1,0
D,DISPATCH,UNIT_SCADA,1,"2022/10/20 15:50:00",BULBESL1,0.03
D,DISPATCH,UNIT_SCADA,1,"2022/10/20 15:50:00",BULGANA1,14.67
D,DISPATCH,UNIT_SCADA,1,"2022/10/20 15:50:00",BW01,656.565190
D,DISPATCH,UNIT_SCADA,1,"2022/10/20 15:50:00",BW02,615.695430
D,DISPATCH,UNIT_SCADA,1,"2022/10/20 15:50:00",BW03,473.603420
D,DISPATCH,UNIT_SCADA,1,"2022/10/20 15:50:00",BW04,0
D,DISPATCH,UNIT_SCADA,1,"2022/10/20 15:50:00",CALL_B_1,319.100010
D,DISPATCH,UNIT_SCADA,1,"2022/10/20 15:50:00",CALL_B_2,318
D,DISPATCH,UNIT_SCADA,1,"2022/10/20 15:50:00",CATHROCK,3.80
D,DISPATCH,UNIT_SCADA,1,"2022/10/20 15:50:00",CBWWBA1G,0
D,DISPATCH,UNIT_SCADA,1,"2022/10/20 15:50:00",CBWWBA1L,0
D,DISPATCH,UNIT_SCADA,1,"2022/10/20 15:50:00",CETHANA,98.004880
D,DISPATCH,UNIT_SCADA,1,"2022/10/20 15:50:00",CG1,0
D,DISPATCH,UNIT_SCADA,1,"2022/10/20 15:50:00",CG2,0
D,DISPATCH,UNIT_SCADA,1,"2022/10/20 15:50:00",CG3,0
D,DISPATCH,UNIT_SCADA,1,"2022/10/20 15:50:00",CG4,0
D,DISPATCH,UNIT_SCADA,1,"2022/10/20 15:50:00",CHILDSF1,7.31
D,DISPATCH,UNIT_SCADA,1,"2022/10/20 15:50:00",CHYTWF1,9.48
D,DISPATCH,UNIT_SCADA,1,"2022/10/20 15:50:00",CLARESF1,98.414590
D,DISPATCH,UNIT_SCADA,1,"2022/10/20 15:50:00",CLEMGPWF,2.737330
D,DISPATCH,UNIT_SCADA,1,"2022/10/20 15:50:00",CLERMSF1,12.46
D,DISPATCH,UNIT_SCADA,1,"2022/10/20 15:50:00",CNUNDAWF,10.512260
D,DISPATCH,UNIT_SCADA,1,"2022/10/20 15:50:00",COHUNSF1,8.13
D,DISPATCH,UNIT_SCADA,1,"2022/10/20 15:50:00",COLEASF1,28.1014
D,DISPATCH,UNIT_SCADA,1,"2022/10/20 15:50:00",COLUMSF1,6.2820
D,DISPATCH,UNIT_SCADA,1,"2022/10/20 15:50:00",COLWF01,80.8011
D,DISPATCH,UNIT_SCADA,1,"2022/10/20 15:50:00",COOPGWF1,193.759990
D,DISPATCH,UNIT_SCADA,1,"2022/10/20 15:50:00",CPP_3,359.700010
D,DISPATCH,UNIT_SCADA,1,"2022/10/20 15:50:00",CPP_4,0
D,DISPATCH,UNIT_SCADA,1,"2022/10/20 15:50:00",CPSA,0
D,DISPATCH,UNIT_SCADA,1,"2022/10/20 15:50:00",CROOKWF2,56.454110
D,DISPATCH,UNIT_SCADA,1,"2022/10/20 15:50:00",CROWLWF1,13.101570
D,DISPATCH,UNIT_SCADA,1,"2022/10/20 15:50:00",CRURWF1,6.799190
D,DISPATCH,UNIT_SCADA,1,"2022/10/20 15:50:00",CRWASF1,26.106880
D,DISPATCH,UNIT_SCADA,1,"2022/10/20 15:50:00",CSPVPS1,8.0120
D,DISPATCH,UNIT_SCADA,1,"2022/10/20 15:50:00",CTHLWF1,0.003050
D,DISPATCH,UNIT_SCADA,1,"2022/10/20 15:50:00",DALNTH01,0
D,DISPATCH,UNIT_SCADA,1,"2022/10/20 15:50:00",DALNTHL1,0.227360
D,DISPATCH,UNIT_SCADA,1,"2022/10/20 15:50:00",DARLSF1,129.721040
D,DISPATCH,UNIT_SCADA,1,"2022/10/20 15:50:00",DARTM1,0
D,DISPATCH,UNIT_SCADA,1,"2022/10/20 15:50:00",DAYDSF1,39.7890
D,DISPATCH,UNIT_SCADA,1,"2022/10/20 15:50:00",DDPS1,0
D,DISPATCH,UNIT_SCADA,1,"2022/10/20 15:50:00",DDSF1,10.171390
D,DISPATCH,UNIT_SCADA,1,"2022/10/20 15:50:00",DEVILS_G,60.133670
D,DISPATCH,UNIT_SCADA,1,"2022/10/20 15:50:00",DG_NSW1,0
D,DISPATCH,UNIT_SCADA,1,"2022/10/20 15:50:00",DG_QLD1,0
D,DISPATCH,UNIT_SCADA,1,"2022/10/20 15:50:00",DG_SA1,0
D,DISPATCH,UNIT_SCADA,1,"2022/10/20 15:50:00",DG_TAS1,0
D,DISPATCH,UNIT_SCADA,1,"2022/10/20 15:50:00",DG_VIC1,0
D,DISPATCH,UNIT_SCADA,1,"2022/10/20 15:50:00",DRYCGT1,0
D,DISPATCH,UNIT_SCADA,1,"2022/10/20 15:50:00",DRYCGT2,0
D,DISPATCH,UNIT_SCADA,1,"2022/10/20 15:50:00",DRYCGT3,0
D,DISPATCH,UNIT_SCADA,1,"2022/10/20 15:50:00",DUNDWF1,61.41
D,DISPATCH,UNIT_SCADA,1,"2022/10/20 15:50:00",DUNDWF2,17.82
D,DISPATCH,UNIT_SCADA,1,"2022/10/20 15:50:00",DUNDWF3,65.26
D,DISPATCH,UNIT_SCADA,1,"2022/10/20 15:50:00",EILDON1,60.12
D,DISPATCH,UNIT_SCADA,1,"2022/10/20 15:50:00",EILDON2,60.04
D,DISPATCH,UNIT_SCADA,1,"2022/10/20 15:50:00",ELAINWF1,24.12
D,DISPATCH,UNIT_SCADA,1,"2022/10/20 15:50:00",EMERASF1,0
D,DISPATCH,UNIT_SCADA,1,"2022/10/20 15:50:00",ER01,0
D,DISPATCH,UNIT_SCADA,1,"2022/10/20 15:50:00",ER02,620.163270
D,DISPATCH,UNIT_SCADA,1,"2022/10/20 15:50:00",ER03,620.724790
D,DISPATCH,UNIT_SCADA,1,"2022/10/20 15:50:00",ER04,624.435790
D,DISPATCH,UNIT_SCADA,1,"2022/10/20 15:50:00",FINLYSF1,35.556570
D,DISPATCH,UNIT_SCADA,1,"2022/10/20 15:50:00",FISHER,43.91
D,DISPATCH,UNIT_SCADA,1,"2022/10/20 15:50:00",GANGARR1,33.1760
D,DISPATCH,UNIT_SCADA,1,"2022/10/20 15:50:00",GANNBG1,0
D,DISPATCH,UNIT_SCADA,1,"2022/10/20 15:50:00",GANNBL1,5.003750
D,DISPATCH,UNIT_SCADA,1,"2022/10/20 15:50:00",GANNSF1,42.10
D,DISPATCH,UNIT_SCADA,1,"2022/10/20 15:50:00",GLRWNSF1,62.31
D,DISPATCH,UNIT_SCADA,1,"2022/10/20 15:50:00",GNNDHSF1,38.121080
D,DISPATCH,UNIT_SCADA,1,"2022/10/20 15:50:00",GOONSF1,55.243760
D,DISPATCH,UNIT_SCADA,1,"2022/10/20 15:50:00",GORDON,222.118290
D,DISPATCH,UNIT_SCADA,1,"2022/10/20 15:50:00",GRANWF1,0
D,DISPATCH,UNIT_SCADA,1,"2022/10/20 15:50:00",GSTONE1,195.649990
D,DISPATCH,UNIT_SCADA,1,"2022/10/20 15:50:00",GSTONE2,0
D,DISPATCH,UNIT_SCADA,1,"2022/10/20 15:50:00",GSTONE3,195.8250
D,DISPATCH,UNIT_SCADA,1,"2022/10/20 15:50:00",GSTONE4,0
D,DISPATCH,UNIT_SCADA,1,"2022/10/20 15:50:00",GSTONE5,181.649990
D,DISPATCH,UNIT_SCADA,1,"2022/10/20 15:50:00",GSTONE6,195.8250
D,DISPATCH,UNIT_SCADA,1,"2022/10/20 15:50:00",GULLRSF1,0.594990
D,DISPATCH,UNIT_SCADA,1,"2022/10/20 15:50:00",GULLRWF1,78.013810
D,DISPATCH,UNIT_SCADA,1,"2022/10/20 15:50:00",GULLRWF2,72.815080
D,DISPATCH,UNIT_SCADA,1,"2022/10/20 15:50:00",GUNNING1,0
D,DISPATCH,UNIT_SCADA,1,"2022/10/20 15:50:00",GUTHEGA,67.70
D,DISPATCH,UNIT_SCADA,1,"2022/10/20 15:50:00",HALLWF1,0
D,DISPATCH,UNIT_SCADA,1,"2022/10/20 15:50:00",HALLWF2,0
D,DISPATCH,UNIT_SCADA,1,"2022/10/20 15:50:00",HAMISF1,8.90
D,DISPATCH,UNIT_SCADA,1,"2022/10/20 15:50:00",HAUGHT11,26.6455
D,DISPATCH,UNIT_SCADA,1,"2022/10/20 15:50:00",HAYMSF1,10.4440
D,DISPATCH,UNIT_SCADA,1,"2022/10/20 15:50:00",HDWF1,7.80
D,DISPATCH,UNIT_SCADA,1,"2022/10/20 15:50:00",HDWF2,6.80
D,DISPATCH,UNIT_SCADA,1,"2022/10/20 15:50:00",HDWF3,9.70
D,DISPATCH,UNIT_SCADA,1,"2022/10/20 15:50:00",HILLSTN1,1.9824
D,DISPATCH,UNIT_SCADA,1,"2022/10/20 15:50:00",HPRG1,0
D,DISPATCH,UNIT_SCADA,1,"2022/10/20 15:50:00",HPRL1,30.90
D,DISPATCH,UNIT_SCADA,1,"2022/10/20 15:50:00",HUMENSW,54.521370
D,DISPATCH,UNIT_SCADA,1,"2022/10/20 15:50:00",HUMEV,0
D,DISPATCH,UNIT_SCADA,1,"2022/10/20 15:50:00",HVWWBA1G,0
D,DISPATCH,UNIT_SCADA,1,"2022/10/20 15:50:00",HVWWBA1L,0.0070
D,DISPATCH,UNIT_SCADA,1,"2022/10/20 15:50:00",HVWWPV1,2.8540
D,DISPATCH,UNIT_SCADA,1,"2022/10/20 15:50:00",JBUTTERS,0
D,DISPATCH,UNIT_SCADA,1,"2022/10/20 15:50:00",JEMALNG1,48.80
D,DISPATCH,UNIT_SCADA,1,"2022/10/20 15:50:00",JLA01,0
D,DISPATCH,UNIT_SCADA,1,"2022/10/20 15:50:00",JLA02,0
D,DISPATCH,UNIT_SCADA,1,"2022/10/20 15:50:00",JLA03,0
D,DISPATCH,UNIT_SCADA,1,"2022/10/20 15:50:00",JLA04,0
D,DISPATCH,UNIT_SCADA,1,"2022/10/20 15:50:00",JLB01,0
D,DISPATCH,UNIT_SCADA,1,"2022/10/20 15:50:00",JLB02,0.10
D,DISPATCH,UNIT_SCADA,1,"2022/10/20 15:50:00",JLB03,0
D,DISPATCH,UNIT_SCADA,1,"2022/10/20 15:50:00",JUNEESF1,6.6135
D,DISPATCH,UNIT_SCADA,1,"2022/10/20 15:50:00",KABANWF1,1.0060
D,DISPATCH,UNIT_SCADA,1,"2022/10/20 15:50:00",KAREEYA1,17.9825
D,DISPATCH,UNIT_SCADA,1,"2022/10/20 15:50:00",KAREEYA2,0
D,DISPATCH,UNIT_SCADA,1,"2022/10/20 15:50:00",KAREEYA3,17.5725
D,DISPATCH,UNIT_SCADA,1,"2022/10/20 15:50:00",KAREEYA4,0
D,DISPATCH,UNIT_SCADA,1,"2022/10/20 15:50:00",KARSF1,55.30
D,DISPATCH,UNIT_SCADA,1,"2022/10/20 15:50:00",KEPSF1,6.34
D,DISPATCH,UNIT_SCADA,1,"2022/10/20 15:50:00",KEPWF1,18.71
D,DISPATCH,UNIT_SCADA,1,"2022/10/20 15:50:00",KIAMSF1,36.915390
D,DISPATCH,UNIT_SCADA,1,"2022/10/20 15:50:00",KIATAWF1,4.70
D,DISPATCH,UNIT_SCADA,1,"2022/10/20 15:50:00",KPP_1,0
D,DISPATCH,UNIT_SCADA,1,"2022/10/20 15:50:00",KSP1,14.04
D,DISPATCH,UNIT_SCADA,1,"2022/10/20 15:50:00",LADBROK1,0.02
D,DISPATCH,UNIT_SCADA,1,"2022/10/20 15:50:00",LADBROK2,0.02
D,DISPATCH,UNIT_SCADA,1,"2022/10/20 15:50:00",LBBG1,0
D,DISPATCH,UNIT_SCADA,1,"2022/10/20 15:50:00",LBBL1,0
D,DISPATCH,UNIT_SCADA,1,"2022/10/20 15:50:00",LD01,283.1080
D,DISPATCH,UNIT_SCADA,1,"2022/10/20 15:50:00",LD02,32.9783
D,DISPATCH,UNIT_SCADA,1,"2022/10/20 15:50:00",LD04,280.928990
D,DISPATCH,UNIT_SCADA,1,"2022/10/20 15:50:00",LEM_WIL,86.741460
D,DISPATCH,UNIT_SCADA,1,"2022/10/20 15:50:00",LGAPWF1,48.22
D,DISPATCH,UNIT_SCADA,1,"2022/10/20 15:50:00",LGAPWF2,34.99
D,DISPATCH,UNIT_SCADA,1,"2022/10/20 15:50:00",LILYSF1,40.108030
D,DISPATCH,UNIT_SCADA,1,"2022/10/20 15:50:00",LIMOSF11,52.081940
D,DISPATCH,UNIT_SCADA,1,"2022/10/20 15:50:00",LIMOSF21,6.758920
D,DISPATCH,UNIT_SCADA,1,"2022/10/20 15:50:00",LI_WY_CA,62.818180
D,DISPATCH,UNIT_SCADA,1,"2022/10/20 15:50:00",LKBONNY1,0
D,DISPATCH,UNIT_SCADA,1,"2022/10/20 15:50:00",LKBONNY2,13.078020
D,DISPATCH,UNIT_SCADA,1,"2022/10/20 15:50:00",LKBONNY3,3.963370
D,DISPATCH,UNIT_SCADA,1,"2022/10/20 15:50:00",LK_ECHO,0
D,DISPATCH,UNIT_SCADA,1,"2022/10/20 15:50:00",LNGS1,0
D,DISPATCH,UNIT_SCADA,1,"2022/10/20 15:50:00",LNGS2,0
D,DISPATCH,UNIT_SCADA,1,"2022/10/20 15:50:00",LONSDALE,0
D,DISPATCH,UNIT_SCADA,1,"2022/10/20 15:50:00",LOYYB1,477.064540
D,DISPATCH,UNIT_SCADA,1,"2022/10/20 15:50:00",LOYYB2,476.6886
D,DISPATCH,UNIT_SCADA,1,"2022/10/20 15:50:00",LYA1,547
D,DISPATCH,UNIT_SCADA,1,"2022/10/20 15:50:00",LYA2,0
D,DISPATCH,UNIT_SCADA,1,"2022/10/20 15:50:00",LYA3,549
D,DISPATCH,UNIT_SCADA,1,"2022/10/20 15:50:00",LYA4,547
D,DISPATCH,UNIT_SCADA,1,"2022/10/20 15:50:00",MACARTH1,56.4987
D,DISPATCH,UNIT_SCADA,1,"2022/10/20 15:50:00",MACKNTSH,0
D,DISPATCH,UNIT_SCADA,1,"2022/10/20 15:50:00",MANSLR1,12.4780
D,DISPATCH,UNIT_SCADA,1,"2022/10/20 15:50:00",MAPS2PV1,0
D,DISPATCH,UNIT_SCADA,1,"2022/10/20 15:50:00",MAPS3PV1,0
D,DISPATCH,UNIT_SCADA,1,"2022/10/20 15:50:00",MARYRSF1,10.70
D,DISPATCH,UNIT_SCADA,1,"2022/10/20 15:50:00",MBPS2PV1,0
D,DISPATCH,UNIT_SCADA,1,"2022/10/20 15:50:00",MCKAY1,0.02
D,DISPATCH,UNIT_SCADA,1,"2022/10/20 15:50:00",MEADOWBK,6.087540
D,DISPATCH,UNIT_SCADA,1,"2022/10/20 15:50:00",MERCER01,24
D,DISPATCH,UNIT_SCADA,1,"2022/10/20 15:50:00",METZSF1,91.586750
D,DISPATCH,UNIT_SCADA,1,"2022/10/20 15:50:00",MEWF1,37.801980
D,DISPATCH,UNIT_SCADA,1,"2022/10/20 15:50:00",MIDDLSF1,22.26
D,DISPATCH,UNIT_SCADA,1,"2022/10/20 15:50:00",MINTARO,0.128180
D,DISPATCH,UNIT_SCADA,1,"2022/10/20 15:50:00",MOLNGSF1,7.965210
D,DISPATCH,UNIT_SCADA,1,"2022/10/20 15:50:00",MOORAWF1,42.81
D,DISPATCH,UNIT_SCADA,1,"2022/10/20 15:50:00",MOREESF1,5.6720
D,DISPATCH,UNIT_SCADA,1,"2022/10/20 15:50:00",MORTLK11,0
D,DISPATCH,UNIT_SCADA,1,"2022/10/20 15:50:00",MORTLK12,0
D,DISPATCH,UNIT_SCADA,1,"2022/10/20 15:50:00",MOUSF1,0
D,DISPATCH,UNIT_SCADA,1,"2022/10/20 15:50:00",MP1,0
D,DISPATCH,UNIT_SCADA,1,"2022/10/20 15:50:00",MP2,550.582150
D,DISPATCH,UNIT_SCADA,1,"2022/10/20 15:50:00",MPP_1,161.016140
D,DISPATCH,UNIT_SCADA,1,"2022/10/20 15:50:00",MPP_2,179.067890
D,DISPATCH,UNIT_SCADA,1,"2022/10/20 15:50:00",MRTLSWF1,0
D,DISPATCH,UNIT_SCADA,1,"2022/10/20 15:50:00",MSTUART1,0
D,DISPATCH,UNIT_SCADA,1,"2022/10/20 15:50:00",MSTUART2,0
D,DISPATCH,UNIT_SCADA,1,"2022/10/20 15:50:00",MSTUART3,0
D,DISPATCH,UNIT_SCADA,1,"2022/10/20 15:50:00",MTGELWF1,50.825520
D,DISPATCH,UNIT_SCADA,1,"2022/10/20 15:50:00",MTMILLAR,13.90
D,DISPATCH,UNIT_SCADA,1,"2022/10/20 15:50:00",MURRAY,0
D,DISPATCH,UNIT_SCADA,1,"2022/10/20 15:50:00",MUSSELR1,3.10
D,DISPATCH,UNIT_SCADA,1,"2022/10/20 15:50:00",MUWAWF1,47.80
D,DISPATCH,UNIT_SCADA,1,"2022/10/20 15:50:00",MUWAWF2,44
D,DISPATCH,UNIT_SCADA,1,"2022/10/20 15:50:00",MWPS1PV1,4.57
D,DISPATCH,UNIT_SCADA,1,"2022/10/20 15:50:00",MWPS2PV1,4.60
D,DISPATCH,UNIT_SCADA,1,"2022/10/20 15:50:00",MWPS3PV1,0.50
D,DISPATCH,UNIT_SCADA,1,"2022/10/20 15:50:00",MWPS4PV1,0.50
D,DISPATCH,UNIT_SCADA,1,"2022/10/20 15:50:00",NBHWF1,0
D,DISPATCH,UNIT_SCADA,1,"2022/10/20 15:50:00",NEVERSF1,7.80
D,DISPATCH,UNIT_SCADA,1,"2022/10/20 15:50:00",NPS,0
D,DISPATCH,UNIT_SCADA,1,"2022/10/20 15:50:00",NUMURSF1,82.99
D,DISPATCH,UNIT_SCADA,1,"2022/10/20 15:50:00",NYNGAN1,2.25
D,DISPATCH,UNIT_SCADA,1,"2022/10/20 15:50:00",OAKEY1,0
D,DISPATCH,UNIT_SCADA,1,"2022/10/20 15:50:00",OAKEY1SF,5.1630
D,DISPATCH,UNIT_SCADA,1,"2022/10/20 15:50:00",OAKEY2,0
D,DISPATCH,UNIT_SCADA,1,"2022/10/20 15:50:00",OAKEY2SF,9.81
D,DISPATCH,UNIT_SCADA,1,"2022/10/20 15:50:00",OAKLAND1,18.50
D,DISPATCH,UNIT_SCADA,1,"2022/10/20 15:50:00",OSB-AG,47.12
D,DISPATCH,UNIT_SCADA,1,"2022/10/20 15:50:00",PAREPS1,0.7530
D,DISPATCH,UNIT_SCADA,1,"2022/10/20 15:50:00",PAREPW1,75.84
D,DISPATCH,UNIT_SCADA,1,"2022/10/20 15:50:00",PARSF1,50.301360
D,DISPATCH,UNIT_SCADA,1,"2022/10/20 15:50:00",POAT110,0
D,DISPATCH,UNIT_SCADA,1,"2022/10/20 15:50:00",POAT220,0
D,DISPATCH,UNIT_SCADA,1,"2022/10/20 15:50:00",POR01,0.008670
D,DISPATCH,UNIT_SCADA,1,"2022/10/20 15:50:00",POR03,0
D,DISPATCH,UNIT_SCADA,1,"2022/10/20 15:50:00",PPCCGT,163.485570
D,DISPATCH,UNIT_SCADA,1,"2022/10/20 15:50:00",PTSTAN1,0
D,DISPATCH,UNIT_SCADA,1,"2022/10/20 15:50:00",PUMP1,0
D,DISPATCH,UNIT_SCADA,1,"2022/10/20 15:50:00",PUMP2,0
D,DISPATCH,UNIT_SCADA,1,"2022/10/20 15:50:00",QBYNBG1,0
D,DISPATCH,UNIT_SCADA,1,"2022/10/20 15:50:00",QBYNBL1,2.840460
D,DISPATCH,UNIT_SCADA,1,"2022/10/20 15:50:00",QPS1,0
D,DISPATCH,UNIT_SCADA,1,"2022/10/20 15:50:00",QPS2,0
D,DISPATCH,UNIT_SCADA,1,"2022/10/20 15:50:00",QPS3,0
D,DISPATCH,UNIT_SCADA,1,"2022/10/20 15:50:00",QPS4,0
D,DISPATCH,UNIT_SCADA,1,"2022/10/20 15:50:00",QPS5,73.36
D,DISPATCH,UNIT_SCADA,1,"2022/10/20 15:50:00",REECE1,0
D,DISPATCH,UNIT_SCADA,1,"2022/10/20 15:50:00",REECE2,0
D,DISPATCH,UNIT_SCADA,1,"2022/10/20 15:50:00",ROMA_7,0
D,DISPATCH,UNIT_SCADA,1,"2022/10/20 15:50:00",ROMA_8,0
D,DISPATCH,UNIT_SCADA,1,"2022/10/20 15:50:00",RRSF1,115.919460
D,DISPATCH,UNIT_SCADA,1,"2022/10/20 15:50:00",RT_NSW1,0
D,DISPATCH,UNIT_SCADA,1,"2022/10/20 15:50:00",RT_NSW2,0
D,DISPATCH,UNIT_SCADA,1,"2022/10/20 15:50:00",RT_NSW3,0
D,DISPATCH,UNIT_SCADA,1,"2022/10/20 15:50:00",RT_NSW4,0
D,DISPATCH,UNIT_SCADA,1,"2022/10/20 15:50:00",RT_NSW5,0
D,DISPATCH,UNIT_SCADA,1,"2022/10/20 15:50:00",RT_NSW6,0
D,DISPATCH,UNIT_SCADA,1,"2022/10/20 15:50:00",RT_QLD1,0
D,DISPATCH,UNIT_SCADA,1,"2022/10/20 15:50:00",RT_SA1,0
D,DISPATCH,UNIT_SCADA,1,"2022/10/20 15:50:00",RT_SA2,0
D,DISPATCH,UNIT_SCADA,1,"2022/10/20 15:50:00",RT_SA3,0
D,DISPATCH,UNIT_SCADA,1,"2022/10/20 15:50:00",RT_SA4,0
D,DISPATCH,UNIT_SCADA,1,"2022/10/20 15:50:00",RT_SA5,0
D,DISPATCH,UNIT_SCADA,1,"2022/10/20 15:50:00",RT_SA6,0
D,DISPATCH,UNIT_SCADA,1,"2022/10/20 15:50:00",RT_TAS1,0
D,DISPATCH,UNIT_SCADA,1,"2022/10/20 15:50:00",RT_VIC1,0
D,DISPATCH,UNIT_SCADA,1,"2022/10/20 15:50:00",RT_VIC10,0
D,DISPATCH,UNIT_SCADA,1,"2022/10/20 15:50:00",RT_VIC11,0
D,DISPATCH,UNIT_SCADA,1,"2022/10/20 15:50:00",RT_VIC12,0
D,DISPATCH,UNIT_SCADA,1,"2022/10/20 15:50:00",RT_VIC2,0
D,DISPATCH,UNIT_SCADA,1,"2022/10/20 15:50:00",RT_VIC3,0
D,DISPATCH,UNIT_SCADA,1,"2022/10/20 15:50:00",RT_VIC4,0
D,DISPATCH,UNIT_SCADA,1,"2022/10/20 15:50:00",RT_VIC5,0
D,DISPATCH,UNIT_SCADA,1,"2022/10/20 15:50:00",RT_VIC6,0
D,DISPATCH,UNIT_SCADA,1,"2022/10/20 15:50:00",RT_VIC7,0
D,DISPATCH,UNIT_SCADA,1,"2022/10/20 15:50:00",RT_VIC8,0
D,DISPATCH,UNIT_SCADA,1,"2022/10/20 15:50:00",RT_VIC9,0
D,DISPATCH,UNIT_SCADA,1,"2022/10/20 15:50:00",RUGBYR1,0
D,DISPATCH,UNIT_SCADA,1,"2022/10/20 15:50:00",SALTCRK1,21.93
D,DISPATCH,UNIT_SCADA,1,"2022/10/20 15:50:00",SAPHWF1,32.6070
D,DISPATCH,UNIT_SCADA,1,"2022/10/20 15:50:00",SEBSF1,11.893720
D,DISPATCH,UNIT_SCADA,1,"2022/10/20 15:50:00",SHGEN,0
D,DISPATCH,UNIT_SCADA,1,"2022/10/20 15:50:00",SHPUMP,0
D,DISPATCH,UNIT_SCADA,1,"2022/10/20 15:50:00",SITHE01,0.123710
D,DISPATCH,UNIT_SCADA,1,"2022/10/20 15:50:00",SMCSF1,6.2810
D,DISPATCH,UNIT_SCADA,1,"2022/10/20 15:50:00",SNAPPER1,0
D,DISPATCH,UNIT_SCADA,1,"2022/10/20 15:50:00",SNOWNTH1,14.40
D,DISPATCH,UNIT_SCADA,1,"2022/10/20 15:50:00",SNOWSTH1,11.40
D,DISPATCH,UNIT_SCADA,1,"2022/10/20 15:50:00",SNOWTWN1,6.441320
D,DISPATCH,UNIT_SCADA,1,"2022/10/20 15:50:00",SNOWYP,0
D,DISPATCH,UNIT_SCADA,1,"2022/10/20 15:50:00",SNUG1,0
D,DISPATCH,UNIT_SCADA,1,"2022/10/20 15:50:00",SRSF1,1.25
D,DISPATCH,UNIT_SCADA,1,"2022/10/20 15:50:00",STAN-1,296.808990
D,DISPATCH,UNIT_SCADA,1,"2022/10/20 15:50:00",STAN-2,349.323520
D,DISPATCH,UNIT_SCADA,1,"2022/10/20 15:50:00",STAN-3,143.879810
D,DISPATCH,UNIT_SCADA,1,"2022/10/20 15:50:00",STAN-4,348.990230
D,DISPATCH,UNIT_SCADA,1,"2022/10/20 15:50:00",STARHLWF,12.596330
D,DISPATCH,UNIT_SCADA,1,"2022/10/20 15:50:00",STOCKYD1,199.44
D,DISPATCH,UNIT_SCADA,1,"2022/10/20 15:50:00",STWF1,0
D,DISPATCH,UNIT_SCADA,1,"2022/10/20 15:50:00",SUNRSF1,42.861060
D,DISPATCH,UNIT_SCADA,1,"2022/10/20 15:50:00",SUNTPSF1,39.559320
D,DISPATCH,UNIT_SCADA,1,"2022/10/20 15:50:00",SWAN_E,192.215620
D,DISPATCH,UNIT_SCADA,1,"2022/10/20 15:50:00",TALWA1,0
D,DISPATCH,UNIT_SCADA,1,"2022/10/20 15:50:00",TARALGA1,0
D,DISPATCH,UNIT_SCADA,1,"2022/10/20 15:50:00",TARONG#1,346.100010
D,DISPATCH,UNIT_SCADA,1,"2022/10/20 15:50:00",TARONG#2,344.700010
D,DISPATCH,UNIT_SCADA,1,"2022/10/20 15:50:00",TARONG#3,0.90
D,DISPATCH,UNIT_SCADA,1,"2022/10/20 15:50:00",TARONG#4,284.200010
D,DISPATCH,UNIT_SCADA,1,"2022/10/20 15:50:00",TARRALEA,54
D,DISPATCH,UNIT_SCADA,1,"2022/10/20 15:50:00",TBSF1,0.10
D,DISPATCH,UNIT_SCADA,1,"2022/10/20 15:50:00",TNPS1,360.6250
D,DISPATCH,UNIT_SCADA,1,"2022/10/20 15:50:00",TORRB1,0
D,DISPATCH,UNIT_SCADA,1,"2022/10/20 15:50:00",TORRB2,56
D,DISPATCH,UNIT_SCADA,1,"2022/10/20 15:50:00",TORRB3,0
D,DISPATCH,UNIT_SCADA,1,"2022/10/20 15:50:00",TORRB4,0
D,DISPATCH,UNIT_SCADA,1,"2022/10/20 15:50:00",TREVALLN,100.611250
D,DISPATCH,UNIT_SCADA,1,"2022/10/20 15:50:00",TRIBUTE,0
D,DISPATCH,UNIT_SCADA,1,"2022/10/20 15:50:00",TUMUT3,118.81
D,DISPATCH,UNIT_SCADA,1,"2022/10/20 15:50:00",TUNGATIN,4.630010
D,DISPATCH,UNIT_SCADA,1,"2022/10/20 15:50:00",TVCC201,0
D,DISPATCH,UNIT_SCADA,1,"2022/10/20 15:50:00",TVPP104,0
D,DISPATCH,UNIT_SCADA,1,"2022/10/20 15:50:00",UPPTUMUT,0
D,DISPATCH,UNIT_SCADA,1,"2022/10/20 15:50:00",URANQ11,0
D,DISPATCH,UNIT_SCADA,1,"2022/10/20 15:50:00",URANQ12,0
D,DISPATCH,UNIT_SCADA,1,"2022/10/20 15:50:00",URANQ13,0
D,DISPATCH,UNIT_SCADA,1,"2022/10/20 15:50:00",URANQ14,0
D,DISPATCH,UNIT_SCADA,1,"2022/10/20 15:50:00",VBBG1,0
D,DISPATCH,UNIT_SCADA,1,"2022/10/20 15:50:00",VBBL1,12.40
D,DISPATCH,UNIT_SCADA,1,"2022/10/20 15:50:00",VP5,528.580570
D,DISPATCH,UNIT_SCADA,1,"2022/10/20 15:50:00",VP6,528.409670
D,DISPATCH,UNIT_SCADA,1,"2022/10/20 15:50:00",VPGS1,0
D,DISPATCH,UNIT_SCADA,1,"2022/10/20 15:50:00",VPGS2,0
D,DISPATCH,UNIT_SCADA,1,"2022/10/20 15:50:00",VPGS3,0
D,DISPATCH,UNIT_SCADA,1,"2022/10/20 15:50:00",VPGS4,0
D,DISPATCH,UNIT_SCADA,1,"2022/10/20 15:50:00",VPGS5,0
D,DISPATCH,UNIT_SCADA,1,"2022/10/20 15:50:00",VPGS6,0
D,DISPATCH,UNIT_SCADA,1,"2022/10/20 15:50:00",W/HOE#1,0
D,DISPATCH,UNIT_SCADA,1,"2022/10/20 15:50:00",W/HOE#2,0
D,DISPATCH,UNIT_SCADA,1,"2022/10/20 15:50:00",WAGGNSF1,0
D,DISPATCH,UNIT_SCADA,1,"2022/10/20 15:50:00",WALGRVG1,0
D,DISPATCH,UNIT_SCADA,1,"2022/10/20 15:50:00",WALGRVL1,16.749750
D,DISPATCH,UNIT_SCADA,1,"2022/10/20 15:50:00",WANDBG1,0
D,DISPATCH,UNIT_SCADA,1,"2022/10/20 15:50:00",WANDBL1,0
D,DISPATCH,UNIT_SCADA,1,"2022/10/20 15:50:00",WARWSF1,2.73
D,DISPATCH,UNIT_SCADA,1,"2022/10/20 15:50:00",WARWSF2,2.85
D,DISPATCH,UNIT_SCADA,1,"2022/10/20 15:50:00",WATERLWF,0
D,DISPATCH,UNIT_SCADA,1,"2022/10/20 15:50:00",WDGPH1,41.8430
D,DISPATCH,UNIT_SCADA,1,"2022/10/20 15:50:00",WELLSF1,73.807890
D,DISPATCH,UNIT_SCADA,1,"2022/10/20 15:50:00",WEMENSF1,6.60
D,DISPATCH,UNIT_SCADA,1,"2022/10/20 15:50:00",WGWF1,2.20
D,DISPATCH,UNIT_SCADA,1,"2022/10/20 15:50:00",WHITSF1,9.80
D,DISPATCH,UNIT_SCADA,1,"2022/10/20 15:50:00",WINTSF1,66.71
D,DISPATCH,UNIT_SCADA,1,"2022/10/20 15:50:00",WKIEWA1,31.90
D,DISPATCH,UNIT_SCADA,1,"2022/10/20 15:50:00",WKIEWA2,14
D,DISPATCH,UNIT_SCADA,1,"2022/10/20 15:50:00",WOODLWN1,27.734310
D,DISPATCH,UNIT_SCADA,1,"2022/10/20 15:50:00",WOOLGSF1,6.878210
D,DISPATCH,UNIT_SCADA,1,"2022/10/20 15:50:00",WPWF,44.51
D,DISPATCH,UNIT_SCADA,1,"2022/10/20 15:50:00",WRSF1,4.069950
D,DISPATCH,UNIT_SCADA,1,"2022/10/20 15:50:00",WRWF1,14.439310
D,DISPATCH,UNIT_SCADA,1,"2022/10/20 15:50:00",WSTWYSF1,5.020930
D,DISPATCH,UNIT_SCADA,1,"2022/10/20 15:50:00",YABULU,0
D,DISPATCH,UNIT_SCADA,1,"2022/10/20 15:50:00",YABULU2,0
D,DISPATCH,UNIT_SCADA,1,"2022/10/20 15:50:00",YARANSF1,33.17
D,DISPATCH,UNIT_SCADA,1,"2022/10/20 15:50:00",YARWUN_1,160.66
D,DISPATCH,UNIT_SCADA,1,"2022/10/20 15:50:00",YATSF1,35.57
D,DISPATCH,UNIT_SCADA,1,"2022/10/20 15:50:00",YENDWF1,31.71
D,DISPATCH,UNIT_SCADA,1,"2022/10/20 15:50:00",YWPS1,362.154420
D,DISPATCH,UNIT_SCADA,1,"2022/10/20 15:50:00",YWPS2,290.222780
D,DISPATCH,UNIT_SCADA,1,"2022/10/20 15:50:00",YWPS3,361.646850
D,DISPATCH,UNIT_SCADA,1,"2022/10/20 15:50:00",YWPS4,0
C,"END OF REPORT",419
