C,NEMP.WORLD,DISPATCHSCADA,AEMO,PUBLIC,2022/10/20,02:25:09,0000000373222582,DISPATCHSCADA,0000000373222576
I,DISPATCH,UNIT_SCADA,1,SETTLEMENTDATE,DUID,SCADAVALUE
D,DISPATCH,UNIT_SCADA,1,"2022/10/20 02:30:00",BARCSF1,0.10
D,DISPATCH,UNIT_SCADA,1,"2022/10/20 02:30:00",BUTLERSG,8.699999
D,DISPATCH,UNIT_SCADA,1,"2022/10/20 02:30:00",CAPTL_WF,0
D,DISPATCH,UNIT_SCADA,1,"2022/10/20 02:30:00",CHALLHWF,16
D,DISPATCH,UNIT_SCADA,1,"2022/10/20 02:30:00",CLOVER,13.33
D,DISPATCH,UNIT_SCADA,1,"2022/10/20 02:30:00",CLUNY,6.210575
D,DISPATCH,UNIT_SCADA,1,"2022/10/20 02:30:00",CULLRGWF,-0.04
D,DISPATCH,UNIT_SCADA,1,"2022/10/20 02:30:00",DIAPURWF1,7.30
D,DISPATCH,UNIT_SCADA,1,"2022/10/20 02:30:00",ERGT01,0
D,DISPATCH,UNIT_SCADA,1,"2022/10/20 02:30:00",GB01,0
D,DISPATCH,UNIT_SCADA,1,"2022/10/20 02:30:00",GERMCRK,21.200001
D,DISPATCH,UNIT_SCADA,1,"2022/10/20 02:30:00",GRIFSF1,0.001526
D,DISPATCH,UNIT_SCADA,1,"2022/10/20 02:30:00",HEZ1,0
D,DISPATCH,UNIT_SCADA,1,"2022/10/20 02:30:00",HUGSF1,-0.1740
D,DISPATCH,UNIT_SCADA,1,"2022/10/20 02:30:00",KEPBG1,0.02
D,DISPATCH,UNIT_SCADA,1,"2022/10/20 02:30:00",LRSF1,0.0240
D,DISPATCH,UNIT_SCADA,1,"2022/10/20 02:30:00",MBAHNTH,50.081253
D,DISPATCH,UNIT_SCADA,1,"2022/10/20 02:30:00",MLSP1,0
D,DISPATCH,UNIT_SCADA,1,"2022/10/20 02:30:00",MLWF1,1.08
D,DISPATCH,UNIT_SCADA,1,"2022/10/20 02:30:00",PALOONA,30.23
D,DISPATCH,UNIT_SCADA,1,"2022/10/20 02:30:00",PIONEER,43.299999
D,DISPATCH,UNIT_SCADA,1,"2022/10/20 02:30:00",PORTWF,28
D,DISPATCH,UNIT_SCADA,1,"2022/10/20 02:30:00",REPULSE,9.574731
D,DISPATCH,UNIT_SCADA,1,"2022/10/20 02:30:00",ROWALLAN,8.8750
D,DISPATCH,UNIT_SCADA,1,"2022/10/20 02:30:00",ROYALLA1,0
D,DISPATCH,UNIT_SCADA,1,"2022/10/20 02:30:00",RPCG,-1.20
D,DISPATCH,UNIT_SCADA,1,"2022/10/20 02:30:00",RUBICON,0
D,DISPATCH,UNIT_SCADA,1,"2022/10/20 02:30:00",WAUBRAWF,84.664001
D,DISPATCH,UNIT_SCADA,1,"2022/10/20 02:30:00",WOOLNTH1,8.559999
D,DISPATCH,UNIT_SCADA,1,"2022/10/20 02:30:00",YAMBUKWF,2.80
D,DISPATCH,UNIT_SCADA,1,"2022/10/20 02:30:00",YSWF1,3
D,DISPATCH,UNIT_SCADA,1,"2022/10/20 02:30:00",ADPBA1G,0.0080
D,DISPATCH,UNIT_SCADA,1,"2022/10/20 02:30:00",ADPBA1L,0
D,DISPATCH,UNIT_SCADA,1,"2022/10/20 02:30:00",ADPPV1,0
D,DISPATCH,UNIT_SCADA,1,"2022/10/20 02:30:00",AGLHAL,0
D,DISPATCH,UNIT_SCADA,1,"2022/10/20 02:30:00",AGLSOM,0
D,DISPATCH,UNIT_SCADA,1,"2022/10/20 02:30:00",ANGAST1,0
D,DISPATCH,UNIT_SCADA,1,"2022/10/20 02:30:00",ARWF1,12.30
D,DISPATCH,UNIT_SCADA,1,"2022/10/20 02:30:00",BALBG1,0
D,DISPATCH,UNIT_SCADA,1,"2022/10/20 02:30:00",BALBL1,0
D,DISPATCH,UNIT_SCADA,1,"2022/10/20 02:30:00",BALDHWF1,0
D,DISPATCH,UNIT_SCADA,1,"2022/10/20 02:30:00",BANGOWF1,45.799040
D,DISPATCH,UNIT_SCADA,1,"2022/10/20 02:30:00",BANGOWF2,48.699090
D,DISPATCH,UNIT_SCADA,1,"2022/10/20 02:30:00",BANN1,0
D,DISPATCH,UNIT_SCADA,1,"2022/10/20 02:30:00",BARCALDN,0
D,DISPATCH,UNIT_SCADA,1,"2022/10/20 02:30:00",BARKIPS1,0
D,DISPATCH,UNIT_SCADA,1,"2022/10/20 02:30:00",BARRON-1,0
D,DISPATCH,UNIT_SCADA,1,"2022/10/20 02:30:00",BARRON-2,0
D,DISPATCH,UNIT_SCADA,1,"2022/10/20 02:30:00",BASTYAN,0
D,DISPATCH,UNIT_SCADA,1,"2022/10/20 02:30:00",BBTHREE1,-1.05
D,DISPATCH,UNIT_SCADA,1,"2022/10/20 02:30:00",BBTHREE2,0
D,DISPATCH,UNIT_SCADA,1,"2022/10/20 02:30:00",BBTHREE3,0
D,DISPATCH,UNIT_SCADA,1,"2022/10/20 02:30:00",BDL01,0
D,DISPATCH,UNIT_SCADA,1,"2022/10/20 02:30:00",BDL02,0
D,DISPATCH,UNIT_SCADA,1,"2022/10/20 02:30:00",BERYLSF1,0
D,DISPATCH,UNIT_SCADA,1,"2022/10/20 02:30:00",BLOWERNG,62.60
D,DISPATCH,UNIT_SCADA,1,"2022/10/20 02:30:00",BLUEGSF1,0
D,DISPATCH,UNIT_SCADA,1,"2022/10/20 02:30:00",BLUFF1,2.60
D,DISPATCH,UNIT_SCADA,1,"2022/10/20 02:30:00",BNGSF1,0
D,DISPATCH,UNIT_SCADA,1,"2022/10/20 02:30:00",BNGSF2,0
D,DISPATCH,UNIT_SCADA,1,"2022/10/20 02:30:00",BOCORWF1,10.46
D,DISPATCH,UNIT_SCADA,1,"2022/10/20 02:30:00",BODWF1,92.8223
D,DISPATCH,UNIT_SCADA,1,"2022/10/20 02:30:00",BOMENSF1,0
D,DISPATCH,UNIT_SCADA,1,"2022/10/20 02:30:00",BOWWBA1G,0.0010
D,DISPATCH,UNIT_SCADA,1,"2022/10/20 02:30:00",BOWWBA1L,0
D,DISPATCH,UNIT_SCADA,1,"2022/10/20 02:30:00",BOWWPV1,0.0010
D,DISPATCH,UNIT_SCADA,1,"2022/10/20 02:30:00",BRAEMAR1,0
D,DISPATCH,UNIT_SCADA,1,"2022/10/20 02:30:00",BRAEMAR2,0
D,DISPATCH,UNIT_SCADA,1,"2022/10/20 02:30:00",BRAEMAR3,0
D,DISPATCH,UNIT_SCADA,1,"2022/10/20 02:30:00",BRAEMAR5,0.292060
D,DISPATCH,UNIT_SCADA,1,"2022/10/20 02:30:00",BRAEMAR6,0
D,DISPATCH,UNIT_SCADA,1,"2022/10/20 02:30:00",BRAEMAR7,0.130920
D,DISPATCH,UNIT_SCADA,1,"2022/10/20 02:30:00",BROKENH1,0
D,DISPATCH,UNIT_SCADA,1,"2022/10/20 02:30:00",BRYB1WF1,139.641420
D,DISPATCH,UNIT_SCADA,1,"2022/10/20 02:30:00",BULBESG1,0
D,DISPATCH,UNIT_SCADA,1,"2022/10/20 02:30:00",BULBESL1,0.03
D,DISPATCH,UNIT_SCADA,1,"2022/10/20 02:30:00",BULGANA1,39.47
D,DISPATCH,UNIT_SCADA,1,"2022/10/20 02:30:00",BW01,443.1098
D,DISPATCH,UNIT_SCADA,1,"2022/10/20 02:30:00",BW02,437.8851
D,DISPATCH,UNIT_SCADA,1,"2022/10/20 02:30:00",BW03,438.104830
D,DISPATCH,UNIT_SCADA,1,"2022/10/20 02:30:00",BW04,0
D,DISPATCH,UNIT_SCADA,1,"2022/10/20 02:30:00",CALL_B_1,319.200010
D,DISPATCH,UNIT_SCADA,1,"2022/10/20 02:30:00",CALL_B_2,319.800020
D,DISPATCH,UNIT_SCADA,1,"2022/10/20 02:30:00",CATHROCK,10.40
D,DISPATCH,UNIT_SCADA,1,"2022/10/20 02:30:00",CBWWBA1G,0
D,DISPATCH,UNIT_SCADA,1,"2022/10/20 02:30:00",CBWWBA1L,0
D,DISPATCH,UNIT_SCADA,1,"2022/10/20 02:30:00",CETHANA,97.525880
D,DISPATCH,UNIT_SCADA,1,"2022/10/20 02:30:00",CG1,0
D,DISPATCH,UNIT_SCADA,1,"2022/10/20 02:30:00",CG2,0
D,DISPATCH,UNIT_SCADA,1,"2022/10/20 02:30:00",CG3,0
D,DISPATCH,UNIT_SCADA,1,"2022/10/20 02:30:00",CG4,0
D,DISPATCH,UNIT_SCADA,1,"2022/10/20 02:30:00",CHILDSF1,0
D,DISPATCH,UNIT_SCADA,1,"2022/10/20 02:30:00",CHYTWF1,14.49
D,DISPATCH,UNIT_SCADA,1,"2022/10/20 02:30:00",CLARESF1,0
D,DISPATCH,UNIT_SCADA,1,"2022/10/20 02:30:00",CLEMGPWF,29.534350
D,DISPATCH,UNIT_SCADA,1,"2022/10/20 02:30:00",CLERMSF1,0
D,DISPATCH,UNIT_SCADA,1,"2022/10/20 02:30:00",CNUNDAWF,0
D,DISPATCH,UNIT_SCADA,1,"2022/10/20 02:30:00",COHUNSF1,0
D,DISPATCH,UNIT_SCADA,1,"2022/10/20 02:30:00",COLEASF1,0
D,DISPATCH,UNIT_SCADA,1,"2022/10/20 02:30:00",COLUMSF1,0
D,DISPATCH,UNIT_SCADA,1,"2022/10/20 02:30:00",COLWF01,46.300450
D,DISPATCH,UNIT_SCADA,1,"2022/10/20 02:30:00",COOPGWF1,343.019990
D,DISPATCH,UNIT_SCADA,1,"2022/10/20 02:30:00",CPP_3,360.800020
D,DISPATCH,UNIT_SCADA,1,"2022/10/20 02:30:00",CPP_4,0
D,DISPATCH,UNIT_SCADA,1,"2022/10/20 02:30:00",CPSA,0
D,DISPATCH,UNIT_SCADA,1,"2022/10/20 02:30:00",CROOKWF2,17.144430
D,DISPATCH,UNIT_SCADA,1,"2022/10/20 02:30:00",CROWLWF1,49.293310
D,DISPATCH,UNIT_SCADA,1,"2022/10/20 02:30:00",CRURWF1,29.097350
D,DISPATCH,UNIT_SCADA,1,"2022/10/20 02:30:00",CRWASF1,0
D,DISPATCH,UNIT_SCADA,1,"2022/10/20 02:30:00",CSPVPS1,0
D,DISPATCH,UNIT_SCADA,1,"2022/10/20 02:30:00",CTHLWF1,0.003050
D,DISPATCH,UNIT_SCADA,1,"2022/10/20 02:30:00",DALNTH01,0
D,DISPATCH,UNIT_SCADA,1,"2022/10/20 02:30:00",DALNTHL1,0.126650
D,DISPATCH,UNIT_SCADA,1,"2022/10/20 02:30:00",DARLSF1,0
D,DISPATCH,UNIT_SCADA,1,"2022/10/20 02:30:00",DARTM1,0
D,DISPATCH,UNIT_SCADA,1,"2022/10/20 02:30:00",DAYDSF1,0
D,DISPATCH,UNIT_SCADA,1,"2022/10/20 02:30:00",DDPS1,0
D,DISPATCH,UNIT_SCADA,1,"2022/10/20 02:30:00",DDSF1,0
D,DISPATCH,UNIT_SCADA,1,"2022/10/20 02:30:00",DEVILS_G,54.545120
D,DISPATCH,UNIT_SCADA,1,"2022/10/20 02:30:00",DG_NSW1,0
D,DISPATCH,UNIT_SCADA,1,"2022/10/20 02:30:00",DG_QLD1,0
D,DISPATCH,UNIT_SCADA,1,"2022/10/20 02:30:00",DG_SA1,0
D,DISPATCH,UNIT_SCADA,1,"2022/10/20 02:30:00",DG_TAS1,0
D,DISPATCH,UNIT_SCADA,1,"2022/10/20 02:30:00",DG_VIC1,0
D,DISPATCH,UNIT_SCADA,1,"2022/10/20 02:30:00",DRYCGT1,0
D,DISPATCH,UNIT_SCADA,1,"2022/10/20 02:30:00",DRYCGT2,0
D,DISPATCH,UNIT_SCADA,1,"2022/10/20 02:30:00",DRYCGT3,0
D,DISPATCH,UNIT_SCADA,1,"2022/10/20 02:30:00",DUNDWF1,85.36
D,DISPATCH,UNIT_SCADA,1,"2022/10/20 02:30:00",DUNDWF2,29.66
D,DISPATCH,UNIT_SCADA,1,"2022/10/20 02:30:00",DUNDWF3,81.26
D,DISPATCH,UNIT_SCADA,1,"2022/10/20 02:30:00",EILDON1,59.76
D,DISPATCH,UNIT_SCADA,1,"2022/10/20 02:30:00",EILDON2,60.04
D,DISPATCH,UNIT_SCADA,1,"2022/10/20 02:30:00",ELAINWF1,29.10
D,DISPATCH,UNIT_SCADA,1,"2022/10/20 02:30:00",EMERASF1,0
D,DISPATCH,UNIT_SCADA,1,"2022/10/20 02:30:00",ER01,0
D,DISPATCH,UNIT_SCADA,1,"2022/10/20 02:30:00",ER02,296.989380
D,DISPATCH,UNIT_SCADA,1,"2022/10/20 02:30:00",ER03,328.337520
D,DISPATCH,UNIT_SCADA,1,"2022/10/20 02:30:00",ER04,332.5368
D,DISPATCH,UNIT_SCADA,1,"2022/10/20 02:30:00",FINLYSF1,0
D,DISPATCH,UNIT_SCADA,1,"2022/10/20 02:30:00",FISHER,30.95
D,DISPATCH,UNIT_SCADA,1,"2022/10/20 02:30:00",GANGARR1,0
D,DISPATCH,UNIT_SCADA,1,"2022/10/20 02:30:00",GANNBG1,0
D,DISPATCH,UNIT_SCADA,1,"2022/10/20 02:30:00",GANNBL1,8.082290
D,DISPATCH,UNIT_SCADA,1,"2022/10/20 02:30:00",GANNSF1,0
D,DISPATCH,UNIT_SCADA,1,"2022/10/20 02:30:00",GLRWNSF1,0
D,DISPATCH,UNIT_SCADA,1,"2022/10/20 02:30:00",GNNDHSF1,0
D,DISPATCH,UNIT_SCADA,1,"2022/10/20 02:30:00",GOONSF1,0
D,DISPATCH,UNIT_SCADA,1,"2022/10/20 02:30:00",GORDON,195.529710
D,DISPATCH,UNIT_SCADA,1,"2022/10/20 02:30:00",GRANWF1,0
D,DISPATCH,UNIT_SCADA,1,"2022/10/20 02:30:00",GSTONE1,140
D,DISPATCH,UNIT_SCADA,1,"2022/10/20 02:30:00",GSTONE2,0
D,DISPATCH,UNIT_SCADA,1,"2022/10/20 02:30:00",GSTONE3,219.974990
D,DISPATCH,UNIT_SCADA,1,"2022/10/20 02:30:00",GSTONE4,0
D,DISPATCH,UNIT_SCADA,1,"2022/10/20 02:30:00",GSTONE5,220.50
D,DISPATCH,UNIT_SCADA,1,"2022/10/20 02:30:00",GSTONE6,221.20
D,DISPATCH,UNIT_SCADA,1,"2022/10/20 02:30:00",GULLRSF1,0
D,DISPATCH,UNIT_SCADA,1,"2022/10/20 02:30:00",GULLRWF1,51.134220
D,DISPATCH,UNIT_SCADA,1,"2022/10/20 02:30:00",GULLRWF2,44.681840
D,DISPATCH,UNIT_SCADA,1,"2022/10/20 02:30:00",GUNNING1,0
D,DISPATCH,UNIT_SCADA,1,"2022/10/20 02:30:00",GUTHEGA,68.100010
D,DISPATCH,UNIT_SCADA,1,"2022/10/20 02:30:00",HALLWF1,53.47
D,DISPATCH,UNIT_SCADA,1,"2022/10/20 02:30:00",HALLWF2,54.63
D,DISPATCH,UNIT_SCADA,1,"2022/10/20 02:30:00",HAMISF1,0
D,DISPATCH,UNIT_SCADA,1,"2022/10/20 02:30:00",HAUGHT11,0
D,DISPATCH,UNIT_SCADA,1,"2022/10/20 02:30:00",HAYMSF1,0
D,DISPATCH,UNIT_SCADA,1,"2022/10/20 02:30:00",HDWF1,80.30
D,DISPATCH,UNIT_SCADA,1,"2022/10/20 02:30:00",HDWF2,49.90
D,DISPATCH,UNIT_SCADA,1,"2022/10/20 02:30:00",HDWF3,60.10
D,DISPATCH,UNIT_SCADA,1,"2022/10/20 02:30:00",HILLSTN1,0
D,DISPATCH,UNIT_SCADA,1,"2022/10/20 02:30:00",HPRG1,0
D,DISPATCH,UNIT_SCADA,1,"2022/10/20 02:30:00",HPRL1,34.90
D,DISPATCH,UNIT_SCADA,1,"2022/10/20 02:30:00",HUMENSW,54.462920
D,DISPATCH,UNIT_SCADA,1,"2022/10/20 02:30:00",HUMEV,0
D,DISPATCH,UNIT_SCADA,1,"2022/10/20 02:30:00",HVWWBA1G,0
D,DISPATCH,UNIT_SCADA,1,"2022/10/20 02:30:00",HVWWBA1L,0.0060
D,DISPATCH,UNIT_SCADA,1,"2022/10/20 02:30:00",HVWWPV1,0
D,DISPATCH,UNIT_SCADA,1,"2022/10/20 02:30:00",JBUTTERS,0
D,DISPATCH,UNIT_SCADA,1,"2022/10/20 02:30:00",JEMALNG1,0
D,DISPATCH,UNIT_SCADA,1,"2022/10/20 02:30:00",JLA01,0
D,DISPATCH,UNIT_SCADA,1,"2022/10/20 02:30:00",JLA02,0
D,DISPATCH,UNIT_SCADA,1,"2022/10/20 02:30:00",JLA03,0
D,DISPATCH,UNIT_SCADA,1,"2022/10/20 02:30:00",JLA04,0
D,DISPATCH,UNIT_SCADA,1,"2022/10/20 02:30:00",JLB01,0
D,DISPATCH,UNIT_SCADA,1,"2022/10/20 02:30:00",JLB02,0.10
D,DISPATCH,UNIT_SCADA,1,"2022/10/20 02:30:00",JLB03,0
D,DISPATCH,UNIT_SCADA,1,"2022/10/20 02:30:00",JUNEESF1,0
D,DISPATCH,UNIT_SCADA,1,"2022/10/20 02:30:00",KABANWF1,1.4540
D,DISPATCH,UNIT_SCADA,1,"2022/10/20 02:30:00",KAREEYA1,17.9475
D,DISPATCH,UNIT_SCADA,1,"2022/10/20 02:30:00",KAREEYA2,0
D,DISPATCH,UNIT_SCADA,1,"2022/10/20 02:30:00",KAREEYA3,21.5075
D,DISPATCH,UNIT_SCADA,1,"2022/10/20 02:30:00",KAREEYA4,0
D,DISPATCH,UNIT_SCADA,1,"2022/10/20 02:30:00",KARSF1,0
D,DISPATCH,UNIT_SCADA,1,"2022/10/20 02:30:00",KEPSF1,0
D,DISPATCH,UNIT_SCADA,1,"2022/10/20 02:30:00",KEPWF1,3.17
D,DISPATCH,UNIT_SCADA,1,"2022/10/20 02:30:00",KIAMSF1,0
D,DISPATCH,UNIT_SCADA,1,"2022/10/20 02:30:00",KIATAWF1,30.80
D,DISPATCH,UNIT_SCADA,1,"2022/10/20 02:30:00",KPP_1,0
D,DISPATCH,UNIT_SCADA,1,"2022/10/20 02:30:00",KSP1,0
D,DISPATCH,UNIT_SCADA,1,"2022/10/20 02:30:00",LADBROK1,0.01
D,DISPATCH,UNIT_SCADA,1,"2022/10/20 02:30:00",LADBROK2,38.02
D,DISPATCH,UNIT_SCADA,1,"2022/10/20 02:30:00",LBBG1,0
D,DISPATCH,UNIT_SCADA,1,"2022/10/20 02:30:00",LBBL1,5.40
D,DISPATCH,UNIT_SCADA,1,"2022/10/20 02:30:00",LD01,320.059810
D,DISPATCH,UNIT_SCADA,1,"2022/10/20 02:30:00",LD02,0
D,DISPATCH,UNIT_SCADA,1,"2022/10/20 02:30:00",LD04,319.748540
D,DISPATCH,UNIT_SCADA,1,"2022/10/20 02:30:00",LEM_WIL,86.873940
D,DISPATCH,UNIT_SCADA,1,"2022/10/20 02:30:00",LGAPWF1,59.46
D,DISPATCH,UNIT_SCADA,1,"2022/10/20 02:30:00",LGAPWF2,41.97
D,DISPATCH,UNIT_SCADA,1,"2022/10/20 02:30:00",LILYSF1,0
D,DISPATCH,UNIT_SCADA,1,"2022/10/20 02:30:00",LIMOSF11,0
D,DISPATCH,UNIT_SCADA,1,"2022/10/20 02:30:00",LIMOSF21,0
D,DISPATCH,UNIT_SCADA,1,"2022/10/20 02:30:00",LI_WY_CA,56.034010
D,DISPATCH,UNIT_SCADA,1,"2022/10/20 02:30:00",LKBONNY1,0
D,DISPATCH,UNIT_SCADA,1,"2022/10/20 02:30:00",LKBONNY2,31.263390
D,DISPATCH,UNIT_SCADA,1,"2022/10/20 02:30:00",LKBONNY3,10.438730
D,DISPATCH,UNIT_SCADA,1,"2022/10/20 02:30:00",LK_ECHO,0
D,DISPATCH,UNIT_SCADA,1,"2022/10/20 02:30:00",LNGS1,0
D,DISPATCH,UNIT_SCADA,1,"2022/10/20 02:30:00",LNGS2,0
D,DISPATCH,UNIT_SCADA,1,"2022/10/20 02:30:00",LONSDALE,0
D,DISPATCH,UNIT_SCADA,1,"2022/10/20 02:30:00",LOYYB1,467.665830
D,DISPATCH,UNIT_SCADA,1,"2022/10/20 02:30:00",LOYYB2,468.417720
D,DISPATCH,UNIT_SCADA,1,"2022/10/20 02:30:00",LYA1,518
D,DISPATCH,UNIT_SCADA,1,"2022/10/20 02:30:00",LYA2,0
D,DISPATCH,UNIT_SCADA,1,"2022/10/20 02:30:00",LYA3,516
D,DISPATCH,UNIT_SCADA,1,"2022/10/20 02:30:00",LYA4,517
D,DISPATCH,UNIT_SCADA,1,"2022/10/20 02:30:00",MACARTH1,28.099350
D,DISPATCH,UNIT_SCADA,1,"2022/10/20 02:30:00",MACKNTSH,0
D,DISPATCH,UNIT_SCADA,1,"2022/10/20 02:30:00",MANSLR1,0
D,DISPATCH,UNIT_SCADA,1,"2022/10/20 02:30:00",MAPS2PV1,0
D,DISPATCH,UNIT_SCADA,1,"2022/10/20 02:30:00",MAPS3PV1,0
D,DISPATCH,UNIT_SCADA,1,"2022/10/20 02:30:00",MARYRSF1,0
D,DISPATCH,UNIT_SCADA,1,"2022/10/20 02:30:00",MBPS2PV1,0
D,DISPATCH,UNIT_SCADA,1,"2022/10/20 02:30:00",MCKAY1,0.02
D,DISPATCH,UNIT_SCADA,1,"2022/10/20 02:30:00",MEADOWBK,19.663040
D,DISPATCH,UNIT_SCADA,1,"2022/10/20 02:30:00",MERCER01,37
D,DISPATCH,UNIT_SCADA,1,"2022/10/20 02:30:00",METZSF1,0
D,DISPATCH,UNIT_SCADA,1,"2022/10/20 02:30:00",MEWF1,2
D,DISPATCH,UNIT_SCADA,1,"2022/10/20 02:30:00",MIDDLSF1,0
D,DISPATCH,UNIT_SCADA,1,"2022/10/20 02:30:00",MINTARO,0.128180
D,DISPATCH,UNIT_SCADA,1,"2022/10/20 02:30:00",MOLNGSF1,0
D,DISPATCH,UNIT_SCADA,1,"2022/10/20 02:30:00",MOORAWF1,58.43
D,DISPATCH,UNIT_SCADA,1,"2022/10/20 02:30:00",MOREESF1,0
D,DISPATCH,UNIT_SCADA,1,"2022/10/20 02:30:00",MORTLK11,0
D,DISPATCH,UNIT_SCADA,1,"2022/10/20 02:30:00",MORTLK12,0
D,DISPATCH,UNIT_SCADA,1,"2022/10/20 02:30:00",MOUSF1,0
D,DISPATCH,UNIT_SCADA,1,"2022/10/20 02:30:00",MP1,0
D,DISPATCH,UNIT_SCADA,1,"2022/10/20 02:30:00",MP2,285.929660
D,DISPATCH,UNIT_SCADA,1,"2022/10/20 02:30:00",MPP_1,127.079450
D,DISPATCH,UNIT_SCADA,1,"2022/10/20 02:30:00",MPP_2,0
D,DISPATCH,UNIT_SCADA,1,"2022/10/20 02:30:00",MRTLSWF1,0
D,DISPATCH,UNIT_SCADA,1,"2022/10/20 02:30:00",MSTUART1,0
D,DISPATCH,UNIT_SCADA,1,"2022/10/20 02:30:00",MSTUART2,0
D,DISPATCH,UNIT_SCADA,1,"2022/10/20 02:30:00",MSTUART3,0
D,DISPATCH,UNIT_SCADA,1,"2022/10/20 02:30:00",MTGELWF1,16.983550
D,DISPATCH,UNIT_SCADA,1,"2022/10/20 02:30:00",MTMILLAR,11.50
D,DISPATCH,UNIT_SCADA,1,"2022/10/20 02:30:00",MURRAY,0
D,DISPATCH,UNIT_SCADA,1,"2022/10/20 02:30:00",MUSSELR1,34.80
D,DISPATCH,UNIT_SCADA,1,"2022/10/20 02:30:00",MUWAWF1,187.12
D,DISPATCH,UNIT_SCADA,1,"2022/10/20 02:30:00",MUWAWF2,184
D,DISPATCH,UNIT_SCADA,1,"2022/10/20 02:30:00",MWPS1PV1,0
D,DISPATCH,UNIT_SCADA,1,"2022/10/20 02:30:00",MWPS2PV1,0
D,DISPATCH,UNIT_SCADA,1,"2022/10/20 02:30:00",MWPS3PV1,0
D,DISPATCH,UNIT_SCADA,1,"2022/10/20 02:30:00",MWPS4PV1,0
D,DISPATCH,UNIT_SCADA,1,"2022/10/20 02:30:00",NBHWF1,103.30
D,DISPATCH,UNIT_SCADA,1,"2022/10/20 02:30:00",NEVERSF1,0
D,DISPATCH,UNIT_SCADA,1,"2022/10/20 02:30:00",NPS,0
D,DISPATCH,UNIT_SCADA,1,"2022/10/20 02:30:00",NUMURSF1,0
D,DISPATCH,UNIT_SCADA,1,"2022/10/20 02:30:00",NYNGAN1,0
D,DISPATCH,UNIT_SCADA,1,"2022/10/20 02:30:00",OAKEY1,0
D,DISPATCH,UNIT_SCADA,1,"2022/10/20 02:30:00",OAKEY1SF,0
D,DISPATCH,UNIT_SCADA,1,"2022/10/20 02:30:00",OAKEY2,0
D,DISPATCH,UNIT_SCADA,1,"2022/10/20 02:30:00",OAKEY2SF,0
D,DISPATCH,UNIT_SCADA,1,"2022/10/20 02:30:00",OAKLAND1,21
D,DISPATCH,UNIT_SCADA,1,"2022/10/20 02:30:00",OSB-AG,0
D,DISPATCH,UNIT_SCADA,1,"2022/10/20 02:30:00",PAREPS1,0.0660
D,DISPATCH,UNIT_SCADA,1,"2022/10/20 02:30:00",PAREPW1,50.09
D,DISPATCH,UNIT_SCADA,1,"2022/10/20 02:30:00",PARSF1,0.001530
D,DISPATCH,UNIT_SCADA,1,"2022/10/20 02:30:00",POAT110,0
D,DISPATCH,UNIT_SCADA,1,"2022/10/20 02:30:00",POAT220,0
D,DISPATCH,UNIT_SCADA,1,"2022/10/20 02:30:00",POR01,0
D,DISPATCH,UNIT_SCADA,1,"2022/10/20 02:30:00",POR03,0
D,DISPATCH,UNIT_SCADA,1,"2022/10/20 02:30:00",PPCCGT,123.890430
D,DISPATCH,UNIT_SCADA,1,"2022/10/20 02:30:00",PTSTAN1,0
D,DISPATCH,UNIT_SCADA,1,"2022/10/20 02:30:00",PUMP1,0
D,DISPATCH,UNIT_SCADA,1,"2022/10/20 02:30:00",PUMP2,0
D,DISPATCH,UNIT_SCADA,1,"2022/10/20 02:30:00",QBYNBG1,0
D,DISPATCH,UNIT_SCADA,1,"2022/10/20 02:30:00",QBYNBL1,0.0035
D,DISPATCH,UNIT_SCADA,1,"2022/10/20 02:30:00",QPS1,0
D,DISPATCH,UNIT_SCADA,1,"2022/10/20 02:30:00",QPS2,0
D,DISPATCH,UNIT_SCADA,1,"2022/10/20 02:30:00",QPS3,0
D,DISPATCH,UNIT_SCADA,1,"2022/10/20 02:30:00",QPS4,0
D,DISPATCH,UNIT_SCADA,1,"2022/10/20 02:30:00",QPS5,77.13
D,DISPATCH,UNIT_SCADA,1,"2022/10/20 02:30:00",REECE1,0
D,DISPATCH,UNIT_SCADA,1,"2022/10/20 02:30:00",REECE2,0
D,DISPATCH,UNIT_SCADA,1,"2022/10/20 02:30:00",ROMA_7,0
D,DISPATCH,UNIT_SCADA,1,"2022/10/20 02:30:00",ROMA_8,0
D,DISPATCH,UNIT_SCADA,1,"2022/10/20 02:30:00",RRSF1,0
D,DISPATCH,UNIT_SCADA,1,"2022/10/20 02:30:00",RT_NSW1,0
D,DISPATCH,UNIT_SCADA,1,"2022/10/20 02:30:00",RT_NSW2,0
D,DISPATCH,UNIT_SCADA,1,"2022/10/20 02:30:00",RT_NSW3,0
D,DISPATCH,UNIT_SCADA,1,"2022/10/20 02:30:00",RT_NSW4,0
D,DISPATCH,UNIT_SCADA,1,"2022/10/20 02:30:00",RT_NSW5,0
D,DISPATCH,UNIT_SCADA,1,"2022/10/20 02:30:00",RT_NSW6,0
D,DISPATCH,UNIT_SCADA,1,"2022/10/20 02:30:00",RT_QLD1,0
D,DISPATCH,UNIT_SCADA,1,"2022/10/20 02:30:00",RT_SA1,0
D,DISPATCH,UNIT_SCADA,1,"2022/10/20 02:30:00",RT_SA2,0
D,DISPATCH,UNIT_SCADA,1,"2022/10/20 02:30:00",RT_SA3,0
D,DISPATCH,UNIT_SCADA,1,"2022/10/20 02:30:00",RT_SA4,0
D,DISPATCH,UNIT_SCADA,1,"2022/10/20 02:30:00",RT_SA5,0
D,DISPATCH,UNIT_SCADA,1,"2022/10/20 02:30:00",RT_SA6,0
D,DISPATCH,UNIT_SCADA,1,"2022/10/20 02:30:00",RT_TAS1,0
D,DISPATCH,UNIT_SCADA,1,"2022/10/20 02:30:00",RT_VIC1,0
D,DISPATCH,UNIT_SCADA,1,"2022/10/20 02:30:00",RT_VIC10,0
D,DISPATCH,UNIT_SCADA,1,"2022/10/20 02:30:00",RT_VIC11,0
D,DISPATCH,UNIT_SCADA,1,"2022/10/20 02:30:00",RT_VIC12,0
D,DISPATCH,UNIT_SCADA,1,"2022/10/20 02:30:00",RT_VIC2,0
D,DISPATCH,UNIT_SCADA,1,"2022/10/20 02:30:00",RT_VIC3,0
D,DISPATCH,UNIT_SCADA,1,"2022/10/20 02:30:00",RT_VIC4,0
D,DISPATCH,UNIT_SCADA,1,"2022/10/20 02:30:00",RT_VIC5,0
D,DISPATCH,UNIT_SCADA,1,"2022/10/20 02:30:00",RT_VIC6,0
D,DISPATCH,UNIT_SCADA,1,"2022/10/20 02:30:00",RT_VIC7,0
D,DISPATCH,UNIT_SCADA,1,"2022/10/20 02:30:00",RT_VIC8,0
D,DISPATCH,UNIT_SCADA,1,"2022/10/20 02:30:00",RT_VIC9,0
D,DISPATCH,UNIT_SCADA,1,"2022/10/20 02:30:00",RUGBYR1,0
D,DISPATCH,UNIT_SCADA,1,"2022/10/20 02:30:00",SALTCRK1,18.79
D,DISPATCH,UNIT_SCADA,1,"2022/10/20 02:30:00",SAPHWF1,180.302120
D,DISPATCH,UNIT_SCADA,1,"2022/10/20 02:30:00",SEBSF1,0
D,DISPATCH,UNIT_SCADA,1,"2022/10/20 02:30:00",SHGEN,0
D,DISPATCH,UNIT_SCADA,1,"2022/10/20 02:30:00",SHPUMP,0
D,DISPATCH,UNIT_SCADA,1,"2022/10/20 02:30:00",SITHE01,0.123710
D,DISPATCH,UNIT_SCADA,1,"2022/10/20 02:30:00",SMCSF1,0
D,DISPATCH,UNIT_SCADA,1,"2022/10/20 02:30:00",SNAPPER1,0
D,DISPATCH,UNIT_SCADA,1,"2022/10/20 02:30:00",SNOWNTH1,130.80
D,DISPATCH,UNIT_SCADA,1,"2022/10/20 02:30:00",SNOWSTH1,115.20
D,DISPATCH,UNIT_SCADA,1,"2022/10/20 02:30:00",SNOWTWN1,89.752680
D,DISPATCH,UNIT_SCADA,1,"2022/10/20 02:30:00",SNOWYP,0
D,DISPATCH,UNIT_SCADA,1,"2022/10/20 02:30:00",SNUG1,0
D,DISPATCH,UNIT_SCADA,1,"2022/10/20 02:30:00",SRSF1,0
D,DISPATCH,UNIT_SCADA,1,"2022/10/20 02:30:00",STAN-1,280.543180
D,DISPATCH,UNIT_SCADA,1,"2022/10/20 02:30:00",STAN-2,365.089390
D,DISPATCH,UNIT_SCADA,1,"2022/10/20 02:30:00",STAN-3,363.179530
D,DISPATCH,UNIT_SCADA,1,"2022/10/20 02:30:00",STAN-4,365.461120
D,DISPATCH,UNIT_SCADA,1,"2022/10/20 02:30:00",STARHLWF,15.295540
D,DISPATCH,UNIT_SCADA,1,"2022/10/20 02:30:00",STOCKYD1,220.100010
D,DISPATCH,UNIT_SCADA,1,"2022/10/20 02:30:00",STWF1,100.696720
D,DISPATCH,UNIT_SCADA,1,"2022/10/20 02:30:00",SUNRSF1,0
D,DISPATCH,UNIT_SCADA,1,"2022/10/20 02:30:00",SUNTPSF1,0
D,DISPATCH,UNIT_SCADA,1,"2022/10/20 02:30:00",SWAN_E,245.448760
D,DISPATCH,UNIT_SCADA,1,"2022/10/20 02:30:00",TALWA1,0
D,DISPATCH,UNIT_SCADA,1,"2022/10/20 02:30:00",TARALGA1,0
D,DISPATCH,UNIT_SCADA,1,"2022/10/20 02:30:00",TARONG#1,280
D,DISPATCH,UNIT_SCADA,1,"2022/10/20 02:30:00",TARONG#2,280.700010
D,DISPATCH,UNIT_SCADA,1,"2022/10/20 02:30:00",TARONG#3,0.90
D,DISPATCH,UNIT_SCADA,1,"2022/10/20 02:30:00",TARONG#4,190.600010
D,DISPATCH,UNIT_SCADA,1,"2022/10/20 02:30:00",TARRALEA,54
D,DISPATCH,UNIT_SCADA,1,"2022/10/20 02:30:00",TBSF1,0
D,DISPATCH,UNIT_SCADA,1,"2022/10/20 02:30:00",TNPS1,301.1875
D,DISPATCH,UNIT_SCADA,1,"2022/10/20 02:30:00",TORRB1,0
D,DISPATCH,UNIT_SCADA,1,"2022/10/20 02:30:00",TORRB2,41
D,DISPATCH,UNIT_SCADA,1,"2022/10/20 02:30:00",TORRB3,0
D,DISPATCH,UNIT_SCADA,1,"2022/10/20 02:30:00",TORRB4,0
D,DISPATCH,UNIT_SCADA,1,"2022/10/20 02:30:00",TREVALLN,100.051660
D,DISPATCH,UNIT_SCADA,1,"2022/10/20 02:30:00",TRIBUTE,0
D,DISPATCH,UNIT_SCADA,1,"2022/10/20 02:30:00",TUMUT3,0
D,DISPATCH,UNIT_SCADA,1,"2022/10/20 02:30:00",TUNGATIN,5.440020
D,DISPATCH,UNIT_SCADA,1,"2022/10/20 02:30:00",TVCC201,0
D,DISPATCH,UNIT_SCADA,1,"2022/10/20 02:30:00",TVPP104,0
D,DISPATCH,UNIT_SCADA,1,"2022/10/20 02:30:00",UPPTUMUT,0
D,DISPATCH,UNIT_SCADA,1,"2022/10/20 02:30:00",URANQ11,0
D,DISPATCH,UNIT_SCADA,1,"2022/10/20 02:30:00",URANQ12,0
D,DISPATCH,UNIT_SCADA,1,"2022/10/20 02:30:00",URANQ13,0
D,DISPATCH,UNIT_SCADA,1,"2022/10/20 02:30:00",URANQ14,0
D,DISPATCH,UNIT_SCADA,1,"2022/10/20 02:30:00",VBBG1,0
D,DISPATCH,UNIT_SCADA,1,"2022/10/20 02:30:00",VBBL1,65.10
D,DISPATCH,UNIT_SCADA,1,"2022/10/20 02:30:00",VP5,547.233520
D,DISPATCH,UNIT_SCADA,1,"2022/10/20 02:30:00",VP6,548.551880
D,DISPATCH,UNIT_SCADA,1,"2022/10/20 02:30:00",VPGS1,0
D,DISPATCH,UNIT_SCADA,1,"2022/10/20 02:30:00",VPGS2,0
D,DISPATCH,UNIT_SCADA,1,"2022/10/20 02:30:00",VPGS3,0
D,DISPATCH,UNIT_SCADA,1,"2022/10/20 02:30:00",VPGS4,0
D,DISPATCH,UNIT_SCADA,1,"2022/10/20 02:30:00",VPGS5,0
D,DISPATCH,UNIT_SCADA,1,"2022/10/20 02:30:00",VPGS6,0
D,DISPATCH,UNIT_SCADA,1,"2022/10/20 02:30:00",W/HOE#1,0
D,DISPATCH,UNIT_SCADA,1,"2022/10/20 02:30:00",W/HOE#2,0
D,DISPATCH,UNIT_SCADA,1,"2022/10/20 02:30:00",WAGGNSF1,0
D,DISPATCH,UNIT_SCADA,1,"2022/10/20 02:30:00",WALGRVG1,0.000930
D,DISPATCH,UNIT_SCADA,1,"2022/10/20 02:30:00",WALGRVL1,0
D,DISPATCH,UNIT_SCADA,1,"2022/10/20 02:30:00",WANDBG1,0
D,DISPATCH,UNIT_SCADA,1,"2022/10/20 02:30:00",WANDBL1,0
D,DISPATCH,UNIT_SCADA,1,"2022/10/20 02:30:00",WARWSF1,0
D,DISPATCH,UNIT_SCADA,1,"2022/10/20 02:30:00",WARWSF2,0
D,DISPATCH,UNIT_SCADA,1,"2022/10/20 02:30:00",WATERLWF,68.80
D,DISPATCH,UNIT_SCADA,1,"2022/10/20 02:30:00",WDGPH1,0
D,DISPATCH,UNIT_SCADA,1,"2022/10/20 02:30:00",WELLSF1,0
D,DISPATCH,UNIT_SCADA,1,"2022/10/20 02:30:00",WEMENSF1,0
D,DISPATCH,UNIT_SCADA,1,"2022/10/20 02:30:00",WGWF1,115.10
D,DISPATCH,UNIT_SCADA,1,"2022/10/20 02:30:00",WHITSF1,0
D,DISPATCH,UNIT_SCADA,1,"2022/10/20 02:30:00",WINTSF1,0
D,DISPATCH,UNIT_SCADA,1,"2022/10/20 02:30:00",WKIEWA1,34
D,DISPATCH,UNIT_SCADA,1,"2022/10/20 02:30:00",WKIEWA2,34.10
D,DISPATCH,UNIT_SCADA,1,"2022/10/20 02:30:00",WOODLWN1,7.607050
D,DISPATCH,UNIT_SCADA,1,"2022/10/20 02:30:00",WOOLGSF1,0
D,DISPATCH,UNIT_SCADA,1,"2022/10/20 02:30:00",WPWF,81.77
D,DISPATCH,UNIT_SCADA,1,"2022/10/20 02:30:00",WRSF1,0
D,DISPATCH,UNIT_SCADA,1,"2022/10/20 02:30:00",WRWF1,51.030440
D,DISPATCH,UNIT_SCADA,1,"2022/10/20 02:30:00",WSTWYSF1,0
D,DISPATCH,UNIT_SCADA,1,"2022/10/20 02:30:00",YABULU,0
D,DISPATCH,UNIT_SCADA,1,"2022/10/20 02:30:00",YABULU2,0
D,DISPATCH,UNIT_SCADA,1,"2022/10/20 02:30:00",YARANSF1,0
D,DISPATCH,UNIT_SCADA,1,"2022/10/20 02:30:00",YARWUN_1,160.509990
D,DISPATCH,UNIT_SCADA,1,"2022/10/20 02:30:00",YATSF1,0
D,DISPATCH,UNIT_SCADA,1,"2022/10/20 02:30:00",YENDWF1,35.74
D,DISPATCH,UNIT_SCADA,1,"2022/10/20 02:30:00",YWPS1,364.159480
D,DISPATCH,UNIT_SCADA,1,"2022/10/20 02:30:00",YWPS2,359.6481
D,DISPATCH,UNIT_SCADA,1,"2022/10/20 02:30:00",YWPS3,359.953160
D,DISPATCH,UNIT_SCADA,1,"2022/10/20 02:30:00",YWPS4,0
C,"END OF REPORT",419
