C,NEMP.WORLD,DISPATCHSCADA,AEMO,PUBLIC,2022/10/20,20:35:09,0000000373279527,DISPATCHSCADA,0000000373279521
I,DISPATCH,UNIT_SCADA,1,SETTLEMENTDATE,DUID,SCADAVALUE
D,DISPATCH,UNIT_SCADA,1,"2022/10/20 20:40:00",BARCSF1,0.10
D,DISPATCH,UNIT_SCADA,1,"2022/10/20 20:40:00",BUTLERSG,8.699999
D,DISPATCH,UNIT_SCADA,1,"2022/10/20 20:40:00",CAPTL_WF,103.282822
D,DISPATCH,UNIT_SCADA,1,"2022/10/20 20:40:00",CHALLHWF,7.80
D,DISPATCH,UNIT_SCADA,1,"2022/10/20 20:40:00",CLOVER,13.21
D,DISPATCH,UNIT_SCADA,1,"2022/10/20 20:40:00",CLUNY,6.367132
D,DISPATCH,UNIT_SCADA,1,"2022/10/20 20:40:00",CULLRGWF,-0.03
D,DISPATCH,UNIT_SCADA,1,"2022/10/20 20:40:00",DIAPURWF1,0.20
D,DISPATCH,UNIT_SCADA,1,"2022/10/20 20:40:00",ERGT01,0
D,DISPATCH,UNIT_SCADA,1,"2022/10/20 20:40:00",GB01,0
D,DISPATCH,UNIT_SCADA,1,"2022/10/20 20:40:00",GERMCRK,21.60
D,DISPATCH,UNIT_SCADA,1,"2022/10/20 20:40:00",GRIFSF1,0.001526
D,DISPATCH,UNIT_SCADA,1,"2022/10/20 20:40:00",HEZ1,0
D,DISPATCH,UNIT_SCADA,1,"2022/10/20 20:40:00",HUGSF1,-0.0420
D,DISPATCH,UNIT_SCADA,1,"2022/10/20 20:40:00",KEPBG1,0
D,DISPATCH,UNIT_SCADA,1,"2022/10/20 20:40:00",LRSF1,0.0110
D,DISPATCH,UNIT_SCADA,1,"2022/10/20 20:40:00",MBAHNTH,45.093750
D,DISPATCH,UNIT_SCADA,1,"2022/10/20 20:40:00",MLSP1,0
D,DISPATCH,UNIT_SCADA,1,"2022/10/20 20:40:00",MLWF1,7.7850
D,DISPATCH,UNIT_SCADA,1,"2022/10/20 20:40:00",PALOONA,30.789999
D,DISPATCH,UNIT_SCADA,1,"2022/10/20 20:40:00",PIONEER,26.50
D,DISPATCH,UNIT_SCADA,1,"2022/10/20 20:40:00",PORTWF,48.099998
D,DISPATCH,UNIT_SCADA,1,"2022/10/20 20:40:00",REPULSE,9.486839
D,DISPATCH,UNIT_SCADA,1,"2022/10/20 20:40:00",ROWALLAN,8.9602
D,DISPATCH,UNIT_SCADA,1,"2022/10/20 20:40:00",ROYALLA1,0
D,DISPATCH,UNIT_SCADA,1,"2022/10/20 20:40:00",RPCG,-0.50
D,DISPATCH,UNIT_SCADA,1,"2022/10/20 20:40:00",RUBICON,0
D,DISPATCH,UNIT_SCADA,1,"2022/10/20 20:40:00",WAUBRAWF,52.188999
D,DISPATCH,UNIT_SCADA,1,"2022/10/20 20:40:00",WOOLNTH1,79.190002
D,DISPATCH,UNIT_SCADA,1,"2022/10/20 20:40:00",YAMBUKWF,6.30
D,DISPATCH,UNIT_SCADA,1,"2022/10/20 20:40:00",YSWF1,1.60
D,DISPATCH,UNIT_SCADA,1,"2022/10/20 20:40:00",ADPBA1G,0.0080
D,DISPATCH,UNIT_SCADA,1,"2022/10/20 20:40:00",ADPBA1L,0
D,DISPATCH,UNIT_SCADA,1,"2022/10/20 20:40:00",ADPPV1,0
D,DISPATCH,UNIT_SCADA,1,"2022/10/20 20:40:00",AGLHAL,31.044970
D,DISPATCH,UNIT_SCADA,1,"2022/10/20 20:40:00",AGLSOM,0
D,DISPATCH,UNIT_SCADA,1,"2022/10/20 20:40:00",ANGAST1,0
D,DISPATCH,UNIT_SCADA,1,"2022/10/20 20:40:00",ARWF1,3.50
D,DISPATCH,UNIT_SCADA,1,"2022/10/20 20:40:00",BALBG1,5.48
D,DISPATCH,UNIT_SCADA,1,"2022/10/20 20:40:00",BALBL1,0
D,DISPATCH,UNIT_SCADA,1,"2022/10/20 20:40:00",BALDHWF1,99.2360
D,DISPATCH,UNIT_SCADA,1,"2022/10/20 20:40:00",BANGOWF1,80.496830
D,DISPATCH,UNIT_SCADA,1,"2022/10/20 20:40:00",BANGOWF2,63.199740
D,DISPATCH,UNIT_SCADA,1,"2022/10/20 20:40:00",BANN1,0
D,DISPATCH,UNIT_SCADA,1,"2022/10/20 20:40:00",BARCALDN,0
D,DISPATCH,UNIT_SCADA,1,"2022/10/20 20:40:00",BARKIPS1,192.17
D,DISPATCH,UNIT_SCADA,1,"2022/10/20 20:40:00",BARRON-1,0
D,DISPATCH,UNIT_SCADA,1,"2022/10/20 20:40:00",BARRON-2,0
D,DISPATCH,UNIT_SCADA,1,"2022/10/20 20:40:00",BASTYAN,56.28
D,DISPATCH,UNIT_SCADA,1,"2022/10/20 20:40:00",BBTHREE1,0
D,DISPATCH,UNIT_SCADA,1,"2022/10/20 20:40:00",BBTHREE2,0
D,DISPATCH,UNIT_SCADA,1,"2022/10/20 20:40:00",BBTHREE3,-1.08
D,DISPATCH,UNIT_SCADA,1,"2022/10/20 20:40:00",BDL01,0
D,DISPATCH,UNIT_SCADA,1,"2022/10/20 20:40:00",BDL02,0
D,DISPATCH,UNIT_SCADA,1,"2022/10/20 20:40:00",BERYLSF1,0
D,DISPATCH,UNIT_SCADA,1,"2022/10/20 20:40:00",BLOWERNG,62.60
D,DISPATCH,UNIT_SCADA,1,"2022/10/20 20:40:00",BLUEGSF1,0
D,DISPATCH,UNIT_SCADA,1,"2022/10/20 20:40:00",BLUFF1,5.90
D,DISPATCH,UNIT_SCADA,1,"2022/10/20 20:40:00",BNGSF1,0
D,DISPATCH,UNIT_SCADA,1,"2022/10/20 20:40:00",BNGSF2,0
D,DISPATCH,UNIT_SCADA,1,"2022/10/20 20:40:00",BOCORWF1,24.76
D,DISPATCH,UNIT_SCADA,1,"2022/10/20 20:40:00",BODWF1,110.583370
D,DISPATCH,UNIT_SCADA,1,"2022/10/20 20:40:00",BOMENSF1,0
D,DISPATCH,UNIT_SCADA,1,"2022/10/20 20:40:00",BOWWBA1G,0
D,DISPATCH,UNIT_SCADA,1,"2022/10/20 20:40:00",BOWWBA1L,0.0010
D,DISPATCH,UNIT_SCADA,1,"2022/10/20 20:40:00",BOWWPV1,0
D,DISPATCH,UNIT_SCADA,1,"2022/10/20 20:40:00",BRAEMAR1,0
D,DISPATCH,UNIT_SCADA,1,"2022/10/20 20:40:00",BRAEMAR2,0
D,DISPATCH,UNIT_SCADA,1,"2022/10/20 20:40:00",BRAEMAR3,0
D,DISPATCH,UNIT_SCADA,1,"2022/10/20 20:40:00",BRAEMAR5,144.408070
D,DISPATCH,UNIT_SCADA,1,"2022/10/20 20:40:00",BRAEMAR6,0
D,DISPATCH,UNIT_SCADA,1,"2022/10/20 20:40:00",BRAEMAR7,140.812730
D,DISPATCH,UNIT_SCADA,1,"2022/10/20 20:40:00",BROKENH1,0
D,DISPATCH,UNIT_SCADA,1,"2022/10/20 20:40:00",BRYB1WF1,75.718320
D,DISPATCH,UNIT_SCADA,1,"2022/10/20 20:40:00",BULBESG1,0
D,DISPATCH,UNIT_SCADA,1,"2022/10/20 20:40:00",BULBESL1,0.03
D,DISPATCH,UNIT_SCADA,1,"2022/10/20 20:40:00",BULGANA1,39.14
D,DISPATCH,UNIT_SCADA,1,"2022/10/20 20:40:00",BW01,659.885560
D,DISPATCH,UNIT_SCADA,1,"2022/10/20 20:40:00",BW02,639.035640
D,DISPATCH,UNIT_SCADA,1,"2022/10/20 20:40:00",BW03,601.242070
D,DISPATCH,UNIT_SCADA,1,"2022/10/20 20:40:00",BW04,0
D,DISPATCH,UNIT_SCADA,1,"2022/10/20 20:40:00",CALL_B_1,319.399990
D,DISPATCH,UNIT_SCADA,1,"2022/10/20 20:40:00",CALL_B_2,319.200010
D,DISPATCH,UNIT_SCADA,1,"2022/10/20 20:40:00",CATHROCK,2
D,DISPATCH,UNIT_SCADA,1,"2022/10/20 20:40:00",CBWWBA1G,0
D,DISPATCH,UNIT_SCADA,1,"2022/10/20 20:40:00",CBWWBA1L,0
D,DISPATCH,UNIT_SCADA,1,"2022/10/20 20:40:00",CETHANA,97.106750
D,DISPATCH,UNIT_SCADA,1,"2022/10/20 20:40:00",CG1,0
D,DISPATCH,UNIT_SCADA,1,"2022/10/20 20:40:00",CG2,0
D,DISPATCH,UNIT_SCADA,1,"2022/10/20 20:40:00",CG3,0
D,DISPATCH,UNIT_SCADA,1,"2022/10/20 20:40:00",CG4,0
D,DISPATCH,UNIT_SCADA,1,"2022/10/20 20:40:00",CHILDSF1,0
D,DISPATCH,UNIT_SCADA,1,"2022/10/20 20:40:00",CHYTWF1,0.17
D,DISPATCH,UNIT_SCADA,1,"2022/10/20 20:40:00",CLARESF1,0
D,DISPATCH,UNIT_SCADA,1,"2022/10/20 20:40:00",CLEMGPWF,0.072030
D,DISPATCH,UNIT_SCADA,1,"2022/10/20 20:40:00",CLERMSF1,0
D,DISPATCH,UNIT_SCADA,1,"2022/10/20 20:40:00",CNUNDAWF,15.718340
D,DISPATCH,UNIT_SCADA,1,"2022/10/20 20:40:00",COHUNSF1,0
D,DISPATCH,UNIT_SCADA,1,"2022/10/20 20:40:00",COLEASF1,0
D,DISPATCH,UNIT_SCADA,1,"2022/10/20 20:40:00",COLUMSF1,0
D,DISPATCH,UNIT_SCADA,1,"2022/10/20 20:40:00",COLWF01,119.575810
D,DISPATCH,UNIT_SCADA,1,"2022/10/20 20:40:00",COOPGWF1,395.640010
D,DISPATCH,UNIT_SCADA,1,"2022/10/20 20:40:00",CPP_3,379.225010
D,DISPATCH,UNIT_SCADA,1,"2022/10/20 20:40:00",CPP_4,0
D,DISPATCH,UNIT_SCADA,1,"2022/10/20 20:40:00",CPSA,0
D,DISPATCH,UNIT_SCADA,1,"2022/10/20 20:40:00",CROOKWF2,31.354850
D,DISPATCH,UNIT_SCADA,1,"2022/10/20 20:40:00",CROWLWF1,21.384190
D,DISPATCH,UNIT_SCADA,1,"2022/10/20 20:40:00",CRURWF1,95.2971
D,DISPATCH,UNIT_SCADA,1,"2022/10/20 20:40:00",CRWASF1,0
D,DISPATCH,UNIT_SCADA,1,"2022/10/20 20:40:00",CSPVPS1,0
D,DISPATCH,UNIT_SCADA,1,"2022/10/20 20:40:00",CTHLWF1,0.003050
D,DISPATCH,UNIT_SCADA,1,"2022/10/20 20:40:00",DALNTH01,0
D,DISPATCH,UNIT_SCADA,1,"2022/10/20 20:40:00",DALNTHL1,0.0473
D,DISPATCH,UNIT_SCADA,1,"2022/10/20 20:40:00",DARLSF1,0
D,DISPATCH,UNIT_SCADA,1,"2022/10/20 20:40:00",DARTM1,0
D,DISPATCH,UNIT_SCADA,1,"2022/10/20 20:40:00",DAYDSF1,0
D,DISPATCH,UNIT_SCADA,1,"2022/10/20 20:40:00",DDPS1,0
D,DISPATCH,UNIT_SCADA,1,"2022/10/20 20:40:00",DDSF1,0
D,DISPATCH,UNIT_SCADA,1,"2022/10/20 20:40:00",DEVILS_G,59.296240
D,DISPATCH,UNIT_SCADA,1,"2022/10/20 20:40:00",DG_NSW1,0
D,DISPATCH,UNIT_SCADA,1,"2022/10/20 20:40:00",DG_QLD1,0
D,DISPATCH,UNIT_SCADA,1,"2022/10/20 20:40:00",DG_SA1,0
D,DISPATCH,UNIT_SCADA,1,"2022/10/20 20:40:00",DG_TAS1,0
D,DISPATCH,UNIT_SCADA,1,"2022/10/20 20:40:00",DG_VIC1,0
D,DISPATCH,UNIT_SCADA,1,"2022/10/20 20:40:00",DRYCGT1,0
D,DISPATCH,UNIT_SCADA,1,"2022/10/20 20:40:00",DRYCGT2,0
D,DISPATCH,UNIT_SCADA,1,"2022/10/20 20:40:00",DRYCGT3,0
D,DISPATCH,UNIT_SCADA,1,"2022/10/20 20:40:00",DUNDWF1,79.25
D,DISPATCH,UNIT_SCADA,1,"2022/10/20 20:40:00",DUNDWF2,20.65
D,DISPATCH,UNIT_SCADA,1,"2022/10/20 20:40:00",DUNDWF3,77.39
D,DISPATCH,UNIT_SCADA,1,"2022/10/20 20:40:00",EILDON1,59.88
D,DISPATCH,UNIT_SCADA,1,"2022/10/20 20:40:00",EILDON2,59.96
D,DISPATCH,UNIT_SCADA,1,"2022/10/20 20:40:00",ELAINWF1,10.96
D,DISPATCH,UNIT_SCADA,1,"2022/10/20 20:40:00",EMERASF1,0
D,DISPATCH,UNIT_SCADA,1,"2022/10/20 20:40:00",ER01,0
D,DISPATCH,UNIT_SCADA,1,"2022/10/20 20:40:00",ER02,660.227360
D,DISPATCH,UNIT_SCADA,1,"2022/10/20 20:40:00",ER03,674.436580
D,DISPATCH,UNIT_SCADA,1,"2022/10/20 20:40:00",ER04,680.6134
D,DISPATCH,UNIT_SCADA,1,"2022/10/20 20:40:00",FINLYSF1,0
D,DISPATCH,UNIT_SCADA,1,"2022/10/20 20:40:00",FISHER,44.84
D,DISPATCH,UNIT_SCADA,1,"2022/10/20 20:40:00",GANGARR1,0
D,DISPATCH,UNIT_SCADA,1,"2022/10/20 20:40:00",GANNBG1,0.010790
D,DISPATCH,UNIT_SCADA,1,"2022/10/20 20:40:00",GANNBL1,0
D,DISPATCH,UNIT_SCADA,1,"2022/10/20 20:40:00",GANNSF1,0
D,DISPATCH,UNIT_SCADA,1,"2022/10/20 20:40:00",GLRWNSF1,0
D,DISPATCH,UNIT_SCADA,1,"2022/10/20 20:40:00",GNNDHSF1,0
D,DISPATCH,UNIT_SCADA,1,"2022/10/20 20:40:00",GOONSF1,0
D,DISPATCH,UNIT_SCADA,1,"2022/10/20 20:40:00",GORDON,296.2782
D,DISPATCH,UNIT_SCADA,1,"2022/10/20 20:40:00",GRANWF1,0
D,DISPATCH,UNIT_SCADA,1,"2022/10/20 20:40:00",GSTONE1,209.649990
D,DISPATCH,UNIT_SCADA,1,"2022/10/20 20:40:00",GSTONE2,0
D,DISPATCH,UNIT_SCADA,1,"2022/10/20 20:40:00",GSTONE3,200.024990
D,DISPATCH,UNIT_SCADA,1,"2022/10/20 20:40:00",GSTONE4,0
D,DISPATCH,UNIT_SCADA,1,"2022/10/20 20:40:00",GSTONE5,209.474990
D,DISPATCH,UNIT_SCADA,1,"2022/10/20 20:40:00",GSTONE6,209.649990
D,DISPATCH,UNIT_SCADA,1,"2022/10/20 20:40:00",GULLRSF1,0
D,DISPATCH,UNIT_SCADA,1,"2022/10/20 20:40:00",GULLRWF1,60.334090
D,DISPATCH,UNIT_SCADA,1,"2022/10/20 20:40:00",GULLRWF2,96.980970
D,DISPATCH,UNIT_SCADA,1,"2022/10/20 20:40:00",GUNNING1,0
D,DISPATCH,UNIT_SCADA,1,"2022/10/20 20:40:00",GUTHEGA,68.100010
D,DISPATCH,UNIT_SCADA,1,"2022/10/20 20:40:00",HALLWF1,11.13
D,DISPATCH,UNIT_SCADA,1,"2022/10/20 20:40:00",HALLWF2,17.98
D,DISPATCH,UNIT_SCADA,1,"2022/10/20 20:40:00",HAMISF1,0
D,DISPATCH,UNIT_SCADA,1,"2022/10/20 20:40:00",HAUGHT11,0
D,DISPATCH,UNIT_SCADA,1,"2022/10/20 20:40:00",HAYMSF1,0
D,DISPATCH,UNIT_SCADA,1,"2022/10/20 20:40:00",HDWF1,23.50
D,DISPATCH,UNIT_SCADA,1,"2022/10/20 20:40:00",HDWF2,20.30
D,DISPATCH,UNIT_SCADA,1,"2022/10/20 20:40:00",HDWF3,28.10
D,DISPATCH,UNIT_SCADA,1,"2022/10/20 20:40:00",HILLSTN1,0
D,DISPATCH,UNIT_SCADA,1,"2022/10/20 20:40:00",HPRG1,10.70
D,DISPATCH,UNIT_SCADA,1,"2022/10/20 20:40:00",HPRL1,0
D,DISPATCH,UNIT_SCADA,1,"2022/10/20 20:40:00",HUMENSW,54.961270
D,DISPATCH,UNIT_SCADA,1,"2022/10/20 20:40:00",HUMEV,0
D,DISPATCH,UNIT_SCADA,1,"2022/10/20 20:40:00",HVWWBA1G,0
D,DISPATCH,UNIT_SCADA,1,"2022/10/20 20:40:00",HVWWBA1L,0.0060
D,DISPATCH,UNIT_SCADA,1,"2022/10/20 20:40:00",HVWWPV1,0
D,DISPATCH,UNIT_SCADA,1,"2022/10/20 20:40:00",JBUTTERS,31.008330
D,DISPATCH,UNIT_SCADA,1,"2022/10/20 20:40:00",JEMALNG1,0
D,DISPATCH,UNIT_SCADA,1,"2022/10/20 20:40:00",JLA01,0
D,DISPATCH,UNIT_SCADA,1,"2022/10/20 20:40:00",JLA02,0
D,DISPATCH,UNIT_SCADA,1,"2022/10/20 20:40:00",JLA03,0
D,DISPATCH,UNIT_SCADA,1,"2022/10/20 20:40:00",JLA04,0
D,DISPATCH,UNIT_SCADA,1,"2022/10/20 20:40:00",JLB01,0
D,DISPATCH,UNIT_SCADA,1,"2022/10/20 20:40:00",JLB02,0.10
D,DISPATCH,UNIT_SCADA,1,"2022/10/20 20:40:00",JLB03,0
D,DISPATCH,UNIT_SCADA,1,"2022/10/20 20:40:00",JUNEESF1,0
D,DISPATCH,UNIT_SCADA,1,"2022/10/20 20:40:00",KABANWF1,0.7010
D,DISPATCH,UNIT_SCADA,1,"2022/10/20 20:40:00",KAREEYA1,0
D,DISPATCH,UNIT_SCADA,1,"2022/10/20 20:40:00",KAREEYA2,0
D,DISPATCH,UNIT_SCADA,1,"2022/10/20 20:40:00",KAREEYA3,4.9825
D,DISPATCH,UNIT_SCADA,1,"2022/10/20 20:40:00",KAREEYA4,0
D,DISPATCH,UNIT_SCADA,1,"2022/10/20 20:40:00",KARSF1,0
D,DISPATCH,UNIT_SCADA,1,"2022/10/20 20:40:00",KEPSF1,0
D,DISPATCH,UNIT_SCADA,1,"2022/10/20 20:40:00",KEPWF1,5.90
D,DISPATCH,UNIT_SCADA,1,"2022/10/20 20:40:00",KIAMSF1,0
D,DISPATCH,UNIT_SCADA,1,"2022/10/20 20:40:00",KIATAWF1,8.40
D,DISPATCH,UNIT_SCADA,1,"2022/10/20 20:40:00",KPP_1,0
D,DISPATCH,UNIT_SCADA,1,"2022/10/20 20:40:00",KSP1,0
D,DISPATCH,UNIT_SCADA,1,"2022/10/20 20:40:00",LADBROK1,0.01
D,DISPATCH,UNIT_SCADA,1,"2022/10/20 20:40:00",LADBROK2,0.02
D,DISPATCH,UNIT_SCADA,1,"2022/10/20 20:40:00",LBBG1,0
D,DISPATCH,UNIT_SCADA,1,"2022/10/20 20:40:00",LBBL1,0
D,DISPATCH,UNIT_SCADA,1,"2022/10/20 20:40:00",LD01,379.314540
D,DISPATCH,UNIT_SCADA,1,"2022/10/20 20:40:00",LD02,85.750910
D,DISPATCH,UNIT_SCADA,1,"2022/10/20 20:40:00",LD04,311.911380
D,DISPATCH,UNIT_SCADA,1,"2022/10/20 20:40:00",LEM_WIL,86.881480
D,DISPATCH,UNIT_SCADA,1,"2022/10/20 20:40:00",LGAPWF1,98.85
D,DISPATCH,UNIT_SCADA,1,"2022/10/20 20:40:00",LGAPWF2,63.46
D,DISPATCH,UNIT_SCADA,1,"2022/10/20 20:40:00",LILYSF1,0
D,DISPATCH,UNIT_SCADA,1,"2022/10/20 20:40:00",LIMOSF11,0
D,DISPATCH,UNIT_SCADA,1,"2022/10/20 20:40:00",LIMOSF21,0
D,DISPATCH,UNIT_SCADA,1,"2022/10/20 20:40:00",LI_WY_CA,63.622330
D,DISPATCH,UNIT_SCADA,1,"2022/10/20 20:40:00",LKBONNY1,23.934930
D,DISPATCH,UNIT_SCADA,1,"2022/10/20 20:40:00",LKBONNY2,65.826480
D,DISPATCH,UNIT_SCADA,1,"2022/10/20 20:40:00",LKBONNY3,11.834280
D,DISPATCH,UNIT_SCADA,1,"2022/10/20 20:40:00",LK_ECHO,0
D,DISPATCH,UNIT_SCADA,1,"2022/10/20 20:40:00",LNGS1,0
D,DISPATCH,UNIT_SCADA,1,"2022/10/20 20:40:00",LNGS2,0
D,DISPATCH,UNIT_SCADA,1,"2022/10/20 20:40:00",LONSDALE,0
D,DISPATCH,UNIT_SCADA,1,"2022/10/20 20:40:00",LOYYB1,581.202510
D,DISPATCH,UNIT_SCADA,1,"2022/10/20 20:40:00",LOYYB2,576.315190
D,DISPATCH,UNIT_SCADA,1,"2022/10/20 20:40:00",LYA1,562
D,DISPATCH,UNIT_SCADA,1,"2022/10/20 20:40:00",LYA2,0
D,DISPATCH,UNIT_SCADA,1,"2022/10/20 20:40:00",LYA3,560
D,DISPATCH,UNIT_SCADA,1,"2022/10/20 20:40:00",LYA4,561
D,DISPATCH,UNIT_SCADA,1,"2022/10/20 20:40:00",MACARTH1,147.0966
D,DISPATCH,UNIT_SCADA,1,"2022/10/20 20:40:00",MACKNTSH,30.02
D,DISPATCH,UNIT_SCADA,1,"2022/10/20 20:40:00",MANSLR1,0
D,DISPATCH,UNIT_SCADA,1,"2022/10/20 20:40:00",MAPS2PV1,0
D,DISPATCH,UNIT_SCADA,1,"2022/10/20 20:40:00",MAPS3PV1,0
D,DISPATCH,UNIT_SCADA,1,"2022/10/20 20:40:00",MARYRSF1,0
D,DISPATCH,UNIT_SCADA,1,"2022/10/20 20:40:00",MBPS2PV1,0
D,DISPATCH,UNIT_SCADA,1,"2022/10/20 20:40:00",MCKAY1,221.974990
D,DISPATCH,UNIT_SCADA,1,"2022/10/20 20:40:00",MEADOWBK,20.034580
D,DISPATCH,UNIT_SCADA,1,"2022/10/20 20:40:00",MERCER01,15.80
D,DISPATCH,UNIT_SCADA,1,"2022/10/20 20:40:00",METZSF1,0
D,DISPATCH,UNIT_SCADA,1,"2022/10/20 20:40:00",MEWF1,0
D,DISPATCH,UNIT_SCADA,1,"2022/10/20 20:40:00",MIDDLSF1,0
D,DISPATCH,UNIT_SCADA,1,"2022/10/20 20:40:00",MINTARO,0.128180
D,DISPATCH,UNIT_SCADA,1,"2022/10/20 20:40:00",MOLNGSF1,0
D,DISPATCH,UNIT_SCADA,1,"2022/10/20 20:40:00",MOORAWF1,22.03
D,DISPATCH,UNIT_SCADA,1,"2022/10/20 20:40:00",MOREESF1,0
D,DISPATCH,UNIT_SCADA,1,"2022/10/20 20:40:00",MORTLK11,0
D,DISPATCH,UNIT_SCADA,1,"2022/10/20 20:40:00",MORTLK12,0
D,DISPATCH,UNIT_SCADA,1,"2022/10/20 20:40:00",MOUSF1,0
D,DISPATCH,UNIT_SCADA,1,"2022/10/20 20:40:00",MP1,0
D,DISPATCH,UNIT_SCADA,1,"2022/10/20 20:40:00",MP2,534.273320
D,DISPATCH,UNIT_SCADA,1,"2022/10/20 20:40:00",MPP_1,190.252960
D,DISPATCH,UNIT_SCADA,1,"2022/10/20 20:40:00",MPP_2,182.867460
D,DISPATCH,UNIT_SCADA,1,"2022/10/20 20:40:00",MRTLSWF1,0
D,DISPATCH,UNIT_SCADA,1,"2022/10/20 20:40:00",MSTUART1,0
D,DISPATCH,UNIT_SCADA,1,"2022/10/20 20:40:00",MSTUART2,0
D,DISPATCH,UNIT_SCADA,1,"2022/10/20 20:40:00",MSTUART3,0
D,DISPATCH,UNIT_SCADA,1,"2022/10/20 20:40:00",MTGELWF1,31.762140
D,DISPATCH,UNIT_SCADA,1,"2022/10/20 20:40:00",MTMILLAR,17.20
D,DISPATCH,UNIT_SCADA,1,"2022/10/20 20:40:00",MURRAY,1.20
D,DISPATCH,UNIT_SCADA,1,"2022/10/20 20:40:00",MUSSELR1,21.30
D,DISPATCH,UNIT_SCADA,1,"2022/10/20 20:40:00",MUWAWF1,19.14
D,DISPATCH,UNIT_SCADA,1,"2022/10/20 20:40:00",MUWAWF2,6.30
D,DISPATCH,UNIT_SCADA,1,"2022/10/20 20:40:00",MWPS1PV1,0
D,DISPATCH,UNIT_SCADA,1,"2022/10/20 20:40:00",MWPS2PV1,0
D,DISPATCH,UNIT_SCADA,1,"2022/10/20 20:40:00",MWPS3PV1,0
D,DISPATCH,UNIT_SCADA,1,"2022/10/20 20:40:00",MWPS4PV1,0
D,DISPATCH,UNIT_SCADA,1,"2022/10/20 20:40:00",NBHWF1,17.20
D,DISPATCH,UNIT_SCADA,1,"2022/10/20 20:40:00",NEVERSF1,0
D,DISPATCH,UNIT_SCADA,1,"2022/10/20 20:40:00",NPS,0
D,DISPATCH,UNIT_SCADA,1,"2022/10/20 20:40:00",NUMURSF1,0
D,DISPATCH,UNIT_SCADA,1,"2022/10/20 20:40:00",NYNGAN1,0
D,DISPATCH,UNIT_SCADA,1,"2022/10/20 20:40:00",OAKEY1,81.394670
D,DISPATCH,UNIT_SCADA,1,"2022/10/20 20:40:00",OAKEY1SF,0
D,DISPATCH,UNIT_SCADA,1,"2022/10/20 20:40:00",OAKEY2,0
D,DISPATCH,UNIT_SCADA,1,"2022/10/20 20:40:00",OAKEY2SF,0
D,DISPATCH,UNIT_SCADA,1,"2022/10/20 20:40:00",OAKLAND1,35.30
D,DISPATCH,UNIT_SCADA,1,"2022/10/20 20:40:00",OSB-AG,176.990010
D,DISPATCH,UNIT_SCADA,1,"2022/10/20 20:40:00",PAREPS1,0
D,DISPATCH,UNIT_SCADA,1,"2022/10/20 20:40:00",PAREPW1,71.84
D,DISPATCH,UNIT_SCADA,1,"2022/10/20 20:40:00",PARSF1,0.001530
D,DISPATCH,UNIT_SCADA,1,"2022/10/20 20:40:00",POAT110,41.27
D,DISPATCH,UNIT_SCADA,1,"2022/10/20 20:40:00",POAT220,0
D,DISPATCH,UNIT_SCADA,1,"2022/10/20 20:40:00",POR01,0
D,DISPATCH,UNIT_SCADA,1,"2022/10/20 20:40:00",POR03,0
D,DISPATCH,UNIT_SCADA,1,"2022/10/20 20:40:00",PPCCGT,164.827770
D,DISPATCH,UNIT_SCADA,1,"2022/10/20 20:40:00",PTSTAN1,0
D,DISPATCH,UNIT_SCADA,1,"2022/10/20 20:40:00",PUMP1,0
D,DISPATCH,UNIT_SCADA,1,"2022/10/20 20:40:00",PUMP2,0
D,DISPATCH,UNIT_SCADA,1,"2022/10/20 20:40:00",QBYNBG1,0
D,DISPATCH,UNIT_SCADA,1,"2022/10/20 20:40:00",QBYNBL1,0.0015
D,DISPATCH,UNIT_SCADA,1,"2022/10/20 20:40:00",QPS1,0
D,DISPATCH,UNIT_SCADA,1,"2022/10/20 20:40:00",QPS2,0
D,DISPATCH,UNIT_SCADA,1,"2022/10/20 20:40:00",QPS3,0
D,DISPATCH,UNIT_SCADA,1,"2022/10/20 20:40:00",QPS4,0
D,DISPATCH,UNIT_SCADA,1,"2022/10/20 20:40:00",QPS5,0
D,DISPATCH,UNIT_SCADA,1,"2022/10/20 20:40:00",REECE1,46.313550
D,DISPATCH,UNIT_SCADA,1,"2022/10/20 20:40:00",REECE2,0
D,DISPATCH,UNIT_SCADA,1,"2022/10/20 20:40:00",ROMA_7,0
D,DISPATCH,UNIT_SCADA,1,"2022/10/20 20:40:00",ROMA_8,0
D,DISPATCH,UNIT_SCADA,1,"2022/10/20 20:40:00",RRSF1,0
D,DISPATCH,UNIT_SCADA,1,"2022/10/20 20:40:00",RT_NSW1,0
D,DISPATCH,UNIT_SCADA,1,"2022/10/20 20:40:00",RT_NSW2,0
D,DISPATCH,UNIT_SCADA,1,"2022/10/20 20:40:00",RT_NSW3,0
D,DISPATCH,UNIT_SCADA,1,"2022/10/20 20:40:00",RT_NSW4,0
D,DISPATCH,UNIT_SCADA,1,"2022/10/20 20:40:00",RT_NSW5,0
D,DISPATCH,UNIT_SCADA,1,"2022/10/20 20:40:00",RT_NSW6,0
D,DISPATCH,UNIT_SCADA,1,"2022/10/20 20:40:00",RT_QLD1,0
D,DISPATCH,UNIT_SCADA,1,"2022/10/20 20:40:00",RT_SA1,0
D,DISPATCH,UNIT_SCADA,1,"2022/10/20 20:40:00",RT_SA2,0
D,DISPATCH,UNIT_SCADA,1,"2022/10/20 20:40:00",RT_SA3,0
D,DISPATCH,UNIT_SCADA,1,"2022/10/20 20:40:00",RT_SA4,0
D,DISPATCH,UNIT_SCADA,1,"2022/10/20 20:40:00",RT_SA5,0
D,DISPATCH,UNIT_SCADA,1,"2022/10/20 20:40:00",RT_SA6,0
D,DISPATCH,UNIT_SCADA,1,"2022/10/20 20:40:00",RT_TAS1,0
D,DISPATCH,UNIT_SCADA,1,"2022/10/20 20:40:00",RT_VIC1,0
D,DISPATCH,UNIT_SCADA,1,"2022/10/20 20:40:00",RT_VIC10,0
D,DISPATCH,UNIT_SCADA,1,"2022/10/20 20:40:00",RT_VIC11,0
D,DISPATCH,UNIT_SCADA,1,"2022/10/20 20:40:00",RT_VIC12,0
D,DISPATCH,UNIT_SCADA,1,"2022/10/20 20:40:00",RT_VIC2,0
D,DISPATCH,UNIT_SCADA,1,"2022/10/20 20:40:00",RT_VIC3,0
D,DISPATCH,UNIT_SCADA,1,"2022/10/20 20:40:00",RT_VIC4,0
D,DISPATCH,UNIT_SCADA,1,"2022/10/20 20:40:00",RT_VIC5,0
D,DISPATCH,UNIT_SCADA,1,"2022/10/20 20:40:00",RT_VIC6,0
D,DISPATCH,UNIT_SCADA,1,"2022/10/20 20:40:00",RT_VIC7,0
D,DISPATCH,UNIT_SCADA,1,"2022/10/20 20:40:00",RT_VIC8,0
D,DISPATCH,UNIT_SCADA,1,"2022/10/20 20:40:00",RT_VIC9,0
D,DISPATCH,UNIT_SCADA,1,"2022/10/20 20:40:00",RUGBYR1,0
D,DISPATCH,UNIT_SCADA,1,"2022/10/20 20:40:00",SALTCRK1,25.23
D,DISPATCH,UNIT_SCADA,1,"2022/10/20 20:40:00",SAPHWF1,256.173030
D,DISPATCH,UNIT_SCADA,1,"2022/10/20 20:40:00",SEBSF1,0
D,DISPATCH,UNIT_SCADA,1,"2022/10/20 20:40:00",SHGEN,45.441090
D,DISPATCH,UNIT_SCADA,1,"2022/10/20 20:40:00",SHPUMP,0
D,DISPATCH,UNIT_SCADA,1,"2022/10/20 20:40:00",SITHE01,0.123710
D,DISPATCH,UNIT_SCADA,1,"2022/10/20 20:40:00",SMCSF1,0
D,DISPATCH,UNIT_SCADA,1,"2022/10/20 20:40:00",SNAPPER1,0
D,DISPATCH,UNIT_SCADA,1,"2022/10/20 20:40:00",SNOWNTH1,55
D,DISPATCH,UNIT_SCADA,1,"2022/10/20 20:40:00",SNOWSTH1,27.90
D,DISPATCH,UNIT_SCADA,1,"2022/10/20 20:40:00",SNOWTWN1,39.083090
D,DISPATCH,UNIT_SCADA,1,"2022/10/20 20:40:00",SNOWYP,0
D,DISPATCH,UNIT_SCADA,1,"2022/10/20 20:40:00",SNUG1,0
D,DISPATCH,UNIT_SCADA,1,"2022/10/20 20:40:00",SRSF1,0
D,DISPATCH,UNIT_SCADA,1,"2022/10/20 20:40:00",STAN-1,281.4917
D,DISPATCH,UNIT_SCADA,1,"2022/10/20 20:40:00",STAN-2,364.922760
D,DISPATCH,UNIT_SCADA,1,"2022/10/20 20:40:00",STAN-3,365.307310
D,DISPATCH,UNIT_SCADA,1,"2022/10/20 20:40:00",STAN-4,364.8074
D,DISPATCH,UNIT_SCADA,1,"2022/10/20 20:40:00",STARHLWF,18.994460
D,DISPATCH,UNIT_SCADA,1,"2022/10/20 20:40:00",STOCKYD1,167.429990
D,DISPATCH,UNIT_SCADA,1,"2022/10/20 20:40:00",STWF1,82.316320
D,DISPATCH,UNIT_SCADA,1,"2022/10/20 20:40:00",SUNRSF1,0
D,DISPATCH,UNIT_SCADA,1,"2022/10/20 20:40:00",SUNTPSF1,0
D,DISPATCH,UNIT_SCADA,1,"2022/10/20 20:40:00",SWAN_E,344.538150
D,DISPATCH,UNIT_SCADA,1,"2022/10/20 20:40:00",TALWA1,0
D,DISPATCH,UNIT_SCADA,1,"2022/10/20 20:40:00",TARALGA1,0
D,DISPATCH,UNIT_SCADA,1,"2022/10/20 20:40:00",TARONG#1,350.200010
D,DISPATCH,UNIT_SCADA,1,"2022/10/20 20:40:00",TARONG#2,349
D,DISPATCH,UNIT_SCADA,1,"2022/10/20 20:40:00",TARONG#3,0.90
D,DISPATCH,UNIT_SCADA,1,"2022/10/20 20:40:00",TARONG#4,294.50
D,DISPATCH,UNIT_SCADA,1,"2022/10/20 20:40:00",TARRALEA,54
D,DISPATCH,UNIT_SCADA,1,"2022/10/20 20:40:00",TBSF1,0
D,DISPATCH,UNIT_SCADA,1,"2022/10/20 20:40:00",TNPS1,421.000030
D,DISPATCH,UNIT_SCADA,1,"2022/10/20 20:40:00",TORRB1,0
D,DISPATCH,UNIT_SCADA,1,"2022/10/20 20:40:00",TORRB2,62
D,DISPATCH,UNIT_SCADA,1,"2022/10/20 20:40:00",TORRB3,0
D,DISPATCH,UNIT_SCADA,1,"2022/10/20 20:40:00",TORRB4,0
D,DISPATCH,UNIT_SCADA,1,"2022/10/20 20:40:00",TREVALLN,98.018390
D,DISPATCH,UNIT_SCADA,1,"2022/10/20 20:40:00",TRIBUTE,0
D,DISPATCH,UNIT_SCADA,1,"2022/10/20 20:40:00",TUMUT3,287.78
D,DISPATCH,UNIT_SCADA,1,"2022/10/20 20:40:00",TUNGATIN,10.200020
D,DISPATCH,UNIT_SCADA,1,"2022/10/20 20:40:00",TVCC201,0
D,DISPATCH,UNIT_SCADA,1,"2022/10/20 20:40:00",TVPP104,16.351630
D,DISPATCH,UNIT_SCADA,1,"2022/10/20 20:40:00",UPPTUMUT,0
D,DISPATCH,UNIT_SCADA,1,"2022/10/20 20:40:00",URANQ11,0
D,DISPATCH,UNIT_SCADA,1,"2022/10/20 20:40:00",URANQ12,0
D,DISPATCH,UNIT_SCADA,1,"2022/10/20 20:40:00",URANQ13,0
D,DISPATCH,UNIT_SCADA,1,"2022/10/20 20:40:00",URANQ14,0
D,DISPATCH,UNIT_SCADA,1,"2022/10/20 20:40:00",VBBG1,9
D,DISPATCH,UNIT_SCADA,1,"2022/10/20 20:40:00",VBBL1,0
D,DISPATCH,UNIT_SCADA,1,"2022/10/20 20:40:00",VP5,557.536560
D,DISPATCH,UNIT_SCADA,1,"2022/10/20 20:40:00",VP6,598.309270
D,DISPATCH,UNIT_SCADA,1,"2022/10/20 20:40:00",VPGS1,0
D,DISPATCH,UNIT_SCADA,1,"2022/10/20 20:40:00",VPGS2,0
D,DISPATCH,UNIT_SCADA,1,"2022/10/20 20:40:00",VPGS3,0
D,DISPATCH,UNIT_SCADA,1,"2022/10/20 20:40:00",VPGS4,0
D,DISPATCH,UNIT_SCADA,1,"2022/10/20 20:40:00",VPGS5,0
D,DISPATCH,UNIT_SCADA,1,"2022/10/20 20:40:00",VPGS6,0
D,DISPATCH,UNIT_SCADA,1,"2022/10/20 20:40:00",W/HOE#1,0
D,DISPATCH,UNIT_SCADA,1,"2022/10/20 20:40:00",W/HOE#2,0
D,DISPATCH,UNIT_SCADA,1,"2022/10/20 20:40:00",WAGGNSF1,0
D,DISPATCH,UNIT_SCADA,1,"2022/10/20 20:40:00",WALGRVG1,0.000930
D,DISPATCH,UNIT_SCADA,1,"2022/10/20 20:40:00",WALGRVL1,0
D,DISPATCH,UNIT_SCADA,1,"2022/10/20 20:40:00",WANDBG1,0
D,DISPATCH,UNIT_SCADA,1,"2022/10/20 20:40:00",WANDBL1,0
D,DISPATCH,UNIT_SCADA,1,"2022/10/20 20:40:00",WARWSF1,0
D,DISPATCH,UNIT_SCADA,1,"2022/10/20 20:40:00",WARWSF2,0
D,DISPATCH,UNIT_SCADA,1,"2022/10/20 20:40:00",WATERLWF,20.60
D,DISPATCH,UNIT_SCADA,1,"2022/10/20 20:40:00",WDGPH1,0
D,DISPATCH,UNIT_SCADA,1,"2022/10/20 20:40:00",WELLSF1,0
D,DISPATCH,UNIT_SCADA,1,"2022/10/20 20:40:00",WEMENSF1,0
D,DISPATCH,UNIT_SCADA,1,"2022/10/20 20:40:00",WGWF1,30.40
D,DISPATCH,UNIT_SCADA,1,"2022/10/20 20:40:00",WHITSF1,0
D,DISPATCH,UNIT_SCADA,1,"2022/10/20 20:40:00",WINTSF1,0
D,DISPATCH,UNIT_SCADA,1,"2022/10/20 20:40:00",WKIEWA1,34
D,DISPATCH,UNIT_SCADA,1,"2022/10/20 20:40:00",WKIEWA2,34.10
D,DISPATCH,UNIT_SCADA,1,"2022/10/20 20:40:00",WOODLWN1,35.020550
D,DISPATCH,UNIT_SCADA,1,"2022/10/20 20:40:00",WOOLGSF1,0
D,DISPATCH,UNIT_SCADA,1,"2022/10/20 20:40:00",WPWF,52.37
D,DISPATCH,UNIT_SCADA,1,"2022/10/20 20:40:00",WRSF1,0
D,DISPATCH,UNIT_SCADA,1,"2022/10/20 20:40:00",WRWF1,151.260250
D,DISPATCH,UNIT_SCADA,1,"2022/10/20 20:40:00",WSTWYSF1,0
D,DISPATCH,UNIT_SCADA,1,"2022/10/20 20:40:00",YABULU,153.540010
D,DISPATCH,UNIT_SCADA,1,"2022/10/20 20:40:00",YABULU2,0
D,DISPATCH,UNIT_SCADA,1,"2022/10/20 20:40:00",YARANSF1,0
D,DISPATCH,UNIT_SCADA,1,"2022/10/20 20:40:00",YARWUN_1,163.34
D,DISPATCH,UNIT_SCADA,1,"2022/10/20 20:40:00",YATSF1,0
D,DISPATCH,UNIT_SCADA,1,"2022/10/20 20:40:00",YENDWF1,9.71
D,DISPATCH,UNIT_SCADA,1,"2022/10/20 20:40:00",YWPS1,344.108860
D,DISPATCH,UNIT_SCADA,1,"2022/10/20 20:40:00",YWPS2,359.146850
D,DISPATCH,UNIT_SCADA,1,"2022/10/20 20:40:00",YWPS3,359.6709
D,DISPATCH,UNIT_SCADA,1,"2022/10/20 20:40:00",YWPS4,0
C,"END OF REPORT",419
