C,NEMP.WORLD,DISPATCHSCADA,AEMO,PUBLIC,2022/10/20,11:05:19,0000000373249343,DISPATCHSCADA,0000000373249337
I,DISPATCH,UNIT_SCADA,1,SETTLEMENTDATE,DUID,SCADAVALUE
D,DISPATCH,UNIT_SCADA,1,"2022/10/20 11:10:00",BARCSF1,11
D,DISPATCH,UNIT_SCADA,1,"2022/10/20 11:10:00",BUTLERSG,8.699999
D,DISPATCH,UNIT_SCADA,1,"2022/10/20 11:10:00",CAPTL_WF,31.324696
D,DISPATCH,UNIT_SCADA,1,"2022/10/20 11:10:00",CHALLHWF,4.70
D,DISPATCH,UNIT_SCADA,1,"2022/10/20 11:10:00",CLOVER,9.98
D,DISPATCH,UNIT_SCADA,1,"2022/10/20 11:10:00",CLUNY,6.181277
D,DISPATCH,UNIT_SCADA,1,"2022/10/20 11:10:00",CULLRGWF,-0.05
D,DISPATCH,UNIT_SCADA,1,"2022/10/20 11:10:00",DIAPURWF1,2.30
D,DISPATCH,UNIT_SCADA,1,"2022/10/20 11:10:00",ERGT01,0
D,DISPATCH,UNIT_SCADA,1,"2022/10/20 11:10:00",GB01,0
D,DISPATCH,UNIT_SCADA,1,"2022/10/20 11:10:00",GERMCRK,19.60
D,DISPATCH,UNIT_SCADA,1,"2022/10/20 11:10:00",GRIFSF1,10.200656
D,DISPATCH,UNIT_SCADA,1,"2022/10/20 11:10:00",HEZ1,0
D,DISPATCH,UNIT_SCADA,1,"2022/10/20 11:10:00",HUGSF1,9.7840
D,DISPATCH,UNIT_SCADA,1,"2022/10/20 11:10:00",KEPBG1,0.01
D,DISPATCH,UNIT_SCADA,1,"2022/10/20 11:10:00",LRSF1,12.1750
D,DISPATCH,UNIT_SCADA,1,"2022/10/20 11:10:00",MBAHNTH,48.356247
D,DISPATCH,UNIT_SCADA,1,"2022/10/20 11:10:00",MLSP1,7.862001
D,DISPATCH,UNIT_SCADA,1,"2022/10/20 11:10:00",MLWF1,3.81
D,DISPATCH,UNIT_SCADA,1,"2022/10/20 11:10:00",PALOONA,30.07
D,DISPATCH,UNIT_SCADA,1,"2022/10/20 11:10:00",PIONEER,43
D,DISPATCH,UNIT_SCADA,1,"2022/10/20 11:10:00",PORTWF,88.699997
D,DISPATCH,UNIT_SCADA,1,"2022/10/20 11:10:00",REPULSE,9.689479
D,DISPATCH,UNIT_SCADA,1,"2022/10/20 11:10:00",ROWALLAN,8.9673
D,DISPATCH,UNIT_SCADA,1,"2022/10/20 11:10:00",ROYALLA1,11.539003
D,DISPATCH,UNIT_SCADA,1,"2022/10/20 11:10:00",RPCG,-1.80
D,DISPATCH,UNIT_SCADA,1,"2022/10/20 11:10:00",RUBICON,0
D,DISPATCH,UNIT_SCADA,1,"2022/10/20 11:10:00",WAUBRAWF,12.9880
D,DISPATCH,UNIT_SCADA,1,"2022/10/20 11:10:00",WOOLNTH1,-0.77
D,DISPATCH,UNIT_SCADA,1,"2022/10/20 11:10:00",YAMBUKWF,6.20
D,DISPATCH,UNIT_SCADA,1,"2022/10/20 11:10:00",YSWF1,1.30
D,DISPATCH,UNIT_SCADA,1,"2022/10/20 11:10:00",ADPBA1G,0.0080
D,DISPATCH,UNIT_SCADA,1,"2022/10/20 11:10:00",ADPBA1L,0
D,DISPATCH,UNIT_SCADA,1,"2022/10/20 11:10:00",ADPPV1,0.0590
D,DISPATCH,UNIT_SCADA,1,"2022/10/20 11:10:00",AGLHAL,0
D,DISPATCH,UNIT_SCADA,1,"2022/10/20 11:10:00",AGLSOM,0
D,DISPATCH,UNIT_SCADA,1,"2022/10/20 11:10:00",ANGAST1,0
D,DISPATCH,UNIT_SCADA,1,"2022/10/20 11:10:00",ARWF1,0
D,DISPATCH,UNIT_SCADA,1,"2022/10/20 11:10:00",BALBG1,0
D,DISPATCH,UNIT_SCADA,1,"2022/10/20 11:10:00",BALBL1,9.19
D,DISPATCH,UNIT_SCADA,1,"2022/10/20 11:10:00",BALDHWF1,9.2810
D,DISPATCH,UNIT_SCADA,1,"2022/10/20 11:10:00",BANGOWF1,31.199210
D,DISPATCH,UNIT_SCADA,1,"2022/10/20 11:10:00",BANGOWF2,49.498050
D,DISPATCH,UNIT_SCADA,1,"2022/10/20 11:10:00",BANN1,0.46
D,DISPATCH,UNIT_SCADA,1,"2022/10/20 11:10:00",BARCALDN,0
D,DISPATCH,UNIT_SCADA,1,"2022/10/20 11:10:00",BARKIPS1,0
D,DISPATCH,UNIT_SCADA,1,"2022/10/20 11:10:00",BARRON-1,0
D,DISPATCH,UNIT_SCADA,1,"2022/10/20 11:10:00",BARRON-2,0
D,DISPATCH,UNIT_SCADA,1,"2022/10/20 11:10:00",BASTYAN,50.16
D,DISPATCH,UNIT_SCADA,1,"2022/10/20 11:10:00",BBTHREE1,0
D,DISPATCH,UNIT_SCADA,1,"2022/10/20 11:10:00",BBTHREE2,0
D,DISPATCH,UNIT_SCADA,1,"2022/10/20 11:10:00",BBTHREE3,-1.04
D,DISPATCH,UNIT_SCADA,1,"2022/10/20 11:10:00",BDL01,0
D,DISPATCH,UNIT_SCADA,1,"2022/10/20 11:10:00",BDL02,0
D,DISPATCH,UNIT_SCADA,1,"2022/10/20 11:10:00",BERYLSF1,16.1415
D,DISPATCH,UNIT_SCADA,1,"2022/10/20 11:10:00",BLOWERNG,62.50
D,DISPATCH,UNIT_SCADA,1,"2022/10/20 11:10:00",BLUEGSF1,74.8544
D,DISPATCH,UNIT_SCADA,1,"2022/10/20 11:10:00",BLUFF1,10.70
D,DISPATCH,UNIT_SCADA,1,"2022/10/20 11:10:00",BNGSF1,109.84
D,DISPATCH,UNIT_SCADA,1,"2022/10/20 11:10:00",BNGSF2,110.32
D,DISPATCH,UNIT_SCADA,1,"2022/10/20 11:10:00",BOCORWF1,6.97
D,DISPATCH,UNIT_SCADA,1,"2022/10/20 11:10:00",BODWF1,103.242420
D,DISPATCH,UNIT_SCADA,1,"2022/10/20 11:10:00",BOMENSF1,44.251770
D,DISPATCH,UNIT_SCADA,1,"2022/10/20 11:10:00",BOWWBA1G,0
D,DISPATCH,UNIT_SCADA,1,"2022/10/20 11:10:00",BOWWBA1L,0
D,DISPATCH,UNIT_SCADA,1,"2022/10/20 11:10:00",BOWWPV1,0
D,DISPATCH,UNIT_SCADA,1,"2022/10/20 11:10:00",BRAEMAR1,0
D,DISPATCH,UNIT_SCADA,1,"2022/10/20 11:10:00",BRAEMAR2,0
D,DISPATCH,UNIT_SCADA,1,"2022/10/20 11:10:00",BRAEMAR3,0
D,DISPATCH,UNIT_SCADA,1,"2022/10/20 11:10:00",BRAEMAR5,0.292060
D,DISPATCH,UNIT_SCADA,1,"2022/10/20 11:10:00",BRAEMAR6,0
D,DISPATCH,UNIT_SCADA,1,"2022/10/20 11:10:00",BRAEMAR7,0.130920
D,DISPATCH,UNIT_SCADA,1,"2022/10/20 11:10:00",BROKENH1,28.199570
D,DISPATCH,UNIT_SCADA,1,"2022/10/20 11:10:00",BRYB1WF1,87.1870
D,DISPATCH,UNIT_SCADA,1,"2022/10/20 11:10:00",BULBESG1,0
D,DISPATCH,UNIT_SCADA,1,"2022/10/20 11:10:00",BULBESL1,1.90
D,DISPATCH,UNIT_SCADA,1,"2022/10/20 11:10:00",BULGANA1,2.37
D,DISPATCH,UNIT_SCADA,1,"2022/10/20 11:10:00",BW01,657.029050
D,DISPATCH,UNIT_SCADA,1,"2022/10/20 11:10:00",BW02,617.990360
D,DISPATCH,UNIT_SCADA,1,"2022/10/20 11:10:00",BW03,476.850520
D,DISPATCH,UNIT_SCADA,1,"2022/10/20 11:10:00",BW04,0
D,DISPATCH,UNIT_SCADA,1,"2022/10/20 11:10:00",CALL_B_1,320.100010
D,DISPATCH,UNIT_SCADA,1,"2022/10/20 11:10:00",CALL_B_2,318.100010
D,DISPATCH,UNIT_SCADA,1,"2022/10/20 11:10:00",CATHROCK,0
D,DISPATCH,UNIT_SCADA,1,"2022/10/20 11:10:00",CBWWBA1G,0
D,DISPATCH,UNIT_SCADA,1,"2022/10/20 11:10:00",CBWWBA1L,0
D,DISPATCH,UNIT_SCADA,1,"2022/10/20 11:10:00",CETHANA,15.497120
D,DISPATCH,UNIT_SCADA,1,"2022/10/20 11:10:00",CG1,0
D,DISPATCH,UNIT_SCADA,1,"2022/10/20 11:10:00",CG2,0
D,DISPATCH,UNIT_SCADA,1,"2022/10/20 11:10:00",CG3,0
D,DISPATCH,UNIT_SCADA,1,"2022/10/20 11:10:00",CG4,0
D,DISPATCH,UNIT_SCADA,1,"2022/10/20 11:10:00",CHILDSF1,19.16
D,DISPATCH,UNIT_SCADA,1,"2022/10/20 11:10:00",CHYTWF1,2.97
D,DISPATCH,UNIT_SCADA,1,"2022/10/20 11:10:00",CLARESF1,18.967550
D,DISPATCH,UNIT_SCADA,1,"2022/10/20 11:10:00",CLEMGPWF,8.932340
D,DISPATCH,UNIT_SCADA,1,"2022/10/20 11:10:00",CLERMSF1,20.83
D,DISPATCH,UNIT_SCADA,1,"2022/10/20 11:10:00",CNUNDAWF,0
D,DISPATCH,UNIT_SCADA,1,"2022/10/20 11:10:00",COHUNSF1,6.61
D,DISPATCH,UNIT_SCADA,1,"2022/10/20 11:10:00",COLEASF1,38.002980
D,DISPATCH,UNIT_SCADA,1,"2022/10/20 11:10:00",COLUMSF1,41.7650
D,DISPATCH,UNIT_SCADA,1,"2022/10/20 11:10:00",COLWF01,100.329590
D,DISPATCH,UNIT_SCADA,1,"2022/10/20 11:10:00",COOPGWF1,177.460010
D,DISPATCH,UNIT_SCADA,1,"2022/10/20 11:10:00",CPP_3,355.575010
D,DISPATCH,UNIT_SCADA,1,"2022/10/20 11:10:00",CPP_4,0
D,DISPATCH,UNIT_SCADA,1,"2022/10/20 11:10:00",CPSA,0
D,DISPATCH,UNIT_SCADA,1,"2022/10/20 11:10:00",CROOKWF2,45.074540
D,DISPATCH,UNIT_SCADA,1,"2022/10/20 11:10:00",CROWLWF1,10.091010
D,DISPATCH,UNIT_SCADA,1,"2022/10/20 11:10:00",CRURWF1,55.196690
D,DISPATCH,UNIT_SCADA,1,"2022/10/20 11:10:00",CRWASF1,29.012990
D,DISPATCH,UNIT_SCADA,1,"2022/10/20 11:10:00",CSPVPS1,0.7610
D,DISPATCH,UNIT_SCADA,1,"2022/10/20 11:10:00",CTHLWF1,0.003050
D,DISPATCH,UNIT_SCADA,1,"2022/10/20 11:10:00",DALNTH01,0
D,DISPATCH,UNIT_SCADA,1,"2022/10/20 11:10:00",DALNTHL1,0.984210
D,DISPATCH,UNIT_SCADA,1,"2022/10/20 11:10:00",DARLSF1,55.914120
D,DISPATCH,UNIT_SCADA,1,"2022/10/20 11:10:00",DARTM1,0
D,DISPATCH,UNIT_SCADA,1,"2022/10/20 11:10:00",DAYDSF1,0
D,DISPATCH,UNIT_SCADA,1,"2022/10/20 11:10:00",DDPS1,0
D,DISPATCH,UNIT_SCADA,1,"2022/10/20 11:10:00",DDSF1,28.101630
D,DISPATCH,UNIT_SCADA,1,"2022/10/20 11:10:00",DEVILS_G,52.374650
D,DISPATCH,UNIT_SCADA,1,"2022/10/20 11:10:00",DG_NSW1,0
D,DISPATCH,UNIT_SCADA,1,"2022/10/20 11:10:00",DG_QLD1,0
D,DISPATCH,UNIT_SCADA,1,"2022/10/20 11:10:00",DG_SA1,0
D,DISPATCH,UNIT_SCADA,1,"2022/10/20 11:10:00",DG_TAS1,0
D,DISPATCH,UNIT_SCADA,1,"2022/10/20 11:10:00",DG_VIC1,0
D,DISPATCH,UNIT_SCADA,1,"2022/10/20 11:10:00",DRYCGT1,0
D,DISPATCH,UNIT_SCADA,1,"2022/10/20 11:10:00",DRYCGT2,0
D,DISPATCH,UNIT_SCADA,1,"2022/10/20 11:10:00",DRYCGT3,0
D,DISPATCH,UNIT_SCADA,1,"2022/10/20 11:10:00",DUNDWF1,53.31
D,DISPATCH,UNIT_SCADA,1,"2022/10/20 11:10:00",DUNDWF2,16.47
D,DISPATCH,UNIT_SCADA,1,"2022/10/20 11:10:00",DUNDWF3,43.07
D,DISPATCH,UNIT_SCADA,1,"2022/10/20 11:10:00",EILDON1,59.96
D,DISPATCH,UNIT_SCADA,1,"2022/10/20 11:10:00",EILDON2,59.92
D,DISPATCH,UNIT_SCADA,1,"2022/10/20 11:10:00",ELAINWF1,30.52
D,DISPATCH,UNIT_SCADA,1,"2022/10/20 11:10:00",EMERASF1,0
D,DISPATCH,UNIT_SCADA,1,"2022/10/20 11:10:00",ER01,0
D,DISPATCH,UNIT_SCADA,1,"2022/10/20 11:10:00",ER02,330.046540
D,DISPATCH,UNIT_SCADA,1,"2022/10/20 11:10:00",ER03,395.306340
D,DISPATCH,UNIT_SCADA,1,"2022/10/20 11:10:00",ER04,396.258480
D,DISPATCH,UNIT_SCADA,1,"2022/10/20 11:10:00",FINLYSF1,115.245290
D,DISPATCH,UNIT_SCADA,1,"2022/10/20 11:10:00",FISHER,43.99
D,DISPATCH,UNIT_SCADA,1,"2022/10/20 11:10:00",GANGARR1,36.7190
D,DISPATCH,UNIT_SCADA,1,"2022/10/20 11:10:00",GANNBG1,0
D,DISPATCH,UNIT_SCADA,1,"2022/10/20 11:10:00",GANNBL1,5.486730
D,DISPATCH,UNIT_SCADA,1,"2022/10/20 11:10:00",GANNSF1,23.90
D,DISPATCH,UNIT_SCADA,1,"2022/10/20 11:10:00",GLRWNSF1,109.99
D,DISPATCH,UNIT_SCADA,1,"2022/10/20 11:10:00",GNNDHSF1,75.710910
D,DISPATCH,UNIT_SCADA,1,"2022/10/20 11:10:00",GOONSF1,6.331880
D,DISPATCH,UNIT_SCADA,1,"2022/10/20 11:10:00",GORDON,204.949770
D,DISPATCH,UNIT_SCADA,1,"2022/10/20 11:10:00",GRANWF1,0.53
D,DISPATCH,UNIT_SCADA,1,"2022/10/20 11:10:00",GSTONE1,200.20
D,DISPATCH,UNIT_SCADA,1,"2022/10/20 11:10:00",GSTONE2,0
D,DISPATCH,UNIT_SCADA,1,"2022/10/20 11:10:00",GSTONE3,199.50
D,DISPATCH,UNIT_SCADA,1,"2022/10/20 11:10:00",GSTONE4,0
D,DISPATCH,UNIT_SCADA,1,"2022/10/20 11:10:00",GSTONE5,160.8250
D,DISPATCH,UNIT_SCADA,1,"2022/10/20 11:10:00",GSTONE6,161
D,DISPATCH,UNIT_SCADA,1,"2022/10/20 11:10:00",GULLRSF1,4.524930
D,DISPATCH,UNIT_SCADA,1,"2022/10/20 11:10:00",GULLRWF1,65.284010
D,DISPATCH,UNIT_SCADA,1,"2022/10/20 11:10:00",GULLRWF2,81.695580
D,DISPATCH,UNIT_SCADA,1,"2022/10/20 11:10:00",GUNNING1,0
D,DISPATCH,UNIT_SCADA,1,"2022/10/20 11:10:00",GUTHEGA,67.50
D,DISPATCH,UNIT_SCADA,1,"2022/10/20 11:10:00",HALLWF1,9.91
D,DISPATCH,UNIT_SCADA,1,"2022/10/20 11:10:00",HALLWF2,10.24
D,DISPATCH,UNIT_SCADA,1,"2022/10/20 11:10:00",HAMISF1,0
D,DISPATCH,UNIT_SCADA,1,"2022/10/20 11:10:00",HAUGHT11,32.111610
D,DISPATCH,UNIT_SCADA,1,"2022/10/20 11:10:00",HAYMSF1,0
D,DISPATCH,UNIT_SCADA,1,"2022/10/20 11:10:00",HDWF1,58.70
D,DISPATCH,UNIT_SCADA,1,"2022/10/20 11:10:00",HDWF2,63.50
D,DISPATCH,UNIT_SCADA,1,"2022/10/20 11:10:00",HDWF3,72.70
D,DISPATCH,UNIT_SCADA,1,"2022/10/20 11:10:00",HILLSTN1,28.357630
D,DISPATCH,UNIT_SCADA,1,"2022/10/20 11:10:00",HPRG1,0
D,DISPATCH,UNIT_SCADA,1,"2022/10/20 11:10:00",HPRL1,10.30
D,DISPATCH,UNIT_SCADA,1,"2022/10/20 11:10:00",HUMENSW,54.755160
D,DISPATCH,UNIT_SCADA,1,"2022/10/20 11:10:00",HUMEV,0
D,DISPATCH,UNIT_SCADA,1,"2022/10/20 11:10:00",HVWWBA1G,0
D,DISPATCH,UNIT_SCADA,1,"2022/10/20 11:10:00",HVWWBA1L,0.0060
D,DISPATCH,UNIT_SCADA,1,"2022/10/20 11:10:00",HVWWPV1,0.0280
D,DISPATCH,UNIT_SCADA,1,"2022/10/20 11:10:00",JBUTTERS,0
D,DISPATCH,UNIT_SCADA,1,"2022/10/20 11:10:00",JEMALNG1,12.49
D,DISPATCH,UNIT_SCADA,1,"2022/10/20 11:10:00",JLA01,0
D,DISPATCH,UNIT_SCADA,1,"2022/10/20 11:10:00",JLA02,0
D,DISPATCH,UNIT_SCADA,1,"2022/10/20 11:10:00",JLA03,0
D,DISPATCH,UNIT_SCADA,1,"2022/10/20 11:10:00",JLA04,0
D,DISPATCH,UNIT_SCADA,1,"2022/10/20 11:10:00",JLB01,0
D,DISPATCH,UNIT_SCADA,1,"2022/10/20 11:10:00",JLB02,0.10
D,DISPATCH,UNIT_SCADA,1,"2022/10/20 11:10:00",JLB03,0
D,DISPATCH,UNIT_SCADA,1,"2022/10/20 11:10:00",JUNEESF1,11.270660
D,DISPATCH,UNIT_SCADA,1,"2022/10/20 11:10:00",KABANWF1,0
D,DISPATCH,UNIT_SCADA,1,"2022/10/20 11:10:00",KAREEYA1,0
D,DISPATCH,UNIT_SCADA,1,"2022/10/20 11:10:00",KAREEYA2,0
D,DISPATCH,UNIT_SCADA,1,"2022/10/20 11:10:00",KAREEYA3,4.66
D,DISPATCH,UNIT_SCADA,1,"2022/10/20 11:10:00",KAREEYA4,0
D,DISPATCH,UNIT_SCADA,1,"2022/10/20 11:10:00",KARSF1,37.60
D,DISPATCH,UNIT_SCADA,1,"2022/10/20 11:10:00",KEPSF1,12.10
D,DISPATCH,UNIT_SCADA,1,"2022/10/20 11:10:00",KEPWF1,3.90
D,DISPATCH,UNIT_SCADA,1,"2022/10/20 11:10:00",KIAMSF1,13.904780
D,DISPATCH,UNIT_SCADA,1,"2022/10/20 11:10:00",KIATAWF1,4.90
D,DISPATCH,UNIT_SCADA,1,"2022/10/20 11:10:00",KPP_1,0
D,DISPATCH,UNIT_SCADA,1,"2022/10/20 11:10:00",KSP1,13.15
D,DISPATCH,UNIT_SCADA,1,"2022/10/20 11:10:00",LADBROK1,0.02
D,DISPATCH,UNIT_SCADA,1,"2022/10/20 11:10:00",LADBROK2,0.02
D,DISPATCH,UNIT_SCADA,1,"2022/10/20 11:10:00",LBBG1,0
D,DISPATCH,UNIT_SCADA,1,"2022/10/20 11:10:00",LBBL1,11.10
D,DISPATCH,UNIT_SCADA,1,"2022/10/20 11:10:00",LD01,275.380710
D,DISPATCH,UNIT_SCADA,1,"2022/10/20 11:10:00",LD02,0
D,DISPATCH,UNIT_SCADA,1,"2022/10/20 11:10:00",LD04,277.394930
D,DISPATCH,UNIT_SCADA,1,"2022/10/20 11:10:00",LEM_WIL,45.735440
D,DISPATCH,UNIT_SCADA,1,"2022/10/20 11:10:00",LGAPWF1,20.17
D,DISPATCH,UNIT_SCADA,1,"2022/10/20 11:10:00",LGAPWF2,15.37
D,DISPATCH,UNIT_SCADA,1,"2022/10/20 11:10:00",LILYSF1,33.816570
D,DISPATCH,UNIT_SCADA,1,"2022/10/20 11:10:00",LIMOSF11,122.860610
D,DISPATCH,UNIT_SCADA,1,"2022/10/20 11:10:00",LIMOSF21,15.556050
D,DISPATCH,UNIT_SCADA,1,"2022/10/20 11:10:00",LI_WY_CA,55.4235
D,DISPATCH,UNIT_SCADA,1,"2022/10/20 11:10:00",LKBONNY1,0
D,DISPATCH,UNIT_SCADA,1,"2022/10/20 11:10:00",LKBONNY2,0
D,DISPATCH,UNIT_SCADA,1,"2022/10/20 11:10:00",LKBONNY3,0
D,DISPATCH,UNIT_SCADA,1,"2022/10/20 11:10:00",LK_ECHO,0
D,DISPATCH,UNIT_SCADA,1,"2022/10/20 11:10:00",LNGS1,0
D,DISPATCH,UNIT_SCADA,1,"2022/10/20 11:10:00",LNGS2,0
D,DISPATCH,UNIT_SCADA,1,"2022/10/20 11:10:00",LONSDALE,0
D,DISPATCH,UNIT_SCADA,1,"2022/10/20 11:10:00",LOYYB1,437.965820
D,DISPATCH,UNIT_SCADA,1,"2022/10/20 11:10:00",LOYYB2,438.717710
D,DISPATCH,UNIT_SCADA,1,"2022/10/20 11:10:00",LYA1,401
D,DISPATCH,UNIT_SCADA,1,"2022/10/20 11:10:00",LYA2,0
D,DISPATCH,UNIT_SCADA,1,"2022/10/20 11:10:00",LYA3,345
D,DISPATCH,UNIT_SCADA,1,"2022/10/20 11:10:00",LYA4,345
D,DISPATCH,UNIT_SCADA,1,"2022/10/20 11:10:00",MACARTH1,53.598760
D,DISPATCH,UNIT_SCADA,1,"2022/10/20 11:10:00",MACKNTSH,0
D,DISPATCH,UNIT_SCADA,1,"2022/10/20 11:10:00",MANSLR1,40.5460
D,DISPATCH,UNIT_SCADA,1,"2022/10/20 11:10:00",MAPS2PV1,0
D,DISPATCH,UNIT_SCADA,1,"2022/10/20 11:10:00",MAPS3PV1,0
D,DISPATCH,UNIT_SCADA,1,"2022/10/20 11:10:00",MARYRSF1,15.31
D,DISPATCH,UNIT_SCADA,1,"2022/10/20 11:10:00",MBPS2PV1,0
D,DISPATCH,UNIT_SCADA,1,"2022/10/20 11:10:00",MCKAY1,0.02
D,DISPATCH,UNIT_SCADA,1,"2022/10/20 11:10:00",MEADOWBK,6.058960
D,DISPATCH,UNIT_SCADA,1,"2022/10/20 11:10:00",MERCER01,28.50
D,DISPATCH,UNIT_SCADA,1,"2022/10/20 11:10:00",METZSF1,21.281190
D,DISPATCH,UNIT_SCADA,1,"2022/10/20 11:10:00",MEWF1,1
D,DISPATCH,UNIT_SCADA,1,"2022/10/20 11:10:00",MIDDLSF1,10.21
D,DISPATCH,UNIT_SCADA,1,"2022/10/20 11:10:00",MINTARO,0.128180
D,DISPATCH,UNIT_SCADA,1,"2022/10/20 11:10:00",MOLNGSF1,15.880370
D,DISPATCH,UNIT_SCADA,1,"2022/10/20 11:10:00",MOORAWF1,66.310010
D,DISPATCH,UNIT_SCADA,1,"2022/10/20 11:10:00",MOREESF1,18.7220
D,DISPATCH,UNIT_SCADA,1,"2022/10/20 11:10:00",MORTLK11,0
D,DISPATCH,UNIT_SCADA,1,"2022/10/20 11:10:00",MORTLK12,0
D,DISPATCH,UNIT_SCADA,1,"2022/10/20 11:10:00",MOUSF1,0
D,DISPATCH,UNIT_SCADA,1,"2022/10/20 11:10:00",MP1,0
D,DISPATCH,UNIT_SCADA,1,"2022/10/20 11:10:00",MP2,347.698180
D,DISPATCH,UNIT_SCADA,1,"2022/10/20 11:10:00",MPP_1,181.707750
D,DISPATCH,UNIT_SCADA,1,"2022/10/20 11:10:00",MPP_2,181.738270
D,DISPATCH,UNIT_SCADA,1,"2022/10/20 11:10:00",MRTLSWF1,0
D,DISPATCH,UNIT_SCADA,1,"2022/10/20 11:10:00",MSTUART1,0
D,DISPATCH,UNIT_SCADA,1,"2022/10/20 11:10:00",MSTUART2,0
D,DISPATCH,UNIT_SCADA,1,"2022/10/20 11:10:00",MSTUART3,0
D,DISPATCH,UNIT_SCADA,1,"2022/10/20 11:10:00",MTGELWF1,38.389230
D,DISPATCH,UNIT_SCADA,1,"2022/10/20 11:10:00",MTMILLAR,1.40
D,DISPATCH,UNIT_SCADA,1,"2022/10/20 11:10:00",MURRAY,0
D,DISPATCH,UNIT_SCADA,1,"2022/10/20 11:10:00",MUSSELR1,99.60
D,DISPATCH,UNIT_SCADA,1,"2022/10/20 11:10:00",MUWAWF1,47.54
D,DISPATCH,UNIT_SCADA,1,"2022/10/20 11:10:00",MUWAWF2,21.40
D,DISPATCH,UNIT_SCADA,1,"2022/10/20 11:10:00",MWPS1PV1,0.13
D,DISPATCH,UNIT_SCADA,1,"2022/10/20 11:10:00",MWPS2PV1,0
D,DISPATCH,UNIT_SCADA,1,"2022/10/20 11:10:00",MWPS3PV1,0
D,DISPATCH,UNIT_SCADA,1,"2022/10/20 11:10:00",MWPS4PV1,0.01
D,DISPATCH,UNIT_SCADA,1,"2022/10/20 11:10:00",NBHWF1,88
D,DISPATCH,UNIT_SCADA,1,"2022/10/20 11:10:00",NEVERSF1,38.23
D,DISPATCH,UNIT_SCADA,1,"2022/10/20 11:10:00",NPS,0
D,DISPATCH,UNIT_SCADA,1,"2022/10/20 11:10:00",NUMURSF1,93.10
D,DISPATCH,UNIT_SCADA,1,"2022/10/20 11:10:00",NYNGAN1,71.25
D,DISPATCH,UNIT_SCADA,1,"2022/10/20 11:10:00",OAKEY1,0
D,DISPATCH,UNIT_SCADA,1,"2022/10/20 11:10:00",OAKEY1SF,7.2520
D,DISPATCH,UNIT_SCADA,1,"2022/10/20 11:10:00",OAKEY2,0
D,DISPATCH,UNIT_SCADA,1,"2022/10/20 11:10:00",OAKEY2SF,18.68
D,DISPATCH,UNIT_SCADA,1,"2022/10/20 11:10:00",OAKLAND1,5.60
D,DISPATCH,UNIT_SCADA,1,"2022/10/20 11:10:00",OSB-AG,0
D,DISPATCH,UNIT_SCADA,1,"2022/10/20 11:10:00",PAREPS1,0.0660
D,DISPATCH,UNIT_SCADA,1,"2022/10/20 11:10:00",PAREPW1,51.14
D,DISPATCH,UNIT_SCADA,1,"2022/10/20 11:10:00",PARSF1,4.200810
D,DISPATCH,UNIT_SCADA,1,"2022/10/20 11:10:00",POAT110,0
D,DISPATCH,UNIT_SCADA,1,"2022/10/20 11:10:00",POAT220,0
D,DISPATCH,UNIT_SCADA,1,"2022/10/20 11:10:00",POR01,0
D,DISPATCH,UNIT_SCADA,1,"2022/10/20 11:10:00",POR03,0
D,DISPATCH,UNIT_SCADA,1,"2022/10/20 11:10:00",PPCCGT,0
D,DISPATCH,UNIT_SCADA,1,"2022/10/20 11:10:00",PTSTAN1,0
D,DISPATCH,UNIT_SCADA,1,"2022/10/20 11:10:00",PUMP1,244.959990
D,DISPATCH,UNIT_SCADA,1,"2022/10/20 11:10:00",PUMP2,0
D,DISPATCH,UNIT_SCADA,1,"2022/10/20 11:10:00",QBYNBG1,0.0125
D,DISPATCH,UNIT_SCADA,1,"2022/10/20 11:10:00",QBYNBL1,0
D,DISPATCH,UNIT_SCADA,1,"2022/10/20 11:10:00",QPS1,0
D,DISPATCH,UNIT_SCADA,1,"2022/10/20 11:10:00",QPS2,0
D,DISPATCH,UNIT_SCADA,1,"2022/10/20 11:10:00",QPS3,0
D,DISPATCH,UNIT_SCADA,1,"2022/10/20 11:10:00",QPS4,0
D,DISPATCH,UNIT_SCADA,1,"2022/10/20 11:10:00",QPS5,74.32
D,DISPATCH,UNIT_SCADA,1,"2022/10/20 11:10:00",REECE1,0
D,DISPATCH,UNIT_SCADA,1,"2022/10/20 11:10:00",REECE2,0
D,DISPATCH,UNIT_SCADA,1,"2022/10/20 11:10:00",ROMA_7,0
D,DISPATCH,UNIT_SCADA,1,"2022/10/20 11:10:00",ROMA_8,0
D,DISPATCH,UNIT_SCADA,1,"2022/10/20 11:10:00",RRSF1,115.517550
D,DISPATCH,UNIT_SCADA,1,"2022/10/20 11:10:00",RT_NSW1,0
D,DISPATCH,UNIT_SCADA,1,"2022/10/20 11:10:00",RT_NSW2,0
D,DISPATCH,UNIT_SCADA,1,"2022/10/20 11:10:00",RT_NSW3,0
D,DISPATCH,UNIT_SCADA,1,"2022/10/20 11:10:00",RT_NSW4,0
D,DISPATCH,UNIT_SCADA,1,"2022/10/20 11:10:00",RT_NSW5,0
D,DISPATCH,UNIT_SCADA,1,"2022/10/20 11:10:00",RT_NSW6,0
D,DISPATCH,UNIT_SCADA,1,"2022/10/20 11:10:00",RT_QLD1,0
D,DISPATCH,UNIT_SCADA,1,"2022/10/20 11:10:00",RT_SA1,0
D,DISPATCH,UNIT_SCADA,1,"2022/10/20 11:10:00",RT_SA2,0
D,DISPATCH,UNIT_SCADA,1,"2022/10/20 11:10:00",RT_SA3,0
D,DISPATCH,UNIT_SCADA,1,"2022/10/20 11:10:00",RT_SA4,0
D,DISPATCH,UNIT_SCADA,1,"2022/10/20 11:10:00",RT_SA5,0
D,DISPATCH,UNIT_SCADA,1,"2022/10/20 11:10:00",RT_SA6,0
D,DISPATCH,UNIT_SCADA,1,"2022/10/20 11:10:00",RT_TAS1,0
D,DISPATCH,UNIT_SCADA,1,"2022/10/20 11:10:00",RT_VIC1,0
D,DISPATCH,UNIT_SCADA,1,"2022/10/20 11:10:00",RT_VIC10,0
D,DISPATCH,UNIT_SCADA,1,"2022/10/20 11:10:00",RT_VIC11,0
D,DISPATCH,UNIT_SCADA,1,"2022/10/20 11:10:00",RT_VIC12,0
D,DISPATCH,UNIT_SCADA,1,"2022/10/20 11:10:00",RT_VIC2,0
D,DISPATCH,UNIT_SCADA,1,"2022/10/20 11:10:00",RT_VIC3,0
D,DISPATCH,UNIT_SCADA,1,"2022/10/20 11:10:00",RT_VIC4,0
D,DISPATCH,UNIT_SCADA,1,"2022/10/20 11:10:00",RT_VIC5,0
D,DISPATCH,UNIT_SCADA,1,"2022/10/20 11:10:00",RT_VIC6,0
D,DISPATCH,UNIT_SCADA,1,"2022/10/20 11:10:00",RT_VIC7,0
D,DISPATCH,UNIT_SCADA,1,"2022/10/20 11:10:00",RT_VIC8,0
D,DISPATCH,UNIT_SCADA,1,"2022/10/20 11:10:00",RT_VIC9,0
D,DISPATCH,UNIT_SCADA,1,"2022/10/20 11:10:00",RUGBYR1,1.177730
D,DISPATCH,UNIT_SCADA,1,"2022/10/20 11:10:00",SALTCRK1,17.68
D,DISPATCH,UNIT_SCADA,1,"2022/10/20 11:10:00",SAPHWF1,32.890820
D,DISPATCH,UNIT_SCADA,1,"2022/10/20 11:10:00",SEBSF1,30.1224
D,DISPATCH,UNIT_SCADA,1,"2022/10/20 11:10:00",SHGEN,0
D,DISPATCH,UNIT_SCADA,1,"2022/10/20 11:10:00",SHPUMP,0
D,DISPATCH,UNIT_SCADA,1,"2022/10/20 11:10:00",SITHE01,0.143810
D,DISPATCH,UNIT_SCADA,1,"2022/10/20 11:10:00",SMCSF1,117.0840
D,DISPATCH,UNIT_SCADA,1,"2022/10/20 11:10:00",SNAPPER1,0
D,DISPATCH,UNIT_SCADA,1,"2022/10/20 11:10:00",SNOWNTH1,114
D,DISPATCH,UNIT_SCADA,1,"2022/10/20 11:10:00",SNOWSTH1,60.50
D,DISPATCH,UNIT_SCADA,1,"2022/10/20 11:10:00",SNOWTWN1,0
D,DISPATCH,UNIT_SCADA,1,"2022/10/20 11:10:00",SNOWYP,0
D,DISPATCH,UNIT_SCADA,1,"2022/10/20 11:10:00",SNUG1,0
D,DISPATCH,UNIT_SCADA,1,"2022/10/20 11:10:00",SRSF1,12.98
D,DISPATCH,UNIT_SCADA,1,"2022/10/20 11:10:00",STAN-1,273.044770
D,DISPATCH,UNIT_SCADA,1,"2022/10/20 11:10:00",STAN-2,327.994690
D,DISPATCH,UNIT_SCADA,1,"2022/10/20 11:10:00",STAN-3,153.723880
D,DISPATCH,UNIT_SCADA,1,"2022/10/20 11:10:00",STAN-4,330.263430
D,DISPATCH,UNIT_SCADA,1,"2022/10/20 11:10:00",STARHLWF,0.199940
D,DISPATCH,UNIT_SCADA,1,"2022/10/20 11:10:00",STOCKYD1,69.41
D,DISPATCH,UNIT_SCADA,1,"2022/10/20 11:10:00",STWF1,0
D,DISPATCH,UNIT_SCADA,1,"2022/10/20 11:10:00",SUNRSF1,71.526660
D,DISPATCH,UNIT_SCADA,1,"2022/10/20 11:10:00",SUNTPSF1,110.543070
D,DISPATCH,UNIT_SCADA,1,"2022/10/20 11:10:00",SWAN_E,217.336880
D,DISPATCH,UNIT_SCADA,1,"2022/10/20 11:10:00",TALWA1,0
D,DISPATCH,UNIT_SCADA,1,"2022/10/20 11:10:00",TARALGA1,0
D,DISPATCH,UNIT_SCADA,1,"2022/10/20 11:10:00",TARONG#1,344.50
D,DISPATCH,UNIT_SCADA,1,"2022/10/20 11:10:00",TARONG#2,344.600010
D,DISPATCH,UNIT_SCADA,1,"2022/10/20 11:10:00",TARONG#3,0.90
D,DISPATCH,UNIT_SCADA,1,"2022/10/20 11:10:00",TARONG#4,209.80
D,DISPATCH,UNIT_SCADA,1,"2022/10/20 11:10:00",TARRALEA,54
D,DISPATCH,UNIT_SCADA,1,"2022/10/20 11:10:00",TBSF1,0.10
D,DISPATCH,UNIT_SCADA,1,"2022/10/20 11:10:00",TNPS1,398.8750
D,DISPATCH,UNIT_SCADA,1,"2022/10/20 11:10:00",TORRB1,0
D,DISPATCH,UNIT_SCADA,1,"2022/10/20 11:10:00",TORRB2,40
D,DISPATCH,UNIT_SCADA,1,"2022/10/20 11:10:00",TORRB3,0
D,DISPATCH,UNIT_SCADA,1,"2022/10/20 11:10:00",TORRB4,0
D,DISPATCH,UNIT_SCADA,1,"2022/10/20 11:10:00",TREVALLN,98.227160
D,DISPATCH,UNIT_SCADA,1,"2022/10/20 11:10:00",TRIBUTE,0
D,DISPATCH,UNIT_SCADA,1,"2022/10/20 11:10:00",TUMUT3,0
D,DISPATCH,UNIT_SCADA,1,"2022/10/20 11:10:00",TUNGATIN,4.410020
D,DISPATCH,UNIT_SCADA,1,"2022/10/20 11:10:00",TVCC201,0
D,DISPATCH,UNIT_SCADA,1,"2022/10/20 11:10:00",TVPP104,57.748420
D,DISPATCH,UNIT_SCADA,1,"2022/10/20 11:10:00",UPPTUMUT,38.752480
D,DISPATCH,UNIT_SCADA,1,"2022/10/20 11:10:00",URANQ11,0
D,DISPATCH,UNIT_SCADA,1,"2022/10/20 11:10:00",URANQ12,0
D,DISPATCH,UNIT_SCADA,1,"2022/10/20 11:10:00",URANQ13,0
D,DISPATCH,UNIT_SCADA,1,"2022/10/20 11:10:00",URANQ14,0
D,DISPATCH,UNIT_SCADA,1,"2022/10/20 11:10:00",VBBG1,0
D,DISPATCH,UNIT_SCADA,1,"2022/10/20 11:10:00",VBBL1,83.50
D,DISPATCH,UNIT_SCADA,1,"2022/10/20 11:10:00",VP5,501.992860
D,DISPATCH,UNIT_SCADA,1,"2022/10/20 11:10:00",VP6,500.796540
D,DISPATCH,UNIT_SCADA,1,"2022/10/20 11:10:00",VPGS1,0
D,DISPATCH,UNIT_SCADA,1,"2022/10/20 11:10:00",VPGS2,0
D,DISPATCH,UNIT_SCADA,1,"2022/10/20 11:10:00",VPGS3,0
D,DISPATCH,UNIT_SCADA,1,"2022/10/20 11:10:00",VPGS4,0
D,DISPATCH,UNIT_SCADA,1,"2022/10/20 11:10:00",VPGS5,0
D,DISPATCH,UNIT_SCADA,1,"2022/10/20 11:10:00",VPGS6,0
D,DISPATCH,UNIT_SCADA,1,"2022/10/20 11:10:00",W/HOE#1,0
D,DISPATCH,UNIT_SCADA,1,"2022/10/20 11:10:00",W/HOE#2,0
D,DISPATCH,UNIT_SCADA,1,"2022/10/20 11:10:00",WAGGNSF1,0
D,DISPATCH,UNIT_SCADA,1,"2022/10/20 11:10:00",WALGRVG1,0
D,DISPATCH,UNIT_SCADA,1,"2022/10/20 11:10:00",WALGRVL1,14.6387
D,DISPATCH,UNIT_SCADA,1,"2022/10/20 11:10:00",WANDBG1,0
D,DISPATCH,UNIT_SCADA,1,"2022/10/20 11:10:00",WANDBL1,50.125090
D,DISPATCH,UNIT_SCADA,1,"2022/10/20 11:10:00",WARWSF1,15.98
D,DISPATCH,UNIT_SCADA,1,"2022/10/20 11:10:00",WARWSF2,15.95
D,DISPATCH,UNIT_SCADA,1,"2022/10/20 11:10:00",WATERLWF,18.50
D,DISPATCH,UNIT_SCADA,1,"2022/10/20 11:10:00",WDGPH1,148.824010
D,DISPATCH,UNIT_SCADA,1,"2022/10/20 11:10:00",WELLSF1,72.898450
D,DISPATCH,UNIT_SCADA,1,"2022/10/20 11:10:00",WEMENSF1,8.90
D,DISPATCH,UNIT_SCADA,1,"2022/10/20 11:10:00",WGWF1,74.10
D,DISPATCH,UNIT_SCADA,1,"2022/10/20 11:10:00",WHITSF1,0
D,DISPATCH,UNIT_SCADA,1,"2022/10/20 11:10:00",WINTSF1,83.41
D,DISPATCH,UNIT_SCADA,1,"2022/10/20 11:10:00",WKIEWA1,31.90
D,DISPATCH,UNIT_SCADA,1,"2022/10/20 11:10:00",WKIEWA2,13.90
D,DISPATCH,UNIT_SCADA,1,"2022/10/20 11:10:00",WOODLWN1,14.998760
D,DISPATCH,UNIT_SCADA,1,"2022/10/20 11:10:00",WOOLGSF1,32.380930
D,DISPATCH,UNIT_SCADA,1,"2022/10/20 11:10:00",WPWF,9.28
D,DISPATCH,UNIT_SCADA,1,"2022/10/20 11:10:00",WRSF1,0.639670
D,DISPATCH,UNIT_SCADA,1,"2022/10/20 11:10:00",WRWF1,6.228120
D,DISPATCH,UNIT_SCADA,1,"2022/10/20 11:10:00",WSTWYSF1,0.204320
D,DISPATCH,UNIT_SCADA,1,"2022/10/20 11:10:00",YABULU,0
D,DISPATCH,UNIT_SCADA,1,"2022/10/20 11:10:00",YABULU2,0
D,DISPATCH,UNIT_SCADA,1,"2022/10/20 11:10:00",YARANSF1,47.48
D,DISPATCH,UNIT_SCADA,1,"2022/10/20 11:10:00",YARWUN_1,163.489990
D,DISPATCH,UNIT_SCADA,1,"2022/10/20 11:10:00",YATSF1,45.47
D,DISPATCH,UNIT_SCADA,1,"2022/10/20 11:10:00",YENDWF1,57.09
D,DISPATCH,UNIT_SCADA,1,"2022/10/20 11:10:00",YWPS1,302.503780
D,DISPATCH,UNIT_SCADA,1,"2022/10/20 11:10:00",YWPS2,290.724060
D,DISPATCH,UNIT_SCADA,1,"2022/10/20 11:10:00",YWPS3,300.110140
D,DISPATCH,UNIT_SCADA,1,"2022/10/20 11:10:00",YWPS4,0
C,"END OF REPORT",419
