C,NEMP.WORLD,DISPATCHSCADA,AEMO,PUBLIC,2022/10/20,12:50:10,0000000373255700,DISPATCHSCADA,0000000373255694
I,DISPATCH,UNIT_SCADA,1,SETTLEMENTDATE,DUID,SCADAVALUE
D,DISPATCH,UNIT_SCADA,1,"2022/10/20 12:55:00",BARCSF1,6.70
D,DISPATCH,UNIT_SCADA,1,"2022/10/20 12:55:00",BUTLERSG,8.699999
D,DISPATCH,UNIT_SCADA,1,"2022/10/20 12:55:00",CAPTL_WF,46.399147
D,DISPATCH,UNIT_SCADA,1,"2022/10/20 12:55:00",CHALLHWF,3.70
D,DISPATCH,UNIT_SCADA,1,"2022/10/20 12:55:00",CLOVER,10.43
D,DISPATCH,UNIT_SCADA,1,"2022/10/20 12:55:00",CLUNY,5.143054
D,DISPATCH,UNIT_SCADA,1,"2022/10/20 12:55:00",CULLRGWF,-0.02
D,DISPATCH,UNIT_SCADA,1,"2022/10/20 12:55:00",DIAPURWF1,4
D,DISPATCH,UNIT_SCADA,1,"2022/10/20 12:55:00",ERGT01,0
D,DISPATCH,UNIT_SCADA,1,"2022/10/20 12:55:00",GB01,0
D,DISPATCH,UNIT_SCADA,1,"2022/10/20 12:55:00",GERMCRK,18.200001
D,DISPATCH,UNIT_SCADA,1,"2022/10/20 12:55:00",GRIFSF1,8.299382
D,DISPATCH,UNIT_SCADA,1,"2022/10/20 12:55:00",HEZ1,0
D,DISPATCH,UNIT_SCADA,1,"2022/10/20 12:55:00",HUGSF1,14.4090
D,DISPATCH,UNIT_SCADA,1,"2022/10/20 12:55:00",KEPBG1,0.01
D,DISPATCH,UNIT_SCADA,1,"2022/10/20 12:55:00",LRSF1,13.3640
D,DISPATCH,UNIT_SCADA,1,"2022/10/20 12:55:00",MBAHNTH,45.843750
D,DISPATCH,UNIT_SCADA,1,"2022/10/20 12:55:00",MLSP1,4.160001
D,DISPATCH,UNIT_SCADA,1,"2022/10/20 12:55:00",MLWF1,2.79
D,DISPATCH,UNIT_SCADA,1,"2022/10/20 12:55:00",PALOONA,30.619999
D,DISPATCH,UNIT_SCADA,1,"2022/10/20 12:55:00",PIONEER,39.900002
D,DISPATCH,UNIT_SCADA,1,"2022/10/20 12:55:00",PORTWF,100.099998
D,DISPATCH,UNIT_SCADA,1,"2022/10/20 12:55:00",REPULSE,9.638208
D,DISPATCH,UNIT_SCADA,1,"2022/10/20 12:55:00",ROWALLAN,8.9886
D,DISPATCH,UNIT_SCADA,1,"2022/10/20 12:55:00",ROYALLA1,7.137003
D,DISPATCH,UNIT_SCADA,1,"2022/10/20 12:55:00",RPCG,-1.80
D,DISPATCH,UNIT_SCADA,1,"2022/10/20 12:55:00",RUBICON,0
D,DISPATCH,UNIT_SCADA,1,"2022/10/20 12:55:00",WAUBRAWF,27.577999
D,DISPATCH,UNIT_SCADA,1,"2022/10/20 12:55:00",WOOLNTH1,37.739998
D,DISPATCH,UNIT_SCADA,1,"2022/10/20 12:55:00",YAMBUKWF,9.60
D,DISPATCH,UNIT_SCADA,1,"2022/10/20 12:55:00",YSWF1,3.80
D,DISPATCH,UNIT_SCADA,1,"2022/10/20 12:55:00",ADPBA1G,0.0080
D,DISPATCH,UNIT_SCADA,1,"2022/10/20 12:55:00",ADPBA1L,0
D,DISPATCH,UNIT_SCADA,1,"2022/10/20 12:55:00",ADPPV1,0.0650
D,DISPATCH,UNIT_SCADA,1,"2022/10/20 12:55:00",AGLHAL,0
D,DISPATCH,UNIT_SCADA,1,"2022/10/20 12:55:00",AGLSOM,0
D,DISPATCH,UNIT_SCADA,1,"2022/10/20 12:55:00",ANGAST1,0
D,DISPATCH,UNIT_SCADA,1,"2022/10/20 12:55:00",ARWF1,14
D,DISPATCH,UNIT_SCADA,1,"2022/10/20 12:55:00",BALBG1,0
D,DISPATCH,UNIT_SCADA,1,"2022/10/20 12:55:00",BALBL1,0
D,DISPATCH,UNIT_SCADA,1,"2022/10/20 12:55:00",BALDHWF1,47.1940
D,DISPATCH,UNIT_SCADA,1,"2022/10/20 12:55:00",BANGOWF1,39.197380
D,DISPATCH,UNIT_SCADA,1,"2022/10/20 12:55:00",BANGOWF2,25
D,DISPATCH,UNIT_SCADA,1,"2022/10/20 12:55:00",BANN1,34.44
D,DISPATCH,UNIT_SCADA,1,"2022/10/20 12:55:00",BARCALDN,0
D,DISPATCH,UNIT_SCADA,1,"2022/10/20 12:55:00",BARKIPS1,0
D,DISPATCH,UNIT_SCADA,1,"2022/10/20 12:55:00",BARRON-1,0
D,DISPATCH,UNIT_SCADA,1,"2022/10/20 12:55:00",BARRON-2,0
D,DISPATCH,UNIT_SCADA,1,"2022/10/20 12:55:00",BASTYAN,50.87
D,DISPATCH,UNIT_SCADA,1,"2022/10/20 12:55:00",BBTHREE1,0
D,DISPATCH,UNIT_SCADA,1,"2022/10/20 12:55:00",BBTHREE2,23.92
D,DISPATCH,UNIT_SCADA,1,"2022/10/20 12:55:00",BBTHREE3,-1.06
D,DISPATCH,UNIT_SCADA,1,"2022/10/20 12:55:00",BDL01,0
D,DISPATCH,UNIT_SCADA,1,"2022/10/20 12:55:00",BDL02,0
D,DISPATCH,UNIT_SCADA,1,"2022/10/20 12:55:00",BERYLSF1,35.242070
D,DISPATCH,UNIT_SCADA,1,"2022/10/20 12:55:00",BLOWERNG,62.70
D,DISPATCH,UNIT_SCADA,1,"2022/10/20 12:55:00",BLUEGSF1,21.464060
D,DISPATCH,UNIT_SCADA,1,"2022/10/20 12:55:00",BLUFF1,15.70
D,DISPATCH,UNIT_SCADA,1,"2022/10/20 12:55:00",BNGSF1,50.88
D,DISPATCH,UNIT_SCADA,1,"2022/10/20 12:55:00",BNGSF2,56.13
D,DISPATCH,UNIT_SCADA,1,"2022/10/20 12:55:00",BOCORWF1,32.63
D,DISPATCH,UNIT_SCADA,1,"2022/10/20 12:55:00",BODWF1,63.529610
D,DISPATCH,UNIT_SCADA,1,"2022/10/20 12:55:00",BOMENSF1,24.992450
D,DISPATCH,UNIT_SCADA,1,"2022/10/20 12:55:00",BOWWBA1G,0.0010
D,DISPATCH,UNIT_SCADA,1,"2022/10/20 12:55:00",BOWWBA1L,0
D,DISPATCH,UNIT_SCADA,1,"2022/10/20 12:55:00",BOWWPV1,0
D,DISPATCH,UNIT_SCADA,1,"2022/10/20 12:55:00",BRAEMAR1,0
D,DISPATCH,UNIT_SCADA,1,"2022/10/20 12:55:00",BRAEMAR2,0
D,DISPATCH,UNIT_SCADA,1,"2022/10/20 12:55:00",BRAEMAR3,0
D,DISPATCH,UNIT_SCADA,1,"2022/10/20 12:55:00",BRAEMAR5,0.292060
D,DISPATCH,UNIT_SCADA,1,"2022/10/20 12:55:00",BRAEMAR6,0
D,DISPATCH,UNIT_SCADA,1,"2022/10/20 12:55:00",BRAEMAR7,0.130920
D,DISPATCH,UNIT_SCADA,1,"2022/10/20 12:55:00",BROKENH1,49.999240
D,DISPATCH,UNIT_SCADA,1,"2022/10/20 12:55:00",BRYB1WF1,119.365230
D,DISPATCH,UNIT_SCADA,1,"2022/10/20 12:55:00",BULBESG1,0
D,DISPATCH,UNIT_SCADA,1,"2022/10/20 12:55:00",BULBESL1,2.11
D,DISPATCH,UNIT_SCADA,1,"2022/10/20 12:55:00",BULGANA1,3.31
D,DISPATCH,UNIT_SCADA,1,"2022/10/20 12:55:00",BW01,658.469540
D,DISPATCH,UNIT_SCADA,1,"2022/10/20 12:55:00",BW02,618.6496
D,DISPATCH,UNIT_SCADA,1,"2022/10/20 12:55:00",BW03,476.4599
D,DISPATCH,UNIT_SCADA,1,"2022/10/20 12:55:00",BW04,0
D,DISPATCH,UNIT_SCADA,1,"2022/10/20 12:55:00",CALL_B_1,319.899990
D,DISPATCH,UNIT_SCADA,1,"2022/10/20 12:55:00",CALL_B_2,318.50
D,DISPATCH,UNIT_SCADA,1,"2022/10/20 12:55:00",CATHROCK,7.20
D,DISPATCH,UNIT_SCADA,1,"2022/10/20 12:55:00",CBWWBA1G,0
D,DISPATCH,UNIT_SCADA,1,"2022/10/20 12:55:00",CBWWBA1L,0
D,DISPATCH,UNIT_SCADA,1,"2022/10/20 12:55:00",CETHANA,19.209380
D,DISPATCH,UNIT_SCADA,1,"2022/10/20 12:55:00",CG1,0
D,DISPATCH,UNIT_SCADA,1,"2022/10/20 12:55:00",CG2,0
D,DISPATCH,UNIT_SCADA,1,"2022/10/20 12:55:00",CG3,0
D,DISPATCH,UNIT_SCADA,1,"2022/10/20 12:55:00",CG4,0
D,DISPATCH,UNIT_SCADA,1,"2022/10/20 12:55:00",CHILDSF1,31.18
D,DISPATCH,UNIT_SCADA,1,"2022/10/20 12:55:00",CHYTWF1,9.71
D,DISPATCH,UNIT_SCADA,1,"2022/10/20 12:55:00",CLARESF1,12.951550
D,DISPATCH,UNIT_SCADA,1,"2022/10/20 12:55:00",CLEMGPWF,19.449450
D,DISPATCH,UNIT_SCADA,1,"2022/10/20 12:55:00",CLERMSF1,40.94
D,DISPATCH,UNIT_SCADA,1,"2022/10/20 12:55:00",CNUNDAWF,0
D,DISPATCH,UNIT_SCADA,1,"2022/10/20 12:55:00",COHUNSF1,5.30
D,DISPATCH,UNIT_SCADA,1,"2022/10/20 12:55:00",COLEASF1,26.700620
D,DISPATCH,UNIT_SCADA,1,"2022/10/20 12:55:00",COLUMSF1,19.4590
D,DISPATCH,UNIT_SCADA,1,"2022/10/20 12:55:00",COLWF01,72.808430
D,DISPATCH,UNIT_SCADA,1,"2022/10/20 12:55:00",COOPGWF1,108.40
D,DISPATCH,UNIT_SCADA,1,"2022/10/20 12:55:00",CPP_3,279.1250
D,DISPATCH,UNIT_SCADA,1,"2022/10/20 12:55:00",CPP_4,0
D,DISPATCH,UNIT_SCADA,1,"2022/10/20 12:55:00",CPSA,0
D,DISPATCH,UNIT_SCADA,1,"2022/10/20 12:55:00",CROOKWF2,25.843290
D,DISPATCH,UNIT_SCADA,1,"2022/10/20 12:55:00",CROWLWF1,0
D,DISPATCH,UNIT_SCADA,1,"2022/10/20 12:55:00",CRURWF1,45.899520
D,DISPATCH,UNIT_SCADA,1,"2022/10/20 12:55:00",CRWASF1,25.079810
D,DISPATCH,UNIT_SCADA,1,"2022/10/20 12:55:00",CSPVPS1,16.2590
D,DISPATCH,UNIT_SCADA,1,"2022/10/20 12:55:00",CTHLWF1,0.003050
D,DISPATCH,UNIT_SCADA,1,"2022/10/20 12:55:00",DALNTH01,0
D,DISPATCH,UNIT_SCADA,1,"2022/10/20 12:55:00",DALNTHL1,0.010680
D,DISPATCH,UNIT_SCADA,1,"2022/10/20 12:55:00",DARLSF1,31.537650
D,DISPATCH,UNIT_SCADA,1,"2022/10/20 12:55:00",DARTM1,0
D,DISPATCH,UNIT_SCADA,1,"2022/10/20 12:55:00",DAYDSF1,145.088010
D,DISPATCH,UNIT_SCADA,1,"2022/10/20 12:55:00",DDPS1,0
D,DISPATCH,UNIT_SCADA,1,"2022/10/20 12:55:00",DDSF1,17.779710
D,DISPATCH,UNIT_SCADA,1,"2022/10/20 12:55:00",DEVILS_G,9.612110
D,DISPATCH,UNIT_SCADA,1,"2022/10/20 12:55:00",DG_NSW1,0
D,DISPATCH,UNIT_SCADA,1,"2022/10/20 12:55:00",DG_QLD1,0
D,DISPATCH,UNIT_SCADA,1,"2022/10/20 12:55:00",DG_SA1,0
D,DISPATCH,UNIT_SCADA,1,"2022/10/20 12:55:00",DG_TAS1,0
D,DISPATCH,UNIT_SCADA,1,"2022/10/20 12:55:00",DG_VIC1,0
D,DISPATCH,UNIT_SCADA,1,"2022/10/20 12:55:00",DRYCGT1,0
D,DISPATCH,UNIT_SCADA,1,"2022/10/20 12:55:00",DRYCGT2,0
D,DISPATCH,UNIT_SCADA,1,"2022/10/20 12:55:00",DRYCGT3,0
D,DISPATCH,UNIT_SCADA,1,"2022/10/20 12:55:00",DUNDWF1,59.47
D,DISPATCH,UNIT_SCADA,1,"2022/10/20 12:55:00",DUNDWF2,18.84
D,DISPATCH,UNIT_SCADA,1,"2022/10/20 12:55:00",DUNDWF3,50.15
D,DISPATCH,UNIT_SCADA,1,"2022/10/20 12:55:00",EILDON1,59.84
D,DISPATCH,UNIT_SCADA,1,"2022/10/20 12:55:00",EILDON2,59.96
D,DISPATCH,UNIT_SCADA,1,"2022/10/20 12:55:00",ELAINWF1,31.79
D,DISPATCH,UNIT_SCADA,1,"2022/10/20 12:55:00",EMERASF1,0
D,DISPATCH,UNIT_SCADA,1,"2022/10/20 12:55:00",ER01,0
D,DISPATCH,UNIT_SCADA,1,"2022/10/20 12:55:00",ER02,305.192660
D,DISPATCH,UNIT_SCADA,1,"2022/10/20 12:55:00",ER03,435.736630
D,DISPATCH,UNIT_SCADA,1,"2022/10/20 12:55:00",ER04,435.638980
D,DISPATCH,UNIT_SCADA,1,"2022/10/20 12:55:00",FINLYSF1,83.219650
D,DISPATCH,UNIT_SCADA,1,"2022/10/20 12:55:00",FISHER,43.87
D,DISPATCH,UNIT_SCADA,1,"2022/10/20 12:55:00",GANGARR1,80.057010
D,DISPATCH,UNIT_SCADA,1,"2022/10/20 12:55:00",GANNBG1,0
D,DISPATCH,UNIT_SCADA,1,"2022/10/20 12:55:00",GANNBL1,3.944580
D,DISPATCH,UNIT_SCADA,1,"2022/10/20 12:55:00",GANNSF1,24.20
D,DISPATCH,UNIT_SCADA,1,"2022/10/20 12:55:00",GLRWNSF1,0
D,DISPATCH,UNIT_SCADA,1,"2022/10/20 12:55:00",GNNDHSF1,55.080570
D,DISPATCH,UNIT_SCADA,1,"2022/10/20 12:55:00",GOONSF1,4.835280
D,DISPATCH,UNIT_SCADA,1,"2022/10/20 12:55:00",GORDON,188.585590
D,DISPATCH,UNIT_SCADA,1,"2022/10/20 12:55:00",GRANWF1,0
D,DISPATCH,UNIT_SCADA,1,"2022/10/20 12:55:00",GSTONE1,201.0750
D,DISPATCH,UNIT_SCADA,1,"2022/10/20 12:55:00",GSTONE2,0
D,DISPATCH,UNIT_SCADA,1,"2022/10/20 12:55:00",GSTONE3,200.20
D,DISPATCH,UNIT_SCADA,1,"2022/10/20 12:55:00",GSTONE4,0
D,DISPATCH,UNIT_SCADA,1,"2022/10/20 12:55:00",GSTONE5,185.6750
D,DISPATCH,UNIT_SCADA,1,"2022/10/20 12:55:00",GSTONE6,200.724990
D,DISPATCH,UNIT_SCADA,1,"2022/10/20 12:55:00",GULLRSF1,2.774960
D,DISPATCH,UNIT_SCADA,1,"2022/10/20 12:55:00",GULLRWF1,38.954410
D,DISPATCH,UNIT_SCADA,1,"2022/10/20 12:55:00",GULLRWF2,76.115910
D,DISPATCH,UNIT_SCADA,1,"2022/10/20 12:55:00",GUNNING1,0
D,DISPATCH,UNIT_SCADA,1,"2022/10/20 12:55:00",GUTHEGA,67
D,DISPATCH,UNIT_SCADA,1,"2022/10/20 12:55:00",HALLWF1,19.30
D,DISPATCH,UNIT_SCADA,1,"2022/10/20 12:55:00",HALLWF2,11.04
D,DISPATCH,UNIT_SCADA,1,"2022/10/20 12:55:00",HAMISF1,44
D,DISPATCH,UNIT_SCADA,1,"2022/10/20 12:55:00",HAUGHT11,8.539140
D,DISPATCH,UNIT_SCADA,1,"2022/10/20 12:55:00",HAYMSF1,49.9950
D,DISPATCH,UNIT_SCADA,1,"2022/10/20 12:55:00",HDWF1,22.20
D,DISPATCH,UNIT_SCADA,1,"2022/10/20 12:55:00",HDWF2,23.20
D,DISPATCH,UNIT_SCADA,1,"2022/10/20 12:55:00",HDWF3,21.20
D,DISPATCH,UNIT_SCADA,1,"2022/10/20 12:55:00",HILLSTN1,69.537790
D,DISPATCH,UNIT_SCADA,1,"2022/10/20 12:55:00",HPRG1,0
D,DISPATCH,UNIT_SCADA,1,"2022/10/20 12:55:00",HPRL1,25.90
D,DISPATCH,UNIT_SCADA,1,"2022/10/20 12:55:00",HUMENSW,54.638260
D,DISPATCH,UNIT_SCADA,1,"2022/10/20 12:55:00",HUMEV,0
D,DISPATCH,UNIT_SCADA,1,"2022/10/20 12:55:00",HVWWBA1G,0
D,DISPATCH,UNIT_SCADA,1,"2022/10/20 12:55:00",HVWWBA1L,0.0070
D,DISPATCH,UNIT_SCADA,1,"2022/10/20 12:55:00",HVWWPV1,0.0190
D,DISPATCH,UNIT_SCADA,1,"2022/10/20 12:55:00",JBUTTERS,0
D,DISPATCH,UNIT_SCADA,1,"2022/10/20 12:55:00",JEMALNG1,2.34
D,DISPATCH,UNIT_SCADA,1,"2022/10/20 12:55:00",JLA01,0
D,DISPATCH,UNIT_SCADA,1,"2022/10/20 12:55:00",JLA02,0
D,DISPATCH,UNIT_SCADA,1,"2022/10/20 12:55:00",JLA03,0
D,DISPATCH,UNIT_SCADA,1,"2022/10/20 12:55:00",JLA04,0
D,DISPATCH,UNIT_SCADA,1,"2022/10/20 12:55:00",JLB01,0
D,DISPATCH,UNIT_SCADA,1,"2022/10/20 12:55:00",JLB02,0.10
D,DISPATCH,UNIT_SCADA,1,"2022/10/20 12:55:00",JLB03,0
D,DISPATCH,UNIT_SCADA,1,"2022/10/20 12:55:00",JUNEESF1,8.796160
D,DISPATCH,UNIT_SCADA,1,"2022/10/20 12:55:00",KABANWF1,0
D,DISPATCH,UNIT_SCADA,1,"2022/10/20 12:55:00",KAREEYA1,0
D,DISPATCH,UNIT_SCADA,1,"2022/10/20 12:55:00",KAREEYA2,0
D,DISPATCH,UNIT_SCADA,1,"2022/10/20 12:55:00",KAREEYA3,4.75
D,DISPATCH,UNIT_SCADA,1,"2022/10/20 12:55:00",KAREEYA4,0
D,DISPATCH,UNIT_SCADA,1,"2022/10/20 12:55:00",KARSF1,30.40
D,DISPATCH,UNIT_SCADA,1,"2022/10/20 12:55:00",KEPSF1,11.98
D,DISPATCH,UNIT_SCADA,1,"2022/10/20 12:55:00",KEPWF1,5.28
D,DISPATCH,UNIT_SCADA,1,"2022/10/20 12:55:00",KIAMSF1,31.094070
D,DISPATCH,UNIT_SCADA,1,"2022/10/20 12:55:00",KIATAWF1,11.40
D,DISPATCH,UNIT_SCADA,1,"2022/10/20 12:55:00",KPP_1,0
D,DISPATCH,UNIT_SCADA,1,"2022/10/20 12:55:00",KSP1,37.41
D,DISPATCH,UNIT_SCADA,1,"2022/10/20 12:55:00",LADBROK1,0.01
D,DISPATCH,UNIT_SCADA,1,"2022/10/20 12:55:00",LADBROK2,0.02
D,DISPATCH,UNIT_SCADA,1,"2022/10/20 12:55:00",LBBG1,0
D,DISPATCH,UNIT_SCADA,1,"2022/10/20 12:55:00",LBBL1,1.95
D,DISPATCH,UNIT_SCADA,1,"2022/10/20 12:55:00",LD01,274.172180
D,DISPATCH,UNIT_SCADA,1,"2022/10/20 12:55:00",LD02,0
D,DISPATCH,UNIT_SCADA,1,"2022/10/20 12:55:00",LD04,275.252530
D,DISPATCH,UNIT_SCADA,1,"2022/10/20 12:55:00",LEM_WIL,46.424460
D,DISPATCH,UNIT_SCADA,1,"2022/10/20 12:55:00",LGAPWF1,59.57
D,DISPATCH,UNIT_SCADA,1,"2022/10/20 12:55:00",LGAPWF2,33.16
D,DISPATCH,UNIT_SCADA,1,"2022/10/20 12:55:00",LILYSF1,91.2261
D,DISPATCH,UNIT_SCADA,1,"2022/10/20 12:55:00",LIMOSF11,136.174410
D,DISPATCH,UNIT_SCADA,1,"2022/10/20 12:55:00",LIMOSF21,5.988950
D,DISPATCH,UNIT_SCADA,1,"2022/10/20 12:55:00",LI_WY_CA,54.592480
D,DISPATCH,UNIT_SCADA,1,"2022/10/20 12:55:00",LKBONNY1,0
D,DISPATCH,UNIT_SCADA,1,"2022/10/20 12:55:00",LKBONNY2,0.477460
D,DISPATCH,UNIT_SCADA,1,"2022/10/20 12:55:00",LKBONNY3,0
D,DISPATCH,UNIT_SCADA,1,"2022/10/20 12:55:00",LK_ECHO,0
D,DISPATCH,UNIT_SCADA,1,"2022/10/20 12:55:00",LNGS1,0
D,DISPATCH,UNIT_SCADA,1,"2022/10/20 12:55:00",LNGS2,0
D,DISPATCH,UNIT_SCADA,1,"2022/10/20 12:55:00",LONSDALE,0
D,DISPATCH,UNIT_SCADA,1,"2022/10/20 12:55:00",LOYYB1,411.649350
D,DISPATCH,UNIT_SCADA,1,"2022/10/20 12:55:00",LOYYB2,412.025330
D,DISPATCH,UNIT_SCADA,1,"2022/10/20 12:55:00",LYA1,407
D,DISPATCH,UNIT_SCADA,1,"2022/10/20 12:55:00",LYA2,0
D,DISPATCH,UNIT_SCADA,1,"2022/10/20 12:55:00",LYA3,406
D,DISPATCH,UNIT_SCADA,1,"2022/10/20 12:55:00",LYA4,408
D,DISPATCH,UNIT_SCADA,1,"2022/10/20 12:55:00",MACARTH1,59.398630
D,DISPATCH,UNIT_SCADA,1,"2022/10/20 12:55:00",MACKNTSH,0
D,DISPATCH,UNIT_SCADA,1,"2022/10/20 12:55:00",MANSLR1,44.2310
D,DISPATCH,UNIT_SCADA,1,"2022/10/20 12:55:00",MAPS2PV1,0
D,DISPATCH,UNIT_SCADA,1,"2022/10/20 12:55:00",MAPS3PV1,0
D,DISPATCH,UNIT_SCADA,1,"2022/10/20 12:55:00",MARYRSF1,15.94
D,DISPATCH,UNIT_SCADA,1,"2022/10/20 12:55:00",MBPS2PV1,0
D,DISPATCH,UNIT_SCADA,1,"2022/10/20 12:55:00",MCKAY1,0.02
D,DISPATCH,UNIT_SCADA,1,"2022/10/20 12:55:00",MEADOWBK,6.1447
D,DISPATCH,UNIT_SCADA,1,"2022/10/20 12:55:00",MERCER01,32.90
D,DISPATCH,UNIT_SCADA,1,"2022/10/20 12:55:00",METZSF1,27.798470
D,DISPATCH,UNIT_SCADA,1,"2022/10/20 12:55:00",MEWF1,18.787330
D,DISPATCH,UNIT_SCADA,1,"2022/10/20 12:55:00",MIDDLSF1,2.42
D,DISPATCH,UNIT_SCADA,1,"2022/10/20 12:55:00",MINTARO,0.128180
D,DISPATCH,UNIT_SCADA,1,"2022/10/20 12:55:00",MOLNGSF1,17.423360
D,DISPATCH,UNIT_SCADA,1,"2022/10/20 12:55:00",MOORAWF1,80.310010
D,DISPATCH,UNIT_SCADA,1,"2022/10/20 12:55:00",MOREESF1,19.07
D,DISPATCH,UNIT_SCADA,1,"2022/10/20 12:55:00",MORTLK11,0
D,DISPATCH,UNIT_SCADA,1,"2022/10/20 12:55:00",MORTLK12,0
D,DISPATCH,UNIT_SCADA,1,"2022/10/20 12:55:00",MOUSF1,0
D,DISPATCH,UNIT_SCADA,1,"2022/10/20 12:55:00",MP1,0
D,DISPATCH,UNIT_SCADA,1,"2022/10/20 12:55:00",MP2,348.479430
D,DISPATCH,UNIT_SCADA,1,"2022/10/20 12:55:00",MPP_1,169.622380
D,DISPATCH,UNIT_SCADA,1,"2022/10/20 12:55:00",MPP_2,190.3140
D,DISPATCH,UNIT_SCADA,1,"2022/10/20 12:55:00",MRTLSWF1,0
D,DISPATCH,UNIT_SCADA,1,"2022/10/20 12:55:00",MSTUART1,0
D,DISPATCH,UNIT_SCADA,1,"2022/10/20 12:55:00",MSTUART2,0
D,DISPATCH,UNIT_SCADA,1,"2022/10/20 12:55:00",MSTUART3,0
D,DISPATCH,UNIT_SCADA,1,"2022/10/20 12:55:00",MTGELWF1,48.254340
D,DISPATCH,UNIT_SCADA,1,"2022/10/20 12:55:00",MTMILLAR,0.40
D,DISPATCH,UNIT_SCADA,1,"2022/10/20 12:55:00",MURRAY,0
D,DISPATCH,UNIT_SCADA,1,"2022/10/20 12:55:00",MUSSELR1,61.10
D,DISPATCH,UNIT_SCADA,1,"2022/10/20 12:55:00",MUWAWF1,64.49
D,DISPATCH,UNIT_SCADA,1,"2022/10/20 12:55:00",MUWAWF2,27.40
D,DISPATCH,UNIT_SCADA,1,"2022/10/20 12:55:00",MWPS1PV1,0.13
D,DISPATCH,UNIT_SCADA,1,"2022/10/20 12:55:00",MWPS2PV1,0
D,DISPATCH,UNIT_SCADA,1,"2022/10/20 12:55:00",MWPS3PV1,0
D,DISPATCH,UNIT_SCADA,1,"2022/10/20 12:55:00",MWPS4PV1,0.01
D,DISPATCH,UNIT_SCADA,1,"2022/10/20 12:55:00",NBHWF1,27.10
D,DISPATCH,UNIT_SCADA,1,"2022/10/20 12:55:00",NEVERSF1,102.82
D,DISPATCH,UNIT_SCADA,1,"2022/10/20 12:55:00",NPS,0
D,DISPATCH,UNIT_SCADA,1,"2022/10/20 12:55:00",NUMURSF1,90.21
D,DISPATCH,UNIT_SCADA,1,"2022/10/20 12:55:00",NYNGAN1,70
D,DISPATCH,UNIT_SCADA,1,"2022/10/20 12:55:00",OAKEY1,0
D,DISPATCH,UNIT_SCADA,1,"2022/10/20 12:55:00",OAKEY1SF,13.9270
D,DISPATCH,UNIT_SCADA,1,"2022/10/20 12:55:00",OAKEY2,0
D,DISPATCH,UNIT_SCADA,1,"2022/10/20 12:55:00",OAKEY2SF,34.70
D,DISPATCH,UNIT_SCADA,1,"2022/10/20 12:55:00",OAKLAND1,4.90
D,DISPATCH,UNIT_SCADA,1,"2022/10/20 12:55:00",OSB-AG,0
D,DISPATCH,UNIT_SCADA,1,"2022/10/20 12:55:00",PAREPS1,0.0660
D,DISPATCH,UNIT_SCADA,1,"2022/10/20 12:55:00",PAREPW1,52.85
D,DISPATCH,UNIT_SCADA,1,"2022/10/20 12:55:00",PARSF1,1.899750
D,DISPATCH,UNIT_SCADA,1,"2022/10/20 12:55:00",POAT110,0
D,DISPATCH,UNIT_SCADA,1,"2022/10/20 12:55:00",POAT220,0
D,DISPATCH,UNIT_SCADA,1,"2022/10/20 12:55:00",POR01,0
D,DISPATCH,UNIT_SCADA,1,"2022/10/20 12:55:00",POR03,0
D,DISPATCH,UNIT_SCADA,1,"2022/10/20 12:55:00",PPCCGT,0
D,DISPATCH,UNIT_SCADA,1,"2022/10/20 12:55:00",PTSTAN1,0
D,DISPATCH,UNIT_SCADA,1,"2022/10/20 12:55:00",PUMP1,0
D,DISPATCH,UNIT_SCADA,1,"2022/10/20 12:55:00",PUMP2,0
D,DISPATCH,UNIT_SCADA,1,"2022/10/20 12:55:00",QBYNBG1,0.690490
D,DISPATCH,UNIT_SCADA,1,"2022/10/20 12:55:00",QBYNBL1,0
D,DISPATCH,UNIT_SCADA,1,"2022/10/20 12:55:00",QPS1,0
D,DISPATCH,UNIT_SCADA,1,"2022/10/20 12:55:00",QPS2,0
D,DISPATCH,UNIT_SCADA,1,"2022/10/20 12:55:00",QPS3,0
D,DISPATCH,UNIT_SCADA,1,"2022/10/20 12:55:00",QPS4,0
D,DISPATCH,UNIT_SCADA,1,"2022/10/20 12:55:00",QPS5,74.56
D,DISPATCH,UNIT_SCADA,1,"2022/10/20 12:55:00",REECE1,0
D,DISPATCH,UNIT_SCADA,1,"2022/10/20 12:55:00",REECE2,0
D,DISPATCH,UNIT_SCADA,1,"2022/10/20 12:55:00",ROMA_7,0
D,DISPATCH,UNIT_SCADA,1,"2022/10/20 12:55:00",ROMA_8,0
D,DISPATCH,UNIT_SCADA,1,"2022/10/20 12:55:00",RRSF1,70.335370
D,DISPATCH,UNIT_SCADA,1,"2022/10/20 12:55:00",RT_NSW1,0
D,DISPATCH,UNIT_SCADA,1,"2022/10/20 12:55:00",RT_NSW2,0
D,DISPATCH,UNIT_SCADA,1,"2022/10/20 12:55:00",RT_NSW3,0
D,DISPATCH,UNIT_SCADA,1,"2022/10/20 12:55:00",RT_NSW4,0
D,DISPATCH,UNIT_SCADA,1,"2022/10/20 12:55:00",RT_NSW5,0
D,DISPATCH,UNIT_SCADA,1,"2022/10/20 12:55:00",RT_NSW6,0
D,DISPATCH,UNIT_SCADA,1,"2022/10/20 12:55:00",RT_QLD1,0
D,DISPATCH,UNIT_SCADA,1,"2022/10/20 12:55:00",RT_SA1,0
D,DISPATCH,UNIT_SCADA,1,"2022/10/20 12:55:00",RT_SA2,0
D,DISPATCH,UNIT_SCADA,1,"2022/10/20 12:55:00",RT_SA3,0
D,DISPATCH,UNIT_SCADA,1,"2022/10/20 12:55:00",RT_SA4,0
D,DISPATCH,UNIT_SCADA,1,"2022/10/20 12:55:00",RT_SA5,0
D,DISPATCH,UNIT_SCADA,1,"2022/10/20 12:55:00",RT_SA6,0
D,DISPATCH,UNIT_SCADA,1,"2022/10/20 12:55:00",RT_TAS1,0
D,DISPATCH,UNIT_SCADA,1,"2022/10/20 12:55:00",RT_VIC1,0
D,DISPATCH,UNIT_SCADA,1,"2022/10/20 12:55:00",RT_VIC10,0
D,DISPATCH,UNIT_SCADA,1,"2022/10/20 12:55:00",RT_VIC11,0
D,DISPATCH,UNIT_SCADA,1,"2022/10/20 12:55:00",RT_VIC12,0
D,DISPATCH,UNIT_SCADA,1,"2022/10/20 12:55:00",RT_VIC2,0
D,DISPATCH,UNIT_SCADA,1,"2022/10/20 12:55:00",RT_VIC3,0
D,DISPATCH,UNIT_SCADA,1,"2022/10/20 12:55:00",RT_VIC4,0
D,DISPATCH,UNIT_SCADA,1,"2022/10/20 12:55:00",RT_VIC5,0
D,DISPATCH,UNIT_SCADA,1,"2022/10/20 12:55:00",RT_VIC6,0
D,DISPATCH,UNIT_SCADA,1,"2022/10/20 12:55:00",RT_VIC7,0
D,DISPATCH,UNIT_SCADA,1,"2022/10/20 12:55:00",RT_VIC8,0
D,DISPATCH,UNIT_SCADA,1,"2022/10/20 12:55:00",RT_VIC9,0
D,DISPATCH,UNIT_SCADA,1,"2022/10/20 12:55:00",RUGBYR1,57.300990
D,DISPATCH,UNIT_SCADA,1,"2022/10/20 12:55:00",SALTCRK1,22.05
D,DISPATCH,UNIT_SCADA,1,"2022/10/20 12:55:00",SAPHWF1,0
D,DISPATCH,UNIT_SCADA,1,"2022/10/20 12:55:00",SEBSF1,23.387850
D,DISPATCH,UNIT_SCADA,1,"2022/10/20 12:55:00",SHGEN,0
D,DISPATCH,UNIT_SCADA,1,"2022/10/20 12:55:00",SHPUMP,0
D,DISPATCH,UNIT_SCADA,1,"2022/10/20 12:55:00",SITHE01,0.123710
D,DISPATCH,UNIT_SCADA,1,"2022/10/20 12:55:00",SMCSF1,109.71
D,DISPATCH,UNIT_SCADA,1,"2022/10/20 12:55:00",SNAPPER1,0
D,DISPATCH,UNIT_SCADA,1,"2022/10/20 12:55:00",SNOWNTH1,49.40
D,DISPATCH,UNIT_SCADA,1,"2022/10/20 12:55:00",SNOWSTH1,15.70
D,DISPATCH,UNIT_SCADA,1,"2022/10/20 12:55:00",SNOWTWN1,11.392820
D,DISPATCH,UNIT_SCADA,1,"2022/10/20 12:55:00",SNOWYP,0
D,DISPATCH,UNIT_SCADA,1,"2022/10/20 12:55:00",SNUG1,0
D,DISPATCH,UNIT_SCADA,1,"2022/10/20 12:55:00",SRSF1,18.69
D,DISPATCH,UNIT_SCADA,1,"2022/10/20 12:55:00",STAN-1,281.427610
D,DISPATCH,UNIT_SCADA,1,"2022/10/20 12:55:00",STAN-2,358.885590
D,DISPATCH,UNIT_SCADA,1,"2022/10/20 12:55:00",STAN-3,158.363920
D,DISPATCH,UNIT_SCADA,1,"2022/10/20 12:55:00",STAN-4,363.999880
D,DISPATCH,UNIT_SCADA,1,"2022/10/20 12:55:00",STARHLWF,0.01
D,DISPATCH,UNIT_SCADA,1,"2022/10/20 12:55:00",STOCKYD1,74.42
D,DISPATCH,UNIT_SCADA,1,"2022/10/20 12:55:00",STWF1,0
D,DISPATCH,UNIT_SCADA,1,"2022/10/20 12:55:00",SUNRSF1,48.162050
D,DISPATCH,UNIT_SCADA,1,"2022/10/20 12:55:00",SUNTPSF1,48.839240
D,DISPATCH,UNIT_SCADA,1,"2022/10/20 12:55:00",SWAN_E,191.218750
D,DISPATCH,UNIT_SCADA,1,"2022/10/20 12:55:00",TALWA1,0
D,DISPATCH,UNIT_SCADA,1,"2022/10/20 12:55:00",TARALGA1,0
D,DISPATCH,UNIT_SCADA,1,"2022/10/20 12:55:00",TARONG#1,344.800020
D,DISPATCH,UNIT_SCADA,1,"2022/10/20 12:55:00",TARONG#2,345.399990
D,DISPATCH,UNIT_SCADA,1,"2022/10/20 12:55:00",TARONG#3,0.90
D,DISPATCH,UNIT_SCADA,1,"2022/10/20 12:55:00",TARONG#4,285.399990
D,DISPATCH,UNIT_SCADA,1,"2022/10/20 12:55:00",TARRALEA,54
D,DISPATCH,UNIT_SCADA,1,"2022/10/20 12:55:00",TBSF1,0.10
D,DISPATCH,UNIT_SCADA,1,"2022/10/20 12:55:00",TNPS1,319.1875
D,DISPATCH,UNIT_SCADA,1,"2022/10/20 12:55:00",TORRB1,0
D,DISPATCH,UNIT_SCADA,1,"2022/10/20 12:55:00",TORRB2,40
D,DISPATCH,UNIT_SCADA,1,"2022/10/20 12:55:00",TORRB3,0
D,DISPATCH,UNIT_SCADA,1,"2022/10/20 12:55:00",TORRB4,0
D,DISPATCH,UNIT_SCADA,1,"2022/10/20 12:55:00",TREVALLN,99.007630
D,DISPATCH,UNIT_SCADA,1,"2022/10/20 12:55:00",TRIBUTE,0
D,DISPATCH,UNIT_SCADA,1,"2022/10/20 12:55:00",TUMUT3,0
D,DISPATCH,UNIT_SCADA,1,"2022/10/20 12:55:00",TUNGATIN,4.910020
D,DISPATCH,UNIT_SCADA,1,"2022/10/20 12:55:00",TVCC201,0
D,DISPATCH,UNIT_SCADA,1,"2022/10/20 12:55:00",TVPP104,0
D,DISPATCH,UNIT_SCADA,1,"2022/10/20 12:55:00",UPPTUMUT,0.695880
D,DISPATCH,UNIT_SCADA,1,"2022/10/20 12:55:00",URANQ11,0
D,DISPATCH,UNIT_SCADA,1,"2022/10/20 12:55:00",URANQ12,0
D,DISPATCH,UNIT_SCADA,1,"2022/10/20 12:55:00",URANQ13,0
D,DISPATCH,UNIT_SCADA,1,"2022/10/20 12:55:00",URANQ14,0
D,DISPATCH,UNIT_SCADA,1,"2022/10/20 12:55:00",VBBG1,0
D,DISPATCH,UNIT_SCADA,1,"2022/10/20 12:55:00",VBBL1,98.70
D,DISPATCH,UNIT_SCADA,1,"2022/10/20 12:55:00",VP5,534.000670
D,DISPATCH,UNIT_SCADA,1,"2022/10/20 12:55:00",VP6,525.894960
D,DISPATCH,UNIT_SCADA,1,"2022/10/20 12:55:00",VPGS1,0
D,DISPATCH,UNIT_SCADA,1,"2022/10/20 12:55:00",VPGS2,0
D,DISPATCH,UNIT_SCADA,1,"2022/10/20 12:55:00",VPGS3,0
D,DISPATCH,UNIT_SCADA,1,"2022/10/20 12:55:00",VPGS4,0
D,DISPATCH,UNIT_SCADA,1,"2022/10/20 12:55:00",VPGS5,0
D,DISPATCH,UNIT_SCADA,1,"2022/10/20 12:55:00",VPGS6,0
D,DISPATCH,UNIT_SCADA,1,"2022/10/20 12:55:00",W/HOE#1,0
D,DISPATCH,UNIT_SCADA,1,"2022/10/20 12:55:00",W/HOE#2,0
D,DISPATCH,UNIT_SCADA,1,"2022/10/20 12:55:00",WAGGNSF1,0
D,DISPATCH,UNIT_SCADA,1,"2022/10/20 12:55:00",WALGRVG1,0.000930
D,DISPATCH,UNIT_SCADA,1,"2022/10/20 12:55:00",WALGRVL1,0
D,DISPATCH,UNIT_SCADA,1,"2022/10/20 12:55:00",WANDBG1,0
D,DISPATCH,UNIT_SCADA,1,"2022/10/20 12:55:00",WANDBL1,0
D,DISPATCH,UNIT_SCADA,1,"2022/10/20 12:55:00",WARWSF1,16
D,DISPATCH,UNIT_SCADA,1,"2022/10/20 12:55:00",WARWSF2,15.97
D,DISPATCH,UNIT_SCADA,1,"2022/10/20 12:55:00",WATERLWF,21.90
D,DISPATCH,UNIT_SCADA,1,"2022/10/20 12:55:00",WDGPH1,79.4510
D,DISPATCH,UNIT_SCADA,1,"2022/10/20 12:55:00",WELLSF1,29.568930
D,DISPATCH,UNIT_SCADA,1,"2022/10/20 12:55:00",WEMENSF1,34.30
D,DISPATCH,UNIT_SCADA,1,"2022/10/20 12:55:00",WGWF1,64.20
D,DISPATCH,UNIT_SCADA,1,"2022/10/20 12:55:00",WHITSF1,54.40
D,DISPATCH,UNIT_SCADA,1,"2022/10/20 12:55:00",WINTSF1,83.52
D,DISPATCH,UNIT_SCADA,1,"2022/10/20 12:55:00",WKIEWA1,31.90
D,DISPATCH,UNIT_SCADA,1,"2022/10/20 12:55:00",WKIEWA2,14
D,DISPATCH,UNIT_SCADA,1,"2022/10/20 12:55:00",WOODLWN1,17.4949
D,DISPATCH,UNIT_SCADA,1,"2022/10/20 12:55:00",WOOLGSF1,36.325380
D,DISPATCH,UNIT_SCADA,1,"2022/10/20 12:55:00",WPWF,28.77
D,DISPATCH,UNIT_SCADA,1,"2022/10/20 12:55:00",WRSF1,8.829620
D,DISPATCH,UNIT_SCADA,1,"2022/10/20 12:55:00",WRWF1,0
D,DISPATCH,UNIT_SCADA,1,"2022/10/20 12:55:00",WSTWYSF1,0.370270
D,DISPATCH,UNIT_SCADA,1,"2022/10/20 12:55:00",YABULU,0
D,DISPATCH,UNIT_SCADA,1,"2022/10/20 12:55:00",YABULU2,0
D,DISPATCH,UNIT_SCADA,1,"2022/10/20 12:55:00",YARANSF1,48.44
D,DISPATCH,UNIT_SCADA,1,"2022/10/20 12:55:00",YARWUN_1,161.519990
D,DISPATCH,UNIT_SCADA,1,"2022/10/20 12:55:00",YATSF1,15.81
D,DISPATCH,UNIT_SCADA,1,"2022/10/20 12:55:00",YENDWF1,42.88
D,DISPATCH,UNIT_SCADA,1,"2022/10/20 12:55:00",YWPS1,251.625320
D,DISPATCH,UNIT_SCADA,1,"2022/10/20 12:55:00",YWPS2,251.625320
D,DISPATCH,UNIT_SCADA,1,"2022/10/20 12:55:00",YWPS3,280.068360
D,DISPATCH,UNIT_SCADA,1,"2022/10/20 12:55:00",YWPS4,0
C,"END OF REPORT",419
