C,NEMP.WORLD,DISPATCHSCADA,AEMO,PUBLIC,2022/10/20,08:00:11,0000000373239244,DISPATCHSCADA,0000000373239238
I,DISPATCH,UNIT_SCADA,1,SETTLEMENTDATE,DUID,SCADAVALUE
D,DISPATCH,UNIT_SCADA,1,"2022/10/20 08:05:00",BARCSF1,10.80
D,DISPATCH,UNIT_SCADA,1,"2022/10/20 08:05:00",BUTLERSG,8.699999
D,DISPATCH,UNIT_SCADA,1,"2022/10/20 08:05:00",CAPTL_WF,72.938614
D,DISPATCH,UNIT_SCADA,1,"2022/10/20 08:05:00",CHALLHWF,10.30
D,DISPATCH,UNIT_SCADA,1,"2022/10/20 08:05:00",CLOVER,13.31
D,DISPATCH,UNIT_SCADA,1,"2022/10/20 08:05:00",CLUNY,6.205081
D,DISPATCH,UNIT_SCADA,1,"2022/10/20 08:05:00",CULLRGWF,-0.05
D,DISPATCH,UNIT_SCADA,1,"2022/10/20 08:05:00",DIAPURWF1,7.30
D,DISPATCH,UNIT_SCADA,1,"2022/10/20 08:05:00",ERGT01,0
D,DISPATCH,UNIT_SCADA,1,"2022/10/20 08:05:00",GB01,0
D,DISPATCH,UNIT_SCADA,1,"2022/10/20 08:05:00",GERMCRK,16.200001
D,DISPATCH,UNIT_SCADA,1,"2022/10/20 08:05:00",GRIFSF1,1.701381
D,DISPATCH,UNIT_SCADA,1,"2022/10/20 08:05:00",HEZ1,0
D,DISPATCH,UNIT_SCADA,1,"2022/10/20 08:05:00",HUGSF1,10.1710
D,DISPATCH,UNIT_SCADA,1,"2022/10/20 08:05:00",KEPBG1,0.01
D,DISPATCH,UNIT_SCADA,1,"2022/10/20 08:05:00",LRSF1,6.9820
D,DISPATCH,UNIT_SCADA,1,"2022/10/20 08:05:00",MBAHNTH,45.262497
D,DISPATCH,UNIT_SCADA,1,"2022/10/20 08:05:00",MLSP1,6.546001
D,DISPATCH,UNIT_SCADA,1,"2022/10/20 08:05:00",MLWF1,4.4850
D,DISPATCH,UNIT_SCADA,1,"2022/10/20 08:05:00",PALOONA,30.01
D,DISPATCH,UNIT_SCADA,1,"2022/10/20 08:05:00",PIONEER,43.299999
D,DISPATCH,UNIT_SCADA,1,"2022/10/20 08:05:00",PORTWF,54.599998
D,DISPATCH,UNIT_SCADA,1,"2022/10/20 08:05:00",REPULSE,9.479515
D,DISPATCH,UNIT_SCADA,1,"2022/10/20 08:05:00",ROWALLAN,8.7614
D,DISPATCH,UNIT_SCADA,1,"2022/10/20 08:05:00",ROYALLA1,10.999004
D,DISPATCH,UNIT_SCADA,1,"2022/10/20 08:05:00",RPCG,-3
D,DISPATCH,UNIT_SCADA,1,"2022/10/20 08:05:00",RUBICON,0
D,DISPATCH,UNIT_SCADA,1,"2022/10/20 08:05:00",WAUBRAWF,39.717999
D,DISPATCH,UNIT_SCADA,1,"2022/10/20 08:05:00",WOOLNTH1,8.99
D,DISPATCH,UNIT_SCADA,1,"2022/10/20 08:05:00",YAMBUKWF,8.40
D,DISPATCH,UNIT_SCADA,1,"2022/10/20 08:05:00",YSWF1,0.30
D,DISPATCH,UNIT_SCADA,1,"2022/10/20 08:05:00",ADPBA1G,0.0080
D,DISPATCH,UNIT_SCADA,1,"2022/10/20 08:05:00",ADPBA1L,0
D,DISPATCH,UNIT_SCADA,1,"2022/10/20 08:05:00",ADPPV1,0.0590
D,DISPATCH,UNIT_SCADA,1,"2022/10/20 08:05:00",AGLHAL,0
D,DISPATCH,UNIT_SCADA,1,"2022/10/20 08:05:00",AGLSOM,0
D,DISPATCH,UNIT_SCADA,1,"2022/10/20 08:05:00",ANGAST1,0
D,DISPATCH,UNIT_SCADA,1,"2022/10/20 08:05:00",ARWF1,17.20
D,DISPATCH,UNIT_SCADA,1,"2022/10/20 08:05:00",BALBG1,0
D,DISPATCH,UNIT_SCADA,1,"2022/10/20 08:05:00",BALBL1,18.37
D,DISPATCH,UNIT_SCADA,1,"2022/10/20 08:05:00",BALDHWF1,1.3680
D,DISPATCH,UNIT_SCADA,1,"2022/10/20 08:05:00",BANGOWF1,24.299690
D,DISPATCH,UNIT_SCADA,1,"2022/10/20 08:05:00",BANGOWF2,25.399480
D,DISPATCH,UNIT_SCADA,1,"2022/10/20 08:05:00",BANN1,7.31
D,DISPATCH,UNIT_SCADA,1,"2022/10/20 08:05:00",BARCALDN,0
D,DISPATCH,UNIT_SCADA,1,"2022/10/20 08:05:00",BARKIPS1,0
D,DISPATCH,UNIT_SCADA,1,"2022/10/20 08:05:00",BARRON-1,28.04
D,DISPATCH,UNIT_SCADA,1,"2022/10/20 08:05:00",BARRON-2,0
D,DISPATCH,UNIT_SCADA,1,"2022/10/20 08:05:00",BASTYAN,49.88
D,DISPATCH,UNIT_SCADA,1,"2022/10/20 08:05:00",BBTHREE1,0
D,DISPATCH,UNIT_SCADA,1,"2022/10/20 08:05:00",BBTHREE2,0
D,DISPATCH,UNIT_SCADA,1,"2022/10/20 08:05:00",BBTHREE3,-1.15
D,DISPATCH,UNIT_SCADA,1,"2022/10/20 08:05:00",BDL01,0
D,DISPATCH,UNIT_SCADA,1,"2022/10/20 08:05:00",BDL02,0
D,DISPATCH,UNIT_SCADA,1,"2022/10/20 08:05:00",BERYLSF1,3.561780
D,DISPATCH,UNIT_SCADA,1,"2022/10/20 08:05:00",BLOWERNG,62.60
D,DISPATCH,UNIT_SCADA,1,"2022/10/20 08:05:00",BLUEGSF1,28.846080
D,DISPATCH,UNIT_SCADA,1,"2022/10/20 08:05:00",BLUFF1,35.30
D,DISPATCH,UNIT_SCADA,1,"2022/10/20 08:05:00",BNGSF1,71.81
D,DISPATCH,UNIT_SCADA,1,"2022/10/20 08:05:00",BNGSF2,77.05
D,DISPATCH,UNIT_SCADA,1,"2022/10/20 08:05:00",BOCORWF1,0
D,DISPATCH,UNIT_SCADA,1,"2022/10/20 08:05:00",BODWF1,99.290390
D,DISPATCH,UNIT_SCADA,1,"2022/10/20 08:05:00",BOMENSF1,29.379720
D,DISPATCH,UNIT_SCADA,1,"2022/10/20 08:05:00",BOWWBA1G,0
D,DISPATCH,UNIT_SCADA,1,"2022/10/20 08:05:00",BOWWBA1L,0.0010
D,DISPATCH,UNIT_SCADA,1,"2022/10/20 08:05:00",BOWWPV1,0.0010
D,DISPATCH,UNIT_SCADA,1,"2022/10/20 08:05:00",BRAEMAR1,0
D,DISPATCH,UNIT_SCADA,1,"2022/10/20 08:05:00",BRAEMAR2,0
D,DISPATCH,UNIT_SCADA,1,"2022/10/20 08:05:00",BRAEMAR3,0
D,DISPATCH,UNIT_SCADA,1,"2022/10/20 08:05:00",BRAEMAR5,0.292060
D,DISPATCH,UNIT_SCADA,1,"2022/10/20 08:05:00",BRAEMAR6,0
D,DISPATCH,UNIT_SCADA,1,"2022/10/20 08:05:00",BRAEMAR7,0.130920
D,DISPATCH,UNIT_SCADA,1,"2022/10/20 08:05:00",BROKENH1,4.499930
D,DISPATCH,UNIT_SCADA,1,"2022/10/20 08:05:00",BRYB1WF1,121.3550
D,DISPATCH,UNIT_SCADA,1,"2022/10/20 08:05:00",BULBESG1,0
D,DISPATCH,UNIT_SCADA,1,"2022/10/20 08:05:00",BULBESL1,0.03
D,DISPATCH,UNIT_SCADA,1,"2022/10/20 08:05:00",BULGANA1,23.19
D,DISPATCH,UNIT_SCADA,1,"2022/10/20 08:05:00",BW01,655.466550
D,DISPATCH,UNIT_SCADA,1,"2022/10/20 08:05:00",BW02,614.621220
D,DISPATCH,UNIT_SCADA,1,"2022/10/20 08:05:00",BW03,542.940430
D,DISPATCH,UNIT_SCADA,1,"2022/10/20 08:05:00",BW04,0
D,DISPATCH,UNIT_SCADA,1,"2022/10/20 08:05:00",CALL_B_1,316.899990
D,DISPATCH,UNIT_SCADA,1,"2022/10/20 08:05:00",CALL_B_2,314.600010
D,DISPATCH,UNIT_SCADA,1,"2022/10/20 08:05:00",CATHROCK,0
D,DISPATCH,UNIT_SCADA,1,"2022/10/20 08:05:00",CBWWBA1G,0
D,DISPATCH,UNIT_SCADA,1,"2022/10/20 08:05:00",CBWWBA1L,0
D,DISPATCH,UNIT_SCADA,1,"2022/10/20 08:05:00",CETHANA,97.645620
D,DISPATCH,UNIT_SCADA,1,"2022/10/20 08:05:00",CG1,0
D,DISPATCH,UNIT_SCADA,1,"2022/10/20 08:05:00",CG2,0
D,DISPATCH,UNIT_SCADA,1,"2022/10/20 08:05:00",CG3,0
D,DISPATCH,UNIT_SCADA,1,"2022/10/20 08:05:00",CG4,0
D,DISPATCH,UNIT_SCADA,1,"2022/10/20 08:05:00",CHILDSF1,10.42
D,DISPATCH,UNIT_SCADA,1,"2022/10/20 08:05:00",CHYTWF1,0
D,DISPATCH,UNIT_SCADA,1,"2022/10/20 08:05:00",CLARESF1,26.289150
D,DISPATCH,UNIT_SCADA,1,"2022/10/20 08:05:00",CLEMGPWF,11.381530
D,DISPATCH,UNIT_SCADA,1,"2022/10/20 08:05:00",CLERMSF1,23.89
D,DISPATCH,UNIT_SCADA,1,"2022/10/20 08:05:00",CNUNDAWF,23.026860
D,DISPATCH,UNIT_SCADA,1,"2022/10/20 08:05:00",COHUNSF1,2.57
D,DISPATCH,UNIT_SCADA,1,"2022/10/20 08:05:00",COLEASF1,60.799950
D,DISPATCH,UNIT_SCADA,1,"2022/10/20 08:05:00",COLUMSF1,17.1820
D,DISPATCH,UNIT_SCADA,1,"2022/10/20 08:05:00",COLWF01,142.098110
D,DISPATCH,UNIT_SCADA,1,"2022/10/20 08:05:00",COOPGWF1,345.929990
D,DISPATCH,UNIT_SCADA,1,"2022/10/20 08:05:00",CPP_3,355.850010
D,DISPATCH,UNIT_SCADA,1,"2022/10/20 08:05:00",CPP_4,0
D,DISPATCH,UNIT_SCADA,1,"2022/10/20 08:05:00",CPSA,0
D,DISPATCH,UNIT_SCADA,1,"2022/10/20 08:05:00",CROOKWF2,42.193640
D,DISPATCH,UNIT_SCADA,1,"2022/10/20 08:05:00",CROWLWF1,30.654460
D,DISPATCH,UNIT_SCADA,1,"2022/10/20 08:05:00",CRURWF1,68.498590
D,DISPATCH,UNIT_SCADA,1,"2022/10/20 08:05:00",CRWASF1,20.0151
D,DISPATCH,UNIT_SCADA,1,"2022/10/20 08:05:00",CSPVPS1,13.4930
D,DISPATCH,UNIT_SCADA,1,"2022/10/20 08:05:00",CTHLWF1,0.003050
D,DISPATCH,UNIT_SCADA,1,"2022/10/20 08:05:00",DALNTH01,0
D,DISPATCH,UNIT_SCADA,1,"2022/10/20 08:05:00",DALNTHL1,0.086980
D,DISPATCH,UNIT_SCADA,1,"2022/10/20 08:05:00",DARLSF1,131.089580
D,DISPATCH,UNIT_SCADA,1,"2022/10/20 08:05:00",DARTM1,0
D,DISPATCH,UNIT_SCADA,1,"2022/10/20 08:05:00",DAYDSF1,92.4260
D,DISPATCH,UNIT_SCADA,1,"2022/10/20 08:05:00",DDPS1,0
D,DISPATCH,UNIT_SCADA,1,"2022/10/20 08:05:00",DDSF1,7.820030
D,DISPATCH,UNIT_SCADA,1,"2022/10/20 08:05:00",DEVILS_G,57.758110
D,DISPATCH,UNIT_SCADA,1,"2022/10/20 08:05:00",DG_NSW1,0
D,DISPATCH,UNIT_SCADA,1,"2022/10/20 08:05:00",DG_QLD1,0
D,DISPATCH,UNIT_SCADA,1,"2022/10/20 08:05:00",DG_SA1,0
D,DISPATCH,UNIT_SCADA,1,"2022/10/20 08:05:00",DG_TAS1,0
D,DISPATCH,UNIT_SCADA,1,"2022/10/20 08:05:00",DG_VIC1,0
D,DISPATCH,UNIT_SCADA,1,"2022/10/20 08:05:00",DRYCGT1,0
D,DISPATCH,UNIT_SCADA,1,"2022/10/20 08:05:00",DRYCGT2,0
D,DISPATCH,UNIT_SCADA,1,"2022/10/20 08:05:00",DRYCGT3,0
D,DISPATCH,UNIT_SCADA,1,"2022/10/20 08:05:00",DUNDWF1,80.92
D,DISPATCH,UNIT_SCADA,1,"2022/10/20 08:05:00",DUNDWF2,24.49
D,DISPATCH,UNIT_SCADA,1,"2022/10/20 08:05:00",DUNDWF3,70.27
D,DISPATCH,UNIT_SCADA,1,"2022/10/20 08:05:00",EILDON1,60
D,DISPATCH,UNIT_SCADA,1,"2022/10/20 08:05:00",EILDON2,60.04
D,DISPATCH,UNIT_SCADA,1,"2022/10/20 08:05:00",ELAINWF1,9.86
D,DISPATCH,UNIT_SCADA,1,"2022/10/20 08:05:00",EMERASF1,0
D,DISPATCH,UNIT_SCADA,1,"2022/10/20 08:05:00",ER01,0
D,DISPATCH,UNIT_SCADA,1,"2022/10/20 08:05:00",ER02,610.153380
D,DISPATCH,UNIT_SCADA,1,"2022/10/20 08:05:00",ER03,610.373110
D,DISPATCH,UNIT_SCADA,1,"2022/10/20 08:05:00",ER04,614.2550
D,DISPATCH,UNIT_SCADA,1,"2022/10/20 08:05:00",FINLYSF1,127.6173
D,DISPATCH,UNIT_SCADA,1,"2022/10/20 08:05:00",FISHER,45.87
D,DISPATCH,UNIT_SCADA,1,"2022/10/20 08:05:00",GANGARR1,23.37
D,DISPATCH,UNIT_SCADA,1,"2022/10/20 08:05:00",GANNBG1,0
D,DISPATCH,UNIT_SCADA,1,"2022/10/20 08:05:00",GANNBL1,0.412390
D,DISPATCH,UNIT_SCADA,1,"2022/10/20 08:05:00",GANNSF1,38.50
D,DISPATCH,UNIT_SCADA,1,"2022/10/20 08:05:00",GLRWNSF1,110.03
D,DISPATCH,UNIT_SCADA,1,"2022/10/20 08:05:00",GNNDHSF1,24.439690
D,DISPATCH,UNIT_SCADA,1,"2022/10/20 08:05:00",GOONSF1,28.746780
D,DISPATCH,UNIT_SCADA,1,"2022/10/20 08:05:00",GORDON,237.540280
D,DISPATCH,UNIT_SCADA,1,"2022/10/20 08:05:00",GRANWF1,12.13
D,DISPATCH,UNIT_SCADA,1,"2022/10/20 08:05:00",GSTONE1,193.724990
D,DISPATCH,UNIT_SCADA,1,"2022/10/20 08:05:00",GSTONE2,0
D,DISPATCH,UNIT_SCADA,1,"2022/10/20 08:05:00",GSTONE3,193.899990
D,DISPATCH,UNIT_SCADA,1,"2022/10/20 08:05:00",GSTONE4,0
D,DISPATCH,UNIT_SCADA,1,"2022/10/20 08:05:00",GSTONE5,193.55
D,DISPATCH,UNIT_SCADA,1,"2022/10/20 08:05:00",GSTONE6,193.3750
D,DISPATCH,UNIT_SCADA,1,"2022/10/20 08:05:00",GULLRSF1,1.194980
D,DISPATCH,UNIT_SCADA,1,"2022/10/20 08:05:00",GULLRWF1,71.083920
D,DISPATCH,UNIT_SCADA,1,"2022/10/20 08:05:00",GULLRWF2,85.6312
D,DISPATCH,UNIT_SCADA,1,"2022/10/20 08:05:00",GUNNING1,0
D,DISPATCH,UNIT_SCADA,1,"2022/10/20 08:05:00",GUTHEGA,67.40
D,DISPATCH,UNIT_SCADA,1,"2022/10/20 08:05:00",HALLWF1,54.76
D,DISPATCH,UNIT_SCADA,1,"2022/10/20 08:05:00",HALLWF2,43.81
D,DISPATCH,UNIT_SCADA,1,"2022/10/20 08:05:00",HAMISF1,39.90
D,DISPATCH,UNIT_SCADA,1,"2022/10/20 08:05:00",HAUGHT11,13.112320
D,DISPATCH,UNIT_SCADA,1,"2022/10/20 08:05:00",HAYMSF1,47.2010
D,DISPATCH,UNIT_SCADA,1,"2022/10/20 08:05:00",HDWF1,60.70
D,DISPATCH,UNIT_SCADA,1,"2022/10/20 08:05:00",HDWF2,17.20
D,DISPATCH,UNIT_SCADA,1,"2022/10/20 08:05:00",HDWF3,52.70
D,DISPATCH,UNIT_SCADA,1,"2022/10/20 08:05:00",HILLSTN1,10.510340
D,DISPATCH,UNIT_SCADA,1,"2022/10/20 08:05:00",HPRG1,0
D,DISPATCH,UNIT_SCADA,1,"2022/10/20 08:05:00",HPRL1,9.60
D,DISPATCH,UNIT_SCADA,1,"2022/10/20 08:05:00",HUMENSW,54.961270
D,DISPATCH,UNIT_SCADA,1,"2022/10/20 08:05:00",HUMEV,0
D,DISPATCH,UNIT_SCADA,1,"2022/10/20 08:05:00",HVWWBA1G,0
D,DISPATCH,UNIT_SCADA,1,"2022/10/20 08:05:00",HVWWBA1L,0.0070
D,DISPATCH,UNIT_SCADA,1,"2022/10/20 08:05:00",HVWWPV1,0.0170
D,DISPATCH,UNIT_SCADA,1,"2022/10/20 08:05:00",JBUTTERS,0
D,DISPATCH,UNIT_SCADA,1,"2022/10/20 08:05:00",JEMALNG1,10.40
D,DISPATCH,UNIT_SCADA,1,"2022/10/20 08:05:00",JLA01,0
D,DISPATCH,UNIT_SCADA,1,"2022/10/20 08:05:00",JLA02,0
D,DISPATCH,UNIT_SCADA,1,"2022/10/20 08:05:00",JLA03,0
D,DISPATCH,UNIT_SCADA,1,"2022/10/20 08:05:00",JLA04,0
D,DISPATCH,UNIT_SCADA,1,"2022/10/20 08:05:00",JLB01,0
D,DISPATCH,UNIT_SCADA,1,"2022/10/20 08:05:00",JLB02,0.10
D,DISPATCH,UNIT_SCADA,1,"2022/10/20 08:05:00",JLB03,0
D,DISPATCH,UNIT_SCADA,1,"2022/10/20 08:05:00",JUNEESF1,2.580350
D,DISPATCH,UNIT_SCADA,1,"2022/10/20 08:05:00",KABANWF1,0.0370
D,DISPATCH,UNIT_SCADA,1,"2022/10/20 08:05:00",KAREEYA1,0
D,DISPATCH,UNIT_SCADA,1,"2022/10/20 08:05:00",KAREEYA2,0
D,DISPATCH,UNIT_SCADA,1,"2022/10/20 08:05:00",KAREEYA3,4.7625
D,DISPATCH,UNIT_SCADA,1,"2022/10/20 08:05:00",KAREEYA4,0
D,DISPATCH,UNIT_SCADA,1,"2022/10/20 08:05:00",KARSF1,15.10
D,DISPATCH,UNIT_SCADA,1,"2022/10/20 08:05:00",KEPSF1,3.33
D,DISPATCH,UNIT_SCADA,1,"2022/10/20 08:05:00",KEPWF1,0
D,DISPATCH,UNIT_SCADA,1,"2022/10/20 08:05:00",KIAMSF1,3.345540
D,DISPATCH,UNIT_SCADA,1,"2022/10/20 08:05:00",KIATAWF1,20.70
D,DISPATCH,UNIT_SCADA,1,"2022/10/20 08:05:00",KPP_1,0
D,DISPATCH,UNIT_SCADA,1,"2022/10/20 08:05:00",KSP1,45.39
D,DISPATCH,UNIT_SCADA,1,"2022/10/20 08:05:00",LADBROK1,0.01
D,DISPATCH,UNIT_SCADA,1,"2022/10/20 08:05:00",LADBROK2,37.61
D,DISPATCH,UNIT_SCADA,1,"2022/10/20 08:05:00",LBBG1,0
D,DISPATCH,UNIT_SCADA,1,"2022/10/20 08:05:00",LBBL1,11.25
D,DISPATCH,UNIT_SCADA,1,"2022/10/20 08:05:00",LD01,318.686490
D,DISPATCH,UNIT_SCADA,1,"2022/10/20 08:05:00",LD02,0
D,DISPATCH,UNIT_SCADA,1,"2022/10/20 08:05:00",LD04,317.276520
D,DISPATCH,UNIT_SCADA,1,"2022/10/20 08:05:00",LEM_WIL,86.777310
D,DISPATCH,UNIT_SCADA,1,"2022/10/20 08:05:00",LGAPWF1,30.40
D,DISPATCH,UNIT_SCADA,1,"2022/10/20 08:05:00",LGAPWF2,21.88
D,DISPATCH,UNIT_SCADA,1,"2022/10/20 08:05:00",LILYSF1,7.3728
D,DISPATCH,UNIT_SCADA,1,"2022/10/20 08:05:00",LIMOSF11,12.271460
D,DISPATCH,UNIT_SCADA,1,"2022/10/20 08:05:00",LIMOSF21,0.919540
D,DISPATCH,UNIT_SCADA,1,"2022/10/20 08:05:00",LI_WY_CA,76.435780
D,DISPATCH,UNIT_SCADA,1,"2022/10/20 08:05:00",LKBONNY1,0
D,DISPATCH,UNIT_SCADA,1,"2022/10/20 08:05:00",LKBONNY2,0
D,DISPATCH,UNIT_SCADA,1,"2022/10/20 08:05:00",LKBONNY3,0
D,DISPATCH,UNIT_SCADA,1,"2022/10/20 08:05:00",LK_ECHO,0
D,DISPATCH,UNIT_SCADA,1,"2022/10/20 08:05:00",LNGS1,0
D,DISPATCH,UNIT_SCADA,1,"2022/10/20 08:05:00",LNGS2,0
D,DISPATCH,UNIT_SCADA,1,"2022/10/20 08:05:00",LONSDALE,0
D,DISPATCH,UNIT_SCADA,1,"2022/10/20 08:05:00",LOYYB1,516.163270
D,DISPATCH,UNIT_SCADA,1,"2022/10/20 08:05:00",LOYYB2,518.043030
D,DISPATCH,UNIT_SCADA,1,"2022/10/20 08:05:00",LYA1,541
D,DISPATCH,UNIT_SCADA,1,"2022/10/20 08:05:00",LYA2,0
D,DISPATCH,UNIT_SCADA,1,"2022/10/20 08:05:00",LYA3,541
D,DISPATCH,UNIT_SCADA,1,"2022/10/20 08:05:00",LYA4,541
D,DISPATCH,UNIT_SCADA,1,"2022/10/20 08:05:00",MACARTH1,15.699640
D,DISPATCH,UNIT_SCADA,1,"2022/10/20 08:05:00",MACKNTSH,0
D,DISPATCH,UNIT_SCADA,1,"2022/10/20 08:05:00",MANSLR1,2.3490
D,DISPATCH,UNIT_SCADA,1,"2022/10/20 08:05:00",MAPS2PV1,0
D,DISPATCH,UNIT_SCADA,1,"2022/10/20 08:05:00",MAPS3PV1,0
D,DISPATCH,UNIT_SCADA,1,"2022/10/20 08:05:00",MARYRSF1,15.77
D,DISPATCH,UNIT_SCADA,1,"2022/10/20 08:05:00",MBPS2PV1,0
D,DISPATCH,UNIT_SCADA,1,"2022/10/20 08:05:00",MCKAY1,0.02
D,DISPATCH,UNIT_SCADA,1,"2022/10/20 08:05:00",MEADOWBK,19.691620
D,DISPATCH,UNIT_SCADA,1,"2022/10/20 08:05:00",MERCER01,20.20
D,DISPATCH,UNIT_SCADA,1,"2022/10/20 08:05:00",METZSF1,10.162850
D,DISPATCH,UNIT_SCADA,1,"2022/10/20 08:05:00",MEWF1,0
D,DISPATCH,UNIT_SCADA,1,"2022/10/20 08:05:00",MIDDLSF1,5.03
D,DISPATCH,UNIT_SCADA,1,"2022/10/20 08:05:00",MINTARO,0.128180
D,DISPATCH,UNIT_SCADA,1,"2022/10/20 08:05:00",MOLNGSF1,2.122840
D,DISPATCH,UNIT_SCADA,1,"2022/10/20 08:05:00",MOORAWF1,21.17
D,DISPATCH,UNIT_SCADA,1,"2022/10/20 08:05:00",MOREESF1,0.5920
D,DISPATCH,UNIT_SCADA,1,"2022/10/20 08:05:00",MORTLK11,0
D,DISPATCH,UNIT_SCADA,1,"2022/10/20 08:05:00",MORTLK12,0
D,DISPATCH,UNIT_SCADA,1,"2022/10/20 08:05:00",MOUSF1,0
D,DISPATCH,UNIT_SCADA,1,"2022/10/20 08:05:00",MP1,0
D,DISPATCH,UNIT_SCADA,1,"2022/10/20 08:05:00",MP2,343.645390
D,DISPATCH,UNIT_SCADA,1,"2022/10/20 08:05:00",MPP_1,178.121810
D,DISPATCH,UNIT_SCADA,1,"2022/10/20 08:05:00",MPP_2,81.606740
D,DISPATCH,UNIT_SCADA,1,"2022/10/20 08:05:00",MRTLSWF1,0
D,DISPATCH,UNIT_SCADA,1,"2022/10/20 08:05:00",MSTUART1,0
D,DISPATCH,UNIT_SCADA,1,"2022/10/20 08:05:00",MSTUART2,0
D,DISPATCH,UNIT_SCADA,1,"2022/10/20 08:05:00",MSTUART3,0
D,DISPATCH,UNIT_SCADA,1,"2022/10/20 08:05:00",MTGELWF1,47.392190
D,DISPATCH,UNIT_SCADA,1,"2022/10/20 08:05:00",MTMILLAR,1.40
D,DISPATCH,UNIT_SCADA,1,"2022/10/20 08:05:00",MURRAY,0
D,DISPATCH,UNIT_SCADA,1,"2022/10/20 08:05:00",MUSSELR1,79.50
D,DISPATCH,UNIT_SCADA,1,"2022/10/20 08:05:00",MUWAWF1,123.09
D,DISPATCH,UNIT_SCADA,1,"2022/10/20 08:05:00",MUWAWF2,127.40
D,DISPATCH,UNIT_SCADA,1,"2022/10/20 08:05:00",MWPS1PV1,0.13
D,DISPATCH,UNIT_SCADA,1,"2022/10/20 08:05:00",MWPS2PV1,0
D,DISPATCH,UNIT_SCADA,1,"2022/10/20 08:05:00",MWPS3PV1,0.04
D,DISPATCH,UNIT_SCADA,1,"2022/10/20 08:05:00",MWPS4PV1,0.01
D,DISPATCH,UNIT_SCADA,1,"2022/10/20 08:05:00",NBHWF1,91.600010
D,DISPATCH,UNIT_SCADA,1,"2022/10/20 08:05:00",NEVERSF1,1.91
D,DISPATCH,UNIT_SCADA,1,"2022/10/20 08:05:00",NPS,0
D,DISPATCH,UNIT_SCADA,1,"2022/10/20 08:05:00",NUMURSF1,89.32
D,DISPATCH,UNIT_SCADA,1,"2022/10/20 08:05:00",NYNGAN1,8
D,DISPATCH,UNIT_SCADA,1,"2022/10/20 08:05:00",OAKEY1,0
D,DISPATCH,UNIT_SCADA,1,"2022/10/20 08:05:00",OAKEY1SF,3.9910
D,DISPATCH,UNIT_SCADA,1,"2022/10/20 08:05:00",OAKEY2,0
D,DISPATCH,UNIT_SCADA,1,"2022/10/20 08:05:00",OAKEY2SF,6.12
D,DISPATCH,UNIT_SCADA,1,"2022/10/20 08:05:00",OAKLAND1,3
D,DISPATCH,UNIT_SCADA,1,"2022/10/20 08:05:00",OSB-AG,0
D,DISPATCH,UNIT_SCADA,1,"2022/10/20 08:05:00",PAREPS1,0.0660
D,DISPATCH,UNIT_SCADA,1,"2022/10/20 08:05:00",PAREPW1,122.13
D,DISPATCH,UNIT_SCADA,1,"2022/10/20 08:05:00",PARSF1,20.100710
D,DISPATCH,UNIT_SCADA,1,"2022/10/20 08:05:00",POAT110,0
D,DISPATCH,UNIT_SCADA,1,"2022/10/20 08:05:00",POAT220,0
D,DISPATCH,UNIT_SCADA,1,"2022/10/20 08:05:00",POR01,0
D,DISPATCH,UNIT_SCADA,1,"2022/10/20 08:05:00",POR03,0
D,DISPATCH,UNIT_SCADA,1,"2022/10/20 08:05:00",PPCCGT,170.196610
D,DISPATCH,UNIT_SCADA,1,"2022/10/20 08:05:00",PTSTAN1,0
D,DISPATCH,UNIT_SCADA,1,"2022/10/20 08:05:00",PUMP1,0
D,DISPATCH,UNIT_SCADA,1,"2022/10/20 08:05:00",PUMP2,0
D,DISPATCH,UNIT_SCADA,1,"2022/10/20 08:05:00",QBYNBG1,0.0025
D,DISPATCH,UNIT_SCADA,1,"2022/10/20 08:05:00",QBYNBL1,0
D,DISPATCH,UNIT_SCADA,1,"2022/10/20 08:05:00",QPS1,0
D,DISPATCH,UNIT_SCADA,1,"2022/10/20 08:05:00",QPS2,0
D,DISPATCH,UNIT_SCADA,1,"2022/10/20 08:05:00",QPS3,0
D,DISPATCH,UNIT_SCADA,1,"2022/10/20 08:05:00",QPS4,0
D,DISPATCH,UNIT_SCADA,1,"2022/10/20 08:05:00",QPS5,73.73
D,DISPATCH,UNIT_SCADA,1,"2022/10/20 08:05:00",REECE1,44.090950
D,DISPATCH,UNIT_SCADA,1,"2022/10/20 08:05:00",REECE2,33.54
D,DISPATCH,UNIT_SCADA,1,"2022/10/20 08:05:00",ROMA_7,0
D,DISPATCH,UNIT_SCADA,1,"2022/10/20 08:05:00",ROMA_8,0
D,DISPATCH,UNIT_SCADA,1,"2022/10/20 08:05:00",RRSF1,103.511630
D,DISPATCH,UNIT_SCADA,1,"2022/10/20 08:05:00",RT_NSW1,0
D,DISPATCH,UNIT_SCADA,1,"2022/10/20 08:05:00",RT_NSW2,0
D,DISPATCH,UNIT_SCADA,1,"2022/10/20 08:05:00",RT_NSW3,0
D,DISPATCH,UNIT_SCADA,1,"2022/10/20 08:05:00",RT_NSW4,0
D,DISPATCH,UNIT_SCADA,1,"2022/10/20 08:05:00",RT_NSW5,0
D,DISPATCH,UNIT_SCADA,1,"2022/10/20 08:05:00",RT_NSW6,0
D,DISPATCH,UNIT_SCADA,1,"2022/10/20 08:05:00",RT_QLD1,0
D,DISPATCH,UNIT_SCADA,1,"2022/10/20 08:05:00",RT_SA1,0
D,DISPATCH,UNIT_SCADA,1,"2022/10/20 08:05:00",RT_SA2,0
D,DISPATCH,UNIT_SCADA,1,"2022/10/20 08:05:00",RT_SA3,0
D,DISPATCH,UNIT_SCADA,1,"2022/10/20 08:05:00",RT_SA4,0
D,DISPATCH,UNIT_SCADA,1,"2022/10/20 08:05:00",RT_SA5,0
D,DISPATCH,UNIT_SCADA,1,"2022/10/20 08:05:00",RT_SA6,0
D,DISPATCH,UNIT_SCADA,1,"2022/10/20 08:05:00",RT_TAS1,0
D,DISPATCH,UNIT_SCADA,1,"2022/10/20 08:05:00",RT_VIC1,0
D,DISPATCH,UNIT_SCADA,1,"2022/10/20 08:05:00",RT_VIC10,0
D,DISPATCH,UNIT_SCADA,1,"2022/10/20 08:05:00",RT_VIC11,0
D,DISPATCH,UNIT_SCADA,1,"2022/10/20 08:05:00",RT_VIC12,0
D,DISPATCH,UNIT_SCADA,1,"2022/10/20 08:05:00",RT_VIC2,0
D,DISPATCH,UNIT_SCADA,1,"2022/10/20 08:05:00",RT_VIC3,0
D,DISPATCH,UNIT_SCADA,1,"2022/10/20 08:05:00",RT_VIC4,0
D,DISPATCH,UNIT_SCADA,1,"2022/10/20 08:05:00",RT_VIC5,0
D,DISPATCH,UNIT_SCADA,1,"2022/10/20 08:05:00",RT_VIC6,0
D,DISPATCH,UNIT_SCADA,1,"2022/10/20 08:05:00",RT_VIC7,0
D,DISPATCH,UNIT_SCADA,1,"2022/10/20 08:05:00",RT_VIC8,0
D,DISPATCH,UNIT_SCADA,1,"2022/10/20 08:05:00",RT_VIC9,0
D,DISPATCH,UNIT_SCADA,1,"2022/10/20 08:05:00",RUGBYR1,1.748670
D,DISPATCH,UNIT_SCADA,1,"2022/10/20 08:05:00",SALTCRK1,21.19
D,DISPATCH,UNIT_SCADA,1,"2022/10/20 08:05:00",SAPHWF1,130.579090
D,DISPATCH,UNIT_SCADA,1,"2022/10/20 08:05:00",SEBSF1,18.309970
D,DISPATCH,UNIT_SCADA,1,"2022/10/20 08:05:00",SHGEN,80.850730
D,DISPATCH,UNIT_SCADA,1,"2022/10/20 08:05:00",SHPUMP,0
D,DISPATCH,UNIT_SCADA,1,"2022/10/20 08:05:00",SITHE01,0.173950
D,DISPATCH,UNIT_SCADA,1,"2022/10/20 08:05:00",SMCSF1,26.1360
D,DISPATCH,UNIT_SCADA,1,"2022/10/20 08:05:00",SNAPPER1,0
D,DISPATCH,UNIT_SCADA,1,"2022/10/20 08:05:00",SNOWNTH1,127.100010
D,DISPATCH,UNIT_SCADA,1,"2022/10/20 08:05:00",SNOWSTH1,110.000010
D,DISPATCH,UNIT_SCADA,1,"2022/10/20 08:05:00",SNOWTWN1,0
D,DISPATCH,UNIT_SCADA,1,"2022/10/20 08:05:00",SNOWYP,0
D,DISPATCH,UNIT_SCADA,1,"2022/10/20 08:05:00",SNUG1,0
D,DISPATCH,UNIT_SCADA,1,"2022/10/20 08:05:00",SRSF1,4.35
D,DISPATCH,UNIT_SCADA,1,"2022/10/20 08:05:00",STAN-1,279.479310
D,DISPATCH,UNIT_SCADA,1,"2022/10/20 08:05:00",STAN-2,362.436130
D,DISPATCH,UNIT_SCADA,1,"2022/10/20 08:05:00",STAN-3,155.121020
D,DISPATCH,UNIT_SCADA,1,"2022/10/20 08:05:00",STAN-4,364.704860
D,DISPATCH,UNIT_SCADA,1,"2022/10/20 08:05:00",STARHLWF,0.01
D,DISPATCH,UNIT_SCADA,1,"2022/10/20 08:05:00",STOCKYD1,123.15
D,DISPATCH,UNIT_SCADA,1,"2022/10/20 08:05:00",STWF1,29.482260
D,DISPATCH,UNIT_SCADA,1,"2022/10/20 08:05:00",SUNRSF1,5.854890
D,DISPATCH,UNIT_SCADA,1,"2022/10/20 08:05:00",SUNTPSF1,14.829940
D,DISPATCH,UNIT_SCADA,1,"2022/10/20 08:05:00",SWAN_E,195.405620
D,DISPATCH,UNIT_SCADA,1,"2022/10/20 08:05:00",TALWA1,0
D,DISPATCH,UNIT_SCADA,1,"2022/10/20 08:05:00",TARALGA1,0
D,DISPATCH,UNIT_SCADA,1,"2022/10/20 08:05:00",TARONG#1,347.800020
D,DISPATCH,UNIT_SCADA,1,"2022/10/20 08:05:00",TARONG#2,347
D,DISPATCH,UNIT_SCADA,1,"2022/10/20 08:05:00",TARONG#3,0.90
D,DISPATCH,UNIT_SCADA,1,"2022/10/20 08:05:00",TARONG#4,292.700010
D,DISPATCH,UNIT_SCADA,1,"2022/10/20 08:05:00",TARRALEA,54
D,DISPATCH,UNIT_SCADA,1,"2022/10/20 08:05:00",TBSF1,14.10
D,DISPATCH,UNIT_SCADA,1,"2022/10/20 08:05:00",TNPS1,439
D,DISPATCH,UNIT_SCADA,1,"2022/10/20 08:05:00",TORRB1,0
D,DISPATCH,UNIT_SCADA,1,"2022/10/20 08:05:00",TORRB2,40
D,DISPATCH,UNIT_SCADA,1,"2022/10/20 08:05:00",TORRB3,0
D,DISPATCH,UNIT_SCADA,1,"2022/10/20 08:05:00",TORRB4,0
D,DISPATCH,UNIT_SCADA,1,"2022/10/20 08:05:00",TREVALLN,98.0526
D,DISPATCH,UNIT_SCADA,1,"2022/10/20 08:05:00",TRIBUTE,0
D,DISPATCH,UNIT_SCADA,1,"2022/10/20 08:05:00",TUMUT3,0
D,DISPATCH,UNIT_SCADA,1,"2022/10/20 08:05:00",TUNGATIN,5.500020
D,DISPATCH,UNIT_SCADA,1,"2022/10/20 08:05:00",TVCC201,0
D,DISPATCH,UNIT_SCADA,1,"2022/10/20 08:05:00",TVPP104,39.970660
D,DISPATCH,UNIT_SCADA,1,"2022/10/20 08:05:00",UPPTUMUT,28.149590
D,DISPATCH,UNIT_SCADA,1,"2022/10/20 08:05:00",URANQ11,0
D,DISPATCH,UNIT_SCADA,1,"2022/10/20 08:05:00",URANQ12,0
D,DISPATCH,UNIT_SCADA,1,"2022/10/20 08:05:00",URANQ13,0
D,DISPATCH,UNIT_SCADA,1,"2022/10/20 08:05:00",URANQ14,0
D,DISPATCH,UNIT_SCADA,1,"2022/10/20 08:05:00",VBBG1,0
D,DISPATCH,UNIT_SCADA,1,"2022/10/20 08:05:00",VBBL1,4.60
D,DISPATCH,UNIT_SCADA,1,"2022/10/20 08:05:00",VP5,507.925660
D,DISPATCH,UNIT_SCADA,1,"2022/10/20 08:05:00",VP6,508.120970
D,DISPATCH,UNIT_SCADA,1,"2022/10/20 08:05:00",VPGS1,0
D,DISPATCH,UNIT_SCADA,1,"2022/10/20 08:05:00",VPGS2,0
D,DISPATCH,UNIT_SCADA,1,"2022/10/20 08:05:00",VPGS3,0
D,DISPATCH,UNIT_SCADA,1,"2022/10/20 08:05:00",VPGS4,0
D,DISPATCH,UNIT_SCADA,1,"2022/10/20 08:05:00",VPGS5,0
D,DISPATCH,UNIT_SCADA,1,"2022/10/20 08:05:00",VPGS6,0
D,DISPATCH,UNIT_SCADA,1,"2022/10/20 08:05:00",W/HOE#1,0
D,DISPATCH,UNIT_SCADA,1,"2022/10/20 08:05:00",W/HOE#2,0
D,DISPATCH,UNIT_SCADA,1,"2022/10/20 08:05:00",WAGGNSF1,0
D,DISPATCH,UNIT_SCADA,1,"2022/10/20 08:05:00",WALGRVG1,0
D,DISPATCH,UNIT_SCADA,1,"2022/10/20 08:05:00",WALGRVL1,12.017560
D,DISPATCH,UNIT_SCADA,1,"2022/10/20 08:05:00",WANDBG1,0
D,DISPATCH,UNIT_SCADA,1,"2022/10/20 08:05:00",WANDBL1,29.600770
D,DISPATCH,UNIT_SCADA,1,"2022/10/20 08:05:00",WARWSF1,15.98
D,DISPATCH,UNIT_SCADA,1,"2022/10/20 08:05:00",WARWSF2,16
D,DISPATCH,UNIT_SCADA,1,"2022/10/20 08:05:00",WATERLWF,87.30
D,DISPATCH,UNIT_SCADA,1,"2022/10/20 08:05:00",WDGPH1,15.0680
D,DISPATCH,UNIT_SCADA,1,"2022/10/20 08:05:00",WELLSF1,20.633250
D,DISPATCH,UNIT_SCADA,1,"2022/10/20 08:05:00",WEMENSF1,13.20
D,DISPATCH,UNIT_SCADA,1,"2022/10/20 08:05:00",WGWF1,102.70
D,DISPATCH,UNIT_SCADA,1,"2022/10/20 08:05:00",WHITSF1,49.70
D,DISPATCH,UNIT_SCADA,1,"2022/10/20 08:05:00",WINTSF1,81.28
D,DISPATCH,UNIT_SCADA,1,"2022/10/20 08:05:00",WKIEWA1,33.70
D,DISPATCH,UNIT_SCADA,1,"2022/10/20 08:05:00",WKIEWA2,33.80
D,DISPATCH,UNIT_SCADA,1,"2022/10/20 08:05:00",WOODLWN1,25.923730
D,DISPATCH,UNIT_SCADA,1,"2022/10/20 08:05:00",WOOLGSF1,6.3616
D,DISPATCH,UNIT_SCADA,1,"2022/10/20 08:05:00",WPWF,37.93
D,DISPATCH,UNIT_SCADA,1,"2022/10/20 08:05:00",WRSF1,0.6299
D,DISPATCH,UNIT_SCADA,1,"2022/10/20 08:05:00",WRWF1,22.677960
D,DISPATCH,UNIT_SCADA,1,"2022/10/20 08:05:00",WSTWYSF1,0
D,DISPATCH,UNIT_SCADA,1,"2022/10/20 08:05:00",YABULU,0
D,DISPATCH,UNIT_SCADA,1,"2022/10/20 08:05:00",YABULU2,0
D,DISPATCH,UNIT_SCADA,1,"2022/10/20 08:05:00",YARANSF1,57.06
D,DISPATCH,UNIT_SCADA,1,"2022/10/20 08:05:00",YARWUN_1,129.75
D,DISPATCH,UNIT_SCADA,1,"2022/10/20 08:05:00",YATSF1,15.65
D,DISPATCH,UNIT_SCADA,1,"2022/10/20 08:05:00",YENDWF1,15.50
D,DISPATCH,UNIT_SCADA,1,"2022/10/20 08:05:00",YWPS1,363.156950
D,DISPATCH,UNIT_SCADA,1,"2022/10/20 08:05:00",YWPS2,288.217710
D,DISPATCH,UNIT_SCADA,1,"2022/10/20 08:05:00",YWPS3,356.565830
D,DISPATCH,UNIT_SCADA,1,"2022/10/20 08:05:00",YWPS4,0
C,"END OF REPORT",419
