C,NEMP.WORLD,DISPATCHSCADA,AEMO,PUBLIC,2022/10/20,09:10:09,0000000373243043,DISPATCHSCADA,0000000373243037
I,DISPATCH,UNIT_SCADA,1,SETTLEMENTDATE,DUID,SCADAVALUE
D,DISPATCH,UNIT_SCADA,1,"2022/10/20 09:15:00",BARCSF1,10.900001
D,DISPATCH,UNIT_SCADA,1,"2022/10/20 09:15:00",BUTLERSG,8.699999
D,DISPATCH,UNIT_SCADA,1,"2022/10/20 09:15:00",CAPTL_WF,45.938202
D,DISPATCH,UNIT_SCADA,1,"2022/10/20 09:15:00",CHALLHWF,3.70
D,DISPATCH,UNIT_SCADA,1,"2022/10/20 09:15:00",CLOVER,13.23
D,DISPATCH,UNIT_SCADA,1,"2022/10/20 09:15:00",CLUNY,6.152895
D,DISPATCH,UNIT_SCADA,1,"2022/10/20 09:15:00",CULLRGWF,-0.02
D,DISPATCH,UNIT_SCADA,1,"2022/10/20 09:15:00",DIAPURWF1,3.80
D,DISPATCH,UNIT_SCADA,1,"2022/10/20 09:15:00",ERGT01,0
D,DISPATCH,UNIT_SCADA,1,"2022/10/20 09:15:00",GB01,0
D,DISPATCH,UNIT_SCADA,1,"2022/10/20 09:15:00",GERMCRK,19.200001
D,DISPATCH,UNIT_SCADA,1,"2022/10/20 09:15:00",GRIFSF1,2.500954
D,DISPATCH,UNIT_SCADA,1,"2022/10/20 09:15:00",HEZ1,0
D,DISPATCH,UNIT_SCADA,1,"2022/10/20 09:15:00",HUGSF1,11.792001
D,DISPATCH,UNIT_SCADA,1,"2022/10/20 09:15:00",KEPBG1,0.01
D,DISPATCH,UNIT_SCADA,1,"2022/10/20 09:15:00",LRSF1,8.648001
D,DISPATCH,UNIT_SCADA,1,"2022/10/20 09:15:00",MBAHNTH,45.112503
D,DISPATCH,UNIT_SCADA,1,"2022/10/20 09:15:00",MLSP1,9.482001
D,DISPATCH,UNIT_SCADA,1,"2022/10/20 09:15:00",MLWF1,5.1450
D,DISPATCH,UNIT_SCADA,1,"2022/10/20 09:15:00",PALOONA,30.199999
D,DISPATCH,UNIT_SCADA,1,"2022/10/20 09:15:00",PIONEER,42.400002
D,DISPATCH,UNIT_SCADA,1,"2022/10/20 09:15:00",PORTWF,59.900002
D,DISPATCH,UNIT_SCADA,1,"2022/10/20 09:15:00",REPULSE,9.695582
D,DISPATCH,UNIT_SCADA,1,"2022/10/20 09:15:00",ROWALLAN,9.0809
D,DISPATCH,UNIT_SCADA,1,"2022/10/20 09:15:00",ROYALLA1,15.655005
D,DISPATCH,UNIT_SCADA,1,"2022/10/20 09:15:00",RPCG,-1.80
D,DISPATCH,UNIT_SCADA,1,"2022/10/20 09:15:00",RUBICON,0
D,DISPATCH,UNIT_SCADA,1,"2022/10/20 09:15:00",WAUBRAWF,7.6030
D,DISPATCH,UNIT_SCADA,1,"2022/10/20 09:15:00",WOOLNTH1,-0.08
D,DISPATCH,UNIT_SCADA,1,"2022/10/20 09:15:00",YAMBUKWF,5.60
D,DISPATCH,UNIT_SCADA,1,"2022/10/20 09:15:00",YSWF1,0.30
D,DISPATCH,UNIT_SCADA,1,"2022/10/20 09:15:00",ADPBA1G,0.0080
D,DISPATCH,UNIT_SCADA,1,"2022/10/20 09:15:00",ADPBA1L,0
D,DISPATCH,UNIT_SCADA,1,"2022/10/20 09:15:00",ADPPV1,0.0620
D,DISPATCH,UNIT_SCADA,1,"2022/10/20 09:15:00",AGLHAL,0
D,DISPATCH,UNIT_SCADA,1,"2022/10/20 09:15:00",AGLSOM,0
D,DISPATCH,UNIT_SCADA,1,"2022/10/20 09:15:00",ANGAST1,0
D,DISPATCH,UNIT_SCADA,1,"2022/10/20 09:15:00",ARWF1,4.50
D,DISPATCH,UNIT_SCADA,1,"2022/10/20 09:15:00",BALBG1,0
D,DISPATCH,UNIT_SCADA,1,"2022/10/20 09:15:00",BALBL1,0
D,DISPATCH,UNIT_SCADA,1,"2022/10/20 09:15:00",BALDHWF1,4.4140
D,DISPATCH,UNIT_SCADA,1,"2022/10/20 09:15:00",BANGOWF1,31.296860
D,DISPATCH,UNIT_SCADA,1,"2022/10/20 09:15:00",BANGOWF2,42.099870
D,DISPATCH,UNIT_SCADA,1,"2022/10/20 09:15:00",BANN1,13.55
D,DISPATCH,UNIT_SCADA,1,"2022/10/20 09:15:00",BARCALDN,0
D,DISPATCH,UNIT_SCADA,1,"2022/10/20 09:15:00",BARKIPS1,0
D,DISPATCH,UNIT_SCADA,1,"2022/10/20 09:15:00",BARRON-1,0
D,DISPATCH,UNIT_SCADA,1,"2022/10/20 09:15:00",BARRON-2,0
D,DISPATCH,UNIT_SCADA,1,"2022/10/20 09:15:00",BASTYAN,51.73
D,DISPATCH,UNIT_SCADA,1,"2022/10/20 09:15:00",BBTHREE1,0
D,DISPATCH,UNIT_SCADA,1,"2022/10/20 09:15:00",BBTHREE2,0
D,DISPATCH,UNIT_SCADA,1,"2022/10/20 09:15:00",BBTHREE3,-1.05
D,DISPATCH,UNIT_SCADA,1,"2022/10/20 09:15:00",BDL01,0
D,DISPATCH,UNIT_SCADA,1,"2022/10/20 09:15:00",BDL02,0
D,DISPATCH,UNIT_SCADA,1,"2022/10/20 09:15:00",BERYLSF1,2.380270
D,DISPATCH,UNIT_SCADA,1,"2022/10/20 09:15:00",BLOWERNG,62.50
D,DISPATCH,UNIT_SCADA,1,"2022/10/20 09:15:00",BLUEGSF1,54.194180
D,DISPATCH,UNIT_SCADA,1,"2022/10/20 09:15:00",BLUFF1,46.10
D,DISPATCH,UNIT_SCADA,1,"2022/10/20 09:15:00",BNGSF1,109.92
D,DISPATCH,UNIT_SCADA,1,"2022/10/20 09:15:00",BNGSF2,110.35
D,DISPATCH,UNIT_SCADA,1,"2022/10/20 09:15:00",BOCORWF1,0
D,DISPATCH,UNIT_SCADA,1,"2022/10/20 09:15:00",BODWF1,99.983250
D,DISPATCH,UNIT_SCADA,1,"2022/10/20 09:15:00",BOMENSF1,20.901810
D,DISPATCH,UNIT_SCADA,1,"2022/10/20 09:15:00",BOWWBA1G,0
D,DISPATCH,UNIT_SCADA,1,"2022/10/20 09:15:00",BOWWBA1L,0
D,DISPATCH,UNIT_SCADA,1,"2022/10/20 09:15:00",BOWWPV1,0
D,DISPATCH,UNIT_SCADA,1,"2022/10/20 09:15:00",BRAEMAR1,0
D,DISPATCH,UNIT_SCADA,1,"2022/10/20 09:15:00",BRAEMAR2,0
D,DISPATCH,UNIT_SCADA,1,"2022/10/20 09:15:00",BRAEMAR3,0
D,DISPATCH,UNIT_SCADA,1,"2022/10/20 09:15:00",BRAEMAR5,0.292060
D,DISPATCH,UNIT_SCADA,1,"2022/10/20 09:15:00",BRAEMAR6,0
D,DISPATCH,UNIT_SCADA,1,"2022/10/20 09:15:00",BRAEMAR7,0.130920
D,DISPATCH,UNIT_SCADA,1,"2022/10/20 09:15:00",BROKENH1,11.499820
D,DISPATCH,UNIT_SCADA,1,"2022/10/20 09:15:00",BRYB1WF1,90.043490
D,DISPATCH,UNIT_SCADA,1,"2022/10/20 09:15:00",BULBESG1,0
D,DISPATCH,UNIT_SCADA,1,"2022/10/20 09:15:00",BULBESL1,1.59
D,DISPATCH,UNIT_SCADA,1,"2022/10/20 09:15:00",BULGANA1,11.44
D,DISPATCH,UNIT_SCADA,1,"2022/10/20 09:15:00",BW01,660.984190
D,DISPATCH,UNIT_SCADA,1,"2022/10/20 09:15:00",BW02,621.383970
D,DISPATCH,UNIT_SCADA,1,"2022/10/20 09:15:00",BW03,551.778440
D,DISPATCH,UNIT_SCADA,1,"2022/10/20 09:15:00",BW04,0
D,DISPATCH,UNIT_SCADA,1,"2022/10/20 09:15:00",CALL_B_1,320
D,DISPATCH,UNIT_SCADA,1,"2022/10/20 09:15:00",CALL_B_2,319.700010
D,DISPATCH,UNIT_SCADA,1,"2022/10/20 09:15:00",CATHROCK,4.70
D,DISPATCH,UNIT_SCADA,1,"2022/10/20 09:15:00",CBWWBA1G,0
D,DISPATCH,UNIT_SCADA,1,"2022/10/20 09:15:00",CBWWBA1L,0
D,DISPATCH,UNIT_SCADA,1,"2022/10/20 09:15:00",CETHANA,97.525880
D,DISPATCH,UNIT_SCADA,1,"2022/10/20 09:15:00",CG1,0
D,DISPATCH,UNIT_SCADA,1,"2022/10/20 09:15:00",CG2,0
D,DISPATCH,UNIT_SCADA,1,"2022/10/20 09:15:00",CG3,0
D,DISPATCH,UNIT_SCADA,1,"2022/10/20 09:15:00",CG4,0
D,DISPATCH,UNIT_SCADA,1,"2022/10/20 09:15:00",CHILDSF1,18.20
D,DISPATCH,UNIT_SCADA,1,"2022/10/20 09:15:00",CHYTWF1,1.58
D,DISPATCH,UNIT_SCADA,1,"2022/10/20 09:15:00",CLARESF1,95.481860
D,DISPATCH,UNIT_SCADA,1,"2022/10/20 09:15:00",CLEMGPWF,11.093390
D,DISPATCH,UNIT_SCADA,1,"2022/10/20 09:15:00",CLERMSF1,25.44
D,DISPATCH,UNIT_SCADA,1,"2022/10/20 09:15:00",CNUNDAWF,0.200230
D,DISPATCH,UNIT_SCADA,1,"2022/10/20 09:15:00",COHUNSF1,6.29
D,DISPATCH,UNIT_SCADA,1,"2022/10/20 09:15:00",COLEASF1,22.100020
D,DISPATCH,UNIT_SCADA,1,"2022/10/20 09:15:00",COLUMSF1,15.0720
D,DISPATCH,UNIT_SCADA,1,"2022/10/20 09:15:00",COLWF01,96.533160
D,DISPATCH,UNIT_SCADA,1,"2022/10/20 09:15:00",COOPGWF1,238.22
D,DISPATCH,UNIT_SCADA,1,"2022/10/20 09:15:00",CPP_3,358.050020
D,DISPATCH,UNIT_SCADA,1,"2022/10/20 09:15:00",CPP_4,0
D,DISPATCH,UNIT_SCADA,1,"2022/10/20 09:15:00",CPSA,0
D,DISPATCH,UNIT_SCADA,1,"2022/10/20 09:15:00",CROOKWF2,31.172960
D,DISPATCH,UNIT_SCADA,1,"2022/10/20 09:15:00",CROWLWF1,28.277760
D,DISPATCH,UNIT_SCADA,1,"2022/10/20 09:15:00",CRURWF1,64.197370
D,DISPATCH,UNIT_SCADA,1,"2022/10/20 09:15:00",CRWASF1,30.238720
D,DISPATCH,UNIT_SCADA,1,"2022/10/20 09:15:00",CSPVPS1,32.91
D,DISPATCH,UNIT_SCADA,1,"2022/10/20 09:15:00",CTHLWF1,0.003050
D,DISPATCH,UNIT_SCADA,1,"2022/10/20 09:15:00",DALNTH01,0
D,DISPATCH,UNIT_SCADA,1,"2022/10/20 09:15:00",DALNTHL1,2.003510
D,DISPATCH,UNIT_SCADA,1,"2022/10/20 09:15:00",DARLSF1,33.949550
D,DISPATCH,UNIT_SCADA,1,"2022/10/20 09:15:00",DARTM1,0
D,DISPATCH,UNIT_SCADA,1,"2022/10/20 09:15:00",DAYDSF1,48.3670
D,DISPATCH,UNIT_SCADA,1,"2022/10/20 09:15:00",DDPS1,0
D,DISPATCH,UNIT_SCADA,1,"2022/10/20 09:15:00",DDSF1,18.199550
D,DISPATCH,UNIT_SCADA,1,"2022/10/20 09:15:00",DEVILS_G,58.685870
D,DISPATCH,UNIT_SCADA,1,"2022/10/20 09:15:00",DG_NSW1,0
D,DISPATCH,UNIT_SCADA,1,"2022/10/20 09:15:00",DG_QLD1,0
D,DISPATCH,UNIT_SCADA,1,"2022/10/20 09:15:00",DG_SA1,0
D,DISPATCH,UNIT_SCADA,1,"2022/10/20 09:15:00",DG_TAS1,0
D,DISPATCH,UNIT_SCADA,1,"2022/10/20 09:15:00",DG_VIC1,0
D,DISPATCH,UNIT_SCADA,1,"2022/10/20 09:15:00",DRYCGT1,0
D,DISPATCH,UNIT_SCADA,1,"2022/10/20 09:15:00",DRYCGT2,0
D,DISPATCH,UNIT_SCADA,1,"2022/10/20 09:15:00",DRYCGT3,0
D,DISPATCH,UNIT_SCADA,1,"2022/10/20 09:15:00",DUNDWF1,50.92
D,DISPATCH,UNIT_SCADA,1,"2022/10/20 09:15:00",DUNDWF2,14.93
D,DISPATCH,UNIT_SCADA,1,"2022/10/20 09:15:00",DUNDWF3,43.51
D,DISPATCH,UNIT_SCADA,1,"2022/10/20 09:15:00",EILDON1,60.44
D,DISPATCH,UNIT_SCADA,1,"2022/10/20 09:15:00",EILDON2,60.12
D,DISPATCH,UNIT_SCADA,1,"2022/10/20 09:15:00",ELAINWF1,16.19
D,DISPATCH,UNIT_SCADA,1,"2022/10/20 09:15:00",EMERASF1,0
D,DISPATCH,UNIT_SCADA,1,"2022/10/20 09:15:00",ER01,0
D,DISPATCH,UNIT_SCADA,1,"2022/10/20 09:15:00",ER02,459.784850
D,DISPATCH,UNIT_SCADA,1,"2022/10/20 09:15:00",ER03,424.261840
D,DISPATCH,UNIT_SCADA,1,"2022/10/20 09:15:00",ER04,427.8996
D,DISPATCH,UNIT_SCADA,1,"2022/10/20 09:15:00",FINLYSF1,122.905320
D,DISPATCH,UNIT_SCADA,1,"2022/10/20 09:15:00",FISHER,43.87
D,DISPATCH,UNIT_SCADA,1,"2022/10/20 09:15:00",GANGARR1,15.9320
D,DISPATCH,UNIT_SCADA,1,"2022/10/20 09:15:00",GANNBG1,0
D,DISPATCH,UNIT_SCADA,1,"2022/10/20 09:15:00",GANNBL1,5.001210
D,DISPATCH,UNIT_SCADA,1,"2022/10/20 09:15:00",GANNSF1,20.20
D,DISPATCH,UNIT_SCADA,1,"2022/10/20 09:15:00",GLRWNSF1,110.02
D,DISPATCH,UNIT_SCADA,1,"2022/10/20 09:15:00",GNNDHSF1,36.373770
D,DISPATCH,UNIT_SCADA,1,"2022/10/20 09:15:00",GOONSF1,17.345240
D,DISPATCH,UNIT_SCADA,1,"2022/10/20 09:15:00",GORDON,249.4113
D,DISPATCH,UNIT_SCADA,1,"2022/10/20 09:15:00",GRANWF1,0
D,DISPATCH,UNIT_SCADA,1,"2022/10/20 09:15:00",GSTONE1,170.6250
D,DISPATCH,UNIT_SCADA,1,"2022/10/20 09:15:00",GSTONE2,0
D,DISPATCH,UNIT_SCADA,1,"2022/10/20 09:15:00",GSTONE3,157.149990
D,DISPATCH,UNIT_SCADA,1,"2022/10/20 09:15:00",GSTONE4,0
D,DISPATCH,UNIT_SCADA,1,"2022/10/20 09:15:00",GSTONE5,156.274990
D,DISPATCH,UNIT_SCADA,1,"2022/10/20 09:15:00",GSTONE6,157.3250
D,DISPATCH,UNIT_SCADA,1,"2022/10/20 09:15:00",GULLRSF1,0.744990
D,DISPATCH,UNIT_SCADA,1,"2022/10/20 09:15:00",GULLRWF1,62.234060
D,DISPATCH,UNIT_SCADA,1,"2022/10/20 09:15:00",GULLRWF2,87.306990
D,DISPATCH,UNIT_SCADA,1,"2022/10/20 09:15:00",GUNNING1,0
D,DISPATCH,UNIT_SCADA,1,"2022/10/20 09:15:00",GUTHEGA,68.100010
D,DISPATCH,UNIT_SCADA,1,"2022/10/20 09:15:00",HALLWF1,27.77
D,DISPATCH,UNIT_SCADA,1,"2022/10/20 09:15:00",HALLWF2,55.84
D,DISPATCH,UNIT_SCADA,1,"2022/10/20 09:15:00",HAMISF1,12.50
D,DISPATCH,UNIT_SCADA,1,"2022/10/20 09:15:00",HAUGHT11,83.529730
D,DISPATCH,UNIT_SCADA,1,"2022/10/20 09:15:00",HAYMSF1,14.1890
D,DISPATCH,UNIT_SCADA,1,"2022/10/20 09:15:00",HDWF1,51.60
D,DISPATCH,UNIT_SCADA,1,"2022/10/20 09:15:00",HDWF2,28.40
D,DISPATCH,UNIT_SCADA,1,"2022/10/20 09:15:00",HDWF3,39.10
D,DISPATCH,UNIT_SCADA,1,"2022/10/20 09:15:00",HILLSTN1,20.020220
D,DISPATCH,UNIT_SCADA,1,"2022/10/20 09:15:00",HPRG1,0
D,DISPATCH,UNIT_SCADA,1,"2022/10/20 09:15:00",HPRL1,3.40
D,DISPATCH,UNIT_SCADA,1,"2022/10/20 09:15:00",HUMENSW,54.785920
D,DISPATCH,UNIT_SCADA,1,"2022/10/20 09:15:00",HUMEV,0
D,DISPATCH,UNIT_SCADA,1,"2022/10/20 09:15:00",HVWWBA1G,0
D,DISPATCH,UNIT_SCADA,1,"2022/10/20 09:15:00",HVWWBA1L,0.0070
D,DISPATCH,UNIT_SCADA,1,"2022/10/20 09:15:00",HVWWPV1,0.0230
D,DISPATCH,UNIT_SCADA,1,"2022/10/20 09:15:00",JBUTTERS,0
D,DISPATCH,UNIT_SCADA,1,"2022/10/20 09:15:00",JEMALNG1,15.42
D,DISPATCH,UNIT_SCADA,1,"2022/10/20 09:15:00",JLA01,0
D,DISPATCH,UNIT_SCADA,1,"2022/10/20 09:15:00",JLA02,0
D,DISPATCH,UNIT_SCADA,1,"2022/10/20 09:15:00",JLA03,0
D,DISPATCH,UNIT_SCADA,1,"2022/10/20 09:15:00",JLA04,0
D,DISPATCH,UNIT_SCADA,1,"2022/10/20 09:15:00",JLB01,0
D,DISPATCH,UNIT_SCADA,1,"2022/10/20 09:15:00",JLB02,0.10
D,DISPATCH,UNIT_SCADA,1,"2022/10/20 09:15:00",JLB03,0
D,DISPATCH,UNIT_SCADA,1,"2022/10/20 09:15:00",JUNEESF1,7.9127
D,DISPATCH,UNIT_SCADA,1,"2022/10/20 09:15:00",KABANWF1,0.1890
D,DISPATCH,UNIT_SCADA,1,"2022/10/20 09:15:00",KAREEYA1,0
D,DISPATCH,UNIT_SCADA,1,"2022/10/20 09:15:00",KAREEYA2,0
D,DISPATCH,UNIT_SCADA,1,"2022/10/20 09:15:00",KAREEYA3,4.94
D,DISPATCH,UNIT_SCADA,1,"2022/10/20 09:15:00",KAREEYA4,0
D,DISPATCH,UNIT_SCADA,1,"2022/10/20 09:15:00",KARSF1,10.90
D,DISPATCH,UNIT_SCADA,1,"2022/10/20 09:15:00",KEPSF1,12.25
D,DISPATCH,UNIT_SCADA,1,"2022/10/20 09:15:00",KEPWF1,2.24
D,DISPATCH,UNIT_SCADA,1,"2022/10/20 09:15:00",KIAMSF1,37.586780
D,DISPATCH,UNIT_SCADA,1,"2022/10/20 09:15:00",KIATAWF1,12.30
D,DISPATCH,UNIT_SCADA,1,"2022/10/20 09:15:00",KPP_1,0
D,DISPATCH,UNIT_SCADA,1,"2022/10/20 09:15:00",KSP1,18.40
D,DISPATCH,UNIT_SCADA,1,"2022/10/20 09:15:00",LADBROK1,0.02
D,DISPATCH,UNIT_SCADA,1,"2022/10/20 09:15:00",LADBROK2,6.12
D,DISPATCH,UNIT_SCADA,1,"2022/10/20 09:15:00",LBBG1,0
D,DISPATCH,UNIT_SCADA,1,"2022/10/20 09:15:00",LBBL1,4.95
D,DISPATCH,UNIT_SCADA,1,"2022/10/20 09:15:00",LD01,283.492520
D,DISPATCH,UNIT_SCADA,1,"2022/10/20 09:15:00",LD02,0
D,DISPATCH,UNIT_SCADA,1,"2022/10/20 09:15:00",LD04,291.732540
D,DISPATCH,UNIT_SCADA,1,"2022/10/20 09:15:00",LEM_WIL,86.967450
D,DISPATCH,UNIT_SCADA,1,"2022/10/20 09:15:00",LGAPWF1,0
D,DISPATCH,UNIT_SCADA,1,"2022/10/20 09:15:00",LGAPWF2,0
D,DISPATCH,UNIT_SCADA,1,"2022/10/20 09:15:00",LILYSF1,19.398650
D,DISPATCH,UNIT_SCADA,1,"2022/10/20 09:15:00",LIMOSF11,18.495310
D,DISPATCH,UNIT_SCADA,1,"2022/10/20 09:15:00",LIMOSF21,2.703750
D,DISPATCH,UNIT_SCADA,1,"2022/10/20 09:15:00",LI_WY_CA,56.051860
D,DISPATCH,UNIT_SCADA,1,"2022/10/20 09:15:00",LKBONNY1,0
D,DISPATCH,UNIT_SCADA,1,"2022/10/20 09:15:00",LKBONNY2,0
D,DISPATCH,UNIT_SCADA,1,"2022/10/20 09:15:00",LKBONNY3,0
D,DISPATCH,UNIT_SCADA,1,"2022/10/20 09:15:00",LK_ECHO,0
D,DISPATCH,UNIT_SCADA,1,"2022/10/20 09:15:00",LNGS1,0
D,DISPATCH,UNIT_SCADA,1,"2022/10/20 09:15:00",LNGS2,0
D,DISPATCH,UNIT_SCADA,1,"2022/10/20 09:15:00",LONSDALE,0
D,DISPATCH,UNIT_SCADA,1,"2022/10/20 09:15:00",LOYYB1,489.094940
D,DISPATCH,UNIT_SCADA,1,"2022/10/20 09:15:00",LOYYB2,492.102540
D,DISPATCH,UNIT_SCADA,1,"2022/10/20 09:15:00",LYA1,521
D,DISPATCH,UNIT_SCADA,1,"2022/10/20 09:15:00",LYA2,0
D,DISPATCH,UNIT_SCADA,1,"2022/10/20 09:15:00",LYA3,477
D,DISPATCH,UNIT_SCADA,1,"2022/10/20 09:15:00",LYA4,477
D,DISPATCH,UNIT_SCADA,1,"2022/10/20 09:15:00",MACARTH1,57.898660
D,DISPATCH,UNIT_SCADA,1,"2022/10/20 09:15:00",MACKNTSH,0
D,DISPATCH,UNIT_SCADA,1,"2022/10/20 09:15:00",MANSLR1,12.6240
D,DISPATCH,UNIT_SCADA,1,"2022/10/20 09:15:00",MAPS2PV1,0
D,DISPATCH,UNIT_SCADA,1,"2022/10/20 09:15:00",MAPS3PV1,0
D,DISPATCH,UNIT_SCADA,1,"2022/10/20 09:15:00",MARYRSF1,4.59
D,DISPATCH,UNIT_SCADA,1,"2022/10/20 09:15:00",MBPS2PV1,0
D,DISPATCH,UNIT_SCADA,1,"2022/10/20 09:15:00",MCKAY1,0.02
D,DISPATCH,UNIT_SCADA,1,"2022/10/20 09:15:00",MEADOWBK,5.773160
D,DISPATCH,UNIT_SCADA,1,"2022/10/20 09:15:00",MERCER01,18.60
D,DISPATCH,UNIT_SCADA,1,"2022/10/20 09:15:00",METZSF1,45.234040
D,DISPATCH,UNIT_SCADA,1,"2022/10/20 09:15:00",MEWF1,0
D,DISPATCH,UNIT_SCADA,1,"2022/10/20 09:15:00",MIDDLSF1,3.23
D,DISPATCH,UNIT_SCADA,1,"2022/10/20 09:15:00",MINTARO,0.128180
D,DISPATCH,UNIT_SCADA,1,"2022/10/20 09:15:00",MOLNGSF1,15.538570
D,DISPATCH,UNIT_SCADA,1,"2022/10/20 09:15:00",MOORAWF1,22.23
D,DISPATCH,UNIT_SCADA,1,"2022/10/20 09:15:00",MOREESF1,9.8820
D,DISPATCH,UNIT_SCADA,1,"2022/10/20 09:15:00",MORTLK11,0
D,DISPATCH,UNIT_SCADA,1,"2022/10/20 09:15:00",MORTLK12,0
D,DISPATCH,UNIT_SCADA,1,"2022/10/20 09:15:00",MOUSF1,0
D,DISPATCH,UNIT_SCADA,1,"2022/10/20 09:15:00",MP1,0
D,DISPATCH,UNIT_SCADA,1,"2022/10/20 09:15:00",MP2,351.2627
D,DISPATCH,UNIT_SCADA,1,"2022/10/20 09:15:00",MPP_1,174.9021
D,DISPATCH,UNIT_SCADA,1,"2022/10/20 09:15:00",MPP_2,79.012660
D,DISPATCH,UNIT_SCADA,1,"2022/10/20 09:15:00",MRTLSWF1,0
D,DISPATCH,UNIT_SCADA,1,"2022/10/20 09:15:00",MSTUART1,0
D,DISPATCH,UNIT_SCADA,1,"2022/10/20 09:15:00",MSTUART2,0
D,DISPATCH,UNIT_SCADA,1,"2022/10/20 09:15:00",MSTUART3,0
D,DISPATCH,UNIT_SCADA,1,"2022/10/20 09:15:00",MTGELWF1,38.641010
D,DISPATCH,UNIT_SCADA,1,"2022/10/20 09:15:00",MTMILLAR,1.40
D,DISPATCH,UNIT_SCADA,1,"2022/10/20 09:15:00",MURRAY,0
D,DISPATCH,UNIT_SCADA,1,"2022/10/20 09:15:00",MUSSELR1,99.10
D,DISPATCH,UNIT_SCADA,1,"2022/10/20 09:15:00",MUWAWF1,59.40
D,DISPATCH,UNIT_SCADA,1,"2022/10/20 09:15:00",MUWAWF2,44.90
D,DISPATCH,UNIT_SCADA,1,"2022/10/20 09:15:00",MWPS1PV1,0.13
D,DISPATCH,UNIT_SCADA,1,"2022/10/20 09:15:00",MWPS2PV1,0
D,DISPATCH,UNIT_SCADA,1,"2022/10/20 09:15:00",MWPS3PV1,0.33
D,DISPATCH,UNIT_SCADA,1,"2022/10/20 09:15:00",MWPS4PV1,0
D,DISPATCH,UNIT_SCADA,1,"2022/10/20 09:15:00",NBHWF1,71
D,DISPATCH,UNIT_SCADA,1,"2022/10/20 09:15:00",NEVERSF1,13.68
D,DISPATCH,UNIT_SCADA,1,"2022/10/20 09:15:00",NPS,0
D,DISPATCH,UNIT_SCADA,1,"2022/10/20 09:15:00",NUMURSF1,94.52
D,DISPATCH,UNIT_SCADA,1,"2022/10/20 09:15:00",NYNGAN1,24.75
D,DISPATCH,UNIT_SCADA,1,"2022/10/20 09:15:00",OAKEY1,0
D,DISPATCH,UNIT_SCADA,1,"2022/10/20 09:15:00",OAKEY1SF,2.6150
D,DISPATCH,UNIT_SCADA,1,"2022/10/20 09:15:00",OAKEY2,0
D,DISPATCH,UNIT_SCADA,1,"2022/10/20 09:15:00",OAKEY2SF,5.65
D,DISPATCH,UNIT_SCADA,1,"2022/10/20 09:15:00",OAKLAND1,9.30
D,DISPATCH,UNIT_SCADA,1,"2022/10/20 09:15:00",OSB-AG,0
D,DISPATCH,UNIT_SCADA,1,"2022/10/20 09:15:00",PAREPS1,0.0660
D,DISPATCH,UNIT_SCADA,1,"2022/10/20 09:15:00",PAREPW1,99.68
D,DISPATCH,UNIT_SCADA,1,"2022/10/20 09:15:00",PARSF1,18.101780
D,DISPATCH,UNIT_SCADA,1,"2022/10/20 09:15:00",POAT110,0
D,DISPATCH,UNIT_SCADA,1,"2022/10/20 09:15:00",POAT220,0
D,DISPATCH,UNIT_SCADA,1,"2022/10/20 09:15:00",POR01,0
D,DISPATCH,UNIT_SCADA,1,"2022/10/20 09:15:00",POR03,0
D,DISPATCH,UNIT_SCADA,1,"2022/10/20 09:15:00",PPCCGT,99.730690
D,DISPATCH,UNIT_SCADA,1,"2022/10/20 09:15:00",PTSTAN1,0
D,DISPATCH,UNIT_SCADA,1,"2022/10/20 09:15:00",PUMP1,0
D,DISPATCH,UNIT_SCADA,1,"2022/10/20 09:15:00",PUMP2,0
D,DISPATCH,UNIT_SCADA,1,"2022/10/20 09:15:00",QBYNBG1,0.0035
D,DISPATCH,UNIT_SCADA,1,"2022/10/20 09:15:00",QBYNBL1,0
D,DISPATCH,UNIT_SCADA,1,"2022/10/20 09:15:00",QPS1,0
D,DISPATCH,UNIT_SCADA,1,"2022/10/20 09:15:00",QPS2,0
D,DISPATCH,UNIT_SCADA,1,"2022/10/20 09:15:00",QPS3,0
D,DISPATCH,UNIT_SCADA,1,"2022/10/20 09:15:00",QPS4,0
D,DISPATCH,UNIT_SCADA,1,"2022/10/20 09:15:00",QPS5,75.47
D,DISPATCH,UNIT_SCADA,1,"2022/10/20 09:15:00",REECE1,46.008480
D,DISPATCH,UNIT_SCADA,1,"2022/10/20 09:15:00",REECE2,0
D,DISPATCH,UNIT_SCADA,1,"2022/10/20 09:15:00",ROMA_7,0
D,DISPATCH,UNIT_SCADA,1,"2022/10/20 09:15:00",ROMA_8,0
D,DISPATCH,UNIT_SCADA,1,"2022/10/20 09:15:00",RRSF1,61.6740
D,DISPATCH,UNIT_SCADA,1,"2022/10/20 09:15:00",RT_NSW1,0
D,DISPATCH,UNIT_SCADA,1,"2022/10/20 09:15:00",RT_NSW2,0
D,DISPATCH,UNIT_SCADA,1,"2022/10/20 09:15:00",RT_NSW3,0
D,DISPATCH,UNIT_SCADA,1,"2022/10/20 09:15:00",RT_NSW4,0
D,DISPATCH,UNIT_SCADA,1,"2022/10/20 09:15:00",RT_NSW5,0
D,DISPATCH,UNIT_SCADA,1,"2022/10/20 09:15:00",RT_NSW6,0
D,DISPATCH,UNIT_SCADA,1,"2022/10/20 09:15:00",RT_QLD1,0
D,DISPATCH,UNIT_SCADA,1,"2022/10/20 09:15:00",RT_SA1,0
D,DISPATCH,UNIT_SCADA,1,"2022/10/20 09:15:00",RT_SA2,0
D,DISPATCH,UNIT_SCADA,1,"2022/10/20 09:15:00",RT_SA3,0
D,DISPATCH,UNIT_SCADA,1,"2022/10/20 09:15:00",RT_SA4,0
D,DISPATCH,UNIT_SCADA,1,"2022/10/20 09:15:00",RT_SA5,0
D,DISPATCH,UNIT_SCADA,1,"2022/10/20 09:15:00",RT_SA6,0
D,DISPATCH,UNIT_SCADA,1,"2022/10/20 09:15:00",RT_TAS1,0
D,DISPATCH,UNIT_SCADA,1,"2022/10/20 09:15:00",RT_VIC1,0
D,DISPATCH,UNIT_SCADA,1,"2022/10/20 09:15:00",RT_VIC10,0
D,DISPATCH,UNIT_SCADA,1,"2022/10/20 09:15:00",RT_VIC11,0
D,DISPATCH,UNIT_SCADA,1,"2022/10/20 09:15:00",RT_VIC12,0
D,DISPATCH,UNIT_SCADA,1,"2022/10/20 09:15:00",RT_VIC2,0
D,DISPATCH,UNIT_SCADA,1,"2022/10/20 09:15:00",RT_VIC3,0
D,DISPATCH,UNIT_SCADA,1,"2022/10/20 09:15:00",RT_VIC4,0
D,DISPATCH,UNIT_SCADA,1,"2022/10/20 09:15:00",RT_VIC5,0
D,DISPATCH,UNIT_SCADA,1,"2022/10/20 09:15:00",RT_VIC6,0
D,DISPATCH,UNIT_SCADA,1,"2022/10/20 09:15:00",RT_VIC7,0
D,DISPATCH,UNIT_SCADA,1,"2022/10/20 09:15:00",RT_VIC8,0
D,DISPATCH,UNIT_SCADA,1,"2022/10/20 09:15:00",RT_VIC9,0
D,DISPATCH,UNIT_SCADA,1,"2022/10/20 09:15:00",RUGBYR1,17.259520
D,DISPATCH,UNIT_SCADA,1,"2022/10/20 09:15:00",SALTCRK1,18.88
D,DISPATCH,UNIT_SCADA,1,"2022/10/20 09:15:00",SAPHWF1,221.309220
D,DISPATCH,UNIT_SCADA,1,"2022/10/20 09:15:00",SEBSF1,82.475420
D,DISPATCH,UNIT_SCADA,1,"2022/10/20 09:15:00",SHGEN,0
D,DISPATCH,UNIT_SCADA,1,"2022/10/20 09:15:00",SHPUMP,0
D,DISPATCH,UNIT_SCADA,1,"2022/10/20 09:15:00",SITHE01,0.1840
D,DISPATCH,UNIT_SCADA,1,"2022/10/20 09:15:00",SMCSF1,91.9570
D,DISPATCH,UNIT_SCADA,1,"2022/10/20 09:15:00",SNAPPER1,0
D,DISPATCH,UNIT_SCADA,1,"2022/10/20 09:15:00",SNOWNTH1,123.70
D,DISPATCH,UNIT_SCADA,1,"2022/10/20 09:15:00",SNOWSTH1,94.40
D,DISPATCH,UNIT_SCADA,1,"2022/10/20 09:15:00",SNOWTWN1,15.504220
D,DISPATCH,UNIT_SCADA,1,"2022/10/20 09:15:00",SNOWYP,0
D,DISPATCH,UNIT_SCADA,1,"2022/10/20 09:15:00",SNUG1,0
D,DISPATCH,UNIT_SCADA,1,"2022/10/20 09:15:00",SRSF1,28.98
D,DISPATCH,UNIT_SCADA,1,"2022/10/20 09:15:00",STAN-1,273.698490
D,DISPATCH,UNIT_SCADA,1,"2022/10/20 09:15:00",STAN-2,332.814180
D,DISPATCH,UNIT_SCADA,1,"2022/10/20 09:15:00",STAN-3,155.851620
D,DISPATCH,UNIT_SCADA,1,"2022/10/20 09:15:00",STAN-4,331.545230
D,DISPATCH,UNIT_SCADA,1,"2022/10/20 09:15:00",STARHLWF,0.01
D,DISPATCH,UNIT_SCADA,1,"2022/10/20 09:15:00",STOCKYD1,63.78
D,DISPATCH,UNIT_SCADA,1,"2022/10/20 09:15:00",STWF1,0
D,DISPATCH,UNIT_SCADA,1,"2022/10/20 09:15:00",SUNRSF1,6.724650
D,DISPATCH,UNIT_SCADA,1,"2022/10/20 09:15:00",SUNTPSF1,76.226140
D,DISPATCH,UNIT_SCADA,1,"2022/10/20 09:15:00",SWAN_E,155.730010
D,DISPATCH,UNIT_SCADA,1,"2022/10/20 09:15:00",TALWA1,0
D,DISPATCH,UNIT_SCADA,1,"2022/10/20 09:15:00",TARALGA1,0
D,DISPATCH,UNIT_SCADA,1,"2022/10/20 09:15:00",TARONG#1,344.600010
D,DISPATCH,UNIT_SCADA,1,"2022/10/20 09:15:00",TARONG#2,344.100010
D,DISPATCH,UNIT_SCADA,1,"2022/10/20 09:15:00",TARONG#3,0.90
D,DISPATCH,UNIT_SCADA,1,"2022/10/20 09:15:00",TARONG#4,285.600010
D,DISPATCH,UNIT_SCADA,1,"2022/10/20 09:15:00",TARRALEA,54
D,DISPATCH,UNIT_SCADA,1,"2022/10/20 09:15:00",TBSF1,0.20
D,DISPATCH,UNIT_SCADA,1,"2022/10/20 09:15:00",TNPS1,405.6250
D,DISPATCH,UNIT_SCADA,1,"2022/10/20 09:15:00",TORRB1,0
D,DISPATCH,UNIT_SCADA,1,"2022/10/20 09:15:00",TORRB2,41
D,DISPATCH,UNIT_SCADA,1,"2022/10/20 09:15:00",TORRB3,0
D,DISPATCH,UNIT_SCADA,1,"2022/10/20 09:15:00",TORRB4,0
D,DISPATCH,UNIT_SCADA,1,"2022/10/20 09:15:00",TREVALLN,97.851590
D,DISPATCH,UNIT_SCADA,1,"2022/10/20 09:15:00",TRIBUTE,0
D,DISPATCH,UNIT_SCADA,1,"2022/10/20 09:15:00",TUMUT3,0
D,DISPATCH,UNIT_SCADA,1,"2022/10/20 09:15:00",TUNGATIN,4.200020
D,DISPATCH,UNIT_SCADA,1,"2022/10/20 09:15:00",TVCC201,0
D,DISPATCH,UNIT_SCADA,1,"2022/10/20 09:15:00",TVPP104,40.029260
D,DISPATCH,UNIT_SCADA,1,"2022/10/20 09:15:00",UPPTUMUT,0
D,DISPATCH,UNIT_SCADA,1,"2022/10/20 09:15:00",URANQ11,0
D,DISPATCH,UNIT_SCADA,1,"2022/10/20 09:15:00",URANQ12,0
D,DISPATCH,UNIT_SCADA,1,"2022/10/20 09:15:00",URANQ13,0
D,DISPATCH,UNIT_SCADA,1,"2022/10/20 09:15:00",URANQ14,0
D,DISPATCH,UNIT_SCADA,1,"2022/10/20 09:15:00",VBBG1,23.70
D,DISPATCH,UNIT_SCADA,1,"2022/10/20 09:15:00",VBBL1,0
D,DISPATCH,UNIT_SCADA,1,"2022/10/20 09:15:00",VP5,502.359070
D,DISPATCH,UNIT_SCADA,1,"2022/10/20 09:15:00",VP6,500.527980
D,DISPATCH,UNIT_SCADA,1,"2022/10/20 09:15:00",VPGS1,0
D,DISPATCH,UNIT_SCADA,1,"2022/10/20 09:15:00",VPGS2,0
D,DISPATCH,UNIT_SCADA,1,"2022/10/20 09:15:00",VPGS3,0
D,DISPATCH,UNIT_SCADA,1,"2022/10/20 09:15:00",VPGS4,0
D,DISPATCH,UNIT_SCADA,1,"2022/10/20 09:15:00",VPGS5,0
D,DISPATCH,UNIT_SCADA,1,"2022/10/20 09:15:00",VPGS6,0
D,DISPATCH,UNIT_SCADA,1,"2022/10/20 09:15:00",W/HOE#1,0
D,DISPATCH,UNIT_SCADA,1,"2022/10/20 09:15:00",W/HOE#2,0
D,DISPATCH,UNIT_SCADA,1,"2022/10/20 09:15:00",WAGGNSF1,0
D,DISPATCH,UNIT_SCADA,1,"2022/10/20 09:15:00",WALGRVG1,0.000930
D,DISPATCH,UNIT_SCADA,1,"2022/10/20 09:15:00",WALGRVL1,0
D,DISPATCH,UNIT_SCADA,1,"2022/10/20 09:15:00",WANDBG1,0.235420
D,DISPATCH,UNIT_SCADA,1,"2022/10/20 09:15:00",WANDBL1,0
D,DISPATCH,UNIT_SCADA,1,"2022/10/20 09:15:00",WARWSF1,10.45
D,DISPATCH,UNIT_SCADA,1,"2022/10/20 09:15:00",WARWSF2,10.03
D,DISPATCH,UNIT_SCADA,1,"2022/10/20 09:15:00",WATERLWF,76.30
D,DISPATCH,UNIT_SCADA,1,"2022/10/20 09:15:00",WDGPH1,46.2180
D,DISPATCH,UNIT_SCADA,1,"2022/10/20 09:15:00",WELLSF1,79.056990
D,DISPATCH,UNIT_SCADA,1,"2022/10/20 09:15:00",WEMENSF1,26
D,DISPATCH,UNIT_SCADA,1,"2022/10/20 09:15:00",WGWF1,105.60
D,DISPATCH,UNIT_SCADA,1,"2022/10/20 09:15:00",WHITSF1,17
D,DISPATCH,UNIT_SCADA,1,"2022/10/20 09:15:00",WINTSF1,85.01
D,DISPATCH,UNIT_SCADA,1,"2022/10/20 09:15:00",WKIEWA1,28.90
D,DISPATCH,UNIT_SCADA,1,"2022/10/20 09:15:00",WKIEWA2,29.10
D,DISPATCH,UNIT_SCADA,1,"2022/10/20 09:15:00",WOODLWN1,22.706890
D,DISPATCH,UNIT_SCADA,1,"2022/10/20 09:15:00",WOOLGSF1,18.257920
D,DISPATCH,UNIT_SCADA,1,"2022/10/20 09:15:00",WPWF,52.14
D,DISPATCH,UNIT_SCADA,1,"2022/10/20 09:15:00",WRSF1,3.309430
D,DISPATCH,UNIT_SCADA,1,"2022/10/20 09:15:00",WRWF1,65.768220
D,DISPATCH,UNIT_SCADA,1,"2022/10/20 09:15:00",WSTWYSF1,0
D,DISPATCH,UNIT_SCADA,1,"2022/10/20 09:15:00",YABULU,0
D,DISPATCH,UNIT_SCADA,1,"2022/10/20 09:15:00",YABULU2,0
D,DISPATCH,UNIT_SCADA,1,"2022/10/20 09:15:00",YARANSF1,17.73
D,DISPATCH,UNIT_SCADA,1,"2022/10/20 09:15:00",YARWUN_1,162.58
D,DISPATCH,UNIT_SCADA,1,"2022/10/20 09:15:00",YATSF1,13.37
D,DISPATCH,UNIT_SCADA,1,"2022/10/20 09:15:00",YENDWF1,24.21
D,DISPATCH,UNIT_SCADA,1,"2022/10/20 09:15:00",YWPS1,358.645570
D,DISPATCH,UNIT_SCADA,1,"2022/10/20 09:15:00",YWPS2,291.225310
D,DISPATCH,UNIT_SCADA,1,"2022/10/20 09:15:00",YWPS3,353.178470
D,DISPATCH,UNIT_SCADA,1,"2022/10/20 09:15:00",YWPS4,0
C,"END OF REPORT",419
