C,NEMP.WORLD,DISPATCHSCADA,AEMO,PUBLIC,2022/10/20,20:20:10,0000000373278811,DISPATCHSCADA,0000000373278805
I,DISPATCH,UNIT_SCADA,1,SETTLEMENTDATE,DUID,SCADAVALUE
D,DISPATCH,UNIT_SCADA,1,"2022/10/20 20:25:00",BARCSF1,0.10
D,DISPATCH,UNIT_SCADA,1,"2022/10/20 20:25:00",BUTLERSG,8.699999
D,DISPATCH,UNIT_SCADA,1,"2022/10/20 20:25:00",CAPTL_WF,110.099335
D,DISPATCH,UNIT_SCADA,1,"2022/10/20 20:25:00",CHALLHWF,9.90
D,DISPATCH,UNIT_SCADA,1,"2022/10/20 20:25:00",CLOVER,13.26
D,DISPATCH,UNIT_SCADA,1,"2022/10/20 20:25:00",CLUNY,6.381781
D,DISPATCH,UNIT_SCADA,1,"2022/10/20 20:25:00",CULLRGWF,-0.03
D,DISPATCH,UNIT_SCADA,1,"2022/10/20 20:25:00",DIAPURWF1,0.30
D,DISPATCH,UNIT_SCADA,1,"2022/10/20 20:25:00",ERGT01,0
D,DISPATCH,UNIT_SCADA,1,"2022/10/20 20:25:00",GB01,0
D,DISPATCH,UNIT_SCADA,1,"2022/10/20 20:25:00",GERMCRK,21.60
D,DISPATCH,UNIT_SCADA,1,"2022/10/20 20:25:00",GRIFSF1,0.001526
D,DISPATCH,UNIT_SCADA,1,"2022/10/20 20:25:00",HEZ1,0
D,DISPATCH,UNIT_SCADA,1,"2022/10/20 20:25:00",HUGSF1,-0.0420
D,DISPATCH,UNIT_SCADA,1,"2022/10/20 20:25:00",KEPBG1,0
D,DISPATCH,UNIT_SCADA,1,"2022/10/20 20:25:00",LRSF1,0.0110
D,DISPATCH,UNIT_SCADA,1,"2022/10/20 20:25:00",MBAHNTH,44.981247
D,DISPATCH,UNIT_SCADA,1,"2022/10/20 20:25:00",MLSP1,0
D,DISPATCH,UNIT_SCADA,1,"2022/10/20 20:25:00",MLWF1,6.4350
D,DISPATCH,UNIT_SCADA,1,"2022/10/20 20:25:00",PALOONA,30.619999
D,DISPATCH,UNIT_SCADA,1,"2022/10/20 20:25:00",PIONEER,25.40
D,DISPATCH,UNIT_SCADA,1,"2022/10/20 20:25:00",PORTWF,49.299999
D,DISPATCH,UNIT_SCADA,1,"2022/10/20 20:25:00",REPULSE,9.657741
D,DISPATCH,UNIT_SCADA,1,"2022/10/20 20:25:00",ROWALLAN,8.8182
D,DISPATCH,UNIT_SCADA,1,"2022/10/20 20:25:00",ROYALLA1,0
D,DISPATCH,UNIT_SCADA,1,"2022/10/20 20:25:00",RPCG,-0.50
D,DISPATCH,UNIT_SCADA,1,"2022/10/20 20:25:00",RUBICON,0
D,DISPATCH,UNIT_SCADA,1,"2022/10/20 20:25:00",WAUBRAWF,57.561001
D,DISPATCH,UNIT_SCADA,1,"2022/10/20 20:25:00",WOOLNTH1,77.279999
D,DISPATCH,UNIT_SCADA,1,"2022/10/20 20:25:00",YAMBUKWF,6.20
D,DISPATCH,UNIT_SCADA,1,"2022/10/20 20:25:00",YSWF1,2
D,DISPATCH,UNIT_SCADA,1,"2022/10/20 20:25:00",ADPBA1G,0.0080
D,DISPATCH,UNIT_SCADA,1,"2022/10/20 20:25:00",ADPBA1L,0
D,DISPATCH,UNIT_SCADA,1,"2022/10/20 20:25:00",ADPPV1,0
D,DISPATCH,UNIT_SCADA,1,"2022/10/20 20:25:00",AGLHAL,31.090740
D,DISPATCH,UNIT_SCADA,1,"2022/10/20 20:25:00",AGLSOM,0
D,DISPATCH,UNIT_SCADA,1,"2022/10/20 20:25:00",ANGAST1,0
D,DISPATCH,UNIT_SCADA,1,"2022/10/20 20:25:00",ARWF1,3.80
D,DISPATCH,UNIT_SCADA,1,"2022/10/20 20:25:00",BALBG1,0
D,DISPATCH,UNIT_SCADA,1,"2022/10/20 20:25:00",BALBL1,0
D,DISPATCH,UNIT_SCADA,1,"2022/10/20 20:25:00",BALDHWF1,96.2880
D,DISPATCH,UNIT_SCADA,1,"2022/10/20 20:25:00",BANGOWF1,84.095520
D,DISPATCH,UNIT_SCADA,1,"2022/10/20 20:25:00",BANGOWF2,66.499350
D,DISPATCH,UNIT_SCADA,1,"2022/10/20 20:25:00",BANN1,0
D,DISPATCH,UNIT_SCADA,1,"2022/10/20 20:25:00",BARCALDN,0
D,DISPATCH,UNIT_SCADA,1,"2022/10/20 20:25:00",BARKIPS1,190.20
D,DISPATCH,UNIT_SCADA,1,"2022/10/20 20:25:00",BARRON-1,0
D,DISPATCH,UNIT_SCADA,1,"2022/10/20 20:25:00",BARRON-2,0
D,DISPATCH,UNIT_SCADA,1,"2022/10/20 20:25:00",BASTYAN,69.740010
D,DISPATCH,UNIT_SCADA,1,"2022/10/20 20:25:00",BBTHREE1,0
D,DISPATCH,UNIT_SCADA,1,"2022/10/20 20:25:00",BBTHREE2,0
D,DISPATCH,UNIT_SCADA,1,"2022/10/20 20:25:00",BBTHREE3,-1.04
D,DISPATCH,UNIT_SCADA,1,"2022/10/20 20:25:00",BDL01,0
D,DISPATCH,UNIT_SCADA,1,"2022/10/20 20:25:00",BDL02,0
D,DISPATCH,UNIT_SCADA,1,"2022/10/20 20:25:00",BERYLSF1,0
D,DISPATCH,UNIT_SCADA,1,"2022/10/20 20:25:00",BLOWERNG,62.60
D,DISPATCH,UNIT_SCADA,1,"2022/10/20 20:25:00",BLUEGSF1,0
D,DISPATCH,UNIT_SCADA,1,"2022/10/20 20:25:00",BLUFF1,2.90
D,DISPATCH,UNIT_SCADA,1,"2022/10/20 20:25:00",BNGSF1,0
D,DISPATCH,UNIT_SCADA,1,"2022/10/20 20:25:00",BNGSF2,0
D,DISPATCH,UNIT_SCADA,1,"2022/10/20 20:25:00",BOCORWF1,24.18
D,DISPATCH,UNIT_SCADA,1,"2022/10/20 20:25:00",BODWF1,112.731040
D,DISPATCH,UNIT_SCADA,1,"2022/10/20 20:25:00",BOMENSF1,0
D,DISPATCH,UNIT_SCADA,1,"2022/10/20 20:25:00",BOWWBA1G,0
D,DISPATCH,UNIT_SCADA,1,"2022/10/20 20:25:00",BOWWBA1L,0.0010
D,DISPATCH,UNIT_SCADA,1,"2022/10/20 20:25:00",BOWWPV1,0
D,DISPATCH,UNIT_SCADA,1,"2022/10/20 20:25:00",BRAEMAR1,0
D,DISPATCH,UNIT_SCADA,1,"2022/10/20 20:25:00",BRAEMAR2,0
D,DISPATCH,UNIT_SCADA,1,"2022/10/20 20:25:00",BRAEMAR3,0
D,DISPATCH,UNIT_SCADA,1,"2022/10/20 20:25:00",BRAEMAR5,144.216720
D,DISPATCH,UNIT_SCADA,1,"2022/10/20 20:25:00",BRAEMAR6,0
D,DISPATCH,UNIT_SCADA,1,"2022/10/20 20:25:00",BRAEMAR7,139.020080
D,DISPATCH,UNIT_SCADA,1,"2022/10/20 20:25:00",BROKENH1,0
D,DISPATCH,UNIT_SCADA,1,"2022/10/20 20:25:00",BRYB1WF1,90.946820
D,DISPATCH,UNIT_SCADA,1,"2022/10/20 20:25:00",BULBESG1,0
D,DISPATCH,UNIT_SCADA,1,"2022/10/20 20:25:00",BULBESL1,0.03
D,DISPATCH,UNIT_SCADA,1,"2022/10/20 20:25:00",BULGANA1,40.48
D,DISPATCH,UNIT_SCADA,1,"2022/10/20 20:25:00",BW01,657.029050
D,DISPATCH,UNIT_SCADA,1,"2022/10/20 20:25:00",BW02,637.277770
D,DISPATCH,UNIT_SCADA,1,"2022/10/20 20:25:00",BW03,612.423890
D,DISPATCH,UNIT_SCADA,1,"2022/10/20 20:25:00",BW04,0
D,DISPATCH,UNIT_SCADA,1,"2022/10/20 20:25:00",CALL_B_1,318.300020
D,DISPATCH,UNIT_SCADA,1,"2022/10/20 20:25:00",CALL_B_2,318.100010
D,DISPATCH,UNIT_SCADA,1,"2022/10/20 20:25:00",CATHROCK,2.90
D,DISPATCH,UNIT_SCADA,1,"2022/10/20 20:25:00",CBWWBA1G,0
D,DISPATCH,UNIT_SCADA,1,"2022/10/20 20:25:00",CBWWBA1L,0
D,DISPATCH,UNIT_SCADA,1,"2022/10/20 20:25:00",CETHANA,97.046880
D,DISPATCH,UNIT_SCADA,1,"2022/10/20 20:25:00",CG1,0
D,DISPATCH,UNIT_SCADA,1,"2022/10/20 20:25:00",CG2,0
D,DISPATCH,UNIT_SCADA,1,"2022/10/20 20:25:00",CG3,0
D,DISPATCH,UNIT_SCADA,1,"2022/10/20 20:25:00",CG4,0
D,DISPATCH,UNIT_SCADA,1,"2022/10/20 20:25:00",CHILDSF1,0
D,DISPATCH,UNIT_SCADA,1,"2022/10/20 20:25:00",CHYTWF1,2.89
D,DISPATCH,UNIT_SCADA,1,"2022/10/20 20:25:00",CLARESF1,0
D,DISPATCH,UNIT_SCADA,1,"2022/10/20 20:25:00",CLEMGPWF,0
D,DISPATCH,UNIT_SCADA,1,"2022/10/20 20:25:00",CLERMSF1,0
D,DISPATCH,UNIT_SCADA,1,"2022/10/20 20:25:00",CNUNDAWF,14.717170
D,DISPATCH,UNIT_SCADA,1,"2022/10/20 20:25:00",COHUNSF1,0
D,DISPATCH,UNIT_SCADA,1,"2022/10/20 20:25:00",COLEASF1,0
D,DISPATCH,UNIT_SCADA,1,"2022/10/20 20:25:00",COLUMSF1,0
D,DISPATCH,UNIT_SCADA,1,"2022/10/20 20:25:00",COLWF01,129.364460
D,DISPATCH,UNIT_SCADA,1,"2022/10/20 20:25:00",COOPGWF1,404.040010
D,DISPATCH,UNIT_SCADA,1,"2022/10/20 20:25:00",CPP_3,380.325010
D,DISPATCH,UNIT_SCADA,1,"2022/10/20 20:25:00",CPP_4,0
D,DISPATCH,UNIT_SCADA,1,"2022/10/20 20:25:00",CPSA,0
D,DISPATCH,UNIT_SCADA,1,"2022/10/20 20:25:00",CROOKWF2,32.713510
D,DISPATCH,UNIT_SCADA,1,"2022/10/20 20:25:00",CROWLWF1,26.804220
D,DISPATCH,UNIT_SCADA,1,"2022/10/20 20:25:00",CRURWF1,96.699850
D,DISPATCH,UNIT_SCADA,1,"2022/10/20 20:25:00",CRWASF1,0
D,DISPATCH,UNIT_SCADA,1,"2022/10/20 20:25:00",CSPVPS1,0
D,DISPATCH,UNIT_SCADA,1,"2022/10/20 20:25:00",CTHLWF1,0.003050
D,DISPATCH,UNIT_SCADA,1,"2022/10/20 20:25:00",DALNTH01,0
D,DISPATCH,UNIT_SCADA,1,"2022/10/20 20:25:00",DALNTHL1,0.083920
D,DISPATCH,UNIT_SCADA,1,"2022/10/20 20:25:00",DARLSF1,0
D,DISPATCH,UNIT_SCADA,1,"2022/10/20 20:25:00",DARTM1,0
D,DISPATCH,UNIT_SCADA,1,"2022/10/20 20:25:00",DAYDSF1,0
D,DISPATCH,UNIT_SCADA,1,"2022/10/20 20:25:00",DDPS1,0
D,DISPATCH,UNIT_SCADA,1,"2022/10/20 20:25:00",DDSF1,0
D,DISPATCH,UNIT_SCADA,1,"2022/10/20 20:25:00",DEVILS_G,58.087710
D,DISPATCH,UNIT_SCADA,1,"2022/10/20 20:25:00",DG_NSW1,0
D,DISPATCH,UNIT_SCADA,1,"2022/10/20 20:25:00",DG_QLD1,0
D,DISPATCH,UNIT_SCADA,1,"2022/10/20 20:25:00",DG_SA1,0
D,DISPATCH,UNIT_SCADA,1,"2022/10/20 20:25:00",DG_TAS1,0
D,DISPATCH,UNIT_SCADA,1,"2022/10/20 20:25:00",DG_VIC1,0
D,DISPATCH,UNIT_SCADA,1,"2022/10/20 20:25:00",DRYCGT1,0
D,DISPATCH,UNIT_SCADA,1,"2022/10/20 20:25:00",DRYCGT2,0
D,DISPATCH,UNIT_SCADA,1,"2022/10/20 20:25:00",DRYCGT3,0
D,DISPATCH,UNIT_SCADA,1,"2022/10/20 20:25:00",DUNDWF1,81.85
D,DISPATCH,UNIT_SCADA,1,"2022/10/20 20:25:00",DUNDWF2,20.58
D,DISPATCH,UNIT_SCADA,1,"2022/10/20 20:25:00",DUNDWF3,77.14
D,DISPATCH,UNIT_SCADA,1,"2022/10/20 20:25:00",EILDON1,59.96
D,DISPATCH,UNIT_SCADA,1,"2022/10/20 20:25:00",EILDON2,60.20
D,DISPATCH,UNIT_SCADA,1,"2022/10/20 20:25:00",ELAINWF1,8.78
D,DISPATCH,UNIT_SCADA,1,"2022/10/20 20:25:00",EMERASF1,0
D,DISPATCH,UNIT_SCADA,1,"2022/10/20 20:25:00",ER01,0
D,DISPATCH,UNIT_SCADA,1,"2022/10/20 20:25:00",ER02,673.386720
D,DISPATCH,UNIT_SCADA,1,"2022/10/20 20:25:00",ER03,639.768070
D,DISPATCH,UNIT_SCADA,1,"2022/10/20 20:25:00",ER04,694.358760
D,DISPATCH,UNIT_SCADA,1,"2022/10/20 20:25:00",FINLYSF1,0
D,DISPATCH,UNIT_SCADA,1,"2022/10/20 20:25:00",FISHER,43.91
D,DISPATCH,UNIT_SCADA,1,"2022/10/20 20:25:00",GANGARR1,0
D,DISPATCH,UNIT_SCADA,1,"2022/10/20 20:25:00",GANNBG1,0
D,DISPATCH,UNIT_SCADA,1,"2022/10/20 20:25:00",GANNBL1,0.174770
D,DISPATCH,UNIT_SCADA,1,"2022/10/20 20:25:00",GANNSF1,0
D,DISPATCH,UNIT_SCADA,1,"2022/10/20 20:25:00",GLRWNSF1,0
D,DISPATCH,UNIT_SCADA,1,"2022/10/20 20:25:00",GNNDHSF1,0
D,DISPATCH,UNIT_SCADA,1,"2022/10/20 20:25:00",GOONSF1,0
D,DISPATCH,UNIT_SCADA,1,"2022/10/20 20:25:00",GORDON,262.887360
D,DISPATCH,UNIT_SCADA,1,"2022/10/20 20:25:00",GRANWF1,0
D,DISPATCH,UNIT_SCADA,1,"2022/10/20 20:25:00",GSTONE1,214.3750
D,DISPATCH,UNIT_SCADA,1,"2022/10/20 20:25:00",GSTONE2,0
D,DISPATCH,UNIT_SCADA,1,"2022/10/20 20:25:00",GSTONE3,198.974990
D,DISPATCH,UNIT_SCADA,1,"2022/10/20 20:25:00",GSTONE4,0
D,DISPATCH,UNIT_SCADA,1,"2022/10/20 20:25:00",GSTONE5,215.25
D,DISPATCH,UNIT_SCADA,1,"2022/10/20 20:25:00",GSTONE6,215.25
D,DISPATCH,UNIT_SCADA,1,"2022/10/20 20:25:00",GULLRSF1,0
D,DISPATCH,UNIT_SCADA,1,"2022/10/20 20:25:00",GULLRWF1,56.934140
D,DISPATCH,UNIT_SCADA,1,"2022/10/20 20:25:00",GULLRWF2,96.136720
D,DISPATCH,UNIT_SCADA,1,"2022/10/20 20:25:00",GUNNING1,0
D,DISPATCH,UNIT_SCADA,1,"2022/10/20 20:25:00",GUTHEGA,67.80
D,DISPATCH,UNIT_SCADA,1,"2022/10/20 20:25:00",HALLWF1,5.70
D,DISPATCH,UNIT_SCADA,1,"2022/10/20 20:25:00",HALLWF2,10.14
D,DISPATCH,UNIT_SCADA,1,"2022/10/20 20:25:00",HAMISF1,0
D,DISPATCH,UNIT_SCADA,1,"2022/10/20 20:25:00",HAUGHT11,0
D,DISPATCH,UNIT_SCADA,1,"2022/10/20 20:25:00",HAYMSF1,0
D,DISPATCH,UNIT_SCADA,1,"2022/10/20 20:25:00",HDWF1,17.80
D,DISPATCH,UNIT_SCADA,1,"2022/10/20 20:25:00",HDWF2,21.80
D,DISPATCH,UNIT_SCADA,1,"2022/10/20 20:25:00",HDWF3,22
D,DISPATCH,UNIT_SCADA,1,"2022/10/20 20:25:00",HILLSTN1,0
D,DISPATCH,UNIT_SCADA,1,"2022/10/20 20:25:00",HPRG1,2.90
D,DISPATCH,UNIT_SCADA,1,"2022/10/20 20:25:00",HPRL1,0
D,DISPATCH,UNIT_SCADA,1,"2022/10/20 20:25:00",HUMENSW,55.019710
D,DISPATCH,UNIT_SCADA,1,"2022/10/20 20:25:00",HUMEV,0
D,DISPATCH,UNIT_SCADA,1,"2022/10/20 20:25:00",HVWWBA1G,0
D,DISPATCH,UNIT_SCADA,1,"2022/10/20 20:25:00",HVWWBA1L,0.0070
D,DISPATCH,UNIT_SCADA,1,"2022/10/20 20:25:00",HVWWPV1,0
D,DISPATCH,UNIT_SCADA,1,"2022/10/20 20:25:00",JBUTTERS,19.536420
D,DISPATCH,UNIT_SCADA,1,"2022/10/20 20:25:00",JEMALNG1,0
D,DISPATCH,UNIT_SCADA,1,"2022/10/20 20:25:00",JLA01,0
D,DISPATCH,UNIT_SCADA,1,"2022/10/20 20:25:00",JLA02,0
D,DISPATCH,UNIT_SCADA,1,"2022/10/20 20:25:00",JLA03,0
D,DISPATCH,UNIT_SCADA,1,"2022/10/20 20:25:00",JLA04,0
D,DISPATCH,UNIT_SCADA,1,"2022/10/20 20:25:00",JLB01,0
D,DISPATCH,UNIT_SCADA,1,"2022/10/20 20:25:00",JLB02,0.10
D,DISPATCH,UNIT_SCADA,1,"2022/10/20 20:25:00",JLB03,0
D,DISPATCH,UNIT_SCADA,1,"2022/10/20 20:25:00",JUNEESF1,0
D,DISPATCH,UNIT_SCADA,1,"2022/10/20 20:25:00",KABANWF1,0
D,DISPATCH,UNIT_SCADA,1,"2022/10/20 20:25:00",KAREEYA1,0
D,DISPATCH,UNIT_SCADA,1,"2022/10/20 20:25:00",KAREEYA2,0
D,DISPATCH,UNIT_SCADA,1,"2022/10/20 20:25:00",KAREEYA3,4.8725
D,DISPATCH,UNIT_SCADA,1,"2022/10/20 20:25:00",KAREEYA4,0
D,DISPATCH,UNIT_SCADA,1,"2022/10/20 20:25:00",KARSF1,0
D,DISPATCH,UNIT_SCADA,1,"2022/10/20 20:25:00",KEPSF1,0
D,DISPATCH,UNIT_SCADA,1,"2022/10/20 20:25:00",KEPWF1,7.74
D,DISPATCH,UNIT_SCADA,1,"2022/10/20 20:25:00",KIAMSF1,0
D,DISPATCH,UNIT_SCADA,1,"2022/10/20 20:25:00",KIATAWF1,3.80
D,DISPATCH,UNIT_SCADA,1,"2022/10/20 20:25:00",KPP_1,0
D,DISPATCH,UNIT_SCADA,1,"2022/10/20 20:25:00",KSP1,0
D,DISPATCH,UNIT_SCADA,1,"2022/10/20 20:25:00",LADBROK1,0.01
D,DISPATCH,UNIT_SCADA,1,"2022/10/20 20:25:00",LADBROK2,0.02
D,DISPATCH,UNIT_SCADA,1,"2022/10/20 20:25:00",LBBG1,1.20
D,DISPATCH,UNIT_SCADA,1,"2022/10/20 20:25:00",LBBL1,0
D,DISPATCH,UNIT_SCADA,1,"2022/10/20 20:25:00",LD01,379.6991
D,DISPATCH,UNIT_SCADA,1,"2022/10/20 20:25:00",LD02,81.630910
D,DISPATCH,UNIT_SCADA,1,"2022/10/20 20:25:00",LD04,307.608280
D,DISPATCH,UNIT_SCADA,1,"2022/10/20 20:25:00",LEM_WIL,86.800440
D,DISPATCH,UNIT_SCADA,1,"2022/10/20 20:25:00",LGAPWF1,98.439990
D,DISPATCH,UNIT_SCADA,1,"2022/10/20 20:25:00",LGAPWF2,62.20
D,DISPATCH,UNIT_SCADA,1,"2022/10/20 20:25:00",LILYSF1,0
D,DISPATCH,UNIT_SCADA,1,"2022/10/20 20:25:00",LIMOSF11,0
D,DISPATCH,UNIT_SCADA,1,"2022/10/20 20:25:00",LIMOSF21,0
D,DISPATCH,UNIT_SCADA,1,"2022/10/20 20:25:00",LI_WY_CA,63.082310
D,DISPATCH,UNIT_SCADA,1,"2022/10/20 20:25:00",LKBONNY1,23.309760
D,DISPATCH,UNIT_SCADA,1,"2022/10/20 20:25:00",LKBONNY2,61.0930
D,DISPATCH,UNIT_SCADA,1,"2022/10/20 20:25:00",LKBONNY3,13.620590
D,DISPATCH,UNIT_SCADA,1,"2022/10/20 20:25:00",LK_ECHO,0
D,DISPATCH,UNIT_SCADA,1,"2022/10/20 20:25:00",LNGS1,0
D,DISPATCH,UNIT_SCADA,1,"2022/10/20 20:25:00",LNGS2,0
D,DISPATCH,UNIT_SCADA,1,"2022/10/20 20:25:00",LONSDALE,0
D,DISPATCH,UNIT_SCADA,1,"2022/10/20 20:25:00",LOYYB1,580.8266
D,DISPATCH,UNIT_SCADA,1,"2022/10/20 20:25:00",LOYYB2,575.939270
D,DISPATCH,UNIT_SCADA,1,"2022/10/20 20:25:00",LYA1,560
D,DISPATCH,UNIT_SCADA,1,"2022/10/20 20:25:00",LYA2,0
D,DISPATCH,UNIT_SCADA,1,"2022/10/20 20:25:00",LYA3,557
D,DISPATCH,UNIT_SCADA,1,"2022/10/20 20:25:00",LYA4,557
D,DISPATCH,UNIT_SCADA,1,"2022/10/20 20:25:00",MACARTH1,128.797030
D,DISPATCH,UNIT_SCADA,1,"2022/10/20 20:25:00",MACKNTSH,70.27
D,DISPATCH,UNIT_SCADA,1,"2022/10/20 20:25:00",MANSLR1,0
D,DISPATCH,UNIT_SCADA,1,"2022/10/20 20:25:00",MAPS2PV1,0
D,DISPATCH,UNIT_SCADA,1,"2022/10/20 20:25:00",MAPS3PV1,0
D,DISPATCH,UNIT_SCADA,1,"2022/10/20 20:25:00",MARYRSF1,0
D,DISPATCH,UNIT_SCADA,1,"2022/10/20 20:25:00",MBPS2PV1,0
D,DISPATCH,UNIT_SCADA,1,"2022/10/20 20:25:00",MCKAY1,221.38
D,DISPATCH,UNIT_SCADA,1,"2022/10/20 20:25:00",MEADOWBK,19.805940
D,DISPATCH,UNIT_SCADA,1,"2022/10/20 20:25:00",MERCER01,14.90
D,DISPATCH,UNIT_SCADA,1,"2022/10/20 20:25:00",METZSF1,0
D,DISPATCH,UNIT_SCADA,1,"2022/10/20 20:25:00",MEWF1,0
D,DISPATCH,UNIT_SCADA,1,"2022/10/20 20:25:00",MIDDLSF1,0
D,DISPATCH,UNIT_SCADA,1,"2022/10/20 20:25:00",MINTARO,0.128180
D,DISPATCH,UNIT_SCADA,1,"2022/10/20 20:25:00",MOLNGSF1,0
D,DISPATCH,UNIT_SCADA,1,"2022/10/20 20:25:00",MOORAWF1,12.98
D,DISPATCH,UNIT_SCADA,1,"2022/10/20 20:25:00",MOREESF1,0
D,DISPATCH,UNIT_SCADA,1,"2022/10/20 20:25:00",MORTLK11,0
D,DISPATCH,UNIT_SCADA,1,"2022/10/20 20:25:00",MORTLK12,0
D,DISPATCH,UNIT_SCADA,1,"2022/10/20 20:25:00",MOUSF1,0
D,DISPATCH,UNIT_SCADA,1,"2022/10/20 20:25:00",MP1,0
D,DISPATCH,UNIT_SCADA,1,"2022/10/20 20:25:00",MP2,546.895570
D,DISPATCH,UNIT_SCADA,1,"2022/10/20 20:25:00",MPP_1,192.908080
D,DISPATCH,UNIT_SCADA,1,"2022/10/20 20:25:00",MPP_2,185.202130
D,DISPATCH,UNIT_SCADA,1,"2022/10/20 20:25:00",MRTLSWF1,0
D,DISPATCH,UNIT_SCADA,1,"2022/10/20 20:25:00",MSTUART1,0
D,DISPATCH,UNIT_SCADA,1,"2022/10/20 20:25:00",MSTUART2,0
D,DISPATCH,UNIT_SCADA,1,"2022/10/20 20:25:00",MSTUART3,0
D,DISPATCH,UNIT_SCADA,1,"2022/10/20 20:25:00",MTGELWF1,30.022580
D,DISPATCH,UNIT_SCADA,1,"2022/10/20 20:25:00",MTMILLAR,13.90
D,DISPATCH,UNIT_SCADA,1,"2022/10/20 20:25:00",MURRAY,54.60
D,DISPATCH,UNIT_SCADA,1,"2022/10/20 20:25:00",MUSSELR1,27
D,DISPATCH,UNIT_SCADA,1,"2022/10/20 20:25:00",MUWAWF1,14.18
D,DISPATCH,UNIT_SCADA,1,"2022/10/20 20:25:00",MUWAWF2,0
D,DISPATCH,UNIT_SCADA,1,"2022/10/20 20:25:00",MWPS1PV1,0
D,DISPATCH,UNIT_SCADA,1,"2022/10/20 20:25:00",MWPS2PV1,0
D,DISPATCH,UNIT_SCADA,1,"2022/10/20 20:25:00",MWPS3PV1,0
D,DISPATCH,UNIT_SCADA,1,"2022/10/20 20:25:00",MWPS4PV1,0
D,DISPATCH,UNIT_SCADA,1,"2022/10/20 20:25:00",NBHWF1,14.40
D,DISPATCH,UNIT_SCADA,1,"2022/10/20 20:25:00",NEVERSF1,0
D,DISPATCH,UNIT_SCADA,1,"2022/10/20 20:25:00",NPS,0
D,DISPATCH,UNIT_SCADA,1,"2022/10/20 20:25:00",NUMURSF1,0
D,DISPATCH,UNIT_SCADA,1,"2022/10/20 20:25:00",NYNGAN1,0
D,DISPATCH,UNIT_SCADA,1,"2022/10/20 20:25:00",OAKEY1,125.907120
D,DISPATCH,UNIT_SCADA,1,"2022/10/20 20:25:00",OAKEY1SF,0
D,DISPATCH,UNIT_SCADA,1,"2022/10/20 20:25:00",OAKEY2,0
D,DISPATCH,UNIT_SCADA,1,"2022/10/20 20:25:00",OAKEY2SF,0
D,DISPATCH,UNIT_SCADA,1,"2022/10/20 20:25:00",OAKLAND1,34.80
D,DISPATCH,UNIT_SCADA,1,"2022/10/20 20:25:00",OSB-AG,177.459990
D,DISPATCH,UNIT_SCADA,1,"2022/10/20 20:25:00",PAREPS1,0
D,DISPATCH,UNIT_SCADA,1,"2022/10/20 20:25:00",PAREPW1,81.92
D,DISPATCH,UNIT_SCADA,1,"2022/10/20 20:25:00",PARSF1,0.001530
D,DISPATCH,UNIT_SCADA,1,"2022/10/20 20:25:00",POAT110,3.08
D,DISPATCH,UNIT_SCADA,1,"2022/10/20 20:25:00",POAT220,0
D,DISPATCH,UNIT_SCADA,1,"2022/10/20 20:25:00",POR01,0
D,DISPATCH,UNIT_SCADA,1,"2022/10/20 20:25:00",POR03,0
D,DISPATCH,UNIT_SCADA,1,"2022/10/20 20:25:00",PPCCGT,163.485570
D,DISPATCH,UNIT_SCADA,1,"2022/10/20 20:25:00",PTSTAN1,0
D,DISPATCH,UNIT_SCADA,1,"2022/10/20 20:25:00",PUMP1,0
D,DISPATCH,UNIT_SCADA,1,"2022/10/20 20:25:00",PUMP2,0
D,DISPATCH,UNIT_SCADA,1,"2022/10/20 20:25:00",QBYNBG1,0.0015
D,DISPATCH,UNIT_SCADA,1,"2022/10/20 20:25:00",QBYNBL1,0
D,DISPATCH,UNIT_SCADA,1,"2022/10/20 20:25:00",QPS1,0
D,DISPATCH,UNIT_SCADA,1,"2022/10/20 20:25:00",QPS2,0
D,DISPATCH,UNIT_SCADA,1,"2022/10/20 20:25:00",QPS3,0
D,DISPATCH,UNIT_SCADA,1,"2022/10/20 20:25:00",QPS4,0
D,DISPATCH,UNIT_SCADA,1,"2022/10/20 20:25:00",QPS5,4.76
D,DISPATCH,UNIT_SCADA,1,"2022/10/20 20:25:00",REECE1,93.374180
D,DISPATCH,UNIT_SCADA,1,"2022/10/20 20:25:00",REECE2,99.870010
D,DISPATCH,UNIT_SCADA,1,"2022/10/20 20:25:00",ROMA_7,0
D,DISPATCH,UNIT_SCADA,1,"2022/10/20 20:25:00",ROMA_8,0
D,DISPATCH,UNIT_SCADA,1,"2022/10/20 20:25:00",RRSF1,0
D,DISPATCH,UNIT_SCADA,1,"2022/10/20 20:25:00",RT_NSW1,0
D,DISPATCH,UNIT_SCADA,1,"2022/10/20 20:25:00",RT_NSW2,0
D,DISPATCH,UNIT_SCADA,1,"2022/10/20 20:25:00",RT_NSW3,0
D,DISPATCH,UNIT_SCADA,1,"2022/10/20 20:25:00",RT_NSW4,0
D,DISPATCH,UNIT_SCADA,1,"2022/10/20 20:25:00",RT_NSW5,0
D,DISPATCH,UNIT_SCADA,1,"2022/10/20 20:25:00",RT_NSW6,0
D,DISPATCH,UNIT_SCADA,1,"2022/10/20 20:25:00",RT_QLD1,0
D,DISPATCH,UNIT_SCADA,1,"2022/10/20 20:25:00",RT_SA1,0
D,DISPATCH,UNIT_SCADA,1,"2022/10/20 20:25:00",RT_SA2,0
D,DISPATCH,UNIT_SCADA,1,"2022/10/20 20:25:00",RT_SA3,0
D,DISPATCH,UNIT_SCADA,1,"2022/10/20 20:25:00",RT_SA4,0
D,DISPATCH,UNIT_SCADA,1,"2022/10/20 20:25:00",RT_SA5,0
D,DISPATCH,UNIT_SCADA,1,"2022/10/20 20:25:00",RT_SA6,0
D,DISPATCH,UNIT_SCADA,1,"2022/10/20 20:25:00",RT_TAS1,0
D,DISPATCH,UNIT_SCADA,1,"2022/10/20 20:25:00",RT_VIC1,0
D,DISPATCH,UNIT_SCADA,1,"2022/10/20 20:25:00",RT_VIC10,0
D,DISPATCH,UNIT_SCADA,1,"2022/10/20 20:25:00",RT_VIC11,0
D,DISPATCH,UNIT_SCADA,1,"2022/10/20 20:25:00",RT_VIC12,0
D,DISPATCH,UNIT_SCADA,1,"2022/10/20 20:25:00",RT_VIC2,0
D,DISPATCH,UNIT_SCADA,1,"2022/10/20 20:25:00",RT_VIC3,0
D,DISPATCH,UNIT_SCADA,1,"2022/10/20 20:25:00",RT_VIC4,0
D,DISPATCH,UNIT_SCADA,1,"2022/10/20 20:25:00",RT_VIC5,0
D,DISPATCH,UNIT_SCADA,1,"2022/10/20 20:25:00",RT_VIC6,0
D,DISPATCH,UNIT_SCADA,1,"2022/10/20 20:25:00",RT_VIC7,0
D,DISPATCH,UNIT_SCADA,1,"2022/10/20 20:25:00",RT_VIC8,0
D,DISPATCH,UNIT_SCADA,1,"2022/10/20 20:25:00",RT_VIC9,0
D,DISPATCH,UNIT_SCADA,1,"2022/10/20 20:25:00",RUGBYR1,0
D,DISPATCH,UNIT_SCADA,1,"2022/10/20 20:25:00",SALTCRK1,32.08
D,DISPATCH,UNIT_SCADA,1,"2022/10/20 20:25:00",SAPHWF1,254.186310
D,DISPATCH,UNIT_SCADA,1,"2022/10/20 20:25:00",SEBSF1,0
D,DISPATCH,UNIT_SCADA,1,"2022/10/20 20:25:00",SHGEN,79.9305
D,DISPATCH,UNIT_SCADA,1,"2022/10/20 20:25:00",SHPUMP,0
D,DISPATCH,UNIT_SCADA,1,"2022/10/20 20:25:00",SITHE01,0.153860
D,DISPATCH,UNIT_SCADA,1,"2022/10/20 20:25:00",SMCSF1,0
D,DISPATCH,UNIT_SCADA,1,"2022/10/20 20:25:00",SNAPPER1,0
D,DISPATCH,UNIT_SCADA,1,"2022/10/20 20:25:00",SNOWNTH1,50.70
D,DISPATCH,UNIT_SCADA,1,"2022/10/20 20:25:00",SNOWSTH1,20.60
D,DISPATCH,UNIT_SCADA,1,"2022/10/20 20:25:00",SNOWTWN1,31.896940
D,DISPATCH,UNIT_SCADA,1,"2022/10/20 20:25:00",SNOWYP,0
D,DISPATCH,UNIT_SCADA,1,"2022/10/20 20:25:00",SNUG1,0
D,DISPATCH,UNIT_SCADA,1,"2022/10/20 20:25:00",SRSF1,0
D,DISPATCH,UNIT_SCADA,1,"2022/10/20 20:25:00",STAN-1,276.5184
D,DISPATCH,UNIT_SCADA,1,"2022/10/20 20:25:00",STAN-2,363.2308
D,DISPATCH,UNIT_SCADA,1,"2022/10/20 20:25:00",STAN-3,363.410280
D,DISPATCH,UNIT_SCADA,1,"2022/10/20 20:25:00",STAN-4,361.743960
D,DISPATCH,UNIT_SCADA,1,"2022/10/20 20:25:00",STARHLWF,17.095010
D,DISPATCH,UNIT_SCADA,1,"2022/10/20 20:25:00",STOCKYD1,166.09
D,DISPATCH,UNIT_SCADA,1,"2022/10/20 20:25:00",STWF1,107.563290
D,DISPATCH,UNIT_SCADA,1,"2022/10/20 20:25:00",SUNRSF1,0
D,DISPATCH,UNIT_SCADA,1,"2022/10/20 20:25:00",SUNTPSF1,0
D,DISPATCH,UNIT_SCADA,1,"2022/10/20 20:25:00",SWAN_E,344.538150
D,DISPATCH,UNIT_SCADA,1,"2022/10/20 20:25:00",TALWA1,0
D,DISPATCH,UNIT_SCADA,1,"2022/10/20 20:25:00",TARALGA1,0
D,DISPATCH,UNIT_SCADA,1,"2022/10/20 20:25:00",TARONG#1,349.300020
D,DISPATCH,UNIT_SCADA,1,"2022/10/20 20:25:00",TARONG#2,348.100010
D,DISPATCH,UNIT_SCADA,1,"2022/10/20 20:25:00",TARONG#3,0.90
D,DISPATCH,UNIT_SCADA,1,"2022/10/20 20:25:00",TARONG#4,293.600010
D,DISPATCH,UNIT_SCADA,1,"2022/10/20 20:25:00",TARRALEA,53.90
D,DISPATCH,UNIT_SCADA,1,"2022/10/20 20:25:00",TBSF1,0
D,DISPATCH,UNIT_SCADA,1,"2022/10/20 20:25:00",TNPS1,420.25
D,DISPATCH,UNIT_SCADA,1,"2022/10/20 20:25:00",TORRB1,0
D,DISPATCH,UNIT_SCADA,1,"2022/10/20 20:25:00",TORRB2,61
D,DISPATCH,UNIT_SCADA,1,"2022/10/20 20:25:00",TORRB3,0
D,DISPATCH,UNIT_SCADA,1,"2022/10/20 20:25:00",TORRB4,0
D,DISPATCH,UNIT_SCADA,1,"2022/10/20 20:25:00",TREVALLN,98.075040
D,DISPATCH,UNIT_SCADA,1,"2022/10/20 20:25:00",TRIBUTE,0
D,DISPATCH,UNIT_SCADA,1,"2022/10/20 20:25:00",TUMUT3,341.330020
D,DISPATCH,UNIT_SCADA,1,"2022/10/20 20:25:00",TUNGATIN,5.720020
D,DISPATCH,UNIT_SCADA,1,"2022/10/20 20:25:00",TVCC201,0
D,DISPATCH,UNIT_SCADA,1,"2022/10/20 20:25:00",TVPP104,57.8461
D,DISPATCH,UNIT_SCADA,1,"2022/10/20 20:25:00",UPPTUMUT,0
D,DISPATCH,UNIT_SCADA,1,"2022/10/20 20:25:00",URANQ11,0
D,DISPATCH,UNIT_SCADA,1,"2022/10/20 20:25:00",URANQ12,0
D,DISPATCH,UNIT_SCADA,1,"2022/10/20 20:25:00",URANQ13,0
D,DISPATCH,UNIT_SCADA,1,"2022/10/20 20:25:00",URANQ14,0
D,DISPATCH,UNIT_SCADA,1,"2022/10/20 20:25:00",VBBG1,5.40
D,DISPATCH,UNIT_SCADA,1,"2022/10/20 20:25:00",VBBL1,0
D,DISPATCH,UNIT_SCADA,1,"2022/10/20 20:25:00",VP5,559.880370
D,DISPATCH,UNIT_SCADA,1,"2022/10/20 20:25:00",VP6,596.673460
D,DISPATCH,UNIT_SCADA,1,"2022/10/20 20:25:00",VPGS1,0
D,DISPATCH,UNIT_SCADA,1,"2022/10/20 20:25:00",VPGS2,0
D,DISPATCH,UNIT_SCADA,1,"2022/10/20 20:25:00",VPGS3,0
D,DISPATCH,UNIT_SCADA,1,"2022/10/20 20:25:00",VPGS4,0
D,DISPATCH,UNIT_SCADA,1,"2022/10/20 20:25:00",VPGS5,0
D,DISPATCH,UNIT_SCADA,1,"2022/10/20 20:25:00",VPGS6,0
D,DISPATCH,UNIT_SCADA,1,"2022/10/20 20:25:00",W/HOE#1,0
D,DISPATCH,UNIT_SCADA,1,"2022/10/20 20:25:00",W/HOE#2,0
D,DISPATCH,UNIT_SCADA,1,"2022/10/20 20:25:00",WAGGNSF1,0
D,DISPATCH,UNIT_SCADA,1,"2022/10/20 20:25:00",WALGRVG1,0.000930
D,DISPATCH,UNIT_SCADA,1,"2022/10/20 20:25:00",WALGRVL1,0
D,DISPATCH,UNIT_SCADA,1,"2022/10/20 20:25:00",WANDBG1,0
D,DISPATCH,UNIT_SCADA,1,"2022/10/20 20:25:00",WANDBL1,0
D,DISPATCH,UNIT_SCADA,1,"2022/10/20 20:25:00",WARWSF1,0
D,DISPATCH,UNIT_SCADA,1,"2022/10/20 20:25:00",WARWSF2,0
D,DISPATCH,UNIT_SCADA,1,"2022/10/20 20:25:00",WATERLWF,18.70
D,DISPATCH,UNIT_SCADA,1,"2022/10/20 20:25:00",WDGPH1,0
D,DISPATCH,UNIT_SCADA,1,"2022/10/20 20:25:00",WELLSF1,0
D,DISPATCH,UNIT_SCADA,1,"2022/10/20 20:25:00",WEMENSF1,0
D,DISPATCH,UNIT_SCADA,1,"2022/10/20 20:25:00",WGWF1,14.20
D,DISPATCH,UNIT_SCADA,1,"2022/10/20 20:25:00",WHITSF1,0
D,DISPATCH,UNIT_SCADA,1,"2022/10/20 20:25:00",WINTSF1,0
D,DISPATCH,UNIT_SCADA,1,"2022/10/20 20:25:00",WKIEWA1,34.10
D,DISPATCH,UNIT_SCADA,1,"2022/10/20 20:25:00",WKIEWA2,34.10
D,DISPATCH,UNIT_SCADA,1,"2022/10/20 20:25:00",WOODLWN1,33.333030
D,DISPATCH,UNIT_SCADA,1,"2022/10/20 20:25:00",WOOLGSF1,0
D,DISPATCH,UNIT_SCADA,1,"2022/10/20 20:25:00",WPWF,54.86
D,DISPATCH,UNIT_SCADA,1,"2022/10/20 20:25:00",WRSF1,0
D,DISPATCH,UNIT_SCADA,1,"2022/10/20 20:25:00",WRWF1,133.943080
D,DISPATCH,UNIT_SCADA,1,"2022/10/20 20:25:00",WSTWYSF1,0
D,DISPATCH,UNIT_SCADA,1,"2022/10/20 20:25:00",YABULU,153.000020
D,DISPATCH,UNIT_SCADA,1,"2022/10/20 20:25:00",YABULU2,0
D,DISPATCH,UNIT_SCADA,1,"2022/10/20 20:25:00",YARANSF1,0
D,DISPATCH,UNIT_SCADA,1,"2022/10/20 20:25:00",YARWUN_1,163.34
D,DISPATCH,UNIT_SCADA,1,"2022/10/20 20:25:00",YATSF1,0
D,DISPATCH,UNIT_SCADA,1,"2022/10/20 20:25:00",YENDWF1,11.33
D,DISPATCH,UNIT_SCADA,1,"2022/10/20 20:25:00",YWPS1,344.3595
D,DISPATCH,UNIT_SCADA,1,"2022/10/20 20:25:00",YWPS2,360.149350
D,DISPATCH,UNIT_SCADA,1,"2022/10/20 20:25:00",YWPS3,358.541780
D,DISPATCH,UNIT_SCADA,1,"2022/10/20 20:25:00",YWPS4,0
C,"END OF REPORT",419
