C,NEMP.WORLD,DISPATCHSCADA,AEMO,PUBLIC,2022/10/20,00:35:09,0000000373216961,DISPATCHSCADA,0000000373216955
I,DISPATCH,UNIT_SCADA,1,SETTLEMENTDATE,DUID,SCADAVALUE
D,DISPATCH,UNIT_SCADA,1,"2022/10/20 00:40:00",BARCSF1,0.10
D,DISPATCH,UNIT_SCADA,1,"2022/10/20 00:40:00",BUTLERSG,8.699999
D,DISPATCH,UNIT_SCADA,1,"2022/10/20 00:40:00",CAPTL_WF,20.383123
D,DISPATCH,UNIT_SCADA,1,"2022/10/20 00:40:00",CHALLHWF,22.60
D,DISPATCH,UNIT_SCADA,1,"2022/10/20 00:40:00",CLOVER,13.50
D,DISPATCH,UNIT_SCADA,1,"2022/10/20 00:40:00",CLUNY,6.295720
D,DISPATCH,UNIT_SCADA,1,"2022/10/20 00:40:00",CULLRGWF,-0.04
D,DISPATCH,UNIT_SCADA,1,"2022/10/20 00:40:00",DIAPURWF1,7.30
D,DISPATCH,UNIT_SCADA,1,"2022/10/20 00:40:00",ERGT01,0
D,DISPATCH,UNIT_SCADA,1,"2022/10/20 00:40:00",GB01,0
D,DISPATCH,UNIT_SCADA,1,"2022/10/20 00:40:00",GERMCRK,13.40
D,DISPATCH,UNIT_SCADA,1,"2022/10/20 00:40:00",GRIFSF1,0.001526
D,DISPATCH,UNIT_SCADA,1,"2022/10/20 00:40:00",HEZ1,0
D,DISPATCH,UNIT_SCADA,1,"2022/10/20 00:40:00",HUGSF1,-0.1740
D,DISPATCH,UNIT_SCADA,1,"2022/10/20 00:40:00",KEPBG1,0.02
D,DISPATCH,UNIT_SCADA,1,"2022/10/20 00:40:00",LRSF1,0.0240
D,DISPATCH,UNIT_SCADA,1,"2022/10/20 00:40:00",MBAHNTH,50.381256
D,DISPATCH,UNIT_SCADA,1,"2022/10/20 00:40:00",MLSP1,0
D,DISPATCH,UNIT_SCADA,1,"2022/10/20 00:40:00",MLWF1,1.6050
D,DISPATCH,UNIT_SCADA,1,"2022/10/20 00:40:00",PALOONA,30.459999
D,DISPATCH,UNIT_SCADA,1,"2022/10/20 00:40:00",PIONEER,36.799999
D,DISPATCH,UNIT_SCADA,1,"2022/10/20 00:40:00",PORTWF,31.50
D,DISPATCH,UNIT_SCADA,1,"2022/10/20 00:40:00",REPULSE,9.397726
D,DISPATCH,UNIT_SCADA,1,"2022/10/20 00:40:00",ROWALLAN,8.6975
D,DISPATCH,UNIT_SCADA,1,"2022/10/20 00:40:00",ROYALLA1,0
D,DISPATCH,UNIT_SCADA,1,"2022/10/20 00:40:00",RPCG,-1.20
D,DISPATCH,UNIT_SCADA,1,"2022/10/20 00:40:00",RUBICON,0
D,DISPATCH,UNIT_SCADA,1,"2022/10/20 00:40:00",WAUBRAWF,142.772995
D,DISPATCH,UNIT_SCADA,1,"2022/10/20 00:40:00",WOOLNTH1,21.43
D,DISPATCH,UNIT_SCADA,1,"2022/10/20 00:40:00",YAMBUKWF,2.40
D,DISPATCH,UNIT_SCADA,1,"2022/10/20 00:40:00",YSWF1,2.30
D,DISPATCH,UNIT_SCADA,1,"2022/10/20 00:40:00",ADPBA1G,0.0080
D,DISPATCH,UNIT_SCADA,1,"2022/10/20 00:40:00",ADPBA1L,0
D,DISPATCH,UNIT_SCADA,1,"2022/10/20 00:40:00",ADPPV1,0
D,DISPATCH,UNIT_SCADA,1,"2022/10/20 00:40:00",AGLHAL,0
D,DISPATCH,UNIT_SCADA,1,"2022/10/20 00:40:00",AGLSOM,0
D,DISPATCH,UNIT_SCADA,1,"2022/10/20 00:40:00",ANGAST1,0
D,DISPATCH,UNIT_SCADA,1,"2022/10/20 00:40:00",ARWF1,93.50
D,DISPATCH,UNIT_SCADA,1,"2022/10/20 00:40:00",BALBG1,0
D,DISPATCH,UNIT_SCADA,1,"2022/10/20 00:40:00",BALBL1,0
D,DISPATCH,UNIT_SCADA,1,"2022/10/20 00:40:00",BALDHWF1,0
D,DISPATCH,UNIT_SCADA,1,"2022/10/20 00:40:00",BANGOWF1,47.498280
D,DISPATCH,UNIT_SCADA,1,"2022/10/20 00:40:00",BANGOWF2,49.599220
D,DISPATCH,UNIT_SCADA,1,"2022/10/20 00:40:00",BANN1,0
D,DISPATCH,UNIT_SCADA,1,"2022/10/20 00:40:00",BARCALDN,0
D,DISPATCH,UNIT_SCADA,1,"2022/10/20 00:40:00",BARKIPS1,0
D,DISPATCH,UNIT_SCADA,1,"2022/10/20 00:40:00",BARRON-1,0
D,DISPATCH,UNIT_SCADA,1,"2022/10/20 00:40:00",BARRON-2,0
D,DISPATCH,UNIT_SCADA,1,"2022/10/20 00:40:00",BASTYAN,0
D,DISPATCH,UNIT_SCADA,1,"2022/10/20 00:40:00",BBTHREE1,-1.07
D,DISPATCH,UNIT_SCADA,1,"2022/10/20 00:40:00",BBTHREE2,0
D,DISPATCH,UNIT_SCADA,1,"2022/10/20 00:40:00",BBTHREE3,0
D,DISPATCH,UNIT_SCADA,1,"2022/10/20 00:40:00",BDL01,0
D,DISPATCH,UNIT_SCADA,1,"2022/10/20 00:40:00",BDL02,0
D,DISPATCH,UNIT_SCADA,1,"2022/10/20 00:40:00",BERYLSF1,0
D,DISPATCH,UNIT_SCADA,1,"2022/10/20 00:40:00",BLOWERNG,62.60
D,DISPATCH,UNIT_SCADA,1,"2022/10/20 00:40:00",BLUEGSF1,0
D,DISPATCH,UNIT_SCADA,1,"2022/10/20 00:40:00",BLUFF1,17.50
D,DISPATCH,UNIT_SCADA,1,"2022/10/20 00:40:00",BNGSF1,0
D,DISPATCH,UNIT_SCADA,1,"2022/10/20 00:40:00",BNGSF2,0
D,DISPATCH,UNIT_SCADA,1,"2022/10/20 00:40:00",BOCORWF1,18.23
D,DISPATCH,UNIT_SCADA,1,"2022/10/20 00:40:00",BODWF1,75.159610
D,DISPATCH,UNIT_SCADA,1,"2022/10/20 00:40:00",BOMENSF1,0
D,DISPATCH,UNIT_SCADA,1,"2022/10/20 00:40:00",BOWWBA1G,0.0010
D,DISPATCH,UNIT_SCADA,1,"2022/10/20 00:40:00",BOWWBA1L,0
D,DISPATCH,UNIT_SCADA,1,"2022/10/20 00:40:00",BOWWPV1,0
D,DISPATCH,UNIT_SCADA,1,"2022/10/20 00:40:00",BRAEMAR1,0
D,DISPATCH,UNIT_SCADA,1,"2022/10/20 00:40:00",BRAEMAR2,0
D,DISPATCH,UNIT_SCADA,1,"2022/10/20 00:40:00",BRAEMAR3,0
D,DISPATCH,UNIT_SCADA,1,"2022/10/20 00:40:00",BRAEMAR5,0.292060
D,DISPATCH,UNIT_SCADA,1,"2022/10/20 00:40:00",BRAEMAR6,0
D,DISPATCH,UNIT_SCADA,1,"2022/10/20 00:40:00",BRAEMAR7,0.130920
D,DISPATCH,UNIT_SCADA,1,"2022/10/20 00:40:00",BROKENH1,0
D,DISPATCH,UNIT_SCADA,1,"2022/10/20 00:40:00",BRYB1WF1,78.471050
D,DISPATCH,UNIT_SCADA,1,"2022/10/20 00:40:00",BULBESG1,0
D,DISPATCH,UNIT_SCADA,1,"2022/10/20 00:40:00",BULBESL1,0.03
D,DISPATCH,UNIT_SCADA,1,"2022/10/20 00:40:00",BULGANA1,81.27
D,DISPATCH,UNIT_SCADA,1,"2022/10/20 00:40:00",BW01,457.636380
D,DISPATCH,UNIT_SCADA,1,"2022/10/20 00:40:00",BW02,449.848180
D,DISPATCH,UNIT_SCADA,1,"2022/10/20 00:40:00",BW03,449.457550
D,DISPATCH,UNIT_SCADA,1,"2022/10/20 00:40:00",BW04,0
D,DISPATCH,UNIT_SCADA,1,"2022/10/20 00:40:00",CALL_B_1,319.899990
D,DISPATCH,UNIT_SCADA,1,"2022/10/20 00:40:00",CALL_B_2,320.800020
D,DISPATCH,UNIT_SCADA,1,"2022/10/20 00:40:00",CATHROCK,5.50
D,DISPATCH,UNIT_SCADA,1,"2022/10/20 00:40:00",CBWWBA1G,0
D,DISPATCH,UNIT_SCADA,1,"2022/10/20 00:40:00",CBWWBA1L,0
D,DISPATCH,UNIT_SCADA,1,"2022/10/20 00:40:00",CETHANA,98.483880
D,DISPATCH,UNIT_SCADA,1,"2022/10/20 00:40:00",CG1,0
D,DISPATCH,UNIT_SCADA,1,"2022/10/20 00:40:00",CG2,0
D,DISPATCH,UNIT_SCADA,1,"2022/10/20 00:40:00",CG3,0
D,DISPATCH,UNIT_SCADA,1,"2022/10/20 00:40:00",CG4,0
D,DISPATCH,UNIT_SCADA,1,"2022/10/20 00:40:00",CHILDSF1,0
D,DISPATCH,UNIT_SCADA,1,"2022/10/20 00:40:00",CHYTWF1,15.98
D,DISPATCH,UNIT_SCADA,1,"2022/10/20 00:40:00",CLARESF1,0
D,DISPATCH,UNIT_SCADA,1,"2022/10/20 00:40:00",CLEMGPWF,47.903270
D,DISPATCH,UNIT_SCADA,1,"2022/10/20 00:40:00",CLERMSF1,0
D,DISPATCH,UNIT_SCADA,1,"2022/10/20 00:40:00",CNUNDAWF,16.018690
D,DISPATCH,UNIT_SCADA,1,"2022/10/20 00:40:00",COHUNSF1,0
D,DISPATCH,UNIT_SCADA,1,"2022/10/20 00:40:00",COLEASF1,0
D,DISPATCH,UNIT_SCADA,1,"2022/10/20 00:40:00",COLUMSF1,0
D,DISPATCH,UNIT_SCADA,1,"2022/10/20 00:40:00",COLWF01,132.689410
D,DISPATCH,UNIT_SCADA,1,"2022/10/20 00:40:00",COOPGWF1,389.09
D,DISPATCH,UNIT_SCADA,1,"2022/10/20 00:40:00",CPP_3,358.600010
D,DISPATCH,UNIT_SCADA,1,"2022/10/20 00:40:00",CPP_4,0
D,DISPATCH,UNIT_SCADA,1,"2022/10/20 00:40:00",CPSA,0
D,DISPATCH,UNIT_SCADA,1,"2022/10/20 00:40:00",CROOKWF2,21.143510
D,DISPATCH,UNIT_SCADA,1,"2022/10/20 00:40:00",CROWLWF1,53.712890
D,DISPATCH,UNIT_SCADA,1,"2022/10/20 00:40:00",CRURWF1,38.4963
D,DISPATCH,UNIT_SCADA,1,"2022/10/20 00:40:00",CRWASF1,0
D,DISPATCH,UNIT_SCADA,1,"2022/10/20 00:40:00",CSPVPS1,0
D,DISPATCH,UNIT_SCADA,1,"2022/10/20 00:40:00",CTHLWF1,0.003050
D,DISPATCH,UNIT_SCADA,1,"2022/10/20 00:40:00",DALNTH01,0.001530
D,DISPATCH,UNIT_SCADA,1,"2022/10/20 00:40:00",DALNTHL1,0
D,DISPATCH,UNIT_SCADA,1,"2022/10/20 00:40:00",DARLSF1,0
D,DISPATCH,UNIT_SCADA,1,"2022/10/20 00:40:00",DARTM1,0
D,DISPATCH,UNIT_SCADA,1,"2022/10/20 00:40:00",DAYDSF1,0
D,DISPATCH,UNIT_SCADA,1,"2022/10/20 00:40:00",DDPS1,0
D,DISPATCH,UNIT_SCADA,1,"2022/10/20 00:40:00",DDSF1,0
D,DISPATCH,UNIT_SCADA,1,"2022/10/20 00:40:00",DEVILS_G,53.7199
D,DISPATCH,UNIT_SCADA,1,"2022/10/20 00:40:00",DG_NSW1,0
D,DISPATCH,UNIT_SCADA,1,"2022/10/20 00:40:00",DG_QLD1,0
D,DISPATCH,UNIT_SCADA,1,"2022/10/20 00:40:00",DG_SA1,0
D,DISPATCH,UNIT_SCADA,1,"2022/10/20 00:40:00",DG_TAS1,0
D,DISPATCH,UNIT_SCADA,1,"2022/10/20 00:40:00",DG_VIC1,0
D,DISPATCH,UNIT_SCADA,1,"2022/10/20 00:40:00",DRYCGT1,0
D,DISPATCH,UNIT_SCADA,1,"2022/10/20 00:40:00",DRYCGT2,0
D,DISPATCH,UNIT_SCADA,1,"2022/10/20 00:40:00",DRYCGT3,0
D,DISPATCH,UNIT_SCADA,1,"2022/10/20 00:40:00",DUNDWF1,52.19
D,DISPATCH,UNIT_SCADA,1,"2022/10/20 00:40:00",DUNDWF2,16.06
D,DISPATCH,UNIT_SCADA,1,"2022/10/20 00:40:00",DUNDWF3,33.81
D,DISPATCH,UNIT_SCADA,1,"2022/10/20 00:40:00",EILDON1,59.96
D,DISPATCH,UNIT_SCADA,1,"2022/10/20 00:40:00",EILDON2,59.88
D,DISPATCH,UNIT_SCADA,1,"2022/10/20 00:40:00",ELAINWF1,39.14
D,DISPATCH,UNIT_SCADA,1,"2022/10/20 00:40:00",EMERASF1,0
D,DISPATCH,UNIT_SCADA,1,"2022/10/20 00:40:00",ER01,0
D,DISPATCH,UNIT_SCADA,1,"2022/10/20 00:40:00",ER02,462.446010
D,DISPATCH,UNIT_SCADA,1,"2022/10/20 00:40:00",ER03,463.398190
D,DISPATCH,UNIT_SCADA,1,"2022/10/20 00:40:00",ER04,463.495850
D,DISPATCH,UNIT_SCADA,1,"2022/10/20 00:40:00",FINLYSF1,0
D,DISPATCH,UNIT_SCADA,1,"2022/10/20 00:40:00",FISHER,30.89
D,DISPATCH,UNIT_SCADA,1,"2022/10/20 00:40:00",GANGARR1,0
D,DISPATCH,UNIT_SCADA,1,"2022/10/20 00:40:00",GANNBG1,0
D,DISPATCH,UNIT_SCADA,1,"2022/10/20 00:40:00",GANNBL1,5.495350
D,DISPATCH,UNIT_SCADA,1,"2022/10/20 00:40:00",GANNSF1,0
D,DISPATCH,UNIT_SCADA,1,"2022/10/20 00:40:00",GLRWNSF1,0
D,DISPATCH,UNIT_SCADA,1,"2022/10/20 00:40:00",GNNDHSF1,0
D,DISPATCH,UNIT_SCADA,1,"2022/10/20 00:40:00",GOONSF1,0
D,DISPATCH,UNIT_SCADA,1,"2022/10/20 00:40:00",GORDON,197.777590
D,DISPATCH,UNIT_SCADA,1,"2022/10/20 00:40:00",GRANWF1,0
D,DISPATCH,UNIT_SCADA,1,"2022/10/20 00:40:00",GSTONE1,201.0750
D,DISPATCH,UNIT_SCADA,1,"2022/10/20 00:40:00",GSTONE2,0
D,DISPATCH,UNIT_SCADA,1,"2022/10/20 00:40:00",GSTONE3,200.3750
D,DISPATCH,UNIT_SCADA,1,"2022/10/20 00:40:00",GSTONE4,0
D,DISPATCH,UNIT_SCADA,1,"2022/10/20 00:40:00",GSTONE5,201.0750
D,DISPATCH,UNIT_SCADA,1,"2022/10/20 00:40:00",GSTONE6,201.25
D,DISPATCH,UNIT_SCADA,1,"2022/10/20 00:40:00",GULLRSF1,0
D,DISPATCH,UNIT_SCADA,1,"2022/10/20 00:40:00",GULLRWF1,70.023940
D,DISPATCH,UNIT_SCADA,1,"2022/10/20 00:40:00",GULLRWF2,89.211320
D,DISPATCH,UNIT_SCADA,1,"2022/10/20 00:40:00",GUNNING1,0
D,DISPATCH,UNIT_SCADA,1,"2022/10/20 00:40:00",GUTHEGA,68.100010
D,DISPATCH,UNIT_SCADA,1,"2022/10/20 00:40:00",HALLWF1,71
D,DISPATCH,UNIT_SCADA,1,"2022/10/20 00:40:00",HALLWF2,54.27
D,DISPATCH,UNIT_SCADA,1,"2022/10/20 00:40:00",HAMISF1,0
D,DISPATCH,UNIT_SCADA,1,"2022/10/20 00:40:00",HAUGHT11,0
D,DISPATCH,UNIT_SCADA,1,"2022/10/20 00:40:00",HAYMSF1,0
D,DISPATCH,UNIT_SCADA,1,"2022/10/20 00:40:00",HDWF1,56.90
D,DISPATCH,UNIT_SCADA,1,"2022/10/20 00:40:00",HDWF2,36.50
D,DISPATCH,UNIT_SCADA,1,"2022/10/20 00:40:00",HDWF3,53.50
D,DISPATCH,UNIT_SCADA,1,"2022/10/20 00:40:00",HILLSTN1,0
D,DISPATCH,UNIT_SCADA,1,"2022/10/20 00:40:00",HPRG1,4.90
D,DISPATCH,UNIT_SCADA,1,"2022/10/20 00:40:00",HPRL1,0
D,DISPATCH,UNIT_SCADA,1,"2022/10/20 00:40:00",HUMENSW,55.634960
D,DISPATCH,UNIT_SCADA,1,"2022/10/20 00:40:00",HUMEV,0
D,DISPATCH,UNIT_SCADA,1,"2022/10/20 00:40:00",HVWWBA1G,0
D,DISPATCH,UNIT_SCADA,1,"2022/10/20 00:40:00",HVWWBA1L,0.0060
D,DISPATCH,UNIT_SCADA,1,"2022/10/20 00:40:00",HVWWPV1,0
D,DISPATCH,UNIT_SCADA,1,"2022/10/20 00:40:00",JBUTTERS,0
D,DISPATCH,UNIT_SCADA,1,"2022/10/20 00:40:00",JEMALNG1,0
D,DISPATCH,UNIT_SCADA,1,"2022/10/20 00:40:00",JLA01,0
D,DISPATCH,UNIT_SCADA,1,"2022/10/20 00:40:00",JLA02,0
D,DISPATCH,UNIT_SCADA,1,"2022/10/20 00:40:00",JLA03,0
D,DISPATCH,UNIT_SCADA,1,"2022/10/20 00:40:00",JLA04,0
D,DISPATCH,UNIT_SCADA,1,"2022/10/20 00:40:00",JLB01,0
D,DISPATCH,UNIT_SCADA,1,"2022/10/20 00:40:00",JLB02,0.10
D,DISPATCH,UNIT_SCADA,1,"2022/10/20 00:40:00",JLB03,0
D,DISPATCH,UNIT_SCADA,1,"2022/10/20 00:40:00",JUNEESF1,0
D,DISPATCH,UNIT_SCADA,1,"2022/10/20 00:40:00",KABANWF1,0
D,DISPATCH,UNIT_SCADA,1,"2022/10/20 00:40:00",KAREEYA1,0
D,DISPATCH,UNIT_SCADA,1,"2022/10/20 00:40:00",KAREEYA2,0
D,DISPATCH,UNIT_SCADA,1,"2022/10/20 00:40:00",KAREEYA3,4.9225
D,DISPATCH,UNIT_SCADA,1,"2022/10/20 00:40:00",KAREEYA4,0
D,DISPATCH,UNIT_SCADA,1,"2022/10/20 00:40:00",KARSF1,0
D,DISPATCH,UNIT_SCADA,1,"2022/10/20 00:40:00",KEPSF1,0
D,DISPATCH,UNIT_SCADA,1,"2022/10/20 00:40:00",KEPWF1,0
D,DISPATCH,UNIT_SCADA,1,"2022/10/20 00:40:00",KIAMSF1,0
D,DISPATCH,UNIT_SCADA,1,"2022/10/20 00:40:00",KIATAWF1,30.80
D,DISPATCH,UNIT_SCADA,1,"2022/10/20 00:40:00",KPP_1,0
D,DISPATCH,UNIT_SCADA,1,"2022/10/20 00:40:00",KSP1,0
D,DISPATCH,UNIT_SCADA,1,"2022/10/20 00:40:00",LADBROK1,0.01
D,DISPATCH,UNIT_SCADA,1,"2022/10/20 00:40:00",LADBROK2,37.92
D,DISPATCH,UNIT_SCADA,1,"2022/10/20 00:40:00",LBBG1,0
D,DISPATCH,UNIT_SCADA,1,"2022/10/20 00:40:00",LBBL1,0
D,DISPATCH,UNIT_SCADA,1,"2022/10/20 00:40:00",LD01,318.631560
D,DISPATCH,UNIT_SCADA,1,"2022/10/20 00:40:00",LD02,0
D,DISPATCH,UNIT_SCADA,1,"2022/10/20 00:40:00",LD04,319.986570
D,DISPATCH,UNIT_SCADA,1,"2022/10/20 00:40:00",LEM_WIL,87.058110
D,DISPATCH,UNIT_SCADA,1,"2022/10/20 00:40:00",LGAPWF1,62.88
D,DISPATCH,UNIT_SCADA,1,"2022/10/20 00:40:00",LGAPWF2,30.24
D,DISPATCH,UNIT_SCADA,1,"2022/10/20 00:40:00",LILYSF1,0
D,DISPATCH,UNIT_SCADA,1,"2022/10/20 00:40:00",LIMOSF11,0
D,DISPATCH,UNIT_SCADA,1,"2022/10/20 00:40:00",LIMOSF21,0
D,DISPATCH,UNIT_SCADA,1,"2022/10/20 00:40:00",LI_WY_CA,56.163560
D,DISPATCH,UNIT_SCADA,1,"2022/10/20 00:40:00",LKBONNY1,0
D,DISPATCH,UNIT_SCADA,1,"2022/10/20 00:40:00",LKBONNY2,21.975330
D,DISPATCH,UNIT_SCADA,1,"2022/10/20 00:40:00",LKBONNY3,10.047970
D,DISPATCH,UNIT_SCADA,1,"2022/10/20 00:40:00",LK_ECHO,0
D,DISPATCH,UNIT_SCADA,1,"2022/10/20 00:40:00",LNGS1,0
D,DISPATCH,UNIT_SCADA,1,"2022/10/20 00:40:00",LNGS2,0
D,DISPATCH,UNIT_SCADA,1,"2022/10/20 00:40:00",LONSDALE,0
D,DISPATCH,UNIT_SCADA,1,"2022/10/20 00:40:00",LOYYB1,510.899990
D,DISPATCH,UNIT_SCADA,1,"2022/10/20 00:40:00",LOYYB2,500.373410
D,DISPATCH,UNIT_SCADA,1,"2022/10/20 00:40:00",LYA1,561
D,DISPATCH,UNIT_SCADA,1,"2022/10/20 00:40:00",LYA2,0
D,DISPATCH,UNIT_SCADA,1,"2022/10/20 00:40:00",LYA3,559
D,DISPATCH,UNIT_SCADA,1,"2022/10/20 00:40:00",LYA4,559
D,DISPATCH,UNIT_SCADA,1,"2022/10/20 00:40:00",MACARTH1,34.4992
D,DISPATCH,UNIT_SCADA,1,"2022/10/20 00:40:00",MACKNTSH,0
D,DISPATCH,UNIT_SCADA,1,"2022/10/20 00:40:00",MANSLR1,0
D,DISPATCH,UNIT_SCADA,1,"2022/10/20 00:40:00",MAPS2PV1,0
D,DISPATCH,UNIT_SCADA,1,"2022/10/20 00:40:00",MAPS3PV1,0
D,DISPATCH,UNIT_SCADA,1,"2022/10/20 00:40:00",MARYRSF1,0
D,DISPATCH,UNIT_SCADA,1,"2022/10/20 00:40:00",MBPS2PV1,0
D,DISPATCH,UNIT_SCADA,1,"2022/10/20 00:40:00",MCKAY1,0.02
D,DISPATCH,UNIT_SCADA,1,"2022/10/20 00:40:00",MEADOWBK,19.777360
D,DISPATCH,UNIT_SCADA,1,"2022/10/20 00:40:00",MERCER01,44
D,DISPATCH,UNIT_SCADA,1,"2022/10/20 00:40:00",METZSF1,0
D,DISPATCH,UNIT_SCADA,1,"2022/10/20 00:40:00",MEWF1,13
D,DISPATCH,UNIT_SCADA,1,"2022/10/20 00:40:00",MIDDLSF1,0
D,DISPATCH,UNIT_SCADA,1,"2022/10/20 00:40:00",MINTARO,0.128180
D,DISPATCH,UNIT_SCADA,1,"2022/10/20 00:40:00",MOLNGSF1,0
D,DISPATCH,UNIT_SCADA,1,"2022/10/20 00:40:00",MOORAWF1,63.40
D,DISPATCH,UNIT_SCADA,1,"2022/10/20 00:40:00",MOREESF1,0
D,DISPATCH,UNIT_SCADA,1,"2022/10/20 00:40:00",MORTLK11,0
D,DISPATCH,UNIT_SCADA,1,"2022/10/20 00:40:00",MORTLK12,0
D,DISPATCH,UNIT_SCADA,1,"2022/10/20 00:40:00",MOUSF1,0
D,DISPATCH,UNIT_SCADA,1,"2022/10/20 00:40:00",MP1,0
D,DISPATCH,UNIT_SCADA,1,"2022/10/20 00:40:00",MP2,354.973660
D,DISPATCH,UNIT_SCADA,1,"2022/10/20 00:40:00",MPP_1,44.587680
D,DISPATCH,UNIT_SCADA,1,"2022/10/20 00:40:00",MPP_2,0
D,DISPATCH,UNIT_SCADA,1,"2022/10/20 00:40:00",MRTLSWF1,0
D,DISPATCH,UNIT_SCADA,1,"2022/10/20 00:40:00",MSTUART1,0
D,DISPATCH,UNIT_SCADA,1,"2022/10/20 00:40:00",MSTUART2,0
D,DISPATCH,UNIT_SCADA,1,"2022/10/20 00:40:00",MSTUART3,0
D,DISPATCH,UNIT_SCADA,1,"2022/10/20 00:40:00",MTGELWF1,0.085450
D,DISPATCH,UNIT_SCADA,1,"2022/10/20 00:40:00",MTMILLAR,10
D,DISPATCH,UNIT_SCADA,1,"2022/10/20 00:40:00",MURRAY,4.50
D,DISPATCH,UNIT_SCADA,1,"2022/10/20 00:40:00",MUSSELR1,70.60
D,DISPATCH,UNIT_SCADA,1,"2022/10/20 00:40:00",MUWAWF1,184.86
D,DISPATCH,UNIT_SCADA,1,"2022/10/20 00:40:00",MUWAWF2,184
D,DISPATCH,UNIT_SCADA,1,"2022/10/20 00:40:00",MWPS1PV1,0
D,DISPATCH,UNIT_SCADA,1,"2022/10/20 00:40:00",MWPS2PV1,0
D,DISPATCH,UNIT_SCADA,1,"2022/10/20 00:40:00",MWPS3PV1,0
D,DISPATCH,UNIT_SCADA,1,"2022/10/20 00:40:00",MWPS4PV1,0
D,DISPATCH,UNIT_SCADA,1,"2022/10/20 00:40:00",NBHWF1,110.80
D,DISPATCH,UNIT_SCADA,1,"2022/10/20 00:40:00",NEVERSF1,0
D,DISPATCH,UNIT_SCADA,1,"2022/10/20 00:40:00",NPS,0
D,DISPATCH,UNIT_SCADA,1,"2022/10/20 00:40:00",NUMURSF1,0
D,DISPATCH,UNIT_SCADA,1,"2022/10/20 00:40:00",NYNGAN1,0
D,DISPATCH,UNIT_SCADA,1,"2022/10/20 00:40:00",OAKEY1,0
D,DISPATCH,UNIT_SCADA,1,"2022/10/20 00:40:00",OAKEY1SF,0
D,DISPATCH,UNIT_SCADA,1,"2022/10/20 00:40:00",OAKEY2,0
D,DISPATCH,UNIT_SCADA,1,"2022/10/20 00:40:00",OAKEY2SF,0
D,DISPATCH,UNIT_SCADA,1,"2022/10/20 00:40:00",OAKLAND1,22.20
D,DISPATCH,UNIT_SCADA,1,"2022/10/20 00:40:00",OSB-AG,0
D,DISPATCH,UNIT_SCADA,1,"2022/10/20 00:40:00",PAREPS1,0.0660
D,DISPATCH,UNIT_SCADA,1,"2022/10/20 00:40:00",PAREPW1,18.49
D,DISPATCH,UNIT_SCADA,1,"2022/10/20 00:40:00",PARSF1,0.001530
D,DISPATCH,UNIT_SCADA,1,"2022/10/20 00:40:00",POAT110,0
D,DISPATCH,UNIT_SCADA,1,"2022/10/20 00:40:00",POAT220,0
D,DISPATCH,UNIT_SCADA,1,"2022/10/20 00:40:00",POR01,0
D,DISPATCH,UNIT_SCADA,1,"2022/10/20 00:40:00",POR03,0
D,DISPATCH,UNIT_SCADA,1,"2022/10/20 00:40:00",PPCCGT,172.209920
D,DISPATCH,UNIT_SCADA,1,"2022/10/20 00:40:00",PTSTAN1,0
D,DISPATCH,UNIT_SCADA,1,"2022/10/20 00:40:00",PUMP1,0
D,DISPATCH,UNIT_SCADA,1,"2022/10/20 00:40:00",PUMP2,0
D,DISPATCH,UNIT_SCADA,1,"2022/10/20 00:40:00",QBYNBG1,0
D,DISPATCH,UNIT_SCADA,1,"2022/10/20 00:40:00",QBYNBL1,0.0005
D,DISPATCH,UNIT_SCADA,1,"2022/10/20 00:40:00",QPS1,0
D,DISPATCH,UNIT_SCADA,1,"2022/10/20 00:40:00",QPS2,0
D,DISPATCH,UNIT_SCADA,1,"2022/10/20 00:40:00",QPS3,0
D,DISPATCH,UNIT_SCADA,1,"2022/10/20 00:40:00",QPS4,0
D,DISPATCH,UNIT_SCADA,1,"2022/10/20 00:40:00",QPS5,75.06
D,DISPATCH,UNIT_SCADA,1,"2022/10/20 00:40:00",REECE1,0
D,DISPATCH,UNIT_SCADA,1,"2022/10/20 00:40:00",REECE2,0
D,DISPATCH,UNIT_SCADA,1,"2022/10/20 00:40:00",ROMA_7,0
D,DISPATCH,UNIT_SCADA,1,"2022/10/20 00:40:00",ROMA_8,0
D,DISPATCH,UNIT_SCADA,1,"2022/10/20 00:40:00",RRSF1,0
D,DISPATCH,UNIT_SCADA,1,"2022/10/20 00:40:00",RT_NSW1,0
D,DISPATCH,UNIT_SCADA,1,"2022/10/20 00:40:00",RT_NSW2,0
D,DISPATCH,UNIT_SCADA,1,"2022/10/20 00:40:00",RT_NSW3,0
D,DISPATCH,UNIT_SCADA,1,"2022/10/20 00:40:00",RT_NSW4,0
D,DISPATCH,UNIT_SCADA,1,"2022/10/20 00:40:00",RT_NSW5,0
D,DISPATCH,UNIT_SCADA,1,"2022/10/20 00:40:00",RT_NSW6,0
D,DISPATCH,UNIT_SCADA,1,"2022/10/20 00:40:00",RT_QLD1,0
D,DISPATCH,UNIT_SCADA,1,"2022/10/20 00:40:00",RT_SA1,0
D,DISPATCH,UNIT_SCADA,1,"2022/10/20 00:40:00",RT_SA2,0
D,DISPATCH,UNIT_SCADA,1,"2022/10/20 00:40:00",RT_SA3,0
D,DISPATCH,UNIT_SCADA,1,"2022/10/20 00:40:00",RT_SA4,0
D,DISPATCH,UNIT_SCADA,1,"2022/10/20 00:40:00",RT_SA5,0
D,DISPATCH,UNIT_SCADA,1,"2022/10/20 00:40:00",RT_SA6,0
D,DISPATCH,UNIT_SCADA,1,"2022/10/20 00:40:00",RT_TAS1,0
D,DISPATCH,UNIT_SCADA,1,"2022/10/20 00:40:00",RT_VIC1,0
D,DISPATCH,UNIT_SCADA,1,"2022/10/20 00:40:00",RT_VIC10,0
D,DISPATCH,UNIT_SCADA,1,"2022/10/20 00:40:00",RT_VIC11,0
D,DISPATCH,UNIT_SCADA,1,"2022/10/20 00:40:00",RT_VIC12,0
D,DISPATCH,UNIT_SCADA,1,"2022/10/20 00:40:00",RT_VIC2,0
D,DISPATCH,UNIT_SCADA,1,"2022/10/20 00:40:00",RT_VIC3,0
D,DISPATCH,UNIT_SCADA,1,"2022/10/20 00:40:00",RT_VIC4,0
D,DISPATCH,UNIT_SCADA,1,"2022/10/20 00:40:00",RT_VIC5,0
D,DISPATCH,UNIT_SCADA,1,"2022/10/20 00:40:00",RT_VIC6,0
D,DISPATCH,UNIT_SCADA,1,"2022/10/20 00:40:00",RT_VIC7,0
D,DISPATCH,UNIT_SCADA,1,"2022/10/20 00:40:00",RT_VIC8,0
D,DISPATCH,UNIT_SCADA,1,"2022/10/20 00:40:00",RT_VIC9,0
D,DISPATCH,UNIT_SCADA,1,"2022/10/20 00:40:00",RUGBYR1,0
D,DISPATCH,UNIT_SCADA,1,"2022/10/20 00:40:00",SALTCRK1,7.98
D,DISPATCH,UNIT_SCADA,1,"2022/10/20 00:40:00",SAPHWF1,242.888530
D,DISPATCH,UNIT_SCADA,1,"2022/10/20 00:40:00",SEBSF1,0
D,DISPATCH,UNIT_SCADA,1,"2022/10/20 00:40:00",SHGEN,0
D,DISPATCH,UNIT_SCADA,1,"2022/10/20 00:40:00",SHPUMP,0
D,DISPATCH,UNIT_SCADA,1,"2022/10/20 00:40:00",SITHE01,0.153860
D,DISPATCH,UNIT_SCADA,1,"2022/10/20 00:40:00",SMCSF1,0
D,DISPATCH,UNIT_SCADA,1,"2022/10/20 00:40:00",SNAPPER1,0
D,DISPATCH,UNIT_SCADA,1,"2022/10/20 00:40:00",SNOWNTH1,132.30
D,DISPATCH,UNIT_SCADA,1,"2022/10/20 00:40:00",SNOWSTH1,114.100010
D,DISPATCH,UNIT_SCADA,1,"2022/10/20 00:40:00",SNOWTWN1,90.680950
D,DISPATCH,UNIT_SCADA,1,"2022/10/20 00:40:00",SNOWYP,0
D,DISPATCH,UNIT_SCADA,1,"2022/10/20 00:40:00",SNUG1,0
D,DISPATCH,UNIT_SCADA,1,"2022/10/20 00:40:00",SRSF1,0
D,DISPATCH,UNIT_SCADA,1,"2022/10/20 00:40:00",STAN-1,278.594880
D,DISPATCH,UNIT_SCADA,1,"2022/10/20 00:40:00",STAN-2,365.614930
D,DISPATCH,UNIT_SCADA,1,"2022/10/20 00:40:00",STAN-3,364.576690
D,DISPATCH,UNIT_SCADA,1,"2022/10/20 00:40:00",STAN-4,365.140660
D,DISPATCH,UNIT_SCADA,1,"2022/10/20 00:40:00",STARHLWF,25.892450
D,DISPATCH,UNIT_SCADA,1,"2022/10/20 00:40:00",STOCKYD1,272.829990
D,DISPATCH,UNIT_SCADA,1,"2022/10/20 00:40:00",STWF1,175.910280
D,DISPATCH,UNIT_SCADA,1,"2022/10/20 00:40:00",SUNRSF1,0
D,DISPATCH,UNIT_SCADA,1,"2022/10/20 00:40:00",SUNTPSF1,0
D,DISPATCH,UNIT_SCADA,1,"2022/10/20 00:40:00",SWAN_E,262.5950
D,DISPATCH,UNIT_SCADA,1,"2022/10/20 00:40:00",TALWA1,0
D,DISPATCH,UNIT_SCADA,1,"2022/10/20 00:40:00",TARALGA1,0
D,DISPATCH,UNIT_SCADA,1,"2022/10/20 00:40:00",TARONG#1,291.700010
D,DISPATCH,UNIT_SCADA,1,"2022/10/20 00:40:00",TARONG#2,290.800020
D,DISPATCH,UNIT_SCADA,1,"2022/10/20 00:40:00",TARONG#3,0.90
D,DISPATCH,UNIT_SCADA,1,"2022/10/20 00:40:00",TARONG#4,190.70
D,DISPATCH,UNIT_SCADA,1,"2022/10/20 00:40:00",TARRALEA,54
D,DISPATCH,UNIT_SCADA,1,"2022/10/20 00:40:00",TBSF1,0
D,DISPATCH,UNIT_SCADA,1,"2022/10/20 00:40:00",TNPS1,301.1875
D,DISPATCH,UNIT_SCADA,1,"2022/10/20 00:40:00",TORRB1,0
D,DISPATCH,UNIT_SCADA,1,"2022/10/20 00:40:00",TORRB2,41
D,DISPATCH,UNIT_SCADA,1,"2022/10/20 00:40:00",TORRB3,0
D,DISPATCH,UNIT_SCADA,1,"2022/10/20 00:40:00",TORRB4,0
D,DISPATCH,UNIT_SCADA,1,"2022/10/20 00:40:00",TREVALLN,100.338670
D,DISPATCH,UNIT_SCADA,1,"2022/10/20 00:40:00",TRIBUTE,0
D,DISPATCH,UNIT_SCADA,1,"2022/10/20 00:40:00",TUMUT3,0
D,DISPATCH,UNIT_SCADA,1,"2022/10/20 00:40:00",TUNGATIN,5.990020
D,DISPATCH,UNIT_SCADA,1,"2022/10/20 00:40:00",TVCC201,0
D,DISPATCH,UNIT_SCADA,1,"2022/10/20 00:40:00",TVPP104,0
D,DISPATCH,UNIT_SCADA,1,"2022/10/20 00:40:00",UPPTUMUT,0
D,DISPATCH,UNIT_SCADA,1,"2022/10/20 00:40:00",URANQ11,0
D,DISPATCH,UNIT_SCADA,1,"2022/10/20 00:40:00",URANQ12,0
D,DISPATCH,UNIT_SCADA,1,"2022/10/20 00:40:00",URANQ13,0
D,DISPATCH,UNIT_SCADA,1,"2022/10/20 00:40:00",URANQ14,0
D,DISPATCH,UNIT_SCADA,1,"2022/10/20 00:40:00",VBBG1,0
D,DISPATCH,UNIT_SCADA,1,"2022/10/20 00:40:00",VBBL1,78.40
D,DISPATCH,UNIT_SCADA,1,"2022/10/20 00:40:00",VP5,611.078250
D,DISPATCH,UNIT_SCADA,1,"2022/10/20 00:40:00",VP6,626.264220
D,DISPATCH,UNIT_SCADA,1,"2022/10/20 00:40:00",VPGS1,0
D,DISPATCH,UNIT_SCADA,1,"2022/10/20 00:40:00",VPGS2,0
D,DISPATCH,UNIT_SCADA,1,"2022/10/20 00:40:00",VPGS3,0
D,DISPATCH,UNIT_SCADA,1,"2022/10/20 00:40:00",VPGS4,0
D,DISPATCH,UNIT_SCADA,1,"2022/10/20 00:40:00",VPGS5,0
D,DISPATCH,UNIT_SCADA,1,"2022/10/20 00:40:00",VPGS6,0
D,DISPATCH,UNIT_SCADA,1,"2022/10/20 00:40:00",W/HOE#1,0
D,DISPATCH,UNIT_SCADA,1,"2022/10/20 00:40:00",W/HOE#2,0
D,DISPATCH,UNIT_SCADA,1,"2022/10/20 00:40:00",WAGGNSF1,0
D,DISPATCH,UNIT_SCADA,1,"2022/10/20 00:40:00",WALGRVG1,0.000930
D,DISPATCH,UNIT_SCADA,1,"2022/10/20 00:40:00",WALGRVL1,0
D,DISPATCH,UNIT_SCADA,1,"2022/10/20 00:40:00",WANDBG1,0
D,DISPATCH,UNIT_SCADA,1,"2022/10/20 00:40:00",WANDBL1,0
D,DISPATCH,UNIT_SCADA,1,"2022/10/20 00:40:00",WARWSF1,0
D,DISPATCH,UNIT_SCADA,1,"2022/10/20 00:40:00",WARWSF2,0
D,DISPATCH,UNIT_SCADA,1,"2022/10/20 00:40:00",WATERLWF,60.30
D,DISPATCH,UNIT_SCADA,1,"2022/10/20 00:40:00",WDGPH1,0
D,DISPATCH,UNIT_SCADA,1,"2022/10/20 00:40:00",WELLSF1,0
D,DISPATCH,UNIT_SCADA,1,"2022/10/20 00:40:00",WEMENSF1,0
D,DISPATCH,UNIT_SCADA,1,"2022/10/20 00:40:00",WGWF1,97.80
D,DISPATCH,UNIT_SCADA,1,"2022/10/20 00:40:00",WHITSF1,0
D,DISPATCH,UNIT_SCADA,1,"2022/10/20 00:40:00",WINTSF1,0
D,DISPATCH,UNIT_SCADA,1,"2022/10/20 00:40:00",WKIEWA1,33.90
D,DISPATCH,UNIT_SCADA,1,"2022/10/20 00:40:00",WKIEWA2,34
D,DISPATCH,UNIT_SCADA,1,"2022/10/20 00:40:00",WOODLWN1,16.528080
D,DISPATCH,UNIT_SCADA,1,"2022/10/20 00:40:00",WOOLGSF1,0
D,DISPATCH,UNIT_SCADA,1,"2022/10/20 00:40:00",WPWF,69.23
D,DISPATCH,UNIT_SCADA,1,"2022/10/20 00:40:00",WRSF1,0
D,DISPATCH,UNIT_SCADA,1,"2022/10/20 00:40:00",WRWF1,63.9591
D,DISPATCH,UNIT_SCADA,1,"2022/10/20 00:40:00",WSTWYSF1,0
D,DISPATCH,UNIT_SCADA,1,"2022/10/20 00:40:00",YABULU,0
D,DISPATCH,UNIT_SCADA,1,"2022/10/20 00:40:00",YABULU2,0
D,DISPATCH,UNIT_SCADA,1,"2022/10/20 00:40:00",YARANSF1,0
D,DISPATCH,UNIT_SCADA,1,"2022/10/20 00:40:00",YARWUN_1,159.349990
D,DISPATCH,UNIT_SCADA,1,"2022/10/20 00:40:00",YATSF1,0
D,DISPATCH,UNIT_SCADA,1,"2022/10/20 00:40:00",YENDWF1,42.30
D,DISPATCH,UNIT_SCADA,1,"2022/10/20 00:40:00",YWPS1,365.162020
D,DISPATCH,UNIT_SCADA,1,"2022/10/20 00:40:00",YWPS2,359.397460
D,DISPATCH,UNIT_SCADA,1,"2022/10/20 00:40:00",YWPS3,359.388610
D,DISPATCH,UNIT_SCADA,1,"2022/10/20 00:40:00",YWPS4,0
C,"END OF REPORT",419
