C,NEMP.WORLD,DISPATCHSCADA,AEMO,PUBLIC,2022/10/20,02:55:09,0000000373224048,DISPATCHSCADA,0000000373224042
I,DISPATCH,UNIT_SCADA,1,SETTLEMENTDATE,DUID,SCADAVALUE
D,DISPATCH,UNIT_SCADA,1,"2022/10/20 03:00:00",BARCSF1,0.10
D,DISPATCH,UNIT_SCADA,1,"2022/10/20 03:00:00",BUTLERSG,8.699999
D,DISPATCH,UNIT_SCADA,1,"2022/10/20 03:00:00",CAPTL_WF,0
D,DISPATCH,UNIT_SCADA,1,"2022/10/20 03:00:00",CHALLHWF,19.400002
D,DISPATCH,UNIT_SCADA,1,"2022/10/20 03:00:00",CLOVER,13.29
D,DISPATCH,UNIT_SCADA,1,"2022/10/20 03:00:00",CLUNY,6.139162
D,DISPATCH,UNIT_SCADA,1,"2022/10/20 03:00:00",CULLRGWF,-0.04
D,DISPATCH,UNIT_SCADA,1,"2022/10/20 03:00:00",DIAPURWF1,7.30
D,DISPATCH,UNIT_SCADA,1,"2022/10/20 03:00:00",ERGT01,0
D,DISPATCH,UNIT_SCADA,1,"2022/10/20 03:00:00",GB01,0
D,DISPATCH,UNIT_SCADA,1,"2022/10/20 03:00:00",GERMCRK,21.200001
D,DISPATCH,UNIT_SCADA,1,"2022/10/20 03:00:00",GRIFSF1,0.001526
D,DISPATCH,UNIT_SCADA,1,"2022/10/20 03:00:00",HEZ1,0
D,DISPATCH,UNIT_SCADA,1,"2022/10/20 03:00:00",HUGSF1,-0.1740
D,DISPATCH,UNIT_SCADA,1,"2022/10/20 03:00:00",KEPBG1,0.02
D,DISPATCH,UNIT_SCADA,1,"2022/10/20 03:00:00",LRSF1,0.0240
D,DISPATCH,UNIT_SCADA,1,"2022/10/20 03:00:00",MBAHNTH,50.137497
D,DISPATCH,UNIT_SCADA,1,"2022/10/20 03:00:00",MLSP1,0
D,DISPATCH,UNIT_SCADA,1,"2022/10/20 03:00:00",MLWF1,0.7650
D,DISPATCH,UNIT_SCADA,1,"2022/10/20 03:00:00",PALOONA,30.40
D,DISPATCH,UNIT_SCADA,1,"2022/10/20 03:00:00",PIONEER,44.100002
D,DISPATCH,UNIT_SCADA,1,"2022/10/20 03:00:00",PORTWF,28.799999
D,DISPATCH,UNIT_SCADA,1,"2022/10/20 03:00:00",REPULSE,9.562524
D,DISPATCH,UNIT_SCADA,1,"2022/10/20 03:00:00",ROWALLAN,8.9460
D,DISPATCH,UNIT_SCADA,1,"2022/10/20 03:00:00",ROYALLA1,0
D,DISPATCH,UNIT_SCADA,1,"2022/10/20 03:00:00",RPCG,-1.20
D,DISPATCH,UNIT_SCADA,1,"2022/10/20 03:00:00",RUBICON,0
D,DISPATCH,UNIT_SCADA,1,"2022/10/20 03:00:00",WAUBRAWF,91.130997
D,DISPATCH,UNIT_SCADA,1,"2022/10/20 03:00:00",WOOLNTH1,11.29
D,DISPATCH,UNIT_SCADA,1,"2022/10/20 03:00:00",YAMBUKWF,1.50
D,DISPATCH,UNIT_SCADA,1,"2022/10/20 03:00:00",YSWF1,2.40
D,DISPATCH,UNIT_SCADA,1,"2022/10/20 03:00:00",ADPBA1G,0.0080
D,DISPATCH,UNIT_SCADA,1,"2022/10/20 03:00:00",ADPBA1L,0
D,DISPATCH,UNIT_SCADA,1,"2022/10/20 03:00:00",ADPPV1,0
D,DISPATCH,UNIT_SCADA,1,"2022/10/20 03:00:00",AGLHAL,0
D,DISPATCH,UNIT_SCADA,1,"2022/10/20 03:00:00",AGLSOM,0
D,DISPATCH,UNIT_SCADA,1,"2022/10/20 03:00:00",ANGAST1,0
D,DISPATCH,UNIT_SCADA,1,"2022/10/20 03:00:00",ARWF1,9.70
D,DISPATCH,UNIT_SCADA,1,"2022/10/20 03:00:00",BALBG1,0
D,DISPATCH,UNIT_SCADA,1,"2022/10/20 03:00:00",BALBL1,0
D,DISPATCH,UNIT_SCADA,1,"2022/10/20 03:00:00",BALDHWF1,0
D,DISPATCH,UNIT_SCADA,1,"2022/10/20 03:00:00",BANGOWF1,46.297090
D,DISPATCH,UNIT_SCADA,1,"2022/10/20 03:00:00",BANGOWF2,48.499350
D,DISPATCH,UNIT_SCADA,1,"2022/10/20 03:00:00",BANN1,0
D,DISPATCH,UNIT_SCADA,1,"2022/10/20 03:00:00",BARCALDN,0
D,DISPATCH,UNIT_SCADA,1,"2022/10/20 03:00:00",BARKIPS1,0
D,DISPATCH,UNIT_SCADA,1,"2022/10/20 03:00:00",BARRON-1,0
D,DISPATCH,UNIT_SCADA,1,"2022/10/20 03:00:00",BARRON-2,0
D,DISPATCH,UNIT_SCADA,1,"2022/10/20 03:00:00",BASTYAN,0
D,DISPATCH,UNIT_SCADA,1,"2022/10/20 03:00:00",BBTHREE1,0
D,DISPATCH,UNIT_SCADA,1,"2022/10/20 03:00:00",BBTHREE2,0
D,DISPATCH,UNIT_SCADA,1,"2022/10/20 03:00:00",BBTHREE3,0
D,DISPATCH,UNIT_SCADA,1,"2022/10/20 03:00:00",BDL01,0
D,DISPATCH,UNIT_SCADA,1,"2022/10/20 03:00:00",BDL02,0
D,DISPATCH,UNIT_SCADA,1,"2022/10/20 03:00:00",BERYLSF1,0
D,DISPATCH,UNIT_SCADA,1,"2022/10/20 03:00:00",BLOWERNG,62.60
D,DISPATCH,UNIT_SCADA,1,"2022/10/20 03:00:00",BLUEGSF1,0
D,DISPATCH,UNIT_SCADA,1,"2022/10/20 03:00:00",BLUFF1,1.90
D,DISPATCH,UNIT_SCADA,1,"2022/10/20 03:00:00",BNGSF1,0
D,DISPATCH,UNIT_SCADA,1,"2022/10/20 03:00:00",BNGSF2,0
D,DISPATCH,UNIT_SCADA,1,"2022/10/20 03:00:00",BOCORWF1,4.69
D,DISPATCH,UNIT_SCADA,1,"2022/10/20 03:00:00",BODWF1,84.631480
D,DISPATCH,UNIT_SCADA,1,"2022/10/20 03:00:00",BOMENSF1,0
D,DISPATCH,UNIT_SCADA,1,"2022/10/20 03:00:00",BOWWBA1G,0.0010
D,DISPATCH,UNIT_SCADA,1,"2022/10/20 03:00:00",BOWWBA1L,0
D,DISPATCH,UNIT_SCADA,1,"2022/10/20 03:00:00",BOWWPV1,0.0010
D,DISPATCH,UNIT_SCADA,1,"2022/10/20 03:00:00",BRAEMAR1,0
D,DISPATCH,UNIT_SCADA,1,"2022/10/20 03:00:00",BRAEMAR2,0
D,DISPATCH,UNIT_SCADA,1,"2022/10/20 03:00:00",BRAEMAR3,0
D,DISPATCH,UNIT_SCADA,1,"2022/10/20 03:00:00",BRAEMAR5,0.292060
D,DISPATCH,UNIT_SCADA,1,"2022/10/20 03:00:00",BRAEMAR6,0
D,DISPATCH,UNIT_SCADA,1,"2022/10/20 03:00:00",BRAEMAR7,0.130920
D,DISPATCH,UNIT_SCADA,1,"2022/10/20 03:00:00",BROKENH1,0
D,DISPATCH,UNIT_SCADA,1,"2022/10/20 03:00:00",BRYB1WF1,124.791340
D,DISPATCH,UNIT_SCADA,1,"2022/10/20 03:00:00",BULBESG1,0
D,DISPATCH,UNIT_SCADA,1,"2022/10/20 03:00:00",BULBESL1,0.03
D,DISPATCH,UNIT_SCADA,1,"2022/10/20 03:00:00",BULGANA1,42.03
D,DISPATCH,UNIT_SCADA,1,"2022/10/20 03:00:00",BW01,447.479980
D,DISPATCH,UNIT_SCADA,1,"2022/10/20 03:00:00",BW02,440.2533
D,DISPATCH,UNIT_SCADA,1,"2022/10/20 03:00:00",BW03,440.448610
D,DISPATCH,UNIT_SCADA,1,"2022/10/20 03:00:00",BW04,0
D,DISPATCH,UNIT_SCADA,1,"2022/10/20 03:00:00",CALL_B_1,320.700010
D,DISPATCH,UNIT_SCADA,1,"2022/10/20 03:00:00",CALL_B_2,319.899990
D,DISPATCH,UNIT_SCADA,1,"2022/10/20 03:00:00",CATHROCK,13.70
D,DISPATCH,UNIT_SCADA,1,"2022/10/20 03:00:00",CBWWBA1G,0
D,DISPATCH,UNIT_SCADA,1,"2022/10/20 03:00:00",CBWWBA1L,0
D,DISPATCH,UNIT_SCADA,1,"2022/10/20 03:00:00",CETHANA,98.364130
D,DISPATCH,UNIT_SCADA,1,"2022/10/20 03:00:00",CG1,0
D,DISPATCH,UNIT_SCADA,1,"2022/10/20 03:00:00",CG2,0
D,DISPATCH,UNIT_SCADA,1,"2022/10/20 03:00:00",CG3,0
D,DISPATCH,UNIT_SCADA,1,"2022/10/20 03:00:00",CG4,0
D,DISPATCH,UNIT_SCADA,1,"2022/10/20 03:00:00",CHILDSF1,0
D,DISPATCH,UNIT_SCADA,1,"2022/10/20 03:00:00",CHYTWF1,13.37
D,DISPATCH,UNIT_SCADA,1,"2022/10/20 03:00:00",CLARESF1,0
D,DISPATCH,UNIT_SCADA,1,"2022/10/20 03:00:00",CLEMGPWF,26.436850
D,DISPATCH,UNIT_SCADA,1,"2022/10/20 03:00:00",CLERMSF1,0
D,DISPATCH,UNIT_SCADA,1,"2022/10/20 03:00:00",CNUNDAWF,0
D,DISPATCH,UNIT_SCADA,1,"2022/10/20 03:00:00",COHUNSF1,0
D,DISPATCH,UNIT_SCADA,1,"2022/10/20 03:00:00",COLEASF1,0
D,DISPATCH,UNIT_SCADA,1,"2022/10/20 03:00:00",COLUMSF1,0
D,DISPATCH,UNIT_SCADA,1,"2022/10/20 03:00:00",COLWF01,41.017780
D,DISPATCH,UNIT_SCADA,1,"2022/10/20 03:00:00",COOPGWF1,370.88
D,DISPATCH,UNIT_SCADA,1,"2022/10/20 03:00:00",CPP_3,360.524990
D,DISPATCH,UNIT_SCADA,1,"2022/10/20 03:00:00",CPP_4,0
D,DISPATCH,UNIT_SCADA,1,"2022/10/20 03:00:00",CPSA,0
D,DISPATCH,UNIT_SCADA,1,"2022/10/20 03:00:00",CROOKWF2,16.443730
D,DISPATCH,UNIT_SCADA,1,"2022/10/20 03:00:00",CROWLWF1,36.241410
D,DISPATCH,UNIT_SCADA,1,"2022/10/20 03:00:00",CRURWF1,50.696350
D,DISPATCH,UNIT_SCADA,1,"2022/10/20 03:00:00",CRWASF1,0
D,DISPATCH,UNIT_SCADA,1,"2022/10/20 03:00:00",CSPVPS1,0
D,DISPATCH,UNIT_SCADA,1,"2022/10/20 03:00:00",CTHLWF1,0.003050
D,DISPATCH,UNIT_SCADA,1,"2022/10/20 03:00:00",DALNTH01,0
D,DISPATCH,UNIT_SCADA,1,"2022/10/20 03:00:00",DALNTHL1,0.083920
D,DISPATCH,UNIT_SCADA,1,"2022/10/20 03:00:00",DARLSF1,0
D,DISPATCH,UNIT_SCADA,1,"2022/10/20 03:00:00",DARTM1,0
D,DISPATCH,UNIT_SCADA,1,"2022/10/20 03:00:00",DAYDSF1,0
D,DISPATCH,UNIT_SCADA,1,"2022/10/20 03:00:00",DDPS1,0
D,DISPATCH,UNIT_SCADA,1,"2022/10/20 03:00:00",DDSF1,0
D,DISPATCH,UNIT_SCADA,1,"2022/10/20 03:00:00",DEVILS_G,53.885920
D,DISPATCH,UNIT_SCADA,1,"2022/10/20 03:00:00",DG_NSW1,0
D,DISPATCH,UNIT_SCADA,1,"2022/10/20 03:00:00",DG_QLD1,0
D,DISPATCH,UNIT_SCADA,1,"2022/10/20 03:00:00",DG_SA1,0
D,DISPATCH,UNIT_SCADA,1,"2022/10/20 03:00:00",DG_TAS1,0
D,DISPATCH,UNIT_SCADA,1,"2022/10/20 03:00:00",DG_VIC1,0
D,DISPATCH,UNIT_SCADA,1,"2022/10/20 03:00:00",DRYCGT1,0
D,DISPATCH,UNIT_SCADA,1,"2022/10/20 03:00:00",DRYCGT2,0
D,DISPATCH,UNIT_SCADA,1,"2022/10/20 03:00:00",DRYCGT3,0
D,DISPATCH,UNIT_SCADA,1,"2022/10/20 03:00:00",DUNDWF1,80.66
D,DISPATCH,UNIT_SCADA,1,"2022/10/20 03:00:00",DUNDWF2,25.93
D,DISPATCH,UNIT_SCADA,1,"2022/10/20 03:00:00",DUNDWF3,60.56
D,DISPATCH,UNIT_SCADA,1,"2022/10/20 03:00:00",EILDON1,60.04
D,DISPATCH,UNIT_SCADA,1,"2022/10/20 03:00:00",EILDON2,59.88
D,DISPATCH,UNIT_SCADA,1,"2022/10/20 03:00:00",ELAINWF1,30.73
D,DISPATCH,UNIT_SCADA,1,"2022/10/20 03:00:00",EMERASF1,0
D,DISPATCH,UNIT_SCADA,1,"2022/10/20 03:00:00",ER01,0
D,DISPATCH,UNIT_SCADA,1,"2022/10/20 03:00:00",ER02,284.977480
D,DISPATCH,UNIT_SCADA,1,"2022/10/20 03:00:00",ER03,329.387360
D,DISPATCH,UNIT_SCADA,1,"2022/10/20 03:00:00",ER04,329.436190
D,DISPATCH,UNIT_SCADA,1,"2022/10/20 03:00:00",FINLYSF1,0
D,DISPATCH,UNIT_SCADA,1,"2022/10/20 03:00:00",FISHER,30.99
D,DISPATCH,UNIT_SCADA,1,"2022/10/20 03:00:00",GANGARR1,0
D,DISPATCH,UNIT_SCADA,1,"2022/10/20 03:00:00",GANNBG1,0
D,DISPATCH,UNIT_SCADA,1,"2022/10/20 03:00:00",GANNBL1,5.810170
D,DISPATCH,UNIT_SCADA,1,"2022/10/20 03:00:00",GANNSF1,0
D,DISPATCH,UNIT_SCADA,1,"2022/10/20 03:00:00",GLRWNSF1,0
D,DISPATCH,UNIT_SCADA,1,"2022/10/20 03:00:00",GNNDHSF1,0
D,DISPATCH,UNIT_SCADA,1,"2022/10/20 03:00:00",GOONSF1,0
D,DISPATCH,UNIT_SCADA,1,"2022/10/20 03:00:00",GORDON,194.814610
D,DISPATCH,UNIT_SCADA,1,"2022/10/20 03:00:00",GRANWF1,0
D,DISPATCH,UNIT_SCADA,1,"2022/10/20 03:00:00",GSTONE1,181.8250
D,DISPATCH,UNIT_SCADA,1,"2022/10/20 03:00:00",GSTONE2,0
D,DISPATCH,UNIT_SCADA,1,"2022/10/20 03:00:00",GSTONE3,200.024990
D,DISPATCH,UNIT_SCADA,1,"2022/10/20 03:00:00",GSTONE4,0
D,DISPATCH,UNIT_SCADA,1,"2022/10/20 03:00:00",GSTONE5,201.774990
D,DISPATCH,UNIT_SCADA,1,"2022/10/20 03:00:00",GSTONE6,202.30
D,DISPATCH,UNIT_SCADA,1,"2022/10/20 03:00:00",GULLRSF1,0
D,DISPATCH,UNIT_SCADA,1,"2022/10/20 03:00:00",GULLRWF1,50.364230
D,DISPATCH,UNIT_SCADA,1,"2022/10/20 03:00:00",GULLRWF2,56.552130
D,DISPATCH,UNIT_SCADA,1,"2022/10/20 03:00:00",GUNNING1,0
D,DISPATCH,UNIT_SCADA,1,"2022/10/20 03:00:00",GUTHEGA,68.100010
D,DISPATCH,UNIT_SCADA,1,"2022/10/20 03:00:00",HALLWF1,60.11
D,DISPATCH,UNIT_SCADA,1,"2022/10/20 03:00:00",HALLWF2,55.55
D,DISPATCH,UNIT_SCADA,1,"2022/10/20 03:00:00",HAMISF1,0
D,DISPATCH,UNIT_SCADA,1,"2022/10/20 03:00:00",HAUGHT11,0
D,DISPATCH,UNIT_SCADA,1,"2022/10/20 03:00:00",HAYMSF1,0
D,DISPATCH,UNIT_SCADA,1,"2022/10/20 03:00:00",HDWF1,77.60
D,DISPATCH,UNIT_SCADA,1,"2022/10/20 03:00:00",HDWF2,48.70
D,DISPATCH,UNIT_SCADA,1,"2022/10/20 03:00:00",HDWF3,62.50
D,DISPATCH,UNIT_SCADA,1,"2022/10/20 03:00:00",HILLSTN1,0
D,DISPATCH,UNIT_SCADA,1,"2022/10/20 03:00:00",HPRG1,0
D,DISPATCH,UNIT_SCADA,1,"2022/10/20 03:00:00",HPRL1,29.90
D,DISPATCH,UNIT_SCADA,1,"2022/10/20 03:00:00",HUMENSW,54.755160
D,DISPATCH,UNIT_SCADA,1,"2022/10/20 03:00:00",HUMEV,0
D,DISPATCH,UNIT_SCADA,1,"2022/10/20 03:00:00",HVWWBA1G,0
D,DISPATCH,UNIT_SCADA,1,"2022/10/20 03:00:00",HVWWBA1L,0.0080
D,DISPATCH,UNIT_SCADA,1,"2022/10/20 03:00:00",HVWWPV1,0
D,DISPATCH,UNIT_SCADA,1,"2022/10/20 03:00:00",JBUTTERS,0
D,DISPATCH,UNIT_SCADA,1,"2022/10/20 03:00:00",JEMALNG1,0
D,DISPATCH,UNIT_SCADA,1,"2022/10/20 03:00:00",JLA01,0
D,DISPATCH,UNIT_SCADA,1,"2022/10/20 03:00:00",JLA02,0
D,DISPATCH,UNIT_SCADA,1,"2022/10/20 03:00:00",JLA03,0
D,DISPATCH,UNIT_SCADA,1,"2022/10/20 03:00:00",JLA04,0
D,DISPATCH,UNIT_SCADA,1,"2022/10/20 03:00:00",JLB01,0
D,DISPATCH,UNIT_SCADA,1,"2022/10/20 03:00:00",JLB02,0.10
D,DISPATCH,UNIT_SCADA,1,"2022/10/20 03:00:00",JLB03,0
D,DISPATCH,UNIT_SCADA,1,"2022/10/20 03:00:00",JUNEESF1,0
D,DISPATCH,UNIT_SCADA,1,"2022/10/20 03:00:00",KABANWF1,0.9640
D,DISPATCH,UNIT_SCADA,1,"2022/10/20 03:00:00",KAREEYA1,5.0375
D,DISPATCH,UNIT_SCADA,1,"2022/10/20 03:00:00",KAREEYA2,0
D,DISPATCH,UNIT_SCADA,1,"2022/10/20 03:00:00",KAREEYA3,21.5950
D,DISPATCH,UNIT_SCADA,1,"2022/10/20 03:00:00",KAREEYA4,0
D,DISPATCH,UNIT_SCADA,1,"2022/10/20 03:00:00",KARSF1,0
D,DISPATCH,UNIT_SCADA,1,"2022/10/20 03:00:00",KEPSF1,0
D,DISPATCH,UNIT_SCADA,1,"2022/10/20 03:00:00",KEPWF1,5.42
D,DISPATCH,UNIT_SCADA,1,"2022/10/20 03:00:00",KIAMSF1,0
D,DISPATCH,UNIT_SCADA,1,"2022/10/20 03:00:00",KIATAWF1,30.50
D,DISPATCH,UNIT_SCADA,1,"2022/10/20 03:00:00",KPP_1,0
D,DISPATCH,UNIT_SCADA,1,"2022/10/20 03:00:00",KSP1,0
D,DISPATCH,UNIT_SCADA,1,"2022/10/20 03:00:00",LADBROK1,0.01
D,DISPATCH,UNIT_SCADA,1,"2022/10/20 03:00:00",LADBROK2,37.85
D,DISPATCH,UNIT_SCADA,1,"2022/10/20 03:00:00",LBBG1,0
D,DISPATCH,UNIT_SCADA,1,"2022/10/20 03:00:00",LBBL1,4.65
D,DISPATCH,UNIT_SCADA,1,"2022/10/20 03:00:00",LD01,321.0303
D,DISPATCH,UNIT_SCADA,1,"2022/10/20 03:00:00",LD02,0
D,DISPATCH,UNIT_SCADA,1,"2022/10/20 03:00:00",LD04,322.165590
D,DISPATCH,UNIT_SCADA,1,"2022/10/20 03:00:00",LEM_WIL,87.164340
D,DISPATCH,UNIT_SCADA,1,"2022/10/20 03:00:00",LGAPWF1,76.03
D,DISPATCH,UNIT_SCADA,1,"2022/10/20 03:00:00",LGAPWF2,39.93
D,DISPATCH,UNIT_SCADA,1,"2022/10/20 03:00:00",LILYSF1,0
D,DISPATCH,UNIT_SCADA,1,"2022/10/20 03:00:00",LIMOSF11,0
D,DISPATCH,UNIT_SCADA,1,"2022/10/20 03:00:00",LIMOSF21,0
D,DISPATCH,UNIT_SCADA,1,"2022/10/20 03:00:00",LI_WY_CA,56.249780
D,DISPATCH,UNIT_SCADA,1,"2022/10/20 03:00:00",LKBONNY1,0
D,DISPATCH,UNIT_SCADA,1,"2022/10/20 03:00:00",LKBONNY2,23.783540
D,DISPATCH,UNIT_SCADA,1,"2022/10/20 03:00:00",LKBONNY3,12.169210
D,DISPATCH,UNIT_SCADA,1,"2022/10/20 03:00:00",LK_ECHO,0
D,DISPATCH,UNIT_SCADA,1,"2022/10/20 03:00:00",LNGS1,0
D,DISPATCH,UNIT_SCADA,1,"2022/10/20 03:00:00",LNGS2,0
D,DISPATCH,UNIT_SCADA,1,"2022/10/20 03:00:00",LONSDALE,0
D,DISPATCH,UNIT_SCADA,1,"2022/10/20 03:00:00",LOYYB1,464.658230
D,DISPATCH,UNIT_SCADA,1,"2022/10/20 03:00:00",LOYYB2,464.658230
D,DISPATCH,UNIT_SCADA,1,"2022/10/20 03:00:00",LYA1,508
D,DISPATCH,UNIT_SCADA,1,"2022/10/20 03:00:00",LYA2,0
D,DISPATCH,UNIT_SCADA,1,"2022/10/20 03:00:00",LYA3,509
D,DISPATCH,UNIT_SCADA,1,"2022/10/20 03:00:00",LYA4,508
D,DISPATCH,UNIT_SCADA,1,"2022/10/20 03:00:00",MACARTH1,36.499160
D,DISPATCH,UNIT_SCADA,1,"2022/10/20 03:00:00",MACKNTSH,0
D,DISPATCH,UNIT_SCADA,1,"2022/10/20 03:00:00",MANSLR1,0
D,DISPATCH,UNIT_SCADA,1,"2022/10/20 03:00:00",MAPS2PV1,0
D,DISPATCH,UNIT_SCADA,1,"2022/10/20 03:00:00",MAPS3PV1,0
D,DISPATCH,UNIT_SCADA,1,"2022/10/20 03:00:00",MARYRSF1,0
D,DISPATCH,UNIT_SCADA,1,"2022/10/20 03:00:00",MBPS2PV1,0
D,DISPATCH,UNIT_SCADA,1,"2022/10/20 03:00:00",MCKAY1,0.02
D,DISPATCH,UNIT_SCADA,1,"2022/10/20 03:00:00",MEADOWBK,19.805940
D,DISPATCH,UNIT_SCADA,1,"2022/10/20 03:00:00",MERCER01,36.50
D,DISPATCH,UNIT_SCADA,1,"2022/10/20 03:00:00",METZSF1,0
D,DISPATCH,UNIT_SCADA,1,"2022/10/20 03:00:00",MEWF1,0
D,DISPATCH,UNIT_SCADA,1,"2022/10/20 03:00:00",MIDDLSF1,0
D,DISPATCH,UNIT_SCADA,1,"2022/10/20 03:00:00",MINTARO,0.128180
D,DISPATCH,UNIT_SCADA,1,"2022/10/20 03:00:00",MOLNGSF1,0
D,DISPATCH,UNIT_SCADA,1,"2022/10/20 03:00:00",MOORAWF1,45.42
D,DISPATCH,UNIT_SCADA,1,"2022/10/20 03:00:00",MOREESF1,0
D,DISPATCH,UNIT_SCADA,1,"2022/10/20 03:00:00",MORTLK11,0
D,DISPATCH,UNIT_SCADA,1,"2022/10/20 03:00:00",MORTLK12,0
D,DISPATCH,UNIT_SCADA,1,"2022/10/20 03:00:00",MOUSF1,0
D,DISPATCH,UNIT_SCADA,1,"2022/10/20 03:00:00",MP1,0
D,DISPATCH,UNIT_SCADA,1,"2022/10/20 03:00:00",MP2,289.0303
D,DISPATCH,UNIT_SCADA,1,"2022/10/20 03:00:00",MPP_1,159.871690
D,DISPATCH,UNIT_SCADA,1,"2022/10/20 03:00:00",MPP_2,0
D,DISPATCH,UNIT_SCADA,1,"2022/10/20 03:00:00",MRTLSWF1,0
D,DISPATCH,UNIT_SCADA,1,"2022/10/20 03:00:00",MSTUART1,0
D,DISPATCH,UNIT_SCADA,1,"2022/10/20 03:00:00",MSTUART2,0
D,DISPATCH,UNIT_SCADA,1,"2022/10/20 03:00:00",MSTUART3,0
D,DISPATCH,UNIT_SCADA,1,"2022/10/20 03:00:00",MTGELWF1,19.5410
D,DISPATCH,UNIT_SCADA,1,"2022/10/20 03:00:00",MTMILLAR,18.20
D,DISPATCH,UNIT_SCADA,1,"2022/10/20 03:00:00",MURRAY,0
D,DISPATCH,UNIT_SCADA,1,"2022/10/20 03:00:00",MUSSELR1,27
D,DISPATCH,UNIT_SCADA,1,"2022/10/20 03:00:00",MUWAWF1,182.350010
D,DISPATCH,UNIT_SCADA,1,"2022/10/20 03:00:00",MUWAWF2,184.20
D,DISPATCH,UNIT_SCADA,1,"2022/10/20 03:00:00",MWPS1PV1,0
D,DISPATCH,UNIT_SCADA,1,"2022/10/20 03:00:00",MWPS2PV1,0
D,DISPATCH,UNIT_SCADA,1,"2022/10/20 03:00:00",MWPS3PV1,0
D,DISPATCH,UNIT_SCADA,1,"2022/10/20 03:00:00",MWPS4PV1,0
D,DISPATCH,UNIT_SCADA,1,"2022/10/20 03:00:00",NBHWF1,110.80
D,DISPATCH,UNIT_SCADA,1,"2022/10/20 03:00:00",NEVERSF1,0
D,DISPATCH,UNIT_SCADA,1,"2022/10/20 03:00:00",NPS,0
D,DISPATCH,UNIT_SCADA,1,"2022/10/20 03:00:00",NUMURSF1,0
D,DISPATCH,UNIT_SCADA,1,"2022/10/20 03:00:00",NYNGAN1,0
D,DISPATCH,UNIT_SCADA,1,"2022/10/20 03:00:00",OAKEY1,0
D,DISPATCH,UNIT_SCADA,1,"2022/10/20 03:00:00",OAKEY1SF,0
D,DISPATCH,UNIT_SCADA,1,"2022/10/20 03:00:00",OAKEY2,0
D,DISPATCH,UNIT_SCADA,1,"2022/10/20 03:00:00",OAKEY2SF,0
D,DISPATCH,UNIT_SCADA,1,"2022/10/20 03:00:00",OAKLAND1,15.30
D,DISPATCH,UNIT_SCADA,1,"2022/10/20 03:00:00",OSB-AG,0
D,DISPATCH,UNIT_SCADA,1,"2022/10/20 03:00:00",PAREPS1,0.0660
D,DISPATCH,UNIT_SCADA,1,"2022/10/20 03:00:00",PAREPW1,32.16
D,DISPATCH,UNIT_SCADA,1,"2022/10/20 03:00:00",PARSF1,0.001530
D,DISPATCH,UNIT_SCADA,1,"2022/10/20 03:00:00",POAT110,0
D,DISPATCH,UNIT_SCADA,1,"2022/10/20 03:00:00",POAT220,0
D,DISPATCH,UNIT_SCADA,1,"2022/10/20 03:00:00",POR01,0
D,DISPATCH,UNIT_SCADA,1,"2022/10/20 03:00:00",POR03,0
D,DISPATCH,UNIT_SCADA,1,"2022/10/20 03:00:00",PPCCGT,124.561540
D,DISPATCH,UNIT_SCADA,1,"2022/10/20 03:00:00",PTSTAN1,0
D,DISPATCH,UNIT_SCADA,1,"2022/10/20 03:00:00",PUMP1,0
D,DISPATCH,UNIT_SCADA,1,"2022/10/20 03:00:00",PUMP2,0
D,DISPATCH,UNIT_SCADA,1,"2022/10/20 03:00:00",QBYNBG1,0
D,DISPATCH,UNIT_SCADA,1,"2022/10/20 03:00:00",QBYNBL1,0.0045
D,DISPATCH,UNIT_SCADA,1,"2022/10/20 03:00:00",QPS1,0
D,DISPATCH,UNIT_SCADA,1,"2022/10/20 03:00:00",QPS2,0
D,DISPATCH,UNIT_SCADA,1,"2022/10/20 03:00:00",QPS3,0
D,DISPATCH,UNIT_SCADA,1,"2022/10/20 03:00:00",QPS4,0
D,DISPATCH,UNIT_SCADA,1,"2022/10/20 03:00:00",QPS5,77.88
D,DISPATCH,UNIT_SCADA,1,"2022/10/20 03:00:00",REECE1,0
D,DISPATCH,UNIT_SCADA,1,"2022/10/20 03:00:00",REECE2,0
D,DISPATCH,UNIT_SCADA,1,"2022/10/20 03:00:00",ROMA_7,0
D,DISPATCH,UNIT_SCADA,1,"2022/10/20 03:00:00",ROMA_8,0
D,DISPATCH,UNIT_SCADA,1,"2022/10/20 03:00:00",RRSF1,0
D,DISPATCH,UNIT_SCADA,1,"2022/10/20 03:00:00",RT_NSW1,0
D,DISPATCH,UNIT_SCADA,1,"2022/10/20 03:00:00",RT_NSW2,0
D,DISPATCH,UNIT_SCADA,1,"2022/10/20 03:00:00",RT_NSW3,0
D,DISPATCH,UNIT_SCADA,1,"2022/10/20 03:00:00",RT_NSW4,0
D,DISPATCH,UNIT_SCADA,1,"2022/10/20 03:00:00",RT_NSW5,0
D,DISPATCH,UNIT_SCADA,1,"2022/10/20 03:00:00",RT_NSW6,0
D,DISPATCH,UNIT_SCADA,1,"2022/10/20 03:00:00",RT_QLD1,0
D,DISPATCH,UNIT_SCADA,1,"2022/10/20 03:00:00",RT_SA1,0
D,DISPATCH,UNIT_SCADA,1,"2022/10/20 03:00:00",RT_SA2,0
D,DISPATCH,UNIT_SCADA,1,"2022/10/20 03:00:00",RT_SA3,0
D,DISPATCH,UNIT_SCADA,1,"2022/10/20 03:00:00",RT_SA4,0
D,DISPATCH,UNIT_SCADA,1,"2022/10/20 03:00:00",RT_SA5,0
D,DISPATCH,UNIT_SCADA,1,"2022/10/20 03:00:00",RT_SA6,0
D,DISPATCH,UNIT_SCADA,1,"2022/10/20 03:00:00",RT_TAS1,0
D,DISPATCH,UNIT_SCADA,1,"2022/10/20 03:00:00",RT_VIC1,0
D,DISPATCH,UNIT_SCADA,1,"2022/10/20 03:00:00",RT_VIC10,0
D,DISPATCH,UNIT_SCADA,1,"2022/10/20 03:00:00",RT_VIC11,0
D,DISPATCH,UNIT_SCADA,1,"2022/10/20 03:00:00",RT_VIC12,0
D,DISPATCH,UNIT_SCADA,1,"2022/10/20 03:00:00",RT_VIC2,0
D,DISPATCH,UNIT_SCADA,1,"2022/10/20 03:00:00",RT_VIC3,0
D,DISPATCH,UNIT_SCADA,1,"2022/10/20 03:00:00",RT_VIC4,0
D,DISPATCH,UNIT_SCADA,1,"2022/10/20 03:00:00",RT_VIC5,0
D,DISPATCH,UNIT_SCADA,1,"2022/10/20 03:00:00",RT_VIC6,0
D,DISPATCH,UNIT_SCADA,1,"2022/10/20 03:00:00",RT_VIC7,0
D,DISPATCH,UNIT_SCADA,1,"2022/10/20 03:00:00",RT_VIC8,0
D,DISPATCH,UNIT_SCADA,1,"2022/10/20 03:00:00",RT_VIC9,0
D,DISPATCH,UNIT_SCADA,1,"2022/10/20 03:00:00",RUGBYR1,0
D,DISPATCH,UNIT_SCADA,1,"2022/10/20 03:00:00",SALTCRK1,12.88
D,DISPATCH,UNIT_SCADA,1,"2022/10/20 03:00:00",SAPHWF1,148.450440
D,DISPATCH,UNIT_SCADA,1,"2022/10/20 03:00:00",SEBSF1,0
D,DISPATCH,UNIT_SCADA,1,"2022/10/20 03:00:00",SHGEN,0
D,DISPATCH,UNIT_SCADA,1,"2022/10/20 03:00:00",SHPUMP,0
D,DISPATCH,UNIT_SCADA,1,"2022/10/20 03:00:00",SITHE01,0.153860
D,DISPATCH,UNIT_SCADA,1,"2022/10/20 03:00:00",SMCSF1,0
D,DISPATCH,UNIT_SCADA,1,"2022/10/20 03:00:00",SNAPPER1,0
D,DISPATCH,UNIT_SCADA,1,"2022/10/20 03:00:00",SNOWNTH1,129.600010
D,DISPATCH,UNIT_SCADA,1,"2022/10/20 03:00:00",SNOWSTH1,117.60
D,DISPATCH,UNIT_SCADA,1,"2022/10/20 03:00:00",SNOWTWN1,91.830120
D,DISPATCH,UNIT_SCADA,1,"2022/10/20 03:00:00",SNOWYP,0
D,DISPATCH,UNIT_SCADA,1,"2022/10/20 03:00:00",SNUG1,0
D,DISPATCH,UNIT_SCADA,1,"2022/10/20 03:00:00",SRSF1,0
D,DISPATCH,UNIT_SCADA,1,"2022/10/20 03:00:00",STAN-1,279.774110
D,DISPATCH,UNIT_SCADA,1,"2022/10/20 03:00:00",STAN-2,364.8074
D,DISPATCH,UNIT_SCADA,1,"2022/10/20 03:00:00",STAN-3,363.320560
D,DISPATCH,UNIT_SCADA,1,"2022/10/20 03:00:00",STAN-4,363.166720
D,DISPATCH,UNIT_SCADA,1,"2022/10/20 03:00:00",STARHLWF,12.896240
D,DISPATCH,UNIT_SCADA,1,"2022/10/20 03:00:00",STOCKYD1,212.17
D,DISPATCH,UNIT_SCADA,1,"2022/10/20 03:00:00",STWF1,69.550010
D,DISPATCH,UNIT_SCADA,1,"2022/10/20 03:00:00",SUNRSF1,0
D,DISPATCH,UNIT_SCADA,1,"2022/10/20 03:00:00",SUNTPSF1,0
D,DISPATCH,UNIT_SCADA,1,"2022/10/20 03:00:00",SWAN_E,224.3150
D,DISPATCH,UNIT_SCADA,1,"2022/10/20 03:00:00",TALWA1,0
D,DISPATCH,UNIT_SCADA,1,"2022/10/20 03:00:00",TARALGA1,0
D,DISPATCH,UNIT_SCADA,1,"2022/10/20 03:00:00",TARONG#1,281
D,DISPATCH,UNIT_SCADA,1,"2022/10/20 03:00:00",TARONG#2,281.200010
D,DISPATCH,UNIT_SCADA,1,"2022/10/20 03:00:00",TARONG#3,0.90
D,DISPATCH,UNIT_SCADA,1,"2022/10/20 03:00:00",TARONG#4,191.20
D,DISPATCH,UNIT_SCADA,1,"2022/10/20 03:00:00",TARRALEA,54
D,DISPATCH,UNIT_SCADA,1,"2022/10/20 03:00:00",TBSF1,0
D,DISPATCH,UNIT_SCADA,1,"2022/10/20 03:00:00",TNPS1,302.6875
D,DISPATCH,UNIT_SCADA,1,"2022/10/20 03:00:00",TORRB1,0
D,DISPATCH,UNIT_SCADA,1,"2022/10/20 03:00:00",TORRB2,42
D,DISPATCH,UNIT_SCADA,1,"2022/10/20 03:00:00",TORRB3,0
D,DISPATCH,UNIT_SCADA,1,"2022/10/20 03:00:00",TORRB4,0
D,DISPATCH,UNIT_SCADA,1,"2022/10/20 03:00:00",TREVALLN,100.229950
D,DISPATCH,UNIT_SCADA,1,"2022/10/20 03:00:00",TRIBUTE,0
D,DISPATCH,UNIT_SCADA,1,"2022/10/20 03:00:00",TUMUT3,0
D,DISPATCH,UNIT_SCADA,1,"2022/10/20 03:00:00",TUNGATIN,5.260020
D,DISPATCH,UNIT_SCADA,1,"2022/10/20 03:00:00",TVCC201,0
D,DISPATCH,UNIT_SCADA,1,"2022/10/20 03:00:00",TVPP104,0
D,DISPATCH,UNIT_SCADA,1,"2022/10/20 03:00:00",UPPTUMUT,0
D,DISPATCH,UNIT_SCADA,1,"2022/10/20 03:00:00",URANQ11,0
D,DISPATCH,UNIT_SCADA,1,"2022/10/20 03:00:00",URANQ12,0
D,DISPATCH,UNIT_SCADA,1,"2022/10/20 03:00:00",URANQ13,0
D,DISPATCH,UNIT_SCADA,1,"2022/10/20 03:00:00",URANQ14,0
D,DISPATCH,UNIT_SCADA,1,"2022/10/20 03:00:00",VBBG1,0
D,DISPATCH,UNIT_SCADA,1,"2022/10/20 03:00:00",VBBL1,50.50
D,DISPATCH,UNIT_SCADA,1,"2022/10/20 03:00:00",VP5,539.884640
D,DISPATCH,UNIT_SCADA,1,"2022/10/20 03:00:00",VP6,539.298710
D,DISPATCH,UNIT_SCADA,1,"2022/10/20 03:00:00",VPGS1,0
D,DISPATCH,UNIT_SCADA,1,"2022/10/20 03:00:00",VPGS2,0
D,DISPATCH,UNIT_SCADA,1,"2022/10/20 03:00:00",VPGS3,0
D,DISPATCH,UNIT_SCADA,1,"2022/10/20 03:00:00",VPGS4,0
D,DISPATCH,UNIT_SCADA,1,"2022/10/20 03:00:00",VPGS5,0
D,DISPATCH,UNIT_SCADA,1,"2022/10/20 03:00:00",VPGS6,0
D,DISPATCH,UNIT_SCADA,1,"2022/10/20 03:00:00",W/HOE#1,0
D,DISPATCH,UNIT_SCADA,1,"2022/10/20 03:00:00",W/HOE#2,0
D,DISPATCH,UNIT_SCADA,1,"2022/10/20 03:00:00",WAGGNSF1,0
D,DISPATCH,UNIT_SCADA,1,"2022/10/20 03:00:00",WALGRVG1,0.000930
D,DISPATCH,UNIT_SCADA,1,"2022/10/20 03:00:00",WALGRVL1,0
D,DISPATCH,UNIT_SCADA,1,"2022/10/20 03:00:00",WANDBG1,0
D,DISPATCH,UNIT_SCADA,1,"2022/10/20 03:00:00",WANDBL1,0
D,DISPATCH,UNIT_SCADA,1,"2022/10/20 03:00:00",WARWSF1,0
D,DISPATCH,UNIT_SCADA,1,"2022/10/20 03:00:00",WARWSF2,0
D,DISPATCH,UNIT_SCADA,1,"2022/10/20 03:00:00",WATERLWF,68.80
D,DISPATCH,UNIT_SCADA,1,"2022/10/20 03:00:00",WDGPH1,0
D,DISPATCH,UNIT_SCADA,1,"2022/10/20 03:00:00",WELLSF1,0
D,DISPATCH,UNIT_SCADA,1,"2022/10/20 03:00:00",WEMENSF1,0
D,DISPATCH,UNIT_SCADA,1,"2022/10/20 03:00:00",WGWF1,115.40
D,DISPATCH,UNIT_SCADA,1,"2022/10/20 03:00:00",WHITSF1,0
D,DISPATCH,UNIT_SCADA,1,"2022/10/20 03:00:00",WINTSF1,0
D,DISPATCH,UNIT_SCADA,1,"2022/10/20 03:00:00",WKIEWA1,34.10
D,DISPATCH,UNIT_SCADA,1,"2022/10/20 03:00:00",WKIEWA2,34.20
D,DISPATCH,UNIT_SCADA,1,"2022/10/20 03:00:00",WOODLWN1,6.569920
D,DISPATCH,UNIT_SCADA,1,"2022/10/20 03:00:00",WOOLGSF1,0
D,DISPATCH,UNIT_SCADA,1,"2022/10/20 03:00:00",WPWF,87.61
D,DISPATCH,UNIT_SCADA,1,"2022/10/20 03:00:00",WRSF1,0
D,DISPATCH,UNIT_SCADA,1,"2022/10/20 03:00:00",WRWF1,48.802630
D,DISPATCH,UNIT_SCADA,1,"2022/10/20 03:00:00",WSTWYSF1,0
D,DISPATCH,UNIT_SCADA,1,"2022/10/20 03:00:00",YABULU,0
D,DISPATCH,UNIT_SCADA,1,"2022/10/20 03:00:00",YABULU2,0
D,DISPATCH,UNIT_SCADA,1,"2022/10/20 03:00:00",YARANSF1,0
D,DISPATCH,UNIT_SCADA,1,"2022/10/20 03:00:00",YARWUN_1,159.75
D,DISPATCH,UNIT_SCADA,1,"2022/10/20 03:00:00",YATSF1,0
D,DISPATCH,UNIT_SCADA,1,"2022/10/20 03:00:00",YENDWF1,32.52
D,DISPATCH,UNIT_SCADA,1,"2022/10/20 03:00:00",YWPS1,366.415190
D,DISPATCH,UNIT_SCADA,1,"2022/10/20 03:00:00",YWPS2,361.402530
D,DISPATCH,UNIT_SCADA,1,"2022/10/20 03:00:00",YWPS3,361.082280
D,DISPATCH,UNIT_SCADA,1,"2022/10/20 03:00:00",YWPS4,0
C,"END OF REPORT",419
