C,NEMP.WORLD,DISPATCHSCADA,AEMO,PUBLIC,2022/10/20,20:40:10,0000000373279761,DISPATCHSCADA,0000000373279755
I,DISPATCH,UNIT_SCADA,1,SETTLEMENTDATE,DUID,SCADAVALUE
D,DISPATCH,UNIT_SCADA,1,"2022/10/20 20:45:00",BARCSF1,0.10
D,DISPATCH,UNIT_SCADA,1,"2022/10/20 20:45:00",BUTLERSG,8.699999
D,DISPATCH,UNIT_SCADA,1,"2022/10/20 20:45:00",CAPTL_WF,100.134338
D,DISPATCH,UNIT_SCADA,1,"2022/10/20 20:45:00",CHALLHWF,7.10
D,DISPATCH,UNIT_SCADA,1,"2022/10/20 20:45:00",CLOVER,13.24
D,DISPATCH,UNIT_SCADA,1,"2022/10/20 20:45:00",CLUNY,6.291142
D,DISPATCH,UNIT_SCADA,1,"2022/10/20 20:45:00",CULLRGWF,-0.04
D,DISPATCH,UNIT_SCADA,1,"2022/10/20 20:45:00",DIAPURWF1,0.40
D,DISPATCH,UNIT_SCADA,1,"2022/10/20 20:45:00",ERGT01,0
D,DISPATCH,UNIT_SCADA,1,"2022/10/20 20:45:00",GB01,0
D,DISPATCH,UNIT_SCADA,1,"2022/10/20 20:45:00",GERMCRK,17
D,DISPATCH,UNIT_SCADA,1,"2022/10/20 20:45:00",GRIFSF1,0.001526
D,DISPATCH,UNIT_SCADA,1,"2022/10/20 20:45:00",HEZ1,0
D,DISPATCH,UNIT_SCADA,1,"2022/10/20 20:45:00",HUGSF1,-0.0420
D,DISPATCH,UNIT_SCADA,1,"2022/10/20 20:45:00",KEPBG1,0
D,DISPATCH,UNIT_SCADA,1,"2022/10/20 20:45:00",LRSF1,0.0110
D,DISPATCH,UNIT_SCADA,1,"2022/10/20 20:45:00",MBAHNTH,45.224991
D,DISPATCH,UNIT_SCADA,1,"2022/10/20 20:45:00",MLSP1,0
D,DISPATCH,UNIT_SCADA,1,"2022/10/20 20:45:00",MLWF1,7.74
D,DISPATCH,UNIT_SCADA,1,"2022/10/20 20:45:00",PALOONA,31.029999
D,DISPATCH,UNIT_SCADA,1,"2022/10/20 20:45:00",PIONEER,26.60
D,DISPATCH,UNIT_SCADA,1,"2022/10/20 20:45:00",PORTWF,49.50
D,DISPATCH,UNIT_SCADA,1,"2022/10/20 20:45:00",REPULSE,9.600367
D,DISPATCH,UNIT_SCADA,1,"2022/10/20 20:45:00",ROWALLAN,8.8963
D,DISPATCH,UNIT_SCADA,1,"2022/10/20 20:45:00",ROYALLA1,0
D,DISPATCH,UNIT_SCADA,1,"2022/10/20 20:45:00",RPCG,-0.50
D,DISPATCH,UNIT_SCADA,1,"2022/10/20 20:45:00",RUBICON,0
D,DISPATCH,UNIT_SCADA,1,"2022/10/20 20:45:00",WAUBRAWF,53.928001
D,DISPATCH,UNIT_SCADA,1,"2022/10/20 20:45:00",WOOLNTH1,81.539993
D,DISPATCH,UNIT_SCADA,1,"2022/10/20 20:45:00",YAMBUKWF,6.20
D,DISPATCH,UNIT_SCADA,1,"2022/10/20 20:45:00",YSWF1,1.80
D,DISPATCH,UNIT_SCADA,1,"2022/10/20 20:45:00",ADPBA1G,0.0080
D,DISPATCH,UNIT_SCADA,1,"2022/10/20 20:45:00",ADPBA1L,0
D,DISPATCH,UNIT_SCADA,1,"2022/10/20 20:45:00",ADPPV1,0
D,DISPATCH,UNIT_SCADA,1,"2022/10/20 20:45:00",AGLHAL,31.0526
D,DISPATCH,UNIT_SCADA,1,"2022/10/20 20:45:00",AGLSOM,0
D,DISPATCH,UNIT_SCADA,1,"2022/10/20 20:45:00",ANGAST1,0
D,DISPATCH,UNIT_SCADA,1,"2022/10/20 20:45:00",ARWF1,3.30
D,DISPATCH,UNIT_SCADA,1,"2022/10/20 20:45:00",BALBG1,0
D,DISPATCH,UNIT_SCADA,1,"2022/10/20 20:45:00",BALBL1,0
D,DISPATCH,UNIT_SCADA,1,"2022/10/20 20:45:00",BALDHWF1,94.0110
D,DISPATCH,UNIT_SCADA,1,"2022/10/20 20:45:00",BANGOWF1,81.898220
D,DISPATCH,UNIT_SCADA,1,"2022/10/20 20:45:00",BANGOWF2,65.599220
D,DISPATCH,UNIT_SCADA,1,"2022/10/20 20:45:00",BANN1,0
D,DISPATCH,UNIT_SCADA,1,"2022/10/20 20:45:00",BARCALDN,0
D,DISPATCH,UNIT_SCADA,1,"2022/10/20 20:45:00",BARKIPS1,191.519990
D,DISPATCH,UNIT_SCADA,1,"2022/10/20 20:45:00",BARRON-1,0
D,DISPATCH,UNIT_SCADA,1,"2022/10/20 20:45:00",BARRON-2,0
D,DISPATCH,UNIT_SCADA,1,"2022/10/20 20:45:00",BASTYAN,0
D,DISPATCH,UNIT_SCADA,1,"2022/10/20 20:45:00",BBTHREE1,0
D,DISPATCH,UNIT_SCADA,1,"2022/10/20 20:45:00",BBTHREE2,0
D,DISPATCH,UNIT_SCADA,1,"2022/10/20 20:45:00",BBTHREE3,-1.17
D,DISPATCH,UNIT_SCADA,1,"2022/10/20 20:45:00",BDL01,0
D,DISPATCH,UNIT_SCADA,1,"2022/10/20 20:45:00",BDL02,0
D,DISPATCH,UNIT_SCADA,1,"2022/10/20 20:45:00",BERYLSF1,0
D,DISPATCH,UNIT_SCADA,1,"2022/10/20 20:45:00",BLOWERNG,62.60
D,DISPATCH,UNIT_SCADA,1,"2022/10/20 20:45:00",BLUEGSF1,0
D,DISPATCH,UNIT_SCADA,1,"2022/10/20 20:45:00",BLUFF1,6
D,DISPATCH,UNIT_SCADA,1,"2022/10/20 20:45:00",BNGSF1,0
D,DISPATCH,UNIT_SCADA,1,"2022/10/20 20:45:00",BNGSF2,0
D,DISPATCH,UNIT_SCADA,1,"2022/10/20 20:45:00",BOCORWF1,25.35
D,DISPATCH,UNIT_SCADA,1,"2022/10/20 20:45:00",BODWF1,109.953320
D,DISPATCH,UNIT_SCADA,1,"2022/10/20 20:45:00",BOMENSF1,0
D,DISPATCH,UNIT_SCADA,1,"2022/10/20 20:45:00",BOWWBA1G,0
D,DISPATCH,UNIT_SCADA,1,"2022/10/20 20:45:00",BOWWBA1L,0.0010
D,DISPATCH,UNIT_SCADA,1,"2022/10/20 20:45:00",BOWWPV1,0
D,DISPATCH,UNIT_SCADA,1,"2022/10/20 20:45:00",BRAEMAR1,0
D,DISPATCH,UNIT_SCADA,1,"2022/10/20 20:45:00",BRAEMAR2,0
D,DISPATCH,UNIT_SCADA,1,"2022/10/20 20:45:00",BRAEMAR3,0
D,DISPATCH,UNIT_SCADA,1,"2022/10/20 20:45:00",BRAEMAR5,145.123110
D,DISPATCH,UNIT_SCADA,1,"2022/10/20 20:45:00",BRAEMAR6,0
D,DISPATCH,UNIT_SCADA,1,"2022/10/20 20:45:00",BRAEMAR7,139.684770
D,DISPATCH,UNIT_SCADA,1,"2022/10/20 20:45:00",BROKENH1,0
D,DISPATCH,UNIT_SCADA,1,"2022/10/20 20:45:00",BRYB1WF1,71.079570
D,DISPATCH,UNIT_SCADA,1,"2022/10/20 20:45:00",BULBESG1,0
D,DISPATCH,UNIT_SCADA,1,"2022/10/20 20:45:00",BULBESL1,0.03
D,DISPATCH,UNIT_SCADA,1,"2022/10/20 20:45:00",BULGANA1,34.81
D,DISPATCH,UNIT_SCADA,1,"2022/10/20 20:45:00",BW01,660.202940
D,DISPATCH,UNIT_SCADA,1,"2022/10/20 20:45:00",BW02,639.816890
D,DISPATCH,UNIT_SCADA,1,"2022/10/20 20:45:00",BW03,604.733340
D,DISPATCH,UNIT_SCADA,1,"2022/10/20 20:45:00",BW04,0
D,DISPATCH,UNIT_SCADA,1,"2022/10/20 20:45:00",CALL_B_1,320
D,DISPATCH,UNIT_SCADA,1,"2022/10/20 20:45:00",CALL_B_2,322.50
D,DISPATCH,UNIT_SCADA,1,"2022/10/20 20:45:00",CATHROCK,1.90
D,DISPATCH,UNIT_SCADA,1,"2022/10/20 20:45:00",CBWWBA1G,0
D,DISPATCH,UNIT_SCADA,1,"2022/10/20 20:45:00",CBWWBA1L,0
D,DISPATCH,UNIT_SCADA,1,"2022/10/20 20:45:00",CETHANA,96.5080
D,DISPATCH,UNIT_SCADA,1,"2022/10/20 20:45:00",CG1,0
D,DISPATCH,UNIT_SCADA,1,"2022/10/20 20:45:00",CG2,0
D,DISPATCH,UNIT_SCADA,1,"2022/10/20 20:45:00",CG3,0
D,DISPATCH,UNIT_SCADA,1,"2022/10/20 20:45:00",CG4,0
D,DISPATCH,UNIT_SCADA,1,"2022/10/20 20:45:00",CHILDSF1,0
D,DISPATCH,UNIT_SCADA,1,"2022/10/20 20:45:00",CHYTWF1,0
D,DISPATCH,UNIT_SCADA,1,"2022/10/20 20:45:00",CLARESF1,0
D,DISPATCH,UNIT_SCADA,1,"2022/10/20 20:45:00",CLEMGPWF,0.2161
D,DISPATCH,UNIT_SCADA,1,"2022/10/20 20:45:00",CLERMSF1,0
D,DISPATCH,UNIT_SCADA,1,"2022/10/20 20:45:00",CNUNDAWF,16.218920
D,DISPATCH,UNIT_SCADA,1,"2022/10/20 20:45:00",COHUNSF1,0
D,DISPATCH,UNIT_SCADA,1,"2022/10/20 20:45:00",COLEASF1,0
D,DISPATCH,UNIT_SCADA,1,"2022/10/20 20:45:00",COLUMSF1,0
D,DISPATCH,UNIT_SCADA,1,"2022/10/20 20:45:00",COLWF01,127.270930
D,DISPATCH,UNIT_SCADA,1,"2022/10/20 20:45:00",COOPGWF1,392.41
D,DISPATCH,UNIT_SCADA,1,"2022/10/20 20:45:00",CPP_3,381.149990
D,DISPATCH,UNIT_SCADA,1,"2022/10/20 20:45:00",CPP_4,0
D,DISPATCH,UNIT_SCADA,1,"2022/10/20 20:45:00",CPSA,0
D,DISPATCH,UNIT_SCADA,1,"2022/10/20 20:45:00",CROOKWF2,31.213240
D,DISPATCH,UNIT_SCADA,1,"2022/10/20 20:45:00",CROWLWF1,19.6352
D,DISPATCH,UNIT_SCADA,1,"2022/10/20 20:45:00",CRURWF1,95.996260
D,DISPATCH,UNIT_SCADA,1,"2022/10/20 20:45:00",CRWASF1,0
D,DISPATCH,UNIT_SCADA,1,"2022/10/20 20:45:00",CSPVPS1,0
D,DISPATCH,UNIT_SCADA,1,"2022/10/20 20:45:00",CTHLWF1,0.003050
D,DISPATCH,UNIT_SCADA,1,"2022/10/20 20:45:00",DALNTH01,0
D,DISPATCH,UNIT_SCADA,1,"2022/10/20 20:45:00",DALNTHL1,0.071720
D,DISPATCH,UNIT_SCADA,1,"2022/10/20 20:45:00",DARLSF1,0
D,DISPATCH,UNIT_SCADA,1,"2022/10/20 20:45:00",DARTM1,0
D,DISPATCH,UNIT_SCADA,1,"2022/10/20 20:45:00",DAYDSF1,0
D,DISPATCH,UNIT_SCADA,1,"2022/10/20 20:45:00",DDPS1,0
D,DISPATCH,UNIT_SCADA,1,"2022/10/20 20:45:00",DDSF1,0
D,DISPATCH,UNIT_SCADA,1,"2022/10/20 20:45:00",DEVILS_G,58.571130
D,DISPATCH,UNIT_SCADA,1,"2022/10/20 20:45:00",DG_NSW1,0
D,DISPATCH,UNIT_SCADA,1,"2022/10/20 20:45:00",DG_QLD1,0
D,DISPATCH,UNIT_SCADA,1,"2022/10/20 20:45:00",DG_SA1,0
D,DISPATCH,UNIT_SCADA,1,"2022/10/20 20:45:00",DG_TAS1,0
D,DISPATCH,UNIT_SCADA,1,"2022/10/20 20:45:00",DG_VIC1,0
D,DISPATCH,UNIT_SCADA,1,"2022/10/20 20:45:00",DRYCGT1,0
D,DISPATCH,UNIT_SCADA,1,"2022/10/20 20:45:00",DRYCGT2,0
D,DISPATCH,UNIT_SCADA,1,"2022/10/20 20:45:00",DRYCGT3,0
D,DISPATCH,UNIT_SCADA,1,"2022/10/20 20:45:00",DUNDWF1,81.37
D,DISPATCH,UNIT_SCADA,1,"2022/10/20 20:45:00",DUNDWF2,21.74
D,DISPATCH,UNIT_SCADA,1,"2022/10/20 20:45:00",DUNDWF3,84.57
D,DISPATCH,UNIT_SCADA,1,"2022/10/20 20:45:00",EILDON1,59.80
D,DISPATCH,UNIT_SCADA,1,"2022/10/20 20:45:00",EILDON2,60.04
D,DISPATCH,UNIT_SCADA,1,"2022/10/20 20:45:00",ELAINWF1,16.17
D,DISPATCH,UNIT_SCADA,1,"2022/10/20 20:45:00",EMERASF1,0
D,DISPATCH,UNIT_SCADA,1,"2022/10/20 20:45:00",ER01,0
D,DISPATCH,UNIT_SCADA,1,"2022/10/20 20:45:00",ER02,657.590580
D,DISPATCH,UNIT_SCADA,1,"2022/10/20 20:45:00",ER03,673.606450
D,DISPATCH,UNIT_SCADA,1,"2022/10/20 20:45:00",ER04,675.535220
D,DISPATCH,UNIT_SCADA,1,"2022/10/20 20:45:00",FINLYSF1,0
D,DISPATCH,UNIT_SCADA,1,"2022/10/20 20:45:00",FISHER,43.83
D,DISPATCH,UNIT_SCADA,1,"2022/10/20 20:45:00",GANGARR1,0
D,DISPATCH,UNIT_SCADA,1,"2022/10/20 20:45:00",GANNBG1,1.283260
D,DISPATCH,UNIT_SCADA,1,"2022/10/20 20:45:00",GANNBL1,0
D,DISPATCH,UNIT_SCADA,1,"2022/10/20 20:45:00",GANNSF1,0
D,DISPATCH,UNIT_SCADA,1,"2022/10/20 20:45:00",GLRWNSF1,0
D,DISPATCH,UNIT_SCADA,1,"2022/10/20 20:45:00",GNNDHSF1,0
D,DISPATCH,UNIT_SCADA,1,"2022/10/20 20:45:00",GOONSF1,0
D,DISPATCH,UNIT_SCADA,1,"2022/10/20 20:45:00",GORDON,259.316770
D,DISPATCH,UNIT_SCADA,1,"2022/10/20 20:45:00",GRANWF1,0
D,DISPATCH,UNIT_SCADA,1,"2022/10/20 20:45:00",GSTONE1,207.3750
D,DISPATCH,UNIT_SCADA,1,"2022/10/20 20:45:00",GSTONE2,0
D,DISPATCH,UNIT_SCADA,1,"2022/10/20 20:45:00",GSTONE3,200.024990
D,DISPATCH,UNIT_SCADA,1,"2022/10/20 20:45:00",GSTONE4,0
D,DISPATCH,UNIT_SCADA,1,"2022/10/20 20:45:00",GSTONE5,207.3750
D,DISPATCH,UNIT_SCADA,1,"2022/10/20 20:45:00",GSTONE6,206.3250
D,DISPATCH,UNIT_SCADA,1,"2022/10/20 20:45:00",GULLRSF1,0
D,DISPATCH,UNIT_SCADA,1,"2022/10/20 20:45:00",GULLRWF1,60.504080
D,DISPATCH,UNIT_SCADA,1,"2022/10/20 20:45:00",GULLRWF2,101.494220
D,DISPATCH,UNIT_SCADA,1,"2022/10/20 20:45:00",GUNNING1,0
D,DISPATCH,UNIT_SCADA,1,"2022/10/20 20:45:00",GUTHEGA,68
D,DISPATCH,UNIT_SCADA,1,"2022/10/20 20:45:00",HALLWF1,12.60
D,DISPATCH,UNIT_SCADA,1,"2022/10/20 20:45:00",HALLWF2,17.63
D,DISPATCH,UNIT_SCADA,1,"2022/10/20 20:45:00",HAMISF1,0
D,DISPATCH,UNIT_SCADA,1,"2022/10/20 20:45:00",HAUGHT11,0
D,DISPATCH,UNIT_SCADA,1,"2022/10/20 20:45:00",HAYMSF1,0
D,DISPATCH,UNIT_SCADA,1,"2022/10/20 20:45:00",HDWF1,22.40
D,DISPATCH,UNIT_SCADA,1,"2022/10/20 20:45:00",HDWF2,18.90
D,DISPATCH,UNIT_SCADA,1,"2022/10/20 20:45:00",HDWF3,25.80
D,DISPATCH,UNIT_SCADA,1,"2022/10/20 20:45:00",HILLSTN1,0
D,DISPATCH,UNIT_SCADA,1,"2022/10/20 20:45:00",HPRG1,1.30
D,DISPATCH,UNIT_SCADA,1,"2022/10/20 20:45:00",HPRL1,0
D,DISPATCH,UNIT_SCADA,1,"2022/10/20 20:45:00",HUMENSW,55.195060
D,DISPATCH,UNIT_SCADA,1,"2022/10/20 20:45:00",HUMEV,0
D,DISPATCH,UNIT_SCADA,1,"2022/10/20 20:45:00",HVWWBA1G,0
D,DISPATCH,UNIT_SCADA,1,"2022/10/20 20:45:00",HVWWBA1L,0.0060
D,DISPATCH,UNIT_SCADA,1,"2022/10/20 20:45:00",HVWWPV1,0
D,DISPATCH,UNIT_SCADA,1,"2022/10/20 20:45:00",JBUTTERS,20.444350
D,DISPATCH,UNIT_SCADA,1,"2022/10/20 20:45:00",JEMALNG1,0
D,DISPATCH,UNIT_SCADA,1,"2022/10/20 20:45:00",JLA01,0
D,DISPATCH,UNIT_SCADA,1,"2022/10/20 20:45:00",JLA02,0
D,DISPATCH,UNIT_SCADA,1,"2022/10/20 20:45:00",JLA03,0
D,DISPATCH,UNIT_SCADA,1,"2022/10/20 20:45:00",JLA04,0
D,DISPATCH,UNIT_SCADA,1,"2022/10/20 20:45:00",JLB01,0
D,DISPATCH,UNIT_SCADA,1,"2022/10/20 20:45:00",JLB02,0.10
D,DISPATCH,UNIT_SCADA,1,"2022/10/20 20:45:00",JLB03,0
D,DISPATCH,UNIT_SCADA,1,"2022/10/20 20:45:00",JUNEESF1,0
D,DISPATCH,UNIT_SCADA,1,"2022/10/20 20:45:00",KABANWF1,0.8860
D,DISPATCH,UNIT_SCADA,1,"2022/10/20 20:45:00",KAREEYA1,0
D,DISPATCH,UNIT_SCADA,1,"2022/10/20 20:45:00",KAREEYA2,0
D,DISPATCH,UNIT_SCADA,1,"2022/10/20 20:45:00",KAREEYA3,4.9725
D,DISPATCH,UNIT_SCADA,1,"2022/10/20 20:45:00",KAREEYA4,0
D,DISPATCH,UNIT_SCADA,1,"2022/10/20 20:45:00",KARSF1,0
D,DISPATCH,UNIT_SCADA,1,"2022/10/20 20:45:00",KEPSF1,0
D,DISPATCH,UNIT_SCADA,1,"2022/10/20 20:45:00",KEPWF1,4.32
D,DISPATCH,UNIT_SCADA,1,"2022/10/20 20:45:00",KIAMSF1,0
D,DISPATCH,UNIT_SCADA,1,"2022/10/20 20:45:00",KIATAWF1,12.70
D,DISPATCH,UNIT_SCADA,1,"2022/10/20 20:45:00",KPP_1,0
D,DISPATCH,UNIT_SCADA,1,"2022/10/20 20:45:00",KSP1,0
D,DISPATCH,UNIT_SCADA,1,"2022/10/20 20:45:00",LADBROK1,0.01
D,DISPATCH,UNIT_SCADA,1,"2022/10/20 20:45:00",LADBROK2,0.02
D,DISPATCH,UNIT_SCADA,1,"2022/10/20 20:45:00",LBBG1,0
D,DISPATCH,UNIT_SCADA,1,"2022/10/20 20:45:00",LBBL1,0
D,DISPATCH,UNIT_SCADA,1,"2022/10/20 20:45:00",LD01,380.211790
D,DISPATCH,UNIT_SCADA,1,"2022/10/20 20:45:00",LD02,84.450820
D,DISPATCH,UNIT_SCADA,1,"2022/10/20 20:45:00",LD04,311.691650
D,DISPATCH,UNIT_SCADA,1,"2022/10/20 20:45:00",LEM_WIL,87.597070
D,DISPATCH,UNIT_SCADA,1,"2022/10/20 20:45:00",LGAPWF1,101.84
D,DISPATCH,UNIT_SCADA,1,"2022/10/20 20:45:00",LGAPWF2,65.24
D,DISPATCH,UNIT_SCADA,1,"2022/10/20 20:45:00",LILYSF1,0
D,DISPATCH,UNIT_SCADA,1,"2022/10/20 20:45:00",LIMOSF11,0
D,DISPATCH,UNIT_SCADA,1,"2022/10/20 20:45:00",LIMOSF21,0
D,DISPATCH,UNIT_SCADA,1,"2022/10/20 20:45:00",LI_WY_CA,63.391150
D,DISPATCH,UNIT_SCADA,1,"2022/10/20 20:45:00",LKBONNY1,21.166340
D,DISPATCH,UNIT_SCADA,1,"2022/10/20 20:45:00",LKBONNY2,63.431880
D,DISPATCH,UNIT_SCADA,1,"2022/10/20 20:45:00",LKBONNY3,11.610990
D,DISPATCH,UNIT_SCADA,1,"2022/10/20 20:45:00",LK_ECHO,0
D,DISPATCH,UNIT_SCADA,1,"2022/10/20 20:45:00",LNGS1,0
D,DISPATCH,UNIT_SCADA,1,"2022/10/20 20:45:00",LNGS2,0
D,DISPATCH,UNIT_SCADA,1,"2022/10/20 20:45:00",LONSDALE,0
D,DISPATCH,UNIT_SCADA,1,"2022/10/20 20:45:00",LOYYB1,580.450620
D,DISPATCH,UNIT_SCADA,1,"2022/10/20 20:45:00",LOYYB2,577.067080
D,DISPATCH,UNIT_SCADA,1,"2022/10/20 20:45:00",LYA1,561
D,DISPATCH,UNIT_SCADA,1,"2022/10/20 20:45:00",LYA2,0
D,DISPATCH,UNIT_SCADA,1,"2022/10/20 20:45:00",LYA3,560
D,DISPATCH,UNIT_SCADA,1,"2022/10/20 20:45:00",LYA4,561
D,DISPATCH,UNIT_SCADA,1,"2022/10/20 20:45:00",MACARTH1,150.896510
D,DISPATCH,UNIT_SCADA,1,"2022/10/20 20:45:00",MACKNTSH,26.40
D,DISPATCH,UNIT_SCADA,1,"2022/10/20 20:45:00",MANSLR1,0
D,DISPATCH,UNIT_SCADA,1,"2022/10/20 20:45:00",MAPS2PV1,0
D,DISPATCH,UNIT_SCADA,1,"2022/10/20 20:45:00",MAPS3PV1,0
D,DISPATCH,UNIT_SCADA,1,"2022/10/20 20:45:00",MARYRSF1,0
D,DISPATCH,UNIT_SCADA,1,"2022/10/20 20:45:00",MBPS2PV1,0
D,DISPATCH,UNIT_SCADA,1,"2022/10/20 20:45:00",MCKAY1,226.544980
D,DISPATCH,UNIT_SCADA,1,"2022/10/20 20:45:00",MEADOWBK,19.920260
D,DISPATCH,UNIT_SCADA,1,"2022/10/20 20:45:00",MERCER01,17.80
D,DISPATCH,UNIT_SCADA,1,"2022/10/20 20:45:00",METZSF1,0
D,DISPATCH,UNIT_SCADA,1,"2022/10/20 20:45:00",MEWF1,2.766080
D,DISPATCH,UNIT_SCADA,1,"2022/10/20 20:45:00",MIDDLSF1,0
D,DISPATCH,UNIT_SCADA,1,"2022/10/20 20:45:00",MINTARO,0.128180
D,DISPATCH,UNIT_SCADA,1,"2022/10/20 20:45:00",MOLNGSF1,0
D,DISPATCH,UNIT_SCADA,1,"2022/10/20 20:45:00",MOORAWF1,20.83
D,DISPATCH,UNIT_SCADA,1,"2022/10/20 20:45:00",MOREESF1,0
D,DISPATCH,UNIT_SCADA,1,"2022/10/20 20:45:00",MORTLK11,0
D,DISPATCH,UNIT_SCADA,1,"2022/10/20 20:45:00",MORTLK12,0
D,DISPATCH,UNIT_SCADA,1,"2022/10/20 20:45:00",MOUSF1,0
D,DISPATCH,UNIT_SCADA,1,"2022/10/20 20:45:00",MP1,0
D,DISPATCH,UNIT_SCADA,1,"2022/10/20 20:45:00",MP2,519.844360
D,DISPATCH,UNIT_SCADA,1,"2022/10/20 20:45:00",MPP_1,182.516490
D,DISPATCH,UNIT_SCADA,1,"2022/10/20 20:45:00",MPP_2,179.235750
D,DISPATCH,UNIT_SCADA,1,"2022/10/20 20:45:00",MRTLSWF1,0
D,DISPATCH,UNIT_SCADA,1,"2022/10/20 20:45:00",MSTUART1,0
D,DISPATCH,UNIT_SCADA,1,"2022/10/20 20:45:00",MSTUART2,0
D,DISPATCH,UNIT_SCADA,1,"2022/10/20 20:45:00",MSTUART3,0
D,DISPATCH,UNIT_SCADA,1,"2022/10/20 20:45:00",MTGELWF1,27.512440
D,DISPATCH,UNIT_SCADA,1,"2022/10/20 20:45:00",MTMILLAR,17.70
D,DISPATCH,UNIT_SCADA,1,"2022/10/20 20:45:00",MURRAY,55.80
D,DISPATCH,UNIT_SCADA,1,"2022/10/20 20:45:00",MUSSELR1,20.60
D,DISPATCH,UNIT_SCADA,1,"2022/10/20 20:45:00",MUWAWF1,9.24
D,DISPATCH,UNIT_SCADA,1,"2022/10/20 20:45:00",MUWAWF2,7.20
D,DISPATCH,UNIT_SCADA,1,"2022/10/20 20:45:00",MWPS1PV1,0
D,DISPATCH,UNIT_SCADA,1,"2022/10/20 20:45:00",MWPS2PV1,0
D,DISPATCH,UNIT_SCADA,1,"2022/10/20 20:45:00",MWPS3PV1,0
D,DISPATCH,UNIT_SCADA,1,"2022/10/20 20:45:00",MWPS4PV1,0
D,DISPATCH,UNIT_SCADA,1,"2022/10/20 20:45:00",NBHWF1,18.70
D,DISPATCH,UNIT_SCADA,1,"2022/10/20 20:45:00",NEVERSF1,0
D,DISPATCH,UNIT_SCADA,1,"2022/10/20 20:45:00",NPS,0
D,DISPATCH,UNIT_SCADA,1,"2022/10/20 20:45:00",NUMURSF1,0
D,DISPATCH,UNIT_SCADA,1,"2022/10/20 20:45:00",NYNGAN1,0
D,DISPATCH,UNIT_SCADA,1,"2022/10/20 20:45:00",OAKEY1,36.431760
D,DISPATCH,UNIT_SCADA,1,"2022/10/20 20:45:00",OAKEY1SF,0
D,DISPATCH,UNIT_SCADA,1,"2022/10/20 20:45:00",OAKEY2,0
D,DISPATCH,UNIT_SCADA,1,"2022/10/20 20:45:00",OAKEY2SF,0
D,DISPATCH,UNIT_SCADA,1,"2022/10/20 20:45:00",OAKLAND1,34.70
D,DISPATCH,UNIT_SCADA,1,"2022/10/20 20:45:00",OSB-AG,177.990010
D,DISPATCH,UNIT_SCADA,1,"2022/10/20 20:45:00",PAREPS1,0
D,DISPATCH,UNIT_SCADA,1,"2022/10/20 20:45:00",PAREPW1,66.37
D,DISPATCH,UNIT_SCADA,1,"2022/10/20 20:45:00",PARSF1,0.001530
D,DISPATCH,UNIT_SCADA,1,"2022/10/20 20:45:00",POAT110,38.99
D,DISPATCH,UNIT_SCADA,1,"2022/10/20 20:45:00",POAT220,0
D,DISPATCH,UNIT_SCADA,1,"2022/10/20 20:45:00",POR01,0
D,DISPATCH,UNIT_SCADA,1,"2022/10/20 20:45:00",POR03,0
D,DISPATCH,UNIT_SCADA,1,"2022/10/20 20:45:00",PPCCGT,165.498890
D,DISPATCH,UNIT_SCADA,1,"2022/10/20 20:45:00",PTSTAN1,0
D,DISPATCH,UNIT_SCADA,1,"2022/10/20 20:45:00",PUMP1,0
D,DISPATCH,UNIT_SCADA,1,"2022/10/20 20:45:00",PUMP2,0
D,DISPATCH,UNIT_SCADA,1,"2022/10/20 20:45:00",QBYNBG1,0.0035
D,DISPATCH,UNIT_SCADA,1,"2022/10/20 20:45:00",QBYNBL1,0
D,DISPATCH,UNIT_SCADA,1,"2022/10/20 20:45:00",QPS1,0
D,DISPATCH,UNIT_SCADA,1,"2022/10/20 20:45:00",QPS2,0
D,DISPATCH,UNIT_SCADA,1,"2022/10/20 20:45:00",QPS3,0
D,DISPATCH,UNIT_SCADA,1,"2022/10/20 20:45:00",QPS4,0
D,DISPATCH,UNIT_SCADA,1,"2022/10/20 20:45:00",QPS5,0
D,DISPATCH,UNIT_SCADA,1,"2022/10/20 20:45:00",REECE1,50.9393
D,DISPATCH,UNIT_SCADA,1,"2022/10/20 20:45:00",REECE2,0
D,DISPATCH,UNIT_SCADA,1,"2022/10/20 20:45:00",ROMA_7,0
D,DISPATCH,UNIT_SCADA,1,"2022/10/20 20:45:00",ROMA_8,0
D,DISPATCH,UNIT_SCADA,1,"2022/10/20 20:45:00",RRSF1,0
D,DISPATCH,UNIT_SCADA,1,"2022/10/20 20:45:00",RT_NSW1,0
D,DISPATCH,UNIT_SCADA,1,"2022/10/20 20:45:00",RT_NSW2,0
D,DISPATCH,UNIT_SCADA,1,"2022/10/20 20:45:00",RT_NSW3,0
D,DISPATCH,UNIT_SCADA,1,"2022/10/20 20:45:00",RT_NSW4,0
D,DISPATCH,UNIT_SCADA,1,"2022/10/20 20:45:00",RT_NSW5,0
D,DISPATCH,UNIT_SCADA,1,"2022/10/20 20:45:00",RT_NSW6,0
D,DISPATCH,UNIT_SCADA,1,"2022/10/20 20:45:00",RT_QLD1,0
D,DISPATCH,UNIT_SCADA,1,"2022/10/20 20:45:00",RT_SA1,0
D,DISPATCH,UNIT_SCADA,1,"2022/10/20 20:45:00",RT_SA2,0
D,DISPATCH,UNIT_SCADA,1,"2022/10/20 20:45:00",RT_SA3,0
D,DISPATCH,UNIT_SCADA,1,"2022/10/20 20:45:00",RT_SA4,0
D,DISPATCH,UNIT_SCADA,1,"2022/10/20 20:45:00",RT_SA5,0
D,DISPATCH,UNIT_SCADA,1,"2022/10/20 20:45:00",RT_SA6,0
D,DISPATCH,UNIT_SCADA,1,"2022/10/20 20:45:00",RT_TAS1,0
D,DISPATCH,UNIT_SCADA,1,"2022/10/20 20:45:00",RT_VIC1,0
D,DISPATCH,UNIT_SCADA,1,"2022/10/20 20:45:00",RT_VIC10,0
D,DISPATCH,UNIT_SCADA,1,"2022/10/20 20:45:00",RT_VIC11,0
D,DISPATCH,UNIT_SCADA,1,"2022/10/20 20:45:00",RT_VIC12,0
D,DISPATCH,UNIT_SCADA,1,"2022/10/20 20:45:00",RT_VIC2,0
D,DISPATCH,UNIT_SCADA,1,"2022/10/20 20:45:00",RT_VIC3,0
D,DISPATCH,UNIT_SCADA,1,"2022/10/20 20:45:00",RT_VIC4,0
D,DISPATCH,UNIT_SCADA,1,"2022/10/20 20:45:00",RT_VIC5,0
D,DISPATCH,UNIT_SCADA,1,"2022/10/20 20:45:00",RT_VIC6,0
D,DISPATCH,UNIT_SCADA,1,"2022/10/20 20:45:00",RT_VIC7,0
D,DISPATCH,UNIT_SCADA,1,"2022/10/20 20:45:00",RT_VIC8,0
D,DISPATCH,UNIT_SCADA,1,"2022/10/20 20:45:00",RT_VIC9,0
D,DISPATCH,UNIT_SCADA,1,"2022/10/20 20:45:00",RUGBYR1,0
D,DISPATCH,UNIT_SCADA,1,"2022/10/20 20:45:00",SALTCRK1,26.67
D,DISPATCH,UNIT_SCADA,1,"2022/10/20 20:45:00",SAPHWF1,250.853740
D,DISPATCH,UNIT_SCADA,1,"2022/10/20 20:45:00",SEBSF1,0
D,DISPATCH,UNIT_SCADA,1,"2022/10/20 20:45:00",SHGEN,0
D,DISPATCH,UNIT_SCADA,1,"2022/10/20 20:45:00",SHPUMP,0
D,DISPATCH,UNIT_SCADA,1,"2022/10/20 20:45:00",SITHE01,0.143810
D,DISPATCH,UNIT_SCADA,1,"2022/10/20 20:45:00",SMCSF1,0
D,DISPATCH,UNIT_SCADA,1,"2022/10/20 20:45:00",SNAPPER1,0
D,DISPATCH,UNIT_SCADA,1,"2022/10/20 20:45:00",SNOWNTH1,58.50
D,DISPATCH,UNIT_SCADA,1,"2022/10/20 20:45:00",SNOWSTH1,25.10
D,DISPATCH,UNIT_SCADA,1,"2022/10/20 20:45:00",SNOWTWN1,39.612330
D,DISPATCH,UNIT_SCADA,1,"2022/10/20 20:45:00",SNOWYP,0
D,DISPATCH,UNIT_SCADA,1,"2022/10/20 20:45:00",SNUG1,0
D,DISPATCH,UNIT_SCADA,1,"2022/10/20 20:45:00",SRSF1,0
D,DISPATCH,UNIT_SCADA,1,"2022/10/20 20:45:00",STAN-1,279.517760
D,DISPATCH,UNIT_SCADA,1,"2022/10/20 20:45:00",STAN-2,363.8717
D,DISPATCH,UNIT_SCADA,1,"2022/10/20 20:45:00",STAN-3,365.230410
D,DISPATCH,UNIT_SCADA,1,"2022/10/20 20:45:00",STAN-4,366.012270
D,DISPATCH,UNIT_SCADA,1,"2022/10/20 20:45:00",STARHLWF,18.394640
D,DISPATCH,UNIT_SCADA,1,"2022/10/20 20:45:00",STOCKYD1,158.789990
D,DISPATCH,UNIT_SCADA,1,"2022/10/20 20:45:00",STWF1,85.172810
D,DISPATCH,UNIT_SCADA,1,"2022/10/20 20:45:00",SUNRSF1,0
D,DISPATCH,UNIT_SCADA,1,"2022/10/20 20:45:00",SUNTPSF1,0
D,DISPATCH,UNIT_SCADA,1,"2022/10/20 20:45:00",SWAN_E,346.9306
D,DISPATCH,UNIT_SCADA,1,"2022/10/20 20:45:00",TALWA1,0
D,DISPATCH,UNIT_SCADA,1,"2022/10/20 20:45:00",TARALGA1,0
D,DISPATCH,UNIT_SCADA,1,"2022/10/20 20:45:00",TARONG#1,349.200010
D,DISPATCH,UNIT_SCADA,1,"2022/10/20 20:45:00",TARONG#2,349
D,DISPATCH,UNIT_SCADA,1,"2022/10/20 20:45:00",TARONG#3,0.90
D,DISPATCH,UNIT_SCADA,1,"2022/10/20 20:45:00",TARONG#4,294.50
D,DISPATCH,UNIT_SCADA,1,"2022/10/20 20:45:00",TARRALEA,54
D,DISPATCH,UNIT_SCADA,1,"2022/10/20 20:45:00",TBSF1,0
D,DISPATCH,UNIT_SCADA,1,"2022/10/20 20:45:00",TNPS1,421.5625
D,DISPATCH,UNIT_SCADA,1,"2022/10/20 20:45:00",TORRB1,0
D,DISPATCH,UNIT_SCADA,1,"2022/10/20 20:45:00",TORRB2,63
D,DISPATCH,UNIT_SCADA,1,"2022/10/20 20:45:00",TORRB3,0
D,DISPATCH,UNIT_SCADA,1,"2022/10/20 20:45:00",TORRB4,0
D,DISPATCH,UNIT_SCADA,1,"2022/10/20 20:45:00",TREVALLN,97.956760
D,DISPATCH,UNIT_SCADA,1,"2022/10/20 20:45:00",TRIBUTE,0
D,DISPATCH,UNIT_SCADA,1,"2022/10/20 20:45:00",TUMUT3,413.790010
D,DISPATCH,UNIT_SCADA,1,"2022/10/20 20:45:00",TUNGATIN,8.960020
D,DISPATCH,UNIT_SCADA,1,"2022/10/20 20:45:00",TVCC201,0
D,DISPATCH,UNIT_SCADA,1,"2022/10/20 20:45:00",TVPP104,0
D,DISPATCH,UNIT_SCADA,1,"2022/10/20 20:45:00",UPPTUMUT,0
D,DISPATCH,UNIT_SCADA,1,"2022/10/20 20:45:00",URANQ11,0
D,DISPATCH,UNIT_SCADA,1,"2022/10/20 20:45:00",URANQ12,0
D,DISPATCH,UNIT_SCADA,1,"2022/10/20 20:45:00",URANQ13,0
D,DISPATCH,UNIT_SCADA,1,"2022/10/20 20:45:00",URANQ14,0
D,DISPATCH,UNIT_SCADA,1,"2022/10/20 20:45:00",VBBG1,16.50
D,DISPATCH,UNIT_SCADA,1,"2022/10/20 20:45:00",VBBL1,0
D,DISPATCH,UNIT_SCADA,1,"2022/10/20 20:45:00",VP5,561.076720
D,DISPATCH,UNIT_SCADA,1,"2022/10/20 20:45:00",VP6,597.137390
D,DISPATCH,UNIT_SCADA,1,"2022/10/20 20:45:00",VPGS1,0
D,DISPATCH,UNIT_SCADA,1,"2022/10/20 20:45:00",VPGS2,0
D,DISPATCH,UNIT_SCADA,1,"2022/10/20 20:45:00",VPGS3,0
D,DISPATCH,UNIT_SCADA,1,"2022/10/20 20:45:00",VPGS4,0
D,DISPATCH,UNIT_SCADA,1,"2022/10/20 20:45:00",VPGS5,0
D,DISPATCH,UNIT_SCADA,1,"2022/10/20 20:45:00",VPGS6,0
D,DISPATCH,UNIT_SCADA,1,"2022/10/20 20:45:00",W/HOE#1,0
D,DISPATCH,UNIT_SCADA,1,"2022/10/20 20:45:00",W/HOE#2,0
D,DISPATCH,UNIT_SCADA,1,"2022/10/20 20:45:00",WAGGNSF1,0
D,DISPATCH,UNIT_SCADA,1,"2022/10/20 20:45:00",WALGRVG1,0.000930
D,DISPATCH,UNIT_SCADA,1,"2022/10/20 20:45:00",WALGRVL1,0
D,DISPATCH,UNIT_SCADA,1,"2022/10/20 20:45:00",WANDBG1,-0.059330
D,DISPATCH,UNIT_SCADA,1,"2022/10/20 20:45:00",WANDBL1,0
D,DISPATCH,UNIT_SCADA,1,"2022/10/20 20:45:00",WARWSF1,0
D,DISPATCH,UNIT_SCADA,1,"2022/10/20 20:45:00",WARWSF2,0
D,DISPATCH,UNIT_SCADA,1,"2022/10/20 20:45:00",WATERLWF,22
D,DISPATCH,UNIT_SCADA,1,"2022/10/20 20:45:00",WDGPH1,0
D,DISPATCH,UNIT_SCADA,1,"2022/10/20 20:45:00",WELLSF1,0
D,DISPATCH,UNIT_SCADA,1,"2022/10/20 20:45:00",WEMENSF1,0
D,DISPATCH,UNIT_SCADA,1,"2022/10/20 20:45:00",WGWF1,33.70
D,DISPATCH,UNIT_SCADA,1,"2022/10/20 20:45:00",WHITSF1,0
D,DISPATCH,UNIT_SCADA,1,"2022/10/20 20:45:00",WINTSF1,0
D,DISPATCH,UNIT_SCADA,1,"2022/10/20 20:45:00",WKIEWA1,34
D,DISPATCH,UNIT_SCADA,1,"2022/10/20 20:45:00",WKIEWA2,34.10
D,DISPATCH,UNIT_SCADA,1,"2022/10/20 20:45:00",WOODLWN1,33.394550
D,DISPATCH,UNIT_SCADA,1,"2022/10/20 20:45:00",WOOLGSF1,0
D,DISPATCH,UNIT_SCADA,1,"2022/10/20 20:45:00",WPWF,48.31
D,DISPATCH,UNIT_SCADA,1,"2022/10/20 20:45:00",WRSF1,0
D,DISPATCH,UNIT_SCADA,1,"2022/10/20 20:45:00",WRWF1,151.385970
D,DISPATCH,UNIT_SCADA,1,"2022/10/20 20:45:00",WSTWYSF1,0
D,DISPATCH,UNIT_SCADA,1,"2022/10/20 20:45:00",YABULU,153.270020
D,DISPATCH,UNIT_SCADA,1,"2022/10/20 20:45:00",YABULU2,0
D,DISPATCH,UNIT_SCADA,1,"2022/10/20 20:45:00",YARANSF1,0
D,DISPATCH,UNIT_SCADA,1,"2022/10/20 20:45:00",YARWUN_1,162.98
D,DISPATCH,UNIT_SCADA,1,"2022/10/20 20:45:00",YATSF1,0
D,DISPATCH,UNIT_SCADA,1,"2022/10/20 20:45:00",YENDWF1,5.78
D,DISPATCH,UNIT_SCADA,1,"2022/10/20 20:45:00",YWPS1,345.111390
D,DISPATCH,UNIT_SCADA,1,"2022/10/20 20:45:00",YWPS2,359.898740
D,DISPATCH,UNIT_SCADA,1,"2022/10/20 20:45:00",YWPS3,361.364560
D,DISPATCH,UNIT_SCADA,1,"2022/10/20 20:45:00",YWPS4,0
C,"END OF REPORT",419
