C,NEMP.WORLD,DISPATCHSCADA,AEMO,PUBLIC,2022/10/20,23:15:10,0000000373287060,DISPATCHSCADA,0000000373287054
I,DISPATCH,UNIT_SCADA,1,SETTLEMENTDATE,DUID,SCADAVALUE
D,DISPATCH,UNIT_SCADA,1,"2022/10/20 23:20:00",BARCSF1,0
D,DISPATCH,UNIT_SCADA,1,"2022/10/20 23:20:00",BUTLERSG,8.699999
D,DISPATCH,UNIT_SCADA,1,"2022/10/20 23:20:00",CAPTL_WF,100.860916
D,DISPATCH,UNIT_SCADA,1,"2022/10/20 23:20:00",CHALLHWF,6.80
D,DISPATCH,UNIT_SCADA,1,"2022/10/20 23:20:00",CLOVER,13.39
D,DISPATCH,UNIT_SCADA,1,"2022/10/20 23:20:00",CLUNY,5.643855
D,DISPATCH,UNIT_SCADA,1,"2022/10/20 23:20:00",CULLRGWF,-0.05
D,DISPATCH,UNIT_SCADA,1,"2022/10/20 23:20:00",DIAPURWF1,3.30
D,DISPATCH,UNIT_SCADA,1,"2022/10/20 23:20:00",ERGT01,0
D,DISPATCH,UNIT_SCADA,1,"2022/10/20 23:20:00",GB01,0
D,DISPATCH,UNIT_SCADA,1,"2022/10/20 23:20:00",GERMCRK,19.200001
D,DISPATCH,UNIT_SCADA,1,"2022/10/20 23:20:00",GRIFSF1,0.001526
D,DISPATCH,UNIT_SCADA,1,"2022/10/20 23:20:00",HEZ1,0
D,DISPATCH,UNIT_SCADA,1,"2022/10/20 23:20:00",HUGSF1,-0.12
D,DISPATCH,UNIT_SCADA,1,"2022/10/20 23:20:00",KEPBG1,0
D,DISPATCH,UNIT_SCADA,1,"2022/10/20 23:20:00",LRSF1,-0.0310
D,DISPATCH,UNIT_SCADA,1,"2022/10/20 23:20:00",MBAHNTH,47.137497
D,DISPATCH,UNIT_SCADA,1,"2022/10/20 23:20:00",MLSP1,0
D,DISPATCH,UNIT_SCADA,1,"2022/10/20 23:20:00",MLWF1,3.48
D,DISPATCH,UNIT_SCADA,1,"2022/10/20 23:20:00",PALOONA,30.599998
D,DISPATCH,UNIT_SCADA,1,"2022/10/20 23:20:00",PIONEER,28.40
D,DISPATCH,UNIT_SCADA,1,"2022/10/20 23:20:00",PORTWF,40.299999
D,DISPATCH,UNIT_SCADA,1,"2022/10/20 23:20:00",REPULSE,9.582055
D,DISPATCH,UNIT_SCADA,1,"2022/10/20 23:20:00",ROWALLAN,8.8253
D,DISPATCH,UNIT_SCADA,1,"2022/10/20 23:20:00",ROYALLA1,0
D,DISPATCH,UNIT_SCADA,1,"2022/10/20 23:20:00",RPCG,-0.50
D,DISPATCH,UNIT_SCADA,1,"2022/10/20 23:20:00",RUBICON,0
D,DISPATCH,UNIT_SCADA,1,"2022/10/20 23:20:00",WAUBRAWF,25.4970
D,DISPATCH,UNIT_SCADA,1,"2022/10/20 23:20:00",WOOLNTH1,81.25
D,DISPATCH,UNIT_SCADA,1,"2022/10/20 23:20:00",YAMBUKWF,3.90
D,DISPATCH,UNIT_SCADA,1,"2022/10/20 23:20:00",YSWF1,0
D,DISPATCH,UNIT_SCADA,1,"2022/10/20 23:20:00",ADPBA1G,0.0080
D,DISPATCH,UNIT_SCADA,1,"2022/10/20 23:20:00",ADPBA1L,0
D,DISPATCH,UNIT_SCADA,1,"2022/10/20 23:20:00",ADPPV1,0
D,DISPATCH,UNIT_SCADA,1,"2022/10/20 23:20:00",AGLHAL,0
D,DISPATCH,UNIT_SCADA,1,"2022/10/20 23:20:00",AGLSOM,0
D,DISPATCH,UNIT_SCADA,1,"2022/10/20 23:20:00",ANGAST1,0
D,DISPATCH,UNIT_SCADA,1,"2022/10/20 23:20:00",ARWF1,16.40
D,DISPATCH,UNIT_SCADA,1,"2022/10/20 23:20:00",BALBG1,0
D,DISPATCH,UNIT_SCADA,1,"2022/10/20 23:20:00",BALBL1,0
D,DISPATCH,UNIT_SCADA,1,"2022/10/20 23:20:00",BALDHWF1,104.8530
D,DISPATCH,UNIT_SCADA,1,"2022/10/20 23:20:00",BANGOWF1,58.797280
D,DISPATCH,UNIT_SCADA,1,"2022/10/20 23:20:00",BANGOWF2,60.898830
D,DISPATCH,UNIT_SCADA,1,"2022/10/20 23:20:00",BANN1,0
D,DISPATCH,UNIT_SCADA,1,"2022/10/20 23:20:00",BARCALDN,0
D,DISPATCH,UNIT_SCADA,1,"2022/10/20 23:20:00",BARKIPS1,0
D,DISPATCH,UNIT_SCADA,1,"2022/10/20 23:20:00",BARRON-1,0
D,DISPATCH,UNIT_SCADA,1,"2022/10/20 23:20:00",BARRON-2,0
D,DISPATCH,UNIT_SCADA,1,"2022/10/20 23:20:00",BASTYAN,0
D,DISPATCH,UNIT_SCADA,1,"2022/10/20 23:20:00",BBTHREE1,0
D,DISPATCH,UNIT_SCADA,1,"2022/10/20 23:20:00",BBTHREE2,0
D,DISPATCH,UNIT_SCADA,1,"2022/10/20 23:20:00",BBTHREE3,-1.05
D,DISPATCH,UNIT_SCADA,1,"2022/10/20 23:20:00",BDL01,0
D,DISPATCH,UNIT_SCADA,1,"2022/10/20 23:20:00",BDL02,0
D,DISPATCH,UNIT_SCADA,1,"2022/10/20 23:20:00",BERYLSF1,0
D,DISPATCH,UNIT_SCADA,1,"2022/10/20 23:20:00",BLOWERNG,62.60
D,DISPATCH,UNIT_SCADA,1,"2022/10/20 23:20:00",BLUEGSF1,0
D,DISPATCH,UNIT_SCADA,1,"2022/10/20 23:20:00",BLUFF1,0.50
D,DISPATCH,UNIT_SCADA,1,"2022/10/20 23:20:00",BNGSF1,0
D,DISPATCH,UNIT_SCADA,1,"2022/10/20 23:20:00",BNGSF2,0
D,DISPATCH,UNIT_SCADA,1,"2022/10/20 23:20:00",BOCORWF1,1.32
D,DISPATCH,UNIT_SCADA,1,"2022/10/20 23:20:00",BODWF1,78.971380
D,DISPATCH,UNIT_SCADA,1,"2022/10/20 23:20:00",BOMENSF1,0
D,DISPATCH,UNIT_SCADA,1,"2022/10/20 23:20:00",BOWWBA1G,0
D,DISPATCH,UNIT_SCADA,1,"2022/10/20 23:20:00",BOWWBA1L,0.0010
D,DISPATCH,UNIT_SCADA,1,"2022/10/20 23:20:00",BOWWPV1,0
D,DISPATCH,UNIT_SCADA,1,"2022/10/20 23:20:00",BRAEMAR1,0
D,DISPATCH,UNIT_SCADA,1,"2022/10/20 23:20:00",BRAEMAR2,0
D,DISPATCH,UNIT_SCADA,1,"2022/10/20 23:20:00",BRAEMAR3,0
D,DISPATCH,UNIT_SCADA,1,"2022/10/20 23:20:00",BRAEMAR5,0.201420
D,DISPATCH,UNIT_SCADA,1,"2022/10/20 23:20:00",BRAEMAR6,0
D,DISPATCH,UNIT_SCADA,1,"2022/10/20 23:20:00",BRAEMAR7,0.060430
D,DISPATCH,UNIT_SCADA,1,"2022/10/20 23:20:00",BROKENH1,0
D,DISPATCH,UNIT_SCADA,1,"2022/10/20 23:20:00",BRYB1WF1,86.869610
D,DISPATCH,UNIT_SCADA,1,"2022/10/20 23:20:00",BULBESG1,0
D,DISPATCH,UNIT_SCADA,1,"2022/10/20 23:20:00",BULBESL1,0.03
D,DISPATCH,UNIT_SCADA,1,"2022/10/20 23:20:00",BULGANA1,23.27
D,DISPATCH,UNIT_SCADA,1,"2022/10/20 23:20:00",BW01,655.417720
D,DISPATCH,UNIT_SCADA,1,"2022/10/20 23:20:00",BW02,634.641050
D,DISPATCH,UNIT_SCADA,1,"2022/10/20 23:20:00",BW03,558.712160
D,DISPATCH,UNIT_SCADA,1,"2022/10/20 23:20:00",BW04,0
D,DISPATCH,UNIT_SCADA,1,"2022/10/20 23:20:00",CALL_B_1,316.899990
D,DISPATCH,UNIT_SCADA,1,"2022/10/20 23:20:00",CALL_B_2,317.899990
D,DISPATCH,UNIT_SCADA,1,"2022/10/20 23:20:00",CATHROCK,2.30
D,DISPATCH,UNIT_SCADA,1,"2022/10/20 23:20:00",CBWWBA1G,0
D,DISPATCH,UNIT_SCADA,1,"2022/10/20 23:20:00",CBWWBA1L,0
D,DISPATCH,UNIT_SCADA,1,"2022/10/20 23:20:00",CETHANA,89.742130
D,DISPATCH,UNIT_SCADA,1,"2022/10/20 23:20:00",CG1,0
D,DISPATCH,UNIT_SCADA,1,"2022/10/20 23:20:00",CG2,0
D,DISPATCH,UNIT_SCADA,1,"2022/10/20 23:20:00",CG3,0
D,DISPATCH,UNIT_SCADA,1,"2022/10/20 23:20:00",CG4,0
D,DISPATCH,UNIT_SCADA,1,"2022/10/20 23:20:00",CHILDSF1,0
D,DISPATCH,UNIT_SCADA,1,"2022/10/20 23:20:00",CHYTWF1,0
D,DISPATCH,UNIT_SCADA,1,"2022/10/20 23:20:00",CLARESF1,0
D,DISPATCH,UNIT_SCADA,1,"2022/10/20 23:20:00",CLEMGPWF,0
D,DISPATCH,UNIT_SCADA,1,"2022/10/20 23:20:00",CLERMSF1,0
D,DISPATCH,UNIT_SCADA,1,"2022/10/20 23:20:00",CNUNDAWF,12.314370
D,DISPATCH,UNIT_SCADA,1,"2022/10/20 23:20:00",COHUNSF1,0
D,DISPATCH,UNIT_SCADA,1,"2022/10/20 23:20:00",COLEASF1,0
D,DISPATCH,UNIT_SCADA,1,"2022/10/20 23:20:00",COLUMSF1,0
D,DISPATCH,UNIT_SCADA,1,"2022/10/20 23:20:00",COLWF01,113.844510
D,DISPATCH,UNIT_SCADA,1,"2022/10/20 23:20:00",COOPGWF1,316.149990
D,DISPATCH,UNIT_SCADA,1,"2022/10/20 23:20:00",CPP_3,387.475010
D,DISPATCH,UNIT_SCADA,1,"2022/10/20 23:20:00",CPP_4,0
D,DISPATCH,UNIT_SCADA,1,"2022/10/20 23:20:00",CPSA,0
D,DISPATCH,UNIT_SCADA,1,"2022/10/20 23:20:00",CROOKWF2,42.3035
D,DISPATCH,UNIT_SCADA,1,"2022/10/20 23:20:00",CROWLWF1,28.626940
D,DISPATCH,UNIT_SCADA,1,"2022/10/20 23:20:00",CRURWF1,86.898220
D,DISPATCH,UNIT_SCADA,1,"2022/10/20 23:20:00",CRWASF1,0
D,DISPATCH,UNIT_SCADA,1,"2022/10/20 23:20:00",CSPVPS1,0
D,DISPATCH,UNIT_SCADA,1,"2022/10/20 23:20:00",CTHLWF1,0.003050
D,DISPATCH,UNIT_SCADA,1,"2022/10/20 23:20:00",DALNTH01,0
D,DISPATCH,UNIT_SCADA,1,"2022/10/20 23:20:00",DALNTHL1,0.074770
D,DISPATCH,UNIT_SCADA,1,"2022/10/20 23:20:00",DARLSF1,0
D,DISPATCH,UNIT_SCADA,1,"2022/10/20 23:20:00",DARTM1,0
D,DISPATCH,UNIT_SCADA,1,"2022/10/20 23:20:00",DAYDSF1,0
D,DISPATCH,UNIT_SCADA,1,"2022/10/20 23:20:00",DDPS1,0
D,DISPATCH,UNIT_SCADA,1,"2022/10/20 23:20:00",DDSF1,0
D,DISPATCH,UNIT_SCADA,1,"2022/10/20 23:20:00",DEVILS_G,55.980710
D,DISPATCH,UNIT_SCADA,1,"2022/10/20 23:20:00",DG_NSW1,0
D,DISPATCH,UNIT_SCADA,1,"2022/10/20 23:20:00",DG_QLD1,0
D,DISPATCH,UNIT_SCADA,1,"2022/10/20 23:20:00",DG_SA1,0
D,DISPATCH,UNIT_SCADA,1,"2022/10/20 23:20:00",DG_TAS1,0
D,DISPATCH,UNIT_SCADA,1,"2022/10/20 23:20:00",DG_VIC1,0
D,DISPATCH,UNIT_SCADA,1,"2022/10/20 23:20:00",DRYCGT1,0
D,DISPATCH,UNIT_SCADA,1,"2022/10/20 23:20:00",DRYCGT2,0
D,DISPATCH,UNIT_SCADA,1,"2022/10/20 23:20:00",DRYCGT3,0
D,DISPATCH,UNIT_SCADA,1,"2022/10/20 23:20:00",DUNDWF1,111.40
D,DISPATCH,UNIT_SCADA,1,"2022/10/20 23:20:00",DUNDWF2,36.25
D,DISPATCH,UNIT_SCADA,1,"2022/10/20 23:20:00",DUNDWF3,93.34
D,DISPATCH,UNIT_SCADA,1,"2022/10/20 23:20:00",EILDON1,59.80
D,DISPATCH,UNIT_SCADA,1,"2022/10/20 23:20:00",EILDON2,60.20
D,DISPATCH,UNIT_SCADA,1,"2022/10/20 23:20:00",ELAINWF1,4.96
D,DISPATCH,UNIT_SCADA,1,"2022/10/20 23:20:00",EMERASF1,0
D,DISPATCH,UNIT_SCADA,1,"2022/10/20 23:20:00",ER01,0
D,DISPATCH,UNIT_SCADA,1,"2022/10/20 23:20:00",ER02,598.971560
D,DISPATCH,UNIT_SCADA,1,"2022/10/20 23:20:00",ER03,599.191280
D,DISPATCH,UNIT_SCADA,1,"2022/10/20 23:20:00",ER04,599.166870
D,DISPATCH,UNIT_SCADA,1,"2022/10/20 23:20:00",FINLYSF1,0
D,DISPATCH,UNIT_SCADA,1,"2022/10/20 23:20:00",FISHER,43.90
D,DISPATCH,UNIT_SCADA,1,"2022/10/20 23:20:00",GANGARR1,0
D,DISPATCH,UNIT_SCADA,1,"2022/10/20 23:20:00",GANNBG1,0
D,DISPATCH,UNIT_SCADA,1,"2022/10/20 23:20:00",GANNBL1,0.620110
D,DISPATCH,UNIT_SCADA,1,"2022/10/20 23:20:00",GANNSF1,0
D,DISPATCH,UNIT_SCADA,1,"2022/10/20 23:20:00",GLRWNSF1,0
D,DISPATCH,UNIT_SCADA,1,"2022/10/20 23:20:00",GNNDHSF1,0
D,DISPATCH,UNIT_SCADA,1,"2022/10/20 23:20:00",GOONSF1,0
D,DISPATCH,UNIT_SCADA,1,"2022/10/20 23:20:00",GORDON,219.952290
D,DISPATCH,UNIT_SCADA,1,"2022/10/20 23:20:00",GRANWF1,0
D,DISPATCH,UNIT_SCADA,1,"2022/10/20 23:20:00",GSTONE1,200.899990
D,DISPATCH,UNIT_SCADA,1,"2022/10/20 23:20:00",GSTONE2,0
D,DISPATCH,UNIT_SCADA,1,"2022/10/20 23:20:00",GSTONE3,139.649990
D,DISPATCH,UNIT_SCADA,1,"2022/10/20 23:20:00",GSTONE4,0
D,DISPATCH,UNIT_SCADA,1,"2022/10/20 23:20:00",GSTONE5,201.25
D,DISPATCH,UNIT_SCADA,1,"2022/10/20 23:20:00",GSTONE6,200.724990
D,DISPATCH,UNIT_SCADA,1,"2022/10/20 23:20:00",GULLRSF1,0
D,DISPATCH,UNIT_SCADA,1,"2022/10/20 23:20:00",GULLRWF1,60.674080
D,DISPATCH,UNIT_SCADA,1,"2022/10/20 23:20:00",GULLRWF2,103.303330
D,DISPATCH,UNIT_SCADA,1,"2022/10/20 23:20:00",GUNNING1,0
D,DISPATCH,UNIT_SCADA,1,"2022/10/20 23:20:00",GUTHEGA,67.100010
D,DISPATCH,UNIT_SCADA,1,"2022/10/20 23:20:00",HALLWF1,18.33
D,DISPATCH,UNIT_SCADA,1,"2022/10/20 23:20:00",HALLWF2,14.41
D,DISPATCH,UNIT_SCADA,1,"2022/10/20 23:20:00",HAMISF1,0
D,DISPATCH,UNIT_SCADA,1,"2022/10/20 23:20:00",HAUGHT11,0
D,DISPATCH,UNIT_SCADA,1,"2022/10/20 23:20:00",HAYMSF1,0
D,DISPATCH,UNIT_SCADA,1,"2022/10/20 23:20:00",HDWF1,32
D,DISPATCH,UNIT_SCADA,1,"2022/10/20 23:20:00",HDWF2,9.80
D,DISPATCH,UNIT_SCADA,1,"2022/10/20 23:20:00",HDWF3,16.50
D,DISPATCH,UNIT_SCADA,1,"2022/10/20 23:20:00",HILLSTN1,0
D,DISPATCH,UNIT_SCADA,1,"2022/10/20 23:20:00",HPRG1,0
D,DISPATCH,UNIT_SCADA,1,"2022/10/20 23:20:00",HPRL1,2.60
D,DISPATCH,UNIT_SCADA,1,"2022/10/20 23:20:00",HUMENSW,54.9305
D,DISPATCH,UNIT_SCADA,1,"2022/10/20 23:20:00",HUMEV,0
D,DISPATCH,UNIT_SCADA,1,"2022/10/20 23:20:00",HVWWBA1G,0
D,DISPATCH,UNIT_SCADA,1,"2022/10/20 23:20:00",HVWWBA1L,0.0060
D,DISPATCH,UNIT_SCADA,1,"2022/10/20 23:20:00",HVWWPV1,0
D,DISPATCH,UNIT_SCADA,1,"2022/10/20 23:20:00",JBUTTERS,0
D,DISPATCH,UNIT_SCADA,1,"2022/10/20 23:20:00",JEMALNG1,0
D,DISPATCH,UNIT_SCADA,1,"2022/10/20 23:20:00",JLA01,0
D,DISPATCH,UNIT_SCADA,1,"2022/10/20 23:20:00",JLA02,0
D,DISPATCH,UNIT_SCADA,1,"2022/10/20 23:20:00",JLA03,0
D,DISPATCH,UNIT_SCADA,1,"2022/10/20 23:20:00",JLA04,0
D,DISPATCH,UNIT_SCADA,1,"2022/10/20 23:20:00",JLB01,0
D,DISPATCH,UNIT_SCADA,1,"2022/10/20 23:20:00",JLB02,0.10
D,DISPATCH,UNIT_SCADA,1,"2022/10/20 23:20:00",JLB03,0
D,DISPATCH,UNIT_SCADA,1,"2022/10/20 23:20:00",JUNEESF1,0
D,DISPATCH,UNIT_SCADA,1,"2022/10/20 23:20:00",KABANWF1,0
D,DISPATCH,UNIT_SCADA,1,"2022/10/20 23:20:00",KAREEYA1,0
D,DISPATCH,UNIT_SCADA,1,"2022/10/20 23:20:00",KAREEYA2,0
D,DISPATCH,UNIT_SCADA,1,"2022/10/20 23:20:00",KAREEYA3,4.68
D,DISPATCH,UNIT_SCADA,1,"2022/10/20 23:20:00",KAREEYA4,0
D,DISPATCH,UNIT_SCADA,1,"2022/10/20 23:20:00",KARSF1,0
D,DISPATCH,UNIT_SCADA,1,"2022/10/20 23:20:00",KEPSF1,0
D,DISPATCH,UNIT_SCADA,1,"2022/10/20 23:20:00",KEPWF1,1.73
D,DISPATCH,UNIT_SCADA,1,"2022/10/20 23:20:00",KIAMSF1,0
D,DISPATCH,UNIT_SCADA,1,"2022/10/20 23:20:00",KIATAWF1,11.10
D,DISPATCH,UNIT_SCADA,1,"2022/10/20 23:20:00",KPP_1,0
D,DISPATCH,UNIT_SCADA,1,"2022/10/20 23:20:00",KSP1,0
D,DISPATCH,UNIT_SCADA,1,"2022/10/20 23:20:00",LADBROK1,0.01
D,DISPATCH,UNIT_SCADA,1,"2022/10/20 23:20:00",LADBROK2,0.02
D,DISPATCH,UNIT_SCADA,1,"2022/10/20 23:20:00",LBBG1,0
D,DISPATCH,UNIT_SCADA,1,"2022/10/20 23:20:00",LBBL1,0.45
D,DISPATCH,UNIT_SCADA,1,"2022/10/20 23:20:00",LD01,314.035460
D,DISPATCH,UNIT_SCADA,1,"2022/10/20 23:20:00",LD02,0
D,DISPATCH,UNIT_SCADA,1,"2022/10/20 23:20:00",LD04,296.420170
D,DISPATCH,UNIT_SCADA,1,"2022/10/20 23:20:00",LEM_WIL,86.873940
D,DISPATCH,UNIT_SCADA,1,"2022/10/20 23:20:00",LGAPWF1,98.57
D,DISPATCH,UNIT_SCADA,1,"2022/10/20 23:20:00",LGAPWF2,70.46
D,DISPATCH,UNIT_SCADA,1,"2022/10/20 23:20:00",LILYSF1,0
D,DISPATCH,UNIT_SCADA,1,"2022/10/20 23:20:00",LIMOSF11,0
D,DISPATCH,UNIT_SCADA,1,"2022/10/20 23:20:00",LIMOSF21,0
D,DISPATCH,UNIT_SCADA,1,"2022/10/20 23:20:00",LI_WY_CA,55.640630
D,DISPATCH,UNIT_SCADA,1,"2022/10/20 23:20:00",LKBONNY1,16.432940
D,DISPATCH,UNIT_SCADA,1,"2022/10/20 23:20:00",LKBONNY2,45.206810
D,DISPATCH,UNIT_SCADA,1,"2022/10/20 23:20:00",LKBONNY3,13.174010
D,DISPATCH,UNIT_SCADA,1,"2022/10/20 23:20:00",LK_ECHO,0
D,DISPATCH,UNIT_SCADA,1,"2022/10/20 23:20:00",LNGS1,0
D,DISPATCH,UNIT_SCADA,1,"2022/10/20 23:20:00",LNGS2,0
D,DISPATCH,UNIT_SCADA,1,"2022/10/20 23:20:00",LONSDALE,0
D,DISPATCH,UNIT_SCADA,1,"2022/10/20 23:20:00",LOYYB1,575.187320
D,DISPATCH,UNIT_SCADA,1,"2022/10/20 23:20:00",LOYYB2,571.803770
D,DISPATCH,UNIT_SCADA,1,"2022/10/20 23:20:00",LYA1,554
D,DISPATCH,UNIT_SCADA,1,"2022/10/20 23:20:00",LYA2,0
D,DISPATCH,UNIT_SCADA,1,"2022/10/20 23:20:00",LYA3,554
D,DISPATCH,UNIT_SCADA,1,"2022/10/20 23:20:00",LYA4,552
D,DISPATCH,UNIT_SCADA,1,"2022/10/20 23:20:00",MACARTH1,47.8989
D,DISPATCH,UNIT_SCADA,1,"2022/10/20 23:20:00",MACKNTSH,0
D,DISPATCH,UNIT_SCADA,1,"2022/10/20 23:20:00",MANSLR1,0
D,DISPATCH,UNIT_SCADA,1,"2022/10/20 23:20:00",MAPS2PV1,0
D,DISPATCH,UNIT_SCADA,1,"2022/10/20 23:20:00",MAPS3PV1,0
D,DISPATCH,UNIT_SCADA,1,"2022/10/20 23:20:00",MARYRSF1,0
D,DISPATCH,UNIT_SCADA,1,"2022/10/20 23:20:00",MBPS2PV1,0
D,DISPATCH,UNIT_SCADA,1,"2022/10/20 23:20:00",MCKAY1,219.299990
D,DISPATCH,UNIT_SCADA,1,"2022/10/20 23:20:00",MEADOWBK,6.087540
D,DISPATCH,UNIT_SCADA,1,"2022/10/20 23:20:00",MERCER01,19.90
D,DISPATCH,UNIT_SCADA,1,"2022/10/20 23:20:00",METZSF1,0
D,DISPATCH,UNIT_SCADA,1,"2022/10/20 23:20:00",MEWF1,7.088130
D,DISPATCH,UNIT_SCADA,1,"2022/10/20 23:20:00",MIDDLSF1,0
D,DISPATCH,UNIT_SCADA,1,"2022/10/20 23:20:00",MINTARO,0.128180
D,DISPATCH,UNIT_SCADA,1,"2022/10/20 23:20:00",MOLNGSF1,0
D,DISPATCH,UNIT_SCADA,1,"2022/10/20 23:20:00",MOORAWF1,5.69
D,DISPATCH,UNIT_SCADA,1,"2022/10/20 23:20:00",MOREESF1,0
D,DISPATCH,UNIT_SCADA,1,"2022/10/20 23:20:00",MORTLK11,0
D,DISPATCH,UNIT_SCADA,1,"2022/10/20 23:20:00",MORTLK12,0
D,DISPATCH,UNIT_SCADA,1,"2022/10/20 23:20:00",MOUSF1,0
D,DISPATCH,UNIT_SCADA,1,"2022/10/20 23:20:00",MP1,0
D,DISPATCH,UNIT_SCADA,1,"2022/10/20 23:20:00",MP2,344.206910
D,DISPATCH,UNIT_SCADA,1,"2022/10/20 23:20:00",MPP_1,195.868380
D,DISPATCH,UNIT_SCADA,1,"2022/10/20 23:20:00",MPP_2,190.527620
D,DISPATCH,UNIT_SCADA,1,"2022/10/20 23:20:00",MRTLSWF1,0
D,DISPATCH,UNIT_SCADA,1,"2022/10/20 23:20:00",MSTUART1,0
D,DISPATCH,UNIT_SCADA,1,"2022/10/20 23:20:00",MSTUART2,0
D,DISPATCH,UNIT_SCADA,1,"2022/10/20 23:20:00",MSTUART3,0
D,DISPATCH,UNIT_SCADA,1,"2022/10/20 23:20:00",MTGELWF1,64.973910
D,DISPATCH,UNIT_SCADA,1,"2022/10/20 23:20:00",MTMILLAR,17.70
D,DISPATCH,UNIT_SCADA,1,"2022/10/20 23:20:00",MURRAY,97.40
D,DISPATCH,UNIT_SCADA,1,"2022/10/20 23:20:00",MUSSELR1,18.80
D,DISPATCH,UNIT_SCADA,1,"2022/10/20 23:20:00",MUWAWF1,75.16
D,DISPATCH,UNIT_SCADA,1,"2022/10/20 23:20:00",MUWAWF2,75.30
D,DISPATCH,UNIT_SCADA,1,"2022/10/20 23:20:00",MWPS1PV1,0
D,DISPATCH,UNIT_SCADA,1,"2022/10/20 23:20:00",MWPS2PV1,0
D,DISPATCH,UNIT_SCADA,1,"2022/10/20 23:20:00",MWPS3PV1,0
D,DISPATCH,UNIT_SCADA,1,"2022/10/20 23:20:00",MWPS4PV1,0
D,DISPATCH,UNIT_SCADA,1,"2022/10/20 23:20:00",NBHWF1,10.90
D,DISPATCH,UNIT_SCADA,1,"2022/10/20 23:20:00",NEVERSF1,0
D,DISPATCH,UNIT_SCADA,1,"2022/10/20 23:20:00",NPS,0
D,DISPATCH,UNIT_SCADA,1,"2022/10/20 23:20:00",NUMURSF1,0
D,DISPATCH,UNIT_SCADA,1,"2022/10/20 23:20:00",NYNGAN1,0
D,DISPATCH,UNIT_SCADA,1,"2022/10/20 23:20:00",OAKEY1,0
D,DISPATCH,UNIT_SCADA,1,"2022/10/20 23:20:00",OAKEY1SF,0
D,DISPATCH,UNIT_SCADA,1,"2022/10/20 23:20:00",OAKEY2,0
D,DISPATCH,UNIT_SCADA,1,"2022/10/20 23:20:00",OAKEY2SF,0
D,DISPATCH,UNIT_SCADA,1,"2022/10/20 23:20:00",OAKLAND1,8
D,DISPATCH,UNIT_SCADA,1,"2022/10/20 23:20:00",OSB-AG,180.899990
D,DISPATCH,UNIT_SCADA,1,"2022/10/20 23:20:00",PAREPS1,0
D,DISPATCH,UNIT_SCADA,1,"2022/10/20 23:20:00",PAREPW1,48.20
D,DISPATCH,UNIT_SCADA,1,"2022/10/20 23:20:00",PARSF1,0.001530
D,DISPATCH,UNIT_SCADA,1,"2022/10/20 23:20:00",POAT110,3.15
D,DISPATCH,UNIT_SCADA,1,"2022/10/20 23:20:00",POAT220,0
D,DISPATCH,UNIT_SCADA,1,"2022/10/20 23:20:00",POR01,0
D,DISPATCH,UNIT_SCADA,1,"2022/10/20 23:20:00",POR03,0
D,DISPATCH,UNIT_SCADA,1,"2022/10/20 23:20:00",PPCCGT,162.143360
D,DISPATCH,UNIT_SCADA,1,"2022/10/20 23:20:00",PTSTAN1,0
D,DISPATCH,UNIT_SCADA,1,"2022/10/20 23:20:00",PUMP1,0
D,DISPATCH,UNIT_SCADA,1,"2022/10/20 23:20:00",PUMP2,0
D,DISPATCH,UNIT_SCADA,1,"2022/10/20 23:20:00",QBYNBG1,0.0005
D,DISPATCH,UNIT_SCADA,1,"2022/10/20 23:20:00",QBYNBL1,0
D,DISPATCH,UNIT_SCADA,1,"2022/10/20 23:20:00",QPS1,0
D,DISPATCH,UNIT_SCADA,1,"2022/10/20 23:20:00",QPS2,0
D,DISPATCH,UNIT_SCADA,1,"2022/10/20 23:20:00",QPS3,0
D,DISPATCH,UNIT_SCADA,1,"2022/10/20 23:20:00",QPS4,0
D,DISPATCH,UNIT_SCADA,1,"2022/10/20 23:20:00",QPS5,0
D,DISPATCH,UNIT_SCADA,1,"2022/10/20 23:20:00",REECE1,0
D,DISPATCH,UNIT_SCADA,1,"2022/10/20 23:20:00",REECE2,0
D,DISPATCH,UNIT_SCADA,1,"2022/10/20 23:20:00",ROMA_7,0
D,DISPATCH,UNIT_SCADA,1,"2022/10/20 23:20:00",ROMA_8,0
D,DISPATCH,UNIT_SCADA,1,"2022/10/20 23:20:00",RRSF1,0
D,DISPATCH,UNIT_SCADA,1,"2022/10/20 23:20:00",RT_NSW1,0
D,DISPATCH,UNIT_SCADA,1,"2022/10/20 23:20:00",RT_NSW2,0
D,DISPATCH,UNIT_SCADA,1,"2022/10/20 23:20:00",RT_NSW3,0
D,DISPATCH,UNIT_SCADA,1,"2022/10/20 23:20:00",RT_NSW4,0
D,DISPATCH,UNIT_SCADA,1,"2022/10/20 23:20:00",RT_NSW5,0
D,DISPATCH,UNIT_SCADA,1,"2022/10/20 23:20:00",RT_NSW6,0
D,DISPATCH,UNIT_SCADA,1,"2022/10/20 23:20:00",RT_QLD1,0
D,DISPATCH,UNIT_SCADA,1,"2022/10/20 23:20:00",RT_SA1,0
D,DISPATCH,UNIT_SCADA,1,"2022/10/20 23:20:00",RT_SA2,0
D,DISPATCH,UNIT_SCADA,1,"2022/10/20 23:20:00",RT_SA3,0
D,DISPATCH,UNIT_SCADA,1,"2022/10/20 23:20:00",RT_SA4,0
D,DISPATCH,UNIT_SCADA,1,"2022/10/20 23:20:00",RT_SA5,0
D,DISPATCH,UNIT_SCADA,1,"2022/10/20 23:20:00",RT_SA6,0
D,DISPATCH,UNIT_SCADA,1,"2022/10/20 23:20:00",RT_TAS1,0
D,DISPATCH,UNIT_SCADA,1,"2022/10/20 23:20:00",RT_VIC1,0
D,DISPATCH,UNIT_SCADA,1,"2022/10/20 23:20:00",RT_VIC10,0
D,DISPATCH,UNIT_SCADA,1,"2022/10/20 23:20:00",RT_VIC11,0
D,DISPATCH,UNIT_SCADA,1,"2022/10/20 23:20:00",RT_VIC12,0
D,DISPATCH,UNIT_SCADA,1,"2022/10/20 23:20:00",RT_VIC2,0
D,DISPATCH,UNIT_SCADA,1,"2022/10/20 23:20:00",RT_VIC3,0
D,DISPATCH,UNIT_SCADA,1,"2022/10/20 23:20:00",RT_VIC4,0
D,DISPATCH,UNIT_SCADA,1,"2022/10/20 23:20:00",RT_VIC5,0
D,DISPATCH,UNIT_SCADA,1,"2022/10/20 23:20:00",RT_VIC6,0
D,DISPATCH,UNIT_SCADA,1,"2022/10/20 23:20:00",RT_VIC7,0
D,DISPATCH,UNIT_SCADA,1,"2022/10/20 23:20:00",RT_VIC8,0
D,DISPATCH,UNIT_SCADA,1,"2022/10/20 23:20:00",RT_VIC9,0
D,DISPATCH,UNIT_SCADA,1,"2022/10/20 23:20:00",RUGBYR1,0
D,DISPATCH,UNIT_SCADA,1,"2022/10/20 23:20:00",SALTCRK1,30.79
D,DISPATCH,UNIT_SCADA,1,"2022/10/20 23:20:00",SAPHWF1,234.941640
D,DISPATCH,UNIT_SCADA,1,"2022/10/20 23:20:00",SEBSF1,0
D,DISPATCH,UNIT_SCADA,1,"2022/10/20 23:20:00",SHGEN,0
D,DISPATCH,UNIT_SCADA,1,"2022/10/20 23:20:00",SHPUMP,0
D,DISPATCH,UNIT_SCADA,1,"2022/10/20 23:20:00",SITHE01,0.123710
D,DISPATCH,UNIT_SCADA,1,"2022/10/20 23:20:00",SMCSF1,0
D,DISPATCH,UNIT_SCADA,1,"2022/10/20 23:20:00",SNAPPER1,0
D,DISPATCH,UNIT_SCADA,1,"2022/10/20 23:20:00",SNOWNTH1,63.90
D,DISPATCH,UNIT_SCADA,1,"2022/10/20 23:20:00",SNOWSTH1,37.10
D,DISPATCH,UNIT_SCADA,1,"2022/10/20 23:20:00",SNOWTWN1,49.416020
D,DISPATCH,UNIT_SCADA,1,"2022/10/20 23:20:00",SNOWYP,0
D,DISPATCH,UNIT_SCADA,1,"2022/10/20 23:20:00",SNUG1,0
D,DISPATCH,UNIT_SCADA,1,"2022/10/20 23:20:00",SRSF1,0
D,DISPATCH,UNIT_SCADA,1,"2022/10/20 23:20:00",STAN-1,274.762360
D,DISPATCH,UNIT_SCADA,1,"2022/10/20 23:20:00",STAN-2,359.513640
D,DISPATCH,UNIT_SCADA,1,"2022/10/20 23:20:00",STAN-3,361.244050
D,DISPATCH,UNIT_SCADA,1,"2022/10/20 23:20:00",STAN-4,360.116090
D,DISPATCH,UNIT_SCADA,1,"2022/10/20 23:20:00",STARHLWF,18.794520
D,DISPATCH,UNIT_SCADA,1,"2022/10/20 23:20:00",STOCKYD1,104.35
D,DISPATCH,UNIT_SCADA,1,"2022/10/20 23:20:00",STWF1,22.5388
D,DISPATCH,UNIT_SCADA,1,"2022/10/20 23:20:00",SUNRSF1,0
D,DISPATCH,UNIT_SCADA,1,"2022/10/20 23:20:00",SUNTPSF1,0
D,DISPATCH,UNIT_SCADA,1,"2022/10/20 23:20:00",SWAN_E,216.938110
D,DISPATCH,UNIT_SCADA,1,"2022/10/20 23:20:00",TALWA1,0
D,DISPATCH,UNIT_SCADA,1,"2022/10/20 23:20:00",TARALGA1,0
D,DISPATCH,UNIT_SCADA,1,"2022/10/20 23:20:00",TARONG#1,347.800020
D,DISPATCH,UNIT_SCADA,1,"2022/10/20 23:20:00",TARONG#2,347.600010
D,DISPATCH,UNIT_SCADA,1,"2022/10/20 23:20:00",TARONG#3,0.90
D,DISPATCH,UNIT_SCADA,1,"2022/10/20 23:20:00",TARONG#4,224
D,DISPATCH,UNIT_SCADA,1,"2022/10/20 23:20:00",TARRALEA,53.90
D,DISPATCH,UNIT_SCADA,1,"2022/10/20 23:20:00",TBSF1,0
D,DISPATCH,UNIT_SCADA,1,"2022/10/20 23:20:00",TNPS1,348.4375
D,DISPATCH,UNIT_SCADA,1,"2022/10/20 23:20:00",TORRB1,0
D,DISPATCH,UNIT_SCADA,1,"2022/10/20 23:20:00",TORRB2,60
D,DISPATCH,UNIT_SCADA,1,"2022/10/20 23:20:00",TORRB3,0
D,DISPATCH,UNIT_SCADA,1,"2022/10/20 23:20:00",TORRB4,0
D,DISPATCH,UNIT_SCADA,1,"2022/10/20 23:20:00",TREVALLN,98.216160
D,DISPATCH,UNIT_SCADA,1,"2022/10/20 23:20:00",TRIBUTE,0
D,DISPATCH,UNIT_SCADA,1,"2022/10/20 23:20:00",TUMUT3,351.06
D,DISPATCH,UNIT_SCADA,1,"2022/10/20 23:20:00",TUNGATIN,3.200020
D,DISPATCH,UNIT_SCADA,1,"2022/10/20 23:20:00",TVCC201,0
D,DISPATCH,UNIT_SCADA,1,"2022/10/20 23:20:00",TVPP104,0
D,DISPATCH,UNIT_SCADA,1,"2022/10/20 23:20:00",UPPTUMUT,0
D,DISPATCH,UNIT_SCADA,1,"2022/10/20 23:20:00",URANQ11,0
D,DISPATCH,UNIT_SCADA,1,"2022/10/20 23:20:00",URANQ12,0
D,DISPATCH,UNIT_SCADA,1,"2022/10/20 23:20:00",URANQ13,0
D,DISPATCH,UNIT_SCADA,1,"2022/10/20 23:20:00",URANQ14,0
D,DISPATCH,UNIT_SCADA,1,"2022/10/20 23:20:00",VBBG1,11
D,DISPATCH,UNIT_SCADA,1,"2022/10/20 23:20:00",VBBL1,0
D,DISPATCH,UNIT_SCADA,1,"2022/10/20 23:20:00",VP5,562.9566
D,DISPATCH,UNIT_SCADA,1,"2022/10/20 23:20:00",VP6,601.580870
D,DISPATCH,UNIT_SCADA,1,"2022/10/20 23:20:00",VPGS1,0
D,DISPATCH,UNIT_SCADA,1,"2022/10/20 23:20:00",VPGS2,0
D,DISPATCH,UNIT_SCADA,1,"2022/10/20 23:20:00",VPGS3,0
D,DISPATCH,UNIT_SCADA,1,"2022/10/20 23:20:00",VPGS4,0
D,DISPATCH,UNIT_SCADA,1,"2022/10/20 23:20:00",VPGS5,0
D,DISPATCH,UNIT_SCADA,1,"2022/10/20 23:20:00",VPGS6,0
D,DISPATCH,UNIT_SCADA,1,"2022/10/20 23:20:00",W/HOE#1,0
D,DISPATCH,UNIT_SCADA,1,"2022/10/20 23:20:00",W/HOE#2,0
D,DISPATCH,UNIT_SCADA,1,"2022/10/20 23:20:00",WAGGNSF1,0
D,DISPATCH,UNIT_SCADA,1,"2022/10/20 23:20:00",WALGRVG1,0.000930
D,DISPATCH,UNIT_SCADA,1,"2022/10/20 23:20:00",WALGRVL1,0
D,DISPATCH,UNIT_SCADA,1,"2022/10/20 23:20:00",WANDBG1,0
D,DISPATCH,UNIT_SCADA,1,"2022/10/20 23:20:00",WANDBL1,1.373330
D,DISPATCH,UNIT_SCADA,1,"2022/10/20 23:20:00",WARWSF1,0
D,DISPATCH,UNIT_SCADA,1,"2022/10/20 23:20:00",WARWSF2,0
D,DISPATCH,UNIT_SCADA,1,"2022/10/20 23:20:00",WATERLWF,20
D,DISPATCH,UNIT_SCADA,1,"2022/10/20 23:20:00",WDGPH1,0
D,DISPATCH,UNIT_SCADA,1,"2022/10/20 23:20:00",WELLSF1,0
D,DISPATCH,UNIT_SCADA,1,"2022/10/20 23:20:00",WEMENSF1,0
D,DISPATCH,UNIT_SCADA,1,"2022/10/20 23:20:00",WGWF1,12.50
D,DISPATCH,UNIT_SCADA,1,"2022/10/20 23:20:00",WHITSF1,0
D,DISPATCH,UNIT_SCADA,1,"2022/10/20 23:20:00",WINTSF1,0
D,DISPATCH,UNIT_SCADA,1,"2022/10/20 23:20:00",WKIEWA1,33.70
D,DISPATCH,UNIT_SCADA,1,"2022/10/20 23:20:00",WKIEWA2,33.80
D,DISPATCH,UNIT_SCADA,1,"2022/10/20 23:20:00",WOODLWN1,35.583060
D,DISPATCH,UNIT_SCADA,1,"2022/10/20 23:20:00",WOOLGSF1,0
D,DISPATCH,UNIT_SCADA,1,"2022/10/20 23:20:00",WPWF,41.12
D,DISPATCH,UNIT_SCADA,1,"2022/10/20 23:20:00",WRSF1,0
D,DISPATCH,UNIT_SCADA,1,"2022/10/20 23:20:00",WRWF1,130.215010
D,DISPATCH,UNIT_SCADA,1,"2022/10/20 23:20:00",WSTWYSF1,0
D,DISPATCH,UNIT_SCADA,1,"2022/10/20 23:20:00",YABULU,0
D,DISPATCH,UNIT_SCADA,1,"2022/10/20 23:20:00",YABULU2,0
D,DISPATCH,UNIT_SCADA,1,"2022/10/20 23:20:00",YARANSF1,0
D,DISPATCH,UNIT_SCADA,1,"2022/10/20 23:20:00",YARWUN_1,163.989990
D,DISPATCH,UNIT_SCADA,1,"2022/10/20 23:20:00",YATSF1,0
D,DISPATCH,UNIT_SCADA,1,"2022/10/20 23:20:00",YENDWF1,11.74
D,DISPATCH,UNIT_SCADA,1,"2022/10/20 23:20:00",YWPS1,278.944310
D,DISPATCH,UNIT_SCADA,1,"2022/10/20 23:20:00",YWPS2,358.394930
D,DISPATCH,UNIT_SCADA,1,"2022/10/20 23:20:00",YWPS3,359.106320
D,DISPATCH,UNIT_SCADA,1,"2022/10/20 23:20:00",YWPS4,0
C,"END OF REPORT",419
