C,NEMP.WORLD,DISPATCHSCADA,AEMO,PUBLIC,2022/10/20,07:20:09,0000000373237142,DISPATCHSCADA,0000000373237136
I,DISPATCH,UNIT_SCADA,1,SETTLEMENTDATE,DUID,SCADAVALUE
D,DISPATCH,UNIT_SCADA,1,"2022/10/20 07:25:00",BARCSF1,11
D,DISPATCH,UNIT_SCADA,1,"2022/10/20 07:25:00",BUTLERSG,8.699999
D,DISPATCH,UNIT_SCADA,1,"2022/10/20 07:25:00",CAPTL_WF,60.489204
D,DISPATCH,UNIT_SCADA,1,"2022/10/20 07:25:00",CHALLHWF,15.10
D,DISPATCH,UNIT_SCADA,1,"2022/10/20 07:25:00",CLOVER,13.30
D,DISPATCH,UNIT_SCADA,1,"2022/10/20 07:25:00",CLUNY,6.167544
D,DISPATCH,UNIT_SCADA,1,"2022/10/20 07:25:00",CULLRGWF,-0.05
D,DISPATCH,UNIT_SCADA,1,"2022/10/20 07:25:00",DIAPURWF1,7.30
D,DISPATCH,UNIT_SCADA,1,"2022/10/20 07:25:00",ERGT01,0
D,DISPATCH,UNIT_SCADA,1,"2022/10/20 07:25:00",GB01,0
D,DISPATCH,UNIT_SCADA,1,"2022/10/20 07:25:00",GERMCRK,22.799999
D,DISPATCH,UNIT_SCADA,1,"2022/10/20 07:25:00",GRIFSF1,2.699321
D,DISPATCH,UNIT_SCADA,1,"2022/10/20 07:25:00",HEZ1,0
D,DISPATCH,UNIT_SCADA,1,"2022/10/20 07:25:00",HUGSF1,1.2270
D,DISPATCH,UNIT_SCADA,1,"2022/10/20 07:25:00",KEPBG1,0.01
D,DISPATCH,UNIT_SCADA,1,"2022/10/20 07:25:00",LRSF1,4.5920
D,DISPATCH,UNIT_SCADA,1,"2022/10/20 07:25:00",MBAHNTH,45.281250
D,DISPATCH,UNIT_SCADA,1,"2022/10/20 07:25:00",MLSP1,4.537001
D,DISPATCH,UNIT_SCADA,1,"2022/10/20 07:25:00",MLWF1,3.2550
D,DISPATCH,UNIT_SCADA,1,"2022/10/20 07:25:00",PALOONA,30.019999
D,DISPATCH,UNIT_SCADA,1,"2022/10/20 07:25:00",PIONEER,35.299999
D,DISPATCH,UNIT_SCADA,1,"2022/10/20 07:25:00",PORTWF,45.299999
D,DISPATCH,UNIT_SCADA,1,"2022/10/20 07:25:00",REPULSE,9.492943
D,DISPATCH,UNIT_SCADA,1,"2022/10/20 07:25:00",ROWALLAN,8.8750
D,DISPATCH,UNIT_SCADA,1,"2022/10/20 07:25:00",ROYALLA1,7.900003
D,DISPATCH,UNIT_SCADA,1,"2022/10/20 07:25:00",RPCG,-1.20
D,DISPATCH,UNIT_SCADA,1,"2022/10/20 07:25:00",RUBICON,0
D,DISPATCH,UNIT_SCADA,1,"2022/10/20 07:25:00",WAUBRAWF,60.957001
D,DISPATCH,UNIT_SCADA,1,"2022/10/20 07:25:00",WOOLNTH1,20.84
D,DISPATCH,UNIT_SCADA,1,"2022/10/20 07:25:00",YAMBUKWF,4.80
D,DISPATCH,UNIT_SCADA,1,"2022/10/20 07:25:00",YSWF1,0.10
D,DISPATCH,UNIT_SCADA,1,"2022/10/20 07:25:00",ADPBA1G,0.0080
D,DISPATCH,UNIT_SCADA,1,"2022/10/20 07:25:00",ADPBA1L,0
D,DISPATCH,UNIT_SCADA,1,"2022/10/20 07:25:00",ADPPV1,4.90
D,DISPATCH,UNIT_SCADA,1,"2022/10/20 07:25:00",AGLHAL,0
D,DISPATCH,UNIT_SCADA,1,"2022/10/20 07:25:00",AGLSOM,0
D,DISPATCH,UNIT_SCADA,1,"2022/10/20 07:25:00",ANGAST1,0
D,DISPATCH,UNIT_SCADA,1,"2022/10/20 07:25:00",ARWF1,10
D,DISPATCH,UNIT_SCADA,1,"2022/10/20 07:25:00",BALBG1,3.98
D,DISPATCH,UNIT_SCADA,1,"2022/10/20 07:25:00",BALBL1,0
D,DISPATCH,UNIT_SCADA,1,"2022/10/20 07:25:00",BALDHWF1,0.55
D,DISPATCH,UNIT_SCADA,1,"2022/10/20 07:25:00",BANGOWF1,39.099720
D,DISPATCH,UNIT_SCADA,1,"2022/10/20 07:25:00",BANGOWF2,40.499350
D,DISPATCH,UNIT_SCADA,1,"2022/10/20 07:25:00",BANN1,4.78
D,DISPATCH,UNIT_SCADA,1,"2022/10/20 07:25:00",BARCALDN,0
D,DISPATCH,UNIT_SCADA,1,"2022/10/20 07:25:00",BARKIPS1,0
D,DISPATCH,UNIT_SCADA,1,"2022/10/20 07:25:00",BARRON-1,28.04
D,DISPATCH,UNIT_SCADA,1,"2022/10/20 07:25:00",BARRON-2,0
D,DISPATCH,UNIT_SCADA,1,"2022/10/20 07:25:00",BASTYAN,50.61
D,DISPATCH,UNIT_SCADA,1,"2022/10/20 07:25:00",BBTHREE1,0
D,DISPATCH,UNIT_SCADA,1,"2022/10/20 07:25:00",BBTHREE2,0
D,DISPATCH,UNIT_SCADA,1,"2022/10/20 07:25:00",BBTHREE3,-1.17
D,DISPATCH,UNIT_SCADA,1,"2022/10/20 07:25:00",BDL01,0
D,DISPATCH,UNIT_SCADA,1,"2022/10/20 07:25:00",BDL02,0
D,DISPATCH,UNIT_SCADA,1,"2022/10/20 07:25:00",BERYLSF1,5.900890
D,DISPATCH,UNIT_SCADA,1,"2022/10/20 07:25:00",BLOWERNG,62.70
D,DISPATCH,UNIT_SCADA,1,"2022/10/20 07:25:00",BLUEGSF1,20.459520
D,DISPATCH,UNIT_SCADA,1,"2022/10/20 07:25:00",BLUFF1,0.20
D,DISPATCH,UNIT_SCADA,1,"2022/10/20 07:25:00",BNGSF1,15.71
D,DISPATCH,UNIT_SCADA,1,"2022/10/20 07:25:00",BNGSF2,19.17
D,DISPATCH,UNIT_SCADA,1,"2022/10/20 07:25:00",BOCORWF1,0
D,DISPATCH,UNIT_SCADA,1,"2022/10/20 07:25:00",BODWF1,103.282190
D,DISPATCH,UNIT_SCADA,1,"2022/10/20 07:25:00",BOMENSF1,12.482490
D,DISPATCH,UNIT_SCADA,1,"2022/10/20 07:25:00",BOWWBA1G,0
D,DISPATCH,UNIT_SCADA,1,"2022/10/20 07:25:00",BOWWBA1L,0.0010
D,DISPATCH,UNIT_SCADA,1,"2022/10/20 07:25:00",BOWWPV1,0.0010
D,DISPATCH,UNIT_SCADA,1,"2022/10/20 07:25:00",BRAEMAR1,0
D,DISPATCH,UNIT_SCADA,1,"2022/10/20 07:25:00",BRAEMAR2,0
D,DISPATCH,UNIT_SCADA,1,"2022/10/20 07:25:00",BRAEMAR3,0
D,DISPATCH,UNIT_SCADA,1,"2022/10/20 07:25:00",BRAEMAR5,0.292060
D,DISPATCH,UNIT_SCADA,1,"2022/10/20 07:25:00",BRAEMAR6,0
D,DISPATCH,UNIT_SCADA,1,"2022/10/20 07:25:00",BRAEMAR7,0.130920
D,DISPATCH,UNIT_SCADA,1,"2022/10/20 07:25:00",BROKENH1,3.699940
D,DISPATCH,UNIT_SCADA,1,"2022/10/20 07:25:00",BRYB1WF1,119.639880
D,DISPATCH,UNIT_SCADA,1,"2022/10/20 07:25:00",BULBESG1,0
D,DISPATCH,UNIT_SCADA,1,"2022/10/20 07:25:00",BULBESL1,11.66
D,DISPATCH,UNIT_SCADA,1,"2022/10/20 07:25:00",BULGANA1,34.54
D,DISPATCH,UNIT_SCADA,1,"2022/10/20 07:25:00",BW01,657.614990
D,DISPATCH,UNIT_SCADA,1,"2022/10/20 07:25:00",BW02,617.453250
D,DISPATCH,UNIT_SCADA,1,"2022/10/20 07:25:00",BW03,546.7735
D,DISPATCH,UNIT_SCADA,1,"2022/10/20 07:25:00",BW04,0
D,DISPATCH,UNIT_SCADA,1,"2022/10/20 07:25:00",CALL_B_1,319.50
D,DISPATCH,UNIT_SCADA,1,"2022/10/20 07:25:00",CALL_B_2,321.899990
D,DISPATCH,UNIT_SCADA,1,"2022/10/20 07:25:00",CATHROCK,1.90
D,DISPATCH,UNIT_SCADA,1,"2022/10/20 07:25:00",CBWWBA1G,0
D,DISPATCH,UNIT_SCADA,1,"2022/10/20 07:25:00",CBWWBA1L,0
D,DISPATCH,UNIT_SCADA,1,"2022/10/20 07:25:00",CETHANA,97.885120
D,DISPATCH,UNIT_SCADA,1,"2022/10/20 07:25:00",CG1,0
D,DISPATCH,UNIT_SCADA,1,"2022/10/20 07:25:00",CG2,0
D,DISPATCH,UNIT_SCADA,1,"2022/10/20 07:25:00",CG3,0
D,DISPATCH,UNIT_SCADA,1,"2022/10/20 07:25:00",CG4,0
D,DISPATCH,UNIT_SCADA,1,"2022/10/20 07:25:00",CHILDSF1,4.79
D,DISPATCH,UNIT_SCADA,1,"2022/10/20 07:25:00",CHYTWF1,1.09
D,DISPATCH,UNIT_SCADA,1,"2022/10/20 07:25:00",CLARESF1,8.478720
D,DISPATCH,UNIT_SCADA,1,"2022/10/20 07:25:00",CLEMGPWF,8.716240
D,DISPATCH,UNIT_SCADA,1,"2022/10/20 07:25:00",CLERMSF1,6.32
D,DISPATCH,UNIT_SCADA,1,"2022/10/20 07:25:00",CNUNDAWF,10.011680
D,DISPATCH,UNIT_SCADA,1,"2022/10/20 07:25:00",COHUNSF1,2.49
D,DISPATCH,UNIT_SCADA,1,"2022/10/20 07:25:00",COLEASF1,41.202790
D,DISPATCH,UNIT_SCADA,1,"2022/10/20 07:25:00",COLUMSF1,4.8890
D,DISPATCH,UNIT_SCADA,1,"2022/10/20 07:25:00",COLWF01,91.776920
D,DISPATCH,UNIT_SCADA,1,"2022/10/20 07:25:00",COOPGWF1,336.75
D,DISPATCH,UNIT_SCADA,1,"2022/10/20 07:25:00",CPP_3,359.700010
D,DISPATCH,UNIT_SCADA,1,"2022/10/20 07:25:00",CPP_4,0
D,DISPATCH,UNIT_SCADA,1,"2022/10/20 07:25:00",CPSA,0
D,DISPATCH,UNIT_SCADA,1,"2022/10/20 07:25:00",CROOKWF2,36.623490
D,DISPATCH,UNIT_SCADA,1,"2022/10/20 07:25:00",CROWLWF1,44.916740
D,DISPATCH,UNIT_SCADA,1,"2022/10/20 07:25:00",CRURWF1,75.30
D,DISPATCH,UNIT_SCADA,1,"2022/10/20 07:25:00",CRWASF1,20.061180
D,DISPATCH,UNIT_SCADA,1,"2022/10/20 07:25:00",CSPVPS1,5.5480
D,DISPATCH,UNIT_SCADA,1,"2022/10/20 07:25:00",CTHLWF1,0.003050
D,DISPATCH,UNIT_SCADA,1,"2022/10/20 07:25:00",DALNTH01,0
D,DISPATCH,UNIT_SCADA,1,"2022/10/20 07:25:00",DALNTHL1,0.086980
D,DISPATCH,UNIT_SCADA,1,"2022/10/20 07:25:00",DARLSF1,59.355820
D,DISPATCH,UNIT_SCADA,1,"2022/10/20 07:25:00",DARTM1,0
D,DISPATCH,UNIT_SCADA,1,"2022/10/20 07:25:00",DAYDSF1,22.3630
D,DISPATCH,UNIT_SCADA,1,"2022/10/20 07:25:00",DDPS1,0
D,DISPATCH,UNIT_SCADA,1,"2022/10/20 07:25:00",DDSF1,4.081020
D,DISPATCH,UNIT_SCADA,1,"2022/10/20 07:25:00",DEVILS_G,58.659020
D,DISPATCH,UNIT_SCADA,1,"2022/10/20 07:25:00",DG_NSW1,0
D,DISPATCH,UNIT_SCADA,1,"2022/10/20 07:25:00",DG_QLD1,0
D,DISPATCH,UNIT_SCADA,1,"2022/10/20 07:25:00",DG_SA1,0
D,DISPATCH,UNIT_SCADA,1,"2022/10/20 07:25:00",DG_TAS1,0
D,DISPATCH,UNIT_SCADA,1,"2022/10/20 07:25:00",DG_VIC1,0
D,DISPATCH,UNIT_SCADA,1,"2022/10/20 07:25:00",DRYCGT1,0
D,DISPATCH,UNIT_SCADA,1,"2022/10/20 07:25:00",DRYCGT2,0
D,DISPATCH,UNIT_SCADA,1,"2022/10/20 07:25:00",DRYCGT3,0
D,DISPATCH,UNIT_SCADA,1,"2022/10/20 07:25:00",DUNDWF1,49.52
D,DISPATCH,UNIT_SCADA,1,"2022/10/20 07:25:00",DUNDWF2,19
D,DISPATCH,UNIT_SCADA,1,"2022/10/20 07:25:00",DUNDWF3,67.38
D,DISPATCH,UNIT_SCADA,1,"2022/10/20 07:25:00",EILDON1,59.80
D,DISPATCH,UNIT_SCADA,1,"2022/10/20 07:25:00",EILDON2,59.92
D,DISPATCH,UNIT_SCADA,1,"2022/10/20 07:25:00",ELAINWF1,10.93
D,DISPATCH,UNIT_SCADA,1,"2022/10/20 07:25:00",EMERASF1,0
D,DISPATCH,UNIT_SCADA,1,"2022/10/20 07:25:00",ER01,0
D,DISPATCH,UNIT_SCADA,1,"2022/10/20 07:25:00",ER02,664.109250
D,DISPATCH,UNIT_SCADA,1,"2022/10/20 07:25:00",ER03,668.552670
D,DISPATCH,UNIT_SCADA,1,"2022/10/20 07:25:00",ER04,674.021550
D,DISPATCH,UNIT_SCADA,1,"2022/10/20 07:25:00",FINLYSF1,109.8497
D,DISPATCH,UNIT_SCADA,1,"2022/10/20 07:25:00",FISHER,45.95
D,DISPATCH,UNIT_SCADA,1,"2022/10/20 07:25:00",GANGARR1,6.30
D,DISPATCH,UNIT_SCADA,1,"2022/10/20 07:25:00",GANNBG1,0
D,DISPATCH,UNIT_SCADA,1,"2022/10/20 07:25:00",GANNBL1,0.232040
D,DISPATCH,UNIT_SCADA,1,"2022/10/20 07:25:00",GANNSF1,44.40
D,DISPATCH,UNIT_SCADA,1,"2022/10/20 07:25:00",GLRWNSF1,90.21
D,DISPATCH,UNIT_SCADA,1,"2022/10/20 07:25:00",GNNDHSF1,7.998860
D,DISPATCH,UNIT_SCADA,1,"2022/10/20 07:25:00",GOONSF1,10.0795
D,DISPATCH,UNIT_SCADA,1,"2022/10/20 07:25:00",GORDON,241.330610
D,DISPATCH,UNIT_SCADA,1,"2022/10/20 07:25:00",GRANWF1,15.66
D,DISPATCH,UNIT_SCADA,1,"2022/10/20 07:25:00",GSTONE1,212.6250
D,DISPATCH,UNIT_SCADA,1,"2022/10/20 07:25:00",GSTONE2,0
D,DISPATCH,UNIT_SCADA,1,"2022/10/20 07:25:00",GSTONE3,215.25
D,DISPATCH,UNIT_SCADA,1,"2022/10/20 07:25:00",GSTONE4,0
D,DISPATCH,UNIT_SCADA,1,"2022/10/20 07:25:00",GSTONE5,216.30
D,DISPATCH,UNIT_SCADA,1,"2022/10/20 07:25:00",GSTONE6,216.649990
D,DISPATCH,UNIT_SCADA,1,"2022/10/20 07:25:00",GULLRSF1,0.694990
D,DISPATCH,UNIT_SCADA,1,"2022/10/20 07:25:00",GULLRWF1,72.623890
D,DISPATCH,UNIT_SCADA,1,"2022/10/20 07:25:00",GULLRWF2,90.100010
D,DISPATCH,UNIT_SCADA,1,"2022/10/20 07:25:00",GUNNING1,0
D,DISPATCH,UNIT_SCADA,1,"2022/10/20 07:25:00",GUTHEGA,67.70
D,DISPATCH,UNIT_SCADA,1,"2022/10/20 07:25:00",HALLWF1,42.14
D,DISPATCH,UNIT_SCADA,1,"2022/10/20 07:25:00",HALLWF2,55.08
D,DISPATCH,UNIT_SCADA,1,"2022/10/20 07:25:00",HAMISF1,4.10
D,DISPATCH,UNIT_SCADA,1,"2022/10/20 07:25:00",HAUGHT11,11.126780
D,DISPATCH,UNIT_SCADA,1,"2022/10/20 07:25:00",HAYMSF1,5.0740
D,DISPATCH,UNIT_SCADA,1,"2022/10/20 07:25:00",HDWF1,31.10
D,DISPATCH,UNIT_SCADA,1,"2022/10/20 07:25:00",HDWF2,9.50
D,DISPATCH,UNIT_SCADA,1,"2022/10/20 07:25:00",HDWF3,19
D,DISPATCH,UNIT_SCADA,1,"2022/10/20 07:25:00",HILLSTN1,5.311230
D,DISPATCH,UNIT_SCADA,1,"2022/10/20 07:25:00",HPRG1,0
D,DISPATCH,UNIT_SCADA,1,"2022/10/20 07:25:00",HPRL1,1
D,DISPATCH,UNIT_SCADA,1,"2022/10/20 07:25:00",HUMENSW,54.755160
D,DISPATCH,UNIT_SCADA,1,"2022/10/20 07:25:00",HUMEV,0
D,DISPATCH,UNIT_SCADA,1,"2022/10/20 07:25:00",HVWWBA1G,0
D,DISPATCH,UNIT_SCADA,1,"2022/10/20 07:25:00",HVWWBA1L,0
D,DISPATCH,UNIT_SCADA,1,"2022/10/20 07:25:00",HVWWPV1,2.8259
D,DISPATCH,UNIT_SCADA,1,"2022/10/20 07:25:00",JBUTTERS,0
D,DISPATCH,UNIT_SCADA,1,"2022/10/20 07:25:00",JEMALNG1,3.29
D,DISPATCH,UNIT_SCADA,1,"2022/10/20 07:25:00",JLA01,0
D,DISPATCH,UNIT_SCADA,1,"2022/10/20 07:25:00",JLA02,0
D,DISPATCH,UNIT_SCADA,1,"2022/10/20 07:25:00",JLA03,0
D,DISPATCH,UNIT_SCADA,1,"2022/10/20 07:25:00",JLA04,0
D,DISPATCH,UNIT_SCADA,1,"2022/10/20 07:25:00",JLB01,0
D,DISPATCH,UNIT_SCADA,1,"2022/10/20 07:25:00",JLB02,0.10
D,DISPATCH,UNIT_SCADA,1,"2022/10/20 07:25:00",JLB03,0
D,DISPATCH,UNIT_SCADA,1,"2022/10/20 07:25:00",JUNEESF1,5.282050
D,DISPATCH,UNIT_SCADA,1,"2022/10/20 07:25:00",KABANWF1,0.84
D,DISPATCH,UNIT_SCADA,1,"2022/10/20 07:25:00",KAREEYA1,17.9550
D,DISPATCH,UNIT_SCADA,1,"2022/10/20 07:25:00",KAREEYA2,0
D,DISPATCH,UNIT_SCADA,1,"2022/10/20 07:25:00",KAREEYA3,21.4875
D,DISPATCH,UNIT_SCADA,1,"2022/10/20 07:25:00",KAREEYA4,0
D,DISPATCH,UNIT_SCADA,1,"2022/10/20 07:25:00",KARSF1,24.30
D,DISPATCH,UNIT_SCADA,1,"2022/10/20 07:25:00",KEPSF1,1.35
D,DISPATCH,UNIT_SCADA,1,"2022/10/20 07:25:00",KEPWF1,0
D,DISPATCH,UNIT_SCADA,1,"2022/10/20 07:25:00",KIAMSF1,2.6894
D,DISPATCH,UNIT_SCADA,1,"2022/10/20 07:25:00",KIATAWF1,25.60
D,DISPATCH,UNIT_SCADA,1,"2022/10/20 07:25:00",KPP_1,0
D,DISPATCH,UNIT_SCADA,1,"2022/10/20 07:25:00",KSP1,38.15
D,DISPATCH,UNIT_SCADA,1,"2022/10/20 07:25:00",LADBROK1,0.01
D,DISPATCH,UNIT_SCADA,1,"2022/10/20 07:25:00",LADBROK2,38.01
D,DISPATCH,UNIT_SCADA,1,"2022/10/20 07:25:00",LBBG1,22.95
D,DISPATCH,UNIT_SCADA,1,"2022/10/20 07:25:00",LBBL1,0
D,DISPATCH,UNIT_SCADA,1,"2022/10/20 07:25:00",LD01,317.294830
D,DISPATCH,UNIT_SCADA,1,"2022/10/20 07:25:00",LD02,0
D,DISPATCH,UNIT_SCADA,1,"2022/10/20 07:25:00",LD04,316.049680
D,DISPATCH,UNIT_SCADA,1,"2022/10/20 07:25:00",LEM_WIL,86.934720
D,DISPATCH,UNIT_SCADA,1,"2022/10/20 07:25:00",LGAPWF1,78.36
D,DISPATCH,UNIT_SCADA,1,"2022/10/20 07:25:00",LGAPWF2,51.76
D,DISPATCH,UNIT_SCADA,1,"2022/10/20 07:25:00",LILYSF1,6.914050
D,DISPATCH,UNIT_SCADA,1,"2022/10/20 07:25:00",LIMOSF11,17.206230
D,DISPATCH,UNIT_SCADA,1,"2022/10/20 07:25:00",LIMOSF21,3.355120
D,DISPATCH,UNIT_SCADA,1,"2022/10/20 07:25:00",LI_WY_CA,77.034240
D,DISPATCH,UNIT_SCADA,1,"2022/10/20 07:25:00",LKBONNY1,0
D,DISPATCH,UNIT_SCADA,1,"2022/10/20 07:25:00",LKBONNY2,23.672030
D,DISPATCH,UNIT_SCADA,1,"2022/10/20 07:25:00",LKBONNY3,9.489750
D,DISPATCH,UNIT_SCADA,1,"2022/10/20 07:25:00",LK_ECHO,0
D,DISPATCH,UNIT_SCADA,1,"2022/10/20 07:25:00",LNGS1,0
D,DISPATCH,UNIT_SCADA,1,"2022/10/20 07:25:00",LNGS2,0
D,DISPATCH,UNIT_SCADA,1,"2022/10/20 07:25:00",LONSDALE,0
D,DISPATCH,UNIT_SCADA,1,"2022/10/20 07:25:00",LOYYB1,580.450620
D,DISPATCH,UNIT_SCADA,1,"2022/10/20 07:25:00",LOYYB2,574.8114
D,DISPATCH,UNIT_SCADA,1,"2022/10/20 07:25:00",LYA1,558
D,DISPATCH,UNIT_SCADA,1,"2022/10/20 07:25:00",LYA2,0
D,DISPATCH,UNIT_SCADA,1,"2022/10/20 07:25:00",LYA3,557
D,DISPATCH,UNIT_SCADA,1,"2022/10/20 07:25:00",LYA4,559
D,DISPATCH,UNIT_SCADA,1,"2022/10/20 07:25:00",MACARTH1,0
D,DISPATCH,UNIT_SCADA,1,"2022/10/20 07:25:00",MACKNTSH,0
D,DISPATCH,UNIT_SCADA,1,"2022/10/20 07:25:00",MANSLR1,0.7580
D,DISPATCH,UNIT_SCADA,1,"2022/10/20 07:25:00",MAPS2PV1,0
D,DISPATCH,UNIT_SCADA,1,"2022/10/20 07:25:00",MAPS3PV1,0
D,DISPATCH,UNIT_SCADA,1,"2022/10/20 07:25:00",MARYRSF1,9.67
D,DISPATCH,UNIT_SCADA,1,"2022/10/20 07:25:00",MBPS2PV1,0
D,DISPATCH,UNIT_SCADA,1,"2022/10/20 07:25:00",MCKAY1,236.325010
D,DISPATCH,UNIT_SCADA,1,"2022/10/20 07:25:00",MEADOWBK,20.034580
D,DISPATCH,UNIT_SCADA,1,"2022/10/20 07:25:00",MERCER01,16.90
D,DISPATCH,UNIT_SCADA,1,"2022/10/20 07:25:00",METZSF1,47.466130
D,DISPATCH,UNIT_SCADA,1,"2022/10/20 07:25:00",MEWF1,2.322430
D,DISPATCH,UNIT_SCADA,1,"2022/10/20 07:25:00",MIDDLSF1,3.41
D,DISPATCH,UNIT_SCADA,1,"2022/10/20 07:25:00",MINTARO,0.128180
D,DISPATCH,UNIT_SCADA,1,"2022/10/20 07:25:00",MOLNGSF1,0.523690
D,DISPATCH,UNIT_SCADA,1,"2022/10/20 07:25:00",MOORAWF1,20.04
D,DISPATCH,UNIT_SCADA,1,"2022/10/20 07:25:00",MOREESF1,0.9660
D,DISPATCH,UNIT_SCADA,1,"2022/10/20 07:25:00",MORTLK11,0
D,DISPATCH,UNIT_SCADA,1,"2022/10/20 07:25:00",MORTLK12,0
D,DISPATCH,UNIT_SCADA,1,"2022/10/20 07:25:00",MOUSF1,0
D,DISPATCH,UNIT_SCADA,1,"2022/10/20 07:25:00",MP1,0
D,DISPATCH,UNIT_SCADA,1,"2022/10/20 07:25:00",MP2,482.270540
D,DISPATCH,UNIT_SCADA,1,"2022/10/20 07:25:00",MPP_1,173.666090
D,DISPATCH,UNIT_SCADA,1,"2022/10/20 07:25:00",MPP_2,0
D,DISPATCH,UNIT_SCADA,1,"2022/10/20 07:25:00",MRTLSWF1,0
D,DISPATCH,UNIT_SCADA,1,"2022/10/20 07:25:00",MSTUART1,0
D,DISPATCH,UNIT_SCADA,1,"2022/10/20 07:25:00",MSTUART2,0
D,DISPATCH,UNIT_SCADA,1,"2022/10/20 07:25:00",MSTUART3,0
D,DISPATCH,UNIT_SCADA,1,"2022/10/20 07:25:00",MTGELWF1,36.504710
D,DISPATCH,UNIT_SCADA,1,"2022/10/20 07:25:00",MTMILLAR,10
D,DISPATCH,UNIT_SCADA,1,"2022/10/20 07:25:00",MURRAY,0
D,DISPATCH,UNIT_SCADA,1,"2022/10/20 07:25:00",MUSSELR1,24.90
D,DISPATCH,UNIT_SCADA,1,"2022/10/20 07:25:00",MUWAWF1,180.91
D,DISPATCH,UNIT_SCADA,1,"2022/10/20 07:25:00",MUWAWF2,153.70
D,DISPATCH,UNIT_SCADA,1,"2022/10/20 07:25:00",MWPS1PV1,0.06
D,DISPATCH,UNIT_SCADA,1,"2022/10/20 07:25:00",MWPS2PV1,0.38
D,DISPATCH,UNIT_SCADA,1,"2022/10/20 07:25:00",MWPS3PV1,0.09
D,DISPATCH,UNIT_SCADA,1,"2022/10/20 07:25:00",MWPS4PV1,0.24
D,DISPATCH,UNIT_SCADA,1,"2022/10/20 07:25:00",NBHWF1,87.70
D,DISPATCH,UNIT_SCADA,1,"2022/10/20 07:25:00",NEVERSF1,1.90
D,DISPATCH,UNIT_SCADA,1,"2022/10/20 07:25:00",NPS,0
D,DISPATCH,UNIT_SCADA,1,"2022/10/20 07:25:00",NUMURSF1,75.12
D,DISPATCH,UNIT_SCADA,1,"2022/10/20 07:25:00",NYNGAN1,1.75
D,DISPATCH,UNIT_SCADA,1,"2022/10/20 07:25:00",OAKEY1,0
D,DISPATCH,UNIT_SCADA,1,"2022/10/20 07:25:00",OAKEY1SF,3.0120
D,DISPATCH,UNIT_SCADA,1,"2022/10/20 07:25:00",OAKEY2,0
D,DISPATCH,UNIT_SCADA,1,"2022/10/20 07:25:00",OAKEY2SF,5.11
D,DISPATCH,UNIT_SCADA,1,"2022/10/20 07:25:00",OAKLAND1,11.10
D,DISPATCH,UNIT_SCADA,1,"2022/10/20 07:25:00",OSB-AG,0
D,DISPATCH,UNIT_SCADA,1,"2022/10/20 07:25:00",PAREPS1,0.0660
D,DISPATCH,UNIT_SCADA,1,"2022/10/20 07:25:00",PAREPW1,83.09
D,DISPATCH,UNIT_SCADA,1,"2022/10/20 07:25:00",PARSF1,8.400090
D,DISPATCH,UNIT_SCADA,1,"2022/10/20 07:25:00",POAT110,0
D,DISPATCH,UNIT_SCADA,1,"2022/10/20 07:25:00",POAT220,0
D,DISPATCH,UNIT_SCADA,1,"2022/10/20 07:25:00",POR01,0
D,DISPATCH,UNIT_SCADA,1,"2022/10/20 07:25:00",POR03,0
D,DISPATCH,UNIT_SCADA,1,"2022/10/20 07:25:00",PPCCGT,174.894330
D,DISPATCH,UNIT_SCADA,1,"2022/10/20 07:25:00",PTSTAN1,0
D,DISPATCH,UNIT_SCADA,1,"2022/10/20 07:25:00",PUMP1,0
D,DISPATCH,UNIT_SCADA,1,"2022/10/20 07:25:00",PUMP2,0
D,DISPATCH,UNIT_SCADA,1,"2022/10/20 07:25:00",QBYNBG1,0
D,DISPATCH,UNIT_SCADA,1,"2022/10/20 07:25:00",QBYNBL1,0.0055
D,DISPATCH,UNIT_SCADA,1,"2022/10/20 07:25:00",QPS1,0
D,DISPATCH,UNIT_SCADA,1,"2022/10/20 07:25:00",QPS2,0
D,DISPATCH,UNIT_SCADA,1,"2022/10/20 07:25:00",QPS3,0
D,DISPATCH,UNIT_SCADA,1,"2022/10/20 07:25:00",QPS4,0
D,DISPATCH,UNIT_SCADA,1,"2022/10/20 07:25:00",QPS5,76.15
D,DISPATCH,UNIT_SCADA,1,"2022/10/20 07:25:00",REECE1,44.7322
D,DISPATCH,UNIT_SCADA,1,"2022/10/20 07:25:00",REECE2,34.62
D,DISPATCH,UNIT_SCADA,1,"2022/10/20 07:25:00",ROMA_7,0
D,DISPATCH,UNIT_SCADA,1,"2022/10/20 07:25:00",ROMA_8,0
D,DISPATCH,UNIT_SCADA,1,"2022/10/20 07:25:00",RRSF1,39.882510
D,DISPATCH,UNIT_SCADA,1,"2022/10/20 07:25:00",RT_NSW1,0
D,DISPATCH,UNIT_SCADA,1,"2022/10/20 07:25:00",RT_NSW2,0
D,DISPATCH,UNIT_SCADA,1,"2022/10/20 07:25:00",RT_NSW3,0
D,DISPATCH,UNIT_SCADA,1,"2022/10/20 07:25:00",RT_NSW4,0
D,DISPATCH,UNIT_SCADA,1,"2022/10/20 07:25:00",RT_NSW5,0
D,DISPATCH,UNIT_SCADA,1,"2022/10/20 07:25:00",RT_NSW6,0
D,DISPATCH,UNIT_SCADA,1,"2022/10/20 07:25:00",RT_QLD1,0
D,DISPATCH,UNIT_SCADA,1,"2022/10/20 07:25:00",RT_SA1,0
D,DISPATCH,UNIT_SCADA,1,"2022/10/20 07:25:00",RT_SA2,0
D,DISPATCH,UNIT_SCADA,1,"2022/10/20 07:25:00",RT_SA3,0
D,DISPATCH,UNIT_SCADA,1,"2022/10/20 07:25:00",RT_SA4,0
D,DISPATCH,UNIT_SCADA,1,"2022/10/20 07:25:00",RT_SA5,0
D,DISPATCH,UNIT_SCADA,1,"2022/10/20 07:25:00",RT_SA6,0
D,DISPATCH,UNIT_SCADA,1,"2022/10/20 07:25:00",RT_TAS1,0
D,DISPATCH,UNIT_SCADA,1,"2022/10/20 07:25:00",RT_VIC1,0
D,DISPATCH,UNIT_SCADA,1,"2022/10/20 07:25:00",RT_VIC10,0
D,DISPATCH,UNIT_SCADA,1,"2022/10/20 07:25:00",RT_VIC11,0
D,DISPATCH,UNIT_SCADA,1,"2022/10/20 07:25:00",RT_VIC12,0
D,DISPATCH,UNIT_SCADA,1,"2022/10/20 07:25:00",RT_VIC2,0
D,DISPATCH,UNIT_SCADA,1,"2022/10/20 07:25:00",RT_VIC3,0
D,DISPATCH,UNIT_SCADA,1,"2022/10/20 07:25:00",RT_VIC4,0
D,DISPATCH,UNIT_SCADA,1,"2022/10/20 07:25:00",RT_VIC5,0
D,DISPATCH,UNIT_SCADA,1,"2022/10/20 07:25:00",RT_VIC6,0
D,DISPATCH,UNIT_SCADA,1,"2022/10/20 07:25:00",RT_VIC7,0
D,DISPATCH,UNIT_SCADA,1,"2022/10/20 07:25:00",RT_VIC8,0
D,DISPATCH,UNIT_SCADA,1,"2022/10/20 07:25:00",RT_VIC9,0
D,DISPATCH,UNIT_SCADA,1,"2022/10/20 07:25:00",RUGBYR1,4.783360
D,DISPATCH,UNIT_SCADA,1,"2022/10/20 07:25:00",SALTCRK1,20.74
D,DISPATCH,UNIT_SCADA,1,"2022/10/20 07:25:00",SAPHWF1,131.888310
D,DISPATCH,UNIT_SCADA,1,"2022/10/20 07:25:00",SEBSF1,58.845010
D,DISPATCH,UNIT_SCADA,1,"2022/10/20 07:25:00",SHGEN,81.671910
D,DISPATCH,UNIT_SCADA,1,"2022/10/20 07:25:00",SHPUMP,0
D,DISPATCH,UNIT_SCADA,1,"2022/10/20 07:25:00",SITHE01,0.123710
D,DISPATCH,UNIT_SCADA,1,"2022/10/20 07:25:00",SMCSF1,23.5210
D,DISPATCH,UNIT_SCADA,1,"2022/10/20 07:25:00",SNAPPER1,0
D,DISPATCH,UNIT_SCADA,1,"2022/10/20 07:25:00",SNOWNTH1,138.50
D,DISPATCH,UNIT_SCADA,1,"2022/10/20 07:25:00",SNOWSTH1,116.20
D,DISPATCH,UNIT_SCADA,1,"2022/10/20 07:25:00",SNOWTWN1,60.437070
D,DISPATCH,UNIT_SCADA,1,"2022/10/20 07:25:00",SNOWYP,0
D,DISPATCH,UNIT_SCADA,1,"2022/10/20 07:25:00",SNUG1,0
D,DISPATCH,UNIT_SCADA,1,"2022/10/20 07:25:00",SRSF1,1.90
D,DISPATCH,UNIT_SCADA,1,"2022/10/20 07:25:00",STAN-1,280.953370
D,DISPATCH,UNIT_SCADA,1,"2022/10/20 07:25:00",STAN-2,364.563870
D,DISPATCH,UNIT_SCADA,1,"2022/10/20 07:25:00",STAN-3,150.570690
D,DISPATCH,UNIT_SCADA,1,"2022/10/20 07:25:00",STAN-4,364.627960
D,DISPATCH,UNIT_SCADA,1,"2022/10/20 07:25:00",STARHLWF,5.098510
D,DISPATCH,UNIT_SCADA,1,"2022/10/20 07:25:00",STOCKYD1,228.929990
D,DISPATCH,UNIT_SCADA,1,"2022/10/20 07:25:00",STWF1,25.208520
D,DISPATCH,UNIT_SCADA,1,"2022/10/20 07:25:00",SUNRSF1,10.167090
D,DISPATCH,UNIT_SCADA,1,"2022/10/20 07:25:00",SUNTPSF1,30.270850
D,DISPATCH,UNIT_SCADA,1,"2022/10/20 07:25:00",SWAN_E,257.610630
D,DISPATCH,UNIT_SCADA,1,"2022/10/20 07:25:00",TALWA1,0
D,DISPATCH,UNIT_SCADA,1,"2022/10/20 07:25:00",TARALGA1,0
D,DISPATCH,UNIT_SCADA,1,"2022/10/20 07:25:00",TARONG#1,348.899990
D,DISPATCH,UNIT_SCADA,1,"2022/10/20 07:25:00",TARONG#2,348.800020
D,DISPATCH,UNIT_SCADA,1,"2022/10/20 07:25:00",TARONG#3,0.90
D,DISPATCH,UNIT_SCADA,1,"2022/10/20 07:25:00",TARONG#4,294.200010
D,DISPATCH,UNIT_SCADA,1,"2022/10/20 07:25:00",TARRALEA,54
D,DISPATCH,UNIT_SCADA,1,"2022/10/20 07:25:00",TBSF1,12.30
D,DISPATCH,UNIT_SCADA,1,"2022/10/20 07:25:00",TNPS1,441.25
D,DISPATCH,UNIT_SCADA,1,"2022/10/20 07:25:00",TORRB1,0
D,DISPATCH,UNIT_SCADA,1,"2022/10/20 07:25:00",TORRB2,41
D,DISPATCH,UNIT_SCADA,1,"2022/10/20 07:25:00",TORRB3,0
D,DISPATCH,UNIT_SCADA,1,"2022/10/20 07:25:00",TORRB4,0
D,DISPATCH,UNIT_SCADA,1,"2022/10/20 07:25:00",TREVALLN,98.258710
D,DISPATCH,UNIT_SCADA,1,"2022/10/20 07:25:00",TRIBUTE,0
D,DISPATCH,UNIT_SCADA,1,"2022/10/20 07:25:00",TUMUT3,0
D,DISPATCH,UNIT_SCADA,1,"2022/10/20 07:25:00",TUNGATIN,5.720020
D,DISPATCH,UNIT_SCADA,1,"2022/10/20 07:25:00",TVCC201,0
D,DISPATCH,UNIT_SCADA,1,"2022/10/20 07:25:00",TVPP104,57.8461
D,DISPATCH,UNIT_SCADA,1,"2022/10/20 07:25:00",UPPTUMUT,32.046020
D,DISPATCH,UNIT_SCADA,1,"2022/10/20 07:25:00",URANQ11,0
D,DISPATCH,UNIT_SCADA,1,"2022/10/20 07:25:00",URANQ12,0
D,DISPATCH,UNIT_SCADA,1,"2022/10/20 07:25:00",URANQ13,0
D,DISPATCH,UNIT_SCADA,1,"2022/10/20 07:25:00",URANQ14,0
D,DISPATCH,UNIT_SCADA,1,"2022/10/20 07:25:00",VBBG1,5.60
D,DISPATCH,UNIT_SCADA,1,"2022/10/20 07:25:00",VBBL1,0
D,DISPATCH,UNIT_SCADA,1,"2022/10/20 07:25:00",VP5,547.575320
D,DISPATCH,UNIT_SCADA,1,"2022/10/20 07:25:00",VP6,547.770630
D,DISPATCH,UNIT_SCADA,1,"2022/10/20 07:25:00",VPGS1,0
D,DISPATCH,UNIT_SCADA,1,"2022/10/20 07:25:00",VPGS2,0
D,DISPATCH,UNIT_SCADA,1,"2022/10/20 07:25:00",VPGS3,0
D,DISPATCH,UNIT_SCADA,1,"2022/10/20 07:25:00",VPGS4,0
D,DISPATCH,UNIT_SCADA,1,"2022/10/20 07:25:00",VPGS5,0
D,DISPATCH,UNIT_SCADA,1,"2022/10/20 07:25:00",VPGS6,0
D,DISPATCH,UNIT_SCADA,1,"2022/10/20 07:25:00",W/HOE#1,0
D,DISPATCH,UNIT_SCADA,1,"2022/10/20 07:25:00",W/HOE#2,159.37
D,DISPATCH,UNIT_SCADA,1,"2022/10/20 07:25:00",WAGGNSF1,0
D,DISPATCH,UNIT_SCADA,1,"2022/10/20 07:25:00",WALGRVG1,3.843270
D,DISPATCH,UNIT_SCADA,1,"2022/10/20 07:25:00",WALGRVL1,0
D,DISPATCH,UNIT_SCADA,1,"2022/10/20 07:25:00",WANDBG1,0
D,DISPATCH,UNIT_SCADA,1,"2022/10/20 07:25:00",WANDBL1,1.599410
D,DISPATCH,UNIT_SCADA,1,"2022/10/20 07:25:00",WARWSF1,5.26
D,DISPATCH,UNIT_SCADA,1,"2022/10/20 07:25:00",WARWSF2,4.61
D,DISPATCH,UNIT_SCADA,1,"2022/10/20 07:25:00",WATERLWF,61.10
D,DISPATCH,UNIT_SCADA,1,"2022/10/20 07:25:00",WDGPH1,2.1090
D,DISPATCH,UNIT_SCADA,1,"2022/10/20 07:25:00",WELLSF1,16.311890
D,DISPATCH,UNIT_SCADA,1,"2022/10/20 07:25:00",WEMENSF1,5.50
D,DISPATCH,UNIT_SCADA,1,"2022/10/20 07:25:00",WGWF1,114.20
D,DISPATCH,UNIT_SCADA,1,"2022/10/20 07:25:00",WHITSF1,5.50
D,DISPATCH,UNIT_SCADA,1,"2022/10/20 07:25:00",WINTSF1,54.20
D,DISPATCH,UNIT_SCADA,1,"2022/10/20 07:25:00",WKIEWA1,33.90
D,DISPATCH,UNIT_SCADA,1,"2022/10/20 07:25:00",WKIEWA2,34
D,DISPATCH,UNIT_SCADA,1,"2022/10/20 07:25:00",WOODLWN1,29.026320
D,DISPATCH,UNIT_SCADA,1,"2022/10/20 07:25:00",WOOLGSF1,11.751420
D,DISPATCH,UNIT_SCADA,1,"2022/10/20 07:25:00",WPWF,49.89
D,DISPATCH,UNIT_SCADA,1,"2022/10/20 07:25:00",WRSF1,1.760310
D,DISPATCH,UNIT_SCADA,1,"2022/10/20 07:25:00",WRWF1,38.541240
D,DISPATCH,UNIT_SCADA,1,"2022/10/20 07:25:00",WSTWYSF1,0
D,DISPATCH,UNIT_SCADA,1,"2022/10/20 07:25:00",YABULU,0
D,DISPATCH,UNIT_SCADA,1,"2022/10/20 07:25:00",YABULU2,0
D,DISPATCH,UNIT_SCADA,1,"2022/10/20 07:25:00",YARANSF1,45.44
D,DISPATCH,UNIT_SCADA,1,"2022/10/20 07:25:00",YARWUN_1,129.349990
D,DISPATCH,UNIT_SCADA,1,"2022/10/20 07:25:00",YATSF1,27.02
D,DISPATCH,UNIT_SCADA,1,"2022/10/20 07:25:00",YENDWF1,18
D,DISPATCH,UNIT_SCADA,1,"2022/10/20 07:25:00",YWPS1,363.407590
D,DISPATCH,UNIT_SCADA,1,"2022/10/20 07:25:00",YWPS2,288.718990
D,DISPATCH,UNIT_SCADA,1,"2022/10/20 07:25:00",YWPS3,359.388610
D,DISPATCH,UNIT_SCADA,1,"2022/10/20 07:25:00",YWPS4,0
C,"END OF REPORT",419
