C,NEMP.WORLD,DISPATCHSCADA,AEMO,PUBLIC,2022/10/20,15:25:10,0000000373263695,DISPATCHSCADA,0000000373263689
I,DISPATCH,UNIT_SCADA,1,SETTLEMENTDATE,DUID,SCADAVALUE
D,DISPATCH,UNIT_SCADA,1,"2022/10/20 15:30:00",BARCSF1,8.60
D,DISPATCH,UNIT_SCADA,1,"2022/10/20 15:30:00",BUTLERSG,8.699999
D,DISPATCH,UNIT_SCADA,1,"2022/10/20 15:30:00",CAPTL_WF,75.825378
D,DISPATCH,UNIT_SCADA,1,"2022/10/20 15:30:00",CHALLHWF,11.10
D,DISPATCH,UNIT_SCADA,1,"2022/10/20 15:30:00",CLOVER,10.45
D,DISPATCH,UNIT_SCADA,1,"2022/10/20 15:30:00",CLUNY,6.243534
D,DISPATCH,UNIT_SCADA,1,"2022/10/20 15:30:00",CULLRGWF,-0.05
D,DISPATCH,UNIT_SCADA,1,"2022/10/20 15:30:00",DIAPURWF1,5.90
D,DISPATCH,UNIT_SCADA,1,"2022/10/20 15:30:00",ERGT01,0
D,DISPATCH,UNIT_SCADA,1,"2022/10/20 15:30:00",GB01,0
D,DISPATCH,UNIT_SCADA,1,"2022/10/20 15:30:00",GERMCRK,21.60
D,DISPATCH,UNIT_SCADA,1,"2022/10/20 15:30:00",GRIFSF1,10.099947
D,DISPATCH,UNIT_SCADA,1,"2022/10/20 15:30:00",HEZ1,0
D,DISPATCH,UNIT_SCADA,1,"2022/10/20 15:30:00",HUGSF1,12.3360
D,DISPATCH,UNIT_SCADA,1,"2022/10/20 15:30:00",KEPBG1,0
D,DISPATCH,UNIT_SCADA,1,"2022/10/20 15:30:00",LRSF1,12.7320
D,DISPATCH,UNIT_SCADA,1,"2022/10/20 15:30:00",MBAHNTH,43.237503
D,DISPATCH,UNIT_SCADA,1,"2022/10/20 15:30:00",MLSP1,2.803001
D,DISPATCH,UNIT_SCADA,1,"2022/10/20 15:30:00",MLWF1,6.1050
D,DISPATCH,UNIT_SCADA,1,"2022/10/20 15:30:00",PALOONA,30.459999
D,DISPATCH,UNIT_SCADA,1,"2022/10/20 15:30:00",PIONEER,35.400002
D,DISPATCH,UNIT_SCADA,1,"2022/10/20 15:30:00",PORTWF,37.700001
D,DISPATCH,UNIT_SCADA,1,"2022/10/20 15:30:00",REPULSE,9.626001
D,DISPATCH,UNIT_SCADA,1,"2022/10/20 15:30:00",ROWALLAN,8.9673
D,DISPATCH,UNIT_SCADA,1,"2022/10/20 15:30:00",ROYALLA1,4.305003
D,DISPATCH,UNIT_SCADA,1,"2022/10/20 15:30:00",RPCG,-1.80
D,DISPATCH,UNIT_SCADA,1,"2022/10/20 15:30:00",RUBICON,0
D,DISPATCH,UNIT_SCADA,1,"2022/10/20 15:30:00",WAUBRAWF,59.2370
D,DISPATCH,UNIT_SCADA,1,"2022/10/20 15:30:00",WOOLNTH1,96.489998
D,DISPATCH,UNIT_SCADA,1,"2022/10/20 15:30:00",YAMBUKWF,3.80
D,DISPATCH,UNIT_SCADA,1,"2022/10/20 15:30:00",YSWF1,2.30
D,DISPATCH,UNIT_SCADA,1,"2022/10/20 15:30:00",ADPBA1G,0.0080
D,DISPATCH,UNIT_SCADA,1,"2022/10/20 15:30:00",ADPBA1L,0
D,DISPATCH,UNIT_SCADA,1,"2022/10/20 15:30:00",ADPPV1,8.7660
D,DISPATCH,UNIT_SCADA,1,"2022/10/20 15:30:00",AGLHAL,0
D,DISPATCH,UNIT_SCADA,1,"2022/10/20 15:30:00",AGLSOM,0
D,DISPATCH,UNIT_SCADA,1,"2022/10/20 15:30:00",ANGAST1,0
D,DISPATCH,UNIT_SCADA,1,"2022/10/20 15:30:00",ARWF1,19.70
D,DISPATCH,UNIT_SCADA,1,"2022/10/20 15:30:00",BALBG1,0
D,DISPATCH,UNIT_SCADA,1,"2022/10/20 15:30:00",BALBL1,0
D,DISPATCH,UNIT_SCADA,1,"2022/10/20 15:30:00",BALDHWF1,96.42
D,DISPATCH,UNIT_SCADA,1,"2022/10/20 15:30:00",BANGOWF1,58.196690
D,DISPATCH,UNIT_SCADA,1,"2022/10/20 15:30:00",BANGOWF2,0
D,DISPATCH,UNIT_SCADA,1,"2022/10/20 15:30:00",BANN1,12.87
D,DISPATCH,UNIT_SCADA,1,"2022/10/20 15:30:00",BARCALDN,0
D,DISPATCH,UNIT_SCADA,1,"2022/10/20 15:30:00",BARKIPS1,0
D,DISPATCH,UNIT_SCADA,1,"2022/10/20 15:30:00",BARRON-1,25.64
D,DISPATCH,UNIT_SCADA,1,"2022/10/20 15:30:00",BARRON-2,0
D,DISPATCH,UNIT_SCADA,1,"2022/10/20 15:30:00",BASTYAN,50.75
D,DISPATCH,UNIT_SCADA,1,"2022/10/20 15:30:00",BBTHREE1,0
D,DISPATCH,UNIT_SCADA,1,"2022/10/20 15:30:00",BBTHREE2,0
D,DISPATCH,UNIT_SCADA,1,"2022/10/20 15:30:00",BBTHREE3,-1.07
D,DISPATCH,UNIT_SCADA,1,"2022/10/20 15:30:00",BDL01,0
D,DISPATCH,UNIT_SCADA,1,"2022/10/20 15:30:00",BDL02,0
D,DISPATCH,UNIT_SCADA,1,"2022/10/20 15:30:00",BERYLSF1,4.491050
D,DISPATCH,UNIT_SCADA,1,"2022/10/20 15:30:00",BLOWERNG,62.50
D,DISPATCH,UNIT_SCADA,1,"2022/10/20 15:30:00",BLUEGSF1,17.321980
D,DISPATCH,UNIT_SCADA,1,"2022/10/20 15:30:00",BLUFF1,0
D,DISPATCH,UNIT_SCADA,1,"2022/10/20 15:30:00",BNGSF1,39.12
D,DISPATCH,UNIT_SCADA,1,"2022/10/20 15:30:00",BNGSF2,28.60
D,DISPATCH,UNIT_SCADA,1,"2022/10/20 15:30:00",BOCORWF1,46.77
D,DISPATCH,UNIT_SCADA,1,"2022/10/20 15:30:00",BODWF1,83.471840
D,DISPATCH,UNIT_SCADA,1,"2022/10/20 15:30:00",BOMENSF1,14.170750
D,DISPATCH,UNIT_SCADA,1,"2022/10/20 15:30:00",BOWWBA1G,0
D,DISPATCH,UNIT_SCADA,1,"2022/10/20 15:30:00",BOWWBA1L,0
D,DISPATCH,UNIT_SCADA,1,"2022/10/20 15:30:00",BOWWPV1,0.0010
D,DISPATCH,UNIT_SCADA,1,"2022/10/20 15:30:00",BRAEMAR1,0
D,DISPATCH,UNIT_SCADA,1,"2022/10/20 15:30:00",BRAEMAR2,0
D,DISPATCH,UNIT_SCADA,1,"2022/10/20 15:30:00",BRAEMAR3,0
D,DISPATCH,UNIT_SCADA,1,"2022/10/20 15:30:00",BRAEMAR5,0.292060
D,DISPATCH,UNIT_SCADA,1,"2022/10/20 15:30:00",BRAEMAR6,0
D,DISPATCH,UNIT_SCADA,1,"2022/10/20 15:30:00",BRAEMAR7,139.221510
D,DISPATCH,UNIT_SCADA,1,"2022/10/20 15:30:00",BROKENH1,28.299570
D,DISPATCH,UNIT_SCADA,1,"2022/10/20 15:30:00",BRYB1WF1,69.547570
D,DISPATCH,UNIT_SCADA,1,"2022/10/20 15:30:00",BULBESG1,0
D,DISPATCH,UNIT_SCADA,1,"2022/10/20 15:30:00",BULBESL1,0.03
D,DISPATCH,UNIT_SCADA,1,"2022/10/20 15:30:00",BULGANA1,4.46
D,DISPATCH,UNIT_SCADA,1,"2022/10/20 15:30:00",BW01,659.031070
D,DISPATCH,UNIT_SCADA,1,"2022/10/20 15:30:00",BW02,619.626160
D,DISPATCH,UNIT_SCADA,1,"2022/10/20 15:30:00",BW03,494.819550
D,DISPATCH,UNIT_SCADA,1,"2022/10/20 15:30:00",BW04,0
D,DISPATCH,UNIT_SCADA,1,"2022/10/20 15:30:00",CALL_B_1,319.700010
D,DISPATCH,UNIT_SCADA,1,"2022/10/20 15:30:00",CALL_B_2,319.700010
D,DISPATCH,UNIT_SCADA,1,"2022/10/20 15:30:00",CATHROCK,4.50
D,DISPATCH,UNIT_SCADA,1,"2022/10/20 15:30:00",CBWWBA1G,0
D,DISPATCH,UNIT_SCADA,1,"2022/10/20 15:30:00",CBWWBA1L,0
D,DISPATCH,UNIT_SCADA,1,"2022/10/20 15:30:00",CETHANA,98.124630
D,DISPATCH,UNIT_SCADA,1,"2022/10/20 15:30:00",CG1,0
D,DISPATCH,UNIT_SCADA,1,"2022/10/20 15:30:00",CG2,0
D,DISPATCH,UNIT_SCADA,1,"2022/10/20 15:30:00",CG3,0
D,DISPATCH,UNIT_SCADA,1,"2022/10/20 15:30:00",CG4,0
D,DISPATCH,UNIT_SCADA,1,"2022/10/20 15:30:00",CHILDSF1,9.03
D,DISPATCH,UNIT_SCADA,1,"2022/10/20 15:30:00",CHYTWF1,8.46
D,DISPATCH,UNIT_SCADA,1,"2022/10/20 15:30:00",CLARESF1,82.468860
D,DISPATCH,UNIT_SCADA,1,"2022/10/20 15:30:00",CLEMGPWF,3.457680
D,DISPATCH,UNIT_SCADA,1,"2022/10/20 15:30:00",CLERMSF1,38.89
D,DISPATCH,UNIT_SCADA,1,"2022/10/20 15:30:00",CNUNDAWF,11.713670
D,DISPATCH,UNIT_SCADA,1,"2022/10/20 15:30:00",COHUNSF1,12.48
D,DISPATCH,UNIT_SCADA,1,"2022/10/20 15:30:00",COLEASF1,28.1014
D,DISPATCH,UNIT_SCADA,1,"2022/10/20 15:30:00",COLUMSF1,14.7210
D,DISPATCH,UNIT_SCADA,1,"2022/10/20 15:30:00",COLWF01,79.2523
D,DISPATCH,UNIT_SCADA,1,"2022/10/20 15:30:00",COOPGWF1,243.52
D,DISPATCH,UNIT_SCADA,1,"2022/10/20 15:30:00",CPP_3,358.600010
D,DISPATCH,UNIT_SCADA,1,"2022/10/20 15:30:00",CPP_4,0
D,DISPATCH,UNIT_SCADA,1,"2022/10/20 15:30:00",CPSA,0
D,DISPATCH,UNIT_SCADA,1,"2022/10/20 15:30:00",CROOKWF2,42.283970
D,DISPATCH,UNIT_SCADA,1,"2022/10/20 15:30:00",CROWLWF1,7.422980
D,DISPATCH,UNIT_SCADA,1,"2022/10/20 15:30:00",CRURWF1,8.396660
D,DISPATCH,UNIT_SCADA,1,"2022/10/20 15:30:00",CRWASF1,18.712580
D,DISPATCH,UNIT_SCADA,1,"2022/10/20 15:30:00",CSPVPS1,13.8010
D,DISPATCH,UNIT_SCADA,1,"2022/10/20 15:30:00",CTHLWF1,0.003050
D,DISPATCH,UNIT_SCADA,1,"2022/10/20 15:30:00",DALNTH01,0
D,DISPATCH,UNIT_SCADA,1,"2022/10/20 15:30:00",DALNTHL1,0.148010
D,DISPATCH,UNIT_SCADA,1,"2022/10/20 15:30:00",DARLSF1,70.033230
D,DISPATCH,UNIT_SCADA,1,"2022/10/20 15:30:00",DARTM1,0
D,DISPATCH,UNIT_SCADA,1,"2022/10/20 15:30:00",DAYDSF1,60.1170
D,DISPATCH,UNIT_SCADA,1,"2022/10/20 15:30:00",DDPS1,0
D,DISPATCH,UNIT_SCADA,1,"2022/10/20 15:30:00",DDSF1,6.717180
D,DISPATCH,UNIT_SCADA,1,"2022/10/20 15:30:00",DEVILS_G,60.158080
D,DISPATCH,UNIT_SCADA,1,"2022/10/20 15:30:00",DG_NSW1,0
D,DISPATCH,UNIT_SCADA,1,"2022/10/20 15:30:00",DG_QLD1,0
D,DISPATCH,UNIT_SCADA,1,"2022/10/20 15:30:00",DG_SA1,0
D,DISPATCH,UNIT_SCADA,1,"2022/10/20 15:30:00",DG_TAS1,0
D,DISPATCH,UNIT_SCADA,1,"2022/10/20 15:30:00",DG_VIC1,0
D,DISPATCH,UNIT_SCADA,1,"2022/10/20 15:30:00",DRYCGT1,0
D,DISPATCH,UNIT_SCADA,1,"2022/10/20 15:30:00",DRYCGT2,0
D,DISPATCH,UNIT_SCADA,1,"2022/10/20 15:30:00",DRYCGT3,0
D,DISPATCH,UNIT_SCADA,1,"2022/10/20 15:30:00",DUNDWF1,61.40
D,DISPATCH,UNIT_SCADA,1,"2022/10/20 15:30:00",DUNDWF2,18.27
D,DISPATCH,UNIT_SCADA,1,"2022/10/20 15:30:00",DUNDWF3,55.16
D,DISPATCH,UNIT_SCADA,1,"2022/10/20 15:30:00",EILDON1,59.96
D,DISPATCH,UNIT_SCADA,1,"2022/10/20 15:30:00",EILDON2,60
D,DISPATCH,UNIT_SCADA,1,"2022/10/20 15:30:00",ELAINWF1,20.37
D,DISPATCH,UNIT_SCADA,1,"2022/10/20 15:30:00",EMERASF1,0
D,DISPATCH,UNIT_SCADA,1,"2022/10/20 15:30:00",ER01,0
D,DISPATCH,UNIT_SCADA,1,"2022/10/20 15:30:00",ER02,553.316530
D,DISPATCH,UNIT_SCADA,1,"2022/10/20 15:30:00",ER03,553.4386
D,DISPATCH,UNIT_SCADA,1,"2022/10/20 15:30:00",ER04,553.121220
D,DISPATCH,UNIT_SCADA,1,"2022/10/20 15:30:00",FINLYSF1,75.071330
D,DISPATCH,UNIT_SCADA,1,"2022/10/20 15:30:00",FISHER,43.96
D,DISPATCH,UNIT_SCADA,1,"2022/10/20 15:30:00",GANGARR1,5.1660
D,DISPATCH,UNIT_SCADA,1,"2022/10/20 15:30:00",GANNBG1,0
D,DISPATCH,UNIT_SCADA,1,"2022/10/20 15:30:00",GANNBL1,3.9122
D,DISPATCH,UNIT_SCADA,1,"2022/10/20 15:30:00",GANNSF1,41.10
D,DISPATCH,UNIT_SCADA,1,"2022/10/20 15:30:00",GLRWNSF1,99.73
D,DISPATCH,UNIT_SCADA,1,"2022/10/20 15:30:00",GNNDHSF1,91.189970
D,DISPATCH,UNIT_SCADA,1,"2022/10/20 15:30:00",GOONSF1,23.751580
D,DISPATCH,UNIT_SCADA,1,"2022/10/20 15:30:00",GORDON,221.289310
D,DISPATCH,UNIT_SCADA,1,"2022/10/20 15:30:00",GRANWF1,0
D,DISPATCH,UNIT_SCADA,1,"2022/10/20 15:30:00",GSTONE1,199.6750
D,DISPATCH,UNIT_SCADA,1,"2022/10/20 15:30:00",GSTONE2,0
D,DISPATCH,UNIT_SCADA,1,"2022/10/20 15:30:00",GSTONE3,200.3750
D,DISPATCH,UNIT_SCADA,1,"2022/10/20 15:30:00",GSTONE4,0
D,DISPATCH,UNIT_SCADA,1,"2022/10/20 15:30:00",GSTONE5,185.149990
D,DISPATCH,UNIT_SCADA,1,"2022/10/20 15:30:00",GSTONE6,200.3750
D,DISPATCH,UNIT_SCADA,1,"2022/10/20 15:30:00",GULLRSF1,0.774990
D,DISPATCH,UNIT_SCADA,1,"2022/10/20 15:30:00",GULLRWF1,57.084130
D,DISPATCH,UNIT_SCADA,1,"2022/10/20 15:30:00",GULLRWF2,66.8101
D,DISPATCH,UNIT_SCADA,1,"2022/10/20 15:30:00",GUNNING1,0
D,DISPATCH,UNIT_SCADA,1,"2022/10/20 15:30:00",GUTHEGA,67.70
D,DISPATCH,UNIT_SCADA,1,"2022/10/20 15:30:00",HALLWF1,0.28
D,DISPATCH,UNIT_SCADA,1,"2022/10/20 15:30:00",HALLWF2,0
D,DISPATCH,UNIT_SCADA,1,"2022/10/20 15:30:00",HAMISF1,32.90
D,DISPATCH,UNIT_SCADA,1,"2022/10/20 15:30:00",HAUGHT11,59.889660
D,DISPATCH,UNIT_SCADA,1,"2022/10/20 15:30:00",HAYMSF1,17.18
D,DISPATCH,UNIT_SCADA,1,"2022/10/20 15:30:00",HDWF1,3.40
D,DISPATCH,UNIT_SCADA,1,"2022/10/20 15:30:00",HDWF2,4.30
D,DISPATCH,UNIT_SCADA,1,"2022/10/20 15:30:00",HDWF3,4
D,DISPATCH,UNIT_SCADA,1,"2022/10/20 15:30:00",HILLSTN1,15.457280
D,DISPATCH,UNIT_SCADA,1,"2022/10/20 15:30:00",HPRG1,0
D,DISPATCH,UNIT_SCADA,1,"2022/10/20 15:30:00",HPRL1,1
D,DISPATCH,UNIT_SCADA,1,"2022/10/20 15:30:00",HUMENSW,54.170680
D,DISPATCH,UNIT_SCADA,1,"2022/10/20 15:30:00",HUMEV,0
D,DISPATCH,UNIT_SCADA,1,"2022/10/20 15:30:00",HVWWBA1G,0
D,DISPATCH,UNIT_SCADA,1,"2022/10/20 15:30:00",HVWWBA1L,0.0080
D,DISPATCH,UNIT_SCADA,1,"2022/10/20 15:30:00",HVWWPV1,4.8360
D,DISPATCH,UNIT_SCADA,1,"2022/10/20 15:30:00",JBUTTERS,0
D,DISPATCH,UNIT_SCADA,1,"2022/10/20 15:30:00",JEMALNG1,50.79
D,DISPATCH,UNIT_SCADA,1,"2022/10/20 15:30:00",JLA01,0
D,DISPATCH,UNIT_SCADA,1,"2022/10/20 15:30:00",JLA02,0
D,DISPATCH,UNIT_SCADA,1,"2022/10/20 15:30:00",JLA03,0
D,DISPATCH,UNIT_SCADA,1,"2022/10/20 15:30:00",JLA04,0
D,DISPATCH,UNIT_SCADA,1,"2022/10/20 15:30:00",JLB01,0
D,DISPATCH,UNIT_SCADA,1,"2022/10/20 15:30:00",JLB02,0.10
D,DISPATCH,UNIT_SCADA,1,"2022/10/20 15:30:00",JLB03,0
D,DISPATCH,UNIT_SCADA,1,"2022/10/20 15:30:00",JUNEESF1,3.948420
D,DISPATCH,UNIT_SCADA,1,"2022/10/20 15:30:00",KABANWF1,1.1550
D,DISPATCH,UNIT_SCADA,1,"2022/10/20 15:30:00",KAREEYA1,17.9450
D,DISPATCH,UNIT_SCADA,1,"2022/10/20 15:30:00",KAREEYA2,0
D,DISPATCH,UNIT_SCADA,1,"2022/10/20 15:30:00",KAREEYA3,21.5250
D,DISPATCH,UNIT_SCADA,1,"2022/10/20 15:30:00",KAREEYA4,0
D,DISPATCH,UNIT_SCADA,1,"2022/10/20 15:30:00",KARSF1,36.30
D,DISPATCH,UNIT_SCADA,1,"2022/10/20 15:30:00",KEPSF1,3.85
D,DISPATCH,UNIT_SCADA,1,"2022/10/20 15:30:00",KEPWF1,22.61
D,DISPATCH,UNIT_SCADA,1,"2022/10/20 15:30:00",KIAMSF1,10.219730
D,DISPATCH,UNIT_SCADA,1,"2022/10/20 15:30:00",KIATAWF1,10
D,DISPATCH,UNIT_SCADA,1,"2022/10/20 15:30:00",KPP_1,0
D,DISPATCH,UNIT_SCADA,1,"2022/10/20 15:30:00",KSP1,15.03
D,DISPATCH,UNIT_SCADA,1,"2022/10/20 15:30:00",LADBROK1,0.01
D,DISPATCH,UNIT_SCADA,1,"2022/10/20 15:30:00",LADBROK2,0.02
D,DISPATCH,UNIT_SCADA,1,"2022/10/20 15:30:00",LBBG1,0
D,DISPATCH,UNIT_SCADA,1,"2022/10/20 15:30:00",LBBL1,0
D,DISPATCH,UNIT_SCADA,1,"2022/10/20 15:30:00",LD01,275.508910
D,DISPATCH,UNIT_SCADA,1,"2022/10/20 15:30:00",LD02,30.689410
D,DISPATCH,UNIT_SCADA,1,"2022/10/20 15:30:00",LD04,275.380710
D,DISPATCH,UNIT_SCADA,1,"2022/10/20 15:30:00",LEM_WIL,78.838760
D,DISPATCH,UNIT_SCADA,1,"2022/10/20 15:30:00",LGAPWF1,47.66
D,DISPATCH,UNIT_SCADA,1,"2022/10/20 15:30:00",LGAPWF2,39.18
D,DISPATCH,UNIT_SCADA,1,"2022/10/20 15:30:00",LILYSF1,65.798140
D,DISPATCH,UNIT_SCADA,1,"2022/10/20 15:30:00",LIMOSF11,86.303050
D,DISPATCH,UNIT_SCADA,1,"2022/10/20 15:30:00",LIMOSF21,11.573450
D,DISPATCH,UNIT_SCADA,1,"2022/10/20 15:30:00",LI_WY_CA,62.883330
D,DISPATCH,UNIT_SCADA,1,"2022/10/20 15:30:00",LKBONNY1,0
D,DISPATCH,UNIT_SCADA,1,"2022/10/20 15:30:00",LKBONNY2,13.865060
D,DISPATCH,UNIT_SCADA,1,"2022/10/20 15:30:00",LKBONNY3,4.130830
D,DISPATCH,UNIT_SCADA,1,"2022/10/20 15:30:00",LK_ECHO,0
D,DISPATCH,UNIT_SCADA,1,"2022/10/20 15:30:00",LNGS1,0
D,DISPATCH,UNIT_SCADA,1,"2022/10/20 15:30:00",LNGS2,0
D,DISPATCH,UNIT_SCADA,1,"2022/10/20 15:30:00",LONSDALE,0
D,DISPATCH,UNIT_SCADA,1,"2022/10/20 15:30:00",LOYYB1,484.583560
D,DISPATCH,UNIT_SCADA,1,"2022/10/20 15:30:00",LOYYB2,484.9595
D,DISPATCH,UNIT_SCADA,1,"2022/10/20 15:30:00",LYA1,523
D,DISPATCH,UNIT_SCADA,1,"2022/10/20 15:30:00",LYA2,0
D,DISPATCH,UNIT_SCADA,1,"2022/10/20 15:30:00",LYA3,552
D,DISPATCH,UNIT_SCADA,1,"2022/10/20 15:30:00",LYA4,549
D,DISPATCH,UNIT_SCADA,1,"2022/10/20 15:30:00",MACARTH1,52.898780
D,DISPATCH,UNIT_SCADA,1,"2022/10/20 15:30:00",MACKNTSH,0
D,DISPATCH,UNIT_SCADA,1,"2022/10/20 15:30:00",MANSLR1,6.2860
D,DISPATCH,UNIT_SCADA,1,"2022/10/20 15:30:00",MAPS2PV1,0
D,DISPATCH,UNIT_SCADA,1,"2022/10/20 15:30:00",MAPS3PV1,0
D,DISPATCH,UNIT_SCADA,1,"2022/10/20 15:30:00",MARYRSF1,4.17
D,DISPATCH,UNIT_SCADA,1,"2022/10/20 15:30:00",MBPS2PV1,0
D,DISPATCH,UNIT_SCADA,1,"2022/10/20 15:30:00",MCKAY1,0.02
D,DISPATCH,UNIT_SCADA,1,"2022/10/20 15:30:00",MEADOWBK,5.887480
D,DISPATCH,UNIT_SCADA,1,"2022/10/20 15:30:00",MERCER01,22
D,DISPATCH,UNIT_SCADA,1,"2022/10/20 15:30:00",METZSF1,95.587660
D,DISPATCH,UNIT_SCADA,1,"2022/10/20 15:30:00",MEWF1,40.871940
D,DISPATCH,UNIT_SCADA,1,"2022/10/20 15:30:00",MIDDLSF1,21.41
D,DISPATCH,UNIT_SCADA,1,"2022/10/20 15:30:00",MINTARO,0.128180
D,DISPATCH,UNIT_SCADA,1,"2022/10/20 15:30:00",MOLNGSF1,6.944690
D,DISPATCH,UNIT_SCADA,1,"2022/10/20 15:30:00",MOORAWF1,37.74
D,DISPATCH,UNIT_SCADA,1,"2022/10/20 15:30:00",MOREESF1,10.9280
D,DISPATCH,UNIT_SCADA,1,"2022/10/20 15:30:00",MORTLK11,0
D,DISPATCH,UNIT_SCADA,1,"2022/10/20 15:30:00",MORTLK12,0
D,DISPATCH,UNIT_SCADA,1,"2022/10/20 15:30:00",MOUSF1,0
D,DISPATCH,UNIT_SCADA,1,"2022/10/20 15:30:00",MP1,0
D,DISPATCH,UNIT_SCADA,1,"2022/10/20 15:30:00",MP2,515.352110
D,DISPATCH,UNIT_SCADA,1,"2022/10/20 15:30:00",MPP_1,160.4668
D,DISPATCH,UNIT_SCADA,1,"2022/10/20 15:30:00",MPP_2,183.279450
D,DISPATCH,UNIT_SCADA,1,"2022/10/20 15:30:00",MRTLSWF1,0
D,DISPATCH,UNIT_SCADA,1,"2022/10/20 15:30:00",MSTUART1,0
D,DISPATCH,UNIT_SCADA,1,"2022/10/20 15:30:00",MSTUART2,0
D,DISPATCH,UNIT_SCADA,1,"2022/10/20 15:30:00",MSTUART3,0
D,DISPATCH,UNIT_SCADA,1,"2022/10/20 15:30:00",MTGELWF1,45.753350
D,DISPATCH,UNIT_SCADA,1,"2022/10/20 15:30:00",MTMILLAR,11.50
D,DISPATCH,UNIT_SCADA,1,"2022/10/20 15:30:00",MURRAY,0
D,DISPATCH,UNIT_SCADA,1,"2022/10/20 15:30:00",MUSSELR1,4.30
D,DISPATCH,UNIT_SCADA,1,"2022/10/20 15:30:00",MUWAWF1,62.48
D,DISPATCH,UNIT_SCADA,1,"2022/10/20 15:30:00",MUWAWF2,47.50
D,DISPATCH,UNIT_SCADA,1,"2022/10/20 15:30:00",MWPS1PV1,4.05
D,DISPATCH,UNIT_SCADA,1,"2022/10/20 15:30:00",MWPS2PV1,4.19
D,DISPATCH,UNIT_SCADA,1,"2022/10/20 15:30:00",MWPS3PV1,0.82
D,DISPATCH,UNIT_SCADA,1,"2022/10/20 15:30:00",MWPS4PV1,0.93
D,DISPATCH,UNIT_SCADA,1,"2022/10/20 15:30:00",NBHWF1,0
D,DISPATCH,UNIT_SCADA,1,"2022/10/20 15:30:00",NEVERSF1,6.90
D,DISPATCH,UNIT_SCADA,1,"2022/10/20 15:30:00",NPS,0
D,DISPATCH,UNIT_SCADA,1,"2022/10/20 15:30:00",NUMURSF1,88.72
D,DISPATCH,UNIT_SCADA,1,"2022/10/20 15:30:00",NYNGAN1,0
D,DISPATCH,UNIT_SCADA,1,"2022/10/20 15:30:00",OAKEY1,0
D,DISPATCH,UNIT_SCADA,1,"2022/10/20 15:30:00",OAKEY1SF,4.1640
D,DISPATCH,UNIT_SCADA,1,"2022/10/20 15:30:00",OAKEY2,0
D,DISPATCH,UNIT_SCADA,1,"2022/10/20 15:30:00",OAKEY2SF,7.20
D,DISPATCH,UNIT_SCADA,1,"2022/10/20 15:30:00",OAKLAND1,13.40
D,DISPATCH,UNIT_SCADA,1,"2022/10/20 15:30:00",OSB-AG,19.66
D,DISPATCH,UNIT_SCADA,1,"2022/10/20 15:30:00",PAREPS1,0.7530
D,DISPATCH,UNIT_SCADA,1,"2022/10/20 15:30:00",PAREPW1,48.16
D,DISPATCH,UNIT_SCADA,1,"2022/10/20 15:30:00",PARSF1,18.501560
D,DISPATCH,UNIT_SCADA,1,"2022/10/20 15:30:00",POAT110,0
D,DISPATCH,UNIT_SCADA,1,"2022/10/20 15:30:00",POAT220,0
D,DISPATCH,UNIT_SCADA,1,"2022/10/20 15:30:00",POR01,0.008670
D,DISPATCH,UNIT_SCADA,1,"2022/10/20 15:30:00",POR03,0
D,DISPATCH,UNIT_SCADA,1,"2022/10/20 15:30:00",PPCCGT,164.156680
D,DISPATCH,UNIT_SCADA,1,"2022/10/20 15:30:00",PTSTAN1,0
D,DISPATCH,UNIT_SCADA,1,"2022/10/20 15:30:00",PUMP1,0
D,DISPATCH,UNIT_SCADA,1,"2022/10/20 15:30:00",PUMP2,0
D,DISPATCH,UNIT_SCADA,1,"2022/10/20 15:30:00",QBYNBG1,0
D,DISPATCH,UNIT_SCADA,1,"2022/10/20 15:30:00",QBYNBL1,1.162480
D,DISPATCH,UNIT_SCADA,1,"2022/10/20 15:30:00",QPS1,0
D,DISPATCH,UNIT_SCADA,1,"2022/10/20 15:30:00",QPS2,0
D,DISPATCH,UNIT_SCADA,1,"2022/10/20 15:30:00",QPS3,0
D,DISPATCH,UNIT_SCADA,1,"2022/10/20 15:30:00",QPS4,0
D,DISPATCH,UNIT_SCADA,1,"2022/10/20 15:30:00",QPS5,72.80
D,DISPATCH,UNIT_SCADA,1,"2022/10/20 15:30:00",REECE1,0
D,DISPATCH,UNIT_SCADA,1,"2022/10/20 15:30:00",REECE2,0
D,DISPATCH,UNIT_SCADA,1,"2022/10/20 15:30:00",ROMA_7,0
D,DISPATCH,UNIT_SCADA,1,"2022/10/20 15:30:00",ROMA_8,0
D,DISPATCH,UNIT_SCADA,1,"2022/10/20 15:30:00",RRSF1,0
D,DISPATCH,UNIT_SCADA,1,"2022/10/20 15:30:00",RT_NSW1,0
D,DISPATCH,UNIT_SCADA,1,"2022/10/20 15:30:00",RT_NSW2,0
D,DISPATCH,UNIT_SCADA,1,"2022/10/20 15:30:00",RT_NSW3,0
D,DISPATCH,UNIT_SCADA,1,"2022/10/20 15:30:00",RT_NSW4,0
D,DISPATCH,UNIT_SCADA,1,"2022/10/20 15:30:00",RT_NSW5,0
D,DISPATCH,UNIT_SCADA,1,"2022/10/20 15:30:00",RT_NSW6,0
D,DISPATCH,UNIT_SCADA,1,"2022/10/20 15:30:00",RT_QLD1,0
D,DISPATCH,UNIT_SCADA,1,"2022/10/20 15:30:00",RT_SA1,0
D,DISPATCH,UNIT_SCADA,1,"2022/10/20 15:30:00",RT_SA2,0
D,DISPATCH,UNIT_SCADA,1,"2022/10/20 15:30:00",RT_SA3,0
D,DISPATCH,UNIT_SCADA,1,"2022/10/20 15:30:00",RT_SA4,0
D,DISPATCH,UNIT_SCADA,1,"2022/10/20 15:30:00",RT_SA5,0
D,DISPATCH,UNIT_SCADA,1,"2022/10/20 15:30:00",RT_SA6,0
D,DISPATCH,UNIT_SCADA,1,"2022/10/20 15:30:00",RT_TAS1,0
D,DISPATCH,UNIT_SCADA,1,"2022/10/20 15:30:00",RT_VIC1,0
D,DISPATCH,UNIT_SCADA,1,"2022/10/20 15:30:00",RT_VIC10,0
D,DISPATCH,UNIT_SCADA,1,"2022/10/20 15:30:00",RT_VIC11,0
D,DISPATCH,UNIT_SCADA,1,"2022/10/20 15:30:00",RT_VIC12,0
D,DISPATCH,UNIT_SCADA,1,"2022/10/20 15:30:00",RT_VIC2,0
D,DISPATCH,UNIT_SCADA,1,"2022/10/20 15:30:00",RT_VIC3,0
D,DISPATCH,UNIT_SCADA,1,"2022/10/20 15:30:00",RT_VIC4,0
D,DISPATCH,UNIT_SCADA,1,"2022/10/20 15:30:00",RT_VIC5,0
D,DISPATCH,UNIT_SCADA,1,"2022/10/20 15:30:00",RT_VIC6,0
D,DISPATCH,UNIT_SCADA,1,"2022/10/20 15:30:00",RT_VIC7,0
D,DISPATCH,UNIT_SCADA,1,"2022/10/20 15:30:00",RT_VIC8,0
D,DISPATCH,UNIT_SCADA,1,"2022/10/20 15:30:00",RT_VIC9,0
D,DISPATCH,UNIT_SCADA,1,"2022/10/20 15:30:00",RUGBYR1,0.000480
D,DISPATCH,UNIT_SCADA,1,"2022/10/20 15:30:00",SALTCRK1,22.11
D,DISPATCH,UNIT_SCADA,1,"2022/10/20 15:30:00",SAPHWF1,38.118560
D,DISPATCH,UNIT_SCADA,1,"2022/10/20 15:30:00",SEBSF1,11.660620
D,DISPATCH,UNIT_SCADA,1,"2022/10/20 15:30:00",SHGEN,0
D,DISPATCH,UNIT_SCADA,1,"2022/10/20 15:30:00",SHPUMP,0
D,DISPATCH,UNIT_SCADA,1,"2022/10/20 15:30:00",SITHE01,0.083520
D,DISPATCH,UNIT_SCADA,1,"2022/10/20 15:30:00",SMCSF1,0
D,DISPATCH,UNIT_SCADA,1,"2022/10/20 15:30:00",SNAPPER1,0
D,DISPATCH,UNIT_SCADA,1,"2022/10/20 15:30:00",SNOWNTH1,18.90
D,DISPATCH,UNIT_SCADA,1,"2022/10/20 15:30:00",SNOWSTH1,10.30
D,DISPATCH,UNIT_SCADA,1,"2022/10/20 15:30:00",SNOWTWN1,5.699290
D,DISPATCH,UNIT_SCADA,1,"2022/10/20 15:30:00",SNOWYP,0
D,DISPATCH,UNIT_SCADA,1,"2022/10/20 15:30:00",SNUG1,0
D,DISPATCH,UNIT_SCADA,1,"2022/10/20 15:30:00",SRSF1,14.64
D,DISPATCH,UNIT_SCADA,1,"2022/10/20 15:30:00",STAN-1,340.581760
D,DISPATCH,UNIT_SCADA,1,"2022/10/20 15:30:00",STAN-2,348.413450
D,DISPATCH,UNIT_SCADA,1,"2022/10/20 15:30:00",STAN-3,152.480550
D,DISPATCH,UNIT_SCADA,1,"2022/10/20 15:30:00",STAN-4,348.605710
D,DISPATCH,UNIT_SCADA,1,"2022/10/20 15:30:00",STARHLWF,15.795390
D,DISPATCH,UNIT_SCADA,1,"2022/10/20 15:30:00",STOCKYD1,189.399990
D,DISPATCH,UNIT_SCADA,1,"2022/10/20 15:30:00",STWF1,0
D,DISPATCH,UNIT_SCADA,1,"2022/10/20 15:30:00",SUNRSF1,45.0309
D,DISPATCH,UNIT_SCADA,1,"2022/10/20 15:30:00",SUNTPSF1,30.450290
D,DISPATCH,UNIT_SCADA,1,"2022/10/20 15:30:00",SWAN_E,202.583130
D,DISPATCH,UNIT_SCADA,1,"2022/10/20 15:30:00",TALWA1,0
D,DISPATCH,UNIT_SCADA,1,"2022/10/20 15:30:00",TARALGA1,0
D,DISPATCH,UNIT_SCADA,1,"2022/10/20 15:30:00",TARONG#1,345.899990
D,DISPATCH,UNIT_SCADA,1,"2022/10/20 15:30:00",TARONG#2,346.300020
D,DISPATCH,UNIT_SCADA,1,"2022/10/20 15:30:00",TARONG#3,0.90
D,DISPATCH,UNIT_SCADA,1,"2022/10/20 15:30:00",TARONG#4,286
D,DISPATCH,UNIT_SCADA,1,"2022/10/20 15:30:00",TARRALEA,54
D,DISPATCH,UNIT_SCADA,1,"2022/10/20 15:30:00",TBSF1,0.10
D,DISPATCH,UNIT_SCADA,1,"2022/10/20 15:30:00",TNPS1,319.3750
D,DISPATCH,UNIT_SCADA,1,"2022/10/20 15:30:00",TORRB1,0
D,DISPATCH,UNIT_SCADA,1,"2022/10/20 15:30:00",TORRB2,40
D,DISPATCH,UNIT_SCADA,1,"2022/10/20 15:30:00",TORRB3,0
D,DISPATCH,UNIT_SCADA,1,"2022/10/20 15:30:00",TORRB4,0
D,DISPATCH,UNIT_SCADA,1,"2022/10/20 15:30:00",TREVALLN,100.634160
D,DISPATCH,UNIT_SCADA,1,"2022/10/20 15:30:00",TRIBUTE,0
D,DISPATCH,UNIT_SCADA,1,"2022/10/20 15:30:00",TUMUT3,121.35
D,DISPATCH,UNIT_SCADA,1,"2022/10/20 15:30:00",TUNGATIN,5.770020
D,DISPATCH,UNIT_SCADA,1,"2022/10/20 15:30:00",TVCC201,0
D,DISPATCH,UNIT_SCADA,1,"2022/10/20 15:30:00",TVPP104,0
D,DISPATCH,UNIT_SCADA,1,"2022/10/20 15:30:00",UPPTUMUT,0
D,DISPATCH,UNIT_SCADA,1,"2022/10/20 15:30:00",URANQ11,0
D,DISPATCH,UNIT_SCADA,1,"2022/10/20 15:30:00",URANQ12,0
D,DISPATCH,UNIT_SCADA,1,"2022/10/20 15:30:00",URANQ13,0
D,DISPATCH,UNIT_SCADA,1,"2022/10/20 15:30:00",URANQ14,0
D,DISPATCH,UNIT_SCADA,1,"2022/10/20 15:30:00",VBBG1,0
D,DISPATCH,UNIT_SCADA,1,"2022/10/20 15:30:00",VBBL1,34.30
D,DISPATCH,UNIT_SCADA,1,"2022/10/20 15:30:00",VP5,551.750240
D,DISPATCH,UNIT_SCADA,1,"2022/10/20 15:30:00",VP6,549.577330
D,DISPATCH,UNIT_SCADA,1,"2022/10/20 15:30:00",VPGS1,0
D,DISPATCH,UNIT_SCADA,1,"2022/10/20 15:30:00",VPGS2,0
D,DISPATCH,UNIT_SCADA,1,"2022/10/20 15:30:00",VPGS3,0
D,DISPATCH,UNIT_SCADA,1,"2022/10/20 15:30:00",VPGS4,0
D,DISPATCH,UNIT_SCADA,1,"2022/10/20 15:30:00",VPGS5,0
D,DISPATCH,UNIT_SCADA,1,"2022/10/20 15:30:00",VPGS6,0
D,DISPATCH,UNIT_SCADA,1,"2022/10/20 15:30:00",W/HOE#1,0
D,DISPATCH,UNIT_SCADA,1,"2022/10/20 15:30:00",W/HOE#2,0
D,DISPATCH,UNIT_SCADA,1,"2022/10/20 15:30:00",WAGGNSF1,0
D,DISPATCH,UNIT_SCADA,1,"2022/10/20 15:30:00",WALGRVG1,0.000930
D,DISPATCH,UNIT_SCADA,1,"2022/10/20 15:30:00",WALGRVL1,0
D,DISPATCH,UNIT_SCADA,1,"2022/10/20 15:30:00",WANDBG1,0
D,DISPATCH,UNIT_SCADA,1,"2022/10/20 15:30:00",WANDBL1,0.537580
D,DISPATCH,UNIT_SCADA,1,"2022/10/20 15:30:00",WARWSF1,3
D,DISPATCH,UNIT_SCADA,1,"2022/10/20 15:30:00",WARWSF2,3.37
D,DISPATCH,UNIT_SCADA,1,"2022/10/20 15:30:00",WATERLWF,2
D,DISPATCH,UNIT_SCADA,1,"2022/10/20 15:30:00",WDGPH1,36.9820
D,DISPATCH,UNIT_SCADA,1,"2022/10/20 15:30:00",WELLSF1,26.559850
D,DISPATCH,UNIT_SCADA,1,"2022/10/20 15:30:00",WEMENSF1,5.40
D,DISPATCH,UNIT_SCADA,1,"2022/10/20 15:30:00",WGWF1,1.80
D,DISPATCH,UNIT_SCADA,1,"2022/10/20 15:30:00",WHITSF1,24
D,DISPATCH,UNIT_SCADA,1,"2022/10/20 15:30:00",WINTSF1,78.73
D,DISPATCH,UNIT_SCADA,1,"2022/10/20 15:30:00",WKIEWA1,31.90
D,DISPATCH,UNIT_SCADA,1,"2022/10/20 15:30:00",WKIEWA2,14
D,DISPATCH,UNIT_SCADA,1,"2022/10/20 15:30:00",WOODLWN1,24.983290
D,DISPATCH,UNIT_SCADA,1,"2022/10/20 15:30:00",WOOLGSF1,5.019140
D,DISPATCH,UNIT_SCADA,1,"2022/10/20 15:30:00",WPWF,42.10
D,DISPATCH,UNIT_SCADA,1,"2022/10/20 15:30:00",WRSF1,8.359630
D,DISPATCH,UNIT_SCADA,1,"2022/10/20 15:30:00",WRWF1,14.239110
D,DISPATCH,UNIT_SCADA,1,"2022/10/20 15:30:00",WSTWYSF1,1.703490
D,DISPATCH,UNIT_SCADA,1,"2022/10/20 15:30:00",YABULU,0
D,DISPATCH,UNIT_SCADA,1,"2022/10/20 15:30:00",YABULU2,0
D,DISPATCH,UNIT_SCADA,1,"2022/10/20 15:30:00",YARANSF1,14.49
D,DISPATCH,UNIT_SCADA,1,"2022/10/20 15:30:00",YARWUN_1,160.05
D,DISPATCH,UNIT_SCADA,1,"2022/10/20 15:30:00",YATSF1,29.26
D,DISPATCH,UNIT_SCADA,1,"2022/10/20 15:30:00",YENDWF1,23.13
D,DISPATCH,UNIT_SCADA,1,"2022/10/20 15:30:00",YWPS1,357.893680
D,DISPATCH,UNIT_SCADA,1,"2022/10/20 15:30:00",YWPS2,287.9671
D,DISPATCH,UNIT_SCADA,1,"2022/10/20 15:30:00",YWPS3,347.250640
D,DISPATCH,UNIT_SCADA,1,"2022/10/20 15:30:00",YWPS4,0
C,"END OF REPORT",419
