C,NEMP.WORLD,DISPATCHSCADA,AEMO,PUBLIC,2022/10/20,12:55:09,0000000373255970,DISPATCHSCADA,0000000373255964
I,DISPATCH,UNIT_SCADA,1,SETTLEMENTDATE,DUID,SCADAVALUE
D,DISPATCH,UNIT_SCADA,1,"2022/10/20 13:00:00",BARCSF1,11
D,DISPATCH,UNIT_SCADA,1,"2022/10/20 13:00:00",BUTLERSG,8.699999
D,DISPATCH,UNIT_SCADA,1,"2022/10/20 13:00:00",CAPTL_WF,45.746792
D,DISPATCH,UNIT_SCADA,1,"2022/10/20 13:00:00",CHALLHWF,3.40
D,DISPATCH,UNIT_SCADA,1,"2022/10/20 13:00:00",CLOVER,10.59
D,DISPATCH,UNIT_SCADA,1,"2022/10/20 13:00:00",CLUNY,5.205310
D,DISPATCH,UNIT_SCADA,1,"2022/10/20 13:00:00",CULLRGWF,-0.05
D,DISPATCH,UNIT_SCADA,1,"2022/10/20 13:00:00",DIAPURWF1,2.80
D,DISPATCH,UNIT_SCADA,1,"2022/10/20 13:00:00",ERGT01,0
D,DISPATCH,UNIT_SCADA,1,"2022/10/20 13:00:00",GB01,0
D,DISPATCH,UNIT_SCADA,1,"2022/10/20 13:00:00",GERMCRK,18.200001
D,DISPATCH,UNIT_SCADA,1,"2022/10/20 13:00:00",GRIFSF1,8.500801
D,DISPATCH,UNIT_SCADA,1,"2022/10/20 13:00:00",HEZ1,0
D,DISPATCH,UNIT_SCADA,1,"2022/10/20 13:00:00",HUGSF1,9.0860
D,DISPATCH,UNIT_SCADA,1,"2022/10/20 13:00:00",KEPBG1,0.01
D,DISPATCH,UNIT_SCADA,1,"2022/10/20 13:00:00",LRSF1,14.1590
D,DISPATCH,UNIT_SCADA,1,"2022/10/20 13:00:00",MBAHNTH,45.862503
D,DISPATCH,UNIT_SCADA,1,"2022/10/20 13:00:00",MLSP1,3.910001
D,DISPATCH,UNIT_SCADA,1,"2022/10/20 13:00:00",MLWF1,3.2250
D,DISPATCH,UNIT_SCADA,1,"2022/10/20 13:00:00",PALOONA,30.15
D,DISPATCH,UNIT_SCADA,1,"2022/10/20 13:00:00",PIONEER,39.50
D,DISPATCH,UNIT_SCADA,1,"2022/10/20 13:00:00",PORTWF,100.400002
D,DISPATCH,UNIT_SCADA,1,"2022/10/20 13:00:00",REPULSE,9.632105
D,DISPATCH,UNIT_SCADA,1,"2022/10/20 13:00:00",ROWALLAN,8.8182
D,DISPATCH,UNIT_SCADA,1,"2022/10/20 13:00:00",ROYALLA1,9.020003
D,DISPATCH,UNIT_SCADA,1,"2022/10/20 13:00:00",RPCG,-1.80
D,DISPATCH,UNIT_SCADA,1,"2022/10/20 13:00:00",RUBICON,0
D,DISPATCH,UNIT_SCADA,1,"2022/10/20 13:00:00",WAUBRAWF,26.9690
D,DISPATCH,UNIT_SCADA,1,"2022/10/20 13:00:00",WOOLNTH1,48.66
D,DISPATCH,UNIT_SCADA,1,"2022/10/20 13:00:00",YAMBUKWF,8.90
D,DISPATCH,UNIT_SCADA,1,"2022/10/20 13:00:00",YSWF1,3.50
D,DISPATCH,UNIT_SCADA,1,"2022/10/20 13:00:00",ADPBA1G,0.0080
D,DISPATCH,UNIT_SCADA,1,"2022/10/20 13:00:00",ADPBA1L,0
D,DISPATCH,UNIT_SCADA,1,"2022/10/20 13:00:00",ADPPV1,0.0640
D,DISPATCH,UNIT_SCADA,1,"2022/10/20 13:00:00",AGLHAL,0
D,DISPATCH,UNIT_SCADA,1,"2022/10/20 13:00:00",AGLSOM,0
D,DISPATCH,UNIT_SCADA,1,"2022/10/20 13:00:00",ANGAST1,0
D,DISPATCH,UNIT_SCADA,1,"2022/10/20 13:00:00",ARWF1,14.70
D,DISPATCH,UNIT_SCADA,1,"2022/10/20 13:00:00",BALBG1,0
D,DISPATCH,UNIT_SCADA,1,"2022/10/20 13:00:00",BALBL1,0
D,DISPATCH,UNIT_SCADA,1,"2022/10/20 13:00:00",BALDHWF1,48.2010
D,DISPATCH,UNIT_SCADA,1,"2022/10/20 13:00:00",BANGOWF1,39.998170
D,DISPATCH,UNIT_SCADA,1,"2022/10/20 13:00:00",BANGOWF2,25
D,DISPATCH,UNIT_SCADA,1,"2022/10/20 13:00:00",BANN1,41.43
D,DISPATCH,UNIT_SCADA,1,"2022/10/20 13:00:00",BARCALDN,0
D,DISPATCH,UNIT_SCADA,1,"2022/10/20 13:00:00",BARKIPS1,0
D,DISPATCH,UNIT_SCADA,1,"2022/10/20 13:00:00",BARRON-1,0
D,DISPATCH,UNIT_SCADA,1,"2022/10/20 13:00:00",BARRON-2,0
D,DISPATCH,UNIT_SCADA,1,"2022/10/20 13:00:00",BASTYAN,50.73
D,DISPATCH,UNIT_SCADA,1,"2022/10/20 13:00:00",BBTHREE1,0
D,DISPATCH,UNIT_SCADA,1,"2022/10/20 13:00:00",BBTHREE2,23.94
D,DISPATCH,UNIT_SCADA,1,"2022/10/20 13:00:00",BBTHREE3,-1
D,DISPATCH,UNIT_SCADA,1,"2022/10/20 13:00:00",BDL01,0
D,DISPATCH,UNIT_SCADA,1,"2022/10/20 13:00:00",BDL02,0
D,DISPATCH,UNIT_SCADA,1,"2022/10/20 13:00:00",BERYLSF1,27.000730
D,DISPATCH,UNIT_SCADA,1,"2022/10/20 13:00:00",BLOWERNG,62.60
D,DISPATCH,UNIT_SCADA,1,"2022/10/20 13:00:00",BLUEGSF1,24.435710
D,DISPATCH,UNIT_SCADA,1,"2022/10/20 13:00:00",BLUFF1,10.40
D,DISPATCH,UNIT_SCADA,1,"2022/10/20 13:00:00",BNGSF1,44.50
D,DISPATCH,UNIT_SCADA,1,"2022/10/20 13:00:00",BNGSF2,49.89
D,DISPATCH,UNIT_SCADA,1,"2022/10/20 13:00:00",BOCORWF1,30.37
D,DISPATCH,UNIT_SCADA,1,"2022/10/20 13:00:00",BODWF1,61.371480
D,DISPATCH,UNIT_SCADA,1,"2022/10/20 13:00:00",BOMENSF1,24.992450
D,DISPATCH,UNIT_SCADA,1,"2022/10/20 13:00:00",BOWWBA1G,0.0010
D,DISPATCH,UNIT_SCADA,1,"2022/10/20 13:00:00",BOWWBA1L,0
D,DISPATCH,UNIT_SCADA,1,"2022/10/20 13:00:00",BOWWPV1,0
D,DISPATCH,UNIT_SCADA,1,"2022/10/20 13:00:00",BRAEMAR1,0
D,DISPATCH,UNIT_SCADA,1,"2022/10/20 13:00:00",BRAEMAR2,0
D,DISPATCH,UNIT_SCADA,1,"2022/10/20 13:00:00",BRAEMAR3,0
D,DISPATCH,UNIT_SCADA,1,"2022/10/20 13:00:00",BRAEMAR5,0.292060
D,DISPATCH,UNIT_SCADA,1,"2022/10/20 13:00:00",BRAEMAR6,0
D,DISPATCH,UNIT_SCADA,1,"2022/10/20 13:00:00",BRAEMAR7,0.130920
D,DISPATCH,UNIT_SCADA,1,"2022/10/20 13:00:00",BROKENH1,41.999360
D,DISPATCH,UNIT_SCADA,1,"2022/10/20 13:00:00",BRYB1WF1,118.876940
D,DISPATCH,UNIT_SCADA,1,"2022/10/20 13:00:00",BULBESG1,0
D,DISPATCH,UNIT_SCADA,1,"2022/10/20 13:00:00",BULBESL1,2
D,DISPATCH,UNIT_SCADA,1,"2022/10/20 13:00:00",BULGANA1,1.73
D,DISPATCH,UNIT_SCADA,1,"2022/10/20 13:00:00",BW01,659.0799
D,DISPATCH,UNIT_SCADA,1,"2022/10/20 13:00:00",BW02,618.088070
D,DISPATCH,UNIT_SCADA,1,"2022/10/20 13:00:00",BW03,479.438480
D,DISPATCH,UNIT_SCADA,1,"2022/10/20 13:00:00",BW04,0
D,DISPATCH,UNIT_SCADA,1,"2022/10/20 13:00:00",CALL_B_1,319.600010
D,DISPATCH,UNIT_SCADA,1,"2022/10/20 13:00:00",CALL_B_2,319.300020
D,DISPATCH,UNIT_SCADA,1,"2022/10/20 13:00:00",CATHROCK,0
D,DISPATCH,UNIT_SCADA,1,"2022/10/20 13:00:00",CBWWBA1G,0
D,DISPATCH,UNIT_SCADA,1,"2022/10/20 13:00:00",CBWWBA1L,0
D,DISPATCH,UNIT_SCADA,1,"2022/10/20 13:00:00",CETHANA,13.820630
D,DISPATCH,UNIT_SCADA,1,"2022/10/20 13:00:00",CG1,0
D,DISPATCH,UNIT_SCADA,1,"2022/10/20 13:00:00",CG2,0
D,DISPATCH,UNIT_SCADA,1,"2022/10/20 13:00:00",CG3,0
D,DISPATCH,UNIT_SCADA,1,"2022/10/20 13:00:00",CG4,0
D,DISPATCH,UNIT_SCADA,1,"2022/10/20 13:00:00",CHILDSF1,17.04
D,DISPATCH,UNIT_SCADA,1,"2022/10/20 13:00:00",CHYTWF1,9.31
D,DISPATCH,UNIT_SCADA,1,"2022/10/20 13:00:00",CLARESF1,28.387330
D,DISPATCH,UNIT_SCADA,1,"2022/10/20 13:00:00",CLEMGPWF,21.898640
D,DISPATCH,UNIT_SCADA,1,"2022/10/20 13:00:00",CLERMSF1,54
D,DISPATCH,UNIT_SCADA,1,"2022/10/20 13:00:00",CNUNDAWF,0
D,DISPATCH,UNIT_SCADA,1,"2022/10/20 13:00:00",COHUNSF1,0.06
D,DISPATCH,UNIT_SCADA,1,"2022/10/20 13:00:00",COLEASF1,18.000690
D,DISPATCH,UNIT_SCADA,1,"2022/10/20 13:00:00",COLUMSF1,17.7470
D,DISPATCH,UNIT_SCADA,1,"2022/10/20 13:00:00",COLWF01,75.556570
D,DISPATCH,UNIT_SCADA,1,"2022/10/20 13:00:00",COOPGWF1,108.26
D,DISPATCH,UNIT_SCADA,1,"2022/10/20 13:00:00",CPP_3,281.050020
D,DISPATCH,UNIT_SCADA,1,"2022/10/20 13:00:00",CPP_4,0
D,DISPATCH,UNIT_SCADA,1,"2022/10/20 13:00:00",CPSA,0
D,DISPATCH,UNIT_SCADA,1,"2022/10/20 13:00:00",CROOKWF2,28.2945
D,DISPATCH,UNIT_SCADA,1,"2022/10/20 13:00:00",CROWLWF1,0
D,DISPATCH,UNIT_SCADA,1,"2022/10/20 13:00:00",CRURWF1,40.797360
D,DISPATCH,UNIT_SCADA,1,"2022/10/20 13:00:00",CRWASF1,25.547780
D,DISPATCH,UNIT_SCADA,1,"2022/10/20 13:00:00",CSPVPS1,31.1590
D,DISPATCH,UNIT_SCADA,1,"2022/10/20 13:00:00",CTHLWF1,0.003050
D,DISPATCH,UNIT_SCADA,1,"2022/10/20 13:00:00",DALNTH01,0
D,DISPATCH,UNIT_SCADA,1,"2022/10/20 13:00:00",DALNTHL1,0.086980
D,DISPATCH,UNIT_SCADA,1,"2022/10/20 13:00:00",DARLSF1,36.442760
D,DISPATCH,UNIT_SCADA,1,"2022/10/20 13:00:00",DARTM1,0
D,DISPATCH,UNIT_SCADA,1,"2022/10/20 13:00:00",DAYDSF1,131.3490
D,DISPATCH,UNIT_SCADA,1,"2022/10/20 13:00:00",DDPS1,0
D,DISPATCH,UNIT_SCADA,1,"2022/10/20 13:00:00",DDSF1,12.910080
D,DISPATCH,UNIT_SCADA,1,"2022/10/20 13:00:00",DEVILS_G,58.087710
D,DISPATCH,UNIT_SCADA,1,"2022/10/20 13:00:00",DG_NSW1,0
D,DISPATCH,UNIT_SCADA,1,"2022/10/20 13:00:00",DG_QLD1,0
D,DISPATCH,UNIT_SCADA,1,"2022/10/20 13:00:00",DG_SA1,0
D,DISPATCH,UNIT_SCADA,1,"2022/10/20 13:00:00",DG_TAS1,0
D,DISPATCH,UNIT_SCADA,1,"2022/10/20 13:00:00",DG_VIC1,0
D,DISPATCH,UNIT_SCADA,1,"2022/10/20 13:00:00",DRYCGT1,0
D,DISPATCH,UNIT_SCADA,1,"2022/10/20 13:00:00",DRYCGT2,0
D,DISPATCH,UNIT_SCADA,1,"2022/10/20 13:00:00",DRYCGT3,0
D,DISPATCH,UNIT_SCADA,1,"2022/10/20 13:00:00",DUNDWF1,57.28
D,DISPATCH,UNIT_SCADA,1,"2022/10/20 13:00:00",DUNDWF2,17.40
D,DISPATCH,UNIT_SCADA,1,"2022/10/20 13:00:00",DUNDWF3,58.69
D,DISPATCH,UNIT_SCADA,1,"2022/10/20 13:00:00",EILDON1,59.88
D,DISPATCH,UNIT_SCADA,1,"2022/10/20 13:00:00",EILDON2,60.04
D,DISPATCH,UNIT_SCADA,1,"2022/10/20 13:00:00",ELAINWF1,29.26
D,DISPATCH,UNIT_SCADA,1,"2022/10/20 13:00:00",EMERASF1,0
D,DISPATCH,UNIT_SCADA,1,"2022/10/20 13:00:00",ER01,0
D,DISPATCH,UNIT_SCADA,1,"2022/10/20 13:00:00",ER02,302.555880
D,DISPATCH,UNIT_SCADA,1,"2022/10/20 13:00:00",ER03,433.075470
D,DISPATCH,UNIT_SCADA,1,"2022/10/20 13:00:00",ER04,432.8313
D,DISPATCH,UNIT_SCADA,1,"2022/10/20 13:00:00",FINLYSF1,62.815290
D,DISPATCH,UNIT_SCADA,1,"2022/10/20 13:00:00",FISHER,43.94
D,DISPATCH,UNIT_SCADA,1,"2022/10/20 13:00:00",GANGARR1,79.5930
D,DISPATCH,UNIT_SCADA,1,"2022/10/20 13:00:00",GANNBG1,0
D,DISPATCH,UNIT_SCADA,1,"2022/10/20 13:00:00",GANNBL1,3.638730
D,DISPATCH,UNIT_SCADA,1,"2022/10/20 13:00:00",GANNSF1,23.50
D,DISPATCH,UNIT_SCADA,1,"2022/10/20 13:00:00",GLRWNSF1,0
D,DISPATCH,UNIT_SCADA,1,"2022/10/20 13:00:00",GNNDHSF1,76.7583
D,DISPATCH,UNIT_SCADA,1,"2022/10/20 13:00:00",GOONSF1,5.225910
D,DISPATCH,UNIT_SCADA,1,"2022/10/20 13:00:00",GORDON,183.339750
D,DISPATCH,UNIT_SCADA,1,"2022/10/20 13:00:00",GRANWF1,0
D,DISPATCH,UNIT_SCADA,1,"2022/10/20 13:00:00",GSTONE1,201.0750
D,DISPATCH,UNIT_SCADA,1,"2022/10/20 13:00:00",GSTONE2,0
D,DISPATCH,UNIT_SCADA,1,"2022/10/20 13:00:00",GSTONE3,200.20
D,DISPATCH,UNIT_SCADA,1,"2022/10/20 13:00:00",GSTONE4,0
D,DISPATCH,UNIT_SCADA,1,"2022/10/20 13:00:00",GSTONE5,186.724990
D,DISPATCH,UNIT_SCADA,1,"2022/10/20 13:00:00",GSTONE6,201.774990
D,DISPATCH,UNIT_SCADA,1,"2022/10/20 13:00:00",GULLRSF1,2.024970
D,DISPATCH,UNIT_SCADA,1,"2022/10/20 13:00:00",GULLRWF1,41.274380
D,DISPATCH,UNIT_SCADA,1,"2022/10/20 13:00:00",GULLRWF2,66.365750
D,DISPATCH,UNIT_SCADA,1,"2022/10/20 13:00:00",GUNNING1,0
D,DISPATCH,UNIT_SCADA,1,"2022/10/20 13:00:00",GUTHEGA,67.600010
D,DISPATCH,UNIT_SCADA,1,"2022/10/20 13:00:00",HALLWF1,15.36
D,DISPATCH,UNIT_SCADA,1,"2022/10/20 13:00:00",HALLWF2,11.05
D,DISPATCH,UNIT_SCADA,1,"2022/10/20 13:00:00",HAMISF1,38.10
D,DISPATCH,UNIT_SCADA,1,"2022/10/20 13:00:00",HAUGHT11,14.121470
D,DISPATCH,UNIT_SCADA,1,"2022/10/20 13:00:00",HAYMSF1,40.9850
D,DISPATCH,UNIT_SCADA,1,"2022/10/20 13:00:00",HDWF1,17.60
D,DISPATCH,UNIT_SCADA,1,"2022/10/20 13:00:00",HDWF2,19.40
D,DISPATCH,UNIT_SCADA,1,"2022/10/20 13:00:00",HDWF3,15.50
D,DISPATCH,UNIT_SCADA,1,"2022/10/20 13:00:00",HILLSTN1,61.130750
D,DISPATCH,UNIT_SCADA,1,"2022/10/20 13:00:00",HPRG1,0
D,DISPATCH,UNIT_SCADA,1,"2022/10/20 13:00:00",HPRL1,10.20
D,DISPATCH,UNIT_SCADA,1,"2022/10/20 13:00:00",HUMENSW,54.198360
D,DISPATCH,UNIT_SCADA,1,"2022/10/20 13:00:00",HUMEV,0
D,DISPATCH,UNIT_SCADA,1,"2022/10/20 13:00:00",HVWWBA1G,0
D,DISPATCH,UNIT_SCADA,1,"2022/10/20 13:00:00",HVWWBA1L,0.0070
D,DISPATCH,UNIT_SCADA,1,"2022/10/20 13:00:00",HVWWPV1,0.02
D,DISPATCH,UNIT_SCADA,1,"2022/10/20 13:00:00",JBUTTERS,0
D,DISPATCH,UNIT_SCADA,1,"2022/10/20 13:00:00",JEMALNG1,2.34
D,DISPATCH,UNIT_SCADA,1,"2022/10/20 13:00:00",JLA01,0
D,DISPATCH,UNIT_SCADA,1,"2022/10/20 13:00:00",JLA02,0
D,DISPATCH,UNIT_SCADA,1,"2022/10/20 13:00:00",JLA03,0
D,DISPATCH,UNIT_SCADA,1,"2022/10/20 13:00:00",JLA04,0
D,DISPATCH,UNIT_SCADA,1,"2022/10/20 13:00:00",JLB01,0
D,DISPATCH,UNIT_SCADA,1,"2022/10/20 13:00:00",JLB02,0.10
D,DISPATCH,UNIT_SCADA,1,"2022/10/20 13:00:00",JLB03,0
D,DISPATCH,UNIT_SCADA,1,"2022/10/20 13:00:00",JUNEESF1,8.796160
D,DISPATCH,UNIT_SCADA,1,"2022/10/20 13:00:00",KABANWF1,0
D,DISPATCH,UNIT_SCADA,1,"2022/10/20 13:00:00",KAREEYA1,0
D,DISPATCH,UNIT_SCADA,1,"2022/10/20 13:00:00",KAREEYA2,0
D,DISPATCH,UNIT_SCADA,1,"2022/10/20 13:00:00",KAREEYA3,4.7725
D,DISPATCH,UNIT_SCADA,1,"2022/10/20 13:00:00",KAREEYA4,0
D,DISPATCH,UNIT_SCADA,1,"2022/10/20 13:00:00",KARSF1,25.10
D,DISPATCH,UNIT_SCADA,1,"2022/10/20 13:00:00",KEPSF1,12.15
D,DISPATCH,UNIT_SCADA,1,"2022/10/20 13:00:00",KEPWF1,6.26
D,DISPATCH,UNIT_SCADA,1,"2022/10/20 13:00:00",KIAMSF1,35.046160
D,DISPATCH,UNIT_SCADA,1,"2022/10/20 13:00:00",KIATAWF1,9.20
D,DISPATCH,UNIT_SCADA,1,"2022/10/20 13:00:00",KPP_1,0
D,DISPATCH,UNIT_SCADA,1,"2022/10/20 13:00:00",KSP1,43.65
D,DISPATCH,UNIT_SCADA,1,"2022/10/20 13:00:00",LADBROK1,0.01
D,DISPATCH,UNIT_SCADA,1,"2022/10/20 13:00:00",LADBROK2,0.02
D,DISPATCH,UNIT_SCADA,1,"2022/10/20 13:00:00",LBBG1,0
D,DISPATCH,UNIT_SCADA,1,"2022/10/20 13:00:00",LBBL1,2.85
D,DISPATCH,UNIT_SCADA,1,"2022/10/20 13:00:00",LD01,280.581090
D,DISPATCH,UNIT_SCADA,1,"2022/10/20 13:00:00",LD02,0
D,DISPATCH,UNIT_SCADA,1,"2022/10/20 13:00:00",LD04,275.307460
D,DISPATCH,UNIT_SCADA,1,"2022/10/20 13:00:00",LEM_WIL,71.511050
D,DISPATCH,UNIT_SCADA,1,"2022/10/20 13:00:00",LGAPWF1,44.05
D,DISPATCH,UNIT_SCADA,1,"2022/10/20 13:00:00",LGAPWF2,29.98
D,DISPATCH,UNIT_SCADA,1,"2022/10/20 13:00:00",LILYSF1,85.458940
D,DISPATCH,UNIT_SCADA,1,"2022/10/20 13:00:00",LIMOSF11,55.9794
D,DISPATCH,UNIT_SCADA,1,"2022/10/20 13:00:00",LIMOSF21,5.587150
D,DISPATCH,UNIT_SCADA,1,"2022/10/20 13:00:00",LI_WY_CA,54.668310
D,DISPATCH,UNIT_SCADA,1,"2022/10/20 13:00:00",LKBONNY1,0
D,DISPATCH,UNIT_SCADA,1,"2022/10/20 13:00:00",LKBONNY2,0
D,DISPATCH,UNIT_SCADA,1,"2022/10/20 13:00:00",LKBONNY3,0
D,DISPATCH,UNIT_SCADA,1,"2022/10/20 13:00:00",LK_ECHO,0
D,DISPATCH,UNIT_SCADA,1,"2022/10/20 13:00:00",LNGS1,0
D,DISPATCH,UNIT_SCADA,1,"2022/10/20 13:00:00",LNGS2,0
D,DISPATCH,UNIT_SCADA,1,"2022/10/20 13:00:00",LONSDALE,0
D,DISPATCH,UNIT_SCADA,1,"2022/10/20 13:00:00",LOYYB1,445.860750
D,DISPATCH,UNIT_SCADA,1,"2022/10/20 13:00:00",LOYYB2,446.236690
D,DISPATCH,UNIT_SCADA,1,"2022/10/20 13:00:00",LYA1,393
D,DISPATCH,UNIT_SCADA,1,"2022/10/20 13:00:00",LYA2,0
D,DISPATCH,UNIT_SCADA,1,"2022/10/20 13:00:00",LYA3,389
D,DISPATCH,UNIT_SCADA,1,"2022/10/20 13:00:00",LYA4,389
D,DISPATCH,UNIT_SCADA,1,"2022/10/20 13:00:00",MACARTH1,56.3987
D,DISPATCH,UNIT_SCADA,1,"2022/10/20 13:00:00",MACKNTSH,0
D,DISPATCH,UNIT_SCADA,1,"2022/10/20 13:00:00",MANSLR1,46.5760
D,DISPATCH,UNIT_SCADA,1,"2022/10/20 13:00:00",MAPS2PV1,0
D,DISPATCH,UNIT_SCADA,1,"2022/10/20 13:00:00",MAPS3PV1,0
D,DISPATCH,UNIT_SCADA,1,"2022/10/20 13:00:00",MARYRSF1,11.94
D,DISPATCH,UNIT_SCADA,1,"2022/10/20 13:00:00",MBPS2PV1,0
D,DISPATCH,UNIT_SCADA,1,"2022/10/20 13:00:00",MCKAY1,0.02
D,DISPATCH,UNIT_SCADA,1,"2022/10/20 13:00:00",MEADOWBK,6.058960
D,DISPATCH,UNIT_SCADA,1,"2022/10/20 13:00:00",MERCER01,33.90
D,DISPATCH,UNIT_SCADA,1,"2022/10/20 13:00:00",METZSF1,22.649920
D,DISPATCH,UNIT_SCADA,1,"2022/10/20 13:00:00",MEWF1,15.5095
D,DISPATCH,UNIT_SCADA,1,"2022/10/20 13:00:00",MIDDLSF1,2.64
D,DISPATCH,UNIT_SCADA,1,"2022/10/20 13:00:00",MINTARO,0.128180
D,DISPATCH,UNIT_SCADA,1,"2022/10/20 13:00:00",MOLNGSF1,13.841760
D,DISPATCH,UNIT_SCADA,1,"2022/10/20 13:00:00",MOORAWF1,74.23
D,DISPATCH,UNIT_SCADA,1,"2022/10/20 13:00:00",MOREESF1,35.8520
D,DISPATCH,UNIT_SCADA,1,"2022/10/20 13:00:00",MORTLK11,0
D,DISPATCH,UNIT_SCADA,1,"2022/10/20 13:00:00",MORTLK12,0
D,DISPATCH,UNIT_SCADA,1,"2022/10/20 13:00:00",MOUSF1,0
D,DISPATCH,UNIT_SCADA,1,"2022/10/20 13:00:00",MP1,0
D,DISPATCH,UNIT_SCADA,1,"2022/10/20 13:00:00",MP2,358.342860
D,DISPATCH,UNIT_SCADA,1,"2022/10/20 13:00:00",MPP_1,161.595990
D,DISPATCH,UNIT_SCADA,1,"2022/10/20 13:00:00",MPP_2,186.956950
D,DISPATCH,UNIT_SCADA,1,"2022/10/20 13:00:00",MRTLSWF1,0
D,DISPATCH,UNIT_SCADA,1,"2022/10/20 13:00:00",MSTUART1,0
D,DISPATCH,UNIT_SCADA,1,"2022/10/20 13:00:00",MSTUART2,0
D,DISPATCH,UNIT_SCADA,1,"2022/10/20 13:00:00",MSTUART3,0
D,DISPATCH,UNIT_SCADA,1,"2022/10/20 13:00:00",MTGELWF1,50.048830
D,DISPATCH,UNIT_SCADA,1,"2022/10/20 13:00:00",MTMILLAR,0.40
D,DISPATCH,UNIT_SCADA,1,"2022/10/20 13:00:00",MURRAY,0
D,DISPATCH,UNIT_SCADA,1,"2022/10/20 13:00:00",MUSSELR1,61.90
D,DISPATCH,UNIT_SCADA,1,"2022/10/20 13:00:00",MUWAWF1,73.96
D,DISPATCH,UNIT_SCADA,1,"2022/10/20 13:00:00",MUWAWF2,29.80
D,DISPATCH,UNIT_SCADA,1,"2022/10/20 13:00:00",MWPS1PV1,0.13
D,DISPATCH,UNIT_SCADA,1,"2022/10/20 13:00:00",MWPS2PV1,0
D,DISPATCH,UNIT_SCADA,1,"2022/10/20 13:00:00",MWPS3PV1,0
D,DISPATCH,UNIT_SCADA,1,"2022/10/20 13:00:00",MWPS4PV1,0.01
D,DISPATCH,UNIT_SCADA,1,"2022/10/20 13:00:00",NBHWF1,20.30
D,DISPATCH,UNIT_SCADA,1,"2022/10/20 13:00:00",NEVERSF1,98.70
D,DISPATCH,UNIT_SCADA,1,"2022/10/20 13:00:00",NPS,0
D,DISPATCH,UNIT_SCADA,1,"2022/10/20 13:00:00",NUMURSF1,82.35
D,DISPATCH,UNIT_SCADA,1,"2022/10/20 13:00:00",NYNGAN1,53.50
D,DISPATCH,UNIT_SCADA,1,"2022/10/20 13:00:00",OAKEY1,0
D,DISPATCH,UNIT_SCADA,1,"2022/10/20 13:00:00",OAKEY1SF,11.7070
D,DISPATCH,UNIT_SCADA,1,"2022/10/20 13:00:00",OAKEY2,0
D,DISPATCH,UNIT_SCADA,1,"2022/10/20 13:00:00",OAKEY2SF,23.22
D,DISPATCH,UNIT_SCADA,1,"2022/10/20 13:00:00",OAKLAND1,6.80
D,DISPATCH,UNIT_SCADA,1,"2022/10/20 13:00:00",OSB-AG,0
D,DISPATCH,UNIT_SCADA,1,"2022/10/20 13:00:00",PAREPS1,0.0660
D,DISPATCH,UNIT_SCADA,1,"2022/10/20 13:00:00",PAREPW1,41.88
D,DISPATCH,UNIT_SCADA,1,"2022/10/20 13:00:00",PARSF1,4.1001
D,DISPATCH,UNIT_SCADA,1,"2022/10/20 13:00:00",POAT110,0
D,DISPATCH,UNIT_SCADA,1,"2022/10/20 13:00:00",POAT220,0
D,DISPATCH,UNIT_SCADA,1,"2022/10/20 13:00:00",POR01,0
D,DISPATCH,UNIT_SCADA,1,"2022/10/20 13:00:00",POR03,0
D,DISPATCH,UNIT_SCADA,1,"2022/10/20 13:00:00",PPCCGT,0
D,DISPATCH,UNIT_SCADA,1,"2022/10/20 13:00:00",PTSTAN1,0
D,DISPATCH,UNIT_SCADA,1,"2022/10/20 13:00:00",PUMP1,0
D,DISPATCH,UNIT_SCADA,1,"2022/10/20 13:00:00",PUMP2,0
D,DISPATCH,UNIT_SCADA,1,"2022/10/20 13:00:00",QBYNBG1,0
D,DISPATCH,UNIT_SCADA,1,"2022/10/20 13:00:00",QBYNBL1,0.0405
D,DISPATCH,UNIT_SCADA,1,"2022/10/20 13:00:00",QPS1,0
D,DISPATCH,UNIT_SCADA,1,"2022/10/20 13:00:00",QPS2,0
D,DISPATCH,UNIT_SCADA,1,"2022/10/20 13:00:00",QPS3,0
D,DISPATCH,UNIT_SCADA,1,"2022/10/20 13:00:00",QPS4,0
D,DISPATCH,UNIT_SCADA,1,"2022/10/20 13:00:00",QPS5,75.72
D,DISPATCH,UNIT_SCADA,1,"2022/10/20 13:00:00",REECE1,0
D,DISPATCH,UNIT_SCADA,1,"2022/10/20 13:00:00",REECE2,0
D,DISPATCH,UNIT_SCADA,1,"2022/10/20 13:00:00",ROMA_7,0
D,DISPATCH,UNIT_SCADA,1,"2022/10/20 13:00:00",ROMA_8,0
D,DISPATCH,UNIT_SCADA,1,"2022/10/20 13:00:00",RRSF1,97.803340
D,DISPATCH,UNIT_SCADA,1,"2022/10/20 13:00:00",RT_NSW1,0
D,DISPATCH,UNIT_SCADA,1,"2022/10/20 13:00:00",RT_NSW2,0
D,DISPATCH,UNIT_SCADA,1,"2022/10/20 13:00:00",RT_NSW3,0
D,DISPATCH,UNIT_SCADA,1,"2022/10/20 13:00:00",RT_NSW4,0
D,DISPATCH,UNIT_SCADA,1,"2022/10/20 13:00:00",RT_NSW5,0
D,DISPATCH,UNIT_SCADA,1,"2022/10/20 13:00:00",RT_NSW6,0
D,DISPATCH,UNIT_SCADA,1,"2022/10/20 13:00:00",RT_QLD1,0
D,DISPATCH,UNIT_SCADA,1,"2022/10/20 13:00:00",RT_SA1,0
D,DISPATCH,UNIT_SCADA,1,"2022/10/20 13:00:00",RT_SA2,0
D,DISPATCH,UNIT_SCADA,1,"2022/10/20 13:00:00",RT_SA3,0
D,DISPATCH,UNIT_SCADA,1,"2022/10/20 13:00:00",RT_SA4,0
D,DISPATCH,UNIT_SCADA,1,"2022/10/20 13:00:00",RT_SA5,0
D,DISPATCH,UNIT_SCADA,1,"2022/10/20 13:00:00",RT_SA6,0
D,DISPATCH,UNIT_SCADA,1,"2022/10/20 13:00:00",RT_TAS1,0
D,DISPATCH,UNIT_SCADA,1,"2022/10/20 13:00:00",RT_VIC1,0
D,DISPATCH,UNIT_SCADA,1,"2022/10/20 13:00:00",RT_VIC10,0
D,DISPATCH,UNIT_SCADA,1,"2022/10/20 13:00:00",RT_VIC11,0
D,DISPATCH,UNIT_SCADA,1,"2022/10/20 13:00:00",RT_VIC12,0
D,DISPATCH,UNIT_SCADA,1,"2022/10/20 13:00:00",RT_VIC2,0
D,DISPATCH,UNIT_SCADA,1,"2022/10/20 13:00:00",RT_VIC3,0
D,DISPATCH,UNIT_SCADA,1,"2022/10/20 13:00:00",RT_VIC4,0
D,DISPATCH,UNIT_SCADA,1,"2022/10/20 13:00:00",RT_VIC5,0
D,DISPATCH,UNIT_SCADA,1,"2022/10/20 13:00:00",RT_VIC6,0
D,DISPATCH,UNIT_SCADA,1,"2022/10/20 13:00:00",RT_VIC7,0
D,DISPATCH,UNIT_SCADA,1,"2022/10/20 13:00:00",RT_VIC8,0
D,DISPATCH,UNIT_SCADA,1,"2022/10/20 13:00:00",RT_VIC9,0
D,DISPATCH,UNIT_SCADA,1,"2022/10/20 13:00:00",RUGBYR1,50.370560
D,DISPATCH,UNIT_SCADA,1,"2022/10/20 13:00:00",SALTCRK1,20.69
D,DISPATCH,UNIT_SCADA,1,"2022/10/20 13:00:00",SAPHWF1,0
D,DISPATCH,UNIT_SCADA,1,"2022/10/20 13:00:00",SEBSF1,29.1816
D,DISPATCH,UNIT_SCADA,1,"2022/10/20 13:00:00",SHGEN,0
D,DISPATCH,UNIT_SCADA,1,"2022/10/20 13:00:00",SHPUMP,0
D,DISPATCH,UNIT_SCADA,1,"2022/10/20 13:00:00",SITHE01,0.083520
D,DISPATCH,UNIT_SCADA,1,"2022/10/20 13:00:00",SMCSF1,73.8310
D,DISPATCH,UNIT_SCADA,1,"2022/10/20 13:00:00",SNAPPER1,0
D,DISPATCH,UNIT_SCADA,1,"2022/10/20 13:00:00",SNOWNTH1,48.20
D,DISPATCH,UNIT_SCADA,1,"2022/10/20 13:00:00",SNOWSTH1,21.20
D,DISPATCH,UNIT_SCADA,1,"2022/10/20 13:00:00",SNOWTWN1,0
D,DISPATCH,UNIT_SCADA,1,"2022/10/20 13:00:00",SNOWYP,0
D,DISPATCH,UNIT_SCADA,1,"2022/10/20 13:00:00",SNUG1,0
D,DISPATCH,UNIT_SCADA,1,"2022/10/20 13:00:00",SRSF1,19.21
D,DISPATCH,UNIT_SCADA,1,"2022/10/20 13:00:00",STAN-1,280.427830
D,DISPATCH,UNIT_SCADA,1,"2022/10/20 13:00:00",STAN-2,356.411740
D,DISPATCH,UNIT_SCADA,1,"2022/10/20 13:00:00",STAN-3,159.440610
D,DISPATCH,UNIT_SCADA,1,"2022/10/20 13:00:00",STAN-4,364.307530
D,DISPATCH,UNIT_SCADA,1,"2022/10/20 13:00:00",STARHLWF,0.01
D,DISPATCH,UNIT_SCADA,1,"2022/10/20 13:00:00",STOCKYD1,73.27
D,DISPATCH,UNIT_SCADA,1,"2022/10/20 13:00:00",STWF1,0
D,DISPATCH,UNIT_SCADA,1,"2022/10/20 13:00:00",SUNRSF1,29.320210
D,DISPATCH,UNIT_SCADA,1,"2022/10/20 13:00:00",SUNTPSF1,40.294190
D,DISPATCH,UNIT_SCADA,1,"2022/10/20 13:00:00",SWAN_E,190.620640
D,DISPATCH,UNIT_SCADA,1,"2022/10/20 13:00:00",TALWA1,0
D,DISPATCH,UNIT_SCADA,1,"2022/10/20 13:00:00",TARALGA1,0
D,DISPATCH,UNIT_SCADA,1,"2022/10/20 13:00:00",TARONG#1,344.600010
D,DISPATCH,UNIT_SCADA,1,"2022/10/20 13:00:00",TARONG#2,345.899990
D,DISPATCH,UNIT_SCADA,1,"2022/10/20 13:00:00",TARONG#3,0.90
D,DISPATCH,UNIT_SCADA,1,"2022/10/20 13:00:00",TARONG#4,285.300020
D,DISPATCH,UNIT_SCADA,1,"2022/10/20 13:00:00",TARRALEA,54
D,DISPATCH,UNIT_SCADA,1,"2022/10/20 13:00:00",TBSF1,0.10
D,DISPATCH,UNIT_SCADA,1,"2022/10/20 13:00:00",TNPS1,319.562470
D,DISPATCH,UNIT_SCADA,1,"2022/10/20 13:00:00",TORRB1,0
D,DISPATCH,UNIT_SCADA,1,"2022/10/20 13:00:00",TORRB2,41
D,DISPATCH,UNIT_SCADA,1,"2022/10/20 13:00:00",TORRB3,0
D,DISPATCH,UNIT_SCADA,1,"2022/10/20 13:00:00",TORRB4,0
D,DISPATCH,UNIT_SCADA,1,"2022/10/20 13:00:00",TREVALLN,99.171130
D,DISPATCH,UNIT_SCADA,1,"2022/10/20 13:00:00",TRIBUTE,0
D,DISPATCH,UNIT_SCADA,1,"2022/10/20 13:00:00",TUMUT3,0
D,DISPATCH,UNIT_SCADA,1,"2022/10/20 13:00:00",TUNGATIN,4.070010
D,DISPATCH,UNIT_SCADA,1,"2022/10/20 13:00:00",TVCC201,0
D,DISPATCH,UNIT_SCADA,1,"2022/10/20 13:00:00",TVPP104,0
D,DISPATCH,UNIT_SCADA,1,"2022/10/20 13:00:00",UPPTUMUT,0
D,DISPATCH,UNIT_SCADA,1,"2022/10/20 13:00:00",URANQ11,0
D,DISPATCH,UNIT_SCADA,1,"2022/10/20 13:00:00",URANQ12,0
D,DISPATCH,UNIT_SCADA,1,"2022/10/20 13:00:00",URANQ13,0
D,DISPATCH,UNIT_SCADA,1,"2022/10/20 13:00:00",URANQ14,0
D,DISPATCH,UNIT_SCADA,1,"2022/10/20 13:00:00",VBBG1,0
D,DISPATCH,UNIT_SCADA,1,"2022/10/20 13:00:00",VBBL1,92.50
D,DISPATCH,UNIT_SCADA,1,"2022/10/20 13:00:00",VP5,535.709720
D,DISPATCH,UNIT_SCADA,1,"2022/10/20 13:00:00",VP6,540.983280
D,DISPATCH,UNIT_SCADA,1,"2022/10/20 13:00:00",VPGS1,0
D,DISPATCH,UNIT_SCADA,1,"2022/10/20 13:00:00",VPGS2,0
D,DISPATCH,UNIT_SCADA,1,"2022/10/20 13:00:00",VPGS3,0
D,DISPATCH,UNIT_SCADA,1,"2022/10/20 13:00:00",VPGS4,0
D,DISPATCH,UNIT_SCADA,1,"2022/10/20 13:00:00",VPGS5,0
D,DISPATCH,UNIT_SCADA,1,"2022/10/20 13:00:00",VPGS6,0
D,DISPATCH,UNIT_SCADA,1,"2022/10/20 13:00:00",W/HOE#1,0
D,DISPATCH,UNIT_SCADA,1,"2022/10/20 13:00:00",W/HOE#2,0
D,DISPATCH,UNIT_SCADA,1,"2022/10/20 13:00:00",WAGGNSF1,0
D,DISPATCH,UNIT_SCADA,1,"2022/10/20 13:00:00",WALGRVG1,0.000930
D,DISPATCH,UNIT_SCADA,1,"2022/10/20 13:00:00",WALGRVL1,0
D,DISPATCH,UNIT_SCADA,1,"2022/10/20 13:00:00",WANDBG1,0
D,DISPATCH,UNIT_SCADA,1,"2022/10/20 13:00:00",WANDBL1,0
D,DISPATCH,UNIT_SCADA,1,"2022/10/20 13:00:00",WARWSF1,15.99
D,DISPATCH,UNIT_SCADA,1,"2022/10/20 13:00:00",WARWSF2,15.96
D,DISPATCH,UNIT_SCADA,1,"2022/10/20 13:00:00",WATERLWF,19
D,DISPATCH,UNIT_SCADA,1,"2022/10/20 13:00:00",WDGPH1,98.45
D,DISPATCH,UNIT_SCADA,1,"2022/10/20 13:00:00",WELLSF1,26.022740
D,DISPATCH,UNIT_SCADA,1,"2022/10/20 13:00:00",WEMENSF1,62.10
D,DISPATCH,UNIT_SCADA,1,"2022/10/20 13:00:00",WGWF1,57.90
D,DISPATCH,UNIT_SCADA,1,"2022/10/20 13:00:00",WHITSF1,39.10
D,DISPATCH,UNIT_SCADA,1,"2022/10/20 13:00:00",WINTSF1,71.39
D,DISPATCH,UNIT_SCADA,1,"2022/10/20 13:00:00",WKIEWA1,31.90
D,DISPATCH,UNIT_SCADA,1,"2022/10/20 13:00:00",WKIEWA2,14
D,DISPATCH,UNIT_SCADA,1,"2022/10/20 13:00:00",WOODLWN1,19.085740
D,DISPATCH,UNIT_SCADA,1,"2022/10/20 13:00:00",WOOLGSF1,44.017670
D,DISPATCH,UNIT_SCADA,1,"2022/10/20 13:00:00",WPWF,32.10
D,DISPATCH,UNIT_SCADA,1,"2022/10/20 13:00:00",WRSF1,13.710140
D,DISPATCH,UNIT_SCADA,1,"2022/10/20 13:00:00",WRWF1,0
D,DISPATCH,UNIT_SCADA,1,"2022/10/20 13:00:00",WSTWYSF1,0.504030
D,DISPATCH,UNIT_SCADA,1,"2022/10/20 13:00:00",YABULU,0
D,DISPATCH,UNIT_SCADA,1,"2022/10/20 13:00:00",YABULU2,0
D,DISPATCH,UNIT_SCADA,1,"2022/10/20 13:00:00",YARANSF1,37.47
D,DISPATCH,UNIT_SCADA,1,"2022/10/20 13:00:00",YARWUN_1,160.759990
D,DISPATCH,UNIT_SCADA,1,"2022/10/20 13:00:00",YATSF1,21.37
D,DISPATCH,UNIT_SCADA,1,"2022/10/20 13:00:00",YENDWF1,38.50
D,DISPATCH,UNIT_SCADA,1,"2022/10/20 13:00:00",YWPS1,249.620250
D,DISPATCH,UNIT_SCADA,1,"2022/10/20 13:00:00",YWPS2,249.118990
D,DISPATCH,UNIT_SCADA,1,"2022/10/20 13:00:00",YWPS3,281.197480
D,DISPATCH,UNIT_SCADA,1,"2022/10/20 13:00:00",YWPS4,0
C,"END OF REPORT",419
