C,NEMP.WORLD,DISPATCHSCADA,AEMO,PUBLIC,2022/10/20,15:35:10,0000000373264248,DISPATCHSCADA,0000000373264242
I,DISPATCH,UNIT_SCADA,1,SETTLEMENTDATE,DUID,SCADAVALUE
D,DISPATCH,UNIT_SCADA,1,"2022/10/20 15:40:00",BARCSF1,9.400001
D,DISPATCH,UNIT_SCADA,1,"2022/10/20 15:40:00",BUTLERSG,8.699999
D,DISPATCH,UNIT_SCADA,1,"2022/10/20 15:40:00",CAPTL_WF,78.051971
D,DISPATCH,UNIT_SCADA,1,"2022/10/20 15:40:00",CHALLHWF,11.90
D,DISPATCH,UNIT_SCADA,1,"2022/10/20 15:40:00",CLOVER,10.25
D,DISPATCH,UNIT_SCADA,1,"2022/10/20 15:40:00",CLUNY,6.319524
D,DISPATCH,UNIT_SCADA,1,"2022/10/20 15:40:00",CULLRGWF,-0.02
D,DISPATCH,UNIT_SCADA,1,"2022/10/20 15:40:00",DIAPURWF1,5.80
D,DISPATCH,UNIT_SCADA,1,"2022/10/20 15:40:00",ERGT01,0
D,DISPATCH,UNIT_SCADA,1,"2022/10/20 15:40:00",GB01,0
D,DISPATCH,UNIT_SCADA,1,"2022/10/20 15:40:00",GERMCRK,22
D,DISPATCH,UNIT_SCADA,1,"2022/10/20 15:40:00",GRIFSF1,15.098803
D,DISPATCH,UNIT_SCADA,1,"2022/10/20 15:40:00",HEZ1,0
D,DISPATCH,UNIT_SCADA,1,"2022/10/20 15:40:00",HUGSF1,12.229001
D,DISPATCH,UNIT_SCADA,1,"2022/10/20 15:40:00",KEPBG1,0
D,DISPATCH,UNIT_SCADA,1,"2022/10/20 15:40:00",LRSF1,12.330001
D,DISPATCH,UNIT_SCADA,1,"2022/10/20 15:40:00",MBAHNTH,43.162506
D,DISPATCH,UNIT_SCADA,1,"2022/10/20 15:40:00",MLSP1,2.752001
D,DISPATCH,UNIT_SCADA,1,"2022/10/20 15:40:00",MLWF1,6.36
D,DISPATCH,UNIT_SCADA,1,"2022/10/20 15:40:00",PALOONA,30.23
D,DISPATCH,UNIT_SCADA,1,"2022/10/20 15:40:00",PIONEER,34.700001
D,DISPATCH,UNIT_SCADA,1,"2022/10/20 15:40:00",PORTWF,38.599998
D,DISPATCH,UNIT_SCADA,1,"2022/10/20 15:40:00",REPULSE,9.556420
D,DISPATCH,UNIT_SCADA,1,"2022/10/20 15:40:00",ROWALLAN,8.8679
D,DISPATCH,UNIT_SCADA,1,"2022/10/20 15:40:00",ROYALLA1,3.865003
D,DISPATCH,UNIT_SCADA,1,"2022/10/20 15:40:00",RPCG,-1.80
D,DISPATCH,UNIT_SCADA,1,"2022/10/20 15:40:00",RUBICON,0
D,DISPATCH,UNIT_SCADA,1,"2022/10/20 15:40:00",WAUBRAWF,59.000999
D,DISPATCH,UNIT_SCADA,1,"2022/10/20 15:40:00",WOOLNTH1,95.369995
D,DISPATCH,UNIT_SCADA,1,"2022/10/20 15:40:00",YAMBUKWF,2.90
D,DISPATCH,UNIT_SCADA,1,"2022/10/20 15:40:00",YSWF1,3
D,DISPATCH,UNIT_SCADA,1,"2022/10/20 15:40:00",ADPBA1G,0.0080
D,DISPATCH,UNIT_SCADA,1,"2022/10/20 15:40:00",ADPBA1L,0
D,DISPATCH,UNIT_SCADA,1,"2022/10/20 15:40:00",ADPPV1,8.7920
D,DISPATCH,UNIT_SCADA,1,"2022/10/20 15:40:00",AGLHAL,0
D,DISPATCH,UNIT_SCADA,1,"2022/10/20 15:40:00",AGLSOM,0
D,DISPATCH,UNIT_SCADA,1,"2022/10/20 15:40:00",ANGAST1,0
D,DISPATCH,UNIT_SCADA,1,"2022/10/20 15:40:00",ARWF1,28.50
D,DISPATCH,UNIT_SCADA,1,"2022/10/20 15:40:00",BALBG1,0
D,DISPATCH,UNIT_SCADA,1,"2022/10/20 15:40:00",BALBL1,0
D,DISPATCH,UNIT_SCADA,1,"2022/10/20 15:40:00",BALDHWF1,100.022990
D,DISPATCH,UNIT_SCADA,1,"2022/10/20 15:40:00",BANGOWF1,68.797440
D,DISPATCH,UNIT_SCADA,1,"2022/10/20 15:40:00",BANGOWF2,24.898830
D,DISPATCH,UNIT_SCADA,1,"2022/10/20 15:40:00",BANN1,29.44
D,DISPATCH,UNIT_SCADA,1,"2022/10/20 15:40:00",BARCALDN,0
D,DISPATCH,UNIT_SCADA,1,"2022/10/20 15:40:00",BARKIPS1,0
D,DISPATCH,UNIT_SCADA,1,"2022/10/20 15:40:00",BARRON-1,24.48
D,DISPATCH,UNIT_SCADA,1,"2022/10/20 15:40:00",BARRON-2,0
D,DISPATCH,UNIT_SCADA,1,"2022/10/20 15:40:00",BASTYAN,48.49
D,DISPATCH,UNIT_SCADA,1,"2022/10/20 15:40:00",BBTHREE1,0
D,DISPATCH,UNIT_SCADA,1,"2022/10/20 15:40:00",BBTHREE2,0
D,DISPATCH,UNIT_SCADA,1,"2022/10/20 15:40:00",BBTHREE3,-1.06
D,DISPATCH,UNIT_SCADA,1,"2022/10/20 15:40:00",BDL01,0
D,DISPATCH,UNIT_SCADA,1,"2022/10/20 15:40:00",BDL02,0
D,DISPATCH,UNIT_SCADA,1,"2022/10/20 15:40:00",BERYLSF1,6.352250
D,DISPATCH,UNIT_SCADA,1,"2022/10/20 15:40:00",BLOWERNG,62.50
D,DISPATCH,UNIT_SCADA,1,"2022/10/20 15:40:00",BLUEGSF1,13.995520
D,DISPATCH,UNIT_SCADA,1,"2022/10/20 15:40:00",BLUFF1,0
D,DISPATCH,UNIT_SCADA,1,"2022/10/20 15:40:00",BNGSF1,85.79
D,DISPATCH,UNIT_SCADA,1,"2022/10/20 15:40:00",BNGSF2,52.87
D,DISPATCH,UNIT_SCADA,1,"2022/10/20 15:40:00",BOCORWF1,48.67
D,DISPATCH,UNIT_SCADA,1,"2022/10/20 15:40:00",BODWF1,82.990390
D,DISPATCH,UNIT_SCADA,1,"2022/10/20 15:40:00",BOMENSF1,20.290230
D,DISPATCH,UNIT_SCADA,1,"2022/10/20 15:40:00",BOWWBA1G,0
D,DISPATCH,UNIT_SCADA,1,"2022/10/20 15:40:00",BOWWBA1L,0
D,DISPATCH,UNIT_SCADA,1,"2022/10/20 15:40:00",BOWWPV1,0.0010
D,DISPATCH,UNIT_SCADA,1,"2022/10/20 15:40:00",BRAEMAR1,0
D,DISPATCH,UNIT_SCADA,1,"2022/10/20 15:40:00",BRAEMAR2,0
D,DISPATCH,UNIT_SCADA,1,"2022/10/20 15:40:00",BRAEMAR3,0
D,DISPATCH,UNIT_SCADA,1,"2022/10/20 15:40:00",BRAEMAR5,0.292060
D,DISPATCH,UNIT_SCADA,1,"2022/10/20 15:40:00",BRAEMAR6,0
D,DISPATCH,UNIT_SCADA,1,"2022/10/20 15:40:00",BRAEMAR7,133.954380
D,DISPATCH,UNIT_SCADA,1,"2022/10/20 15:40:00",BROKENH1,28.299570
D,DISPATCH,UNIT_SCADA,1,"2022/10/20 15:40:00",BRYB1WF1,71.921880
D,DISPATCH,UNIT_SCADA,1,"2022/10/20 15:40:00",BULBESG1,0
D,DISPATCH,UNIT_SCADA,1,"2022/10/20 15:40:00",BULBESL1,0.03
D,DISPATCH,UNIT_SCADA,1,"2022/10/20 15:40:00",BULGANA1,10.87
D,DISPATCH,UNIT_SCADA,1,"2022/10/20 15:40:00",BW01,653.366880
D,DISPATCH,UNIT_SCADA,1,"2022/10/20 15:40:00",BW02,615.573360
D,DISPATCH,UNIT_SCADA,1,"2022/10/20 15:40:00",BW03,483.271550
D,DISPATCH,UNIT_SCADA,1,"2022/10/20 15:40:00",BW04,0
D,DISPATCH,UNIT_SCADA,1,"2022/10/20 15:40:00",CALL_B_1,317.899990
D,DISPATCH,UNIT_SCADA,1,"2022/10/20 15:40:00",CALL_B_2,316.899990
D,DISPATCH,UNIT_SCADA,1,"2022/10/20 15:40:00",CATHROCK,3.40
D,DISPATCH,UNIT_SCADA,1,"2022/10/20 15:40:00",CBWWBA1G,0
D,DISPATCH,UNIT_SCADA,1,"2022/10/20 15:40:00",CBWWBA1L,0
D,DISPATCH,UNIT_SCADA,1,"2022/10/20 15:40:00",CETHANA,96.687620
D,DISPATCH,UNIT_SCADA,1,"2022/10/20 15:40:00",CG1,0
D,DISPATCH,UNIT_SCADA,1,"2022/10/20 15:40:00",CG2,0
D,DISPATCH,UNIT_SCADA,1,"2022/10/20 15:40:00",CG3,0
D,DISPATCH,UNIT_SCADA,1,"2022/10/20 15:40:00",CG4,0
D,DISPATCH,UNIT_SCADA,1,"2022/10/20 15:40:00",CHILDSF1,8.95
D,DISPATCH,UNIT_SCADA,1,"2022/10/20 15:40:00",CHYTWF1,10.04
D,DISPATCH,UNIT_SCADA,1,"2022/10/20 15:40:00",CLARESF1,98.209790
D,DISPATCH,UNIT_SCADA,1,"2022/10/20 15:40:00",CLEMGPWF,4.610240
D,DISPATCH,UNIT_SCADA,1,"2022/10/20 15:40:00",CLERMSF1,14.86
D,DISPATCH,UNIT_SCADA,1,"2022/10/20 15:40:00",CNUNDAWF,10.7125
D,DISPATCH,UNIT_SCADA,1,"2022/10/20 15:40:00",COHUNSF1,7.56
D,DISPATCH,UNIT_SCADA,1,"2022/10/20 15:40:00",COLEASF1,28.1014
D,DISPATCH,UNIT_SCADA,1,"2022/10/20 15:40:00",COLUMSF1,8.3050
D,DISPATCH,UNIT_SCADA,1,"2022/10/20 15:40:00",COLWF01,75.150680
D,DISPATCH,UNIT_SCADA,1,"2022/10/20 15:40:00",COOPGWF1,218.97
D,DISPATCH,UNIT_SCADA,1,"2022/10/20 15:40:00",CPP_3,356.950010
D,DISPATCH,UNIT_SCADA,1,"2022/10/20 15:40:00",CPP_4,0
D,DISPATCH,UNIT_SCADA,1,"2022/10/20 15:40:00",CPSA,0
D,DISPATCH,UNIT_SCADA,1,"2022/10/20 15:40:00",CROOKWF2,51.8349
D,DISPATCH,UNIT_SCADA,1,"2022/10/20 15:40:00",CROWLWF1,11.163140
D,DISPATCH,UNIT_SCADA,1,"2022/10/20 15:40:00",CRURWF1,5.599980
D,DISPATCH,UNIT_SCADA,1,"2022/10/20 15:40:00",CRWASF1,20.810750
D,DISPATCH,UNIT_SCADA,1,"2022/10/20 15:40:00",CSPVPS1,8.8520
D,DISPATCH,UNIT_SCADA,1,"2022/10/20 15:40:00",CTHLWF1,0.003050
D,DISPATCH,UNIT_SCADA,1,"2022/10/20 15:40:00",DALNTH01,0
D,DISPATCH,UNIT_SCADA,1,"2022/10/20 15:40:00",DALNTHL1,0.096130
D,DISPATCH,UNIT_SCADA,1,"2022/10/20 15:40:00",DARLSF1,74.870590
D,DISPATCH,UNIT_SCADA,1,"2022/10/20 15:40:00",DARTM1,0
D,DISPATCH,UNIT_SCADA,1,"2022/10/20 15:40:00",DAYDSF1,39.7430
D,DISPATCH,UNIT_SCADA,1,"2022/10/20 15:40:00",DDPS1,0
D,DISPATCH,UNIT_SCADA,1,"2022/10/20 15:40:00",DDSF1,16.059390
D,DISPATCH,UNIT_SCADA,1,"2022/10/20 15:40:00",DEVILS_G,59.586780
D,DISPATCH,UNIT_SCADA,1,"2022/10/20 15:40:00",DG_NSW1,0
D,DISPATCH,UNIT_SCADA,1,"2022/10/20 15:40:00",DG_QLD1,0
D,DISPATCH,UNIT_SCADA,1,"2022/10/20 15:40:00",DG_SA1,0
D,DISPATCH,UNIT_SCADA,1,"2022/10/20 15:40:00",DG_TAS1,0
D,DISPATCH,UNIT_SCADA,1,"2022/10/20 15:40:00",DG_VIC1,0
D,DISPATCH,UNIT_SCADA,1,"2022/10/20 15:40:00",DRYCGT1,0
D,DISPATCH,UNIT_SCADA,1,"2022/10/20 15:40:00",DRYCGT2,0
D,DISPATCH,UNIT_SCADA,1,"2022/10/20 15:40:00",DRYCGT3,0
D,DISPATCH,UNIT_SCADA,1,"2022/10/20 15:40:00",DUNDWF1,59.42
D,DISPATCH,UNIT_SCADA,1,"2022/10/20 15:40:00",DUNDWF2,20.32
D,DISPATCH,UNIT_SCADA,1,"2022/10/20 15:40:00",DUNDWF3,54.55
D,DISPATCH,UNIT_SCADA,1,"2022/10/20 15:40:00",EILDON1,60
D,DISPATCH,UNIT_SCADA,1,"2022/10/20 15:40:00",EILDON2,60.08
D,DISPATCH,UNIT_SCADA,1,"2022/10/20 15:40:00",ELAINWF1,24.75
D,DISPATCH,UNIT_SCADA,1,"2022/10/20 15:40:00",EMERASF1,0
D,DISPATCH,UNIT_SCADA,1,"2022/10/20 15:40:00",ER01,0
D,DISPATCH,UNIT_SCADA,1,"2022/10/20 15:40:00",ER02,587.740910
D,DISPATCH,UNIT_SCADA,1,"2022/10/20 15:40:00",ER03,588.278020
D,DISPATCH,UNIT_SCADA,1,"2022/10/20 15:40:00",ER04,589.694030
D,DISPATCH,UNIT_SCADA,1,"2022/10/20 15:40:00",FINLYSF1,44.998860
D,DISPATCH,UNIT_SCADA,1,"2022/10/20 15:40:00",FISHER,43.87
D,DISPATCH,UNIT_SCADA,1,"2022/10/20 15:40:00",GANGARR1,8.4390
D,DISPATCH,UNIT_SCADA,1,"2022/10/20 15:40:00",GANNBG1,0
D,DISPATCH,UNIT_SCADA,1,"2022/10/20 15:40:00",GANNBL1,5.085020
D,DISPATCH,UNIT_SCADA,1,"2022/10/20 15:40:00",GANNSF1,40.80
D,DISPATCH,UNIT_SCADA,1,"2022/10/20 15:40:00",GLRWNSF1,84.40
D,DISPATCH,UNIT_SCADA,1,"2022/10/20 15:40:00",GNNDHSF1,52.114670
D,DISPATCH,UNIT_SCADA,1,"2022/10/20 15:40:00",GOONSF1,54.7921
D,DISPATCH,UNIT_SCADA,1,"2022/10/20 15:40:00",GORDON,226.013150
D,DISPATCH,UNIT_SCADA,1,"2022/10/20 15:40:00",GRANWF1,0
D,DISPATCH,UNIT_SCADA,1,"2022/10/20 15:40:00",GSTONE1,199.6750
D,DISPATCH,UNIT_SCADA,1,"2022/10/20 15:40:00",GSTONE2,0
D,DISPATCH,UNIT_SCADA,1,"2022/10/20 15:40:00",GSTONE3,199.3250
D,DISPATCH,UNIT_SCADA,1,"2022/10/20 15:40:00",GSTONE4,0
D,DISPATCH,UNIT_SCADA,1,"2022/10/20 15:40:00",GSTONE5,185.149990
D,DISPATCH,UNIT_SCADA,1,"2022/10/20 15:40:00",GSTONE6,200.3750
D,DISPATCH,UNIT_SCADA,1,"2022/10/20 15:40:00",GULLRSF1,0.694990
D,DISPATCH,UNIT_SCADA,1,"2022/10/20 15:40:00",GULLRWF1,70.313930
D,DISPATCH,UNIT_SCADA,1,"2022/10/20 15:40:00",GULLRWF2,74.960620
D,DISPATCH,UNIT_SCADA,1,"2022/10/20 15:40:00",GUNNING1,0
D,DISPATCH,UNIT_SCADA,1,"2022/10/20 15:40:00",GUTHEGA,67.100010
D,DISPATCH,UNIT_SCADA,1,"2022/10/20 15:40:00",HALLWF1,0
D,DISPATCH,UNIT_SCADA,1,"2022/10/20 15:40:00",HALLWF2,0
D,DISPATCH,UNIT_SCADA,1,"2022/10/20 15:40:00",HAMISF1,18.60
D,DISPATCH,UNIT_SCADA,1,"2022/10/20 15:40:00",HAUGHT11,90.857480
D,DISPATCH,UNIT_SCADA,1,"2022/10/20 15:40:00",HAYMSF1,20.6070
D,DISPATCH,UNIT_SCADA,1,"2022/10/20 15:40:00",HDWF1,5.30
D,DISPATCH,UNIT_SCADA,1,"2022/10/20 15:40:00",HDWF2,5.40
D,DISPATCH,UNIT_SCADA,1,"2022/10/20 15:40:00",HDWF3,5.70
D,DISPATCH,UNIT_SCADA,1,"2022/10/20 15:40:00",HILLSTN1,18.289660
D,DISPATCH,UNIT_SCADA,1,"2022/10/20 15:40:00",HPRG1,0
D,DISPATCH,UNIT_SCADA,1,"2022/10/20 15:40:00",HPRL1,7.70
D,DISPATCH,UNIT_SCADA,1,"2022/10/20 15:40:00",HUMENSW,54.170680
D,DISPATCH,UNIT_SCADA,1,"2022/10/20 15:40:00",HUMEV,0
D,DISPATCH,UNIT_SCADA,1,"2022/10/20 15:40:00",HVWWBA1G,0
D,DISPATCH,UNIT_SCADA,1,"2022/10/20 15:40:00",HVWWBA1L,0.0070
D,DISPATCH,UNIT_SCADA,1,"2022/10/20 15:40:00",HVWWPV1,1.15
D,DISPATCH,UNIT_SCADA,1,"2022/10/20 15:40:00",JBUTTERS,0
D,DISPATCH,UNIT_SCADA,1,"2022/10/20 15:40:00",JEMALNG1,50.33
D,DISPATCH,UNIT_SCADA,1,"2022/10/20 15:40:00",JLA01,0
D,DISPATCH,UNIT_SCADA,1,"2022/10/20 15:40:00",JLA02,0
D,DISPATCH,UNIT_SCADA,1,"2022/10/20 15:40:00",JLA03,0
D,DISPATCH,UNIT_SCADA,1,"2022/10/20 15:40:00",JLA04,0
D,DISPATCH,UNIT_SCADA,1,"2022/10/20 15:40:00",JLB01,0
D,DISPATCH,UNIT_SCADA,1,"2022/10/20 15:40:00",JLB02,0.10
D,DISPATCH,UNIT_SCADA,1,"2022/10/20 15:40:00",JLB03,0
D,DISPATCH,UNIT_SCADA,1,"2022/10/20 15:40:00",JUNEESF1,3.590270
D,DISPATCH,UNIT_SCADA,1,"2022/10/20 15:40:00",KABANWF1,2.5730
D,DISPATCH,UNIT_SCADA,1,"2022/10/20 15:40:00",KAREEYA1,17.8625
D,DISPATCH,UNIT_SCADA,1,"2022/10/20 15:40:00",KAREEYA2,0
D,DISPATCH,UNIT_SCADA,1,"2022/10/20 15:40:00",KAREEYA3,21.2975
D,DISPATCH,UNIT_SCADA,1,"2022/10/20 15:40:00",KAREEYA4,0
D,DISPATCH,UNIT_SCADA,1,"2022/10/20 15:40:00",KARSF1,28.30
D,DISPATCH,UNIT_SCADA,1,"2022/10/20 15:40:00",KEPSF1,3.16
D,DISPATCH,UNIT_SCADA,1,"2022/10/20 15:40:00",KEPWF1,21.60
D,DISPATCH,UNIT_SCADA,1,"2022/10/20 15:40:00",KIAMSF1,5.436030
D,DISPATCH,UNIT_SCADA,1,"2022/10/20 15:40:00",KIATAWF1,5.60
D,DISPATCH,UNIT_SCADA,1,"2022/10/20 15:40:00",KPP_1,0
D,DISPATCH,UNIT_SCADA,1,"2022/10/20 15:40:00",KSP1,12.33
D,DISPATCH,UNIT_SCADA,1,"2022/10/20 15:40:00",LADBROK1,0.01
D,DISPATCH,UNIT_SCADA,1,"2022/10/20 15:40:00",LADBROK2,0.02
D,DISPATCH,UNIT_SCADA,1,"2022/10/20 15:40:00",LBBG1,0
D,DISPATCH,UNIT_SCADA,1,"2022/10/20 15:40:00",LBBL1,3.45
D,DISPATCH,UNIT_SCADA,1,"2022/10/20 15:40:00",LD01,274.098940
D,DISPATCH,UNIT_SCADA,1,"2022/10/20 15:40:00",LD02,29.132970
D,DISPATCH,UNIT_SCADA,1,"2022/10/20 15:40:00",LD04,275.490570
D,DISPATCH,UNIT_SCADA,1,"2022/10/20 15:40:00",LEM_WIL,86.581690
D,DISPATCH,UNIT_SCADA,1,"2022/10/20 15:40:00",LGAPWF1,53.02
D,DISPATCH,UNIT_SCADA,1,"2022/10/20 15:40:00",LGAPWF2,36.98
D,DISPATCH,UNIT_SCADA,1,"2022/10/20 15:40:00",LILYSF1,36.700160
D,DISPATCH,UNIT_SCADA,1,"2022/10/20 15:40:00",LIMOSF11,70.058590
D,DISPATCH,UNIT_SCADA,1,"2022/10/20 15:40:00",LIMOSF21,8.351960
D,DISPATCH,UNIT_SCADA,1,"2022/10/20 15:40:00",LI_WY_CA,62.033240
D,DISPATCH,UNIT_SCADA,1,"2022/10/20 15:40:00",LKBONNY1,0
D,DISPATCH,UNIT_SCADA,1,"2022/10/20 15:40:00",LKBONNY2,12.944090
D,DISPATCH,UNIT_SCADA,1,"2022/10/20 15:40:00",LKBONNY3,3.460970
D,DISPATCH,UNIT_SCADA,1,"2022/10/20 15:40:00",LK_ECHO,0
D,DISPATCH,UNIT_SCADA,1,"2022/10/20 15:40:00",LNGS1,0
D,DISPATCH,UNIT_SCADA,1,"2022/10/20 15:40:00",LNGS2,0
D,DISPATCH,UNIT_SCADA,1,"2022/10/20 15:40:00",LONSDALE,0
D,DISPATCH,UNIT_SCADA,1,"2022/10/20 15:40:00",LOYYB1,487.591130
D,DISPATCH,UNIT_SCADA,1,"2022/10/20 15:40:00",LOYYB2,488.343050
D,DISPATCH,UNIT_SCADA,1,"2022/10/20 15:40:00",LYA1,548
D,DISPATCH,UNIT_SCADA,1,"2022/10/20 15:40:00",LYA2,0
D,DISPATCH,UNIT_SCADA,1,"2022/10/20 15:40:00",LYA3,554
D,DISPATCH,UNIT_SCADA,1,"2022/10/20 15:40:00",LYA4,553
D,DISPATCH,UNIT_SCADA,1,"2022/10/20 15:40:00",MACARTH1,52.998780
D,DISPATCH,UNIT_SCADA,1,"2022/10/20 15:40:00",MACKNTSH,0
D,DISPATCH,UNIT_SCADA,1,"2022/10/20 15:40:00",MANSLR1,9.4260
D,DISPATCH,UNIT_SCADA,1,"2022/10/20 15:40:00",MAPS2PV1,0
D,DISPATCH,UNIT_SCADA,1,"2022/10/20 15:40:00",MAPS3PV1,0
D,DISPATCH,UNIT_SCADA,1,"2022/10/20 15:40:00",MARYRSF1,13.25
D,DISPATCH,UNIT_SCADA,1,"2022/10/20 15:40:00",MBPS2PV1,0
D,DISPATCH,UNIT_SCADA,1,"2022/10/20 15:40:00",MCKAY1,0.02
D,DISPATCH,UNIT_SCADA,1,"2022/10/20 15:40:00",MEADOWBK,5.744580
D,DISPATCH,UNIT_SCADA,1,"2022/10/20 15:40:00",MERCER01,26.10
D,DISPATCH,UNIT_SCADA,1,"2022/10/20 15:40:00",METZSF1,92.629090
D,DISPATCH,UNIT_SCADA,1,"2022/10/20 15:40:00",MEWF1,40.728570
D,DISPATCH,UNIT_SCADA,1,"2022/10/20 15:40:00",MIDDLSF1,25.62
D,DISPATCH,UNIT_SCADA,1,"2022/10/20 15:40:00",MINTARO,0.128180
D,DISPATCH,UNIT_SCADA,1,"2022/10/20 15:40:00",MOLNGSF1,9.347070
D,DISPATCH,UNIT_SCADA,1,"2022/10/20 15:40:00",MOORAWF1,40.72
D,DISPATCH,UNIT_SCADA,1,"2022/10/20 15:40:00",MOREESF1,6.44
D,DISPATCH,UNIT_SCADA,1,"2022/10/20 15:40:00",MORTLK11,0
D,DISPATCH,UNIT_SCADA,1,"2022/10/20 15:40:00",MORTLK12,0
D,DISPATCH,UNIT_SCADA,1,"2022/10/20 15:40:00",MOUSF1,0
D,DISPATCH,UNIT_SCADA,1,"2022/10/20 15:40:00",MP1,0
D,DISPATCH,UNIT_SCADA,1,"2022/10/20 15:40:00",MP2,533.321110
D,DISPATCH,UNIT_SCADA,1,"2022/10/20 15:40:00",MPP_1,179.037370
D,DISPATCH,UNIT_SCADA,1,"2022/10/20 15:40:00",MPP_2,179.632480
D,DISPATCH,UNIT_SCADA,1,"2022/10/20 15:40:00",MRTLSWF1,0
D,DISPATCH,UNIT_SCADA,1,"2022/10/20 15:40:00",MSTUART1,0
D,DISPATCH,UNIT_SCADA,1,"2022/10/20 15:40:00",MSTUART2,0
D,DISPATCH,UNIT_SCADA,1,"2022/10/20 15:40:00",MSTUART3,0
D,DISPATCH,UNIT_SCADA,1,"2022/10/20 15:40:00",MTGELWF1,47.364730
D,DISPATCH,UNIT_SCADA,1,"2022/10/20 15:40:00",MTMILLAR,11.50
D,DISPATCH,UNIT_SCADA,1,"2022/10/20 15:40:00",MURRAY,0
D,DISPATCH,UNIT_SCADA,1,"2022/10/20 15:40:00",MUSSELR1,3.30
D,DISPATCH,UNIT_SCADA,1,"2022/10/20 15:40:00",MUWAWF1,60.49
D,DISPATCH,UNIT_SCADA,1,"2022/10/20 15:40:00",MUWAWF2,40.40
D,DISPATCH,UNIT_SCADA,1,"2022/10/20 15:40:00",MWPS1PV1,4.57
D,DISPATCH,UNIT_SCADA,1,"2022/10/20 15:40:00",MWPS2PV1,1.94
D,DISPATCH,UNIT_SCADA,1,"2022/10/20 15:40:00",MWPS3PV1,0.85
D,DISPATCH,UNIT_SCADA,1,"2022/10/20 15:40:00",MWPS4PV1,0.73
D,DISPATCH,UNIT_SCADA,1,"2022/10/20 15:40:00",NBHWF1,0
D,DISPATCH,UNIT_SCADA,1,"2022/10/20 15:40:00",NEVERSF1,7.65
D,DISPATCH,UNIT_SCADA,1,"2022/10/20 15:40:00",NPS,0
D,DISPATCH,UNIT_SCADA,1,"2022/10/20 15:40:00",NUMURSF1,92.47
D,DISPATCH,UNIT_SCADA,1,"2022/10/20 15:40:00",NYNGAN1,1.75
D,DISPATCH,UNIT_SCADA,1,"2022/10/20 15:40:00",OAKEY1,0
D,DISPATCH,UNIT_SCADA,1,"2022/10/20 15:40:00",OAKEY1SF,3.9440
D,DISPATCH,UNIT_SCADA,1,"2022/10/20 15:40:00",OAKEY2,0
D,DISPATCH,UNIT_SCADA,1,"2022/10/20 15:40:00",OAKEY2SF,6.79
D,DISPATCH,UNIT_SCADA,1,"2022/10/20 15:40:00",OAKLAND1,15.50
D,DISPATCH,UNIT_SCADA,1,"2022/10/20 15:40:00",OSB-AG,35.78
D,DISPATCH,UNIT_SCADA,1,"2022/10/20 15:40:00",PAREPS1,0.7530
D,DISPATCH,UNIT_SCADA,1,"2022/10/20 15:40:00",PAREPW1,57.81
D,DISPATCH,UNIT_SCADA,1,"2022/10/20 15:40:00",PARSF1,40.502020
D,DISPATCH,UNIT_SCADA,1,"2022/10/20 15:40:00",POAT110,0
D,DISPATCH,UNIT_SCADA,1,"2022/10/20 15:40:00",POAT220,0
D,DISPATCH,UNIT_SCADA,1,"2022/10/20 15:40:00",POR01,0.008670
D,DISPATCH,UNIT_SCADA,1,"2022/10/20 15:40:00",POR03,0
D,DISPATCH,UNIT_SCADA,1,"2022/10/20 15:40:00",PPCCGT,160.801150
D,DISPATCH,UNIT_SCADA,1,"2022/10/20 15:40:00",PTSTAN1,0
D,DISPATCH,UNIT_SCADA,1,"2022/10/20 15:40:00",PUMP1,0
D,DISPATCH,UNIT_SCADA,1,"2022/10/20 15:40:00",PUMP2,0
D,DISPATCH,UNIT_SCADA,1,"2022/10/20 15:40:00",QBYNBG1,0
D,DISPATCH,UNIT_SCADA,1,"2022/10/20 15:40:00",QBYNBL1,1.480480
D,DISPATCH,UNIT_SCADA,1,"2022/10/20 15:40:00",QPS1,0
D,DISPATCH,UNIT_SCADA,1,"2022/10/20 15:40:00",QPS2,0
D,DISPATCH,UNIT_SCADA,1,"2022/10/20 15:40:00",QPS3,0
D,DISPATCH,UNIT_SCADA,1,"2022/10/20 15:40:00",QPS4,0
D,DISPATCH,UNIT_SCADA,1,"2022/10/20 15:40:00",QPS5,72.81
D,DISPATCH,UNIT_SCADA,1,"2022/10/20 15:40:00",REECE1,0
D,DISPATCH,UNIT_SCADA,1,"2022/10/20 15:40:00",REECE2,0
D,DISPATCH,UNIT_SCADA,1,"2022/10/20 15:40:00",ROMA_7,0
D,DISPATCH,UNIT_SCADA,1,"2022/10/20 15:40:00",ROMA_8,0
D,DISPATCH,UNIT_SCADA,1,"2022/10/20 15:40:00",RRSF1,16.218550
D,DISPATCH,UNIT_SCADA,1,"2022/10/20 15:40:00",RT_NSW1,0
D,DISPATCH,UNIT_SCADA,1,"2022/10/20 15:40:00",RT_NSW2,0
D,DISPATCH,UNIT_SCADA,1,"2022/10/20 15:40:00",RT_NSW3,0
D,DISPATCH,UNIT_SCADA,1,"2022/10/20 15:40:00",RT_NSW4,0
D,DISPATCH,UNIT_SCADA,1,"2022/10/20 15:40:00",RT_NSW5,0
D,DISPATCH,UNIT_SCADA,1,"2022/10/20 15:40:00",RT_NSW6,0
D,DISPATCH,UNIT_SCADA,1,"2022/10/20 15:40:00",RT_QLD1,0
D,DISPATCH,UNIT_SCADA,1,"2022/10/20 15:40:00",RT_SA1,0
D,DISPATCH,UNIT_SCADA,1,"2022/10/20 15:40:00",RT_SA2,0
D,DISPATCH,UNIT_SCADA,1,"2022/10/20 15:40:00",RT_SA3,0
D,DISPATCH,UNIT_SCADA,1,"2022/10/20 15:40:00",RT_SA4,0
D,DISPATCH,UNIT_SCADA,1,"2022/10/20 15:40:00",RT_SA5,0
D,DISPATCH,UNIT_SCADA,1,"2022/10/20 15:40:00",RT_SA6,0
D,DISPATCH,UNIT_SCADA,1,"2022/10/20 15:40:00",RT_TAS1,0
D,DISPATCH,UNIT_SCADA,1,"2022/10/20 15:40:00",RT_VIC1,0
D,DISPATCH,UNIT_SCADA,1,"2022/10/20 15:40:00",RT_VIC10,0
D,DISPATCH,UNIT_SCADA,1,"2022/10/20 15:40:00",RT_VIC11,0
D,DISPATCH,UNIT_SCADA,1,"2022/10/20 15:40:00",RT_VIC12,0
D,DISPATCH,UNIT_SCADA,1,"2022/10/20 15:40:00",RT_VIC2,0
D,DISPATCH,UNIT_SCADA,1,"2022/10/20 15:40:00",RT_VIC3,0
D,DISPATCH,UNIT_SCADA,1,"2022/10/20 15:40:00",RT_VIC4,0
D,DISPATCH,UNIT_SCADA,1,"2022/10/20 15:40:00",RT_VIC5,0
D,DISPATCH,UNIT_SCADA,1,"2022/10/20 15:40:00",RT_VIC6,0
D,DISPATCH,UNIT_SCADA,1,"2022/10/20 15:40:00",RT_VIC7,0
D,DISPATCH,UNIT_SCADA,1,"2022/10/20 15:40:00",RT_VIC8,0
D,DISPATCH,UNIT_SCADA,1,"2022/10/20 15:40:00",RT_VIC9,0
D,DISPATCH,UNIT_SCADA,1,"2022/10/20 15:40:00",RUGBYR1,0.000480
D,DISPATCH,UNIT_SCADA,1,"2022/10/20 15:40:00",SALTCRK1,22.40
D,DISPATCH,UNIT_SCADA,1,"2022/10/20 15:40:00",SAPHWF1,33.522540
D,DISPATCH,UNIT_SCADA,1,"2022/10/20 15:40:00",SEBSF1,15.015940
D,DISPATCH,UNIT_SCADA,1,"2022/10/20 15:40:00",SHGEN,0
D,DISPATCH,UNIT_SCADA,1,"2022/10/20 15:40:00",SHPUMP,0
D,DISPATCH,UNIT_SCADA,1,"2022/10/20 15:40:00",SITHE01,0.123710
D,DISPATCH,UNIT_SCADA,1,"2022/10/20 15:40:00",SMCSF1,2.3590
D,DISPATCH,UNIT_SCADA,1,"2022/10/20 15:40:00",SNAPPER1,0
D,DISPATCH,UNIT_SCADA,1,"2022/10/20 15:40:00",SNOWNTH1,15.90
D,DISPATCH,UNIT_SCADA,1,"2022/10/20 15:40:00",SNOWSTH1,10.50
D,DISPATCH,UNIT_SCADA,1,"2022/10/20 15:40:00",SNOWTWN1,5.454940
D,DISPATCH,UNIT_SCADA,1,"2022/10/20 15:40:00",SNOWYP,0
D,DISPATCH,UNIT_SCADA,1,"2022/10/20 15:40:00",SNUG1,0
D,DISPATCH,UNIT_SCADA,1,"2022/10/20 15:40:00",SRSF1,4.42
D,DISPATCH,UNIT_SCADA,1,"2022/10/20 15:40:00",STAN-1,325.0466
D,DISPATCH,UNIT_SCADA,1,"2022/10/20 15:40:00",STAN-2,346.477970
D,DISPATCH,UNIT_SCADA,1,"2022/10/20 15:40:00",STAN-3,142.764660
D,DISPATCH,UNIT_SCADA,1,"2022/10/20 15:40:00",STAN-4,348.977420
D,DISPATCH,UNIT_SCADA,1,"2022/10/20 15:40:00",STARHLWF,13.596040
D,DISPATCH,UNIT_SCADA,1,"2022/10/20 15:40:00",STOCKYD1,198.960010
D,DISPATCH,UNIT_SCADA,1,"2022/10/20 15:40:00",STWF1,0
D,DISPATCH,UNIT_SCADA,1,"2022/10/20 15:40:00",SUNRSF1,47.704280
D,DISPATCH,UNIT_SCADA,1,"2022/10/20 15:40:00",SUNTPSF1,30.031590
D,DISPATCH,UNIT_SCADA,1,"2022/10/20 15:40:00",SWAN_E,190.819990
D,DISPATCH,UNIT_SCADA,1,"2022/10/20 15:40:00",TALWA1,0
D,DISPATCH,UNIT_SCADA,1,"2022/10/20 15:40:00",TARALGA1,0
D,DISPATCH,UNIT_SCADA,1,"2022/10/20 15:40:00",TARONG#1,343.700010
D,DISPATCH,UNIT_SCADA,1,"2022/10/20 15:40:00",TARONG#2,343.700010
D,DISPATCH,UNIT_SCADA,1,"2022/10/20 15:40:00",TARONG#3,0.90
D,DISPATCH,UNIT_SCADA,1,"2022/10/20 15:40:00",TARONG#4,283.300020
D,DISPATCH,UNIT_SCADA,1,"2022/10/20 15:40:00",TARRALEA,54
D,DISPATCH,UNIT_SCADA,1,"2022/10/20 15:40:00",TBSF1,0.10
D,DISPATCH,UNIT_SCADA,1,"2022/10/20 15:40:00",TNPS1,329.6875
D,DISPATCH,UNIT_SCADA,1,"2022/10/20 15:40:00",TORRB1,0
D,DISPATCH,UNIT_SCADA,1,"2022/10/20 15:40:00",TORRB2,54
D,DISPATCH,UNIT_SCADA,1,"2022/10/20 15:40:00",TORRB3,0
D,DISPATCH,UNIT_SCADA,1,"2022/10/20 15:40:00",TORRB4,0
D,DISPATCH,UNIT_SCADA,1,"2022/10/20 15:40:00",TREVALLN,100.436290
D,DISPATCH,UNIT_SCADA,1,"2022/10/20 15:40:00",TRIBUTE,0
D,DISPATCH,UNIT_SCADA,1,"2022/10/20 15:40:00",TUMUT3,125.329990
D,DISPATCH,UNIT_SCADA,1,"2022/10/20 15:40:00",TUNGATIN,4.170020
D,DISPATCH,UNIT_SCADA,1,"2022/10/20 15:40:00",TVCC201,0
D,DISPATCH,UNIT_SCADA,1,"2022/10/20 15:40:00",TVPP104,0
D,DISPATCH,UNIT_SCADA,1,"2022/10/20 15:40:00",UPPTUMUT,0
D,DISPATCH,UNIT_SCADA,1,"2022/10/20 15:40:00",URANQ11,0
D,DISPATCH,UNIT_SCADA,1,"2022/10/20 15:40:00",URANQ12,0
D,DISPATCH,UNIT_SCADA,1,"2022/10/20 15:40:00",URANQ13,0
D,DISPATCH,UNIT_SCADA,1,"2022/10/20 15:40:00",URANQ14,0
D,DISPATCH,UNIT_SCADA,1,"2022/10/20 15:40:00",VBBG1,0
D,DISPATCH,UNIT_SCADA,1,"2022/10/20 15:40:00",VBBL1,30
D,DISPATCH,UNIT_SCADA,1,"2022/10/20 15:40:00",VP5,550.0412
D,DISPATCH,UNIT_SCADA,1,"2022/10/20 15:40:00",VP6,553.849910
D,DISPATCH,UNIT_SCADA,1,"2022/10/20 15:40:00",VPGS1,0
D,DISPATCH,UNIT_SCADA,1,"2022/10/20 15:40:00",VPGS2,0
D,DISPATCH,UNIT_SCADA,1,"2022/10/20 15:40:00",VPGS3,0
D,DISPATCH,UNIT_SCADA,1,"2022/10/20 15:40:00",VPGS4,0
D,DISPATCH,UNIT_SCADA,1,"2022/10/20 15:40:00",VPGS5,0
D,DISPATCH,UNIT_SCADA,1,"2022/10/20 15:40:00",VPGS6,0
D,DISPATCH,UNIT_SCADA,1,"2022/10/20 15:40:00",W/HOE#1,0
D,DISPATCH,UNIT_SCADA,1,"2022/10/20 15:40:00",W/HOE#2,0
D,DISPATCH,UNIT_SCADA,1,"2022/10/20 15:40:00",WAGGNSF1,0
D,DISPATCH,UNIT_SCADA,1,"2022/10/20 15:40:00",WALGRVG1,0
D,DISPATCH,UNIT_SCADA,1,"2022/10/20 15:40:00",WALGRVL1,15.072450
D,DISPATCH,UNIT_SCADA,1,"2022/10/20 15:40:00",WANDBG1,0
D,DISPATCH,UNIT_SCADA,1,"2022/10/20 15:40:00",WANDBL1,0.579780
D,DISPATCH,UNIT_SCADA,1,"2022/10/20 15:40:00",WARWSF1,5.55
D,DISPATCH,UNIT_SCADA,1,"2022/10/20 15:40:00",WARWSF2,4.58
D,DISPATCH,UNIT_SCADA,1,"2022/10/20 15:40:00",WATERLWF,2
D,DISPATCH,UNIT_SCADA,1,"2022/10/20 15:40:00",WDGPH1,19.8890
D,DISPATCH,UNIT_SCADA,1,"2022/10/20 15:40:00",WELLSF1,30.301360
D,DISPATCH,UNIT_SCADA,1,"2022/10/20 15:40:00",WEMENSF1,40.40
D,DISPATCH,UNIT_SCADA,1,"2022/10/20 15:40:00",WGWF1,2.50
D,DISPATCH,UNIT_SCADA,1,"2022/10/20 15:40:00",WHITSF1,18
D,DISPATCH,UNIT_SCADA,1,"2022/10/20 15:40:00",WINTSF1,78.41
D,DISPATCH,UNIT_SCADA,1,"2022/10/20 15:40:00",WKIEWA1,31.60
D,DISPATCH,UNIT_SCADA,1,"2022/10/20 15:40:00",WKIEWA2,13.90
D,DISPATCH,UNIT_SCADA,1,"2022/10/20 15:40:00",WOODLWN1,30.643530
D,DISPATCH,UNIT_SCADA,1,"2022/10/20 15:40:00",WOOLGSF1,5.388540
D,DISPATCH,UNIT_SCADA,1,"2022/10/20 15:40:00",WPWF,45.58
D,DISPATCH,UNIT_SCADA,1,"2022/10/20 15:40:00",WRSF1,4.909820
D,DISPATCH,UNIT_SCADA,1,"2022/10/20 15:40:00",WRWF1,17.760890
D,DISPATCH,UNIT_SCADA,1,"2022/10/20 15:40:00",WSTWYSF1,1.8999
D,DISPATCH,UNIT_SCADA,1,"2022/10/20 15:40:00",YABULU,0
D,DISPATCH,UNIT_SCADA,1,"2022/10/20 15:40:00",YABULU2,0
D,DISPATCH,UNIT_SCADA,1,"2022/10/20 15:40:00",YARANSF1,46.87
D,DISPATCH,UNIT_SCADA,1,"2022/10/20 15:40:00",YARWUN_1,160.759990
D,DISPATCH,UNIT_SCADA,1,"2022/10/20 15:40:00",YATSF1,41.03
D,DISPATCH,UNIT_SCADA,1,"2022/10/20 15:40:00",YENDWF1,25.13
D,DISPATCH,UNIT_SCADA,1,"2022/10/20 15:40:00",YWPS1,360.650630
D,DISPATCH,UNIT_SCADA,1,"2022/10/20 15:40:00",YWPS2,288.217710
D,DISPATCH,UNIT_SCADA,1,"2022/10/20 15:40:00",YWPS3,355.436710
D,DISPATCH,UNIT_SCADA,1,"2022/10/20 15:40:00",YWPS4,0
C,"END OF REPORT",419
