C,NEMP.WORLD,DISPATCHSCADA,AEMO,PUBLIC,2022/10/20,19:15:09,0000000373275681,DISPATCHSCADA,0000000373275675
I,DISPATCH,UNIT_SCADA,1,SETTLEMENTDATE,DUID,SCADAVALUE
D,DISPATCH,UNIT_SCADA,1,"2022/10/20 19:20:00",BARCSF1,0.10
D,DISPATCH,UNIT_SCADA,1,"2022/10/20 19:20:00",BUTLERSG,8.699999
D,DISPATCH,UNIT_SCADA,1,"2022/10/20 19:20:00",CAPTL_WF,83.751282
D,DISPATCH,UNIT_SCADA,1,"2022/10/20 19:20:00",CHALLHWF,6.60
D,DISPATCH,UNIT_SCADA,1,"2022/10/20 19:20:00",CLOVER,13.11
D,DISPATCH,UNIT_SCADA,1,"2022/10/20 19:20:00",CLUNY,6.381781
D,DISPATCH,UNIT_SCADA,1,"2022/10/20 19:20:00",CULLRGWF,-0.04
D,DISPATCH,UNIT_SCADA,1,"2022/10/20 19:20:00",DIAPURWF1,1.80
D,DISPATCH,UNIT_SCADA,1,"2022/10/20 19:20:00",ERGT01,0
D,DISPATCH,UNIT_SCADA,1,"2022/10/20 19:20:00",GB01,0
D,DISPATCH,UNIT_SCADA,1,"2022/10/20 19:20:00",GERMCRK,20.299999
D,DISPATCH,UNIT_SCADA,1,"2022/10/20 19:20:00",GRIFSF1,0.001526
D,DISPATCH,UNIT_SCADA,1,"2022/10/20 19:20:00",HEZ1,0
D,DISPATCH,UNIT_SCADA,1,"2022/10/20 19:20:00",HUGSF1,-0.0420
D,DISPATCH,UNIT_SCADA,1,"2022/10/20 19:20:00",KEPBG1,0
D,DISPATCH,UNIT_SCADA,1,"2022/10/20 19:20:00",LRSF1,0.0110
D,DISPATCH,UNIT_SCADA,1,"2022/10/20 19:20:00",MBAHNTH,43.987503
D,DISPATCH,UNIT_SCADA,1,"2022/10/20 19:20:00",MLSP1,0
D,DISPATCH,UNIT_SCADA,1,"2022/10/20 19:20:00",MLWF1,3.90
D,DISPATCH,UNIT_SCADA,1,"2022/10/20 19:20:00",PALOONA,30.76
D,DISPATCH,UNIT_SCADA,1,"2022/10/20 19:20:00",PIONEER,26
D,DISPATCH,UNIT_SCADA,1,"2022/10/20 19:20:00",PORTWF,47.200001
D,DISPATCH,UNIT_SCADA,1,"2022/10/20 19:20:00",REPULSE,9.772488
D,DISPATCH,UNIT_SCADA,1,"2022/10/20 19:20:00",ROWALLAN,8.9176
D,DISPATCH,UNIT_SCADA,1,"2022/10/20 19:20:00",ROYALLA1,0
D,DISPATCH,UNIT_SCADA,1,"2022/10/20 19:20:00",RPCG,-0.50
D,DISPATCH,UNIT_SCADA,1,"2022/10/20 19:20:00",RUBICON,0
D,DISPATCH,UNIT_SCADA,1,"2022/10/20 19:20:00",WAUBRAWF,85.817001
D,DISPATCH,UNIT_SCADA,1,"2022/10/20 19:20:00",WOOLNTH1,99.209999
D,DISPATCH,UNIT_SCADA,1,"2022/10/20 19:20:00",YAMBUKWF,4.80
D,DISPATCH,UNIT_SCADA,1,"2022/10/20 19:20:00",YSWF1,1.10
D,DISPATCH,UNIT_SCADA,1,"2022/10/20 19:20:00",ADPBA1G,0.0080
D,DISPATCH,UNIT_SCADA,1,"2022/10/20 19:20:00",ADPBA1L,0
D,DISPATCH,UNIT_SCADA,1,"2022/10/20 19:20:00",ADPPV1,0
D,DISPATCH,UNIT_SCADA,1,"2022/10/20 19:20:00",AGLHAL,30.90
D,DISPATCH,UNIT_SCADA,1,"2022/10/20 19:20:00",AGLSOM,0
D,DISPATCH,UNIT_SCADA,1,"2022/10/20 19:20:00",ANGAST1,0
D,DISPATCH,UNIT_SCADA,1,"2022/10/20 19:20:00",ARWF1,47.40
D,DISPATCH,UNIT_SCADA,1,"2022/10/20 19:20:00",BALBG1,0
D,DISPATCH,UNIT_SCADA,1,"2022/10/20 19:20:00",BALBL1,0
D,DISPATCH,UNIT_SCADA,1,"2022/10/20 19:20:00",BALDHWF1,104.9090
D,DISPATCH,UNIT_SCADA,1,"2022/10/20 19:20:00",BANGOWF1,92.498970
D,DISPATCH,UNIT_SCADA,1,"2022/10/20 19:20:00",BANGOWF2,67.897540
D,DISPATCH,UNIT_SCADA,1,"2022/10/20 19:20:00",BANN1,0
D,DISPATCH,UNIT_SCADA,1,"2022/10/20 19:20:00",BARCALDN,0
D,DISPATCH,UNIT_SCADA,1,"2022/10/20 19:20:00",BARKIPS1,90.259990
D,DISPATCH,UNIT_SCADA,1,"2022/10/20 19:20:00",BARRON-1,27.84
D,DISPATCH,UNIT_SCADA,1,"2022/10/20 19:20:00",BARRON-2,28.12
D,DISPATCH,UNIT_SCADA,1,"2022/10/20 19:20:00",BASTYAN,69.76
D,DISPATCH,UNIT_SCADA,1,"2022/10/20 19:20:00",BBTHREE1,0
D,DISPATCH,UNIT_SCADA,1,"2022/10/20 19:20:00",BBTHREE2,0
D,DISPATCH,UNIT_SCADA,1,"2022/10/20 19:20:00",BBTHREE3,-1.08
D,DISPATCH,UNIT_SCADA,1,"2022/10/20 19:20:00",BDL01,0
D,DISPATCH,UNIT_SCADA,1,"2022/10/20 19:20:00",BDL02,0
D,DISPATCH,UNIT_SCADA,1,"2022/10/20 19:20:00",BERYLSF1,0
D,DISPATCH,UNIT_SCADA,1,"2022/10/20 19:20:00",BLOWERNG,62.60
D,DISPATCH,UNIT_SCADA,1,"2022/10/20 19:20:00",BLUEGSF1,0
D,DISPATCH,UNIT_SCADA,1,"2022/10/20 19:20:00",BLUFF1,2.20
D,DISPATCH,UNIT_SCADA,1,"2022/10/20 19:20:00",BNGSF1,0
D,DISPATCH,UNIT_SCADA,1,"2022/10/20 19:20:00",BNGSF2,0
D,DISPATCH,UNIT_SCADA,1,"2022/10/20 19:20:00",BOCORWF1,31.43
D,DISPATCH,UNIT_SCADA,1,"2022/10/20 19:20:00",BODWF1,104.571620
D,DISPATCH,UNIT_SCADA,1,"2022/10/20 19:20:00",BOMENSF1,0
D,DISPATCH,UNIT_SCADA,1,"2022/10/20 19:20:00",BOWWBA1G,0.0010
D,DISPATCH,UNIT_SCADA,1,"2022/10/20 19:20:00",BOWWBA1L,0
D,DISPATCH,UNIT_SCADA,1,"2022/10/20 19:20:00",BOWWPV1,0
D,DISPATCH,UNIT_SCADA,1,"2022/10/20 19:20:00",BRAEMAR1,0
D,DISPATCH,UNIT_SCADA,1,"2022/10/20 19:20:00",BRAEMAR2,0
D,DISPATCH,UNIT_SCADA,1,"2022/10/20 19:20:00",BRAEMAR3,0
D,DISPATCH,UNIT_SCADA,1,"2022/10/20 19:20:00",BRAEMAR5,146.120150
D,DISPATCH,UNIT_SCADA,1,"2022/10/20 19:20:00",BRAEMAR6,0
D,DISPATCH,UNIT_SCADA,1,"2022/10/20 19:20:00",BRAEMAR7,141.739260
D,DISPATCH,UNIT_SCADA,1,"2022/10/20 19:20:00",BROKENH1,0
D,DISPATCH,UNIT_SCADA,1,"2022/10/20 19:20:00",BRYB1WF1,103.831540
D,DISPATCH,UNIT_SCADA,1,"2022/10/20 19:20:00",BULBESG1,0
D,DISPATCH,UNIT_SCADA,1,"2022/10/20 19:20:00",BULBESL1,0.03
D,DISPATCH,UNIT_SCADA,1,"2022/10/20 19:20:00",BULGANA1,52.50
D,DISPATCH,UNIT_SCADA,1,"2022/10/20 19:20:00",BW01,660.373840
D,DISPATCH,UNIT_SCADA,1,"2022/10/20 19:20:00",BW02,641.306150
D,DISPATCH,UNIT_SCADA,1,"2022/10/20 19:20:00",BW03,618.381040
D,DISPATCH,UNIT_SCADA,1,"2022/10/20 19:20:00",BW04,0
D,DISPATCH,UNIT_SCADA,1,"2022/10/20 19:20:00",CALL_B_1,321.399990
D,DISPATCH,UNIT_SCADA,1,"2022/10/20 19:20:00",CALL_B_2,321.200010
D,DISPATCH,UNIT_SCADA,1,"2022/10/20 19:20:00",CATHROCK,3
D,DISPATCH,UNIT_SCADA,1,"2022/10/20 19:20:00",CBWWBA1G,0
D,DISPATCH,UNIT_SCADA,1,"2022/10/20 19:20:00",CBWWBA1L,0
D,DISPATCH,UNIT_SCADA,1,"2022/10/20 19:20:00",CETHANA,97.346250
D,DISPATCH,UNIT_SCADA,1,"2022/10/20 19:20:00",CG1,0
D,DISPATCH,UNIT_SCADA,1,"2022/10/20 19:20:00",CG2,0
D,DISPATCH,UNIT_SCADA,1,"2022/10/20 19:20:00",CG3,0
D,DISPATCH,UNIT_SCADA,1,"2022/10/20 19:20:00",CG4,0
D,DISPATCH,UNIT_SCADA,1,"2022/10/20 19:20:00",CHILDSF1,0
D,DISPATCH,UNIT_SCADA,1,"2022/10/20 19:20:00",CHYTWF1,7.68
D,DISPATCH,UNIT_SCADA,1,"2022/10/20 19:20:00",CLARESF1,0
D,DISPATCH,UNIT_SCADA,1,"2022/10/20 19:20:00",CLEMGPWF,4.250060
D,DISPATCH,UNIT_SCADA,1,"2022/10/20 19:20:00",CLERMSF1,0
D,DISPATCH,UNIT_SCADA,1,"2022/10/20 19:20:00",CNUNDAWF,14.9174
D,DISPATCH,UNIT_SCADA,1,"2022/10/20 19:20:00",COHUNSF1,0
D,DISPATCH,UNIT_SCADA,1,"2022/10/20 19:20:00",COLEASF1,0
D,DISPATCH,UNIT_SCADA,1,"2022/10/20 19:20:00",COLUMSF1,0
D,DISPATCH,UNIT_SCADA,1,"2022/10/20 19:20:00",COLWF01,124.774540
D,DISPATCH,UNIT_SCADA,1,"2022/10/20 19:20:00",COOPGWF1,373.760010
D,DISPATCH,UNIT_SCADA,1,"2022/10/20 19:20:00",CPP_3,371.800020
D,DISPATCH,UNIT_SCADA,1,"2022/10/20 19:20:00",CPP_4,0
D,DISPATCH,UNIT_SCADA,1,"2022/10/20 19:20:00",CPSA,0
D,DISPATCH,UNIT_SCADA,1,"2022/10/20 19:20:00",CROOKWF2,40.935080
D,DISPATCH,UNIT_SCADA,1,"2022/10/20 19:20:00",CROWLWF1,34.338820
D,DISPATCH,UNIT_SCADA,1,"2022/10/20 19:20:00",CRURWF1,81.596930
D,DISPATCH,UNIT_SCADA,1,"2022/10/20 19:20:00",CRWASF1,0
D,DISPATCH,UNIT_SCADA,1,"2022/10/20 19:20:00",CSPVPS1,0
D,DISPATCH,UNIT_SCADA,1,"2022/10/20 19:20:00",CTHLWF1,0.003050
D,DISPATCH,UNIT_SCADA,1,"2022/10/20 19:20:00",DALNTH01,0
D,DISPATCH,UNIT_SCADA,1,"2022/10/20 19:20:00",DALNTHL1,0.2121
D,DISPATCH,UNIT_SCADA,1,"2022/10/20 19:20:00",DARLSF1,0
D,DISPATCH,UNIT_SCADA,1,"2022/10/20 19:20:00",DARTM1,0
D,DISPATCH,UNIT_SCADA,1,"2022/10/20 19:20:00",DAYDSF1,0
D,DISPATCH,UNIT_SCADA,1,"2022/10/20 19:20:00",DDPS1,0
D,DISPATCH,UNIT_SCADA,1,"2022/10/20 19:20:00",DDSF1,0
D,DISPATCH,UNIT_SCADA,1,"2022/10/20 19:20:00",DEVILS_G,60.324110
D,DISPATCH,UNIT_SCADA,1,"2022/10/20 19:20:00",DG_NSW1,0
D,DISPATCH,UNIT_SCADA,1,"2022/10/20 19:20:00",DG_QLD1,0
D,DISPATCH,UNIT_SCADA,1,"2022/10/20 19:20:00",DG_SA1,0
D,DISPATCH,UNIT_SCADA,1,"2022/10/20 19:20:00",DG_TAS1,0
D,DISPATCH,UNIT_SCADA,1,"2022/10/20 19:20:00",DG_VIC1,0
D,DISPATCH,UNIT_SCADA,1,"2022/10/20 19:20:00",DRYCGT1,0
D,DISPATCH,UNIT_SCADA,1,"2022/10/20 19:20:00",DRYCGT2,0
D,DISPATCH,UNIT_SCADA,1,"2022/10/20 19:20:00",DRYCGT3,0
D,DISPATCH,UNIT_SCADA,1,"2022/10/20 19:20:00",DUNDWF1,78.16
D,DISPATCH,UNIT_SCADA,1,"2022/10/20 19:20:00",DUNDWF2,23.88
D,DISPATCH,UNIT_SCADA,1,"2022/10/20 19:20:00",DUNDWF3,81.90
D,DISPATCH,UNIT_SCADA,1,"2022/10/20 19:20:00",EILDON1,59.80
D,DISPATCH,UNIT_SCADA,1,"2022/10/20 19:20:00",EILDON2,59.96
D,DISPATCH,UNIT_SCADA,1,"2022/10/20 19:20:00",ELAINWF1,8.85
D,DISPATCH,UNIT_SCADA,1,"2022/10/20 19:20:00",EMERASF1,0
D,DISPATCH,UNIT_SCADA,1,"2022/10/20 19:20:00",ER01,0
D,DISPATCH,UNIT_SCADA,1,"2022/10/20 19:20:00",ER02,639.182130
D,DISPATCH,UNIT_SCADA,1,"2022/10/20 19:20:00",ER03,639.108890
D,DISPATCH,UNIT_SCADA,1,"2022/10/20 19:20:00",ER04,698.3139
D,DISPATCH,UNIT_SCADA,1,"2022/10/20 19:20:00",FINLYSF1,0
D,DISPATCH,UNIT_SCADA,1,"2022/10/20 19:20:00",FISHER,43.79
D,DISPATCH,UNIT_SCADA,1,"2022/10/20 19:20:00",GANGARR1,0
D,DISPATCH,UNIT_SCADA,1,"2022/10/20 19:20:00",GANNBG1,20.095910
D,DISPATCH,UNIT_SCADA,1,"2022/10/20 19:20:00",GANNBL1,0
D,DISPATCH,UNIT_SCADA,1,"2022/10/20 19:20:00",GANNSF1,0
D,DISPATCH,UNIT_SCADA,1,"2022/10/20 19:20:00",GLRWNSF1,0
D,DISPATCH,UNIT_SCADA,1,"2022/10/20 19:20:00",GNNDHSF1,0
D,DISPATCH,UNIT_SCADA,1,"2022/10/20 19:20:00",GOONSF1,0
D,DISPATCH,UNIT_SCADA,1,"2022/10/20 19:20:00",GORDON,272.6853
D,DISPATCH,UNIT_SCADA,1,"2022/10/20 19:20:00",GRANWF1,0
D,DISPATCH,UNIT_SCADA,1,"2022/10/20 19:20:00",GSTONE1,211.75
D,DISPATCH,UNIT_SCADA,1,"2022/10/20 19:20:00",GSTONE2,0
D,DISPATCH,UNIT_SCADA,1,"2022/10/20 19:20:00",GSTONE3,200.20
D,DISPATCH,UNIT_SCADA,1,"2022/10/20 19:20:00",GSTONE4,0
D,DISPATCH,UNIT_SCADA,1,"2022/10/20 19:20:00",GSTONE5,211.9250
D,DISPATCH,UNIT_SCADA,1,"2022/10/20 19:20:00",GSTONE6,211.399990
D,DISPATCH,UNIT_SCADA,1,"2022/10/20 19:20:00",GULLRSF1,0
D,DISPATCH,UNIT_SCADA,1,"2022/10/20 19:20:00",GULLRWF1,78.9738
D,DISPATCH,UNIT_SCADA,1,"2022/10/20 19:20:00",GULLRWF2,67.368710
D,DISPATCH,UNIT_SCADA,1,"2022/10/20 19:20:00",GUNNING1,0
D,DISPATCH,UNIT_SCADA,1,"2022/10/20 19:20:00",GUTHEGA,68.100010
D,DISPATCH,UNIT_SCADA,1,"2022/10/20 19:20:00",HALLWF1,3.27
D,DISPATCH,UNIT_SCADA,1,"2022/10/20 19:20:00",HALLWF2,1.35
D,DISPATCH,UNIT_SCADA,1,"2022/10/20 19:20:00",HAMISF1,0
D,DISPATCH,UNIT_SCADA,1,"2022/10/20 19:20:00",HAUGHT11,0
D,DISPATCH,UNIT_SCADA,1,"2022/10/20 19:20:00",HAYMSF1,0
D,DISPATCH,UNIT_SCADA,1,"2022/10/20 19:20:00",HDWF1,14.50
D,DISPATCH,UNIT_SCADA,1,"2022/10/20 19:20:00",HDWF2,10.10
D,DISPATCH,UNIT_SCADA,1,"2022/10/20 19:20:00",HDWF3,16.10
D,DISPATCH,UNIT_SCADA,1,"2022/10/20 19:20:00",HILLSTN1,0
D,DISPATCH,UNIT_SCADA,1,"2022/10/20 19:20:00",HPRG1,2.70
D,DISPATCH,UNIT_SCADA,1,"2022/10/20 19:20:00",HPRL1,0
D,DISPATCH,UNIT_SCADA,1,"2022/10/20 19:20:00",HUMENSW,54.6075
D,DISPATCH,UNIT_SCADA,1,"2022/10/20 19:20:00",HUMEV,0
D,DISPATCH,UNIT_SCADA,1,"2022/10/20 19:20:00",HVWWBA1G,0
D,DISPATCH,UNIT_SCADA,1,"2022/10/20 19:20:00",HVWWBA1L,0.0050
D,DISPATCH,UNIT_SCADA,1,"2022/10/20 19:20:00",HVWWPV1,0
D,DISPATCH,UNIT_SCADA,1,"2022/10/20 19:20:00",JBUTTERS,10.174110
D,DISPATCH,UNIT_SCADA,1,"2022/10/20 19:20:00",JEMALNG1,0
D,DISPATCH,UNIT_SCADA,1,"2022/10/20 19:20:00",JLA01,0
D,DISPATCH,UNIT_SCADA,1,"2022/10/20 19:20:00",JLA02,0
D,DISPATCH,UNIT_SCADA,1,"2022/10/20 19:20:00",JLA03,0
D,DISPATCH,UNIT_SCADA,1,"2022/10/20 19:20:00",JLA04,0
D,DISPATCH,UNIT_SCADA,1,"2022/10/20 19:20:00",JLB01,0
D,DISPATCH,UNIT_SCADA,1,"2022/10/20 19:20:00",JLB02,0.10
D,DISPATCH,UNIT_SCADA,1,"2022/10/20 19:20:00",JLB03,0
D,DISPATCH,UNIT_SCADA,1,"2022/10/20 19:20:00",JUNEESF1,0
D,DISPATCH,UNIT_SCADA,1,"2022/10/20 19:20:00",KABANWF1,0
D,DISPATCH,UNIT_SCADA,1,"2022/10/20 19:20:00",KAREEYA1,0
D,DISPATCH,UNIT_SCADA,1,"2022/10/20 19:20:00",KAREEYA2,0
D,DISPATCH,UNIT_SCADA,1,"2022/10/20 19:20:00",KAREEYA3,4.9325
D,DISPATCH,UNIT_SCADA,1,"2022/10/20 19:20:00",KAREEYA4,0
D,DISPATCH,UNIT_SCADA,1,"2022/10/20 19:20:00",KARSF1,0
D,DISPATCH,UNIT_SCADA,1,"2022/10/20 19:20:00",KEPSF1,0
D,DISPATCH,UNIT_SCADA,1,"2022/10/20 19:20:00",KEPWF1,9.41
D,DISPATCH,UNIT_SCADA,1,"2022/10/20 19:20:00",KIAMSF1,0
D,DISPATCH,UNIT_SCADA,1,"2022/10/20 19:20:00",KIATAWF1,1.60
D,DISPATCH,UNIT_SCADA,1,"2022/10/20 19:20:00",KPP_1,0
D,DISPATCH,UNIT_SCADA,1,"2022/10/20 19:20:00",KSP1,0
D,DISPATCH,UNIT_SCADA,1,"2022/10/20 19:20:00",LADBROK1,0.01
D,DISPATCH,UNIT_SCADA,1,"2022/10/20 19:20:00",LADBROK2,0.01
D,DISPATCH,UNIT_SCADA,1,"2022/10/20 19:20:00",LBBG1,4.65
D,DISPATCH,UNIT_SCADA,1,"2022/10/20 19:20:00",LBBL1,0
D,DISPATCH,UNIT_SCADA,1,"2022/10/20 19:20:00",LD01,379.808960
D,DISPATCH,UNIT_SCADA,1,"2022/10/20 19:20:00",LD02,40.650650
D,DISPATCH,UNIT_SCADA,1,"2022/10/20 19:20:00",LD04,315.921510
D,DISPATCH,UNIT_SCADA,1,"2022/10/20 19:20:00",LEM_WIL,86.945630
D,DISPATCH,UNIT_SCADA,1,"2022/10/20 19:20:00",LGAPWF1,95.009990
D,DISPATCH,UNIT_SCADA,1,"2022/10/20 19:20:00",LGAPWF2,59.19
D,DISPATCH,UNIT_SCADA,1,"2022/10/20 19:20:00",LILYSF1,0
D,DISPATCH,UNIT_SCADA,1,"2022/10/20 19:20:00",LIMOSF11,0
D,DISPATCH,UNIT_SCADA,1,"2022/10/20 19:20:00",LIMOSF21,0
D,DISPATCH,UNIT_SCADA,1,"2022/10/20 19:20:00",LI_WY_CA,63.076350
D,DISPATCH,UNIT_SCADA,1,"2022/10/20 19:20:00",LKBONNY1,14.378820
D,DISPATCH,UNIT_SCADA,1,"2022/10/20 19:20:00",LKBONNY2,60.378130
D,DISPATCH,UNIT_SCADA,1,"2022/10/20 19:20:00",LKBONNY3,15.853470
D,DISPATCH,UNIT_SCADA,1,"2022/10/20 19:20:00",LK_ECHO,0
D,DISPATCH,UNIT_SCADA,1,"2022/10/20 19:20:00",LNGS1,0
D,DISPATCH,UNIT_SCADA,1,"2022/10/20 19:20:00",LNGS2,0
D,DISPATCH,UNIT_SCADA,1,"2022/10/20 19:20:00",LONSDALE,0
D,DISPATCH,UNIT_SCADA,1,"2022/10/20 19:20:00",LOYYB1,581.202510
D,DISPATCH,UNIT_SCADA,1,"2022/10/20 19:20:00",LOYYB2,576.315190
D,DISPATCH,UNIT_SCADA,1,"2022/10/20 19:20:00",LYA1,562
D,DISPATCH,UNIT_SCADA,1,"2022/10/20 19:20:00",LYA2,0
D,DISPATCH,UNIT_SCADA,1,"2022/10/20 19:20:00",LYA3,561
D,DISPATCH,UNIT_SCADA,1,"2022/10/20 19:20:00",LYA4,562
D,DISPATCH,UNIT_SCADA,1,"2022/10/20 19:20:00",MACARTH1,82.598090
D,DISPATCH,UNIT_SCADA,1,"2022/10/20 19:20:00",MACKNTSH,70.610010
D,DISPATCH,UNIT_SCADA,1,"2022/10/20 19:20:00",MANSLR1,0
D,DISPATCH,UNIT_SCADA,1,"2022/10/20 19:20:00",MAPS2PV1,0
D,DISPATCH,UNIT_SCADA,1,"2022/10/20 19:20:00",MAPS3PV1,0
D,DISPATCH,UNIT_SCADA,1,"2022/10/20 19:20:00",MARYRSF1,0
D,DISPATCH,UNIT_SCADA,1,"2022/10/20 19:20:00",MBPS2PV1,0
D,DISPATCH,UNIT_SCADA,1,"2022/10/20 19:20:00",MCKAY1,222.0650
D,DISPATCH,UNIT_SCADA,1,"2022/10/20 19:20:00",MEADOWBK,20.063160
D,DISPATCH,UNIT_SCADA,1,"2022/10/20 19:20:00",MERCER01,20.30
D,DISPATCH,UNIT_SCADA,1,"2022/10/20 19:20:00",METZSF1,0
D,DISPATCH,UNIT_SCADA,1,"2022/10/20 19:20:00",MEWF1,3.831940
D,DISPATCH,UNIT_SCADA,1,"2022/10/20 19:20:00",MIDDLSF1,0
D,DISPATCH,UNIT_SCADA,1,"2022/10/20 19:20:00",MINTARO,0.128180
D,DISPATCH,UNIT_SCADA,1,"2022/10/20 19:20:00",MOLNGSF1,0
D,DISPATCH,UNIT_SCADA,1,"2022/10/20 19:20:00",MOORAWF1,11.46
D,DISPATCH,UNIT_SCADA,1,"2022/10/20 19:20:00",MOREESF1,0
D,DISPATCH,UNIT_SCADA,1,"2022/10/20 19:20:00",MORTLK11,0
D,DISPATCH,UNIT_SCADA,1,"2022/10/20 19:20:00",MORTLK12,0
D,DISPATCH,UNIT_SCADA,1,"2022/10/20 19:20:00",MOUSF1,0
D,DISPATCH,UNIT_SCADA,1,"2022/10/20 19:20:00",MP1,0
D,DISPATCH,UNIT_SCADA,1,"2022/10/20 19:20:00",MP2,612.7901
D,DISPATCH,UNIT_SCADA,1,"2022/10/20 19:20:00",MPP_1,197.470610
D,DISPATCH,UNIT_SCADA,1,"2022/10/20 19:20:00",MPP_2,179.678270
D,DISPATCH,UNIT_SCADA,1,"2022/10/20 19:20:00",MRTLSWF1,0
D,DISPATCH,UNIT_SCADA,1,"2022/10/20 19:20:00",MSTUART1,0
D,DISPATCH,UNIT_SCADA,1,"2022/10/20 19:20:00",MSTUART2,0
D,DISPATCH,UNIT_SCADA,1,"2022/10/20 19:20:00",MSTUART3,0
D,DISPATCH,UNIT_SCADA,1,"2022/10/20 19:20:00",MTGELWF1,65.073090
D,DISPATCH,UNIT_SCADA,1,"2022/10/20 19:20:00",MTMILLAR,14.40
D,DISPATCH,UNIT_SCADA,1,"2022/10/20 19:20:00",MURRAY,340.900020
D,DISPATCH,UNIT_SCADA,1,"2022/10/20 19:20:00",MUSSELR1,2.60
D,DISPATCH,UNIT_SCADA,1,"2022/10/20 19:20:00",MUWAWF1,3.95
D,DISPATCH,UNIT_SCADA,1,"2022/10/20 19:20:00",MUWAWF2,14.20
D,DISPATCH,UNIT_SCADA,1,"2022/10/20 19:20:00",MWPS1PV1,0
D,DISPATCH,UNIT_SCADA,1,"2022/10/20 19:20:00",MWPS2PV1,0
D,DISPATCH,UNIT_SCADA,1,"2022/10/20 19:20:00",MWPS3PV1,0
D,DISPATCH,UNIT_SCADA,1,"2022/10/20 19:20:00",MWPS4PV1,0
D,DISPATCH,UNIT_SCADA,1,"2022/10/20 19:20:00",NBHWF1,6.40
D,DISPATCH,UNIT_SCADA,1,"2022/10/20 19:20:00",NEVERSF1,0
D,DISPATCH,UNIT_SCADA,1,"2022/10/20 19:20:00",NPS,0
D,DISPATCH,UNIT_SCADA,1,"2022/10/20 19:20:00",NUMURSF1,0
D,DISPATCH,UNIT_SCADA,1,"2022/10/20 19:20:00",NYNGAN1,0
D,DISPATCH,UNIT_SCADA,1,"2022/10/20 19:20:00",OAKEY1,125.555550
D,DISPATCH,UNIT_SCADA,1,"2022/10/20 19:20:00",OAKEY1SF,0
D,DISPATCH,UNIT_SCADA,1,"2022/10/20 19:20:00",OAKEY2,0
D,DISPATCH,UNIT_SCADA,1,"2022/10/20 19:20:00",OAKEY2SF,0
D,DISPATCH,UNIT_SCADA,1,"2022/10/20 19:20:00",OAKLAND1,23.20
D,DISPATCH,UNIT_SCADA,1,"2022/10/20 19:20:00",OSB-AG,177.540010
D,DISPATCH,UNIT_SCADA,1,"2022/10/20 19:20:00",PAREPS1,0
D,DISPATCH,UNIT_SCADA,1,"2022/10/20 19:20:00",PAREPW1,153.08
D,DISPATCH,UNIT_SCADA,1,"2022/10/20 19:20:00",PARSF1,0.001530
D,DISPATCH,UNIT_SCADA,1,"2022/10/20 19:20:00",POAT110,3.11
D,DISPATCH,UNIT_SCADA,1,"2022/10/20 19:20:00",POAT220,0
D,DISPATCH,UNIT_SCADA,1,"2022/10/20 19:20:00",POR01,0.008670
D,DISPATCH,UNIT_SCADA,1,"2022/10/20 19:20:00",POR03,0
D,DISPATCH,UNIT_SCADA,1,"2022/10/20 19:20:00",PPCCGT,169.5255
D,DISPATCH,UNIT_SCADA,1,"2022/10/20 19:20:00",PTSTAN1,0
D,DISPATCH,UNIT_SCADA,1,"2022/10/20 19:20:00",PUMP1,0
D,DISPATCH,UNIT_SCADA,1,"2022/10/20 19:20:00",PUMP2,0
D,DISPATCH,UNIT_SCADA,1,"2022/10/20 19:20:00",QBYNBG1,0.0055
D,DISPATCH,UNIT_SCADA,1,"2022/10/20 19:20:00",QBYNBL1,0
D,DISPATCH,UNIT_SCADA,1,"2022/10/20 19:20:00",QPS1,0
D,DISPATCH,UNIT_SCADA,1,"2022/10/20 19:20:00",QPS2,0
D,DISPATCH,UNIT_SCADA,1,"2022/10/20 19:20:00",QPS3,0
D,DISPATCH,UNIT_SCADA,1,"2022/10/20 19:20:00",QPS4,0
D,DISPATCH,UNIT_SCADA,1,"2022/10/20 19:20:00",QPS5,119.24
D,DISPATCH,UNIT_SCADA,1,"2022/10/20 19:20:00",REECE1,100.104250
D,DISPATCH,UNIT_SCADA,1,"2022/10/20 19:20:00",REECE2,99.760010
D,DISPATCH,UNIT_SCADA,1,"2022/10/20 19:20:00",ROMA_7,0
D,DISPATCH,UNIT_SCADA,1,"2022/10/20 19:20:00",ROMA_8,0
D,DISPATCH,UNIT_SCADA,1,"2022/10/20 19:20:00",RRSF1,0
D,DISPATCH,UNIT_SCADA,1,"2022/10/20 19:20:00",RT_NSW1,0
D,DISPATCH,UNIT_SCADA,1,"2022/10/20 19:20:00",RT_NSW2,0
D,DISPATCH,UNIT_SCADA,1,"2022/10/20 19:20:00",RT_NSW3,0
D,DISPATCH,UNIT_SCADA,1,"2022/10/20 19:20:00",RT_NSW4,0
D,DISPATCH,UNIT_SCADA,1,"2022/10/20 19:20:00",RT_NSW5,0
D,DISPATCH,UNIT_SCADA,1,"2022/10/20 19:20:00",RT_NSW6,0
D,DISPATCH,UNIT_SCADA,1,"2022/10/20 19:20:00",RT_QLD1,0
D,DISPATCH,UNIT_SCADA,1,"2022/10/20 19:20:00",RT_SA1,0
D,DISPATCH,UNIT_SCADA,1,"2022/10/20 19:20:00",RT_SA2,0
D,DISPATCH,UNIT_SCADA,1,"2022/10/20 19:20:00",RT_SA3,0
D,DISPATCH,UNIT_SCADA,1,"2022/10/20 19:20:00",RT_SA4,0
D,DISPATCH,UNIT_SCADA,1,"2022/10/20 19:20:00",RT_SA5,0
D,DISPATCH,UNIT_SCADA,1,"2022/10/20 19:20:00",RT_SA6,0
D,DISPATCH,UNIT_SCADA,1,"2022/10/20 19:20:00",RT_TAS1,0
D,DISPATCH,UNIT_SCADA,1,"2022/10/20 19:20:00",RT_VIC1,0
D,DISPATCH,UNIT_SCADA,1,"2022/10/20 19:20:00",RT_VIC10,0
D,DISPATCH,UNIT_SCADA,1,"2022/10/20 19:20:00",RT_VIC11,0
D,DISPATCH,UNIT_SCADA,1,"2022/10/20 19:20:00",RT_VIC12,0
D,DISPATCH,UNIT_SCADA,1,"2022/10/20 19:20:00",RT_VIC2,0
D,DISPATCH,UNIT_SCADA,1,"2022/10/20 19:20:00",RT_VIC3,0
D,DISPATCH,UNIT_SCADA,1,"2022/10/20 19:20:00",RT_VIC4,0
D,DISPATCH,UNIT_SCADA,1,"2022/10/20 19:20:00",RT_VIC5,0
D,DISPATCH,UNIT_SCADA,1,"2022/10/20 19:20:00",RT_VIC6,0
D,DISPATCH,UNIT_SCADA,1,"2022/10/20 19:20:00",RT_VIC7,0
D,DISPATCH,UNIT_SCADA,1,"2022/10/20 19:20:00",RT_VIC8,0
D,DISPATCH,UNIT_SCADA,1,"2022/10/20 19:20:00",RT_VIC9,0
D,DISPATCH,UNIT_SCADA,1,"2022/10/20 19:20:00",RUGBYR1,0
D,DISPATCH,UNIT_SCADA,1,"2022/10/20 19:20:00",SALTCRK1,31.91
D,DISPATCH,UNIT_SCADA,1,"2022/10/20 19:20:00",SAPHWF1,242.696270
D,DISPATCH,UNIT_SCADA,1,"2022/10/20 19:20:00",SEBSF1,0
D,DISPATCH,UNIT_SCADA,1,"2022/10/20 19:20:00",SHGEN,80.543990
D,DISPATCH,UNIT_SCADA,1,"2022/10/20 19:20:00",SHPUMP,0
D,DISPATCH,UNIT_SCADA,1,"2022/10/20 19:20:00",SITHE01,0.123710
D,DISPATCH,UNIT_SCADA,1,"2022/10/20 19:20:00",SMCSF1,0
D,DISPATCH,UNIT_SCADA,1,"2022/10/20 19:20:00",SNAPPER1,0
D,DISPATCH,UNIT_SCADA,1,"2022/10/20 19:20:00",SNOWNTH1,39.30
D,DISPATCH,UNIT_SCADA,1,"2022/10/20 19:20:00",SNOWSTH1,19.80
D,DISPATCH,UNIT_SCADA,1,"2022/10/20 19:20:00",SNOWTWN1,38.4153
D,DISPATCH,UNIT_SCADA,1,"2022/10/20 19:20:00",SNOWYP,0
D,DISPATCH,UNIT_SCADA,1,"2022/10/20 19:20:00",SNUG1,0
D,DISPATCH,UNIT_SCADA,1,"2022/10/20 19:20:00",SRSF1,0
D,DISPATCH,UNIT_SCADA,1,"2022/10/20 19:20:00",STAN-1,280.6329
D,DISPATCH,UNIT_SCADA,1,"2022/10/20 19:20:00",STAN-2,364.602330
D,DISPATCH,UNIT_SCADA,1,"2022/10/20 19:20:00",STAN-3,363.846070
D,DISPATCH,UNIT_SCADA,1,"2022/10/20 19:20:00",STAN-4,365.422670
D,DISPATCH,UNIT_SCADA,1,"2022/10/20 19:20:00",STARHLWF,9.697170
D,DISPATCH,UNIT_SCADA,1,"2022/10/20 19:20:00",STOCKYD1,152.22
D,DISPATCH,UNIT_SCADA,1,"2022/10/20 19:20:00",STWF1,124.075990
D,DISPATCH,UNIT_SCADA,1,"2022/10/20 19:20:00",SUNRSF1,0
D,DISPATCH,UNIT_SCADA,1,"2022/10/20 19:20:00",SUNTPSF1,0
D,DISPATCH,UNIT_SCADA,1,"2022/10/20 19:20:00",SWAN_E,345.734380
D,DISPATCH,UNIT_SCADA,1,"2022/10/20 19:20:00",TALWA1,0
D,DISPATCH,UNIT_SCADA,1,"2022/10/20 19:20:00",TARALGA1,0
D,DISPATCH,UNIT_SCADA,1,"2022/10/20 19:20:00",TARONG#1,349.50
D,DISPATCH,UNIT_SCADA,1,"2022/10/20 19:20:00",TARONG#2,348.700010
D,DISPATCH,UNIT_SCADA,1,"2022/10/20 19:20:00",TARONG#3,0.90
D,DISPATCH,UNIT_SCADA,1,"2022/10/20 19:20:00",TARONG#4,294.300020
D,DISPATCH,UNIT_SCADA,1,"2022/10/20 19:20:00",TARRALEA,53.90
D,DISPATCH,UNIT_SCADA,1,"2022/10/20 19:20:00",TBSF1,0
D,DISPATCH,UNIT_SCADA,1,"2022/10/20 19:20:00",TNPS1,423.25
D,DISPATCH,UNIT_SCADA,1,"2022/10/20 19:20:00",TORRB1,0
D,DISPATCH,UNIT_SCADA,1,"2022/10/20 19:20:00",TORRB2,62
D,DISPATCH,UNIT_SCADA,1,"2022/10/20 19:20:00",TORRB3,0
D,DISPATCH,UNIT_SCADA,1,"2022/10/20 19:20:00",TORRB4,0
D,DISPATCH,UNIT_SCADA,1,"2022/10/20 19:20:00",TREVALLN,98.137950
D,DISPATCH,UNIT_SCADA,1,"2022/10/20 19:20:00",TRIBUTE,0
D,DISPATCH,UNIT_SCADA,1,"2022/10/20 19:20:00",TUMUT3,442.320010
D,DISPATCH,UNIT_SCADA,1,"2022/10/20 19:20:00",TUNGATIN,3.500020
D,DISPATCH,UNIT_SCADA,1,"2022/10/20 19:20:00",TVCC201,0
D,DISPATCH,UNIT_SCADA,1,"2022/10/20 19:20:00",TVPP104,57.8461
D,DISPATCH,UNIT_SCADA,1,"2022/10/20 19:20:00",UPPTUMUT,122.153150
D,DISPATCH,UNIT_SCADA,1,"2022/10/20 19:20:00",URANQ11,0
D,DISPATCH,UNIT_SCADA,1,"2022/10/20 19:20:00",URANQ12,0
D,DISPATCH,UNIT_SCADA,1,"2022/10/20 19:20:00",URANQ13,0
D,DISPATCH,UNIT_SCADA,1,"2022/10/20 19:20:00",URANQ14,155.028610
D,DISPATCH,UNIT_SCADA,1,"2022/10/20 19:20:00",VBBG1,14.70
D,DISPATCH,UNIT_SCADA,1,"2022/10/20 19:20:00",VBBL1,0
D,DISPATCH,UNIT_SCADA,1,"2022/10/20 19:20:00",VP5,559.660640
D,DISPATCH,UNIT_SCADA,1,"2022/10/20 19:20:00",VP6,604.290890
D,DISPATCH,UNIT_SCADA,1,"2022/10/20 19:20:00",VPGS1,0
D,DISPATCH,UNIT_SCADA,1,"2022/10/20 19:20:00",VPGS2,0
D,DISPATCH,UNIT_SCADA,1,"2022/10/20 19:20:00",VPGS3,0
D,DISPATCH,UNIT_SCADA,1,"2022/10/20 19:20:00",VPGS4,0
D,DISPATCH,UNIT_SCADA,1,"2022/10/20 19:20:00",VPGS5,0
D,DISPATCH,UNIT_SCADA,1,"2022/10/20 19:20:00",VPGS6,0
D,DISPATCH,UNIT_SCADA,1,"2022/10/20 19:20:00",W/HOE#1,162.039990
D,DISPATCH,UNIT_SCADA,1,"2022/10/20 19:20:00",W/HOE#2,0
D,DISPATCH,UNIT_SCADA,1,"2022/10/20 19:20:00",WAGGNSF1,0
D,DISPATCH,UNIT_SCADA,1,"2022/10/20 19:20:00",WALGRVG1,7.836410
D,DISPATCH,UNIT_SCADA,1,"2022/10/20 19:20:00",WALGRVL1,0
D,DISPATCH,UNIT_SCADA,1,"2022/10/20 19:20:00",WANDBG1,0
D,DISPATCH,UNIT_SCADA,1,"2022/10/20 19:20:00",WANDBL1,0
D,DISPATCH,UNIT_SCADA,1,"2022/10/20 19:20:00",WARWSF1,0
D,DISPATCH,UNIT_SCADA,1,"2022/10/20 19:20:00",WARWSF2,0
D,DISPATCH,UNIT_SCADA,1,"2022/10/20 19:20:00",WATERLWF,6.70
D,DISPATCH,UNIT_SCADA,1,"2022/10/20 19:20:00",WDGPH1,0
D,DISPATCH,UNIT_SCADA,1,"2022/10/20 19:20:00",WELLSF1,0
D,DISPATCH,UNIT_SCADA,1,"2022/10/20 19:20:00",WEMENSF1,0
D,DISPATCH,UNIT_SCADA,1,"2022/10/20 19:20:00",WGWF1,9.20
D,DISPATCH,UNIT_SCADA,1,"2022/10/20 19:20:00",WHITSF1,0
D,DISPATCH,UNIT_SCADA,1,"2022/10/20 19:20:00",WINTSF1,0
D,DISPATCH,UNIT_SCADA,1,"2022/10/20 19:20:00",WKIEWA1,34.10
D,DISPATCH,UNIT_SCADA,1,"2022/10/20 19:20:00",WKIEWA2,34.10
D,DISPATCH,UNIT_SCADA,1,"2022/10/20 19:20:00",WOODLWN1,33.904330
D,DISPATCH,UNIT_SCADA,1,"2022/10/20 19:20:00",WOOLGSF1,0
D,DISPATCH,UNIT_SCADA,1,"2022/10/20 19:20:00",WPWF,29.34
D,DISPATCH,UNIT_SCADA,1,"2022/10/20 19:20:00",WRSF1,0
D,DISPATCH,UNIT_SCADA,1,"2022/10/20 19:20:00",WRWF1,91.360650
D,DISPATCH,UNIT_SCADA,1,"2022/10/20 19:20:00",WSTWYSF1,0
D,DISPATCH,UNIT_SCADA,1,"2022/10/20 19:20:00",YABULU,152.910020
D,DISPATCH,UNIT_SCADA,1,"2022/10/20 19:20:00",YABULU2,0
D,DISPATCH,UNIT_SCADA,1,"2022/10/20 19:20:00",YARANSF1,0
D,DISPATCH,UNIT_SCADA,1,"2022/10/20 19:20:00",YARWUN_1,163.489990
D,DISPATCH,UNIT_SCADA,1,"2022/10/20 19:20:00",YATSF1,0
D,DISPATCH,UNIT_SCADA,1,"2022/10/20 19:20:00",YENDWF1,11.86
D,DISPATCH,UNIT_SCADA,1,"2022/10/20 19:20:00",YWPS1,356.139250
D,DISPATCH,UNIT_SCADA,1,"2022/10/20 19:20:00",YWPS2,327.817720
D,DISPATCH,UNIT_SCADA,1,"2022/10/20 19:20:00",YWPS3,360.517730
D,DISPATCH,UNIT_SCADA,1,"2022/10/20 19:20:00",YWPS4,0
C,"END OF REPORT",419
