C,NEMP.WORLD,DISPATCHSCADA,AEMO,PUBLIC,2022/10/20,19:45:10,0000000373277130,DISPATCHSCADA,0000000373277124
I,DISPATCH,UNIT_SCADA,1,SETTLEMENTDATE,DUID,SCADAVALUE
D,DISPATCH,UNIT_SCADA,1,"2022/10/20 19:50:00",BARCSF1,0.10
D,DISPATCH,UNIT_SCADA,1,"2022/10/20 19:50:00",BUTLERSG,8.699999
D,DISPATCH,UNIT_SCADA,1,"2022/10/20 19:50:00",CAPTL_WF,114.486122
D,DISPATCH,UNIT_SCADA,1,"2022/10/20 19:50:00",CHALLHWF,11.10
D,DISPATCH,UNIT_SCADA,1,"2022/10/20 19:50:00",CLOVER,13.18
D,DISPATCH,UNIT_SCADA,1,"2022/10/20 19:50:00",CLUNY,6.419318
D,DISPATCH,UNIT_SCADA,1,"2022/10/20 19:50:00",CULLRGWF,-0.03
D,DISPATCH,UNIT_SCADA,1,"2022/10/20 19:50:00",DIAPURWF1,0.50
D,DISPATCH,UNIT_SCADA,1,"2022/10/20 19:50:00",ERGT01,0
D,DISPATCH,UNIT_SCADA,1,"2022/10/20 19:50:00",GB01,0
D,DISPATCH,UNIT_SCADA,1,"2022/10/20 19:50:00",GERMCRK,22.10
D,DISPATCH,UNIT_SCADA,1,"2022/10/20 19:50:00",GRIFSF1,0.001526
D,DISPATCH,UNIT_SCADA,1,"2022/10/20 19:50:00",HEZ1,0
D,DISPATCH,UNIT_SCADA,1,"2022/10/20 19:50:00",HUGSF1,-0.0420
D,DISPATCH,UNIT_SCADA,1,"2022/10/20 19:50:00",KEPBG1,0
D,DISPATCH,UNIT_SCADA,1,"2022/10/20 19:50:00",LRSF1,0.0110
D,DISPATCH,UNIT_SCADA,1,"2022/10/20 19:50:00",MBAHNTH,43.912506
D,DISPATCH,UNIT_SCADA,1,"2022/10/20 19:50:00",MLSP1,0
D,DISPATCH,UNIT_SCADA,1,"2022/10/20 19:50:00",MLWF1,4.9650
D,DISPATCH,UNIT_SCADA,1,"2022/10/20 19:50:00",PALOONA,30.439999
D,DISPATCH,UNIT_SCADA,1,"2022/10/20 19:50:00",PIONEER,23.50
D,DISPATCH,UNIT_SCADA,1,"2022/10/20 19:50:00",PORTWF,44.799999
D,DISPATCH,UNIT_SCADA,1,"2022/10/20 19:50:00",REPULSE,9.588159
D,DISPATCH,UNIT_SCADA,1,"2022/10/20 19:50:00",ROWALLAN,8.8679
D,DISPATCH,UNIT_SCADA,1,"2022/10/20 19:50:00",ROYALLA1,0
D,DISPATCH,UNIT_SCADA,1,"2022/10/20 19:50:00",RPCG,-0.50
D,DISPATCH,UNIT_SCADA,1,"2022/10/20 19:50:00",RUBICON,0
D,DISPATCH,UNIT_SCADA,1,"2022/10/20 19:50:00",WAUBRAWF,78.302002
D,DISPATCH,UNIT_SCADA,1,"2022/10/20 19:50:00",WOOLNTH1,74.759995
D,DISPATCH,UNIT_SCADA,1,"2022/10/20 19:50:00",YAMBUKWF,7.60
D,DISPATCH,UNIT_SCADA,1,"2022/10/20 19:50:00",YSWF1,1.70
D,DISPATCH,UNIT_SCADA,1,"2022/10/20 19:50:00",ADPBA1G,0.0080
D,DISPATCH,UNIT_SCADA,1,"2022/10/20 19:50:00",ADPBA1L,0
D,DISPATCH,UNIT_SCADA,1,"2022/10/20 19:50:00",ADPPV1,0
D,DISPATCH,UNIT_SCADA,1,"2022/10/20 19:50:00",AGLHAL,30.968670
D,DISPATCH,UNIT_SCADA,1,"2022/10/20 19:50:00",AGLSOM,0
D,DISPATCH,UNIT_SCADA,1,"2022/10/20 19:50:00",ANGAST1,0
D,DISPATCH,UNIT_SCADA,1,"2022/10/20 19:50:00",ARWF1,11.40
D,DISPATCH,UNIT_SCADA,1,"2022/10/20 19:50:00",BALBG1,0
D,DISPATCH,UNIT_SCADA,1,"2022/10/20 19:50:00",BALBL1,0
D,DISPATCH,UNIT_SCADA,1,"2022/10/20 19:50:00",BALDHWF1,105.1570
D,DISPATCH,UNIT_SCADA,1,"2022/10/20 19:50:00",BANGOWF1,91.698170
D,DISPATCH,UNIT_SCADA,1,"2022/10/20 19:50:00",BANGOWF2,66.398190
D,DISPATCH,UNIT_SCADA,1,"2022/10/20 19:50:00",BANN1,0
D,DISPATCH,UNIT_SCADA,1,"2022/10/20 19:50:00",BARCALDN,0
D,DISPATCH,UNIT_SCADA,1,"2022/10/20 19:50:00",BARKIPS1,191.33
D,DISPATCH,UNIT_SCADA,1,"2022/10/20 19:50:00",BARRON-1,27.84
D,DISPATCH,UNIT_SCADA,1,"2022/10/20 19:50:00",BARRON-2,6
D,DISPATCH,UNIT_SCADA,1,"2022/10/20 19:50:00",BASTYAN,69.51
D,DISPATCH,UNIT_SCADA,1,"2022/10/20 19:50:00",BBTHREE1,0
D,DISPATCH,UNIT_SCADA,1,"2022/10/20 19:50:00",BBTHREE2,0
D,DISPATCH,UNIT_SCADA,1,"2022/10/20 19:50:00",BBTHREE3,-1.05
D,DISPATCH,UNIT_SCADA,1,"2022/10/20 19:50:00",BDL01,0
D,DISPATCH,UNIT_SCADA,1,"2022/10/20 19:50:00",BDL02,0
D,DISPATCH,UNIT_SCADA,1,"2022/10/20 19:50:00",BERYLSF1,0
D,DISPATCH,UNIT_SCADA,1,"2022/10/20 19:50:00",BLOWERNG,62.60
D,DISPATCH,UNIT_SCADA,1,"2022/10/20 19:50:00",BLUEGSF1,0
D,DISPATCH,UNIT_SCADA,1,"2022/10/20 19:50:00",BLUFF1,1.30
D,DISPATCH,UNIT_SCADA,1,"2022/10/20 19:50:00",BNGSF1,0
D,DISPATCH,UNIT_SCADA,1,"2022/10/20 19:50:00",BNGSF2,0
D,DISPATCH,UNIT_SCADA,1,"2022/10/20 19:50:00",BOCORWF1,21.10
D,DISPATCH,UNIT_SCADA,1,"2022/10/20 19:50:00",BODWF1,110.300780
D,DISPATCH,UNIT_SCADA,1,"2022/10/20 19:50:00",BOMENSF1,0
D,DISPATCH,UNIT_SCADA,1,"2022/10/20 19:50:00",BOWWBA1G,0.0010
D,DISPATCH,UNIT_SCADA,1,"2022/10/20 19:50:00",BOWWBA1L,0
D,DISPATCH,UNIT_SCADA,1,"2022/10/20 19:50:00",BOWWPV1,0
D,DISPATCH,UNIT_SCADA,1,"2022/10/20 19:50:00",BRAEMAR1,0
D,DISPATCH,UNIT_SCADA,1,"2022/10/20 19:50:00",BRAEMAR2,0
D,DISPATCH,UNIT_SCADA,1,"2022/10/20 19:50:00",BRAEMAR3,0
D,DISPATCH,UNIT_SCADA,1,"2022/10/20 19:50:00",BRAEMAR5,144.448350
D,DISPATCH,UNIT_SCADA,1,"2022/10/20 19:50:00",BRAEMAR6,0
D,DISPATCH,UNIT_SCADA,1,"2022/10/20 19:50:00",BRAEMAR7,140.581090
D,DISPATCH,UNIT_SCADA,1,"2022/10/20 19:50:00",BROKENH1,0
D,DISPATCH,UNIT_SCADA,1,"2022/10/20 19:50:00",BRYB1WF1,111.7113
D,DISPATCH,UNIT_SCADA,1,"2022/10/20 19:50:00",BULBESG1,0
D,DISPATCH,UNIT_SCADA,1,"2022/10/20 19:50:00",BULBESL1,0.03
D,DISPATCH,UNIT_SCADA,1,"2022/10/20 19:50:00",BULGANA1,41.83
D,DISPATCH,UNIT_SCADA,1,"2022/10/20 19:50:00",BW01,657.468510
D,DISPATCH,UNIT_SCADA,1,"2022/10/20 19:50:00",BW02,639.450680
D,DISPATCH,UNIT_SCADA,1,"2022/10/20 19:50:00",BW03,616.623170
D,DISPATCH,UNIT_SCADA,1,"2022/10/20 19:50:00",BW04,0
D,DISPATCH,UNIT_SCADA,1,"2022/10/20 19:50:00",CALL_B_1,320.100010
D,DISPATCH,UNIT_SCADA,1,"2022/10/20 19:50:00",CALL_B_2,321.700010
D,DISPATCH,UNIT_SCADA,1,"2022/10/20 19:50:00",CATHROCK,2.80
D,DISPATCH,UNIT_SCADA,1,"2022/10/20 19:50:00",CBWWBA1G,0
D,DISPATCH,UNIT_SCADA,1,"2022/10/20 19:50:00",CBWWBA1L,0
D,DISPATCH,UNIT_SCADA,1,"2022/10/20 19:50:00",CETHANA,97.046880
D,DISPATCH,UNIT_SCADA,1,"2022/10/20 19:50:00",CG1,0
D,DISPATCH,UNIT_SCADA,1,"2022/10/20 19:50:00",CG2,0
D,DISPATCH,UNIT_SCADA,1,"2022/10/20 19:50:00",CG3,0
D,DISPATCH,UNIT_SCADA,1,"2022/10/20 19:50:00",CG4,0
D,DISPATCH,UNIT_SCADA,1,"2022/10/20 19:50:00",CHILDSF1,0
D,DISPATCH,UNIT_SCADA,1,"2022/10/20 19:50:00",CHYTWF1,6.40
D,DISPATCH,UNIT_SCADA,1,"2022/10/20 19:50:00",CLARESF1,0
D,DISPATCH,UNIT_SCADA,1,"2022/10/20 19:50:00",CLEMGPWF,1.224590
D,DISPATCH,UNIT_SCADA,1,"2022/10/20 19:50:00",CLERMSF1,0
D,DISPATCH,UNIT_SCADA,1,"2022/10/20 19:50:00",CNUNDAWF,15.217750
D,DISPATCH,UNIT_SCADA,1,"2022/10/20 19:50:00",COHUNSF1,0
D,DISPATCH,UNIT_SCADA,1,"2022/10/20 19:50:00",COLEASF1,0
D,DISPATCH,UNIT_SCADA,1,"2022/10/20 19:50:00",COLUMSF1,0
D,DISPATCH,UNIT_SCADA,1,"2022/10/20 19:50:00",COLWF01,101.210040
D,DISPATCH,UNIT_SCADA,1,"2022/10/20 19:50:00",COOPGWF1,318.609990
D,DISPATCH,UNIT_SCADA,1,"2022/10/20 19:50:00",CPP_3,370.700010
D,DISPATCH,UNIT_SCADA,1,"2022/10/20 19:50:00",CPP_4,0
D,DISPATCH,UNIT_SCADA,1,"2022/10/20 19:50:00",CPSA,0
D,DISPATCH,UNIT_SCADA,1,"2022/10/20 19:50:00",CROOKWF2,35.2929
D,DISPATCH,UNIT_SCADA,1,"2022/10/20 19:50:00",CROWLWF1,38.543360
D,DISPATCH,UNIT_SCADA,1,"2022/10/20 19:50:00",CRURWF1,72.096210
D,DISPATCH,UNIT_SCADA,1,"2022/10/20 19:50:00",CRWASF1,0
D,DISPATCH,UNIT_SCADA,1,"2022/10/20 19:50:00",CSPVPS1,0
D,DISPATCH,UNIT_SCADA,1,"2022/10/20 19:50:00",CTHLWF1,0.003050
D,DISPATCH,UNIT_SCADA,1,"2022/10/20 19:50:00",DALNTH01,0
D,DISPATCH,UNIT_SCADA,1,"2022/10/20 19:50:00",DALNTHL1,0.166320
D,DISPATCH,UNIT_SCADA,1,"2022/10/20 19:50:00",DARLSF1,0
D,DISPATCH,UNIT_SCADA,1,"2022/10/20 19:50:00",DARTM1,0
D,DISPATCH,UNIT_SCADA,1,"2022/10/20 19:50:00",DAYDSF1,0
D,DISPATCH,UNIT_SCADA,1,"2022/10/20 19:50:00",DDPS1,0
D,DISPATCH,UNIT_SCADA,1,"2022/10/20 19:50:00",DDSF1,0
D,DISPATCH,UNIT_SCADA,1,"2022/10/20 19:50:00",DEVILS_G,60.043330
D,DISPATCH,UNIT_SCADA,1,"2022/10/20 19:50:00",DG_NSW1,0
D,DISPATCH,UNIT_SCADA,1,"2022/10/20 19:50:00",DG_QLD1,0
D,DISPATCH,UNIT_SCADA,1,"2022/10/20 19:50:00",DG_SA1,0
D,DISPATCH,UNIT_SCADA,1,"2022/10/20 19:50:00",DG_TAS1,0
D,DISPATCH,UNIT_SCADA,1,"2022/10/20 19:50:00",DG_VIC1,0
D,DISPATCH,UNIT_SCADA,1,"2022/10/20 19:50:00",DRYCGT1,0
D,DISPATCH,UNIT_SCADA,1,"2022/10/20 19:50:00",DRYCGT2,0
D,DISPATCH,UNIT_SCADA,1,"2022/10/20 19:50:00",DRYCGT3,0
D,DISPATCH,UNIT_SCADA,1,"2022/10/20 19:50:00",DUNDWF1,77.29
D,DISPATCH,UNIT_SCADA,1,"2022/10/20 19:50:00",DUNDWF2,21.99
D,DISPATCH,UNIT_SCADA,1,"2022/10/20 19:50:00",DUNDWF3,81.62
D,DISPATCH,UNIT_SCADA,1,"2022/10/20 19:50:00",EILDON1,59.88
D,DISPATCH,UNIT_SCADA,1,"2022/10/20 19:50:00",EILDON2,60.04
D,DISPATCH,UNIT_SCADA,1,"2022/10/20 19:50:00",ELAINWF1,14.12
D,DISPATCH,UNIT_SCADA,1,"2022/10/20 19:50:00",EMERASF1,0
D,DISPATCH,UNIT_SCADA,1,"2022/10/20 19:50:00",ER01,0
D,DISPATCH,UNIT_SCADA,1,"2022/10/20 19:50:00",ER02,680.466920
D,DISPATCH,UNIT_SCADA,1,"2022/10/20 19:50:00",ER03,637.546330
D,DISPATCH,UNIT_SCADA,1,"2022/10/20 19:50:00",ER04,699.510190
D,DISPATCH,UNIT_SCADA,1,"2022/10/20 19:50:00",FINLYSF1,0
D,DISPATCH,UNIT_SCADA,1,"2022/10/20 19:50:00",FISHER,43.80
D,DISPATCH,UNIT_SCADA,1,"2022/10/20 19:50:00",GANGARR1,0
D,DISPATCH,UNIT_SCADA,1,"2022/10/20 19:50:00",GANNBG1,20.011520
D,DISPATCH,UNIT_SCADA,1,"2022/10/20 19:50:00",GANNBL1,0
D,DISPATCH,UNIT_SCADA,1,"2022/10/20 19:50:00",GANNSF1,0
D,DISPATCH,UNIT_SCADA,1,"2022/10/20 19:50:00",GLRWNSF1,0
D,DISPATCH,UNIT_SCADA,1,"2022/10/20 19:50:00",GNNDHSF1,0
D,DISPATCH,UNIT_SCADA,1,"2022/10/20 19:50:00",GOONSF1,0
D,DISPATCH,UNIT_SCADA,1,"2022/10/20 19:50:00",GORDON,269.553160
D,DISPATCH,UNIT_SCADA,1,"2022/10/20 19:50:00",GRANWF1,0
D,DISPATCH,UNIT_SCADA,1,"2022/10/20 19:50:00",GSTONE1,210.70
D,DISPATCH,UNIT_SCADA,1,"2022/10/20 19:50:00",GSTONE2,0
D,DISPATCH,UNIT_SCADA,1,"2022/10/20 19:50:00",GSTONE3,200.20
D,DISPATCH,UNIT_SCADA,1,"2022/10/20 19:50:00",GSTONE4,0
D,DISPATCH,UNIT_SCADA,1,"2022/10/20 19:50:00",GSTONE5,210.8750
D,DISPATCH,UNIT_SCADA,1,"2022/10/20 19:50:00",GSTONE6,210.1750
D,DISPATCH,UNIT_SCADA,1,"2022/10/20 19:50:00",GULLRSF1,0
D,DISPATCH,UNIT_SCADA,1,"2022/10/20 19:50:00",GULLRWF1,73.473880
D,DISPATCH,UNIT_SCADA,1,"2022/10/20 19:50:00",GULLRWF2,80.844990
D,DISPATCH,UNIT_SCADA,1,"2022/10/20 19:50:00",GUNNING1,0
D,DISPATCH,UNIT_SCADA,1,"2022/10/20 19:50:00",GUTHEGA,67.80
D,DISPATCH,UNIT_SCADA,1,"2022/10/20 19:50:00",HALLWF1,7.59
D,DISPATCH,UNIT_SCADA,1,"2022/10/20 19:50:00",HALLWF2,1.31
D,DISPATCH,UNIT_SCADA,1,"2022/10/20 19:50:00",HAMISF1,0
D,DISPATCH,UNIT_SCADA,1,"2022/10/20 19:50:00",HAUGHT11,0
D,DISPATCH,UNIT_SCADA,1,"2022/10/20 19:50:00",HAYMSF1,0
D,DISPATCH,UNIT_SCADA,1,"2022/10/20 19:50:00",HDWF1,21.60
D,DISPATCH,UNIT_SCADA,1,"2022/10/20 19:50:00",HDWF2,13.90
D,DISPATCH,UNIT_SCADA,1,"2022/10/20 19:50:00",HDWF3,14.90
D,DISPATCH,UNIT_SCADA,1,"2022/10/20 19:50:00",HILLSTN1,0
D,DISPATCH,UNIT_SCADA,1,"2022/10/20 19:50:00",HPRG1,18.50
D,DISPATCH,UNIT_SCADA,1,"2022/10/20 19:50:00",HPRL1,0
D,DISPATCH,UNIT_SCADA,1,"2022/10/20 19:50:00",HUMENSW,54.139920
D,DISPATCH,UNIT_SCADA,1,"2022/10/20 19:50:00",HUMEV,0
D,DISPATCH,UNIT_SCADA,1,"2022/10/20 19:50:00",HVWWBA1G,0
D,DISPATCH,UNIT_SCADA,1,"2022/10/20 19:50:00",HVWWBA1L,0.0070
D,DISPATCH,UNIT_SCADA,1,"2022/10/20 19:50:00",HVWWPV1,0
D,DISPATCH,UNIT_SCADA,1,"2022/10/20 19:50:00",JBUTTERS,9.928430
D,DISPATCH,UNIT_SCADA,1,"2022/10/20 19:50:00",JEMALNG1,0
D,DISPATCH,UNIT_SCADA,1,"2022/10/20 19:50:00",JLA01,0
D,DISPATCH,UNIT_SCADA,1,"2022/10/20 19:50:00",JLA02,0
D,DISPATCH,UNIT_SCADA,1,"2022/10/20 19:50:00",JLA03,0
D,DISPATCH,UNIT_SCADA,1,"2022/10/20 19:50:00",JLA04,0
D,DISPATCH,UNIT_SCADA,1,"2022/10/20 19:50:00",JLB01,0
D,DISPATCH,UNIT_SCADA,1,"2022/10/20 19:50:00",JLB02,0.10
D,DISPATCH,UNIT_SCADA,1,"2022/10/20 19:50:00",JLB03,0
D,DISPATCH,UNIT_SCADA,1,"2022/10/20 19:50:00",JUNEESF1,0
D,DISPATCH,UNIT_SCADA,1,"2022/10/20 19:50:00",KABANWF1,0
D,DISPATCH,UNIT_SCADA,1,"2022/10/20 19:50:00",KAREEYA1,0
D,DISPATCH,UNIT_SCADA,1,"2022/10/20 19:50:00",KAREEYA2,0
D,DISPATCH,UNIT_SCADA,1,"2022/10/20 19:50:00",KAREEYA3,4.94
D,DISPATCH,UNIT_SCADA,1,"2022/10/20 19:50:00",KAREEYA4,0
D,DISPATCH,UNIT_SCADA,1,"2022/10/20 19:50:00",KARSF1,0
D,DISPATCH,UNIT_SCADA,1,"2022/10/20 19:50:00",KEPSF1,0
D,DISPATCH,UNIT_SCADA,1,"2022/10/20 19:50:00",KEPWF1,7.15
D,DISPATCH,UNIT_SCADA,1,"2022/10/20 19:50:00",KIAMSF1,0
D,DISPATCH,UNIT_SCADA,1,"2022/10/20 19:50:00",KIATAWF1,1.20
D,DISPATCH,UNIT_SCADA,1,"2022/10/20 19:50:00",KPP_1,0
D,DISPATCH,UNIT_SCADA,1,"2022/10/20 19:50:00",KSP1,0
D,DISPATCH,UNIT_SCADA,1,"2022/10/20 19:50:00",LADBROK1,0.02
D,DISPATCH,UNIT_SCADA,1,"2022/10/20 19:50:00",LADBROK2,0.02
D,DISPATCH,UNIT_SCADA,1,"2022/10/20 19:50:00",LBBG1,3.30
D,DISPATCH,UNIT_SCADA,1,"2022/10/20 19:50:00",LBBL1,0
D,DISPATCH,UNIT_SCADA,1,"2022/10/20 19:50:00",LD01,377.117220
D,DISPATCH,UNIT_SCADA,1,"2022/10/20 19:50:00",LD02,73.079620
D,DISPATCH,UNIT_SCADA,1,"2022/10/20 19:50:00",LD04,309.8056
D,DISPATCH,UNIT_SCADA,1,"2022/10/20 19:50:00",LEM_WIL,86.9942
D,DISPATCH,UNIT_SCADA,1,"2022/10/20 19:50:00",LGAPWF1,88.38
D,DISPATCH,UNIT_SCADA,1,"2022/10/20 19:50:00",LGAPWF2,73.939990
D,DISPATCH,UNIT_SCADA,1,"2022/10/20 19:50:00",LILYSF1,0
D,DISPATCH,UNIT_SCADA,1,"2022/10/20 19:50:00",LIMOSF11,0
D,DISPATCH,UNIT_SCADA,1,"2022/10/20 19:50:00",LIMOSF21,0
D,DISPATCH,UNIT_SCADA,1,"2022/10/20 19:50:00",LI_WY_CA,63.093140
D,DISPATCH,UNIT_SCADA,1,"2022/10/20 19:50:00",LKBONNY1,25.185260
D,DISPATCH,UNIT_SCADA,1,"2022/10/20 19:50:00",LKBONNY2,66.166560
D,DISPATCH,UNIT_SCADA,1,"2022/10/20 19:50:00",LKBONNY3,17.249020
D,DISPATCH,UNIT_SCADA,1,"2022/10/20 19:50:00",LK_ECHO,0
D,DISPATCH,UNIT_SCADA,1,"2022/10/20 19:50:00",LNGS1,0
D,DISPATCH,UNIT_SCADA,1,"2022/10/20 19:50:00",LNGS2,0
D,DISPATCH,UNIT_SCADA,1,"2022/10/20 19:50:00",LONSDALE,0
D,DISPATCH,UNIT_SCADA,1,"2022/10/20 19:50:00",LOYYB1,582.330380
D,DISPATCH,UNIT_SCADA,1,"2022/10/20 19:50:00",LOYYB2,575.563290
D,DISPATCH,UNIT_SCADA,1,"2022/10/20 19:50:00",LYA1,561
D,DISPATCH,UNIT_SCADA,1,"2022/10/20 19:50:00",LYA2,0
D,DISPATCH,UNIT_SCADA,1,"2022/10/20 19:50:00",LYA3,561
D,DISPATCH,UNIT_SCADA,1,"2022/10/20 19:50:00",LYA4,561
D,DISPATCH,UNIT_SCADA,1,"2022/10/20 19:50:00",MACARTH1,88.897950
D,DISPATCH,UNIT_SCADA,1,"2022/10/20 19:50:00",MACKNTSH,71.430010
D,DISPATCH,UNIT_SCADA,1,"2022/10/20 19:50:00",MANSLR1,0
D,DISPATCH,UNIT_SCADA,1,"2022/10/20 19:50:00",MAPS2PV1,0
D,DISPATCH,UNIT_SCADA,1,"2022/10/20 19:50:00",MAPS3PV1,0
D,DISPATCH,UNIT_SCADA,1,"2022/10/20 19:50:00",MARYRSF1,0
D,DISPATCH,UNIT_SCADA,1,"2022/10/20 19:50:00",MBPS2PV1,0
D,DISPATCH,UNIT_SCADA,1,"2022/10/20 19:50:00",MCKAY1,224.704990
D,DISPATCH,UNIT_SCADA,1,"2022/10/20 19:50:00",MEADOWBK,19.920260
D,DISPATCH,UNIT_SCADA,1,"2022/10/20 19:50:00",MERCER01,15.60
D,DISPATCH,UNIT_SCADA,1,"2022/10/20 19:50:00",METZSF1,0
D,DISPATCH,UNIT_SCADA,1,"2022/10/20 19:50:00",MEWF1,0
D,DISPATCH,UNIT_SCADA,1,"2022/10/20 19:50:00",MIDDLSF1,0
D,DISPATCH,UNIT_SCADA,1,"2022/10/20 19:50:00",MINTARO,0.128180
D,DISPATCH,UNIT_SCADA,1,"2022/10/20 19:50:00",MOLNGSF1,0
D,DISPATCH,UNIT_SCADA,1,"2022/10/20 19:50:00",MOORAWF1,9.41
D,DISPATCH,UNIT_SCADA,1,"2022/10/20 19:50:00",MOREESF1,0
D,DISPATCH,UNIT_SCADA,1,"2022/10/20 19:50:00",MORTLK11,0
D,DISPATCH,UNIT_SCADA,1,"2022/10/20 19:50:00",MORTLK12,0
D,DISPATCH,UNIT_SCADA,1,"2022/10/20 19:50:00",MOUSF1,0
D,DISPATCH,UNIT_SCADA,1,"2022/10/20 19:50:00",MP1,0
D,DISPATCH,UNIT_SCADA,1,"2022/10/20 19:50:00",MP2,641.452640
D,DISPATCH,UNIT_SCADA,1,"2022/10/20 19:50:00",MPP_1,199.179640
D,DISPATCH,UNIT_SCADA,1,"2022/10/20 19:50:00",MPP_2,176.2907
D,DISPATCH,UNIT_SCADA,1,"2022/10/20 19:50:00",MRTLSWF1,0
D,DISPATCH,UNIT_SCADA,1,"2022/10/20 19:50:00",MSTUART1,0
D,DISPATCH,UNIT_SCADA,1,"2022/10/20 19:50:00",MSTUART2,0
D,DISPATCH,UNIT_SCADA,1,"2022/10/20 19:50:00",MSTUART3,0
D,DISPATCH,UNIT_SCADA,1,"2022/10/20 19:50:00",MTGELWF1,51.532030
D,DISPATCH,UNIT_SCADA,1,"2022/10/20 19:50:00",MTMILLAR,12.40
D,DISPATCH,UNIT_SCADA,1,"2022/10/20 19:50:00",MURRAY,305.299990
D,DISPATCH,UNIT_SCADA,1,"2022/10/20 19:50:00",MUSSELR1,15.20
D,DISPATCH,UNIT_SCADA,1,"2022/10/20 19:50:00",MUWAWF1,1.46
D,DISPATCH,UNIT_SCADA,1,"2022/10/20 19:50:00",MUWAWF2,9.90
D,DISPATCH,UNIT_SCADA,1,"2022/10/20 19:50:00",MWPS1PV1,0
D,DISPATCH,UNIT_SCADA,1,"2022/10/20 19:50:00",MWPS2PV1,0
D,DISPATCH,UNIT_SCADA,1,"2022/10/20 19:50:00",MWPS3PV1,0
D,DISPATCH,UNIT_SCADA,1,"2022/10/20 19:50:00",MWPS4PV1,0
D,DISPATCH,UNIT_SCADA,1,"2022/10/20 19:50:00",NBHWF1,11.90
D,DISPATCH,UNIT_SCADA,1,"2022/10/20 19:50:00",NEVERSF1,0
D,DISPATCH,UNIT_SCADA,1,"2022/10/20 19:50:00",NPS,0
D,DISPATCH,UNIT_SCADA,1,"2022/10/20 19:50:00",NUMURSF1,0
D,DISPATCH,UNIT_SCADA,1,"2022/10/20 19:50:00",NYNGAN1,0
D,DISPATCH,UNIT_SCADA,1,"2022/10/20 19:50:00",OAKEY1,126.0884
D,DISPATCH,UNIT_SCADA,1,"2022/10/20 19:50:00",OAKEY1SF,0
D,DISPATCH,UNIT_SCADA,1,"2022/10/20 19:50:00",OAKEY2,0
D,DISPATCH,UNIT_SCADA,1,"2022/10/20 19:50:00",OAKEY2SF,0
D,DISPATCH,UNIT_SCADA,1,"2022/10/20 19:50:00",OAKLAND1,20.90
D,DISPATCH,UNIT_SCADA,1,"2022/10/20 19:50:00",OSB-AG,178.19
D,DISPATCH,UNIT_SCADA,1,"2022/10/20 19:50:00",PAREPS1,0
D,DISPATCH,UNIT_SCADA,1,"2022/10/20 19:50:00",PAREPW1,116.189990
D,DISPATCH,UNIT_SCADA,1,"2022/10/20 19:50:00",PARSF1,0.001530
D,DISPATCH,UNIT_SCADA,1,"2022/10/20 19:50:00",POAT110,2.99
D,DISPATCH,UNIT_SCADA,1,"2022/10/20 19:50:00",POAT220,0
D,DISPATCH,UNIT_SCADA,1,"2022/10/20 19:50:00",POR01,0.008670
D,DISPATCH,UNIT_SCADA,1,"2022/10/20 19:50:00",POR03,0
D,DISPATCH,UNIT_SCADA,1,"2022/10/20 19:50:00",PPCCGT,174.223240
D,DISPATCH,UNIT_SCADA,1,"2022/10/20 19:50:00",PTSTAN1,0
D,DISPATCH,UNIT_SCADA,1,"2022/10/20 19:50:00",PUMP1,0
D,DISPATCH,UNIT_SCADA,1,"2022/10/20 19:50:00",PUMP2,0
D,DISPATCH,UNIT_SCADA,1,"2022/10/20 19:50:00",QBYNBG1,0.0045
D,DISPATCH,UNIT_SCADA,1,"2022/10/20 19:50:00",QBYNBL1,0
D,DISPATCH,UNIT_SCADA,1,"2022/10/20 19:50:00",QPS1,0
D,DISPATCH,UNIT_SCADA,1,"2022/10/20 19:50:00",QPS2,0
D,DISPATCH,UNIT_SCADA,1,"2022/10/20 19:50:00",QPS3,0
D,DISPATCH,UNIT_SCADA,1,"2022/10/20 19:50:00",QPS4,0
D,DISPATCH,UNIT_SCADA,1,"2022/10/20 19:50:00",QPS5,120.99
D,DISPATCH,UNIT_SCADA,1,"2022/10/20 19:50:00",REECE1,98.529130
D,DISPATCH,UNIT_SCADA,1,"2022/10/20 19:50:00",REECE2,98.470010
D,DISPATCH,UNIT_SCADA,1,"2022/10/20 19:50:00",ROMA_7,0
D,DISPATCH,UNIT_SCADA,1,"2022/10/20 19:50:00",ROMA_8,0
D,DISPATCH,UNIT_SCADA,1,"2022/10/20 19:50:00",RRSF1,0
D,DISPATCH,UNIT_SCADA,1,"2022/10/20 19:50:00",RT_NSW1,0
D,DISPATCH,UNIT_SCADA,1,"2022/10/20 19:50:00",RT_NSW2,0
D,DISPATCH,UNIT_SCADA,1,"2022/10/20 19:50:00",RT_NSW3,0
D,DISPATCH,UNIT_SCADA,1,"2022/10/20 19:50:00",RT_NSW4,0
D,DISPATCH,UNIT_SCADA,1,"2022/10/20 19:50:00",RT_NSW5,0
D,DISPATCH,UNIT_SCADA,1,"2022/10/20 19:50:00",RT_NSW6,0
D,DISPATCH,UNIT_SCADA,1,"2022/10/20 19:50:00",RT_QLD1,0
D,DISPATCH,UNIT_SCADA,1,"2022/10/20 19:50:00",RT_SA1,0
D,DISPATCH,UNIT_SCADA,1,"2022/10/20 19:50:00",RT_SA2,0
D,DISPATCH,UNIT_SCADA,1,"2022/10/20 19:50:00",RT_SA3,0
D,DISPATCH,UNIT_SCADA,1,"2022/10/20 19:50:00",RT_SA4,0
D,DISPATCH,UNIT_SCADA,1,"2022/10/20 19:50:00",RT_SA5,0
D,DISPATCH,UNIT_SCADA,1,"2022/10/20 19:50:00",RT_SA6,0
D,DISPATCH,UNIT_SCADA,1,"2022/10/20 19:50:00",RT_TAS1,0
D,DISPATCH,UNIT_SCADA,1,"2022/10/20 19:50:00",RT_VIC1,0
D,DISPATCH,UNIT_SCADA,1,"2022/10/20 19:50:00",RT_VIC10,0
D,DISPATCH,UNIT_SCADA,1,"2022/10/20 19:50:00",RT_VIC11,0
D,DISPATCH,UNIT_SCADA,1,"2022/10/20 19:50:00",RT_VIC12,0
D,DISPATCH,UNIT_SCADA,1,"2022/10/20 19:50:00",RT_VIC2,0
D,DISPATCH,UNIT_SCADA,1,"2022/10/20 19:50:00",RT_VIC3,0
D,DISPATCH,UNIT_SCADA,1,"2022/10/20 19:50:00",RT_VIC4,0
D,DISPATCH,UNIT_SCADA,1,"2022/10/20 19:50:00",RT_VIC5,0
D,DISPATCH,UNIT_SCADA,1,"2022/10/20 19:50:00",RT_VIC6,0
D,DISPATCH,UNIT_SCADA,1,"2022/10/20 19:50:00",RT_VIC7,0
D,DISPATCH,UNIT_SCADA,1,"2022/10/20 19:50:00",RT_VIC8,0
D,DISPATCH,UNIT_SCADA,1,"2022/10/20 19:50:00",RT_VIC9,0
D,DISPATCH,UNIT_SCADA,1,"2022/10/20 19:50:00",RUGBYR1,0
D,DISPATCH,UNIT_SCADA,1,"2022/10/20 19:50:00",SALTCRK1,37.74
D,DISPATCH,UNIT_SCADA,1,"2022/10/20 19:50:00",SAPHWF1,236.644550
D,DISPATCH,UNIT_SCADA,1,"2022/10/20 19:50:00",SEBSF1,0
D,DISPATCH,UNIT_SCADA,1,"2022/10/20 19:50:00",SHGEN,80.543990
D,DISPATCH,UNIT_SCADA,1,"2022/10/20 19:50:00",SHPUMP,0
D,DISPATCH,UNIT_SCADA,1,"2022/10/20 19:50:00",SITHE01,0.153860
D,DISPATCH,UNIT_SCADA,1,"2022/10/20 19:50:00",SMCSF1,0
D,DISPATCH,UNIT_SCADA,1,"2022/10/20 19:50:00",SNAPPER1,0
D,DISPATCH,UNIT_SCADA,1,"2022/10/20 19:50:00",SNOWNTH1,22.30
D,DISPATCH,UNIT_SCADA,1,"2022/10/20 19:50:00",SNOWSTH1,8.60
D,DISPATCH,UNIT_SCADA,1,"2022/10/20 19:50:00",SNOWTWN1,21.337980
D,DISPATCH,UNIT_SCADA,1,"2022/10/20 19:50:00",SNOWYP,0
D,DISPATCH,UNIT_SCADA,1,"2022/10/20 19:50:00",SNUG1,0
D,DISPATCH,UNIT_SCADA,1,"2022/10/20 19:50:00",SRSF1,0
D,DISPATCH,UNIT_SCADA,1,"2022/10/20 19:50:00",STAN-1,279.774110
D,DISPATCH,UNIT_SCADA,1,"2022/10/20 19:50:00",STAN-2,365.307310
D,DISPATCH,UNIT_SCADA,1,"2022/10/20 19:50:00",STAN-3,365.486760
D,DISPATCH,UNIT_SCADA,1,"2022/10/20 19:50:00",STAN-4,364.102420
D,DISPATCH,UNIT_SCADA,1,"2022/10/20 19:50:00",STARHLWF,10.896820
D,DISPATCH,UNIT_SCADA,1,"2022/10/20 19:50:00",STOCKYD1,178.05
D,DISPATCH,UNIT_SCADA,1,"2022/10/20 19:50:00",STWF1,114.473790
D,DISPATCH,UNIT_SCADA,1,"2022/10/20 19:50:00",SUNRSF1,0
D,DISPATCH,UNIT_SCADA,1,"2022/10/20 19:50:00",SUNTPSF1,0
D,DISPATCH,UNIT_SCADA,1,"2022/10/20 19:50:00",SWAN_E,352.114380
D,DISPATCH,UNIT_SCADA,1,"2022/10/20 19:50:00",TALWA1,0
D,DISPATCH,UNIT_SCADA,1,"2022/10/20 19:50:00",TARALGA1,0
D,DISPATCH,UNIT_SCADA,1,"2022/10/20 19:50:00",TARONG#1,350.399990
D,DISPATCH,UNIT_SCADA,1,"2022/10/20 19:50:00",TARONG#2,349.899990
D,DISPATCH,UNIT_SCADA,1,"2022/10/20 19:50:00",TARONG#3,0.90
D,DISPATCH,UNIT_SCADA,1,"2022/10/20 19:50:00",TARONG#4,295.300020
D,DISPATCH,UNIT_SCADA,1,"2022/10/20 19:50:00",TARRALEA,54
D,DISPATCH,UNIT_SCADA,1,"2022/10/20 19:50:00",TBSF1,0
D,DISPATCH,UNIT_SCADA,1,"2022/10/20 19:50:00",TNPS1,420.6250
D,DISPATCH,UNIT_SCADA,1,"2022/10/20 19:50:00",TORRB1,0
D,DISPATCH,UNIT_SCADA,1,"2022/10/20 19:50:00",TORRB2,63
D,DISPATCH,UNIT_SCADA,1,"2022/10/20 19:50:00",TORRB3,0
D,DISPATCH,UNIT_SCADA,1,"2022/10/20 19:50:00",TORRB4,0
D,DISPATCH,UNIT_SCADA,1,"2022/10/20 19:50:00",TREVALLN,98.161140
D,DISPATCH,UNIT_SCADA,1,"2022/10/20 19:50:00",TRIBUTE,0
D,DISPATCH,UNIT_SCADA,1,"2022/10/20 19:50:00",TUMUT3,422.770020
D,DISPATCH,UNIT_SCADA,1,"2022/10/20 19:50:00",TUNGATIN,3.200020
D,DISPATCH,UNIT_SCADA,1,"2022/10/20 19:50:00",TVCC201,0
D,DISPATCH,UNIT_SCADA,1,"2022/10/20 19:50:00",TVPP104,57.865630
D,DISPATCH,UNIT_SCADA,1,"2022/10/20 19:50:00",UPPTUMUT,124.469130
D,DISPATCH,UNIT_SCADA,1,"2022/10/20 19:50:00",URANQ11,0
D,DISPATCH,UNIT_SCADA,1,"2022/10/20 19:50:00",URANQ12,0
D,DISPATCH,UNIT_SCADA,1,"2022/10/20 19:50:00",URANQ13,0
D,DISPATCH,UNIT_SCADA,1,"2022/10/20 19:50:00",URANQ14,0
D,DISPATCH,UNIT_SCADA,1,"2022/10/20 19:50:00",VBBG1,14
D,DISPATCH,UNIT_SCADA,1,"2022/10/20 19:50:00",VBBL1,0
D,DISPATCH,UNIT_SCADA,1,"2022/10/20 19:50:00",VP5,564.397090
D,DISPATCH,UNIT_SCADA,1,"2022/10/20 19:50:00",VP6,600.726320
D,DISPATCH,UNIT_SCADA,1,"2022/10/20 19:50:00",VPGS1,0
D,DISPATCH,UNIT_SCADA,1,"2022/10/20 19:50:00",VPGS2,0
D,DISPATCH,UNIT_SCADA,1,"2022/10/20 19:50:00",VPGS3,0
D,DISPATCH,UNIT_SCADA,1,"2022/10/20 19:50:00",VPGS4,0
D,DISPATCH,UNIT_SCADA,1,"2022/10/20 19:50:00",VPGS5,0
D,DISPATCH,UNIT_SCADA,1,"2022/10/20 19:50:00",VPGS6,0
D,DISPATCH,UNIT_SCADA,1,"2022/10/20 19:50:00",W/HOE#1,0
D,DISPATCH,UNIT_SCADA,1,"2022/10/20 19:50:00",W/HOE#2,0
D,DISPATCH,UNIT_SCADA,1,"2022/10/20 19:50:00",WAGGNSF1,0
D,DISPATCH,UNIT_SCADA,1,"2022/10/20 19:50:00",WALGRVG1,8.880770
D,DISPATCH,UNIT_SCADA,1,"2022/10/20 19:50:00",WALGRVL1,0
D,DISPATCH,UNIT_SCADA,1,"2022/10/20 19:50:00",WANDBG1,2.468970
D,DISPATCH,UNIT_SCADA,1,"2022/10/20 19:50:00",WANDBL1,0
D,DISPATCH,UNIT_SCADA,1,"2022/10/20 19:50:00",WARWSF1,0
D,DISPATCH,UNIT_SCADA,1,"2022/10/20 19:50:00",WARWSF2,0
D,DISPATCH,UNIT_SCADA,1,"2022/10/20 19:50:00",WATERLWF,6
D,DISPATCH,UNIT_SCADA,1,"2022/10/20 19:50:00",WDGPH1,0
D,DISPATCH,UNIT_SCADA,1,"2022/10/20 19:50:00",WELLSF1,0
D,DISPATCH,UNIT_SCADA,1,"2022/10/20 19:50:00",WEMENSF1,0
D,DISPATCH,UNIT_SCADA,1,"2022/10/20 19:50:00",WGWF1,4.50
D,DISPATCH,UNIT_SCADA,1,"2022/10/20 19:50:00",WHITSF1,0
D,DISPATCH,UNIT_SCADA,1,"2022/10/20 19:50:00",WINTSF1,0
D,DISPATCH,UNIT_SCADA,1,"2022/10/20 19:50:00",WKIEWA1,34.10
D,DISPATCH,UNIT_SCADA,1,"2022/10/20 19:50:00",WKIEWA2,34.10
D,DISPATCH,UNIT_SCADA,1,"2022/10/20 19:50:00",WOODLWN1,39.089950
D,DISPATCH,UNIT_SCADA,1,"2022/10/20 19:50:00",WOOLGSF1,0
D,DISPATCH,UNIT_SCADA,1,"2022/10/20 19:50:00",WPWF,50.08
D,DISPATCH,UNIT_SCADA,1,"2022/10/20 19:50:00",WRSF1,0
D,DISPATCH,UNIT_SCADA,1,"2022/10/20 19:50:00",WRWF1,105.621120
D,DISPATCH,UNIT_SCADA,1,"2022/10/20 19:50:00",WSTWYSF1,0
D,DISPATCH,UNIT_SCADA,1,"2022/10/20 19:50:00",YABULU,152.910020
D,DISPATCH,UNIT_SCADA,1,"2022/10/20 19:50:00",YABULU2,0
D,DISPATCH,UNIT_SCADA,1,"2022/10/20 19:50:00",YARANSF1,0
D,DISPATCH,UNIT_SCADA,1,"2022/10/20 19:50:00",YARWUN_1,162.429990
D,DISPATCH,UNIT_SCADA,1,"2022/10/20 19:50:00",YATSF1,0
D,DISPATCH,UNIT_SCADA,1,"2022/10/20 19:50:00",YENDWF1,12.79
D,DISPATCH,UNIT_SCADA,1,"2022/10/20 19:50:00",YWPS1,349.121520
D,DISPATCH,UNIT_SCADA,1,"2022/10/20 19:50:00",YWPS2,359.898740
D,DISPATCH,UNIT_SCADA,1,"2022/10/20 19:50:00",YWPS3,360.799990
D,DISPATCH,UNIT_SCADA,1,"2022/10/20 19:50:00",YWPS4,0
C,"END OF REPORT",419
