C,NEMP.WORLD,DISPATCHSCADA,AEMO,PUBLIC,2022/10/20,07:00:09,0000000373236207,DISPATCHSCADA,0000000373236201
I,DISPATCH,UNIT_SCADA,1,SETTLEMENTDATE,DUID,SCADAVALUE
D,DISPATCH,UNIT_SCADA,1,"2022/10/20 07:05:00",BARCSF1,10.400001
D,DISPATCH,UNIT_SCADA,1,"2022/10/20 07:05:00",BUTLERSG,8.699999
D,DISPATCH,UNIT_SCADA,1,"2022/10/20 07:05:00",CAPTL_WF,50.461708
D,DISPATCH,UNIT_SCADA,1,"2022/10/20 07:05:00",CHALLHWF,16
D,DISPATCH,UNIT_SCADA,1,"2022/10/20 07:05:00",CLOVER,13.20
D,DISPATCH,UNIT_SCADA,1,"2022/10/20 07:05:00",CLUNY,6.1767
D,DISPATCH,UNIT_SCADA,1,"2022/10/20 07:05:00",CULLRGWF,-0.02
D,DISPATCH,UNIT_SCADA,1,"2022/10/20 07:05:00",DIAPURWF1,7.30
D,DISPATCH,UNIT_SCADA,1,"2022/10/20 07:05:00",ERGT01,0
D,DISPATCH,UNIT_SCADA,1,"2022/10/20 07:05:00",GB01,0
D,DISPATCH,UNIT_SCADA,1,"2022/10/20 07:05:00",GERMCRK,23.200001
D,DISPATCH,UNIT_SCADA,1,"2022/10/20 07:05:00",GRIFSF1,1.899748
D,DISPATCH,UNIT_SCADA,1,"2022/10/20 07:05:00",HEZ1,0
D,DISPATCH,UNIT_SCADA,1,"2022/10/20 07:05:00",HUGSF1,0.3290
D,DISPATCH,UNIT_SCADA,1,"2022/10/20 07:05:00",KEPBG1,0.01
D,DISPATCH,UNIT_SCADA,1,"2022/10/20 07:05:00",LRSF1,4.04
D,DISPATCH,UNIT_SCADA,1,"2022/10/20 07:05:00",MBAHNTH,47.718750
D,DISPATCH,UNIT_SCADA,1,"2022/10/20 07:05:00",MLSP1,3.280001
D,DISPATCH,UNIT_SCADA,1,"2022/10/20 07:05:00",MLWF1,4.62
D,DISPATCH,UNIT_SCADA,1,"2022/10/20 07:05:00",PALOONA,30.24
D,DISPATCH,UNIT_SCADA,1,"2022/10/20 07:05:00",PIONEER,38.600002
D,DISPATCH,UNIT_SCADA,1,"2022/10/20 07:05:00",PORTWF,49
D,DISPATCH,UNIT_SCADA,1,"2022/10/20 07:05:00",REPULSE,9.499046
D,DISPATCH,UNIT_SCADA,1,"2022/10/20 07:05:00",ROWALLAN,8.9460
D,DISPATCH,UNIT_SCADA,1,"2022/10/20 07:05:00",ROYALLA1,5.719004
D,DISPATCH,UNIT_SCADA,1,"2022/10/20 07:05:00",RPCG,-1.20
D,DISPATCH,UNIT_SCADA,1,"2022/10/20 07:05:00",RUBICON,0
D,DISPATCH,UNIT_SCADA,1,"2022/10/20 07:05:00",WAUBRAWF,61.699001
D,DISPATCH,UNIT_SCADA,1,"2022/10/20 07:05:00",WOOLNTH1,22.629999
D,DISPATCH,UNIT_SCADA,1,"2022/10/20 07:05:00",YAMBUKWF,6.90
D,DISPATCH,UNIT_SCADA,1,"2022/10/20 07:05:00",YSWF1,0.40
D,DISPATCH,UNIT_SCADA,1,"2022/10/20 07:05:00",ADPBA1G,0.0080
D,DISPATCH,UNIT_SCADA,1,"2022/10/20 07:05:00",ADPBA1L,0
D,DISPATCH,UNIT_SCADA,1,"2022/10/20 07:05:00",ADPPV1,3.2140
D,DISPATCH,UNIT_SCADA,1,"2022/10/20 07:05:00",AGLHAL,0
D,DISPATCH,UNIT_SCADA,1,"2022/10/20 07:05:00",AGLSOM,0
D,DISPATCH,UNIT_SCADA,1,"2022/10/20 07:05:00",ANGAST1,0
D,DISPATCH,UNIT_SCADA,1,"2022/10/20 07:05:00",ARWF1,8
D,DISPATCH,UNIT_SCADA,1,"2022/10/20 07:05:00",BALBG1,0
D,DISPATCH,UNIT_SCADA,1,"2022/10/20 07:05:00",BALBL1,0
D,DISPATCH,UNIT_SCADA,1,"2022/10/20 07:05:00",BALDHWF1,0
D,DISPATCH,UNIT_SCADA,1,"2022/10/20 07:05:00",BANGOWF1,44.397650
D,DISPATCH,UNIT_SCADA,1,"2022/10/20 07:05:00",BANGOWF2,49.298310
D,DISPATCH,UNIT_SCADA,1,"2022/10/20 07:05:00",BANN1,8.13
D,DISPATCH,UNIT_SCADA,1,"2022/10/20 07:05:00",BARCALDN,0
D,DISPATCH,UNIT_SCADA,1,"2022/10/20 07:05:00",BARKIPS1,0
D,DISPATCH,UNIT_SCADA,1,"2022/10/20 07:05:00",BARRON-1,28.04
D,DISPATCH,UNIT_SCADA,1,"2022/10/20 07:05:00",BARRON-2,0
D,DISPATCH,UNIT_SCADA,1,"2022/10/20 07:05:00",BASTYAN,50.310010
D,DISPATCH,UNIT_SCADA,1,"2022/10/20 07:05:00",BBTHREE1,0
D,DISPATCH,UNIT_SCADA,1,"2022/10/20 07:05:00",BBTHREE2,0
D,DISPATCH,UNIT_SCADA,1,"2022/10/20 07:05:00",BBTHREE3,0
D,DISPATCH,UNIT_SCADA,1,"2022/10/20 07:05:00",BDL01,0
D,DISPATCH,UNIT_SCADA,1,"2022/10/20 07:05:00",BDL02,0
D,DISPATCH,UNIT_SCADA,1,"2022/10/20 07:05:00",BERYLSF1,3.232550
D,DISPATCH,UNIT_SCADA,1,"2022/10/20 07:05:00",BLOWERNG,62.70
D,DISPATCH,UNIT_SCADA,1,"2022/10/20 07:05:00",BLUEGSF1,9.259010
D,DISPATCH,UNIT_SCADA,1,"2022/10/20 07:05:00",BLUFF1,1
D,DISPATCH,UNIT_SCADA,1,"2022/10/20 07:05:00",BNGSF1,6.74
D,DISPATCH,UNIT_SCADA,1,"2022/10/20 07:05:00",BNGSF2,7.89
D,DISPATCH,UNIT_SCADA,1,"2022/10/20 07:05:00",BOCORWF1,0
D,DISPATCH,UNIT_SCADA,1,"2022/10/20 07:05:00",BODWF1,103.420330
D,DISPATCH,UNIT_SCADA,1,"2022/10/20 07:05:00",BOMENSF1,16.3827
D,DISPATCH,UNIT_SCADA,1,"2022/10/20 07:05:00",BOWWBA1G,0
D,DISPATCH,UNIT_SCADA,1,"2022/10/20 07:05:00",BOWWBA1L,0.0020
D,DISPATCH,UNIT_SCADA,1,"2022/10/20 07:05:00",BOWWPV1,0
D,DISPATCH,UNIT_SCADA,1,"2022/10/20 07:05:00",BRAEMAR1,0
D,DISPATCH,UNIT_SCADA,1,"2022/10/20 07:05:00",BRAEMAR2,0
D,DISPATCH,UNIT_SCADA,1,"2022/10/20 07:05:00",BRAEMAR3,0
D,DISPATCH,UNIT_SCADA,1,"2022/10/20 07:05:00",BRAEMAR5,0.292060
D,DISPATCH,UNIT_SCADA,1,"2022/10/20 07:05:00",BRAEMAR6,0
D,DISPATCH,UNIT_SCADA,1,"2022/10/20 07:05:00",BRAEMAR7,0.130920
D,DISPATCH,UNIT_SCADA,1,"2022/10/20 07:05:00",BROKENH1,3.799940
D,DISPATCH,UNIT_SCADA,1,"2022/10/20 07:05:00",BRYB1WF1,111.125350
D,DISPATCH,UNIT_SCADA,1,"2022/10/20 07:05:00",BULBESG1,20.13
D,DISPATCH,UNIT_SCADA,1,"2022/10/20 07:05:00",BULBESL1,0
D,DISPATCH,UNIT_SCADA,1,"2022/10/20 07:05:00",BULGANA1,40.12
D,DISPATCH,UNIT_SCADA,1,"2022/10/20 07:05:00",BW01,659.665830
D,DISPATCH,UNIT_SCADA,1,"2022/10/20 07:05:00",BW02,618.4787
D,DISPATCH,UNIT_SCADA,1,"2022/10/20 07:05:00",BW03,548.995180
D,DISPATCH,UNIT_SCADA,1,"2022/10/20 07:05:00",BW04,0
D,DISPATCH,UNIT_SCADA,1,"2022/10/20 07:05:00",CALL_B_1,319.899990
D,DISPATCH,UNIT_SCADA,1,"2022/10/20 07:05:00",CALL_B_2,319.600010
D,DISPATCH,UNIT_SCADA,1,"2022/10/20 07:05:00",CATHROCK,3.50
D,DISPATCH,UNIT_SCADA,1,"2022/10/20 07:05:00",CBWWBA1G,0
D,DISPATCH,UNIT_SCADA,1,"2022/10/20 07:05:00",CBWWBA1L,0
D,DISPATCH,UNIT_SCADA,1,"2022/10/20 07:05:00",CETHANA,97.765370
D,DISPATCH,UNIT_SCADA,1,"2022/10/20 07:05:00",CG1,0
D,DISPATCH,UNIT_SCADA,1,"2022/10/20 07:05:00",CG2,0
D,DISPATCH,UNIT_SCADA,1,"2022/10/20 07:05:00",CG3,0
D,DISPATCH,UNIT_SCADA,1,"2022/10/20 07:05:00",CG4,0
D,DISPATCH,UNIT_SCADA,1,"2022/10/20 07:05:00",CHILDSF1,3.16
D,DISPATCH,UNIT_SCADA,1,"2022/10/20 07:05:00",CHYTWF1,3.98
D,DISPATCH,UNIT_SCADA,1,"2022/10/20 07:05:00",CLARESF1,12.756990
D,DISPATCH,UNIT_SCADA,1,"2022/10/20 07:05:00",CLEMGPWF,6.050940
D,DISPATCH,UNIT_SCADA,1,"2022/10/20 07:05:00",CLERMSF1,1.71
D,DISPATCH,UNIT_SCADA,1,"2022/10/20 07:05:00",CNUNDAWF,12.614720
D,DISPATCH,UNIT_SCADA,1,"2022/10/20 07:05:00",COHUNSF1,1.78
D,DISPATCH,UNIT_SCADA,1,"2022/10/20 07:05:00",COLEASF1,14.196610
D,DISPATCH,UNIT_SCADA,1,"2022/10/20 07:05:00",COLUMSF1,11.4650
D,DISPATCH,UNIT_SCADA,1,"2022/10/20 07:05:00",COLWF01,98.034640
D,DISPATCH,UNIT_SCADA,1,"2022/10/20 07:05:00",COOPGWF1,334.420010
D,DISPATCH,UNIT_SCADA,1,"2022/10/20 07:05:00",CPP_3,359.425020
D,DISPATCH,UNIT_SCADA,1,"2022/10/20 07:05:00",CPP_4,0
D,DISPATCH,UNIT_SCADA,1,"2022/10/20 07:05:00",CPSA,0
D,DISPATCH,UNIT_SCADA,1,"2022/10/20 07:05:00",CROOKWF2,32.463260
D,DISPATCH,UNIT_SCADA,1,"2022/10/20 07:05:00",CROWLWF1,46.393340
D,DISPATCH,UNIT_SCADA,1,"2022/10/20 07:05:00",CRURWF1,79.596780
D,DISPATCH,UNIT_SCADA,1,"2022/10/20 07:05:00",CRWASF1,16.798720
D,DISPATCH,UNIT_SCADA,1,"2022/10/20 07:05:00",CSPVPS1,5.4460
D,DISPATCH,UNIT_SCADA,1,"2022/10/20 07:05:00",CTHLWF1,0.003050
D,DISPATCH,UNIT_SCADA,1,"2022/10/20 07:05:00",DALNTH01,0
D,DISPATCH,UNIT_SCADA,1,"2022/10/20 07:05:00",DALNTHL1,0.187690
D,DISPATCH,UNIT_SCADA,1,"2022/10/20 07:05:00",DARLSF1,27.879150
D,DISPATCH,UNIT_SCADA,1,"2022/10/20 07:05:00",DARTM1,0
D,DISPATCH,UNIT_SCADA,1,"2022/10/20 07:05:00",DAYDSF1,9.3960
D,DISPATCH,UNIT_SCADA,1,"2022/10/20 07:05:00",DDPS1,0
D,DISPATCH,UNIT_SCADA,1,"2022/10/20 07:05:00",DDSF1,6.286080
D,DISPATCH,UNIT_SCADA,1,"2022/10/20 07:05:00",DEVILS_G,58.532060
D,DISPATCH,UNIT_SCADA,1,"2022/10/20 07:05:00",DG_NSW1,0
D,DISPATCH,UNIT_SCADA,1,"2022/10/20 07:05:00",DG_QLD1,0
D,DISPATCH,UNIT_SCADA,1,"2022/10/20 07:05:00",DG_SA1,0
D,DISPATCH,UNIT_SCADA,1,"2022/10/20 07:05:00",DG_TAS1,0
D,DISPATCH,UNIT_SCADA,1,"2022/10/20 07:05:00",DG_VIC1,0
D,DISPATCH,UNIT_SCADA,1,"2022/10/20 07:05:00",DRYCGT1,0
D,DISPATCH,UNIT_SCADA,1,"2022/10/20 07:05:00",DRYCGT2,0
D,DISPATCH,UNIT_SCADA,1,"2022/10/20 07:05:00",DRYCGT3,0
D,DISPATCH,UNIT_SCADA,1,"2022/10/20 07:05:00",DUNDWF1,46.15
D,DISPATCH,UNIT_SCADA,1,"2022/10/20 07:05:00",DUNDWF2,15.36
D,DISPATCH,UNIT_SCADA,1,"2022/10/20 07:05:00",DUNDWF3,47.16
D,DISPATCH,UNIT_SCADA,1,"2022/10/20 07:05:00",EILDON1,59.84
D,DISPATCH,UNIT_SCADA,1,"2022/10/20 07:05:00",EILDON2,59.96
D,DISPATCH,UNIT_SCADA,1,"2022/10/20 07:05:00",ELAINWF1,17.80
D,DISPATCH,UNIT_SCADA,1,"2022/10/20 07:05:00",EMERASF1,0
D,DISPATCH,UNIT_SCADA,1,"2022/10/20 07:05:00",ER01,0
D,DISPATCH,UNIT_SCADA,1,"2022/10/20 07:05:00",ER02,679.588010
D,DISPATCH,UNIT_SCADA,1,"2022/10/20 07:05:00",ER03,678.245240
D,DISPATCH,UNIT_SCADA,1,"2022/10/20 07:05:00",ER04,688.157470
D,DISPATCH,UNIT_SCADA,1,"2022/10/20 07:05:00",FINLYSF1,88.358890
D,DISPATCH,UNIT_SCADA,1,"2022/10/20 07:05:00",FISHER,45.91
D,DISPATCH,UNIT_SCADA,1,"2022/10/20 07:05:00",GANGARR1,6.3270
D,DISPATCH,UNIT_SCADA,1,"2022/10/20 07:05:00",GANNBG1,15.006970
D,DISPATCH,UNIT_SCADA,1,"2022/10/20 07:05:00",GANNBL1,0
D,DISPATCH,UNIT_SCADA,1,"2022/10/20 07:05:00",GANNSF1,17.20
D,DISPATCH,UNIT_SCADA,1,"2022/10/20 07:05:00",GLRWNSF1,64.13
D,DISPATCH,UNIT_SCADA,1,"2022/10/20 07:05:00",GNNDHSF1,6.306940
D,DISPATCH,UNIT_SCADA,1,"2022/10/20 07:05:00",GOONSF1,4.166320
D,DISPATCH,UNIT_SCADA,1,"2022/10/20 07:05:00",GORDON,241.305310
D,DISPATCH,UNIT_SCADA,1,"2022/10/20 07:05:00",GRANWF1,10.25
D,DISPATCH,UNIT_SCADA,1,"2022/10/20 07:05:00",GSTONE1,200.3750
D,DISPATCH,UNIT_SCADA,1,"2022/10/20 07:05:00",GSTONE2,0
D,DISPATCH,UNIT_SCADA,1,"2022/10/20 07:05:00",GSTONE3,199.849990
D,DISPATCH,UNIT_SCADA,1,"2022/10/20 07:05:00",GSTONE4,0
D,DISPATCH,UNIT_SCADA,1,"2022/10/20 07:05:00",GSTONE5,200.724990
D,DISPATCH,UNIT_SCADA,1,"2022/10/20 07:05:00",GSTONE6,200.724990
D,DISPATCH,UNIT_SCADA,1,"2022/10/20 07:05:00",GULLRSF1,0.3150
D,DISPATCH,UNIT_SCADA,1,"2022/10/20 07:05:00",GULLRWF1,74.233870
D,DISPATCH,UNIT_SCADA,1,"2022/10/20 07:05:00",GULLRWF2,99.831110
D,DISPATCH,UNIT_SCADA,1,"2022/10/20 07:05:00",GUNNING1,0
D,DISPATCH,UNIT_SCADA,1,"2022/10/20 07:05:00",GUTHEGA,67.70
D,DISPATCH,UNIT_SCADA,1,"2022/10/20 07:05:00",HALLWF1,50.02
D,DISPATCH,UNIT_SCADA,1,"2022/10/20 07:05:00",HALLWF2,53.55
D,DISPATCH,UNIT_SCADA,1,"2022/10/20 07:05:00",HAMISF1,3.20
D,DISPATCH,UNIT_SCADA,1,"2022/10/20 07:05:00",HAUGHT11,10.9737
D,DISPATCH,UNIT_SCADA,1,"2022/10/20 07:05:00",HAYMSF1,2.6650
D,DISPATCH,UNIT_SCADA,1,"2022/10/20 07:05:00",HDWF1,26.50
D,DISPATCH,UNIT_SCADA,1,"2022/10/20 07:05:00",HDWF2,12.70
D,DISPATCH,UNIT_SCADA,1,"2022/10/20 07:05:00",HDWF3,14.90
D,DISPATCH,UNIT_SCADA,1,"2022/10/20 07:05:00",HILLSTN1,1.794820
D,DISPATCH,UNIT_SCADA,1,"2022/10/20 07:05:00",HPRG1,0.10
D,DISPATCH,UNIT_SCADA,1,"2022/10/20 07:05:00",HPRL1,0
D,DISPATCH,UNIT_SCADA,1,"2022/10/20 07:05:00",HUMENSW,54.229130
D,DISPATCH,UNIT_SCADA,1,"2022/10/20 07:05:00",HUMEV,0
D,DISPATCH,UNIT_SCADA,1,"2022/10/20 07:05:00",HVWWBA1G,0
D,DISPATCH,UNIT_SCADA,1,"2022/10/20 07:05:00",HVWWBA1L,0.0070
D,DISPATCH,UNIT_SCADA,1,"2022/10/20 07:05:00",HVWWPV1,2.1550
D,DISPATCH,UNIT_SCADA,1,"2022/10/20 07:05:00",JBUTTERS,0
D,DISPATCH,UNIT_SCADA,1,"2022/10/20 07:05:00",JEMALNG1,0.03
D,DISPATCH,UNIT_SCADA,1,"2022/10/20 07:05:00",JLA01,0
D,DISPATCH,UNIT_SCADA,1,"2022/10/20 07:05:00",JLA02,0
D,DISPATCH,UNIT_SCADA,1,"2022/10/20 07:05:00",JLA03,0
D,DISPATCH,UNIT_SCADA,1,"2022/10/20 07:05:00",JLA04,0
D,DISPATCH,UNIT_SCADA,1,"2022/10/20 07:05:00",JLB01,0
D,DISPATCH,UNIT_SCADA,1,"2022/10/20 07:05:00",JLB02,0.10
D,DISPATCH,UNIT_SCADA,1,"2022/10/20 07:05:00",JLB03,0
D,DISPATCH,UNIT_SCADA,1,"2022/10/20 07:05:00",JUNEESF1,4.275710
D,DISPATCH,UNIT_SCADA,1,"2022/10/20 07:05:00",KABANWF1,0.6190
D,DISPATCH,UNIT_SCADA,1,"2022/10/20 07:05:00",KAREEYA1,17.92
D,DISPATCH,UNIT_SCADA,1,"2022/10/20 07:05:00",KAREEYA2,0
D,DISPATCH,UNIT_SCADA,1,"2022/10/20 07:05:00",KAREEYA3,21.41
D,DISPATCH,UNIT_SCADA,1,"2022/10/20 07:05:00",KAREEYA4,0
D,DISPATCH,UNIT_SCADA,1,"2022/10/20 07:05:00",KARSF1,12.90
D,DISPATCH,UNIT_SCADA,1,"2022/10/20 07:05:00",KEPSF1,0.95
D,DISPATCH,UNIT_SCADA,1,"2022/10/20 07:05:00",KEPWF1,0
D,DISPATCH,UNIT_SCADA,1,"2022/10/20 07:05:00",KIAMSF1,2.796220
D,DISPATCH,UNIT_SCADA,1,"2022/10/20 07:05:00",KIATAWF1,30.80
D,DISPATCH,UNIT_SCADA,1,"2022/10/20 07:05:00",KPP_1,0
D,DISPATCH,UNIT_SCADA,1,"2022/10/20 07:05:00",KSP1,27.34
D,DISPATCH,UNIT_SCADA,1,"2022/10/20 07:05:00",LADBROK1,0.02
D,DISPATCH,UNIT_SCADA,1,"2022/10/20 07:05:00",LADBROK2,38.11
D,DISPATCH,UNIT_SCADA,1,"2022/10/20 07:05:00",LBBG1,24
D,DISPATCH,UNIT_SCADA,1,"2022/10/20 07:05:00",LBBL1,0
D,DISPATCH,UNIT_SCADA,1,"2022/10/20 07:05:00",LD01,319.290740
D,DISPATCH,UNIT_SCADA,1,"2022/10/20 07:05:00",LD02,0
D,DISPATCH,UNIT_SCADA,1,"2022/10/20 07:05:00",LD04,317.2399
D,DISPATCH,UNIT_SCADA,1,"2022/10/20 07:05:00",LEM_WIL,87.000440
D,DISPATCH,UNIT_SCADA,1,"2022/10/20 07:05:00",LGAPWF1,84.68
D,DISPATCH,UNIT_SCADA,1,"2022/10/20 07:05:00",LGAPWF2,57.41
D,DISPATCH,UNIT_SCADA,1,"2022/10/20 07:05:00",LILYSF1,14.614530
D,DISPATCH,UNIT_SCADA,1,"2022/10/20 07:05:00",LIMOSF11,12.654150
D,DISPATCH,UNIT_SCADA,1,"2022/10/20 07:05:00",LIMOSF21,1.510730
D,DISPATCH,UNIT_SCADA,1,"2022/10/20 07:05:00",LI_WY_CA,76.923460
D,DISPATCH,UNIT_SCADA,1,"2022/10/20 07:05:00",LKBONNY1,0
D,DISPATCH,UNIT_SCADA,1,"2022/10/20 07:05:00",LKBONNY2,23.956830
D,DISPATCH,UNIT_SCADA,1,"2022/10/20 07:05:00",LKBONNY3,8.764070
D,DISPATCH,UNIT_SCADA,1,"2022/10/20 07:05:00",LK_ECHO,0
D,DISPATCH,UNIT_SCADA,1,"2022/10/20 07:05:00",LNGS1,0
D,DISPATCH,UNIT_SCADA,1,"2022/10/20 07:05:00",LNGS2,0
D,DISPATCH,UNIT_SCADA,1,"2022/10/20 07:05:00",LONSDALE,0
D,DISPATCH,UNIT_SCADA,1,"2022/10/20 07:05:00",LOYYB1,580.450620
D,DISPATCH,UNIT_SCADA,1,"2022/10/20 07:05:00",LOYYB2,575.563290
D,DISPATCH,UNIT_SCADA,1,"2022/10/20 07:05:00",LYA1,559
D,DISPATCH,UNIT_SCADA,1,"2022/10/20 07:05:00",LYA2,0
D,DISPATCH,UNIT_SCADA,1,"2022/10/20 07:05:00",LYA3,557
D,DISPATCH,UNIT_SCADA,1,"2022/10/20 07:05:00",LYA4,561
D,DISPATCH,UNIT_SCADA,1,"2022/10/20 07:05:00",MACARTH1,17.899590
D,DISPATCH,UNIT_SCADA,1,"2022/10/20 07:05:00",MACKNTSH,0
D,DISPATCH,UNIT_SCADA,1,"2022/10/20 07:05:00",MANSLR1,0.2580
D,DISPATCH,UNIT_SCADA,1,"2022/10/20 07:05:00",MAPS2PV1,0
D,DISPATCH,UNIT_SCADA,1,"2022/10/20 07:05:00",MAPS3PV1,0
D,DISPATCH,UNIT_SCADA,1,"2022/10/20 07:05:00",MARYRSF1,4.64
D,DISPATCH,UNIT_SCADA,1,"2022/10/20 07:05:00",MBPS2PV1,0
D,DISPATCH,UNIT_SCADA,1,"2022/10/20 07:05:00",MCKAY1,239.070010
D,DISPATCH,UNIT_SCADA,1,"2022/10/20 07:05:00",MEADOWBK,19.748780
D,DISPATCH,UNIT_SCADA,1,"2022/10/20 07:05:00",MERCER01,20.60
D,DISPATCH,UNIT_SCADA,1,"2022/10/20 07:05:00",METZSF1,50.856370
D,DISPATCH,UNIT_SCADA,1,"2022/10/20 07:05:00",MEWF1,4
D,DISPATCH,UNIT_SCADA,1,"2022/10/20 07:05:00",MIDDLSF1,1.28
D,DISPATCH,UNIT_SCADA,1,"2022/10/20 07:05:00",MINTARO,0.128180
D,DISPATCH,UNIT_SCADA,1,"2022/10/20 07:05:00",MOLNGSF1,0.604260
D,DISPATCH,UNIT_SCADA,1,"2022/10/20 07:05:00",MOORAWF1,27.25
D,DISPATCH,UNIT_SCADA,1,"2022/10/20 07:05:00",MOREESF1,1.0520
D,DISPATCH,UNIT_SCADA,1,"2022/10/20 07:05:00",MORTLK11,0
D,DISPATCH,UNIT_SCADA,1,"2022/10/20 07:05:00",MORTLK12,0
D,DISPATCH,UNIT_SCADA,1,"2022/10/20 07:05:00",MOUSF1,0
D,DISPATCH,UNIT_SCADA,1,"2022/10/20 07:05:00",MP1,0
D,DISPATCH,UNIT_SCADA,1,"2022/10/20 07:05:00",MP2,553.145630
D,DISPATCH,UNIT_SCADA,1,"2022/10/20 07:05:00",MPP_1,176.550110
D,DISPATCH,UNIT_SCADA,1,"2022/10/20 07:05:00",MPP_2,0
D,DISPATCH,UNIT_SCADA,1,"2022/10/20 07:05:00",MRTLSWF1,0
D,DISPATCH,UNIT_SCADA,1,"2022/10/20 07:05:00",MSTUART1,0
D,DISPATCH,UNIT_SCADA,1,"2022/10/20 07:05:00",MSTUART2,0
D,DISPATCH,UNIT_SCADA,1,"2022/10/20 07:05:00",MSTUART3,0
D,DISPATCH,UNIT_SCADA,1,"2022/10/20 07:05:00",MTGELWF1,38.021480
D,DISPATCH,UNIT_SCADA,1,"2022/10/20 07:05:00",MTMILLAR,12.40
D,DISPATCH,UNIT_SCADA,1,"2022/10/20 07:05:00",MURRAY,9.20
D,DISPATCH,UNIT_SCADA,1,"2022/10/20 07:05:00",MUSSELR1,22.60
D,DISPATCH,UNIT_SCADA,1,"2022/10/20 07:05:00",MUWAWF1,179.58
D,DISPATCH,UNIT_SCADA,1,"2022/10/20 07:05:00",MUWAWF2,160.30
D,DISPATCH,UNIT_SCADA,1,"2022/10/20 07:05:00",MWPS1PV1,0.17
D,DISPATCH,UNIT_SCADA,1,"2022/10/20 07:05:00",MWPS2PV1,0.21
D,DISPATCH,UNIT_SCADA,1,"2022/10/20 07:05:00",MWPS3PV1,0.04
D,DISPATCH,UNIT_SCADA,1,"2022/10/20 07:05:00",MWPS4PV1,0.07
D,DISPATCH,UNIT_SCADA,1,"2022/10/20 07:05:00",NBHWF1,112.20
D,DISPATCH,UNIT_SCADA,1,"2022/10/20 07:05:00",NEVERSF1,3.10
D,DISPATCH,UNIT_SCADA,1,"2022/10/20 07:05:00",NPS,0
D,DISPATCH,UNIT_SCADA,1,"2022/10/20 07:05:00",NUMURSF1,72.31
D,DISPATCH,UNIT_SCADA,1,"2022/10/20 07:05:00",NYNGAN1,1.25
D,DISPATCH,UNIT_SCADA,1,"2022/10/20 07:05:00",OAKEY1,0
D,DISPATCH,UNIT_SCADA,1,"2022/10/20 07:05:00",OAKEY1SF,1.6010
D,DISPATCH,UNIT_SCADA,1,"2022/10/20 07:05:00",OAKEY2,0
D,DISPATCH,UNIT_SCADA,1,"2022/10/20 07:05:00",OAKEY2SF,3.15
D,DISPATCH,UNIT_SCADA,1,"2022/10/20 07:05:00",OAKLAND1,9.70
D,DISPATCH,UNIT_SCADA,1,"2022/10/20 07:05:00",OSB-AG,0
D,DISPATCH,UNIT_SCADA,1,"2022/10/20 07:05:00",PAREPS1,0.0660
D,DISPATCH,UNIT_SCADA,1,"2022/10/20 07:05:00",PAREPW1,76.70
D,DISPATCH,UNIT_SCADA,1,"2022/10/20 07:05:00",PARSF1,3.401240
D,DISPATCH,UNIT_SCADA,1,"2022/10/20 07:05:00",POAT110,0
D,DISPATCH,UNIT_SCADA,1,"2022/10/20 07:05:00",POAT220,0
D,DISPATCH,UNIT_SCADA,1,"2022/10/20 07:05:00",POR01,0
D,DISPATCH,UNIT_SCADA,1,"2022/10/20 07:05:00",POR03,0
D,DISPATCH,UNIT_SCADA,1,"2022/10/20 07:05:00",PPCCGT,174.894330
D,DISPATCH,UNIT_SCADA,1,"2022/10/20 07:05:00",PTSTAN1,0
D,DISPATCH,UNIT_SCADA,1,"2022/10/20 07:05:00",PUMP1,0
D,DISPATCH,UNIT_SCADA,1,"2022/10/20 07:05:00",PUMP2,0
D,DISPATCH,UNIT_SCADA,1,"2022/10/20 07:05:00",QBYNBG1,0
D,DISPATCH,UNIT_SCADA,1,"2022/10/20 07:05:00",QBYNBL1,0.0005
D,DISPATCH,UNIT_SCADA,1,"2022/10/20 07:05:00",QPS1,0
D,DISPATCH,UNIT_SCADA,1,"2022/10/20 07:05:00",QPS2,0
D,DISPATCH,UNIT_SCADA,1,"2022/10/20 07:05:00",QPS3,0
D,DISPATCH,UNIT_SCADA,1,"2022/10/20 07:05:00",QPS4,0
D,DISPATCH,UNIT_SCADA,1,"2022/10/20 07:05:00",QPS5,75.86
D,DISPATCH,UNIT_SCADA,1,"2022/10/20 07:05:00",REECE1,44.819360
D,DISPATCH,UNIT_SCADA,1,"2022/10/20 07:05:00",REECE2,56.060010
D,DISPATCH,UNIT_SCADA,1,"2022/10/20 07:05:00",ROMA_7,0
D,DISPATCH,UNIT_SCADA,1,"2022/10/20 07:05:00",ROMA_8,0
D,DISPATCH,UNIT_SCADA,1,"2022/10/20 07:05:00",RRSF1,38.960940
D,DISPATCH,UNIT_SCADA,1,"2022/10/20 07:05:00",RT_NSW1,0
D,DISPATCH,UNIT_SCADA,1,"2022/10/20 07:05:00",RT_NSW2,0
D,DISPATCH,UNIT_SCADA,1,"2022/10/20 07:05:00",RT_NSW3,0
D,DISPATCH,UNIT_SCADA,1,"2022/10/20 07:05:00",RT_NSW4,0
D,DISPATCH,UNIT_SCADA,1,"2022/10/20 07:05:00",RT_NSW5,0
D,DISPATCH,UNIT_SCADA,1,"2022/10/20 07:05:00",RT_NSW6,0
D,DISPATCH,UNIT_SCADA,1,"2022/10/20 07:05:00",RT_QLD1,0
D,DISPATCH,UNIT_SCADA,1,"2022/10/20 07:05:00",RT_SA1,0
D,DISPATCH,UNIT_SCADA,1,"2022/10/20 07:05:00",RT_SA2,0
D,DISPATCH,UNIT_SCADA,1,"2022/10/20 07:05:00",RT_SA3,0
D,DISPATCH,UNIT_SCADA,1,"2022/10/20 07:05:00",RT_SA4,0
D,DISPATCH,UNIT_SCADA,1,"2022/10/20 07:05:00",RT_SA5,0
D,DISPATCH,UNIT_SCADA,1,"2022/10/20 07:05:00",RT_SA6,0
D,DISPATCH,UNIT_SCADA,1,"2022/10/20 07:05:00",RT_TAS1,0
D,DISPATCH,UNIT_SCADA,1,"2022/10/20 07:05:00",RT_VIC1,0
D,DISPATCH,UNIT_SCADA,1,"2022/10/20 07:05:00",RT_VIC10,0
D,DISPATCH,UNIT_SCADA,1,"2022/10/20 07:05:00",RT_VIC11,0
D,DISPATCH,UNIT_SCADA,1,"2022/10/20 07:05:00",RT_VIC12,0
D,DISPATCH,UNIT_SCADA,1,"2022/10/20 07:05:00",RT_VIC2,0
D,DISPATCH,UNIT_SCADA,1,"2022/10/20 07:05:00",RT_VIC3,0
D,DISPATCH,UNIT_SCADA,1,"2022/10/20 07:05:00",RT_VIC4,0
D,DISPATCH,UNIT_SCADA,1,"2022/10/20 07:05:00",RT_VIC5,0
D,DISPATCH,UNIT_SCADA,1,"2022/10/20 07:05:00",RT_VIC6,0
D,DISPATCH,UNIT_SCADA,1,"2022/10/20 07:05:00",RT_VIC7,0
D,DISPATCH,UNIT_SCADA,1,"2022/10/20 07:05:00",RT_VIC8,0
D,DISPATCH,UNIT_SCADA,1,"2022/10/20 07:05:00",RT_VIC9,0
D,DISPATCH,UNIT_SCADA,1,"2022/10/20 07:05:00",RUGBYR1,9.798140
D,DISPATCH,UNIT_SCADA,1,"2022/10/20 07:05:00",SALTCRK1,10.58
D,DISPATCH,UNIT_SCADA,1,"2022/10/20 07:05:00",SAPHWF1,156.910050
D,DISPATCH,UNIT_SCADA,1,"2022/10/20 07:05:00",SEBSF1,33.232330
D,DISPATCH,UNIT_SCADA,1,"2022/10/20 07:05:00",SHGEN,78.601290
D,DISPATCH,UNIT_SCADA,1,"2022/10/20 07:05:00",SHPUMP,0
D,DISPATCH,UNIT_SCADA,1,"2022/10/20 07:05:00",SITHE01,0.123710
D,DISPATCH,UNIT_SCADA,1,"2022/10/20 07:05:00",SMCSF1,27.6360
D,DISPATCH,UNIT_SCADA,1,"2022/10/20 07:05:00",SNAPPER1,0
D,DISPATCH,UNIT_SCADA,1,"2022/10/20 07:05:00",SNOWNTH1,138.600010
D,DISPATCH,UNIT_SCADA,1,"2022/10/20 07:05:00",SNOWSTH1,119.80
D,DISPATCH,UNIT_SCADA,1,"2022/10/20 07:05:00",SNOWTWN1,78.5671
D,DISPATCH,UNIT_SCADA,1,"2022/10/20 07:05:00",SNOWYP,0
D,DISPATCH,UNIT_SCADA,1,"2022/10/20 07:05:00",SNUG1,0
D,DISPATCH,UNIT_SCADA,1,"2022/10/20 07:05:00",SRSF1,3.53
D,DISPATCH,UNIT_SCADA,1,"2022/10/20 07:05:00",STAN-1,281.389160
D,DISPATCH,UNIT_SCADA,1,"2022/10/20 07:05:00",STAN-2,365.166290
D,DISPATCH,UNIT_SCADA,1,"2022/10/20 07:05:00",STAN-3,170.553650
D,DISPATCH,UNIT_SCADA,1,"2022/10/20 07:05:00",STAN-4,364.615140
D,DISPATCH,UNIT_SCADA,1,"2022/10/20 07:05:00",STARHLWF,6.098220
D,DISPATCH,UNIT_SCADA,1,"2022/10/20 07:05:00",STOCKYD1,275.53
D,DISPATCH,UNIT_SCADA,1,"2022/10/20 07:05:00",STWF1,25.329370
D,DISPATCH,UNIT_SCADA,1,"2022/10/20 07:05:00",SUNRSF1,4.994280
D,DISPATCH,UNIT_SCADA,1,"2022/10/20 07:05:00",SUNTPSF1,14.4625
D,DISPATCH,UNIT_SCADA,1,"2022/10/20 07:05:00",SWAN_E,258.806880
D,DISPATCH,UNIT_SCADA,1,"2022/10/20 07:05:00",TALWA1,0
D,DISPATCH,UNIT_SCADA,1,"2022/10/20 07:05:00",TARALGA1,0
D,DISPATCH,UNIT_SCADA,1,"2022/10/20 07:05:00",TARONG#1,350.399990
D,DISPATCH,UNIT_SCADA,1,"2022/10/20 07:05:00",TARONG#2,349.600010
D,DISPATCH,UNIT_SCADA,1,"2022/10/20 07:05:00",TARONG#3,0.90
D,DISPATCH,UNIT_SCADA,1,"2022/10/20 07:05:00",TARONG#4,295.800020
D,DISPATCH,UNIT_SCADA,1,"2022/10/20 07:05:00",TARRALEA,54
D,DISPATCH,UNIT_SCADA,1,"2022/10/20 07:05:00",TBSF1,8.70
D,DISPATCH,UNIT_SCADA,1,"2022/10/20 07:05:00",TNPS1,440.8750
D,DISPATCH,UNIT_SCADA,1,"2022/10/20 07:05:00",TORRB1,0
D,DISPATCH,UNIT_SCADA,1,"2022/10/20 07:05:00",TORRB2,41
D,DISPATCH,UNIT_SCADA,1,"2022/10/20 07:05:00",TORRB3,0
D,DISPATCH,UNIT_SCADA,1,"2022/10/20 07:05:00",TORRB4,0
D,DISPATCH,UNIT_SCADA,1,"2022/10/20 07:05:00",TREVALLN,98.522060
D,DISPATCH,UNIT_SCADA,1,"2022/10/20 07:05:00",TRIBUTE,0
D,DISPATCH,UNIT_SCADA,1,"2022/10/20 07:05:00",TUMUT3,0
D,DISPATCH,UNIT_SCADA,1,"2022/10/20 07:05:00",TUNGATIN,5.200020
D,DISPATCH,UNIT_SCADA,1,"2022/10/20 07:05:00",TVCC201,0
D,DISPATCH,UNIT_SCADA,1,"2022/10/20 07:05:00",TVPP104,57.767950
D,DISPATCH,UNIT_SCADA,1,"2022/10/20 07:05:00",UPPTUMUT,121.352050
D,DISPATCH,UNIT_SCADA,1,"2022/10/20 07:05:00",URANQ11,0
D,DISPATCH,UNIT_SCADA,1,"2022/10/20 07:05:00",URANQ12,0
D,DISPATCH,UNIT_SCADA,1,"2022/10/20 07:05:00",URANQ13,0
D,DISPATCH,UNIT_SCADA,1,"2022/10/20 07:05:00",URANQ14,0
D,DISPATCH,UNIT_SCADA,1,"2022/10/20 07:05:00",VBBG1,118.90
D,DISPATCH,UNIT_SCADA,1,"2022/10/20 07:05:00",VBBL1,0
D,DISPATCH,UNIT_SCADA,1,"2022/10/20 07:05:00",VP5,601.312320
D,DISPATCH,UNIT_SCADA,1,"2022/10/20 07:05:00",VP6,600.7019
D,DISPATCH,UNIT_SCADA,1,"2022/10/20 07:05:00",VPGS1,0
D,DISPATCH,UNIT_SCADA,1,"2022/10/20 07:05:00",VPGS2,0
D,DISPATCH,UNIT_SCADA,1,"2022/10/20 07:05:00",VPGS3,0
D,DISPATCH,UNIT_SCADA,1,"2022/10/20 07:05:00",VPGS4,0
D,DISPATCH,UNIT_SCADA,1,"2022/10/20 07:05:00",VPGS5,0
D,DISPATCH,UNIT_SCADA,1,"2022/10/20 07:05:00",VPGS6,0
D,DISPATCH,UNIT_SCADA,1,"2022/10/20 07:05:00",W/HOE#1,0
D,DISPATCH,UNIT_SCADA,1,"2022/10/20 07:05:00",W/HOE#2,43.16
D,DISPATCH,UNIT_SCADA,1,"2022/10/20 07:05:00",WAGGNSF1,0
D,DISPATCH,UNIT_SCADA,1,"2022/10/20 07:05:00",WALGRVG1,3.115390
D,DISPATCH,UNIT_SCADA,1,"2022/10/20 07:05:00",WALGRVL1,0
D,DISPATCH,UNIT_SCADA,1,"2022/10/20 07:05:00",WANDBG1,0
D,DISPATCH,UNIT_SCADA,1,"2022/10/20 07:05:00",WANDBL1,-0.922350
D,DISPATCH,UNIT_SCADA,1,"2022/10/20 07:05:00",WARWSF1,5.13
D,DISPATCH,UNIT_SCADA,1,"2022/10/20 07:05:00",WARWSF2,5.09
D,DISPATCH,UNIT_SCADA,1,"2022/10/20 07:05:00",WATERLWF,77.20
D,DISPATCH,UNIT_SCADA,1,"2022/10/20 07:05:00",WDGPH1,6.0130
D,DISPATCH,UNIT_SCADA,1,"2022/10/20 07:05:00",WELLSF1,13.083090
D,DISPATCH,UNIT_SCADA,1,"2022/10/20 07:05:00",WEMENSF1,4
D,DISPATCH,UNIT_SCADA,1,"2022/10/20 07:05:00",WGWF1,106.80
D,DISPATCH,UNIT_SCADA,1,"2022/10/20 07:05:00",WHITSF1,3.50
D,DISPATCH,UNIT_SCADA,1,"2022/10/20 07:05:00",WINTSF1,36.25
D,DISPATCH,UNIT_SCADA,1,"2022/10/20 07:05:00",WKIEWA1,33.90
D,DISPATCH,UNIT_SCADA,1,"2022/10/20 07:05:00",WKIEWA2,34
D,DISPATCH,UNIT_SCADA,1,"2022/10/20 07:05:00",WOODLWN1,32.2168
D,DISPATCH,UNIT_SCADA,1,"2022/10/20 07:05:00",WOOLGSF1,8.338690
D,DISPATCH,UNIT_SCADA,1,"2022/10/20 07:05:00",WPWF,40.80
D,DISPATCH,UNIT_SCADA,1,"2022/10/20 07:05:00",WRSF1,1.180460
D,DISPATCH,UNIT_SCADA,1,"2022/10/20 07:05:00",WRWF1,48.770880
D,DISPATCH,UNIT_SCADA,1,"2022/10/20 07:05:00",WSTWYSF1,0
D,DISPATCH,UNIT_SCADA,1,"2022/10/20 07:05:00",YABULU,0
D,DISPATCH,UNIT_SCADA,1,"2022/10/20 07:05:00",YABULU2,0
D,DISPATCH,UNIT_SCADA,1,"2022/10/20 07:05:00",YARANSF1,13.48
D,DISPATCH,UNIT_SCADA,1,"2022/10/20 07:05:00",YARWUN_1,129.80
D,DISPATCH,UNIT_SCADA,1,"2022/10/20 07:05:00",YATSF1,13.06
D,DISPATCH,UNIT_SCADA,1,"2022/10/20 07:05:00",YENDWF1,20.55
D,DISPATCH,UNIT_SCADA,1,"2022/10/20 07:05:00",YWPS1,364.911410
D,DISPATCH,UNIT_SCADA,1,"2022/10/20 07:05:00",YWPS2,288.969640
D,DISPATCH,UNIT_SCADA,1,"2022/10/20 07:05:00",YWPS3,359.953160
D,DISPATCH,UNIT_SCADA,1,"2022/10/20 07:05:00",YWPS4,0
C,"END OF REPORT",419
