C,NEMP.WORLD,DISPATCHSCADA,AEMO,PUBLIC,2022/10/20,22:35:09,0000000373285206,DISPATCHSCADA,0000000373285200
I,DISPATCH,UNIT_SCADA,1,SETTLEMENTDATE,DUID,SCADAVALUE
D,DISPATCH,UNIT_SCADA,1,"2022/10/20 22:40:00",BARCSF1,0
D,DISPATCH,UNIT_SCADA,1,"2022/10/20 22:40:00",BUTLERSG,8.699999
D,DISPATCH,UNIT_SCADA,1,"2022/10/20 22:40:00",CAPTL_WF,81.067642
D,DISPATCH,UNIT_SCADA,1,"2022/10/20 22:40:00",CHALLHWF,4.10
D,DISPATCH,UNIT_SCADA,1,"2022/10/20 22:40:00",CLOVER,13.32
D,DISPATCH,UNIT_SCADA,1,"2022/10/20 22:40:00",CLUNY,5.614557
D,DISPATCH,UNIT_SCADA,1,"2022/10/20 22:40:00",CULLRGWF,-0.05
D,DISPATCH,UNIT_SCADA,1,"2022/10/20 22:40:00",DIAPURWF1,2.50
D,DISPATCH,UNIT_SCADA,1,"2022/10/20 22:40:00",ERGT01,0
D,DISPATCH,UNIT_SCADA,1,"2022/10/20 22:40:00",GB01,0
D,DISPATCH,UNIT_SCADA,1,"2022/10/20 22:40:00",GERMCRK,19.40
D,DISPATCH,UNIT_SCADA,1,"2022/10/20 22:40:00",GRIFSF1,0.001526
D,DISPATCH,UNIT_SCADA,1,"2022/10/20 22:40:00",HEZ1,0
D,DISPATCH,UNIT_SCADA,1,"2022/10/20 22:40:00",HUGSF1,-0.12
D,DISPATCH,UNIT_SCADA,1,"2022/10/20 22:40:00",KEPBG1,0
D,DISPATCH,UNIT_SCADA,1,"2022/10/20 22:40:00",LRSF1,-0.0310
D,DISPATCH,UNIT_SCADA,1,"2022/10/20 22:40:00",MBAHNTH,46.837494
D,DISPATCH,UNIT_SCADA,1,"2022/10/20 22:40:00",MLSP1,0
D,DISPATCH,UNIT_SCADA,1,"2022/10/20 22:40:00",MLWF1,1.9950
D,DISPATCH,UNIT_SCADA,1,"2022/10/20 22:40:00",PALOONA,30.929998
D,DISPATCH,UNIT_SCADA,1,"2022/10/20 22:40:00",PIONEER,15.50
D,DISPATCH,UNIT_SCADA,1,"2022/10/20 22:40:00",PORTWF,35.099998
D,DISPATCH,UNIT_SCADA,1,"2022/10/20 22:40:00",REPULSE,9.499046
D,DISPATCH,UNIT_SCADA,1,"2022/10/20 22:40:00",ROWALLAN,8.7969
D,DISPATCH,UNIT_SCADA,1,"2022/10/20 22:40:00",ROYALLA1,0
D,DISPATCH,UNIT_SCADA,1,"2022/10/20 22:40:00",RPCG,-0.50
D,DISPATCH,UNIT_SCADA,1,"2022/10/20 22:40:00",RUBICON,0
D,DISPATCH,UNIT_SCADA,1,"2022/10/20 22:40:00",WAUBRAWF,28.5030
D,DISPATCH,UNIT_SCADA,1,"2022/10/20 22:40:00",WOOLNTH1,79.869995
D,DISPATCH,UNIT_SCADA,1,"2022/10/20 22:40:00",YAMBUKWF,2.90
D,DISPATCH,UNIT_SCADA,1,"2022/10/20 22:40:00",YSWF1,0
D,DISPATCH,UNIT_SCADA,1,"2022/10/20 22:40:00",ADPBA1G,0.0080
D,DISPATCH,UNIT_SCADA,1,"2022/10/20 22:40:00",ADPBA1L,0
D,DISPATCH,UNIT_SCADA,1,"2022/10/20 22:40:00",ADPPV1,0
D,DISPATCH,UNIT_SCADA,1,"2022/10/20 22:40:00",AGLHAL,0
D,DISPATCH,UNIT_SCADA,1,"2022/10/20 22:40:00",AGLSOM,0
D,DISPATCH,UNIT_SCADA,1,"2022/10/20 22:40:00",ANGAST1,0
D,DISPATCH,UNIT_SCADA,1,"2022/10/20 22:40:00",ARWF1,19.70
D,DISPATCH,UNIT_SCADA,1,"2022/10/20 22:40:00",BALBG1,7.03
D,DISPATCH,UNIT_SCADA,1,"2022/10/20 22:40:00",BALBL1,0
D,DISPATCH,UNIT_SCADA,1,"2022/10/20 22:40:00",BALDHWF1,104.988010
D,DISPATCH,UNIT_SCADA,1,"2022/10/20 22:40:00",BANGOWF1,63.597160
D,DISPATCH,UNIT_SCADA,1,"2022/10/20 22:40:00",BANGOWF2,67.897540
D,DISPATCH,UNIT_SCADA,1,"2022/10/20 22:40:00",BANN1,0
D,DISPATCH,UNIT_SCADA,1,"2022/10/20 22:40:00",BARCALDN,0
D,DISPATCH,UNIT_SCADA,1,"2022/10/20 22:40:00",BARKIPS1,0.05
D,DISPATCH,UNIT_SCADA,1,"2022/10/20 22:40:00",BARRON-1,0
D,DISPATCH,UNIT_SCADA,1,"2022/10/20 22:40:00",BARRON-2,0
D,DISPATCH,UNIT_SCADA,1,"2022/10/20 22:40:00",BASTYAN,0
D,DISPATCH,UNIT_SCADA,1,"2022/10/20 22:40:00",BBTHREE1,0
D,DISPATCH,UNIT_SCADA,1,"2022/10/20 22:40:00",BBTHREE2,0
D,DISPATCH,UNIT_SCADA,1,"2022/10/20 22:40:00",BBTHREE3,-1.04
D,DISPATCH,UNIT_SCADA,1,"2022/10/20 22:40:00",BDL01,0
D,DISPATCH,UNIT_SCADA,1,"2022/10/20 22:40:00",BDL02,0
D,DISPATCH,UNIT_SCADA,1,"2022/10/20 22:40:00",BERYLSF1,0
D,DISPATCH,UNIT_SCADA,1,"2022/10/20 22:40:00",BLOWERNG,62.50
D,DISPATCH,UNIT_SCADA,1,"2022/10/20 22:40:00",BLUEGSF1,0
D,DISPATCH,UNIT_SCADA,1,"2022/10/20 22:40:00",BLUFF1,3.90
D,DISPATCH,UNIT_SCADA,1,"2022/10/20 22:40:00",BNGSF1,0
D,DISPATCH,UNIT_SCADA,1,"2022/10/20 22:40:00",BNGSF2,0
D,DISPATCH,UNIT_SCADA,1,"2022/10/20 22:40:00",BOCORWF1,1.72
D,DISPATCH,UNIT_SCADA,1,"2022/10/20 22:40:00",BODWF1,110.612690
D,DISPATCH,UNIT_SCADA,1,"2022/10/20 22:40:00",BOMENSF1,0
D,DISPATCH,UNIT_SCADA,1,"2022/10/20 22:40:00",BOWWBA1G,0
D,DISPATCH,UNIT_SCADA,1,"2022/10/20 22:40:00",BOWWBA1L,0.0010
D,DISPATCH,UNIT_SCADA,1,"2022/10/20 22:40:00",BOWWPV1,0
D,DISPATCH,UNIT_SCADA,1,"2022/10/20 22:40:00",BRAEMAR1,0
D,DISPATCH,UNIT_SCADA,1,"2022/10/20 22:40:00",BRAEMAR2,0
D,DISPATCH,UNIT_SCADA,1,"2022/10/20 22:40:00",BRAEMAR3,0
D,DISPATCH,UNIT_SCADA,1,"2022/10/20 22:40:00",BRAEMAR5,0.201420
D,DISPATCH,UNIT_SCADA,1,"2022/10/20 22:40:00",BRAEMAR6,0
D,DISPATCH,UNIT_SCADA,1,"2022/10/20 22:40:00",BRAEMAR7,95.805430
D,DISPATCH,UNIT_SCADA,1,"2022/10/20 22:40:00",BROKENH1,0
D,DISPATCH,UNIT_SCADA,1,"2022/10/20 22:40:00",BRYB1WF1,89.829860
D,DISPATCH,UNIT_SCADA,1,"2022/10/20 22:40:00",BULBESG1,0
D,DISPATCH,UNIT_SCADA,1,"2022/10/20 22:40:00",BULBESL1,0.03
D,DISPATCH,UNIT_SCADA,1,"2022/10/20 22:40:00",BULGANA1,10.27
D,DISPATCH,UNIT_SCADA,1,"2022/10/20 22:40:00",BW01,658.347470
D,DISPATCH,UNIT_SCADA,1,"2022/10/20 22:40:00",BW02,637.302190
D,DISPATCH,UNIT_SCADA,1,"2022/10/20 22:40:00",BW03,518.721310
D,DISPATCH,UNIT_SCADA,1,"2022/10/20 22:40:00",BW04,0
D,DISPATCH,UNIT_SCADA,1,"2022/10/20 22:40:00",CALL_B_1,319.399990
D,DISPATCH,UNIT_SCADA,1,"2022/10/20 22:40:00",CALL_B_2,319.600010
D,DISPATCH,UNIT_SCADA,1,"2022/10/20 22:40:00",CATHROCK,4.40
D,DISPATCH,UNIT_SCADA,1,"2022/10/20 22:40:00",CBWWBA1G,0
D,DISPATCH,UNIT_SCADA,1,"2022/10/20 22:40:00",CBWWBA1L,0
D,DISPATCH,UNIT_SCADA,1,"2022/10/20 22:40:00",CETHANA,90.819880
D,DISPATCH,UNIT_SCADA,1,"2022/10/20 22:40:00",CG1,0
D,DISPATCH,UNIT_SCADA,1,"2022/10/20 22:40:00",CG2,0
D,DISPATCH,UNIT_SCADA,1,"2022/10/20 22:40:00",CG3,0
D,DISPATCH,UNIT_SCADA,1,"2022/10/20 22:40:00",CG4,0
D,DISPATCH,UNIT_SCADA,1,"2022/10/20 22:40:00",CHILDSF1,0
D,DISPATCH,UNIT_SCADA,1,"2022/10/20 22:40:00",CHYTWF1,3.44
D,DISPATCH,UNIT_SCADA,1,"2022/10/20 22:40:00",CLARESF1,0
D,DISPATCH,UNIT_SCADA,1,"2022/10/20 22:40:00",CLEMGPWF,0
D,DISPATCH,UNIT_SCADA,1,"2022/10/20 22:40:00",CLERMSF1,0
D,DISPATCH,UNIT_SCADA,1,"2022/10/20 22:40:00",CNUNDAWF,14.817290
D,DISPATCH,UNIT_SCADA,1,"2022/10/20 22:40:00",COHUNSF1,0
D,DISPATCH,UNIT_SCADA,1,"2022/10/20 22:40:00",COLEASF1,0
D,DISPATCH,UNIT_SCADA,1,"2022/10/20 22:40:00",COLUMSF1,0
D,DISPATCH,UNIT_SCADA,1,"2022/10/20 22:40:00",COLWF01,131.532760
D,DISPATCH,UNIT_SCADA,1,"2022/10/20 22:40:00",COOPGWF1,361.66
D,DISPATCH,UNIT_SCADA,1,"2022/10/20 22:40:00",CPP_3,384.725010
D,DISPATCH,UNIT_SCADA,1,"2022/10/20 22:40:00",CPP_4,0
D,DISPATCH,UNIT_SCADA,1,"2022/10/20 22:40:00",CPSA,0
D,DISPATCH,UNIT_SCADA,1,"2022/10/20 22:40:00",CROOKWF2,32.884410
D,DISPATCH,UNIT_SCADA,1,"2022/10/20 22:40:00",CROWLWF1,31.996930
D,DISPATCH,UNIT_SCADA,1,"2022/10/20 22:40:00",CRURWF1,76.698330
D,DISPATCH,UNIT_SCADA,1,"2022/10/20 22:40:00",CRWASF1,0
D,DISPATCH,UNIT_SCADA,1,"2022/10/20 22:40:00",CSPVPS1,0
D,DISPATCH,UNIT_SCADA,1,"2022/10/20 22:40:00",CTHLWF1,0.003050
D,DISPATCH,UNIT_SCADA,1,"2022/10/20 22:40:00",DALNTH01,0
D,DISPATCH,UNIT_SCADA,1,"2022/10/20 22:40:00",DALNTHL1,0.0412
D,DISPATCH,UNIT_SCADA,1,"2022/10/20 22:40:00",DARLSF1,0
D,DISPATCH,UNIT_SCADA,1,"2022/10/20 22:40:00",DARTM1,0
D,DISPATCH,UNIT_SCADA,1,"2022/10/20 22:40:00",DAYDSF1,0
D,DISPATCH,UNIT_SCADA,1,"2022/10/20 22:40:00",DDPS1,0
D,DISPATCH,UNIT_SCADA,1,"2022/10/20 22:40:00",DDSF1,0
D,DISPATCH,UNIT_SCADA,1,"2022/10/20 22:40:00",DEVILS_G,56.449480
D,DISPATCH,UNIT_SCADA,1,"2022/10/20 22:40:00",DG_NSW1,0
D,DISPATCH,UNIT_SCADA,1,"2022/10/20 22:40:00",DG_QLD1,0
D,DISPATCH,UNIT_SCADA,1,"2022/10/20 22:40:00",DG_SA1,0
D,DISPATCH,UNIT_SCADA,1,"2022/10/20 22:40:00",DG_TAS1,0
D,DISPATCH,UNIT_SCADA,1,"2022/10/20 22:40:00",DG_VIC1,0
D,DISPATCH,UNIT_SCADA,1,"2022/10/20 22:40:00",DRYCGT1,0
D,DISPATCH,UNIT_SCADA,1,"2022/10/20 22:40:00",DRYCGT2,0
D,DISPATCH,UNIT_SCADA,1,"2022/10/20 22:40:00",DRYCGT3,0
D,DISPATCH,UNIT_SCADA,1,"2022/10/20 22:40:00",DUNDWF1,107.16
D,DISPATCH,UNIT_SCADA,1,"2022/10/20 22:40:00",DUNDWF2,31.54
D,DISPATCH,UNIT_SCADA,1,"2022/10/20 22:40:00",DUNDWF3,87.65
D,DISPATCH,UNIT_SCADA,1,"2022/10/20 22:40:00",EILDON1,59.76
D,DISPATCH,UNIT_SCADA,1,"2022/10/20 22:40:00",EILDON2,60.04
D,DISPATCH,UNIT_SCADA,1,"2022/10/20 22:40:00",ELAINWF1,11.25
D,DISPATCH,UNIT_SCADA,1,"2022/10/20 22:40:00",EMERASF1,0
D,DISPATCH,UNIT_SCADA,1,"2022/10/20 22:40:00",ER01,0
D,DISPATCH,UNIT_SCADA,1,"2022/10/20 22:40:00",ER02,586.617860
D,DISPATCH,UNIT_SCADA,1,"2022/10/20 22:40:00",ER03,585.543580
D,DISPATCH,UNIT_SCADA,1,"2022/10/20 22:40:00",ER04,586.373720
D,DISPATCH,UNIT_SCADA,1,"2022/10/20 22:40:00",FINLYSF1,0
D,DISPATCH,UNIT_SCADA,1,"2022/10/20 22:40:00",FISHER,43.91
D,DISPATCH,UNIT_SCADA,1,"2022/10/20 22:40:00",GANGARR1,0
D,DISPATCH,UNIT_SCADA,1,"2022/10/20 22:40:00",GANNBG1,0
D,DISPATCH,UNIT_SCADA,1,"2022/10/20 22:40:00",GANNBL1,0.032210
D,DISPATCH,UNIT_SCADA,1,"2022/10/20 22:40:00",GANNSF1,0
D,DISPATCH,UNIT_SCADA,1,"2022/10/20 22:40:00",GLRWNSF1,0
D,DISPATCH,UNIT_SCADA,1,"2022/10/20 22:40:00",GNNDHSF1,0
D,DISPATCH,UNIT_SCADA,1,"2022/10/20 22:40:00",GOONSF1,0
D,DISPATCH,UNIT_SCADA,1,"2022/10/20 22:40:00",GORDON,237.904160
D,DISPATCH,UNIT_SCADA,1,"2022/10/20 22:40:00",GRANWF1,0
D,DISPATCH,UNIT_SCADA,1,"2022/10/20 22:40:00",GSTONE1,201.599990
D,DISPATCH,UNIT_SCADA,1,"2022/10/20 22:40:00",GSTONE2,0
D,DISPATCH,UNIT_SCADA,1,"2022/10/20 22:40:00",GSTONE3,140.1750
D,DISPATCH,UNIT_SCADA,1,"2022/10/20 22:40:00",GSTONE4,0
D,DISPATCH,UNIT_SCADA,1,"2022/10/20 22:40:00",GSTONE5,200.899990
D,DISPATCH,UNIT_SCADA,1,"2022/10/20 22:40:00",GSTONE6,200.20
D,DISPATCH,UNIT_SCADA,1,"2022/10/20 22:40:00",GULLRSF1,0
D,DISPATCH,UNIT_SCADA,1,"2022/10/20 22:40:00",GULLRWF1,65.054010
D,DISPATCH,UNIT_SCADA,1,"2022/10/20 22:40:00",GULLRWF2,86.913440
D,DISPATCH,UNIT_SCADA,1,"2022/10/20 22:40:00",GUNNING1,0
D,DISPATCH,UNIT_SCADA,1,"2022/10/20 22:40:00",GUTHEGA,68.100010
D,DISPATCH,UNIT_SCADA,1,"2022/10/20 22:40:00",HALLWF1,27.31
D,DISPATCH,UNIT_SCADA,1,"2022/10/20 22:40:00",HALLWF2,6.73
D,DISPATCH,UNIT_SCADA,1,"2022/10/20 22:40:00",HAMISF1,0
D,DISPATCH,UNIT_SCADA,1,"2022/10/20 22:40:00",HAUGHT11,0
D,DISPATCH,UNIT_SCADA,1,"2022/10/20 22:40:00",HAYMSF1,0
D,DISPATCH,UNIT_SCADA,1,"2022/10/20 22:40:00",HDWF1,26.70
D,DISPATCH,UNIT_SCADA,1,"2022/10/20 22:40:00",HDWF2,6.30
D,DISPATCH,UNIT_SCADA,1,"2022/10/20 22:40:00",HDWF3,15.10
D,DISPATCH,UNIT_SCADA,1,"2022/10/20 22:40:00",HILLSTN1,0
D,DISPATCH,UNIT_SCADA,1,"2022/10/20 22:40:00",HPRG1,0
D,DISPATCH,UNIT_SCADA,1,"2022/10/20 22:40:00",HPRL1,0.80
D,DISPATCH,UNIT_SCADA,1,"2022/10/20 22:40:00",HUMENSW,54.902820
D,DISPATCH,UNIT_SCADA,1,"2022/10/20 22:40:00",HUMEV,0
D,DISPATCH,UNIT_SCADA,1,"2022/10/20 22:40:00",HVWWBA1G,0
D,DISPATCH,UNIT_SCADA,1,"2022/10/20 22:40:00",HVWWBA1L,0.0070
D,DISPATCH,UNIT_SCADA,1,"2022/10/20 22:40:00",HVWWPV1,0
D,DISPATCH,UNIT_SCADA,1,"2022/10/20 22:40:00",JBUTTERS,0
D,DISPATCH,UNIT_SCADA,1,"2022/10/20 22:40:00",JEMALNG1,0
D,DISPATCH,UNIT_SCADA,1,"2022/10/20 22:40:00",JLA01,0
D,DISPATCH,UNIT_SCADA,1,"2022/10/20 22:40:00",JLA02,0
D,DISPATCH,UNIT_SCADA,1,"2022/10/20 22:40:00",JLA03,0
D,DISPATCH,UNIT_SCADA,1,"2022/10/20 22:40:00",JLA04,0
D,DISPATCH,UNIT_SCADA,1,"2022/10/20 22:40:00",JLB01,0
D,DISPATCH,UNIT_SCADA,1,"2022/10/20 22:40:00",JLB02,0.10
D,DISPATCH,UNIT_SCADA,1,"2022/10/20 22:40:00",JLB03,0
D,DISPATCH,UNIT_SCADA,1,"2022/10/20 22:40:00",JUNEESF1,0
D,DISPATCH,UNIT_SCADA,1,"2022/10/20 22:40:00",KABANWF1,0
D,DISPATCH,UNIT_SCADA,1,"2022/10/20 22:40:00",KAREEYA1,0
D,DISPATCH,UNIT_SCADA,1,"2022/10/20 22:40:00",KAREEYA2,0
D,DISPATCH,UNIT_SCADA,1,"2022/10/20 22:40:00",KAREEYA3,4.9150
D,DISPATCH,UNIT_SCADA,1,"2022/10/20 22:40:00",KAREEYA4,0
D,DISPATCH,UNIT_SCADA,1,"2022/10/20 22:40:00",KARSF1,0
D,DISPATCH,UNIT_SCADA,1,"2022/10/20 22:40:00",KEPSF1,0
D,DISPATCH,UNIT_SCADA,1,"2022/10/20 22:40:00",KEPWF1,0.87
D,DISPATCH,UNIT_SCADA,1,"2022/10/20 22:40:00",KIAMSF1,0
D,DISPATCH,UNIT_SCADA,1,"2022/10/20 22:40:00",KIATAWF1,6.60
D,DISPATCH,UNIT_SCADA,1,"2022/10/20 22:40:00",KPP_1,0
D,DISPATCH,UNIT_SCADA,1,"2022/10/20 22:40:00",KSP1,0
D,DISPATCH,UNIT_SCADA,1,"2022/10/20 22:40:00",LADBROK1,0.02
D,DISPATCH,UNIT_SCADA,1,"2022/10/20 22:40:00",LADBROK2,0.02
D,DISPATCH,UNIT_SCADA,1,"2022/10/20 22:40:00",LBBG1,0
D,DISPATCH,UNIT_SCADA,1,"2022/10/20 22:40:00",LBBL1,0
D,DISPATCH,UNIT_SCADA,1,"2022/10/20 22:40:00",LD01,366.808070
D,DISPATCH,UNIT_SCADA,1,"2022/10/20 22:40:00",LD02,0
D,DISPATCH,UNIT_SCADA,1,"2022/10/20 22:40:00",LD04,311.087370
D,DISPATCH,UNIT_SCADA,1,"2022/10/20 22:40:00",LEM_WIL,86.869020
D,DISPATCH,UNIT_SCADA,1,"2022/10/20 22:40:00",LGAPWF1,93.86
D,DISPATCH,UNIT_SCADA,1,"2022/10/20 22:40:00",LGAPWF2,61.71
D,DISPATCH,UNIT_SCADA,1,"2022/10/20 22:40:00",LILYSF1,0
D,DISPATCH,UNIT_SCADA,1,"2022/10/20 22:40:00",LIMOSF11,0
D,DISPATCH,UNIT_SCADA,1,"2022/10/20 22:40:00",LIMOSF21,0
D,DISPATCH,UNIT_SCADA,1,"2022/10/20 22:40:00",LI_WY_CA,56.209190
D,DISPATCH,UNIT_SCADA,1,"2022/10/20 22:40:00",LKBONNY1,20.273240
D,DISPATCH,UNIT_SCADA,1,"2022/10/20 22:40:00",LKBONNY2,51.274430
D,DISPATCH,UNIT_SCADA,1,"2022/10/20 22:40:00",LKBONNY3,12.280860
D,DISPATCH,UNIT_SCADA,1,"2022/10/20 22:40:00",LK_ECHO,0
D,DISPATCH,UNIT_SCADA,1,"2022/10/20 22:40:00",LNGS1,0
D,DISPATCH,UNIT_SCADA,1,"2022/10/20 22:40:00",LNGS2,0
D,DISPATCH,UNIT_SCADA,1,"2022/10/20 22:40:00",LONSDALE,0
D,DISPATCH,UNIT_SCADA,1,"2022/10/20 22:40:00",LOYYB1,580.450620
D,DISPATCH,UNIT_SCADA,1,"2022/10/20 22:40:00",LOYYB2,575.563290
D,DISPATCH,UNIT_SCADA,1,"2022/10/20 22:40:00",LYA1,559
D,DISPATCH,UNIT_SCADA,1,"2022/10/20 22:40:00",LYA2,0
D,DISPATCH,UNIT_SCADA,1,"2022/10/20 22:40:00",LYA3,560
D,DISPATCH,UNIT_SCADA,1,"2022/10/20 22:40:00",LYA4,560
D,DISPATCH,UNIT_SCADA,1,"2022/10/20 22:40:00",MACARTH1,109.397480
D,DISPATCH,UNIT_SCADA,1,"2022/10/20 22:40:00",MACKNTSH,0
D,DISPATCH,UNIT_SCADA,1,"2022/10/20 22:40:00",MANSLR1,0
D,DISPATCH,UNIT_SCADA,1,"2022/10/20 22:40:00",MAPS2PV1,0
D,DISPATCH,UNIT_SCADA,1,"2022/10/20 22:40:00",MAPS3PV1,0
D,DISPATCH,UNIT_SCADA,1,"2022/10/20 22:40:00",MARYRSF1,0
D,DISPATCH,UNIT_SCADA,1,"2022/10/20 22:40:00",MBPS2PV1,0
D,DISPATCH,UNIT_SCADA,1,"2022/10/20 22:40:00",MCKAY1,221.6550
D,DISPATCH,UNIT_SCADA,1,"2022/10/20 22:40:00",MEADOWBK,5.944640
D,DISPATCH,UNIT_SCADA,1,"2022/10/20 22:40:00",MERCER01,17.80
D,DISPATCH,UNIT_SCADA,1,"2022/10/20 22:40:00",METZSF1,0
D,DISPATCH,UNIT_SCADA,1,"2022/10/20 22:40:00",MEWF1,0
D,DISPATCH,UNIT_SCADA,1,"2022/10/20 22:40:00",MIDDLSF1,0
D,DISPATCH,UNIT_SCADA,1,"2022/10/20 22:40:00",MINTARO,0.128180
D,DISPATCH,UNIT_SCADA,1,"2022/10/20 22:40:00",MOLNGSF1,0
D,DISPATCH,UNIT_SCADA,1,"2022/10/20 22:40:00",MOORAWF1,0
D,DISPATCH,UNIT_SCADA,1,"2022/10/20 22:40:00",MOREESF1,0
D,DISPATCH,UNIT_SCADA,1,"2022/10/20 22:40:00",MORTLK11,0
D,DISPATCH,UNIT_SCADA,1,"2022/10/20 22:40:00",MORTLK12,0
D,DISPATCH,UNIT_SCADA,1,"2022/10/20 22:40:00",MOUSF1,0
D,DISPATCH,UNIT_SCADA,1,"2022/10/20 22:40:00",MP1,0
D,DISPATCH,UNIT_SCADA,1,"2022/10/20 22:40:00",MP2,348.577090
D,DISPATCH,UNIT_SCADA,1,"2022/10/20 22:40:00",MPP_1,197.241710
D,DISPATCH,UNIT_SCADA,1,"2022/10/20 22:40:00",MPP_2,180.029220
D,DISPATCH,UNIT_SCADA,1,"2022/10/20 22:40:00",MRTLSWF1,0
D,DISPATCH,UNIT_SCADA,1,"2022/10/20 22:40:00",MSTUART1,0
D,DISPATCH,UNIT_SCADA,1,"2022/10/20 22:40:00",MSTUART2,0
D,DISPATCH,UNIT_SCADA,1,"2022/10/20 22:40:00",MSTUART3,0
D,DISPATCH,UNIT_SCADA,1,"2022/10/20 22:40:00",MTGELWF1,43.4431
D,DISPATCH,UNIT_SCADA,1,"2022/10/20 22:40:00",MTMILLAR,20.60
D,DISPATCH,UNIT_SCADA,1,"2022/10/20 22:40:00",MURRAY,0
D,DISPATCH,UNIT_SCADA,1,"2022/10/20 22:40:00",MUSSELR1,18.20
D,DISPATCH,UNIT_SCADA,1,"2022/10/20 22:40:00",MUWAWF1,70.67
D,DISPATCH,UNIT_SCADA,1,"2022/10/20 22:40:00",MUWAWF2,81.40
D,DISPATCH,UNIT_SCADA,1,"2022/10/20 22:40:00",MWPS1PV1,0
D,DISPATCH,UNIT_SCADA,1,"2022/10/20 22:40:00",MWPS2PV1,0
D,DISPATCH,UNIT_SCADA,1,"2022/10/20 22:40:00",MWPS3PV1,0
D,DISPATCH,UNIT_SCADA,1,"2022/10/20 22:40:00",MWPS4PV1,0
D,DISPATCH,UNIT_SCADA,1,"2022/10/20 22:40:00",NBHWF1,44.70
D,DISPATCH,UNIT_SCADA,1,"2022/10/20 22:40:00",NEVERSF1,0
D,DISPATCH,UNIT_SCADA,1,"2022/10/20 22:40:00",NPS,0
D,DISPATCH,UNIT_SCADA,1,"2022/10/20 22:40:00",NUMURSF1,0
D,DISPATCH,UNIT_SCADA,1,"2022/10/20 22:40:00",NYNGAN1,0
D,DISPATCH,UNIT_SCADA,1,"2022/10/20 22:40:00",OAKEY1,0
D,DISPATCH,UNIT_SCADA,1,"2022/10/20 22:40:00",OAKEY1SF,0
D,DISPATCH,UNIT_SCADA,1,"2022/10/20 22:40:00",OAKEY2,0
D,DISPATCH,UNIT_SCADA,1,"2022/10/20 22:40:00",OAKEY2SF,0
D,DISPATCH,UNIT_SCADA,1,"2022/10/20 22:40:00",OAKLAND1,4.30
D,DISPATCH,UNIT_SCADA,1,"2022/10/20 22:40:00",OSB-AG,178.87
D,DISPATCH,UNIT_SCADA,1,"2022/10/20 22:40:00",PAREPS1,0
D,DISPATCH,UNIT_SCADA,1,"2022/10/20 22:40:00",PAREPW1,55.61
D,DISPATCH,UNIT_SCADA,1,"2022/10/20 22:40:00",PARSF1,0.001530
D,DISPATCH,UNIT_SCADA,1,"2022/10/20 22:40:00",POAT110,3.20
D,DISPATCH,UNIT_SCADA,1,"2022/10/20 22:40:00",POAT220,0
D,DISPATCH,UNIT_SCADA,1,"2022/10/20 22:40:00",POR01,0
D,DISPATCH,UNIT_SCADA,1,"2022/10/20 22:40:00",POR03,0
D,DISPATCH,UNIT_SCADA,1,"2022/10/20 22:40:00",PPCCGT,166.169980
D,DISPATCH,UNIT_SCADA,1,"2022/10/20 22:40:00",PTSTAN1,0
D,DISPATCH,UNIT_SCADA,1,"2022/10/20 22:40:00",PUMP1,0
D,DISPATCH,UNIT_SCADA,1,"2022/10/20 22:40:00",PUMP2,0
D,DISPATCH,UNIT_SCADA,1,"2022/10/20 22:40:00",QBYNBG1,0.0015
D,DISPATCH,UNIT_SCADA,1,"2022/10/20 22:40:00",QBYNBL1,0
D,DISPATCH,UNIT_SCADA,1,"2022/10/20 22:40:00",QPS1,0
D,DISPATCH,UNIT_SCADA,1,"2022/10/20 22:40:00",QPS2,0
D,DISPATCH,UNIT_SCADA,1,"2022/10/20 22:40:00",QPS3,0
D,DISPATCH,UNIT_SCADA,1,"2022/10/20 22:40:00",QPS4,0
D,DISPATCH,UNIT_SCADA,1,"2022/10/20 22:40:00",QPS5,0
D,DISPATCH,UNIT_SCADA,1,"2022/10/20 22:40:00",REECE1,0
D,DISPATCH,UNIT_SCADA,1,"2022/10/20 22:40:00",REECE2,0
D,DISPATCH,UNIT_SCADA,1,"2022/10/20 22:40:00",ROMA_7,0
D,DISPATCH,UNIT_SCADA,1,"2022/10/20 22:40:00",ROMA_8,0
D,DISPATCH,UNIT_SCADA,1,"2022/10/20 22:40:00",RRSF1,0
D,DISPATCH,UNIT_SCADA,1,"2022/10/20 22:40:00",RT_NSW1,0
D,DISPATCH,UNIT_SCADA,1,"2022/10/20 22:40:00",RT_NSW2,0
D,DISPATCH,UNIT_SCADA,1,"2022/10/20 22:40:00",RT_NSW3,0
D,DISPATCH,UNIT_SCADA,1,"2022/10/20 22:40:00",RT_NSW4,0
D,DISPATCH,UNIT_SCADA,1,"2022/10/20 22:40:00",RT_NSW5,0
D,DISPATCH,UNIT_SCADA,1,"2022/10/20 22:40:00",RT_NSW6,0
D,DISPATCH,UNIT_SCADA,1,"2022/10/20 22:40:00",RT_QLD1,0
D,DISPATCH,UNIT_SCADA,1,"2022/10/20 22:40:00",RT_SA1,0
D,DISPATCH,UNIT_SCADA,1,"2022/10/20 22:40:00",RT_SA2,0
D,DISPATCH,UNIT_SCADA,1,"2022/10/20 22:40:00",RT_SA3,0
D,DISPATCH,UNIT_SCADA,1,"2022/10/20 22:40:00",RT_SA4,0
D,DISPATCH,UNIT_SCADA,1,"2022/10/20 22:40:00",RT_SA5,0
D,DISPATCH,UNIT_SCADA,1,"2022/10/20 22:40:00",RT_SA6,0
D,DISPATCH,UNIT_SCADA,1,"2022/10/20 22:40:00",RT_TAS1,0
D,DISPATCH,UNIT_SCADA,1,"2022/10/20 22:40:00",RT_VIC1,0
D,DISPATCH,UNIT_SCADA,1,"2022/10/20 22:40:00",RT_VIC10,0
D,DISPATCH,UNIT_SCADA,1,"2022/10/20 22:40:00",RT_VIC11,0
D,DISPATCH,UNIT_SCADA,1,"2022/10/20 22:40:00",RT_VIC12,0
D,DISPATCH,UNIT_SCADA,1,"2022/10/20 22:40:00",RT_VIC2,0
D,DISPATCH,UNIT_SCADA,1,"2022/10/20 22:40:00",RT_VIC3,0
D,DISPATCH,UNIT_SCADA,1,"2022/10/20 22:40:00",RT_VIC4,0
D,DISPATCH,UNIT_SCADA,1,"2022/10/20 22:40:00",RT_VIC5,0
D,DISPATCH,UNIT_SCADA,1,"2022/10/20 22:40:00",RT_VIC6,0
D,DISPATCH,UNIT_SCADA,1,"2022/10/20 22:40:00",RT_VIC7,0
D,DISPATCH,UNIT_SCADA,1,"2022/10/20 22:40:00",RT_VIC8,0
D,DISPATCH,UNIT_SCADA,1,"2022/10/20 22:40:00",RT_VIC9,0
D,DISPATCH,UNIT_SCADA,1,"2022/10/20 22:40:00",RUGBYR1,0
D,DISPATCH,UNIT_SCADA,1,"2022/10/20 22:40:00",SALTCRK1,33.71
D,DISPATCH,UNIT_SCADA,1,"2022/10/20 22:40:00",SAPHWF1,229.237810
D,DISPATCH,UNIT_SCADA,1,"2022/10/20 22:40:00",SEBSF1,0
D,DISPATCH,UNIT_SCADA,1,"2022/10/20 22:40:00",SHGEN,0
D,DISPATCH,UNIT_SCADA,1,"2022/10/20 22:40:00",SHPUMP,0
D,DISPATCH,UNIT_SCADA,1,"2022/10/20 22:40:00",SITHE01,0.123710
D,DISPATCH,UNIT_SCADA,1,"2022/10/20 22:40:00",SMCSF1,0
D,DISPATCH,UNIT_SCADA,1,"2022/10/20 22:40:00",SNAPPER1,0
D,DISPATCH,UNIT_SCADA,1,"2022/10/20 22:40:00",SNOWNTH1,62.90
D,DISPATCH,UNIT_SCADA,1,"2022/10/20 22:40:00",SNOWSTH1,53.30
D,DISPATCH,UNIT_SCADA,1,"2022/10/20 22:40:00",SNOWTWN1,61.099340
D,DISPATCH,UNIT_SCADA,1,"2022/10/20 22:40:00",SNOWYP,0
D,DISPATCH,UNIT_SCADA,1,"2022/10/20 22:40:00",SNUG1,0
D,DISPATCH,UNIT_SCADA,1,"2022/10/20 22:40:00",SRSF1,0
D,DISPATCH,UNIT_SCADA,1,"2022/10/20 22:40:00",STAN-1,280.607270
D,DISPATCH,UNIT_SCADA,1,"2022/10/20 22:40:00",STAN-2,363.922970
D,DISPATCH,UNIT_SCADA,1,"2022/10/20 22:40:00",STAN-3,364.192140
D,DISPATCH,UNIT_SCADA,1,"2022/10/20 22:40:00",STAN-4,365.294490
D,DISPATCH,UNIT_SCADA,1,"2022/10/20 22:40:00",STARHLWF,24.992710
D,DISPATCH,UNIT_SCADA,1,"2022/10/20 22:40:00",STOCKYD1,125.85
D,DISPATCH,UNIT_SCADA,1,"2022/10/20 22:40:00",STWF1,27.944150
D,DISPATCH,UNIT_SCADA,1,"2022/10/20 22:40:00",SUNRSF1,0
D,DISPATCH,UNIT_SCADA,1,"2022/10/20 22:40:00",SUNTPSF1,0
D,DISPATCH,UNIT_SCADA,1,"2022/10/20 22:40:00",SWAN_E,290.507480
D,DISPATCH,UNIT_SCADA,1,"2022/10/20 22:40:00",TALWA1,0
D,DISPATCH,UNIT_SCADA,1,"2022/10/20 22:40:00",TARALGA1,0
D,DISPATCH,UNIT_SCADA,1,"2022/10/20 22:40:00",TARONG#1,350.700010
D,DISPATCH,UNIT_SCADA,1,"2022/10/20 22:40:00",TARONG#2,349.399990
D,DISPATCH,UNIT_SCADA,1,"2022/10/20 22:40:00",TARONG#3,0.90
D,DISPATCH,UNIT_SCADA,1,"2022/10/20 22:40:00",TARONG#4,224.400010
D,DISPATCH,UNIT_SCADA,1,"2022/10/20 22:40:00",TARRALEA,54
D,DISPATCH,UNIT_SCADA,1,"2022/10/20 22:40:00",TBSF1,0
D,DISPATCH,UNIT_SCADA,1,"2022/10/20 22:40:00",TNPS1,350.50
D,DISPATCH,UNIT_SCADA,1,"2022/10/20 22:40:00",TORRB1,0
D,DISPATCH,UNIT_SCADA,1,"2022/10/20 22:40:00",TORRB2,61
D,DISPATCH,UNIT_SCADA,1,"2022/10/20 22:40:00",TORRB3,0
D,DISPATCH,UNIT_SCADA,1,"2022/10/20 22:40:00",TORRB4,0
D,DISPATCH,UNIT_SCADA,1,"2022/10/20 22:40:00",TREVALLN,98.1907
D,DISPATCH,UNIT_SCADA,1,"2022/10/20 22:40:00",TRIBUTE,0
D,DISPATCH,UNIT_SCADA,1,"2022/10/20 22:40:00",TUMUT3,236.509990
D,DISPATCH,UNIT_SCADA,1,"2022/10/20 22:40:00",TUNGATIN,4.000020
D,DISPATCH,UNIT_SCADA,1,"2022/10/20 22:40:00",TVCC201,0
D,DISPATCH,UNIT_SCADA,1,"2022/10/20 22:40:00",TVPP104,0
D,DISPATCH,UNIT_SCADA,1,"2022/10/20 22:40:00",UPPTUMUT,0
D,DISPATCH,UNIT_SCADA,1,"2022/10/20 22:40:00",URANQ11,0
D,DISPATCH,UNIT_SCADA,1,"2022/10/20 22:40:00",URANQ12,0
D,DISPATCH,UNIT_SCADA,1,"2022/10/20 22:40:00",URANQ13,0
D,DISPATCH,UNIT_SCADA,1,"2022/10/20 22:40:00",URANQ14,0
D,DISPATCH,UNIT_SCADA,1,"2022/10/20 22:40:00",VBBG1,18.80
D,DISPATCH,UNIT_SCADA,1,"2022/10/20 22:40:00",VBBL1,0
D,DISPATCH,UNIT_SCADA,1,"2022/10/20 22:40:00",VP5,558.903750
D,DISPATCH,UNIT_SCADA,1,"2022/10/20 22:40:00",VP6,587.371460
D,DISPATCH,UNIT_SCADA,1,"2022/10/20 22:40:00",VPGS1,0
D,DISPATCH,UNIT_SCADA,1,"2022/10/20 22:40:00",VPGS2,0
D,DISPATCH,UNIT_SCADA,1,"2022/10/20 22:40:00",VPGS3,0
D,DISPATCH,UNIT_SCADA,1,"2022/10/20 22:40:00",VPGS4,0
D,DISPATCH,UNIT_SCADA,1,"2022/10/20 22:40:00",VPGS5,0
D,DISPATCH,UNIT_SCADA,1,"2022/10/20 22:40:00",VPGS6,0
D,DISPATCH,UNIT_SCADA,1,"2022/10/20 22:40:00",W/HOE#1,0
D,DISPATCH,UNIT_SCADA,1,"2022/10/20 22:40:00",W/HOE#2,0
D,DISPATCH,UNIT_SCADA,1,"2022/10/20 22:40:00",WAGGNSF1,0
D,DISPATCH,UNIT_SCADA,1,"2022/10/20 22:40:00",WALGRVG1,0.000930
D,DISPATCH,UNIT_SCADA,1,"2022/10/20 22:40:00",WALGRVL1,0
D,DISPATCH,UNIT_SCADA,1,"2022/10/20 22:40:00",WANDBG1,0
D,DISPATCH,UNIT_SCADA,1,"2022/10/20 22:40:00",WANDBL1,0
D,DISPATCH,UNIT_SCADA,1,"2022/10/20 22:40:00",WARWSF1,0
D,DISPATCH,UNIT_SCADA,1,"2022/10/20 22:40:00",WARWSF2,0
D,DISPATCH,UNIT_SCADA,1,"2022/10/20 22:40:00",WATERLWF,34.60
D,DISPATCH,UNIT_SCADA,1,"2022/10/20 22:40:00",WDGPH1,0
D,DISPATCH,UNIT_SCADA,1,"2022/10/20 22:40:00",WELLSF1,0
D,DISPATCH,UNIT_SCADA,1,"2022/10/20 22:40:00",WEMENSF1,0
D,DISPATCH,UNIT_SCADA,1,"2022/10/20 22:40:00",WGWF1,11.20
D,DISPATCH,UNIT_SCADA,1,"2022/10/20 22:40:00",WHITSF1,0
D,DISPATCH,UNIT_SCADA,1,"2022/10/20 22:40:00",WINTSF1,0
D,DISPATCH,UNIT_SCADA,1,"2022/10/20 22:40:00",WKIEWA1,34
D,DISPATCH,UNIT_SCADA,1,"2022/10/20 22:40:00",WKIEWA2,34
D,DISPATCH,UNIT_SCADA,1,"2022/10/20 22:40:00",WOODLWN1,38.4044
D,DISPATCH,UNIT_SCADA,1,"2022/10/20 22:40:00",WOOLGSF1,0
D,DISPATCH,UNIT_SCADA,1,"2022/10/20 22:40:00",WPWF,54.79
D,DISPATCH,UNIT_SCADA,1,"2022/10/20 22:40:00",WRSF1,0
D,DISPATCH,UNIT_SCADA,1,"2022/10/20 22:40:00",WRWF1,126.781110
D,DISPATCH,UNIT_SCADA,1,"2022/10/20 22:40:00",WSTWYSF1,0
D,DISPATCH,UNIT_SCADA,1,"2022/10/20 22:40:00",YABULU,0
D,DISPATCH,UNIT_SCADA,1,"2022/10/20 22:40:00",YABULU2,0
D,DISPATCH,UNIT_SCADA,1,"2022/10/20 22:40:00",YARANSF1,0
D,DISPATCH,UNIT_SCADA,1,"2022/10/20 22:40:00",YARWUN_1,164.239990
D,DISPATCH,UNIT_SCADA,1,"2022/10/20 22:40:00",YATSF1,0
D,DISPATCH,UNIT_SCADA,1,"2022/10/20 22:40:00",YENDWF1,4.67
D,DISPATCH,UNIT_SCADA,1,"2022/10/20 22:40:00",YWPS1,288.718990
D,DISPATCH,UNIT_SCADA,1,"2022/10/20 22:40:00",YWPS2,358.394930
D,DISPATCH,UNIT_SCADA,1,"2022/10/20 22:40:00",YWPS3,358.259490
D,DISPATCH,UNIT_SCADA,1,"2022/10/20 22:40:00",YWPS4,0
C,"END OF REPORT",419
