C,NEMP.WORLD,DISPATCHSCADA,AEMO,PUBLIC,2022/10/20,20:25:10,0000000373279048,DISPATCHSCADA,0000000373279042
I,DISPATCH,UNIT_SCADA,1,SETTLEMENTDATE,DUID,SCADAVALUE
D,DISPATCH,UNIT_SCADA,1,"2022/10/20 20:30:00",BARCSF1,0.10
D,DISPATCH,UNIT_SCADA,1,"2022/10/20 20:30:00",BUTLERSG,8.699999
D,DISPATCH,UNIT_SCADA,1,"2022/10/20 20:30:00",CAPTL_WF,106.032867
D,DISPATCH,UNIT_SCADA,1,"2022/10/20 20:30:00",CHALLHWF,9.60
D,DISPATCH,UNIT_SCADA,1,"2022/10/20 20:30:00",CLOVER,13.23
D,DISPATCH,UNIT_SCADA,1,"2022/10/20 20:30:00",CLUNY,6.347906
D,DISPATCH,UNIT_SCADA,1,"2022/10/20 20:30:00",CULLRGWF,-0.05
D,DISPATCH,UNIT_SCADA,1,"2022/10/20 20:30:00",DIAPURWF1,0.30
D,DISPATCH,UNIT_SCADA,1,"2022/10/20 20:30:00",ERGT01,0
D,DISPATCH,UNIT_SCADA,1,"2022/10/20 20:30:00",GB01,0
D,DISPATCH,UNIT_SCADA,1,"2022/10/20 20:30:00",GERMCRK,21.40
D,DISPATCH,UNIT_SCADA,1,"2022/10/20 20:30:00",GRIFSF1,0.001526
D,DISPATCH,UNIT_SCADA,1,"2022/10/20 20:30:00",HEZ1,0
D,DISPATCH,UNIT_SCADA,1,"2022/10/20 20:30:00",HUGSF1,-0.0420
D,DISPATCH,UNIT_SCADA,1,"2022/10/20 20:30:00",KEPBG1,0
D,DISPATCH,UNIT_SCADA,1,"2022/10/20 20:30:00",LRSF1,0.0110
D,DISPATCH,UNIT_SCADA,1,"2022/10/20 20:30:00",MBAHNTH,45.074997
D,DISPATCH,UNIT_SCADA,1,"2022/10/20 20:30:00",MLSP1,0
D,DISPATCH,UNIT_SCADA,1,"2022/10/20 20:30:00",MLWF1,7.7850
D,DISPATCH,UNIT_SCADA,1,"2022/10/20 20:30:00",PALOONA,30.689999
D,DISPATCH,UNIT_SCADA,1,"2022/10/20 20:30:00",PIONEER,26.800001
D,DISPATCH,UNIT_SCADA,1,"2022/10/20 20:30:00",PORTWF,52
D,DISPATCH,UNIT_SCADA,1,"2022/10/20 20:30:00",REPULSE,9.695582
D,DISPATCH,UNIT_SCADA,1,"2022/10/20 20:30:00",ROWALLAN,8.7614
D,DISPATCH,UNIT_SCADA,1,"2022/10/20 20:30:00",ROYALLA1,0
D,DISPATCH,UNIT_SCADA,1,"2022/10/20 20:30:00",RPCG,-0.50
D,DISPATCH,UNIT_SCADA,1,"2022/10/20 20:30:00",RUBICON,0
D,DISPATCH,UNIT_SCADA,1,"2022/10/20 20:30:00",WAUBRAWF,53.838001
D,DISPATCH,UNIT_SCADA,1,"2022/10/20 20:30:00",WOOLNTH1,77.879997
D,DISPATCH,UNIT_SCADA,1,"2022/10/20 20:30:00",YAMBUKWF,6.60
D,DISPATCH,UNIT_SCADA,1,"2022/10/20 20:30:00",YSWF1,2.20
D,DISPATCH,UNIT_SCADA,1,"2022/10/20 20:30:00",ADPBA1G,0.0080
D,DISPATCH,UNIT_SCADA,1,"2022/10/20 20:30:00",ADPBA1L,0
D,DISPATCH,UNIT_SCADA,1,"2022/10/20 20:30:00",ADPPV1,0
D,DISPATCH,UNIT_SCADA,1,"2022/10/20 20:30:00",AGLHAL,31.0526
D,DISPATCH,UNIT_SCADA,1,"2022/10/20 20:30:00",AGLSOM,0
D,DISPATCH,UNIT_SCADA,1,"2022/10/20 20:30:00",ANGAST1,0
D,DISPATCH,UNIT_SCADA,1,"2022/10/20 20:30:00",ARWF1,4
D,DISPATCH,UNIT_SCADA,1,"2022/10/20 20:30:00",BALBG1,0
D,DISPATCH,UNIT_SCADA,1,"2022/10/20 20:30:00",BALBL1,0
D,DISPATCH,UNIT_SCADA,1,"2022/10/20 20:30:00",BALDHWF1,95.6550
D,DISPATCH,UNIT_SCADA,1,"2022/10/20 20:30:00",BANGOWF1,83.597470
D,DISPATCH,UNIT_SCADA,1,"2022/10/20 20:30:00",BANGOWF2,62.198440
D,DISPATCH,UNIT_SCADA,1,"2022/10/20 20:30:00",BANN1,0
D,DISPATCH,UNIT_SCADA,1,"2022/10/20 20:30:00",BARCALDN,0
D,DISPATCH,UNIT_SCADA,1,"2022/10/20 20:30:00",BARKIPS1,191.81
D,DISPATCH,UNIT_SCADA,1,"2022/10/20 20:30:00",BARRON-1,0
D,DISPATCH,UNIT_SCADA,1,"2022/10/20 20:30:00",BARRON-2,0
D,DISPATCH,UNIT_SCADA,1,"2022/10/20 20:30:00",BASTYAN,69.15
D,DISPATCH,UNIT_SCADA,1,"2022/10/20 20:30:00",BBTHREE1,0
D,DISPATCH,UNIT_SCADA,1,"2022/10/20 20:30:00",BBTHREE2,0
D,DISPATCH,UNIT_SCADA,1,"2022/10/20 20:30:00",BBTHREE3,-1.06
D,DISPATCH,UNIT_SCADA,1,"2022/10/20 20:30:00",BDL01,0
D,DISPATCH,UNIT_SCADA,1,"2022/10/20 20:30:00",BDL02,0
D,DISPATCH,UNIT_SCADA,1,"2022/10/20 20:30:00",BERYLSF1,0
D,DISPATCH,UNIT_SCADA,1,"2022/10/20 20:30:00",BLOWERNG,62.60
D,DISPATCH,UNIT_SCADA,1,"2022/10/20 20:30:00",BLUEGSF1,0
D,DISPATCH,UNIT_SCADA,1,"2022/10/20 20:30:00",BLUFF1,3
D,DISPATCH,UNIT_SCADA,1,"2022/10/20 20:30:00",BNGSF1,0
D,DISPATCH,UNIT_SCADA,1,"2022/10/20 20:30:00",BNGSF2,0
D,DISPATCH,UNIT_SCADA,1,"2022/10/20 20:30:00",BOCORWF1,25.68
D,DISPATCH,UNIT_SCADA,1,"2022/10/20 20:30:00",BODWF1,111.328570
D,DISPATCH,UNIT_SCADA,1,"2022/10/20 20:30:00",BOMENSF1,0
D,DISPATCH,UNIT_SCADA,1,"2022/10/20 20:30:00",BOWWBA1G,0
D,DISPATCH,UNIT_SCADA,1,"2022/10/20 20:30:00",BOWWBA1L,0.0010
D,DISPATCH,UNIT_SCADA,1,"2022/10/20 20:30:00",BOWWPV1,0
D,DISPATCH,UNIT_SCADA,1,"2022/10/20 20:30:00",BRAEMAR1,0
D,DISPATCH,UNIT_SCADA,1,"2022/10/20 20:30:00",BRAEMAR2,0
D,DISPATCH,UNIT_SCADA,1,"2022/10/20 20:30:00",BRAEMAR3,0
D,DISPATCH,UNIT_SCADA,1,"2022/10/20 20:30:00",BRAEMAR5,144.921690
D,DISPATCH,UNIT_SCADA,1,"2022/10/20 20:30:00",BRAEMAR6,0
D,DISPATCH,UNIT_SCADA,1,"2022/10/20 20:30:00",BRAEMAR7,139.936540
D,DISPATCH,UNIT_SCADA,1,"2022/10/20 20:30:00",BROKENH1,0
D,DISPATCH,UNIT_SCADA,1,"2022/10/20 20:30:00",BRYB1WF1,87.992680
D,DISPATCH,UNIT_SCADA,1,"2022/10/20 20:30:00",BULBESG1,0
D,DISPATCH,UNIT_SCADA,1,"2022/10/20 20:30:00",BULBESL1,0.03
D,DISPATCH,UNIT_SCADA,1,"2022/10/20 20:30:00",BULGANA1,38.60
D,DISPATCH,UNIT_SCADA,1,"2022/10/20 20:30:00",BW01,657.566160
D,DISPATCH,UNIT_SCADA,1,"2022/10/20 20:30:00",BW02,637.863710
D,DISPATCH,UNIT_SCADA,1,"2022/10/20 20:30:00",BW03,614.792110
D,DISPATCH,UNIT_SCADA,1,"2022/10/20 20:30:00",BW04,0
D,DISPATCH,UNIT_SCADA,1,"2022/10/20 20:30:00",CALL_B_1,320.399990
D,DISPATCH,UNIT_SCADA,1,"2022/10/20 20:30:00",CALL_B_2,320.800020
D,DISPATCH,UNIT_SCADA,1,"2022/10/20 20:30:00",CATHROCK,2.80
D,DISPATCH,UNIT_SCADA,1,"2022/10/20 20:30:00",CBWWBA1G,0
D,DISPATCH,UNIT_SCADA,1,"2022/10/20 20:30:00",CBWWBA1L,0
D,DISPATCH,UNIT_SCADA,1,"2022/10/20 20:30:00",CETHANA,97.885120
D,DISPATCH,UNIT_SCADA,1,"2022/10/20 20:30:00",CG1,0
D,DISPATCH,UNIT_SCADA,1,"2022/10/20 20:30:00",CG2,0
D,DISPATCH,UNIT_SCADA,1,"2022/10/20 20:30:00",CG3,0
D,DISPATCH,UNIT_SCADA,1,"2022/10/20 20:30:00",CG4,0
D,DISPATCH,UNIT_SCADA,1,"2022/10/20 20:30:00",CHILDSF1,0
D,DISPATCH,UNIT_SCADA,1,"2022/10/20 20:30:00",CHYTWF1,2.59
D,DISPATCH,UNIT_SCADA,1,"2022/10/20 20:30:00",CLARESF1,0
D,DISPATCH,UNIT_SCADA,1,"2022/10/20 20:30:00",CLEMGPWF,0
D,DISPATCH,UNIT_SCADA,1,"2022/10/20 20:30:00",CLERMSF1,0
D,DISPATCH,UNIT_SCADA,1,"2022/10/20 20:30:00",CNUNDAWF,14.3167
D,DISPATCH,UNIT_SCADA,1,"2022/10/20 20:30:00",COHUNSF1,0
D,DISPATCH,UNIT_SCADA,1,"2022/10/20 20:30:00",COLEASF1,0
D,DISPATCH,UNIT_SCADA,1,"2022/10/20 20:30:00",COLUMSF1,0
D,DISPATCH,UNIT_SCADA,1,"2022/10/20 20:30:00",COLWF01,130.678250
D,DISPATCH,UNIT_SCADA,1,"2022/10/20 20:30:00",COOPGWF1,403.260010
D,DISPATCH,UNIT_SCADA,1,"2022/10/20 20:30:00",CPP_3,382.25
D,DISPATCH,UNIT_SCADA,1,"2022/10/20 20:30:00",CPP_4,0
D,DISPATCH,UNIT_SCADA,1,"2022/10/20 20:30:00",CPSA,0
D,DISPATCH,UNIT_SCADA,1,"2022/10/20 20:30:00",CROOKWF2,27.713430
D,DISPATCH,UNIT_SCADA,1,"2022/10/20 20:30:00",CROWLWF1,25.054210
D,DISPATCH,UNIT_SCADA,1,"2022/10/20 20:30:00",CRURWF1,98.297330
D,DISPATCH,UNIT_SCADA,1,"2022/10/20 20:30:00",CRWASF1,0
D,DISPATCH,UNIT_SCADA,1,"2022/10/20 20:30:00",CSPVPS1,0
D,DISPATCH,UNIT_SCADA,1,"2022/10/20 20:30:00",CTHLWF1,0.003050
D,DISPATCH,UNIT_SCADA,1,"2022/10/20 20:30:00",DALNTH01,0
D,DISPATCH,UNIT_SCADA,1,"2022/10/20 20:30:00",DALNTHL1,0.056460
D,DISPATCH,UNIT_SCADA,1,"2022/10/20 20:30:00",DARLSF1,0
D,DISPATCH,UNIT_SCADA,1,"2022/10/20 20:30:00",DARTM1,0
D,DISPATCH,UNIT_SCADA,1,"2022/10/20 20:30:00",DAYDSF1,0
D,DISPATCH,UNIT_SCADA,1,"2022/10/20 20:30:00",DDPS1,0
D,DISPATCH,UNIT_SCADA,1,"2022/10/20 20:30:00",DDSF1,0
D,DISPATCH,UNIT_SCADA,1,"2022/10/20 20:30:00",DEVILS_G,58.483230
D,DISPATCH,UNIT_SCADA,1,"2022/10/20 20:30:00",DG_NSW1,0
D,DISPATCH,UNIT_SCADA,1,"2022/10/20 20:30:00",DG_QLD1,0
D,DISPATCH,UNIT_SCADA,1,"2022/10/20 20:30:00",DG_SA1,0
D,DISPATCH,UNIT_SCADA,1,"2022/10/20 20:30:00",DG_TAS1,0
D,DISPATCH,UNIT_SCADA,1,"2022/10/20 20:30:00",DG_VIC1,0
D,DISPATCH,UNIT_SCADA,1,"2022/10/20 20:30:00",DRYCGT1,0
D,DISPATCH,UNIT_SCADA,1,"2022/10/20 20:30:00",DRYCGT2,0
D,DISPATCH,UNIT_SCADA,1,"2022/10/20 20:30:00",DRYCGT3,0
D,DISPATCH,UNIT_SCADA,1,"2022/10/20 20:30:00",DUNDWF1,81.70
D,DISPATCH,UNIT_SCADA,1,"2022/10/20 20:30:00",DUNDWF2,24.30
D,DISPATCH,UNIT_SCADA,1,"2022/10/20 20:30:00",DUNDWF3,74.82
D,DISPATCH,UNIT_SCADA,1,"2022/10/20 20:30:00",EILDON1,59.92
D,DISPATCH,UNIT_SCADA,1,"2022/10/20 20:30:00",EILDON2,59.92
D,DISPATCH,UNIT_SCADA,1,"2022/10/20 20:30:00",ELAINWF1,5.63
D,DISPATCH,UNIT_SCADA,1,"2022/10/20 20:30:00",EMERASF1,0
D,DISPATCH,UNIT_SCADA,1,"2022/10/20 20:30:00",ER01,0
D,DISPATCH,UNIT_SCADA,1,"2022/10/20 20:30:00",ER02,672.385740
D,DISPATCH,UNIT_SCADA,1,"2022/10/20 20:30:00",ER03,659.592590
D,DISPATCH,UNIT_SCADA,1,"2022/10/20 20:30:00",ER04,692.283510
D,DISPATCH,UNIT_SCADA,1,"2022/10/20 20:30:00",FINLYSF1,0
D,DISPATCH,UNIT_SCADA,1,"2022/10/20 20:30:00",FISHER,43.84
D,DISPATCH,UNIT_SCADA,1,"2022/10/20 20:30:00",GANGARR1,0
D,DISPATCH,UNIT_SCADA,1,"2022/10/20 20:30:00",GANNBG1,0
D,DISPATCH,UNIT_SCADA,1,"2022/10/20 20:30:00",GANNBL1,0.100280
D,DISPATCH,UNIT_SCADA,1,"2022/10/20 20:30:00",GANNSF1,0
D,DISPATCH,UNIT_SCADA,1,"2022/10/20 20:30:00",GLRWNSF1,0
D,DISPATCH,UNIT_SCADA,1,"2022/10/20 20:30:00",GNNDHSF1,0
D,DISPATCH,UNIT_SCADA,1,"2022/10/20 20:30:00",GOONSF1,0
D,DISPATCH,UNIT_SCADA,1,"2022/10/20 20:30:00",GORDON,256.883790
D,DISPATCH,UNIT_SCADA,1,"2022/10/20 20:30:00",GRANWF1,0
D,DISPATCH,UNIT_SCADA,1,"2022/10/20 20:30:00",GSTONE1,220.149990
D,DISPATCH,UNIT_SCADA,1,"2022/10/20 20:30:00",GSTONE2,0
D,DISPATCH,UNIT_SCADA,1,"2022/10/20 20:30:00",GSTONE3,204.399990
D,DISPATCH,UNIT_SCADA,1,"2022/10/20 20:30:00",GSTONE4,0
D,DISPATCH,UNIT_SCADA,1,"2022/10/20 20:30:00",GSTONE5,219.6250
D,DISPATCH,UNIT_SCADA,1,"2022/10/20 20:30:00",GSTONE6,219.6250
D,DISPATCH,UNIT_SCADA,1,"2022/10/20 20:30:00",GULLRSF1,0
D,DISPATCH,UNIT_SCADA,1,"2022/10/20 20:30:00",GULLRWF1,53.404190
D,DISPATCH,UNIT_SCADA,1,"2022/10/20 20:30:00",GULLRWF2,91.915470
D,DISPATCH,UNIT_SCADA,1,"2022/10/20 20:30:00",GUNNING1,0
D,DISPATCH,UNIT_SCADA,1,"2022/10/20 20:30:00",GUTHEGA,67.50
D,DISPATCH,UNIT_SCADA,1,"2022/10/20 20:30:00",HALLWF1,9.33
D,DISPATCH,UNIT_SCADA,1,"2022/10/20 20:30:00",HALLWF2,11.34
D,DISPATCH,UNIT_SCADA,1,"2022/10/20 20:30:00",HAMISF1,0
D,DISPATCH,UNIT_SCADA,1,"2022/10/20 20:30:00",HAUGHT11,0
D,DISPATCH,UNIT_SCADA,1,"2022/10/20 20:30:00",HAYMSF1,0
D,DISPATCH,UNIT_SCADA,1,"2022/10/20 20:30:00",HDWF1,20.10
D,DISPATCH,UNIT_SCADA,1,"2022/10/20 20:30:00",HDWF2,24.20
D,DISPATCH,UNIT_SCADA,1,"2022/10/20 20:30:00",HDWF3,25.30
D,DISPATCH,UNIT_SCADA,1,"2022/10/20 20:30:00",HILLSTN1,0
D,DISPATCH,UNIT_SCADA,1,"2022/10/20 20:30:00",HPRG1,1.90
D,DISPATCH,UNIT_SCADA,1,"2022/10/20 20:30:00",HPRL1,0
D,DISPATCH,UNIT_SCADA,1,"2022/10/20 20:30:00",HUMENSW,54.315260
D,DISPATCH,UNIT_SCADA,1,"2022/10/20 20:30:00",HUMEV,0
D,DISPATCH,UNIT_SCADA,1,"2022/10/20 20:30:00",HVWWBA1G,0
D,DISPATCH,UNIT_SCADA,1,"2022/10/20 20:30:00",HVWWBA1L,0.0060
D,DISPATCH,UNIT_SCADA,1,"2022/10/20 20:30:00",HVWWPV1,0
D,DISPATCH,UNIT_SCADA,1,"2022/10/20 20:30:00",JBUTTERS,19.392220
D,DISPATCH,UNIT_SCADA,1,"2022/10/20 20:30:00",JEMALNG1,0
D,DISPATCH,UNIT_SCADA,1,"2022/10/20 20:30:00",JLA01,0
D,DISPATCH,UNIT_SCADA,1,"2022/10/20 20:30:00",JLA02,0
D,DISPATCH,UNIT_SCADA,1,"2022/10/20 20:30:00",JLA03,0
D,DISPATCH,UNIT_SCADA,1,"2022/10/20 20:30:00",JLA04,0
D,DISPATCH,UNIT_SCADA,1,"2022/10/20 20:30:00",JLB01,0
D,DISPATCH,UNIT_SCADA,1,"2022/10/20 20:30:00",JLB02,0.10
D,DISPATCH,UNIT_SCADA,1,"2022/10/20 20:30:00",JLB03,0
D,DISPATCH,UNIT_SCADA,1,"2022/10/20 20:30:00",JUNEESF1,0
D,DISPATCH,UNIT_SCADA,1,"2022/10/20 20:30:00",KABANWF1,0
D,DISPATCH,UNIT_SCADA,1,"2022/10/20 20:30:00",KAREEYA1,0
D,DISPATCH,UNIT_SCADA,1,"2022/10/20 20:30:00",KAREEYA2,0
D,DISPATCH,UNIT_SCADA,1,"2022/10/20 20:30:00",KAREEYA3,4.86
D,DISPATCH,UNIT_SCADA,1,"2022/10/20 20:30:00",KAREEYA4,0
D,DISPATCH,UNIT_SCADA,1,"2022/10/20 20:30:00",KARSF1,0
D,DISPATCH,UNIT_SCADA,1,"2022/10/20 20:30:00",KEPSF1,0
D,DISPATCH,UNIT_SCADA,1,"2022/10/20 20:30:00",KEPWF1,7.29
D,DISPATCH,UNIT_SCADA,1,"2022/10/20 20:30:00",KIAMSF1,0
D,DISPATCH,UNIT_SCADA,1,"2022/10/20 20:30:00",KIATAWF1,5.30
D,DISPATCH,UNIT_SCADA,1,"2022/10/20 20:30:00",KPP_1,0
D,DISPATCH,UNIT_SCADA,1,"2022/10/20 20:30:00",KSP1,0
D,DISPATCH,UNIT_SCADA,1,"2022/10/20 20:30:00",LADBROK1,0.01
D,DISPATCH,UNIT_SCADA,1,"2022/10/20 20:30:00",LADBROK2,0.02
D,DISPATCH,UNIT_SCADA,1,"2022/10/20 20:30:00",LBBG1,0
D,DISPATCH,UNIT_SCADA,1,"2022/10/20 20:30:00",LBBL1,0.60
D,DISPATCH,UNIT_SCADA,1,"2022/10/20 20:30:00",LD01,376.5679
D,DISPATCH,UNIT_SCADA,1,"2022/10/20 20:30:00",LD02,82.088680
D,DISPATCH,UNIT_SCADA,1,"2022/10/20 20:30:00",LD04,310.116880
D,DISPATCH,UNIT_SCADA,1,"2022/10/20 20:30:00",LEM_WIL,86.780430
D,DISPATCH,UNIT_SCADA,1,"2022/10/20 20:30:00",LGAPWF1,98.04
D,DISPATCH,UNIT_SCADA,1,"2022/10/20 20:30:00",LGAPWF2,63.26
D,DISPATCH,UNIT_SCADA,1,"2022/10/20 20:30:00",LILYSF1,0
D,DISPATCH,UNIT_SCADA,1,"2022/10/20 20:30:00",LIMOSF11,0
D,DISPATCH,UNIT_SCADA,1,"2022/10/20 20:30:00",LIMOSF21,0
D,DISPATCH,UNIT_SCADA,1,"2022/10/20 20:30:00",LI_WY_CA,62.656580
D,DISPATCH,UNIT_SCADA,1,"2022/10/20 20:30:00",LKBONNY1,24.024240
D,DISPATCH,UNIT_SCADA,1,"2022/10/20 20:30:00",LKBONNY2,61.070810
D,DISPATCH,UNIT_SCADA,1,"2022/10/20 20:30:00",LKBONNY3,11.499350
D,DISPATCH,UNIT_SCADA,1,"2022/10/20 20:30:00",LK_ECHO,0
D,DISPATCH,UNIT_SCADA,1,"2022/10/20 20:30:00",LNGS1,0
D,DISPATCH,UNIT_SCADA,1,"2022/10/20 20:30:00",LNGS2,0
D,DISPATCH,UNIT_SCADA,1,"2022/10/20 20:30:00",LONSDALE,0
D,DISPATCH,UNIT_SCADA,1,"2022/10/20 20:30:00",LOYYB1,580.074710
D,DISPATCH,UNIT_SCADA,1,"2022/10/20 20:30:00",LOYYB2,575.939270
D,DISPATCH,UNIT_SCADA,1,"2022/10/20 20:30:00",LYA1,559
D,DISPATCH,UNIT_SCADA,1,"2022/10/20 20:30:00",LYA2,0
D,DISPATCH,UNIT_SCADA,1,"2022/10/20 20:30:00",LYA3,558
D,DISPATCH,UNIT_SCADA,1,"2022/10/20 20:30:00",LYA4,559
D,DISPATCH,UNIT_SCADA,1,"2022/10/20 20:30:00",MACARTH1,133.496920
D,DISPATCH,UNIT_SCADA,1,"2022/10/20 20:30:00",MACKNTSH,70.01
D,DISPATCH,UNIT_SCADA,1,"2022/10/20 20:30:00",MANSLR1,0
D,DISPATCH,UNIT_SCADA,1,"2022/10/20 20:30:00",MAPS2PV1,0
D,DISPATCH,UNIT_SCADA,1,"2022/10/20 20:30:00",MAPS3PV1,0
D,DISPATCH,UNIT_SCADA,1,"2022/10/20 20:30:00",MARYRSF1,0
D,DISPATCH,UNIT_SCADA,1,"2022/10/20 20:30:00",MBPS2PV1,0
D,DISPATCH,UNIT_SCADA,1,"2022/10/20 20:30:00",MCKAY1,221.1050
D,DISPATCH,UNIT_SCADA,1,"2022/10/20 20:30:00",MEADOWBK,19.920260
D,DISPATCH,UNIT_SCADA,1,"2022/10/20 20:30:00",MERCER01,14.80
D,DISPATCH,UNIT_SCADA,1,"2022/10/20 20:30:00",METZSF1,0
D,DISPATCH,UNIT_SCADA,1,"2022/10/20 20:30:00",MEWF1,0
D,DISPATCH,UNIT_SCADA,1,"2022/10/20 20:30:00",MIDDLSF1,0
D,DISPATCH,UNIT_SCADA,1,"2022/10/20 20:30:00",MINTARO,0.128180
D,DISPATCH,UNIT_SCADA,1,"2022/10/20 20:30:00",MOLNGSF1,0
D,DISPATCH,UNIT_SCADA,1,"2022/10/20 20:30:00",MOORAWF1,19.83
D,DISPATCH,UNIT_SCADA,1,"2022/10/20 20:30:00",MOREESF1,0
D,DISPATCH,UNIT_SCADA,1,"2022/10/20 20:30:00",MORTLK11,0
D,DISPATCH,UNIT_SCADA,1,"2022/10/20 20:30:00",MORTLK12,0
D,DISPATCH,UNIT_SCADA,1,"2022/10/20 20:30:00",MOUSF1,0
D,DISPATCH,UNIT_SCADA,1,"2022/10/20 20:30:00",MP1,0
D,DISPATCH,UNIT_SCADA,1,"2022/10/20 20:30:00",MP2,548.287170
D,DISPATCH,UNIT_SCADA,1,"2022/10/20 20:30:00",MPP_1,198.737120
D,DISPATCH,UNIT_SCADA,1,"2022/10/20 20:30:00",MPP_2,183.889830
D,DISPATCH,UNIT_SCADA,1,"2022/10/20 20:30:00",MRTLSWF1,0
D,DISPATCH,UNIT_SCADA,1,"2022/10/20 20:30:00",MSTUART1,0
D,DISPATCH,UNIT_SCADA,1,"2022/10/20 20:30:00",MSTUART2,0
D,DISPATCH,UNIT_SCADA,1,"2022/10/20 20:30:00",MSTUART3,0
D,DISPATCH,UNIT_SCADA,1,"2022/10/20 20:30:00",MTGELWF1,34.493550
D,DISPATCH,UNIT_SCADA,1,"2022/10/20 20:30:00",MTMILLAR,14.40
D,DISPATCH,UNIT_SCADA,1,"2022/10/20 20:30:00",MURRAY,0.80
D,DISPATCH,UNIT_SCADA,1,"2022/10/20 20:30:00",MUSSELR1,22.50
D,DISPATCH,UNIT_SCADA,1,"2022/10/20 20:30:00",MUWAWF1,13.81
D,DISPATCH,UNIT_SCADA,1,"2022/10/20 20:30:00",MUWAWF2,0
D,DISPATCH,UNIT_SCADA,1,"2022/10/20 20:30:00",MWPS1PV1,0
D,DISPATCH,UNIT_SCADA,1,"2022/10/20 20:30:00",MWPS2PV1,0
D,DISPATCH,UNIT_SCADA,1,"2022/10/20 20:30:00",MWPS3PV1,0
D,DISPATCH,UNIT_SCADA,1,"2022/10/20 20:30:00",MWPS4PV1,0
D,DISPATCH,UNIT_SCADA,1,"2022/10/20 20:30:00",NBHWF1,13.90
D,DISPATCH,UNIT_SCADA,1,"2022/10/20 20:30:00",NEVERSF1,0
D,DISPATCH,UNIT_SCADA,1,"2022/10/20 20:30:00",NPS,0
D,DISPATCH,UNIT_SCADA,1,"2022/10/20 20:30:00",NUMURSF1,0
D,DISPATCH,UNIT_SCADA,1,"2022/10/20 20:30:00",NYNGAN1,0
D,DISPATCH,UNIT_SCADA,1,"2022/10/20 20:30:00",OAKEY1,125.907120
D,DISPATCH,UNIT_SCADA,1,"2022/10/20 20:30:00",OAKEY1SF,0
D,DISPATCH,UNIT_SCADA,1,"2022/10/20 20:30:00",OAKEY2,0
D,DISPATCH,UNIT_SCADA,1,"2022/10/20 20:30:00",OAKEY2SF,0
D,DISPATCH,UNIT_SCADA,1,"2022/10/20 20:30:00",OAKLAND1,35
D,DISPATCH,UNIT_SCADA,1,"2022/10/20 20:30:00",OSB-AG,177.539990
D,DISPATCH,UNIT_SCADA,1,"2022/10/20 20:30:00",PAREPS1,0
D,DISPATCH,UNIT_SCADA,1,"2022/10/20 20:30:00",PAREPW1,76.23
D,DISPATCH,UNIT_SCADA,1,"2022/10/20 20:30:00",PARSF1,0.001530
D,DISPATCH,UNIT_SCADA,1,"2022/10/20 20:30:00",POAT110,3.02
D,DISPATCH,UNIT_SCADA,1,"2022/10/20 20:30:00",POAT220,0
D,DISPATCH,UNIT_SCADA,1,"2022/10/20 20:30:00",POR01,0
D,DISPATCH,UNIT_SCADA,1,"2022/10/20 20:30:00",POR03,0
D,DISPATCH,UNIT_SCADA,1,"2022/10/20 20:30:00",PPCCGT,165.498890
D,DISPATCH,UNIT_SCADA,1,"2022/10/20 20:30:00",PTSTAN1,0
D,DISPATCH,UNIT_SCADA,1,"2022/10/20 20:30:00",PUMP1,0
D,DISPATCH,UNIT_SCADA,1,"2022/10/20 20:30:00",PUMP2,0
D,DISPATCH,UNIT_SCADA,1,"2022/10/20 20:30:00",QBYNBG1,0
D,DISPATCH,UNIT_SCADA,1,"2022/10/20 20:30:00",QBYNBL1,0.0005
D,DISPATCH,UNIT_SCADA,1,"2022/10/20 20:30:00",QPS1,0
D,DISPATCH,UNIT_SCADA,1,"2022/10/20 20:30:00",QPS2,0
D,DISPATCH,UNIT_SCADA,1,"2022/10/20 20:30:00",QPS3,0
D,DISPATCH,UNIT_SCADA,1,"2022/10/20 20:30:00",QPS4,0
D,DISPATCH,UNIT_SCADA,1,"2022/10/20 20:30:00",QPS5,0
D,DISPATCH,UNIT_SCADA,1,"2022/10/20 20:30:00",REECE1,94.675380
D,DISPATCH,UNIT_SCADA,1,"2022/10/20 20:30:00",REECE2,97.080010
D,DISPATCH,UNIT_SCADA,1,"2022/10/20 20:30:00",ROMA_7,0
D,DISPATCH,UNIT_SCADA,1,"2022/10/20 20:30:00",ROMA_8,0
D,DISPATCH,UNIT_SCADA,1,"2022/10/20 20:30:00",RRSF1,0
D,DISPATCH,UNIT_SCADA,1,"2022/10/20 20:30:00",RT_NSW1,0
D,DISPATCH,UNIT_SCADA,1,"2022/10/20 20:30:00",RT_NSW2,0
D,DISPATCH,UNIT_SCADA,1,"2022/10/20 20:30:00",RT_NSW3,0
D,DISPATCH,UNIT_SCADA,1,"2022/10/20 20:30:00",RT_NSW4,0
D,DISPATCH,UNIT_SCADA,1,"2022/10/20 20:30:00",RT_NSW5,0
D,DISPATCH,UNIT_SCADA,1,"2022/10/20 20:30:00",RT_NSW6,0
D,DISPATCH,UNIT_SCADA,1,"2022/10/20 20:30:00",RT_QLD1,0
D,DISPATCH,UNIT_SCADA,1,"2022/10/20 20:30:00",RT_SA1,0
D,DISPATCH,UNIT_SCADA,1,"2022/10/20 20:30:00",RT_SA2,0
D,DISPATCH,UNIT_SCADA,1,"2022/10/20 20:30:00",RT_SA3,0
D,DISPATCH,UNIT_SCADA,1,"2022/10/20 20:30:00",RT_SA4,0
D,DISPATCH,UNIT_SCADA,1,"2022/10/20 20:30:00",RT_SA5,0
D,DISPATCH,UNIT_SCADA,1,"2022/10/20 20:30:00",RT_SA6,0
D,DISPATCH,UNIT_SCADA,1,"2022/10/20 20:30:00",RT_TAS1,0
D,DISPATCH,UNIT_SCADA,1,"2022/10/20 20:30:00",RT_VIC1,0
D,DISPATCH,UNIT_SCADA,1,"2022/10/20 20:30:00",RT_VIC10,0
D,DISPATCH,UNIT_SCADA,1,"2022/10/20 20:30:00",RT_VIC11,0
D,DISPATCH,UNIT_SCADA,1,"2022/10/20 20:30:00",RT_VIC12,0
D,DISPATCH,UNIT_SCADA,1,"2022/10/20 20:30:00",RT_VIC2,0
D,DISPATCH,UNIT_SCADA,1,"2022/10/20 20:30:00",RT_VIC3,0
D,DISPATCH,UNIT_SCADA,1,"2022/10/20 20:30:00",RT_VIC4,0
D,DISPATCH,UNIT_SCADA,1,"2022/10/20 20:30:00",RT_VIC5,0
D,DISPATCH,UNIT_SCADA,1,"2022/10/20 20:30:00",RT_VIC6,0
D,DISPATCH,UNIT_SCADA,1,"2022/10/20 20:30:00",RT_VIC7,0
D,DISPATCH,UNIT_SCADA,1,"2022/10/20 20:30:00",RT_VIC8,0
D,DISPATCH,UNIT_SCADA,1,"2022/10/20 20:30:00",RT_VIC9,0
D,DISPATCH,UNIT_SCADA,1,"2022/10/20 20:30:00",RUGBYR1,0
D,DISPATCH,UNIT_SCADA,1,"2022/10/20 20:30:00",SALTCRK1,28.35
D,DISPATCH,UNIT_SCADA,1,"2022/10/20 20:30:00",SAPHWF1,254.213780
D,DISPATCH,UNIT_SCADA,1,"2022/10/20 20:30:00",SEBSF1,0
D,DISPATCH,UNIT_SCADA,1,"2022/10/20 20:30:00",SHGEN,80.032750
D,DISPATCH,UNIT_SCADA,1,"2022/10/20 20:30:00",SHPUMP,0
D,DISPATCH,UNIT_SCADA,1,"2022/10/20 20:30:00",SITHE01,0.123710
D,DISPATCH,UNIT_SCADA,1,"2022/10/20 20:30:00",SMCSF1,0
D,DISPATCH,UNIT_SCADA,1,"2022/10/20 20:30:00",SNAPPER1,0
D,DISPATCH,UNIT_SCADA,1,"2022/10/20 20:30:00",SNOWNTH1,47.30
D,DISPATCH,UNIT_SCADA,1,"2022/10/20 20:30:00",SNOWSTH1,20.90
D,DISPATCH,UNIT_SCADA,1,"2022/10/20 20:30:00",SNOWTWN1,33.2428
D,DISPATCH,UNIT_SCADA,1,"2022/10/20 20:30:00",SNOWYP,0
D,DISPATCH,UNIT_SCADA,1,"2022/10/20 20:30:00",SNUG1,0
D,DISPATCH,UNIT_SCADA,1,"2022/10/20 20:30:00",SRSF1,0
D,DISPATCH,UNIT_SCADA,1,"2022/10/20 20:30:00",STAN-1,279.492130
D,DISPATCH,UNIT_SCADA,1,"2022/10/20 20:30:00",STAN-2,364.974030
D,DISPATCH,UNIT_SCADA,1,"2022/10/20 20:30:00",STAN-3,364.692050
D,DISPATCH,UNIT_SCADA,1,"2022/10/20 20:30:00",STAN-4,363.999880
D,DISPATCH,UNIT_SCADA,1,"2022/10/20 20:30:00",STARHLWF,20.394050
D,DISPATCH,UNIT_SCADA,1,"2022/10/20 20:30:00",STOCKYD1,170.48
D,DISPATCH,UNIT_SCADA,1,"2022/10/20 20:30:00",STWF1,94.994740
D,DISPATCH,UNIT_SCADA,1,"2022/10/20 20:30:00",SUNRSF1,0
D,DISPATCH,UNIT_SCADA,1,"2022/10/20 20:30:00",SUNTPSF1,0
D,DISPATCH,UNIT_SCADA,1,"2022/10/20 20:30:00",SWAN_E,341.946230
D,DISPATCH,UNIT_SCADA,1,"2022/10/20 20:30:00",TALWA1,0
D,DISPATCH,UNIT_SCADA,1,"2022/10/20 20:30:00",TARALGA1,0
D,DISPATCH,UNIT_SCADA,1,"2022/10/20 20:30:00",TARONG#1,350.300020
D,DISPATCH,UNIT_SCADA,1,"2022/10/20 20:30:00",TARONG#2,349.399990
D,DISPATCH,UNIT_SCADA,1,"2022/10/20 20:30:00",TARONG#3,0.90
D,DISPATCH,UNIT_SCADA,1,"2022/10/20 20:30:00",TARONG#4,294.200010
D,DISPATCH,UNIT_SCADA,1,"2022/10/20 20:30:00",TARRALEA,53.80
D,DISPATCH,UNIT_SCADA,1,"2022/10/20 20:30:00",TBSF1,0
D,DISPATCH,UNIT_SCADA,1,"2022/10/20 20:30:00",TNPS1,419.6875
D,DISPATCH,UNIT_SCADA,1,"2022/10/20 20:30:00",TORRB1,0
D,DISPATCH,UNIT_SCADA,1,"2022/10/20 20:30:00",TORRB2,61
D,DISPATCH,UNIT_SCADA,1,"2022/10/20 20:30:00",TORRB3,0
D,DISPATCH,UNIT_SCADA,1,"2022/10/20 20:30:00",TORRB4,0
D,DISPATCH,UNIT_SCADA,1,"2022/10/20 20:30:00",TREVALLN,98.010120
D,DISPATCH,UNIT_SCADA,1,"2022/10/20 20:30:00",TRIBUTE,0
D,DISPATCH,UNIT_SCADA,1,"2022/10/20 20:30:00",TUMUT3,262.88
D,DISPATCH,UNIT_SCADA,1,"2022/10/20 20:30:00",TUNGATIN,4.540020
D,DISPATCH,UNIT_SCADA,1,"2022/10/20 20:30:00",TVCC201,0
D,DISPATCH,UNIT_SCADA,1,"2022/10/20 20:30:00",TVPP104,57.904710
D,DISPATCH,UNIT_SCADA,1,"2022/10/20 20:30:00",UPPTUMUT,0
D,DISPATCH,UNIT_SCADA,1,"2022/10/20 20:30:00",URANQ11,0
D,DISPATCH,UNIT_SCADA,1,"2022/10/20 20:30:00",URANQ12,0
D,DISPATCH,UNIT_SCADA,1,"2022/10/20 20:30:00",URANQ13,0
D,DISPATCH,UNIT_SCADA,1,"2022/10/20 20:30:00",URANQ14,0
D,DISPATCH,UNIT_SCADA,1,"2022/10/20 20:30:00",VBBG1,3.80
D,DISPATCH,UNIT_SCADA,1,"2022/10/20 20:30:00",VBBL1,0
D,DISPATCH,UNIT_SCADA,1,"2022/10/20 20:30:00",VP5,560.710450
D,DISPATCH,UNIT_SCADA,1,"2022/10/20 20:30:00",VP6,600.653080
D,DISPATCH,UNIT_SCADA,1,"2022/10/20 20:30:00",VPGS1,0
D,DISPATCH,UNIT_SCADA,1,"2022/10/20 20:30:00",VPGS2,0
D,DISPATCH,UNIT_SCADA,1,"2022/10/20 20:30:00",VPGS3,0
D,DISPATCH,UNIT_SCADA,1,"2022/10/20 20:30:00",VPGS4,0
D,DISPATCH,UNIT_SCADA,1,"2022/10/20 20:30:00",VPGS5,0
D,DISPATCH,UNIT_SCADA,1,"2022/10/20 20:30:00",VPGS6,0
D,DISPATCH,UNIT_SCADA,1,"2022/10/20 20:30:00",W/HOE#1,0
D,DISPATCH,UNIT_SCADA,1,"2022/10/20 20:30:00",W/HOE#2,0
D,DISPATCH,UNIT_SCADA,1,"2022/10/20 20:30:00",WAGGNSF1,0
D,DISPATCH,UNIT_SCADA,1,"2022/10/20 20:30:00",WALGRVG1,0.019550
D,DISPATCH,UNIT_SCADA,1,"2022/10/20 20:30:00",WALGRVL1,0
D,DISPATCH,UNIT_SCADA,1,"2022/10/20 20:30:00",WANDBG1,0
D,DISPATCH,UNIT_SCADA,1,"2022/10/20 20:30:00",WANDBL1,0
D,DISPATCH,UNIT_SCADA,1,"2022/10/20 20:30:00",WARWSF1,0
D,DISPATCH,UNIT_SCADA,1,"2022/10/20 20:30:00",WARWSF2,0
D,DISPATCH,UNIT_SCADA,1,"2022/10/20 20:30:00",WATERLWF,22
D,DISPATCH,UNIT_SCADA,1,"2022/10/20 20:30:00",WDGPH1,0
D,DISPATCH,UNIT_SCADA,1,"2022/10/20 20:30:00",WELLSF1,0
D,DISPATCH,UNIT_SCADA,1,"2022/10/20 20:30:00",WEMENSF1,0
D,DISPATCH,UNIT_SCADA,1,"2022/10/20 20:30:00",WGWF1,18.50
D,DISPATCH,UNIT_SCADA,1,"2022/10/20 20:30:00",WHITSF1,0
D,DISPATCH,UNIT_SCADA,1,"2022/10/20 20:30:00",WINTSF1,0
D,DISPATCH,UNIT_SCADA,1,"2022/10/20 20:30:00",WKIEWA1,33.90
D,DISPATCH,UNIT_SCADA,1,"2022/10/20 20:30:00",WKIEWA2,34.10
D,DISPATCH,UNIT_SCADA,1,"2022/10/20 20:30:00",WOODLWN1,33.535180
D,DISPATCH,UNIT_SCADA,1,"2022/10/20 20:30:00",WOOLGSF1,0
D,DISPATCH,UNIT_SCADA,1,"2022/10/20 20:30:00",WPWF,53.01
D,DISPATCH,UNIT_SCADA,1,"2022/10/20 20:30:00",WRSF1,0
D,DISPATCH,UNIT_SCADA,1,"2022/10/20 20:30:00",WRWF1,141.103840
D,DISPATCH,UNIT_SCADA,1,"2022/10/20 20:30:00",WSTWYSF1,0
D,DISPATCH,UNIT_SCADA,1,"2022/10/20 20:30:00",YABULU,152.910020
D,DISPATCH,UNIT_SCADA,1,"2022/10/20 20:30:00",YABULU2,0
D,DISPATCH,UNIT_SCADA,1,"2022/10/20 20:30:00",YARANSF1,0
D,DISPATCH,UNIT_SCADA,1,"2022/10/20 20:30:00",YARWUN_1,161.67
D,DISPATCH,UNIT_SCADA,1,"2022/10/20 20:30:00",YATSF1,0
D,DISPATCH,UNIT_SCADA,1,"2022/10/20 20:30:00",YENDWF1,13.41
D,DISPATCH,UNIT_SCADA,1,"2022/10/20 20:30:00",YWPS1,344.3595
D,DISPATCH,UNIT_SCADA,1,"2022/10/20 20:30:00",YWPS2,359.146850
D,DISPATCH,UNIT_SCADA,1,"2022/10/20 20:30:00",YWPS3,359.953160
D,DISPATCH,UNIT_SCADA,1,"2022/10/20 20:30:00",YWPS4,0
C,"END OF REPORT",419
