C,NEMP.WORLD,DISPATCHSCADA,AEMO,PUBLIC,2022/10/20,11:25:09,0000000373250368,DISPATCHSCADA,0000000373250362
I,DISPATCH,UNIT_SCADA,1,SETTLEMENTDATE,DUID,SCADAVALUE
D,DISPATCH,UNIT_SCADA,1,"2022/10/20 11:30:00",BARCSF1,9.200001
D,DISPATCH,UNIT_SCADA,1,"2022/10/20 11:30:00",BUTLERSG,8.699999
D,DISPATCH,UNIT_SCADA,1,"2022/10/20 11:30:00",CAPTL_WF,26.672283
D,DISPATCH,UNIT_SCADA,1,"2022/10/20 11:30:00",CHALLHWF,3.90
D,DISPATCH,UNIT_SCADA,1,"2022/10/20 11:30:00",CLOVER,10.219999
D,DISPATCH,UNIT_SCADA,1,"2022/10/20 11:30:00",CLUNY,6.148318
D,DISPATCH,UNIT_SCADA,1,"2022/10/20 11:30:00",CULLRGWF,-0.04
D,DISPATCH,UNIT_SCADA,1,"2022/10/20 11:30:00",DIAPURWF1,4
D,DISPATCH,UNIT_SCADA,1,"2022/10/20 11:30:00",ERGT01,0
D,DISPATCH,UNIT_SCADA,1,"2022/10/20 11:30:00",GB01,0
D,DISPATCH,UNIT_SCADA,1,"2022/10/20 11:30:00",GERMCRK,19.700001
D,DISPATCH,UNIT_SCADA,1,"2022/10/20 11:30:00",GRIFSF1,7.298390
D,DISPATCH,UNIT_SCADA,1,"2022/10/20 11:30:00",HEZ1,0
D,DISPATCH,UNIT_SCADA,1,"2022/10/20 11:30:00",HUGSF1,14.2630
D,DISPATCH,UNIT_SCADA,1,"2022/10/20 11:30:00",KEPBG1,0.01
D,DISPATCH,UNIT_SCADA,1,"2022/10/20 11:30:00",LRSF1,12.2960
D,DISPATCH,UNIT_SCADA,1,"2022/10/20 11:30:00",MBAHNTH,48.300003
D,DISPATCH,UNIT_SCADA,1,"2022/10/20 11:30:00",MLSP1,2.417001
D,DISPATCH,UNIT_SCADA,1,"2022/10/20 11:30:00",MLWF1,4.80
D,DISPATCH,UNIT_SCADA,1,"2022/10/20 11:30:00",PALOONA,30.059999
D,DISPATCH,UNIT_SCADA,1,"2022/10/20 11:30:00",PIONEER,46.799999
D,DISPATCH,UNIT_SCADA,1,"2022/10/20 11:30:00",PORTWF,88.099998
D,DISPATCH,UNIT_SCADA,1,"2022/10/20 11:30:00",REPULSE,9.600367
D,DISPATCH,UNIT_SCADA,1,"2022/10/20 11:30:00",ROWALLAN,8.974401
D,DISPATCH,UNIT_SCADA,1,"2022/10/20 11:30:00",ROYALLA1,7.813004
D,DISPATCH,UNIT_SCADA,1,"2022/10/20 11:30:00",RPCG,-1.80
D,DISPATCH,UNIT_SCADA,1,"2022/10/20 11:30:00",RUBICON,0
D,DISPATCH,UNIT_SCADA,1,"2022/10/20 11:30:00",WAUBRAWF,10.7380
D,DISPATCH,UNIT_SCADA,1,"2022/10/20 11:30:00",WOOLNTH1,4
D,DISPATCH,UNIT_SCADA,1,"2022/10/20 11:30:00",YAMBUKWF,7.40
D,DISPATCH,UNIT_SCADA,1,"2022/10/20 11:30:00",YSWF1,1.60
D,DISPATCH,UNIT_SCADA,1,"2022/10/20 11:30:00",ADPBA1G,0.0080
D,DISPATCH,UNIT_SCADA,1,"2022/10/20 11:30:00",ADPBA1L,0
D,DISPATCH,UNIT_SCADA,1,"2022/10/20 11:30:00",ADPPV1,0.0610
D,DISPATCH,UNIT_SCADA,1,"2022/10/20 11:30:00",AGLHAL,0
D,DISPATCH,UNIT_SCADA,1,"2022/10/20 11:30:00",AGLSOM,0
D,DISPATCH,UNIT_SCADA,1,"2022/10/20 11:30:00",ANGAST1,0
D,DISPATCH,UNIT_SCADA,1,"2022/10/20 11:30:00",ARWF1,0
D,DISPATCH,UNIT_SCADA,1,"2022/10/20 11:30:00",BALBG1,0
D,DISPATCH,UNIT_SCADA,1,"2022/10/20 11:30:00",BALBL1,0
D,DISPATCH,UNIT_SCADA,1,"2022/10/20 11:30:00",BALDHWF1,9.4750
D,DISPATCH,UNIT_SCADA,1,"2022/10/20 11:30:00",BANGOWF1,35.295950
D,DISPATCH,UNIT_SCADA,1,"2022/10/20 11:30:00",BANGOWF2,50.699090
D,DISPATCH,UNIT_SCADA,1,"2022/10/20 11:30:00",BANN1,23.99
D,DISPATCH,UNIT_SCADA,1,"2022/10/20 11:30:00",BARCALDN,0
D,DISPATCH,UNIT_SCADA,1,"2022/10/20 11:30:00",BARKIPS1,0
D,DISPATCH,UNIT_SCADA,1,"2022/10/20 11:30:00",BARRON-1,0
D,DISPATCH,UNIT_SCADA,1,"2022/10/20 11:30:00",BARRON-2,0
D,DISPATCH,UNIT_SCADA,1,"2022/10/20 11:30:00",BASTYAN,56.89
D,DISPATCH,UNIT_SCADA,1,"2022/10/20 11:30:00",BBTHREE1,0
D,DISPATCH,UNIT_SCADA,1,"2022/10/20 11:30:00",BBTHREE2,0
D,DISPATCH,UNIT_SCADA,1,"2022/10/20 11:30:00",BBTHREE3,-1.03
D,DISPATCH,UNIT_SCADA,1,"2022/10/20 11:30:00",BDL01,0
D,DISPATCH,UNIT_SCADA,1,"2022/10/20 11:30:00",BDL02,0
D,DISPATCH,UNIT_SCADA,1,"2022/10/20 11:30:00",BERYLSF1,13.781140
D,DISPATCH,UNIT_SCADA,1,"2022/10/20 11:30:00",BLOWERNG,62.50
D,DISPATCH,UNIT_SCADA,1,"2022/10/20 11:30:00",BLUEGSF1,74.8585
D,DISPATCH,UNIT_SCADA,1,"2022/10/20 11:30:00",BLUFF1,10.50
D,DISPATCH,UNIT_SCADA,1,"2022/10/20 11:30:00",BNGSF1,109.92
D,DISPATCH,UNIT_SCADA,1,"2022/10/20 11:30:00",BNGSF2,110.45
D,DISPATCH,UNIT_SCADA,1,"2022/10/20 11:30:00",BOCORWF1,12.64
D,DISPATCH,UNIT_SCADA,1,"2022/10/20 11:30:00",BODWF1,102.551650
D,DISPATCH,UNIT_SCADA,1,"2022/10/20 11:30:00",BOMENSF1,36.6125
D,DISPATCH,UNIT_SCADA,1,"2022/10/20 11:30:00",BOWWBA1G,0
D,DISPATCH,UNIT_SCADA,1,"2022/10/20 11:30:00",BOWWBA1L,0
D,DISPATCH,UNIT_SCADA,1,"2022/10/20 11:30:00",BOWWPV1,0.0010
D,DISPATCH,UNIT_SCADA,1,"2022/10/20 11:30:00",BRAEMAR1,0
D,DISPATCH,UNIT_SCADA,1,"2022/10/20 11:30:00",BRAEMAR2,0
D,DISPATCH,UNIT_SCADA,1,"2022/10/20 11:30:00",BRAEMAR3,0
D,DISPATCH,UNIT_SCADA,1,"2022/10/20 11:30:00",BRAEMAR5,0.292060
D,DISPATCH,UNIT_SCADA,1,"2022/10/20 11:30:00",BRAEMAR6,0
D,DISPATCH,UNIT_SCADA,1,"2022/10/20 11:30:00",BRAEMAR7,0.130920
D,DISPATCH,UNIT_SCADA,1,"2022/10/20 11:30:00",BROKENH1,46.799290
D,DISPATCH,UNIT_SCADA,1,"2022/10/20 11:30:00",BRYB1WF1,97.355610
D,DISPATCH,UNIT_SCADA,1,"2022/10/20 11:30:00",BULBESG1,0
D,DISPATCH,UNIT_SCADA,1,"2022/10/20 11:30:00",BULBESL1,1.70
D,DISPATCH,UNIT_SCADA,1,"2022/10/20 11:30:00",BULGANA1,1.48
D,DISPATCH,UNIT_SCADA,1,"2022/10/20 11:30:00",BW01,658.762510
D,DISPATCH,UNIT_SCADA,1,"2022/10/20 11:30:00",BW02,620.138850
D,DISPATCH,UNIT_SCADA,1,"2022/10/20 11:30:00",BW03,425.5314
D,DISPATCH,UNIT_SCADA,1,"2022/10/20 11:30:00",BW04,0
D,DISPATCH,UNIT_SCADA,1,"2022/10/20 11:30:00",CALL_B_1,320.700010
D,DISPATCH,UNIT_SCADA,1,"2022/10/20 11:30:00",CALL_B_2,319.600010
D,DISPATCH,UNIT_SCADA,1,"2022/10/20 11:30:00",CATHROCK,0
D,DISPATCH,UNIT_SCADA,1,"2022/10/20 11:30:00",CBWWBA1G,0
D,DISPATCH,UNIT_SCADA,1,"2022/10/20 11:30:00",CBWWBA1L,0
D,DISPATCH,UNIT_SCADA,1,"2022/10/20 11:30:00",CETHANA,12.2040
D,DISPATCH,UNIT_SCADA,1,"2022/10/20 11:30:00",CG1,0
D,DISPATCH,UNIT_SCADA,1,"2022/10/20 11:30:00",CG2,0
D,DISPATCH,UNIT_SCADA,1,"2022/10/20 11:30:00",CG3,0
D,DISPATCH,UNIT_SCADA,1,"2022/10/20 11:30:00",CG4,0
D,DISPATCH,UNIT_SCADA,1,"2022/10/20 11:30:00",CHILDSF1,46.56
D,DISPATCH,UNIT_SCADA,1,"2022/10/20 11:30:00",CHYTWF1,2.62
D,DISPATCH,UNIT_SCADA,1,"2022/10/20 11:30:00",CLARESF1,23.836670
D,DISPATCH,UNIT_SCADA,1,"2022/10/20 11:30:00",CLEMGPWF,9.220480
D,DISPATCH,UNIT_SCADA,1,"2022/10/20 11:30:00",CLERMSF1,21.45
D,DISPATCH,UNIT_SCADA,1,"2022/10/20 11:30:00",CNUNDAWF,0
D,DISPATCH,UNIT_SCADA,1,"2022/10/20 11:30:00",COHUNSF1,6.35
D,DISPATCH,UNIT_SCADA,1,"2022/10/20 11:30:00",COLEASF1,50.699250
D,DISPATCH,UNIT_SCADA,1,"2022/10/20 11:30:00",COLUMSF1,28.4080
D,DISPATCH,UNIT_SCADA,1,"2022/10/20 11:30:00",COLWF01,97.918670
D,DISPATCH,UNIT_SCADA,1,"2022/10/20 11:30:00",COOPGWF1,142.44
D,DISPATCH,UNIT_SCADA,1,"2022/10/20 11:30:00",CPP_3,289.850010
D,DISPATCH,UNIT_SCADA,1,"2022/10/20 11:30:00",CPP_4,0
D,DISPATCH,UNIT_SCADA,1,"2022/10/20 11:30:00",CPSA,0
D,DISPATCH,UNIT_SCADA,1,"2022/10/20 11:30:00",CROOKWF2,39.294430
D,DISPATCH,UNIT_SCADA,1,"2022/10/20 11:30:00",CROWLWF1,0
D,DISPATCH,UNIT_SCADA,1,"2022/10/20 11:30:00",CRURWF1,49.298010
D,DISPATCH,UNIT_SCADA,1,"2022/10/20 11:30:00",CRWASF1,28.242940
D,DISPATCH,UNIT_SCADA,1,"2022/10/20 11:30:00",CSPVPS1,0.11
D,DISPATCH,UNIT_SCADA,1,"2022/10/20 11:30:00",CTHLWF1,0.003050
D,DISPATCH,UNIT_SCADA,1,"2022/10/20 11:30:00",DALNTH01,0
D,DISPATCH,UNIT_SCADA,1,"2022/10/20 11:30:00",DALNTHL1,1.051350
D,DISPATCH,UNIT_SCADA,1,"2022/10/20 11:30:00",DARLSF1,50.914170
D,DISPATCH,UNIT_SCADA,1,"2022/10/20 11:30:00",DARTM1,0
D,DISPATCH,UNIT_SCADA,1,"2022/10/20 11:30:00",DAYDSF1,2.2680
D,DISPATCH,UNIT_SCADA,1,"2022/10/20 11:30:00",DDPS1,0
D,DISPATCH,UNIT_SCADA,1,"2022/10/20 11:30:00",DDSF1,77.467650
D,DISPATCH,UNIT_SCADA,1,"2022/10/20 11:30:00",DEVILS_G,50.697350
D,DISPATCH,UNIT_SCADA,1,"2022/10/20 11:30:00",DG_NSW1,0
D,DISPATCH,UNIT_SCADA,1,"2022/10/20 11:30:00",DG_QLD1,0
D,DISPATCH,UNIT_SCADA,1,"2022/10/20 11:30:00",DG_SA1,0
D,DISPATCH,UNIT_SCADA,1,"2022/10/20 11:30:00",DG_TAS1,0
D,DISPATCH,UNIT_SCADA,1,"2022/10/20 11:30:00",DG_VIC1,0
D,DISPATCH,UNIT_SCADA,1,"2022/10/20 11:30:00",DRYCGT1,0
D,DISPATCH,UNIT_SCADA,1,"2022/10/20 11:30:00",DRYCGT2,0
D,DISPATCH,UNIT_SCADA,1,"2022/10/20 11:30:00",DRYCGT3,0
D,DISPATCH,UNIT_SCADA,1,"2022/10/20 11:30:00",DUNDWF1,59.78
D,DISPATCH,UNIT_SCADA,1,"2022/10/20 11:30:00",DUNDWF2,15.46
D,DISPATCH,UNIT_SCADA,1,"2022/10/20 11:30:00",DUNDWF3,39.53
D,DISPATCH,UNIT_SCADA,1,"2022/10/20 11:30:00",EILDON1,60.16
D,DISPATCH,UNIT_SCADA,1,"2022/10/20 11:30:00",EILDON2,59.88
D,DISPATCH,UNIT_SCADA,1,"2022/10/20 11:30:00",ELAINWF1,32.94
D,DISPATCH,UNIT_SCADA,1,"2022/10/20 11:30:00",EMERASF1,0
D,DISPATCH,UNIT_SCADA,1,"2022/10/20 11:30:00",ER01,0
D,DISPATCH,UNIT_SCADA,1,"2022/10/20 11:30:00",ER02,346.037990
D,DISPATCH,UNIT_SCADA,1,"2022/10/20 11:30:00",ER03,444.574650
D,DISPATCH,UNIT_SCADA,1,"2022/10/20 11:30:00",ER04,446.015110
D,DISPATCH,UNIT_SCADA,1,"2022/10/20 11:30:00",FINLYSF1,127.885860
D,DISPATCH,UNIT_SCADA,1,"2022/10/20 11:30:00",FISHER,43.92
D,DISPATCH,UNIT_SCADA,1,"2022/10/20 11:30:00",GANGARR1,20.1530
D,DISPATCH,UNIT_SCADA,1,"2022/10/20 11:30:00",GANNBG1,0
D,DISPATCH,UNIT_SCADA,1,"2022/10/20 11:30:00",GANNBL1,3.077230
D,DISPATCH,UNIT_SCADA,1,"2022/10/20 11:30:00",GANNSF1,23.90
D,DISPATCH,UNIT_SCADA,1,"2022/10/20 11:30:00",GLRWNSF1,110.04
D,DISPATCH,UNIT_SCADA,1,"2022/10/20 11:30:00",GNNDHSF1,47.819410
D,DISPATCH,UNIT_SCADA,1,"2022/10/20 11:30:00",GOONSF1,12.523380
D,DISPATCH,UNIT_SCADA,1,"2022/10/20 11:30:00",GORDON,219.921650
D,DISPATCH,UNIT_SCADA,1,"2022/10/20 11:30:00",GRANWF1,0
D,DISPATCH,UNIT_SCADA,1,"2022/10/20 11:30:00",GSTONE1,201.774990
D,DISPATCH,UNIT_SCADA,1,"2022/10/20 11:30:00",GSTONE2,0
D,DISPATCH,UNIT_SCADA,1,"2022/10/20 11:30:00",GSTONE3,199.6750
D,DISPATCH,UNIT_SCADA,1,"2022/10/20 11:30:00",GSTONE4,0
D,DISPATCH,UNIT_SCADA,1,"2022/10/20 11:30:00",GSTONE5,170.274990
D,DISPATCH,UNIT_SCADA,1,"2022/10/20 11:30:00",GSTONE6,169.9250
D,DISPATCH,UNIT_SCADA,1,"2022/10/20 11:30:00",GULLRSF1,4.014940
D,DISPATCH,UNIT_SCADA,1,"2022/10/20 11:30:00",GULLRWF1,64.884010
D,DISPATCH,UNIT_SCADA,1,"2022/10/20 11:30:00",GULLRWF2,72.224730
D,DISPATCH,UNIT_SCADA,1,"2022/10/20 11:30:00",GUNNING1,0
D,DISPATCH,UNIT_SCADA,1,"2022/10/20 11:30:00",GUTHEGA,68.100010
D,DISPATCH,UNIT_SCADA,1,"2022/10/20 11:30:00",HALLWF1,8.93
D,DISPATCH,UNIT_SCADA,1,"2022/10/20 11:30:00",HALLWF2,12.47
D,DISPATCH,UNIT_SCADA,1,"2022/10/20 11:30:00",HAMISF1,0
D,DISPATCH,UNIT_SCADA,1,"2022/10/20 11:30:00",HAUGHT11,79.163390
D,DISPATCH,UNIT_SCADA,1,"2022/10/20 11:30:00",HAYMSF1,0
D,DISPATCH,UNIT_SCADA,1,"2022/10/20 11:30:00",HDWF1,73.50
D,DISPATCH,UNIT_SCADA,1,"2022/10/20 11:30:00",HDWF2,78.90
D,DISPATCH,UNIT_SCADA,1,"2022/10/20 11:30:00",HDWF3,84
D,DISPATCH,UNIT_SCADA,1,"2022/10/20 11:30:00",HILLSTN1,70.414340
D,DISPATCH,UNIT_SCADA,1,"2022/10/20 11:30:00",HPRG1,26.60
D,DISPATCH,UNIT_SCADA,1,"2022/10/20 11:30:00",HPRL1,0
D,DISPATCH,UNIT_SCADA,1,"2022/10/20 11:30:00",HUMENSW,54.287570
D,DISPATCH,UNIT_SCADA,1,"2022/10/20 11:30:00",HUMEV,0
D,DISPATCH,UNIT_SCADA,1,"2022/10/20 11:30:00",HVWWBA1G,0
D,DISPATCH,UNIT_SCADA,1,"2022/10/20 11:30:00",HVWWBA1L,0.0060
D,DISPATCH,UNIT_SCADA,1,"2022/10/20 11:30:00",HVWWPV1,0.1750
D,DISPATCH,UNIT_SCADA,1,"2022/10/20 11:30:00",JBUTTERS,0
D,DISPATCH,UNIT_SCADA,1,"2022/10/20 11:30:00",JEMALNG1,5.24
D,DISPATCH,UNIT_SCADA,1,"2022/10/20 11:30:00",JLA01,0
D,DISPATCH,UNIT_SCADA,1,"2022/10/20 11:30:00",JLA02,0
D,DISPATCH,UNIT_SCADA,1,"2022/10/20 11:30:00",JLA03,0
D,DISPATCH,UNIT_SCADA,1,"2022/10/20 11:30:00",JLA04,0
D,DISPATCH,UNIT_SCADA,1,"2022/10/20 11:30:00",JLB01,0
D,DISPATCH,UNIT_SCADA,1,"2022/10/20 11:30:00",JLB02,0.10
D,DISPATCH,UNIT_SCADA,1,"2022/10/20 11:30:00",JLB03,0
D,DISPATCH,UNIT_SCADA,1,"2022/10/20 11:30:00",JUNEESF1,10.834430
D,DISPATCH,UNIT_SCADA,1,"2022/10/20 11:30:00",KABANWF1,0
D,DISPATCH,UNIT_SCADA,1,"2022/10/20 11:30:00",KAREEYA1,0
D,DISPATCH,UNIT_SCADA,1,"2022/10/20 11:30:00",KAREEYA2,0
D,DISPATCH,UNIT_SCADA,1,"2022/10/20 11:30:00",KAREEYA3,4.9750
D,DISPATCH,UNIT_SCADA,1,"2022/10/20 11:30:00",KAREEYA4,0
D,DISPATCH,UNIT_SCADA,1,"2022/10/20 11:30:00",KARSF1,22.80
D,DISPATCH,UNIT_SCADA,1,"2022/10/20 11:30:00",KEPSF1,5.71
D,DISPATCH,UNIT_SCADA,1,"2022/10/20 11:30:00",KEPWF1,7.70
D,DISPATCH,UNIT_SCADA,1,"2022/10/20 11:30:00",KIAMSF1,10.921650
D,DISPATCH,UNIT_SCADA,1,"2022/10/20 11:30:00",KIATAWF1,5.30
D,DISPATCH,UNIT_SCADA,1,"2022/10/20 11:30:00",KPP_1,0
D,DISPATCH,UNIT_SCADA,1,"2022/10/20 11:30:00",KSP1,46.09
D,DISPATCH,UNIT_SCADA,1,"2022/10/20 11:30:00",LADBROK1,0.02
D,DISPATCH,UNIT_SCADA,1,"2022/10/20 11:30:00",LADBROK2,0.01
D,DISPATCH,UNIT_SCADA,1,"2022/10/20 11:30:00",LBBG1,0
D,DISPATCH,UNIT_SCADA,1,"2022/10/20 11:30:00",LBBL1,10.50
D,DISPATCH,UNIT_SCADA,1,"2022/10/20 11:30:00",LD01,277.468170
D,DISPATCH,UNIT_SCADA,1,"2022/10/20 11:30:00",LD02,0
D,DISPATCH,UNIT_SCADA,1,"2022/10/20 11:30:00",LD04,281.624820
D,DISPATCH,UNIT_SCADA,1,"2022/10/20 11:30:00",LEM_WIL,22.421380
D,DISPATCH,UNIT_SCADA,1,"2022/10/20 11:30:00",LGAPWF1,20.20
D,DISPATCH,UNIT_SCADA,1,"2022/10/20 11:30:00",LGAPWF2,14.95
D,DISPATCH,UNIT_SCADA,1,"2022/10/20 11:30:00",LILYSF1,59.768830
D,DISPATCH,UNIT_SCADA,1,"2022/10/20 11:30:00",LIMOSF11,68.245820
D,DISPATCH,UNIT_SCADA,1,"2022/10/20 11:30:00",LIMOSF21,12.771770
D,DISPATCH,UNIT_SCADA,1,"2022/10/20 11:30:00",LI_WY_CA,56.443260
D,DISPATCH,UNIT_SCADA,1,"2022/10/20 11:30:00",LKBONNY1,0
D,DISPATCH,UNIT_SCADA,1,"2022/10/20 11:30:00",LKBONNY2,0
D,DISPATCH,UNIT_SCADA,1,"2022/10/20 11:30:00",LKBONNY3,0
D,DISPATCH,UNIT_SCADA,1,"2022/10/20 11:30:00",LK_ECHO,0
D,DISPATCH,UNIT_SCADA,1,"2022/10/20 11:30:00",LNGS1,0
D,DISPATCH,UNIT_SCADA,1,"2022/10/20 11:30:00",LNGS2,0
D,DISPATCH,UNIT_SCADA,1,"2022/10/20 11:30:00",LONSDALE,0
D,DISPATCH,UNIT_SCADA,1,"2022/10/20 11:30:00",LOYYB1,400.746830
D,DISPATCH,UNIT_SCADA,1,"2022/10/20 11:30:00",LOYYB2,403.002530
D,DISPATCH,UNIT_SCADA,1,"2022/10/20 11:30:00",LYA1,368
D,DISPATCH,UNIT_SCADA,1,"2022/10/20 11:30:00",LYA2,0
D,DISPATCH,UNIT_SCADA,1,"2022/10/20 11:30:00",LYA3,358
D,DISPATCH,UNIT_SCADA,1,"2022/10/20 11:30:00",LYA4,358
D,DISPATCH,UNIT_SCADA,1,"2022/10/20 11:30:00",MACARTH1,70.598370
D,DISPATCH,UNIT_SCADA,1,"2022/10/20 11:30:00",MACKNTSH,0
D,DISPATCH,UNIT_SCADA,1,"2022/10/20 11:30:00",MANSLR1,38.9550
D,DISPATCH,UNIT_SCADA,1,"2022/10/20 11:30:00",MAPS2PV1,0
D,DISPATCH,UNIT_SCADA,1,"2022/10/20 11:30:00",MAPS3PV1,0
D,DISPATCH,UNIT_SCADA,1,"2022/10/20 11:30:00",MARYRSF1,18.80
D,DISPATCH,UNIT_SCADA,1,"2022/10/20 11:30:00",MBPS2PV1,0
D,DISPATCH,UNIT_SCADA,1,"2022/10/20 11:30:00",MCKAY1,0.02
D,DISPATCH,UNIT_SCADA,1,"2022/10/20 11:30:00",MEADOWBK,6.0018
D,DISPATCH,UNIT_SCADA,1,"2022/10/20 11:30:00",MERCER01,31.50
D,DISPATCH,UNIT_SCADA,1,"2022/10/20 11:30:00",METZSF1,24.387160
D,DISPATCH,UNIT_SCADA,1,"2022/10/20 11:30:00",MEWF1,0
D,DISPATCH,UNIT_SCADA,1,"2022/10/20 11:30:00",MIDDLSF1,10.61
D,DISPATCH,UNIT_SCADA,1,"2022/10/20 11:30:00",MINTARO,0.128180
D,DISPATCH,UNIT_SCADA,1,"2022/10/20 11:30:00",MOLNGSF1,0.484630
D,DISPATCH,UNIT_SCADA,1,"2022/10/20 11:30:00",MOORAWF1,74.59
D,DISPATCH,UNIT_SCADA,1,"2022/10/20 11:30:00",MOREESF1,8.21
D,DISPATCH,UNIT_SCADA,1,"2022/10/20 11:30:00",MORTLK11,0
D,DISPATCH,UNIT_SCADA,1,"2022/10/20 11:30:00",MORTLK12,0
D,DISPATCH,UNIT_SCADA,1,"2022/10/20 11:30:00",MOUSF1,0
D,DISPATCH,UNIT_SCADA,1,"2022/10/20 11:30:00",MP1,0
D,DISPATCH,UNIT_SCADA,1,"2022/10/20 11:30:00",MP2,351.604490
D,DISPATCH,UNIT_SCADA,1,"2022/10/20 11:30:00",MPP_1,149.953140
D,DISPATCH,UNIT_SCADA,1,"2022/10/20 11:30:00",MPP_2,186.728060
D,DISPATCH,UNIT_SCADA,1,"2022/10/20 11:30:00",MRTLSWF1,0
D,DISPATCH,UNIT_SCADA,1,"2022/10/20 11:30:00",MSTUART1,0
D,DISPATCH,UNIT_SCADA,1,"2022/10/20 11:30:00",MSTUART2,0
D,DISPATCH,UNIT_SCADA,1,"2022/10/20 11:30:00",MSTUART3,0
D,DISPATCH,UNIT_SCADA,1,"2022/10/20 11:30:00",MTGELWF1,34.900970
D,DISPATCH,UNIT_SCADA,1,"2022/10/20 11:30:00",MTMILLAR,1.40
D,DISPATCH,UNIT_SCADA,1,"2022/10/20 11:30:00",MURRAY,0
D,DISPATCH,UNIT_SCADA,1,"2022/10/20 11:30:00",MUSSELR1,97.50
D,DISPATCH,UNIT_SCADA,1,"2022/10/20 11:30:00",MUWAWF1,36.10
D,DISPATCH,UNIT_SCADA,1,"2022/10/20 11:30:00",MUWAWF2,35
D,DISPATCH,UNIT_SCADA,1,"2022/10/20 11:30:00",MWPS1PV1,0.13
D,DISPATCH,UNIT_SCADA,1,"2022/10/20 11:30:00",MWPS2PV1,0
D,DISPATCH,UNIT_SCADA,1,"2022/10/20 11:30:00",MWPS3PV1,0.87
D,DISPATCH,UNIT_SCADA,1,"2022/10/20 11:30:00",MWPS4PV1,0.01
D,DISPATCH,UNIT_SCADA,1,"2022/10/20 11:30:00",NBHWF1,10
D,DISPATCH,UNIT_SCADA,1,"2022/10/20 11:30:00",NEVERSF1,14.54
D,DISPATCH,UNIT_SCADA,1,"2022/10/20 11:30:00",NPS,0
D,DISPATCH,UNIT_SCADA,1,"2022/10/20 11:30:00",NUMURSF1,92.17
D,DISPATCH,UNIT_SCADA,1,"2022/10/20 11:30:00",NYNGAN1,75.75
D,DISPATCH,UNIT_SCADA,1,"2022/10/20 11:30:00",OAKEY1,0
D,DISPATCH,UNIT_SCADA,1,"2022/10/20 11:30:00",OAKEY1SF,7.0370
D,DISPATCH,UNIT_SCADA,1,"2022/10/20 11:30:00",OAKEY2,0
D,DISPATCH,UNIT_SCADA,1,"2022/10/20 11:30:00",OAKEY2SF,14.13
D,DISPATCH,UNIT_SCADA,1,"2022/10/20 11:30:00",OAKLAND1,6.90
D,DISPATCH,UNIT_SCADA,1,"2022/10/20 11:30:00",OSB-AG,0
D,DISPATCH,UNIT_SCADA,1,"2022/10/20 11:30:00",PAREPS1,0.0660
D,DISPATCH,UNIT_SCADA,1,"2022/10/20 11:30:00",PAREPW1,51.43
D,DISPATCH,UNIT_SCADA,1,"2022/10/20 11:30:00",PARSF1,6.999310
D,DISPATCH,UNIT_SCADA,1,"2022/10/20 11:30:00",POAT110,0
D,DISPATCH,UNIT_SCADA,1,"2022/10/20 11:30:00",POAT220,0
D,DISPATCH,UNIT_SCADA,1,"2022/10/20 11:30:00",POR01,0
D,DISPATCH,UNIT_SCADA,1,"2022/10/20 11:30:00",POR03,0
D,DISPATCH,UNIT_SCADA,1,"2022/10/20 11:30:00",PPCCGT,0
D,DISPATCH,UNIT_SCADA,1,"2022/10/20 11:30:00",PTSTAN1,0
D,DISPATCH,UNIT_SCADA,1,"2022/10/20 11:30:00",PUMP1,245.20
D,DISPATCH,UNIT_SCADA,1,"2022/10/20 11:30:00",PUMP2,0
D,DISPATCH,UNIT_SCADA,1,"2022/10/20 11:30:00",QBYNBG1,2.030470
D,DISPATCH,UNIT_SCADA,1,"2022/10/20 11:30:00",QBYNBL1,0
D,DISPATCH,UNIT_SCADA,1,"2022/10/20 11:30:00",QPS1,0
D,DISPATCH,UNIT_SCADA,1,"2022/10/20 11:30:00",QPS2,0
D,DISPATCH,UNIT_SCADA,1,"2022/10/20 11:30:00",QPS3,0
D,DISPATCH,UNIT_SCADA,1,"2022/10/20 11:30:00",QPS4,0
D,DISPATCH,UNIT_SCADA,1,"2022/10/20 11:30:00",QPS5,75.97
D,DISPATCH,UNIT_SCADA,1,"2022/10/20 11:30:00",REECE1,0
D,DISPATCH,UNIT_SCADA,1,"2022/10/20 11:30:00",REECE2,0
D,DISPATCH,UNIT_SCADA,1,"2022/10/20 11:30:00",ROMA_7,0
D,DISPATCH,UNIT_SCADA,1,"2022/10/20 11:30:00",ROMA_8,0
D,DISPATCH,UNIT_SCADA,1,"2022/10/20 11:30:00",RRSF1,115.544220
D,DISPATCH,UNIT_SCADA,1,"2022/10/20 11:30:00",RT_NSW1,0
D,DISPATCH,UNIT_SCADA,1,"2022/10/20 11:30:00",RT_NSW2,0
D,DISPATCH,UNIT_SCADA,1,"2022/10/20 11:30:00",RT_NSW3,0
D,DISPATCH,UNIT_SCADA,1,"2022/10/20 11:30:00",RT_NSW4,0
D,DISPATCH,UNIT_SCADA,1,"2022/10/20 11:30:00",RT_NSW5,0
D,DISPATCH,UNIT_SCADA,1,"2022/10/20 11:30:00",RT_NSW6,0
D,DISPATCH,UNIT_SCADA,1,"2022/10/20 11:30:00",RT_QLD1,0
D,DISPATCH,UNIT_SCADA,1,"2022/10/20 11:30:00",RT_SA1,0
D,DISPATCH,UNIT_SCADA,1,"2022/10/20 11:30:00",RT_SA2,0
D,DISPATCH,UNIT_SCADA,1,"2022/10/20 11:30:00",RT_SA3,0
D,DISPATCH,UNIT_SCADA,1,"2022/10/20 11:30:00",RT_SA4,0
D,DISPATCH,UNIT_SCADA,1,"2022/10/20 11:30:00",RT_SA5,0
D,DISPATCH,UNIT_SCADA,1,"2022/10/20 11:30:00",RT_SA6,0
D,DISPATCH,UNIT_SCADA,1,"2022/10/20 11:30:00",RT_TAS1,0
D,DISPATCH,UNIT_SCADA,1,"2022/10/20 11:30:00",RT_VIC1,0
D,DISPATCH,UNIT_SCADA,1,"2022/10/20 11:30:00",RT_VIC10,0
D,DISPATCH,UNIT_SCADA,1,"2022/10/20 11:30:00",RT_VIC11,0
D,DISPATCH,UNIT_SCADA,1,"2022/10/20 11:30:00",RT_VIC12,0
D,DISPATCH,UNIT_SCADA,1,"2022/10/20 11:30:00",RT_VIC2,0
D,DISPATCH,UNIT_SCADA,1,"2022/10/20 11:30:00",RT_VIC3,0
D,DISPATCH,UNIT_SCADA,1,"2022/10/20 11:30:00",RT_VIC4,0
D,DISPATCH,UNIT_SCADA,1,"2022/10/20 11:30:00",RT_VIC5,0
D,DISPATCH,UNIT_SCADA,1,"2022/10/20 11:30:00",RT_VIC6,0
D,DISPATCH,UNIT_SCADA,1,"2022/10/20 11:30:00",RT_VIC7,0
D,DISPATCH,UNIT_SCADA,1,"2022/10/20 11:30:00",RT_VIC8,0
D,DISPATCH,UNIT_SCADA,1,"2022/10/20 11:30:00",RT_VIC9,0
D,DISPATCH,UNIT_SCADA,1,"2022/10/20 11:30:00",RUGBYR1,2.295170
D,DISPATCH,UNIT_SCADA,1,"2022/10/20 11:30:00",SALTCRK1,14.90
D,DISPATCH,UNIT_SCADA,1,"2022/10/20 11:30:00",SAPHWF1,39.830620
D,DISPATCH,UNIT_SCADA,1,"2022/10/20 11:30:00",SEBSF1,22.271970
D,DISPATCH,UNIT_SCADA,1,"2022/10/20 11:30:00",SHGEN,0
D,DISPATCH,UNIT_SCADA,1,"2022/10/20 11:30:00",SHPUMP,0
D,DISPATCH,UNIT_SCADA,1,"2022/10/20 11:30:00",SITHE01,0.143810
D,DISPATCH,UNIT_SCADA,1,"2022/10/20 11:30:00",SMCSF1,74.8840
D,DISPATCH,UNIT_SCADA,1,"2022/10/20 11:30:00",SNAPPER1,0
D,DISPATCH,UNIT_SCADA,1,"2022/10/20 11:30:00",SNOWNTH1,107.30
D,DISPATCH,UNIT_SCADA,1,"2022/10/20 11:30:00",SNOWSTH1,39
D,DISPATCH,UNIT_SCADA,1,"2022/10/20 11:30:00",SNOWTWN1,0
D,DISPATCH,UNIT_SCADA,1,"2022/10/20 11:30:00",SNOWYP,0
D,DISPATCH,UNIT_SCADA,1,"2022/10/20 11:30:00",SNUG1,0
D,DISPATCH,UNIT_SCADA,1,"2022/10/20 11:30:00",SRSF1,19.96
D,DISPATCH,UNIT_SCADA,1,"2022/10/20 11:30:00",STAN-1,273.672850
D,DISPATCH,UNIT_SCADA,1,"2022/10/20 11:30:00",STAN-2,330.032710
D,DISPATCH,UNIT_SCADA,1,"2022/10/20 11:30:00",STAN-3,156.107990
D,DISPATCH,UNIT_SCADA,1,"2022/10/20 11:30:00",STAN-4,330.442870
D,DISPATCH,UNIT_SCADA,1,"2022/10/20 11:30:00",STARHLWF,0.01
D,DISPATCH,UNIT_SCADA,1,"2022/10/20 11:30:00",STOCKYD1,87.86
D,DISPATCH,UNIT_SCADA,1,"2022/10/20 11:30:00",STWF1,0
D,DISPATCH,UNIT_SCADA,1,"2022/10/20 11:30:00",SUNRSF1,94.387730
D,DISPATCH,UNIT_SCADA,1,"2022/10/20 11:30:00",SUNTPSF1,102.074920
D,DISPATCH,UNIT_SCADA,1,"2022/10/20 11:30:00",SWAN_E,224.514370
D,DISPATCH,UNIT_SCADA,1,"2022/10/20 11:30:00",TALWA1,0
D,DISPATCH,UNIT_SCADA,1,"2022/10/20 11:30:00",TARALGA1,0
D,DISPATCH,UNIT_SCADA,1,"2022/10/20 11:30:00",TARONG#1,346.300020
D,DISPATCH,UNIT_SCADA,1,"2022/10/20 11:30:00",TARONG#2,345.100010
D,DISPATCH,UNIT_SCADA,1,"2022/10/20 11:30:00",TARONG#3,0.90
D,DISPATCH,UNIT_SCADA,1,"2022/10/20 11:30:00",TARONG#4,211.30
D,DISPATCH,UNIT_SCADA,1,"2022/10/20 11:30:00",TARRALEA,54
D,DISPATCH,UNIT_SCADA,1,"2022/10/20 11:30:00",TBSF1,0.20
D,DISPATCH,UNIT_SCADA,1,"2022/10/20 11:30:00",TNPS1,402.8125
D,DISPATCH,UNIT_SCADA,1,"2022/10/20 11:30:00",TORRB1,0
D,DISPATCH,UNIT_SCADA,1,"2022/10/20 11:30:00",TORRB2,43
D,DISPATCH,UNIT_SCADA,1,"2022/10/20 11:30:00",TORRB3,0
D,DISPATCH,UNIT_SCADA,1,"2022/10/20 11:30:00",TORRB4,0
D,DISPATCH,UNIT_SCADA,1,"2022/10/20 11:30:00",TREVALLN,98.074420
D,DISPATCH,UNIT_SCADA,1,"2022/10/20 11:30:00",TRIBUTE,0
D,DISPATCH,UNIT_SCADA,1,"2022/10/20 11:30:00",TUMUT3,0
D,DISPATCH,UNIT_SCADA,1,"2022/10/20 11:30:00",TUNGATIN,7.140020
D,DISPATCH,UNIT_SCADA,1,"2022/10/20 11:30:00",TVCC201,0
D,DISPATCH,UNIT_SCADA,1,"2022/10/20 11:30:00",TVPP104,57.807020
D,DISPATCH,UNIT_SCADA,1,"2022/10/20 11:30:00",UPPTUMUT,0
D,DISPATCH,UNIT_SCADA,1,"2022/10/20 11:30:00",URANQ11,0
D,DISPATCH,UNIT_SCADA,1,"2022/10/20 11:30:00",URANQ12,0
D,DISPATCH,UNIT_SCADA,1,"2022/10/20 11:30:00",URANQ13,0
D,DISPATCH,UNIT_SCADA,1,"2022/10/20 11:30:00",URANQ14,0
D,DISPATCH,UNIT_SCADA,1,"2022/10/20 11:30:00",VBBG1,0
D,DISPATCH,UNIT_SCADA,1,"2022/10/20 11:30:00",VBBL1,101.60
D,DISPATCH,UNIT_SCADA,1,"2022/10/20 11:30:00",VP5,501.040680
D,DISPATCH,UNIT_SCADA,1,"2022/10/20 11:30:00",VP6,499.478120
D,DISPATCH,UNIT_SCADA,1,"2022/10/20 11:30:00",VPGS1,0
D,DISPATCH,UNIT_SCADA,1,"2022/10/20 11:30:00",VPGS2,0
D,DISPATCH,UNIT_SCADA,1,"2022/10/20 11:30:00",VPGS3,0
D,DISPATCH,UNIT_SCADA,1,"2022/10/20 11:30:00",VPGS4,0
D,DISPATCH,UNIT_SCADA,1,"2022/10/20 11:30:00",VPGS5,0
D,DISPATCH,UNIT_SCADA,1,"2022/10/20 11:30:00",VPGS6,0
D,DISPATCH,UNIT_SCADA,1,"2022/10/20 11:30:00",W/HOE#1,0
D,DISPATCH,UNIT_SCADA,1,"2022/10/20 11:30:00",W/HOE#2,0
D,DISPATCH,UNIT_SCADA,1,"2022/10/20 11:30:00",WAGGNSF1,0
D,DISPATCH,UNIT_SCADA,1,"2022/10/20 11:30:00",WALGRVG1,0.000930
D,DISPATCH,UNIT_SCADA,1,"2022/10/20 11:30:00",WALGRVL1,0
D,DISPATCH,UNIT_SCADA,1,"2022/10/20 11:30:00",WANDBG1,0
D,DISPATCH,UNIT_SCADA,1,"2022/10/20 11:30:00",WANDBL1,49.660530
D,DISPATCH,UNIT_SCADA,1,"2022/10/20 11:30:00",WARWSF1,15.99
D,DISPATCH,UNIT_SCADA,1,"2022/10/20 11:30:00",WARWSF2,15.94
D,DISPATCH,UNIT_SCADA,1,"2022/10/20 11:30:00",WATERLWF,34.80
D,DISPATCH,UNIT_SCADA,1,"2022/10/20 11:30:00",WDGPH1,113.749010
D,DISPATCH,UNIT_SCADA,1,"2022/10/20 11:30:00",WELLSF1,77.055010
D,DISPATCH,UNIT_SCADA,1,"2022/10/20 11:30:00",WEMENSF1,16.50
D,DISPATCH,UNIT_SCADA,1,"2022/10/20 11:30:00",WGWF1,48.70
D,DISPATCH,UNIT_SCADA,1,"2022/10/20 11:30:00",WHITSF1,0
D,DISPATCH,UNIT_SCADA,1,"2022/10/20 11:30:00",WINTSF1,81.95
D,DISPATCH,UNIT_SCADA,1,"2022/10/20 11:30:00",WKIEWA1,32.10
D,DISPATCH,UNIT_SCADA,1,"2022/10/20 11:30:00",WKIEWA2,14.10
D,DISPATCH,UNIT_SCADA,1,"2022/10/20 11:30:00",WOODLWN1,13.038770
D,DISPATCH,UNIT_SCADA,1,"2022/10/20 11:30:00",WOOLGSF1,38.336520
D,DISPATCH,UNIT_SCADA,1,"2022/10/20 11:30:00",WPWF,8.41
D,DISPATCH,UNIT_SCADA,1,"2022/10/20 11:30:00",WRSF1,0.469990
D,DISPATCH,UNIT_SCADA,1,"2022/10/20 11:30:00",WRWF1,3.761650
D,DISPATCH,UNIT_SCADA,1,"2022/10/20 11:30:00",WSTWYSF1,0.197540
D,DISPATCH,UNIT_SCADA,1,"2022/10/20 11:30:00",YABULU,0
D,DISPATCH,UNIT_SCADA,1,"2022/10/20 11:30:00",YABULU2,0
D,DISPATCH,UNIT_SCADA,1,"2022/10/20 11:30:00",YARANSF1,52.68
D,DISPATCH,UNIT_SCADA,1,"2022/10/20 11:30:00",YARWUN_1,161.42
D,DISPATCH,UNIT_SCADA,1,"2022/10/20 11:30:00",YATSF1,30.97
D,DISPATCH,UNIT_SCADA,1,"2022/10/20 11:30:00",YENDWF1,54.53
D,DISPATCH,UNIT_SCADA,1,"2022/10/20 11:30:00",YWPS1,299.746830
D,DISPATCH,UNIT_SCADA,1,"2022/10/20 11:30:00",YWPS2,289.721530
D,DISPATCH,UNIT_SCADA,1,"2022/10/20 11:30:00",YWPS3,298.416440
D,DISPATCH,UNIT_SCADA,1,"2022/10/20 11:30:00",YWPS4,0
C,"END OF REPORT",419
