C,NEMP.WORLD,DISPATCHSCADA,AEMO,PUBLIC,2022/10/20,12:35:10,0000000373254905,DISPATCHSCADA,0000000373254899
I,DISPATCH,UNIT_SCADA,1,SETTLEMENTDATE,DUID,SCADAVALUE
D,DISPATCH,UNIT_SCADA,1,"2022/10/20 12:40:00",BARCSF1,10.700001
D,DISPATCH,UNIT_SCADA,1,"2022/10/20 12:40:00",BUTLERSG,8.699999
D,DISPATCH,UNIT_SCADA,1,"2022/10/20 12:40:00",CAPTL_WF,41.024063
D,DISPATCH,UNIT_SCADA,1,"2022/10/20 12:40:00",CHALLHWF,4.80
D,DISPATCH,UNIT_SCADA,1,"2022/10/20 12:40:00",CLOVER,10.83
D,DISPATCH,UNIT_SCADA,1,"2022/10/20 12:40:00",CLUNY,5.105516
D,DISPATCH,UNIT_SCADA,1,"2022/10/20 12:40:00",CULLRGWF,-0.04
D,DISPATCH,UNIT_SCADA,1,"2022/10/20 12:40:00",DIAPURWF1,4.50
D,DISPATCH,UNIT_SCADA,1,"2022/10/20 12:40:00",ERGT01,0
D,DISPATCH,UNIT_SCADA,1,"2022/10/20 12:40:00",GB01,0
D,DISPATCH,UNIT_SCADA,1,"2022/10/20 12:40:00",GERMCRK,18.10
D,DISPATCH,UNIT_SCADA,1,"2022/10/20 12:40:00",GRIFSF1,7.798886
D,DISPATCH,UNIT_SCADA,1,"2022/10/20 12:40:00",HEZ1,0
D,DISPATCH,UNIT_SCADA,1,"2022/10/20 12:40:00",HUGSF1,14.353001
D,DISPATCH,UNIT_SCADA,1,"2022/10/20 12:40:00",KEPBG1,0.01
D,DISPATCH,UNIT_SCADA,1,"2022/10/20 12:40:00",LRSF1,13.077001
D,DISPATCH,UNIT_SCADA,1,"2022/10/20 12:40:00",MBAHNTH,45.843750
D,DISPATCH,UNIT_SCADA,1,"2022/10/20 12:40:00",MLSP1,4.060001
D,DISPATCH,UNIT_SCADA,1,"2022/10/20 12:40:00",MLWF1,3.60
D,DISPATCH,UNIT_SCADA,1,"2022/10/20 12:40:00",PALOONA,30.139999
D,DISPATCH,UNIT_SCADA,1,"2022/10/20 12:40:00",PIONEER,42.900002
D,DISPATCH,UNIT_SCADA,1,"2022/10/20 12:40:00",PORTWF,95.699997
D,DISPATCH,UNIT_SCADA,1,"2022/10/20 12:40:00",REPULSE,9.542993
D,DISPATCH,UNIT_SCADA,1,"2022/10/20 12:40:00",ROWALLAN,8.7898
D,DISPATCH,UNIT_SCADA,1,"2022/10/20 12:40:00",ROYALLA1,4.740003
D,DISPATCH,UNIT_SCADA,1,"2022/10/20 12:40:00",RPCG,-1.80
D,DISPATCH,UNIT_SCADA,1,"2022/10/20 12:40:00",RUBICON,0
D,DISPATCH,UNIT_SCADA,1,"2022/10/20 12:40:00",WAUBRAWF,21.391001
D,DISPATCH,UNIT_SCADA,1,"2022/10/20 12:40:00",WOOLNTH1,38.759998
D,DISPATCH,UNIT_SCADA,1,"2022/10/20 12:40:00",YAMBUKWF,7.60
D,DISPATCH,UNIT_SCADA,1,"2022/10/20 12:40:00",YSWF1,5.70
D,DISPATCH,UNIT_SCADA,1,"2022/10/20 12:40:00",ADPBA1G,0.0080
D,DISPATCH,UNIT_SCADA,1,"2022/10/20 12:40:00",ADPBA1L,0
D,DISPATCH,UNIT_SCADA,1,"2022/10/20 12:40:00",ADPPV1,0.0490
D,DISPATCH,UNIT_SCADA,1,"2022/10/20 12:40:00",AGLHAL,0
D,DISPATCH,UNIT_SCADA,1,"2022/10/20 12:40:00",AGLSOM,0
D,DISPATCH,UNIT_SCADA,1,"2022/10/20 12:40:00",ANGAST1,0
D,DISPATCH,UNIT_SCADA,1,"2022/10/20 12:40:00",ARWF1,21
D,DISPATCH,UNIT_SCADA,1,"2022/10/20 12:40:00",BALBG1,0
D,DISPATCH,UNIT_SCADA,1,"2022/10/20 12:40:00",BALBL1,0
D,DISPATCH,UNIT_SCADA,1,"2022/10/20 12:40:00",BALDHWF1,35.2970
D,DISPATCH,UNIT_SCADA,1,"2022/10/20 12:40:00",BANGOWF1,35.496150
D,DISPATCH,UNIT_SCADA,1,"2022/10/20 12:40:00",BANGOWF2,25
D,DISPATCH,UNIT_SCADA,1,"2022/10/20 12:40:00",BANN1,43.69
D,DISPATCH,UNIT_SCADA,1,"2022/10/20 12:40:00",BARCALDN,0
D,DISPATCH,UNIT_SCADA,1,"2022/10/20 12:40:00",BARKIPS1,0
D,DISPATCH,UNIT_SCADA,1,"2022/10/20 12:40:00",BARRON-1,0
D,DISPATCH,UNIT_SCADA,1,"2022/10/20 12:40:00",BARRON-2,0
D,DISPATCH,UNIT_SCADA,1,"2022/10/20 12:40:00",BASTYAN,56.09
D,DISPATCH,UNIT_SCADA,1,"2022/10/20 12:40:00",BBTHREE1,0
D,DISPATCH,UNIT_SCADA,1,"2022/10/20 12:40:00",BBTHREE2,24.13
D,DISPATCH,UNIT_SCADA,1,"2022/10/20 12:40:00",BBTHREE3,-1.01
D,DISPATCH,UNIT_SCADA,1,"2022/10/20 12:40:00",BDL01,0
D,DISPATCH,UNIT_SCADA,1,"2022/10/20 12:40:00",BDL02,0
D,DISPATCH,UNIT_SCADA,1,"2022/10/20 12:40:00",BERYLSF1,30.579770
D,DISPATCH,UNIT_SCADA,1,"2022/10/20 12:40:00",BLOWERNG,62.50
D,DISPATCH,UNIT_SCADA,1,"2022/10/20 12:40:00",BLUEGSF1,22.649860
D,DISPATCH,UNIT_SCADA,1,"2022/10/20 12:40:00",BLUFF1,18
D,DISPATCH,UNIT_SCADA,1,"2022/10/20 12:40:00",BNGSF1,46.77
D,DISPATCH,UNIT_SCADA,1,"2022/10/20 12:40:00",BNGSF2,51.73
D,DISPATCH,UNIT_SCADA,1,"2022/10/20 12:40:00",BOCORWF1,21.58
D,DISPATCH,UNIT_SCADA,1,"2022/10/20 12:40:00",BODWF1,80.583180
D,DISPATCH,UNIT_SCADA,1,"2022/10/20 12:40:00",BOMENSF1,23.260240
D,DISPATCH,UNIT_SCADA,1,"2022/10/20 12:40:00",BOWWBA1G,0.0010
D,DISPATCH,UNIT_SCADA,1,"2022/10/20 12:40:00",BOWWBA1L,0
D,DISPATCH,UNIT_SCADA,1,"2022/10/20 12:40:00",BOWWPV1,0
D,DISPATCH,UNIT_SCADA,1,"2022/10/20 12:40:00",BRAEMAR1,0
D,DISPATCH,UNIT_SCADA,1,"2022/10/20 12:40:00",BRAEMAR2,0
D,DISPATCH,UNIT_SCADA,1,"2022/10/20 12:40:00",BRAEMAR3,0
D,DISPATCH,UNIT_SCADA,1,"2022/10/20 12:40:00",BRAEMAR5,0.292060
D,DISPATCH,UNIT_SCADA,1,"2022/10/20 12:40:00",BRAEMAR6,0
D,DISPATCH,UNIT_SCADA,1,"2022/10/20 12:40:00",BRAEMAR7,0.130920
D,DISPATCH,UNIT_SCADA,1,"2022/10/20 12:40:00",BROKENH1,44.799320
D,DISPATCH,UNIT_SCADA,1,"2022/10/20 12:40:00",BRYB1WF1,113.432520
D,DISPATCH,UNIT_SCADA,1,"2022/10/20 12:40:00",BULBESG1,0
D,DISPATCH,UNIT_SCADA,1,"2022/10/20 12:40:00",BULBESL1,1.24
D,DISPATCH,UNIT_SCADA,1,"2022/10/20 12:40:00",BULGANA1,3.19
D,DISPATCH,UNIT_SCADA,1,"2022/10/20 12:40:00",BW01,658.298650
D,DISPATCH,UNIT_SCADA,1,"2022/10/20 12:40:00",BW02,619.479680
D,DISPATCH,UNIT_SCADA,1,"2022/10/20 12:40:00",BW03,490.962070
D,DISPATCH,UNIT_SCADA,1,"2022/10/20 12:40:00",BW04,0
D,DISPATCH,UNIT_SCADA,1,"2022/10/20 12:40:00",CALL_B_1,321.899990
D,DISPATCH,UNIT_SCADA,1,"2022/10/20 12:40:00",CALL_B_2,321.899990
D,DISPATCH,UNIT_SCADA,1,"2022/10/20 12:40:00",CATHROCK,6.40
D,DISPATCH,UNIT_SCADA,1,"2022/10/20 12:40:00",CBWWBA1G,0
D,DISPATCH,UNIT_SCADA,1,"2022/10/20 12:40:00",CBWWBA1L,0
D,DISPATCH,UNIT_SCADA,1,"2022/10/20 12:40:00",CETHANA,11.904620
D,DISPATCH,UNIT_SCADA,1,"2022/10/20 12:40:00",CG1,0
D,DISPATCH,UNIT_SCADA,1,"2022/10/20 12:40:00",CG2,0
D,DISPATCH,UNIT_SCADA,1,"2022/10/20 12:40:00",CG3,0
D,DISPATCH,UNIT_SCADA,1,"2022/10/20 12:40:00",CG4,0
D,DISPATCH,UNIT_SCADA,1,"2022/10/20 12:40:00",CHILDSF1,7.65
D,DISPATCH,UNIT_SCADA,1,"2022/10/20 12:40:00",CHYTWF1,8.01
D,DISPATCH,UNIT_SCADA,1,"2022/10/20 12:40:00",CLARESF1,8.591360
D,DISPATCH,UNIT_SCADA,1,"2022/10/20 12:40:00",CLEMGPWF,19.449450
D,DISPATCH,UNIT_SCADA,1,"2022/10/20 12:40:00",CLERMSF1,13.64
D,DISPATCH,UNIT_SCADA,1,"2022/10/20 12:40:00",CNUNDAWF,0
D,DISPATCH,UNIT_SCADA,1,"2022/10/20 12:40:00",COHUNSF1,10
D,DISPATCH,UNIT_SCADA,1,"2022/10/20 12:40:00",COLEASF1,48.900210
D,DISPATCH,UNIT_SCADA,1,"2022/10/20 12:40:00",COLUMSF1,7.2690
D,DISPATCH,UNIT_SCADA,1,"2022/10/20 12:40:00",COLWF01,70.511940
D,DISPATCH,UNIT_SCADA,1,"2022/10/20 12:40:00",COOPGWF1,111.97
D,DISPATCH,UNIT_SCADA,1,"2022/10/20 12:40:00",CPP_3,282.975010
D,DISPATCH,UNIT_SCADA,1,"2022/10/20 12:40:00",CPP_4,0
D,DISPATCH,UNIT_SCADA,1,"2022/10/20 12:40:00",CPSA,0
D,DISPATCH,UNIT_SCADA,1,"2022/10/20 12:40:00",CROOKWF2,24.885020
D,DISPATCH,UNIT_SCADA,1,"2022/10/20 12:40:00",CROWLWF1,7.501570
D,DISPATCH,UNIT_SCADA,1,"2022/10/20 12:40:00",CRURWF1,42.4966
D,DISPATCH,UNIT_SCADA,1,"2022/10/20 12:40:00",CRWASF1,20.389890
D,DISPATCH,UNIT_SCADA,1,"2022/10/20 12:40:00",CSPVPS1,9.4930
D,DISPATCH,UNIT_SCADA,1,"2022/10/20 12:40:00",CTHLWF1,0.003050
D,DISPATCH,UNIT_SCADA,1,"2022/10/20 12:40:00",DALNTH01,0
D,DISPATCH,UNIT_SCADA,1,"2022/10/20 12:40:00",DALNTHL1,0.068670
D,DISPATCH,UNIT_SCADA,1,"2022/10/20 12:40:00",DARLSF1,35.114850
D,DISPATCH,UNIT_SCADA,1,"2022/10/20 12:40:00",DARTM1,0
D,DISPATCH,UNIT_SCADA,1,"2022/10/20 12:40:00",DAYDSF1,55.9990
D,DISPATCH,UNIT_SCADA,1,"2022/10/20 12:40:00",DDPS1,0
D,DISPATCH,UNIT_SCADA,1,"2022/10/20 12:40:00",DDSF1,61.896710
D,DISPATCH,UNIT_SCADA,1,"2022/10/20 12:40:00",DEVILS_G,10.273750
D,DISPATCH,UNIT_SCADA,1,"2022/10/20 12:40:00",DG_NSW1,0
D,DISPATCH,UNIT_SCADA,1,"2022/10/20 12:40:00",DG_QLD1,0
D,DISPATCH,UNIT_SCADA,1,"2022/10/20 12:40:00",DG_SA1,0
D,DISPATCH,UNIT_SCADA,1,"2022/10/20 12:40:00",DG_TAS1,0
D,DISPATCH,UNIT_SCADA,1,"2022/10/20 12:40:00",DG_VIC1,0
D,DISPATCH,UNIT_SCADA,1,"2022/10/20 12:40:00",DRYCGT1,0
D,DISPATCH,UNIT_SCADA,1,"2022/10/20 12:40:00",DRYCGT2,0
D,DISPATCH,UNIT_SCADA,1,"2022/10/20 12:40:00",DRYCGT3,0
D,DISPATCH,UNIT_SCADA,1,"2022/10/20 12:40:00",DUNDWF1,48.67
D,DISPATCH,UNIT_SCADA,1,"2022/10/20 12:40:00",DUNDWF2,17.45
D,DISPATCH,UNIT_SCADA,1,"2022/10/20 12:40:00",DUNDWF3,48.64
D,DISPATCH,UNIT_SCADA,1,"2022/10/20 12:40:00",EILDON1,59.88
D,DISPATCH,UNIT_SCADA,1,"2022/10/20 12:40:00",EILDON2,59.96
D,DISPATCH,UNIT_SCADA,1,"2022/10/20 12:40:00",ELAINWF1,29.22
D,DISPATCH,UNIT_SCADA,1,"2022/10/20 12:40:00",EMERASF1,0
D,DISPATCH,UNIT_SCADA,1,"2022/10/20 12:40:00",ER01,0
D,DISPATCH,UNIT_SCADA,1,"2022/10/20 12:40:00",ER02,314.763090
D,DISPATCH,UNIT_SCADA,1,"2022/10/20 12:40:00",ER03,438.690770
D,DISPATCH,UNIT_SCADA,1,"2022/10/20 12:40:00",ER04,436.810850
D,DISPATCH,UNIT_SCADA,1,"2022/10/20 12:40:00",FINLYSF1,51.187920
D,DISPATCH,UNIT_SCADA,1,"2022/10/20 12:40:00",FISHER,43.74
D,DISPATCH,UNIT_SCADA,1,"2022/10/20 12:40:00",GANGARR1,66.1390
D,DISPATCH,UNIT_SCADA,1,"2022/10/20 12:40:00",GANNBG1,0
D,DISPATCH,UNIT_SCADA,1,"2022/10/20 12:40:00",GANNBL1,0.137150
D,DISPATCH,UNIT_SCADA,1,"2022/10/20 12:40:00",GANNSF1,26
D,DISPATCH,UNIT_SCADA,1,"2022/10/20 12:40:00",GLRWNSF1,0
D,DISPATCH,UNIT_SCADA,1,"2022/10/20 12:40:00",GNNDHSF1,73.037080
D,DISPATCH,UNIT_SCADA,1,"2022/10/20 12:40:00",GOONSF1,6.004730
D,DISPATCH,UNIT_SCADA,1,"2022/10/20 12:40:00",GORDON,199.915620
D,DISPATCH,UNIT_SCADA,1,"2022/10/20 12:40:00",GRANWF1,0
D,DISPATCH,UNIT_SCADA,1,"2022/10/20 12:40:00",GSTONE1,203.8750
D,DISPATCH,UNIT_SCADA,1,"2022/10/20 12:40:00",GSTONE2,0
D,DISPATCH,UNIT_SCADA,1,"2022/10/20 12:40:00",GSTONE3,200.20
D,DISPATCH,UNIT_SCADA,1,"2022/10/20 12:40:00",GSTONE4,0
D,DISPATCH,UNIT_SCADA,1,"2022/10/20 12:40:00",GSTONE5,203.1750
D,DISPATCH,UNIT_SCADA,1,"2022/10/20 12:40:00",GSTONE6,203.8750
D,DISPATCH,UNIT_SCADA,1,"2022/10/20 12:40:00",GULLRSF1,2.874960
D,DISPATCH,UNIT_SCADA,1,"2022/10/20 12:40:00",GULLRWF1,44.514320
D,DISPATCH,UNIT_SCADA,1,"2022/10/20 12:40:00",GULLRWF2,68.879470
D,DISPATCH,UNIT_SCADA,1,"2022/10/20 12:40:00",GUNNING1,0
D,DISPATCH,UNIT_SCADA,1,"2022/10/20 12:40:00",GUTHEGA,67.70
D,DISPATCH,UNIT_SCADA,1,"2022/10/20 12:40:00",HALLWF1,13.86
D,DISPATCH,UNIT_SCADA,1,"2022/10/20 12:40:00",HALLWF2,8.60
D,DISPATCH,UNIT_SCADA,1,"2022/10/20 12:40:00",HAMISF1,22
D,DISPATCH,UNIT_SCADA,1,"2022/10/20 12:40:00",HAUGHT11,4.698110
D,DISPATCH,UNIT_SCADA,1,"2022/10/20 12:40:00",HAYMSF1,23.3320
D,DISPATCH,UNIT_SCADA,1,"2022/10/20 12:40:00",HDWF1,29.60
D,DISPATCH,UNIT_SCADA,1,"2022/10/20 12:40:00",HDWF2,33.50
D,DISPATCH,UNIT_SCADA,1,"2022/10/20 12:40:00",HDWF3,32.30
D,DISPATCH,UNIT_SCADA,1,"2022/10/20 12:40:00",HILLSTN1,52.246530
D,DISPATCH,UNIT_SCADA,1,"2022/10/20 12:40:00",HPRG1,0
D,DISPATCH,UNIT_SCADA,1,"2022/10/20 12:40:00",HPRL1,28.90
D,DISPATCH,UNIT_SCADA,1,"2022/10/20 12:40:00",HUMENSW,55.019710
D,DISPATCH,UNIT_SCADA,1,"2022/10/20 12:40:00",HUMEV,0
D,DISPATCH,UNIT_SCADA,1,"2022/10/20 12:40:00",HVWWBA1G,0
D,DISPATCH,UNIT_SCADA,1,"2022/10/20 12:40:00",HVWWBA1L,0.0060
D,DISPATCH,UNIT_SCADA,1,"2022/10/20 12:40:00",HVWWPV1,0.3490
D,DISPATCH,UNIT_SCADA,1,"2022/10/20 12:40:00",JBUTTERS,0
D,DISPATCH,UNIT_SCADA,1,"2022/10/20 12:40:00",JEMALNG1,2.22
D,DISPATCH,UNIT_SCADA,1,"2022/10/20 12:40:00",JLA01,0
D,DISPATCH,UNIT_SCADA,1,"2022/10/20 12:40:00",JLA02,0
D,DISPATCH,UNIT_SCADA,1,"2022/10/20 12:40:00",JLA03,0
D,DISPATCH,UNIT_SCADA,1,"2022/10/20 12:40:00",JLA04,0
D,DISPATCH,UNIT_SCADA,1,"2022/10/20 12:40:00",JLB01,0
D,DISPATCH,UNIT_SCADA,1,"2022/10/20 12:40:00",JLB02,0.10
D,DISPATCH,UNIT_SCADA,1,"2022/10/20 12:40:00",JLB03,0
D,DISPATCH,UNIT_SCADA,1,"2022/10/20 12:40:00",JUNEESF1,9.556990
D,DISPATCH,UNIT_SCADA,1,"2022/10/20 12:40:00",KABANWF1,0
D,DISPATCH,UNIT_SCADA,1,"2022/10/20 12:40:00",KAREEYA1,0
D,DISPATCH,UNIT_SCADA,1,"2022/10/20 12:40:00",KAREEYA2,0
D,DISPATCH,UNIT_SCADA,1,"2022/10/20 12:40:00",KAREEYA3,5.01
D,DISPATCH,UNIT_SCADA,1,"2022/10/20 12:40:00",KAREEYA4,0
D,DISPATCH,UNIT_SCADA,1,"2022/10/20 12:40:00",KARSF1,32.30
D,DISPATCH,UNIT_SCADA,1,"2022/10/20 12:40:00",KEPSF1,11.98
D,DISPATCH,UNIT_SCADA,1,"2022/10/20 12:40:00",KEPWF1,7.39
D,DISPATCH,UNIT_SCADA,1,"2022/10/20 12:40:00",KIAMSF1,31.834140
D,DISPATCH,UNIT_SCADA,1,"2022/10/20 12:40:00",KIATAWF1,8.30
D,DISPATCH,UNIT_SCADA,1,"2022/10/20 12:40:00",KPP_1,0
D,DISPATCH,UNIT_SCADA,1,"2022/10/20 12:40:00",KSP1,36.80
D,DISPATCH,UNIT_SCADA,1,"2022/10/20 12:40:00",LADBROK1,0.01
D,DISPATCH,UNIT_SCADA,1,"2022/10/20 12:40:00",LADBROK2,0.01
D,DISPATCH,UNIT_SCADA,1,"2022/10/20 12:40:00",LBBG1,0.15
D,DISPATCH,UNIT_SCADA,1,"2022/10/20 12:40:00",LBBL1,0
D,DISPATCH,UNIT_SCADA,1,"2022/10/20 12:40:00",LD01,283.474210
D,DISPATCH,UNIT_SCADA,1,"2022/10/20 12:40:00",LD02,0
D,DISPATCH,UNIT_SCADA,1,"2022/10/20 12:40:00",LD04,281.533260
D,DISPATCH,UNIT_SCADA,1,"2022/10/20 12:40:00",LEM_WIL,63.096130
D,DISPATCH,UNIT_SCADA,1,"2022/10/20 12:40:00",LGAPWF1,77.97
D,DISPATCH,UNIT_SCADA,1,"2022/10/20 12:40:00",LGAPWF2,49.77
D,DISPATCH,UNIT_SCADA,1,"2022/10/20 12:40:00",LILYSF1,71.303160
D,DISPATCH,UNIT_SCADA,1,"2022/10/20 12:40:00",LIMOSF11,83.906160
D,DISPATCH,UNIT_SCADA,1,"2022/10/20 12:40:00",LIMOSF21,11.938080
D,DISPATCH,UNIT_SCADA,1,"2022/10/20 12:40:00",LI_WY_CA,55.246940
D,DISPATCH,UNIT_SCADA,1,"2022/10/20 12:40:00",LKBONNY1,0
D,DISPATCH,UNIT_SCADA,1,"2022/10/20 12:40:00",LKBONNY2,0
D,DISPATCH,UNIT_SCADA,1,"2022/10/20 12:40:00",LKBONNY3,0
D,DISPATCH,UNIT_SCADA,1,"2022/10/20 12:40:00",LK_ECHO,0
D,DISPATCH,UNIT_SCADA,1,"2022/10/20 12:40:00",LNGS1,0
D,DISPATCH,UNIT_SCADA,1,"2022/10/20 12:40:00",LNGS2,0
D,DISPATCH,UNIT_SCADA,1,"2022/10/20 12:40:00",LONSDALE,0
D,DISPATCH,UNIT_SCADA,1,"2022/10/20 12:40:00",LOYYB1,416.536710
D,DISPATCH,UNIT_SCADA,1,"2022/10/20 12:40:00",LOYYB2,458.643040
D,DISPATCH,UNIT_SCADA,1,"2022/10/20 12:40:00",LYA1,422
D,DISPATCH,UNIT_SCADA,1,"2022/10/20 12:40:00",LYA2,0
D,DISPATCH,UNIT_SCADA,1,"2022/10/20 12:40:00",LYA3,425
D,DISPATCH,UNIT_SCADA,1,"2022/10/20 12:40:00",LYA4,426
D,DISPATCH,UNIT_SCADA,1,"2022/10/20 12:40:00",MACARTH1,62.098560
D,DISPATCH,UNIT_SCADA,1,"2022/10/20 12:40:00",MACKNTSH,0
D,DISPATCH,UNIT_SCADA,1,"2022/10/20 12:40:00",MANSLR1,23.3510
D,DISPATCH,UNIT_SCADA,1,"2022/10/20 12:40:00",MAPS2PV1,0
D,DISPATCH,UNIT_SCADA,1,"2022/10/20 12:40:00",MAPS3PV1,0
D,DISPATCH,UNIT_SCADA,1,"2022/10/20 12:40:00",MARYRSF1,18.31
D,DISPATCH,UNIT_SCADA,1,"2022/10/20 12:40:00",MBPS2PV1,0
D,DISPATCH,UNIT_SCADA,1,"2022/10/20 12:40:00",MCKAY1,0.02
D,DISPATCH,UNIT_SCADA,1,"2022/10/20 12:40:00",MEADOWBK,6.058960
D,DISPATCH,UNIT_SCADA,1,"2022/10/20 12:40:00",MERCER01,31.60
D,DISPATCH,UNIT_SCADA,1,"2022/10/20 12:40:00",METZSF1,29.246170
D,DISPATCH,UNIT_SCADA,1,"2022/10/20 12:40:00",MEWF1,21.581820
D,DISPATCH,UNIT_SCADA,1,"2022/10/20 12:40:00",MIDDLSF1,9.06
D,DISPATCH,UNIT_SCADA,1,"2022/10/20 12:40:00",MINTARO,0.128180
D,DISPATCH,UNIT_SCADA,1,"2022/10/20 12:40:00",MOLNGSF1,22.760360
D,DISPATCH,UNIT_SCADA,1,"2022/10/20 12:40:00",MOORAWF1,86.86
D,DISPATCH,UNIT_SCADA,1,"2022/10/20 12:40:00",MOREESF1,21.9320
D,DISPATCH,UNIT_SCADA,1,"2022/10/20 12:40:00",MORTLK11,0
D,DISPATCH,UNIT_SCADA,1,"2022/10/20 12:40:00",MORTLK12,0
D,DISPATCH,UNIT_SCADA,1,"2022/10/20 12:40:00",MOUSF1,0
D,DISPATCH,UNIT_SCADA,1,"2022/10/20 12:40:00",MP1,0
D,DISPATCH,UNIT_SCADA,1,"2022/10/20 12:40:00",MP2,373.162450
D,DISPATCH,UNIT_SCADA,1,"2022/10/20 12:40:00",MPP_1,165.990680
D,DISPATCH,UNIT_SCADA,1,"2022/10/20 12:40:00",MPP_2,183.737230
D,DISPATCH,UNIT_SCADA,1,"2022/10/20 12:40:00",MRTLSWF1,0
D,DISPATCH,UNIT_SCADA,1,"2022/10/20 12:40:00",MSTUART1,0
D,DISPATCH,UNIT_SCADA,1,"2022/10/20 12:40:00",MSTUART2,0
D,DISPATCH,UNIT_SCADA,1,"2022/10/20 12:40:00",MSTUART3,0
D,DISPATCH,UNIT_SCADA,1,"2022/10/20 12:40:00",MTGELWF1,47.3632
D,DISPATCH,UNIT_SCADA,1,"2022/10/20 12:40:00",MTMILLAR,0.40
D,DISPATCH,UNIT_SCADA,1,"2022/10/20 12:40:00",MURRAY,0
D,DISPATCH,UNIT_SCADA,1,"2022/10/20 12:40:00",MUSSELR1,67
D,DISPATCH,UNIT_SCADA,1,"2022/10/20 12:40:00",MUWAWF1,63.01
D,DISPATCH,UNIT_SCADA,1,"2022/10/20 12:40:00",MUWAWF2,38.90
D,DISPATCH,UNIT_SCADA,1,"2022/10/20 12:40:00",MWPS1PV1,0.13
D,DISPATCH,UNIT_SCADA,1,"2022/10/20 12:40:00",MWPS2PV1,0
D,DISPATCH,UNIT_SCADA,1,"2022/10/20 12:40:00",MWPS3PV1,0
D,DISPATCH,UNIT_SCADA,1,"2022/10/20 12:40:00",MWPS4PV1,0.01
D,DISPATCH,UNIT_SCADA,1,"2022/10/20 12:40:00",NBHWF1,11.60
D,DISPATCH,UNIT_SCADA,1,"2022/10/20 12:40:00",NEVERSF1,86.90
D,DISPATCH,UNIT_SCADA,1,"2022/10/20 12:40:00",NPS,0
D,DISPATCH,UNIT_SCADA,1,"2022/10/20 12:40:00",NUMURSF1,43.18
D,DISPATCH,UNIT_SCADA,1,"2022/10/20 12:40:00",NYNGAN1,49.75
D,DISPATCH,UNIT_SCADA,1,"2022/10/20 12:40:00",OAKEY1,0
D,DISPATCH,UNIT_SCADA,1,"2022/10/20 12:40:00",OAKEY1SF,19.83
D,DISPATCH,UNIT_SCADA,1,"2022/10/20 12:40:00",OAKEY2,0
D,DISPATCH,UNIT_SCADA,1,"2022/10/20 12:40:00",OAKEY2SF,29.15
D,DISPATCH,UNIT_SCADA,1,"2022/10/20 12:40:00",OAKLAND1,3.40
D,DISPATCH,UNIT_SCADA,1,"2022/10/20 12:40:00",OSB-AG,0
D,DISPATCH,UNIT_SCADA,1,"2022/10/20 12:40:00",PAREPS1,0.0660
D,DISPATCH,UNIT_SCADA,1,"2022/10/20 12:40:00",PAREPW1,59.27
D,DISPATCH,UNIT_SCADA,1,"2022/10/20 12:40:00",PARSF1,3.801020
D,DISPATCH,UNIT_SCADA,1,"2022/10/20 12:40:00",POAT110,0
D,DISPATCH,UNIT_SCADA,1,"2022/10/20 12:40:00",POAT220,0
D,DISPATCH,UNIT_SCADA,1,"2022/10/20 12:40:00",POR01,0
D,DISPATCH,UNIT_SCADA,1,"2022/10/20 12:40:00",POR03,0
D,DISPATCH,UNIT_SCADA,1,"2022/10/20 12:40:00",PPCCGT,0
D,DISPATCH,UNIT_SCADA,1,"2022/10/20 12:40:00",PTSTAN1,0
D,DISPATCH,UNIT_SCADA,1,"2022/10/20 12:40:00",PUMP1,0
D,DISPATCH,UNIT_SCADA,1,"2022/10/20 12:40:00",PUMP2,0
D,DISPATCH,UNIT_SCADA,1,"2022/10/20 12:40:00",QBYNBG1,0.583490
D,DISPATCH,UNIT_SCADA,1,"2022/10/20 12:40:00",QBYNBL1,0
D,DISPATCH,UNIT_SCADA,1,"2022/10/20 12:40:00",QPS1,0
D,DISPATCH,UNIT_SCADA,1,"2022/10/20 12:40:00",QPS2,0
D,DISPATCH,UNIT_SCADA,1,"2022/10/20 12:40:00",QPS3,0
D,DISPATCH,UNIT_SCADA,1,"2022/10/20 12:40:00",QPS4,0
D,DISPATCH,UNIT_SCADA,1,"2022/10/20 12:40:00",QPS5,78.68
D,DISPATCH,UNIT_SCADA,1,"2022/10/20 12:40:00",REECE1,0
D,DISPATCH,UNIT_SCADA,1,"2022/10/20 12:40:00",REECE2,0
D,DISPATCH,UNIT_SCADA,1,"2022/10/20 12:40:00",ROMA_7,0
D,DISPATCH,UNIT_SCADA,1,"2022/10/20 12:40:00",ROMA_8,0
D,DISPATCH,UNIT_SCADA,1,"2022/10/20 12:40:00",RRSF1,31.031850
D,DISPATCH,UNIT_SCADA,1,"2022/10/20 12:40:00",RT_NSW1,0
D,DISPATCH,UNIT_SCADA,1,"2022/10/20 12:40:00",RT_NSW2,0
D,DISPATCH,UNIT_SCADA,1,"2022/10/20 12:40:00",RT_NSW3,0
D,DISPATCH,UNIT_SCADA,1,"2022/10/20 12:40:00",RT_NSW4,0
D,DISPATCH,UNIT_SCADA,1,"2022/10/20 12:40:00",RT_NSW5,0
D,DISPATCH,UNIT_SCADA,1,"2022/10/20 12:40:00",RT_NSW6,0
D,DISPATCH,UNIT_SCADA,1,"2022/10/20 12:40:00",RT_QLD1,0
D,DISPATCH,UNIT_SCADA,1,"2022/10/20 12:40:00",RT_SA1,0
D,DISPATCH,UNIT_SCADA,1,"2022/10/20 12:40:00",RT_SA2,0
D,DISPATCH,UNIT_SCADA,1,"2022/10/20 12:40:00",RT_SA3,0
D,DISPATCH,UNIT_SCADA,1,"2022/10/20 12:40:00",RT_SA4,0
D,DISPATCH,UNIT_SCADA,1,"2022/10/20 12:40:00",RT_SA5,0
D,DISPATCH,UNIT_SCADA,1,"2022/10/20 12:40:00",RT_SA6,0
D,DISPATCH,UNIT_SCADA,1,"2022/10/20 12:40:00",RT_TAS1,0
D,DISPATCH,UNIT_SCADA,1,"2022/10/20 12:40:00",RT_VIC1,0
D,DISPATCH,UNIT_SCADA,1,"2022/10/20 12:40:00",RT_VIC10,0
D,DISPATCH,UNIT_SCADA,1,"2022/10/20 12:40:00",RT_VIC11,0
D,DISPATCH,UNIT_SCADA,1,"2022/10/20 12:40:00",RT_VIC12,0
D,DISPATCH,UNIT_SCADA,1,"2022/10/20 12:40:00",RT_VIC2,0
D,DISPATCH,UNIT_SCADA,1,"2022/10/20 12:40:00",RT_VIC3,0
D,DISPATCH,UNIT_SCADA,1,"2022/10/20 12:40:00",RT_VIC4,0
D,DISPATCH,UNIT_SCADA,1,"2022/10/20 12:40:00",RT_VIC5,0
D,DISPATCH,UNIT_SCADA,1,"2022/10/20 12:40:00",RT_VIC6,0
D,DISPATCH,UNIT_SCADA,1,"2022/10/20 12:40:00",RT_VIC7,0
D,DISPATCH,UNIT_SCADA,1,"2022/10/20 12:40:00",RT_VIC8,0
D,DISPATCH,UNIT_SCADA,1,"2022/10/20 12:40:00",RT_VIC9,0
D,DISPATCH,UNIT_SCADA,1,"2022/10/20 12:40:00",RUGBYR1,56.406020
D,DISPATCH,UNIT_SCADA,1,"2022/10/20 12:40:00",SALTCRK1,21.04
D,DISPATCH,UNIT_SCADA,1,"2022/10/20 12:40:00",SAPHWF1,0
D,DISPATCH,UNIT_SCADA,1,"2022/10/20 12:40:00",SEBSF1,15.727540
D,DISPATCH,UNIT_SCADA,1,"2022/10/20 12:40:00",SHGEN,0
D,DISPATCH,UNIT_SCADA,1,"2022/10/20 12:40:00",SHPUMP,0
D,DISPATCH,UNIT_SCADA,1,"2022/10/20 12:40:00",SITHE01,0.123710
D,DISPATCH,UNIT_SCADA,1,"2022/10/20 12:40:00",SMCSF1,104.9090
D,DISPATCH,UNIT_SCADA,1,"2022/10/20 12:40:00",SNAPPER1,0
D,DISPATCH,UNIT_SCADA,1,"2022/10/20 12:40:00",SNOWNTH1,53.60
D,DISPATCH,UNIT_SCADA,1,"2022/10/20 12:40:00",SNOWSTH1,20.20
D,DISPATCH,UNIT_SCADA,1,"2022/10/20 12:40:00",SNOWTWN1,21.094090
D,DISPATCH,UNIT_SCADA,1,"2022/10/20 12:40:00",SNOWYP,0
D,DISPATCH,UNIT_SCADA,1,"2022/10/20 12:40:00",SNUG1,0
D,DISPATCH,UNIT_SCADA,1,"2022/10/20 12:40:00",SRSF1,16.99
D,DISPATCH,UNIT_SCADA,1,"2022/10/20 12:40:00",STAN-1,281.786530
D,DISPATCH,UNIT_SCADA,1,"2022/10/20 12:40:00",STAN-2,351.002620
D,DISPATCH,UNIT_SCADA,1,"2022/10/20 12:40:00",STAN-3,159.491880
D,DISPATCH,UNIT_SCADA,1,"2022/10/20 12:40:00",STAN-4,350.579650
D,DISPATCH,UNIT_SCADA,1,"2022/10/20 12:40:00",STARHLWF,0.01
D,DISPATCH,UNIT_SCADA,1,"2022/10/20 12:40:00",STOCKYD1,72.58
D,DISPATCH,UNIT_SCADA,1,"2022/10/20 12:40:00",STWF1,0
D,DISPATCH,UNIT_SCADA,1,"2022/10/20 12:40:00",SUNRSF1,82.870220
D,DISPATCH,UNIT_SCADA,1,"2022/10/20 12:40:00",SUNTPSF1,80.062870
D,DISPATCH,UNIT_SCADA,1,"2022/10/20 12:40:00",SWAN_E,191.218750
D,DISPATCH,UNIT_SCADA,1,"2022/10/20 12:40:00",TALWA1,0
D,DISPATCH,UNIT_SCADA,1,"2022/10/20 12:40:00",TARALGA1,0
D,DISPATCH,UNIT_SCADA,1,"2022/10/20 12:40:00",TARONG#1,348.700010
D,DISPATCH,UNIT_SCADA,1,"2022/10/20 12:40:00",TARONG#2,348.300020
D,DISPATCH,UNIT_SCADA,1,"2022/10/20 12:40:00",TARONG#3,0.90
D,DISPATCH,UNIT_SCADA,1,"2022/10/20 12:40:00",TARONG#4,289.200010
D,DISPATCH,UNIT_SCADA,1,"2022/10/20 12:40:00",TARRALEA,54
D,DISPATCH,UNIT_SCADA,1,"2022/10/20 12:40:00",TBSF1,0.10
D,DISPATCH,UNIT_SCADA,1,"2022/10/20 12:40:00",TNPS1,323.8750
D,DISPATCH,UNIT_SCADA,1,"2022/10/20 12:40:00",TORRB1,0
D,DISPATCH,UNIT_SCADA,1,"2022/10/20 12:40:00",TORRB2,44
D,DISPATCH,UNIT_SCADA,1,"2022/10/20 12:40:00",TORRB3,0
D,DISPATCH,UNIT_SCADA,1,"2022/10/20 12:40:00",TORRB4,0
D,DISPATCH,UNIT_SCADA,1,"2022/10/20 12:40:00",TREVALLN,98.824460
D,DISPATCH,UNIT_SCADA,1,"2022/10/20 12:40:00",TRIBUTE,0
D,DISPATCH,UNIT_SCADA,1,"2022/10/20 12:40:00",TUMUT3,0
D,DISPATCH,UNIT_SCADA,1,"2022/10/20 12:40:00",TUNGATIN,5.900010
D,DISPATCH,UNIT_SCADA,1,"2022/10/20 12:40:00",TVCC201,0
D,DISPATCH,UNIT_SCADA,1,"2022/10/20 12:40:00",TVPP104,0
D,DISPATCH,UNIT_SCADA,1,"2022/10/20 12:40:00",UPPTUMUT,107.249820
D,DISPATCH,UNIT_SCADA,1,"2022/10/20 12:40:00",URANQ11,0
D,DISPATCH,UNIT_SCADA,1,"2022/10/20 12:40:00",URANQ12,0
D,DISPATCH,UNIT_SCADA,1,"2022/10/20 12:40:00",URANQ13,0
D,DISPATCH,UNIT_SCADA,1,"2022/10/20 12:40:00",URANQ14,0
D,DISPATCH,UNIT_SCADA,1,"2022/10/20 12:40:00",VBBG1,0
D,DISPATCH,UNIT_SCADA,1,"2022/10/20 12:40:00",VBBL1,90
D,DISPATCH,UNIT_SCADA,1,"2022/10/20 12:40:00",VP5,525.772890
D,DISPATCH,UNIT_SCADA,1,"2022/10/20 12:40:00",VP6,522.574520
D,DISPATCH,UNIT_SCADA,1,"2022/10/20 12:40:00",VPGS1,0
D,DISPATCH,UNIT_SCADA,1,"2022/10/20 12:40:00",VPGS2,0
D,DISPATCH,UNIT_SCADA,1,"2022/10/20 12:40:00",VPGS3,0
D,DISPATCH,UNIT_SCADA,1,"2022/10/20 12:40:00",VPGS4,0
D,DISPATCH,UNIT_SCADA,1,"2022/10/20 12:40:00",VPGS5,0
D,DISPATCH,UNIT_SCADA,1,"2022/10/20 12:40:00",VPGS6,0
D,DISPATCH,UNIT_SCADA,1,"2022/10/20 12:40:00",W/HOE#1,0
D,DISPATCH,UNIT_SCADA,1,"2022/10/20 12:40:00",W/HOE#2,0
D,DISPATCH,UNIT_SCADA,1,"2022/10/20 12:40:00",WAGGNSF1,0
D,DISPATCH,UNIT_SCADA,1,"2022/10/20 12:40:00",WALGRVG1,0.000930
D,DISPATCH,UNIT_SCADA,1,"2022/10/20 12:40:00",WALGRVL1,0
D,DISPATCH,UNIT_SCADA,1,"2022/10/20 12:40:00",WANDBG1,1.308160
D,DISPATCH,UNIT_SCADA,1,"2022/10/20 12:40:00",WANDBL1,0
D,DISPATCH,UNIT_SCADA,1,"2022/10/20 12:40:00",WARWSF1,15.99
D,DISPATCH,UNIT_SCADA,1,"2022/10/20 12:40:00",WARWSF2,15.95
D,DISPATCH,UNIT_SCADA,1,"2022/10/20 12:40:00",WATERLWF,27.90
D,DISPATCH,UNIT_SCADA,1,"2022/10/20 12:40:00",WDGPH1,54.2840
D,DISPATCH,UNIT_SCADA,1,"2022/10/20 12:40:00",WELLSF1,43.350880
D,DISPATCH,UNIT_SCADA,1,"2022/10/20 12:40:00",WEMENSF1,19.20
D,DISPATCH,UNIT_SCADA,1,"2022/10/20 12:40:00",WGWF1,50.10
D,DISPATCH,UNIT_SCADA,1,"2022/10/20 12:40:00",WHITSF1,22.70
D,DISPATCH,UNIT_SCADA,1,"2022/10/20 12:40:00",WINTSF1,85.02
D,DISPATCH,UNIT_SCADA,1,"2022/10/20 12:40:00",WKIEWA1,32.20
D,DISPATCH,UNIT_SCADA,1,"2022/10/20 12:40:00",WKIEWA2,14.20
D,DISPATCH,UNIT_SCADA,1,"2022/10/20 12:40:00",WOODLWN1,17.565210
D,DISPATCH,UNIT_SCADA,1,"2022/10/20 12:40:00",WOOLGSF1,14.146050
D,DISPATCH,UNIT_SCADA,1,"2022/10/20 12:40:00",WPWF,0
D,DISPATCH,UNIT_SCADA,1,"2022/10/20 12:40:00",WRSF1,3.4901
D,DISPATCH,UNIT_SCADA,1,"2022/10/20 12:40:00",WRWF1,5.009840
D,DISPATCH,UNIT_SCADA,1,"2022/10/20 12:40:00",WSTWYSF1,0.1693
D,DISPATCH,UNIT_SCADA,1,"2022/10/20 12:40:00",YABULU,0
D,DISPATCH,UNIT_SCADA,1,"2022/10/20 12:40:00",YABULU2,0
D,DISPATCH,UNIT_SCADA,1,"2022/10/20 12:40:00",YARANSF1,69.36
D,DISPATCH,UNIT_SCADA,1,"2022/10/20 12:40:00",YARWUN_1,160.61
D,DISPATCH,UNIT_SCADA,1,"2022/10/20 12:40:00",YATSF1,17.35
D,DISPATCH,UNIT_SCADA,1,"2022/10/20 12:40:00",YENDWF1,41.50
D,DISPATCH,UNIT_SCADA,1,"2022/10/20 12:40:00",YWPS1,252.627850
D,DISPATCH,UNIT_SCADA,1,"2022/10/20 12:40:00",YWPS2,252.126590
D,DISPATCH,UNIT_SCADA,1,"2022/10/20 12:40:00",YWPS3,282.891140
D,DISPATCH,UNIT_SCADA,1,"2022/10/20 12:40:00",YWPS4,0
C,"END OF REPORT",419
