C,NEMP.WORLD,DISPATCHSCADA,AEMO,PUBLIC,2022/10/20,03:00:10,0000000373224281,DISPATCHSCADA,0000000373224275
I,DISPATCH,UNIT_SCADA,1,SETTLEMENTDATE,DUID,SCADAVALUE
D,DISPATCH,UNIT_SCADA,1,"2022/10/20 03:05:00",BARCSF1,0.10
D,DISPATCH,UNIT_SCADA,1,"2022/10/20 03:05:00",BUTLERSG,8.699999
D,DISPATCH,UNIT_SCADA,1,"2022/10/20 03:05:00",CAPTL_WF,0
D,DISPATCH,UNIT_SCADA,1,"2022/10/20 03:05:00",CHALLHWF,19.60
D,DISPATCH,UNIT_SCADA,1,"2022/10/20 03:05:00",CLOVER,13.27
D,DISPATCH,UNIT_SCADA,1,"2022/10/20 03:05:00",CLUNY,6.228885
D,DISPATCH,UNIT_SCADA,1,"2022/10/20 03:05:00",CULLRGWF,-0.04
D,DISPATCH,UNIT_SCADA,1,"2022/10/20 03:05:00",DIAPURWF1,7.30
D,DISPATCH,UNIT_SCADA,1,"2022/10/20 03:05:00",ERGT01,0
D,DISPATCH,UNIT_SCADA,1,"2022/10/20 03:05:00",GB01,0
D,DISPATCH,UNIT_SCADA,1,"2022/10/20 03:05:00",GERMCRK,21
D,DISPATCH,UNIT_SCADA,1,"2022/10/20 03:05:00",GRIFSF1,0.001526
D,DISPATCH,UNIT_SCADA,1,"2022/10/20 03:05:00",HEZ1,0
D,DISPATCH,UNIT_SCADA,1,"2022/10/20 03:05:00",HUGSF1,-0.1740
D,DISPATCH,UNIT_SCADA,1,"2022/10/20 03:05:00",KEPBG1,0.02
D,DISPATCH,UNIT_SCADA,1,"2022/10/20 03:05:00",LRSF1,0.0240
D,DISPATCH,UNIT_SCADA,1,"2022/10/20 03:05:00",MBAHNTH,50.231247
D,DISPATCH,UNIT_SCADA,1,"2022/10/20 03:05:00",MLSP1,0
D,DISPATCH,UNIT_SCADA,1,"2022/10/20 03:05:00",MLWF1,0.7650
D,DISPATCH,UNIT_SCADA,1,"2022/10/20 03:05:00",PALOONA,30.099998
D,DISPATCH,UNIT_SCADA,1,"2022/10/20 03:05:00",PIONEER,43.900002
D,DISPATCH,UNIT_SCADA,1,"2022/10/20 03:05:00",PORTWF,30.10
D,DISPATCH,UNIT_SCADA,1,"2022/10/20 03:05:00",REPULSE,9.429465
D,DISPATCH,UNIT_SCADA,1,"2022/10/20 03:05:00",ROWALLAN,8.8253
D,DISPATCH,UNIT_SCADA,1,"2022/10/20 03:05:00",ROYALLA1,0
D,DISPATCH,UNIT_SCADA,1,"2022/10/20 03:05:00",RPCG,-1.20
D,DISPATCH,UNIT_SCADA,1,"2022/10/20 03:05:00",RUBICON,0
D,DISPATCH,UNIT_SCADA,1,"2022/10/20 03:05:00",WAUBRAWF,91.852997
D,DISPATCH,UNIT_SCADA,1,"2022/10/20 03:05:00",WOOLNTH1,12.32
D,DISPATCH,UNIT_SCADA,1,"2022/10/20 03:05:00",YAMBUKWF,1.70
D,DISPATCH,UNIT_SCADA,1,"2022/10/20 03:05:00",YSWF1,1.90
D,DISPATCH,UNIT_SCADA,1,"2022/10/20 03:05:00",ADPBA1G,0.0080
D,DISPATCH,UNIT_SCADA,1,"2022/10/20 03:05:00",ADPBA1L,0
D,DISPATCH,UNIT_SCADA,1,"2022/10/20 03:05:00",ADPPV1,0
D,DISPATCH,UNIT_SCADA,1,"2022/10/20 03:05:00",AGLHAL,0
D,DISPATCH,UNIT_SCADA,1,"2022/10/20 03:05:00",AGLSOM,0
D,DISPATCH,UNIT_SCADA,1,"2022/10/20 03:05:00",ANGAST1,0
D,DISPATCH,UNIT_SCADA,1,"2022/10/20 03:05:00",ARWF1,6.10
D,DISPATCH,UNIT_SCADA,1,"2022/10/20 03:05:00",BALBG1,0
D,DISPATCH,UNIT_SCADA,1,"2022/10/20 03:05:00",BALBL1,0
D,DISPATCH,UNIT_SCADA,1,"2022/10/20 03:05:00",BALDHWF1,0
D,DISPATCH,UNIT_SCADA,1,"2022/10/20 03:05:00",BANGOWF1,49.295190
D,DISPATCH,UNIT_SCADA,1,"2022/10/20 03:05:00",BANGOWF2,50.198440
D,DISPATCH,UNIT_SCADA,1,"2022/10/20 03:05:00",BANN1,0
D,DISPATCH,UNIT_SCADA,1,"2022/10/20 03:05:00",BARCALDN,0
D,DISPATCH,UNIT_SCADA,1,"2022/10/20 03:05:00",BARKIPS1,0
D,DISPATCH,UNIT_SCADA,1,"2022/10/20 03:05:00",BARRON-1,0
D,DISPATCH,UNIT_SCADA,1,"2022/10/20 03:05:00",BARRON-2,0
D,DISPATCH,UNIT_SCADA,1,"2022/10/20 03:05:00",BASTYAN,0
D,DISPATCH,UNIT_SCADA,1,"2022/10/20 03:05:00",BBTHREE1,0
D,DISPATCH,UNIT_SCADA,1,"2022/10/20 03:05:00",BBTHREE2,0
D,DISPATCH,UNIT_SCADA,1,"2022/10/20 03:05:00",BBTHREE3,0
D,DISPATCH,UNIT_SCADA,1,"2022/10/20 03:05:00",BDL01,0
D,DISPATCH,UNIT_SCADA,1,"2022/10/20 03:05:00",BDL02,0
D,DISPATCH,UNIT_SCADA,1,"2022/10/20 03:05:00",BERYLSF1,0
D,DISPATCH,UNIT_SCADA,1,"2022/10/20 03:05:00",BLOWERNG,62.60
D,DISPATCH,UNIT_SCADA,1,"2022/10/20 03:05:00",BLUEGSF1,0
D,DISPATCH,UNIT_SCADA,1,"2022/10/20 03:05:00",BLUFF1,1.60
D,DISPATCH,UNIT_SCADA,1,"2022/10/20 03:05:00",BNGSF1,0
D,DISPATCH,UNIT_SCADA,1,"2022/10/20 03:05:00",BNGSF2,0
D,DISPATCH,UNIT_SCADA,1,"2022/10/20 03:05:00",BOCORWF1,5.14
D,DISPATCH,UNIT_SCADA,1,"2022/10/20 03:05:00",BODWF1,82.069370
D,DISPATCH,UNIT_SCADA,1,"2022/10/20 03:05:00",BOMENSF1,0
D,DISPATCH,UNIT_SCADA,1,"2022/10/20 03:05:00",BOWWBA1G,0.0010
D,DISPATCH,UNIT_SCADA,1,"2022/10/20 03:05:00",BOWWBA1L,0
D,DISPATCH,UNIT_SCADA,1,"2022/10/20 03:05:00",BOWWPV1,0.0010
D,DISPATCH,UNIT_SCADA,1,"2022/10/20 03:05:00",BRAEMAR1,0
D,DISPATCH,UNIT_SCADA,1,"2022/10/20 03:05:00",BRAEMAR2,0
D,DISPATCH,UNIT_SCADA,1,"2022/10/20 03:05:00",BRAEMAR3,0
D,DISPATCH,UNIT_SCADA,1,"2022/10/20 03:05:00",BRAEMAR5,0.292060
D,DISPATCH,UNIT_SCADA,1,"2022/10/20 03:05:00",BRAEMAR6,0
D,DISPATCH,UNIT_SCADA,1,"2022/10/20 03:05:00",BRAEMAR7,0.130920
D,DISPATCH,UNIT_SCADA,1,"2022/10/20 03:05:00",BROKENH1,0
D,DISPATCH,UNIT_SCADA,1,"2022/10/20 03:05:00",BRYB1WF1,120.994890
D,DISPATCH,UNIT_SCADA,1,"2022/10/20 03:05:00",BULBESG1,0
D,DISPATCH,UNIT_SCADA,1,"2022/10/20 03:05:00",BULBESL1,0.03
D,DISPATCH,UNIT_SCADA,1,"2022/10/20 03:05:00",BULGANA1,47.02
D,DISPATCH,UNIT_SCADA,1,"2022/10/20 03:05:00",BW01,445.551240
D,DISPATCH,UNIT_SCADA,1,"2022/10/20 03:05:00",BW02,442.377350
D,DISPATCH,UNIT_SCADA,1,"2022/10/20 03:05:00",BW03,441.181060
D,DISPATCH,UNIT_SCADA,1,"2022/10/20 03:05:00",BW04,0
D,DISPATCH,UNIT_SCADA,1,"2022/10/20 03:05:00",CALL_B_1,320.200010
D,DISPATCH,UNIT_SCADA,1,"2022/10/20 03:05:00",CALL_B_2,322.200010
D,DISPATCH,UNIT_SCADA,1,"2022/10/20 03:05:00",CATHROCK,8.80
D,DISPATCH,UNIT_SCADA,1,"2022/10/20 03:05:00",CBWWBA1G,0
D,DISPATCH,UNIT_SCADA,1,"2022/10/20 03:05:00",CBWWBA1L,0
D,DISPATCH,UNIT_SCADA,1,"2022/10/20 03:05:00",CETHANA,98.304250
D,DISPATCH,UNIT_SCADA,1,"2022/10/20 03:05:00",CG1,0
D,DISPATCH,UNIT_SCADA,1,"2022/10/20 03:05:00",CG2,0
D,DISPATCH,UNIT_SCADA,1,"2022/10/20 03:05:00",CG3,0
D,DISPATCH,UNIT_SCADA,1,"2022/10/20 03:05:00",CG4,0
D,DISPATCH,UNIT_SCADA,1,"2022/10/20 03:05:00",CHILDSF1,0
D,DISPATCH,UNIT_SCADA,1,"2022/10/20 03:05:00",CHYTWF1,13.43
D,DISPATCH,UNIT_SCADA,1,"2022/10/20 03:05:00",CLARESF1,0
D,DISPATCH,UNIT_SCADA,1,"2022/10/20 03:05:00",CLEMGPWF,24.996150
D,DISPATCH,UNIT_SCADA,1,"2022/10/20 03:05:00",CLERMSF1,0
D,DISPATCH,UNIT_SCADA,1,"2022/10/20 03:05:00",CNUNDAWF,0
D,DISPATCH,UNIT_SCADA,1,"2022/10/20 03:05:00",COHUNSF1,0
D,DISPATCH,UNIT_SCADA,1,"2022/10/20 03:05:00",COLEASF1,0
D,DISPATCH,UNIT_SCADA,1,"2022/10/20 03:05:00",COLUMSF1,0
D,DISPATCH,UNIT_SCADA,1,"2022/10/20 03:05:00",COLWF01,41.8204
D,DISPATCH,UNIT_SCADA,1,"2022/10/20 03:05:00",COOPGWF1,371.429990
D,DISPATCH,UNIT_SCADA,1,"2022/10/20 03:05:00",CPP_3,360.25
D,DISPATCH,UNIT_SCADA,1,"2022/10/20 03:05:00",CPP_4,0
D,DISPATCH,UNIT_SCADA,1,"2022/10/20 03:05:00",CPSA,0
D,DISPATCH,UNIT_SCADA,1,"2022/10/20 03:05:00",CROOKWF2,16.812390
D,DISPATCH,UNIT_SCADA,1,"2022/10/20 03:05:00",CROWLWF1,35.063810
D,DISPATCH,UNIT_SCADA,1,"2022/10/20 03:05:00",CRURWF1,54.997560
D,DISPATCH,UNIT_SCADA,1,"2022/10/20 03:05:00",CRWASF1,0
D,DISPATCH,UNIT_SCADA,1,"2022/10/20 03:05:00",CSPVPS1,0
D,DISPATCH,UNIT_SCADA,1,"2022/10/20 03:05:00",CTHLWF1,0.003050
D,DISPATCH,UNIT_SCADA,1,"2022/10/20 03:05:00",DALNTH01,0
D,DISPATCH,UNIT_SCADA,1,"2022/10/20 03:05:00",DALNTHL1,0.083920
D,DISPATCH,UNIT_SCADA,1,"2022/10/20 03:05:00",DARLSF1,0
D,DISPATCH,UNIT_SCADA,1,"2022/10/20 03:05:00",DARTM1,0
D,DISPATCH,UNIT_SCADA,1,"2022/10/20 03:05:00",DAYDSF1,0
D,DISPATCH,UNIT_SCADA,1,"2022/10/20 03:05:00",DDPS1,0
D,DISPATCH,UNIT_SCADA,1,"2022/10/20 03:05:00",DDSF1,0
D,DISPATCH,UNIT_SCADA,1,"2022/10/20 03:05:00",DEVILS_G,53.9494
D,DISPATCH,UNIT_SCADA,1,"2022/10/20 03:05:00",DG_NSW1,0
D,DISPATCH,UNIT_SCADA,1,"2022/10/20 03:05:00",DG_QLD1,0
D,DISPATCH,UNIT_SCADA,1,"2022/10/20 03:05:00",DG_SA1,0
D,DISPATCH,UNIT_SCADA,1,"2022/10/20 03:05:00",DG_TAS1,0
D,DISPATCH,UNIT_SCADA,1,"2022/10/20 03:05:00",DG_VIC1,0
D,DISPATCH,UNIT_SCADA,1,"2022/10/20 03:05:00",DRYCGT1,0
D,DISPATCH,UNIT_SCADA,1,"2022/10/20 03:05:00",DRYCGT2,0
D,DISPATCH,UNIT_SCADA,1,"2022/10/20 03:05:00",DRYCGT3,0
D,DISPATCH,UNIT_SCADA,1,"2022/10/20 03:05:00",DUNDWF1,70.57
D,DISPATCH,UNIT_SCADA,1,"2022/10/20 03:05:00",DUNDWF2,20.68
D,DISPATCH,UNIT_SCADA,1,"2022/10/20 03:05:00",DUNDWF3,54.08
D,DISPATCH,UNIT_SCADA,1,"2022/10/20 03:05:00",EILDON1,59.92
D,DISPATCH,UNIT_SCADA,1,"2022/10/20 03:05:00",EILDON2,60.12
D,DISPATCH,UNIT_SCADA,1,"2022/10/20 03:05:00",ELAINWF1,30.98
D,DISPATCH,UNIT_SCADA,1,"2022/10/20 03:05:00",EMERASF1,0
D,DISPATCH,UNIT_SCADA,1,"2022/10/20 03:05:00",ER01,0
D,DISPATCH,UNIT_SCADA,1,"2022/10/20 03:05:00",ER02,283.854430
D,DISPATCH,UNIT_SCADA,1,"2022/10/20 03:05:00",ER03,327.995730
D,DISPATCH,UNIT_SCADA,1,"2022/10/20 03:05:00",ER04,329.240880
D,DISPATCH,UNIT_SCADA,1,"2022/10/20 03:05:00",FINLYSF1,0
D,DISPATCH,UNIT_SCADA,1,"2022/10/20 03:05:00",FISHER,30.96
D,DISPATCH,UNIT_SCADA,1,"2022/10/20 03:05:00",GANGARR1,0
D,DISPATCH,UNIT_SCADA,1,"2022/10/20 03:05:00",GANNBG1,0
D,DISPATCH,UNIT_SCADA,1,"2022/10/20 03:05:00",GANNBL1,6.210030
D,DISPATCH,UNIT_SCADA,1,"2022/10/20 03:05:00",GANNSF1,0
D,DISPATCH,UNIT_SCADA,1,"2022/10/20 03:05:00",GLRWNSF1,0
D,DISPATCH,UNIT_SCADA,1,"2022/10/20 03:05:00",GNNDHSF1,0
D,DISPATCH,UNIT_SCADA,1,"2022/10/20 03:05:00",GOONSF1,0
D,DISPATCH,UNIT_SCADA,1,"2022/10/20 03:05:00",GORDON,185.126190
D,DISPATCH,UNIT_SCADA,1,"2022/10/20 03:05:00",GRANWF1,0
D,DISPATCH,UNIT_SCADA,1,"2022/10/20 03:05:00",GSTONE1,188.8250
D,DISPATCH,UNIT_SCADA,1,"2022/10/20 03:05:00",GSTONE2,0
D,DISPATCH,UNIT_SCADA,1,"2022/10/20 03:05:00",GSTONE3,200.024990
D,DISPATCH,UNIT_SCADA,1,"2022/10/20 03:05:00",GSTONE4,0
D,DISPATCH,UNIT_SCADA,1,"2022/10/20 03:05:00",GSTONE5,202.8250
D,DISPATCH,UNIT_SCADA,1,"2022/10/20 03:05:00",GSTONE6,203.349990
D,DISPATCH,UNIT_SCADA,1,"2022/10/20 03:05:00",GULLRSF1,0
D,DISPATCH,UNIT_SCADA,1,"2022/10/20 03:05:00",GULLRWF1,49.144260
D,DISPATCH,UNIT_SCADA,1,"2022/10/20 03:05:00",GULLRWF2,54.038420
D,DISPATCH,UNIT_SCADA,1,"2022/10/20 03:05:00",GUNNING1,0
D,DISPATCH,UNIT_SCADA,1,"2022/10/20 03:05:00",GUTHEGA,68.30
D,DISPATCH,UNIT_SCADA,1,"2022/10/20 03:05:00",HALLWF1,56.90
D,DISPATCH,UNIT_SCADA,1,"2022/10/20 03:05:00",HALLWF2,54.10
D,DISPATCH,UNIT_SCADA,1,"2022/10/20 03:05:00",HAMISF1,0
D,DISPATCH,UNIT_SCADA,1,"2022/10/20 03:05:00",HAUGHT11,0
D,DISPATCH,UNIT_SCADA,1,"2022/10/20 03:05:00",HAYMSF1,0
D,DISPATCH,UNIT_SCADA,1,"2022/10/20 03:05:00",HDWF1,79.20
D,DISPATCH,UNIT_SCADA,1,"2022/10/20 03:05:00",HDWF2,53.10
D,DISPATCH,UNIT_SCADA,1,"2022/10/20 03:05:00",HDWF3,63.20
D,DISPATCH,UNIT_SCADA,1,"2022/10/20 03:05:00",HILLSTN1,0
D,DISPATCH,UNIT_SCADA,1,"2022/10/20 03:05:00",HPRG1,0
D,DISPATCH,UNIT_SCADA,1,"2022/10/20 03:05:00",HPRL1,34.60
D,DISPATCH,UNIT_SCADA,1,"2022/10/20 03:05:00",HUMENSW,55.195060
D,DISPATCH,UNIT_SCADA,1,"2022/10/20 03:05:00",HUMEV,0
D,DISPATCH,UNIT_SCADA,1,"2022/10/20 03:05:00",HVWWBA1G,0
D,DISPATCH,UNIT_SCADA,1,"2022/10/20 03:05:00",HVWWBA1L,0.0080
D,DISPATCH,UNIT_SCADA,1,"2022/10/20 03:05:00",HVWWPV1,0
D,DISPATCH,UNIT_SCADA,1,"2022/10/20 03:05:00",JBUTTERS,0
D,DISPATCH,UNIT_SCADA,1,"2022/10/20 03:05:00",JEMALNG1,0
D,DISPATCH,UNIT_SCADA,1,"2022/10/20 03:05:00",JLA01,0
D,DISPATCH,UNIT_SCADA,1,"2022/10/20 03:05:00",JLA02,0
D,DISPATCH,UNIT_SCADA,1,"2022/10/20 03:05:00",JLA03,0
D,DISPATCH,UNIT_SCADA,1,"2022/10/20 03:05:00",JLA04,0
D,DISPATCH,UNIT_SCADA,1,"2022/10/20 03:05:00",JLB01,0
D,DISPATCH,UNIT_SCADA,1,"2022/10/20 03:05:00",JLB02,0.10
D,DISPATCH,UNIT_SCADA,1,"2022/10/20 03:05:00",JLB03,0
D,DISPATCH,UNIT_SCADA,1,"2022/10/20 03:05:00",JUNEESF1,0
D,DISPATCH,UNIT_SCADA,1,"2022/10/20 03:05:00",KABANWF1,1.2150
D,DISPATCH,UNIT_SCADA,1,"2022/10/20 03:05:00",KAREEYA1,4.8825
D,DISPATCH,UNIT_SCADA,1,"2022/10/20 03:05:00",KAREEYA2,0
D,DISPATCH,UNIT_SCADA,1,"2022/10/20 03:05:00",KAREEYA3,21.3875
D,DISPATCH,UNIT_SCADA,1,"2022/10/20 03:05:00",KAREEYA4,0
D,DISPATCH,UNIT_SCADA,1,"2022/10/20 03:05:00",KARSF1,0
D,DISPATCH,UNIT_SCADA,1,"2022/10/20 03:05:00",KEPSF1,0
D,DISPATCH,UNIT_SCADA,1,"2022/10/20 03:05:00",KEPWF1,9.79
D,DISPATCH,UNIT_SCADA,1,"2022/10/20 03:05:00",KIAMSF1,0
D,DISPATCH,UNIT_SCADA,1,"2022/10/20 03:05:00",KIATAWF1,30.10
D,DISPATCH,UNIT_SCADA,1,"2022/10/20 03:05:00",KPP_1,0
D,DISPATCH,UNIT_SCADA,1,"2022/10/20 03:05:00",KSP1,0
D,DISPATCH,UNIT_SCADA,1,"2022/10/20 03:05:00",LADBROK1,0.01
D,DISPATCH,UNIT_SCADA,1,"2022/10/20 03:05:00",LADBROK2,37.95
D,DISPATCH,UNIT_SCADA,1,"2022/10/20 03:05:00",LBBG1,0
D,DISPATCH,UNIT_SCADA,1,"2022/10/20 03:05:00",LBBL1,10.50
D,DISPATCH,UNIT_SCADA,1,"2022/10/20 03:05:00",LD01,315.170750
D,DISPATCH,UNIT_SCADA,1,"2022/10/20 03:05:00",LD02,0
D,DISPATCH,UNIT_SCADA,1,"2022/10/20 03:05:00",LD04,318.082210
D,DISPATCH,UNIT_SCADA,1,"2022/10/20 03:05:00",LEM_WIL,86.850310
D,DISPATCH,UNIT_SCADA,1,"2022/10/20 03:05:00",LGAPWF1,71.21
D,DISPATCH,UNIT_SCADA,1,"2022/10/20 03:05:00",LGAPWF2,43.44
D,DISPATCH,UNIT_SCADA,1,"2022/10/20 03:05:00",LILYSF1,0
D,DISPATCH,UNIT_SCADA,1,"2022/10/20 03:05:00",LIMOSF11,0
D,DISPATCH,UNIT_SCADA,1,"2022/10/20 03:05:00",LIMOSF21,0
D,DISPATCH,UNIT_SCADA,1,"2022/10/20 03:05:00",LI_WY_CA,55.987470
D,DISPATCH,UNIT_SCADA,1,"2022/10/20 03:05:00",LKBONNY1,0
D,DISPATCH,UNIT_SCADA,1,"2022/10/20 03:05:00",LKBONNY2,25.6312
D,DISPATCH,UNIT_SCADA,1,"2022/10/20 03:05:00",LKBONNY3,11.276060
D,DISPATCH,UNIT_SCADA,1,"2022/10/20 03:05:00",LK_ECHO,0
D,DISPATCH,UNIT_SCADA,1,"2022/10/20 03:05:00",LNGS1,0
D,DISPATCH,UNIT_SCADA,1,"2022/10/20 03:05:00",LNGS2,0
D,DISPATCH,UNIT_SCADA,1,"2022/10/20 03:05:00",LONSDALE,0
D,DISPATCH,UNIT_SCADA,1,"2022/10/20 03:05:00",LOYYB1,496.989870
D,DISPATCH,UNIT_SCADA,1,"2022/10/20 03:05:00",LOYYB2,498.493680
D,DISPATCH,UNIT_SCADA,1,"2022/10/20 03:05:00",LYA1,509
D,DISPATCH,UNIT_SCADA,1,"2022/10/20 03:05:00",LYA2,0
D,DISPATCH,UNIT_SCADA,1,"2022/10/20 03:05:00",LYA3,509
D,DISPATCH,UNIT_SCADA,1,"2022/10/20 03:05:00",LYA4,508
D,DISPATCH,UNIT_SCADA,1,"2022/10/20 03:05:00",MACARTH1,33.799220
D,DISPATCH,UNIT_SCADA,1,"2022/10/20 03:05:00",MACKNTSH,0
D,DISPATCH,UNIT_SCADA,1,"2022/10/20 03:05:00",MANSLR1,0
D,DISPATCH,UNIT_SCADA,1,"2022/10/20 03:05:00",MAPS2PV1,0
D,DISPATCH,UNIT_SCADA,1,"2022/10/20 03:05:00",MAPS3PV1,0
D,DISPATCH,UNIT_SCADA,1,"2022/10/20 03:05:00",MARYRSF1,0
D,DISPATCH,UNIT_SCADA,1,"2022/10/20 03:05:00",MBPS2PV1,0
D,DISPATCH,UNIT_SCADA,1,"2022/10/20 03:05:00",MCKAY1,0.02
D,DISPATCH,UNIT_SCADA,1,"2022/10/20 03:05:00",MEADOWBK,19.920260
D,DISPATCH,UNIT_SCADA,1,"2022/10/20 03:05:00",MERCER01,38.10
D,DISPATCH,UNIT_SCADA,1,"2022/10/20 03:05:00",METZSF1,0
D,DISPATCH,UNIT_SCADA,1,"2022/10/20 03:05:00",MEWF1,0
D,DISPATCH,UNIT_SCADA,1,"2022/10/20 03:05:00",MIDDLSF1,0
D,DISPATCH,UNIT_SCADA,1,"2022/10/20 03:05:00",MINTARO,0.128180
D,DISPATCH,UNIT_SCADA,1,"2022/10/20 03:05:00",MOLNGSF1,0
D,DISPATCH,UNIT_SCADA,1,"2022/10/20 03:05:00",MOORAWF1,42.99
D,DISPATCH,UNIT_SCADA,1,"2022/10/20 03:05:00",MOREESF1,0
D,DISPATCH,UNIT_SCADA,1,"2022/10/20 03:05:00",MORTLK11,0
D,DISPATCH,UNIT_SCADA,1,"2022/10/20 03:05:00",MORTLK12,0
D,DISPATCH,UNIT_SCADA,1,"2022/10/20 03:05:00",MOUSF1,0
D,DISPATCH,UNIT_SCADA,1,"2022/10/20 03:05:00",MP1,0
D,DISPATCH,UNIT_SCADA,1,"2022/10/20 03:05:00",MP2,285.416960
D,DISPATCH,UNIT_SCADA,1,"2022/10/20 03:05:00",MPP_1,158.574650
D,DISPATCH,UNIT_SCADA,1,"2022/10/20 03:05:00",MPP_2,0
D,DISPATCH,UNIT_SCADA,1,"2022/10/20 03:05:00",MRTLSWF1,0
D,DISPATCH,UNIT_SCADA,1,"2022/10/20 03:05:00",MSTUART1,0
D,DISPATCH,UNIT_SCADA,1,"2022/10/20 03:05:00",MSTUART2,0
D,DISPATCH,UNIT_SCADA,1,"2022/10/20 03:05:00",MSTUART3,0
D,DISPATCH,UNIT_SCADA,1,"2022/10/20 03:05:00",MTGELWF1,19.533370
D,DISPATCH,UNIT_SCADA,1,"2022/10/20 03:05:00",MTMILLAR,5.70
D,DISPATCH,UNIT_SCADA,1,"2022/10/20 03:05:00",MURRAY,0
D,DISPATCH,UNIT_SCADA,1,"2022/10/20 03:05:00",MUSSELR1,24
D,DISPATCH,UNIT_SCADA,1,"2022/10/20 03:05:00",MUWAWF1,179.50
D,DISPATCH,UNIT_SCADA,1,"2022/10/20 03:05:00",MUWAWF2,184
D,DISPATCH,UNIT_SCADA,1,"2022/10/20 03:05:00",MWPS1PV1,0
D,DISPATCH,UNIT_SCADA,1,"2022/10/20 03:05:00",MWPS2PV1,0
D,DISPATCH,UNIT_SCADA,1,"2022/10/20 03:05:00",MWPS3PV1,0
D,DISPATCH,UNIT_SCADA,1,"2022/10/20 03:05:00",MWPS4PV1,0
D,DISPATCH,UNIT_SCADA,1,"2022/10/20 03:05:00",NBHWF1,109.70
D,DISPATCH,UNIT_SCADA,1,"2022/10/20 03:05:00",NEVERSF1,0
D,DISPATCH,UNIT_SCADA,1,"2022/10/20 03:05:00",NPS,0
D,DISPATCH,UNIT_SCADA,1,"2022/10/20 03:05:00",NUMURSF1,0
D,DISPATCH,UNIT_SCADA,1,"2022/10/20 03:05:00",NYNGAN1,0
D,DISPATCH,UNIT_SCADA,1,"2022/10/20 03:05:00",OAKEY1,0
D,DISPATCH,UNIT_SCADA,1,"2022/10/20 03:05:00",OAKEY1SF,0
D,DISPATCH,UNIT_SCADA,1,"2022/10/20 03:05:00",OAKEY2,0
D,DISPATCH,UNIT_SCADA,1,"2022/10/20 03:05:00",OAKEY2SF,0
D,DISPATCH,UNIT_SCADA,1,"2022/10/20 03:05:00",OAKLAND1,12.80
D,DISPATCH,UNIT_SCADA,1,"2022/10/20 03:05:00",OSB-AG,0
D,DISPATCH,UNIT_SCADA,1,"2022/10/20 03:05:00",PAREPS1,0.0660
D,DISPATCH,UNIT_SCADA,1,"2022/10/20 03:05:00",PAREPW1,31.23
D,DISPATCH,UNIT_SCADA,1,"2022/10/20 03:05:00",PARSF1,0.001530
D,DISPATCH,UNIT_SCADA,1,"2022/10/20 03:05:00",POAT110,0
D,DISPATCH,UNIT_SCADA,1,"2022/10/20 03:05:00",POAT220,0
D,DISPATCH,UNIT_SCADA,1,"2022/10/20 03:05:00",POR01,0
D,DISPATCH,UNIT_SCADA,1,"2022/10/20 03:05:00",POR03,0
D,DISPATCH,UNIT_SCADA,1,"2022/10/20 03:05:00",PPCCGT,123.890430
D,DISPATCH,UNIT_SCADA,1,"2022/10/20 03:05:00",PTSTAN1,0
D,DISPATCH,UNIT_SCADA,1,"2022/10/20 03:05:00",PUMP1,0
D,DISPATCH,UNIT_SCADA,1,"2022/10/20 03:05:00",PUMP2,0
D,DISPATCH,UNIT_SCADA,1,"2022/10/20 03:05:00",QBYNBG1,0.0005
D,DISPATCH,UNIT_SCADA,1,"2022/10/20 03:05:00",QBYNBL1,0
D,DISPATCH,UNIT_SCADA,1,"2022/10/20 03:05:00",QPS1,0
D,DISPATCH,UNIT_SCADA,1,"2022/10/20 03:05:00",QPS2,0
D,DISPATCH,UNIT_SCADA,1,"2022/10/20 03:05:00",QPS3,0
D,DISPATCH,UNIT_SCADA,1,"2022/10/20 03:05:00",QPS4,0
D,DISPATCH,UNIT_SCADA,1,"2022/10/20 03:05:00",QPS5,75.52
D,DISPATCH,UNIT_SCADA,1,"2022/10/20 03:05:00",REECE1,0
D,DISPATCH,UNIT_SCADA,1,"2022/10/20 03:05:00",REECE2,0
D,DISPATCH,UNIT_SCADA,1,"2022/10/20 03:05:00",ROMA_7,0
D,DISPATCH,UNIT_SCADA,1,"2022/10/20 03:05:00",ROMA_8,0
D,DISPATCH,UNIT_SCADA,1,"2022/10/20 03:05:00",RRSF1,0
D,DISPATCH,UNIT_SCADA,1,"2022/10/20 03:05:00",RT_NSW1,0
D,DISPATCH,UNIT_SCADA,1,"2022/10/20 03:05:00",RT_NSW2,0
D,DISPATCH,UNIT_SCADA,1,"2022/10/20 03:05:00",RT_NSW3,0
D,DISPATCH,UNIT_SCADA,1,"2022/10/20 03:05:00",RT_NSW4,0
D,DISPATCH,UNIT_SCADA,1,"2022/10/20 03:05:00",RT_NSW5,0
D,DISPATCH,UNIT_SCADA,1,"2022/10/20 03:05:00",RT_NSW6,0
D,DISPATCH,UNIT_SCADA,1,"2022/10/20 03:05:00",RT_QLD1,0
D,DISPATCH,UNIT_SCADA,1,"2022/10/20 03:05:00",RT_SA1,0
D,DISPATCH,UNIT_SCADA,1,"2022/10/20 03:05:00",RT_SA2,0
D,DISPATCH,UNIT_SCADA,1,"2022/10/20 03:05:00",RT_SA3,0
D,DISPATCH,UNIT_SCADA,1,"2022/10/20 03:05:00",RT_SA4,0
D,DISPATCH,UNIT_SCADA,1,"2022/10/20 03:05:00",RT_SA5,0
D,DISPATCH,UNIT_SCADA,1,"2022/10/20 03:05:00",RT_SA6,0
D,DISPATCH,UNIT_SCADA,1,"2022/10/20 03:05:00",RT_TAS1,0
D,DISPATCH,UNIT_SCADA,1,"2022/10/20 03:05:00",RT_VIC1,0
D,DISPATCH,UNIT_SCADA,1,"2022/10/20 03:05:00",RT_VIC10,0
D,DISPATCH,UNIT_SCADA,1,"2022/10/20 03:05:00",RT_VIC11,0
D,DISPATCH,UNIT_SCADA,1,"2022/10/20 03:05:00",RT_VIC12,0
D,DISPATCH,UNIT_SCADA,1,"2022/10/20 03:05:00",RT_VIC2,0
D,DISPATCH,UNIT_SCADA,1,"2022/10/20 03:05:00",RT_VIC3,0
D,DISPATCH,UNIT_SCADA,1,"2022/10/20 03:05:00",RT_VIC4,0
D,DISPATCH,UNIT_SCADA,1,"2022/10/20 03:05:00",RT_VIC5,0
D,DISPATCH,UNIT_SCADA,1,"2022/10/20 03:05:00",RT_VIC6,0
D,DISPATCH,UNIT_SCADA,1,"2022/10/20 03:05:00",RT_VIC7,0
D,DISPATCH,UNIT_SCADA,1,"2022/10/20 03:05:00",RT_VIC8,0
D,DISPATCH,UNIT_SCADA,1,"2022/10/20 03:05:00",RT_VIC9,0
D,DISPATCH,UNIT_SCADA,1,"2022/10/20 03:05:00",RUGBYR1,0
D,DISPATCH,UNIT_SCADA,1,"2022/10/20 03:05:00",SALTCRK1,13
D,DISPATCH,UNIT_SCADA,1,"2022/10/20 03:05:00",SAPHWF1,135.523010
D,DISPATCH,UNIT_SCADA,1,"2022/10/20 03:05:00",SEBSF1,0
D,DISPATCH,UNIT_SCADA,1,"2022/10/20 03:05:00",SHGEN,0
D,DISPATCH,UNIT_SCADA,1,"2022/10/20 03:05:00",SHPUMP,0
D,DISPATCH,UNIT_SCADA,1,"2022/10/20 03:05:00",SITHE01,0.123710
D,DISPATCH,UNIT_SCADA,1,"2022/10/20 03:05:00",SMCSF1,0
D,DISPATCH,UNIT_SCADA,1,"2022/10/20 03:05:00",SNAPPER1,0
D,DISPATCH,UNIT_SCADA,1,"2022/10/20 03:05:00",SNOWNTH1,131.100010
D,DISPATCH,UNIT_SCADA,1,"2022/10/20 03:05:00",SNOWSTH1,117
D,DISPATCH,UNIT_SCADA,1,"2022/10/20 03:05:00",SNOWTWN1,90.150820
D,DISPATCH,UNIT_SCADA,1,"2022/10/20 03:05:00",SNOWYP,0
D,DISPATCH,UNIT_SCADA,1,"2022/10/20 03:05:00",SNUG1,0
D,DISPATCH,UNIT_SCADA,1,"2022/10/20 03:05:00",SRSF1,0
D,DISPATCH,UNIT_SCADA,1,"2022/10/20 03:05:00",STAN-1,279.479310
D,DISPATCH,UNIT_SCADA,1,"2022/10/20 03:05:00",STAN-2,364.589510
D,DISPATCH,UNIT_SCADA,1,"2022/10/20 03:05:00",STAN-3,362.372040
D,DISPATCH,UNIT_SCADA,1,"2022/10/20 03:05:00",STAN-4,362.320740
D,DISPATCH,UNIT_SCADA,1,"2022/10/20 03:05:00",STARHLWF,15.595450
D,DISPATCH,UNIT_SCADA,1,"2022/10/20 03:05:00",STOCKYD1,202.289990
D,DISPATCH,UNIT_SCADA,1,"2022/10/20 03:05:00",STWF1,67.012130
D,DISPATCH,UNIT_SCADA,1,"2022/10/20 03:05:00",SUNRSF1,0
D,DISPATCH,UNIT_SCADA,1,"2022/10/20 03:05:00",SUNTPSF1,0
D,DISPATCH,UNIT_SCADA,1,"2022/10/20 03:05:00",SWAN_E,223.318120
D,DISPATCH,UNIT_SCADA,1,"2022/10/20 03:05:00",TALWA1,0
D,DISPATCH,UNIT_SCADA,1,"2022/10/20 03:05:00",TARALGA1,0
D,DISPATCH,UNIT_SCADA,1,"2022/10/20 03:05:00",TARONG#1,283.399990
D,DISPATCH,UNIT_SCADA,1,"2022/10/20 03:05:00",TARONG#2,281.600010
D,DISPATCH,UNIT_SCADA,1,"2022/10/20 03:05:00",TARONG#3,0.90
D,DISPATCH,UNIT_SCADA,1,"2022/10/20 03:05:00",TARONG#4,192.600010
D,DISPATCH,UNIT_SCADA,1,"2022/10/20 03:05:00",TARRALEA,54
D,DISPATCH,UNIT_SCADA,1,"2022/10/20 03:05:00",TBSF1,0
D,DISPATCH,UNIT_SCADA,1,"2022/10/20 03:05:00",TNPS1,301.9375
D,DISPATCH,UNIT_SCADA,1,"2022/10/20 03:05:00",TORRB1,0
D,DISPATCH,UNIT_SCADA,1,"2022/10/20 03:05:00",TORRB2,41
D,DISPATCH,UNIT_SCADA,1,"2022/10/20 03:05:00",TORRB3,0
D,DISPATCH,UNIT_SCADA,1,"2022/10/20 03:05:00",TORRB4,0
D,DISPATCH,UNIT_SCADA,1,"2022/10/20 03:05:00",TREVALLN,100.144440
D,DISPATCH,UNIT_SCADA,1,"2022/10/20 03:05:00",TRIBUTE,0
D,DISPATCH,UNIT_SCADA,1,"2022/10/20 03:05:00",TUMUT3,0
D,DISPATCH,UNIT_SCADA,1,"2022/10/20 03:05:00",TUNGATIN,5.780010
D,DISPATCH,UNIT_SCADA,1,"2022/10/20 03:05:00",TVCC201,0
D,DISPATCH,UNIT_SCADA,1,"2022/10/20 03:05:00",TVPP104,0
D,DISPATCH,UNIT_SCADA,1,"2022/10/20 03:05:00",UPPTUMUT,0
D,DISPATCH,UNIT_SCADA,1,"2022/10/20 03:05:00",URANQ11,0
D,DISPATCH,UNIT_SCADA,1,"2022/10/20 03:05:00",URANQ12,0
D,DISPATCH,UNIT_SCADA,1,"2022/10/20 03:05:00",URANQ13,0
D,DISPATCH,UNIT_SCADA,1,"2022/10/20 03:05:00",URANQ14,0
D,DISPATCH,UNIT_SCADA,1,"2022/10/20 03:05:00",VBBG1,0
D,DISPATCH,UNIT_SCADA,1,"2022/10/20 03:05:00",VBBL1,54.90
D,DISPATCH,UNIT_SCADA,1,"2022/10/20 03:05:00",VP5,547.184690
D,DISPATCH,UNIT_SCADA,1,"2022/10/20 03:05:00",VP6,548.0636
D,DISPATCH,UNIT_SCADA,1,"2022/10/20 03:05:00",VPGS1,0
D,DISPATCH,UNIT_SCADA,1,"2022/10/20 03:05:00",VPGS2,0
D,DISPATCH,UNIT_SCADA,1,"2022/10/20 03:05:00",VPGS3,0
D,DISPATCH,UNIT_SCADA,1,"2022/10/20 03:05:00",VPGS4,0
D,DISPATCH,UNIT_SCADA,1,"2022/10/20 03:05:00",VPGS5,0
D,DISPATCH,UNIT_SCADA,1,"2022/10/20 03:05:00",VPGS6,0
D,DISPATCH,UNIT_SCADA,1,"2022/10/20 03:05:00",W/HOE#1,0
D,DISPATCH,UNIT_SCADA,1,"2022/10/20 03:05:00",W/HOE#2,0
D,DISPATCH,UNIT_SCADA,1,"2022/10/20 03:05:00",WAGGNSF1,0
D,DISPATCH,UNIT_SCADA,1,"2022/10/20 03:05:00",WALGRVG1,0
D,DISPATCH,UNIT_SCADA,1,"2022/10/20 03:05:00",WALGRVL1,0.043750
D,DISPATCH,UNIT_SCADA,1,"2022/10/20 03:05:00",WANDBG1,0
D,DISPATCH,UNIT_SCADA,1,"2022/10/20 03:05:00",WANDBL1,0
D,DISPATCH,UNIT_SCADA,1,"2022/10/20 03:05:00",WARWSF1,0
D,DISPATCH,UNIT_SCADA,1,"2022/10/20 03:05:00",WARWSF2,0
D,DISPATCH,UNIT_SCADA,1,"2022/10/20 03:05:00",WATERLWF,67.70
D,DISPATCH,UNIT_SCADA,1,"2022/10/20 03:05:00",WDGPH1,0
D,DISPATCH,UNIT_SCADA,1,"2022/10/20 03:05:00",WELLSF1,0
D,DISPATCH,UNIT_SCADA,1,"2022/10/20 03:05:00",WEMENSF1,0
D,DISPATCH,UNIT_SCADA,1,"2022/10/20 03:05:00",WGWF1,116
D,DISPATCH,UNIT_SCADA,1,"2022/10/20 03:05:00",WHITSF1,0
D,DISPATCH,UNIT_SCADA,1,"2022/10/20 03:05:00",WINTSF1,0
D,DISPATCH,UNIT_SCADA,1,"2022/10/20 03:05:00",WKIEWA1,34.10
D,DISPATCH,UNIT_SCADA,1,"2022/10/20 03:05:00",WKIEWA2,34
D,DISPATCH,UNIT_SCADA,1,"2022/10/20 03:05:00",WOODLWN1,6.640240
D,DISPATCH,UNIT_SCADA,1,"2022/10/20 03:05:00",WOOLGSF1,0
D,DISPATCH,UNIT_SCADA,1,"2022/10/20 03:05:00",WPWF,83.78
D,DISPATCH,UNIT_SCADA,1,"2022/10/20 03:05:00",WRSF1,0
D,DISPATCH,UNIT_SCADA,1,"2022/10/20 03:05:00",WRWF1,40.440680
D,DISPATCH,UNIT_SCADA,1,"2022/10/20 03:05:00",WSTWYSF1,0
D,DISPATCH,UNIT_SCADA,1,"2022/10/20 03:05:00",YABULU,0
D,DISPATCH,UNIT_SCADA,1,"2022/10/20 03:05:00",YABULU2,0
D,DISPATCH,UNIT_SCADA,1,"2022/10/20 03:05:00",YARANSF1,0
D,DISPATCH,UNIT_SCADA,1,"2022/10/20 03:05:00",YARWUN_1,159.649990
D,DISPATCH,UNIT_SCADA,1,"2022/10/20 03:05:00",YATSF1,0
D,DISPATCH,UNIT_SCADA,1,"2022/10/20 03:05:00",YENDWF1,31.32
D,DISPATCH,UNIT_SCADA,1,"2022/10/20 03:05:00",YWPS1,364.660770
D,DISPATCH,UNIT_SCADA,1,"2022/10/20 03:05:00",YWPS2,361.151890
D,DISPATCH,UNIT_SCADA,1,"2022/10/20 03:05:00",YWPS3,359.6709
D,DISPATCH,UNIT_SCADA,1,"2022/10/20 03:05:00",YWPS4,0
C,"END OF REPORT",419
