C,NEMP.WORLD,DISPATCHSCADA,AEMO,PUBLIC,2022/10/20,18:05:09,0000000373272138,DISPATCHSCADA,0000000373272132
I,DISPATCH,UNIT_SCADA,1,SETTLEMENTDATE,DUID,SCADAVALUE
D,DISPATCH,UNIT_SCADA,1,"2022/10/20 18:10:00",BARCSF1,0.90
D,DISPATCH,UNIT_SCADA,1,"2022/10/20 18:10:00",BUTLERSG,8.699999
D,DISPATCH,UNIT_SCADA,1,"2022/10/20 18:10:00",CAPTL_WF,96.009277
D,DISPATCH,UNIT_SCADA,1,"2022/10/20 18:10:00",CHALLHWF,3.10
D,DISPATCH,UNIT_SCADA,1,"2022/10/20 18:10:00",CLOVER,13.03
D,DISPATCH,UNIT_SCADA,1,"2022/10/20 18:10:00",CLUNY,6.305791
D,DISPATCH,UNIT_SCADA,1,"2022/10/20 18:10:00",CULLRGWF,-0.03
D,DISPATCH,UNIT_SCADA,1,"2022/10/20 18:10:00",DIAPURWF1,1.60
D,DISPATCH,UNIT_SCADA,1,"2022/10/20 18:10:00",ERGT01,0
D,DISPATCH,UNIT_SCADA,1,"2022/10/20 18:10:00",GB01,0
D,DISPATCH,UNIT_SCADA,1,"2022/10/20 18:10:00",GERMCRK,20.50
D,DISPATCH,UNIT_SCADA,1,"2022/10/20 18:10:00",GRIFSF1,1.100175
D,DISPATCH,UNIT_SCADA,1,"2022/10/20 18:10:00",HEZ1,0
D,DISPATCH,UNIT_SCADA,1,"2022/10/20 18:10:00",HUGSF1,0.2590
D,DISPATCH,UNIT_SCADA,1,"2022/10/20 18:10:00",KEPBG1,2.01
D,DISPATCH,UNIT_SCADA,1,"2022/10/20 18:10:00",LRSF1,1.0310
D,DISPATCH,UNIT_SCADA,1,"2022/10/20 18:10:00",MBAHNTH,43.556259
D,DISPATCH,UNIT_SCADA,1,"2022/10/20 18:10:00",MLSP1,0
D,DISPATCH,UNIT_SCADA,1,"2022/10/20 18:10:00",MLWF1,7.8150
D,DISPATCH,UNIT_SCADA,1,"2022/10/20 18:10:00",PALOONA,30.889999
D,DISPATCH,UNIT_SCADA,1,"2022/10/20 18:10:00",PIONEER,40.200001
D,DISPATCH,UNIT_SCADA,1,"2022/10/20 18:10:00",PORTWF,28.10
D,DISPATCH,UNIT_SCADA,1,"2022/10/20 18:10:00",REPULSE,9.873808
D,DISPATCH,UNIT_SCADA,1,"2022/10/20 18:10:00",ROWALLAN,8.6762
D,DISPATCH,UNIT_SCADA,1,"2022/10/20 18:10:00",ROYALLA1,0
D,DISPATCH,UNIT_SCADA,1,"2022/10/20 18:10:00",RPCG,-1.80
D,DISPATCH,UNIT_SCADA,1,"2022/10/20 18:10:00",RUBICON,0
D,DISPATCH,UNIT_SCADA,1,"2022/10/20 18:10:00",WAUBRAWF,67.794998
D,DISPATCH,UNIT_SCADA,1,"2022/10/20 18:10:00",WOOLNTH1,96.549995
D,DISPATCH,UNIT_SCADA,1,"2022/10/20 18:10:00",YAMBUKWF,4.40
D,DISPATCH,UNIT_SCADA,1,"2022/10/20 18:10:00",YSWF1,1.20
D,DISPATCH,UNIT_SCADA,1,"2022/10/20 18:10:00",ADPBA1G,0.0080
D,DISPATCH,UNIT_SCADA,1,"2022/10/20 18:10:00",ADPBA1L,0
D,DISPATCH,UNIT_SCADA,1,"2022/10/20 18:10:00",ADPPV1,1.31
D,DISPATCH,UNIT_SCADA,1,"2022/10/20 18:10:00",AGLHAL,30.709260
D,DISPATCH,UNIT_SCADA,1,"2022/10/20 18:10:00",AGLSOM,0
D,DISPATCH,UNIT_SCADA,1,"2022/10/20 18:10:00",ANGAST1,0
D,DISPATCH,UNIT_SCADA,1,"2022/10/20 18:10:00",ARWF1,61.50
D,DISPATCH,UNIT_SCADA,1,"2022/10/20 18:10:00",BALBG1,0
D,DISPATCH,UNIT_SCADA,1,"2022/10/20 18:10:00",BALBL1,0
D,DISPATCH,UNIT_SCADA,1,"2022/10/20 18:10:00",BALDHWF1,104.5510
D,DISPATCH,UNIT_SCADA,1,"2022/10/20 18:10:00",BANGOWF1,93.099560
D,DISPATCH,UNIT_SCADA,1,"2022/10/20 18:10:00",BANGOWF2,62.499350
D,DISPATCH,UNIT_SCADA,1,"2022/10/20 18:10:00",BANN1,7.46
D,DISPATCH,UNIT_SCADA,1,"2022/10/20 18:10:00",BARCALDN,0
D,DISPATCH,UNIT_SCADA,1,"2022/10/20 18:10:00",BARKIPS1,95.17
D,DISPATCH,UNIT_SCADA,1,"2022/10/20 18:10:00",BARRON-1,27.84
D,DISPATCH,UNIT_SCADA,1,"2022/10/20 18:10:00",BARRON-2,28.12
D,DISPATCH,UNIT_SCADA,1,"2022/10/20 18:10:00",BASTYAN,69.860010
D,DISPATCH,UNIT_SCADA,1,"2022/10/20 18:10:00",BBTHREE1,0
D,DISPATCH,UNIT_SCADA,1,"2022/10/20 18:10:00",BBTHREE2,0
D,DISPATCH,UNIT_SCADA,1,"2022/10/20 18:10:00",BBTHREE3,-1.13
D,DISPATCH,UNIT_SCADA,1,"2022/10/20 18:10:00",BDL01,0
D,DISPATCH,UNIT_SCADA,1,"2022/10/20 18:10:00",BDL02,0
D,DISPATCH,UNIT_SCADA,1,"2022/10/20 18:10:00",BERYLSF1,0.7713
D,DISPATCH,UNIT_SCADA,1,"2022/10/20 18:10:00",BLOWERNG,62.40
D,DISPATCH,UNIT_SCADA,1,"2022/10/20 18:10:00",BLUEGSF1,0
D,DISPATCH,UNIT_SCADA,1,"2022/10/20 18:10:00",BLUFF1,4.20
D,DISPATCH,UNIT_SCADA,1,"2022/10/20 18:10:00",BNGSF1,38.10
D,DISPATCH,UNIT_SCADA,1,"2022/10/20 18:10:00",BNGSF2,36.31
D,DISPATCH,UNIT_SCADA,1,"2022/10/20 18:10:00",BOCORWF1,60.61
D,DISPATCH,UNIT_SCADA,1,"2022/10/20 18:10:00",BODWF1,96.992030
D,DISPATCH,UNIT_SCADA,1,"2022/10/20 18:10:00",BOMENSF1,1.862210
D,DISPATCH,UNIT_SCADA,1,"2022/10/20 18:10:00",BOWWBA1G,0
D,DISPATCH,UNIT_SCADA,1,"2022/10/20 18:10:00",BOWWBA1L,0.0010
D,DISPATCH,UNIT_SCADA,1,"2022/10/20 18:10:00",BOWWPV1,0.0010
D,DISPATCH,UNIT_SCADA,1,"2022/10/20 18:10:00",BRAEMAR1,0
D,DISPATCH,UNIT_SCADA,1,"2022/10/20 18:10:00",BRAEMAR2,0
D,DISPATCH,UNIT_SCADA,1,"2022/10/20 18:10:00",BRAEMAR3,0
D,DISPATCH,UNIT_SCADA,1,"2022/10/20 18:10:00",BRAEMAR5,145.143250
D,DISPATCH,UNIT_SCADA,1,"2022/10/20 18:10:00",BRAEMAR6,0
D,DISPATCH,UNIT_SCADA,1,"2022/10/20 18:10:00",BRAEMAR7,154.126590
D,DISPATCH,UNIT_SCADA,1,"2022/10/20 18:10:00",BROKENH1,2.999950
D,DISPATCH,UNIT_SCADA,1,"2022/10/20 18:10:00",BRYB1WF1,100.608830
D,DISPATCH,UNIT_SCADA,1,"2022/10/20 18:10:00",BULBESG1,0
D,DISPATCH,UNIT_SCADA,1,"2022/10/20 18:10:00",BULBESL1,0.05
D,DISPATCH,UNIT_SCADA,1,"2022/10/20 18:10:00",BULGANA1,78.31
D,DISPATCH,UNIT_SCADA,1,"2022/10/20 18:10:00",BW01,658.616030
D,DISPATCH,UNIT_SCADA,1,"2022/10/20 18:10:00",BW02,638.0835
D,DISPATCH,UNIT_SCADA,1,"2022/10/20 18:10:00",BW03,608.2002
D,DISPATCH,UNIT_SCADA,1,"2022/10/20 18:10:00",BW04,0
D,DISPATCH,UNIT_SCADA,1,"2022/10/20 18:10:00",CALL_B_1,319.800020
D,DISPATCH,UNIT_SCADA,1,"2022/10/20 18:10:00",CALL_B_2,319.899990
D,DISPATCH,UNIT_SCADA,1,"2022/10/20 18:10:00",CATHROCK,14
D,DISPATCH,UNIT_SCADA,1,"2022/10/20 18:10:00",CBWWBA1G,0
D,DISPATCH,UNIT_SCADA,1,"2022/10/20 18:10:00",CBWWBA1L,0
D,DISPATCH,UNIT_SCADA,1,"2022/10/20 18:10:00",CETHANA,97.406130
D,DISPATCH,UNIT_SCADA,1,"2022/10/20 18:10:00",CG1,0
D,DISPATCH,UNIT_SCADA,1,"2022/10/20 18:10:00",CG2,0
D,DISPATCH,UNIT_SCADA,1,"2022/10/20 18:10:00",CG3,0
D,DISPATCH,UNIT_SCADA,1,"2022/10/20 18:10:00",CG4,0
D,DISPATCH,UNIT_SCADA,1,"2022/10/20 18:10:00",CHILDSF1,0
D,DISPATCH,UNIT_SCADA,1,"2022/10/20 18:10:00",CHYTWF1,8.66
D,DISPATCH,UNIT_SCADA,1,"2022/10/20 18:10:00",CLARESF1,0
D,DISPATCH,UNIT_SCADA,1,"2022/10/20 18:10:00",CLEMGPWF,15.055320
D,DISPATCH,UNIT_SCADA,1,"2022/10/20 18:10:00",CLERMSF1,0
D,DISPATCH,UNIT_SCADA,1,"2022/10/20 18:10:00",CNUNDAWF,14.516930
D,DISPATCH,UNIT_SCADA,1,"2022/10/20 18:10:00",COHUNSF1,0.42
D,DISPATCH,UNIT_SCADA,1,"2022/10/20 18:10:00",COLEASF1,5.599680
D,DISPATCH,UNIT_SCADA,1,"2022/10/20 18:10:00",COLUMSF1,0
D,DISPATCH,UNIT_SCADA,1,"2022/10/20 18:10:00",COLWF01,128.273440
D,DISPATCH,UNIT_SCADA,1,"2022/10/20 18:10:00",COOPGWF1,352.91
D,DISPATCH,UNIT_SCADA,1,"2022/10/20 18:10:00",CPP_3,369.8750
D,DISPATCH,UNIT_SCADA,1,"2022/10/20 18:10:00",CPP_4,0
D,DISPATCH,UNIT_SCADA,1,"2022/10/20 18:10:00",CPSA,0
D,DISPATCH,UNIT_SCADA,1,"2022/10/20 18:10:00",CROOKWF2,47.584340
D,DISPATCH,UNIT_SCADA,1,"2022/10/20 18:10:00",CROWLWF1,21.132290
D,DISPATCH,UNIT_SCADA,1,"2022/10/20 18:10:00",CRURWF1,73.198060
D,DISPATCH,UNIT_SCADA,1,"2022/10/20 18:10:00",CRWASF1,0.318610
D,DISPATCH,UNIT_SCADA,1,"2022/10/20 18:10:00",CSPVPS1,0.1870
D,DISPATCH,UNIT_SCADA,1,"2022/10/20 18:10:00",CTHLWF1,0.003050
D,DISPATCH,UNIT_SCADA,1,"2022/10/20 18:10:00",DALNTH01,0
D,DISPATCH,UNIT_SCADA,1,"2022/10/20 18:10:00",DALNTHL1,0.138860
D,DISPATCH,UNIT_SCADA,1,"2022/10/20 18:10:00",DARLSF1,8.773630
D,DISPATCH,UNIT_SCADA,1,"2022/10/20 18:10:00",DARTM1,0
D,DISPATCH,UNIT_SCADA,1,"2022/10/20 18:10:00",DAYDSF1,0
D,DISPATCH,UNIT_SCADA,1,"2022/10/20 18:10:00",DDPS1,0
D,DISPATCH,UNIT_SCADA,1,"2022/10/20 18:10:00",DDSF1,0
D,DISPATCH,UNIT_SCADA,1,"2022/10/20 18:10:00",DEVILS_G,60.958890
D,DISPATCH,UNIT_SCADA,1,"2022/10/20 18:10:00",DG_NSW1,0
D,DISPATCH,UNIT_SCADA,1,"2022/10/20 18:10:00",DG_QLD1,0
D,DISPATCH,UNIT_SCADA,1,"2022/10/20 18:10:00",DG_SA1,0
D,DISPATCH,UNIT_SCADA,1,"2022/10/20 18:10:00",DG_TAS1,0
D,DISPATCH,UNIT_SCADA,1,"2022/10/20 18:10:00",DG_VIC1,0
D,DISPATCH,UNIT_SCADA,1,"2022/10/20 18:10:00",DRYCGT1,0
D,DISPATCH,UNIT_SCADA,1,"2022/10/20 18:10:00",DRYCGT2,0
D,DISPATCH,UNIT_SCADA,1,"2022/10/20 18:10:00",DRYCGT3,0
D,DISPATCH,UNIT_SCADA,1,"2022/10/20 18:10:00",DUNDWF1,52.45
D,DISPATCH,UNIT_SCADA,1,"2022/10/20 18:10:00",DUNDWF2,9.52
D,DISPATCH,UNIT_SCADA,1,"2022/10/20 18:10:00",DUNDWF3,65.13
D,DISPATCH,UNIT_SCADA,1,"2022/10/20 18:10:00",EILDON1,59.72
D,DISPATCH,UNIT_SCADA,1,"2022/10/20 18:10:00",EILDON2,59.96
D,DISPATCH,UNIT_SCADA,1,"2022/10/20 18:10:00",ELAINWF1,16.11
D,DISPATCH,UNIT_SCADA,1,"2022/10/20 18:10:00",EMERASF1,0
D,DISPATCH,UNIT_SCADA,1,"2022/10/20 18:10:00",ER01,0
D,DISPATCH,UNIT_SCADA,1,"2022/10/20 18:10:00",ER02,501.875340
D,DISPATCH,UNIT_SCADA,1,"2022/10/20 18:10:00",ER03,639.108890
D,DISPATCH,UNIT_SCADA,1,"2022/10/20 18:10:00",ER04,699.266050
D,DISPATCH,UNIT_SCADA,1,"2022/10/20 18:10:00",FINLYSF1,2.743570
D,DISPATCH,UNIT_SCADA,1,"2022/10/20 18:10:00",FISHER,43.85
D,DISPATCH,UNIT_SCADA,1,"2022/10/20 18:10:00",GANGARR1,0
D,DISPATCH,UNIT_SCADA,1,"2022/10/20 18:10:00",GANNBG1,4.658120
D,DISPATCH,UNIT_SCADA,1,"2022/10/20 18:10:00",GANNBL1,0
D,DISPATCH,UNIT_SCADA,1,"2022/10/20 18:10:00",GANNSF1,1.90
D,DISPATCH,UNIT_SCADA,1,"2022/10/20 18:10:00",GLRWNSF1,3.83
D,DISPATCH,UNIT_SCADA,1,"2022/10/20 18:10:00",GNNDHSF1,0
D,DISPATCH,UNIT_SCADA,1,"2022/10/20 18:10:00",GOONSF1,0.3772
D,DISPATCH,UNIT_SCADA,1,"2022/10/20 18:10:00",GORDON,269.378050
D,DISPATCH,UNIT_SCADA,1,"2022/10/20 18:10:00",GRANWF1,0
D,DISPATCH,UNIT_SCADA,1,"2022/10/20 18:10:00",GSTONE1,219.974990
D,DISPATCH,UNIT_SCADA,1,"2022/10/20 18:10:00",GSTONE2,0
D,DISPATCH,UNIT_SCADA,1,"2022/10/20 18:10:00",GSTONE3,200.3750
D,DISPATCH,UNIT_SCADA,1,"2022/10/20 18:10:00",GSTONE4,0
D,DISPATCH,UNIT_SCADA,1,"2022/10/20 18:10:00",GSTONE5,219.974990
D,DISPATCH,UNIT_SCADA,1,"2022/10/20 18:10:00",GSTONE6,219.274990
D,DISPATCH,UNIT_SCADA,1,"2022/10/20 18:10:00",GULLRSF1,0
D,DISPATCH,UNIT_SCADA,1,"2022/10/20 18:10:00",GULLRWF1,101.683460
D,DISPATCH,UNIT_SCADA,1,"2022/10/20 18:10:00",GULLRWF2,84.507630
D,DISPATCH,UNIT_SCADA,1,"2022/10/20 18:10:00",GUNNING1,0
D,DISPATCH,UNIT_SCADA,1,"2022/10/20 18:10:00",GUTHEGA,67.90
D,DISPATCH,UNIT_SCADA,1,"2022/10/20 18:10:00",HALLWF1,3.52
D,DISPATCH,UNIT_SCADA,1,"2022/10/20 18:10:00",HALLWF2,3.53
D,DISPATCH,UNIT_SCADA,1,"2022/10/20 18:10:00",HAMISF1,0
D,DISPATCH,UNIT_SCADA,1,"2022/10/20 18:10:00",HAUGHT11,0
D,DISPATCH,UNIT_SCADA,1,"2022/10/20 18:10:00",HAYMSF1,0
D,DISPATCH,UNIT_SCADA,1,"2022/10/20 18:10:00",HDWF1,10.20
D,DISPATCH,UNIT_SCADA,1,"2022/10/20 18:10:00",HDWF2,11
D,DISPATCH,UNIT_SCADA,1,"2022/10/20 18:10:00",HDWF3,11.50
D,DISPATCH,UNIT_SCADA,1,"2022/10/20 18:10:00",HILLSTN1,0
D,DISPATCH,UNIT_SCADA,1,"2022/10/20 18:10:00",HPRG1,2.50
D,DISPATCH,UNIT_SCADA,1,"2022/10/20 18:10:00",HPRL1,0
D,DISPATCH,UNIT_SCADA,1,"2022/10/20 18:10:00",HUMENSW,54.961270
D,DISPATCH,UNIT_SCADA,1,"2022/10/20 18:10:00",HUMEV,0
D,DISPATCH,UNIT_SCADA,1,"2022/10/20 18:10:00",HVWWBA1G,0
D,DISPATCH,UNIT_SCADA,1,"2022/10/20 18:10:00",HVWWBA1L,0.0070
D,DISPATCH,UNIT_SCADA,1,"2022/10/20 18:10:00",HVWWPV1,0.9410
D,DISPATCH,UNIT_SCADA,1,"2022/10/20 18:10:00",JBUTTERS,0
D,DISPATCH,UNIT_SCADA,1,"2022/10/20 18:10:00",JEMALNG1,1.03
D,DISPATCH,UNIT_SCADA,1,"2022/10/20 18:10:00",JLA01,0
D,DISPATCH,UNIT_SCADA,1,"2022/10/20 18:10:00",JLA02,0
D,DISPATCH,UNIT_SCADA,1,"2022/10/20 18:10:00",JLA03,0
D,DISPATCH,UNIT_SCADA,1,"2022/10/20 18:10:00",JLA04,0
D,DISPATCH,UNIT_SCADA,1,"2022/10/20 18:10:00",JLB01,0
D,DISPATCH,UNIT_SCADA,1,"2022/10/20 18:10:00",JLB02,0.10
D,DISPATCH,UNIT_SCADA,1,"2022/10/20 18:10:00",JLB03,0
D,DISPATCH,UNIT_SCADA,1,"2022/10/20 18:10:00",JUNEESF1,0.339420
D,DISPATCH,UNIT_SCADA,1,"2022/10/20 18:10:00",KABANWF1,0
D,DISPATCH,UNIT_SCADA,1,"2022/10/20 18:10:00",KAREEYA1,4.79
D,DISPATCH,UNIT_SCADA,1,"2022/10/20 18:10:00",KAREEYA2,0
D,DISPATCH,UNIT_SCADA,1,"2022/10/20 18:10:00",KAREEYA3,6.3475
D,DISPATCH,UNIT_SCADA,1,"2022/10/20 18:10:00",KAREEYA4,0
D,DISPATCH,UNIT_SCADA,1,"2022/10/20 18:10:00",KARSF1,6.40
D,DISPATCH,UNIT_SCADA,1,"2022/10/20 18:10:00",KEPSF1,0.02
D,DISPATCH,UNIT_SCADA,1,"2022/10/20 18:10:00",KEPWF1,12.55
D,DISPATCH,UNIT_SCADA,1,"2022/10/20 18:10:00",KIAMSF1,0
D,DISPATCH,UNIT_SCADA,1,"2022/10/20 18:10:00",KIATAWF1,6.30
D,DISPATCH,UNIT_SCADA,1,"2022/10/20 18:10:00",KPP_1,0
D,DISPATCH,UNIT_SCADA,1,"2022/10/20 18:10:00",KSP1,3.54
D,DISPATCH,UNIT_SCADA,1,"2022/10/20 18:10:00",LADBROK1,0.01
D,DISPATCH,UNIT_SCADA,1,"2022/10/20 18:10:00",LADBROK2,0.02
D,DISPATCH,UNIT_SCADA,1,"2022/10/20 18:10:00",LBBG1,6.90
D,DISPATCH,UNIT_SCADA,1,"2022/10/20 18:10:00",LBBL1,0
D,DISPATCH,UNIT_SCADA,1,"2022/10/20 18:10:00",LD01,379.900510
D,DISPATCH,UNIT_SCADA,1,"2022/10/20 18:10:00",LD02,36.677140
D,DISPATCH,UNIT_SCADA,1,"2022/10/20 18:10:00",LD04,319.565430
D,DISPATCH,UNIT_SCADA,1,"2022/10/20 18:10:00",LEM_WIL,86.842510
D,DISPATCH,UNIT_SCADA,1,"2022/10/20 18:10:00",LGAPWF1,76.189990
D,DISPATCH,UNIT_SCADA,1,"2022/10/20 18:10:00",LGAPWF2,50.05
D,DISPATCH,UNIT_SCADA,1,"2022/10/20 18:10:00",LILYSF1,0
D,DISPATCH,UNIT_SCADA,1,"2022/10/20 18:10:00",LIMOSF11,14.174870
D,DISPATCH,UNIT_SCADA,1,"2022/10/20 18:10:00",LIMOSF21,1.716060
D,DISPATCH,UNIT_SCADA,1,"2022/10/20 18:10:00",LI_WY_CA,62.998840
D,DISPATCH,UNIT_SCADA,1,"2022/10/20 18:10:00",LKBONNY1,15.986390
D,DISPATCH,UNIT_SCADA,1,"2022/10/20 18:10:00",LKBONNY2,29.455610
D,DISPATCH,UNIT_SCADA,1,"2022/10/20 18:10:00",LKBONNY3,2.121240
D,DISPATCH,UNIT_SCADA,1,"2022/10/20 18:10:00",LK_ECHO,0
D,DISPATCH,UNIT_SCADA,1,"2022/10/20 18:10:00",LNGS1,0
D,DISPATCH,UNIT_SCADA,1,"2022/10/20 18:10:00",LNGS2,0
D,DISPATCH,UNIT_SCADA,1,"2022/10/20 18:10:00",LONSDALE,0
D,DISPATCH,UNIT_SCADA,1,"2022/10/20 18:10:00",LOYYB1,580.8266
D,DISPATCH,UNIT_SCADA,1,"2022/10/20 18:10:00",LOYYB2,575.187320
D,DISPATCH,UNIT_SCADA,1,"2022/10/20 18:10:00",LYA1,562
D,DISPATCH,UNIT_SCADA,1,"2022/10/20 18:10:00",LYA2,0
D,DISPATCH,UNIT_SCADA,1,"2022/10/20 18:10:00",LYA3,560
D,DISPATCH,UNIT_SCADA,1,"2022/10/20 18:10:00",LYA4,562
D,DISPATCH,UNIT_SCADA,1,"2022/10/20 18:10:00",MACARTH1,41.699040
D,DISPATCH,UNIT_SCADA,1,"2022/10/20 18:10:00",MACKNTSH,70.140010
D,DISPATCH,UNIT_SCADA,1,"2022/10/20 18:10:00",MANSLR1,0
D,DISPATCH,UNIT_SCADA,1,"2022/10/20 18:10:00",MAPS2PV1,0
D,DISPATCH,UNIT_SCADA,1,"2022/10/20 18:10:00",MAPS3PV1,0
D,DISPATCH,UNIT_SCADA,1,"2022/10/20 18:10:00",MARYRSF1,0
D,DISPATCH,UNIT_SCADA,1,"2022/10/20 18:10:00",MBPS2PV1,0
D,DISPATCH,UNIT_SCADA,1,"2022/10/20 18:10:00",MCKAY1,221.47
D,DISPATCH,UNIT_SCADA,1,"2022/10/20 18:10:00",MEADOWBK,20.091740
D,DISPATCH,UNIT_SCADA,1,"2022/10/20 18:10:00",MERCER01,12.60
D,DISPATCH,UNIT_SCADA,1,"2022/10/20 18:10:00",METZSF1,0
D,DISPATCH,UNIT_SCADA,1,"2022/10/20 18:10:00",MEWF1,0
D,DISPATCH,UNIT_SCADA,1,"2022/10/20 18:10:00",MIDDLSF1,0
D,DISPATCH,UNIT_SCADA,1,"2022/10/20 18:10:00",MINTARO,0.128180
D,DISPATCH,UNIT_SCADA,1,"2022/10/20 18:10:00",MOLNGSF1,0.172120
D,DISPATCH,UNIT_SCADA,1,"2022/10/20 18:10:00",MOORAWF1,27.62
D,DISPATCH,UNIT_SCADA,1,"2022/10/20 18:10:00",MOREESF1,0
D,DISPATCH,UNIT_SCADA,1,"2022/10/20 18:10:00",MORTLK11,0
D,DISPATCH,UNIT_SCADA,1,"2022/10/20 18:10:00",MORTLK12,0
D,DISPATCH,UNIT_SCADA,1,"2022/10/20 18:10:00",MOUSF1,0
D,DISPATCH,UNIT_SCADA,1,"2022/10/20 18:10:00",MP1,0
D,DISPATCH,UNIT_SCADA,1,"2022/10/20 18:10:00",MP2,639.670410
D,DISPATCH,UNIT_SCADA,1,"2022/10/20 18:10:00",MPP_1,170.812610
D,DISPATCH,UNIT_SCADA,1,"2022/10/20 18:10:00",MPP_2,179.891890
D,DISPATCH,UNIT_SCADA,1,"2022/10/20 18:10:00",MRTLSWF1,0
D,DISPATCH,UNIT_SCADA,1,"2022/10/20 18:10:00",MSTUART1,0
D,DISPATCH,UNIT_SCADA,1,"2022/10/20 18:10:00",MSTUART2,0
D,DISPATCH,UNIT_SCADA,1,"2022/10/20 18:10:00",MSTUART3,0
D,DISPATCH,UNIT_SCADA,1,"2022/10/20 18:10:00",MTGELWF1,64.925080
D,DISPATCH,UNIT_SCADA,1,"2022/10/20 18:10:00",MTMILLAR,14.40
D,DISPATCH,UNIT_SCADA,1,"2022/10/20 18:10:00",MURRAY,493.299990
D,DISPATCH,UNIT_SCADA,1,"2022/10/20 18:10:00",MUSSELR1,3.30
D,DISPATCH,UNIT_SCADA,1,"2022/10/20 18:10:00",MUWAWF1,3.33
D,DISPATCH,UNIT_SCADA,1,"2022/10/20 18:10:00",MUWAWF2,9.50
D,DISPATCH,UNIT_SCADA,1,"2022/10/20 18:10:00",MWPS1PV1,0.24
D,DISPATCH,UNIT_SCADA,1,"2022/10/20 18:10:00",MWPS2PV1,0.07
D,DISPATCH,UNIT_SCADA,1,"2022/10/20 18:10:00",MWPS3PV1,0.11
D,DISPATCH,UNIT_SCADA,1,"2022/10/20 18:10:00",MWPS4PV1,0.66
D,DISPATCH,UNIT_SCADA,1,"2022/10/20 18:10:00",NBHWF1,4.40
D,DISPATCH,UNIT_SCADA,1,"2022/10/20 18:10:00",NEVERSF1,0.83
D,DISPATCH,UNIT_SCADA,1,"2022/10/20 18:10:00",NPS,0
D,DISPATCH,UNIT_SCADA,1,"2022/10/20 18:10:00",NUMURSF1,2.56
D,DISPATCH,UNIT_SCADA,1,"2022/10/20 18:10:00",NYNGAN1,2.50
D,DISPATCH,UNIT_SCADA,1,"2022/10/20 18:10:00",OAKEY1,126.467440
D,DISPATCH,UNIT_SCADA,1,"2022/10/20 18:10:00",OAKEY1SF,0
D,DISPATCH,UNIT_SCADA,1,"2022/10/20 18:10:00",OAKEY2,0
D,DISPATCH,UNIT_SCADA,1,"2022/10/20 18:10:00",OAKEY2SF,0
D,DISPATCH,UNIT_SCADA,1,"2022/10/20 18:10:00",OAKLAND1,20
D,DISPATCH,UNIT_SCADA,1,"2022/10/20 18:10:00",OSB-AG,175.37
D,DISPATCH,UNIT_SCADA,1,"2022/10/20 18:10:00",PAREPS1,0
D,DISPATCH,UNIT_SCADA,1,"2022/10/20 18:10:00",PAREPW1,169.47
D,DISPATCH,UNIT_SCADA,1,"2022/10/20 18:10:00",PARSF1,0.401310
D,DISPATCH,UNIT_SCADA,1,"2022/10/20 18:10:00",POAT110,3.22
D,DISPATCH,UNIT_SCADA,1,"2022/10/20 18:10:00",POAT220,0
D,DISPATCH,UNIT_SCADA,1,"2022/10/20 18:10:00",POR01,0.008670
D,DISPATCH,UNIT_SCADA,1,"2022/10/20 18:10:00",POR03,0
D,DISPATCH,UNIT_SCADA,1,"2022/10/20 18:10:00",PPCCGT,174.894330
D,DISPATCH,UNIT_SCADA,1,"2022/10/20 18:10:00",PTSTAN1,0
D,DISPATCH,UNIT_SCADA,1,"2022/10/20 18:10:00",PUMP1,0
D,DISPATCH,UNIT_SCADA,1,"2022/10/20 18:10:00",PUMP2,0
D,DISPATCH,UNIT_SCADA,1,"2022/10/20 18:10:00",QBYNBG1,0
D,DISPATCH,UNIT_SCADA,1,"2022/10/20 18:10:00",QBYNBL1,0.0025
D,DISPATCH,UNIT_SCADA,1,"2022/10/20 18:10:00",QPS1,0
D,DISPATCH,UNIT_SCADA,1,"2022/10/20 18:10:00",QPS2,0
D,DISPATCH,UNIT_SCADA,1,"2022/10/20 18:10:00",QPS3,0
D,DISPATCH,UNIT_SCADA,1,"2022/10/20 18:10:00",QPS4,0
D,DISPATCH,UNIT_SCADA,1,"2022/10/20 18:10:00",QPS5,117.59
D,DISPATCH,UNIT_SCADA,1,"2022/10/20 18:10:00",REECE1,48.7167
D,DISPATCH,UNIT_SCADA,1,"2022/10/20 18:10:00",REECE2,81.62
D,DISPATCH,UNIT_SCADA,1,"2022/10/20 18:10:00",ROMA_7,0
D,DISPATCH,UNIT_SCADA,1,"2022/10/20 18:10:00",ROMA_8,0
D,DISPATCH,UNIT_SCADA,1,"2022/10/20 18:10:00",RRSF1,0
D,DISPATCH,UNIT_SCADA,1,"2022/10/20 18:10:00",RT_NSW1,0
D,DISPATCH,UNIT_SCADA,1,"2022/10/20 18:10:00",RT_NSW2,0
D,DISPATCH,UNIT_SCADA,1,"2022/10/20 18:10:00",RT_NSW3,0
D,DISPATCH,UNIT_SCADA,1,"2022/10/20 18:10:00",RT_NSW4,0
D,DISPATCH,UNIT_SCADA,1,"2022/10/20 18:10:00",RT_NSW5,0
D,DISPATCH,UNIT_SCADA,1,"2022/10/20 18:10:00",RT_NSW6,0
D,DISPATCH,UNIT_SCADA,1,"2022/10/20 18:10:00",RT_QLD1,0
D,DISPATCH,UNIT_SCADA,1,"2022/10/20 18:10:00",RT_SA1,0
D,DISPATCH,UNIT_SCADA,1,"2022/10/20 18:10:00",RT_SA2,0
D,DISPATCH,UNIT_SCADA,1,"2022/10/20 18:10:00",RT_SA3,0
D,DISPATCH,UNIT_SCADA,1,"2022/10/20 18:10:00",RT_SA4,0
D,DISPATCH,UNIT_SCADA,1,"2022/10/20 18:10:00",RT_SA5,0
D,DISPATCH,UNIT_SCADA,1,"2022/10/20 18:10:00",RT_SA6,0
D,DISPATCH,UNIT_SCADA,1,"2022/10/20 18:10:00",RT_TAS1,0
D,DISPATCH,UNIT_SCADA,1,"2022/10/20 18:10:00",RT_VIC1,0
D,DISPATCH,UNIT_SCADA,1,"2022/10/20 18:10:00",RT_VIC10,0
D,DISPATCH,UNIT_SCADA,1,"2022/10/20 18:10:00",RT_VIC11,0
D,DISPATCH,UNIT_SCADA,1,"2022/10/20 18:10:00",RT_VIC12,0
D,DISPATCH,UNIT_SCADA,1,"2022/10/20 18:10:00",RT_VIC2,0
D,DISPATCH,UNIT_SCADA,1,"2022/10/20 18:10:00",RT_VIC3,0
D,DISPATCH,UNIT_SCADA,1,"2022/10/20 18:10:00",RT_VIC4,0
D,DISPATCH,UNIT_SCADA,1,"2022/10/20 18:10:00",RT_VIC5,0
D,DISPATCH,UNIT_SCADA,1,"2022/10/20 18:10:00",RT_VIC6,0
D,DISPATCH,UNIT_SCADA,1,"2022/10/20 18:10:00",RT_VIC7,0
D,DISPATCH,UNIT_SCADA,1,"2022/10/20 18:10:00",RT_VIC8,0
D,DISPATCH,UNIT_SCADA,1,"2022/10/20 18:10:00",RT_VIC9,0
D,DISPATCH,UNIT_SCADA,1,"2022/10/20 18:10:00",RUGBYR1,0
D,DISPATCH,UNIT_SCADA,1,"2022/10/20 18:10:00",SALTCRK1,25.34
D,DISPATCH,UNIT_SCADA,1,"2022/10/20 18:10:00",SAPHWF1,160.151060
D,DISPATCH,UNIT_SCADA,1,"2022/10/20 18:10:00",SEBSF1,1.132710
D,DISPATCH,UNIT_SCADA,1,"2022/10/20 18:10:00",SHGEN,80.441740
D,DISPATCH,UNIT_SCADA,1,"2022/10/20 18:10:00",SHPUMP,0
D,DISPATCH,UNIT_SCADA,1,"2022/10/20 18:10:00",SITHE01,0.123710
D,DISPATCH,UNIT_SCADA,1,"2022/10/20 18:10:00",SMCSF1,0
D,DISPATCH,UNIT_SCADA,1,"2022/10/20 18:10:00",SNAPPER1,0
D,DISPATCH,UNIT_SCADA,1,"2022/10/20 18:10:00",SNOWNTH1,58.50
D,DISPATCH,UNIT_SCADA,1,"2022/10/20 18:10:00",SNOWSTH1,22.60
D,DISPATCH,UNIT_SCADA,1,"2022/10/20 18:10:00",SNOWTWN1,32.343870
D,DISPATCH,UNIT_SCADA,1,"2022/10/20 18:10:00",SNOWYP,0
D,DISPATCH,UNIT_SCADA,1,"2022/10/20 18:10:00",SNUG1,0
D,DISPATCH,UNIT_SCADA,1,"2022/10/20 18:10:00",SRSF1,0
D,DISPATCH,UNIT_SCADA,1,"2022/10/20 18:10:00",STAN-1,279.927950
D,DISPATCH,UNIT_SCADA,1,"2022/10/20 18:10:00",STAN-2,364.371610
D,DISPATCH,UNIT_SCADA,1,"2022/10/20 18:10:00",STAN-3,365.653380
D,DISPATCH,UNIT_SCADA,1,"2022/10/20 18:10:00",STAN-4,364.3588
D,DISPATCH,UNIT_SCADA,1,"2022/10/20 18:10:00",STARHLWF,16.395220
D,DISPATCH,UNIT_SCADA,1,"2022/10/20 18:10:00",STOCKYD1,225.38
D,DISPATCH,UNIT_SCADA,1,"2022/10/20 18:10:00",STWF1,63.089950
D,DISPATCH,UNIT_SCADA,1,"2022/10/20 18:10:00",SUNRSF1,11.238270
D,DISPATCH,UNIT_SCADA,1,"2022/10/20 18:10:00",SUNTPSF1,0
D,DISPATCH,UNIT_SCADA,1,"2022/10/20 18:10:00",SWAN_E,353.908750
D,DISPATCH,UNIT_SCADA,1,"2022/10/20 18:10:00",TALWA1,0
D,DISPATCH,UNIT_SCADA,1,"2022/10/20 18:10:00",TARALGA1,0
D,DISPATCH,UNIT_SCADA,1,"2022/10/20 18:10:00",TARONG#1,350.600010
D,DISPATCH,UNIT_SCADA,1,"2022/10/20 18:10:00",TARONG#2,349.200010
D,DISPATCH,UNIT_SCADA,1,"2022/10/20 18:10:00",TARONG#3,0.90
D,DISPATCH,UNIT_SCADA,1,"2022/10/20 18:10:00",TARONG#4,262
D,DISPATCH,UNIT_SCADA,1,"2022/10/20 18:10:00",TARRALEA,54
D,DISPATCH,UNIT_SCADA,1,"2022/10/20 18:10:00",TBSF1,3.80
D,DISPATCH,UNIT_SCADA,1,"2022/10/20 18:10:00",TNPS1,421.000030
D,DISPATCH,UNIT_SCADA,1,"2022/10/20 18:10:00",TORRB1,0
D,DISPATCH,UNIT_SCADA,1,"2022/10/20 18:10:00",TORRB2,74
D,DISPATCH,UNIT_SCADA,1,"2022/10/20 18:10:00",TORRB3,0
D,DISPATCH,UNIT_SCADA,1,"2022/10/20 18:10:00",TORRB4,0
D,DISPATCH,UNIT_SCADA,1,"2022/10/20 18:10:00",TREVALLN,98.865850
D,DISPATCH,UNIT_SCADA,1,"2022/10/20 18:10:00",TRIBUTE,0
D,DISPATCH,UNIT_SCADA,1,"2022/10/20 18:10:00",TUMUT3,381.50
D,DISPATCH,UNIT_SCADA,1,"2022/10/20 18:10:00",TUNGATIN,5.990020
D,DISPATCH,UNIT_SCADA,1,"2022/10/20 18:10:00",TVCC201,0
D,DISPATCH,UNIT_SCADA,1,"2022/10/20 18:10:00",TVPP104,57.904710
D,DISPATCH,UNIT_SCADA,1,"2022/10/20 18:10:00",UPPTUMUT,122.6838
D,DISPATCH,UNIT_SCADA,1,"2022/10/20 18:10:00",URANQ11,0
D,DISPATCH,UNIT_SCADA,1,"2022/10/20 18:10:00",URANQ12,0
D,DISPATCH,UNIT_SCADA,1,"2022/10/20 18:10:00",URANQ13,0
D,DISPATCH,UNIT_SCADA,1,"2022/10/20 18:10:00",URANQ14,155.5047
D,DISPATCH,UNIT_SCADA,1,"2022/10/20 18:10:00",VBBG1,13.30
D,DISPATCH,UNIT_SCADA,1,"2022/10/20 18:10:00",VBBL1,0
D,DISPATCH,UNIT_SCADA,1,"2022/10/20 18:10:00",VP5,585.589170
D,DISPATCH,UNIT_SCADA,1,"2022/10/20 18:10:00",VP6,614.203310
D,DISPATCH,UNIT_SCADA,1,"2022/10/20 18:10:00",VPGS1,0
D,DISPATCH,UNIT_SCADA,1,"2022/10/20 18:10:00",VPGS2,0
D,DISPATCH,UNIT_SCADA,1,"2022/10/20 18:10:00",VPGS3,0
D,DISPATCH,UNIT_SCADA,1,"2022/10/20 18:10:00",VPGS4,0
D,DISPATCH,UNIT_SCADA,1,"2022/10/20 18:10:00",VPGS5,0
D,DISPATCH,UNIT_SCADA,1,"2022/10/20 18:10:00",VPGS6,0
D,DISPATCH,UNIT_SCADA,1,"2022/10/20 18:10:00",W/HOE#1,195.289990
D,DISPATCH,UNIT_SCADA,1,"2022/10/20 18:10:00",W/HOE#2,0
D,DISPATCH,UNIT_SCADA,1,"2022/10/20 18:10:00",WAGGNSF1,0
D,DISPATCH,UNIT_SCADA,1,"2022/10/20 18:10:00",WALGRVG1,6.518390
D,DISPATCH,UNIT_SCADA,1,"2022/10/20 18:10:00",WALGRVL1,0
D,DISPATCH,UNIT_SCADA,1,"2022/10/20 18:10:00",WANDBG1,50.494850
D,DISPATCH,UNIT_SCADA,1,"2022/10/20 18:10:00",WANDBL1,0
D,DISPATCH,UNIT_SCADA,1,"2022/10/20 18:10:00",WARWSF1,0
D,DISPATCH,UNIT_SCADA,1,"2022/10/20 18:10:00",WARWSF2,0
D,DISPATCH,UNIT_SCADA,1,"2022/10/20 18:10:00",WATERLWF,0
D,DISPATCH,UNIT_SCADA,1,"2022/10/20 18:10:00",WDGPH1,0
D,DISPATCH,UNIT_SCADA,1,"2022/10/20 18:10:00",WELLSF1,2.359040
D,DISPATCH,UNIT_SCADA,1,"2022/10/20 18:10:00",WEMENSF1,2.80
D,DISPATCH,UNIT_SCADA,1,"2022/10/20 18:10:00",WGWF1,12.30
D,DISPATCH,UNIT_SCADA,1,"2022/10/20 18:10:00",WHITSF1,0
D,DISPATCH,UNIT_SCADA,1,"2022/10/20 18:10:00",WINTSF1,3.21
D,DISPATCH,UNIT_SCADA,1,"2022/10/20 18:10:00",WKIEWA1,34.10
D,DISPATCH,UNIT_SCADA,1,"2022/10/20 18:10:00",WKIEWA2,34.10
D,DISPATCH,UNIT_SCADA,1,"2022/10/20 18:10:00",WOODLWN1,40.970840
D,DISPATCH,UNIT_SCADA,1,"2022/10/20 18:10:00",WOOLGSF1,0
D,DISPATCH,UNIT_SCADA,1,"2022/10/20 18:10:00",WPWF,30.56
D,DISPATCH,UNIT_SCADA,1,"2022/10/20 18:10:00",WRSF1,0
D,DISPATCH,UNIT_SCADA,1,"2022/10/20 18:10:00",WRWF1,82.005040
D,DISPATCH,UNIT_SCADA,1,"2022/10/20 18:10:00",WSTWYSF1,0.0216
D,DISPATCH,UNIT_SCADA,1,"2022/10/20 18:10:00",YABULU,150.480010
D,DISPATCH,UNIT_SCADA,1,"2022/10/20 18:10:00",YABULU2,0
D,DISPATCH,UNIT_SCADA,1,"2022/10/20 18:10:00",YARANSF1,0
D,DISPATCH,UNIT_SCADA,1,"2022/10/20 18:10:00",YARWUN_1,161.67
D,DISPATCH,UNIT_SCADA,1,"2022/10/20 18:10:00",YATSF1,8.58
D,DISPATCH,UNIT_SCADA,1,"2022/10/20 18:10:00",YENDWF1,23.97
D,DISPATCH,UNIT_SCADA,1,"2022/10/20 18:10:00",YWPS1,356.139250
D,DISPATCH,UNIT_SCADA,1,"2022/10/20 18:10:00",YWPS2,298.243040
D,DISPATCH,UNIT_SCADA,1,"2022/10/20 18:10:00",YWPS3,360.517730
D,DISPATCH,UNIT_SCADA,1,"2022/10/20 18:10:00",YWPS4,0
C,"END OF REPORT",419
