C,NEMP.WORLD,DISPATCHSCADA,AEMO,PUBLIC,2022/10/20,06:30:09,0000000373234821,DISPATCHSCADA,0000000373234815
I,DISPATCH,UNIT_SCADA,1,SETTLEMENTDATE,DUID,SCADAVALUE
D,DISPATCH,UNIT_SCADA,1,"2022/10/20 06:35:00",BARCSF1,4.10
D,DISPATCH,UNIT_SCADA,1,"2022/10/20 06:35:00",BUTLERSG,8.699999
D,DISPATCH,UNIT_SCADA,1,"2022/10/20 06:35:00",CAPTL_WF,39.520134
D,DISPATCH,UNIT_SCADA,1,"2022/10/20 06:35:00",CHALLHWF,18.099998
D,DISPATCH,UNIT_SCADA,1,"2022/10/20 06:35:00",CLOVER,13.21
D,DISPATCH,UNIT_SCADA,1,"2022/10/20 06:35:00",CLUNY,6.200503
D,DISPATCH,UNIT_SCADA,1,"2022/10/20 06:35:00",CULLRGWF,-0.03
D,DISPATCH,UNIT_SCADA,1,"2022/10/20 06:35:00",DIAPURWF1,7.30
D,DISPATCH,UNIT_SCADA,1,"2022/10/20 06:35:00",ERGT01,0
D,DISPATCH,UNIT_SCADA,1,"2022/10/20 06:35:00",GB01,0
D,DISPATCH,UNIT_SCADA,1,"2022/10/20 06:35:00",GERMCRK,23.10
D,DISPATCH,UNIT_SCADA,1,"2022/10/20 06:35:00",GRIFSF1,1.499962
D,DISPATCH,UNIT_SCADA,1,"2022/10/20 06:35:00",HEZ1,0
D,DISPATCH,UNIT_SCADA,1,"2022/10/20 06:35:00",HUGSF1,0.5340
D,DISPATCH,UNIT_SCADA,1,"2022/10/20 06:35:00",KEPBG1,0.01
D,DISPATCH,UNIT_SCADA,1,"2022/10/20 06:35:00",LRSF1,1.3370
D,DISPATCH,UNIT_SCADA,1,"2022/10/20 06:35:00",MBAHNTH,47.868759
D,DISPATCH,UNIT_SCADA,1,"2022/10/20 06:35:00",MLSP1,1.920001
D,DISPATCH,UNIT_SCADA,1,"2022/10/20 06:35:00",MLWF1,1.50
D,DISPATCH,UNIT_SCADA,1,"2022/10/20 06:35:00",PALOONA,30.34
D,DISPATCH,UNIT_SCADA,1,"2022/10/20 06:35:00",PIONEER,40.600002
D,DISPATCH,UNIT_SCADA,1,"2022/10/20 06:35:00",PORTWF,43.700001
D,DISPATCH,UNIT_SCADA,1,"2022/10/20 06:35:00",REPULSE,9.340352
D,DISPATCH,UNIT_SCADA,1,"2022/10/20 06:35:00",ROWALLAN,8.8679
D,DISPATCH,UNIT_SCADA,1,"2022/10/20 06:35:00",ROYALLA1,2.853003
D,DISPATCH,UNIT_SCADA,1,"2022/10/20 06:35:00",RPCG,-1.20
D,DISPATCH,UNIT_SCADA,1,"2022/10/20 06:35:00",RUBICON,0
D,DISPATCH,UNIT_SCADA,1,"2022/10/20 06:35:00",WAUBRAWF,74.669998
D,DISPATCH,UNIT_SCADA,1,"2022/10/20 06:35:00",WOOLNTH1,21.43
D,DISPATCH,UNIT_SCADA,1,"2022/10/20 06:35:00",YAMBUKWF,5.40
D,DISPATCH,UNIT_SCADA,1,"2022/10/20 06:35:00",YSWF1,1
D,DISPATCH,UNIT_SCADA,1,"2022/10/20 06:35:00",ADPBA1G,0.0080
D,DISPATCH,UNIT_SCADA,1,"2022/10/20 06:35:00",ADPBA1L,0
D,DISPATCH,UNIT_SCADA,1,"2022/10/20 06:35:00",ADPPV1,1.2080
D,DISPATCH,UNIT_SCADA,1,"2022/10/20 06:35:00",AGLHAL,0
D,DISPATCH,UNIT_SCADA,1,"2022/10/20 06:35:00",AGLSOM,0
D,DISPATCH,UNIT_SCADA,1,"2022/10/20 06:35:00",ANGAST1,0
D,DISPATCH,UNIT_SCADA,1,"2022/10/20 06:35:00",ARWF1,6.20
D,DISPATCH,UNIT_SCADA,1,"2022/10/20 06:35:00",BALBG1,0
D,DISPATCH,UNIT_SCADA,1,"2022/10/20 06:35:00",BALBL1,0
D,DISPATCH,UNIT_SCADA,1,"2022/10/20 06:35:00",BALDHWF1,0
D,DISPATCH,UNIT_SCADA,1,"2022/10/20 06:35:00",BANGOWF1,48.899670
D,DISPATCH,UNIT_SCADA,1,"2022/10/20 06:35:00",BANGOWF2,48.299610
D,DISPATCH,UNIT_SCADA,1,"2022/10/20 06:35:00",BANN1,2.12
D,DISPATCH,UNIT_SCADA,1,"2022/10/20 06:35:00",BARCALDN,0
D,DISPATCH,UNIT_SCADA,1,"2022/10/20 06:35:00",BARKIPS1,0
D,DISPATCH,UNIT_SCADA,1,"2022/10/20 06:35:00",BARRON-1,28.04
D,DISPATCH,UNIT_SCADA,1,"2022/10/20 06:35:00",BARRON-2,0
D,DISPATCH,UNIT_SCADA,1,"2022/10/20 06:35:00",BASTYAN,53.03
D,DISPATCH,UNIT_SCADA,1,"2022/10/20 06:35:00",BBTHREE1,-1.20
D,DISPATCH,UNIT_SCADA,1,"2022/10/20 06:35:00",BBTHREE2,0
D,DISPATCH,UNIT_SCADA,1,"2022/10/20 06:35:00",BBTHREE3,0
D,DISPATCH,UNIT_SCADA,1,"2022/10/20 06:35:00",BDL01,0
D,DISPATCH,UNIT_SCADA,1,"2022/10/20 06:35:00",BDL02,0
D,DISPATCH,UNIT_SCADA,1,"2022/10/20 06:35:00",BERYLSF1,2.741360
D,DISPATCH,UNIT_SCADA,1,"2022/10/20 06:35:00",BLOWERNG,62.40
D,DISPATCH,UNIT_SCADA,1,"2022/10/20 06:35:00",BLUEGSF1,4.459260
D,DISPATCH,UNIT_SCADA,1,"2022/10/20 06:35:00",BLUFF1,2.90
D,DISPATCH,UNIT_SCADA,1,"2022/10/20 06:35:00",BNGSF1,1.35
D,DISPATCH,UNIT_SCADA,1,"2022/10/20 06:35:00",BNGSF2,1.45
D,DISPATCH,UNIT_SCADA,1,"2022/10/20 06:35:00",BOCORWF1,0
D,DISPATCH,UNIT_SCADA,1,"2022/10/20 06:35:00",BODWF1,109.040660
D,DISPATCH,UNIT_SCADA,1,"2022/10/20 06:35:00",BOMENSF1,39.589840
D,DISPATCH,UNIT_SCADA,1,"2022/10/20 06:35:00",BOWWBA1G,0
D,DISPATCH,UNIT_SCADA,1,"2022/10/20 06:35:00",BOWWBA1L,0.0040
D,DISPATCH,UNIT_SCADA,1,"2022/10/20 06:35:00",BOWWPV1,0
D,DISPATCH,UNIT_SCADA,1,"2022/10/20 06:35:00",BRAEMAR1,0
D,DISPATCH,UNIT_SCADA,1,"2022/10/20 06:35:00",BRAEMAR2,0
D,DISPATCH,UNIT_SCADA,1,"2022/10/20 06:35:00",BRAEMAR3,0
D,DISPATCH,UNIT_SCADA,1,"2022/10/20 06:35:00",BRAEMAR5,0.292060
D,DISPATCH,UNIT_SCADA,1,"2022/10/20 06:35:00",BRAEMAR6,0
D,DISPATCH,UNIT_SCADA,1,"2022/10/20 06:35:00",BRAEMAR7,0.130920
D,DISPATCH,UNIT_SCADA,1,"2022/10/20 06:35:00",BROKENH1,0
D,DISPATCH,UNIT_SCADA,1,"2022/10/20 06:35:00",BRYB1WF1,93.168530
D,DISPATCH,UNIT_SCADA,1,"2022/10/20 06:35:00",BULBESG1,0
D,DISPATCH,UNIT_SCADA,1,"2022/10/20 06:35:00",BULBESL1,0.02
D,DISPATCH,UNIT_SCADA,1,"2022/10/20 06:35:00",BULGANA1,55.01
D,DISPATCH,UNIT_SCADA,1,"2022/10/20 06:35:00",BW01,654.905030
D,DISPATCH,UNIT_SCADA,1,"2022/10/20 06:35:00",BW02,618.6496
D,DISPATCH,UNIT_SCADA,1,"2022/10/20 06:35:00",BW03,547.872130
D,DISPATCH,UNIT_SCADA,1,"2022/10/20 06:35:00",BW04,0
D,DISPATCH,UNIT_SCADA,1,"2022/10/20 06:35:00",CALL_B_1,319.300020
D,DISPATCH,UNIT_SCADA,1,"2022/10/20 06:35:00",CALL_B_2,319.700010
D,DISPATCH,UNIT_SCADA,1,"2022/10/20 06:35:00",CATHROCK,6.90
D,DISPATCH,UNIT_SCADA,1,"2022/10/20 06:35:00",CBWWBA1G,0
D,DISPATCH,UNIT_SCADA,1,"2022/10/20 06:35:00",CBWWBA1L,0
D,DISPATCH,UNIT_SCADA,1,"2022/10/20 06:35:00",CETHANA,97.765370
D,DISPATCH,UNIT_SCADA,1,"2022/10/20 06:35:00",CG1,0
D,DISPATCH,UNIT_SCADA,1,"2022/10/20 06:35:00",CG2,0
D,DISPATCH,UNIT_SCADA,1,"2022/10/20 06:35:00",CG3,0
D,DISPATCH,UNIT_SCADA,1,"2022/10/20 06:35:00",CG4,0
D,DISPATCH,UNIT_SCADA,1,"2022/10/20 06:35:00",CHILDSF1,3.57
D,DISPATCH,UNIT_SCADA,1,"2022/10/20 06:35:00",CHYTWF1,7.35
D,DISPATCH,UNIT_SCADA,1,"2022/10/20 06:35:00",CLARESF1,0
D,DISPATCH,UNIT_SCADA,1,"2022/10/20 06:35:00",CLEMGPWF,2.953430
D,DISPATCH,UNIT_SCADA,1,"2022/10/20 06:35:00",CLERMSF1,0
D,DISPATCH,UNIT_SCADA,1,"2022/10/20 06:35:00",CNUNDAWF,17.420320
D,DISPATCH,UNIT_SCADA,1,"2022/10/20 06:35:00",COHUNSF1,1.27
D,DISPATCH,UNIT_SCADA,1,"2022/10/20 06:35:00",COLEASF1,8.202110
D,DISPATCH,UNIT_SCADA,1,"2022/10/20 06:35:00",COLUMSF1,6.1450
D,DISPATCH,UNIT_SCADA,1,"2022/10/20 06:35:00",COLWF01,88.235290
D,DISPATCH,UNIT_SCADA,1,"2022/10/20 06:35:00",COOPGWF1,375.13
D,DISPATCH,UNIT_SCADA,1,"2022/10/20 06:35:00",CPP_3,358.600010
D,DISPATCH,UNIT_SCADA,1,"2022/10/20 06:35:00",CPP_4,0
D,DISPATCH,UNIT_SCADA,1,"2022/10/20 06:35:00",CPSA,0
D,DISPATCH,UNIT_SCADA,1,"2022/10/20 06:35:00",CROOKWF2,50.362710
D,DISPATCH,UNIT_SCADA,1,"2022/10/20 06:35:00",CROWLWF1,42.377220
D,DISPATCH,UNIT_SCADA,1,"2022/10/20 06:35:00",CRURWF1,79.499430
D,DISPATCH,UNIT_SCADA,1,"2022/10/20 06:35:00",CRWASF1,11.489790
D,DISPATCH,UNIT_SCADA,1,"2022/10/20 06:35:00",CSPVPS1,1.58
D,DISPATCH,UNIT_SCADA,1,"2022/10/20 06:35:00",CTHLWF1,0.003050
D,DISPATCH,UNIT_SCADA,1,"2022/10/20 06:35:00",DALNTH01,0
D,DISPATCH,UNIT_SCADA,1,"2022/10/20 06:35:00",DALNTHL1,6.007470
D,DISPATCH,UNIT_SCADA,1,"2022/10/20 06:35:00",DARLSF1,13.001240
D,DISPATCH,UNIT_SCADA,1,"2022/10/20 06:35:00",DARTM1,0
D,DISPATCH,UNIT_SCADA,1,"2022/10/20 06:35:00",DAYDSF1,0
D,DISPATCH,UNIT_SCADA,1,"2022/10/20 06:35:00",DDPS1,0
D,DISPATCH,UNIT_SCADA,1,"2022/10/20 06:35:00",DDSF1,3.483010
D,DISPATCH,UNIT_SCADA,1,"2022/10/20 06:35:00",DEVILS_G,59.638050
D,DISPATCH,UNIT_SCADA,1,"2022/10/20 06:35:00",DG_NSW1,0
D,DISPATCH,UNIT_SCADA,1,"2022/10/20 06:35:00",DG_QLD1,0
D,DISPATCH,UNIT_SCADA,1,"2022/10/20 06:35:00",DG_SA1,0
D,DISPATCH,UNIT_SCADA,1,"2022/10/20 06:35:00",DG_TAS1,0
D,DISPATCH,UNIT_SCADA,1,"2022/10/20 06:35:00",DG_VIC1,0
D,DISPATCH,UNIT_SCADA,1,"2022/10/20 06:35:00",DRYCGT1,0
D,DISPATCH,UNIT_SCADA,1,"2022/10/20 06:35:00",DRYCGT2,0
D,DISPATCH,UNIT_SCADA,1,"2022/10/20 06:35:00",DRYCGT3,0
D,DISPATCH,UNIT_SCADA,1,"2022/10/20 06:35:00",DUNDWF1,42.02
D,DISPATCH,UNIT_SCADA,1,"2022/10/20 06:35:00",DUNDWF2,10.65
D,DISPATCH,UNIT_SCADA,1,"2022/10/20 06:35:00",DUNDWF3,29.49
D,DISPATCH,UNIT_SCADA,1,"2022/10/20 06:35:00",EILDON1,60.12
D,DISPATCH,UNIT_SCADA,1,"2022/10/20 06:35:00",EILDON2,60.08
D,DISPATCH,UNIT_SCADA,1,"2022/10/20 06:35:00",ELAINWF1,22.69
D,DISPATCH,UNIT_SCADA,1,"2022/10/20 06:35:00",EMERASF1,0
D,DISPATCH,UNIT_SCADA,1,"2022/10/20 06:35:00",ER01,0
D,DISPATCH,UNIT_SCADA,1,"2022/10/20 06:35:00",ER02,677.5860
D,DISPATCH,UNIT_SCADA,1,"2022/10/20 06:35:00",ER03,676.511780
D,DISPATCH,UNIT_SCADA,1,"2022/10/20 06:35:00",ER04,684.641780
D,DISPATCH,UNIT_SCADA,1,"2022/10/20 06:35:00",FINLYSF1,47.165640
D,DISPATCH,UNIT_SCADA,1,"2022/10/20 06:35:00",FISHER,45.95
D,DISPATCH,UNIT_SCADA,1,"2022/10/20 06:35:00",GANGARR1,6.5550
D,DISPATCH,UNIT_SCADA,1,"2022/10/20 06:35:00",GANNBG1,14.848660
D,DISPATCH,UNIT_SCADA,1,"2022/10/20 06:35:00",GANNBL1,0
D,DISPATCH,UNIT_SCADA,1,"2022/10/20 06:35:00",GANNSF1,13.70
D,DISPATCH,UNIT_SCADA,1,"2022/10/20 06:35:00",GLRWNSF1,32
D,DISPATCH,UNIT_SCADA,1,"2022/10/20 06:35:00",GNNDHSF1,10.053330
D,DISPATCH,UNIT_SCADA,1,"2022/10/20 06:35:00",GOONSF1,1.002210
D,DISPATCH,UNIT_SCADA,1,"2022/10/20 06:35:00",GORDON,269.4313
D,DISPATCH,UNIT_SCADA,1,"2022/10/20 06:35:00",GRANWF1,16.08
D,DISPATCH,UNIT_SCADA,1,"2022/10/20 06:35:00",GSTONE1,201.95
D,DISPATCH,UNIT_SCADA,1,"2022/10/20 06:35:00",GSTONE2,0
D,DISPATCH,UNIT_SCADA,1,"2022/10/20 06:35:00",GSTONE3,199.849990
D,DISPATCH,UNIT_SCADA,1,"2022/10/20 06:35:00",GSTONE4,0
D,DISPATCH,UNIT_SCADA,1,"2022/10/20 06:35:00",GSTONE5,201.0750
D,DISPATCH,UNIT_SCADA,1,"2022/10/20 06:35:00",GSTONE6,201.599990
D,DISPATCH,UNIT_SCADA,1,"2022/10/20 06:35:00",GULLRSF1,0
D,DISPATCH,UNIT_SCADA,1,"2022/10/20 06:35:00",GULLRWF1,76.453850
D,DISPATCH,UNIT_SCADA,1,"2022/10/20 06:35:00",GULLRWF2,105.848780
D,DISPATCH,UNIT_SCADA,1,"2022/10/20 06:35:00",GUNNING1,0
D,DISPATCH,UNIT_SCADA,1,"2022/10/20 06:35:00",GUTHEGA,67.70
D,DISPATCH,UNIT_SCADA,1,"2022/10/20 06:35:00",HALLWF1,70.51
D,DISPATCH,UNIT_SCADA,1,"2022/10/20 06:35:00",HALLWF2,52.16
D,DISPATCH,UNIT_SCADA,1,"2022/10/20 06:35:00",HAMISF1,0
D,DISPATCH,UNIT_SCADA,1,"2022/10/20 06:35:00",HAUGHT11,10.941440
D,DISPATCH,UNIT_SCADA,1,"2022/10/20 06:35:00",HAYMSF1,0
D,DISPATCH,UNIT_SCADA,1,"2022/10/20 06:35:00",HDWF1,28.50
D,DISPATCH,UNIT_SCADA,1,"2022/10/20 06:35:00",HDWF2,15.10
D,DISPATCH,UNIT_SCADA,1,"2022/10/20 06:35:00",HDWF3,21.50
D,DISPATCH,UNIT_SCADA,1,"2022/10/20 06:35:00",HILLSTN1,0.985890
D,DISPATCH,UNIT_SCADA,1,"2022/10/20 06:35:00",HPRG1,0
D,DISPATCH,UNIT_SCADA,1,"2022/10/20 06:35:00",HPRL1,2
D,DISPATCH,UNIT_SCADA,1,"2022/10/20 06:35:00",HUMENSW,55.604190
D,DISPATCH,UNIT_SCADA,1,"2022/10/20 06:35:00",HUMEV,0
D,DISPATCH,UNIT_SCADA,1,"2022/10/20 06:35:00",HVWWBA1G,0
D,DISPATCH,UNIT_SCADA,1,"2022/10/20 06:35:00",HVWWBA1L,0.0060
D,DISPATCH,UNIT_SCADA,1,"2022/10/20 06:35:00",HVWWPV1,0.4640
D,DISPATCH,UNIT_SCADA,1,"2022/10/20 06:35:00",JBUTTERS,0
D,DISPATCH,UNIT_SCADA,1,"2022/10/20 06:35:00",JEMALNG1,0.03
D,DISPATCH,UNIT_SCADA,1,"2022/10/20 06:35:00",JLA01,0
D,DISPATCH,UNIT_SCADA,1,"2022/10/20 06:35:00",JLA02,0
D,DISPATCH,UNIT_SCADA,1,"2022/10/20 06:35:00",JLA03,0
D,DISPATCH,UNIT_SCADA,1,"2022/10/20 06:35:00",JLA04,0
D,DISPATCH,UNIT_SCADA,1,"2022/10/20 06:35:00",JLB01,0
D,DISPATCH,UNIT_SCADA,1,"2022/10/20 06:35:00",JLB02,0.10
D,DISPATCH,UNIT_SCADA,1,"2022/10/20 06:35:00",JLB03,0
D,DISPATCH,UNIT_SCADA,1,"2022/10/20 06:35:00",JUNEESF1,6.554620
D,DISPATCH,UNIT_SCADA,1,"2022/10/20 06:35:00",KABANWF1,1.5510
D,DISPATCH,UNIT_SCADA,1,"2022/10/20 06:35:00",KAREEYA1,17.95
D,DISPATCH,UNIT_SCADA,1,"2022/10/20 06:35:00",KAREEYA2,0
D,DISPATCH,UNIT_SCADA,1,"2022/10/20 06:35:00",KAREEYA3,21.3975
D,DISPATCH,UNIT_SCADA,1,"2022/10/20 06:35:00",KAREEYA4,0
D,DISPATCH,UNIT_SCADA,1,"2022/10/20 06:35:00",KARSF1,3.80
D,DISPATCH,UNIT_SCADA,1,"2022/10/20 06:35:00",KEPSF1,0.01
D,DISPATCH,UNIT_SCADA,1,"2022/10/20 06:35:00",KEPWF1,0
D,DISPATCH,UNIT_SCADA,1,"2022/10/20 06:35:00",KIAMSF1,2.719920
D,DISPATCH,UNIT_SCADA,1,"2022/10/20 06:35:00",KIATAWF1,31
D,DISPATCH,UNIT_SCADA,1,"2022/10/20 06:35:00",KPP_1,0
D,DISPATCH,UNIT_SCADA,1,"2022/10/20 06:35:00",KSP1,2.02
D,DISPATCH,UNIT_SCADA,1,"2022/10/20 06:35:00",LADBROK1,0.01
D,DISPATCH,UNIT_SCADA,1,"2022/10/20 06:35:00",LADBROK2,37.58
D,DISPATCH,UNIT_SCADA,1,"2022/10/20 06:35:00",LBBG1,0.60
D,DISPATCH,UNIT_SCADA,1,"2022/10/20 06:35:00",LBBL1,0
D,DISPATCH,UNIT_SCADA,1,"2022/10/20 06:35:00",LD01,320.938750
D,DISPATCH,UNIT_SCADA,1,"2022/10/20 06:35:00",LD02,0
D,DISPATCH,UNIT_SCADA,1,"2022/10/20 06:35:00",LD04,317.386380
D,DISPATCH,UNIT_SCADA,1,"2022/10/20 06:35:00",LEM_WIL,86.983550
D,DISPATCH,UNIT_SCADA,1,"2022/10/20 06:35:00",LGAPWF1,93.04
D,DISPATCH,UNIT_SCADA,1,"2022/10/20 06:35:00",LGAPWF2,62.70
D,DISPATCH,UNIT_SCADA,1,"2022/10/20 06:35:00",LILYSF1,0
D,DISPATCH,UNIT_SCADA,1,"2022/10/20 06:35:00",LIMOSF11,22.8661
D,DISPATCH,UNIT_SCADA,1,"2022/10/20 06:35:00",LIMOSF21,2.799330
D,DISPATCH,UNIT_SCADA,1,"2022/10/20 06:35:00",LI_WY_CA,76.786290
D,DISPATCH,UNIT_SCADA,1,"2022/10/20 06:35:00",LKBONNY1,0
D,DISPATCH,UNIT_SCADA,1,"2022/10/20 06:35:00",LKBONNY2,31.023480
D,DISPATCH,UNIT_SCADA,1,"2022/10/20 06:35:00",LKBONNY3,8.875710
D,DISPATCH,UNIT_SCADA,1,"2022/10/20 06:35:00",LK_ECHO,0
D,DISPATCH,UNIT_SCADA,1,"2022/10/20 06:35:00",LNGS1,0
D,DISPATCH,UNIT_SCADA,1,"2022/10/20 06:35:00",LNGS2,0
D,DISPATCH,UNIT_SCADA,1,"2022/10/20 06:35:00",LONSDALE,0
D,DISPATCH,UNIT_SCADA,1,"2022/10/20 06:35:00",LOYYB1,580.074710
D,DISPATCH,UNIT_SCADA,1,"2022/10/20 06:35:00",LOYYB2,574.059510
D,DISPATCH,UNIT_SCADA,1,"2022/10/20 06:35:00",LYA1,556
D,DISPATCH,UNIT_SCADA,1,"2022/10/20 06:35:00",LYA2,0
D,DISPATCH,UNIT_SCADA,1,"2022/10/20 06:35:00",LYA3,554
D,DISPATCH,UNIT_SCADA,1,"2022/10/20 06:35:00",LYA4,555
D,DISPATCH,UNIT_SCADA,1,"2022/10/20 06:35:00",MACARTH1,41.499040
D,DISPATCH,UNIT_SCADA,1,"2022/10/20 06:35:00",MACKNTSH,0
D,DISPATCH,UNIT_SCADA,1,"2022/10/20 06:35:00",MANSLR1,0
D,DISPATCH,UNIT_SCADA,1,"2022/10/20 06:35:00",MAPS2PV1,0
D,DISPATCH,UNIT_SCADA,1,"2022/10/20 06:35:00",MAPS3PV1,0
D,DISPATCH,UNIT_SCADA,1,"2022/10/20 06:35:00",MARYRSF1,1.97
D,DISPATCH,UNIT_SCADA,1,"2022/10/20 06:35:00",MBPS2PV1,0
D,DISPATCH,UNIT_SCADA,1,"2022/10/20 06:35:00",MCKAY1,238.024990
D,DISPATCH,UNIT_SCADA,1,"2022/10/20 06:35:00",MEADOWBK,19.634460
D,DISPATCH,UNIT_SCADA,1,"2022/10/20 06:35:00",MERCER01,23.20
D,DISPATCH,UNIT_SCADA,1,"2022/10/20 06:35:00",METZSF1,49.940380
D,DISPATCH,UNIT_SCADA,1,"2022/10/20 06:35:00",MEWF1,0
D,DISPATCH,UNIT_SCADA,1,"2022/10/20 06:35:00",MIDDLSF1,1.75
D,DISPATCH,UNIT_SCADA,1,"2022/10/20 06:35:00",MINTARO,0.128180
D,DISPATCH,UNIT_SCADA,1,"2022/10/20 06:35:00",MOLNGSF1,0.4065
D,DISPATCH,UNIT_SCADA,1,"2022/10/20 06:35:00",MOORAWF1,32
D,DISPATCH,UNIT_SCADA,1,"2022/10/20 06:35:00",MOREESF1,4.6620
D,DISPATCH,UNIT_SCADA,1,"2022/10/20 06:35:00",MORTLK11,0
D,DISPATCH,UNIT_SCADA,1,"2022/10/20 06:35:00",MORTLK12,0
D,DISPATCH,UNIT_SCADA,1,"2022/10/20 06:35:00",MOUSF1,0
D,DISPATCH,UNIT_SCADA,1,"2022/10/20 06:35:00",MP1,0
D,DISPATCH,UNIT_SCADA,1,"2022/10/20 06:35:00",MP2,546.822330
D,DISPATCH,UNIT_SCADA,1,"2022/10/20 06:35:00",MPP_1,175.771880
D,DISPATCH,UNIT_SCADA,1,"2022/10/20 06:35:00",MPP_2,0
D,DISPATCH,UNIT_SCADA,1,"2022/10/20 06:35:00",MRTLSWF1,0
D,DISPATCH,UNIT_SCADA,1,"2022/10/20 06:35:00",MSTUART1,0
D,DISPATCH,UNIT_SCADA,1,"2022/10/20 06:35:00",MSTUART2,0
D,DISPATCH,UNIT_SCADA,1,"2022/10/20 06:35:00",MSTUART3,0
D,DISPATCH,UNIT_SCADA,1,"2022/10/20 06:35:00",MTGELWF1,30.080570
D,DISPATCH,UNIT_SCADA,1,"2022/10/20 06:35:00",MTMILLAR,13.90
D,DISPATCH,UNIT_SCADA,1,"2022/10/20 06:35:00",MURRAY,112.600010
D,DISPATCH,UNIT_SCADA,1,"2022/10/20 06:35:00",MUSSELR1,16.50
D,DISPATCH,UNIT_SCADA,1,"2022/10/20 06:35:00",MUWAWF1,177.92
D,DISPATCH,UNIT_SCADA,1,"2022/10/20 06:35:00",MUWAWF2,174.399990
D,DISPATCH,UNIT_SCADA,1,"2022/10/20 06:35:00",MWPS1PV1,0.06
D,DISPATCH,UNIT_SCADA,1,"2022/10/20 06:35:00",MWPS2PV1,0.11
D,DISPATCH,UNIT_SCADA,1,"2022/10/20 06:35:00",MWPS3PV1,0
D,DISPATCH,UNIT_SCADA,1,"2022/10/20 06:35:00",MWPS4PV1,0.06
D,DISPATCH,UNIT_SCADA,1,"2022/10/20 06:35:00",NBHWF1,98.50
D,DISPATCH,UNIT_SCADA,1,"2022/10/20 06:35:00",NEVERSF1,2.76
D,DISPATCH,UNIT_SCADA,1,"2022/10/20 06:35:00",NPS,0
D,DISPATCH,UNIT_SCADA,1,"2022/10/20 06:35:00",NUMURSF1,31.57
D,DISPATCH,UNIT_SCADA,1,"2022/10/20 06:35:00",NYNGAN1,0
D,DISPATCH,UNIT_SCADA,1,"2022/10/20 06:35:00",OAKEY1,0
D,DISPATCH,UNIT_SCADA,1,"2022/10/20 06:35:00",OAKEY1SF,0.9840
D,DISPATCH,UNIT_SCADA,1,"2022/10/20 06:35:00",OAKEY2,0
D,DISPATCH,UNIT_SCADA,1,"2022/10/20 06:35:00",OAKEY2SF,1.82
D,DISPATCH,UNIT_SCADA,1,"2022/10/20 06:35:00",OAKLAND1,23.90
D,DISPATCH,UNIT_SCADA,1,"2022/10/20 06:35:00",OSB-AG,0
D,DISPATCH,UNIT_SCADA,1,"2022/10/20 06:35:00",PAREPS1,0.0660
D,DISPATCH,UNIT_SCADA,1,"2022/10/20 06:35:00",PAREPW1,91.49
D,DISPATCH,UNIT_SCADA,1,"2022/10/20 06:35:00",PARSF1,0.599680
D,DISPATCH,UNIT_SCADA,1,"2022/10/20 06:35:00",POAT110,0
D,DISPATCH,UNIT_SCADA,1,"2022/10/20 06:35:00",POAT220,0
D,DISPATCH,UNIT_SCADA,1,"2022/10/20 06:35:00",POR01,0
D,DISPATCH,UNIT_SCADA,1,"2022/10/20 06:35:00",POR03,0
D,DISPATCH,UNIT_SCADA,1,"2022/10/20 06:35:00",PPCCGT,172.881030
D,DISPATCH,UNIT_SCADA,1,"2022/10/20 06:35:00",PTSTAN1,0
D,DISPATCH,UNIT_SCADA,1,"2022/10/20 06:35:00",PUMP1,0
D,DISPATCH,UNIT_SCADA,1,"2022/10/20 06:35:00",PUMP2,0
D,DISPATCH,UNIT_SCADA,1,"2022/10/20 06:35:00",QBYNBG1,0.0035
D,DISPATCH,UNIT_SCADA,1,"2022/10/20 06:35:00",QBYNBL1,0
D,DISPATCH,UNIT_SCADA,1,"2022/10/20 06:35:00",QPS1,0
D,DISPATCH,UNIT_SCADA,1,"2022/10/20 06:35:00",QPS2,0
D,DISPATCH,UNIT_SCADA,1,"2022/10/20 06:35:00",QPS3,0
D,DISPATCH,UNIT_SCADA,1,"2022/10/20 06:35:00",QPS4,0
D,DISPATCH,UNIT_SCADA,1,"2022/10/20 06:35:00",QPS5,74.74
D,DISPATCH,UNIT_SCADA,1,"2022/10/20 06:35:00",REECE1,44.327530
D,DISPATCH,UNIT_SCADA,1,"2022/10/20 06:35:00",REECE2,46.68
D,DISPATCH,UNIT_SCADA,1,"2022/10/20 06:35:00",ROMA_7,0
D,DISPATCH,UNIT_SCADA,1,"2022/10/20 06:35:00",ROMA_8,0
D,DISPATCH,UNIT_SCADA,1,"2022/10/20 06:35:00",RRSF1,26.1924
D,DISPATCH,UNIT_SCADA,1,"2022/10/20 06:35:00",RT_NSW1,0
D,DISPATCH,UNIT_SCADA,1,"2022/10/20 06:35:00",RT_NSW2,0
D,DISPATCH,UNIT_SCADA,1,"2022/10/20 06:35:00",RT_NSW3,0
D,DISPATCH,UNIT_SCADA,1,"2022/10/20 06:35:00",RT_NSW4,0
D,DISPATCH,UNIT_SCADA,1,"2022/10/20 06:35:00",RT_NSW5,0
D,DISPATCH,UNIT_SCADA,1,"2022/10/20 06:35:00",RT_NSW6,0
D,DISPATCH,UNIT_SCADA,1,"2022/10/20 06:35:00",RT_QLD1,0
D,DISPATCH,UNIT_SCADA,1,"2022/10/20 06:35:00",RT_SA1,0
D,DISPATCH,UNIT_SCADA,1,"2022/10/20 06:35:00",RT_SA2,0
D,DISPATCH,UNIT_SCADA,1,"2022/10/20 06:35:00",RT_SA3,0
D,DISPATCH,UNIT_SCADA,1,"2022/10/20 06:35:00",RT_SA4,0
D,DISPATCH,UNIT_SCADA,1,"2022/10/20 06:35:00",RT_SA5,0
D,DISPATCH,UNIT_SCADA,1,"2022/10/20 06:35:00",RT_SA6,0
D,DISPATCH,UNIT_SCADA,1,"2022/10/20 06:35:00",RT_TAS1,0
D,DISPATCH,UNIT_SCADA,1,"2022/10/20 06:35:00",RT_VIC1,0
D,DISPATCH,UNIT_SCADA,1,"2022/10/20 06:35:00",RT_VIC10,0
D,DISPATCH,UNIT_SCADA,1,"2022/10/20 06:35:00",RT_VIC11,0
D,DISPATCH,UNIT_SCADA,1,"2022/10/20 06:35:00",RT_VIC12,0
D,DISPATCH,UNIT_SCADA,1,"2022/10/20 06:35:00",RT_VIC2,0
D,DISPATCH,UNIT_SCADA,1,"2022/10/20 06:35:00",RT_VIC3,0
D,DISPATCH,UNIT_SCADA,1,"2022/10/20 06:35:00",RT_VIC4,0
D,DISPATCH,UNIT_SCADA,1,"2022/10/20 06:35:00",RT_VIC5,0
D,DISPATCH,UNIT_SCADA,1,"2022/10/20 06:35:00",RT_VIC6,0
D,DISPATCH,UNIT_SCADA,1,"2022/10/20 06:35:00",RT_VIC7,0
D,DISPATCH,UNIT_SCADA,1,"2022/10/20 06:35:00",RT_VIC8,0
D,DISPATCH,UNIT_SCADA,1,"2022/10/20 06:35:00",RT_VIC9,0
D,DISPATCH,UNIT_SCADA,1,"2022/10/20 06:35:00",RUGBYR1,3.099260
D,DISPATCH,UNIT_SCADA,1,"2022/10/20 06:35:00",SALTCRK1,8.87
D,DISPATCH,UNIT_SCADA,1,"2022/10/20 06:35:00",SAPHWF1,167.100020
D,DISPATCH,UNIT_SCADA,1,"2022/10/20 06:35:00",SEBSF1,30.9194
D,DISPATCH,UNIT_SCADA,1,"2022/10/20 06:35:00",SHGEN,78.499040
D,DISPATCH,UNIT_SCADA,1,"2022/10/20 06:35:00",SHPUMP,0
D,DISPATCH,UNIT_SCADA,1,"2022/10/20 06:35:00",SITHE01,0.123710
D,DISPATCH,UNIT_SCADA,1,"2022/10/20 06:35:00",SMCSF1,9.0740
D,DISPATCH,UNIT_SCADA,1,"2022/10/20 06:35:00",SNAPPER1,0
D,DISPATCH,UNIT_SCADA,1,"2022/10/20 06:35:00",SNOWNTH1,139.80
D,DISPATCH,UNIT_SCADA,1,"2022/10/20 06:35:00",SNOWSTH1,121.60
D,DISPATCH,UNIT_SCADA,1,"2022/10/20 06:35:00",SNOWTWN1,79.785160
D,DISPATCH,UNIT_SCADA,1,"2022/10/20 06:35:00",SNOWYP,0
D,DISPATCH,UNIT_SCADA,1,"2022/10/20 06:35:00",SNUG1,0
D,DISPATCH,UNIT_SCADA,1,"2022/10/20 06:35:00",SRSF1,4.06
D,DISPATCH,UNIT_SCADA,1,"2022/10/20 06:35:00",STAN-1,278.9538
D,DISPATCH,UNIT_SCADA,1,"2022/10/20 06:35:00",STAN-2,364.269070
D,DISPATCH,UNIT_SCADA,1,"2022/10/20 06:35:00",STAN-3,217.735960
D,DISPATCH,UNIT_SCADA,1,"2022/10/20 06:35:00",STAN-4,363.692260
D,DISPATCH,UNIT_SCADA,1,"2022/10/20 06:35:00",STARHLWF,1.399590
D,DISPATCH,UNIT_SCADA,1,"2022/10/20 06:35:00",STOCKYD1,263.989990
D,DISPATCH,UNIT_SCADA,1,"2022/10/20 06:35:00",STWF1,39.908450
D,DISPATCH,UNIT_SCADA,1,"2022/10/20 06:35:00",SUNRSF1,15.797670
D,DISPATCH,UNIT_SCADA,1,"2022/10/20 06:35:00",SUNTPSF1,6.105440
D,DISPATCH,UNIT_SCADA,1,"2022/10/20 06:35:00",SWAN_E,243.654390
D,DISPATCH,UNIT_SCADA,1,"2022/10/20 06:35:00",TALWA1,0
D,DISPATCH,UNIT_SCADA,1,"2022/10/20 06:35:00",TARALGA1,0
D,DISPATCH,UNIT_SCADA,1,"2022/10/20 06:35:00",TARONG#1,348.700010
D,DISPATCH,UNIT_SCADA,1,"2022/10/20 06:35:00",TARONG#2,348.50
D,DISPATCH,UNIT_SCADA,1,"2022/10/20 06:35:00",TARONG#3,0.90
D,DISPATCH,UNIT_SCADA,1,"2022/10/20 06:35:00",TARONG#4,294.399990
D,DISPATCH,UNIT_SCADA,1,"2022/10/20 06:35:00",TARRALEA,54
D,DISPATCH,UNIT_SCADA,1,"2022/10/20 06:35:00",TBSF1,1.90
D,DISPATCH,UNIT_SCADA,1,"2022/10/20 06:35:00",TNPS1,441.0625
D,DISPATCH,UNIT_SCADA,1,"2022/10/20 06:35:00",TORRB1,0
D,DISPATCH,UNIT_SCADA,1,"2022/10/20 06:35:00",TORRB2,40
D,DISPATCH,UNIT_SCADA,1,"2022/10/20 06:35:00",TORRB3,0
D,DISPATCH,UNIT_SCADA,1,"2022/10/20 06:35:00",TORRB4,0
D,DISPATCH,UNIT_SCADA,1,"2022/10/20 06:35:00",TREVALLN,98.720780
D,DISPATCH,UNIT_SCADA,1,"2022/10/20 06:35:00",TRIBUTE,0
D,DISPATCH,UNIT_SCADA,1,"2022/10/20 06:35:00",TUMUT3,0
D,DISPATCH,UNIT_SCADA,1,"2022/10/20 06:35:00",TUNGATIN,4.530010
D,DISPATCH,UNIT_SCADA,1,"2022/10/20 06:35:00",TVCC201,0
D,DISPATCH,UNIT_SCADA,1,"2022/10/20 06:35:00",TVPP104,30.026830
D,DISPATCH,UNIT_SCADA,1,"2022/10/20 06:35:00",UPPTUMUT,0
D,DISPATCH,UNIT_SCADA,1,"2022/10/20 06:35:00",URANQ11,0
D,DISPATCH,UNIT_SCADA,1,"2022/10/20 06:35:00",URANQ12,0
D,DISPATCH,UNIT_SCADA,1,"2022/10/20 06:35:00",URANQ13,0
D,DISPATCH,UNIT_SCADA,1,"2022/10/20 06:35:00",URANQ14,0
D,DISPATCH,UNIT_SCADA,1,"2022/10/20 06:35:00",VBBG1,208.70
D,DISPATCH,UNIT_SCADA,1,"2022/10/20 06:35:00",VBBL1,0
D,DISPATCH,UNIT_SCADA,1,"2022/10/20 06:35:00",VP5,589.568790
D,DISPATCH,UNIT_SCADA,1,"2022/10/20 06:35:00",VP6,587.6156
D,DISPATCH,UNIT_SCADA,1,"2022/10/20 06:35:00",VPGS1,0
D,DISPATCH,UNIT_SCADA,1,"2022/10/20 06:35:00",VPGS2,0
D,DISPATCH,UNIT_SCADA,1,"2022/10/20 06:35:00",VPGS3,0
D,DISPATCH,UNIT_SCADA,1,"2022/10/20 06:35:00",VPGS4,0
D,DISPATCH,UNIT_SCADA,1,"2022/10/20 06:35:00",VPGS5,0
D,DISPATCH,UNIT_SCADA,1,"2022/10/20 06:35:00",VPGS6,0
D,DISPATCH,UNIT_SCADA,1,"2022/10/20 06:35:00",W/HOE#1,0
D,DISPATCH,UNIT_SCADA,1,"2022/10/20 06:35:00",W/HOE#2,0
D,DISPATCH,UNIT_SCADA,1,"2022/10/20 06:35:00",WAGGNSF1,0
D,DISPATCH,UNIT_SCADA,1,"2022/10/20 06:35:00",WALGRVG1,2.188310
D,DISPATCH,UNIT_SCADA,1,"2022/10/20 06:35:00",WALGRVL1,0
D,DISPATCH,UNIT_SCADA,1,"2022/10/20 06:35:00",WANDBG1,0
D,DISPATCH,UNIT_SCADA,1,"2022/10/20 06:35:00",WANDBL1,0
D,DISPATCH,UNIT_SCADA,1,"2022/10/20 06:35:00",WARWSF1,2.32
D,DISPATCH,UNIT_SCADA,1,"2022/10/20 06:35:00",WARWSF2,2.19
D,DISPATCH,UNIT_SCADA,1,"2022/10/20 06:35:00",WATERLWF,60.30
D,DISPATCH,UNIT_SCADA,1,"2022/10/20 06:35:00",WDGPH1,5.1370
D,DISPATCH,UNIT_SCADA,1,"2022/10/20 06:35:00",WELLSF1,10.244910
D,DISPATCH,UNIT_SCADA,1,"2022/10/20 06:35:00",WEMENSF1,2.60
D,DISPATCH,UNIT_SCADA,1,"2022/10/20 06:35:00",WGWF1,113.60
D,DISPATCH,UNIT_SCADA,1,"2022/10/20 06:35:00",WHITSF1,0
D,DISPATCH,UNIT_SCADA,1,"2022/10/20 06:35:00",WINTSF1,19.86
D,DISPATCH,UNIT_SCADA,1,"2022/10/20 06:35:00",WKIEWA1,33.90
D,DISPATCH,UNIT_SCADA,1,"2022/10/20 06:35:00",WKIEWA2,33.90
D,DISPATCH,UNIT_SCADA,1,"2022/10/20 06:35:00",WOODLWN1,27.523370
D,DISPATCH,UNIT_SCADA,1,"2022/10/20 06:35:00",WOOLGSF1,5.235710
D,DISPATCH,UNIT_SCADA,1,"2022/10/20 06:35:00",WPWF,50.39
D,DISPATCH,UNIT_SCADA,1,"2022/10/20 06:35:00",WRSF1,1.180460
D,DISPATCH,UNIT_SCADA,1,"2022/10/20 06:35:00",WRWF1,89.480740
D,DISPATCH,UNIT_SCADA,1,"2022/10/20 06:35:00",WSTWYSF1,0
D,DISPATCH,UNIT_SCADA,1,"2022/10/20 06:35:00",YABULU,0
D,DISPATCH,UNIT_SCADA,1,"2022/10/20 06:35:00",YABULU2,0
D,DISPATCH,UNIT_SCADA,1,"2022/10/20 06:35:00",YARANSF1,5.83
D,DISPATCH,UNIT_SCADA,1,"2022/10/20 06:35:00",YARWUN_1,131.12
D,DISPATCH,UNIT_SCADA,1,"2022/10/20 06:35:00",YATSF1,3.31
D,DISPATCH,UNIT_SCADA,1,"2022/10/20 06:35:00",YENDWF1,36.34
D,DISPATCH,UNIT_SCADA,1,"2022/10/20 06:35:00",YWPS1,364.911410
D,DISPATCH,UNIT_SCADA,1,"2022/10/20 06:35:00",YWPS2,289.220250
D,DISPATCH,UNIT_SCADA,1,"2022/10/20 06:35:00",YWPS3,359.106320
D,DISPATCH,UNIT_SCADA,1,"2022/10/20 06:35:00",YWPS4,0
C,"END OF REPORT",419
