C,NEMP.WORLD,DISPATCHSCADA,AEMO,PUBLIC,2022/10/20,14:55:09,0000000373262183,DISPATCHSCADA,0000000373262177
I,DISPATCH,UNIT_SCADA,1,SETTLEMENTDATE,DUID,SCADAVALUE
D,DISPATCH,UNIT_SCADA,1,"2022/10/20 15:00:00",BARCSF1,0.20
D,DISPATCH,UNIT_SCADA,1,"2022/10/20 15:00:00",BUTLERSG,8.699999
D,DISPATCH,UNIT_SCADA,1,"2022/10/20 15:00:00",CAPTL_WF,72.348763
D,DISPATCH,UNIT_SCADA,1,"2022/10/20 15:00:00",CHALLHWF,11.299999
D,DISPATCH,UNIT_SCADA,1,"2022/10/20 15:00:00",CLOVER,10.51
D,DISPATCH,UNIT_SCADA,1,"2022/10/20 15:00:00",CLUNY,6.219730
D,DISPATCH,UNIT_SCADA,1,"2022/10/20 15:00:00",CULLRGWF,-0.04
D,DISPATCH,UNIT_SCADA,1,"2022/10/20 15:00:00",DIAPURWF1,6
D,DISPATCH,UNIT_SCADA,1,"2022/10/20 15:00:00",ERGT01,0
D,DISPATCH,UNIT_SCADA,1,"2022/10/20 15:00:00",GB01,0
D,DISPATCH,UNIT_SCADA,1,"2022/10/20 15:00:00",GERMCRK,22
D,DISPATCH,UNIT_SCADA,1,"2022/10/20 15:00:00",GRIFSF1,2.400244
D,DISPATCH,UNIT_SCADA,1,"2022/10/20 15:00:00",HEZ1,0
D,DISPATCH,UNIT_SCADA,1,"2022/10/20 15:00:00",HUGSF1,3.9050
D,DISPATCH,UNIT_SCADA,1,"2022/10/20 15:00:00",KEPBG1,0
D,DISPATCH,UNIT_SCADA,1,"2022/10/20 15:00:00",LRSF1,12.9280
D,DISPATCH,UNIT_SCADA,1,"2022/10/20 15:00:00",MBAHNTH,43.256241
D,DISPATCH,UNIT_SCADA,1,"2022/10/20 15:00:00",MLSP1,3.310001
D,DISPATCH,UNIT_SCADA,1,"2022/10/20 15:00:00",MLWF1,5.3250
D,DISPATCH,UNIT_SCADA,1,"2022/10/20 15:00:00",PALOONA,30.32
D,DISPATCH,UNIT_SCADA,1,"2022/10/20 15:00:00",PIONEER,42.900002
D,DISPATCH,UNIT_SCADA,1,"2022/10/20 15:00:00",PORTWF,50.200001
D,DISPATCH,UNIT_SCADA,1,"2022/10/20 15:00:00",REPULSE,9.518578
D,DISPATCH,UNIT_SCADA,1,"2022/10/20 15:00:00",ROWALLAN,8.7330
D,DISPATCH,UNIT_SCADA,1,"2022/10/20 15:00:00",ROYALLA1,4.736003
D,DISPATCH,UNIT_SCADA,1,"2022/10/20 15:00:00",RPCG,-1.80
D,DISPATCH,UNIT_SCADA,1,"2022/10/20 15:00:00",RUBICON,0
D,DISPATCH,UNIT_SCADA,1,"2022/10/20 15:00:00",WAUBRAWF,60.400002
D,DISPATCH,UNIT_SCADA,1,"2022/10/20 15:00:00",WOOLNTH1,95.199997
D,DISPATCH,UNIT_SCADA,1,"2022/10/20 15:00:00",YAMBUKWF,4.80
D,DISPATCH,UNIT_SCADA,1,"2022/10/20 15:00:00",YSWF1,2.30
D,DISPATCH,UNIT_SCADA,1,"2022/10/20 15:00:00",ADPBA1G,0.0080
D,DISPATCH,UNIT_SCADA,1,"2022/10/20 15:00:00",ADPBA1L,0
D,DISPATCH,UNIT_SCADA,1,"2022/10/20 15:00:00",ADPPV1,8.8020
D,DISPATCH,UNIT_SCADA,1,"2022/10/20 15:00:00",AGLHAL,0
D,DISPATCH,UNIT_SCADA,1,"2022/10/20 15:00:00",AGLSOM,0
D,DISPATCH,UNIT_SCADA,1,"2022/10/20 15:00:00",ANGAST1,0
D,DISPATCH,UNIT_SCADA,1,"2022/10/20 15:00:00",ARWF1,6.50
D,DISPATCH,UNIT_SCADA,1,"2022/10/20 15:00:00",BALBG1,0
D,DISPATCH,UNIT_SCADA,1,"2022/10/20 15:00:00",BALBL1,0
D,DISPATCH,UNIT_SCADA,1,"2022/10/20 15:00:00",BALDHWF1,91.9670
D,DISPATCH,UNIT_SCADA,1,"2022/10/20 15:00:00",BANGOWF1,27.595640
D,DISPATCH,UNIT_SCADA,1,"2022/10/20 15:00:00",BANGOWF2,25
D,DISPATCH,UNIT_SCADA,1,"2022/10/20 15:00:00",BANN1,8.61
D,DISPATCH,UNIT_SCADA,1,"2022/10/20 15:00:00",BARCALDN,0
D,DISPATCH,UNIT_SCADA,1,"2022/10/20 15:00:00",BARKIPS1,0
D,DISPATCH,UNIT_SCADA,1,"2022/10/20 15:00:00",BARRON-1,24.60
D,DISPATCH,UNIT_SCADA,1,"2022/10/20 15:00:00",BARRON-2,0
D,DISPATCH,UNIT_SCADA,1,"2022/10/20 15:00:00",BASTYAN,52.62
D,DISPATCH,UNIT_SCADA,1,"2022/10/20 15:00:00",BBTHREE1,0
D,DISPATCH,UNIT_SCADA,1,"2022/10/20 15:00:00",BBTHREE2,0
D,DISPATCH,UNIT_SCADA,1,"2022/10/20 15:00:00",BBTHREE3,-1
D,DISPATCH,UNIT_SCADA,1,"2022/10/20 15:00:00",BDL01,0
D,DISPATCH,UNIT_SCADA,1,"2022/10/20 15:00:00",BDL02,0
D,DISPATCH,UNIT_SCADA,1,"2022/10/20 15:00:00",BERYLSF1,0.211080
D,DISPATCH,UNIT_SCADA,1,"2022/10/20 15:00:00",BLOWERNG,62.50
D,DISPATCH,UNIT_SCADA,1,"2022/10/20 15:00:00",BLUEGSF1,24.737790
D,DISPATCH,UNIT_SCADA,1,"2022/10/20 15:00:00",BLUFF1,0.40
D,DISPATCH,UNIT_SCADA,1,"2022/10/20 15:00:00",BNGSF1,22.47
D,DISPATCH,UNIT_SCADA,1,"2022/10/20 15:00:00",BNGSF2,18.82
D,DISPATCH,UNIT_SCADA,1,"2022/10/20 15:00:00",BOCORWF1,67.76
D,DISPATCH,UNIT_SCADA,1,"2022/10/20 15:00:00",BODWF1,56.282840
D,DISPATCH,UNIT_SCADA,1,"2022/10/20 15:00:00",BOMENSF1,21.311970
D,DISPATCH,UNIT_SCADA,1,"2022/10/20 15:00:00",BOWWBA1G,0
D,DISPATCH,UNIT_SCADA,1,"2022/10/20 15:00:00",BOWWBA1L,0.0010
D,DISPATCH,UNIT_SCADA,1,"2022/10/20 15:00:00",BOWWPV1,0
D,DISPATCH,UNIT_SCADA,1,"2022/10/20 15:00:00",BRAEMAR1,0
D,DISPATCH,UNIT_SCADA,1,"2022/10/20 15:00:00",BRAEMAR2,0
D,DISPATCH,UNIT_SCADA,1,"2022/10/20 15:00:00",BRAEMAR3,0
D,DISPATCH,UNIT_SCADA,1,"2022/10/20 15:00:00",BRAEMAR5,0.292060
D,DISPATCH,UNIT_SCADA,1,"2022/10/20 15:00:00",BRAEMAR6,0
D,DISPATCH,UNIT_SCADA,1,"2022/10/20 15:00:00",BRAEMAR7,139.614270
D,DISPATCH,UNIT_SCADA,1,"2022/10/20 15:00:00",BROKENH1,20.199690
D,DISPATCH,UNIT_SCADA,1,"2022/10/20 15:00:00",BRYB1WF1,74.3267
D,DISPATCH,UNIT_SCADA,1,"2022/10/20 15:00:00",BULBESG1,0
D,DISPATCH,UNIT_SCADA,1,"2022/10/20 15:00:00",BULBESL1,1.99
D,DISPATCH,UNIT_SCADA,1,"2022/10/20 15:00:00",BULGANA1,6.34
D,DISPATCH,UNIT_SCADA,1,"2022/10/20 15:00:00",BW01,659.348450
D,DISPATCH,UNIT_SCADA,1,"2022/10/20 15:00:00",BW02,619.308780
D,DISPATCH,UNIT_SCADA,1,"2022/10/20 15:00:00",BW03,564.962220
D,DISPATCH,UNIT_SCADA,1,"2022/10/20 15:00:00",BW04,0
D,DISPATCH,UNIT_SCADA,1,"2022/10/20 15:00:00",CALL_B_1,320.700010
D,DISPATCH,UNIT_SCADA,1,"2022/10/20 15:00:00",CALL_B_2,319.700010
D,DISPATCH,UNIT_SCADA,1,"2022/10/20 15:00:00",CATHROCK,7.10
D,DISPATCH,UNIT_SCADA,1,"2022/10/20 15:00:00",CBWWBA1G,0
D,DISPATCH,UNIT_SCADA,1,"2022/10/20 15:00:00",CBWWBA1L,0
D,DISPATCH,UNIT_SCADA,1,"2022/10/20 15:00:00",CETHANA,89.502620
D,DISPATCH,UNIT_SCADA,1,"2022/10/20 15:00:00",CG1,0
D,DISPATCH,UNIT_SCADA,1,"2022/10/20 15:00:00",CG2,0
D,DISPATCH,UNIT_SCADA,1,"2022/10/20 15:00:00",CG3,0
D,DISPATCH,UNIT_SCADA,1,"2022/10/20 15:00:00",CG4,0
D,DISPATCH,UNIT_SCADA,1,"2022/10/20 15:00:00",CHILDSF1,7.60
D,DISPATCH,UNIT_SCADA,1,"2022/10/20 15:00:00",CHYTWF1,10.91
D,DISPATCH,UNIT_SCADA,1,"2022/10/20 15:00:00",CLARESF1,21.675010
D,DISPATCH,UNIT_SCADA,1,"2022/10/20 15:00:00",CLEMGPWF,0
D,DISPATCH,UNIT_SCADA,1,"2022/10/20 15:00:00",CLERMSF1,34.50
D,DISPATCH,UNIT_SCADA,1,"2022/10/20 15:00:00",CNUNDAWF,7.608880
D,DISPATCH,UNIT_SCADA,1,"2022/10/20 15:00:00",COHUNSF1,9.05
D,DISPATCH,UNIT_SCADA,1,"2022/10/20 15:00:00",COLEASF1,26.899750
D,DISPATCH,UNIT_SCADA,1,"2022/10/20 15:00:00",COLUMSF1,32.1210
D,DISPATCH,UNIT_SCADA,1,"2022/10/20 15:00:00",COLWF01,93.0251
D,DISPATCH,UNIT_SCADA,1,"2022/10/20 15:00:00",COOPGWF1,269.53
D,DISPATCH,UNIT_SCADA,1,"2022/10/20 15:00:00",CPP_3,359.425020
D,DISPATCH,UNIT_SCADA,1,"2022/10/20 15:00:00",CPP_4,0
D,DISPATCH,UNIT_SCADA,1,"2022/10/20 15:00:00",CPSA,0
D,DISPATCH,UNIT_SCADA,1,"2022/10/20 15:00:00",CROOKWF2,33.963530
D,DISPATCH,UNIT_SCADA,1,"2022/10/20 15:00:00",CROWLWF1,0
D,DISPATCH,UNIT_SCADA,1,"2022/10/20 15:00:00",CRURWF1,18.4992
D,DISPATCH,UNIT_SCADA,1,"2022/10/20 15:00:00",CRWASF1,24.951810
D,DISPATCH,UNIT_SCADA,1,"2022/10/20 15:00:00",CSPVPS1,4.33
D,DISPATCH,UNIT_SCADA,1,"2022/10/20 15:00:00",CTHLWF1,0.003050
D,DISPATCH,UNIT_SCADA,1,"2022/10/20 15:00:00",DALNTH01,0
D,DISPATCH,UNIT_SCADA,1,"2022/10/20 15:00:00",DALNTHL1,0.032040
D,DISPATCH,UNIT_SCADA,1,"2022/10/20 15:00:00",DARLSF1,57.973720
D,DISPATCH,UNIT_SCADA,1,"2022/10/20 15:00:00",DARTM1,0
D,DISPATCH,UNIT_SCADA,1,"2022/10/20 15:00:00",DAYDSF1,16.6630
D,DISPATCH,UNIT_SCADA,1,"2022/10/20 15:00:00",DDPS1,0
D,DISPATCH,UNIT_SCADA,1,"2022/10/20 15:00:00",DDSF1,17.845250
D,DISPATCH,UNIT_SCADA,1,"2022/10/20 15:00:00",DEVILS_G,60.106820
D,DISPATCH,UNIT_SCADA,1,"2022/10/20 15:00:00",DG_NSW1,0
D,DISPATCH,UNIT_SCADA,1,"2022/10/20 15:00:00",DG_QLD1,0
D,DISPATCH,UNIT_SCADA,1,"2022/10/20 15:00:00",DG_SA1,0
D,DISPATCH,UNIT_SCADA,1,"2022/10/20 15:00:00",DG_TAS1,0
D,DISPATCH,UNIT_SCADA,1,"2022/10/20 15:00:00",DG_VIC1,0
D,DISPATCH,UNIT_SCADA,1,"2022/10/20 15:00:00",DRYCGT1,0
D,DISPATCH,UNIT_SCADA,1,"2022/10/20 15:00:00",DRYCGT2,0
D,DISPATCH,UNIT_SCADA,1,"2022/10/20 15:00:00",DRYCGT3,0
D,DISPATCH,UNIT_SCADA,1,"2022/10/20 15:00:00",DUNDWF1,64.74
D,DISPATCH,UNIT_SCADA,1,"2022/10/20 15:00:00",DUNDWF2,15.73
D,DISPATCH,UNIT_SCADA,1,"2022/10/20 15:00:00",DUNDWF3,49.42
D,DISPATCH,UNIT_SCADA,1,"2022/10/20 15:00:00",EILDON1,60.12
D,DISPATCH,UNIT_SCADA,1,"2022/10/20 15:00:00",EILDON2,60.08
D,DISPATCH,UNIT_SCADA,1,"2022/10/20 15:00:00",ELAINWF1,16.66
D,DISPATCH,UNIT_SCADA,1,"2022/10/20 15:00:00",EMERASF1,0
D,DISPATCH,UNIT_SCADA,1,"2022/10/20 15:00:00",ER01,0
D,DISPATCH,UNIT_SCADA,1,"2022/10/20 15:00:00",ER02,558.004150
D,DISPATCH,UNIT_SCADA,1,"2022/10/20 15:00:00",ER03,557.222840
D,DISPATCH,UNIT_SCADA,1,"2022/10/20 15:00:00",ER04,556.710140
D,DISPATCH,UNIT_SCADA,1,"2022/10/20 15:00:00",FINLYSF1,88.999770
D,DISPATCH,UNIT_SCADA,1,"2022/10/20 15:00:00",FISHER,43.95
D,DISPATCH,UNIT_SCADA,1,"2022/10/20 15:00:00",GANGARR1,0
D,DISPATCH,UNIT_SCADA,1,"2022/10/20 15:00:00",GANNBG1,0
D,DISPATCH,UNIT_SCADA,1,"2022/10/20 15:00:00",GANNBL1,4.751440
D,DISPATCH,UNIT_SCADA,1,"2022/10/20 15:00:00",GANNSF1,32.40
D,DISPATCH,UNIT_SCADA,1,"2022/10/20 15:00:00",GLRWNSF1,92.22
D,DISPATCH,UNIT_SCADA,1,"2022/10/20 15:00:00",GNNDHSF1,34.0222
D,DISPATCH,UNIT_SCADA,1,"2022/10/20 15:00:00",GOONSF1,42.973070
D,DISPATCH,UNIT_SCADA,1,"2022/10/20 15:00:00",GORDON,199.066010
D,DISPATCH,UNIT_SCADA,1,"2022/10/20 15:00:00",GRANWF1,0
D,DISPATCH,UNIT_SCADA,1,"2022/10/20 15:00:00",GSTONE1,200.724990
D,DISPATCH,UNIT_SCADA,1,"2022/10/20 15:00:00",GSTONE2,0
D,DISPATCH,UNIT_SCADA,1,"2022/10/20 15:00:00",GSTONE3,200.024990
D,DISPATCH,UNIT_SCADA,1,"2022/10/20 15:00:00",GSTONE4,0
D,DISPATCH,UNIT_SCADA,1,"2022/10/20 15:00:00",GSTONE5,186.024990
D,DISPATCH,UNIT_SCADA,1,"2022/10/20 15:00:00",GSTONE6,200.55
D,DISPATCH,UNIT_SCADA,1,"2022/10/20 15:00:00",GULLRSF1,2.164970
D,DISPATCH,UNIT_SCADA,1,"2022/10/20 15:00:00",GULLRWF1,71.333910
D,DISPATCH,UNIT_SCADA,1,"2022/10/20 15:00:00",GULLRWF2,79.981690
D,DISPATCH,UNIT_SCADA,1,"2022/10/20 15:00:00",GUNNING1,0
D,DISPATCH,UNIT_SCADA,1,"2022/10/20 15:00:00",GUTHEGA,61.80
D,DISPATCH,UNIT_SCADA,1,"2022/10/20 15:00:00",HALLWF1,0
D,DISPATCH,UNIT_SCADA,1,"2022/10/20 15:00:00",HALLWF2,0
D,DISPATCH,UNIT_SCADA,1,"2022/10/20 15:00:00",HAMISF1,5.30
D,DISPATCH,UNIT_SCADA,1,"2022/10/20 15:00:00",HAUGHT11,32.100350
D,DISPATCH,UNIT_SCADA,1,"2022/10/20 15:00:00",HAYMSF1,5.6230
D,DISPATCH,UNIT_SCADA,1,"2022/10/20 15:00:00",HDWF1,1.90
D,DISPATCH,UNIT_SCADA,1,"2022/10/20 15:00:00",HDWF2,2.10
D,DISPATCH,UNIT_SCADA,1,"2022/10/20 15:00:00",HDWF3,1.80
D,DISPATCH,UNIT_SCADA,1,"2022/10/20 15:00:00",HILLSTN1,45.369340
D,DISPATCH,UNIT_SCADA,1,"2022/10/20 15:00:00",HPRG1,4.60
D,DISPATCH,UNIT_SCADA,1,"2022/10/20 15:00:00",HPRL1,0
D,DISPATCH,UNIT_SCADA,1,"2022/10/20 15:00:00",HUMENSW,53.232430
D,DISPATCH,UNIT_SCADA,1,"2022/10/20 15:00:00",HUMEV,0
D,DISPATCH,UNIT_SCADA,1,"2022/10/20 15:00:00",HVWWBA1G,0
D,DISPATCH,UNIT_SCADA,1,"2022/10/20 15:00:00",HVWWBA1L,0.0070
D,DISPATCH,UNIT_SCADA,1,"2022/10/20 15:00:00",HVWWPV1,4.79
D,DISPATCH,UNIT_SCADA,1,"2022/10/20 15:00:00",JBUTTERS,0
D,DISPATCH,UNIT_SCADA,1,"2022/10/20 15:00:00",JEMALNG1,41.86
D,DISPATCH,UNIT_SCADA,1,"2022/10/20 15:00:00",JLA01,0
D,DISPATCH,UNIT_SCADA,1,"2022/10/20 15:00:00",JLA02,0
D,DISPATCH,UNIT_SCADA,1,"2022/10/20 15:00:00",JLA03,0
D,DISPATCH,UNIT_SCADA,1,"2022/10/20 15:00:00",JLA04,0
D,DISPATCH,UNIT_SCADA,1,"2022/10/20 15:00:00",JLB01,0
D,DISPATCH,UNIT_SCADA,1,"2022/10/20 15:00:00",JLB02,0.10
D,DISPATCH,UNIT_SCADA,1,"2022/10/20 15:00:00",JLB03,0
D,DISPATCH,UNIT_SCADA,1,"2022/10/20 15:00:00",JUNEESF1,9.034750
D,DISPATCH,UNIT_SCADA,1,"2022/10/20 15:00:00",KABANWF1,2.0110
D,DISPATCH,UNIT_SCADA,1,"2022/10/20 15:00:00",KAREEYA1,0
D,DISPATCH,UNIT_SCADA,1,"2022/10/20 15:00:00",KAREEYA2,0
D,DISPATCH,UNIT_SCADA,1,"2022/10/20 15:00:00",KAREEYA3,4.73
D,DISPATCH,UNIT_SCADA,1,"2022/10/20 15:00:00",KAREEYA4,0
D,DISPATCH,UNIT_SCADA,1,"2022/10/20 15:00:00",KARSF1,25
D,DISPATCH,UNIT_SCADA,1,"2022/10/20 15:00:00",KEPSF1,7.62
D,DISPATCH,UNIT_SCADA,1,"2022/10/20 15:00:00",KEPWF1,17.68
D,DISPATCH,UNIT_SCADA,1,"2022/10/20 15:00:00",KIAMSF1,25.211720
D,DISPATCH,UNIT_SCADA,1,"2022/10/20 15:00:00",KIATAWF1,8.70
D,DISPATCH,UNIT_SCADA,1,"2022/10/20 15:00:00",KPP_1,0
D,DISPATCH,UNIT_SCADA,1,"2022/10/20 15:00:00",KSP1,21.14
D,DISPATCH,UNIT_SCADA,1,"2022/10/20 15:00:00",LADBROK1,0.01
D,DISPATCH,UNIT_SCADA,1,"2022/10/20 15:00:00",LADBROK2,0.02
D,DISPATCH,UNIT_SCADA,1,"2022/10/20 15:00:00",LBBG1,0.30
D,DISPATCH,UNIT_SCADA,1,"2022/10/20 15:00:00",LBBL1,0
D,DISPATCH,UNIT_SCADA,1,"2022/10/20 15:00:00",LD01,275.106050
D,DISPATCH,UNIT_SCADA,1,"2022/10/20 15:00:00",LD02,34.443190
D,DISPATCH,UNIT_SCADA,1,"2022/10/20 15:00:00",LD04,279.3176
D,DISPATCH,UNIT_SCADA,1,"2022/10/20 15:00:00",LEM_WIL,78.979290
D,DISPATCH,UNIT_SCADA,1,"2022/10/20 15:00:00",LGAPWF1,44.91
D,DISPATCH,UNIT_SCADA,1,"2022/10/20 15:00:00",LGAPWF2,30.37
D,DISPATCH,UNIT_SCADA,1,"2022/10/20 15:00:00",LILYSF1,39.059450
D,DISPATCH,UNIT_SCADA,1,"2022/10/20 15:00:00",LIMOSF11,123.394370
D,DISPATCH,UNIT_SCADA,1,"2022/10/20 15:00:00",LIMOSF21,17.388050
D,DISPATCH,UNIT_SCADA,1,"2022/10/20 15:00:00",LI_WY_CA,62.722810
D,DISPATCH,UNIT_SCADA,1,"2022/10/20 15:00:00",LKBONNY1,0
D,DISPATCH,UNIT_SCADA,1,"2022/10/20 15:00:00",LKBONNY2,9.617290
D,DISPATCH,UNIT_SCADA,1,"2022/10/20 15:00:00",LKBONNY3,4.130830
D,DISPATCH,UNIT_SCADA,1,"2022/10/20 15:00:00",LK_ECHO,0
D,DISPATCH,UNIT_SCADA,1,"2022/10/20 15:00:00",LNGS1,0
D,DISPATCH,UNIT_SCADA,1,"2022/10/20 15:00:00",LNGS2,0
D,DISPATCH,UNIT_SCADA,1,"2022/10/20 15:00:00",LONSDALE,0
D,DISPATCH,UNIT_SCADA,1,"2022/10/20 15:00:00",LOYYB1,440.221530
D,DISPATCH,UNIT_SCADA,1,"2022/10/20 15:00:00",LOYYB2,440.597470
D,DISPATCH,UNIT_SCADA,1,"2022/10/20 15:00:00",LYA1,469
D,DISPATCH,UNIT_SCADA,1,"2022/10/20 15:00:00",LYA2,0
D,DISPATCH,UNIT_SCADA,1,"2022/10/20 15:00:00",LYA3,492
D,DISPATCH,UNIT_SCADA,1,"2022/10/20 15:00:00",LYA4,492
D,DISPATCH,UNIT_SCADA,1,"2022/10/20 15:00:00",MACARTH1,42.499020
D,DISPATCH,UNIT_SCADA,1,"2022/10/20 15:00:00",MACKNTSH,0
D,DISPATCH,UNIT_SCADA,1,"2022/10/20 15:00:00",MANSLR1,14.2950
D,DISPATCH,UNIT_SCADA,1,"2022/10/20 15:00:00",MAPS2PV1,0
D,DISPATCH,UNIT_SCADA,1,"2022/10/20 15:00:00",MAPS3PV1,0
D,DISPATCH,UNIT_SCADA,1,"2022/10/20 15:00:00",MARYRSF1,5.85
D,DISPATCH,UNIT_SCADA,1,"2022/10/20 15:00:00",MBPS2PV1,0
D,DISPATCH,UNIT_SCADA,1,"2022/10/20 15:00:00",MCKAY1,0.02
D,DISPATCH,UNIT_SCADA,1,"2022/10/20 15:00:00",MEADOWBK,5.944640
D,DISPATCH,UNIT_SCADA,1,"2022/10/20 15:00:00",MERCER01,21.10
D,DISPATCH,UNIT_SCADA,1,"2022/10/20 15:00:00",METZSF1,73.593150
D,DISPATCH,UNIT_SCADA,1,"2022/10/20 15:00:00",MEWF1,22.558720
D,DISPATCH,UNIT_SCADA,1,"2022/10/20 15:00:00",MIDDLSF1,26.03
D,DISPATCH,UNIT_SCADA,1,"2022/10/20 15:00:00",MINTARO,0.128180
D,DISPATCH,UNIT_SCADA,1,"2022/10/20 15:00:00",MOLNGSF1,9.439840
D,DISPATCH,UNIT_SCADA,1,"2022/10/20 15:00:00",MOORAWF1,32.42
D,DISPATCH,UNIT_SCADA,1,"2022/10/20 15:00:00",MOREESF1,25.6280
D,DISPATCH,UNIT_SCADA,1,"2022/10/20 15:00:00",MORTLK11,0
D,DISPATCH,UNIT_SCADA,1,"2022/10/20 15:00:00",MORTLK12,0
D,DISPATCH,UNIT_SCADA,1,"2022/10/20 15:00:00",MOUSF1,0
D,DISPATCH,UNIT_SCADA,1,"2022/10/20 15:00:00",MP1,0
D,DISPATCH,UNIT_SCADA,1,"2022/10/20 15:00:00",MP2,435.1507
D,DISPATCH,UNIT_SCADA,1,"2022/10/20 15:00:00",MPP_1,171.773940
D,DISPATCH,UNIT_SCADA,1,"2022/10/20 15:00:00",MPP_2,183.248930
D,DISPATCH,UNIT_SCADA,1,"2022/10/20 15:00:00",MRTLSWF1,0
D,DISPATCH,UNIT_SCADA,1,"2022/10/20 15:00:00",MSTUART1,0
D,DISPATCH,UNIT_SCADA,1,"2022/10/20 15:00:00",MSTUART2,0
D,DISPATCH,UNIT_SCADA,1,"2022/10/20 15:00:00",MSTUART3,0
D,DISPATCH,UNIT_SCADA,1,"2022/10/20 15:00:00",MTGELWF1,41.543320
D,DISPATCH,UNIT_SCADA,1,"2022/10/20 15:00:00",MTMILLAR,9.10
D,DISPATCH,UNIT_SCADA,1,"2022/10/20 15:00:00",MURRAY,0
D,DISPATCH,UNIT_SCADA,1,"2022/10/20 15:00:00",MUSSELR1,2.20
D,DISPATCH,UNIT_SCADA,1,"2022/10/20 15:00:00",MUWAWF1,68.81
D,DISPATCH,UNIT_SCADA,1,"2022/10/20 15:00:00",MUWAWF2,38.30
D,DISPATCH,UNIT_SCADA,1,"2022/10/20 15:00:00",MWPS1PV1,3.42
D,DISPATCH,UNIT_SCADA,1,"2022/10/20 15:00:00",MWPS2PV1,3.55
D,DISPATCH,UNIT_SCADA,1,"2022/10/20 15:00:00",MWPS3PV1,0.47
D,DISPATCH,UNIT_SCADA,1,"2022/10/20 15:00:00",MWPS4PV1,1.07
D,DISPATCH,UNIT_SCADA,1,"2022/10/20 15:00:00",NBHWF1,0
D,DISPATCH,UNIT_SCADA,1,"2022/10/20 15:00:00",NEVERSF1,9.38
D,DISPATCH,UNIT_SCADA,1,"2022/10/20 15:00:00",NPS,0
D,DISPATCH,UNIT_SCADA,1,"2022/10/20 15:00:00",NUMURSF1,66.70
D,DISPATCH,UNIT_SCADA,1,"2022/10/20 15:00:00",NYNGAN1,1.25
D,DISPATCH,UNIT_SCADA,1,"2022/10/20 15:00:00",OAKEY1,0
D,DISPATCH,UNIT_SCADA,1,"2022/10/20 15:00:00",OAKEY1SF,5.3560
D,DISPATCH,UNIT_SCADA,1,"2022/10/20 15:00:00",OAKEY2,0
D,DISPATCH,UNIT_SCADA,1,"2022/10/20 15:00:00",OAKEY2SF,8.68
D,DISPATCH,UNIT_SCADA,1,"2022/10/20 15:00:00",OAKLAND1,13
D,DISPATCH,UNIT_SCADA,1,"2022/10/20 15:00:00",OSB-AG,17.17
D,DISPATCH,UNIT_SCADA,1,"2022/10/20 15:00:00",PAREPS1,0
D,DISPATCH,UNIT_SCADA,1,"2022/10/20 15:00:00",PAREPW1,44.64
D,DISPATCH,UNIT_SCADA,1,"2022/10/20 15:00:00",PARSF1,25.099570
D,DISPATCH,UNIT_SCADA,1,"2022/10/20 15:00:00",POAT110,0
D,DISPATCH,UNIT_SCADA,1,"2022/10/20 15:00:00",POAT220,0
D,DISPATCH,UNIT_SCADA,1,"2022/10/20 15:00:00",POR01,0.008670
D,DISPATCH,UNIT_SCADA,1,"2022/10/20 15:00:00",POR03,0
D,DISPATCH,UNIT_SCADA,1,"2022/10/20 15:00:00",PPCCGT,166.841090
D,DISPATCH,UNIT_SCADA,1,"2022/10/20 15:00:00",PTSTAN1,0
D,DISPATCH,UNIT_SCADA,1,"2022/10/20 15:00:00",PUMP1,0
D,DISPATCH,UNIT_SCADA,1,"2022/10/20 15:00:00",PUMP2,0
D,DISPATCH,UNIT_SCADA,1,"2022/10/20 15:00:00",QBYNBG1,0
D,DISPATCH,UNIT_SCADA,1,"2022/10/20 15:00:00",QBYNBL1,0.729490
D,DISPATCH,UNIT_SCADA,1,"2022/10/20 15:00:00",QPS1,0
D,DISPATCH,UNIT_SCADA,1,"2022/10/20 15:00:00",QPS2,0
D,DISPATCH,UNIT_SCADA,1,"2022/10/20 15:00:00",QPS3,0
D,DISPATCH,UNIT_SCADA,1,"2022/10/20 15:00:00",QPS4,0
D,DISPATCH,UNIT_SCADA,1,"2022/10/20 15:00:00",QPS5,74.20
D,DISPATCH,UNIT_SCADA,1,"2022/10/20 15:00:00",REECE1,0
D,DISPATCH,UNIT_SCADA,1,"2022/10/20 15:00:00",REECE2,0
D,DISPATCH,UNIT_SCADA,1,"2022/10/20 15:00:00",ROMA_7,0
D,DISPATCH,UNIT_SCADA,1,"2022/10/20 15:00:00",ROMA_8,0
D,DISPATCH,UNIT_SCADA,1,"2022/10/20 15:00:00",RRSF1,5.415830
D,DISPATCH,UNIT_SCADA,1,"2022/10/20 15:00:00",RT_NSW1,0
D,DISPATCH,UNIT_SCADA,1,"2022/10/20 15:00:00",RT_NSW2,0
D,DISPATCH,UNIT_SCADA,1,"2022/10/20 15:00:00",RT_NSW3,0
D,DISPATCH,UNIT_SCADA,1,"2022/10/20 15:00:00",RT_NSW4,0
D,DISPATCH,UNIT_SCADA,1,"2022/10/20 15:00:00",RT_NSW5,0
D,DISPATCH,UNIT_SCADA,1,"2022/10/20 15:00:00",RT_NSW6,0
D,DISPATCH,UNIT_SCADA,1,"2022/10/20 15:00:00",RT_QLD1,0
D,DISPATCH,UNIT_SCADA,1,"2022/10/20 15:00:00",RT_SA1,0
D,DISPATCH,UNIT_SCADA,1,"2022/10/20 15:00:00",RT_SA2,0
D,DISPATCH,UNIT_SCADA,1,"2022/10/20 15:00:00",RT_SA3,0
D,DISPATCH,UNIT_SCADA,1,"2022/10/20 15:00:00",RT_SA4,0
D,DISPATCH,UNIT_SCADA,1,"2022/10/20 15:00:00",RT_SA5,0
D,DISPATCH,UNIT_SCADA,1,"2022/10/20 15:00:00",RT_SA6,0
D,DISPATCH,UNIT_SCADA,1,"2022/10/20 15:00:00",RT_TAS1,0
D,DISPATCH,UNIT_SCADA,1,"2022/10/20 15:00:00",RT_VIC1,0
D,DISPATCH,UNIT_SCADA,1,"2022/10/20 15:00:00",RT_VIC10,0
D,DISPATCH,UNIT_SCADA,1,"2022/10/20 15:00:00",RT_VIC11,0
D,DISPATCH,UNIT_SCADA,1,"2022/10/20 15:00:00",RT_VIC12,0
D,DISPATCH,UNIT_SCADA,1,"2022/10/20 15:00:00",RT_VIC2,0
D,DISPATCH,UNIT_SCADA,1,"2022/10/20 15:00:00",RT_VIC3,0
D,DISPATCH,UNIT_SCADA,1,"2022/10/20 15:00:00",RT_VIC4,0
D,DISPATCH,UNIT_SCADA,1,"2022/10/20 15:00:00",RT_VIC5,0
D,DISPATCH,UNIT_SCADA,1,"2022/10/20 15:00:00",RT_VIC6,0
D,DISPATCH,UNIT_SCADA,1,"2022/10/20 15:00:00",RT_VIC7,0
D,DISPATCH,UNIT_SCADA,1,"2022/10/20 15:00:00",RT_VIC8,0
D,DISPATCH,UNIT_SCADA,1,"2022/10/20 15:00:00",RT_VIC9,0
D,DISPATCH,UNIT_SCADA,1,"2022/10/20 15:00:00",RUGBYR1,0.029550
D,DISPATCH,UNIT_SCADA,1,"2022/10/20 15:00:00",SALTCRK1,15.14
D,DISPATCH,UNIT_SCADA,1,"2022/10/20 15:00:00",SAPHWF1,15.248340
D,DISPATCH,UNIT_SCADA,1,"2022/10/20 15:00:00",SEBSF1,15.548510
D,DISPATCH,UNIT_SCADA,1,"2022/10/20 15:00:00",SHGEN,0
D,DISPATCH,UNIT_SCADA,1,"2022/10/20 15:00:00",SHPUMP,0
D,DISPATCH,UNIT_SCADA,1,"2022/10/20 15:00:00",SITHE01,0.123710
D,DISPATCH,UNIT_SCADA,1,"2022/10/20 15:00:00",SMCSF1,15.0310
D,DISPATCH,UNIT_SCADA,1,"2022/10/20 15:00:00",SNAPPER1,0
D,DISPATCH,UNIT_SCADA,1,"2022/10/20 15:00:00",SNOWNTH1,33
D,DISPATCH,UNIT_SCADA,1,"2022/10/20 15:00:00",SNOWSTH1,14.30
D,DISPATCH,UNIT_SCADA,1,"2022/10/20 15:00:00",SNOWTWN1,21.572540
D,DISPATCH,UNIT_SCADA,1,"2022/10/20 15:00:00",SNOWYP,0
D,DISPATCH,UNIT_SCADA,1,"2022/10/20 15:00:00",SNUG1,0
D,DISPATCH,UNIT_SCADA,1,"2022/10/20 15:00:00",SRSF1,15.14
D,DISPATCH,UNIT_SCADA,1,"2022/10/20 15:00:00",STAN-1,340.709930
D,DISPATCH,UNIT_SCADA,1,"2022/10/20 15:00:00",STAN-2,360.782620
D,DISPATCH,UNIT_SCADA,1,"2022/10/20 15:00:00",STAN-3,156.915510
D,DISPATCH,UNIT_SCADA,1,"2022/10/20 15:00:00",STAN-4,349.836210
D,DISPATCH,UNIT_SCADA,1,"2022/10/20 15:00:00",STARHLWF,13.696010
D,DISPATCH,UNIT_SCADA,1,"2022/10/20 15:00:00",STOCKYD1,179.100010
D,DISPATCH,UNIT_SCADA,1,"2022/10/20 15:00:00",STWF1,0
D,DISPATCH,UNIT_SCADA,1,"2022/10/20 15:00:00",SUNRSF1,92.968640
D,DISPATCH,UNIT_SCADA,1,"2022/10/20 15:00:00",SUNTPSF1,41.815210
D,DISPATCH,UNIT_SCADA,1,"2022/10/20 15:00:00",SWAN_E,191.019360
D,DISPATCH,UNIT_SCADA,1,"2022/10/20 15:00:00",TALWA1,0
D,DISPATCH,UNIT_SCADA,1,"2022/10/20 15:00:00",TARALGA1,0
D,DISPATCH,UNIT_SCADA,1,"2022/10/20 15:00:00",TARONG#1,346.300020
D,DISPATCH,UNIT_SCADA,1,"2022/10/20 15:00:00",TARONG#2,345.899990
D,DISPATCH,UNIT_SCADA,1,"2022/10/20 15:00:00",TARONG#3,0.90
D,DISPATCH,UNIT_SCADA,1,"2022/10/20 15:00:00",TARONG#4,285.399990
D,DISPATCH,UNIT_SCADA,1,"2022/10/20 15:00:00",TARRALEA,54
D,DISPATCH,UNIT_SCADA,1,"2022/10/20 15:00:00",TBSF1,0.10
D,DISPATCH,UNIT_SCADA,1,"2022/10/20 15:00:00",TNPS1,319.75
D,DISPATCH,UNIT_SCADA,1,"2022/10/20 15:00:00",TORRB1,0
D,DISPATCH,UNIT_SCADA,1,"2022/10/20 15:00:00",TORRB2,40
D,DISPATCH,UNIT_SCADA,1,"2022/10/20 15:00:00",TORRB3,0
D,DISPATCH,UNIT_SCADA,1,"2022/10/20 15:00:00",TORRB4,0
D,DISPATCH,UNIT_SCADA,1,"2022/10/20 15:00:00",TREVALLN,100.814330
D,DISPATCH,UNIT_SCADA,1,"2022/10/20 15:00:00",TRIBUTE,0
D,DISPATCH,UNIT_SCADA,1,"2022/10/20 15:00:00",TUMUT3,0
D,DISPATCH,UNIT_SCADA,1,"2022/10/20 15:00:00",TUNGATIN,4.820020
D,DISPATCH,UNIT_SCADA,1,"2022/10/20 15:00:00",TVCC201,0
D,DISPATCH,UNIT_SCADA,1,"2022/10/20 15:00:00",TVPP104,0
D,DISPATCH,UNIT_SCADA,1,"2022/10/20 15:00:00",UPPTUMUT,0
D,DISPATCH,UNIT_SCADA,1,"2022/10/20 15:00:00",URANQ11,0
D,DISPATCH,UNIT_SCADA,1,"2022/10/20 15:00:00",URANQ12,0
D,DISPATCH,UNIT_SCADA,1,"2022/10/20 15:00:00",URANQ13,0
D,DISPATCH,UNIT_SCADA,1,"2022/10/20 15:00:00",URANQ14,0
D,DISPATCH,UNIT_SCADA,1,"2022/10/20 15:00:00",VBBG1,0
D,DISPATCH,UNIT_SCADA,1,"2022/10/20 15:00:00",VBBL1,77.50
D,DISPATCH,UNIT_SCADA,1,"2022/10/20 15:00:00",VP5,556.389040
D,DISPATCH,UNIT_SCADA,1,"2022/10/20 15:00:00",VP6,592.449710
D,DISPATCH,UNIT_SCADA,1,"2022/10/20 15:00:00",VPGS1,0
D,DISPATCH,UNIT_SCADA,1,"2022/10/20 15:00:00",VPGS2,0
D,DISPATCH,UNIT_SCADA,1,"2022/10/20 15:00:00",VPGS3,0
D,DISPATCH,UNIT_SCADA,1,"2022/10/20 15:00:00",VPGS4,0
D,DISPATCH,UNIT_SCADA,1,"2022/10/20 15:00:00",VPGS5,0
D,DISPATCH,UNIT_SCADA,1,"2022/10/20 15:00:00",VPGS6,0
D,DISPATCH,UNIT_SCADA,1,"2022/10/20 15:00:00",W/HOE#1,0
D,DISPATCH,UNIT_SCADA,1,"2022/10/20 15:00:00",W/HOE#2,0
D,DISPATCH,UNIT_SCADA,1,"2022/10/20 15:00:00",WAGGNSF1,0
D,DISPATCH,UNIT_SCADA,1,"2022/10/20 15:00:00",WALGRVG1,0.030720
D,DISPATCH,UNIT_SCADA,1,"2022/10/20 15:00:00",WALGRVL1,0
D,DISPATCH,UNIT_SCADA,1,"2022/10/20 15:00:00",WANDBG1,0
D,DISPATCH,UNIT_SCADA,1,"2022/10/20 15:00:00",WANDBL1,-2.318560
D,DISPATCH,UNIT_SCADA,1,"2022/10/20 15:00:00",WARWSF1,4.04
D,DISPATCH,UNIT_SCADA,1,"2022/10/20 15:00:00",WARWSF2,4.34
D,DISPATCH,UNIT_SCADA,1,"2022/10/20 15:00:00",WATERLWF,5.80
D,DISPATCH,UNIT_SCADA,1,"2022/10/20 15:00:00",WDGPH1,37.0510
D,DISPATCH,UNIT_SCADA,1,"2022/10/20 15:00:00",WELLSF1,14.383150
D,DISPATCH,UNIT_SCADA,1,"2022/10/20 15:00:00",WEMENSF1,19.60
D,DISPATCH,UNIT_SCADA,1,"2022/10/20 15:00:00",WGWF1,4.70
D,DISPATCH,UNIT_SCADA,1,"2022/10/20 15:00:00",WHITSF1,6.10
D,DISPATCH,UNIT_SCADA,1,"2022/10/20 15:00:00",WINTSF1,82.42
D,DISPATCH,UNIT_SCADA,1,"2022/10/20 15:00:00",WKIEWA1,31.90
D,DISPATCH,UNIT_SCADA,1,"2022/10/20 15:00:00",WKIEWA2,13.90
D,DISPATCH,UNIT_SCADA,1,"2022/10/20 15:00:00",WOODLWN1,20.043760
D,DISPATCH,UNIT_SCADA,1,"2022/10/20 15:00:00",WOOLGSF1,6.817790
D,DISPATCH,UNIT_SCADA,1,"2022/10/20 15:00:00",WPWF,42.63
D,DISPATCH,UNIT_SCADA,1,"2022/10/20 15:00:00",WRSF1,7.290260
D,DISPATCH,UNIT_SCADA,1,"2022/10/20 15:00:00",WRWF1,7.987180
D,DISPATCH,UNIT_SCADA,1,"2022/10/20 15:00:00",WSTWYSF1,1.340670
D,DISPATCH,UNIT_SCADA,1,"2022/10/20 15:00:00",YABULU,0
D,DISPATCH,UNIT_SCADA,1,"2022/10/20 15:00:00",YABULU2,0
D,DISPATCH,UNIT_SCADA,1,"2022/10/20 15:00:00",YARANSF1,19.42
D,DISPATCH,UNIT_SCADA,1,"2022/10/20 15:00:00",YARWUN_1,159.899990
D,DISPATCH,UNIT_SCADA,1,"2022/10/20 15:00:00",YATSF1,15.44
D,DISPATCH,UNIT_SCADA,1,"2022/10/20 15:00:00",YENDWF1,28.91
D,DISPATCH,UNIT_SCADA,1,"2022/10/20 15:00:00",YWPS1,310.273410
D,DISPATCH,UNIT_SCADA,1,"2022/10/20 15:00:00",YWPS2,291.726590
D,DISPATCH,UNIT_SCADA,1,"2022/10/20 15:00:00",YWPS3,311.683530
D,DISPATCH,UNIT_SCADA,1,"2022/10/20 15:00:00",YWPS4,0
C,"END OF REPORT",419
