C,NEMP.WORLD,DISPATCHSCADA,AEMO,PUBLIC,2022/10/20,14:00:13,0000000373259342,DISPATCHSCADA,0000000373259336
I,DISPATCH,UNIT_SCADA,1,SETTLEMENTDATE,DUID,SCADAVALUE
D,DISPATCH,UNIT_SCADA,1,"2022/10/20 14:05:00",BARCSF1,11.200001
D,DISPATCH,UNIT_SCADA,1,"2022/10/20 14:05:00",BUTLERSG,8.699999
D,DISPATCH,UNIT_SCADA,1,"2022/10/20 14:05:00",CAPTL_WF,48.430428
D,DISPATCH,UNIT_SCADA,1,"2022/10/20 14:05:00",CHALLHWF,8.30
D,DISPATCH,UNIT_SCADA,1,"2022/10/20 14:05:00",CLOVER,10.35
D,DISPATCH,UNIT_SCADA,1,"2022/10/20 14:05:00",CLUNY,5.143054
D,DISPATCH,UNIT_SCADA,1,"2022/10/20 14:05:00",CULLRGWF,-0.03
D,DISPATCH,UNIT_SCADA,1,"2022/10/20 14:05:00",DIAPURWF1,4.50
D,DISPATCH,UNIT_SCADA,1,"2022/10/20 14:05:00",ERGT01,0
D,DISPATCH,UNIT_SCADA,1,"2022/10/20 14:05:00",GB01,0
D,DISPATCH,UNIT_SCADA,1,"2022/10/20 14:05:00",GERMCRK,22.200001
D,DISPATCH,UNIT_SCADA,1,"2022/10/20 14:05:00",GRIFSF1,6.300450
D,DISPATCH,UNIT_SCADA,1,"2022/10/20 14:05:00",HEZ1,0
D,DISPATCH,UNIT_SCADA,1,"2022/10/20 14:05:00",HUGSF1,11.0670
D,DISPATCH,UNIT_SCADA,1,"2022/10/20 14:05:00",KEPBG1,0
D,DISPATCH,UNIT_SCADA,1,"2022/10/20 14:05:00",LRSF1,13.012001
D,DISPATCH,UNIT_SCADA,1,"2022/10/20 14:05:00",MBAHNTH,42.881241
D,DISPATCH,UNIT_SCADA,1,"2022/10/20 14:05:00",MLSP1,2.646001
D,DISPATCH,UNIT_SCADA,1,"2022/10/20 14:05:00",MLWF1,3.7350
D,DISPATCH,UNIT_SCADA,1,"2022/10/20 14:05:00",PALOONA,30.42
D,DISPATCH,UNIT_SCADA,1,"2022/10/20 14:05:00",PIONEER,39.799999
D,DISPATCH,UNIT_SCADA,1,"2022/10/20 14:05:00",PORTWF,80.699997
D,DISPATCH,UNIT_SCADA,1,"2022/10/20 14:05:00",REPULSE,9.492943
D,DISPATCH,UNIT_SCADA,1,"2022/10/20 14:05:00",ROWALLAN,8.6833
D,DISPATCH,UNIT_SCADA,1,"2022/10/20 14:05:00",ROYALLA1,7.905004
D,DISPATCH,UNIT_SCADA,1,"2022/10/20 14:05:00",RPCG,-1.80
D,DISPATCH,UNIT_SCADA,1,"2022/10/20 14:05:00",RUBICON,0
D,DISPATCH,UNIT_SCADA,1,"2022/10/20 14:05:00",WAUBRAWF,59.397999
D,DISPATCH,UNIT_SCADA,1,"2022/10/20 14:05:00",WOOLNTH1,97.349998
D,DISPATCH,UNIT_SCADA,1,"2022/10/20 14:05:00",YAMBUKWF,8.40
D,DISPATCH,UNIT_SCADA,1,"2022/10/20 14:05:00",YSWF1,2.30
D,DISPATCH,UNIT_SCADA,1,"2022/10/20 14:05:00",ADPBA1G,0.0080
D,DISPATCH,UNIT_SCADA,1,"2022/10/20 14:05:00",ADPBA1L,0
D,DISPATCH,UNIT_SCADA,1,"2022/10/20 14:05:00",ADPPV1,3.8840
D,DISPATCH,UNIT_SCADA,1,"2022/10/20 14:05:00",AGLHAL,0
D,DISPATCH,UNIT_SCADA,1,"2022/10/20 14:05:00",AGLSOM,0
D,DISPATCH,UNIT_SCADA,1,"2022/10/20 14:05:00",ANGAST1,0
D,DISPATCH,UNIT_SCADA,1,"2022/10/20 14:05:00",ARWF1,0
D,DISPATCH,UNIT_SCADA,1,"2022/10/20 14:05:00",BALBG1,0
D,DISPATCH,UNIT_SCADA,1,"2022/10/20 14:05:00",BALBL1,0
D,DISPATCH,UNIT_SCADA,1,"2022/10/20 14:05:00",BALDHWF1,75.4930
D,DISPATCH,UNIT_SCADA,1,"2022/10/20 14:05:00",BANGOWF1,18.396280
D,DISPATCH,UNIT_SCADA,1,"2022/10/20 14:05:00",BANGOWF2,0
D,DISPATCH,UNIT_SCADA,1,"2022/10/20 14:05:00",BANN1,36.05
D,DISPATCH,UNIT_SCADA,1,"2022/10/20 14:05:00",BARCALDN,0
D,DISPATCH,UNIT_SCADA,1,"2022/10/20 14:05:00",BARKIPS1,0
D,DISPATCH,UNIT_SCADA,1,"2022/10/20 14:05:00",BARRON-1,0
D,DISPATCH,UNIT_SCADA,1,"2022/10/20 14:05:00",BARRON-2,0
D,DISPATCH,UNIT_SCADA,1,"2022/10/20 14:05:00",BASTYAN,49.720010
D,DISPATCH,UNIT_SCADA,1,"2022/10/20 14:05:00",BBTHREE1,0
D,DISPATCH,UNIT_SCADA,1,"2022/10/20 14:05:00",BBTHREE2,21.22
D,DISPATCH,UNIT_SCADA,1,"2022/10/20 14:05:00",BBTHREE3,0
D,DISPATCH,UNIT_SCADA,1,"2022/10/20 14:05:00",BDL01,0
D,DISPATCH,UNIT_SCADA,1,"2022/10/20 14:05:00",BDL02,0
D,DISPATCH,UNIT_SCADA,1,"2022/10/20 14:05:00",BERYLSF1,0.3518
D,DISPATCH,UNIT_SCADA,1,"2022/10/20 14:05:00",BLOWERNG,62.60
D,DISPATCH,UNIT_SCADA,1,"2022/10/20 14:05:00",BLUEGSF1,62.619650
D,DISPATCH,UNIT_SCADA,1,"2022/10/20 14:05:00",BLUFF1,1.10
D,DISPATCH,UNIT_SCADA,1,"2022/10/20 14:05:00",BNGSF1,25.69
D,DISPATCH,UNIT_SCADA,1,"2022/10/20 14:05:00",BNGSF2,19.79
D,DISPATCH,UNIT_SCADA,1,"2022/10/20 14:05:00",BOCORWF1,34.63
D,DISPATCH,UNIT_SCADA,1,"2022/10/20 14:05:00",BODWF1,84.943370
D,DISPATCH,UNIT_SCADA,1,"2022/10/20 14:05:00",BOMENSF1,52.982380
D,DISPATCH,UNIT_SCADA,1,"2022/10/20 14:05:00",BOWWBA1G,0
D,DISPATCH,UNIT_SCADA,1,"2022/10/20 14:05:00",BOWWBA1L,0.0010
D,DISPATCH,UNIT_SCADA,1,"2022/10/20 14:05:00",BOWWPV1,0
D,DISPATCH,UNIT_SCADA,1,"2022/10/20 14:05:00",BRAEMAR1,0
D,DISPATCH,UNIT_SCADA,1,"2022/10/20 14:05:00",BRAEMAR2,0
D,DISPATCH,UNIT_SCADA,1,"2022/10/20 14:05:00",BRAEMAR3,0
D,DISPATCH,UNIT_SCADA,1,"2022/10/20 14:05:00",BRAEMAR5,0.292060
D,DISPATCH,UNIT_SCADA,1,"2022/10/20 14:05:00",BRAEMAR6,0
D,DISPATCH,UNIT_SCADA,1,"2022/10/20 14:05:00",BRAEMAR7,0.130920
D,DISPATCH,UNIT_SCADA,1,"2022/10/20 14:05:00",BROKENH1,29.199550
D,DISPATCH,UNIT_SCADA,1,"2022/10/20 14:05:00",BRYB1WF1,84.037540
D,DISPATCH,UNIT_SCADA,1,"2022/10/20 14:05:00",BULBESG1,0
D,DISPATCH,UNIT_SCADA,1,"2022/10/20 14:05:00",BULBESL1,2.81
D,DISPATCH,UNIT_SCADA,1,"2022/10/20 14:05:00",BULGANA1,4.89
D,DISPATCH,UNIT_SCADA,1,"2022/10/20 14:05:00",BW01,647.458620
D,DISPATCH,UNIT_SCADA,1,"2022/10/20 14:05:00",BW02,606.491210
D,DISPATCH,UNIT_SCADA,1,"2022/10/20 14:05:00",BW03,527.632570
D,DISPATCH,UNIT_SCADA,1,"2022/10/20 14:05:00",BW04,0
D,DISPATCH,UNIT_SCADA,1,"2022/10/20 14:05:00",CALL_B_1,314.899990
D,DISPATCH,UNIT_SCADA,1,"2022/10/20 14:05:00",CALL_B_2,314.600010
D,DISPATCH,UNIT_SCADA,1,"2022/10/20 14:05:00",CATHROCK,8.90
D,DISPATCH,UNIT_SCADA,1,"2022/10/20 14:05:00",CBWWBA1G,0
D,DISPATCH,UNIT_SCADA,1,"2022/10/20 14:05:00",CBWWBA1L,0
D,DISPATCH,UNIT_SCADA,1,"2022/10/20 14:05:00",CETHANA,83.515130
D,DISPATCH,UNIT_SCADA,1,"2022/10/20 14:05:00",CG1,0
D,DISPATCH,UNIT_SCADA,1,"2022/10/20 14:05:00",CG2,0
D,DISPATCH,UNIT_SCADA,1,"2022/10/20 14:05:00",CG3,0
D,DISPATCH,UNIT_SCADA,1,"2022/10/20 14:05:00",CG4,0
D,DISPATCH,UNIT_SCADA,1,"2022/10/20 14:05:00",CHILDSF1,7.59
D,DISPATCH,UNIT_SCADA,1,"2022/10/20 14:05:00",CHYTWF1,5.51
D,DISPATCH,UNIT_SCADA,1,"2022/10/20 14:05:00",CLARESF1,51.890170
D,DISPATCH,UNIT_SCADA,1,"2022/10/20 14:05:00",CLEMGPWF,10.0849
D,DISPATCH,UNIT_SCADA,1,"2022/10/20 14:05:00",CLERMSF1,24
D,DISPATCH,UNIT_SCADA,1,"2022/10/20 14:05:00",CNUNDAWF,10.1118
D,DISPATCH,UNIT_SCADA,1,"2022/10/20 14:05:00",COHUNSF1,0.07
D,DISPATCH,UNIT_SCADA,1,"2022/10/20 14:05:00",COLEASF1,35.002290
D,DISPATCH,UNIT_SCADA,1,"2022/10/20 14:05:00",COLUMSF1,35.0230
D,DISPATCH,UNIT_SCADA,1,"2022/10/20 14:05:00",COLWF01,84.319820
D,DISPATCH,UNIT_SCADA,1,"2022/10/20 14:05:00",COOPGWF1,65.50
D,DISPATCH,UNIT_SCADA,1,"2022/10/20 14:05:00",CPP_3,363.550020
D,DISPATCH,UNIT_SCADA,1,"2022/10/20 14:05:00",CPP_4,0
D,DISPATCH,UNIT_SCADA,1,"2022/10/20 14:05:00",CPSA,0
D,DISPATCH,UNIT_SCADA,1,"2022/10/20 14:05:00",CROOKWF2,35.843440
D,DISPATCH,UNIT_SCADA,1,"2022/10/20 14:05:00",CROWLWF1,11.709950
D,DISPATCH,UNIT_SCADA,1,"2022/10/20 14:05:00",CRURWF1,32.898530
D,DISPATCH,UNIT_SCADA,1,"2022/10/20 14:05:00",CRWASF1,13.972990
D,DISPATCH,UNIT_SCADA,1,"2022/10/20 14:05:00",CSPVPS1,22.0190
D,DISPATCH,UNIT_SCADA,1,"2022/10/20 14:05:00",CTHLWF1,0.003050
D,DISPATCH,UNIT_SCADA,1,"2022/10/20 14:05:00",DALNTH01,0
D,DISPATCH,UNIT_SCADA,1,"2022/10/20 14:05:00",DALNTHL1,0.617990
D,DISPATCH,UNIT_SCADA,1,"2022/10/20 14:05:00",DARLSF1,75.751340
D,DISPATCH,UNIT_SCADA,1,"2022/10/20 14:05:00",DARTM1,0
D,DISPATCH,UNIT_SCADA,1,"2022/10/20 14:05:00",DAYDSF1,57.0480
D,DISPATCH,UNIT_SCADA,1,"2022/10/20 14:05:00",DDPS1,0
D,DISPATCH,UNIT_SCADA,1,"2022/10/20 14:05:00",DDSF1,12.875260
D,DISPATCH,UNIT_SCADA,1,"2022/10/20 14:05:00",DEVILS_G,57.352830
D,DISPATCH,UNIT_SCADA,1,"2022/10/20 14:05:00",DG_NSW1,0
D,DISPATCH,UNIT_SCADA,1,"2022/10/20 14:05:00",DG_QLD1,0
D,DISPATCH,UNIT_SCADA,1,"2022/10/20 14:05:00",DG_SA1,0
D,DISPATCH,UNIT_SCADA,1,"2022/10/20 14:05:00",DG_TAS1,0
D,DISPATCH,UNIT_SCADA,1,"2022/10/20 14:05:00",DG_VIC1,0
D,DISPATCH,UNIT_SCADA,1,"2022/10/20 14:05:00",DRYCGT1,0
D,DISPATCH,UNIT_SCADA,1,"2022/10/20 14:05:00",DRYCGT2,0
D,DISPATCH,UNIT_SCADA,1,"2022/10/20 14:05:00",DRYCGT3,0
D,DISPATCH,UNIT_SCADA,1,"2022/10/20 14:05:00",DUNDWF1,61.07
D,DISPATCH,UNIT_SCADA,1,"2022/10/20 14:05:00",DUNDWF2,16.60
D,DISPATCH,UNIT_SCADA,1,"2022/10/20 14:05:00",DUNDWF3,54.42
D,DISPATCH,UNIT_SCADA,1,"2022/10/20 14:05:00",EILDON1,59.32
D,DISPATCH,UNIT_SCADA,1,"2022/10/20 14:05:00",EILDON2,60.08
D,DISPATCH,UNIT_SCADA,1,"2022/10/20 14:05:00",ELAINWF1,25.61
D,DISPATCH,UNIT_SCADA,1,"2022/10/20 14:05:00",EMERASF1,0
D,DISPATCH,UNIT_SCADA,1,"2022/10/20 14:05:00",ER01,0
D,DISPATCH,UNIT_SCADA,1,"2022/10/20 14:05:00",ER02,418.524440
D,DISPATCH,UNIT_SCADA,1,"2022/10/20 14:05:00",ER03,442.182040
D,DISPATCH,UNIT_SCADA,1,"2022/10/20 14:05:00",ER04,441.351960
D,DISPATCH,UNIT_SCADA,1,"2022/10/20 14:05:00",FINLYSF1,99.180590
D,DISPATCH,UNIT_SCADA,1,"2022/10/20 14:05:00",FISHER,43.93
D,DISPATCH,UNIT_SCADA,1,"2022/10/20 14:05:00",GANGARR1,34.7570
D,DISPATCH,UNIT_SCADA,1,"2022/10/20 14:05:00",GANNBG1,0
D,DISPATCH,UNIT_SCADA,1,"2022/10/20 14:05:00",GANNBL1,5.468050
D,DISPATCH,UNIT_SCADA,1,"2022/10/20 14:05:00",GANNSF1,16.20
D,DISPATCH,UNIT_SCADA,1,"2022/10/20 14:05:00",GLRWNSF1,45.65
D,DISPATCH,UNIT_SCADA,1,"2022/10/20 14:05:00",GNNDHSF1,52.668580
D,DISPATCH,UNIT_SCADA,1,"2022/10/20 14:05:00",GOONSF1,28.951860
D,DISPATCH,UNIT_SCADA,1,"2022/10/20 14:05:00",GORDON,206.130950
D,DISPATCH,UNIT_SCADA,1,"2022/10/20 14:05:00",GRANWF1,0
D,DISPATCH,UNIT_SCADA,1,"2022/10/20 14:05:00",GSTONE1,200.3750
D,DISPATCH,UNIT_SCADA,1,"2022/10/20 14:05:00",GSTONE2,0
D,DISPATCH,UNIT_SCADA,1,"2022/10/20 14:05:00",GSTONE3,199.6750
D,DISPATCH,UNIT_SCADA,1,"2022/10/20 14:05:00",GSTONE4,0
D,DISPATCH,UNIT_SCADA,1,"2022/10/20 14:05:00",GSTONE5,184.974990
D,DISPATCH,UNIT_SCADA,1,"2022/10/20 14:05:00",GSTONE6,199.849990
D,DISPATCH,UNIT_SCADA,1,"2022/10/20 14:05:00",GULLRSF1,0.904990
D,DISPATCH,UNIT_SCADA,1,"2022/10/20 14:05:00",GULLRWF1,60.154090
D,DISPATCH,UNIT_SCADA,1,"2022/10/20 14:05:00",GULLRWF2,55.733280
D,DISPATCH,UNIT_SCADA,1,"2022/10/20 14:05:00",GUNNING1,0
D,DISPATCH,UNIT_SCADA,1,"2022/10/20 14:05:00",GUTHEGA,60.30
D,DISPATCH,UNIT_SCADA,1,"2022/10/20 14:05:00",HALLWF1,0
D,DISPATCH,UNIT_SCADA,1,"2022/10/20 14:05:00",HALLWF2,2.49
D,DISPATCH,UNIT_SCADA,1,"2022/10/20 14:05:00",HAMISF1,26
D,DISPATCH,UNIT_SCADA,1,"2022/10/20 14:05:00",HAUGHT11,93.859150
D,DISPATCH,UNIT_SCADA,1,"2022/10/20 14:05:00",HAYMSF1,25.4940
D,DISPATCH,UNIT_SCADA,1,"2022/10/20 14:05:00",HDWF1,8
D,DISPATCH,UNIT_SCADA,1,"2022/10/20 14:05:00",HDWF2,8.80
D,DISPATCH,UNIT_SCADA,1,"2022/10/20 14:05:00",HDWF3,8.90
D,DISPATCH,UNIT_SCADA,1,"2022/10/20 14:05:00",HILLSTN1,64.888830
D,DISPATCH,UNIT_SCADA,1,"2022/10/20 14:05:00",HPRG1,0
D,DISPATCH,UNIT_SCADA,1,"2022/10/20 14:05:00",HPRL1,8.80
D,DISPATCH,UNIT_SCADA,1,"2022/10/20 14:05:00",HUMENSW,54.727470
D,DISPATCH,UNIT_SCADA,1,"2022/10/20 14:05:00",HUMEV,0
D,DISPATCH,UNIT_SCADA,1,"2022/10/20 14:05:00",HVWWBA1G,0
D,DISPATCH,UNIT_SCADA,1,"2022/10/20 14:05:00",HVWWBA1L,0.0060
D,DISPATCH,UNIT_SCADA,1,"2022/10/20 14:05:00",HVWWPV1,4.1690
D,DISPATCH,UNIT_SCADA,1,"2022/10/20 14:05:00",JBUTTERS,0
D,DISPATCH,UNIT_SCADA,1,"2022/10/20 14:05:00",JEMALNG1,29.92
D,DISPATCH,UNIT_SCADA,1,"2022/10/20 14:05:00",JLA01,0
D,DISPATCH,UNIT_SCADA,1,"2022/10/20 14:05:00",JLA02,0
D,DISPATCH,UNIT_SCADA,1,"2022/10/20 14:05:00",JLA03,0
D,DISPATCH,UNIT_SCADA,1,"2022/10/20 14:05:00",JLA04,0
D,DISPATCH,UNIT_SCADA,1,"2022/10/20 14:05:00",JLB01,0
D,DISPATCH,UNIT_SCADA,1,"2022/10/20 14:05:00",JLB02,0.10
D,DISPATCH,UNIT_SCADA,1,"2022/10/20 14:05:00",JLB03,0
D,DISPATCH,UNIT_SCADA,1,"2022/10/20 14:05:00",JUNEESF1,12.375040
D,DISPATCH,UNIT_SCADA,1,"2022/10/20 14:05:00",KABANWF1,0.0950
D,DISPATCH,UNIT_SCADA,1,"2022/10/20 14:05:00",KAREEYA1,0
D,DISPATCH,UNIT_SCADA,1,"2022/10/20 14:05:00",KAREEYA2,0
D,DISPATCH,UNIT_SCADA,1,"2022/10/20 14:05:00",KAREEYA3,4.5025
D,DISPATCH,UNIT_SCADA,1,"2022/10/20 14:05:00",KAREEYA4,0
D,DISPATCH,UNIT_SCADA,1,"2022/10/20 14:05:00",KARSF1,12.40
D,DISPATCH,UNIT_SCADA,1,"2022/10/20 14:05:00",KEPSF1,11.98
D,DISPATCH,UNIT_SCADA,1,"2022/10/20 14:05:00",KEPWF1,5.33
D,DISPATCH,UNIT_SCADA,1,"2022/10/20 14:05:00",KIAMSF1,35.969330
D,DISPATCH,UNIT_SCADA,1,"2022/10/20 14:05:00",KIATAWF1,8.40
D,DISPATCH,UNIT_SCADA,1,"2022/10/20 14:05:00",KPP_1,0
D,DISPATCH,UNIT_SCADA,1,"2022/10/20 14:05:00",KSP1,45.36
D,DISPATCH,UNIT_SCADA,1,"2022/10/20 14:05:00",LADBROK1,0.01
D,DISPATCH,UNIT_SCADA,1,"2022/10/20 14:05:00",LADBROK2,0.02
D,DISPATCH,UNIT_SCADA,1,"2022/10/20 14:05:00",LBBG1,0
D,DISPATCH,UNIT_SCADA,1,"2022/10/20 14:05:00",LBBL1,3.15
D,DISPATCH,UNIT_SCADA,1,"2022/10/20 14:05:00",LD01,269.777530
D,DISPATCH,UNIT_SCADA,1,"2022/10/20 14:05:00",LD02,0
D,DISPATCH,UNIT_SCADA,1,"2022/10/20 14:05:00",LD04,273.000270
D,DISPATCH,UNIT_SCADA,1,"2022/10/20 14:05:00",LEM_WIL,78.497530
D,DISPATCH,UNIT_SCADA,1,"2022/10/20 14:05:00",LGAPWF1,57.50
D,DISPATCH,UNIT_SCADA,1,"2022/10/20 14:05:00",LGAPWF2,36.60
D,DISPATCH,UNIT_SCADA,1,"2022/10/20 14:05:00",LILYSF1,78.1189
D,DISPATCH,UNIT_SCADA,1,"2022/10/20 14:05:00",LIMOSF11,192.370330
D,DISPATCH,UNIT_SCADA,1,"2022/10/20 14:05:00",LIMOSF21,16.410990
D,DISPATCH,UNIT_SCADA,1,"2022/10/20 14:05:00",LI_WY_CA,53.806480
D,DISPATCH,UNIT_SCADA,1,"2022/10/20 14:05:00",LKBONNY1,0
D,DISPATCH,UNIT_SCADA,1,"2022/10/20 14:05:00",LKBONNY2,16.840280
D,DISPATCH,UNIT_SCADA,1,"2022/10/20 14:05:00",LKBONNY3,3.070210
D,DISPATCH,UNIT_SCADA,1,"2022/10/20 14:05:00",LK_ECHO,0
D,DISPATCH,UNIT_SCADA,1,"2022/10/20 14:05:00",LNGS1,0
D,DISPATCH,UNIT_SCADA,1,"2022/10/20 14:05:00",LNGS2,0
D,DISPATCH,UNIT_SCADA,1,"2022/10/20 14:05:00",LONSDALE,0
D,DISPATCH,UNIT_SCADA,1,"2022/10/20 14:05:00",LOYYB1,454.131650
D,DISPATCH,UNIT_SCADA,1,"2022/10/20 14:05:00",LOYYB2,454.883540
D,DISPATCH,UNIT_SCADA,1,"2022/10/20 14:05:00",LYA1,386
D,DISPATCH,UNIT_SCADA,1,"2022/10/20 14:05:00",LYA2,0
D,DISPATCH,UNIT_SCADA,1,"2022/10/20 14:05:00",LYA3,400
D,DISPATCH,UNIT_SCADA,1,"2022/10/20 14:05:00",LYA4,393
D,DISPATCH,UNIT_SCADA,1,"2022/10/20 14:05:00",MACARTH1,57.998660
D,DISPATCH,UNIT_SCADA,1,"2022/10/20 14:05:00",MACKNTSH,0
D,DISPATCH,UNIT_SCADA,1,"2022/10/20 14:05:00",MANSLR1,35.2990
D,DISPATCH,UNIT_SCADA,1,"2022/10/20 14:05:00",MAPS2PV1,0
D,DISPATCH,UNIT_SCADA,1,"2022/10/20 14:05:00",MAPS3PV1,0
D,DISPATCH,UNIT_SCADA,1,"2022/10/20 14:05:00",MARYRSF1,5.01
D,DISPATCH,UNIT_SCADA,1,"2022/10/20 14:05:00",MBPS2PV1,0
D,DISPATCH,UNIT_SCADA,1,"2022/10/20 14:05:00",MCKAY1,0.02
D,DISPATCH,UNIT_SCADA,1,"2022/10/20 14:05:00",MEADOWBK,5.7160
D,DISPATCH,UNIT_SCADA,1,"2022/10/20 14:05:00",MERCER01,27.70
D,DISPATCH,UNIT_SCADA,1,"2022/10/20 14:05:00",METZSF1,0.787020
D,DISPATCH,UNIT_SCADA,1,"2022/10/20 14:05:00",MEWF1,8.197120
D,DISPATCH,UNIT_SCADA,1,"2022/10/20 14:05:00",MIDDLSF1,13.27
D,DISPATCH,UNIT_SCADA,1,"2022/10/20 14:05:00",MINTARO,0.128180
D,DISPATCH,UNIT_SCADA,1,"2022/10/20 14:05:00",MOLNGSF1,21.874110
D,DISPATCH,UNIT_SCADA,1,"2022/10/20 14:05:00",MOORAWF1,57.26
D,DISPATCH,UNIT_SCADA,1,"2022/10/20 14:05:00",MOREESF1,32.2080
D,DISPATCH,UNIT_SCADA,1,"2022/10/20 14:05:00",MORTLK11,0
D,DISPATCH,UNIT_SCADA,1,"2022/10/20 14:05:00",MORTLK12,0
D,DISPATCH,UNIT_SCADA,1,"2022/10/20 14:05:00",MOUSF1,0
D,DISPATCH,UNIT_SCADA,1,"2022/10/20 14:05:00",MP1,0
D,DISPATCH,UNIT_SCADA,1,"2022/10/20 14:05:00",MP2,335.637450
D,DISPATCH,UNIT_SCADA,1,"2022/10/20 14:05:00",MPP_1,162.557330
D,DISPATCH,UNIT_SCADA,1,"2022/10/20 14:05:00",MPP_2,181.8756
D,DISPATCH,UNIT_SCADA,1,"2022/10/20 14:05:00",MRTLSWF1,0
D,DISPATCH,UNIT_SCADA,1,"2022/10/20 14:05:00",MSTUART1,0
D,DISPATCH,UNIT_SCADA,1,"2022/10/20 14:05:00",MSTUART2,0
D,DISPATCH,UNIT_SCADA,1,"2022/10/20 14:05:00",MSTUART3,0
D,DISPATCH,UNIT_SCADA,1,"2022/10/20 14:05:00",MTGELWF1,45.339820
D,DISPATCH,UNIT_SCADA,1,"2022/10/20 14:05:00",MTMILLAR,1.90
D,DISPATCH,UNIT_SCADA,1,"2022/10/20 14:05:00",MURRAY,0
D,DISPATCH,UNIT_SCADA,1,"2022/10/20 14:05:00",MUSSELR1,4
D,DISPATCH,UNIT_SCADA,1,"2022/10/20 14:05:00",MUWAWF1,30.77
D,DISPATCH,UNIT_SCADA,1,"2022/10/20 14:05:00",MUWAWF2,18.60
D,DISPATCH,UNIT_SCADA,1,"2022/10/20 14:05:00",MWPS1PV1,4.56
D,DISPATCH,UNIT_SCADA,1,"2022/10/20 14:05:00",MWPS2PV1,2.95
D,DISPATCH,UNIT_SCADA,1,"2022/10/20 14:05:00",MWPS3PV1,0.50
D,DISPATCH,UNIT_SCADA,1,"2022/10/20 14:05:00",MWPS4PV1,1.60
D,DISPATCH,UNIT_SCADA,1,"2022/10/20 14:05:00",NBHWF1,0
D,DISPATCH,UNIT_SCADA,1,"2022/10/20 14:05:00",NEVERSF1,8.51
D,DISPATCH,UNIT_SCADA,1,"2022/10/20 14:05:00",NPS,0
D,DISPATCH,UNIT_SCADA,1,"2022/10/20 14:05:00",NUMURSF1,86.46
D,DISPATCH,UNIT_SCADA,1,"2022/10/20 14:05:00",NYNGAN1,0.25
D,DISPATCH,UNIT_SCADA,1,"2022/10/20 14:05:00",OAKEY1,0
D,DISPATCH,UNIT_SCADA,1,"2022/10/20 14:05:00",OAKEY1SF,9.2910
D,DISPATCH,UNIT_SCADA,1,"2022/10/20 14:05:00",OAKEY2,0
D,DISPATCH,UNIT_SCADA,1,"2022/10/20 14:05:00",OAKEY2SF,21.21
D,DISPATCH,UNIT_SCADA,1,"2022/10/20 14:05:00",OAKLAND1,9.50
D,DISPATCH,UNIT_SCADA,1,"2022/10/20 14:05:00",OSB-AG,0
D,DISPATCH,UNIT_SCADA,1,"2022/10/20 14:05:00",PAREPS1,0
D,DISPATCH,UNIT_SCADA,1,"2022/10/20 14:05:00",PAREPW1,81.34
D,DISPATCH,UNIT_SCADA,1,"2022/10/20 14:05:00",PARSF1,27.598990
D,DISPATCH,UNIT_SCADA,1,"2022/10/20 14:05:00",POAT110,0
D,DISPATCH,UNIT_SCADA,1,"2022/10/20 14:05:00",POAT220,0
D,DISPATCH,UNIT_SCADA,1,"2022/10/20 14:05:00",POR01,0.008670
D,DISPATCH,UNIT_SCADA,1,"2022/10/20 14:05:00",POR03,0
D,DISPATCH,UNIT_SCADA,1,"2022/10/20 14:05:00",PPCCGT,0
D,DISPATCH,UNIT_SCADA,1,"2022/10/20 14:05:00",PTSTAN1,0
D,DISPATCH,UNIT_SCADA,1,"2022/10/20 14:05:00",PUMP1,0
D,DISPATCH,UNIT_SCADA,1,"2022/10/20 14:05:00",PUMP2,0
D,DISPATCH,UNIT_SCADA,1,"2022/10/20 14:05:00",QBYNBG1,0
D,DISPATCH,UNIT_SCADA,1,"2022/10/20 14:05:00",QBYNBL1,1.280480
D,DISPATCH,UNIT_SCADA,1,"2022/10/20 14:05:00",QPS1,0
D,DISPATCH,UNIT_SCADA,1,"2022/10/20 14:05:00",QPS2,0
D,DISPATCH,UNIT_SCADA,1,"2022/10/20 14:05:00",QPS3,0
D,DISPATCH,UNIT_SCADA,1,"2022/10/20 14:05:00",QPS4,0
D,DISPATCH,UNIT_SCADA,1,"2022/10/20 14:05:00",QPS5,73.50
D,DISPATCH,UNIT_SCADA,1,"2022/10/20 14:05:00",REECE1,0
D,DISPATCH,UNIT_SCADA,1,"2022/10/20 14:05:00",REECE2,0
D,DISPATCH,UNIT_SCADA,1,"2022/10/20 14:05:00",ROMA_7,0
D,DISPATCH,UNIT_SCADA,1,"2022/10/20 14:05:00",ROMA_8,0
D,DISPATCH,UNIT_SCADA,1,"2022/10/20 14:05:00",RRSF1,24.109420
D,DISPATCH,UNIT_SCADA,1,"2022/10/20 14:05:00",RT_NSW1,0
D,DISPATCH,UNIT_SCADA,1,"2022/10/20 14:05:00",RT_NSW2,0
D,DISPATCH,UNIT_SCADA,1,"2022/10/20 14:05:00",RT_NSW3,0
D,DISPATCH,UNIT_SCADA,1,"2022/10/20 14:05:00",RT_NSW4,0
D,DISPATCH,UNIT_SCADA,1,"2022/10/20 14:05:00",RT_NSW5,0
D,DISPATCH,UNIT_SCADA,1,"2022/10/20 14:05:00",RT_NSW6,0
D,DISPATCH,UNIT_SCADA,1,"2022/10/20 14:05:00",RT_QLD1,0
D,DISPATCH,UNIT_SCADA,1,"2022/10/20 14:05:00",RT_SA1,0
D,DISPATCH,UNIT_SCADA,1,"2022/10/20 14:05:00",RT_SA2,0
D,DISPATCH,UNIT_SCADA,1,"2022/10/20 14:05:00",RT_SA3,0
D,DISPATCH,UNIT_SCADA,1,"2022/10/20 14:05:00",RT_SA4,0
D,DISPATCH,UNIT_SCADA,1,"2022/10/20 14:05:00",RT_SA5,0
D,DISPATCH,UNIT_SCADA,1,"2022/10/20 14:05:00",RT_SA6,0
D,DISPATCH,UNIT_SCADA,1,"2022/10/20 14:05:00",RT_TAS1,0
D,DISPATCH,UNIT_SCADA,1,"2022/10/20 14:05:00",RT_VIC1,0
D,DISPATCH,UNIT_SCADA,1,"2022/10/20 14:05:00",RT_VIC10,0
D,DISPATCH,UNIT_SCADA,1,"2022/10/20 14:05:00",RT_VIC11,0
D,DISPATCH,UNIT_SCADA,1,"2022/10/20 14:05:00",RT_VIC12,0
D,DISPATCH,UNIT_SCADA,1,"2022/10/20 14:05:00",RT_VIC2,0
D,DISPATCH,UNIT_SCADA,1,"2022/10/20 14:05:00",RT_VIC3,0
D,DISPATCH,UNIT_SCADA,1,"2022/10/20 14:05:00",RT_VIC4,0
D,DISPATCH,UNIT_SCADA,1,"2022/10/20 14:05:00",RT_VIC5,0
D,DISPATCH,UNIT_SCADA,1,"2022/10/20 14:05:00",RT_VIC6,0
D,DISPATCH,UNIT_SCADA,1,"2022/10/20 14:05:00",RT_VIC7,0
D,DISPATCH,UNIT_SCADA,1,"2022/10/20 14:05:00",RT_VIC8,0
D,DISPATCH,UNIT_SCADA,1,"2022/10/20 14:05:00",RT_VIC9,0
D,DISPATCH,UNIT_SCADA,1,"2022/10/20 14:05:00",RUGBYR1,0.190420
D,DISPATCH,UNIT_SCADA,1,"2022/10/20 14:05:00",SALTCRK1,14.63
D,DISPATCH,UNIT_SCADA,1,"2022/10/20 14:05:00",SAPHWF1,1.844820
D,DISPATCH,UNIT_SCADA,1,"2022/10/20 14:05:00",SEBSF1,5.1609
D,DISPATCH,UNIT_SCADA,1,"2022/10/20 14:05:00",SHGEN,0
D,DISPATCH,UNIT_SCADA,1,"2022/10/20 14:05:00",SHPUMP,0
D,DISPATCH,UNIT_SCADA,1,"2022/10/20 14:05:00",SITHE01,0.123710
D,DISPATCH,UNIT_SCADA,1,"2022/10/20 14:05:00",SMCSF1,85.7620
D,DISPATCH,UNIT_SCADA,1,"2022/10/20 14:05:00",SNAPPER1,0
D,DISPATCH,UNIT_SCADA,1,"2022/10/20 14:05:00",SNOWNTH1,26.70
D,DISPATCH,UNIT_SCADA,1,"2022/10/20 14:05:00",SNOWSTH1,17.50
D,DISPATCH,UNIT_SCADA,1,"2022/10/20 14:05:00",SNOWTWN1,27.365750
D,DISPATCH,UNIT_SCADA,1,"2022/10/20 14:05:00",SNOWYP,0
D,DISPATCH,UNIT_SCADA,1,"2022/10/20 14:05:00",SNUG1,0
D,DISPATCH,UNIT_SCADA,1,"2022/10/20 14:05:00",SRSF1,3.31
D,DISPATCH,UNIT_SCADA,1,"2022/10/20 14:05:00",STAN-1,334.724030
D,DISPATCH,UNIT_SCADA,1,"2022/10/20 14:05:00",STAN-2,359.231660
D,DISPATCH,UNIT_SCADA,1,"2022/10/20 14:05:00",STAN-3,158.991990
D,DISPATCH,UNIT_SCADA,1,"2022/10/20 14:05:00",STAN-4,360.859530
D,DISPATCH,UNIT_SCADA,1,"2022/10/20 14:05:00",STARHLWF,5.398430
D,DISPATCH,UNIT_SCADA,1,"2022/10/20 14:05:00",STOCKYD1,130.39
D,DISPATCH,UNIT_SCADA,1,"2022/10/20 14:05:00",STWF1,0
D,DISPATCH,UNIT_SCADA,1,"2022/10/20 14:05:00",SUNRSF1,74.163420
D,DISPATCH,UNIT_SCADA,1,"2022/10/20 14:05:00",SUNTPSF1,7.746090
D,DISPATCH,UNIT_SCADA,1,"2022/10/20 14:05:00",SWAN_E,190.421250
D,DISPATCH,UNIT_SCADA,1,"2022/10/20 14:05:00",TALWA1,0
D,DISPATCH,UNIT_SCADA,1,"2022/10/20 14:05:00",TARALGA1,0
D,DISPATCH,UNIT_SCADA,1,"2022/10/20 14:05:00",TARONG#1,341.100010
D,DISPATCH,UNIT_SCADA,1,"2022/10/20 14:05:00",TARONG#2,340.700010
D,DISPATCH,UNIT_SCADA,1,"2022/10/20 14:05:00",TARONG#3,0.90
D,DISPATCH,UNIT_SCADA,1,"2022/10/20 14:05:00",TARONG#4,281.899990
D,DISPATCH,UNIT_SCADA,1,"2022/10/20 14:05:00",TARRALEA,54
D,DISPATCH,UNIT_SCADA,1,"2022/10/20 14:05:00",TBSF1,0.10
D,DISPATCH,UNIT_SCADA,1,"2022/10/20 14:05:00",TNPS1,317.3125
D,DISPATCH,UNIT_SCADA,1,"2022/10/20 14:05:00",TORRB1,0
D,DISPATCH,UNIT_SCADA,1,"2022/10/20 14:05:00",TORRB2,40
D,DISPATCH,UNIT_SCADA,1,"2022/10/20 14:05:00",TORRB3,0
D,DISPATCH,UNIT_SCADA,1,"2022/10/20 14:05:00",TORRB4,0
D,DISPATCH,UNIT_SCADA,1,"2022/10/20 14:05:00",TREVALLN,99.805450
D,DISPATCH,UNIT_SCADA,1,"2022/10/20 14:05:00",TRIBUTE,0
D,DISPATCH,UNIT_SCADA,1,"2022/10/20 14:05:00",TUMUT3,137.989990
D,DISPATCH,UNIT_SCADA,1,"2022/10/20 14:05:00",TUNGATIN,3.210020
D,DISPATCH,UNIT_SCADA,1,"2022/10/20 14:05:00",TVCC201,0
D,DISPATCH,UNIT_SCADA,1,"2022/10/20 14:05:00",TVPP104,0
D,DISPATCH,UNIT_SCADA,1,"2022/10/20 14:05:00",UPPTUMUT,0
D,DISPATCH,UNIT_SCADA,1,"2022/10/20 14:05:00",URANQ11,0
D,DISPATCH,UNIT_SCADA,1,"2022/10/20 14:05:00",URANQ12,0
D,DISPATCH,UNIT_SCADA,1,"2022/10/20 14:05:00",URANQ13,0
D,DISPATCH,UNIT_SCADA,1,"2022/10/20 14:05:00",URANQ14,0
D,DISPATCH,UNIT_SCADA,1,"2022/10/20 14:05:00",VBBG1,0
D,DISPATCH,UNIT_SCADA,1,"2022/10/20 14:05:00",VBBL1,23.50
D,DISPATCH,UNIT_SCADA,1,"2022/10/20 14:05:00",VP5,546.354550
D,DISPATCH,UNIT_SCADA,1,"2022/10/20 14:05:00",VP6,552.165280
D,DISPATCH,UNIT_SCADA,1,"2022/10/20 14:05:00",VPGS1,0
D,DISPATCH,UNIT_SCADA,1,"2022/10/20 14:05:00",VPGS2,0
D,DISPATCH,UNIT_SCADA,1,"2022/10/20 14:05:00",VPGS3,0
D,DISPATCH,UNIT_SCADA,1,"2022/10/20 14:05:00",VPGS4,0
D,DISPATCH,UNIT_SCADA,1,"2022/10/20 14:05:00",VPGS5,0
D,DISPATCH,UNIT_SCADA,1,"2022/10/20 14:05:00",VPGS6,0
D,DISPATCH,UNIT_SCADA,1,"2022/10/20 14:05:00",W/HOE#1,0
D,DISPATCH,UNIT_SCADA,1,"2022/10/20 14:05:00",W/HOE#2,0
D,DISPATCH,UNIT_SCADA,1,"2022/10/20 14:05:00",WAGGNSF1,0
D,DISPATCH,UNIT_SCADA,1,"2022/10/20 14:05:00",WALGRVG1,0
D,DISPATCH,UNIT_SCADA,1,"2022/10/20 14:05:00",WALGRVL1,8.272020
D,DISPATCH,UNIT_SCADA,1,"2022/10/20 14:05:00",WANDBG1,0
D,DISPATCH,UNIT_SCADA,1,"2022/10/20 14:05:00",WANDBL1,1.201050
D,DISPATCH,UNIT_SCADA,1,"2022/10/20 14:05:00",WARWSF1,15.97
D,DISPATCH,UNIT_SCADA,1,"2022/10/20 14:05:00",WARWSF2,15.93
D,DISPATCH,UNIT_SCADA,1,"2022/10/20 14:05:00",WATERLWF,4.70
D,DISPATCH,UNIT_SCADA,1,"2022/10/20 14:05:00",WDGPH1,145.3950
D,DISPATCH,UNIT_SCADA,1,"2022/10/20 14:05:00",WELLSF1,23.733880
D,DISPATCH,UNIT_SCADA,1,"2022/10/20 14:05:00",WEMENSF1,51.20
D,DISPATCH,UNIT_SCADA,1,"2022/10/20 14:05:00",WGWF1,4.40
D,DISPATCH,UNIT_SCADA,1,"2022/10/20 14:05:00",WHITSF1,30.80
D,DISPATCH,UNIT_SCADA,1,"2022/10/20 14:05:00",WINTSF1,40.91
D,DISPATCH,UNIT_SCADA,1,"2022/10/20 14:05:00",WKIEWA1,31.20
D,DISPATCH,UNIT_SCADA,1,"2022/10/20 14:05:00",WKIEWA2,13.70
D,DISPATCH,UNIT_SCADA,1,"2022/10/20 14:05:00",WOODLWN1,16.993910
D,DISPATCH,UNIT_SCADA,1,"2022/10/20 14:05:00",WOOLGSF1,10.553860
D,DISPATCH,UNIT_SCADA,1,"2022/10/20 14:05:00",WPWF,32.32
D,DISPATCH,UNIT_SCADA,1,"2022/10/20 14:05:00",WRSF1,4.9794
D,DISPATCH,UNIT_SCADA,1,"2022/10/20 14:05:00",WRWF1,0
D,DISPATCH,UNIT_SCADA,1,"2022/10/20 14:05:00",WSTWYSF1,0.986020
D,DISPATCH,UNIT_SCADA,1,"2022/10/20 14:05:00",YABULU,0
D,DISPATCH,UNIT_SCADA,1,"2022/10/20 14:05:00",YABULU2,0
D,DISPATCH,UNIT_SCADA,1,"2022/10/20 14:05:00",YARANSF1,15.88
D,DISPATCH,UNIT_SCADA,1,"2022/10/20 14:05:00",YARWUN_1,160.91
D,DISPATCH,UNIT_SCADA,1,"2022/10/20 14:05:00",YATSF1,23.19
D,DISPATCH,UNIT_SCADA,1,"2022/10/20 14:05:00",YENDWF1,35.23
D,DISPATCH,UNIT_SCADA,1,"2022/10/20 14:05:00",YWPS1,293.481020
D,DISPATCH,UNIT_SCADA,1,"2022/10/20 14:05:00",YWPS2,282.7038
D,DISPATCH,UNIT_SCADA,1,"2022/10/20 14:05:00",YWPS3,300.956970
D,DISPATCH,UNIT_SCADA,1,"2022/10/20 14:05:00",YWPS4,0
C,"END OF REPORT",419
