C,NEMP.WORLD,DISPATCHSCADA,AEMO,PUBLIC,2022/10/20,09:05:11,0000000373242783,DISPATCHSCADA,0000000373242777
I,DISPATCH,UNIT_SCADA,1,SETTLEMENTDATE,DUID,SCADAVALUE
D,DISPATCH,UNIT_SCADA,1,"2022/10/20 09:10:00",BARCSF1,11.10
D,DISPATCH,UNIT_SCADA,1,"2022/10/20 09:10:00",BUTLERSG,8.699999
D,DISPATCH,UNIT_SCADA,1,"2022/10/20 09:10:00",CAPTL_WF,46.528053
D,DISPATCH,UNIT_SCADA,1,"2022/10/20 09:10:00",CHALLHWF,3.20
D,DISPATCH,UNIT_SCADA,1,"2022/10/20 09:10:00",CLOVER,13.26
D,DISPATCH,UNIT_SCADA,1,"2022/10/20 09:10:00",CLUNY,6.228885
D,DISPATCH,UNIT_SCADA,1,"2022/10/20 09:10:00",CULLRGWF,-0.03
D,DISPATCH,UNIT_SCADA,1,"2022/10/20 09:10:00",DIAPURWF1,4.50
D,DISPATCH,UNIT_SCADA,1,"2022/10/20 09:10:00",ERGT01,0
D,DISPATCH,UNIT_SCADA,1,"2022/10/20 09:10:00",GB01,0
D,DISPATCH,UNIT_SCADA,1,"2022/10/20 09:10:00",GERMCRK,19.700001
D,DISPATCH,UNIT_SCADA,1,"2022/10/20 09:10:00",GRIFSF1,2.299535
D,DISPATCH,UNIT_SCADA,1,"2022/10/20 09:10:00",HEZ1,0
D,DISPATCH,UNIT_SCADA,1,"2022/10/20 09:10:00",HUGSF1,6.7880
D,DISPATCH,UNIT_SCADA,1,"2022/10/20 09:10:00",KEPBG1,0.01
D,DISPATCH,UNIT_SCADA,1,"2022/10/20 09:10:00",LRSF1,11.966001
D,DISPATCH,UNIT_SCADA,1,"2022/10/20 09:10:00",MBAHNTH,45.112503
D,DISPATCH,UNIT_SCADA,1,"2022/10/20 09:10:00",MLSP1,8.513001
D,DISPATCH,UNIT_SCADA,1,"2022/10/20 09:10:00",MLWF1,4.3350
D,DISPATCH,UNIT_SCADA,1,"2022/10/20 09:10:00",PALOONA,29.949999
D,DISPATCH,UNIT_SCADA,1,"2022/10/20 09:10:00",PIONEER,38.200001
D,DISPATCH,UNIT_SCADA,1,"2022/10/20 09:10:00",PORTWF,61.50
D,DISPATCH,UNIT_SCADA,1,"2022/10/20 09:10:00",REPULSE,9.651636
D,DISPATCH,UNIT_SCADA,1,"2022/10/20 09:10:00",ROWALLAN,8.9247
D,DISPATCH,UNIT_SCADA,1,"2022/10/20 09:10:00",ROYALLA1,12.807003
D,DISPATCH,UNIT_SCADA,1,"2022/10/20 09:10:00",RPCG,-1.80
D,DISPATCH,UNIT_SCADA,1,"2022/10/20 09:10:00",RUBICON,0
D,DISPATCH,UNIT_SCADA,1,"2022/10/20 09:10:00",WAUBRAWF,9.9710
D,DISPATCH,UNIT_SCADA,1,"2022/10/20 09:10:00",WOOLNTH1,0.34
D,DISPATCH,UNIT_SCADA,1,"2022/10/20 09:10:00",YAMBUKWF,5.90
D,DISPATCH,UNIT_SCADA,1,"2022/10/20 09:10:00",YSWF1,0.60
D,DISPATCH,UNIT_SCADA,1,"2022/10/20 09:10:00",ADPBA1G,0.0080
D,DISPATCH,UNIT_SCADA,1,"2022/10/20 09:10:00",ADPBA1L,0
D,DISPATCH,UNIT_SCADA,1,"2022/10/20 09:10:00",ADPPV1,0.0620
D,DISPATCH,UNIT_SCADA,1,"2022/10/20 09:10:00",AGLHAL,0
D,DISPATCH,UNIT_SCADA,1,"2022/10/20 09:10:00",AGLSOM,0
D,DISPATCH,UNIT_SCADA,1,"2022/10/20 09:10:00",ANGAST1,0
D,DISPATCH,UNIT_SCADA,1,"2022/10/20 09:10:00",ARWF1,2.90
D,DISPATCH,UNIT_SCADA,1,"2022/10/20 09:10:00",BALBG1,0
D,DISPATCH,UNIT_SCADA,1,"2022/10/20 09:10:00",BALBL1,0
D,DISPATCH,UNIT_SCADA,1,"2022/10/20 09:10:00",BALDHWF1,3.7530
D,DISPATCH,UNIT_SCADA,1,"2022/10/20 09:10:00",BANGOWF1,29.397420
D,DISPATCH,UNIT_SCADA,1,"2022/10/20 09:10:00",BANGOWF2,36.699090
D,DISPATCH,UNIT_SCADA,1,"2022/10/20 09:10:00",BANN1,12.36
D,DISPATCH,UNIT_SCADA,1,"2022/10/20 09:10:00",BARCALDN,0
D,DISPATCH,UNIT_SCADA,1,"2022/10/20 09:10:00",BARKIPS1,0
D,DISPATCH,UNIT_SCADA,1,"2022/10/20 09:10:00",BARRON-1,0
D,DISPATCH,UNIT_SCADA,1,"2022/10/20 09:10:00",BARRON-2,0
D,DISPATCH,UNIT_SCADA,1,"2022/10/20 09:10:00",BASTYAN,51.35
D,DISPATCH,UNIT_SCADA,1,"2022/10/20 09:10:00",BBTHREE1,0
D,DISPATCH,UNIT_SCADA,1,"2022/10/20 09:10:00",BBTHREE2,0
D,DISPATCH,UNIT_SCADA,1,"2022/10/20 09:10:00",BBTHREE3,-1.02
D,DISPATCH,UNIT_SCADA,1,"2022/10/20 09:10:00",BDL01,0
D,DISPATCH,UNIT_SCADA,1,"2022/10/20 09:10:00",BDL02,0
D,DISPATCH,UNIT_SCADA,1,"2022/10/20 09:10:00",BERYLSF1,2.690910
D,DISPATCH,UNIT_SCADA,1,"2022/10/20 09:10:00",BLOWERNG,62.50
D,DISPATCH,UNIT_SCADA,1,"2022/10/20 09:10:00",BLUEGSF1,38.129670
D,DISPATCH,UNIT_SCADA,1,"2022/10/20 09:10:00",BLUFF1,42.60
D,DISPATCH,UNIT_SCADA,1,"2022/10/20 09:10:00",BNGSF1,109.98
D,DISPATCH,UNIT_SCADA,1,"2022/10/20 09:10:00",BNGSF2,110.36
D,DISPATCH,UNIT_SCADA,1,"2022/10/20 09:10:00",BOCORWF1,0
D,DISPATCH,UNIT_SCADA,1,"2022/10/20 09:10:00",BODWF1,104.190650
D,DISPATCH,UNIT_SCADA,1,"2022/10/20 09:10:00",BOMENSF1,20.301210
D,DISPATCH,UNIT_SCADA,1,"2022/10/20 09:10:00",BOWWBA1G,0
D,DISPATCH,UNIT_SCADA,1,"2022/10/20 09:10:00",BOWWBA1L,0
D,DISPATCH,UNIT_SCADA,1,"2022/10/20 09:10:00",BOWWPV1,0.0010
D,DISPATCH,UNIT_SCADA,1,"2022/10/20 09:10:00",BRAEMAR1,0
D,DISPATCH,UNIT_SCADA,1,"2022/10/20 09:10:00",BRAEMAR2,0
D,DISPATCH,UNIT_SCADA,1,"2022/10/20 09:10:00",BRAEMAR3,0
D,DISPATCH,UNIT_SCADA,1,"2022/10/20 09:10:00",BRAEMAR5,0.292060
D,DISPATCH,UNIT_SCADA,1,"2022/10/20 09:10:00",BRAEMAR6,0
D,DISPATCH,UNIT_SCADA,1,"2022/10/20 09:10:00",BRAEMAR7,0.130920
D,DISPATCH,UNIT_SCADA,1,"2022/10/20 09:10:00",BROKENH1,8.299870
D,DISPATCH,UNIT_SCADA,1,"2022/10/20 09:10:00",BRYB1WF1,97.459370
D,DISPATCH,UNIT_SCADA,1,"2022/10/20 09:10:00",BULBESG1,0
D,DISPATCH,UNIT_SCADA,1,"2022/10/20 09:10:00",BULBESL1,0.15
D,DISPATCH,UNIT_SCADA,1,"2022/10/20 09:10:00",BULGANA1,10.13
D,DISPATCH,UNIT_SCADA,1,"2022/10/20 09:10:00",BW01,658.811340
D,DISPATCH,UNIT_SCADA,1,"2022/10/20 09:10:00",BW02,618.283390
D,DISPATCH,UNIT_SCADA,1,"2022/10/20 09:10:00",BW03,548.433650
D,DISPATCH,UNIT_SCADA,1,"2022/10/20 09:10:00",BW04,0
D,DISPATCH,UNIT_SCADA,1,"2022/10/20 09:10:00",CALL_B_1,320.100010
D,DISPATCH,UNIT_SCADA,1,"2022/10/20 09:10:00",CALL_B_2,318.399990
D,DISPATCH,UNIT_SCADA,1,"2022/10/20 09:10:00",CATHROCK,5
D,DISPATCH,UNIT_SCADA,1,"2022/10/20 09:10:00",CBWWBA1G,0
D,DISPATCH,UNIT_SCADA,1,"2022/10/20 09:10:00",CBWWBA1L,0
D,DISPATCH,UNIT_SCADA,1,"2022/10/20 09:10:00",CETHANA,98.124630
D,DISPATCH,UNIT_SCADA,1,"2022/10/20 09:10:00",CG1,0
D,DISPATCH,UNIT_SCADA,1,"2022/10/20 09:10:00",CG2,0
D,DISPATCH,UNIT_SCADA,1,"2022/10/20 09:10:00",CG3,0
D,DISPATCH,UNIT_SCADA,1,"2022/10/20 09:10:00",CG4,0
D,DISPATCH,UNIT_SCADA,1,"2022/10/20 09:10:00",CHILDSF1,33.13
D,DISPATCH,UNIT_SCADA,1,"2022/10/20 09:10:00",CHYTWF1,0.95
D,DISPATCH,UNIT_SCADA,1,"2022/10/20 09:10:00",CLARESF1,97.730560
D,DISPATCH,UNIT_SCADA,1,"2022/10/20 09:10:00",CLEMGPWF,10.589140
D,DISPATCH,UNIT_SCADA,1,"2022/10/20 09:10:00",CLERMSF1,22.26
D,DISPATCH,UNIT_SCADA,1,"2022/10/20 09:10:00",CNUNDAWF,0.200230
D,DISPATCH,UNIT_SCADA,1,"2022/10/20 09:10:00",COHUNSF1,5.05
D,DISPATCH,UNIT_SCADA,1,"2022/10/20 09:10:00",COLEASF1,25.402840
D,DISPATCH,UNIT_SCADA,1,"2022/10/20 09:10:00",COLUMSF1,15.51
D,DISPATCH,UNIT_SCADA,1,"2022/10/20 09:10:00",COLWF01,107.029830
D,DISPATCH,UNIT_SCADA,1,"2022/10/20 09:10:00",COOPGWF1,267.200010
D,DISPATCH,UNIT_SCADA,1,"2022/10/20 09:10:00",CPP_3,359.149990
D,DISPATCH,UNIT_SCADA,1,"2022/10/20 09:10:00",CPP_4,0
D,DISPATCH,UNIT_SCADA,1,"2022/10/20 09:10:00",CPSA,0
D,DISPATCH,UNIT_SCADA,1,"2022/10/20 09:10:00",CROOKWF2,30.782330
D,DISPATCH,UNIT_SCADA,1,"2022/10/20 09:10:00",CROWLWF1,27.459580
D,DISPATCH,UNIT_SCADA,1,"2022/10/20 09:10:00",CRURWF1,65.197450
D,DISPATCH,UNIT_SCADA,1,"2022/10/20 09:10:00",CRWASF1,30.238720
D,DISPATCH,UNIT_SCADA,1,"2022/10/20 09:10:00",CSPVPS1,30.7030
D,DISPATCH,UNIT_SCADA,1,"2022/10/20 09:10:00",CTHLWF1,0.003050
D,DISPATCH,UNIT_SCADA,1,"2022/10/20 09:10:00",DALNTH01,0
D,DISPATCH,UNIT_SCADA,1,"2022/10/20 09:10:00",DALNTHL1,0.068670
D,DISPATCH,UNIT_SCADA,1,"2022/10/20 09:10:00",DARLSF1,25.006550
D,DISPATCH,UNIT_SCADA,1,"2022/10/20 09:10:00",DARTM1,0
D,DISPATCH,UNIT_SCADA,1,"2022/10/20 09:10:00",DAYDSF1,70.09
D,DISPATCH,UNIT_SCADA,1,"2022/10/20 09:10:00",DDPS1,0
D,DISPATCH,UNIT_SCADA,1,"2022/10/20 09:10:00",DDSF1,22.934530
D,DISPATCH,UNIT_SCADA,1,"2022/10/20 09:10:00",DEVILS_G,57.872860
D,DISPATCH,UNIT_SCADA,1,"2022/10/20 09:10:00",DG_NSW1,0
D,DISPATCH,UNIT_SCADA,1,"2022/10/20 09:10:00",DG_QLD1,0
D,DISPATCH,UNIT_SCADA,1,"2022/10/20 09:10:00",DG_SA1,0
D,DISPATCH,UNIT_SCADA,1,"2022/10/20 09:10:00",DG_TAS1,0
D,DISPATCH,UNIT_SCADA,1,"2022/10/20 09:10:00",DG_VIC1,0
D,DISPATCH,UNIT_SCADA,1,"2022/10/20 09:10:00",DRYCGT1,0
D,DISPATCH,UNIT_SCADA,1,"2022/10/20 09:10:00",DRYCGT2,0
D,DISPATCH,UNIT_SCADA,1,"2022/10/20 09:10:00",DRYCGT3,0
D,DISPATCH,UNIT_SCADA,1,"2022/10/20 09:10:00",DUNDWF1,52.87
D,DISPATCH,UNIT_SCADA,1,"2022/10/20 09:10:00",DUNDWF2,14.20
D,DISPATCH,UNIT_SCADA,1,"2022/10/20 09:10:00",DUNDWF3,49.26
D,DISPATCH,UNIT_SCADA,1,"2022/10/20 09:10:00",EILDON1,60
D,DISPATCH,UNIT_SCADA,1,"2022/10/20 09:10:00",EILDON2,60.16
D,DISPATCH,UNIT_SCADA,1,"2022/10/20 09:10:00",ELAINWF1,16.12
D,DISPATCH,UNIT_SCADA,1,"2022/10/20 09:10:00",EMERASF1,0
D,DISPATCH,UNIT_SCADA,1,"2022/10/20 09:10:00",ER01,0
D,DISPATCH,UNIT_SCADA,1,"2022/10/20 09:10:00",ER02,477.534150
D,DISPATCH,UNIT_SCADA,1,"2022/10/20 09:10:00",ER03,438.886080
D,DISPATCH,UNIT_SCADA,1,"2022/10/20 09:10:00",ER04,440.9613
D,DISPATCH,UNIT_SCADA,1,"2022/10/20 09:10:00",FINLYSF1,121.605250
D,DISPATCH,UNIT_SCADA,1,"2022/10/20 09:10:00",FISHER,43.87
D,DISPATCH,UNIT_SCADA,1,"2022/10/20 09:10:00",GANGARR1,20.9250
D,DISPATCH,UNIT_SCADA,1,"2022/10/20 09:10:00",GANNBG1,0
D,DISPATCH,UNIT_SCADA,1,"2022/10/20 09:10:00",GANNBL1,4.702570
D,DISPATCH,UNIT_SCADA,1,"2022/10/20 09:10:00",GANNSF1,22.40
D,DISPATCH,UNIT_SCADA,1,"2022/10/20 09:10:00",GLRWNSF1,110.11
D,DISPATCH,UNIT_SCADA,1,"2022/10/20 09:10:00",GNNDHSF1,41.152440
D,DISPATCH,UNIT_SCADA,1,"2022/10/20 09:10:00",GOONSF1,27.838560
D,DISPATCH,UNIT_SCADA,1,"2022/10/20 09:10:00",GORDON,249.8338
D,DISPATCH,UNIT_SCADA,1,"2022/10/20 09:10:00",GRANWF1,0
D,DISPATCH,UNIT_SCADA,1,"2022/10/20 09:10:00",GSTONE1,178.849990
D,DISPATCH,UNIT_SCADA,1,"2022/10/20 09:10:00",GSTONE2,0
D,DISPATCH,UNIT_SCADA,1,"2022/10/20 09:10:00",GSTONE3,158.20
D,DISPATCH,UNIT_SCADA,1,"2022/10/20 09:10:00",GSTONE4,0
D,DISPATCH,UNIT_SCADA,1,"2022/10/20 09:10:00",GSTONE5,158.3750
D,DISPATCH,UNIT_SCADA,1,"2022/10/20 09:10:00",GSTONE6,158.3750
D,DISPATCH,UNIT_SCADA,1,"2022/10/20 09:10:00",GULLRSF1,0.964990
D,DISPATCH,UNIT_SCADA,1,"2022/10/20 09:10:00",GULLRWF1,65.294010
D,DISPATCH,UNIT_SCADA,1,"2022/10/20 09:10:00",GULLRWF2,87.929080
D,DISPATCH,UNIT_SCADA,1,"2022/10/20 09:10:00",GUNNING1,0
D,DISPATCH,UNIT_SCADA,1,"2022/10/20 09:10:00",GUTHEGA,67.50
D,DISPATCH,UNIT_SCADA,1,"2022/10/20 09:10:00",HALLWF1,22.60
D,DISPATCH,UNIT_SCADA,1,"2022/10/20 09:10:00",HALLWF2,55.91
D,DISPATCH,UNIT_SCADA,1,"2022/10/20 09:10:00",HAMISF1,28.80
D,DISPATCH,UNIT_SCADA,1,"2022/10/20 09:10:00",HAUGHT11,73.531390
D,DISPATCH,UNIT_SCADA,1,"2022/10/20 09:10:00",HAYMSF1,24.3380
D,DISPATCH,UNIT_SCADA,1,"2022/10/20 09:10:00",HDWF1,53.20
D,DISPATCH,UNIT_SCADA,1,"2022/10/20 09:10:00",HDWF2,29.80
D,DISPATCH,UNIT_SCADA,1,"2022/10/20 09:10:00",HDWF3,39
D,DISPATCH,UNIT_SCADA,1,"2022/10/20 09:10:00",HILLSTN1,17.033220
D,DISPATCH,UNIT_SCADA,1,"2022/10/20 09:10:00",HPRG1,0
D,DISPATCH,UNIT_SCADA,1,"2022/10/20 09:10:00",HPRL1,33.10
D,DISPATCH,UNIT_SCADA,1,"2022/10/20 09:10:00",HUMENSW,55.401170
D,DISPATCH,UNIT_SCADA,1,"2022/10/20 09:10:00",HUMEV,0
D,DISPATCH,UNIT_SCADA,1,"2022/10/20 09:10:00",HVWWBA1G,0
D,DISPATCH,UNIT_SCADA,1,"2022/10/20 09:10:00",HVWWBA1L,0.0070
D,DISPATCH,UNIT_SCADA,1,"2022/10/20 09:10:00",HVWWPV1,0.0180
D,DISPATCH,UNIT_SCADA,1,"2022/10/20 09:10:00",JBUTTERS,0
D,DISPATCH,UNIT_SCADA,1,"2022/10/20 09:10:00",JEMALNG1,11.38
D,DISPATCH,UNIT_SCADA,1,"2022/10/20 09:10:00",JLA01,0
D,DISPATCH,UNIT_SCADA,1,"2022/10/20 09:10:00",JLA02,0
D,DISPATCH,UNIT_SCADA,1,"2022/10/20 09:10:00",JLA03,0
D,DISPATCH,UNIT_SCADA,1,"2022/10/20 09:10:00",JLA04,0
D,DISPATCH,UNIT_SCADA,1,"2022/10/20 09:10:00",JLB01,0
D,DISPATCH,UNIT_SCADA,1,"2022/10/20 09:10:00",JLB02,0.10
D,DISPATCH,UNIT_SCADA,1,"2022/10/20 09:10:00",JLB03,0
D,DISPATCH,UNIT_SCADA,1,"2022/10/20 09:10:00",JUNEESF1,7.9127
D,DISPATCH,UNIT_SCADA,1,"2022/10/20 09:10:00",KABANWF1,0.0470
D,DISPATCH,UNIT_SCADA,1,"2022/10/20 09:10:00",KAREEYA1,0
D,DISPATCH,UNIT_SCADA,1,"2022/10/20 09:10:00",KAREEYA2,0
D,DISPATCH,UNIT_SCADA,1,"2022/10/20 09:10:00",KAREEYA3,4.9025
D,DISPATCH,UNIT_SCADA,1,"2022/10/20 09:10:00",KAREEYA4,0
D,DISPATCH,UNIT_SCADA,1,"2022/10/20 09:10:00",KARSF1,15.50
D,DISPATCH,UNIT_SCADA,1,"2022/10/20 09:10:00",KEPSF1,12.34
D,DISPATCH,UNIT_SCADA,1,"2022/10/20 09:10:00",KEPWF1,2.01
D,DISPATCH,UNIT_SCADA,1,"2022/10/20 09:10:00",KIAMSF1,27.943080
D,DISPATCH,UNIT_SCADA,1,"2022/10/20 09:10:00",KIATAWF1,12.10
D,DISPATCH,UNIT_SCADA,1,"2022/10/20 09:10:00",KPP_1,0
D,DISPATCH,UNIT_SCADA,1,"2022/10/20 09:10:00",KSP1,22.67
D,DISPATCH,UNIT_SCADA,1,"2022/10/20 09:10:00",LADBROK1,0.01
D,DISPATCH,UNIT_SCADA,1,"2022/10/20 09:10:00",LADBROK2,5.90
D,DISPATCH,UNIT_SCADA,1,"2022/10/20 09:10:00",LBBG1,0
D,DISPATCH,UNIT_SCADA,1,"2022/10/20 09:10:00",LBBL1,5.55
D,DISPATCH,UNIT_SCADA,1,"2022/10/20 09:10:00",LD01,302.810760
D,DISPATCH,UNIT_SCADA,1,"2022/10/20 09:10:00",LD02,0
D,DISPATCH,UNIT_SCADA,1,"2022/10/20 09:10:00",LD04,301.565610
D,DISPATCH,UNIT_SCADA,1,"2022/10/20 09:10:00",LEM_WIL,86.825880
D,DISPATCH,UNIT_SCADA,1,"2022/10/20 09:10:00",LGAPWF1,0
D,DISPATCH,UNIT_SCADA,1,"2022/10/20 09:10:00",LGAPWF2,0
D,DISPATCH,UNIT_SCADA,1,"2022/10/20 09:10:00",LILYSF1,10.158080
D,DISPATCH,UNIT_SCADA,1,"2022/10/20 09:10:00",LIMOSF11,16.269630
D,DISPATCH,UNIT_SCADA,1,"2022/10/20 09:10:00",LIMOSF21,2.746230
D,DISPATCH,UNIT_SCADA,1,"2022/10/20 09:10:00",LI_WY_CA,55.880810
D,DISPATCH,UNIT_SCADA,1,"2022/10/20 09:10:00",LKBONNY1,0
D,DISPATCH,UNIT_SCADA,1,"2022/10/20 09:10:00",LKBONNY2,0
D,DISPATCH,UNIT_SCADA,1,"2022/10/20 09:10:00",LKBONNY3,0
D,DISPATCH,UNIT_SCADA,1,"2022/10/20 09:10:00",LK_ECHO,0
D,DISPATCH,UNIT_SCADA,1,"2022/10/20 09:10:00",LNGS1,0
D,DISPATCH,UNIT_SCADA,1,"2022/10/20 09:10:00",LNGS2,0
D,DISPATCH,UNIT_SCADA,1,"2022/10/20 09:10:00",LONSDALE,0
D,DISPATCH,UNIT_SCADA,1,"2022/10/20 09:10:00",LOYYB1,516.539250
D,DISPATCH,UNIT_SCADA,1,"2022/10/20 09:10:00",LOYYB2,518.794920
D,DISPATCH,UNIT_SCADA,1,"2022/10/20 09:10:00",LYA1,518
D,DISPATCH,UNIT_SCADA,1,"2022/10/20 09:10:00",LYA2,0
D,DISPATCH,UNIT_SCADA,1,"2022/10/20 09:10:00",LYA3,471
D,DISPATCH,UNIT_SCADA,1,"2022/10/20 09:10:00",LYA4,470
D,DISPATCH,UNIT_SCADA,1,"2022/10/20 09:10:00",MACARTH1,56.4987
D,DISPATCH,UNIT_SCADA,1,"2022/10/20 09:10:00",MACKNTSH,0
D,DISPATCH,UNIT_SCADA,1,"2022/10/20 09:10:00",MANSLR1,10.9960
D,DISPATCH,UNIT_SCADA,1,"2022/10/20 09:10:00",MAPS2PV1,0
D,DISPATCH,UNIT_SCADA,1,"2022/10/20 09:10:00",MAPS3PV1,0
D,DISPATCH,UNIT_SCADA,1,"2022/10/20 09:10:00",MARYRSF1,5.74
D,DISPATCH,UNIT_SCADA,1,"2022/10/20 09:10:00",MBPS2PV1,0
D,DISPATCH,UNIT_SCADA,1,"2022/10/20 09:10:00",MCKAY1,0.02
D,DISPATCH,UNIT_SCADA,1,"2022/10/20 09:10:00",MEADOWBK,6.773460
D,DISPATCH,UNIT_SCADA,1,"2022/10/20 09:10:00",MERCER01,19.10
D,DISPATCH,UNIT_SCADA,1,"2022/10/20 09:10:00",METZSF1,56.399750
D,DISPATCH,UNIT_SCADA,1,"2022/10/20 09:10:00",MEWF1,1.023780
D,DISPATCH,UNIT_SCADA,1,"2022/10/20 09:10:00",MIDDLSF1,2.89
D,DISPATCH,UNIT_SCADA,1,"2022/10/20 09:10:00",MINTARO,0.128180
D,DISPATCH,UNIT_SCADA,1,"2022/10/20 09:10:00",MOLNGSF1,12.569770
D,DISPATCH,UNIT_SCADA,1,"2022/10/20 09:10:00",MOORAWF1,24.51
D,DISPATCH,UNIT_SCADA,1,"2022/10/20 09:10:00",MOREESF1,9.8820
D,DISPATCH,UNIT_SCADA,1,"2022/10/20 09:10:00",MORTLK11,0
D,DISPATCH,UNIT_SCADA,1,"2022/10/20 09:10:00",MORTLK12,0
D,DISPATCH,UNIT_SCADA,1,"2022/10/20 09:10:00",MOUSF1,0
D,DISPATCH,UNIT_SCADA,1,"2022/10/20 09:10:00",MP1,0
D,DISPATCH,UNIT_SCADA,1,"2022/10/20 09:10:00",MP2,350.2861
D,DISPATCH,UNIT_SCADA,1,"2022/10/20 09:10:00",MPP_1,172.0181
D,DISPATCH,UNIT_SCADA,1,"2022/10/20 09:10:00",MPP_2,74.892650
D,DISPATCH,UNIT_SCADA,1,"2022/10/20 09:10:00",MRTLSWF1,0
D,DISPATCH,UNIT_SCADA,1,"2022/10/20 09:10:00",MSTUART1,0
D,DISPATCH,UNIT_SCADA,1,"2022/10/20 09:10:00",MSTUART2,0
D,DISPATCH,UNIT_SCADA,1,"2022/10/20 09:10:00",MSTUART3,0
D,DISPATCH,UNIT_SCADA,1,"2022/10/20 09:10:00",MTGELWF1,37.894830
D,DISPATCH,UNIT_SCADA,1,"2022/10/20 09:10:00",MTMILLAR,1.40
D,DISPATCH,UNIT_SCADA,1,"2022/10/20 09:10:00",MURRAY,0
D,DISPATCH,UNIT_SCADA,1,"2022/10/20 09:10:00",MUSSELR1,98.50
D,DISPATCH,UNIT_SCADA,1,"2022/10/20 09:10:00",MUWAWF1,63.97
D,DISPATCH,UNIT_SCADA,1,"2022/10/20 09:10:00",MUWAWF2,44.10
D,DISPATCH,UNIT_SCADA,1,"2022/10/20 09:10:00",MWPS1PV1,0.13
D,DISPATCH,UNIT_SCADA,1,"2022/10/20 09:10:00",MWPS2PV1,0
D,DISPATCH,UNIT_SCADA,1,"2022/10/20 09:10:00",MWPS3PV1,0
D,DISPATCH,UNIT_SCADA,1,"2022/10/20 09:10:00",MWPS4PV1,0.01
D,DISPATCH,UNIT_SCADA,1,"2022/10/20 09:10:00",NBHWF1,64
D,DISPATCH,UNIT_SCADA,1,"2022/10/20 09:10:00",NEVERSF1,12.29
D,DISPATCH,UNIT_SCADA,1,"2022/10/20 09:10:00",NPS,0
D,DISPATCH,UNIT_SCADA,1,"2022/10/20 09:10:00",NUMURSF1,94.74
D,DISPATCH,UNIT_SCADA,1,"2022/10/20 09:10:00",NYNGAN1,24
D,DISPATCH,UNIT_SCADA,1,"2022/10/20 09:10:00",OAKEY1,0
D,DISPATCH,UNIT_SCADA,1,"2022/10/20 09:10:00",OAKEY1SF,3.8210
D,DISPATCH,UNIT_SCADA,1,"2022/10/20 09:10:00",OAKEY2,0
D,DISPATCH,UNIT_SCADA,1,"2022/10/20 09:10:00",OAKEY2SF,7.28
D,DISPATCH,UNIT_SCADA,1,"2022/10/20 09:10:00",OAKLAND1,9.80
D,DISPATCH,UNIT_SCADA,1,"2022/10/20 09:10:00",OSB-AG,0
D,DISPATCH,UNIT_SCADA,1,"2022/10/20 09:10:00",PAREPS1,0.0660
D,DISPATCH,UNIT_SCADA,1,"2022/10/20 09:10:00",PAREPW1,96.70
D,DISPATCH,UNIT_SCADA,1,"2022/10/20 09:10:00",PARSF1,20.698860
D,DISPATCH,UNIT_SCADA,1,"2022/10/20 09:10:00",POAT110,0
D,DISPATCH,UNIT_SCADA,1,"2022/10/20 09:10:00",POAT220,0
D,DISPATCH,UNIT_SCADA,1,"2022/10/20 09:10:00",POR01,0
D,DISPATCH,UNIT_SCADA,1,"2022/10/20 09:10:00",POR03,0
D,DISPATCH,UNIT_SCADA,1,"2022/10/20 09:10:00",PPCCGT,139.325820
D,DISPATCH,UNIT_SCADA,1,"2022/10/20 09:10:00",PTSTAN1,0
D,DISPATCH,UNIT_SCADA,1,"2022/10/20 09:10:00",PUMP1,0
D,DISPATCH,UNIT_SCADA,1,"2022/10/20 09:10:00",PUMP2,0
D,DISPATCH,UNIT_SCADA,1,"2022/10/20 09:10:00",QBYNBG1,0.0005
D,DISPATCH,UNIT_SCADA,1,"2022/10/20 09:10:00",QBYNBL1,0
D,DISPATCH,UNIT_SCADA,1,"2022/10/20 09:10:00",QPS1,0
D,DISPATCH,UNIT_SCADA,1,"2022/10/20 09:10:00",QPS2,0
D,DISPATCH,UNIT_SCADA,1,"2022/10/20 09:10:00",QPS3,0
D,DISPATCH,UNIT_SCADA,1,"2022/10/20 09:10:00",QPS4,0
D,DISPATCH,UNIT_SCADA,1,"2022/10/20 09:10:00",QPS5,73.97
D,DISPATCH,UNIT_SCADA,1,"2022/10/20 09:10:00",REECE1,44.570330
D,DISPATCH,UNIT_SCADA,1,"2022/10/20 09:10:00",REECE2,0
D,DISPATCH,UNIT_SCADA,1,"2022/10/20 09:10:00",ROMA_7,0
D,DISPATCH,UNIT_SCADA,1,"2022/10/20 09:10:00",ROMA_8,0
D,DISPATCH,UNIT_SCADA,1,"2022/10/20 09:10:00",RRSF1,43.981630
D,DISPATCH,UNIT_SCADA,1,"2022/10/20 09:10:00",RT_NSW1,0
D,DISPATCH,UNIT_SCADA,1,"2022/10/20 09:10:00",RT_NSW2,0
D,DISPATCH,UNIT_SCADA,1,"2022/10/20 09:10:00",RT_NSW3,0
D,DISPATCH,UNIT_SCADA,1,"2022/10/20 09:10:00",RT_NSW4,0
D,DISPATCH,UNIT_SCADA,1,"2022/10/20 09:10:00",RT_NSW5,0
D,DISPATCH,UNIT_SCADA,1,"2022/10/20 09:10:00",RT_NSW6,0
D,DISPATCH,UNIT_SCADA,1,"2022/10/20 09:10:00",RT_QLD1,0
D,DISPATCH,UNIT_SCADA,1,"2022/10/20 09:10:00",RT_SA1,0
D,DISPATCH,UNIT_SCADA,1,"2022/10/20 09:10:00",RT_SA2,0
D,DISPATCH,UNIT_SCADA,1,"2022/10/20 09:10:00",RT_SA3,0
D,DISPATCH,UNIT_SCADA,1,"2022/10/20 09:10:00",RT_SA4,0
D,DISPATCH,UNIT_SCADA,1,"2022/10/20 09:10:00",RT_SA5,0
D,DISPATCH,UNIT_SCADA,1,"2022/10/20 09:10:00",RT_SA6,0
D,DISPATCH,UNIT_SCADA,1,"2022/10/20 09:10:00",RT_TAS1,0
D,DISPATCH,UNIT_SCADA,1,"2022/10/20 09:10:00",RT_VIC1,0
D,DISPATCH,UNIT_SCADA,1,"2022/10/20 09:10:00",RT_VIC10,0
D,DISPATCH,UNIT_SCADA,1,"2022/10/20 09:10:00",RT_VIC11,0
D,DISPATCH,UNIT_SCADA,1,"2022/10/20 09:10:00",RT_VIC12,0
D,DISPATCH,UNIT_SCADA,1,"2022/10/20 09:10:00",RT_VIC2,0
D,DISPATCH,UNIT_SCADA,1,"2022/10/20 09:10:00",RT_VIC3,0
D,DISPATCH,UNIT_SCADA,1,"2022/10/20 09:10:00",RT_VIC4,0
D,DISPATCH,UNIT_SCADA,1,"2022/10/20 09:10:00",RT_VIC5,0
D,DISPATCH,UNIT_SCADA,1,"2022/10/20 09:10:00",RT_VIC6,0
D,DISPATCH,UNIT_SCADA,1,"2022/10/20 09:10:00",RT_VIC7,0
D,DISPATCH,UNIT_SCADA,1,"2022/10/20 09:10:00",RT_VIC8,0
D,DISPATCH,UNIT_SCADA,1,"2022/10/20 09:10:00",RT_VIC9,0
D,DISPATCH,UNIT_SCADA,1,"2022/10/20 09:10:00",RUGBYR1,16.573440
D,DISPATCH,UNIT_SCADA,1,"2022/10/20 09:10:00",SALTCRK1,26.18
D,DISPATCH,UNIT_SCADA,1,"2022/10/20 09:10:00",SAPHWF1,227.589840
D,DISPATCH,UNIT_SCADA,1,"2022/10/20 09:10:00",SEBSF1,87.409810
D,DISPATCH,UNIT_SCADA,1,"2022/10/20 09:10:00",SHGEN,0
D,DISPATCH,UNIT_SCADA,1,"2022/10/20 09:10:00",SHPUMP,0
D,DISPATCH,UNIT_SCADA,1,"2022/10/20 09:10:00",SITHE01,0.173950
D,DISPATCH,UNIT_SCADA,1,"2022/10/20 09:10:00",SMCSF1,93.18
D,DISPATCH,UNIT_SCADA,1,"2022/10/20 09:10:00",SNAPPER1,0
D,DISPATCH,UNIT_SCADA,1,"2022/10/20 09:10:00",SNOWNTH1,123.30
D,DISPATCH,UNIT_SCADA,1,"2022/10/20 09:10:00",SNOWSTH1,93.70
D,DISPATCH,UNIT_SCADA,1,"2022/10/20 09:10:00",SNOWTWN1,3.858190
D,DISPATCH,UNIT_SCADA,1,"2022/10/20 09:10:00",SNOWYP,0
D,DISPATCH,UNIT_SCADA,1,"2022/10/20 09:10:00",SNUG1,0
D,DISPATCH,UNIT_SCADA,1,"2022/10/20 09:10:00",SRSF1,25.40
D,DISPATCH,UNIT_SCADA,1,"2022/10/20 09:10:00",STAN-1,275.531430
D,DISPATCH,UNIT_SCADA,1,"2022/10/20 09:10:00",STAN-2,347.746920
D,DISPATCH,UNIT_SCADA,1,"2022/10/20 09:10:00",STAN-3,156.031080
D,DISPATCH,UNIT_SCADA,1,"2022/10/20 09:10:00",STAN-4,349.477330
D,DISPATCH,UNIT_SCADA,1,"2022/10/20 09:10:00",STARHLWF,0.01
D,DISPATCH,UNIT_SCADA,1,"2022/10/20 09:10:00",STOCKYD1,68
D,DISPATCH,UNIT_SCADA,1,"2022/10/20 09:10:00",STWF1,1.323870
D,DISPATCH,UNIT_SCADA,1,"2022/10/20 09:10:00",SUNRSF1,5.671780
D,DISPATCH,UNIT_SCADA,1,"2022/10/20 09:10:00",SUNTPSF1,54.564430
D,DISPATCH,UNIT_SCADA,1,"2022/10/20 09:10:00",SWAN_E,155.331250
D,DISPATCH,UNIT_SCADA,1,"2022/10/20 09:10:00",TALWA1,0
D,DISPATCH,UNIT_SCADA,1,"2022/10/20 09:10:00",TARALGA1,0
D,DISPATCH,UNIT_SCADA,1,"2022/10/20 09:10:00",TARONG#1,344.700010
D,DISPATCH,UNIT_SCADA,1,"2022/10/20 09:10:00",TARONG#2,343.800020
D,DISPATCH,UNIT_SCADA,1,"2022/10/20 09:10:00",TARONG#3,0.90
D,DISPATCH,UNIT_SCADA,1,"2022/10/20 09:10:00",TARONG#4,285.600010
D,DISPATCH,UNIT_SCADA,1,"2022/10/20 09:10:00",TARRALEA,54
D,DISPATCH,UNIT_SCADA,1,"2022/10/20 09:10:00",TBSF1,0.20
D,DISPATCH,UNIT_SCADA,1,"2022/10/20 09:10:00",TNPS1,424.9375
D,DISPATCH,UNIT_SCADA,1,"2022/10/20 09:10:00",TORRB1,0
D,DISPATCH,UNIT_SCADA,1,"2022/10/20 09:10:00",TORRB2,40
D,DISPATCH,UNIT_SCADA,1,"2022/10/20 09:10:00",TORRB3,0
D,DISPATCH,UNIT_SCADA,1,"2022/10/20 09:10:00",TORRB4,0
D,DISPATCH,UNIT_SCADA,1,"2022/10/20 09:10:00",TREVALLN,97.990570
D,DISPATCH,UNIT_SCADA,1,"2022/10/20 09:10:00",TRIBUTE,0
D,DISPATCH,UNIT_SCADA,1,"2022/10/20 09:10:00",TUMUT3,0
D,DISPATCH,UNIT_SCADA,1,"2022/10/20 09:10:00",TUNGATIN,4.890020
D,DISPATCH,UNIT_SCADA,1,"2022/10/20 09:10:00",TVCC201,0
D,DISPATCH,UNIT_SCADA,1,"2022/10/20 09:10:00",TVPP104,40.068340
D,DISPATCH,UNIT_SCADA,1,"2022/10/20 09:10:00",UPPTUMUT,0
D,DISPATCH,UNIT_SCADA,1,"2022/10/20 09:10:00",URANQ11,0
D,DISPATCH,UNIT_SCADA,1,"2022/10/20 09:10:00",URANQ12,0
D,DISPATCH,UNIT_SCADA,1,"2022/10/20 09:10:00",URANQ13,0
D,DISPATCH,UNIT_SCADA,1,"2022/10/20 09:10:00",URANQ14,0
D,DISPATCH,UNIT_SCADA,1,"2022/10/20 09:10:00",VBBG1,0
D,DISPATCH,UNIT_SCADA,1,"2022/10/20 09:10:00",VBBL1,15.60
D,DISPATCH,UNIT_SCADA,1,"2022/10/20 09:10:00",VP5,497.842350
D,DISPATCH,UNIT_SCADA,1,"2022/10/20 09:10:00",VP6,500.283810
D,DISPATCH,UNIT_SCADA,1,"2022/10/20 09:10:00",VPGS1,0
D,DISPATCH,UNIT_SCADA,1,"2022/10/20 09:10:00",VPGS2,0
D,DISPATCH,UNIT_SCADA,1,"2022/10/20 09:10:00",VPGS3,0
D,DISPATCH,UNIT_SCADA,1,"2022/10/20 09:10:00",VPGS4,0
D,DISPATCH,UNIT_SCADA,1,"2022/10/20 09:10:00",VPGS5,0
D,DISPATCH,UNIT_SCADA,1,"2022/10/20 09:10:00",VPGS6,0
D,DISPATCH,UNIT_SCADA,1,"2022/10/20 09:10:00",W/HOE#1,0
D,DISPATCH,UNIT_SCADA,1,"2022/10/20 09:10:00",W/HOE#2,0
D,DISPATCH,UNIT_SCADA,1,"2022/10/20 09:10:00",WAGGNSF1,0
D,DISPATCH,UNIT_SCADA,1,"2022/10/20 09:10:00",WALGRVG1,0.000930
D,DISPATCH,UNIT_SCADA,1,"2022/10/20 09:10:00",WALGRVL1,0
D,DISPATCH,UNIT_SCADA,1,"2022/10/20 09:10:00",WANDBG1,0
D,DISPATCH,UNIT_SCADA,1,"2022/10/20 09:10:00",WANDBL1,0
D,DISPATCH,UNIT_SCADA,1,"2022/10/20 09:10:00",WARWSF1,13.78
D,DISPATCH,UNIT_SCADA,1,"2022/10/20 09:10:00",WARWSF2,13.30
D,DISPATCH,UNIT_SCADA,1,"2022/10/20 09:10:00",WATERLWF,79.90
D,DISPATCH,UNIT_SCADA,1,"2022/10/20 09:10:00",WDGPH1,37.2980
D,DISPATCH,UNIT_SCADA,1,"2022/10/20 09:10:00",WELLSF1,53.305870
D,DISPATCH,UNIT_SCADA,1,"2022/10/20 09:10:00",WEMENSF1,22.50
D,DISPATCH,UNIT_SCADA,1,"2022/10/20 09:10:00",WGWF1,103.30
D,DISPATCH,UNIT_SCADA,1,"2022/10/20 09:10:00",WHITSF1,36.20
D,DISPATCH,UNIT_SCADA,1,"2022/10/20 09:10:00",WINTSF1,84.98
D,DISPATCH,UNIT_SCADA,1,"2022/10/20 09:10:00",WKIEWA1,28.90
D,DISPATCH,UNIT_SCADA,1,"2022/10/20 09:10:00",WKIEWA2,29.10
D,DISPATCH,UNIT_SCADA,1,"2022/10/20 09:10:00",WOODLWN1,21.590660
D,DISPATCH,UNIT_SCADA,1,"2022/10/20 09:10:00",WOOLGSF1,14.299650
D,DISPATCH,UNIT_SCADA,1,"2022/10/20 09:10:00",WPWF,47.61
D,DISPATCH,UNIT_SCADA,1,"2022/10/20 09:10:00",WRSF1,3.7196
D,DISPATCH,UNIT_SCADA,1,"2022/10/20 09:10:00",WRWF1,74.440220
D,DISPATCH,UNIT_SCADA,1,"2022/10/20 09:10:00",WSTWYSF1,0
D,DISPATCH,UNIT_SCADA,1,"2022/10/20 09:10:00",YABULU,0
D,DISPATCH,UNIT_SCADA,1,"2022/10/20 09:10:00",YABULU2,0
D,DISPATCH,UNIT_SCADA,1,"2022/10/20 09:10:00",YARANSF1,15.55
D,DISPATCH,UNIT_SCADA,1,"2022/10/20 09:10:00",YARWUN_1,163.179990
D,DISPATCH,UNIT_SCADA,1,"2022/10/20 09:10:00",YATSF1,9.80
D,DISPATCH,UNIT_SCADA,1,"2022/10/20 09:10:00",YENDWF1,23.58
D,DISPATCH,UNIT_SCADA,1,"2022/10/20 09:10:00",YWPS1,365.6633
D,DISPATCH,UNIT_SCADA,1,"2022/10/20 09:10:00",YWPS2,289.721530
D,DISPATCH,UNIT_SCADA,1,"2022/10/20 09:10:00",YWPS3,360.235440
D,DISPATCH,UNIT_SCADA,1,"2022/10/20 09:10:00",YWPS4,0
C,"END OF REPORT",419
