C,NEMP.WORLD,DISPATCHSCADA,AEMO,PUBLIC,2022/10/20,21:25:10,0000000373281901,DISPATCHSCADA,0000000373281895
I,DISPATCH,UNIT_SCADA,1,SETTLEMENTDATE,DUID,SCADAVALUE
D,DISPATCH,UNIT_SCADA,1,"2022/10/20 21:30:00",BARCSF1,0
D,DISPATCH,UNIT_SCADA,1,"2022/10/20 21:30:00",BUTLERSG,8.699999
D,DISPATCH,UNIT_SCADA,1,"2022/10/20 21:30:00",CAPTL_WF,75.169113
D,DISPATCH,UNIT_SCADA,1,"2022/10/20 21:30:00",CHALLHWF,11.20
D,DISPATCH,UNIT_SCADA,1,"2022/10/20 21:30:00",CLOVER,13.26
D,DISPATCH,UNIT_SCADA,1,"2022/10/20 21:30:00",CLUNY,6.314946
D,DISPATCH,UNIT_SCADA,1,"2022/10/20 21:30:00",CULLRGWF,-0.04
D,DISPATCH,UNIT_SCADA,1,"2022/10/20 21:30:00",DIAPURWF1,2.30
D,DISPATCH,UNIT_SCADA,1,"2022/10/20 21:30:00",ERGT01,0
D,DISPATCH,UNIT_SCADA,1,"2022/10/20 21:30:00",GB01,0
D,DISPATCH,UNIT_SCADA,1,"2022/10/20 21:30:00",GERMCRK,19
D,DISPATCH,UNIT_SCADA,1,"2022/10/20 21:30:00",GRIFSF1,0.001526
D,DISPATCH,UNIT_SCADA,1,"2022/10/20 21:30:00",HEZ1,0
D,DISPATCH,UNIT_SCADA,1,"2022/10/20 21:30:00",HUGSF1,-0.1050
D,DISPATCH,UNIT_SCADA,1,"2022/10/20 21:30:00",KEPBG1,0
D,DISPATCH,UNIT_SCADA,1,"2022/10/20 21:30:00",LRSF1,-0.0320
D,DISPATCH,UNIT_SCADA,1,"2022/10/20 21:30:00",MBAHNTH,45.1875
D,DISPATCH,UNIT_SCADA,1,"2022/10/20 21:30:00",MLSP1,0
D,DISPATCH,UNIT_SCADA,1,"2022/10/20 21:30:00",MLWF1,3.2850
D,DISPATCH,UNIT_SCADA,1,"2022/10/20 21:30:00",PALOONA,30.789999
D,DISPATCH,UNIT_SCADA,1,"2022/10/20 21:30:00",PIONEER,24.60
D,DISPATCH,UNIT_SCADA,1,"2022/10/20 21:30:00",PORTWF,40.200001
D,DISPATCH,UNIT_SCADA,1,"2022/10/20 21:30:00",REPULSE,9.492943
D,DISPATCH,UNIT_SCADA,1,"2022/10/20 21:30:00",ROWALLAN,8.9957
D,DISPATCH,UNIT_SCADA,1,"2022/10/20 21:30:00",ROYALLA1,0
D,DISPATCH,UNIT_SCADA,1,"2022/10/20 21:30:00",RPCG,-0.50
D,DISPATCH,UNIT_SCADA,1,"2022/10/20 21:30:00",RUBICON,0
D,DISPATCH,UNIT_SCADA,1,"2022/10/20 21:30:00",WAUBRAWF,43.064999
D,DISPATCH,UNIT_SCADA,1,"2022/10/20 21:30:00",WOOLNTH1,79.399994
D,DISPATCH,UNIT_SCADA,1,"2022/10/20 21:30:00",YAMBUKWF,6.50
D,DISPATCH,UNIT_SCADA,1,"2022/10/20 21:30:00",YSWF1,0.10
D,DISPATCH,UNIT_SCADA,1,"2022/10/20 21:30:00",ADPBA1G,0.0080
D,DISPATCH,UNIT_SCADA,1,"2022/10/20 21:30:00",ADPBA1L,0
D,DISPATCH,UNIT_SCADA,1,"2022/10/20 21:30:00",ADPPV1,0
D,DISPATCH,UNIT_SCADA,1,"2022/10/20 21:30:00",AGLHAL,30.983930
D,DISPATCH,UNIT_SCADA,1,"2022/10/20 21:30:00",AGLSOM,0
D,DISPATCH,UNIT_SCADA,1,"2022/10/20 21:30:00",ANGAST1,0
D,DISPATCH,UNIT_SCADA,1,"2022/10/20 21:30:00",ARWF1,3.10
D,DISPATCH,UNIT_SCADA,1,"2022/10/20 21:30:00",BALBG1,0
D,DISPATCH,UNIT_SCADA,1,"2022/10/20 21:30:00",BALBL1,0
D,DISPATCH,UNIT_SCADA,1,"2022/10/20 21:30:00",BALDHWF1,104.4720
D,DISPATCH,UNIT_SCADA,1,"2022/10/20 21:30:00",BANGOWF1,88.499890
D,DISPATCH,UNIT_SCADA,1,"2022/10/20 21:30:00",BANGOWF2,66.198440
D,DISPATCH,UNIT_SCADA,1,"2022/10/20 21:30:00",BANN1,0
D,DISPATCH,UNIT_SCADA,1,"2022/10/20 21:30:00",BARCALDN,0
D,DISPATCH,UNIT_SCADA,1,"2022/10/20 21:30:00",BARKIPS1,190.259990
D,DISPATCH,UNIT_SCADA,1,"2022/10/20 21:30:00",BARRON-1,0
D,DISPATCH,UNIT_SCADA,1,"2022/10/20 21:30:00",BARRON-2,0
D,DISPATCH,UNIT_SCADA,1,"2022/10/20 21:30:00",BASTYAN,0
D,DISPATCH,UNIT_SCADA,1,"2022/10/20 21:30:00",BBTHREE1,0
D,DISPATCH,UNIT_SCADA,1,"2022/10/20 21:30:00",BBTHREE2,0
D,DISPATCH,UNIT_SCADA,1,"2022/10/20 21:30:00",BBTHREE3,-1.09
D,DISPATCH,UNIT_SCADA,1,"2022/10/20 21:30:00",BDL01,0
D,DISPATCH,UNIT_SCADA,1,"2022/10/20 21:30:00",BDL02,0
D,DISPATCH,UNIT_SCADA,1,"2022/10/20 21:30:00",BERYLSF1,0
D,DISPATCH,UNIT_SCADA,1,"2022/10/20 21:30:00",BLOWERNG,62.60
D,DISPATCH,UNIT_SCADA,1,"2022/10/20 21:30:00",BLUEGSF1,0
D,DISPATCH,UNIT_SCADA,1,"2022/10/20 21:30:00",BLUFF1,12.30
D,DISPATCH,UNIT_SCADA,1,"2022/10/20 21:30:00",BNGSF1,0
D,DISPATCH,UNIT_SCADA,1,"2022/10/20 21:30:00",BNGSF2,0
D,DISPATCH,UNIT_SCADA,1,"2022/10/20 21:30:00",BOCORWF1,15.89
D,DISPATCH,UNIT_SCADA,1,"2022/10/20 21:30:00",BODWF1,112.571950
D,DISPATCH,UNIT_SCADA,1,"2022/10/20 21:30:00",BOMENSF1,0
D,DISPATCH,UNIT_SCADA,1,"2022/10/20 21:30:00",BOWWBA1G,0.0010
D,DISPATCH,UNIT_SCADA,1,"2022/10/20 21:30:00",BOWWBA1L,0
D,DISPATCH,UNIT_SCADA,1,"2022/10/20 21:30:00",BOWWPV1,0.0010
D,DISPATCH,UNIT_SCADA,1,"2022/10/20 21:30:00",BRAEMAR1,0
D,DISPATCH,UNIT_SCADA,1,"2022/10/20 21:30:00",BRAEMAR2,0
D,DISPATCH,UNIT_SCADA,1,"2022/10/20 21:30:00",BRAEMAR3,0
D,DISPATCH,UNIT_SCADA,1,"2022/10/20 21:30:00",BRAEMAR5,142.262950
D,DISPATCH,UNIT_SCADA,1,"2022/10/20 21:30:00",BRAEMAR6,0
D,DISPATCH,UNIT_SCADA,1,"2022/10/20 21:30:00",BRAEMAR7,136.935390
D,DISPATCH,UNIT_SCADA,1,"2022/10/20 21:30:00",BROKENH1,0
D,DISPATCH,UNIT_SCADA,1,"2022/10/20 21:30:00",BRYB1WF1,69.248490
D,DISPATCH,UNIT_SCADA,1,"2022/10/20 21:30:00",BULBESG1,0
D,DISPATCH,UNIT_SCADA,1,"2022/10/20 21:30:00",BULBESL1,0.03
D,DISPATCH,UNIT_SCADA,1,"2022/10/20 21:30:00",BULGANA1,22.48
D,DISPATCH,UNIT_SCADA,1,"2022/10/20 21:30:00",BW01,653.879580
D,DISPATCH,UNIT_SCADA,1,"2022/10/20 21:30:00",BW02,634.0307
D,DISPATCH,UNIT_SCADA,1,"2022/10/20 21:30:00",BW03,570.113710
D,DISPATCH,UNIT_SCADA,1,"2022/10/20 21:30:00",BW04,0
D,DISPATCH,UNIT_SCADA,1,"2022/10/20 21:30:00",CALL_B_1,318.300020
D,DISPATCH,UNIT_SCADA,1,"2022/10/20 21:30:00",CALL_B_2,316.100010
D,DISPATCH,UNIT_SCADA,1,"2022/10/20 21:30:00",CATHROCK,2.20
D,DISPATCH,UNIT_SCADA,1,"2022/10/20 21:30:00",CBWWBA1G,0
D,DISPATCH,UNIT_SCADA,1,"2022/10/20 21:30:00",CBWWBA1L,0
D,DISPATCH,UNIT_SCADA,1,"2022/10/20 21:30:00",CETHANA,88.065630
D,DISPATCH,UNIT_SCADA,1,"2022/10/20 21:30:00",CG1,0
D,DISPATCH,UNIT_SCADA,1,"2022/10/20 21:30:00",CG2,0
D,DISPATCH,UNIT_SCADA,1,"2022/10/20 21:30:00",CG3,0
D,DISPATCH,UNIT_SCADA,1,"2022/10/20 21:30:00",CG4,0
D,DISPATCH,UNIT_SCADA,1,"2022/10/20 21:30:00",CHILDSF1,0
D,DISPATCH,UNIT_SCADA,1,"2022/10/20 21:30:00",CHYTWF1,2.67
D,DISPATCH,UNIT_SCADA,1,"2022/10/20 21:30:00",CLARESF1,0
D,DISPATCH,UNIT_SCADA,1,"2022/10/20 21:30:00",CLEMGPWF,0
D,DISPATCH,UNIT_SCADA,1,"2022/10/20 21:30:00",CLERMSF1,0
D,DISPATCH,UNIT_SCADA,1,"2022/10/20 21:30:00",CNUNDAWF,16.218920
D,DISPATCH,UNIT_SCADA,1,"2022/10/20 21:30:00",COHUNSF1,0
D,DISPATCH,UNIT_SCADA,1,"2022/10/20 21:30:00",COLEASF1,0
D,DISPATCH,UNIT_SCADA,1,"2022/10/20 21:30:00",COLUMSF1,0
D,DISPATCH,UNIT_SCADA,1,"2022/10/20 21:30:00",COLWF01,127.748540
D,DISPATCH,UNIT_SCADA,1,"2022/10/20 21:30:00",COOPGWF1,384.709990
D,DISPATCH,UNIT_SCADA,1,"2022/10/20 21:30:00",CPP_3,376.475010
D,DISPATCH,UNIT_SCADA,1,"2022/10/20 21:30:00",CPP_4,0
D,DISPATCH,UNIT_SCADA,1,"2022/10/20 21:30:00",CPSA,0
D,DISPATCH,UNIT_SCADA,1,"2022/10/20 21:30:00",CROOKWF2,31.544060
D,DISPATCH,UNIT_SCADA,1,"2022/10/20 21:30:00",CROWLWF1,23.989250
D,DISPATCH,UNIT_SCADA,1,"2022/10/20 21:30:00",CRURWF1,76.698330
D,DISPATCH,UNIT_SCADA,1,"2022/10/20 21:30:00",CRWASF1,0
D,DISPATCH,UNIT_SCADA,1,"2022/10/20 21:30:00",CSPVPS1,0
D,DISPATCH,UNIT_SCADA,1,"2022/10/20 21:30:00",CTHLWF1,0.003050
D,DISPATCH,UNIT_SCADA,1,"2022/10/20 21:30:00",DALNTH01,0
D,DISPATCH,UNIT_SCADA,1,"2022/10/20 21:30:00",DALNTHL1,0.141910
D,DISPATCH,UNIT_SCADA,1,"2022/10/20 21:30:00",DARLSF1,0
D,DISPATCH,UNIT_SCADA,1,"2022/10/20 21:30:00",DARTM1,0
D,DISPATCH,UNIT_SCADA,1,"2022/10/20 21:30:00",DAYDSF1,0
D,DISPATCH,UNIT_SCADA,1,"2022/10/20 21:30:00",DDPS1,0
D,DISPATCH,UNIT_SCADA,1,"2022/10/20 21:30:00",DDSF1,0
D,DISPATCH,UNIT_SCADA,1,"2022/10/20 21:30:00",DEVILS_G,57.797170
D,DISPATCH,UNIT_SCADA,1,"2022/10/20 21:30:00",DG_NSW1,0
D,DISPATCH,UNIT_SCADA,1,"2022/10/20 21:30:00",DG_QLD1,0
D,DISPATCH,UNIT_SCADA,1,"2022/10/20 21:30:00",DG_SA1,0
D,DISPATCH,UNIT_SCADA,1,"2022/10/20 21:30:00",DG_TAS1,0
D,DISPATCH,UNIT_SCADA,1,"2022/10/20 21:30:00",DG_VIC1,0
D,DISPATCH,UNIT_SCADA,1,"2022/10/20 21:30:00",DRYCGT1,0
D,DISPATCH,UNIT_SCADA,1,"2022/10/20 21:30:00",DRYCGT2,0
D,DISPATCH,UNIT_SCADA,1,"2022/10/20 21:30:00",DRYCGT3,0
D,DISPATCH,UNIT_SCADA,1,"2022/10/20 21:30:00",DUNDWF1,73.44
D,DISPATCH,UNIT_SCADA,1,"2022/10/20 21:30:00",DUNDWF2,23.54
D,DISPATCH,UNIT_SCADA,1,"2022/10/20 21:30:00",DUNDWF3,89.60
D,DISPATCH,UNIT_SCADA,1,"2022/10/20 21:30:00",EILDON1,59.84
D,DISPATCH,UNIT_SCADA,1,"2022/10/20 21:30:00",EILDON2,60.16
D,DISPATCH,UNIT_SCADA,1,"2022/10/20 21:30:00",ELAINWF1,10.94
D,DISPATCH,UNIT_SCADA,1,"2022/10/20 21:30:00",EMERASF1,0
D,DISPATCH,UNIT_SCADA,1,"2022/10/20 21:30:00",ER01,0
D,DISPATCH,UNIT_SCADA,1,"2022/10/20 21:30:00",ER02,668.674740
D,DISPATCH,UNIT_SCADA,1,"2022/10/20 21:30:00",ER03,688.181880
D,DISPATCH,UNIT_SCADA,1,"2022/10/20 21:30:00",ER04,687.718020
D,DISPATCH,UNIT_SCADA,1,"2022/10/20 21:30:00",FINLYSF1,0
D,DISPATCH,UNIT_SCADA,1,"2022/10/20 21:30:00",FISHER,44.10
D,DISPATCH,UNIT_SCADA,1,"2022/10/20 21:30:00",GANGARR1,0
D,DISPATCH,UNIT_SCADA,1,"2022/10/20 21:30:00",GANNBG1,0
D,DISPATCH,UNIT_SCADA,1,"2022/10/20 21:30:00",GANNBL1,0.615850
D,DISPATCH,UNIT_SCADA,1,"2022/10/20 21:30:00",GANNSF1,0
D,DISPATCH,UNIT_SCADA,1,"2022/10/20 21:30:00",GLRWNSF1,0
D,DISPATCH,UNIT_SCADA,1,"2022/10/20 21:30:00",GNNDHSF1,0
D,DISPATCH,UNIT_SCADA,1,"2022/10/20 21:30:00",GOONSF1,0
D,DISPATCH,UNIT_SCADA,1,"2022/10/20 21:30:00",GORDON,231.6595
D,DISPATCH,UNIT_SCADA,1,"2022/10/20 21:30:00",GRANWF1,0
D,DISPATCH,UNIT_SCADA,1,"2022/10/20 21:30:00",GSTONE1,200.20
D,DISPATCH,UNIT_SCADA,1,"2022/10/20 21:30:00",GSTONE2,0
D,DISPATCH,UNIT_SCADA,1,"2022/10/20 21:30:00",GSTONE3,200.024990
D,DISPATCH,UNIT_SCADA,1,"2022/10/20 21:30:00",GSTONE4,0
D,DISPATCH,UNIT_SCADA,1,"2022/10/20 21:30:00",GSTONE5,200.724990
D,DISPATCH,UNIT_SCADA,1,"2022/10/20 21:30:00",GSTONE6,200.024990
D,DISPATCH,UNIT_SCADA,1,"2022/10/20 21:30:00",GULLRSF1,0
D,DISPATCH,UNIT_SCADA,1,"2022/10/20 21:30:00",GULLRWF1,68.573960
D,DISPATCH,UNIT_SCADA,1,"2022/10/20 21:30:00",GULLRWF2,103.068470
D,DISPATCH,UNIT_SCADA,1,"2022/10/20 21:30:00",GUNNING1,0
D,DISPATCH,UNIT_SCADA,1,"2022/10/20 21:30:00",GUTHEGA,67.20
D,DISPATCH,UNIT_SCADA,1,"2022/10/20 21:30:00",HALLWF1,32.35
D,DISPATCH,UNIT_SCADA,1,"2022/10/20 21:30:00",HALLWF2,21.41
D,DISPATCH,UNIT_SCADA,1,"2022/10/20 21:30:00",HAMISF1,0
D,DISPATCH,UNIT_SCADA,1,"2022/10/20 21:30:00",HAUGHT11,0
D,DISPATCH,UNIT_SCADA,1,"2022/10/20 21:30:00",HAYMSF1,0
D,DISPATCH,UNIT_SCADA,1,"2022/10/20 21:30:00",HDWF1,15
D,DISPATCH,UNIT_SCADA,1,"2022/10/20 21:30:00",HDWF2,12.30
D,DISPATCH,UNIT_SCADA,1,"2022/10/20 21:30:00",HDWF3,12.10
D,DISPATCH,UNIT_SCADA,1,"2022/10/20 21:30:00",HILLSTN1,0
D,DISPATCH,UNIT_SCADA,1,"2022/10/20 21:30:00",HPRG1,0
D,DISPATCH,UNIT_SCADA,1,"2022/10/20 21:30:00",HPRL1,1.70
D,DISPATCH,UNIT_SCADA,1,"2022/10/20 21:30:00",HUMENSW,54.579810
D,DISPATCH,UNIT_SCADA,1,"2022/10/20 21:30:00",HUMEV,0
D,DISPATCH,UNIT_SCADA,1,"2022/10/20 21:30:00",HVWWBA1G,0
D,DISPATCH,UNIT_SCADA,1,"2022/10/20 21:30:00",HVWWBA1L,0.0070
D,DISPATCH,UNIT_SCADA,1,"2022/10/20 21:30:00",HVWWPV1,0
D,DISPATCH,UNIT_SCADA,1,"2022/10/20 21:30:00",JBUTTERS,0
D,DISPATCH,UNIT_SCADA,1,"2022/10/20 21:30:00",JEMALNG1,0
D,DISPATCH,UNIT_SCADA,1,"2022/10/20 21:30:00",JLA01,0
D,DISPATCH,UNIT_SCADA,1,"2022/10/20 21:30:00",JLA02,0
D,DISPATCH,UNIT_SCADA,1,"2022/10/20 21:30:00",JLA03,0
D,DISPATCH,UNIT_SCADA,1,"2022/10/20 21:30:00",JLA04,0
D,DISPATCH,UNIT_SCADA,1,"2022/10/20 21:30:00",JLB01,0
D,DISPATCH,UNIT_SCADA,1,"2022/10/20 21:30:00",JLB02,0.10
D,DISPATCH,UNIT_SCADA,1,"2022/10/20 21:30:00",JLB03,0
D,DISPATCH,UNIT_SCADA,1,"2022/10/20 21:30:00",JUNEESF1,0
D,DISPATCH,UNIT_SCADA,1,"2022/10/20 21:30:00",KABANWF1,1.3960
D,DISPATCH,UNIT_SCADA,1,"2022/10/20 21:30:00",KAREEYA1,0
D,DISPATCH,UNIT_SCADA,1,"2022/10/20 21:30:00",KAREEYA2,0
D,DISPATCH,UNIT_SCADA,1,"2022/10/20 21:30:00",KAREEYA3,4.73
D,DISPATCH,UNIT_SCADA,1,"2022/10/20 21:30:00",KAREEYA4,0
D,DISPATCH,UNIT_SCADA,1,"2022/10/20 21:30:00",KARSF1,0
D,DISPATCH,UNIT_SCADA,1,"2022/10/20 21:30:00",KEPSF1,0
D,DISPATCH,UNIT_SCADA,1,"2022/10/20 21:30:00",KEPWF1,3.02
D,DISPATCH,UNIT_SCADA,1,"2022/10/20 21:30:00",KIAMSF1,0
D,DISPATCH,UNIT_SCADA,1,"2022/10/20 21:30:00",KIATAWF1,2
D,DISPATCH,UNIT_SCADA,1,"2022/10/20 21:30:00",KPP_1,0
D,DISPATCH,UNIT_SCADA,1,"2022/10/20 21:30:00",KSP1,0
D,DISPATCH,UNIT_SCADA,1,"2022/10/20 21:30:00",LADBROK1,0.01
D,DISPATCH,UNIT_SCADA,1,"2022/10/20 21:30:00",LADBROK2,0.02
D,DISPATCH,UNIT_SCADA,1,"2022/10/20 21:30:00",LBBG1,0
D,DISPATCH,UNIT_SCADA,1,"2022/10/20 21:30:00",LBBL1,4.35
D,DISPATCH,UNIT_SCADA,1,"2022/10/20 21:30:00",LD01,372.704250
D,DISPATCH,UNIT_SCADA,1,"2022/10/20 21:30:00",LD02,88.003170
D,DISPATCH,UNIT_SCADA,1,"2022/10/20 21:30:00",LD04,307.022310
D,DISPATCH,UNIT_SCADA,1,"2022/10/20 21:30:00",LEM_WIL,86.528990
D,DISPATCH,UNIT_SCADA,1,"2022/10/20 21:30:00",LGAPWF1,85.11
D,DISPATCH,UNIT_SCADA,1,"2022/10/20 21:30:00",LGAPWF2,55.70
D,DISPATCH,UNIT_SCADA,1,"2022/10/20 21:30:00",LILYSF1,0
D,DISPATCH,UNIT_SCADA,1,"2022/10/20 21:30:00",LIMOSF11,0
D,DISPATCH,UNIT_SCADA,1,"2022/10/20 21:30:00",LIMOSF21,0
D,DISPATCH,UNIT_SCADA,1,"2022/10/20 21:30:00",LI_WY_CA,62.364370
D,DISPATCH,UNIT_SCADA,1,"2022/10/20 21:30:00",LKBONNY1,15.0933
D,DISPATCH,UNIT_SCADA,1,"2022/10/20 21:30:00",LKBONNY2,60.540040
D,DISPATCH,UNIT_SCADA,1,"2022/10/20 21:30:00",LKBONNY3,15.853470
D,DISPATCH,UNIT_SCADA,1,"2022/10/20 21:30:00",LK_ECHO,0
D,DISPATCH,UNIT_SCADA,1,"2022/10/20 21:30:00",LNGS1,0
D,DISPATCH,UNIT_SCADA,1,"2022/10/20 21:30:00",LNGS2,0
D,DISPATCH,UNIT_SCADA,1,"2022/10/20 21:30:00",LONSDALE,0
D,DISPATCH,UNIT_SCADA,1,"2022/10/20 21:30:00",LOYYB1,577.443050
D,DISPATCH,UNIT_SCADA,1,"2022/10/20 21:30:00",LOYYB2,571.427860
D,DISPATCH,UNIT_SCADA,1,"2022/10/20 21:30:00",LYA1,552
D,DISPATCH,UNIT_SCADA,1,"2022/10/20 21:30:00",LYA2,0
D,DISPATCH,UNIT_SCADA,1,"2022/10/20 21:30:00",LYA3,552
D,DISPATCH,UNIT_SCADA,1,"2022/10/20 21:30:00",LYA4,552
D,DISPATCH,UNIT_SCADA,1,"2022/10/20 21:30:00",MACARTH1,157.996350
D,DISPATCH,UNIT_SCADA,1,"2022/10/20 21:30:00",MACKNTSH,0
D,DISPATCH,UNIT_SCADA,1,"2022/10/20 21:30:00",MANSLR1,0
D,DISPATCH,UNIT_SCADA,1,"2022/10/20 21:30:00",MAPS2PV1,0
D,DISPATCH,UNIT_SCADA,1,"2022/10/20 21:30:00",MAPS3PV1,0
D,DISPATCH,UNIT_SCADA,1,"2022/10/20 21:30:00",MARYRSF1,0
D,DISPATCH,UNIT_SCADA,1,"2022/10/20 21:30:00",MBPS2PV1,0
D,DISPATCH,UNIT_SCADA,1,"2022/10/20 21:30:00",MCKAY1,217.629990
D,DISPATCH,UNIT_SCADA,1,"2022/10/20 21:30:00",MEADOWBK,19.891680
D,DISPATCH,UNIT_SCADA,1,"2022/10/20 21:30:00",MERCER01,33.70
D,DISPATCH,UNIT_SCADA,1,"2022/10/20 21:30:00",METZSF1,0
D,DISPATCH,UNIT_SCADA,1,"2022/10/20 21:30:00",MEWF1,27.200510
D,DISPATCH,UNIT_SCADA,1,"2022/10/20 21:30:00",MIDDLSF1,0
D,DISPATCH,UNIT_SCADA,1,"2022/10/20 21:30:00",MINTARO,0.128180
D,DISPATCH,UNIT_SCADA,1,"2022/10/20 21:30:00",MOLNGSF1,0
D,DISPATCH,UNIT_SCADA,1,"2022/10/20 21:30:00",MOORAWF1,12.96
D,DISPATCH,UNIT_SCADA,1,"2022/10/20 21:30:00",MOREESF1,0
D,DISPATCH,UNIT_SCADA,1,"2022/10/20 21:30:00",MORTLK11,0
D,DISPATCH,UNIT_SCADA,1,"2022/10/20 21:30:00",MORTLK12,0
D,DISPATCH,UNIT_SCADA,1,"2022/10/20 21:30:00",MOUSF1,0
D,DISPATCH,UNIT_SCADA,1,"2022/10/20 21:30:00",MP1,0
D,DISPATCH,UNIT_SCADA,1,"2022/10/20 21:30:00",MP2,376.385130
D,DISPATCH,UNIT_SCADA,1,"2022/10/20 21:30:00",MPP_1,184.4239
D,DISPATCH,UNIT_SCADA,1,"2022/10/20 21:30:00",MPP_2,183.065830
D,DISPATCH,UNIT_SCADA,1,"2022/10/20 21:30:00",MRTLSWF1,0
D,DISPATCH,UNIT_SCADA,1,"2022/10/20 21:30:00",MSTUART1,0
D,DISPATCH,UNIT_SCADA,1,"2022/10/20 21:30:00",MSTUART2,0
D,DISPATCH,UNIT_SCADA,1,"2022/10/20 21:30:00",MSTUART3,0
D,DISPATCH,UNIT_SCADA,1,"2022/10/20 21:30:00",MTGELWF1,35.517440
D,DISPATCH,UNIT_SCADA,1,"2022/10/20 21:30:00",MTMILLAR,29.20
D,DISPATCH,UNIT_SCADA,1,"2022/10/20 21:30:00",MURRAY,0
D,DISPATCH,UNIT_SCADA,1,"2022/10/20 21:30:00",MUSSELR1,19.10
D,DISPATCH,UNIT_SCADA,1,"2022/10/20 21:30:00",MUWAWF1,31.41
D,DISPATCH,UNIT_SCADA,1,"2022/10/20 21:30:00",MUWAWF2,11.50
D,DISPATCH,UNIT_SCADA,1,"2022/10/20 21:30:00",MWPS1PV1,0
D,DISPATCH,UNIT_SCADA,1,"2022/10/20 21:30:00",MWPS2PV1,0
D,DISPATCH,UNIT_SCADA,1,"2022/10/20 21:30:00",MWPS3PV1,0
D,DISPATCH,UNIT_SCADA,1,"2022/10/20 21:30:00",MWPS4PV1,0
D,DISPATCH,UNIT_SCADA,1,"2022/10/20 21:30:00",NBHWF1,28.40
D,DISPATCH,UNIT_SCADA,1,"2022/10/20 21:30:00",NEVERSF1,0
D,DISPATCH,UNIT_SCADA,1,"2022/10/20 21:30:00",NPS,0
D,DISPATCH,UNIT_SCADA,1,"2022/10/20 21:30:00",NUMURSF1,0
D,DISPATCH,UNIT_SCADA,1,"2022/10/20 21:30:00",NYNGAN1,0
D,DISPATCH,UNIT_SCADA,1,"2022/10/20 21:30:00",OAKEY1,0
D,DISPATCH,UNIT_SCADA,1,"2022/10/20 21:30:00",OAKEY1SF,0
D,DISPATCH,UNIT_SCADA,1,"2022/10/20 21:30:00",OAKEY2,0
D,DISPATCH,UNIT_SCADA,1,"2022/10/20 21:30:00",OAKEY2SF,0
D,DISPATCH,UNIT_SCADA,1,"2022/10/20 21:30:00",OAKLAND1,16
D,DISPATCH,UNIT_SCADA,1,"2022/10/20 21:30:00",OSB-AG,179.78
D,DISPATCH,UNIT_SCADA,1,"2022/10/20 21:30:00",PAREPS1,0
D,DISPATCH,UNIT_SCADA,1,"2022/10/20 21:30:00",PAREPW1,60.70
D,DISPATCH,UNIT_SCADA,1,"2022/10/20 21:30:00",PARSF1,0.001530
D,DISPATCH,UNIT_SCADA,1,"2022/10/20 21:30:00",POAT110,3.09
D,DISPATCH,UNIT_SCADA,1,"2022/10/20 21:30:00",POAT220,0
D,DISPATCH,UNIT_SCADA,1,"2022/10/20 21:30:00",POR01,0
D,DISPATCH,UNIT_SCADA,1,"2022/10/20 21:30:00",POR03,0
D,DISPATCH,UNIT_SCADA,1,"2022/10/20 21:30:00",PPCCGT,162.143360
D,DISPATCH,UNIT_SCADA,1,"2022/10/20 21:30:00",PTSTAN1,0
D,DISPATCH,UNIT_SCADA,1,"2022/10/20 21:30:00",PUMP1,0
D,DISPATCH,UNIT_SCADA,1,"2022/10/20 21:30:00",PUMP2,0
D,DISPATCH,UNIT_SCADA,1,"2022/10/20 21:30:00",QBYNBG1,0
D,DISPATCH,UNIT_SCADA,1,"2022/10/20 21:30:00",QBYNBL1,0.0065
D,DISPATCH,UNIT_SCADA,1,"2022/10/20 21:30:00",QPS1,0
D,DISPATCH,UNIT_SCADA,1,"2022/10/20 21:30:00",QPS2,0
D,DISPATCH,UNIT_SCADA,1,"2022/10/20 21:30:00",QPS3,0
D,DISPATCH,UNIT_SCADA,1,"2022/10/20 21:30:00",QPS4,0
D,DISPATCH,UNIT_SCADA,1,"2022/10/20 21:30:00",QPS5,0
D,DISPATCH,UNIT_SCADA,1,"2022/10/20 21:30:00",REECE1,0
D,DISPATCH,UNIT_SCADA,1,"2022/10/20 21:30:00",REECE2,0
D,DISPATCH,UNIT_SCADA,1,"2022/10/20 21:30:00",ROMA_7,0
D,DISPATCH,UNIT_SCADA,1,"2022/10/20 21:30:00",ROMA_8,0
D,DISPATCH,UNIT_SCADA,1,"2022/10/20 21:30:00",RRSF1,0
D,DISPATCH,UNIT_SCADA,1,"2022/10/20 21:30:00",RT_NSW1,0
D,DISPATCH,UNIT_SCADA,1,"2022/10/20 21:30:00",RT_NSW2,0
D,DISPATCH,UNIT_SCADA,1,"2022/10/20 21:30:00",RT_NSW3,0
D,DISPATCH,UNIT_SCADA,1,"2022/10/20 21:30:00",RT_NSW4,0
D,DISPATCH,UNIT_SCADA,1,"2022/10/20 21:30:00",RT_NSW5,0
D,DISPATCH,UNIT_SCADA,1,"2022/10/20 21:30:00",RT_NSW6,0
D,DISPATCH,UNIT_SCADA,1,"2022/10/20 21:30:00",RT_QLD1,0
D,DISPATCH,UNIT_SCADA,1,"2022/10/20 21:30:00",RT_SA1,0
D,DISPATCH,UNIT_SCADA,1,"2022/10/20 21:30:00",RT_SA2,0
D,DISPATCH,UNIT_SCADA,1,"2022/10/20 21:30:00",RT_SA3,0
D,DISPATCH,UNIT_SCADA,1,"2022/10/20 21:30:00",RT_SA4,0
D,DISPATCH,UNIT_SCADA,1,"2022/10/20 21:30:00",RT_SA5,0
D,DISPATCH,UNIT_SCADA,1,"2022/10/20 21:30:00",RT_SA6,0
D,DISPATCH,UNIT_SCADA,1,"2022/10/20 21:30:00",RT_TAS1,0
D,DISPATCH,UNIT_SCADA,1,"2022/10/20 21:30:00",RT_VIC1,0
D,DISPATCH,UNIT_SCADA,1,"2022/10/20 21:30:00",RT_VIC10,0
D,DISPATCH,UNIT_SCADA,1,"2022/10/20 21:30:00",RT_VIC11,0
D,DISPATCH,UNIT_SCADA,1,"2022/10/20 21:30:00",RT_VIC12,0
D,DISPATCH,UNIT_SCADA,1,"2022/10/20 21:30:00",RT_VIC2,0
D,DISPATCH,UNIT_SCADA,1,"2022/10/20 21:30:00",RT_VIC3,0
D,DISPATCH,UNIT_SCADA,1,"2022/10/20 21:30:00",RT_VIC4,0
D,DISPATCH,UNIT_SCADA,1,"2022/10/20 21:30:00",RT_VIC5,0
D,DISPATCH,UNIT_SCADA,1,"2022/10/20 21:30:00",RT_VIC6,0
D,DISPATCH,UNIT_SCADA,1,"2022/10/20 21:30:00",RT_VIC7,0
D,DISPATCH,UNIT_SCADA,1,"2022/10/20 21:30:00",RT_VIC8,0
D,DISPATCH,UNIT_SCADA,1,"2022/10/20 21:30:00",RT_VIC9,0
D,DISPATCH,UNIT_SCADA,1,"2022/10/20 21:30:00",RUGBYR1,0
D,DISPATCH,UNIT_SCADA,1,"2022/10/20 21:30:00",SALTCRK1,31.67
D,DISPATCH,UNIT_SCADA,1,"2022/10/20 21:30:00",SAPHWF1,253.380630
D,DISPATCH,UNIT_SCADA,1,"2022/10/20 21:30:00",SEBSF1,0
D,DISPATCH,UNIT_SCADA,1,"2022/10/20 21:30:00",SHGEN,0
D,DISPATCH,UNIT_SCADA,1,"2022/10/20 21:30:00",SHPUMP,0
D,DISPATCH,UNIT_SCADA,1,"2022/10/20 21:30:00",SITHE01,0.123710
D,DISPATCH,UNIT_SCADA,1,"2022/10/20 21:30:00",SMCSF1,0
D,DISPATCH,UNIT_SCADA,1,"2022/10/20 21:30:00",SNAPPER1,0
D,DISPATCH,UNIT_SCADA,1,"2022/10/20 21:30:00",SNOWNTH1,73.50
D,DISPATCH,UNIT_SCADA,1,"2022/10/20 21:30:00",SNOWSTH1,30.50
D,DISPATCH,UNIT_SCADA,1,"2022/10/20 21:30:00",SNOWTWN1,49.480630
D,DISPATCH,UNIT_SCADA,1,"2022/10/20 21:30:00",SNOWYP,0
D,DISPATCH,UNIT_SCADA,1,"2022/10/20 21:30:00",SNUG1,0
D,DISPATCH,UNIT_SCADA,1,"2022/10/20 21:30:00",SRSF1,0
D,DISPATCH,UNIT_SCADA,1,"2022/10/20 21:30:00",STAN-1,278.030910
D,DISPATCH,UNIT_SCADA,1,"2022/10/20 21:30:00",STAN-2,362.038760
D,DISPATCH,UNIT_SCADA,1,"2022/10/20 21:30:00",STAN-3,361.103060
D,DISPATCH,UNIT_SCADA,1,"2022/10/20 21:30:00",STAN-4,363.50
D,DISPATCH,UNIT_SCADA,1,"2022/10/20 21:30:00",STARHLWF,19.294370
D,DISPATCH,UNIT_SCADA,1,"2022/10/20 21:30:00",STOCKYD1,172.19
D,DISPATCH,UNIT_SCADA,1,"2022/10/20 21:30:00",STWF1,46.588230
D,DISPATCH,UNIT_SCADA,1,"2022/10/20 21:30:00",SUNRSF1,0
D,DISPATCH,UNIT_SCADA,1,"2022/10/20 21:30:00",SUNTPSF1,0
D,DISPATCH,UNIT_SCADA,1,"2022/10/20 21:30:00",SWAN_E,284.526250
D,DISPATCH,UNIT_SCADA,1,"2022/10/20 21:30:00",TALWA1,0
D,DISPATCH,UNIT_SCADA,1,"2022/10/20 21:30:00",TARALGA1,0
D,DISPATCH,UNIT_SCADA,1,"2022/10/20 21:30:00",TARONG#1,347.700010
D,DISPATCH,UNIT_SCADA,1,"2022/10/20 21:30:00",TARONG#2,347.300020
D,DISPATCH,UNIT_SCADA,1,"2022/10/20 21:30:00",TARONG#3,0.90
D,DISPATCH,UNIT_SCADA,1,"2022/10/20 21:30:00",TARONG#4,292.50
D,DISPATCH,UNIT_SCADA,1,"2022/10/20 21:30:00",TARRALEA,53.90
D,DISPATCH,UNIT_SCADA,1,"2022/10/20 21:30:00",TBSF1,0
D,DISPATCH,UNIT_SCADA,1,"2022/10/20 21:30:00",TNPS1,416.499970
D,DISPATCH,UNIT_SCADA,1,"2022/10/20 21:30:00",TORRB1,0
D,DISPATCH,UNIT_SCADA,1,"2022/10/20 21:30:00",TORRB2,57
D,DISPATCH,UNIT_SCADA,1,"2022/10/20 21:30:00",TORRB3,0
D,DISPATCH,UNIT_SCADA,1,"2022/10/20 21:30:00",TORRB4,0
D,DISPATCH,UNIT_SCADA,1,"2022/10/20 21:30:00",TREVALLN,98.007970
D,DISPATCH,UNIT_SCADA,1,"2022/10/20 21:30:00",TRIBUTE,0
D,DISPATCH,UNIT_SCADA,1,"2022/10/20 21:30:00",TUMUT3,185.829990
D,DISPATCH,UNIT_SCADA,1,"2022/10/20 21:30:00",TUNGATIN,5.400020
D,DISPATCH,UNIT_SCADA,1,"2022/10/20 21:30:00",TVCC201,0
D,DISPATCH,UNIT_SCADA,1,"2022/10/20 21:30:00",TVPP104,0
D,DISPATCH,UNIT_SCADA,1,"2022/10/20 21:30:00",UPPTUMUT,0
D,DISPATCH,UNIT_SCADA,1,"2022/10/20 21:30:00",URANQ11,0
D,DISPATCH,UNIT_SCADA,1,"2022/10/20 21:30:00",URANQ12,0
D,DISPATCH,UNIT_SCADA,1,"2022/10/20 21:30:00",URANQ13,0
D,DISPATCH,UNIT_SCADA,1,"2022/10/20 21:30:00",URANQ14,0
D,DISPATCH,UNIT_SCADA,1,"2022/10/20 21:30:00",VBBG1,0
D,DISPATCH,UNIT_SCADA,1,"2022/10/20 21:30:00",VBBL1,3.70
D,DISPATCH,UNIT_SCADA,1,"2022/10/20 21:30:00",VP5,557.805110
D,DISPATCH,UNIT_SCADA,1,"2022/10/20 21:30:00",VP6,600.457760
D,DISPATCH,UNIT_SCADA,1,"2022/10/20 21:30:00",VPGS1,0
D,DISPATCH,UNIT_SCADA,1,"2022/10/20 21:30:00",VPGS2,0
D,DISPATCH,UNIT_SCADA,1,"2022/10/20 21:30:00",VPGS3,0
D,DISPATCH,UNIT_SCADA,1,"2022/10/20 21:30:00",VPGS4,0
D,DISPATCH,UNIT_SCADA,1,"2022/10/20 21:30:00",VPGS5,0
D,DISPATCH,UNIT_SCADA,1,"2022/10/20 21:30:00",VPGS6,0
D,DISPATCH,UNIT_SCADA,1,"2022/10/20 21:30:00",W/HOE#1,0
D,DISPATCH,UNIT_SCADA,1,"2022/10/20 21:30:00",W/HOE#2,0
D,DISPATCH,UNIT_SCADA,1,"2022/10/20 21:30:00",WAGGNSF1,0
D,DISPATCH,UNIT_SCADA,1,"2022/10/20 21:30:00",WALGRVG1,0
D,DISPATCH,UNIT_SCADA,1,"2022/10/20 21:30:00",WALGRVL1,10.364460
D,DISPATCH,UNIT_SCADA,1,"2022/10/20 21:30:00",WANDBG1,0
D,DISPATCH,UNIT_SCADA,1,"2022/10/20 21:30:00",WANDBL1,0.719660
D,DISPATCH,UNIT_SCADA,1,"2022/10/20 21:30:00",WARWSF1,0
D,DISPATCH,UNIT_SCADA,1,"2022/10/20 21:30:00",WARWSF2,0
D,DISPATCH,UNIT_SCADA,1,"2022/10/20 21:30:00",WATERLWF,31.40
D,DISPATCH,UNIT_SCADA,1,"2022/10/20 21:30:00",WDGPH1,0
D,DISPATCH,UNIT_SCADA,1,"2022/10/20 21:30:00",WELLSF1,0
D,DISPATCH,UNIT_SCADA,1,"2022/10/20 21:30:00",WEMENSF1,0
D,DISPATCH,UNIT_SCADA,1,"2022/10/20 21:30:00",WGWF1,44.90
D,DISPATCH,UNIT_SCADA,1,"2022/10/20 21:30:00",WHITSF1,0
D,DISPATCH,UNIT_SCADA,1,"2022/10/20 21:30:00",WINTSF1,0
D,DISPATCH,UNIT_SCADA,1,"2022/10/20 21:30:00",WKIEWA1,33.60
D,DISPATCH,UNIT_SCADA,1,"2022/10/20 21:30:00",WKIEWA2,33.70
D,DISPATCH,UNIT_SCADA,1,"2022/10/20 21:30:00",WOODLWN1,33.412130
D,DISPATCH,UNIT_SCADA,1,"2022/10/20 21:30:00",WOOLGSF1,0
D,DISPATCH,UNIT_SCADA,1,"2022/10/20 21:30:00",WPWF,57.37
D,DISPATCH,UNIT_SCADA,1,"2022/10/20 21:30:00",WRSF1,0
D,DISPATCH,UNIT_SCADA,1,"2022/10/20 21:30:00",WRWF1,143.202260
D,DISPATCH,UNIT_SCADA,1,"2022/10/20 21:30:00",WSTWYSF1,0
D,DISPATCH,UNIT_SCADA,1,"2022/10/20 21:30:00",YABULU,0
D,DISPATCH,UNIT_SCADA,1,"2022/10/20 21:30:00",YABULU2,0
D,DISPATCH,UNIT_SCADA,1,"2022/10/20 21:30:00",YARANSF1,0
D,DISPATCH,UNIT_SCADA,1,"2022/10/20 21:30:00",YARWUN_1,164.399990
D,DISPATCH,UNIT_SCADA,1,"2022/10/20 21:30:00",YATSF1,0
D,DISPATCH,UNIT_SCADA,1,"2022/10/20 21:30:00",YENDWF1,10.60
D,DISPATCH,UNIT_SCADA,1,"2022/10/20 21:30:00",YWPS1,319.045560
D,DISPATCH,UNIT_SCADA,1,"2022/10/20 21:30:00",YWPS2,356.891140
D,DISPATCH,UNIT_SCADA,1,"2022/10/20 21:30:00",YWPS3,357.9772
D,DISPATCH,UNIT_SCADA,1,"2022/10/20 21:30:00",YWPS4,0
C,"END OF REPORT",419
