C,NEMP.WORLD,DISPATCHSCADA,AEMO,PUBLIC,2022/10/20,11:20:10,0000000373250134,DISPATCHSCADA,0000000373250128
I,DISPATCH,UNIT_SCADA,1,SETTLEMENTDATE,DUID,SCADAVALUE
D,DISPATCH,UNIT_SCADA,1,"2022/10/20 11:25:00",BARCSF1,10.800001
D,DISPATCH,UNIT_SCADA,1,"2022/10/20 11:25:00",BUTLERSG,8.699999
D,DISPATCH,UNIT_SCADA,1,"2022/10/20 11:25:00",CAPTL_WF,33.883331
D,DISPATCH,UNIT_SCADA,1,"2022/10/20 11:25:00",CHALLHWF,4.50
D,DISPATCH,UNIT_SCADA,1,"2022/10/20 11:25:00",CLOVER,10.32
D,DISPATCH,UNIT_SCADA,1,"2022/10/20 11:25:00",CLUNY,6.129091
D,DISPATCH,UNIT_SCADA,1,"2022/10/20 11:25:00",CULLRGWF,-0.07
D,DISPATCH,UNIT_SCADA,1,"2022/10/20 11:25:00",DIAPURWF1,3.70
D,DISPATCH,UNIT_SCADA,1,"2022/10/20 11:25:00",ERGT01,0
D,DISPATCH,UNIT_SCADA,1,"2022/10/20 11:25:00",GB01,0
D,DISPATCH,UNIT_SCADA,1,"2022/10/20 11:25:00",GERMCRK,19.700001
D,DISPATCH,UNIT_SCADA,1,"2022/10/20 11:25:00",GRIFSF1,8.598459
D,DISPATCH,UNIT_SCADA,1,"2022/10/20 11:25:00",HEZ1,0
D,DISPATCH,UNIT_SCADA,1,"2022/10/20 11:25:00",HUGSF1,14.2630
D,DISPATCH,UNIT_SCADA,1,"2022/10/20 11:25:00",KEPBG1,0.01
D,DISPATCH,UNIT_SCADA,1,"2022/10/20 11:25:00",LRSF1,13.202001
D,DISPATCH,UNIT_SCADA,1,"2022/10/20 11:25:00",MBAHNTH,48.225006
D,DISPATCH,UNIT_SCADA,1,"2022/10/20 11:25:00",MLSP1,4.797001
D,DISPATCH,UNIT_SCADA,1,"2022/10/20 11:25:00",MLWF1,4.9650
D,DISPATCH,UNIT_SCADA,1,"2022/10/20 11:25:00",PALOONA,30.029999
D,DISPATCH,UNIT_SCADA,1,"2022/10/20 11:25:00",PIONEER,45
D,DISPATCH,UNIT_SCADA,1,"2022/10/20 11:25:00",PORTWF,93.699997
D,DISPATCH,UNIT_SCADA,1,"2022/10/20 11:25:00",REPULSE,9.492943
D,DISPATCH,UNIT_SCADA,1,"2022/10/20 11:25:00",ROWALLAN,8.9247
D,DISPATCH,UNIT_SCADA,1,"2022/10/20 11:25:00",ROYALLA1,6.006003
D,DISPATCH,UNIT_SCADA,1,"2022/10/20 11:25:00",RPCG,-1.80
D,DISPATCH,UNIT_SCADA,1,"2022/10/20 11:25:00",RUBICON,0
D,DISPATCH,UNIT_SCADA,1,"2022/10/20 11:25:00",WAUBRAWF,11.9190
D,DISPATCH,UNIT_SCADA,1,"2022/10/20 11:25:00",WOOLNTH1,1.33
D,DISPATCH,UNIT_SCADA,1,"2022/10/20 11:25:00",YAMBUKWF,8
D,DISPATCH,UNIT_SCADA,1,"2022/10/20 11:25:00",YSWF1,1.50
D,DISPATCH,UNIT_SCADA,1,"2022/10/20 11:25:00",ADPBA1G,0.0080
D,DISPATCH,UNIT_SCADA,1,"2022/10/20 11:25:00",ADPBA1L,0
D,DISPATCH,UNIT_SCADA,1,"2022/10/20 11:25:00",ADPPV1,0.0540
D,DISPATCH,UNIT_SCADA,1,"2022/10/20 11:25:00",AGLHAL,0
D,DISPATCH,UNIT_SCADA,1,"2022/10/20 11:25:00",AGLSOM,0
D,DISPATCH,UNIT_SCADA,1,"2022/10/20 11:25:00",ANGAST1,0
D,DISPATCH,UNIT_SCADA,1,"2022/10/20 11:25:00",ARWF1,0
D,DISPATCH,UNIT_SCADA,1,"2022/10/20 11:25:00",BALBG1,0
D,DISPATCH,UNIT_SCADA,1,"2022/10/20 11:25:00",BALBL1,0
D,DISPATCH,UNIT_SCADA,1,"2022/10/20 11:25:00",BALDHWF1,9.3450
D,DISPATCH,UNIT_SCADA,1,"2022/10/20 11:25:00",BANGOWF1,36.497140
D,DISPATCH,UNIT_SCADA,1,"2022/10/20 11:25:00",BANGOWF2,41.399480
D,DISPATCH,UNIT_SCADA,1,"2022/10/20 11:25:00",BANN1,28.07
D,DISPATCH,UNIT_SCADA,1,"2022/10/20 11:25:00",BARCALDN,0
D,DISPATCH,UNIT_SCADA,1,"2022/10/20 11:25:00",BARKIPS1,0
D,DISPATCH,UNIT_SCADA,1,"2022/10/20 11:25:00",BARRON-1,0
D,DISPATCH,UNIT_SCADA,1,"2022/10/20 11:25:00",BARRON-2,0
D,DISPATCH,UNIT_SCADA,1,"2022/10/20 11:25:00",BASTYAN,55.26
D,DISPATCH,UNIT_SCADA,1,"2022/10/20 11:25:00",BBTHREE1,0
D,DISPATCH,UNIT_SCADA,1,"2022/10/20 11:25:00",BBTHREE2,0
D,DISPATCH,UNIT_SCADA,1,"2022/10/20 11:25:00",BBTHREE3,0
D,DISPATCH,UNIT_SCADA,1,"2022/10/20 11:25:00",BDL01,0
D,DISPATCH,UNIT_SCADA,1,"2022/10/20 11:25:00",BDL02,0
D,DISPATCH,UNIT_SCADA,1,"2022/10/20 11:25:00",BERYLSF1,11.771250
D,DISPATCH,UNIT_SCADA,1,"2022/10/20 11:25:00",BLOWERNG,62.40
D,DISPATCH,UNIT_SCADA,1,"2022/10/20 11:25:00",BLUEGSF1,74.788860
D,DISPATCH,UNIT_SCADA,1,"2022/10/20 11:25:00",BLUFF1,10.30
D,DISPATCH,UNIT_SCADA,1,"2022/10/20 11:25:00",BNGSF1,98.47
D,DISPATCH,UNIT_SCADA,1,"2022/10/20 11:25:00",BNGSF2,110.34
D,DISPATCH,UNIT_SCADA,1,"2022/10/20 11:25:00",BOCORWF1,12.81
D,DISPATCH,UNIT_SCADA,1,"2022/10/20 11:25:00",BODWF1,100.910550
D,DISPATCH,UNIT_SCADA,1,"2022/10/20 11:25:00",BOMENSF1,36.319520
D,DISPATCH,UNIT_SCADA,1,"2022/10/20 11:25:00",BOWWBA1G,0
D,DISPATCH,UNIT_SCADA,1,"2022/10/20 11:25:00",BOWWBA1L,0
D,DISPATCH,UNIT_SCADA,1,"2022/10/20 11:25:00",BOWWPV1,0.0010
D,DISPATCH,UNIT_SCADA,1,"2022/10/20 11:25:00",BRAEMAR1,0
D,DISPATCH,UNIT_SCADA,1,"2022/10/20 11:25:00",BRAEMAR2,0
D,DISPATCH,UNIT_SCADA,1,"2022/10/20 11:25:00",BRAEMAR3,0
D,DISPATCH,UNIT_SCADA,1,"2022/10/20 11:25:00",BRAEMAR5,0.292060
D,DISPATCH,UNIT_SCADA,1,"2022/10/20 11:25:00",BRAEMAR6,0
D,DISPATCH,UNIT_SCADA,1,"2022/10/20 11:25:00",BRAEMAR7,0.130920
D,DISPATCH,UNIT_SCADA,1,"2022/10/20 11:25:00",BROKENH1,47.299280
D,DISPATCH,UNIT_SCADA,1,"2022/10/20 11:25:00",BRYB1WF1,94.7860
D,DISPATCH,UNIT_SCADA,1,"2022/10/20 11:25:00",BULBESG1,0
D,DISPATCH,UNIT_SCADA,1,"2022/10/20 11:25:00",BULBESL1,1.37
D,DISPATCH,UNIT_SCADA,1,"2022/10/20 11:25:00",BULGANA1,1.95
D,DISPATCH,UNIT_SCADA,1,"2022/10/20 11:25:00",BW01,658.957820
D,DISPATCH,UNIT_SCADA,1,"2022/10/20 11:25:00",BW02,619.552920
D,DISPATCH,UNIT_SCADA,1,"2022/10/20 11:25:00",BW03,434.808870
D,DISPATCH,UNIT_SCADA,1,"2022/10/20 11:25:00",BW04,0
D,DISPATCH,UNIT_SCADA,1,"2022/10/20 11:25:00",CALL_B_1,322.200010
D,DISPATCH,UNIT_SCADA,1,"2022/10/20 11:25:00",CALL_B_2,321.50
D,DISPATCH,UNIT_SCADA,1,"2022/10/20 11:25:00",CATHROCK,0.40
D,DISPATCH,UNIT_SCADA,1,"2022/10/20 11:25:00",CBWWBA1G,0
D,DISPATCH,UNIT_SCADA,1,"2022/10/20 11:25:00",CBWWBA1L,0
D,DISPATCH,UNIT_SCADA,1,"2022/10/20 11:25:00",CETHANA,10.946620
D,DISPATCH,UNIT_SCADA,1,"2022/10/20 11:25:00",CG1,0
D,DISPATCH,UNIT_SCADA,1,"2022/10/20 11:25:00",CG2,0
D,DISPATCH,UNIT_SCADA,1,"2022/10/20 11:25:00",CG3,0
D,DISPATCH,UNIT_SCADA,1,"2022/10/20 11:25:00",CG4,0
D,DISPATCH,UNIT_SCADA,1,"2022/10/20 11:25:00",CHILDSF1,29.88
D,DISPATCH,UNIT_SCADA,1,"2022/10/20 11:25:00",CHYTWF1,2.97
D,DISPATCH,UNIT_SCADA,1,"2022/10/20 11:25:00",CLARESF1,23.754750
D,DISPATCH,UNIT_SCADA,1,"2022/10/20 11:25:00",CLEMGPWF,6.267050
D,DISPATCH,UNIT_SCADA,1,"2022/10/20 11:25:00",CLERMSF1,15.46
D,DISPATCH,UNIT_SCADA,1,"2022/10/20 11:25:00",CNUNDAWF,0
D,DISPATCH,UNIT_SCADA,1,"2022/10/20 11:25:00",COHUNSF1,6.61
D,DISPATCH,UNIT_SCADA,1,"2022/10/20 11:25:00",COLEASF1,38.002980
D,DISPATCH,UNIT_SCADA,1,"2022/10/20 11:25:00",COLUMSF1,22.21
D,DISPATCH,UNIT_SCADA,1,"2022/10/20 11:25:00",COLWF01,95.759520
D,DISPATCH,UNIT_SCADA,1,"2022/10/20 11:25:00",COOPGWF1,150.97
D,DISPATCH,UNIT_SCADA,1,"2022/10/20 11:25:00",CPP_3,305.25
D,DISPATCH,UNIT_SCADA,1,"2022/10/20 11:25:00",CPP_4,0
D,DISPATCH,UNIT_SCADA,1,"2022/10/20 11:25:00",CPSA,0
D,DISPATCH,UNIT_SCADA,1,"2022/10/20 11:25:00",CROOKWF2,47.083850
D,DISPATCH,UNIT_SCADA,1,"2022/10/20 11:25:00",CROWLWF1,0
D,DISPATCH,UNIT_SCADA,1,"2022/10/20 11:25:00",CRURWF1,60.298850
D,DISPATCH,UNIT_SCADA,1,"2022/10/20 11:25:00",CRWASF1,30.022660
D,DISPATCH,UNIT_SCADA,1,"2022/10/20 11:25:00",CSPVPS1,0.2840
D,DISPATCH,UNIT_SCADA,1,"2022/10/20 11:25:00",CTHLWF1,0.003050
D,DISPATCH,UNIT_SCADA,1,"2022/10/20 11:25:00",DALNTH01,0
D,DISPATCH,UNIT_SCADA,1,"2022/10/20 11:25:00",DALNTHL1,0.099180
D,DISPATCH,UNIT_SCADA,1,"2022/10/20 11:25:00",DARLSF1,39.085010
D,DISPATCH,UNIT_SCADA,1,"2022/10/20 11:25:00",DARTM1,0
D,DISPATCH,UNIT_SCADA,1,"2022/10/20 11:25:00",DAYDSF1,2.1420
D,DISPATCH,UNIT_SCADA,1,"2022/10/20 11:25:00",DDPS1,0
D,DISPATCH,UNIT_SCADA,1,"2022/10/20 11:25:00",DDSF1,50.466820
D,DISPATCH,UNIT_SCADA,1,"2022/10/20 11:25:00",DEVILS_G,50.570390
D,DISPATCH,UNIT_SCADA,1,"2022/10/20 11:25:00",DG_NSW1,0
D,DISPATCH,UNIT_SCADA,1,"2022/10/20 11:25:00",DG_QLD1,0
D,DISPATCH,UNIT_SCADA,1,"2022/10/20 11:25:00",DG_SA1,0
D,DISPATCH,UNIT_SCADA,1,"2022/10/20 11:25:00",DG_TAS1,0
D,DISPATCH,UNIT_SCADA,1,"2022/10/20 11:25:00",DG_VIC1,0
D,DISPATCH,UNIT_SCADA,1,"2022/10/20 11:25:00",DRYCGT1,0
D,DISPATCH,UNIT_SCADA,1,"2022/10/20 11:25:00",DRYCGT2,0
D,DISPATCH,UNIT_SCADA,1,"2022/10/20 11:25:00",DRYCGT3,0
D,DISPATCH,UNIT_SCADA,1,"2022/10/20 11:25:00",DUNDWF1,61.74
D,DISPATCH,UNIT_SCADA,1,"2022/10/20 11:25:00",DUNDWF2,16.17
D,DISPATCH,UNIT_SCADA,1,"2022/10/20 11:25:00",DUNDWF3,43.01
D,DISPATCH,UNIT_SCADA,1,"2022/10/20 11:25:00",EILDON1,60.08
D,DISPATCH,UNIT_SCADA,1,"2022/10/20 11:25:00",EILDON2,59.92
D,DISPATCH,UNIT_SCADA,1,"2022/10/20 11:25:00",ELAINWF1,28.88
D,DISPATCH,UNIT_SCADA,1,"2022/10/20 11:25:00",EMERASF1,0
D,DISPATCH,UNIT_SCADA,1,"2022/10/20 11:25:00",ER01,0
D,DISPATCH,UNIT_SCADA,1,"2022/10/20 11:25:00",ER02,348.674740
D,DISPATCH,UNIT_SCADA,1,"2022/10/20 11:25:00",ER03,445.917450
D,DISPATCH,UNIT_SCADA,1,"2022/10/20 11:25:00",ER04,449.164580
D,DISPATCH,UNIT_SCADA,1,"2022/10/20 11:25:00",FINLYSF1,112.919820
D,DISPATCH,UNIT_SCADA,1,"2022/10/20 11:25:00",FISHER,43.90
D,DISPATCH,UNIT_SCADA,1,"2022/10/20 11:25:00",GANGARR1,16.4140
D,DISPATCH,UNIT_SCADA,1,"2022/10/20 11:25:00",GANNBG1,0
D,DISPATCH,UNIT_SCADA,1,"2022/10/20 11:25:00",GANNBL1,2.957860
D,DISPATCH,UNIT_SCADA,1,"2022/10/20 11:25:00",GANNSF1,23.80
D,DISPATCH,UNIT_SCADA,1,"2022/10/20 11:25:00",GLRWNSF1,110.03
D,DISPATCH,UNIT_SCADA,1,"2022/10/20 11:25:00",GNNDHSF1,46.394370
D,DISPATCH,UNIT_SCADA,1,"2022/10/20 11:25:00",GOONSF1,1.539330
D,DISPATCH,UNIT_SCADA,1,"2022/10/20 11:25:00",GORDON,221.433780
D,DISPATCH,UNIT_SCADA,1,"2022/10/20 11:25:00",GRANWF1,0
D,DISPATCH,UNIT_SCADA,1,"2022/10/20 11:25:00",GSTONE1,201.774990
D,DISPATCH,UNIT_SCADA,1,"2022/10/20 11:25:00",GSTONE2,0
D,DISPATCH,UNIT_SCADA,1,"2022/10/20 11:25:00",GSTONE3,200.55
D,DISPATCH,UNIT_SCADA,1,"2022/10/20 11:25:00",GSTONE4,0
D,DISPATCH,UNIT_SCADA,1,"2022/10/20 11:25:00",GSTONE5,151.3750
D,DISPATCH,UNIT_SCADA,1,"2022/10/20 11:25:00",GSTONE6,152.25
D,DISPATCH,UNIT_SCADA,1,"2022/10/20 11:25:00",GULLRSF1,4.104940
D,DISPATCH,UNIT_SCADA,1,"2022/10/20 11:25:00",GULLRWF1,63.024040
D,DISPATCH,UNIT_SCADA,1,"2022/10/20 11:25:00",GULLRWF2,77.068070
D,DISPATCH,UNIT_SCADA,1,"2022/10/20 11:25:00",GUNNING1,0
D,DISPATCH,UNIT_SCADA,1,"2022/10/20 11:25:00",GUTHEGA,68.100010
D,DISPATCH,UNIT_SCADA,1,"2022/10/20 11:25:00",HALLWF1,8.23
D,DISPATCH,UNIT_SCADA,1,"2022/10/20 11:25:00",HALLWF2,9.84
D,DISPATCH,UNIT_SCADA,1,"2022/10/20 11:25:00",HAMISF1,0
D,DISPATCH,UNIT_SCADA,1,"2022/10/20 11:25:00",HAUGHT11,58.841090
D,DISPATCH,UNIT_SCADA,1,"2022/10/20 11:25:00",HAYMSF1,0
D,DISPATCH,UNIT_SCADA,1,"2022/10/20 11:25:00",HDWF1,83
D,DISPATCH,UNIT_SCADA,1,"2022/10/20 11:25:00",HDWF2,78.90
D,DISPATCH,UNIT_SCADA,1,"2022/10/20 11:25:00",HDWF3,80.10
D,DISPATCH,UNIT_SCADA,1,"2022/10/20 11:25:00",HILLSTN1,56.821760
D,DISPATCH,UNIT_SCADA,1,"2022/10/20 11:25:00",HPRG1,26.50
D,DISPATCH,UNIT_SCADA,1,"2022/10/20 11:25:00",HPRL1,0
D,DISPATCH,UNIT_SCADA,1,"2022/10/20 11:25:00",HUMENSW,54.109150
D,DISPATCH,UNIT_SCADA,1,"2022/10/20 11:25:00",HUMEV,0
D,DISPATCH,UNIT_SCADA,1,"2022/10/20 11:25:00",HVWWBA1G,0
D,DISPATCH,UNIT_SCADA,1,"2022/10/20 11:25:00",HVWWBA1L,0.0060
D,DISPATCH,UNIT_SCADA,1,"2022/10/20 11:25:00",HVWWPV1,0.1030
D,DISPATCH,UNIT_SCADA,1,"2022/10/20 11:25:00",JBUTTERS,0
D,DISPATCH,UNIT_SCADA,1,"2022/10/20 11:25:00",JEMALNG1,1.19
D,DISPATCH,UNIT_SCADA,1,"2022/10/20 11:25:00",JLA01,0
D,DISPATCH,UNIT_SCADA,1,"2022/10/20 11:25:00",JLA02,0
D,DISPATCH,UNIT_SCADA,1,"2022/10/20 11:25:00",JLA03,0
D,DISPATCH,UNIT_SCADA,1,"2022/10/20 11:25:00",JLA04,0
D,DISPATCH,UNIT_SCADA,1,"2022/10/20 11:25:00",JLB01,0
D,DISPATCH,UNIT_SCADA,1,"2022/10/20 11:25:00",JLB02,0.10
D,DISPATCH,UNIT_SCADA,1,"2022/10/20 11:25:00",JLB03,0
D,DISPATCH,UNIT_SCADA,1,"2022/10/20 11:25:00",JUNEESF1,10.656770
D,DISPATCH,UNIT_SCADA,1,"2022/10/20 11:25:00",KABANWF1,0
D,DISPATCH,UNIT_SCADA,1,"2022/10/20 11:25:00",KAREEYA1,0
D,DISPATCH,UNIT_SCADA,1,"2022/10/20 11:25:00",KAREEYA2,0
D,DISPATCH,UNIT_SCADA,1,"2022/10/20 11:25:00",KAREEYA3,5.0825
D,DISPATCH,UNIT_SCADA,1,"2022/10/20 11:25:00",KAREEYA4,0
D,DISPATCH,UNIT_SCADA,1,"2022/10/20 11:25:00",KARSF1,25.80
D,DISPATCH,UNIT_SCADA,1,"2022/10/20 11:25:00",KEPSF1,6.24
D,DISPATCH,UNIT_SCADA,1,"2022/10/20 11:25:00",KEPWF1,7.28
D,DISPATCH,UNIT_SCADA,1,"2022/10/20 11:25:00",KIAMSF1,10.059510
D,DISPATCH,UNIT_SCADA,1,"2022/10/20 11:25:00",KIATAWF1,4.30
D,DISPATCH,UNIT_SCADA,1,"2022/10/20 11:25:00",KPP_1,0
D,DISPATCH,UNIT_SCADA,1,"2022/10/20 11:25:00",KSP1,41.06
D,DISPATCH,UNIT_SCADA,1,"2022/10/20 11:25:00",LADBROK1,0.01
D,DISPATCH,UNIT_SCADA,1,"2022/10/20 11:25:00",LADBROK2,0.01
D,DISPATCH,UNIT_SCADA,1,"2022/10/20 11:25:00",LBBG1,0
D,DISPATCH,UNIT_SCADA,1,"2022/10/20 11:25:00",LBBL1,5.40
D,DISPATCH,UNIT_SCADA,1,"2022/10/20 11:25:00",LD01,285.689880
D,DISPATCH,UNIT_SCADA,1,"2022/10/20 11:25:00",LD02,0
D,DISPATCH,UNIT_SCADA,1,"2022/10/20 11:25:00",LD04,284.536290
D,DISPATCH,UNIT_SCADA,1,"2022/10/20 11:25:00",LEM_WIL,22.671810
D,DISPATCH,UNIT_SCADA,1,"2022/10/20 11:25:00",LGAPWF1,43.24
D,DISPATCH,UNIT_SCADA,1,"2022/10/20 11:25:00",LGAPWF2,30.31
D,DISPATCH,UNIT_SCADA,1,"2022/10/20 11:25:00",LILYSF1,62.128120
D,DISPATCH,UNIT_SCADA,1,"2022/10/20 11:25:00",LIMOSF11,93.090870
D,DISPATCH,UNIT_SCADA,1,"2022/10/20 11:25:00",LIMOSF21,16.917220
D,DISPATCH,UNIT_SCADA,1,"2022/10/20 11:25:00",LI_WY_CA,56.4544
D,DISPATCH,UNIT_SCADA,1,"2022/10/20 11:25:00",LKBONNY1,0
D,DISPATCH,UNIT_SCADA,1,"2022/10/20 11:25:00",LKBONNY2,0
D,DISPATCH,UNIT_SCADA,1,"2022/10/20 11:25:00",LKBONNY3,0
D,DISPATCH,UNIT_SCADA,1,"2022/10/20 11:25:00",LK_ECHO,0
D,DISPATCH,UNIT_SCADA,1,"2022/10/20 11:25:00",LNGS1,0
D,DISPATCH,UNIT_SCADA,1,"2022/10/20 11:25:00",LNGS2,0
D,DISPATCH,UNIT_SCADA,1,"2022/10/20 11:25:00",LONSDALE,0
D,DISPATCH,UNIT_SCADA,1,"2022/10/20 11:25:00",LOYYB1,419.544310
D,DISPATCH,UNIT_SCADA,1,"2022/10/20 11:25:00",LOYYB2,420.672150
D,DISPATCH,UNIT_SCADA,1,"2022/10/20 11:25:00",LYA1,374
D,DISPATCH,UNIT_SCADA,1,"2022/10/20 11:25:00",LYA2,0
D,DISPATCH,UNIT_SCADA,1,"2022/10/20 11:25:00",LYA3,359
D,DISPATCH,UNIT_SCADA,1,"2022/10/20 11:25:00",LYA4,360
D,DISPATCH,UNIT_SCADA,1,"2022/10/20 11:25:00",MACARTH1,68.098430
D,DISPATCH,UNIT_SCADA,1,"2022/10/20 11:25:00",MACKNTSH,0
D,DISPATCH,UNIT_SCADA,1,"2022/10/20 11:25:00",MANSLR1,44.4310
D,DISPATCH,UNIT_SCADA,1,"2022/10/20 11:25:00",MAPS2PV1,0
D,DISPATCH,UNIT_SCADA,1,"2022/10/20 11:25:00",MAPS3PV1,0
D,DISPATCH,UNIT_SCADA,1,"2022/10/20 11:25:00",MARYRSF1,21.21
D,DISPATCH,UNIT_SCADA,1,"2022/10/20 11:25:00",MBPS2PV1,0
D,DISPATCH,UNIT_SCADA,1,"2022/10/20 11:25:00",MCKAY1,0.02
D,DISPATCH,UNIT_SCADA,1,"2022/10/20 11:25:00",MEADOWBK,6.030380
D,DISPATCH,UNIT_SCADA,1,"2022/10/20 11:25:00",MERCER01,30.60
D,DISPATCH,UNIT_SCADA,1,"2022/10/20 11:25:00",METZSF1,23.486950
D,DISPATCH,UNIT_SCADA,1,"2022/10/20 11:25:00",MEWF1,0
D,DISPATCH,UNIT_SCADA,1,"2022/10/20 11:25:00",MIDDLSF1,11.57
D,DISPATCH,UNIT_SCADA,1,"2022/10/20 11:25:00",MINTARO,0.128180
D,DISPATCH,UNIT_SCADA,1,"2022/10/20 11:25:00",MOLNGSF1,8.910050
D,DISPATCH,UNIT_SCADA,1,"2022/10/20 11:25:00",MOORAWF1,72.97
D,DISPATCH,UNIT_SCADA,1,"2022/10/20 11:25:00",MOREESF1,14.0160
D,DISPATCH,UNIT_SCADA,1,"2022/10/20 11:25:00",MORTLK11,0
D,DISPATCH,UNIT_SCADA,1,"2022/10/20 11:25:00",MORTLK12,0
D,DISPATCH,UNIT_SCADA,1,"2022/10/20 11:25:00",MOUSF1,0
D,DISPATCH,UNIT_SCADA,1,"2022/10/20 11:25:00",MP1,0
D,DISPATCH,UNIT_SCADA,1,"2022/10/20 11:25:00",MP2,354.485380
D,DISPATCH,UNIT_SCADA,1,"2022/10/20 11:25:00",MPP_1,182.745380
D,DISPATCH,UNIT_SCADA,1,"2022/10/20 11:25:00",MPP_2,177.496190
D,DISPATCH,UNIT_SCADA,1,"2022/10/20 11:25:00",MRTLSWF1,0
D,DISPATCH,UNIT_SCADA,1,"2022/10/20 11:25:00",MSTUART1,0
D,DISPATCH,UNIT_SCADA,1,"2022/10/20 11:25:00",MSTUART2,0
D,DISPATCH,UNIT_SCADA,1,"2022/10/20 11:25:00",MSTUART3,0
D,DISPATCH,UNIT_SCADA,1,"2022/10/20 11:25:00",MTGELWF1,28.725550
D,DISPATCH,UNIT_SCADA,1,"2022/10/20 11:25:00",MTMILLAR,1.40
D,DISPATCH,UNIT_SCADA,1,"2022/10/20 11:25:00",MURRAY,0
D,DISPATCH,UNIT_SCADA,1,"2022/10/20 11:25:00",MUSSELR1,99.10
D,DISPATCH,UNIT_SCADA,1,"2022/10/20 11:25:00",MUWAWF1,42.14
D,DISPATCH,UNIT_SCADA,1,"2022/10/20 11:25:00",MUWAWF2,27
D,DISPATCH,UNIT_SCADA,1,"2022/10/20 11:25:00",MWPS1PV1,0.13
D,DISPATCH,UNIT_SCADA,1,"2022/10/20 11:25:00",MWPS2PV1,0
D,DISPATCH,UNIT_SCADA,1,"2022/10/20 11:25:00",MWPS3PV1,0
D,DISPATCH,UNIT_SCADA,1,"2022/10/20 11:25:00",MWPS4PV1,0.01
D,DISPATCH,UNIT_SCADA,1,"2022/10/20 11:25:00",NBHWF1,29.60
D,DISPATCH,UNIT_SCADA,1,"2022/10/20 11:25:00",NEVERSF1,14.58
D,DISPATCH,UNIT_SCADA,1,"2022/10/20 11:25:00",NPS,0
D,DISPATCH,UNIT_SCADA,1,"2022/10/20 11:25:00",NUMURSF1,64.15
D,DISPATCH,UNIT_SCADA,1,"2022/10/20 11:25:00",NYNGAN1,75
D,DISPATCH,UNIT_SCADA,1,"2022/10/20 11:25:00",OAKEY1,0
D,DISPATCH,UNIT_SCADA,1,"2022/10/20 11:25:00",OAKEY1SF,8.6480
D,DISPATCH,UNIT_SCADA,1,"2022/10/20 11:25:00",OAKEY2,0
D,DISPATCH,UNIT_SCADA,1,"2022/10/20 11:25:00",OAKEY2SF,15.86
D,DISPATCH,UNIT_SCADA,1,"2022/10/20 11:25:00",OAKLAND1,8.40
D,DISPATCH,UNIT_SCADA,1,"2022/10/20 11:25:00",OSB-AG,0
D,DISPATCH,UNIT_SCADA,1,"2022/10/20 11:25:00",PAREPS1,0.0660
D,DISPATCH,UNIT_SCADA,1,"2022/10/20 11:25:00",PAREPW1,68.88
D,DISPATCH,UNIT_SCADA,1,"2022/10/20 11:25:00",PARSF1,6.8986
D,DISPATCH,UNIT_SCADA,1,"2022/10/20 11:25:00",POAT110,0
D,DISPATCH,UNIT_SCADA,1,"2022/10/20 11:25:00",POAT220,0
D,DISPATCH,UNIT_SCADA,1,"2022/10/20 11:25:00",POR01,0
D,DISPATCH,UNIT_SCADA,1,"2022/10/20 11:25:00",POR03,0
D,DISPATCH,UNIT_SCADA,1,"2022/10/20 11:25:00",PPCCGT,0
D,DISPATCH,UNIT_SCADA,1,"2022/10/20 11:25:00",PTSTAN1,0
D,DISPATCH,UNIT_SCADA,1,"2022/10/20 11:25:00",PUMP1,244.67
D,DISPATCH,UNIT_SCADA,1,"2022/10/20 11:25:00",PUMP2,0
D,DISPATCH,UNIT_SCADA,1,"2022/10/20 11:25:00",QBYNBG1,2.176470
D,DISPATCH,UNIT_SCADA,1,"2022/10/20 11:25:00",QBYNBL1,0
D,DISPATCH,UNIT_SCADA,1,"2022/10/20 11:25:00",QPS1,0
D,DISPATCH,UNIT_SCADA,1,"2022/10/20 11:25:00",QPS2,0
D,DISPATCH,UNIT_SCADA,1,"2022/10/20 11:25:00",QPS3,0
D,DISPATCH,UNIT_SCADA,1,"2022/10/20 11:25:00",QPS4,0
D,DISPATCH,UNIT_SCADA,1,"2022/10/20 11:25:00",QPS5,78.31
D,DISPATCH,UNIT_SCADA,1,"2022/10/20 11:25:00",REECE1,0
D,DISPATCH,UNIT_SCADA,1,"2022/10/20 11:25:00",REECE2,0
D,DISPATCH,UNIT_SCADA,1,"2022/10/20 11:25:00",ROMA_7,0
D,DISPATCH,UNIT_SCADA,1,"2022/10/20 11:25:00",ROMA_8,0
D,DISPATCH,UNIT_SCADA,1,"2022/10/20 11:25:00",RRSF1,82.5526
D,DISPATCH,UNIT_SCADA,1,"2022/10/20 11:25:00",RT_NSW1,0
D,DISPATCH,UNIT_SCADA,1,"2022/10/20 11:25:00",RT_NSW2,0
D,DISPATCH,UNIT_SCADA,1,"2022/10/20 11:25:00",RT_NSW3,0
D,DISPATCH,UNIT_SCADA,1,"2022/10/20 11:25:00",RT_NSW4,0
D,DISPATCH,UNIT_SCADA,1,"2022/10/20 11:25:00",RT_NSW5,0
D,DISPATCH,UNIT_SCADA,1,"2022/10/20 11:25:00",RT_NSW6,0
D,DISPATCH,UNIT_SCADA,1,"2022/10/20 11:25:00",RT_QLD1,0
D,DISPATCH,UNIT_SCADA,1,"2022/10/20 11:25:00",RT_SA1,0
D,DISPATCH,UNIT_SCADA,1,"2022/10/20 11:25:00",RT_SA2,0
D,DISPATCH,UNIT_SCADA,1,"2022/10/20 11:25:00",RT_SA3,0
D,DISPATCH,UNIT_SCADA,1,"2022/10/20 11:25:00",RT_SA4,0
D,DISPATCH,UNIT_SCADA,1,"2022/10/20 11:25:00",RT_SA5,0
D,DISPATCH,UNIT_SCADA,1,"2022/10/20 11:25:00",RT_SA6,0
D,DISPATCH,UNIT_SCADA,1,"2022/10/20 11:25:00",RT_TAS1,0
D,DISPATCH,UNIT_SCADA,1,"2022/10/20 11:25:00",RT_VIC1,0
D,DISPATCH,UNIT_SCADA,1,"2022/10/20 11:25:00",RT_VIC10,0
D,DISPATCH,UNIT_SCADA,1,"2022/10/20 11:25:00",RT_VIC11,0
D,DISPATCH,UNIT_SCADA,1,"2022/10/20 11:25:00",RT_VIC12,0
D,DISPATCH,UNIT_SCADA,1,"2022/10/20 11:25:00",RT_VIC2,0
D,DISPATCH,UNIT_SCADA,1,"2022/10/20 11:25:00",RT_VIC3,0
D,DISPATCH,UNIT_SCADA,1,"2022/10/20 11:25:00",RT_VIC4,0
D,DISPATCH,UNIT_SCADA,1,"2022/10/20 11:25:00",RT_VIC5,0
D,DISPATCH,UNIT_SCADA,1,"2022/10/20 11:25:00",RT_VIC6,0
D,DISPATCH,UNIT_SCADA,1,"2022/10/20 11:25:00",RT_VIC7,0
D,DISPATCH,UNIT_SCADA,1,"2022/10/20 11:25:00",RT_VIC8,0
D,DISPATCH,UNIT_SCADA,1,"2022/10/20 11:25:00",RT_VIC9,0
D,DISPATCH,UNIT_SCADA,1,"2022/10/20 11:25:00",RUGBYR1,2.311810
D,DISPATCH,UNIT_SCADA,1,"2022/10/20 11:25:00",SALTCRK1,15.83
D,DISPATCH,UNIT_SCADA,1,"2022/10/20 11:25:00",SAPHWF1,36.726940
D,DISPATCH,UNIT_SCADA,1,"2022/10/20 11:25:00",SEBSF1,21.348930
D,DISPATCH,UNIT_SCADA,1,"2022/10/20 11:25:00",SHGEN,0
D,DISPATCH,UNIT_SCADA,1,"2022/10/20 11:25:00",SHPUMP,0
D,DISPATCH,UNIT_SCADA,1,"2022/10/20 11:25:00",SITHE01,0.123710
D,DISPATCH,UNIT_SCADA,1,"2022/10/20 11:25:00",SMCSF1,87.7810
D,DISPATCH,UNIT_SCADA,1,"2022/10/20 11:25:00",SNAPPER1,0
D,DISPATCH,UNIT_SCADA,1,"2022/10/20 11:25:00",SNOWNTH1,69.70
D,DISPATCH,UNIT_SCADA,1,"2022/10/20 11:25:00",SNOWSTH1,20.60
D,DISPATCH,UNIT_SCADA,1,"2022/10/20 11:25:00",SNOWTWN1,0
D,DISPATCH,UNIT_SCADA,1,"2022/10/20 11:25:00",SNOWYP,0
D,DISPATCH,UNIT_SCADA,1,"2022/10/20 11:25:00",SNUG1,0
D,DISPATCH,UNIT_SCADA,1,"2022/10/20 11:25:00",SRSF1,28.98
D,DISPATCH,UNIT_SCADA,1,"2022/10/20 11:25:00",STAN-1,279.3255
D,DISPATCH,UNIT_SCADA,1,"2022/10/20 11:25:00",STAN-2,332.839810
D,DISPATCH,UNIT_SCADA,1,"2022/10/20 11:25:00",STAN-3,155.056930
D,DISPATCH,UNIT_SCADA,1,"2022/10/20 11:25:00",STAN-4,333.801150
D,DISPATCH,UNIT_SCADA,1,"2022/10/20 11:25:00",STARHLWF,0.01
D,DISPATCH,UNIT_SCADA,1,"2022/10/20 11:25:00",STOCKYD1,83.31
D,DISPATCH,UNIT_SCADA,1,"2022/10/20 11:25:00",STWF1,0
D,DISPATCH,UNIT_SCADA,1,"2022/10/20 11:25:00",SUNRSF1,116.845960
D,DISPATCH,UNIT_SCADA,1,"2022/10/20 11:25:00",SUNTPSF1,110.466160
D,DISPATCH,UNIT_SCADA,1,"2022/10/20 11:25:00",SWAN_E,224.713750
D,DISPATCH,UNIT_SCADA,1,"2022/10/20 11:25:00",TALWA1,0
D,DISPATCH,UNIT_SCADA,1,"2022/10/20 11:25:00",TARALGA1,0
D,DISPATCH,UNIT_SCADA,1,"2022/10/20 11:25:00",TARONG#1,346.399990
D,DISPATCH,UNIT_SCADA,1,"2022/10/20 11:25:00",TARONG#2,347.200010
D,DISPATCH,UNIT_SCADA,1,"2022/10/20 11:25:00",TARONG#3,0.90
D,DISPATCH,UNIT_SCADA,1,"2022/10/20 11:25:00",TARONG#4,212.30
D,DISPATCH,UNIT_SCADA,1,"2022/10/20 11:25:00",TARRALEA,54
D,DISPATCH,UNIT_SCADA,1,"2022/10/20 11:25:00",TBSF1,0.10
D,DISPATCH,UNIT_SCADA,1,"2022/10/20 11:25:00",TNPS1,403.75
D,DISPATCH,UNIT_SCADA,1,"2022/10/20 11:25:00",TORRB1,0
D,DISPATCH,UNIT_SCADA,1,"2022/10/20 11:25:00",TORRB2,44
D,DISPATCH,UNIT_SCADA,1,"2022/10/20 11:25:00",TORRB3,0
D,DISPATCH,UNIT_SCADA,1,"2022/10/20 11:25:00",TORRB4,0
D,DISPATCH,UNIT_SCADA,1,"2022/10/20 11:25:00",TREVALLN,98.254120
D,DISPATCH,UNIT_SCADA,1,"2022/10/20 11:25:00",TRIBUTE,0
D,DISPATCH,UNIT_SCADA,1,"2022/10/20 11:25:00",TUMUT3,0
D,DISPATCH,UNIT_SCADA,1,"2022/10/20 11:25:00",TUNGATIN,5.500020
D,DISPATCH,UNIT_SCADA,1,"2022/10/20 11:25:00",TVCC201,0
D,DISPATCH,UNIT_SCADA,1,"2022/10/20 11:25:00",TVPP104,57.807020
D,DISPATCH,UNIT_SCADA,1,"2022/10/20 11:25:00",UPPTUMUT,2.475510
D,DISPATCH,UNIT_SCADA,1,"2022/10/20 11:25:00",URANQ11,0
D,DISPATCH,UNIT_SCADA,1,"2022/10/20 11:25:00",URANQ12,0
D,DISPATCH,UNIT_SCADA,1,"2022/10/20 11:25:00",URANQ13,0
D,DISPATCH,UNIT_SCADA,1,"2022/10/20 11:25:00",URANQ14,0
D,DISPATCH,UNIT_SCADA,1,"2022/10/20 11:25:00",VBBG1,0
D,DISPATCH,UNIT_SCADA,1,"2022/10/20 11:25:00",VBBL1,23.70
D,DISPATCH,UNIT_SCADA,1,"2022/10/20 11:25:00",VP5,502.603240
D,DISPATCH,UNIT_SCADA,1,"2022/10/20 11:25:00",VP6,501.504580
D,DISPATCH,UNIT_SCADA,1,"2022/10/20 11:25:00",VPGS1,0
D,DISPATCH,UNIT_SCADA,1,"2022/10/20 11:25:00",VPGS2,0
D,DISPATCH,UNIT_SCADA,1,"2022/10/20 11:25:00",VPGS3,0
D,DISPATCH,UNIT_SCADA,1,"2022/10/20 11:25:00",VPGS4,0
D,DISPATCH,UNIT_SCADA,1,"2022/10/20 11:25:00",VPGS5,0
D,DISPATCH,UNIT_SCADA,1,"2022/10/20 11:25:00",VPGS6,0
D,DISPATCH,UNIT_SCADA,1,"2022/10/20 11:25:00",W/HOE#1,0
D,DISPATCH,UNIT_SCADA,1,"2022/10/20 11:25:00",W/HOE#2,0
D,DISPATCH,UNIT_SCADA,1,"2022/10/20 11:25:00",WAGGNSF1,0
D,DISPATCH,UNIT_SCADA,1,"2022/10/20 11:25:00",WALGRVG1,0.000930
D,DISPATCH,UNIT_SCADA,1,"2022/10/20 11:25:00",WALGRVL1,0
D,DISPATCH,UNIT_SCADA,1,"2022/10/20 11:25:00",WANDBG1,0
D,DISPATCH,UNIT_SCADA,1,"2022/10/20 11:25:00",WANDBL1,48.887310
D,DISPATCH,UNIT_SCADA,1,"2022/10/20 11:25:00",WARWSF1,16.01
D,DISPATCH,UNIT_SCADA,1,"2022/10/20 11:25:00",WARWSF2,15.99
D,DISPATCH,UNIT_SCADA,1,"2022/10/20 11:25:00",WATERLWF,36.90
D,DISPATCH,UNIT_SCADA,1,"2022/10/20 11:25:00",WDGPH1,74.7160
D,DISPATCH,UNIT_SCADA,1,"2022/10/20 11:25:00",WELLSF1,84.019230
D,DISPATCH,UNIT_SCADA,1,"2022/10/20 11:25:00",WEMENSF1,16.20
D,DISPATCH,UNIT_SCADA,1,"2022/10/20 11:25:00",WGWF1,48.60
D,DISPATCH,UNIT_SCADA,1,"2022/10/20 11:25:00",WHITSF1,0
D,DISPATCH,UNIT_SCADA,1,"2022/10/20 11:25:00",WINTSF1,82.56
D,DISPATCH,UNIT_SCADA,1,"2022/10/20 11:25:00",WKIEWA1,32.20
D,DISPATCH,UNIT_SCADA,1,"2022/10/20 11:25:00",WKIEWA2,14.20
D,DISPATCH,UNIT_SCADA,1,"2022/10/20 11:25:00",WOODLWN1,8.090460
D,DISPATCH,UNIT_SCADA,1,"2022/10/20 11:25:00",WOOLGSF1,36.550660
D,DISPATCH,UNIT_SCADA,1,"2022/10/20 11:25:00",WPWF,8.50
D,DISPATCH,UNIT_SCADA,1,"2022/10/20 11:25:00",WRSF1,0.5298
D,DISPATCH,UNIT_SCADA,1,"2022/10/20 11:25:00",WRWF1,1.246970
D,DISPATCH,UNIT_SCADA,1,"2022/10/20 11:25:00",WSTWYSF1,0.231010
D,DISPATCH,UNIT_SCADA,1,"2022/10/20 11:25:00",YABULU,0
D,DISPATCH,UNIT_SCADA,1,"2022/10/20 11:25:00",YABULU2,0
D,DISPATCH,UNIT_SCADA,1,"2022/10/20 11:25:00",YARANSF1,62.06
D,DISPATCH,UNIT_SCADA,1,"2022/10/20 11:25:00",YARWUN_1,161.519990
D,DISPATCH,UNIT_SCADA,1,"2022/10/20 11:25:00",YATSF1,25.18
D,DISPATCH,UNIT_SCADA,1,"2022/10/20 11:25:00",YENDWF1,52.96
D,DISPATCH,UNIT_SCADA,1,"2022/10/20 11:25:00",YWPS1,301.250640
D,DISPATCH,UNIT_SCADA,1,"2022/10/20 11:25:00",YWPS2,290.724060
D,DISPATCH,UNIT_SCADA,1,"2022/10/20 11:25:00",YWPS3,301.8038
D,DISPATCH,UNIT_SCADA,1,"2022/10/20 11:25:00",YWPS4,0
C,"END OF REPORT",419
