C,NEMP.WORLD,DISPATCHSCADA,AEMO,PUBLIC,2022/10/20,09:45:09,0000000373244851,DISPATCHSCADA,0000000373244845
I,DISPATCH,UNIT_SCADA,1,SETTLEMENTDATE,DUID,SCADAVALUE
D,DISPATCH,UNIT_SCADA,1,"2022/10/20 09:50:00",BARCSF1,9.800001
D,DISPATCH,UNIT_SCADA,1,"2022/10/20 09:50:00",BUTLERSG,8.699999
D,DISPATCH,UNIT_SCADA,1,"2022/10/20 09:50:00",CAPTL_WF,41.613914
D,DISPATCH,UNIT_SCADA,1,"2022/10/20 09:50:00",CHALLHWF,3.10
D,DISPATCH,UNIT_SCADA,1,"2022/10/20 09:50:00",CLOVER,9.91
D,DISPATCH,UNIT_SCADA,1,"2022/10/20 09:50:00",CLUNY,6.210575
D,DISPATCH,UNIT_SCADA,1,"2022/10/20 09:50:00",CULLRGWF,-0.04
D,DISPATCH,UNIT_SCADA,1,"2022/10/20 09:50:00",DIAPURWF1,5.30
D,DISPATCH,UNIT_SCADA,1,"2022/10/20 09:50:00",ERGT01,0
D,DISPATCH,UNIT_SCADA,1,"2022/10/20 09:50:00",GB01,0
D,DISPATCH,UNIT_SCADA,1,"2022/10/20 09:50:00",GERMCRK,19.50
D,DISPATCH,UNIT_SCADA,1,"2022/10/20 09:50:00",GRIFSF1,4.899672
D,DISPATCH,UNIT_SCADA,1,"2022/10/20 09:50:00",HEZ1,0
D,DISPATCH,UNIT_SCADA,1,"2022/10/20 09:50:00",HUGSF1,14.044001
D,DISPATCH,UNIT_SCADA,1,"2022/10/20 09:50:00",KEPBG1,0.01
D,DISPATCH,UNIT_SCADA,1,"2022/10/20 09:50:00",LRSF1,5.5040
D,DISPATCH,UNIT_SCADA,1,"2022/10/20 09:50:00",MBAHNTH,46.406250
D,DISPATCH,UNIT_SCADA,1,"2022/10/20 09:50:00",MLSP1,11.328001
D,DISPATCH,UNIT_SCADA,1,"2022/10/20 09:50:00",MLWF1,7.0050
D,DISPATCH,UNIT_SCADA,1,"2022/10/20 09:50:00",PALOONA,30.449999
D,DISPATCH,UNIT_SCADA,1,"2022/10/20 09:50:00",PIONEER,41.700001
D,DISPATCH,UNIT_SCADA,1,"2022/10/20 09:50:00",PORTWF,70.300003
D,DISPATCH,UNIT_SCADA,1,"2022/10/20 09:50:00",REPULSE,9.403830
D,DISPATCH,UNIT_SCADA,1,"2022/10/20 09:50:00",ROWALLAN,8.7614
D,DISPATCH,UNIT_SCADA,1,"2022/10/20 09:50:00",ROYALLA1,12.713003
D,DISPATCH,UNIT_SCADA,1,"2022/10/20 09:50:00",RPCG,-1.80
D,DISPATCH,UNIT_SCADA,1,"2022/10/20 09:50:00",RUBICON,0
D,DISPATCH,UNIT_SCADA,1,"2022/10/20 09:50:00",WAUBRAWF,3.0030
D,DISPATCH,UNIT_SCADA,1,"2022/10/20 09:50:00",WOOLNTH1,-0.86
D,DISPATCH,UNIT_SCADA,1,"2022/10/20 09:50:00",YAMBUKWF,5.80
D,DISPATCH,UNIT_SCADA,1,"2022/10/20 09:50:00",YSWF1,0.50
D,DISPATCH,UNIT_SCADA,1,"2022/10/20 09:50:00",ADPBA1G,0.0080
D,DISPATCH,UNIT_SCADA,1,"2022/10/20 09:50:00",ADPBA1L,0
D,DISPATCH,UNIT_SCADA,1,"2022/10/20 09:50:00",ADPPV1,0.0650
D,DISPATCH,UNIT_SCADA,1,"2022/10/20 09:50:00",AGLHAL,0
D,DISPATCH,UNIT_SCADA,1,"2022/10/20 09:50:00",AGLSOM,0
D,DISPATCH,UNIT_SCADA,1,"2022/10/20 09:50:00",ANGAST1,0
D,DISPATCH,UNIT_SCADA,1,"2022/10/20 09:50:00",ARWF1,2.60
D,DISPATCH,UNIT_SCADA,1,"2022/10/20 09:50:00",BALBG1,0
D,DISPATCH,UNIT_SCADA,1,"2022/10/20 09:50:00",BALBL1,0
D,DISPATCH,UNIT_SCADA,1,"2022/10/20 09:50:00",BALDHWF1,4.7110
D,DISPATCH,UNIT_SCADA,1,"2022/10/20 09:50:00",BANGOWF1,30.398410
D,DISPATCH,UNIT_SCADA,1,"2022/10/20 09:50:00",BANGOWF2,44.797660
D,DISPATCH,UNIT_SCADA,1,"2022/10/20 09:50:00",BANN1,26.03
D,DISPATCH,UNIT_SCADA,1,"2022/10/20 09:50:00",BARCALDN,0
D,DISPATCH,UNIT_SCADA,1,"2022/10/20 09:50:00",BARKIPS1,0
D,DISPATCH,UNIT_SCADA,1,"2022/10/20 09:50:00",BARRON-1,0
D,DISPATCH,UNIT_SCADA,1,"2022/10/20 09:50:00",BARRON-2,0
D,DISPATCH,UNIT_SCADA,1,"2022/10/20 09:50:00",BASTYAN,51.310010
D,DISPATCH,UNIT_SCADA,1,"2022/10/20 09:50:00",BBTHREE1,0
D,DISPATCH,UNIT_SCADA,1,"2022/10/20 09:50:00",BBTHREE2,0
D,DISPATCH,UNIT_SCADA,1,"2022/10/20 09:50:00",BBTHREE3,-1.01
D,DISPATCH,UNIT_SCADA,1,"2022/10/20 09:50:00",BDL01,0
D,DISPATCH,UNIT_SCADA,1,"2022/10/20 09:50:00",BDL02,0
D,DISPATCH,UNIT_SCADA,1,"2022/10/20 09:50:00",BERYLSF1,3.3122
D,DISPATCH,UNIT_SCADA,1,"2022/10/20 09:50:00",BLOWERNG,62.60
D,DISPATCH,UNIT_SCADA,1,"2022/10/20 09:50:00",BLUEGSF1,22.574080
D,DISPATCH,UNIT_SCADA,1,"2022/10/20 09:50:00",BLUFF1,48.30
D,DISPATCH,UNIT_SCADA,1,"2022/10/20 09:50:00",BNGSF1,109.96
D,DISPATCH,UNIT_SCADA,1,"2022/10/20 09:50:00",BNGSF2,110.35
D,DISPATCH,UNIT_SCADA,1,"2022/10/20 09:50:00",BOCORWF1,0.05
D,DISPATCH,UNIT_SCADA,1,"2022/10/20 09:50:00",BODWF1,106.470180
D,DISPATCH,UNIT_SCADA,1,"2022/10/20 09:50:00",BOMENSF1,42.460980
D,DISPATCH,UNIT_SCADA,1,"2022/10/20 09:50:00",BOWWBA1G,0
D,DISPATCH,UNIT_SCADA,1,"2022/10/20 09:50:00",BOWWBA1L,0.0030
D,DISPATCH,UNIT_SCADA,1,"2022/10/20 09:50:00",BOWWPV1,0
D,DISPATCH,UNIT_SCADA,1,"2022/10/20 09:50:00",BRAEMAR1,0
D,DISPATCH,UNIT_SCADA,1,"2022/10/20 09:50:00",BRAEMAR2,0
D,DISPATCH,UNIT_SCADA,1,"2022/10/20 09:50:00",BRAEMAR3,0
D,DISPATCH,UNIT_SCADA,1,"2022/10/20 09:50:00",BRAEMAR5,0.292060
D,DISPATCH,UNIT_SCADA,1,"2022/10/20 09:50:00",BRAEMAR6,0
D,DISPATCH,UNIT_SCADA,1,"2022/10/20 09:50:00",BRAEMAR7,0.130920
D,DISPATCH,UNIT_SCADA,1,"2022/10/20 09:50:00",BROKENH1,15.099770
D,DISPATCH,UNIT_SCADA,1,"2022/10/20 09:50:00",BRYB1WF1,90.415810
D,DISPATCH,UNIT_SCADA,1,"2022/10/20 09:50:00",BULBESG1,0
D,DISPATCH,UNIT_SCADA,1,"2022/10/20 09:50:00",BULBESL1,2.02
D,DISPATCH,UNIT_SCADA,1,"2022/10/20 09:50:00",BULGANA1,23.70
D,DISPATCH,UNIT_SCADA,1,"2022/10/20 09:50:00",BW01,657.859130
D,DISPATCH,UNIT_SCADA,1,"2022/10/20 09:50:00",BW02,617.453250
D,DISPATCH,UNIT_SCADA,1,"2022/10/20 09:50:00",BW03,547.920960
D,DISPATCH,UNIT_SCADA,1,"2022/10/20 09:50:00",BW04,0
D,DISPATCH,UNIT_SCADA,1,"2022/10/20 09:50:00",CALL_B_1,320
D,DISPATCH,UNIT_SCADA,1,"2022/10/20 09:50:00",CALL_B_2,319.200010
D,DISPATCH,UNIT_SCADA,1,"2022/10/20 09:50:00",CATHROCK,0
D,DISPATCH,UNIT_SCADA,1,"2022/10/20 09:50:00",CBWWBA1G,0
D,DISPATCH,UNIT_SCADA,1,"2022/10/20 09:50:00",CBWWBA1L,0
D,DISPATCH,UNIT_SCADA,1,"2022/10/20 09:50:00",CETHANA,81.000370
D,DISPATCH,UNIT_SCADA,1,"2022/10/20 09:50:00",CG1,0
D,DISPATCH,UNIT_SCADA,1,"2022/10/20 09:50:00",CG2,0
D,DISPATCH,UNIT_SCADA,1,"2022/10/20 09:50:00",CG3,0
D,DISPATCH,UNIT_SCADA,1,"2022/10/20 09:50:00",CG4,0
D,DISPATCH,UNIT_SCADA,1,"2022/10/20 09:50:00",CHILDSF1,7.30
D,DISPATCH,UNIT_SCADA,1,"2022/10/20 09:50:00",CHYTWF1,2.67
D,DISPATCH,UNIT_SCADA,1,"2022/10/20 09:50:00",CLARESF1,96.4608
D,DISPATCH,UNIT_SCADA,1,"2022/10/20 09:50:00",CLEMGPWF,9.724720
D,DISPATCH,UNIT_SCADA,1,"2022/10/20 09:50:00",CLERMSF1,27.60
D,DISPATCH,UNIT_SCADA,1,"2022/10/20 09:50:00",CNUNDAWF,0.200230
D,DISPATCH,UNIT_SCADA,1,"2022/10/20 09:50:00",COHUNSF1,5.08
D,DISPATCH,UNIT_SCADA,1,"2022/10/20 09:50:00",COLEASF1,22.999540
D,DISPATCH,UNIT_SCADA,1,"2022/10/20 09:50:00",COLUMSF1,24.6930
D,DISPATCH,UNIT_SCADA,1,"2022/10/20 09:50:00",COLWF01,83.898680
D,DISPATCH,UNIT_SCADA,1,"2022/10/20 09:50:00",COOPGWF1,226.02
D,DISPATCH,UNIT_SCADA,1,"2022/10/20 09:50:00",CPP_3,358.600010
D,DISPATCH,UNIT_SCADA,1,"2022/10/20 09:50:00",CPP_4,0
D,DISPATCH,UNIT_SCADA,1,"2022/10/20 09:50:00",CPSA,0
D,DISPATCH,UNIT_SCADA,1,"2022/10/20 09:50:00",CROOKWF2,43.574270
D,DISPATCH,UNIT_SCADA,1,"2022/10/20 09:50:00",CROWLWF1,20.4759
D,DISPATCH,UNIT_SCADA,1,"2022/10/20 09:50:00",CRURWF1,57.696880
D,DISPATCH,UNIT_SCADA,1,"2022/10/20 09:50:00",CRWASF1,30.247940
D,DISPATCH,UNIT_SCADA,1,"2022/10/20 09:50:00",CSPVPS1,3.4840
D,DISPATCH,UNIT_SCADA,1,"2022/10/20 09:50:00",CTHLWF1,0.003050
D,DISPATCH,UNIT_SCADA,1,"2022/10/20 09:50:00",DALNTH01,0
D,DISPATCH,UNIT_SCADA,1,"2022/10/20 09:50:00",DALNTHL1,1.008620
D,DISPATCH,UNIT_SCADA,1,"2022/10/20 09:50:00",DARLSF1,31.2260
D,DISPATCH,UNIT_SCADA,1,"2022/10/20 09:50:00",DARTM1,0
D,DISPATCH,UNIT_SCADA,1,"2022/10/20 09:50:00",DAYDSF1,9.9490
D,DISPATCH,UNIT_SCADA,1,"2022/10/20 09:50:00",DDPS1,0
D,DISPATCH,UNIT_SCADA,1,"2022/10/20 09:50:00",DDSF1,16.949250
D,DISPATCH,UNIT_SCADA,1,"2022/10/20 09:50:00",DEVILS_G,58.595540
D,DISPATCH,UNIT_SCADA,1,"2022/10/20 09:50:00",DG_NSW1,0
D,DISPATCH,UNIT_SCADA,1,"2022/10/20 09:50:00",DG_QLD1,0
D,DISPATCH,UNIT_SCADA,1,"2022/10/20 09:50:00",DG_SA1,0
D,DISPATCH,UNIT_SCADA,1,"2022/10/20 09:50:00",DG_TAS1,0
D,DISPATCH,UNIT_SCADA,1,"2022/10/20 09:50:00",DG_VIC1,0
D,DISPATCH,UNIT_SCADA,1,"2022/10/20 09:50:00",DRYCGT1,0
D,DISPATCH,UNIT_SCADA,1,"2022/10/20 09:50:00",DRYCGT2,0
D,DISPATCH,UNIT_SCADA,1,"2022/10/20 09:50:00",DRYCGT3,0
D,DISPATCH,UNIT_SCADA,1,"2022/10/20 09:50:00",DUNDWF1,56.88
D,DISPATCH,UNIT_SCADA,1,"2022/10/20 09:50:00",DUNDWF2,22.76
D,DISPATCH,UNIT_SCADA,1,"2022/10/20 09:50:00",DUNDWF3,53.53
D,DISPATCH,UNIT_SCADA,1,"2022/10/20 09:50:00",EILDON1,60
D,DISPATCH,UNIT_SCADA,1,"2022/10/20 09:50:00",EILDON2,59.96
D,DISPATCH,UNIT_SCADA,1,"2022/10/20 09:50:00",ELAINWF1,17.24
D,DISPATCH,UNIT_SCADA,1,"2022/10/20 09:50:00",EMERASF1,0
D,DISPATCH,UNIT_SCADA,1,"2022/10/20 09:50:00",ER01,0
D,DISPATCH,UNIT_SCADA,1,"2022/10/20 09:50:00",ER02,350.261690
D,DISPATCH,UNIT_SCADA,1,"2022/10/20 09:50:00",ER03,446.161590
D,DISPATCH,UNIT_SCADA,1,"2022/10/20 09:50:00",ER04,437.421230
D,DISPATCH,UNIT_SCADA,1,"2022/10/20 09:50:00",FINLYSF1,131.413740
D,DISPATCH,UNIT_SCADA,1,"2022/10/20 09:50:00",FISHER,43.99
D,DISPATCH,UNIT_SCADA,1,"2022/10/20 09:50:00",GANGARR1,26.1130
D,DISPATCH,UNIT_SCADA,1,"2022/10/20 09:50:00",GANNBG1,0
D,DISPATCH,UNIT_SCADA,1,"2022/10/20 09:50:00",GANNBL1,5.139880
D,DISPATCH,UNIT_SCADA,1,"2022/10/20 09:50:00",GANNSF1,36.10
D,DISPATCH,UNIT_SCADA,1,"2022/10/20 09:50:00",GLRWNSF1,103.42
D,DISPATCH,UNIT_SCADA,1,"2022/10/20 09:50:00",GNNDHSF1,54.3051
D,DISPATCH,UNIT_SCADA,1,"2022/10/20 09:50:00",GOONSF1,20.409250
D,DISPATCH,UNIT_SCADA,1,"2022/10/20 09:50:00",GORDON,231.164790
D,DISPATCH,UNIT_SCADA,1,"2022/10/20 09:50:00",GRANWF1,0.92
D,DISPATCH,UNIT_SCADA,1,"2022/10/20 09:50:00",GSTONE1,176.5750
D,DISPATCH,UNIT_SCADA,1,"2022/10/20 09:50:00",GSTONE2,0
D,DISPATCH,UNIT_SCADA,1,"2022/10/20 09:50:00",GSTONE3,187.4250
D,DISPATCH,UNIT_SCADA,1,"2022/10/20 09:50:00",GSTONE4,0
D,DISPATCH,UNIT_SCADA,1,"2022/10/20 09:50:00",GSTONE5,187.95
D,DISPATCH,UNIT_SCADA,1,"2022/10/20 09:50:00",GSTONE6,187.774990
D,DISPATCH,UNIT_SCADA,1,"2022/10/20 09:50:00",GULLRSF1,3.034950
D,DISPATCH,UNIT_SCADA,1,"2022/10/20 09:50:00",GULLRWF1,58.444110
D,DISPATCH,UNIT_SCADA,1,"2022/10/20 09:50:00",GULLRWF2,81.200450
D,DISPATCH,UNIT_SCADA,1,"2022/10/20 09:50:00",GUNNING1,0
D,DISPATCH,UNIT_SCADA,1,"2022/10/20 09:50:00",GUTHEGA,67.90
D,DISPATCH,UNIT_SCADA,1,"2022/10/20 09:50:00",HALLWF1,36.55
D,DISPATCH,UNIT_SCADA,1,"2022/10/20 09:50:00",HALLWF2,49.51
D,DISPATCH,UNIT_SCADA,1,"2022/10/20 09:50:00",HAMISF1,2.30
D,DISPATCH,UNIT_SCADA,1,"2022/10/20 09:50:00",HAUGHT11,44.337150
D,DISPATCH,UNIT_SCADA,1,"2022/10/20 09:50:00",HAYMSF1,2.8320
D,DISPATCH,UNIT_SCADA,1,"2022/10/20 09:50:00",HDWF1,77.40
D,DISPATCH,UNIT_SCADA,1,"2022/10/20 09:50:00",HDWF2,55.30
D,DISPATCH,UNIT_SCADA,1,"2022/10/20 09:50:00",HDWF3,59.90
D,DISPATCH,UNIT_SCADA,1,"2022/10/20 09:50:00",HILLSTN1,12.139010
D,DISPATCH,UNIT_SCADA,1,"2022/10/20 09:50:00",HPRG1,4.10
D,DISPATCH,UNIT_SCADA,1,"2022/10/20 09:50:00",HPRL1,0
D,DISPATCH,UNIT_SCADA,1,"2022/10/20 09:50:00",HUMENSW,54.696710
D,DISPATCH,UNIT_SCADA,1,"2022/10/20 09:50:00",HUMEV,0
D,DISPATCH,UNIT_SCADA,1,"2022/10/20 09:50:00",HVWWBA1G,0
D,DISPATCH,UNIT_SCADA,1,"2022/10/20 09:50:00",HVWWBA1L,0.0060
D,DISPATCH,UNIT_SCADA,1,"2022/10/20 09:50:00",HVWWPV1,0.0170
D,DISPATCH,UNIT_SCADA,1,"2022/10/20 09:50:00",JBUTTERS,0
D,DISPATCH,UNIT_SCADA,1,"2022/10/20 09:50:00",JEMALNG1,4.35
D,DISPATCH,UNIT_SCADA,1,"2022/10/20 09:50:00",JLA01,0
D,DISPATCH,UNIT_SCADA,1,"2022/10/20 09:50:00",JLA02,0
D,DISPATCH,UNIT_SCADA,1,"2022/10/20 09:50:00",JLA03,0
D,DISPATCH,UNIT_SCADA,1,"2022/10/20 09:50:00",JLA04,0
D,DISPATCH,UNIT_SCADA,1,"2022/10/20 09:50:00",JLB01,0
D,DISPATCH,UNIT_SCADA,1,"2022/10/20 09:50:00",JLB02,0.10
D,DISPATCH,UNIT_SCADA,1,"2022/10/20 09:50:00",JLB03,0
D,DISPATCH,UNIT_SCADA,1,"2022/10/20 09:50:00",JUNEESF1,13.940740
D,DISPATCH,UNIT_SCADA,1,"2022/10/20 09:50:00",KABANWF1,0.0950
D,DISPATCH,UNIT_SCADA,1,"2022/10/20 09:50:00",KAREEYA1,0
D,DISPATCH,UNIT_SCADA,1,"2022/10/20 09:50:00",KAREEYA2,0
D,DISPATCH,UNIT_SCADA,1,"2022/10/20 09:50:00",KAREEYA3,4.7850
D,DISPATCH,UNIT_SCADA,1,"2022/10/20 09:50:00",KAREEYA4,0
D,DISPATCH,UNIT_SCADA,1,"2022/10/20 09:50:00",KARSF1,22.40
D,DISPATCH,UNIT_SCADA,1,"2022/10/20 09:50:00",KEPSF1,12.16
D,DISPATCH,UNIT_SCADA,1,"2022/10/20 09:50:00",KEPWF1,3.88
D,DISPATCH,UNIT_SCADA,1,"2022/10/20 09:50:00",KIAMSF1,18.802930
D,DISPATCH,UNIT_SCADA,1,"2022/10/20 09:50:00",KIATAWF1,12.50
D,DISPATCH,UNIT_SCADA,1,"2022/10/20 09:50:00",KPP_1,0
D,DISPATCH,UNIT_SCADA,1,"2022/10/20 09:50:00",KSP1,44.62
D,DISPATCH,UNIT_SCADA,1,"2022/10/20 09:50:00",LADBROK1,0.01
D,DISPATCH,UNIT_SCADA,1,"2022/10/20 09:50:00",LADBROK2,5.91
D,DISPATCH,UNIT_SCADA,1,"2022/10/20 09:50:00",LBBG1,0
D,DISPATCH,UNIT_SCADA,1,"2022/10/20 09:50:00",LBBL1,11.10
D,DISPATCH,UNIT_SCADA,1,"2022/10/20 09:50:00",LD01,280.507840
D,DISPATCH,UNIT_SCADA,1,"2022/10/20 09:50:00",LD02,0
D,DISPATCH,UNIT_SCADA,1,"2022/10/20 09:50:00",LD04,276.9921
D,DISPATCH,UNIT_SCADA,1,"2022/10/20 09:50:00",LEM_WIL,78.876170
D,DISPATCH,UNIT_SCADA,1,"2022/10/20 09:50:00",LGAPWF1,20.01
D,DISPATCH,UNIT_SCADA,1,"2022/10/20 09:50:00",LGAPWF2,1.40
D,DISPATCH,UNIT_SCADA,1,"2022/10/20 09:50:00",LILYSF1,23.330810
D,DISPATCH,UNIT_SCADA,1,"2022/10/20 09:50:00",LIMOSF11,51.266190
D,DISPATCH,UNIT_SCADA,1,"2022/10/20 09:50:00",LIMOSF21,6.371280
D,DISPATCH,UNIT_SCADA,1,"2022/10/20 09:50:00",LI_WY_CA,55.841450
D,DISPATCH,UNIT_SCADA,1,"2022/10/20 09:50:00",LKBONNY1,0
D,DISPATCH,UNIT_SCADA,1,"2022/10/20 09:50:00",LKBONNY2,0
D,DISPATCH,UNIT_SCADA,1,"2022/10/20 09:50:00",LKBONNY3,0
D,DISPATCH,UNIT_SCADA,1,"2022/10/20 09:50:00",LK_ECHO,0
D,DISPATCH,UNIT_SCADA,1,"2022/10/20 09:50:00",LNGS1,0
D,DISPATCH,UNIT_SCADA,1,"2022/10/20 09:50:00",LNGS2,0
D,DISPATCH,UNIT_SCADA,1,"2022/10/20 09:50:00",LONSDALE,0
D,DISPATCH,UNIT_SCADA,1,"2022/10/20 09:50:00",LOYYB1,438.717710
D,DISPATCH,UNIT_SCADA,1,"2022/10/20 09:50:00",LOYYB2,442.4772
D,DISPATCH,UNIT_SCADA,1,"2022/10/20 09:50:00",LYA1,517
D,DISPATCH,UNIT_SCADA,1,"2022/10/20 09:50:00",LYA2,0
D,DISPATCH,UNIT_SCADA,1,"2022/10/20 09:50:00",LYA3,448
D,DISPATCH,UNIT_SCADA,1,"2022/10/20 09:50:00",LYA4,450
D,DISPATCH,UNIT_SCADA,1,"2022/10/20 09:50:00",MACARTH1,49.798850
D,DISPATCH,UNIT_SCADA,1,"2022/10/20 09:50:00",MACKNTSH,0
D,DISPATCH,UNIT_SCADA,1,"2022/10/20 09:50:00",MANSLR1,17.3870
D,DISPATCH,UNIT_SCADA,1,"2022/10/20 09:50:00",MAPS2PV1,0
D,DISPATCH,UNIT_SCADA,1,"2022/10/20 09:50:00",MAPS3PV1,0
D,DISPATCH,UNIT_SCADA,1,"2022/10/20 09:50:00",MARYRSF1,2.83
D,DISPATCH,UNIT_SCADA,1,"2022/10/20 09:50:00",MBPS2PV1,0
D,DISPATCH,UNIT_SCADA,1,"2022/10/20 09:50:00",MCKAY1,0.02
D,DISPATCH,UNIT_SCADA,1,"2022/10/20 09:50:00",MEADOWBK,5.973220
D,DISPATCH,UNIT_SCADA,1,"2022/10/20 09:50:00",MERCER01,22.90
D,DISPATCH,UNIT_SCADA,1,"2022/10/20 09:50:00",METZSF1,32.478490
D,DISPATCH,UNIT_SCADA,1,"2022/10/20 09:50:00",MEWF1,3
D,DISPATCH,UNIT_SCADA,1,"2022/10/20 09:50:00",MIDDLSF1,4.40
D,DISPATCH,UNIT_SCADA,1,"2022/10/20 09:50:00",MINTARO,0.128180
D,DISPATCH,UNIT_SCADA,1,"2022/10/20 09:50:00",MOLNGSF1,4.7718
D,DISPATCH,UNIT_SCADA,1,"2022/10/20 09:50:00",MOORAWF1,29.29
D,DISPATCH,UNIT_SCADA,1,"2022/10/20 09:50:00",MOREESF1,10.43
D,DISPATCH,UNIT_SCADA,1,"2022/10/20 09:50:00",MORTLK11,0
D,DISPATCH,UNIT_SCADA,1,"2022/10/20 09:50:00",MORTLK12,0
D,DISPATCH,UNIT_SCADA,1,"2022/10/20 09:50:00",MOUSF1,0
D,DISPATCH,UNIT_SCADA,1,"2022/10/20 09:50:00",MP1,0
D,DISPATCH,UNIT_SCADA,1,"2022/10/20 09:50:00",MP2,349.333950
D,DISPATCH,UNIT_SCADA,1,"2022/10/20 09:50:00",MPP_1,171.422970
D,DISPATCH,UNIT_SCADA,1,"2022/10/20 09:50:00",MPP_2,93.615810
D,DISPATCH,UNIT_SCADA,1,"2022/10/20 09:50:00",MRTLSWF1,0
D,DISPATCH,UNIT_SCADA,1,"2022/10/20 09:50:00",MSTUART1,0
D,DISPATCH,UNIT_SCADA,1,"2022/10/20 09:50:00",MSTUART2,0
D,DISPATCH,UNIT_SCADA,1,"2022/10/20 09:50:00",MSTUART3,0
D,DISPATCH,UNIT_SCADA,1,"2022/10/20 09:50:00",MTGELWF1,34.150210
D,DISPATCH,UNIT_SCADA,1,"2022/10/20 09:50:00",MTMILLAR,1.40
D,DISPATCH,UNIT_SCADA,1,"2022/10/20 09:50:00",MURRAY,0
D,DISPATCH,UNIT_SCADA,1,"2022/10/20 09:50:00",MUSSELR1,99.20
D,DISPATCH,UNIT_SCADA,1,"2022/10/20 09:50:00",MUWAWF1,45.36
D,DISPATCH,UNIT_SCADA,1,"2022/10/20 09:50:00",MUWAWF2,27.60
D,DISPATCH,UNIT_SCADA,1,"2022/10/20 09:50:00",MWPS1PV1,0.13
D,DISPATCH,UNIT_SCADA,1,"2022/10/20 09:50:00",MWPS2PV1,0
D,DISPATCH,UNIT_SCADA,1,"2022/10/20 09:50:00",MWPS3PV1,0
D,DISPATCH,UNIT_SCADA,1,"2022/10/20 09:50:00",MWPS4PV1,0
D,DISPATCH,UNIT_SCADA,1,"2022/10/20 09:50:00",NBHWF1,56.90
D,DISPATCH,UNIT_SCADA,1,"2022/10/20 09:50:00",NEVERSF1,75.36
D,DISPATCH,UNIT_SCADA,1,"2022/10/20 09:50:00",NPS,0
D,DISPATCH,UNIT_SCADA,1,"2022/10/20 09:50:00",NUMURSF1,93.28
D,DISPATCH,UNIT_SCADA,1,"2022/10/20 09:50:00",NYNGAN1,20
D,DISPATCH,UNIT_SCADA,1,"2022/10/20 09:50:00",OAKEY1,0
D,DISPATCH,UNIT_SCADA,1,"2022/10/20 09:50:00",OAKEY1SF,5.7690
D,DISPATCH,UNIT_SCADA,1,"2022/10/20 09:50:00",OAKEY2,0
D,DISPATCH,UNIT_SCADA,1,"2022/10/20 09:50:00",OAKEY2SF,9.13
D,DISPATCH,UNIT_SCADA,1,"2022/10/20 09:50:00",OAKLAND1,9
D,DISPATCH,UNIT_SCADA,1,"2022/10/20 09:50:00",OSB-AG,0
D,DISPATCH,UNIT_SCADA,1,"2022/10/20 09:50:00",PAREPS1,0.0660
D,DISPATCH,UNIT_SCADA,1,"2022/10/20 09:50:00",PAREPW1,50.05
D,DISPATCH,UNIT_SCADA,1,"2022/10/20 09:50:00",PARSF1,15.400930
D,DISPATCH,UNIT_SCADA,1,"2022/10/20 09:50:00",POAT110,0
D,DISPATCH,UNIT_SCADA,1,"2022/10/20 09:50:00",POAT220,0
D,DISPATCH,UNIT_SCADA,1,"2022/10/20 09:50:00",POR01,0
D,DISPATCH,UNIT_SCADA,1,"2022/10/20 09:50:00",POR03,0
D,DISPATCH,UNIT_SCADA,1,"2022/10/20 09:50:00",PPCCGT,0
D,DISPATCH,UNIT_SCADA,1,"2022/10/20 09:50:00",PTSTAN1,0
D,DISPATCH,UNIT_SCADA,1,"2022/10/20 09:50:00",PUMP1,0
D,DISPATCH,UNIT_SCADA,1,"2022/10/20 09:50:00",PUMP2,0
D,DISPATCH,UNIT_SCADA,1,"2022/10/20 09:50:00",QBYNBG1,0.0015
D,DISPATCH,UNIT_SCADA,1,"2022/10/20 09:50:00",QBYNBL1,0
D,DISPATCH,UNIT_SCADA,1,"2022/10/20 09:50:00",QPS1,0
D,DISPATCH,UNIT_SCADA,1,"2022/10/20 09:50:00",QPS2,0
D,DISPATCH,UNIT_SCADA,1,"2022/10/20 09:50:00",QPS3,0
D,DISPATCH,UNIT_SCADA,1,"2022/10/20 09:50:00",QPS4,0
D,DISPATCH,UNIT_SCADA,1,"2022/10/20 09:50:00",QPS5,73.81
D,DISPATCH,UNIT_SCADA,1,"2022/10/20 09:50:00",REECE1,44.875390
D,DISPATCH,UNIT_SCADA,1,"2022/10/20 09:50:00",REECE2,0
D,DISPATCH,UNIT_SCADA,1,"2022/10/20 09:50:00",ROMA_7,0
D,DISPATCH,UNIT_SCADA,1,"2022/10/20 09:50:00",ROMA_8,0
D,DISPATCH,UNIT_SCADA,1,"2022/10/20 09:50:00",RRSF1,33.139450
D,DISPATCH,UNIT_SCADA,1,"2022/10/20 09:50:00",RT_NSW1,0
D,DISPATCH,UNIT_SCADA,1,"2022/10/20 09:50:00",RT_NSW2,0
D,DISPATCH,UNIT_SCADA,1,"2022/10/20 09:50:00",RT_NSW3,0
D,DISPATCH,UNIT_SCADA,1,"2022/10/20 09:50:00",RT_NSW4,0
D,DISPATCH,UNIT_SCADA,1,"2022/10/20 09:50:00",RT_NSW5,0
D,DISPATCH,UNIT_SCADA,1,"2022/10/20 09:50:00",RT_NSW6,0
D,DISPATCH,UNIT_SCADA,1,"2022/10/20 09:50:00",RT_QLD1,0
D,DISPATCH,UNIT_SCADA,1,"2022/10/20 09:50:00",RT_SA1,0
D,DISPATCH,UNIT_SCADA,1,"2022/10/20 09:50:00",RT_SA2,0
D,DISPATCH,UNIT_SCADA,1,"2022/10/20 09:50:00",RT_SA3,0
D,DISPATCH,UNIT_SCADA,1,"2022/10/20 09:50:00",RT_SA4,0
D,DISPATCH,UNIT_SCADA,1,"2022/10/20 09:50:00",RT_SA5,0
D,DISPATCH,UNIT_SCADA,1,"2022/10/20 09:50:00",RT_SA6,0
D,DISPATCH,UNIT_SCADA,1,"2022/10/20 09:50:00",RT_TAS1,0
D,DISPATCH,UNIT_SCADA,1,"2022/10/20 09:50:00",RT_VIC1,0
D,DISPATCH,UNIT_SCADA,1,"2022/10/20 09:50:00",RT_VIC10,0
D,DISPATCH,UNIT_SCADA,1,"2022/10/20 09:50:00",RT_VIC11,0
D,DISPATCH,UNIT_SCADA,1,"2022/10/20 09:50:00",RT_VIC12,0
D,DISPATCH,UNIT_SCADA,1,"2022/10/20 09:50:00",RT_VIC2,0
D,DISPATCH,UNIT_SCADA,1,"2022/10/20 09:50:00",RT_VIC3,0
D,DISPATCH,UNIT_SCADA,1,"2022/10/20 09:50:00",RT_VIC4,0
D,DISPATCH,UNIT_SCADA,1,"2022/10/20 09:50:00",RT_VIC5,0
D,DISPATCH,UNIT_SCADA,1,"2022/10/20 09:50:00",RT_VIC6,0
D,DISPATCH,UNIT_SCADA,1,"2022/10/20 09:50:00",RT_VIC7,0
D,DISPATCH,UNIT_SCADA,1,"2022/10/20 09:50:00",RT_VIC8,0
D,DISPATCH,UNIT_SCADA,1,"2022/10/20 09:50:00",RT_VIC9,0
D,DISPATCH,UNIT_SCADA,1,"2022/10/20 09:50:00",RUGBYR1,9.3993
D,DISPATCH,UNIT_SCADA,1,"2022/10/20 09:50:00",SALTCRK1,24.40
D,DISPATCH,UNIT_SCADA,1,"2022/10/20 09:50:00",SAPHWF1,175.733580
D,DISPATCH,UNIT_SCADA,1,"2022/10/20 09:50:00",SEBSF1,43.820510
D,DISPATCH,UNIT_SCADA,1,"2022/10/20 09:50:00",SHGEN,0
D,DISPATCH,UNIT_SCADA,1,"2022/10/20 09:50:00",SHPUMP,0
D,DISPATCH,UNIT_SCADA,1,"2022/10/20 09:50:00",SITHE01,0.1840
D,DISPATCH,UNIT_SCADA,1,"2022/10/20 09:50:00",SMCSF1,107.4120
D,DISPATCH,UNIT_SCADA,1,"2022/10/20 09:50:00",SNAPPER1,0
D,DISPATCH,UNIT_SCADA,1,"2022/10/20 09:50:00",SNOWNTH1,117.50
D,DISPATCH,UNIT_SCADA,1,"2022/10/20 09:50:00",SNOWSTH1,91.70
D,DISPATCH,UNIT_SCADA,1,"2022/10/20 09:50:00",SNOWTWN1,0
D,DISPATCH,UNIT_SCADA,1,"2022/10/20 09:50:00",SNOWYP,0
D,DISPATCH,UNIT_SCADA,1,"2022/10/20 09:50:00",SNUG1,0
D,DISPATCH,UNIT_SCADA,1,"2022/10/20 09:50:00",SRSF1,12.59
D,DISPATCH,UNIT_SCADA,1,"2022/10/20 09:50:00",STAN-1,276.108250
D,DISPATCH,UNIT_SCADA,1,"2022/10/20 09:50:00",STAN-2,331.5965
D,DISPATCH,UNIT_SCADA,1,"2022/10/20 09:50:00",STAN-3,156.0439
D,DISPATCH,UNIT_SCADA,1,"2022/10/20 09:50:00",STAN-4,330.583890
D,DISPATCH,UNIT_SCADA,1,"2022/10/20 09:50:00",STARHLWF,0.01
D,DISPATCH,UNIT_SCADA,1,"2022/10/20 09:50:00",STOCKYD1,42.18
D,DISPATCH,UNIT_SCADA,1,"2022/10/20 09:50:00",STWF1,0
D,DISPATCH,UNIT_SCADA,1,"2022/10/20 09:50:00",SUNRSF1,38.512250
D,DISPATCH,UNIT_SCADA,1,"2022/10/20 09:50:00",SUNTPSF1,66.715490
D,DISPATCH,UNIT_SCADA,1,"2022/10/20 09:50:00",SWAN_E,219.729370
D,DISPATCH,UNIT_SCADA,1,"2022/10/20 09:50:00",TALWA1,0
D,DISPATCH,UNIT_SCADA,1,"2022/10/20 09:50:00",TARALGA1,0
D,DISPATCH,UNIT_SCADA,1,"2022/10/20 09:50:00",TARONG#1,344.600010
D,DISPATCH,UNIT_SCADA,1,"2022/10/20 09:50:00",TARONG#2,344.700010
D,DISPATCH,UNIT_SCADA,1,"2022/10/20 09:50:00",TARONG#3,0.90
D,DISPATCH,UNIT_SCADA,1,"2022/10/20 09:50:00",TARONG#4,250.900010
D,DISPATCH,UNIT_SCADA,1,"2022/10/20 09:50:00",TARRALEA,54
D,DISPATCH,UNIT_SCADA,1,"2022/10/20 09:50:00",TBSF1,0.10
D,DISPATCH,UNIT_SCADA,1,"2022/10/20 09:50:00",TNPS1,371.3125
D,DISPATCH,UNIT_SCADA,1,"2022/10/20 09:50:00",TORRB1,0
D,DISPATCH,UNIT_SCADA,1,"2022/10/20 09:50:00",TORRB2,40
D,DISPATCH,UNIT_SCADA,1,"2022/10/20 09:50:00",TORRB3,0
D,DISPATCH,UNIT_SCADA,1,"2022/10/20 09:50:00",TORRB4,0
D,DISPATCH,UNIT_SCADA,1,"2022/10/20 09:50:00",TREVALLN,98.256840
D,DISPATCH,UNIT_SCADA,1,"2022/10/20 09:50:00",TRIBUTE,0
D,DISPATCH,UNIT_SCADA,1,"2022/10/20 09:50:00",TUMUT3,0
D,DISPATCH,UNIT_SCADA,1,"2022/10/20 09:50:00",TUNGATIN,5.690010
D,DISPATCH,UNIT_SCADA,1,"2022/10/20 09:50:00",TVCC201,0
D,DISPATCH,UNIT_SCADA,1,"2022/10/20 09:50:00",TVPP104,57.767950
D,DISPATCH,UNIT_SCADA,1,"2022/10/20 09:50:00",UPPTUMUT,0
D,DISPATCH,UNIT_SCADA,1,"2022/10/20 09:50:00",URANQ11,0
D,DISPATCH,UNIT_SCADA,1,"2022/10/20 09:50:00",URANQ12,0
D,DISPATCH,UNIT_SCADA,1,"2022/10/20 09:50:00",URANQ13,0
D,DISPATCH,UNIT_SCADA,1,"2022/10/20 09:50:00",URANQ14,0
D,DISPATCH,UNIT_SCADA,1,"2022/10/20 09:50:00",VBBG1,0
D,DISPATCH,UNIT_SCADA,1,"2022/10/20 09:50:00",VBBL1,12.50
D,DISPATCH,UNIT_SCADA,1,"2022/10/20 09:50:00",VP5,497.793520
D,DISPATCH,UNIT_SCADA,1,"2022/10/20 09:50:00",VP6,500.064090
D,DISPATCH,UNIT_SCADA,1,"2022/10/20 09:50:00",VPGS1,0
D,DISPATCH,UNIT_SCADA,1,"2022/10/20 09:50:00",VPGS2,0
D,DISPATCH,UNIT_SCADA,1,"2022/10/20 09:50:00",VPGS3,0
D,DISPATCH,UNIT_SCADA,1,"2022/10/20 09:50:00",VPGS4,0
D,DISPATCH,UNIT_SCADA,1,"2022/10/20 09:50:00",VPGS5,0
D,DISPATCH,UNIT_SCADA,1,"2022/10/20 09:50:00",VPGS6,0
D,DISPATCH,UNIT_SCADA,1,"2022/10/20 09:50:00",W/HOE#1,0
D,DISPATCH,UNIT_SCADA,1,"2022/10/20 09:50:00",W/HOE#2,0
D,DISPATCH,UNIT_SCADA,1,"2022/10/20 09:50:00",WAGGNSF1,0
D,DISPATCH,UNIT_SCADA,1,"2022/10/20 09:50:00",WALGRVG1,0.000930
D,DISPATCH,UNIT_SCADA,1,"2022/10/20 09:50:00",WALGRVL1,0
D,DISPATCH,UNIT_SCADA,1,"2022/10/20 09:50:00",WANDBG1,0
D,DISPATCH,UNIT_SCADA,1,"2022/10/20 09:50:00",WANDBL1,49.961720
D,DISPATCH,UNIT_SCADA,1,"2022/10/20 09:50:00",WARWSF1,9.75
D,DISPATCH,UNIT_SCADA,1,"2022/10/20 09:50:00",WARWSF2,8.88
D,DISPATCH,UNIT_SCADA,1,"2022/10/20 09:50:00",WATERLWF,0.60
D,DISPATCH,UNIT_SCADA,1,"2022/10/20 09:50:00",WDGPH1,60.4350
D,DISPATCH,UNIT_SCADA,1,"2022/10/20 09:50:00",WELLSF1,122.124050
D,DISPATCH,UNIT_SCADA,1,"2022/10/20 09:50:00",WEMENSF1,28.90
D,DISPATCH,UNIT_SCADA,1,"2022/10/20 09:50:00",WGWF1,99.70
D,DISPATCH,UNIT_SCADA,1,"2022/10/20 09:50:00",WHITSF1,3.10
D,DISPATCH,UNIT_SCADA,1,"2022/10/20 09:50:00",WINTSF1,77.33
D,DISPATCH,UNIT_SCADA,1,"2022/10/20 09:50:00",WKIEWA1,33.90
D,DISPATCH,UNIT_SCADA,1,"2022/10/20 09:50:00",WKIEWA2,14
D,DISPATCH,UNIT_SCADA,1,"2022/10/20 09:50:00",WOODLWN1,24.016480
D,DISPATCH,UNIT_SCADA,1,"2022/10/20 09:50:00",WOOLGSF1,14.453760
D,DISPATCH,UNIT_SCADA,1,"2022/10/20 09:50:00",WPWF,42.29
D,DISPATCH,UNIT_SCADA,1,"2022/10/20 09:50:00",WRSF1,2.030090
D,DISPATCH,UNIT_SCADA,1,"2022/10/20 09:50:00",WRWF1,34.608070
D,DISPATCH,UNIT_SCADA,1,"2022/10/20 09:50:00",WSTWYSF1,0
D,DISPATCH,UNIT_SCADA,1,"2022/10/20 09:50:00",YABULU,0
D,DISPATCH,UNIT_SCADA,1,"2022/10/20 09:50:00",YABULU2,0
D,DISPATCH,UNIT_SCADA,1,"2022/10/20 09:50:00",YARANSF1,9.74
D,DISPATCH,UNIT_SCADA,1,"2022/10/20 09:50:00",YARWUN_1,162.629990
D,DISPATCH,UNIT_SCADA,1,"2022/10/20 09:50:00",YATSF1,30.10
D,DISPATCH,UNIT_SCADA,1,"2022/10/20 09:50:00",YENDWF1,35.12
D,DISPATCH,UNIT_SCADA,1,"2022/10/20 09:50:00",YWPS1,298.994930
D,DISPATCH,UNIT_SCADA,1,"2022/10/20 09:50:00",YWPS2,288.969640
D,DISPATCH,UNIT_SCADA,1,"2022/10/20 09:50:00",YWPS3,299.263310
D,DISPATCH,UNIT_SCADA,1,"2022/10/20 09:50:00",YWPS4,0
C,"END OF REPORT",419
