C,NEMP.WORLD,DISPATCHSCADA,AEMO,PUBLIC,2022/10/20,01:10:10,0000000373218725,DISPATCHSCADA,0000000373218719
I,DISPATCH,UNIT_SCADA,1,SETTLEMENTDATE,DUID,SCADAVALUE
D,DISPATCH,UNIT_SCADA,1,"2022/10/20 01:15:00",BARCSF1,0.10
D,DISPATCH,UNIT_SCADA,1,"2022/10/20 01:15:00",BUTLERSG,8.699999
D,DISPATCH,UNIT_SCADA,1,"2022/10/20 01:15:00",CAPTL_WF,30.410622
D,DISPATCH,UNIT_SCADA,1,"2022/10/20 01:15:00",CHALLHWF,23.60
D,DISPATCH,UNIT_SCADA,1,"2022/10/20 01:15:00",CLOVER,13.43
D,DISPATCH,UNIT_SCADA,1,"2022/10/20 01:15:00",CLUNY,6.181277
D,DISPATCH,UNIT_SCADA,1,"2022/10/20 01:15:00",CULLRGWF,-0.06
D,DISPATCH,UNIT_SCADA,1,"2022/10/20 01:15:00",DIAPURWF1,7.30
D,DISPATCH,UNIT_SCADA,1,"2022/10/20 01:15:00",ERGT01,0
D,DISPATCH,UNIT_SCADA,1,"2022/10/20 01:15:00",GB01,0
D,DISPATCH,UNIT_SCADA,1,"2022/10/20 01:15:00",GERMCRK,17.700001
D,DISPATCH,UNIT_SCADA,1,"2022/10/20 01:15:00",GRIFSF1,0.001526
D,DISPATCH,UNIT_SCADA,1,"2022/10/20 01:15:00",HEZ1,0
D,DISPATCH,UNIT_SCADA,1,"2022/10/20 01:15:00",HUGSF1,-0.1740
D,DISPATCH,UNIT_SCADA,1,"2022/10/20 01:15:00",KEPBG1,0.02
D,DISPATCH,UNIT_SCADA,1,"2022/10/20 01:15:00",LRSF1,0.0240
D,DISPATCH,UNIT_SCADA,1,"2022/10/20 01:15:00",MBAHNTH,50.399994
D,DISPATCH,UNIT_SCADA,1,"2022/10/20 01:15:00",MLSP1,0
D,DISPATCH,UNIT_SCADA,1,"2022/10/20 01:15:00",MLWF1,1.3950
D,DISPATCH,UNIT_SCADA,1,"2022/10/20 01:15:00",PALOONA,30.369999
D,DISPATCH,UNIT_SCADA,1,"2022/10/20 01:15:00",PIONEER,42.900002
D,DISPATCH,UNIT_SCADA,1,"2022/10/20 01:15:00",PORTWF,29.10
D,DISPATCH,UNIT_SCADA,1,"2022/10/20 01:15:00",REPULSE,9.505150
D,DISPATCH,UNIT_SCADA,1,"2022/10/20 01:15:00",ROWALLAN,8.974401
D,DISPATCH,UNIT_SCADA,1,"2022/10/20 01:15:00",ROYALLA1,0
D,DISPATCH,UNIT_SCADA,1,"2022/10/20 01:15:00",RPCG,-1.20
D,DISPATCH,UNIT_SCADA,1,"2022/10/20 01:15:00",RUBICON,0
D,DISPATCH,UNIT_SCADA,1,"2022/10/20 01:15:00",WAUBRAWF,128.557999
D,DISPATCH,UNIT_SCADA,1,"2022/10/20 01:15:00",WOOLNTH1,17.02
D,DISPATCH,UNIT_SCADA,1,"2022/10/20 01:15:00",YAMBUKWF,1.60
D,DISPATCH,UNIT_SCADA,1,"2022/10/20 01:15:00",YSWF1,1.20
D,DISPATCH,UNIT_SCADA,1,"2022/10/20 01:15:00",ADPBA1G,0.0080
D,DISPATCH,UNIT_SCADA,1,"2022/10/20 01:15:00",ADPBA1L,0
D,DISPATCH,UNIT_SCADA,1,"2022/10/20 01:15:00",ADPPV1,0
D,DISPATCH,UNIT_SCADA,1,"2022/10/20 01:15:00",AGLHAL,0
D,DISPATCH,UNIT_SCADA,1,"2022/10/20 01:15:00",AGLSOM,0
D,DISPATCH,UNIT_SCADA,1,"2022/10/20 01:15:00",ANGAST1,0
D,DISPATCH,UNIT_SCADA,1,"2022/10/20 01:15:00",ARWF1,46.70
D,DISPATCH,UNIT_SCADA,1,"2022/10/20 01:15:00",BALBG1,0
D,DISPATCH,UNIT_SCADA,1,"2022/10/20 01:15:00",BALBL1,0
D,DISPATCH,UNIT_SCADA,1,"2022/10/20 01:15:00",BALDHWF1,0
D,DISPATCH,UNIT_SCADA,1,"2022/10/20 01:15:00",BANGOWF1,39.299920
D,DISPATCH,UNIT_SCADA,1,"2022/10/20 01:15:00",BANGOWF2,47.199740
D,DISPATCH,UNIT_SCADA,1,"2022/10/20 01:15:00",BANN1,0
D,DISPATCH,UNIT_SCADA,1,"2022/10/20 01:15:00",BARCALDN,0
D,DISPATCH,UNIT_SCADA,1,"2022/10/20 01:15:00",BARKIPS1,0
D,DISPATCH,UNIT_SCADA,1,"2022/10/20 01:15:00",BARRON-1,0
D,DISPATCH,UNIT_SCADA,1,"2022/10/20 01:15:00",BARRON-2,0
D,DISPATCH,UNIT_SCADA,1,"2022/10/20 01:15:00",BASTYAN,0
D,DISPATCH,UNIT_SCADA,1,"2022/10/20 01:15:00",BBTHREE1,-1.05
D,DISPATCH,UNIT_SCADA,1,"2022/10/20 01:15:00",BBTHREE2,0
D,DISPATCH,UNIT_SCADA,1,"2022/10/20 01:15:00",BBTHREE3,0
D,DISPATCH,UNIT_SCADA,1,"2022/10/20 01:15:00",BDL01,0
D,DISPATCH,UNIT_SCADA,1,"2022/10/20 01:15:00",BDL02,0
D,DISPATCH,UNIT_SCADA,1,"2022/10/20 01:15:00",BERYLSF1,0
D,DISPATCH,UNIT_SCADA,1,"2022/10/20 01:15:00",BLOWERNG,62.60
D,DISPATCH,UNIT_SCADA,1,"2022/10/20 01:15:00",BLUEGSF1,0
D,DISPATCH,UNIT_SCADA,1,"2022/10/20 01:15:00",BLUFF1,16.60
D,DISPATCH,UNIT_SCADA,1,"2022/10/20 01:15:00",BNGSF1,0
D,DISPATCH,UNIT_SCADA,1,"2022/10/20 01:15:00",BNGSF2,0
D,DISPATCH,UNIT_SCADA,1,"2022/10/20 01:15:00",BOCORWF1,6.23
D,DISPATCH,UNIT_SCADA,1,"2022/10/20 01:15:00",BODWF1,82.571740
D,DISPATCH,UNIT_SCADA,1,"2022/10/20 01:15:00",BOMENSF1,0
D,DISPATCH,UNIT_SCADA,1,"2022/10/20 01:15:00",BOWWBA1G,0
D,DISPATCH,UNIT_SCADA,1,"2022/10/20 01:15:00",BOWWBA1L,0.0010
D,DISPATCH,UNIT_SCADA,1,"2022/10/20 01:15:00",BOWWPV1,0
D,DISPATCH,UNIT_SCADA,1,"2022/10/20 01:15:00",BRAEMAR1,0
D,DISPATCH,UNIT_SCADA,1,"2022/10/20 01:15:00",BRAEMAR2,0
D,DISPATCH,UNIT_SCADA,1,"2022/10/20 01:15:00",BRAEMAR3,0
D,DISPATCH,UNIT_SCADA,1,"2022/10/20 01:15:00",BRAEMAR5,0.292060
D,DISPATCH,UNIT_SCADA,1,"2022/10/20 01:15:00",BRAEMAR6,0
D,DISPATCH,UNIT_SCADA,1,"2022/10/20 01:15:00",BRAEMAR7,0.130920
D,DISPATCH,UNIT_SCADA,1,"2022/10/20 01:15:00",BROKENH1,0
D,DISPATCH,UNIT_SCADA,1,"2022/10/20 01:15:00",BRYB1WF1,92.417790
D,DISPATCH,UNIT_SCADA,1,"2022/10/20 01:15:00",BULBESG1,0
D,DISPATCH,UNIT_SCADA,1,"2022/10/20 01:15:00",BULBESL1,0.03
D,DISPATCH,UNIT_SCADA,1,"2022/10/20 01:15:00",BULGANA1,63.07
D,DISPATCH,UNIT_SCADA,1,"2022/10/20 01:15:00",BW01,441.4252
D,DISPATCH,UNIT_SCADA,1,"2022/10/20 01:15:00",BW02,436.639950
D,DISPATCH,UNIT_SCADA,1,"2022/10/20 01:15:00",BW03,438.104830
D,DISPATCH,UNIT_SCADA,1,"2022/10/20 01:15:00",BW04,0
D,DISPATCH,UNIT_SCADA,1,"2022/10/20 01:15:00",CALL_B_1,319.800020
D,DISPATCH,UNIT_SCADA,1,"2022/10/20 01:15:00",CALL_B_2,319.399990
D,DISPATCH,UNIT_SCADA,1,"2022/10/20 01:15:00",CATHROCK,4.70
D,DISPATCH,UNIT_SCADA,1,"2022/10/20 01:15:00",CBWWBA1G,0
D,DISPATCH,UNIT_SCADA,1,"2022/10/20 01:15:00",CBWWBA1L,0
D,DISPATCH,UNIT_SCADA,1,"2022/10/20 01:15:00",CETHANA,98.124630
D,DISPATCH,UNIT_SCADA,1,"2022/10/20 01:15:00",CG1,0
D,DISPATCH,UNIT_SCADA,1,"2022/10/20 01:15:00",CG2,0
D,DISPATCH,UNIT_SCADA,1,"2022/10/20 01:15:00",CG3,0
D,DISPATCH,UNIT_SCADA,1,"2022/10/20 01:15:00",CG4,0
D,DISPATCH,UNIT_SCADA,1,"2022/10/20 01:15:00",CHILDSF1,0
D,DISPATCH,UNIT_SCADA,1,"2022/10/20 01:15:00",CHYTWF1,20.50
D,DISPATCH,UNIT_SCADA,1,"2022/10/20 01:15:00",CLARESF1,0
D,DISPATCH,UNIT_SCADA,1,"2022/10/20 01:15:00",CLEMGPWF,44.301530
D,DISPATCH,UNIT_SCADA,1,"2022/10/20 01:15:00",CLERMSF1,0
D,DISPATCH,UNIT_SCADA,1,"2022/10/20 01:15:00",CNUNDAWF,14.717170
D,DISPATCH,UNIT_SCADA,1,"2022/10/20 01:15:00",COHUNSF1,0
D,DISPATCH,UNIT_SCADA,1,"2022/10/20 01:15:00",COLEASF1,0
D,DISPATCH,UNIT_SCADA,1,"2022/10/20 01:15:00",COLUMSF1,0
D,DISPATCH,UNIT_SCADA,1,"2022/10/20 01:15:00",COLWF01,126.131070
D,DISPATCH,UNIT_SCADA,1,"2022/10/20 01:15:00",COOPGWF1,375.94
D,DISPATCH,UNIT_SCADA,1,"2022/10/20 01:15:00",CPP_3,359.975010
D,DISPATCH,UNIT_SCADA,1,"2022/10/20 01:15:00",CPP_4,0
D,DISPATCH,UNIT_SCADA,1,"2022/10/20 01:15:00",CPSA,0
D,DISPATCH,UNIT_SCADA,1,"2022/10/20 01:15:00",CROOKWF2,15.983520
D,DISPATCH,UNIT_SCADA,1,"2022/10/20 01:15:00",CROWLWF1,52.383740
D,DISPATCH,UNIT_SCADA,1,"2022/10/20 01:15:00",CRURWF1,26.499810
D,DISPATCH,UNIT_SCADA,1,"2022/10/20 01:15:00",CRWASF1,0
D,DISPATCH,UNIT_SCADA,1,"2022/10/20 01:15:00",CSPVPS1,0
D,DISPATCH,UNIT_SCADA,1,"2022/10/20 01:15:00",CTHLWF1,0.003050
D,DISPATCH,UNIT_SCADA,1,"2022/10/20 01:15:00",DALNTH01,0
D,DISPATCH,UNIT_SCADA,1,"2022/10/20 01:15:00",DALNTHL1,0.096130
D,DISPATCH,UNIT_SCADA,1,"2022/10/20 01:15:00",DARLSF1,0
D,DISPATCH,UNIT_SCADA,1,"2022/10/20 01:15:00",DARTM1,0
D,DISPATCH,UNIT_SCADA,1,"2022/10/20 01:15:00",DAYDSF1,0
D,DISPATCH,UNIT_SCADA,1,"2022/10/20 01:15:00",DDPS1,0
D,DISPATCH,UNIT_SCADA,1,"2022/10/20 01:15:00",DDSF1,0
D,DISPATCH,UNIT_SCADA,1,"2022/10/20 01:15:00",DEVILS_G,54.139840
D,DISPATCH,UNIT_SCADA,1,"2022/10/20 01:15:00",DG_NSW1,0
D,DISPATCH,UNIT_SCADA,1,"2022/10/20 01:15:00",DG_QLD1,0
D,DISPATCH,UNIT_SCADA,1,"2022/10/20 01:15:00",DG_SA1,0
D,DISPATCH,UNIT_SCADA,1,"2022/10/20 01:15:00",DG_TAS1,0
D,DISPATCH,UNIT_SCADA,1,"2022/10/20 01:15:00",DG_VIC1,0
D,DISPATCH,UNIT_SCADA,1,"2022/10/20 01:15:00",DRYCGT1,0
D,DISPATCH,UNIT_SCADA,1,"2022/10/20 01:15:00",DRYCGT2,0
D,DISPATCH,UNIT_SCADA,1,"2022/10/20 01:15:00",DRYCGT3,0
D,DISPATCH,UNIT_SCADA,1,"2022/10/20 01:15:00",DUNDWF1,65.50
D,DISPATCH,UNIT_SCADA,1,"2022/10/20 01:15:00",DUNDWF2,20.37
D,DISPATCH,UNIT_SCADA,1,"2022/10/20 01:15:00",DUNDWF3,39.22
D,DISPATCH,UNIT_SCADA,1,"2022/10/20 01:15:00",EILDON1,59.96
D,DISPATCH,UNIT_SCADA,1,"2022/10/20 01:15:00",EILDON2,59.84
D,DISPATCH,UNIT_SCADA,1,"2022/10/20 01:15:00",ELAINWF1,37.86
D,DISPATCH,UNIT_SCADA,1,"2022/10/20 01:15:00",EMERASF1,0
D,DISPATCH,UNIT_SCADA,1,"2022/10/20 01:15:00",ER01,0
D,DISPATCH,UNIT_SCADA,1,"2022/10/20 01:15:00",ER02,419.671940
D,DISPATCH,UNIT_SCADA,1,"2022/10/20 01:15:00",ER03,418.768590
D,DISPATCH,UNIT_SCADA,1,"2022/10/20 01:15:00",ER04,414.813450
D,DISPATCH,UNIT_SCADA,1,"2022/10/20 01:15:00",FINLYSF1,0
D,DISPATCH,UNIT_SCADA,1,"2022/10/20 01:15:00",FISHER,31.16
D,DISPATCH,UNIT_SCADA,1,"2022/10/20 01:15:00",GANGARR1,0
D,DISPATCH,UNIT_SCADA,1,"2022/10/20 01:15:00",GANNBG1,0
D,DISPATCH,UNIT_SCADA,1,"2022/10/20 01:15:00",GANNBL1,8.948570
D,DISPATCH,UNIT_SCADA,1,"2022/10/20 01:15:00",GANNSF1,0
D,DISPATCH,UNIT_SCADA,1,"2022/10/20 01:15:00",GLRWNSF1,0
D,DISPATCH,UNIT_SCADA,1,"2022/10/20 01:15:00",GNNDHSF1,0
D,DISPATCH,UNIT_SCADA,1,"2022/10/20 01:15:00",GOONSF1,0
D,DISPATCH,UNIT_SCADA,1,"2022/10/20 01:15:00",GORDON,194.516940
D,DISPATCH,UNIT_SCADA,1,"2022/10/20 01:15:00",GRANWF1,0
D,DISPATCH,UNIT_SCADA,1,"2022/10/20 01:15:00",GSTONE1,176.05
D,DISPATCH,UNIT_SCADA,1,"2022/10/20 01:15:00",GSTONE2,0
D,DISPATCH,UNIT_SCADA,1,"2022/10/20 01:15:00",GSTONE3,200.3750
D,DISPATCH,UNIT_SCADA,1,"2022/10/20 01:15:00",GSTONE4,0
D,DISPATCH,UNIT_SCADA,1,"2022/10/20 01:15:00",GSTONE5,201.0750
D,DISPATCH,UNIT_SCADA,1,"2022/10/20 01:15:00",GSTONE6,200.024990
D,DISPATCH,UNIT_SCADA,1,"2022/10/20 01:15:00",GULLRSF1,0
D,DISPATCH,UNIT_SCADA,1,"2022/10/20 01:15:00",GULLRWF1,65.913990
D,DISPATCH,UNIT_SCADA,1,"2022/10/20 01:15:00",GULLRWF2,91.877380
D,DISPATCH,UNIT_SCADA,1,"2022/10/20 01:15:00",GUNNING1,0
D,DISPATCH,UNIT_SCADA,1,"2022/10/20 01:15:00",GUTHEGA,67.50
D,DISPATCH,UNIT_SCADA,1,"2022/10/20 01:15:00",HALLWF1,75.32
D,DISPATCH,UNIT_SCADA,1,"2022/10/20 01:15:00",HALLWF2,53.05
D,DISPATCH,UNIT_SCADA,1,"2022/10/20 01:15:00",HAMISF1,0
D,DISPATCH,UNIT_SCADA,1,"2022/10/20 01:15:00",HAUGHT11,0
D,DISPATCH,UNIT_SCADA,1,"2022/10/20 01:15:00",HAYMSF1,0
D,DISPATCH,UNIT_SCADA,1,"2022/10/20 01:15:00",HDWF1,90.10
D,DISPATCH,UNIT_SCADA,1,"2022/10/20 01:15:00",HDWF2,75.80
D,DISPATCH,UNIT_SCADA,1,"2022/10/20 01:15:00",HDWF3,84.50
D,DISPATCH,UNIT_SCADA,1,"2022/10/20 01:15:00",HILLSTN1,0
D,DISPATCH,UNIT_SCADA,1,"2022/10/20 01:15:00",HPRG1,0
D,DISPATCH,UNIT_SCADA,1,"2022/10/20 01:15:00",HPRL1,49.60
D,DISPATCH,UNIT_SCADA,1,"2022/10/20 01:15:00",HUMENSW,54.373710
D,DISPATCH,UNIT_SCADA,1,"2022/10/20 01:15:00",HUMEV,0
D,DISPATCH,UNIT_SCADA,1,"2022/10/20 01:15:00",HVWWBA1G,0
D,DISPATCH,UNIT_SCADA,1,"2022/10/20 01:15:00",HVWWBA1L,0.0060
D,DISPATCH,UNIT_SCADA,1,"2022/10/20 01:15:00",HVWWPV1,0
D,DISPATCH,UNIT_SCADA,1,"2022/10/20 01:15:00",JBUTTERS,0
D,DISPATCH,UNIT_SCADA,1,"2022/10/20 01:15:00",JEMALNG1,0
D,DISPATCH,UNIT_SCADA,1,"2022/10/20 01:15:00",JLA01,0
D,DISPATCH,UNIT_SCADA,1,"2022/10/20 01:15:00",JLA02,0
D,DISPATCH,UNIT_SCADA,1,"2022/10/20 01:15:00",JLA03,0
D,DISPATCH,UNIT_SCADA,1,"2022/10/20 01:15:00",JLA04,0
D,DISPATCH,UNIT_SCADA,1,"2022/10/20 01:15:00",JLB01,0
D,DISPATCH,UNIT_SCADA,1,"2022/10/20 01:15:00",JLB02,0.10
D,DISPATCH,UNIT_SCADA,1,"2022/10/20 01:15:00",JLB03,0
D,DISPATCH,UNIT_SCADA,1,"2022/10/20 01:15:00",JUNEESF1,0.000010
D,DISPATCH,UNIT_SCADA,1,"2022/10/20 01:15:00",KABANWF1,0
D,DISPATCH,UNIT_SCADA,1,"2022/10/20 01:15:00",KAREEYA1,0
D,DISPATCH,UNIT_SCADA,1,"2022/10/20 01:15:00",KAREEYA2,0
D,DISPATCH,UNIT_SCADA,1,"2022/10/20 01:15:00",KAREEYA3,21.54
D,DISPATCH,UNIT_SCADA,1,"2022/10/20 01:15:00",KAREEYA4,0
D,DISPATCH,UNIT_SCADA,1,"2022/10/20 01:15:00",KARSF1,0
D,DISPATCH,UNIT_SCADA,1,"2022/10/20 01:15:00",KEPSF1,0
D,DISPATCH,UNIT_SCADA,1,"2022/10/20 01:15:00",KEPWF1,0
D,DISPATCH,UNIT_SCADA,1,"2022/10/20 01:15:00",KIAMSF1,0
D,DISPATCH,UNIT_SCADA,1,"2022/10/20 01:15:00",KIATAWF1,30.80
D,DISPATCH,UNIT_SCADA,1,"2022/10/20 01:15:00",KPP_1,0
D,DISPATCH,UNIT_SCADA,1,"2022/10/20 01:15:00",KSP1,0
D,DISPATCH,UNIT_SCADA,1,"2022/10/20 01:15:00",LADBROK1,0.02
D,DISPATCH,UNIT_SCADA,1,"2022/10/20 01:15:00",LADBROK2,38.05
D,DISPATCH,UNIT_SCADA,1,"2022/10/20 01:15:00",LBBG1,0
D,DISPATCH,UNIT_SCADA,1,"2022/10/20 01:15:00",LBBL1,12
D,DISPATCH,UNIT_SCADA,1,"2022/10/20 01:15:00",LD01,321.469760
D,DISPATCH,UNIT_SCADA,1,"2022/10/20 01:15:00",LD02,0
D,DISPATCH,UNIT_SCADA,1,"2022/10/20 01:15:00",LD04,324.527740
D,DISPATCH,UNIT_SCADA,1,"2022/10/20 01:15:00",LEM_WIL,86.716020
D,DISPATCH,UNIT_SCADA,1,"2022/10/20 01:15:00",LGAPWF1,78.31
D,DISPATCH,UNIT_SCADA,1,"2022/10/20 01:15:00",LGAPWF2,34.30
D,DISPATCH,UNIT_SCADA,1,"2022/10/20 01:15:00",LILYSF1,0
D,DISPATCH,UNIT_SCADA,1,"2022/10/20 01:15:00",LIMOSF11,0
D,DISPATCH,UNIT_SCADA,1,"2022/10/20 01:15:00",LIMOSF21,0
D,DISPATCH,UNIT_SCADA,1,"2022/10/20 01:15:00",LI_WY_CA,55.833510
D,DISPATCH,UNIT_SCADA,1,"2022/10/20 01:15:00",LKBONNY1,0
D,DISPATCH,UNIT_SCADA,1,"2022/10/20 01:15:00",LKBONNY2,29.410410
D,DISPATCH,UNIT_SCADA,1,"2022/10/20 01:15:00",LKBONNY3,7.703450
D,DISPATCH,UNIT_SCADA,1,"2022/10/20 01:15:00",LK_ECHO,0
D,DISPATCH,UNIT_SCADA,1,"2022/10/20 01:15:00",LNGS1,0
D,DISPATCH,UNIT_SCADA,1,"2022/10/20 01:15:00",LNGS2,0
D,DISPATCH,UNIT_SCADA,1,"2022/10/20 01:15:00",LONSDALE,0
D,DISPATCH,UNIT_SCADA,1,"2022/10/20 01:15:00",LOYYB1,437.965820
D,DISPATCH,UNIT_SCADA,1,"2022/10/20 01:15:00",LOYYB2,441.349370
D,DISPATCH,UNIT_SCADA,1,"2022/10/20 01:15:00",LYA1,543
D,DISPATCH,UNIT_SCADA,1,"2022/10/20 01:15:00",LYA2,0
D,DISPATCH,UNIT_SCADA,1,"2022/10/20 01:15:00",LYA3,545
D,DISPATCH,UNIT_SCADA,1,"2022/10/20 01:15:00",LYA4,543
D,DISPATCH,UNIT_SCADA,1,"2022/10/20 01:15:00",MACARTH1,39.0991
D,DISPATCH,UNIT_SCADA,1,"2022/10/20 01:15:00",MACKNTSH,0
D,DISPATCH,UNIT_SCADA,1,"2022/10/20 01:15:00",MANSLR1,0
D,DISPATCH,UNIT_SCADA,1,"2022/10/20 01:15:00",MAPS2PV1,0
D,DISPATCH,UNIT_SCADA,1,"2022/10/20 01:15:00",MAPS3PV1,0
D,DISPATCH,UNIT_SCADA,1,"2022/10/20 01:15:00",MARYRSF1,0
D,DISPATCH,UNIT_SCADA,1,"2022/10/20 01:15:00",MBPS2PV1,0
D,DISPATCH,UNIT_SCADA,1,"2022/10/20 01:15:00",MCKAY1,0.02
D,DISPATCH,UNIT_SCADA,1,"2022/10/20 01:15:00",MEADOWBK,19.691620
D,DISPATCH,UNIT_SCADA,1,"2022/10/20 01:15:00",MERCER01,54.10
D,DISPATCH,UNIT_SCADA,1,"2022/10/20 01:15:00",METZSF1,0
D,DISPATCH,UNIT_SCADA,1,"2022/10/20 01:15:00",MEWF1,4
D,DISPATCH,UNIT_SCADA,1,"2022/10/20 01:15:00",MIDDLSF1,0
D,DISPATCH,UNIT_SCADA,1,"2022/10/20 01:15:00",MINTARO,0.128180
D,DISPATCH,UNIT_SCADA,1,"2022/10/20 01:15:00",MOLNGSF1,0
D,DISPATCH,UNIT_SCADA,1,"2022/10/20 01:15:00",MOORAWF1,46.22
D,DISPATCH,UNIT_SCADA,1,"2022/10/20 01:15:00",MOREESF1,0
D,DISPATCH,UNIT_SCADA,1,"2022/10/20 01:15:00",MORTLK11,0
D,DISPATCH,UNIT_SCADA,1,"2022/10/20 01:15:00",MORTLK12,0
D,DISPATCH,UNIT_SCADA,1,"2022/10/20 01:15:00",MOUSF1,0
D,DISPATCH,UNIT_SCADA,1,"2022/10/20 01:15:00",MP1,0
D,DISPATCH,UNIT_SCADA,1,"2022/10/20 01:15:00",MP2,341.9852
D,DISPATCH,UNIT_SCADA,1,"2022/10/20 01:15:00",MPP_1,117.649210
D,DISPATCH,UNIT_SCADA,1,"2022/10/20 01:15:00",MPP_2,0
D,DISPATCH,UNIT_SCADA,1,"2022/10/20 01:15:00",MRTLSWF1,0
D,DISPATCH,UNIT_SCADA,1,"2022/10/20 01:15:00",MSTUART1,0
D,DISPATCH,UNIT_SCADA,1,"2022/10/20 01:15:00",MSTUART2,0
D,DISPATCH,UNIT_SCADA,1,"2022/10/20 01:15:00",MSTUART3,0
D,DISPATCH,UNIT_SCADA,1,"2022/10/20 01:15:00",MTGELWF1,4.196290
D,DISPATCH,UNIT_SCADA,1,"2022/10/20 01:15:00",MTMILLAR,14.80
D,DISPATCH,UNIT_SCADA,1,"2022/10/20 01:15:00",MURRAY,0
D,DISPATCH,UNIT_SCADA,1,"2022/10/20 01:15:00",MUSSELR1,56.80
D,DISPATCH,UNIT_SCADA,1,"2022/10/20 01:15:00",MUWAWF1,187.039990
D,DISPATCH,UNIT_SCADA,1,"2022/10/20 01:15:00",MUWAWF2,183
D,DISPATCH,UNIT_SCADA,1,"2022/10/20 01:15:00",MWPS1PV1,0
D,DISPATCH,UNIT_SCADA,1,"2022/10/20 01:15:00",MWPS2PV1,0
D,DISPATCH,UNIT_SCADA,1,"2022/10/20 01:15:00",MWPS3PV1,0
D,DISPATCH,UNIT_SCADA,1,"2022/10/20 01:15:00",MWPS4PV1,0
D,DISPATCH,UNIT_SCADA,1,"2022/10/20 01:15:00",NBHWF1,117
D,DISPATCH,UNIT_SCADA,1,"2022/10/20 01:15:00",NEVERSF1,0
D,DISPATCH,UNIT_SCADA,1,"2022/10/20 01:15:00",NPS,0
D,DISPATCH,UNIT_SCADA,1,"2022/10/20 01:15:00",NUMURSF1,0
D,DISPATCH,UNIT_SCADA,1,"2022/10/20 01:15:00",NYNGAN1,0
D,DISPATCH,UNIT_SCADA,1,"2022/10/20 01:15:00",OAKEY1,0
D,DISPATCH,UNIT_SCADA,1,"2022/10/20 01:15:00",OAKEY1SF,0
D,DISPATCH,UNIT_SCADA,1,"2022/10/20 01:15:00",OAKEY2,0
D,DISPATCH,UNIT_SCADA,1,"2022/10/20 01:15:00",OAKEY2SF,0
D,DISPATCH,UNIT_SCADA,1,"2022/10/20 01:15:00",OAKLAND1,16.30
D,DISPATCH,UNIT_SCADA,1,"2022/10/20 01:15:00",OSB-AG,0
D,DISPATCH,UNIT_SCADA,1,"2022/10/20 01:15:00",PAREPS1,0.0660
D,DISPATCH,UNIT_SCADA,1,"2022/10/20 01:15:00",PAREPW1,17.85
D,DISPATCH,UNIT_SCADA,1,"2022/10/20 01:15:00",PARSF1,0.001530
D,DISPATCH,UNIT_SCADA,1,"2022/10/20 01:15:00",POAT110,0
D,DISPATCH,UNIT_SCADA,1,"2022/10/20 01:15:00",POAT220,0
D,DISPATCH,UNIT_SCADA,1,"2022/10/20 01:15:00",POR01,0
D,DISPATCH,UNIT_SCADA,1,"2022/10/20 01:15:00",POR03,0
D,DISPATCH,UNIT_SCADA,1,"2022/10/20 01:15:00",PPCCGT,172.881030
D,DISPATCH,UNIT_SCADA,1,"2022/10/20 01:15:00",PTSTAN1,0
D,DISPATCH,UNIT_SCADA,1,"2022/10/20 01:15:00",PUMP1,0
D,DISPATCH,UNIT_SCADA,1,"2022/10/20 01:15:00",PUMP2,0
D,DISPATCH,UNIT_SCADA,1,"2022/10/20 01:15:00",QBYNBG1,0
D,DISPATCH,UNIT_SCADA,1,"2022/10/20 01:15:00",QBYNBL1,0.0005
D,DISPATCH,UNIT_SCADA,1,"2022/10/20 01:15:00",QPS1,0
D,DISPATCH,UNIT_SCADA,1,"2022/10/20 01:15:00",QPS2,0
D,DISPATCH,UNIT_SCADA,1,"2022/10/20 01:15:00",QPS3,0
D,DISPATCH,UNIT_SCADA,1,"2022/10/20 01:15:00",QPS4,0
D,DISPATCH,UNIT_SCADA,1,"2022/10/20 01:15:00",QPS5,76.42
D,DISPATCH,UNIT_SCADA,1,"2022/10/20 01:15:00",REECE1,0
D,DISPATCH,UNIT_SCADA,1,"2022/10/20 01:15:00",REECE2,0
D,DISPATCH,UNIT_SCADA,1,"2022/10/20 01:15:00",ROMA_7,0
D,DISPATCH,UNIT_SCADA,1,"2022/10/20 01:15:00",ROMA_8,0
D,DISPATCH,UNIT_SCADA,1,"2022/10/20 01:15:00",RRSF1,0
D,DISPATCH,UNIT_SCADA,1,"2022/10/20 01:15:00",RT_NSW1,0
D,DISPATCH,UNIT_SCADA,1,"2022/10/20 01:15:00",RT_NSW2,0
D,DISPATCH,UNIT_SCADA,1,"2022/10/20 01:15:00",RT_NSW3,0
D,DISPATCH,UNIT_SCADA,1,"2022/10/20 01:15:00",RT_NSW4,0
D,DISPATCH,UNIT_SCADA,1,"2022/10/20 01:15:00",RT_NSW5,0
D,DISPATCH,UNIT_SCADA,1,"2022/10/20 01:15:00",RT_NSW6,0
D,DISPATCH,UNIT_SCADA,1,"2022/10/20 01:15:00",RT_QLD1,0
D,DISPATCH,UNIT_SCADA,1,"2022/10/20 01:15:00",RT_SA1,0
D,DISPATCH,UNIT_SCADA,1,"2022/10/20 01:15:00",RT_SA2,0
D,DISPATCH,UNIT_SCADA,1,"2022/10/20 01:15:00",RT_SA3,0
D,DISPATCH,UNIT_SCADA,1,"2022/10/20 01:15:00",RT_SA4,0
D,DISPATCH,UNIT_SCADA,1,"2022/10/20 01:15:00",RT_SA5,0
D,DISPATCH,UNIT_SCADA,1,"2022/10/20 01:15:00",RT_SA6,0
D,DISPATCH,UNIT_SCADA,1,"2022/10/20 01:15:00",RT_TAS1,0
D,DISPATCH,UNIT_SCADA,1,"2022/10/20 01:15:00",RT_VIC1,0
D,DISPATCH,UNIT_SCADA,1,"2022/10/20 01:15:00",RT_VIC10,0
D,DISPATCH,UNIT_SCADA,1,"2022/10/20 01:15:00",RT_VIC11,0
D,DISPATCH,UNIT_SCADA,1,"2022/10/20 01:15:00",RT_VIC12,0
D,DISPATCH,UNIT_SCADA,1,"2022/10/20 01:15:00",RT_VIC2,0
D,DISPATCH,UNIT_SCADA,1,"2022/10/20 01:15:00",RT_VIC3,0
D,DISPATCH,UNIT_SCADA,1,"2022/10/20 01:15:00",RT_VIC4,0
D,DISPATCH,UNIT_SCADA,1,"2022/10/20 01:15:00",RT_VIC5,0
D,DISPATCH,UNIT_SCADA,1,"2022/10/20 01:15:00",RT_VIC6,0
D,DISPATCH,UNIT_SCADA,1,"2022/10/20 01:15:00",RT_VIC7,0
D,DISPATCH,UNIT_SCADA,1,"2022/10/20 01:15:00",RT_VIC8,0
D,DISPATCH,UNIT_SCADA,1,"2022/10/20 01:15:00",RT_VIC9,0
D,DISPATCH,UNIT_SCADA,1,"2022/10/20 01:15:00",RUGBYR1,0
D,DISPATCH,UNIT_SCADA,1,"2022/10/20 01:15:00",SALTCRK1,12.24
D,DISPATCH,UNIT_SCADA,1,"2022/10/20 01:15:00",SAPHWF1,230.254060
D,DISPATCH,UNIT_SCADA,1,"2022/10/20 01:15:00",SEBSF1,0
D,DISPATCH,UNIT_SCADA,1,"2022/10/20 01:15:00",SHGEN,0
D,DISPATCH,UNIT_SCADA,1,"2022/10/20 01:15:00",SHPUMP,0
D,DISPATCH,UNIT_SCADA,1,"2022/10/20 01:15:00",SITHE01,0.143810
D,DISPATCH,UNIT_SCADA,1,"2022/10/20 01:15:00",SMCSF1,0
D,DISPATCH,UNIT_SCADA,1,"2022/10/20 01:15:00",SNAPPER1,0
D,DISPATCH,UNIT_SCADA,1,"2022/10/20 01:15:00",SNOWNTH1,132.100010
D,DISPATCH,UNIT_SCADA,1,"2022/10/20 01:15:00",SNOWSTH1,115
D,DISPATCH,UNIT_SCADA,1,"2022/10/20 01:15:00",SNOWTWN1,93.806210
D,DISPATCH,UNIT_SCADA,1,"2022/10/20 01:15:00",SNOWYP,0
D,DISPATCH,UNIT_SCADA,1,"2022/10/20 01:15:00",SNUG1,0
D,DISPATCH,UNIT_SCADA,1,"2022/10/20 01:15:00",SRSF1,0
D,DISPATCH,UNIT_SCADA,1,"2022/10/20 01:15:00",STAN-1,280.4791
D,DISPATCH,UNIT_SCADA,1,"2022/10/20 01:15:00",STAN-2,364.602330
D,DISPATCH,UNIT_SCADA,1,"2022/10/20 01:15:00",STAN-3,364.538240
D,DISPATCH,UNIT_SCADA,1,"2022/10/20 01:15:00",STAN-4,364.897130
D,DISPATCH,UNIT_SCADA,1,"2022/10/20 01:15:00",STARHLWF,23.093270
D,DISPATCH,UNIT_SCADA,1,"2022/10/20 01:15:00",STOCKYD1,299.850010
D,DISPATCH,UNIT_SCADA,1,"2022/10/20 01:15:00",STWF1,150.981920
D,DISPATCH,UNIT_SCADA,1,"2022/10/20 01:15:00",SUNRSF1,0
D,DISPATCH,UNIT_SCADA,1,"2022/10/20 01:15:00",SUNTPSF1,0
D,DISPATCH,UNIT_SCADA,1,"2022/10/20 01:15:00",SWAN_E,244.850620
D,DISPATCH,UNIT_SCADA,1,"2022/10/20 01:15:00",TALWA1,0
D,DISPATCH,UNIT_SCADA,1,"2022/10/20 01:15:00",TARALGA1,0
D,DISPATCH,UNIT_SCADA,1,"2022/10/20 01:15:00",TARONG#1,291.100010
D,DISPATCH,UNIT_SCADA,1,"2022/10/20 01:15:00",TARONG#2,291.700010
D,DISPATCH,UNIT_SCADA,1,"2022/10/20 01:15:00",TARONG#3,0.90
D,DISPATCH,UNIT_SCADA,1,"2022/10/20 01:15:00",TARONG#4,190.900010
D,DISPATCH,UNIT_SCADA,1,"2022/10/20 01:15:00",TARRALEA,54
D,DISPATCH,UNIT_SCADA,1,"2022/10/20 01:15:00",TBSF1,0
D,DISPATCH,UNIT_SCADA,1,"2022/10/20 01:15:00",TNPS1,299.8750
D,DISPATCH,UNIT_SCADA,1,"2022/10/20 01:15:00",TORRB1,0
D,DISPATCH,UNIT_SCADA,1,"2022/10/20 01:15:00",TORRB2,40
D,DISPATCH,UNIT_SCADA,1,"2022/10/20 01:15:00",TORRB3,0
D,DISPATCH,UNIT_SCADA,1,"2022/10/20 01:15:00",TORRB4,0
D,DISPATCH,UNIT_SCADA,1,"2022/10/20 01:15:00",TREVALLN,100.335250
D,DISPATCH,UNIT_SCADA,1,"2022/10/20 01:15:00",TRIBUTE,0
D,DISPATCH,UNIT_SCADA,1,"2022/10/20 01:15:00",TUMUT3,0
D,DISPATCH,UNIT_SCADA,1,"2022/10/20 01:15:00",TUNGATIN,5.170020
D,DISPATCH,UNIT_SCADA,1,"2022/10/20 01:15:00",TVCC201,0
D,DISPATCH,UNIT_SCADA,1,"2022/10/20 01:15:00",TVPP104,0
D,DISPATCH,UNIT_SCADA,1,"2022/10/20 01:15:00",UPPTUMUT,0
D,DISPATCH,UNIT_SCADA,1,"2022/10/20 01:15:00",URANQ11,0
D,DISPATCH,UNIT_SCADA,1,"2022/10/20 01:15:00",URANQ12,0
D,DISPATCH,UNIT_SCADA,1,"2022/10/20 01:15:00",URANQ13,0
D,DISPATCH,UNIT_SCADA,1,"2022/10/20 01:15:00",URANQ14,0
D,DISPATCH,UNIT_SCADA,1,"2022/10/20 01:15:00",VBBG1,0
D,DISPATCH,UNIT_SCADA,1,"2022/10/20 01:15:00",VBBL1,120.80
D,DISPATCH,UNIT_SCADA,1,"2022/10/20 01:15:00",VP5,601.922670
D,DISPATCH,UNIT_SCADA,1,"2022/10/20 01:15:00",VP6,600.555420
D,DISPATCH,UNIT_SCADA,1,"2022/10/20 01:15:00",VPGS1,0
D,DISPATCH,UNIT_SCADA,1,"2022/10/20 01:15:00",VPGS2,0
D,DISPATCH,UNIT_SCADA,1,"2022/10/20 01:15:00",VPGS3,0
D,DISPATCH,UNIT_SCADA,1,"2022/10/20 01:15:00",VPGS4,0
D,DISPATCH,UNIT_SCADA,1,"2022/10/20 01:15:00",VPGS5,0
D,DISPATCH,UNIT_SCADA,1,"2022/10/20 01:15:00",VPGS6,0
D,DISPATCH,UNIT_SCADA,1,"2022/10/20 01:15:00",W/HOE#1,0
D,DISPATCH,UNIT_SCADA,1,"2022/10/20 01:15:00",W/HOE#2,0
D,DISPATCH,UNIT_SCADA,1,"2022/10/20 01:15:00",WAGGNSF1,0
D,DISPATCH,UNIT_SCADA,1,"2022/10/20 01:15:00",WALGRVG1,0.000930
D,DISPATCH,UNIT_SCADA,1,"2022/10/20 01:15:00",WALGRVL1,0
D,DISPATCH,UNIT_SCADA,1,"2022/10/20 01:15:00",WANDBG1,0
D,DISPATCH,UNIT_SCADA,1,"2022/10/20 01:15:00",WANDBL1,0
D,DISPATCH,UNIT_SCADA,1,"2022/10/20 01:15:00",WARWSF1,0
D,DISPATCH,UNIT_SCADA,1,"2022/10/20 01:15:00",WARWSF2,0
D,DISPATCH,UNIT_SCADA,1,"2022/10/20 01:15:00",WATERLWF,60.10
D,DISPATCH,UNIT_SCADA,1,"2022/10/20 01:15:00",WDGPH1,0
D,DISPATCH,UNIT_SCADA,1,"2022/10/20 01:15:00",WELLSF1,0
D,DISPATCH,UNIT_SCADA,1,"2022/10/20 01:15:00",WEMENSF1,0
D,DISPATCH,UNIT_SCADA,1,"2022/10/20 01:15:00",WGWF1,103.10
D,DISPATCH,UNIT_SCADA,1,"2022/10/20 01:15:00",WHITSF1,0
D,DISPATCH,UNIT_SCADA,1,"2022/10/20 01:15:00",WINTSF1,0
D,DISPATCH,UNIT_SCADA,1,"2022/10/20 01:15:00",WKIEWA1,33.90
D,DISPATCH,UNIT_SCADA,1,"2022/10/20 01:15:00",WKIEWA2,34
D,DISPATCH,UNIT_SCADA,1,"2022/10/20 01:15:00",WOODLWN1,19.8504
D,DISPATCH,UNIT_SCADA,1,"2022/10/20 01:15:00",WOOLGSF1,0
D,DISPATCH,UNIT_SCADA,1,"2022/10/20 01:15:00",WPWF,71.15
D,DISPATCH,UNIT_SCADA,1,"2022/10/20 01:15:00",WRSF1,0
D,DISPATCH,UNIT_SCADA,1,"2022/10/20 01:15:00",WRWF1,83.229420
D,DISPATCH,UNIT_SCADA,1,"2022/10/20 01:15:00",WSTWYSF1,0
D,DISPATCH,UNIT_SCADA,1,"2022/10/20 01:15:00",YABULU,0
D,DISPATCH,UNIT_SCADA,1,"2022/10/20 01:15:00",YABULU2,0
D,DISPATCH,UNIT_SCADA,1,"2022/10/20 01:15:00",YARANSF1,0
D,DISPATCH,UNIT_SCADA,1,"2022/10/20 01:15:00",YARWUN_1,143.84
D,DISPATCH,UNIT_SCADA,1,"2022/10/20 01:15:00",YATSF1,0
D,DISPATCH,UNIT_SCADA,1,"2022/10/20 01:15:00",YENDWF1,35.14
D,DISPATCH,UNIT_SCADA,1,"2022/10/20 01:15:00",YWPS1,362.154420
D,DISPATCH,UNIT_SCADA,1,"2022/10/20 01:15:00",YWPS2,358.394930
D,DISPATCH,UNIT_SCADA,1,"2022/10/20 01:15:00",YWPS3,358.824040
D,DISPATCH,UNIT_SCADA,1,"2022/10/20 01:15:00",YWPS4,0
C,"END OF REPORT",419
