date,Battery (Charging) -  MW,Pumps -  MW,Coal (Brown) -  MW,Coal (Black) -  MW,Bioenergy (Biogas) -  MW,Bioenergy (Biomass) -  MW,Distillate -  MW,Gas (Steam) -  MW,Gas (CCGT) -  MW,Gas (OCGT) -  MW,Gas (Reciprocating) -  MW,Gas (Waste Coal Mine) -  MW,Battery (Discharging) -  MW,Hydro -  MW,Wind -  MW,Solar (Utility) -  MW,Solar (Rooftop) -  MW,Emissions Intensity - kgCO₂e/MWh,Price - AUD/MWh
2023-09-12 13:30,0.00,0.00,0.00,0.00,0.00,0.00,0.00,0.00,0.00,0.00,0.00,0.00,0.00,0.00,0.00,0.00,9355.67,0.00,0.00
2023-09-12 14:00,-35.48,-571.00,1766.50,4274.33,19.32,7.72,0.00,28.50,187.97,20.51,0.00,42.98,30.55,418.23,1003.00,3166.67,8961.67,0.00,0.00
2023-09-12 14:30,-83.02,-547.98,2607.67,6725.33,29.32,11.63,0.00,40.50,314.98,30.18,0.00,67.02,18.53,691.77,1628.33,4768.33,8017.50,0.00,2.98
2023-09-12 15:00,-40.59,-286.58,2616.00,6786.17,28.53,12.80,0.00,40.83,380.00,26.56,0.00,67.32,38.64,695.83,1687.00,4952.00,7132.92,0.00,-12.37
2023-09-12 15:30,-30.13,-285.18,2770.17,7248.67,27.93,12.53,0.00,40.83,536.30,0.47,0.00,67.13,39.68,779.30,1628.83,5024.00,6175.08,0.00,-13.57
2023-09-12 16:00,-89.23,-252.94,2927.50,8158.17,28.68,12.67,0.00,43.33,726.27,0.48,0.00,67.19,61.20,823.45,1891.83,4710.00,4917.17,0.00,-27.75
2023-09-12 16:30,-59.75,-43.75,3287.67,9085.17,29.00,12.87,0.00,65.67,857.68,0.47,0.00,67.65,41.49,1089.32,1932.50,4159.67,3540.08,0.00,21.82
2023-09-12 17:00,-72.42,-14.56,3847.17,10602.83,28.72,12.77,0.00,63.00,914.17,100.75,0.00,67.23,39.51,1939.33,1699.00,2917.50,2159.21,0.00,69.05
2023-09-12 17:30,-7.61,0.00,4116.67,11570.33,28.88,12.50,0.00,59.83,1065.33,524.90,7.71,67.19,114.42,3275.00,1564.83,1213.60,1020.89,0.00,95.68
2023-09-12 18:00,-10.60,0.00,4262.83,12084.83,29.04,12.68,-0.02,59.83,1188.67,1342.95,47.62,68.01,178.17,3972.83,1594.67,193.17,318.71,0.00,129.30
2023-09-12 18:30,-3.30,0.00,4297.17,12234.33,28.64,12.20,0.00,59.00,1285.17,1654.83,47.79,67.45,296.98,4124.50,1750.50,8.95,54.57,0.00,154.30
2023-09-12 19:00,-5.24,0.00,4301.67,12245.67,28.76,11.80,0.00,60.00,1285.33,1613.83,127.10,67.84,273.73,3988.33,1841.50,0.39,3.79,0.00,140.10
2023-09-12 19:30,-23.70,0.00,4317.17,12221.83,28.67,11.00,-0.03,62.00,1217.67,1266.67,113.72,66.92,50.61,3946.67,1836.67,0.37,0.00,0.00,115.20
2023-09-12 20:00,-15.51,0.00,4308.00,12293.33,28.89,10.10,0.00,60.50,1173.33,1035.35,105.71,66.79,66.74,3717.00,1858.67,0.89,0.00,0.00,87.87
2023-09-12 20:30,-5.40,0.00,4318.00,12384.67,28.70,9.77,-0.02,63.50,1068.33,758.77,116.16,66.76,185.25,3594.67,1880.67,0.84,0.00,0.00,125.40
2023-09-12 21:00,-5.84,0.00,4300.67,12270.17,28.83,9.43,-0.10,60.83,1053.50,555.03,88.43,66.49,199.32,3513.83,1889.17,1.17,0.00,0.00,120.80
2023-09-12 21:30,-3.45,0.00,4287.17,12013.50,28.92,8.58,-0.08,59.83,1034.33,408.40,88.85,67.43,195.35,3342.33,1963.50,2.08,0.00,0.00,116.90
2023-09-12 22:00,-12.04,0.00,4286.17,11918.67,29.09,13.12,-0.05,59.33,1009.73,152.68,88.58,67.06,108.94,3026.83,1998.17,0.83,0.00,0.00,97.40
2023-09-12 22:30,-14.61,0.00,4294.33,11659.50,29.00,26.90,-0.07,59.00,929.30,79.56,88.47,66.09,20.98,2947.83,2082.67,1.62,0.00,0.00,105.20
2023-09-12 23:00,-42.60,0.00,4310.33,11475.17,28.95,23.20,-0.10,59.33,825.35,75.27,83.01,65.68,3.19,2740.33,2097.33,1.88,0.00,0.00,92.00
2023-09-12 23:30,-58.87,0.00,4310.50,11422.50,28.83,23.90,-0.10,59.50,610.98,24.81,74.62,64.89,3.38,2761.17,2123.00,1.87,0.00,0.00,105.30
2023-09-13 00:00,-10.11,0.00,4331.33,11335.33,28.88,23.05,-0.05,59.17,609.62,12.70,0.00,64.61,25.36,2546.17,2058.67,0.42,0.00,0.00,112.90
2023-09-13 00:30,-19.94,0.00,4323.33,11183.50,29.05,26.75,-0.08,57.83,570.63,8.57,0.00,64.59,32.50,2306.83,2032.00,0.21,0.00,0.00,121.30
2023-09-13 01:00,-32.67,0.00,4333.00,11026.83,29.08,29.68,-0.10,57.83,534.10,7.14,0.00,65.44,72.38,2036.00,2057.83,0.21,0.00,0.00,85.06
2023-09-13 01:30,-54.94,0.00,4336.50,10655.67,28.94,32.75,-0.08,58.33,547.17,-0.54,0.00,64.67,56.33,2055.83,2012.00,0.21,0.00,0.00,98.96
2023-09-13 02:00,-49.54,0.00,4321.00,10379.00,29.20,36.77,1.25,56.33,550.08,-0.20,0.00,63.84,28.12,1890.83,2059.33,0.21,0.00,0.00,123.70
2023-09-13 02:30,-36.50,0.00,4177.00,9997.83,29.29,29.35,-0.07,42.67,496.68,0.17,0.00,64.17,17.71,1934.83,2164.00,0.21,0.00,0.00,108.80
2023-09-13 03:00,-33.88,0.00,4159.17,9814.33,28.93,24.82,-0.10,41.67,481.13,0.34,0.00,64.09,5.52,1911.17,2179.33,0.21,0.00,0.00,82.06
2023-09-13 03:30,-28.16,0.00,4151.17,9791.67,29.21,20.43,-0.05,40.50,472.87,0.16,0.00,63.35,12.74,1830.50,2159.50,0.21,0.00,0.00,83.56
2023-09-13 04:00,-66.77,0.00,4160.50,9810.00,29.06,20.13,-0.05,41.67,472.87,0.17,0.00,63.33,11.62,1859.33,2081.67,1.55,0.00,0.00,79.41
2023-09-13 04:30,-76.09,0.00,4169.00,9872.17,28.55,22.13,-0.10,40.67,470.30,-0.53,0.00,63.51,0.49,2087.00,1955.50,2.12,0.00,0.00,83.14
2023-09-13 05:00,-194.92,0.00,4202.50,10258.50,28.71,31.32,-0.10,40.67,471.05,-0.18,0.00,64.24,11.57,2167.33,1961.50,2.35,0.00,0.00,84.40
2023-09-13 05:30,-121.27,0.00,4296.67,10785.67,29.25,27.18,-0.03,40.33,467.75,-0.02,0.00,64.13,3.19,2318.67,1945.67,2.22,0.37,0.00,83.94
2023-09-13 06:00,-50.04,0.00,4335.83,11121.33,29.17,22.87,-0.05,40.17,472.73,-0.02,0.00,64.02,9.85,2890.17,1908.33,3.37,17.05,0.00,113.00
2023-09-13 06:30,-21.57,0.00,4337.33,11347.67,28.74,23.58,-0.10,40.00,598.47,47.47,0.00,63.09,98.25,3561.83,1815.67,203.11,195.00,0.00,279.80
2023-09-13 07:00,-77.13,0.00,4319.67,11351.83,27.12,26.37,-0.10,40.00,524.43,154.69,0.00,62.65,87.58,3188.33,1712.00,1325.25,840.43,0.00,158.30
2023-09-13 07:30,-52.67,0.00,4334.67,10361.33,28.83,22.45,-0.02,41.00,473.00,137.26,0.00,60.04,113.22,2063.17,1669.83,3202.17,1991.02,0.00,58.56
2023-09-13 08:00,-119.81,-81.52,4303.17,8920.33,28.96,27.52,0.00,41.50,468.12,9.21,0.00,64.75,22.83,1535.00,1556.33,4717.50,3438.00,0.00,27.04
2023-09-13 08:30,-176.63,-244.88,4190.83,7726.83,29.30,27.20,-0.08,41.33,316.18,16.04,0.00,62.85,127.78,1276.50,1419.50,5130.83,4989.50,0.00,8.58
2023-09-13 09:00,-136.16,-245.07,4135.50,6903.17,29.55,27.37,-0.07,40.83,130.57,30.43,0.00,61.94,17.97,1143.67,1256.67,4952.83,6461.92,0.00,2.63
2023-09-13 09:30,-276.57,-450.72,3862.83,6309.50,29.07,23.92,0.00,41.33,119.82,30.01,0.00,60.11,9.11,1180.00,1047.82,4889.67,7775.42,0.00,13.55
2023-09-13 10:00,-171.93,-515.78,3491.17,5859.17,29.18,26.75,0.00,41.17,133.08,30.27,0.00,48.46,1.55,974.95,927.60,4919.00,8748.25,0.00,-18.33
2023-09-13 10:30,-137.58,-727.12,3140.17,5833.83,29.66,28.28,0.00,41.67,168.35,30.27,0.00,50.29,151.21,728.85,915.87,4872.67,9480.67,0.00,-18.56
2023-09-13 11:00,-146.97,-726.38,2824.83,5784.50,28.89,26.20,-0.05,41.50,173.08,30.30,0.00,52.25,30.57,717.77,966.72,4949.50,9958.67,0.00,-19.69
2023-09-13 11:30,-382.98,-724.93,2658.50,5799.50,29.30,27.58,0.00,41.83,173.30,29.93,0.00,50.86,4.69,731.75,979.38,4964.17,10212.83,0.00,-15.49
2023-09-13 12:00,-371.38,-878.88,2648.67,5673.83,28.36,27.83,0.00,41.00,205.60,29.95,0.00,50.60,0.40,710.43,980.18,5052.33,10451.50,0.00,-33.83
2023-09-13 12:30,-148.35,-924.10,2654.33,5698.33,29.61,29.23,0.00,41.50,197.63,30.03,0.00,44.84,45.80,636.35,984.43,4928.83,10470.00,0.00,-18.02
2023-09-13 13:00,-121.74,-924.25,2627.00,6212.33,29.28,26.48,0.00,41.67,173.10,30.47,0.00,50.79,253.73,567.12,950.67,4702.83,10080.83,0.00,9.97
2023-09-13 13:30,-67.48,-923.28,2623.00,6263.00,29.63,28.72,0.00,41.00,172.57,30.04,0.00,49.73,147.02,557.70,1048.50,4786.33,9676.67,0.00,-26.53
2023-09-13 14:00,-43.20,-922.50,2626.67,6427.83,29.99,32.23,0.00,41.00,192.00,29.74,0.00,51.74,17.01,559.77,1127.83,4801.00,9243.92,0.00,-8.26
2023-09-13 14:30,-191.77,-923.48,2708.67,6759.50,29.83,31.12,0.00,40.50,230.17,29.35,0.00,56.68,38.67,647.62,1132.00,4819.83,8587.33,0.00,30.97
2023-09-13 15:00,-277.35,-595.03,2896.83,6725.17,29.34,27.05,0.00,40.83,258.27,29.16,0.00,61.53,31.10,896.22,1238.83,4829.00,7673.33,0.00,-16.71
2023-09-13 15:30,-105.72,-441.28,3089.50,6941.50,29.47,31.92,0.00,43.67,262.65,29.18,0.00,65.76,43.70,1032.33,1244.67,5067.00,6626.33,0.00,29.15
2023-09-13 16:00,-30.40,-406.57,3415.17,7944.00,29.37,35.07,0.00,66.67,366.58,7.32,0.00,67.33,137.99,1060.83,1208.67,4905.83,5272.42,0.00,36.69
2023-09-13 16:30,-94.56,-90.88,3792.83,8919.17,28.56,36.55,0.00,64.17,595.08,-0.21,0.00,64.32,261.47,1467.33,1215.83,4133.67,3744.92,0.00,41.67
2023-09-13 17:00,-14.06,0.00,4129.83,10068.50,29.60,32.03,0.00,72.83,791.52,93.81,0.00,61.12,102.18,2530.50,1196.00,2942.33,2242.15,0.00,133.00
2023-09-13 17:30,-89.07,0.00,4302.17,11059.00,28.80,41.13,0.00,89.67,1066.62,901.58,24.40,61.85,152.33,3396.50,1179.83,1159.90,1045.03,0.00,147.90
2023-09-13 18:00,-148.43,0.00,4392.33,11702.33,28.06,40.45,0.00,177.00,1261.83,1112.50,189.95,60.60,145.38,4118.50,1267.00,208.89,315.13,0.00,138.30
2023-09-13 18:30,-198.48,0.00,4417.00,12111.33,27.77,37.48,0.00,188.00,1335.00,1170.67,182.65,60.69,294.13,4344.17,1282.33,11.72,54.16,0.00,155.50
2023-09-13 19:00,-77.80,0.00,4412.67,12345.33,28.83,31.60,0.00,186.67,1326.17,1019.97,130.53,61.13,182.27,4248.17,1369.50,0.74,4.06,0.00,118.20
2023-09-13 19:30,-38.80,0.00,4415.00,12282.67,28.86,36.18,0.00,141.00,1268.17,885.62,88.83,61.69,74.51,4040.00,1428.00,0.60,0.01,0.00,86.91
2023-09-13 20:00,-27.05,0.00,4428.50,12188.17,28.83,37.68,0.00,66.00,1140.83,833.23,90.17,61.65,55.88,3854.00,1593.33,0.56,0.00,0.00,87.40
2023-09-13 20:30,-13.05,0.00,4424.50,12120.67,28.95,33.82,-0.05,61.50,948.07,748.18,89.54,62.19,13.33,3485.83,1849.33,0.56,0.00,0.00,86.73
2023-09-13 21:00,-35.23,0.00,4418.50,11948.50,28.89,33.55,-0.10,60.33,938.13,675.00,88.78,62.39,6.64,3065.83,2160.83,0.56,0.00,0.00,85.44
2023-09-13 21:30,-23.82,0.00,4382.67,11530.17,28.95,32.00,-0.07,59.83,938.22,459.40,75.54,61.15,9.63,3031.67,2279.67,0.56,0.00,0.00,86.48
2023-09-13 22:00,-17.07,0.00,4411.50,11016.50,29.07,31.08,-0.03,58.83,934.23,330.03,1.71,61.32,62.83,2984.00,2332.00,0.56,0.00,0.00,86.86
2023-09-13 22:30,-12.62,0.00,4418.50,10716.50,29.17,34.33,-0.05,59.50,875.12,127.96,0.00,60.91,329.33,2674.00,2516.67,0.56,0.00,0.00,87.77
2023-09-13 23:00,-14.80,0.00,4414.50,10399.67,29.68,33.48,-0.08,58.67,790.70,57.09,0.00,61.21,191.86,2592.00,2748.33,0.56,0.00,0.00,88.01
2023-09-13 23:30,-72.48,0.00,4417.67,10374.33,30.11,25.18,-0.02,59.50,747.88,49.53,0.00,61.19,81.23,2324.17,3094.33,0.56,0.00,0.00,52.49
2023-09-14 00:00,-47.13,0.00,4416.67,10313.83,30.01,26.28,0.00,60.17,593.03,-0.71,0.00,60.98,67.46,2084.00,3219.00,0.56,0.00,0.00,66.74
2023-09-14 00:30,-36.64,0.00,4402.50,10285.83,30.22,27.40,-0.03,60.00,393.88,-0.78,0.00,61.57,42.18,1887.67,3227.83,0.63,0.00,0.00,61.03
2023-09-14 01:00,-21.74,0.00,4297.83,10169.33,29.97,21.75,-0.07,59.50,278.15,15.04,0.00,60.81,23.33,1697.67,3328.50,0.66,0.00,0.00,49.43
2023-09-14 01:30,-12.07,0.00,4114.50,9918.00,28.47,22.60,0.00,59.17,129.53,30.03,0.00,61.23,22.83,1631.83,3464.00,0.66,0.00,0.00,48.39
2023-09-14 02:00,-18.23,0.00,3902.50,9664.83,28.82,28.87,0.00,59.17,118.43,30.14,0.00,61.39,18.17,1476.67,3676.33,0.66,0.00,0.00,31.06
2023-09-14 02:30,-11.99,0.00,3718.00,9428.50,29.14,32.87,0.00,59.33,117.98,30.40,0.00,58.17,15.71,1313.17,3805.50,0.63,0.00,0.00,32.35
2023-09-14 03:00,-6.94,0.00,3461.00,9331.67,29.11,32.10,-0.07,58.83,117.82,30.22,0.00,59.00,14.35,1209.67,3985.50,0.56,0.00,0.00,29.78
2023-09-14 03:30,-10.44,0.00,3181.17,9317.00,28.81,28.97,-0.10,60.33,118.17,30.21,0.00,62.49,6.68,1187.00,4084.83,0.64,0.00,0.00,20.77
2023-09-14 04:00,-18.68,0.00,3119.33,9358.17,28.85,31.77,-0.03,58.67,117.38,30.05,0.00,64.19,1.84,1023.60,4291.17,0.67,0.00,0.00,17.75
2023-09-14 04:30,-3.26,0.00,3119.67,9579.67,29.18,28.35,0.00,59.00,118.13,29.77,0.00,67.84,12.82,887.43,4322.17,0.67,0.00,0.00,17.71
2023-09-14 05:00,-9.78,0.00,3130.50,9931.00,28.88,29.98,-0.08,60.00,117.93,29.82,0.00,68.17,14.52,903.35,4383.83,0.67,0.00,0.00,17.93
2023-09-14 05:30,-11.71,0.00,3120.33,10400.50,28.92,39.30,-0.08,58.50,118.13,29.20,0.00,70.13,40.37,1109.67,4427.00,0.67,0.43,0.00,19.76
2023-09-14 06:00,-68.56,0.00,3231.67,10944.50,34.18,42.08,0.00,55.83,117.93,29.50,0.00,70.17,6.53,1358.83,4526.17,4.82,18.58,0.00,27.08
2023-09-14 06:30,-33.17,0.00,3346.33,11069.83,39.39,43.18,0.00,40.33,118.18,29.61,0.00,70.35,27.07,1972.00,4647.33,213.05,205.65,0.00,35.47
2023-09-14 07:00,-30.75,0.00,3424.00,10642.50,35.07,35.72,-0.03,40.00,118.25,29.07,0.00,70.27,51.10,1558.17,4780.50,1310.57,856.92,0.00,37.72
2023-09-14 07:30,-32.33,0.00,3237.50,9157.83,30.30,41.18,-0.03,41.17,117.83,30.51,0.00,67.47,4.28,1166.83,4617.67,3108.00,2022.22,0.00,6.82
2023-09-14 08:00,-130.41,-81.47,3138.83,7912.17,30.13,41.43,-0.01,41.67,118.32,30.51,0.00,65.45,16.17,1020.50,4138.33,4308.50,3491.08,0.00,-19.07
2023-09-14 08:30,-135.71,-244.03,2852.00,7225.67,28.04,34.67,0.00,41.17,117.97,29.92,0.00,68.80,87.87,995.90,3586.17,4692.00,5056.67,0.00,-12.52
2023-09-14 09:00,-121.52,-289.82,2682.00,6724.50,23.81,24.90,0.00,41.83,118.40,30.64,0.00,66.32,186.15,992.98,3088.17,4446.83,6461.92,0.00,-36.21
2023-09-14 09:30,-119.05,-532.60,2654.00,6338.17,23.77,26.95,0.00,41.67,118.17,30.32,0.00,68.80,88.94,936.07,2623.67,4515.83,7681.67,0.00,-4.57
2023-09-14 10:00,-274.06,-552.02,2452.50,6034.50,23.50,25.97,0.00,40.83,118.07,29.04,0.00,68.28,66.63,788.60,2658.33,4382.33,8572.50,0.00,-14.34
2023-09-14 10:30,-322.60,-846.85,2449.00,5890.67,24.06,27.18,0.00,40.50,118.00,28.85,0.00,66.93,41.83,701.70,2549.83,4385.50,9339.33,0.00,-38.97
2023-09-14 11:00,-239.00,-925.40,2461.33,5684.50,23.75,25.72,0.00,40.83,118.35,28.77,0.00,64.46,26.01,677.25,2308.17,4403.67,9977.33,0.00,-23.75
2023-09-14 11:30,-234.23,-925.02,2471.00,5590.83,23.62,27.05,0.00,40.83,117.77,29.53,0.00,64.78,39.70,636.35,2116.67,4548.17,10316.00,0.00,-8.55
2023-09-14 12:00,-237.05,-924.27,2441.00,5564.33,23.36,25.63,0.00,40.00,119.75,28.99,0.00,62.33,257.18,625.55,1933.83,4373.50,10477.58,0.00,-38.01
2023-09-14 12:30,-159.75,-922.22,2494.33,5578.17,23.30,25.20,0.00,42.17,130.18,29.48,0.00,64.71,337.27,613.42,1586.17,4500.67,10548.67,0.00,-32.30
2023-09-14 13:00,-186.38,-921.90,2452.50,5624.67,23.16,23.58,0.00,40.83,138.03,29.05,0.00,68.51,73.57,594.48,1906.00,4701.17,10305.75,0.00,-0.14
2023-09-14 13:30,-81.27,-887.83,2467.00,5848.67,27.43,26.65,0.00,41.33,169.78,29.55,0.00,68.29,31.73,624.15,2005.50,4672.67,9762.83,0.00,23.20
2023-09-14 14:00,-112.64,-661.78,2439.67,6001.50,28.83,26.12,0.00,40.67,210.50,29.02,0.00,68.21,94.95,626.52,2257.50,4742.33,8958.25,0.00,4.45
2023-09-14 14:30,-271.18,-527.03,2444.67,6160.33,28.92,27.63,0.00,40.50,279.15,29.47,0.00,67.93,12.45,613.60,2707.33,4836.50,8074.83,0.00,5.53
2023-09-14 15:00,-298.50,-364.40,2471.00,6483.00,28.93,26.33,0.02,42.00,373.78,30.21,0.00,68.00,29.70,698.35,2827.00,4770.67,7152.67,0.00,-0.54
2023-09-14 15:30,-222.46,-276.73,2506.17,6929.50,28.90,27.67,0.07,42.17,430.48,30.27,0.00,68.06,41.40,752.22,3175.50,4756.50,6034.17,0.00,22.77
2023-09-14 16:00,-94.85,-210.24,2546.83,7577.83,29.01,30.63,0.09,41.33,504.75,29.95,0.00,68.18,82.15,810.35,3422.67,4682.50,4778.75,0.00,23.50
2023-09-14 16:30,-95.15,0.00,2845.83,8949.17,28.91,35.28,0.11,42.17,554.80,29.68,0.00,68.11,262.17,957.83,3543.67,3718.00,3290.17,0.00,41.54
2023-09-14 17:00,-65.54,0.00,3404.67,10117.17,29.00,45.17,0.08,40.00,576.53,30.83,0.00,68.33,281.95,1636.83,3960.50,2282.33,1870.39,0.00,64.70
2023-09-14 17:30,-6.03,0.00,3678.50,10927.50,28.98,45.47,0.08,40.83,666.50,63.29,0.00,68.60,287.07,2408.67,4360.33,889.18,896.23,0.00,42.07
2023-09-14 18:00,-72.06,0.00,3821.67,11526.67,28.78,43.67,0.08,40.33,737.25,44.10,0.00,67.77,272.58,2978.17,4963.67,142.39,284.70,0.00,108.50
2023-09-14 18:30,-53.90,0.00,3708.17,11766.33,28.86,39.45,0.08,40.00,713.25,145.70,0.00,69.27,190.30,2992.50,5606.83,6.05,45.18,0.00,74.16
2023-09-14 19:00,-18.47,0.00,3685.83,11769.17,28.70,42.00,0.05,41.83,648.98,141.40,0.00,69.11,54.20,2812.67,5860.83,0.50,2.60,0.00,56.26
2023-09-14 19:30,-7.82,0.00,3480.17,11638.17,28.67,40.60,0.05,41.00,593.23,133.46,0.00,69.00,31.16,2560.00,6144.00,0.49,0.00,0.00,41.59
2023-09-14 20:00,-76.82,0.00,3233.50,11573.17,28.68,38.92,0.03,41.33,562.97,31.63,0.00,65.30,13.46,2278.83,6348.67,0.49,0.00,0.00,28.60
2023-09-14 20:30,-98.21,0.00,3022.17,11557.67,28.74,42.20,0.01,42.00,391.73,30.17,0.00,67.95,9.01,2056.00,6423.00,0.49,0.00,0.00,18.09
2023-09-14 21:00,-52.95,0.00,3045.50,11372.50,29.01,43.18,0.00,40.17,364.20,30.08,0.00,66.72,11.97,1648.50,6461.50,0.33,0.00,0.00,41.86
2023-09-14 21:30,-85.37,0.00,2959.67,11083.17,28.78,43.55,-0.10,37.17,347.50,28.62,0.00,69.71,1.92,1540.33,6418.00,0.25,0.00,0.00,31.54
2023-09-14 22:00,-18.23,0.00,2967.33,10632.50,28.97,40.15,-0.07,0.00,362.92,29.30,0.00,67.58,4.39,1495.00,6182.50,0.25,0.00,0.00,24.03
2023-09-14 22:30,-37.76,0.00,2965.83,10485.67,29.13,41.85,-0.02,0.00,391.93,28.82,0.00,66.64,5.50,1594.50,5825.17,0.25,0.00,0.00,47.13
2023-09-14 23:00,-33.04,0.00,2957.67,10433.67,29.07,39.53,0.00,0.00,333.30,28.98,0.00,66.99,3.43,1408.33,5682.50,0.25,0.00,0.00,33.12
2023-09-14 23:30,-35.31,0.00,3164.83,10369.00,29.83,34.83,-0.05,0.00,291.47,26.06,0.00,67.26,2.53,1368.00,5528.00,0.25,0.00,0.00,45.19
2023-09-15 00:00,-56.83,0.00,3133.17,10250.67,29.15,38.27,-0.10,0.00,397.10,-0.17,0.00,66.32,1.79,1162.67,5496.50,0.25,0.00,0.00,33.70
2023-09-15 00:30,-38.56,0.00,2884.83,9969.83,29.17,40.63,-0.02,0.00,467.75,-0.74,0.00,68.38,15.91,1183.17,5475.00,1.43,0.00,0.00,33.36
2023-09-15 01:00,-8.33,0.00,2785.00,9781.33,29.41,38.68,0.00,0.00,471.18,-0.80,0.00,65.06,9.37,1138.67,5439.33,3.27,0.00,0.00,30.20
2023-09-15 01:30,-87.89,0.00,2757.33,9431.17,29.26,38.92,-0.02,0.00,469.42,-0.73,0.00,65.22,13.62,1076.05,5340.17,3.04,0.00,0.00,23.56
2023-09-15 02:00,-56.53,0.00,2768.17,9176.50,29.25,40.40,0.00,0.00,468.52,-0.53,0.00,62.72,10.32,1060.45,5207.00,3.24,0.00,0.00,23.75
2023-09-15 02:30,-71.30,0.00,2779.17,8933.83,29.22,37.90,-0.03,0.00,470.92,-0.71,0.00,66.49,13.58,1014.00,5074.17,3.67,0.00,0.00,27.77
2023-09-15 03:00,-6.18,0.00,2928.17,8963.67,29.31,36.05,0.00,0.00,470.03,-0.74,0.00,66.38,13.88,919.60,4597.83,2.54,0.00,0.00,53.10
2023-09-15 03:30,-3.61,0.00,3274.67,8862.17,29.24,41.05,-0.08,0.00,469.58,-0.61,0.00,67.61,19.81,905.70,4152.67,1.82,0.00,0.00,53.56
2023-09-15 04:00,-3.54,0.00,3476.50,8806.50,39.34,40.68,-0.10,0.00,469.88,-0.74,0.00,68.28,23.21,1022.20,3862.00,2.41,0.00,0.00,53.23
2023-09-15 04:30,-10.38,0.00,3437.17,9100.67,39.47,44.42,-0.02,0.00,470.83,-0.51,0.00,68.41,42.71,1241.67,3579.00,3.78,0.00,0.00,41.80
2023-09-15 05:00,-6.56,0.00,3466.83,9403.00,39.25,35.78,-0.05,0.00,467.58,-0.32,0.00,68.65,37.89,1559.67,3239.50,4.78,0.00,0.00,48.68
2023-09-15 05:30,-9.49,0.00,3513.17,9982.00,39.01,41.28,-0.10,0.00,474.05,-0.71,0.33,68.60,91.06,1806.17,3002.33,4.77,0.56,0.00,50.77
2023-09-15 06:00,-13.05,0.00,3554.33,10566.83,32.03,40.07,-0.10,0.00,473.45,-0.74,0.00,68.57,114.17,1913.83,2973.83,11.09,21.46,0.00,77.99
2023-09-15 06:30,-8.31,0.00,3817.67,10692.50,30.03,38.45,-0.02,0.00,505.73,18.99,96.80,68.54,117.83,2171.50,2867.00,249.57,224.23,0.00,73.56
2023-09-15 07:00,-2.10,0.00,3921.83,10216.00,29.82,40.25,-0.05,0.00,506.48,26.84,87.19,68.35,234.95,1789.33,2776.17,1436.62,876.51,0.00,71.38
2023-09-15 07:30,-6.06,0.00,3758.00,9055.83,29.48,41.83,-0.10,0.00,507.28,28.01,87.67,69.21,122.44,1477.67,2544.83,3103.50,1956.48,0.00,42.97
2023-09-15 08:00,-97.33,0.00,3595.00,7887.00,29.19,43.50,-0.03,0.00,480.35,24.49,79.32,69.11,91.53,1347.83,2389.33,4109.67,3342.00,0.00,-4.08
2023-09-15 08:30,-279.12,-240.92,3518.83,7142.17,29.29,35.40,0.00,0.00,502.78,-0.13,88.94,68.71,66.36,1412.50,2095.00,4514.83,4790.92,0.00,50.01
2023-09-15 09:00,-297.23,-408.52,3278.00,6560.50,29.48,26.92,-0.07,1.33,337.73,14.96,84.16,67.97,86.65,1126.33,2027.00,4423.67,6331.58,0.00,-12.66
2023-09-15 09:30,-190.57,-573.62,2912.83,6267.67,29.36,27.87,-0.10,12.33,284.42,28.60,21.04,67.88,70.91,873.77,1904.67,4572.33,7666.83,0.00,-27.90
2023-09-15 10:00,-185.82,-702.52,2718.50,6157.00,29.36,22.30,-0.03,27.17,147.23,29.94,0.00,67.78,12.51,444.82,1891.33,4771.83,8591.50,0.00,-16.31
2023-09-15 10:30,-219.92,-885.08,2685.67,5997.00,29.33,23.37,-0.02,39.00,118.52,28.95,0.00,67.76,26.82,367.58,1837.17,4783.17,9370.25,0.00,-0.53
2023-09-15 11:00,-256.72,-884.53,2589.83,5784.33,29.82,21.62,-0.10,40.83,117.22,28.74,0.00,67.36,28.84,304.00,1774.33,4693.33,10128.08,0.00,-31.14
2023-09-15 11:30,-234.35,-880.82,2585.67,5758.33,29.38,26.98,-0.08,41.17,118.62,29.15,0.00,66.48,18.13,279.55,1879.33,4228.50,10662.75,0.00,-48.07
2023-09-15 12:00,-193.75,-880.92,2537.50,5775.83,29.36,25.40,-0.02,40.67,117.73,29.15,0.00,65.98,52.19,309.47,1985.00,3907.33,10866.83,0.00,-48.33
2023-09-15 12:30,-129.81,-881.42,2533.17,5747.17,29.31,23.97,-0.01,41.00,117.82,28.32,0.00,66.19,64.47,283.52,2129.50,3485.33,10969.00,0.00,-51.41
2023-09-15 13:00,-150.70,-878.55,2542.00,5875.50,29.42,23.87,-0.08,41.00,117.82,30.09,0.00,66.40,15.83,300.55,2207.83,3485.67,10884.08,0.00,-51.63
2023-09-15 13:30,-107.13,-877.72,2557.17,5809.33,29.68,26.18,-0.06,41.83,117.67,29.59,0.00,64.95,2.44,322.17,2484.00,3440.33,10577.17,0.00,-51.49
2023-09-15 14:00,-166.13,-875.18,2550.67,5792.83,29.66,23.95,0.04,41.83,118.07,29.45,0.00,62.69,3.01,309.98,2619.67,3674.83,9981.42,0.00,-51.44
2023-09-15 14:30,-131.87,-875.52,2547.00,5934.83,29.27,25.95,0.05,41.67,121.22,29.31,0.00,62.67,53.04,349.32,2625.67,4133.17,9216.75,0.00,-50.74
2023-09-15 15:00,-174.25,-516.08,2544.67,6285.67,29.72,26.75,0.05,41.17,150.82,28.91,0.00,65.41,52.59,388.63,2613.33,4319.17,8187.00,0.00,-64.41
2023-09-15 15:30,-67.42,-442.58,2554.00,6583.00,29.61,24.22,0.05,41.83,261.05,29.89,0.00,62.75,85.28,409.88,2811.67,4742.33,6946.42,0.00,-35.01
2023-09-15 16:00,-58.08,-200.15,2573.83,7408.83,29.63,23.65,0.08,42.00,314.28,29.43,0.00,65.66,28.60,426.88,3165.67,4641.67,5501.42,0.00,-46.73
2023-09-15 16:30,-67.31,0.00,2767.67,8463.67,29.64,27.87,0.08,41.17,405.78,29.18,0.00,65.91,86.30,454.95,3494.50,4131.67,3931.67,0.00,-45.90
2023-09-15 17:00,-78.54,0.00,2953.17,9996.50,29.43,34.17,0.08,40.67,530.98,35.29,0.00,65.71,64.17,935.00,3584.00,3160.50,2394.03,0.00,38.68
2023-09-15 17:30,-45.02,0.00,3562.17,11123.83,29.52,37.62,0.08,43.17,716.27,46.33,0.00,66.39,111.20,2438.00,3173.33,1324.83,1141.27,0.00,65.58
2023-09-15 18:00,-17.57,0.00,3843.17,11897.00,29.36,42.77,0.08,73.83,937.20,128.25,0.00,66.98,379.03,3222.17,2758.00,229.47,370.77,0.00,153.10
2023-09-15 18:30,-0.58,0.00,3901.67,12037.50,29.19,45.83,0.08,70.50,1106.67,323.27,0.00,67.68,322.90,3332.67,2812.33,15.73,70.44,0.00,129.80
2023-09-15 19:00,-2.83,0.00,3905.50,12010.33,29.41,44.33,0.08,120.33,1142.83,302.10,0.00,65.85,291.40,3123.67,3044.00,3.90,5.71,0.00,101.70
2023-09-15 19:30,-3.68,0.00,3917.17,11991.83,27.80,37.78,0.05,125.83,1151.00,302.95,0.00,65.62,171.59,2562.50,3336.33,4.44,0.01,0.00,87.77
2023-09-15 20:00,-25.52,0.00,3919.33,11722.50,26.24,40.28,-0.05,127.67,1101.50,265.98,0.00,65.53,76.11,2354.17,3494.33,4.91,0.00,0.00,79.19
2023-09-15 20:30,-20.84,0.00,3924.33,11451.67,26.08,36.52,-0.06,114.50,1029.00,207.83,48.90,65.71,35.97,2295.00,3493.17,6.29,0.00,0.00,71.89
2023-09-15 21:00,-9.16,0.00,3924.33,11283.67,26.09,35.82,-0.01,62.17,1023.83,171.45,122.07,65.63,40.98,2129.00,3449.83,6.47,0.00,0.00,63.13
2023-09-15 21:30,-4.53,0.00,3901.50,10917.67,26.41,38.17,-0.02,58.67,1008.98,124.44,114.24,67.43,76.70,2158.33,3428.17,6.62,0.00,0.00,76.72
2023-09-15 22:00,-12.94,0.00,3904.67,10576.83,26.47,41.78,-0.10,61.50,995.60,87.91,97.93,68.00,62.82,2043.33,3497.50,6.61,0.00,0.00,68.38
2023-09-15 22:30,-10.82,0.00,3909.17,10275.33,26.43,40.05,-0.08,70.17,1039.17,84.53,0.00,68.21,88.79,2038.33,3632.17,6.60,0.00,0.00,85.08
2023-09-15 23:00,-2.99,0.00,3912.33,10052.17,26.60,36.75,-0.03,90.50,1148.33,54.56,0.00,70.98,26.31,1959.83,3646.33,6.62,0.00,0.00,83.67
2023-09-15 23:30,-34.59,0.00,3906.00,10173.83,26.22,42.43,-0.08,133.67,1120.80,30.57,0.00,71.23,32.43,1892.67,3497.67,6.62,0.00,0.00,71.16
2023-09-16 00:00,-10.57,0.00,3910.83,10063.17,26.30,44.43,-0.10,139.50,796.90,30.75,0.00,71.15,46.62,1823.67,3528.67,6.60,0.00,0.00,69.85
2023-09-16 00:30,-0.53,0.00,3914.33,9699.50,26.09,40.98,7.60,93.00,758.68,30.38,0.00,71.23,80.16,1688.67,3554.50,6.61,0.00,0.00,67.70
2023-09-16 01:00,-12.17,0.00,3907.00,9433.67,26.24,41.42,-0.03,117.17,584.23,30.09,0.00,71.23,37.79,1562.17,3717.83,6.62,0.00,0.00,89.76
2023-09-16 01:30,-15.96,0.00,3766.67,9175.50,26.24,41.88,0.00,107.00,501.27,30.70,0.00,71.23,20.85,1474.00,3838.17,6.62,0.00,0.00,75.42
2023-09-16 02:00,-19.01,0.00,3432.00,8811.83,24.33,42.40,-0.02,78.00,496.00,30.74,0.00,71.30,12.03,1514.00,3982.50,6.63,0.00,0.00,69.59
2023-09-16 02:30,-8.40,0.00,3301.33,8440.50,24.35,40.40,0.00,62.00,480.15,25.79,0.00,72.15,27.93,1529.33,4072.00,6.61,0.00,0.00,61.78
2023-09-16 03:00,-19.15,0.00,3199.33,8255.00,24.28,38.00,0.00,60.33,490.85,-0.30,0.00,72.24,14.27,1521.17,4115.67,6.61,0.00,0.00,73.78
2023-09-16 03:30,-25.79,0.00,3161.00,8185.00,26.35,41.20,0.00,51.33,477.32,-0.68,0.00,70.65,19.09,1458.33,4096.17,6.62,0.00,0.00,26.28
2023-09-16 04:00,-38.05,0.00,3144.50,8044.50,26.68,38.93,0.00,40.67,475.10,-0.72,0.00,70.74,15.91,1512.33,4078.17,6.62,0.00,0.00,22.28
2023-09-16 04:30,-8.91,0.00,3107.33,8166.50,27.17,41.60,0.00,40.67,473.90,-0.76,0.00,72.03,15.58,1397.50,4050.17,6.61,0.00,0.00,22.52
2023-09-16 05:00,-9.08,0.00,3104.67,8399.67,27.49,41.12,-0.05,40.50,475.53,-0.51,0.00,72.30,6.81,1431.00,3925.50,6.63,0.00,0.00,22.78
2023-09-16 05:30,-12.09,0.00,3127.83,8590.00,27.24,41.73,-0.10,40.67,475.20,-0.36,0.00,71.96,8.37,1526.83,3929.50,6.62,0.76,0.00,34.60
2023-09-16 06:00,-4.22,0.00,3115.83,8659.17,29.07,38.17,-0.07,40.83,474.83,-0.37,0.00,72.18,5.33,1627.83,4051.83,12.59,24.07,0.00,26.73
2023-09-16 06:30,-23.25,0.00,3087.00,8631.17,28.92,42.20,-0.02,40.00,471.67,-0.68,0.00,72.35,6.95,1533.83,4207.67,289.57,235.13,0.00,38.50
2023-09-16 07:00,-73.23,-49.23,3024.17,7659.33,28.84,41.12,-0.08,40.50,472.48,-0.47,0.00,72.37,7.82,1141.60,4265.00,1472.32,921.06,0.00,-0.07
2023-09-16 07:30,-146.67,-372.90,2787.83,6918.83,24.95,33.33,-0.10,41.50,465.93,0.24,0.00,72.23,1.82,716.98,4128.50,2732.83,2107.25,0.00,-44.06
2023-09-16 08:00,-211.03,-772.30,2568.67,6500.67,24.96,29.63,-0.05,40.83,313.13,16.58,0.00,71.27,0.48,521.22,3758.50,3911.17,3630.92,0.00,-38.35
2023-09-16 08:30,-256.15,-884.15,2543.00,6207.50,24.38,26.48,0.00,41.00,132.72,30.38,0.00,70.40,0.73,489.98,3540.83,4008.67,5215.33,0.00,-41.79
2023-09-16 09:00,-211.65,-881.53,2556.17,5999.67,24.45,24.73,-0.10,42.17,117.77,30.57,0.00,70.76,0.82,475.60,3138.50,3652.00,6710.92,0.00,-45.24
2023-09-16 09:30,-224.28,-881.80,2557.17,5939.17,24.45,23.45,-0.10,41.67,117.75,30.44,0.00,70.51,86.50,484.95,2980.00,2989.83,7962.83,0.00,-46.52
2023-09-16 10:00,-132.93,-880.62,2562.50,5810.67,24.48,29.42,0.00,42.33,117.98,30.64,0.00,70.52,259.23,469.15,2480.83,2572.00,8883.67,0.00,-51.32
2023-09-16 10:30,-113.74,-880.28,2540.67,5659.33,24.56,22.97,0.00,40.67,117.72,30.14,0.00,70.30,124.91,496.13,2205.67,2503.67,9652.92,0.00,-45.54
2023-09-16 11:00,-178.83,-881.35,2539.50,5542.00,24.56,24.47,-0.07,41.00,118.22,29.97,0.00,69.70,12.92,452.50,2318.67,2260.33,10303.17,0.00,-46.39
2023-09-16 11:30,-345.67,-881.02,2534.00,5483.33,24.82,24.87,-0.03,40.67,117.50,29.80,0.00,69.87,0.41,439.15,2390.83,2071.00,10718.17,0.00,-48.06
2023-09-16 12:00,-288.55,-879.47,2530.33,5478.00,24.60,23.63,0.00,40.50,117.67,29.80,0.00,69.12,4.83,420.23,2312.50,1860.67,10922.50,0.00,-51.08
2023-09-16 12:30,-158.78,-878.37,2547.17,5529.83,24.72,16.13,0.01,41.33,116.57,30.17,0.00,68.66,4.47,373.68,2173.83,1772.83,11000.17,0.00,-64.02
2023-09-16 13:00,-166.56,-877.20,2517.33,5494.33,24.44,13.50,0.02,40.50,142.42,29.71,0.00,69.16,5.96,338.32,2235.00,1889.33,10923.33,0.00,-47.94
2023-09-16 13:30,-70.66,-876.20,2495.33,5518.50,24.40,14.07,0.05,41.33,147.55,29.95,0.00,68.23,6.15,330.60,2231.00,2054.83,10666.33,0.00,-48.84
2023-09-16 14:00,-37.35,-875.75,2497.67,5565.50,24.61,13.98,0.05,41.33,153.07,30.36,0.00,68.12,11.29,360.63,2267.50,2285.33,10130.58,0.00,-47.24
2023-09-16 14:30,-26.22,-873.93,2502.17,5593.33,24.73,14.35,0.05,41.50,206.98,30.52,0.00,68.06,6.64,363.82,2427.17,2839.17,9314.25,0.00,-53.57
2023-09-16 15:00,-79.77,-872.32,2493.83,5610.00,24.81,25.62,0.06,41.00,280.05,30.11,0.00,67.48,4.03,414.58,2616.33,3648.33,8197.58,0.00,-62.39
2023-09-16 15:30,-68.67,-870.32,2515.00,5986.67,24.74,25.45,0.08,42.67,338.97,30.77,0.00,67.34,30.45,448.20,2749.67,4375.17,6981.00,0.00,-41.54
2023-09-16 16:00,-19.73,-637.83,2498.67,6516.83,24.74,26.00,0.08,40.83,411.42,29.97,0.00,67.13,20.28,548.55,3055.67,4748.67,5521.33,0.00,-28.31
2023-09-16 16:30,-41.86,-120.25,2522.17,7350.17,24.62,31.23,0.08,41.83,429.62,27.67,0.00,67.59,43.63,696.32,3627.17,4171.33,3935.42,0.00,7.18
2023-09-16 17:00,-20.92,0.00,2559.17,8789.17,25.98,41.93,0.08,41.00,513.50,0.40,0.00,67.58,48.27,831.78,4505.17,3112.33,2397.23,0.00,8.88
2023-09-16 17:30,-22.16,0.00,2809.33,9835.17,26.45,42.48,0.08,40.67,697.23,132.00,0.00,68.50,151.70,1780.00,4770.67,1398.05,1142.51,0.00,63.42
2023-09-16 18:00,-27.99,0.00,3147.50,10397.67,26.43,39.97,0.08,46.67,854.80,282.32,0.00,63.59,230.98,2457.83,4901.00,265.26,373.38,0.00,108.50
2023-09-16 18:30,-20.10,0.00,3107.83,10654.83,27.31,45.05,0.03,62.67,935.63,309.78,0.00,61.97,297.90,2736.00,5052.33,15.35,71.62,0.00,54.45
2023-09-16 19:00,-2.00,0.00,3096.50,10895.83,27.35,44.73,0.08,59.83,985.17,225.82,0.00,63.39,259.72,2433.17,5167.67,1.54,5.86,0.00,53.78
2023-09-16 19:30,-17.18,0.00,3086.00,10943.83,27.51,41.15,0.08,58.33,991.35,204.43,0.00,63.49,152.18,2093.33,5141.83,2.97,0.01,0.00,42.04
2023-09-16 20:00,-20.32,0.00,3036.67,10686.50,27.49,40.32,0.08,66.67,1053.67,72.99,0.00,64.28,98.18,1969.17,5117.83,3.42,0.00,0.00,45.91
2023-09-16 20:30,-18.07,0.00,2893.67,10410.83,27.66,43.97,-0.05,71.50,1066.50,28.49,0.00,67.20,57.31,1884.83,5204.67,2.53,0.00,0.00,42.02
2023-09-16 21:00,-13.62,0.00,2878.17,10342.33,27.54,43.38,0.00,60.33,1044.33,28.28,0.00,66.87,12.67,1707.33,5174.17,2.50,0.00,0.00,34.54
2023-09-16 21:30,-59.14,0.00,2897.00,10203.83,27.58,40.88,0.03,60.33,1011.67,10.01,0.00,67.75,6.42,1732.67,4996.33,4.50,0.00,0.00,11.74
2023-09-16 22:00,-40.09,0.00,2919.00,9975.50,27.30,43.13,0.00,60.00,960.48,-0.70,0.00,70.42,10.49,1491.00,4995.17,4.91,0.00,0.00,26.98
2023-09-16 22:30,-56.19,0.00,2925.17,9802.50,27.51,43.62,-0.06,59.83,940.92,-0.71,0.00,69.70,16.75,1532.83,4950.83,6.04,0.00,0.00,43.18
2023-09-16 23:00,-71.96,0.00,2946.83,9702.00,28.13,42.55,-0.05,59.83,879.72,-0.78,0.00,70.95,11.36,1424.50,4921.83,7.32,0.00,0.00,42.96
2023-09-16 23:30,-38.85,0.00,3051.33,9488.17,28.50,40.60,-0.02,59.83,830.37,0.06,0.00,71.18,9.00,1647.17,4726.17,6.29,0.00,0.00,42.13
2023-09-17 00:00,-16.80,0.00,3099.67,9299.67,28.54,44.83,-0.06,59.67,686.78,-0.33,0.00,71.17,23.70,1673.00,4644.00,4.23,0.00,0.00,33.28
2023-09-17 00:30,-2.49,0.00,3107.33,9127.33,28.58,40.65,-0.09,61.50,506.80,-0.44,0.00,71.15,20.99,1661.17,4531.83,3.18,0.00,0.00,48.10
2023-09-17 01:00,-10.96,0.00,3124.33,8971.67,28.37,37.70,-0.02,61.33,487.18,0.23,0.00,69.38,49.28,1549.00,4370.50,2.99,0.00,0.00,31.77
2023-09-17 01:30,-21.91,0.00,3072.83,8752.67,28.34,42.98,-0.03,57.83,469.17,-0.11,0.00,69.50,38.23,1496.00,4315.33,3.05,0.00,0.00,29.42
2023-09-17 02:00,-7.69,0.00,2874.67,8532.17,28.45,42.55,-0.06,45.67,472.92,0.05,0.00,69.51,43.59,1547.17,4237.00,3.39,0.00,0.00,47.74
2023-09-17 02:30,-3.81,0.00,2875.83,8295.17,28.27,41.97,-0.10,41.33,472.13,0.24,0.00,69.59,44.75,1575.17,4005.17,2.61,0.00,0.00,28.65
2023-09-17 03:00,-5.29,0.00,3006.00,8259.83,39.86,40.95,-0.03,40.67,469.12,-0.64,0.00,69.37,25.54,1583.67,3768.83,1.62,0.00,0.00,28.60
2023-09-17 03:30,-4.36,0.00,2959.17,8186.33,39.71,44.88,-0.03,40.83,469.32,-0.46,0.00,69.67,19.57,1589.33,3708.67,0.81,0.00,0.00,27.18
2023-09-17 04:00,-4.84,0.00,2984.17,8209.83,39.41,42.30,-0.10,41.50,471.08,-0.66,0.00,69.63,16.59,1578.33,3536.00,0.59,0.00,0.00,26.92
2023-09-17 04:30,-0.78,0.00,3049.83,8365.33,36.00,39.67,-0.10,40.67,464.80,-0.46,0.00,69.62,22.80,1582.67,3311.50,0.59,0.00,0.00,31.46
2023-09-17 05:00,-0.51,0.00,3060.00,8500.33,36.04,42.43,0.00,41.33,469.73,-0.47,0.00,71.07,179.76,1589.00,3064.50,0.59,0.00,0.00,42.37
2023-09-17 05:30,-1.74,0.00,3251.67,8697.33,35.63,42.55,-0.05,40.83,467.47,-0.39,0.00,71.36,185.87,1622.33,2830.83,0.59,0.90,0.00,31.84
2023-09-17 06:00,-1.30,0.00,3456.67,8642.17,36.95,43.15,-0.10,40.33,466.60,-0.51,0.00,68.98,212.65,1673.67,2781.00,8.57,27.79,0.00,44.51
2023-09-17 06:30,-2.19,0.00,3594.67,8399.17,36.60,41.98,-0.07,40.50,459.22,-0.53,0.00,68.56,140.37,1666.50,2685.33,321.40,263.30,0.00,48.07
2023-09-17 07:00,-39.10,0.00,3218.67,7711.33,35.72,43.65,-0.05,51.33,338.70,-0.73,0.00,68.36,79.96,1321.50,2466.33,1659.40,990.27,0.00,40.81
2023-09-17 07:30,-57.34,0.00,2846.17,6782.00,34.21,44.63,-0.08,62.33,290.40,-0.37,0.00,67.50,7.76,860.20,2143.17,3193.50,2210.17,0.00,-28.57
2023-09-17 08:00,-117.20,-131.75,2642.50,6184.50,32.67,38.73,-0.10,48.83,285.13,-0.13,0.00,68.74,1.48,525.70,1822.33,4097.50,3724.33,0.00,-30.85
2023-09-17 08:30,-172.48,-643.02,2517.17,5755.83,32.56,32.02,-0.03,41.17,280.27,15.92,0.00,63.80,0.69,427.00,1917.17,4451.50,5301.50,0.00,-49.13
2023-09-17 09:00,-62.02,-798.37,2510.83,5575.17,33.05,26.90,-0.03,42.67,145.20,30.56,0.00,62.63,1.90,379.32,1994.50,3927.50,6712.58,0.00,-44.75
2023-09-17 09:30,-167.05,-881.27,2484.33,5507.67,28.05,25.72,-0.02,41.50,117.90,30.03,0.00,65.77,0.62,367.72,1927.50,3510.00,8024.83,0.00,-40.02
2023-09-17 10:00,-178.29,-880.72,2467.83,5409.33,24.79,23.00,-0.05,41.67,118.13,30.39,0.00,67.44,2.77,350.47,1948.00,2852.50,9123.17,0.00,-44.51
2023-09-17 10:30,-396.87,-880.30,2469.67,5300.17,24.92,26.68,0.00,42.00,117.63,29.76,0.00,62.95,0.76,355.27,1934.33,2747.83,9930.92,0.00,-42.10
2023-09-17 11:00,-186.60,-879.18,2457.83,5252.50,26.40,25.10,0.00,41.33,117.98,30.08,0.00,65.55,17.87,316.92,2042.67,2321.33,10488.00,0.00,-45.14
2023-09-17 11:30,-189.23,-876.72,2466.83,5285.83,34.91,24.93,0.01,42.50,117.87,29.61,0.00,67.43,9.76,335.15,1966.50,2216.33,10910.33,0.00,-57.25
2023-09-17 12:00,-219.33,-878.15,2455.50,5267.33,34.89,26.87,0.01,40.83,117.55,29.18,0.00,67.05,0.56,312.00,2010.00,2227.33,11151.83,0.00,-45.43
2023-09-17 12:30,-240.73,-877.42,2458.67,5273.17,35.13,28.27,0.01,41.33,118.05,28.95,0.00,67.71,6.51,285.82,2021.17,2255.17,11202.58,0.00,-50.40
2023-09-17 13:00,-225.45,-874.72,2473.67,5304.33,35.13,24.57,0.01,42.17,117.97,29.42,0.00,67.46,8.72,309.85,2025.17,2392.00,11037.75,0.00,-55.17
2023-09-17 13:30,-169.00,-875.62,2462.00,5331.17,35.67,25.50,0.03,41.33,117.98,29.67,0.00,66.93,2.87,307.10,2114.67,2624.83,10638.67,0.00,-64.19
2023-09-17 14:00,-84.90,-874.15,2475.00,5391.50,35.00,28.22,0.05,42.33,118.30,29.34,0.00,67.22,8.60,294.82,2398.67,2820.67,10049.75,0.00,-46.38
2023-09-17 14:30,-28.70,-874.02,2466.17,5474.17,34.78,23.82,0.05,41.00,120.82,29.56,0.00,62.55,13.95,325.18,2532.67,3361.00,9255.25,0.00,-43.11
2023-09-17 15:00,-90.97,-871.40,2472.00,5670.33,33.21,24.77,0.07,42.17,148.08,29.71,0.00,64.70,11.31,355.87,2541.50,4328.00,8159.42,0.00,-42.36
2023-09-17 15:30,-33.10,-840.65,2470.17,6146.17,33.41,25.40,0.08,41.33,227.90,29.51,0.00,64.57,3.31,477.68,2768.67,4810.00,6860.50,0.00,-23.53
2023-09-17 16:00,-19.53,-606.42,2487.67,6855.33,33.30,26.38,0.08,41.83,358.33,29.78,0.00,64.01,23.89,560.58,3005.67,5068.33,5303.50,0.00,6.50
2023-09-17 16:30,-32.49,-240.08,2622.83,7911.50,29.33,32.95,0.08,45.67,549.20,27.60,0.00,65.53,42.49,624.60,3160.00,4624.50,3644.00,0.00,-8.80
2023-09-17 17:00,-32.71,-39.83,3076.33,9217.33,24.58,40.65,0.08,64.33,762.60,-0.33,0.00,66.94,29.34,1631.00,3043.00,3227.83,2085.60,0.00,43.80
2023-09-17 17:30,-18.27,0.00,3650.83,10275.67,23.76,45.15,0.08,67.83,1025.83,29.52,0.00,67.79,161.81,2899.50,2917.50,1296.75,906.91,0.00,64.06
2023-09-17 18:00,-1.72,0.00,3891.33,10794.00,21.34,42.95,0.08,69.67,1179.17,356.40,0.00,68.31,366.32,3482.50,2878.50,199.19,240.37,0.00,190.70
2023-09-17 18:30,-0.20,0.00,3898.33,11128.33,21.11,43.82,0.05,66.67,1321.17,471.22,0.00,68.12,516.60,3661.67,2734.00,7.48,32.49,0.00,138.10
2023-09-17 19:00,-0.27,0.00,3894.83,11468.33,21.08,45.35,0.05,61.83,1322.17,474.80,0.00,67.81,369.22,3478.67,2646.67,0.48,1.71,0.00,108.10
2023-09-17 19:30,-3.51,0.00,3902.17,11685.50,21.03,43.52,0.05,59.17,1300.17,465.58,0.00,67.70,128.66,3147.50,2496.00,0.45,0.00,0.00,73.68
2023-09-17 20:00,-1.09,0.00,3910.33,11625.67,21.10,41.28,0.05,58.67,1190.33,334.07,0.00,67.86,64.87,2888.33,2553.50,0.45,0.00,0.00,74.04
2023-09-17 20:30,-0.61,0.00,3969.17,11449.50,21.08,41.10,0.03,60.17,1094.67,42.60,0.00,68.37,64.32,2827.50,2613.00,0.45,0.00,0.00,72.94
2023-09-17 21:00,-24.03,0.00,3975.33,11271.50,21.42,43.40,0.05,51.50,979.72,-0.78,0.00,68.20,70.34,2654.33,2588.00,0.45,0.00,0.00,72.43
2023-09-17 21:30,-29.12,0.00,3962.33,10814.00,21.59,42.13,0.04,40.83,882.93,-0.71,0.00,67.02,4.85,2632.83,2707.00,0.45,0.00,0.00,61.17
2023-09-17 22:00,-15.27,0.00,3974.17,10269.83,21.45,37.62,0.00,41.50,833.23,-0.75,0.00,65.98,2.01,2575.00,2783.00,0.45,0.00,0.00,60.17
2023-09-17 22:30,-49.85,0.00,3962.67,9846.50,21.25,43.63,0.01,40.50,726.02,-0.66,0.00,63.15,45.49,2581.17,2997.50,0.45,0.00,0.00,58.39
2023-09-17 23:00,-37.43,0.00,3908.50,9576.33,20.53,43.18,0.01,40.83,625.58,-0.14,0.00,64.29,18.47,2486.00,3173.17,2.02,0.00,0.00,54.23
2023-09-17 23:30,-49.74,0.00,3865.67,9507.50,21.12,43.45,0.01,41.33,618.62,-0.45,0.00,64.54,14.90,2323.33,3383.83,2.68,0.00,0.00,42.08
2023-09-18 00:00,-14.59,0.00,3831.00,9447.17,20.79,40.53,0.00,41.50,459.50,-0.47,0.00,62.25,16.95,2356.67,3313.50,2.45,0.00,0.00,42.50
2023-09-18 00:30,-2.29,0.00,3761.83,9382.50,20.61,44.38,0.00,41.00,370.50,-0.45,0.00,60.80,16.56,2242.83,3288.17,2.46,0.00,0.00,42.76
2023-09-18 01:00,-33.85,0.00,3671.17,9195.83,20.59,40.08,0.00,40.50,292.37,-0.69,0.00,63.83,17.12,2043.17,3449.17,3.15,0.00,0.00,42.94
2023-09-18 01:30,-56.04,0.00,3516.50,8923.17,20.73,40.72,0.00,41.50,289.18,-0.74,0.00,62.98,13.94,1936.17,3560.67,3.79,0.00,0.00,36.78
2023-09-18 02:00,-24.15,0.00,3430.50,8662.50,20.78,38.63,0.00,41.67,289.23,-0.68,0.00,65.56,30.46,1818.67,3545.83,4.35,0.00,0.00,32.10
2023-09-18 02:30,-28.23,0.00,3246.83,8542.83,20.63,41.12,0.00,40.67,289.57,-0.59,0.00,66.20,14.54,1693.17,3710.83,5.38,0.00,0.00,30.69
2023-09-18 03:00,-99.42,0.00,3179.00,8509.50,20.40,40.45,0.00,41.83,291.53,-0.14,0.00,66.05,12.86,1656.67,3723.67,5.78,0.00,0.00,30.17
2023-09-18 03:30,-96.95,0.00,3169.67,8445.00,20.41,38.52,0.00,41.67,291.80,-0.71,0.00,65.84,9.24,1520.00,3821.17,6.43,0.00,0.00,28.09
2023-09-18 04:00,-74.32,0.00,3170.17,8386.17,20.86,42.73,0.00,41.33,290.93,-0.17,0.00,65.92,17.75,1599.33,3684.67,7.68,0.00,0.00,26.56
2023-09-18 04:30,-63.71,0.00,3203.17,8497.67,21.19,39.90,0.00,41.33,289.03,-0.53,0.00,66.53,6.36,1641.83,3675.33,8.30,0.00,0.00,28.90
2023-09-18 05:00,-104.58,0.00,3197.00,8648.67,21.54,37.15,0.00,42.00,290.10,-0.33,0.00,66.46,24.84,1510.17,4002.83,8.54,0.00,0.00,15.36
2023-09-18 05:30,-230.57,0.00,3166.17,9122.00,21.36,38.42,0.00,40.50,288.50,-0.37,0.00,66.24,1.94,1798.17,4057.17,7.89,0.95,0.00,26.07
2023-09-18 06:00,-185.05,0.00,3393.83,9471.67,20.62,39.53,0.00,42.50,290.55,-0.29,0.00,63.85,18.69,1946.33,3915.17,19.31,29.23,0.00,36.62
2023-09-18 06:30,-22.08,0.00,3720.33,9643.67,18.73,38.37,0.00,40.83,288.88,-0.11,0.00,66.93,112.02,2090.83,3619.67,361.78,265.53,0.00,74.45
2023-09-18 07:00,-28.57,0.00,3741.67,8767.83,18.84,34.37,0.00,40.00,287.45,112.34,0.00,66.97,249.90,1827.67,3499.17,1619.77,903.63,0.00,31.61
2023-09-18 07:30,-84.58,0.00,3735.17,8027.50,18.51,38.35,0.00,41.00,287.98,158.22,0.00,66.06,23.42,1490.83,3203.50,3097.33,1908.52,0.00,23.80
2023-09-18 08:00,-102.82,-316.40,3667.67,7375.67,19.30,35.28,-0.03,41.50,290.03,8.72,0.00,63.92,54.30,1395.17,2972.50,4185.17,3186.42,0.00,23.76
2023-09-18 08:30,-22.86,-829.72,3651.17,6792.83,19.38,34.70,-0.03,42.00,287.32,15.38,0.00,62.37,115.12,1341.00,2802.67,4730.17,4534.58,0.00,10.52
2023-09-18 09:00,-96.67,-877.15,3587.50,6419.83,19.18,30.22,0.00,42.17,162.25,29.16,0.00,61.78,180.27,1273.33,2527.17,4869.67,5802.92,0.00,-4.38
2023-09-18 09:30,-293.55,-875.28,3635.83,6324.50,19.33,26.82,0.00,41.50,120.17,29.34,0.00,61.21,22.06,1162.50,2258.00,4916.33,6888.33,0.00,27.03
2023-09-18 10:00,-261.85,-876.20,3502.33,6043.50,19.31,24.58,0.00,41.33,119.63,28.94,0.00,59.03,9.33,1099.67,2159.33,4853.00,7758.33,0.00,9.09
2023-09-18 10:30,-149.24,-912.22,3273.17,5914.00,19.10,22.52,0.00,41.83,120.57,0.05,36.00,56.81,51.88,963.62,2353.67,4505.00,8564.92,0.00,0.74
2023-09-18 11:00,-258.57,-918.32,3032.17,5804.33,19.15,27.25,0.01,41.50,119.72,-0.72,71.23,56.66,136.22,893.20,2382.00,4511.83,9193.92,0.00,-18.15
2023-09-18 11:30,-298.60,-916.58,2959.33,5830.00,19.28,22.82,0.01,42.33,120.22,-0.48,71.98,56.44,49.02,804.00,2393.67,4499.67,9671.33,0.00,-21.05
2023-09-18 12:00,-313.65,-914.28,2972.00,5848.00,19.45,24.13,0.01,43.50,120.18,0.41,72.66,56.33,39.82,757.57,2515.83,4455.17,9926.00,0.00,-8.96
2023-09-18 12:30,-164.73,-914.17,3066.67,5919.17,19.44,26.08,0.01,42.67,121.27,-0.13,72.44,56.40,83.20,888.35,2390.33,4576.00,9737.67,0.00,-10.20
2023-09-18 13:00,-131.12,-913.50,3071.33,5938.50,20.15,24.60,0.01,41.67,121.08,0.06,71.81,57.39,214.20,1053.65,2348.17,4535.33,9496.33,0.00,-7.45
2023-09-18 13:30,-146.85,-872.52,3079.83,5996.00,23.27,24.53,0.03,41.50,121.50,-0.83,71.85,58.78,15.63,1269.00,2483.50,4508.83,9260.75,0.00,-10.23
2023-09-18 14:00,-154.18,-678.08,3090.83,6052.00,23.11,27.88,0.05,41.17,145.42,-0.19,72.14,59.29,46.74,1334.50,2567.83,4488.33,8778.33,0.00,-5.41
2023-09-18 14:30,-154.78,-636.60,3249.83,6428.17,23.03,37.05,0.05,42.00,163.73,0.03,71.45,59.04,45.23,1474.00,2551.00,4607.33,8067.58,0.00,16.16
2023-09-18 15:00,-115.02,-239.65,3509.83,6819.33,22.84,36.37,0.05,40.50,195.65,-0.30,70.79,59.34,27.48,1567.83,2428.83,4681.33,7020.33,0.00,41.30
2023-09-18 15:30,-79.70,-238.58,3740.83,7510.50,22.99,37.85,0.05,42.50,304.30,-0.28,72.17,59.46,82.98,1712.00,2207.67,4787.00,5804.83,0.00,48.03
2023-09-18 16:00,-202.85,-198.97,3895.50,8581.17,22.74,42.23,0.05,41.50,350.58,-0.31,59.81,59.44,92.08,1801.00,2074.17,4894.33,4557.17,0.00,42.78
2023-09-18 16:30,-71.98,0.00,3975.83,9940.83,22.65,40.97,0.06,42.17,505.58,43.72,0.00,59.72,54.64,2106.83,1796.33,4191.83,3252.00,0.00,58.19
2023-09-18 17:00,-3.99,0.00,3965.67,10972.33,24.01,40.20,0.08,43.83,718.48,603.25,0.00,59.76,142.16,2950.50,1587.83,2851.17,1958.24,0.00,133.00
2023-09-18 17:30,-8.58,0.00,3951.33,11173.67,24.70,39.90,0.08,64.00,1235.93,1449.33,0.00,60.16,404.83,3878.67,1393.33,1155.87,904.33,0.00,159.90
2023-09-18 18:00,-25.70,0.00,3964.50,11384.83,25.05,45.03,0.05,66.33,1700.67,1567.00,14.49,62.86,476.50,4751.83,1242.33,199.66,260.77,0.00,237.00
2023-09-18 18:30,-9.10,0.00,3962.17,11535.00,21.42,47.68,0.08,66.67,1938.67,1631.33,89.33,62.85,473.18,4669.17,1309.50,17.74,44.56,0.00,242.00
2023-09-18 19:00,-0.95,0.00,3960.17,11647.83,25.01,46.77,0.05,81.17,2063.00,1590.67,82.74,65.17,342.68,4240.50,1423.50,7.81,3.62,0.00,234.20
2023-09-18 19:30,-4.86,0.00,3955.50,11612.00,24.50,45.85,0.03,59.17,2015.67,1434.00,47.88,64.71,97.15,3754.83,1787.83,8.56,0.02,0.00,137.90
2023-09-18 20:00,-22.54,0.00,3970.83,11448.83,23.62,39.00,-0.06,61.83,1803.33,1230.83,54.64,64.99,74.72,3510.00,1966.83,9.39,0.00,0.00,83.82
2023-09-18 20:30,-28.10,0.00,3968.83,11302.67,23.79,39.08,0.01,60.67,1757.33,834.87,48.01,65.46,53.53,3232.33,2222.17,9.72,0.00,0.00,81.91
2023-09-18 21:00,-37.62,0.00,3973.33,11124.17,24.22,37.83,0.01,61.00,1543.17,451.27,31.51,62.75,55.65,2987.83,2658.67,10.16,0.00,0.00,76.99
2023-09-18 21:30,-102.51,0.00,3978.83,10873.67,23.83,39.82,0.01,61.67,1619.33,330.40,0.00,62.29,9.66,2917.00,2629.67,10.79,0.00,0.00,77.52
2023-09-18 22:00,-69.36,0.00,3971.50,10612.17,23.89,38.17,-0.03,61.33,1665.00,192.00,0.00,60.73,19.59,2840.83,2368.00,10.77,0.00,0.00,101.50
2023-09-18 22:30,-67.48,0.00,3969.17,10310.67,23.69,38.33,-0.05,60.33,1519.17,134.27,0.00,63.54,27.52,2935.17,2368.67,10.65,0.00,0.00,107.40
2023-09-18 23:00,-83.25,0.00,3960.83,9982.17,24.04,38.42,0.00,60.50,1322.67,32.25,0.00,66.44,23.72,2701.67,2680.50,10.68,0.00,0.00,98.43
2023-09-18 23:30,-33.99,0.00,3975.67,9910.67,23.91,38.87,-0.02,61.83,1319.00,0.42,0.00,63.58,38.24,2730.33,2493.50,10.64,0.00,0.00,108.60
2023-09-19 00:00,-14.34,0.00,3969.83,9736.83,23.94,39.02,-0.10,62.50,1195.17,0.42,0.00,62.73,83.95,2621.00,2518.00,10.71,0.00,0.00,121.30
2023-09-19 00:30,-46.36,0.00,3956.33,9613.67,24.04,38.68,5.25,66.83,874.90,0.42,0.00,64.65,76.63,2352.67,2761.33,10.77,0.00,0.00,123.90
2023-09-19 01:00,-13.13,0.00,3964.83,9295.83,23.36,38.42,-0.02,70.17,561.93,0.42,0.00,65.92,92.12,2115.00,3300.17,6.10,0.00,0.00,84.87
2023-09-19 01:30,-7.23,0.00,3714.33,9042.00,22.09,36.32,0.83,63.50,488.82,0.42,0.00,65.89,74.83,1766.83,3855.67,5.15,0.00,0.00,44.97
2023-09-19 02:00,-15.86,0.00,3420.33,8766.17,22.06,39.65,1.55,72.67,539.37,0.45,0.00,67.60,12.74,1656.50,4097.67,5.09,0.00,0.00,72.42
2023-09-19 02:30,-19.82,0.00,3242.33,8559.83,22.02,40.57,6.25,57.67,501.02,0.43,0.00,65.32,12.71,1639.17,4152.17,5.18,0.00,0.00,45.21
2023-09-19 03:00,-55.64,0.00,3183.67,8257.83,22.16,43.02,8.98,51.67,586.03,0.43,0.00,65.34,33.23,1542.67,4217.50,5.18,0.00,0.00,101.20
2023-09-19 03:30,-27.95,0.00,3165.17,8140.00,22.22,41.83,-0.05,41.00,532.02,0.42,0.00,64.29,23.05,1483.67,4313.83,5.16,0.00,0.00,56.45
2023-09-19 04:00,-34.93,0.00,3166.17,8094.50,21.92,41.08,-0.03,41.33,509.12,0.43,0.00,65.24,8.10,1486.33,4323.50,5.15,0.00,0.00,53.99
2023-09-19 04:30,-8.77,0.00,3127.50,8189.83,23.12,43.93,-0.07,41.33,474.13,0.42,0.00,66.38,10.42,1567.67,4345.33,5.18,0.00,0.00,30.68
2023-09-19 05:00,-19.70,0.00,3112.67,8388.33,23.87,41.60,-0.03,44.50,476.00,0.43,0.00,66.32,7.38,1615.50,4412.33,5.18,0.00,0.00,20.62
2023-09-19 05:30,-7.69,0.00,3099.00,8792.17,24.75,40.33,-0.05,59.00,470.83,0.42,0.00,66.45,0.71,1807.83,4479.50,5.16,0.87,0.00,23.86
2023-09-19 06:00,-11.11,0.00,3192.83,9197.17,24.65,41.77,-0.10,60.00,470.68,0.43,0.00,66.27,1.00,1938.83,4509.33,15.24,26.08,0.00,31.49
2023-09-19 06:30,-22.17,0.00,3313.33,9453.67,23.02,42.62,-0.05,58.33,470.13,0.43,0.00,65.55,3.06,2015.00,4624.50,308.69,238.12,0.00,54.62
2023-09-19 07:00,-22.52,0.00,3491.83,8785.33,33.03,41.32,0.00,57.83,469.50,0.43,0.00,66.24,35.75,1870.00,4321.67,1541.60,841.73,0.00,39.17
2023-09-19 07:30,-49.63,-133.62,3286.50,7895.17,28.53,-7.27,-0.03,57.00,470.00,0.43,0.00,65.00,7.82,1411.67,4221.00,3189.67,1836.25,0.00,-14.75
2023-09-19 08:00,-61.71,-430.13,3022.83,7220.33,24.39,-7.33,-0.10,59.00,464.53,0.42,0.00,63.27,4.31,1286.00,4274.83,4085.83,3070.42,0.00,11.66
2023-09-19 08:30,-146.72,-679.72,3075.00,6760.83,24.62,2.67,-0.02,43.00,313.97,0.42,0.00,64.20,3.55,1110.78,4121.17,4680.50,4367.17,0.00,22.16
2023-09-19 09:00,-118.40,-677.90,2699.00,6280.67,24.71,10.20,-0.03,57.00,138.75,0.43,0.00,64.27,31.44,810.40,4128.83,4918.00,5757.08,0.00,8.88
2023-09-19 09:30,-99.94,-797.22,2581.50,6064.83,24.21,7.92,-0.05,69.67,117.85,0.42,0.00,64.77,92.97,625.30,4047.33,4793.17,6964.83,0.00,-21.88
2023-09-19 10:00,-157.24,-917.22,2572.17,5833.00,23.79,9.27,-0.10,80.50,118.35,0.43,0.00,64.16,65.91,570.33,3829.00,4808.50,7961.25,0.00,-30.52
2023-09-19 10:30,-356.18,-917.98,2569.33,5718.17,24.25,8.45,-0.05,82.33,118.07,0.42,0.00,64.25,8.67,500.02,3714.00,4972.83,8681.33,0.00,-20.19
2023-09-19 11:00,-414.62,-917.88,2552.33,5622.83,24.09,9.82,0.00,80.17,117.52,0.42,0.00,61.96,0.15,403.93,3706.00,4887.83,9336.92,0.00,-40.69
2023-09-19 11:30,-254.93,-914.40,2571.83,5632.00,24.07,8.07,-0.07,82.67,117.78,0.42,0.00,60.88,0.19,322.78,3494.33,4497.00,9981.08,0.00,-41.75
2023-09-19 12:00,-293.87,-911.57,2587.50,5679.33,24.18,16.62,-0.08,84.17,117.88,0.42,0.00,61.54,1.24,348.13,3472.00,4321.67,10537.33,0.00,-33.87
2023-09-19 12:30,-195.82,-913.55,2571.83,5648.33,24.26,26.08,0.01,82.33,118.35,0.42,0.00,60.46,4.11,353.90,3678.00,4329.00,10623.83,0.00,-36.38
2023-09-19 13:00,-100.66,-903.73,2579.00,5786.00,24.61,23.78,0.00,82.17,117.95,0.42,0.00,58.24,20.26,334.20,3635.67,4291.17,10553.25,0.00,-26.64
2023-09-19 13:30,-95.01,-835.17,2583.17,5961.50,24.58,25.53,0.01,83.33,121.85,0.42,0.00,57.64,58.82,410.77,3815.67,4090.50,10348.83,0.00,70.22
2023-09-19 14:00,-107.81,-677.20,2573.00,6103.67,27.85,24.70,-0.04,82.00,145.87,0.42,0.00,57.51,58.41,429.57,3958.00,4026.33,10001.00,0.00,-24.65