C,NEMP.WORLD,DISPATCHSCADA,AEMO,PUBLIC,2022/10/20,06:20:10,0000000373234374,DISPATCHSCADA,0000000373234368
I,DISPATCH,UNIT_SCADA,1,SETTLEMENTDATE,DUID,SCADAVALUE
D,DISPATCH,UNIT_SCADA,1,"2022/10/20 06:25:00",BARCSF1,1.10
D,DISPATCH,UNIT_SCADA,1,"2022/10/20 06:25:00",BUTLERSG,8.699999
D,DISPATCH,UNIT_SCADA,1,"2022/10/20 06:25:00",CAPTL_WF,40.106079
D,DISPATCH,UNIT_SCADA,1,"2022/10/20 06:25:00",CHALLHWF,17.10
D,DISPATCH,UNIT_SCADA,1,"2022/10/20 06:25:00",CLOVER,13.23
D,DISPATCH,UNIT_SCADA,1,"2022/10/20 06:25:00",CLUNY,6.200503
D,DISPATCH,UNIT_SCADA,1,"2022/10/20 06:25:00",CULLRGWF,-0.02
D,DISPATCH,UNIT_SCADA,1,"2022/10/20 06:25:00",DIAPURWF1,7.30
D,DISPATCH,UNIT_SCADA,1,"2022/10/20 06:25:00",ERGT01,0
D,DISPATCH,UNIT_SCADA,1,"2022/10/20 06:25:00",GB01,0
D,DISPATCH,UNIT_SCADA,1,"2022/10/20 06:25:00",GERMCRK,22.90
D,DISPATCH,UNIT_SCADA,1,"2022/10/20 06:25:00",GRIFSF1,0.700389
D,DISPATCH,UNIT_SCADA,1,"2022/10/20 06:25:00",HEZ1,0
D,DISPATCH,UNIT_SCADA,1,"2022/10/20 06:25:00",HUGSF1,0.2290
D,DISPATCH,UNIT_SCADA,1,"2022/10/20 06:25:00",KEPBG1,0.01
D,DISPATCH,UNIT_SCADA,1,"2022/10/20 06:25:00",LRSF1,0.5390
D,DISPATCH,UNIT_SCADA,1,"2022/10/20 06:25:00",MBAHNTH,47.981247
D,DISPATCH,UNIT_SCADA,1,"2022/10/20 06:25:00",MLSP1,1.415001
D,DISPATCH,UNIT_SCADA,1,"2022/10/20 06:25:00",MLWF1,1.08
D,DISPATCH,UNIT_SCADA,1,"2022/10/20 06:25:00",PALOONA,30.209999
D,DISPATCH,UNIT_SCADA,1,"2022/10/20 06:25:00",PIONEER,42.900002
D,DISPATCH,UNIT_SCADA,1,"2022/10/20 06:25:00",PORTWF,40.299999
D,DISPATCH,UNIT_SCADA,1,"2022/10/20 06:25:00",REPULSE,9.429465
D,DISPATCH,UNIT_SCADA,1,"2022/10/20 06:25:00",ROWALLAN,8.8963
D,DISPATCH,UNIT_SCADA,1,"2022/10/20 06:25:00",ROYALLA1,2.384003
D,DISPATCH,UNIT_SCADA,1,"2022/10/20 06:25:00",RPCG,-1.20
D,DISPATCH,UNIT_SCADA,1,"2022/10/20 06:25:00",RUBICON,0
D,DISPATCH,UNIT_SCADA,1,"2022/10/20 06:25:00",WAUBRAWF,68.9590
D,DISPATCH,UNIT_SCADA,1,"2022/10/20 06:25:00",WOOLNTH1,25.009998
D,DISPATCH,UNIT_SCADA,1,"2022/10/20 06:25:00",YAMBUKWF,5.40
D,DISPATCH,UNIT_SCADA,1,"2022/10/20 06:25:00",YSWF1,0.90
D,DISPATCH,UNIT_SCADA,1,"2022/10/20 06:25:00",ADPBA1G,0.0080
D,DISPATCH,UNIT_SCADA,1,"2022/10/20 06:25:00",ADPBA1L,0
D,DISPATCH,UNIT_SCADA,1,"2022/10/20 06:25:00",ADPPV1,0.7020
D,DISPATCH,UNIT_SCADA,1,"2022/10/20 06:25:00",AGLHAL,0
D,DISPATCH,UNIT_SCADA,1,"2022/10/20 06:25:00",AGLSOM,0
D,DISPATCH,UNIT_SCADA,1,"2022/10/20 06:25:00",ANGAST1,0
D,DISPATCH,UNIT_SCADA,1,"2022/10/20 06:25:00",ARWF1,6.40
D,DISPATCH,UNIT_SCADA,1,"2022/10/20 06:25:00",BALBG1,0
D,DISPATCH,UNIT_SCADA,1,"2022/10/20 06:25:00",BALBL1,0
D,DISPATCH,UNIT_SCADA,1,"2022/10/20 06:25:00",BALDHWF1,0.2370
D,DISPATCH,UNIT_SCADA,1,"2022/10/20 06:25:00",BANGOWF1,56.7953
D,DISPATCH,UNIT_SCADA,1,"2022/10/20 06:25:00",BANGOWF2,60.299610
D,DISPATCH,UNIT_SCADA,1,"2022/10/20 06:25:00",BANN1,1.13
D,DISPATCH,UNIT_SCADA,1,"2022/10/20 06:25:00",BARCALDN,0
D,DISPATCH,UNIT_SCADA,1,"2022/10/20 06:25:00",BARKIPS1,0
D,DISPATCH,UNIT_SCADA,1,"2022/10/20 06:25:00",BARRON-1,28.04
D,DISPATCH,UNIT_SCADA,1,"2022/10/20 06:25:00",BARRON-2,0
D,DISPATCH,UNIT_SCADA,1,"2022/10/20 06:25:00",BASTYAN,68.88
D,DISPATCH,UNIT_SCADA,1,"2022/10/20 06:25:00",BBTHREE1,-1.04
D,DISPATCH,UNIT_SCADA,1,"2022/10/20 06:25:00",BBTHREE2,0
D,DISPATCH,UNIT_SCADA,1,"2022/10/20 06:25:00",BBTHREE3,0
D,DISPATCH,UNIT_SCADA,1,"2022/10/20 06:25:00",BDL01,0
D,DISPATCH,UNIT_SCADA,1,"2022/10/20 06:25:00",BDL02,0
D,DISPATCH,UNIT_SCADA,1,"2022/10/20 06:25:00",BERYLSF1,1.891740
D,DISPATCH,UNIT_SCADA,1,"2022/10/20 06:25:00",BLOWERNG,62.30
D,DISPATCH,UNIT_SCADA,1,"2022/10/20 06:25:00",BLUEGSF1,5.194240
D,DISPATCH,UNIT_SCADA,1,"2022/10/20 06:25:00",BLUFF1,2.50
D,DISPATCH,UNIT_SCADA,1,"2022/10/20 06:25:00",BNGSF1,0
D,DISPATCH,UNIT_SCADA,1,"2022/10/20 06:25:00",BNGSF2,0
D,DISPATCH,UNIT_SCADA,1,"2022/10/20 06:25:00",BOCORWF1,0
D,DISPATCH,UNIT_SCADA,1,"2022/10/20 06:25:00",BODWF1,105.341930
D,DISPATCH,UNIT_SCADA,1,"2022/10/20 06:25:00",BOMENSF1,30.829940
D,DISPATCH,UNIT_SCADA,1,"2022/10/20 06:25:00",BOWWBA1G,0
D,DISPATCH,UNIT_SCADA,1,"2022/10/20 06:25:00",BOWWBA1L,0.0040
D,DISPATCH,UNIT_SCADA,1,"2022/10/20 06:25:00",BOWWPV1,0
D,DISPATCH,UNIT_SCADA,1,"2022/10/20 06:25:00",BRAEMAR1,0
D,DISPATCH,UNIT_SCADA,1,"2022/10/20 06:25:00",BRAEMAR2,0
D,DISPATCH,UNIT_SCADA,1,"2022/10/20 06:25:00",BRAEMAR3,0
D,DISPATCH,UNIT_SCADA,1,"2022/10/20 06:25:00",BRAEMAR5,0.292060
D,DISPATCH,UNIT_SCADA,1,"2022/10/20 06:25:00",BRAEMAR6,0
D,DISPATCH,UNIT_SCADA,1,"2022/10/20 06:25:00",BRAEMAR7,0.130920
D,DISPATCH,UNIT_SCADA,1,"2022/10/20 06:25:00",BROKENH1,0
D,DISPATCH,UNIT_SCADA,1,"2022/10/20 06:25:00",BRYB1WF1,84.623480
D,DISPATCH,UNIT_SCADA,1,"2022/10/20 06:25:00",BULBESG1,13.40
D,DISPATCH,UNIT_SCADA,1,"2022/10/20 06:25:00",BULBESL1,0
D,DISPATCH,UNIT_SCADA,1,"2022/10/20 06:25:00",BULGANA1,58.33
D,DISPATCH,UNIT_SCADA,1,"2022/10/20 06:25:00",BW01,635.495540
D,DISPATCH,UNIT_SCADA,1,"2022/10/20 06:25:00",BW02,616.745240
D,DISPATCH,UNIT_SCADA,1,"2022/10/20 06:25:00",BW03,545.577150
D,DISPATCH,UNIT_SCADA,1,"2022/10/20 06:25:00",BW04,0
D,DISPATCH,UNIT_SCADA,1,"2022/10/20 06:25:00",CALL_B_1,317.800020
D,DISPATCH,UNIT_SCADA,1,"2022/10/20 06:25:00",CALL_B_2,317.800020
D,DISPATCH,UNIT_SCADA,1,"2022/10/20 06:25:00",CATHROCK,6.70
D,DISPATCH,UNIT_SCADA,1,"2022/10/20 06:25:00",CBWWBA1G,0
D,DISPATCH,UNIT_SCADA,1,"2022/10/20 06:25:00",CBWWBA1L,0
D,DISPATCH,UNIT_SCADA,1,"2022/10/20 06:25:00",CETHANA,97.765370
D,DISPATCH,UNIT_SCADA,1,"2022/10/20 06:25:00",CG1,0
D,DISPATCH,UNIT_SCADA,1,"2022/10/20 06:25:00",CG2,0
D,DISPATCH,UNIT_SCADA,1,"2022/10/20 06:25:00",CG3,0
D,DISPATCH,UNIT_SCADA,1,"2022/10/20 06:25:00",CG4,0
D,DISPATCH,UNIT_SCADA,1,"2022/10/20 06:25:00",CHILDSF1,0.52
D,DISPATCH,UNIT_SCADA,1,"2022/10/20 06:25:00",CHYTWF1,7.22
D,DISPATCH,UNIT_SCADA,1,"2022/10/20 06:25:00",CLARESF1,0
D,DISPATCH,UNIT_SCADA,1,"2022/10/20 06:25:00",CLEMGPWF,3.097510
D,DISPATCH,UNIT_SCADA,1,"2022/10/20 06:25:00",CLERMSF1,0
D,DISPATCH,UNIT_SCADA,1,"2022/10/20 06:25:00",CNUNDAWF,15.417990
D,DISPATCH,UNIT_SCADA,1,"2022/10/20 06:25:00",COHUNSF1,0.71
D,DISPATCH,UNIT_SCADA,1,"2022/10/20 06:25:00",COLEASF1,4.1989
D,DISPATCH,UNIT_SCADA,1,"2022/10/20 06:25:00",COLUMSF1,2.9110
D,DISPATCH,UNIT_SCADA,1,"2022/10/20 06:25:00",COLWF01,86.356910
D,DISPATCH,UNIT_SCADA,1,"2022/10/20 06:25:00",COOPGWF1,363.260010
D,DISPATCH,UNIT_SCADA,1,"2022/10/20 06:25:00",CPP_3,359.149990
D,DISPATCH,UNIT_SCADA,1,"2022/10/20 06:25:00",CPP_4,0
D,DISPATCH,UNIT_SCADA,1,"2022/10/20 06:25:00",CPSA,0
D,DISPATCH,UNIT_SCADA,1,"2022/10/20 06:25:00",CROOKWF2,42.244910
D,DISPATCH,UNIT_SCADA,1,"2022/10/20 06:25:00",CROWLWF1,43.509760
D,DISPATCH,UNIT_SCADA,1,"2022/10/20 06:25:00",CRURWF1,79.999470
D,DISPATCH,UNIT_SCADA,1,"2022/10/20 06:25:00",CRWASF1,8.8960
D,DISPATCH,UNIT_SCADA,1,"2022/10/20 06:25:00",CSPVPS1,1.5290
D,DISPATCH,UNIT_SCADA,1,"2022/10/20 06:25:00",CTHLWF1,0.003050
D,DISPATCH,UNIT_SCADA,1,"2022/10/20 06:25:00",DALNTH01,0
D,DISPATCH,UNIT_SCADA,1,"2022/10/20 06:25:00",DALNTHL1,6.016620
D,DISPATCH,UNIT_SCADA,1,"2022/10/20 06:25:00",DARLSF1,10.345430
D,DISPATCH,UNIT_SCADA,1,"2022/10/20 06:25:00",DARTM1,0
D,DISPATCH,UNIT_SCADA,1,"2022/10/20 06:25:00",DAYDSF1,0
D,DISPATCH,UNIT_SCADA,1,"2022/10/20 06:25:00",DDPS1,0
D,DISPATCH,UNIT_SCADA,1,"2022/10/20 06:25:00",DDSF1,0.454420
D,DISPATCH,UNIT_SCADA,1,"2022/10/20 06:25:00",DEVILS_G,59.371930
D,DISPATCH,UNIT_SCADA,1,"2022/10/20 06:25:00",DG_NSW1,0
D,DISPATCH,UNIT_SCADA,1,"2022/10/20 06:25:00",DG_QLD1,0
D,DISPATCH,UNIT_SCADA,1,"2022/10/20 06:25:00",DG_SA1,0
D,DISPATCH,UNIT_SCADA,1,"2022/10/20 06:25:00",DG_TAS1,0
D,DISPATCH,UNIT_SCADA,1,"2022/10/20 06:25:00",DG_VIC1,0
D,DISPATCH,UNIT_SCADA,1,"2022/10/20 06:25:00",DRYCGT1,0
D,DISPATCH,UNIT_SCADA,1,"2022/10/20 06:25:00",DRYCGT2,0
D,DISPATCH,UNIT_SCADA,1,"2022/10/20 06:25:00",DRYCGT3,0
D,DISPATCH,UNIT_SCADA,1,"2022/10/20 06:25:00",DUNDWF1,44.52
D,DISPATCH,UNIT_SCADA,1,"2022/10/20 06:25:00",DUNDWF2,15.63
D,DISPATCH,UNIT_SCADA,1,"2022/10/20 06:25:00",DUNDWF3,28.02
D,DISPATCH,UNIT_SCADA,1,"2022/10/20 06:25:00",EILDON1,59.72
D,DISPATCH,UNIT_SCADA,1,"2022/10/20 06:25:00",EILDON2,59.92
D,DISPATCH,UNIT_SCADA,1,"2022/10/20 06:25:00",ELAINWF1,22.74
D,DISPATCH,UNIT_SCADA,1,"2022/10/20 06:25:00",EMERASF1,0
D,DISPATCH,UNIT_SCADA,1,"2022/10/20 06:25:00",ER01,0
D,DISPATCH,UNIT_SCADA,1,"2022/10/20 06:25:00",ER02,678.660280
D,DISPATCH,UNIT_SCADA,1,"2022/10/20 06:25:00",ER03,676.047910
D,DISPATCH,UNIT_SCADA,1,"2022/10/20 06:25:00",ER04,687.718020
D,DISPATCH,UNIT_SCADA,1,"2022/10/20 06:25:00",FINLYSF1,32.199590
D,DISPATCH,UNIT_SCADA,1,"2022/10/20 06:25:00",FISHER,45.80
D,DISPATCH,UNIT_SCADA,1,"2022/10/20 06:25:00",GANGARR1,3.7070
D,DISPATCH,UNIT_SCADA,1,"2022/10/20 06:25:00",GANNBG1,14.451570
D,DISPATCH,UNIT_SCADA,1,"2022/10/20 06:25:00",GANNBL1,0
D,DISPATCH,UNIT_SCADA,1,"2022/10/20 06:25:00",GANNSF1,7.80
D,DISPATCH,UNIT_SCADA,1,"2022/10/20 06:25:00",GLRWNSF1,25.83
D,DISPATCH,UNIT_SCADA,1,"2022/10/20 06:25:00",GNNDHSF1,7.918290
D,DISPATCH,UNIT_SCADA,1,"2022/10/20 06:25:00",GOONSF1,0.963150
D,DISPATCH,UNIT_SCADA,1,"2022/10/20 06:25:00",GORDON,266.462950
D,DISPATCH,UNIT_SCADA,1,"2022/10/20 06:25:00",GRANWF1,12.24
D,DISPATCH,UNIT_SCADA,1,"2022/10/20 06:25:00",GSTONE1,200.55
D,DISPATCH,UNIT_SCADA,1,"2022/10/20 06:25:00",GSTONE2,0
D,DISPATCH,UNIT_SCADA,1,"2022/10/20 06:25:00",GSTONE3,199.849990
D,DISPATCH,UNIT_SCADA,1,"2022/10/20 06:25:00",GSTONE4,0
D,DISPATCH,UNIT_SCADA,1,"2022/10/20 06:25:00",GSTONE5,200.024990
D,DISPATCH,UNIT_SCADA,1,"2022/10/20 06:25:00",GSTONE6,200.20
D,DISPATCH,UNIT_SCADA,1,"2022/10/20 06:25:00",GULLRSF1,0
D,DISPATCH,UNIT_SCADA,1,"2022/10/20 06:25:00",GULLRWF1,81.643760
D,DISPATCH,UNIT_SCADA,1,"2022/10/20 06:25:00",GULLRWF2,103.677850
D,DISPATCH,UNIT_SCADA,1,"2022/10/20 06:25:00",GUNNING1,0
D,DISPATCH,UNIT_SCADA,1,"2022/10/20 06:25:00",GUTHEGA,67.100010
D,DISPATCH,UNIT_SCADA,1,"2022/10/20 06:25:00",HALLWF1,71.34
D,DISPATCH,UNIT_SCADA,1,"2022/10/20 06:25:00",HALLWF2,50.61
D,DISPATCH,UNIT_SCADA,1,"2022/10/20 06:25:00",HAMISF1,0
D,DISPATCH,UNIT_SCADA,1,"2022/10/20 06:25:00",HAUGHT11,6.759170
D,DISPATCH,UNIT_SCADA,1,"2022/10/20 06:25:00",HAYMSF1,0
D,DISPATCH,UNIT_SCADA,1,"2022/10/20 06:25:00",HDWF1,36.60
D,DISPATCH,UNIT_SCADA,1,"2022/10/20 06:25:00",HDWF2,20
D,DISPATCH,UNIT_SCADA,1,"2022/10/20 06:25:00",HDWF3,24.30
D,DISPATCH,UNIT_SCADA,1,"2022/10/20 06:25:00",HILLSTN1,1.007010
D,DISPATCH,UNIT_SCADA,1,"2022/10/20 06:25:00",HPRG1,0
D,DISPATCH,UNIT_SCADA,1,"2022/10/20 06:25:00",HPRL1,5.60
D,DISPATCH,UNIT_SCADA,1,"2022/10/20 06:25:00",HUMENSW,55.1643
D,DISPATCH,UNIT_SCADA,1,"2022/10/20 06:25:00",HUMEV,0
D,DISPATCH,UNIT_SCADA,1,"2022/10/20 06:25:00",HVWWBA1G,0
D,DISPATCH,UNIT_SCADA,1,"2022/10/20 06:25:00",HVWWBA1L,0.0060
D,DISPATCH,UNIT_SCADA,1,"2022/10/20 06:25:00",HVWWPV1,0.3550
D,DISPATCH,UNIT_SCADA,1,"2022/10/20 06:25:00",JBUTTERS,0
D,DISPATCH,UNIT_SCADA,1,"2022/10/20 06:25:00",JEMALNG1,0
D,DISPATCH,UNIT_SCADA,1,"2022/10/20 06:25:00",JLA01,0
D,DISPATCH,UNIT_SCADA,1,"2022/10/20 06:25:00",JLA02,0
D,DISPATCH,UNIT_SCADA,1,"2022/10/20 06:25:00",JLA03,0
D,DISPATCH,UNIT_SCADA,1,"2022/10/20 06:25:00",JLA04,0
D,DISPATCH,UNIT_SCADA,1,"2022/10/20 06:25:00",JLB01,0
D,DISPATCH,UNIT_SCADA,1,"2022/10/20 06:25:00",JLB02,0.10
D,DISPATCH,UNIT_SCADA,1,"2022/10/20 06:25:00",JLB03,0
D,DISPATCH,UNIT_SCADA,1,"2022/10/20 06:25:00",JUNEESF1,9.289220
D,DISPATCH,UNIT_SCADA,1,"2022/10/20 06:25:00",KABANWF1,1.3620
D,DISPATCH,UNIT_SCADA,1,"2022/10/20 06:25:00",KAREEYA1,17.8450
D,DISPATCH,UNIT_SCADA,1,"2022/10/20 06:25:00",KAREEYA2,0
D,DISPATCH,UNIT_SCADA,1,"2022/10/20 06:25:00",KAREEYA3,21.2825
D,DISPATCH,UNIT_SCADA,1,"2022/10/20 06:25:00",KAREEYA4,0
D,DISPATCH,UNIT_SCADA,1,"2022/10/20 06:25:00",KARSF1,2.90
D,DISPATCH,UNIT_SCADA,1,"2022/10/20 06:25:00",KEPSF1,0
D,DISPATCH,UNIT_SCADA,1,"2022/10/20 06:25:00",KEPWF1,0
D,DISPATCH,UNIT_SCADA,1,"2022/10/20 06:25:00",KIAMSF1,2.330820
D,DISPATCH,UNIT_SCADA,1,"2022/10/20 06:25:00",KIATAWF1,30.90
D,DISPATCH,UNIT_SCADA,1,"2022/10/20 06:25:00",KPP_1,0
D,DISPATCH,UNIT_SCADA,1,"2022/10/20 06:25:00",KSP1,1.28
D,DISPATCH,UNIT_SCADA,1,"2022/10/20 06:25:00",LADBROK1,0.02
D,DISPATCH,UNIT_SCADA,1,"2022/10/20 06:25:00",LADBROK2,37.61
D,DISPATCH,UNIT_SCADA,1,"2022/10/20 06:25:00",LBBG1,0
D,DISPATCH,UNIT_SCADA,1,"2022/10/20 06:25:00",LBBL1,0.15
D,DISPATCH,UNIT_SCADA,1,"2022/10/20 06:25:00",LD01,312.112790
D,DISPATCH,UNIT_SCADA,1,"2022/10/20 06:25:00",LD02,0
D,DISPATCH,UNIT_SCADA,1,"2022/10/20 06:25:00",LD04,314.053770
D,DISPATCH,UNIT_SCADA,1,"2022/10/20 06:25:00",LEM_WIL,86.641720
D,DISPATCH,UNIT_SCADA,1,"2022/10/20 06:25:00",LGAPWF1,94.41
D,DISPATCH,UNIT_SCADA,1,"2022/10/20 06:25:00",LGAPWF2,61.10
D,DISPATCH,UNIT_SCADA,1,"2022/10/20 06:25:00",LILYSF1,0
D,DISPATCH,UNIT_SCADA,1,"2022/10/20 06:25:00",LIMOSF11,11.878690
D,DISPATCH,UNIT_SCADA,1,"2022/10/20 06:25:00",LIMOSF21,1.2293
D,DISPATCH,UNIT_SCADA,1,"2022/10/20 06:25:00",LI_WY_CA,76.370010
D,DISPATCH,UNIT_SCADA,1,"2022/10/20 06:25:00",LKBONNY1,0
D,DISPATCH,UNIT_SCADA,1,"2022/10/20 06:25:00",LKBONNY2,28.762870
D,DISPATCH,UNIT_SCADA,1,"2022/10/20 06:25:00",LKBONNY3,7.703450
D,DISPATCH,UNIT_SCADA,1,"2022/10/20 06:25:00",LK_ECHO,0
D,DISPATCH,UNIT_SCADA,1,"2022/10/20 06:25:00",LNGS1,0
D,DISPATCH,UNIT_SCADA,1,"2022/10/20 06:25:00",LNGS2,0
D,DISPATCH,UNIT_SCADA,1,"2022/10/20 06:25:00",LONSDALE,0
D,DISPATCH,UNIT_SCADA,1,"2022/10/20 06:25:00",LOYYB1,578.194950
D,DISPATCH,UNIT_SCADA,1,"2022/10/20 06:25:00",LOYYB2,571.803770
D,DISPATCH,UNIT_SCADA,1,"2022/10/20 06:25:00",LYA1,552
D,DISPATCH,UNIT_SCADA,1,"2022/10/20 06:25:00",LYA2,0
D,DISPATCH,UNIT_SCADA,1,"2022/10/20 06:25:00",LYA3,552
D,DISPATCH,UNIT_SCADA,1,"2022/10/20 06:25:00",LYA4,551
D,DISPATCH,UNIT_SCADA,1,"2022/10/20 06:25:00",MACARTH1,45.898940
D,DISPATCH,UNIT_SCADA,1,"2022/10/20 06:25:00",MACKNTSH,0
D,DISPATCH,UNIT_SCADA,1,"2022/10/20 06:25:00",MANSLR1,0
D,DISPATCH,UNIT_SCADA,1,"2022/10/20 06:25:00",MAPS2PV1,0
D,DISPATCH,UNIT_SCADA,1,"2022/10/20 06:25:00",MAPS3PV1,0
D,DISPATCH,UNIT_SCADA,1,"2022/10/20 06:25:00",MARYRSF1,1.57
D,DISPATCH,UNIT_SCADA,1,"2022/10/20 06:25:00",MBPS2PV1,0
D,DISPATCH,UNIT_SCADA,1,"2022/10/20 06:25:00",MCKAY1,238.554990
D,DISPATCH,UNIT_SCADA,1,"2022/10/20 06:25:00",MEADOWBK,19.8631
D,DISPATCH,UNIT_SCADA,1,"2022/10/20 06:25:00",MERCER01,23.10
D,DISPATCH,UNIT_SCADA,1,"2022/10/20 06:25:00",METZSF1,31.9889
D,DISPATCH,UNIT_SCADA,1,"2022/10/20 06:25:00",MEWF1,0.233170
D,DISPATCH,UNIT_SCADA,1,"2022/10/20 06:25:00",MIDDLSF1,1.20
D,DISPATCH,UNIT_SCADA,1,"2022/10/20 06:25:00",MINTARO,0.128180
D,DISPATCH,UNIT_SCADA,1,"2022/10/20 06:25:00",MOLNGSF1,0
D,DISPATCH,UNIT_SCADA,1,"2022/10/20 06:25:00",MOORAWF1,30.70
D,DISPATCH,UNIT_SCADA,1,"2022/10/20 06:25:00",MOREESF1,0.8240
D,DISPATCH,UNIT_SCADA,1,"2022/10/20 06:25:00",MORTLK11,0
D,DISPATCH,UNIT_SCADA,1,"2022/10/20 06:25:00",MORTLK12,0
D,DISPATCH,UNIT_SCADA,1,"2022/10/20 06:25:00",MOUSF1,0
D,DISPATCH,UNIT_SCADA,1,"2022/10/20 06:25:00",MP1,0
D,DISPATCH,UNIT_SCADA,1,"2022/10/20 06:25:00",MP2,546.504940
D,DISPATCH,UNIT_SCADA,1,"2022/10/20 06:25:00",MPP_1,179.189960
D,DISPATCH,UNIT_SCADA,1,"2022/10/20 06:25:00",MPP_2,0
D,DISPATCH,UNIT_SCADA,1,"2022/10/20 06:25:00",MRTLSWF1,0
D,DISPATCH,UNIT_SCADA,1,"2022/10/20 06:25:00",MSTUART1,0
D,DISPATCH,UNIT_SCADA,1,"2022/10/20 06:25:00",MSTUART2,0
D,DISPATCH,UNIT_SCADA,1,"2022/10/20 06:25:00",MSTUART3,0
D,DISPATCH,UNIT_SCADA,1,"2022/10/20 06:25:00",MTGELWF1,26.8334
D,DISPATCH,UNIT_SCADA,1,"2022/10/20 06:25:00",MTMILLAR,12.40
D,DISPATCH,UNIT_SCADA,1,"2022/10/20 06:25:00",MURRAY,206.100010
D,DISPATCH,UNIT_SCADA,1,"2022/10/20 06:25:00",MUSSELR1,11.40
D,DISPATCH,UNIT_SCADA,1,"2022/10/20 06:25:00",MUWAWF1,181.710010
D,DISPATCH,UNIT_SCADA,1,"2022/10/20 06:25:00",MUWAWF2,176.899990
D,DISPATCH,UNIT_SCADA,1,"2022/10/20 06:25:00",MWPS1PV1,0.04
D,DISPATCH,UNIT_SCADA,1,"2022/10/20 06:25:00",MWPS2PV1,0.09
D,DISPATCH,UNIT_SCADA,1,"2022/10/20 06:25:00",MWPS3PV1,0
D,DISPATCH,UNIT_SCADA,1,"2022/10/20 06:25:00",MWPS4PV1,0.05
D,DISPATCH,UNIT_SCADA,1,"2022/10/20 06:25:00",NBHWF1,101.40
D,DISPATCH,UNIT_SCADA,1,"2022/10/20 06:25:00",NEVERSF1,1.32
D,DISPATCH,UNIT_SCADA,1,"2022/10/20 06:25:00",NPS,0
D,DISPATCH,UNIT_SCADA,1,"2022/10/20 06:25:00",NUMURSF1,32.85
D,DISPATCH,UNIT_SCADA,1,"2022/10/20 06:25:00",NYNGAN1,0
D,DISPATCH,UNIT_SCADA,1,"2022/10/20 06:25:00",OAKEY1,0
D,DISPATCH,UNIT_SCADA,1,"2022/10/20 06:25:00",OAKEY1SF,1.41
D,DISPATCH,UNIT_SCADA,1,"2022/10/20 06:25:00",OAKEY2,0
D,DISPATCH,UNIT_SCADA,1,"2022/10/20 06:25:00",OAKEY2SF,2.66
D,DISPATCH,UNIT_SCADA,1,"2022/10/20 06:25:00",OAKLAND1,27.80
D,DISPATCH,UNIT_SCADA,1,"2022/10/20 06:25:00",OSB-AG,0
D,DISPATCH,UNIT_SCADA,1,"2022/10/20 06:25:00",PAREPS1,0.0660
D,DISPATCH,UNIT_SCADA,1,"2022/10/20 06:25:00",PAREPW1,86.93
D,DISPATCH,UNIT_SCADA,1,"2022/10/20 06:25:00",PARSF1,0.8011
D,DISPATCH,UNIT_SCADA,1,"2022/10/20 06:25:00",POAT110,0
D,DISPATCH,UNIT_SCADA,1,"2022/10/20 06:25:00",POAT220,0
D,DISPATCH,UNIT_SCADA,1,"2022/10/20 06:25:00",POR01,0
D,DISPATCH,UNIT_SCADA,1,"2022/10/20 06:25:00",POR03,0
D,DISPATCH,UNIT_SCADA,1,"2022/10/20 06:25:00",PPCCGT,172.209920
D,DISPATCH,UNIT_SCADA,1,"2022/10/20 06:25:00",PTSTAN1,0
D,DISPATCH,UNIT_SCADA,1,"2022/10/20 06:25:00",PUMP1,0
D,DISPATCH,UNIT_SCADA,1,"2022/10/20 06:25:00",PUMP2,0
D,DISPATCH,UNIT_SCADA,1,"2022/10/20 06:25:00",QBYNBG1,0
D,DISPATCH,UNIT_SCADA,1,"2022/10/20 06:25:00",QBYNBL1,0.0075
D,DISPATCH,UNIT_SCADA,1,"2022/10/20 06:25:00",QPS1,0
D,DISPATCH,UNIT_SCADA,1,"2022/10/20 06:25:00",QPS2,0
D,DISPATCH,UNIT_SCADA,1,"2022/10/20 06:25:00",QPS3,0
D,DISPATCH,UNIT_SCADA,1,"2022/10/20 06:25:00",QPS4,0
D,DISPATCH,UNIT_SCADA,1,"2022/10/20 06:25:00",QPS5,74.43
D,DISPATCH,UNIT_SCADA,1,"2022/10/20 06:25:00",REECE1,43.823240
D,DISPATCH,UNIT_SCADA,1,"2022/10/20 06:25:00",REECE2,88.45
D,DISPATCH,UNIT_SCADA,1,"2022/10/20 06:25:00",ROMA_7,0
D,DISPATCH,UNIT_SCADA,1,"2022/10/20 06:25:00",ROMA_8,0
D,DISPATCH,UNIT_SCADA,1,"2022/10/20 06:25:00",RRSF1,8.763530
D,DISPATCH,UNIT_SCADA,1,"2022/10/20 06:25:00",RT_NSW1,0
D,DISPATCH,UNIT_SCADA,1,"2022/10/20 06:25:00",RT_NSW2,0
D,DISPATCH,UNIT_SCADA,1,"2022/10/20 06:25:00",RT_NSW3,0
D,DISPATCH,UNIT_SCADA,1,"2022/10/20 06:25:00",RT_NSW4,0
D,DISPATCH,UNIT_SCADA,1,"2022/10/20 06:25:00",RT_NSW5,0
D,DISPATCH,UNIT_SCADA,1,"2022/10/20 06:25:00",RT_NSW6,0
D,DISPATCH,UNIT_SCADA,1,"2022/10/20 06:25:00",RT_QLD1,0
D,DISPATCH,UNIT_SCADA,1,"2022/10/20 06:25:00",RT_SA1,0
D,DISPATCH,UNIT_SCADA,1,"2022/10/20 06:25:00",RT_SA2,0
D,DISPATCH,UNIT_SCADA,1,"2022/10/20 06:25:00",RT_SA3,0
D,DISPATCH,UNIT_SCADA,1,"2022/10/20 06:25:00",RT_SA4,0
D,DISPATCH,UNIT_SCADA,1,"2022/10/20 06:25:00",RT_SA5,0
D,DISPATCH,UNIT_SCADA,1,"2022/10/20 06:25:00",RT_SA6,0
D,DISPATCH,UNIT_SCADA,1,"2022/10/20 06:25:00",RT_TAS1,0
D,DISPATCH,UNIT_SCADA,1,"2022/10/20 06:25:00",RT_VIC1,0
D,DISPATCH,UNIT_SCADA,1,"2022/10/20 06:25:00",RT_VIC10,0
D,DISPATCH,UNIT_SCADA,1,"2022/10/20 06:25:00",RT_VIC11,0
D,DISPATCH,UNIT_SCADA,1,"2022/10/20 06:25:00",RT_VIC12,0
D,DISPATCH,UNIT_SCADA,1,"2022/10/20 06:25:00",RT_VIC2,0
D,DISPATCH,UNIT_SCADA,1,"2022/10/20 06:25:00",RT_VIC3,0
D,DISPATCH,UNIT_SCADA,1,"2022/10/20 06:25:00",RT_VIC4,0
D,DISPATCH,UNIT_SCADA,1,"2022/10/20 06:25:00",RT_VIC5,0
D,DISPATCH,UNIT_SCADA,1,"2022/10/20 06:25:00",RT_VIC6,0
D,DISPATCH,UNIT_SCADA,1,"2022/10/20 06:25:00",RT_VIC7,0
D,DISPATCH,UNIT_SCADA,1,"2022/10/20 06:25:00",RT_VIC8,0
D,DISPATCH,UNIT_SCADA,1,"2022/10/20 06:25:00",RT_VIC9,0
D,DISPATCH,UNIT_SCADA,1,"2022/10/20 06:25:00",RUGBYR1,3.066370
D,DISPATCH,UNIT_SCADA,1,"2022/10/20 06:25:00",SALTCRK1,11.48
D,DISPATCH,UNIT_SCADA,1,"2022/10/20 06:25:00",SAPHWF1,233.916230
D,DISPATCH,UNIT_SCADA,1,"2022/10/20 06:25:00",SEBSF1,13.591850
D,DISPATCH,UNIT_SCADA,1,"2022/10/20 06:25:00",SHGEN,0
D,DISPATCH,UNIT_SCADA,1,"2022/10/20 06:25:00",SHPUMP,0
D,DISPATCH,UNIT_SCADA,1,"2022/10/20 06:25:00",SITHE01,0.123710
D,DISPATCH,UNIT_SCADA,1,"2022/10/20 06:25:00",SMCSF1,7.4450
D,DISPATCH,UNIT_SCADA,1,"2022/10/20 06:25:00",SNAPPER1,0
D,DISPATCH,UNIT_SCADA,1,"2022/10/20 06:25:00",SNOWNTH1,127.70
D,DISPATCH,UNIT_SCADA,1,"2022/10/20 06:25:00",SNOWSTH1,121.30
D,DISPATCH,UNIT_SCADA,1,"2022/10/20 06:25:00",SNOWTWN1,80.275850
D,DISPATCH,UNIT_SCADA,1,"2022/10/20 06:25:00",SNOWYP,0
D,DISPATCH,UNIT_SCADA,1,"2022/10/20 06:25:00",SNUG1,0
D,DISPATCH,UNIT_SCADA,1,"2022/10/20 06:25:00",SRSF1,2.62
D,DISPATCH,UNIT_SCADA,1,"2022/10/20 06:25:00",STAN-1,276.121060
D,DISPATCH,UNIT_SCADA,1,"2022/10/20 06:25:00",STAN-2,362.679660
D,DISPATCH,UNIT_SCADA,1,"2022/10/20 06:25:00",STAN-3,217.402710
D,DISPATCH,UNIT_SCADA,1,"2022/10/20 06:25:00",STAN-4,362.628390
D,DISPATCH,UNIT_SCADA,1,"2022/10/20 06:25:00",STARHLWF,2.3993
D,DISPATCH,UNIT_SCADA,1,"2022/10/20 06:25:00",STOCKYD1,246.570010
D,DISPATCH,UNIT_SCADA,1,"2022/10/20 06:25:00",STWF1,47.093610
D,DISPATCH,UNIT_SCADA,1,"2022/10/20 06:25:00",SUNRSF1,5.690090
D,DISPATCH,UNIT_SCADA,1,"2022/10/20 06:25:00",SUNTPSF1,2.764320
D,DISPATCH,UNIT_SCADA,1,"2022/10/20 06:25:00",SWAN_E,242.059390
D,DISPATCH,UNIT_SCADA,1,"2022/10/20 06:25:00",TALWA1,0
D,DISPATCH,UNIT_SCADA,1,"2022/10/20 06:25:00",TARALGA1,0
D,DISPATCH,UNIT_SCADA,1,"2022/10/20 06:25:00",TARONG#1,348.200010
D,DISPATCH,UNIT_SCADA,1,"2022/10/20 06:25:00",TARONG#2,347.800020
D,DISPATCH,UNIT_SCADA,1,"2022/10/20 06:25:00",TARONG#3,0.90
D,DISPATCH,UNIT_SCADA,1,"2022/10/20 06:25:00",TARONG#4,293
D,DISPATCH,UNIT_SCADA,1,"2022/10/20 06:25:00",TARRALEA,54
D,DISPATCH,UNIT_SCADA,1,"2022/10/20 06:25:00",TBSF1,0.90
D,DISPATCH,UNIT_SCADA,1,"2022/10/20 06:25:00",TNPS1,440.3125
D,DISPATCH,UNIT_SCADA,1,"2022/10/20 06:25:00",TORRB1,0
D,DISPATCH,UNIT_SCADA,1,"2022/10/20 06:25:00",TORRB2,40
D,DISPATCH,UNIT_SCADA,1,"2022/10/20 06:25:00",TORRB3,0
D,DISPATCH,UNIT_SCADA,1,"2022/10/20 06:25:00",TORRB4,0
D,DISPATCH,UNIT_SCADA,1,"2022/10/20 06:25:00",TREVALLN,98.838630
D,DISPATCH,UNIT_SCADA,1,"2022/10/20 06:25:00",TRIBUTE,0
D,DISPATCH,UNIT_SCADA,1,"2022/10/20 06:25:00",TUMUT3,0
D,DISPATCH,UNIT_SCADA,1,"2022/10/20 06:25:00",TUNGATIN,4.140020
D,DISPATCH,UNIT_SCADA,1,"2022/10/20 06:25:00",TVCC201,0
D,DISPATCH,UNIT_SCADA,1,"2022/10/20 06:25:00",TVPP104,23.638560
D,DISPATCH,UNIT_SCADA,1,"2022/10/20 06:25:00",UPPTUMUT,0
D,DISPATCH,UNIT_SCADA,1,"2022/10/20 06:25:00",URANQ11,0
D,DISPATCH,UNIT_SCADA,1,"2022/10/20 06:25:00",URANQ12,0
D,DISPATCH,UNIT_SCADA,1,"2022/10/20 06:25:00",URANQ13,0
D,DISPATCH,UNIT_SCADA,1,"2022/10/20 06:25:00",URANQ14,0
D,DISPATCH,UNIT_SCADA,1,"2022/10/20 06:25:00",VBBG1,230.30
D,DISPATCH,UNIT_SCADA,1,"2022/10/20 06:25:00",VBBL1,0
D,DISPATCH,UNIT_SCADA,1,"2022/10/20 06:25:00",VP5,602.606260
D,DISPATCH,UNIT_SCADA,1,"2022/10/20 06:25:00",VP6,601.165830
D,DISPATCH,UNIT_SCADA,1,"2022/10/20 06:25:00",VPGS1,0
D,DISPATCH,UNIT_SCADA,1,"2022/10/20 06:25:00",VPGS2,0
D,DISPATCH,UNIT_SCADA,1,"2022/10/20 06:25:00",VPGS3,0
D,DISPATCH,UNIT_SCADA,1,"2022/10/20 06:25:00",VPGS4,0
D,DISPATCH,UNIT_SCADA,1,"2022/10/20 06:25:00",VPGS5,0
D,DISPATCH,UNIT_SCADA,1,"2022/10/20 06:25:00",VPGS6,0
D,DISPATCH,UNIT_SCADA,1,"2022/10/20 06:25:00",W/HOE#1,0
D,DISPATCH,UNIT_SCADA,1,"2022/10/20 06:25:00",W/HOE#2,0
D,DISPATCH,UNIT_SCADA,1,"2022/10/20 06:25:00",WAGGNSF1,0
D,DISPATCH,UNIT_SCADA,1,"2022/10/20 06:25:00",WALGRVG1,0.000930
D,DISPATCH,UNIT_SCADA,1,"2022/10/20 06:25:00",WALGRVL1,0
D,DISPATCH,UNIT_SCADA,1,"2022/10/20 06:25:00",WANDBG1,0
D,DISPATCH,UNIT_SCADA,1,"2022/10/20 06:25:00",WANDBL1,0.842610
D,DISPATCH,UNIT_SCADA,1,"2022/10/20 06:25:00",WARWSF1,1.58
D,DISPATCH,UNIT_SCADA,1,"2022/10/20 06:25:00",WARWSF2,1.51
D,DISPATCH,UNIT_SCADA,1,"2022/10/20 06:25:00",WATERLWF,67.20
D,DISPATCH,UNIT_SCADA,1,"2022/10/20 06:25:00",WDGPH1,4.3510
D,DISPATCH,UNIT_SCADA,1,"2022/10/20 06:25:00",WELLSF1,5.185020
D,DISPATCH,UNIT_SCADA,1,"2022/10/20 06:25:00",WEMENSF1,0.80
D,DISPATCH,UNIT_SCADA,1,"2022/10/20 06:25:00",WGWF1,117.60
D,DISPATCH,UNIT_SCADA,1,"2022/10/20 06:25:00",WHITSF1,0
D,DISPATCH,UNIT_SCADA,1,"2022/10/20 06:25:00",WINTSF1,16.20
D,DISPATCH,UNIT_SCADA,1,"2022/10/20 06:25:00",WKIEWA1,33.70
D,DISPATCH,UNIT_SCADA,1,"2022/10/20 06:25:00",WKIEWA2,33.80
D,DISPATCH,UNIT_SCADA,1,"2022/10/20 06:25:00",WOODLWN1,28.419870
D,DISPATCH,UNIT_SCADA,1,"2022/10/20 06:25:00",WOOLGSF1,3.2759
D,DISPATCH,UNIT_SCADA,1,"2022/10/20 06:25:00",WPWF,52.25
D,DISPATCH,UNIT_SCADA,1,"2022/10/20 06:25:00",WRSF1,1.140170
D,DISPATCH,UNIT_SCADA,1,"2022/10/20 06:25:00",WRWF1,72.738530
D,DISPATCH,UNIT_SCADA,1,"2022/10/20 06:25:00",WSTWYSF1,0
D,DISPATCH,UNIT_SCADA,1,"2022/10/20 06:25:00",YABULU,0
D,DISPATCH,UNIT_SCADA,1,"2022/10/20 06:25:00",YABULU2,0
D,DISPATCH,UNIT_SCADA,1,"2022/10/20 06:25:00",YARANSF1,5.04
D,DISPATCH,UNIT_SCADA,1,"2022/10/20 06:25:00",YARWUN_1,129.75
D,DISPATCH,UNIT_SCADA,1,"2022/10/20 06:25:00",YATSF1,1.92
D,DISPATCH,UNIT_SCADA,1,"2022/10/20 06:25:00",YENDWF1,39.65
D,DISPATCH,UNIT_SCADA,1,"2022/10/20 06:25:00",YWPS1,365.6633
D,DISPATCH,UNIT_SCADA,1,"2022/10/20 06:25:00",YWPS2,288.217710
D,DISPATCH,UNIT_SCADA,1,"2022/10/20 06:25:00",YWPS3,358.824040
D,DISPATCH,UNIT_SCADA,1,"2022/10/20 06:25:00",YWPS4,0
C,"END OF REPORT",419
