C,NEMP.WORLD,DISPATCHSCADA,AEMO,PUBLIC,2022/10/20,21:45:10,0000000373282851,DISPATCHSCADA,0000000373282845
I,DISPATCH,UNIT_SCADA,1,SETTLEMENTDATE,DUID,SCADAVALUE
D,DISPATCH,UNIT_SCADA,1,"2022/10/20 21:50:00",BARCSF1,0
D,DISPATCH,UNIT_SCADA,1,"2022/10/20 21:50:00",BUTLERSG,8.699999
D,DISPATCH,UNIT_SCADA,1,"2022/10/20 21:50:00",CAPTL_WF,82.641891
D,DISPATCH,UNIT_SCADA,1,"2022/10/20 21:50:00",CHALLHWF,16.10
D,DISPATCH,UNIT_SCADA,1,"2022/10/20 21:50:00",CLOVER,13.28
D,DISPATCH,UNIT_SCADA,1,"2022/10/20 21:50:00",CLUNY,5.633783
D,DISPATCH,UNIT_SCADA,1,"2022/10/20 21:50:00",CULLRGWF,-0.03
D,DISPATCH,UNIT_SCADA,1,"2022/10/20 21:50:00",DIAPURWF1,0.90
D,DISPATCH,UNIT_SCADA,1,"2022/10/20 21:50:00",ERGT01,0
D,DISPATCH,UNIT_SCADA,1,"2022/10/20 21:50:00",GB01,0
D,DISPATCH,UNIT_SCADA,1,"2022/10/20 21:50:00",GERMCRK,19.50
D,DISPATCH,UNIT_SCADA,1,"2022/10/20 21:50:00",GRIFSF1,0.001526
D,DISPATCH,UNIT_SCADA,1,"2022/10/20 21:50:00",HEZ1,0
D,DISPATCH,UNIT_SCADA,1,"2022/10/20 21:50:00",HUGSF1,-0.1050
D,DISPATCH,UNIT_SCADA,1,"2022/10/20 21:50:00",KEPBG1,0
D,DISPATCH,UNIT_SCADA,1,"2022/10/20 21:50:00",LRSF1,-0.0320
D,DISPATCH,UNIT_SCADA,1,"2022/10/20 21:50:00",MBAHNTH,45.243744
D,DISPATCH,UNIT_SCADA,1,"2022/10/20 21:50:00",MLSP1,0
D,DISPATCH,UNIT_SCADA,1,"2022/10/20 21:50:00",MLWF1,1.9950
D,DISPATCH,UNIT_SCADA,1,"2022/10/20 21:50:00",PALOONA,30.639999
D,DISPATCH,UNIT_SCADA,1,"2022/10/20 21:50:00",PIONEER,27.50
D,DISPATCH,UNIT_SCADA,1,"2022/10/20 21:50:00",PORTWF,44.400002
D,DISPATCH,UNIT_SCADA,1,"2022/10/20 21:50:00",REPULSE,9.479515
D,DISPATCH,UNIT_SCADA,1,"2022/10/20 21:50:00",ROWALLAN,8.8537
D,DISPATCH,UNIT_SCADA,1,"2022/10/20 21:50:00",ROYALLA1,0
D,DISPATCH,UNIT_SCADA,1,"2022/10/20 21:50:00",RPCG,-0.50
D,DISPATCH,UNIT_SCADA,1,"2022/10/20 21:50:00",RUBICON,0
D,DISPATCH,UNIT_SCADA,1,"2022/10/20 21:50:00",WAUBRAWF,34.7290
D,DISPATCH,UNIT_SCADA,1,"2022/10/20 21:50:00",WOOLNTH1,81.159996
D,DISPATCH,UNIT_SCADA,1,"2022/10/20 21:50:00",YAMBUKWF,7.20
D,DISPATCH,UNIT_SCADA,1,"2022/10/20 21:50:00",YSWF1,0.30
D,DISPATCH,UNIT_SCADA,1,"2022/10/20 21:50:00",ADPBA1G,0.0080
D,DISPATCH,UNIT_SCADA,1,"2022/10/20 21:50:00",ADPBA1L,0
D,DISPATCH,UNIT_SCADA,1,"2022/10/20 21:50:00",ADPPV1,0
D,DISPATCH,UNIT_SCADA,1,"2022/10/20 21:50:00",AGLHAL,30.991560
D,DISPATCH,UNIT_SCADA,1,"2022/10/20 21:50:00",AGLSOM,0
D,DISPATCH,UNIT_SCADA,1,"2022/10/20 21:50:00",ANGAST1,0
D,DISPATCH,UNIT_SCADA,1,"2022/10/20 21:50:00",ARWF1,7.90
D,DISPATCH,UNIT_SCADA,1,"2022/10/20 21:50:00",BALBG1,0
D,DISPATCH,UNIT_SCADA,1,"2022/10/20 21:50:00",BALBL1,0
D,DISPATCH,UNIT_SCADA,1,"2022/10/20 21:50:00",BALDHWF1,104.483990
D,DISPATCH,UNIT_SCADA,1,"2022/10/20 21:50:00",BANGOWF1,60.496530
D,DISPATCH,UNIT_SCADA,1,"2022/10/20 21:50:00",BANGOWF2,68.299610
D,DISPATCH,UNIT_SCADA,1,"2022/10/20 21:50:00",BANN1,0
D,DISPATCH,UNIT_SCADA,1,"2022/10/20 21:50:00",BARCALDN,0
D,DISPATCH,UNIT_SCADA,1,"2022/10/20 21:50:00",BARKIPS1,191.23
D,DISPATCH,UNIT_SCADA,1,"2022/10/20 21:50:00",BARRON-1,0
D,DISPATCH,UNIT_SCADA,1,"2022/10/20 21:50:00",BARRON-2,0
D,DISPATCH,UNIT_SCADA,1,"2022/10/20 21:50:00",BASTYAN,0
D,DISPATCH,UNIT_SCADA,1,"2022/10/20 21:50:00",BBTHREE1,0
D,DISPATCH,UNIT_SCADA,1,"2022/10/20 21:50:00",BBTHREE2,0
D,DISPATCH,UNIT_SCADA,1,"2022/10/20 21:50:00",BBTHREE3,-1.11
D,DISPATCH,UNIT_SCADA,1,"2022/10/20 21:50:00",BDL01,0
D,DISPATCH,UNIT_SCADA,1,"2022/10/20 21:50:00",BDL02,0
D,DISPATCH,UNIT_SCADA,1,"2022/10/20 21:50:00",BERYLSF1,0
D,DISPATCH,UNIT_SCADA,1,"2022/10/20 21:50:00",BLOWERNG,62.60
D,DISPATCH,UNIT_SCADA,1,"2022/10/20 21:50:00",BLUEGSF1,0
D,DISPATCH,UNIT_SCADA,1,"2022/10/20 21:50:00",BLUFF1,11.60
D,DISPATCH,UNIT_SCADA,1,"2022/10/20 21:50:00",BNGSF1,0
D,DISPATCH,UNIT_SCADA,1,"2022/10/20 21:50:00",BNGSF2,0
D,DISPATCH,UNIT_SCADA,1,"2022/10/20 21:50:00",BOCORWF1,9.59
D,DISPATCH,UNIT_SCADA,1,"2022/10/20 21:50:00",BODWF1,111.3223
D,DISPATCH,UNIT_SCADA,1,"2022/10/20 21:50:00",BOMENSF1,0
D,DISPATCH,UNIT_SCADA,1,"2022/10/20 21:50:00",BOWWBA1G,0.0010
D,DISPATCH,UNIT_SCADA,1,"2022/10/20 21:50:00",BOWWBA1L,0
D,DISPATCH,UNIT_SCADA,1,"2022/10/20 21:50:00",BOWWPV1,0.0010
D,DISPATCH,UNIT_SCADA,1,"2022/10/20 21:50:00",BRAEMAR1,0
D,DISPATCH,UNIT_SCADA,1,"2022/10/20 21:50:00",BRAEMAR2,0
D,DISPATCH,UNIT_SCADA,1,"2022/10/20 21:50:00",BRAEMAR3,0
D,DISPATCH,UNIT_SCADA,1,"2022/10/20 21:50:00",BRAEMAR5,144.629640
D,DISPATCH,UNIT_SCADA,1,"2022/10/20 21:50:00",BRAEMAR6,0
D,DISPATCH,UNIT_SCADA,1,"2022/10/20 21:50:00",BRAEMAR7,139.624340
D,DISPATCH,UNIT_SCADA,1,"2022/10/20 21:50:00",BROKENH1,0
D,DISPATCH,UNIT_SCADA,1,"2022/10/20 21:50:00",BRYB1WF1,95.14
D,DISPATCH,UNIT_SCADA,1,"2022/10/20 21:50:00",BULBESG1,0
D,DISPATCH,UNIT_SCADA,1,"2022/10/20 21:50:00",BULBESL1,0.19
D,DISPATCH,UNIT_SCADA,1,"2022/10/20 21:50:00",BULGANA1,20.17
D,DISPATCH,UNIT_SCADA,1,"2022/10/20 21:50:00",BW01,658.860170
D,DISPATCH,UNIT_SCADA,1,"2022/10/20 21:50:00",BW02,639.035640
D,DISPATCH,UNIT_SCADA,1,"2022/10/20 21:50:00",BW03,534.541870
D,DISPATCH,UNIT_SCADA,1,"2022/10/20 21:50:00",BW04,0
D,DISPATCH,UNIT_SCADA,1,"2022/10/20 21:50:00",CALL_B_1,319.300020
D,DISPATCH,UNIT_SCADA,1,"2022/10/20 21:50:00",CALL_B_2,319.300020
D,DISPATCH,UNIT_SCADA,1,"2022/10/20 21:50:00",CATHROCK,4.10
D,DISPATCH,UNIT_SCADA,1,"2022/10/20 21:50:00",CBWWBA1G,0
D,DISPATCH,UNIT_SCADA,1,"2022/10/20 21:50:00",CBWWBA1L,0
D,DISPATCH,UNIT_SCADA,1,"2022/10/20 21:50:00",CETHANA,87.766250
D,DISPATCH,UNIT_SCADA,1,"2022/10/20 21:50:00",CG1,0
D,DISPATCH,UNIT_SCADA,1,"2022/10/20 21:50:00",CG2,0
D,DISPATCH,UNIT_SCADA,1,"2022/10/20 21:50:00",CG3,0
D,DISPATCH,UNIT_SCADA,1,"2022/10/20 21:50:00",CG4,0
D,DISPATCH,UNIT_SCADA,1,"2022/10/20 21:50:00",CHILDSF1,0
D,DISPATCH,UNIT_SCADA,1,"2022/10/20 21:50:00",CHYTWF1,3.80
D,DISPATCH,UNIT_SCADA,1,"2022/10/20 21:50:00",CLARESF1,0
D,DISPATCH,UNIT_SCADA,1,"2022/10/20 21:50:00",CLEMGPWF,0
D,DISPATCH,UNIT_SCADA,1,"2022/10/20 21:50:00",CLERMSF1,0
D,DISPATCH,UNIT_SCADA,1,"2022/10/20 21:50:00",CNUNDAWF,17.420320
D,DISPATCH,UNIT_SCADA,1,"2022/10/20 21:50:00",COHUNSF1,0
D,DISPATCH,UNIT_SCADA,1,"2022/10/20 21:50:00",COLEASF1,0
D,DISPATCH,UNIT_SCADA,1,"2022/10/20 21:50:00",COLUMSF1,0
D,DISPATCH,UNIT_SCADA,1,"2022/10/20 21:50:00",COLWF01,133.559170
D,DISPATCH,UNIT_SCADA,1,"2022/10/20 21:50:00",COOPGWF1,383.489990
D,DISPATCH,UNIT_SCADA,1,"2022/10/20 21:50:00",CPP_3,379.774990
D,DISPATCH,UNIT_SCADA,1,"2022/10/20 21:50:00",CPP_4,0
D,DISPATCH,UNIT_SCADA,1,"2022/10/20 21:50:00",CPSA,0
D,DISPATCH,UNIT_SCADA,1,"2022/10/20 21:50:00",CROOKWF2,22.414280
D,DISPATCH,UNIT_SCADA,1,"2022/10/20 21:50:00",CROWLWF1,28.598270
D,DISPATCH,UNIT_SCADA,1,"2022/10/20 21:50:00",CRURWF1,78.198440
D,DISPATCH,UNIT_SCADA,1,"2022/10/20 21:50:00",CRWASF1,0
D,DISPATCH,UNIT_SCADA,1,"2022/10/20 21:50:00",CSPVPS1,0
D,DISPATCH,UNIT_SCADA,1,"2022/10/20 21:50:00",CTHLWF1,0.003050
D,DISPATCH,UNIT_SCADA,1,"2022/10/20 21:50:00",DALNTH01,0
D,DISPATCH,UNIT_SCADA,1,"2022/10/20 21:50:00",DALNTHL1,0.202940
D,DISPATCH,UNIT_SCADA,1,"2022/10/20 21:50:00",DARLSF1,0
D,DISPATCH,UNIT_SCADA,1,"2022/10/20 21:50:00",DARTM1,0
D,DISPATCH,UNIT_SCADA,1,"2022/10/20 21:50:00",DAYDSF1,0
D,DISPATCH,UNIT_SCADA,1,"2022/10/20 21:50:00",DDPS1,0
D,DISPATCH,UNIT_SCADA,1,"2022/10/20 21:50:00",DDSF1,0
D,DISPATCH,UNIT_SCADA,1,"2022/10/20 21:50:00",DEVILS_G,58.646810
D,DISPATCH,UNIT_SCADA,1,"2022/10/20 21:50:00",DG_NSW1,0
D,DISPATCH,UNIT_SCADA,1,"2022/10/20 21:50:00",DG_QLD1,0
D,DISPATCH,UNIT_SCADA,1,"2022/10/20 21:50:00",DG_SA1,0
D,DISPATCH,UNIT_SCADA,1,"2022/10/20 21:50:00",DG_TAS1,0
D,DISPATCH,UNIT_SCADA,1,"2022/10/20 21:50:00",DG_VIC1,0
D,DISPATCH,UNIT_SCADA,1,"2022/10/20 21:50:00",DRYCGT1,0
D,DISPATCH,UNIT_SCADA,1,"2022/10/20 21:50:00",DRYCGT2,0
D,DISPATCH,UNIT_SCADA,1,"2022/10/20 21:50:00",DRYCGT3,0
D,DISPATCH,UNIT_SCADA,1,"2022/10/20 21:50:00",DUNDWF1,79.57
D,DISPATCH,UNIT_SCADA,1,"2022/10/20 21:50:00",DUNDWF2,27.96
D,DISPATCH,UNIT_SCADA,1,"2022/10/20 21:50:00",DUNDWF3,73.23
D,DISPATCH,UNIT_SCADA,1,"2022/10/20 21:50:00",EILDON1,60
D,DISPATCH,UNIT_SCADA,1,"2022/10/20 21:50:00",EILDON2,59.96
D,DISPATCH,UNIT_SCADA,1,"2022/10/20 21:50:00",ELAINWF1,10.99
D,DISPATCH,UNIT_SCADA,1,"2022/10/20 21:50:00",EMERASF1,0
D,DISPATCH,UNIT_SCADA,1,"2022/10/20 21:50:00",ER01,0
D,DISPATCH,UNIT_SCADA,1,"2022/10/20 21:50:00",ER02,628.757140
D,DISPATCH,UNIT_SCADA,1,"2022/10/20 21:50:00",ER03,632.639040
D,DISPATCH,UNIT_SCADA,1,"2022/10/20 21:50:00",ER04,629.098940
D,DISPATCH,UNIT_SCADA,1,"2022/10/20 21:50:00",FINLYSF1,0
D,DISPATCH,UNIT_SCADA,1,"2022/10/20 21:50:00",FISHER,43.93
D,DISPATCH,UNIT_SCADA,1,"2022/10/20 21:50:00",GANGARR1,0
D,DISPATCH,UNIT_SCADA,1,"2022/10/20 21:50:00",GANNBG1,0
D,DISPATCH,UNIT_SCADA,1,"2022/10/20 21:50:00",GANNBL1,0.209820
D,DISPATCH,UNIT_SCADA,1,"2022/10/20 21:50:00",GANNSF1,0
D,DISPATCH,UNIT_SCADA,1,"2022/10/20 21:50:00",GLRWNSF1,0
D,DISPATCH,UNIT_SCADA,1,"2022/10/20 21:50:00",GNNDHSF1,0
D,DISPATCH,UNIT_SCADA,1,"2022/10/20 21:50:00",GOONSF1,0
D,DISPATCH,UNIT_SCADA,1,"2022/10/20 21:50:00",GORDON,259.657680
D,DISPATCH,UNIT_SCADA,1,"2022/10/20 21:50:00",GRANWF1,0
D,DISPATCH,UNIT_SCADA,1,"2022/10/20 21:50:00",GSTONE1,199.849990
D,DISPATCH,UNIT_SCADA,1,"2022/10/20 21:50:00",GSTONE2,0
D,DISPATCH,UNIT_SCADA,1,"2022/10/20 21:50:00",GSTONE3,200.024990
D,DISPATCH,UNIT_SCADA,1,"2022/10/20 21:50:00",GSTONE4,0
D,DISPATCH,UNIT_SCADA,1,"2022/10/20 21:50:00",GSTONE5,200.724990
D,DISPATCH,UNIT_SCADA,1,"2022/10/20 21:50:00",GSTONE6,200.20
D,DISPATCH,UNIT_SCADA,1,"2022/10/20 21:50:00",GULLRSF1,0
D,DISPATCH,UNIT_SCADA,1,"2022/10/20 21:50:00",GULLRWF1,60.544080
D,DISPATCH,UNIT_SCADA,1,"2022/10/20 21:50:00",GULLRWF2,88.424190
D,DISPATCH,UNIT_SCADA,1,"2022/10/20 21:50:00",GUNNING1,0
D,DISPATCH,UNIT_SCADA,1,"2022/10/20 21:50:00",GUTHEGA,67.70
D,DISPATCH,UNIT_SCADA,1,"2022/10/20 21:50:00",HALLWF1,34
D,DISPATCH,UNIT_SCADA,1,"2022/10/20 21:50:00",HALLWF2,19.92
D,DISPATCH,UNIT_SCADA,1,"2022/10/20 21:50:00",HAMISF1,0
D,DISPATCH,UNIT_SCADA,1,"2022/10/20 21:50:00",HAUGHT11,0
D,DISPATCH,UNIT_SCADA,1,"2022/10/20 21:50:00",HAYMSF1,0
D,DISPATCH,UNIT_SCADA,1,"2022/10/20 21:50:00",HDWF1,24.60
D,DISPATCH,UNIT_SCADA,1,"2022/10/20 21:50:00",HDWF2,16.80
D,DISPATCH,UNIT_SCADA,1,"2022/10/20 21:50:00",HDWF3,18.90
D,DISPATCH,UNIT_SCADA,1,"2022/10/20 21:50:00",HILLSTN1,0
D,DISPATCH,UNIT_SCADA,1,"2022/10/20 21:50:00",HPRG1,0
D,DISPATCH,UNIT_SCADA,1,"2022/10/20 21:50:00",HPRL1,47.40
D,DISPATCH,UNIT_SCADA,1,"2022/10/20 21:50:00",HUMENSW,54.287570
D,DISPATCH,UNIT_SCADA,1,"2022/10/20 21:50:00",HUMEV,0
D,DISPATCH,UNIT_SCADA,1,"2022/10/20 21:50:00",HVWWBA1G,0
D,DISPATCH,UNIT_SCADA,1,"2022/10/20 21:50:00",HVWWBA1L,0.0070
D,DISPATCH,UNIT_SCADA,1,"2022/10/20 21:50:00",HVWWPV1,0
D,DISPATCH,UNIT_SCADA,1,"2022/10/20 21:50:00",JBUTTERS,0
D,DISPATCH,UNIT_SCADA,1,"2022/10/20 21:50:00",JEMALNG1,0
D,DISPATCH,UNIT_SCADA,1,"2022/10/20 21:50:00",JLA01,0
D,DISPATCH,UNIT_SCADA,1,"2022/10/20 21:50:00",JLA02,0
D,DISPATCH,UNIT_SCADA,1,"2022/10/20 21:50:00",JLA03,0
D,DISPATCH,UNIT_SCADA,1,"2022/10/20 21:50:00",JLA04,0
D,DISPATCH,UNIT_SCADA,1,"2022/10/20 21:50:00",JLB01,0
D,DISPATCH,UNIT_SCADA,1,"2022/10/20 21:50:00",JLB02,0.10
D,DISPATCH,UNIT_SCADA,1,"2022/10/20 21:50:00",JLB03,0
D,DISPATCH,UNIT_SCADA,1,"2022/10/20 21:50:00",JUNEESF1,0
D,DISPATCH,UNIT_SCADA,1,"2022/10/20 21:50:00",KABANWF1,0
D,DISPATCH,UNIT_SCADA,1,"2022/10/20 21:50:00",KAREEYA1,0
D,DISPATCH,UNIT_SCADA,1,"2022/10/20 21:50:00",KAREEYA2,0
D,DISPATCH,UNIT_SCADA,1,"2022/10/20 21:50:00",KAREEYA3,4.7250
D,DISPATCH,UNIT_SCADA,1,"2022/10/20 21:50:00",KAREEYA4,0
D,DISPATCH,UNIT_SCADA,1,"2022/10/20 21:50:00",KARSF1,0
D,DISPATCH,UNIT_SCADA,1,"2022/10/20 21:50:00",KEPSF1,0
D,DISPATCH,UNIT_SCADA,1,"2022/10/20 21:50:00",KEPWF1,3.02
D,DISPATCH,UNIT_SCADA,1,"2022/10/20 21:50:00",KIAMSF1,0
D,DISPATCH,UNIT_SCADA,1,"2022/10/20 21:50:00",KIATAWF1,5
D,DISPATCH,UNIT_SCADA,1,"2022/10/20 21:50:00",KPP_1,0
D,DISPATCH,UNIT_SCADA,1,"2022/10/20 21:50:00",KSP1,0
D,DISPATCH,UNIT_SCADA,1,"2022/10/20 21:50:00",LADBROK1,0.01
D,DISPATCH,UNIT_SCADA,1,"2022/10/20 21:50:00",LADBROK2,0.02
D,DISPATCH,UNIT_SCADA,1,"2022/10/20 21:50:00",LBBG1,0
D,DISPATCH,UNIT_SCADA,1,"2022/10/20 21:50:00",LBBL1,0
D,DISPATCH,UNIT_SCADA,1,"2022/10/20 21:50:00",LD01,379.094820
D,DISPATCH,UNIT_SCADA,1,"2022/10/20 21:50:00",LD02,88.790550
D,DISPATCH,UNIT_SCADA,1,"2022/10/20 21:50:00",LD04,311.197240
D,DISPATCH,UNIT_SCADA,1,"2022/10/20 21:50:00",LEM_WIL,86.5020
D,DISPATCH,UNIT_SCADA,1,"2022/10/20 21:50:00",LGAPWF1,84.50
D,DISPATCH,UNIT_SCADA,1,"2022/10/20 21:50:00",LGAPWF2,56.06
D,DISPATCH,UNIT_SCADA,1,"2022/10/20 21:50:00",LILYSF1,0
D,DISPATCH,UNIT_SCADA,1,"2022/10/20 21:50:00",LIMOSF11,0
D,DISPATCH,UNIT_SCADA,1,"2022/10/20 21:50:00",LIMOSF21,0
D,DISPATCH,UNIT_SCADA,1,"2022/10/20 21:50:00",LI_WY_CA,56.115950
D,DISPATCH,UNIT_SCADA,1,"2022/10/20 21:50:00",LKBONNY1,16.879480
D,DISPATCH,UNIT_SCADA,1,"2022/10/20 21:50:00",LKBONNY2,60.646060
D,DISPATCH,UNIT_SCADA,1,"2022/10/20 21:50:00",LKBONNY3,17.025730
D,DISPATCH,UNIT_SCADA,1,"2022/10/20 21:50:00",LK_ECHO,0
D,DISPATCH,UNIT_SCADA,1,"2022/10/20 21:50:00",LNGS1,0
D,DISPATCH,UNIT_SCADA,1,"2022/10/20 21:50:00",LNGS2,0
D,DISPATCH,UNIT_SCADA,1,"2022/10/20 21:50:00",LONSDALE,0
D,DISPATCH,UNIT_SCADA,1,"2022/10/20 21:50:00",LOYYB1,580.450620
D,DISPATCH,UNIT_SCADA,1,"2022/10/20 21:50:00",LOYYB2,575.187320
D,DISPATCH,UNIT_SCADA,1,"2022/10/20 21:50:00",LYA1,557
D,DISPATCH,UNIT_SCADA,1,"2022/10/20 21:50:00",LYA2,0
D,DISPATCH,UNIT_SCADA,1,"2022/10/20 21:50:00",LYA3,558
D,DISPATCH,UNIT_SCADA,1,"2022/10/20 21:50:00",LYA4,557
D,DISPATCH,UNIT_SCADA,1,"2022/10/20 21:50:00",MACARTH1,132.296950
D,DISPATCH,UNIT_SCADA,1,"2022/10/20 21:50:00",MACKNTSH,0
D,DISPATCH,UNIT_SCADA,1,"2022/10/20 21:50:00",MANSLR1,0
D,DISPATCH,UNIT_SCADA,1,"2022/10/20 21:50:00",MAPS2PV1,0
D,DISPATCH,UNIT_SCADA,1,"2022/10/20 21:50:00",MAPS3PV1,0
D,DISPATCH,UNIT_SCADA,1,"2022/10/20 21:50:00",MARYRSF1,0
D,DISPATCH,UNIT_SCADA,1,"2022/10/20 21:50:00",MBPS2PV1,0
D,DISPATCH,UNIT_SCADA,1,"2022/10/20 21:50:00",MCKAY1,219.0450
D,DISPATCH,UNIT_SCADA,1,"2022/10/20 21:50:00",MEADOWBK,5.830320
D,DISPATCH,UNIT_SCADA,1,"2022/10/20 21:50:00",MERCER01,37.50
D,DISPATCH,UNIT_SCADA,1,"2022/10/20 21:50:00",METZSF1,0
D,DISPATCH,UNIT_SCADA,1,"2022/10/20 21:50:00",MEWF1,25.6727
D,DISPATCH,UNIT_SCADA,1,"2022/10/20 21:50:00",MIDDLSF1,0
D,DISPATCH,UNIT_SCADA,1,"2022/10/20 21:50:00",MINTARO,0.128180
D,DISPATCH,UNIT_SCADA,1,"2022/10/20 21:50:00",MOLNGSF1,0
D,DISPATCH,UNIT_SCADA,1,"2022/10/20 21:50:00",MOORAWF1,4.11
D,DISPATCH,UNIT_SCADA,1,"2022/10/20 21:50:00",MOREESF1,0
D,DISPATCH,UNIT_SCADA,1,"2022/10/20 21:50:00",MORTLK11,0
D,DISPATCH,UNIT_SCADA,1,"2022/10/20 21:50:00",MORTLK12,0
D,DISPATCH,UNIT_SCADA,1,"2022/10/20 21:50:00",MOUSF1,0
D,DISPATCH,UNIT_SCADA,1,"2022/10/20 21:50:00",MP1,0
D,DISPATCH,UNIT_SCADA,1,"2022/10/20 21:50:00",MP2,348.552670
D,DISPATCH,UNIT_SCADA,1,"2022/10/20 21:50:00",MPP_1,192.251920
D,DISPATCH,UNIT_SCADA,1,"2022/10/20 21:50:00",MPP_2,185.019010
D,DISPATCH,UNIT_SCADA,1,"2022/10/20 21:50:00",MRTLSWF1,0
D,DISPATCH,UNIT_SCADA,1,"2022/10/20 21:50:00",MSTUART1,0
D,DISPATCH,UNIT_SCADA,1,"2022/10/20 21:50:00",MSTUART2,0
D,DISPATCH,UNIT_SCADA,1,"2022/10/20 21:50:00",MSTUART3,0
D,DISPATCH,UNIT_SCADA,1,"2022/10/20 21:50:00",MTGELWF1,46.263010
D,DISPATCH,UNIT_SCADA,1,"2022/10/20 21:50:00",MTMILLAR,29.70
D,DISPATCH,UNIT_SCADA,1,"2022/10/20 21:50:00",MURRAY,0
D,DISPATCH,UNIT_SCADA,1,"2022/10/20 21:50:00",MUSSELR1,20.20
D,DISPATCH,UNIT_SCADA,1,"2022/10/20 21:50:00",MUWAWF1,18.16
D,DISPATCH,UNIT_SCADA,1,"2022/10/20 21:50:00",MUWAWF2,32.10
D,DISPATCH,UNIT_SCADA,1,"2022/10/20 21:50:00",MWPS1PV1,0
D,DISPATCH,UNIT_SCADA,1,"2022/10/20 21:50:00",MWPS2PV1,0
D,DISPATCH,UNIT_SCADA,1,"2022/10/20 21:50:00",MWPS3PV1,0
D,DISPATCH,UNIT_SCADA,1,"2022/10/20 21:50:00",MWPS4PV1,0
D,DISPATCH,UNIT_SCADA,1,"2022/10/20 21:50:00",NBHWF1,50.80
D,DISPATCH,UNIT_SCADA,1,"2022/10/20 21:50:00",NEVERSF1,0
D,DISPATCH,UNIT_SCADA,1,"2022/10/20 21:50:00",NPS,0
D,DISPATCH,UNIT_SCADA,1,"2022/10/20 21:50:00",NUMURSF1,0
D,DISPATCH,UNIT_SCADA,1,"2022/10/20 21:50:00",NYNGAN1,0
D,DISPATCH,UNIT_SCADA,1,"2022/10/20 21:50:00",OAKEY1,0
D,DISPATCH,UNIT_SCADA,1,"2022/10/20 21:50:00",OAKEY1SF,0
D,DISPATCH,UNIT_SCADA,1,"2022/10/20 21:50:00",OAKEY2,0
D,DISPATCH,UNIT_SCADA,1,"2022/10/20 21:50:00",OAKEY2SF,0
D,DISPATCH,UNIT_SCADA,1,"2022/10/20 21:50:00",OAKLAND1,7.50
D,DISPATCH,UNIT_SCADA,1,"2022/10/20 21:50:00",OSB-AG,179.429990
D,DISPATCH,UNIT_SCADA,1,"2022/10/20 21:50:00",PAREPS1,0
D,DISPATCH,UNIT_SCADA,1,"2022/10/20 21:50:00",PAREPW1,50.86
D,DISPATCH,UNIT_SCADA,1,"2022/10/20 21:50:00",PARSF1,0.001530
D,DISPATCH,UNIT_SCADA,1,"2022/10/20 21:50:00",POAT110,3.07
D,DISPATCH,UNIT_SCADA,1,"2022/10/20 21:50:00",POAT220,0
D,DISPATCH,UNIT_SCADA,1,"2022/10/20 21:50:00",POR01,0
D,DISPATCH,UNIT_SCADA,1,"2022/10/20 21:50:00",POR03,0
D,DISPATCH,UNIT_SCADA,1,"2022/10/20 21:50:00",PPCCGT,164.156680
D,DISPATCH,UNIT_SCADA,1,"2022/10/20 21:50:00",PTSTAN1,0
D,DISPATCH,UNIT_SCADA,1,"2022/10/20 21:50:00",PUMP1,0
D,DISPATCH,UNIT_SCADA,1,"2022/10/20 21:50:00",PUMP2,0
D,DISPATCH,UNIT_SCADA,1,"2022/10/20 21:50:00",QBYNBG1,0
D,DISPATCH,UNIT_SCADA,1,"2022/10/20 21:50:00",QBYNBL1,0.0025
D,DISPATCH,UNIT_SCADA,1,"2022/10/20 21:50:00",QPS1,0
D,DISPATCH,UNIT_SCADA,1,"2022/10/20 21:50:00",QPS2,0
D,DISPATCH,UNIT_SCADA,1,"2022/10/20 21:50:00",QPS3,0
D,DISPATCH,UNIT_SCADA,1,"2022/10/20 21:50:00",QPS4,0
D,DISPATCH,UNIT_SCADA,1,"2022/10/20 21:50:00",QPS5,0
D,DISPATCH,UNIT_SCADA,1,"2022/10/20 21:50:00",REECE1,0
D,DISPATCH,UNIT_SCADA,1,"2022/10/20 21:50:00",REECE2,0
D,DISPATCH,UNIT_SCADA,1,"2022/10/20 21:50:00",ROMA_7,0
D,DISPATCH,UNIT_SCADA,1,"2022/10/20 21:50:00",ROMA_8,0
D,DISPATCH,UNIT_SCADA,1,"2022/10/20 21:50:00",RRSF1,0
D,DISPATCH,UNIT_SCADA,1,"2022/10/20 21:50:00",RT_NSW1,0
D,DISPATCH,UNIT_SCADA,1,"2022/10/20 21:50:00",RT_NSW2,0
D,DISPATCH,UNIT_SCADA,1,"2022/10/20 21:50:00",RT_NSW3,0
D,DISPATCH,UNIT_SCADA,1,"2022/10/20 21:50:00",RT_NSW4,0
D,DISPATCH,UNIT_SCADA,1,"2022/10/20 21:50:00",RT_NSW5,0
D,DISPATCH,UNIT_SCADA,1,"2022/10/20 21:50:00",RT_NSW6,0
D,DISPATCH,UNIT_SCADA,1,"2022/10/20 21:50:00",RT_QLD1,0
D,DISPATCH,UNIT_SCADA,1,"2022/10/20 21:50:00",RT_SA1,0
D,DISPATCH,UNIT_SCADA,1,"2022/10/20 21:50:00",RT_SA2,0
D,DISPATCH,UNIT_SCADA,1,"2022/10/20 21:50:00",RT_SA3,0
D,DISPATCH,UNIT_SCADA,1,"2022/10/20 21:50:00",RT_SA4,0
D,DISPATCH,UNIT_SCADA,1,"2022/10/20 21:50:00",RT_SA5,0
D,DISPATCH,UNIT_SCADA,1,"2022/10/20 21:50:00",RT_SA6,0
D,DISPATCH,UNIT_SCADA,1,"2022/10/20 21:50:00",RT_TAS1,0
D,DISPATCH,UNIT_SCADA,1,"2022/10/20 21:50:00",RT_VIC1,0
D,DISPATCH,UNIT_SCADA,1,"2022/10/20 21:50:00",RT_VIC10,0
D,DISPATCH,UNIT_SCADA,1,"2022/10/20 21:50:00",RT_VIC11,0
D,DISPATCH,UNIT_SCADA,1,"2022/10/20 21:50:00",RT_VIC12,0
D,DISPATCH,UNIT_SCADA,1,"2022/10/20 21:50:00",RT_VIC2,0
D,DISPATCH,UNIT_SCADA,1,"2022/10/20 21:50:00",RT_VIC3,0
D,DISPATCH,UNIT_SCADA,1,"2022/10/20 21:50:00",RT_VIC4,0
D,DISPATCH,UNIT_SCADA,1,"2022/10/20 21:50:00",RT_VIC5,0
D,DISPATCH,UNIT_SCADA,1,"2022/10/20 21:50:00",RT_VIC6,0
D,DISPATCH,UNIT_SCADA,1,"2022/10/20 21:50:00",RT_VIC7,0
D,DISPATCH,UNIT_SCADA,1,"2022/10/20 21:50:00",RT_VIC8,0
D,DISPATCH,UNIT_SCADA,1,"2022/10/20 21:50:00",RT_VIC9,0
D,DISPATCH,UNIT_SCADA,1,"2022/10/20 21:50:00",RUGBYR1,0
D,DISPATCH,UNIT_SCADA,1,"2022/10/20 21:50:00",SALTCRK1,30.35
D,DISPATCH,UNIT_SCADA,1,"2022/10/20 21:50:00",SAPHWF1,252.162960
D,DISPATCH,UNIT_SCADA,1,"2022/10/20 21:50:00",SEBSF1,0
D,DISPATCH,UNIT_SCADA,1,"2022/10/20 21:50:00",SHGEN,0
D,DISPATCH,UNIT_SCADA,1,"2022/10/20 21:50:00",SHPUMP,0
D,DISPATCH,UNIT_SCADA,1,"2022/10/20 21:50:00",SITHE01,0.153860
D,DISPATCH,UNIT_SCADA,1,"2022/10/20 21:50:00",SMCSF1,0
D,DISPATCH,UNIT_SCADA,1,"2022/10/20 21:50:00",SNAPPER1,0
D,DISPATCH,UNIT_SCADA,1,"2022/10/20 21:50:00",SNOWNTH1,86.70
D,DISPATCH,UNIT_SCADA,1,"2022/10/20 21:50:00",SNOWSTH1,45.20
D,DISPATCH,UNIT_SCADA,1,"2022/10/20 21:50:00",SNOWTWN1,57.199150
D,DISPATCH,UNIT_SCADA,1,"2022/10/20 21:50:00",SNOWYP,0
D,DISPATCH,UNIT_SCADA,1,"2022/10/20 21:50:00",SNUG1,0
D,DISPATCH,UNIT_SCADA,1,"2022/10/20 21:50:00",SRSF1,0
D,DISPATCH,UNIT_SCADA,1,"2022/10/20 21:50:00",STAN-1,280.235570
D,DISPATCH,UNIT_SCADA,1,"2022/10/20 21:50:00",STAN-2,363.294920
D,DISPATCH,UNIT_SCADA,1,"2022/10/20 21:50:00",STAN-3,363.525630
D,DISPATCH,UNIT_SCADA,1,"2022/10/20 21:50:00",STAN-4,364.345980
D,DISPATCH,UNIT_SCADA,1,"2022/10/20 21:50:00",STARHLWF,17.594870
D,DISPATCH,UNIT_SCADA,1,"2022/10/20 21:50:00",STOCKYD1,165.34
D,DISPATCH,UNIT_SCADA,1,"2022/10/20 21:50:00",STWF1,33.140770
D,DISPATCH,UNIT_SCADA,1,"2022/10/20 21:50:00",SUNRSF1,0
D,DISPATCH,UNIT_SCADA,1,"2022/10/20 21:50:00",SUNTPSF1,0
D,DISPATCH,UNIT_SCADA,1,"2022/10/20 21:50:00",SWAN_E,263.392520
D,DISPATCH,UNIT_SCADA,1,"2022/10/20 21:50:00",TALWA1,0
D,DISPATCH,UNIT_SCADA,1,"2022/10/20 21:50:00",TARALGA1,0
D,DISPATCH,UNIT_SCADA,1,"2022/10/20 21:50:00",TARONG#1,350.899990
D,DISPATCH,UNIT_SCADA,1,"2022/10/20 21:50:00",TARONG#2,350.700010
D,DISPATCH,UNIT_SCADA,1,"2022/10/20 21:50:00",TARONG#3,0.90
D,DISPATCH,UNIT_SCADA,1,"2022/10/20 21:50:00",TARONG#4,294
D,DISPATCH,UNIT_SCADA,1,"2022/10/20 21:50:00",TARRALEA,54
D,DISPATCH,UNIT_SCADA,1,"2022/10/20 21:50:00",TBSF1,0
D,DISPATCH,UNIT_SCADA,1,"2022/10/20 21:50:00",TNPS1,419.1250
D,DISPATCH,UNIT_SCADA,1,"2022/10/20 21:50:00",TORRB1,0
D,DISPATCH,UNIT_SCADA,1,"2022/10/20 21:50:00",TORRB2,59
D,DISPATCH,UNIT_SCADA,1,"2022/10/20 21:50:00",TORRB3,0
D,DISPATCH,UNIT_SCADA,1,"2022/10/20 21:50:00",TORRB4,0
D,DISPATCH,UNIT_SCADA,1,"2022/10/20 21:50:00",TREVALLN,97.977990
D,DISPATCH,UNIT_SCADA,1,"2022/10/20 21:50:00",TRIBUTE,0
D,DISPATCH,UNIT_SCADA,1,"2022/10/20 21:50:00",TUMUT3,0
D,DISPATCH,UNIT_SCADA,1,"2022/10/20 21:50:00",TUNGATIN,5.470020
D,DISPATCH,UNIT_SCADA,1,"2022/10/20 21:50:00",TVCC201,0
D,DISPATCH,UNIT_SCADA,1,"2022/10/20 21:50:00",TVPP104,0
D,DISPATCH,UNIT_SCADA,1,"2022/10/20 21:50:00",UPPTUMUT,0
D,DISPATCH,UNIT_SCADA,1,"2022/10/20 21:50:00",URANQ11,0
D,DISPATCH,UNIT_SCADA,1,"2022/10/20 21:50:00",URANQ12,0
D,DISPATCH,UNIT_SCADA,1,"2022/10/20 21:50:00",URANQ13,0
D,DISPATCH,UNIT_SCADA,1,"2022/10/20 21:50:00",URANQ14,0
D,DISPATCH,UNIT_SCADA,1,"2022/10/20 21:50:00",VBBG1,0
D,DISPATCH,UNIT_SCADA,1,"2022/10/20 21:50:00",VBBL1,0
D,DISPATCH,UNIT_SCADA,1,"2022/10/20 21:50:00",VP5,551.408450
D,DISPATCH,UNIT_SCADA,1,"2022/10/20 21:50:00",VP6,572.405150
D,DISPATCH,UNIT_SCADA,1,"2022/10/20 21:50:00",VPGS1,0
D,DISPATCH,UNIT_SCADA,1,"2022/10/20 21:50:00",VPGS2,0
D,DISPATCH,UNIT_SCADA,1,"2022/10/20 21:50:00",VPGS3,0
D,DISPATCH,UNIT_SCADA,1,"2022/10/20 21:50:00",VPGS4,0
D,DISPATCH,UNIT_SCADA,1,"2022/10/20 21:50:00",VPGS5,0
D,DISPATCH,UNIT_SCADA,1,"2022/10/20 21:50:00",VPGS6,0
D,DISPATCH,UNIT_SCADA,1,"2022/10/20 21:50:00",W/HOE#1,0
D,DISPATCH,UNIT_SCADA,1,"2022/10/20 21:50:00",W/HOE#2,0
D,DISPATCH,UNIT_SCADA,1,"2022/10/20 21:50:00",WAGGNSF1,0
D,DISPATCH,UNIT_SCADA,1,"2022/10/20 21:50:00",WALGRVG1,0.000930
D,DISPATCH,UNIT_SCADA,1,"2022/10/20 21:50:00",WALGRVL1,0
D,DISPATCH,UNIT_SCADA,1,"2022/10/20 21:50:00",WANDBG1,0
D,DISPATCH,UNIT_SCADA,1,"2022/10/20 21:50:00",WANDBL1,0
D,DISPATCH,UNIT_SCADA,1,"2022/10/20 21:50:00",WARWSF1,0
D,DISPATCH,UNIT_SCADA,1,"2022/10/20 21:50:00",WARWSF2,0
D,DISPATCH,UNIT_SCADA,1,"2022/10/20 21:50:00",WATERLWF,29.40
D,DISPATCH,UNIT_SCADA,1,"2022/10/20 21:50:00",WDGPH1,0
D,DISPATCH,UNIT_SCADA,1,"2022/10/20 21:50:00",WELLSF1,0
D,DISPATCH,UNIT_SCADA,1,"2022/10/20 21:50:00",WEMENSF1,0
D,DISPATCH,UNIT_SCADA,1,"2022/10/20 21:50:00",WGWF1,35.60
D,DISPATCH,UNIT_SCADA,1,"2022/10/20 21:50:00",WHITSF1,0
D,DISPATCH,UNIT_SCADA,1,"2022/10/20 21:50:00",WINTSF1,0
D,DISPATCH,UNIT_SCADA,1,"2022/10/20 21:50:00",WKIEWA1,34
D,DISPATCH,UNIT_SCADA,1,"2022/10/20 21:50:00",WKIEWA2,34
D,DISPATCH,UNIT_SCADA,1,"2022/10/20 21:50:00",WOODLWN1,37.059650
D,DISPATCH,UNIT_SCADA,1,"2022/10/20 21:50:00",WOOLGSF1,0
D,DISPATCH,UNIT_SCADA,1,"2022/10/20 21:50:00",WPWF,63.54
D,DISPATCH,UNIT_SCADA,1,"2022/10/20 21:50:00",WRSF1,0
D,DISPATCH,UNIT_SCADA,1,"2022/10/20 21:50:00",WRWF1,137.651630
D,DISPATCH,UNIT_SCADA,1,"2022/10/20 21:50:00",WSTWYSF1,0
D,DISPATCH,UNIT_SCADA,1,"2022/10/20 21:50:00",YABULU,0
D,DISPATCH,UNIT_SCADA,1,"2022/10/20 21:50:00",YABULU2,0
D,DISPATCH,UNIT_SCADA,1,"2022/10/20 21:50:00",YARANSF1,0
D,DISPATCH,UNIT_SCADA,1,"2022/10/20 21:50:00",YARWUN_1,164.239990
D,DISPATCH,UNIT_SCADA,1,"2022/10/20 21:50:00",YATSF1,0
D,DISPATCH,UNIT_SCADA,1,"2022/10/20 21:50:00",YENDWF1,9.72
D,DISPATCH,UNIT_SCADA,1,"2022/10/20 21:50:00",YWPS1,319.546840
D,DISPATCH,UNIT_SCADA,1,"2022/10/20 21:50:00",YWPS2,359.6481
D,DISPATCH,UNIT_SCADA,1,"2022/10/20 21:50:00",YWPS3,359.6709
D,DISPATCH,UNIT_SCADA,1,"2022/10/20 21:50:00",YWPS4,0
C,"END OF REPORT",419
