C,NEMP.WORLD,DISPATCHSCADA,AEMO,PUBLIC,2022/10/20,15:40:09,0000000373264505,DISPATCHSCADA,0000000373264499
I,DISPATCH,UNIT_SCADA,1,SETTLEMENTDATE,DUID,SCADAVALUE
D,DISPATCH,UNIT_SCADA,1,"2022/10/20 15:45:00",BARCSF1,9.60
D,DISPATCH,UNIT_SCADA,1,"2022/10/20 15:45:00",BUTLERSG,8.699999
D,DISPATCH,UNIT_SCADA,1,"2022/10/20 15:45:00",CAPTL_WF,75.497246
D,DISPATCH,UNIT_SCADA,1,"2022/10/20 15:45:00",CHALLHWF,11.20
D,DISPATCH,UNIT_SCADA,1,"2022/10/20 15:45:00",CLOVER,10.29
D,DISPATCH,UNIT_SCADA,1,"2022/10/20 15:45:00",CLUNY,6.162966
D,DISPATCH,UNIT_SCADA,1,"2022/10/20 15:45:00",CULLRGWF,-0.01
D,DISPATCH,UNIT_SCADA,1,"2022/10/20 15:45:00",DIAPURWF1,4.40
D,DISPATCH,UNIT_SCADA,1,"2022/10/20 15:45:00",ERGT01,0
D,DISPATCH,UNIT_SCADA,1,"2022/10/20 15:45:00",GB01,0
D,DISPATCH,UNIT_SCADA,1,"2022/10/20 15:45:00",GERMCRK,21.90
D,DISPATCH,UNIT_SCADA,1,"2022/10/20 15:45:00",GRIFSF1,24.000916
D,DISPATCH,UNIT_SCADA,1,"2022/10/20 15:45:00",HEZ1,0
D,DISPATCH,UNIT_SCADA,1,"2022/10/20 15:45:00",HUGSF1,12.035001
D,DISPATCH,UNIT_SCADA,1,"2022/10/20 15:45:00",KEPBG1,0
D,DISPATCH,UNIT_SCADA,1,"2022/10/20 15:45:00",LRSF1,12.330001
D,DISPATCH,UNIT_SCADA,1,"2022/10/20 15:45:00",MBAHNTH,43.537506
D,DISPATCH,UNIT_SCADA,1,"2022/10/20 15:45:00",MLSP1,2.903001
D,DISPATCH,UNIT_SCADA,1,"2022/10/20 15:45:00",MLWF1,6.6750
D,DISPATCH,UNIT_SCADA,1,"2022/10/20 15:45:00",PALOONA,30.539999
D,DISPATCH,UNIT_SCADA,1,"2022/10/20 15:45:00",PIONEER,36.200001
D,DISPATCH,UNIT_SCADA,1,"2022/10/20 15:45:00",PORTWF,36.099998
D,DISPATCH,UNIT_SCADA,1,"2022/10/20 15:45:00",REPULSE,9.486839
D,DISPATCH,UNIT_SCADA,1,"2022/10/20 15:45:00",ROWALLAN,8.8537
D,DISPATCH,UNIT_SCADA,1,"2022/10/20 15:45:00",ROYALLA1,3.140003
D,DISPATCH,UNIT_SCADA,1,"2022/10/20 15:45:00",RPCG,-1.80
D,DISPATCH,UNIT_SCADA,1,"2022/10/20 15:45:00",RUBICON,0
D,DISPATCH,UNIT_SCADA,1,"2022/10/20 15:45:00",WAUBRAWF,59.8550
D,DISPATCH,UNIT_SCADA,1,"2022/10/20 15:45:00",WOOLNTH1,97.279999
D,DISPATCH,UNIT_SCADA,1,"2022/10/20 15:45:00",YAMBUKWF,3.40
D,DISPATCH,UNIT_SCADA,1,"2022/10/20 15:45:00",YSWF1,3.30
D,DISPATCH,UNIT_SCADA,1,"2022/10/20 15:45:00",ADPBA1G,0.0080
D,DISPATCH,UNIT_SCADA,1,"2022/10/20 15:45:00",ADPBA1L,0
D,DISPATCH,UNIT_SCADA,1,"2022/10/20 15:45:00",ADPPV1,8.7860
D,DISPATCH,UNIT_SCADA,1,"2022/10/20 15:45:00",AGLHAL,0
D,DISPATCH,UNIT_SCADA,1,"2022/10/20 15:45:00",AGLSOM,0
D,DISPATCH,UNIT_SCADA,1,"2022/10/20 15:45:00",ANGAST1,0
D,DISPATCH,UNIT_SCADA,1,"2022/10/20 15:45:00",ARWF1,29.70
D,DISPATCH,UNIT_SCADA,1,"2022/10/20 15:45:00",BALBG1,0
D,DISPATCH,UNIT_SCADA,1,"2022/10/20 15:45:00",BALBL1,0
D,DISPATCH,UNIT_SCADA,1,"2022/10/20 15:45:00",BALDHWF1,97.4530
D,DISPATCH,UNIT_SCADA,1,"2022/10/20 15:45:00",BANGOWF1,71.795530
D,DISPATCH,UNIT_SCADA,1,"2022/10/20 15:45:00",BANGOWF2,54.898830
D,DISPATCH,UNIT_SCADA,1,"2022/10/20 15:45:00",BANN1,48.16
D,DISPATCH,UNIT_SCADA,1,"2022/10/20 15:45:00",BARCALDN,0
D,DISPATCH,UNIT_SCADA,1,"2022/10/20 15:45:00",BARKIPS1,0
D,DISPATCH,UNIT_SCADA,1,"2022/10/20 15:45:00",BARRON-1,24.48
D,DISPATCH,UNIT_SCADA,1,"2022/10/20 15:45:00",BARRON-2,0
D,DISPATCH,UNIT_SCADA,1,"2022/10/20 15:45:00",BASTYAN,48.07
D,DISPATCH,UNIT_SCADA,1,"2022/10/20 15:45:00",BBTHREE1,0
D,DISPATCH,UNIT_SCADA,1,"2022/10/20 15:45:00",BBTHREE2,0
D,DISPATCH,UNIT_SCADA,1,"2022/10/20 15:45:00",BBTHREE3,-1.12
D,DISPATCH,UNIT_SCADA,1,"2022/10/20 15:45:00",BDL01,0
D,DISPATCH,UNIT_SCADA,1,"2022/10/20 15:45:00",BDL02,0
D,DISPATCH,UNIT_SCADA,1,"2022/10/20 15:45:00",BERYLSF1,7.939990
D,DISPATCH,UNIT_SCADA,1,"2022/10/20 15:45:00",BLOWERNG,62.50
D,DISPATCH,UNIT_SCADA,1,"2022/10/20 15:45:00",BLUEGSF1,11.479550
D,DISPATCH,UNIT_SCADA,1,"2022/10/20 15:45:00",BLUFF1,0
D,DISPATCH,UNIT_SCADA,1,"2022/10/20 15:45:00",BNGSF1,110.29
D,DISPATCH,UNIT_SCADA,1,"2022/10/20 15:45:00",BNGSF2,95.81
D,DISPATCH,UNIT_SCADA,1,"2022/10/20 15:45:00",BOCORWF1,51.78
D,DISPATCH,UNIT_SCADA,1,"2022/10/20 15:45:00",BODWF1,91.130970
D,DISPATCH,UNIT_SCADA,1,"2022/10/20 15:45:00",BOMENSF1,20.162050
D,DISPATCH,UNIT_SCADA,1,"2022/10/20 15:45:00",BOWWBA1G,0
D,DISPATCH,UNIT_SCADA,1,"2022/10/20 15:45:00",BOWWBA1L,0
D,DISPATCH,UNIT_SCADA,1,"2022/10/20 15:45:00",BOWWPV1,0.0010
D,DISPATCH,UNIT_SCADA,1,"2022/10/20 15:45:00",BRAEMAR1,0
D,DISPATCH,UNIT_SCADA,1,"2022/10/20 15:45:00",BRAEMAR2,0
D,DISPATCH,UNIT_SCADA,1,"2022/10/20 15:45:00",BRAEMAR3,0
D,DISPATCH,UNIT_SCADA,1,"2022/10/20 15:45:00",BRAEMAR5,0.292060
D,DISPATCH,UNIT_SCADA,1,"2022/10/20 15:45:00",BRAEMAR6,0
D,DISPATCH,UNIT_SCADA,1,"2022/10/20 15:45:00",BRAEMAR7,136.764180
D,DISPATCH,UNIT_SCADA,1,"2022/10/20 15:45:00",BROKENH1,23.499640
D,DISPATCH,UNIT_SCADA,1,"2022/10/20 15:45:00",BRYB1WF1,76.163880
D,DISPATCH,UNIT_SCADA,1,"2022/10/20 15:45:00",BULBESG1,0
D,DISPATCH,UNIT_SCADA,1,"2022/10/20 15:45:00",BULBESL1,0.03
D,DISPATCH,UNIT_SCADA,1,"2022/10/20 15:45:00",BULGANA1,18.65
D,DISPATCH,UNIT_SCADA,1,"2022/10/20 15:45:00",BW01,649.6803
D,DISPATCH,UNIT_SCADA,1,"2022/10/20 15:45:00",BW02,611.129940
D,DISPATCH,UNIT_SCADA,1,"2022/10/20 15:45:00",BW03,467.597470
D,DISPATCH,UNIT_SCADA,1,"2022/10/20 15:45:00",BW04,0
D,DISPATCH,UNIT_SCADA,1,"2022/10/20 15:45:00",CALL_B_1,315.300020
D,DISPATCH,UNIT_SCADA,1,"2022/10/20 15:45:00",CALL_B_2,312.200010
D,DISPATCH,UNIT_SCADA,1,"2022/10/20 15:45:00",CATHROCK,3.80
D,DISPATCH,UNIT_SCADA,1,"2022/10/20 15:45:00",CBWWBA1G,0
D,DISPATCH,UNIT_SCADA,1,"2022/10/20 15:45:00",CBWWBA1L,0
D,DISPATCH,UNIT_SCADA,1,"2022/10/20 15:45:00",CETHANA,97.645620
D,DISPATCH,UNIT_SCADA,1,"2022/10/20 15:45:00",CG1,0
D,DISPATCH,UNIT_SCADA,1,"2022/10/20 15:45:00",CG2,0
D,DISPATCH,UNIT_SCADA,1,"2022/10/20 15:45:00",CG3,0
D,DISPATCH,UNIT_SCADA,1,"2022/10/20 15:45:00",CG4,0
D,DISPATCH,UNIT_SCADA,1,"2022/10/20 15:45:00",CHILDSF1,8.08
D,DISPATCH,UNIT_SCADA,1,"2022/10/20 15:45:00",CHYTWF1,9.81
D,DISPATCH,UNIT_SCADA,1,"2022/10/20 15:45:00",CLARESF1,98.455550
D,DISPATCH,UNIT_SCADA,1,"2022/10/20 15:45:00",CLEMGPWF,2.016980
D,DISPATCH,UNIT_SCADA,1,"2022/10/20 15:45:00",CLERMSF1,14.53
D,DISPATCH,UNIT_SCADA,1,"2022/10/20 15:45:00",CNUNDAWF,10.312030
D,DISPATCH,UNIT_SCADA,1,"2022/10/20 15:45:00",COHUNSF1,14.49
D,DISPATCH,UNIT_SCADA,1,"2022/10/20 15:45:00",COLEASF1,28.1014
D,DISPATCH,UNIT_SCADA,1,"2022/10/20 15:45:00",COLUMSF1,10.1080
D,DISPATCH,UNIT_SCADA,1,"2022/10/20 15:45:00",COLWF01,76.140990
D,DISPATCH,UNIT_SCADA,1,"2022/10/20 15:45:00",COOPGWF1,201.44
D,DISPATCH,UNIT_SCADA,1,"2022/10/20 15:45:00",CPP_3,355.300020
D,DISPATCH,UNIT_SCADA,1,"2022/10/20 15:45:00",CPP_4,0
D,DISPATCH,UNIT_SCADA,1,"2022/10/20 15:45:00",CPSA,0
D,DISPATCH,UNIT_SCADA,1,"2022/10/20 15:45:00",CROOKWF2,57.0132
D,DISPATCH,UNIT_SCADA,1,"2022/10/20 15:45:00",CROWLWF1,11.6823
D,DISPATCH,UNIT_SCADA,1,"2022/10/20 15:45:00",CRURWF1,4.396350
D,DISPATCH,UNIT_SCADA,1,"2022/10/20 15:45:00",CRWASF1,29.090820
D,DISPATCH,UNIT_SCADA,1,"2022/10/20 15:45:00",CSPVPS1,8.6580
D,DISPATCH,UNIT_SCADA,1,"2022/10/20 15:45:00",CTHLWF1,0.003050
D,DISPATCH,UNIT_SCADA,1,"2022/10/20 15:45:00",DALNTH01,0
D,DISPATCH,UNIT_SCADA,1,"2022/10/20 15:45:00",DALNTHL1,0.144960
D,DISPATCH,UNIT_SCADA,1,"2022/10/20 15:45:00",DARLSF1,111.360770
D,DISPATCH,UNIT_SCADA,1,"2022/10/20 15:45:00",DARTM1,0
D,DISPATCH,UNIT_SCADA,1,"2022/10/20 15:45:00",DAYDSF1,95.574010
D,DISPATCH,UNIT_SCADA,1,"2022/10/20 15:45:00",DDPS1,0
D,DISPATCH,UNIT_SCADA,1,"2022/10/20 15:45:00",DDSF1,14.615040
D,DISPATCH,UNIT_SCADA,1,"2022/10/20 15:45:00",DEVILS_G,59.244970
D,DISPATCH,UNIT_SCADA,1,"2022/10/20 15:45:00",DG_NSW1,0
D,DISPATCH,UNIT_SCADA,1,"2022/10/20 15:45:00",DG_QLD1,0
D,DISPATCH,UNIT_SCADA,1,"2022/10/20 15:45:00",DG_SA1,0
D,DISPATCH,UNIT_SCADA,1,"2022/10/20 15:45:00",DG_TAS1,0
D,DISPATCH,UNIT_SCADA,1,"2022/10/20 15:45:00",DG_VIC1,0
D,DISPATCH,UNIT_SCADA,1,"2022/10/20 15:45:00",DRYCGT1,0
D,DISPATCH,UNIT_SCADA,1,"2022/10/20 15:45:00",DRYCGT2,0
D,DISPATCH,UNIT_SCADA,1,"2022/10/20 15:45:00",DRYCGT3,0
D,DISPATCH,UNIT_SCADA,1,"2022/10/20 15:45:00",DUNDWF1,56.53
D,DISPATCH,UNIT_SCADA,1,"2022/10/20 15:45:00",DUNDWF2,17.02
D,DISPATCH,UNIT_SCADA,1,"2022/10/20 15:45:00",DUNDWF3,61.72
D,DISPATCH,UNIT_SCADA,1,"2022/10/20 15:45:00",EILDON1,59.68
D,DISPATCH,UNIT_SCADA,1,"2022/10/20 15:45:00",EILDON2,60.08
D,DISPATCH,UNIT_SCADA,1,"2022/10/20 15:45:00",ELAINWF1,25.29
D,DISPATCH,UNIT_SCADA,1,"2022/10/20 15:45:00",EMERASF1,0
D,DISPATCH,UNIT_SCADA,1,"2022/10/20 15:45:00",ER01,0
D,DISPATCH,UNIT_SCADA,1,"2022/10/20 15:45:00",ER02,604.562440
D,DISPATCH,UNIT_SCADA,1,"2022/10/20 15:45:00",ER03,601.705930
D,DISPATCH,UNIT_SCADA,1,"2022/10/20 15:45:00",ER04,604.953060
D,DISPATCH,UNIT_SCADA,1,"2022/10/20 15:45:00",FINLYSF1,36.667430
D,DISPATCH,UNIT_SCADA,1,"2022/10/20 15:45:00",FISHER,44.08
D,DISPATCH,UNIT_SCADA,1,"2022/10/20 15:45:00",GANGARR1,23.8380
D,DISPATCH,UNIT_SCADA,1,"2022/10/20 15:45:00",GANNBG1,0
D,DISPATCH,UNIT_SCADA,1,"2022/10/20 15:45:00",GANNBL1,5.695550
D,DISPATCH,UNIT_SCADA,1,"2022/10/20 15:45:00",GANNSF1,43.10
D,DISPATCH,UNIT_SCADA,1,"2022/10/20 15:45:00",GLRWNSF1,79.12
D,DISPATCH,UNIT_SCADA,1,"2022/10/20 15:45:00",GNNDHSF1,48.539480
D,DISPATCH,UNIT_SCADA,1,"2022/10/20 15:45:00",GOONSF1,57.109020
D,DISPATCH,UNIT_SCADA,1,"2022/10/20 15:45:00",GORDON,222.433230
D,DISPATCH,UNIT_SCADA,1,"2022/10/20 15:45:00",GRANWF1,0
D,DISPATCH,UNIT_SCADA,1,"2022/10/20 15:45:00",GSTONE1,200.55
D,DISPATCH,UNIT_SCADA,1,"2022/10/20 15:45:00",GSTONE2,0
D,DISPATCH,UNIT_SCADA,1,"2022/10/20 15:45:00",GSTONE3,200.55
D,DISPATCH,UNIT_SCADA,1,"2022/10/20 15:45:00",GSTONE4,0
D,DISPATCH,UNIT_SCADA,1,"2022/10/20 15:45:00",GSTONE5,185.149990
D,DISPATCH,UNIT_SCADA,1,"2022/10/20 15:45:00",GSTONE6,200.3750
D,DISPATCH,UNIT_SCADA,1,"2022/10/20 15:45:00",GULLRSF1,0.624990
D,DISPATCH,UNIT_SCADA,1,"2022/10/20 15:45:00",GULLRWF1,73.063890
D,DISPATCH,UNIT_SCADA,1,"2022/10/20 15:45:00",GULLRWF2,75.049480
D,DISPATCH,UNIT_SCADA,1,"2022/10/20 15:45:00",GUNNING1,0
D,DISPATCH,UNIT_SCADA,1,"2022/10/20 15:45:00",GUTHEGA,66.50
D,DISPATCH,UNIT_SCADA,1,"2022/10/20 15:45:00",HALLWF1,0
D,DISPATCH,UNIT_SCADA,1,"2022/10/20 15:45:00",HALLWF2,0
D,DISPATCH,UNIT_SCADA,1,"2022/10/20 15:45:00",HAMISF1,17.90
D,DISPATCH,UNIT_SCADA,1,"2022/10/20 15:45:00",HAUGHT11,20.135940
D,DISPATCH,UNIT_SCADA,1,"2022/10/20 15:45:00",HAYMSF1,29.2540
D,DISPATCH,UNIT_SCADA,1,"2022/10/20 15:45:00",HDWF1,6.40
D,DISPATCH,UNIT_SCADA,1,"2022/10/20 15:45:00",HDWF2,5.50
D,DISPATCH,UNIT_SCADA,1,"2022/10/20 15:45:00",HDWF3,7.60
D,DISPATCH,UNIT_SCADA,1,"2022/10/20 15:45:00",HILLSTN1,6.9952
D,DISPATCH,UNIT_SCADA,1,"2022/10/20 15:45:00",HPRG1,0
D,DISPATCH,UNIT_SCADA,1,"2022/10/20 15:45:00",HPRL1,16.70
D,DISPATCH,UNIT_SCADA,1,"2022/10/20 15:45:00",HUMENSW,54.432160
D,DISPATCH,UNIT_SCADA,1,"2022/10/20 15:45:00",HUMEV,0
D,DISPATCH,UNIT_SCADA,1,"2022/10/20 15:45:00",HVWWBA1G,0
D,DISPATCH,UNIT_SCADA,1,"2022/10/20 15:45:00",HVWWBA1L,0.0070
D,DISPATCH,UNIT_SCADA,1,"2022/10/20 15:45:00",HVWWPV1,1.0580
D,DISPATCH,UNIT_SCADA,1,"2022/10/20 15:45:00",JBUTTERS,0
D,DISPATCH,UNIT_SCADA,1,"2022/10/20 15:45:00",JEMALNG1,44.58
D,DISPATCH,UNIT_SCADA,1,"2022/10/20 15:45:00",JLA01,0
D,DISPATCH,UNIT_SCADA,1,"2022/10/20 15:45:00",JLA02,0
D,DISPATCH,UNIT_SCADA,1,"2022/10/20 15:45:00",JLA03,0
D,DISPATCH,UNIT_SCADA,1,"2022/10/20 15:45:00",JLA04,0
D,DISPATCH,UNIT_SCADA,1,"2022/10/20 15:45:00",JLB01,0
D,DISPATCH,UNIT_SCADA,1,"2022/10/20 15:45:00",JLB02,0.10
D,DISPATCH,UNIT_SCADA,1,"2022/10/20 15:45:00",JLB03,0
D,DISPATCH,UNIT_SCADA,1,"2022/10/20 15:45:00",JUNEESF1,4.893950
D,DISPATCH,UNIT_SCADA,1,"2022/10/20 15:45:00",KABANWF1,1.3940
D,DISPATCH,UNIT_SCADA,1,"2022/10/20 15:45:00",KAREEYA1,17.7125
D,DISPATCH,UNIT_SCADA,1,"2022/10/20 15:45:00",KAREEYA2,0
D,DISPATCH,UNIT_SCADA,1,"2022/10/20 15:45:00",KAREEYA3,21.19
D,DISPATCH,UNIT_SCADA,1,"2022/10/20 15:45:00",KAREEYA4,0
D,DISPATCH,UNIT_SCADA,1,"2022/10/20 15:45:00",KARSF1,34.60
D,DISPATCH,UNIT_SCADA,1,"2022/10/20 15:45:00",KEPSF1,1.22
D,DISPATCH,UNIT_SCADA,1,"2022/10/20 15:45:00",KEPWF1,23.57
D,DISPATCH,UNIT_SCADA,1,"2022/10/20 15:45:00",KIAMSF1,4.970630
D,DISPATCH,UNIT_SCADA,1,"2022/10/20 15:45:00",KIATAWF1,5.50
D,DISPATCH,UNIT_SCADA,1,"2022/10/20 15:45:00",KPP_1,0
D,DISPATCH,UNIT_SCADA,1,"2022/10/20 15:45:00",KSP1,10.97
D,DISPATCH,UNIT_SCADA,1,"2022/10/20 15:45:00",LADBROK1,0.01
D,DISPATCH,UNIT_SCADA,1,"2022/10/20 15:45:00",LADBROK2,0.02
D,DISPATCH,UNIT_SCADA,1,"2022/10/20 15:45:00",LBBG1,0
D,DISPATCH,UNIT_SCADA,1,"2022/10/20 15:45:00",LBBL1,9.75
D,DISPATCH,UNIT_SCADA,1,"2022/10/20 15:45:00",LD01,268.184450
D,DISPATCH,UNIT_SCADA,1,"2022/10/20 15:45:00",LD02,30.616170
D,DISPATCH,UNIT_SCADA,1,"2022/10/20 15:45:00",LD04,269.356350
D,DISPATCH,UNIT_SCADA,1,"2022/10/20 15:45:00",LEM_WIL,86.582750
D,DISPATCH,UNIT_SCADA,1,"2022/10/20 15:45:00",LGAPWF1,52.97
D,DISPATCH,UNIT_SCADA,1,"2022/10/20 15:45:00",LGAPWF2,32.48
D,DISPATCH,UNIT_SCADA,1,"2022/10/20 15:45:00",LILYSF1,73.400310
D,DISPATCH,UNIT_SCADA,1,"2022/10/20 15:45:00",LIMOSF11,50.843210
D,DISPATCH,UNIT_SCADA,1,"2022/10/20 15:45:00",LIMOSF21,6.125250
D,DISPATCH,UNIT_SCADA,1,"2022/10/20 15:45:00",LI_WY_CA,62.094590
D,DISPATCH,UNIT_SCADA,1,"2022/10/20 15:45:00",LKBONNY1,0
D,DISPATCH,UNIT_SCADA,1,"2022/10/20 15:45:00",LKBONNY2,12.408210
D,DISPATCH,UNIT_SCADA,1,"2022/10/20 15:45:00",LKBONNY3,3.7959
D,DISPATCH,UNIT_SCADA,1,"2022/10/20 15:45:00",LK_ECHO,0
D,DISPATCH,UNIT_SCADA,1,"2022/10/20 15:45:00",LNGS1,0
D,DISPATCH,UNIT_SCADA,1,"2022/10/20 15:45:00",LNGS2,0
D,DISPATCH,UNIT_SCADA,1,"2022/10/20 15:45:00",LONSDALE,0
D,DISPATCH,UNIT_SCADA,1,"2022/10/20 15:45:00",LOYYB1,482.7038
D,DISPATCH,UNIT_SCADA,1,"2022/10/20 15:45:00",LOYYB2,481.200010
D,DISPATCH,UNIT_SCADA,1,"2022/10/20 15:45:00",LYA1,538
D,DISPATCH,UNIT_SCADA,1,"2022/10/20 15:45:00",LYA2,0
D,DISPATCH,UNIT_SCADA,1,"2022/10/20 15:45:00",LYA3,538
D,DISPATCH,UNIT_SCADA,1,"2022/10/20 15:45:00",LYA4,535
D,DISPATCH,UNIT_SCADA,1,"2022/10/20 15:45:00",MACARTH1,57.098680
D,DISPATCH,UNIT_SCADA,1,"2022/10/20 15:45:00",MACKNTSH,0
D,DISPATCH,UNIT_SCADA,1,"2022/10/20 15:45:00",MANSLR1,11.15
D,DISPATCH,UNIT_SCADA,1,"2022/10/20 15:45:00",MAPS2PV1,0
D,DISPATCH,UNIT_SCADA,1,"2022/10/20 15:45:00",MAPS3PV1,0
D,DISPATCH,UNIT_SCADA,1,"2022/10/20 15:45:00",MARYRSF1,16.14
D,DISPATCH,UNIT_SCADA,1,"2022/10/20 15:45:00",MBPS2PV1,0
D,DISPATCH,UNIT_SCADA,1,"2022/10/20 15:45:00",MCKAY1,0.02
D,DISPATCH,UNIT_SCADA,1,"2022/10/20 15:45:00",MEADOWBK,5.973220
D,DISPATCH,UNIT_SCADA,1,"2022/10/20 15:45:00",MERCER01,24.10
D,DISPATCH,UNIT_SCADA,1,"2022/10/20 15:45:00",METZSF1,90.4707
D,DISPATCH,UNIT_SCADA,1,"2022/10/20 15:45:00",MEWF1,33.089530
D,DISPATCH,UNIT_SCADA,1,"2022/10/20 15:45:00",MIDDLSF1,25.98
D,DISPATCH,UNIT_SCADA,1,"2022/10/20 15:45:00",MINTARO,0.128180
D,DISPATCH,UNIT_SCADA,1,"2022/10/20 15:45:00",MOLNGSF1,9.268940
D,DISPATCH,UNIT_SCADA,1,"2022/10/20 15:45:00",MOORAWF1,42.61
D,DISPATCH,UNIT_SCADA,1,"2022/10/20 15:45:00",MOREESF1,6.24
D,DISPATCH,UNIT_SCADA,1,"2022/10/20 15:45:00",MORTLK11,0
D,DISPATCH,UNIT_SCADA,1,"2022/10/20 15:45:00",MORTLK12,0
D,DISPATCH,UNIT_SCADA,1,"2022/10/20 15:45:00",MOUSF1,0
D,DISPATCH,UNIT_SCADA,1,"2022/10/20 15:45:00",MP1,0
D,DISPATCH,UNIT_SCADA,1,"2022/10/20 15:45:00",MP2,538.008730
D,DISPATCH,UNIT_SCADA,1,"2022/10/20 15:45:00",MPP_1,164.8157
D,DISPATCH,UNIT_SCADA,1,"2022/10/20 15:45:00",MPP_2,181.097380
D,DISPATCH,UNIT_SCADA,1,"2022/10/20 15:45:00",MRTLSWF1,0
D,DISPATCH,UNIT_SCADA,1,"2022/10/20 15:45:00",MSTUART1,0
D,DISPATCH,UNIT_SCADA,1,"2022/10/20 15:45:00",MSTUART2,0
D,DISPATCH,UNIT_SCADA,1,"2022/10/20 15:45:00",MSTUART3,0
D,DISPATCH,UNIT_SCADA,1,"2022/10/20 15:45:00",MTGELWF1,53.190710
D,DISPATCH,UNIT_SCADA,1,"2022/10/20 15:45:00",MTMILLAR,12
D,DISPATCH,UNIT_SCADA,1,"2022/10/20 15:45:00",MURRAY,0
D,DISPATCH,UNIT_SCADA,1,"2022/10/20 15:45:00",MUSSELR1,4.80
D,DISPATCH,UNIT_SCADA,1,"2022/10/20 15:45:00",MUWAWF1,55.95
D,DISPATCH,UNIT_SCADA,1,"2022/10/20 15:45:00",MUWAWF2,44.20
D,DISPATCH,UNIT_SCADA,1,"2022/10/20 15:45:00",MWPS1PV1,4.57
D,DISPATCH,UNIT_SCADA,1,"2022/10/20 15:45:00",MWPS2PV1,2.70
D,DISPATCH,UNIT_SCADA,1,"2022/10/20 15:45:00",MWPS3PV1,0.59
D,DISPATCH,UNIT_SCADA,1,"2022/10/20 15:45:00",MWPS4PV1,0.59
D,DISPATCH,UNIT_SCADA,1,"2022/10/20 15:45:00",NBHWF1,0
D,DISPATCH,UNIT_SCADA,1,"2022/10/20 15:45:00",NEVERSF1,7
D,DISPATCH,UNIT_SCADA,1,"2022/10/20 15:45:00",NPS,0
D,DISPATCH,UNIT_SCADA,1,"2022/10/20 15:45:00",NUMURSF1,86.45
D,DISPATCH,UNIT_SCADA,1,"2022/10/20 15:45:00",NYNGAN1,2.25
D,DISPATCH,UNIT_SCADA,1,"2022/10/20 15:45:00",OAKEY1,0
D,DISPATCH,UNIT_SCADA,1,"2022/10/20 15:45:00",OAKEY1SF,4.6820
D,DISPATCH,UNIT_SCADA,1,"2022/10/20 15:45:00",OAKEY2,0
D,DISPATCH,UNIT_SCADA,1,"2022/10/20 15:45:00",OAKEY2SF,8.36
D,DISPATCH,UNIT_SCADA,1,"2022/10/20 15:45:00",OAKLAND1,16.80
D,DISPATCH,UNIT_SCADA,1,"2022/10/20 15:45:00",OSB-AG,40.06
D,DISPATCH,UNIT_SCADA,1,"2022/10/20 15:45:00",PAREPS1,0.7530
D,DISPATCH,UNIT_SCADA,1,"2022/10/20 15:45:00",PAREPW1,64.46
D,DISPATCH,UNIT_SCADA,1,"2022/10/20 15:45:00",PARSF1,50.499730
D,DISPATCH,UNIT_SCADA,1,"2022/10/20 15:45:00",POAT110,0
D,DISPATCH,UNIT_SCADA,1,"2022/10/20 15:45:00",POAT220,0
D,DISPATCH,UNIT_SCADA,1,"2022/10/20 15:45:00",POR01,0
D,DISPATCH,UNIT_SCADA,1,"2022/10/20 15:45:00",POR03,0
D,DISPATCH,UNIT_SCADA,1,"2022/10/20 15:45:00",PPCCGT,161.472260
D,DISPATCH,UNIT_SCADA,1,"2022/10/20 15:45:00",PTSTAN1,0
D,DISPATCH,UNIT_SCADA,1,"2022/10/20 15:45:00",PUMP1,0
D,DISPATCH,UNIT_SCADA,1,"2022/10/20 15:45:00",PUMP2,0
D,DISPATCH,UNIT_SCADA,1,"2022/10/20 15:45:00",QBYNBG1,0
D,DISPATCH,UNIT_SCADA,1,"2022/10/20 15:45:00",QBYNBL1,2.844460
D,DISPATCH,UNIT_SCADA,1,"2022/10/20 15:45:00",QPS1,0
D,DISPATCH,UNIT_SCADA,1,"2022/10/20 15:45:00",QPS2,0
D,DISPATCH,UNIT_SCADA,1,"2022/10/20 15:45:00",QPS3,0
D,DISPATCH,UNIT_SCADA,1,"2022/10/20 15:45:00",QPS4,0
D,DISPATCH,UNIT_SCADA,1,"2022/10/20 15:45:00",QPS5,72.85
D,DISPATCH,UNIT_SCADA,1,"2022/10/20 15:45:00",REECE1,0
D,DISPATCH,UNIT_SCADA,1,"2022/10/20 15:45:00",REECE2,0
D,DISPATCH,UNIT_SCADA,1,"2022/10/20 15:45:00",ROMA_7,0
D,DISPATCH,UNIT_SCADA,1,"2022/10/20 15:45:00",ROMA_8,0
D,DISPATCH,UNIT_SCADA,1,"2022/10/20 15:45:00",RRSF1,48.090370
D,DISPATCH,UNIT_SCADA,1,"2022/10/20 15:45:00",RT_NSW1,0
D,DISPATCH,UNIT_SCADA,1,"2022/10/20 15:45:00",RT_NSW2,0
D,DISPATCH,UNIT_SCADA,1,"2022/10/20 15:45:00",RT_NSW3,0
D,DISPATCH,UNIT_SCADA,1,"2022/10/20 15:45:00",RT_NSW4,0
D,DISPATCH,UNIT_SCADA,1,"2022/10/20 15:45:00",RT_NSW5,0
D,DISPATCH,UNIT_SCADA,1,"2022/10/20 15:45:00",RT_NSW6,0
D,DISPATCH,UNIT_SCADA,1,"2022/10/20 15:45:00",RT_QLD1,0
D,DISPATCH,UNIT_SCADA,1,"2022/10/20 15:45:00",RT_SA1,0
D,DISPATCH,UNIT_SCADA,1,"2022/10/20 15:45:00",RT_SA2,0
D,DISPATCH,UNIT_SCADA,1,"2022/10/20 15:45:00",RT_SA3,0
D,DISPATCH,UNIT_SCADA,1,"2022/10/20 15:45:00",RT_SA4,0
D,DISPATCH,UNIT_SCADA,1,"2022/10/20 15:45:00",RT_SA5,0
D,DISPATCH,UNIT_SCADA,1,"2022/10/20 15:45:00",RT_SA6,0
D,DISPATCH,UNIT_SCADA,1,"2022/10/20 15:45:00",RT_TAS1,0
D,DISPATCH,UNIT_SCADA,1,"2022/10/20 15:45:00",RT_VIC1,0
D,DISPATCH,UNIT_SCADA,1,"2022/10/20 15:45:00",RT_VIC10,0
D,DISPATCH,UNIT_SCADA,1,"2022/10/20 15:45:00",RT_VIC11,0
D,DISPATCH,UNIT_SCADA,1,"2022/10/20 15:45:00",RT_VIC12,0
D,DISPATCH,UNIT_SCADA,1,"2022/10/20 15:45:00",RT_VIC2,0
D,DISPATCH,UNIT_SCADA,1,"2022/10/20 15:45:00",RT_VIC3,0
D,DISPATCH,UNIT_SCADA,1,"2022/10/20 15:45:00",RT_VIC4,0
D,DISPATCH,UNIT_SCADA,1,"2022/10/20 15:45:00",RT_VIC5,0
D,DISPATCH,UNIT_SCADA,1,"2022/10/20 15:45:00",RT_VIC6,0
D,DISPATCH,UNIT_SCADA,1,"2022/10/20 15:45:00",RT_VIC7,0
D,DISPATCH,UNIT_SCADA,1,"2022/10/20 15:45:00",RT_VIC8,0
D,DISPATCH,UNIT_SCADA,1,"2022/10/20 15:45:00",RT_VIC9,0
D,DISPATCH,UNIT_SCADA,1,"2022/10/20 15:45:00",RUGBYR1,0.000480
D,DISPATCH,UNIT_SCADA,1,"2022/10/20 15:45:00",SALTCRK1,25.54
D,DISPATCH,UNIT_SCADA,1,"2022/10/20 15:45:00",SAPHWF1,36.1410
D,DISPATCH,UNIT_SCADA,1,"2022/10/20 15:45:00",SEBSF1,13.955320
D,DISPATCH,UNIT_SCADA,1,"2022/10/20 15:45:00",SHGEN,0
D,DISPATCH,UNIT_SCADA,1,"2022/10/20 15:45:00",SHPUMP,0
D,DISPATCH,UNIT_SCADA,1,"2022/10/20 15:45:00",SITHE01,0.123710
D,DISPATCH,UNIT_SCADA,1,"2022/10/20 15:45:00",SMCSF1,2.5170
D,DISPATCH,UNIT_SCADA,1,"2022/10/20 15:45:00",SNAPPER1,0
D,DISPATCH,UNIT_SCADA,1,"2022/10/20 15:45:00",SNOWNTH1,13.80
D,DISPATCH,UNIT_SCADA,1,"2022/10/20 15:45:00",SNOWSTH1,12
D,DISPATCH,UNIT_SCADA,1,"2022/10/20 15:45:00",SNOWTWN1,6.289420
D,DISPATCH,UNIT_SCADA,1,"2022/10/20 15:45:00",SNOWYP,0
D,DISPATCH,UNIT_SCADA,1,"2022/10/20 15:45:00",SNUG1,0
D,DISPATCH,UNIT_SCADA,1,"2022/10/20 15:45:00",SRSF1,2.13
D,DISPATCH,UNIT_SCADA,1,"2022/10/20 15:45:00",STAN-1,309.6524
D,DISPATCH,UNIT_SCADA,1,"2022/10/20 15:45:00",STAN-2,343.6965
D,DISPATCH,UNIT_SCADA,1,"2022/10/20 15:45:00",STAN-3,143.879810
D,DISPATCH,UNIT_SCADA,1,"2022/10/20 15:45:00",STAN-4,343.850310
D,DISPATCH,UNIT_SCADA,1,"2022/10/20 15:45:00",STARHLWF,14.3958
D,DISPATCH,UNIT_SCADA,1,"2022/10/20 15:45:00",STOCKYD1,208.17
D,DISPATCH,UNIT_SCADA,1,"2022/10/20 15:45:00",STWF1,0
D,DISPATCH,UNIT_SCADA,1,"2022/10/20 15:45:00",SUNRSF1,39.620050
D,DISPATCH,UNIT_SCADA,1,"2022/10/20 15:45:00",SUNTPSF1,31.3048
D,DISPATCH,UNIT_SCADA,1,"2022/10/20 15:45:00",SWAN_E,191.617510
D,DISPATCH,UNIT_SCADA,1,"2022/10/20 15:45:00",TALWA1,0
D,DISPATCH,UNIT_SCADA,1,"2022/10/20 15:45:00",TARALGA1,0
D,DISPATCH,UNIT_SCADA,1,"2022/10/20 15:45:00",TARONG#1,342.100010
D,DISPATCH,UNIT_SCADA,1,"2022/10/20 15:45:00",TARONG#2,342.300020
D,DISPATCH,UNIT_SCADA,1,"2022/10/20 15:45:00",TARONG#3,0.90
D,DISPATCH,UNIT_SCADA,1,"2022/10/20 15:45:00",TARONG#4,282.100010
D,DISPATCH,UNIT_SCADA,1,"2022/10/20 15:45:00",TARRALEA,54
D,DISPATCH,UNIT_SCADA,1,"2022/10/20 15:45:00",TBSF1,0.10
D,DISPATCH,UNIT_SCADA,1,"2022/10/20 15:45:00",TNPS1,344.6875
D,DISPATCH,UNIT_SCADA,1,"2022/10/20 15:45:00",TORRB1,0
D,DISPATCH,UNIT_SCADA,1,"2022/10/20 15:45:00",TORRB2,51
D,DISPATCH,UNIT_SCADA,1,"2022/10/20 15:45:00",TORRB3,0
D,DISPATCH,UNIT_SCADA,1,"2022/10/20 15:45:00",TORRB4,0
D,DISPATCH,UNIT_SCADA,1,"2022/10/20 15:45:00",TREVALLN,100.465420
D,DISPATCH,UNIT_SCADA,1,"2022/10/20 15:45:00",TRIBUTE,0
D,DISPATCH,UNIT_SCADA,1,"2022/10/20 15:45:00",TUMUT3,115.579990
D,DISPATCH,UNIT_SCADA,1,"2022/10/20 15:45:00",TUNGATIN,3.750020
D,DISPATCH,UNIT_SCADA,1,"2022/10/20 15:45:00",TVCC201,0
D,DISPATCH,UNIT_SCADA,1,"2022/10/20 15:45:00",TVPP104,0
D,DISPATCH,UNIT_SCADA,1,"2022/10/20 15:45:00",UPPTUMUT,0
D,DISPATCH,UNIT_SCADA,1,"2022/10/20 15:45:00",URANQ11,0
D,DISPATCH,UNIT_SCADA,1,"2022/10/20 15:45:00",URANQ12,0
D,DISPATCH,UNIT_SCADA,1,"2022/10/20 15:45:00",URANQ13,0
D,DISPATCH,UNIT_SCADA,1,"2022/10/20 15:45:00",URANQ14,0
D,DISPATCH,UNIT_SCADA,1,"2022/10/20 15:45:00",VBBG1,0
D,DISPATCH,UNIT_SCADA,1,"2022/10/20 15:45:00",VBBL1,30.50
D,DISPATCH,UNIT_SCADA,1,"2022/10/20 15:45:00",VP5,545.280330
D,DISPATCH,UNIT_SCADA,1,"2022/10/20 15:45:00",VP6,544.816410
D,DISPATCH,UNIT_SCADA,1,"2022/10/20 15:45:00",VPGS1,0
D,DISPATCH,UNIT_SCADA,1,"2022/10/20 15:45:00",VPGS2,0
D,DISPATCH,UNIT_SCADA,1,"2022/10/20 15:45:00",VPGS3,0
D,DISPATCH,UNIT_SCADA,1,"2022/10/20 15:45:00",VPGS4,0
D,DISPATCH,UNIT_SCADA,1,"2022/10/20 15:45:00",VPGS5,0
D,DISPATCH,UNIT_SCADA,1,"2022/10/20 15:45:00",VPGS6,0
D,DISPATCH,UNIT_SCADA,1,"2022/10/20 15:45:00",W/HOE#1,0
D,DISPATCH,UNIT_SCADA,1,"2022/10/20 15:45:00",W/HOE#2,0
D,DISPATCH,UNIT_SCADA,1,"2022/10/20 15:45:00",WAGGNSF1,0
D,DISPATCH,UNIT_SCADA,1,"2022/10/20 15:45:00",WALGRVG1,0
D,DISPATCH,UNIT_SCADA,1,"2022/10/20 15:45:00",WALGRVL1,34.913390
D,DISPATCH,UNIT_SCADA,1,"2022/10/20 15:45:00",WANDBG1,0
D,DISPATCH,UNIT_SCADA,1,"2022/10/20 15:45:00",WANDBL1,1.667750
D,DISPATCH,UNIT_SCADA,1,"2022/10/20 15:45:00",WARWSF1,4
D,DISPATCH,UNIT_SCADA,1,"2022/10/20 15:45:00",WARWSF2,3.48
D,DISPATCH,UNIT_SCADA,1,"2022/10/20 15:45:00",WATERLWF,1
D,DISPATCH,UNIT_SCADA,1,"2022/10/20 15:45:00",WDGPH1,37.8150
D,DISPATCH,UNIT_SCADA,1,"2022/10/20 15:45:00",WELLSF1,37.6257
D,DISPATCH,UNIT_SCADA,1,"2022/10/20 15:45:00",WEMENSF1,13.40
D,DISPATCH,UNIT_SCADA,1,"2022/10/20 15:45:00",WGWF1,2.20
D,DISPATCH,UNIT_SCADA,1,"2022/10/20 15:45:00",WHITSF1,20.10
D,DISPATCH,UNIT_SCADA,1,"2022/10/20 15:45:00",WINTSF1,84.97
D,DISPATCH,UNIT_SCADA,1,"2022/10/20 15:45:00",WKIEWA1,31.50
D,DISPATCH,UNIT_SCADA,1,"2022/10/20 15:45:00",WKIEWA2,13.80
D,DISPATCH,UNIT_SCADA,1,"2022/10/20 15:45:00",WOODLWN1,30.072240
D,DISPATCH,UNIT_SCADA,1,"2022/10/20 15:45:00",WOOLGSF1,5.850110
D,DISPATCH,UNIT_SCADA,1,"2022/10/20 15:45:00",WPWF,46.80
D,DISPATCH,UNIT_SCADA,1,"2022/10/20 15:45:00",WRSF1,4.000370
D,DISPATCH,UNIT_SCADA,1,"2022/10/20 15:45:00",WRWF1,12.939040
D,DISPATCH,UNIT_SCADA,1,"2022/10/20 15:45:00",WSTWYSF1,2.724740
D,DISPATCH,UNIT_SCADA,1,"2022/10/20 15:45:00",YABULU,0
D,DISPATCH,UNIT_SCADA,1,"2022/10/20 15:45:00",YABULU2,0
D,DISPATCH,UNIT_SCADA,1,"2022/10/20 15:45:00",YARANSF1,41.99
D,DISPATCH,UNIT_SCADA,1,"2022/10/20 15:45:00",YARWUN_1,159.599990
D,DISPATCH,UNIT_SCADA,1,"2022/10/20 15:45:00",YATSF1,38.26
D,DISPATCH,UNIT_SCADA,1,"2022/10/20 15:45:00",YENDWF1,24.51
D,DISPATCH,UNIT_SCADA,1,"2022/10/20 15:45:00",YWPS1,359.397460
D,DISPATCH,UNIT_SCADA,1,"2022/10/20 15:45:00",YWPS2,288.217710
D,DISPATCH,UNIT_SCADA,1,"2022/10/20 15:45:00",YWPS3,355.436710
D,DISPATCH,UNIT_SCADA,1,"2022/10/20 15:45:00",YWPS4,0
C,"END OF REPORT",419
