C,NEMP.WORLD,DISPATCHSCADA,AEMO,PUBLIC,2022/10/20,14:10:09,0000000373259828,DISPATCHSCADA,0000000373259822
I,DISPATCH,UNIT_SCADA,1,SETTLEMENTDATE,DUID,SCADAVALUE
D,DISPATCH,UNIT_SCADA,1,"2022/10/20 14:15:00",BARCSF1,11
D,DISPATCH,UNIT_SCADA,1,"2022/10/20 14:15:00",BUTLERSG,8.699999
D,DISPATCH,UNIT_SCADA,1,"2022/10/20 14:15:00",CAPTL_WF,64.161133
D,DISPATCH,UNIT_SCADA,1,"2022/10/20 14:15:00",CHALLHWF,9.40
D,DISPATCH,UNIT_SCADA,1,"2022/10/20 14:15:00",CLOVER,10.63
D,DISPATCH,UNIT_SCADA,1,"2022/10/20 14:15:00",CLUNY,6.286564
D,DISPATCH,UNIT_SCADA,1,"2022/10/20 14:15:00",CULLRGWF,-0.03
D,DISPATCH,UNIT_SCADA,1,"2022/10/20 14:15:00",DIAPURWF1,6.20
D,DISPATCH,UNIT_SCADA,1,"2022/10/20 14:15:00",ERGT01,0
D,DISPATCH,UNIT_SCADA,1,"2022/10/20 14:15:00",GB01,0
D,DISPATCH,UNIT_SCADA,1,"2022/10/20 14:15:00",GERMCRK,21.10
D,DISPATCH,UNIT_SCADA,1,"2022/10/20 14:15:00",GRIFSF1,5.400168
D,DISPATCH,UNIT_SCADA,1,"2022/10/20 14:15:00",HEZ1,0
D,DISPATCH,UNIT_SCADA,1,"2022/10/20 14:15:00",HUGSF1,7.03
D,DISPATCH,UNIT_SCADA,1,"2022/10/20 14:15:00",KEPBG1,0
D,DISPATCH,UNIT_SCADA,1,"2022/10/20 14:15:00",LRSF1,7.2940
D,DISPATCH,UNIT_SCADA,1,"2022/10/20 14:15:00",MBAHNTH,43.293747
D,DISPATCH,UNIT_SCADA,1,"2022/10/20 14:15:00",MLSP1,3.354001
D,DISPATCH,UNIT_SCADA,1,"2022/10/20 14:15:00",MLWF1,3.4950
D,DISPATCH,UNIT_SCADA,1,"2022/10/20 14:15:00",PALOONA,30.119999
D,DISPATCH,UNIT_SCADA,1,"2022/10/20 14:15:00",PIONEER,37.400002
D,DISPATCH,UNIT_SCADA,1,"2022/10/20 14:15:00",PORTWF,73.599998
D,DISPATCH,UNIT_SCADA,1,"2022/10/20 14:15:00",REPULSE,9.677272
D,DISPATCH,UNIT_SCADA,1,"2022/10/20 14:15:00",ROWALLAN,8.8111
D,DISPATCH,UNIT_SCADA,1,"2022/10/20 14:15:00",ROYALLA1,4.637003
D,DISPATCH,UNIT_SCADA,1,"2022/10/20 14:15:00",RPCG,-1.80
D,DISPATCH,UNIT_SCADA,1,"2022/10/20 14:15:00",RUBICON,0
D,DISPATCH,UNIT_SCADA,1,"2022/10/20 14:15:00",WAUBRAWF,60.4170
D,DISPATCH,UNIT_SCADA,1,"2022/10/20 14:15:00",WOOLNTH1,95.720001
D,DISPATCH,UNIT_SCADA,1,"2022/10/20 14:15:00",YAMBUKWF,9
D,DISPATCH,UNIT_SCADA,1,"2022/10/20 14:15:00",YSWF1,2.40
D,DISPATCH,UNIT_SCADA,1,"2022/10/20 14:15:00",ADPBA1G,0.0080
D,DISPATCH,UNIT_SCADA,1,"2022/10/20 14:15:00",ADPBA1L,0
D,DISPATCH,UNIT_SCADA,1,"2022/10/20 14:15:00",ADPPV1,8.7880
D,DISPATCH,UNIT_SCADA,1,"2022/10/20 14:15:00",AGLHAL,0
D,DISPATCH,UNIT_SCADA,1,"2022/10/20 14:15:00",AGLSOM,0
D,DISPATCH,UNIT_SCADA,1,"2022/10/20 14:15:00",ANGAST1,0
D,DISPATCH,UNIT_SCADA,1,"2022/10/20 14:15:00",ARWF1,6
D,DISPATCH,UNIT_SCADA,1,"2022/10/20 14:15:00",BALBG1,0
D,DISPATCH,UNIT_SCADA,1,"2022/10/20 14:15:00",BALBL1,0
D,DISPATCH,UNIT_SCADA,1,"2022/10/20 14:15:00",BALDHWF1,74.5050
D,DISPATCH,UNIT_SCADA,1,"2022/10/20 14:15:00",BANGOWF1,25.598540
D,DISPATCH,UNIT_SCADA,1,"2022/10/20 14:15:00",BANGOWF2,0
D,DISPATCH,UNIT_SCADA,1,"2022/10/20 14:15:00",BANN1,34.94
D,DISPATCH,UNIT_SCADA,1,"2022/10/20 14:15:00",BARCALDN,0
D,DISPATCH,UNIT_SCADA,1,"2022/10/20 14:15:00",BARKIPS1,0
D,DISPATCH,UNIT_SCADA,1,"2022/10/20 14:15:00",BARRON-1,0
D,DISPATCH,UNIT_SCADA,1,"2022/10/20 14:15:00",BARRON-2,0
D,DISPATCH,UNIT_SCADA,1,"2022/10/20 14:15:00",BASTYAN,53.48
D,DISPATCH,UNIT_SCADA,1,"2022/10/20 14:15:00",BBTHREE1,0
D,DISPATCH,UNIT_SCADA,1,"2022/10/20 14:15:00",BBTHREE2,21.21
D,DISPATCH,UNIT_SCADA,1,"2022/10/20 14:15:00",BBTHREE3,-1.04
D,DISPATCH,UNIT_SCADA,1,"2022/10/20 14:15:00",BDL01,0
D,DISPATCH,UNIT_SCADA,1,"2022/10/20 14:15:00",BDL02,0
D,DISPATCH,UNIT_SCADA,1,"2022/10/20 14:15:00",BERYLSF1,0.341180
D,DISPATCH,UNIT_SCADA,1,"2022/10/20 14:15:00",BLOWERNG,62.60
D,DISPATCH,UNIT_SCADA,1,"2022/10/20 14:15:00",BLUEGSF1,44.183550
D,DISPATCH,UNIT_SCADA,1,"2022/10/20 14:15:00",BLUFF1,0
D,DISPATCH,UNIT_SCADA,1,"2022/10/20 14:15:00",BNGSF1,20.85
D,DISPATCH,UNIT_SCADA,1,"2022/10/20 14:15:00",BNGSF2,20.60
D,DISPATCH,UNIT_SCADA,1,"2022/10/20 14:15:00",BOCORWF1,38.02
D,DISPATCH,UNIT_SCADA,1,"2022/10/20 14:15:00",BODWF1,71.400160
D,DISPATCH,UNIT_SCADA,1,"2022/10/20 14:15:00",BOMENSF1,48.862440
D,DISPATCH,UNIT_SCADA,1,"2022/10/20 14:15:00",BOWWBA1G,0
D,DISPATCH,UNIT_SCADA,1,"2022/10/20 14:15:00",BOWWBA1L,0.0010
D,DISPATCH,UNIT_SCADA,1,"2022/10/20 14:15:00",BOWWPV1,0
D,DISPATCH,UNIT_SCADA,1,"2022/10/20 14:15:00",BRAEMAR1,0
D,DISPATCH,UNIT_SCADA,1,"2022/10/20 14:15:00",BRAEMAR2,0
D,DISPATCH,UNIT_SCADA,1,"2022/10/20 14:15:00",BRAEMAR3,0
D,DISPATCH,UNIT_SCADA,1,"2022/10/20 14:15:00",BRAEMAR5,0.292060
D,DISPATCH,UNIT_SCADA,1,"2022/10/20 14:15:00",BRAEMAR6,0
D,DISPATCH,UNIT_SCADA,1,"2022/10/20 14:15:00",BRAEMAR7,0.130920
D,DISPATCH,UNIT_SCADA,1,"2022/10/20 14:15:00",BROKENH1,38.299420
D,DISPATCH,UNIT_SCADA,1,"2022/10/20 14:15:00",BRYB1WF1,93.522540
D,DISPATCH,UNIT_SCADA,1,"2022/10/20 14:15:00",BULBESG1,0
D,DISPATCH,UNIT_SCADA,1,"2022/10/20 14:15:00",BULBESL1,1.70
D,DISPATCH,UNIT_SCADA,1,"2022/10/20 14:15:00",BULGANA1,10.90
D,DISPATCH,UNIT_SCADA,1,"2022/10/20 14:15:00",BW01,660.569150
D,DISPATCH,UNIT_SCADA,1,"2022/10/20 14:15:00",BW02,618.625180
D,DISPATCH,UNIT_SCADA,1,"2022/10/20 14:15:00",BW03,534.493040
D,DISPATCH,UNIT_SCADA,1,"2022/10/20 14:15:00",BW04,0
D,DISPATCH,UNIT_SCADA,1,"2022/10/20 14:15:00",CALL_B_1,320.600010
D,DISPATCH,UNIT_SCADA,1,"2022/10/20 14:15:00",CALL_B_2,320
D,DISPATCH,UNIT_SCADA,1,"2022/10/20 14:15:00",CATHROCK,8.30
D,DISPATCH,UNIT_SCADA,1,"2022/10/20 14:15:00",CBWWBA1G,0
D,DISPATCH,UNIT_SCADA,1,"2022/10/20 14:15:00",CBWWBA1L,0
D,DISPATCH,UNIT_SCADA,1,"2022/10/20 14:15:00",CETHANA,86.269380
D,DISPATCH,UNIT_SCADA,1,"2022/10/20 14:15:00",CG1,0
D,DISPATCH,UNIT_SCADA,1,"2022/10/20 14:15:00",CG2,0
D,DISPATCH,UNIT_SCADA,1,"2022/10/20 14:15:00",CG3,0
D,DISPATCH,UNIT_SCADA,1,"2022/10/20 14:15:00",CG4,0
D,DISPATCH,UNIT_SCADA,1,"2022/10/20 14:15:00",CHILDSF1,15.75
D,DISPATCH,UNIT_SCADA,1,"2022/10/20 14:15:00",CHYTWF1,7.95
D,DISPATCH,UNIT_SCADA,1,"2022/10/20 14:15:00",CLARESF1,96.661510
D,DISPATCH,UNIT_SCADA,1,"2022/10/20 14:15:00",CLEMGPWF,12.534090
D,DISPATCH,UNIT_SCADA,1,"2022/10/20 14:15:00",CLERMSF1,69.73
D,DISPATCH,UNIT_SCADA,1,"2022/10/20 14:15:00",CNUNDAWF,10.1118
D,DISPATCH,UNIT_SCADA,1,"2022/10/20 14:15:00",COHUNSF1,5.94
D,DISPATCH,UNIT_SCADA,1,"2022/10/20 14:15:00",COLEASF1,26.700620
D,DISPATCH,UNIT_SCADA,1,"2022/10/20 14:15:00",COLUMSF1,27.1390
D,DISPATCH,UNIT_SCADA,1,"2022/10/20 14:15:00",COLWF01,96.801710
D,DISPATCH,UNIT_SCADA,1,"2022/10/20 14:15:00",COOPGWF1,54.87
D,DISPATCH,UNIT_SCADA,1,"2022/10/20 14:15:00",CPP_3,378.950010
D,DISPATCH,UNIT_SCADA,1,"2022/10/20 14:15:00",CPP_4,0
D,DISPATCH,UNIT_SCADA,1,"2022/10/20 14:15:00",CPSA,0
D,DISPATCH,UNIT_SCADA,1,"2022/10/20 14:15:00",CROOKWF2,38.732890
D,DISPATCH,UNIT_SCADA,1,"2022/10/20 14:15:00",CROWLWF1,0
D,DISPATCH,UNIT_SCADA,1,"2022/10/20 14:15:00",CRURWF1,31.9958
D,DISPATCH,UNIT_SCADA,1,"2022/10/20 14:15:00",CRWASF1,10.673150
D,DISPATCH,UNIT_SCADA,1,"2022/10/20 14:15:00",CSPVPS1,11.3590
D,DISPATCH,UNIT_SCADA,1,"2022/10/20 14:15:00",CTHLWF1,0.003050
D,DISPATCH,UNIT_SCADA,1,"2022/10/20 14:15:00",DALNTH01,0
D,DISPATCH,UNIT_SCADA,1,"2022/10/20 14:15:00",DALNTHL1,0.083920
D,DISPATCH,UNIT_SCADA,1,"2022/10/20 14:15:00",DARLSF1,74.992540
D,DISPATCH,UNIT_SCADA,1,"2022/10/20 14:15:00",DARTM1,0
D,DISPATCH,UNIT_SCADA,1,"2022/10/20 14:15:00",DAYDSF1,47.7580
D,DISPATCH,UNIT_SCADA,1,"2022/10/20 14:15:00",DDPS1,0
D,DISPATCH,UNIT_SCADA,1,"2022/10/20 14:15:00",DDSF1,24.640510
D,DISPATCH,UNIT_SCADA,1,"2022/10/20 14:15:00",DEVILS_G,59.677110
D,DISPATCH,UNIT_SCADA,1,"2022/10/20 14:15:00",DG_NSW1,0
D,DISPATCH,UNIT_SCADA,1,"2022/10/20 14:15:00",DG_QLD1,0
D,DISPATCH,UNIT_SCADA,1,"2022/10/20 14:15:00",DG_SA1,0
D,DISPATCH,UNIT_SCADA,1,"2022/10/20 14:15:00",DG_TAS1,0
D,DISPATCH,UNIT_SCADA,1,"2022/10/20 14:15:00",DG_VIC1,0
D,DISPATCH,UNIT_SCADA,1,"2022/10/20 14:15:00",DRYCGT1,0
D,DISPATCH,UNIT_SCADA,1,"2022/10/20 14:15:00",DRYCGT2,0
D,DISPATCH,UNIT_SCADA,1,"2022/10/20 14:15:00",DRYCGT3,0
D,DISPATCH,UNIT_SCADA,1,"2022/10/20 14:15:00",DUNDWF1,54.80
D,DISPATCH,UNIT_SCADA,1,"2022/10/20 14:15:00",DUNDWF2,13.51
D,DISPATCH,UNIT_SCADA,1,"2022/10/20 14:15:00",DUNDWF3,48.37
D,DISPATCH,UNIT_SCADA,1,"2022/10/20 14:15:00",EILDON1,60.52
D,DISPATCH,UNIT_SCADA,1,"2022/10/20 14:15:00",EILDON2,59.96
D,DISPATCH,UNIT_SCADA,1,"2022/10/20 14:15:00",ELAINWF1,24.55
D,DISPATCH,UNIT_SCADA,1,"2022/10/20 14:15:00",EMERASF1,0
D,DISPATCH,UNIT_SCADA,1,"2022/10/20 14:15:00",ER01,0
D,DISPATCH,UNIT_SCADA,1,"2022/10/20 14:15:00",ER02,446.015110
D,DISPATCH,UNIT_SCADA,1,"2022/10/20 14:15:00",ER03,481.8555
D,DISPATCH,UNIT_SCADA,1,"2022/10/20 14:15:00",ER04,478.803680
D,DISPATCH,UNIT_SCADA,1,"2022/10/20 14:15:00",FINLYSF1,114.305340
D,DISPATCH,UNIT_SCADA,1,"2022/10/20 14:15:00",FISHER,43.69
D,DISPATCH,UNIT_SCADA,1,"2022/10/20 14:15:00",GANGARR1,28.8110
D,DISPATCH,UNIT_SCADA,1,"2022/10/20 14:15:00",GANNBG1,0
D,DISPATCH,UNIT_SCADA,1,"2022/10/20 14:15:00",GANNBL1,1.694920
D,DISPATCH,UNIT_SCADA,1,"2022/10/20 14:15:00",GANNSF1,30.90
D,DISPATCH,UNIT_SCADA,1,"2022/10/20 14:15:00",GLRWNSF1,81.80
D,DISPATCH,UNIT_SCADA,1,"2022/10/20 14:15:00",GNNDHSF1,26.217210
D,DISPATCH,UNIT_SCADA,1,"2022/10/20 14:15:00",GOONSF1,41.886630
D,DISPATCH,UNIT_SCADA,1,"2022/10/20 14:15:00",GORDON,210.912410
D,DISPATCH,UNIT_SCADA,1,"2022/10/20 14:15:00",GRANWF1,0
D,DISPATCH,UNIT_SCADA,1,"2022/10/20 14:15:00",GSTONE1,202.649990
D,DISPATCH,UNIT_SCADA,1,"2022/10/20 14:15:00",GSTONE2,0
D,DISPATCH,UNIT_SCADA,1,"2022/10/20 14:15:00",GSTONE3,199.6750
D,DISPATCH,UNIT_SCADA,1,"2022/10/20 14:15:00",GSTONE4,0
D,DISPATCH,UNIT_SCADA,1,"2022/10/20 14:15:00",GSTONE5,188.30
D,DISPATCH,UNIT_SCADA,1,"2022/10/20 14:15:00",GSTONE6,203.1750
D,DISPATCH,UNIT_SCADA,1,"2022/10/20 14:15:00",GULLRSF1,1.104980
D,DISPATCH,UNIT_SCADA,1,"2022/10/20 14:15:00",GULLRWF1,57.174130
D,DISPATCH,UNIT_SCADA,1,"2022/10/20 14:15:00",GULLRWF2,58.120030
D,DISPATCH,UNIT_SCADA,1,"2022/10/20 14:15:00",GUNNING1,0
D,DISPATCH,UNIT_SCADA,1,"2022/10/20 14:15:00",GUTHEGA,64.70
D,DISPATCH,UNIT_SCADA,1,"2022/10/20 14:15:00",HALLWF1,0
D,DISPATCH,UNIT_SCADA,1,"2022/10/20 14:15:00",HALLWF2,1.36
D,DISPATCH,UNIT_SCADA,1,"2022/10/20 14:15:00",HAMISF1,22.40
D,DISPATCH,UNIT_SCADA,1,"2022/10/20 14:15:00",HAUGHT11,95.606490
D,DISPATCH,UNIT_SCADA,1,"2022/10/20 14:15:00",HAYMSF1,16.5610
D,DISPATCH,UNIT_SCADA,1,"2022/10/20 14:15:00",HDWF1,4.50
D,DISPATCH,UNIT_SCADA,1,"2022/10/20 14:15:00",HDWF2,7.50
D,DISPATCH,UNIT_SCADA,1,"2022/10/20 14:15:00",HDWF3,5.20
D,DISPATCH,UNIT_SCADA,1,"2022/10/20 14:15:00",HILLSTN1,49.956860
D,DISPATCH,UNIT_SCADA,1,"2022/10/20 14:15:00",HPRG1,0
D,DISPATCH,UNIT_SCADA,1,"2022/10/20 14:15:00",HPRL1,28.90
D,DISPATCH,UNIT_SCADA,1,"2022/10/20 14:15:00",HUMENSW,54.432160
D,DISPATCH,UNIT_SCADA,1,"2022/10/20 14:15:00",HUMEV,0
D,DISPATCH,UNIT_SCADA,1,"2022/10/20 14:15:00",HVWWBA1G,0
D,DISPATCH,UNIT_SCADA,1,"2022/10/20 14:15:00",HVWWBA1L,0.0070
D,DISPATCH,UNIT_SCADA,1,"2022/10/20 14:15:00",HVWWPV1,5.0140
D,DISPATCH,UNIT_SCADA,1,"2022/10/20 14:15:00",JBUTTERS,0
D,DISPATCH,UNIT_SCADA,1,"2022/10/20 14:15:00",JEMALNG1,19.66
D,DISPATCH,UNIT_SCADA,1,"2022/10/20 14:15:00",JLA01,0
D,DISPATCH,UNIT_SCADA,1,"2022/10/20 14:15:00",JLA02,0
D,DISPATCH,UNIT_SCADA,1,"2022/10/20 14:15:00",JLA03,0
D,DISPATCH,UNIT_SCADA,1,"2022/10/20 14:15:00",JLA04,0
D,DISPATCH,UNIT_SCADA,1,"2022/10/20 14:15:00",JLB01,0
D,DISPATCH,UNIT_SCADA,1,"2022/10/20 14:15:00",JLB02,0.10
D,DISPATCH,UNIT_SCADA,1,"2022/10/20 14:15:00",JLB03,0
D,DISPATCH,UNIT_SCADA,1,"2022/10/20 14:15:00",JUNEESF1,10.036740
D,DISPATCH,UNIT_SCADA,1,"2022/10/20 14:15:00",KABANWF1,0
D,DISPATCH,UNIT_SCADA,1,"2022/10/20 14:15:00",KAREEYA1,0
D,DISPATCH,UNIT_SCADA,1,"2022/10/20 14:15:00",KAREEYA2,0
D,DISPATCH,UNIT_SCADA,1,"2022/10/20 14:15:00",KAREEYA3,4.9925
D,DISPATCH,UNIT_SCADA,1,"2022/10/20 14:15:00",KAREEYA4,0
D,DISPATCH,UNIT_SCADA,1,"2022/10/20 14:15:00",KARSF1,15.60
D,DISPATCH,UNIT_SCADA,1,"2022/10/20 14:15:00",KEPSF1,12.11
D,DISPATCH,UNIT_SCADA,1,"2022/10/20 14:15:00",KEPWF1,7.55
D,DISPATCH,UNIT_SCADA,1,"2022/10/20 14:15:00",KIAMSF1,19.649810
D,DISPATCH,UNIT_SCADA,1,"2022/10/20 14:15:00",KIATAWF1,11.70
D,DISPATCH,UNIT_SCADA,1,"2022/10/20 14:15:00",KPP_1,0
D,DISPATCH,UNIT_SCADA,1,"2022/10/20 14:15:00",KSP1,16.90
D,DISPATCH,UNIT_SCADA,1,"2022/10/20 14:15:00",LADBROK1,0.01
D,DISPATCH,UNIT_SCADA,1,"2022/10/20 14:15:00",LADBROK2,0.02
D,DISPATCH,UNIT_SCADA,1,"2022/10/20 14:15:00",LBBG1,0
D,DISPATCH,UNIT_SCADA,1,"2022/10/20 14:15:00",LBBL1,2.70
D,DISPATCH,UNIT_SCADA,1,"2022/10/20 14:15:00",LD01,281.972720
D,DISPATCH,UNIT_SCADA,1,"2022/10/20 14:15:00",LD02,0
D,DISPATCH,UNIT_SCADA,1,"2022/10/20 14:15:00",LD04,278.640110
D,DISPATCH,UNIT_SCADA,1,"2022/10/20 14:15:00",LEM_WIL,79.108480
D,DISPATCH,UNIT_SCADA,1,"2022/10/20 14:15:00",LGAPWF1,50.37
D,DISPATCH,UNIT_SCADA,1,"2022/10/20 14:15:00",LGAPWF2,40.46
D,DISPATCH,UNIT_SCADA,1,"2022/10/20 14:15:00",LILYSF1,82.837490
D,DISPATCH,UNIT_SCADA,1,"2022/10/20 14:15:00",LIMOSF11,72.7979
D,DISPATCH,UNIT_SCADA,1,"2022/10/20 14:15:00",LIMOSF21,10.959240
D,DISPATCH,UNIT_SCADA,1,"2022/10/20 14:15:00",LI_WY_CA,62.331390
D,DISPATCH,UNIT_SCADA,1,"2022/10/20 14:15:00",LKBONNY1,0
D,DISPATCH,UNIT_SCADA,1,"2022/10/20 14:15:00",LKBONNY2,16.170540
D,DISPATCH,UNIT_SCADA,1,"2022/10/20 14:15:00",LKBONNY3,2.121240
D,DISPATCH,UNIT_SCADA,1,"2022/10/20 14:15:00",LK_ECHO,0
D,DISPATCH,UNIT_SCADA,1,"2022/10/20 14:15:00",LNGS1,0
D,DISPATCH,UNIT_SCADA,1,"2022/10/20 14:15:00",LNGS2,0
D,DISPATCH,UNIT_SCADA,1,"2022/10/20 14:15:00",LONSDALE,0
D,DISPATCH,UNIT_SCADA,1,"2022/10/20 14:15:00",LOYYB1,467.289890
D,DISPATCH,UNIT_SCADA,1,"2022/10/20 14:15:00",LOYYB2,475.184810
D,DISPATCH,UNIT_SCADA,1,"2022/10/20 14:15:00",LYA1,407
D,DISPATCH,UNIT_SCADA,1,"2022/10/20 14:15:00",LYA2,0
D,DISPATCH,UNIT_SCADA,1,"2022/10/20 14:15:00",LYA3,412
D,DISPATCH,UNIT_SCADA,1,"2022/10/20 14:15:00",LYA4,411
D,DISPATCH,UNIT_SCADA,1,"2022/10/20 14:15:00",MACARTH1,56.1987
D,DISPATCH,UNIT_SCADA,1,"2022/10/20 14:15:00",MACKNTSH,0
D,DISPATCH,UNIT_SCADA,1,"2022/10/20 14:15:00",MANSLR1,43.1370
D,DISPATCH,UNIT_SCADA,1,"2022/10/20 14:15:00",MAPS2PV1,0
D,DISPATCH,UNIT_SCADA,1,"2022/10/20 14:15:00",MAPS3PV1,0
D,DISPATCH,UNIT_SCADA,1,"2022/10/20 14:15:00",MARYRSF1,11.51
D,DISPATCH,UNIT_SCADA,1,"2022/10/20 14:15:00",MBPS2PV1,0
D,DISPATCH,UNIT_SCADA,1,"2022/10/20 14:15:00",MCKAY1,0.02
D,DISPATCH,UNIT_SCADA,1,"2022/10/20 14:15:00",MEADOWBK,6.1447
D,DISPATCH,UNIT_SCADA,1,"2022/10/20 14:15:00",MERCER01,31.50
D,DISPATCH,UNIT_SCADA,1,"2022/10/20 14:15:00",METZSF1,12.531820
D,DISPATCH,UNIT_SCADA,1,"2022/10/20 14:15:00",MEWF1,9.647620
D,DISPATCH,UNIT_SCADA,1,"2022/10/20 14:15:00",MIDDLSF1,8.70
D,DISPATCH,UNIT_SCADA,1,"2022/10/20 14:15:00",MINTARO,0.128180
D,DISPATCH,UNIT_SCADA,1,"2022/10/20 14:15:00",MOLNGSF1,15.895020
D,DISPATCH,UNIT_SCADA,1,"2022/10/20 14:15:00",MOORAWF1,51.99
D,DISPATCH,UNIT_SCADA,1,"2022/10/20 14:15:00",MOREESF1,32.5460
D,DISPATCH,UNIT_SCADA,1,"2022/10/20 14:15:00",MORTLK11,0
D,DISPATCH,UNIT_SCADA,1,"2022/10/20 14:15:00",MORTLK12,0
D,DISPATCH,UNIT_SCADA,1,"2022/10/20 14:15:00",MOUSF1,0
D,DISPATCH,UNIT_SCADA,1,"2022/10/20 14:15:00",MP1,0
D,DISPATCH,UNIT_SCADA,1,"2022/10/20 14:15:00",MP2,367.473880
D,DISPATCH,UNIT_SCADA,1,"2022/10/20 14:15:00",MPP_1,123.569820
D,DISPATCH,UNIT_SCADA,1,"2022/10/20 14:15:00",MPP_2,180.349670
D,DISPATCH,UNIT_SCADA,1,"2022/10/20 14:15:00",MRTLSWF1,0
D,DISPATCH,UNIT_SCADA,1,"2022/10/20 14:15:00",MSTUART1,0
D,DISPATCH,UNIT_SCADA,1,"2022/10/20 14:15:00",MSTUART2,0
D,DISPATCH,UNIT_SCADA,1,"2022/10/20 14:15:00",MSTUART3,0
D,DISPATCH,UNIT_SCADA,1,"2022/10/20 14:15:00",MTGELWF1,41.653190
D,DISPATCH,UNIT_SCADA,1,"2022/10/20 14:15:00",MTMILLAR,12
D,DISPATCH,UNIT_SCADA,1,"2022/10/20 14:15:00",MURRAY,0
D,DISPATCH,UNIT_SCADA,1,"2022/10/20 14:15:00",MUSSELR1,4.10
D,DISPATCH,UNIT_SCADA,1,"2022/10/20 14:15:00",MUWAWF1,33.48
D,DISPATCH,UNIT_SCADA,1,"2022/10/20 14:15:00",MUWAWF2,30.50
D,DISPATCH,UNIT_SCADA,1,"2022/10/20 14:15:00",MWPS1PV1,3.74
D,DISPATCH,UNIT_SCADA,1,"2022/10/20 14:15:00",MWPS2PV1,4.23
D,DISPATCH,UNIT_SCADA,1,"2022/10/20 14:15:00",MWPS3PV1,0.49
D,DISPATCH,UNIT_SCADA,1,"2022/10/20 14:15:00",MWPS4PV1,1.10
D,DISPATCH,UNIT_SCADA,1,"2022/10/20 14:15:00",NBHWF1,0
D,DISPATCH,UNIT_SCADA,1,"2022/10/20 14:15:00",NEVERSF1,3.66
D,DISPATCH,UNIT_SCADA,1,"2022/10/20 14:15:00",NPS,0
D,DISPATCH,UNIT_SCADA,1,"2022/10/20 14:15:00",NUMURSF1,91.27
D,DISPATCH,UNIT_SCADA,1,"2022/10/20 14:15:00",NYNGAN1,0
D,DISPATCH,UNIT_SCADA,1,"2022/10/20 14:15:00",OAKEY1,0
D,DISPATCH,UNIT_SCADA,1,"2022/10/20 14:15:00",OAKEY1SF,7.9410
D,DISPATCH,UNIT_SCADA,1,"2022/10/20 14:15:00",OAKEY2,0
D,DISPATCH,UNIT_SCADA,1,"2022/10/20 14:15:00",OAKEY2SF,16.25
D,DISPATCH,UNIT_SCADA,1,"2022/10/20 14:15:00",OAKLAND1,11.50
D,DISPATCH,UNIT_SCADA,1,"2022/10/20 14:15:00",OSB-AG,0
D,DISPATCH,UNIT_SCADA,1,"2022/10/20 14:15:00",PAREPS1,0
D,DISPATCH,UNIT_SCADA,1,"2022/10/20 14:15:00",PAREPW1,72.189990
D,DISPATCH,UNIT_SCADA,1,"2022/10/20 14:15:00",PARSF1,32.1004
D,DISPATCH,UNIT_SCADA,1,"2022/10/20 14:15:00",POAT110,0
D,DISPATCH,UNIT_SCADA,1,"2022/10/20 14:15:00",POAT220,0
D,DISPATCH,UNIT_SCADA,1,"2022/10/20 14:15:00",POR01,0
D,DISPATCH,UNIT_SCADA,1,"2022/10/20 14:15:00",POR03,0
D,DISPATCH,UNIT_SCADA,1,"2022/10/20 14:15:00",PPCCGT,6.447230
D,DISPATCH,UNIT_SCADA,1,"2022/10/20 14:15:00",PTSTAN1,0
D,DISPATCH,UNIT_SCADA,1,"2022/10/20 14:15:00",PUMP1,0
D,DISPATCH,UNIT_SCADA,1,"2022/10/20 14:15:00",PUMP2,0
D,DISPATCH,UNIT_SCADA,1,"2022/10/20 14:15:00",QBYNBG1,0
D,DISPATCH,UNIT_SCADA,1,"2022/10/20 14:15:00",QBYNBL1,1.383480
D,DISPATCH,UNIT_SCADA,1,"2022/10/20 14:15:00",QPS1,0
D,DISPATCH,UNIT_SCADA,1,"2022/10/20 14:15:00",QPS2,0
D,DISPATCH,UNIT_SCADA,1,"2022/10/20 14:15:00",QPS3,0
D,DISPATCH,UNIT_SCADA,1,"2022/10/20 14:15:00",QPS4,0
D,DISPATCH,UNIT_SCADA,1,"2022/10/20 14:15:00",QPS5,74.71
D,DISPATCH,UNIT_SCADA,1,"2022/10/20 14:15:00",REECE1,0
D,DISPATCH,UNIT_SCADA,1,"2022/10/20 14:15:00",REECE2,0
D,DISPATCH,UNIT_SCADA,1,"2022/10/20 14:15:00",ROMA_7,0
D,DISPATCH,UNIT_SCADA,1,"2022/10/20 14:15:00",ROMA_8,0
D,DISPATCH,UNIT_SCADA,1,"2022/10/20 14:15:00",RRSF1,57.112390
D,DISPATCH,UNIT_SCADA,1,"2022/10/20 14:15:00",RT_NSW1,0
D,DISPATCH,UNIT_SCADA,1,"2022/10/20 14:15:00",RT_NSW2,0
D,DISPATCH,UNIT_SCADA,1,"2022/10/20 14:15:00",RT_NSW3,0
D,DISPATCH,UNIT_SCADA,1,"2022/10/20 14:15:00",RT_NSW4,0
D,DISPATCH,UNIT_SCADA,1,"2022/10/20 14:15:00",RT_NSW5,0
D,DISPATCH,UNIT_SCADA,1,"2022/10/20 14:15:00",RT_NSW6,0
D,DISPATCH,UNIT_SCADA,1,"2022/10/20 14:15:00",RT_QLD1,0
D,DISPATCH,UNIT_SCADA,1,"2022/10/20 14:15:00",RT_SA1,0
D,DISPATCH,UNIT_SCADA,1,"2022/10/20 14:15:00",RT_SA2,0
D,DISPATCH,UNIT_SCADA,1,"2022/10/20 14:15:00",RT_SA3,0
D,DISPATCH,UNIT_SCADA,1,"2022/10/20 14:15:00",RT_SA4,0
D,DISPATCH,UNIT_SCADA,1,"2022/10/20 14:15:00",RT_SA5,0
D,DISPATCH,UNIT_SCADA,1,"2022/10/20 14:15:00",RT_SA6,0
D,DISPATCH,UNIT_SCADA,1,"2022/10/20 14:15:00",RT_TAS1,0
D,DISPATCH,UNIT_SCADA,1,"2022/10/20 14:15:00",RT_VIC1,0
D,DISPATCH,UNIT_SCADA,1,"2022/10/20 14:15:00",RT_VIC10,0
D,DISPATCH,UNIT_SCADA,1,"2022/10/20 14:15:00",RT_VIC11,0
D,DISPATCH,UNIT_SCADA,1,"2022/10/20 14:15:00",RT_VIC12,0
D,DISPATCH,UNIT_SCADA,1,"2022/10/20 14:15:00",RT_VIC2,0
D,DISPATCH,UNIT_SCADA,1,"2022/10/20 14:15:00",RT_VIC3,0
D,DISPATCH,UNIT_SCADA,1,"2022/10/20 14:15:00",RT_VIC4,0
D,DISPATCH,UNIT_SCADA,1,"2022/10/20 14:15:00",RT_VIC5,0
D,DISPATCH,UNIT_SCADA,1,"2022/10/20 14:15:00",RT_VIC6,0
D,DISPATCH,UNIT_SCADA,1,"2022/10/20 14:15:00",RT_VIC7,0
D,DISPATCH,UNIT_SCADA,1,"2022/10/20 14:15:00",RT_VIC8,0
D,DISPATCH,UNIT_SCADA,1,"2022/10/20 14:15:00",RT_VIC9,0
D,DISPATCH,UNIT_SCADA,1,"2022/10/20 14:15:00",RUGBYR1,0.030780
D,DISPATCH,UNIT_SCADA,1,"2022/10/20 14:15:00",SALTCRK1,15.49
D,DISPATCH,UNIT_SCADA,1,"2022/10/20 14:15:00",SAPHWF1,11.805910
D,DISPATCH,UNIT_SCADA,1,"2022/10/20 14:15:00",SEBSF1,1.153530
D,DISPATCH,UNIT_SCADA,1,"2022/10/20 14:15:00",SHGEN,0
D,DISPATCH,UNIT_SCADA,1,"2022/10/20 14:15:00",SHPUMP,0
D,DISPATCH,UNIT_SCADA,1,"2022/10/20 14:15:00",SITHE01,0.123710
D,DISPATCH,UNIT_SCADA,1,"2022/10/20 14:15:00",SMCSF1,108.4630
D,DISPATCH,UNIT_SCADA,1,"2022/10/20 14:15:00",SNAPPER1,0
D,DISPATCH,UNIT_SCADA,1,"2022/10/20 14:15:00",SNOWNTH1,29.40
D,DISPATCH,UNIT_SCADA,1,"2022/10/20 14:15:00",SNOWSTH1,8.80
D,DISPATCH,UNIT_SCADA,1,"2022/10/20 14:15:00",SNOWTWN1,20.9884
D,DISPATCH,UNIT_SCADA,1,"2022/10/20 14:15:00",SNOWYP,0
D,DISPATCH,UNIT_SCADA,1,"2022/10/20 14:15:00",SNUG1,0
D,DISPATCH,UNIT_SCADA,1,"2022/10/20 14:15:00",SRSF1,7.69
D,DISPATCH,UNIT_SCADA,1,"2022/10/20 14:15:00",STAN-1,336.710780
D,DISPATCH,UNIT_SCADA,1,"2022/10/20 14:15:00",STAN-2,350.592470
D,DISPATCH,UNIT_SCADA,1,"2022/10/20 14:15:00",STAN-3,158.991990
D,DISPATCH,UNIT_SCADA,1,"2022/10/20 14:15:00",STAN-4,350.028470
D,DISPATCH,UNIT_SCADA,1,"2022/10/20 14:15:00",STARHLWF,15.995340
D,DISPATCH,UNIT_SCADA,1,"2022/10/20 14:15:00",STOCKYD1,136.429990
D,DISPATCH,UNIT_SCADA,1,"2022/10/20 14:15:00",STWF1,0
D,DISPATCH,UNIT_SCADA,1,"2022/10/20 14:15:00",SUNRSF1,45.360490
D,DISPATCH,UNIT_SCADA,1,"2022/10/20 14:15:00",SUNTPSF1,24.708020
D,DISPATCH,UNIT_SCADA,1,"2022/10/20 14:15:00",SWAN_E,191.218750
D,DISPATCH,UNIT_SCADA,1,"2022/10/20 14:15:00",TALWA1,0
D,DISPATCH,UNIT_SCADA,1,"2022/10/20 14:15:00",TARALGA1,0
D,DISPATCH,UNIT_SCADA,1,"2022/10/20 14:15:00",TARONG#1,346.800020
D,DISPATCH,UNIT_SCADA,1,"2022/10/20 14:15:00",TARONG#2,347.399990
D,DISPATCH,UNIT_SCADA,1,"2022/10/20 14:15:00",TARONG#3,0.90
D,DISPATCH,UNIT_SCADA,1,"2022/10/20 14:15:00",TARONG#4,286.50
D,DISPATCH,UNIT_SCADA,1,"2022/10/20 14:15:00",TARRALEA,54.10
D,DISPATCH,UNIT_SCADA,1,"2022/10/20 14:15:00",TBSF1,0.10
D,DISPATCH,UNIT_SCADA,1,"2022/10/20 14:15:00",TNPS1,323.50
D,DISPATCH,UNIT_SCADA,1,"2022/10/20 14:15:00",TORRB1,0
D,DISPATCH,UNIT_SCADA,1,"2022/10/20 14:15:00",TORRB2,44
D,DISPATCH,UNIT_SCADA,1,"2022/10/20 14:15:00",TORRB3,0
D,DISPATCH,UNIT_SCADA,1,"2022/10/20 14:15:00",TORRB4,0
D,DISPATCH,UNIT_SCADA,1,"2022/10/20 14:15:00",TREVALLN,100.699820
D,DISPATCH,UNIT_SCADA,1,"2022/10/20 14:15:00",TRIBUTE,0
D,DISPATCH,UNIT_SCADA,1,"2022/10/20 14:15:00",TUMUT3,3.52
D,DISPATCH,UNIT_SCADA,1,"2022/10/20 14:15:00",TUNGATIN,4.500020
D,DISPATCH,UNIT_SCADA,1,"2022/10/20 14:15:00",TVCC201,0
D,DISPATCH,UNIT_SCADA,1,"2022/10/20 14:15:00",TVPP104,0
D,DISPATCH,UNIT_SCADA,1,"2022/10/20 14:15:00",UPPTUMUT,0
D,DISPATCH,UNIT_SCADA,1,"2022/10/20 14:15:00",URANQ11,0
D,DISPATCH,UNIT_SCADA,1,"2022/10/20 14:15:00",URANQ12,0
D,DISPATCH,UNIT_SCADA,1,"2022/10/20 14:15:00",URANQ13,0
D,DISPATCH,UNIT_SCADA,1,"2022/10/20 14:15:00",URANQ14,0
D,DISPATCH,UNIT_SCADA,1,"2022/10/20 14:15:00",VBBG1,0
D,DISPATCH,UNIT_SCADA,1,"2022/10/20 14:15:00",VBBL1,54.70
D,DISPATCH,UNIT_SCADA,1,"2022/10/20 14:15:00",VP5,535.782960
D,DISPATCH,UNIT_SCADA,1,"2022/10/20 14:15:00",VP6,536.344480
D,DISPATCH,UNIT_SCADA,1,"2022/10/20 14:15:00",VPGS1,0
D,DISPATCH,UNIT_SCADA,1,"2022/10/20 14:15:00",VPGS2,0
D,DISPATCH,UNIT_SCADA,1,"2022/10/20 14:15:00",VPGS3,0
D,DISPATCH,UNIT_SCADA,1,"2022/10/20 14:15:00",VPGS4,0
D,DISPATCH,UNIT_SCADA,1,"2022/10/20 14:15:00",VPGS5,0
D,DISPATCH,UNIT_SCADA,1,"2022/10/20 14:15:00",VPGS6,0
D,DISPATCH,UNIT_SCADA,1,"2022/10/20 14:15:00",W/HOE#1,0
D,DISPATCH,UNIT_SCADA,1,"2022/10/20 14:15:00",W/HOE#2,0
D,DISPATCH,UNIT_SCADA,1,"2022/10/20 14:15:00",WAGGNSF1,0
D,DISPATCH,UNIT_SCADA,1,"2022/10/20 14:15:00",WALGRVG1,0.000930
D,DISPATCH,UNIT_SCADA,1,"2022/10/20 14:15:00",WALGRVL1,0
D,DISPATCH,UNIT_SCADA,1,"2022/10/20 14:15:00",WANDBG1,0
D,DISPATCH,UNIT_SCADA,1,"2022/10/20 14:15:00",WANDBL1,0
D,DISPATCH,UNIT_SCADA,1,"2022/10/20 14:15:00",WARWSF1,5.40
D,DISPATCH,UNIT_SCADA,1,"2022/10/20 14:15:00",WARWSF2,5.87
D,DISPATCH,UNIT_SCADA,1,"2022/10/20 14:15:00",WATERLWF,3.20
D,DISPATCH,UNIT_SCADA,1,"2022/10/20 14:15:00",WDGPH1,136.848010
D,DISPATCH,UNIT_SCADA,1,"2022/10/20 14:15:00",WELLSF1,29.166090
D,DISPATCH,UNIT_SCADA,1,"2022/10/20 14:15:00",WEMENSF1,51.40
D,DISPATCH,UNIT_SCADA,1,"2022/10/20 14:15:00",WGWF1,5.70
D,DISPATCH,UNIT_SCADA,1,"2022/10/20 14:15:00",WHITSF1,20.70
D,DISPATCH,UNIT_SCADA,1,"2022/10/20 14:15:00",WINTSF1,46.23
D,DISPATCH,UNIT_SCADA,1,"2022/10/20 14:15:00",WKIEWA1,32.10
D,DISPATCH,UNIT_SCADA,1,"2022/10/20 14:15:00",WKIEWA2,14.20
D,DISPATCH,UNIT_SCADA,1,"2022/10/20 14:15:00",WOODLWN1,20.140440
D,DISPATCH,UNIT_SCADA,1,"2022/10/20 14:15:00",WOOLGSF1,27.149310
D,DISPATCH,UNIT_SCADA,1,"2022/10/20 14:15:00",WPWF,39.66
D,DISPATCH,UNIT_SCADA,1,"2022/10/20 14:15:00",WRSF1,4.100470
D,DISPATCH,UNIT_SCADA,1,"2022/10/20 14:15:00",WRWF1,0
D,DISPATCH,UNIT_SCADA,1,"2022/10/20 14:15:00",WSTWYSF1,1.189060
D,DISPATCH,UNIT_SCADA,1,"2022/10/20 14:15:00",YABULU,0
D,DISPATCH,UNIT_SCADA,1,"2022/10/20 14:15:00",YABULU2,0
D,DISPATCH,UNIT_SCADA,1,"2022/10/20 14:15:00",YARANSF1,41.22
D,DISPATCH,UNIT_SCADA,1,"2022/10/20 14:15:00",YARWUN_1,161.519990
D,DISPATCH,UNIT_SCADA,1,"2022/10/20 14:15:00",YATSF1,13.93
D,DISPATCH,UNIT_SCADA,1,"2022/10/20 14:15:00",YENDWF1,30.16
D,DISPATCH,UNIT_SCADA,1,"2022/10/20 14:15:00",YWPS1,294.734190
D,DISPATCH,UNIT_SCADA,1,"2022/10/20 14:15:00",YWPS2,281.200010
D,DISPATCH,UNIT_SCADA,1,"2022/10/20 14:15:00",YWPS3,299.263310
D,DISPATCH,UNIT_SCADA,1,"2022/10/20 14:15:00",YWPS4,0
C,"END OF REPORT",419
