C,NEMP.WORLD,DISPATCHSCADA,AEMO,PUBLIC,2022/10/20,04:55:09,0000000373230539,DISPATCHSCADA,0000000373230533
I,DISPATCH,UNIT_SCADA,1,SETTLEMENTDATE,DUID,SCADAVALUE
D,DISPATCH,UNIT_SCADA,1,"2022/10/20 05:00:00",BARCSF1,0.10
D,DISPATCH,UNIT_SCADA,1,"2022/10/20 05:00:00",BUTLERSG,8.699999
D,DISPATCH,UNIT_SCADA,1,"2022/10/20 05:00:00",CAPTL_WF,20.512032
D,DISPATCH,UNIT_SCADA,1,"2022/10/20 05:00:00",CHALLHWF,24.60
D,DISPATCH,UNIT_SCADA,1,"2022/10/20 05:00:00",CLOVER,13.04
D,DISPATCH,UNIT_SCADA,1,"2022/10/20 05:00:00",CLUNY,6.167544
D,DISPATCH,UNIT_SCADA,1,"2022/10/20 05:00:00",CULLRGWF,-0.04
D,DISPATCH,UNIT_SCADA,1,"2022/10/20 05:00:00",DIAPURWF1,7.30
D,DISPATCH,UNIT_SCADA,1,"2022/10/20 05:00:00",ERGT01,0
D,DISPATCH,UNIT_SCADA,1,"2022/10/20 05:00:00",GB01,0
D,DISPATCH,UNIT_SCADA,1,"2022/10/20 05:00:00",GERMCRK,21.60
D,DISPATCH,UNIT_SCADA,1,"2022/10/20 05:00:00",GRIFSF1,0.001526
D,DISPATCH,UNIT_SCADA,1,"2022/10/20 05:00:00",HEZ1,0
D,DISPATCH,UNIT_SCADA,1,"2022/10/20 05:00:00",HUGSF1,-0.1740
D,DISPATCH,UNIT_SCADA,1,"2022/10/20 05:00:00",KEPBG1,0.01
D,DISPATCH,UNIT_SCADA,1,"2022/10/20 05:00:00",LRSF1,0.0240
D,DISPATCH,UNIT_SCADA,1,"2022/10/20 05:00:00",MBAHNTH,47.868759
D,DISPATCH,UNIT_SCADA,1,"2022/10/20 05:00:00",MLSP1,0
D,DISPATCH,UNIT_SCADA,1,"2022/10/20 05:00:00",MLWF1,4.6950
D,DISPATCH,UNIT_SCADA,1,"2022/10/20 05:00:00",PALOONA,30.179998
D,DISPATCH,UNIT_SCADA,1,"2022/10/20 05:00:00",PIONEER,42.100002
D,DISPATCH,UNIT_SCADA,1,"2022/10/20 05:00:00",PORTWF,35.799999
D,DISPATCH,UNIT_SCADA,1,"2022/10/20 05:00:00",REPULSE,9.505150
D,DISPATCH,UNIT_SCADA,1,"2022/10/20 05:00:00",ROWALLAN,8.8324
D,DISPATCH,UNIT_SCADA,1,"2022/10/20 05:00:00",ROYALLA1,0
D,DISPATCH,UNIT_SCADA,1,"2022/10/20 05:00:00",RPCG,-1.20
D,DISPATCH,UNIT_SCADA,1,"2022/10/20 05:00:00",RUBICON,0
D,DISPATCH,UNIT_SCADA,1,"2022/10/20 05:00:00",WAUBRAWF,95.4870
D,DISPATCH,UNIT_SCADA,1,"2022/10/20 05:00:00",WOOLNTH1,36.089996
D,DISPATCH,UNIT_SCADA,1,"2022/10/20 05:00:00",YAMBUKWF,2.90
D,DISPATCH,UNIT_SCADA,1,"2022/10/20 05:00:00",YSWF1,2.10
D,DISPATCH,UNIT_SCADA,1,"2022/10/20 05:00:00",ADPBA1G,0.0080
D,DISPATCH,UNIT_SCADA,1,"2022/10/20 05:00:00",ADPBA1L,0
D,DISPATCH,UNIT_SCADA,1,"2022/10/20 05:00:00",ADPPV1,0
D,DISPATCH,UNIT_SCADA,1,"2022/10/20 05:00:00",AGLHAL,0
D,DISPATCH,UNIT_SCADA,1,"2022/10/20 05:00:00",AGLSOM,0
D,DISPATCH,UNIT_SCADA,1,"2022/10/20 05:00:00",ANGAST1,0
D,DISPATCH,UNIT_SCADA,1,"2022/10/20 05:00:00",ARWF1,3.30
D,DISPATCH,UNIT_SCADA,1,"2022/10/20 05:00:00",BALBG1,0
D,DISPATCH,UNIT_SCADA,1,"2022/10/20 05:00:00",BALBL1,0
D,DISPATCH,UNIT_SCADA,1,"2022/10/20 05:00:00",BALDHWF1,9.0010
D,DISPATCH,UNIT_SCADA,1,"2022/10/20 05:00:00",BANGOWF1,73.397120
D,DISPATCH,UNIT_SCADA,1,"2022/10/20 05:00:00",BANGOWF2,67.098570
D,DISPATCH,UNIT_SCADA,1,"2022/10/20 05:00:00",BANN1,0
D,DISPATCH,UNIT_SCADA,1,"2022/10/20 05:00:00",BARCALDN,0
D,DISPATCH,UNIT_SCADA,1,"2022/10/20 05:00:00",BARKIPS1,0
D,DISPATCH,UNIT_SCADA,1,"2022/10/20 05:00:00",BARRON-1,0
D,DISPATCH,UNIT_SCADA,1,"2022/10/20 05:00:00",BARRON-2,0
D,DISPATCH,UNIT_SCADA,1,"2022/10/20 05:00:00",BASTYAN,0
D,DISPATCH,UNIT_SCADA,1,"2022/10/20 05:00:00",BBTHREE1,-1.04
D,DISPATCH,UNIT_SCADA,1,"2022/10/20 05:00:00",BBTHREE2,0
D,DISPATCH,UNIT_SCADA,1,"2022/10/20 05:00:00",BBTHREE3,0
D,DISPATCH,UNIT_SCADA,1,"2022/10/20 05:00:00",BDL01,0
D,DISPATCH,UNIT_SCADA,1,"2022/10/20 05:00:00",BDL02,0
D,DISPATCH,UNIT_SCADA,1,"2022/10/20 05:00:00",BERYLSF1,0
D,DISPATCH,UNIT_SCADA,1,"2022/10/20 05:00:00",BLOWERNG,62.60
D,DISPATCH,UNIT_SCADA,1,"2022/10/20 05:00:00",BLUEGSF1,0
D,DISPATCH,UNIT_SCADA,1,"2022/10/20 05:00:00",BLUFF1,14.20
D,DISPATCH,UNIT_SCADA,1,"2022/10/20 05:00:00",BNGSF1,0
D,DISPATCH,UNIT_SCADA,1,"2022/10/20 05:00:00",BNGSF2,0
D,DISPATCH,UNIT_SCADA,1,"2022/10/20 05:00:00",BOCORWF1,0
D,DISPATCH,UNIT_SCADA,1,"2022/10/20 05:00:00",BODWF1,104.902340
D,DISPATCH,UNIT_SCADA,1,"2022/10/20 05:00:00",BOMENSF1,0
D,DISPATCH,UNIT_SCADA,1,"2022/10/20 05:00:00",BOWWBA1G,0
D,DISPATCH,UNIT_SCADA,1,"2022/10/20 05:00:00",BOWWBA1L,0
D,DISPATCH,UNIT_SCADA,1,"2022/10/20 05:00:00",BOWWPV1,0
D,DISPATCH,UNIT_SCADA,1,"2022/10/20 05:00:00",BRAEMAR1,0
D,DISPATCH,UNIT_SCADA,1,"2022/10/20 05:00:00",BRAEMAR2,0
D,DISPATCH,UNIT_SCADA,1,"2022/10/20 05:00:00",BRAEMAR3,0
D,DISPATCH,UNIT_SCADA,1,"2022/10/20 05:00:00",BRAEMAR5,0.292060
D,DISPATCH,UNIT_SCADA,1,"2022/10/20 05:00:00",BRAEMAR6,0
D,DISPATCH,UNIT_SCADA,1,"2022/10/20 05:00:00",BRAEMAR7,0.130920
D,DISPATCH,UNIT_SCADA,1,"2022/10/20 05:00:00",BROKENH1,0
D,DISPATCH,UNIT_SCADA,1,"2022/10/20 05:00:00",BRYB1WF1,99.235520
D,DISPATCH,UNIT_SCADA,1,"2022/10/20 05:00:00",BULBESG1,0
D,DISPATCH,UNIT_SCADA,1,"2022/10/20 05:00:00",BULBESL1,1.55
D,DISPATCH,UNIT_SCADA,1,"2022/10/20 05:00:00",BULGANA1,34.29
D,DISPATCH,UNIT_SCADA,1,"2022/10/20 05:00:00",BW01,435.931950
D,DISPATCH,UNIT_SCADA,1,"2022/10/20 05:00:00",BW02,432.3186
D,DISPATCH,UNIT_SCADA,1,"2022/10/20 05:00:00",BW03,432.709230
D,DISPATCH,UNIT_SCADA,1,"2022/10/20 05:00:00",BW04,0
D,DISPATCH,UNIT_SCADA,1,"2022/10/20 05:00:00",CALL_B_1,320
D,DISPATCH,UNIT_SCADA,1,"2022/10/20 05:00:00",CALL_B_2,320.50
D,DISPATCH,UNIT_SCADA,1,"2022/10/20 05:00:00",CATHROCK,8.90
D,DISPATCH,UNIT_SCADA,1,"2022/10/20 05:00:00",CBWWBA1G,0
D,DISPATCH,UNIT_SCADA,1,"2022/10/20 05:00:00",CBWWBA1L,0
D,DISPATCH,UNIT_SCADA,1,"2022/10/20 05:00:00",CETHANA,98.1845
D,DISPATCH,UNIT_SCADA,1,"2022/10/20 05:00:00",CG1,0
D,DISPATCH,UNIT_SCADA,1,"2022/10/20 05:00:00",CG2,0
D,DISPATCH,UNIT_SCADA,1,"2022/10/20 05:00:00",CG3,0
D,DISPATCH,UNIT_SCADA,1,"2022/10/20 05:00:00",CG4,0
D,DISPATCH,UNIT_SCADA,1,"2022/10/20 05:00:00",CHILDSF1,0
D,DISPATCH,UNIT_SCADA,1,"2022/10/20 05:00:00",CHYTWF1,7.90
D,DISPATCH,UNIT_SCADA,1,"2022/10/20 05:00:00",CLARESF1,0
D,DISPATCH,UNIT_SCADA,1,"2022/10/20 05:00:00",CLEMGPWF,37.386170
D,DISPATCH,UNIT_SCADA,1,"2022/10/20 05:00:00",CLERMSF1,0
D,DISPATCH,UNIT_SCADA,1,"2022/10/20 05:00:00",CNUNDAWF,0
D,DISPATCH,UNIT_SCADA,1,"2022/10/20 05:00:00",COHUNSF1,0
D,DISPATCH,UNIT_SCADA,1,"2022/10/20 05:00:00",COLEASF1,0
D,DISPATCH,UNIT_SCADA,1,"2022/10/20 05:00:00",COLUMSF1,0
D,DISPATCH,UNIT_SCADA,1,"2022/10/20 05:00:00",COLWF01,102.346840
D,DISPATCH,UNIT_SCADA,1,"2022/10/20 05:00:00",COOPGWF1,351.28
D,DISPATCH,UNIT_SCADA,1,"2022/10/20 05:00:00",CPP_3,361.350010
D,DISPATCH,UNIT_SCADA,1,"2022/10/20 05:00:00",CPP_4,0
D,DISPATCH,UNIT_SCADA,1,"2022/10/20 05:00:00",CPSA,0
D,DISPATCH,UNIT_SCADA,1,"2022/10/20 05:00:00",CROOKWF2,25.014420
D,DISPATCH,UNIT_SCADA,1,"2022/10/20 05:00:00",CROWLWF1,34.269180
D,DISPATCH,UNIT_SCADA,1,"2022/10/20 05:00:00",CRURWF1,90.995880
D,DISPATCH,UNIT_SCADA,1,"2022/10/20 05:00:00",CRWASF1,0
D,DISPATCH,UNIT_SCADA,1,"2022/10/20 05:00:00",CSPVPS1,0
D,DISPATCH,UNIT_SCADA,1,"2022/10/20 05:00:00",CTHLWF1,0.003050
D,DISPATCH,UNIT_SCADA,1,"2022/10/20 05:00:00",DALNTH01,0
D,DISPATCH,UNIT_SCADA,1,"2022/10/20 05:00:00",DALNTHL1,0.013730
D,DISPATCH,UNIT_SCADA,1,"2022/10/20 05:00:00",DARLSF1,0
D,DISPATCH,UNIT_SCADA,1,"2022/10/20 05:00:00",DARTM1,0
D,DISPATCH,UNIT_SCADA,1,"2022/10/20 05:00:00",DAYDSF1,0
D,DISPATCH,UNIT_SCADA,1,"2022/10/20 05:00:00",DDPS1,0
D,DISPATCH,UNIT_SCADA,1,"2022/10/20 05:00:00",DDSF1,0
D,DISPATCH,UNIT_SCADA,1,"2022/10/20 05:00:00",DEVILS_G,59.979860
D,DISPATCH,UNIT_SCADA,1,"2022/10/20 05:00:00",DG_NSW1,0
D,DISPATCH,UNIT_SCADA,1,"2022/10/20 05:00:00",DG_QLD1,0
D,DISPATCH,UNIT_SCADA,1,"2022/10/20 05:00:00",DG_SA1,0
D,DISPATCH,UNIT_SCADA,1,"2022/10/20 05:00:00",DG_TAS1,0
D,DISPATCH,UNIT_SCADA,1,"2022/10/20 05:00:00",DG_VIC1,0
D,DISPATCH,UNIT_SCADA,1,"2022/10/20 05:00:00",DRYCGT1,0
D,DISPATCH,UNIT_SCADA,1,"2022/10/20 05:00:00",DRYCGT2,0
D,DISPATCH,UNIT_SCADA,1,"2022/10/20 05:00:00",DRYCGT3,0
D,DISPATCH,UNIT_SCADA,1,"2022/10/20 05:00:00",DUNDWF1,80.74
D,DISPATCH,UNIT_SCADA,1,"2022/10/20 05:00:00",DUNDWF2,24.74
D,DISPATCH,UNIT_SCADA,1,"2022/10/20 05:00:00",DUNDWF3,61.85
D,DISPATCH,UNIT_SCADA,1,"2022/10/20 05:00:00",EILDON1,59.92
D,DISPATCH,UNIT_SCADA,1,"2022/10/20 05:00:00",EILDON2,59.84
D,DISPATCH,UNIT_SCADA,1,"2022/10/20 05:00:00",ELAINWF1,24.61
D,DISPATCH,UNIT_SCADA,1,"2022/10/20 05:00:00",EMERASF1,0
D,DISPATCH,UNIT_SCADA,1,"2022/10/20 05:00:00",ER01,0
D,DISPATCH,UNIT_SCADA,1,"2022/10/20 05:00:00",ER02,479.072270
D,DISPATCH,UNIT_SCADA,1,"2022/10/20 05:00:00",ER03,509.639130
D,DISPATCH,UNIT_SCADA,1,"2022/10/20 05:00:00",ER04,507.954530
D,DISPATCH,UNIT_SCADA,1,"2022/10/20 05:00:00",FINLYSF1,0
D,DISPATCH,UNIT_SCADA,1,"2022/10/20 05:00:00",FISHER,35.87
D,DISPATCH,UNIT_SCADA,1,"2022/10/20 05:00:00",GANGARR1,0
D,DISPATCH,UNIT_SCADA,1,"2022/10/20 05:00:00",GANNBG1,0
D,DISPATCH,UNIT_SCADA,1,"2022/10/20 05:00:00",GANNBL1,0.030730
D,DISPATCH,UNIT_SCADA,1,"2022/10/20 05:00:00",GANNSF1,0
D,DISPATCH,UNIT_SCADA,1,"2022/10/20 05:00:00",GLRWNSF1,0
D,DISPATCH,UNIT_SCADA,1,"2022/10/20 05:00:00",GNNDHSF1,0
D,DISPATCH,UNIT_SCADA,1,"2022/10/20 05:00:00",GOONSF1,0
D,DISPATCH,UNIT_SCADA,1,"2022/10/20 05:00:00",GORDON,214.171080
D,DISPATCH,UNIT_SCADA,1,"2022/10/20 05:00:00",GRANWF1,3.62
D,DISPATCH,UNIT_SCADA,1,"2022/10/20 05:00:00",GSTONE1,201.0750
D,DISPATCH,UNIT_SCADA,1,"2022/10/20 05:00:00",GSTONE2,0
D,DISPATCH,UNIT_SCADA,1,"2022/10/20 05:00:00",GSTONE3,200.024990
D,DISPATCH,UNIT_SCADA,1,"2022/10/20 05:00:00",GSTONE4,0
D,DISPATCH,UNIT_SCADA,1,"2022/10/20 05:00:00",GSTONE5,202.30
D,DISPATCH,UNIT_SCADA,1,"2022/10/20 05:00:00",GSTONE6,202.474990
D,DISPATCH,UNIT_SCADA,1,"2022/10/20 05:00:00",GULLRSF1,0
D,DISPATCH,UNIT_SCADA,1,"2022/10/20 05:00:00",GULLRWF1,45.024320
D,DISPATCH,UNIT_SCADA,1,"2022/10/20 05:00:00",GULLRWF2,102.509860
D,DISPATCH,UNIT_SCADA,1,"2022/10/20 05:00:00",GUNNING1,0
D,DISPATCH,UNIT_SCADA,1,"2022/10/20 05:00:00",GUTHEGA,67.80
D,DISPATCH,UNIT_SCADA,1,"2022/10/20 05:00:00",HALLWF1,68.39
D,DISPATCH,UNIT_SCADA,1,"2022/10/20 05:00:00",HALLWF2,55.56
D,DISPATCH,UNIT_SCADA,1,"2022/10/20 05:00:00",HAMISF1,0
D,DISPATCH,UNIT_SCADA,1,"2022/10/20 05:00:00",HAUGHT11,0
D,DISPATCH,UNIT_SCADA,1,"2022/10/20 05:00:00",HAYMSF1,0
D,DISPATCH,UNIT_SCADA,1,"2022/10/20 05:00:00",HDWF1,57.70
D,DISPATCH,UNIT_SCADA,1,"2022/10/20 05:00:00",HDWF2,29.40
D,DISPATCH,UNIT_SCADA,1,"2022/10/20 05:00:00",HDWF3,31.80
D,DISPATCH,UNIT_SCADA,1,"2022/10/20 05:00:00",HILLSTN1,0
D,DISPATCH,UNIT_SCADA,1,"2022/10/20 05:00:00",HPRG1,0.80
D,DISPATCH,UNIT_SCADA,1,"2022/10/20 05:00:00",HPRL1,0
D,DISPATCH,UNIT_SCADA,1,"2022/10/20 05:00:00",HUMENSW,54.109150
D,DISPATCH,UNIT_SCADA,1,"2022/10/20 05:00:00",HUMEV,0
D,DISPATCH,UNIT_SCADA,1,"2022/10/20 05:00:00",HVWWBA1G,0
D,DISPATCH,UNIT_SCADA,1,"2022/10/20 05:00:00",HVWWBA1L,0.0070
D,DISPATCH,UNIT_SCADA,1,"2022/10/20 05:00:00",HVWWPV1,0
D,DISPATCH,UNIT_SCADA,1,"2022/10/20 05:00:00",JBUTTERS,0
D,DISPATCH,UNIT_SCADA,1,"2022/10/20 05:00:00",JEMALNG1,0
D,DISPATCH,UNIT_SCADA,1,"2022/10/20 05:00:00",JLA01,0
D,DISPATCH,UNIT_SCADA,1,"2022/10/20 05:00:00",JLA02,0
D,DISPATCH,UNIT_SCADA,1,"2022/10/20 05:00:00",JLA03,0
D,DISPATCH,UNIT_SCADA,1,"2022/10/20 05:00:00",JLA04,0
D,DISPATCH,UNIT_SCADA,1,"2022/10/20 05:00:00",JLB01,0
D,DISPATCH,UNIT_SCADA,1,"2022/10/20 05:00:00",JLB02,0.10
D,DISPATCH,UNIT_SCADA,1,"2022/10/20 05:00:00",JLB03,0
D,DISPATCH,UNIT_SCADA,1,"2022/10/20 05:00:00",JUNEESF1,0
D,DISPATCH,UNIT_SCADA,1,"2022/10/20 05:00:00",KABANWF1,0.7690
D,DISPATCH,UNIT_SCADA,1,"2022/10/20 05:00:00",KAREEYA1,18.0050
D,DISPATCH,UNIT_SCADA,1,"2022/10/20 05:00:00",KAREEYA2,0
D,DISPATCH,UNIT_SCADA,1,"2022/10/20 05:00:00",KAREEYA3,21.4325
D,DISPATCH,UNIT_SCADA,1,"2022/10/20 05:00:00",KAREEYA4,0
D,DISPATCH,UNIT_SCADA,1,"2022/10/20 05:00:00",KARSF1,0
D,DISPATCH,UNIT_SCADA,1,"2022/10/20 05:00:00",KEPSF1,0
D,DISPATCH,UNIT_SCADA,1,"2022/10/20 05:00:00",KEPWF1,0
D,DISPATCH,UNIT_SCADA,1,"2022/10/20 05:00:00",KIAMSF1,0
D,DISPATCH,UNIT_SCADA,1,"2022/10/20 05:00:00",KIATAWF1,30.50
D,DISPATCH,UNIT_SCADA,1,"2022/10/20 05:00:00",KPP_1,0
D,DISPATCH,UNIT_SCADA,1,"2022/10/20 05:00:00",KSP1,0
D,DISPATCH,UNIT_SCADA,1,"2022/10/20 05:00:00",LADBROK1,0.02
D,DISPATCH,UNIT_SCADA,1,"2022/10/20 05:00:00",LADBROK2,38.12
D,DISPATCH,UNIT_SCADA,1,"2022/10/20 05:00:00",LBBG1,5.25
D,DISPATCH,UNIT_SCADA,1,"2022/10/20 05:00:00",LBBL1,0
D,DISPATCH,UNIT_SCADA,1,"2022/10/20 05:00:00",LD01,320.938750
D,DISPATCH,UNIT_SCADA,1,"2022/10/20 05:00:00",LD02,0
D,DISPATCH,UNIT_SCADA,1,"2022/10/20 05:00:00",LD04,319.821780
D,DISPATCH,UNIT_SCADA,1,"2022/10/20 05:00:00",LEM_WIL,55.218010
D,DISPATCH,UNIT_SCADA,1,"2022/10/20 05:00:00",LGAPWF1,78.37
D,DISPATCH,UNIT_SCADA,1,"2022/10/20 05:00:00",LGAPWF2,41.48
D,DISPATCH,UNIT_SCADA,1,"2022/10/20 05:00:00",LILYSF1,0
D,DISPATCH,UNIT_SCADA,1,"2022/10/20 05:00:00",LIMOSF11,0
D,DISPATCH,UNIT_SCADA,1,"2022/10/20 05:00:00",LIMOSF21,0
D,DISPATCH,UNIT_SCADA,1,"2022/10/20 05:00:00",LI_WY_CA,62.817550
D,DISPATCH,UNIT_SCADA,1,"2022/10/20 05:00:00",LKBONNY1,0
D,DISPATCH,UNIT_SCADA,1,"2022/10/20 05:00:00",LKBONNY2,31.609530
D,DISPATCH,UNIT_SCADA,1,"2022/10/20 05:00:00",LKBONNY3,10.829480
D,DISPATCH,UNIT_SCADA,1,"2022/10/20 05:00:00",LK_ECHO,0
D,DISPATCH,UNIT_SCADA,1,"2022/10/20 05:00:00",LNGS1,0
D,DISPATCH,UNIT_SCADA,1,"2022/10/20 05:00:00",LNGS2,0
D,DISPATCH,UNIT_SCADA,1,"2022/10/20 05:00:00",LONSDALE,0
D,DISPATCH,UNIT_SCADA,1,"2022/10/20 05:00:00",LOYYB1,581.202510
D,DISPATCH,UNIT_SCADA,1,"2022/10/20 05:00:00",LOYYB2,575.187320
D,DISPATCH,UNIT_SCADA,1,"2022/10/20 05:00:00",LYA1,562
D,DISPATCH,UNIT_SCADA,1,"2022/10/20 05:00:00",LYA2,0
D,DISPATCH,UNIT_SCADA,1,"2022/10/20 05:00:00",LYA3,560
D,DISPATCH,UNIT_SCADA,1,"2022/10/20 05:00:00",LYA4,561
D,DISPATCH,UNIT_SCADA,1,"2022/10/20 05:00:00",MACARTH1,20.499530
D,DISPATCH,UNIT_SCADA,1,"2022/10/20 05:00:00",MACKNTSH,0
D,DISPATCH,UNIT_SCADA,1,"2022/10/20 05:00:00",MANSLR1,0
D,DISPATCH,UNIT_SCADA,1,"2022/10/20 05:00:00",MAPS2PV1,0
D,DISPATCH,UNIT_SCADA,1,"2022/10/20 05:00:00",MAPS3PV1,0
D,DISPATCH,UNIT_SCADA,1,"2022/10/20 05:00:00",MARYRSF1,0
D,DISPATCH,UNIT_SCADA,1,"2022/10/20 05:00:00",MBPS2PV1,0
D,DISPATCH,UNIT_SCADA,1,"2022/10/20 05:00:00",MCKAY1,0.02
D,DISPATCH,UNIT_SCADA,1,"2022/10/20 05:00:00",MEADOWBK,19.777360
D,DISPATCH,UNIT_SCADA,1,"2022/10/20 05:00:00",MERCER01,21.20
D,DISPATCH,UNIT_SCADA,1,"2022/10/20 05:00:00",METZSF1,0
D,DISPATCH,UNIT_SCADA,1,"2022/10/20 05:00:00",MEWF1,7
D,DISPATCH,UNIT_SCADA,1,"2022/10/20 05:00:00",MIDDLSF1,0
D,DISPATCH,UNIT_SCADA,1,"2022/10/20 05:00:00",MINTARO,0.128180
D,DISPATCH,UNIT_SCADA,1,"2022/10/20 05:00:00",MOLNGSF1,0
D,DISPATCH,UNIT_SCADA,1,"2022/10/20 05:00:00",MOORAWF1,30.08
D,DISPATCH,UNIT_SCADA,1,"2022/10/20 05:00:00",MOREESF1,0
D,DISPATCH,UNIT_SCADA,1,"2022/10/20 05:00:00",MORTLK11,0
D,DISPATCH,UNIT_SCADA,1,"2022/10/20 05:00:00",MORTLK12,0
D,DISPATCH,UNIT_SCADA,1,"2022/10/20 05:00:00",MOUSF1,0
D,DISPATCH,UNIT_SCADA,1,"2022/10/20 05:00:00",MP1,0
D,DISPATCH,UNIT_SCADA,1,"2022/10/20 05:00:00",MP2,459.223330
D,DISPATCH,UNIT_SCADA,1,"2022/10/20 05:00:00",MPP_1,194.5103
D,DISPATCH,UNIT_SCADA,1,"2022/10/20 05:00:00",MPP_2,0
D,DISPATCH,UNIT_SCADA,1,"2022/10/20 05:00:00",MRTLSWF1,0
D,DISPATCH,UNIT_SCADA,1,"2022/10/20 05:00:00",MSTUART1,0
D,DISPATCH,UNIT_SCADA,1,"2022/10/20 05:00:00",MSTUART2,0
D,DISPATCH,UNIT_SCADA,1,"2022/10/20 05:00:00",MSTUART3,0
D,DISPATCH,UNIT_SCADA,1,"2022/10/20 05:00:00",MTGELWF1,35.721920
D,DISPATCH,UNIT_SCADA,1,"2022/10/20 05:00:00",MTMILLAR,5.20
D,DISPATCH,UNIT_SCADA,1,"2022/10/20 05:00:00",MURRAY,0
D,DISPATCH,UNIT_SCADA,1,"2022/10/20 05:00:00",MUSSELR1,0
D,DISPATCH,UNIT_SCADA,1,"2022/10/20 05:00:00",MUWAWF1,184.36
D,DISPATCH,UNIT_SCADA,1,"2022/10/20 05:00:00",MUWAWF2,178.20
D,DISPATCH,UNIT_SCADA,1,"2022/10/20 05:00:00",MWPS1PV1,0
D,DISPATCH,UNIT_SCADA,1,"2022/10/20 05:00:00",MWPS2PV1,0
D,DISPATCH,UNIT_SCADA,1,"2022/10/20 05:00:00",MWPS3PV1,0
D,DISPATCH,UNIT_SCADA,1,"2022/10/20 05:00:00",MWPS4PV1,0
D,DISPATCH,UNIT_SCADA,1,"2022/10/20 05:00:00",NBHWF1,100.80
D,DISPATCH,UNIT_SCADA,1,"2022/10/20 05:00:00",NEVERSF1,0
D,DISPATCH,UNIT_SCADA,1,"2022/10/20 05:00:00",NPS,0
D,DISPATCH,UNIT_SCADA,1,"2022/10/20 05:00:00",NUMURSF1,0
D,DISPATCH,UNIT_SCADA,1,"2022/10/20 05:00:00",NYNGAN1,0
D,DISPATCH,UNIT_SCADA,1,"2022/10/20 05:00:00",OAKEY1,0
D,DISPATCH,UNIT_SCADA,1,"2022/10/20 05:00:00",OAKEY1SF,0
D,DISPATCH,UNIT_SCADA,1,"2022/10/20 05:00:00",OAKEY2,0
D,DISPATCH,UNIT_SCADA,1,"2022/10/20 05:00:00",OAKEY2SF,0
D,DISPATCH,UNIT_SCADA,1,"2022/10/20 05:00:00",OAKLAND1,20
D,DISPATCH,UNIT_SCADA,1,"2022/10/20 05:00:00",OSB-AG,0
D,DISPATCH,UNIT_SCADA,1,"2022/10/20 05:00:00",PAREPS1,0.0660
D,DISPATCH,UNIT_SCADA,1,"2022/10/20 05:00:00",PAREPW1,66.46
D,DISPATCH,UNIT_SCADA,1,"2022/10/20 05:00:00",PARSF1,0.001530
D,DISPATCH,UNIT_SCADA,1,"2022/10/20 05:00:00",POAT110,0
D,DISPATCH,UNIT_SCADA,1,"2022/10/20 05:00:00",POAT220,0
D,DISPATCH,UNIT_SCADA,1,"2022/10/20 05:00:00",POR01,0
D,DISPATCH,UNIT_SCADA,1,"2022/10/20 05:00:00",POR03,0
D,DISPATCH,UNIT_SCADA,1,"2022/10/20 05:00:00",PPCCGT,123.890430
D,DISPATCH,UNIT_SCADA,1,"2022/10/20 05:00:00",PTSTAN1,0
D,DISPATCH,UNIT_SCADA,1,"2022/10/20 05:00:00",PUMP1,0
D,DISPATCH,UNIT_SCADA,1,"2022/10/20 05:00:00",PUMP2,0
D,DISPATCH,UNIT_SCADA,1,"2022/10/20 05:00:00",QBYNBG1,0
D,DISPATCH,UNIT_SCADA,1,"2022/10/20 05:00:00",QBYNBL1,0.0005
D,DISPATCH,UNIT_SCADA,1,"2022/10/20 05:00:00",QPS1,0
D,DISPATCH,UNIT_SCADA,1,"2022/10/20 05:00:00",QPS2,0
D,DISPATCH,UNIT_SCADA,1,"2022/10/20 05:00:00",QPS3,0
D,DISPATCH,UNIT_SCADA,1,"2022/10/20 05:00:00",QPS4,0
D,DISPATCH,UNIT_SCADA,1,"2022/10/20 05:00:00",QPS5,77.30
D,DISPATCH,UNIT_SCADA,1,"2022/10/20 05:00:00",REECE1,0
D,DISPATCH,UNIT_SCADA,1,"2022/10/20 05:00:00",REECE2,0
D,DISPATCH,UNIT_SCADA,1,"2022/10/20 05:00:00",ROMA_7,0
D,DISPATCH,UNIT_SCADA,1,"2022/10/20 05:00:00",ROMA_8,0
D,DISPATCH,UNIT_SCADA,1,"2022/10/20 05:00:00",RRSF1,0
D,DISPATCH,UNIT_SCADA,1,"2022/10/20 05:00:00",RT_NSW1,0
D,DISPATCH,UNIT_SCADA,1,"2022/10/20 05:00:00",RT_NSW2,0
D,DISPATCH,UNIT_SCADA,1,"2022/10/20 05:00:00",RT_NSW3,0
D,DISPATCH,UNIT_SCADA,1,"2022/10/20 05:00:00",RT_NSW4,0
D,DISPATCH,UNIT_SCADA,1,"2022/10/20 05:00:00",RT_NSW5,0
D,DISPATCH,UNIT_SCADA,1,"2022/10/20 05:00:00",RT_NSW6,0
D,DISPATCH,UNIT_SCADA,1,"2022/10/20 05:00:00",RT_QLD1,0
D,DISPATCH,UNIT_SCADA,1,"2022/10/20 05:00:00",RT_SA1,0
D,DISPATCH,UNIT_SCADA,1,"2022/10/20 05:00:00",RT_SA2,0
D,DISPATCH,UNIT_SCADA,1,"2022/10/20 05:00:00",RT_SA3,0
D,DISPATCH,UNIT_SCADA,1,"2022/10/20 05:00:00",RT_SA4,0
D,DISPATCH,UNIT_SCADA,1,"2022/10/20 05:00:00",RT_SA5,0
D,DISPATCH,UNIT_SCADA,1,"2022/10/20 05:00:00",RT_SA6,0
D,DISPATCH,UNIT_SCADA,1,"2022/10/20 05:00:00",RT_TAS1,0
D,DISPATCH,UNIT_SCADA,1,"2022/10/20 05:00:00",RT_VIC1,0
D,DISPATCH,UNIT_SCADA,1,"2022/10/20 05:00:00",RT_VIC10,0
D,DISPATCH,UNIT_SCADA,1,"2022/10/20 05:00:00",RT_VIC11,0
D,DISPATCH,UNIT_SCADA,1,"2022/10/20 05:00:00",RT_VIC12,0
D,DISPATCH,UNIT_SCADA,1,"2022/10/20 05:00:00",RT_VIC2,0
D,DISPATCH,UNIT_SCADA,1,"2022/10/20 05:00:00",RT_VIC3,0
D,DISPATCH,UNIT_SCADA,1,"2022/10/20 05:00:00",RT_VIC4,0
D,DISPATCH,UNIT_SCADA,1,"2022/10/20 05:00:00",RT_VIC5,0
D,DISPATCH,UNIT_SCADA,1,"2022/10/20 05:00:00",RT_VIC6,0
D,DISPATCH,UNIT_SCADA,1,"2022/10/20 05:00:00",RT_VIC7,0
D,DISPATCH,UNIT_SCADA,1,"2022/10/20 05:00:00",RT_VIC8,0
D,DISPATCH,UNIT_SCADA,1,"2022/10/20 05:00:00",RT_VIC9,0
D,DISPATCH,UNIT_SCADA,1,"2022/10/20 05:00:00",RUGBYR1,0
D,DISPATCH,UNIT_SCADA,1,"2022/10/20 05:00:00",SALTCRK1,21.21
D,DISPATCH,UNIT_SCADA,1,"2022/10/20 05:00:00",SAPHWF1,174.900440
D,DISPATCH,UNIT_SCADA,1,"2022/10/20 05:00:00",SEBSF1,0
D,DISPATCH,UNIT_SCADA,1,"2022/10/20 05:00:00",SHGEN,0
D,DISPATCH,UNIT_SCADA,1,"2022/10/20 05:00:00",SHPUMP,0
D,DISPATCH,UNIT_SCADA,1,"2022/10/20 05:00:00",SITHE01,0.123710
D,DISPATCH,UNIT_SCADA,1,"2022/10/20 05:00:00",SMCSF1,0
D,DISPATCH,UNIT_SCADA,1,"2022/10/20 05:00:00",SNAPPER1,0
D,DISPATCH,UNIT_SCADA,1,"2022/10/20 05:00:00",SNOWNTH1,138.100010
D,DISPATCH,UNIT_SCADA,1,"2022/10/20 05:00:00",SNOWSTH1,120.100010
D,DISPATCH,UNIT_SCADA,1,"2022/10/20 05:00:00",SNOWTWN1,93.851220
D,DISPATCH,UNIT_SCADA,1,"2022/10/20 05:00:00",SNOWYP,0
D,DISPATCH,UNIT_SCADA,1,"2022/10/20 05:00:00",SNUG1,0
D,DISPATCH,UNIT_SCADA,1,"2022/10/20 05:00:00",SRSF1,0
D,DISPATCH,UNIT_SCADA,1,"2022/10/20 05:00:00",STAN-1,280.094570
D,DISPATCH,UNIT_SCADA,1,"2022/10/20 05:00:00",STAN-2,363.756350
D,DISPATCH,UNIT_SCADA,1,"2022/10/20 05:00:00",STAN-3,364.371610
D,DISPATCH,UNIT_SCADA,1,"2022/10/20 05:00:00",STAN-4,364.179320
D,DISPATCH,UNIT_SCADA,1,"2022/10/20 05:00:00",STARHLWF,15.495480
D,DISPATCH,UNIT_SCADA,1,"2022/10/20 05:00:00",STOCKYD1,247.649990
D,DISPATCH,UNIT_SCADA,1,"2022/10/20 05:00:00",STWF1,68.846880
D,DISPATCH,UNIT_SCADA,1,"2022/10/20 05:00:00",SUNRSF1,0
D,DISPATCH,UNIT_SCADA,1,"2022/10/20 05:00:00",SUNTPSF1,0
D,DISPATCH,UNIT_SCADA,1,"2022/10/20 05:00:00",SWAN_E,246.046880
D,DISPATCH,UNIT_SCADA,1,"2022/10/20 05:00:00",TALWA1,0
D,DISPATCH,UNIT_SCADA,1,"2022/10/20 05:00:00",TARALGA1,0
D,DISPATCH,UNIT_SCADA,1,"2022/10/20 05:00:00",TARONG#1,281.100010
D,DISPATCH,UNIT_SCADA,1,"2022/10/20 05:00:00",TARONG#2,280.899990
D,DISPATCH,UNIT_SCADA,1,"2022/10/20 05:00:00",TARONG#3,0.90
D,DISPATCH,UNIT_SCADA,1,"2022/10/20 05:00:00",TARONG#4,190.100010
D,DISPATCH,UNIT_SCADA,1,"2022/10/20 05:00:00",TARRALEA,53.80
D,DISPATCH,UNIT_SCADA,1,"2022/10/20 05:00:00",TBSF1,0
D,DISPATCH,UNIT_SCADA,1,"2022/10/20 05:00:00",TNPS1,299.6875
D,DISPATCH,UNIT_SCADA,1,"2022/10/20 05:00:00",TORRB1,0
D,DISPATCH,UNIT_SCADA,1,"2022/10/20 05:00:00",TORRB2,40
D,DISPATCH,UNIT_SCADA,1,"2022/10/20 05:00:00",TORRB3,0
D,DISPATCH,UNIT_SCADA,1,"2022/10/20 05:00:00",TORRB4,0
D,DISPATCH,UNIT_SCADA,1,"2022/10/20 05:00:00",TREVALLN,99.829880
D,DISPATCH,UNIT_SCADA,1,"2022/10/20 05:00:00",TRIBUTE,0
D,DISPATCH,UNIT_SCADA,1,"2022/10/20 05:00:00",TUMUT3,0
D,DISPATCH,UNIT_SCADA,1,"2022/10/20 05:00:00",TUNGATIN,5.760020
D,DISPATCH,UNIT_SCADA,1,"2022/10/20 05:00:00",TVCC201,0
D,DISPATCH,UNIT_SCADA,1,"2022/10/20 05:00:00",TVPP104,0
D,DISPATCH,UNIT_SCADA,1,"2022/10/20 05:00:00",UPPTUMUT,0
D,DISPATCH,UNIT_SCADA,1,"2022/10/20 05:00:00",URANQ11,0
D,DISPATCH,UNIT_SCADA,1,"2022/10/20 05:00:00",URANQ12,0
D,DISPATCH,UNIT_SCADA,1,"2022/10/20 05:00:00",URANQ13,0
D,DISPATCH,UNIT_SCADA,1,"2022/10/20 05:00:00",URANQ14,0
D,DISPATCH,UNIT_SCADA,1,"2022/10/20 05:00:00",VBBG1,15.30
D,DISPATCH,UNIT_SCADA,1,"2022/10/20 05:00:00",VBBL1,0
D,DISPATCH,UNIT_SCADA,1,"2022/10/20 05:00:00",VP5,539.201050
D,DISPATCH,UNIT_SCADA,1,"2022/10/20 05:00:00",VP6,535.807370
D,DISPATCH,UNIT_SCADA,1,"2022/10/20 05:00:00",VPGS1,0
D,DISPATCH,UNIT_SCADA,1,"2022/10/20 05:00:00",VPGS2,0
D,DISPATCH,UNIT_SCADA,1,"2022/10/20 05:00:00",VPGS3,0
D,DISPATCH,UNIT_SCADA,1,"2022/10/20 05:00:00",VPGS4,0
D,DISPATCH,UNIT_SCADA,1,"2022/10/20 05:00:00",VPGS5,0
D,DISPATCH,UNIT_SCADA,1,"2022/10/20 05:00:00",VPGS6,0
D,DISPATCH,UNIT_SCADA,1,"2022/10/20 05:00:00",W/HOE#1,0
D,DISPATCH,UNIT_SCADA,1,"2022/10/20 05:00:00",W/HOE#2,0
D,DISPATCH,UNIT_SCADA,1,"2022/10/20 05:00:00",WAGGNSF1,0
D,DISPATCH,UNIT_SCADA,1,"2022/10/20 05:00:00",WALGRVG1,0
D,DISPATCH,UNIT_SCADA,1,"2022/10/20 05:00:00",WALGRVL1,0.0363
D,DISPATCH,UNIT_SCADA,1,"2022/10/20 05:00:00",WANDBG1,0
D,DISPATCH,UNIT_SCADA,1,"2022/10/20 05:00:00",WANDBL1,0
D,DISPATCH,UNIT_SCADA,1,"2022/10/20 05:00:00",WARWSF1,0
D,DISPATCH,UNIT_SCADA,1,"2022/10/20 05:00:00",WARWSF2,0
D,DISPATCH,UNIT_SCADA,1,"2022/10/20 05:00:00",WATERLWF,97.50
D,DISPATCH,UNIT_SCADA,1,"2022/10/20 05:00:00",WDGPH1,0
D,DISPATCH,UNIT_SCADA,1,"2022/10/20 05:00:00",WELLSF1,0
D,DISPATCH,UNIT_SCADA,1,"2022/10/20 05:00:00",WEMENSF1,0
D,DISPATCH,UNIT_SCADA,1,"2022/10/20 05:00:00",WGWF1,69
D,DISPATCH,UNIT_SCADA,1,"2022/10/20 05:00:00",WHITSF1,0
D,DISPATCH,UNIT_SCADA,1,"2022/10/20 05:00:00",WINTSF1,0
D,DISPATCH,UNIT_SCADA,1,"2022/10/20 05:00:00",WKIEWA1,33.90
D,DISPATCH,UNIT_SCADA,1,"2022/10/20 05:00:00",WKIEWA2,34
D,DISPATCH,UNIT_SCADA,1,"2022/10/20 05:00:00",WOODLWN1,15.165760
D,DISPATCH,UNIT_SCADA,1,"2022/10/20 05:00:00",WOOLGSF1,0
D,DISPATCH,UNIT_SCADA,1,"2022/10/20 05:00:00",WPWF,73.51
D,DISPATCH,UNIT_SCADA,1,"2022/10/20 05:00:00",WRSF1,0
D,DISPATCH,UNIT_SCADA,1,"2022/10/20 05:00:00",WRWF1,41.7322
D,DISPATCH,UNIT_SCADA,1,"2022/10/20 05:00:00",WSTWYSF1,0
D,DISPATCH,UNIT_SCADA,1,"2022/10/20 05:00:00",YABULU,0
D,DISPATCH,UNIT_SCADA,1,"2022/10/20 05:00:00",YABULU2,0
D,DISPATCH,UNIT_SCADA,1,"2022/10/20 05:00:00",YARANSF1,0
D,DISPATCH,UNIT_SCADA,1,"2022/10/20 05:00:00",YARWUN_1,129.50
D,DISPATCH,UNIT_SCADA,1,"2022/10/20 05:00:00",YATSF1,0
D,DISPATCH,UNIT_SCADA,1,"2022/10/20 05:00:00",YENDWF1,32.08
D,DISPATCH,UNIT_SCADA,1,"2022/10/20 05:00:00",YWPS1,366.164550
D,DISPATCH,UNIT_SCADA,1,"2022/10/20 05:00:00",YWPS2,292.478490
D,DISPATCH,UNIT_SCADA,1,"2022/10/20 05:00:00",YWPS3,360.517730
D,DISPATCH,UNIT_SCADA,1,"2022/10/20 05:00:00",YWPS4,0
C,"END OF REPORT",419
