C,NEMP.WORLD,DISPATCHSCADA,AEMO,PUBLIC,2022/10/20,08:15:10,0000000373239958,DISPATCHSCADA,0000000373239952
I,DISPATCH,UNIT_SCADA,1,SETTLEMENTDATE,DUID,SCADAVALUE
D,DISPATCH,UNIT_SCADA,1,"2022/10/20 08:20:00",BARCSF1,11
D,DISPATCH,UNIT_SCADA,1,"2022/10/20 08:20:00",BUTLERSG,8.699999
D,DISPATCH,UNIT_SCADA,1,"2022/10/20 08:20:00",CAPTL_WF,73.266747
D,DISPATCH,UNIT_SCADA,1,"2022/10/20 08:20:00",CHALLHWF,8.60
D,DISPATCH,UNIT_SCADA,1,"2022/10/20 08:20:00",CLOVER,13.30
D,DISPATCH,UNIT_SCADA,1,"2022/10/20 08:20:00",CLUNY,6.258183
D,DISPATCH,UNIT_SCADA,1,"2022/10/20 08:20:00",CULLRGWF,-0.02
D,DISPATCH,UNIT_SCADA,1,"2022/10/20 08:20:00",DIAPURWF1,7.30
D,DISPATCH,UNIT_SCADA,1,"2022/10/20 08:20:00",ERGT01,0
D,DISPATCH,UNIT_SCADA,1,"2022/10/20 08:20:00",GB01,0
D,DISPATCH,UNIT_SCADA,1,"2022/10/20 08:20:00",GERMCRK,19.50
D,DISPATCH,UNIT_SCADA,1,"2022/10/20 08:20:00",GRIFSF1,1.701381
D,DISPATCH,UNIT_SCADA,1,"2022/10/20 08:20:00",HEZ1,0
D,DISPATCH,UNIT_SCADA,1,"2022/10/20 08:20:00",HUGSF1,10.209001
D,DISPATCH,UNIT_SCADA,1,"2022/10/20 08:20:00",KEPBG1,0
D,DISPATCH,UNIT_SCADA,1,"2022/10/20 08:20:00",LRSF1,6.3650
D,DISPATCH,UNIT_SCADA,1,"2022/10/20 08:20:00",MBAHNTH,45.206253
D,DISPATCH,UNIT_SCADA,1,"2022/10/20 08:20:00",MLSP1,7.713001
D,DISPATCH,UNIT_SCADA,1,"2022/10/20 08:20:00",MLWF1,5.97
D,DISPATCH,UNIT_SCADA,1,"2022/10/20 08:20:00",PALOONA,30.179998
D,DISPATCH,UNIT_SCADA,1,"2022/10/20 08:20:00",PIONEER,39
D,DISPATCH,UNIT_SCADA,1,"2022/10/20 08:20:00",PORTWF,55.700001
D,DISPATCH,UNIT_SCADA,1,"2022/10/20 08:20:00",REPULSE,9.588159
D,DISPATCH,UNIT_SCADA,1,"2022/10/20 08:20:00",ROWALLAN,8.8537
D,DISPATCH,UNIT_SCADA,1,"2022/10/20 08:20:00",ROYALLA1,11.760003
D,DISPATCH,UNIT_SCADA,1,"2022/10/20 08:20:00",RPCG,-1.80
D,DISPATCH,UNIT_SCADA,1,"2022/10/20 08:20:00",RUBICON,0
D,DISPATCH,UNIT_SCADA,1,"2022/10/20 08:20:00",WAUBRAWF,22.5140
D,DISPATCH,UNIT_SCADA,1,"2022/10/20 08:20:00",WOOLNTH1,3.66
D,DISPATCH,UNIT_SCADA,1,"2022/10/20 08:20:00",YAMBUKWF,6.60
D,DISPATCH,UNIT_SCADA,1,"2022/10/20 08:20:00",YSWF1,0.50
D,DISPATCH,UNIT_SCADA,1,"2022/10/20 08:20:00",ADPBA1G,0.0080
D,DISPATCH,UNIT_SCADA,1,"2022/10/20 08:20:00",ADPBA1L,0
D,DISPATCH,UNIT_SCADA,1,"2022/10/20 08:20:00",ADPPV1,0.0590
D,DISPATCH,UNIT_SCADA,1,"2022/10/20 08:20:00",AGLHAL,0
D,DISPATCH,UNIT_SCADA,1,"2022/10/20 08:20:00",AGLSOM,0
D,DISPATCH,UNIT_SCADA,1,"2022/10/20 08:20:00",ANGAST1,0
D,DISPATCH,UNIT_SCADA,1,"2022/10/20 08:20:00",ARWF1,11.20
D,DISPATCH,UNIT_SCADA,1,"2022/10/20 08:20:00",BALBG1,0
D,DISPATCH,UNIT_SCADA,1,"2022/10/20 08:20:00",BALBL1,0
D,DISPATCH,UNIT_SCADA,1,"2022/10/20 08:20:00",BALDHWF1,1.8230
D,DISPATCH,UNIT_SCADA,1,"2022/10/20 08:20:00",BANGOWF1,20.398260
D,DISPATCH,UNIT_SCADA,1,"2022/10/20 08:20:00",BANGOWF2,26.699090
D,DISPATCH,UNIT_SCADA,1,"2022/10/20 08:20:00",BANN1,8.27
D,DISPATCH,UNIT_SCADA,1,"2022/10/20 08:20:00",BARCALDN,0
D,DISPATCH,UNIT_SCADA,1,"2022/10/20 08:20:00",BARKIPS1,0
D,DISPATCH,UNIT_SCADA,1,"2022/10/20 08:20:00",BARRON-1,28.04
D,DISPATCH,UNIT_SCADA,1,"2022/10/20 08:20:00",BARRON-2,0
D,DISPATCH,UNIT_SCADA,1,"2022/10/20 08:20:00",BASTYAN,55.420010
D,DISPATCH,UNIT_SCADA,1,"2022/10/20 08:20:00",BBTHREE1,0
D,DISPATCH,UNIT_SCADA,1,"2022/10/20 08:20:00",BBTHREE2,0
D,DISPATCH,UNIT_SCADA,1,"2022/10/20 08:20:00",BBTHREE3,0
D,DISPATCH,UNIT_SCADA,1,"2022/10/20 08:20:00",BDL01,0
D,DISPATCH,UNIT_SCADA,1,"2022/10/20 08:20:00",BDL02,0
D,DISPATCH,UNIT_SCADA,1,"2022/10/20 08:20:00",BERYLSF1,3.681250
D,DISPATCH,UNIT_SCADA,1,"2022/10/20 08:20:00",BLOWERNG,62.50
D,DISPATCH,UNIT_SCADA,1,"2022/10/20 08:20:00",BLUEGSF1,24.483840
D,DISPATCH,UNIT_SCADA,1,"2022/10/20 08:20:00",BLUFF1,34.50
D,DISPATCH,UNIT_SCADA,1,"2022/10/20 08:20:00",BNGSF1,89.30
D,DISPATCH,UNIT_SCADA,1,"2022/10/20 08:20:00",BNGSF2,54.18
D,DISPATCH,UNIT_SCADA,1,"2022/10/20 08:20:00",BOCORWF1,0
D,DISPATCH,UNIT_SCADA,1,"2022/10/20 08:20:00",BODWF1,104.810250
D,DISPATCH,UNIT_SCADA,1,"2022/10/20 08:20:00",BOMENSF1,26.541540
D,DISPATCH,UNIT_SCADA,1,"2022/10/20 08:20:00",BOWWBA1G,0
D,DISPATCH,UNIT_SCADA,1,"2022/10/20 08:20:00",BOWWBA1L,0
D,DISPATCH,UNIT_SCADA,1,"2022/10/20 08:20:00",BOWWPV1,0.0010
D,DISPATCH,UNIT_SCADA,1,"2022/10/20 08:20:00",BRAEMAR1,0
D,DISPATCH,UNIT_SCADA,1,"2022/10/20 08:20:00",BRAEMAR2,0
D,DISPATCH,UNIT_SCADA,1,"2022/10/20 08:20:00",BRAEMAR3,0
D,DISPATCH,UNIT_SCADA,1,"2022/10/20 08:20:00",BRAEMAR5,0.292060
D,DISPATCH,UNIT_SCADA,1,"2022/10/20 08:20:00",BRAEMAR6,0
D,DISPATCH,UNIT_SCADA,1,"2022/10/20 08:20:00",BRAEMAR7,0.130920
D,DISPATCH,UNIT_SCADA,1,"2022/10/20 08:20:00",BROKENH1,6.899890
D,DISPATCH,UNIT_SCADA,1,"2022/10/20 08:20:00",BRYB1WF1,127.574580
D,DISPATCH,UNIT_SCADA,1,"2022/10/20 08:20:00",BULBESG1,1.51
D,DISPATCH,UNIT_SCADA,1,"2022/10/20 08:20:00",BULBESL1,0
D,DISPATCH,UNIT_SCADA,1,"2022/10/20 08:20:00",BULGANA1,14.59
D,DISPATCH,UNIT_SCADA,1,"2022/10/20 08:20:00",BW01,660.666810
D,DISPATCH,UNIT_SCADA,1,"2022/10/20 08:20:00",BW02,620.529480
D,DISPATCH,UNIT_SCADA,1,"2022/10/20 08:20:00",BW03,568.258180
D,DISPATCH,UNIT_SCADA,1,"2022/10/20 08:20:00",BW04,0
D,DISPATCH,UNIT_SCADA,1,"2022/10/20 08:20:00",CALL_B_1,327.600010
D,DISPATCH,UNIT_SCADA,1,"2022/10/20 08:20:00",CALL_B_2,326.899990
D,DISPATCH,UNIT_SCADA,1,"2022/10/20 08:20:00",CATHROCK,0
D,DISPATCH,UNIT_SCADA,1,"2022/10/20 08:20:00",CBWWBA1G,0
D,DISPATCH,UNIT_SCADA,1,"2022/10/20 08:20:00",CBWWBA1L,0
D,DISPATCH,UNIT_SCADA,1,"2022/10/20 08:20:00",CETHANA,97.2265
D,DISPATCH,UNIT_SCADA,1,"2022/10/20 08:20:00",CG1,0
D,DISPATCH,UNIT_SCADA,1,"2022/10/20 08:20:00",CG2,0
D,DISPATCH,UNIT_SCADA,1,"2022/10/20 08:20:00",CG3,0
D,DISPATCH,UNIT_SCADA,1,"2022/10/20 08:20:00",CG4,0
D,DISPATCH,UNIT_SCADA,1,"2022/10/20 08:20:00",CHILDSF1,9.76
D,DISPATCH,UNIT_SCADA,1,"2022/10/20 08:20:00",CHYTWF1,0.75
D,DISPATCH,UNIT_SCADA,1,"2022/10/20 08:20:00",CLARESF1,56.958980
D,DISPATCH,UNIT_SCADA,1,"2022/10/20 08:20:00",CLEMGPWF,8.211990
D,DISPATCH,UNIT_SCADA,1,"2022/10/20 08:20:00",CLERMSF1,18.06
D,DISPATCH,UNIT_SCADA,1,"2022/10/20 08:20:00",CNUNDAWF,1.001170
D,DISPATCH,UNIT_SCADA,1,"2022/10/20 08:20:00",COHUNSF1,2.79
D,DISPATCH,UNIT_SCADA,1,"2022/10/20 08:20:00",COLEASF1,38.401240
D,DISPATCH,UNIT_SCADA,1,"2022/10/20 08:20:00",COLUMSF1,7.99
D,DISPATCH,UNIT_SCADA,1,"2022/10/20 08:20:00",COLWF01,127.895010
D,DISPATCH,UNIT_SCADA,1,"2022/10/20 08:20:00",COOPGWF1,338.959990
D,DISPATCH,UNIT_SCADA,1,"2022/10/20 08:20:00",CPP_3,368.774990
D,DISPATCH,UNIT_SCADA,1,"2022/10/20 08:20:00",CPP_4,0
D,DISPATCH,UNIT_SCADA,1,"2022/10/20 08:20:00",CPSA,0
D,DISPATCH,UNIT_SCADA,1,"2022/10/20 08:20:00",CROOKWF2,44.823070
D,DISPATCH,UNIT_SCADA,1,"2022/10/20 08:20:00",CROWLWF1,28.515330
D,DISPATCH,UNIT_SCADA,1,"2022/10/20 08:20:00",CRURWF1,61.396280
D,DISPATCH,UNIT_SCADA,1,"2022/10/20 08:20:00",CRWASF1,28.162050
D,DISPATCH,UNIT_SCADA,1,"2022/10/20 08:20:00",CSPVPS1,32.4150
D,DISPATCH,UNIT_SCADA,1,"2022/10/20 08:20:00",CTHLWF1,0.003050
D,DISPATCH,UNIT_SCADA,1,"2022/10/20 08:20:00",DALNTH01,0
D,DISPATCH,UNIT_SCADA,1,"2022/10/20 08:20:00",DALNTHL1,0.038150
D,DISPATCH,UNIT_SCADA,1,"2022/10/20 08:20:00",DARLSF1,85.669940
D,DISPATCH,UNIT_SCADA,1,"2022/10/20 08:20:00",DARTM1,0
D,DISPATCH,UNIT_SCADA,1,"2022/10/20 08:20:00",DAYDSF1,70.72
D,DISPATCH,UNIT_SCADA,1,"2022/10/20 08:20:00",DDPS1,0
D,DISPATCH,UNIT_SCADA,1,"2022/10/20 08:20:00",DDSF1,10.029570
D,DISPATCH,UNIT_SCADA,1,"2022/10/20 08:20:00",DEVILS_G,59.574570
D,DISPATCH,UNIT_SCADA,1,"2022/10/20 08:20:00",DG_NSW1,0
D,DISPATCH,UNIT_SCADA,1,"2022/10/20 08:20:00",DG_QLD1,0
D,DISPATCH,UNIT_SCADA,1,"2022/10/20 08:20:00",DG_SA1,0
D,DISPATCH,UNIT_SCADA,1,"2022/10/20 08:20:00",DG_TAS1,0
D,DISPATCH,UNIT_SCADA,1,"2022/10/20 08:20:00",DG_VIC1,0
D,DISPATCH,UNIT_SCADA,1,"2022/10/20 08:20:00",DRYCGT1,0
D,DISPATCH,UNIT_SCADA,1,"2022/10/20 08:20:00",DRYCGT2,0
D,DISPATCH,UNIT_SCADA,1,"2022/10/20 08:20:00",DRYCGT3,0
D,DISPATCH,UNIT_SCADA,1,"2022/10/20 08:20:00",DUNDWF1,77.23
D,DISPATCH,UNIT_SCADA,1,"2022/10/20 08:20:00",DUNDWF2,21.39
D,DISPATCH,UNIT_SCADA,1,"2022/10/20 08:20:00",DUNDWF3,66.84
D,DISPATCH,UNIT_SCADA,1,"2022/10/20 08:20:00",EILDON1,60.28
D,DISPATCH,UNIT_SCADA,1,"2022/10/20 08:20:00",EILDON2,59.88
D,DISPATCH,UNIT_SCADA,1,"2022/10/20 08:20:00",ELAINWF1,12.25
D,DISPATCH,UNIT_SCADA,1,"2022/10/20 08:20:00",EMERASF1,0
D,DISPATCH,UNIT_SCADA,1,"2022/10/20 08:20:00",ER01,0
D,DISPATCH,UNIT_SCADA,1,"2022/10/20 08:20:00",ER02,575.533690
D,DISPATCH,UNIT_SCADA,1,"2022/10/20 08:20:00",ER03,574.532710
D,DISPATCH,UNIT_SCADA,1,"2022/10/20 08:20:00",ER04,579.073790
D,DISPATCH,UNIT_SCADA,1,"2022/10/20 08:20:00",FINLYSF1,125.828950
D,DISPATCH,UNIT_SCADA,1,"2022/10/20 08:20:00",FISHER,44.49
D,DISPATCH,UNIT_SCADA,1,"2022/10/20 08:20:00",GANGARR1,15.6710
D,DISPATCH,UNIT_SCADA,1,"2022/10/20 08:20:00",GANNBG1,1.079650
D,DISPATCH,UNIT_SCADA,1,"2022/10/20 08:20:00",GANNBL1,0
D,DISPATCH,UNIT_SCADA,1,"2022/10/20 08:20:00",GANNSF1,35.90
D,DISPATCH,UNIT_SCADA,1,"2022/10/20 08:20:00",GLRWNSF1,109.97
D,DISPATCH,UNIT_SCADA,1,"2022/10/20 08:20:00",GNNDHSF1,51.993820
D,DISPATCH,UNIT_SCADA,1,"2022/10/20 08:20:00",GOONSF1,46.420390
D,DISPATCH,UNIT_SCADA,1,"2022/10/20 08:20:00",GORDON,248.044980
D,DISPATCH,UNIT_SCADA,1,"2022/10/20 08:20:00",GRANWF1,2.96
D,DISPATCH,UNIT_SCADA,1,"2022/10/20 08:20:00",GSTONE1,181.474990
D,DISPATCH,UNIT_SCADA,1,"2022/10/20 08:20:00",GSTONE2,0
D,DISPATCH,UNIT_SCADA,1,"2022/10/20 08:20:00",GSTONE3,170.099990
D,DISPATCH,UNIT_SCADA,1,"2022/10/20 08:20:00",GSTONE4,0
D,DISPATCH,UNIT_SCADA,1,"2022/10/20 08:20:00",GSTONE5,178.149990
D,DISPATCH,UNIT_SCADA,1,"2022/10/20 08:20:00",GSTONE6,179.024990
D,DISPATCH,UNIT_SCADA,1,"2022/10/20 08:20:00",GULLRSF1,0.824990
D,DISPATCH,UNIT_SCADA,1,"2022/10/20 08:20:00",GULLRWF1,69.623950
D,DISPATCH,UNIT_SCADA,1,"2022/10/20 08:20:00",GULLRWF2,97.279310
D,DISPATCH,UNIT_SCADA,1,"2022/10/20 08:20:00",GUNNING1,0
D,DISPATCH,UNIT_SCADA,1,"2022/10/20 08:20:00",GUTHEGA,68.20
D,DISPATCH,UNIT_SCADA,1,"2022/10/20 08:20:00",HALLWF1,49.23
D,DISPATCH,UNIT_SCADA,1,"2022/10/20 08:20:00",HALLWF2,51.03
D,DISPATCH,UNIT_SCADA,1,"2022/10/20 08:20:00",HAMISF1,35
D,DISPATCH,UNIT_SCADA,1,"2022/10/20 08:20:00",HAUGHT11,7.657980
D,DISPATCH,UNIT_SCADA,1,"2022/10/20 08:20:00",HAYMSF1,36.0820
D,DISPATCH,UNIT_SCADA,1,"2022/10/20 08:20:00",HDWF1,74.50
D,DISPATCH,UNIT_SCADA,1,"2022/10/20 08:20:00",HDWF2,36.40
D,DISPATCH,UNIT_SCADA,1,"2022/10/20 08:20:00",HDWF3,61.30
D,DISPATCH,UNIT_SCADA,1,"2022/10/20 08:20:00",HILLSTN1,20.423680
D,DISPATCH,UNIT_SCADA,1,"2022/10/20 08:20:00",HPRG1,15.40
D,DISPATCH,UNIT_SCADA,1,"2022/10/20 08:20:00",HPRL1,0
D,DISPATCH,UNIT_SCADA,1,"2022/10/20 08:20:00",HUMENSW,54.785920
D,DISPATCH,UNIT_SCADA,1,"2022/10/20 08:20:00",HUMEV,0
D,DISPATCH,UNIT_SCADA,1,"2022/10/20 08:20:00",HVWWBA1G,0
D,DISPATCH,UNIT_SCADA,1,"2022/10/20 08:20:00",HVWWBA1L,0.0060
D,DISPATCH,UNIT_SCADA,1,"2022/10/20 08:20:00",HVWWPV1,0.3230
D,DISPATCH,UNIT_SCADA,1,"2022/10/20 08:20:00",JBUTTERS,0
D,DISPATCH,UNIT_SCADA,1,"2022/10/20 08:20:00",JEMALNG1,5.36
D,DISPATCH,UNIT_SCADA,1,"2022/10/20 08:20:00",JLA01,0
D,DISPATCH,UNIT_SCADA,1,"2022/10/20 08:20:00",JLA02,0
D,DISPATCH,UNIT_SCADA,1,"2022/10/20 08:20:00",JLA03,0
D,DISPATCH,UNIT_SCADA,1,"2022/10/20 08:20:00",JLA04,0
D,DISPATCH,UNIT_SCADA,1,"2022/10/20 08:20:00",JLB01,0
D,DISPATCH,UNIT_SCADA,1,"2022/10/20 08:20:00",JLB02,0.10
D,DISPATCH,UNIT_SCADA,1,"2022/10/20 08:20:00",JLB03,0
D,DISPATCH,UNIT_SCADA,1,"2022/10/20 08:20:00",JUNEESF1,2.796420
D,DISPATCH,UNIT_SCADA,1,"2022/10/20 08:20:00",KABANWF1,0
D,DISPATCH,UNIT_SCADA,1,"2022/10/20 08:20:00",KAREEYA1,0
D,DISPATCH,UNIT_SCADA,1,"2022/10/20 08:20:00",KAREEYA2,0
D,DISPATCH,UNIT_SCADA,1,"2022/10/20 08:20:00",KAREEYA3,5.2025
D,DISPATCH,UNIT_SCADA,1,"2022/10/20 08:20:00",KAREEYA4,0
D,DISPATCH,UNIT_SCADA,1,"2022/10/20 08:20:00",KARSF1,12.70
D,DISPATCH,UNIT_SCADA,1,"2022/10/20 08:20:00",KEPSF1,3.09
D,DISPATCH,UNIT_SCADA,1,"2022/10/20 08:20:00",KEPWF1,0
D,DISPATCH,UNIT_SCADA,1,"2022/10/20 08:20:00",KIAMSF1,7.427330
D,DISPATCH,UNIT_SCADA,1,"2022/10/20 08:20:00",KIATAWF1,20.60
D,DISPATCH,UNIT_SCADA,1,"2022/10/20 08:20:00",KPP_1,0
D,DISPATCH,UNIT_SCADA,1,"2022/10/20 08:20:00",KSP1,34.91
D,DISPATCH,UNIT_SCADA,1,"2022/10/20 08:20:00",LADBROK1,0.01
D,DISPATCH,UNIT_SCADA,1,"2022/10/20 08:20:00",LADBROK2,38.88
D,DISPATCH,UNIT_SCADA,1,"2022/10/20 08:20:00",LBBG1,0
D,DISPATCH,UNIT_SCADA,1,"2022/10/20 08:20:00",LBBL1,6.30
D,DISPATCH,UNIT_SCADA,1,"2022/10/20 08:20:00",LD01,329.856260
D,DISPATCH,UNIT_SCADA,1,"2022/10/20 08:20:00",LD02,0
D,DISPATCH,UNIT_SCADA,1,"2022/10/20 08:20:00",LD04,331.632450
D,DISPATCH,UNIT_SCADA,1,"2022/10/20 08:20:00",LEM_WIL,86.869020
D,DISPATCH,UNIT_SCADA,1,"2022/10/20 08:20:00",LGAPWF1,20.17
D,DISPATCH,UNIT_SCADA,1,"2022/10/20 08:20:00",LGAPWF2,15.01
D,DISPATCH,UNIT_SCADA,1,"2022/10/20 08:20:00",LILYSF1,0
D,DISPATCH,UNIT_SCADA,1,"2022/10/20 08:20:00",LIMOSF11,15.423670
D,DISPATCH,UNIT_SCADA,1,"2022/10/20 08:20:00",LIMOSF21,1.923160
D,DISPATCH,UNIT_SCADA,1,"2022/10/20 08:20:00",LI_WY_CA,78.411980
D,DISPATCH,UNIT_SCADA,1,"2022/10/20 08:20:00",LKBONNY1,0
D,DISPATCH,UNIT_SCADA,1,"2022/10/20 08:20:00",LKBONNY2,0
D,DISPATCH,UNIT_SCADA,1,"2022/10/20 08:20:00",LKBONNY3,0
D,DISPATCH,UNIT_SCADA,1,"2022/10/20 08:20:00",LK_ECHO,0
D,DISPATCH,UNIT_SCADA,1,"2022/10/20 08:20:00",LNGS1,0
D,DISPATCH,UNIT_SCADA,1,"2022/10/20 08:20:00",LNGS2,0
D,DISPATCH,UNIT_SCADA,1,"2022/10/20 08:20:00",LONSDALE,0
D,DISPATCH,UNIT_SCADA,1,"2022/10/20 08:20:00",LOYYB1,524.058230
D,DISPATCH,UNIT_SCADA,1,"2022/10/20 08:20:00",LOYYB2,524.4342
D,DISPATCH,UNIT_SCADA,1,"2022/10/20 08:20:00",LYA1,537
D,DISPATCH,UNIT_SCADA,1,"2022/10/20 08:20:00",LYA2,0
D,DISPATCH,UNIT_SCADA,1,"2022/10/20 08:20:00",LYA3,534
D,DISPATCH,UNIT_SCADA,1,"2022/10/20 08:20:00",LYA4,538
D,DISPATCH,UNIT_SCADA,1,"2022/10/20 08:20:00",MACARTH1,19.699540
D,DISPATCH,UNIT_SCADA,1,"2022/10/20 08:20:00",MACKNTSH,0
D,DISPATCH,UNIT_SCADA,1,"2022/10/20 08:20:00",MANSLR1,4.2030
D,DISPATCH,UNIT_SCADA,1,"2022/10/20 08:20:00",MAPS2PV1,0
D,DISPATCH,UNIT_SCADA,1,"2022/10/20 08:20:00",MAPS3PV1,0
D,DISPATCH,UNIT_SCADA,1,"2022/10/20 08:20:00",MARYRSF1,15.37
D,DISPATCH,UNIT_SCADA,1,"2022/10/20 08:20:00",MBPS2PV1,0
D,DISPATCH,UNIT_SCADA,1,"2022/10/20 08:20:00",MCKAY1,0.02
D,DISPATCH,UNIT_SCADA,1,"2022/10/20 08:20:00",MEADOWBK,19.805940
D,DISPATCH,UNIT_SCADA,1,"2022/10/20 08:20:00",MERCER01,25.50
D,DISPATCH,UNIT_SCADA,1,"2022/10/20 08:20:00",METZSF1,13.163540
D,DISPATCH,UNIT_SCADA,1,"2022/10/20 08:20:00",MEWF1,0
D,DISPATCH,UNIT_SCADA,1,"2022/10/20 08:20:00",MIDDLSF1,3.96
D,DISPATCH,UNIT_SCADA,1,"2022/10/20 08:20:00",MINTARO,0.128180
D,DISPATCH,UNIT_SCADA,1,"2022/10/20 08:20:00",MOLNGSF1,4.857250
D,DISPATCH,UNIT_SCADA,1,"2022/10/20 08:20:00",MOORAWF1,24.13
D,DISPATCH,UNIT_SCADA,1,"2022/10/20 08:20:00",MOREESF1,0.4160
D,DISPATCH,UNIT_SCADA,1,"2022/10/20 08:20:00",MORTLK11,0
D,DISPATCH,UNIT_SCADA,1,"2022/10/20 08:20:00",MORTLK12,0
D,DISPATCH,UNIT_SCADA,1,"2022/10/20 08:20:00",MOUSF1,0
D,DISPATCH,UNIT_SCADA,1,"2022/10/20 08:20:00",MP1,0
D,DISPATCH,UNIT_SCADA,1,"2022/10/20 08:20:00",MP2,367.132080
D,DISPATCH,UNIT_SCADA,1,"2022/10/20 08:20:00",MPP_1,178.716920
D,DISPATCH,UNIT_SCADA,1,"2022/10/20 08:20:00",MPP_2,75.3962
D,DISPATCH,UNIT_SCADA,1,"2022/10/20 08:20:00",MRTLSWF1,0
D,DISPATCH,UNIT_SCADA,1,"2022/10/20 08:20:00",MSTUART1,0
D,DISPATCH,UNIT_SCADA,1,"2022/10/20 08:20:00",MSTUART2,0
D,DISPATCH,UNIT_SCADA,1,"2022/10/20 08:20:00",MSTUART3,0
D,DISPATCH,UNIT_SCADA,1,"2022/10/20 08:20:00",MTGELWF1,47.355570
D,DISPATCH,UNIT_SCADA,1,"2022/10/20 08:20:00",MTMILLAR,1.40
D,DISPATCH,UNIT_SCADA,1,"2022/10/20 08:20:00",MURRAY,0
D,DISPATCH,UNIT_SCADA,1,"2022/10/20 08:20:00",MUSSELR1,91.10
D,DISPATCH,UNIT_SCADA,1,"2022/10/20 08:20:00",MUWAWF1,112.80
D,DISPATCH,UNIT_SCADA,1,"2022/10/20 08:20:00",MUWAWF2,97.30
D,DISPATCH,UNIT_SCADA,1,"2022/10/20 08:20:00",MWPS1PV1,0.13
D,DISPATCH,UNIT_SCADA,1,"2022/10/20 08:20:00",MWPS2PV1,0
D,DISPATCH,UNIT_SCADA,1,"2022/10/20 08:20:00",MWPS3PV1,0.04
D,DISPATCH,UNIT_SCADA,1,"2022/10/20 08:20:00",MWPS4PV1,0
D,DISPATCH,UNIT_SCADA,1,"2022/10/20 08:20:00",NBHWF1,82.90
D,DISPATCH,UNIT_SCADA,1,"2022/10/20 08:20:00",NEVERSF1,2.27
D,DISPATCH,UNIT_SCADA,1,"2022/10/20 08:20:00",NPS,0
D,DISPATCH,UNIT_SCADA,1,"2022/10/20 08:20:00",NUMURSF1,91.47
D,DISPATCH,UNIT_SCADA,1,"2022/10/20 08:20:00",NYNGAN1,6.75
D,DISPATCH,UNIT_SCADA,1,"2022/10/20 08:20:00",OAKEY1,0
D,DISPATCH,UNIT_SCADA,1,"2022/10/20 08:20:00",OAKEY1SF,11.4970
D,DISPATCH,UNIT_SCADA,1,"2022/10/20 08:20:00",OAKEY2,0
D,DISPATCH,UNIT_SCADA,1,"2022/10/20 08:20:00",OAKEY2SF,16.66
D,DISPATCH,UNIT_SCADA,1,"2022/10/20 08:20:00",OAKLAND1,3.90
D,DISPATCH,UNIT_SCADA,1,"2022/10/20 08:20:00",OSB-AG,0
D,DISPATCH,UNIT_SCADA,1,"2022/10/20 08:20:00",PAREPS1,0.0660
D,DISPATCH,UNIT_SCADA,1,"2022/10/20 08:20:00",PAREPW1,99.96
D,DISPATCH,UNIT_SCADA,1,"2022/10/20 08:20:00",PARSF1,44.802010
D,DISPATCH,UNIT_SCADA,1,"2022/10/20 08:20:00",POAT110,0
D,DISPATCH,UNIT_SCADA,1,"2022/10/20 08:20:00",POAT220,0
D,DISPATCH,UNIT_SCADA,1,"2022/10/20 08:20:00",POR01,0
D,DISPATCH,UNIT_SCADA,1,"2022/10/20 08:20:00",POR03,0
D,DISPATCH,UNIT_SCADA,1,"2022/10/20 08:20:00",PPCCGT,178.920960
D,DISPATCH,UNIT_SCADA,1,"2022/10/20 08:20:00",PTSTAN1,0
D,DISPATCH,UNIT_SCADA,1,"2022/10/20 08:20:00",PUMP1,0
D,DISPATCH,UNIT_SCADA,1,"2022/10/20 08:20:00",PUMP2,0
D,DISPATCH,UNIT_SCADA,1,"2022/10/20 08:20:00",QBYNBG1,0.0045
D,DISPATCH,UNIT_SCADA,1,"2022/10/20 08:20:00",QBYNBL1,0
D,DISPATCH,UNIT_SCADA,1,"2022/10/20 08:20:00",QPS1,0
D,DISPATCH,UNIT_SCADA,1,"2022/10/20 08:20:00",QPS2,0
D,DISPATCH,UNIT_SCADA,1,"2022/10/20 08:20:00",QPS3,0
D,DISPATCH,UNIT_SCADA,1,"2022/10/20 08:20:00",QPS4,0
D,DISPATCH,UNIT_SCADA,1,"2022/10/20 08:20:00",QPS5,79.18
D,DISPATCH,UNIT_SCADA,1,"2022/10/20 08:20:00",REECE1,50.472370
D,DISPATCH,UNIT_SCADA,1,"2022/10/20 08:20:00",REECE2,0
D,DISPATCH,UNIT_SCADA,1,"2022/10/20 08:20:00",ROMA_7,0
D,DISPATCH,UNIT_SCADA,1,"2022/10/20 08:20:00",ROMA_8,0
D,DISPATCH,UNIT_SCADA,1,"2022/10/20 08:20:00",RRSF1,105.096980
D,DISPATCH,UNIT_SCADA,1,"2022/10/20 08:20:00",RT_NSW1,0
D,DISPATCH,UNIT_SCADA,1,"2022/10/20 08:20:00",RT_NSW2,0
D,DISPATCH,UNIT_SCADA,1,"2022/10/20 08:20:00",RT_NSW3,0
D,DISPATCH,UNIT_SCADA,1,"2022/10/20 08:20:00",RT_NSW4,0
D,DISPATCH,UNIT_SCADA,1,"2022/10/20 08:20:00",RT_NSW5,0
D,DISPATCH,UNIT_SCADA,1,"2022/10/20 08:20:00",RT_NSW6,0
D,DISPATCH,UNIT_SCADA,1,"2022/10/20 08:20:00",RT_QLD1,0
D,DISPATCH,UNIT_SCADA,1,"2022/10/20 08:20:00",RT_SA1,0
D,DISPATCH,UNIT_SCADA,1,"2022/10/20 08:20:00",RT_SA2,0
D,DISPATCH,UNIT_SCADA,1,"2022/10/20 08:20:00",RT_SA3,0
D,DISPATCH,UNIT_SCADA,1,"2022/10/20 08:20:00",RT_SA4,0
D,DISPATCH,UNIT_SCADA,1,"2022/10/20 08:20:00",RT_SA5,0
D,DISPATCH,UNIT_SCADA,1,"2022/10/20 08:20:00",RT_SA6,0
D,DISPATCH,UNIT_SCADA,1,"2022/10/20 08:20:00",RT_TAS1,0
D,DISPATCH,UNIT_SCADA,1,"2022/10/20 08:20:00",RT_VIC1,0
D,DISPATCH,UNIT_SCADA,1,"2022/10/20 08:20:00",RT_VIC10,0
D,DISPATCH,UNIT_SCADA,1,"2022/10/20 08:20:00",RT_VIC11,0
D,DISPATCH,UNIT_SCADA,1,"2022/10/20 08:20:00",RT_VIC12,0
D,DISPATCH,UNIT_SCADA,1,"2022/10/20 08:20:00",RT_VIC2,0
D,DISPATCH,UNIT_SCADA,1,"2022/10/20 08:20:00",RT_VIC3,0
D,DISPATCH,UNIT_SCADA,1,"2022/10/20 08:20:00",RT_VIC4,0
D,DISPATCH,UNIT_SCADA,1,"2022/10/20 08:20:00",RT_VIC5,0
D,DISPATCH,UNIT_SCADA,1,"2022/10/20 08:20:00",RT_VIC6,0
D,DISPATCH,UNIT_SCADA,1,"2022/10/20 08:20:00",RT_VIC7,0
D,DISPATCH,UNIT_SCADA,1,"2022/10/20 08:20:00",RT_VIC8,0
D,DISPATCH,UNIT_SCADA,1,"2022/10/20 08:20:00",RT_VIC9,0
D,DISPATCH,UNIT_SCADA,1,"2022/10/20 08:20:00",RUGBYR1,2.404350
D,DISPATCH,UNIT_SCADA,1,"2022/10/20 08:20:00",SALTCRK1,31.07
D,DISPATCH,UNIT_SCADA,1,"2022/10/20 08:20:00",SAPHWF1,170.972760
D,DISPATCH,UNIT_SCADA,1,"2022/10/20 08:20:00",SEBSF1,30.066320
D,DISPATCH,UNIT_SCADA,1,"2022/10/20 08:20:00",SHGEN,0
D,DISPATCH,UNIT_SCADA,1,"2022/10/20 08:20:00",SHPUMP,0
D,DISPATCH,UNIT_SCADA,1,"2022/10/20 08:20:00",SITHE01,0.153860
D,DISPATCH,UNIT_SCADA,1,"2022/10/20 08:20:00",SMCSF1,19.3190
D,DISPATCH,UNIT_SCADA,1,"2022/10/20 08:20:00",SNAPPER1,0
D,DISPATCH,UNIT_SCADA,1,"2022/10/20 08:20:00",SNOWNTH1,127.20
D,DISPATCH,UNIT_SCADA,1,"2022/10/20 08:20:00",SNOWSTH1,102.90
D,DISPATCH,UNIT_SCADA,1,"2022/10/20 08:20:00",SNOWTWN1,0
D,DISPATCH,UNIT_SCADA,1,"2022/10/20 08:20:00",SNOWYP,0
D,DISPATCH,UNIT_SCADA,1,"2022/10/20 08:20:00",SNUG1,0
D,DISPATCH,UNIT_SCADA,1,"2022/10/20 08:20:00",SRSF1,4.76
D,DISPATCH,UNIT_SCADA,1,"2022/10/20 08:20:00",STAN-1,286.618840
D,DISPATCH,UNIT_SCADA,1,"2022/10/20 08:20:00",STAN-2,366.063540
D,DISPATCH,UNIT_SCADA,1,"2022/10/20 08:20:00",STAN-3,154.633940
D,DISPATCH,UNIT_SCADA,1,"2022/10/20 08:20:00",STAN-4,363.50
D,DISPATCH,UNIT_SCADA,1,"2022/10/20 08:20:00",STARHLWF,0.01
D,DISPATCH,UNIT_SCADA,1,"2022/10/20 08:20:00",STOCKYD1,90.81
D,DISPATCH,UNIT_SCADA,1,"2022/10/20 08:20:00",STWF1,27.8233
D,DISPATCH,UNIT_SCADA,1,"2022/10/20 08:20:00",SUNRSF1,4.573130
D,DISPATCH,UNIT_SCADA,1,"2022/10/20 08:20:00",SUNTPSF1,47.266960
D,DISPATCH,UNIT_SCADA,1,"2022/10/20 08:20:00",SWAN_E,195.006870
D,DISPATCH,UNIT_SCADA,1,"2022/10/20 08:20:00",TALWA1,0
D,DISPATCH,UNIT_SCADA,1,"2022/10/20 08:20:00",TARALGA1,0
D,DISPATCH,UNIT_SCADA,1,"2022/10/20 08:20:00",TARONG#1,350
D,DISPATCH,UNIT_SCADA,1,"2022/10/20 08:20:00",TARONG#2,349.899990
D,DISPATCH,UNIT_SCADA,1,"2022/10/20 08:20:00",TARONG#3,0.90
D,DISPATCH,UNIT_SCADA,1,"2022/10/20 08:20:00",TARONG#4,294.50
D,DISPATCH,UNIT_SCADA,1,"2022/10/20 08:20:00",TARRALEA,53.90
D,DISPATCH,UNIT_SCADA,1,"2022/10/20 08:20:00",TBSF1,16.50
D,DISPATCH,UNIT_SCADA,1,"2022/10/20 08:20:00",TNPS1,442.75
D,DISPATCH,UNIT_SCADA,1,"2022/10/20 08:20:00",TORRB1,0
D,DISPATCH,UNIT_SCADA,1,"2022/10/20 08:20:00",TORRB2,46
D,DISPATCH,UNIT_SCADA,1,"2022/10/20 08:20:00",TORRB3,0
D,DISPATCH,UNIT_SCADA,1,"2022/10/20 08:20:00",TORRB4,0
D,DISPATCH,UNIT_SCADA,1,"2022/10/20 08:20:00",TREVALLN,98.027080
D,DISPATCH,UNIT_SCADA,1,"2022/10/20 08:20:00",TRIBUTE,0
D,DISPATCH,UNIT_SCADA,1,"2022/10/20 08:20:00",TUMUT3,0
D,DISPATCH,UNIT_SCADA,1,"2022/10/20 08:20:00",TUNGATIN,9.610020
D,DISPATCH,UNIT_SCADA,1,"2022/10/20 08:20:00",TVCC201,0
D,DISPATCH,UNIT_SCADA,1,"2022/10/20 08:20:00",TVPP104,40.029260
D,DISPATCH,UNIT_SCADA,1,"2022/10/20 08:20:00",UPPTUMUT,0
D,DISPATCH,UNIT_SCADA,1,"2022/10/20 08:20:00",URANQ11,0
D,DISPATCH,UNIT_SCADA,1,"2022/10/20 08:20:00",URANQ12,0
D,DISPATCH,UNIT_SCADA,1,"2022/10/20 08:20:00",URANQ13,0
D,DISPATCH,UNIT_SCADA,1,"2022/10/20 08:20:00",URANQ14,0
D,DISPATCH,UNIT_SCADA,1,"2022/10/20 08:20:00",VBBG1,125.50
D,DISPATCH,UNIT_SCADA,1,"2022/10/20 08:20:00",VBBL1,0
D,DISPATCH,UNIT_SCADA,1,"2022/10/20 08:20:00",VP5,491.885130
D,DISPATCH,UNIT_SCADA,1,"2022/10/20 08:20:00",VP6,442.982270
D,DISPATCH,UNIT_SCADA,1,"2022/10/20 08:20:00",VPGS1,0
D,DISPATCH,UNIT_SCADA,1,"2022/10/20 08:20:00",VPGS2,0
D,DISPATCH,UNIT_SCADA,1,"2022/10/20 08:20:00",VPGS3,0
D,DISPATCH,UNIT_SCADA,1,"2022/10/20 08:20:00",VPGS4,0
D,DISPATCH,UNIT_SCADA,1,"2022/10/20 08:20:00",VPGS5,0
D,DISPATCH,UNIT_SCADA,1,"2022/10/20 08:20:00",VPGS6,0
D,DISPATCH,UNIT_SCADA,1,"2022/10/20 08:20:00",W/HOE#1,0
D,DISPATCH,UNIT_SCADA,1,"2022/10/20 08:20:00",W/HOE#2,0
D,DISPATCH,UNIT_SCADA,1,"2022/10/20 08:20:00",WAGGNSF1,0
D,DISPATCH,UNIT_SCADA,1,"2022/10/20 08:20:00",WALGRVG1,0.833070
D,DISPATCH,UNIT_SCADA,1,"2022/10/20 08:20:00",WALGRVL1,0
D,DISPATCH,UNIT_SCADA,1,"2022/10/20 08:20:00",WANDBG1,2.231080
D,DISPATCH,UNIT_SCADA,1,"2022/10/20 08:20:00",WANDBL1,0
D,DISPATCH,UNIT_SCADA,1,"2022/10/20 08:20:00",WARWSF1,5.80
D,DISPATCH,UNIT_SCADA,1,"2022/10/20 08:20:00",WARWSF2,5.85
D,DISPATCH,UNIT_SCADA,1,"2022/10/20 08:20:00",WATERLWF,43.70
D,DISPATCH,UNIT_SCADA,1,"2022/10/20 08:20:00",WDGPH1,41.2620
D,DISPATCH,UNIT_SCADA,1,"2022/10/20 08:20:00",WELLSF1,21.426720
D,DISPATCH,UNIT_SCADA,1,"2022/10/20 08:20:00",WEMENSF1,22.40
D,DISPATCH,UNIT_SCADA,1,"2022/10/20 08:20:00",WGWF1,95.40
D,DISPATCH,UNIT_SCADA,1,"2022/10/20 08:20:00",WHITSF1,37.40
D,DISPATCH,UNIT_SCADA,1,"2022/10/20 08:20:00",WINTSF1,83.19
D,DISPATCH,UNIT_SCADA,1,"2022/10/20 08:20:00",WKIEWA1,34.30
D,DISPATCH,UNIT_SCADA,1,"2022/10/20 08:20:00",WKIEWA2,34.30
D,DISPATCH,UNIT_SCADA,1,"2022/10/20 08:20:00",WOODLWN1,24.702040
D,DISPATCH,UNIT_SCADA,1,"2022/10/20 08:20:00",WOOLGSF1,11.190780
D,DISPATCH,UNIT_SCADA,1,"2022/10/20 08:20:00",WPWF,41.54
D,DISPATCH,UNIT_SCADA,1,"2022/10/20 08:20:00",WRSF1,0.789820
D,DISPATCH,UNIT_SCADA,1,"2022/10/20 08:20:00",WRWF1,28.2652
D,DISPATCH,UNIT_SCADA,1,"2022/10/20 08:20:00",WSTWYSF1,0
D,DISPATCH,UNIT_SCADA,1,"2022/10/20 08:20:00",YABULU,0
D,DISPATCH,UNIT_SCADA,1,"2022/10/20 08:20:00",YABULU2,0
D,DISPATCH,UNIT_SCADA,1,"2022/10/20 08:20:00",YARANSF1,70.20
D,DISPATCH,UNIT_SCADA,1,"2022/10/20 08:20:00",YARWUN_1,129.05
D,DISPATCH,UNIT_SCADA,1,"2022/10/20 08:20:00",YATSF1,6.43
D,DISPATCH,UNIT_SCADA,1,"2022/10/20 08:20:00",YENDWF1,17.91
D,DISPATCH,UNIT_SCADA,1,"2022/10/20 08:20:00",YWPS1,364.159480
D,DISPATCH,UNIT_SCADA,1,"2022/10/20 08:20:00",YWPS2,296.237980
D,DISPATCH,UNIT_SCADA,1,"2022/10/20 08:20:00",YWPS3,364.469640
D,DISPATCH,UNIT_SCADA,1,"2022/10/20 08:20:00",YWPS4,0
C,"END OF REPORT",419
