C,NEMP.WORLD,DISPATCHSCADA,AEMO,PUBLIC,2022/10/20,19:30:10,0000000373276387,DISPATCHSCADA,0000000373276381
I,DISPATCH,UNIT_SCADA,1,SETTLEMENTDATE,DUID,SCADAVALUE
D,DISPATCH,UNIT_SCADA,1,"2022/10/20 19:35:00",BARCSF1,0.10
D,DISPATCH,UNIT_SCADA,1,"2022/10/20 19:35:00",BUTLERSG,8.699999
D,DISPATCH,UNIT_SCADA,1,"2022/10/20 19:35:00",CAPTL_WF,90.829514
D,DISPATCH,UNIT_SCADA,1,"2022/10/20 19:35:00",CHALLHWF,10.90
D,DISPATCH,UNIT_SCADA,1,"2022/10/20 19:35:00",CLOVER,13.18
D,DISPATCH,UNIT_SCADA,1,"2022/10/20 19:35:00",CLUNY,6.401007
D,DISPATCH,UNIT_SCADA,1,"2022/10/20 19:35:00",CULLRGWF,-0.02
D,DISPATCH,UNIT_SCADA,1,"2022/10/20 19:35:00",DIAPURWF1,1.20
D,DISPATCH,UNIT_SCADA,1,"2022/10/20 19:35:00",ERGT01,0
D,DISPATCH,UNIT_SCADA,1,"2022/10/20 19:35:00",GB01,0
D,DISPATCH,UNIT_SCADA,1,"2022/10/20 19:35:00",GERMCRK,21.200001
D,DISPATCH,UNIT_SCADA,1,"2022/10/20 19:35:00",GRIFSF1,0.001526
D,DISPATCH,UNIT_SCADA,1,"2022/10/20 19:35:00",HEZ1,0
D,DISPATCH,UNIT_SCADA,1,"2022/10/20 19:35:00",HUGSF1,-0.0420
D,DISPATCH,UNIT_SCADA,1,"2022/10/20 19:35:00",KEPBG1,0
D,DISPATCH,UNIT_SCADA,1,"2022/10/20 19:35:00",LRSF1,0.0110
D,DISPATCH,UNIT_SCADA,1,"2022/10/20 19:35:00",MBAHNTH,44.006241
D,DISPATCH,UNIT_SCADA,1,"2022/10/20 19:35:00",MLSP1,0
D,DISPATCH,UNIT_SCADA,1,"2022/10/20 19:35:00",MLWF1,3.2850
D,DISPATCH,UNIT_SCADA,1,"2022/10/20 19:35:00",PALOONA,30.709999
D,DISPATCH,UNIT_SCADA,1,"2022/10/20 19:35:00",PIONEER,26
D,DISPATCH,UNIT_SCADA,1,"2022/10/20 19:35:00",PORTWF,45.400002
D,DISPATCH,UNIT_SCADA,1,"2022/10/20 19:35:00",REPULSE,9.619898
D,DISPATCH,UNIT_SCADA,1,"2022/10/20 19:35:00",ROWALLAN,8.7117
D,DISPATCH,UNIT_SCADA,1,"2022/10/20 19:35:00",ROYALLA1,0
D,DISPATCH,UNIT_SCADA,1,"2022/10/20 19:35:00",RPCG,-0.50
D,DISPATCH,UNIT_SCADA,1,"2022/10/20 19:35:00",RUBICON,0
D,DISPATCH,UNIT_SCADA,1,"2022/10/20 19:35:00",WAUBRAWF,76.038002
D,DISPATCH,UNIT_SCADA,1,"2022/10/20 19:35:00",WOOLNTH1,95.199997
D,DISPATCH,UNIT_SCADA,1,"2022/10/20 19:35:00",YAMBUKWF,6.50
D,DISPATCH,UNIT_SCADA,1,"2022/10/20 19:35:00",YSWF1,1.10
D,DISPATCH,UNIT_SCADA,1,"2022/10/20 19:35:00",ADPBA1G,0.0080
D,DISPATCH,UNIT_SCADA,1,"2022/10/20 19:35:00",ADPBA1L,0
D,DISPATCH,UNIT_SCADA,1,"2022/10/20 19:35:00",ADPPV1,0
D,DISPATCH,UNIT_SCADA,1,"2022/10/20 19:35:00",AGLHAL,30.930520
D,DISPATCH,UNIT_SCADA,1,"2022/10/20 19:35:00",AGLSOM,0
D,DISPATCH,UNIT_SCADA,1,"2022/10/20 19:35:00",ANGAST1,0
D,DISPATCH,UNIT_SCADA,1,"2022/10/20 19:35:00",ARWF1,26.30
D,DISPATCH,UNIT_SCADA,1,"2022/10/20 19:35:00",BALBG1,0
D,DISPATCH,UNIT_SCADA,1,"2022/10/20 19:35:00",BALBL1,0
D,DISPATCH,UNIT_SCADA,1,"2022/10/20 19:35:00",BALDHWF1,105.378010
D,DISPATCH,UNIT_SCADA,1,"2022/10/20 19:35:00",BANGOWF1,83.797670
D,DISPATCH,UNIT_SCADA,1,"2022/10/20 19:35:00",BANGOWF2,66.797670
D,DISPATCH,UNIT_SCADA,1,"2022/10/20 19:35:00",BANN1,0
D,DISPATCH,UNIT_SCADA,1,"2022/10/20 19:35:00",BARCALDN,0
D,DISPATCH,UNIT_SCADA,1,"2022/10/20 19:35:00",BARKIPS1,87.57
D,DISPATCH,UNIT_SCADA,1,"2022/10/20 19:35:00",BARRON-1,27.84
D,DISPATCH,UNIT_SCADA,1,"2022/10/20 19:35:00",BARRON-2,28.12
D,DISPATCH,UNIT_SCADA,1,"2022/10/20 19:35:00",BASTYAN,69.52
D,DISPATCH,UNIT_SCADA,1,"2022/10/20 19:35:00",BBTHREE1,0
D,DISPATCH,UNIT_SCADA,1,"2022/10/20 19:35:00",BBTHREE2,0
D,DISPATCH,UNIT_SCADA,1,"2022/10/20 19:35:00",BBTHREE3,-1.12
D,DISPATCH,UNIT_SCADA,1,"2022/10/20 19:35:00",BDL01,0
D,DISPATCH,UNIT_SCADA,1,"2022/10/20 19:35:00",BDL02,0
D,DISPATCH,UNIT_SCADA,1,"2022/10/20 19:35:00",BERYLSF1,0
D,DISPATCH,UNIT_SCADA,1,"2022/10/20 19:35:00",BLOWERNG,62.60
D,DISPATCH,UNIT_SCADA,1,"2022/10/20 19:35:00",BLUEGSF1,0
D,DISPATCH,UNIT_SCADA,1,"2022/10/20 19:35:00",BLUFF1,2.10
D,DISPATCH,UNIT_SCADA,1,"2022/10/20 19:35:00",BNGSF1,0
D,DISPATCH,UNIT_SCADA,1,"2022/10/20 19:35:00",BNGSF2,0
D,DISPATCH,UNIT_SCADA,1,"2022/10/20 19:35:00",BOCORWF1,19.22
D,DISPATCH,UNIT_SCADA,1,"2022/10/20 19:35:00",BODWF1,108.820880
D,DISPATCH,UNIT_SCADA,1,"2022/10/20 19:35:00",BOMENSF1,0
D,DISPATCH,UNIT_SCADA,1,"2022/10/20 19:35:00",BOWWBA1G,0.0010
D,DISPATCH,UNIT_SCADA,1,"2022/10/20 19:35:00",BOWWBA1L,0
D,DISPATCH,UNIT_SCADA,1,"2022/10/20 19:35:00",BOWWPV1,0
D,DISPATCH,UNIT_SCADA,1,"2022/10/20 19:35:00",BRAEMAR1,0
D,DISPATCH,UNIT_SCADA,1,"2022/10/20 19:35:00",BRAEMAR2,0
D,DISPATCH,UNIT_SCADA,1,"2022/10/20 19:35:00",BRAEMAR3,0
D,DISPATCH,UNIT_SCADA,1,"2022/10/20 19:35:00",BRAEMAR5,144.387920
D,DISPATCH,UNIT_SCADA,1,"2022/10/20 19:35:00",BRAEMAR6,0
D,DISPATCH,UNIT_SCADA,1,"2022/10/20 19:35:00",BRAEMAR7,140.248750
D,DISPATCH,UNIT_SCADA,1,"2022/10/20 19:35:00",BROKENH1,0
D,DISPATCH,UNIT_SCADA,1,"2022/10/20 19:35:00",BRYB1WF1,97.801180
D,DISPATCH,UNIT_SCADA,1,"2022/10/20 19:35:00",BULBESG1,0
D,DISPATCH,UNIT_SCADA,1,"2022/10/20 19:35:00",BULBESL1,0.03
D,DISPATCH,UNIT_SCADA,1,"2022/10/20 19:35:00",BULGANA1,54.37
D,DISPATCH,UNIT_SCADA,1,"2022/10/20 19:35:00",BW01,655.930420
D,DISPATCH,UNIT_SCADA,1,"2022/10/20 19:35:00",BW02,637.1557
D,DISPATCH,UNIT_SCADA,1,"2022/10/20 19:35:00",BW03,613.1319
D,DISPATCH,UNIT_SCADA,1,"2022/10/20 19:35:00",BW04,0
D,DISPATCH,UNIT_SCADA,1,"2022/10/20 19:35:00",CALL_B_1,318.300020
D,DISPATCH,UNIT_SCADA,1,"2022/10/20 19:35:00",CALL_B_2,318.899990
D,DISPATCH,UNIT_SCADA,1,"2022/10/20 19:35:00",CATHROCK,4.50
D,DISPATCH,UNIT_SCADA,1,"2022/10/20 19:35:00",CBWWBA1G,0
D,DISPATCH,UNIT_SCADA,1,"2022/10/20 19:35:00",CBWWBA1L,0
D,DISPATCH,UNIT_SCADA,1,"2022/10/20 19:35:00",CETHANA,97.4660
D,DISPATCH,UNIT_SCADA,1,"2022/10/20 19:35:00",CG1,0
D,DISPATCH,UNIT_SCADA,1,"2022/10/20 19:35:00",CG2,0
D,DISPATCH,UNIT_SCADA,1,"2022/10/20 19:35:00",CG3,0
D,DISPATCH,UNIT_SCADA,1,"2022/10/20 19:35:00",CG4,0
D,DISPATCH,UNIT_SCADA,1,"2022/10/20 19:35:00",CHILDSF1,0
D,DISPATCH,UNIT_SCADA,1,"2022/10/20 19:35:00",CHYTWF1,9.26
D,DISPATCH,UNIT_SCADA,1,"2022/10/20 19:35:00",CLARESF1,0
D,DISPATCH,UNIT_SCADA,1,"2022/10/20 19:35:00",CLEMGPWF,3.889890
D,DISPATCH,UNIT_SCADA,1,"2022/10/20 19:35:00",CLERMSF1,0
D,DISPATCH,UNIT_SCADA,1,"2022/10/20 19:35:00",CNUNDAWF,15.5181
D,DISPATCH,UNIT_SCADA,1,"2022/10/20 19:35:00",COHUNSF1,0
D,DISPATCH,UNIT_SCADA,1,"2022/10/20 19:35:00",COLEASF1,0
D,DISPATCH,UNIT_SCADA,1,"2022/10/20 19:35:00",COLUMSF1,0
D,DISPATCH,UNIT_SCADA,1,"2022/10/20 19:35:00",COLWF01,123.666750
D,DISPATCH,UNIT_SCADA,1,"2022/10/20 19:35:00",COOPGWF1,303.59
D,DISPATCH,UNIT_SCADA,1,"2022/10/20 19:35:00",CPP_3,369.8750
D,DISPATCH,UNIT_SCADA,1,"2022/10/20 19:35:00",CPP_4,0
D,DISPATCH,UNIT_SCADA,1,"2022/10/20 19:35:00",CPSA,0
D,DISPATCH,UNIT_SCADA,1,"2022/10/20 19:35:00",CROOKWF2,32.4535
D,DISPATCH,UNIT_SCADA,1,"2022/10/20 19:35:00",CROWLWF1,36.825090
D,DISPATCH,UNIT_SCADA,1,"2022/10/20 19:35:00",CRURWF1,65.197450
D,DISPATCH,UNIT_SCADA,1,"2022/10/20 19:35:00",CRWASF1,0
D,DISPATCH,UNIT_SCADA,1,"2022/10/20 19:35:00",CSPVPS1,0
D,DISPATCH,UNIT_SCADA,1,"2022/10/20 19:35:00",CTHLWF1,0.003050
D,DISPATCH,UNIT_SCADA,1,"2022/10/20 19:35:00",DALNTH01,0
D,DISPATCH,UNIT_SCADA,1,"2022/10/20 19:35:00",DALNTHL1,0.068670
D,DISPATCH,UNIT_SCADA,1,"2022/10/20 19:35:00",DARLSF1,0
D,DISPATCH,UNIT_SCADA,1,"2022/10/20 19:35:00",DARTM1,0
D,DISPATCH,UNIT_SCADA,1,"2022/10/20 19:35:00",DAYDSF1,0
D,DISPATCH,UNIT_SCADA,1,"2022/10/20 19:35:00",DDPS1,0
D,DISPATCH,UNIT_SCADA,1,"2022/10/20 19:35:00",DDSF1,0
D,DISPATCH,UNIT_SCADA,1,"2022/10/20 19:35:00",DEVILS_G,60.106820
D,DISPATCH,UNIT_SCADA,1,"2022/10/20 19:35:00",DG_NSW1,0
D,DISPATCH,UNIT_SCADA,1,"2022/10/20 19:35:00",DG_QLD1,0
D,DISPATCH,UNIT_SCADA,1,"2022/10/20 19:35:00",DG_SA1,0
D,DISPATCH,UNIT_SCADA,1,"2022/10/20 19:35:00",DG_TAS1,0
D,DISPATCH,UNIT_SCADA,1,"2022/10/20 19:35:00",DG_VIC1,0
D,DISPATCH,UNIT_SCADA,1,"2022/10/20 19:35:00",DRYCGT1,0
D,DISPATCH,UNIT_SCADA,1,"2022/10/20 19:35:00",DRYCGT2,0
D,DISPATCH,UNIT_SCADA,1,"2022/10/20 19:35:00",DRYCGT3,0
D,DISPATCH,UNIT_SCADA,1,"2022/10/20 19:35:00",DUNDWF1,84.33
D,DISPATCH,UNIT_SCADA,1,"2022/10/20 19:35:00",DUNDWF2,26.44
D,DISPATCH,UNIT_SCADA,1,"2022/10/20 19:35:00",DUNDWF3,91.30
D,DISPATCH,UNIT_SCADA,1,"2022/10/20 19:35:00",EILDON1,60.28
D,DISPATCH,UNIT_SCADA,1,"2022/10/20 19:35:00",EILDON2,59.88
D,DISPATCH,UNIT_SCADA,1,"2022/10/20 19:35:00",ELAINWF1,9.20
D,DISPATCH,UNIT_SCADA,1,"2022/10/20 19:35:00",EMERASF1,0
D,DISPATCH,UNIT_SCADA,1,"2022/10/20 19:35:00",ER01,0
D,DISPATCH,UNIT_SCADA,1,"2022/10/20 19:35:00",ER02,680.027470
D,DISPATCH,UNIT_SCADA,1,"2022/10/20 19:35:00",ER03,638.205570
D,DISPATCH,UNIT_SCADA,1,"2022/10/20 19:35:00",ER04,699.1684
D,DISPATCH,UNIT_SCADA,1,"2022/10/20 19:35:00",FINLYSF1,0
D,DISPATCH,UNIT_SCADA,1,"2022/10/20 19:35:00",FISHER,43.87
D,DISPATCH,UNIT_SCADA,1,"2022/10/20 19:35:00",GANGARR1,0
D,DISPATCH,UNIT_SCADA,1,"2022/10/20 19:35:00",GANNBG1,19.338080
D,DISPATCH,UNIT_SCADA,1,"2022/10/20 19:35:00",GANNBL1,0
D,DISPATCH,UNIT_SCADA,1,"2022/10/20 19:35:00",GANNSF1,0
D,DISPATCH,UNIT_SCADA,1,"2022/10/20 19:35:00",GLRWNSF1,0
D,DISPATCH,UNIT_SCADA,1,"2022/10/20 19:35:00",GNNDHSF1,0
D,DISPATCH,UNIT_SCADA,1,"2022/10/20 19:35:00",GOONSF1,0
D,DISPATCH,UNIT_SCADA,1,"2022/10/20 19:35:00",GORDON,270.653810
D,DISPATCH,UNIT_SCADA,1,"2022/10/20 19:35:00",GRANWF1,0
D,DISPATCH,UNIT_SCADA,1,"2022/10/20 19:35:00",GSTONE1,204.9250
D,DISPATCH,UNIT_SCADA,1,"2022/10/20 19:35:00",GSTONE2,0
D,DISPATCH,UNIT_SCADA,1,"2022/10/20 19:35:00",GSTONE3,200.20
D,DISPATCH,UNIT_SCADA,1,"2022/10/20 19:35:00",GSTONE4,0
D,DISPATCH,UNIT_SCADA,1,"2022/10/20 19:35:00",GSTONE5,205.274990
D,DISPATCH,UNIT_SCADA,1,"2022/10/20 19:35:00",GSTONE6,204.75
D,DISPATCH,UNIT_SCADA,1,"2022/10/20 19:35:00",GULLRSF1,0
D,DISPATCH,UNIT_SCADA,1,"2022/10/20 19:35:00",GULLRWF1,75.993840
D,DISPATCH,UNIT_SCADA,1,"2022/10/20 19:35:00",GULLRWF2,65.2676
D,DISPATCH,UNIT_SCADA,1,"2022/10/20 19:35:00",GUNNING1,0
D,DISPATCH,UNIT_SCADA,1,"2022/10/20 19:35:00",GUTHEGA,67.90
D,DISPATCH,UNIT_SCADA,1,"2022/10/20 19:35:00",HALLWF1,6.15
D,DISPATCH,UNIT_SCADA,1,"2022/10/20 19:35:00",HALLWF2,1.98
D,DISPATCH,UNIT_SCADA,1,"2022/10/20 19:35:00",HAMISF1,0
D,DISPATCH,UNIT_SCADA,1,"2022/10/20 19:35:00",HAUGHT11,0
D,DISPATCH,UNIT_SCADA,1,"2022/10/20 19:35:00",HAYMSF1,0
D,DISPATCH,UNIT_SCADA,1,"2022/10/20 19:35:00",HDWF1,13
D,DISPATCH,UNIT_SCADA,1,"2022/10/20 19:35:00",HDWF2,11.60
D,DISPATCH,UNIT_SCADA,1,"2022/10/20 19:35:00",HDWF3,11.70
D,DISPATCH,UNIT_SCADA,1,"2022/10/20 19:35:00",HILLSTN1,0
D,DISPATCH,UNIT_SCADA,1,"2022/10/20 19:35:00",HPRG1,2.50
D,DISPATCH,UNIT_SCADA,1,"2022/10/20 19:35:00",HPRL1,0
D,DISPATCH,UNIT_SCADA,1,"2022/10/20 19:35:00",HUMENSW,55.1643
D,DISPATCH,UNIT_SCADA,1,"2022/10/20 19:35:00",HUMEV,0
D,DISPATCH,UNIT_SCADA,1,"2022/10/20 19:35:00",HVWWBA1G,0
D,DISPATCH,UNIT_SCADA,1,"2022/10/20 19:35:00",HVWWBA1L,0.0060
D,DISPATCH,UNIT_SCADA,1,"2022/10/20 19:35:00",HVWWPV1,0
D,DISPATCH,UNIT_SCADA,1,"2022/10/20 19:35:00",JBUTTERS,9.5439
D,DISPATCH,UNIT_SCADA,1,"2022/10/20 19:35:00",JEMALNG1,0
D,DISPATCH,UNIT_SCADA,1,"2022/10/20 19:35:00",JLA01,0
D,DISPATCH,UNIT_SCADA,1,"2022/10/20 19:35:00",JLA02,0
D,DISPATCH,UNIT_SCADA,1,"2022/10/20 19:35:00",JLA03,0
D,DISPATCH,UNIT_SCADA,1,"2022/10/20 19:35:00",JLA04,0
D,DISPATCH,UNIT_SCADA,1,"2022/10/20 19:35:00",JLB01,0
D,DISPATCH,UNIT_SCADA,1,"2022/10/20 19:35:00",JLB02,0.10
D,DISPATCH,UNIT_SCADA,1,"2022/10/20 19:35:00",JLB03,0
D,DISPATCH,UNIT_SCADA,1,"2022/10/20 19:35:00",JUNEESF1,0
D,DISPATCH,UNIT_SCADA,1,"2022/10/20 19:35:00",KABANWF1,0
D,DISPATCH,UNIT_SCADA,1,"2022/10/20 19:35:00",KAREEYA1,0
D,DISPATCH,UNIT_SCADA,1,"2022/10/20 19:35:00",KAREEYA2,0
D,DISPATCH,UNIT_SCADA,1,"2022/10/20 19:35:00",KAREEYA3,4.8825
D,DISPATCH,UNIT_SCADA,1,"2022/10/20 19:35:00",KAREEYA4,0
D,DISPATCH,UNIT_SCADA,1,"2022/10/20 19:35:00",KARSF1,0
D,DISPATCH,UNIT_SCADA,1,"2022/10/20 19:35:00",KEPSF1,0
D,DISPATCH,UNIT_SCADA,1,"2022/10/20 19:35:00",KEPWF1,9.32
D,DISPATCH,UNIT_SCADA,1,"2022/10/20 19:35:00",KIAMSF1,0
D,DISPATCH,UNIT_SCADA,1,"2022/10/20 19:35:00",KIATAWF1,1.10
D,DISPATCH,UNIT_SCADA,1,"2022/10/20 19:35:00",KPP_1,0
D,DISPATCH,UNIT_SCADA,1,"2022/10/20 19:35:00",KSP1,0
D,DISPATCH,UNIT_SCADA,1,"2022/10/20 19:35:00",LADBROK1,0.01
D,DISPATCH,UNIT_SCADA,1,"2022/10/20 19:35:00",LADBROK2,0.02
D,DISPATCH,UNIT_SCADA,1,"2022/10/20 19:35:00",LBBG1,1.05
D,DISPATCH,UNIT_SCADA,1,"2022/10/20 19:35:00",LBBL1,0
D,DISPATCH,UNIT_SCADA,1,"2022/10/20 19:35:00",LD01,374.956510
D,DISPATCH,UNIT_SCADA,1,"2022/10/20 19:35:00",LD02,72.292240
D,DISPATCH,UNIT_SCADA,1,"2022/10/20 19:35:00",LD04,310.574680
D,DISPATCH,UNIT_SCADA,1,"2022/10/20 19:35:00",LEM_WIL,86.891080
D,DISPATCH,UNIT_SCADA,1,"2022/10/20 19:35:00",LGAPWF1,94.73
D,DISPATCH,UNIT_SCADA,1,"2022/10/20 19:35:00",LGAPWF2,60.67
D,DISPATCH,UNIT_SCADA,1,"2022/10/20 19:35:00",LILYSF1,0
D,DISPATCH,UNIT_SCADA,1,"2022/10/20 19:35:00",LIMOSF11,0
D,DISPATCH,UNIT_SCADA,1,"2022/10/20 19:35:00",LIMOSF21,0
D,DISPATCH,UNIT_SCADA,1,"2022/10/20 19:35:00",LI_WY_CA,62.764160
D,DISPATCH,UNIT_SCADA,1,"2022/10/20 19:35:00",LKBONNY1,18.129820
D,DISPATCH,UNIT_SCADA,1,"2022/10/20 19:35:00",LKBONNY2,64.636830
D,DISPATCH,UNIT_SCADA,1,"2022/10/20 19:35:00",LKBONNY3,18.477110
D,DISPATCH,UNIT_SCADA,1,"2022/10/20 19:35:00",LK_ECHO,0
D,DISPATCH,UNIT_SCADA,1,"2022/10/20 19:35:00",LNGS1,0
D,DISPATCH,UNIT_SCADA,1,"2022/10/20 19:35:00",LNGS2,0
D,DISPATCH,UNIT_SCADA,1,"2022/10/20 19:35:00",LONSDALE,0
D,DISPATCH,UNIT_SCADA,1,"2022/10/20 19:35:00",LOYYB1,580.450620
D,DISPATCH,UNIT_SCADA,1,"2022/10/20 19:35:00",LOYYB2,575.187320
D,DISPATCH,UNIT_SCADA,1,"2022/10/20 19:35:00",LYA1,559
D,DISPATCH,UNIT_SCADA,1,"2022/10/20 19:35:00",LYA2,0
D,DISPATCH,UNIT_SCADA,1,"2022/10/20 19:35:00",LYA3,558
D,DISPATCH,UNIT_SCADA,1,"2022/10/20 19:35:00",LYA4,557
D,DISPATCH,UNIT_SCADA,1,"2022/10/20 19:35:00",MACARTH1,91.397890
D,DISPATCH,UNIT_SCADA,1,"2022/10/20 19:35:00",MACKNTSH,70.420010
D,DISPATCH,UNIT_SCADA,1,"2022/10/20 19:35:00",MANSLR1,0
D,DISPATCH,UNIT_SCADA,1,"2022/10/20 19:35:00",MAPS2PV1,0
D,DISPATCH,UNIT_SCADA,1,"2022/10/20 19:35:00",MAPS3PV1,0
D,DISPATCH,UNIT_SCADA,1,"2022/10/20 19:35:00",MARYRSF1,0
D,DISPATCH,UNIT_SCADA,1,"2022/10/20 19:35:00",MBPS2PV1,0
D,DISPATCH,UNIT_SCADA,1,"2022/10/20 19:35:00",MCKAY1,221.87
D,DISPATCH,UNIT_SCADA,1,"2022/10/20 19:35:00",MEADOWBK,19.948840
D,DISPATCH,UNIT_SCADA,1,"2022/10/20 19:35:00",MERCER01,14.50
D,DISPATCH,UNIT_SCADA,1,"2022/10/20 19:35:00",METZSF1,0
D,DISPATCH,UNIT_SCADA,1,"2022/10/20 19:35:00",MEWF1,1.261250
D,DISPATCH,UNIT_SCADA,1,"2022/10/20 19:35:00",MIDDLSF1,0
D,DISPATCH,UNIT_SCADA,1,"2022/10/20 19:35:00",MINTARO,0.128180
D,DISPATCH,UNIT_SCADA,1,"2022/10/20 19:35:00",MOLNGSF1,0
D,DISPATCH,UNIT_SCADA,1,"2022/10/20 19:35:00",MOORAWF1,11.05
D,DISPATCH,UNIT_SCADA,1,"2022/10/20 19:35:00",MOREESF1,0
D,DISPATCH,UNIT_SCADA,1,"2022/10/20 19:35:00",MORTLK11,0
D,DISPATCH,UNIT_SCADA,1,"2022/10/20 19:35:00",MORTLK12,0
D,DISPATCH,UNIT_SCADA,1,"2022/10/20 19:35:00",MOUSF1,0
D,DISPATCH,UNIT_SCADA,1,"2022/10/20 19:35:00",MP1,0
D,DISPATCH,UNIT_SCADA,1,"2022/10/20 19:35:00",MP2,632.5658
D,DISPATCH,UNIT_SCADA,1,"2022/10/20 19:35:00",MPP_1,200.034160
D,DISPATCH,UNIT_SCADA,1,"2022/10/20 19:35:00",MPP_2,177.404630
D,DISPATCH,UNIT_SCADA,1,"2022/10/20 19:35:00",MRTLSWF1,0
D,DISPATCH,UNIT_SCADA,1,"2022/10/20 19:35:00",MSTUART1,0
D,DISPATCH,UNIT_SCADA,1,"2022/10/20 19:35:00",MSTUART2,0
D,DISPATCH,UNIT_SCADA,1,"2022/10/20 19:35:00",MSTUART3,0
D,DISPATCH,UNIT_SCADA,1,"2022/10/20 19:35:00",MTGELWF1,65.146330
D,DISPATCH,UNIT_SCADA,1,"2022/10/20 19:35:00",MTMILLAR,12
D,DISPATCH,UNIT_SCADA,1,"2022/10/20 19:35:00",MURRAY,245
D,DISPATCH,UNIT_SCADA,1,"2022/10/20 19:35:00",MUSSELR1,4.80
D,DISPATCH,UNIT_SCADA,1,"2022/10/20 19:35:00",MUWAWF1,4.28
D,DISPATCH,UNIT_SCADA,1,"2022/10/20 19:35:00",MUWAWF2,15.20
D,DISPATCH,UNIT_SCADA,1,"2022/10/20 19:35:00",MWPS1PV1,0
D,DISPATCH,UNIT_SCADA,1,"2022/10/20 19:35:00",MWPS2PV1,0
D,DISPATCH,UNIT_SCADA,1,"2022/10/20 19:35:00",MWPS3PV1,0
D,DISPATCH,UNIT_SCADA,1,"2022/10/20 19:35:00",MWPS4PV1,0
D,DISPATCH,UNIT_SCADA,1,"2022/10/20 19:35:00",NBHWF1,8
D,DISPATCH,UNIT_SCADA,1,"2022/10/20 19:35:00",NEVERSF1,0
D,DISPATCH,UNIT_SCADA,1,"2022/10/20 19:35:00",NPS,0
D,DISPATCH,UNIT_SCADA,1,"2022/10/20 19:35:00",NUMURSF1,0
D,DISPATCH,UNIT_SCADA,1,"2022/10/20 19:35:00",NYNGAN1,0
D,DISPATCH,UNIT_SCADA,1,"2022/10/20 19:35:00",OAKEY1,125.830220
D,DISPATCH,UNIT_SCADA,1,"2022/10/20 19:35:00",OAKEY1SF,0
D,DISPATCH,UNIT_SCADA,1,"2022/10/20 19:35:00",OAKEY2,0
D,DISPATCH,UNIT_SCADA,1,"2022/10/20 19:35:00",OAKEY2SF,0
D,DISPATCH,UNIT_SCADA,1,"2022/10/20 19:35:00",OAKLAND1,24.70
D,DISPATCH,UNIT_SCADA,1,"2022/10/20 19:35:00",OSB-AG,177.89
D,DISPATCH,UNIT_SCADA,1,"2022/10/20 19:35:00",PAREPS1,0
D,DISPATCH,UNIT_SCADA,1,"2022/10/20 19:35:00",PAREPW1,154.17
D,DISPATCH,UNIT_SCADA,1,"2022/10/20 19:35:00",PARSF1,0.001530
D,DISPATCH,UNIT_SCADA,1,"2022/10/20 19:35:00",POAT110,3.01
D,DISPATCH,UNIT_SCADA,1,"2022/10/20 19:35:00",POAT220,0
D,DISPATCH,UNIT_SCADA,1,"2022/10/20 19:35:00",POR01,0.008670
D,DISPATCH,UNIT_SCADA,1,"2022/10/20 19:35:00",POR03,0
D,DISPATCH,UNIT_SCADA,1,"2022/10/20 19:35:00",PPCCGT,162.814470
D,DISPATCH,UNIT_SCADA,1,"2022/10/20 19:35:00",PTSTAN1,0
D,DISPATCH,UNIT_SCADA,1,"2022/10/20 19:35:00",PUMP1,0
D,DISPATCH,UNIT_SCADA,1,"2022/10/20 19:35:00",PUMP2,0
D,DISPATCH,UNIT_SCADA,1,"2022/10/20 19:35:00",QBYNBG1,0.0005
D,DISPATCH,UNIT_SCADA,1,"2022/10/20 19:35:00",QBYNBL1,0
D,DISPATCH,UNIT_SCADA,1,"2022/10/20 19:35:00",QPS1,0
D,DISPATCH,UNIT_SCADA,1,"2022/10/20 19:35:00",QPS2,0
D,DISPATCH,UNIT_SCADA,1,"2022/10/20 19:35:00",QPS3,0
D,DISPATCH,UNIT_SCADA,1,"2022/10/20 19:35:00",QPS4,0
D,DISPATCH,UNIT_SCADA,1,"2022/10/20 19:35:00",QPS5,118.32
D,DISPATCH,UNIT_SCADA,1,"2022/10/20 19:35:00",REECE1,87.957760
D,DISPATCH,UNIT_SCADA,1,"2022/10/20 19:35:00",REECE2,99.420010
D,DISPATCH,UNIT_SCADA,1,"2022/10/20 19:35:00",ROMA_7,0
D,DISPATCH,UNIT_SCADA,1,"2022/10/20 19:35:00",ROMA_8,0
D,DISPATCH,UNIT_SCADA,1,"2022/10/20 19:35:00",RRSF1,0
D,DISPATCH,UNIT_SCADA,1,"2022/10/20 19:35:00",RT_NSW1,0
D,DISPATCH,UNIT_SCADA,1,"2022/10/20 19:35:00",RT_NSW2,0
D,DISPATCH,UNIT_SCADA,1,"2022/10/20 19:35:00",RT_NSW3,0
D,DISPATCH,UNIT_SCADA,1,"2022/10/20 19:35:00",RT_NSW4,0
D,DISPATCH,UNIT_SCADA,1,"2022/10/20 19:35:00",RT_NSW5,0
D,DISPATCH,UNIT_SCADA,1,"2022/10/20 19:35:00",RT_NSW6,0
D,DISPATCH,UNIT_SCADA,1,"2022/10/20 19:35:00",RT_QLD1,0
D,DISPATCH,UNIT_SCADA,1,"2022/10/20 19:35:00",RT_SA1,0
D,DISPATCH,UNIT_SCADA,1,"2022/10/20 19:35:00",RT_SA2,0
D,DISPATCH,UNIT_SCADA,1,"2022/10/20 19:35:00",RT_SA3,0
D,DISPATCH,UNIT_SCADA,1,"2022/10/20 19:35:00",RT_SA4,0
D,DISPATCH,UNIT_SCADA,1,"2022/10/20 19:35:00",RT_SA5,0
D,DISPATCH,UNIT_SCADA,1,"2022/10/20 19:35:00",RT_SA6,0
D,DISPATCH,UNIT_SCADA,1,"2022/10/20 19:35:00",RT_TAS1,0
D,DISPATCH,UNIT_SCADA,1,"2022/10/20 19:35:00",RT_VIC1,0
D,DISPATCH,UNIT_SCADA,1,"2022/10/20 19:35:00",RT_VIC10,0
D,DISPATCH,UNIT_SCADA,1,"2022/10/20 19:35:00",RT_VIC11,0
D,DISPATCH,UNIT_SCADA,1,"2022/10/20 19:35:00",RT_VIC12,0
D,DISPATCH,UNIT_SCADA,1,"2022/10/20 19:35:00",RT_VIC2,0
D,DISPATCH,UNIT_SCADA,1,"2022/10/20 19:35:00",RT_VIC3,0
D,DISPATCH,UNIT_SCADA,1,"2022/10/20 19:35:00",RT_VIC4,0
D,DISPATCH,UNIT_SCADA,1,"2022/10/20 19:35:00",RT_VIC5,0
D,DISPATCH,UNIT_SCADA,1,"2022/10/20 19:35:00",RT_VIC6,0
D,DISPATCH,UNIT_SCADA,1,"2022/10/20 19:35:00",RT_VIC7,0
D,DISPATCH,UNIT_SCADA,1,"2022/10/20 19:35:00",RT_VIC8,0
D,DISPATCH,UNIT_SCADA,1,"2022/10/20 19:35:00",RT_VIC9,0
D,DISPATCH,UNIT_SCADA,1,"2022/10/20 19:35:00",RUGBYR1,0
D,DISPATCH,UNIT_SCADA,1,"2022/10/20 19:35:00",SALTCRK1,40.04
D,DISPATCH,UNIT_SCADA,1,"2022/10/20 19:35:00",SAPHWF1,235.6283
D,DISPATCH,UNIT_SCADA,1,"2022/10/20 19:35:00",SEBSF1,0
D,DISPATCH,UNIT_SCADA,1,"2022/10/20 19:35:00",SHGEN,80.646240
D,DISPATCH,UNIT_SCADA,1,"2022/10/20 19:35:00",SHPUMP,0
D,DISPATCH,UNIT_SCADA,1,"2022/10/20 19:35:00",SITHE01,0.153860
D,DISPATCH,UNIT_SCADA,1,"2022/10/20 19:35:00",SMCSF1,0
D,DISPATCH,UNIT_SCADA,1,"2022/10/20 19:35:00",SNAPPER1,0
D,DISPATCH,UNIT_SCADA,1,"2022/10/20 19:35:00",SNOWNTH1,33
D,DISPATCH,UNIT_SCADA,1,"2022/10/20 19:35:00",SNOWSTH1,14.10
D,DISPATCH,UNIT_SCADA,1,"2022/10/20 19:35:00",SNOWTWN1,32.404980
D,DISPATCH,UNIT_SCADA,1,"2022/10/20 19:35:00",SNOWYP,0
D,DISPATCH,UNIT_SCADA,1,"2022/10/20 19:35:00",SNUG1,0
D,DISPATCH,UNIT_SCADA,1,"2022/10/20 19:35:00",SRSF1,0
D,DISPATCH,UNIT_SCADA,1,"2022/10/20 19:35:00",STAN-1,278.364170
D,DISPATCH,UNIT_SCADA,1,"2022/10/20 19:35:00",STAN-2,364.781770
D,DISPATCH,UNIT_SCADA,1,"2022/10/20 19:35:00",STAN-3,363.564090
D,DISPATCH,UNIT_SCADA,1,"2022/10/20 19:35:00",STAN-4,364.038330
D,DISPATCH,UNIT_SCADA,1,"2022/10/20 19:35:00",STARHLWF,11.096760
D,DISPATCH,UNIT_SCADA,1,"2022/10/20 19:35:00",STOCKYD1,158.89
D,DISPATCH,UNIT_SCADA,1,"2022/10/20 19:35:00",STWF1,122.702670
D,DISPATCH,UNIT_SCADA,1,"2022/10/20 19:35:00",SUNRSF1,0
D,DISPATCH,UNIT_SCADA,1,"2022/10/20 19:35:00",SUNTPSF1,0
D,DISPATCH,UNIT_SCADA,1,"2022/10/20 19:35:00",SWAN_E,341.946230
D,DISPATCH,UNIT_SCADA,1,"2022/10/20 19:35:00",TALWA1,0
D,DISPATCH,UNIT_SCADA,1,"2022/10/20 19:35:00",TARALGA1,0
D,DISPATCH,UNIT_SCADA,1,"2022/10/20 19:35:00",TARONG#1,349.399990
D,DISPATCH,UNIT_SCADA,1,"2022/10/20 19:35:00",TARONG#2,348.800020
D,DISPATCH,UNIT_SCADA,1,"2022/10/20 19:35:00",TARONG#3,0.90
D,DISPATCH,UNIT_SCADA,1,"2022/10/20 19:35:00",TARONG#4,292.899990
D,DISPATCH,UNIT_SCADA,1,"2022/10/20 19:35:00",TARRALEA,53.90
D,DISPATCH,UNIT_SCADA,1,"2022/10/20 19:35:00",TBSF1,0
D,DISPATCH,UNIT_SCADA,1,"2022/10/20 19:35:00",TNPS1,418.3750
D,DISPATCH,UNIT_SCADA,1,"2022/10/20 19:35:00",TORRB1,0
D,DISPATCH,UNIT_SCADA,1,"2022/10/20 19:35:00",TORRB2,60
D,DISPATCH,UNIT_SCADA,1,"2022/10/20 19:35:00",TORRB3,0
D,DISPATCH,UNIT_SCADA,1,"2022/10/20 19:35:00",TORRB4,0
D,DISPATCH,UNIT_SCADA,1,"2022/10/20 19:35:00",TREVALLN,98.201730
D,DISPATCH,UNIT_SCADA,1,"2022/10/20 19:35:00",TRIBUTE,0
D,DISPATCH,UNIT_SCADA,1,"2022/10/20 19:35:00",TUMUT3,403.78
D,DISPATCH,UNIT_SCADA,1,"2022/10/20 19:35:00",TUNGATIN,5.620020
D,DISPATCH,UNIT_SCADA,1,"2022/10/20 19:35:00",TVCC201,0
D,DISPATCH,UNIT_SCADA,1,"2022/10/20 19:35:00",TVPP104,57.8461
D,DISPATCH,UNIT_SCADA,1,"2022/10/20 19:35:00",UPPTUMUT,120.288480
D,DISPATCH,UNIT_SCADA,1,"2022/10/20 19:35:00",URANQ11,0
D,DISPATCH,UNIT_SCADA,1,"2022/10/20 19:35:00",URANQ12,0
D,DISPATCH,UNIT_SCADA,1,"2022/10/20 19:35:00",URANQ13,0
D,DISPATCH,UNIT_SCADA,1,"2022/10/20 19:35:00",URANQ14,15.042340
D,DISPATCH,UNIT_SCADA,1,"2022/10/20 19:35:00",VBBG1,10
D,DISPATCH,UNIT_SCADA,1,"2022/10/20 19:35:00",VBBL1,0
D,DISPATCH,UNIT_SCADA,1,"2022/10/20 19:35:00",VP5,557.585390
D,DISPATCH,UNIT_SCADA,1,"2022/10/20 19:35:00",VP6,597.210630
D,DISPATCH,UNIT_SCADA,1,"2022/10/20 19:35:00",VPGS1,0
D,DISPATCH,UNIT_SCADA,1,"2022/10/20 19:35:00",VPGS2,0
D,DISPATCH,UNIT_SCADA,1,"2022/10/20 19:35:00",VPGS3,0
D,DISPATCH,UNIT_SCADA,1,"2022/10/20 19:35:00",VPGS4,0
D,DISPATCH,UNIT_SCADA,1,"2022/10/20 19:35:00",VPGS5,0
D,DISPATCH,UNIT_SCADA,1,"2022/10/20 19:35:00",VPGS6,0
D,DISPATCH,UNIT_SCADA,1,"2022/10/20 19:35:00",W/HOE#1,161.19
D,DISPATCH,UNIT_SCADA,1,"2022/10/20 19:35:00",W/HOE#2,0
D,DISPATCH,UNIT_SCADA,1,"2022/10/20 19:35:00",WAGGNSF1,0
D,DISPATCH,UNIT_SCADA,1,"2022/10/20 19:35:00",WALGRVG1,3.915880
D,DISPATCH,UNIT_SCADA,1,"2022/10/20 19:35:00",WALGRVL1,0
D,DISPATCH,UNIT_SCADA,1,"2022/10/20 19:35:00",WANDBG1,59.820690
D,DISPATCH,UNIT_SCADA,1,"2022/10/20 19:35:00",WANDBL1,0
D,DISPATCH,UNIT_SCADA,1,"2022/10/20 19:35:00",WARWSF1,0
D,DISPATCH,UNIT_SCADA,1,"2022/10/20 19:35:00",WARWSF2,0
D,DISPATCH,UNIT_SCADA,1,"2022/10/20 19:35:00",WATERLWF,8.30
D,DISPATCH,UNIT_SCADA,1,"2022/10/20 19:35:00",WDGPH1,0
D,DISPATCH,UNIT_SCADA,1,"2022/10/20 19:35:00",WELLSF1,0
D,DISPATCH,UNIT_SCADA,1,"2022/10/20 19:35:00",WEMENSF1,0
D,DISPATCH,UNIT_SCADA,1,"2022/10/20 19:35:00",WGWF1,4.80
D,DISPATCH,UNIT_SCADA,1,"2022/10/20 19:35:00",WHITSF1,0
D,DISPATCH,UNIT_SCADA,1,"2022/10/20 19:35:00",WINTSF1,0
D,DISPATCH,UNIT_SCADA,1,"2022/10/20 19:35:00",WKIEWA1,33.90
D,DISPATCH,UNIT_SCADA,1,"2022/10/20 19:35:00",WKIEWA2,34.10
D,DISPATCH,UNIT_SCADA,1,"2022/10/20 19:35:00",WOODLWN1,36.549870
D,DISPATCH,UNIT_SCADA,1,"2022/10/20 19:35:00",WOOLGSF1,0
D,DISPATCH,UNIT_SCADA,1,"2022/10/20 19:35:00",WPWF,44.32
D,DISPATCH,UNIT_SCADA,1,"2022/10/20 19:35:00",WRSF1,0
D,DISPATCH,UNIT_SCADA,1,"2022/10/20 19:35:00",WRWF1,104.928960
D,DISPATCH,UNIT_SCADA,1,"2022/10/20 19:35:00",WSTWYSF1,0
D,DISPATCH,UNIT_SCADA,1,"2022/10/20 19:35:00",YABULU,152.730010
D,DISPATCH,UNIT_SCADA,1,"2022/10/20 19:35:00",YABULU2,0
D,DISPATCH,UNIT_SCADA,1,"2022/10/20 19:35:00",YARANSF1,0
D,DISPATCH,UNIT_SCADA,1,"2022/10/20 19:35:00",YARWUN_1,163.179990
D,DISPATCH,UNIT_SCADA,1,"2022/10/20 19:35:00",YATSF1,0
D,DISPATCH,UNIT_SCADA,1,"2022/10/20 19:35:00",YENDWF1,21.38
D,DISPATCH,UNIT_SCADA,1,"2022/10/20 19:35:00",YWPS1,354.886080
D,DISPATCH,UNIT_SCADA,1,"2022/10/20 19:35:00",YWPS2,354.635440
D,DISPATCH,UNIT_SCADA,1,"2022/10/20 19:35:00",YWPS3,358.541780
D,DISPATCH,UNIT_SCADA,1,"2022/10/20 19:35:00",YWPS4,0
C,"END OF REPORT",419
