C,NEMP.WORLD,DISPATCHSCADA,AEMO,PUBLIC,2022/10/20,20:30:10,0000000373279277,DISPATCHSCADA,0000000373279271
I,DISPATCH,UNIT_SCADA,1,SETTLEMENTDATE,DUID,SCADAVALUE
D,DISPATCH,UNIT_SCADA,1,"2022/10/20 20:35:00",BARCSF1,0.10
D,DISPATCH,UNIT_SCADA,1,"2022/10/20 20:35:00",BUTLERSG,8.699999
D,DISPATCH,UNIT_SCADA,1,"2022/10/20 20:35:00",CAPTL_WF,102.431252
D,DISPATCH,UNIT_SCADA,1,"2022/10/20 20:35:00",CHALLHWF,8.50
D,DISPATCH,UNIT_SCADA,1,"2022/10/20 20:35:00",CLOVER,13.22
D,DISPATCH,UNIT_SCADA,1,"2022/10/20 20:35:00",CLUNY,6.395514
D,DISPATCH,UNIT_SCADA,1,"2022/10/20 20:35:00",CULLRGWF,-0.07
D,DISPATCH,UNIT_SCADA,1,"2022/10/20 20:35:00",DIAPURWF1,0.20
D,DISPATCH,UNIT_SCADA,1,"2022/10/20 20:35:00",ERGT01,0
D,DISPATCH,UNIT_SCADA,1,"2022/10/20 20:35:00",GB01,0
D,DISPATCH,UNIT_SCADA,1,"2022/10/20 20:35:00",GERMCRK,21.90
D,DISPATCH,UNIT_SCADA,1,"2022/10/20 20:35:00",GRIFSF1,0.001526
D,DISPATCH,UNIT_SCADA,1,"2022/10/20 20:35:00",HEZ1,0
D,DISPATCH,UNIT_SCADA,1,"2022/10/20 20:35:00",HUGSF1,-0.0420
D,DISPATCH,UNIT_SCADA,1,"2022/10/20 20:35:00",KEPBG1,0
D,DISPATCH,UNIT_SCADA,1,"2022/10/20 20:35:00",LRSF1,0.0110
D,DISPATCH,UNIT_SCADA,1,"2022/10/20 20:35:00",MBAHNTH,45.262497
D,DISPATCH,UNIT_SCADA,1,"2022/10/20 20:35:00",MLSP1,0
D,DISPATCH,UNIT_SCADA,1,"2022/10/20 20:35:00",MLWF1,7.74
D,DISPATCH,UNIT_SCADA,1,"2022/10/20 20:35:00",PALOONA,30.73
D,DISPATCH,UNIT_SCADA,1,"2022/10/20 20:35:00",PIONEER,26.50
D,DISPATCH,UNIT_SCADA,1,"2022/10/20 20:35:00",PORTWF,50
D,DISPATCH,UNIT_SCADA,1,"2022/10/20 20:35:00",REPULSE,9.447776
D,DISPATCH,UNIT_SCADA,1,"2022/10/20 20:35:00",ROWALLAN,8.8679
D,DISPATCH,UNIT_SCADA,1,"2022/10/20 20:35:00",ROYALLA1,0
D,DISPATCH,UNIT_SCADA,1,"2022/10/20 20:35:00",RPCG,-0.50
D,DISPATCH,UNIT_SCADA,1,"2022/10/20 20:35:00",RUBICON,0
D,DISPATCH,UNIT_SCADA,1,"2022/10/20 20:35:00",WAUBRAWF,51.466999
D,DISPATCH,UNIT_SCADA,1,"2022/10/20 20:35:00",WOOLNTH1,78.599998
D,DISPATCH,UNIT_SCADA,1,"2022/10/20 20:35:00",YAMBUKWF,6.40
D,DISPATCH,UNIT_SCADA,1,"2022/10/20 20:35:00",YSWF1,2.10
D,DISPATCH,UNIT_SCADA,1,"2022/10/20 20:35:00",ADPBA1G,0.0080
D,DISPATCH,UNIT_SCADA,1,"2022/10/20 20:35:00",ADPBA1L,0
D,DISPATCH,UNIT_SCADA,1,"2022/10/20 20:35:00",ADPPV1,0
D,DISPATCH,UNIT_SCADA,1,"2022/10/20 20:35:00",AGLHAL,31.060220
D,DISPATCH,UNIT_SCADA,1,"2022/10/20 20:35:00",AGLSOM,0
D,DISPATCH,UNIT_SCADA,1,"2022/10/20 20:35:00",ANGAST1,0
D,DISPATCH,UNIT_SCADA,1,"2022/10/20 20:35:00",ARWF1,4.10
D,DISPATCH,UNIT_SCADA,1,"2022/10/20 20:35:00",BALBG1,0
D,DISPATCH,UNIT_SCADA,1,"2022/10/20 20:35:00",BALBL1,0
D,DISPATCH,UNIT_SCADA,1,"2022/10/20 20:35:00",BALDHWF1,98.6820
D,DISPATCH,UNIT_SCADA,1,"2022/10/20 20:35:00",BANGOWF1,80.697030
D,DISPATCH,UNIT_SCADA,1,"2022/10/20 20:35:00",BANGOWF2,62.299610
D,DISPATCH,UNIT_SCADA,1,"2022/10/20 20:35:00",BANN1,0
D,DISPATCH,UNIT_SCADA,1,"2022/10/20 20:35:00",BARCALDN,0
D,DISPATCH,UNIT_SCADA,1,"2022/10/20 20:35:00",BARKIPS1,191.87
D,DISPATCH,UNIT_SCADA,1,"2022/10/20 20:35:00",BARRON-1,0
D,DISPATCH,UNIT_SCADA,1,"2022/10/20 20:35:00",BARRON-2,0
D,DISPATCH,UNIT_SCADA,1,"2022/10/20 20:35:00",BASTYAN,69.41
D,DISPATCH,UNIT_SCADA,1,"2022/10/20 20:35:00",BBTHREE1,0
D,DISPATCH,UNIT_SCADA,1,"2022/10/20 20:35:00",BBTHREE2,0
D,DISPATCH,UNIT_SCADA,1,"2022/10/20 20:35:00",BBTHREE3,-1.09
D,DISPATCH,UNIT_SCADA,1,"2022/10/20 20:35:00",BDL01,0
D,DISPATCH,UNIT_SCADA,1,"2022/10/20 20:35:00",BDL02,0
D,DISPATCH,UNIT_SCADA,1,"2022/10/20 20:35:00",BERYLSF1,0
D,DISPATCH,UNIT_SCADA,1,"2022/10/20 20:35:00",BLOWERNG,62.60
D,DISPATCH,UNIT_SCADA,1,"2022/10/20 20:35:00",BLUEGSF1,0
D,DISPATCH,UNIT_SCADA,1,"2022/10/20 20:35:00",BLUFF1,4.40
D,DISPATCH,UNIT_SCADA,1,"2022/10/20 20:35:00",BNGSF1,0
D,DISPATCH,UNIT_SCADA,1,"2022/10/20 20:35:00",BNGSF2,0
D,DISPATCH,UNIT_SCADA,1,"2022/10/20 20:35:00",BOCORWF1,24.14
D,DISPATCH,UNIT_SCADA,1,"2022/10/20 20:35:00",BODWF1,110.932950
D,DISPATCH,UNIT_SCADA,1,"2022/10/20 20:35:00",BOMENSF1,0
D,DISPATCH,UNIT_SCADA,1,"2022/10/20 20:35:00",BOWWBA1G,0
D,DISPATCH,UNIT_SCADA,1,"2022/10/20 20:35:00",BOWWBA1L,0.0010
D,DISPATCH,UNIT_SCADA,1,"2022/10/20 20:35:00",BOWWPV1,0
D,DISPATCH,UNIT_SCADA,1,"2022/10/20 20:35:00",BRAEMAR1,0
D,DISPATCH,UNIT_SCADA,1,"2022/10/20 20:35:00",BRAEMAR2,0
D,DISPATCH,UNIT_SCADA,1,"2022/10/20 20:35:00",BRAEMAR3,0
D,DISPATCH,UNIT_SCADA,1,"2022/10/20 20:35:00",BRAEMAR5,144.0858
D,DISPATCH,UNIT_SCADA,1,"2022/10/20 20:35:00",BRAEMAR6,0
D,DISPATCH,UNIT_SCADA,1,"2022/10/20 20:35:00",BRAEMAR7,139.614270
D,DISPATCH,UNIT_SCADA,1,"2022/10/20 20:35:00",BROKENH1,0
D,DISPATCH,UNIT_SCADA,1,"2022/10/20 20:35:00",BRYB1WF1,83.054860
D,DISPATCH,UNIT_SCADA,1,"2022/10/20 20:35:00",BULBESG1,0
D,DISPATCH,UNIT_SCADA,1,"2022/10/20 20:35:00",BULBESL1,0.03
D,DISPATCH,UNIT_SCADA,1,"2022/10/20 20:35:00",BULGANA1,39.61
D,DISPATCH,UNIT_SCADA,1,"2022/10/20 20:35:00",BW01,657.541750
D,DISPATCH,UNIT_SCADA,1,"2022/10/20 20:35:00",BW02,638.498540
D,DISPATCH,UNIT_SCADA,1,"2022/10/20 20:35:00",BW03,613.595760
D,DISPATCH,UNIT_SCADA,1,"2022/10/20 20:35:00",BW04,0
D,DISPATCH,UNIT_SCADA,1,"2022/10/20 20:35:00",CALL_B_1,320.300020
D,DISPATCH,UNIT_SCADA,1,"2022/10/20 20:35:00",CALL_B_2,318.300020
D,DISPATCH,UNIT_SCADA,1,"2022/10/20 20:35:00",CATHROCK,2.10
D,DISPATCH,UNIT_SCADA,1,"2022/10/20 20:35:00",CBWWBA1G,0
D,DISPATCH,UNIT_SCADA,1,"2022/10/20 20:35:00",CBWWBA1L,0
D,DISPATCH,UNIT_SCADA,1,"2022/10/20 20:35:00",CETHANA,96.927120
D,DISPATCH,UNIT_SCADA,1,"2022/10/20 20:35:00",CG1,0
D,DISPATCH,UNIT_SCADA,1,"2022/10/20 20:35:00",CG2,0
D,DISPATCH,UNIT_SCADA,1,"2022/10/20 20:35:00",CG3,0
D,DISPATCH,UNIT_SCADA,1,"2022/10/20 20:35:00",CG4,0
D,DISPATCH,UNIT_SCADA,1,"2022/10/20 20:35:00",CHILDSF1,0
D,DISPATCH,UNIT_SCADA,1,"2022/10/20 20:35:00",CHYTWF1,1.05
D,DISPATCH,UNIT_SCADA,1,"2022/10/20 20:35:00",CLARESF1,0
D,DISPATCH,UNIT_SCADA,1,"2022/10/20 20:35:00",CLEMGPWF,0
D,DISPATCH,UNIT_SCADA,1,"2022/10/20 20:35:00",CLERMSF1,0
D,DISPATCH,UNIT_SCADA,1,"2022/10/20 20:35:00",CNUNDAWF,15.117640
D,DISPATCH,UNIT_SCADA,1,"2022/10/20 20:35:00",COHUNSF1,0
D,DISPATCH,UNIT_SCADA,1,"2022/10/20 20:35:00",COLEASF1,0
D,DISPATCH,UNIT_SCADA,1,"2022/10/20 20:35:00",COLUMSF1,0
D,DISPATCH,UNIT_SCADA,1,"2022/10/20 20:35:00",COLWF01,120.7538
D,DISPATCH,UNIT_SCADA,1,"2022/10/20 20:35:00",COOPGWF1,404.269990
D,DISPATCH,UNIT_SCADA,1,"2022/10/20 20:35:00",CPP_3,378.399990
D,DISPATCH,UNIT_SCADA,1,"2022/10/20 20:35:00",CPP_4,0
D,DISPATCH,UNIT_SCADA,1,"2022/10/20 20:35:00",CPSA,0
D,DISPATCH,UNIT_SCADA,1,"2022/10/20 20:35:00",CROOKWF2,28.754710
D,DISPATCH,UNIT_SCADA,1,"2022/10/20 20:35:00",CROWLWF1,22.850560
D,DISPATCH,UNIT_SCADA,1,"2022/10/20 20:35:00",CRURWF1,96.398950
D,DISPATCH,UNIT_SCADA,1,"2022/10/20 20:35:00",CRWASF1,0
D,DISPATCH,UNIT_SCADA,1,"2022/10/20 20:35:00",CSPVPS1,0
D,DISPATCH,UNIT_SCADA,1,"2022/10/20 20:35:00",CTHLWF1,0.003050
D,DISPATCH,UNIT_SCADA,1,"2022/10/20 20:35:00",DALNTH01,0
D,DISPATCH,UNIT_SCADA,1,"2022/10/20 20:35:00",DALNTHL1,0.032040
D,DISPATCH,UNIT_SCADA,1,"2022/10/20 20:35:00",DARLSF1,0
D,DISPATCH,UNIT_SCADA,1,"2022/10/20 20:35:00",DARTM1,0
D,DISPATCH,UNIT_SCADA,1,"2022/10/20 20:35:00",DAYDSF1,0
D,DISPATCH,UNIT_SCADA,1,"2022/10/20 20:35:00",DDPS1,0
D,DISPATCH,UNIT_SCADA,1,"2022/10/20 20:35:00",DDSF1,0
D,DISPATCH,UNIT_SCADA,1,"2022/10/20 20:35:00",DEVILS_G,58.178040
D,DISPATCH,UNIT_SCADA,1,"2022/10/20 20:35:00",DG_NSW1,0
D,DISPATCH,UNIT_SCADA,1,"2022/10/20 20:35:00",DG_QLD1,0
D,DISPATCH,UNIT_SCADA,1,"2022/10/20 20:35:00",DG_SA1,0
D,DISPATCH,UNIT_SCADA,1,"2022/10/20 20:35:00",DG_TAS1,0
D,DISPATCH,UNIT_SCADA,1,"2022/10/20 20:35:00",DG_VIC1,0
D,DISPATCH,UNIT_SCADA,1,"2022/10/20 20:35:00",DRYCGT1,0
D,DISPATCH,UNIT_SCADA,1,"2022/10/20 20:35:00",DRYCGT2,0
D,DISPATCH,UNIT_SCADA,1,"2022/10/20 20:35:00",DRYCGT3,0
D,DISPATCH,UNIT_SCADA,1,"2022/10/20 20:35:00",DUNDWF1,84.37
D,DISPATCH,UNIT_SCADA,1,"2022/10/20 20:35:00",DUNDWF2,21.93
D,DISPATCH,UNIT_SCADA,1,"2022/10/20 20:35:00",DUNDWF3,74.92
D,DISPATCH,UNIT_SCADA,1,"2022/10/20 20:35:00",EILDON1,59.88
D,DISPATCH,UNIT_SCADA,1,"2022/10/20 20:35:00",EILDON2,60.12
D,DISPATCH,UNIT_SCADA,1,"2022/10/20 20:35:00",ELAINWF1,6.22
D,DISPATCH,UNIT_SCADA,1,"2022/10/20 20:35:00",EMERASF1,0
D,DISPATCH,UNIT_SCADA,1,"2022/10/20 20:35:00",ER01,0
D,DISPATCH,UNIT_SCADA,1,"2022/10/20 20:35:00",ER02,671.311520
D,DISPATCH,UNIT_SCADA,1,"2022/10/20 20:35:00",ER03,671.0918
D,DISPATCH,UNIT_SCADA,1,"2022/10/20 20:35:00",ER04,690.745420
D,DISPATCH,UNIT_SCADA,1,"2022/10/20 20:35:00",FINLYSF1,0
D,DISPATCH,UNIT_SCADA,1,"2022/10/20 20:35:00",FISHER,43.83
D,DISPATCH,UNIT_SCADA,1,"2022/10/20 20:35:00",GANGARR1,0
D,DISPATCH,UNIT_SCADA,1,"2022/10/20 20:35:00",GANNBG1,0
D,DISPATCH,UNIT_SCADA,1,"2022/10/20 20:35:00",GANNBL1,0.234630
D,DISPATCH,UNIT_SCADA,1,"2022/10/20 20:35:00",GANNSF1,0
D,DISPATCH,UNIT_SCADA,1,"2022/10/20 20:35:00",GLRWNSF1,0
D,DISPATCH,UNIT_SCADA,1,"2022/10/20 20:35:00",GNNDHSF1,0
D,DISPATCH,UNIT_SCADA,1,"2022/10/20 20:35:00",GOONSF1,0
D,DISPATCH,UNIT_SCADA,1,"2022/10/20 20:35:00",GORDON,263.432370
D,DISPATCH,UNIT_SCADA,1,"2022/10/20 20:35:00",GRANWF1,0
D,DISPATCH,UNIT_SCADA,1,"2022/10/20 20:35:00",GSTONE1,213.149990
D,DISPATCH,UNIT_SCADA,1,"2022/10/20 20:35:00",GSTONE2,0
D,DISPATCH,UNIT_SCADA,1,"2022/10/20 20:35:00",GSTONE3,200.024990
D,DISPATCH,UNIT_SCADA,1,"2022/10/20 20:35:00",GSTONE4,0
D,DISPATCH,UNIT_SCADA,1,"2022/10/20 20:35:00",GSTONE5,209.649990
D,DISPATCH,UNIT_SCADA,1,"2022/10/20 20:35:00",GSTONE6,210.70
D,DISPATCH,UNIT_SCADA,1,"2022/10/20 20:35:00",GULLRSF1,0
D,DISPATCH,UNIT_SCADA,1,"2022/10/20 20:35:00",GULLRWF1,52.3642
D,DISPATCH,UNIT_SCADA,1,"2022/10/20 20:35:00",GULLRWF2,93.9277
D,DISPATCH,UNIT_SCADA,1,"2022/10/20 20:35:00",GUNNING1,0
D,DISPATCH,UNIT_SCADA,1,"2022/10/20 20:35:00",GUTHEGA,67.20
D,DISPATCH,UNIT_SCADA,1,"2022/10/20 20:35:00",HALLWF1,10.07
D,DISPATCH,UNIT_SCADA,1,"2022/10/20 20:35:00",HALLWF2,13.37
D,DISPATCH,UNIT_SCADA,1,"2022/10/20 20:35:00",HAMISF1,0
D,DISPATCH,UNIT_SCADA,1,"2022/10/20 20:35:00",HAUGHT11,0
D,DISPATCH,UNIT_SCADA,1,"2022/10/20 20:35:00",HAYMSF1,0
D,DISPATCH,UNIT_SCADA,1,"2022/10/20 20:35:00",HDWF1,22.40
D,DISPATCH,UNIT_SCADA,1,"2022/10/20 20:35:00",HDWF2,23.10
D,DISPATCH,UNIT_SCADA,1,"2022/10/20 20:35:00",HDWF3,26.70
D,DISPATCH,UNIT_SCADA,1,"2022/10/20 20:35:00",HILLSTN1,0
D,DISPATCH,UNIT_SCADA,1,"2022/10/20 20:35:00",HPRG1,0
D,DISPATCH,UNIT_SCADA,1,"2022/10/20 20:35:00",HPRL1,3.10
D,DISPATCH,UNIT_SCADA,1,"2022/10/20 20:35:00",HUMENSW,54.198360
D,DISPATCH,UNIT_SCADA,1,"2022/10/20 20:35:00",HUMEV,0
D,DISPATCH,UNIT_SCADA,1,"2022/10/20 20:35:00",HVWWBA1G,0
D,DISPATCH,UNIT_SCADA,1,"2022/10/20 20:35:00",HVWWBA1L,0.0060
D,DISPATCH,UNIT_SCADA,1,"2022/10/20 20:35:00",HVWWPV1,0
D,DISPATCH,UNIT_SCADA,1,"2022/10/20 20:35:00",JBUTTERS,19.605850
D,DISPATCH,UNIT_SCADA,1,"2022/10/20 20:35:00",JEMALNG1,0
D,DISPATCH,UNIT_SCADA,1,"2022/10/20 20:35:00",JLA01,0
D,DISPATCH,UNIT_SCADA,1,"2022/10/20 20:35:00",JLA02,0
D,DISPATCH,UNIT_SCADA,1,"2022/10/20 20:35:00",JLA03,0
D,DISPATCH,UNIT_SCADA,1,"2022/10/20 20:35:00",JLA04,0
D,DISPATCH,UNIT_SCADA,1,"2022/10/20 20:35:00",JLB01,0
D,DISPATCH,UNIT_SCADA,1,"2022/10/20 20:35:00",JLB02,0.10
D,DISPATCH,UNIT_SCADA,1,"2022/10/20 20:35:00",JLB03,0
D,DISPATCH,UNIT_SCADA,1,"2022/10/20 20:35:00",JUNEESF1,0
D,DISPATCH,UNIT_SCADA,1,"2022/10/20 20:35:00",KABANWF1,0.9860
D,DISPATCH,UNIT_SCADA,1,"2022/10/20 20:35:00",KAREEYA1,0
D,DISPATCH,UNIT_SCADA,1,"2022/10/20 20:35:00",KAREEYA2,0
D,DISPATCH,UNIT_SCADA,1,"2022/10/20 20:35:00",KAREEYA3,4.7450
D,DISPATCH,UNIT_SCADA,1,"2022/10/20 20:35:00",KAREEYA4,0
D,DISPATCH,UNIT_SCADA,1,"2022/10/20 20:35:00",KARSF1,0
D,DISPATCH,UNIT_SCADA,1,"2022/10/20 20:35:00",KEPSF1,0
D,DISPATCH,UNIT_SCADA,1,"2022/10/20 20:35:00",KEPWF1,6.26
D,DISPATCH,UNIT_SCADA,1,"2022/10/20 20:35:00",KIAMSF1,0
D,DISPATCH,UNIT_SCADA,1,"2022/10/20 20:35:00",KIATAWF1,6.70
D,DISPATCH,UNIT_SCADA,1,"2022/10/20 20:35:00",KPP_1,0
D,DISPATCH,UNIT_SCADA,1,"2022/10/20 20:35:00",KSP1,0
D,DISPATCH,UNIT_SCADA,1,"2022/10/20 20:35:00",LADBROK1,0.01
D,DISPATCH,UNIT_SCADA,1,"2022/10/20 20:35:00",LADBROK2,0.02
D,DISPATCH,UNIT_SCADA,1,"2022/10/20 20:35:00",LBBG1,0
D,DISPATCH,UNIT_SCADA,1,"2022/10/20 20:35:00",LBBL1,3.75
D,DISPATCH,UNIT_SCADA,1,"2022/10/20 20:35:00",LD01,376.000240
D,DISPATCH,UNIT_SCADA,1,"2022/10/20 20:35:00",LD02,84.102910
D,DISPATCH,UNIT_SCADA,1,"2022/10/20 20:35:00",LD04,309.640810
D,DISPATCH,UNIT_SCADA,1,"2022/10/20 20:35:00",LEM_WIL,86.931860
D,DISPATCH,UNIT_SCADA,1,"2022/10/20 20:35:00",LGAPWF1,101.86
D,DISPATCH,UNIT_SCADA,1,"2022/10/20 20:35:00",LGAPWF2,65.70
D,DISPATCH,UNIT_SCADA,1,"2022/10/20 20:35:00",LILYSF1,0
D,DISPATCH,UNIT_SCADA,1,"2022/10/20 20:35:00",LIMOSF11,0
D,DISPATCH,UNIT_SCADA,1,"2022/10/20 20:35:00",LIMOSF21,0
D,DISPATCH,UNIT_SCADA,1,"2022/10/20 20:35:00",LI_WY_CA,62.8020
D,DISPATCH,UNIT_SCADA,1,"2022/10/20 20:35:00",LKBONNY1,24.917330
D,DISPATCH,UNIT_SCADA,1,"2022/10/20 20:35:00",LKBONNY2,62.963040
D,DISPATCH,UNIT_SCADA,1,"2022/10/20 20:35:00",LKBONNY3,11.555170
D,DISPATCH,UNIT_SCADA,1,"2022/10/20 20:35:00",LK_ECHO,0
D,DISPATCH,UNIT_SCADA,1,"2022/10/20 20:35:00",LNGS1,0
D,DISPATCH,UNIT_SCADA,1,"2022/10/20 20:35:00",LNGS2,0
D,DISPATCH,UNIT_SCADA,1,"2022/10/20 20:35:00",LONSDALE,0
D,DISPATCH,UNIT_SCADA,1,"2022/10/20 20:35:00",LOYYB1,580.074710
D,DISPATCH,UNIT_SCADA,1,"2022/10/20 20:35:00",LOYYB2,575.187320
D,DISPATCH,UNIT_SCADA,1,"2022/10/20 20:35:00",LYA1,556
D,DISPATCH,UNIT_SCADA,1,"2022/10/20 20:35:00",LYA2,0
D,DISPATCH,UNIT_SCADA,1,"2022/10/20 20:35:00",LYA3,556
D,DISPATCH,UNIT_SCADA,1,"2022/10/20 20:35:00",LYA4,557
D,DISPATCH,UNIT_SCADA,1,"2022/10/20 20:35:00",MACARTH1,147.4966
D,DISPATCH,UNIT_SCADA,1,"2022/10/20 20:35:00",MACKNTSH,70.22
D,DISPATCH,UNIT_SCADA,1,"2022/10/20 20:35:00",MANSLR1,0
D,DISPATCH,UNIT_SCADA,1,"2022/10/20 20:35:00",MAPS2PV1,0
D,DISPATCH,UNIT_SCADA,1,"2022/10/20 20:35:00",MAPS3PV1,0
D,DISPATCH,UNIT_SCADA,1,"2022/10/20 20:35:00",MARYRSF1,0
D,DISPATCH,UNIT_SCADA,1,"2022/10/20 20:35:00",MBPS2PV1,0
D,DISPATCH,UNIT_SCADA,1,"2022/10/20 20:35:00",MCKAY1,219.054990
D,DISPATCH,UNIT_SCADA,1,"2022/10/20 20:35:00",MEADOWBK,19.8631
D,DISPATCH,UNIT_SCADA,1,"2022/10/20 20:35:00",MERCER01,15.30
D,DISPATCH,UNIT_SCADA,1,"2022/10/20 20:35:00",METZSF1,0
D,DISPATCH,UNIT_SCADA,1,"2022/10/20 20:35:00",MEWF1,0
D,DISPATCH,UNIT_SCADA,1,"2022/10/20 20:35:00",MIDDLSF1,0
D,DISPATCH,UNIT_SCADA,1,"2022/10/20 20:35:00",MINTARO,0.128180
D,DISPATCH,UNIT_SCADA,1,"2022/10/20 20:35:00",MOLNGSF1,0
D,DISPATCH,UNIT_SCADA,1,"2022/10/20 20:35:00",MOORAWF1,19.59
D,DISPATCH,UNIT_SCADA,1,"2022/10/20 20:35:00",MOREESF1,0
D,DISPATCH,UNIT_SCADA,1,"2022/10/20 20:35:00",MORTLK11,0
D,DISPATCH,UNIT_SCADA,1,"2022/10/20 20:35:00",MORTLK12,0
D,DISPATCH,UNIT_SCADA,1,"2022/10/20 20:35:00",MOUSF1,0
D,DISPATCH,UNIT_SCADA,1,"2022/10/20 20:35:00",MP1,0
D,DISPATCH,UNIT_SCADA,1,"2022/10/20 20:35:00",MP2,549.263730
D,DISPATCH,UNIT_SCADA,1,"2022/10/20 20:35:00",MPP_1,191.717850
D,DISPATCH,UNIT_SCADA,1,"2022/10/20 20:35:00",MPP_2,185.431020
D,DISPATCH,UNIT_SCADA,1,"2022/10/20 20:35:00",MRTLSWF1,0
D,DISPATCH,UNIT_SCADA,1,"2022/10/20 20:35:00",MSTUART1,0
D,DISPATCH,UNIT_SCADA,1,"2022/10/20 20:35:00",MSTUART2,0
D,DISPATCH,UNIT_SCADA,1,"2022/10/20 20:35:00",MSTUART3,0
D,DISPATCH,UNIT_SCADA,1,"2022/10/20 20:35:00",MTGELWF1,34.8796
D,DISPATCH,UNIT_SCADA,1,"2022/10/20 20:35:00",MTMILLAR,15.30
D,DISPATCH,UNIT_SCADA,1,"2022/10/20 20:35:00",MURRAY,0.20
D,DISPATCH,UNIT_SCADA,1,"2022/10/20 20:35:00",MUSSELR1,21.90
D,DISPATCH,UNIT_SCADA,1,"2022/10/20 20:35:00",MUWAWF1,13.54
D,DISPATCH,UNIT_SCADA,1,"2022/10/20 20:35:00",MUWAWF2,4
D,DISPATCH,UNIT_SCADA,1,"2022/10/20 20:35:00",MWPS1PV1,0
D,DISPATCH,UNIT_SCADA,1,"2022/10/20 20:35:00",MWPS2PV1,0
D,DISPATCH,UNIT_SCADA,1,"2022/10/20 20:35:00",MWPS3PV1,0
D,DISPATCH,UNIT_SCADA,1,"2022/10/20 20:35:00",MWPS4PV1,0
D,DISPATCH,UNIT_SCADA,1,"2022/10/20 20:35:00",NBHWF1,16.30
D,DISPATCH,UNIT_SCADA,1,"2022/10/20 20:35:00",NEVERSF1,0
D,DISPATCH,UNIT_SCADA,1,"2022/10/20 20:35:00",NPS,0
D,DISPATCH,UNIT_SCADA,1,"2022/10/20 20:35:00",NUMURSF1,0
D,DISPATCH,UNIT_SCADA,1,"2022/10/20 20:35:00",NYNGAN1,0
D,DISPATCH,UNIT_SCADA,1,"2022/10/20 20:35:00",OAKEY1,125.907120
D,DISPATCH,UNIT_SCADA,1,"2022/10/20 20:35:00",OAKEY1SF,0
D,DISPATCH,UNIT_SCADA,1,"2022/10/20 20:35:00",OAKEY2,0
D,DISPATCH,UNIT_SCADA,1,"2022/10/20 20:35:00",OAKEY2SF,0
D,DISPATCH,UNIT_SCADA,1,"2022/10/20 20:35:00",OAKLAND1,33.30
D,DISPATCH,UNIT_SCADA,1,"2022/10/20 20:35:00",OSB-AG,177.89
D,DISPATCH,UNIT_SCADA,1,"2022/10/20 20:35:00",PAREPS1,0
D,DISPATCH,UNIT_SCADA,1,"2022/10/20 20:35:00",PAREPW1,72.49
D,DISPATCH,UNIT_SCADA,1,"2022/10/20 20:35:00",PARSF1,0.001530
D,DISPATCH,UNIT_SCADA,1,"2022/10/20 20:35:00",POAT110,2.99
D,DISPATCH,UNIT_SCADA,1,"2022/10/20 20:35:00",POAT220,0
D,DISPATCH,UNIT_SCADA,1,"2022/10/20 20:35:00",POR01,0
D,DISPATCH,UNIT_SCADA,1,"2022/10/20 20:35:00",POR03,0
D,DISPATCH,UNIT_SCADA,1,"2022/10/20 20:35:00",PPCCGT,164.827770
D,DISPATCH,UNIT_SCADA,1,"2022/10/20 20:35:00",PTSTAN1,0
D,DISPATCH,UNIT_SCADA,1,"2022/10/20 20:35:00",PUMP1,0
D,DISPATCH,UNIT_SCADA,1,"2022/10/20 20:35:00",PUMP2,0
D,DISPATCH,UNIT_SCADA,1,"2022/10/20 20:35:00",QBYNBG1,0.0015
D,DISPATCH,UNIT_SCADA,1,"2022/10/20 20:35:00",QBYNBL1,0
D,DISPATCH,UNIT_SCADA,1,"2022/10/20 20:35:00",QPS1,0
D,DISPATCH,UNIT_SCADA,1,"2022/10/20 20:35:00",QPS2,0
D,DISPATCH,UNIT_SCADA,1,"2022/10/20 20:35:00",QPS3,0
D,DISPATCH,UNIT_SCADA,1,"2022/10/20 20:35:00",QPS4,0
D,DISPATCH,UNIT_SCADA,1,"2022/10/20 20:35:00",QPS5,0
D,DISPATCH,UNIT_SCADA,1,"2022/10/20 20:35:00",REECE1,45.1431
D,DISPATCH,UNIT_SCADA,1,"2022/10/20 20:35:00",REECE2,88.210010
D,DISPATCH,UNIT_SCADA,1,"2022/10/20 20:35:00",ROMA_7,0
D,DISPATCH,UNIT_SCADA,1,"2022/10/20 20:35:00",ROMA_8,0
D,DISPATCH,UNIT_SCADA,1,"2022/10/20 20:35:00",RRSF1,0
D,DISPATCH,UNIT_SCADA,1,"2022/10/20 20:35:00",RT_NSW1,0
D,DISPATCH,UNIT_SCADA,1,"2022/10/20 20:35:00",RT_NSW2,0
D,DISPATCH,UNIT_SCADA,1,"2022/10/20 20:35:00",RT_NSW3,0
D,DISPATCH,UNIT_SCADA,1,"2022/10/20 20:35:00",RT_NSW4,0
D,DISPATCH,UNIT_SCADA,1,"2022/10/20 20:35:00",RT_NSW5,0
D,DISPATCH,UNIT_SCADA,1,"2022/10/20 20:35:00",RT_NSW6,0
D,DISPATCH,UNIT_SCADA,1,"2022/10/20 20:35:00",RT_QLD1,0
D,DISPATCH,UNIT_SCADA,1,"2022/10/20 20:35:00",RT_SA1,0
D,DISPATCH,UNIT_SCADA,1,"2022/10/20 20:35:00",RT_SA2,0
D,DISPATCH,UNIT_SCADA,1,"2022/10/20 20:35:00",RT_SA3,0
D,DISPATCH,UNIT_SCADA,1,"2022/10/20 20:35:00",RT_SA4,0
D,DISPATCH,UNIT_SCADA,1,"2022/10/20 20:35:00",RT_SA5,0
D,DISPATCH,UNIT_SCADA,1,"2022/10/20 20:35:00",RT_SA6,0
D,DISPATCH,UNIT_SCADA,1,"2022/10/20 20:35:00",RT_TAS1,0
D,DISPATCH,UNIT_SCADA,1,"2022/10/20 20:35:00",RT_VIC1,0
D,DISPATCH,UNIT_SCADA,1,"2022/10/20 20:35:00",RT_VIC10,0
D,DISPATCH,UNIT_SCADA,1,"2022/10/20 20:35:00",RT_VIC11,0
D,DISPATCH,UNIT_SCADA,1,"2022/10/20 20:35:00",RT_VIC12,0
D,DISPATCH,UNIT_SCADA,1,"2022/10/20 20:35:00",RT_VIC2,0
D,DISPATCH,UNIT_SCADA,1,"2022/10/20 20:35:00",RT_VIC3,0
D,DISPATCH,UNIT_SCADA,1,"2022/10/20 20:35:00",RT_VIC4,0
D,DISPATCH,UNIT_SCADA,1,"2022/10/20 20:35:00",RT_VIC5,0
D,DISPATCH,UNIT_SCADA,1,"2022/10/20 20:35:00",RT_VIC6,0
D,DISPATCH,UNIT_SCADA,1,"2022/10/20 20:35:00",RT_VIC7,0
D,DISPATCH,UNIT_SCADA,1,"2022/10/20 20:35:00",RT_VIC8,0
D,DISPATCH,UNIT_SCADA,1,"2022/10/20 20:35:00",RT_VIC9,0
D,DISPATCH,UNIT_SCADA,1,"2022/10/20 20:35:00",RUGBYR1,0
D,DISPATCH,UNIT_SCADA,1,"2022/10/20 20:35:00",SALTCRK1,25.22
D,DISPATCH,UNIT_SCADA,1,"2022/10/20 20:35:00",SAPHWF1,254.058140
D,DISPATCH,UNIT_SCADA,1,"2022/10/20 20:35:00",SEBSF1,0
D,DISPATCH,UNIT_SCADA,1,"2022/10/20 20:35:00",SHGEN,79.828250
D,DISPATCH,UNIT_SCADA,1,"2022/10/20 20:35:00",SHPUMP,0
D,DISPATCH,UNIT_SCADA,1,"2022/10/20 20:35:00",SITHE01,0.123710
D,DISPATCH,UNIT_SCADA,1,"2022/10/20 20:35:00",SMCSF1,0
D,DISPATCH,UNIT_SCADA,1,"2022/10/20 20:35:00",SNAPPER1,0
D,DISPATCH,UNIT_SCADA,1,"2022/10/20 20:35:00",SNOWNTH1,47.50
D,DISPATCH,UNIT_SCADA,1,"2022/10/20 20:35:00",SNOWSTH1,23.30
D,DISPATCH,UNIT_SCADA,1,"2022/10/20 20:35:00",SNOWTWN1,35.503340
D,DISPATCH,UNIT_SCADA,1,"2022/10/20 20:35:00",SNOWYP,0
D,DISPATCH,UNIT_SCADA,1,"2022/10/20 20:35:00",SNUG1,0
D,DISPATCH,UNIT_SCADA,1,"2022/10/20 20:35:00",SRSF1,0
D,DISPATCH,UNIT_SCADA,1,"2022/10/20 20:35:00",STAN-1,281.581420
D,DISPATCH,UNIT_SCADA,1,"2022/10/20 20:35:00",STAN-2,364.922760
D,DISPATCH,UNIT_SCADA,1,"2022/10/20 20:35:00",STAN-3,364.140870
D,DISPATCH,UNIT_SCADA,1,"2022/10/20 20:35:00",STAN-4,365.948180
D,DISPATCH,UNIT_SCADA,1,"2022/10/20 20:35:00",STARHLWF,19.394340
D,DISPATCH,UNIT_SCADA,1,"2022/10/20 20:35:00",STOCKYD1,170.02
D,DISPATCH,UNIT_SCADA,1,"2022/10/20 20:35:00",STWF1,85.227740
D,DISPATCH,UNIT_SCADA,1,"2022/10/20 20:35:00",SUNRSF1,0
D,DISPATCH,UNIT_SCADA,1,"2022/10/20 20:35:00",SUNTPSF1,0
D,DISPATCH,UNIT_SCADA,1,"2022/10/20 20:35:00",SWAN_E,338.357480
D,DISPATCH,UNIT_SCADA,1,"2022/10/20 20:35:00",TALWA1,0
D,DISPATCH,UNIT_SCADA,1,"2022/10/20 20:35:00",TARALGA1,0
D,DISPATCH,UNIT_SCADA,1,"2022/10/20 20:35:00",TARONG#1,349.200010
D,DISPATCH,UNIT_SCADA,1,"2022/10/20 20:35:00",TARONG#2,349
D,DISPATCH,UNIT_SCADA,1,"2022/10/20 20:35:00",TARONG#3,0.90
D,DISPATCH,UNIT_SCADA,1,"2022/10/20 20:35:00",TARONG#4,295.50
D,DISPATCH,UNIT_SCADA,1,"2022/10/20 20:35:00",TARRALEA,53.90
D,DISPATCH,UNIT_SCADA,1,"2022/10/20 20:35:00",TBSF1,0
D,DISPATCH,UNIT_SCADA,1,"2022/10/20 20:35:00",TNPS1,419.500030
D,DISPATCH,UNIT_SCADA,1,"2022/10/20 20:35:00",TORRB1,0
D,DISPATCH,UNIT_SCADA,1,"2022/10/20 20:35:00",TORRB2,60
D,DISPATCH,UNIT_SCADA,1,"2022/10/20 20:35:00",TORRB3,0
D,DISPATCH,UNIT_SCADA,1,"2022/10/20 20:35:00",TORRB4,0
D,DISPATCH,UNIT_SCADA,1,"2022/10/20 20:35:00",TREVALLN,97.948210
D,DISPATCH,UNIT_SCADA,1,"2022/10/20 20:35:00",TRIBUTE,0
D,DISPATCH,UNIT_SCADA,1,"2022/10/20 20:35:00",TUMUT3,190.48
D,DISPATCH,UNIT_SCADA,1,"2022/10/20 20:35:00",TUNGATIN,3.000020
D,DISPATCH,UNIT_SCADA,1,"2022/10/20 20:35:00",TVCC201,0
D,DISPATCH,UNIT_SCADA,1,"2022/10/20 20:35:00",TVPP104,57.865630
D,DISPATCH,UNIT_SCADA,1,"2022/10/20 20:35:00",UPPTUMUT,0
D,DISPATCH,UNIT_SCADA,1,"2022/10/20 20:35:00",URANQ11,0
D,DISPATCH,UNIT_SCADA,1,"2022/10/20 20:35:00",URANQ12,0
D,DISPATCH,UNIT_SCADA,1,"2022/10/20 20:35:00",URANQ13,0
D,DISPATCH,UNIT_SCADA,1,"2022/10/20 20:35:00",URANQ14,0
D,DISPATCH,UNIT_SCADA,1,"2022/10/20 20:35:00",VBBG1,0
D,DISPATCH,UNIT_SCADA,1,"2022/10/20 20:35:00",VBBL1,0
D,DISPATCH,UNIT_SCADA,1,"2022/10/20 20:35:00",VP5,558.928160
D,DISPATCH,UNIT_SCADA,1,"2022/10/20 20:35:00",VP6,604.071170
D,DISPATCH,UNIT_SCADA,1,"2022/10/20 20:35:00",VPGS1,0
D,DISPATCH,UNIT_SCADA,1,"2022/10/20 20:35:00",VPGS2,0
D,DISPATCH,UNIT_SCADA,1,"2022/10/20 20:35:00",VPGS3,0
D,DISPATCH,UNIT_SCADA,1,"2022/10/20 20:35:00",VPGS4,0
D,DISPATCH,UNIT_SCADA,1,"2022/10/20 20:35:00",VPGS5,0
D,DISPATCH,UNIT_SCADA,1,"2022/10/20 20:35:00",VPGS6,0
D,DISPATCH,UNIT_SCADA,1,"2022/10/20 20:35:00",W/HOE#1,0
D,DISPATCH,UNIT_SCADA,1,"2022/10/20 20:35:00",W/HOE#2,0
D,DISPATCH,UNIT_SCADA,1,"2022/10/20 20:35:00",WAGGNSF1,0
D,DISPATCH,UNIT_SCADA,1,"2022/10/20 20:35:00",WALGRVG1,0
D,DISPATCH,UNIT_SCADA,1,"2022/10/20 20:35:00",WALGRVL1,8.339040
D,DISPATCH,UNIT_SCADA,1,"2022/10/20 20:35:00",WANDBG1,0
D,DISPATCH,UNIT_SCADA,1,"2022/10/20 20:35:00",WANDBL1,0
D,DISPATCH,UNIT_SCADA,1,"2022/10/20 20:35:00",WARWSF1,0
D,DISPATCH,UNIT_SCADA,1,"2022/10/20 20:35:00",WARWSF2,0
D,DISPATCH,UNIT_SCADA,1,"2022/10/20 20:35:00",WATERLWF,22.30
D,DISPATCH,UNIT_SCADA,1,"2022/10/20 20:35:00",WDGPH1,0
D,DISPATCH,UNIT_SCADA,1,"2022/10/20 20:35:00",WELLSF1,0
D,DISPATCH,UNIT_SCADA,1,"2022/10/20 20:35:00",WEMENSF1,0
D,DISPATCH,UNIT_SCADA,1,"2022/10/20 20:35:00",WGWF1,22.70
D,DISPATCH,UNIT_SCADA,1,"2022/10/20 20:35:00",WHITSF1,0
D,DISPATCH,UNIT_SCADA,1,"2022/10/20 20:35:00",WINTSF1,0
D,DISPATCH,UNIT_SCADA,1,"2022/10/20 20:35:00",WKIEWA1,33.90
D,DISPATCH,UNIT_SCADA,1,"2022/10/20 20:35:00",WKIEWA2,34
D,DISPATCH,UNIT_SCADA,1,"2022/10/20 20:35:00",WOODLWN1,31.1621
D,DISPATCH,UNIT_SCADA,1,"2022/10/20 20:35:00",WOOLGSF1,0
D,DISPATCH,UNIT_SCADA,1,"2022/10/20 20:35:00",WPWF,52.54
D,DISPATCH,UNIT_SCADA,1,"2022/10/20 20:35:00",WRSF1,0
D,DISPATCH,UNIT_SCADA,1,"2022/10/20 20:35:00",WRWF1,146.450590
D,DISPATCH,UNIT_SCADA,1,"2022/10/20 20:35:00",WSTWYSF1,0
D,DISPATCH,UNIT_SCADA,1,"2022/10/20 20:35:00",YABULU,153.630020
D,DISPATCH,UNIT_SCADA,1,"2022/10/20 20:35:00",YABULU2,0
D,DISPATCH,UNIT_SCADA,1,"2022/10/20 20:35:00",YARANSF1,0
D,DISPATCH,UNIT_SCADA,1,"2022/10/20 20:35:00",YARWUN_1,164.039990
D,DISPATCH,UNIT_SCADA,1,"2022/10/20 20:35:00",YATSF1,0
D,DISPATCH,UNIT_SCADA,1,"2022/10/20 20:35:00",YENDWF1,11.62
D,DISPATCH,UNIT_SCADA,1,"2022/10/20 20:35:00",YWPS1,343.6076
D,DISPATCH,UNIT_SCADA,1,"2022/10/20 20:35:00",YWPS2,359.146850
D,DISPATCH,UNIT_SCADA,1,"2022/10/20 20:35:00",YWPS3,360.235440
D,DISPATCH,UNIT_SCADA,1,"2022/10/20 20:35:00",YWPS4,0
C,"END OF REPORT",419
