C,NEMP.WORLD,DISPATCHSCADA,AEMO,PUBLIC,2022/10/20,02:20:09,0000000373222320,DISPATCHSCADA,0000000373222314
I,DISPATCH,UNIT_SCADA,1,SETTLEMENTDATE,DUID,SCADAVALUE
D,DISPATCH,UNIT_SCADA,1,"2022/10/20 02:25:00",BARCSF1,0.10
D,DISPATCH,UNIT_SCADA,1,"2022/10/20 02:25:00",BUTLERSG,8.699999
D,DISPATCH,UNIT_SCADA,1,"2022/10/20 02:25:00",CAPTL_WF,1.834012
D,DISPATCH,UNIT_SCADA,1,"2022/10/20 02:25:00",CHALLHWF,15.10
D,DISPATCH,UNIT_SCADA,1,"2022/10/20 02:25:00",CLOVER,13.34
D,DISPATCH,UNIT_SCADA,1,"2022/10/20 02:25:00",CLUNY,6.1767
D,DISPATCH,UNIT_SCADA,1,"2022/10/20 02:25:00",CULLRGWF,-0.04
D,DISPATCH,UNIT_SCADA,1,"2022/10/20 02:25:00",DIAPURWF1,7.30
D,DISPATCH,UNIT_SCADA,1,"2022/10/20 02:25:00",ERGT01,0
D,DISPATCH,UNIT_SCADA,1,"2022/10/20 02:25:00",GB01,0
D,DISPATCH,UNIT_SCADA,1,"2022/10/20 02:25:00",GERMCRK,21.50
D,DISPATCH,UNIT_SCADA,1,"2022/10/20 02:25:00",GRIFSF1,0.001526
D,DISPATCH,UNIT_SCADA,1,"2022/10/20 02:25:00",HEZ1,0
D,DISPATCH,UNIT_SCADA,1,"2022/10/20 02:25:00",HUGSF1,-0.1740
D,DISPATCH,UNIT_SCADA,1,"2022/10/20 02:25:00",KEPBG1,0.02
D,DISPATCH,UNIT_SCADA,1,"2022/10/20 02:25:00",LRSF1,0.0240
D,DISPATCH,UNIT_SCADA,1,"2022/10/20 02:25:00",MBAHNTH,50.268753
D,DISPATCH,UNIT_SCADA,1,"2022/10/20 02:25:00",MLSP1,0
D,DISPATCH,UNIT_SCADA,1,"2022/10/20 02:25:00",MLWF1,1.17
D,DISPATCH,UNIT_SCADA,1,"2022/10/20 02:25:00",PALOONA,30.389999
D,DISPATCH,UNIT_SCADA,1,"2022/10/20 02:25:00",PIONEER,44.299999
D,DISPATCH,UNIT_SCADA,1,"2022/10/20 02:25:00",PORTWF,29
D,DISPATCH,UNIT_SCADA,1,"2022/10/20 02:25:00",REPULSE,9.365988
D,DISPATCH,UNIT_SCADA,1,"2022/10/20 02:25:00",ROWALLAN,8.8821
D,DISPATCH,UNIT_SCADA,1,"2022/10/20 02:25:00",ROYALLA1,0
D,DISPATCH,UNIT_SCADA,1,"2022/10/20 02:25:00",RPCG,-1.20
D,DISPATCH,UNIT_SCADA,1,"2022/10/20 02:25:00",RUBICON,0
D,DISPATCH,UNIT_SCADA,1,"2022/10/20 02:25:00",WAUBRAWF,84.610001
D,DISPATCH,UNIT_SCADA,1,"2022/10/20 02:25:00",WOOLNTH1,7.83
D,DISPATCH,UNIT_SCADA,1,"2022/10/20 02:25:00",YAMBUKWF,2.90
D,DISPATCH,UNIT_SCADA,1,"2022/10/20 02:25:00",YSWF1,2.50
D,DISPATCH,UNIT_SCADA,1,"2022/10/20 02:25:00",ADPBA1G,0.0080
D,DISPATCH,UNIT_SCADA,1,"2022/10/20 02:25:00",ADPBA1L,0
D,DISPATCH,UNIT_SCADA,1,"2022/10/20 02:25:00",ADPPV1,0
D,DISPATCH,UNIT_SCADA,1,"2022/10/20 02:25:00",AGLHAL,0
D,DISPATCH,UNIT_SCADA,1,"2022/10/20 02:25:00",AGLSOM,0
D,DISPATCH,UNIT_SCADA,1,"2022/10/20 02:25:00",ANGAST1,0
D,DISPATCH,UNIT_SCADA,1,"2022/10/20 02:25:00",ARWF1,12.20
D,DISPATCH,UNIT_SCADA,1,"2022/10/20 02:25:00",BALBG1,0
D,DISPATCH,UNIT_SCADA,1,"2022/10/20 02:25:00",BALBL1,0
D,DISPATCH,UNIT_SCADA,1,"2022/10/20 02:25:00",BALDHWF1,0
D,DISPATCH,UNIT_SCADA,1,"2022/10/20 02:25:00",BANGOWF1,43.596860
D,DISPATCH,UNIT_SCADA,1,"2022/10/20 02:25:00",BANGOWF2,49.199740
D,DISPATCH,UNIT_SCADA,1,"2022/10/20 02:25:00",BANN1,0
D,DISPATCH,UNIT_SCADA,1,"2022/10/20 02:25:00",BARCALDN,0
D,DISPATCH,UNIT_SCADA,1,"2022/10/20 02:25:00",BARKIPS1,0
D,DISPATCH,UNIT_SCADA,1,"2022/10/20 02:25:00",BARRON-1,0
D,DISPATCH,UNIT_SCADA,1,"2022/10/20 02:25:00",BARRON-2,0
D,DISPATCH,UNIT_SCADA,1,"2022/10/20 02:25:00",BASTYAN,0
D,DISPATCH,UNIT_SCADA,1,"2022/10/20 02:25:00",BBTHREE1,-1.02
D,DISPATCH,UNIT_SCADA,1,"2022/10/20 02:25:00",BBTHREE2,0
D,DISPATCH,UNIT_SCADA,1,"2022/10/20 02:25:00",BBTHREE3,0
D,DISPATCH,UNIT_SCADA,1,"2022/10/20 02:25:00",BDL01,0
D,DISPATCH,UNIT_SCADA,1,"2022/10/20 02:25:00",BDL02,0
D,DISPATCH,UNIT_SCADA,1,"2022/10/20 02:25:00",BERYLSF1,0
D,DISPATCH,UNIT_SCADA,1,"2022/10/20 02:25:00",BLOWERNG,62.60
D,DISPATCH,UNIT_SCADA,1,"2022/10/20 02:25:00",BLUEGSF1,0
D,DISPATCH,UNIT_SCADA,1,"2022/10/20 02:25:00",BLUFF1,4.20
D,DISPATCH,UNIT_SCADA,1,"2022/10/20 02:25:00",BNGSF1,0
D,DISPATCH,UNIT_SCADA,1,"2022/10/20 02:25:00",BNGSF2,0
D,DISPATCH,UNIT_SCADA,1,"2022/10/20 02:25:00",BOCORWF1,9.22
D,DISPATCH,UNIT_SCADA,1,"2022/10/20 02:25:00",BODWF1,92.790910
D,DISPATCH,UNIT_SCADA,1,"2022/10/20 02:25:00",BOMENSF1,0
D,DISPATCH,UNIT_SCADA,1,"2022/10/20 02:25:00",BOWWBA1G,0.0010
D,DISPATCH,UNIT_SCADA,1,"2022/10/20 02:25:00",BOWWBA1L,0
D,DISPATCH,UNIT_SCADA,1,"2022/10/20 02:25:00",BOWWPV1,0.0010
D,DISPATCH,UNIT_SCADA,1,"2022/10/20 02:25:00",BRAEMAR1,0
D,DISPATCH,UNIT_SCADA,1,"2022/10/20 02:25:00",BRAEMAR2,0
D,DISPATCH,UNIT_SCADA,1,"2022/10/20 02:25:00",BRAEMAR3,0
D,DISPATCH,UNIT_SCADA,1,"2022/10/20 02:25:00",BRAEMAR5,0.292060
D,DISPATCH,UNIT_SCADA,1,"2022/10/20 02:25:00",BRAEMAR6,0
D,DISPATCH,UNIT_SCADA,1,"2022/10/20 02:25:00",BRAEMAR7,0.130920
D,DISPATCH,UNIT_SCADA,1,"2022/10/20 02:25:00",BROKENH1,0
D,DISPATCH,UNIT_SCADA,1,"2022/10/20 02:25:00",BRYB1WF1,137.315930
D,DISPATCH,UNIT_SCADA,1,"2022/10/20 02:25:00",BULBESG1,0
D,DISPATCH,UNIT_SCADA,1,"2022/10/20 02:25:00",BULBESL1,0.03
D,DISPATCH,UNIT_SCADA,1,"2022/10/20 02:25:00",BULGANA1,47.73
D,DISPATCH,UNIT_SCADA,1,"2022/10/20 02:25:00",BW01,439.374390
D,DISPATCH,UNIT_SCADA,1,"2022/10/20 02:25:00",BW02,435.736630
D,DISPATCH,UNIT_SCADA,1,"2022/10/20 02:25:00",BW03,434.540310
D,DISPATCH,UNIT_SCADA,1,"2022/10/20 02:25:00",BW04,0
D,DISPATCH,UNIT_SCADA,1,"2022/10/20 02:25:00",CALL_B_1,318.700010
D,DISPATCH,UNIT_SCADA,1,"2022/10/20 02:25:00",CALL_B_2,318.600010
D,DISPATCH,UNIT_SCADA,1,"2022/10/20 02:25:00",CATHROCK,9.90
D,DISPATCH,UNIT_SCADA,1,"2022/10/20 02:25:00",CBWWBA1G,0
D,DISPATCH,UNIT_SCADA,1,"2022/10/20 02:25:00",CBWWBA1L,0
D,DISPATCH,UNIT_SCADA,1,"2022/10/20 02:25:00",CETHANA,97.525880
D,DISPATCH,UNIT_SCADA,1,"2022/10/20 02:25:00",CG1,0
D,DISPATCH,UNIT_SCADA,1,"2022/10/20 02:25:00",CG2,0
D,DISPATCH,UNIT_SCADA,1,"2022/10/20 02:25:00",CG3,0
D,DISPATCH,UNIT_SCADA,1,"2022/10/20 02:25:00",CG4,0
D,DISPATCH,UNIT_SCADA,1,"2022/10/20 02:25:00",CHILDSF1,0
D,DISPATCH,UNIT_SCADA,1,"2022/10/20 02:25:00",CHYTWF1,13.78
D,DISPATCH,UNIT_SCADA,1,"2022/10/20 02:25:00",CLARESF1,0
D,DISPATCH,UNIT_SCADA,1,"2022/10/20 02:25:00",CLEMGPWF,27.589410
D,DISPATCH,UNIT_SCADA,1,"2022/10/20 02:25:00",CLERMSF1,0
D,DISPATCH,UNIT_SCADA,1,"2022/10/20 02:25:00",CNUNDAWF,0
D,DISPATCH,UNIT_SCADA,1,"2022/10/20 02:25:00",COHUNSF1,0
D,DISPATCH,UNIT_SCADA,1,"2022/10/20 02:25:00",COLEASF1,0
D,DISPATCH,UNIT_SCADA,1,"2022/10/20 02:25:00",COLUMSF1,0
D,DISPATCH,UNIT_SCADA,1,"2022/10/20 02:25:00",COLWF01,49.530780
D,DISPATCH,UNIT_SCADA,1,"2022/10/20 02:25:00",COOPGWF1,340.730010
D,DISPATCH,UNIT_SCADA,1,"2022/10/20 02:25:00",CPP_3,359.700010
D,DISPATCH,UNIT_SCADA,1,"2022/10/20 02:25:00",CPP_4,0
D,DISPATCH,UNIT_SCADA,1,"2022/10/20 02:25:00",CPSA,0
D,DISPATCH,UNIT_SCADA,1,"2022/10/20 02:25:00",CROOKWF2,15.743040
D,DISPATCH,UNIT_SCADA,1,"2022/10/20 02:25:00",CROWLWF1,49.7152
D,DISPATCH,UNIT_SCADA,1,"2022/10/20 02:25:00",CRURWF1,29.597390
D,DISPATCH,UNIT_SCADA,1,"2022/10/20 02:25:00",CRWASF1,0
D,DISPATCH,UNIT_SCADA,1,"2022/10/20 02:25:00",CSPVPS1,0
D,DISPATCH,UNIT_SCADA,1,"2022/10/20 02:25:00",CTHLWF1,0.003050
D,DISPATCH,UNIT_SCADA,1,"2022/10/20 02:25:00",DALNTH01,0
D,DISPATCH,UNIT_SCADA,1,"2022/10/20 02:25:00",DALNTHL1,0.071720
D,DISPATCH,UNIT_SCADA,1,"2022/10/20 02:25:00",DARLSF1,0
D,DISPATCH,UNIT_SCADA,1,"2022/10/20 02:25:00",DARTM1,0
D,DISPATCH,UNIT_SCADA,1,"2022/10/20 02:25:00",DAYDSF1,0
D,DISPATCH,UNIT_SCADA,1,"2022/10/20 02:25:00",DDPS1,0
D,DISPATCH,UNIT_SCADA,1,"2022/10/20 02:25:00",DDSF1,0
D,DISPATCH,UNIT_SCADA,1,"2022/10/20 02:25:00",DEVILS_G,54.569540
D,DISPATCH,UNIT_SCADA,1,"2022/10/20 02:25:00",DG_NSW1,0
D,DISPATCH,UNIT_SCADA,1,"2022/10/20 02:25:00",DG_QLD1,0
D,DISPATCH,UNIT_SCADA,1,"2022/10/20 02:25:00",DG_SA1,0
D,DISPATCH,UNIT_SCADA,1,"2022/10/20 02:25:00",DG_TAS1,0
D,DISPATCH,UNIT_SCADA,1,"2022/10/20 02:25:00",DG_VIC1,0
D,DISPATCH,UNIT_SCADA,1,"2022/10/20 02:25:00",DRYCGT1,0
D,DISPATCH,UNIT_SCADA,1,"2022/10/20 02:25:00",DRYCGT2,0
D,DISPATCH,UNIT_SCADA,1,"2022/10/20 02:25:00",DRYCGT3,0
D,DISPATCH,UNIT_SCADA,1,"2022/10/20 02:25:00",DUNDWF1,80.41
D,DISPATCH,UNIT_SCADA,1,"2022/10/20 02:25:00",DUNDWF2,27.59
D,DISPATCH,UNIT_SCADA,1,"2022/10/20 02:25:00",DUNDWF3,78.20
D,DISPATCH,UNIT_SCADA,1,"2022/10/20 02:25:00",EILDON1,59.96
D,DISPATCH,UNIT_SCADA,1,"2022/10/20 02:25:00",EILDON2,60.08
D,DISPATCH,UNIT_SCADA,1,"2022/10/20 02:25:00",ELAINWF1,30.92
D,DISPATCH,UNIT_SCADA,1,"2022/10/20 02:25:00",EMERASF1,0
D,DISPATCH,UNIT_SCADA,1,"2022/10/20 02:25:00",ER01,0
D,DISPATCH,UNIT_SCADA,1,"2022/10/20 02:25:00",ER02,315.178160
D,DISPATCH,UNIT_SCADA,1,"2022/10/20 02:25:00",ER03,329.143220
D,DISPATCH,UNIT_SCADA,1,"2022/10/20 02:25:00",ER04,346.721590
D,DISPATCH,UNIT_SCADA,1,"2022/10/20 02:25:00",FINLYSF1,0
D,DISPATCH,UNIT_SCADA,1,"2022/10/20 02:25:00",FISHER,30.92
D,DISPATCH,UNIT_SCADA,1,"2022/10/20 02:25:00",GANGARR1,0
D,DISPATCH,UNIT_SCADA,1,"2022/10/20 02:25:00",GANNBG1,0
D,DISPATCH,UNIT_SCADA,1,"2022/10/20 02:25:00",GANNBL1,9.417610
D,DISPATCH,UNIT_SCADA,1,"2022/10/20 02:25:00",GANNSF1,0
D,DISPATCH,UNIT_SCADA,1,"2022/10/20 02:25:00",GLRWNSF1,0
D,DISPATCH,UNIT_SCADA,1,"2022/10/20 02:25:00",GNNDHSF1,0
D,DISPATCH,UNIT_SCADA,1,"2022/10/20 02:25:00",GOONSF1,0
D,DISPATCH,UNIT_SCADA,1,"2022/10/20 02:25:00",GORDON,194.060850
D,DISPATCH,UNIT_SCADA,1,"2022/10/20 02:25:00",GRANWF1,0
D,DISPATCH,UNIT_SCADA,1,"2022/10/20 02:25:00",GSTONE1,142.274990
D,DISPATCH,UNIT_SCADA,1,"2022/10/20 02:25:00",GSTONE2,0
D,DISPATCH,UNIT_SCADA,1,"2022/10/20 02:25:00",GSTONE3,219.974990
D,DISPATCH,UNIT_SCADA,1,"2022/10/20 02:25:00",GSTONE4,0
D,DISPATCH,UNIT_SCADA,1,"2022/10/20 02:25:00",GSTONE5,221.55
D,DISPATCH,UNIT_SCADA,1,"2022/10/20 02:25:00",GSTONE6,221.20
D,DISPATCH,UNIT_SCADA,1,"2022/10/20 02:25:00",GULLRSF1,0
D,DISPATCH,UNIT_SCADA,1,"2022/10/20 02:25:00",GULLRWF1,54.754170
D,DISPATCH,UNIT_SCADA,1,"2022/10/20 02:25:00",GULLRWF2,44.853230
D,DISPATCH,UNIT_SCADA,1,"2022/10/20 02:25:00",GUNNING1,0
D,DISPATCH,UNIT_SCADA,1,"2022/10/20 02:25:00",GUTHEGA,67.50
D,DISPATCH,UNIT_SCADA,1,"2022/10/20 02:25:00",HALLWF1,59.24
D,DISPATCH,UNIT_SCADA,1,"2022/10/20 02:25:00",HALLWF2,54.87
D,DISPATCH,UNIT_SCADA,1,"2022/10/20 02:25:00",HAMISF1,0
D,DISPATCH,UNIT_SCADA,1,"2022/10/20 02:25:00",HAUGHT11,0
D,DISPATCH,UNIT_SCADA,1,"2022/10/20 02:25:00",HAYMSF1,0
D,DISPATCH,UNIT_SCADA,1,"2022/10/20 02:25:00",HDWF1,86.10
D,DISPATCH,UNIT_SCADA,1,"2022/10/20 02:25:00",HDWF2,53.60
D,DISPATCH,UNIT_SCADA,1,"2022/10/20 02:25:00",HDWF3,67.30
D,DISPATCH,UNIT_SCADA,1,"2022/10/20 02:25:00",HILLSTN1,0
D,DISPATCH,UNIT_SCADA,1,"2022/10/20 02:25:00",HPRG1,0
D,DISPATCH,UNIT_SCADA,1,"2022/10/20 02:25:00",HPRL1,3.40
D,DISPATCH,UNIT_SCADA,1,"2022/10/20 02:25:00",HUMENSW,54.549050
D,DISPATCH,UNIT_SCADA,1,"2022/10/20 02:25:00",HUMEV,0
D,DISPATCH,UNIT_SCADA,1,"2022/10/20 02:25:00",HVWWBA1G,0
D,DISPATCH,UNIT_SCADA,1,"2022/10/20 02:25:00",HVWWBA1L,0.0060
D,DISPATCH,UNIT_SCADA,1,"2022/10/20 02:25:00",HVWWPV1,0
D,DISPATCH,UNIT_SCADA,1,"2022/10/20 02:25:00",JBUTTERS,0
D,DISPATCH,UNIT_SCADA,1,"2022/10/20 02:25:00",JEMALNG1,0
D,DISPATCH,UNIT_SCADA,1,"2022/10/20 02:25:00",JLA01,0
D,DISPATCH,UNIT_SCADA,1,"2022/10/20 02:25:00",JLA02,0
D,DISPATCH,UNIT_SCADA,1,"2022/10/20 02:25:00",JLA03,0
D,DISPATCH,UNIT_SCADA,1,"2022/10/20 02:25:00",JLA04,0
D,DISPATCH,UNIT_SCADA,1,"2022/10/20 02:25:00",JLB01,0
D,DISPATCH,UNIT_SCADA,1,"2022/10/20 02:25:00",JLB02,0.10
D,DISPATCH,UNIT_SCADA,1,"2022/10/20 02:25:00",JLB03,0
D,DISPATCH,UNIT_SCADA,1,"2022/10/20 02:25:00",JUNEESF1,0
D,DISPATCH,UNIT_SCADA,1,"2022/10/20 02:25:00",KABANWF1,1.4370
D,DISPATCH,UNIT_SCADA,1,"2022/10/20 02:25:00",KAREEYA1,18
D,DISPATCH,UNIT_SCADA,1,"2022/10/20 02:25:00",KAREEYA2,0
D,DISPATCH,UNIT_SCADA,1,"2022/10/20 02:25:00",KAREEYA3,21.4225
D,DISPATCH,UNIT_SCADA,1,"2022/10/20 02:25:00",KAREEYA4,0
D,DISPATCH,UNIT_SCADA,1,"2022/10/20 02:25:00",KARSF1,0
D,DISPATCH,UNIT_SCADA,1,"2022/10/20 02:25:00",KEPSF1,0
D,DISPATCH,UNIT_SCADA,1,"2022/10/20 02:25:00",KEPWF1,3.62
D,DISPATCH,UNIT_SCADA,1,"2022/10/20 02:25:00",KIAMSF1,0
D,DISPATCH,UNIT_SCADA,1,"2022/10/20 02:25:00",KIATAWF1,31
D,DISPATCH,UNIT_SCADA,1,"2022/10/20 02:25:00",KPP_1,0
D,DISPATCH,UNIT_SCADA,1,"2022/10/20 02:25:00",KSP1,0
D,DISPATCH,UNIT_SCADA,1,"2022/10/20 02:25:00",LADBROK1,0.01
D,DISPATCH,UNIT_SCADA,1,"2022/10/20 02:25:00",LADBROK2,37.90
D,DISPATCH,UNIT_SCADA,1,"2022/10/20 02:25:00",LBBG1,0
D,DISPATCH,UNIT_SCADA,1,"2022/10/20 02:25:00",LBBL1,11.10
D,DISPATCH,UNIT_SCADA,1,"2022/10/20 02:25:00",LD01,317.917420
D,DISPATCH,UNIT_SCADA,1,"2022/10/20 02:25:00",LD02,0
D,DISPATCH,UNIT_SCADA,1,"2022/10/20 02:25:00",LD04,317.056790
D,DISPATCH,UNIT_SCADA,1,"2022/10/20 02:25:00",LEM_WIL,86.942770
D,DISPATCH,UNIT_SCADA,1,"2022/10/20 02:25:00",LGAPWF1,60.02
D,DISPATCH,UNIT_SCADA,1,"2022/10/20 02:25:00",LGAPWF2,40.15
D,DISPATCH,UNIT_SCADA,1,"2022/10/20 02:25:00",LILYSF1,0
D,DISPATCH,UNIT_SCADA,1,"2022/10/20 02:25:00",LIMOSF11,0
D,DISPATCH,UNIT_SCADA,1,"2022/10/20 02:25:00",LIMOSF21,0
D,DISPATCH,UNIT_SCADA,1,"2022/10/20 02:25:00",LI_WY_CA,55.806350
D,DISPATCH,UNIT_SCADA,1,"2022/10/20 02:25:00",LKBONNY1,0
D,DISPATCH,UNIT_SCADA,1,"2022/10/20 02:25:00",LKBONNY2,34.021180
D,DISPATCH,UNIT_SCADA,1,"2022/10/20 02:25:00",LKBONNY3,6.140430
D,DISPATCH,UNIT_SCADA,1,"2022/10/20 02:25:00",LK_ECHO,0
D,DISPATCH,UNIT_SCADA,1,"2022/10/20 02:25:00",LNGS1,0
D,DISPATCH,UNIT_SCADA,1,"2022/10/20 02:25:00",LNGS2,0
D,DISPATCH,UNIT_SCADA,1,"2022/10/20 02:25:00",LONSDALE,0
D,DISPATCH,UNIT_SCADA,1,"2022/10/20 02:25:00",LOYYB1,451.124050
D,DISPATCH,UNIT_SCADA,1,"2022/10/20 02:25:00",LOYYB2,453.003780
D,DISPATCH,UNIT_SCADA,1,"2022/10/20 02:25:00",LYA1,510
D,DISPATCH,UNIT_SCADA,1,"2022/10/20 02:25:00",LYA2,0
D,DISPATCH,UNIT_SCADA,1,"2022/10/20 02:25:00",LYA3,511
D,DISPATCH,UNIT_SCADA,1,"2022/10/20 02:25:00",LYA4,511
D,DISPATCH,UNIT_SCADA,1,"2022/10/20 02:25:00",MACARTH1,29.399320
D,DISPATCH,UNIT_SCADA,1,"2022/10/20 02:25:00",MACKNTSH,0
D,DISPATCH,UNIT_SCADA,1,"2022/10/20 02:25:00",MANSLR1,0
D,DISPATCH,UNIT_SCADA,1,"2022/10/20 02:25:00",MAPS2PV1,0
D,DISPATCH,UNIT_SCADA,1,"2022/10/20 02:25:00",MAPS3PV1,0
D,DISPATCH,UNIT_SCADA,1,"2022/10/20 02:25:00",MARYRSF1,0
D,DISPATCH,UNIT_SCADA,1,"2022/10/20 02:25:00",MBPS2PV1,0
D,DISPATCH,UNIT_SCADA,1,"2022/10/20 02:25:00",MCKAY1,0.02
D,DISPATCH,UNIT_SCADA,1,"2022/10/20 02:25:00",MEADOWBK,19.8631
D,DISPATCH,UNIT_SCADA,1,"2022/10/20 02:25:00",MERCER01,37.60
D,DISPATCH,UNIT_SCADA,1,"2022/10/20 02:25:00",METZSF1,0
D,DISPATCH,UNIT_SCADA,1,"2022/10/20 02:25:00",MEWF1,2
D,DISPATCH,UNIT_SCADA,1,"2022/10/20 02:25:00",MIDDLSF1,0
D,DISPATCH,UNIT_SCADA,1,"2022/10/20 02:25:00",MINTARO,0.128180
D,DISPATCH,UNIT_SCADA,1,"2022/10/20 02:25:00",MOLNGSF1,0
D,DISPATCH,UNIT_SCADA,1,"2022/10/20 02:25:00",MOORAWF1,58.20
D,DISPATCH,UNIT_SCADA,1,"2022/10/20 02:25:00",MOREESF1,0
D,DISPATCH,UNIT_SCADA,1,"2022/10/20 02:25:00",MORTLK11,0
D,DISPATCH,UNIT_SCADA,1,"2022/10/20 02:25:00",MORTLK12,0
D,DISPATCH,UNIT_SCADA,1,"2022/10/20 02:25:00",MOUSF1,0
D,DISPATCH,UNIT_SCADA,1,"2022/10/20 02:25:00",MP1,0
D,DISPATCH,UNIT_SCADA,1,"2022/10/20 02:25:00",MP2,280.509640
D,DISPATCH,UNIT_SCADA,1,"2022/10/20 02:25:00",MPP_1,146.5961
D,DISPATCH,UNIT_SCADA,1,"2022/10/20 02:25:00",MPP_2,0
D,DISPATCH,UNIT_SCADA,1,"2022/10/20 02:25:00",MRTLSWF1,0
D,DISPATCH,UNIT_SCADA,1,"2022/10/20 02:25:00",MSTUART1,0
D,DISPATCH,UNIT_SCADA,1,"2022/10/20 02:25:00",MSTUART2,0
D,DISPATCH,UNIT_SCADA,1,"2022/10/20 02:25:00",MSTUART3,0
D,DISPATCH,UNIT_SCADA,1,"2022/10/20 02:25:00",MTGELWF1,16.234320
D,DISPATCH,UNIT_SCADA,1,"2022/10/20 02:25:00",MTMILLAR,10
D,DISPATCH,UNIT_SCADA,1,"2022/10/20 02:25:00",MURRAY,0
D,DISPATCH,UNIT_SCADA,1,"2022/10/20 02:25:00",MUSSELR1,34.50
D,DISPATCH,UNIT_SCADA,1,"2022/10/20 02:25:00",MUWAWF1,186.899990
D,DISPATCH,UNIT_SCADA,1,"2022/10/20 02:25:00",MUWAWF2,185.80
D,DISPATCH,UNIT_SCADA,1,"2022/10/20 02:25:00",MWPS1PV1,0
D,DISPATCH,UNIT_SCADA,1,"2022/10/20 02:25:00",MWPS2PV1,0
D,DISPATCH,UNIT_SCADA,1,"2022/10/20 02:25:00",MWPS3PV1,0
D,DISPATCH,UNIT_SCADA,1,"2022/10/20 02:25:00",MWPS4PV1,0
D,DISPATCH,UNIT_SCADA,1,"2022/10/20 02:25:00",NBHWF1,102.20
D,DISPATCH,UNIT_SCADA,1,"2022/10/20 02:25:00",NEVERSF1,0
D,DISPATCH,UNIT_SCADA,1,"2022/10/20 02:25:00",NPS,0
D,DISPATCH,UNIT_SCADA,1,"2022/10/20 02:25:00",NUMURSF1,0
D,DISPATCH,UNIT_SCADA,1,"2022/10/20 02:25:00",NYNGAN1,0
D,DISPATCH,UNIT_SCADA,1,"2022/10/20 02:25:00",OAKEY1,0
D,DISPATCH,UNIT_SCADA,1,"2022/10/20 02:25:00",OAKEY1SF,0
D,DISPATCH,UNIT_SCADA,1,"2022/10/20 02:25:00",OAKEY2,0
D,DISPATCH,UNIT_SCADA,1,"2022/10/20 02:25:00",OAKEY2SF,0
D,DISPATCH,UNIT_SCADA,1,"2022/10/20 02:25:00",OAKLAND1,21
D,DISPATCH,UNIT_SCADA,1,"2022/10/20 02:25:00",OSB-AG,0
D,DISPATCH,UNIT_SCADA,1,"2022/10/20 02:25:00",PAREPS1,0.0660
D,DISPATCH,UNIT_SCADA,1,"2022/10/20 02:25:00",PAREPW1,52.96
D,DISPATCH,UNIT_SCADA,1,"2022/10/20 02:25:00",PARSF1,0.001530
D,DISPATCH,UNIT_SCADA,1,"2022/10/20 02:25:00",POAT110,0
D,DISPATCH,UNIT_SCADA,1,"2022/10/20 02:25:00",POAT220,0
D,DISPATCH,UNIT_SCADA,1,"2022/10/20 02:25:00",POR01,0
D,DISPATCH,UNIT_SCADA,1,"2022/10/20 02:25:00",POR03,0
D,DISPATCH,UNIT_SCADA,1,"2022/10/20 02:25:00",PPCCGT,124.561540
D,DISPATCH,UNIT_SCADA,1,"2022/10/20 02:25:00",PTSTAN1,0
D,DISPATCH,UNIT_SCADA,1,"2022/10/20 02:25:00",PUMP1,0
D,DISPATCH,UNIT_SCADA,1,"2022/10/20 02:25:00",PUMP2,0
D,DISPATCH,UNIT_SCADA,1,"2022/10/20 02:25:00",QBYNBG1,0
D,DISPATCH,UNIT_SCADA,1,"2022/10/20 02:25:00",QBYNBL1,0.0005
D,DISPATCH,UNIT_SCADA,1,"2022/10/20 02:25:00",QPS1,0
D,DISPATCH,UNIT_SCADA,1,"2022/10/20 02:25:00",QPS2,0
D,DISPATCH,UNIT_SCADA,1,"2022/10/20 02:25:00",QPS3,0
D,DISPATCH,UNIT_SCADA,1,"2022/10/20 02:25:00",QPS4,0
D,DISPATCH,UNIT_SCADA,1,"2022/10/20 02:25:00",QPS5,74.90
D,DISPATCH,UNIT_SCADA,1,"2022/10/20 02:25:00",REECE1,0
D,DISPATCH,UNIT_SCADA,1,"2022/10/20 02:25:00",REECE2,0
D,DISPATCH,UNIT_SCADA,1,"2022/10/20 02:25:00",ROMA_7,0
D,DISPATCH,UNIT_SCADA,1,"2022/10/20 02:25:00",ROMA_8,0
D,DISPATCH,UNIT_SCADA,1,"2022/10/20 02:25:00",RRSF1,0
D,DISPATCH,UNIT_SCADA,1,"2022/10/20 02:25:00",RT_NSW1,0
D,DISPATCH,UNIT_SCADA,1,"2022/10/20 02:25:00",RT_NSW2,0
D,DISPATCH,UNIT_SCADA,1,"2022/10/20 02:25:00",RT_NSW3,0
D,DISPATCH,UNIT_SCADA,1,"2022/10/20 02:25:00",RT_NSW4,0
D,DISPATCH,UNIT_SCADA,1,"2022/10/20 02:25:00",RT_NSW5,0
D,DISPATCH,UNIT_SCADA,1,"2022/10/20 02:25:00",RT_NSW6,0
D,DISPATCH,UNIT_SCADA,1,"2022/10/20 02:25:00",RT_QLD1,0
D,DISPATCH,UNIT_SCADA,1,"2022/10/20 02:25:00",RT_SA1,0
D,DISPATCH,UNIT_SCADA,1,"2022/10/20 02:25:00",RT_SA2,0
D,DISPATCH,UNIT_SCADA,1,"2022/10/20 02:25:00",RT_SA3,0
D,DISPATCH,UNIT_SCADA,1,"2022/10/20 02:25:00",RT_SA4,0
D,DISPATCH,UNIT_SCADA,1,"2022/10/20 02:25:00",RT_SA5,0
D,DISPATCH,UNIT_SCADA,1,"2022/10/20 02:25:00",RT_SA6,0
D,DISPATCH,UNIT_SCADA,1,"2022/10/20 02:25:00",RT_TAS1,0
D,DISPATCH,UNIT_SCADA,1,"2022/10/20 02:25:00",RT_VIC1,0
D,DISPATCH,UNIT_SCADA,1,"2022/10/20 02:25:00",RT_VIC10,0
D,DISPATCH,UNIT_SCADA,1,"2022/10/20 02:25:00",RT_VIC11,0
D,DISPATCH,UNIT_SCADA,1,"2022/10/20 02:25:00",RT_VIC12,0
D,DISPATCH,UNIT_SCADA,1,"2022/10/20 02:25:00",RT_VIC2,0
D,DISPATCH,UNIT_SCADA,1,"2022/10/20 02:25:00",RT_VIC3,0
D,DISPATCH,UNIT_SCADA,1,"2022/10/20 02:25:00",RT_VIC4,0
D,DISPATCH,UNIT_SCADA,1,"2022/10/20 02:25:00",RT_VIC5,0
D,DISPATCH,UNIT_SCADA,1,"2022/10/20 02:25:00",RT_VIC6,0
D,DISPATCH,UNIT_SCADA,1,"2022/10/20 02:25:00",RT_VIC7,0
D,DISPATCH,UNIT_SCADA,1,"2022/10/20 02:25:00",RT_VIC8,0
D,DISPATCH,UNIT_SCADA,1,"2022/10/20 02:25:00",RT_VIC9,0
D,DISPATCH,UNIT_SCADA,1,"2022/10/20 02:25:00",RUGBYR1,0
D,DISPATCH,UNIT_SCADA,1,"2022/10/20 02:25:00",SALTCRK1,18
D,DISPATCH,UNIT_SCADA,1,"2022/10/20 02:25:00",SAPHWF1,166.440830
D,DISPATCH,UNIT_SCADA,1,"2022/10/20 02:25:00",SEBSF1,0
D,DISPATCH,UNIT_SCADA,1,"2022/10/20 02:25:00",SHGEN,0
D,DISPATCH,UNIT_SCADA,1,"2022/10/20 02:25:00",SHPUMP,0
D,DISPATCH,UNIT_SCADA,1,"2022/10/20 02:25:00",SITHE01,0.133760
D,DISPATCH,UNIT_SCADA,1,"2022/10/20 02:25:00",SMCSF1,0
D,DISPATCH,UNIT_SCADA,1,"2022/10/20 02:25:00",SNAPPER1,0
D,DISPATCH,UNIT_SCADA,1,"2022/10/20 02:25:00",SNOWNTH1,130.400010
D,DISPATCH,UNIT_SCADA,1,"2022/10/20 02:25:00",SNOWSTH1,113.80
D,DISPATCH,UNIT_SCADA,1,"2022/10/20 02:25:00",SNOWTWN1,90.689060
D,DISPATCH,UNIT_SCADA,1,"2022/10/20 02:25:00",SNOWYP,0
D,DISPATCH,UNIT_SCADA,1,"2022/10/20 02:25:00",SNUG1,0
D,DISPATCH,UNIT_SCADA,1,"2022/10/20 02:25:00",SRSF1,0
D,DISPATCH,UNIT_SCADA,1,"2022/10/20 02:25:00",STAN-1,278.966610
D,DISPATCH,UNIT_SCADA,1,"2022/10/20 02:25:00",STAN-2,364.051150
D,DISPATCH,UNIT_SCADA,1,"2022/10/20 02:25:00",STAN-3,364.192140
D,DISPATCH,UNIT_SCADA,1,"2022/10/20 02:25:00",STAN-4,362.654020
D,DISPATCH,UNIT_SCADA,1,"2022/10/20 02:25:00",STARHLWF,6.098220
D,DISPATCH,UNIT_SCADA,1,"2022/10/20 02:25:00",STOCKYD1,216.48
D,DISPATCH,UNIT_SCADA,1,"2022/10/20 02:25:00",STWF1,114.243070
D,DISPATCH,UNIT_SCADA,1,"2022/10/20 02:25:00",SUNRSF1,0
D,DISPATCH,UNIT_SCADA,1,"2022/10/20 02:25:00",SUNTPSF1,0
D,DISPATCH,UNIT_SCADA,1,"2022/10/20 02:25:00",SWAN_E,243.853760
D,DISPATCH,UNIT_SCADA,1,"2022/10/20 02:25:00",TALWA1,0
D,DISPATCH,UNIT_SCADA,1,"2022/10/20 02:25:00",TARALGA1,0
D,DISPATCH,UNIT_SCADA,1,"2022/10/20 02:25:00",TARONG#1,279
D,DISPATCH,UNIT_SCADA,1,"2022/10/20 02:25:00",TARONG#2,278.50
D,DISPATCH,UNIT_SCADA,1,"2022/10/20 02:25:00",TARONG#3,0.90
D,DISPATCH,UNIT_SCADA,1,"2022/10/20 02:25:00",TARONG#4,189.600010
D,DISPATCH,UNIT_SCADA,1,"2022/10/20 02:25:00",TARRALEA,54
D,DISPATCH,UNIT_SCADA,1,"2022/10/20 02:25:00",TBSF1,0
D,DISPATCH,UNIT_SCADA,1,"2022/10/20 02:25:00",TNPS1,300.0625
D,DISPATCH,UNIT_SCADA,1,"2022/10/20 02:25:00",TORRB1,0
D,DISPATCH,UNIT_SCADA,1,"2022/10/20 02:25:00",TORRB2,40
D,DISPATCH,UNIT_SCADA,1,"2022/10/20 02:25:00",TORRB3,0
D,DISPATCH,UNIT_SCADA,1,"2022/10/20 02:25:00",TORRB4,0
D,DISPATCH,UNIT_SCADA,1,"2022/10/20 02:25:00",TREVALLN,99.944840
D,DISPATCH,UNIT_SCADA,1,"2022/10/20 02:25:00",TRIBUTE,0
D,DISPATCH,UNIT_SCADA,1,"2022/10/20 02:25:00",TUMUT3,0
D,DISPATCH,UNIT_SCADA,1,"2022/10/20 02:25:00",TUNGATIN,3.300020
D,DISPATCH,UNIT_SCADA,1,"2022/10/20 02:25:00",TVCC201,0
D,DISPATCH,UNIT_SCADA,1,"2022/10/20 02:25:00",TVPP104,0
D,DISPATCH,UNIT_SCADA,1,"2022/10/20 02:25:00",UPPTUMUT,0
D,DISPATCH,UNIT_SCADA,1,"2022/10/20 02:25:00",URANQ11,0
D,DISPATCH,UNIT_SCADA,1,"2022/10/20 02:25:00",URANQ12,0
D,DISPATCH,UNIT_SCADA,1,"2022/10/20 02:25:00",URANQ13,0
D,DISPATCH,UNIT_SCADA,1,"2022/10/20 02:25:00",URANQ14,0
D,DISPATCH,UNIT_SCADA,1,"2022/10/20 02:25:00",VBBG1,0
D,DISPATCH,UNIT_SCADA,1,"2022/10/20 02:25:00",VBBL1,94.10
D,DISPATCH,UNIT_SCADA,1,"2022/10/20 02:25:00",VP5,554.679990
D,DISPATCH,UNIT_SCADA,1,"2022/10/20 02:25:00",VP6,550.2121
D,DISPATCH,UNIT_SCADA,1,"2022/10/20 02:25:00",VPGS1,0
D,DISPATCH,UNIT_SCADA,1,"2022/10/20 02:25:00",VPGS2,0
D,DISPATCH,UNIT_SCADA,1,"2022/10/20 02:25:00",VPGS3,0
D,DISPATCH,UNIT_SCADA,1,"2022/10/20 02:25:00",VPGS4,0
D,DISPATCH,UNIT_SCADA,1,"2022/10/20 02:25:00",VPGS5,0
D,DISPATCH,UNIT_SCADA,1,"2022/10/20 02:25:00",VPGS6,0
D,DISPATCH,UNIT_SCADA,1,"2022/10/20 02:25:00",W/HOE#1,0
D,DISPATCH,UNIT_SCADA,1,"2022/10/20 02:25:00",W/HOE#2,0
D,DISPATCH,UNIT_SCADA,1,"2022/10/20 02:25:00",WAGGNSF1,0
D,DISPATCH,UNIT_SCADA,1,"2022/10/20 02:25:00",WALGRVG1,0.010240
D,DISPATCH,UNIT_SCADA,1,"2022/10/20 02:25:00",WALGRVL1,0
D,DISPATCH,UNIT_SCADA,1,"2022/10/20 02:25:00",WANDBG1,0
D,DISPATCH,UNIT_SCADA,1,"2022/10/20 02:25:00",WANDBL1,0
D,DISPATCH,UNIT_SCADA,1,"2022/10/20 02:25:00",WARWSF1,0
D,DISPATCH,UNIT_SCADA,1,"2022/10/20 02:25:00",WARWSF2,0
D,DISPATCH,UNIT_SCADA,1,"2022/10/20 02:25:00",WATERLWF,65.60
D,DISPATCH,UNIT_SCADA,1,"2022/10/20 02:25:00",WDGPH1,0
D,DISPATCH,UNIT_SCADA,1,"2022/10/20 02:25:00",WELLSF1,0
D,DISPATCH,UNIT_SCADA,1,"2022/10/20 02:25:00",WEMENSF1,0
D,DISPATCH,UNIT_SCADA,1,"2022/10/20 02:25:00",WGWF1,115.60
D,DISPATCH,UNIT_SCADA,1,"2022/10/20 02:25:00",WHITSF1,0
D,DISPATCH,UNIT_SCADA,1,"2022/10/20 02:25:00",WINTSF1,0
D,DISPATCH,UNIT_SCADA,1,"2022/10/20 02:25:00",WKIEWA1,33.90
D,DISPATCH,UNIT_SCADA,1,"2022/10/20 02:25:00",WKIEWA2,34
D,DISPATCH,UNIT_SCADA,1,"2022/10/20 02:25:00",WOODLWN1,9.329730
D,DISPATCH,UNIT_SCADA,1,"2022/10/20 02:25:00",WOOLGSF1,0
D,DISPATCH,UNIT_SCADA,1,"2022/10/20 02:25:00",WPWF,81.16
D,DISPATCH,UNIT_SCADA,1,"2022/10/20 02:25:00",WRSF1,0
D,DISPATCH,UNIT_SCADA,1,"2022/10/20 02:25:00",WRWF1,45.261310
D,DISPATCH,UNIT_SCADA,1,"2022/10/20 02:25:00",WSTWYSF1,0
D,DISPATCH,UNIT_SCADA,1,"2022/10/20 02:25:00",YABULU,0
D,DISPATCH,UNIT_SCADA,1,"2022/10/20 02:25:00",YABULU2,0
D,DISPATCH,UNIT_SCADA,1,"2022/10/20 02:25:00",YARANSF1,0
D,DISPATCH,UNIT_SCADA,1,"2022/10/20 02:25:00",YARWUN_1,159.80
D,DISPATCH,UNIT_SCADA,1,"2022/10/20 02:25:00",YATSF1,0
D,DISPATCH,UNIT_SCADA,1,"2022/10/20 02:25:00",YENDWF1,35.63
D,DISPATCH,UNIT_SCADA,1,"2022/10/20 02:25:00",YWPS1,364.911410
D,DISPATCH,UNIT_SCADA,1,"2022/10/20 02:25:00",YWPS2,359.397460
D,DISPATCH,UNIT_SCADA,1,"2022/10/20 02:25:00",YWPS3,360.517730
D,DISPATCH,UNIT_SCADA,1,"2022/10/20 02:25:00",YWPS4,0
C,"END OF REPORT",419
