C,NEMP.WORLD,DISPATCHSCADA,AEMO,PUBLIC,2022/10/20,01:15:09,0000000373219015,DISPATCHSCADA,0000000373219009
I,DISPATCH,UNIT_SCADA,1,SETTLEMENTDATE,DUID,SCADAVALUE
D,DISPATCH,UNIT_SCADA,1,"2022/10/20 01:20:00",BARCSF1,0.10
D,DISPATCH,UNIT_SCADA,1,"2022/10/20 01:20:00",BUTLERSG,8.699999
D,DISPATCH,UNIT_SCADA,1,"2022/10/20 01:20:00",CAPTL_WF,25.949615
D,DISPATCH,UNIT_SCADA,1,"2022/10/20 01:20:00",CHALLHWF,22.700001
D,DISPATCH,UNIT_SCADA,1,"2022/10/20 01:20:00",CLOVER,13.45
D,DISPATCH,UNIT_SCADA,1,"2022/10/20 01:20:00",CLUNY,6.205081
D,DISPATCH,UNIT_SCADA,1,"2022/10/20 01:20:00",CULLRGWF,0
D,DISPATCH,UNIT_SCADA,1,"2022/10/20 01:20:00",DIAPURWF1,7.30
D,DISPATCH,UNIT_SCADA,1,"2022/10/20 01:20:00",ERGT01,0
D,DISPATCH,UNIT_SCADA,1,"2022/10/20 01:20:00",GB01,0
D,DISPATCH,UNIT_SCADA,1,"2022/10/20 01:20:00",GERMCRK,20
D,DISPATCH,UNIT_SCADA,1,"2022/10/20 01:20:00",GRIFSF1,0.001526
D,DISPATCH,UNIT_SCADA,1,"2022/10/20 01:20:00",HEZ1,0
D,DISPATCH,UNIT_SCADA,1,"2022/10/20 01:20:00",HUGSF1,-0.1740
D,DISPATCH,UNIT_SCADA,1,"2022/10/20 01:20:00",KEPBG1,0.02
D,DISPATCH,UNIT_SCADA,1,"2022/10/20 01:20:00",LRSF1,0.0240
D,DISPATCH,UNIT_SCADA,1,"2022/10/20 01:20:00",MBAHNTH,50.324997
D,DISPATCH,UNIT_SCADA,1,"2022/10/20 01:20:00",MLSP1,0
D,DISPATCH,UNIT_SCADA,1,"2022/10/20 01:20:00",MLWF1,1.38
D,DISPATCH,UNIT_SCADA,1,"2022/10/20 01:20:00",PALOONA,30.49
D,DISPATCH,UNIT_SCADA,1,"2022/10/20 01:20:00",PIONEER,43
D,DISPATCH,UNIT_SCADA,1,"2022/10/20 01:20:00",PORTWF,28.10
D,DISPATCH,UNIT_SCADA,1,"2022/10/20 01:20:00",REPULSE,9.486839
D,DISPATCH,UNIT_SCADA,1,"2022/10/20 01:20:00",ROWALLAN,8.9318
D,DISPATCH,UNIT_SCADA,1,"2022/10/20 01:20:00",ROYALLA1,0
D,DISPATCH,UNIT_SCADA,1,"2022/10/20 01:20:00",RPCG,-1.20
D,DISPATCH,UNIT_SCADA,1,"2022/10/20 01:20:00",RUBICON,0
D,DISPATCH,UNIT_SCADA,1,"2022/10/20 01:20:00",WAUBRAWF,123.9860
D,DISPATCH,UNIT_SCADA,1,"2022/10/20 01:20:00",WOOLNTH1,14.94
D,DISPATCH,UNIT_SCADA,1,"2022/10/20 01:20:00",YAMBUKWF,2.10
D,DISPATCH,UNIT_SCADA,1,"2022/10/20 01:20:00",YSWF1,1.20
D,DISPATCH,UNIT_SCADA,1,"2022/10/20 01:20:00",ADPBA1G,0.0080
D,DISPATCH,UNIT_SCADA,1,"2022/10/20 01:20:00",ADPBA1L,0
D,DISPATCH,UNIT_SCADA,1,"2022/10/20 01:20:00",ADPPV1,0
D,DISPATCH,UNIT_SCADA,1,"2022/10/20 01:20:00",AGLHAL,0
D,DISPATCH,UNIT_SCADA,1,"2022/10/20 01:20:00",AGLSOM,0
D,DISPATCH,UNIT_SCADA,1,"2022/10/20 01:20:00",ANGAST1,0
D,DISPATCH,UNIT_SCADA,1,"2022/10/20 01:20:00",ARWF1,40.80
D,DISPATCH,UNIT_SCADA,1,"2022/10/20 01:20:00",BALBG1,0
D,DISPATCH,UNIT_SCADA,1,"2022/10/20 01:20:00",BALBL1,0
D,DISPATCH,UNIT_SCADA,1,"2022/10/20 01:20:00",BALDHWF1,0
D,DISPATCH,UNIT_SCADA,1,"2022/10/20 01:20:00",BANGOWF1,38.796980
D,DISPATCH,UNIT_SCADA,1,"2022/10/20 01:20:00",BANGOWF2,47.399480
D,DISPATCH,UNIT_SCADA,1,"2022/10/20 01:20:00",BANN1,0
D,DISPATCH,UNIT_SCADA,1,"2022/10/20 01:20:00",BARCALDN,0
D,DISPATCH,UNIT_SCADA,1,"2022/10/20 01:20:00",BARKIPS1,0
D,DISPATCH,UNIT_SCADA,1,"2022/10/20 01:20:00",BARRON-1,0
D,DISPATCH,UNIT_SCADA,1,"2022/10/20 01:20:00",BARRON-2,0
D,DISPATCH,UNIT_SCADA,1,"2022/10/20 01:20:00",BASTYAN,0
D,DISPATCH,UNIT_SCADA,1,"2022/10/20 01:20:00",BBTHREE1,0
D,DISPATCH,UNIT_SCADA,1,"2022/10/20 01:20:00",BBTHREE2,0
D,DISPATCH,UNIT_SCADA,1,"2022/10/20 01:20:00",BBTHREE3,0
D,DISPATCH,UNIT_SCADA,1,"2022/10/20 01:20:00",BDL01,0
D,DISPATCH,UNIT_SCADA,1,"2022/10/20 01:20:00",BDL02,0
D,DISPATCH,UNIT_SCADA,1,"2022/10/20 01:20:00",BERYLSF1,0
D,DISPATCH,UNIT_SCADA,1,"2022/10/20 01:20:00",BLOWERNG,62.60
D,DISPATCH,UNIT_SCADA,1,"2022/10/20 01:20:00",BLUEGSF1,0
D,DISPATCH,UNIT_SCADA,1,"2022/10/20 01:20:00",BLUFF1,13.80
D,DISPATCH,UNIT_SCADA,1,"2022/10/20 01:20:00",BNGSF1,0
D,DISPATCH,UNIT_SCADA,1,"2022/10/20 01:20:00",BNGSF2,0
D,DISPATCH,UNIT_SCADA,1,"2022/10/20 01:20:00",BOCORWF1,5.99
D,DISPATCH,UNIT_SCADA,1,"2022/10/20 01:20:00",BODWF1,81.202770
D,DISPATCH,UNIT_SCADA,1,"2022/10/20 01:20:00",BOMENSF1,0
D,DISPATCH,UNIT_SCADA,1,"2022/10/20 01:20:00",BOWWBA1G,0
D,DISPATCH,UNIT_SCADA,1,"2022/10/20 01:20:00",BOWWBA1L,0.0010
D,DISPATCH,UNIT_SCADA,1,"2022/10/20 01:20:00",BOWWPV1,0
D,DISPATCH,UNIT_SCADA,1,"2022/10/20 01:20:00",BRAEMAR1,0
D,DISPATCH,UNIT_SCADA,1,"2022/10/20 01:20:00",BRAEMAR2,0
D,DISPATCH,UNIT_SCADA,1,"2022/10/20 01:20:00",BRAEMAR3,0
D,DISPATCH,UNIT_SCADA,1,"2022/10/20 01:20:00",BRAEMAR5,0.292060
D,DISPATCH,UNIT_SCADA,1,"2022/10/20 01:20:00",BRAEMAR6,0
D,DISPATCH,UNIT_SCADA,1,"2022/10/20 01:20:00",BRAEMAR7,0.130920
D,DISPATCH,UNIT_SCADA,1,"2022/10/20 01:20:00",BROKENH1,0
D,DISPATCH,UNIT_SCADA,1,"2022/10/20 01:20:00",BRYB1WF1,91.343560
D,DISPATCH,UNIT_SCADA,1,"2022/10/20 01:20:00",BULBESG1,0
D,DISPATCH,UNIT_SCADA,1,"2022/10/20 01:20:00",BULBESL1,0.03
D,DISPATCH,UNIT_SCADA,1,"2022/10/20 01:20:00",BULGANA1,56.10
D,DISPATCH,UNIT_SCADA,1,"2022/10/20 01:20:00",BW01,448.163570
D,DISPATCH,UNIT_SCADA,1,"2022/10/20 01:20:00",BW02,443.329530
D,DISPATCH,UNIT_SCADA,1,"2022/10/20 01:20:00",BW03,443.964290
D,DISPATCH,UNIT_SCADA,1,"2022/10/20 01:20:00",BW04,0
D,DISPATCH,UNIT_SCADA,1,"2022/10/20 01:20:00",CALL_B_1,320.899990
D,DISPATCH,UNIT_SCADA,1,"2022/10/20 01:20:00",CALL_B_2,321.899990
D,DISPATCH,UNIT_SCADA,1,"2022/10/20 01:20:00",CATHROCK,4.90
D,DISPATCH,UNIT_SCADA,1,"2022/10/20 01:20:00",CBWWBA1G,0
D,DISPATCH,UNIT_SCADA,1,"2022/10/20 01:20:00",CBWWBA1L,0
D,DISPATCH,UNIT_SCADA,1,"2022/10/20 01:20:00",CETHANA,97.885120
D,DISPATCH,UNIT_SCADA,1,"2022/10/20 01:20:00",CG1,0
D,DISPATCH,UNIT_SCADA,1,"2022/10/20 01:20:00",CG2,0
D,DISPATCH,UNIT_SCADA,1,"2022/10/20 01:20:00",CG3,0
D,DISPATCH,UNIT_SCADA,1,"2022/10/20 01:20:00",CG4,0
D,DISPATCH,UNIT_SCADA,1,"2022/10/20 01:20:00",CHILDSF1,0
D,DISPATCH,UNIT_SCADA,1,"2022/10/20 01:20:00",CHYTWF1,20.02
D,DISPATCH,UNIT_SCADA,1,"2022/10/20 01:20:00",CLARESF1,0
D,DISPATCH,UNIT_SCADA,1,"2022/10/20 01:20:00",CLEMGPWF,41.852330
D,DISPATCH,UNIT_SCADA,1,"2022/10/20 01:20:00",CLERMSF1,0
D,DISPATCH,UNIT_SCADA,1,"2022/10/20 01:20:00",CNUNDAWF,15.918570
D,DISPATCH,UNIT_SCADA,1,"2022/10/20 01:20:00",COHUNSF1,0
D,DISPATCH,UNIT_SCADA,1,"2022/10/20 01:20:00",COLEASF1,0
D,DISPATCH,UNIT_SCADA,1,"2022/10/20 01:20:00",COLUMSF1,0
D,DISPATCH,UNIT_SCADA,1,"2022/10/20 01:20:00",COLWF01,113.617150
D,DISPATCH,UNIT_SCADA,1,"2022/10/20 01:20:00",COOPGWF1,378.12
D,DISPATCH,UNIT_SCADA,1,"2022/10/20 01:20:00",CPP_3,361.075010
D,DISPATCH,UNIT_SCADA,1,"2022/10/20 01:20:00",CPP_4,0
D,DISPATCH,UNIT_SCADA,1,"2022/10/20 01:20:00",CPSA,0
D,DISPATCH,UNIT_SCADA,1,"2022/10/20 01:20:00",CROOKWF2,16.255740
D,DISPATCH,UNIT_SCADA,1,"2022/10/20 01:20:00",CROWLWF1,50.825210
D,DISPATCH,UNIT_SCADA,1,"2022/10/20 01:20:00",CRURWF1,24.698790
D,DISPATCH,UNIT_SCADA,1,"2022/10/20 01:20:00",CRWASF1,0
D,DISPATCH,UNIT_SCADA,1,"2022/10/20 01:20:00",CSPVPS1,0
D,DISPATCH,UNIT_SCADA,1,"2022/10/20 01:20:00",CTHLWF1,0.003050
D,DISPATCH,UNIT_SCADA,1,"2022/10/20 01:20:00",DALNTH01,0
D,DISPATCH,UNIT_SCADA,1,"2022/10/20 01:20:00",DALNTHL1,0.117490
D,DISPATCH,UNIT_SCADA,1,"2022/10/20 01:20:00",DARLSF1,0
D,DISPATCH,UNIT_SCADA,1,"2022/10/20 01:20:00",DARTM1,0
D,DISPATCH,UNIT_SCADA,1,"2022/10/20 01:20:00",DAYDSF1,0
D,DISPATCH,UNIT_SCADA,1,"2022/10/20 01:20:00",DDPS1,0
D,DISPATCH,UNIT_SCADA,1,"2022/10/20 01:20:00",DDSF1,0
D,DISPATCH,UNIT_SCADA,1,"2022/10/20 01:20:00",DEVILS_G,55.243390
D,DISPATCH,UNIT_SCADA,1,"2022/10/20 01:20:00",DG_NSW1,0
D,DISPATCH,UNIT_SCADA,1,"2022/10/20 01:20:00",DG_QLD1,0
D,DISPATCH,UNIT_SCADA,1,"2022/10/20 01:20:00",DG_SA1,0
D,DISPATCH,UNIT_SCADA,1,"2022/10/20 01:20:00",DG_TAS1,0
D,DISPATCH,UNIT_SCADA,1,"2022/10/20 01:20:00",DG_VIC1,0
D,DISPATCH,UNIT_SCADA,1,"2022/10/20 01:20:00",DRYCGT1,0
D,DISPATCH,UNIT_SCADA,1,"2022/10/20 01:20:00",DRYCGT2,0
D,DISPATCH,UNIT_SCADA,1,"2022/10/20 01:20:00",DRYCGT3,0
D,DISPATCH,UNIT_SCADA,1,"2022/10/20 01:20:00",DUNDWF1,65.82
D,DISPATCH,UNIT_SCADA,1,"2022/10/20 01:20:00",DUNDWF2,19.02
D,DISPATCH,UNIT_SCADA,1,"2022/10/20 01:20:00",DUNDWF3,45.22
D,DISPATCH,UNIT_SCADA,1,"2022/10/20 01:20:00",EILDON1,60.12
D,DISPATCH,UNIT_SCADA,1,"2022/10/20 01:20:00",EILDON2,59.84
D,DISPATCH,UNIT_SCADA,1,"2022/10/20 01:20:00",ELAINWF1,36.97
D,DISPATCH,UNIT_SCADA,1,"2022/10/20 01:20:00",EMERASF1,0
D,DISPATCH,UNIT_SCADA,1,"2022/10/20 01:20:00",ER01,0
D,DISPATCH,UNIT_SCADA,1,"2022/10/20 01:20:00",ER02,414.984340
D,DISPATCH,UNIT_SCADA,1,"2022/10/20 01:20:00",ER03,414.984340
D,DISPATCH,UNIT_SCADA,1,"2022/10/20 01:20:00",ER04,414.154270
D,DISPATCH,UNIT_SCADA,1,"2022/10/20 01:20:00",FINLYSF1,0
D,DISPATCH,UNIT_SCADA,1,"2022/10/20 01:20:00",FISHER,32.32
D,DISPATCH,UNIT_SCADA,1,"2022/10/20 01:20:00",GANGARR1,0
D,DISPATCH,UNIT_SCADA,1,"2022/10/20 01:20:00",GANNBG1,0
D,DISPATCH,UNIT_SCADA,1,"2022/10/20 01:20:00",GANNBL1,5.649250
D,DISPATCH,UNIT_SCADA,1,"2022/10/20 01:20:00",GANNSF1,0
D,DISPATCH,UNIT_SCADA,1,"2022/10/20 01:20:00",GLRWNSF1,0
D,DISPATCH,UNIT_SCADA,1,"2022/10/20 01:20:00",GNNDHSF1,0
D,DISPATCH,UNIT_SCADA,1,"2022/10/20 01:20:00",GOONSF1,0
D,DISPATCH,UNIT_SCADA,1,"2022/10/20 01:20:00",GORDON,200.525220
D,DISPATCH,UNIT_SCADA,1,"2022/10/20 01:20:00",GRANWF1,0
D,DISPATCH,UNIT_SCADA,1,"2022/10/20 01:20:00",GSTONE1,168
D,DISPATCH,UNIT_SCADA,1,"2022/10/20 01:20:00",GSTONE2,0
D,DISPATCH,UNIT_SCADA,1,"2022/10/20 01:20:00",GSTONE3,200.3750
D,DISPATCH,UNIT_SCADA,1,"2022/10/20 01:20:00",GSTONE4,0
D,DISPATCH,UNIT_SCADA,1,"2022/10/20 01:20:00",GSTONE5,202.1250
D,DISPATCH,UNIT_SCADA,1,"2022/10/20 01:20:00",GSTONE6,202.474990
D,DISPATCH,UNIT_SCADA,1,"2022/10/20 01:20:00",GULLRSF1,0
D,DISPATCH,UNIT_SCADA,1,"2022/10/20 01:20:00",GULLRWF1,69.883940
D,DISPATCH,UNIT_SCADA,1,"2022/10/20 01:20:00",GULLRWF2,90.252350
D,DISPATCH,UNIT_SCADA,1,"2022/10/20 01:20:00",GUNNING1,0
D,DISPATCH,UNIT_SCADA,1,"2022/10/20 01:20:00",GUTHEGA,67.80
D,DISPATCH,UNIT_SCADA,1,"2022/10/20 01:20:00",HALLWF1,76.68
D,DISPATCH,UNIT_SCADA,1,"2022/10/20 01:20:00",HALLWF2,52.29
D,DISPATCH,UNIT_SCADA,1,"2022/10/20 01:20:00",HAMISF1,0
D,DISPATCH,UNIT_SCADA,1,"2022/10/20 01:20:00",HAUGHT11,0
D,DISPATCH,UNIT_SCADA,1,"2022/10/20 01:20:00",HAYMSF1,0
D,DISPATCH,UNIT_SCADA,1,"2022/10/20 01:20:00",HDWF1,89.50
D,DISPATCH,UNIT_SCADA,1,"2022/10/20 01:20:00",HDWF2,76.20
D,DISPATCH,UNIT_SCADA,1,"2022/10/20 01:20:00",HDWF3,83.60
D,DISPATCH,UNIT_SCADA,1,"2022/10/20 01:20:00",HILLSTN1,0
D,DISPATCH,UNIT_SCADA,1,"2022/10/20 01:20:00",HPRG1,0.80
D,DISPATCH,UNIT_SCADA,1,"2022/10/20 01:20:00",HPRL1,0
D,DISPATCH,UNIT_SCADA,1,"2022/10/20 01:20:00",HUMENSW,53.992260
D,DISPATCH,UNIT_SCADA,1,"2022/10/20 01:20:00",HUMEV,0
D,DISPATCH,UNIT_SCADA,1,"2022/10/20 01:20:00",HVWWBA1G,0
D,DISPATCH,UNIT_SCADA,1,"2022/10/20 01:20:00",HVWWBA1L,0.0070
D,DISPATCH,UNIT_SCADA,1,"2022/10/20 01:20:00",HVWWPV1,0
D,DISPATCH,UNIT_SCADA,1,"2022/10/20 01:20:00",JBUTTERS,0
D,DISPATCH,UNIT_SCADA,1,"2022/10/20 01:20:00",JEMALNG1,0
D,DISPATCH,UNIT_SCADA,1,"2022/10/20 01:20:00",JLA01,0
D,DISPATCH,UNIT_SCADA,1,"2022/10/20 01:20:00",JLA02,0
D,DISPATCH,UNIT_SCADA,1,"2022/10/20 01:20:00",JLA03,0
D,DISPATCH,UNIT_SCADA,1,"2022/10/20 01:20:00",JLA04,0
D,DISPATCH,UNIT_SCADA,1,"2022/10/20 01:20:00",JLB01,0
D,DISPATCH,UNIT_SCADA,1,"2022/10/20 01:20:00",JLB02,0.10
D,DISPATCH,UNIT_SCADA,1,"2022/10/20 01:20:00",JLB03,0
D,DISPATCH,UNIT_SCADA,1,"2022/10/20 01:20:00",JUNEESF1,0
D,DISPATCH,UNIT_SCADA,1,"2022/10/20 01:20:00",KABANWF1,0.2340
D,DISPATCH,UNIT_SCADA,1,"2022/10/20 01:20:00",KAREEYA1,0
D,DISPATCH,UNIT_SCADA,1,"2022/10/20 01:20:00",KAREEYA2,0
D,DISPATCH,UNIT_SCADA,1,"2022/10/20 01:20:00",KAREEYA3,21.5825
D,DISPATCH,UNIT_SCADA,1,"2022/10/20 01:20:00",KAREEYA4,0
D,DISPATCH,UNIT_SCADA,1,"2022/10/20 01:20:00",KARSF1,0
D,DISPATCH,UNIT_SCADA,1,"2022/10/20 01:20:00",KEPSF1,0
D,DISPATCH,UNIT_SCADA,1,"2022/10/20 01:20:00",KEPWF1,0.11
D,DISPATCH,UNIT_SCADA,1,"2022/10/20 01:20:00",KIAMSF1,0
D,DISPATCH,UNIT_SCADA,1,"2022/10/20 01:20:00",KIATAWF1,30.90
D,DISPATCH,UNIT_SCADA,1,"2022/10/20 01:20:00",KPP_1,0
D,DISPATCH,UNIT_SCADA,1,"2022/10/20 01:20:00",KSP1,0
D,DISPATCH,UNIT_SCADA,1,"2022/10/20 01:20:00",LADBROK1,0.02
D,DISPATCH,UNIT_SCADA,1,"2022/10/20 01:20:00",LADBROK2,38.27
D,DISPATCH,UNIT_SCADA,1,"2022/10/20 01:20:00",LBBG1,0
D,DISPATCH,UNIT_SCADA,1,"2022/10/20 01:20:00",LBBL1,10.95
D,DISPATCH,UNIT_SCADA,1,"2022/10/20 01:20:00",LD01,321.964170
D,DISPATCH,UNIT_SCADA,1,"2022/10/20 01:20:00",LD02,0
D,DISPATCH,UNIT_SCADA,1,"2022/10/20 01:20:00",LD04,322.733250
D,DISPATCH,UNIT_SCADA,1,"2022/10/20 01:20:00",LEM_WIL,87.287720
D,DISPATCH,UNIT_SCADA,1,"2022/10/20 01:20:00",LGAPWF1,78.10
D,DISPATCH,UNIT_SCADA,1,"2022/10/20 01:20:00",LGAPWF2,33.28
D,DISPATCH,UNIT_SCADA,1,"2022/10/20 01:20:00",LILYSF1,0
D,DISPATCH,UNIT_SCADA,1,"2022/10/20 01:20:00",LIMOSF11,0
D,DISPATCH,UNIT_SCADA,1,"2022/10/20 01:20:00",LIMOSF21,0
D,DISPATCH,UNIT_SCADA,1,"2022/10/20 01:20:00",LI_WY_CA,56.400080
D,DISPATCH,UNIT_SCADA,1,"2022/10/20 01:20:00",LKBONNY1,0
D,DISPATCH,UNIT_SCADA,1,"2022/10/20 01:20:00",LKBONNY2,28.361210
D,DISPATCH,UNIT_SCADA,1,"2022/10/20 01:20:00",LKBONNY3,5.582210
D,DISPATCH,UNIT_SCADA,1,"2022/10/20 01:20:00",LK_ECHO,0
D,DISPATCH,UNIT_SCADA,1,"2022/10/20 01:20:00",LNGS1,0
D,DISPATCH,UNIT_SCADA,1,"2022/10/20 01:20:00",LNGS2,0
D,DISPATCH,UNIT_SCADA,1,"2022/10/20 01:20:00",LONSDALE,0
D,DISPATCH,UNIT_SCADA,1,"2022/10/20 01:20:00",LOYYB1,442.101260
D,DISPATCH,UNIT_SCADA,1,"2022/10/20 01:20:00",LOYYB2,453.379760
D,DISPATCH,UNIT_SCADA,1,"2022/10/20 01:20:00",LYA1,540
D,DISPATCH,UNIT_SCADA,1,"2022/10/20 01:20:00",LYA2,0
D,DISPATCH,UNIT_SCADA,1,"2022/10/20 01:20:00",LYA3,541
D,DISPATCH,UNIT_SCADA,1,"2022/10/20 01:20:00",LYA4,540
D,DISPATCH,UNIT_SCADA,1,"2022/10/20 01:20:00",MACARTH1,43.3990
D,DISPATCH,UNIT_SCADA,1,"2022/10/20 01:20:00",MACKNTSH,0
D,DISPATCH,UNIT_SCADA,1,"2022/10/20 01:20:00",MANSLR1,0
D,DISPATCH,UNIT_SCADA,1,"2022/10/20 01:20:00",MAPS2PV1,0
D,DISPATCH,UNIT_SCADA,1,"2022/10/20 01:20:00",MAPS3PV1,0
D,DISPATCH,UNIT_SCADA,1,"2022/10/20 01:20:00",MARYRSF1,0
D,DISPATCH,UNIT_SCADA,1,"2022/10/20 01:20:00",MBPS2PV1,0
D,DISPATCH,UNIT_SCADA,1,"2022/10/20 01:20:00",MCKAY1,0.02
D,DISPATCH,UNIT_SCADA,1,"2022/10/20 01:20:00",MEADOWBK,19.777360
D,DISPATCH,UNIT_SCADA,1,"2022/10/20 01:20:00",MERCER01,54.90
D,DISPATCH,UNIT_SCADA,1,"2022/10/20 01:20:00",METZSF1,0
D,DISPATCH,UNIT_SCADA,1,"2022/10/20 01:20:00",MEWF1,5
D,DISPATCH,UNIT_SCADA,1,"2022/10/20 01:20:00",MIDDLSF1,0
D,DISPATCH,UNIT_SCADA,1,"2022/10/20 01:20:00",MINTARO,0.128180
D,DISPATCH,UNIT_SCADA,1,"2022/10/20 01:20:00",MOLNGSF1,0
D,DISPATCH,UNIT_SCADA,1,"2022/10/20 01:20:00",MOORAWF1,42.39
D,DISPATCH,UNIT_SCADA,1,"2022/10/20 01:20:00",MOREESF1,0
D,DISPATCH,UNIT_SCADA,1,"2022/10/20 01:20:00",MORTLK11,0
D,DISPATCH,UNIT_SCADA,1,"2022/10/20 01:20:00",MORTLK12,0
D,DISPATCH,UNIT_SCADA,1,"2022/10/20 01:20:00",MOUSF1,0
D,DISPATCH,UNIT_SCADA,1,"2022/10/20 01:20:00",MP1,0
D,DISPATCH,UNIT_SCADA,1,"2022/10/20 01:20:00",MP2,334.465550
D,DISPATCH,UNIT_SCADA,1,"2022/10/20 01:20:00",MPP_1,78.615910
D,DISPATCH,UNIT_SCADA,1,"2022/10/20 01:20:00",MPP_2,0
D,DISPATCH,UNIT_SCADA,1,"2022/10/20 01:20:00",MRTLSWF1,0
D,DISPATCH,UNIT_SCADA,1,"2022/10/20 01:20:00",MSTUART1,0
D,DISPATCH,UNIT_SCADA,1,"2022/10/20 01:20:00",MSTUART2,0
D,DISPATCH,UNIT_SCADA,1,"2022/10/20 01:20:00",MSTUART3,0
D,DISPATCH,UNIT_SCADA,1,"2022/10/20 01:20:00",MTGELWF1,5.365150
D,DISPATCH,UNIT_SCADA,1,"2022/10/20 01:20:00",MTMILLAR,5.20
D,DISPATCH,UNIT_SCADA,1,"2022/10/20 01:20:00",MURRAY,0
D,DISPATCH,UNIT_SCADA,1,"2022/10/20 01:20:00",MUSSELR1,56.70
D,DISPATCH,UNIT_SCADA,1,"2022/10/20 01:20:00",MUWAWF1,186.98
D,DISPATCH,UNIT_SCADA,1,"2022/10/20 01:20:00",MUWAWF2,184.399990
D,DISPATCH,UNIT_SCADA,1,"2022/10/20 01:20:00",MWPS1PV1,0
D,DISPATCH,UNIT_SCADA,1,"2022/10/20 01:20:00",MWPS2PV1,0
D,DISPATCH,UNIT_SCADA,1,"2022/10/20 01:20:00",MWPS3PV1,0
D,DISPATCH,UNIT_SCADA,1,"2022/10/20 01:20:00",MWPS4PV1,0
D,DISPATCH,UNIT_SCADA,1,"2022/10/20 01:20:00",NBHWF1,117.70
D,DISPATCH,UNIT_SCADA,1,"2022/10/20 01:20:00",NEVERSF1,0
D,DISPATCH,UNIT_SCADA,1,"2022/10/20 01:20:00",NPS,0
D,DISPATCH,UNIT_SCADA,1,"2022/10/20 01:20:00",NUMURSF1,0
D,DISPATCH,UNIT_SCADA,1,"2022/10/20 01:20:00",NYNGAN1,0
D,DISPATCH,UNIT_SCADA,1,"2022/10/20 01:20:00",OAKEY1,0
D,DISPATCH,UNIT_SCADA,1,"2022/10/20 01:20:00",OAKEY1SF,0
D,DISPATCH,UNIT_SCADA,1,"2022/10/20 01:20:00",OAKEY2,0
D,DISPATCH,UNIT_SCADA,1,"2022/10/20 01:20:00",OAKEY2SF,0
D,DISPATCH,UNIT_SCADA,1,"2022/10/20 01:20:00",OAKLAND1,16.10
D,DISPATCH,UNIT_SCADA,1,"2022/10/20 01:20:00",OSB-AG,0
D,DISPATCH,UNIT_SCADA,1,"2022/10/20 01:20:00",PAREPS1,0.0660
D,DISPATCH,UNIT_SCADA,1,"2022/10/20 01:20:00",PAREPW1,16.11
D,DISPATCH,UNIT_SCADA,1,"2022/10/20 01:20:00",PARSF1,0.001530
D,DISPATCH,UNIT_SCADA,1,"2022/10/20 01:20:00",POAT110,0
D,DISPATCH,UNIT_SCADA,1,"2022/10/20 01:20:00",POAT220,0
D,DISPATCH,UNIT_SCADA,1,"2022/10/20 01:20:00",POR01,0
D,DISPATCH,UNIT_SCADA,1,"2022/10/20 01:20:00",POR03,0
D,DISPATCH,UNIT_SCADA,1,"2022/10/20 01:20:00",PPCCGT,176.236540
D,DISPATCH,UNIT_SCADA,1,"2022/10/20 01:20:00",PTSTAN1,0
D,DISPATCH,UNIT_SCADA,1,"2022/10/20 01:20:00",PUMP1,0
D,DISPATCH,UNIT_SCADA,1,"2022/10/20 01:20:00",PUMP2,0
D,DISPATCH,UNIT_SCADA,1,"2022/10/20 01:20:00",QBYNBG1,0.0015
D,DISPATCH,UNIT_SCADA,1,"2022/10/20 01:20:00",QBYNBL1,0
D,DISPATCH,UNIT_SCADA,1,"2022/10/20 01:20:00",QPS1,0
D,DISPATCH,UNIT_SCADA,1,"2022/10/20 01:20:00",QPS2,0
D,DISPATCH,UNIT_SCADA,1,"2022/10/20 01:20:00",QPS3,0
D,DISPATCH,UNIT_SCADA,1,"2022/10/20 01:20:00",QPS4,0
D,DISPATCH,UNIT_SCADA,1,"2022/10/20 01:20:00",QPS5,77.27
D,DISPATCH,UNIT_SCADA,1,"2022/10/20 01:20:00",REECE1,0
D,DISPATCH,UNIT_SCADA,1,"2022/10/20 01:20:00",REECE2,0
D,DISPATCH,UNIT_SCADA,1,"2022/10/20 01:20:00",ROMA_7,0
D,DISPATCH,UNIT_SCADA,1,"2022/10/20 01:20:00",ROMA_8,0
D,DISPATCH,UNIT_SCADA,1,"2022/10/20 01:20:00",RRSF1,0
D,DISPATCH,UNIT_SCADA,1,"2022/10/20 01:20:00",RT_NSW1,0
D,DISPATCH,UNIT_SCADA,1,"2022/10/20 01:20:00",RT_NSW2,0
D,DISPATCH,UNIT_SCADA,1,"2022/10/20 01:20:00",RT_NSW3,0
D,DISPATCH,UNIT_SCADA,1,"2022/10/20 01:20:00",RT_NSW4,0
D,DISPATCH,UNIT_SCADA,1,"2022/10/20 01:20:00",RT_NSW5,0
D,DISPATCH,UNIT_SCADA,1,"2022/10/20 01:20:00",RT_NSW6,0
D,DISPATCH,UNIT_SCADA,1,"2022/10/20 01:20:00",RT_QLD1,0
D,DISPATCH,UNIT_SCADA,1,"2022/10/20 01:20:00",RT_SA1,0
D,DISPATCH,UNIT_SCADA,1,"2022/10/20 01:20:00",RT_SA2,0
D,DISPATCH,UNIT_SCADA,1,"2022/10/20 01:20:00",RT_SA3,0
D,DISPATCH,UNIT_SCADA,1,"2022/10/20 01:20:00",RT_SA4,0
D,DISPATCH,UNIT_SCADA,1,"2022/10/20 01:20:00",RT_SA5,0
D,DISPATCH,UNIT_SCADA,1,"2022/10/20 01:20:00",RT_SA6,0
D,DISPATCH,UNIT_SCADA,1,"2022/10/20 01:20:00",RT_TAS1,0
D,DISPATCH,UNIT_SCADA,1,"2022/10/20 01:20:00",RT_VIC1,0
D,DISPATCH,UNIT_SCADA,1,"2022/10/20 01:20:00",RT_VIC10,0
D,DISPATCH,UNIT_SCADA,1,"2022/10/20 01:20:00",RT_VIC11,0
D,DISPATCH,UNIT_SCADA,1,"2022/10/20 01:20:00",RT_VIC12,0
D,DISPATCH,UNIT_SCADA,1,"2022/10/20 01:20:00",RT_VIC2,0
D,DISPATCH,UNIT_SCADA,1,"2022/10/20 01:20:00",RT_VIC3,0
D,DISPATCH,UNIT_SCADA,1,"2022/10/20 01:20:00",RT_VIC4,0
D,DISPATCH,UNIT_SCADA,1,"2022/10/20 01:20:00",RT_VIC5,0
D,DISPATCH,UNIT_SCADA,1,"2022/10/20 01:20:00",RT_VIC6,0
D,DISPATCH,UNIT_SCADA,1,"2022/10/20 01:20:00",RT_VIC7,0
D,DISPATCH,UNIT_SCADA,1,"2022/10/20 01:20:00",RT_VIC8,0
D,DISPATCH,UNIT_SCADA,1,"2022/10/20 01:20:00",RT_VIC9,0
D,DISPATCH,UNIT_SCADA,1,"2022/10/20 01:20:00",RUGBYR1,0
D,DISPATCH,UNIT_SCADA,1,"2022/10/20 01:20:00",SALTCRK1,12.04
D,DISPATCH,UNIT_SCADA,1,"2022/10/20 01:20:00",SAPHWF1,229.7963
D,DISPATCH,UNIT_SCADA,1,"2022/10/20 01:20:00",SEBSF1,0
D,DISPATCH,UNIT_SCADA,1,"2022/10/20 01:20:00",SHGEN,0
D,DISPATCH,UNIT_SCADA,1,"2022/10/20 01:20:00",SHPUMP,0
D,DISPATCH,UNIT_SCADA,1,"2022/10/20 01:20:00",SITHE01,0.123710
D,DISPATCH,UNIT_SCADA,1,"2022/10/20 01:20:00",SMCSF1,0
D,DISPATCH,UNIT_SCADA,1,"2022/10/20 01:20:00",SNAPPER1,0
D,DISPATCH,UNIT_SCADA,1,"2022/10/20 01:20:00",SNOWNTH1,131.600010
D,DISPATCH,UNIT_SCADA,1,"2022/10/20 01:20:00",SNOWSTH1,114.50
D,DISPATCH,UNIT_SCADA,1,"2022/10/20 01:20:00",SNOWTWN1,90.584050
D,DISPATCH,UNIT_SCADA,1,"2022/10/20 01:20:00",SNOWYP,0
D,DISPATCH,UNIT_SCADA,1,"2022/10/20 01:20:00",SNUG1,0
D,DISPATCH,UNIT_SCADA,1,"2022/10/20 01:20:00",SRSF1,0
D,DISPATCH,UNIT_SCADA,1,"2022/10/20 01:20:00",STAN-1,283.914280
D,DISPATCH,UNIT_SCADA,1,"2022/10/20 01:20:00",STAN-2,365.653380
D,DISPATCH,UNIT_SCADA,1,"2022/10/20 01:20:00",STAN-3,365.525210
D,DISPATCH,UNIT_SCADA,1,"2022/10/20 01:20:00",STAN-4,365.884090
D,DISPATCH,UNIT_SCADA,1,"2022/10/20 01:20:00",STARHLWF,22.393470
D,DISPATCH,UNIT_SCADA,1,"2022/10/20 01:20:00",STOCKYD1,307.06
D,DISPATCH,UNIT_SCADA,1,"2022/10/20 01:20:00",STWF1,152.2124
D,DISPATCH,UNIT_SCADA,1,"2022/10/20 01:20:00",SUNRSF1,0
D,DISPATCH,UNIT_SCADA,1,"2022/10/20 01:20:00",SUNTPSF1,0
D,DISPATCH,UNIT_SCADA,1,"2022/10/20 01:20:00",SWAN_E,250.632480
D,DISPATCH,UNIT_SCADA,1,"2022/10/20 01:20:00",TALWA1,0
D,DISPATCH,UNIT_SCADA,1,"2022/10/20 01:20:00",TARALGA1,0
D,DISPATCH,UNIT_SCADA,1,"2022/10/20 01:20:00",TARONG#1,292.200010
D,DISPATCH,UNIT_SCADA,1,"2022/10/20 01:20:00",TARONG#2,292
D,DISPATCH,UNIT_SCADA,1,"2022/10/20 01:20:00",TARONG#3,0.90
D,DISPATCH,UNIT_SCADA,1,"2022/10/20 01:20:00",TARONG#4,192.100010
D,DISPATCH,UNIT_SCADA,1,"2022/10/20 01:20:00",TARRALEA,54
D,DISPATCH,UNIT_SCADA,1,"2022/10/20 01:20:00",TBSF1,0
D,DISPATCH,UNIT_SCADA,1,"2022/10/20 01:20:00",TNPS1,303.812530
D,DISPATCH,UNIT_SCADA,1,"2022/10/20 01:20:00",TORRB1,0
D,DISPATCH,UNIT_SCADA,1,"2022/10/20 01:20:00",TORRB2,42
D,DISPATCH,UNIT_SCADA,1,"2022/10/20 01:20:00",TORRB3,0
D,DISPATCH,UNIT_SCADA,1,"2022/10/20 01:20:00",TORRB4,0
D,DISPATCH,UNIT_SCADA,1,"2022/10/20 01:20:00",TREVALLN,100.150470
D,DISPATCH,UNIT_SCADA,1,"2022/10/20 01:20:00",TRIBUTE,0
D,DISPATCH,UNIT_SCADA,1,"2022/10/20 01:20:00",TUMUT3,0
D,DISPATCH,UNIT_SCADA,1,"2022/10/20 01:20:00",TUNGATIN,4.200020
D,DISPATCH,UNIT_SCADA,1,"2022/10/20 01:20:00",TVCC201,0
D,DISPATCH,UNIT_SCADA,1,"2022/10/20 01:20:00",TVPP104,0
D,DISPATCH,UNIT_SCADA,1,"2022/10/20 01:20:00",UPPTUMUT,0
D,DISPATCH,UNIT_SCADA,1,"2022/10/20 01:20:00",URANQ11,0
D,DISPATCH,UNIT_SCADA,1,"2022/10/20 01:20:00",URANQ12,0
D,DISPATCH,UNIT_SCADA,1,"2022/10/20 01:20:00",URANQ13,0
D,DISPATCH,UNIT_SCADA,1,"2022/10/20 01:20:00",URANQ14,0
D,DISPATCH,UNIT_SCADA,1,"2022/10/20 01:20:00",VBBG1,0
D,DISPATCH,UNIT_SCADA,1,"2022/10/20 01:20:00",VBBL1,170.600010
D,DISPATCH,UNIT_SCADA,1,"2022/10/20 01:20:00",VP5,603.973510
D,DISPATCH,UNIT_SCADA,1,"2022/10/20 01:20:00",VP6,600.628660
D,DISPATCH,UNIT_SCADA,1,"2022/10/20 01:20:00",VPGS1,0
D,DISPATCH,UNIT_SCADA,1,"2022/10/20 01:20:00",VPGS2,0
D,DISPATCH,UNIT_SCADA,1,"2022/10/20 01:20:00",VPGS3,0
D,DISPATCH,UNIT_SCADA,1,"2022/10/20 01:20:00",VPGS4,0
D,DISPATCH,UNIT_SCADA,1,"2022/10/20 01:20:00",VPGS5,0
D,DISPATCH,UNIT_SCADA,1,"2022/10/20 01:20:00",VPGS6,0
D,DISPATCH,UNIT_SCADA,1,"2022/10/20 01:20:00",W/HOE#1,0
D,DISPATCH,UNIT_SCADA,1,"2022/10/20 01:20:00",W/HOE#2,0
D,DISPATCH,UNIT_SCADA,1,"2022/10/20 01:20:00",WAGGNSF1,0
D,DISPATCH,UNIT_SCADA,1,"2022/10/20 01:20:00",WALGRVG1,0.000930
D,DISPATCH,UNIT_SCADA,1,"2022/10/20 01:20:00",WALGRVL1,0
D,DISPATCH,UNIT_SCADA,1,"2022/10/20 01:20:00",WANDBG1,0.722930
D,DISPATCH,UNIT_SCADA,1,"2022/10/20 01:20:00",WANDBL1,0
D,DISPATCH,UNIT_SCADA,1,"2022/10/20 01:20:00",WARWSF1,0
D,DISPATCH,UNIT_SCADA,1,"2022/10/20 01:20:00",WARWSF2,0
D,DISPATCH,UNIT_SCADA,1,"2022/10/20 01:20:00",WATERLWF,64.70
D,DISPATCH,UNIT_SCADA,1,"2022/10/20 01:20:00",WDGPH1,0
D,DISPATCH,UNIT_SCADA,1,"2022/10/20 01:20:00",WELLSF1,0
D,DISPATCH,UNIT_SCADA,1,"2022/10/20 01:20:00",WEMENSF1,0
D,DISPATCH,UNIT_SCADA,1,"2022/10/20 01:20:00",WGWF1,103.70
D,DISPATCH,UNIT_SCADA,1,"2022/10/20 01:20:00",WHITSF1,0
D,DISPATCH,UNIT_SCADA,1,"2022/10/20 01:20:00",WINTSF1,0
D,DISPATCH,UNIT_SCADA,1,"2022/10/20 01:20:00",WKIEWA1,34.10
D,DISPATCH,UNIT_SCADA,1,"2022/10/20 01:20:00",WKIEWA2,34.20
D,DISPATCH,UNIT_SCADA,1,"2022/10/20 01:20:00",WOODLWN1,18.092560
D,DISPATCH,UNIT_SCADA,1,"2022/10/20 01:20:00",WOOLGSF1,0
D,DISPATCH,UNIT_SCADA,1,"2022/10/20 01:20:00",WPWF,71.22
D,DISPATCH,UNIT_SCADA,1,"2022/10/20 01:20:00",WRSF1,0
D,DISPATCH,UNIT_SCADA,1,"2022/10/20 01:20:00",WRWF1,76.386050
D,DISPATCH,UNIT_SCADA,1,"2022/10/20 01:20:00",WSTWYSF1,0
D,DISPATCH,UNIT_SCADA,1,"2022/10/20 01:20:00",YABULU,0
D,DISPATCH,UNIT_SCADA,1,"2022/10/20 01:20:00",YABULU2,0
D,DISPATCH,UNIT_SCADA,1,"2022/10/20 01:20:00",YARANSF1,0
D,DISPATCH,UNIT_SCADA,1,"2022/10/20 01:20:00",YARWUN_1,139.30
D,DISPATCH,UNIT_SCADA,1,"2022/10/20 01:20:00",YATSF1,0
D,DISPATCH,UNIT_SCADA,1,"2022/10/20 01:20:00",YENDWF1,38.26
D,DISPATCH,UNIT_SCADA,1,"2022/10/20 01:20:00",YWPS1,364.660770
D,DISPATCH,UNIT_SCADA,1,"2022/10/20 01:20:00",YWPS2,359.146850
D,DISPATCH,UNIT_SCADA,1,"2022/10/20 01:20:00",YWPS3,360.517730
D,DISPATCH,UNIT_SCADA,1,"2022/10/20 01:20:00",YWPS4,0
C,"END OF REPORT",419
