C,NEMP.WORLD,DISPATCHSCADA,AEMO,PUBLIC,2022/10/20,12:05:10,0000000373253067,DISPATCHSCADA,0000000373253061
I,DISPATCH,UNIT_SCADA,1,SETTLEMENTDATE,DUID,SCADAVALUE
D,DISPATCH,UNIT_SCADA,1,"2022/10/20 12:10:00",BARCSF1,7.700001
D,DISPATCH,UNIT_SCADA,1,"2022/10/20 12:10:00",BUTLERSG,8.699999
D,DISPATCH,UNIT_SCADA,1,"2022/10/20 12:10:00",CAPTL_WF,38.469337
D,DISPATCH,UNIT_SCADA,1,"2022/10/20 12:10:00",CHALLHWF,4.60
D,DISPATCH,UNIT_SCADA,1,"2022/10/20 12:10:00",CLOVER,10.70
D,DISPATCH,UNIT_SCADA,1,"2022/10/20 12:10:00",CLUNY,5.190661
D,DISPATCH,UNIT_SCADA,1,"2022/10/20 12:10:00",CULLRGWF,-0.04
D,DISPATCH,UNIT_SCADA,1,"2022/10/20 12:10:00",DIAPURWF1,3.20
D,DISPATCH,UNIT_SCADA,1,"2022/10/20 12:10:00",ERGT01,0
D,DISPATCH,UNIT_SCADA,1,"2022/10/20 12:10:00",GB01,0
D,DISPATCH,UNIT_SCADA,1,"2022/10/20 12:10:00",GERMCRK,17.700001
D,DISPATCH,UNIT_SCADA,1,"2022/10/20 12:10:00",GRIFSF1,6.700236
D,DISPATCH,UNIT_SCADA,1,"2022/10/20 12:10:00",HEZ1,0
D,DISPATCH,UNIT_SCADA,1,"2022/10/20 12:10:00",HUGSF1,12.5310
D,DISPATCH,UNIT_SCADA,1,"2022/10/20 12:10:00",KEPBG1,0.01
D,DISPATCH,UNIT_SCADA,1,"2022/10/20 12:10:00",LRSF1,12.545001
D,DISPATCH,UNIT_SCADA,1,"2022/10/20 12:10:00",MBAHNTH,45.787506
D,DISPATCH,UNIT_SCADA,1,"2022/10/20 12:10:00",MLSP1,8.707001
D,DISPATCH,UNIT_SCADA,1,"2022/10/20 12:10:00",MLWF1,4.62
D,DISPATCH,UNIT_SCADA,1,"2022/10/20 12:10:00",PALOONA,30.25
D,DISPATCH,UNIT_SCADA,1,"2022/10/20 12:10:00",PIONEER,42
D,DISPATCH,UNIT_SCADA,1,"2022/10/20 12:10:00",PORTWF,89.099998
D,DISPATCH,UNIT_SCADA,1,"2022/10/20 12:10:00",REPULSE,9.613794
D,DISPATCH,UNIT_SCADA,1,"2022/10/20 12:10:00",ROWALLAN,8.8963
D,DISPATCH,UNIT_SCADA,1,"2022/10/20 12:10:00",ROYALLA1,4.313004
D,DISPATCH,UNIT_SCADA,1,"2022/10/20 12:10:00",RPCG,-1.80
D,DISPATCH,UNIT_SCADA,1,"2022/10/20 12:10:00",RUBICON,0
D,DISPATCH,UNIT_SCADA,1,"2022/10/20 12:10:00",WAUBRAWF,15.6080
D,DISPATCH,UNIT_SCADA,1,"2022/10/20 12:10:00",WOOLNTH1,24.369999
D,DISPATCH,UNIT_SCADA,1,"2022/10/20 12:10:00",YAMBUKWF,6.40
D,DISPATCH,UNIT_SCADA,1,"2022/10/20 12:10:00",YSWF1,4.90
D,DISPATCH,UNIT_SCADA,1,"2022/10/20 12:10:00",ADPBA1G,0.0080
D,DISPATCH,UNIT_SCADA,1,"2022/10/20 12:10:00",ADPBA1L,0
D,DISPATCH,UNIT_SCADA,1,"2022/10/20 12:10:00",ADPPV1,0.0630
D,DISPATCH,UNIT_SCADA,1,"2022/10/20 12:10:00",AGLHAL,0
D,DISPATCH,UNIT_SCADA,1,"2022/10/20 12:10:00",AGLSOM,0
D,DISPATCH,UNIT_SCADA,1,"2022/10/20 12:10:00",ANGAST1,0
D,DISPATCH,UNIT_SCADA,1,"2022/10/20 12:10:00",ARWF1,16.40
D,DISPATCH,UNIT_SCADA,1,"2022/10/20 12:10:00",BALBG1,0
D,DISPATCH,UNIT_SCADA,1,"2022/10/20 12:10:00",BALBL1,0
D,DISPATCH,UNIT_SCADA,1,"2022/10/20 12:10:00",BALDHWF1,20.5750
D,DISPATCH,UNIT_SCADA,1,"2022/10/20 12:10:00",BANGOWF1,30.896470
D,DISPATCH,UNIT_SCADA,1,"2022/10/20 12:10:00",BANGOWF2,25.098570
D,DISPATCH,UNIT_SCADA,1,"2022/10/20 12:10:00",BANN1,16.91
D,DISPATCH,UNIT_SCADA,1,"2022/10/20 12:10:00",BARCALDN,0
D,DISPATCH,UNIT_SCADA,1,"2022/10/20 12:10:00",BARKIPS1,0
D,DISPATCH,UNIT_SCADA,1,"2022/10/20 12:10:00",BARRON-1,0
D,DISPATCH,UNIT_SCADA,1,"2022/10/20 12:10:00",BARRON-2,0
D,DISPATCH,UNIT_SCADA,1,"2022/10/20 12:10:00",BASTYAN,57.45
D,DISPATCH,UNIT_SCADA,1,"2022/10/20 12:10:00",BBTHREE1,0
D,DISPATCH,UNIT_SCADA,1,"2022/10/20 12:10:00",BBTHREE2,23.60
D,DISPATCH,UNIT_SCADA,1,"2022/10/20 12:10:00",BBTHREE3,-1.06
D,DISPATCH,UNIT_SCADA,1,"2022/10/20 12:10:00",BDL01,0
D,DISPATCH,UNIT_SCADA,1,"2022/10/20 12:10:00",BDL02,0
D,DISPATCH,UNIT_SCADA,1,"2022/10/20 12:10:00",BERYLSF1,19.051450
D,DISPATCH,UNIT_SCADA,1,"2022/10/20 12:10:00",BLOWERNG,62.50
D,DISPATCH,UNIT_SCADA,1,"2022/10/20 12:10:00",BLUEGSF1,62.367740
D,DISPATCH,UNIT_SCADA,1,"2022/10/20 12:10:00",BLUFF1,0
D,DISPATCH,UNIT_SCADA,1,"2022/10/20 12:10:00",BNGSF1,76.689990
D,DISPATCH,UNIT_SCADA,1,"2022/10/20 12:10:00",BNGSF2,79.72
D,DISPATCH,UNIT_SCADA,1,"2022/10/20 12:10:00",BOCORWF1,19.04
D,DISPATCH,UNIT_SCADA,1,"2022/10/20 12:10:00",BODWF1,90.421360
D,DISPATCH,UNIT_SCADA,1,"2022/10/20 12:10:00",BOMENSF1,20.912790
D,DISPATCH,UNIT_SCADA,1,"2022/10/20 12:10:00",BOWWBA1G,0
D,DISPATCH,UNIT_SCADA,1,"2022/10/20 12:10:00",BOWWBA1L,0
D,DISPATCH,UNIT_SCADA,1,"2022/10/20 12:10:00",BOWWPV1,0.0010
D,DISPATCH,UNIT_SCADA,1,"2022/10/20 12:10:00",BRAEMAR1,0
D,DISPATCH,UNIT_SCADA,1,"2022/10/20 12:10:00",BRAEMAR2,0
D,DISPATCH,UNIT_SCADA,1,"2022/10/20 12:10:00",BRAEMAR3,0
D,DISPATCH,UNIT_SCADA,1,"2022/10/20 12:10:00",BRAEMAR5,0.292060
D,DISPATCH,UNIT_SCADA,1,"2022/10/20 12:10:00",BRAEMAR6,0
D,DISPATCH,UNIT_SCADA,1,"2022/10/20 12:10:00",BRAEMAR7,0.130920
D,DISPATCH,UNIT_SCADA,1,"2022/10/20 12:10:00",BROKENH1,23.399640
D,DISPATCH,UNIT_SCADA,1,"2022/10/20 12:10:00",BRYB1WF1,105.516140
D,DISPATCH,UNIT_SCADA,1,"2022/10/20 12:10:00",BULBESG1,0
D,DISPATCH,UNIT_SCADA,1,"2022/10/20 12:10:00",BULBESL1,1.77
D,DISPATCH,UNIT_SCADA,1,"2022/10/20 12:10:00",BULGANA1,0.99
D,DISPATCH,UNIT_SCADA,1,"2022/10/20 12:10:00",BW01,658.860170
D,DISPATCH,UNIT_SCADA,1,"2022/10/20 12:10:00",BW02,618.014830
D,DISPATCH,UNIT_SCADA,1,"2022/10/20 12:10:00",BW03,452.460510
D,DISPATCH,UNIT_SCADA,1,"2022/10/20 12:10:00",BW04,0
D,DISPATCH,UNIT_SCADA,1,"2022/10/20 12:10:00",CALL_B_1,319.100010
D,DISPATCH,UNIT_SCADA,1,"2022/10/20 12:10:00",CALL_B_2,319.300020
D,DISPATCH,UNIT_SCADA,1,"2022/10/20 12:10:00",CATHROCK,0
D,DISPATCH,UNIT_SCADA,1,"2022/10/20 12:10:00",CBWWBA1G,0
D,DISPATCH,UNIT_SCADA,1,"2022/10/20 12:10:00",CBWWBA1L,0
D,DISPATCH,UNIT_SCADA,1,"2022/10/20 12:10:00",CETHANA,35.076250
D,DISPATCH,UNIT_SCADA,1,"2022/10/20 12:10:00",CG1,0
D,DISPATCH,UNIT_SCADA,1,"2022/10/20 12:10:00",CG2,0
D,DISPATCH,UNIT_SCADA,1,"2022/10/20 12:10:00",CG3,0
D,DISPATCH,UNIT_SCADA,1,"2022/10/20 12:10:00",CG4,0
D,DISPATCH,UNIT_SCADA,1,"2022/10/20 12:10:00",CHILDSF1,15.40
D,DISPATCH,UNIT_SCADA,1,"2022/10/20 12:10:00",CHYTWF1,6.52
D,DISPATCH,UNIT_SCADA,1,"2022/10/20 12:10:00",CLARESF1,17.793020
D,DISPATCH,UNIT_SCADA,1,"2022/10/20 12:10:00",CLEMGPWF,6.699250
D,DISPATCH,UNIT_SCADA,1,"2022/10/20 12:10:00",CLERMSF1,33.25
D,DISPATCH,UNIT_SCADA,1,"2022/10/20 12:10:00",CNUNDAWF,0
D,DISPATCH,UNIT_SCADA,1,"2022/10/20 12:10:00",COHUNSF1,0.07
D,DISPATCH,UNIT_SCADA,1,"2022/10/20 12:10:00",COLEASF1,60.003430
D,DISPATCH,UNIT_SCADA,1,"2022/10/20 12:10:00",COLUMSF1,19.3180
D,DISPATCH,UNIT_SCADA,1,"2022/10/20 12:10:00",COLWF01,95.779360
D,DISPATCH,UNIT_SCADA,1,"2022/10/20 12:10:00",COOPGWF1,122.60
D,DISPATCH,UNIT_SCADA,1,"2022/10/20 12:10:00",CPP_3,280.225010
D,DISPATCH,UNIT_SCADA,1,"2022/10/20 12:10:00",CPP_4,0
D,DISPATCH,UNIT_SCADA,1,"2022/10/20 12:10:00",CPSA,0
D,DISPATCH,UNIT_SCADA,1,"2022/10/20 12:10:00",CROOKWF2,35.924010
D,DISPATCH,UNIT_SCADA,1,"2022/10/20 12:10:00",CROWLWF1,0
D,DISPATCH,UNIT_SCADA,1,"2022/10/20 12:10:00",CRURWF1,85.999920
D,DISPATCH,UNIT_SCADA,1,"2022/10/20 12:10:00",CRWASF1,24.467450
D,DISPATCH,UNIT_SCADA,1,"2022/10/20 12:10:00",CSPVPS1,0.4210
D,DISPATCH,UNIT_SCADA,1,"2022/10/20 12:10:00",CTHLWF1,0.003050
D,DISPATCH,UNIT_SCADA,1,"2022/10/20 12:10:00",DALNTH01,0
D,DISPATCH,UNIT_SCADA,1,"2022/10/20 12:10:00",DALNTHL1,0.080870
D,DISPATCH,UNIT_SCADA,1,"2022/10/20 12:10:00",DARLSF1,95.886660
D,DISPATCH,UNIT_SCADA,1,"2022/10/20 12:10:00",DARTM1,0
D,DISPATCH,UNIT_SCADA,1,"2022/10/20 12:10:00",DAYDSF1,0
D,DISPATCH,UNIT_SCADA,1,"2022/10/20 12:10:00",DDPS1,0
D,DISPATCH,UNIT_SCADA,1,"2022/10/20 12:10:00",DDSF1,39.380990
D,DISPATCH,UNIT_SCADA,1,"2022/10/20 12:10:00",DEVILS_G,10.261540
D,DISPATCH,UNIT_SCADA,1,"2022/10/20 12:10:00",DG_NSW1,0
D,DISPATCH,UNIT_SCADA,1,"2022/10/20 12:10:00",DG_QLD1,0
D,DISPATCH,UNIT_SCADA,1,"2022/10/20 12:10:00",DG_SA1,0
D,DISPATCH,UNIT_SCADA,1,"2022/10/20 12:10:00",DG_TAS1,0
D,DISPATCH,UNIT_SCADA,1,"2022/10/20 12:10:00",DG_VIC1,0
D,DISPATCH,UNIT_SCADA,1,"2022/10/20 12:10:00",DRYCGT1,0
D,DISPATCH,UNIT_SCADA,1,"2022/10/20 12:10:00",DRYCGT2,0
D,DISPATCH,UNIT_SCADA,1,"2022/10/20 12:10:00",DRYCGT3,0
D,DISPATCH,UNIT_SCADA,1,"2022/10/20 12:10:00",DUNDWF1,58.72
D,DISPATCH,UNIT_SCADA,1,"2022/10/20 12:10:00",DUNDWF2,19.85
D,DISPATCH,UNIT_SCADA,1,"2022/10/20 12:10:00",DUNDWF3,51.06
D,DISPATCH,UNIT_SCADA,1,"2022/10/20 12:10:00",EILDON1,59.80
D,DISPATCH,UNIT_SCADA,1,"2022/10/20 12:10:00",EILDON2,59.92
D,DISPATCH,UNIT_SCADA,1,"2022/10/20 12:10:00",ELAINWF1,29.33
D,DISPATCH,UNIT_SCADA,1,"2022/10/20 12:10:00",EMERASF1,0
D,DISPATCH,UNIT_SCADA,1,"2022/10/20 12:10:00",ER01,0
D,DISPATCH,UNIT_SCADA,1,"2022/10/20 12:10:00",ER02,305.632110
D,DISPATCH,UNIT_SCADA,1,"2022/10/20 12:10:00",ER03,404.998840
D,DISPATCH,UNIT_SCADA,1,"2022/10/20 12:10:00",ER04,406.243990
D,DISPATCH,UNIT_SCADA,1,"2022/10/20 12:10:00",FINLYSF1,84.965290
D,DISPATCH,UNIT_SCADA,1,"2022/10/20 12:10:00",FISHER,43.87
D,DISPATCH,UNIT_SCADA,1,"2022/10/20 12:10:00",GANGARR1,78.7210
D,DISPATCH,UNIT_SCADA,1,"2022/10/20 12:10:00",GANNBG1,0
D,DISPATCH,UNIT_SCADA,1,"2022/10/20 12:10:00",GANNBL1,2.301160
D,DISPATCH,UNIT_SCADA,1,"2022/10/20 12:10:00",GANNSF1,29.10
D,DISPATCH,UNIT_SCADA,1,"2022/10/20 12:10:00",GLRWNSF1,109.96
D,DISPATCH,UNIT_SCADA,1,"2022/10/20 12:10:00",GNNDHSF1,55.443120
D,DISPATCH,UNIT_SCADA,1,"2022/10/20 12:10:00",GOONSF1,16.676280
D,DISPATCH,UNIT_SCADA,1,"2022/10/20 12:10:00",GORDON,180.164310
D,DISPATCH,UNIT_SCADA,1,"2022/10/20 12:10:00",GRANWF1,0
D,DISPATCH,UNIT_SCADA,1,"2022/10/20 12:10:00",GSTONE1,203.524990
D,DISPATCH,UNIT_SCADA,1,"2022/10/20 12:10:00",GSTONE2,0
D,DISPATCH,UNIT_SCADA,1,"2022/10/20 12:10:00",GSTONE3,199.849990
D,DISPATCH,UNIT_SCADA,1,"2022/10/20 12:10:00",GSTONE4,0
D,DISPATCH,UNIT_SCADA,1,"2022/10/20 12:10:00",GSTONE5,203.524990
D,DISPATCH,UNIT_SCADA,1,"2022/10/20 12:10:00",GSTONE6,203.524990
D,DISPATCH,UNIT_SCADA,1,"2022/10/20 12:10:00",GULLRSF1,1.594980
D,DISPATCH,UNIT_SCADA,1,"2022/10/20 12:10:00",GULLRWF1,56.944140
D,DISPATCH,UNIT_SCADA,1,"2022/10/20 12:10:00",GULLRWF2,67.882870
D,DISPATCH,UNIT_SCADA,1,"2022/10/20 12:10:00",GUNNING1,0
D,DISPATCH,UNIT_SCADA,1,"2022/10/20 12:10:00",GUTHEGA,68.20
D,DISPATCH,UNIT_SCADA,1,"2022/10/20 12:10:00",HALLWF1,0
D,DISPATCH,UNIT_SCADA,1,"2022/10/20 12:10:00",HALLWF2,0
D,DISPATCH,UNIT_SCADA,1,"2022/10/20 12:10:00",HAMISF1,0
D,DISPATCH,UNIT_SCADA,1,"2022/10/20 12:10:00",HAUGHT11,8.919550
D,DISPATCH,UNIT_SCADA,1,"2022/10/20 12:10:00",HAYMSF1,0
D,DISPATCH,UNIT_SCADA,1,"2022/10/20 12:10:00",HDWF1,62.20
D,DISPATCH,UNIT_SCADA,1,"2022/10/20 12:10:00",HDWF2,67.80
D,DISPATCH,UNIT_SCADA,1,"2022/10/20 12:10:00",HDWF3,65.80
D,DISPATCH,UNIT_SCADA,1,"2022/10/20 12:10:00",HILLSTN1,46.419970
D,DISPATCH,UNIT_SCADA,1,"2022/10/20 12:10:00",HPRG1,0.40
D,DISPATCH,UNIT_SCADA,1,"2022/10/20 12:10:00",HPRL1,0
D,DISPATCH,UNIT_SCADA,1,"2022/10/20 12:10:00",HUMENSW,55.284270
D,DISPATCH,UNIT_SCADA,1,"2022/10/20 12:10:00",HUMEV,0
D,DISPATCH,UNIT_SCADA,1,"2022/10/20 12:10:00",HVWWBA1G,0
D,DISPATCH,UNIT_SCADA,1,"2022/10/20 12:10:00",HVWWBA1L,0.0060
D,DISPATCH,UNIT_SCADA,1,"2022/10/20 12:10:00",HVWWPV1,0.03
D,DISPATCH,UNIT_SCADA,1,"2022/10/20 12:10:00",JBUTTERS,0
D,DISPATCH,UNIT_SCADA,1,"2022/10/20 12:10:00",JEMALNG1,1.21
D,DISPATCH,UNIT_SCADA,1,"2022/10/20 12:10:00",JLA01,0
D,DISPATCH,UNIT_SCADA,1,"2022/10/20 12:10:00",JLA02,0
D,DISPATCH,UNIT_SCADA,1,"2022/10/20 12:10:00",JLA03,0
D,DISPATCH,UNIT_SCADA,1,"2022/10/20 12:10:00",JLA04,0
D,DISPATCH,UNIT_SCADA,1,"2022/10/20 12:10:00",JLB01,0
D,DISPATCH,UNIT_SCADA,1,"2022/10/20 12:10:00",JLB02,0.10
D,DISPATCH,UNIT_SCADA,1,"2022/10/20 12:10:00",JLB03,0
D,DISPATCH,UNIT_SCADA,1,"2022/10/20 12:10:00",JUNEESF1,6.3232
D,DISPATCH,UNIT_SCADA,1,"2022/10/20 12:10:00",KABANWF1,0
D,DISPATCH,UNIT_SCADA,1,"2022/10/20 12:10:00",KAREEYA1,0
D,DISPATCH,UNIT_SCADA,1,"2022/10/20 12:10:00",KAREEYA2,0
D,DISPATCH,UNIT_SCADA,1,"2022/10/20 12:10:00",KAREEYA3,4.83
D,DISPATCH,UNIT_SCADA,1,"2022/10/20 12:10:00",KAREEYA4,0
D,DISPATCH,UNIT_SCADA,1,"2022/10/20 12:10:00",KARSF1,45.40
D,DISPATCH,UNIT_SCADA,1,"2022/10/20 12:10:00",KEPSF1,11.98
D,DISPATCH,UNIT_SCADA,1,"2022/10/20 12:10:00",KEPWF1,6.57
D,DISPATCH,UNIT_SCADA,1,"2022/10/20 12:10:00",KIAMSF1,21.084150
D,DISPATCH,UNIT_SCADA,1,"2022/10/20 12:10:00",KIATAWF1,3.10
D,DISPATCH,UNIT_SCADA,1,"2022/10/20 12:10:00",KPP_1,0
D,DISPATCH,UNIT_SCADA,1,"2022/10/20 12:10:00",KSP1,23.69
D,DISPATCH,UNIT_SCADA,1,"2022/10/20 12:10:00",LADBROK1,0.01
D,DISPATCH,UNIT_SCADA,1,"2022/10/20 12:10:00",LADBROK2,0.02
D,DISPATCH,UNIT_SCADA,1,"2022/10/20 12:10:00",LBBG1,0
D,DISPATCH,UNIT_SCADA,1,"2022/10/20 12:10:00",LBBL1,3
D,DISPATCH,UNIT_SCADA,1,"2022/10/20 12:10:00",LD01,276.735750
D,DISPATCH,UNIT_SCADA,1,"2022/10/20 12:10:00",LD02,0
D,DISPATCH,UNIT_SCADA,1,"2022/10/20 12:10:00",LD04,277.687930
D,DISPATCH,UNIT_SCADA,1,"2022/10/20 12:10:00",LEM_WIL,47.571770
D,DISPATCH,UNIT_SCADA,1,"2022/10/20 12:10:00",LGAPWF1,20.27
D,DISPATCH,UNIT_SCADA,1,"2022/10/20 12:10:00",LGAPWF2,15.03
D,DISPATCH,UNIT_SCADA,1,"2022/10/20 12:10:00",LILYSF1,23.592960
D,DISPATCH,UNIT_SCADA,1,"2022/10/20 12:10:00",LIMOSF11,131.984890
D,DISPATCH,UNIT_SCADA,1,"2022/10/20 12:10:00",LIMOSF21,8.518350
D,DISPATCH,UNIT_SCADA,1,"2022/10/20 12:10:00",LI_WY_CA,55.4244
D,DISPATCH,UNIT_SCADA,1,"2022/10/20 12:10:00",LKBONNY1,0
D,DISPATCH,UNIT_SCADA,1,"2022/10/20 12:10:00",LKBONNY2,0
D,DISPATCH,UNIT_SCADA,1,"2022/10/20 12:10:00",LKBONNY3,0
D,DISPATCH,UNIT_SCADA,1,"2022/10/20 12:10:00",LK_ECHO,0
D,DISPATCH,UNIT_SCADA,1,"2022/10/20 12:10:00",LNGS1,0
D,DISPATCH,UNIT_SCADA,1,"2022/10/20 12:10:00",LNGS2,0
D,DISPATCH,UNIT_SCADA,1,"2022/10/20 12:10:00",LONSDALE,0
D,DISPATCH,UNIT_SCADA,1,"2022/10/20 12:10:00",LOYYB1,429.694950
D,DISPATCH,UNIT_SCADA,1,"2022/10/20 12:10:00",LOYYB2,459.770870
D,DISPATCH,UNIT_SCADA,1,"2022/10/20 12:10:00",LYA1,356
D,DISPATCH,UNIT_SCADA,1,"2022/10/20 12:10:00",LYA2,0
D,DISPATCH,UNIT_SCADA,1,"2022/10/20 12:10:00",LYA3,356
D,DISPATCH,UNIT_SCADA,1,"2022/10/20 12:10:00",LYA4,355
D,DISPATCH,UNIT_SCADA,1,"2022/10/20 12:10:00",MACARTH1,73.5983
D,DISPATCH,UNIT_SCADA,1,"2022/10/20 12:10:00",MACKNTSH,0
D,DISPATCH,UNIT_SCADA,1,"2022/10/20 12:10:00",MANSLR1,16.9470
D,DISPATCH,UNIT_SCADA,1,"2022/10/20 12:10:00",MAPS2PV1,0
D,DISPATCH,UNIT_SCADA,1,"2022/10/20 12:10:00",MAPS3PV1,0
D,DISPATCH,UNIT_SCADA,1,"2022/10/20 12:10:00",MARYRSF1,25.60
D,DISPATCH,UNIT_SCADA,1,"2022/10/20 12:10:00",MBPS2PV1,0
D,DISPATCH,UNIT_SCADA,1,"2022/10/20 12:10:00",MCKAY1,0.02
D,DISPATCH,UNIT_SCADA,1,"2022/10/20 12:10:00",MEADOWBK,5.973220
D,DISPATCH,UNIT_SCADA,1,"2022/10/20 12:10:00",MERCER01,29.80
D,DISPATCH,UNIT_SCADA,1,"2022/10/20 12:10:00",METZSF1,24.497710
D,DISPATCH,UNIT_SCADA,1,"2022/10/20 12:10:00",MEWF1,5.389060
D,DISPATCH,UNIT_SCADA,1,"2022/10/20 12:10:00",MIDDLSF1,6.77
D,DISPATCH,UNIT_SCADA,1,"2022/10/20 12:10:00",MINTARO,0.128180
D,DISPATCH,UNIT_SCADA,1,"2022/10/20 12:10:00",MOLNGSF1,0
D,DISPATCH,UNIT_SCADA,1,"2022/10/20 12:10:00",MOORAWF1,88.72
D,DISPATCH,UNIT_SCADA,1,"2022/10/20 12:10:00",MOREESF1,13.1340
D,DISPATCH,UNIT_SCADA,1,"2022/10/20 12:10:00",MORTLK11,0
D,DISPATCH,UNIT_SCADA,1,"2022/10/20 12:10:00",MORTLK12,0
D,DISPATCH,UNIT_SCADA,1,"2022/10/20 12:10:00",MOUSF1,0
D,DISPATCH,UNIT_SCADA,1,"2022/10/20 12:10:00",MP1,0
D,DISPATCH,UNIT_SCADA,1,"2022/10/20 12:10:00",MP2,360.759890
D,DISPATCH,UNIT_SCADA,1,"2022/10/20 12:10:00",MPP_1,165.502370
D,DISPATCH,UNIT_SCADA,1,"2022/10/20 12:10:00",MPP_2,178.991590
D,DISPATCH,UNIT_SCADA,1,"2022/10/20 12:10:00",MRTLSWF1,0
D,DISPATCH,UNIT_SCADA,1,"2022/10/20 12:10:00",MSTUART1,0
D,DISPATCH,UNIT_SCADA,1,"2022/10/20 12:10:00",MSTUART2,0
D,DISPATCH,UNIT_SCADA,1,"2022/10/20 12:10:00",MSTUART3,0
D,DISPATCH,UNIT_SCADA,1,"2022/10/20 12:10:00",MTGELWF1,44.419690
D,DISPATCH,UNIT_SCADA,1,"2022/10/20 12:10:00",MTMILLAR,0.40
D,DISPATCH,UNIT_SCADA,1,"2022/10/20 12:10:00",MURRAY,0
D,DISPATCH,UNIT_SCADA,1,"2022/10/20 12:10:00",MUSSELR1,80.10
D,DISPATCH,UNIT_SCADA,1,"2022/10/20 12:10:00",MUWAWF1,47
D,DISPATCH,UNIT_SCADA,1,"2022/10/20 12:10:00",MUWAWF2,41.20
D,DISPATCH,UNIT_SCADA,1,"2022/10/20 12:10:00",MWPS1PV1,0.13
D,DISPATCH,UNIT_SCADA,1,"2022/10/20 12:10:00",MWPS2PV1,0
D,DISPATCH,UNIT_SCADA,1,"2022/10/20 12:10:00",MWPS3PV1,0
D,DISPATCH,UNIT_SCADA,1,"2022/10/20 12:10:00",MWPS4PV1,0.01
D,DISPATCH,UNIT_SCADA,1,"2022/10/20 12:10:00",NBHWF1,0
D,DISPATCH,UNIT_SCADA,1,"2022/10/20 12:10:00",NEVERSF1,64.61
D,DISPATCH,UNIT_SCADA,1,"2022/10/20 12:10:00",NPS,0
D,DISPATCH,UNIT_SCADA,1,"2022/10/20 12:10:00",NUMURSF1,92.80
D,DISPATCH,UNIT_SCADA,1,"2022/10/20 12:10:00",NYNGAN1,9.50
D,DISPATCH,UNIT_SCADA,1,"2022/10/20 12:10:00",OAKEY1,0
D,DISPATCH,UNIT_SCADA,1,"2022/10/20 12:10:00",OAKEY1SF,13.36
D,DISPATCH,UNIT_SCADA,1,"2022/10/20 12:10:00",OAKEY2,0
D,DISPATCH,UNIT_SCADA,1,"2022/10/20 12:10:00",OAKEY2SF,21.82
D,DISPATCH,UNIT_SCADA,1,"2022/10/20 12:10:00",OAKLAND1,7
D,DISPATCH,UNIT_SCADA,1,"2022/10/20 12:10:00",OSB-AG,0
D,DISPATCH,UNIT_SCADA,1,"2022/10/20 12:10:00",PAREPS1,0.0660
D,DISPATCH,UNIT_SCADA,1,"2022/10/20 12:10:00",PAREPW1,50.39
D,DISPATCH,UNIT_SCADA,1,"2022/10/20 12:10:00",PARSF1,8.900590
D,DISPATCH,UNIT_SCADA,1,"2022/10/20 12:10:00",POAT110,0
D,DISPATCH,UNIT_SCADA,1,"2022/10/20 12:10:00",POAT220,0
D,DISPATCH,UNIT_SCADA,1,"2022/10/20 12:10:00",POR01,0
D,DISPATCH,UNIT_SCADA,1,"2022/10/20 12:10:00",POR03,0
D,DISPATCH,UNIT_SCADA,1,"2022/10/20 12:10:00",PPCCGT,0
D,DISPATCH,UNIT_SCADA,1,"2022/10/20 12:10:00",PTSTAN1,0
D,DISPATCH,UNIT_SCADA,1,"2022/10/20 12:10:00",PUMP1,0
D,DISPATCH,UNIT_SCADA,1,"2022/10/20 12:10:00",PUMP2,0
D,DISPATCH,UNIT_SCADA,1,"2022/10/20 12:10:00",QBYNBG1,0.823490
D,DISPATCH,UNIT_SCADA,1,"2022/10/20 12:10:00",QBYNBL1,0
D,DISPATCH,UNIT_SCADA,1,"2022/10/20 12:10:00",QPS1,0
D,DISPATCH,UNIT_SCADA,1,"2022/10/20 12:10:00",QPS2,0
D,DISPATCH,UNIT_SCADA,1,"2022/10/20 12:10:00",QPS3,0
D,DISPATCH,UNIT_SCADA,1,"2022/10/20 12:10:00",QPS4,0
D,DISPATCH,UNIT_SCADA,1,"2022/10/20 12:10:00",QPS5,76.30
D,DISPATCH,UNIT_SCADA,1,"2022/10/20 12:10:00",REECE1,0
D,DISPATCH,UNIT_SCADA,1,"2022/10/20 12:10:00",REECE2,0
D,DISPATCH,UNIT_SCADA,1,"2022/10/20 12:10:00",ROMA_7,0
D,DISPATCH,UNIT_SCADA,1,"2022/10/20 12:10:00",ROMA_8,0
D,DISPATCH,UNIT_SCADA,1,"2022/10/20 12:10:00",RRSF1,21.170570
D,DISPATCH,UNIT_SCADA,1,"2022/10/20 12:10:00",RT_NSW1,0
D,DISPATCH,UNIT_SCADA,1,"2022/10/20 12:10:00",RT_NSW2,0
D,DISPATCH,UNIT_SCADA,1,"2022/10/20 12:10:00",RT_NSW3,0
D,DISPATCH,UNIT_SCADA,1,"2022/10/20 12:10:00",RT_NSW4,0
D,DISPATCH,UNIT_SCADA,1,"2022/10/20 12:10:00",RT_NSW5,0
D,DISPATCH,UNIT_SCADA,1,"2022/10/20 12:10:00",RT_NSW6,0
D,DISPATCH,UNIT_SCADA,1,"2022/10/20 12:10:00",RT_QLD1,0
D,DISPATCH,UNIT_SCADA,1,"2022/10/20 12:10:00",RT_SA1,0
D,DISPATCH,UNIT_SCADA,1,"2022/10/20 12:10:00",RT_SA2,0
D,DISPATCH,UNIT_SCADA,1,"2022/10/20 12:10:00",RT_SA3,0
D,DISPATCH,UNIT_SCADA,1,"2022/10/20 12:10:00",RT_SA4,0
D,DISPATCH,UNIT_SCADA,1,"2022/10/20 12:10:00",RT_SA5,0
D,DISPATCH,UNIT_SCADA,1,"2022/10/20 12:10:00",RT_SA6,0
D,DISPATCH,UNIT_SCADA,1,"2022/10/20 12:10:00",RT_TAS1,0
D,DISPATCH,UNIT_SCADA,1,"2022/10/20 12:10:00",RT_VIC1,0
D,DISPATCH,UNIT_SCADA,1,"2022/10/20 12:10:00",RT_VIC10,0
D,DISPATCH,UNIT_SCADA,1,"2022/10/20 12:10:00",RT_VIC11,0
D,DISPATCH,UNIT_SCADA,1,"2022/10/20 12:10:00",RT_VIC12,0
D,DISPATCH,UNIT_SCADA,1,"2022/10/20 12:10:00",RT_VIC2,0
D,DISPATCH,UNIT_SCADA,1,"2022/10/20 12:10:00",RT_VIC3,0
D,DISPATCH,UNIT_SCADA,1,"2022/10/20 12:10:00",RT_VIC4,0
D,DISPATCH,UNIT_SCADA,1,"2022/10/20 12:10:00",RT_VIC5,0
D,DISPATCH,UNIT_SCADA,1,"2022/10/20 12:10:00",RT_VIC6,0
D,DISPATCH,UNIT_SCADA,1,"2022/10/20 12:10:00",RT_VIC7,0
D,DISPATCH,UNIT_SCADA,1,"2022/10/20 12:10:00",RT_VIC8,0
D,DISPATCH,UNIT_SCADA,1,"2022/10/20 12:10:00",RT_VIC9,0
D,DISPATCH,UNIT_SCADA,1,"2022/10/20 12:10:00",RUGBYR1,39.958530
D,DISPATCH,UNIT_SCADA,1,"2022/10/20 12:10:00",SALTCRK1,18.98
D,DISPATCH,UNIT_SCADA,1,"2022/10/20 12:10:00",SAPHWF1,28.139160
D,DISPATCH,UNIT_SCADA,1,"2022/10/20 12:10:00",SEBSF1,13.772330
D,DISPATCH,UNIT_SCADA,1,"2022/10/20 12:10:00",SHGEN,0
D,DISPATCH,UNIT_SCADA,1,"2022/10/20 12:10:00",SHPUMP,0
D,DISPATCH,UNIT_SCADA,1,"2022/10/20 12:10:00",SITHE01,0.123710
D,DISPATCH,UNIT_SCADA,1,"2022/10/20 12:10:00",SMCSF1,28.3380
D,DISPATCH,UNIT_SCADA,1,"2022/10/20 12:10:00",SNAPPER1,0
D,DISPATCH,UNIT_SCADA,1,"2022/10/20 12:10:00",SNOWNTH1,27.50
D,DISPATCH,UNIT_SCADA,1,"2022/10/20 12:10:00",SNOWSTH1,19.10
D,DISPATCH,UNIT_SCADA,1,"2022/10/20 12:10:00",SNOWTWN1,0
D,DISPATCH,UNIT_SCADA,1,"2022/10/20 12:10:00",SNOWYP,0
D,DISPATCH,UNIT_SCADA,1,"2022/10/20 12:10:00",SNUG1,0
D,DISPATCH,UNIT_SCADA,1,"2022/10/20 12:10:00",SRSF1,29.55
D,DISPATCH,UNIT_SCADA,1,"2022/10/20 12:10:00",STAN-1,278.6077
D,DISPATCH,UNIT_SCADA,1,"2022/10/20 12:10:00",STAN-2,363.359010
D,DISPATCH,UNIT_SCADA,1,"2022/10/20 12:10:00",STAN-3,160.4404
D,DISPATCH,UNIT_SCADA,1,"2022/10/20 12:10:00",STAN-4,363.50
D,DISPATCH,UNIT_SCADA,1,"2022/10/20 12:10:00",STARHLWF,0.199940
D,DISPATCH,UNIT_SCADA,1,"2022/10/20 12:10:00",STOCKYD1,85.89
D,DISPATCH,UNIT_SCADA,1,"2022/10/20 12:10:00",STWF1,0
D,DISPATCH,UNIT_SCADA,1,"2022/10/20 12:10:00",SUNRSF1,58.901350
D,DISPATCH,UNIT_SCADA,1,"2022/10/20 12:10:00",SUNTPSF1,120.216060
D,DISPATCH,UNIT_SCADA,1,"2022/10/20 12:10:00",SWAN_E,219.729370
D,DISPATCH,UNIT_SCADA,1,"2022/10/20 12:10:00",TALWA1,0
D,DISPATCH,UNIT_SCADA,1,"2022/10/20 12:10:00",TARALGA1,0
D,DISPATCH,UNIT_SCADA,1,"2022/10/20 12:10:00",TARONG#1,346.800020
D,DISPATCH,UNIT_SCADA,1,"2022/10/20 12:10:00",TARONG#2,345.50
D,DISPATCH,UNIT_SCADA,1,"2022/10/20 12:10:00",TARONG#3,0.90
D,DISPATCH,UNIT_SCADA,1,"2022/10/20 12:10:00",TARONG#4,225.80
D,DISPATCH,UNIT_SCADA,1,"2022/10/20 12:10:00",TARRALEA,53.80
D,DISPATCH,UNIT_SCADA,1,"2022/10/20 12:10:00",TBSF1,0.20
D,DISPATCH,UNIT_SCADA,1,"2022/10/20 12:10:00",TNPS1,383.8750
D,DISPATCH,UNIT_SCADA,1,"2022/10/20 12:10:00",TORRB1,0
D,DISPATCH,UNIT_SCADA,1,"2022/10/20 12:10:00",TORRB2,41
D,DISPATCH,UNIT_SCADA,1,"2022/10/20 12:10:00",TORRB3,0
D,DISPATCH,UNIT_SCADA,1,"2022/10/20 12:10:00",TORRB4,0
D,DISPATCH,UNIT_SCADA,1,"2022/10/20 12:10:00",TREVALLN,98.964840
D,DISPATCH,UNIT_SCADA,1,"2022/10/20 12:10:00",TRIBUTE,0
D,DISPATCH,UNIT_SCADA,1,"2022/10/20 12:10:00",TUMUT3,0
D,DISPATCH,UNIT_SCADA,1,"2022/10/20 12:10:00",TUNGATIN,7.170020
D,DISPATCH,UNIT_SCADA,1,"2022/10/20 12:10:00",TVCC201,0
D,DISPATCH,UNIT_SCADA,1,"2022/10/20 12:10:00",TVPP104,16.3907
D,DISPATCH,UNIT_SCADA,1,"2022/10/20 12:10:00",UPPTUMUT,121.962710
D,DISPATCH,UNIT_SCADA,1,"2022/10/20 12:10:00",URANQ11,0
D,DISPATCH,UNIT_SCADA,1,"2022/10/20 12:10:00",URANQ12,0
D,DISPATCH,UNIT_SCADA,1,"2022/10/20 12:10:00",URANQ13,0
D,DISPATCH,UNIT_SCADA,1,"2022/10/20 12:10:00",URANQ14,0
D,DISPATCH,UNIT_SCADA,1,"2022/10/20 12:10:00",VBBG1,0
D,DISPATCH,UNIT_SCADA,1,"2022/10/20 12:10:00",VBBL1,102.90
D,DISPATCH,UNIT_SCADA,1,"2022/10/20 12:10:00",VP5,500.625640
D,DISPATCH,UNIT_SCADA,1,"2022/10/20 12:10:00",VP6,499.209560
D,DISPATCH,UNIT_SCADA,1,"2022/10/20 12:10:00",VPGS1,0
D,DISPATCH,UNIT_SCADA,1,"2022/10/20 12:10:00",VPGS2,0
D,DISPATCH,UNIT_SCADA,1,"2022/10/20 12:10:00",VPGS3,0
D,DISPATCH,UNIT_SCADA,1,"2022/10/20 12:10:00",VPGS4,0
D,DISPATCH,UNIT_SCADA,1,"2022/10/20 12:10:00",VPGS5,0
D,DISPATCH,UNIT_SCADA,1,"2022/10/20 12:10:00",VPGS6,0
D,DISPATCH,UNIT_SCADA,1,"2022/10/20 12:10:00",W/HOE#1,0
D,DISPATCH,UNIT_SCADA,1,"2022/10/20 12:10:00",W/HOE#2,0
D,DISPATCH,UNIT_SCADA,1,"2022/10/20 12:10:00",WAGGNSF1,0
D,DISPATCH,UNIT_SCADA,1,"2022/10/20 12:10:00",WALGRVG1,0.000930
D,DISPATCH,UNIT_SCADA,1,"2022/10/20 12:10:00",WALGRVL1,0
D,DISPATCH,UNIT_SCADA,1,"2022/10/20 12:10:00",WANDBG1,0
D,DISPATCH,UNIT_SCADA,1,"2022/10/20 12:10:00",WANDBL1,49.938990
D,DISPATCH,UNIT_SCADA,1,"2022/10/20 12:10:00",WARWSF1,11.25
D,DISPATCH,UNIT_SCADA,1,"2022/10/20 12:10:00",WARWSF2,10.33
D,DISPATCH,UNIT_SCADA,1,"2022/10/20 12:10:00",WATERLWF,0
D,DISPATCH,UNIT_SCADA,1,"2022/10/20 12:10:00",WDGPH1,112.265010
D,DISPATCH,UNIT_SCADA,1,"2022/10/20 12:10:00",WELLSF1,132.451350
D,DISPATCH,UNIT_SCADA,1,"2022/10/20 12:10:00",WEMENSF1,26.90
D,DISPATCH,UNIT_SCADA,1,"2022/10/20 12:10:00",WGWF1,3.60
D,DISPATCH,UNIT_SCADA,1,"2022/10/20 12:10:00",WHITSF1,0
D,DISPATCH,UNIT_SCADA,1,"2022/10/20 12:10:00",WINTSF1,83.18
D,DISPATCH,UNIT_SCADA,1,"2022/10/20 12:10:00",WKIEWA1,31.90
D,DISPATCH,UNIT_SCADA,1,"2022/10/20 12:10:00",WKIEWA2,14
D,DISPATCH,UNIT_SCADA,1,"2022/10/20 12:10:00",WOODLWN1,18.901170
D,DISPATCH,UNIT_SCADA,1,"2022/10/20 12:10:00",WOOLGSF1,8.8279
D,DISPATCH,UNIT_SCADA,1,"2022/10/20 12:10:00",WPWF,1.69
D,DISPATCH,UNIT_SCADA,1,"2022/10/20 12:10:00",WRSF1,5.0795
D,DISPATCH,UNIT_SCADA,1,"2022/10/20 12:10:00",WRWF1,3.453420
D,DISPATCH,UNIT_SCADA,1,"2022/10/20 12:10:00",WSTWYSF1,0.046350
D,DISPATCH,UNIT_SCADA,1,"2022/10/20 12:10:00",YABULU,0
D,DISPATCH,UNIT_SCADA,1,"2022/10/20 12:10:00",YABULU2,0
D,DISPATCH,UNIT_SCADA,1,"2022/10/20 12:10:00",YARANSF1,82.87
D,DISPATCH,UNIT_SCADA,1,"2022/10/20 12:10:00",YARWUN_1,161.97
D,DISPATCH,UNIT_SCADA,1,"2022/10/20 12:10:00",YATSF1,49.14
D,DISPATCH,UNIT_SCADA,1,"2022/10/20 12:10:00",YENDWF1,51.69
D,DISPATCH,UNIT_SCADA,1,"2022/10/20 12:10:00",YWPS1,250.622790
D,DISPATCH,UNIT_SCADA,1,"2022/10/20 12:10:00",YWPS2,251.625320
D,DISPATCH,UNIT_SCADA,1,"2022/10/20 12:10:00",YWPS3,277.810120
D,DISPATCH,UNIT_SCADA,1,"2022/10/20 12:10:00",YWPS4,0
C,"END OF REPORT",419
