C,NEMP.WORLD,DISPATCHSCADA,AEMO,PUBLIC,2022/10/20,21:00:10,0000000373280710,DISPATCHSCADA,0000000373280704
I,DISPATCH,UNIT_SCADA,1,SETTLEMENTDATE,DUID,SCADAVALUE
D,DISPATCH,UNIT_SCADA,1,"2022/10/20 21:05:00",BARCSF1,0
D,DISPATCH,UNIT_SCADA,1,"2022/10/20 21:05:00",BUTLERSG,8.699999
D,DISPATCH,UNIT_SCADA,1,"2022/10/20 21:05:00",CAPTL_WF,84.669266
D,DISPATCH,UNIT_SCADA,1,"2022/10/20 21:05:00",CHALLHWF,9.30
D,DISPATCH,UNIT_SCADA,1,"2022/10/20 21:05:00",CLOVER,13.26
D,DISPATCH,UNIT_SCADA,1,"2022/10/20 21:05:00",CLUNY,6.310369
D,DISPATCH,UNIT_SCADA,1,"2022/10/20 21:05:00",CULLRGWF,-0.06
D,DISPATCH,UNIT_SCADA,1,"2022/10/20 21:05:00",DIAPURWF1,0.60
D,DISPATCH,UNIT_SCADA,1,"2022/10/20 21:05:00",ERGT01,0
D,DISPATCH,UNIT_SCADA,1,"2022/10/20 21:05:00",GB01,0
D,DISPATCH,UNIT_SCADA,1,"2022/10/20 21:05:00",GERMCRK,19.200001
D,DISPATCH,UNIT_SCADA,1,"2022/10/20 21:05:00",GRIFSF1,0.001526
D,DISPATCH,UNIT_SCADA,1,"2022/10/20 21:05:00",HEZ1,0
D,DISPATCH,UNIT_SCADA,1,"2022/10/20 21:05:00",HUGSF1,-0.1050
D,DISPATCH,UNIT_SCADA,1,"2022/10/20 21:05:00",KEPBG1,0
D,DISPATCH,UNIT_SCADA,1,"2022/10/20 21:05:00",LRSF1,-0.0320
D,DISPATCH,UNIT_SCADA,1,"2022/10/20 21:05:00",MBAHNTH,45.243744
D,DISPATCH,UNIT_SCADA,1,"2022/10/20 21:05:00",MLSP1,0
D,DISPATCH,UNIT_SCADA,1,"2022/10/20 21:05:00",MLWF1,5.58
D,DISPATCH,UNIT_SCADA,1,"2022/10/20 21:05:00",PALOONA,30.73
D,DISPATCH,UNIT_SCADA,1,"2022/10/20 21:05:00",PIONEER,16.90
D,DISPATCH,UNIT_SCADA,1,"2022/10/20 21:05:00",PORTWF,49.50
D,DISPATCH,UNIT_SCADA,1,"2022/10/20 21:05:00",REPULSE,9.378195
D,DISPATCH,UNIT_SCADA,1,"2022/10/20 21:05:00",ROWALLAN,8.8324
D,DISPATCH,UNIT_SCADA,1,"2022/10/20 21:05:00",ROYALLA1,0
D,DISPATCH,UNIT_SCADA,1,"2022/10/20 21:05:00",RPCG,-0.50
D,DISPATCH,UNIT_SCADA,1,"2022/10/20 21:05:00",RUBICON,0
D,DISPATCH,UNIT_SCADA,1,"2022/10/20 21:05:00",WAUBRAWF,52.001999
D,DISPATCH,UNIT_SCADA,1,"2022/10/20 21:05:00",WOOLNTH1,79.919998
D,DISPATCH,UNIT_SCADA,1,"2022/10/20 21:05:00",YAMBUKWF,4.70
D,DISPATCH,UNIT_SCADA,1,"2022/10/20 21:05:00",YSWF1,0.70
D,DISPATCH,UNIT_SCADA,1,"2022/10/20 21:05:00",ADPBA1G,0.0080
D,DISPATCH,UNIT_SCADA,1,"2022/10/20 21:05:00",ADPBA1L,0
D,DISPATCH,UNIT_SCADA,1,"2022/10/20 21:05:00",ADPPV1,0
D,DISPATCH,UNIT_SCADA,1,"2022/10/20 21:05:00",AGLHAL,31.075480
D,DISPATCH,UNIT_SCADA,1,"2022/10/20 21:05:00",AGLSOM,0
D,DISPATCH,UNIT_SCADA,1,"2022/10/20 21:05:00",ANGAST1,0
D,DISPATCH,UNIT_SCADA,1,"2022/10/20 21:05:00",ARWF1,2.30
D,DISPATCH,UNIT_SCADA,1,"2022/10/20 21:05:00",BALBG1,4.71
D,DISPATCH,UNIT_SCADA,1,"2022/10/20 21:05:00",BALBL1,0
D,DISPATCH,UNIT_SCADA,1,"2022/10/20 21:05:00",BALDHWF1,98.5990
D,DISPATCH,UNIT_SCADA,1,"2022/10/20 21:05:00",BANGOWF1,88.397350
D,DISPATCH,UNIT_SCADA,1,"2022/10/20 21:05:00",BANGOWF2,63.897540
D,DISPATCH,UNIT_SCADA,1,"2022/10/20 21:05:00",BANN1,0
D,DISPATCH,UNIT_SCADA,1,"2022/10/20 21:05:00",BARCALDN,0
D,DISPATCH,UNIT_SCADA,1,"2022/10/20 21:05:00",BARKIPS1,193.44
D,DISPATCH,UNIT_SCADA,1,"2022/10/20 21:05:00",BARRON-1,0
D,DISPATCH,UNIT_SCADA,1,"2022/10/20 21:05:00",BARRON-2,0
D,DISPATCH,UNIT_SCADA,1,"2022/10/20 21:05:00",BASTYAN,0
D,DISPATCH,UNIT_SCADA,1,"2022/10/20 21:05:00",BBTHREE1,0
D,DISPATCH,UNIT_SCADA,1,"2022/10/20 21:05:00",BBTHREE2,0
D,DISPATCH,UNIT_SCADA,1,"2022/10/20 21:05:00",BBTHREE3,-1.12
D,DISPATCH,UNIT_SCADA,1,"2022/10/20 21:05:00",BDL01,0
D,DISPATCH,UNIT_SCADA,1,"2022/10/20 21:05:00",BDL02,0
D,DISPATCH,UNIT_SCADA,1,"2022/10/20 21:05:00",BERYLSF1,0
D,DISPATCH,UNIT_SCADA,1,"2022/10/20 21:05:00",BLOWERNG,62.60
D,DISPATCH,UNIT_SCADA,1,"2022/10/20 21:05:00",BLUEGSF1,0
D,DISPATCH,UNIT_SCADA,1,"2022/10/20 21:05:00",BLUFF1,11.80
D,DISPATCH,UNIT_SCADA,1,"2022/10/20 21:05:00",BNGSF1,0
D,DISPATCH,UNIT_SCADA,1,"2022/10/20 21:05:00",BNGSF2,0
D,DISPATCH,UNIT_SCADA,1,"2022/10/20 21:05:00",BOCORWF1,29.94
D,DISPATCH,UNIT_SCADA,1,"2022/10/20 21:05:00",BODWF1,111.481380
D,DISPATCH,UNIT_SCADA,1,"2022/10/20 21:05:00",BOMENSF1,0
D,DISPATCH,UNIT_SCADA,1,"2022/10/20 21:05:00",BOWWBA1G,0
D,DISPATCH,UNIT_SCADA,1,"2022/10/20 21:05:00",BOWWBA1L,0.0010
D,DISPATCH,UNIT_SCADA,1,"2022/10/20 21:05:00",BOWWPV1,0
D,DISPATCH,UNIT_SCADA,1,"2022/10/20 21:05:00",BRAEMAR1,0
D,DISPATCH,UNIT_SCADA,1,"2022/10/20 21:05:00",BRAEMAR2,0
D,DISPATCH,UNIT_SCADA,1,"2022/10/20 21:05:00",BRAEMAR3,0
D,DISPATCH,UNIT_SCADA,1,"2022/10/20 21:05:00",BRAEMAR5,145.113040
D,DISPATCH,UNIT_SCADA,1,"2022/10/20 21:05:00",BRAEMAR6,0
D,DISPATCH,UNIT_SCADA,1,"2022/10/20 21:05:00",BRAEMAR7,140.943650
D,DISPATCH,UNIT_SCADA,1,"2022/10/20 21:05:00",BROKENH1,0
D,DISPATCH,UNIT_SCADA,1,"2022/10/20 21:05:00",BRYB1WF1,68.137630
D,DISPATCH,UNIT_SCADA,1,"2022/10/20 21:05:00",BULBESG1,0
D,DISPATCH,UNIT_SCADA,1,"2022/10/20 21:05:00",BULBESL1,0.03
D,DISPATCH,UNIT_SCADA,1,"2022/10/20 21:05:00",BULGANA1,28.66
D,DISPATCH,UNIT_SCADA,1,"2022/10/20 21:05:00",BW01,660.178530
D,DISPATCH,UNIT_SCADA,1,"2022/10/20 21:05:00",BW02,640.744630
D,DISPATCH,UNIT_SCADA,1,"2022/10/20 21:05:00",BW03,589.425480
D,DISPATCH,UNIT_SCADA,1,"2022/10/20 21:05:00",BW04,0
D,DISPATCH,UNIT_SCADA,1,"2022/10/20 21:05:00",CALL_B_1,320.50
D,DISPATCH,UNIT_SCADA,1,"2022/10/20 21:05:00",CALL_B_2,320.50
D,DISPATCH,UNIT_SCADA,1,"2022/10/20 21:05:00",CATHROCK,1
D,DISPATCH,UNIT_SCADA,1,"2022/10/20 21:05:00",CBWWBA1G,0
D,DISPATCH,UNIT_SCADA,1,"2022/10/20 21:05:00",CBWWBA1L,0
D,DISPATCH,UNIT_SCADA,1,"2022/10/20 21:05:00",CETHANA,97.7055
D,DISPATCH,UNIT_SCADA,1,"2022/10/20 21:05:00",CG1,0
D,DISPATCH,UNIT_SCADA,1,"2022/10/20 21:05:00",CG2,0
D,DISPATCH,UNIT_SCADA,1,"2022/10/20 21:05:00",CG3,0
D,DISPATCH,UNIT_SCADA,1,"2022/10/20 21:05:00",CG4,0
D,DISPATCH,UNIT_SCADA,1,"2022/10/20 21:05:00",CHILDSF1,0
D,DISPATCH,UNIT_SCADA,1,"2022/10/20 21:05:00",CHYTWF1,2.50
D,DISPATCH,UNIT_SCADA,1,"2022/10/20 21:05:00",CLARESF1,0
D,DISPATCH,UNIT_SCADA,1,"2022/10/20 21:05:00",CLEMGPWF,2.449190
D,DISPATCH,UNIT_SCADA,1,"2022/10/20 21:05:00",CLERMSF1,0
D,DISPATCH,UNIT_SCADA,1,"2022/10/20 21:05:00",CNUNDAWF,15.718340
D,DISPATCH,UNIT_SCADA,1,"2022/10/20 21:05:00",COHUNSF1,0
D,DISPATCH,UNIT_SCADA,1,"2022/10/20 21:05:00",COLEASF1,0
D,DISPATCH,UNIT_SCADA,1,"2022/10/20 21:05:00",COLUMSF1,0
D,DISPATCH,UNIT_SCADA,1,"2022/10/20 21:05:00",COLWF01,129.108110
D,DISPATCH,UNIT_SCADA,1,"2022/10/20 21:05:00",COOPGWF1,380.28
D,DISPATCH,UNIT_SCADA,1,"2022/10/20 21:05:00",CPP_3,379.774990
D,DISPATCH,UNIT_SCADA,1,"2022/10/20 21:05:00",CPP_4,0
D,DISPATCH,UNIT_SCADA,1,"2022/10/20 21:05:00",CPSA,0
D,DISPATCH,UNIT_SCADA,1,"2022/10/20 21:05:00",CROOKWF2,36.594180
D,DISPATCH,UNIT_SCADA,1,"2022/10/20 21:05:00",CROWLWF1,18.913280
D,DISPATCH,UNIT_SCADA,1,"2022/10/20 21:05:00",CRURWF1,89.199280
D,DISPATCH,UNIT_SCADA,1,"2022/10/20 21:05:00",CRWASF1,0
D,DISPATCH,UNIT_SCADA,1,"2022/10/20 21:05:00",CSPVPS1,0
D,DISPATCH,UNIT_SCADA,1,"2022/10/20 21:05:00",CTHLWF1,0.003050
D,DISPATCH,UNIT_SCADA,1,"2022/10/20 21:05:00",DALNTH01,0
D,DISPATCH,UNIT_SCADA,1,"2022/10/20 21:05:00",DALNTHL1,0.044250
D,DISPATCH,UNIT_SCADA,1,"2022/10/20 21:05:00",DARLSF1,0
D,DISPATCH,UNIT_SCADA,1,"2022/10/20 21:05:00",DARTM1,0
D,DISPATCH,UNIT_SCADA,1,"2022/10/20 21:05:00",DAYDSF1,0
D,DISPATCH,UNIT_SCADA,1,"2022/10/20 21:05:00",DDPS1,0
D,DISPATCH,UNIT_SCADA,1,"2022/10/20 21:05:00",DDSF1,0
D,DISPATCH,UNIT_SCADA,1,"2022/10/20 21:05:00",DEVILS_G,58.659020
D,DISPATCH,UNIT_SCADA,1,"2022/10/20 21:05:00",DG_NSW1,0
D,DISPATCH,UNIT_SCADA,1,"2022/10/20 21:05:00",DG_QLD1,0
D,DISPATCH,UNIT_SCADA,1,"2022/10/20 21:05:00",DG_SA1,0
D,DISPATCH,UNIT_SCADA,1,"2022/10/20 21:05:00",DG_TAS1,0
D,DISPATCH,UNIT_SCADA,1,"2022/10/20 21:05:00",DG_VIC1,0
D,DISPATCH,UNIT_SCADA,1,"2022/10/20 21:05:00",DRYCGT1,0
D,DISPATCH,UNIT_SCADA,1,"2022/10/20 21:05:00",DRYCGT2,0
D,DISPATCH,UNIT_SCADA,1,"2022/10/20 21:05:00",DRYCGT3,0
D,DISPATCH,UNIT_SCADA,1,"2022/10/20 21:05:00",DUNDWF1,90.81
D,DISPATCH,UNIT_SCADA,1,"2022/10/20 21:05:00",DUNDWF2,28.06
D,DISPATCH,UNIT_SCADA,1,"2022/10/20 21:05:00",DUNDWF3,78.44
D,DISPATCH,UNIT_SCADA,1,"2022/10/20 21:05:00",EILDON1,59.92
D,DISPATCH,UNIT_SCADA,1,"2022/10/20 21:05:00",EILDON2,60.04
D,DISPATCH,UNIT_SCADA,1,"2022/10/20 21:05:00",ELAINWF1,6.95
D,DISPATCH,UNIT_SCADA,1,"2022/10/20 21:05:00",EMERASF1,0
D,DISPATCH,UNIT_SCADA,1,"2022/10/20 21:05:00",ER01,0
D,DISPATCH,UNIT_SCADA,1,"2022/10/20 21:05:00",ER02,643.772030
D,DISPATCH,UNIT_SCADA,1,"2022/10/20 21:05:00",ER03,653.415710
D,DISPATCH,UNIT_SCADA,1,"2022/10/20 21:05:00",ER04,661.3504
D,DISPATCH,UNIT_SCADA,1,"2022/10/20 21:05:00",FINLYSF1,0
D,DISPATCH,UNIT_SCADA,1,"2022/10/20 21:05:00",FISHER,44.01
D,DISPATCH,UNIT_SCADA,1,"2022/10/20 21:05:00",GANGARR1,0
D,DISPATCH,UNIT_SCADA,1,"2022/10/20 21:05:00",GANNBG1,0
D,DISPATCH,UNIT_SCADA,1,"2022/10/20 21:05:00",GANNBL1,0.033120
D,DISPATCH,UNIT_SCADA,1,"2022/10/20 21:05:00",GANNSF1,0
D,DISPATCH,UNIT_SCADA,1,"2022/10/20 21:05:00",GLRWNSF1,0
D,DISPATCH,UNIT_SCADA,1,"2022/10/20 21:05:00",GNNDHSF1,0
D,DISPATCH,UNIT_SCADA,1,"2022/10/20 21:05:00",GOONSF1,0
D,DISPATCH,UNIT_SCADA,1,"2022/10/20 21:05:00",GORDON,248.474470
D,DISPATCH,UNIT_SCADA,1,"2022/10/20 21:05:00",GRANWF1,0
D,DISPATCH,UNIT_SCADA,1,"2022/10/20 21:05:00",GSTONE1,208.4250
D,DISPATCH,UNIT_SCADA,1,"2022/10/20 21:05:00",GSTONE2,0
D,DISPATCH,UNIT_SCADA,1,"2022/10/20 21:05:00",GSTONE3,200.024990
D,DISPATCH,UNIT_SCADA,1,"2022/10/20 21:05:00",GSTONE4,0
D,DISPATCH,UNIT_SCADA,1,"2022/10/20 21:05:00",GSTONE5,212.974990
D,DISPATCH,UNIT_SCADA,1,"2022/10/20 21:05:00",GSTONE6,213.3250
D,DISPATCH,UNIT_SCADA,1,"2022/10/20 21:05:00",GULLRSF1,0
D,DISPATCH,UNIT_SCADA,1,"2022/10/20 21:05:00",GULLRWF1,67.913970
D,DISPATCH,UNIT_SCADA,1,"2022/10/20 21:05:00",GULLRWF2,101.963960
D,DISPATCH,UNIT_SCADA,1,"2022/10/20 21:05:00",GUNNING1,0
D,DISPATCH,UNIT_SCADA,1,"2022/10/20 21:05:00",GUTHEGA,68.100010
D,DISPATCH,UNIT_SCADA,1,"2022/10/20 21:05:00",HALLWF1,25.39
D,DISPATCH,UNIT_SCADA,1,"2022/10/20 21:05:00",HALLWF2,28.02
D,DISPATCH,UNIT_SCADA,1,"2022/10/20 21:05:00",HAMISF1,0
D,DISPATCH,UNIT_SCADA,1,"2022/10/20 21:05:00",HAUGHT11,0
D,DISPATCH,UNIT_SCADA,1,"2022/10/20 21:05:00",HAYMSF1,0
D,DISPATCH,UNIT_SCADA,1,"2022/10/20 21:05:00",HDWF1,19.70
D,DISPATCH,UNIT_SCADA,1,"2022/10/20 21:05:00",HDWF2,11.30
D,DISPATCH,UNIT_SCADA,1,"2022/10/20 21:05:00",HDWF3,19.60
D,DISPATCH,UNIT_SCADA,1,"2022/10/20 21:05:00",HILLSTN1,0
D,DISPATCH,UNIT_SCADA,1,"2022/10/20 21:05:00",HPRG1,0
D,DISPATCH,UNIT_SCADA,1,"2022/10/20 21:05:00",HPRL1,0.80
D,DISPATCH,UNIT_SCADA,1,"2022/10/20 21:05:00",HUMENSW,54.404470
D,DISPATCH,UNIT_SCADA,1,"2022/10/20 21:05:00",HUMEV,0
D,DISPATCH,UNIT_SCADA,1,"2022/10/20 21:05:00",HVWWBA1G,0
D,DISPATCH,UNIT_SCADA,1,"2022/10/20 21:05:00",HVWWBA1L,0.0070
D,DISPATCH,UNIT_SCADA,1,"2022/10/20 21:05:00",HVWWPV1,0
D,DISPATCH,UNIT_SCADA,1,"2022/10/20 21:05:00",JBUTTERS,19.862210
D,DISPATCH,UNIT_SCADA,1,"2022/10/20 21:05:00",JEMALNG1,0
D,DISPATCH,UNIT_SCADA,1,"2022/10/20 21:05:00",JLA01,0
D,DISPATCH,UNIT_SCADA,1,"2022/10/20 21:05:00",JLA02,0
D,DISPATCH,UNIT_SCADA,1,"2022/10/20 21:05:00",JLA03,0
D,DISPATCH,UNIT_SCADA,1,"2022/10/20 21:05:00",JLA04,0
D,DISPATCH,UNIT_SCADA,1,"2022/10/20 21:05:00",JLB01,0
D,DISPATCH,UNIT_SCADA,1,"2022/10/20 21:05:00",JLB02,0.10
D,DISPATCH,UNIT_SCADA,1,"2022/10/20 21:05:00",JLB03,0
D,DISPATCH,UNIT_SCADA,1,"2022/10/20 21:05:00",JUNEESF1,0
D,DISPATCH,UNIT_SCADA,1,"2022/10/20 21:05:00",KABANWF1,1.1160
D,DISPATCH,UNIT_SCADA,1,"2022/10/20 21:05:00",KAREEYA1,0
D,DISPATCH,UNIT_SCADA,1,"2022/10/20 21:05:00",KAREEYA2,0
D,DISPATCH,UNIT_SCADA,1,"2022/10/20 21:05:00",KAREEYA3,4.8925
D,DISPATCH,UNIT_SCADA,1,"2022/10/20 21:05:00",KAREEYA4,0
D,DISPATCH,UNIT_SCADA,1,"2022/10/20 21:05:00",KARSF1,0
D,DISPATCH,UNIT_SCADA,1,"2022/10/20 21:05:00",KEPSF1,0
D,DISPATCH,UNIT_SCADA,1,"2022/10/20 21:05:00",KEPWF1,2.75
D,DISPATCH,UNIT_SCADA,1,"2022/10/20 21:05:00",KIAMSF1,0
D,DISPATCH,UNIT_SCADA,1,"2022/10/20 21:05:00",KIATAWF1,9.50
D,DISPATCH,UNIT_SCADA,1,"2022/10/20 21:05:00",KPP_1,0
D,DISPATCH,UNIT_SCADA,1,"2022/10/20 21:05:00",KSP1,0
D,DISPATCH,UNIT_SCADA,1,"2022/10/20 21:05:00",LADBROK1,0.01
D,DISPATCH,UNIT_SCADA,1,"2022/10/20 21:05:00",LADBROK2,0.02
D,DISPATCH,UNIT_SCADA,1,"2022/10/20 21:05:00",LBBG1,0
D,DISPATCH,UNIT_SCADA,1,"2022/10/20 21:05:00",LBBL1,0
D,DISPATCH,UNIT_SCADA,1,"2022/10/20 21:05:00",LD01,378.142640
D,DISPATCH,UNIT_SCADA,1,"2022/10/20 21:05:00",LD02,85.000150
D,DISPATCH,UNIT_SCADA,1,"2022/10/20 21:05:00",LD04,313.028350
D,DISPATCH,UNIT_SCADA,1,"2022/10/20 21:05:00",LEM_WIL,86.889530
D,DISPATCH,UNIT_SCADA,1,"2022/10/20 21:05:00",LGAPWF1,96.84
D,DISPATCH,UNIT_SCADA,1,"2022/10/20 21:05:00",LGAPWF2,65.77
D,DISPATCH,UNIT_SCADA,1,"2022/10/20 21:05:00",LILYSF1,0
D,DISPATCH,UNIT_SCADA,1,"2022/10/20 21:05:00",LIMOSF11,0
D,DISPATCH,UNIT_SCADA,1,"2022/10/20 21:05:00",LIMOSF21,0
D,DISPATCH,UNIT_SCADA,1,"2022/10/20 21:05:00",LI_WY_CA,63.072540
D,DISPATCH,UNIT_SCADA,1,"2022/10/20 21:05:00",LKBONNY1,18.040510
D,DISPATCH,UNIT_SCADA,1,"2022/10/20 21:05:00",LKBONNY2,57.777320
D,DISPATCH,UNIT_SCADA,1,"2022/10/20 21:05:00",LKBONNY3,12.839080
D,DISPATCH,UNIT_SCADA,1,"2022/10/20 21:05:00",LK_ECHO,0
D,DISPATCH,UNIT_SCADA,1,"2022/10/20 21:05:00",LNGS1,0
D,DISPATCH,UNIT_SCADA,1,"2022/10/20 21:05:00",LNGS2,0
D,DISPATCH,UNIT_SCADA,1,"2022/10/20 21:05:00",LONSDALE,0
D,DISPATCH,UNIT_SCADA,1,"2022/10/20 21:05:00",LOYYB1,579.322810
D,DISPATCH,UNIT_SCADA,1,"2022/10/20 21:05:00",LOYYB2,575.939270
D,DISPATCH,UNIT_SCADA,1,"2022/10/20 21:05:00",LYA1,561
D,DISPATCH,UNIT_SCADA,1,"2022/10/20 21:05:00",LYA2,0
D,DISPATCH,UNIT_SCADA,1,"2022/10/20 21:05:00",LYA3,559
D,DISPATCH,UNIT_SCADA,1,"2022/10/20 21:05:00",LYA4,562
D,DISPATCH,UNIT_SCADA,1,"2022/10/20 21:05:00",MACARTH1,140.096770
D,DISPATCH,UNIT_SCADA,1,"2022/10/20 21:05:00",MACKNTSH,25.07
D,DISPATCH,UNIT_SCADA,1,"2022/10/20 21:05:00",MANSLR1,0
D,DISPATCH,UNIT_SCADA,1,"2022/10/20 21:05:00",MAPS2PV1,0
D,DISPATCH,UNIT_SCADA,1,"2022/10/20 21:05:00",MAPS3PV1,0
D,DISPATCH,UNIT_SCADA,1,"2022/10/20 21:05:00",MARYRSF1,0
D,DISPATCH,UNIT_SCADA,1,"2022/10/20 21:05:00",MBPS2PV1,0
D,DISPATCH,UNIT_SCADA,1,"2022/10/20 21:05:00",MCKAY1,221.394990
D,DISPATCH,UNIT_SCADA,1,"2022/10/20 21:05:00",MEADOWBK,19.805940
D,DISPATCH,UNIT_SCADA,1,"2022/10/20 21:05:00",MERCER01,21.50
D,DISPATCH,UNIT_SCADA,1,"2022/10/20 21:05:00",METZSF1,0
D,DISPATCH,UNIT_SCADA,1,"2022/10/20 21:05:00",MEWF1,16.692220
D,DISPATCH,UNIT_SCADA,1,"2022/10/20 21:05:00",MIDDLSF1,0
D,DISPATCH,UNIT_SCADA,1,"2022/10/20 21:05:00",MINTARO,0.128180
D,DISPATCH,UNIT_SCADA,1,"2022/10/20 21:05:00",MOLNGSF1,0
D,DISPATCH,UNIT_SCADA,1,"2022/10/20 21:05:00",MOORAWF1,13.65
D,DISPATCH,UNIT_SCADA,1,"2022/10/20 21:05:00",MOREESF1,0
D,DISPATCH,UNIT_SCADA,1,"2022/10/20 21:05:00",MORTLK11,0
D,DISPATCH,UNIT_SCADA,1,"2022/10/20 21:05:00",MORTLK12,0
D,DISPATCH,UNIT_SCADA,1,"2022/10/20 21:05:00",MOUSF1,0
D,DISPATCH,UNIT_SCADA,1,"2022/10/20 21:05:00",MP1,0
D,DISPATCH,UNIT_SCADA,1,"2022/10/20 21:05:00",MP2,459.565120
D,DISPATCH,UNIT_SCADA,1,"2022/10/20 21:05:00",MPP_1,184.347610
D,DISPATCH,UNIT_SCADA,1,"2022/10/20 21:05:00",MPP_2,175.939730
D,DISPATCH,UNIT_SCADA,1,"2022/10/20 21:05:00",MRTLSWF1,0
D,DISPATCH,UNIT_SCADA,1,"2022/10/20 21:05:00",MSTUART1,0
D,DISPATCH,UNIT_SCADA,1,"2022/10/20 21:05:00",MSTUART2,0
D,DISPATCH,UNIT_SCADA,1,"2022/10/20 21:05:00",MSTUART3,0
D,DISPATCH,UNIT_SCADA,1,"2022/10/20 21:05:00",MTGELWF1,34.252450
D,DISPATCH,UNIT_SCADA,1,"2022/10/20 21:05:00",MTMILLAR,23.50
D,DISPATCH,UNIT_SCADA,1,"2022/10/20 21:05:00",MURRAY,60.40
D,DISPATCH,UNIT_SCADA,1,"2022/10/20 21:05:00",MUSSELR1,19.50
D,DISPATCH,UNIT_SCADA,1,"2022/10/20 21:05:00",MUWAWF1,14.17
D,DISPATCH,UNIT_SCADA,1,"2022/10/20 21:05:00",MUWAWF2,21.30
D,DISPATCH,UNIT_SCADA,1,"2022/10/20 21:05:00",MWPS1PV1,0
D,DISPATCH,UNIT_SCADA,1,"2022/10/20 21:05:00",MWPS2PV1,0
D,DISPATCH,UNIT_SCADA,1,"2022/10/20 21:05:00",MWPS3PV1,0
D,DISPATCH,UNIT_SCADA,1,"2022/10/20 21:05:00",MWPS4PV1,0
D,DISPATCH,UNIT_SCADA,1,"2022/10/20 21:05:00",NBHWF1,24.40
D,DISPATCH,UNIT_SCADA,1,"2022/10/20 21:05:00",NEVERSF1,0
D,DISPATCH,UNIT_SCADA,1,"2022/10/20 21:05:00",NPS,0
D,DISPATCH,UNIT_SCADA,1,"2022/10/20 21:05:00",NUMURSF1,0
D,DISPATCH,UNIT_SCADA,1,"2022/10/20 21:05:00",NYNGAN1,0
D,DISPATCH,UNIT_SCADA,1,"2022/10/20 21:05:00",OAKEY1,0
D,DISPATCH,UNIT_SCADA,1,"2022/10/20 21:05:00",OAKEY1SF,0
D,DISPATCH,UNIT_SCADA,1,"2022/10/20 21:05:00",OAKEY2,0
D,DISPATCH,UNIT_SCADA,1,"2022/10/20 21:05:00",OAKEY2SF,0
D,DISPATCH,UNIT_SCADA,1,"2022/10/20 21:05:00",OAKLAND1,22.20
D,DISPATCH,UNIT_SCADA,1,"2022/10/20 21:05:00",OSB-AG,177.569990
D,DISPATCH,UNIT_SCADA,1,"2022/10/20 21:05:00",PAREPS1,0
D,DISPATCH,UNIT_SCADA,1,"2022/10/20 21:05:00",PAREPW1,60.02
D,DISPATCH,UNIT_SCADA,1,"2022/10/20 21:05:00",PARSF1,0.001530
D,DISPATCH,UNIT_SCADA,1,"2022/10/20 21:05:00",POAT110,3.16
D,DISPATCH,UNIT_SCADA,1,"2022/10/20 21:05:00",POAT220,0
D,DISPATCH,UNIT_SCADA,1,"2022/10/20 21:05:00",POR01,0
D,DISPATCH,UNIT_SCADA,1,"2022/10/20 21:05:00",POR03,0
D,DISPATCH,UNIT_SCADA,1,"2022/10/20 21:05:00",PPCCGT,166.169980
D,DISPATCH,UNIT_SCADA,1,"2022/10/20 21:05:00",PTSTAN1,0
D,DISPATCH,UNIT_SCADA,1,"2022/10/20 21:05:00",PUMP1,0
D,DISPATCH,UNIT_SCADA,1,"2022/10/20 21:05:00",PUMP2,0
D,DISPATCH,UNIT_SCADA,1,"2022/10/20 21:05:00",QBYNBG1,0
D,DISPATCH,UNIT_SCADA,1,"2022/10/20 21:05:00",QBYNBL1,0.0005
D,DISPATCH,UNIT_SCADA,1,"2022/10/20 21:05:00",QPS1,0
D,DISPATCH,UNIT_SCADA,1,"2022/10/20 21:05:00",QPS2,0
D,DISPATCH,UNIT_SCADA,1,"2022/10/20 21:05:00",QPS3,0
D,DISPATCH,UNIT_SCADA,1,"2022/10/20 21:05:00",QPS4,0
D,DISPATCH,UNIT_SCADA,1,"2022/10/20 21:05:00",QPS5,0
D,DISPATCH,UNIT_SCADA,1,"2022/10/20 21:05:00",REECE1,45.174230
D,DISPATCH,UNIT_SCADA,1,"2022/10/20 21:05:00",REECE2,0
D,DISPATCH,UNIT_SCADA,1,"2022/10/20 21:05:00",ROMA_7,0
D,DISPATCH,UNIT_SCADA,1,"2022/10/20 21:05:00",ROMA_8,0
D,DISPATCH,UNIT_SCADA,1,"2022/10/20 21:05:00",RRSF1,0
D,DISPATCH,UNIT_SCADA,1,"2022/10/20 21:05:00",RT_NSW1,0
D,DISPATCH,UNIT_SCADA,1,"2022/10/20 21:05:00",RT_NSW2,0
D,DISPATCH,UNIT_SCADA,1,"2022/10/20 21:05:00",RT_NSW3,0
D,DISPATCH,UNIT_SCADA,1,"2022/10/20 21:05:00",RT_NSW4,0
D,DISPATCH,UNIT_SCADA,1,"2022/10/20 21:05:00",RT_NSW5,0
D,DISPATCH,UNIT_SCADA,1,"2022/10/20 21:05:00",RT_NSW6,0
D,DISPATCH,UNIT_SCADA,1,"2022/10/20 21:05:00",RT_QLD1,0
D,DISPATCH,UNIT_SCADA,1,"2022/10/20 21:05:00",RT_SA1,0
D,DISPATCH,UNIT_SCADA,1,"2022/10/20 21:05:00",RT_SA2,0
D,DISPATCH,UNIT_SCADA,1,"2022/10/20 21:05:00",RT_SA3,0
D,DISPATCH,UNIT_SCADA,1,"2022/10/20 21:05:00",RT_SA4,0
D,DISPATCH,UNIT_SCADA,1,"2022/10/20 21:05:00",RT_SA5,0
D,DISPATCH,UNIT_SCADA,1,"2022/10/20 21:05:00",RT_SA6,0
D,DISPATCH,UNIT_SCADA,1,"2022/10/20 21:05:00",RT_TAS1,0
D,DISPATCH,UNIT_SCADA,1,"2022/10/20 21:05:00",RT_VIC1,0
D,DISPATCH,UNIT_SCADA,1,"2022/10/20 21:05:00",RT_VIC10,0
D,DISPATCH,UNIT_SCADA,1,"2022/10/20 21:05:00",RT_VIC11,0
D,DISPATCH,UNIT_SCADA,1,"2022/10/20 21:05:00",RT_VIC12,0
D,DISPATCH,UNIT_SCADA,1,"2022/10/20 21:05:00",RT_VIC2,0
D,DISPATCH,UNIT_SCADA,1,"2022/10/20 21:05:00",RT_VIC3,0
D,DISPATCH,UNIT_SCADA,1,"2022/10/20 21:05:00",RT_VIC4,0
D,DISPATCH,UNIT_SCADA,1,"2022/10/20 21:05:00",RT_VIC5,0
D,DISPATCH,UNIT_SCADA,1,"2022/10/20 21:05:00",RT_VIC6,0
D,DISPATCH,UNIT_SCADA,1,"2022/10/20 21:05:00",RT_VIC7,0
D,DISPATCH,UNIT_SCADA,1,"2022/10/20 21:05:00",RT_VIC8,0
D,DISPATCH,UNIT_SCADA,1,"2022/10/20 21:05:00",RT_VIC9,0
D,DISPATCH,UNIT_SCADA,1,"2022/10/20 21:05:00",RUGBYR1,0
D,DISPATCH,UNIT_SCADA,1,"2022/10/20 21:05:00",SALTCRK1,25.86
D,DISPATCH,UNIT_SCADA,1,"2022/10/20 21:05:00",SAPHWF1,248.931110
D,DISPATCH,UNIT_SCADA,1,"2022/10/20 21:05:00",SEBSF1,0
D,DISPATCH,UNIT_SCADA,1,"2022/10/20 21:05:00",SHGEN,0
D,DISPATCH,UNIT_SCADA,1,"2022/10/20 21:05:00",SHPUMP,0
D,DISPATCH,UNIT_SCADA,1,"2022/10/20 21:05:00",SITHE01,0.133760
D,DISPATCH,UNIT_SCADA,1,"2022/10/20 21:05:00",SMCSF1,0
D,DISPATCH,UNIT_SCADA,1,"2022/10/20 21:05:00",SNAPPER1,0
D,DISPATCH,UNIT_SCADA,1,"2022/10/20 21:05:00",SNOWNTH1,50.90
D,DISPATCH,UNIT_SCADA,1,"2022/10/20 21:05:00",SNOWSTH1,28.60
D,DISPATCH,UNIT_SCADA,1,"2022/10/20 21:05:00",SNOWTWN1,34.074620
D,DISPATCH,UNIT_SCADA,1,"2022/10/20 21:05:00",SNOWYP,0
D,DISPATCH,UNIT_SCADA,1,"2022/10/20 21:05:00",SNUG1,0
D,DISPATCH,UNIT_SCADA,1,"2022/10/20 21:05:00",SRSF1,0
D,DISPATCH,UNIT_SCADA,1,"2022/10/20 21:05:00",STAN-1,279.133240
D,DISPATCH,UNIT_SCADA,1,"2022/10/20 21:05:00",STAN-2,364.948390
D,DISPATCH,UNIT_SCADA,1,"2022/10/20 21:05:00",STAN-3,365.794370
D,DISPATCH,UNIT_SCADA,1,"2022/10/20 21:05:00",STAN-4,365.012480
D,DISPATCH,UNIT_SCADA,1,"2022/10/20 21:05:00",STARHLWF,20.993880
D,DISPATCH,UNIT_SCADA,1,"2022/10/20 21:05:00",STOCKYD1,170.44
D,DISPATCH,UNIT_SCADA,1,"2022/10/20 21:05:00",STWF1,55.443350
D,DISPATCH,UNIT_SCADA,1,"2022/10/20 21:05:00",SUNRSF1,0
D,DISPATCH,UNIT_SCADA,1,"2022/10/20 21:05:00",SUNTPSF1,0
D,DISPATCH,UNIT_SCADA,1,"2022/10/20 21:05:00",SWAN_E,344.139370
D,DISPATCH,UNIT_SCADA,1,"2022/10/20 21:05:00",TALWA1,0
D,DISPATCH,UNIT_SCADA,1,"2022/10/20 21:05:00",TARALGA1,0
D,DISPATCH,UNIT_SCADA,1,"2022/10/20 21:05:00",TARONG#1,350
D,DISPATCH,UNIT_SCADA,1,"2022/10/20 21:05:00",TARONG#2,349.800020
D,DISPATCH,UNIT_SCADA,1,"2022/10/20 21:05:00",TARONG#3,0.90
D,DISPATCH,UNIT_SCADA,1,"2022/10/20 21:05:00",TARONG#4,295.200010
D,DISPATCH,UNIT_SCADA,1,"2022/10/20 21:05:00",TARRALEA,54
D,DISPATCH,UNIT_SCADA,1,"2022/10/20 21:05:00",TBSF1,0
D,DISPATCH,UNIT_SCADA,1,"2022/10/20 21:05:00",TNPS1,420.6250
D,DISPATCH,UNIT_SCADA,1,"2022/10/20 21:05:00",TORRB1,0
D,DISPATCH,UNIT_SCADA,1,"2022/10/20 21:05:00",TORRB2,62
D,DISPATCH,UNIT_SCADA,1,"2022/10/20 21:05:00",TORRB3,0
D,DISPATCH,UNIT_SCADA,1,"2022/10/20 21:05:00",TORRB4,0
D,DISPATCH,UNIT_SCADA,1,"2022/10/20 21:05:00",TREVALLN,98.0236
D,DISPATCH,UNIT_SCADA,1,"2022/10/20 21:05:00",TRIBUTE,0
D,DISPATCH,UNIT_SCADA,1,"2022/10/20 21:05:00",TUMUT3,140.399990
D,DISPATCH,UNIT_SCADA,1,"2022/10/20 21:05:00",TUNGATIN,6.540020
D,DISPATCH,UNIT_SCADA,1,"2022/10/20 21:05:00",TVCC201,0
D,DISPATCH,UNIT_SCADA,1,"2022/10/20 21:05:00",TVPP104,0
D,DISPATCH,UNIT_SCADA,1,"2022/10/20 21:05:00",UPPTUMUT,0
D,DISPATCH,UNIT_SCADA,1,"2022/10/20 21:05:00",URANQ11,0
D,DISPATCH,UNIT_SCADA,1,"2022/10/20 21:05:00",URANQ12,0
D,DISPATCH,UNIT_SCADA,1,"2022/10/20 21:05:00",URANQ13,0
D,DISPATCH,UNIT_SCADA,1,"2022/10/20 21:05:00",URANQ14,0
D,DISPATCH,UNIT_SCADA,1,"2022/10/20 21:05:00",VBBG1,8.90
D,DISPATCH,UNIT_SCADA,1,"2022/10/20 21:05:00",VBBL1,0
D,DISPATCH,UNIT_SCADA,1,"2022/10/20 21:05:00",VP5,552.433840
D,DISPATCH,UNIT_SCADA,1,"2022/10/20 21:05:00",VP6,591.009280
D,DISPATCH,UNIT_SCADA,1,"2022/10/20 21:05:00",VPGS1,0
D,DISPATCH,UNIT_SCADA,1,"2022/10/20 21:05:00",VPGS2,0
D,DISPATCH,UNIT_SCADA,1,"2022/10/20 21:05:00",VPGS3,0
D,DISPATCH,UNIT_SCADA,1,"2022/10/20 21:05:00",VPGS4,0
D,DISPATCH,UNIT_SCADA,1,"2022/10/20 21:05:00",VPGS5,0
D,DISPATCH,UNIT_SCADA,1,"2022/10/20 21:05:00",VPGS6,0
D,DISPATCH,UNIT_SCADA,1,"2022/10/20 21:05:00",W/HOE#1,0
D,DISPATCH,UNIT_SCADA,1,"2022/10/20 21:05:00",W/HOE#2,0
D,DISPATCH,UNIT_SCADA,1,"2022/10/20 21:05:00",WAGGNSF1,0
D,DISPATCH,UNIT_SCADA,1,"2022/10/20 21:05:00",WALGRVG1,0.000930
D,DISPATCH,UNIT_SCADA,1,"2022/10/20 21:05:00",WALGRVL1,0
D,DISPATCH,UNIT_SCADA,1,"2022/10/20 21:05:00",WANDBG1,0
D,DISPATCH,UNIT_SCADA,1,"2022/10/20 21:05:00",WANDBL1,0
D,DISPATCH,UNIT_SCADA,1,"2022/10/20 21:05:00",WARWSF1,0
D,DISPATCH,UNIT_SCADA,1,"2022/10/20 21:05:00",WARWSF2,0
D,DISPATCH,UNIT_SCADA,1,"2022/10/20 21:05:00",WATERLWF,13.40
D,DISPATCH,UNIT_SCADA,1,"2022/10/20 21:05:00",WDGPH1,0
D,DISPATCH,UNIT_SCADA,1,"2022/10/20 21:05:00",WELLSF1,0
D,DISPATCH,UNIT_SCADA,1,"2022/10/20 21:05:00",WEMENSF1,0
D,DISPATCH,UNIT_SCADA,1,"2022/10/20 21:05:00",WGWF1,30
D,DISPATCH,UNIT_SCADA,1,"2022/10/20 21:05:00",WHITSF1,0
D,DISPATCH,UNIT_SCADA,1,"2022/10/20 21:05:00",WINTSF1,0
D,DISPATCH,UNIT_SCADA,1,"2022/10/20 21:05:00",WKIEWA1,33.90
D,DISPATCH,UNIT_SCADA,1,"2022/10/20 21:05:00",WKIEWA2,34
D,DISPATCH,UNIT_SCADA,1,"2022/10/20 21:05:00",WOODLWN1,33.886750
D,DISPATCH,UNIT_SCADA,1,"2022/10/20 21:05:00",WOOLGSF1,0
D,DISPATCH,UNIT_SCADA,1,"2022/10/20 21:05:00",WPWF,59.02
D,DISPATCH,UNIT_SCADA,1,"2022/10/20 21:05:00",WRSF1,0
D,DISPATCH,UNIT_SCADA,1,"2022/10/20 21:05:00",WRWF1,142.861690
D,DISPATCH,UNIT_SCADA,1,"2022/10/20 21:05:00",WSTWYSF1,0
D,DISPATCH,UNIT_SCADA,1,"2022/10/20 21:05:00",YABULU,153.090010
D,DISPATCH,UNIT_SCADA,1,"2022/10/20 21:05:00",YABULU2,0
D,DISPATCH,UNIT_SCADA,1,"2022/10/20 21:05:00",YARANSF1,0
D,DISPATCH,UNIT_SCADA,1,"2022/10/20 21:05:00",YARWUN_1,163.489990
D,DISPATCH,UNIT_SCADA,1,"2022/10/20 21:05:00",YATSF1,0
D,DISPATCH,UNIT_SCADA,1,"2022/10/20 21:05:00",YENDWF1,8.31
D,DISPATCH,UNIT_SCADA,1,"2022/10/20 21:05:00",YWPS1,322.554440
D,DISPATCH,UNIT_SCADA,1,"2022/10/20 21:05:00",YWPS2,359.397460
D,DISPATCH,UNIT_SCADA,1,"2022/10/20 21:05:00",YWPS3,360.799990
D,DISPATCH,UNIT_SCADA,1,"2022/10/20 21:05:00",YWPS4,0
C,"END OF REPORT",419
