C,NEMP.WORLD,DISPATCHSCADA,AEMO,PUBLIC,2022/10/20,16:30:09,0000000373267076,DISPATCHSCADA,0000000373267070
I,DISPATCH,UNIT_SCADA,1,SETTLEMENTDATE,DUID,SCADAVALUE
D,DISPATCH,UNIT_SCADA,1,"2022/10/20 16:35:00",BARCSF1,2.40
D,DISPATCH,UNIT_SCADA,1,"2022/10/20 16:35:00",BUTLERSG,8.699999
D,DISPATCH,UNIT_SCADA,1,"2022/10/20 16:35:00",CAPTL_WF,92.532661
D,DISPATCH,UNIT_SCADA,1,"2022/10/20 16:35:00",CHALLHWF,15.70
D,DISPATCH,UNIT_SCADA,1,"2022/10/20 16:35:00",CLOVER,10.39
D,DISPATCH,UNIT_SCADA,1,"2022/10/20 16:35:00",CLUNY,6.224308
D,DISPATCH,UNIT_SCADA,1,"2022/10/20 16:35:00",CULLRGWF,-0.02
D,DISPATCH,UNIT_SCADA,1,"2022/10/20 16:35:00",DIAPURWF1,2.40
D,DISPATCH,UNIT_SCADA,1,"2022/10/20 16:35:00",ERGT01,0
D,DISPATCH,UNIT_SCADA,1,"2022/10/20 16:35:00",GB01,0
D,DISPATCH,UNIT_SCADA,1,"2022/10/20 16:35:00",GERMCRK,20.799999
D,DISPATCH,UNIT_SCADA,1,"2022/10/20 16:35:00",GRIFSF1,4.701304
D,DISPATCH,UNIT_SCADA,1,"2022/10/20 16:35:00",HEZ1,0
D,DISPATCH,UNIT_SCADA,1,"2022/10/20 16:35:00",HUGSF1,1.6860
D,DISPATCH,UNIT_SCADA,1,"2022/10/20 16:35:00",KEPBG1,0
D,DISPATCH,UNIT_SCADA,1,"2022/10/20 16:35:00",LRSF1,11.0810
D,DISPATCH,UNIT_SCADA,1,"2022/10/20 16:35:00",MBAHNTH,41.981247
D,DISPATCH,UNIT_SCADA,1,"2022/10/20 16:35:00",MLSP1,1.797001
D,DISPATCH,UNIT_SCADA,1,"2022/10/20 16:35:00",MLWF1,6.99
D,DISPATCH,UNIT_SCADA,1,"2022/10/20 16:35:00",PALOONA,30.379999
D,DISPATCH,UNIT_SCADA,1,"2022/10/20 16:35:00",PIONEER,32.400002
D,DISPATCH,UNIT_SCADA,1,"2022/10/20 16:35:00",PORTWF,35.400002
D,DISPATCH,UNIT_SCADA,1,"2022/10/20 16:35:00",REPULSE,9.556420
D,DISPATCH,UNIT_SCADA,1,"2022/10/20 16:35:00",ROWALLAN,8.8963
D,DISPATCH,UNIT_SCADA,1,"2022/10/20 16:35:00",ROYALLA1,1.934003
D,DISPATCH,UNIT_SCADA,1,"2022/10/20 16:35:00",RPCG,-1.80
D,DISPATCH,UNIT_SCADA,1,"2022/10/20 16:35:00",RUBICON,0
D,DISPATCH,UNIT_SCADA,1,"2022/10/20 16:35:00",WAUBRAWF,55.070999
D,DISPATCH,UNIT_SCADA,1,"2022/10/20 16:35:00",WOOLNTH1,95.259995
D,DISPATCH,UNIT_SCADA,1,"2022/10/20 16:35:00",YAMBUKWF,1.90
D,DISPATCH,UNIT_SCADA,1,"2022/10/20 16:35:00",YSWF1,2
D,DISPATCH,UNIT_SCADA,1,"2022/10/20 16:35:00",ADPBA1G,0.0080
D,DISPATCH,UNIT_SCADA,1,"2022/10/20 16:35:00",ADPBA1L,0
D,DISPATCH,UNIT_SCADA,1,"2022/10/20 16:35:00",ADPPV1,8.7870
D,DISPATCH,UNIT_SCADA,1,"2022/10/20 16:35:00",AGLHAL,0
D,DISPATCH,UNIT_SCADA,1,"2022/10/20 16:35:00",AGLSOM,0
D,DISPATCH,UNIT_SCADA,1,"2022/10/20 16:35:00",ANGAST1,0
D,DISPATCH,UNIT_SCADA,1,"2022/10/20 16:35:00",ARWF1,57.50
D,DISPATCH,UNIT_SCADA,1,"2022/10/20 16:35:00",BALBG1,0
D,DISPATCH,UNIT_SCADA,1,"2022/10/20 16:35:00",BALBL1,1.44
D,DISPATCH,UNIT_SCADA,1,"2022/10/20 16:35:00",BALDHWF1,100.8180
D,DISPATCH,UNIT_SCADA,1,"2022/10/20 16:35:00",BANGOWF1,74.197910
D,DISPATCH,UNIT_SCADA,1,"2022/10/20 16:35:00",BANGOWF2,9
D,DISPATCH,UNIT_SCADA,1,"2022/10/20 16:35:00",BANN1,13.91
D,DISPATCH,UNIT_SCADA,1,"2022/10/20 16:35:00",BARCALDN,0
D,DISPATCH,UNIT_SCADA,1,"2022/10/20 16:35:00",BARKIPS1,0
D,DISPATCH,UNIT_SCADA,1,"2022/10/20 16:35:00",BARRON-1,25.64
D,DISPATCH,UNIT_SCADA,1,"2022/10/20 16:35:00",BARRON-2,25.28
D,DISPATCH,UNIT_SCADA,1,"2022/10/20 16:35:00",BASTYAN,53.30
D,DISPATCH,UNIT_SCADA,1,"2022/10/20 16:35:00",BBTHREE1,0
D,DISPATCH,UNIT_SCADA,1,"2022/10/20 16:35:00",BBTHREE2,0
D,DISPATCH,UNIT_SCADA,1,"2022/10/20 16:35:00",BBTHREE3,-1.12
D,DISPATCH,UNIT_SCADA,1,"2022/10/20 16:35:00",BDL01,0
D,DISPATCH,UNIT_SCADA,1,"2022/10/20 16:35:00",BDL02,0
D,DISPATCH,UNIT_SCADA,1,"2022/10/20 16:35:00",BERYLSF1,29.520390
D,DISPATCH,UNIT_SCADA,1,"2022/10/20 16:35:00",BLOWERNG,62.50
D,DISPATCH,UNIT_SCADA,1,"2022/10/20 16:35:00",BLUEGSF1,10.147840
D,DISPATCH,UNIT_SCADA,1,"2022/10/20 16:35:00",BLUFF1,0
D,DISPATCH,UNIT_SCADA,1,"2022/10/20 16:35:00",BNGSF1,110.10
D,DISPATCH,UNIT_SCADA,1,"2022/10/20 16:35:00",BNGSF2,109.09
D,DISPATCH,UNIT_SCADA,1,"2022/10/20 16:35:00",BOCORWF1,68.76
D,DISPATCH,UNIT_SCADA,1,"2022/10/20 16:35:00",BODWF1,98.932450
D,DISPATCH,UNIT_SCADA,1,"2022/10/20 16:35:00",BOMENSF1,13.632410
D,DISPATCH,UNIT_SCADA,1,"2022/10/20 16:35:00",BOWWBA1G,0
D,DISPATCH,UNIT_SCADA,1,"2022/10/20 16:35:00",BOWWBA1L,0.0020
D,DISPATCH,UNIT_SCADA,1,"2022/10/20 16:35:00",BOWWPV1,0
D,DISPATCH,UNIT_SCADA,1,"2022/10/20 16:35:00",BRAEMAR1,0
D,DISPATCH,UNIT_SCADA,1,"2022/10/20 16:35:00",BRAEMAR2,0
D,DISPATCH,UNIT_SCADA,1,"2022/10/20 16:35:00",BRAEMAR3,0
D,DISPATCH,UNIT_SCADA,1,"2022/10/20 16:35:00",BRAEMAR5,0.292060
D,DISPATCH,UNIT_SCADA,1,"2022/10/20 16:35:00",BRAEMAR6,0
D,DISPATCH,UNIT_SCADA,1,"2022/10/20 16:35:00",BRAEMAR7,139.473280
D,DISPATCH,UNIT_SCADA,1,"2022/10/20 16:35:00",BROKENH1,10.999830
D,DISPATCH,UNIT_SCADA,1,"2022/10/20 16:35:00",BRYB1WF1,84.910350
D,DISPATCH,UNIT_SCADA,1,"2022/10/20 16:35:00",BULBESG1,0.02
D,DISPATCH,UNIT_SCADA,1,"2022/10/20 16:35:00",BULBESL1,0
D,DISPATCH,UNIT_SCADA,1,"2022/10/20 16:35:00",BULGANA1,31.53
D,DISPATCH,UNIT_SCADA,1,"2022/10/20 16:35:00",BW01,660.227360
D,DISPATCH,UNIT_SCADA,1,"2022/10/20 16:35:00",BW02,619.772640
D,DISPATCH,UNIT_SCADA,1,"2022/10/20 16:35:00",BW03,476.093690
D,DISPATCH,UNIT_SCADA,1,"2022/10/20 16:35:00",BW04,0
D,DISPATCH,UNIT_SCADA,1,"2022/10/20 16:35:00",CALL_B_1,321
D,DISPATCH,UNIT_SCADA,1,"2022/10/20 16:35:00",CALL_B_2,318.399990
D,DISPATCH,UNIT_SCADA,1,"2022/10/20 16:35:00",CATHROCK,9.10
D,DISPATCH,UNIT_SCADA,1,"2022/10/20 16:35:00",CBWWBA1G,0
D,DISPATCH,UNIT_SCADA,1,"2022/10/20 16:35:00",CBWWBA1L,0
D,DISPATCH,UNIT_SCADA,1,"2022/10/20 16:35:00",CETHANA,98.304250
D,DISPATCH,UNIT_SCADA,1,"2022/10/20 16:35:00",CG1,0
D,DISPATCH,UNIT_SCADA,1,"2022/10/20 16:35:00",CG2,0
D,DISPATCH,UNIT_SCADA,1,"2022/10/20 16:35:00",CG3,0
D,DISPATCH,UNIT_SCADA,1,"2022/10/20 16:35:00",CG4,0
D,DISPATCH,UNIT_SCADA,1,"2022/10/20 16:35:00",CHILDSF1,3.94
D,DISPATCH,UNIT_SCADA,1,"2022/10/20 16:35:00",CHYTWF1,8.29
D,DISPATCH,UNIT_SCADA,1,"2022/10/20 16:35:00",CLARESF1,0
D,DISPATCH,UNIT_SCADA,1,"2022/10/20 16:35:00",CLEMGPWF,14.262930
D,DISPATCH,UNIT_SCADA,1,"2022/10/20 16:35:00",CLERMSF1,19.61
D,DISPATCH,UNIT_SCADA,1,"2022/10/20 16:35:00",CNUNDAWF,10.011680
D,DISPATCH,UNIT_SCADA,1,"2022/10/20 16:35:00",COHUNSF1,15.20
D,DISPATCH,UNIT_SCADA,1,"2022/10/20 16:35:00",COLEASF1,7.700850
D,DISPATCH,UNIT_SCADA,1,"2022/10/20 16:35:00",COLUMSF1,3.0940
D,DISPATCH,UNIT_SCADA,1,"2022/10/20 16:35:00",COLWF01,99.159230
D,DISPATCH,UNIT_SCADA,1,"2022/10/20 16:35:00",COOPGWF1,287.47
D,DISPATCH,UNIT_SCADA,1,"2022/10/20 16:35:00",CPP_3,370.149990
D,DISPATCH,UNIT_SCADA,1,"2022/10/20 16:35:00",CPP_4,0
D,DISPATCH,UNIT_SCADA,1,"2022/10/20 16:35:00",CPSA,0
D,DISPATCH,UNIT_SCADA,1,"2022/10/20 16:35:00",CROOKWF2,43.002980
D,DISPATCH,UNIT_SCADA,1,"2022/10/20 16:35:00",CROWLWF1,24.134660
D,DISPATCH,UNIT_SCADA,1,"2022/10/20 16:35:00",CRURWF1,45.797740
D,DISPATCH,UNIT_SCADA,1,"2022/10/20 16:35:00",CRWASF1,27.107330
D,DISPATCH,UNIT_SCADA,1,"2022/10/20 16:35:00",CSPVPS1,14.76
D,DISPATCH,UNIT_SCADA,1,"2022/10/20 16:35:00",CTHLWF1,0.003050
D,DISPATCH,UNIT_SCADA,1,"2022/10/20 16:35:00",DALNTH01,0
D,DISPATCH,UNIT_SCADA,1,"2022/10/20 16:35:00",DALNTHL1,0.148010
D,DISPATCH,UNIT_SCADA,1,"2022/10/20 16:35:00",DARLSF1,159.937560
D,DISPATCH,UNIT_SCADA,1,"2022/10/20 16:35:00",DARTM1,0
D,DISPATCH,UNIT_SCADA,1,"2022/10/20 16:35:00",DAYDSF1,111.2050
D,DISPATCH,UNIT_SCADA,1,"2022/10/20 16:35:00",DDPS1,0
D,DISPATCH,UNIT_SCADA,1,"2022/10/20 16:35:00",DDSF1,8.059390
D,DISPATCH,UNIT_SCADA,1,"2022/10/20 16:35:00",DEVILS_G,60.197150
D,DISPATCH,UNIT_SCADA,1,"2022/10/20 16:35:00",DG_NSW1,0
D,DISPATCH,UNIT_SCADA,1,"2022/10/20 16:35:00",DG_QLD1,0
D,DISPATCH,UNIT_SCADA,1,"2022/10/20 16:35:00",DG_SA1,0
D,DISPATCH,UNIT_SCADA,1,"2022/10/20 16:35:00",DG_TAS1,0
D,DISPATCH,UNIT_SCADA,1,"2022/10/20 16:35:00",DG_VIC1,0
D,DISPATCH,UNIT_SCADA,1,"2022/10/20 16:35:00",DRYCGT1,0
D,DISPATCH,UNIT_SCADA,1,"2022/10/20 16:35:00",DRYCGT2,0
D,DISPATCH,UNIT_SCADA,1,"2022/10/20 16:35:00",DRYCGT3,0
D,DISPATCH,UNIT_SCADA,1,"2022/10/20 16:35:00",DUNDWF1,74.28
D,DISPATCH,UNIT_SCADA,1,"2022/10/20 16:35:00",DUNDWF2,14.31
D,DISPATCH,UNIT_SCADA,1,"2022/10/20 16:35:00",DUNDWF3,67.52
D,DISPATCH,UNIT_SCADA,1,"2022/10/20 16:35:00",EILDON1,60.08
D,DISPATCH,UNIT_SCADA,1,"2022/10/20 16:35:00",EILDON2,59.92
D,DISPATCH,UNIT_SCADA,1,"2022/10/20 16:35:00",ELAINWF1,22.89
D,DISPATCH,UNIT_SCADA,1,"2022/10/20 16:35:00",EMERASF1,0
D,DISPATCH,UNIT_SCADA,1,"2022/10/20 16:35:00",ER01,0
D,DISPATCH,UNIT_SCADA,1,"2022/10/20 16:35:00",ER02,673.972660
D,DISPATCH,UNIT_SCADA,1,"2022/10/20 16:35:00",ER03,639.3042
D,DISPATCH,UNIT_SCADA,1,"2022/10/20 16:35:00",ER04,682.835140
D,DISPATCH,UNIT_SCADA,1,"2022/10/20 16:35:00",FINLYSF1,36.2829
D,DISPATCH,UNIT_SCADA,1,"2022/10/20 16:35:00",FISHER,43.75
D,DISPATCH,UNIT_SCADA,1,"2022/10/20 16:35:00",GANGARR1,11.8210
D,DISPATCH,UNIT_SCADA,1,"2022/10/20 16:35:00",GANNBG1,0
D,DISPATCH,UNIT_SCADA,1,"2022/10/20 16:35:00",GANNBL1,0.031170
D,DISPATCH,UNIT_SCADA,1,"2022/10/20 16:35:00",GANNSF1,16.10
D,DISPATCH,UNIT_SCADA,1,"2022/10/20 16:35:00",GLRWNSF1,62.22
D,DISPATCH,UNIT_SCADA,1,"2022/10/20 16:35:00",GNNDHSF1,67.261390
D,DISPATCH,UNIT_SCADA,1,"2022/10/20 16:35:00",GOONSF1,14.8452
D,DISPATCH,UNIT_SCADA,1,"2022/10/20 16:35:00",GORDON,262.879030
D,DISPATCH,UNIT_SCADA,1,"2022/10/20 16:35:00",GRANWF1,0
D,DISPATCH,UNIT_SCADA,1,"2022/10/20 16:35:00",GSTONE1,200.024990
D,DISPATCH,UNIT_SCADA,1,"2022/10/20 16:35:00",GSTONE2,0
D,DISPATCH,UNIT_SCADA,1,"2022/10/20 16:35:00",GSTONE3,199.849990
D,DISPATCH,UNIT_SCADA,1,"2022/10/20 16:35:00",GSTONE4,0
D,DISPATCH,UNIT_SCADA,1,"2022/10/20 16:35:00",GSTONE5,200.20
D,DISPATCH,UNIT_SCADA,1,"2022/10/20 16:35:00",GSTONE6,200.20
D,DISPATCH,UNIT_SCADA,1,"2022/10/20 16:35:00",GULLRSF1,0
D,DISPATCH,UNIT_SCADA,1,"2022/10/20 16:35:00",GULLRWF1,75.883840
D,DISPATCH,UNIT_SCADA,1,"2022/10/20 16:35:00",GULLRWF2,86.729350
D,DISPATCH,UNIT_SCADA,1,"2022/10/20 16:35:00",GUNNING1,0
D,DISPATCH,UNIT_SCADA,1,"2022/10/20 16:35:00",GUTHEGA,67.90
D,DISPATCH,UNIT_SCADA,1,"2022/10/20 16:35:00",HALLWF1,0
D,DISPATCH,UNIT_SCADA,1,"2022/10/20 16:35:00",HALLWF2,0
D,DISPATCH,UNIT_SCADA,1,"2022/10/20 16:35:00",HAMISF1,29.30
D,DISPATCH,UNIT_SCADA,1,"2022/10/20 16:35:00",HAUGHT11,0
D,DISPATCH,UNIT_SCADA,1,"2022/10/20 16:35:00",HAYMSF1,32.4220
D,DISPATCH,UNIT_SCADA,1,"2022/10/20 16:35:00",HDWF1,18.10
D,DISPATCH,UNIT_SCADA,1,"2022/10/20 16:35:00",HDWF2,24.40
D,DISPATCH,UNIT_SCADA,1,"2022/10/20 16:35:00",HDWF3,20.50
D,DISPATCH,UNIT_SCADA,1,"2022/10/20 16:35:00",HILLSTN1,1.960380
D,DISPATCH,UNIT_SCADA,1,"2022/10/20 16:35:00",HPRG1,0.90
D,DISPATCH,UNIT_SCADA,1,"2022/10/20 16:35:00",HPRL1,0
D,DISPATCH,UNIT_SCADA,1,"2022/10/20 16:35:00",HUMENSW,53.641570
D,DISPATCH,UNIT_SCADA,1,"2022/10/20 16:35:00",HUMEV,0
D,DISPATCH,UNIT_SCADA,1,"2022/10/20 16:35:00",HVWWBA1G,0
D,DISPATCH,UNIT_SCADA,1,"2022/10/20 16:35:00",HVWWBA1L,0.0070
D,DISPATCH,UNIT_SCADA,1,"2022/10/20 16:35:00",HVWWPV1,4.8860
D,DISPATCH,UNIT_SCADA,1,"2022/10/20 16:35:00",JBUTTERS,0
D,DISPATCH,UNIT_SCADA,1,"2022/10/20 16:35:00",JEMALNG1,11.09
D,DISPATCH,UNIT_SCADA,1,"2022/10/20 16:35:00",JLA01,0
D,DISPATCH,UNIT_SCADA,1,"2022/10/20 16:35:00",JLA02,0
D,DISPATCH,UNIT_SCADA,1,"2022/10/20 16:35:00",JLA03,0
D,DISPATCH,UNIT_SCADA,1,"2022/10/20 16:35:00",JLA04,0
D,DISPATCH,UNIT_SCADA,1,"2022/10/20 16:35:00",JLB01,0
D,DISPATCH,UNIT_SCADA,1,"2022/10/20 16:35:00",JLB02,0.10
D,DISPATCH,UNIT_SCADA,1,"2022/10/20 16:35:00",JLB03,0
D,DISPATCH,UNIT_SCADA,1,"2022/10/20 16:35:00",JUNEESF1,2.766210
D,DISPATCH,UNIT_SCADA,1,"2022/10/20 16:35:00",KABANWF1,0.68
D,DISPATCH,UNIT_SCADA,1,"2022/10/20 16:35:00",KAREEYA1,18.0075
D,DISPATCH,UNIT_SCADA,1,"2022/10/20 16:35:00",KAREEYA2,0
D,DISPATCH,UNIT_SCADA,1,"2022/10/20 16:35:00",KAREEYA3,21.5875
D,DISPATCH,UNIT_SCADA,1,"2022/10/20 16:35:00",KAREEYA4,0
D,DISPATCH,UNIT_SCADA,1,"2022/10/20 16:35:00",KARSF1,74
D,DISPATCH,UNIT_SCADA,1,"2022/10/20 16:35:00",KEPSF1,5.09
D,DISPATCH,UNIT_SCADA,1,"2022/10/20 16:35:00",KEPWF1,17.01
D,DISPATCH,UNIT_SCADA,1,"2022/10/20 16:35:00",KIAMSF1,38.944840
D,DISPATCH,UNIT_SCADA,1,"2022/10/20 16:35:00",KIATAWF1,2.10
D,DISPATCH,UNIT_SCADA,1,"2022/10/20 16:35:00",KPP_1,0
D,DISPATCH,UNIT_SCADA,1,"2022/10/20 16:35:00",KSP1,25.60
D,DISPATCH,UNIT_SCADA,1,"2022/10/20 16:35:00",LADBROK1,0.01
D,DISPATCH,UNIT_SCADA,1,"2022/10/20 16:35:00",LADBROK2,0.02
D,DISPATCH,UNIT_SCADA,1,"2022/10/20 16:35:00",LBBG1,0
D,DISPATCH,UNIT_SCADA,1,"2022/10/20 16:35:00",LBBL1,0
D,DISPATCH,UNIT_SCADA,1,"2022/10/20 16:35:00",LD01,320.462650
D,DISPATCH,UNIT_SCADA,1,"2022/10/20 16:35:00",LD02,31.0007
D,DISPATCH,UNIT_SCADA,1,"2022/10/20 16:35:00",LD04,318.466740
D,DISPATCH,UNIT_SCADA,1,"2022/10/20 16:35:00",LEM_WIL,86.997070
D,DISPATCH,UNIT_SCADA,1,"2022/10/20 16:35:00",LGAPWF1,62.14
D,DISPATCH,UNIT_SCADA,1,"2022/10/20 16:35:00",LGAPWF2,33.68
D,DISPATCH,UNIT_SCADA,1,"2022/10/20 16:35:00",LILYSF1,55.836670
D,DISPATCH,UNIT_SCADA,1,"2022/10/20 16:35:00",LIMOSF11,138.249020
D,DISPATCH,UNIT_SCADA,1,"2022/10/20 16:35:00",LIMOSF21,13.759460
D,DISPATCH,UNIT_SCADA,1,"2022/10/20 16:35:00",LI_WY_CA,63.399540
D,DISPATCH,UNIT_SCADA,1,"2022/10/20 16:35:00",LKBONNY1,0
D,DISPATCH,UNIT_SCADA,1,"2022/10/20 16:35:00",LKBONNY2,9.829480
D,DISPATCH,UNIT_SCADA,1,"2022/10/20 16:35:00",LKBONNY3,2.623640
D,DISPATCH,UNIT_SCADA,1,"2022/10/20 16:35:00",LK_ECHO,0
D,DISPATCH,UNIT_SCADA,1,"2022/10/20 16:35:00",LNGS1,0
D,DISPATCH,UNIT_SCADA,1,"2022/10/20 16:35:00",LNGS2,0
D,DISPATCH,UNIT_SCADA,1,"2022/10/20 16:35:00",LONSDALE,0
D,DISPATCH,UNIT_SCADA,1,"2022/10/20 16:35:00",LOYYB1,578.946840
D,DISPATCH,UNIT_SCADA,1,"2022/10/20 16:35:00",LOYYB2,574.435420
D,DISPATCH,UNIT_SCADA,1,"2022/10/20 16:35:00",LYA1,563
D,DISPATCH,UNIT_SCADA,1,"2022/10/20 16:35:00",LYA2,0
D,DISPATCH,UNIT_SCADA,1,"2022/10/20 16:35:00",LYA3,563
D,DISPATCH,UNIT_SCADA,1,"2022/10/20 16:35:00",LYA4,562
D,DISPATCH,UNIT_SCADA,1,"2022/10/20 16:35:00",MACARTH1,52.598790
D,DISPATCH,UNIT_SCADA,1,"2022/10/20 16:35:00",MACKNTSH,0
D,DISPATCH,UNIT_SCADA,1,"2022/10/20 16:35:00",MANSLR1,4.0810
D,DISPATCH,UNIT_SCADA,1,"2022/10/20 16:35:00",MAPS2PV1,0
D,DISPATCH,UNIT_SCADA,1,"2022/10/20 16:35:00",MAPS3PV1,0
D,DISPATCH,UNIT_SCADA,1,"2022/10/20 16:35:00",MARYRSF1,4
D,DISPATCH,UNIT_SCADA,1,"2022/10/20 16:35:00",MBPS2PV1,0
D,DISPATCH,UNIT_SCADA,1,"2022/10/20 16:35:00",MCKAY1,187.83
D,DISPATCH,UNIT_SCADA,1,"2022/10/20 16:35:00",MEADOWBK,5.887480
D,DISPATCH,UNIT_SCADA,1,"2022/10/20 16:35:00",MERCER01,29.10
D,DISPATCH,UNIT_SCADA,1,"2022/10/20 16:35:00",METZSF1,37.5428
D,DISPATCH,UNIT_SCADA,1,"2022/10/20 16:35:00",MEWF1,69.685250
D,DISPATCH,UNIT_SCADA,1,"2022/10/20 16:35:00",MIDDLSF1,5.47
D,DISPATCH,UNIT_SCADA,1,"2022/10/20 16:35:00",MINTARO,0.128180
D,DISPATCH,UNIT_SCADA,1,"2022/10/20 16:35:00",MOLNGSF1,3.414360
D,DISPATCH,UNIT_SCADA,1,"2022/10/20 16:35:00",MOORAWF1,41.24
D,DISPATCH,UNIT_SCADA,1,"2022/10/20 16:35:00",MOREESF1,1.57
D,DISPATCH,UNIT_SCADA,1,"2022/10/20 16:35:00",MORTLK11,0
D,DISPATCH,UNIT_SCADA,1,"2022/10/20 16:35:00",MORTLK12,0
D,DISPATCH,UNIT_SCADA,1,"2022/10/20 16:35:00",MOUSF1,0
D,DISPATCH,UNIT_SCADA,1,"2022/10/20 16:35:00",MP1,0
D,DISPATCH,UNIT_SCADA,1,"2022/10/20 16:35:00",MP2,601.9989
D,DISPATCH,UNIT_SCADA,1,"2022/10/20 16:35:00",MPP_1,182.272340
D,DISPATCH,UNIT_SCADA,1,"2022/10/20 16:35:00",MPP_2,178.961070
D,DISPATCH,UNIT_SCADA,1,"2022/10/20 16:35:00",MRTLSWF1,0
D,DISPATCH,UNIT_SCADA,1,"2022/10/20 16:35:00",MSTUART1,0
D,DISPATCH,UNIT_SCADA,1,"2022/10/20 16:35:00",MSTUART2,0
D,DISPATCH,UNIT_SCADA,1,"2022/10/20 16:35:00",MSTUART3,0
D,DISPATCH,UNIT_SCADA,1,"2022/10/20 16:35:00",MTGELWF1,48.147530
D,DISPATCH,UNIT_SCADA,1,"2022/10/20 16:35:00",MTMILLAR,10
D,DISPATCH,UNIT_SCADA,1,"2022/10/20 16:35:00",MURRAY,0
D,DISPATCH,UNIT_SCADA,1,"2022/10/20 16:35:00",MUSSELR1,3.20
D,DISPATCH,UNIT_SCADA,1,"2022/10/20 16:35:00",MUWAWF1,35.36
D,DISPATCH,UNIT_SCADA,1,"2022/10/20 16:35:00",MUWAWF2,36.50
D,DISPATCH,UNIT_SCADA,1,"2022/10/20 16:35:00",MWPS1PV1,4.54
D,DISPATCH,UNIT_SCADA,1,"2022/10/20 16:35:00",MWPS2PV1,4.62
D,DISPATCH,UNIT_SCADA,1,"2022/10/20 16:35:00",MWPS3PV1,1.83
D,DISPATCH,UNIT_SCADA,1,"2022/10/20 16:35:00",MWPS4PV1,1.25
D,DISPATCH,UNIT_SCADA,1,"2022/10/20 16:35:00",NBHWF1,0
D,DISPATCH,UNIT_SCADA,1,"2022/10/20 16:35:00",NEVERSF1,8.73
D,DISPATCH,UNIT_SCADA,1,"2022/10/20 16:35:00",NPS,0
D,DISPATCH,UNIT_SCADA,1,"2022/10/20 16:35:00",NUMURSF1,35.97
D,DISPATCH,UNIT_SCADA,1,"2022/10/20 16:35:00",NYNGAN1,21
D,DISPATCH,UNIT_SCADA,1,"2022/10/20 16:35:00",OAKEY1,125.539070
D,DISPATCH,UNIT_SCADA,1,"2022/10/20 16:35:00",OAKEY1SF,3.4820
D,DISPATCH,UNIT_SCADA,1,"2022/10/20 16:35:00",OAKEY2,0
D,DISPATCH,UNIT_SCADA,1,"2022/10/20 16:35:00",OAKEY2SF,7.42
D,DISPATCH,UNIT_SCADA,1,"2022/10/20 16:35:00",OAKLAND1,16.70
D,DISPATCH,UNIT_SCADA,1,"2022/10/20 16:35:00",OSB-AG,105.01
D,DISPATCH,UNIT_SCADA,1,"2022/10/20 16:35:00",PAREPS1,1.50
D,DISPATCH,UNIT_SCADA,1,"2022/10/20 16:35:00",PAREPW1,144.27
D,DISPATCH,UNIT_SCADA,1,"2022/10/20 16:35:00",PARSF1,11.500720
D,DISPATCH,UNIT_SCADA,1,"2022/10/20 16:35:00",POAT110,3.17
D,DISPATCH,UNIT_SCADA,1,"2022/10/20 16:35:00",POAT220,0
D,DISPATCH,UNIT_SCADA,1,"2022/10/20 16:35:00",POR01,0.008670
D,DISPATCH,UNIT_SCADA,1,"2022/10/20 16:35:00",POR03,0
D,DISPATCH,UNIT_SCADA,1,"2022/10/20 16:35:00",PPCCGT,164.827770
D,DISPATCH,UNIT_SCADA,1,"2022/10/20 16:35:00",PTSTAN1,0
D,DISPATCH,UNIT_SCADA,1,"2022/10/20 16:35:00",PUMP1,0
D,DISPATCH,UNIT_SCADA,1,"2022/10/20 16:35:00",PUMP2,0
D,DISPATCH,UNIT_SCADA,1,"2022/10/20 16:35:00",QBYNBG1,0
D,DISPATCH,UNIT_SCADA,1,"2022/10/20 16:35:00",QBYNBL1,2.308460
D,DISPATCH,UNIT_SCADA,1,"2022/10/20 16:35:00",QPS1,0
D,DISPATCH,UNIT_SCADA,1,"2022/10/20 16:35:00",QPS2,0
D,DISPATCH,UNIT_SCADA,1,"2022/10/20 16:35:00",QPS3,0
D,DISPATCH,UNIT_SCADA,1,"2022/10/20 16:35:00",QPS4,0
D,DISPATCH,UNIT_SCADA,1,"2022/10/20 16:35:00",QPS5,76.189990
D,DISPATCH,UNIT_SCADA,1,"2022/10/20 16:35:00",REECE1,46.189030
D,DISPATCH,UNIT_SCADA,1,"2022/10/20 16:35:00",REECE2,0
D,DISPATCH,UNIT_SCADA,1,"2022/10/20 16:35:00",ROMA_7,0
D,DISPATCH,UNIT_SCADA,1,"2022/10/20 16:35:00",ROMA_8,0
D,DISPATCH,UNIT_SCADA,1,"2022/10/20 16:35:00",RRSF1,51.8240
D,DISPATCH,UNIT_SCADA,1,"2022/10/20 16:35:00",RT_NSW1,0
D,DISPATCH,UNIT_SCADA,1,"2022/10/20 16:35:00",RT_NSW2,0
D,DISPATCH,UNIT_SCADA,1,"2022/10/20 16:35:00",RT_NSW3,0
D,DISPATCH,UNIT_SCADA,1,"2022/10/20 16:35:00",RT_NSW4,0
D,DISPATCH,UNIT_SCADA,1,"2022/10/20 16:35:00",RT_NSW5,0
D,DISPATCH,UNIT_SCADA,1,"2022/10/20 16:35:00",RT_NSW6,0
D,DISPATCH,UNIT_SCADA,1,"2022/10/20 16:35:00",RT_QLD1,0
D,DISPATCH,UNIT_SCADA,1,"2022/10/20 16:35:00",RT_SA1,0
D,DISPATCH,UNIT_SCADA,1,"2022/10/20 16:35:00",RT_SA2,0
D,DISPATCH,UNIT_SCADA,1,"2022/10/20 16:35:00",RT_SA3,0
D,DISPATCH,UNIT_SCADA,1,"2022/10/20 16:35:00",RT_SA4,0
D,DISPATCH,UNIT_SCADA,1,"2022/10/20 16:35:00",RT_SA5,0
D,DISPATCH,UNIT_SCADA,1,"2022/10/20 16:35:00",RT_SA6,0
D,DISPATCH,UNIT_SCADA,1,"2022/10/20 16:35:00",RT_TAS1,0
D,DISPATCH,UNIT_SCADA,1,"2022/10/20 16:35:00",RT_VIC1,0
D,DISPATCH,UNIT_SCADA,1,"2022/10/20 16:35:00",RT_VIC10,0
D,DISPATCH,UNIT_SCADA,1,"2022/10/20 16:35:00",RT_VIC11,0
D,DISPATCH,UNIT_SCADA,1,"2022/10/20 16:35:00",RT_VIC12,0
D,DISPATCH,UNIT_SCADA,1,"2022/10/20 16:35:00",RT_VIC2,0
D,DISPATCH,UNIT_SCADA,1,"2022/10/20 16:35:00",RT_VIC3,0
D,DISPATCH,UNIT_SCADA,1,"2022/10/20 16:35:00",RT_VIC4,0
D,DISPATCH,UNIT_SCADA,1,"2022/10/20 16:35:00",RT_VIC5,0
D,DISPATCH,UNIT_SCADA,1,"2022/10/20 16:35:00",RT_VIC6,0
D,DISPATCH,UNIT_SCADA,1,"2022/10/20 16:35:00",RT_VIC7,0
D,DISPATCH,UNIT_SCADA,1,"2022/10/20 16:35:00",RT_VIC8,0
D,DISPATCH,UNIT_SCADA,1,"2022/10/20 16:35:00",RT_VIC9,0
D,DISPATCH,UNIT_SCADA,1,"2022/10/20 16:35:00",RUGBYR1,0
D,DISPATCH,UNIT_SCADA,1,"2022/10/20 16:35:00",SALTCRK1,19.17
D,DISPATCH,UNIT_SCADA,1,"2022/10/20 16:35:00",SAPHWF1,72.625310
D,DISPATCH,UNIT_SCADA,1,"2022/10/20 16:35:00",SEBSF1,5.616180
D,DISPATCH,UNIT_SCADA,1,"2022/10/20 16:35:00",SHGEN,0
D,DISPATCH,UNIT_SCADA,1,"2022/10/20 16:35:00",SHPUMP,0
D,DISPATCH,UNIT_SCADA,1,"2022/10/20 16:35:00",SITHE01,0.123710
D,DISPATCH,UNIT_SCADA,1,"2022/10/20 16:35:00",SMCSF1,24.5410
D,DISPATCH,UNIT_SCADA,1,"2022/10/20 16:35:00",SNAPPER1,0
D,DISPATCH,UNIT_SCADA,1,"2022/10/20 16:35:00",SNOWNTH1,18.10
D,DISPATCH,UNIT_SCADA,1,"2022/10/20 16:35:00",SNOWSTH1,19.50
D,DISPATCH,UNIT_SCADA,1,"2022/10/20 16:35:00",SNOWTWN1,10.3733
D,DISPATCH,UNIT_SCADA,1,"2022/10/20 16:35:00",SNOWYP,0
D,DISPATCH,UNIT_SCADA,1,"2022/10/20 16:35:00",SNUG1,0
D,DISPATCH,UNIT_SCADA,1,"2022/10/20 16:35:00",SRSF1,5.40
D,DISPATCH,UNIT_SCADA,1,"2022/10/20 16:35:00",STAN-1,277.415650
D,DISPATCH,UNIT_SCADA,1,"2022/10/20 16:35:00",STAN-2,366.127660
D,DISPATCH,UNIT_SCADA,1,"2022/10/20 16:35:00",STAN-3,219.3382
D,DISPATCH,UNIT_SCADA,1,"2022/10/20 16:35:00",STAN-4,366.191740
D,DISPATCH,UNIT_SCADA,1,"2022/10/20 16:35:00",STARHLWF,13.696010
D,DISPATCH,UNIT_SCADA,1,"2022/10/20 16:35:00",STOCKYD1,218.570010
D,DISPATCH,UNIT_SCADA,1,"2022/10/20 16:35:00",STWF1,3.202560
D,DISPATCH,UNIT_SCADA,1,"2022/10/20 16:35:00",SUNRSF1,68.285650
D,DISPATCH,UNIT_SCADA,1,"2022/10/20 16:35:00",SUNTPSF1,48.343630
D,DISPATCH,UNIT_SCADA,1,"2022/10/20 16:35:00",SWAN_E,234.6825
D,DISPATCH,UNIT_SCADA,1,"2022/10/20 16:35:00",TALWA1,0
D,DISPATCH,UNIT_SCADA,1,"2022/10/20 16:35:00",TARALGA1,0
D,DISPATCH,UNIT_SCADA,1,"2022/10/20 16:35:00",TARONG#1,349.800020
D,DISPATCH,UNIT_SCADA,1,"2022/10/20 16:35:00",TARONG#2,349.600010
D,DISPATCH,UNIT_SCADA,1,"2022/10/20 16:35:00",TARONG#3,0.90
D,DISPATCH,UNIT_SCADA,1,"2022/10/20 16:35:00",TARONG#4,245.50
D,DISPATCH,UNIT_SCADA,1,"2022/10/20 16:35:00",TARRALEA,54
D,DISPATCH,UNIT_SCADA,1,"2022/10/20 16:35:00",TBSF1,0.10
D,DISPATCH,UNIT_SCADA,1,"2022/10/20 16:35:00",TNPS1,422.3125
D,DISPATCH,UNIT_SCADA,1,"2022/10/20 16:35:00",TORRB1,0
D,DISPATCH,UNIT_SCADA,1,"2022/10/20 16:35:00",TORRB2,64
D,DISPATCH,UNIT_SCADA,1,"2022/10/20 16:35:00",TORRB3,0
D,DISPATCH,UNIT_SCADA,1,"2022/10/20 16:35:00",TORRB4,0
D,DISPATCH,UNIT_SCADA,1,"2022/10/20 16:35:00",TREVALLN,100.069020
D,DISPATCH,UNIT_SCADA,1,"2022/10/20 16:35:00",TRIBUTE,0
D,DISPATCH,UNIT_SCADA,1,"2022/10/20 16:35:00",TUMUT3,127.42
D,DISPATCH,UNIT_SCADA,1,"2022/10/20 16:35:00",TUNGATIN,5.680020
D,DISPATCH,UNIT_SCADA,1,"2022/10/20 16:35:00",TVCC201,0
D,DISPATCH,UNIT_SCADA,1,"2022/10/20 16:35:00",TVPP104,0
D,DISPATCH,UNIT_SCADA,1,"2022/10/20 16:35:00",UPPTUMUT,0
D,DISPATCH,UNIT_SCADA,1,"2022/10/20 16:35:00",URANQ11,0
D,DISPATCH,UNIT_SCADA,1,"2022/10/20 16:35:00",URANQ12,0
D,DISPATCH,UNIT_SCADA,1,"2022/10/20 16:35:00",URANQ13,0
D,DISPATCH,UNIT_SCADA,1,"2022/10/20 16:35:00",URANQ14,0
D,DISPATCH,UNIT_SCADA,1,"2022/10/20 16:35:00",VBBG1,0.30
D,DISPATCH,UNIT_SCADA,1,"2022/10/20 16:35:00",VBBL1,0
D,DISPATCH,UNIT_SCADA,1,"2022/10/20 16:35:00",VP5,492.910550
D,DISPATCH,UNIT_SCADA,1,"2022/10/20 16:35:00",VP6,495.059050
D,DISPATCH,UNIT_SCADA,1,"2022/10/20 16:35:00",VPGS1,0
D,DISPATCH,UNIT_SCADA,1,"2022/10/20 16:35:00",VPGS2,0
D,DISPATCH,UNIT_SCADA,1,"2022/10/20 16:35:00",VPGS3,0
D,DISPATCH,UNIT_SCADA,1,"2022/10/20 16:35:00",VPGS4,0
D,DISPATCH,UNIT_SCADA,1,"2022/10/20 16:35:00",VPGS5,0
D,DISPATCH,UNIT_SCADA,1,"2022/10/20 16:35:00",VPGS6,0
D,DISPATCH,UNIT_SCADA,1,"2022/10/20 16:35:00",W/HOE#1,0
D,DISPATCH,UNIT_SCADA,1,"2022/10/20 16:35:00",W/HOE#2,0
D,DISPATCH,UNIT_SCADA,1,"2022/10/20 16:35:00",WAGGNSF1,0
D,DISPATCH,UNIT_SCADA,1,"2022/10/20 16:35:00",WALGRVG1,0
D,DISPATCH,UNIT_SCADA,1,"2022/10/20 16:35:00",WALGRVL1,2.802640
D,DISPATCH,UNIT_SCADA,1,"2022/10/20 16:35:00",WANDBG1,0
D,DISPATCH,UNIT_SCADA,1,"2022/10/20 16:35:00",WANDBL1,1.9740
D,DISPATCH,UNIT_SCADA,1,"2022/10/20 16:35:00",WARWSF1,8.42
D,DISPATCH,UNIT_SCADA,1,"2022/10/20 16:35:00",WARWSF2,8.83
D,DISPATCH,UNIT_SCADA,1,"2022/10/20 16:35:00",WATERLWF,1.20
D,DISPATCH,UNIT_SCADA,1,"2022/10/20 16:35:00",WDGPH1,17.4830
D,DISPATCH,UNIT_SCADA,1,"2022/10/20 16:35:00",WELLSF1,63.743040
D,DISPATCH,UNIT_SCADA,1,"2022/10/20 16:35:00",WEMENSF1,26.80
D,DISPATCH,UNIT_SCADA,1,"2022/10/20 16:35:00",WGWF1,4.50
D,DISPATCH,UNIT_SCADA,1,"2022/10/20 16:35:00",WHITSF1,33.60
D,DISPATCH,UNIT_SCADA,1,"2022/10/20 16:35:00",WINTSF1,51.38
D,DISPATCH,UNIT_SCADA,1,"2022/10/20 16:35:00",WKIEWA1,32.10
D,DISPATCH,UNIT_SCADA,1,"2022/10/20 16:35:00",WKIEWA2,14.30
D,DISPATCH,UNIT_SCADA,1,"2022/10/20 16:35:00",WOODLWN1,31.856440
D,DISPATCH,UNIT_SCADA,1,"2022/10/20 16:35:00",WOOLGSF1,3.207040
D,DISPATCH,UNIT_SCADA,1,"2022/10/20 16:35:00",WPWF,45.05
D,DISPATCH,UNIT_SCADA,1,"2022/10/20 16:35:00",WRSF1,3.120210
D,DISPATCH,UNIT_SCADA,1,"2022/10/20 16:35:00",WRWF1,25.293960
D,DISPATCH,UNIT_SCADA,1,"2022/10/20 16:35:00",WSTWYSF1,1.456770
D,DISPATCH,UNIT_SCADA,1,"2022/10/20 16:35:00",YABULU,0
D,DISPATCH,UNIT_SCADA,1,"2022/10/20 16:35:00",YABULU2,0
D,DISPATCH,UNIT_SCADA,1,"2022/10/20 16:35:00",YARANSF1,13.67
D,DISPATCH,UNIT_SCADA,1,"2022/10/20 16:35:00",YARWUN_1,160.36
D,DISPATCH,UNIT_SCADA,1,"2022/10/20 16:35:00",YATSF1,9.79
D,DISPATCH,UNIT_SCADA,1,"2022/10/20 16:35:00",YENDWF1,29.02
D,DISPATCH,UNIT_SCADA,1,"2022/10/20 16:35:00",YWPS1,356.6405
D,DISPATCH,UNIT_SCADA,1,"2022/10/20 16:35:00",YWPS2,290.724060
D,DISPATCH,UNIT_SCADA,1,"2022/10/20 16:35:00",YWPS3,359.388610
D,DISPATCH,UNIT_SCADA,1,"2022/10/20 16:35:00",YWPS4,0
C,"END OF REPORT",419
