C,NEMP.WORLD,DISPATCHSCADA,AEMO,PUBLIC,2022/10/20,05:55:09,0000000373233220,DISPATCHSCADA,0000000373233214
I,DISPATCH,UNIT_SCADA,1,SETTLEMENTDATE,DUID,SCADAVALUE
D,DISPATCH,UNIT_SCADA,1,"2022/10/20 06:00:00",BARCSF1,0.10
D,DISPATCH,UNIT_SCADA,1,"2022/10/20 06:00:00",BUTLERSG,8.699999
D,DISPATCH,UNIT_SCADA,1,"2022/10/20 06:00:00",CAPTL_WF,30.144989
D,DISPATCH,UNIT_SCADA,1,"2022/10/20 06:00:00",CHALLHWF,19
D,DISPATCH,UNIT_SCADA,1,"2022/10/20 06:00:00",CLOVER,13.17
D,DISPATCH,UNIT_SCADA,1,"2022/10/20 06:00:00",CLUNY,6.139162
D,DISPATCH,UNIT_SCADA,1,"2022/10/20 06:00:00",CULLRGWF,-0.04
D,DISPATCH,UNIT_SCADA,1,"2022/10/20 06:00:00",DIAPURWF1,7.20
D,DISPATCH,UNIT_SCADA,1,"2022/10/20 06:00:00",ERGT01,0
D,DISPATCH,UNIT_SCADA,1,"2022/10/20 06:00:00",GB01,0
D,DISPATCH,UNIT_SCADA,1,"2022/10/20 06:00:00",GERMCRK,22.799999
D,DISPATCH,UNIT_SCADA,1,"2022/10/20 06:00:00",GRIFSF1,0.401312
D,DISPATCH,UNIT_SCADA,1,"2022/10/20 06:00:00",HEZ1,0
D,DISPATCH,UNIT_SCADA,1,"2022/10/20 06:00:00",HUGSF1,-0.1740
D,DISPATCH,UNIT_SCADA,1,"2022/10/20 06:00:00",KEPBG1,0.01
D,DISPATCH,UNIT_SCADA,1,"2022/10/20 06:00:00",LRSF1,0.0240
D,DISPATCH,UNIT_SCADA,1,"2022/10/20 06:00:00",MBAHNTH,47.943741
D,DISPATCH,UNIT_SCADA,1,"2022/10/20 06:00:00",MLSP1,0.660001
D,DISPATCH,UNIT_SCADA,1,"2022/10/20 06:00:00",MLWF1,2.31
D,DISPATCH,UNIT_SCADA,1,"2022/10/20 06:00:00",PALOONA,30.01
D,DISPATCH,UNIT_SCADA,1,"2022/10/20 06:00:00",PIONEER,45.299999
D,DISPATCH,UNIT_SCADA,1,"2022/10/20 06:00:00",PORTWF,44.599998
D,DISPATCH,UNIT_SCADA,1,"2022/10/20 06:00:00",REPULSE,9.568627
D,DISPATCH,UNIT_SCADA,1,"2022/10/20 06:00:00",ROWALLAN,8.9460
D,DISPATCH,UNIT_SCADA,1,"2022/10/20 06:00:00",ROYALLA1,0
D,DISPATCH,UNIT_SCADA,1,"2022/10/20 06:00:00",RPCG,-1.20
D,DISPATCH,UNIT_SCADA,1,"2022/10/20 06:00:00",RUBICON,0
D,DISPATCH,UNIT_SCADA,1,"2022/10/20 06:00:00",WAUBRAWF,75.899002
D,DISPATCH,UNIT_SCADA,1,"2022/10/20 06:00:00",WOOLNTH1,33.790001
D,DISPATCH,UNIT_SCADA,1,"2022/10/20 06:00:00",YAMBUKWF,6.50
D,DISPATCH,UNIT_SCADA,1,"2022/10/20 06:00:00",YSWF1,1
D,DISPATCH,UNIT_SCADA,1,"2022/10/20 06:00:00",ADPBA1G,0.0080
D,DISPATCH,UNIT_SCADA,1,"2022/10/20 06:00:00",ADPBA1L,0
D,DISPATCH,UNIT_SCADA,1,"2022/10/20 06:00:00",ADPPV1,0.0170
D,DISPATCH,UNIT_SCADA,1,"2022/10/20 06:00:00",AGLHAL,0
D,DISPATCH,UNIT_SCADA,1,"2022/10/20 06:00:00",AGLSOM,0
D,DISPATCH,UNIT_SCADA,1,"2022/10/20 06:00:00",ANGAST1,0
D,DISPATCH,UNIT_SCADA,1,"2022/10/20 06:00:00",ARWF1,11.50
D,DISPATCH,UNIT_SCADA,1,"2022/10/20 06:00:00",BALBG1,0
D,DISPATCH,UNIT_SCADA,1,"2022/10/20 06:00:00",BALBL1,0
D,DISPATCH,UNIT_SCADA,1,"2022/10/20 06:00:00",BALDHWF1,5.5550
D,DISPATCH,UNIT_SCADA,1,"2022/10/20 06:00:00",BANGOWF1,67.195850
D,DISPATCH,UNIT_SCADA,1,"2022/10/20 06:00:00",BANGOWF2,68.099870
D,DISPATCH,UNIT_SCADA,1,"2022/10/20 06:00:00",BANN1,0.25
D,DISPATCH,UNIT_SCADA,1,"2022/10/20 06:00:00",BARCALDN,0
D,DISPATCH,UNIT_SCADA,1,"2022/10/20 06:00:00",BARKIPS1,0
D,DISPATCH,UNIT_SCADA,1,"2022/10/20 06:00:00",BARRON-1,28.04
D,DISPATCH,UNIT_SCADA,1,"2022/10/20 06:00:00",BARRON-2,0
D,DISPATCH,UNIT_SCADA,1,"2022/10/20 06:00:00",BASTYAN,0
D,DISPATCH,UNIT_SCADA,1,"2022/10/20 06:00:00",BBTHREE1,-1.01
D,DISPATCH,UNIT_SCADA,1,"2022/10/20 06:00:00",BBTHREE2,0
D,DISPATCH,UNIT_SCADA,1,"2022/10/20 06:00:00",BBTHREE3,0
D,DISPATCH,UNIT_SCADA,1,"2022/10/20 06:00:00",BDL01,0
D,DISPATCH,UNIT_SCADA,1,"2022/10/20 06:00:00",BDL02,0
D,DISPATCH,UNIT_SCADA,1,"2022/10/20 06:00:00",BERYLSF1,0
D,DISPATCH,UNIT_SCADA,1,"2022/10/20 06:00:00",BLOWERNG,62.60
D,DISPATCH,UNIT_SCADA,1,"2022/10/20 06:00:00",BLUEGSF1,1.925440
D,DISPATCH,UNIT_SCADA,1,"2022/10/20 06:00:00",BLUFF1,14.80
D,DISPATCH,UNIT_SCADA,1,"2022/10/20 06:00:00",BNGSF1,0
D,DISPATCH,UNIT_SCADA,1,"2022/10/20 06:00:00",BNGSF2,0
D,DISPATCH,UNIT_SCADA,1,"2022/10/20 06:00:00",BOCORWF1,0.42
D,DISPATCH,UNIT_SCADA,1,"2022/10/20 06:00:00",BODWF1,108.601080
D,DISPATCH,UNIT_SCADA,1,"2022/10/20 06:00:00",BOMENSF1,6.300760
D,DISPATCH,UNIT_SCADA,1,"2022/10/20 06:00:00",BOWWBA1G,0
D,DISPATCH,UNIT_SCADA,1,"2022/10/20 06:00:00",BOWWBA1L,0
D,DISPATCH,UNIT_SCADA,1,"2022/10/20 06:00:00",BOWWPV1,0
D,DISPATCH,UNIT_SCADA,1,"2022/10/20 06:00:00",BRAEMAR1,0
D,DISPATCH,UNIT_SCADA,1,"2022/10/20 06:00:00",BRAEMAR2,0
D,DISPATCH,UNIT_SCADA,1,"2022/10/20 06:00:00",BRAEMAR3,0
D,DISPATCH,UNIT_SCADA,1,"2022/10/20 06:00:00",BRAEMAR5,0.292060
D,DISPATCH,UNIT_SCADA,1,"2022/10/20 06:00:00",BRAEMAR6,0
D,DISPATCH,UNIT_SCADA,1,"2022/10/20 06:00:00",BRAEMAR7,0.130920
D,DISPATCH,UNIT_SCADA,1,"2022/10/20 06:00:00",BROKENH1,0
D,DISPATCH,UNIT_SCADA,1,"2022/10/20 06:00:00",BRYB1WF1,90.995650
D,DISPATCH,UNIT_SCADA,1,"2022/10/20 06:00:00",BULBESG1,0
D,DISPATCH,UNIT_SCADA,1,"2022/10/20 06:00:00",BULBESL1,0.03
D,DISPATCH,UNIT_SCADA,1,"2022/10/20 06:00:00",BULGANA1,53.71
D,DISPATCH,UNIT_SCADA,1,"2022/10/20 06:00:00",BW01,576.803220
D,DISPATCH,UNIT_SCADA,1,"2022/10/20 06:00:00",BW02,599.191280
D,DISPATCH,UNIT_SCADA,1,"2022/10/20 06:00:00",BW03,548.287170
D,DISPATCH,UNIT_SCADA,1,"2022/10/20 06:00:00",BW04,0
D,DISPATCH,UNIT_SCADA,1,"2022/10/20 06:00:00",CALL_B_1,319.399990
D,DISPATCH,UNIT_SCADA,1,"2022/10/20 06:00:00",CALL_B_2,318.399990
D,DISPATCH,UNIT_SCADA,1,"2022/10/20 06:00:00",CATHROCK,4.20
D,DISPATCH,UNIT_SCADA,1,"2022/10/20 06:00:00",CBWWBA1G,0
D,DISPATCH,UNIT_SCADA,1,"2022/10/20 06:00:00",CBWWBA1L,0
D,DISPATCH,UNIT_SCADA,1,"2022/10/20 06:00:00",CETHANA,97.346250
D,DISPATCH,UNIT_SCADA,1,"2022/10/20 06:00:00",CG1,0
D,DISPATCH,UNIT_SCADA,1,"2022/10/20 06:00:00",CG2,0
D,DISPATCH,UNIT_SCADA,1,"2022/10/20 06:00:00",CG3,0
D,DISPATCH,UNIT_SCADA,1,"2022/10/20 06:00:00",CG4,0
D,DISPATCH,UNIT_SCADA,1,"2022/10/20 06:00:00",CHILDSF1,0
D,DISPATCH,UNIT_SCADA,1,"2022/10/20 06:00:00",CHYTWF1,5.55
D,DISPATCH,UNIT_SCADA,1,"2022/10/20 06:00:00",CLARESF1,0
D,DISPATCH,UNIT_SCADA,1,"2022/10/20 06:00:00",CLEMGPWF,11.093390
D,DISPATCH,UNIT_SCADA,1,"2022/10/20 06:00:00",CLERMSF1,0
D,DISPATCH,UNIT_SCADA,1,"2022/10/20 06:00:00",CNUNDAWF,15.618220
D,DISPATCH,UNIT_SCADA,1,"2022/10/20 06:00:00",COHUNSF1,0.12
D,DISPATCH,UNIT_SCADA,1,"2022/10/20 06:00:00",COLEASF1,1.500340
D,DISPATCH,UNIT_SCADA,1,"2022/10/20 06:00:00",COLUMSF1,0.0210
D,DISPATCH,UNIT_SCADA,1,"2022/10/20 06:00:00",COLWF01,99.9588
D,DISPATCH,UNIT_SCADA,1,"2022/10/20 06:00:00",COOPGWF1,369.049990
D,DISPATCH,UNIT_SCADA,1,"2022/10/20 06:00:00",CPP_3,359.700010
D,DISPATCH,UNIT_SCADA,1,"2022/10/20 06:00:00",CPP_4,0
D,DISPATCH,UNIT_SCADA,1,"2022/10/20 06:00:00",CPSA,0
D,DISPATCH,UNIT_SCADA,1,"2022/10/20 06:00:00",CROOKWF2,28.893880
D,DISPATCH,UNIT_SCADA,1,"2022/10/20 06:00:00",CROWLWF1,38.160390
D,DISPATCH,UNIT_SCADA,1,"2022/10/20 06:00:00",CRURWF1,91.296790
D,DISPATCH,UNIT_SCADA,1,"2022/10/20 06:00:00",CRWASF1,2.078720
D,DISPATCH,UNIT_SCADA,1,"2022/10/20 06:00:00",CSPVPS1,0.2840
D,DISPATCH,UNIT_SCADA,1,"2022/10/20 06:00:00",CTHLWF1,0.003050
D,DISPATCH,UNIT_SCADA,1,"2022/10/20 06:00:00",DALNTH01,0
D,DISPATCH,UNIT_SCADA,1,"2022/10/20 06:00:00",DALNTHL1,5.976950
D,DISPATCH,UNIT_SCADA,1,"2022/10/20 06:00:00",DARLSF1,1.754730
D,DISPATCH,UNIT_SCADA,1,"2022/10/20 06:00:00",DARTM1,0
D,DISPATCH,UNIT_SCADA,1,"2022/10/20 06:00:00",DAYDSF1,0
D,DISPATCH,UNIT_SCADA,1,"2022/10/20 06:00:00",DDPS1,0
D,DISPATCH,UNIT_SCADA,1,"2022/10/20 06:00:00",DDSF1,0.584160
D,DISPATCH,UNIT_SCADA,1,"2022/10/20 06:00:00",DEVILS_G,59.979860
D,DISPATCH,UNIT_SCADA,1,"2022/10/20 06:00:00",DG_NSW1,0
D,DISPATCH,UNIT_SCADA,1,"2022/10/20 06:00:00",DG_QLD1,0
D,DISPATCH,UNIT_SCADA,1,"2022/10/20 06:00:00",DG_SA1,0
D,DISPATCH,UNIT_SCADA,1,"2022/10/20 06:00:00",DG_TAS1,0
D,DISPATCH,UNIT_SCADA,1,"2022/10/20 06:00:00",DG_VIC1,0
D,DISPATCH,UNIT_SCADA,1,"2022/10/20 06:00:00",DRYCGT1,0
D,DISPATCH,UNIT_SCADA,1,"2022/10/20 06:00:00",DRYCGT2,0
D,DISPATCH,UNIT_SCADA,1,"2022/10/20 06:00:00",DRYCGT3,0
D,DISPATCH,UNIT_SCADA,1,"2022/10/20 06:00:00",DUNDWF1,76.76
D,DISPATCH,UNIT_SCADA,1,"2022/10/20 06:00:00",DUNDWF2,23.40
D,DISPATCH,UNIT_SCADA,1,"2022/10/20 06:00:00",DUNDWF3,55.71
D,DISPATCH,UNIT_SCADA,1,"2022/10/20 06:00:00",EILDON1,59.92
D,DISPATCH,UNIT_SCADA,1,"2022/10/20 06:00:00",EILDON2,60.04
D,DISPATCH,UNIT_SCADA,1,"2022/10/20 06:00:00",ELAINWF1,20.77
D,DISPATCH,UNIT_SCADA,1,"2022/10/20 06:00:00",EMERASF1,0
D,DISPATCH,UNIT_SCADA,1,"2022/10/20 06:00:00",ER01,0
D,DISPATCH,UNIT_SCADA,1,"2022/10/20 06:00:00",ER02,660.959780
D,DISPATCH,UNIT_SCADA,1,"2022/10/20 06:00:00",ER03,658.371890
D,DISPATCH,UNIT_SCADA,1,"2022/10/20 06:00:00",ER04,659.201970
D,DISPATCH,UNIT_SCADA,1,"2022/10/20 06:00:00",FINLYSF1,6.918440
D,DISPATCH,UNIT_SCADA,1,"2022/10/20 06:00:00",FISHER,45.77
D,DISPATCH,UNIT_SCADA,1,"2022/10/20 06:00:00",GANGARR1,0
D,DISPATCH,UNIT_SCADA,1,"2022/10/20 06:00:00",GANNBG1,0
D,DISPATCH,UNIT_SCADA,1,"2022/10/20 06:00:00",GANNBL1,0.214030
D,DISPATCH,UNIT_SCADA,1,"2022/10/20 06:00:00",GANNSF1,0.80
D,DISPATCH,UNIT_SCADA,1,"2022/10/20 06:00:00",GLRWNSF1,6.59
D,DISPATCH,UNIT_SCADA,1,"2022/10/20 06:00:00",GNNDHSF1,2.963380
D,DISPATCH,UNIT_SCADA,1,"2022/10/20 06:00:00",GOONSF1,0.2063
D,DISPATCH,UNIT_SCADA,1,"2022/10/20 06:00:00",GORDON,262.624360
D,DISPATCH,UNIT_SCADA,1,"2022/10/20 06:00:00",GRANWF1,9.22
D,DISPATCH,UNIT_SCADA,1,"2022/10/20 06:00:00",GSTONE1,201.25
D,DISPATCH,UNIT_SCADA,1,"2022/10/20 06:00:00",GSTONE2,0
D,DISPATCH,UNIT_SCADA,1,"2022/10/20 06:00:00",GSTONE3,199.849990
D,DISPATCH,UNIT_SCADA,1,"2022/10/20 06:00:00",GSTONE4,0
D,DISPATCH,UNIT_SCADA,1,"2022/10/20 06:00:00",GSTONE5,199.849990
D,DISPATCH,UNIT_SCADA,1,"2022/10/20 06:00:00",GSTONE6,200.3750
D,DISPATCH,UNIT_SCADA,1,"2022/10/20 06:00:00",GULLRSF1,0
D,DISPATCH,UNIT_SCADA,1,"2022/10/20 06:00:00",GULLRWF1,62.894040
D,DISPATCH,UNIT_SCADA,1,"2022/10/20 06:00:00",GULLRWF2,101.856040
D,DISPATCH,UNIT_SCADA,1,"2022/10/20 06:00:00",GUNNING1,0
D,DISPATCH,UNIT_SCADA,1,"2022/10/20 06:00:00",GUTHEGA,67.40
D,DISPATCH,UNIT_SCADA,1,"2022/10/20 06:00:00",HALLWF1,59.62
D,DISPATCH,UNIT_SCADA,1,"2022/10/20 06:00:00",HALLWF2,54.86
D,DISPATCH,UNIT_SCADA,1,"2022/10/20 06:00:00",HAMISF1,0
D,DISPATCH,UNIT_SCADA,1,"2022/10/20 06:00:00",HAUGHT11,0
D,DISPATCH,UNIT_SCADA,1,"2022/10/20 06:00:00",HAYMSF1,0
D,DISPATCH,UNIT_SCADA,1,"2022/10/20 06:00:00",HDWF1,42.10
D,DISPATCH,UNIT_SCADA,1,"2022/10/20 06:00:00",HDWF2,21.90
D,DISPATCH,UNIT_SCADA,1,"2022/10/20 06:00:00",HDWF3,25.30
D,DISPATCH,UNIT_SCADA,1,"2022/10/20 06:00:00",HILLSTN1,0
D,DISPATCH,UNIT_SCADA,1,"2022/10/20 06:00:00",HPRG1,0.30
D,DISPATCH,UNIT_SCADA,1,"2022/10/20 06:00:00",HPRL1,0
D,DISPATCH,UNIT_SCADA,1,"2022/10/20 06:00:00",HUMENSW,54.198360
D,DISPATCH,UNIT_SCADA,1,"2022/10/20 06:00:00",HUMEV,0
D,DISPATCH,UNIT_SCADA,1,"2022/10/20 06:00:00",HVWWBA1G,0
D,DISPATCH,UNIT_SCADA,1,"2022/10/20 06:00:00",HVWWBA1L,0.0070
D,DISPATCH,UNIT_SCADA,1,"2022/10/20 06:00:00",HVWWPV1,0
D,DISPATCH,UNIT_SCADA,1,"2022/10/20 06:00:00",JBUTTERS,0
D,DISPATCH,UNIT_SCADA,1,"2022/10/20 06:00:00",JEMALNG1,0
D,DISPATCH,UNIT_SCADA,1,"2022/10/20 06:00:00",JLA01,0
D,DISPATCH,UNIT_SCADA,1,"2022/10/20 06:00:00",JLA02,0
D,DISPATCH,UNIT_SCADA,1,"2022/10/20 06:00:00",JLA03,0
D,DISPATCH,UNIT_SCADA,1,"2022/10/20 06:00:00",JLA04,0
D,DISPATCH,UNIT_SCADA,1,"2022/10/20 06:00:00",JLB01,0
D,DISPATCH,UNIT_SCADA,1,"2022/10/20 06:00:00",JLB02,0.10
D,DISPATCH,UNIT_SCADA,1,"2022/10/20 06:00:00",JLB03,0
D,DISPATCH,UNIT_SCADA,1,"2022/10/20 06:00:00",JUNEESF1,1.346880
D,DISPATCH,UNIT_SCADA,1,"2022/10/20 06:00:00",KABANWF1,1.2680
D,DISPATCH,UNIT_SCADA,1,"2022/10/20 06:00:00",KAREEYA1,17.9625
D,DISPATCH,UNIT_SCADA,1,"2022/10/20 06:00:00",KAREEYA2,0
D,DISPATCH,UNIT_SCADA,1,"2022/10/20 06:00:00",KAREEYA3,21.3875
D,DISPATCH,UNIT_SCADA,1,"2022/10/20 06:00:00",KAREEYA4,0
D,DISPATCH,UNIT_SCADA,1,"2022/10/20 06:00:00",KARSF1,0.40
D,DISPATCH,UNIT_SCADA,1,"2022/10/20 06:00:00",KEPSF1,0
D,DISPATCH,UNIT_SCADA,1,"2022/10/20 06:00:00",KEPWF1,0
D,DISPATCH,UNIT_SCADA,1,"2022/10/20 06:00:00",KIAMSF1,0
D,DISPATCH,UNIT_SCADA,1,"2022/10/20 06:00:00",KIATAWF1,30.70
D,DISPATCH,UNIT_SCADA,1,"2022/10/20 06:00:00",KPP_1,0
D,DISPATCH,UNIT_SCADA,1,"2022/10/20 06:00:00",KSP1,0
D,DISPATCH,UNIT_SCADA,1,"2022/10/20 06:00:00",LADBROK1,0.01
D,DISPATCH,UNIT_SCADA,1,"2022/10/20 06:00:00",LADBROK2,37.75
D,DISPATCH,UNIT_SCADA,1,"2022/10/20 06:00:00",LBBG1,2.10
D,DISPATCH,UNIT_SCADA,1,"2022/10/20 06:00:00",LBBL1,0
D,DISPATCH,UNIT_SCADA,1,"2022/10/20 06:00:00",LD01,317.972350
D,DISPATCH,UNIT_SCADA,1,"2022/10/20 06:00:00",LD02,0
D,DISPATCH,UNIT_SCADA,1,"2022/10/20 06:00:00",LD04,317.331450
D,DISPATCH,UNIT_SCADA,1,"2022/10/20 06:00:00",LEM_WIL,86.916280
D,DISPATCH,UNIT_SCADA,1,"2022/10/20 06:00:00",LGAPWF1,95.67
D,DISPATCH,UNIT_SCADA,1,"2022/10/20 06:00:00",LGAPWF2,54.23
D,DISPATCH,UNIT_SCADA,1,"2022/10/20 06:00:00",LILYSF1,0
D,DISPATCH,UNIT_SCADA,1,"2022/10/20 06:00:00",LIMOSF11,2.975970
D,DISPATCH,UNIT_SCADA,1,"2022/10/20 06:00:00",LIMOSF21,0.300020
D,DISPATCH,UNIT_SCADA,1,"2022/10/20 06:00:00",LI_WY_CA,76.561520
D,DISPATCH,UNIT_SCADA,1,"2022/10/20 06:00:00",LKBONNY1,0
D,DISPATCH,UNIT_SCADA,1,"2022/10/20 06:00:00",LKBONNY2,23.984680
D,DISPATCH,UNIT_SCADA,1,"2022/10/20 06:00:00",LKBONNY3,9.713040
D,DISPATCH,UNIT_SCADA,1,"2022/10/20 06:00:00",LK_ECHO,0
D,DISPATCH,UNIT_SCADA,1,"2022/10/20 06:00:00",LNGS1,0
D,DISPATCH,UNIT_SCADA,1,"2022/10/20 06:00:00",LNGS2,0
D,DISPATCH,UNIT_SCADA,1,"2022/10/20 06:00:00",LONSDALE,0
D,DISPATCH,UNIT_SCADA,1,"2022/10/20 06:00:00",LOYYB1,577.067080
D,DISPATCH,UNIT_SCADA,1,"2022/10/20 06:00:00",LOYYB2,574.8114
D,DISPATCH,UNIT_SCADA,1,"2022/10/20 06:00:00",LYA1,534
D,DISPATCH,UNIT_SCADA,1,"2022/10/20 06:00:00",LYA2,0
D,DISPATCH,UNIT_SCADA,1,"2022/10/20 06:00:00",LYA3,534
D,DISPATCH,UNIT_SCADA,1,"2022/10/20 06:00:00",LYA4,536
D,DISPATCH,UNIT_SCADA,1,"2022/10/20 06:00:00",MACARTH1,45.198960
D,DISPATCH,UNIT_SCADA,1,"2022/10/20 06:00:00",MACKNTSH,0
D,DISPATCH,UNIT_SCADA,1,"2022/10/20 06:00:00",MANSLR1,0
D,DISPATCH,UNIT_SCADA,1,"2022/10/20 06:00:00",MAPS2PV1,0
D,DISPATCH,UNIT_SCADA,1,"2022/10/20 06:00:00",MAPS3PV1,0
D,DISPATCH,UNIT_SCADA,1,"2022/10/20 06:00:00",MARYRSF1,0.43
D,DISPATCH,UNIT_SCADA,1,"2022/10/20 06:00:00",MBPS2PV1,0
D,DISPATCH,UNIT_SCADA,1,"2022/10/20 06:00:00",MCKAY1,239.049990
D,DISPATCH,UNIT_SCADA,1,"2022/10/20 06:00:00",MEADOWBK,19.948840
D,DISPATCH,UNIT_SCADA,1,"2022/10/20 06:00:00",MERCER01,18.80
D,DISPATCH,UNIT_SCADA,1,"2022/10/20 06:00:00",METZSF1,7.346420
D,DISPATCH,UNIT_SCADA,1,"2022/10/20 06:00:00",MEWF1,0
D,DISPATCH,UNIT_SCADA,1,"2022/10/20 06:00:00",MIDDLSF1,0.33
D,DISPATCH,UNIT_SCADA,1,"2022/10/20 06:00:00",MINTARO,0.128180
D,DISPATCH,UNIT_SCADA,1,"2022/10/20 06:00:00",MOLNGSF1,0
D,DISPATCH,UNIT_SCADA,1,"2022/10/20 06:00:00",MOORAWF1,30.31
D,DISPATCH,UNIT_SCADA,1,"2022/10/20 06:00:00",MOREESF1,0.64
D,DISPATCH,UNIT_SCADA,1,"2022/10/20 06:00:00",MORTLK11,0
D,DISPATCH,UNIT_SCADA,1,"2022/10/20 06:00:00",MORTLK12,0
D,DISPATCH,UNIT_SCADA,1,"2022/10/20 06:00:00",MOUSF1,0
D,DISPATCH,UNIT_SCADA,1,"2022/10/20 06:00:00",MP1,0
D,DISPATCH,UNIT_SCADA,1,"2022/10/20 06:00:00",MP2,550.606570
D,DISPATCH,UNIT_SCADA,1,"2022/10/20 06:00:00",MPP_1,169.897050
D,DISPATCH,UNIT_SCADA,1,"2022/10/20 06:00:00",MPP_2,0
D,DISPATCH,UNIT_SCADA,1,"2022/10/20 06:00:00",MRTLSWF1,0
D,DISPATCH,UNIT_SCADA,1,"2022/10/20 06:00:00",MSTUART1,0
D,DISPATCH,UNIT_SCADA,1,"2022/10/20 06:00:00",MSTUART2,0
D,DISPATCH,UNIT_SCADA,1,"2022/10/20 06:00:00",MSTUART3,0
D,DISPATCH,UNIT_SCADA,1,"2022/10/20 06:00:00",MTGELWF1,25.104530
D,DISPATCH,UNIT_SCADA,1,"2022/10/20 06:00:00",MTMILLAR,10.50
D,DISPATCH,UNIT_SCADA,1,"2022/10/20 06:00:00",MURRAY,0
D,DISPATCH,UNIT_SCADA,1,"2022/10/20 06:00:00",MUSSELR1,0
D,DISPATCH,UNIT_SCADA,1,"2022/10/20 06:00:00",MUWAWF1,179.14
D,DISPATCH,UNIT_SCADA,1,"2022/10/20 06:00:00",MUWAWF2,177.80
D,DISPATCH,UNIT_SCADA,1,"2022/10/20 06:00:00",MWPS1PV1,0
D,DISPATCH,UNIT_SCADA,1,"2022/10/20 06:00:00",MWPS2PV1,0
D,DISPATCH,UNIT_SCADA,1,"2022/10/20 06:00:00",MWPS3PV1,0
D,DISPATCH,UNIT_SCADA,1,"2022/10/20 06:00:00",MWPS4PV1,0
D,DISPATCH,UNIT_SCADA,1,"2022/10/20 06:00:00",NBHWF1,106.70
D,DISPATCH,UNIT_SCADA,1,"2022/10/20 06:00:00",NEVERSF1,0.43
D,DISPATCH,UNIT_SCADA,1,"2022/10/20 06:00:00",NPS,0
D,DISPATCH,UNIT_SCADA,1,"2022/10/20 06:00:00",NUMURSF1,3.59
D,DISPATCH,UNIT_SCADA,1,"2022/10/20 06:00:00",NYNGAN1,0
D,DISPATCH,UNIT_SCADA,1,"2022/10/20 06:00:00",OAKEY1,0
D,DISPATCH,UNIT_SCADA,1,"2022/10/20 06:00:00",OAKEY1SF,0.0640
D,DISPATCH,UNIT_SCADA,1,"2022/10/20 06:00:00",OAKEY2,0
D,DISPATCH,UNIT_SCADA,1,"2022/10/20 06:00:00",OAKEY2SF,0.13
D,DISPATCH,UNIT_SCADA,1,"2022/10/20 06:00:00",OAKLAND1,17.80
D,DISPATCH,UNIT_SCADA,1,"2022/10/20 06:00:00",OSB-AG,0
D,DISPATCH,UNIT_SCADA,1,"2022/10/20 06:00:00",PAREPS1,0.0660
D,DISPATCH,UNIT_SCADA,1,"2022/10/20 06:00:00",PAREPW1,98.29
D,DISPATCH,UNIT_SCADA,1,"2022/10/20 06:00:00",PARSF1,0.3006
D,DISPATCH,UNIT_SCADA,1,"2022/10/20 06:00:00",POAT110,0
D,DISPATCH,UNIT_SCADA,1,"2022/10/20 06:00:00",POAT220,0
D,DISPATCH,UNIT_SCADA,1,"2022/10/20 06:00:00",POR01,0
D,DISPATCH,UNIT_SCADA,1,"2022/10/20 06:00:00",POR03,0
D,DISPATCH,UNIT_SCADA,1,"2022/10/20 06:00:00",PPCCGT,172.881030
D,DISPATCH,UNIT_SCADA,1,"2022/10/20 06:00:00",PTSTAN1,0
D,DISPATCH,UNIT_SCADA,1,"2022/10/20 06:00:00",PUMP1,0
D,DISPATCH,UNIT_SCADA,1,"2022/10/20 06:00:00",PUMP2,0
D,DISPATCH,UNIT_SCADA,1,"2022/10/20 06:00:00",QBYNBG1,0
D,DISPATCH,UNIT_SCADA,1,"2022/10/20 06:00:00",QBYNBL1,0.0025
D,DISPATCH,UNIT_SCADA,1,"2022/10/20 06:00:00",QPS1,0
D,DISPATCH,UNIT_SCADA,1,"2022/10/20 06:00:00",QPS2,0
D,DISPATCH,UNIT_SCADA,1,"2022/10/20 06:00:00",QPS3,0
D,DISPATCH,UNIT_SCADA,1,"2022/10/20 06:00:00",QPS4,0
D,DISPATCH,UNIT_SCADA,1,"2022/10/20 06:00:00",QPS5,75.60
D,DISPATCH,UNIT_SCADA,1,"2022/10/20 06:00:00",REECE1,47.789050
D,DISPATCH,UNIT_SCADA,1,"2022/10/20 06:00:00",REECE2,53.34
D,DISPATCH,UNIT_SCADA,1,"2022/10/20 06:00:00",ROMA_7,0
D,DISPATCH,UNIT_SCADA,1,"2022/10/20 06:00:00",ROMA_8,0
D,DISPATCH,UNIT_SCADA,1,"2022/10/20 06:00:00",RRSF1,0
D,DISPATCH,UNIT_SCADA,1,"2022/10/20 06:00:00",RT_NSW1,0
D,DISPATCH,UNIT_SCADA,1,"2022/10/20 06:00:00",RT_NSW2,0
D,DISPATCH,UNIT_SCADA,1,"2022/10/20 06:00:00",RT_NSW3,0
D,DISPATCH,UNIT_SCADA,1,"2022/10/20 06:00:00",RT_NSW4,0
D,DISPATCH,UNIT_SCADA,1,"2022/10/20 06:00:00",RT_NSW5,0
D,DISPATCH,UNIT_SCADA,1,"2022/10/20 06:00:00",RT_NSW6,0
D,DISPATCH,UNIT_SCADA,1,"2022/10/20 06:00:00",RT_QLD1,0
D,DISPATCH,UNIT_SCADA,1,"2022/10/20 06:00:00",RT_SA1,0
D,DISPATCH,UNIT_SCADA,1,"2022/10/20 06:00:00",RT_SA2,0
D,DISPATCH,UNIT_SCADA,1,"2022/10/20 06:00:00",RT_SA3,0
D,DISPATCH,UNIT_SCADA,1,"2022/10/20 06:00:00",RT_SA4,0
D,DISPATCH,UNIT_SCADA,1,"2022/10/20 06:00:00",RT_SA5,0
D,DISPATCH,UNIT_SCADA,1,"2022/10/20 06:00:00",RT_SA6,0
D,DISPATCH,UNIT_SCADA,1,"2022/10/20 06:00:00",RT_TAS1,0
D,DISPATCH,UNIT_SCADA,1,"2022/10/20 06:00:00",RT_VIC1,0
D,DISPATCH,UNIT_SCADA,1,"2022/10/20 06:00:00",RT_VIC10,0
D,DISPATCH,UNIT_SCADA,1,"2022/10/20 06:00:00",RT_VIC11,0
D,DISPATCH,UNIT_SCADA,1,"2022/10/20 06:00:00",RT_VIC12,0
D,DISPATCH,UNIT_SCADA,1,"2022/10/20 06:00:00",RT_VIC2,0
D,DISPATCH,UNIT_SCADA,1,"2022/10/20 06:00:00",RT_VIC3,0
D,DISPATCH,UNIT_SCADA,1,"2022/10/20 06:00:00",RT_VIC4,0
D,DISPATCH,UNIT_SCADA,1,"2022/10/20 06:00:00",RT_VIC5,0
D,DISPATCH,UNIT_SCADA,1,"2022/10/20 06:00:00",RT_VIC6,0
D,DISPATCH,UNIT_SCADA,1,"2022/10/20 06:00:00",RT_VIC7,0
D,DISPATCH,UNIT_SCADA,1,"2022/10/20 06:00:00",RT_VIC8,0
D,DISPATCH,UNIT_SCADA,1,"2022/10/20 06:00:00",RT_VIC9,0
D,DISPATCH,UNIT_SCADA,1,"2022/10/20 06:00:00",RUGBYR1,0
D,DISPATCH,UNIT_SCADA,1,"2022/10/20 06:00:00",SALTCRK1,12.85
D,DISPATCH,UNIT_SCADA,1,"2022/10/20 06:00:00",SAPHWF1,207.475390
D,DISPATCH,UNIT_SCADA,1,"2022/10/20 06:00:00",SEBSF1,3.163380
D,DISPATCH,UNIT_SCADA,1,"2022/10/20 06:00:00",SHGEN,0
D,DISPATCH,UNIT_SCADA,1,"2022/10/20 06:00:00",SHPUMP,0
D,DISPATCH,UNIT_SCADA,1,"2022/10/20 06:00:00",SITHE01,0.123710
D,DISPATCH,UNIT_SCADA,1,"2022/10/20 06:00:00",SMCSF1,0
D,DISPATCH,UNIT_SCADA,1,"2022/10/20 06:00:00",SNAPPER1,0
D,DISPATCH,UNIT_SCADA,1,"2022/10/20 06:00:00",SNOWNTH1,136.30
D,DISPATCH,UNIT_SCADA,1,"2022/10/20 06:00:00",SNOWSTH1,119.500010
D,DISPATCH,UNIT_SCADA,1,"2022/10/20 06:00:00",SNOWTWN1,91.612330
D,DISPATCH,UNIT_SCADA,1,"2022/10/20 06:00:00",SNOWYP,0
D,DISPATCH,UNIT_SCADA,1,"2022/10/20 06:00:00",SNUG1,0
D,DISPATCH,UNIT_SCADA,1,"2022/10/20 06:00:00",SRSF1,1.77
D,DISPATCH,UNIT_SCADA,1,"2022/10/20 06:00:00",STAN-1,277.646360
D,DISPATCH,UNIT_SCADA,1,"2022/10/20 06:00:00",STAN-2,363.461550
D,DISPATCH,UNIT_SCADA,1,"2022/10/20 06:00:00",STAN-3,219.081830
D,DISPATCH,UNIT_SCADA,1,"2022/10/20 06:00:00",STAN-4,364.115230
D,DISPATCH,UNIT_SCADA,1,"2022/10/20 06:00:00",STARHLWF,14.795690
D,DISPATCH,UNIT_SCADA,1,"2022/10/20 06:00:00",STOCKYD1,218.37
D,DISPATCH,UNIT_SCADA,1,"2022/10/20 06:00:00",STWF1,65.814610
D,DISPATCH,UNIT_SCADA,1,"2022/10/20 06:00:00",SUNRSF1,0
D,DISPATCH,UNIT_SCADA,1,"2022/10/20 06:00:00",SUNTPSF1,0
D,DISPATCH,UNIT_SCADA,1,"2022/10/20 06:00:00",SWAN_E,243.255620
D,DISPATCH,UNIT_SCADA,1,"2022/10/20 06:00:00",TALWA1,0
D,DISPATCH,UNIT_SCADA,1,"2022/10/20 06:00:00",TARALGA1,0
D,DISPATCH,UNIT_SCADA,1,"2022/10/20 06:00:00",TARONG#1,349.600010
D,DISPATCH,UNIT_SCADA,1,"2022/10/20 06:00:00",TARONG#2,348.200010
D,DISPATCH,UNIT_SCADA,1,"2022/10/20 06:00:00",TARONG#3,0.90
D,DISPATCH,UNIT_SCADA,1,"2022/10/20 06:00:00",TARONG#4,273.700010
D,DISPATCH,UNIT_SCADA,1,"2022/10/20 06:00:00",TARRALEA,54
D,DISPATCH,UNIT_SCADA,1,"2022/10/20 06:00:00",TBSF1,0
D,DISPATCH,UNIT_SCADA,1,"2022/10/20 06:00:00",TNPS1,440.8750
D,DISPATCH,UNIT_SCADA,1,"2022/10/20 06:00:00",TORRB1,0
D,DISPATCH,UNIT_SCADA,1,"2022/10/20 06:00:00",TORRB2,40
D,DISPATCH,UNIT_SCADA,1,"2022/10/20 06:00:00",TORRB3,0
D,DISPATCH,UNIT_SCADA,1,"2022/10/20 06:00:00",TORRB4,0
D,DISPATCH,UNIT_SCADA,1,"2022/10/20 06:00:00",TREVALLN,99.167050
D,DISPATCH,UNIT_SCADA,1,"2022/10/20 06:00:00",TRIBUTE,0
D,DISPATCH,UNIT_SCADA,1,"2022/10/20 06:00:00",TUMUT3,0
D,DISPATCH,UNIT_SCADA,1,"2022/10/20 06:00:00",TUNGATIN,2.900020
D,DISPATCH,UNIT_SCADA,1,"2022/10/20 06:00:00",TVCC201,0
D,DISPATCH,UNIT_SCADA,1,"2022/10/20 06:00:00",TVPP104,0
D,DISPATCH,UNIT_SCADA,1,"2022/10/20 06:00:00",UPPTUMUT,0
D,DISPATCH,UNIT_SCADA,1,"2022/10/20 06:00:00",URANQ11,0
D,DISPATCH,UNIT_SCADA,1,"2022/10/20 06:00:00",URANQ12,0
D,DISPATCH,UNIT_SCADA,1,"2022/10/20 06:00:00",URANQ13,0
D,DISPATCH,UNIT_SCADA,1,"2022/10/20 06:00:00",URANQ14,0
D,DISPATCH,UNIT_SCADA,1,"2022/10/20 06:00:00",VBBG1,166.80
D,DISPATCH,UNIT_SCADA,1,"2022/10/20 06:00:00",VBBL1,0
D,DISPATCH,UNIT_SCADA,1,"2022/10/20 06:00:00",VP5,598.8952
D,DISPATCH,UNIT_SCADA,1,"2022/10/20 06:00:00",VP6,601.190250
D,DISPATCH,UNIT_SCADA,1,"2022/10/20 06:00:00",VPGS1,0
D,DISPATCH,UNIT_SCADA,1,"2022/10/20 06:00:00",VPGS2,0
D,DISPATCH,UNIT_SCADA,1,"2022/10/20 06:00:00",VPGS3,0
D,DISPATCH,UNIT_SCADA,1,"2022/10/20 06:00:00",VPGS4,0
D,DISPATCH,UNIT_SCADA,1,"2022/10/20 06:00:00",VPGS5,0
D,DISPATCH,UNIT_SCADA,1,"2022/10/20 06:00:00",VPGS6,0
D,DISPATCH,UNIT_SCADA,1,"2022/10/20 06:00:00",W/HOE#1,0
D,DISPATCH,UNIT_SCADA,1,"2022/10/20 06:00:00",W/HOE#2,0
D,DISPATCH,UNIT_SCADA,1,"2022/10/20 06:00:00",WAGGNSF1,0
D,DISPATCH,UNIT_SCADA,1,"2022/10/20 06:00:00",WALGRVG1,0.000930
D,DISPATCH,UNIT_SCADA,1,"2022/10/20 06:00:00",WALGRVL1,0
D,DISPATCH,UNIT_SCADA,1,"2022/10/20 06:00:00",WANDBG1,0
D,DISPATCH,UNIT_SCADA,1,"2022/10/20 06:00:00",WANDBL1,0
D,DISPATCH,UNIT_SCADA,1,"2022/10/20 06:00:00",WARWSF1,0.63
D,DISPATCH,UNIT_SCADA,1,"2022/10/20 06:00:00",WARWSF2,0.53
D,DISPATCH,UNIT_SCADA,1,"2022/10/20 06:00:00",WATERLWF,85.40
D,DISPATCH,UNIT_SCADA,1,"2022/10/20 06:00:00",WDGPH1,0
D,DISPATCH,UNIT_SCADA,1,"2022/10/20 06:00:00",WELLSF1,1.730370
D,DISPATCH,UNIT_SCADA,1,"2022/10/20 06:00:00",WEMENSF1,0
D,DISPATCH,UNIT_SCADA,1,"2022/10/20 06:00:00",WGWF1,119.10
D,DISPATCH,UNIT_SCADA,1,"2022/10/20 06:00:00",WHITSF1,0
D,DISPATCH,UNIT_SCADA,1,"2022/10/20 06:00:00",WINTSF1,4.56
D,DISPATCH,UNIT_SCADA,1,"2022/10/20 06:00:00",WKIEWA1,33.90
D,DISPATCH,UNIT_SCADA,1,"2022/10/20 06:00:00",WKIEWA2,33.90
D,DISPATCH,UNIT_SCADA,1,"2022/10/20 06:00:00",WOODLWN1,22.258640
D,DISPATCH,UNIT_SCADA,1,"2022/10/20 06:00:00",WOOLGSF1,1.422210
D,DISPATCH,UNIT_SCADA,1,"2022/10/20 06:00:00",WPWF,46.15
D,DISPATCH,UNIT_SCADA,1,"2022/10/20 06:00:00",WRSF1,0.250250
D,DISPATCH,UNIT_SCADA,1,"2022/10/20 06:00:00",WRWF1,51.432060
D,DISPATCH,UNIT_SCADA,1,"2022/10/20 06:00:00",WSTWYSF1,0
D,DISPATCH,UNIT_SCADA,1,"2022/10/20 06:00:00",YABULU,0
D,DISPATCH,UNIT_SCADA,1,"2022/10/20 06:00:00",YABULU2,0
D,DISPATCH,UNIT_SCADA,1,"2022/10/20 06:00:00",YARANSF1,1.57
D,DISPATCH,UNIT_SCADA,1,"2022/10/20 06:00:00",YARWUN_1,129.20
D,DISPATCH,UNIT_SCADA,1,"2022/10/20 06:00:00",YATSF1,0.24
D,DISPATCH,UNIT_SCADA,1,"2022/10/20 06:00:00",YENDWF1,39.91
D,DISPATCH,UNIT_SCADA,1,"2022/10/20 06:00:00",YWPS1,364.911410
D,DISPATCH,UNIT_SCADA,1,"2022/10/20 06:00:00",YWPS2,289.721530
D,DISPATCH,UNIT_SCADA,1,"2022/10/20 06:00:00",YWPS3,359.388610
D,DISPATCH,UNIT_SCADA,1,"2022/10/20 06:00:00",YWPS4,0
C,"END OF REPORT",419
