C,NEMP.WORLD,DISPATCHSCADA,AEMO,PUBLIC,2022/10/20,22:25:10,0000000373284708,DISPATCHSCADA,0000000373284702
I,DISPATCH,UNIT_SCADA,1,SETTLEMENTDATE,DUID,SCADAVALUE
D,DISPATCH,UNIT_SCADA,1,"2022/10/20 22:30:00",BARCSF1,0
D,DISPATCH,UNIT_SCADA,1,"2022/10/20 22:30:00",BUTLERSG,8.699999
D,DISPATCH,UNIT_SCADA,1,"2022/10/20 22:30:00",CAPTL_WF,79.364494
D,DISPATCH,UNIT_SCADA,1,"2022/10/20 22:30:00",CHALLHWF,5.70
D,DISPATCH,UNIT_SCADA,1,"2022/10/20 22:30:00",CLOVER,13.33
D,DISPATCH,UNIT_SCADA,1,"2022/10/20 22:30:00",CLUNY,5.643855
D,DISPATCH,UNIT_SCADA,1,"2022/10/20 22:30:00",CULLRGWF,-0.03
D,DISPATCH,UNIT_SCADA,1,"2022/10/20 22:30:00",DIAPURWF1,2.90
D,DISPATCH,UNIT_SCADA,1,"2022/10/20 22:30:00",ERGT01,0
D,DISPATCH,UNIT_SCADA,1,"2022/10/20 22:30:00",GB01,0
D,DISPATCH,UNIT_SCADA,1,"2022/10/20 22:30:00",GERMCRK,19.700001
D,DISPATCH,UNIT_SCADA,1,"2022/10/20 22:30:00",GRIFSF1,0.001526
D,DISPATCH,UNIT_SCADA,1,"2022/10/20 22:30:00",HEZ1,0
D,DISPATCH,UNIT_SCADA,1,"2022/10/20 22:30:00",HUGSF1,-0.12
D,DISPATCH,UNIT_SCADA,1,"2022/10/20 22:30:00",KEPBG1,0
D,DISPATCH,UNIT_SCADA,1,"2022/10/20 22:30:00",LRSF1,-0.0310
D,DISPATCH,UNIT_SCADA,1,"2022/10/20 22:30:00",MBAHNTH,45.487503
D,DISPATCH,UNIT_SCADA,1,"2022/10/20 22:30:00",MLSP1,0
D,DISPATCH,UNIT_SCADA,1,"2022/10/20 22:30:00",MLWF1,2.2050
D,DISPATCH,UNIT_SCADA,1,"2022/10/20 22:30:00",PALOONA,30.91
D,DISPATCH,UNIT_SCADA,1,"2022/10/20 22:30:00",PIONEER,20
D,DISPATCH,UNIT_SCADA,1,"2022/10/20 22:30:00",PORTWF,37
D,DISPATCH,UNIT_SCADA,1,"2022/10/20 22:30:00",REPULSE,9.423362
D,DISPATCH,UNIT_SCADA,1,"2022/10/20 22:30:00",ROWALLAN,8.8679
D,DISPATCH,UNIT_SCADA,1,"2022/10/20 22:30:00",ROYALLA1,0
D,DISPATCH,UNIT_SCADA,1,"2022/10/20 22:30:00",RPCG,-0.50
D,DISPATCH,UNIT_SCADA,1,"2022/10/20 22:30:00",RUBICON,0
D,DISPATCH,UNIT_SCADA,1,"2022/10/20 22:30:00",WAUBRAWF,29.2990
D,DISPATCH,UNIT_SCADA,1,"2022/10/20 22:30:00",WOOLNTH1,80.300003
D,DISPATCH,UNIT_SCADA,1,"2022/10/20 22:30:00",YAMBUKWF,3.50
D,DISPATCH,UNIT_SCADA,1,"2022/10/20 22:30:00",YSWF1,-0.10
D,DISPATCH,UNIT_SCADA,1,"2022/10/20 22:30:00",ADPBA1G,0.0080
D,DISPATCH,UNIT_SCADA,1,"2022/10/20 22:30:00",ADPBA1L,0
D,DISPATCH,UNIT_SCADA,1,"2022/10/20 22:30:00",ADPPV1,0
D,DISPATCH,UNIT_SCADA,1,"2022/10/20 22:30:00",AGLHAL,30.922890
D,DISPATCH,UNIT_SCADA,1,"2022/10/20 22:30:00",AGLSOM,0
D,DISPATCH,UNIT_SCADA,1,"2022/10/20 22:30:00",ANGAST1,0
D,DISPATCH,UNIT_SCADA,1,"2022/10/20 22:30:00",ARWF1,17.80
D,DISPATCH,UNIT_SCADA,1,"2022/10/20 22:30:00",BALBG1,7.49
D,DISPATCH,UNIT_SCADA,1,"2022/10/20 22:30:00",BALBL1,0
D,DISPATCH,UNIT_SCADA,1,"2022/10/20 22:30:00",BALDHWF1,105.1870
D,DISPATCH,UNIT_SCADA,1,"2022/10/20 22:30:00",BANGOWF1,73.499660
D,DISPATCH,UNIT_SCADA,1,"2022/10/20 22:30:00",BANGOWF2,67.599220
D,DISPATCH,UNIT_SCADA,1,"2022/10/20 22:30:00",BANN1,0
D,DISPATCH,UNIT_SCADA,1,"2022/10/20 22:30:00",BARCALDN,0
D,DISPATCH,UNIT_SCADA,1,"2022/10/20 22:30:00",BARKIPS1,0
D,DISPATCH,UNIT_SCADA,1,"2022/10/20 22:30:00",BARRON-1,0
D,DISPATCH,UNIT_SCADA,1,"2022/10/20 22:30:00",BARRON-2,0
D,DISPATCH,UNIT_SCADA,1,"2022/10/20 22:30:00",BASTYAN,0
D,DISPATCH,UNIT_SCADA,1,"2022/10/20 22:30:00",BBTHREE1,0
D,DISPATCH,UNIT_SCADA,1,"2022/10/20 22:30:00",BBTHREE2,0
D,DISPATCH,UNIT_SCADA,1,"2022/10/20 22:30:00",BBTHREE3,-1.09
D,DISPATCH,UNIT_SCADA,1,"2022/10/20 22:30:00",BDL01,0
D,DISPATCH,UNIT_SCADA,1,"2022/10/20 22:30:00",BDL02,0
D,DISPATCH,UNIT_SCADA,1,"2022/10/20 22:30:00",BERYLSF1,0
D,DISPATCH,UNIT_SCADA,1,"2022/10/20 22:30:00",BLOWERNG,62.50
D,DISPATCH,UNIT_SCADA,1,"2022/10/20 22:30:00",BLUEGSF1,0
D,DISPATCH,UNIT_SCADA,1,"2022/10/20 22:30:00",BLUFF1,7.70
D,DISPATCH,UNIT_SCADA,1,"2022/10/20 22:30:00",BNGSF1,0
D,DISPATCH,UNIT_SCADA,1,"2022/10/20 22:30:00",BNGSF2,0
D,DISPATCH,UNIT_SCADA,1,"2022/10/20 22:30:00",BOCORWF1,1.92
D,DISPATCH,UNIT_SCADA,1,"2022/10/20 22:30:00",BODWF1,108.741340
D,DISPATCH,UNIT_SCADA,1,"2022/10/20 22:30:00",BOMENSF1,0
D,DISPATCH,UNIT_SCADA,1,"2022/10/20 22:30:00",BOWWBA1G,0
D,DISPATCH,UNIT_SCADA,1,"2022/10/20 22:30:00",BOWWBA1L,0.0010
D,DISPATCH,UNIT_SCADA,1,"2022/10/20 22:30:00",BOWWPV1,0
D,DISPATCH,UNIT_SCADA,1,"2022/10/20 22:30:00",BRAEMAR1,0
D,DISPATCH,UNIT_SCADA,1,"2022/10/20 22:30:00",BRAEMAR2,0
D,DISPATCH,UNIT_SCADA,1,"2022/10/20 22:30:00",BRAEMAR3,0
D,DISPATCH,UNIT_SCADA,1,"2022/10/20 22:30:00",BRAEMAR5,0.201420
D,DISPATCH,UNIT_SCADA,1,"2022/10/20 22:30:00",BRAEMAR6,0
D,DISPATCH,UNIT_SCADA,1,"2022/10/20 22:30:00",BRAEMAR7,144.357710
D,DISPATCH,UNIT_SCADA,1,"2022/10/20 22:30:00",BROKENH1,0
D,DISPATCH,UNIT_SCADA,1,"2022/10/20 22:30:00",BRYB1WF1,82.096590
D,DISPATCH,UNIT_SCADA,1,"2022/10/20 22:30:00",BULBESG1,0
D,DISPATCH,UNIT_SCADA,1,"2022/10/20 22:30:00",BULBESL1,0.03
D,DISPATCH,UNIT_SCADA,1,"2022/10/20 22:30:00",BULGANA1,7.60
D,DISPATCH,UNIT_SCADA,1,"2022/10/20 22:30:00",BW01,660.202940
D,DISPATCH,UNIT_SCADA,1,"2022/10/20 22:30:00",BW02,642.648990
D,DISPATCH,UNIT_SCADA,1,"2022/10/20 22:30:00",BW03,496.894780
D,DISPATCH,UNIT_SCADA,1,"2022/10/20 22:30:00",BW04,0
D,DISPATCH,UNIT_SCADA,1,"2022/10/20 22:30:00",CALL_B_1,326.200010
D,DISPATCH,UNIT_SCADA,1,"2022/10/20 22:30:00",CALL_B_2,327.300020
D,DISPATCH,UNIT_SCADA,1,"2022/10/20 22:30:00",CATHROCK,5.40
D,DISPATCH,UNIT_SCADA,1,"2022/10/20 22:30:00",CBWWBA1G,0
D,DISPATCH,UNIT_SCADA,1,"2022/10/20 22:30:00",CBWWBA1L,0
D,DISPATCH,UNIT_SCADA,1,"2022/10/20 22:30:00",CETHANA,89.921750
D,DISPATCH,UNIT_SCADA,1,"2022/10/20 22:30:00",CG1,0
D,DISPATCH,UNIT_SCADA,1,"2022/10/20 22:30:00",CG2,0
D,DISPATCH,UNIT_SCADA,1,"2022/10/20 22:30:00",CG3,0
D,DISPATCH,UNIT_SCADA,1,"2022/10/20 22:30:00",CG4,0
D,DISPATCH,UNIT_SCADA,1,"2022/10/20 22:30:00",CHILDSF1,0
D,DISPATCH,UNIT_SCADA,1,"2022/10/20 22:30:00",CHYTWF1,3.49
D,DISPATCH,UNIT_SCADA,1,"2022/10/20 22:30:00",CLARESF1,0
D,DISPATCH,UNIT_SCADA,1,"2022/10/20 22:30:00",CLEMGPWF,0
D,DISPATCH,UNIT_SCADA,1,"2022/10/20 22:30:00",CLERMSF1,0
D,DISPATCH,UNIT_SCADA,1,"2022/10/20 22:30:00",CNUNDAWF,16.619390
D,DISPATCH,UNIT_SCADA,1,"2022/10/20 22:30:00",COHUNSF1,0
D,DISPATCH,UNIT_SCADA,1,"2022/10/20 22:30:00",COLEASF1,0
D,DISPATCH,UNIT_SCADA,1,"2022/10/20 22:30:00",COLUMSF1,0
D,DISPATCH,UNIT_SCADA,1,"2022/10/20 22:30:00",COLWF01,130.041960
D,DISPATCH,UNIT_SCADA,1,"2022/10/20 22:30:00",COOPGWF1,384.679990
D,DISPATCH,UNIT_SCADA,1,"2022/10/20 22:30:00",CPP_3,389.950010
D,DISPATCH,UNIT_SCADA,1,"2022/10/20 22:30:00",CPP_4,0
D,DISPATCH,UNIT_SCADA,1,"2022/10/20 22:30:00",CPSA,0
D,DISPATCH,UNIT_SCADA,1,"2022/10/20 22:30:00",CROOKWF2,25.854280
D,DISPATCH,UNIT_SCADA,1,"2022/10/20 22:30:00",CROWLWF1,29.230080
D,DISPATCH,UNIT_SCADA,1,"2022/10/20 22:30:00",CRURWF1,72.7998
D,DISPATCH,UNIT_SCADA,1,"2022/10/20 22:30:00",CRWASF1,0
D,DISPATCH,UNIT_SCADA,1,"2022/10/20 22:30:00",CSPVPS1,0
D,DISPATCH,UNIT_SCADA,1,"2022/10/20 22:30:00",CTHLWF1,0.003050
D,DISPATCH,UNIT_SCADA,1,"2022/10/20 22:30:00",DALNTH01,0
D,DISPATCH,UNIT_SCADA,1,"2022/10/20 22:30:00",DALNTHL1,0.068670
D,DISPATCH,UNIT_SCADA,1,"2022/10/20 22:30:00",DARLSF1,0
D,DISPATCH,UNIT_SCADA,1,"2022/10/20 22:30:00",DARTM1,0
D,DISPATCH,UNIT_SCADA,1,"2022/10/20 22:30:00",DAYDSF1,0
D,DISPATCH,UNIT_SCADA,1,"2022/10/20 22:30:00",DDPS1,0
D,DISPATCH,UNIT_SCADA,1,"2022/10/20 22:30:00",DDSF1,0
D,DISPATCH,UNIT_SCADA,1,"2022/10/20 22:30:00",DEVILS_G,59.039890
D,DISPATCH,UNIT_SCADA,1,"2022/10/20 22:30:00",DG_NSW1,0
D,DISPATCH,UNIT_SCADA,1,"2022/10/20 22:30:00",DG_QLD1,0
D,DISPATCH,UNIT_SCADA,1,"2022/10/20 22:30:00",DG_SA1,0
D,DISPATCH,UNIT_SCADA,1,"2022/10/20 22:30:00",DG_TAS1,0
D,DISPATCH,UNIT_SCADA,1,"2022/10/20 22:30:00",DG_VIC1,0
D,DISPATCH,UNIT_SCADA,1,"2022/10/20 22:30:00",DRYCGT1,0
D,DISPATCH,UNIT_SCADA,1,"2022/10/20 22:30:00",DRYCGT2,0
D,DISPATCH,UNIT_SCADA,1,"2022/10/20 22:30:00",DRYCGT3,0
D,DISPATCH,UNIT_SCADA,1,"2022/10/20 22:30:00",DUNDWF1,96.02
D,DISPATCH,UNIT_SCADA,1,"2022/10/20 22:30:00",DUNDWF2,32.22
D,DISPATCH,UNIT_SCADA,1,"2022/10/20 22:30:00",DUNDWF3,87.40
D,DISPATCH,UNIT_SCADA,1,"2022/10/20 22:30:00",EILDON1,59.92
D,DISPATCH,UNIT_SCADA,1,"2022/10/20 22:30:00",EILDON2,60.12
D,DISPATCH,UNIT_SCADA,1,"2022/10/20 22:30:00",ELAINWF1,11.98
D,DISPATCH,UNIT_SCADA,1,"2022/10/20 22:30:00",EMERASF1,0
D,DISPATCH,UNIT_SCADA,1,"2022/10/20 22:30:00",ER01,0
D,DISPATCH,UNIT_SCADA,1,"2022/10/20 22:30:00",ER02,562.642880
D,DISPATCH,UNIT_SCADA,1,"2022/10/20 22:30:00",ER03,557.662290
D,DISPATCH,UNIT_SCADA,1,"2022/10/20 22:30:00",ER04,559.810790
D,DISPATCH,UNIT_SCADA,1,"2022/10/20 22:30:00",FINLYSF1,0
D,DISPATCH,UNIT_SCADA,1,"2022/10/20 22:30:00",FISHER,43.87
D,DISPATCH,UNIT_SCADA,1,"2022/10/20 22:30:00",GANGARR1,0
D,DISPATCH,UNIT_SCADA,1,"2022/10/20 22:30:00",GANNBG1,0.864530
D,DISPATCH,UNIT_SCADA,1,"2022/10/20 22:30:00",GANNBL1,0
D,DISPATCH,UNIT_SCADA,1,"2022/10/20 22:30:00",GANNSF1,0
D,DISPATCH,UNIT_SCADA,1,"2022/10/20 22:30:00",GLRWNSF1,0
D,DISPATCH,UNIT_SCADA,1,"2022/10/20 22:30:00",GNNDHSF1,0
D,DISPATCH,UNIT_SCADA,1,"2022/10/20 22:30:00",GOONSF1,0
D,DISPATCH,UNIT_SCADA,1,"2022/10/20 22:30:00",GORDON,245.644620
D,DISPATCH,UNIT_SCADA,1,"2022/10/20 22:30:00",GRANWF1,0
D,DISPATCH,UNIT_SCADA,1,"2022/10/20 22:30:00",GSTONE1,200.55
D,DISPATCH,UNIT_SCADA,1,"2022/10/20 22:30:00",GSTONE2,0
D,DISPATCH,UNIT_SCADA,1,"2022/10/20 22:30:00",GSTONE3,136.849990
D,DISPATCH,UNIT_SCADA,1,"2022/10/20 22:30:00",GSTONE4,0
D,DISPATCH,UNIT_SCADA,1,"2022/10/20 22:30:00",GSTONE5,200.724990
D,DISPATCH,UNIT_SCADA,1,"2022/10/20 22:30:00",GSTONE6,200.024990
D,DISPATCH,UNIT_SCADA,1,"2022/10/20 22:30:00",GULLRSF1,0
D,DISPATCH,UNIT_SCADA,1,"2022/10/20 22:30:00",GULLRWF1,64.154030
D,DISPATCH,UNIT_SCADA,1,"2022/10/20 22:30:00",GULLRWF2,79.727780
D,DISPATCH,UNIT_SCADA,1,"2022/10/20 22:30:00",GUNNING1,0
D,DISPATCH,UNIT_SCADA,1,"2022/10/20 22:30:00",GUTHEGA,67.90
D,DISPATCH,UNIT_SCADA,1,"2022/10/20 22:30:00",HALLWF1,35.92
D,DISPATCH,UNIT_SCADA,1,"2022/10/20 22:30:00",HALLWF2,11.17
D,DISPATCH,UNIT_SCADA,1,"2022/10/20 22:30:00",HAMISF1,0
D,DISPATCH,UNIT_SCADA,1,"2022/10/20 22:30:00",HAUGHT11,0
D,DISPATCH,UNIT_SCADA,1,"2022/10/20 22:30:00",HAYMSF1,0
D,DISPATCH,UNIT_SCADA,1,"2022/10/20 22:30:00",HDWF1,25.30
D,DISPATCH,UNIT_SCADA,1,"2022/10/20 22:30:00",HDWF2,6.20
D,DISPATCH,UNIT_SCADA,1,"2022/10/20 22:30:00",HDWF3,17.20
D,DISPATCH,UNIT_SCADA,1,"2022/10/20 22:30:00",HILLSTN1,0
D,DISPATCH,UNIT_SCADA,1,"2022/10/20 22:30:00",HPRG1,6.80
D,DISPATCH,UNIT_SCADA,1,"2022/10/20 22:30:00",HPRL1,0
D,DISPATCH,UNIT_SCADA,1,"2022/10/20 22:30:00",HUMENSW,53.407780
D,DISPATCH,UNIT_SCADA,1,"2022/10/20 22:30:00",HUMEV,0
D,DISPATCH,UNIT_SCADA,1,"2022/10/20 22:30:00",HVWWBA1G,0
D,DISPATCH,UNIT_SCADA,1,"2022/10/20 22:30:00",HVWWBA1L,0.0060
D,DISPATCH,UNIT_SCADA,1,"2022/10/20 22:30:00",HVWWPV1,0
D,DISPATCH,UNIT_SCADA,1,"2022/10/20 22:30:00",JBUTTERS,0
D,DISPATCH,UNIT_SCADA,1,"2022/10/20 22:30:00",JEMALNG1,0
D,DISPATCH,UNIT_SCADA,1,"2022/10/20 22:30:00",JLA01,0
D,DISPATCH,UNIT_SCADA,1,"2022/10/20 22:30:00",JLA02,0
D,DISPATCH,UNIT_SCADA,1,"2022/10/20 22:30:00",JLA03,0
D,DISPATCH,UNIT_SCADA,1,"2022/10/20 22:30:00",JLA04,0
D,DISPATCH,UNIT_SCADA,1,"2022/10/20 22:30:00",JLB01,0
D,DISPATCH,UNIT_SCADA,1,"2022/10/20 22:30:00",JLB02,0.10
D,DISPATCH,UNIT_SCADA,1,"2022/10/20 22:30:00",JLB03,0
D,DISPATCH,UNIT_SCADA,1,"2022/10/20 22:30:00",JUNEESF1,0
D,DISPATCH,UNIT_SCADA,1,"2022/10/20 22:30:00",KABANWF1,0
D,DISPATCH,UNIT_SCADA,1,"2022/10/20 22:30:00",KAREEYA1,0
D,DISPATCH,UNIT_SCADA,1,"2022/10/20 22:30:00",KAREEYA2,0
D,DISPATCH,UNIT_SCADA,1,"2022/10/20 22:30:00",KAREEYA3,4.99
D,DISPATCH,UNIT_SCADA,1,"2022/10/20 22:30:00",KAREEYA4,0
D,DISPATCH,UNIT_SCADA,1,"2022/10/20 22:30:00",KARSF1,0
D,DISPATCH,UNIT_SCADA,1,"2022/10/20 22:30:00",KEPSF1,0
D,DISPATCH,UNIT_SCADA,1,"2022/10/20 22:30:00",KEPWF1,0.93
D,DISPATCH,UNIT_SCADA,1,"2022/10/20 22:30:00",KIAMSF1,0
D,DISPATCH,UNIT_SCADA,1,"2022/10/20 22:30:00",KIATAWF1,3.60
D,DISPATCH,UNIT_SCADA,1,"2022/10/20 22:30:00",KPP_1,0
D,DISPATCH,UNIT_SCADA,1,"2022/10/20 22:30:00",KSP1,0
D,DISPATCH,UNIT_SCADA,1,"2022/10/20 22:30:00",LADBROK1,0.01
D,DISPATCH,UNIT_SCADA,1,"2022/10/20 22:30:00",LADBROK2,0.02
D,DISPATCH,UNIT_SCADA,1,"2022/10/20 22:30:00",LBBG1,0.30
D,DISPATCH,UNIT_SCADA,1,"2022/10/20 22:30:00",LBBL1,0
D,DISPATCH,UNIT_SCADA,1,"2022/10/20 22:30:00",LD01,381.951350
D,DISPATCH,UNIT_SCADA,1,"2022/10/20 22:30:00",LD02,0
D,DISPATCH,UNIT_SCADA,1,"2022/10/20 22:30:00",LD04,318.0639
D,DISPATCH,UNIT_SCADA,1,"2022/10/20 22:30:00",LEM_WIL,86.981480
D,DISPATCH,UNIT_SCADA,1,"2022/10/20 22:30:00",LGAPWF1,91.28
D,DISPATCH,UNIT_SCADA,1,"2022/10/20 22:30:00",LGAPWF2,69.99
D,DISPATCH,UNIT_SCADA,1,"2022/10/20 22:30:00",LILYSF1,0
D,DISPATCH,UNIT_SCADA,1,"2022/10/20 22:30:00",LIMOSF11,0
D,DISPATCH,UNIT_SCADA,1,"2022/10/20 22:30:00",LIMOSF21,0
D,DISPATCH,UNIT_SCADA,1,"2022/10/20 22:30:00",LI_WY_CA,56.613090
D,DISPATCH,UNIT_SCADA,1,"2022/10/20 22:30:00",LKBONNY1,20.451860
D,DISPATCH,UNIT_SCADA,1,"2022/10/20 22:30:00",LKBONNY2,54.232730
D,DISPATCH,UNIT_SCADA,1,"2022/10/20 22:30:00",LKBONNY3,14.067160
D,DISPATCH,UNIT_SCADA,1,"2022/10/20 22:30:00",LK_ECHO,0
D,DISPATCH,UNIT_SCADA,1,"2022/10/20 22:30:00",LNGS1,0
D,DISPATCH,UNIT_SCADA,1,"2022/10/20 22:30:00",LNGS2,0
D,DISPATCH,UNIT_SCADA,1,"2022/10/20 22:30:00",LONSDALE,0
D,DISPATCH,UNIT_SCADA,1,"2022/10/20 22:30:00",LOYYB1,581.202510
D,DISPATCH,UNIT_SCADA,1,"2022/10/20 22:30:00",LOYYB2,578.570860
D,DISPATCH,UNIT_SCADA,1,"2022/10/20 22:30:00",LYA1,562
D,DISPATCH,UNIT_SCADA,1,"2022/10/20 22:30:00",LYA2,0
D,DISPATCH,UNIT_SCADA,1,"2022/10/20 22:30:00",LYA3,561
D,DISPATCH,UNIT_SCADA,1,"2022/10/20 22:30:00",LYA4,562
D,DISPATCH,UNIT_SCADA,1,"2022/10/20 22:30:00",MACARTH1,102.897620
D,DISPATCH,UNIT_SCADA,1,"2022/10/20 22:30:00",MACKNTSH,0
D,DISPATCH,UNIT_SCADA,1,"2022/10/20 22:30:00",MANSLR1,0
D,DISPATCH,UNIT_SCADA,1,"2022/10/20 22:30:00",MAPS2PV1,0
D,DISPATCH,UNIT_SCADA,1,"2022/10/20 22:30:00",MAPS3PV1,0
D,DISPATCH,UNIT_SCADA,1,"2022/10/20 22:30:00",MARYRSF1,0
D,DISPATCH,UNIT_SCADA,1,"2022/10/20 22:30:00",MBPS2PV1,0
D,DISPATCH,UNIT_SCADA,1,"2022/10/20 22:30:00",MCKAY1,227.389980
D,DISPATCH,UNIT_SCADA,1,"2022/10/20 22:30:00",MEADOWBK,6.030380
D,DISPATCH,UNIT_SCADA,1,"2022/10/20 22:30:00",MERCER01,20.20
D,DISPATCH,UNIT_SCADA,1,"2022/10/20 22:30:00",METZSF1,0
D,DISPATCH,UNIT_SCADA,1,"2022/10/20 22:30:00",MEWF1,1.760580
D,DISPATCH,UNIT_SCADA,1,"2022/10/20 22:30:00",MIDDLSF1,0
D,DISPATCH,UNIT_SCADA,1,"2022/10/20 22:30:00",MINTARO,0.128180
D,DISPATCH,UNIT_SCADA,1,"2022/10/20 22:30:00",MOLNGSF1,0
D,DISPATCH,UNIT_SCADA,1,"2022/10/20 22:30:00",MOORAWF1,0
D,DISPATCH,UNIT_SCADA,1,"2022/10/20 22:30:00",MOREESF1,0
D,DISPATCH,UNIT_SCADA,1,"2022/10/20 22:30:00",MORTLK11,0
D,DISPATCH,UNIT_SCADA,1,"2022/10/20 22:30:00",MORTLK12,0
D,DISPATCH,UNIT_SCADA,1,"2022/10/20 22:30:00",MOUSF1,0
D,DISPATCH,UNIT_SCADA,1,"2022/10/20 22:30:00",MP1,0
D,DISPATCH,UNIT_SCADA,1,"2022/10/20 22:30:00",MP2,361.345860
D,DISPATCH,UNIT_SCADA,1,"2022/10/20 22:30:00",MPP_1,199.622160
D,DISPATCH,UNIT_SCADA,1,"2022/10/20 22:30:00",MPP_2,178.8390
D,DISPATCH,UNIT_SCADA,1,"2022/10/20 22:30:00",MRTLSWF1,0
D,DISPATCH,UNIT_SCADA,1,"2022/10/20 22:30:00",MSTUART1,0
D,DISPATCH,UNIT_SCADA,1,"2022/10/20 22:30:00",MSTUART2,0
D,DISPATCH,UNIT_SCADA,1,"2022/10/20 22:30:00",MSTUART3,0
D,DISPATCH,UNIT_SCADA,1,"2022/10/20 22:30:00",MTGELWF1,45.954770
D,DISPATCH,UNIT_SCADA,1,"2022/10/20 22:30:00",MTMILLAR,23.50
D,DISPATCH,UNIT_SCADA,1,"2022/10/20 22:30:00",MURRAY,0
D,DISPATCH,UNIT_SCADA,1,"2022/10/20 22:30:00",MUSSELR1,18.70
D,DISPATCH,UNIT_SCADA,1,"2022/10/20 22:30:00",MUWAWF1,52.19
D,DISPATCH,UNIT_SCADA,1,"2022/10/20 22:30:00",MUWAWF2,66.40
D,DISPATCH,UNIT_SCADA,1,"2022/10/20 22:30:00",MWPS1PV1,0
D,DISPATCH,UNIT_SCADA,1,"2022/10/20 22:30:00",MWPS2PV1,0
D,DISPATCH,UNIT_SCADA,1,"2022/10/20 22:30:00",MWPS3PV1,0
D,DISPATCH,UNIT_SCADA,1,"2022/10/20 22:30:00",MWPS4PV1,0
D,DISPATCH,UNIT_SCADA,1,"2022/10/20 22:30:00",NBHWF1,60.10
D,DISPATCH,UNIT_SCADA,1,"2022/10/20 22:30:00",NEVERSF1,0
D,DISPATCH,UNIT_SCADA,1,"2022/10/20 22:30:00",NPS,0
D,DISPATCH,UNIT_SCADA,1,"2022/10/20 22:30:00",NUMURSF1,0
D,DISPATCH,UNIT_SCADA,1,"2022/10/20 22:30:00",NYNGAN1,0
D,DISPATCH,UNIT_SCADA,1,"2022/10/20 22:30:00",OAKEY1,0
D,DISPATCH,UNIT_SCADA,1,"2022/10/20 22:30:00",OAKEY1SF,0
D,DISPATCH,UNIT_SCADA,1,"2022/10/20 22:30:00",OAKEY2,0
D,DISPATCH,UNIT_SCADA,1,"2022/10/20 22:30:00",OAKEY2SF,0
D,DISPATCH,UNIT_SCADA,1,"2022/10/20 22:30:00",OAKLAND1,4.90
D,DISPATCH,UNIT_SCADA,1,"2022/10/20 22:30:00",OSB-AG,179.899990
D,DISPATCH,UNIT_SCADA,1,"2022/10/20 22:30:00",PAREPS1,0
D,DISPATCH,UNIT_SCADA,1,"2022/10/20 22:30:00",PAREPW1,60.79
D,DISPATCH,UNIT_SCADA,1,"2022/10/20 22:30:00",PARSF1,0.001530
D,DISPATCH,UNIT_SCADA,1,"2022/10/20 22:30:00",POAT110,3.16
D,DISPATCH,UNIT_SCADA,1,"2022/10/20 22:30:00",POAT220,0
D,DISPATCH,UNIT_SCADA,1,"2022/10/20 22:30:00",POR01,0
D,DISPATCH,UNIT_SCADA,1,"2022/10/20 22:30:00",POR03,0
D,DISPATCH,UNIT_SCADA,1,"2022/10/20 22:30:00",PPCCGT,170.867710
D,DISPATCH,UNIT_SCADA,1,"2022/10/20 22:30:00",PTSTAN1,0
D,DISPATCH,UNIT_SCADA,1,"2022/10/20 22:30:00",PUMP1,0
D,DISPATCH,UNIT_SCADA,1,"2022/10/20 22:30:00",PUMP2,0
D,DISPATCH,UNIT_SCADA,1,"2022/10/20 22:30:00",QBYNBG1,0
D,DISPATCH,UNIT_SCADA,1,"2022/10/20 22:30:00",QBYNBL1,0.0005
D,DISPATCH,UNIT_SCADA,1,"2022/10/20 22:30:00",QPS1,0
D,DISPATCH,UNIT_SCADA,1,"2022/10/20 22:30:00",QPS2,0
D,DISPATCH,UNIT_SCADA,1,"2022/10/20 22:30:00",QPS3,0
D,DISPATCH,UNIT_SCADA,1,"2022/10/20 22:30:00",QPS4,0
D,DISPATCH,UNIT_SCADA,1,"2022/10/20 22:30:00",QPS5,0
D,DISPATCH,UNIT_SCADA,1,"2022/10/20 22:30:00",REECE1,0
D,DISPATCH,UNIT_SCADA,1,"2022/10/20 22:30:00",REECE2,0
D,DISPATCH,UNIT_SCADA,1,"2022/10/20 22:30:00",ROMA_7,0
D,DISPATCH,UNIT_SCADA,1,"2022/10/20 22:30:00",ROMA_8,0
D,DISPATCH,UNIT_SCADA,1,"2022/10/20 22:30:00",RRSF1,0
D,DISPATCH,UNIT_SCADA,1,"2022/10/20 22:30:00",RT_NSW1,0
D,DISPATCH,UNIT_SCADA,1,"2022/10/20 22:30:00",RT_NSW2,0
D,DISPATCH,UNIT_SCADA,1,"2022/10/20 22:30:00",RT_NSW3,0
D,DISPATCH,UNIT_SCADA,1,"2022/10/20 22:30:00",RT_NSW4,0
D,DISPATCH,UNIT_SCADA,1,"2022/10/20 22:30:00",RT_NSW5,0
D,DISPATCH,UNIT_SCADA,1,"2022/10/20 22:30:00",RT_NSW6,0
D,DISPATCH,UNIT_SCADA,1,"2022/10/20 22:30:00",RT_QLD1,0
D,DISPATCH,UNIT_SCADA,1,"2022/10/20 22:30:00",RT_SA1,0
D,DISPATCH,UNIT_SCADA,1,"2022/10/20 22:30:00",RT_SA2,0
D,DISPATCH,UNIT_SCADA,1,"2022/10/20 22:30:00",RT_SA3,0
D,DISPATCH,UNIT_SCADA,1,"2022/10/20 22:30:00",RT_SA4,0
D,DISPATCH,UNIT_SCADA,1,"2022/10/20 22:30:00",RT_SA5,0
D,DISPATCH,UNIT_SCADA,1,"2022/10/20 22:30:00",RT_SA6,0
D,DISPATCH,UNIT_SCADA,1,"2022/10/20 22:30:00",RT_TAS1,0
D,DISPATCH,UNIT_SCADA,1,"2022/10/20 22:30:00",RT_VIC1,0
D,DISPATCH,UNIT_SCADA,1,"2022/10/20 22:30:00",RT_VIC10,0
D,DISPATCH,UNIT_SCADA,1,"2022/10/20 22:30:00",RT_VIC11,0
D,DISPATCH,UNIT_SCADA,1,"2022/10/20 22:30:00",RT_VIC12,0
D,DISPATCH,UNIT_SCADA,1,"2022/10/20 22:30:00",RT_VIC2,0
D,DISPATCH,UNIT_SCADA,1,"2022/10/20 22:30:00",RT_VIC3,0
D,DISPATCH,UNIT_SCADA,1,"2022/10/20 22:30:00",RT_VIC4,0
D,DISPATCH,UNIT_SCADA,1,"2022/10/20 22:30:00",RT_VIC5,0
D,DISPATCH,UNIT_SCADA,1,"2022/10/20 22:30:00",RT_VIC6,0
D,DISPATCH,UNIT_SCADA,1,"2022/10/20 22:30:00",RT_VIC7,0
D,DISPATCH,UNIT_SCADA,1,"2022/10/20 22:30:00",RT_VIC8,0
D,DISPATCH,UNIT_SCADA,1,"2022/10/20 22:30:00",RT_VIC9,0
D,DISPATCH,UNIT_SCADA,1,"2022/10/20 22:30:00",RUGBYR1,0
D,DISPATCH,UNIT_SCADA,1,"2022/10/20 22:30:00",SALTCRK1,35.32
D,DISPATCH,UNIT_SCADA,1,"2022/10/20 22:30:00",SAPHWF1,237.138930
D,DISPATCH,UNIT_SCADA,1,"2022/10/20 22:30:00",SEBSF1,0
D,DISPATCH,UNIT_SCADA,1,"2022/10/20 22:30:00",SHGEN,0
D,DISPATCH,UNIT_SCADA,1,"2022/10/20 22:30:00",SHPUMP,0
D,DISPATCH,UNIT_SCADA,1,"2022/10/20 22:30:00",SITHE01,0.123710
D,DISPATCH,UNIT_SCADA,1,"2022/10/20 22:30:00",SMCSF1,0
D,DISPATCH,UNIT_SCADA,1,"2022/10/20 22:30:00",SNAPPER1,0
D,DISPATCH,UNIT_SCADA,1,"2022/10/20 22:30:00",SNOWNTH1,68.40
D,DISPATCH,UNIT_SCADA,1,"2022/10/20 22:30:00",SNOWSTH1,61
D,DISPATCH,UNIT_SCADA,1,"2022/10/20 22:30:00",SNOWTWN1,58.494660
D,DISPATCH,UNIT_SCADA,1,"2022/10/20 22:30:00",SNOWYP,0
D,DISPATCH,UNIT_SCADA,1,"2022/10/20 22:30:00",SNUG1,0
D,DISPATCH,UNIT_SCADA,1,"2022/10/20 22:30:00",SRSF1,0
D,DISPATCH,UNIT_SCADA,1,"2022/10/20 22:30:00",STAN-1,286.298370
D,DISPATCH,UNIT_SCADA,1,"2022/10/20 22:30:00",STAN-2,363.922970
D,DISPATCH,UNIT_SCADA,1,"2022/10/20 22:30:00",STAN-3,364.653590
D,DISPATCH,UNIT_SCADA,1,"2022/10/20 22:30:00",STAN-4,365.691830
D,DISPATCH,UNIT_SCADA,1,"2022/10/20 22:30:00",STARHLWF,24.292920
D,DISPATCH,UNIT_SCADA,1,"2022/10/20 22:30:00",STOCKYD1,149.09
D,DISPATCH,UNIT_SCADA,1,"2022/10/20 22:30:00",STWF1,30.130460
D,DISPATCH,UNIT_SCADA,1,"2022/10/20 22:30:00",SUNRSF1,0
D,DISPATCH,UNIT_SCADA,1,"2022/10/20 22:30:00",SUNTPSF1,0
D,DISPATCH,UNIT_SCADA,1,"2022/10/20 22:30:00",SWAN_E,283.728730
D,DISPATCH,UNIT_SCADA,1,"2022/10/20 22:30:00",TALWA1,0
D,DISPATCH,UNIT_SCADA,1,"2022/10/20 22:30:00",TARALGA1,0
D,DISPATCH,UNIT_SCADA,1,"2022/10/20 22:30:00",TARONG#1,350.800020
D,DISPATCH,UNIT_SCADA,1,"2022/10/20 22:30:00",TARONG#2,349.399990
D,DISPATCH,UNIT_SCADA,1,"2022/10/20 22:30:00",TARONG#3,0.90
D,DISPATCH,UNIT_SCADA,1,"2022/10/20 22:30:00",TARONG#4,232
D,DISPATCH,UNIT_SCADA,1,"2022/10/20 22:30:00",TARRALEA,54
D,DISPATCH,UNIT_SCADA,1,"2022/10/20 22:30:00",TBSF1,0
D,DISPATCH,UNIT_SCADA,1,"2022/10/20 22:30:00",TNPS1,354.0625
D,DISPATCH,UNIT_SCADA,1,"2022/10/20 22:30:00",TORRB1,0
D,DISPATCH,UNIT_SCADA,1,"2022/10/20 22:30:00",TORRB2,66
D,DISPATCH,UNIT_SCADA,1,"2022/10/20 22:30:00",TORRB3,0
D,DISPATCH,UNIT_SCADA,1,"2022/10/20 22:30:00",TORRB4,0
D,DISPATCH,UNIT_SCADA,1,"2022/10/20 22:30:00",TREVALLN,98.309230
D,DISPATCH,UNIT_SCADA,1,"2022/10/20 22:30:00",TRIBUTE,0
D,DISPATCH,UNIT_SCADA,1,"2022/10/20 22:30:00",TUMUT3,127.24
D,DISPATCH,UNIT_SCADA,1,"2022/10/20 22:30:00",TUNGATIN,4.300020
D,DISPATCH,UNIT_SCADA,1,"2022/10/20 22:30:00",TVCC201,0
D,DISPATCH,UNIT_SCADA,1,"2022/10/20 22:30:00",TVPP104,0
D,DISPATCH,UNIT_SCADA,1,"2022/10/20 22:30:00",UPPTUMUT,0
D,DISPATCH,UNIT_SCADA,1,"2022/10/20 22:30:00",URANQ11,0
D,DISPATCH,UNIT_SCADA,1,"2022/10/20 22:30:00",URANQ12,0
D,DISPATCH,UNIT_SCADA,1,"2022/10/20 22:30:00",URANQ13,0
D,DISPATCH,UNIT_SCADA,1,"2022/10/20 22:30:00",URANQ14,0
D,DISPATCH,UNIT_SCADA,1,"2022/10/20 22:30:00",VBBG1,34.70
D,DISPATCH,UNIT_SCADA,1,"2022/10/20 22:30:00",VBBL1,0
D,DISPATCH,UNIT_SCADA,1,"2022/10/20 22:30:00",VP5,534.3913
D,DISPATCH,UNIT_SCADA,1,"2022/10/20 22:30:00",VP6,564.9342
D,DISPATCH,UNIT_SCADA,1,"2022/10/20 22:30:00",VPGS1,0
D,DISPATCH,UNIT_SCADA,1,"2022/10/20 22:30:00",VPGS2,0
D,DISPATCH,UNIT_SCADA,1,"2022/10/20 22:30:00",VPGS3,0
D,DISPATCH,UNIT_SCADA,1,"2022/10/20 22:30:00",VPGS4,0
D,DISPATCH,UNIT_SCADA,1,"2022/10/20 22:30:00",VPGS5,0
D,DISPATCH,UNIT_SCADA,1,"2022/10/20 22:30:00",VPGS6,0
D,DISPATCH,UNIT_SCADA,1,"2022/10/20 22:30:00",W/HOE#1,0
D,DISPATCH,UNIT_SCADA,1,"2022/10/20 22:30:00",W/HOE#2,0
D,DISPATCH,UNIT_SCADA,1,"2022/10/20 22:30:00",WAGGNSF1,0
D,DISPATCH,UNIT_SCADA,1,"2022/10/20 22:30:00",WALGRVG1,1.233310
D,DISPATCH,UNIT_SCADA,1,"2022/10/20 22:30:00",WALGRVL1,0
D,DISPATCH,UNIT_SCADA,1,"2022/10/20 22:30:00",WANDBG1,2.095310
D,DISPATCH,UNIT_SCADA,1,"2022/10/20 22:30:00",WANDBL1,0
D,DISPATCH,UNIT_SCADA,1,"2022/10/20 22:30:00",WARWSF1,0
D,DISPATCH,UNIT_SCADA,1,"2022/10/20 22:30:00",WARWSF2,0
D,DISPATCH,UNIT_SCADA,1,"2022/10/20 22:30:00",WATERLWF,28.20
D,DISPATCH,UNIT_SCADA,1,"2022/10/20 22:30:00",WDGPH1,0
D,DISPATCH,UNIT_SCADA,1,"2022/10/20 22:30:00",WELLSF1,0
D,DISPATCH,UNIT_SCADA,1,"2022/10/20 22:30:00",WEMENSF1,0
D,DISPATCH,UNIT_SCADA,1,"2022/10/20 22:30:00",WGWF1,13.70
D,DISPATCH,UNIT_SCADA,1,"2022/10/20 22:30:00",WHITSF1,0
D,DISPATCH,UNIT_SCADA,1,"2022/10/20 22:30:00",WINTSF1,0
D,DISPATCH,UNIT_SCADA,1,"2022/10/20 22:30:00",WKIEWA1,34.30
D,DISPATCH,UNIT_SCADA,1,"2022/10/20 22:30:00",WKIEWA2,34.30
D,DISPATCH,UNIT_SCADA,1,"2022/10/20 22:30:00",WOODLWN1,35.1436
D,DISPATCH,UNIT_SCADA,1,"2022/10/20 22:30:00",WOOLGSF1,0
D,DISPATCH,UNIT_SCADA,1,"2022/10/20 22:30:00",WPWF,53.48
D,DISPATCH,UNIT_SCADA,1,"2022/10/20 22:30:00",WRSF1,0
D,DISPATCH,UNIT_SCADA,1,"2022/10/20 22:30:00",WRWF1,134.640120
D,DISPATCH,UNIT_SCADA,1,"2022/10/20 22:30:00",WSTWYSF1,0
D,DISPATCH,UNIT_SCADA,1,"2022/10/20 22:30:00",YABULU,0
D,DISPATCH,UNIT_SCADA,1,"2022/10/20 22:30:00",YABULU2,0
D,DISPATCH,UNIT_SCADA,1,"2022/10/20 22:30:00",YARANSF1,0
D,DISPATCH,UNIT_SCADA,1,"2022/10/20 22:30:00",YARWUN_1,163.34
D,DISPATCH,UNIT_SCADA,1,"2022/10/20 22:30:00",YATSF1,0
D,DISPATCH,UNIT_SCADA,1,"2022/10/20 22:30:00",YENDWF1,4.18
D,DISPATCH,UNIT_SCADA,1,"2022/10/20 22:30:00",YWPS1,291.225310
D,DISPATCH,UNIT_SCADA,1,"2022/10/20 22:30:00",YWPS2,364.660770
D,DISPATCH,UNIT_SCADA,1,"2022/10/20 22:30:00",YWPS3,364.187350
D,DISPATCH,UNIT_SCADA,1,"2022/10/20 22:30:00",YWPS4,0
C,"END OF REPORT",419
