C,NEMP.WORLD,DISPATCHSCADA,AEMO,PUBLIC,2022/10/20,14:40:09,0000000373261426,DISPATCHSCADA,0000000373261420
I,DISPATCH,UNIT_SCADA,1,SETTLEMENTDATE,DUID,SCADAVALUE
D,DISPATCH,UNIT_SCADA,1,"2022/10/20 14:45:00",BARCSF1,1.30
D,DISPATCH,UNIT_SCADA,1,"2022/10/20 14:45:00",BUTLERSG,8.699999
D,DISPATCH,UNIT_SCADA,1,"2022/10/20 14:45:00",CAPTL_WF,68.157288
D,DISPATCH,UNIT_SCADA,1,"2022/10/20 14:45:00",CHALLHWF,10.299999
D,DISPATCH,UNIT_SCADA,1,"2022/10/20 14:45:00",CLOVER,10.37
D,DISPATCH,UNIT_SCADA,1,"2022/10/20 14:45:00",CLUNY,6.215152
D,DISPATCH,UNIT_SCADA,1,"2022/10/20 14:45:00",CULLRGWF,-0.04
D,DISPATCH,UNIT_SCADA,1,"2022/10/20 14:45:00",DIAPURWF1,5.70
D,DISPATCH,UNIT_SCADA,1,"2022/10/20 14:45:00",ERGT01,0
D,DISPATCH,UNIT_SCADA,1,"2022/10/20 14:45:00",GB01,0
D,DISPATCH,UNIT_SCADA,1,"2022/10/20 14:45:00",GERMCRK,21.60
D,DISPATCH,UNIT_SCADA,1,"2022/10/20 14:45:00",GRIFSF1,5.900664
D,DISPATCH,UNIT_SCADA,1,"2022/10/20 14:45:00",HEZ1,0
D,DISPATCH,UNIT_SCADA,1,"2022/10/20 14:45:00",HUGSF1,9.4110
D,DISPATCH,UNIT_SCADA,1,"2022/10/20 14:45:00",KEPBG1,0
D,DISPATCH,UNIT_SCADA,1,"2022/10/20 14:45:00",LRSF1,13.3690
D,DISPATCH,UNIT_SCADA,1,"2022/10/20 14:45:00",MBAHNTH,43.199997
D,DISPATCH,UNIT_SCADA,1,"2022/10/20 14:45:00",MLSP1,1.290001
D,DISPATCH,UNIT_SCADA,1,"2022/10/20 14:45:00",MLWF1,5.2050
D,DISPATCH,UNIT_SCADA,1,"2022/10/20 14:45:00",PALOONA,30.50
D,DISPATCH,UNIT_SCADA,1,"2022/10/20 14:45:00",PIONEER,43.600002
D,DISPATCH,UNIT_SCADA,1,"2022/10/20 14:45:00",PORTWF,56.400002
D,DISPATCH,UNIT_SCADA,1,"2022/10/20 14:45:00",REPULSE,9.499046
D,DISPATCH,UNIT_SCADA,1,"2022/10/20 14:45:00",ROWALLAN,8.9673
D,DISPATCH,UNIT_SCADA,1,"2022/10/20 14:45:00",ROYALLA1,4.910003
D,DISPATCH,UNIT_SCADA,1,"2022/10/20 14:45:00",RPCG,-1.80
D,DISPATCH,UNIT_SCADA,1,"2022/10/20 14:45:00",RUBICON,0
D,DISPATCH,UNIT_SCADA,1,"2022/10/20 14:45:00",WAUBRAWF,62.199001
D,DISPATCH,UNIT_SCADA,1,"2022/10/20 14:45:00",WOOLNTH1,95.849998
D,DISPATCH,UNIT_SCADA,1,"2022/10/20 14:45:00",YAMBUKWF,5.60
D,DISPATCH,UNIT_SCADA,1,"2022/10/20 14:45:00",YSWF1,1.80
D,DISPATCH,UNIT_SCADA,1,"2022/10/20 14:45:00",ADPBA1G,0.0080
D,DISPATCH,UNIT_SCADA,1,"2022/10/20 14:45:00",ADPBA1L,0
D,DISPATCH,UNIT_SCADA,1,"2022/10/20 14:45:00",ADPPV1,8.7610
D,DISPATCH,UNIT_SCADA,1,"2022/10/20 14:45:00",AGLHAL,15.816220
D,DISPATCH,UNIT_SCADA,1,"2022/10/20 14:45:00",AGLSOM,0
D,DISPATCH,UNIT_SCADA,1,"2022/10/20 14:45:00",ANGAST1,-0.10
D,DISPATCH,UNIT_SCADA,1,"2022/10/20 14:45:00",ARWF1,7.70
D,DISPATCH,UNIT_SCADA,1,"2022/10/20 14:45:00",BALBG1,0
D,DISPATCH,UNIT_SCADA,1,"2022/10/20 14:45:00",BALBL1,0
D,DISPATCH,UNIT_SCADA,1,"2022/10/20 14:45:00",BALDHWF1,80.5080
D,DISPATCH,UNIT_SCADA,1,"2022/10/20 14:45:00",BANGOWF1,21.897310
D,DISPATCH,UNIT_SCADA,1,"2022/10/20 14:45:00",BANGOWF2,24.898830
D,DISPATCH,UNIT_SCADA,1,"2022/10/20 14:45:00",BANN1,10.91
D,DISPATCH,UNIT_SCADA,1,"2022/10/20 14:45:00",BARCALDN,0
D,DISPATCH,UNIT_SCADA,1,"2022/10/20 14:45:00",BARKIPS1,0
D,DISPATCH,UNIT_SCADA,1,"2022/10/20 14:45:00",BARRON-1,15.84
D,DISPATCH,UNIT_SCADA,1,"2022/10/20 14:45:00",BARRON-2,0
D,DISPATCH,UNIT_SCADA,1,"2022/10/20 14:45:00",BASTYAN,50.740010
D,DISPATCH,UNIT_SCADA,1,"2022/10/20 14:45:00",BBTHREE1,0
D,DISPATCH,UNIT_SCADA,1,"2022/10/20 14:45:00",BBTHREE2,21.31
D,DISPATCH,UNIT_SCADA,1,"2022/10/20 14:45:00",BBTHREE3,-1.11
D,DISPATCH,UNIT_SCADA,1,"2022/10/20 14:45:00",BDL01,0
D,DISPATCH,UNIT_SCADA,1,"2022/10/20 14:45:00",BDL02,0
D,DISPATCH,UNIT_SCADA,1,"2022/10/20 14:45:00",BERYLSF1,0
D,DISPATCH,UNIT_SCADA,1,"2022/10/20 14:45:00",BLOWERNG,62.50
D,DISPATCH,UNIT_SCADA,1,"2022/10/20 14:45:00",BLUEGSF1,15.0231
D,DISPATCH,UNIT_SCADA,1,"2022/10/20 14:45:00",BLUFF1,0
D,DISPATCH,UNIT_SCADA,1,"2022/10/20 14:45:00",BNGSF1,15.35
D,DISPATCH,UNIT_SCADA,1,"2022/10/20 14:45:00",BNGSF2,14.67
D,DISPATCH,UNIT_SCADA,1,"2022/10/20 14:45:00",BOCORWF1,50.67
D,DISPATCH,UNIT_SCADA,1,"2022/10/20 14:45:00",BODWF1,60.172060
D,DISPATCH,UNIT_SCADA,1,"2022/10/20 14:45:00",BOMENSF1,28.870680
D,DISPATCH,UNIT_SCADA,1,"2022/10/20 14:45:00",BOWWBA1G,0
D,DISPATCH,UNIT_SCADA,1,"2022/10/20 14:45:00",BOWWBA1L,0.0010
D,DISPATCH,UNIT_SCADA,1,"2022/10/20 14:45:00",BOWWPV1,0
D,DISPATCH,UNIT_SCADA,1,"2022/10/20 14:45:00",BRAEMAR1,0
D,DISPATCH,UNIT_SCADA,1,"2022/10/20 14:45:00",BRAEMAR2,0
D,DISPATCH,UNIT_SCADA,1,"2022/10/20 14:45:00",BRAEMAR3,0
D,DISPATCH,UNIT_SCADA,1,"2022/10/20 14:45:00",BRAEMAR5,0.292060
D,DISPATCH,UNIT_SCADA,1,"2022/10/20 14:45:00",BRAEMAR6,0
D,DISPATCH,UNIT_SCADA,1,"2022/10/20 14:45:00",BRAEMAR7,40.6667
D,DISPATCH,UNIT_SCADA,1,"2022/10/20 14:45:00",BROKENH1,21.199680
D,DISPATCH,UNIT_SCADA,1,"2022/10/20 14:45:00",BRYB1WF1,85.050740
D,DISPATCH,UNIT_SCADA,1,"2022/10/20 14:45:00",BULBESG1,0
D,DISPATCH,UNIT_SCADA,1,"2022/10/20 14:45:00",BULBESL1,2.26
D,DISPATCH,UNIT_SCADA,1,"2022/10/20 14:45:00",BULGANA1,15.30
D,DISPATCH,UNIT_SCADA,1,"2022/10/20 14:45:00",BW01,657.102290
D,DISPATCH,UNIT_SCADA,1,"2022/10/20 14:45:00",BW02,618.747250
D,DISPATCH,UNIT_SCADA,1,"2022/10/20 14:45:00",BW03,539.497990
D,DISPATCH,UNIT_SCADA,1,"2022/10/20 14:45:00",BW04,0
D,DISPATCH,UNIT_SCADA,1,"2022/10/20 14:45:00",CALL_B_1,318.800020
D,DISPATCH,UNIT_SCADA,1,"2022/10/20 14:45:00",CALL_B_2,319.399990
D,DISPATCH,UNIT_SCADA,1,"2022/10/20 14:45:00",CATHROCK,9.60
D,DISPATCH,UNIT_SCADA,1,"2022/10/20 14:45:00",CBWWBA1G,0
D,DISPATCH,UNIT_SCADA,1,"2022/10/20 14:45:00",CBWWBA1L,0
D,DISPATCH,UNIT_SCADA,1,"2022/10/20 14:45:00",CETHANA,86.868130
D,DISPATCH,UNIT_SCADA,1,"2022/10/20 14:45:00",CG1,0
D,DISPATCH,UNIT_SCADA,1,"2022/10/20 14:45:00",CG2,0
D,DISPATCH,UNIT_SCADA,1,"2022/10/20 14:45:00",CG3,0
D,DISPATCH,UNIT_SCADA,1,"2022/10/20 14:45:00",CG4,0
D,DISPATCH,UNIT_SCADA,1,"2022/10/20 14:45:00",CHILDSF1,5.20
D,DISPATCH,UNIT_SCADA,1,"2022/10/20 14:45:00",CHYTWF1,8.43
D,DISPATCH,UNIT_SCADA,1,"2022/10/20 14:45:00",CLARESF1,91.1360
D,DISPATCH,UNIT_SCADA,1,"2022/10/20 14:45:00",CLEMGPWF,1.224590
D,DISPATCH,UNIT_SCADA,1,"2022/10/20 14:45:00",CLERMSF1,36.93
D,DISPATCH,UNIT_SCADA,1,"2022/10/20 14:45:00",CNUNDAWF,8.309690
D,DISPATCH,UNIT_SCADA,1,"2022/10/20 14:45:00",COHUNSF1,13.53
D,DISPATCH,UNIT_SCADA,1,"2022/10/20 14:45:00",COLEASF1,36.698330
D,DISPATCH,UNIT_SCADA,1,"2022/10/20 14:45:00",COLUMSF1,15.0490
D,DISPATCH,UNIT_SCADA,1,"2022/10/20 14:45:00",COLWF01,119.497980
D,DISPATCH,UNIT_SCADA,1,"2022/10/20 14:45:00",COOPGWF1,179.210010
D,DISPATCH,UNIT_SCADA,1,"2022/10/20 14:45:00",CPP_3,363.274990
D,DISPATCH,UNIT_SCADA,1,"2022/10/20 14:45:00",CPP_4,0
D,DISPATCH,UNIT_SCADA,1,"2022/10/20 14:45:00",CPSA,0
D,DISPATCH,UNIT_SCADA,1,"2022/10/20 14:45:00",CROOKWF2,25.513690
D,DISPATCH,UNIT_SCADA,1,"2022/10/20 14:45:00",CROWLWF1,13.454340
D,DISPATCH,UNIT_SCADA,1,"2022/10/20 14:45:00",CRURWF1,22.1986
D,DISPATCH,UNIT_SCADA,1,"2022/10/20 14:45:00",CRWASF1,13.200380
D,DISPATCH,UNIT_SCADA,1,"2022/10/20 14:45:00",CSPVPS1,5.6460
D,DISPATCH,UNIT_SCADA,1,"2022/10/20 14:45:00",CTHLWF1,0.003050
D,DISPATCH,UNIT_SCADA,1,"2022/10/20 14:45:00",DALNTH01,0
D,DISPATCH,UNIT_SCADA,1,"2022/10/20 14:45:00",DALNTHL1,0.090030
D,DISPATCH,UNIT_SCADA,1,"2022/10/20 14:45:00",DARLSF1,71.415340
D,DISPATCH,UNIT_SCADA,1,"2022/10/20 14:45:00",DARTM1,0
D,DISPATCH,UNIT_SCADA,1,"2022/10/20 14:45:00",DAYDSF1,11.5550
D,DISPATCH,UNIT_SCADA,1,"2022/10/20 14:45:00",DDPS1,0
D,DISPATCH,UNIT_SCADA,1,"2022/10/20 14:45:00",DDSF1,32.414720
D,DISPATCH,UNIT_SCADA,1,"2022/10/20 14:45:00",DEVILS_G,60.018920
D,DISPATCH,UNIT_SCADA,1,"2022/10/20 14:45:00",DG_NSW1,0
D,DISPATCH,UNIT_SCADA,1,"2022/10/20 14:45:00",DG_QLD1,0
D,DISPATCH,UNIT_SCADA,1,"2022/10/20 14:45:00",DG_SA1,0
D,DISPATCH,UNIT_SCADA,1,"2022/10/20 14:45:00",DG_TAS1,0
D,DISPATCH,UNIT_SCADA,1,"2022/10/20 14:45:00",DG_VIC1,0
D,DISPATCH,UNIT_SCADA,1,"2022/10/20 14:45:00",DRYCGT1,0
D,DISPATCH,UNIT_SCADA,1,"2022/10/20 14:45:00",DRYCGT2,0
D,DISPATCH,UNIT_SCADA,1,"2022/10/20 14:45:00",DRYCGT3,0
D,DISPATCH,UNIT_SCADA,1,"2022/10/20 14:45:00",DUNDWF1,57.14
D,DISPATCH,UNIT_SCADA,1,"2022/10/20 14:45:00",DUNDWF2,17.84
D,DISPATCH,UNIT_SCADA,1,"2022/10/20 14:45:00",DUNDWF3,56.47
D,DISPATCH,UNIT_SCADA,1,"2022/10/20 14:45:00",EILDON1,59.92
D,DISPATCH,UNIT_SCADA,1,"2022/10/20 14:45:00",EILDON2,59.96
D,DISPATCH,UNIT_SCADA,1,"2022/10/20 14:45:00",ELAINWF1,19.17
D,DISPATCH,UNIT_SCADA,1,"2022/10/20 14:45:00",EMERASF1,0
D,DISPATCH,UNIT_SCADA,1,"2022/10/20 14:45:00",ER01,0
D,DISPATCH,UNIT_SCADA,1,"2022/10/20 14:45:00",ER02,540.108340
D,DISPATCH,UNIT_SCADA,1,"2022/10/20 14:45:00",ER03,541.304630
D,DISPATCH,UNIT_SCADA,1,"2022/10/20 14:45:00",ER04,540.328060
D,DISPATCH,UNIT_SCADA,1,"2022/10/20 14:45:00",FINLYSF1,116.386670
D,DISPATCH,UNIT_SCADA,1,"2022/10/20 14:45:00",FISHER,43.81
D,DISPATCH,UNIT_SCADA,1,"2022/10/20 14:45:00",GANGARR1,4.0830
D,DISPATCH,UNIT_SCADA,1,"2022/10/20 14:45:00",GANNBG1,0
D,DISPATCH,UNIT_SCADA,1,"2022/10/20 14:45:00",GANNBL1,5.454930
D,DISPATCH,UNIT_SCADA,1,"2022/10/20 14:45:00",GANNSF1,44.20
D,DISPATCH,UNIT_SCADA,1,"2022/10/20 14:45:00",GLRWNSF1,94.98
D,DISPATCH,UNIT_SCADA,1,"2022/10/20 14:45:00",GNNDHSF1,91.174870
D,DISPATCH,UNIT_SCADA,1,"2022/10/20 14:45:00",GOONSF1,36.024720
D,DISPATCH,UNIT_SCADA,1,"2022/10/20 14:45:00",GORDON,178.4937
D,DISPATCH,UNIT_SCADA,1,"2022/10/20 14:45:00",GRANWF1,0
D,DISPATCH,UNIT_SCADA,1,"2022/10/20 14:45:00",GSTONE1,200.3750
D,DISPATCH,UNIT_SCADA,1,"2022/10/20 14:45:00",GSTONE2,0
D,DISPATCH,UNIT_SCADA,1,"2022/10/20 14:45:00",GSTONE3,200.024990
D,DISPATCH,UNIT_SCADA,1,"2022/10/20 14:45:00",GSTONE4,0
D,DISPATCH,UNIT_SCADA,1,"2022/10/20 14:45:00",GSTONE5,184.974990
D,DISPATCH,UNIT_SCADA,1,"2022/10/20 14:45:00",GSTONE6,200.3750
D,DISPATCH,UNIT_SCADA,1,"2022/10/20 14:45:00",GULLRSF1,2.324960
D,DISPATCH,UNIT_SCADA,1,"2022/10/20 14:45:00",GULLRWF1,68.503950
D,DISPATCH,UNIT_SCADA,1,"2022/10/20 14:45:00",GULLRWF2,61.871550
D,DISPATCH,UNIT_SCADA,1,"2022/10/20 14:45:00",GUNNING1,0
D,DISPATCH,UNIT_SCADA,1,"2022/10/20 14:45:00",GUTHEGA,61.20
D,DISPATCH,UNIT_SCADA,1,"2022/10/20 14:45:00",HALLWF1,0
D,DISPATCH,UNIT_SCADA,1,"2022/10/20 14:45:00",HALLWF2,0
D,DISPATCH,UNIT_SCADA,1,"2022/10/20 14:45:00",HAMISF1,4.70
D,DISPATCH,UNIT_SCADA,1,"2022/10/20 14:45:00",HAUGHT11,38.840320
D,DISPATCH,UNIT_SCADA,1,"2022/10/20 14:45:00",HAYMSF1,3.7860
D,DISPATCH,UNIT_SCADA,1,"2022/10/20 14:45:00",HDWF1,2.50
D,DISPATCH,UNIT_SCADA,1,"2022/10/20 14:45:00",HDWF2,2.10
D,DISPATCH,UNIT_SCADA,1,"2022/10/20 14:45:00",HDWF3,1.90
D,DISPATCH,UNIT_SCADA,1,"2022/10/20 14:45:00",HILLSTN1,20.098050
D,DISPATCH,UNIT_SCADA,1,"2022/10/20 14:45:00",HPRG1,0
D,DISPATCH,UNIT_SCADA,1,"2022/10/20 14:45:00",HPRL1,8.20
D,DISPATCH,UNIT_SCADA,1,"2022/10/20 14:45:00",HUMENSW,54.109150
D,DISPATCH,UNIT_SCADA,1,"2022/10/20 14:45:00",HUMEV,0
D,DISPATCH,UNIT_SCADA,1,"2022/10/20 14:45:00",HVWWBA1G,0
D,DISPATCH,UNIT_SCADA,1,"2022/10/20 14:45:00",HVWWBA1L,0.0060
D,DISPATCH,UNIT_SCADA,1,"2022/10/20 14:45:00",HVWWPV1,4.6710
D,DISPATCH,UNIT_SCADA,1,"2022/10/20 14:45:00",JBUTTERS,0
D,DISPATCH,UNIT_SCADA,1,"2022/10/20 14:45:00",JEMALNG1,27.93
D,DISPATCH,UNIT_SCADA,1,"2022/10/20 14:45:00",JLA01,0
D,DISPATCH,UNIT_SCADA,1,"2022/10/20 14:45:00",JLA02,0
D,DISPATCH,UNIT_SCADA,1,"2022/10/20 14:45:00",JLA03,0
D,DISPATCH,UNIT_SCADA,1,"2022/10/20 14:45:00",JLA04,0
D,DISPATCH,UNIT_SCADA,1,"2022/10/20 14:45:00",JLB01,0
D,DISPATCH,UNIT_SCADA,1,"2022/10/20 14:45:00",JLB02,0.10
D,DISPATCH,UNIT_SCADA,1,"2022/10/20 14:45:00",JLB03,0
D,DISPATCH,UNIT_SCADA,1,"2022/10/20 14:45:00",JUNEESF1,10.263040
D,DISPATCH,UNIT_SCADA,1,"2022/10/20 14:45:00",KABANWF1,3.0510
D,DISPATCH,UNIT_SCADA,1,"2022/10/20 14:45:00",KAREEYA1,0
D,DISPATCH,UNIT_SCADA,1,"2022/10/20 14:45:00",KAREEYA2,0
D,DISPATCH,UNIT_SCADA,1,"2022/10/20 14:45:00",KAREEYA3,4.7225
D,DISPATCH,UNIT_SCADA,1,"2022/10/20 14:45:00",KAREEYA4,0
D,DISPATCH,UNIT_SCADA,1,"2022/10/20 14:45:00",KARSF1,23.40
D,DISPATCH,UNIT_SCADA,1,"2022/10/20 14:45:00",KEPSF1,11.98
D,DISPATCH,UNIT_SCADA,1,"2022/10/20 14:45:00",KEPWF1,13.27
D,DISPATCH,UNIT_SCADA,1,"2022/10/20 14:45:00",KIAMSF1,11.6846
D,DISPATCH,UNIT_SCADA,1,"2022/10/20 14:45:00",KIATAWF1,16.90
D,DISPATCH,UNIT_SCADA,1,"2022/10/20 14:45:00",KPP_1,0
D,DISPATCH,UNIT_SCADA,1,"2022/10/20 14:45:00",KSP1,45.61
D,DISPATCH,UNIT_SCADA,1,"2022/10/20 14:45:00",LADBROK1,0.01
D,DISPATCH,UNIT_SCADA,1,"2022/10/20 14:45:00",LADBROK2,0.02
D,DISPATCH,UNIT_SCADA,1,"2022/10/20 14:45:00",LBBG1,0
D,DISPATCH,UNIT_SCADA,1,"2022/10/20 14:45:00",LBBL1,0.15
D,DISPATCH,UNIT_SCADA,1,"2022/10/20 14:45:00",LD01,276.754060
D,DISPATCH,UNIT_SCADA,1,"2022/10/20 14:45:00",LD02,14.740440
D,DISPATCH,UNIT_SCADA,1,"2022/10/20 14:45:00",LD04,278.841520
D,DISPATCH,UNIT_SCADA,1,"2022/10/20 14:45:00",LEM_WIL,78.912510
D,DISPATCH,UNIT_SCADA,1,"2022/10/20 14:45:00",LGAPWF1,61.04
D,DISPATCH,UNIT_SCADA,1,"2022/10/20 14:45:00",LGAPWF2,30.23
D,DISPATCH,UNIT_SCADA,1,"2022/10/20 14:45:00",LILYSF1,57.671680
D,DISPATCH,UNIT_SCADA,1,"2022/10/20 14:45:00",LIMOSF11,93.453420
D,DISPATCH,UNIT_SCADA,1,"2022/10/20 14:45:00",LIMOSF21,10.679580
D,DISPATCH,UNIT_SCADA,1,"2022/10/20 14:45:00",LI_WY_CA,62.578450
D,DISPATCH,UNIT_SCADA,1,"2022/10/20 14:45:00",LKBONNY1,0
D,DISPATCH,UNIT_SCADA,1,"2022/10/20 14:45:00",LKBONNY2,10.638910
D,DISPATCH,UNIT_SCADA,1,"2022/10/20 14:45:00",LKBONNY3,1.674660
D,DISPATCH,UNIT_SCADA,1,"2022/10/20 14:45:00",LK_ECHO,0
D,DISPATCH,UNIT_SCADA,1,"2022/10/20 14:45:00",LNGS1,0
D,DISPATCH,UNIT_SCADA,1,"2022/10/20 14:45:00",LNGS2,0
D,DISPATCH,UNIT_SCADA,1,"2022/10/20 14:45:00",LONSDALE,0
D,DISPATCH,UNIT_SCADA,1,"2022/10/20 14:45:00",LOYYB1,442.4772
D,DISPATCH,UNIT_SCADA,1,"2022/10/20 14:45:00",LOYYB2,442.853150
D,DISPATCH,UNIT_SCADA,1,"2022/10/20 14:45:00",LYA1,442
D,DISPATCH,UNIT_SCADA,1,"2022/10/20 14:45:00",LYA2,0
D,DISPATCH,UNIT_SCADA,1,"2022/10/20 14:45:00",LYA3,463
D,DISPATCH,UNIT_SCADA,1,"2022/10/20 14:45:00",LYA4,458
D,DISPATCH,UNIT_SCADA,1,"2022/10/20 14:45:00",MACARTH1,48.198890
D,DISPATCH,UNIT_SCADA,1,"2022/10/20 14:45:00",MACKNTSH,0
D,DISPATCH,UNIT_SCADA,1,"2022/10/20 14:45:00",MANSLR1,11.8860
D,DISPATCH,UNIT_SCADA,1,"2022/10/20 14:45:00",MAPS2PV1,0
D,DISPATCH,UNIT_SCADA,1,"2022/10/20 14:45:00",MAPS3PV1,0
D,DISPATCH,UNIT_SCADA,1,"2022/10/20 14:45:00",MARYRSF1,10.26
D,DISPATCH,UNIT_SCADA,1,"2022/10/20 14:45:00",MBPS2PV1,0
D,DISPATCH,UNIT_SCADA,1,"2022/10/20 14:45:00",MCKAY1,0.02
D,DISPATCH,UNIT_SCADA,1,"2022/10/20 14:45:00",MEADOWBK,5.8589
D,DISPATCH,UNIT_SCADA,1,"2022/10/20 14:45:00",MERCER01,27.10
D,DISPATCH,UNIT_SCADA,1,"2022/10/20 14:45:00",METZSF1,48.176820
D,DISPATCH,UNIT_SCADA,1,"2022/10/20 14:45:00",MEWF1,2.076290
D,DISPATCH,UNIT_SCADA,1,"2022/10/20 14:45:00",MIDDLSF1,20.84
D,DISPATCH,UNIT_SCADA,1,"2022/10/20 14:45:00",MINTARO,0.128180
D,DISPATCH,UNIT_SCADA,1,"2022/10/20 14:45:00",MOLNGSF1,10.604410
D,DISPATCH,UNIT_SCADA,1,"2022/10/20 14:45:00",MOORAWF1,35.83
D,DISPATCH,UNIT_SCADA,1,"2022/10/20 14:45:00",MOREESF1,22.8640
D,DISPATCH,UNIT_SCADA,1,"2022/10/20 14:45:00",MORTLK11,0
D,DISPATCH,UNIT_SCADA,1,"2022/10/20 14:45:00",MORTLK12,0
D,DISPATCH,UNIT_SCADA,1,"2022/10/20 14:45:00",MOUSF1,0
D,DISPATCH,UNIT_SCADA,1,"2022/10/20 14:45:00",MP1,0
D,DISPATCH,UNIT_SCADA,1,"2022/10/20 14:45:00",MP2,393.841460
D,DISPATCH,UNIT_SCADA,1,"2022/10/20 14:45:00",MPP_1,153.844270
D,DISPATCH,UNIT_SCADA,1,"2022/10/20 14:45:00",MPP_2,184.317090
D,DISPATCH,UNIT_SCADA,1,"2022/10/20 14:45:00",MRTLSWF1,0
D,DISPATCH,UNIT_SCADA,1,"2022/10/20 14:45:00",MSTUART1,0
D,DISPATCH,UNIT_SCADA,1,"2022/10/20 14:45:00",MSTUART2,0
D,DISPATCH,UNIT_SCADA,1,"2022/10/20 14:45:00",MSTUART3,0
D,DISPATCH,UNIT_SCADA,1,"2022/10/20 14:45:00",MTGELWF1,42.497020
D,DISPATCH,UNIT_SCADA,1,"2022/10/20 14:45:00",MTMILLAR,11
D,DISPATCH,UNIT_SCADA,1,"2022/10/20 14:45:00",MURRAY,0
D,DISPATCH,UNIT_SCADA,1,"2022/10/20 14:45:00",MUSSELR1,5.30
D,DISPATCH,UNIT_SCADA,1,"2022/10/20 14:45:00",MUWAWF1,31.36
D,DISPATCH,UNIT_SCADA,1,"2022/10/20 14:45:00",MUWAWF2,38.70
D,DISPATCH,UNIT_SCADA,1,"2022/10/20 14:45:00",MWPS1PV1,4.57
D,DISPATCH,UNIT_SCADA,1,"2022/10/20 14:45:00",MWPS2PV1,2.02
D,DISPATCH,UNIT_SCADA,1,"2022/10/20 14:45:00",MWPS3PV1,0.55
D,DISPATCH,UNIT_SCADA,1,"2022/10/20 14:45:00",MWPS4PV1,1.15
D,DISPATCH,UNIT_SCADA,1,"2022/10/20 14:45:00",NBHWF1,0
D,DISPATCH,UNIT_SCADA,1,"2022/10/20 14:45:00",NEVERSF1,1.71
D,DISPATCH,UNIT_SCADA,1,"2022/10/20 14:45:00",NPS,0
D,DISPATCH,UNIT_SCADA,1,"2022/10/20 14:45:00",NUMURSF1,49.92
D,DISPATCH,UNIT_SCADA,1,"2022/10/20 14:45:00",NYNGAN1,0
D,DISPATCH,UNIT_SCADA,1,"2022/10/20 14:45:00",OAKEY1,0
D,DISPATCH,UNIT_SCADA,1,"2022/10/20 14:45:00",OAKEY1SF,3.2860
D,DISPATCH,UNIT_SCADA,1,"2022/10/20 14:45:00",OAKEY2,0
D,DISPATCH,UNIT_SCADA,1,"2022/10/20 14:45:00",OAKEY2SF,6.06
D,DISPATCH,UNIT_SCADA,1,"2022/10/20 14:45:00",OAKLAND1,10.60
D,DISPATCH,UNIT_SCADA,1,"2022/10/20 14:45:00",OSB-AG,16.42
D,DISPATCH,UNIT_SCADA,1,"2022/10/20 14:45:00",PAREPS1,0
D,DISPATCH,UNIT_SCADA,1,"2022/10/20 14:45:00",PAREPW1,50.17
D,DISPATCH,UNIT_SCADA,1,"2022/10/20 14:45:00",PARSF1,28.401620
D,DISPATCH,UNIT_SCADA,1,"2022/10/20 14:45:00",POAT110,0
D,DISPATCH,UNIT_SCADA,1,"2022/10/20 14:45:00",POAT220,0
D,DISPATCH,UNIT_SCADA,1,"2022/10/20 14:45:00",POR01,0.008670
D,DISPATCH,UNIT_SCADA,1,"2022/10/20 14:45:00",POR03,0
D,DISPATCH,UNIT_SCADA,1,"2022/10/20 14:45:00",PPCCGT,112.481660
D,DISPATCH,UNIT_SCADA,1,"2022/10/20 14:45:00",PTSTAN1,0
D,DISPATCH,UNIT_SCADA,1,"2022/10/20 14:45:00",PUMP1,0
D,DISPATCH,UNIT_SCADA,1,"2022/10/20 14:45:00",PUMP2,0
D,DISPATCH,UNIT_SCADA,1,"2022/10/20 14:45:00",QBYNBG1,0
D,DISPATCH,UNIT_SCADA,1,"2022/10/20 14:45:00",QBYNBL1,0.0625
D,DISPATCH,UNIT_SCADA,1,"2022/10/20 14:45:00",QPS1,0
D,DISPATCH,UNIT_SCADA,1,"2022/10/20 14:45:00",QPS2,0
D,DISPATCH,UNIT_SCADA,1,"2022/10/20 14:45:00",QPS3,0
D,DISPATCH,UNIT_SCADA,1,"2022/10/20 14:45:00",QPS4,0
D,DISPATCH,UNIT_SCADA,1,"2022/10/20 14:45:00",QPS5,72.78
D,DISPATCH,UNIT_SCADA,1,"2022/10/20 14:45:00",REECE1,0
D,DISPATCH,UNIT_SCADA,1,"2022/10/20 14:45:00",REECE2,0
D,DISPATCH,UNIT_SCADA,1,"2022/10/20 14:45:00",ROMA_7,0
D,DISPATCH,UNIT_SCADA,1,"2022/10/20 14:45:00",ROMA_8,0
D,DISPATCH,UNIT_SCADA,1,"2022/10/20 14:45:00",RRSF1,16.869460
D,DISPATCH,UNIT_SCADA,1,"2022/10/20 14:45:00",RT_NSW1,0
D,DISPATCH,UNIT_SCADA,1,"2022/10/20 14:45:00",RT_NSW2,0
D,DISPATCH,UNIT_SCADA,1,"2022/10/20 14:45:00",RT_NSW3,0
D,DISPATCH,UNIT_SCADA,1,"2022/10/20 14:45:00",RT_NSW4,0
D,DISPATCH,UNIT_SCADA,1,"2022/10/20 14:45:00",RT_NSW5,0
D,DISPATCH,UNIT_SCADA,1,"2022/10/20 14:45:00",RT_NSW6,0
D,DISPATCH,UNIT_SCADA,1,"2022/10/20 14:45:00",RT_QLD1,0
D,DISPATCH,UNIT_SCADA,1,"2022/10/20 14:45:00",RT_SA1,0
D,DISPATCH,UNIT_SCADA,1,"2022/10/20 14:45:00",RT_SA2,0
D,DISPATCH,UNIT_SCADA,1,"2022/10/20 14:45:00",RT_SA3,0
D,DISPATCH,UNIT_SCADA,1,"2022/10/20 14:45:00",RT_SA4,0
D,DISPATCH,UNIT_SCADA,1,"2022/10/20 14:45:00",RT_SA5,0
D,DISPATCH,UNIT_SCADA,1,"2022/10/20 14:45:00",RT_SA6,0
D,DISPATCH,UNIT_SCADA,1,"2022/10/20 14:45:00",RT_TAS1,0
D,DISPATCH,UNIT_SCADA,1,"2022/10/20 14:45:00",RT_VIC1,0
D,DISPATCH,UNIT_SCADA,1,"2022/10/20 14:45:00",RT_VIC10,0
D,DISPATCH,UNIT_SCADA,1,"2022/10/20 14:45:00",RT_VIC11,0
D,DISPATCH,UNIT_SCADA,1,"2022/10/20 14:45:00",RT_VIC12,0
D,DISPATCH,UNIT_SCADA,1,"2022/10/20 14:45:00",RT_VIC2,0
D,DISPATCH,UNIT_SCADA,1,"2022/10/20 14:45:00",RT_VIC3,0
D,DISPATCH,UNIT_SCADA,1,"2022/10/20 14:45:00",RT_VIC4,0
D,DISPATCH,UNIT_SCADA,1,"2022/10/20 14:45:00",RT_VIC5,0
D,DISPATCH,UNIT_SCADA,1,"2022/10/20 14:45:00",RT_VIC6,0
D,DISPATCH,UNIT_SCADA,1,"2022/10/20 14:45:00",RT_VIC7,0
D,DISPATCH,UNIT_SCADA,1,"2022/10/20 14:45:00",RT_VIC8,0
D,DISPATCH,UNIT_SCADA,1,"2022/10/20 14:45:00",RT_VIC9,0
D,DISPATCH,UNIT_SCADA,1,"2022/10/20 14:45:00",RUGBYR1,23.455740
D,DISPATCH,UNIT_SCADA,1,"2022/10/20 14:45:00",SALTCRK1,18.98
D,DISPATCH,UNIT_SCADA,1,"2022/10/20 14:45:00",SAPHWF1,16.6125
D,DISPATCH,UNIT_SCADA,1,"2022/10/20 14:45:00",SEBSF1,16.074490
D,DISPATCH,UNIT_SCADA,1,"2022/10/20 14:45:00",SHGEN,0
D,DISPATCH,UNIT_SCADA,1,"2022/10/20 14:45:00",SHPUMP,0
D,DISPATCH,UNIT_SCADA,1,"2022/10/20 14:45:00",SITHE01,0.123710
D,DISPATCH,UNIT_SCADA,1,"2022/10/20 14:45:00",SMCSF1,36.3340
D,DISPATCH,UNIT_SCADA,1,"2022/10/20 14:45:00",SNAPPER1,0
D,DISPATCH,UNIT_SCADA,1,"2022/10/20 14:45:00",SNOWNTH1,32.70
D,DISPATCH,UNIT_SCADA,1,"2022/10/20 14:45:00",SNOWSTH1,17.40
D,DISPATCH,UNIT_SCADA,1,"2022/10/20 14:45:00",SNOWTWN1,21.0884
D,DISPATCH,UNIT_SCADA,1,"2022/10/20 14:45:00",SNOWYP,0
D,DISPATCH,UNIT_SCADA,1,"2022/10/20 14:45:00",SNUG1,0
D,DISPATCH,UNIT_SCADA,1,"2022/10/20 14:45:00",SRSF1,14.19
D,DISPATCH,UNIT_SCADA,1,"2022/10/20 14:45:00",STAN-1,335.800720
D,DISPATCH,UNIT_SCADA,1,"2022/10/20 14:45:00",STAN-2,348.221160
D,DISPATCH,UNIT_SCADA,1,"2022/10/20 14:45:00",STAN-3,154.569850
D,DISPATCH,UNIT_SCADA,1,"2022/10/20 14:45:00",STAN-4,347.541840
D,DISPATCH,UNIT_SCADA,1,"2022/10/20 14:45:00",STARHLWF,17.794810
D,DISPATCH,UNIT_SCADA,1,"2022/10/20 14:45:00",STOCKYD1,165.56
D,DISPATCH,UNIT_SCADA,1,"2022/10/20 14:45:00",STWF1,0
D,DISPATCH,UNIT_SCADA,1,"2022/10/20 14:45:00",SUNRSF1,40.993360
D,DISPATCH,UNIT_SCADA,1,"2022/10/20 14:45:00",SUNTPSF1,30.510110
D,DISPATCH,UNIT_SCADA,1,"2022/10/20 14:45:00",SWAN_E,190.221880
D,DISPATCH,UNIT_SCADA,1,"2022/10/20 14:45:00",TALWA1,0
D,DISPATCH,UNIT_SCADA,1,"2022/10/20 14:45:00",TARALGA1,0
D,DISPATCH,UNIT_SCADA,1,"2022/10/20 14:45:00",TARONG#1,344.600010
D,DISPATCH,UNIT_SCADA,1,"2022/10/20 14:45:00",TARONG#2,344.399990
D,DISPATCH,UNIT_SCADA,1,"2022/10/20 14:45:00",TARONG#3,0.90
D,DISPATCH,UNIT_SCADA,1,"2022/10/20 14:45:00",TARONG#4,284.800020
D,DISPATCH,UNIT_SCADA,1,"2022/10/20 14:45:00",TARRALEA,53.90
D,DISPATCH,UNIT_SCADA,1,"2022/10/20 14:45:00",TBSF1,0.10
D,DISPATCH,UNIT_SCADA,1,"2022/10/20 14:45:00",TNPS1,317.6875
D,DISPATCH,UNIT_SCADA,1,"2022/10/20 14:45:00",TORRB1,0
D,DISPATCH,UNIT_SCADA,1,"2022/10/20 14:45:00",TORRB2,40
D,DISPATCH,UNIT_SCADA,1,"2022/10/20 14:45:00",TORRB3,0
D,DISPATCH,UNIT_SCADA,1,"2022/10/20 14:45:00",TORRB4,0
D,DISPATCH,UNIT_SCADA,1,"2022/10/20 14:45:00",TREVALLN,100.661420
D,DISPATCH,UNIT_SCADA,1,"2022/10/20 14:45:00",TRIBUTE,0
D,DISPATCH,UNIT_SCADA,1,"2022/10/20 14:45:00",TUMUT3,118.92
D,DISPATCH,UNIT_SCADA,1,"2022/10/20 14:45:00",TUNGATIN,3.710020
D,DISPATCH,UNIT_SCADA,1,"2022/10/20 14:45:00",TVCC201,0
D,DISPATCH,UNIT_SCADA,1,"2022/10/20 14:45:00",TVPP104,0
D,DISPATCH,UNIT_SCADA,1,"2022/10/20 14:45:00",UPPTUMUT,0
D,DISPATCH,UNIT_SCADA,1,"2022/10/20 14:45:00",URANQ11,0
D,DISPATCH,UNIT_SCADA,1,"2022/10/20 14:45:00",URANQ12,0
D,DISPATCH,UNIT_SCADA,1,"2022/10/20 14:45:00",URANQ13,0
D,DISPATCH,UNIT_SCADA,1,"2022/10/20 14:45:00",URANQ14,0
D,DISPATCH,UNIT_SCADA,1,"2022/10/20 14:45:00",VBBG1,0
D,DISPATCH,UNIT_SCADA,1,"2022/10/20 14:45:00",VBBL1,33.60
D,DISPATCH,UNIT_SCADA,1,"2022/10/20 14:45:00",VP5,507.950070
D,DISPATCH,UNIT_SCADA,1,"2022/10/20 14:45:00",VP6,550.138850
D,DISPATCH,UNIT_SCADA,1,"2022/10/20 14:45:00",VPGS1,0
D,DISPATCH,UNIT_SCADA,1,"2022/10/20 14:45:00",VPGS2,0
D,DISPATCH,UNIT_SCADA,1,"2022/10/20 14:45:00",VPGS3,0
D,DISPATCH,UNIT_SCADA,1,"2022/10/20 14:45:00",VPGS4,0
D,DISPATCH,UNIT_SCADA,1,"2022/10/20 14:45:00",VPGS5,0
D,DISPATCH,UNIT_SCADA,1,"2022/10/20 14:45:00",VPGS6,0
D,DISPATCH,UNIT_SCADA,1,"2022/10/20 14:45:00",W/HOE#1,0
D,DISPATCH,UNIT_SCADA,1,"2022/10/20 14:45:00",W/HOE#2,0
D,DISPATCH,UNIT_SCADA,1,"2022/10/20 14:45:00",WAGGNSF1,0
D,DISPATCH,UNIT_SCADA,1,"2022/10/20 14:45:00",WALGRVG1,0.030720
D,DISPATCH,UNIT_SCADA,1,"2022/10/20 14:45:00",WALGRVL1,0
D,DISPATCH,UNIT_SCADA,1,"2022/10/20 14:45:00",WANDBG1,0
D,DISPATCH,UNIT_SCADA,1,"2022/10/20 14:45:00",WANDBL1,0
D,DISPATCH,UNIT_SCADA,1,"2022/10/20 14:45:00",WARWSF1,7.66
D,DISPATCH,UNIT_SCADA,1,"2022/10/20 14:45:00",WARWSF2,7.15
D,DISPATCH,UNIT_SCADA,1,"2022/10/20 14:45:00",WATERLWF,5.20
D,DISPATCH,UNIT_SCADA,1,"2022/10/20 14:45:00",WDGPH1,29.61
D,DISPATCH,UNIT_SCADA,1,"2022/10/20 14:45:00",WELLSF1,11.050580
D,DISPATCH,UNIT_SCADA,1,"2022/10/20 14:45:00",WEMENSF1,63
D,DISPATCH,UNIT_SCADA,1,"2022/10/20 14:45:00",WGWF1,4.20
D,DISPATCH,UNIT_SCADA,1,"2022/10/20 14:45:00",WHITSF1,4.90
D,DISPATCH,UNIT_SCADA,1,"2022/10/20 14:45:00",WINTSF1,84.89
D,DISPATCH,UNIT_SCADA,1,"2022/10/20 14:45:00",WKIEWA1,31.70
D,DISPATCH,UNIT_SCADA,1,"2022/10/20 14:45:00",WKIEWA2,13.90
D,DISPATCH,UNIT_SCADA,1,"2022/10/20 14:45:00",WOODLWN1,21.265460
D,DISPATCH,UNIT_SCADA,1,"2022/10/20 14:45:00",WOOLGSF1,11.441660
D,DISPATCH,UNIT_SCADA,1,"2022/10/20 14:45:00",WPWF,40.42
D,DISPATCH,UNIT_SCADA,1,"2022/10/20 14:45:00",WRSF1,6.980190
D,DISPATCH,UNIT_SCADA,1,"2022/10/20 14:45:00",WRWF1,8.667120
D,DISPATCH,UNIT_SCADA,1,"2022/10/20 14:45:00",WSTWYSF1,0.904130
D,DISPATCH,UNIT_SCADA,1,"2022/10/20 14:45:00",YABULU,0
D,DISPATCH,UNIT_SCADA,1,"2022/10/20 14:45:00",YABULU2,0
D,DISPATCH,UNIT_SCADA,1,"2022/10/20 14:45:00",YARANSF1,31.28
D,DISPATCH,UNIT_SCADA,1,"2022/10/20 14:45:00",YARWUN_1,159.70
D,DISPATCH,UNIT_SCADA,1,"2022/10/20 14:45:00",YATSF1,55.10
D,DISPATCH,UNIT_SCADA,1,"2022/10/20 14:45:00",YENDWF1,28.85
D,DISPATCH,UNIT_SCADA,1,"2022/10/20 14:45:00",YWPS1,303.756960
D,DISPATCH,UNIT_SCADA,1,"2022/10/20 14:45:00",YWPS2,285.7114
D,DISPATCH,UNIT_SCADA,1,"2022/10/20 14:45:00",YWPS3,300.110140
D,DISPATCH,UNIT_SCADA,1,"2022/10/20 14:45:00",YWPS4,0
C,"END OF REPORT",419
