C,NEMP.WORLD,DISPATCHSCADA,AEMO,PUBLIC,2022/10/20,15:20:10,0000000373263439,DISPATCHSCADA,0000000373263433
I,DISPATCH,UNIT_SCADA,1,SETTLEMENTDATE,DUID,SCADAVALUE
D,DISPATCH,UNIT_SCADA,1,"2022/10/20 15:25:00",BARCSF1,4
D,DISPATCH,UNIT_SCADA,1,"2022/10/20 15:25:00",BUTLERSG,8.699999
D,DISPATCH,UNIT_SCADA,1,"2022/10/20 15:25:00",CAPTL_WF,73.989410
D,DISPATCH,UNIT_SCADA,1,"2022/10/20 15:25:00",CHALLHWF,11.60
D,DISPATCH,UNIT_SCADA,1,"2022/10/20 15:25:00",CLOVER,10.43
D,DISPATCH,UNIT_SCADA,1,"2022/10/20 15:25:00",CLUNY,6.262760
D,DISPATCH,UNIT_SCADA,1,"2022/10/20 15:25:00",CULLRGWF,-0.02
D,DISPATCH,UNIT_SCADA,1,"2022/10/20 15:25:00",DIAPURWF1,4.60
D,DISPATCH,UNIT_SCADA,1,"2022/10/20 15:25:00",ERGT01,0
D,DISPATCH,UNIT_SCADA,1,"2022/10/20 15:25:00",GB01,0
D,DISPATCH,UNIT_SCADA,1,"2022/10/20 15:25:00",GERMCRK,21.40
D,DISPATCH,UNIT_SCADA,1,"2022/10/20 15:25:00",GRIFSF1,8.400091
D,DISPATCH,UNIT_SCADA,1,"2022/10/20 15:25:00",HEZ1,0
D,DISPATCH,UNIT_SCADA,1,"2022/10/20 15:25:00",HUGSF1,9.396001
D,DISPATCH,UNIT_SCADA,1,"2022/10/20 15:25:00",KEPBG1,0
D,DISPATCH,UNIT_SCADA,1,"2022/10/20 15:25:00",LRSF1,12.382001
D,DISPATCH,UNIT_SCADA,1,"2022/10/20 15:25:00",MBAHNTH,43.256241
D,DISPATCH,UNIT_SCADA,1,"2022/10/20 15:25:00",MLSP1,2.653001
D,DISPATCH,UNIT_SCADA,1,"2022/10/20 15:25:00",MLWF1,5.5050
D,DISPATCH,UNIT_SCADA,1,"2022/10/20 15:25:00",PALOONA,30.129999
D,DISPATCH,UNIT_SCADA,1,"2022/10/20 15:25:00",PIONEER,40.400002
D,DISPATCH,UNIT_SCADA,1,"2022/10/20 15:25:00",PORTWF,38.799999
D,DISPATCH,UNIT_SCADA,1,"2022/10/20 15:25:00",REPULSE,9.505150
D,DISPATCH,UNIT_SCADA,1,"2022/10/20 15:25:00",ROWALLAN,8.8537
D,DISPATCH,UNIT_SCADA,1,"2022/10/20 15:25:00",ROYALLA1,4.468003
D,DISPATCH,UNIT_SCADA,1,"2022/10/20 15:25:00",RPCG,-1.80
D,DISPATCH,UNIT_SCADA,1,"2022/10/20 15:25:00",RUBICON,0
D,DISPATCH,UNIT_SCADA,1,"2022/10/20 15:25:00",WAUBRAWF,59.995998
D,DISPATCH,UNIT_SCADA,1,"2022/10/20 15:25:00",WOOLNTH1,96.110001
D,DISPATCH,UNIT_SCADA,1,"2022/10/20 15:25:00",YAMBUKWF,3.80
D,DISPATCH,UNIT_SCADA,1,"2022/10/20 15:25:00",YSWF1,3
D,DISPATCH,UNIT_SCADA,1,"2022/10/20 15:25:00",ADPBA1G,0.0080
D,DISPATCH,UNIT_SCADA,1,"2022/10/20 15:25:00",ADPBA1L,0
D,DISPATCH,UNIT_SCADA,1,"2022/10/20 15:25:00",ADPPV1,8.7760
D,DISPATCH,UNIT_SCADA,1,"2022/10/20 15:25:00",AGLHAL,0
D,DISPATCH,UNIT_SCADA,1,"2022/10/20 15:25:00",AGLSOM,0
D,DISPATCH,UNIT_SCADA,1,"2022/10/20 15:25:00",ANGAST1,0
D,DISPATCH,UNIT_SCADA,1,"2022/10/20 15:25:00",ARWF1,20.40
D,DISPATCH,UNIT_SCADA,1,"2022/10/20 15:25:00",BALBG1,0
D,DISPATCH,UNIT_SCADA,1,"2022/10/20 15:25:00",BALBL1,0
D,DISPATCH,UNIT_SCADA,1,"2022/10/20 15:25:00",BALDHWF1,92.1770
D,DISPATCH,UNIT_SCADA,1,"2022/10/20 15:25:00",BANGOWF1,38.499120
D,DISPATCH,UNIT_SCADA,1,"2022/10/20 15:25:00",BANGOWF2,0
D,DISPATCH,UNIT_SCADA,1,"2022/10/20 15:25:00",BANN1,10.64
D,DISPATCH,UNIT_SCADA,1,"2022/10/20 15:25:00",BARCALDN,0
D,DISPATCH,UNIT_SCADA,1,"2022/10/20 15:25:00",BARKIPS1,0
D,DISPATCH,UNIT_SCADA,1,"2022/10/20 15:25:00",BARRON-1,25.64
D,DISPATCH,UNIT_SCADA,1,"2022/10/20 15:25:00",BARRON-2,0
D,DISPATCH,UNIT_SCADA,1,"2022/10/20 15:25:00",BASTYAN,52.78
D,DISPATCH,UNIT_SCADA,1,"2022/10/20 15:25:00",BBTHREE1,0
D,DISPATCH,UNIT_SCADA,1,"2022/10/20 15:25:00",BBTHREE2,0
D,DISPATCH,UNIT_SCADA,1,"2022/10/20 15:25:00",BBTHREE3,-1.03
D,DISPATCH,UNIT_SCADA,1,"2022/10/20 15:25:00",BDL01,0
D,DISPATCH,UNIT_SCADA,1,"2022/10/20 15:25:00",BDL02,0
D,DISPATCH,UNIT_SCADA,1,"2022/10/20 15:25:00",BERYLSF1,3.150240
D,DISPATCH,UNIT_SCADA,1,"2022/10/20 15:25:00",BLOWERNG,62.50
D,DISPATCH,UNIT_SCADA,1,"2022/10/20 15:25:00",BLUEGSF1,23.559170
D,DISPATCH,UNIT_SCADA,1,"2022/10/20 15:25:00",BLUFF1,0.50
D,DISPATCH,UNIT_SCADA,1,"2022/10/20 15:25:00",BNGSF1,28.85
D,DISPATCH,UNIT_SCADA,1,"2022/10/20 15:25:00",BNGSF2,21.42
D,DISPATCH,UNIT_SCADA,1,"2022/10/20 15:25:00",BOCORWF1,51.50
D,DISPATCH,UNIT_SCADA,1,"2022/10/20 15:25:00",BODWF1,84.650320
D,DISPATCH,UNIT_SCADA,1,"2022/10/20 15:25:00",BOMENSF1,19.462580
D,DISPATCH,UNIT_SCADA,1,"2022/10/20 15:25:00",BOWWBA1G,0
D,DISPATCH,UNIT_SCADA,1,"2022/10/20 15:25:00",BOWWBA1L,0
D,DISPATCH,UNIT_SCADA,1,"2022/10/20 15:25:00",BOWWPV1,0.0010
D,DISPATCH,UNIT_SCADA,1,"2022/10/20 15:25:00",BRAEMAR1,0
D,DISPATCH,UNIT_SCADA,1,"2022/10/20 15:25:00",BRAEMAR2,0
D,DISPATCH,UNIT_SCADA,1,"2022/10/20 15:25:00",BRAEMAR3,0
D,DISPATCH,UNIT_SCADA,1,"2022/10/20 15:25:00",BRAEMAR5,0.292060
D,DISPATCH,UNIT_SCADA,1,"2022/10/20 15:25:00",BRAEMAR6,0
D,DISPATCH,UNIT_SCADA,1,"2022/10/20 15:25:00",BRAEMAR7,139.412860
D,DISPATCH,UNIT_SCADA,1,"2022/10/20 15:25:00",BROKENH1,17.899730
D,DISPATCH,UNIT_SCADA,1,"2022/10/20 15:25:00",BRYB1WF1,67.942320
D,DISPATCH,UNIT_SCADA,1,"2022/10/20 15:25:00",BULBESG1,0
D,DISPATCH,UNIT_SCADA,1,"2022/10/20 15:25:00",BULBESL1,0.03
D,DISPATCH,UNIT_SCADA,1,"2022/10/20 15:25:00",BULGANA1,0.05
D,DISPATCH,UNIT_SCADA,1,"2022/10/20 15:25:00",BW01,659.519350
D,DISPATCH,UNIT_SCADA,1,"2022/10/20 15:25:00",BW02,620.2121
D,DISPATCH,UNIT_SCADA,1,"2022/10/20 15:25:00",BW03,512.446780
D,DISPATCH,UNIT_SCADA,1,"2022/10/20 15:25:00",BW04,0
D,DISPATCH,UNIT_SCADA,1,"2022/10/20 15:25:00",CALL_B_1,319.399990
D,DISPATCH,UNIT_SCADA,1,"2022/10/20 15:25:00",CALL_B_2,319.700010
D,DISPATCH,UNIT_SCADA,1,"2022/10/20 15:25:00",CATHROCK,4.60
D,DISPATCH,UNIT_SCADA,1,"2022/10/20 15:25:00",CBWWBA1G,0
D,DISPATCH,UNIT_SCADA,1,"2022/10/20 15:25:00",CBWWBA1L,0
D,DISPATCH,UNIT_SCADA,1,"2022/10/20 15:25:00",CETHANA,97.645620
D,DISPATCH,UNIT_SCADA,1,"2022/10/20 15:25:00",CG1,0
D,DISPATCH,UNIT_SCADA,1,"2022/10/20 15:25:00",CG2,0
D,DISPATCH,UNIT_SCADA,1,"2022/10/20 15:25:00",CG3,0
D,DISPATCH,UNIT_SCADA,1,"2022/10/20 15:25:00",CG4,0
D,DISPATCH,UNIT_SCADA,1,"2022/10/20 15:25:00",CHILDSF1,9.07
D,DISPATCH,UNIT_SCADA,1,"2022/10/20 15:25:00",CHYTWF1,9.28
D,DISPATCH,UNIT_SCADA,1,"2022/10/20 15:25:00",CLARESF1,33.871870
D,DISPATCH,UNIT_SCADA,1,"2022/10/20 15:25:00",CLEMGPWF,1.080530
D,DISPATCH,UNIT_SCADA,1,"2022/10/20 15:25:00",CLERMSF1,21.18
D,DISPATCH,UNIT_SCADA,1,"2022/10/20 15:25:00",CNUNDAWF,10.312030
D,DISPATCH,UNIT_SCADA,1,"2022/10/20 15:25:00",COHUNSF1,15.56
D,DISPATCH,UNIT_SCADA,1,"2022/10/20 15:25:00",COLEASF1,28.1014
D,DISPATCH,UNIT_SCADA,1,"2022/10/20 15:25:00",COLUMSF1,10.57
D,DISPATCH,UNIT_SCADA,1,"2022/10/20 15:25:00",COLWF01,84.254210
D,DISPATCH,UNIT_SCADA,1,"2022/10/20 15:25:00",COOPGWF1,241.12
D,DISPATCH,UNIT_SCADA,1,"2022/10/20 15:25:00",CPP_3,361.6250
D,DISPATCH,UNIT_SCADA,1,"2022/10/20 15:25:00",CPP_4,0
D,DISPATCH,UNIT_SCADA,1,"2022/10/20 15:25:00",CPSA,0
D,DISPATCH,UNIT_SCADA,1,"2022/10/20 15:25:00",CROOKWF2,35.934990
D,DISPATCH,UNIT_SCADA,1,"2022/10/20 15:25:00",CROWLWF1,7.541760
D,DISPATCH,UNIT_SCADA,1,"2022/10/20 15:25:00",CRURWF1,8.998470
D,DISPATCH,UNIT_SCADA,1,"2022/10/20 15:25:00",CRWASF1,20.089860
D,DISPATCH,UNIT_SCADA,1,"2022/10/20 15:25:00",CSPVPS1,11.0380
D,DISPATCH,UNIT_SCADA,1,"2022/10/20 15:25:00",CTHLWF1,0.003050
D,DISPATCH,UNIT_SCADA,1,"2022/10/20 15:25:00",DALNTH01,0
D,DISPATCH,UNIT_SCADA,1,"2022/10/20 15:25:00",DALNTHL1,0.093080
D,DISPATCH,UNIT_SCADA,1,"2022/10/20 15:25:00",DARLSF1,67.228380
D,DISPATCH,UNIT_SCADA,1,"2022/10/20 15:25:00",DARTM1,0
D,DISPATCH,UNIT_SCADA,1,"2022/10/20 15:25:00",DAYDSF1,53.9980
D,DISPATCH,UNIT_SCADA,1,"2022/10/20 15:25:00",DDPS1,0
D,DISPATCH,UNIT_SCADA,1,"2022/10/20 15:25:00",DDSF1,11.258880
D,DISPATCH,UNIT_SCADA,1,"2022/10/20 15:25:00",DEVILS_G,60.043330
D,DISPATCH,UNIT_SCADA,1,"2022/10/20 15:25:00",DG_NSW1,0
D,DISPATCH,UNIT_SCADA,1,"2022/10/20 15:25:00",DG_QLD1,0
D,DISPATCH,UNIT_SCADA,1,"2022/10/20 15:25:00",DG_SA1,0
D,DISPATCH,UNIT_SCADA,1,"2022/10/20 15:25:00",DG_TAS1,0
D,DISPATCH,UNIT_SCADA,1,"2022/10/20 15:25:00",DG_VIC1,0
D,DISPATCH,UNIT_SCADA,1,"2022/10/20 15:25:00",DRYCGT1,0
D,DISPATCH,UNIT_SCADA,1,"2022/10/20 15:25:00",DRYCGT2,0
D,DISPATCH,UNIT_SCADA,1,"2022/10/20 15:25:00",DRYCGT3,0
D,DISPATCH,UNIT_SCADA,1,"2022/10/20 15:25:00",DUNDWF1,69
D,DISPATCH,UNIT_SCADA,1,"2022/10/20 15:25:00",DUNDWF2,20.14
D,DISPATCH,UNIT_SCADA,1,"2022/10/20 15:25:00",DUNDWF3,53.44
D,DISPATCH,UNIT_SCADA,1,"2022/10/20 15:25:00",EILDON1,59.92
D,DISPATCH,UNIT_SCADA,1,"2022/10/20 15:25:00",EILDON2,59.96
D,DISPATCH,UNIT_SCADA,1,"2022/10/20 15:25:00",ELAINWF1,19.94
D,DISPATCH,UNIT_SCADA,1,"2022/10/20 15:25:00",EMERASF1,0
D,DISPATCH,UNIT_SCADA,1,"2022/10/20 15:25:00",ER01,0
D,DISPATCH,UNIT_SCADA,1,"2022/10/20 15:25:00",ER02,536.983280
D,DISPATCH,UNIT_SCADA,1,"2022/10/20 15:25:00",ER03,535.762570
D,DISPATCH,UNIT_SCADA,1,"2022/10/20 15:25:00",ER04,536.055540
D,DISPATCH,UNIT_SCADA,1,"2022/10/20 15:25:00",FINLYSF1,94.322120
D,DISPATCH,UNIT_SCADA,1,"2022/10/20 15:25:00",FISHER,44.03
D,DISPATCH,UNIT_SCADA,1,"2022/10/20 15:25:00",GANGARR1,0
D,DISPATCH,UNIT_SCADA,1,"2022/10/20 15:25:00",GANNBG1,0
D,DISPATCH,UNIT_SCADA,1,"2022/10/20 15:25:00",GANNBL1,4.387220
D,DISPATCH,UNIT_SCADA,1,"2022/10/20 15:25:00",GANNSF1,45.90
D,DISPATCH,UNIT_SCADA,1,"2022/10/20 15:25:00",GLRWNSF1,100.36
D,DISPATCH,UNIT_SCADA,1,"2022/10/20 15:25:00",GNNDHSF1,90.953310
D,DISPATCH,UNIT_SCADA,1,"2022/10/20 15:25:00",GOONSF1,30.902570
D,DISPATCH,UNIT_SCADA,1,"2022/10/20 15:25:00",GORDON,222.575710
D,DISPATCH,UNIT_SCADA,1,"2022/10/20 15:25:00",GRANWF1,0
D,DISPATCH,UNIT_SCADA,1,"2022/10/20 15:25:00",GSTONE1,191.6250
D,DISPATCH,UNIT_SCADA,1,"2022/10/20 15:25:00",GSTONE2,0
D,DISPATCH,UNIT_SCADA,1,"2022/10/20 15:25:00",GSTONE3,186.724990
D,DISPATCH,UNIT_SCADA,1,"2022/10/20 15:25:00",GSTONE4,0
D,DISPATCH,UNIT_SCADA,1,"2022/10/20 15:25:00",GSTONE5,179.724990
D,DISPATCH,UNIT_SCADA,1,"2022/10/20 15:25:00",GSTONE6,188.1250
D,DISPATCH,UNIT_SCADA,1,"2022/10/20 15:25:00",GULLRSF1,1.454980
D,DISPATCH,UNIT_SCADA,1,"2022/10/20 15:25:00",GULLRWF1,66.0040
D,DISPATCH,UNIT_SCADA,1,"2022/10/20 15:25:00",GULLRWF2,72.0470
D,DISPATCH,UNIT_SCADA,1,"2022/10/20 15:25:00",GUNNING1,0
D,DISPATCH,UNIT_SCADA,1,"2022/10/20 15:25:00",GUTHEGA,67.70
D,DISPATCH,UNIT_SCADA,1,"2022/10/20 15:25:00",HALLWF1,0.55
D,DISPATCH,UNIT_SCADA,1,"2022/10/20 15:25:00",HALLWF2,0
D,DISPATCH,UNIT_SCADA,1,"2022/10/20 15:25:00",HAMISF1,20.20
D,DISPATCH,UNIT_SCADA,1,"2022/10/20 15:25:00",HAUGHT11,52.7319
D,DISPATCH,UNIT_SCADA,1,"2022/10/20 15:25:00",HAYMSF1,17.0460
D,DISPATCH,UNIT_SCADA,1,"2022/10/20 15:25:00",HDWF1,3.20
D,DISPATCH,UNIT_SCADA,1,"2022/10/20 15:25:00",HDWF2,3.70
D,DISPATCH,UNIT_SCADA,1,"2022/10/20 15:25:00",HDWF3,4.50
D,DISPATCH,UNIT_SCADA,1,"2022/10/20 15:25:00",HILLSTN1,15.057410
D,DISPATCH,UNIT_SCADA,1,"2022/10/20 15:25:00",HPRG1,8.30
D,DISPATCH,UNIT_SCADA,1,"2022/10/20 15:25:00",HPRL1,0
D,DISPATCH,UNIT_SCADA,1,"2022/10/20 15:25:00",HUMENSW,54.579810
D,DISPATCH,UNIT_SCADA,1,"2022/10/20 15:25:00",HUMEV,0
D,DISPATCH,UNIT_SCADA,1,"2022/10/20 15:25:00",HVWWBA1G,0
D,DISPATCH,UNIT_SCADA,1,"2022/10/20 15:25:00",HVWWBA1L,0.0070
D,DISPATCH,UNIT_SCADA,1,"2022/10/20 15:25:00",HVWWPV1,4.77
D,DISPATCH,UNIT_SCADA,1,"2022/10/20 15:25:00",JBUTTERS,0
D,DISPATCH,UNIT_SCADA,1,"2022/10/20 15:25:00",JEMALNG1,50.79
D,DISPATCH,UNIT_SCADA,1,"2022/10/20 15:25:00",JLA01,0
D,DISPATCH,UNIT_SCADA,1,"2022/10/20 15:25:00",JLA02,0
D,DISPATCH,UNIT_SCADA,1,"2022/10/20 15:25:00",JLA03,0
D,DISPATCH,UNIT_SCADA,1,"2022/10/20 15:25:00",JLA04,0
D,DISPATCH,UNIT_SCADA,1,"2022/10/20 15:25:00",JLB01,0
D,DISPATCH,UNIT_SCADA,1,"2022/10/20 15:25:00",JLB02,0.10
D,DISPATCH,UNIT_SCADA,1,"2022/10/20 15:25:00",JLB03,0
D,DISPATCH,UNIT_SCADA,1,"2022/10/20 15:25:00",JUNEESF1,3.831550
D,DISPATCH,UNIT_SCADA,1,"2022/10/20 15:25:00",KABANWF1,0.6840
D,DISPATCH,UNIT_SCADA,1,"2022/10/20 15:25:00",KAREEYA1,17.9475
D,DISPATCH,UNIT_SCADA,1,"2022/10/20 15:25:00",KAREEYA2,0
D,DISPATCH,UNIT_SCADA,1,"2022/10/20 15:25:00",KAREEYA3,21.69
D,DISPATCH,UNIT_SCADA,1,"2022/10/20 15:25:00",KAREEYA4,0
D,DISPATCH,UNIT_SCADA,1,"2022/10/20 15:25:00",KARSF1,29.40
D,DISPATCH,UNIT_SCADA,1,"2022/10/20 15:25:00",KEPSF1,6.10
D,DISPATCH,UNIT_SCADA,1,"2022/10/20 15:25:00",KEPWF1,19.11
D,DISPATCH,UNIT_SCADA,1,"2022/10/20 15:25:00",KIAMSF1,22.281990
D,DISPATCH,UNIT_SCADA,1,"2022/10/20 15:25:00",KIATAWF1,8.90
D,DISPATCH,UNIT_SCADA,1,"2022/10/20 15:25:00",KPP_1,0
D,DISPATCH,UNIT_SCADA,1,"2022/10/20 15:25:00",KSP1,16.19
D,DISPATCH,UNIT_SCADA,1,"2022/10/20 15:25:00",LADBROK1,0.02
D,DISPATCH,UNIT_SCADA,1,"2022/10/20 15:25:00",LADBROK2,0.02
D,DISPATCH,UNIT_SCADA,1,"2022/10/20 15:25:00",LBBG1,0
D,DISPATCH,UNIT_SCADA,1,"2022/10/20 15:25:00",LBBL1,0
D,DISPATCH,UNIT_SCADA,1,"2022/10/20 15:25:00",LD01,278.182310
D,DISPATCH,UNIT_SCADA,1,"2022/10/20 15:25:00",LD02,28.986480
D,DISPATCH,UNIT_SCADA,1,"2022/10/20 15:25:00",LD04,279.390840
D,DISPATCH,UNIT_SCADA,1,"2022/10/20 15:25:00",LEM_WIL,78.971240
D,DISPATCH,UNIT_SCADA,1,"2022/10/20 15:25:00",LGAPWF1,62.01
D,DISPATCH,UNIT_SCADA,1,"2022/10/20 15:25:00",LGAPWF2,39.45
D,DISPATCH,UNIT_SCADA,1,"2022/10/20 15:25:00",LILYSF1,70.254590
D,DISPATCH,UNIT_SCADA,1,"2022/10/20 15:25:00",LIMOSF11,65.788510
D,DISPATCH,UNIT_SCADA,1,"2022/10/20 15:25:00",LIMOSF21,9.670650
D,DISPATCH,UNIT_SCADA,1,"2022/10/20 15:25:00",LI_WY_CA,62.821080
D,DISPATCH,UNIT_SCADA,1,"2022/10/20 15:25:00",LKBONNY1,0
D,DISPATCH,UNIT_SCADA,1,"2022/10/20 15:25:00",LKBONNY2,13.943220
D,DISPATCH,UNIT_SCADA,1,"2022/10/20 15:25:00",LKBONNY3,3.851720
D,DISPATCH,UNIT_SCADA,1,"2022/10/20 15:25:00",LK_ECHO,0
D,DISPATCH,UNIT_SCADA,1,"2022/10/20 15:25:00",LNGS1,0
D,DISPATCH,UNIT_SCADA,1,"2022/10/20 15:25:00",LNGS2,0
D,DISPATCH,UNIT_SCADA,1,"2022/10/20 15:25:00",LONSDALE,0
D,DISPATCH,UNIT_SCADA,1,"2022/10/20 15:25:00",LOYYB1,482.7038
D,DISPATCH,UNIT_SCADA,1,"2022/10/20 15:25:00",LOYYB2,484.207580
D,DISPATCH,UNIT_SCADA,1,"2022/10/20 15:25:00",LYA1,504
D,DISPATCH,UNIT_SCADA,1,"2022/10/20 15:25:00",LYA2,0
D,DISPATCH,UNIT_SCADA,1,"2022/10/20 15:25:00",LYA3,536
D,DISPATCH,UNIT_SCADA,1,"2022/10/20 15:25:00",LYA4,534
D,DISPATCH,UNIT_SCADA,1,"2022/10/20 15:25:00",MACARTH1,49.498860
D,DISPATCH,UNIT_SCADA,1,"2022/10/20 15:25:00",MACKNTSH,0
D,DISPATCH,UNIT_SCADA,1,"2022/10/20 15:25:00",MANSLR1,9.0930
D,DISPATCH,UNIT_SCADA,1,"2022/10/20 15:25:00",MAPS2PV1,0
D,DISPATCH,UNIT_SCADA,1,"2022/10/20 15:25:00",MAPS3PV1,0
D,DISPATCH,UNIT_SCADA,1,"2022/10/20 15:25:00",MARYRSF1,4.18
D,DISPATCH,UNIT_SCADA,1,"2022/10/20 15:25:00",MBPS2PV1,0
D,DISPATCH,UNIT_SCADA,1,"2022/10/20 15:25:00",MCKAY1,0.02
D,DISPATCH,UNIT_SCADA,1,"2022/10/20 15:25:00",MEADOWBK,6.116120
D,DISPATCH,UNIT_SCADA,1,"2022/10/20 15:25:00",MERCER01,23
D,DISPATCH,UNIT_SCADA,1,"2022/10/20 15:25:00",METZSF1,97.672350
D,DISPATCH,UNIT_SCADA,1,"2022/10/20 15:25:00",MEWF1,39.096320
D,DISPATCH,UNIT_SCADA,1,"2022/10/20 15:25:00",MIDDLSF1,25.98
D,DISPATCH,UNIT_SCADA,1,"2022/10/20 15:25:00",MINTARO,0.128180
D,DISPATCH,UNIT_SCADA,1,"2022/10/20 15:25:00",MOLNGSF1,4.237130
D,DISPATCH,UNIT_SCADA,1,"2022/10/20 15:25:00",MOORAWF1,37.78
D,DISPATCH,UNIT_SCADA,1,"2022/10/20 15:25:00",MOREESF1,18.45
D,DISPATCH,UNIT_SCADA,1,"2022/10/20 15:25:00",MORTLK11,0
D,DISPATCH,UNIT_SCADA,1,"2022/10/20 15:25:00",MORTLK12,0
D,DISPATCH,UNIT_SCADA,1,"2022/10/20 15:25:00",MOUSF1,0
D,DISPATCH,UNIT_SCADA,1,"2022/10/20 15:25:00",MP1,0
D,DISPATCH,UNIT_SCADA,1,"2022/10/20 15:25:00",MP2,501.728850
D,DISPATCH,UNIT_SCADA,1,"2022/10/20 15:25:00",MPP_1,202.445140
D,DISPATCH,UNIT_SCADA,1,"2022/10/20 15:25:00",MPP_2,190.741260
D,DISPATCH,UNIT_SCADA,1,"2022/10/20 15:25:00",MRTLSWF1,0
D,DISPATCH,UNIT_SCADA,1,"2022/10/20 15:25:00",MSTUART1,0
D,DISPATCH,UNIT_SCADA,1,"2022/10/20 15:25:00",MSTUART2,0
D,DISPATCH,UNIT_SCADA,1,"2022/10/20 15:25:00",MSTUART3,0
D,DISPATCH,UNIT_SCADA,1,"2022/10/20 15:25:00",MTGELWF1,41.303750
D,DISPATCH,UNIT_SCADA,1,"2022/10/20 15:25:00",MTMILLAR,10
D,DISPATCH,UNIT_SCADA,1,"2022/10/20 15:25:00",MURRAY,0
D,DISPATCH,UNIT_SCADA,1,"2022/10/20 15:25:00",MUSSELR1,4
D,DISPATCH,UNIT_SCADA,1,"2022/10/20 15:25:00",MUWAWF1,63.72
D,DISPATCH,UNIT_SCADA,1,"2022/10/20 15:25:00",MUWAWF2,49.50
D,DISPATCH,UNIT_SCADA,1,"2022/10/20 15:25:00",MWPS1PV1,1.22
D,DISPATCH,UNIT_SCADA,1,"2022/10/20 15:25:00",MWPS2PV1,4.60
D,DISPATCH,UNIT_SCADA,1,"2022/10/20 15:25:00",MWPS3PV1,0.64
D,DISPATCH,UNIT_SCADA,1,"2022/10/20 15:25:00",MWPS4PV1,0.67
D,DISPATCH,UNIT_SCADA,1,"2022/10/20 15:25:00",NBHWF1,0
D,DISPATCH,UNIT_SCADA,1,"2022/10/20 15:25:00",NEVERSF1,7.08
D,DISPATCH,UNIT_SCADA,1,"2022/10/20 15:25:00",NPS,0
D,DISPATCH,UNIT_SCADA,1,"2022/10/20 15:25:00",NUMURSF1,58.99
D,DISPATCH,UNIT_SCADA,1,"2022/10/20 15:25:00",NYNGAN1,0
D,DISPATCH,UNIT_SCADA,1,"2022/10/20 15:25:00",OAKEY1,0
D,DISPATCH,UNIT_SCADA,1,"2022/10/20 15:25:00",OAKEY1SF,5.1580
D,DISPATCH,UNIT_SCADA,1,"2022/10/20 15:25:00",OAKEY2,0
D,DISPATCH,UNIT_SCADA,1,"2022/10/20 15:25:00",OAKEY2SF,9.44
D,DISPATCH,UNIT_SCADA,1,"2022/10/20 15:25:00",OAKLAND1,14
D,DISPATCH,UNIT_SCADA,1,"2022/10/20 15:25:00",OSB-AG,16.27
D,DISPATCH,UNIT_SCADA,1,"2022/10/20 15:25:00",PAREPS1,0.5120
D,DISPATCH,UNIT_SCADA,1,"2022/10/20 15:25:00",PAREPW1,45.37
D,DISPATCH,UNIT_SCADA,1,"2022/10/20 15:25:00",PARSF1,18.800640
D,DISPATCH,UNIT_SCADA,1,"2022/10/20 15:25:00",POAT110,0
D,DISPATCH,UNIT_SCADA,1,"2022/10/20 15:25:00",POAT220,0
D,DISPATCH,UNIT_SCADA,1,"2022/10/20 15:25:00",POR01,0.008670
D,DISPATCH,UNIT_SCADA,1,"2022/10/20 15:25:00",POR03,0
D,DISPATCH,UNIT_SCADA,1,"2022/10/20 15:25:00",PPCCGT,163.485570
D,DISPATCH,UNIT_SCADA,1,"2022/10/20 15:25:00",PTSTAN1,0
D,DISPATCH,UNIT_SCADA,1,"2022/10/20 15:25:00",PUMP1,0
D,DISPATCH,UNIT_SCADA,1,"2022/10/20 15:25:00",PUMP2,0
D,DISPATCH,UNIT_SCADA,1,"2022/10/20 15:25:00",QBYNBG1,0
D,DISPATCH,UNIT_SCADA,1,"2022/10/20 15:25:00",QBYNBL1,1.094480
D,DISPATCH,UNIT_SCADA,1,"2022/10/20 15:25:00",QPS1,0
D,DISPATCH,UNIT_SCADA,1,"2022/10/20 15:25:00",QPS2,0
D,DISPATCH,UNIT_SCADA,1,"2022/10/20 15:25:00",QPS3,0
D,DISPATCH,UNIT_SCADA,1,"2022/10/20 15:25:00",QPS4,0
D,DISPATCH,UNIT_SCADA,1,"2022/10/20 15:25:00",QPS5,72.76
D,DISPATCH,UNIT_SCADA,1,"2022/10/20 15:25:00",REECE1,0
D,DISPATCH,UNIT_SCADA,1,"2022/10/20 15:25:00",REECE2,0
D,DISPATCH,UNIT_SCADA,1,"2022/10/20 15:25:00",ROMA_7,0
D,DISPATCH,UNIT_SCADA,1,"2022/10/20 15:25:00",ROMA_8,0
D,DISPATCH,UNIT_SCADA,1,"2022/10/20 15:25:00",RRSF1,2.487270
D,DISPATCH,UNIT_SCADA,1,"2022/10/20 15:25:00",RT_NSW1,0
D,DISPATCH,UNIT_SCADA,1,"2022/10/20 15:25:00",RT_NSW2,0
D,DISPATCH,UNIT_SCADA,1,"2022/10/20 15:25:00",RT_NSW3,0
D,DISPATCH,UNIT_SCADA,1,"2022/10/20 15:25:00",RT_NSW4,0
D,DISPATCH,UNIT_SCADA,1,"2022/10/20 15:25:00",RT_NSW5,0
D,DISPATCH,UNIT_SCADA,1,"2022/10/20 15:25:00",RT_NSW6,0
D,DISPATCH,UNIT_SCADA,1,"2022/10/20 15:25:00",RT_QLD1,0
D,DISPATCH,UNIT_SCADA,1,"2022/10/20 15:25:00",RT_SA1,0
D,DISPATCH,UNIT_SCADA,1,"2022/10/20 15:25:00",RT_SA2,0
D,DISPATCH,UNIT_SCADA,1,"2022/10/20 15:25:00",RT_SA3,0
D,DISPATCH,UNIT_SCADA,1,"2022/10/20 15:25:00",RT_SA4,0
D,DISPATCH,UNIT_SCADA,1,"2022/10/20 15:25:00",RT_SA5,0
D,DISPATCH,UNIT_SCADA,1,"2022/10/20 15:25:00",RT_SA6,0
D,DISPATCH,UNIT_SCADA,1,"2022/10/20 15:25:00",RT_TAS1,0
D,DISPATCH,UNIT_SCADA,1,"2022/10/20 15:25:00",RT_VIC1,0
D,DISPATCH,UNIT_SCADA,1,"2022/10/20 15:25:00",RT_VIC10,0
D,DISPATCH,UNIT_SCADA,1,"2022/10/20 15:25:00",RT_VIC11,0
D,DISPATCH,UNIT_SCADA,1,"2022/10/20 15:25:00",RT_VIC12,0
D,DISPATCH,UNIT_SCADA,1,"2022/10/20 15:25:00",RT_VIC2,0
D,DISPATCH,UNIT_SCADA,1,"2022/10/20 15:25:00",RT_VIC3,0
D,DISPATCH,UNIT_SCADA,1,"2022/10/20 15:25:00",RT_VIC4,0
D,DISPATCH,UNIT_SCADA,1,"2022/10/20 15:25:00",RT_VIC5,0
D,DISPATCH,UNIT_SCADA,1,"2022/10/20 15:25:00",RT_VIC6,0
D,DISPATCH,UNIT_SCADA,1,"2022/10/20 15:25:00",RT_VIC7,0
D,DISPATCH,UNIT_SCADA,1,"2022/10/20 15:25:00",RT_VIC8,0
D,DISPATCH,UNIT_SCADA,1,"2022/10/20 15:25:00",RT_VIC9,0
D,DISPATCH,UNIT_SCADA,1,"2022/10/20 15:25:00",RUGBYR1,0.000480
D,DISPATCH,UNIT_SCADA,1,"2022/10/20 15:25:00",SALTCRK1,18.13
D,DISPATCH,UNIT_SCADA,1,"2022/10/20 15:25:00",SAPHWF1,35.417720
D,DISPATCH,UNIT_SCADA,1,"2022/10/20 15:25:00",SEBSF1,11.520280
D,DISPATCH,UNIT_SCADA,1,"2022/10/20 15:25:00",SHGEN,0
D,DISPATCH,UNIT_SCADA,1,"2022/10/20 15:25:00",SHPUMP,0
D,DISPATCH,UNIT_SCADA,1,"2022/10/20 15:25:00",SITHE01,0.143810
D,DISPATCH,UNIT_SCADA,1,"2022/10/20 15:25:00",SMCSF1,0
D,DISPATCH,UNIT_SCADA,1,"2022/10/20 15:25:00",SNAPPER1,0
D,DISPATCH,UNIT_SCADA,1,"2022/10/20 15:25:00",SNOWNTH1,18.50
D,DISPATCH,UNIT_SCADA,1,"2022/10/20 15:25:00",SNOWSTH1,11.60
D,DISPATCH,UNIT_SCADA,1,"2022/10/20 15:25:00",SNOWTWN1,6.646560
D,DISPATCH,UNIT_SCADA,1,"2022/10/20 15:25:00",SNOWYP,0
D,DISPATCH,UNIT_SCADA,1,"2022/10/20 15:25:00",SNUG1,0
D,DISPATCH,UNIT_SCADA,1,"2022/10/20 15:25:00",SRSF1,12.42
D,DISPATCH,UNIT_SCADA,1,"2022/10/20 15:25:00",STAN-1,338.992370
D,DISPATCH,UNIT_SCADA,1,"2022/10/20 15:25:00",STAN-2,348.836430
D,DISPATCH,UNIT_SCADA,1,"2022/10/20 15:25:00",STAN-3,164.272920
D,DISPATCH,UNIT_SCADA,1,"2022/10/20 15:25:00",STAN-4,346.042140
D,DISPATCH,UNIT_SCADA,1,"2022/10/20 15:25:00",STARHLWF,14.495770
D,DISPATCH,UNIT_SCADA,1,"2022/10/20 15:25:00",STOCKYD1,188.429990
D,DISPATCH,UNIT_SCADA,1,"2022/10/20 15:25:00",STWF1,0
D,DISPATCH,UNIT_SCADA,1,"2022/10/20 15:25:00",SUNRSF1,19.4873
D,DISPATCH,UNIT_SCADA,1,"2022/10/20 15:25:00",SUNTPSF1,34.295570
D,DISPATCH,UNIT_SCADA,1,"2022/10/20 15:25:00",SWAN_E,218.931880
D,DISPATCH,UNIT_SCADA,1,"2022/10/20 15:25:00",TALWA1,0
D,DISPATCH,UNIT_SCADA,1,"2022/10/20 15:25:00",TARALGA1,0
D,DISPATCH,UNIT_SCADA,1,"2022/10/20 15:25:00",TARONG#1,345.899990
D,DISPATCH,UNIT_SCADA,1,"2022/10/20 15:25:00",TARONG#2,346.300020
D,DISPATCH,UNIT_SCADA,1,"2022/10/20 15:25:00",TARONG#3,0.90
D,DISPATCH,UNIT_SCADA,1,"2022/10/20 15:25:00",TARONG#4,286.600010
D,DISPATCH,UNIT_SCADA,1,"2022/10/20 15:25:00",TARRALEA,54
D,DISPATCH,UNIT_SCADA,1,"2022/10/20 15:25:00",TBSF1,0.10
D,DISPATCH,UNIT_SCADA,1,"2022/10/20 15:25:00",TNPS1,320.6875
D,DISPATCH,UNIT_SCADA,1,"2022/10/20 15:25:00",TORRB1,0
D,DISPATCH,UNIT_SCADA,1,"2022/10/20 15:25:00",TORRB2,40
D,DISPATCH,UNIT_SCADA,1,"2022/10/20 15:25:00",TORRB3,0
D,DISPATCH,UNIT_SCADA,1,"2022/10/20 15:25:00",TORRB4,0
D,DISPATCH,UNIT_SCADA,1,"2022/10/20 15:25:00",TREVALLN,100.765340
D,DISPATCH,UNIT_SCADA,1,"2022/10/20 15:25:00",TRIBUTE,0
D,DISPATCH,UNIT_SCADA,1,"2022/10/20 15:25:00",TUMUT3,120.24
D,DISPATCH,UNIT_SCADA,1,"2022/10/20 15:25:00",TUNGATIN,7.130020
D,DISPATCH,UNIT_SCADA,1,"2022/10/20 15:25:00",TVCC201,0
D,DISPATCH,UNIT_SCADA,1,"2022/10/20 15:25:00",TVPP104,0
D,DISPATCH,UNIT_SCADA,1,"2022/10/20 15:25:00",UPPTUMUT,0
D,DISPATCH,UNIT_SCADA,1,"2022/10/20 15:25:00",URANQ11,0
D,DISPATCH,UNIT_SCADA,1,"2022/10/20 15:25:00",URANQ12,0
D,DISPATCH,UNIT_SCADA,1,"2022/10/20 15:25:00",URANQ13,0
D,DISPATCH,UNIT_SCADA,1,"2022/10/20 15:25:00",URANQ14,0
D,DISPATCH,UNIT_SCADA,1,"2022/10/20 15:25:00",VBBG1,0
D,DISPATCH,UNIT_SCADA,1,"2022/10/20 15:25:00",VBBL1,23.70
D,DISPATCH,UNIT_SCADA,1,"2022/10/20 15:25:00",VP5,547.013790
D,DISPATCH,UNIT_SCADA,1,"2022/10/20 15:25:00",VP6,548.673950
D,DISPATCH,UNIT_SCADA,1,"2022/10/20 15:25:00",VPGS1,0
D,DISPATCH,UNIT_SCADA,1,"2022/10/20 15:25:00",VPGS2,0
D,DISPATCH,UNIT_SCADA,1,"2022/10/20 15:25:00",VPGS3,0
D,DISPATCH,UNIT_SCADA,1,"2022/10/20 15:25:00",VPGS4,0
D,DISPATCH,UNIT_SCADA,1,"2022/10/20 15:25:00",VPGS5,0
D,DISPATCH,UNIT_SCADA,1,"2022/10/20 15:25:00",VPGS6,0
D,DISPATCH,UNIT_SCADA,1,"2022/10/20 15:25:00",W/HOE#1,0
D,DISPATCH,UNIT_SCADA,1,"2022/10/20 15:25:00",W/HOE#2,0
D,DISPATCH,UNIT_SCADA,1,"2022/10/20 15:25:00",WAGGNSF1,0
D,DISPATCH,UNIT_SCADA,1,"2022/10/20 15:25:00",WALGRVG1,0.000930
D,DISPATCH,UNIT_SCADA,1,"2022/10/20 15:25:00",WALGRVL1,0
D,DISPATCH,UNIT_SCADA,1,"2022/10/20 15:25:00",WANDBG1,0
D,DISPATCH,UNIT_SCADA,1,"2022/10/20 15:25:00",WANDBL1,0.437190
D,DISPATCH,UNIT_SCADA,1,"2022/10/20 15:25:00",WARWSF1,3.82
D,DISPATCH,UNIT_SCADA,1,"2022/10/20 15:25:00",WARWSF2,3.65
D,DISPATCH,UNIT_SCADA,1,"2022/10/20 15:25:00",WATERLWF,1.10
D,DISPATCH,UNIT_SCADA,1,"2022/10/20 15:25:00",WDGPH1,53.9120
D,DISPATCH,UNIT_SCADA,1,"2022/10/20 15:25:00",WELLSF1,21.713590
D,DISPATCH,UNIT_SCADA,1,"2022/10/20 15:25:00",WEMENSF1,8.10
D,DISPATCH,UNIT_SCADA,1,"2022/10/20 15:25:00",WGWF1,3
D,DISPATCH,UNIT_SCADA,1,"2022/10/20 15:25:00",WHITSF1,19.20
D,DISPATCH,UNIT_SCADA,1,"2022/10/20 15:25:00",WINTSF1,85.02
D,DISPATCH,UNIT_SCADA,1,"2022/10/20 15:25:00",WKIEWA1,31.90
D,DISPATCH,UNIT_SCADA,1,"2022/10/20 15:25:00",WKIEWA2,14
D,DISPATCH,UNIT_SCADA,1,"2022/10/20 15:25:00",WOODLWN1,26.644450
D,DISPATCH,UNIT_SCADA,1,"2022/10/20 15:25:00",WOOLGSF1,4.518910
D,DISPATCH,UNIT_SCADA,1,"2022/10/20 15:25:00",WPWF,36.57
D,DISPATCH,UNIT_SCADA,1,"2022/10/20 15:25:00",WRSF1,7.9104
D,DISPATCH,UNIT_SCADA,1,"2022/10/20 15:25:00",WRWF1,11.057910
D,DISPATCH,UNIT_SCADA,1,"2022/10/20 15:25:00",WSTWYSF1,1.731710
D,DISPATCH,UNIT_SCADA,1,"2022/10/20 15:25:00",YABULU,0
D,DISPATCH,UNIT_SCADA,1,"2022/10/20 15:25:00",YABULU2,0
D,DISPATCH,UNIT_SCADA,1,"2022/10/20 15:25:00",YARANSF1,15.46
D,DISPATCH,UNIT_SCADA,1,"2022/10/20 15:25:00",YARWUN_1,160.36
D,DISPATCH,UNIT_SCADA,1,"2022/10/20 15:25:00",YATSF1,26.64
D,DISPATCH,UNIT_SCADA,1,"2022/10/20 15:25:00",YENDWF1,22.99
D,DISPATCH,UNIT_SCADA,1,"2022/10/20 15:25:00",YWPS1,351.377230
D,DISPATCH,UNIT_SCADA,1,"2022/10/20 15:25:00",YWPS2,287.9671
D,DISPATCH,UNIT_SCADA,1,"2022/10/20 15:25:00",YWPS3,337.653170
D,DISPATCH,UNIT_SCADA,1,"2022/10/20 15:25:00",YWPS4,0
C,"END OF REPORT",419
