C,NEMP.WORLD,DISPATCHSCADA,AEMO,PUBLIC,2022/10/20,03:55:10,0000000373227059,DISPATCHSCADA,0000000373227053
I,DISPATCH,UNIT_SCADA,1,SETTLEMENTDATE,DUID,SCADAVALUE
D,DISPATCH,UNIT_SCADA,1,"2022/10/20 04:00:00",BARCSF1,0.10
D,DISPATCH,UNIT_SCADA,1,"2022/10/20 04:00:00",BUTLERSG,8.699999
D,DISPATCH,UNIT_SCADA,1,"2022/10/20 04:00:00",CAPTL_WF,0
D,DISPATCH,UNIT_SCADA,1,"2022/10/20 04:00:00",CHALLHWF,22.900002
D,DISPATCH,UNIT_SCADA,1,"2022/10/20 04:00:00",CLOVER,13.190001
D,DISPATCH,UNIT_SCADA,1,"2022/10/20 04:00:00",CLUNY,6.195926
D,DISPATCH,UNIT_SCADA,1,"2022/10/20 04:00:00",CULLRGWF,-0.04
D,DISPATCH,UNIT_SCADA,1,"2022/10/20 04:00:00",DIAPURWF1,7.30
D,DISPATCH,UNIT_SCADA,1,"2022/10/20 04:00:00",ERGT01,0
D,DISPATCH,UNIT_SCADA,1,"2022/10/20 04:00:00",GB01,0
D,DISPATCH,UNIT_SCADA,1,"2022/10/20 04:00:00",GERMCRK,21.700001
D,DISPATCH,UNIT_SCADA,1,"2022/10/20 04:00:00",GRIFSF1,0.001526
D,DISPATCH,UNIT_SCADA,1,"2022/10/20 04:00:00",HEZ1,0
D,DISPATCH,UNIT_SCADA,1,"2022/10/20 04:00:00",HUGSF1,-0.1740
D,DISPATCH,UNIT_SCADA,1,"2022/10/20 04:00:00",KEPBG1,0.01
D,DISPATCH,UNIT_SCADA,1,"2022/10/20 04:00:00",LRSF1,0.0240
D,DISPATCH,UNIT_SCADA,1,"2022/10/20 04:00:00",MBAHNTH,47.906250
D,DISPATCH,UNIT_SCADA,1,"2022/10/20 04:00:00",MLSP1,0
D,DISPATCH,UNIT_SCADA,1,"2022/10/20 04:00:00",MLWF1,1.35
D,DISPATCH,UNIT_SCADA,1,"2022/10/20 04:00:00",PALOONA,30.389999
D,DISPATCH,UNIT_SCADA,1,"2022/10/20 04:00:00",PIONEER,32.600002
D,DISPATCH,UNIT_SCADA,1,"2022/10/20 04:00:00",PORTWF,37.799999
D,DISPATCH,UNIT_SCADA,1,"2022/10/20 04:00:00",REPULSE,9.486839
D,DISPATCH,UNIT_SCADA,1,"2022/10/20 04:00:00",ROWALLAN,8.974401
D,DISPATCH,UNIT_SCADA,1,"2022/10/20 04:00:00",ROYALLA1,0
D,DISPATCH,UNIT_SCADA,1,"2022/10/20 04:00:00",RPCG,-1.20
D,DISPATCH,UNIT_SCADA,1,"2022/10/20 04:00:00",RUBICON,0
D,DISPATCH,UNIT_SCADA,1,"2022/10/20 04:00:00",WAUBRAWF,86.397003
D,DISPATCH,UNIT_SCADA,1,"2022/10/20 04:00:00",WOOLNTH1,32.720001
D,DISPATCH,UNIT_SCADA,1,"2022/10/20 04:00:00",YAMBUKWF,2.60
D,DISPATCH,UNIT_SCADA,1,"2022/10/20 04:00:00",YSWF1,2.40
D,DISPATCH,UNIT_SCADA,1,"2022/10/20 04:00:00",ADPBA1G,0.0080
D,DISPATCH,UNIT_SCADA,1,"2022/10/20 04:00:00",ADPBA1L,0
D,DISPATCH,UNIT_SCADA,1,"2022/10/20 04:00:00",ADPPV1,0
D,DISPATCH,UNIT_SCADA,1,"2022/10/20 04:00:00",AGLHAL,0
D,DISPATCH,UNIT_SCADA,1,"2022/10/20 04:00:00",AGLSOM,0
D,DISPATCH,UNIT_SCADA,1,"2022/10/20 04:00:00",ANGAST1,0
D,DISPATCH,UNIT_SCADA,1,"2022/10/20 04:00:00",ARWF1,7.90
D,DISPATCH,UNIT_SCADA,1,"2022/10/20 04:00:00",BALBG1,0
D,DISPATCH,UNIT_SCADA,1,"2022/10/20 04:00:00",BALBL1,0
D,DISPATCH,UNIT_SCADA,1,"2022/10/20 04:00:00",BALDHWF1,1.5560
D,DISPATCH,UNIT_SCADA,1,"2022/10/20 04:00:00",BANGOWF1,54.7982
D,DISPATCH,UNIT_SCADA,1,"2022/10/20 04:00:00",BANGOWF2,63.399480
D,DISPATCH,UNIT_SCADA,1,"2022/10/20 04:00:00",BANN1,0
D,DISPATCH,UNIT_SCADA,1,"2022/10/20 04:00:00",BARCALDN,0
D,DISPATCH,UNIT_SCADA,1,"2022/10/20 04:00:00",BARKIPS1,0
D,DISPATCH,UNIT_SCADA,1,"2022/10/20 04:00:00",BARRON-1,0
D,DISPATCH,UNIT_SCADA,1,"2022/10/20 04:00:00",BARRON-2,0
D,DISPATCH,UNIT_SCADA,1,"2022/10/20 04:00:00",BASTYAN,0
D,DISPATCH,UNIT_SCADA,1,"2022/10/20 04:00:00",BBTHREE1,-1.03
D,DISPATCH,UNIT_SCADA,1,"2022/10/20 04:00:00",BBTHREE2,0
D,DISPATCH,UNIT_SCADA,1,"2022/10/20 04:00:00",BBTHREE3,0
D,DISPATCH,UNIT_SCADA,1,"2022/10/20 04:00:00",BDL01,0
D,DISPATCH,UNIT_SCADA,1,"2022/10/20 04:00:00",BDL02,0
D,DISPATCH,UNIT_SCADA,1,"2022/10/20 04:00:00",BERYLSF1,0
D,DISPATCH,UNIT_SCADA,1,"2022/10/20 04:00:00",BLOWERNG,62.60
D,DISPATCH,UNIT_SCADA,1,"2022/10/20 04:00:00",BLUEGSF1,0
D,DISPATCH,UNIT_SCADA,1,"2022/10/20 04:00:00",BLUFF1,19.20
D,DISPATCH,UNIT_SCADA,1,"2022/10/20 04:00:00",BNGSF1,0
D,DISPATCH,UNIT_SCADA,1,"2022/10/20 04:00:00",BNGSF2,0
D,DISPATCH,UNIT_SCADA,1,"2022/10/20 04:00:00",BOCORWF1,9.16
D,DISPATCH,UNIT_SCADA,1,"2022/10/20 04:00:00",BODWF1,86.021390
D,DISPATCH,UNIT_SCADA,1,"2022/10/20 04:00:00",BOMENSF1,0
D,DISPATCH,UNIT_SCADA,1,"2022/10/20 04:00:00",BOWWBA1G,0
D,DISPATCH,UNIT_SCADA,1,"2022/10/20 04:00:00",BOWWBA1L,0.0010
D,DISPATCH,UNIT_SCADA,1,"2022/10/20 04:00:00",BOWWPV1,0
D,DISPATCH,UNIT_SCADA,1,"2022/10/20 04:00:00",BRAEMAR1,0
D,DISPATCH,UNIT_SCADA,1,"2022/10/20 04:00:00",BRAEMAR2,0
D,DISPATCH,UNIT_SCADA,1,"2022/10/20 04:00:00",BRAEMAR3,0
D,DISPATCH,UNIT_SCADA,1,"2022/10/20 04:00:00",BRAEMAR5,0.292060
D,DISPATCH,UNIT_SCADA,1,"2022/10/20 04:00:00",BRAEMAR6,0
D,DISPATCH,UNIT_SCADA,1,"2022/10/20 04:00:00",BRAEMAR7,0.130920
D,DISPATCH,UNIT_SCADA,1,"2022/10/20 04:00:00",BROKENH1,0
D,DISPATCH,UNIT_SCADA,1,"2022/10/20 04:00:00",BRYB1WF1,114.720380
D,DISPATCH,UNIT_SCADA,1,"2022/10/20 04:00:00",BULBESG1,0
D,DISPATCH,UNIT_SCADA,1,"2022/10/20 04:00:00",BULBESL1,9.05
D,DISPATCH,UNIT_SCADA,1,"2022/10/20 04:00:00",BULGANA1,55.58
D,DISPATCH,UNIT_SCADA,1,"2022/10/20 04:00:00",BW01,442.279690
D,DISPATCH,UNIT_SCADA,1,"2022/10/20 04:00:00",BW02,438.495450
D,DISPATCH,UNIT_SCADA,1,"2022/10/20 04:00:00",BW03,439.057010
D,DISPATCH,UNIT_SCADA,1,"2022/10/20 04:00:00",BW04,0
D,DISPATCH,UNIT_SCADA,1,"2022/10/20 04:00:00",CALL_B_1,320.700010
D,DISPATCH,UNIT_SCADA,1,"2022/10/20 04:00:00",CALL_B_2,320.600010
D,DISPATCH,UNIT_SCADA,1,"2022/10/20 04:00:00",CATHROCK,9.90
D,DISPATCH,UNIT_SCADA,1,"2022/10/20 04:00:00",CBWWBA1G,0
D,DISPATCH,UNIT_SCADA,1,"2022/10/20 04:00:00",CBWWBA1L,0
D,DISPATCH,UNIT_SCADA,1,"2022/10/20 04:00:00",CETHANA,97.585750
D,DISPATCH,UNIT_SCADA,1,"2022/10/20 04:00:00",CG1,0
D,DISPATCH,UNIT_SCADA,1,"2022/10/20 04:00:00",CG2,0
D,DISPATCH,UNIT_SCADA,1,"2022/10/20 04:00:00",CG3,0
D,DISPATCH,UNIT_SCADA,1,"2022/10/20 04:00:00",CG4,0
D,DISPATCH,UNIT_SCADA,1,"2022/10/20 04:00:00",CHILDSF1,0
D,DISPATCH,UNIT_SCADA,1,"2022/10/20 04:00:00",CHYTWF1,8.62
D,DISPATCH,UNIT_SCADA,1,"2022/10/20 04:00:00",CLARESF1,0
D,DISPATCH,UNIT_SCADA,1,"2022/10/20 04:00:00",CLEMGPWF,38.106510
D,DISPATCH,UNIT_SCADA,1,"2022/10/20 04:00:00",CLERMSF1,0
D,DISPATCH,UNIT_SCADA,1,"2022/10/20 04:00:00",CNUNDAWF,0
D,DISPATCH,UNIT_SCADA,1,"2022/10/20 04:00:00",COHUNSF1,0
D,DISPATCH,UNIT_SCADA,1,"2022/10/20 04:00:00",COLEASF1,0
D,DISPATCH,UNIT_SCADA,1,"2022/10/20 04:00:00",COLUMSF1,0
D,DISPATCH,UNIT_SCADA,1,"2022/10/20 04:00:00",COLWF01,76.147090
D,DISPATCH,UNIT_SCADA,1,"2022/10/20 04:00:00",COOPGWF1,375.850010
D,DISPATCH,UNIT_SCADA,1,"2022/10/20 04:00:00",CPP_3,359.975010
D,DISPATCH,UNIT_SCADA,1,"2022/10/20 04:00:00",CPP_4,0
D,DISPATCH,UNIT_SCADA,1,"2022/10/20 04:00:00",CPSA,0
D,DISPATCH,UNIT_SCADA,1,"2022/10/20 04:00:00",CROOKWF2,17.682770
D,DISPATCH,UNIT_SCADA,1,"2022/10/20 04:00:00",CROWLWF1,40.460290
D,DISPATCH,UNIT_SCADA,1,"2022/10/20 04:00:00",CRURWF1,76.096510
D,DISPATCH,UNIT_SCADA,1,"2022/10/20 04:00:00",CRWASF1,0
D,DISPATCH,UNIT_SCADA,1,"2022/10/20 04:00:00",CSPVPS1,0
D,DISPATCH,UNIT_SCADA,1,"2022/10/20 04:00:00",CTHLWF1,0.003050
D,DISPATCH,UNIT_SCADA,1,"2022/10/20 04:00:00",DALNTH01,0
D,DISPATCH,UNIT_SCADA,1,"2022/10/20 04:00:00",DALNTHL1,0.083920
D,DISPATCH,UNIT_SCADA,1,"2022/10/20 04:00:00",DARLSF1,0
D,DISPATCH,UNIT_SCADA,1,"2022/10/20 04:00:00",DARTM1,0
D,DISPATCH,UNIT_SCADA,1,"2022/10/20 04:00:00",DAYDSF1,0
D,DISPATCH,UNIT_SCADA,1,"2022/10/20 04:00:00",DDPS1,0
D,DISPATCH,UNIT_SCADA,1,"2022/10/20 04:00:00",DDSF1,0
D,DISPATCH,UNIT_SCADA,1,"2022/10/20 04:00:00",DEVILS_G,43.228860
D,DISPATCH,UNIT_SCADA,1,"2022/10/20 04:00:00",DG_NSW1,0
D,DISPATCH,UNIT_SCADA,1,"2022/10/20 04:00:00",DG_QLD1,0
D,DISPATCH,UNIT_SCADA,1,"2022/10/20 04:00:00",DG_SA1,0
D,DISPATCH,UNIT_SCADA,1,"2022/10/20 04:00:00",DG_TAS1,0
D,DISPATCH,UNIT_SCADA,1,"2022/10/20 04:00:00",DG_VIC1,0
D,DISPATCH,UNIT_SCADA,1,"2022/10/20 04:00:00",DRYCGT1,0
D,DISPATCH,UNIT_SCADA,1,"2022/10/20 04:00:00",DRYCGT2,0
D,DISPATCH,UNIT_SCADA,1,"2022/10/20 04:00:00",DRYCGT3,0
D,DISPATCH,UNIT_SCADA,1,"2022/10/20 04:00:00",DUNDWF1,72.47
D,DISPATCH,UNIT_SCADA,1,"2022/10/20 04:00:00",DUNDWF2,18.88
D,DISPATCH,UNIT_SCADA,1,"2022/10/20 04:00:00",DUNDWF3,59.64
D,DISPATCH,UNIT_SCADA,1,"2022/10/20 04:00:00",EILDON1,59.92
D,DISPATCH,UNIT_SCADA,1,"2022/10/20 04:00:00",EILDON2,59.84
D,DISPATCH,UNIT_SCADA,1,"2022/10/20 04:00:00",ELAINWF1,31.82
D,DISPATCH,UNIT_SCADA,1,"2022/10/20 04:00:00",EMERASF1,0
D,DISPATCH,UNIT_SCADA,1,"2022/10/20 04:00:00",ER01,0
D,DISPATCH,UNIT_SCADA,1,"2022/10/20 04:00:00",ER02,316.520940
D,DISPATCH,UNIT_SCADA,1,"2022/10/20 04:00:00",ER03,334.929410
D,DISPATCH,UNIT_SCADA,1,"2022/10/20 04:00:00",ER04,362.175930
D,DISPATCH,UNIT_SCADA,1,"2022/10/20 04:00:00",FINLYSF1,0
D,DISPATCH,UNIT_SCADA,1,"2022/10/20 04:00:00",FISHER,43.90
D,DISPATCH,UNIT_SCADA,1,"2022/10/20 04:00:00",GANGARR1,0
D,DISPATCH,UNIT_SCADA,1,"2022/10/20 04:00:00",GANNBG1,0
D,DISPATCH,UNIT_SCADA,1,"2022/10/20 04:00:00",GANNBL1,7.025660
D,DISPATCH,UNIT_SCADA,1,"2022/10/20 04:00:00",GANNSF1,0
D,DISPATCH,UNIT_SCADA,1,"2022/10/20 04:00:00",GLRWNSF1,0
D,DISPATCH,UNIT_SCADA,1,"2022/10/20 04:00:00",GNNDHSF1,0
D,DISPATCH,UNIT_SCADA,1,"2022/10/20 04:00:00",GOONSF1,0
D,DISPATCH,UNIT_SCADA,1,"2022/10/20 04:00:00",GORDON,203.280490
D,DISPATCH,UNIT_SCADA,1,"2022/10/20 04:00:00",GRANWF1,0.32
D,DISPATCH,UNIT_SCADA,1,"2022/10/20 04:00:00",GSTONE1,201.4250
D,DISPATCH,UNIT_SCADA,1,"2022/10/20 04:00:00",GSTONE2,0
D,DISPATCH,UNIT_SCADA,1,"2022/10/20 04:00:00",GSTONE3,200.024990
D,DISPATCH,UNIT_SCADA,1,"2022/10/20 04:00:00",GSTONE4,0
D,DISPATCH,UNIT_SCADA,1,"2022/10/20 04:00:00",GSTONE5,201.774990
D,DISPATCH,UNIT_SCADA,1,"2022/10/20 04:00:00",GSTONE6,201.0750
D,DISPATCH,UNIT_SCADA,1,"2022/10/20 04:00:00",GULLRSF1,0
D,DISPATCH,UNIT_SCADA,1,"2022/10/20 04:00:00",GULLRWF1,37.994420
D,DISPATCH,UNIT_SCADA,1,"2022/10/20 04:00:00",GULLRWF2,97.019060
D,DISPATCH,UNIT_SCADA,1,"2022/10/20 04:00:00",GUNNING1,0
D,DISPATCH,UNIT_SCADA,1,"2022/10/20 04:00:00",GUTHEGA,67.80
D,DISPATCH,UNIT_SCADA,1,"2022/10/20 04:00:00",HALLWF1,76.17
D,DISPATCH,UNIT_SCADA,1,"2022/10/20 04:00:00",HALLWF2,53.48
D,DISPATCH,UNIT_SCADA,1,"2022/10/20 04:00:00",HAMISF1,0
D,DISPATCH,UNIT_SCADA,1,"2022/10/20 04:00:00",HAUGHT11,0
D,DISPATCH,UNIT_SCADA,1,"2022/10/20 04:00:00",HAYMSF1,0
D,DISPATCH,UNIT_SCADA,1,"2022/10/20 04:00:00",HDWF1,60.10
D,DISPATCH,UNIT_SCADA,1,"2022/10/20 04:00:00",HDWF2,21.70
D,DISPATCH,UNIT_SCADA,1,"2022/10/20 04:00:00",HDWF3,44.70
D,DISPATCH,UNIT_SCADA,1,"2022/10/20 04:00:00",HILLSTN1,0
D,DISPATCH,UNIT_SCADA,1,"2022/10/20 04:00:00",HPRG1,0
D,DISPATCH,UNIT_SCADA,1,"2022/10/20 04:00:00",HPRL1,23.40
D,DISPATCH,UNIT_SCADA,1,"2022/10/20 04:00:00",HUMENSW,54.256810
D,DISPATCH,UNIT_SCADA,1,"2022/10/20 04:00:00",HUMEV,0
D,DISPATCH,UNIT_SCADA,1,"2022/10/20 04:00:00",HVWWBA1G,0
D,DISPATCH,UNIT_SCADA,1,"2022/10/20 04:00:00",HVWWBA1L,0.0070
D,DISPATCH,UNIT_SCADA,1,"2022/10/20 04:00:00",HVWWPV1,0
D,DISPATCH,UNIT_SCADA,1,"2022/10/20 04:00:00",JBUTTERS,0
D,DISPATCH,UNIT_SCADA,1,"2022/10/20 04:00:00",JEMALNG1,0
D,DISPATCH,UNIT_SCADA,1,"2022/10/20 04:00:00",JLA01,0
D,DISPATCH,UNIT_SCADA,1,"2022/10/20 04:00:00",JLA02,0
D,DISPATCH,UNIT_SCADA,1,"2022/10/20 04:00:00",JLA03,0
D,DISPATCH,UNIT_SCADA,1,"2022/10/20 04:00:00",JLA04,0
D,DISPATCH,UNIT_SCADA,1,"2022/10/20 04:00:00",JLB01,0
D,DISPATCH,UNIT_SCADA,1,"2022/10/20 04:00:00",JLB02,0.10
D,DISPATCH,UNIT_SCADA,1,"2022/10/20 04:00:00",JLB03,0
D,DISPATCH,UNIT_SCADA,1,"2022/10/20 04:00:00",JUNEESF1,0
D,DISPATCH,UNIT_SCADA,1,"2022/10/20 04:00:00",KABANWF1,1.8840
D,DISPATCH,UNIT_SCADA,1,"2022/10/20 04:00:00",KAREEYA1,17.9850
D,DISPATCH,UNIT_SCADA,1,"2022/10/20 04:00:00",KAREEYA2,0
D,DISPATCH,UNIT_SCADA,1,"2022/10/20 04:00:00",KAREEYA3,21.4725
D,DISPATCH,UNIT_SCADA,1,"2022/10/20 04:00:00",KAREEYA4,0
D,DISPATCH,UNIT_SCADA,1,"2022/10/20 04:00:00",KARSF1,0
D,DISPATCH,UNIT_SCADA,1,"2022/10/20 04:00:00",KEPSF1,0
D,DISPATCH,UNIT_SCADA,1,"2022/10/20 04:00:00",KEPWF1,0
D,DISPATCH,UNIT_SCADA,1,"2022/10/20 04:00:00",KIAMSF1,0
D,DISPATCH,UNIT_SCADA,1,"2022/10/20 04:00:00",KIATAWF1,30.30
D,DISPATCH,UNIT_SCADA,1,"2022/10/20 04:00:00",KPP_1,0
D,DISPATCH,UNIT_SCADA,1,"2022/10/20 04:00:00",KSP1,0
D,DISPATCH,UNIT_SCADA,1,"2022/10/20 04:00:00",LADBROK1,0.01
D,DISPATCH,UNIT_SCADA,1,"2022/10/20 04:00:00",LADBROK2,37.92
D,DISPATCH,UNIT_SCADA,1,"2022/10/20 04:00:00",LBBG1,0
D,DISPATCH,UNIT_SCADA,1,"2022/10/20 04:00:00",LBBL1,0
D,DISPATCH,UNIT_SCADA,1,"2022/10/20 04:00:00",LD01,319.931640
D,DISPATCH,UNIT_SCADA,1,"2022/10/20 04:00:00",LD02,0
D,DISPATCH,UNIT_SCADA,1,"2022/10/20 04:00:00",LD04,318.485050
D,DISPATCH,UNIT_SCADA,1,"2022/10/20 04:00:00",LEM_WIL,86.937840
D,DISPATCH,UNIT_SCADA,1,"2022/10/20 04:00:00",LGAPWF1,55.69
D,DISPATCH,UNIT_SCADA,1,"2022/10/20 04:00:00",LGAPWF2,29.32
D,DISPATCH,UNIT_SCADA,1,"2022/10/20 04:00:00",LILYSF1,0
D,DISPATCH,UNIT_SCADA,1,"2022/10/20 04:00:00",LIMOSF11,0
D,DISPATCH,UNIT_SCADA,1,"2022/10/20 04:00:00",LIMOSF21,0
D,DISPATCH,UNIT_SCADA,1,"2022/10/20 04:00:00",LI_WY_CA,56.008220
D,DISPATCH,UNIT_SCADA,1,"2022/10/20 04:00:00",LKBONNY1,0
D,DISPATCH,UNIT_SCADA,1,"2022/10/20 04:00:00",LKBONNY2,23.929140
D,DISPATCH,UNIT_SCADA,1,"2022/10/20 04:00:00",LKBONNY3,5.526390
D,DISPATCH,UNIT_SCADA,1,"2022/10/20 04:00:00",LK_ECHO,0
D,DISPATCH,UNIT_SCADA,1,"2022/10/20 04:00:00",LNGS1,0
D,DISPATCH,UNIT_SCADA,1,"2022/10/20 04:00:00",LNGS2,0
D,DISPATCH,UNIT_SCADA,1,"2022/10/20 04:00:00",LONSDALE,0
D,DISPATCH,UNIT_SCADA,1,"2022/10/20 04:00:00",LOYYB1,544.735410
D,DISPATCH,UNIT_SCADA,1,"2022/10/20 04:00:00",LOYYB2,549.246830
D,DISPATCH,UNIT_SCADA,1,"2022/10/20 04:00:00",LYA1,538
D,DISPATCH,UNIT_SCADA,1,"2022/10/20 04:00:00",LYA2,0
D,DISPATCH,UNIT_SCADA,1,"2022/10/20 04:00:00",LYA3,539
D,DISPATCH,UNIT_SCADA,1,"2022/10/20 04:00:00",LYA4,539
D,DISPATCH,UNIT_SCADA,1,"2022/10/20 04:00:00",MACARTH1,15.199650
D,DISPATCH,UNIT_SCADA,1,"2022/10/20 04:00:00",MACKNTSH,0
D,DISPATCH,UNIT_SCADA,1,"2022/10/20 04:00:00",MANSLR1,0
D,DISPATCH,UNIT_SCADA,1,"2022/10/20 04:00:00",MAPS2PV1,0
D,DISPATCH,UNIT_SCADA,1,"2022/10/20 04:00:00",MAPS3PV1,0
D,DISPATCH,UNIT_SCADA,1,"2022/10/20 04:00:00",MARYRSF1,0
D,DISPATCH,UNIT_SCADA,1,"2022/10/20 04:00:00",MBPS2PV1,0
D,DISPATCH,UNIT_SCADA,1,"2022/10/20 04:00:00",MCKAY1,0.02
D,DISPATCH,UNIT_SCADA,1,"2022/10/20 04:00:00",MEADOWBK,20.0060
D,DISPATCH,UNIT_SCADA,1,"2022/10/20 04:00:00",MERCER01,31.10
D,DISPATCH,UNIT_SCADA,1,"2022/10/20 04:00:00",METZSF1,0
D,DISPATCH,UNIT_SCADA,1,"2022/10/20 04:00:00",MEWF1,0
D,DISPATCH,UNIT_SCADA,1,"2022/10/20 04:00:00",MIDDLSF1,0
D,DISPATCH,UNIT_SCADA,1,"2022/10/20 04:00:00",MINTARO,0.128180
D,DISPATCH,UNIT_SCADA,1,"2022/10/20 04:00:00",MOLNGSF1,0
D,DISPATCH,UNIT_SCADA,1,"2022/10/20 04:00:00",MOORAWF1,33.16
D,DISPATCH,UNIT_SCADA,1,"2022/10/20 04:00:00",MOREESF1,0
D,DISPATCH,UNIT_SCADA,1,"2022/10/20 04:00:00",MORTLK11,0
D,DISPATCH,UNIT_SCADA,1,"2022/10/20 04:00:00",MORTLK12,0
D,DISPATCH,UNIT_SCADA,1,"2022/10/20 04:00:00",MOUSF1,0
D,DISPATCH,UNIT_SCADA,1,"2022/10/20 04:00:00",MP1,0
D,DISPATCH,UNIT_SCADA,1,"2022/10/20 04:00:00",MP2,280.534060
D,DISPATCH,UNIT_SCADA,1,"2022/10/20 04:00:00",MPP_1,177.374110
D,DISPATCH,UNIT_SCADA,1,"2022/10/20 04:00:00",MPP_2,0
D,DISPATCH,UNIT_SCADA,1,"2022/10/20 04:00:00",MRTLSWF1,0
D,DISPATCH,UNIT_SCADA,1,"2022/10/20 04:00:00",MSTUART1,0
D,DISPATCH,UNIT_SCADA,1,"2022/10/20 04:00:00",MSTUART2,0
D,DISPATCH,UNIT_SCADA,1,"2022/10/20 04:00:00",MSTUART3,0
D,DISPATCH,UNIT_SCADA,1,"2022/10/20 04:00:00",MTGELWF1,20.645770
D,DISPATCH,UNIT_SCADA,1,"2022/10/20 04:00:00",MTMILLAR,10
D,DISPATCH,UNIT_SCADA,1,"2022/10/20 04:00:00",MURRAY,0
D,DISPATCH,UNIT_SCADA,1,"2022/10/20 04:00:00",MUSSELR1,3.40
D,DISPATCH,UNIT_SCADA,1,"2022/10/20 04:00:00",MUWAWF1,182.56
D,DISPATCH,UNIT_SCADA,1,"2022/10/20 04:00:00",MUWAWF2,180.100010
D,DISPATCH,UNIT_SCADA,1,"2022/10/20 04:00:00",MWPS1PV1,0
D,DISPATCH,UNIT_SCADA,1,"2022/10/20 04:00:00",MWPS2PV1,0
D,DISPATCH,UNIT_SCADA,1,"2022/10/20 04:00:00",MWPS3PV1,0
D,DISPATCH,UNIT_SCADA,1,"2022/10/20 04:00:00",MWPS4PV1,0
D,DISPATCH,UNIT_SCADA,1,"2022/10/20 04:00:00",NBHWF1,95.600010
D,DISPATCH,UNIT_SCADA,1,"2022/10/20 04:00:00",NEVERSF1,0
D,DISPATCH,UNIT_SCADA,1,"2022/10/20 04:00:00",NPS,0
D,DISPATCH,UNIT_SCADA,1,"2022/10/20 04:00:00",NUMURSF1,0
D,DISPATCH,UNIT_SCADA,1,"2022/10/20 04:00:00",NYNGAN1,0
D,DISPATCH,UNIT_SCADA,1,"2022/10/20 04:00:00",OAKEY1,0
D,DISPATCH,UNIT_SCADA,1,"2022/10/20 04:00:00",OAKEY1SF,0
D,DISPATCH,UNIT_SCADA,1,"2022/10/20 04:00:00",OAKEY2,0
D,DISPATCH,UNIT_SCADA,1,"2022/10/20 04:00:00",OAKEY2SF,0
D,DISPATCH,UNIT_SCADA,1,"2022/10/20 04:00:00",OAKLAND1,16.10
D,DISPATCH,UNIT_SCADA,1,"2022/10/20 04:00:00",OSB-AG,0
D,DISPATCH,UNIT_SCADA,1,"2022/10/20 04:00:00",PAREPS1,0.0660
D,DISPATCH,UNIT_SCADA,1,"2022/10/20 04:00:00",PAREPW1,29.48
D,DISPATCH,UNIT_SCADA,1,"2022/10/20 04:00:00",PARSF1,0.001530
D,DISPATCH,UNIT_SCADA,1,"2022/10/20 04:00:00",POAT110,0
D,DISPATCH,UNIT_SCADA,1,"2022/10/20 04:00:00",POAT220,0
D,DISPATCH,UNIT_SCADA,1,"2022/10/20 04:00:00",POR01,0
D,DISPATCH,UNIT_SCADA,1,"2022/10/20 04:00:00",POR03,0
D,DISPATCH,UNIT_SCADA,1,"2022/10/20 04:00:00",PPCCGT,123.890430
D,DISPATCH,UNIT_SCADA,1,"2022/10/20 04:00:00",PTSTAN1,0
D,DISPATCH,UNIT_SCADA,1,"2022/10/20 04:00:00",PUMP1,0
D,DISPATCH,UNIT_SCADA,1,"2022/10/20 04:00:00",PUMP2,0
D,DISPATCH,UNIT_SCADA,1,"2022/10/20 04:00:00",QBYNBG1,0
D,DISPATCH,UNIT_SCADA,1,"2022/10/20 04:00:00",QBYNBL1,0.0025
D,DISPATCH,UNIT_SCADA,1,"2022/10/20 04:00:00",QPS1,0
D,DISPATCH,UNIT_SCADA,1,"2022/10/20 04:00:00",QPS2,0
D,DISPATCH,UNIT_SCADA,1,"2022/10/20 04:00:00",QPS3,0
D,DISPATCH,UNIT_SCADA,1,"2022/10/20 04:00:00",QPS4,0
D,DISPATCH,UNIT_SCADA,1,"2022/10/20 04:00:00",QPS5,75.91
D,DISPATCH,UNIT_SCADA,1,"2022/10/20 04:00:00",REECE1,0
D,DISPATCH,UNIT_SCADA,1,"2022/10/20 04:00:00",REECE2,0
D,DISPATCH,UNIT_SCADA,1,"2022/10/20 04:00:00",ROMA_7,0
D,DISPATCH,UNIT_SCADA,1,"2022/10/20 04:00:00",ROMA_8,0
D,DISPATCH,UNIT_SCADA,1,"2022/10/20 04:00:00",RRSF1,0
D,DISPATCH,UNIT_SCADA,1,"2022/10/20 04:00:00",RT_NSW1,0
D,DISPATCH,UNIT_SCADA,1,"2022/10/20 04:00:00",RT_NSW2,0
D,DISPATCH,UNIT_SCADA,1,"2022/10/20 04:00:00",RT_NSW3,0
D,DISPATCH,UNIT_SCADA,1,"2022/10/20 04:00:00",RT_NSW4,0
D,DISPATCH,UNIT_SCADA,1,"2022/10/20 04:00:00",RT_NSW5,0
D,DISPATCH,UNIT_SCADA,1,"2022/10/20 04:00:00",RT_NSW6,0
D,DISPATCH,UNIT_SCADA,1,"2022/10/20 04:00:00",RT_QLD1,0
D,DISPATCH,UNIT_SCADA,1,"2022/10/20 04:00:00",RT_SA1,0
D,DISPATCH,UNIT_SCADA,1,"2022/10/20 04:00:00",RT_SA2,0
D,DISPATCH,UNIT_SCADA,1,"2022/10/20 04:00:00",RT_SA3,0
D,DISPATCH,UNIT_SCADA,1,"2022/10/20 04:00:00",RT_SA4,0
D,DISPATCH,UNIT_SCADA,1,"2022/10/20 04:00:00",RT_SA5,0
D,DISPATCH,UNIT_SCADA,1,"2022/10/20 04:00:00",RT_SA6,0
D,DISPATCH,UNIT_SCADA,1,"2022/10/20 04:00:00",RT_TAS1,0
D,DISPATCH,UNIT_SCADA,1,"2022/10/20 04:00:00",RT_VIC1,0
D,DISPATCH,UNIT_SCADA,1,"2022/10/20 04:00:00",RT_VIC10,0
D,DISPATCH,UNIT_SCADA,1,"2022/10/20 04:00:00",RT_VIC11,0
D,DISPATCH,UNIT_SCADA,1,"2022/10/20 04:00:00",RT_VIC12,0
D,DISPATCH,UNIT_SCADA,1,"2022/10/20 04:00:00",RT_VIC2,0
D,DISPATCH,UNIT_SCADA,1,"2022/10/20 04:00:00",RT_VIC3,0
D,DISPATCH,UNIT_SCADA,1,"2022/10/20 04:00:00",RT_VIC4,0
D,DISPATCH,UNIT_SCADA,1,"2022/10/20 04:00:00",RT_VIC5,0
D,DISPATCH,UNIT_SCADA,1,"2022/10/20 04:00:00",RT_VIC6,0
D,DISPATCH,UNIT_SCADA,1,"2022/10/20 04:00:00",RT_VIC7,0
D,DISPATCH,UNIT_SCADA,1,"2022/10/20 04:00:00",RT_VIC8,0
D,DISPATCH,UNIT_SCADA,1,"2022/10/20 04:00:00",RT_VIC9,0
D,DISPATCH,UNIT_SCADA,1,"2022/10/20 04:00:00",RUGBYR1,0
D,DISPATCH,UNIT_SCADA,1,"2022/10/20 04:00:00",SALTCRK1,15.32
D,DISPATCH,UNIT_SCADA,1,"2022/10/20 04:00:00",SAPHWF1,152.6711
D,DISPATCH,UNIT_SCADA,1,"2022/10/20 04:00:00",SEBSF1,0
D,DISPATCH,UNIT_SCADA,1,"2022/10/20 04:00:00",SHGEN,0
D,DISPATCH,UNIT_SCADA,1,"2022/10/20 04:00:00",SHPUMP,0
D,DISPATCH,UNIT_SCADA,1,"2022/10/20 04:00:00",SITHE01,0.123710
D,DISPATCH,UNIT_SCADA,1,"2022/10/20 04:00:00",SMCSF1,0
D,DISPATCH,UNIT_SCADA,1,"2022/10/20 04:00:00",SNAPPER1,0
D,DISPATCH,UNIT_SCADA,1,"2022/10/20 04:00:00",SNOWNTH1,135.700010
D,DISPATCH,UNIT_SCADA,1,"2022/10/20 04:00:00",SNOWSTH1,117.80
D,DISPATCH,UNIT_SCADA,1,"2022/10/20 04:00:00",SNOWTWN1,93.430970
D,DISPATCH,UNIT_SCADA,1,"2022/10/20 04:00:00",SNOWYP,0
D,DISPATCH,UNIT_SCADA,1,"2022/10/20 04:00:00",SNUG1,0
D,DISPATCH,UNIT_SCADA,1,"2022/10/20 04:00:00",SRSF1,0
D,DISPATCH,UNIT_SCADA,1,"2022/10/20 04:00:00",STAN-1,279.761290
D,DISPATCH,UNIT_SCADA,1,"2022/10/20 04:00:00",STAN-2,363.448730
D,DISPATCH,UNIT_SCADA,1,"2022/10/20 04:00:00",STAN-3,365.525210
D,DISPATCH,UNIT_SCADA,1,"2022/10/20 04:00:00",STAN-4,363.320560
D,DISPATCH,UNIT_SCADA,1,"2022/10/20 04:00:00",STARHLWF,13.895950
D,DISPATCH,UNIT_SCADA,1,"2022/10/20 04:00:00",STOCKYD1,197.13
D,DISPATCH,UNIT_SCADA,1,"2022/10/20 04:00:00",STWF1,42.962690
D,DISPATCH,UNIT_SCADA,1,"2022/10/20 04:00:00",SUNRSF1,0
D,DISPATCH,UNIT_SCADA,1,"2022/10/20 04:00:00",SUNTPSF1,0
D,DISPATCH,UNIT_SCADA,1,"2022/10/20 04:00:00",SWAN_E,222.919370
D,DISPATCH,UNIT_SCADA,1,"2022/10/20 04:00:00",TALWA1,0
D,DISPATCH,UNIT_SCADA,1,"2022/10/20 04:00:00",TARALGA1,0
D,DISPATCH,UNIT_SCADA,1,"2022/10/20 04:00:00",TARONG#1,280.800020
D,DISPATCH,UNIT_SCADA,1,"2022/10/20 04:00:00",TARONG#2,281
D,DISPATCH,UNIT_SCADA,1,"2022/10/20 04:00:00",TARONG#3,0.90
D,DISPATCH,UNIT_SCADA,1,"2022/10/20 04:00:00",TARONG#4,191.20
D,DISPATCH,UNIT_SCADA,1,"2022/10/20 04:00:00",TARRALEA,54
D,DISPATCH,UNIT_SCADA,1,"2022/10/20 04:00:00",TBSF1,0
D,DISPATCH,UNIT_SCADA,1,"2022/10/20 04:00:00",TNPS1,300.6250
D,DISPATCH,UNIT_SCADA,1,"2022/10/20 04:00:00",TORRB1,0
D,DISPATCH,UNIT_SCADA,1,"2022/10/20 04:00:00",TORRB2,41
D,DISPATCH,UNIT_SCADA,1,"2022/10/20 04:00:00",TORRB3,0
D,DISPATCH,UNIT_SCADA,1,"2022/10/20 04:00:00",TORRB4,0
D,DISPATCH,UNIT_SCADA,1,"2022/10/20 04:00:00",TREVALLN,99.972780
D,DISPATCH,UNIT_SCADA,1,"2022/10/20 04:00:00",TRIBUTE,0
D,DISPATCH,UNIT_SCADA,1,"2022/10/20 04:00:00",TUMUT3,0
D,DISPATCH,UNIT_SCADA,1,"2022/10/20 04:00:00",TUNGATIN,3.500020
D,DISPATCH,UNIT_SCADA,1,"2022/10/20 04:00:00",TVCC201,0
D,DISPATCH,UNIT_SCADA,1,"2022/10/20 04:00:00",TVPP104,0
D,DISPATCH,UNIT_SCADA,1,"2022/10/20 04:00:00",UPPTUMUT,0
D,DISPATCH,UNIT_SCADA,1,"2022/10/20 04:00:00",URANQ11,0
D,DISPATCH,UNIT_SCADA,1,"2022/10/20 04:00:00",URANQ12,0
D,DISPATCH,UNIT_SCADA,1,"2022/10/20 04:00:00",URANQ13,0
D,DISPATCH,UNIT_SCADA,1,"2022/10/20 04:00:00",URANQ14,0
D,DISPATCH,UNIT_SCADA,1,"2022/10/20 04:00:00",VBBG1,0
D,DISPATCH,UNIT_SCADA,1,"2022/10/20 04:00:00",VBBL1,110.50
D,DISPATCH,UNIT_SCADA,1,"2022/10/20 04:00:00",VP5,523.941770
D,DISPATCH,UNIT_SCADA,1,"2022/10/20 04:00:00",VP6,550.675960
D,DISPATCH,UNIT_SCADA,1,"2022/10/20 04:00:00",VPGS1,0
D,DISPATCH,UNIT_SCADA,1,"2022/10/20 04:00:00",VPGS2,0
D,DISPATCH,UNIT_SCADA,1,"2022/10/20 04:00:00",VPGS3,0
D,DISPATCH,UNIT_SCADA,1,"2022/10/20 04:00:00",VPGS4,0
D,DISPATCH,UNIT_SCADA,1,"2022/10/20 04:00:00",VPGS5,0
D,DISPATCH,UNIT_SCADA,1,"2022/10/20 04:00:00",VPGS6,0
D,DISPATCH,UNIT_SCADA,1,"2022/10/20 04:00:00",W/HOE#1,0
D,DISPATCH,UNIT_SCADA,1,"2022/10/20 04:00:00",W/HOE#2,0
D,DISPATCH,UNIT_SCADA,1,"2022/10/20 04:00:00",WAGGNSF1,0
D,DISPATCH,UNIT_SCADA,1,"2022/10/20 04:00:00",WALGRVG1,0
D,DISPATCH,UNIT_SCADA,1,"2022/10/20 04:00:00",WALGRVL1,28.8483
D,DISPATCH,UNIT_SCADA,1,"2022/10/20 04:00:00",WANDBG1,0
D,DISPATCH,UNIT_SCADA,1,"2022/10/20 04:00:00",WANDBL1,0
D,DISPATCH,UNIT_SCADA,1,"2022/10/20 04:00:00",WARWSF1,0
D,DISPATCH,UNIT_SCADA,1,"2022/10/20 04:00:00",WARWSF2,0
D,DISPATCH,UNIT_SCADA,1,"2022/10/20 04:00:00",WATERLWF,90.30
D,DISPATCH,UNIT_SCADA,1,"2022/10/20 04:00:00",WDGPH1,0
D,DISPATCH,UNIT_SCADA,1,"2022/10/20 04:00:00",WELLSF1,0
D,DISPATCH,UNIT_SCADA,1,"2022/10/20 04:00:00",WEMENSF1,0
D,DISPATCH,UNIT_SCADA,1,"2022/10/20 04:00:00",WGWF1,103.60
D,DISPATCH,UNIT_SCADA,1,"2022/10/20 04:00:00",WHITSF1,0
D,DISPATCH,UNIT_SCADA,1,"2022/10/20 04:00:00",WINTSF1,0
D,DISPATCH,UNIT_SCADA,1,"2022/10/20 04:00:00",WKIEWA1,33.90
D,DISPATCH,UNIT_SCADA,1,"2022/10/20 04:00:00",WKIEWA2,34
D,DISPATCH,UNIT_SCADA,1,"2022/10/20 04:00:00",WOODLWN1,8.283820
D,DISPATCH,UNIT_SCADA,1,"2022/10/20 04:00:00",WOOLGSF1,0
D,DISPATCH,UNIT_SCADA,1,"2022/10/20 04:00:00",WPWF,67.20
D,DISPATCH,UNIT_SCADA,1,"2022/10/20 04:00:00",WRSF1,0
D,DISPATCH,UNIT_SCADA,1,"2022/10/20 04:00:00",WRWF1,46.539410
D,DISPATCH,UNIT_SCADA,1,"2022/10/20 04:00:00",WSTWYSF1,0
D,DISPATCH,UNIT_SCADA,1,"2022/10/20 04:00:00",YABULU,0
D,DISPATCH,UNIT_SCADA,1,"2022/10/20 04:00:00",YABULU2,0
D,DISPATCH,UNIT_SCADA,1,"2022/10/20 04:00:00",YARANSF1,0
D,DISPATCH,UNIT_SCADA,1,"2022/10/20 04:00:00",YARWUN_1,159.55
D,DISPATCH,UNIT_SCADA,1,"2022/10/20 04:00:00",YATSF1,0
D,DISPATCH,UNIT_SCADA,1,"2022/10/20 04:00:00",YENDWF1,28.76
D,DISPATCH,UNIT_SCADA,1,"2022/10/20 04:00:00",YWPS1,364.410130
D,DISPATCH,UNIT_SCADA,1,"2022/10/20 04:00:00",YWPS2,360.399990
D,DISPATCH,UNIT_SCADA,1,"2022/10/20 04:00:00",YWPS3,358.541780
D,DISPATCH,UNIT_SCADA,1,"2022/10/20 04:00:00",YWPS4,0
C,"END OF REPORT",419
