C,NEMP.WORLD,DISPATCHSCADA,AEMO,PUBLIC,2022/10/20,01:40:09,0000000373220251,DISPATCHSCADA,0000000373220245
I,DISPATCH,UNIT_SCADA,1,SETTLEMENTDATE,DUID,SCADAVALUE
D,DISPATCH,UNIT_SCADA,1,"2022/10/20 01:45:00",BARCSF1,0.10
D,DISPATCH,UNIT_SCADA,1,"2022/10/20 01:45:00",BUTLERSG,8.699999
D,DISPATCH,UNIT_SCADA,1,"2022/10/20 01:45:00",CAPTL_WF,12.976761
D,DISPATCH,UNIT_SCADA,1,"2022/10/20 01:45:00",CHALLHWF,16.60
D,DISPATCH,UNIT_SCADA,1,"2022/10/20 01:45:00",CLOVER,13.40
D,DISPATCH,UNIT_SCADA,1,"2022/10/20 01:45:00",CLUNY,6.281987
D,DISPATCH,UNIT_SCADA,1,"2022/10/20 01:45:00",CULLRGWF,-0.04
D,DISPATCH,UNIT_SCADA,1,"2022/10/20 01:45:00",DIAPURWF1,7.40
D,DISPATCH,UNIT_SCADA,1,"2022/10/20 01:45:00",ERGT01,0
D,DISPATCH,UNIT_SCADA,1,"2022/10/20 01:45:00",GB01,0
D,DISPATCH,UNIT_SCADA,1,"2022/10/20 01:45:00",GERMCRK,21.50
D,DISPATCH,UNIT_SCADA,1,"2022/10/20 01:45:00",GRIFSF1,0.001526
D,DISPATCH,UNIT_SCADA,1,"2022/10/20 01:45:00",HEZ1,0
D,DISPATCH,UNIT_SCADA,1,"2022/10/20 01:45:00",HUGSF1,-0.1740
D,DISPATCH,UNIT_SCADA,1,"2022/10/20 01:45:00",KEPBG1,0.02
D,DISPATCH,UNIT_SCADA,1,"2022/10/20 01:45:00",LRSF1,0.0240
D,DISPATCH,UNIT_SCADA,1,"2022/10/20 01:45:00",MBAHNTH,50.175003
D,DISPATCH,UNIT_SCADA,1,"2022/10/20 01:45:00",MLSP1,0
D,DISPATCH,UNIT_SCADA,1,"2022/10/20 01:45:00",MLWF1,1.3950
D,DISPATCH,UNIT_SCADA,1,"2022/10/20 01:45:00",PALOONA,30.57
D,DISPATCH,UNIT_SCADA,1,"2022/10/20 01:45:00",PIONEER,44.900002
D,DISPATCH,UNIT_SCADA,1,"2022/10/20 01:45:00",PORTWF,28.50
D,DISPATCH,UNIT_SCADA,1,"2022/10/20 01:45:00",REPULSE,9.505150
D,DISPATCH,UNIT_SCADA,1,"2022/10/20 01:45:00",ROWALLAN,9.0596
D,DISPATCH,UNIT_SCADA,1,"2022/10/20 01:45:00",ROYALLA1,0
D,DISPATCH,UNIT_SCADA,1,"2022/10/20 01:45:00",RPCG,-1.20
D,DISPATCH,UNIT_SCADA,1,"2022/10/20 01:45:00",RUBICON,0
D,DISPATCH,UNIT_SCADA,1,"2022/10/20 01:45:00",WAUBRAWF,105.163002
D,DISPATCH,UNIT_SCADA,1,"2022/10/20 01:45:00",WOOLNTH1,17.16
D,DISPATCH,UNIT_SCADA,1,"2022/10/20 01:45:00",YAMBUKWF,3.50
D,DISPATCH,UNIT_SCADA,1,"2022/10/20 01:45:00",YSWF1,2.20
D,DISPATCH,UNIT_SCADA,1,"2022/10/20 01:45:00",ADPBA1G,0.0080
D,DISPATCH,UNIT_SCADA,1,"2022/10/20 01:45:00",ADPBA1L,0
D,DISPATCH,UNIT_SCADA,1,"2022/10/20 01:45:00",ADPPV1,0
D,DISPATCH,UNIT_SCADA,1,"2022/10/20 01:45:00",AGLHAL,0
D,DISPATCH,UNIT_SCADA,1,"2022/10/20 01:45:00",AGLSOM,0
D,DISPATCH,UNIT_SCADA,1,"2022/10/20 01:45:00",ANGAST1,0
D,DISPATCH,UNIT_SCADA,1,"2022/10/20 01:45:00",ARWF1,26.10
D,DISPATCH,UNIT_SCADA,1,"2022/10/20 01:45:00",BALBG1,0
D,DISPATCH,UNIT_SCADA,1,"2022/10/20 01:45:00",BALBL1,0
D,DISPATCH,UNIT_SCADA,1,"2022/10/20 01:45:00",BALDHWF1,0
D,DISPATCH,UNIT_SCADA,1,"2022/10/20 01:45:00",BANGOWF1,42.298010
D,DISPATCH,UNIT_SCADA,1,"2022/10/20 01:45:00",BANGOWF2,43.599220
D,DISPATCH,UNIT_SCADA,1,"2022/10/20 01:45:00",BANN1,0
D,DISPATCH,UNIT_SCADA,1,"2022/10/20 01:45:00",BARCALDN,0
D,DISPATCH,UNIT_SCADA,1,"2022/10/20 01:45:00",BARKIPS1,0
D,DISPATCH,UNIT_SCADA,1,"2022/10/20 01:45:00",BARRON-1,0
D,DISPATCH,UNIT_SCADA,1,"2022/10/20 01:45:00",BARRON-2,0
D,DISPATCH,UNIT_SCADA,1,"2022/10/20 01:45:00",BASTYAN,0
D,DISPATCH,UNIT_SCADA,1,"2022/10/20 01:45:00",BBTHREE1,-1.02
D,DISPATCH,UNIT_SCADA,1,"2022/10/20 01:45:00",BBTHREE2,0
D,DISPATCH,UNIT_SCADA,1,"2022/10/20 01:45:00",BBTHREE3,0
D,DISPATCH,UNIT_SCADA,1,"2022/10/20 01:45:00",BDL01,0
D,DISPATCH,UNIT_SCADA,1,"2022/10/20 01:45:00",BDL02,0
D,DISPATCH,UNIT_SCADA,1,"2022/10/20 01:45:00",BERYLSF1,0
D,DISPATCH,UNIT_SCADA,1,"2022/10/20 01:45:00",BLOWERNG,62.60
D,DISPATCH,UNIT_SCADA,1,"2022/10/20 01:45:00",BLUEGSF1,0
D,DISPATCH,UNIT_SCADA,1,"2022/10/20 01:45:00",BLUFF1,15.40
D,DISPATCH,UNIT_SCADA,1,"2022/10/20 01:45:00",BNGSF1,0
D,DISPATCH,UNIT_SCADA,1,"2022/10/20 01:45:00",BNGSF2,0
D,DISPATCH,UNIT_SCADA,1,"2022/10/20 01:45:00",BOCORWF1,3.95
D,DISPATCH,UNIT_SCADA,1,"2022/10/20 01:45:00",BODWF1,82.611510
D,DISPATCH,UNIT_SCADA,1,"2022/10/20 01:45:00",BOMENSF1,0
D,DISPATCH,UNIT_SCADA,1,"2022/10/20 01:45:00",BOWWBA1G,0
D,DISPATCH,UNIT_SCADA,1,"2022/10/20 01:45:00",BOWWBA1L,0.0010
D,DISPATCH,UNIT_SCADA,1,"2022/10/20 01:45:00",BOWWPV1,0
D,DISPATCH,UNIT_SCADA,1,"2022/10/20 01:45:00",BRAEMAR1,0
D,DISPATCH,UNIT_SCADA,1,"2022/10/20 01:45:00",BRAEMAR2,0
D,DISPATCH,UNIT_SCADA,1,"2022/10/20 01:45:00",BRAEMAR3,0
D,DISPATCH,UNIT_SCADA,1,"2022/10/20 01:45:00",BRAEMAR5,0.292060
D,DISPATCH,UNIT_SCADA,1,"2022/10/20 01:45:00",BRAEMAR6,0
D,DISPATCH,UNIT_SCADA,1,"2022/10/20 01:45:00",BRAEMAR7,0.130920
D,DISPATCH,UNIT_SCADA,1,"2022/10/20 01:45:00",BROKENH1,0
D,DISPATCH,UNIT_SCADA,1,"2022/10/20 01:45:00",BRYB1WF1,109.025710
D,DISPATCH,UNIT_SCADA,1,"2022/10/20 01:45:00",BULBESG1,0
D,DISPATCH,UNIT_SCADA,1,"2022/10/20 01:45:00",BULBESL1,0.03
D,DISPATCH,UNIT_SCADA,1,"2022/10/20 01:45:00",BULGANA1,49.74
D,DISPATCH,UNIT_SCADA,1,"2022/10/20 01:45:00",BW01,443.329530
D,DISPATCH,UNIT_SCADA,1,"2022/10/20 01:45:00",BW02,437.5433
D,DISPATCH,UNIT_SCADA,1,"2022/10/20 01:45:00",BW03,438.593110
D,DISPATCH,UNIT_SCADA,1,"2022/10/20 01:45:00",BW04,0
D,DISPATCH,UNIT_SCADA,1,"2022/10/20 01:45:00",CALL_B_1,318.899990
D,DISPATCH,UNIT_SCADA,1,"2022/10/20 01:45:00",CALL_B_2,320.50
D,DISPATCH,UNIT_SCADA,1,"2022/10/20 01:45:00",CATHROCK,6.80
D,DISPATCH,UNIT_SCADA,1,"2022/10/20 01:45:00",CBWWBA1G,0
D,DISPATCH,UNIT_SCADA,1,"2022/10/20 01:45:00",CBWWBA1L,0
D,DISPATCH,UNIT_SCADA,1,"2022/10/20 01:45:00",CETHANA,97.825250
D,DISPATCH,UNIT_SCADA,1,"2022/10/20 01:45:00",CG1,0
D,DISPATCH,UNIT_SCADA,1,"2022/10/20 01:45:00",CG2,0
D,DISPATCH,UNIT_SCADA,1,"2022/10/20 01:45:00",CG3,0
D,DISPATCH,UNIT_SCADA,1,"2022/10/20 01:45:00",CG4,0
D,DISPATCH,UNIT_SCADA,1,"2022/10/20 01:45:00",CHILDSF1,0
D,DISPATCH,UNIT_SCADA,1,"2022/10/20 01:45:00",CHYTWF1,20.80
D,DISPATCH,UNIT_SCADA,1,"2022/10/20 01:45:00",CLARESF1,0
D,DISPATCH,UNIT_SCADA,1,"2022/10/20 01:45:00",CLEMGPWF,27.229230
D,DISPATCH,UNIT_SCADA,1,"2022/10/20 01:45:00",CLERMSF1,0
D,DISPATCH,UNIT_SCADA,1,"2022/10/20 01:45:00",CNUNDAWF,0
D,DISPATCH,UNIT_SCADA,1,"2022/10/20 01:45:00",COHUNSF1,0
D,DISPATCH,UNIT_SCADA,1,"2022/10/20 01:45:00",COLEASF1,0
D,DISPATCH,UNIT_SCADA,1,"2022/10/20 01:45:00",COLUMSF1,0
D,DISPATCH,UNIT_SCADA,1,"2022/10/20 01:45:00",COLWF01,77.807280
D,DISPATCH,UNIT_SCADA,1,"2022/10/20 01:45:00",COOPGWF1,376.22
D,DISPATCH,UNIT_SCADA,1,"2022/10/20 01:45:00",CPP_3,358.325010
D,DISPATCH,UNIT_SCADA,1,"2022/10/20 01:45:00",CPP_4,0
D,DISPATCH,UNIT_SCADA,1,"2022/10/20 01:45:00",CPSA,0
D,DISPATCH,UNIT_SCADA,1,"2022/10/20 01:45:00",CROOKWF2,10.685590
D,DISPATCH,UNIT_SCADA,1,"2022/10/20 01:45:00",CROWLWF1,47.161340
D,DISPATCH,UNIT_SCADA,1,"2022/10/20 01:45:00",CRURWF1,24.897920
D,DISPATCH,UNIT_SCADA,1,"2022/10/20 01:45:00",CRWASF1,0
D,DISPATCH,UNIT_SCADA,1,"2022/10/20 01:45:00",CSPVPS1,0
D,DISPATCH,UNIT_SCADA,1,"2022/10/20 01:45:00",CTHLWF1,0.003050
D,DISPATCH,UNIT_SCADA,1,"2022/10/20 01:45:00",DALNTH01,0
D,DISPATCH,UNIT_SCADA,1,"2022/10/20 01:45:00",DALNTHL1,0.065610
D,DISPATCH,UNIT_SCADA,1,"2022/10/20 01:45:00",DARLSF1,0
D,DISPATCH,UNIT_SCADA,1,"2022/10/20 01:45:00",DARTM1,0
D,DISPATCH,UNIT_SCADA,1,"2022/10/20 01:45:00",DAYDSF1,0
D,DISPATCH,UNIT_SCADA,1,"2022/10/20 01:45:00",DDPS1,0
D,DISPATCH,UNIT_SCADA,1,"2022/10/20 01:45:00",DDSF1,0
D,DISPATCH,UNIT_SCADA,1,"2022/10/20 01:45:00",DEVILS_G,53.910340
D,DISPATCH,UNIT_SCADA,1,"2022/10/20 01:45:00",DG_NSW1,0
D,DISPATCH,UNIT_SCADA,1,"2022/10/20 01:45:00",DG_QLD1,0
D,DISPATCH,UNIT_SCADA,1,"2022/10/20 01:45:00",DG_SA1,0
D,DISPATCH,UNIT_SCADA,1,"2022/10/20 01:45:00",DG_TAS1,0
D,DISPATCH,UNIT_SCADA,1,"2022/10/20 01:45:00",DG_VIC1,0
D,DISPATCH,UNIT_SCADA,1,"2022/10/20 01:45:00",DRYCGT1,0
D,DISPATCH,UNIT_SCADA,1,"2022/10/20 01:45:00",DRYCGT2,0
D,DISPATCH,UNIT_SCADA,1,"2022/10/20 01:45:00",DRYCGT3,0
D,DISPATCH,UNIT_SCADA,1,"2022/10/20 01:45:00",DUNDWF1,65.39
D,DISPATCH,UNIT_SCADA,1,"2022/10/20 01:45:00",DUNDWF2,24.11
D,DISPATCH,UNIT_SCADA,1,"2022/10/20 01:45:00",DUNDWF3,45.09
D,DISPATCH,UNIT_SCADA,1,"2022/10/20 01:45:00",EILDON1,59.92
D,DISPATCH,UNIT_SCADA,1,"2022/10/20 01:45:00",EILDON2,59.84
D,DISPATCH,UNIT_SCADA,1,"2022/10/20 01:45:00",ELAINWF1,42.62
D,DISPATCH,UNIT_SCADA,1,"2022/10/20 01:45:00",EMERASF1,0
D,DISPATCH,UNIT_SCADA,1,"2022/10/20 01:45:00",ER01,0
D,DISPATCH,UNIT_SCADA,1,"2022/10/20 01:45:00",ER02,419.671940
D,DISPATCH,UNIT_SCADA,1,"2022/10/20 01:45:00",ER03,345.989170
D,DISPATCH,UNIT_SCADA,1,"2022/10/20 01:45:00",ER04,400.921630
D,DISPATCH,UNIT_SCADA,1,"2022/10/20 01:45:00",FINLYSF1,0
D,DISPATCH,UNIT_SCADA,1,"2022/10/20 01:45:00",FISHER,31.26
D,DISPATCH,UNIT_SCADA,1,"2022/10/20 01:45:00",GANGARR1,0
D,DISPATCH,UNIT_SCADA,1,"2022/10/20 01:45:00",GANNBG1,0
D,DISPATCH,UNIT_SCADA,1,"2022/10/20 01:45:00",GANNBL1,8.241070
D,DISPATCH,UNIT_SCADA,1,"2022/10/20 01:45:00",GANNSF1,0
D,DISPATCH,UNIT_SCADA,1,"2022/10/20 01:45:00",GLRWNSF1,0
D,DISPATCH,UNIT_SCADA,1,"2022/10/20 01:45:00",GNNDHSF1,0
D,DISPATCH,UNIT_SCADA,1,"2022/10/20 01:45:00",GOONSF1,0
D,DISPATCH,UNIT_SCADA,1,"2022/10/20 01:45:00",GORDON,194.084810
D,DISPATCH,UNIT_SCADA,1,"2022/10/20 01:45:00",GRANWF1,0
D,DISPATCH,UNIT_SCADA,1,"2022/10/20 01:45:00",GSTONE1,137.55
D,DISPATCH,UNIT_SCADA,1,"2022/10/20 01:45:00",GSTONE2,0
D,DISPATCH,UNIT_SCADA,1,"2022/10/20 01:45:00",GSTONE3,219.974990
D,DISPATCH,UNIT_SCADA,1,"2022/10/20 01:45:00",GSTONE4,0
D,DISPATCH,UNIT_SCADA,1,"2022/10/20 01:45:00",GSTONE5,221.3750
D,DISPATCH,UNIT_SCADA,1,"2022/10/20 01:45:00",GSTONE6,221.3750
D,DISPATCH,UNIT_SCADA,1,"2022/10/20 01:45:00",GULLRSF1,0
D,DISPATCH,UNIT_SCADA,1,"2022/10/20 01:45:00",GULLRWF1,52.984190
D,DISPATCH,UNIT_SCADA,1,"2022/10/20 01:45:00",GULLRWF2,85.193190
D,DISPATCH,UNIT_SCADA,1,"2022/10/20 01:45:00",GUNNING1,0
D,DISPATCH,UNIT_SCADA,1,"2022/10/20 01:45:00",GUTHEGA,68
D,DISPATCH,UNIT_SCADA,1,"2022/10/20 01:45:00",HALLWF1,76.24
D,DISPATCH,UNIT_SCADA,1,"2022/10/20 01:45:00",HALLWF2,53.55
D,DISPATCH,UNIT_SCADA,1,"2022/10/20 01:45:00",HAMISF1,0
D,DISPATCH,UNIT_SCADA,1,"2022/10/20 01:45:00",HAUGHT11,0
D,DISPATCH,UNIT_SCADA,1,"2022/10/20 01:45:00",HAYMSF1,0
D,DISPATCH,UNIT_SCADA,1,"2022/10/20 01:45:00",HDWF1,97.10
D,DISPATCH,UNIT_SCADA,1,"2022/10/20 01:45:00",HDWF2,83.80
D,DISPATCH,UNIT_SCADA,1,"2022/10/20 01:45:00",HDWF3,93.80
D,DISPATCH,UNIT_SCADA,1,"2022/10/20 01:45:00",HILLSTN1,0
D,DISPATCH,UNIT_SCADA,1,"2022/10/20 01:45:00",HPRG1,0.70
D,DISPATCH,UNIT_SCADA,1,"2022/10/20 01:45:00",HPRL1,0
D,DISPATCH,UNIT_SCADA,1,"2022/10/20 01:45:00",HUMENSW,55.721090
D,DISPATCH,UNIT_SCADA,1,"2022/10/20 01:45:00",HUMEV,0
D,DISPATCH,UNIT_SCADA,1,"2022/10/20 01:45:00",HVWWBA1G,0
D,DISPATCH,UNIT_SCADA,1,"2022/10/20 01:45:00",HVWWBA1L,0.0060
D,DISPATCH,UNIT_SCADA,1,"2022/10/20 01:45:00",HVWWPV1,0
D,DISPATCH,UNIT_SCADA,1,"2022/10/20 01:45:00",JBUTTERS,0
D,DISPATCH,UNIT_SCADA,1,"2022/10/20 01:45:00",JEMALNG1,0
D,DISPATCH,UNIT_SCADA,1,"2022/10/20 01:45:00",JLA01,0
D,DISPATCH,UNIT_SCADA,1,"2022/10/20 01:45:00",JLA02,0
D,DISPATCH,UNIT_SCADA,1,"2022/10/20 01:45:00",JLA03,0
D,DISPATCH,UNIT_SCADA,1,"2022/10/20 01:45:00",JLA04,0
D,DISPATCH,UNIT_SCADA,1,"2022/10/20 01:45:00",JLB01,0
D,DISPATCH,UNIT_SCADA,1,"2022/10/20 01:45:00",JLB02,0.10
D,DISPATCH,UNIT_SCADA,1,"2022/10/20 01:45:00",JLB03,0
D,DISPATCH,UNIT_SCADA,1,"2022/10/20 01:45:00",JUNEESF1,0
D,DISPATCH,UNIT_SCADA,1,"2022/10/20 01:45:00",KABANWF1,1.5150
D,DISPATCH,UNIT_SCADA,1,"2022/10/20 01:45:00",KAREEYA1,0
D,DISPATCH,UNIT_SCADA,1,"2022/10/20 01:45:00",KAREEYA2,0
D,DISPATCH,UNIT_SCADA,1,"2022/10/20 01:45:00",KAREEYA3,21.48
D,DISPATCH,UNIT_SCADA,1,"2022/10/20 01:45:00",KAREEYA4,0
D,DISPATCH,UNIT_SCADA,1,"2022/10/20 01:45:00",KARSF1,0
D,DISPATCH,UNIT_SCADA,1,"2022/10/20 01:45:00",KEPSF1,0
D,DISPATCH,UNIT_SCADA,1,"2022/10/20 01:45:00",KEPWF1,0.69
D,DISPATCH,UNIT_SCADA,1,"2022/10/20 01:45:00",KIAMSF1,0
D,DISPATCH,UNIT_SCADA,1,"2022/10/20 01:45:00",KIATAWF1,30.90
D,DISPATCH,UNIT_SCADA,1,"2022/10/20 01:45:00",KPP_1,0
D,DISPATCH,UNIT_SCADA,1,"2022/10/20 01:45:00",KSP1,0
D,DISPATCH,UNIT_SCADA,1,"2022/10/20 01:45:00",LADBROK1,0.01
D,DISPATCH,UNIT_SCADA,1,"2022/10/20 01:45:00",LADBROK2,37.77
D,DISPATCH,UNIT_SCADA,1,"2022/10/20 01:45:00",LBBG1,0
D,DISPATCH,UNIT_SCADA,1,"2022/10/20 01:45:00",LBBL1,1.50
D,DISPATCH,UNIT_SCADA,1,"2022/10/20 01:45:00",LD01,320.114750
D,DISPATCH,UNIT_SCADA,1,"2022/10/20 01:45:00",LD02,0
D,DISPATCH,UNIT_SCADA,1,"2022/10/20 01:45:00",LD04,317.056790
D,DISPATCH,UNIT_SCADA,1,"2022/10/20 01:45:00",LEM_WIL,87.203550
D,DISPATCH,UNIT_SCADA,1,"2022/10/20 01:45:00",LGAPWF1,72.27
D,DISPATCH,UNIT_SCADA,1,"2022/10/20 01:45:00",LGAPWF2,32.30
D,DISPATCH,UNIT_SCADA,1,"2022/10/20 01:45:00",LILYSF1,0
D,DISPATCH,UNIT_SCADA,1,"2022/10/20 01:45:00",LIMOSF11,0
D,DISPATCH,UNIT_SCADA,1,"2022/10/20 01:45:00",LIMOSF21,0
D,DISPATCH,UNIT_SCADA,1,"2022/10/20 01:45:00",LI_WY_CA,55.6739
D,DISPATCH,UNIT_SCADA,1,"2022/10/20 01:45:00",LKBONNY1,0
D,DISPATCH,UNIT_SCADA,1,"2022/10/20 01:45:00",LKBONNY2,25.553280
D,DISPATCH,UNIT_SCADA,1,"2022/10/20 01:45:00",LKBONNY3,7.368510
D,DISPATCH,UNIT_SCADA,1,"2022/10/20 01:45:00",LK_ECHO,0
D,DISPATCH,UNIT_SCADA,1,"2022/10/20 01:45:00",LNGS1,0
D,DISPATCH,UNIT_SCADA,1,"2022/10/20 01:45:00",LNGS2,0
D,DISPATCH,UNIT_SCADA,1,"2022/10/20 01:45:00",LONSDALE,0
D,DISPATCH,UNIT_SCADA,1,"2022/10/20 01:45:00",LOYYB1,448.868350
D,DISPATCH,UNIT_SCADA,1,"2022/10/20 01:45:00",LOYYB2,449.996220
D,DISPATCH,UNIT_SCADA,1,"2022/10/20 01:45:00",LYA1,517
D,DISPATCH,UNIT_SCADA,1,"2022/10/20 01:45:00",LYA2,0
D,DISPATCH,UNIT_SCADA,1,"2022/10/20 01:45:00",LYA3,515
D,DISPATCH,UNIT_SCADA,1,"2022/10/20 01:45:00",LYA4,517
D,DISPATCH,UNIT_SCADA,1,"2022/10/20 01:45:00",MACARTH1,36.599160
D,DISPATCH,UNIT_SCADA,1,"2022/10/20 01:45:00",MACKNTSH,0
D,DISPATCH,UNIT_SCADA,1,"2022/10/20 01:45:00",MANSLR1,0
D,DISPATCH,UNIT_SCADA,1,"2022/10/20 01:45:00",MAPS2PV1,0
D,DISPATCH,UNIT_SCADA,1,"2022/10/20 01:45:00",MAPS3PV1,0
D,DISPATCH,UNIT_SCADA,1,"2022/10/20 01:45:00",MARYRSF1,0
D,DISPATCH,UNIT_SCADA,1,"2022/10/20 01:45:00",MBPS2PV1,0
D,DISPATCH,UNIT_SCADA,1,"2022/10/20 01:45:00",MCKAY1,0.02
D,DISPATCH,UNIT_SCADA,1,"2022/10/20 01:45:00",MEADOWBK,19.920260
D,DISPATCH,UNIT_SCADA,1,"2022/10/20 01:45:00",MERCER01,42.40
D,DISPATCH,UNIT_SCADA,1,"2022/10/20 01:45:00",METZSF1,0
D,DISPATCH,UNIT_SCADA,1,"2022/10/20 01:45:00",MEWF1,2.835580
D,DISPATCH,UNIT_SCADA,1,"2022/10/20 01:45:00",MIDDLSF1,0
D,DISPATCH,UNIT_SCADA,1,"2022/10/20 01:45:00",MINTARO,0.128180
D,DISPATCH,UNIT_SCADA,1,"2022/10/20 01:45:00",MOLNGSF1,0
D,DISPATCH,UNIT_SCADA,1,"2022/10/20 01:45:00",MOORAWF1,47.16
D,DISPATCH,UNIT_SCADA,1,"2022/10/20 01:45:00",MOREESF1,0
D,DISPATCH,UNIT_SCADA,1,"2022/10/20 01:45:00",MORTLK11,0
D,DISPATCH,UNIT_SCADA,1,"2022/10/20 01:45:00",MORTLK12,0
D,DISPATCH,UNIT_SCADA,1,"2022/10/20 01:45:00",MOUSF1,0
D,DISPATCH,UNIT_SCADA,1,"2022/10/20 01:45:00",MP1,0
D,DISPATCH,UNIT_SCADA,1,"2022/10/20 01:45:00",MP2,289.005890
D,DISPATCH,UNIT_SCADA,1,"2022/10/20 01:45:00",MPP_1,114.490530
D,DISPATCH,UNIT_SCADA,1,"2022/10/20 01:45:00",MPP_2,0
D,DISPATCH,UNIT_SCADA,1,"2022/10/20 01:45:00",MRTLSWF1,0
D,DISPATCH,UNIT_SCADA,1,"2022/10/20 01:45:00",MSTUART1,0
D,DISPATCH,UNIT_SCADA,1,"2022/10/20 01:45:00",MSTUART2,0
D,DISPATCH,UNIT_SCADA,1,"2022/10/20 01:45:00",MSTUART3,0
D,DISPATCH,UNIT_SCADA,1,"2022/10/20 01:45:00",MTGELWF1,11.014130
D,DISPATCH,UNIT_SCADA,1,"2022/10/20 01:45:00",MTMILLAR,11.50
D,DISPATCH,UNIT_SCADA,1,"2022/10/20 01:45:00",MURRAY,0
D,DISPATCH,UNIT_SCADA,1,"2022/10/20 01:45:00",MUSSELR1,45.70
D,DISPATCH,UNIT_SCADA,1,"2022/10/20 01:45:00",MUWAWF1,186.09
D,DISPATCH,UNIT_SCADA,1,"2022/10/20 01:45:00",MUWAWF2,184.20
D,DISPATCH,UNIT_SCADA,1,"2022/10/20 01:45:00",MWPS1PV1,0
D,DISPATCH,UNIT_SCADA,1,"2022/10/20 01:45:00",MWPS2PV1,0
D,DISPATCH,UNIT_SCADA,1,"2022/10/20 01:45:00",MWPS3PV1,0
D,DISPATCH,UNIT_SCADA,1,"2022/10/20 01:45:00",MWPS4PV1,0
D,DISPATCH,UNIT_SCADA,1,"2022/10/20 01:45:00",NBHWF1,115.70
D,DISPATCH,UNIT_SCADA,1,"2022/10/20 01:45:00",NEVERSF1,0
D,DISPATCH,UNIT_SCADA,1,"2022/10/20 01:45:00",NPS,0
D,DISPATCH,UNIT_SCADA,1,"2022/10/20 01:45:00",NUMURSF1,0
D,DISPATCH,UNIT_SCADA,1,"2022/10/20 01:45:00",NYNGAN1,0
D,DISPATCH,UNIT_SCADA,1,"2022/10/20 01:45:00",OAKEY1,0
D,DISPATCH,UNIT_SCADA,1,"2022/10/20 01:45:00",OAKEY1SF,0
D,DISPATCH,UNIT_SCADA,1,"2022/10/20 01:45:00",OAKEY2,0
D,DISPATCH,UNIT_SCADA,1,"2022/10/20 01:45:00",OAKEY2SF,0
D,DISPATCH,UNIT_SCADA,1,"2022/10/20 01:45:00",OAKLAND1,15.20
D,DISPATCH,UNIT_SCADA,1,"2022/10/20 01:45:00",OSB-AG,0
D,DISPATCH,UNIT_SCADA,1,"2022/10/20 01:45:00",PAREPS1,0.0660
D,DISPATCH,UNIT_SCADA,1,"2022/10/20 01:45:00",PAREPW1,19
D,DISPATCH,UNIT_SCADA,1,"2022/10/20 01:45:00",PARSF1,0.001530
D,DISPATCH,UNIT_SCADA,1,"2022/10/20 01:45:00",POAT110,0
D,DISPATCH,UNIT_SCADA,1,"2022/10/20 01:45:00",POAT220,0
D,DISPATCH,UNIT_SCADA,1,"2022/10/20 01:45:00",POR01,0
D,DISPATCH,UNIT_SCADA,1,"2022/10/20 01:45:00",POR03,0
D,DISPATCH,UNIT_SCADA,1,"2022/10/20 01:45:00",PPCCGT,124.561540
D,DISPATCH,UNIT_SCADA,1,"2022/10/20 01:45:00",PTSTAN1,0
D,DISPATCH,UNIT_SCADA,1,"2022/10/20 01:45:00",PUMP1,0
D,DISPATCH,UNIT_SCADA,1,"2022/10/20 01:45:00",PUMP2,0
D,DISPATCH,UNIT_SCADA,1,"2022/10/20 01:45:00",QBYNBG1,0.0015
D,DISPATCH,UNIT_SCADA,1,"2022/10/20 01:45:00",QBYNBL1,0
D,DISPATCH,UNIT_SCADA,1,"2022/10/20 01:45:00",QPS1,0
D,DISPATCH,UNIT_SCADA,1,"2022/10/20 01:45:00",QPS2,0
D,DISPATCH,UNIT_SCADA,1,"2022/10/20 01:45:00",QPS3,0
D,DISPATCH,UNIT_SCADA,1,"2022/10/20 01:45:00",QPS4,0
D,DISPATCH,UNIT_SCADA,1,"2022/10/20 01:45:00",QPS5,74.34
D,DISPATCH,UNIT_SCADA,1,"2022/10/20 01:45:00",REECE1,0
D,DISPATCH,UNIT_SCADA,1,"2022/10/20 01:45:00",REECE2,0
D,DISPATCH,UNIT_SCADA,1,"2022/10/20 01:45:00",ROMA_7,0
D,DISPATCH,UNIT_SCADA,1,"2022/10/20 01:45:00",ROMA_8,0
D,DISPATCH,UNIT_SCADA,1,"2022/10/20 01:45:00",RRSF1,0
D,DISPATCH,UNIT_SCADA,1,"2022/10/20 01:45:00",RT_NSW1,0
D,DISPATCH,UNIT_SCADA,1,"2022/10/20 01:45:00",RT_NSW2,0
D,DISPATCH,UNIT_SCADA,1,"2022/10/20 01:45:00",RT_NSW3,0
D,DISPATCH,UNIT_SCADA,1,"2022/10/20 01:45:00",RT_NSW4,0
D,DISPATCH,UNIT_SCADA,1,"2022/10/20 01:45:00",RT_NSW5,0
D,DISPATCH,UNIT_SCADA,1,"2022/10/20 01:45:00",RT_NSW6,0
D,DISPATCH,UNIT_SCADA,1,"2022/10/20 01:45:00",RT_QLD1,0
D,DISPATCH,UNIT_SCADA,1,"2022/10/20 01:45:00",RT_SA1,0
D,DISPATCH,UNIT_SCADA,1,"2022/10/20 01:45:00",RT_SA2,0
D,DISPATCH,UNIT_SCADA,1,"2022/10/20 01:45:00",RT_SA3,0
D,DISPATCH,UNIT_SCADA,1,"2022/10/20 01:45:00",RT_SA4,0
D,DISPATCH,UNIT_SCADA,1,"2022/10/20 01:45:00",RT_SA5,0
D,DISPATCH,UNIT_SCADA,1,"2022/10/20 01:45:00",RT_SA6,0
D,DISPATCH,UNIT_SCADA,1,"2022/10/20 01:45:00",RT_TAS1,0
D,DISPATCH,UNIT_SCADA,1,"2022/10/20 01:45:00",RT_VIC1,0
D,DISPATCH,UNIT_SCADA,1,"2022/10/20 01:45:00",RT_VIC10,0
D,DISPATCH,UNIT_SCADA,1,"2022/10/20 01:45:00",RT_VIC11,0
D,DISPATCH,UNIT_SCADA,1,"2022/10/20 01:45:00",RT_VIC12,0
D,DISPATCH,UNIT_SCADA,1,"2022/10/20 01:45:00",RT_VIC2,0
D,DISPATCH,UNIT_SCADA,1,"2022/10/20 01:45:00",RT_VIC3,0
D,DISPATCH,UNIT_SCADA,1,"2022/10/20 01:45:00",RT_VIC4,0
D,DISPATCH,UNIT_SCADA,1,"2022/10/20 01:45:00",RT_VIC5,0
D,DISPATCH,UNIT_SCADA,1,"2022/10/20 01:45:00",RT_VIC6,0
D,DISPATCH,UNIT_SCADA,1,"2022/10/20 01:45:00",RT_VIC7,0
D,DISPATCH,UNIT_SCADA,1,"2022/10/20 01:45:00",RT_VIC8,0
D,DISPATCH,UNIT_SCADA,1,"2022/10/20 01:45:00",RT_VIC9,0
D,DISPATCH,UNIT_SCADA,1,"2022/10/20 01:45:00",RUGBYR1,0
D,DISPATCH,UNIT_SCADA,1,"2022/10/20 01:45:00",SALTCRK1,8.22
D,DISPATCH,UNIT_SCADA,1,"2022/10/20 01:45:00",SAPHWF1,199.418620
D,DISPATCH,UNIT_SCADA,1,"2022/10/20 01:45:00",SEBSF1,0
D,DISPATCH,UNIT_SCADA,1,"2022/10/20 01:45:00",SHGEN,0
D,DISPATCH,UNIT_SCADA,1,"2022/10/20 01:45:00",SHPUMP,0
D,DISPATCH,UNIT_SCADA,1,"2022/10/20 01:45:00",SITHE01,0.123710
D,DISPATCH,UNIT_SCADA,1,"2022/10/20 01:45:00",SMCSF1,0
D,DISPATCH,UNIT_SCADA,1,"2022/10/20 01:45:00",SNAPPER1,0
D,DISPATCH,UNIT_SCADA,1,"2022/10/20 01:45:00",SNOWNTH1,127.100010
D,DISPATCH,UNIT_SCADA,1,"2022/10/20 01:45:00",SNOWSTH1,108.30
D,DISPATCH,UNIT_SCADA,1,"2022/10/20 01:45:00",SNOWTWN1,89.941470
D,DISPATCH,UNIT_SCADA,1,"2022/10/20 01:45:00",SNOWYP,0
D,DISPATCH,UNIT_SCADA,1,"2022/10/20 01:45:00",SNUG1,0
D,DISPATCH,UNIT_SCADA,1,"2022/10/20 01:45:00",SRSF1,0
D,DISPATCH,UNIT_SCADA,1,"2022/10/20 01:45:00",STAN-1,278.159090
D,DISPATCH,UNIT_SCADA,1,"2022/10/20 01:45:00",STAN-2,364.499790
D,DISPATCH,UNIT_SCADA,1,"2022/10/20 01:45:00",STAN-3,363.858890
D,DISPATCH,UNIT_SCADA,1,"2022/10/20 01:45:00",STAN-4,363.038540
D,DISPATCH,UNIT_SCADA,1,"2022/10/20 01:45:00",STARHLWF,0.199940
D,DISPATCH,UNIT_SCADA,1,"2022/10/20 01:45:00",STOCKYD1,269.140010
D,DISPATCH,UNIT_SCADA,1,"2022/10/20 01:45:00",STWF1,115.748220
D,DISPATCH,UNIT_SCADA,1,"2022/10/20 01:45:00",SUNRSF1,0
D,DISPATCH,UNIT_SCADA,1,"2022/10/20 01:45:00",SUNTPSF1,0
D,DISPATCH,UNIT_SCADA,1,"2022/10/20 01:45:00",SWAN_E,258.408110
D,DISPATCH,UNIT_SCADA,1,"2022/10/20 01:45:00",TALWA1,0
D,DISPATCH,UNIT_SCADA,1,"2022/10/20 01:45:00",TARALGA1,0
D,DISPATCH,UNIT_SCADA,1,"2022/10/20 01:45:00",TARONG#1,280.600010
D,DISPATCH,UNIT_SCADA,1,"2022/10/20 01:45:00",TARONG#2,279.399990
D,DISPATCH,UNIT_SCADA,1,"2022/10/20 01:45:00",TARONG#3,0.90
D,DISPATCH,UNIT_SCADA,1,"2022/10/20 01:45:00",TARONG#4,190.100010
D,DISPATCH,UNIT_SCADA,1,"2022/10/20 01:45:00",TARRALEA,54
D,DISPATCH,UNIT_SCADA,1,"2022/10/20 01:45:00",TBSF1,0
D,DISPATCH,UNIT_SCADA,1,"2022/10/20 01:45:00",TNPS1,299.125030
D,DISPATCH,UNIT_SCADA,1,"2022/10/20 01:45:00",TORRB1,0
D,DISPATCH,UNIT_SCADA,1,"2022/10/20 01:45:00",TORRB2,40
D,DISPATCH,UNIT_SCADA,1,"2022/10/20 01:45:00",TORRB3,0
D,DISPATCH,UNIT_SCADA,1,"2022/10/20 01:45:00",TORRB4,0
D,DISPATCH,UNIT_SCADA,1,"2022/10/20 01:45:00",TREVALLN,99.7902
D,DISPATCH,UNIT_SCADA,1,"2022/10/20 01:45:00",TRIBUTE,0
D,DISPATCH,UNIT_SCADA,1,"2022/10/20 01:45:00",TUMUT3,0
D,DISPATCH,UNIT_SCADA,1,"2022/10/20 01:45:00",TUNGATIN,7.080020
D,DISPATCH,UNIT_SCADA,1,"2022/10/20 01:45:00",TVCC201,0
D,DISPATCH,UNIT_SCADA,1,"2022/10/20 01:45:00",TVPP104,0
D,DISPATCH,UNIT_SCADA,1,"2022/10/20 01:45:00",UPPTUMUT,0
D,DISPATCH,UNIT_SCADA,1,"2022/10/20 01:45:00",URANQ11,0
D,DISPATCH,UNIT_SCADA,1,"2022/10/20 01:45:00",URANQ12,0
D,DISPATCH,UNIT_SCADA,1,"2022/10/20 01:45:00",URANQ13,0
D,DISPATCH,UNIT_SCADA,1,"2022/10/20 01:45:00",URANQ14,0
D,DISPATCH,UNIT_SCADA,1,"2022/10/20 01:45:00",VBBG1,0
D,DISPATCH,UNIT_SCADA,1,"2022/10/20 01:45:00",VBBL1,100.90
D,DISPATCH,UNIT_SCADA,1,"2022/10/20 01:45:00",VP5,574.895450
D,DISPATCH,UNIT_SCADA,1,"2022/10/20 01:45:00",VP6,588.225950
D,DISPATCH,UNIT_SCADA,1,"2022/10/20 01:45:00",VPGS1,0
D,DISPATCH,UNIT_SCADA,1,"2022/10/20 01:45:00",VPGS2,0
D,DISPATCH,UNIT_SCADA,1,"2022/10/20 01:45:00",VPGS3,0
D,DISPATCH,UNIT_SCADA,1,"2022/10/20 01:45:00",VPGS4,0
D,DISPATCH,UNIT_SCADA,1,"2022/10/20 01:45:00",VPGS5,0
D,DISPATCH,UNIT_SCADA,1,"2022/10/20 01:45:00",VPGS6,0
D,DISPATCH,UNIT_SCADA,1,"2022/10/20 01:45:00",W/HOE#1,0
D,DISPATCH,UNIT_SCADA,1,"2022/10/20 01:45:00",W/HOE#2,0
D,DISPATCH,UNIT_SCADA,1,"2022/10/20 01:45:00",WAGGNSF1,0
D,DISPATCH,UNIT_SCADA,1,"2022/10/20 01:45:00",WALGRVG1,0.000930
D,DISPATCH,UNIT_SCADA,1,"2022/10/20 01:45:00",WALGRVL1,0
D,DISPATCH,UNIT_SCADA,1,"2022/10/20 01:45:00",WANDBG1,0
D,DISPATCH,UNIT_SCADA,1,"2022/10/20 01:45:00",WANDBL1,0
D,DISPATCH,UNIT_SCADA,1,"2022/10/20 01:45:00",WARWSF1,0
D,DISPATCH,UNIT_SCADA,1,"2022/10/20 01:45:00",WARWSF2,0
D,DISPATCH,UNIT_SCADA,1,"2022/10/20 01:45:00",WATERLWF,70.80
D,DISPATCH,UNIT_SCADA,1,"2022/10/20 01:45:00",WDGPH1,0
D,DISPATCH,UNIT_SCADA,1,"2022/10/20 01:45:00",WELLSF1,0
D,DISPATCH,UNIT_SCADA,1,"2022/10/20 01:45:00",WEMENSF1,0
D,DISPATCH,UNIT_SCADA,1,"2022/10/20 01:45:00",WGWF1,110.60
D,DISPATCH,UNIT_SCADA,1,"2022/10/20 01:45:00",WHITSF1,0
D,DISPATCH,UNIT_SCADA,1,"2022/10/20 01:45:00",WINTSF1,0
D,DISPATCH,UNIT_SCADA,1,"2022/10/20 01:45:00",WKIEWA1,33.80
D,DISPATCH,UNIT_SCADA,1,"2022/10/20 01:45:00",WKIEWA2,34.10
D,DISPATCH,UNIT_SCADA,1,"2022/10/20 01:45:00",WOODLWN1,13.302450
D,DISPATCH,UNIT_SCADA,1,"2022/10/20 01:45:00",WOOLGSF1,0
D,DISPATCH,UNIT_SCADA,1,"2022/10/20 01:45:00",WPWF,75
D,DISPATCH,UNIT_SCADA,1,"2022/10/20 01:45:00",WRSF1,0
D,DISPATCH,UNIT_SCADA,1,"2022/10/20 01:45:00",WRWF1,64.736710
D,DISPATCH,UNIT_SCADA,1,"2022/10/20 01:45:00",WSTWYSF1,0
D,DISPATCH,UNIT_SCADA,1,"2022/10/20 01:45:00",YABULU,0
D,DISPATCH,UNIT_SCADA,1,"2022/10/20 01:45:00",YABULU2,0
D,DISPATCH,UNIT_SCADA,1,"2022/10/20 01:45:00",YARANSF1,0
D,DISPATCH,UNIT_SCADA,1,"2022/10/20 01:45:00",YARWUN_1,139.80
D,DISPATCH,UNIT_SCADA,1,"2022/10/20 01:45:00",YATSF1,0
D,DISPATCH,UNIT_SCADA,1,"2022/10/20 01:45:00",YENDWF1,37.78
D,DISPATCH,UNIT_SCADA,1,"2022/10/20 01:45:00",YWPS1,368.169620
D,DISPATCH,UNIT_SCADA,1,"2022/10/20 01:45:00",YWPS2,359.898740
D,DISPATCH,UNIT_SCADA,1,"2022/10/20 01:45:00",YWPS3,359.953160
D,DISPATCH,UNIT_SCADA,1,"2022/10/20 01:45:00",YWPS4,0
C,"END OF REPORT",419
