C,NEMP.WORLD,DISPATCHSCADA,AEMO,PUBLIC,2022/10/20,22:45:09,0000000373285659,DISPATCHSCADA,0000000373285653
I,DISPATCH,UNIT_SCADA,1,SETTLEMENTDATE,DUID,SCADAVALUE
D,DISPATCH,UNIT_SCADA,1,"2022/10/20 22:50:00",BARCSF1,0
D,DISPATCH,UNIT_SCADA,1,"2022/10/20 22:50:00",BUTLERSG,8.699999
D,DISPATCH,UNIT_SCADA,1,"2022/10/20 22:50:00",CAPTL_WF,81.395775
D,DISPATCH,UNIT_SCADA,1,"2022/10/20 22:50:00",CHALLHWF,2.30
D,DISPATCH,UNIT_SCADA,1,"2022/10/20 22:50:00",CLOVER,13.33
D,DISPATCH,UNIT_SCADA,1,"2022/10/20 22:50:00",CLUNY,5.572442
D,DISPATCH,UNIT_SCADA,1,"2022/10/20 22:50:00",CULLRGWF,-0.03
D,DISPATCH,UNIT_SCADA,1,"2022/10/20 22:50:00",DIAPURWF1,1.50
D,DISPATCH,UNIT_SCADA,1,"2022/10/20 22:50:00",ERGT01,0
D,DISPATCH,UNIT_SCADA,1,"2022/10/20 22:50:00",GB01,0
D,DISPATCH,UNIT_SCADA,1,"2022/10/20 22:50:00",GERMCRK,19.299999
D,DISPATCH,UNIT_SCADA,1,"2022/10/20 22:50:00",GRIFSF1,0.001526
D,DISPATCH,UNIT_SCADA,1,"2022/10/20 22:50:00",HEZ1,0
D,DISPATCH,UNIT_SCADA,1,"2022/10/20 22:50:00",HUGSF1,-0.12
D,DISPATCH,UNIT_SCADA,1,"2022/10/20 22:50:00",KEPBG1,0
D,DISPATCH,UNIT_SCADA,1,"2022/10/20 22:50:00",LRSF1,-0.0310
D,DISPATCH,UNIT_SCADA,1,"2022/10/20 22:50:00",MBAHNTH,46.574997
D,DISPATCH,UNIT_SCADA,1,"2022/10/20 22:50:00",MLSP1,0
D,DISPATCH,UNIT_SCADA,1,"2022/10/20 22:50:00",MLWF1,1.68
D,DISPATCH,UNIT_SCADA,1,"2022/10/20 22:50:00",PALOONA,30.539999
D,DISPATCH,UNIT_SCADA,1,"2022/10/20 22:50:00",PIONEER,20
D,DISPATCH,UNIT_SCADA,1,"2022/10/20 22:50:00",PORTWF,41
D,DISPATCH,UNIT_SCADA,1,"2022/10/20 22:50:00",REPULSE,9.499046
D,DISPATCH,UNIT_SCADA,1,"2022/10/20 22:50:00",ROWALLAN,8.846601
D,DISPATCH,UNIT_SCADA,1,"2022/10/20 22:50:00",ROYALLA1,0
D,DISPATCH,UNIT_SCADA,1,"2022/10/20 22:50:00",RPCG,-0.50
D,DISPATCH,UNIT_SCADA,1,"2022/10/20 22:50:00",RUBICON,0
D,DISPATCH,UNIT_SCADA,1,"2022/10/20 22:50:00",WAUBRAWF,25.8090
D,DISPATCH,UNIT_SCADA,1,"2022/10/20 22:50:00",WOOLNTH1,81.110001
D,DISPATCH,UNIT_SCADA,1,"2022/10/20 22:50:00",YAMBUKWF,2.70
D,DISPATCH,UNIT_SCADA,1,"2022/10/20 22:50:00",YSWF1,0
D,DISPATCH,UNIT_SCADA,1,"2022/10/20 22:50:00",ADPBA1G,0.0080
D,DISPATCH,UNIT_SCADA,1,"2022/10/20 22:50:00",ADPBA1L,0
D,DISPATCH,UNIT_SCADA,1,"2022/10/20 22:50:00",ADPPV1,0
D,DISPATCH,UNIT_SCADA,1,"2022/10/20 22:50:00",AGLHAL,0
D,DISPATCH,UNIT_SCADA,1,"2022/10/20 22:50:00",AGLSOM,0
D,DISPATCH,UNIT_SCADA,1,"2022/10/20 22:50:00",ANGAST1,0
D,DISPATCH,UNIT_SCADA,1,"2022/10/20 22:50:00",ARWF1,25
D,DISPATCH,UNIT_SCADA,1,"2022/10/20 22:50:00",BALBG1,0
D,DISPATCH,UNIT_SCADA,1,"2022/10/20 22:50:00",BALBL1,0
D,DISPATCH,UNIT_SCADA,1,"2022/10/20 22:50:00",BALDHWF1,103.6290
D,DISPATCH,UNIT_SCADA,1,"2022/10/20 22:50:00",BANGOWF1,66.4976
D,DISPATCH,UNIT_SCADA,1,"2022/10/20 22:50:00",BANGOWF2,66.299610
D,DISPATCH,UNIT_SCADA,1,"2022/10/20 22:50:00",BANN1,0
D,DISPATCH,UNIT_SCADA,1,"2022/10/20 22:50:00",BARCALDN,0
D,DISPATCH,UNIT_SCADA,1,"2022/10/20 22:50:00",BARKIPS1,0.05
D,DISPATCH,UNIT_SCADA,1,"2022/10/20 22:50:00",BARRON-1,0
D,DISPATCH,UNIT_SCADA,1,"2022/10/20 22:50:00",BARRON-2,0
D,DISPATCH,UNIT_SCADA,1,"2022/10/20 22:50:00",BASTYAN,0
D,DISPATCH,UNIT_SCADA,1,"2022/10/20 22:50:00",BBTHREE1,0
D,DISPATCH,UNIT_SCADA,1,"2022/10/20 22:50:00",BBTHREE2,0
D,DISPATCH,UNIT_SCADA,1,"2022/10/20 22:50:00",BBTHREE3,-1.07
D,DISPATCH,UNIT_SCADA,1,"2022/10/20 22:50:00",BDL01,0
D,DISPATCH,UNIT_SCADA,1,"2022/10/20 22:50:00",BDL02,0
D,DISPATCH,UNIT_SCADA,1,"2022/10/20 22:50:00",BERYLSF1,0
D,DISPATCH,UNIT_SCADA,1,"2022/10/20 22:50:00",BLOWERNG,62.40
D,DISPATCH,UNIT_SCADA,1,"2022/10/20 22:50:00",BLUEGSF1,0
D,DISPATCH,UNIT_SCADA,1,"2022/10/20 22:50:00",BLUFF1,1.70
D,DISPATCH,UNIT_SCADA,1,"2022/10/20 22:50:00",BNGSF1,0
D,DISPATCH,UNIT_SCADA,1,"2022/10/20 22:50:00",BNGSF2,0
D,DISPATCH,UNIT_SCADA,1,"2022/10/20 22:50:00",BOCORWF1,1.33
D,DISPATCH,UNIT_SCADA,1,"2022/10/20 22:50:00",BODWF1,109.302320
D,DISPATCH,UNIT_SCADA,1,"2022/10/20 22:50:00",BOMENSF1,0
D,DISPATCH,UNIT_SCADA,1,"2022/10/20 22:50:00",BOWWBA1G,0
D,DISPATCH,UNIT_SCADA,1,"2022/10/20 22:50:00",BOWWBA1L,0.0010
D,DISPATCH,UNIT_SCADA,1,"2022/10/20 22:50:00",BOWWPV1,0
D,DISPATCH,UNIT_SCADA,1,"2022/10/20 22:50:00",BRAEMAR1,0
D,DISPATCH,UNIT_SCADA,1,"2022/10/20 22:50:00",BRAEMAR2,0
D,DISPATCH,UNIT_SCADA,1,"2022/10/20 22:50:00",BRAEMAR3,0
D,DISPATCH,UNIT_SCADA,1,"2022/10/20 22:50:00",BRAEMAR5,0.201420
D,DISPATCH,UNIT_SCADA,1,"2022/10/20 22:50:00",BRAEMAR6,0
D,DISPATCH,UNIT_SCADA,1,"2022/10/20 22:50:00",BRAEMAR7,4.693090
D,DISPATCH,UNIT_SCADA,1,"2022/10/20 22:50:00",BROKENH1,0
D,DISPATCH,UNIT_SCADA,1,"2022/10/20 22:50:00",BRYB1WF1,87.583730
D,DISPATCH,UNIT_SCADA,1,"2022/10/20 22:50:00",BULBESG1,0
D,DISPATCH,UNIT_SCADA,1,"2022/10/20 22:50:00",BULBESL1,0.03
D,DISPATCH,UNIT_SCADA,1,"2022/10/20 22:50:00",BULGANA1,11.90
D,DISPATCH,UNIT_SCADA,1,"2022/10/20 22:50:00",BW01,659.6170
D,DISPATCH,UNIT_SCADA,1,"2022/10/20 22:50:00",BW02,637.4975
D,DISPATCH,UNIT_SCADA,1,"2022/10/20 22:50:00",BW03,536.446170
D,DISPATCH,UNIT_SCADA,1,"2022/10/20 22:50:00",BW04,0
D,DISPATCH,UNIT_SCADA,1,"2022/10/20 22:50:00",CALL_B_1,319.200010
D,DISPATCH,UNIT_SCADA,1,"2022/10/20 22:50:00",CALL_B_2,320.200010
D,DISPATCH,UNIT_SCADA,1,"2022/10/20 22:50:00",CATHROCK,2.90
D,DISPATCH,UNIT_SCADA,1,"2022/10/20 22:50:00",CBWWBA1G,0
D,DISPATCH,UNIT_SCADA,1,"2022/10/20 22:50:00",CBWWBA1L,0
D,DISPATCH,UNIT_SCADA,1,"2022/10/20 22:50:00",CETHANA,90.101370
D,DISPATCH,UNIT_SCADA,1,"2022/10/20 22:50:00",CG1,0
D,DISPATCH,UNIT_SCADA,1,"2022/10/20 22:50:00",CG2,0
D,DISPATCH,UNIT_SCADA,1,"2022/10/20 22:50:00",CG3,0
D,DISPATCH,UNIT_SCADA,1,"2022/10/20 22:50:00",CG4,0
D,DISPATCH,UNIT_SCADA,1,"2022/10/20 22:50:00",CHILDSF1,0
D,DISPATCH,UNIT_SCADA,1,"2022/10/20 22:50:00",CHYTWF1,2.30
D,DISPATCH,UNIT_SCADA,1,"2022/10/20 22:50:00",CLARESF1,0
D,DISPATCH,UNIT_SCADA,1,"2022/10/20 22:50:00",CLEMGPWF,0
D,DISPATCH,UNIT_SCADA,1,"2022/10/20 22:50:00",CLERMSF1,0
D,DISPATCH,UNIT_SCADA,1,"2022/10/20 22:50:00",CNUNDAWF,12.915070
D,DISPATCH,UNIT_SCADA,1,"2022/10/20 22:50:00",COHUNSF1,0
D,DISPATCH,UNIT_SCADA,1,"2022/10/20 22:50:00",COLEASF1,0
D,DISPATCH,UNIT_SCADA,1,"2022/10/20 22:50:00",COLUMSF1,0
D,DISPATCH,UNIT_SCADA,1,"2022/10/20 22:50:00",COLWF01,127.968260
D,DISPATCH,UNIT_SCADA,1,"2022/10/20 22:50:00",COOPGWF1,332.920010
D,DISPATCH,UNIT_SCADA,1,"2022/10/20 22:50:00",CPP_3,389.399990
D,DISPATCH,UNIT_SCADA,1,"2022/10/20 22:50:00",CPP_4,0
D,DISPATCH,UNIT_SCADA,1,"2022/10/20 22:50:00",CPSA,0
D,DISPATCH,UNIT_SCADA,1,"2022/10/20 22:50:00",CROOKWF2,37.924770
D,DISPATCH,UNIT_SCADA,1,"2022/10/20 22:50:00",CROWLWF1,29.1625
D,DISPATCH,UNIT_SCADA,1,"2022/10/20 22:50:00",CRURWF1,92.495990
D,DISPATCH,UNIT_SCADA,1,"2022/10/20 22:50:00",CRWASF1,0
D,DISPATCH,UNIT_SCADA,1,"2022/10/20 22:50:00",CSPVPS1,0
D,DISPATCH,UNIT_SCADA,1,"2022/10/20 22:50:00",CTHLWF1,0.003050
D,DISPATCH,UNIT_SCADA,1,"2022/10/20 22:50:00",DALNTH01,0
D,DISPATCH,UNIT_SCADA,1,"2022/10/20 22:50:00",DALNTHL1,0.245670
D,DISPATCH,UNIT_SCADA,1,"2022/10/20 22:50:00",DARLSF1,0
D,DISPATCH,UNIT_SCADA,1,"2022/10/20 22:50:00",DARTM1,0
D,DISPATCH,UNIT_SCADA,1,"2022/10/20 22:50:00",DAYDSF1,0
D,DISPATCH,UNIT_SCADA,1,"2022/10/20 22:50:00",DDPS1,0
D,DISPATCH,UNIT_SCADA,1,"2022/10/20 22:50:00",DDSF1,0
D,DISPATCH,UNIT_SCADA,1,"2022/10/20 22:50:00",DEVILS_G,56.639910
D,DISPATCH,UNIT_SCADA,1,"2022/10/20 22:50:00",DG_NSW1,0
D,DISPATCH,UNIT_SCADA,1,"2022/10/20 22:50:00",DG_QLD1,0
D,DISPATCH,UNIT_SCADA,1,"2022/10/20 22:50:00",DG_SA1,0
D,DISPATCH,UNIT_SCADA,1,"2022/10/20 22:50:00",DG_TAS1,0
D,DISPATCH,UNIT_SCADA,1,"2022/10/20 22:50:00",DG_VIC1,0
D,DISPATCH,UNIT_SCADA,1,"2022/10/20 22:50:00",DRYCGT1,0
D,DISPATCH,UNIT_SCADA,1,"2022/10/20 22:50:00",DRYCGT2,0
D,DISPATCH,UNIT_SCADA,1,"2022/10/20 22:50:00",DRYCGT3,0
D,DISPATCH,UNIT_SCADA,1,"2022/10/20 22:50:00",DUNDWF1,115.17
D,DISPATCH,UNIT_SCADA,1,"2022/10/20 22:50:00",DUNDWF2,33.01
D,DISPATCH,UNIT_SCADA,1,"2022/10/20 22:50:00",DUNDWF3,84.59
D,DISPATCH,UNIT_SCADA,1,"2022/10/20 22:50:00",EILDON1,60.56
D,DISPATCH,UNIT_SCADA,1,"2022/10/20 22:50:00",EILDON2,60.12
D,DISPATCH,UNIT_SCADA,1,"2022/10/20 22:50:00",ELAINWF1,10.98
D,DISPATCH,UNIT_SCADA,1,"2022/10/20 22:50:00",EMERASF1,0
D,DISPATCH,UNIT_SCADA,1,"2022/10/20 22:50:00",ER01,0
D,DISPATCH,UNIT_SCADA,1,"2022/10/20 22:50:00",ER02,611.960020
D,DISPATCH,UNIT_SCADA,1,"2022/10/20 22:50:00",ER03,613.205140
D,DISPATCH,UNIT_SCADA,1,"2022/10/20 22:50:00",ER04,610.055730
D,DISPATCH,UNIT_SCADA,1,"2022/10/20 22:50:00",FINLYSF1,0
D,DISPATCH,UNIT_SCADA,1,"2022/10/20 22:50:00",FISHER,43.80
D,DISPATCH,UNIT_SCADA,1,"2022/10/20 22:50:00",GANGARR1,0
D,DISPATCH,UNIT_SCADA,1,"2022/10/20 22:50:00",GANNBG1,0
D,DISPATCH,UNIT_SCADA,1,"2022/10/20 22:50:00",GANNBL1,0.624210
D,DISPATCH,UNIT_SCADA,1,"2022/10/20 22:50:00",GANNSF1,0
D,DISPATCH,UNIT_SCADA,1,"2022/10/20 22:50:00",GLRWNSF1,0
D,DISPATCH,UNIT_SCADA,1,"2022/10/20 22:50:00",GNNDHSF1,0
D,DISPATCH,UNIT_SCADA,1,"2022/10/20 22:50:00",GOONSF1,0
D,DISPATCH,UNIT_SCADA,1,"2022/10/20 22:50:00",GORDON,237.4081
D,DISPATCH,UNIT_SCADA,1,"2022/10/20 22:50:00",GRANWF1,0
D,DISPATCH,UNIT_SCADA,1,"2022/10/20 22:50:00",GSTONE1,203.524990
D,DISPATCH,UNIT_SCADA,1,"2022/10/20 22:50:00",GSTONE2,0
D,DISPATCH,UNIT_SCADA,1,"2022/10/20 22:50:00",GSTONE3,140.1750
D,DISPATCH,UNIT_SCADA,1,"2022/10/20 22:50:00",GSTONE4,0
D,DISPATCH,UNIT_SCADA,1,"2022/10/20 22:50:00",GSTONE5,202.8250
D,DISPATCH,UNIT_SCADA,1,"2022/10/20 22:50:00",GSTONE6,202.649990
D,DISPATCH,UNIT_SCADA,1,"2022/10/20 22:50:00",GULLRSF1,0
D,DISPATCH,UNIT_SCADA,1,"2022/10/20 22:50:00",GULLRWF1,65.7140
D,DISPATCH,UNIT_SCADA,1,"2022/10/20 22:50:00",GULLRWF2,94.956030
D,DISPATCH,UNIT_SCADA,1,"2022/10/20 22:50:00",GUNNING1,0
D,DISPATCH,UNIT_SCADA,1,"2022/10/20 22:50:00",GUTHEGA,67.50
D,DISPATCH,UNIT_SCADA,1,"2022/10/20 22:50:00",HALLWF1,18.25
D,DISPATCH,UNIT_SCADA,1,"2022/10/20 22:50:00",HALLWF2,6.31
D,DISPATCH,UNIT_SCADA,1,"2022/10/20 22:50:00",HAMISF1,0
D,DISPATCH,UNIT_SCADA,1,"2022/10/20 22:50:00",HAUGHT11,0
D,DISPATCH,UNIT_SCADA,1,"2022/10/20 22:50:00",HAYMSF1,0
D,DISPATCH,UNIT_SCADA,1,"2022/10/20 22:50:00",HDWF1,24
D,DISPATCH,UNIT_SCADA,1,"2022/10/20 22:50:00",HDWF2,7.60
D,DISPATCH,UNIT_SCADA,1,"2022/10/20 22:50:00",HDWF3,15.50
D,DISPATCH,UNIT_SCADA,1,"2022/10/20 22:50:00",HILLSTN1,0
D,DISPATCH,UNIT_SCADA,1,"2022/10/20 22:50:00",HPRG1,0
D,DISPATCH,UNIT_SCADA,1,"2022/10/20 22:50:00",HPRL1,0.10
D,DISPATCH,UNIT_SCADA,1,"2022/10/20 22:50:00",HUMENSW,54.549050
D,DISPATCH,UNIT_SCADA,1,"2022/10/20 22:50:00",HUMEV,0
D,DISPATCH,UNIT_SCADA,1,"2022/10/20 22:50:00",HVWWBA1G,0
D,DISPATCH,UNIT_SCADA,1,"2022/10/20 22:50:00",HVWWBA1L,0.0060
D,DISPATCH,UNIT_SCADA,1,"2022/10/20 22:50:00",HVWWPV1,0
D,DISPATCH,UNIT_SCADA,1,"2022/10/20 22:50:00",JBUTTERS,0
D,DISPATCH,UNIT_SCADA,1,"2022/10/20 22:50:00",JEMALNG1,0
D,DISPATCH,UNIT_SCADA,1,"2022/10/20 22:50:00",JLA01,0
D,DISPATCH,UNIT_SCADA,1,"2022/10/20 22:50:00",JLA02,0
D,DISPATCH,UNIT_SCADA,1,"2022/10/20 22:50:00",JLA03,0
D,DISPATCH,UNIT_SCADA,1,"2022/10/20 22:50:00",JLA04,0
D,DISPATCH,UNIT_SCADA,1,"2022/10/20 22:50:00",JLB01,0
D,DISPATCH,UNIT_SCADA,1,"2022/10/20 22:50:00",JLB02,0.10
D,DISPATCH,UNIT_SCADA,1,"2022/10/20 22:50:00",JLB03,0
D,DISPATCH,UNIT_SCADA,1,"2022/10/20 22:50:00",JUNEESF1,0
D,DISPATCH,UNIT_SCADA,1,"2022/10/20 22:50:00",KABANWF1,0.4150
D,DISPATCH,UNIT_SCADA,1,"2022/10/20 22:50:00",KAREEYA1,0
D,DISPATCH,UNIT_SCADA,1,"2022/10/20 22:50:00",KAREEYA2,0
D,DISPATCH,UNIT_SCADA,1,"2022/10/20 22:50:00",KAREEYA3,4.8075
D,DISPATCH,UNIT_SCADA,1,"2022/10/20 22:50:00",KAREEYA4,0
D,DISPATCH,UNIT_SCADA,1,"2022/10/20 22:50:00",KARSF1,0
D,DISPATCH,UNIT_SCADA,1,"2022/10/20 22:50:00",KEPSF1,0
D,DISPATCH,UNIT_SCADA,1,"2022/10/20 22:50:00",KEPWF1,1.15
D,DISPATCH,UNIT_SCADA,1,"2022/10/20 22:50:00",KIAMSF1,0
D,DISPATCH,UNIT_SCADA,1,"2022/10/20 22:50:00",KIATAWF1,7
D,DISPATCH,UNIT_SCADA,1,"2022/10/20 22:50:00",KPP_1,0
D,DISPATCH,UNIT_SCADA,1,"2022/10/20 22:50:00",KSP1,0
D,DISPATCH,UNIT_SCADA,1,"2022/10/20 22:50:00",LADBROK1,0.01
D,DISPATCH,UNIT_SCADA,1,"2022/10/20 22:50:00",LADBROK2,0.02
D,DISPATCH,UNIT_SCADA,1,"2022/10/20 22:50:00",LBBG1,0
D,DISPATCH,UNIT_SCADA,1,"2022/10/20 22:50:00",LBBL1,0
D,DISPATCH,UNIT_SCADA,1,"2022/10/20 22:50:00",LD01,352.708530
D,DISPATCH,UNIT_SCADA,1,"2022/10/20 22:50:00",LD02,0
D,DISPATCH,UNIT_SCADA,1,"2022/10/20 22:50:00",LD04,314.4566
D,DISPATCH,UNIT_SCADA,1,"2022/10/20 22:50:00",LEM_WIL,87.153430
D,DISPATCH,UNIT_SCADA,1,"2022/10/20 22:50:00",LGAPWF1,95.80
D,DISPATCH,UNIT_SCADA,1,"2022/10/20 22:50:00",LGAPWF2,59.70
D,DISPATCH,UNIT_SCADA,1,"2022/10/20 22:50:00",LILYSF1,0
D,DISPATCH,UNIT_SCADA,1,"2022/10/20 22:50:00",LIMOSF11,0
D,DISPATCH,UNIT_SCADA,1,"2022/10/20 22:50:00",LIMOSF21,0
D,DISPATCH,UNIT_SCADA,1,"2022/10/20 22:50:00",LI_WY_CA,56.299520
D,DISPATCH,UNIT_SCADA,1,"2022/10/20 22:50:00",LKBONNY1,18.576360
D,DISPATCH,UNIT_SCADA,1,"2022/10/20 22:50:00",LKBONNY2,44.961390
D,DISPATCH,UNIT_SCADA,1,"2022/10/20 22:50:00",LKBONNY3,10.829480
D,DISPATCH,UNIT_SCADA,1,"2022/10/20 22:50:00",LK_ECHO,0
D,DISPATCH,UNIT_SCADA,1,"2022/10/20 22:50:00",LNGS1,0
D,DISPATCH,UNIT_SCADA,1,"2022/10/20 22:50:00",LNGS2,0
D,DISPATCH,UNIT_SCADA,1,"2022/10/20 22:50:00",LONSDALE,0
D,DISPATCH,UNIT_SCADA,1,"2022/10/20 22:50:00",LOYYB1,580.8266
D,DISPATCH,UNIT_SCADA,1,"2022/10/20 22:50:00",LOYYB2,574.8114
D,DISPATCH,UNIT_SCADA,1,"2022/10/20 22:50:00",LYA1,559
D,DISPATCH,UNIT_SCADA,1,"2022/10/20 22:50:00",LYA2,0
D,DISPATCH,UNIT_SCADA,1,"2022/10/20 22:50:00",LYA3,558
D,DISPATCH,UNIT_SCADA,1,"2022/10/20 22:50:00",LYA4,557
D,DISPATCH,UNIT_SCADA,1,"2022/10/20 22:50:00",MACARTH1,97.797740
D,DISPATCH,UNIT_SCADA,1,"2022/10/20 22:50:00",MACKNTSH,0
D,DISPATCH,UNIT_SCADA,1,"2022/10/20 22:50:00",MANSLR1,0
D,DISPATCH,UNIT_SCADA,1,"2022/10/20 22:50:00",MAPS2PV1,0
D,DISPATCH,UNIT_SCADA,1,"2022/10/20 22:50:00",MAPS3PV1,0
D,DISPATCH,UNIT_SCADA,1,"2022/10/20 22:50:00",MARYRSF1,0
D,DISPATCH,UNIT_SCADA,1,"2022/10/20 22:50:00",MBPS2PV1,0
D,DISPATCH,UNIT_SCADA,1,"2022/10/20 22:50:00",MCKAY1,227.2550
D,DISPATCH,UNIT_SCADA,1,"2022/10/20 22:50:00",MEADOWBK,6.116120
D,DISPATCH,UNIT_SCADA,1,"2022/10/20 22:50:00",MERCER01,19.60
D,DISPATCH,UNIT_SCADA,1,"2022/10/20 22:50:00",METZSF1,0
D,DISPATCH,UNIT_SCADA,1,"2022/10/20 22:50:00",MEWF1,0
D,DISPATCH,UNIT_SCADA,1,"2022/10/20 22:50:00",MIDDLSF1,0
D,DISPATCH,UNIT_SCADA,1,"2022/10/20 22:50:00",MINTARO,0.128180
D,DISPATCH,UNIT_SCADA,1,"2022/10/20 22:50:00",MOLNGSF1,0
D,DISPATCH,UNIT_SCADA,1,"2022/10/20 22:50:00",MOORAWF1,0
D,DISPATCH,UNIT_SCADA,1,"2022/10/20 22:50:00",MOREESF1,0
D,DISPATCH,UNIT_SCADA,1,"2022/10/20 22:50:00",MORTLK11,0
D,DISPATCH,UNIT_SCADA,1,"2022/10/20 22:50:00",MORTLK12,0
D,DISPATCH,UNIT_SCADA,1,"2022/10/20 22:50:00",MOUSF1,0
D,DISPATCH,UNIT_SCADA,1,"2022/10/20 22:50:00",MP1,0
D,DISPATCH,UNIT_SCADA,1,"2022/10/20 22:50:00",MP2,349.822240
D,DISPATCH,UNIT_SCADA,1,"2022/10/20 22:50:00",MPP_1,190.0851
D,DISPATCH,UNIT_SCADA,1,"2022/10/20 22:50:00",MPP_2,178.747450
D,DISPATCH,UNIT_SCADA,1,"2022/10/20 22:50:00",MRTLSWF1,0
D,DISPATCH,UNIT_SCADA,1,"2022/10/20 22:50:00",MSTUART1,0
D,DISPATCH,UNIT_SCADA,1,"2022/10/20 22:50:00",MSTUART2,0
D,DISPATCH,UNIT_SCADA,1,"2022/10/20 22:50:00",MSTUART3,0
D,DISPATCH,UNIT_SCADA,1,"2022/10/20 22:50:00",MTGELWF1,48.840290
D,DISPATCH,UNIT_SCADA,1,"2022/10/20 22:50:00",MTMILLAR,18.70
D,DISPATCH,UNIT_SCADA,1,"2022/10/20 22:50:00",MURRAY,0
D,DISPATCH,UNIT_SCADA,1,"2022/10/20 22:50:00",MUSSELR1,18.30
D,DISPATCH,UNIT_SCADA,1,"2022/10/20 22:50:00",MUWAWF1,92.92
D,DISPATCH,UNIT_SCADA,1,"2022/10/20 22:50:00",MUWAWF2,102.30
D,DISPATCH,UNIT_SCADA,1,"2022/10/20 22:50:00",MWPS1PV1,0
D,DISPATCH,UNIT_SCADA,1,"2022/10/20 22:50:00",MWPS2PV1,0
D,DISPATCH,UNIT_SCADA,1,"2022/10/20 22:50:00",MWPS3PV1,0
D,DISPATCH,UNIT_SCADA,1,"2022/10/20 22:50:00",MWPS4PV1,0
D,DISPATCH,UNIT_SCADA,1,"2022/10/20 22:50:00",NBHWF1,30.90
D,DISPATCH,UNIT_SCADA,1,"2022/10/20 22:50:00",NEVERSF1,0
D,DISPATCH,UNIT_SCADA,1,"2022/10/20 22:50:00",NPS,0
D,DISPATCH,UNIT_SCADA,1,"2022/10/20 22:50:00",NUMURSF1,0
D,DISPATCH,UNIT_SCADA,1,"2022/10/20 22:50:00",NYNGAN1,0
D,DISPATCH,UNIT_SCADA,1,"2022/10/20 22:50:00",OAKEY1,0
D,DISPATCH,UNIT_SCADA,1,"2022/10/20 22:50:00",OAKEY1SF,0
D,DISPATCH,UNIT_SCADA,1,"2022/10/20 22:50:00",OAKEY2,0
D,DISPATCH,UNIT_SCADA,1,"2022/10/20 22:50:00",OAKEY2SF,0
D,DISPATCH,UNIT_SCADA,1,"2022/10/20 22:50:00",OAKLAND1,3.90
D,DISPATCH,UNIT_SCADA,1,"2022/10/20 22:50:00",OSB-AG,179.59
D,DISPATCH,UNIT_SCADA,1,"2022/10/20 22:50:00",PAREPS1,0
D,DISPATCH,UNIT_SCADA,1,"2022/10/20 22:50:00",PAREPW1,51.93
D,DISPATCH,UNIT_SCADA,1,"2022/10/20 22:50:00",PARSF1,0.001530
D,DISPATCH,UNIT_SCADA,1,"2022/10/20 22:50:00",POAT110,3.40
D,DISPATCH,UNIT_SCADA,1,"2022/10/20 22:50:00",POAT220,0
D,DISPATCH,UNIT_SCADA,1,"2022/10/20 22:50:00",POR01,0
D,DISPATCH,UNIT_SCADA,1,"2022/10/20 22:50:00",POR03,0
D,DISPATCH,UNIT_SCADA,1,"2022/10/20 22:50:00",PPCCGT,164.156680
D,DISPATCH,UNIT_SCADA,1,"2022/10/20 22:50:00",PTSTAN1,0
D,DISPATCH,UNIT_SCADA,1,"2022/10/20 22:50:00",PUMP1,0
D,DISPATCH,UNIT_SCADA,1,"2022/10/20 22:50:00",PUMP2,0
D,DISPATCH,UNIT_SCADA,1,"2022/10/20 22:50:00",QBYNBG1,0.0055
D,DISPATCH,UNIT_SCADA,1,"2022/10/20 22:50:00",QBYNBL1,0
D,DISPATCH,UNIT_SCADA,1,"2022/10/20 22:50:00",QPS1,0
D,DISPATCH,UNIT_SCADA,1,"2022/10/20 22:50:00",QPS2,0
D,DISPATCH,UNIT_SCADA,1,"2022/10/20 22:50:00",QPS3,0
D,DISPATCH,UNIT_SCADA,1,"2022/10/20 22:50:00",QPS4,0
D,DISPATCH,UNIT_SCADA,1,"2022/10/20 22:50:00",QPS5,0
D,DISPATCH,UNIT_SCADA,1,"2022/10/20 22:50:00",REECE1,0
D,DISPATCH,UNIT_SCADA,1,"2022/10/20 22:50:00",REECE2,0
D,DISPATCH,UNIT_SCADA,1,"2022/10/20 22:50:00",ROMA_7,0
D,DISPATCH,UNIT_SCADA,1,"2022/10/20 22:50:00",ROMA_8,0
D,DISPATCH,UNIT_SCADA,1,"2022/10/20 22:50:00",RRSF1,0
D,DISPATCH,UNIT_SCADA,1,"2022/10/20 22:50:00",RT_NSW1,0
D,DISPATCH,UNIT_SCADA,1,"2022/10/20 22:50:00",RT_NSW2,0
D,DISPATCH,UNIT_SCADA,1,"2022/10/20 22:50:00",RT_NSW3,0
D,DISPATCH,UNIT_SCADA,1,"2022/10/20 22:50:00",RT_NSW4,0
D,DISPATCH,UNIT_SCADA,1,"2022/10/20 22:50:00",RT_NSW5,0
D,DISPATCH,UNIT_SCADA,1,"2022/10/20 22:50:00",RT_NSW6,0
D,DISPATCH,UNIT_SCADA,1,"2022/10/20 22:50:00",RT_QLD1,0
D,DISPATCH,UNIT_SCADA,1,"2022/10/20 22:50:00",RT_SA1,0
D,DISPATCH,UNIT_SCADA,1,"2022/10/20 22:50:00",RT_SA2,0
D,DISPATCH,UNIT_SCADA,1,"2022/10/20 22:50:00",RT_SA3,0
D,DISPATCH,UNIT_SCADA,1,"2022/10/20 22:50:00",RT_SA4,0
D,DISPATCH,UNIT_SCADA,1,"2022/10/20 22:50:00",RT_SA5,0
D,DISPATCH,UNIT_SCADA,1,"2022/10/20 22:50:00",RT_SA6,0
D,DISPATCH,UNIT_SCADA,1,"2022/10/20 22:50:00",RT_TAS1,0
D,DISPATCH,UNIT_SCADA,1,"2022/10/20 22:50:00",RT_VIC1,0
D,DISPATCH,UNIT_SCADA,1,"2022/10/20 22:50:00",RT_VIC10,0
D,DISPATCH,UNIT_SCADA,1,"2022/10/20 22:50:00",RT_VIC11,0
D,DISPATCH,UNIT_SCADA,1,"2022/10/20 22:50:00",RT_VIC12,0
D,DISPATCH,UNIT_SCADA,1,"2022/10/20 22:50:00",RT_VIC2,0
D,DISPATCH,UNIT_SCADA,1,"2022/10/20 22:50:00",RT_VIC3,0
D,DISPATCH,UNIT_SCADA,1,"2022/10/20 22:50:00",RT_VIC4,0
D,DISPATCH,UNIT_SCADA,1,"2022/10/20 22:50:00",RT_VIC5,0
D,DISPATCH,UNIT_SCADA,1,"2022/10/20 22:50:00",RT_VIC6,0
D,DISPATCH,UNIT_SCADA,1,"2022/10/20 22:50:00",RT_VIC7,0
D,DISPATCH,UNIT_SCADA,1,"2022/10/20 22:50:00",RT_VIC8,0
D,DISPATCH,UNIT_SCADA,1,"2022/10/20 22:50:00",RT_VIC9,0
D,DISPATCH,UNIT_SCADA,1,"2022/10/20 22:50:00",RUGBYR1,0
D,DISPATCH,UNIT_SCADA,1,"2022/10/20 22:50:00",SALTCRK1,30.98
D,DISPATCH,UNIT_SCADA,1,"2022/10/20 22:50:00",SAPHWF1,227.800420
D,DISPATCH,UNIT_SCADA,1,"2022/10/20 22:50:00",SEBSF1,0
D,DISPATCH,UNIT_SCADA,1,"2022/10/20 22:50:00",SHGEN,0
D,DISPATCH,UNIT_SCADA,1,"2022/10/20 22:50:00",SHPUMP,0
D,DISPATCH,UNIT_SCADA,1,"2022/10/20 22:50:00",SITHE01,0.133760
D,DISPATCH,UNIT_SCADA,1,"2022/10/20 22:50:00",SMCSF1,0
D,DISPATCH,UNIT_SCADA,1,"2022/10/20 22:50:00",SNAPPER1,0
D,DISPATCH,UNIT_SCADA,1,"2022/10/20 22:50:00",SNOWNTH1,47.60
D,DISPATCH,UNIT_SCADA,1,"2022/10/20 22:50:00",SNOWSTH1,48.60
D,DISPATCH,UNIT_SCADA,1,"2022/10/20 22:50:00",SNOWTWN1,50.2838
D,DISPATCH,UNIT_SCADA,1,"2022/10/20 22:50:00",SNOWYP,0
D,DISPATCH,UNIT_SCADA,1,"2022/10/20 22:50:00",SNUG1,0
D,DISPATCH,UNIT_SCADA,1,"2022/10/20 22:50:00",SRSF1,0
D,DISPATCH,UNIT_SCADA,1,"2022/10/20 22:50:00",STAN-1,279.774110
D,DISPATCH,UNIT_SCADA,1,"2022/10/20 22:50:00",STAN-2,361.167140
D,DISPATCH,UNIT_SCADA,1,"2022/10/20 22:50:00",STAN-3,364.153690
D,DISPATCH,UNIT_SCADA,1,"2022/10/20 22:50:00",STAN-4,365.3714
D,DISPATCH,UNIT_SCADA,1,"2022/10/20 22:50:00",STARHLWF,24.6928
D,DISPATCH,UNIT_SCADA,1,"2022/10/20 22:50:00",STOCKYD1,99.21
D,DISPATCH,UNIT_SCADA,1,"2022/10/20 22:50:00",STWF1,26.834520
D,DISPATCH,UNIT_SCADA,1,"2022/10/20 22:50:00",SUNRSF1,0
D,DISPATCH,UNIT_SCADA,1,"2022/10/20 22:50:00",SUNTPSF1,0
D,DISPATCH,UNIT_SCADA,1,"2022/10/20 22:50:00",SWAN_E,290.706880
D,DISPATCH,UNIT_SCADA,1,"2022/10/20 22:50:00",TALWA1,0
D,DISPATCH,UNIT_SCADA,1,"2022/10/20 22:50:00",TARALGA1,0
D,DISPATCH,UNIT_SCADA,1,"2022/10/20 22:50:00",TARONG#1,350.399990
D,DISPATCH,UNIT_SCADA,1,"2022/10/20 22:50:00",TARONG#2,349.100010
D,DISPATCH,UNIT_SCADA,1,"2022/10/20 22:50:00",TARONG#3,0.90
D,DISPATCH,UNIT_SCADA,1,"2022/10/20 22:50:00",TARONG#4,226
D,DISPATCH,UNIT_SCADA,1,"2022/10/20 22:50:00",TARRALEA,54
D,DISPATCH,UNIT_SCADA,1,"2022/10/20 22:50:00",TBSF1,0
D,DISPATCH,UNIT_SCADA,1,"2022/10/20 22:50:00",TNPS1,349.3750
D,DISPATCH,UNIT_SCADA,1,"2022/10/20 22:50:00",TORRB1,0
D,DISPATCH,UNIT_SCADA,1,"2022/10/20 22:50:00",TORRB2,63
D,DISPATCH,UNIT_SCADA,1,"2022/10/20 22:50:00",TORRB3,0
D,DISPATCH,UNIT_SCADA,1,"2022/10/20 22:50:00",TORRB4,0
D,DISPATCH,UNIT_SCADA,1,"2022/10/20 22:50:00",TREVALLN,98.011730
D,DISPATCH,UNIT_SCADA,1,"2022/10/20 22:50:00",TRIBUTE,0
D,DISPATCH,UNIT_SCADA,1,"2022/10/20 22:50:00",TUMUT3,135.52
D,DISPATCH,UNIT_SCADA,1,"2022/10/20 22:50:00",TUNGATIN,5.690020
D,DISPATCH,UNIT_SCADA,1,"2022/10/20 22:50:00",TVCC201,0
D,DISPATCH,UNIT_SCADA,1,"2022/10/20 22:50:00",TVPP104,0
D,DISPATCH,UNIT_SCADA,1,"2022/10/20 22:50:00",UPPTUMUT,0
D,DISPATCH,UNIT_SCADA,1,"2022/10/20 22:50:00",URANQ11,0
D,DISPATCH,UNIT_SCADA,1,"2022/10/20 22:50:00",URANQ12,0
D,DISPATCH,UNIT_SCADA,1,"2022/10/20 22:50:00",URANQ13,0
D,DISPATCH,UNIT_SCADA,1,"2022/10/20 22:50:00",URANQ14,0
D,DISPATCH,UNIT_SCADA,1,"2022/10/20 22:50:00",VBBG1,6.90
D,DISPATCH,UNIT_SCADA,1,"2022/10/20 22:50:00",VBBL1,0
D,DISPATCH,UNIT_SCADA,1,"2022/10/20 22:50:00",VP5,561.809140
D,DISPATCH,UNIT_SCADA,1,"2022/10/20 22:50:00",VP6,601.776180
D,DISPATCH,UNIT_SCADA,1,"2022/10/20 22:50:00",VPGS1,0
D,DISPATCH,UNIT_SCADA,1,"2022/10/20 22:50:00",VPGS2,0
D,DISPATCH,UNIT_SCADA,1,"2022/10/20 22:50:00",VPGS3,0
D,DISPATCH,UNIT_SCADA,1,"2022/10/20 22:50:00",VPGS4,0
D,DISPATCH,UNIT_SCADA,1,"2022/10/20 22:50:00",VPGS5,0
D,DISPATCH,UNIT_SCADA,1,"2022/10/20 22:50:00",VPGS6,0
D,DISPATCH,UNIT_SCADA,1,"2022/10/20 22:50:00",W/HOE#1,0
D,DISPATCH,UNIT_SCADA,1,"2022/10/20 22:50:00",W/HOE#2,0
D,DISPATCH,UNIT_SCADA,1,"2022/10/20 22:50:00",WAGGNSF1,0
D,DISPATCH,UNIT_SCADA,1,"2022/10/20 22:50:00",WALGRVG1,0.023270
D,DISPATCH,UNIT_SCADA,1,"2022/10/20 22:50:00",WALGRVL1,0
D,DISPATCH,UNIT_SCADA,1,"2022/10/20 22:50:00",WANDBG1,0
D,DISPATCH,UNIT_SCADA,1,"2022/10/20 22:50:00",WANDBL1,-0.003380
D,DISPATCH,UNIT_SCADA,1,"2022/10/20 22:50:00",WARWSF1,0
D,DISPATCH,UNIT_SCADA,1,"2022/10/20 22:50:00",WARWSF2,0
D,DISPATCH,UNIT_SCADA,1,"2022/10/20 22:50:00",WATERLWF,34.90
D,DISPATCH,UNIT_SCADA,1,"2022/10/20 22:50:00",WDGPH1,0
D,DISPATCH,UNIT_SCADA,1,"2022/10/20 22:50:00",WELLSF1,0
D,DISPATCH,UNIT_SCADA,1,"2022/10/20 22:50:00",WEMENSF1,0
D,DISPATCH,UNIT_SCADA,1,"2022/10/20 22:50:00",WGWF1,6.70
D,DISPATCH,UNIT_SCADA,1,"2022/10/20 22:50:00",WHITSF1,0
D,DISPATCH,UNIT_SCADA,1,"2022/10/20 22:50:00",WINTSF1,0
D,DISPATCH,UNIT_SCADA,1,"2022/10/20 22:50:00",WKIEWA1,33.80
D,DISPATCH,UNIT_SCADA,1,"2022/10/20 22:50:00",WKIEWA2,34
D,DISPATCH,UNIT_SCADA,1,"2022/10/20 22:50:00",WOODLWN1,38.703230
D,DISPATCH,UNIT_SCADA,1,"2022/10/20 22:50:00",WOOLGSF1,0
D,DISPATCH,UNIT_SCADA,1,"2022/10/20 22:50:00",WPWF,51.31
D,DISPATCH,UNIT_SCADA,1,"2022/10/20 22:50:00",WRSF1,0
D,DISPATCH,UNIT_SCADA,1,"2022/10/20 22:50:00",WRWF1,136.147710
D,DISPATCH,UNIT_SCADA,1,"2022/10/20 22:50:00",WSTWYSF1,0
D,DISPATCH,UNIT_SCADA,1,"2022/10/20 22:50:00",YABULU,0
D,DISPATCH,UNIT_SCADA,1,"2022/10/20 22:50:00",YABULU2,0
D,DISPATCH,UNIT_SCADA,1,"2022/10/20 22:50:00",YARANSF1,0
D,DISPATCH,UNIT_SCADA,1,"2022/10/20 22:50:00",YARWUN_1,164.14
D,DISPATCH,UNIT_SCADA,1,"2022/10/20 22:50:00",YATSF1,0
D,DISPATCH,UNIT_SCADA,1,"2022/10/20 22:50:00",YENDWF1,3.74
D,DISPATCH,UNIT_SCADA,1,"2022/10/20 22:50:00",YWPS1,288.468350
D,DISPATCH,UNIT_SCADA,1,"2022/10/20 22:50:00",YWPS2,358.645570
D,DISPATCH,UNIT_SCADA,1,"2022/10/20 22:50:00",YWPS3,357.130370
D,DISPATCH,UNIT_SCADA,1,"2022/10/20 22:50:00",YWPS4,0
C,"END OF REPORT",419
