C,NEMP.WORLD,DISPATCHSCADA,AEMO,PUBLIC,2022/10/20,08:30:11,0000000373240711,DISPATCHSCADA,0000000373240705
I,DISPATCH,UNIT_SCADA,1,SETTLEMENTDATE,DUID,SCADAVALUE
D,DISPATCH,UNIT_SCADA,1,"2022/10/20 08:35:00",BARCSF1,5.40
D,DISPATCH,UNIT_SCADA,1,"2022/10/20 08:35:00",BUTLERSG,8.699999
D,DISPATCH,UNIT_SCADA,1,"2022/10/20 08:35:00",CAPTL_WF,54.856308
D,DISPATCH,UNIT_SCADA,1,"2022/10/20 08:35:00",CHALLHWF,3.40
D,DISPATCH,UNIT_SCADA,1,"2022/10/20 08:35:00",CLOVER,13.29
D,DISPATCH,UNIT_SCADA,1,"2022/10/20 08:35:00",CLUNY,6.215152
D,DISPATCH,UNIT_SCADA,1,"2022/10/20 08:35:00",CULLRGWF,-0.03
D,DISPATCH,UNIT_SCADA,1,"2022/10/20 08:35:00",DIAPURWF1,7.30
D,DISPATCH,UNIT_SCADA,1,"2022/10/20 08:35:00",ERGT01,0
D,DISPATCH,UNIT_SCADA,1,"2022/10/20 08:35:00",GB01,0
D,DISPATCH,UNIT_SCADA,1,"2022/10/20 08:35:00",GERMCRK,19.40
D,DISPATCH,UNIT_SCADA,1,"2022/10/20 08:35:00",GRIFSF1,1.499962
D,DISPATCH,UNIT_SCADA,1,"2022/10/20 08:35:00",HEZ1,0
D,DISPATCH,UNIT_SCADA,1,"2022/10/20 08:35:00",HUGSF1,2.9030
D,DISPATCH,UNIT_SCADA,1,"2022/10/20 08:35:00",KEPBG1,0.01
D,DISPATCH,UNIT_SCADA,1,"2022/10/20 08:35:00",LRSF1,10.749001
D,DISPATCH,UNIT_SCADA,1,"2022/10/20 08:35:00",MBAHNTH,45.393753
D,DISPATCH,UNIT_SCADA,1,"2022/10/20 08:35:00",MLSP1,6.746001
D,DISPATCH,UNIT_SCADA,1,"2022/10/20 08:35:00",MLWF1,5.16
D,DISPATCH,UNIT_SCADA,1,"2022/10/20 08:35:00",PALOONA,29.939999
D,DISPATCH,UNIT_SCADA,1,"2022/10/20 08:35:00",PIONEER,37.900002
D,DISPATCH,UNIT_SCADA,1,"2022/10/20 08:35:00",PORTWF,61
D,DISPATCH,UNIT_SCADA,1,"2022/10/20 08:35:00",REPULSE,9.568627
D,DISPATCH,UNIT_SCADA,1,"2022/10/20 08:35:00",ROWALLAN,8.9318
D,DISPATCH,UNIT_SCADA,1,"2022/10/20 08:35:00",ROYALLA1,12.990003
D,DISPATCH,UNIT_SCADA,1,"2022/10/20 08:35:00",RPCG,-1.80
D,DISPATCH,UNIT_SCADA,1,"2022/10/20 08:35:00",RUBICON,0
D,DISPATCH,UNIT_SCADA,1,"2022/10/20 08:35:00",WAUBRAWF,20.202999
D,DISPATCH,UNIT_SCADA,1,"2022/10/20 08:35:00",WOOLNTH1,1.12
D,DISPATCH,UNIT_SCADA,1,"2022/10/20 08:35:00",YAMBUKWF,7.20
D,DISPATCH,UNIT_SCADA,1,"2022/10/20 08:35:00",YSWF1,0.90
D,DISPATCH,UNIT_SCADA,1,"2022/10/20 08:35:00",ADPBA1G,0.0080
D,DISPATCH,UNIT_SCADA,1,"2022/10/20 08:35:00",ADPBA1L,0
D,DISPATCH,UNIT_SCADA,1,"2022/10/20 08:35:00",ADPPV1,0.0630
D,DISPATCH,UNIT_SCADA,1,"2022/10/20 08:35:00",AGLHAL,0
D,DISPATCH,UNIT_SCADA,1,"2022/10/20 08:35:00",AGLSOM,0
D,DISPATCH,UNIT_SCADA,1,"2022/10/20 08:35:00",ANGAST1,0
D,DISPATCH,UNIT_SCADA,1,"2022/10/20 08:35:00",ARWF1,6.60
D,DISPATCH,UNIT_SCADA,1,"2022/10/20 08:35:00",BALBG1,0
D,DISPATCH,UNIT_SCADA,1,"2022/10/20 08:35:00",BALBL1,0
D,DISPATCH,UNIT_SCADA,1,"2022/10/20 08:35:00",BALDHWF1,2.0220
D,DISPATCH,UNIT_SCADA,1,"2022/10/20 08:35:00",BANGOWF1,25.798730
D,DISPATCH,UNIT_SCADA,1,"2022/10/20 08:35:00",BANGOWF2,38.499350
D,DISPATCH,UNIT_SCADA,1,"2022/10/20 08:35:00",BANN1,13.41
D,DISPATCH,UNIT_SCADA,1,"2022/10/20 08:35:00",BARCALDN,0
D,DISPATCH,UNIT_SCADA,1,"2022/10/20 08:35:00",BARKIPS1,0
D,DISPATCH,UNIT_SCADA,1,"2022/10/20 08:35:00",BARRON-1,28.04
D,DISPATCH,UNIT_SCADA,1,"2022/10/20 08:35:00",BARRON-2,0
D,DISPATCH,UNIT_SCADA,1,"2022/10/20 08:35:00",BASTYAN,54.810010
D,DISPATCH,UNIT_SCADA,1,"2022/10/20 08:35:00",BBTHREE1,0
D,DISPATCH,UNIT_SCADA,1,"2022/10/20 08:35:00",BBTHREE2,0
D,DISPATCH,UNIT_SCADA,1,"2022/10/20 08:35:00",BBTHREE3,-1.06
D,DISPATCH,UNIT_SCADA,1,"2022/10/20 08:35:00",BDL01,0
D,DISPATCH,UNIT_SCADA,1,"2022/10/20 08:35:00",BDL02,0
D,DISPATCH,UNIT_SCADA,1,"2022/10/20 08:35:00",BERYLSF1,8.611720
D,DISPATCH,UNIT_SCADA,1,"2022/10/20 08:35:00",BLOWERNG,62.50
D,DISPATCH,UNIT_SCADA,1,"2022/10/20 08:35:00",BLUEGSF1,23.1895
D,DISPATCH,UNIT_SCADA,1,"2022/10/20 08:35:00",BLUFF1,17
D,DISPATCH,UNIT_SCADA,1,"2022/10/20 08:35:00",BNGSF1,110.189990
D,DISPATCH,UNIT_SCADA,1,"2022/10/20 08:35:00",BNGSF2,110.579990
D,DISPATCH,UNIT_SCADA,1,"2022/10/20 08:35:00",BOCORWF1,0
D,DISPATCH,UNIT_SCADA,1,"2022/10/20 08:35:00",BODWF1,99.740430
D,DISPATCH,UNIT_SCADA,1,"2022/10/20 08:35:00",BOMENSF1,16.452280
D,DISPATCH,UNIT_SCADA,1,"2022/10/20 08:35:00",BOWWBA1G,0
D,DISPATCH,UNIT_SCADA,1,"2022/10/20 08:35:00",BOWWBA1L,0
D,DISPATCH,UNIT_SCADA,1,"2022/10/20 08:35:00",BOWWPV1,0.0010
D,DISPATCH,UNIT_SCADA,1,"2022/10/20 08:35:00",BRAEMAR1,0
D,DISPATCH,UNIT_SCADA,1,"2022/10/20 08:35:00",BRAEMAR2,0
D,DISPATCH,UNIT_SCADA,1,"2022/10/20 08:35:00",BRAEMAR3,0
D,DISPATCH,UNIT_SCADA,1,"2022/10/20 08:35:00",BRAEMAR5,0.292060
D,DISPATCH,UNIT_SCADA,1,"2022/10/20 08:35:00",BRAEMAR6,0
D,DISPATCH,UNIT_SCADA,1,"2022/10/20 08:35:00",BRAEMAR7,0.130920
D,DISPATCH,UNIT_SCADA,1,"2022/10/20 08:35:00",BROKENH1,5.699910
D,DISPATCH,UNIT_SCADA,1,"2022/10/20 08:35:00",BRYB1WF1,121.0193
D,DISPATCH,UNIT_SCADA,1,"2022/10/20 08:35:00",BULBESG1,0
D,DISPATCH,UNIT_SCADA,1,"2022/10/20 08:35:00",BULBESL1,0.03
D,DISPATCH,UNIT_SCADA,1,"2022/10/20 08:35:00",BULGANA1,9.71
D,DISPATCH,UNIT_SCADA,1,"2022/10/20 08:35:00",BW01,660.1297
D,DISPATCH,UNIT_SCADA,1,"2022/10/20 08:35:00",BW02,619.845890
D,DISPATCH,UNIT_SCADA,1,"2022/10/20 08:35:00",BW03,558.248290
D,DISPATCH,UNIT_SCADA,1,"2022/10/20 08:35:00",BW04,0
D,DISPATCH,UNIT_SCADA,1,"2022/10/20 08:35:00",CALL_B_1,322.600010
D,DISPATCH,UNIT_SCADA,1,"2022/10/20 08:35:00",CALL_B_2,322.200010
D,DISPATCH,UNIT_SCADA,1,"2022/10/20 08:35:00",CATHROCK,0
D,DISPATCH,UNIT_SCADA,1,"2022/10/20 08:35:00",CBWWBA1G,0
D,DISPATCH,UNIT_SCADA,1,"2022/10/20 08:35:00",CBWWBA1L,0
D,DISPATCH,UNIT_SCADA,1,"2022/10/20 08:35:00",CETHANA,98.004880
D,DISPATCH,UNIT_SCADA,1,"2022/10/20 08:35:00",CG1,0
D,DISPATCH,UNIT_SCADA,1,"2022/10/20 08:35:00",CG2,0
D,DISPATCH,UNIT_SCADA,1,"2022/10/20 08:35:00",CG3,0
D,DISPATCH,UNIT_SCADA,1,"2022/10/20 08:35:00",CG4,0
D,DISPATCH,UNIT_SCADA,1,"2022/10/20 08:35:00",CHILDSF1,7.91
D,DISPATCH,UNIT_SCADA,1,"2022/10/20 08:35:00",CHYTWF1,1.47
D,DISPATCH,UNIT_SCADA,1,"2022/10/20 08:35:00",CLARESF1,60.336130
D,DISPATCH,UNIT_SCADA,1,"2022/10/20 08:35:00",CLEMGPWF,10.228970
D,DISPATCH,UNIT_SCADA,1,"2022/10/20 08:35:00",CLERMSF1,6.68
D,DISPATCH,UNIT_SCADA,1,"2022/10/20 08:35:00",CNUNDAWF,0.200230
D,DISPATCH,UNIT_SCADA,1,"2022/10/20 08:35:00",COHUNSF1,2.85
D,DISPATCH,UNIT_SCADA,1,"2022/10/20 08:35:00",COLEASF1,26.899750
D,DISPATCH,UNIT_SCADA,1,"2022/10/20 08:35:00",COLUMSF1,12.9970
D,DISPATCH,UNIT_SCADA,1,"2022/10/20 08:35:00",COLWF01,132.033260
D,DISPATCH,UNIT_SCADA,1,"2022/10/20 08:35:00",COOPGWF1,329.570010
D,DISPATCH,UNIT_SCADA,1,"2022/10/20 08:35:00",CPP_3,362.725010
D,DISPATCH,UNIT_SCADA,1,"2022/10/20 08:35:00",CPP_4,0
D,DISPATCH,UNIT_SCADA,1,"2022/10/20 08:35:00",CPSA,0
D,DISPATCH,UNIT_SCADA,1,"2022/10/20 08:35:00",CROOKWF2,38.823220
D,DISPATCH,UNIT_SCADA,1,"2022/10/20 08:35:00",CROWLWF1,26.703870
D,DISPATCH,UNIT_SCADA,1,"2022/10/20 08:35:00",CRURWF1,55.696730
D,DISPATCH,UNIT_SCADA,1,"2022/10/20 08:35:00",CRWASF1,28.072960
D,DISPATCH,UNIT_SCADA,1,"2022/10/20 08:35:00",CSPVPS1,29.5310
D,DISPATCH,UNIT_SCADA,1,"2022/10/20 08:35:00",CTHLWF1,0.003050
D,DISPATCH,UNIT_SCADA,1,"2022/10/20 08:35:00",DALNTH01,0
D,DISPATCH,UNIT_SCADA,1,"2022/10/20 08:35:00",DALNTHL1,0.102240
D,DISPATCH,UNIT_SCADA,1,"2022/10/20 08:35:00",DARLSF1,46.645920
D,DISPATCH,UNIT_SCADA,1,"2022/10/20 08:35:00",DARTM1,0
D,DISPATCH,UNIT_SCADA,1,"2022/10/20 08:35:00",DAYDSF1,62.5310
D,DISPATCH,UNIT_SCADA,1,"2022/10/20 08:35:00",DDPS1,0
D,DISPATCH,UNIT_SCADA,1,"2022/10/20 08:35:00",DDSF1,13.061120
D,DISPATCH,UNIT_SCADA,1,"2022/10/20 08:35:00",DEVILS_G,58.519850
D,DISPATCH,UNIT_SCADA,1,"2022/10/20 08:35:00",DG_NSW1,0
D,DISPATCH,UNIT_SCADA,1,"2022/10/20 08:35:00",DG_QLD1,0
D,DISPATCH,UNIT_SCADA,1,"2022/10/20 08:35:00",DG_SA1,0
D,DISPATCH,UNIT_SCADA,1,"2022/10/20 08:35:00",DG_TAS1,0
D,DISPATCH,UNIT_SCADA,1,"2022/10/20 08:35:00",DG_VIC1,0
D,DISPATCH,UNIT_SCADA,1,"2022/10/20 08:35:00",DRYCGT1,0
D,DISPATCH,UNIT_SCADA,1,"2022/10/20 08:35:00",DRYCGT2,0
D,DISPATCH,UNIT_SCADA,1,"2022/10/20 08:35:00",DRYCGT3,0
D,DISPATCH,UNIT_SCADA,1,"2022/10/20 08:35:00",DUNDWF1,78.13
D,DISPATCH,UNIT_SCADA,1,"2022/10/20 08:35:00",DUNDWF2,19.55
D,DISPATCH,UNIT_SCADA,1,"2022/10/20 08:35:00",DUNDWF3,68.94
D,DISPATCH,UNIT_SCADA,1,"2022/10/20 08:35:00",EILDON1,60.16
D,DISPATCH,UNIT_SCADA,1,"2022/10/20 08:35:00",EILDON2,59.96
D,DISPATCH,UNIT_SCADA,1,"2022/10/20 08:35:00",ELAINWF1,13.28
D,DISPATCH,UNIT_SCADA,1,"2022/10/20 08:35:00",EMERASF1,0
D,DISPATCH,UNIT_SCADA,1,"2022/10/20 08:35:00",ER01,0
D,DISPATCH,UNIT_SCADA,1,"2022/10/20 08:35:00",ER02,538.667910
D,DISPATCH,UNIT_SCADA,1,"2022/10/20 08:35:00",ER03,538.008730
D,DISPATCH,UNIT_SCADA,1,"2022/10/20 08:35:00",ER04,539.253850
D,DISPATCH,UNIT_SCADA,1,"2022/10/20 08:35:00",FINLYSF1,102.983140
D,DISPATCH,UNIT_SCADA,1,"2022/10/20 08:35:00",FISHER,43.77
D,DISPATCH,UNIT_SCADA,1,"2022/10/20 08:35:00",GANGARR1,21.0350
D,DISPATCH,UNIT_SCADA,1,"2022/10/20 08:35:00",GANNBG1,0.600040
D,DISPATCH,UNIT_SCADA,1,"2022/10/20 08:35:00",GANNBL1,0
D,DISPATCH,UNIT_SCADA,1,"2022/10/20 08:35:00",GANNSF1,25.40
D,DISPATCH,UNIT_SCADA,1,"2022/10/20 08:35:00",GLRWNSF1,110.01
D,DISPATCH,UNIT_SCADA,1,"2022/10/20 08:35:00",GNNDHSF1,34.686890
D,DISPATCH,UNIT_SCADA,1,"2022/10/20 08:35:00",GOONSF1,14.627910
D,DISPATCH,UNIT_SCADA,1,"2022/10/20 08:35:00",GORDON,235.506130
D,DISPATCH,UNIT_SCADA,1,"2022/10/20 08:35:00",GRANWF1,0
D,DISPATCH,UNIT_SCADA,1,"2022/10/20 08:35:00",GSTONE1,177.274990
D,DISPATCH,UNIT_SCADA,1,"2022/10/20 08:35:00",GSTONE2,0
D,DISPATCH,UNIT_SCADA,1,"2022/10/20 08:35:00",GSTONE3,151.20
D,DISPATCH,UNIT_SCADA,1,"2022/10/20 08:35:00",GSTONE4,0
D,DISPATCH,UNIT_SCADA,1,"2022/10/20 08:35:00",GSTONE5,177.099990
D,DISPATCH,UNIT_SCADA,1,"2022/10/20 08:35:00",GSTONE6,178.149990
D,DISPATCH,UNIT_SCADA,1,"2022/10/20 08:35:00",GULLRSF1,0.844990
D,DISPATCH,UNIT_SCADA,1,"2022/10/20 08:35:00",GULLRWF1,65.7740
D,DISPATCH,UNIT_SCADA,1,"2022/10/20 08:35:00",GULLRWF2,85.859710
D,DISPATCH,UNIT_SCADA,1,"2022/10/20 08:35:00",GUNNING1,0
D,DISPATCH,UNIT_SCADA,1,"2022/10/20 08:35:00",GUTHEGA,68.100010
D,DISPATCH,UNIT_SCADA,1,"2022/10/20 08:35:00",HALLWF1,44.77
D,DISPATCH,UNIT_SCADA,1,"2022/10/20 08:35:00",HALLWF2,50.92
D,DISPATCH,UNIT_SCADA,1,"2022/10/20 08:35:00",HAMISF1,43
D,DISPATCH,UNIT_SCADA,1,"2022/10/20 08:35:00",HAUGHT11,18.850820
D,DISPATCH,UNIT_SCADA,1,"2022/10/20 08:35:00",HAYMSF1,18.61
D,DISPATCH,UNIT_SCADA,1,"2022/10/20 08:35:00",HDWF1,69.10
D,DISPATCH,UNIT_SCADA,1,"2022/10/20 08:35:00",HDWF2,41.20
D,DISPATCH,UNIT_SCADA,1,"2022/10/20 08:35:00",HDWF3,56.70
D,DISPATCH,UNIT_SCADA,1,"2022/10/20 08:35:00",HILLSTN1,12.732420
D,DISPATCH,UNIT_SCADA,1,"2022/10/20 08:35:00",HPRG1,16.90
D,DISPATCH,UNIT_SCADA,1,"2022/10/20 08:35:00",HPRL1,0
D,DISPATCH,UNIT_SCADA,1,"2022/10/20 08:35:00",HUMENSW,54.315260
D,DISPATCH,UNIT_SCADA,1,"2022/10/20 08:35:00",HUMEV,0
D,DISPATCH,UNIT_SCADA,1,"2022/10/20 08:35:00",HVWWBA1G,0
D,DISPATCH,UNIT_SCADA,1,"2022/10/20 08:35:00",HVWWBA1L,0.0060
D,DISPATCH,UNIT_SCADA,1,"2022/10/20 08:35:00",HVWWPV1,0.1140
D,DISPATCH,UNIT_SCADA,1,"2022/10/20 08:35:00",JBUTTERS,0
D,DISPATCH,UNIT_SCADA,1,"2022/10/20 08:35:00",JEMALNG1,8.37
D,DISPATCH,UNIT_SCADA,1,"2022/10/20 08:35:00",JLA01,0
D,DISPATCH,UNIT_SCADA,1,"2022/10/20 08:35:00",JLA02,0
D,DISPATCH,UNIT_SCADA,1,"2022/10/20 08:35:00",JLA03,0
D,DISPATCH,UNIT_SCADA,1,"2022/10/20 08:35:00",JLA04,0
D,DISPATCH,UNIT_SCADA,1,"2022/10/20 08:35:00",JLB01,0
D,DISPATCH,UNIT_SCADA,1,"2022/10/20 08:35:00",JLB02,0.10
D,DISPATCH,UNIT_SCADA,1,"2022/10/20 08:35:00",JLB03,0
D,DISPATCH,UNIT_SCADA,1,"2022/10/20 08:35:00",JUNEESF1,3.483520
D,DISPATCH,UNIT_SCADA,1,"2022/10/20 08:35:00",KABANWF1,0
D,DISPATCH,UNIT_SCADA,1,"2022/10/20 08:35:00",KAREEYA1,0
D,DISPATCH,UNIT_SCADA,1,"2022/10/20 08:35:00",KAREEYA2,0
D,DISPATCH,UNIT_SCADA,1,"2022/10/20 08:35:00",KAREEYA3,5
D,DISPATCH,UNIT_SCADA,1,"2022/10/20 08:35:00",KAREEYA4,0
D,DISPATCH,UNIT_SCADA,1,"2022/10/20 08:35:00",KARSF1,10.30
D,DISPATCH,UNIT_SCADA,1,"2022/10/20 08:35:00",KEPSF1,12.25
D,DISPATCH,UNIT_SCADA,1,"2022/10/20 08:35:00",KEPWF1,0
D,DISPATCH,UNIT_SCADA,1,"2022/10/20 08:35:00",KIAMSF1,10.868240
D,DISPATCH,UNIT_SCADA,1,"2022/10/20 08:35:00",KIATAWF1,15.30
D,DISPATCH,UNIT_SCADA,1,"2022/10/20 08:35:00",KPP_1,0
D,DISPATCH,UNIT_SCADA,1,"2022/10/20 08:35:00",KSP1,17.20
D,DISPATCH,UNIT_SCADA,1,"2022/10/20 08:35:00",LADBROK1,0.01
D,DISPATCH,UNIT_SCADA,1,"2022/10/20 08:35:00",LADBROK2,6.47
D,DISPATCH,UNIT_SCADA,1,"2022/10/20 08:35:00",LBBG1,0
D,DISPATCH,UNIT_SCADA,1,"2022/10/20 08:35:00",LBBL1,7.05
D,DISPATCH,UNIT_SCADA,1,"2022/10/20 08:35:00",LD01,325.241850
D,DISPATCH,UNIT_SCADA,1,"2022/10/20 08:35:00",LD02,0
D,DISPATCH,UNIT_SCADA,1,"2022/10/20 08:35:00",LD04,324.033330
D,DISPATCH,UNIT_SCADA,1,"2022/10/20 08:35:00",LEM_WIL,86.869020
D,DISPATCH,UNIT_SCADA,1,"2022/10/20 08:35:00",LGAPWF1,20
D,DISPATCH,UNIT_SCADA,1,"2022/10/20 08:35:00",LGAPWF2,14.97
D,DISPATCH,UNIT_SCADA,1,"2022/10/20 08:35:00",LILYSF1,0
D,DISPATCH,UNIT_SCADA,1,"2022/10/20 08:35:00",LIMOSF11,39.765160
D,DISPATCH,UNIT_SCADA,1,"2022/10/20 08:35:00",LIMOSF21,6.792550
D,DISPATCH,UNIT_SCADA,1,"2022/10/20 08:35:00",LI_WY_CA,77.747150
D,DISPATCH,UNIT_SCADA,1,"2022/10/20 08:35:00",LKBONNY1,0
D,DISPATCH,UNIT_SCADA,1,"2022/10/20 08:35:00",LKBONNY2,0
D,DISPATCH,UNIT_SCADA,1,"2022/10/20 08:35:00",LKBONNY3,0
D,DISPATCH,UNIT_SCADA,1,"2022/10/20 08:35:00",LK_ECHO,0
D,DISPATCH,UNIT_SCADA,1,"2022/10/20 08:35:00",LNGS1,0
D,DISPATCH,UNIT_SCADA,1,"2022/10/20 08:35:00",LNGS2,0
D,DISPATCH,UNIT_SCADA,1,"2022/10/20 08:35:00",LONSDALE,0
D,DISPATCH,UNIT_SCADA,1,"2022/10/20 08:35:00",LOYYB1,538.720280
D,DISPATCH,UNIT_SCADA,1,"2022/10/20 08:35:00",LOYYB2,533.832890
D,DISPATCH,UNIT_SCADA,1,"2022/10/20 08:35:00",LYA1,521
D,DISPATCH,UNIT_SCADA,1,"2022/10/20 08:35:00",LYA2,0
D,DISPATCH,UNIT_SCADA,1,"2022/10/20 08:35:00",LYA3,518
D,DISPATCH,UNIT_SCADA,1,"2022/10/20 08:35:00",LYA4,516
D,DISPATCH,UNIT_SCADA,1,"2022/10/20 08:35:00",MACARTH1,30.999280
D,DISPATCH,UNIT_SCADA,1,"2022/10/20 08:35:00",MACKNTSH,0
D,DISPATCH,UNIT_SCADA,1,"2022/10/20 08:35:00",MANSLR1,5.3010
D,DISPATCH,UNIT_SCADA,1,"2022/10/20 08:35:00",MAPS2PV1,0
D,DISPATCH,UNIT_SCADA,1,"2022/10/20 08:35:00",MAPS3PV1,0
D,DISPATCH,UNIT_SCADA,1,"2022/10/20 08:35:00",MARYRSF1,8.67
D,DISPATCH,UNIT_SCADA,1,"2022/10/20 08:35:00",MBPS2PV1,0
D,DISPATCH,UNIT_SCADA,1,"2022/10/20 08:35:00",MCKAY1,0.02
D,DISPATCH,UNIT_SCADA,1,"2022/10/20 08:35:00",MEADOWBK,19.920260
D,DISPATCH,UNIT_SCADA,1,"2022/10/20 08:35:00",MERCER01,20.60
D,DISPATCH,UNIT_SCADA,1,"2022/10/20 08:35:00",METZSF1,23.118450
D,DISPATCH,UNIT_SCADA,1,"2022/10/20 08:35:00",MEWF1,0
D,DISPATCH,UNIT_SCADA,1,"2022/10/20 08:35:00",MIDDLSF1,5.51
D,DISPATCH,UNIT_SCADA,1,"2022/10/20 08:35:00",MINTARO,0.128180
D,DISPATCH,UNIT_SCADA,1,"2022/10/20 08:35:00",MOLNGSF1,3.4876
D,DISPATCH,UNIT_SCADA,1,"2022/10/20 08:35:00",MOORAWF1,24.90
D,DISPATCH,UNIT_SCADA,1,"2022/10/20 08:35:00",MOREESF1,4.8640
D,DISPATCH,UNIT_SCADA,1,"2022/10/20 08:35:00",MORTLK11,0
D,DISPATCH,UNIT_SCADA,1,"2022/10/20 08:35:00",MORTLK12,0
D,DISPATCH,UNIT_SCADA,1,"2022/10/20 08:35:00",MOUSF1,0
D,DISPATCH,UNIT_SCADA,1,"2022/10/20 08:35:00",MP1,0
D,DISPATCH,UNIT_SCADA,1,"2022/10/20 08:35:00",MP2,357.463960
D,DISPATCH,UNIT_SCADA,1,"2022/10/20 08:35:00",MPP_1,177.068920
D,DISPATCH,UNIT_SCADA,1,"2022/10/20 08:35:00",MPP_2,76.403320
D,DISPATCH,UNIT_SCADA,1,"2022/10/20 08:35:00",MRTLSWF1,0
D,DISPATCH,UNIT_SCADA,1,"2022/10/20 08:35:00",MSTUART1,0
D,DISPATCH,UNIT_SCADA,1,"2022/10/20 08:35:00",MSTUART2,0
D,DISPATCH,UNIT_SCADA,1,"2022/10/20 08:35:00",MSTUART3,0
D,DISPATCH,UNIT_SCADA,1,"2022/10/20 08:35:00",MTGELWF1,42.106390
D,DISPATCH,UNIT_SCADA,1,"2022/10/20 08:35:00",MTMILLAR,1.40
D,DISPATCH,UNIT_SCADA,1,"2022/10/20 08:35:00",MURRAY,0
D,DISPATCH,UNIT_SCADA,1,"2022/10/20 08:35:00",MUSSELR1,95
D,DISPATCH,UNIT_SCADA,1,"2022/10/20 08:35:00",MUWAWF1,98.34
D,DISPATCH,UNIT_SCADA,1,"2022/10/20 08:35:00",MUWAWF2,74.50
D,DISPATCH,UNIT_SCADA,1,"2022/10/20 08:35:00",MWPS1PV1,0.13
D,DISPATCH,UNIT_SCADA,1,"2022/10/20 08:35:00",MWPS2PV1,0
D,DISPATCH,UNIT_SCADA,1,"2022/10/20 08:35:00",MWPS3PV1,0.03
D,DISPATCH,UNIT_SCADA,1,"2022/10/20 08:35:00",MWPS4PV1,0.01
D,DISPATCH,UNIT_SCADA,1,"2022/10/20 08:35:00",NBHWF1,78.40
D,DISPATCH,UNIT_SCADA,1,"2022/10/20 08:35:00",NEVERSF1,3.44
D,DISPATCH,UNIT_SCADA,1,"2022/10/20 08:35:00",NPS,0
D,DISPATCH,UNIT_SCADA,1,"2022/10/20 08:35:00",NUMURSF1,92.85
D,DISPATCH,UNIT_SCADA,1,"2022/10/20 08:35:00",NYNGAN1,13
D,DISPATCH,UNIT_SCADA,1,"2022/10/20 08:35:00",OAKEY1,0
D,DISPATCH,UNIT_SCADA,1,"2022/10/20 08:35:00",OAKEY1SF,3.9860
D,DISPATCH,UNIT_SCADA,1,"2022/10/20 08:35:00",OAKEY2,0
D,DISPATCH,UNIT_SCADA,1,"2022/10/20 08:35:00",OAKEY2SF,7.97
D,DISPATCH,UNIT_SCADA,1,"2022/10/20 08:35:00",OAKLAND1,6.80
D,DISPATCH,UNIT_SCADA,1,"2022/10/20 08:35:00",OSB-AG,0
D,DISPATCH,UNIT_SCADA,1,"2022/10/20 08:35:00",PAREPS1,0.0660
D,DISPATCH,UNIT_SCADA,1,"2022/10/20 08:35:00",PAREPW1,99.84
D,DISPATCH,UNIT_SCADA,1,"2022/10/20 08:35:00",PARSF1,14.000150
D,DISPATCH,UNIT_SCADA,1,"2022/10/20 08:35:00",POAT110,0
D,DISPATCH,UNIT_SCADA,1,"2022/10/20 08:35:00",POAT220,0
D,DISPATCH,UNIT_SCADA,1,"2022/10/20 08:35:00",POR01,0
D,DISPATCH,UNIT_SCADA,1,"2022/10/20 08:35:00",POR03,0
D,DISPATCH,UNIT_SCADA,1,"2022/10/20 08:35:00",PPCCGT,176.236540
D,DISPATCH,UNIT_SCADA,1,"2022/10/20 08:35:00",PTSTAN1,0
D,DISPATCH,UNIT_SCADA,1,"2022/10/20 08:35:00",PUMP1,0
D,DISPATCH,UNIT_SCADA,1,"2022/10/20 08:35:00",PUMP2,0
D,DISPATCH,UNIT_SCADA,1,"2022/10/20 08:35:00",QBYNBG1,0.0075
D,DISPATCH,UNIT_SCADA,1,"2022/10/20 08:35:00",QBYNBL1,0
D,DISPATCH,UNIT_SCADA,1,"2022/10/20 08:35:00",QPS1,0
D,DISPATCH,UNIT_SCADA,1,"2022/10/20 08:35:00",QPS2,0
D,DISPATCH,UNIT_SCADA,1,"2022/10/20 08:35:00",QPS3,0
D,DISPATCH,UNIT_SCADA,1,"2022/10/20 08:35:00",QPS4,0
D,DISPATCH,UNIT_SCADA,1,"2022/10/20 08:35:00",QPS5,77.20
D,DISPATCH,UNIT_SCADA,1,"2022/10/20 08:35:00",REECE1,48.760280
D,DISPATCH,UNIT_SCADA,1,"2022/10/20 08:35:00",REECE2,0
D,DISPATCH,UNIT_SCADA,1,"2022/10/20 08:35:00",ROMA_7,0
D,DISPATCH,UNIT_SCADA,1,"2022/10/20 08:35:00",ROMA_8,0
D,DISPATCH,UNIT_SCADA,1,"2022/10/20 08:35:00",RRSF1,83.888450
D,DISPATCH,UNIT_SCADA,1,"2022/10/20 08:35:00",RT_NSW1,0
D,DISPATCH,UNIT_SCADA,1,"2022/10/20 08:35:00",RT_NSW2,0
D,DISPATCH,UNIT_SCADA,1,"2022/10/20 08:35:00",RT_NSW3,0
D,DISPATCH,UNIT_SCADA,1,"2022/10/20 08:35:00",RT_NSW4,0
D,DISPATCH,UNIT_SCADA,1,"2022/10/20 08:35:00",RT_NSW5,0
D,DISPATCH,UNIT_SCADA,1,"2022/10/20 08:35:00",RT_NSW6,0
D,DISPATCH,UNIT_SCADA,1,"2022/10/20 08:35:00",RT_QLD1,0
D,DISPATCH,UNIT_SCADA,1,"2022/10/20 08:35:00",RT_SA1,0
D,DISPATCH,UNIT_SCADA,1,"2022/10/20 08:35:00",RT_SA2,0
D,DISPATCH,UNIT_SCADA,1,"2022/10/20 08:35:00",RT_SA3,0
D,DISPATCH,UNIT_SCADA,1,"2022/10/20 08:35:00",RT_SA4,0
D,DISPATCH,UNIT_SCADA,1,"2022/10/20 08:35:00",RT_SA5,0
D,DISPATCH,UNIT_SCADA,1,"2022/10/20 08:35:00",RT_SA6,0
D,DISPATCH,UNIT_SCADA,1,"2022/10/20 08:35:00",RT_TAS1,0
D,DISPATCH,UNIT_SCADA,1,"2022/10/20 08:35:00",RT_VIC1,0
D,DISPATCH,UNIT_SCADA,1,"2022/10/20 08:35:00",RT_VIC10,0
D,DISPATCH,UNIT_SCADA,1,"2022/10/20 08:35:00",RT_VIC11,0
D,DISPATCH,UNIT_SCADA,1,"2022/10/20 08:35:00",RT_VIC12,0
D,DISPATCH,UNIT_SCADA,1,"2022/10/20 08:35:00",RT_VIC2,0
D,DISPATCH,UNIT_SCADA,1,"2022/10/20 08:35:00",RT_VIC3,0
D,DISPATCH,UNIT_SCADA,1,"2022/10/20 08:35:00",RT_VIC4,0
D,DISPATCH,UNIT_SCADA,1,"2022/10/20 08:35:00",RT_VIC5,0
D,DISPATCH,UNIT_SCADA,1,"2022/10/20 08:35:00",RT_VIC6,0
D,DISPATCH,UNIT_SCADA,1,"2022/10/20 08:35:00",RT_VIC7,0
D,DISPATCH,UNIT_SCADA,1,"2022/10/20 08:35:00",RT_VIC8,0
D,DISPATCH,UNIT_SCADA,1,"2022/10/20 08:35:00",RT_VIC9,0
D,DISPATCH,UNIT_SCADA,1,"2022/10/20 08:35:00",RUGBYR1,3.6544
D,DISPATCH,UNIT_SCADA,1,"2022/10/20 08:35:00",SALTCRK1,34.60
D,DISPATCH,UNIT_SCADA,1,"2022/10/20 08:35:00",SAPHWF1,244.087890
D,DISPATCH,UNIT_SCADA,1,"2022/10/20 08:35:00",SEBSF1,31.643980
D,DISPATCH,UNIT_SCADA,1,"2022/10/20 08:35:00",SHGEN,0
D,DISPATCH,UNIT_SCADA,1,"2022/10/20 08:35:00",SHPUMP,0
D,DISPATCH,UNIT_SCADA,1,"2022/10/20 08:35:00",SITHE01,0.153860
D,DISPATCH,UNIT_SCADA,1,"2022/10/20 08:35:00",SMCSF1,59.5650
D,DISPATCH,UNIT_SCADA,1,"2022/10/20 08:35:00",SNAPPER1,0
D,DISPATCH,UNIT_SCADA,1,"2022/10/20 08:35:00",SNOWNTH1,122.80
D,DISPATCH,UNIT_SCADA,1,"2022/10/20 08:35:00",SNOWSTH1,100.70
D,DISPATCH,UNIT_SCADA,1,"2022/10/20 08:35:00",SNOWTWN1,0
D,DISPATCH,UNIT_SCADA,1,"2022/10/20 08:35:00",SNOWYP,0
D,DISPATCH,UNIT_SCADA,1,"2022/10/20 08:35:00",SNUG1,0
D,DISPATCH,UNIT_SCADA,1,"2022/10/20 08:35:00",SRSF1,7.41
D,DISPATCH,UNIT_SCADA,1,"2022/10/20 08:35:00",STAN-1,283.747650
D,DISPATCH,UNIT_SCADA,1,"2022/10/20 08:35:00",STAN-2,365.1022
D,DISPATCH,UNIT_SCADA,1,"2022/10/20 08:35:00",STAN-3,156.902690
D,DISPATCH,UNIT_SCADA,1,"2022/10/20 08:35:00",STAN-4,365.794370
D,DISPATCH,UNIT_SCADA,1,"2022/10/20 08:35:00",STARHLWF,0.01
D,DISPATCH,UNIT_SCADA,1,"2022/10/20 08:35:00",STOCKYD1,78.77
D,DISPATCH,UNIT_SCADA,1,"2022/10/20 08:35:00",STWF1,15.035020
D,DISPATCH,UNIT_SCADA,1,"2022/10/20 08:35:00",SUNRSF1,20.549320
D,DISPATCH,UNIT_SCADA,1,"2022/10/20 08:35:00",SUNTPSF1,42.259560
D,DISPATCH,UNIT_SCADA,1,"2022/10/20 08:35:00",SWAN_E,195.804370
D,DISPATCH,UNIT_SCADA,1,"2022/10/20 08:35:00",TALWA1,0
D,DISPATCH,UNIT_SCADA,1,"2022/10/20 08:35:00",TARALGA1,0
D,DISPATCH,UNIT_SCADA,1,"2022/10/20 08:35:00",TARONG#1,349.700010
D,DISPATCH,UNIT_SCADA,1,"2022/10/20 08:35:00",TARONG#2,349.899990
D,DISPATCH,UNIT_SCADA,1,"2022/10/20 08:35:00",TARONG#3,0.90
D,DISPATCH,UNIT_SCADA,1,"2022/10/20 08:35:00",TARONG#4,295
D,DISPATCH,UNIT_SCADA,1,"2022/10/20 08:35:00",TARRALEA,54
D,DISPATCH,UNIT_SCADA,1,"2022/10/20 08:35:00",TBSF1,0.10
D,DISPATCH,UNIT_SCADA,1,"2022/10/20 08:35:00",TNPS1,442.75
D,DISPATCH,UNIT_SCADA,1,"2022/10/20 08:35:00",TORRB1,0
D,DISPATCH,UNIT_SCADA,1,"2022/10/20 08:35:00",TORRB2,44
D,DISPATCH,UNIT_SCADA,1,"2022/10/20 08:35:00",TORRB3,0
D,DISPATCH,UNIT_SCADA,1,"2022/10/20 08:35:00",TORRB4,0
D,DISPATCH,UNIT_SCADA,1,"2022/10/20 08:35:00",TREVALLN,98.261890
D,DISPATCH,UNIT_SCADA,1,"2022/10/20 08:35:00",TRIBUTE,0
D,DISPATCH,UNIT_SCADA,1,"2022/10/20 08:35:00",TUMUT3,0
D,DISPATCH,UNIT_SCADA,1,"2022/10/20 08:35:00",TUNGATIN,8.170020
D,DISPATCH,UNIT_SCADA,1,"2022/10/20 08:35:00",TVCC201,0
D,DISPATCH,UNIT_SCADA,1,"2022/10/20 08:35:00",TVPP104,39.990190
D,DISPATCH,UNIT_SCADA,1,"2022/10/20 08:35:00",UPPTUMUT,0
D,DISPATCH,UNIT_SCADA,1,"2022/10/20 08:35:00",URANQ11,0
D,DISPATCH,UNIT_SCADA,1,"2022/10/20 08:35:00",URANQ12,0
D,DISPATCH,UNIT_SCADA,1,"2022/10/20 08:35:00",URANQ13,0
D,DISPATCH,UNIT_SCADA,1,"2022/10/20 08:35:00",URANQ14,0
D,DISPATCH,UNIT_SCADA,1,"2022/10/20 08:35:00",VBBG1,3.50
D,DISPATCH,UNIT_SCADA,1,"2022/10/20 08:35:00",VBBL1,0
D,DISPATCH,UNIT_SCADA,1,"2022/10/20 08:35:00",VP5,501.846370
D,DISPATCH,UNIT_SCADA,1,"2022/10/20 08:35:00",VP6,451.087980
D,DISPATCH,UNIT_SCADA,1,"2022/10/20 08:35:00",VPGS1,0
D,DISPATCH,UNIT_SCADA,1,"2022/10/20 08:35:00",VPGS2,0
D,DISPATCH,UNIT_SCADA,1,"2022/10/20 08:35:00",VPGS3,0
D,DISPATCH,UNIT_SCADA,1,"2022/10/20 08:35:00",VPGS4,0
D,DISPATCH,UNIT_SCADA,1,"2022/10/20 08:35:00",VPGS5,0
D,DISPATCH,UNIT_SCADA,1,"2022/10/20 08:35:00",VPGS6,0
D,DISPATCH,UNIT_SCADA,1,"2022/10/20 08:35:00",W/HOE#1,0
D,DISPATCH,UNIT_SCADA,1,"2022/10/20 08:35:00",W/HOE#2,0
D,DISPATCH,UNIT_SCADA,1,"2022/10/20 08:35:00",WAGGNSF1,0
D,DISPATCH,UNIT_SCADA,1,"2022/10/20 08:35:00",WALGRVG1,0.000930
D,DISPATCH,UNIT_SCADA,1,"2022/10/20 08:35:00",WALGRVL1,0
D,DISPATCH,UNIT_SCADA,1,"2022/10/20 08:35:00",WANDBG1,1.137280
D,DISPATCH,UNIT_SCADA,1,"2022/10/20 08:35:00",WANDBL1,0
D,DISPATCH,UNIT_SCADA,1,"2022/10/20 08:35:00",WARWSF1,8.99
D,DISPATCH,UNIT_SCADA,1,"2022/10/20 08:35:00",WARWSF2,8.94
D,DISPATCH,UNIT_SCADA,1,"2022/10/20 08:35:00",WATERLWF,5.40
D,DISPATCH,UNIT_SCADA,1,"2022/10/20 08:35:00",WDGPH1,21.1850
D,DISPATCH,UNIT_SCADA,1,"2022/10/20 08:35:00",WELLSF1,24.411380
D,DISPATCH,UNIT_SCADA,1,"2022/10/20 08:35:00",WEMENSF1,42.70
D,DISPATCH,UNIT_SCADA,1,"2022/10/20 08:35:00",WGWF1,106.10
D,DISPATCH,UNIT_SCADA,1,"2022/10/20 08:35:00",WHITSF1,45.40
D,DISPATCH,UNIT_SCADA,1,"2022/10/20 08:35:00",WINTSF1,84.04
D,DISPATCH,UNIT_SCADA,1,"2022/10/20 08:35:00",WKIEWA1,34.30
D,DISPATCH,UNIT_SCADA,1,"2022/10/20 08:35:00",WKIEWA2,34.30
D,DISPATCH,UNIT_SCADA,1,"2022/10/20 08:35:00",WOODLWN1,25.2997
D,DISPATCH,UNIT_SCADA,1,"2022/10/20 08:35:00",WOOLGSF1,13.7216
D,DISPATCH,UNIT_SCADA,1,"2022/10/20 08:35:00",WPWF,55.34
D,DISPATCH,UNIT_SCADA,1,"2022/10/20 08:35:00",WRSF1,1.379440
D,DISPATCH,UNIT_SCADA,1,"2022/10/20 08:35:00",WRWF1,46.345310
D,DISPATCH,UNIT_SCADA,1,"2022/10/20 08:35:00",WSTWYSF1,0
D,DISPATCH,UNIT_SCADA,1,"2022/10/20 08:35:00",YABULU,0
D,DISPATCH,UNIT_SCADA,1,"2022/10/20 08:35:00",YABULU2,0
D,DISPATCH,UNIT_SCADA,1,"2022/10/20 08:35:00",YARANSF1,71.88
D,DISPATCH,UNIT_SCADA,1,"2022/10/20 08:35:00",YARWUN_1,130.56
D,DISPATCH,UNIT_SCADA,1,"2022/10/20 08:35:00",YATSF1,13
D,DISPATCH,UNIT_SCADA,1,"2022/10/20 08:35:00",YENDWF1,24.65
D,DISPATCH,UNIT_SCADA,1,"2022/10/20 08:35:00",YWPS1,365.913910
D,DISPATCH,UNIT_SCADA,1,"2022/10/20 08:35:00",YWPS2,290.974670
D,DISPATCH,UNIT_SCADA,1,"2022/10/20 08:35:00",YWPS3,363.340520
D,DISPATCH,UNIT_SCADA,1,"2022/10/20 08:35:00",YWPS4,0
C,"END OF REPORT",419
