C,NEMP.WORLD,DISPATCHSCADA,AEMO,PUBLIC,2022/10/20,17:15:10,0000000373269647,DISPATCHSCADA,0000000373269641
I,DISPATCH,UNIT_SCADA,1,SETTLEMENTDATE,DUID,SCADAVALUE
D,DISPATCH,UNIT_SCADA,1,"2022/10/20 17:20:00",BARCSF1,8.900001
D,DISPATCH,UNIT_SCADA,1,"2022/10/20 17:20:00",BUTLERSG,8.699999
D,DISPATCH,UNIT_SCADA,1,"2022/10/20 17:20:00",CAPTL_WF,93.255333
D,DISPATCH,UNIT_SCADA,1,"2022/10/20 17:20:00",CHALLHWF,11.50
D,DISPATCH,UNIT_SCADA,1,"2022/10/20 17:20:00",CLOVER,12.86
D,DISPATCH,UNIT_SCADA,1,"2022/10/20 17:20:00",CLUNY,6.329595
D,DISPATCH,UNIT_SCADA,1,"2022/10/20 17:20:00",CULLRGWF,-0.04
D,DISPATCH,UNIT_SCADA,1,"2022/10/20 17:20:00",DIAPURWF1,0.70
D,DISPATCH,UNIT_SCADA,1,"2022/10/20 17:20:00",ERGT01,0
D,DISPATCH,UNIT_SCADA,1,"2022/10/20 17:20:00",GB01,0
D,DISPATCH,UNIT_SCADA,1,"2022/10/20 17:20:00",GERMCRK,20.50
D,DISPATCH,UNIT_SCADA,1,"2022/10/20 17:20:00",GRIFSF1,3.401236
D,DISPATCH,UNIT_SCADA,1,"2022/10/20 17:20:00",HEZ1,0
D,DISPATCH,UNIT_SCADA,1,"2022/10/20 17:20:00",HUGSF1,0.8270
D,DISPATCH,UNIT_SCADA,1,"2022/10/20 17:20:00",KEPBG1,0.01
D,DISPATCH,UNIT_SCADA,1,"2022/10/20 17:20:00",LRSF1,7.8580
D,DISPATCH,UNIT_SCADA,1,"2022/10/20 17:20:00",MBAHNTH,43.556259
D,DISPATCH,UNIT_SCADA,1,"2022/10/20 17:20:00",MLSP1,0.389001
D,DISPATCH,UNIT_SCADA,1,"2022/10/20 17:20:00",MLWF1,6.93
D,DISPATCH,UNIT_SCADA,1,"2022/10/20 17:20:00",PALOONA,30.48
D,DISPATCH,UNIT_SCADA,1,"2022/10/20 17:20:00",PIONEER,28
D,DISPATCH,UNIT_SCADA,1,"2022/10/20 17:20:00",PORTWF,28.50
D,DISPATCH,UNIT_SCADA,1,"2022/10/20 17:20:00",REPULSE,9.606470
D,DISPATCH,UNIT_SCADA,1,"2022/10/20 17:20:00",ROWALLAN,8.8750
D,DISPATCH,UNIT_SCADA,1,"2022/10/20 17:20:00",ROYALLA1,0
D,DISPATCH,UNIT_SCADA,1,"2022/10/20 17:20:00",RPCG,-1.80
D,DISPATCH,UNIT_SCADA,1,"2022/10/20 17:20:00",RUBICON,0
D,DISPATCH,UNIT_SCADA,1,"2022/10/20 17:20:00",WAUBRAWF,57.161999
D,DISPATCH,UNIT_SCADA,1,"2022/10/20 17:20:00",WOOLNTH1,95.860001
D,DISPATCH,UNIT_SCADA,1,"2022/10/20 17:20:00",YAMBUKWF,3.90
D,DISPATCH,UNIT_SCADA,1,"2022/10/20 17:20:00",YSWF1,1.10
D,DISPATCH,UNIT_SCADA,1,"2022/10/20 17:20:00",ADPBA1G,0.0080
D,DISPATCH,UNIT_SCADA,1,"2022/10/20 17:20:00",ADPBA1L,0
D,DISPATCH,UNIT_SCADA,1,"2022/10/20 17:20:00",ADPPV1,5.3190
D,DISPATCH,UNIT_SCADA,1,"2022/10/20 17:20:00",AGLHAL,30.701630
D,DISPATCH,UNIT_SCADA,1,"2022/10/20 17:20:00",AGLSOM,0
D,DISPATCH,UNIT_SCADA,1,"2022/10/20 17:20:00",ANGAST1,0
D,DISPATCH,UNIT_SCADA,1,"2022/10/20 17:20:00",ARWF1,84.60
D,DISPATCH,UNIT_SCADA,1,"2022/10/20 17:20:00",BALBG1,0
D,DISPATCH,UNIT_SCADA,1,"2022/10/20 17:20:00",BALBL1,0
D,DISPATCH,UNIT_SCADA,1,"2022/10/20 17:20:00",BALDHWF1,104.7560
D,DISPATCH,UNIT_SCADA,1,"2022/10/20 17:20:00",BANGOWF1,92.298770
D,DISPATCH,UNIT_SCADA,1,"2022/10/20 17:20:00",BANGOWF2,53.798960
D,DISPATCH,UNIT_SCADA,1,"2022/10/20 17:20:00",BANN1,9.81
D,DISPATCH,UNIT_SCADA,1,"2022/10/20 17:20:00",BARCALDN,0
D,DISPATCH,UNIT_SCADA,1,"2022/10/20 17:20:00",BARKIPS1,0
D,DISPATCH,UNIT_SCADA,1,"2022/10/20 17:20:00",BARRON-1,27.84
D,DISPATCH,UNIT_SCADA,1,"2022/10/20 17:20:00",BARRON-2,28.12
D,DISPATCH,UNIT_SCADA,1,"2022/10/20 17:20:00",BASTYAN,50.83
D,DISPATCH,UNIT_SCADA,1,"2022/10/20 17:20:00",BBTHREE1,0
D,DISPATCH,UNIT_SCADA,1,"2022/10/20 17:20:00",BBTHREE2,0
D,DISPATCH,UNIT_SCADA,1,"2022/10/20 17:20:00",BBTHREE3,-1.12
D,DISPATCH,UNIT_SCADA,1,"2022/10/20 17:20:00",BDL01,0
D,DISPATCH,UNIT_SCADA,1,"2022/10/20 17:20:00",BDL02,0
D,DISPATCH,UNIT_SCADA,1,"2022/10/20 17:20:00",BERYLSF1,8.380730
D,DISPATCH,UNIT_SCADA,1,"2022/10/20 17:20:00",BLOWERNG,62.50
D,DISPATCH,UNIT_SCADA,1,"2022/10/20 17:20:00",BLUEGSF1,0.918820
D,DISPATCH,UNIT_SCADA,1,"2022/10/20 17:20:00",BLUFF1,0.70
D,DISPATCH,UNIT_SCADA,1,"2022/10/20 17:20:00",BNGSF1,90.87
D,DISPATCH,UNIT_SCADA,1,"2022/10/20 17:20:00",BNGSF2,93.78
D,DISPATCH,UNIT_SCADA,1,"2022/10/20 17:20:00",BOCORWF1,77.76
D,DISPATCH,UNIT_SCADA,1,"2022/10/20 17:20:00",BODWF1,97.471370
D,DISPATCH,UNIT_SCADA,1,"2022/10/20 17:20:00",BOMENSF1,13.031820
D,DISPATCH,UNIT_SCADA,1,"2022/10/20 17:20:00",BOWWBA1G,0
D,DISPATCH,UNIT_SCADA,1,"2022/10/20 17:20:00",BOWWBA1L,0.0010
D,DISPATCH,UNIT_SCADA,1,"2022/10/20 17:20:00",BOWWPV1,0.0010
D,DISPATCH,UNIT_SCADA,1,"2022/10/20 17:20:00",BRAEMAR1,0
D,DISPATCH,UNIT_SCADA,1,"2022/10/20 17:20:00",BRAEMAR2,0
D,DISPATCH,UNIT_SCADA,1,"2022/10/20 17:20:00",BRAEMAR3,0
D,DISPATCH,UNIT_SCADA,1,"2022/10/20 17:20:00",BRAEMAR5,145.445390
D,DISPATCH,UNIT_SCADA,1,"2022/10/20 17:20:00",BRAEMAR6,0
D,DISPATCH,UNIT_SCADA,1,"2022/10/20 17:20:00",BRAEMAR7,139.876110
D,DISPATCH,UNIT_SCADA,1,"2022/10/20 17:20:00",BROKENH1,17.699730
D,DISPATCH,UNIT_SCADA,1,"2022/10/20 17:20:00",BRYB1WF1,87.669180
D,DISPATCH,UNIT_SCADA,1,"2022/10/20 17:20:00",BULBESG1,0
D,DISPATCH,UNIT_SCADA,1,"2022/10/20 17:20:00",BULBESL1,0.03
D,DISPATCH,UNIT_SCADA,1,"2022/10/20 17:20:00",BULGANA1,71.32
D,DISPATCH,UNIT_SCADA,1,"2022/10/20 17:20:00",BW01,659.885560
D,DISPATCH,UNIT_SCADA,1,"2022/10/20 17:20:00",BW02,621.042180
D,DISPATCH,UNIT_SCADA,1,"2022/10/20 17:20:00",BW03,558.907470
D,DISPATCH,UNIT_SCADA,1,"2022/10/20 17:20:00",BW04,0
D,DISPATCH,UNIT_SCADA,1,"2022/10/20 17:20:00",CALL_B_1,319.399990
D,DISPATCH,UNIT_SCADA,1,"2022/10/20 17:20:00",CALL_B_2,318.399990
D,DISPATCH,UNIT_SCADA,1,"2022/10/20 17:20:00",CATHROCK,11.70
D,DISPATCH,UNIT_SCADA,1,"2022/10/20 17:20:00",CBWWBA1G,0
D,DISPATCH,UNIT_SCADA,1,"2022/10/20 17:20:00",CBWWBA1L,0
D,DISPATCH,UNIT_SCADA,1,"2022/10/20 17:20:00",CETHANA,97.406130
D,DISPATCH,UNIT_SCADA,1,"2022/10/20 17:20:00",CG1,0
D,DISPATCH,UNIT_SCADA,1,"2022/10/20 17:20:00",CG2,0
D,DISPATCH,UNIT_SCADA,1,"2022/10/20 17:20:00",CG3,0
D,DISPATCH,UNIT_SCADA,1,"2022/10/20 17:20:00",CG4,0
D,DISPATCH,UNIT_SCADA,1,"2022/10/20 17:20:00",CHILDSF1,0
D,DISPATCH,UNIT_SCADA,1,"2022/10/20 17:20:00",CHYTWF1,7.22
D,DISPATCH,UNIT_SCADA,1,"2022/10/20 17:20:00",CLARESF1,2.230530
D,DISPATCH,UNIT_SCADA,1,"2022/10/20 17:20:00",CLEMGPWF,18.152820
D,DISPATCH,UNIT_SCADA,1,"2022/10/20 17:20:00",CLERMSF1,5.41
D,DISPATCH,UNIT_SCADA,1,"2022/10/20 17:20:00",CNUNDAWF,5.806770
D,DISPATCH,UNIT_SCADA,1,"2022/10/20 17:20:00",COHUNSF1,5.74
D,DISPATCH,UNIT_SCADA,1,"2022/10/20 17:20:00",COLEASF1,10.701530
D,DISPATCH,UNIT_SCADA,1,"2022/10/20 17:20:00",COLUMSF1,4.9640
D,DISPATCH,UNIT_SCADA,1,"2022/10/20 17:20:00",COLWF01,109.121840
D,DISPATCH,UNIT_SCADA,1,"2022/10/20 17:20:00",COOPGWF1,315
D,DISPATCH,UNIT_SCADA,1,"2022/10/20 17:20:00",CPP_3,373.725010
D,DISPATCH,UNIT_SCADA,1,"2022/10/20 17:20:00",CPP_4,0
D,DISPATCH,UNIT_SCADA,1,"2022/10/20 17:20:00",CPSA,0
D,DISPATCH,UNIT_SCADA,1,"2022/10/20 17:20:00",CROOKWF2,62.751820
D,DISPATCH,UNIT_SCADA,1,"2022/10/20 17:20:00",CROWLWF1,31.898620
D,DISPATCH,UNIT_SCADA,1,"2022/10/20 17:20:00",CRURWF1,69.095980
D,DISPATCH,UNIT_SCADA,1,"2022/10/20 17:20:00",CRWASF1,13.709310
D,DISPATCH,UNIT_SCADA,1,"2022/10/20 17:20:00",CSPVPS1,0.0060
D,DISPATCH,UNIT_SCADA,1,"2022/10/20 17:20:00",CTHLWF1,0.003050
D,DISPATCH,UNIT_SCADA,1,"2022/10/20 17:20:00",DALNTH01,0
D,DISPATCH,UNIT_SCADA,1,"2022/10/20 17:20:00",DALNTHL1,0.190740
D,DISPATCH,UNIT_SCADA,1,"2022/10/20 17:20:00",DARLSF1,48.962970
D,DISPATCH,UNIT_SCADA,1,"2022/10/20 17:20:00",DARTM1,0
D,DISPATCH,UNIT_SCADA,1,"2022/10/20 17:20:00",DAYDSF1,0
D,DISPATCH,UNIT_SCADA,1,"2022/10/20 17:20:00",DDPS1,0
D,DISPATCH,UNIT_SCADA,1,"2022/10/20 17:20:00",DDSF1,4.441340
D,DISPATCH,UNIT_SCADA,1,"2022/10/20 17:20:00",DEVILS_G,60.4120
D,DISPATCH,UNIT_SCADA,1,"2022/10/20 17:20:00",DG_NSW1,0
D,DISPATCH,UNIT_SCADA,1,"2022/10/20 17:20:00",DG_QLD1,0
D,DISPATCH,UNIT_SCADA,1,"2022/10/20 17:20:00",DG_SA1,0
D,DISPATCH,UNIT_SCADA,1,"2022/10/20 17:20:00",DG_TAS1,0
D,DISPATCH,UNIT_SCADA,1,"2022/10/20 17:20:00",DG_VIC1,0
D,DISPATCH,UNIT_SCADA,1,"2022/10/20 17:20:00",DRYCGT1,0
D,DISPATCH,UNIT_SCADA,1,"2022/10/20 17:20:00",DRYCGT2,0
D,DISPATCH,UNIT_SCADA,1,"2022/10/20 17:20:00",DRYCGT3,0
D,DISPATCH,UNIT_SCADA,1,"2022/10/20 17:20:00",DUNDWF1,76.52
D,DISPATCH,UNIT_SCADA,1,"2022/10/20 17:20:00",DUNDWF2,19.88
D,DISPATCH,UNIT_SCADA,1,"2022/10/20 17:20:00",DUNDWF3,73.58
D,DISPATCH,UNIT_SCADA,1,"2022/10/20 17:20:00",EILDON1,60.08
D,DISPATCH,UNIT_SCADA,1,"2022/10/20 17:20:00",EILDON2,60
D,DISPATCH,UNIT_SCADA,1,"2022/10/20 17:20:00",ELAINWF1,18.03
D,DISPATCH,UNIT_SCADA,1,"2022/10/20 17:20:00",EMERASF1,0
D,DISPATCH,UNIT_SCADA,1,"2022/10/20 17:20:00",ER01,0
D,DISPATCH,UNIT_SCADA,1,"2022/10/20 17:20:00",ER02,641.623540
D,DISPATCH,UNIT_SCADA,1,"2022/10/20 17:20:00",ER03,639.768070
D,DISPATCH,UNIT_SCADA,1,"2022/10/20 17:20:00",ER04,688.816650
D,DISPATCH,UNIT_SCADA,1,"2022/10/20 17:20:00",FINLYSF1,60.349430
D,DISPATCH,UNIT_SCADA,1,"2022/10/20 17:20:00",FISHER,43.85
D,DISPATCH,UNIT_SCADA,1,"2022/10/20 17:20:00",GANGARR1,0
D,DISPATCH,UNIT_SCADA,1,"2022/10/20 17:20:00",GANNBG1,0
D,DISPATCH,UNIT_SCADA,1,"2022/10/20 17:20:00",GANNBL1,0.033320
D,DISPATCH,UNIT_SCADA,1,"2022/10/20 17:20:00",GANNSF1,35.50
D,DISPATCH,UNIT_SCADA,1,"2022/10/20 17:20:00",GLRWNSF1,14.12
D,DISPATCH,UNIT_SCADA,1,"2022/10/20 17:20:00",GNNDHSF1,9.746170
D,DISPATCH,UNIT_SCADA,1,"2022/10/20 17:20:00",GOONSF1,4.940260
D,DISPATCH,UNIT_SCADA,1,"2022/10/20 17:20:00",GORDON,270.065860
D,DISPATCH,UNIT_SCADA,1,"2022/10/20 17:20:00",GRANWF1,0
D,DISPATCH,UNIT_SCADA,1,"2022/10/20 17:20:00",GSTONE1,206.149990
D,DISPATCH,UNIT_SCADA,1,"2022/10/20 17:20:00",GSTONE2,0
D,DISPATCH,UNIT_SCADA,1,"2022/10/20 17:20:00",GSTONE3,199.849990
D,DISPATCH,UNIT_SCADA,1,"2022/10/20 17:20:00",GSTONE4,0
D,DISPATCH,UNIT_SCADA,1,"2022/10/20 17:20:00",GSTONE5,212.099990
D,DISPATCH,UNIT_SCADA,1,"2022/10/20 17:20:00",GSTONE6,211.224990
D,DISPATCH,UNIT_SCADA,1,"2022/10/20 17:20:00",GULLRSF1,0.2750
D,DISPATCH,UNIT_SCADA,1,"2022/10/20 17:20:00",GULLRWF1,112.793280
D,DISPATCH,UNIT_SCADA,1,"2022/10/20 17:20:00",GULLRWF2,103.766720
D,DISPATCH,UNIT_SCADA,1,"2022/10/20 17:20:00",GUNNING1,0
D,DISPATCH,UNIT_SCADA,1,"2022/10/20 17:20:00",GUTHEGA,67.80
D,DISPATCH,UNIT_SCADA,1,"2022/10/20 17:20:00",HALLWF1,1.47
D,DISPATCH,UNIT_SCADA,1,"2022/10/20 17:20:00",HALLWF2,0
D,DISPATCH,UNIT_SCADA,1,"2022/10/20 17:20:00",HAMISF1,0
D,DISPATCH,UNIT_SCADA,1,"2022/10/20 17:20:00",HAUGHT11,0
D,DISPATCH,UNIT_SCADA,1,"2022/10/20 17:20:00",HAYMSF1,0
D,DISPATCH,UNIT_SCADA,1,"2022/10/20 17:20:00",HDWF1,17.40
D,DISPATCH,UNIT_SCADA,1,"2022/10/20 17:20:00",HDWF2,19.70
D,DISPATCH,UNIT_SCADA,1,"2022/10/20 17:20:00",HDWF3,24.80
D,DISPATCH,UNIT_SCADA,1,"2022/10/20 17:20:00",HILLSTN1,0
D,DISPATCH,UNIT_SCADA,1,"2022/10/20 17:20:00",HPRG1,0
D,DISPATCH,UNIT_SCADA,1,"2022/10/20 17:20:00",HPRL1,2.60
D,DISPATCH,UNIT_SCADA,1,"2022/10/20 17:20:00",HUMENSW,54.023020
D,DISPATCH,UNIT_SCADA,1,"2022/10/20 17:20:00",HUMEV,0
D,DISPATCH,UNIT_SCADA,1,"2022/10/20 17:20:00",HVWWBA1G,0
D,DISPATCH,UNIT_SCADA,1,"2022/10/20 17:20:00",HVWWBA1L,0.0070
D,DISPATCH,UNIT_SCADA,1,"2022/10/20 17:20:00",HVWWPV1,4.2480
D,DISPATCH,UNIT_SCADA,1,"2022/10/20 17:20:00",JBUTTERS,0
D,DISPATCH,UNIT_SCADA,1,"2022/10/20 17:20:00",JEMALNG1,4.03
D,DISPATCH,UNIT_SCADA,1,"2022/10/20 17:20:00",JLA01,0
D,DISPATCH,UNIT_SCADA,1,"2022/10/20 17:20:00",JLA02,0
D,DISPATCH,UNIT_SCADA,1,"2022/10/20 17:20:00",JLA03,0
D,DISPATCH,UNIT_SCADA,1,"2022/10/20 17:20:00",JLA04,0
D,DISPATCH,UNIT_SCADA,1,"2022/10/20 17:20:00",JLB01,0
D,DISPATCH,UNIT_SCADA,1,"2022/10/20 17:20:00",JLB02,0.10
D,DISPATCH,UNIT_SCADA,1,"2022/10/20 17:20:00",JLB03,0
D,DISPATCH,UNIT_SCADA,1,"2022/10/20 17:20:00",JUNEESF1,1.962430
D,DISPATCH,UNIT_SCADA,1,"2022/10/20 17:20:00",KABANWF1,1.8160
D,DISPATCH,UNIT_SCADA,1,"2022/10/20 17:20:00",KAREEYA1,17.9975
D,DISPATCH,UNIT_SCADA,1,"2022/10/20 17:20:00",KAREEYA2,0
D,DISPATCH,UNIT_SCADA,1,"2022/10/20 17:20:00",KAREEYA3,21.46
D,DISPATCH,UNIT_SCADA,1,"2022/10/20 17:20:00",KAREEYA4,0
D,DISPATCH,UNIT_SCADA,1,"2022/10/20 17:20:00",KARSF1,7
D,DISPATCH,UNIT_SCADA,1,"2022/10/20 17:20:00",KEPSF1,0.02
D,DISPATCH,UNIT_SCADA,1,"2022/10/20 17:20:00",KEPWF1,17.39
D,DISPATCH,UNIT_SCADA,1,"2022/10/20 17:20:00",KIAMSF1,11.669340
D,DISPATCH,UNIT_SCADA,1,"2022/10/20 17:20:00",KIATAWF1,5.20
D,DISPATCH,UNIT_SCADA,1,"2022/10/20 17:20:00",KPP_1,0
D,DISPATCH,UNIT_SCADA,1,"2022/10/20 17:20:00",KSP1,0.47
D,DISPATCH,UNIT_SCADA,1,"2022/10/20 17:20:00",LADBROK1,0.02
D,DISPATCH,UNIT_SCADA,1,"2022/10/20 17:20:00",LADBROK2,0.02
D,DISPATCH,UNIT_SCADA,1,"2022/10/20 17:20:00",LBBG1,0
D,DISPATCH,UNIT_SCADA,1,"2022/10/20 17:20:00",LBBL1,0
D,DISPATCH,UNIT_SCADA,1,"2022/10/20 17:20:00",LD01,378.398990
D,DISPATCH,UNIT_SCADA,1,"2022/10/20 17:20:00",LD02,32.4839
D,DISPATCH,UNIT_SCADA,1,"2022/10/20 17:20:00",LD04,317.624450
D,DISPATCH,UNIT_SCADA,1,"2022/10/20 17:20:00",LEM_WIL,86.903550
D,DISPATCH,UNIT_SCADA,1,"2022/10/20 17:20:00",LGAPWF1,68.21
D,DISPATCH,UNIT_SCADA,1,"2022/10/20 17:20:00",LGAPWF2,52.70
D,DISPATCH,UNIT_SCADA,1,"2022/10/20 17:20:00",LILYSF1,3.244030
D,DISPATCH,UNIT_SCADA,1,"2022/10/20 17:20:00",LIMOSF11,16.289770
D,DISPATCH,UNIT_SCADA,1,"2022/10/20 17:20:00",LIMOSF21,2.020510
D,DISPATCH,UNIT_SCADA,1,"2022/10/20 17:20:00",LI_WY_CA,63.079710
D,DISPATCH,UNIT_SCADA,1,"2022/10/20 17:20:00",LKBONNY1,7.323370
D,DISPATCH,UNIT_SCADA,1,"2022/10/20 17:20:00",LKBONNY2,17.315030
D,DISPATCH,UNIT_SCADA,1,"2022/10/20 17:20:00",LKBONNY3,2.065420
D,DISPATCH,UNIT_SCADA,1,"2022/10/20 17:20:00",LK_ECHO,0
D,DISPATCH,UNIT_SCADA,1,"2022/10/20 17:20:00",LNGS1,0
D,DISPATCH,UNIT_SCADA,1,"2022/10/20 17:20:00",LNGS2,0
D,DISPATCH,UNIT_SCADA,1,"2022/10/20 17:20:00",LONSDALE,0
D,DISPATCH,UNIT_SCADA,1,"2022/10/20 17:20:00",LOYYB1,578.194950
D,DISPATCH,UNIT_SCADA,1,"2022/10/20 17:20:00",LOYYB2,574.435420
D,DISPATCH,UNIT_SCADA,1,"2022/10/20 17:20:00",LYA1,562
D,DISPATCH,UNIT_SCADA,1,"2022/10/20 17:20:00",LYA2,0
D,DISPATCH,UNIT_SCADA,1,"2022/10/20 17:20:00",LYA3,562
D,DISPATCH,UNIT_SCADA,1,"2022/10/20 17:20:00",LYA4,563
D,DISPATCH,UNIT_SCADA,1,"2022/10/20 17:20:00",MACARTH1,62.698550
D,DISPATCH,UNIT_SCADA,1,"2022/10/20 17:20:00",MACKNTSH,25.18
D,DISPATCH,UNIT_SCADA,1,"2022/10/20 17:20:00",MANSLR1,2.1140
D,DISPATCH,UNIT_SCADA,1,"2022/10/20 17:20:00",MAPS2PV1,0
D,DISPATCH,UNIT_SCADA,1,"2022/10/20 17:20:00",MAPS3PV1,0
D,DISPATCH,UNIT_SCADA,1,"2022/10/20 17:20:00",MARYRSF1,0.79
D,DISPATCH,UNIT_SCADA,1,"2022/10/20 17:20:00",MBPS2PV1,0
D,DISPATCH,UNIT_SCADA,1,"2022/10/20 17:20:00",MCKAY1,219.5650
D,DISPATCH,UNIT_SCADA,1,"2022/10/20 17:20:00",MEADOWBK,6.0018
D,DISPATCH,UNIT_SCADA,1,"2022/10/20 17:20:00",MERCER01,23.20
D,DISPATCH,UNIT_SCADA,1,"2022/10/20 17:20:00",METZSF1,20.875830
D,DISPATCH,UNIT_SCADA,1,"2022/10/20 17:20:00",MEWF1,0
D,DISPATCH,UNIT_SCADA,1,"2022/10/20 17:20:00",MIDDLSF1,1.25
D,DISPATCH,UNIT_SCADA,1,"2022/10/20 17:20:00",MINTARO,0.128180
D,DISPATCH,UNIT_SCADA,1,"2022/10/20 17:20:00",MOLNGSF1,2.623330
D,DISPATCH,UNIT_SCADA,1,"2022/10/20 17:20:00",MOORAWF1,33.28
D,DISPATCH,UNIT_SCADA,1,"2022/10/20 17:20:00",MOREESF1,0.4760
D,DISPATCH,UNIT_SCADA,1,"2022/10/20 17:20:00",MORTLK11,0
D,DISPATCH,UNIT_SCADA,1,"2022/10/20 17:20:00",MORTLK12,0
D,DISPATCH,UNIT_SCADA,1,"2022/10/20 17:20:00",MOUSF1,0
D,DISPATCH,UNIT_SCADA,1,"2022/10/20 17:20:00",MP1,0
D,DISPATCH,UNIT_SCADA,1,"2022/10/20 17:20:00",MP2,602.096620
D,DISPATCH,UNIT_SCADA,1,"2022/10/20 17:20:00",MPP_1,189.840960
D,DISPATCH,UNIT_SCADA,1,"2022/10/20 17:20:00",MPP_2,178.259140
D,DISPATCH,UNIT_SCADA,1,"2022/10/20 17:20:00",MRTLSWF1,0
D,DISPATCH,UNIT_SCADA,1,"2022/10/20 17:20:00",MSTUART1,0
D,DISPATCH,UNIT_SCADA,1,"2022/10/20 17:20:00",MSTUART2,0
D,DISPATCH,UNIT_SCADA,1,"2022/10/20 17:20:00",MSTUART3,0
D,DISPATCH,UNIT_SCADA,1,"2022/10/20 17:20:00",MTGELWF1,54.913480
D,DISPATCH,UNIT_SCADA,1,"2022/10/20 17:20:00",MTMILLAR,12.90
D,DISPATCH,UNIT_SCADA,1,"2022/10/20 17:20:00",MURRAY,6.20
D,DISPATCH,UNIT_SCADA,1,"2022/10/20 17:20:00",MUSSELR1,4.50
D,DISPATCH,UNIT_SCADA,1,"2022/10/20 17:20:00",MUWAWF1,15.73
D,DISPATCH,UNIT_SCADA,1,"2022/10/20 17:20:00",MUWAWF2,15.80
D,DISPATCH,UNIT_SCADA,1,"2022/10/20 17:20:00",MWPS1PV1,0.28
D,DISPATCH,UNIT_SCADA,1,"2022/10/20 17:20:00",MWPS2PV1,4.60
D,DISPATCH,UNIT_SCADA,1,"2022/10/20 17:20:00",MWPS3PV1,1.53
D,DISPATCH,UNIT_SCADA,1,"2022/10/20 17:20:00",MWPS4PV1,3.83
D,DISPATCH,UNIT_SCADA,1,"2022/10/20 17:20:00",NBHWF1,7.70
D,DISPATCH,UNIT_SCADA,1,"2022/10/20 17:20:00",NEVERSF1,0.61
D,DISPATCH,UNIT_SCADA,1,"2022/10/20 17:20:00",NPS,0
D,DISPATCH,UNIT_SCADA,1,"2022/10/20 17:20:00",NUMURSF1,18.08
D,DISPATCH,UNIT_SCADA,1,"2022/10/20 17:20:00",NYNGAN1,10
D,DISPATCH,UNIT_SCADA,1,"2022/10/20 17:20:00",OAKEY1,125.786270
D,DISPATCH,UNIT_SCADA,1,"2022/10/20 17:20:00",OAKEY1SF,0.7630
D,DISPATCH,UNIT_SCADA,1,"2022/10/20 17:20:00",OAKEY2,0
D,DISPATCH,UNIT_SCADA,1,"2022/10/20 17:20:00",OAKEY2SF,1.51
D,DISPATCH,UNIT_SCADA,1,"2022/10/20 17:20:00",OAKLAND1,17
D,DISPATCH,UNIT_SCADA,1,"2022/10/20 17:20:00",OSB-AG,147.95
D,DISPATCH,UNIT_SCADA,1,"2022/10/20 17:20:00",PAREPS1,0
D,DISPATCH,UNIT_SCADA,1,"2022/10/20 17:20:00",PAREPW1,180.86
D,DISPATCH,UNIT_SCADA,1,"2022/10/20 17:20:00",PARSF1,3.700310
D,DISPATCH,UNIT_SCADA,1,"2022/10/20 17:20:00",POAT110,3.22
D,DISPATCH,UNIT_SCADA,1,"2022/10/20 17:20:00",POAT220,0
D,DISPATCH,UNIT_SCADA,1,"2022/10/20 17:20:00",POR01,0.008670
D,DISPATCH,UNIT_SCADA,1,"2022/10/20 17:20:00",POR03,0
D,DISPATCH,UNIT_SCADA,1,"2022/10/20 17:20:00",PPCCGT,164.827770
D,DISPATCH,UNIT_SCADA,1,"2022/10/20 17:20:00",PTSTAN1,0
D,DISPATCH,UNIT_SCADA,1,"2022/10/20 17:20:00",PUMP1,0
D,DISPATCH,UNIT_SCADA,1,"2022/10/20 17:20:00",PUMP2,0
D,DISPATCH,UNIT_SCADA,1,"2022/10/20 17:20:00",QBYNBG1,0.0005
D,DISPATCH,UNIT_SCADA,1,"2022/10/20 17:20:00",QBYNBL1,0
D,DISPATCH,UNIT_SCADA,1,"2022/10/20 17:20:00",QPS1,0
D,DISPATCH,UNIT_SCADA,1,"2022/10/20 17:20:00",QPS2,0
D,DISPATCH,UNIT_SCADA,1,"2022/10/20 17:20:00",QPS3,0
D,DISPATCH,UNIT_SCADA,1,"2022/10/20 17:20:00",QPS4,0
D,DISPATCH,UNIT_SCADA,1,"2022/10/20 17:20:00",QPS5,73.54
D,DISPATCH,UNIT_SCADA,1,"2022/10/20 17:20:00",REECE1,44.844260
D,DISPATCH,UNIT_SCADA,1,"2022/10/20 17:20:00",REECE2,34.65
D,DISPATCH,UNIT_SCADA,1,"2022/10/20 17:20:00",ROMA_7,0
D,DISPATCH,UNIT_SCADA,1,"2022/10/20 17:20:00",ROMA_8,0
D,DISPATCH,UNIT_SCADA,1,"2022/10/20 17:20:00",RRSF1,4.988840
D,DISPATCH,UNIT_SCADA,1,"2022/10/20 17:20:00",RT_NSW1,0
D,DISPATCH,UNIT_SCADA,1,"2022/10/20 17:20:00",RT_NSW2,0
D,DISPATCH,UNIT_SCADA,1,"2022/10/20 17:20:00",RT_NSW3,0
D,DISPATCH,UNIT_SCADA,1,"2022/10/20 17:20:00",RT_NSW4,0
D,DISPATCH,UNIT_SCADA,1,"2022/10/20 17:20:00",RT_NSW5,0
D,DISPATCH,UNIT_SCADA,1,"2022/10/20 17:20:00",RT_NSW6,0
D,DISPATCH,UNIT_SCADA,1,"2022/10/20 17:20:00",RT_QLD1,0
D,DISPATCH,UNIT_SCADA,1,"2022/10/20 17:20:00",RT_SA1,0
D,DISPATCH,UNIT_SCADA,1,"2022/10/20 17:20:00",RT_SA2,0
D,DISPATCH,UNIT_SCADA,1,"2022/10/20 17:20:00",RT_SA3,0
D,DISPATCH,UNIT_SCADA,1,"2022/10/20 17:20:00",RT_SA4,0
D,DISPATCH,UNIT_SCADA,1,"2022/10/20 17:20:00",RT_SA5,0
D,DISPATCH,UNIT_SCADA,1,"2022/10/20 17:20:00",RT_SA6,0
D,DISPATCH,UNIT_SCADA,1,"2022/10/20 17:20:00",RT_TAS1,0
D,DISPATCH,UNIT_SCADA,1,"2022/10/20 17:20:00",RT_VIC1,0
D,DISPATCH,UNIT_SCADA,1,"2022/10/20 17:20:00",RT_VIC10,0
D,DISPATCH,UNIT_SCADA,1,"2022/10/20 17:20:00",RT_VIC11,0
D,DISPATCH,UNIT_SCADA,1,"2022/10/20 17:20:00",RT_VIC12,0
D,DISPATCH,UNIT_SCADA,1,"2022/10/20 17:20:00",RT_VIC2,0
D,DISPATCH,UNIT_SCADA,1,"2022/10/20 17:20:00",RT_VIC3,0
D,DISPATCH,UNIT_SCADA,1,"2022/10/20 17:20:00",RT_VIC4,0
D,DISPATCH,UNIT_SCADA,1,"2022/10/20 17:20:00",RT_VIC5,0
D,DISPATCH,UNIT_SCADA,1,"2022/10/20 17:20:00",RT_VIC6,0
D,DISPATCH,UNIT_SCADA,1,"2022/10/20 17:20:00",RT_VIC7,0
D,DISPATCH,UNIT_SCADA,1,"2022/10/20 17:20:00",RT_VIC8,0
D,DISPATCH,UNIT_SCADA,1,"2022/10/20 17:20:00",RT_VIC9,0
D,DISPATCH,UNIT_SCADA,1,"2022/10/20 17:20:00",RUGBYR1,21.925890
D,DISPATCH,UNIT_SCADA,1,"2022/10/20 17:20:00",SALTCRK1,19.57
D,DISPATCH,UNIT_SCADA,1,"2022/10/20 17:20:00",SAPHWF1,89.636070
D,DISPATCH,UNIT_SCADA,1,"2022/10/20 17:20:00",SEBSF1,3.273920
D,DISPATCH,UNIT_SCADA,1,"2022/10/20 17:20:00",SHGEN,78.703530
D,DISPATCH,UNIT_SCADA,1,"2022/10/20 17:20:00",SHPUMP,0
D,DISPATCH,UNIT_SCADA,1,"2022/10/20 17:20:00",SITHE01,0.123710
D,DISPATCH,UNIT_SCADA,1,"2022/10/20 17:20:00",SMCSF1,16.57
D,DISPATCH,UNIT_SCADA,1,"2022/10/20 17:20:00",SNAPPER1,0
D,DISPATCH,UNIT_SCADA,1,"2022/10/20 17:20:00",SNOWNTH1,24.60
D,DISPATCH,UNIT_SCADA,1,"2022/10/20 17:20:00",SNOWSTH1,15.40
D,DISPATCH,UNIT_SCADA,1,"2022/10/20 17:20:00",SNOWTWN1,12.110950
D,DISPATCH,UNIT_SCADA,1,"2022/10/20 17:20:00",SNOWYP,0
D,DISPATCH,UNIT_SCADA,1,"2022/10/20 17:20:00",SNUG1,0
D,DISPATCH,UNIT_SCADA,1,"2022/10/20 17:20:00",SRSF1,0.81
D,DISPATCH,UNIT_SCADA,1,"2022/10/20 17:20:00",STAN-1,276.646580
D,DISPATCH,UNIT_SCADA,1,"2022/10/20 17:20:00",STAN-2,363.435910
D,DISPATCH,UNIT_SCADA,1,"2022/10/20 17:20:00",STAN-3,318.355710
D,DISPATCH,UNIT_SCADA,1,"2022/10/20 17:20:00",STAN-4,364.486970
D,DISPATCH,UNIT_SCADA,1,"2022/10/20 17:20:00",STARHLWF,19.094430
D,DISPATCH,UNIT_SCADA,1,"2022/10/20 17:20:00",STOCKYD1,231.539990
D,DISPATCH,UNIT_SCADA,1,"2022/10/20 17:20:00",STWF1,8.333260
D,DISPATCH,UNIT_SCADA,1,"2022/10/20 17:20:00",SUNRSF1,8.876170
D,DISPATCH,UNIT_SCADA,1,"2022/10/20 17:20:00",SUNTPSF1,23.896240
D,DISPATCH,UNIT_SCADA,1,"2022/10/20 17:20:00",SWAN_E,343.740630
D,DISPATCH,UNIT_SCADA,1,"2022/10/20 17:20:00",TALWA1,0
D,DISPATCH,UNIT_SCADA,1,"2022/10/20 17:20:00",TARALGA1,0
D,DISPATCH,UNIT_SCADA,1,"2022/10/20 17:20:00",TARONG#1,349.100010
D,DISPATCH,UNIT_SCADA,1,"2022/10/20 17:20:00",TARONG#2,348.899990
D,DISPATCH,UNIT_SCADA,1,"2022/10/20 17:20:00",TARONG#3,0.90
D,DISPATCH,UNIT_SCADA,1,"2022/10/20 17:20:00",TARONG#4,245
D,DISPATCH,UNIT_SCADA,1,"2022/10/20 17:20:00",TARRALEA,54
D,DISPATCH,UNIT_SCADA,1,"2022/10/20 17:20:00",TBSF1,11.30
D,DISPATCH,UNIT_SCADA,1,"2022/10/20 17:20:00",TNPS1,421.000030
D,DISPATCH,UNIT_SCADA,1,"2022/10/20 17:20:00",TORRB1,0
D,DISPATCH,UNIT_SCADA,1,"2022/10/20 17:20:00",TORRB2,61
D,DISPATCH,UNIT_SCADA,1,"2022/10/20 17:20:00",TORRB3,0
D,DISPATCH,UNIT_SCADA,1,"2022/10/20 17:20:00",TORRB4,0
D,DISPATCH,UNIT_SCADA,1,"2022/10/20 17:20:00",TREVALLN,99.403740
D,DISPATCH,UNIT_SCADA,1,"2022/10/20 17:20:00",TRIBUTE,0
D,DISPATCH,UNIT_SCADA,1,"2022/10/20 17:20:00",TUMUT3,274.59
D,DISPATCH,UNIT_SCADA,1,"2022/10/20 17:20:00",TUNGATIN,5.820020
D,DISPATCH,UNIT_SCADA,1,"2022/10/20 17:20:00",TVCC201,0
D,DISPATCH,UNIT_SCADA,1,"2022/10/20 17:20:00",TVPP104,57.885170
D,DISPATCH,UNIT_SCADA,1,"2022/10/20 17:20:00",UPPTUMUT,118.379160
D,DISPATCH,UNIT_SCADA,1,"2022/10/20 17:20:00",URANQ11,0
D,DISPATCH,UNIT_SCADA,1,"2022/10/20 17:20:00",URANQ12,0
D,DISPATCH,UNIT_SCADA,1,"2022/10/20 17:20:00",URANQ13,0
D,DISPATCH,UNIT_SCADA,1,"2022/10/20 17:20:00",URANQ14,29.538410
D,DISPATCH,UNIT_SCADA,1,"2022/10/20 17:20:00",VBBG1,0
D,DISPATCH,UNIT_SCADA,1,"2022/10/20 17:20:00",VBBL1,5.50
D,DISPATCH,UNIT_SCADA,1,"2022/10/20 17:20:00",VP5,593.108950
D,DISPATCH,UNIT_SCADA,1,"2022/10/20 17:20:00",VP6,601.312320
D,DISPATCH,UNIT_SCADA,1,"2022/10/20 17:20:00",VPGS1,0
D,DISPATCH,UNIT_SCADA,1,"2022/10/20 17:20:00",VPGS2,0
D,DISPATCH,UNIT_SCADA,1,"2022/10/20 17:20:00",VPGS3,0
D,DISPATCH,UNIT_SCADA,1,"2022/10/20 17:20:00",VPGS4,0
D,DISPATCH,UNIT_SCADA,1,"2022/10/20 17:20:00",VPGS5,0
D,DISPATCH,UNIT_SCADA,1,"2022/10/20 17:20:00",VPGS6,0
D,DISPATCH,UNIT_SCADA,1,"2022/10/20 17:20:00",W/HOE#1,161.05
D,DISPATCH,UNIT_SCADA,1,"2022/10/20 17:20:00",W/HOE#2,0
D,DISPATCH,UNIT_SCADA,1,"2022/10/20 17:20:00",WAGGNSF1,0
D,DISPATCH,UNIT_SCADA,1,"2022/10/20 17:20:00",WALGRVG1,0
D,DISPATCH,UNIT_SCADA,1,"2022/10/20 17:20:00",WALGRVL1,2.609030
D,DISPATCH,UNIT_SCADA,1,"2022/10/20 17:20:00",WANDBG1,0
D,DISPATCH,UNIT_SCADA,1,"2022/10/20 17:20:00",WANDBL1,0
D,DISPATCH,UNIT_SCADA,1,"2022/10/20 17:20:00",WARWSF1,0.88
D,DISPATCH,UNIT_SCADA,1,"2022/10/20 17:20:00",WARWSF2,1.13
D,DISPATCH,UNIT_SCADA,1,"2022/10/20 17:20:00",WATERLWF,0
D,DISPATCH,UNIT_SCADA,1,"2022/10/20 17:20:00",WDGPH1,0
D,DISPATCH,UNIT_SCADA,1,"2022/10/20 17:20:00",WELLSF1,20.602730
D,DISPATCH,UNIT_SCADA,1,"2022/10/20 17:20:00",WEMENSF1,11.10
D,DISPATCH,UNIT_SCADA,1,"2022/10/20 17:20:00",WGWF1,6
D,DISPATCH,UNIT_SCADA,1,"2022/10/20 17:20:00",WHITSF1,2.10
D,DISPATCH,UNIT_SCADA,1,"2022/10/20 17:20:00",WINTSF1,13.67
D,DISPATCH,UNIT_SCADA,1,"2022/10/20 17:20:00",WKIEWA1,34
D,DISPATCH,UNIT_SCADA,1,"2022/10/20 17:20:00",WKIEWA2,34.10
D,DISPATCH,UNIT_SCADA,1,"2022/10/20 17:20:00",WOODLWN1,36.549870
D,DISPATCH,UNIT_SCADA,1,"2022/10/20 17:20:00",WOOLGSF1,0.981220
D,DISPATCH,UNIT_SCADA,1,"2022/10/20 17:20:00",WPWF,38.98
D,DISPATCH,UNIT_SCADA,1,"2022/10/20 17:20:00",WRSF1,0.699480
D,DISPATCH,UNIT_SCADA,1,"2022/10/20 17:20:00",WRWF1,59.094530
D,DISPATCH,UNIT_SCADA,1,"2022/10/20 17:20:00",WSTWYSF1,0.609790
D,DISPATCH,UNIT_SCADA,1,"2022/10/20 17:20:00",YABULU,109.260010
D,DISPATCH,UNIT_SCADA,1,"2022/10/20 17:20:00",YABULU2,0
D,DISPATCH,UNIT_SCADA,1,"2022/10/20 17:20:00",YARANSF1,4.74
D,DISPATCH,UNIT_SCADA,1,"2022/10/20 17:20:00",YARWUN_1,160.86
D,DISPATCH,UNIT_SCADA,1,"2022/10/20 17:20:00",YATSF1,62.67
D,DISPATCH,UNIT_SCADA,1,"2022/10/20 17:20:00",YENDWF1,23.47
D,DISPATCH,UNIT_SCADA,1,"2022/10/20 17:20:00",YWPS1,358.144320
D,DISPATCH,UNIT_SCADA,1,"2022/10/20 17:20:00",YWPS2,291.225310
D,DISPATCH,UNIT_SCADA,1,"2022/10/20 17:20:00",YWPS3,361.364560
D,DISPATCH,UNIT_SCADA,1,"2022/10/20 17:20:00",YWPS4,0
C,"END OF REPORT",419
