C,NEMP.WORLD,DISPATCHSCADA,AEMO,PUBLIC,2022/10/20,17:35:09,0000000373270628,DISPATCHSCADA,0000000373270622
I,DISPATCH,UNIT_SCADA,1,SETTLEMENTDATE,DUID,SCADAVALUE
D,DISPATCH,UNIT_SCADA,1,"2022/10/20 17:40:00",BARCSF1,5.10
D,DISPATCH,UNIT_SCADA,1,"2022/10/20 17:40:00",BUTLERSG,8.699999
D,DISPATCH,UNIT_SCADA,1,"2022/10/20 17:40:00",CAPTL_WF,93.977997
D,DISPATCH,UNIT_SCADA,1,"2022/10/20 17:40:00",CHALLHWF,9.50
D,DISPATCH,UNIT_SCADA,1,"2022/10/20 17:40:00",CLOVER,12.93
D,DISPATCH,UNIT_SCADA,1,"2022/10/20 17:40:00",CLUNY,6.367132
D,DISPATCH,UNIT_SCADA,1,"2022/10/20 17:40:00",CULLRGWF,-0.07
D,DISPATCH,UNIT_SCADA,1,"2022/10/20 17:40:00",DIAPURWF1,1.50
D,DISPATCH,UNIT_SCADA,1,"2022/10/20 17:40:00",ERGT01,0
D,DISPATCH,UNIT_SCADA,1,"2022/10/20 17:40:00",GB01,0
D,DISPATCH,UNIT_SCADA,1,"2022/10/20 17:40:00",GERMCRK,19.60
D,DISPATCH,UNIT_SCADA,1,"2022/10/20 17:40:00",GRIFSF1,8.198672
D,DISPATCH,UNIT_SCADA,1,"2022/10/20 17:40:00",HEZ1,0
D,DISPATCH,UNIT_SCADA,1,"2022/10/20 17:40:00",HUGSF1,1.7050
D,DISPATCH,UNIT_SCADA,1,"2022/10/20 17:40:00",KEPBG1,2.01
D,DISPATCH,UNIT_SCADA,1,"2022/10/20 17:40:00",LRSF1,4.9440
D,DISPATCH,UNIT_SCADA,1,"2022/10/20 17:40:00",MBAHNTH,43.612503
D,DISPATCH,UNIT_SCADA,1,"2022/10/20 17:40:00",MLSP1,0.138001
D,DISPATCH,UNIT_SCADA,1,"2022/10/20 17:40:00",MLWF1,6.8250
D,DISPATCH,UNIT_SCADA,1,"2022/10/20 17:40:00",PALOONA,30.41
D,DISPATCH,UNIT_SCADA,1,"2022/10/20 17:40:00",PIONEER,27.10
D,DISPATCH,UNIT_SCADA,1,"2022/10/20 17:40:00",PORTWF,28.299999
D,DISPATCH,UNIT_SCADA,1,"2022/10/20 17:40:00",REPULSE,9.447776
D,DISPATCH,UNIT_SCADA,1,"2022/10/20 17:40:00",ROWALLAN,8.7401
D,DISPATCH,UNIT_SCADA,1,"2022/10/20 17:40:00",ROYALLA1,0
D,DISPATCH,UNIT_SCADA,1,"2022/10/20 17:40:00",RPCG,-1.80
D,DISPATCH,UNIT_SCADA,1,"2022/10/20 17:40:00",RUBICON,0
D,DISPATCH,UNIT_SCADA,1,"2022/10/20 17:40:00",WAUBRAWF,66.629997
D,DISPATCH,UNIT_SCADA,1,"2022/10/20 17:40:00",WOOLNTH1,96.559998
D,DISPATCH,UNIT_SCADA,1,"2022/10/20 17:40:00",YAMBUKWF,3.60
D,DISPATCH,UNIT_SCADA,1,"2022/10/20 17:40:00",YSWF1,0.80
D,DISPATCH,UNIT_SCADA,1,"2022/10/20 17:40:00",ADPBA1G,0.0080
D,DISPATCH,UNIT_SCADA,1,"2022/10/20 17:40:00",ADPBA1L,0
D,DISPATCH,UNIT_SCADA,1,"2022/10/20 17:40:00",ADPPV1,1.9090
D,DISPATCH,UNIT_SCADA,1,"2022/10/20 17:40:00",AGLHAL,30.701630
D,DISPATCH,UNIT_SCADA,1,"2022/10/20 17:40:00",AGLSOM,0
D,DISPATCH,UNIT_SCADA,1,"2022/10/20 17:40:00",ANGAST1,0
D,DISPATCH,UNIT_SCADA,1,"2022/10/20 17:40:00",ARWF1,78.20
D,DISPATCH,UNIT_SCADA,1,"2022/10/20 17:40:00",BALBG1,0
D,DISPATCH,UNIT_SCADA,1,"2022/10/20 17:40:00",BALBL1,2.42
D,DISPATCH,UNIT_SCADA,1,"2022/10/20 17:40:00",BALDHWF1,105.0820
D,DISPATCH,UNIT_SCADA,1,"2022/10/20 17:40:00",BANGOWF1,79.598380
D,DISPATCH,UNIT_SCADA,1,"2022/10/20 17:40:00",BANGOWF2,60.099870
D,DISPATCH,UNIT_SCADA,1,"2022/10/20 17:40:00",BANN1,7.69
D,DISPATCH,UNIT_SCADA,1,"2022/10/20 17:40:00",BARCALDN,0
D,DISPATCH,UNIT_SCADA,1,"2022/10/20 17:40:00",BARKIPS1,88.939990
D,DISPATCH,UNIT_SCADA,1,"2022/10/20 17:40:00",BARRON-1,27.84
D,DISPATCH,UNIT_SCADA,1,"2022/10/20 17:40:00",BARRON-2,28.12
D,DISPATCH,UNIT_SCADA,1,"2022/10/20 17:40:00",BASTYAN,49.970010
D,DISPATCH,UNIT_SCADA,1,"2022/10/20 17:40:00",BBTHREE1,0
D,DISPATCH,UNIT_SCADA,1,"2022/10/20 17:40:00",BBTHREE2,0
D,DISPATCH,UNIT_SCADA,1,"2022/10/20 17:40:00",BBTHREE3,-1.08
D,DISPATCH,UNIT_SCADA,1,"2022/10/20 17:40:00",BDL01,0
D,DISPATCH,UNIT_SCADA,1,"2022/10/20 17:40:00",BDL02,0
D,DISPATCH,UNIT_SCADA,1,"2022/10/20 17:40:00",BERYLSF1,4.910550
D,DISPATCH,UNIT_SCADA,1,"2022/10/20 17:40:00",BLOWERNG,62.70
D,DISPATCH,UNIT_SCADA,1,"2022/10/20 17:40:00",BLUEGSF1,4.022660
D,DISPATCH,UNIT_SCADA,1,"2022/10/20 17:40:00",BLUFF1,1.40
D,DISPATCH,UNIT_SCADA,1,"2022/10/20 17:40:00",BNGSF1,71.54
D,DISPATCH,UNIT_SCADA,1,"2022/10/20 17:40:00",BNGSF2,71.97
D,DISPATCH,UNIT_SCADA,1,"2022/10/20 17:40:00",BOCORWF1,74.17
D,DISPATCH,UNIT_SCADA,1,"2022/10/20 17:40:00",BODWF1,106.999770
D,DISPATCH,UNIT_SCADA,1,"2022/10/20 17:40:00",BOMENSF1,7.461660
D,DISPATCH,UNIT_SCADA,1,"2022/10/20 17:40:00",BOWWBA1G,0
D,DISPATCH,UNIT_SCADA,1,"2022/10/20 17:40:00",BOWWBA1L,0.0010
D,DISPATCH,UNIT_SCADA,1,"2022/10/20 17:40:00",BOWWPV1,0.0010
D,DISPATCH,UNIT_SCADA,1,"2022/10/20 17:40:00",BRAEMAR1,0
D,DISPATCH,UNIT_SCADA,1,"2022/10/20 17:40:00",BRAEMAR2,0
D,DISPATCH,UNIT_SCADA,1,"2022/10/20 17:40:00",BRAEMAR3,0
D,DISPATCH,UNIT_SCADA,1,"2022/10/20 17:40:00",BRAEMAR5,144.176440
D,DISPATCH,UNIT_SCADA,1,"2022/10/20 17:40:00",BRAEMAR6,0
D,DISPATCH,UNIT_SCADA,1,"2022/10/20 17:40:00",BRAEMAR7,139.714980
D,DISPATCH,UNIT_SCADA,1,"2022/10/20 17:40:00",BROKENH1,10.699840
D,DISPATCH,UNIT_SCADA,1,"2022/10/20 17:40:00",BRYB1WF1,87.461660
D,DISPATCH,UNIT_SCADA,1,"2022/10/20 17:40:00",BULBESG1,0
D,DISPATCH,UNIT_SCADA,1,"2022/10/20 17:40:00",BULBESL1,0.03
D,DISPATCH,UNIT_SCADA,1,"2022/10/20 17:40:00",BULGANA1,60.21
D,DISPATCH,UNIT_SCADA,1,"2022/10/20 17:40:00",BW01,658.9090
D,DISPATCH,UNIT_SCADA,1,"2022/10/20 17:40:00",BW02,622.433840
D,DISPATCH,UNIT_SCADA,1,"2022/10/20 17:40:00",BW03,592.623780
D,DISPATCH,UNIT_SCADA,1,"2022/10/20 17:40:00",BW04,0
D,DISPATCH,UNIT_SCADA,1,"2022/10/20 17:40:00",CALL_B_1,320.100010
D,DISPATCH,UNIT_SCADA,1,"2022/10/20 17:40:00",CALL_B_2,318.200010
D,DISPATCH,UNIT_SCADA,1,"2022/10/20 17:40:00",CATHROCK,12.40
D,DISPATCH,UNIT_SCADA,1,"2022/10/20 17:40:00",CBWWBA1G,0
D,DISPATCH,UNIT_SCADA,1,"2022/10/20 17:40:00",CBWWBA1L,0
D,DISPATCH,UNIT_SCADA,1,"2022/10/20 17:40:00",CETHANA,97.166630
D,DISPATCH,UNIT_SCADA,1,"2022/10/20 17:40:00",CG1,0
D,DISPATCH,UNIT_SCADA,1,"2022/10/20 17:40:00",CG2,0
D,DISPATCH,UNIT_SCADA,1,"2022/10/20 17:40:00",CG3,0
D,DISPATCH,UNIT_SCADA,1,"2022/10/20 17:40:00",CG4,0
D,DISPATCH,UNIT_SCADA,1,"2022/10/20 17:40:00",CHILDSF1,0
D,DISPATCH,UNIT_SCADA,1,"2022/10/20 17:40:00",CHYTWF1,6.34
D,DISPATCH,UNIT_SCADA,1,"2022/10/20 17:40:00",CLARESF1,3.5488
D,DISPATCH,UNIT_SCADA,1,"2022/10/20 17:40:00",CLEMGPWF,16.279910
D,DISPATCH,UNIT_SCADA,1,"2022/10/20 17:40:00",CLERMSF1,1.07
D,DISPATCH,UNIT_SCADA,1,"2022/10/20 17:40:00",CNUNDAWF,8.509930
D,DISPATCH,UNIT_SCADA,1,"2022/10/20 17:40:00",COHUNSF1,1.42
D,DISPATCH,UNIT_SCADA,1,"2022/10/20 17:40:00",COLEASF1,9.699020
D,DISPATCH,UNIT_SCADA,1,"2022/10/20 17:40:00",COLUMSF1,1.3450
D,DISPATCH,UNIT_SCADA,1,"2022/10/20 17:40:00",COLWF01,128.146790
D,DISPATCH,UNIT_SCADA,1,"2022/10/20 17:40:00",COOPGWF1,361.899990
D,DISPATCH,UNIT_SCADA,1,"2022/10/20 17:40:00",CPP_3,370.149990
D,DISPATCH,UNIT_SCADA,1,"2022/10/20 17:40:00",CPP_4,0
D,DISPATCH,UNIT_SCADA,1,"2022/10/20 17:40:00",CPSA,0
D,DISPATCH,UNIT_SCADA,1,"2022/10/20 17:40:00",CROOKWF2,72.372310
D,DISPATCH,UNIT_SCADA,1,"2022/10/20 17:40:00",CROWLWF1,30.640130
D,DISPATCH,UNIT_SCADA,1,"2022/10/20 17:40:00",CRURWF1,70.799650
D,DISPATCH,UNIT_SCADA,1,"2022/10/20 17:40:00",CRWASF1,3.572610
D,DISPATCH,UNIT_SCADA,1,"2022/10/20 17:40:00",CSPVPS1,0.76
D,DISPATCH,UNIT_SCADA,1,"2022/10/20 17:40:00",CTHLWF1,0.003050
D,DISPATCH,UNIT_SCADA,1,"2022/10/20 17:40:00",DALNTH01,0
D,DISPATCH,UNIT_SCADA,1,"2022/10/20 17:40:00",DALNTHL1,0.263980
D,DISPATCH,UNIT_SCADA,1,"2022/10/20 17:40:00",DARLSF1,31.0092
D,DISPATCH,UNIT_SCADA,1,"2022/10/20 17:40:00",DARTM1,0
D,DISPATCH,UNIT_SCADA,1,"2022/10/20 17:40:00",DAYDSF1,0
D,DISPATCH,UNIT_SCADA,1,"2022/10/20 17:40:00",DDPS1,0
D,DISPATCH,UNIT_SCADA,1,"2022/10/20 17:40:00",DDSF1,0.649060
D,DISPATCH,UNIT_SCADA,1,"2022/10/20 17:40:00",DEVILS_G,59.550160
D,DISPATCH,UNIT_SCADA,1,"2022/10/20 17:40:00",DG_NSW1,0
D,DISPATCH,UNIT_SCADA,1,"2022/10/20 17:40:00",DG_QLD1,0
D,DISPATCH,UNIT_SCADA,1,"2022/10/20 17:40:00",DG_SA1,0
D,DISPATCH,UNIT_SCADA,1,"2022/10/20 17:40:00",DG_TAS1,0
D,DISPATCH,UNIT_SCADA,1,"2022/10/20 17:40:00",DG_VIC1,0
D,DISPATCH,UNIT_SCADA,1,"2022/10/20 17:40:00",DRYCGT1,0
D,DISPATCH,UNIT_SCADA,1,"2022/10/20 17:40:00",DRYCGT2,0
D,DISPATCH,UNIT_SCADA,1,"2022/10/20 17:40:00",DRYCGT3,0
D,DISPATCH,UNIT_SCADA,1,"2022/10/20 17:40:00",DUNDWF1,69.34
D,DISPATCH,UNIT_SCADA,1,"2022/10/20 17:40:00",DUNDWF2,11.23
D,DISPATCH,UNIT_SCADA,1,"2022/10/20 17:40:00",DUNDWF3,50.99
D,DISPATCH,UNIT_SCADA,1,"2022/10/20 17:40:00",EILDON1,59.80
D,DISPATCH,UNIT_SCADA,1,"2022/10/20 17:40:00",EILDON2,60
D,DISPATCH,UNIT_SCADA,1,"2022/10/20 17:40:00",ELAINWF1,15.10
D,DISPATCH,UNIT_SCADA,1,"2022/10/20 17:40:00",EMERASF1,0
D,DISPATCH,UNIT_SCADA,1,"2022/10/20 17:40:00",ER01,0
D,DISPATCH,UNIT_SCADA,1,"2022/10/20 17:40:00",ER02,571.065860
D,DISPATCH,UNIT_SCADA,1,"2022/10/20 17:40:00",ER03,639.108890
D,DISPATCH,UNIT_SCADA,1,"2022/10/20 17:40:00",ER04,688.621340
D,DISPATCH,UNIT_SCADA,1,"2022/10/20 17:40:00",FINLYSF1,30.728620
D,DISPATCH,UNIT_SCADA,1,"2022/10/20 17:40:00",FISHER,43.71
D,DISPATCH,UNIT_SCADA,1,"2022/10/20 17:40:00",GANGARR1,0
D,DISPATCH,UNIT_SCADA,1,"2022/10/20 17:40:00",GANNBG1,0
D,DISPATCH,UNIT_SCADA,1,"2022/10/20 17:40:00",GANNBL1,0.413710
D,DISPATCH,UNIT_SCADA,1,"2022/10/20 17:40:00",GANNSF1,7.10
D,DISPATCH,UNIT_SCADA,1,"2022/10/20 17:40:00",GLRWNSF1,10.15
D,DISPATCH,UNIT_SCADA,1,"2022/10/20 17:40:00",GNNDHSF1,2.026780
D,DISPATCH,UNIT_SCADA,1,"2022/10/20 17:40:00",GOONSF1,3.653620
D,DISPATCH,UNIT_SCADA,1,"2022/10/20 17:40:00",GORDON,268.303380
D,DISPATCH,UNIT_SCADA,1,"2022/10/20 17:40:00",GRANWF1,0
D,DISPATCH,UNIT_SCADA,1,"2022/10/20 17:40:00",GSTONE1,219.45
D,DISPATCH,UNIT_SCADA,1,"2022/10/20 17:40:00",GSTONE2,0
D,DISPATCH,UNIT_SCADA,1,"2022/10/20 17:40:00",GSTONE3,199.849990
D,DISPATCH,UNIT_SCADA,1,"2022/10/20 17:40:00",GSTONE4,0
D,DISPATCH,UNIT_SCADA,1,"2022/10/20 17:40:00",GSTONE5,223.30
D,DISPATCH,UNIT_SCADA,1,"2022/10/20 17:40:00",GSTONE6,222.774990
D,DISPATCH,UNIT_SCADA,1,"2022/10/20 17:40:00",GULLRSF1,0.404990
D,DISPATCH,UNIT_SCADA,1,"2022/10/20 17:40:00",GULLRWF1,96.843540
D,DISPATCH,UNIT_SCADA,1,"2022/10/20 17:40:00",GULLRWF2,89.058980
D,DISPATCH,UNIT_SCADA,1,"2022/10/20 17:40:00",GUNNING1,0
D,DISPATCH,UNIT_SCADA,1,"2022/10/20 17:40:00",GUTHEGA,67.50
D,DISPATCH,UNIT_SCADA,1,"2022/10/20 17:40:00",HALLWF1,1.56
D,DISPATCH,UNIT_SCADA,1,"2022/10/20 17:40:00",HALLWF2,0.27
D,DISPATCH,UNIT_SCADA,1,"2022/10/20 17:40:00",HAMISF1,0
D,DISPATCH,UNIT_SCADA,1,"2022/10/20 17:40:00",HAUGHT11,0
D,DISPATCH,UNIT_SCADA,1,"2022/10/20 17:40:00",HAYMSF1,0
D,DISPATCH,UNIT_SCADA,1,"2022/10/20 17:40:00",HDWF1,18.60
D,DISPATCH,UNIT_SCADA,1,"2022/10/20 17:40:00",HDWF2,17.30
D,DISPATCH,UNIT_SCADA,1,"2022/10/20 17:40:00",HDWF3,21.60
D,DISPATCH,UNIT_SCADA,1,"2022/10/20 17:40:00",HILLSTN1,0
D,DISPATCH,UNIT_SCADA,1,"2022/10/20 17:40:00",HPRG1,0.10
D,DISPATCH,UNIT_SCADA,1,"2022/10/20 17:40:00",HPRL1,0
D,DISPATCH,UNIT_SCADA,1,"2022/10/20 17:40:00",HUMENSW,55.019710
D,DISPATCH,UNIT_SCADA,1,"2022/10/20 17:40:00",HUMEV,0
D,DISPATCH,UNIT_SCADA,1,"2022/10/20 17:40:00",HVWWBA1G,0
D,DISPATCH,UNIT_SCADA,1,"2022/10/20 17:40:00",HVWWBA1L,0.0080
D,DISPATCH,UNIT_SCADA,1,"2022/10/20 17:40:00",HVWWPV1,1.2220
D,DISPATCH,UNIT_SCADA,1,"2022/10/20 17:40:00",JBUTTERS,0
D,DISPATCH,UNIT_SCADA,1,"2022/10/20 17:40:00",JEMALNG1,2.03
D,DISPATCH,UNIT_SCADA,1,"2022/10/20 17:40:00",JLA01,0
D,DISPATCH,UNIT_SCADA,1,"2022/10/20 17:40:00",JLA02,0
D,DISPATCH,UNIT_SCADA,1,"2022/10/20 17:40:00",JLA03,0
D,DISPATCH,UNIT_SCADA,1,"2022/10/20 17:40:00",JLA04,0
D,DISPATCH,UNIT_SCADA,1,"2022/10/20 17:40:00",JLB01,0
D,DISPATCH,UNIT_SCADA,1,"2022/10/20 17:40:00",JLB02,0.10
D,DISPATCH,UNIT_SCADA,1,"2022/10/20 17:40:00",JLB03,0
D,DISPATCH,UNIT_SCADA,1,"2022/10/20 17:40:00",JUNEESF1,1.414140
D,DISPATCH,UNIT_SCADA,1,"2022/10/20 17:40:00",KABANWF1,2.3880
D,DISPATCH,UNIT_SCADA,1,"2022/10/20 17:40:00",KAREEYA1,17.9550
D,DISPATCH,UNIT_SCADA,1,"2022/10/20 17:40:00",KAREEYA2,0
D,DISPATCH,UNIT_SCADA,1,"2022/10/20 17:40:00",KAREEYA3,21.4125
D,DISPATCH,UNIT_SCADA,1,"2022/10/20 17:40:00",KAREEYA4,0
D,DISPATCH,UNIT_SCADA,1,"2022/10/20 17:40:00",KARSF1,13.30
D,DISPATCH,UNIT_SCADA,1,"2022/10/20 17:40:00",KEPSF1,0.87
D,DISPATCH,UNIT_SCADA,1,"2022/10/20 17:40:00",KEPWF1,13.29
D,DISPATCH,UNIT_SCADA,1,"2022/10/20 17:40:00",KIAMSF1,2.773330
D,DISPATCH,UNIT_SCADA,1,"2022/10/20 17:40:00",KIATAWF1,9.70
D,DISPATCH,UNIT_SCADA,1,"2022/10/20 17:40:00",KPP_1,0
D,DISPATCH,UNIT_SCADA,1,"2022/10/20 17:40:00",KSP1,2.56
D,DISPATCH,UNIT_SCADA,1,"2022/10/20 17:40:00",LADBROK1,0.02
D,DISPATCH,UNIT_SCADA,1,"2022/10/20 17:40:00",LADBROK2,0.02
D,DISPATCH,UNIT_SCADA,1,"2022/10/20 17:40:00",LBBG1,0
D,DISPATCH,UNIT_SCADA,1,"2022/10/20 17:40:00",LBBL1,1.05
D,DISPATCH,UNIT_SCADA,1,"2022/10/20 17:40:00",LD01,376.860870
D,DISPATCH,UNIT_SCADA,1,"2022/10/20 17:40:00",LD02,32.044430
D,DISPATCH,UNIT_SCADA,1,"2022/10/20 17:40:00",LD04,320.169680
D,DISPATCH,UNIT_SCADA,1,"2022/10/20 17:40:00",LEM_WIL,86.552630
D,DISPATCH,UNIT_SCADA,1,"2022/10/20 17:40:00",LGAPWF1,76.05
D,DISPATCH,UNIT_SCADA,1,"2022/10/20 17:40:00",LGAPWF2,52.76
D,DISPATCH,UNIT_SCADA,1,"2022/10/20 17:40:00",LILYSF1,0
D,DISPATCH,UNIT_SCADA,1,"2022/10/20 17:40:00",LIMOSF11,20.469220
D,DISPATCH,UNIT_SCADA,1,"2022/10/20 17:40:00",LIMOSF21,2.625860
D,DISPATCH,UNIT_SCADA,1,"2022/10/20 17:40:00",LI_WY_CA,62.368490
D,DISPATCH,UNIT_SCADA,1,"2022/10/20 17:40:00",LKBONNY1,8.216470
D,DISPATCH,UNIT_SCADA,1,"2022/10/20 17:40:00",LKBONNY2,18.358840
D,DISPATCH,UNIT_SCADA,1,"2022/10/20 17:40:00",LKBONNY3,2.456170
D,DISPATCH,UNIT_SCADA,1,"2022/10/20 17:40:00",LK_ECHO,0
D,DISPATCH,UNIT_SCADA,1,"2022/10/20 17:40:00",LNGS1,0
D,DISPATCH,UNIT_SCADA,1,"2022/10/20 17:40:00",LNGS2,0
D,DISPATCH,UNIT_SCADA,1,"2022/10/20 17:40:00",LONSDALE,0
D,DISPATCH,UNIT_SCADA,1,"2022/10/20 17:40:00",LOYYB1,579.698730
D,DISPATCH,UNIT_SCADA,1,"2022/10/20 17:40:00",LOYYB2,574.8114
D,DISPATCH,UNIT_SCADA,1,"2022/10/20 17:40:00",LYA1,559
D,DISPATCH,UNIT_SCADA,1,"2022/10/20 17:40:00",LYA2,0
D,DISPATCH,UNIT_SCADA,1,"2022/10/20 17:40:00",LYA3,559
D,DISPATCH,UNIT_SCADA,1,"2022/10/20 17:40:00",LYA4,561
D,DISPATCH,UNIT_SCADA,1,"2022/10/20 17:40:00",MACARTH1,53.998750
D,DISPATCH,UNIT_SCADA,1,"2022/10/20 17:40:00",MACKNTSH,24.90
D,DISPATCH,UNIT_SCADA,1,"2022/10/20 17:40:00",MANSLR1,1.4690
D,DISPATCH,UNIT_SCADA,1,"2022/10/20 17:40:00",MAPS2PV1,0
D,DISPATCH,UNIT_SCADA,1,"2022/10/20 17:40:00",MAPS3PV1,0
D,DISPATCH,UNIT_SCADA,1,"2022/10/20 17:40:00",MARYRSF1,0.61
D,DISPATCH,UNIT_SCADA,1,"2022/10/20 17:40:00",MBPS2PV1,0
D,DISPATCH,UNIT_SCADA,1,"2022/10/20 17:40:00",MCKAY1,220.179990
D,DISPATCH,UNIT_SCADA,1,"2022/10/20 17:40:00",MEADOWBK,10.660340
D,DISPATCH,UNIT_SCADA,1,"2022/10/20 17:40:00",MERCER01,27.40
D,DISPATCH,UNIT_SCADA,1,"2022/10/20 17:40:00",METZSF1,3.787710
D,DISPATCH,UNIT_SCADA,1,"2022/10/20 17:40:00",MEWF1,0
D,DISPATCH,UNIT_SCADA,1,"2022/10/20 17:40:00",MIDDLSF1,0.21
D,DISPATCH,UNIT_SCADA,1,"2022/10/20 17:40:00",MINTARO,0.128180
D,DISPATCH,UNIT_SCADA,1,"2022/10/20 17:40:00",MOLNGSF1,1.231710
D,DISPATCH,UNIT_SCADA,1,"2022/10/20 17:40:00",MOORAWF1,30.90
D,DISPATCH,UNIT_SCADA,1,"2022/10/20 17:40:00",MOREESF1,0.2780
D,DISPATCH,UNIT_SCADA,1,"2022/10/20 17:40:00",MORTLK11,0
D,DISPATCH,UNIT_SCADA,1,"2022/10/20 17:40:00",MORTLK12,0
D,DISPATCH,UNIT_SCADA,1,"2022/10/20 17:40:00",MOUSF1,0
D,DISPATCH,UNIT_SCADA,1,"2022/10/20 17:40:00",MP1,0
D,DISPATCH,UNIT_SCADA,1,"2022/10/20 17:40:00",MP2,638.9624
D,DISPATCH,UNIT_SCADA,1,"2022/10/20 17:40:00",MPP_1,176.321210
D,DISPATCH,UNIT_SCADA,1,"2022/10/20 17:40:00",MPP_2,181.326260
D,DISPATCH,UNIT_SCADA,1,"2022/10/20 17:40:00",MRTLSWF1,0
D,DISPATCH,UNIT_SCADA,1,"2022/10/20 17:40:00",MSTUART1,0
D,DISPATCH,UNIT_SCADA,1,"2022/10/20 17:40:00",MSTUART2,0
D,DISPATCH,UNIT_SCADA,1,"2022/10/20 17:40:00",MSTUART3,0
D,DISPATCH,UNIT_SCADA,1,"2022/10/20 17:40:00",MTGELWF1,55.920590
D,DISPATCH,UNIT_SCADA,1,"2022/10/20 17:40:00",MTMILLAR,13.90
D,DISPATCH,UNIT_SCADA,1,"2022/10/20 17:40:00",MURRAY,283.100010
D,DISPATCH,UNIT_SCADA,1,"2022/10/20 17:40:00",MUSSELR1,4.90
D,DISPATCH,UNIT_SCADA,1,"2022/10/20 17:40:00",MUWAWF1,7.93
D,DISPATCH,UNIT_SCADA,1,"2022/10/20 17:40:00",MUWAWF2,8.20
D,DISPATCH,UNIT_SCADA,1,"2022/10/20 17:40:00",MWPS1PV1,0.12
D,DISPATCH,UNIT_SCADA,1,"2022/10/20 17:40:00",MWPS2PV1,0.38
D,DISPATCH,UNIT_SCADA,1,"2022/10/20 17:40:00",MWPS3PV1,0.57
D,DISPATCH,UNIT_SCADA,1,"2022/10/20 17:40:00",MWPS4PV1,3.83
D,DISPATCH,UNIT_SCADA,1,"2022/10/20 17:40:00",NBHWF1,11.80
D,DISPATCH,UNIT_SCADA,1,"2022/10/20 17:40:00",NEVERSF1,3.92
D,DISPATCH,UNIT_SCADA,1,"2022/10/20 17:40:00",NPS,0
D,DISPATCH,UNIT_SCADA,1,"2022/10/20 17:40:00",NUMURSF1,12.35
D,DISPATCH,UNIT_SCADA,1,"2022/10/20 17:40:00",NYNGAN1,12.75
D,DISPATCH,UNIT_SCADA,1,"2022/10/20 17:40:00",OAKEY1,125.786270
D,DISPATCH,UNIT_SCADA,1,"2022/10/20 17:40:00",OAKEY1SF,0.4070
D,DISPATCH,UNIT_SCADA,1,"2022/10/20 17:40:00",OAKEY2,0
D,DISPATCH,UNIT_SCADA,1,"2022/10/20 17:40:00",OAKEY2SF,0.90
D,DISPATCH,UNIT_SCADA,1,"2022/10/20 17:40:00",OAKLAND1,19.80
D,DISPATCH,UNIT_SCADA,1,"2022/10/20 17:40:00",OSB-AG,149.75
D,DISPATCH,UNIT_SCADA,1,"2022/10/20 17:40:00",PAREPS1,0
D,DISPATCH,UNIT_SCADA,1,"2022/10/20 17:40:00",PAREPW1,166.30
D,DISPATCH,UNIT_SCADA,1,"2022/10/20 17:40:00",PARSF1,2.699320
D,DISPATCH,UNIT_SCADA,1,"2022/10/20 17:40:00",POAT110,3.17
D,DISPATCH,UNIT_SCADA,1,"2022/10/20 17:40:00",POAT220,0
D,DISPATCH,UNIT_SCADA,1,"2022/10/20 17:40:00",POR01,0.008670
D,DISPATCH,UNIT_SCADA,1,"2022/10/20 17:40:00",POR03,0
D,DISPATCH,UNIT_SCADA,1,"2022/10/20 17:40:00",PPCCGT,164.156680
D,DISPATCH,UNIT_SCADA,1,"2022/10/20 17:40:00",PTSTAN1,0
D,DISPATCH,UNIT_SCADA,1,"2022/10/20 17:40:00",PUMP1,0
D,DISPATCH,UNIT_SCADA,1,"2022/10/20 17:40:00",PUMP2,0
D,DISPATCH,UNIT_SCADA,1,"2022/10/20 17:40:00",QBYNBG1,0.0015
D,DISPATCH,UNIT_SCADA,1,"2022/10/20 17:40:00",QBYNBL1,0
D,DISPATCH,UNIT_SCADA,1,"2022/10/20 17:40:00",QPS1,0
D,DISPATCH,UNIT_SCADA,1,"2022/10/20 17:40:00",QPS2,0
D,DISPATCH,UNIT_SCADA,1,"2022/10/20 17:40:00",QPS3,0
D,DISPATCH,UNIT_SCADA,1,"2022/10/20 17:40:00",QPS4,0
D,DISPATCH,UNIT_SCADA,1,"2022/10/20 17:40:00",QPS5,115.56
D,DISPATCH,UNIT_SCADA,1,"2022/10/20 17:40:00",REECE1,55.683340
D,DISPATCH,UNIT_SCADA,1,"2022/10/20 17:40:00",REECE2,44.37
D,DISPATCH,UNIT_SCADA,1,"2022/10/20 17:40:00",ROMA_7,0
D,DISPATCH,UNIT_SCADA,1,"2022/10/20 17:40:00",ROMA_8,0
D,DISPATCH,UNIT_SCADA,1,"2022/10/20 17:40:00",RRSF1,0
D,DISPATCH,UNIT_SCADA,1,"2022/10/20 17:40:00",RT_NSW1,0
D,DISPATCH,UNIT_SCADA,1,"2022/10/20 17:40:00",RT_NSW2,0
D,DISPATCH,UNIT_SCADA,1,"2022/10/20 17:40:00",RT_NSW3,0
D,DISPATCH,UNIT_SCADA,1,"2022/10/20 17:40:00",RT_NSW4,0
D,DISPATCH,UNIT_SCADA,1,"2022/10/20 17:40:00",RT_NSW5,0
D,DISPATCH,UNIT_SCADA,1,"2022/10/20 17:40:00",RT_NSW6,0
D,DISPATCH,UNIT_SCADA,1,"2022/10/20 17:40:00",RT_QLD1,0
D,DISPATCH,UNIT_SCADA,1,"2022/10/20 17:40:00",RT_SA1,0
D,DISPATCH,UNIT_SCADA,1,"2022/10/20 17:40:00",RT_SA2,0
D,DISPATCH,UNIT_SCADA,1,"2022/10/20 17:40:00",RT_SA3,0
D,DISPATCH,UNIT_SCADA,1,"2022/10/20 17:40:00",RT_SA4,0
D,DISPATCH,UNIT_SCADA,1,"2022/10/20 17:40:00",RT_SA5,0
D,DISPATCH,UNIT_SCADA,1,"2022/10/20 17:40:00",RT_SA6,0
D,DISPATCH,UNIT_SCADA,1,"2022/10/20 17:40:00",RT_TAS1,0
D,DISPATCH,UNIT_SCADA,1,"2022/10/20 17:40:00",RT_VIC1,0
D,DISPATCH,UNIT_SCADA,1,"2022/10/20 17:40:00",RT_VIC10,0
D,DISPATCH,UNIT_SCADA,1,"2022/10/20 17:40:00",RT_VIC11,0
D,DISPATCH,UNIT_SCADA,1,"2022/10/20 17:40:00",RT_VIC12,0
D,DISPATCH,UNIT_SCADA,1,"2022/10/20 17:40:00",RT_VIC2,0
D,DISPATCH,UNIT_SCADA,1,"2022/10/20 17:40:00",RT_VIC3,0
D,DISPATCH,UNIT_SCADA,1,"2022/10/20 17:40:00",RT_VIC4,0
D,DISPATCH,UNIT_SCADA,1,"2022/10/20 17:40:00",RT_VIC5,0
D,DISPATCH,UNIT_SCADA,1,"2022/10/20 17:40:00",RT_VIC6,0
D,DISPATCH,UNIT_SCADA,1,"2022/10/20 17:40:00",RT_VIC7,0
D,DISPATCH,UNIT_SCADA,1,"2022/10/20 17:40:00",RT_VIC8,0
D,DISPATCH,UNIT_SCADA,1,"2022/10/20 17:40:00",RT_VIC9,0
D,DISPATCH,UNIT_SCADA,1,"2022/10/20 17:40:00",RUGBYR1,5.832450
D,DISPATCH,UNIT_SCADA,1,"2022/10/20 17:40:00",SALTCRK1,19.25
D,DISPATCH,UNIT_SCADA,1,"2022/10/20 17:40:00",SAPHWF1,132.007320
D,DISPATCH,UNIT_SCADA,1,"2022/10/20 17:40:00",SEBSF1,1.737390
D,DISPATCH,UNIT_SCADA,1,"2022/10/20 17:40:00",SHGEN,78.805780
D,DISPATCH,UNIT_SCADA,1,"2022/10/20 17:40:00",SHPUMP,0
D,DISPATCH,UNIT_SCADA,1,"2022/10/20 17:40:00",SITHE01,0.083520
D,DISPATCH,UNIT_SCADA,1,"2022/10/20 17:40:00",SMCSF1,0
D,DISPATCH,UNIT_SCADA,1,"2022/10/20 17:40:00",SNAPPER1,0
D,DISPATCH,UNIT_SCADA,1,"2022/10/20 17:40:00",SNOWNTH1,20.90
D,DISPATCH,UNIT_SCADA,1,"2022/10/20 17:40:00",SNOWSTH1,17.10
D,DISPATCH,UNIT_SCADA,1,"2022/10/20 17:40:00",SNOWTWN1,9.064690
D,DISPATCH,UNIT_SCADA,1,"2022/10/20 17:40:00",SNOWYP,0
D,DISPATCH,UNIT_SCADA,1,"2022/10/20 17:40:00",SNUG1,0
D,DISPATCH,UNIT_SCADA,1,"2022/10/20 17:40:00",SRSF1,0
D,DISPATCH,UNIT_SCADA,1,"2022/10/20 17:40:00",STAN-1,278.441070
D,DISPATCH,UNIT_SCADA,1,"2022/10/20 17:40:00",STAN-2,363.243620
D,DISPATCH,UNIT_SCADA,1,"2022/10/20 17:40:00",STAN-3,361.795230
D,DISPATCH,UNIT_SCADA,1,"2022/10/20 17:40:00",STAN-4,362.525850
D,DISPATCH,UNIT_SCADA,1,"2022/10/20 17:40:00",STARHLWF,20.294080
D,DISPATCH,UNIT_SCADA,1,"2022/10/20 17:40:00",STOCKYD1,209.13
D,DISPATCH,UNIT_SCADA,1,"2022/10/20 17:40:00",STWF1,11.442440
D,DISPATCH,UNIT_SCADA,1,"2022/10/20 17:40:00",SUNRSF1,17.225910
D,DISPATCH,UNIT_SCADA,1,"2022/10/20 17:40:00",SUNTPSF1,11.813530
D,DISPATCH,UNIT_SCADA,1,"2022/10/20 17:40:00",SWAN_E,344.538150
D,DISPATCH,UNIT_SCADA,1,"2022/10/20 17:40:00",TALWA1,0
D,DISPATCH,UNIT_SCADA,1,"2022/10/20 17:40:00",TARALGA1,0
D,DISPATCH,UNIT_SCADA,1,"2022/10/20 17:40:00",TARONG#1,349.100010
D,DISPATCH,UNIT_SCADA,1,"2022/10/20 17:40:00",TARONG#2,348.700010
D,DISPATCH,UNIT_SCADA,1,"2022/10/20 17:40:00",TARONG#3,0.90
D,DISPATCH,UNIT_SCADA,1,"2022/10/20 17:40:00",TARONG#4,245.20
D,DISPATCH,UNIT_SCADA,1,"2022/10/20 17:40:00",TARRALEA,54
D,DISPATCH,UNIT_SCADA,1,"2022/10/20 17:40:00",TBSF1,21.40
D,DISPATCH,UNIT_SCADA,1,"2022/10/20 17:40:00",TNPS1,419.3125
D,DISPATCH,UNIT_SCADA,1,"2022/10/20 17:40:00",TORRB1,0
D,DISPATCH,UNIT_SCADA,1,"2022/10/20 17:40:00",TORRB2,59
D,DISPATCH,UNIT_SCADA,1,"2022/10/20 17:40:00",TORRB3,0
D,DISPATCH,UNIT_SCADA,1,"2022/10/20 17:40:00",TORRB4,0
D,DISPATCH,UNIT_SCADA,1,"2022/10/20 17:40:00",TREVALLN,99.3046
D,DISPATCH,UNIT_SCADA,1,"2022/10/20 17:40:00",TRIBUTE,0
D,DISPATCH,UNIT_SCADA,1,"2022/10/20 17:40:00",TUMUT3,295.37
D,DISPATCH,UNIT_SCADA,1,"2022/10/20 17:40:00",TUNGATIN,5.300020
D,DISPATCH,UNIT_SCADA,1,"2022/10/20 17:40:00",TVCC201,0
D,DISPATCH,UNIT_SCADA,1,"2022/10/20 17:40:00",TVPP104,57.826560
D,DISPATCH,UNIT_SCADA,1,"2022/10/20 17:40:00",UPPTUMUT,116.995530
D,DISPATCH,UNIT_SCADA,1,"2022/10/20 17:40:00",URANQ11,0
D,DISPATCH,UNIT_SCADA,1,"2022/10/20 17:40:00",URANQ12,0
D,DISPATCH,UNIT_SCADA,1,"2022/10/20 17:40:00",URANQ13,0
D,DISPATCH,UNIT_SCADA,1,"2022/10/20 17:40:00",URANQ14,154.320590
D,DISPATCH,UNIT_SCADA,1,"2022/10/20 17:40:00",VBBG1,0
D,DISPATCH,UNIT_SCADA,1,"2022/10/20 17:40:00",VBBL1,1.90
D,DISPATCH,UNIT_SCADA,1,"2022/10/20 17:40:00",VP5,593.597230
D,DISPATCH,UNIT_SCADA,1,"2022/10/20 17:40:00",VP6,602.557430
D,DISPATCH,UNIT_SCADA,1,"2022/10/20 17:40:00",VPGS1,0
D,DISPATCH,UNIT_SCADA,1,"2022/10/20 17:40:00",VPGS2,0
D,DISPATCH,UNIT_SCADA,1,"2022/10/20 17:40:00",VPGS3,0
D,DISPATCH,UNIT_SCADA,1,"2022/10/20 17:40:00",VPGS4,0
D,DISPATCH,UNIT_SCADA,1,"2022/10/20 17:40:00",VPGS5,0
D,DISPATCH,UNIT_SCADA,1,"2022/10/20 17:40:00",VPGS6,0
D,DISPATCH,UNIT_SCADA,1,"2022/10/20 17:40:00",W/HOE#1,159.25
D,DISPATCH,UNIT_SCADA,1,"2022/10/20 17:40:00",W/HOE#2,0
D,DISPATCH,UNIT_SCADA,1,"2022/10/20 17:40:00",WAGGNSF1,0
D,DISPATCH,UNIT_SCADA,1,"2022/10/20 17:40:00",WALGRVG1,0
D,DISPATCH,UNIT_SCADA,1,"2022/10/20 17:40:00",WALGRVL1,2.143630
D,DISPATCH,UNIT_SCADA,1,"2022/10/20 17:40:00",WANDBG1,0
D,DISPATCH,UNIT_SCADA,1,"2022/10/20 17:40:00",WANDBL1,0.205280
D,DISPATCH,UNIT_SCADA,1,"2022/10/20 17:40:00",WARWSF1,0.82
D,DISPATCH,UNIT_SCADA,1,"2022/10/20 17:40:00",WARWSF2,0.91
D,DISPATCH,UNIT_SCADA,1,"2022/10/20 17:40:00",WATERLWF,0
D,DISPATCH,UNIT_SCADA,1,"2022/10/20 17:40:00",WDGPH1,0
D,DISPATCH,UNIT_SCADA,1,"2022/10/20 17:40:00",WELLSF1,6.393530
D,DISPATCH,UNIT_SCADA,1,"2022/10/20 17:40:00",WEMENSF1,6.70
D,DISPATCH,UNIT_SCADA,1,"2022/10/20 17:40:00",WGWF1,9.70
D,DISPATCH,UNIT_SCADA,1,"2022/10/20 17:40:00",WHITSF1,0
D,DISPATCH,UNIT_SCADA,1,"2022/10/20 17:40:00",WINTSF1,7.96
D,DISPATCH,UNIT_SCADA,1,"2022/10/20 17:40:00",WKIEWA1,33.90
D,DISPATCH,UNIT_SCADA,1,"2022/10/20 17:40:00",WKIEWA2,34
D,DISPATCH,UNIT_SCADA,1,"2022/10/20 17:40:00",WOODLWN1,30.186490
D,DISPATCH,UNIT_SCADA,1,"2022/10/20 17:40:00",WOOLGSF1,0
D,DISPATCH,UNIT_SCADA,1,"2022/10/20 17:40:00",WPWF,39.35
D,DISPATCH,UNIT_SCADA,1,"2022/10/20 17:40:00",WRSF1,0.739770
D,DISPATCH,UNIT_SCADA,1,"2022/10/20 17:40:00",WRWF1,89.308610
D,DISPATCH,UNIT_SCADA,1,"2022/10/20 17:40:00",WSTWYSF1,0.265310
D,DISPATCH,UNIT_SCADA,1,"2022/10/20 17:40:00",YABULU,151.200010
D,DISPATCH,UNIT_SCADA,1,"2022/10/20 17:40:00",YABULU2,0
D,DISPATCH,UNIT_SCADA,1,"2022/10/20 17:40:00",YARANSF1,1.94
D,DISPATCH,UNIT_SCADA,1,"2022/10/20 17:40:00",YARWUN_1,160.66
D,DISPATCH,UNIT_SCADA,1,"2022/10/20 17:40:00",YATSF1,9.57
D,DISPATCH,UNIT_SCADA,1,"2022/10/20 17:40:00",YENDWF1,24.42
D,DISPATCH,UNIT_SCADA,1,"2022/10/20 17:40:00",YWPS1,353.6329
D,DISPATCH,UNIT_SCADA,1,"2022/10/20 17:40:00",YWPS2,290.473420
D,DISPATCH,UNIT_SCADA,1,"2022/10/20 17:40:00",YWPS3,360.235440
D,DISPATCH,UNIT_SCADA,1,"2022/10/20 17:40:00",YWPS4,0
C,"END OF REPORT",419
