C,NEMP.WORLD,DISPATCHSCADA,AEMO,PUBLIC,2022/10/20,05:50:09,0000000373233006,DISPATCHSCADA,0000000373233000
I,DISPATCH,UNIT_SCADA,1,SETTLEMENTDATE,DUID,SCADAVALUE
D,DISPATCH,UNIT_SCADA,1,"2022/10/20 05:55:00",BARCSF1,0.10
D,DISPATCH,UNIT_SCADA,1,"2022/10/20 05:55:00",BUTLERSG,8.699999
D,DISPATCH,UNIT_SCADA,1,"2022/10/20 05:55:00",CAPTL_WF,30.273899
D,DISPATCH,UNIT_SCADA,1,"2022/10/20 05:55:00",CHALLHWF,17.799999
D,DISPATCH,UNIT_SCADA,1,"2022/10/20 05:55:00",CLOVER,13.16
D,DISPATCH,UNIT_SCADA,1,"2022/10/20 05:55:00",CLUNY,6.281987
D,DISPATCH,UNIT_SCADA,1,"2022/10/20 05:55:00",CULLRGWF,-0.05
D,DISPATCH,UNIT_SCADA,1,"2022/10/20 05:55:00",DIAPURWF1,7.20
D,DISPATCH,UNIT_SCADA,1,"2022/10/20 05:55:00",ERGT01,0
D,DISPATCH,UNIT_SCADA,1,"2022/10/20 05:55:00",GB01,0
D,DISPATCH,UNIT_SCADA,1,"2022/10/20 05:55:00",GERMCRK,23
D,DISPATCH,UNIT_SCADA,1,"2022/10/20 05:55:00",GRIFSF1,0.199893
D,DISPATCH,UNIT_SCADA,1,"2022/10/20 05:55:00",HEZ1,0
D,DISPATCH,UNIT_SCADA,1,"2022/10/20 05:55:00",HUGSF1,-0.1740
D,DISPATCH,UNIT_SCADA,1,"2022/10/20 05:55:00",KEPBG1,0.01
D,DISPATCH,UNIT_SCADA,1,"2022/10/20 05:55:00",LRSF1,0.0240
D,DISPATCH,UNIT_SCADA,1,"2022/10/20 05:55:00",MBAHNTH,47.962494
D,DISPATCH,UNIT_SCADA,1,"2022/10/20 05:55:00",MLSP1,0.409001
D,DISPATCH,UNIT_SCADA,1,"2022/10/20 05:55:00",MLWF1,3.4350
D,DISPATCH,UNIT_SCADA,1,"2022/10/20 05:55:00",PALOONA,30.179998
D,DISPATCH,UNIT_SCADA,1,"2022/10/20 05:55:00",PIONEER,43.200001
D,DISPATCH,UNIT_SCADA,1,"2022/10/20 05:55:00",PORTWF,38.299999
D,DISPATCH,UNIT_SCADA,1,"2022/10/20 05:55:00",REPULSE,9.435569
D,DISPATCH,UNIT_SCADA,1,"2022/10/20 05:55:00",ROWALLAN,9.0667
D,DISPATCH,UNIT_SCADA,1,"2022/10/20 05:55:00",ROYALLA1,0
D,DISPATCH,UNIT_SCADA,1,"2022/10/20 05:55:00",RPCG,-1.20
D,DISPATCH,UNIT_SCADA,1,"2022/10/20 05:55:00",RUBICON,0
D,DISPATCH,UNIT_SCADA,1,"2022/10/20 05:55:00",WAUBRAWF,80.064003
D,DISPATCH,UNIT_SCADA,1,"2022/10/20 05:55:00",WOOLNTH1,35.860001
D,DISPATCH,UNIT_SCADA,1,"2022/10/20 05:55:00",YAMBUKWF,5.20
D,DISPATCH,UNIT_SCADA,1,"2022/10/20 05:55:00",YSWF1,0.90
D,DISPATCH,UNIT_SCADA,1,"2022/10/20 05:55:00",ADPBA1G,0.0080
D,DISPATCH,UNIT_SCADA,1,"2022/10/20 05:55:00",ADPBA1L,0
D,DISPATCH,UNIT_SCADA,1,"2022/10/20 05:55:00",ADPPV1,0
D,DISPATCH,UNIT_SCADA,1,"2022/10/20 05:55:00",AGLHAL,0
D,DISPATCH,UNIT_SCADA,1,"2022/10/20 05:55:00",AGLSOM,0
D,DISPATCH,UNIT_SCADA,1,"2022/10/20 05:55:00",ANGAST1,0
D,DISPATCH,UNIT_SCADA,1,"2022/10/20 05:55:00",ARWF1,12.30
D,DISPATCH,UNIT_SCADA,1,"2022/10/20 05:55:00",BALBG1,0
D,DISPATCH,UNIT_SCADA,1,"2022/10/20 05:55:00",BALBL1,0
D,DISPATCH,UNIT_SCADA,1,"2022/10/20 05:55:00",BALDHWF1,4.6310
D,DISPATCH,UNIT_SCADA,1,"2022/10/20 05:55:00",BANGOWF1,64.998550
D,DISPATCH,UNIT_SCADA,1,"2022/10/20 05:55:00",BANGOWF2,63.298310
D,DISPATCH,UNIT_SCADA,1,"2022/10/20 05:55:00",BANN1,0
D,DISPATCH,UNIT_SCADA,1,"2022/10/20 05:55:00",BARCALDN,0
D,DISPATCH,UNIT_SCADA,1,"2022/10/20 05:55:00",BARKIPS1,0
D,DISPATCH,UNIT_SCADA,1,"2022/10/20 05:55:00",BARRON-1,28.04
D,DISPATCH,UNIT_SCADA,1,"2022/10/20 05:55:00",BARRON-2,0
D,DISPATCH,UNIT_SCADA,1,"2022/10/20 05:55:00",BASTYAN,0
D,DISPATCH,UNIT_SCADA,1,"2022/10/20 05:55:00",BBTHREE1,0
D,DISPATCH,UNIT_SCADA,1,"2022/10/20 05:55:00",BBTHREE2,0
D,DISPATCH,UNIT_SCADA,1,"2022/10/20 05:55:00",BBTHREE3,0
D,DISPATCH,UNIT_SCADA,1,"2022/10/20 05:55:00",BDL01,0
D,DISPATCH,UNIT_SCADA,1,"2022/10/20 05:55:00",BDL02,0
D,DISPATCH,UNIT_SCADA,1,"2022/10/20 05:55:00",BERYLSF1,0
D,DISPATCH,UNIT_SCADA,1,"2022/10/20 05:55:00",BLOWERNG,62.60
D,DISPATCH,UNIT_SCADA,1,"2022/10/20 05:55:00",BLUEGSF1,1.234560
D,DISPATCH,UNIT_SCADA,1,"2022/10/20 05:55:00",BLUFF1,10.40
D,DISPATCH,UNIT_SCADA,1,"2022/10/20 05:55:00",BNGSF1,0
D,DISPATCH,UNIT_SCADA,1,"2022/10/20 05:55:00",BNGSF2,0
D,DISPATCH,UNIT_SCADA,1,"2022/10/20 05:55:00",BOCORWF1,0
D,DISPATCH,UNIT_SCADA,1,"2022/10/20 05:55:00",BODWF1,109.103460
D,DISPATCH,UNIT_SCADA,1,"2022/10/20 05:55:00",BOMENSF1,5.520710
D,DISPATCH,UNIT_SCADA,1,"2022/10/20 05:55:00",BOWWBA1G,0
D,DISPATCH,UNIT_SCADA,1,"2022/10/20 05:55:00",BOWWBA1L,0
D,DISPATCH,UNIT_SCADA,1,"2022/10/20 05:55:00",BOWWPV1,0
D,DISPATCH,UNIT_SCADA,1,"2022/10/20 05:55:00",BRAEMAR1,0
D,DISPATCH,UNIT_SCADA,1,"2022/10/20 05:55:00",BRAEMAR2,0
D,DISPATCH,UNIT_SCADA,1,"2022/10/20 05:55:00",BRAEMAR3,0
D,DISPATCH,UNIT_SCADA,1,"2022/10/20 05:55:00",BRAEMAR5,0.292060
D,DISPATCH,UNIT_SCADA,1,"2022/10/20 05:55:00",BRAEMAR6,0
D,DISPATCH,UNIT_SCADA,1,"2022/10/20 05:55:00",BRAEMAR7,0.130920
D,DISPATCH,UNIT_SCADA,1,"2022/10/20 05:55:00",BROKENH1,0
D,DISPATCH,UNIT_SCADA,1,"2022/10/20 05:55:00",BRYB1WF1,92.741280
D,DISPATCH,UNIT_SCADA,1,"2022/10/20 05:55:00",BULBESG1,0
D,DISPATCH,UNIT_SCADA,1,"2022/10/20 05:55:00",BULBESL1,0.03
D,DISPATCH,UNIT_SCADA,1,"2022/10/20 05:55:00",BULGANA1,53.66
D,DISPATCH,UNIT_SCADA,1,"2022/10/20 05:55:00",BW01,564.107730
D,DISPATCH,UNIT_SCADA,1,"2022/10/20 05:55:00",BW02,583.248660
D,DISPATCH,UNIT_SCADA,1,"2022/10/20 05:55:00",BW03,547.9942
D,DISPATCH,UNIT_SCADA,1,"2022/10/20 05:55:00",BW04,0
D,DISPATCH,UNIT_SCADA,1,"2022/10/20 05:55:00",CALL_B_1,318.200010
D,DISPATCH,UNIT_SCADA,1,"2022/10/20 05:55:00",CALL_B_2,319
D,DISPATCH,UNIT_SCADA,1,"2022/10/20 05:55:00",CATHROCK,5.70
D,DISPATCH,UNIT_SCADA,1,"2022/10/20 05:55:00",CBWWBA1G,0
D,DISPATCH,UNIT_SCADA,1,"2022/10/20 05:55:00",CBWWBA1L,0
D,DISPATCH,UNIT_SCADA,1,"2022/10/20 05:55:00",CETHANA,97.825250
D,DISPATCH,UNIT_SCADA,1,"2022/10/20 05:55:00",CG1,0
D,DISPATCH,UNIT_SCADA,1,"2022/10/20 05:55:00",CG2,0
D,DISPATCH,UNIT_SCADA,1,"2022/10/20 05:55:00",CG3,0
D,DISPATCH,UNIT_SCADA,1,"2022/10/20 05:55:00",CG4,0
D,DISPATCH,UNIT_SCADA,1,"2022/10/20 05:55:00",CHILDSF1,0
D,DISPATCH,UNIT_SCADA,1,"2022/10/20 05:55:00",CHYTWF1,5.69
D,DISPATCH,UNIT_SCADA,1,"2022/10/20 05:55:00",CLARESF1,0
D,DISPATCH,UNIT_SCADA,1,"2022/10/20 05:55:00",CLEMGPWF,14.911250
D,DISPATCH,UNIT_SCADA,1,"2022/10/20 05:55:00",CLERMSF1,0
D,DISPATCH,UNIT_SCADA,1,"2022/10/20 05:55:00",CNUNDAWF,14.717170
D,DISPATCH,UNIT_SCADA,1,"2022/10/20 05:55:00",COHUNSF1,0.02
D,DISPATCH,UNIT_SCADA,1,"2022/10/20 05:55:00",COLEASF1,0
D,DISPATCH,UNIT_SCADA,1,"2022/10/20 05:55:00",COLUMSF1,0.7510
D,DISPATCH,UNIT_SCADA,1,"2022/10/20 05:55:00",COLWF01,107.765320
D,DISPATCH,UNIT_SCADA,1,"2022/10/20 05:55:00",COOPGWF1,375.519990
D,DISPATCH,UNIT_SCADA,1,"2022/10/20 05:55:00",CPP_3,357.50
D,DISPATCH,UNIT_SCADA,1,"2022/10/20 05:55:00",CPP_4,0
D,DISPATCH,UNIT_SCADA,1,"2022/10/20 05:55:00",CPSA,0
D,DISPATCH,UNIT_SCADA,1,"2022/10/20 05:55:00",CROOKWF2,29.782560
D,DISPATCH,UNIT_SCADA,1,"2022/10/20 05:55:00",CROWLWF1,35.1703
D,DISPATCH,UNIT_SCADA,1,"2022/10/20 05:55:00",CRURWF1,88.7966
D,DISPATCH,UNIT_SCADA,1,"2022/10/20 05:55:00",CRWASF1,1.348990
D,DISPATCH,UNIT_SCADA,1,"2022/10/20 05:55:00",CSPVPS1,0.2770
D,DISPATCH,UNIT_SCADA,1,"2022/10/20 05:55:00",CTHLWF1,0.003050
D,DISPATCH,UNIT_SCADA,1,"2022/10/20 05:55:00",DALNTH01,0
D,DISPATCH,UNIT_SCADA,1,"2022/10/20 05:55:00",DALNTHL1,5.937280
D,DISPATCH,UNIT_SCADA,1,"2022/10/20 05:55:00",DARLSF1,1.239830
D,DISPATCH,UNIT_SCADA,1,"2022/10/20 05:55:00",DARTM1,0
D,DISPATCH,UNIT_SCADA,1,"2022/10/20 05:55:00",DAYDSF1,0
D,DISPATCH,UNIT_SCADA,1,"2022/10/20 05:55:00",DDPS1,0
D,DISPATCH,UNIT_SCADA,1,"2022/10/20 05:55:00",DDSF1,1.132670
D,DISPATCH,UNIT_SCADA,1,"2022/10/20 05:55:00",DEVILS_G,59.916380
D,DISPATCH,UNIT_SCADA,1,"2022/10/20 05:55:00",DG_NSW1,0
D,DISPATCH,UNIT_SCADA,1,"2022/10/20 05:55:00",DG_QLD1,0
D,DISPATCH,UNIT_SCADA,1,"2022/10/20 05:55:00",DG_SA1,0
D,DISPATCH,UNIT_SCADA,1,"2022/10/20 05:55:00",DG_TAS1,0
D,DISPATCH,UNIT_SCADA,1,"2022/10/20 05:55:00",DG_VIC1,0
D,DISPATCH,UNIT_SCADA,1,"2022/10/20 05:55:00",DRYCGT1,0
D,DISPATCH,UNIT_SCADA,1,"2022/10/20 05:55:00",DRYCGT2,0
D,DISPATCH,UNIT_SCADA,1,"2022/10/20 05:55:00",DRYCGT3,0
D,DISPATCH,UNIT_SCADA,1,"2022/10/20 05:55:00",DUNDWF1,77.43
D,DISPATCH,UNIT_SCADA,1,"2022/10/20 05:55:00",DUNDWF2,22.25
D,DISPATCH,UNIT_SCADA,1,"2022/10/20 05:55:00",DUNDWF3,62.13
D,DISPATCH,UNIT_SCADA,1,"2022/10/20 05:55:00",EILDON1,59.88
D,DISPATCH,UNIT_SCADA,1,"2022/10/20 05:55:00",EILDON2,60.08
D,DISPATCH,UNIT_SCADA,1,"2022/10/20 05:55:00",ELAINWF1,22.23
D,DISPATCH,UNIT_SCADA,1,"2022/10/20 05:55:00",EMERASF1,0
D,DISPATCH,UNIT_SCADA,1,"2022/10/20 05:55:00",ER01,0
D,DISPATCH,UNIT_SCADA,1,"2022/10/20 05:55:00",ER02,662.473510
D,DISPATCH,UNIT_SCADA,1,"2022/10/20 05:55:00",ER03,661.643370
D,DISPATCH,UNIT_SCADA,1,"2022/10/20 05:55:00",ER04,660.935360
D,DISPATCH,UNIT_SCADA,1,"2022/10/20 05:55:00",FINLYSF1,4.220650
D,DISPATCH,UNIT_SCADA,1,"2022/10/20 05:55:00",FISHER,45.87
D,DISPATCH,UNIT_SCADA,1,"2022/10/20 05:55:00",GANGARR1,0
D,DISPATCH,UNIT_SCADA,1,"2022/10/20 05:55:00",GANNBG1,0
D,DISPATCH,UNIT_SCADA,1,"2022/10/20 05:55:00",GANNBL1,0.110190
D,DISPATCH,UNIT_SCADA,1,"2022/10/20 05:55:00",GANNSF1,0.60
D,DISPATCH,UNIT_SCADA,1,"2022/10/20 05:55:00",GLRWNSF1,4.36
D,DISPATCH,UNIT_SCADA,1,"2022/10/20 05:55:00",GNNDHSF1,2.877780
D,DISPATCH,UNIT_SCADA,1,"2022/10/20 05:55:00",GOONSF1,0
D,DISPATCH,UNIT_SCADA,1,"2022/10/20 05:55:00",GORDON,258.498440
D,DISPATCH,UNIT_SCADA,1,"2022/10/20 05:55:00",GRANWF1,8.64
D,DISPATCH,UNIT_SCADA,1,"2022/10/20 05:55:00",GSTONE1,201.4250
D,DISPATCH,UNIT_SCADA,1,"2022/10/20 05:55:00",GSTONE2,0
D,DISPATCH,UNIT_SCADA,1,"2022/10/20 05:55:00",GSTONE3,199.849990
D,DISPATCH,UNIT_SCADA,1,"2022/10/20 05:55:00",GSTONE4,0
D,DISPATCH,UNIT_SCADA,1,"2022/10/20 05:55:00",GSTONE5,202.1250
D,DISPATCH,UNIT_SCADA,1,"2022/10/20 05:55:00",GSTONE6,201.4250
D,DISPATCH,UNIT_SCADA,1,"2022/10/20 05:55:00",GULLRSF1,0
D,DISPATCH,UNIT_SCADA,1,"2022/10/20 05:55:00",GULLRWF1,58.9341
D,DISPATCH,UNIT_SCADA,1,"2022/10/20 05:55:00",GULLRWF2,102.167090
D,DISPATCH,UNIT_SCADA,1,"2022/10/20 05:55:00",GUNNING1,0
D,DISPATCH,UNIT_SCADA,1,"2022/10/20 05:55:00",GUTHEGA,67.70
D,DISPATCH,UNIT_SCADA,1,"2022/10/20 05:55:00",HALLWF1,62.57
D,DISPATCH,UNIT_SCADA,1,"2022/10/20 05:55:00",HALLWF2,53.70
D,DISPATCH,UNIT_SCADA,1,"2022/10/20 05:55:00",HAMISF1,0
D,DISPATCH,UNIT_SCADA,1,"2022/10/20 05:55:00",HAUGHT11,0
D,DISPATCH,UNIT_SCADA,1,"2022/10/20 05:55:00",HAYMSF1,0
D,DISPATCH,UNIT_SCADA,1,"2022/10/20 05:55:00",HDWF1,38.30
D,DISPATCH,UNIT_SCADA,1,"2022/10/20 05:55:00",HDWF2,21.10
D,DISPATCH,UNIT_SCADA,1,"2022/10/20 05:55:00",HDWF3,26.70
D,DISPATCH,UNIT_SCADA,1,"2022/10/20 05:55:00",HILLSTN1,0
D,DISPATCH,UNIT_SCADA,1,"2022/10/20 05:55:00",HPRG1,3
D,DISPATCH,UNIT_SCADA,1,"2022/10/20 05:55:00",HPRL1,0
D,DISPATCH,UNIT_SCADA,1,"2022/10/20 05:55:00",HUMENSW,54.665950
D,DISPATCH,UNIT_SCADA,1,"2022/10/20 05:55:00",HUMEV,0
D,DISPATCH,UNIT_SCADA,1,"2022/10/20 05:55:00",HVWWBA1G,0
D,DISPATCH,UNIT_SCADA,1,"2022/10/20 05:55:00",HVWWBA1L,0.0070
D,DISPATCH,UNIT_SCADA,1,"2022/10/20 05:55:00",HVWWPV1,0
D,DISPATCH,UNIT_SCADA,1,"2022/10/20 05:55:00",JBUTTERS,0
D,DISPATCH,UNIT_SCADA,1,"2022/10/20 05:55:00",JEMALNG1,0
D,DISPATCH,UNIT_SCADA,1,"2022/10/20 05:55:00",JLA01,0
D,DISPATCH,UNIT_SCADA,1,"2022/10/20 05:55:00",JLA02,0
D,DISPATCH,UNIT_SCADA,1,"2022/10/20 05:55:00",JLA03,0
D,DISPATCH,UNIT_SCADA,1,"2022/10/20 05:55:00",JLA04,0
D,DISPATCH,UNIT_SCADA,1,"2022/10/20 05:55:00",JLB01,0
D,DISPATCH,UNIT_SCADA,1,"2022/10/20 05:55:00",JLB02,0.10
D,DISPATCH,UNIT_SCADA,1,"2022/10/20 05:55:00",JLB03,0
D,DISPATCH,UNIT_SCADA,1,"2022/10/20 05:55:00",JUNEESF1,1.220030
D,DISPATCH,UNIT_SCADA,1,"2022/10/20 05:55:00",KABANWF1,1.4580
D,DISPATCH,UNIT_SCADA,1,"2022/10/20 05:55:00",KAREEYA1,17.97
D,DISPATCH,UNIT_SCADA,1,"2022/10/20 05:55:00",KAREEYA2,0
D,DISPATCH,UNIT_SCADA,1,"2022/10/20 05:55:00",KAREEYA3,21.4475
D,DISPATCH,UNIT_SCADA,1,"2022/10/20 05:55:00",KAREEYA4,0
D,DISPATCH,UNIT_SCADA,1,"2022/10/20 05:55:00",KARSF1,0.10
D,DISPATCH,UNIT_SCADA,1,"2022/10/20 05:55:00",KEPSF1,0
D,DISPATCH,UNIT_SCADA,1,"2022/10/20 05:55:00",KEPWF1,0
D,DISPATCH,UNIT_SCADA,1,"2022/10/20 05:55:00",KIAMSF1,0
D,DISPATCH,UNIT_SCADA,1,"2022/10/20 05:55:00",KIATAWF1,30.80
D,DISPATCH,UNIT_SCADA,1,"2022/10/20 05:55:00",KPP_1,0
D,DISPATCH,UNIT_SCADA,1,"2022/10/20 05:55:00",KSP1,0
D,DISPATCH,UNIT_SCADA,1,"2022/10/20 05:55:00",LADBROK1,0.02
D,DISPATCH,UNIT_SCADA,1,"2022/10/20 05:55:00",LADBROK2,37.73
D,DISPATCH,UNIT_SCADA,1,"2022/10/20 05:55:00",LBBG1,7.80
D,DISPATCH,UNIT_SCADA,1,"2022/10/20 05:55:00",LBBL1,0
D,DISPATCH,UNIT_SCADA,1,"2022/10/20 05:55:00",LD01,319.821780
D,DISPATCH,UNIT_SCADA,1,"2022/10/20 05:55:00",LD02,0
D,DISPATCH,UNIT_SCADA,1,"2022/10/20 05:55:00",LD04,318.265320
D,DISPATCH,UNIT_SCADA,1,"2022/10/20 05:55:00",LEM_WIL,86.853680
D,DISPATCH,UNIT_SCADA,1,"2022/10/20 05:55:00",LGAPWF1,94.18
D,DISPATCH,UNIT_SCADA,1,"2022/10/20 05:55:00",LGAPWF2,50.83
D,DISPATCH,UNIT_SCADA,1,"2022/10/20 05:55:00",LILYSF1,0
D,DISPATCH,UNIT_SCADA,1,"2022/10/20 05:55:00",LIMOSF11,0.941630
D,DISPATCH,UNIT_SCADA,1,"2022/10/20 05:55:00",LIMOSF21,0
D,DISPATCH,UNIT_SCADA,1,"2022/10/20 05:55:00",LI_WY_CA,76.997470
D,DISPATCH,UNIT_SCADA,1,"2022/10/20 05:55:00",LKBONNY1,0
D,DISPATCH,UNIT_SCADA,1,"2022/10/20 05:55:00",LKBONNY2,26.9766
D,DISPATCH,UNIT_SCADA,1,"2022/10/20 05:55:00",LKBONNY3,8.875710
D,DISPATCH,UNIT_SCADA,1,"2022/10/20 05:55:00",LK_ECHO,0
D,DISPATCH,UNIT_SCADA,1,"2022/10/20 05:55:00",LNGS1,0
D,DISPATCH,UNIT_SCADA,1,"2022/10/20 05:55:00",LNGS2,0
D,DISPATCH,UNIT_SCADA,1,"2022/10/20 05:55:00",LONSDALE,0
D,DISPATCH,UNIT_SCADA,1,"2022/10/20 05:55:00",LOYYB1,580.450620
D,DISPATCH,UNIT_SCADA,1,"2022/10/20 05:55:00",LOYYB2,575.563290
D,DISPATCH,UNIT_SCADA,1,"2022/10/20 05:55:00",LYA1,525
D,DISPATCH,UNIT_SCADA,1,"2022/10/20 05:55:00",LYA2,0
D,DISPATCH,UNIT_SCADA,1,"2022/10/20 05:55:00",LYA3,523
D,DISPATCH,UNIT_SCADA,1,"2022/10/20 05:55:00",LYA4,525
D,DISPATCH,UNIT_SCADA,1,"2022/10/20 05:55:00",MACARTH1,43.698990
D,DISPATCH,UNIT_SCADA,1,"2022/10/20 05:55:00",MACKNTSH,0
D,DISPATCH,UNIT_SCADA,1,"2022/10/20 05:55:00",MANSLR1,0
D,DISPATCH,UNIT_SCADA,1,"2022/10/20 05:55:00",MAPS2PV1,0
D,DISPATCH,UNIT_SCADA,1,"2022/10/20 05:55:00",MAPS3PV1,0
D,DISPATCH,UNIT_SCADA,1,"2022/10/20 05:55:00",MARYRSF1,0.26
D,DISPATCH,UNIT_SCADA,1,"2022/10/20 05:55:00",MBPS2PV1,0
D,DISPATCH,UNIT_SCADA,1,"2022/10/20 05:55:00",MCKAY1,239.08
D,DISPATCH,UNIT_SCADA,1,"2022/10/20 05:55:00",MEADOWBK,19.8631
D,DISPATCH,UNIT_SCADA,1,"2022/10/20 05:55:00",MERCER01,18.70
D,DISPATCH,UNIT_SCADA,1,"2022/10/20 05:55:00",METZSF1,5.535480
D,DISPATCH,UNIT_SCADA,1,"2022/10/20 05:55:00",MEWF1,2
D,DISPATCH,UNIT_SCADA,1,"2022/10/20 05:55:00",MIDDLSF1,0.44
D,DISPATCH,UNIT_SCADA,1,"2022/10/20 05:55:00",MINTARO,0.128180
D,DISPATCH,UNIT_SCADA,1,"2022/10/20 05:55:00",MOLNGSF1,0
D,DISPATCH,UNIT_SCADA,1,"2022/10/20 05:55:00",MOORAWF1,31.06
D,DISPATCH,UNIT_SCADA,1,"2022/10/20 05:55:00",MOREESF1,0.4620
D,DISPATCH,UNIT_SCADA,1,"2022/10/20 05:55:00",MORTLK11,0
D,DISPATCH,UNIT_SCADA,1,"2022/10/20 05:55:00",MORTLK12,0
D,DISPATCH,UNIT_SCADA,1,"2022/10/20 05:55:00",MOUSF1,0
D,DISPATCH,UNIT_SCADA,1,"2022/10/20 05:55:00",MP1,0
D,DISPATCH,UNIT_SCADA,1,"2022/10/20 05:55:00",MP2,547.969790
D,DISPATCH,UNIT_SCADA,1,"2022/10/20 05:55:00",MPP_1,165.380290
D,DISPATCH,UNIT_SCADA,1,"2022/10/20 05:55:00",MPP_2,0
D,DISPATCH,UNIT_SCADA,1,"2022/10/20 05:55:00",MRTLSWF1,0
D,DISPATCH,UNIT_SCADA,1,"2022/10/20 05:55:00",MSTUART1,0
D,DISPATCH,UNIT_SCADA,1,"2022/10/20 05:55:00",MSTUART2,0
D,DISPATCH,UNIT_SCADA,1,"2022/10/20 05:55:00",MSTUART3,0
D,DISPATCH,UNIT_SCADA,1,"2022/10/20 05:55:00",MTGELWF1,25.048070
D,DISPATCH,UNIT_SCADA,1,"2022/10/20 05:55:00",MTMILLAR,9.60
D,DISPATCH,UNIT_SCADA,1,"2022/10/20 05:55:00",MURRAY,0
D,DISPATCH,UNIT_SCADA,1,"2022/10/20 05:55:00",MUSSELR1,0
D,DISPATCH,UNIT_SCADA,1,"2022/10/20 05:55:00",MUWAWF1,182.83
D,DISPATCH,UNIT_SCADA,1,"2022/10/20 05:55:00",MUWAWF2,175.50
D,DISPATCH,UNIT_SCADA,1,"2022/10/20 05:55:00",MWPS1PV1,0
D,DISPATCH,UNIT_SCADA,1,"2022/10/20 05:55:00",MWPS2PV1,0
D,DISPATCH,UNIT_SCADA,1,"2022/10/20 05:55:00",MWPS3PV1,0
D,DISPATCH,UNIT_SCADA,1,"2022/10/20 05:55:00",MWPS4PV1,0
D,DISPATCH,UNIT_SCADA,1,"2022/10/20 05:55:00",NBHWF1,104
D,DISPATCH,UNIT_SCADA,1,"2022/10/20 05:55:00",NEVERSF1,0.18
D,DISPATCH,UNIT_SCADA,1,"2022/10/20 05:55:00",NPS,0
D,DISPATCH,UNIT_SCADA,1,"2022/10/20 05:55:00",NUMURSF1,2.84
D,DISPATCH,UNIT_SCADA,1,"2022/10/20 05:55:00",NYNGAN1,0
D,DISPATCH,UNIT_SCADA,1,"2022/10/20 05:55:00",OAKEY1,0
D,DISPATCH,UNIT_SCADA,1,"2022/10/20 05:55:00",OAKEY1SF,0
D,DISPATCH,UNIT_SCADA,1,"2022/10/20 05:55:00",OAKEY2,0
D,DISPATCH,UNIT_SCADA,1,"2022/10/20 05:55:00",OAKEY2SF,0
D,DISPATCH,UNIT_SCADA,1,"2022/10/20 05:55:00",OAKLAND1,17.90
D,DISPATCH,UNIT_SCADA,1,"2022/10/20 05:55:00",OSB-AG,0
D,DISPATCH,UNIT_SCADA,1,"2022/10/20 05:55:00",PAREPS1,0.0660
D,DISPATCH,UNIT_SCADA,1,"2022/10/20 05:55:00",PAREPW1,99.45
D,DISPATCH,UNIT_SCADA,1,"2022/10/20 05:55:00",PARSF1,0.199890
D,DISPATCH,UNIT_SCADA,1,"2022/10/20 05:55:00",POAT110,0
D,DISPATCH,UNIT_SCADA,1,"2022/10/20 05:55:00",POAT220,0
D,DISPATCH,UNIT_SCADA,1,"2022/10/20 05:55:00",POR01,0
D,DISPATCH,UNIT_SCADA,1,"2022/10/20 05:55:00",POR03,0
D,DISPATCH,UNIT_SCADA,1,"2022/10/20 05:55:00",PPCCGT,174.223240
D,DISPATCH,UNIT_SCADA,1,"2022/10/20 05:55:00",PTSTAN1,0
D,DISPATCH,UNIT_SCADA,1,"2022/10/20 05:55:00",PUMP1,0
D,DISPATCH,UNIT_SCADA,1,"2022/10/20 05:55:00",PUMP2,0
D,DISPATCH,UNIT_SCADA,1,"2022/10/20 05:55:00",QBYNBG1,0
D,DISPATCH,UNIT_SCADA,1,"2022/10/20 05:55:00",QBYNBL1,0.0005
D,DISPATCH,UNIT_SCADA,1,"2022/10/20 05:55:00",QPS1,0
D,DISPATCH,UNIT_SCADA,1,"2022/10/20 05:55:00",QPS2,0
D,DISPATCH,UNIT_SCADA,1,"2022/10/20 05:55:00",QPS3,0
D,DISPATCH,UNIT_SCADA,1,"2022/10/20 05:55:00",QPS4,0
D,DISPATCH,UNIT_SCADA,1,"2022/10/20 05:55:00",QPS5,74.70
D,DISPATCH,UNIT_SCADA,1,"2022/10/20 05:55:00",REECE1,46.7369
D,DISPATCH,UNIT_SCADA,1,"2022/10/20 05:55:00",REECE2,68.170010
D,DISPATCH,UNIT_SCADA,1,"2022/10/20 05:55:00",ROMA_7,0
D,DISPATCH,UNIT_SCADA,1,"2022/10/20 05:55:00",ROMA_8,0
D,DISPATCH,UNIT_SCADA,1,"2022/10/20 05:55:00",RRSF1,0
D,DISPATCH,UNIT_SCADA,1,"2022/10/20 05:55:00",RT_NSW1,0
D,DISPATCH,UNIT_SCADA,1,"2022/10/20 05:55:00",RT_NSW2,0
D,DISPATCH,UNIT_SCADA,1,"2022/10/20 05:55:00",RT_NSW3,0
D,DISPATCH,UNIT_SCADA,1,"2022/10/20 05:55:00",RT_NSW4,0
D,DISPATCH,UNIT_SCADA,1,"2022/10/20 05:55:00",RT_NSW5,0
D,DISPATCH,UNIT_SCADA,1,"2022/10/20 05:55:00",RT_NSW6,0
D,DISPATCH,UNIT_SCADA,1,"2022/10/20 05:55:00",RT_QLD1,0
D,DISPATCH,UNIT_SCADA,1,"2022/10/20 05:55:00",RT_SA1,0
D,DISPATCH,UNIT_SCADA,1,"2022/10/20 05:55:00",RT_SA2,0
D,DISPATCH,UNIT_SCADA,1,"2022/10/20 05:55:00",RT_SA3,0
D,DISPATCH,UNIT_SCADA,1,"2022/10/20 05:55:00",RT_SA4,0
D,DISPATCH,UNIT_SCADA,1,"2022/10/20 05:55:00",RT_SA5,0
D,DISPATCH,UNIT_SCADA,1,"2022/10/20 05:55:00",RT_SA6,0
D,DISPATCH,UNIT_SCADA,1,"2022/10/20 05:55:00",RT_TAS1,0
D,DISPATCH,UNIT_SCADA,1,"2022/10/20 05:55:00",RT_VIC1,0
D,DISPATCH,UNIT_SCADA,1,"2022/10/20 05:55:00",RT_VIC10,0
D,DISPATCH,UNIT_SCADA,1,"2022/10/20 05:55:00",RT_VIC11,0
D,DISPATCH,UNIT_SCADA,1,"2022/10/20 05:55:00",RT_VIC12,0
D,DISPATCH,UNIT_SCADA,1,"2022/10/20 05:55:00",RT_VIC2,0
D,DISPATCH,UNIT_SCADA,1,"2022/10/20 05:55:00",RT_VIC3,0
D,DISPATCH,UNIT_SCADA,1,"2022/10/20 05:55:00",RT_VIC4,0
D,DISPATCH,UNIT_SCADA,1,"2022/10/20 05:55:00",RT_VIC5,0
D,DISPATCH,UNIT_SCADA,1,"2022/10/20 05:55:00",RT_VIC6,0
D,DISPATCH,UNIT_SCADA,1,"2022/10/20 05:55:00",RT_VIC7,0
D,DISPATCH,UNIT_SCADA,1,"2022/10/20 05:55:00",RT_VIC8,0
D,DISPATCH,UNIT_SCADA,1,"2022/10/20 05:55:00",RT_VIC9,0
D,DISPATCH,UNIT_SCADA,1,"2022/10/20 05:55:00",RUGBYR1,0
D,DISPATCH,UNIT_SCADA,1,"2022/10/20 05:55:00",SALTCRK1,12.70
D,DISPATCH,UNIT_SCADA,1,"2022/10/20 05:55:00",SAPHWF1,193.302810
D,DISPATCH,UNIT_SCADA,1,"2022/10/20 05:55:00",SEBSF1,4.654750
D,DISPATCH,UNIT_SCADA,1,"2022/10/20 05:55:00",SHGEN,0
D,DISPATCH,UNIT_SCADA,1,"2022/10/20 05:55:00",SHPUMP,0
D,DISPATCH,UNIT_SCADA,1,"2022/10/20 05:55:00",SITHE01,0.083520
D,DISPATCH,UNIT_SCADA,1,"2022/10/20 05:55:00",SMCSF1,0
D,DISPATCH,UNIT_SCADA,1,"2022/10/20 05:55:00",SNAPPER1,0
D,DISPATCH,UNIT_SCADA,1,"2022/10/20 05:55:00",SNOWNTH1,136.50
D,DISPATCH,UNIT_SCADA,1,"2022/10/20 05:55:00",SNOWSTH1,120.100010
D,DISPATCH,UNIT_SCADA,1,"2022/10/20 05:55:00",SNOWTWN1,84.586630
D,DISPATCH,UNIT_SCADA,1,"2022/10/20 05:55:00",SNOWYP,0
D,DISPATCH,UNIT_SCADA,1,"2022/10/20 05:55:00",SNUG1,0
D,DISPATCH,UNIT_SCADA,1,"2022/10/20 05:55:00",SRSF1,0.73
D,DISPATCH,UNIT_SCADA,1,"2022/10/20 05:55:00",STAN-1,279.581850
D,DISPATCH,UNIT_SCADA,1,"2022/10/20 05:55:00",STAN-2,364.576690
D,DISPATCH,UNIT_SCADA,1,"2022/10/20 05:55:00",STAN-3,218.082050
D,DISPATCH,UNIT_SCADA,1,"2022/10/20 05:55:00",STAN-4,365.832820
D,DISPATCH,UNIT_SCADA,1,"2022/10/20 05:55:00",STARHLWF,15.395510
D,DISPATCH,UNIT_SCADA,1,"2022/10/20 05:55:00",STOCKYD1,216.94
D,DISPATCH,UNIT_SCADA,1,"2022/10/20 05:55:00",STWF1,76.174870
D,DISPATCH,UNIT_SCADA,1,"2022/10/20 05:55:00",SUNRSF1,0
D,DISPATCH,UNIT_SCADA,1,"2022/10/20 05:55:00",SUNTPSF1,0
D,DISPATCH,UNIT_SCADA,1,"2022/10/20 05:55:00",SWAN_E,245.049990
D,DISPATCH,UNIT_SCADA,1,"2022/10/20 05:55:00",TALWA1,0
D,DISPATCH,UNIT_SCADA,1,"2022/10/20 05:55:00",TARALGA1,0
D,DISPATCH,UNIT_SCADA,1,"2022/10/20 05:55:00",TARONG#1,347.50
D,DISPATCH,UNIT_SCADA,1,"2022/10/20 05:55:00",TARONG#2,347.50
D,DISPATCH,UNIT_SCADA,1,"2022/10/20 05:55:00",TARONG#3,0.90
D,DISPATCH,UNIT_SCADA,1,"2022/10/20 05:55:00",TARONG#4,258.50
D,DISPATCH,UNIT_SCADA,1,"2022/10/20 05:55:00",TARRALEA,53.90
D,DISPATCH,UNIT_SCADA,1,"2022/10/20 05:55:00",TBSF1,0
D,DISPATCH,UNIT_SCADA,1,"2022/10/20 05:55:00",TNPS1,440.8750
D,DISPATCH,UNIT_SCADA,1,"2022/10/20 05:55:00",TORRB1,0
D,DISPATCH,UNIT_SCADA,1,"2022/10/20 05:55:00",TORRB2,40
D,DISPATCH,UNIT_SCADA,1,"2022/10/20 05:55:00",TORRB3,0
D,DISPATCH,UNIT_SCADA,1,"2022/10/20 05:55:00",TORRB4,0
D,DISPATCH,UNIT_SCADA,1,"2022/10/20 05:55:00",TREVALLN,99.240260
D,DISPATCH,UNIT_SCADA,1,"2022/10/20 05:55:00",TRIBUTE,0
D,DISPATCH,UNIT_SCADA,1,"2022/10/20 05:55:00",TUMUT3,0
D,DISPATCH,UNIT_SCADA,1,"2022/10/20 05:55:00",TUNGATIN,5.370020
D,DISPATCH,UNIT_SCADA,1,"2022/10/20 05:55:00",TVCC201,0
D,DISPATCH,UNIT_SCADA,1,"2022/10/20 05:55:00",TVPP104,0
D,DISPATCH,UNIT_SCADA,1,"2022/10/20 05:55:00",UPPTUMUT,0
D,DISPATCH,UNIT_SCADA,1,"2022/10/20 05:55:00",URANQ11,0
D,DISPATCH,UNIT_SCADA,1,"2022/10/20 05:55:00",URANQ12,0
D,DISPATCH,UNIT_SCADA,1,"2022/10/20 05:55:00",URANQ13,0
D,DISPATCH,UNIT_SCADA,1,"2022/10/20 05:55:00",URANQ14,0
D,DISPATCH,UNIT_SCADA,1,"2022/10/20 05:55:00",VBBG1,90.80
D,DISPATCH,UNIT_SCADA,1,"2022/10/20 05:55:00",VBBL1,0
D,DISPATCH,UNIT_SCADA,1,"2022/10/20 05:55:00",VP5,597.357120
D,DISPATCH,UNIT_SCADA,1,"2022/10/20 05:55:00",VP6,601.849430
D,DISPATCH,UNIT_SCADA,1,"2022/10/20 05:55:00",VPGS1,0
D,DISPATCH,UNIT_SCADA,1,"2022/10/20 05:55:00",VPGS2,0
D,DISPATCH,UNIT_SCADA,1,"2022/10/20 05:55:00",VPGS3,0
D,DISPATCH,UNIT_SCADA,1,"2022/10/20 05:55:00",VPGS4,0
D,DISPATCH,UNIT_SCADA,1,"2022/10/20 05:55:00",VPGS5,0
D,DISPATCH,UNIT_SCADA,1,"2022/10/20 05:55:00",VPGS6,0
D,DISPATCH,UNIT_SCADA,1,"2022/10/20 05:55:00",W/HOE#1,0
D,DISPATCH,UNIT_SCADA,1,"2022/10/20 05:55:00",W/HOE#2,0
D,DISPATCH,UNIT_SCADA,1,"2022/10/20 05:55:00",WAGGNSF1,0
D,DISPATCH,UNIT_SCADA,1,"2022/10/20 05:55:00",WALGRVG1,0.000930
D,DISPATCH,UNIT_SCADA,1,"2022/10/20 05:55:00",WALGRVL1,0
D,DISPATCH,UNIT_SCADA,1,"2022/10/20 05:55:00",WANDBG1,0
D,DISPATCH,UNIT_SCADA,1,"2022/10/20 05:55:00",WANDBL1,0
D,DISPATCH,UNIT_SCADA,1,"2022/10/20 05:55:00",WARWSF1,0.41
D,DISPATCH,UNIT_SCADA,1,"2022/10/20 05:55:00",WARWSF2,0.24
D,DISPATCH,UNIT_SCADA,1,"2022/10/20 05:55:00",WATERLWF,88
D,DISPATCH,UNIT_SCADA,1,"2022/10/20 05:55:00",WDGPH1,0
D,DISPATCH,UNIT_SCADA,1,"2022/10/20 05:55:00",WELLSF1,0
D,DISPATCH,UNIT_SCADA,1,"2022/10/20 05:55:00",WEMENSF1,0
D,DISPATCH,UNIT_SCADA,1,"2022/10/20 05:55:00",WGWF1,119.10
D,DISPATCH,UNIT_SCADA,1,"2022/10/20 05:55:00",WHITSF1,0
D,DISPATCH,UNIT_SCADA,1,"2022/10/20 05:55:00",WINTSF1,3.07
D,DISPATCH,UNIT_SCADA,1,"2022/10/20 05:55:00",WKIEWA1,33.90
D,DISPATCH,UNIT_SCADA,1,"2022/10/20 05:55:00",WKIEWA2,33.90
D,DISPATCH,UNIT_SCADA,1,"2022/10/20 05:55:00",WOODLWN1,23.163930
D,DISPATCH,UNIT_SCADA,1,"2022/10/20 05:55:00",WOOLGSF1,1.491070
D,DISPATCH,UNIT_SCADA,1,"2022/10/20 05:55:00",WPWF,47.65
D,DISPATCH,UNIT_SCADA,1,"2022/10/20 05:55:00",WRSF1,0.150150
D,DISPATCH,UNIT_SCADA,1,"2022/10/20 05:55:00",WRWF1,41.827420
D,DISPATCH,UNIT_SCADA,1,"2022/10/20 05:55:00",WSTWYSF1,0
D,DISPATCH,UNIT_SCADA,1,"2022/10/20 05:55:00",YABULU,0
D,DISPATCH,UNIT_SCADA,1,"2022/10/20 05:55:00",YABULU2,0
D,DISPATCH,UNIT_SCADA,1,"2022/10/20 05:55:00",YARANSF1,0.94
D,DISPATCH,UNIT_SCADA,1,"2022/10/20 05:55:00",YARWUN_1,130.36
D,DISPATCH,UNIT_SCADA,1,"2022/10/20 05:55:00",YATSF1,0.13
D,DISPATCH,UNIT_SCADA,1,"2022/10/20 05:55:00",YENDWF1,40.63
D,DISPATCH,UNIT_SCADA,1,"2022/10/20 05:55:00",YWPS1,363.908870
D,DISPATCH,UNIT_SCADA,1,"2022/10/20 05:55:00",YWPS2,287.9671
D,DISPATCH,UNIT_SCADA,1,"2022/10/20 05:55:00",YWPS3,359.106320
D,DISPATCH,UNIT_SCADA,1,"2022/10/20 05:55:00",YWPS4,0
C,"END OF REPORT",419
