C,NEMP.WORLD,DISPATCHSCADA,AEMO,PUBLIC,2022/10/20,04:30:10,0000000373229316,DISPATCHSCADA,0000000373229310
I,DISPATCH,UNIT_SCADA,1,SETTLEMENTDATE,DUID,SCADAVALUE
D,DISPATCH,UNIT_SCADA,1,"2022/10/20 04:35:00",BARCSF1,0.10
D,DISPATCH,UNIT_SCADA,1,"2022/10/20 04:35:00",BUTLERSG,8.699999
D,DISPATCH,UNIT_SCADA,1,"2022/10/20 04:35:00",CAPTL_WF,17.629175
D,DISPATCH,UNIT_SCADA,1,"2022/10/20 04:35:00",CHALLHWF,21.50
D,DISPATCH,UNIT_SCADA,1,"2022/10/20 04:35:00",CLOVER,13.15
D,DISPATCH,UNIT_SCADA,1,"2022/10/20 04:35:00",CLUNY,6.200503
D,DISPATCH,UNIT_SCADA,1,"2022/10/20 04:35:00",CULLRGWF,-0.03
D,DISPATCH,UNIT_SCADA,1,"2022/10/20 04:35:00",DIAPURWF1,7.30
D,DISPATCH,UNIT_SCADA,1,"2022/10/20 04:35:00",ERGT01,0
D,DISPATCH,UNIT_SCADA,1,"2022/10/20 04:35:00",GB01,0
D,DISPATCH,UNIT_SCADA,1,"2022/10/20 04:35:00",GERMCRK,21.200001
D,DISPATCH,UNIT_SCADA,1,"2022/10/20 04:35:00",GRIFSF1,0.001526
D,DISPATCH,UNIT_SCADA,1,"2022/10/20 04:35:00",HEZ1,0
D,DISPATCH,UNIT_SCADA,1,"2022/10/20 04:35:00",HUGSF1,-0.1740
D,DISPATCH,UNIT_SCADA,1,"2022/10/20 04:35:00",KEPBG1,0.01
D,DISPATCH,UNIT_SCADA,1,"2022/10/20 04:35:00",LRSF1,0.0240
D,DISPATCH,UNIT_SCADA,1,"2022/10/20 04:35:00",MBAHNTH,47.943741
D,DISPATCH,UNIT_SCADA,1,"2022/10/20 04:35:00",MLSP1,0
D,DISPATCH,UNIT_SCADA,1,"2022/10/20 04:35:00",MLWF1,1.95
D,DISPATCH,UNIT_SCADA,1,"2022/10/20 04:35:00",PALOONA,30.279999
D,DISPATCH,UNIT_SCADA,1,"2022/10/20 04:35:00",PIONEER,31.10
D,DISPATCH,UNIT_SCADA,1,"2022/10/20 04:35:00",PORTWF,40.299999
D,DISPATCH,UNIT_SCADA,1,"2022/10/20 04:35:00",REPULSE,9.505150
D,DISPATCH,UNIT_SCADA,1,"2022/10/20 04:35:00",ROWALLAN,9.0596
D,DISPATCH,UNIT_SCADA,1,"2022/10/20 04:35:00",ROYALLA1,0
D,DISPATCH,UNIT_SCADA,1,"2022/10/20 04:35:00",RPCG,-1.20
D,DISPATCH,UNIT_SCADA,1,"2022/10/20 04:35:00",RUBICON,0
D,DISPATCH,UNIT_SCADA,1,"2022/10/20 04:35:00",WAUBRAWF,81.542999
D,DISPATCH,UNIT_SCADA,1,"2022/10/20 04:35:00",WOOLNTH1,41.540001
D,DISPATCH,UNIT_SCADA,1,"2022/10/20 04:35:00",YAMBUKWF,3.70
D,DISPATCH,UNIT_SCADA,1,"2022/10/20 04:35:00",YSWF1,1.20
D,DISPATCH,UNIT_SCADA,1,"2022/10/20 04:35:00",ADPBA1G,0.0080
D,DISPATCH,UNIT_SCADA,1,"2022/10/20 04:35:00",ADPBA1L,0
D,DISPATCH,UNIT_SCADA,1,"2022/10/20 04:35:00",ADPPV1,0
D,DISPATCH,UNIT_SCADA,1,"2022/10/20 04:35:00",AGLHAL,0
D,DISPATCH,UNIT_SCADA,1,"2022/10/20 04:35:00",AGLSOM,0
D,DISPATCH,UNIT_SCADA,1,"2022/10/20 04:35:00",ANGAST1,0
D,DISPATCH,UNIT_SCADA,1,"2022/10/20 04:35:00",ARWF1,5.40
D,DISPATCH,UNIT_SCADA,1,"2022/10/20 04:35:00",BALBG1,0
D,DISPATCH,UNIT_SCADA,1,"2022/10/20 04:35:00",BALBL1,0
D,DISPATCH,UNIT_SCADA,1,"2022/10/20 04:35:00",BALDHWF1,16.0530
D,DISPATCH,UNIT_SCADA,1,"2022/10/20 04:35:00",BANGOWF1,69.998630
D,DISPATCH,UNIT_SCADA,1,"2022/10/20 04:35:00",BANGOWF2,66.699090
D,DISPATCH,UNIT_SCADA,1,"2022/10/20 04:35:00",BANN1,0
D,DISPATCH,UNIT_SCADA,1,"2022/10/20 04:35:00",BARCALDN,0
D,DISPATCH,UNIT_SCADA,1,"2022/10/20 04:35:00",BARKIPS1,0
D,DISPATCH,UNIT_SCADA,1,"2022/10/20 04:35:00",BARRON-1,0
D,DISPATCH,UNIT_SCADA,1,"2022/10/20 04:35:00",BARRON-2,0
D,DISPATCH,UNIT_SCADA,1,"2022/10/20 04:35:00",BASTYAN,0
D,DISPATCH,UNIT_SCADA,1,"2022/10/20 04:35:00",BBTHREE1,-1
D,DISPATCH,UNIT_SCADA,1,"2022/10/20 04:35:00",BBTHREE2,0
D,DISPATCH,UNIT_SCADA,1,"2022/10/20 04:35:00",BBTHREE3,0
D,DISPATCH,UNIT_SCADA,1,"2022/10/20 04:35:00",BDL01,0
D,DISPATCH,UNIT_SCADA,1,"2022/10/20 04:35:00",BDL02,0
D,DISPATCH,UNIT_SCADA,1,"2022/10/20 04:35:00",BERYLSF1,0
D,DISPATCH,UNIT_SCADA,1,"2022/10/20 04:35:00",BLOWERNG,62.70
D,DISPATCH,UNIT_SCADA,1,"2022/10/20 04:35:00",BLUEGSF1,0
D,DISPATCH,UNIT_SCADA,1,"2022/10/20 04:35:00",BLUFF1,13.70
D,DISPATCH,UNIT_SCADA,1,"2022/10/20 04:35:00",BNGSF1,0
D,DISPATCH,UNIT_SCADA,1,"2022/10/20 04:35:00",BNGSF2,0
D,DISPATCH,UNIT_SCADA,1,"2022/10/20 04:35:00",BOCORWF1,0.73
D,DISPATCH,UNIT_SCADA,1,"2022/10/20 04:35:00",BODWF1,100.0607
D,DISPATCH,UNIT_SCADA,1,"2022/10/20 04:35:00",BOMENSF1,0
D,DISPATCH,UNIT_SCADA,1,"2022/10/20 04:35:00",BOWWBA1G,0
D,DISPATCH,UNIT_SCADA,1,"2022/10/20 04:35:00",BOWWBA1L,0
D,DISPATCH,UNIT_SCADA,1,"2022/10/20 04:35:00",BOWWPV1,0
D,DISPATCH,UNIT_SCADA,1,"2022/10/20 04:35:00",BRAEMAR1,0
D,DISPATCH,UNIT_SCADA,1,"2022/10/20 04:35:00",BRAEMAR2,0
D,DISPATCH,UNIT_SCADA,1,"2022/10/20 04:35:00",BRAEMAR3,0
D,DISPATCH,UNIT_SCADA,1,"2022/10/20 04:35:00",BRAEMAR5,0.292060
D,DISPATCH,UNIT_SCADA,1,"2022/10/20 04:35:00",BRAEMAR6,0
D,DISPATCH,UNIT_SCADA,1,"2022/10/20 04:35:00",BRAEMAR7,0.130920
D,DISPATCH,UNIT_SCADA,1,"2022/10/20 04:35:00",BROKENH1,0
D,DISPATCH,UNIT_SCADA,1,"2022/10/20 04:35:00",BRYB1WF1,112.541390
D,DISPATCH,UNIT_SCADA,1,"2022/10/20 04:35:00",BULBESG1,0
D,DISPATCH,UNIT_SCADA,1,"2022/10/20 04:35:00",BULBESL1,19.12
D,DISPATCH,UNIT_SCADA,1,"2022/10/20 04:35:00",BULGANA1,37.81
D,DISPATCH,UNIT_SCADA,1,"2022/10/20 04:35:00",BW01,439.984740
D,DISPATCH,UNIT_SCADA,1,"2022/10/20 04:35:00",BW02,438.104830
D,DISPATCH,UNIT_SCADA,1,"2022/10/20 04:35:00",BW03,433.734650
D,DISPATCH,UNIT_SCADA,1,"2022/10/20 04:35:00",BW04,0
D,DISPATCH,UNIT_SCADA,1,"2022/10/20 04:35:00",CALL_B_1,318.899990
D,DISPATCH,UNIT_SCADA,1,"2022/10/20 04:35:00",CALL_B_2,318.100010
D,DISPATCH,UNIT_SCADA,1,"2022/10/20 04:35:00",CATHROCK,9.80
D,DISPATCH,UNIT_SCADA,1,"2022/10/20 04:35:00",CBWWBA1G,0
D,DISPATCH,UNIT_SCADA,1,"2022/10/20 04:35:00",CBWWBA1L,0
D,DISPATCH,UNIT_SCADA,1,"2022/10/20 04:35:00",CETHANA,97.7055
D,DISPATCH,UNIT_SCADA,1,"2022/10/20 04:35:00",CG1,0
D,DISPATCH,UNIT_SCADA,1,"2022/10/20 04:35:00",CG2,0
D,DISPATCH,UNIT_SCADA,1,"2022/10/20 04:35:00",CG3,0
D,DISPATCH,UNIT_SCADA,1,"2022/10/20 04:35:00",CG4,0
D,DISPATCH,UNIT_SCADA,1,"2022/10/20 04:35:00",CHILDSF1,0
D,DISPATCH,UNIT_SCADA,1,"2022/10/20 04:35:00",CHYTWF1,8.47
D,DISPATCH,UNIT_SCADA,1,"2022/10/20 04:35:00",CLARESF1,0
D,DISPATCH,UNIT_SCADA,1,"2022/10/20 04:35:00",CLEMGPWF,36.305640
D,DISPATCH,UNIT_SCADA,1,"2022/10/20 04:35:00",CLERMSF1,0
D,DISPATCH,UNIT_SCADA,1,"2022/10/20 04:35:00",CNUNDAWF,0
D,DISPATCH,UNIT_SCADA,1,"2022/10/20 04:35:00",COHUNSF1,0
D,DISPATCH,UNIT_SCADA,1,"2022/10/20 04:35:00",COLEASF1,0
D,DISPATCH,UNIT_SCADA,1,"2022/10/20 04:35:00",COLUMSF1,0
D,DISPATCH,UNIT_SCADA,1,"2022/10/20 04:35:00",COLWF01,83.933780
D,DISPATCH,UNIT_SCADA,1,"2022/10/20 04:35:00",COOPGWF1,337.69
D,DISPATCH,UNIT_SCADA,1,"2022/10/20 04:35:00",CPP_3,359.149990
D,DISPATCH,UNIT_SCADA,1,"2022/10/20 04:35:00",CPP_4,0
D,DISPATCH,UNIT_SCADA,1,"2022/10/20 04:35:00",CPSA,0
D,DISPATCH,UNIT_SCADA,1,"2022/10/20 04:35:00",CROOKWF2,19.473560
D,DISPATCH,UNIT_SCADA,1,"2022/10/20 04:35:00",CROWLWF1,34.185210
D,DISPATCH,UNIT_SCADA,1,"2022/10/20 04:35:00",CRURWF1,76.397420
D,DISPATCH,UNIT_SCADA,1,"2022/10/20 04:35:00",CRWASF1,0
D,DISPATCH,UNIT_SCADA,1,"2022/10/20 04:35:00",CSPVPS1,0
D,DISPATCH,UNIT_SCADA,1,"2022/10/20 04:35:00",CTHLWF1,0.003050
D,DISPATCH,UNIT_SCADA,1,"2022/10/20 04:35:00",DALNTH01,0
D,DISPATCH,UNIT_SCADA,1,"2022/10/20 04:35:00",DALNTHL1,0.120550
D,DISPATCH,UNIT_SCADA,1,"2022/10/20 04:35:00",DARLSF1,0
D,DISPATCH,UNIT_SCADA,1,"2022/10/20 04:35:00",DARTM1,0
D,DISPATCH,UNIT_SCADA,1,"2022/10/20 04:35:00",DAYDSF1,0
D,DISPATCH,UNIT_SCADA,1,"2022/10/20 04:35:00",DDPS1,0
D,DISPATCH,UNIT_SCADA,1,"2022/10/20 04:35:00",DDSF1,0
D,DISPATCH,UNIT_SCADA,1,"2022/10/20 04:35:00",DEVILS_G,43.687850
D,DISPATCH,UNIT_SCADA,1,"2022/10/20 04:35:00",DG_NSW1,0
D,DISPATCH,UNIT_SCADA,1,"2022/10/20 04:35:00",DG_QLD1,0
D,DISPATCH,UNIT_SCADA,1,"2022/10/20 04:35:00",DG_SA1,0
D,DISPATCH,UNIT_SCADA,1,"2022/10/20 04:35:00",DG_TAS1,0
D,DISPATCH,UNIT_SCADA,1,"2022/10/20 04:35:00",DG_VIC1,0
D,DISPATCH,UNIT_SCADA,1,"2022/10/20 04:35:00",DRYCGT1,0
D,DISPATCH,UNIT_SCADA,1,"2022/10/20 04:35:00",DRYCGT2,0
D,DISPATCH,UNIT_SCADA,1,"2022/10/20 04:35:00",DRYCGT3,0
D,DISPATCH,UNIT_SCADA,1,"2022/10/20 04:35:00",DUNDWF1,86.24
D,DISPATCH,UNIT_SCADA,1,"2022/10/20 04:35:00",DUNDWF2,25.56
D,DISPATCH,UNIT_SCADA,1,"2022/10/20 04:35:00",DUNDWF3,69.50
D,DISPATCH,UNIT_SCADA,1,"2022/10/20 04:35:00",EILDON1,59.96
D,DISPATCH,UNIT_SCADA,1,"2022/10/20 04:35:00",EILDON2,60.04
D,DISPATCH,UNIT_SCADA,1,"2022/10/20 04:35:00",ELAINWF1,25.60
D,DISPATCH,UNIT_SCADA,1,"2022/10/20 04:35:00",EMERASF1,0
D,DISPATCH,UNIT_SCADA,1,"2022/10/20 04:35:00",ER01,0
D,DISPATCH,UNIT_SCADA,1,"2022/10/20 04:35:00",ER02,402.532990
D,DISPATCH,UNIT_SCADA,1,"2022/10/20 04:35:00",ER03,431.0979
D,DISPATCH,UNIT_SCADA,1,"2022/10/20 04:35:00",ER04,433.466090
D,DISPATCH,UNIT_SCADA,1,"2022/10/20 04:35:00",FINLYSF1,0
D,DISPATCH,UNIT_SCADA,1,"2022/10/20 04:35:00",FISHER,43.98
D,DISPATCH,UNIT_SCADA,1,"2022/10/20 04:35:00",GANGARR1,0
D,DISPATCH,UNIT_SCADA,1,"2022/10/20 04:35:00",GANNBG1,0
D,DISPATCH,UNIT_SCADA,1,"2022/10/20 04:35:00",GANNBL1,0.325720
D,DISPATCH,UNIT_SCADA,1,"2022/10/20 04:35:00",GANNSF1,0
D,DISPATCH,UNIT_SCADA,1,"2022/10/20 04:35:00",GLRWNSF1,0
D,DISPATCH,UNIT_SCADA,1,"2022/10/20 04:35:00",GNNDHSF1,0
D,DISPATCH,UNIT_SCADA,1,"2022/10/20 04:35:00",GOONSF1,0
D,DISPATCH,UNIT_SCADA,1,"2022/10/20 04:35:00",GORDON,239.675960
D,DISPATCH,UNIT_SCADA,1,"2022/10/20 04:35:00",GRANWF1,2.38
D,DISPATCH,UNIT_SCADA,1,"2022/10/20 04:35:00",GSTONE1,200.20
D,DISPATCH,UNIT_SCADA,1,"2022/10/20 04:35:00",GSTONE2,0
D,DISPATCH,UNIT_SCADA,1,"2022/10/20 04:35:00",GSTONE3,200.024990
D,DISPATCH,UNIT_SCADA,1,"2022/10/20 04:35:00",GSTONE4,0
D,DISPATCH,UNIT_SCADA,1,"2022/10/20 04:35:00",GSTONE5,200.55
D,DISPATCH,UNIT_SCADA,1,"2022/10/20 04:35:00",GSTONE6,201.25
D,DISPATCH,UNIT_SCADA,1,"2022/10/20 04:35:00",GULLRSF1,0
D,DISPATCH,UNIT_SCADA,1,"2022/10/20 04:35:00",GULLRWF1,41.844360
D,DISPATCH,UNIT_SCADA,1,"2022/10/20 04:35:00",GULLRWF2,103.341420
D,DISPATCH,UNIT_SCADA,1,"2022/10/20 04:35:00",GUNNING1,0
D,DISPATCH,UNIT_SCADA,1,"2022/10/20 04:35:00",GUTHEGA,67.20
D,DISPATCH,UNIT_SCADA,1,"2022/10/20 04:35:00",HALLWF1,57.56
D,DISPATCH,UNIT_SCADA,1,"2022/10/20 04:35:00",HALLWF2,54.72
D,DISPATCH,UNIT_SCADA,1,"2022/10/20 04:35:00",HAMISF1,0
D,DISPATCH,UNIT_SCADA,1,"2022/10/20 04:35:00",HAUGHT11,0
D,DISPATCH,UNIT_SCADA,1,"2022/10/20 04:35:00",HAYMSF1,0
D,DISPATCH,UNIT_SCADA,1,"2022/10/20 04:35:00",HDWF1,54.60
D,DISPATCH,UNIT_SCADA,1,"2022/10/20 04:35:00",HDWF2,30
D,DISPATCH,UNIT_SCADA,1,"2022/10/20 04:35:00",HDWF3,25.30
D,DISPATCH,UNIT_SCADA,1,"2022/10/20 04:35:00",HILLSTN1,0
D,DISPATCH,UNIT_SCADA,1,"2022/10/20 04:35:00",HPRG1,0
D,DISPATCH,UNIT_SCADA,1,"2022/10/20 04:35:00",HPRL1,16.40
D,DISPATCH,UNIT_SCADA,1,"2022/10/20 04:35:00",HUMENSW,55.195060
D,DISPATCH,UNIT_SCADA,1,"2022/10/20 04:35:00",HUMEV,0
D,DISPATCH,UNIT_SCADA,1,"2022/10/20 04:35:00",HVWWBA1G,0
D,DISPATCH,UNIT_SCADA,1,"2022/10/20 04:35:00",HVWWBA1L,0.0070
D,DISPATCH,UNIT_SCADA,1,"2022/10/20 04:35:00",HVWWPV1,0
D,DISPATCH,UNIT_SCADA,1,"2022/10/20 04:35:00",JBUTTERS,0
D,DISPATCH,UNIT_SCADA,1,"2022/10/20 04:35:00",JEMALNG1,0
D,DISPATCH,UNIT_SCADA,1,"2022/10/20 04:35:00",JLA01,0
D,DISPATCH,UNIT_SCADA,1,"2022/10/20 04:35:00",JLA02,0
D,DISPATCH,UNIT_SCADA,1,"2022/10/20 04:35:00",JLA03,0
D,DISPATCH,UNIT_SCADA,1,"2022/10/20 04:35:00",JLA04,0
D,DISPATCH,UNIT_SCADA,1,"2022/10/20 04:35:00",JLB01,0
D,DISPATCH,UNIT_SCADA,1,"2022/10/20 04:35:00",JLB02,0.10
D,DISPATCH,UNIT_SCADA,1,"2022/10/20 04:35:00",JLB03,0
D,DISPATCH,UNIT_SCADA,1,"2022/10/20 04:35:00",JUNEESF1,0
D,DISPATCH,UNIT_SCADA,1,"2022/10/20 04:35:00",KABANWF1,0.7940
D,DISPATCH,UNIT_SCADA,1,"2022/10/20 04:35:00",KAREEYA1,17.9375
D,DISPATCH,UNIT_SCADA,1,"2022/10/20 04:35:00",KAREEYA2,0
D,DISPATCH,UNIT_SCADA,1,"2022/10/20 04:35:00",KAREEYA3,21.3650
D,DISPATCH,UNIT_SCADA,1,"2022/10/20 04:35:00",KAREEYA4,0
D,DISPATCH,UNIT_SCADA,1,"2022/10/20 04:35:00",KARSF1,0
D,DISPATCH,UNIT_SCADA,1,"2022/10/20 04:35:00",KEPSF1,0
D,DISPATCH,UNIT_SCADA,1,"2022/10/20 04:35:00",KEPWF1,0
D,DISPATCH,UNIT_SCADA,1,"2022/10/20 04:35:00",KIAMSF1,0
D,DISPATCH,UNIT_SCADA,1,"2022/10/20 04:35:00",KIATAWF1,29.40
D,DISPATCH,UNIT_SCADA,1,"2022/10/20 04:35:00",KPP_1,0
D,DISPATCH,UNIT_SCADA,1,"2022/10/20 04:35:00",KSP1,0
D,DISPATCH,UNIT_SCADA,1,"2022/10/20 04:35:00",LADBROK1,0.01
D,DISPATCH,UNIT_SCADA,1,"2022/10/20 04:35:00",LADBROK2,37.62
D,DISPATCH,UNIT_SCADA,1,"2022/10/20 04:35:00",LBBG1,0.15
D,DISPATCH,UNIT_SCADA,1,"2022/10/20 04:35:00",LBBL1,0
D,DISPATCH,UNIT_SCADA,1,"2022/10/20 04:35:00",LD01,317.404690
D,DISPATCH,UNIT_SCADA,1,"2022/10/20 04:35:00",LD02,0
D,DISPATCH,UNIT_SCADA,1,"2022/10/20 04:35:00",LD04,317.2399
D,DISPATCH,UNIT_SCADA,1,"2022/10/20 04:35:00",LEM_WIL,86.732120
D,DISPATCH,UNIT_SCADA,1,"2022/10/20 04:35:00",LGAPWF1,75.66
D,DISPATCH,UNIT_SCADA,1,"2022/10/20 04:35:00",LGAPWF2,35
D,DISPATCH,UNIT_SCADA,1,"2022/10/20 04:35:00",LILYSF1,0
D,DISPATCH,UNIT_SCADA,1,"2022/10/20 04:35:00",LIMOSF11,0
D,DISPATCH,UNIT_SCADA,1,"2022/10/20 04:35:00",LIMOSF21,0
D,DISPATCH,UNIT_SCADA,1,"2022/10/20 04:35:00",LI_WY_CA,55.605690
D,DISPATCH,UNIT_SCADA,1,"2022/10/20 04:35:00",LKBONNY1,0
D,DISPATCH,UNIT_SCADA,1,"2022/10/20 04:35:00",LKBONNY2,26.770010
D,DISPATCH,UNIT_SCADA,1,"2022/10/20 04:35:00",LKBONNY3,10.159620
D,DISPATCH,UNIT_SCADA,1,"2022/10/20 04:35:00",LK_ECHO,0
D,DISPATCH,UNIT_SCADA,1,"2022/10/20 04:35:00",LNGS1,0
D,DISPATCH,UNIT_SCADA,1,"2022/10/20 04:35:00",LNGS2,0
D,DISPATCH,UNIT_SCADA,1,"2022/10/20 04:35:00",LONSDALE,0
D,DISPATCH,UNIT_SCADA,1,"2022/10/20 04:35:00",LOYYB1,524.4342
D,DISPATCH,UNIT_SCADA,1,"2022/10/20 04:35:00",LOYYB2,529.697450
D,DISPATCH,UNIT_SCADA,1,"2022/10/20 04:35:00",LYA1,556
D,DISPATCH,UNIT_SCADA,1,"2022/10/20 04:35:00",LYA2,0
D,DISPATCH,UNIT_SCADA,1,"2022/10/20 04:35:00",LYA3,556
D,DISPATCH,UNIT_SCADA,1,"2022/10/20 04:35:00",LYA4,555
D,DISPATCH,UNIT_SCADA,1,"2022/10/20 04:35:00",MACARTH1,4.3999
D,DISPATCH,UNIT_SCADA,1,"2022/10/20 04:35:00",MACKNTSH,0
D,DISPATCH,UNIT_SCADA,1,"2022/10/20 04:35:00",MANSLR1,0
D,DISPATCH,UNIT_SCADA,1,"2022/10/20 04:35:00",MAPS2PV1,0
D,DISPATCH,UNIT_SCADA,1,"2022/10/20 04:35:00",MAPS3PV1,0
D,DISPATCH,UNIT_SCADA,1,"2022/10/20 04:35:00",MARYRSF1,0
D,DISPATCH,UNIT_SCADA,1,"2022/10/20 04:35:00",MBPS2PV1,0
D,DISPATCH,UNIT_SCADA,1,"2022/10/20 04:35:00",MCKAY1,0.02
D,DISPATCH,UNIT_SCADA,1,"2022/10/20 04:35:00",MEADOWBK,19.7202
D,DISPATCH,UNIT_SCADA,1,"2022/10/20 04:35:00",MERCER01,20.50
D,DISPATCH,UNIT_SCADA,1,"2022/10/20 04:35:00",METZSF1,0
D,DISPATCH,UNIT_SCADA,1,"2022/10/20 04:35:00",MEWF1,0
D,DISPATCH,UNIT_SCADA,1,"2022/10/20 04:35:00",MIDDLSF1,0
D,DISPATCH,UNIT_SCADA,1,"2022/10/20 04:35:00",MINTARO,0.128180
D,DISPATCH,UNIT_SCADA,1,"2022/10/20 04:35:00",MOLNGSF1,0
D,DISPATCH,UNIT_SCADA,1,"2022/10/20 04:35:00",MOORAWF1,33.06
D,DISPATCH,UNIT_SCADA,1,"2022/10/20 04:35:00",MOREESF1,0
D,DISPATCH,UNIT_SCADA,1,"2022/10/20 04:35:00",MORTLK11,0
D,DISPATCH,UNIT_SCADA,1,"2022/10/20 04:35:00",MORTLK12,0
D,DISPATCH,UNIT_SCADA,1,"2022/10/20 04:35:00",MOUSF1,0
D,DISPATCH,UNIT_SCADA,1,"2022/10/20 04:35:00",MP1,0
D,DISPATCH,UNIT_SCADA,1,"2022/10/20 04:35:00",MP2,383.660640
D,DISPATCH,UNIT_SCADA,1,"2022/10/20 04:35:00",MPP_1,178.533810
D,DISPATCH,UNIT_SCADA,1,"2022/10/20 04:35:00",MPP_2,0
D,DISPATCH,UNIT_SCADA,1,"2022/10/20 04:35:00",MRTLSWF1,0
D,DISPATCH,UNIT_SCADA,1,"2022/10/20 04:35:00",MSTUART1,0
D,DISPATCH,UNIT_SCADA,1,"2022/10/20 04:35:00",MSTUART2,0
D,DISPATCH,UNIT_SCADA,1,"2022/10/20 04:35:00",MSTUART3,0
D,DISPATCH,UNIT_SCADA,1,"2022/10/20 04:35:00",MTGELWF1,24.6498
D,DISPATCH,UNIT_SCADA,1,"2022/10/20 04:35:00",MTMILLAR,6.70
D,DISPATCH,UNIT_SCADA,1,"2022/10/20 04:35:00",MURRAY,0
D,DISPATCH,UNIT_SCADA,1,"2022/10/20 04:35:00",MUSSELR1,0
D,DISPATCH,UNIT_SCADA,1,"2022/10/20 04:35:00",MUWAWF1,183.53
D,DISPATCH,UNIT_SCADA,1,"2022/10/20 04:35:00",MUWAWF2,181.30
D,DISPATCH,UNIT_SCADA,1,"2022/10/20 04:35:00",MWPS1PV1,0
D,DISPATCH,UNIT_SCADA,1,"2022/10/20 04:35:00",MWPS2PV1,0
D,DISPATCH,UNIT_SCADA,1,"2022/10/20 04:35:00",MWPS3PV1,0
D,DISPATCH,UNIT_SCADA,1,"2022/10/20 04:35:00",MWPS4PV1,0
D,DISPATCH,UNIT_SCADA,1,"2022/10/20 04:35:00",NBHWF1,82.90
D,DISPATCH,UNIT_SCADA,1,"2022/10/20 04:35:00",NEVERSF1,0
D,DISPATCH,UNIT_SCADA,1,"2022/10/20 04:35:00",NPS,0
D,DISPATCH,UNIT_SCADA,1,"2022/10/20 04:35:00",NUMURSF1,0
D,DISPATCH,UNIT_SCADA,1,"2022/10/20 04:35:00",NYNGAN1,0
D,DISPATCH,UNIT_SCADA,1,"2022/10/20 04:35:00",OAKEY1,0
D,DISPATCH,UNIT_SCADA,1,"2022/10/20 04:35:00",OAKEY1SF,0
D,DISPATCH,UNIT_SCADA,1,"2022/10/20 04:35:00",OAKEY2,0
D,DISPATCH,UNIT_SCADA,1,"2022/10/20 04:35:00",OAKEY2SF,0
D,DISPATCH,UNIT_SCADA,1,"2022/10/20 04:35:00",OAKLAND1,19
D,DISPATCH,UNIT_SCADA,1,"2022/10/20 04:35:00",OSB-AG,0
D,DISPATCH,UNIT_SCADA,1,"2022/10/20 04:35:00",PAREPS1,0.0660
D,DISPATCH,UNIT_SCADA,1,"2022/10/20 04:35:00",PAREPW1,54.21
D,DISPATCH,UNIT_SCADA,1,"2022/10/20 04:35:00",PARSF1,0.001530
D,DISPATCH,UNIT_SCADA,1,"2022/10/20 04:35:00",POAT110,0
D,DISPATCH,UNIT_SCADA,1,"2022/10/20 04:35:00",POAT220,0
D,DISPATCH,UNIT_SCADA,1,"2022/10/20 04:35:00",POR01,0
D,DISPATCH,UNIT_SCADA,1,"2022/10/20 04:35:00",POR03,0
D,DISPATCH,UNIT_SCADA,1,"2022/10/20 04:35:00",PPCCGT,123.890430
D,DISPATCH,UNIT_SCADA,1,"2022/10/20 04:35:00",PTSTAN1,0
D,DISPATCH,UNIT_SCADA,1,"2022/10/20 04:35:00",PUMP1,0
D,DISPATCH,UNIT_SCADA,1,"2022/10/20 04:35:00",PUMP2,0
D,DISPATCH,UNIT_SCADA,1,"2022/10/20 04:35:00",QBYNBG1,0
D,DISPATCH,UNIT_SCADA,1,"2022/10/20 04:35:00",QBYNBL1,0.0005
D,DISPATCH,UNIT_SCADA,1,"2022/10/20 04:35:00",QPS1,0
D,DISPATCH,UNIT_SCADA,1,"2022/10/20 04:35:00",QPS2,0
D,DISPATCH,UNIT_SCADA,1,"2022/10/20 04:35:00",QPS3,0
D,DISPATCH,UNIT_SCADA,1,"2022/10/20 04:35:00",QPS4,0
D,DISPATCH,UNIT_SCADA,1,"2022/10/20 04:35:00",QPS5,74.439990
D,DISPATCH,UNIT_SCADA,1,"2022/10/20 04:35:00",REECE1,0
D,DISPATCH,UNIT_SCADA,1,"2022/10/20 04:35:00",REECE2,0
D,DISPATCH,UNIT_SCADA,1,"2022/10/20 04:35:00",ROMA_7,0
D,DISPATCH,UNIT_SCADA,1,"2022/10/20 04:35:00",ROMA_8,0
D,DISPATCH,UNIT_SCADA,1,"2022/10/20 04:35:00",RRSF1,0
D,DISPATCH,UNIT_SCADA,1,"2022/10/20 04:35:00",RT_NSW1,0
D,DISPATCH,UNIT_SCADA,1,"2022/10/20 04:35:00",RT_NSW2,0
D,DISPATCH,UNIT_SCADA,1,"2022/10/20 04:35:00",RT_NSW3,0
D,DISPATCH,UNIT_SCADA,1,"2022/10/20 04:35:00",RT_NSW4,0
D,DISPATCH,UNIT_SCADA,1,"2022/10/20 04:35:00",RT_NSW5,0
D,DISPATCH,UNIT_SCADA,1,"2022/10/20 04:35:00",RT_NSW6,0
D,DISPATCH,UNIT_SCADA,1,"2022/10/20 04:35:00",RT_QLD1,0
D,DISPATCH,UNIT_SCADA,1,"2022/10/20 04:35:00",RT_SA1,0
D,DISPATCH,UNIT_SCADA,1,"2022/10/20 04:35:00",RT_SA2,0
D,DISPATCH,UNIT_SCADA,1,"2022/10/20 04:35:00",RT_SA3,0
D,DISPATCH,UNIT_SCADA,1,"2022/10/20 04:35:00",RT_SA4,0
D,DISPATCH,UNIT_SCADA,1,"2022/10/20 04:35:00",RT_SA5,0
D,DISPATCH,UNIT_SCADA,1,"2022/10/20 04:35:00",RT_SA6,0
D,DISPATCH,UNIT_SCADA,1,"2022/10/20 04:35:00",RT_TAS1,0
D,DISPATCH,UNIT_SCADA,1,"2022/10/20 04:35:00",RT_VIC1,0
D,DISPATCH,UNIT_SCADA,1,"2022/10/20 04:35:00",RT_VIC10,0
D,DISPATCH,UNIT_SCADA,1,"2022/10/20 04:35:00",RT_VIC11,0
D,DISPATCH,UNIT_SCADA,1,"2022/10/20 04:35:00",RT_VIC12,0
D,DISPATCH,UNIT_SCADA,1,"2022/10/20 04:35:00",RT_VIC2,0
D,DISPATCH,UNIT_SCADA,1,"2022/10/20 04:35:00",RT_VIC3,0
D,DISPATCH,UNIT_SCADA,1,"2022/10/20 04:35:00",RT_VIC4,0
D,DISPATCH,UNIT_SCADA,1,"2022/10/20 04:35:00",RT_VIC5,0
D,DISPATCH,UNIT_SCADA,1,"2022/10/20 04:35:00",RT_VIC6,0
D,DISPATCH,UNIT_SCADA,1,"2022/10/20 04:35:00",RT_VIC7,0
D,DISPATCH,UNIT_SCADA,1,"2022/10/20 04:35:00",RT_VIC8,0
D,DISPATCH,UNIT_SCADA,1,"2022/10/20 04:35:00",RT_VIC9,0
D,DISPATCH,UNIT_SCADA,1,"2022/10/20 04:35:00",RUGBYR1,0
D,DISPATCH,UNIT_SCADA,1,"2022/10/20 04:35:00",SALTCRK1,16.84
D,DISPATCH,UNIT_SCADA,1,"2022/10/20 04:35:00",SAPHWF1,165.580230
D,DISPATCH,UNIT_SCADA,1,"2022/10/20 04:35:00",SEBSF1,0
D,DISPATCH,UNIT_SCADA,1,"2022/10/20 04:35:00",SHGEN,0
D,DISPATCH,UNIT_SCADA,1,"2022/10/20 04:35:00",SHPUMP,0
D,DISPATCH,UNIT_SCADA,1,"2022/10/20 04:35:00",SITHE01,0.153860
D,DISPATCH,UNIT_SCADA,1,"2022/10/20 04:35:00",SMCSF1,0
D,DISPATCH,UNIT_SCADA,1,"2022/10/20 04:35:00",SNAPPER1,0
D,DISPATCH,UNIT_SCADA,1,"2022/10/20 04:35:00",SNOWNTH1,136.899990
D,DISPATCH,UNIT_SCADA,1,"2022/10/20 04:35:00",SNOWSTH1,116.70
D,DISPATCH,UNIT_SCADA,1,"2022/10/20 04:35:00",SNOWTWN1,93.569870
D,DISPATCH,UNIT_SCADA,1,"2022/10/20 04:35:00",SNOWYP,0
D,DISPATCH,UNIT_SCADA,1,"2022/10/20 04:35:00",SNUG1,0
D,DISPATCH,UNIT_SCADA,1,"2022/10/20 04:35:00",SRSF1,0
D,DISPATCH,UNIT_SCADA,1,"2022/10/20 04:35:00",STAN-1,276.8132
D,DISPATCH,UNIT_SCADA,1,"2022/10/20 04:35:00",STAN-2,363.384640
D,DISPATCH,UNIT_SCADA,1,"2022/10/20 04:35:00",STAN-3,363.551270
D,DISPATCH,UNIT_SCADA,1,"2022/10/20 04:35:00",STAN-4,363.756350
D,DISPATCH,UNIT_SCADA,1,"2022/10/20 04:35:00",STARHLWF,13.795980
D,DISPATCH,UNIT_SCADA,1,"2022/10/20 04:35:00",STOCKYD1,225.14
D,DISPATCH,UNIT_SCADA,1,"2022/10/20 04:35:00",STWF1,40.402840
D,DISPATCH,UNIT_SCADA,1,"2022/10/20 04:35:00",SUNRSF1,0
D,DISPATCH,UNIT_SCADA,1,"2022/10/20 04:35:00",SUNTPSF1,0
D,DISPATCH,UNIT_SCADA,1,"2022/10/20 04:35:00",SWAN_E,242.458130
D,DISPATCH,UNIT_SCADA,1,"2022/10/20 04:35:00",TALWA1,0
D,DISPATCH,UNIT_SCADA,1,"2022/10/20 04:35:00",TARALGA1,0
D,DISPATCH,UNIT_SCADA,1,"2022/10/20 04:35:00",TARONG#1,278.399990
D,DISPATCH,UNIT_SCADA,1,"2022/10/20 04:35:00",TARONG#2,277.700010
D,DISPATCH,UNIT_SCADA,1,"2022/10/20 04:35:00",TARONG#3,0.90
D,DISPATCH,UNIT_SCADA,1,"2022/10/20 04:35:00",TARONG#4,188.50
D,DISPATCH,UNIT_SCADA,1,"2022/10/20 04:35:00",TARRALEA,54.10
D,DISPATCH,UNIT_SCADA,1,"2022/10/20 04:35:00",TBSF1,0
D,DISPATCH,UNIT_SCADA,1,"2022/10/20 04:35:00",TNPS1,298.5625
D,DISPATCH,UNIT_SCADA,1,"2022/10/20 04:35:00",TORRB1,0
D,DISPATCH,UNIT_SCADA,1,"2022/10/20 04:35:00",TORRB2,40
D,DISPATCH,UNIT_SCADA,1,"2022/10/20 04:35:00",TORRB3,0
D,DISPATCH,UNIT_SCADA,1,"2022/10/20 04:35:00",TORRB4,0
D,DISPATCH,UNIT_SCADA,1,"2022/10/20 04:35:00",TREVALLN,100.086430
D,DISPATCH,UNIT_SCADA,1,"2022/10/20 04:35:00",TRIBUTE,0
D,DISPATCH,UNIT_SCADA,1,"2022/10/20 04:35:00",TUMUT3,0
D,DISPATCH,UNIT_SCADA,1,"2022/10/20 04:35:00",TUNGATIN,2.800020
D,DISPATCH,UNIT_SCADA,1,"2022/10/20 04:35:00",TVCC201,0
D,DISPATCH,UNIT_SCADA,1,"2022/10/20 04:35:00",TVPP104,0
D,DISPATCH,UNIT_SCADA,1,"2022/10/20 04:35:00",UPPTUMUT,0
D,DISPATCH,UNIT_SCADA,1,"2022/10/20 04:35:00",URANQ11,0
D,DISPATCH,UNIT_SCADA,1,"2022/10/20 04:35:00",URANQ12,0
D,DISPATCH,UNIT_SCADA,1,"2022/10/20 04:35:00",URANQ13,0
D,DISPATCH,UNIT_SCADA,1,"2022/10/20 04:35:00",URANQ14,0
D,DISPATCH,UNIT_SCADA,1,"2022/10/20 04:35:00",VBBG1,0
D,DISPATCH,UNIT_SCADA,1,"2022/10/20 04:35:00",VBBL1,2.20
D,DISPATCH,UNIT_SCADA,1,"2022/10/20 04:35:00",VP5,547.965940
D,DISPATCH,UNIT_SCADA,1,"2022/10/20 04:35:00",VP6,547.087040
D,DISPATCH,UNIT_SCADA,1,"2022/10/20 04:35:00",VPGS1,0
D,DISPATCH,UNIT_SCADA,1,"2022/10/20 04:35:00",VPGS2,0
D,DISPATCH,UNIT_SCADA,1,"2022/10/20 04:35:00",VPGS3,0
D,DISPATCH,UNIT_SCADA,1,"2022/10/20 04:35:00",VPGS4,0
D,DISPATCH,UNIT_SCADA,1,"2022/10/20 04:35:00",VPGS5,0
D,DISPATCH,UNIT_SCADA,1,"2022/10/20 04:35:00",VPGS6,0
D,DISPATCH,UNIT_SCADA,1,"2022/10/20 04:35:00",W/HOE#1,0
D,DISPATCH,UNIT_SCADA,1,"2022/10/20 04:35:00",W/HOE#2,0
D,DISPATCH,UNIT_SCADA,1,"2022/10/20 04:35:00",WAGGNSF1,0
D,DISPATCH,UNIT_SCADA,1,"2022/10/20 04:35:00",WALGRVG1,0.000930
D,DISPATCH,UNIT_SCADA,1,"2022/10/20 04:35:00",WALGRVL1,0
D,DISPATCH,UNIT_SCADA,1,"2022/10/20 04:35:00",WANDBG1,0
D,DISPATCH,UNIT_SCADA,1,"2022/10/20 04:35:00",WANDBL1,0
D,DISPATCH,UNIT_SCADA,1,"2022/10/20 04:35:00",WARWSF1,0
D,DISPATCH,UNIT_SCADA,1,"2022/10/20 04:35:00",WARWSF2,0
D,DISPATCH,UNIT_SCADA,1,"2022/10/20 04:35:00",WATERLWF,96
D,DISPATCH,UNIT_SCADA,1,"2022/10/20 04:35:00",WDGPH1,0
D,DISPATCH,UNIT_SCADA,1,"2022/10/20 04:35:00",WELLSF1,0
D,DISPATCH,UNIT_SCADA,1,"2022/10/20 04:35:00",WEMENSF1,0
D,DISPATCH,UNIT_SCADA,1,"2022/10/20 04:35:00",WGWF1,82.40
D,DISPATCH,UNIT_SCADA,1,"2022/10/20 04:35:00",WHITSF1,0
D,DISPATCH,UNIT_SCADA,1,"2022/10/20 04:35:00",WINTSF1,0
D,DISPATCH,UNIT_SCADA,1,"2022/10/20 04:35:00",WKIEWA1,33.90
D,DISPATCH,UNIT_SCADA,1,"2022/10/20 04:35:00",WKIEWA2,33.90
D,DISPATCH,UNIT_SCADA,1,"2022/10/20 04:35:00",WOODLWN1,12.502630
D,DISPATCH,UNIT_SCADA,1,"2022/10/20 04:35:00",WOOLGSF1,0
D,DISPATCH,UNIT_SCADA,1,"2022/10/20 04:35:00",WPWF,68.05
D,DISPATCH,UNIT_SCADA,1,"2022/10/20 04:35:00",WRSF1,0
D,DISPATCH,UNIT_SCADA,1,"2022/10/20 04:35:00",WRWF1,55.033190
D,DISPATCH,UNIT_SCADA,1,"2022/10/20 04:35:00",WSTWYSF1,0
D,DISPATCH,UNIT_SCADA,1,"2022/10/20 04:35:00",YABULU,0
D,DISPATCH,UNIT_SCADA,1,"2022/10/20 04:35:00",YABULU2,0
D,DISPATCH,UNIT_SCADA,1,"2022/10/20 04:35:00",YARANSF1,0
D,DISPATCH,UNIT_SCADA,1,"2022/10/20 04:35:00",YARWUN_1,130.56
D,DISPATCH,UNIT_SCADA,1,"2022/10/20 04:35:00",YATSF1,0
D,DISPATCH,UNIT_SCADA,1,"2022/10/20 04:35:00",YENDWF1,31.33
D,DISPATCH,UNIT_SCADA,1,"2022/10/20 04:35:00",YWPS1,363.658230
D,DISPATCH,UNIT_SCADA,1,"2022/10/20 04:35:00",YWPS2,302.754430
D,DISPATCH,UNIT_SCADA,1,"2022/10/20 04:35:00",YWPS3,361.646850
D,DISPATCH,UNIT_SCADA,1,"2022/10/20 04:35:00",YWPS4,0
C,"END OF REPORT",419
