C,NEMP.WORLD,DISPATCHSCADA,AEMO,PUBLIC,2022/10/20,12:45:11,0000000373255437,DISPATCHSCADA,0000000373255431
I,DISPATCH,UNIT_SCADA,1,SETTLEMENTDATE,DUID,SCADAVALUE
D,DISPATCH,UNIT_SCADA,1,"2022/10/20 12:50:00",BARCSF1,6.70
D,DISPATCH,UNIT_SCADA,1,"2022/10/20 12:50:00",BUTLERSG,8.699999
D,DISPATCH,UNIT_SCADA,1,"2022/10/20 12:50:00",CAPTL_WF,54.262547
D,DISPATCH,UNIT_SCADA,1,"2022/10/20 12:50:00",CHALLHWF,4.10
D,DISPATCH,UNIT_SCADA,1,"2022/10/20 12:50:00",CLOVER,10.45
D,DISPATCH,UNIT_SCADA,1,"2022/10/20 12:50:00",CLUNY,5.190661
D,DISPATCH,UNIT_SCADA,1,"2022/10/20 12:50:00",CULLRGWF,-0.03
D,DISPATCH,UNIT_SCADA,1,"2022/10/20 12:50:00",DIAPURWF1,4.10
D,DISPATCH,UNIT_SCADA,1,"2022/10/20 12:50:00",ERGT01,0
D,DISPATCH,UNIT_SCADA,1,"2022/10/20 12:50:00",GB01,0
D,DISPATCH,UNIT_SCADA,1,"2022/10/20 12:50:00",GERMCRK,18.10
D,DISPATCH,UNIT_SCADA,1,"2022/10/20 12:50:00",GRIFSF1,7.600519
D,DISPATCH,UNIT_SCADA,1,"2022/10/20 12:50:00",HEZ1,0
D,DISPATCH,UNIT_SCADA,1,"2022/10/20 12:50:00",HUGSF1,14.248001
D,DISPATCH,UNIT_SCADA,1,"2022/10/20 12:50:00",KEPBG1,0.01
D,DISPATCH,UNIT_SCADA,1,"2022/10/20 12:50:00",LRSF1,12.721001
D,DISPATCH,UNIT_SCADA,1,"2022/10/20 12:50:00",MBAHNTH,45.787506
D,DISPATCH,UNIT_SCADA,1,"2022/10/20 12:50:00",MLSP1,4.664001
D,DISPATCH,UNIT_SCADA,1,"2022/10/20 12:50:00",MLWF1,3.1050
D,DISPATCH,UNIT_SCADA,1,"2022/10/20 12:50:00",PALOONA,30.109999
D,DISPATCH,UNIT_SCADA,1,"2022/10/20 12:50:00",PIONEER,42.600002
D,DISPATCH,UNIT_SCADA,1,"2022/10/20 12:50:00",PORTWF,96.699997
D,DISPATCH,UNIT_SCADA,1,"2022/10/20 12:50:00",REPULSE,9.638208
D,DISPATCH,UNIT_SCADA,1,"2022/10/20 12:50:00",ROWALLAN,8.974401
D,DISPATCH,UNIT_SCADA,1,"2022/10/20 12:50:00",ROYALLA1,7.524003
D,DISPATCH,UNIT_SCADA,1,"2022/10/20 12:50:00",RPCG,-1.80
D,DISPATCH,UNIT_SCADA,1,"2022/10/20 12:50:00",RUBICON,0
D,DISPATCH,UNIT_SCADA,1,"2022/10/20 12:50:00",WAUBRAWF,23.8750
D,DISPATCH,UNIT_SCADA,1,"2022/10/20 12:50:00",WOOLNTH1,39.150002
D,DISPATCH,UNIT_SCADA,1,"2022/10/20 12:50:00",YAMBUKWF,8.10
D,DISPATCH,UNIT_SCADA,1,"2022/10/20 12:50:00",YSWF1,4.40
D,DISPATCH,UNIT_SCADA,1,"2022/10/20 12:50:00",ADPBA1G,0.0080
D,DISPATCH,UNIT_SCADA,1,"2022/10/20 12:50:00",ADPBA1L,0
D,DISPATCH,UNIT_SCADA,1,"2022/10/20 12:50:00",ADPPV1,0.0410
D,DISPATCH,UNIT_SCADA,1,"2022/10/20 12:50:00",AGLHAL,0
D,DISPATCH,UNIT_SCADA,1,"2022/10/20 12:50:00",AGLSOM,0
D,DISPATCH,UNIT_SCADA,1,"2022/10/20 12:50:00",ANGAST1,0
D,DISPATCH,UNIT_SCADA,1,"2022/10/20 12:50:00",ARWF1,16.20
D,DISPATCH,UNIT_SCADA,1,"2022/10/20 12:50:00",BALBG1,0
D,DISPATCH,UNIT_SCADA,1,"2022/10/20 12:50:00",BALBL1,0
D,DISPATCH,UNIT_SCADA,1,"2022/10/20 12:50:00",BALDHWF1,40.2330
D,DISPATCH,UNIT_SCADA,1,"2022/10/20 12:50:00",BANGOWF1,35.598690
D,DISPATCH,UNIT_SCADA,1,"2022/10/20 12:50:00",BANGOWF2,25
D,DISPATCH,UNIT_SCADA,1,"2022/10/20 12:50:00",BANN1,18.25
D,DISPATCH,UNIT_SCADA,1,"2022/10/20 12:50:00",BARCALDN,0
D,DISPATCH,UNIT_SCADA,1,"2022/10/20 12:50:00",BARKIPS1,0
D,DISPATCH,UNIT_SCADA,1,"2022/10/20 12:50:00",BARRON-1,0
D,DISPATCH,UNIT_SCADA,1,"2022/10/20 12:50:00",BARRON-2,0
D,DISPATCH,UNIT_SCADA,1,"2022/10/20 12:50:00",BASTYAN,49.59
D,DISPATCH,UNIT_SCADA,1,"2022/10/20 12:50:00",BBTHREE1,0
D,DISPATCH,UNIT_SCADA,1,"2022/10/20 12:50:00",BBTHREE2,23.79
D,DISPATCH,UNIT_SCADA,1,"2022/10/20 12:50:00",BBTHREE3,-1.02
D,DISPATCH,UNIT_SCADA,1,"2022/10/20 12:50:00",BDL01,0
D,DISPATCH,UNIT_SCADA,1,"2022/10/20 12:50:00",BDL02,0
D,DISPATCH,UNIT_SCADA,1,"2022/10/20 12:50:00",BERYLSF1,31.230260
D,DISPATCH,UNIT_SCADA,1,"2022/10/20 12:50:00",BLOWERNG,62.70
D,DISPATCH,UNIT_SCADA,1,"2022/10/20 12:50:00",BLUEGSF1,13.970940
D,DISPATCH,UNIT_SCADA,1,"2022/10/20 12:50:00",BLUFF1,22
D,DISPATCH,UNIT_SCADA,1,"2022/10/20 12:50:00",BNGSF1,47.34
D,DISPATCH,UNIT_SCADA,1,"2022/10/20 12:50:00",BNGSF2,49.96
D,DISPATCH,UNIT_SCADA,1,"2022/10/20 12:50:00",BOCORWF1,28
D,DISPATCH,UNIT_SCADA,1,"2022/10/20 12:50:00",BODWF1,72.660290
D,DISPATCH,UNIT_SCADA,1,"2022/10/20 12:50:00",BOMENSF1,24.2417
D,DISPATCH,UNIT_SCADA,1,"2022/10/20 12:50:00",BOWWBA1G,0.0010
D,DISPATCH,UNIT_SCADA,1,"2022/10/20 12:50:00",BOWWBA1L,0
D,DISPATCH,UNIT_SCADA,1,"2022/10/20 12:50:00",BOWWPV1,0
D,DISPATCH,UNIT_SCADA,1,"2022/10/20 12:50:00",BRAEMAR1,0
D,DISPATCH,UNIT_SCADA,1,"2022/10/20 12:50:00",BRAEMAR2,0
D,DISPATCH,UNIT_SCADA,1,"2022/10/20 12:50:00",BRAEMAR3,0
D,DISPATCH,UNIT_SCADA,1,"2022/10/20 12:50:00",BRAEMAR5,0.292060
D,DISPATCH,UNIT_SCADA,1,"2022/10/20 12:50:00",BRAEMAR6,0
D,DISPATCH,UNIT_SCADA,1,"2022/10/20 12:50:00",BRAEMAR7,0.130920
D,DISPATCH,UNIT_SCADA,1,"2022/10/20 12:50:00",BROKENH1,41.399370
D,DISPATCH,UNIT_SCADA,1,"2022/10/20 12:50:00",BRYB1WF1,121.550320
D,DISPATCH,UNIT_SCADA,1,"2022/10/20 12:50:00",BULBESG1,0
D,DISPATCH,UNIT_SCADA,1,"2022/10/20 12:50:00",BULBESL1,2.58
D,DISPATCH,UNIT_SCADA,1,"2022/10/20 12:50:00",BULGANA1,4.03
D,DISPATCH,UNIT_SCADA,1,"2022/10/20 12:50:00",BW01,653.855160
D,DISPATCH,UNIT_SCADA,1,"2022/10/20 12:50:00",BW02,616.037230
D,DISPATCH,UNIT_SCADA,1,"2022/10/20 12:50:00",BW03,480.488280
D,DISPATCH,UNIT_SCADA,1,"2022/10/20 12:50:00",BW04,0
D,DISPATCH,UNIT_SCADA,1,"2022/10/20 12:50:00",CALL_B_1,316.899990
D,DISPATCH,UNIT_SCADA,1,"2022/10/20 12:50:00",CALL_B_2,317.100010
D,DISPATCH,UNIT_SCADA,1,"2022/10/20 12:50:00",CATHROCK,6.70
D,DISPATCH,UNIT_SCADA,1,"2022/10/20 12:50:00",CBWWBA1G,0
D,DISPATCH,UNIT_SCADA,1,"2022/10/20 12:50:00",CBWWBA1L,0
D,DISPATCH,UNIT_SCADA,1,"2022/10/20 12:50:00",CETHANA,7.354130
D,DISPATCH,UNIT_SCADA,1,"2022/10/20 12:50:00",CG1,0
D,DISPATCH,UNIT_SCADA,1,"2022/10/20 12:50:00",CG2,0
D,DISPATCH,UNIT_SCADA,1,"2022/10/20 12:50:00",CG3,0
D,DISPATCH,UNIT_SCADA,1,"2022/10/20 12:50:00",CG4,0
D,DISPATCH,UNIT_SCADA,1,"2022/10/20 12:50:00",CHILDSF1,31.15
D,DISPATCH,UNIT_SCADA,1,"2022/10/20 12:50:00",CHYTWF1,8.42
D,DISPATCH,UNIT_SCADA,1,"2022/10/20 12:50:00",CLARESF1,15.362050
D,DISPATCH,UNIT_SCADA,1,"2022/10/20 12:50:00",CLEMGPWF,21.970670
D,DISPATCH,UNIT_SCADA,1,"2022/10/20 12:50:00",CLERMSF1,27.41
D,DISPATCH,UNIT_SCADA,1,"2022/10/20 12:50:00",CNUNDAWF,0
D,DISPATCH,UNIT_SCADA,1,"2022/10/20 12:50:00",COHUNSF1,11.64
D,DISPATCH,UNIT_SCADA,1,"2022/10/20 12:50:00",COLEASF1,32.097730
D,DISPATCH,UNIT_SCADA,1,"2022/10/20 12:50:00",COLUMSF1,13.27
D,DISPATCH,UNIT_SCADA,1,"2022/10/20 12:50:00",COLWF01,79.368290
D,DISPATCH,UNIT_SCADA,1,"2022/10/20 12:50:00",COOPGWF1,104.75
D,DISPATCH,UNIT_SCADA,1,"2022/10/20 12:50:00",CPP_3,278.024990
D,DISPATCH,UNIT_SCADA,1,"2022/10/20 12:50:00",CPP_4,0
D,DISPATCH,UNIT_SCADA,1,"2022/10/20 12:50:00",CPSA,0
D,DISPATCH,UNIT_SCADA,1,"2022/10/20 12:50:00",CROOKWF2,28.2530
D,DISPATCH,UNIT_SCADA,1,"2022/10/20 12:50:00",CROWLWF1,7.839740
D,DISPATCH,UNIT_SCADA,1,"2022/10/20 12:50:00",CRURWF1,40.496450
D,DISPATCH,UNIT_SCADA,1,"2022/10/20 12:50:00",CRWASF1,28.2880
D,DISPATCH,UNIT_SCADA,1,"2022/10/20 12:50:00",CSPVPS1,16.4010
D,DISPATCH,UNIT_SCADA,1,"2022/10/20 12:50:00",CTHLWF1,0.003050
D,DISPATCH,UNIT_SCADA,1,"2022/10/20 12:50:00",DALNTH01,0
D,DISPATCH,UNIT_SCADA,1,"2022/10/20 12:50:00",DALNTHL1,0.135810
D,DISPATCH,UNIT_SCADA,1,"2022/10/20 12:50:00",DARLSF1,35.155510
D,DISPATCH,UNIT_SCADA,1,"2022/10/20 12:50:00",DARTM1,0
D,DISPATCH,UNIT_SCADA,1,"2022/10/20 12:50:00",DAYDSF1,145.053010
D,DISPATCH,UNIT_SCADA,1,"2022/10/20 12:50:00",DDPS1,0
D,DISPATCH,UNIT_SCADA,1,"2022/10/20 12:50:00",DDSF1,24.361980
D,DISPATCH,UNIT_SCADA,1,"2022/10/20 12:50:00",DEVILS_G,9.5999
D,DISPATCH,UNIT_SCADA,1,"2022/10/20 12:50:00",DG_NSW1,0
D,DISPATCH,UNIT_SCADA,1,"2022/10/20 12:50:00",DG_QLD1,0
D,DISPATCH,UNIT_SCADA,1,"2022/10/20 12:50:00",DG_SA1,0
D,DISPATCH,UNIT_SCADA,1,"2022/10/20 12:50:00",DG_TAS1,0
D,DISPATCH,UNIT_SCADA,1,"2022/10/20 12:50:00",DG_VIC1,0
D,DISPATCH,UNIT_SCADA,1,"2022/10/20 12:50:00",DRYCGT1,0
D,DISPATCH,UNIT_SCADA,1,"2022/10/20 12:50:00",DRYCGT2,0
D,DISPATCH,UNIT_SCADA,1,"2022/10/20 12:50:00",DRYCGT3,0
D,DISPATCH,UNIT_SCADA,1,"2022/10/20 12:50:00",DUNDWF1,47.99
D,DISPATCH,UNIT_SCADA,1,"2022/10/20 12:50:00",DUNDWF2,14.17
D,DISPATCH,UNIT_SCADA,1,"2022/10/20 12:50:00",DUNDWF3,42.72
D,DISPATCH,UNIT_SCADA,1,"2022/10/20 12:50:00",EILDON1,59.80
D,DISPATCH,UNIT_SCADA,1,"2022/10/20 12:50:00",EILDON2,60.08
D,DISPATCH,UNIT_SCADA,1,"2022/10/20 12:50:00",ELAINWF1,30.90
D,DISPATCH,UNIT_SCADA,1,"2022/10/20 12:50:00",EMERASF1,0
D,DISPATCH,UNIT_SCADA,1,"2022/10/20 12:50:00",ER01,0
D,DISPATCH,UNIT_SCADA,1,"2022/10/20 12:50:00",ER02,313.225010
D,DISPATCH,UNIT_SCADA,1,"2022/10/20 12:50:00",ER03,447.040530
D,DISPATCH,UNIT_SCADA,1,"2022/10/20 12:50:00",ER04,445.404750
D,DISPATCH,UNIT_SCADA,1,"2022/10/20 12:50:00",FINLYSF1,73.380640
D,DISPATCH,UNIT_SCADA,1,"2022/10/20 12:50:00",FISHER,44
D,DISPATCH,UNIT_SCADA,1,"2022/10/20 12:50:00",GANGARR1,80.113010
D,DISPATCH,UNIT_SCADA,1,"2022/10/20 12:50:00",GANNBG1,0
D,DISPATCH,UNIT_SCADA,1,"2022/10/20 12:50:00",GANNBL1,5.625170
D,DISPATCH,UNIT_SCADA,1,"2022/10/20 12:50:00",GANNSF1,24.40
D,DISPATCH,UNIT_SCADA,1,"2022/10/20 12:50:00",GLRWNSF1,0
D,DISPATCH,UNIT_SCADA,1,"2022/10/20 12:50:00",GNNDHSF1,59.557110
D,DISPATCH,UNIT_SCADA,1,"2022/10/20 12:50:00",GOONSF1,0
D,DISPATCH,UNIT_SCADA,1,"2022/10/20 12:50:00",GORDON,190.0065
D,DISPATCH,UNIT_SCADA,1,"2022/10/20 12:50:00",GRANWF1,0
D,DISPATCH,UNIT_SCADA,1,"2022/10/20 12:50:00",GSTONE1,199.849990
D,DISPATCH,UNIT_SCADA,1,"2022/10/20 12:50:00",GSTONE2,0
D,DISPATCH,UNIT_SCADA,1,"2022/10/20 12:50:00",GSTONE3,200.20
D,DISPATCH,UNIT_SCADA,1,"2022/10/20 12:50:00",GSTONE4,0
D,DISPATCH,UNIT_SCADA,1,"2022/10/20 12:50:00",GSTONE5,200.024990
D,DISPATCH,UNIT_SCADA,1,"2022/10/20 12:50:00",GSTONE6,200.724990
D,DISPATCH,UNIT_SCADA,1,"2022/10/20 12:50:00",GULLRSF1,2.964950
D,DISPATCH,UNIT_SCADA,1,"2022/10/20 12:50:00",GULLRWF1,43.274340
D,DISPATCH,UNIT_SCADA,1,"2022/10/20 12:50:00",GULLRWF2,63.7124
D,DISPATCH,UNIT_SCADA,1,"2022/10/20 12:50:00",GUNNING1,0
D,DISPATCH,UNIT_SCADA,1,"2022/10/20 12:50:00",GUTHEGA,67
D,DISPATCH,UNIT_SCADA,1,"2022/10/20 12:50:00",HALLWF1,25.42
D,DISPATCH,UNIT_SCADA,1,"2022/10/20 12:50:00",HALLWF2,8.92
D,DISPATCH,UNIT_SCADA,1,"2022/10/20 12:50:00",HAMISF1,42.20
D,DISPATCH,UNIT_SCADA,1,"2022/10/20 12:50:00",HAUGHT11,7.991040
D,DISPATCH,UNIT_SCADA,1,"2022/10/20 12:50:00",HAYMSF1,48.79
D,DISPATCH,UNIT_SCADA,1,"2022/10/20 12:50:00",HDWF1,28.70
D,DISPATCH,UNIT_SCADA,1,"2022/10/20 12:50:00",HDWF2,26.10
D,DISPATCH,UNIT_SCADA,1,"2022/10/20 12:50:00",HDWF3,25.20
D,DISPATCH,UNIT_SCADA,1,"2022/10/20 12:50:00",HILLSTN1,62.322690
D,DISPATCH,UNIT_SCADA,1,"2022/10/20 12:50:00",HPRG1,0
D,DISPATCH,UNIT_SCADA,1,"2022/10/20 12:50:00",HPRL1,38.50
D,DISPATCH,UNIT_SCADA,1,"2022/10/20 12:50:00",HUMENSW,55.518060
D,DISPATCH,UNIT_SCADA,1,"2022/10/20 12:50:00",HUMEV,0
D,DISPATCH,UNIT_SCADA,1,"2022/10/20 12:50:00",HVWWBA1G,0
D,DISPATCH,UNIT_SCADA,1,"2022/10/20 12:50:00",HVWWBA1L,0.0070
D,DISPATCH,UNIT_SCADA,1,"2022/10/20 12:50:00",HVWWPV1,0.0170
D,DISPATCH,UNIT_SCADA,1,"2022/10/20 12:50:00",JBUTTERS,0
D,DISPATCH,UNIT_SCADA,1,"2022/10/20 12:50:00",JEMALNG1,2.34
D,DISPATCH,UNIT_SCADA,1,"2022/10/20 12:50:00",JLA01,0
D,DISPATCH,UNIT_SCADA,1,"2022/10/20 12:50:00",JLA02,0
D,DISPATCH,UNIT_SCADA,1,"2022/10/20 12:50:00",JLA03,0
D,DISPATCH,UNIT_SCADA,1,"2022/10/20 12:50:00",JLA04,0
D,DISPATCH,UNIT_SCADA,1,"2022/10/20 12:50:00",JLB01,0
D,DISPATCH,UNIT_SCADA,1,"2022/10/20 12:50:00",JLB02,0.10
D,DISPATCH,UNIT_SCADA,1,"2022/10/20 12:50:00",JLB03,0
D,DISPATCH,UNIT_SCADA,1,"2022/10/20 12:50:00",JUNEESF1,8.796160
D,DISPATCH,UNIT_SCADA,1,"2022/10/20 12:50:00",KABANWF1,0
D,DISPATCH,UNIT_SCADA,1,"2022/10/20 12:50:00",KAREEYA1,0
D,DISPATCH,UNIT_SCADA,1,"2022/10/20 12:50:00",KAREEYA2,0
D,DISPATCH,UNIT_SCADA,1,"2022/10/20 12:50:00",KAREEYA3,4.6250
D,DISPATCH,UNIT_SCADA,1,"2022/10/20 12:50:00",KAREEYA4,0
D,DISPATCH,UNIT_SCADA,1,"2022/10/20 12:50:00",KARSF1,27.80
D,DISPATCH,UNIT_SCADA,1,"2022/10/20 12:50:00",KEPSF1,11.99
D,DISPATCH,UNIT_SCADA,1,"2022/10/20 12:50:00",KEPWF1,7.79
D,DISPATCH,UNIT_SCADA,1,"2022/10/20 12:50:00",KIAMSF1,31.132220
D,DISPATCH,UNIT_SCADA,1,"2022/10/20 12:50:00",KIATAWF1,10.10
D,DISPATCH,UNIT_SCADA,1,"2022/10/20 12:50:00",KPP_1,0
D,DISPATCH,UNIT_SCADA,1,"2022/10/20 12:50:00",KSP1,26.18
D,DISPATCH,UNIT_SCADA,1,"2022/10/20 12:50:00",LADBROK1,0.01
D,DISPATCH,UNIT_SCADA,1,"2022/10/20 12:50:00",LADBROK2,0.02
D,DISPATCH,UNIT_SCADA,1,"2022/10/20 12:50:00",LBBG1,0
D,DISPATCH,UNIT_SCADA,1,"2022/10/20 12:50:00",LBBL1,0.30
D,DISPATCH,UNIT_SCADA,1,"2022/10/20 12:50:00",LD01,272.743930
D,DISPATCH,UNIT_SCADA,1,"2022/10/20 12:50:00",LD02,0
D,DISPATCH,UNIT_SCADA,1,"2022/10/20 12:50:00",LD04,273.952450
D,DISPATCH,UNIT_SCADA,1,"2022/10/20 12:50:00",LEM_WIL,46.469650
D,DISPATCH,UNIT_SCADA,1,"2022/10/20 12:50:00",LGAPWF1,58.40
D,DISPATCH,UNIT_SCADA,1,"2022/10/20 12:50:00",LGAPWF2,41.87
D,DISPATCH,UNIT_SCADA,1,"2022/10/20 12:50:00",LILYSF1,80.740340
D,DISPATCH,UNIT_SCADA,1,"2022/10/20 12:50:00",LIMOSF11,96.504920
D,DISPATCH,UNIT_SCADA,1,"2022/10/20 12:50:00",LIMOSF21,20.806010
D,DISPATCH,UNIT_SCADA,1,"2022/10/20 12:50:00",LI_WY_CA,54.1904
D,DISPATCH,UNIT_SCADA,1,"2022/10/20 12:50:00",LKBONNY1,0
D,DISPATCH,UNIT_SCADA,1,"2022/10/20 12:50:00",LKBONNY2,0
D,DISPATCH,UNIT_SCADA,1,"2022/10/20 12:50:00",LKBONNY3,0
D,DISPATCH,UNIT_SCADA,1,"2022/10/20 12:50:00",LK_ECHO,0
D,DISPATCH,UNIT_SCADA,1,"2022/10/20 12:50:00",LNGS1,0
D,DISPATCH,UNIT_SCADA,1,"2022/10/20 12:50:00",LNGS2,0
D,DISPATCH,UNIT_SCADA,1,"2022/10/20 12:50:00",LONSDALE,0
D,DISPATCH,UNIT_SCADA,1,"2022/10/20 12:50:00",LOYYB1,406.010130
D,DISPATCH,UNIT_SCADA,1,"2022/10/20 12:50:00",LOYYB2,419.544310
D,DISPATCH,UNIT_SCADA,1,"2022/10/20 12:50:00",LYA1,403
D,DISPATCH,UNIT_SCADA,1,"2022/10/20 12:50:00",LYA2,0
D,DISPATCH,UNIT_SCADA,1,"2022/10/20 12:50:00",LYA3,402
D,DISPATCH,UNIT_SCADA,1,"2022/10/20 12:50:00",LYA4,403
D,DISPATCH,UNIT_SCADA,1,"2022/10/20 12:50:00",MACARTH1,63.298540
D,DISPATCH,UNIT_SCADA,1,"2022/10/20 12:50:00",MACKNTSH,0
D,DISPATCH,UNIT_SCADA,1,"2022/10/20 12:50:00",MANSLR1,35.2790
D,DISPATCH,UNIT_SCADA,1,"2022/10/20 12:50:00",MAPS2PV1,0
D,DISPATCH,UNIT_SCADA,1,"2022/10/20 12:50:00",MAPS3PV1,0
D,DISPATCH,UNIT_SCADA,1,"2022/10/20 12:50:00",MARYRSF1,19.26
D,DISPATCH,UNIT_SCADA,1,"2022/10/20 12:50:00",MBPS2PV1,0
D,DISPATCH,UNIT_SCADA,1,"2022/10/20 12:50:00",MCKAY1,0.02
D,DISPATCH,UNIT_SCADA,1,"2022/10/20 12:50:00",MEADOWBK,5.687420
D,DISPATCH,UNIT_SCADA,1,"2022/10/20 12:50:00",MERCER01,33
D,DISPATCH,UNIT_SCADA,1,"2022/10/20 12:50:00",METZSF1,24.666170
D,DISPATCH,UNIT_SCADA,1,"2022/10/20 12:50:00",MEWF1,19.326980
D,DISPATCH,UNIT_SCADA,1,"2022/10/20 12:50:00",MIDDLSF1,2.42
D,DISPATCH,UNIT_SCADA,1,"2022/10/20 12:50:00",MINTARO,0.128180
D,DISPATCH,UNIT_SCADA,1,"2022/10/20 12:50:00",MOLNGSF1,21.175860
D,DISPATCH,UNIT_SCADA,1,"2022/10/20 12:50:00",MOORAWF1,81.62
D,DISPATCH,UNIT_SCADA,1,"2022/10/20 12:50:00",MOREESF1,26.6220
D,DISPATCH,UNIT_SCADA,1,"2022/10/20 12:50:00",MORTLK11,0
D,DISPATCH,UNIT_SCADA,1,"2022/10/20 12:50:00",MORTLK12,0
D,DISPATCH,UNIT_SCADA,1,"2022/10/20 12:50:00",MOUSF1,0
D,DISPATCH,UNIT_SCADA,1,"2022/10/20 12:50:00",MP1,0
D,DISPATCH,UNIT_SCADA,1,"2022/10/20 12:50:00",MP2,343.401250
D,DISPATCH,UNIT_SCADA,1,"2022/10/20 12:50:00",MPP_1,162.297910
D,DISPATCH,UNIT_SCADA,1,"2022/10/20 12:50:00",MPP_2,190.817550
D,DISPATCH,UNIT_SCADA,1,"2022/10/20 12:50:00",MRTLSWF1,0
D,DISPATCH,UNIT_SCADA,1,"2022/10/20 12:50:00",MSTUART1,0
D,DISPATCH,UNIT_SCADA,1,"2022/10/20 12:50:00",MSTUART2,0
D,DISPATCH,UNIT_SCADA,1,"2022/10/20 12:50:00",MSTUART3,0
D,DISPATCH,UNIT_SCADA,1,"2022/10/20 12:50:00",MTGELWF1,46.913060
D,DISPATCH,UNIT_SCADA,1,"2022/10/20 12:50:00",MTMILLAR,0.40
D,DISPATCH,UNIT_SCADA,1,"2022/10/20 12:50:00",MURRAY,0
D,DISPATCH,UNIT_SCADA,1,"2022/10/20 12:50:00",MUSSELR1,60.20
D,DISPATCH,UNIT_SCADA,1,"2022/10/20 12:50:00",MUWAWF1,58.97
D,DISPATCH,UNIT_SCADA,1,"2022/10/20 12:50:00",MUWAWF2,27.70
D,DISPATCH,UNIT_SCADA,1,"2022/10/20 12:50:00",MWPS1PV1,0.13
D,DISPATCH,UNIT_SCADA,1,"2022/10/20 12:50:00",MWPS2PV1,0
D,DISPATCH,UNIT_SCADA,1,"2022/10/20 12:50:00",MWPS3PV1,0
D,DISPATCH,UNIT_SCADA,1,"2022/10/20 12:50:00",MWPS4PV1,0.01
D,DISPATCH,UNIT_SCADA,1,"2022/10/20 12:50:00",NBHWF1,32.40
D,DISPATCH,UNIT_SCADA,1,"2022/10/20 12:50:00",NEVERSF1,102.39
D,DISPATCH,UNIT_SCADA,1,"2022/10/20 12:50:00",NPS,0
D,DISPATCH,UNIT_SCADA,1,"2022/10/20 12:50:00",NUMURSF1,93.95
D,DISPATCH,UNIT_SCADA,1,"2022/10/20 12:50:00",NYNGAN1,45
D,DISPATCH,UNIT_SCADA,1,"2022/10/20 12:50:00",OAKEY1,0
D,DISPATCH,UNIT_SCADA,1,"2022/10/20 12:50:00",OAKEY1SF,14.3620
D,DISPATCH,UNIT_SCADA,1,"2022/10/20 12:50:00",OAKEY2,0
D,DISPATCH,UNIT_SCADA,1,"2022/10/20 12:50:00",OAKEY2SF,34.47
D,DISPATCH,UNIT_SCADA,1,"2022/10/20 12:50:00",OAKLAND1,5.30
D,DISPATCH,UNIT_SCADA,1,"2022/10/20 12:50:00",OSB-AG,0
D,DISPATCH,UNIT_SCADA,1,"2022/10/20 12:50:00",PAREPS1,0.0660
D,DISPATCH,UNIT_SCADA,1,"2022/10/20 12:50:00",PAREPW1,50.30
D,DISPATCH,UNIT_SCADA,1,"2022/10/20 12:50:00",PARSF1,1.701380
D,DISPATCH,UNIT_SCADA,1,"2022/10/20 12:50:00",POAT110,0
D,DISPATCH,UNIT_SCADA,1,"2022/10/20 12:50:00",POAT220,0
D,DISPATCH,UNIT_SCADA,1,"2022/10/20 12:50:00",POR01,0
D,DISPATCH,UNIT_SCADA,1,"2022/10/20 12:50:00",POR03,0
D,DISPATCH,UNIT_SCADA,1,"2022/10/20 12:50:00",PPCCGT,0
D,DISPATCH,UNIT_SCADA,1,"2022/10/20 12:50:00",PTSTAN1,0
D,DISPATCH,UNIT_SCADA,1,"2022/10/20 12:50:00",PUMP1,0
D,DISPATCH,UNIT_SCADA,1,"2022/10/20 12:50:00",PUMP2,0
D,DISPATCH,UNIT_SCADA,1,"2022/10/20 12:50:00",QBYNBG1,0.986480
D,DISPATCH,UNIT_SCADA,1,"2022/10/20 12:50:00",QBYNBL1,0
D,DISPATCH,UNIT_SCADA,1,"2022/10/20 12:50:00",QPS1,0
D,DISPATCH,UNIT_SCADA,1,"2022/10/20 12:50:00",QPS2,0
D,DISPATCH,UNIT_SCADA,1,"2022/10/20 12:50:00",QPS3,0
D,DISPATCH,UNIT_SCADA,1,"2022/10/20 12:50:00",QPS4,0
D,DISPATCH,UNIT_SCADA,1,"2022/10/20 12:50:00",QPS5,73.78
D,DISPATCH,UNIT_SCADA,1,"2022/10/20 12:50:00",REECE1,0
D,DISPATCH,UNIT_SCADA,1,"2022/10/20 12:50:00",REECE2,0
D,DISPATCH,UNIT_SCADA,1,"2022/10/20 12:50:00",ROMA_7,0
D,DISPATCH,UNIT_SCADA,1,"2022/10/20 12:50:00",ROMA_8,0
D,DISPATCH,UNIT_SCADA,1,"2022/10/20 12:50:00",RRSF1,35.692060
D,DISPATCH,UNIT_SCADA,1,"2022/10/20 12:50:00",RT_NSW1,0
D,DISPATCH,UNIT_SCADA,1,"2022/10/20 12:50:00",RT_NSW2,0
D,DISPATCH,UNIT_SCADA,1,"2022/10/20 12:50:00",RT_NSW3,0
D,DISPATCH,UNIT_SCADA,1,"2022/10/20 12:50:00",RT_NSW4,0
D,DISPATCH,UNIT_SCADA,1,"2022/10/20 12:50:00",RT_NSW5,0
D,DISPATCH,UNIT_SCADA,1,"2022/10/20 12:50:00",RT_NSW6,0
D,DISPATCH,UNIT_SCADA,1,"2022/10/20 12:50:00",RT_QLD1,0
D,DISPATCH,UNIT_SCADA,1,"2022/10/20 12:50:00",RT_SA1,0
D,DISPATCH,UNIT_SCADA,1,"2022/10/20 12:50:00",RT_SA2,0
D,DISPATCH,UNIT_SCADA,1,"2022/10/20 12:50:00",RT_SA3,0
D,DISPATCH,UNIT_SCADA,1,"2022/10/20 12:50:00",RT_SA4,0
D,DISPATCH,UNIT_SCADA,1,"2022/10/20 12:50:00",RT_SA5,0
D,DISPATCH,UNIT_SCADA,1,"2022/10/20 12:50:00",RT_SA6,0
D,DISPATCH,UNIT_SCADA,1,"2022/10/20 12:50:00",RT_TAS1,0
D,DISPATCH,UNIT_SCADA,1,"2022/10/20 12:50:00",RT_VIC1,0
D,DISPATCH,UNIT_SCADA,1,"2022/10/20 12:50:00",RT_VIC10,0
D,DISPATCH,UNIT_SCADA,1,"2022/10/20 12:50:00",RT_VIC11,0
D,DISPATCH,UNIT_SCADA,1,"2022/10/20 12:50:00",RT_VIC12,0
D,DISPATCH,UNIT_SCADA,1,"2022/10/20 12:50:00",RT_VIC2,0
D,DISPATCH,UNIT_SCADA,1,"2022/10/20 12:50:00",RT_VIC3,0
D,DISPATCH,UNIT_SCADA,1,"2022/10/20 12:50:00",RT_VIC4,0
D,DISPATCH,UNIT_SCADA,1,"2022/10/20 12:50:00",RT_VIC5,0
D,DISPATCH,UNIT_SCADA,1,"2022/10/20 12:50:00",RT_VIC6,0
D,DISPATCH,UNIT_SCADA,1,"2022/10/20 12:50:00",RT_VIC7,0
D,DISPATCH,UNIT_SCADA,1,"2022/10/20 12:50:00",RT_VIC8,0
D,DISPATCH,UNIT_SCADA,1,"2022/10/20 12:50:00",RT_VIC9,0
D,DISPATCH,UNIT_SCADA,1,"2022/10/20 12:50:00",RUGBYR1,46.0288
D,DISPATCH,UNIT_SCADA,1,"2022/10/20 12:50:00",SALTCRK1,21.69
D,DISPATCH,UNIT_SCADA,1,"2022/10/20 12:50:00",SAPHWF1,0
D,DISPATCH,UNIT_SCADA,1,"2022/10/20 12:50:00",SEBSF1,25.279830
D,DISPATCH,UNIT_SCADA,1,"2022/10/20 12:50:00",SHGEN,0
D,DISPATCH,UNIT_SCADA,1,"2022/10/20 12:50:00",SHPUMP,0
D,DISPATCH,UNIT_SCADA,1,"2022/10/20 12:50:00",SITHE01,0.133760
D,DISPATCH,UNIT_SCADA,1,"2022/10/20 12:50:00",SMCSF1,63.9930
D,DISPATCH,UNIT_SCADA,1,"2022/10/20 12:50:00",SNAPPER1,0
D,DISPATCH,UNIT_SCADA,1,"2022/10/20 12:50:00",SNOWNTH1,55
D,DISPATCH,UNIT_SCADA,1,"2022/10/20 12:50:00",SNOWSTH1,18.10
D,DISPATCH,UNIT_SCADA,1,"2022/10/20 12:50:00",SNOWTWN1,27.340820
D,DISPATCH,UNIT_SCADA,1,"2022/10/20 12:50:00",SNOWYP,0
D,DISPATCH,UNIT_SCADA,1,"2022/10/20 12:50:00",SNUG1,0
D,DISPATCH,UNIT_SCADA,1,"2022/10/20 12:50:00",SRSF1,20.31
D,DISPATCH,UNIT_SCADA,1,"2022/10/20 12:50:00",STAN-1,275.787780
D,DISPATCH,UNIT_SCADA,1,"2022/10/20 12:50:00",STAN-2,355.770840
D,DISPATCH,UNIT_SCADA,1,"2022/10/20 12:50:00",STAN-3,158.466460
D,DISPATCH,UNIT_SCADA,1,"2022/10/20 12:50:00",STAN-4,360.731350
D,DISPATCH,UNIT_SCADA,1,"2022/10/20 12:50:00",STARHLWF,0.01
D,DISPATCH,UNIT_SCADA,1,"2022/10/20 12:50:00",STOCKYD1,78.44
D,DISPATCH,UNIT_SCADA,1,"2022/10/20 12:50:00",STWF1,0
D,DISPATCH,UNIT_SCADA,1,"2022/10/20 12:50:00",SUNRSF1,66.765850
D,DISPATCH,UNIT_SCADA,1,"2022/10/20 12:50:00",SUNTPSF1,49.821930
D,DISPATCH,UNIT_SCADA,1,"2022/10/20 12:50:00",SWAN_E,190.221880
D,DISPATCH,UNIT_SCADA,1,"2022/10/20 12:50:00",TALWA1,0
D,DISPATCH,UNIT_SCADA,1,"2022/10/20 12:50:00",TARALGA1,0
D,DISPATCH,UNIT_SCADA,1,"2022/10/20 12:50:00",TARONG#1,344
D,DISPATCH,UNIT_SCADA,1,"2022/10/20 12:50:00",TARONG#2,343.399990
D,DISPATCH,UNIT_SCADA,1,"2022/10/20 12:50:00",TARONG#3,0.90
D,DISPATCH,UNIT_SCADA,1,"2022/10/20 12:50:00",TARONG#4,283.300020
D,DISPATCH,UNIT_SCADA,1,"2022/10/20 12:50:00",TARRALEA,54
D,DISPATCH,UNIT_SCADA,1,"2022/10/20 12:50:00",TBSF1,0.10
D,DISPATCH,UNIT_SCADA,1,"2022/10/20 12:50:00",TNPS1,316.5625
D,DISPATCH,UNIT_SCADA,1,"2022/10/20 12:50:00",TORRB1,0
D,DISPATCH,UNIT_SCADA,1,"2022/10/20 12:50:00",TORRB2,40
D,DISPATCH,UNIT_SCADA,1,"2022/10/20 12:50:00",TORRB3,0
D,DISPATCH,UNIT_SCADA,1,"2022/10/20 12:50:00",TORRB4,0
D,DISPATCH,UNIT_SCADA,1,"2022/10/20 12:50:00",TREVALLN,98.942850
D,DISPATCH,UNIT_SCADA,1,"2022/10/20 12:50:00",TRIBUTE,0
D,DISPATCH,UNIT_SCADA,1,"2022/10/20 12:50:00",TUMUT3,0
D,DISPATCH,UNIT_SCADA,1,"2022/10/20 12:50:00",TUNGATIN,2.800020
D,DISPATCH,UNIT_SCADA,1,"2022/10/20 12:50:00",TVCC201,0
D,DISPATCH,UNIT_SCADA,1,"2022/10/20 12:50:00",TVPP104,0
D,DISPATCH,UNIT_SCADA,1,"2022/10/20 12:50:00",UPPTUMUT,95.669570
D,DISPATCH,UNIT_SCADA,1,"2022/10/20 12:50:00",URANQ11,0
D,DISPATCH,UNIT_SCADA,1,"2022/10/20 12:50:00",URANQ12,0
D,DISPATCH,UNIT_SCADA,1,"2022/10/20 12:50:00",URANQ13,0
D,DISPATCH,UNIT_SCADA,1,"2022/10/20 12:50:00",URANQ14,0
D,DISPATCH,UNIT_SCADA,1,"2022/10/20 12:50:00",VBBG1,0
D,DISPATCH,UNIT_SCADA,1,"2022/10/20 12:50:00",VBBL1,100.50
D,DISPATCH,UNIT_SCADA,1,"2022/10/20 12:50:00",VP5,545.231510
D,DISPATCH,UNIT_SCADA,1,"2022/10/20 12:50:00",VP6,549.504090
D,DISPATCH,UNIT_SCADA,1,"2022/10/20 12:50:00",VPGS1,0
D,DISPATCH,UNIT_SCADA,1,"2022/10/20 12:50:00",VPGS2,0
D,DISPATCH,UNIT_SCADA,1,"2022/10/20 12:50:00",VPGS3,0
D,DISPATCH,UNIT_SCADA,1,"2022/10/20 12:50:00",VPGS4,0
D,DISPATCH,UNIT_SCADA,1,"2022/10/20 12:50:00",VPGS5,0
D,DISPATCH,UNIT_SCADA,1,"2022/10/20 12:50:00",VPGS6,0
D,DISPATCH,UNIT_SCADA,1,"2022/10/20 12:50:00",W/HOE#1,0
D,DISPATCH,UNIT_SCADA,1,"2022/10/20 12:50:00",W/HOE#2,0
D,DISPATCH,UNIT_SCADA,1,"2022/10/20 12:50:00",WAGGNSF1,0
D,DISPATCH,UNIT_SCADA,1,"2022/10/20 12:50:00",WALGRVG1,0.000930
D,DISPATCH,UNIT_SCADA,1,"2022/10/20 12:50:00",WALGRVL1,0
D,DISPATCH,UNIT_SCADA,1,"2022/10/20 12:50:00",WANDBG1,0
D,DISPATCH,UNIT_SCADA,1,"2022/10/20 12:50:00",WANDBL1,30.273010
D,DISPATCH,UNIT_SCADA,1,"2022/10/20 12:50:00",WARWSF1,15.99
D,DISPATCH,UNIT_SCADA,1,"2022/10/20 12:50:00",WARWSF2,15.96
D,DISPATCH,UNIT_SCADA,1,"2022/10/20 12:50:00",WATERLWF,20.20
D,DISPATCH,UNIT_SCADA,1,"2022/10/20 12:50:00",WDGPH1,59.7730
D,DISPATCH,UNIT_SCADA,1,"2022/10/20 12:50:00",WELLSF1,31.796750
D,DISPATCH,UNIT_SCADA,1,"2022/10/20 12:50:00",WEMENSF1,19.40
D,DISPATCH,UNIT_SCADA,1,"2022/10/20 12:50:00",WGWF1,61.60
D,DISPATCH,UNIT_SCADA,1,"2022/10/20 12:50:00",WHITSF1,46.40
D,DISPATCH,UNIT_SCADA,1,"2022/10/20 12:50:00",WINTSF1,80.60
D,DISPATCH,UNIT_SCADA,1,"2022/10/20 12:50:00",WKIEWA1,31.70
D,DISPATCH,UNIT_SCADA,1,"2022/10/20 12:50:00",WKIEWA2,13.90
D,DISPATCH,UNIT_SCADA,1,"2022/10/20 12:50:00",WOODLWN1,16.941180
D,DISPATCH,UNIT_SCADA,1,"2022/10/20 12:50:00",WOOLGSF1,20.526080
D,DISPATCH,UNIT_SCADA,1,"2022/10/20 12:50:00",WPWF,30.04
D,DISPATCH,UNIT_SCADA,1,"2022/10/20 12:50:00",WRSF1,5.269940
D,DISPATCH,UNIT_SCADA,1,"2022/10/20 12:50:00",WRWF1,0
D,DISPATCH,UNIT_SCADA,1,"2022/10/20 12:50:00",WSTWYSF1,0.221620
D,DISPATCH,UNIT_SCADA,1,"2022/10/20 12:50:00",YABULU,0
D,DISPATCH,UNIT_SCADA,1,"2022/10/20 12:50:00",YABULU2,0
D,DISPATCH,UNIT_SCADA,1,"2022/10/20 12:50:00",YARANSF1,73.189990
D,DISPATCH,UNIT_SCADA,1,"2022/10/20 12:50:00",YARWUN_1,160.66
D,DISPATCH,UNIT_SCADA,1,"2022/10/20 12:50:00",YATSF1,12.38
D,DISPATCH,UNIT_SCADA,1,"2022/10/20 12:50:00",YENDWF1,43.42
D,DISPATCH,UNIT_SCADA,1,"2022/10/20 12:50:00",YWPS1,249.620250
D,DISPATCH,UNIT_SCADA,1,"2022/10/20 12:50:00",YWPS2,248.868350
D,DISPATCH,UNIT_SCADA,1,"2022/10/20 12:50:00",YWPS3,278.092410
D,DISPATCH,UNIT_SCADA,1,"2022/10/20 12:50:00",YWPS4,0
C,"END OF REPORT",419
