C,NEMP.WORLD,DISPATCHSCADA,AEMO,PUBLIC,2022/10/20,23:45:10,0000000373288495,DISPATCHSCADA,0000000373288489
I,DISPATCH,UNIT_SCADA,1,SETTLEMENTDATE,DUID,SCADAVALUE
D,DISPATCH,UNIT_SCADA,1,"2022/10/20 23:50:00",BARCSF1,0
D,DISPATCH,UNIT_SCADA,1,"2022/10/20 23:50:00",BUTLERSG,8.699999
D,DISPATCH,UNIT_SCADA,1,"2022/10/20 23:50:00",CAPTL_WF,60.289982
D,DISPATCH,UNIT_SCADA,1,"2022/10/20 23:50:00",CHALLHWF,7
D,DISPATCH,UNIT_SCADA,1,"2022/10/20 23:50:00",CLOVER,13.41
D,DISPATCH,UNIT_SCADA,1,"2022/10/20 23:50:00",CLUNY,5.629206
D,DISPATCH,UNIT_SCADA,1,"2022/10/20 23:50:00",CULLRGWF,-0.02
D,DISPATCH,UNIT_SCADA,1,"2022/10/20 23:50:00",DIAPURWF1,5.60
D,DISPATCH,UNIT_SCADA,1,"2022/10/20 23:50:00",ERGT01,0
D,DISPATCH,UNIT_SCADA,1,"2022/10/20 23:50:00",GB01,0
D,DISPATCH,UNIT_SCADA,1,"2022/10/20 23:50:00",GERMCRK,19.50
D,DISPATCH,UNIT_SCADA,1,"2022/10/20 23:50:00",GRIFSF1,0.001526
D,DISPATCH,UNIT_SCADA,1,"2022/10/20 23:50:00",HEZ1,0
D,DISPATCH,UNIT_SCADA,1,"2022/10/20 23:50:00",HUGSF1,-0.12
D,DISPATCH,UNIT_SCADA,1,"2022/10/20 23:50:00",KEPBG1,0
D,DISPATCH,UNIT_SCADA,1,"2022/10/20 23:50:00",LRSF1,-0.0310
D,DISPATCH,UNIT_SCADA,1,"2022/10/20 23:50:00",MBAHNTH,46.949997
D,DISPATCH,UNIT_SCADA,1,"2022/10/20 23:50:00",MLSP1,0
D,DISPATCH,UNIT_SCADA,1,"2022/10/20 23:50:00",MLWF1,6.9150
D,DISPATCH,UNIT_SCADA,1,"2022/10/20 23:50:00",PALOONA,30.519999
D,DISPATCH,UNIT_SCADA,1,"2022/10/20 23:50:00",PIONEER,21.90
D,DISPATCH,UNIT_SCADA,1,"2022/10/20 23:50:00",PORTWF,34.700001
D,DISPATCH,UNIT_SCADA,1,"2022/10/20 23:50:00",REPULSE,9.245136
D,DISPATCH,UNIT_SCADA,1,"2022/10/20 23:50:00",ROWALLAN,8.9957
D,DISPATCH,UNIT_SCADA,1,"2022/10/20 23:50:00",ROYALLA1,0
D,DISPATCH,UNIT_SCADA,1,"2022/10/20 23:50:00",RPCG,-0.50
D,DISPATCH,UNIT_SCADA,1,"2022/10/20 23:50:00",RUBICON,0
D,DISPATCH,UNIT_SCADA,1,"2022/10/20 23:50:00",WAUBRAWF,42.9020
D,DISPATCH,UNIT_SCADA,1,"2022/10/20 23:50:00",WOOLNTH1,80.989998
D,DISPATCH,UNIT_SCADA,1,"2022/10/20 23:50:00",YAMBUKWF,6
D,DISPATCH,UNIT_SCADA,1,"2022/10/20 23:50:00",YSWF1,0
D,DISPATCH,UNIT_SCADA,1,"2022/10/20 23:50:00",ADPBA1G,0.0080
D,DISPATCH,UNIT_SCADA,1,"2022/10/20 23:50:00",ADPBA1L,0
D,DISPATCH,UNIT_SCADA,1,"2022/10/20 23:50:00",ADPPV1,0
D,DISPATCH,UNIT_SCADA,1,"2022/10/20 23:50:00",AGLHAL,0
D,DISPATCH,UNIT_SCADA,1,"2022/10/20 23:50:00",AGLSOM,0
D,DISPATCH,UNIT_SCADA,1,"2022/10/20 23:50:00",ANGAST1,0
D,DISPATCH,UNIT_SCADA,1,"2022/10/20 23:50:00",ARWF1,18.60
D,DISPATCH,UNIT_SCADA,1,"2022/10/20 23:50:00",BALBG1,0
D,DISPATCH,UNIT_SCADA,1,"2022/10/20 23:50:00",BALBL1,0
D,DISPATCH,UNIT_SCADA,1,"2022/10/20 23:50:00",BALDHWF1,105.1350
D,DISPATCH,UNIT_SCADA,1,"2022/10/20 23:50:00",BANGOWF1,73.597310
D,DISPATCH,UNIT_SCADA,1,"2022/10/20 23:50:00",BANGOWF2,66.898830
D,DISPATCH,UNIT_SCADA,1,"2022/10/20 23:50:00",BANN1,0
D,DISPATCH,UNIT_SCADA,1,"2022/10/20 23:50:00",BARCALDN,0
D,DISPATCH,UNIT_SCADA,1,"2022/10/20 23:50:00",BARKIPS1,0
D,DISPATCH,UNIT_SCADA,1,"2022/10/20 23:50:00",BARRON-1,0
D,DISPATCH,UNIT_SCADA,1,"2022/10/20 23:50:00",BARRON-2,0
D,DISPATCH,UNIT_SCADA,1,"2022/10/20 23:50:00",BASTYAN,0
D,DISPATCH,UNIT_SCADA,1,"2022/10/20 23:50:00",BBTHREE1,0
D,DISPATCH,UNIT_SCADA,1,"2022/10/20 23:50:00",BBTHREE2,0
D,DISPATCH,UNIT_SCADA,1,"2022/10/20 23:50:00",BBTHREE3,-1.13
D,DISPATCH,UNIT_SCADA,1,"2022/10/20 23:50:00",BDL01,0
D,DISPATCH,UNIT_SCADA,1,"2022/10/20 23:50:00",BDL02,0
D,DISPATCH,UNIT_SCADA,1,"2022/10/20 23:50:00",BERYLSF1,0
D,DISPATCH,UNIT_SCADA,1,"2022/10/20 23:50:00",BLOWERNG,62.40
D,DISPATCH,UNIT_SCADA,1,"2022/10/20 23:50:00",BLUEGSF1,0
D,DISPATCH,UNIT_SCADA,1,"2022/10/20 23:50:00",BLUFF1,0.30
D,DISPATCH,UNIT_SCADA,1,"2022/10/20 23:50:00",BNGSF1,0
D,DISPATCH,UNIT_SCADA,1,"2022/10/20 23:50:00",BNGSF2,0
D,DISPATCH,UNIT_SCADA,1,"2022/10/20 23:50:00",BOCORWF1,2.82
D,DISPATCH,UNIT_SCADA,1,"2022/10/20 23:50:00",BODWF1,106.631350
D,DISPATCH,UNIT_SCADA,1,"2022/10/20 23:50:00",BOMENSF1,0
D,DISPATCH,UNIT_SCADA,1,"2022/10/20 23:50:00",BOWWBA1G,0
D,DISPATCH,UNIT_SCADA,1,"2022/10/20 23:50:00",BOWWBA1L,0.0010
D,DISPATCH,UNIT_SCADA,1,"2022/10/20 23:50:00",BOWWPV1,0
D,DISPATCH,UNIT_SCADA,1,"2022/10/20 23:50:00",BRAEMAR1,0
D,DISPATCH,UNIT_SCADA,1,"2022/10/20 23:50:00",BRAEMAR2,0
D,DISPATCH,UNIT_SCADA,1,"2022/10/20 23:50:00",BRAEMAR3,0
D,DISPATCH,UNIT_SCADA,1,"2022/10/20 23:50:00",BRAEMAR5,0.201420
D,DISPATCH,UNIT_SCADA,1,"2022/10/20 23:50:00",BRAEMAR6,0
D,DISPATCH,UNIT_SCADA,1,"2022/10/20 23:50:00",BRAEMAR7,0.060430
D,DISPATCH,UNIT_SCADA,1,"2022/10/20 23:50:00",BROKENH1,0
D,DISPATCH,UNIT_SCADA,1,"2022/10/20 23:50:00",BRYB1WF1,73.350120
D,DISPATCH,UNIT_SCADA,1,"2022/10/20 23:50:00",BULBESG1,0
D,DISPATCH,UNIT_SCADA,1,"2022/10/20 23:50:00",BULBESL1,0.03
D,DISPATCH,UNIT_SCADA,1,"2022/10/20 23:50:00",BULGANA1,26.48
D,DISPATCH,UNIT_SCADA,1,"2022/10/20 23:50:00",BW01,632.907590
D,DISPATCH,UNIT_SCADA,1,"2022/10/20 23:50:00",BW02,602.487240
D,DISPATCH,UNIT_SCADA,1,"2022/10/20 23:50:00",BW03,536.787960
D,DISPATCH,UNIT_SCADA,1,"2022/10/20 23:50:00",BW04,0
D,DISPATCH,UNIT_SCADA,1,"2022/10/20 23:50:00",CALL_B_1,319.399990
D,DISPATCH,UNIT_SCADA,1,"2022/10/20 23:50:00",CALL_B_2,322.600010
D,DISPATCH,UNIT_SCADA,1,"2022/10/20 23:50:00",CATHROCK,2.80
D,DISPATCH,UNIT_SCADA,1,"2022/10/20 23:50:00",CBWWBA1G,0
D,DISPATCH,UNIT_SCADA,1,"2022/10/20 23:50:00",CBWWBA1L,0
D,DISPATCH,UNIT_SCADA,1,"2022/10/20 23:50:00",CETHANA,89.742130
D,DISPATCH,UNIT_SCADA,1,"2022/10/20 23:50:00",CG1,0
D,DISPATCH,UNIT_SCADA,1,"2022/10/20 23:50:00",CG2,0
D,DISPATCH,UNIT_SCADA,1,"2022/10/20 23:50:00",CG3,0
D,DISPATCH,UNIT_SCADA,1,"2022/10/20 23:50:00",CG4,0
D,DISPATCH,UNIT_SCADA,1,"2022/10/20 23:50:00",CHILDSF1,0
D,DISPATCH,UNIT_SCADA,1,"2022/10/20 23:50:00",CHYTWF1,0
D,DISPATCH,UNIT_SCADA,1,"2022/10/20 23:50:00",CLARESF1,0
D,DISPATCH,UNIT_SCADA,1,"2022/10/20 23:50:00",CLEMGPWF,0
D,DISPATCH,UNIT_SCADA,1,"2022/10/20 23:50:00",CLERMSF1,0
D,DISPATCH,UNIT_SCADA,1,"2022/10/20 23:50:00",CNUNDAWF,13.515770
D,DISPATCH,UNIT_SCADA,1,"2022/10/20 23:50:00",COHUNSF1,0
D,DISPATCH,UNIT_SCADA,1,"2022/10/20 23:50:00",COLEASF1,0
D,DISPATCH,UNIT_SCADA,1,"2022/10/20 23:50:00",COLUMSF1,0
D,DISPATCH,UNIT_SCADA,1,"2022/10/20 23:50:00",COLWF01,71.883730
D,DISPATCH,UNIT_SCADA,1,"2022/10/20 23:50:00",COOPGWF1,362.040010
D,DISPATCH,UNIT_SCADA,1,"2022/10/20 23:50:00",CPP_3,391.050020
D,DISPATCH,UNIT_SCADA,1,"2022/10/20 23:50:00",CPP_4,0
D,DISPATCH,UNIT_SCADA,1,"2022/10/20 23:50:00",CPSA,0
D,DISPATCH,UNIT_SCADA,1,"2022/10/20 23:50:00",CROOKWF2,53.0837
D,DISPATCH,UNIT_SCADA,1,"2022/10/20 23:50:00",CROWLWF1,19.9168
D,DISPATCH,UNIT_SCADA,1,"2022/10/20 23:50:00",CRURWF1,67.998550
D,DISPATCH,UNIT_SCADA,1,"2022/10/20 23:50:00",CRWASF1,0
D,DISPATCH,UNIT_SCADA,1,"2022/10/20 23:50:00",CSPVPS1,0
D,DISPATCH,UNIT_SCADA,1,"2022/10/20 23:50:00",CTHLWF1,0.003050
D,DISPATCH,UNIT_SCADA,1,"2022/10/20 23:50:00",DALNTH01,0
D,DISPATCH,UNIT_SCADA,1,"2022/10/20 23:50:00",DALNTHL1,0.001530
D,DISPATCH,UNIT_SCADA,1,"2022/10/20 23:50:00",DARLSF1,0
D,DISPATCH,UNIT_SCADA,1,"2022/10/20 23:50:00",DARTM1,0
D,DISPATCH,UNIT_SCADA,1,"2022/10/20 23:50:00",DAYDSF1,0
D,DISPATCH,UNIT_SCADA,1,"2022/10/20 23:50:00",DDPS1,0
D,DISPATCH,UNIT_SCADA,1,"2022/10/20 23:50:00",DDSF1,0
D,DISPATCH,UNIT_SCADA,1,"2022/10/20 23:50:00",DEVILS_G,56.476330
D,DISPATCH,UNIT_SCADA,1,"2022/10/20 23:50:00",DG_NSW1,0
D,DISPATCH,UNIT_SCADA,1,"2022/10/20 23:50:00",DG_QLD1,0
D,DISPATCH,UNIT_SCADA,1,"2022/10/20 23:50:00",DG_SA1,0
D,DISPATCH,UNIT_SCADA,1,"2022/10/20 23:50:00",DG_TAS1,0
D,DISPATCH,UNIT_SCADA,1,"2022/10/20 23:50:00",DG_VIC1,0
D,DISPATCH,UNIT_SCADA,1,"2022/10/20 23:50:00",DRYCGT1,0
D,DISPATCH,UNIT_SCADA,1,"2022/10/20 23:50:00",DRYCGT2,0
D,DISPATCH,UNIT_SCADA,1,"2022/10/20 23:50:00",DRYCGT3,0
D,DISPATCH,UNIT_SCADA,1,"2022/10/20 23:50:00",DUNDWF1,119.51
D,DISPATCH,UNIT_SCADA,1,"2022/10/20 23:50:00",DUNDWF2,36.16
D,DISPATCH,UNIT_SCADA,1,"2022/10/20 23:50:00",DUNDWF3,78.63
D,DISPATCH,UNIT_SCADA,1,"2022/10/20 23:50:00",EILDON1,59.80
D,DISPATCH,UNIT_SCADA,1,"2022/10/20 23:50:00",EILDON2,60.24
D,DISPATCH,UNIT_SCADA,1,"2022/10/20 23:50:00",ELAINWF1,4.91
D,DISPATCH,UNIT_SCADA,1,"2022/10/20 23:50:00",EMERASF1,0
D,DISPATCH,UNIT_SCADA,1,"2022/10/20 23:50:00",ER01,0
D,DISPATCH,UNIT_SCADA,1,"2022/10/20 23:50:00",ER02,573.482850
D,DISPATCH,UNIT_SCADA,1,"2022/10/20 23:50:00",ER03,583.566040
D,DISPATCH,UNIT_SCADA,1,"2022/10/20 23:50:00",ER04,572.848080
D,DISPATCH,UNIT_SCADA,1,"2022/10/20 23:50:00",FINLYSF1,0
D,DISPATCH,UNIT_SCADA,1,"2022/10/20 23:50:00",FISHER,43.91
D,DISPATCH,UNIT_SCADA,1,"2022/10/20 23:50:00",GANGARR1,0
D,DISPATCH,UNIT_SCADA,1,"2022/10/20 23:50:00",GANNBG1,0.143720
D,DISPATCH,UNIT_SCADA,1,"2022/10/20 23:50:00",GANNBL1,0
D,DISPATCH,UNIT_SCADA,1,"2022/10/20 23:50:00",GANNSF1,0
D,DISPATCH,UNIT_SCADA,1,"2022/10/20 23:50:00",GLRWNSF1,0
D,DISPATCH,UNIT_SCADA,1,"2022/10/20 23:50:00",GNNDHSF1,0
D,DISPATCH,UNIT_SCADA,1,"2022/10/20 23:50:00",GOONSF1,0
D,DISPATCH,UNIT_SCADA,1,"2022/10/20 23:50:00",GORDON,204.2979
D,DISPATCH,UNIT_SCADA,1,"2022/10/20 23:50:00",GRANWF1,0
D,DISPATCH,UNIT_SCADA,1,"2022/10/20 23:50:00",GSTONE1,187.4250
D,DISPATCH,UNIT_SCADA,1,"2022/10/20 23:50:00",GSTONE2,0
D,DISPATCH,UNIT_SCADA,1,"2022/10/20 23:50:00",GSTONE3,184.80
D,DISPATCH,UNIT_SCADA,1,"2022/10/20 23:50:00",GSTONE4,0
D,DISPATCH,UNIT_SCADA,1,"2022/10/20 23:50:00",GSTONE5,187.4250
D,DISPATCH,UNIT_SCADA,1,"2022/10/20 23:50:00",GSTONE6,187.4250
D,DISPATCH,UNIT_SCADA,1,"2022/10/20 23:50:00",GULLRSF1,0
D,DISPATCH,UNIT_SCADA,1,"2022/10/20 23:50:00",GULLRWF1,57.514120
D,DISPATCH,UNIT_SCADA,1,"2022/10/20 23:50:00",GULLRWF2,87.986210
D,DISPATCH,UNIT_SCADA,1,"2022/10/20 23:50:00",GUNNING1,0
D,DISPATCH,UNIT_SCADA,1,"2022/10/20 23:50:00",GUTHEGA,68
D,DISPATCH,UNIT_SCADA,1,"2022/10/20 23:50:00",HALLWF1,8.30
D,DISPATCH,UNIT_SCADA,1,"2022/10/20 23:50:00",HALLWF2,20.01
D,DISPATCH,UNIT_SCADA,1,"2022/10/20 23:50:00",HAMISF1,0
D,DISPATCH,UNIT_SCADA,1,"2022/10/20 23:50:00",HAUGHT11,0
D,DISPATCH,UNIT_SCADA,1,"2022/10/20 23:50:00",HAYMSF1,0
D,DISPATCH,UNIT_SCADA,1,"2022/10/20 23:50:00",HDWF1,17.50
D,DISPATCH,UNIT_SCADA,1,"2022/10/20 23:50:00",HDWF2,9.30
D,DISPATCH,UNIT_SCADA,1,"2022/10/20 23:50:00",HDWF3,15.10
D,DISPATCH,UNIT_SCADA,1,"2022/10/20 23:50:00",HILLSTN1,0
D,DISPATCH,UNIT_SCADA,1,"2022/10/20 23:50:00",HPRG1,3.10
D,DISPATCH,UNIT_SCADA,1,"2022/10/20 23:50:00",HPRL1,0
D,DISPATCH,UNIT_SCADA,1,"2022/10/20 23:50:00",HUMENSW,54.404470
D,DISPATCH,UNIT_SCADA,1,"2022/10/20 23:50:00",HUMEV,0
D,DISPATCH,UNIT_SCADA,1,"2022/10/20 23:50:00",HVWWBA1G,0
D,DISPATCH,UNIT_SCADA,1,"2022/10/20 23:50:00",HVWWBA1L,0.0070
D,DISPATCH,UNIT_SCADA,1,"2022/10/20 23:50:00",HVWWPV1,0
D,DISPATCH,UNIT_SCADA,1,"2022/10/20 23:50:00",JBUTTERS,0
D,DISPATCH,UNIT_SCADA,1,"2022/10/20 23:50:00",JEMALNG1,0
D,DISPATCH,UNIT_SCADA,1,"2022/10/20 23:50:00",JLA01,0
D,DISPATCH,UNIT_SCADA,1,"2022/10/20 23:50:00",JLA02,0
D,DISPATCH,UNIT_SCADA,1,"2022/10/20 23:50:00",JLA03,0
D,DISPATCH,UNIT_SCADA,1,"2022/10/20 23:50:00",JLA04,0
D,DISPATCH,UNIT_SCADA,1,"2022/10/20 23:50:00",JLB01,0
D,DISPATCH,UNIT_SCADA,1,"2022/10/20 23:50:00",JLB02,0.10
D,DISPATCH,UNIT_SCADA,1,"2022/10/20 23:50:00",JLB03,0
D,DISPATCH,UNIT_SCADA,1,"2022/10/20 23:50:00",JUNEESF1,0
D,DISPATCH,UNIT_SCADA,1,"2022/10/20 23:50:00",KABANWF1,0
D,DISPATCH,UNIT_SCADA,1,"2022/10/20 23:50:00",KAREEYA1,0
D,DISPATCH,UNIT_SCADA,1,"2022/10/20 23:50:00",KAREEYA2,0
D,DISPATCH,UNIT_SCADA,1,"2022/10/20 23:50:00",KAREEYA3,5.0225
D,DISPATCH,UNIT_SCADA,1,"2022/10/20 23:50:00",KAREEYA4,0
D,DISPATCH,UNIT_SCADA,1,"2022/10/20 23:50:00",KARSF1,0
D,DISPATCH,UNIT_SCADA,1,"2022/10/20 23:50:00",KEPSF1,0
D,DISPATCH,UNIT_SCADA,1,"2022/10/20 23:50:00",KEPWF1,1.95
D,DISPATCH,UNIT_SCADA,1,"2022/10/20 23:50:00",KIAMSF1,0
D,DISPATCH,UNIT_SCADA,1,"2022/10/20 23:50:00",KIATAWF1,17.40
D,DISPATCH,UNIT_SCADA,1,"2022/10/20 23:50:00",KPP_1,0
D,DISPATCH,UNIT_SCADA,1,"2022/10/20 23:50:00",KSP1,0
D,DISPATCH,UNIT_SCADA,1,"2022/10/20 23:50:00",LADBROK1,0.02
D,DISPATCH,UNIT_SCADA,1,"2022/10/20 23:50:00",LADBROK2,0.01
D,DISPATCH,UNIT_SCADA,1,"2022/10/20 23:50:00",LBBG1,3.90
D,DISPATCH,UNIT_SCADA,1,"2022/10/20 23:50:00",LBBL1,0
D,DISPATCH,UNIT_SCADA,1,"2022/10/20 23:50:00",LD01,278.347110
D,DISPATCH,UNIT_SCADA,1,"2022/10/20 23:50:00",LD02,0
D,DISPATCH,UNIT_SCADA,1,"2022/10/20 23:50:00",LD04,282.155820
D,DISPATCH,UNIT_SCADA,1,"2022/10/20 23:50:00",LEM_WIL,86.9659
D,DISPATCH,UNIT_SCADA,1,"2022/10/20 23:50:00",LGAPWF1,86.77
D,DISPATCH,UNIT_SCADA,1,"2022/10/20 23:50:00",LGAPWF2,53.05
D,DISPATCH,UNIT_SCADA,1,"2022/10/20 23:50:00",LILYSF1,0
D,DISPATCH,UNIT_SCADA,1,"2022/10/20 23:50:00",LIMOSF11,0
D,DISPATCH,UNIT_SCADA,1,"2022/10/20 23:50:00",LIMOSF21,0
D,DISPATCH,UNIT_SCADA,1,"2022/10/20 23:50:00",LI_WY_CA,55.963970
D,DISPATCH,UNIT_SCADA,1,"2022/10/20 23:50:00",LKBONNY1,19.469460
D,DISPATCH,UNIT_SCADA,1,"2022/10/20 23:50:00",LKBONNY2,47.685280
D,DISPATCH,UNIT_SCADA,1,"2022/10/20 23:50:00",LKBONNY3,11.443530
D,DISPATCH,UNIT_SCADA,1,"2022/10/20 23:50:00",LK_ECHO,0
D,DISPATCH,UNIT_SCADA,1,"2022/10/20 23:50:00",LNGS1,0
D,DISPATCH,UNIT_SCADA,1,"2022/10/20 23:50:00",LNGS2,0
D,DISPATCH,UNIT_SCADA,1,"2022/10/20 23:50:00",LONSDALE,0
D,DISPATCH,UNIT_SCADA,1,"2022/10/20 23:50:00",LOYYB1,575.939270
D,DISPATCH,UNIT_SCADA,1,"2022/10/20 23:50:00",LOYYB2,577.067080
D,DISPATCH,UNIT_SCADA,1,"2022/10/20 23:50:00",LYA1,561
D,DISPATCH,UNIT_SCADA,1,"2022/10/20 23:50:00",LYA2,0
D,DISPATCH,UNIT_SCADA,1,"2022/10/20 23:50:00",LYA3,559
D,DISPATCH,UNIT_SCADA,1,"2022/10/20 23:50:00",LYA4,561
D,DISPATCH,UNIT_SCADA,1,"2022/10/20 23:50:00",MACARTH1,62.798550
D,DISPATCH,UNIT_SCADA,1,"2022/10/20 23:50:00",MACKNTSH,0
D,DISPATCH,UNIT_SCADA,1,"2022/10/20 23:50:00",MANSLR1,0
D,DISPATCH,UNIT_SCADA,1,"2022/10/20 23:50:00",MAPS2PV1,0
D,DISPATCH,UNIT_SCADA,1,"2022/10/20 23:50:00",MAPS3PV1,0
D,DISPATCH,UNIT_SCADA,1,"2022/10/20 23:50:00",MARYRSF1,0
D,DISPATCH,UNIT_SCADA,1,"2022/10/20 23:50:00",MBPS2PV1,0
D,DISPATCH,UNIT_SCADA,1,"2022/10/20 23:50:00",MCKAY1,224.73
D,DISPATCH,UNIT_SCADA,1,"2022/10/20 23:50:00",MEADOWBK,19.520140
D,DISPATCH,UNIT_SCADA,1,"2022/10/20 23:50:00",MERCER01,18.60
D,DISPATCH,UNIT_SCADA,1,"2022/10/20 23:50:00",METZSF1,0
D,DISPATCH,UNIT_SCADA,1,"2022/10/20 23:50:00",MEWF1,3.841150
D,DISPATCH,UNIT_SCADA,1,"2022/10/20 23:50:00",MIDDLSF1,0
D,DISPATCH,UNIT_SCADA,1,"2022/10/20 23:50:00",MINTARO,0.128180
D,DISPATCH,UNIT_SCADA,1,"2022/10/20 23:50:00",MOLNGSF1,0
D,DISPATCH,UNIT_SCADA,1,"2022/10/20 23:50:00",MOORAWF1,43.18
D,DISPATCH,UNIT_SCADA,1,"2022/10/20 23:50:00",MOREESF1,0
D,DISPATCH,UNIT_SCADA,1,"2022/10/20 23:50:00",MORTLK11,0
D,DISPATCH,UNIT_SCADA,1,"2022/10/20 23:50:00",MORTLK12,0
D,DISPATCH,UNIT_SCADA,1,"2022/10/20 23:50:00",MOUSF1,0
D,DISPATCH,UNIT_SCADA,1,"2022/10/20 23:50:00",MP1,0
D,DISPATCH,UNIT_SCADA,1,"2022/10/20 23:50:00",MP2,349.968720
D,DISPATCH,UNIT_SCADA,1,"2022/10/20 23:50:00",MPP_1,189.291630
D,DISPATCH,UNIT_SCADA,1,"2022/10/20 23:50:00",MPP_2,189.398440
D,DISPATCH,UNIT_SCADA,1,"2022/10/20 23:50:00",MRTLSWF1,0
D,DISPATCH,UNIT_SCADA,1,"2022/10/20 23:50:00",MSTUART1,0
D,DISPATCH,UNIT_SCADA,1,"2022/10/20 23:50:00",MSTUART2,0
D,DISPATCH,UNIT_SCADA,1,"2022/10/20 23:50:00",MSTUART3,0
D,DISPATCH,UNIT_SCADA,1,"2022/10/20 23:50:00",MTGELWF1,65.536970
D,DISPATCH,UNIT_SCADA,1,"2022/10/20 23:50:00",MTMILLAR,13.90
D,DISPATCH,UNIT_SCADA,1,"2022/10/20 23:50:00",MURRAY,56.10
D,DISPATCH,UNIT_SCADA,1,"2022/10/20 23:50:00",MUSSELR1,19.30
D,DISPATCH,UNIT_SCADA,1,"2022/10/20 23:50:00",MUWAWF1,37.53
D,DISPATCH,UNIT_SCADA,1,"2022/10/20 23:50:00",MUWAWF2,62.10
D,DISPATCH,UNIT_SCADA,1,"2022/10/20 23:50:00",MWPS1PV1,0
D,DISPATCH,UNIT_SCADA,1,"2022/10/20 23:50:00",MWPS2PV1,0
D,DISPATCH,UNIT_SCADA,1,"2022/10/20 23:50:00",MWPS3PV1,0
D,DISPATCH,UNIT_SCADA,1,"2022/10/20 23:50:00",MWPS4PV1,0
D,DISPATCH,UNIT_SCADA,1,"2022/10/20 23:50:00",NBHWF1,12.90
D,DISPATCH,UNIT_SCADA,1,"2022/10/20 23:50:00",NEVERSF1,0
D,DISPATCH,UNIT_SCADA,1,"2022/10/20 23:50:00",NPS,0
D,DISPATCH,UNIT_SCADA,1,"2022/10/20 23:50:00",NUMURSF1,0
D,DISPATCH,UNIT_SCADA,1,"2022/10/20 23:50:00",NYNGAN1,0
D,DISPATCH,UNIT_SCADA,1,"2022/10/20 23:50:00",OAKEY1,0
D,DISPATCH,UNIT_SCADA,1,"2022/10/20 23:50:00",OAKEY1SF,0
D,DISPATCH,UNIT_SCADA,1,"2022/10/20 23:50:00",OAKEY2,0
D,DISPATCH,UNIT_SCADA,1,"2022/10/20 23:50:00",OAKEY2SF,0
D,DISPATCH,UNIT_SCADA,1,"2022/10/20 23:50:00",OAKLAND1,7.10
D,DISPATCH,UNIT_SCADA,1,"2022/10/20 23:50:00",OSB-AG,180.42
D,DISPATCH,UNIT_SCADA,1,"2022/10/20 23:50:00",PAREPS1,0
D,DISPATCH,UNIT_SCADA,1,"2022/10/20 23:50:00",PAREPW1,58.65
D,DISPATCH,UNIT_SCADA,1,"2022/10/20 23:50:00",PARSF1,0.001530
D,DISPATCH,UNIT_SCADA,1,"2022/10/20 23:50:00",POAT110,3.12
D,DISPATCH,UNIT_SCADA,1,"2022/10/20 23:50:00",POAT220,0
D,DISPATCH,UNIT_SCADA,1,"2022/10/20 23:50:00",POR01,0
D,DISPATCH,UNIT_SCADA,1,"2022/10/20 23:50:00",POR03,0
D,DISPATCH,UNIT_SCADA,1,"2022/10/20 23:50:00",PPCCGT,166.169980
D,DISPATCH,UNIT_SCADA,1,"2022/10/20 23:50:00",PTSTAN1,0
D,DISPATCH,UNIT_SCADA,1,"2022/10/20 23:50:00",PUMP1,0
D,DISPATCH,UNIT_SCADA,1,"2022/10/20 23:50:00",PUMP2,0
D,DISPATCH,UNIT_SCADA,1,"2022/10/20 23:50:00",QBYNBG1,0
D,DISPATCH,UNIT_SCADA,1,"2022/10/20 23:50:00",QBYNBL1,0.0045
D,DISPATCH,UNIT_SCADA,1,"2022/10/20 23:50:00",QPS1,0
D,DISPATCH,UNIT_SCADA,1,"2022/10/20 23:50:00",QPS2,0
D,DISPATCH,UNIT_SCADA,1,"2022/10/20 23:50:00",QPS3,0
D,DISPATCH,UNIT_SCADA,1,"2022/10/20 23:50:00",QPS4,0
D,DISPATCH,UNIT_SCADA,1,"2022/10/20 23:50:00",QPS5,0
D,DISPATCH,UNIT_SCADA,1,"2022/10/20 23:50:00",REECE1,0
D,DISPATCH,UNIT_SCADA,1,"2022/10/20 23:50:00",REECE2,0
D,DISPATCH,UNIT_SCADA,1,"2022/10/20 23:50:00",ROMA_7,0
D,DISPATCH,UNIT_SCADA,1,"2022/10/20 23:50:00",ROMA_8,0
D,DISPATCH,UNIT_SCADA,1,"2022/10/20 23:50:00",RRSF1,0
D,DISPATCH,UNIT_SCADA,1,"2022/10/20 23:50:00",RT_NSW1,0
D,DISPATCH,UNIT_SCADA,1,"2022/10/20 23:50:00",RT_NSW2,0
D,DISPATCH,UNIT_SCADA,1,"2022/10/20 23:50:00",RT_NSW3,0
D,DISPATCH,UNIT_SCADA,1,"2022/10/20 23:50:00",RT_NSW4,0
D,DISPATCH,UNIT_SCADA,1,"2022/10/20 23:50:00",RT_NSW5,0
D,DISPATCH,UNIT_SCADA,1,"2022/10/20 23:50:00",RT_NSW6,0
D,DISPATCH,UNIT_SCADA,1,"2022/10/20 23:50:00",RT_QLD1,0
D,DISPATCH,UNIT_SCADA,1,"2022/10/20 23:50:00",RT_SA1,0
D,DISPATCH,UNIT_SCADA,1,"2022/10/20 23:50:00",RT_SA2,0
D,DISPATCH,UNIT_SCADA,1,"2022/10/20 23:50:00",RT_SA3,0
D,DISPATCH,UNIT_SCADA,1,"2022/10/20 23:50:00",RT_SA4,0
D,DISPATCH,UNIT_SCADA,1,"2022/10/20 23:50:00",RT_SA5,0
D,DISPATCH,UNIT_SCADA,1,"2022/10/20 23:50:00",RT_SA6,0
D,DISPATCH,UNIT_SCADA,1,"2022/10/20 23:50:00",RT_TAS1,0
D,DISPATCH,UNIT_SCADA,1,"2022/10/20 23:50:00",RT_VIC1,0
D,DISPATCH,UNIT_SCADA,1,"2022/10/20 23:50:00",RT_VIC10,0
D,DISPATCH,UNIT_SCADA,1,"2022/10/20 23:50:00",RT_VIC11,0
D,DISPATCH,UNIT_SCADA,1,"2022/10/20 23:50:00",RT_VIC12,0
D,DISPATCH,UNIT_SCADA,1,"2022/10/20 23:50:00",RT_VIC2,0
D,DISPATCH,UNIT_SCADA,1,"2022/10/20 23:50:00",RT_VIC3,0
D,DISPATCH,UNIT_SCADA,1,"2022/10/20 23:50:00",RT_VIC4,0
D,DISPATCH,UNIT_SCADA,1,"2022/10/20 23:50:00",RT_VIC5,0
D,DISPATCH,UNIT_SCADA,1,"2022/10/20 23:50:00",RT_VIC6,0
D,DISPATCH,UNIT_SCADA,1,"2022/10/20 23:50:00",RT_VIC7,0
D,DISPATCH,UNIT_SCADA,1,"2022/10/20 23:50:00",RT_VIC8,0
D,DISPATCH,UNIT_SCADA,1,"2022/10/20 23:50:00",RT_VIC9,0
D,DISPATCH,UNIT_SCADA,1,"2022/10/20 23:50:00",RUGBYR1,0
D,DISPATCH,UNIT_SCADA,1,"2022/10/20 23:50:00",SALTCRK1,16.51
D,DISPATCH,UNIT_SCADA,1,"2022/10/20 23:50:00",SAPHWF1,252.309450
D,DISPATCH,UNIT_SCADA,1,"2022/10/20 23:50:00",SEBSF1,0
D,DISPATCH,UNIT_SCADA,1,"2022/10/20 23:50:00",SHGEN,0
D,DISPATCH,UNIT_SCADA,1,"2022/10/20 23:50:00",SHPUMP,0
D,DISPATCH,UNIT_SCADA,1,"2022/10/20 23:50:00",SITHE01,0.123710
D,DISPATCH,UNIT_SCADA,1,"2022/10/20 23:50:00",SMCSF1,0
D,DISPATCH,UNIT_SCADA,1,"2022/10/20 23:50:00",SNAPPER1,0
D,DISPATCH,UNIT_SCADA,1,"2022/10/20 23:50:00",SNOWNTH1,27.90
D,DISPATCH,UNIT_SCADA,1,"2022/10/20 23:50:00",SNOWSTH1,20.50
D,DISPATCH,UNIT_SCADA,1,"2022/10/20 23:50:00",SNOWTWN1,15.577660
D,DISPATCH,UNIT_SCADA,1,"2022/10/20 23:50:00",SNOWYP,0
D,DISPATCH,UNIT_SCADA,1,"2022/10/20 23:50:00",SNUG1,0
D,DISPATCH,UNIT_SCADA,1,"2022/10/20 23:50:00",SRSF1,0
D,DISPATCH,UNIT_SCADA,1,"2022/10/20 23:50:00",STAN-1,279.504940
D,DISPATCH,UNIT_SCADA,1,"2022/10/20 23:50:00",STAN-2,359.539280
D,DISPATCH,UNIT_SCADA,1,"2022/10/20 23:50:00",STAN-3,363.089810
D,DISPATCH,UNIT_SCADA,1,"2022/10/20 23:50:00",STAN-4,364.140870
D,DISPATCH,UNIT_SCADA,1,"2022/10/20 23:50:00",STARHLWF,17.894780
D,DISPATCH,UNIT_SCADA,1,"2022/10/20 23:50:00",STOCKYD1,158.02
D,DISPATCH,UNIT_SCADA,1,"2022/10/20 23:50:00",STWF1,18.869310
D,DISPATCH,UNIT_SCADA,1,"2022/10/20 23:50:00",SUNRSF1,0
D,DISPATCH,UNIT_SCADA,1,"2022/10/20 23:50:00",SUNTPSF1,0
D,DISPATCH,UNIT_SCADA,1,"2022/10/20 23:50:00",SWAN_E,222.520630
D,DISPATCH,UNIT_SCADA,1,"2022/10/20 23:50:00",TALWA1,0
D,DISPATCH,UNIT_SCADA,1,"2022/10/20 23:50:00",TARALGA1,0
D,DISPATCH,UNIT_SCADA,1,"2022/10/20 23:50:00",TARONG#1,348.800020
D,DISPATCH,UNIT_SCADA,1,"2022/10/20 23:50:00",TARONG#2,350
D,DISPATCH,UNIT_SCADA,1,"2022/10/20 23:50:00",TARONG#3,0.90
D,DISPATCH,UNIT_SCADA,1,"2022/10/20 23:50:00",TARONG#4,226.400010
D,DISPATCH,UNIT_SCADA,1,"2022/10/20 23:50:00",TARRALEA,54
D,DISPATCH,UNIT_SCADA,1,"2022/10/20 23:50:00",TBSF1,0
D,DISPATCH,UNIT_SCADA,1,"2022/10/20 23:50:00",TNPS1,349.9375
D,DISPATCH,UNIT_SCADA,1,"2022/10/20 23:50:00",TORRB1,0
D,DISPATCH,UNIT_SCADA,1,"2022/10/20 23:50:00",TORRB2,62
D,DISPATCH,UNIT_SCADA,1,"2022/10/20 23:50:00",TORRB3,0
D,DISPATCH,UNIT_SCADA,1,"2022/10/20 23:50:00",TORRB4,0
D,DISPATCH,UNIT_SCADA,1,"2022/10/20 23:50:00",TREVALLN,99.268550
D,DISPATCH,UNIT_SCADA,1,"2022/10/20 23:50:00",TRIBUTE,0
D,DISPATCH,UNIT_SCADA,1,"2022/10/20 23:50:00",TUMUT3,367.679990
D,DISPATCH,UNIT_SCADA,1,"2022/10/20 23:50:00",TUNGATIN,5.770020
D,DISPATCH,UNIT_SCADA,1,"2022/10/20 23:50:00",TVCC201,0
D,DISPATCH,UNIT_SCADA,1,"2022/10/20 23:50:00",TVPP104,0
D,DISPATCH,UNIT_SCADA,1,"2022/10/20 23:50:00",UPPTUMUT,0
D,DISPATCH,UNIT_SCADA,1,"2022/10/20 23:50:00",URANQ11,0
D,DISPATCH,UNIT_SCADA,1,"2022/10/20 23:50:00",URANQ12,0
D,DISPATCH,UNIT_SCADA,1,"2022/10/20 23:50:00",URANQ13,0
D,DISPATCH,UNIT_SCADA,1,"2022/10/20 23:50:00",URANQ14,0
D,DISPATCH,UNIT_SCADA,1,"2022/10/20 23:50:00",VBBG1,19.60
D,DISPATCH,UNIT_SCADA,1,"2022/10/20 23:50:00",VBBL1,0
D,DISPATCH,UNIT_SCADA,1,"2022/10/20 23:50:00",VP5,563.444950
D,DISPATCH,UNIT_SCADA,1,"2022/10/20 23:50:00",VP6,599.285890
D,DISPATCH,UNIT_SCADA,1,"2022/10/20 23:50:00",VPGS1,0
D,DISPATCH,UNIT_SCADA,1,"2022/10/20 23:50:00",VPGS2,0
D,DISPATCH,UNIT_SCADA,1,"2022/10/20 23:50:00",VPGS3,0
D,DISPATCH,UNIT_SCADA,1,"2022/10/20 23:50:00",VPGS4,0
D,DISPATCH,UNIT_SCADA,1,"2022/10/20 23:50:00",VPGS5,0
D,DISPATCH,UNIT_SCADA,1,"2022/10/20 23:50:00",VPGS6,0
D,DISPATCH,UNIT_SCADA,1,"2022/10/20 23:50:00",W/HOE#1,0
D,DISPATCH,UNIT_SCADA,1,"2022/10/20 23:50:00",W/HOE#2,0
D,DISPATCH,UNIT_SCADA,1,"2022/10/20 23:50:00",WAGGNSF1,0
D,DISPATCH,UNIT_SCADA,1,"2022/10/20 23:50:00",WALGRVG1,0.000930
D,DISPATCH,UNIT_SCADA,1,"2022/10/20 23:50:00",WALGRVL1,0
D,DISPATCH,UNIT_SCADA,1,"2022/10/20 23:50:00",WANDBG1,-0.003270
D,DISPATCH,UNIT_SCADA,1,"2022/10/20 23:50:00",WANDBL1,0
D,DISPATCH,UNIT_SCADA,1,"2022/10/20 23:50:00",WARWSF1,0
D,DISPATCH,UNIT_SCADA,1,"2022/10/20 23:50:00",WARWSF2,0
D,DISPATCH,UNIT_SCADA,1,"2022/10/20 23:50:00",WATERLWF,17.70
D,DISPATCH,UNIT_SCADA,1,"2022/10/20 23:50:00",WDGPH1,0
D,DISPATCH,UNIT_SCADA,1,"2022/10/20 23:50:00",WELLSF1,0
D,DISPATCH,UNIT_SCADA,1,"2022/10/20 23:50:00",WEMENSF1,0
D,DISPATCH,UNIT_SCADA,1,"2022/10/20 23:50:00",WGWF1,12.20
D,DISPATCH,UNIT_SCADA,1,"2022/10/20 23:50:00",WHITSF1,0
D,DISPATCH,UNIT_SCADA,1,"2022/10/20 23:50:00",WINTSF1,0
D,DISPATCH,UNIT_SCADA,1,"2022/10/20 23:50:00",WKIEWA1,34
D,DISPATCH,UNIT_SCADA,1,"2022/10/20 23:50:00",WKIEWA2,34.20
D,DISPATCH,UNIT_SCADA,1,"2022/10/20 23:50:00",WOODLWN1,25.730370
D,DISPATCH,UNIT_SCADA,1,"2022/10/20 23:50:00",WOOLGSF1,0
D,DISPATCH,UNIT_SCADA,1,"2022/10/20 23:50:00",WPWF,37.32
D,DISPATCH,UNIT_SCADA,1,"2022/10/20 23:50:00",WRSF1,0
D,DISPATCH,UNIT_SCADA,1,"2022/10/20 23:50:00",WRWF1,123.720760
D,DISPATCH,UNIT_SCADA,1,"2022/10/20 23:50:00",WSTWYSF1,0
D,DISPATCH,UNIT_SCADA,1,"2022/10/20 23:50:00",YABULU,0
D,DISPATCH,UNIT_SCADA,1,"2022/10/20 23:50:00",YABULU2,0
D,DISPATCH,UNIT_SCADA,1,"2022/10/20 23:50:00",YARANSF1,0
D,DISPATCH,UNIT_SCADA,1,"2022/10/20 23:50:00",YARWUN_1,163.94
D,DISPATCH,UNIT_SCADA,1,"2022/10/20 23:50:00",YATSF1,0
D,DISPATCH,UNIT_SCADA,1,"2022/10/20 23:50:00",YENDWF1,39.59
D,DISPATCH,UNIT_SCADA,1,"2022/10/20 23:50:00",YWPS1,280.949370
D,DISPATCH,UNIT_SCADA,1,"2022/10/20 23:50:00",YWPS2,360.399990
D,DISPATCH,UNIT_SCADA,1,"2022/10/20 23:50:00",YWPS3,361.082280
D,DISPATCH,UNIT_SCADA,1,"2022/10/20 23:50:00",YWPS4,0
C,"END OF REPORT",419
