C,NEMP.WORLD,DISPATCHSCADA,AEMO,PUBLIC,2022/10/20,20:55:10,0000000373280469,DISPATCHSCADA,0000000373280463
I,DISPATCH,UNIT_SCADA,1,SETTLEMENTDATE,DUID,SCADAVALUE
D,DISPATCH,UNIT_SCADA,1,"2022/10/20 21:00:00",BARCSF1,0
D,DISPATCH,UNIT_SCADA,1,"2022/10/20 21:00:00",BUTLERSG,8.699999
D,DISPATCH,UNIT_SCADA,1,"2022/10/20 21:00:00",CAPTL_WF,84.602852
D,DISPATCH,UNIT_SCADA,1,"2022/10/20 21:00:00",CHALLHWF,8.299999
D,DISPATCH,UNIT_SCADA,1,"2022/10/20 21:00:00",CLOVER,13.27
D,DISPATCH,UNIT_SCADA,1,"2022/10/20 21:00:00",CLUNY,6.362555
D,DISPATCH,UNIT_SCADA,1,"2022/10/20 21:00:00",CULLRGWF,-0.04
D,DISPATCH,UNIT_SCADA,1,"2022/10/20 21:00:00",DIAPURWF1,0.60
D,DISPATCH,UNIT_SCADA,1,"2022/10/20 21:00:00",ERGT01,0
D,DISPATCH,UNIT_SCADA,1,"2022/10/20 21:00:00",GB01,0
D,DISPATCH,UNIT_SCADA,1,"2022/10/20 21:00:00",GERMCRK,19.60
D,DISPATCH,UNIT_SCADA,1,"2022/10/20 21:00:00",GRIFSF1,0.001526
D,DISPATCH,UNIT_SCADA,1,"2022/10/20 21:00:00",HEZ1,0
D,DISPATCH,UNIT_SCADA,1,"2022/10/20 21:00:00",HUGSF1,-0.1050
D,DISPATCH,UNIT_SCADA,1,"2022/10/20 21:00:00",KEPBG1,0
D,DISPATCH,UNIT_SCADA,1,"2022/10/20 21:00:00",LRSF1,-0.0320
D,DISPATCH,UNIT_SCADA,1,"2022/10/20 21:00:00",MBAHNTH,44.756241
D,DISPATCH,UNIT_SCADA,1,"2022/10/20 21:00:00",MLSP1,0
D,DISPATCH,UNIT_SCADA,1,"2022/10/20 21:00:00",MLWF1,5.91
D,DISPATCH,UNIT_SCADA,1,"2022/10/20 21:00:00",PALOONA,30.619999
D,DISPATCH,UNIT_SCADA,1,"2022/10/20 21:00:00",PIONEER,17
D,DISPATCH,UNIT_SCADA,1,"2022/10/20 21:00:00",PORTWF,51.200001
D,DISPATCH,UNIT_SCADA,1,"2022/10/20 21:00:00",REPULSE,9.626001
D,DISPATCH,UNIT_SCADA,1,"2022/10/20 21:00:00",ROWALLAN,8.846601
D,DISPATCH,UNIT_SCADA,1,"2022/10/20 21:00:00",ROYALLA1,0
D,DISPATCH,UNIT_SCADA,1,"2022/10/20 21:00:00",RPCG,-0.50
D,DISPATCH,UNIT_SCADA,1,"2022/10/20 21:00:00",RUBICON,0
D,DISPATCH,UNIT_SCADA,1,"2022/10/20 21:00:00",WAUBRAWF,51.867001
D,DISPATCH,UNIT_SCADA,1,"2022/10/20 21:00:00",WOOLNTH1,80.50
D,DISPATCH,UNIT_SCADA,1,"2022/10/20 21:00:00",YAMBUKWF,5.40
D,DISPATCH,UNIT_SCADA,1,"2022/10/20 21:00:00",YSWF1,1
D,DISPATCH,UNIT_SCADA,1,"2022/10/20 21:00:00",ADPBA1G,0.0080
D,DISPATCH,UNIT_SCADA,1,"2022/10/20 21:00:00",ADPBA1L,0
D,DISPATCH,UNIT_SCADA,1,"2022/10/20 21:00:00",ADPPV1,0
D,DISPATCH,UNIT_SCADA,1,"2022/10/20 21:00:00",AGLHAL,31.121260
D,DISPATCH,UNIT_SCADA,1,"2022/10/20 21:00:00",AGLSOM,0
D,DISPATCH,UNIT_SCADA,1,"2022/10/20 21:00:00",ANGAST1,0
D,DISPATCH,UNIT_SCADA,1,"2022/10/20 21:00:00",ARWF1,2.40
D,DISPATCH,UNIT_SCADA,1,"2022/10/20 21:00:00",BALBG1,5.31
D,DISPATCH,UNIT_SCADA,1,"2022/10/20 21:00:00",BALBL1,0
D,DISPATCH,UNIT_SCADA,1,"2022/10/20 21:00:00",BALDHWF1,99.307010
D,DISPATCH,UNIT_SCADA,1,"2022/10/20 21:00:00",BANGOWF1,83.197070
D,DISPATCH,UNIT_SCADA,1,"2022/10/20 21:00:00",BANGOWF2,63.897540
D,DISPATCH,UNIT_SCADA,1,"2022/10/20 21:00:00",BANN1,0
D,DISPATCH,UNIT_SCADA,1,"2022/10/20 21:00:00",BARCALDN,0
D,DISPATCH,UNIT_SCADA,1,"2022/10/20 21:00:00",BARKIPS1,192.519990
D,DISPATCH,UNIT_SCADA,1,"2022/10/20 21:00:00",BARRON-1,0
D,DISPATCH,UNIT_SCADA,1,"2022/10/20 21:00:00",BARRON-2,0
D,DISPATCH,UNIT_SCADA,1,"2022/10/20 21:00:00",BASTYAN,0
D,DISPATCH,UNIT_SCADA,1,"2022/10/20 21:00:00",BBTHREE1,0
D,DISPATCH,UNIT_SCADA,1,"2022/10/20 21:00:00",BBTHREE2,0
D,DISPATCH,UNIT_SCADA,1,"2022/10/20 21:00:00",BBTHREE3,-1.15
D,DISPATCH,UNIT_SCADA,1,"2022/10/20 21:00:00",BDL01,0
D,DISPATCH,UNIT_SCADA,1,"2022/10/20 21:00:00",BDL02,0
D,DISPATCH,UNIT_SCADA,1,"2022/10/20 21:00:00",BERYLSF1,0
D,DISPATCH,UNIT_SCADA,1,"2022/10/20 21:00:00",BLOWERNG,62.60
D,DISPATCH,UNIT_SCADA,1,"2022/10/20 21:00:00",BLUEGSF1,0
D,DISPATCH,UNIT_SCADA,1,"2022/10/20 21:00:00",BLUFF1,11.40
D,DISPATCH,UNIT_SCADA,1,"2022/10/20 21:00:00",BNGSF1,0
D,DISPATCH,UNIT_SCADA,1,"2022/10/20 21:00:00",BNGSF2,0
D,DISPATCH,UNIT_SCADA,1,"2022/10/20 21:00:00",BOCORWF1,31.79
D,DISPATCH,UNIT_SCADA,1,"2022/10/20 21:00:00",BODWF1,112.293550
D,DISPATCH,UNIT_SCADA,1,"2022/10/20 21:00:00",BOMENSF1,0
D,DISPATCH,UNIT_SCADA,1,"2022/10/20 21:00:00",BOWWBA1G,0
D,DISPATCH,UNIT_SCADA,1,"2022/10/20 21:00:00",BOWWBA1L,0.0010
D,DISPATCH,UNIT_SCADA,1,"2022/10/20 21:00:00",BOWWPV1,0
D,DISPATCH,UNIT_SCADA,1,"2022/10/20 21:00:00",BRAEMAR1,0
D,DISPATCH,UNIT_SCADA,1,"2022/10/20 21:00:00",BRAEMAR2,0
D,DISPATCH,UNIT_SCADA,1,"2022/10/20 21:00:00",BRAEMAR3,0
D,DISPATCH,UNIT_SCADA,1,"2022/10/20 21:00:00",BRAEMAR5,144.478560
D,DISPATCH,UNIT_SCADA,1,"2022/10/20 21:00:00",BRAEMAR6,0
D,DISPATCH,UNIT_SCADA,1,"2022/10/20 21:00:00",BRAEMAR7,140.309170
D,DISPATCH,UNIT_SCADA,1,"2022/10/20 21:00:00",BROKENH1,0
D,DISPATCH,UNIT_SCADA,1,"2022/10/20 21:00:00",BRYB1WF1,64.805070
D,DISPATCH,UNIT_SCADA,1,"2022/10/20 21:00:00",BULBESG1,0
D,DISPATCH,UNIT_SCADA,1,"2022/10/20 21:00:00",BULBESL1,0.03
D,DISPATCH,UNIT_SCADA,1,"2022/10/20 21:00:00",BULGANA1,28.61
D,DISPATCH,UNIT_SCADA,1,"2022/10/20 21:00:00",BW01,657.395260
D,DISPATCH,UNIT_SCADA,1,"2022/10/20 21:00:00",BW02,637.424260
D,DISPATCH,UNIT_SCADA,1,"2022/10/20 21:00:00",BW03,600.509640
D,DISPATCH,UNIT_SCADA,1,"2022/10/20 21:00:00",BW04,0
D,DISPATCH,UNIT_SCADA,1,"2022/10/20 21:00:00",CALL_B_1,319.100010
D,DISPATCH,UNIT_SCADA,1,"2022/10/20 21:00:00",CALL_B_2,320.899990
D,DISPATCH,UNIT_SCADA,1,"2022/10/20 21:00:00",CATHROCK,1
D,DISPATCH,UNIT_SCADA,1,"2022/10/20 21:00:00",CBWWBA1G,0
D,DISPATCH,UNIT_SCADA,1,"2022/10/20 21:00:00",CBWWBA1L,0
D,DISPATCH,UNIT_SCADA,1,"2022/10/20 21:00:00",CETHANA,97.286380
D,DISPATCH,UNIT_SCADA,1,"2022/10/20 21:00:00",CG1,0
D,DISPATCH,UNIT_SCADA,1,"2022/10/20 21:00:00",CG2,0
D,DISPATCH,UNIT_SCADA,1,"2022/10/20 21:00:00",CG3,0
D,DISPATCH,UNIT_SCADA,1,"2022/10/20 21:00:00",CG4,0
D,DISPATCH,UNIT_SCADA,1,"2022/10/20 21:00:00",CHILDSF1,0
D,DISPATCH,UNIT_SCADA,1,"2022/10/20 21:00:00",CHYTWF1,1.56
D,DISPATCH,UNIT_SCADA,1,"2022/10/20 21:00:00",CLARESF1,0
D,DISPATCH,UNIT_SCADA,1,"2022/10/20 21:00:00",CLEMGPWF,1.080530
D,DISPATCH,UNIT_SCADA,1,"2022/10/20 21:00:00",CLERMSF1,0
D,DISPATCH,UNIT_SCADA,1,"2022/10/20 21:00:00",CNUNDAWF,15.5181
D,DISPATCH,UNIT_SCADA,1,"2022/10/20 21:00:00",COHUNSF1,0
D,DISPATCH,UNIT_SCADA,1,"2022/10/20 21:00:00",COLEASF1,0
D,DISPATCH,UNIT_SCADA,1,"2022/10/20 21:00:00",COLUMSF1,0
D,DISPATCH,UNIT_SCADA,1,"2022/10/20 21:00:00",COLWF01,121.704440
D,DISPATCH,UNIT_SCADA,1,"2022/10/20 21:00:00",COOPGWF1,382.179990
D,DISPATCH,UNIT_SCADA,1,"2022/10/20 21:00:00",CPP_3,380.325010
D,DISPATCH,UNIT_SCADA,1,"2022/10/20 21:00:00",CPP_4,0
D,DISPATCH,UNIT_SCADA,1,"2022/10/20 21:00:00",CPSA,0
D,DISPATCH,UNIT_SCADA,1,"2022/10/20 21:00:00",CROOKWF2,34.163730
D,DISPATCH,UNIT_SCADA,1,"2022/10/20 21:00:00",CROWLWF1,17.959940
D,DISPATCH,UNIT_SCADA,1,"2022/10/20 21:00:00",CRURWF1,89.796680
D,DISPATCH,UNIT_SCADA,1,"2022/10/20 21:00:00",CRWASF1,0
D,DISPATCH,UNIT_SCADA,1,"2022/10/20 21:00:00",CSPVPS1,0
D,DISPATCH,UNIT_SCADA,1,"2022/10/20 21:00:00",CTHLWF1,0.003050
D,DISPATCH,UNIT_SCADA,1,"2022/10/20 21:00:00",DALNTH01,0
D,DISPATCH,UNIT_SCADA,1,"2022/10/20 21:00:00",DALNTHL1,0.016780
D,DISPATCH,UNIT_SCADA,1,"2022/10/20 21:00:00",DARLSF1,0
D,DISPATCH,UNIT_SCADA,1,"2022/10/20 21:00:00",DARTM1,0
D,DISPATCH,UNIT_SCADA,1,"2022/10/20 21:00:00",DAYDSF1,0
D,DISPATCH,UNIT_SCADA,1,"2022/10/20 21:00:00",DDPS1,0
D,DISPATCH,UNIT_SCADA,1,"2022/10/20 21:00:00",DDSF1,0
D,DISPATCH,UNIT_SCADA,1,"2022/10/20 21:00:00",DEVILS_G,58.241520
D,DISPATCH,UNIT_SCADA,1,"2022/10/20 21:00:00",DG_NSW1,0
D,DISPATCH,UNIT_SCADA,1,"2022/10/20 21:00:00",DG_QLD1,0
D,DISPATCH,UNIT_SCADA,1,"2022/10/20 21:00:00",DG_SA1,0
D,DISPATCH,UNIT_SCADA,1,"2022/10/20 21:00:00",DG_TAS1,0
D,DISPATCH,UNIT_SCADA,1,"2022/10/20 21:00:00",DG_VIC1,0
D,DISPATCH,UNIT_SCADA,1,"2022/10/20 21:00:00",DRYCGT1,0
D,DISPATCH,UNIT_SCADA,1,"2022/10/20 21:00:00",DRYCGT2,0
D,DISPATCH,UNIT_SCADA,1,"2022/10/20 21:00:00",DRYCGT3,0
D,DISPATCH,UNIT_SCADA,1,"2022/10/20 21:00:00",DUNDWF1,93.13
D,DISPATCH,UNIT_SCADA,1,"2022/10/20 21:00:00",DUNDWF2,29.33
D,DISPATCH,UNIT_SCADA,1,"2022/10/20 21:00:00",DUNDWF3,77.08
D,DISPATCH,UNIT_SCADA,1,"2022/10/20 21:00:00",EILDON1,59.92
D,DISPATCH,UNIT_SCADA,1,"2022/10/20 21:00:00",EILDON2,60.16
D,DISPATCH,UNIT_SCADA,1,"2022/10/20 21:00:00",ELAINWF1,10.40
D,DISPATCH,UNIT_SCADA,1,"2022/10/20 21:00:00",EMERASF1,0
D,DISPATCH,UNIT_SCADA,1,"2022/10/20 21:00:00",ER01,0
D,DISPATCH,UNIT_SCADA,1,"2022/10/20 21:00:00",ER02,654.636470
D,DISPATCH,UNIT_SCADA,1,"2022/10/20 21:00:00",ER03,673.997070
D,DISPATCH,UNIT_SCADA,1,"2022/10/20 21:00:00",ER04,675.071350
D,DISPATCH,UNIT_SCADA,1,"2022/10/20 21:00:00",FINLYSF1,0
D,DISPATCH,UNIT_SCADA,1,"2022/10/20 21:00:00",FISHER,43.91
D,DISPATCH,UNIT_SCADA,1,"2022/10/20 21:00:00",GANGARR1,0
D,DISPATCH,UNIT_SCADA,1,"2022/10/20 21:00:00",GANNBG1,0
D,DISPATCH,UNIT_SCADA,1,"2022/10/20 21:00:00",GANNBL1,0.059950
D,DISPATCH,UNIT_SCADA,1,"2022/10/20 21:00:00",GANNSF1,0
D,DISPATCH,UNIT_SCADA,1,"2022/10/20 21:00:00",GLRWNSF1,0
D,DISPATCH,UNIT_SCADA,1,"2022/10/20 21:00:00",GNNDHSF1,0
D,DISPATCH,UNIT_SCADA,1,"2022/10/20 21:00:00",GOONSF1,0
D,DISPATCH,UNIT_SCADA,1,"2022/10/20 21:00:00",GORDON,259.095030
D,DISPATCH,UNIT_SCADA,1,"2022/10/20 21:00:00",GRANWF1,0
D,DISPATCH,UNIT_SCADA,1,"2022/10/20 21:00:00",GSTONE1,203.1750
D,DISPATCH,UNIT_SCADA,1,"2022/10/20 21:00:00",GSTONE2,0
D,DISPATCH,UNIT_SCADA,1,"2022/10/20 21:00:00",GSTONE3,200.024990
D,DISPATCH,UNIT_SCADA,1,"2022/10/20 21:00:00",GSTONE4,0
D,DISPATCH,UNIT_SCADA,1,"2022/10/20 21:00:00",GSTONE5,202.1250
D,DISPATCH,UNIT_SCADA,1,"2022/10/20 21:00:00",GSTONE6,202.1250
D,DISPATCH,UNIT_SCADA,1,"2022/10/20 21:00:00",GULLRSF1,0
D,DISPATCH,UNIT_SCADA,1,"2022/10/20 21:00:00",GULLRWF1,68.983960
D,DISPATCH,UNIT_SCADA,1,"2022/10/20 21:00:00",GULLRWF2,102.021090
D,DISPATCH,UNIT_SCADA,1,"2022/10/20 21:00:00",GUNNING1,0
D,DISPATCH,UNIT_SCADA,1,"2022/10/20 21:00:00",GUTHEGA,68
D,DISPATCH,UNIT_SCADA,1,"2022/10/20 21:00:00",HALLWF1,26.58
D,DISPATCH,UNIT_SCADA,1,"2022/10/20 21:00:00",HALLWF2,26.83
D,DISPATCH,UNIT_SCADA,1,"2022/10/20 21:00:00",HAMISF1,0
D,DISPATCH,UNIT_SCADA,1,"2022/10/20 21:00:00",HAUGHT11,0
D,DISPATCH,UNIT_SCADA,1,"2022/10/20 21:00:00",HAYMSF1,0
D,DISPATCH,UNIT_SCADA,1,"2022/10/20 21:00:00",HDWF1,20.70
D,DISPATCH,UNIT_SCADA,1,"2022/10/20 21:00:00",HDWF2,10.90
D,DISPATCH,UNIT_SCADA,1,"2022/10/20 21:00:00",HDWF3,20.10
D,DISPATCH,UNIT_SCADA,1,"2022/10/20 21:00:00",HILLSTN1,0
D,DISPATCH,UNIT_SCADA,1,"2022/10/20 21:00:00",HPRG1,0.80
D,DISPATCH,UNIT_SCADA,1,"2022/10/20 21:00:00",HPRL1,0
D,DISPATCH,UNIT_SCADA,1,"2022/10/20 21:00:00",HUMENSW,54.727470
D,DISPATCH,UNIT_SCADA,1,"2022/10/20 21:00:00",HUMEV,0
D,DISPATCH,UNIT_SCADA,1,"2022/10/20 21:00:00",HVWWBA1G,0
D,DISPATCH,UNIT_SCADA,1,"2022/10/20 21:00:00",HVWWBA1L,0.0070
D,DISPATCH,UNIT_SCADA,1,"2022/10/20 21:00:00",HVWWPV1,0
D,DISPATCH,UNIT_SCADA,1,"2022/10/20 21:00:00",JBUTTERS,19.728690
D,DISPATCH,UNIT_SCADA,1,"2022/10/20 21:00:00",JEMALNG1,0
D,DISPATCH,UNIT_SCADA,1,"2022/10/20 21:00:00",JLA01,0
D,DISPATCH,UNIT_SCADA,1,"2022/10/20 21:00:00",JLA02,0
D,DISPATCH,UNIT_SCADA,1,"2022/10/20 21:00:00",JLA03,0
D,DISPATCH,UNIT_SCADA,1,"2022/10/20 21:00:00",JLA04,0
D,DISPATCH,UNIT_SCADA,1,"2022/10/20 21:00:00",JLB01,0
D,DISPATCH,UNIT_SCADA,1,"2022/10/20 21:00:00",JLB02,0.10
D,DISPATCH,UNIT_SCADA,1,"2022/10/20 21:00:00",JLB03,0
D,DISPATCH,UNIT_SCADA,1,"2022/10/20 21:00:00",JUNEESF1,0
D,DISPATCH,UNIT_SCADA,1,"2022/10/20 21:00:00",KABANWF1,1.0010
D,DISPATCH,UNIT_SCADA,1,"2022/10/20 21:00:00",KAREEYA1,0
D,DISPATCH,UNIT_SCADA,1,"2022/10/20 21:00:00",KAREEYA2,0
D,DISPATCH,UNIT_SCADA,1,"2022/10/20 21:00:00",KAREEYA3,4.8825
D,DISPATCH,UNIT_SCADA,1,"2022/10/20 21:00:00",KAREEYA4,0
D,DISPATCH,UNIT_SCADA,1,"2022/10/20 21:00:00",KARSF1,0
D,DISPATCH,UNIT_SCADA,1,"2022/10/20 21:00:00",KEPSF1,0
D,DISPATCH,UNIT_SCADA,1,"2022/10/20 21:00:00",KEPWF1,2.47
D,DISPATCH,UNIT_SCADA,1,"2022/10/20 21:00:00",KIAMSF1,0
D,DISPATCH,UNIT_SCADA,1,"2022/10/20 21:00:00",KIATAWF1,11
D,DISPATCH,UNIT_SCADA,1,"2022/10/20 21:00:00",KPP_1,0
D,DISPATCH,UNIT_SCADA,1,"2022/10/20 21:00:00",KSP1,0
D,DISPATCH,UNIT_SCADA,1,"2022/10/20 21:00:00",LADBROK1,0.01
D,DISPATCH,UNIT_SCADA,1,"2022/10/20 21:00:00",LADBROK2,0.02
D,DISPATCH,UNIT_SCADA,1,"2022/10/20 21:00:00",LBBG1,0
D,DISPATCH,UNIT_SCADA,1,"2022/10/20 21:00:00",LBBL1,0
D,DISPATCH,UNIT_SCADA,1,"2022/10/20 21:00:00",LD01,379.955440
D,DISPATCH,UNIT_SCADA,1,"2022/10/20 21:00:00",LD02,84.890290
D,DISPATCH,UNIT_SCADA,1,"2022/10/20 21:00:00",LD04,310.757780
D,DISPATCH,UNIT_SCADA,1,"2022/10/20 21:00:00",LEM_WIL,86.942520
D,DISPATCH,UNIT_SCADA,1,"2022/10/20 21:00:00",LGAPWF1,97.65
D,DISPATCH,UNIT_SCADA,1,"2022/10/20 21:00:00",LGAPWF2,62.30
D,DISPATCH,UNIT_SCADA,1,"2022/10/20 21:00:00",LILYSF1,0
D,DISPATCH,UNIT_SCADA,1,"2022/10/20 21:00:00",LIMOSF11,0
D,DISPATCH,UNIT_SCADA,1,"2022/10/20 21:00:00",LIMOSF21,0
D,DISPATCH,UNIT_SCADA,1,"2022/10/20 21:00:00",LI_WY_CA,62.993350
D,DISPATCH,UNIT_SCADA,1,"2022/10/20 21:00:00",LKBONNY1,19.290840
D,DISPATCH,UNIT_SCADA,1,"2022/10/20 21:00:00",LKBONNY2,58.084340
D,DISPATCH,UNIT_SCADA,1,"2022/10/20 21:00:00",LKBONNY3,12.727430
D,DISPATCH,UNIT_SCADA,1,"2022/10/20 21:00:00",LK_ECHO,0
D,DISPATCH,UNIT_SCADA,1,"2022/10/20 21:00:00",LNGS1,0
D,DISPATCH,UNIT_SCADA,1,"2022/10/20 21:00:00",LNGS2,0
D,DISPATCH,UNIT_SCADA,1,"2022/10/20 21:00:00",LONSDALE,0
D,DISPATCH,UNIT_SCADA,1,"2022/10/20 21:00:00",LOYYB1,579.698730
D,DISPATCH,UNIT_SCADA,1,"2022/10/20 21:00:00",LOYYB2,575.187320
D,DISPATCH,UNIT_SCADA,1,"2022/10/20 21:00:00",LYA1,557
D,DISPATCH,UNIT_SCADA,1,"2022/10/20 21:00:00",LYA2,0
D,DISPATCH,UNIT_SCADA,1,"2022/10/20 21:00:00",LYA3,557
D,DISPATCH,UNIT_SCADA,1,"2022/10/20 21:00:00",LYA4,556
D,DISPATCH,UNIT_SCADA,1,"2022/10/20 21:00:00",MACARTH1,151.5965
D,DISPATCH,UNIT_SCADA,1,"2022/10/20 21:00:00",MACKNTSH,25.64
D,DISPATCH,UNIT_SCADA,1,"2022/10/20 21:00:00",MANSLR1,0
D,DISPATCH,UNIT_SCADA,1,"2022/10/20 21:00:00",MAPS2PV1,0
D,DISPATCH,UNIT_SCADA,1,"2022/10/20 21:00:00",MAPS3PV1,0
D,DISPATCH,UNIT_SCADA,1,"2022/10/20 21:00:00",MARYRSF1,0
D,DISPATCH,UNIT_SCADA,1,"2022/10/20 21:00:00",MBPS2PV1,0
D,DISPATCH,UNIT_SCADA,1,"2022/10/20 21:00:00",MCKAY1,220.945010
D,DISPATCH,UNIT_SCADA,1,"2022/10/20 21:00:00",MEADOWBK,19.7202
D,DISPATCH,UNIT_SCADA,1,"2022/10/20 21:00:00",MERCER01,29
D,DISPATCH,UNIT_SCADA,1,"2022/10/20 21:00:00",METZSF1,0
D,DISPATCH,UNIT_SCADA,1,"2022/10/20 21:00:00",MEWF1,13
D,DISPATCH,UNIT_SCADA,1,"2022/10/20 21:00:00",MIDDLSF1,0
D,DISPATCH,UNIT_SCADA,1,"2022/10/20 21:00:00",MINTARO,0.128180
D,DISPATCH,UNIT_SCADA,1,"2022/10/20 21:00:00",MOLNGSF1,0
D,DISPATCH,UNIT_SCADA,1,"2022/10/20 21:00:00",MOORAWF1,15.47
D,DISPATCH,UNIT_SCADA,1,"2022/10/20 21:00:00",MOREESF1,0
D,DISPATCH,UNIT_SCADA,1,"2022/10/20 21:00:00",MORTLK11,0
D,DISPATCH,UNIT_SCADA,1,"2022/10/20 21:00:00",MORTLK12,0
D,DISPATCH,UNIT_SCADA,1,"2022/10/20 21:00:00",MOUSF1,0
D,DISPATCH,UNIT_SCADA,1,"2022/10/20 21:00:00",MP1,0
D,DISPATCH,UNIT_SCADA,1,"2022/10/20 21:00:00",MP2,473.237210
D,DISPATCH,UNIT_SCADA,1,"2022/10/20 21:00:00",MPP_1,182.409680
D,DISPATCH,UNIT_SCADA,1,"2022/10/20 21:00:00",MPP_2,175.954990
D,DISPATCH,UNIT_SCADA,1,"2022/10/20 21:00:00",MRTLSWF1,0
D,DISPATCH,UNIT_SCADA,1,"2022/10/20 21:00:00",MSTUART1,0
D,DISPATCH,UNIT_SCADA,1,"2022/10/20 21:00:00",MSTUART2,0
D,DISPATCH,UNIT_SCADA,1,"2022/10/20 21:00:00",MSTUART3,0
D,DISPATCH,UNIT_SCADA,1,"2022/10/20 21:00:00",MTGELWF1,28.516490
D,DISPATCH,UNIT_SCADA,1,"2022/10/20 21:00:00",MTMILLAR,23.50
D,DISPATCH,UNIT_SCADA,1,"2022/10/20 21:00:00",MURRAY,59.60
D,DISPATCH,UNIT_SCADA,1,"2022/10/20 21:00:00",MUSSELR1,19.30
D,DISPATCH,UNIT_SCADA,1,"2022/10/20 21:00:00",MUWAWF1,10.75
D,DISPATCH,UNIT_SCADA,1,"2022/10/20 21:00:00",MUWAWF2,16
D,DISPATCH,UNIT_SCADA,1,"2022/10/20 21:00:00",MWPS1PV1,0
D,DISPATCH,UNIT_SCADA,1,"2022/10/20 21:00:00",MWPS2PV1,0
D,DISPATCH,UNIT_SCADA,1,"2022/10/20 21:00:00",MWPS3PV1,0
D,DISPATCH,UNIT_SCADA,1,"2022/10/20 21:00:00",MWPS4PV1,0
D,DISPATCH,UNIT_SCADA,1,"2022/10/20 21:00:00",NBHWF1,17.50
D,DISPATCH,UNIT_SCADA,1,"2022/10/20 21:00:00",NEVERSF1,0
D,DISPATCH,UNIT_SCADA,1,"2022/10/20 21:00:00",NPS,0
D,DISPATCH,UNIT_SCADA,1,"2022/10/20 21:00:00",NUMURSF1,0
D,DISPATCH,UNIT_SCADA,1,"2022/10/20 21:00:00",NYNGAN1,0
D,DISPATCH,UNIT_SCADA,1,"2022/10/20 21:00:00",OAKEY1,0
D,DISPATCH,UNIT_SCADA,1,"2022/10/20 21:00:00",OAKEY1SF,0
D,DISPATCH,UNIT_SCADA,1,"2022/10/20 21:00:00",OAKEY2,0
D,DISPATCH,UNIT_SCADA,1,"2022/10/20 21:00:00",OAKEY2SF,0
D,DISPATCH,UNIT_SCADA,1,"2022/10/20 21:00:00",OAKLAND1,25.20
D,DISPATCH,UNIT_SCADA,1,"2022/10/20 21:00:00",OSB-AG,177.62
D,DISPATCH,UNIT_SCADA,1,"2022/10/20 21:00:00",PAREPS1,0
D,DISPATCH,UNIT_SCADA,1,"2022/10/20 21:00:00",PAREPW1,60.25
D,DISPATCH,UNIT_SCADA,1,"2022/10/20 21:00:00",PARSF1,0.001530
D,DISPATCH,UNIT_SCADA,1,"2022/10/20 21:00:00",POAT110,3.19
D,DISPATCH,UNIT_SCADA,1,"2022/10/20 21:00:00",POAT220,0
D,DISPATCH,UNIT_SCADA,1,"2022/10/20 21:00:00",POR01,0
D,DISPATCH,UNIT_SCADA,1,"2022/10/20 21:00:00",POR03,0
D,DISPATCH,UNIT_SCADA,1,"2022/10/20 21:00:00",PPCCGT,164.156680
D,DISPATCH,UNIT_SCADA,1,"2022/10/20 21:00:00",PTSTAN1,0
D,DISPATCH,UNIT_SCADA,1,"2022/10/20 21:00:00",PUMP1,0
D,DISPATCH,UNIT_SCADA,1,"2022/10/20 21:00:00",PUMP2,0
D,DISPATCH,UNIT_SCADA,1,"2022/10/20 21:00:00",QBYNBG1,0.0015
D,DISPATCH,UNIT_SCADA,1,"2022/10/20 21:00:00",QBYNBL1,0
D,DISPATCH,UNIT_SCADA,1,"2022/10/20 21:00:00",QPS1,0
D,DISPATCH,UNIT_SCADA,1,"2022/10/20 21:00:00",QPS2,0
D,DISPATCH,UNIT_SCADA,1,"2022/10/20 21:00:00",QPS3,0
D,DISPATCH,UNIT_SCADA,1,"2022/10/20 21:00:00",QPS4,0
D,DISPATCH,UNIT_SCADA,1,"2022/10/20 21:00:00",QPS5,0
D,DISPATCH,UNIT_SCADA,1,"2022/10/20 21:00:00",REECE1,45.348550
D,DISPATCH,UNIT_SCADA,1,"2022/10/20 21:00:00",REECE2,0
D,DISPATCH,UNIT_SCADA,1,"2022/10/20 21:00:00",ROMA_7,0
D,DISPATCH,UNIT_SCADA,1,"2022/10/20 21:00:00",ROMA_8,0
D,DISPATCH,UNIT_SCADA,1,"2022/10/20 21:00:00",RRSF1,0
D,DISPATCH,UNIT_SCADA,1,"2022/10/20 21:00:00",RT_NSW1,0
D,DISPATCH,UNIT_SCADA,1,"2022/10/20 21:00:00",RT_NSW2,0
D,DISPATCH,UNIT_SCADA,1,"2022/10/20 21:00:00",RT_NSW3,0
D,DISPATCH,UNIT_SCADA,1,"2022/10/20 21:00:00",RT_NSW4,0
D,DISPATCH,UNIT_SCADA,1,"2022/10/20 21:00:00",RT_NSW5,0
D,DISPATCH,UNIT_SCADA,1,"2022/10/20 21:00:00",RT_NSW6,0
D,DISPATCH,UNIT_SCADA,1,"2022/10/20 21:00:00",RT_QLD1,0
D,DISPATCH,UNIT_SCADA,1,"2022/10/20 21:00:00",RT_SA1,0
D,DISPATCH,UNIT_SCADA,1,"2022/10/20 21:00:00",RT_SA2,0
D,DISPATCH,UNIT_SCADA,1,"2022/10/20 21:00:00",RT_SA3,0
D,DISPATCH,UNIT_SCADA,1,"2022/10/20 21:00:00",RT_SA4,0
D,DISPATCH,UNIT_SCADA,1,"2022/10/20 21:00:00",RT_SA5,0
D,DISPATCH,UNIT_SCADA,1,"2022/10/20 21:00:00",RT_SA6,0
D,DISPATCH,UNIT_SCADA,1,"2022/10/20 21:00:00",RT_TAS1,0
D,DISPATCH,UNIT_SCADA,1,"2022/10/20 21:00:00",RT_VIC1,0
D,DISPATCH,UNIT_SCADA,1,"2022/10/20 21:00:00",RT_VIC10,0
D,DISPATCH,UNIT_SCADA,1,"2022/10/20 21:00:00",RT_VIC11,0
D,DISPATCH,UNIT_SCADA,1,"2022/10/20 21:00:00",RT_VIC12,0
D,DISPATCH,UNIT_SCADA,1,"2022/10/20 21:00:00",RT_VIC2,0
D,DISPATCH,UNIT_SCADA,1,"2022/10/20 21:00:00",RT_VIC3,0
D,DISPATCH,UNIT_SCADA,1,"2022/10/20 21:00:00",RT_VIC4,0
D,DISPATCH,UNIT_SCADA,1,"2022/10/20 21:00:00",RT_VIC5,0
D,DISPATCH,UNIT_SCADA,1,"2022/10/20 21:00:00",RT_VIC6,0
D,DISPATCH,UNIT_SCADA,1,"2022/10/20 21:00:00",RT_VIC7,0
D,DISPATCH,UNIT_SCADA,1,"2022/10/20 21:00:00",RT_VIC8,0
D,DISPATCH,UNIT_SCADA,1,"2022/10/20 21:00:00",RT_VIC9,0
D,DISPATCH,UNIT_SCADA,1,"2022/10/20 21:00:00",RUGBYR1,0
D,DISPATCH,UNIT_SCADA,1,"2022/10/20 21:00:00",SALTCRK1,26.46
D,DISPATCH,UNIT_SCADA,1,"2022/10/20 21:00:00",SAPHWF1,244.142820
D,DISPATCH,UNIT_SCADA,1,"2022/10/20 21:00:00",SEBSF1,0
D,DISPATCH,UNIT_SCADA,1,"2022/10/20 21:00:00",SHGEN,0
D,DISPATCH,UNIT_SCADA,1,"2022/10/20 21:00:00",SHPUMP,0
D,DISPATCH,UNIT_SCADA,1,"2022/10/20 21:00:00",SITHE01,0.133760
D,DISPATCH,UNIT_SCADA,1,"2022/10/20 21:00:00",SMCSF1,0
D,DISPATCH,UNIT_SCADA,1,"2022/10/20 21:00:00",SNAPPER1,0
D,DISPATCH,UNIT_SCADA,1,"2022/10/20 21:00:00",SNOWNTH1,51.80
D,DISPATCH,UNIT_SCADA,1,"2022/10/20 21:00:00",SNOWSTH1,26.10
D,DISPATCH,UNIT_SCADA,1,"2022/10/20 21:00:00",SNOWTWN1,37.885160
D,DISPATCH,UNIT_SCADA,1,"2022/10/20 21:00:00",SNOWYP,0
D,DISPATCH,UNIT_SCADA,1,"2022/10/20 21:00:00",SNUG1,0
D,DISPATCH,UNIT_SCADA,1,"2022/10/20 21:00:00",SRSF1,0
D,DISPATCH,UNIT_SCADA,1,"2022/10/20 21:00:00",STAN-1,280.145840
D,DISPATCH,UNIT_SCADA,1,"2022/10/20 21:00:00",STAN-2,364.845860
D,DISPATCH,UNIT_SCADA,1,"2022/10/20 21:00:00",STAN-3,364.320340
D,DISPATCH,UNIT_SCADA,1,"2022/10/20 21:00:00",STAN-4,364.051150
D,DISPATCH,UNIT_SCADA,1,"2022/10/20 21:00:00",STARHLWF,20.593990
D,DISPATCH,UNIT_SCADA,1,"2022/10/20 21:00:00",STOCKYD1,158.240010
D,DISPATCH,UNIT_SCADA,1,"2022/10/20 21:00:00",STWF1,61.859460
D,DISPATCH,UNIT_SCADA,1,"2022/10/20 21:00:00",SUNRSF1,0
D,DISPATCH,UNIT_SCADA,1,"2022/10/20 21:00:00",SUNTPSF1,0
D,DISPATCH,UNIT_SCADA,1,"2022/10/20 21:00:00",SWAN_E,341.746860
D,DISPATCH,UNIT_SCADA,1,"2022/10/20 21:00:00",TALWA1,0
D,DISPATCH,UNIT_SCADA,1,"2022/10/20 21:00:00",TARALGA1,0
D,DISPATCH,UNIT_SCADA,1,"2022/10/20 21:00:00",TARONG#1,350.300020
D,DISPATCH,UNIT_SCADA,1,"2022/10/20 21:00:00",TARONG#2,348.600010
D,DISPATCH,UNIT_SCADA,1,"2022/10/20 21:00:00",TARONG#3,0.90
D,DISPATCH,UNIT_SCADA,1,"2022/10/20 21:00:00",TARONG#4,295.200010
D,DISPATCH,UNIT_SCADA,1,"2022/10/20 21:00:00",TARRALEA,54
D,DISPATCH,UNIT_SCADA,1,"2022/10/20 21:00:00",TBSF1,0
D,DISPATCH,UNIT_SCADA,1,"2022/10/20 21:00:00",TNPS1,419.500030
D,DISPATCH,UNIT_SCADA,1,"2022/10/20 21:00:00",TORRB1,0
D,DISPATCH,UNIT_SCADA,1,"2022/10/20 21:00:00",TORRB2,60
D,DISPATCH,UNIT_SCADA,1,"2022/10/20 21:00:00",TORRB3,0
D,DISPATCH,UNIT_SCADA,1,"2022/10/20 21:00:00",TORRB4,0
D,DISPATCH,UNIT_SCADA,1,"2022/10/20 21:00:00",TREVALLN,98.134610
D,DISPATCH,UNIT_SCADA,1,"2022/10/20 21:00:00",TRIBUTE,0
D,DISPATCH,UNIT_SCADA,1,"2022/10/20 21:00:00",TUMUT3,175.149990
D,DISPATCH,UNIT_SCADA,1,"2022/10/20 21:00:00",TUNGATIN,4.200020
D,DISPATCH,UNIT_SCADA,1,"2022/10/20 21:00:00",TVCC201,0
D,DISPATCH,UNIT_SCADA,1,"2022/10/20 21:00:00",TVPP104,0
D,DISPATCH,UNIT_SCADA,1,"2022/10/20 21:00:00",UPPTUMUT,0
D,DISPATCH,UNIT_SCADA,1,"2022/10/20 21:00:00",URANQ11,0
D,DISPATCH,UNIT_SCADA,1,"2022/10/20 21:00:00",URANQ12,0
D,DISPATCH,UNIT_SCADA,1,"2022/10/20 21:00:00",URANQ13,0
D,DISPATCH,UNIT_SCADA,1,"2022/10/20 21:00:00",URANQ14,0
D,DISPATCH,UNIT_SCADA,1,"2022/10/20 21:00:00",VBBG1,9.70
D,DISPATCH,UNIT_SCADA,1,"2022/10/20 21:00:00",VBBL1,0
D,DISPATCH,UNIT_SCADA,1,"2022/10/20 21:00:00",VP5,557.072690
D,DISPATCH,UNIT_SCADA,1,"2022/10/20 21:00:00",VP6,601.165830
D,DISPATCH,UNIT_SCADA,1,"2022/10/20 21:00:00",VPGS1,0
D,DISPATCH,UNIT_SCADA,1,"2022/10/20 21:00:00",VPGS2,0
D,DISPATCH,UNIT_SCADA,1,"2022/10/20 21:00:00",VPGS3,0
D,DISPATCH,UNIT_SCADA,1,"2022/10/20 21:00:00",VPGS4,0
D,DISPATCH,UNIT_SCADA,1,"2022/10/20 21:00:00",VPGS5,0
D,DISPATCH,UNIT_SCADA,1,"2022/10/20 21:00:00",VPGS6,0
D,DISPATCH,UNIT_SCADA,1,"2022/10/20 21:00:00",W/HOE#1,0
D,DISPATCH,UNIT_SCADA,1,"2022/10/20 21:00:00",W/HOE#2,0
D,DISPATCH,UNIT_SCADA,1,"2022/10/20 21:00:00",WAGGNSF1,0
D,DISPATCH,UNIT_SCADA,1,"2022/10/20 21:00:00",WALGRVG1,0.000930
D,DISPATCH,UNIT_SCADA,1,"2022/10/20 21:00:00",WALGRVL1,0
D,DISPATCH,UNIT_SCADA,1,"2022/10/20 21:00:00",WANDBG1,0
D,DISPATCH,UNIT_SCADA,1,"2022/10/20 21:00:00",WANDBL1,0
D,DISPATCH,UNIT_SCADA,1,"2022/10/20 21:00:00",WARWSF1,0
D,DISPATCH,UNIT_SCADA,1,"2022/10/20 21:00:00",WARWSF2,0
D,DISPATCH,UNIT_SCADA,1,"2022/10/20 21:00:00",WATERLWF,16.40
D,DISPATCH,UNIT_SCADA,1,"2022/10/20 21:00:00",WDGPH1,0
D,DISPATCH,UNIT_SCADA,1,"2022/10/20 21:00:00",WELLSF1,0
D,DISPATCH,UNIT_SCADA,1,"2022/10/20 21:00:00",WEMENSF1,0
D,DISPATCH,UNIT_SCADA,1,"2022/10/20 21:00:00",WGWF1,28.90
D,DISPATCH,UNIT_SCADA,1,"2022/10/20 21:00:00",WHITSF1,0
D,DISPATCH,UNIT_SCADA,1,"2022/10/20 21:00:00",WINTSF1,0
D,DISPATCH,UNIT_SCADA,1,"2022/10/20 21:00:00",WKIEWA1,33.90
D,DISPATCH,UNIT_SCADA,1,"2022/10/20 21:00:00",WKIEWA2,34
D,DISPATCH,UNIT_SCADA,1,"2022/10/20 21:00:00",WOODLWN1,33.543970
D,DISPATCH,UNIT_SCADA,1,"2022/10/20 21:00:00",WOOLGSF1,0
D,DISPATCH,UNIT_SCADA,1,"2022/10/20 21:00:00",WPWF,52.45
D,DISPATCH,UNIT_SCADA,1,"2022/10/20 21:00:00",WRSF1,0
D,DISPATCH,UNIT_SCADA,1,"2022/10/20 21:00:00",WRWF1,145.122450
D,DISPATCH,UNIT_SCADA,1,"2022/10/20 21:00:00",WSTWYSF1,0
D,DISPATCH,UNIT_SCADA,1,"2022/10/20 21:00:00",YABULU,153.270020
D,DISPATCH,UNIT_SCADA,1,"2022/10/20 21:00:00",YABULU2,0
D,DISPATCH,UNIT_SCADA,1,"2022/10/20 21:00:00",YARANSF1,0
D,DISPATCH,UNIT_SCADA,1,"2022/10/20 21:00:00",YARWUN_1,163.489990
D,DISPATCH,UNIT_SCADA,1,"2022/10/20 21:00:00",YATSF1,0
D,DISPATCH,UNIT_SCADA,1,"2022/10/20 21:00:00",YENDWF1,8.32
D,DISPATCH,UNIT_SCADA,1,"2022/10/20 21:00:00",YWPS1,339.096190
D,DISPATCH,UNIT_SCADA,1,"2022/10/20 21:00:00",YWPS2,357.643040
D,DISPATCH,UNIT_SCADA,1,"2022/10/20 21:00:00",YWPS3,360.235440
D,DISPATCH,UNIT_SCADA,1,"2022/10/20 21:00:00",YWPS4,0
C,"END OF REPORT",419
