C,NEMP.WORLD,DISPATCHSCADA,AEMO,PUBLIC,2022/10/20,23:20:09,0000000373287298,DISPATCHSCADA,0000000373287292
I,DISPATCH,UNIT_SCADA,1,SETTLEMENTDATE,DUID,SCADAVALUE
D,DISPATCH,UNIT_SCADA,1,"2022/10/20 23:25:00",BARCSF1,0
D,DISPATCH,UNIT_SCADA,1,"2022/10/20 23:25:00",BUTLERSG,8.699999
D,DISPATCH,UNIT_SCADA,1,"2022/10/20 23:25:00",CAPTL_WF,92.665474
D,DISPATCH,UNIT_SCADA,1,"2022/10/20 23:25:00",CHALLHWF,7.10
D,DISPATCH,UNIT_SCADA,1,"2022/10/20 23:25:00",CLOVER,13.37
D,DISPATCH,UNIT_SCADA,1,"2022/10/20 23:25:00",CLUNY,5.605402
D,DISPATCH,UNIT_SCADA,1,"2022/10/20 23:25:00",CULLRGWF,-0.01
D,DISPATCH,UNIT_SCADA,1,"2022/10/20 23:25:00",DIAPURWF1,3.10
D,DISPATCH,UNIT_SCADA,1,"2022/10/20 23:25:00",ERGT01,0
D,DISPATCH,UNIT_SCADA,1,"2022/10/20 23:25:00",GB01,0
D,DISPATCH,UNIT_SCADA,1,"2022/10/20 23:25:00",GERMCRK,19.50
D,DISPATCH,UNIT_SCADA,1,"2022/10/20 23:25:00",GRIFSF1,0.001526
D,DISPATCH,UNIT_SCADA,1,"2022/10/20 23:25:00",HEZ1,0
D,DISPATCH,UNIT_SCADA,1,"2022/10/20 23:25:00",HUGSF1,-0.12
D,DISPATCH,UNIT_SCADA,1,"2022/10/20 23:25:00",KEPBG1,0
D,DISPATCH,UNIT_SCADA,1,"2022/10/20 23:25:00",LRSF1,-0.0310
D,DISPATCH,UNIT_SCADA,1,"2022/10/20 23:25:00",MBAHNTH,46.743759
D,DISPATCH,UNIT_SCADA,1,"2022/10/20 23:25:00",MLSP1,0
D,DISPATCH,UNIT_SCADA,1,"2022/10/20 23:25:00",MLWF1,4.53
D,DISPATCH,UNIT_SCADA,1,"2022/10/20 23:25:00",PALOONA,30.58
D,DISPATCH,UNIT_SCADA,1,"2022/10/20 23:25:00",PIONEER,27.60
D,DISPATCH,UNIT_SCADA,1,"2022/10/20 23:25:00",PORTWF,40.700001
D,DISPATCH,UNIT_SCADA,1,"2022/10/20 23:25:00",REPULSE,9.372091
D,DISPATCH,UNIT_SCADA,1,"2022/10/20 23:25:00",ROWALLAN,8.7827
D,DISPATCH,UNIT_SCADA,1,"2022/10/20 23:25:00",ROYALLA1,0
D,DISPATCH,UNIT_SCADA,1,"2022/10/20 23:25:00",RPCG,-0.50
D,DISPATCH,UNIT_SCADA,1,"2022/10/20 23:25:00",RUBICON,0
D,DISPATCH,UNIT_SCADA,1,"2022/10/20 23:25:00",WAUBRAWF,28.865999
D,DISPATCH,UNIT_SCADA,1,"2022/10/20 23:25:00",WOOLNTH1,81
D,DISPATCH,UNIT_SCADA,1,"2022/10/20 23:25:00",YAMBUKWF,4.80
D,DISPATCH,UNIT_SCADA,1,"2022/10/20 23:25:00",YSWF1,0
D,DISPATCH,UNIT_SCADA,1,"2022/10/20 23:25:00",ADPBA1G,0.0080
D,DISPATCH,UNIT_SCADA,1,"2022/10/20 23:25:00",ADPBA1L,0
D,DISPATCH,UNIT_SCADA,1,"2022/10/20 23:25:00",ADPPV1,0
D,DISPATCH,UNIT_SCADA,1,"2022/10/20 23:25:00",AGLHAL,0
D,DISPATCH,UNIT_SCADA,1,"2022/10/20 23:25:00",AGLSOM,0
D,DISPATCH,UNIT_SCADA,1,"2022/10/20 23:25:00",ANGAST1,0
D,DISPATCH,UNIT_SCADA,1,"2022/10/20 23:25:00",ARWF1,16.70
D,DISPATCH,UNIT_SCADA,1,"2022/10/20 23:25:00",BALBG1,0
D,DISPATCH,UNIT_SCADA,1,"2022/10/20 23:25:00",BALBL1,0
D,DISPATCH,UNIT_SCADA,1,"2022/10/20 23:25:00",BALDHWF1,105.2450
D,DISPATCH,UNIT_SCADA,1,"2022/10/20 23:25:00",BANGOWF1,64.397960
D,DISPATCH,UNIT_SCADA,1,"2022/10/20 23:25:00",BANGOWF2,62.699090
D,DISPATCH,UNIT_SCADA,1,"2022/10/20 23:25:00",BANN1,0
D,DISPATCH,UNIT_SCADA,1,"2022/10/20 23:25:00",BARCALDN,0
D,DISPATCH,UNIT_SCADA,1,"2022/10/20 23:25:00",BARKIPS1,0
D,DISPATCH,UNIT_SCADA,1,"2022/10/20 23:25:00",BARRON-1,0
D,DISPATCH,UNIT_SCADA,1,"2022/10/20 23:25:00",BARRON-2,0
D,DISPATCH,UNIT_SCADA,1,"2022/10/20 23:25:00",BASTYAN,0
D,DISPATCH,UNIT_SCADA,1,"2022/10/20 23:25:00",BBTHREE1,0
D,DISPATCH,UNIT_SCADA,1,"2022/10/20 23:25:00",BBTHREE2,0
D,DISPATCH,UNIT_SCADA,1,"2022/10/20 23:25:00",BBTHREE3,-1.08
D,DISPATCH,UNIT_SCADA,1,"2022/10/20 23:25:00",BDL01,0
D,DISPATCH,UNIT_SCADA,1,"2022/10/20 23:25:00",BDL02,0
D,DISPATCH,UNIT_SCADA,1,"2022/10/20 23:25:00",BERYLSF1,0
D,DISPATCH,UNIT_SCADA,1,"2022/10/20 23:25:00",BLOWERNG,62.60
D,DISPATCH,UNIT_SCADA,1,"2022/10/20 23:25:00",BLUEGSF1,0
D,DISPATCH,UNIT_SCADA,1,"2022/10/20 23:25:00",BLUFF1,0.60
D,DISPATCH,UNIT_SCADA,1,"2022/10/20 23:25:00",BNGSF1,0
D,DISPATCH,UNIT_SCADA,1,"2022/10/20 23:25:00",BNGSF2,0
D,DISPATCH,UNIT_SCADA,1,"2022/10/20 23:25:00",BOCORWF1,1.26
D,DISPATCH,UNIT_SCADA,1,"2022/10/20 23:25:00",BODWF1,103.470570
D,DISPATCH,UNIT_SCADA,1,"2022/10/20 23:25:00",BOMENSF1,0
D,DISPATCH,UNIT_SCADA,1,"2022/10/20 23:25:00",BOWWBA1G,0
D,DISPATCH,UNIT_SCADA,1,"2022/10/20 23:25:00",BOWWBA1L,0.0010
D,DISPATCH,UNIT_SCADA,1,"2022/10/20 23:25:00",BOWWPV1,0
D,DISPATCH,UNIT_SCADA,1,"2022/10/20 23:25:00",BRAEMAR1,0
D,DISPATCH,UNIT_SCADA,1,"2022/10/20 23:25:00",BRAEMAR2,0
D,DISPATCH,UNIT_SCADA,1,"2022/10/20 23:25:00",BRAEMAR3,0
D,DISPATCH,UNIT_SCADA,1,"2022/10/20 23:25:00",BRAEMAR5,0.201420
D,DISPATCH,UNIT_SCADA,1,"2022/10/20 23:25:00",BRAEMAR6,0
D,DISPATCH,UNIT_SCADA,1,"2022/10/20 23:25:00",BRAEMAR7,0.060430
D,DISPATCH,UNIT_SCADA,1,"2022/10/20 23:25:00",BROKENH1,0
D,DISPATCH,UNIT_SCADA,1,"2022/10/20 23:25:00",BRYB1WF1,84.568550
D,DISPATCH,UNIT_SCADA,1,"2022/10/20 23:25:00",BULBESG1,0
D,DISPATCH,UNIT_SCADA,1,"2022/10/20 23:25:00",BULBESL1,0.03
D,DISPATCH,UNIT_SCADA,1,"2022/10/20 23:25:00",BULGANA1,25.31
D,DISPATCH,UNIT_SCADA,1,"2022/10/20 23:25:00",BW01,658.469540
D,DISPATCH,UNIT_SCADA,1,"2022/10/20 23:25:00",BW02,639.768070
D,DISPATCH,UNIT_SCADA,1,"2022/10/20 23:25:00",BW03,569.869510
D,DISPATCH,UNIT_SCADA,1,"2022/10/20 23:25:00",BW04,0
D,DISPATCH,UNIT_SCADA,1,"2022/10/20 23:25:00",CALL_B_1,320.399990
D,DISPATCH,UNIT_SCADA,1,"2022/10/20 23:25:00",CALL_B_2,322.600010
D,DISPATCH,UNIT_SCADA,1,"2022/10/20 23:25:00",CATHROCK,2.40
D,DISPATCH,UNIT_SCADA,1,"2022/10/20 23:25:00",CBWWBA1G,0
D,DISPATCH,UNIT_SCADA,1,"2022/10/20 23:25:00",CBWWBA1L,0
D,DISPATCH,UNIT_SCADA,1,"2022/10/20 23:25:00",CETHANA,88.664380
D,DISPATCH,UNIT_SCADA,1,"2022/10/20 23:25:00",CG1,0
D,DISPATCH,UNIT_SCADA,1,"2022/10/20 23:25:00",CG2,0
D,DISPATCH,UNIT_SCADA,1,"2022/10/20 23:25:00",CG3,0
D,DISPATCH,UNIT_SCADA,1,"2022/10/20 23:25:00",CG4,0
D,DISPATCH,UNIT_SCADA,1,"2022/10/20 23:25:00",CHILDSF1,0
D,DISPATCH,UNIT_SCADA,1,"2022/10/20 23:25:00",CHYTWF1,0
D,DISPATCH,UNIT_SCADA,1,"2022/10/20 23:25:00",CLARESF1,0
D,DISPATCH,UNIT_SCADA,1,"2022/10/20 23:25:00",CLEMGPWF,0
D,DISPATCH,UNIT_SCADA,1,"2022/10/20 23:25:00",CLERMSF1,0
D,DISPATCH,UNIT_SCADA,1,"2022/10/20 23:25:00",CNUNDAWF,12.314370
D,DISPATCH,UNIT_SCADA,1,"2022/10/20 23:25:00",COHUNSF1,0
D,DISPATCH,UNIT_SCADA,1,"2022/10/20 23:25:00",COLEASF1,0
D,DISPATCH,UNIT_SCADA,1,"2022/10/20 23:25:00",COLUMSF1,0
D,DISPATCH,UNIT_SCADA,1,"2022/10/20 23:25:00",COLWF01,107.066450
D,DISPATCH,UNIT_SCADA,1,"2022/10/20 23:25:00",COOPGWF1,302.28
D,DISPATCH,UNIT_SCADA,1,"2022/10/20 23:25:00",CPP_3,390.225010
D,DISPATCH,UNIT_SCADA,1,"2022/10/20 23:25:00",CPP_4,0
D,DISPATCH,UNIT_SCADA,1,"2022/10/20 23:25:00",CPSA,0
D,DISPATCH,UNIT_SCADA,1,"2022/10/20 23:25:00",CROOKWF2,49.863430
D,DISPATCH,UNIT_SCADA,1,"2022/10/20 23:25:00",CROWLWF1,25.712640
D,DISPATCH,UNIT_SCADA,1,"2022/10/20 23:25:00",CRURWF1,90.995880
D,DISPATCH,UNIT_SCADA,1,"2022/10/20 23:25:00",CRWASF1,0
D,DISPATCH,UNIT_SCADA,1,"2022/10/20 23:25:00",CSPVPS1,0
D,DISPATCH,UNIT_SCADA,1,"2022/10/20 23:25:00",CTHLWF1,0.003050
D,DISPATCH,UNIT_SCADA,1,"2022/10/20 23:25:00",DALNTH01,0
D,DISPATCH,UNIT_SCADA,1,"2022/10/20 23:25:00",DALNTHL1,0.044250
D,DISPATCH,UNIT_SCADA,1,"2022/10/20 23:25:00",DARLSF1,0
D,DISPATCH,UNIT_SCADA,1,"2022/10/20 23:25:00",DARTM1,0
D,DISPATCH,UNIT_SCADA,1,"2022/10/20 23:25:00",DAYDSF1,0
D,DISPATCH,UNIT_SCADA,1,"2022/10/20 23:25:00",DDPS1,0
D,DISPATCH,UNIT_SCADA,1,"2022/10/20 23:25:00",DDSF1,0
D,DISPATCH,UNIT_SCADA,1,"2022/10/20 23:25:00",DEVILS_G,56.095460
D,DISPATCH,UNIT_SCADA,1,"2022/10/20 23:25:00",DG_NSW1,0
D,DISPATCH,UNIT_SCADA,1,"2022/10/20 23:25:00",DG_QLD1,0
D,DISPATCH,UNIT_SCADA,1,"2022/10/20 23:25:00",DG_SA1,0
D,DISPATCH,UNIT_SCADA,1,"2022/10/20 23:25:00",DG_TAS1,0
D,DISPATCH,UNIT_SCADA,1,"2022/10/20 23:25:00",DG_VIC1,0
D,DISPATCH,UNIT_SCADA,1,"2022/10/20 23:25:00",DRYCGT1,0
D,DISPATCH,UNIT_SCADA,1,"2022/10/20 23:25:00",DRYCGT2,0
D,DISPATCH,UNIT_SCADA,1,"2022/10/20 23:25:00",DRYCGT3,0
D,DISPATCH,UNIT_SCADA,1,"2022/10/20 23:25:00",DUNDWF1,116.63
D,DISPATCH,UNIT_SCADA,1,"2022/10/20 23:25:00",DUNDWF2,37.50
D,DISPATCH,UNIT_SCADA,1,"2022/10/20 23:25:00",DUNDWF3,93.48
D,DISPATCH,UNIT_SCADA,1,"2022/10/20 23:25:00",EILDON1,60.28
D,DISPATCH,UNIT_SCADA,1,"2022/10/20 23:25:00",EILDON2,60.04
D,DISPATCH,UNIT_SCADA,1,"2022/10/20 23:25:00",ELAINWF1,4.62
D,DISPATCH,UNIT_SCADA,1,"2022/10/20 23:25:00",EMERASF1,0
D,DISPATCH,UNIT_SCADA,1,"2022/10/20 23:25:00",ER01,0
D,DISPATCH,UNIT_SCADA,1,"2022/10/20 23:25:00",ER02,604.586850
D,DISPATCH,UNIT_SCADA,1,"2022/10/20 23:25:00",ER03,603.244080
D,DISPATCH,UNIT_SCADA,1,"2022/10/20 23:25:00",ER04,604.074160
D,DISPATCH,UNIT_SCADA,1,"2022/10/20 23:25:00",FINLYSF1,0
D,DISPATCH,UNIT_SCADA,1,"2022/10/20 23:25:00",FISHER,43.94
D,DISPATCH,UNIT_SCADA,1,"2022/10/20 23:25:00",GANGARR1,0
D,DISPATCH,UNIT_SCADA,1,"2022/10/20 23:25:00",GANNBG1,0
D,DISPATCH,UNIT_SCADA,1,"2022/10/20 23:25:00",GANNBL1,0.024580
D,DISPATCH,UNIT_SCADA,1,"2022/10/20 23:25:00",GANNSF1,0
D,DISPATCH,UNIT_SCADA,1,"2022/10/20 23:25:00",GLRWNSF1,0
D,DISPATCH,UNIT_SCADA,1,"2022/10/20 23:25:00",GNNDHSF1,0
D,DISPATCH,UNIT_SCADA,1,"2022/10/20 23:25:00",GOONSF1,0
D,DISPATCH,UNIT_SCADA,1,"2022/10/20 23:25:00",GORDON,222.557740
D,DISPATCH,UNIT_SCADA,1,"2022/10/20 23:25:00",GRANWF1,0
D,DISPATCH,UNIT_SCADA,1,"2022/10/20 23:25:00",GSTONE1,203
D,DISPATCH,UNIT_SCADA,1,"2022/10/20 23:25:00",GSTONE2,0
D,DISPATCH,UNIT_SCADA,1,"2022/10/20 23:25:00",GSTONE3,139.649990
D,DISPATCH,UNIT_SCADA,1,"2022/10/20 23:25:00",GSTONE4,0
D,DISPATCH,UNIT_SCADA,1,"2022/10/20 23:25:00",GSTONE5,204.399990
D,DISPATCH,UNIT_SCADA,1,"2022/10/20 23:25:00",GSTONE6,203
D,DISPATCH,UNIT_SCADA,1,"2022/10/20 23:25:00",GULLRSF1,0
D,DISPATCH,UNIT_SCADA,1,"2022/10/20 23:25:00",GULLRWF1,54.584170
D,DISPATCH,UNIT_SCADA,1,"2022/10/20 23:25:00",GULLRWF2,106.242340
D,DISPATCH,UNIT_SCADA,1,"2022/10/20 23:25:00",GUNNING1,0
D,DISPATCH,UNIT_SCADA,1,"2022/10/20 23:25:00",GUTHEGA,67.70
D,DISPATCH,UNIT_SCADA,1,"2022/10/20 23:25:00",HALLWF1,19.64
D,DISPATCH,UNIT_SCADA,1,"2022/10/20 23:25:00",HALLWF2,15.52
D,DISPATCH,UNIT_SCADA,1,"2022/10/20 23:25:00",HAMISF1,0
D,DISPATCH,UNIT_SCADA,1,"2022/10/20 23:25:00",HAUGHT11,0
D,DISPATCH,UNIT_SCADA,1,"2022/10/20 23:25:00",HAYMSF1,0
D,DISPATCH,UNIT_SCADA,1,"2022/10/20 23:25:00",HDWF1,33.70
D,DISPATCH,UNIT_SCADA,1,"2022/10/20 23:25:00",HDWF2,9.70
D,DISPATCH,UNIT_SCADA,1,"2022/10/20 23:25:00",HDWF3,18.10
D,DISPATCH,UNIT_SCADA,1,"2022/10/20 23:25:00",HILLSTN1,0
D,DISPATCH,UNIT_SCADA,1,"2022/10/20 23:25:00",HPRG1,1.70
D,DISPATCH,UNIT_SCADA,1,"2022/10/20 23:25:00",HPRL1,0
D,DISPATCH,UNIT_SCADA,1,"2022/10/20 23:25:00",HUMENSW,53.847680
D,DISPATCH,UNIT_SCADA,1,"2022/10/20 23:25:00",HUMEV,0
D,DISPATCH,UNIT_SCADA,1,"2022/10/20 23:25:00",HVWWBA1G,0
D,DISPATCH,UNIT_SCADA,1,"2022/10/20 23:25:00",HVWWBA1L,0.0060
D,DISPATCH,UNIT_SCADA,1,"2022/10/20 23:25:00",HVWWPV1,0
D,DISPATCH,UNIT_SCADA,1,"2022/10/20 23:25:00",JBUTTERS,0
D,DISPATCH,UNIT_SCADA,1,"2022/10/20 23:25:00",JEMALNG1,0
D,DISPATCH,UNIT_SCADA,1,"2022/10/20 23:25:00",JLA01,0
D,DISPATCH,UNIT_SCADA,1,"2022/10/20 23:25:00",JLA02,0
D,DISPATCH,UNIT_SCADA,1,"2022/10/20 23:25:00",JLA03,0
D,DISPATCH,UNIT_SCADA,1,"2022/10/20 23:25:00",JLA04,0
D,DISPATCH,UNIT_SCADA,1,"2022/10/20 23:25:00",JLB01,0
D,DISPATCH,UNIT_SCADA,1,"2022/10/20 23:25:00",JLB02,0.10
D,DISPATCH,UNIT_SCADA,1,"2022/10/20 23:25:00",JLB03,0
D,DISPATCH,UNIT_SCADA,1,"2022/10/20 23:25:00",JUNEESF1,0
D,DISPATCH,UNIT_SCADA,1,"2022/10/20 23:25:00",KABANWF1,0
D,DISPATCH,UNIT_SCADA,1,"2022/10/20 23:25:00",KAREEYA1,0
D,DISPATCH,UNIT_SCADA,1,"2022/10/20 23:25:00",KAREEYA2,0
D,DISPATCH,UNIT_SCADA,1,"2022/10/20 23:25:00",KAREEYA3,4.9425
D,DISPATCH,UNIT_SCADA,1,"2022/10/20 23:25:00",KAREEYA4,0
D,DISPATCH,UNIT_SCADA,1,"2022/10/20 23:25:00",KARSF1,0
D,DISPATCH,UNIT_SCADA,1,"2022/10/20 23:25:00",KEPSF1,0
D,DISPATCH,UNIT_SCADA,1,"2022/10/20 23:25:00",KEPWF1,1.62
D,DISPATCH,UNIT_SCADA,1,"2022/10/20 23:25:00",KIAMSF1,0
D,DISPATCH,UNIT_SCADA,1,"2022/10/20 23:25:00",KIATAWF1,12.90
D,DISPATCH,UNIT_SCADA,1,"2022/10/20 23:25:00",KPP_1,0
D,DISPATCH,UNIT_SCADA,1,"2022/10/20 23:25:00",KSP1,0
D,DISPATCH,UNIT_SCADA,1,"2022/10/20 23:25:00",LADBROK1,0.02
D,DISPATCH,UNIT_SCADA,1,"2022/10/20 23:25:00",LADBROK2,0.02
D,DISPATCH,UNIT_SCADA,1,"2022/10/20 23:25:00",LBBG1,5.25
D,DISPATCH,UNIT_SCADA,1,"2022/10/20 23:25:00",LBBL1,0
D,DISPATCH,UNIT_SCADA,1,"2022/10/20 23:25:00",LD01,319.290740
D,DISPATCH,UNIT_SCADA,1,"2022/10/20 23:25:00",LD02,0
D,DISPATCH,UNIT_SCADA,1,"2022/10/20 23:25:00",LD04,300.741610
D,DISPATCH,UNIT_SCADA,1,"2022/10/20 23:25:00",LEM_WIL,86.870820
D,DISPATCH,UNIT_SCADA,1,"2022/10/20 23:25:00",LGAPWF1,95.22
D,DISPATCH,UNIT_SCADA,1,"2022/10/20 23:25:00",LGAPWF2,69.77
D,DISPATCH,UNIT_SCADA,1,"2022/10/20 23:25:00",LILYSF1,0
D,DISPATCH,UNIT_SCADA,1,"2022/10/20 23:25:00",LIMOSF11,0
D,DISPATCH,UNIT_SCADA,1,"2022/10/20 23:25:00",LIMOSF21,0
D,DISPATCH,UNIT_SCADA,1,"2022/10/20 23:25:00",LI_WY_CA,56.056440
D,DISPATCH,UNIT_SCADA,1,"2022/10/20 23:25:00",LKBONNY1,16.522250
D,DISPATCH,UNIT_SCADA,1,"2022/10/20 23:25:00",LKBONNY2,44.804890
D,DISPATCH,UNIT_SCADA,1,"2022/10/20 23:25:00",LKBONNY3,13.062370
D,DISPATCH,UNIT_SCADA,1,"2022/10/20 23:25:00",LK_ECHO,0
D,DISPATCH,UNIT_SCADA,1,"2022/10/20 23:25:00",LNGS1,0
D,DISPATCH,UNIT_SCADA,1,"2022/10/20 23:25:00",LNGS2,0
D,DISPATCH,UNIT_SCADA,1,"2022/10/20 23:25:00",LONSDALE,0
D,DISPATCH,UNIT_SCADA,1,"2022/10/20 23:25:00",LOYYB1,580.074710
D,DISPATCH,UNIT_SCADA,1,"2022/10/20 23:25:00",LOYYB2,576.691160
D,DISPATCH,UNIT_SCADA,1,"2022/10/20 23:25:00",LYA1,561
D,DISPATCH,UNIT_SCADA,1,"2022/10/20 23:25:00",LYA2,0
D,DISPATCH,UNIT_SCADA,1,"2022/10/20 23:25:00",LYA3,561
D,DISPATCH,UNIT_SCADA,1,"2022/10/20 23:25:00",LYA4,562
D,DISPATCH,UNIT_SCADA,1,"2022/10/20 23:25:00",MACARTH1,48.198890
D,DISPATCH,UNIT_SCADA,1,"2022/10/20 23:25:00",MACKNTSH,0
D,DISPATCH,UNIT_SCADA,1,"2022/10/20 23:25:00",MANSLR1,0
D,DISPATCH,UNIT_SCADA,1,"2022/10/20 23:25:00",MAPS2PV1,0
D,DISPATCH,UNIT_SCADA,1,"2022/10/20 23:25:00",MAPS3PV1,0
D,DISPATCH,UNIT_SCADA,1,"2022/10/20 23:25:00",MARYRSF1,0
D,DISPATCH,UNIT_SCADA,1,"2022/10/20 23:25:00",MBPS2PV1,0
D,DISPATCH,UNIT_SCADA,1,"2022/10/20 23:25:00",MCKAY1,224.81
D,DISPATCH,UNIT_SCADA,1,"2022/10/20 23:25:00",MEADOWBK,6.0018
D,DISPATCH,UNIT_SCADA,1,"2022/10/20 23:25:00",MERCER01,19.70
D,DISPATCH,UNIT_SCADA,1,"2022/10/20 23:25:00",METZSF1,0
D,DISPATCH,UNIT_SCADA,1,"2022/10/20 23:25:00",MEWF1,11.419650
D,DISPATCH,UNIT_SCADA,1,"2022/10/20 23:25:00",MIDDLSF1,0
D,DISPATCH,UNIT_SCADA,1,"2022/10/20 23:25:00",MINTARO,0.128180
D,DISPATCH,UNIT_SCADA,1,"2022/10/20 23:25:00",MOLNGSF1,0
D,DISPATCH,UNIT_SCADA,1,"2022/10/20 23:25:00",MOORAWF1,8.67
D,DISPATCH,UNIT_SCADA,1,"2022/10/20 23:25:00",MOREESF1,0
D,DISPATCH,UNIT_SCADA,1,"2022/10/20 23:25:00",MORTLK11,0
D,DISPATCH,UNIT_SCADA,1,"2022/10/20 23:25:00",MORTLK12,0
D,DISPATCH,UNIT_SCADA,1,"2022/10/20 23:25:00",MOUSF1,0
D,DISPATCH,UNIT_SCADA,1,"2022/10/20 23:25:00",MP1,0
D,DISPATCH,UNIT_SCADA,1,"2022/10/20 23:25:00",MP2,350.9697
D,DISPATCH,UNIT_SCADA,1,"2022/10/20 23:25:00",MPP_1,190.375030
D,DISPATCH,UNIT_SCADA,1,"2022/10/20 23:25:00",MPP_2,190.130890
D,DISPATCH,UNIT_SCADA,1,"2022/10/20 23:25:00",MRTLSWF1,0
D,DISPATCH,UNIT_SCADA,1,"2022/10/20 23:25:00",MSTUART1,0
D,DISPATCH,UNIT_SCADA,1,"2022/10/20 23:25:00",MSTUART2,0
D,DISPATCH,UNIT_SCADA,1,"2022/10/20 23:25:00",MSTUART3,0
D,DISPATCH,UNIT_SCADA,1,"2022/10/20 23:25:00",MTGELWF1,63.873710
D,DISPATCH,UNIT_SCADA,1,"2022/10/20 23:25:00",MTMILLAR,16.80
D,DISPATCH,UNIT_SCADA,1,"2022/10/20 23:25:00",MURRAY,56.10
D,DISPATCH,UNIT_SCADA,1,"2022/10/20 23:25:00",MUSSELR1,18.90
D,DISPATCH,UNIT_SCADA,1,"2022/10/20 23:25:00",MUWAWF1,68.50
D,DISPATCH,UNIT_SCADA,1,"2022/10/20 23:25:00",MUWAWF2,77.50
D,DISPATCH,UNIT_SCADA,1,"2022/10/20 23:25:00",MWPS1PV1,0
D,DISPATCH,UNIT_SCADA,1,"2022/10/20 23:25:00",MWPS2PV1,0
D,DISPATCH,UNIT_SCADA,1,"2022/10/20 23:25:00",MWPS3PV1,0
D,DISPATCH,UNIT_SCADA,1,"2022/10/20 23:25:00",MWPS4PV1,0
D,DISPATCH,UNIT_SCADA,1,"2022/10/20 23:25:00",NBHWF1,12.10
D,DISPATCH,UNIT_SCADA,1,"2022/10/20 23:25:00",NEVERSF1,0
D,DISPATCH,UNIT_SCADA,1,"2022/10/20 23:25:00",NPS,0
D,DISPATCH,UNIT_SCADA,1,"2022/10/20 23:25:00",NUMURSF1,0
D,DISPATCH,UNIT_SCADA,1,"2022/10/20 23:25:00",NYNGAN1,0
D,DISPATCH,UNIT_SCADA,1,"2022/10/20 23:25:00",OAKEY1,0
D,DISPATCH,UNIT_SCADA,1,"2022/10/20 23:25:00",OAKEY1SF,0
D,DISPATCH,UNIT_SCADA,1,"2022/10/20 23:25:00",OAKEY2,0
D,DISPATCH,UNIT_SCADA,1,"2022/10/20 23:25:00",OAKEY2SF,0
D,DISPATCH,UNIT_SCADA,1,"2022/10/20 23:25:00",OAKLAND1,7.70
D,DISPATCH,UNIT_SCADA,1,"2022/10/20 23:25:00",OSB-AG,181.099990
D,DISPATCH,UNIT_SCADA,1,"2022/10/20 23:25:00",PAREPS1,0
D,DISPATCH,UNIT_SCADA,1,"2022/10/20 23:25:00",PAREPW1,44.96
D,DISPATCH,UNIT_SCADA,1,"2022/10/20 23:25:00",PARSF1,0.001530
D,DISPATCH,UNIT_SCADA,1,"2022/10/20 23:25:00",POAT110,3.21
D,DISPATCH,UNIT_SCADA,1,"2022/10/20 23:25:00",POAT220,0
D,DISPATCH,UNIT_SCADA,1,"2022/10/20 23:25:00",POR01,0
D,DISPATCH,UNIT_SCADA,1,"2022/10/20 23:25:00",POR03,0
D,DISPATCH,UNIT_SCADA,1,"2022/10/20 23:25:00",PPCCGT,166.169980
D,DISPATCH,UNIT_SCADA,1,"2022/10/20 23:25:00",PTSTAN1,0
D,DISPATCH,UNIT_SCADA,1,"2022/10/20 23:25:00",PUMP1,0
D,DISPATCH,UNIT_SCADA,1,"2022/10/20 23:25:00",PUMP2,0
D,DISPATCH,UNIT_SCADA,1,"2022/10/20 23:25:00",QBYNBG1,0.0005
D,DISPATCH,UNIT_SCADA,1,"2022/10/20 23:25:00",QBYNBL1,0
D,DISPATCH,UNIT_SCADA,1,"2022/10/20 23:25:00",QPS1,0
D,DISPATCH,UNIT_SCADA,1,"2022/10/20 23:25:00",QPS2,0
D,DISPATCH,UNIT_SCADA,1,"2022/10/20 23:25:00",QPS3,0
D,DISPATCH,UNIT_SCADA,1,"2022/10/20 23:25:00",QPS4,0
D,DISPATCH,UNIT_SCADA,1,"2022/10/20 23:25:00",QPS5,0
D,DISPATCH,UNIT_SCADA,1,"2022/10/20 23:25:00",REECE1,0
D,DISPATCH,UNIT_SCADA,1,"2022/10/20 23:25:00",REECE2,0
D,DISPATCH,UNIT_SCADA,1,"2022/10/20 23:25:00",ROMA_7,0
D,DISPATCH,UNIT_SCADA,1,"2022/10/20 23:25:00",ROMA_8,0
D,DISPATCH,UNIT_SCADA,1,"2022/10/20 23:25:00",RRSF1,0
D,DISPATCH,UNIT_SCADA,1,"2022/10/20 23:25:00",RT_NSW1,0
D,DISPATCH,UNIT_SCADA,1,"2022/10/20 23:25:00",RT_NSW2,0
D,DISPATCH,UNIT_SCADA,1,"2022/10/20 23:25:00",RT_NSW3,0
D,DISPATCH,UNIT_SCADA,1,"2022/10/20 23:25:00",RT_NSW4,0
D,DISPATCH,UNIT_SCADA,1,"2022/10/20 23:25:00",RT_NSW5,0
D,DISPATCH,UNIT_SCADA,1,"2022/10/20 23:25:00",RT_NSW6,0
D,DISPATCH,UNIT_SCADA,1,"2022/10/20 23:25:00",RT_QLD1,0
D,DISPATCH,UNIT_SCADA,1,"2022/10/20 23:25:00",RT_SA1,0
D,DISPATCH,UNIT_SCADA,1,"2022/10/20 23:25:00",RT_SA2,0
D,DISPATCH,UNIT_SCADA,1,"2022/10/20 23:25:00",RT_SA3,0
D,DISPATCH,UNIT_SCADA,1,"2022/10/20 23:25:00",RT_SA4,0
D,DISPATCH,UNIT_SCADA,1,"2022/10/20 23:25:00",RT_SA5,0
D,DISPATCH,UNIT_SCADA,1,"2022/10/20 23:25:00",RT_SA6,0
D,DISPATCH,UNIT_SCADA,1,"2022/10/20 23:25:00",RT_TAS1,0
D,DISPATCH,UNIT_SCADA,1,"2022/10/20 23:25:00",RT_VIC1,0
D,DISPATCH,UNIT_SCADA,1,"2022/10/20 23:25:00",RT_VIC10,0
D,DISPATCH,UNIT_SCADA,1,"2022/10/20 23:25:00",RT_VIC11,0
D,DISPATCH,UNIT_SCADA,1,"2022/10/20 23:25:00",RT_VIC12,0
D,DISPATCH,UNIT_SCADA,1,"2022/10/20 23:25:00",RT_VIC2,0
D,DISPATCH,UNIT_SCADA,1,"2022/10/20 23:25:00",RT_VIC3,0
D,DISPATCH,UNIT_SCADA,1,"2022/10/20 23:25:00",RT_VIC4,0
D,DISPATCH,UNIT_SCADA,1,"2022/10/20 23:25:00",RT_VIC5,0
D,DISPATCH,UNIT_SCADA,1,"2022/10/20 23:25:00",RT_VIC6,0
D,DISPATCH,UNIT_SCADA,1,"2022/10/20 23:25:00",RT_VIC7,0
D,DISPATCH,UNIT_SCADA,1,"2022/10/20 23:25:00",RT_VIC8,0
D,DISPATCH,UNIT_SCADA,1,"2022/10/20 23:25:00",RT_VIC9,0
D,DISPATCH,UNIT_SCADA,1,"2022/10/20 23:25:00",RUGBYR1,0
D,DISPATCH,UNIT_SCADA,1,"2022/10/20 23:25:00",SALTCRK1,29.58
D,DISPATCH,UNIT_SCADA,1,"2022/10/20 23:25:00",SAPHWF1,234.630360
D,DISPATCH,UNIT_SCADA,1,"2022/10/20 23:25:00",SEBSF1,0
D,DISPATCH,UNIT_SCADA,1,"2022/10/20 23:25:00",SHGEN,0
D,DISPATCH,UNIT_SCADA,1,"2022/10/20 23:25:00",SHPUMP,0
D,DISPATCH,UNIT_SCADA,1,"2022/10/20 23:25:00",SITHE01,0.153860
D,DISPATCH,UNIT_SCADA,1,"2022/10/20 23:25:00",SMCSF1,0
D,DISPATCH,UNIT_SCADA,1,"2022/10/20 23:25:00",SNAPPER1,0
D,DISPATCH,UNIT_SCADA,1,"2022/10/20 23:25:00",SNOWNTH1,52.60
D,DISPATCH,UNIT_SCADA,1,"2022/10/20 23:25:00",SNOWSTH1,26.30
D,DISPATCH,UNIT_SCADA,1,"2022/10/20 23:25:00",SNOWTWN1,41.390180
D,DISPATCH,UNIT_SCADA,1,"2022/10/20 23:25:00",SNOWYP,0
D,DISPATCH,UNIT_SCADA,1,"2022/10/20 23:25:00",SNUG1,0
D,DISPATCH,UNIT_SCADA,1,"2022/10/20 23:25:00",SRSF1,0
D,DISPATCH,UNIT_SCADA,1,"2022/10/20 23:25:00",STAN-1,279.786930
D,DISPATCH,UNIT_SCADA,1,"2022/10/20 23:25:00",STAN-2,358.962490
D,DISPATCH,UNIT_SCADA,1,"2022/10/20 23:25:00",STAN-3,363.769170
D,DISPATCH,UNIT_SCADA,1,"2022/10/20 23:25:00",STAN-4,363.7179
D,DISPATCH,UNIT_SCADA,1,"2022/10/20 23:25:00",STARHLWF,19.294370
D,DISPATCH,UNIT_SCADA,1,"2022/10/20 23:25:00",STOCKYD1,118.60
D,DISPATCH,UNIT_SCADA,1,"2022/10/20 23:25:00",STWF1,22.395970
D,DISPATCH,UNIT_SCADA,1,"2022/10/20 23:25:00",SUNRSF1,0
D,DISPATCH,UNIT_SCADA,1,"2022/10/20 23:25:00",SUNTPSF1,0
D,DISPATCH,UNIT_SCADA,1,"2022/10/20 23:25:00",SWAN_E,222.520630
D,DISPATCH,UNIT_SCADA,1,"2022/10/20 23:25:00",TALWA1,0
D,DISPATCH,UNIT_SCADA,1,"2022/10/20 23:25:00",TARALGA1,0
D,DISPATCH,UNIT_SCADA,1,"2022/10/20 23:25:00",TARONG#1,348.899990
D,DISPATCH,UNIT_SCADA,1,"2022/10/20 23:25:00",TARONG#2,349.100010
D,DISPATCH,UNIT_SCADA,1,"2022/10/20 23:25:00",TARONG#3,0.90
D,DISPATCH,UNIT_SCADA,1,"2022/10/20 23:25:00",TARONG#4,227.600010
D,DISPATCH,UNIT_SCADA,1,"2022/10/20 23:25:00",TARRALEA,54
D,DISPATCH,UNIT_SCADA,1,"2022/10/20 23:25:00",TBSF1,0
D,DISPATCH,UNIT_SCADA,1,"2022/10/20 23:25:00",TNPS1,348.25
D,DISPATCH,UNIT_SCADA,1,"2022/10/20 23:25:00",TORRB1,0
D,DISPATCH,UNIT_SCADA,1,"2022/10/20 23:25:00",TORRB2,65
D,DISPATCH,UNIT_SCADA,1,"2022/10/20 23:25:00",TORRB3,0
D,DISPATCH,UNIT_SCADA,1,"2022/10/20 23:25:00",TORRB4,0
D,DISPATCH,UNIT_SCADA,1,"2022/10/20 23:25:00",TREVALLN,97.946440
D,DISPATCH,UNIT_SCADA,1,"2022/10/20 23:25:00",TRIBUTE,0
D,DISPATCH,UNIT_SCADA,1,"2022/10/20 23:25:00",TUMUT3,248.399990
D,DISPATCH,UNIT_SCADA,1,"2022/10/20 23:25:00",TUNGATIN,5.980010
D,DISPATCH,UNIT_SCADA,1,"2022/10/20 23:25:00",TVCC201,0
D,DISPATCH,UNIT_SCADA,1,"2022/10/20 23:25:00",TVPP104,0
D,DISPATCH,UNIT_SCADA,1,"2022/10/20 23:25:00",UPPTUMUT,0
D,DISPATCH,UNIT_SCADA,1,"2022/10/20 23:25:00",URANQ11,0
D,DISPATCH,UNIT_SCADA,1,"2022/10/20 23:25:00",URANQ12,0
D,DISPATCH,UNIT_SCADA,1,"2022/10/20 23:25:00",URANQ13,0
D,DISPATCH,UNIT_SCADA,1,"2022/10/20 23:25:00",URANQ14,0
D,DISPATCH,UNIT_SCADA,1,"2022/10/20 23:25:00",VBBG1,37.50
D,DISPATCH,UNIT_SCADA,1,"2022/10/20 23:25:00",VBBL1,0
D,DISPATCH,UNIT_SCADA,1,"2022/10/20 23:25:00",VP5,554.997380
D,DISPATCH,UNIT_SCADA,1,"2022/10/20 23:25:00",VP6,597.820980
D,DISPATCH,UNIT_SCADA,1,"2022/10/20 23:25:00",VPGS1,0
D,DISPATCH,UNIT_SCADA,1,"2022/10/20 23:25:00",VPGS2,0
D,DISPATCH,UNIT_SCADA,1,"2022/10/20 23:25:00",VPGS3,0
D,DISPATCH,UNIT_SCADA,1,"2022/10/20 23:25:00",VPGS4,0
D,DISPATCH,UNIT_SCADA,1,"2022/10/20 23:25:00",VPGS5,0
D,DISPATCH,UNIT_SCADA,1,"2022/10/20 23:25:00",VPGS6,0
D,DISPATCH,UNIT_SCADA,1,"2022/10/20 23:25:00",W/HOE#1,0
D,DISPATCH,UNIT_SCADA,1,"2022/10/20 23:25:00",W/HOE#2,0
D,DISPATCH,UNIT_SCADA,1,"2022/10/20 23:25:00",WAGGNSF1,0
D,DISPATCH,UNIT_SCADA,1,"2022/10/20 23:25:00",WALGRVG1,0.000930
D,DISPATCH,UNIT_SCADA,1,"2022/10/20 23:25:00",WALGRVL1,0
D,DISPATCH,UNIT_SCADA,1,"2022/10/20 23:25:00",WANDBG1,0
D,DISPATCH,UNIT_SCADA,1,"2022/10/20 23:25:00",WANDBL1,0
D,DISPATCH,UNIT_SCADA,1,"2022/10/20 23:25:00",WARWSF1,0
D,DISPATCH,UNIT_SCADA,1,"2022/10/20 23:25:00",WARWSF2,0
D,DISPATCH,UNIT_SCADA,1,"2022/10/20 23:25:00",WATERLWF,19.20
D,DISPATCH,UNIT_SCADA,1,"2022/10/20 23:25:00",WDGPH1,0
D,DISPATCH,UNIT_SCADA,1,"2022/10/20 23:25:00",WELLSF1,0
D,DISPATCH,UNIT_SCADA,1,"2022/10/20 23:25:00",WEMENSF1,0
D,DISPATCH,UNIT_SCADA,1,"2022/10/20 23:25:00",WGWF1,13.90
D,DISPATCH,UNIT_SCADA,1,"2022/10/20 23:25:00",WHITSF1,0
D,DISPATCH,UNIT_SCADA,1,"2022/10/20 23:25:00",WINTSF1,0
D,DISPATCH,UNIT_SCADA,1,"2022/10/20 23:25:00",WKIEWA1,34
D,DISPATCH,UNIT_SCADA,1,"2022/10/20 23:25:00",WKIEWA2,34
D,DISPATCH,UNIT_SCADA,1,"2022/10/20 23:25:00",WOODLWN1,35.275440
D,DISPATCH,UNIT_SCADA,1,"2022/10/20 23:25:00",WOOLGSF1,0
D,DISPATCH,UNIT_SCADA,1,"2022/10/20 23:25:00",WPWF,44.73
D,DISPATCH,UNIT_SCADA,1,"2022/10/20 23:25:00",WRSF1,0
D,DISPATCH,UNIT_SCADA,1,"2022/10/20 23:25:00",WRWF1,122.233920
D,DISPATCH,UNIT_SCADA,1,"2022/10/20 23:25:00",WSTWYSF1,0
D,DISPATCH,UNIT_SCADA,1,"2022/10/20 23:25:00",YABULU,0
D,DISPATCH,UNIT_SCADA,1,"2022/10/20 23:25:00",YABULU2,0
D,DISPATCH,UNIT_SCADA,1,"2022/10/20 23:25:00",YARANSF1,0
D,DISPATCH,UNIT_SCADA,1,"2022/10/20 23:25:00",YARWUN_1,163.64
D,DISPATCH,UNIT_SCADA,1,"2022/10/20 23:25:00",YATSF1,0
D,DISPATCH,UNIT_SCADA,1,"2022/10/20 23:25:00",YENDWF1,14.28
D,DISPATCH,UNIT_SCADA,1,"2022/10/20 23:25:00",YWPS1,281.200010
D,DISPATCH,UNIT_SCADA,1,"2022/10/20 23:25:00",YWPS2,360.650630
D,DISPATCH,UNIT_SCADA,1,"2022/10/20 23:25:00",YWPS3,359.388610
D,DISPATCH,UNIT_SCADA,1,"2022/10/20 23:25:00",YWPS4,0
C,"END OF REPORT",419
