C,NEMP.WORLD,DISPATCHSCADA,AEMO,PUBLIC,2022/10/20,23:55:09,0000000373288961,DISPATCHSCADA,0000000373288955
I,DISPATCH,UNIT_SCADA,1,SETTLEMENTDATE,DUID,SCADAVALUE
D,DISPATCH,UNIT_SCADA,1,"2022/10/21 00:00:00",BARCSF1,0
D,DISPATCH,UNIT_SCADA,1,"2022/10/21 00:00:00",BUTLERSG,8.699999
D,DISPATCH,UNIT_SCADA,1,"2022/10/21 00:00:00",CAPTL_WF,52.231266
D,DISPATCH,UNIT_SCADA,1,"2022/10/21 00:00:00",CHALLHWF,7
D,DISPATCH,UNIT_SCADA,1,"2022/10/21 00:00:00",CLOVER,13.36
D,DISPATCH,UNIT_SCADA,1,"2022/10/21 00:00:00",CLUNY,5.586175
D,DISPATCH,UNIT_SCADA,1,"2022/10/21 00:00:00",CULLRGWF,-0.04
D,DISPATCH,UNIT_SCADA,1,"2022/10/21 00:00:00",DIAPURWF1,6.90
D,DISPATCH,UNIT_SCADA,1,"2022/10/21 00:00:00",ERGT01,0
D,DISPATCH,UNIT_SCADA,1,"2022/10/21 00:00:00",GB01,0
D,DISPATCH,UNIT_SCADA,1,"2022/10/21 00:00:00",GERMCRK,19.10
D,DISPATCH,UNIT_SCADA,1,"2022/10/21 00:00:00",GRIFSF1,0.001526
D,DISPATCH,UNIT_SCADA,1,"2022/10/21 00:00:00",HEZ1,0
D,DISPATCH,UNIT_SCADA,1,"2022/10/21 00:00:00",HUGSF1,-0.12
D,DISPATCH,UNIT_SCADA,1,"2022/10/21 00:00:00",KEPBG1,0
D,DISPATCH,UNIT_SCADA,1,"2022/10/21 00:00:00",LRSF1,-0.0310
D,DISPATCH,UNIT_SCADA,1,"2022/10/21 00:00:00",MBAHNTH,46.818756
D,DISPATCH,UNIT_SCADA,1,"2022/10/21 00:00:00",MLSP1,0
D,DISPATCH,UNIT_SCADA,1,"2022/10/21 00:00:00",MLWF1,6.4050
D,DISPATCH,UNIT_SCADA,1,"2022/10/21 00:00:00",PALOONA,30.559999
D,DISPATCH,UNIT_SCADA,1,"2022/10/21 00:00:00",PIONEER,23.40
D,DISPATCH,UNIT_SCADA,1,"2022/10/21 00:00:00",PORTWF,34.900002
D,DISPATCH,UNIT_SCADA,1,"2022/10/21 00:00:00",REPULSE,9.340352
D,DISPATCH,UNIT_SCADA,1,"2022/10/21 00:00:00",ROWALLAN,8.8679
D,DISPATCH,UNIT_SCADA,1,"2022/10/21 00:00:00",ROYALLA1,0
D,DISPATCH,UNIT_SCADA,1,"2022/10/21 00:00:00",RPCG,-0.50
D,DISPATCH,UNIT_SCADA,1,"2022/10/21 00:00:00",RUBICON,0
D,DISPATCH,UNIT_SCADA,1,"2022/10/21 00:00:00",WAUBRAWF,42.3890
D,DISPATCH,UNIT_SCADA,1,"2022/10/21 00:00:00",WOOLNTH1,81.089996
D,DISPATCH,UNIT_SCADA,1,"2022/10/21 00:00:00",YAMBUKWF,6.20
D,DISPATCH,UNIT_SCADA,1,"2022/10/21 00:00:00",YSWF1,-0.10
D,DISPATCH,UNIT_SCADA,1,"2022/10/21 00:00:00",ADPBA1G,0.0080
D,DISPATCH,UNIT_SCADA,1,"2022/10/21 00:00:00",ADPBA1L,0
D,DISPATCH,UNIT_SCADA,1,"2022/10/21 00:00:00",ADPPV1,0
D,DISPATCH,UNIT_SCADA,1,"2022/10/21 00:00:00",AGLHAL,0
D,DISPATCH,UNIT_SCADA,1,"2022/10/21 00:00:00",AGLSOM,0
D,DISPATCH,UNIT_SCADA,1,"2022/10/21 00:00:00",ANGAST1,0
D,DISPATCH,UNIT_SCADA,1,"2022/10/21 00:00:00",ARWF1,22.10
D,DISPATCH,UNIT_SCADA,1,"2022/10/21 00:00:00",BALBG1,0
D,DISPATCH,UNIT_SCADA,1,"2022/10/21 00:00:00",BALBL1,0
D,DISPATCH,UNIT_SCADA,1,"2022/10/21 00:00:00",BALDHWF1,104.7460
D,DISPATCH,UNIT_SCADA,1,"2022/10/21 00:00:00",BANGOWF1,66.795460
D,DISPATCH,UNIT_SCADA,1,"2022/10/21 00:00:00",BANGOWF2,65.298320
D,DISPATCH,UNIT_SCADA,1,"2022/10/21 00:00:00",BANN1,0
D,DISPATCH,UNIT_SCADA,1,"2022/10/21 00:00:00",BARCALDN,0
D,DISPATCH,UNIT_SCADA,1,"2022/10/21 00:00:00",BARKIPS1,0
D,DISPATCH,UNIT_SCADA,1,"2022/10/21 00:00:00",BARRON-1,0
D,DISPATCH,UNIT_SCADA,1,"2022/10/21 00:00:00",BARRON-2,0
D,DISPATCH,UNIT_SCADA,1,"2022/10/21 00:00:00",BASTYAN,0
D,DISPATCH,UNIT_SCADA,1,"2022/10/21 00:00:00",BBTHREE1,0
D,DISPATCH,UNIT_SCADA,1,"2022/10/21 00:00:00",BBTHREE2,0
D,DISPATCH,UNIT_SCADA,1,"2022/10/21 00:00:00",BBTHREE3,-1.04
D,DISPATCH,UNIT_SCADA,1,"2022/10/21 00:00:00",BDL01,0
D,DISPATCH,UNIT_SCADA,1,"2022/10/21 00:00:00",BDL02,0
D,DISPATCH,UNIT_SCADA,1,"2022/10/21 00:00:00",BERYLSF1,0
D,DISPATCH,UNIT_SCADA,1,"2022/10/21 00:00:00",BLOWERNG,62.60
D,DISPATCH,UNIT_SCADA,1,"2022/10/21 00:00:00",BLUEGSF1,0
D,DISPATCH,UNIT_SCADA,1,"2022/10/21 00:00:00",BLUFF1,0.20
D,DISPATCH,UNIT_SCADA,1,"2022/10/21 00:00:00",BNGSF1,0
D,DISPATCH,UNIT_SCADA,1,"2022/10/21 00:00:00",BNGSF2,0
D,DISPATCH,UNIT_SCADA,1,"2022/10/21 00:00:00",BOCORWF1,3.68
D,DISPATCH,UNIT_SCADA,1,"2022/10/21 00:00:00",BODWF1,99.9707
D,DISPATCH,UNIT_SCADA,1,"2022/10/21 00:00:00",BOMENSF1,0
D,DISPATCH,UNIT_SCADA,1,"2022/10/21 00:00:00",BOWWBA1G,0
D,DISPATCH,UNIT_SCADA,1,"2022/10/21 00:00:00",BOWWBA1L,0.0010
D,DISPATCH,UNIT_SCADA,1,"2022/10/21 00:00:00",BOWWPV1,0
D,DISPATCH,UNIT_SCADA,1,"2022/10/21 00:00:00",BRAEMAR1,0
D,DISPATCH,UNIT_SCADA,1,"2022/10/21 00:00:00",BRAEMAR2,0
D,DISPATCH,UNIT_SCADA,1,"2022/10/21 00:00:00",BRAEMAR3,0
D,DISPATCH,UNIT_SCADA,1,"2022/10/21 00:00:00",BRAEMAR5,0.201420
D,DISPATCH,UNIT_SCADA,1,"2022/10/21 00:00:00",BRAEMAR6,0
D,DISPATCH,UNIT_SCADA,1,"2022/10/21 00:00:00",BRAEMAR7,0.060430
D,DISPATCH,UNIT_SCADA,1,"2022/10/21 00:00:00",BROKENH1,0
D,DISPATCH,UNIT_SCADA,1,"2022/10/21 00:00:00",BRYB1WF1,74.619670
D,DISPATCH,UNIT_SCADA,1,"2022/10/21 00:00:00",BULBESG1,0
D,DISPATCH,UNIT_SCADA,1,"2022/10/21 00:00:00",BULBESL1,0.03
D,DISPATCH,UNIT_SCADA,1,"2022/10/21 00:00:00",BULGANA1,32.42
D,DISPATCH,UNIT_SCADA,1,"2022/10/21 00:00:00",BW01,609.884770
D,DISPATCH,UNIT_SCADA,1,"2022/10/21 00:00:00",BW02,575.411620
D,DISPATCH,UNIT_SCADA,1,"2022/10/21 00:00:00",BW03,524.116880
D,DISPATCH,UNIT_SCADA,1,"2022/10/21 00:00:00",BW04,0
D,DISPATCH,UNIT_SCADA,1,"2022/10/21 00:00:00",CALL_B_1,318.899990
D,DISPATCH,UNIT_SCADA,1,"2022/10/21 00:00:00",CALL_B_2,319.800020
D,DISPATCH,UNIT_SCADA,1,"2022/10/21 00:00:00",CATHROCK,2
D,DISPATCH,UNIT_SCADA,1,"2022/10/21 00:00:00",CBWWBA1G,0
D,DISPATCH,UNIT_SCADA,1,"2022/10/21 00:00:00",CBWWBA1L,0
D,DISPATCH,UNIT_SCADA,1,"2022/10/21 00:00:00",CETHANA,90.101370
D,DISPATCH,UNIT_SCADA,1,"2022/10/21 00:00:00",CG1,0
D,DISPATCH,UNIT_SCADA,1,"2022/10/21 00:00:00",CG2,0
D,DISPATCH,UNIT_SCADA,1,"2022/10/21 00:00:00",CG3,0
D,DISPATCH,UNIT_SCADA,1,"2022/10/21 00:00:00",CG4,0
D,DISPATCH,UNIT_SCADA,1,"2022/10/21 00:00:00",CHILDSF1,0
D,DISPATCH,UNIT_SCADA,1,"2022/10/21 00:00:00",CHYTWF1,0
D,DISPATCH,UNIT_SCADA,1,"2022/10/21 00:00:00",CLARESF1,0
D,DISPATCH,UNIT_SCADA,1,"2022/10/21 00:00:00",CLEMGPWF,0
D,DISPATCH,UNIT_SCADA,1,"2022/10/21 00:00:00",CLERMSF1,0
D,DISPATCH,UNIT_SCADA,1,"2022/10/21 00:00:00",CNUNDAWF,13.215420
D,DISPATCH,UNIT_SCADA,1,"2022/10/21 00:00:00",COHUNSF1,0
D,DISPATCH,UNIT_SCADA,1,"2022/10/21 00:00:00",COLEASF1,0
D,DISPATCH,UNIT_SCADA,1,"2022/10/21 00:00:00",COLUMSF1,0
D,DISPATCH,UNIT_SCADA,1,"2022/10/21 00:00:00",COLWF01,62.702370
D,DISPATCH,UNIT_SCADA,1,"2022/10/21 00:00:00",COOPGWF1,365.31
D,DISPATCH,UNIT_SCADA,1,"2022/10/21 00:00:00",CPP_3,390.225010
D,DISPATCH,UNIT_SCADA,1,"2022/10/21 00:00:00",CPP_4,0
D,DISPATCH,UNIT_SCADA,1,"2022/10/21 00:00:00",CPSA,0
D,DISPATCH,UNIT_SCADA,1,"2022/10/21 00:00:00",CROOKWF2,51.864190
D,DISPATCH,UNIT_SCADA,1,"2022/10/21 00:00:00",CROWLWF1,20.538370
D,DISPATCH,UNIT_SCADA,1,"2022/10/21 00:00:00",CRURWF1,78.795840
D,DISPATCH,UNIT_SCADA,1,"2022/10/21 00:00:00",CRWASF1,0
D,DISPATCH,UNIT_SCADA,1,"2022/10/21 00:00:00",CSPVPS1,0
D,DISPATCH,UNIT_SCADA,1,"2022/10/21 00:00:00",CTHLWF1,0.003050
D,DISPATCH,UNIT_SCADA,1,"2022/10/21 00:00:00",DALNTH01,0
D,DISPATCH,UNIT_SCADA,1,"2022/10/21 00:00:00",DALNTHL1,0.044250
D,DISPATCH,UNIT_SCADA,1,"2022/10/21 00:00:00",DARLSF1,0
D,DISPATCH,UNIT_SCADA,1,"2022/10/21 00:00:00",DARTM1,0
D,DISPATCH,UNIT_SCADA,1,"2022/10/21 00:00:00",DAYDSF1,0
D,DISPATCH,UNIT_SCADA,1,"2022/10/21 00:00:00",DDPS1,0
D,DISPATCH,UNIT_SCADA,1,"2022/10/21 00:00:00",DDSF1,0
D,DISPATCH,UNIT_SCADA,1,"2022/10/21 00:00:00",DEVILS_G,56.132080
D,DISPATCH,UNIT_SCADA,1,"2022/10/21 00:00:00",DG_NSW1,0
D,DISPATCH,UNIT_SCADA,1,"2022/10/21 00:00:00",DG_QLD1,0
D,DISPATCH,UNIT_SCADA,1,"2022/10/21 00:00:00",DG_SA1,0
D,DISPATCH,UNIT_SCADA,1,"2022/10/21 00:00:00",DG_TAS1,0
D,DISPATCH,UNIT_SCADA,1,"2022/10/21 00:00:00",DG_VIC1,0
D,DISPATCH,UNIT_SCADA,1,"2022/10/21 00:00:00",DRYCGT1,0
D,DISPATCH,UNIT_SCADA,1,"2022/10/21 00:00:00",DRYCGT2,0
D,DISPATCH,UNIT_SCADA,1,"2022/10/21 00:00:00",DRYCGT3,0
D,DISPATCH,UNIT_SCADA,1,"2022/10/21 00:00:00",DUNDWF1,108.69
D,DISPATCH,UNIT_SCADA,1,"2022/10/21 00:00:00",DUNDWF2,35.33
D,DISPATCH,UNIT_SCADA,1,"2022/10/21 00:00:00",DUNDWF3,73.60
D,DISPATCH,UNIT_SCADA,1,"2022/10/21 00:00:00",EILDON1,59.76
D,DISPATCH,UNIT_SCADA,1,"2022/10/21 00:00:00",EILDON2,60.08
D,DISPATCH,UNIT_SCADA,1,"2022/10/21 00:00:00",ELAINWF1,6.09
D,DISPATCH,UNIT_SCADA,1,"2022/10/21 00:00:00",EMERASF1,0
D,DISPATCH,UNIT_SCADA,1,"2022/10/21 00:00:00",ER01,0
D,DISPATCH,UNIT_SCADA,1,"2022/10/21 00:00:00",ER02,572.677190
D,DISPATCH,UNIT_SCADA,1,"2022/10/21 00:00:00",ER03,572.018010
D,DISPATCH,UNIT_SCADA,1,"2022/10/21 00:00:00",ER04,571.969180
D,DISPATCH,UNIT_SCADA,1,"2022/10/21 00:00:00",FINLYSF1,0
D,DISPATCH,UNIT_SCADA,1,"2022/10/21 00:00:00",FISHER,44.02
D,DISPATCH,UNIT_SCADA,1,"2022/10/21 00:00:00",GANGARR1,0
D,DISPATCH,UNIT_SCADA,1,"2022/10/21 00:00:00",GANNBG1,0
D,DISPATCH,UNIT_SCADA,1,"2022/10/21 00:00:00",GANNBL1,0.107110
D,DISPATCH,UNIT_SCADA,1,"2022/10/21 00:00:00",GANNSF1,0
D,DISPATCH,UNIT_SCADA,1,"2022/10/21 00:00:00",GLRWNSF1,0
D,DISPATCH,UNIT_SCADA,1,"2022/10/21 00:00:00",GNNDHSF1,0
D,DISPATCH,UNIT_SCADA,1,"2022/10/21 00:00:00",GOONSF1,0
D,DISPATCH,UNIT_SCADA,1,"2022/10/21 00:00:00",GORDON,164.463670
D,DISPATCH,UNIT_SCADA,1,"2022/10/21 00:00:00",GRANWF1,0
D,DISPATCH,UNIT_SCADA,1,"2022/10/21 00:00:00",GSTONE1,187.0750
D,DISPATCH,UNIT_SCADA,1,"2022/10/21 00:00:00",GSTONE2,0
D,DISPATCH,UNIT_SCADA,1,"2022/10/21 00:00:00",GSTONE3,184.80
D,DISPATCH,UNIT_SCADA,1,"2022/10/21 00:00:00",GSTONE4,0
D,DISPATCH,UNIT_SCADA,1,"2022/10/21 00:00:00",GSTONE5,186.3750
D,DISPATCH,UNIT_SCADA,1,"2022/10/21 00:00:00",GSTONE6,186.3750
D,DISPATCH,UNIT_SCADA,1,"2022/10/21 00:00:00",GULLRSF1,0
D,DISPATCH,UNIT_SCADA,1,"2022/10/21 00:00:00",GULLRWF1,53.254190
D,DISPATCH,UNIT_SCADA,1,"2022/10/21 00:00:00",GULLRWF2,86.113620
D,DISPATCH,UNIT_SCADA,1,"2022/10/21 00:00:00",GUNNING1,0
D,DISPATCH,UNIT_SCADA,1,"2022/10/21 00:00:00",GUTHEGA,67.60
D,DISPATCH,UNIT_SCADA,1,"2022/10/21 00:00:00",HALLWF1,7.18
D,DISPATCH,UNIT_SCADA,1,"2022/10/21 00:00:00",HALLWF2,20.16
D,DISPATCH,UNIT_SCADA,1,"2022/10/21 00:00:00",HAMISF1,0
D,DISPATCH,UNIT_SCADA,1,"2022/10/21 00:00:00",HAUGHT11,0
D,DISPATCH,UNIT_SCADA,1,"2022/10/21 00:00:00",HAYMSF1,0
D,DISPATCH,UNIT_SCADA,1,"2022/10/21 00:00:00",HDWF1,18.60
D,DISPATCH,UNIT_SCADA,1,"2022/10/21 00:00:00",HDWF2,10.90
D,DISPATCH,UNIT_SCADA,1,"2022/10/21 00:00:00",HDWF3,10.90
D,DISPATCH,UNIT_SCADA,1,"2022/10/21 00:00:00",HILLSTN1,0
D,DISPATCH,UNIT_SCADA,1,"2022/10/21 00:00:00",HPRG1,0
D,DISPATCH,UNIT_SCADA,1,"2022/10/21 00:00:00",HPRL1,0.10
D,DISPATCH,UNIT_SCADA,1,"2022/10/21 00:00:00",HUMENSW,55.136610
D,DISPATCH,UNIT_SCADA,1,"2022/10/21 00:00:00",HUMEV,0
D,DISPATCH,UNIT_SCADA,1,"2022/10/21 00:00:00",HVWWBA1G,0
D,DISPATCH,UNIT_SCADA,1,"2022/10/21 00:00:00",HVWWBA1L,0.0060
D,DISPATCH,UNIT_SCADA,1,"2022/10/21 00:00:00",HVWWPV1,0
D,DISPATCH,UNIT_SCADA,1,"2022/10/21 00:00:00",JBUTTERS,0
D,DISPATCH,UNIT_SCADA,1,"2022/10/21 00:00:00",JEMALNG1,0
D,DISPATCH,UNIT_SCADA,1,"2022/10/21 00:00:00",JLA01,0
D,DISPATCH,UNIT_SCADA,1,"2022/10/21 00:00:00",JLA02,0
D,DISPATCH,UNIT_SCADA,1,"2022/10/21 00:00:00",JLA03,0
D,DISPATCH,UNIT_SCADA,1,"2022/10/21 00:00:00",JLA04,0
D,DISPATCH,UNIT_SCADA,1,"2022/10/21 00:00:00",JLB01,0
D,DISPATCH,UNIT_SCADA,1,"2022/10/21 00:00:00",JLB02,0.10
D,DISPATCH,UNIT_SCADA,1,"2022/10/21 00:00:00",JLB03,0
D,DISPATCH,UNIT_SCADA,1,"2022/10/21 00:00:00",JUNEESF1,0
D,DISPATCH,UNIT_SCADA,1,"2022/10/21 00:00:00",KABANWF1,0
D,DISPATCH,UNIT_SCADA,1,"2022/10/21 00:00:00",KAREEYA1,0
D,DISPATCH,UNIT_SCADA,1,"2022/10/21 00:00:00",KAREEYA2,0
D,DISPATCH,UNIT_SCADA,1,"2022/10/21 00:00:00",KAREEYA3,4.8425
D,DISPATCH,UNIT_SCADA,1,"2022/10/21 00:00:00",KAREEYA4,0
D,DISPATCH,UNIT_SCADA,1,"2022/10/21 00:00:00",KARSF1,0
D,DISPATCH,UNIT_SCADA,1,"2022/10/21 00:00:00",KEPSF1,0
D,DISPATCH,UNIT_SCADA,1,"2022/10/21 00:00:00",KEPWF1,2.97
D,DISPATCH,UNIT_SCADA,1,"2022/10/21 00:00:00",KIAMSF1,0
D,DISPATCH,UNIT_SCADA,1,"2022/10/21 00:00:00",KIATAWF1,20.20
D,DISPATCH,UNIT_SCADA,1,"2022/10/21 00:00:00",KPP_1,0
D,DISPATCH,UNIT_SCADA,1,"2022/10/21 00:00:00",KSP1,0
D,DISPATCH,UNIT_SCADA,1,"2022/10/21 00:00:00",LADBROK1,0.02
D,DISPATCH,UNIT_SCADA,1,"2022/10/21 00:00:00",LADBROK2,0.02
D,DISPATCH,UNIT_SCADA,1,"2022/10/21 00:00:00",LBBG1,3
D,DISPATCH,UNIT_SCADA,1,"2022/10/21 00:00:00",LBBL1,0
D,DISPATCH,UNIT_SCADA,1,"2022/10/21 00:00:00",LD01,275.930050
D,DISPATCH,UNIT_SCADA,1,"2022/10/21 00:00:00",LD02,0
D,DISPATCH,UNIT_SCADA,1,"2022/10/21 00:00:00",LD04,279.042940
D,DISPATCH,UNIT_SCADA,1,"2022/10/21 00:00:00",LEM_WIL,86.858110
D,DISPATCH,UNIT_SCADA,1,"2022/10/21 00:00:00",LGAPWF1,87.27
D,DISPATCH,UNIT_SCADA,1,"2022/10/21 00:00:00",LGAPWF2,57.36
D,DISPATCH,UNIT_SCADA,1,"2022/10/21 00:00:00",LILYSF1,0
D,DISPATCH,UNIT_SCADA,1,"2022/10/21 00:00:00",LIMOSF11,0
D,DISPATCH,UNIT_SCADA,1,"2022/10/21 00:00:00",LIMOSF21,0
D,DISPATCH,UNIT_SCADA,1,"2022/10/21 00:00:00",LI_WY_CA,56.1425
D,DISPATCH,UNIT_SCADA,1,"2022/10/21 00:00:00",LKBONNY1,15.1826
D,DISPATCH,UNIT_SCADA,1,"2022/10/21 00:00:00",LKBONNY2,43.951190
D,DISPATCH,UNIT_SCADA,1,"2022/10/21 00:00:00",LKBONNY3,9.322290
D,DISPATCH,UNIT_SCADA,1,"2022/10/21 00:00:00",LK_ECHO,0
D,DISPATCH,UNIT_SCADA,1,"2022/10/21 00:00:00",LNGS1,0
D,DISPATCH,UNIT_SCADA,1,"2022/10/21 00:00:00",LNGS2,0
D,DISPATCH,UNIT_SCADA,1,"2022/10/21 00:00:00",LONSDALE,0
D,DISPATCH,UNIT_SCADA,1,"2022/10/21 00:00:00",LOYYB1,575.939270
D,DISPATCH,UNIT_SCADA,1,"2022/10/21 00:00:00",LOYYB2,575.939270
D,DISPATCH,UNIT_SCADA,1,"2022/10/21 00:00:00",LYA1,557
D,DISPATCH,UNIT_SCADA,1,"2022/10/21 00:00:00",LYA2,0
D,DISPATCH,UNIT_SCADA,1,"2022/10/21 00:00:00",LYA3,557
D,DISPATCH,UNIT_SCADA,1,"2022/10/21 00:00:00",LYA4,557
D,DISPATCH,UNIT_SCADA,1,"2022/10/21 00:00:00",MACARTH1,59.598630
D,DISPATCH,UNIT_SCADA,1,"2022/10/21 00:00:00",MACKNTSH,0
D,DISPATCH,UNIT_SCADA,1,"2022/10/21 00:00:00",MANSLR1,0
D,DISPATCH,UNIT_SCADA,1,"2022/10/21 00:00:00",MAPS2PV1,0
D,DISPATCH,UNIT_SCADA,1,"2022/10/21 00:00:00",MAPS3PV1,0
D,DISPATCH,UNIT_SCADA,1,"2022/10/21 00:00:00",MARYRSF1,0
D,DISPATCH,UNIT_SCADA,1,"2022/10/21 00:00:00",MBPS2PV1,0
D,DISPATCH,UNIT_SCADA,1,"2022/10/21 00:00:00",MCKAY1,222.66
D,DISPATCH,UNIT_SCADA,1,"2022/10/21 00:00:00",MEADOWBK,20.206060
D,DISPATCH,UNIT_SCADA,1,"2022/10/21 00:00:00",MERCER01,14.70
D,DISPATCH,UNIT_SCADA,1,"2022/10/21 00:00:00",METZSF1,0
D,DISPATCH,UNIT_SCADA,1,"2022/10/21 00:00:00",MEWF1,0
D,DISPATCH,UNIT_SCADA,1,"2022/10/21 00:00:00",MIDDLSF1,0
D,DISPATCH,UNIT_SCADA,1,"2022/10/21 00:00:00",MINTARO,0.128180
D,DISPATCH,UNIT_SCADA,1,"2022/10/21 00:00:00",MOLNGSF1,0
D,DISPATCH,UNIT_SCADA,1,"2022/10/21 00:00:00",MOORAWF1,37.41
D,DISPATCH,UNIT_SCADA,1,"2022/10/21 00:00:00",MOREESF1,0
D,DISPATCH,UNIT_SCADA,1,"2022/10/21 00:00:00",MORTLK11,0
D,DISPATCH,UNIT_SCADA,1,"2022/10/21 00:00:00",MORTLK12,0
D,DISPATCH,UNIT_SCADA,1,"2022/10/21 00:00:00",MOUSF1,0
D,DISPATCH,UNIT_SCADA,1,"2022/10/21 00:00:00",MP1,0
D,DISPATCH,UNIT_SCADA,1,"2022/10/21 00:00:00",MP2,348.796810
D,DISPATCH,UNIT_SCADA,1,"2022/10/21 00:00:00",MPP_1,185.904050
D,DISPATCH,UNIT_SCADA,1,"2022/10/21 00:00:00",MPP_2,188.620210
D,DISPATCH,UNIT_SCADA,1,"2022/10/21 00:00:00",MRTLSWF1,0
D,DISPATCH,UNIT_SCADA,1,"2022/10/21 00:00:00",MSTUART1,0
D,DISPATCH,UNIT_SCADA,1,"2022/10/21 00:00:00",MSTUART2,0
D,DISPATCH,UNIT_SCADA,1,"2022/10/21 00:00:00",MSTUART3,0
D,DISPATCH,UNIT_SCADA,1,"2022/10/21 00:00:00",MTGELWF1,65.294360
D,DISPATCH,UNIT_SCADA,1,"2022/10/21 00:00:00",MTMILLAR,11.50
D,DISPATCH,UNIT_SCADA,1,"2022/10/21 00:00:00",MURRAY,55.20
D,DISPATCH,UNIT_SCADA,1,"2022/10/21 00:00:00",MUSSELR1,19.20
D,DISPATCH,UNIT_SCADA,1,"2022/10/21 00:00:00",MUWAWF1,30.67
D,DISPATCH,UNIT_SCADA,1,"2022/10/21 00:00:00",MUWAWF2,53.30
D,DISPATCH,UNIT_SCADA,1,"2022/10/21 00:00:00",MWPS1PV1,0
D,DISPATCH,UNIT_SCADA,1,"2022/10/21 00:00:00",MWPS2PV1,0
D,DISPATCH,UNIT_SCADA,1,"2022/10/21 00:00:00",MWPS3PV1,0
D,DISPATCH,UNIT_SCADA,1,"2022/10/21 00:00:00",MWPS4PV1,0
D,DISPATCH,UNIT_SCADA,1,"2022/10/21 00:00:00",NBHWF1,10.40
D,DISPATCH,UNIT_SCADA,1,"2022/10/21 00:00:00",NEVERSF1,0
D,DISPATCH,UNIT_SCADA,1,"2022/10/21 00:00:00",NPS,0
D,DISPATCH,UNIT_SCADA,1,"2022/10/21 00:00:00",NUMURSF1,0
D,DISPATCH,UNIT_SCADA,1,"2022/10/21 00:00:00",NYNGAN1,0
D,DISPATCH,UNIT_SCADA,1,"2022/10/21 00:00:00",OAKEY1,0
D,DISPATCH,UNIT_SCADA,1,"2022/10/21 00:00:00",OAKEY1SF,0
D,DISPATCH,UNIT_SCADA,1,"2022/10/21 00:00:00",OAKEY2,0
D,DISPATCH,UNIT_SCADA,1,"2022/10/21 00:00:00",OAKEY2SF,0
D,DISPATCH,UNIT_SCADA,1,"2022/10/21 00:00:00",OAKLAND1,7.50
D,DISPATCH,UNIT_SCADA,1,"2022/10/21 00:00:00",OSB-AG,181.099990
D,DISPATCH,UNIT_SCADA,1,"2022/10/21 00:00:00",PAREPS1,0
D,DISPATCH,UNIT_SCADA,1,"2022/10/21 00:00:00",PAREPW1,71.59
D,DISPATCH,UNIT_SCADA,1,"2022/10/21 00:00:00",PARSF1,0.001530
D,DISPATCH,UNIT_SCADA,1,"2022/10/21 00:00:00",POAT110,3.20
D,DISPATCH,UNIT_SCADA,1,"2022/10/21 00:00:00",POAT220,0
D,DISPATCH,UNIT_SCADA,1,"2022/10/21 00:00:00",POR01,0
D,DISPATCH,UNIT_SCADA,1,"2022/10/21 00:00:00",POR03,0
D,DISPATCH,UNIT_SCADA,1,"2022/10/21 00:00:00",PPCCGT,164.827770
D,DISPATCH,UNIT_SCADA,1,"2022/10/21 00:00:00",PTSTAN1,0
D,DISPATCH,UNIT_SCADA,1,"2022/10/21 00:00:00",PUMP1,0
D,DISPATCH,UNIT_SCADA,1,"2022/10/21 00:00:00",PUMP2,0
D,DISPATCH,UNIT_SCADA,1,"2022/10/21 00:00:00",QBYNBG1,0
D,DISPATCH,UNIT_SCADA,1,"2022/10/21 00:00:00",QBYNBL1,0.0035
D,DISPATCH,UNIT_SCADA,1,"2022/10/21 00:00:00",QPS1,0
D,DISPATCH,UNIT_SCADA,1,"2022/10/21 00:00:00",QPS2,0
D,DISPATCH,UNIT_SCADA,1,"2022/10/21 00:00:00",QPS3,0
D,DISPATCH,UNIT_SCADA,1,"2022/10/21 00:00:00",QPS4,0
D,DISPATCH,UNIT_SCADA,1,"2022/10/21 00:00:00",QPS5,0
D,DISPATCH,UNIT_SCADA,1,"2022/10/21 00:00:00",REECE1,0
D,DISPATCH,UNIT_SCADA,1,"2022/10/21 00:00:00",REECE2,0
D,DISPATCH,UNIT_SCADA,1,"2022/10/21 00:00:00",ROMA_7,0
D,DISPATCH,UNIT_SCADA,1,"2022/10/21 00:00:00",ROMA_8,0
D,DISPATCH,UNIT_SCADA,1,"2022/10/21 00:00:00",RRSF1,0
D,DISPATCH,UNIT_SCADA,1,"2022/10/21 00:00:00",RT_NSW1,0
D,DISPATCH,UNIT_SCADA,1,"2022/10/21 00:00:00",RT_NSW2,0
D,DISPATCH,UNIT_SCADA,1,"2022/10/21 00:00:00",RT_NSW3,0
D,DISPATCH,UNIT_SCADA,1,"2022/10/21 00:00:00",RT_NSW4,0
D,DISPATCH,UNIT_SCADA,1,"2022/10/21 00:00:00",RT_NSW5,0
D,DISPATCH,UNIT_SCADA,1,"2022/10/21 00:00:00",RT_NSW6,0
D,DISPATCH,UNIT_SCADA,1,"2022/10/21 00:00:00",RT_QLD1,0
D,DISPATCH,UNIT_SCADA,1,"2022/10/21 00:00:00",RT_SA1,0
D,DISPATCH,UNIT_SCADA,1,"2022/10/21 00:00:00",RT_SA2,0
D,DISPATCH,UNIT_SCADA,1,"2022/10/21 00:00:00",RT_SA3,0
D,DISPATCH,UNIT_SCADA,1,"2022/10/21 00:00:00",RT_SA4,0
D,DISPATCH,UNIT_SCADA,1,"2022/10/21 00:00:00",RT_SA5,0
D,DISPATCH,UNIT_SCADA,1,"2022/10/21 00:00:00",RT_SA6,0
D,DISPATCH,UNIT_SCADA,1,"2022/10/21 00:00:00",RT_TAS1,0
D,DISPATCH,UNIT_SCADA,1,"2022/10/21 00:00:00",RT_VIC1,0
D,DISPATCH,UNIT_SCADA,1,"2022/10/21 00:00:00",RT_VIC10,0
D,DISPATCH,UNIT_SCADA,1,"2022/10/21 00:00:00",RT_VIC11,0
D,DISPATCH,UNIT_SCADA,1,"2022/10/21 00:00:00",RT_VIC12,0
D,DISPATCH,UNIT_SCADA,1,"2022/10/21 00:00:00",RT_VIC2,0
D,DISPATCH,UNIT_SCADA,1,"2022/10/21 00:00:00",RT_VIC3,0
D,DISPATCH,UNIT_SCADA,1,"2022/10/21 00:00:00",RT_VIC4,0
D,DISPATCH,UNIT_SCADA,1,"2022/10/21 00:00:00",RT_VIC5,0
D,DISPATCH,UNIT_SCADA,1,"2022/10/21 00:00:00",RT_VIC6,0
D,DISPATCH,UNIT_SCADA,1,"2022/10/21 00:00:00",RT_VIC7,0
D,DISPATCH,UNIT_SCADA,1,"2022/10/21 00:00:00",RT_VIC8,0
D,DISPATCH,UNIT_SCADA,1,"2022/10/21 00:00:00",RT_VIC9,0
D,DISPATCH,UNIT_SCADA,1,"2022/10/21 00:00:00",RUGBYR1,0
D,DISPATCH,UNIT_SCADA,1,"2022/10/21 00:00:00",SALTCRK1,10.07
D,DISPATCH,UNIT_SCADA,1,"2022/10/21 00:00:00",SAPHWF1,250.139620
D,DISPATCH,UNIT_SCADA,1,"2022/10/21 00:00:00",SEBSF1,0
D,DISPATCH,UNIT_SCADA,1,"2022/10/21 00:00:00",SHGEN,0
D,DISPATCH,UNIT_SCADA,1,"2022/10/21 00:00:00",SHPUMP,0
D,DISPATCH,UNIT_SCADA,1,"2022/10/21 00:00:00",SITHE01,0.153860
D,DISPATCH,UNIT_SCADA,1,"2022/10/21 00:00:00",SMCSF1,0
D,DISPATCH,UNIT_SCADA,1,"2022/10/21 00:00:00",SNAPPER1,0
D,DISPATCH,UNIT_SCADA,1,"2022/10/21 00:00:00",SNOWNTH1,29.70
D,DISPATCH,UNIT_SCADA,1,"2022/10/21 00:00:00",SNOWSTH1,18.90
D,DISPATCH,UNIT_SCADA,1,"2022/10/21 00:00:00",SNOWTWN1,11.014440
D,DISPATCH,UNIT_SCADA,1,"2022/10/21 00:00:00",SNOWYP,0
D,DISPATCH,UNIT_SCADA,1,"2022/10/21 00:00:00",SNUG1,0
D,DISPATCH,UNIT_SCADA,1,"2022/10/21 00:00:00",SRSF1,0
D,DISPATCH,UNIT_SCADA,1,"2022/10/21 00:00:00",STAN-1,280.735440
D,DISPATCH,UNIT_SCADA,1,"2022/10/21 00:00:00",STAN-2,359.154750
D,DISPATCH,UNIT_SCADA,1,"2022/10/21 00:00:00",STAN-3,364.410060
D,DISPATCH,UNIT_SCADA,1,"2022/10/21 00:00:00",STAN-4,366.204560
D,DISPATCH,UNIT_SCADA,1,"2022/10/21 00:00:00",STARHLWF,21.493730
D,DISPATCH,UNIT_SCADA,1,"2022/10/21 00:00:00",STOCKYD1,165.399990
D,DISPATCH,UNIT_SCADA,1,"2022/10/21 00:00:00",STWF1,20.495310
D,DISPATCH,UNIT_SCADA,1,"2022/10/21 00:00:00",SUNRSF1,0
D,DISPATCH,UNIT_SCADA,1,"2022/10/21 00:00:00",SUNTPSF1,0
D,DISPATCH,UNIT_SCADA,1,"2022/10/21 00:00:00",SWAN_E,218.931880
D,DISPATCH,UNIT_SCADA,1,"2022/10/21 00:00:00",TALWA1,0
D,DISPATCH,UNIT_SCADA,1,"2022/10/21 00:00:00",TARALGA1,0
D,DISPATCH,UNIT_SCADA,1,"2022/10/21 00:00:00",TARONG#1,351.100010
D,DISPATCH,UNIT_SCADA,1,"2022/10/21 00:00:00",TARONG#2,349.800020
D,DISPATCH,UNIT_SCADA,1,"2022/10/21 00:00:00",TARONG#3,0.90
D,DISPATCH,UNIT_SCADA,1,"2022/10/21 00:00:00",TARONG#4,224.70
D,DISPATCH,UNIT_SCADA,1,"2022/10/21 00:00:00",TARRALEA,53.80
D,DISPATCH,UNIT_SCADA,1,"2022/10/21 00:00:00",TBSF1,0
D,DISPATCH,UNIT_SCADA,1,"2022/10/21 00:00:00",TNPS1,349.5625
D,DISPATCH,UNIT_SCADA,1,"2022/10/21 00:00:00",TORRB1,0
D,DISPATCH,UNIT_SCADA,1,"2022/10/21 00:00:00",TORRB2,61
D,DISPATCH,UNIT_SCADA,1,"2022/10/21 00:00:00",TORRB3,0
D,DISPATCH,UNIT_SCADA,1,"2022/10/21 00:00:00",TORRB4,0
D,DISPATCH,UNIT_SCADA,1,"2022/10/21 00:00:00",TREVALLN,99.211340
D,DISPATCH,UNIT_SCADA,1,"2022/10/21 00:00:00",TRIBUTE,0
D,DISPATCH,UNIT_SCADA,1,"2022/10/21 00:00:00",TUMUT3,354.679990
D,DISPATCH,UNIT_SCADA,1,"2022/10/21 00:00:00",TUNGATIN,3.800020
D,DISPATCH,UNIT_SCADA,1,"2022/10/21 00:00:00",TVCC201,0
D,DISPATCH,UNIT_SCADA,1,"2022/10/21 00:00:00",TVPP104,0
D,DISPATCH,UNIT_SCADA,1,"2022/10/21 00:00:00",UPPTUMUT,0
D,DISPATCH,UNIT_SCADA,1,"2022/10/21 00:00:00",URANQ11,0
D,DISPATCH,UNIT_SCADA,1,"2022/10/21 00:00:00",URANQ12,0
D,DISPATCH,UNIT_SCADA,1,"2022/10/21 00:00:00",URANQ13,0
D,DISPATCH,UNIT_SCADA,1,"2022/10/21 00:00:00",URANQ14,0
D,DISPATCH,UNIT_SCADA,1,"2022/10/21 00:00:00",VBBG1,12
D,DISPATCH,UNIT_SCADA,1,"2022/10/21 00:00:00",VBBL1,0
D,DISPATCH,UNIT_SCADA,1,"2022/10/21 00:00:00",VP5,557.683040
D,DISPATCH,UNIT_SCADA,1,"2022/10/21 00:00:00",VP6,602.117980
D,DISPATCH,UNIT_SCADA,1,"2022/10/21 00:00:00",VPGS1,0
D,DISPATCH,UNIT_SCADA,1,"2022/10/21 00:00:00",VPGS2,0
D,DISPATCH,UNIT_SCADA,1,"2022/10/21 00:00:00",VPGS3,0
D,DISPATCH,UNIT_SCADA,1,"2022/10/21 00:00:00",VPGS4,0
D,DISPATCH,UNIT_SCADA,1,"2022/10/21 00:00:00",VPGS5,0
D,DISPATCH,UNIT_SCADA,1,"2022/10/21 00:00:00",VPGS6,0
D,DISPATCH,UNIT_SCADA,1,"2022/10/21 00:00:00",W/HOE#1,0
D,DISPATCH,UNIT_SCADA,1,"2022/10/21 00:00:00",W/HOE#2,0
D,DISPATCH,UNIT_SCADA,1,"2022/10/21 00:00:00",WAGGNSF1,0
D,DISPATCH,UNIT_SCADA,1,"2022/10/21 00:00:00",WALGRVG1,7.430580
D,DISPATCH,UNIT_SCADA,1,"2022/10/21 00:00:00",WALGRVL1,0
D,DISPATCH,UNIT_SCADA,1,"2022/10/21 00:00:00",WANDBG1,0
D,DISPATCH,UNIT_SCADA,1,"2022/10/21 00:00:00",WANDBL1,0
D,DISPATCH,UNIT_SCADA,1,"2022/10/21 00:00:00",WARWSF1,0
D,DISPATCH,UNIT_SCADA,1,"2022/10/21 00:00:00",WARWSF2,0
D,DISPATCH,UNIT_SCADA,1,"2022/10/21 00:00:00",WATERLWF,16.90
D,DISPATCH,UNIT_SCADA,1,"2022/10/21 00:00:00",WDGPH1,0
D,DISPATCH,UNIT_SCADA,1,"2022/10/21 00:00:00",WELLSF1,0
D,DISPATCH,UNIT_SCADA,1,"2022/10/21 00:00:00",WEMENSF1,0
D,DISPATCH,UNIT_SCADA,1,"2022/10/21 00:00:00",WGWF1,12.40
D,DISPATCH,UNIT_SCADA,1,"2022/10/21 00:00:00",WHITSF1,0
D,DISPATCH,UNIT_SCADA,1,"2022/10/21 00:00:00",WINTSF1,0
D,DISPATCH,UNIT_SCADA,1,"2022/10/21 00:00:00",WKIEWA1,33.90
D,DISPATCH,UNIT_SCADA,1,"2022/10/21 00:00:00",WKIEWA2,34
D,DISPATCH,UNIT_SCADA,1,"2022/10/21 00:00:00",WOODLWN1,23.9989
D,DISPATCH,UNIT_SCADA,1,"2022/10/21 00:00:00",WOOLGSF1,0
D,DISPATCH,UNIT_SCADA,1,"2022/10/21 00:00:00",WPWF,38.82
D,DISPATCH,UNIT_SCADA,1,"2022/10/21 00:00:00",WRSF1,0
D,DISPATCH,UNIT_SCADA,1,"2022/10/21 00:00:00",WRWF1,123.515680
D,DISPATCH,UNIT_SCADA,1,"2022/10/21 00:00:00",WSTWYSF1,0
D,DISPATCH,UNIT_SCADA,1,"2022/10/21 00:00:00",YABULU,0
D,DISPATCH,UNIT_SCADA,1,"2022/10/21 00:00:00",YABULU2,0
D,DISPATCH,UNIT_SCADA,1,"2022/10/21 00:00:00",YARANSF1,0
D,DISPATCH,UNIT_SCADA,1,"2022/10/21 00:00:00",YARWUN_1,163.94
D,DISPATCH,UNIT_SCADA,1,"2022/10/21 00:00:00",YATSF1,0
D,DISPATCH,UNIT_SCADA,1,"2022/10/21 00:00:00",YENDWF1,43.66
D,DISPATCH,UNIT_SCADA,1,"2022/10/21 00:00:00",YWPS1,277.691130
D,DISPATCH,UNIT_SCADA,1,"2022/10/21 00:00:00",YWPS2,358.896210
D,DISPATCH,UNIT_SCADA,1,"2022/10/21 00:00:00",YWPS3,360.799990
D,DISPATCH,UNIT_SCADA,1,"2022/10/21 00:00:00",YWPS4,0
C,"END OF REPORT",419
