C,NEMP.WORLD,DISPATCHSCADA,AEMO,PUBLIC,2022/10/20,16:00:10,0000000373265535,DISPATCHSCADA,0000000373265529
I,DISPATCH,UNIT_SCADA,1,SETTLEMENTDATE,DUID,SCADAVALUE
D,DISPATCH,UNIT_SCADA,1,"2022/10/20 16:05:00",BARCSF1,2.60
D,DISPATCH,UNIT_SCADA,1,"2022/10/20 16:05:00",BUTLERSG,8.699999
D,DISPATCH,UNIT_SCADA,1,"2022/10/20 16:05:00",CAPTL_WF,78.969955
D,DISPATCH,UNIT_SCADA,1,"2022/10/20 16:05:00",CHALLHWF,14.60
D,DISPATCH,UNIT_SCADA,1,"2022/10/20 16:05:00",CLOVER,10.54
D,DISPATCH,UNIT_SCADA,1,"2022/10/20 16:05:00",CLUNY,6.248112
D,DISPATCH,UNIT_SCADA,1,"2022/10/20 16:05:00",CULLRGWF,-0.03
D,DISPATCH,UNIT_SCADA,1,"2022/10/20 16:05:00",DIAPURWF1,5.30
D,DISPATCH,UNIT_SCADA,1,"2022/10/20 16:05:00",ERGT01,0
D,DISPATCH,UNIT_SCADA,1,"2022/10/20 16:05:00",GB01,0
D,DISPATCH,UNIT_SCADA,1,"2022/10/20 16:05:00",GERMCRK,21.700001
D,DISPATCH,UNIT_SCADA,1,"2022/10/20 16:05:00",GRIFSF1,13.200580
D,DISPATCH,UNIT_SCADA,1,"2022/10/20 16:05:00",HEZ1,0
D,DISPATCH,UNIT_SCADA,1,"2022/10/20 16:05:00",HUGSF1,11.7650
D,DISPATCH,UNIT_SCADA,1,"2022/10/20 16:05:00",KEPBG1,0
D,DISPATCH,UNIT_SCADA,1,"2022/10/20 16:05:00",LRSF1,12.174001
D,DISPATCH,UNIT_SCADA,1,"2022/10/20 16:05:00",MBAHNTH,41.962509
D,DISPATCH,UNIT_SCADA,1,"2022/10/20 16:05:00",MLSP1,2.249001
D,DISPATCH,UNIT_SCADA,1,"2022/10/20 16:05:00",MLWF1,6.7350
D,DISPATCH,UNIT_SCADA,1,"2022/10/20 16:05:00",PALOONA,30.50
D,DISPATCH,UNIT_SCADA,1,"2022/10/20 16:05:00",PIONEER,34
D,DISPATCH,UNIT_SCADA,1,"2022/10/20 16:05:00",PORTWF,36.700001
D,DISPATCH,UNIT_SCADA,1,"2022/10/20 16:05:00",REPULSE,9.4551
D,DISPATCH,UNIT_SCADA,1,"2022/10/20 16:05:00",ROWALLAN,8.8111
D,DISPATCH,UNIT_SCADA,1,"2022/10/20 16:05:00",ROYALLA1,6.017003
D,DISPATCH,UNIT_SCADA,1,"2022/10/20 16:05:00",RPCG,-1.80
D,DISPATCH,UNIT_SCADA,1,"2022/10/20 16:05:00",RUBICON,0
D,DISPATCH,UNIT_SCADA,1,"2022/10/20 16:05:00",WAUBRAWF,59.1520
D,DISPATCH,UNIT_SCADA,1,"2022/10/20 16:05:00",WOOLNTH1,96.519997
D,DISPATCH,UNIT_SCADA,1,"2022/10/20 16:05:00",YAMBUKWF,4.10
D,DISPATCH,UNIT_SCADA,1,"2022/10/20 16:05:00",YSWF1,3
D,DISPATCH,UNIT_SCADA,1,"2022/10/20 16:05:00",ADPBA1G,0.0080
D,DISPATCH,UNIT_SCADA,1,"2022/10/20 16:05:00",ADPBA1L,0
D,DISPATCH,UNIT_SCADA,1,"2022/10/20 16:05:00",ADPPV1,8.7330
D,DISPATCH,UNIT_SCADA,1,"2022/10/20 16:05:00",AGLHAL,0
D,DISPATCH,UNIT_SCADA,1,"2022/10/20 16:05:00",AGLSOM,0
D,DISPATCH,UNIT_SCADA,1,"2022/10/20 16:05:00",ANGAST1,0
D,DISPATCH,UNIT_SCADA,1,"2022/10/20 16:05:00",ARWF1,35.90
D,DISPATCH,UNIT_SCADA,1,"2022/10/20 16:05:00",BALBG1,2.59
D,DISPATCH,UNIT_SCADA,1,"2022/10/20 16:05:00",BALBL1,0
D,DISPATCH,UNIT_SCADA,1,"2022/10/20 16:05:00",BALDHWF1,95.6960
D,DISPATCH,UNIT_SCADA,1,"2022/10/20 16:05:00",BANGOWF1,78.499730
D,DISPATCH,UNIT_SCADA,1,"2022/10/20 16:05:00",BANGOWF2,55.098570
D,DISPATCH,UNIT_SCADA,1,"2022/10/20 16:05:00",BANN1,60.59
D,DISPATCH,UNIT_SCADA,1,"2022/10/20 16:05:00",BARCALDN,0
D,DISPATCH,UNIT_SCADA,1,"2022/10/20 16:05:00",BARKIPS1,0
D,DISPATCH,UNIT_SCADA,1,"2022/10/20 16:05:00",BARRON-1,25.64
D,DISPATCH,UNIT_SCADA,1,"2022/10/20 16:05:00",BARRON-2,0
D,DISPATCH,UNIT_SCADA,1,"2022/10/20 16:05:00",BASTYAN,54.42
D,DISPATCH,UNIT_SCADA,1,"2022/10/20 16:05:00",BBTHREE1,0
D,DISPATCH,UNIT_SCADA,1,"2022/10/20 16:05:00",BBTHREE2,0
D,DISPATCH,UNIT_SCADA,1,"2022/10/20 16:05:00",BBTHREE3,-1.08
D,DISPATCH,UNIT_SCADA,1,"2022/10/20 16:05:00",BDL01,0
D,DISPATCH,UNIT_SCADA,1,"2022/10/20 16:05:00",BDL02,0
D,DISPATCH,UNIT_SCADA,1,"2022/10/20 16:05:00",BERYLSF1,12.971340
D,DISPATCH,UNIT_SCADA,1,"2022/10/20 16:05:00",BLOWERNG,62.50
D,DISPATCH,UNIT_SCADA,1,"2022/10/20 16:05:00",BLUEGSF1,13.548030
D,DISPATCH,UNIT_SCADA,1,"2022/10/20 16:05:00",BLUFF1,0
D,DISPATCH,UNIT_SCADA,1,"2022/10/20 16:05:00",BNGSF1,36.18
D,DISPATCH,UNIT_SCADA,1,"2022/10/20 16:05:00",BNGSF2,95.82
D,DISPATCH,UNIT_SCADA,1,"2022/10/20 16:05:00",BOCORWF1,56.70
D,DISPATCH,UNIT_SCADA,1,"2022/10/20 16:05:00",BODWF1,90.731160
D,DISPATCH,UNIT_SCADA,1,"2022/10/20 16:05:00",BOMENSF1,45.951020
D,DISPATCH,UNIT_SCADA,1,"2022/10/20 16:05:00",BOWWBA1G,0
D,DISPATCH,UNIT_SCADA,1,"2022/10/20 16:05:00",BOWWBA1L,0
D,DISPATCH,UNIT_SCADA,1,"2022/10/20 16:05:00",BOWWPV1,0.0010
D,DISPATCH,UNIT_SCADA,1,"2022/10/20 16:05:00",BRAEMAR1,0
D,DISPATCH,UNIT_SCADA,1,"2022/10/20 16:05:00",BRAEMAR2,0
D,DISPATCH,UNIT_SCADA,1,"2022/10/20 16:05:00",BRAEMAR3,0
D,DISPATCH,UNIT_SCADA,1,"2022/10/20 16:05:00",BRAEMAR5,0.292060
D,DISPATCH,UNIT_SCADA,1,"2022/10/20 16:05:00",BRAEMAR6,0
D,DISPATCH,UNIT_SCADA,1,"2022/10/20 16:05:00",BRAEMAR7,144.941830
D,DISPATCH,UNIT_SCADA,1,"2022/10/20 16:05:00",BROKENH1,28.099570
D,DISPATCH,UNIT_SCADA,1,"2022/10/20 16:05:00",BRYB1WF1,83.097580
D,DISPATCH,UNIT_SCADA,1,"2022/10/20 16:05:00",BULBESG1,0
D,DISPATCH,UNIT_SCADA,1,"2022/10/20 16:05:00",BULBESL1,0.91
D,DISPATCH,UNIT_SCADA,1,"2022/10/20 16:05:00",BULGANA1,17.22
D,DISPATCH,UNIT_SCADA,1,"2022/10/20 16:05:00",BW01,660.593570
D,DISPATCH,UNIT_SCADA,1,"2022/10/20 16:05:00",BW02,618.527530
D,DISPATCH,UNIT_SCADA,1,"2022/10/20 16:05:00",BW03,456.830690
D,DISPATCH,UNIT_SCADA,1,"2022/10/20 16:05:00",BW04,0
D,DISPATCH,UNIT_SCADA,1,"2022/10/20 16:05:00",CALL_B_1,325.399990
D,DISPATCH,UNIT_SCADA,1,"2022/10/20 16:05:00",CALL_B_2,324.600010
D,DISPATCH,UNIT_SCADA,1,"2022/10/20 16:05:00",CATHROCK,5.60
D,DISPATCH,UNIT_SCADA,1,"2022/10/20 16:05:00",CBWWBA1G,0
D,DISPATCH,UNIT_SCADA,1,"2022/10/20 16:05:00",CBWWBA1L,0
D,DISPATCH,UNIT_SCADA,1,"2022/10/20 16:05:00",CETHANA,97.645620
D,DISPATCH,UNIT_SCADA,1,"2022/10/20 16:05:00",CG1,0
D,DISPATCH,UNIT_SCADA,1,"2022/10/20 16:05:00",CG2,0
D,DISPATCH,UNIT_SCADA,1,"2022/10/20 16:05:00",CG3,0
D,DISPATCH,UNIT_SCADA,1,"2022/10/20 16:05:00",CG4,0
D,DISPATCH,UNIT_SCADA,1,"2022/10/20 16:05:00",CHILDSF1,6.40
D,DISPATCH,UNIT_SCADA,1,"2022/10/20 16:05:00",CHYTWF1,9.59
D,DISPATCH,UNIT_SCADA,1,"2022/10/20 16:05:00",CLARESF1,5.021440
D,DISPATCH,UNIT_SCADA,1,"2022/10/20 16:05:00",CLEMGPWF,5.618730
D,DISPATCH,UNIT_SCADA,1,"2022/10/20 16:05:00",CLERMSF1,23.71
D,DISPATCH,UNIT_SCADA,1,"2022/10/20 16:05:00",CNUNDAWF,9.410980
D,DISPATCH,UNIT_SCADA,1,"2022/10/20 16:05:00",COHUNSF1,17.43
D,DISPATCH,UNIT_SCADA,1,"2022/10/20 16:05:00",COLEASF1,100.598530
D,DISPATCH,UNIT_SCADA,1,"2022/10/20 16:05:00",COLUMSF1,4.0160
D,DISPATCH,UNIT_SCADA,1,"2022/10/20 16:05:00",COLWF01,68.865490
D,DISPATCH,UNIT_SCADA,1,"2022/10/20 16:05:00",COOPGWF1,187.740010
D,DISPATCH,UNIT_SCADA,1,"2022/10/20 16:05:00",CPP_3,377.575010
D,DISPATCH,UNIT_SCADA,1,"2022/10/20 16:05:00",CPP_4,0
D,DISPATCH,UNIT_SCADA,1,"2022/10/20 16:05:00",CPSA,0
D,DISPATCH,UNIT_SCADA,1,"2022/10/20 16:05:00",CROOKWF2,51.743350
D,DISPATCH,UNIT_SCADA,1,"2022/10/20 16:05:00",CROWLWF1,16.660480
D,DISPATCH,UNIT_SCADA,1,"2022/10/20 16:05:00",CRURWF1,58.396050
D,DISPATCH,UNIT_SCADA,1,"2022/10/20 16:05:00",CRWASF1,30.283780
D,DISPATCH,UNIT_SCADA,1,"2022/10/20 16:05:00",CSPVPS1,28.4280
D,DISPATCH,UNIT_SCADA,1,"2022/10/20 16:05:00",CTHLWF1,0.003050
D,DISPATCH,UNIT_SCADA,1,"2022/10/20 16:05:00",DALNTH01,0
D,DISPATCH,UNIT_SCADA,1,"2022/10/20 16:05:00",DALNTHL1,2.030970
D,DISPATCH,UNIT_SCADA,1,"2022/10/20 16:05:00",DARLSF1,93.718650
D,DISPATCH,UNIT_SCADA,1,"2022/10/20 16:05:00",DARTM1,0
D,DISPATCH,UNIT_SCADA,1,"2022/10/20 16:05:00",DAYDSF1,135.155010
D,DISPATCH,UNIT_SCADA,1,"2022/10/20 16:05:00",DDPS1,0
D,DISPATCH,UNIT_SCADA,1,"2022/10/20 16:05:00",DDSF1,20.5824
D,DISPATCH,UNIT_SCADA,1,"2022/10/20 16:05:00",DEVILS_G,53.426920
D,DISPATCH,UNIT_SCADA,1,"2022/10/20 16:05:00",DG_NSW1,0
D,DISPATCH,UNIT_SCADA,1,"2022/10/20 16:05:00",DG_QLD1,0
D,DISPATCH,UNIT_SCADA,1,"2022/10/20 16:05:00",DG_SA1,0
D,DISPATCH,UNIT_SCADA,1,"2022/10/20 16:05:00",DG_TAS1,0
D,DISPATCH,UNIT_SCADA,1,"2022/10/20 16:05:00",DG_VIC1,0
D,DISPATCH,UNIT_SCADA,1,"2022/10/20 16:05:00",DRYCGT1,0
D,DISPATCH,UNIT_SCADA,1,"2022/10/20 16:05:00",DRYCGT2,0
D,DISPATCH,UNIT_SCADA,1,"2022/10/20 16:05:00",DRYCGT3,0
D,DISPATCH,UNIT_SCADA,1,"2022/10/20 16:05:00",DUNDWF1,55.53
D,DISPATCH,UNIT_SCADA,1,"2022/10/20 16:05:00",DUNDWF2,19.66
D,DISPATCH,UNIT_SCADA,1,"2022/10/20 16:05:00",DUNDWF3,53.70
D,DISPATCH,UNIT_SCADA,1,"2022/10/20 16:05:00",EILDON1,60.16
D,DISPATCH,UNIT_SCADA,1,"2022/10/20 16:05:00",EILDON2,60.08
D,DISPATCH,UNIT_SCADA,1,"2022/10/20 16:05:00",ELAINWF1,24.49
D,DISPATCH,UNIT_SCADA,1,"2022/10/20 16:05:00",EMERASF1,0
D,DISPATCH,UNIT_SCADA,1,"2022/10/20 16:05:00",ER01,0
D,DISPATCH,UNIT_SCADA,1,"2022/10/20 16:05:00",ER02,677.952210
D,DISPATCH,UNIT_SCADA,1,"2022/10/20 16:05:00",ER03,638.645020
D,DISPATCH,UNIT_SCADA,1,"2022/10/20 16:05:00",ER04,683.738460
D,DISPATCH,UNIT_SCADA,1,"2022/10/20 16:05:00",FINLYSF1,36.881060
D,DISPATCH,UNIT_SCADA,1,"2022/10/20 16:05:00",FISHER,43.89
D,DISPATCH,UNIT_SCADA,1,"2022/10/20 16:05:00",GANGARR1,79.6380
D,DISPATCH,UNIT_SCADA,1,"2022/10/20 16:05:00",GANNBG1,0
D,DISPATCH,UNIT_SCADA,1,"2022/10/20 16:05:00",GANNBL1,4.093880
D,DISPATCH,UNIT_SCADA,1,"2022/10/20 16:05:00",GANNSF1,28.30
D,DISPATCH,UNIT_SCADA,1,"2022/10/20 16:05:00",GLRWNSF1,28.16
D,DISPATCH,UNIT_SCADA,1,"2022/10/20 16:05:00",GNNDHSF1,52.678650
D,DISPATCH,UNIT_SCADA,1,"2022/10/20 16:05:00",GOONSF1,67.829410
D,DISPATCH,UNIT_SCADA,1,"2022/10/20 16:05:00",GORDON,246.784560
D,DISPATCH,UNIT_SCADA,1,"2022/10/20 16:05:00",GRANWF1,0
D,DISPATCH,UNIT_SCADA,1,"2022/10/20 16:05:00",GSTONE1,200.55
D,DISPATCH,UNIT_SCADA,1,"2022/10/20 16:05:00",GSTONE2,0
D,DISPATCH,UNIT_SCADA,1,"2022/10/20 16:05:00",GSTONE3,200.3750
D,DISPATCH,UNIT_SCADA,1,"2022/10/20 16:05:00",GSTONE4,0
D,DISPATCH,UNIT_SCADA,1,"2022/10/20 16:05:00",GSTONE5,184.974990
D,DISPATCH,UNIT_SCADA,1,"2022/10/20 16:05:00",GSTONE6,200.024990
D,DISPATCH,UNIT_SCADA,1,"2022/10/20 16:05:00",GULLRSF1,0.574990
D,DISPATCH,UNIT_SCADA,1,"2022/10/20 16:05:00",GULLRWF1,77.393820
D,DISPATCH,UNIT_SCADA,1,"2022/10/20 16:05:00",GULLRWF2,68.320860
D,DISPATCH,UNIT_SCADA,1,"2022/10/20 16:05:00",GUNNING1,0
D,DISPATCH,UNIT_SCADA,1,"2022/10/20 16:05:00",GUTHEGA,68
D,DISPATCH,UNIT_SCADA,1,"2022/10/20 16:05:00",HALLWF1,0
D,DISPATCH,UNIT_SCADA,1,"2022/10/20 16:05:00",HALLWF2,0
D,DISPATCH,UNIT_SCADA,1,"2022/10/20 16:05:00",HAMISF1,47
D,DISPATCH,UNIT_SCADA,1,"2022/10/20 16:05:00",HAUGHT11,4.706560
D,DISPATCH,UNIT_SCADA,1,"2022/10/20 16:05:00",HAYMSF1,45.1150
D,DISPATCH,UNIT_SCADA,1,"2022/10/20 16:05:00",HDWF1,8
D,DISPATCH,UNIT_SCADA,1,"2022/10/20 16:05:00",HDWF2,12.60
D,DISPATCH,UNIT_SCADA,1,"2022/10/20 16:05:00",HDWF3,11.50
D,DISPATCH,UNIT_SCADA,1,"2022/10/20 16:05:00",HILLSTN1,0.288640
D,DISPATCH,UNIT_SCADA,1,"2022/10/20 16:05:00",HPRG1,6.50
D,DISPATCH,UNIT_SCADA,1,"2022/10/20 16:05:00",HPRL1,0
D,DISPATCH,UNIT_SCADA,1,"2022/10/20 16:05:00",HUMENSW,54.404470
D,DISPATCH,UNIT_SCADA,1,"2022/10/20 16:05:00",HUMEV,0
D,DISPATCH,UNIT_SCADA,1,"2022/10/20 16:05:00",HVWWBA1G,0
D,DISPATCH,UNIT_SCADA,1,"2022/10/20 16:05:00",HVWWBA1L,0.0060
D,DISPATCH,UNIT_SCADA,1,"2022/10/20 16:05:00",HVWWPV1,4.9730
D,DISPATCH,UNIT_SCADA,1,"2022/10/20 16:05:00",JBUTTERS,0
D,DISPATCH,UNIT_SCADA,1,"2022/10/20 16:05:00",JEMALNG1,13.10
D,DISPATCH,UNIT_SCADA,1,"2022/10/20 16:05:00",JLA01,0
D,DISPATCH,UNIT_SCADA,1,"2022/10/20 16:05:00",JLA02,0
D,DISPATCH,UNIT_SCADA,1,"2022/10/20 16:05:00",JLA03,0
D,DISPATCH,UNIT_SCADA,1,"2022/10/20 16:05:00",JLA04,0
D,DISPATCH,UNIT_SCADA,1,"2022/10/20 16:05:00",JLB01,0
D,DISPATCH,UNIT_SCADA,1,"2022/10/20 16:05:00",JLB02,0.10
D,DISPATCH,UNIT_SCADA,1,"2022/10/20 16:05:00",JLB03,0
D,DISPATCH,UNIT_SCADA,1,"2022/10/20 16:05:00",JUNEESF1,7.065090
D,DISPATCH,UNIT_SCADA,1,"2022/10/20 16:05:00",KABANWF1,1.3430
D,DISPATCH,UNIT_SCADA,1,"2022/10/20 16:05:00",KAREEYA1,18.1850
D,DISPATCH,UNIT_SCADA,1,"2022/10/20 16:05:00",KAREEYA2,0
D,DISPATCH,UNIT_SCADA,1,"2022/10/20 16:05:00",KAREEYA3,21.8425
D,DISPATCH,UNIT_SCADA,1,"2022/10/20 16:05:00",KAREEYA4,0
D,DISPATCH,UNIT_SCADA,1,"2022/10/20 16:05:00",KARSF1,55
D,DISPATCH,UNIT_SCADA,1,"2022/10/20 16:05:00",KEPSF1,3.82
D,DISPATCH,UNIT_SCADA,1,"2022/10/20 16:05:00",KEPWF1,20.92
D,DISPATCH,UNIT_SCADA,1,"2022/10/20 16:05:00",KIAMSF1,20.817120
D,DISPATCH,UNIT_SCADA,1,"2022/10/20 16:05:00",KIATAWF1,3.60
D,DISPATCH,UNIT_SCADA,1,"2022/10/20 16:05:00",KPP_1,0
D,DISPATCH,UNIT_SCADA,1,"2022/10/20 16:05:00",KSP1,11.03
D,DISPATCH,UNIT_SCADA,1,"2022/10/20 16:05:00",LADBROK1,0.01
D,DISPATCH,UNIT_SCADA,1,"2022/10/20 16:05:00",LADBROK2,0.02
D,DISPATCH,UNIT_SCADA,1,"2022/10/20 16:05:00",LBBG1,0.30
D,DISPATCH,UNIT_SCADA,1,"2022/10/20 16:05:00",LBBL1,0
D,DISPATCH,UNIT_SCADA,1,"2022/10/20 16:05:00",LD01,284.078490
D,DISPATCH,UNIT_SCADA,1,"2022/10/20 16:05:00",LD02,30.561240
D,DISPATCH,UNIT_SCADA,1,"2022/10/20 16:05:00",LD04,284.646150
D,DISPATCH,UNIT_SCADA,1,"2022/10/20 16:05:00",LEM_WIL,86.842510
D,DISPATCH,UNIT_SCADA,1,"2022/10/20 16:05:00",LGAPWF1,53.25
D,DISPATCH,UNIT_SCADA,1,"2022/10/20 16:05:00",LGAPWF2,29.45
D,DISPATCH,UNIT_SCADA,1,"2022/10/20 16:05:00",LILYSF1,33.554430
D,DISPATCH,UNIT_SCADA,1,"2022/10/20 16:05:00",LIMOSF11,148.994740
D,DISPATCH,UNIT_SCADA,1,"2022/10/20 16:05:00",LIMOSF21,11.975250
D,DISPATCH,UNIT_SCADA,1,"2022/10/20 16:05:00",LI_WY_CA,63.463330
D,DISPATCH,UNIT_SCADA,1,"2022/10/20 16:05:00",LKBONNY1,0
D,DISPATCH,UNIT_SCADA,1,"2022/10/20 16:05:00",LKBONNY2,10.962460
D,DISPATCH,UNIT_SCADA,1,"2022/10/20 16:05:00",LKBONNY3,4.354120
D,DISPATCH,UNIT_SCADA,1,"2022/10/20 16:05:00",LK_ECHO,0
D,DISPATCH,UNIT_SCADA,1,"2022/10/20 16:05:00",LNGS1,0
D,DISPATCH,UNIT_SCADA,1,"2022/10/20 16:05:00",LNGS2,0
D,DISPATCH,UNIT_SCADA,1,"2022/10/20 16:05:00",LONSDALE,0
D,DISPATCH,UNIT_SCADA,1,"2022/10/20 16:05:00",LOYYB1,480.072140
D,DISPATCH,UNIT_SCADA,1,"2022/10/20 16:05:00",LOYYB2,480.072140
D,DISPATCH,UNIT_SCADA,1,"2022/10/20 16:05:00",LYA1,557
D,DISPATCH,UNIT_SCADA,1,"2022/10/20 16:05:00",LYA2,0
D,DISPATCH,UNIT_SCADA,1,"2022/10/20 16:05:00",LYA3,556
D,DISPATCH,UNIT_SCADA,1,"2022/10/20 16:05:00",LYA4,558
D,DISPATCH,UNIT_SCADA,1,"2022/10/20 16:05:00",MACARTH1,57.498670
D,DISPATCH,UNIT_SCADA,1,"2022/10/20 16:05:00",MACKNTSH,0
D,DISPATCH,UNIT_SCADA,1,"2022/10/20 16:05:00",MANSLR1,10.1990
D,DISPATCH,UNIT_SCADA,1,"2022/10/20 16:05:00",MAPS2PV1,0
D,DISPATCH,UNIT_SCADA,1,"2022/10/20 16:05:00",MAPS3PV1,0
D,DISPATCH,UNIT_SCADA,1,"2022/10/20 16:05:00",MARYRSF1,8.84
D,DISPATCH,UNIT_SCADA,1,"2022/10/20 16:05:00",MBPS2PV1,0
D,DISPATCH,UNIT_SCADA,1,"2022/10/20 16:05:00",MCKAY1,5.1850
D,DISPATCH,UNIT_SCADA,1,"2022/10/20 16:05:00",MEADOWBK,6.0018
D,DISPATCH,UNIT_SCADA,1,"2022/10/20 16:05:00",MERCER01,26
D,DISPATCH,UNIT_SCADA,1,"2022/10/20 16:05:00",METZSF1,89.433620
D,DISPATCH,UNIT_SCADA,1,"2022/10/20 16:05:00",MEWF1,45.027330
D,DISPATCH,UNIT_SCADA,1,"2022/10/20 16:05:00",MIDDLSF1,9.49
D,DISPATCH,UNIT_SCADA,1,"2022/10/20 16:05:00",MINTARO,0.128180
D,DISPATCH,UNIT_SCADA,1,"2022/10/20 16:05:00",MOLNGSF1,3.822080
D,DISPATCH,UNIT_SCADA,1,"2022/10/20 16:05:00",MOORAWF1,41.39
D,DISPATCH,UNIT_SCADA,1,"2022/10/20 16:05:00",MOREESF1,2.9540
D,DISPATCH,UNIT_SCADA,1,"2022/10/20 16:05:00",MORTLK11,0
D,DISPATCH,UNIT_SCADA,1,"2022/10/20 16:05:00",MORTLK12,0
D,DISPATCH,UNIT_SCADA,1,"2022/10/20 16:05:00",MOUSF1,0
D,DISPATCH,UNIT_SCADA,1,"2022/10/20 16:05:00",MP1,0
D,DISPATCH,UNIT_SCADA,1,"2022/10/20 16:05:00",MP2,560.787350
D,DISPATCH,UNIT_SCADA,1,"2022/10/20 16:05:00",MPP_1,39.979370
D,DISPATCH,UNIT_SCADA,1,"2022/10/20 16:05:00",MPP_2,185.308940
D,DISPATCH,UNIT_SCADA,1,"2022/10/20 16:05:00",MRTLSWF1,0
D,DISPATCH,UNIT_SCADA,1,"2022/10/20 16:05:00",MSTUART1,0
D,DISPATCH,UNIT_SCADA,1,"2022/10/20 16:05:00",MSTUART2,0
D,DISPATCH,UNIT_SCADA,1,"2022/10/20 16:05:00",MSTUART3,0
D,DISPATCH,UNIT_SCADA,1,"2022/10/20 16:05:00",MTGELWF1,51.796010
D,DISPATCH,UNIT_SCADA,1,"2022/10/20 16:05:00",MTMILLAR,12.90
D,DISPATCH,UNIT_SCADA,1,"2022/10/20 16:05:00",MURRAY,0
D,DISPATCH,UNIT_SCADA,1,"2022/10/20 16:05:00",MUSSELR1,2.80
D,DISPATCH,UNIT_SCADA,1,"2022/10/20 16:05:00",MUWAWF1,47.97
D,DISPATCH,UNIT_SCADA,1,"2022/10/20 16:05:00",MUWAWF2,25.20
D,DISPATCH,UNIT_SCADA,1,"2022/10/20 16:05:00",MWPS1PV1,4.57
D,DISPATCH,UNIT_SCADA,1,"2022/10/20 16:05:00",MWPS2PV1,4.60
D,DISPATCH,UNIT_SCADA,1,"2022/10/20 16:05:00",MWPS3PV1,0.93
D,DISPATCH,UNIT_SCADA,1,"2022/10/20 16:05:00",MWPS4PV1,0.67
D,DISPATCH,UNIT_SCADA,1,"2022/10/20 16:05:00",NBHWF1,0.30
D,DISPATCH,UNIT_SCADA,1,"2022/10/20 16:05:00",NEVERSF1,3.77
D,DISPATCH,UNIT_SCADA,1,"2022/10/20 16:05:00",NPS,0
D,DISPATCH,UNIT_SCADA,1,"2022/10/20 16:05:00",NUMURSF1,78.21
D,DISPATCH,UNIT_SCADA,1,"2022/10/20 16:05:00",NYNGAN1,5.25
D,DISPATCH,UNIT_SCADA,1,"2022/10/20 16:05:00",OAKEY1,0
D,DISPATCH,UNIT_SCADA,1,"2022/10/20 16:05:00",OAKEY1SF,6.3480
D,DISPATCH,UNIT_SCADA,1,"2022/10/20 16:05:00",OAKEY2,0
D,DISPATCH,UNIT_SCADA,1,"2022/10/20 16:05:00",OAKEY2SF,14.97
D,DISPATCH,UNIT_SCADA,1,"2022/10/20 16:05:00",OAKLAND1,19.10
D,DISPATCH,UNIT_SCADA,1,"2022/10/20 16:05:00",OSB-AG,66.35
D,DISPATCH,UNIT_SCADA,1,"2022/10/20 16:05:00",PAREPS1,1.9890
D,DISPATCH,UNIT_SCADA,1,"2022/10/20 16:05:00",PAREPW1,93.95
D,DISPATCH,UNIT_SCADA,1,"2022/10/20 16:05:00",PARSF1,50.002290
D,DISPATCH,UNIT_SCADA,1,"2022/10/20 16:05:00",POAT110,0
D,DISPATCH,UNIT_SCADA,1,"2022/10/20 16:05:00",POAT220,0
D,DISPATCH,UNIT_SCADA,1,"2022/10/20 16:05:00",POR01,0
D,DISPATCH,UNIT_SCADA,1,"2022/10/20 16:05:00",POR03,0
D,DISPATCH,UNIT_SCADA,1,"2022/10/20 16:05:00",PPCCGT,168.8544
D,DISPATCH,UNIT_SCADA,1,"2022/10/20 16:05:00",PTSTAN1,0
D,DISPATCH,UNIT_SCADA,1,"2022/10/20 16:05:00",PUMP1,0
D,DISPATCH,UNIT_SCADA,1,"2022/10/20 16:05:00",PUMP2,0
D,DISPATCH,UNIT_SCADA,1,"2022/10/20 16:05:00",QBYNBG1,0
D,DISPATCH,UNIT_SCADA,1,"2022/10/20 16:05:00",QBYNBL1,2.565460
D,DISPATCH,UNIT_SCADA,1,"2022/10/20 16:05:00",QPS1,0
D,DISPATCH,UNIT_SCADA,1,"2022/10/20 16:05:00",QPS2,0
D,DISPATCH,UNIT_SCADA,1,"2022/10/20 16:05:00",QPS3,0
D,DISPATCH,UNIT_SCADA,1,"2022/10/20 16:05:00",QPS4,0
D,DISPATCH,UNIT_SCADA,1,"2022/10/20 16:05:00",QPS5,76.66
D,DISPATCH,UNIT_SCADA,1,"2022/10/20 16:05:00",REECE1,2.091860
D,DISPATCH,UNIT_SCADA,1,"2022/10/20 16:05:00",REECE2,0
D,DISPATCH,UNIT_SCADA,1,"2022/10/20 16:05:00",ROMA_7,0
D,DISPATCH,UNIT_SCADA,1,"2022/10/20 16:05:00",ROMA_8,0
D,DISPATCH,UNIT_SCADA,1,"2022/10/20 16:05:00",RRSF1,33.918430
D,DISPATCH,UNIT_SCADA,1,"2022/10/20 16:05:00",RT_NSW1,0
D,DISPATCH,UNIT_SCADA,1,"2022/10/20 16:05:00",RT_NSW2,0
D,DISPATCH,UNIT_SCADA,1,"2022/10/20 16:05:00",RT_NSW3,0
D,DISPATCH,UNIT_SCADA,1,"2022/10/20 16:05:00",RT_NSW4,0
D,DISPATCH,UNIT_SCADA,1,"2022/10/20 16:05:00",RT_NSW5,0
D,DISPATCH,UNIT_SCADA,1,"2022/10/20 16:05:00",RT_NSW6,0
D,DISPATCH,UNIT_SCADA,1,"2022/10/20 16:05:00",RT_QLD1,0
D,DISPATCH,UNIT_SCADA,1,"2022/10/20 16:05:00",RT_SA1,0
D,DISPATCH,UNIT_SCADA,1,"2022/10/20 16:05:00",RT_SA2,0
D,DISPATCH,UNIT_SCADA,1,"2022/10/20 16:05:00",RT_SA3,0
D,DISPATCH,UNIT_SCADA,1,"2022/10/20 16:05:00",RT_SA4,0
D,DISPATCH,UNIT_SCADA,1,"2022/10/20 16:05:00",RT_SA5,0
D,DISPATCH,UNIT_SCADA,1,"2022/10/20 16:05:00",RT_SA6,0
D,DISPATCH,UNIT_SCADA,1,"2022/10/20 16:05:00",RT_TAS1,0
D,DISPATCH,UNIT_SCADA,1,"2022/10/20 16:05:00",RT_VIC1,0
D,DISPATCH,UNIT_SCADA,1,"2022/10/20 16:05:00",RT_VIC10,0
D,DISPATCH,UNIT_SCADA,1,"2022/10/20 16:05:00",RT_VIC11,0
D,DISPATCH,UNIT_SCADA,1,"2022/10/20 16:05:00",RT_VIC12,0
D,DISPATCH,UNIT_SCADA,1,"2022/10/20 16:05:00",RT_VIC2,0
D,DISPATCH,UNIT_SCADA,1,"2022/10/20 16:05:00",RT_VIC3,0
D,DISPATCH,UNIT_SCADA,1,"2022/10/20 16:05:00",RT_VIC4,0
D,DISPATCH,UNIT_SCADA,1,"2022/10/20 16:05:00",RT_VIC5,0
D,DISPATCH,UNIT_SCADA,1,"2022/10/20 16:05:00",RT_VIC6,0
D,DISPATCH,UNIT_SCADA,1,"2022/10/20 16:05:00",RT_VIC7,0
D,DISPATCH,UNIT_SCADA,1,"2022/10/20 16:05:00",RT_VIC8,0
D,DISPATCH,UNIT_SCADA,1,"2022/10/20 16:05:00",RT_VIC9,0
D,DISPATCH,UNIT_SCADA,1,"2022/10/20 16:05:00",RUGBYR1,0
D,DISPATCH,UNIT_SCADA,1,"2022/10/20 16:05:00",SALTCRK1,22.94
D,DISPATCH,UNIT_SCADA,1,"2022/10/20 16:05:00",SAPHWF1,31.847110
D,DISPATCH,UNIT_SCADA,1,"2022/10/20 16:05:00",SEBSF1,8.919840
D,DISPATCH,UNIT_SCADA,1,"2022/10/20 16:05:00",SHGEN,0
D,DISPATCH,UNIT_SCADA,1,"2022/10/20 16:05:00",SHPUMP,0
D,DISPATCH,UNIT_SCADA,1,"2022/10/20 16:05:00",SITHE01,0.083520
D,DISPATCH,UNIT_SCADA,1,"2022/10/20 16:05:00",SMCSF1,13.6410
D,DISPATCH,UNIT_SCADA,1,"2022/10/20 16:05:00",SNAPPER1,0
D,DISPATCH,UNIT_SCADA,1,"2022/10/20 16:05:00",SNOWNTH1,13.20
D,DISPATCH,UNIT_SCADA,1,"2022/10/20 16:05:00",SNOWSTH1,14.50
D,DISPATCH,UNIT_SCADA,1,"2022/10/20 16:05:00",SNOWTWN1,4.817810
D,DISPATCH,UNIT_SCADA,1,"2022/10/20 16:05:00",SNOWYP,0
D,DISPATCH,UNIT_SCADA,1,"2022/10/20 16:05:00",SNUG1,0
D,DISPATCH,UNIT_SCADA,1,"2022/10/20 16:05:00",SRSF1,2.14
D,DISPATCH,UNIT_SCADA,1,"2022/10/20 16:05:00",STAN-1,280.876460
D,DISPATCH,UNIT_SCADA,1,"2022/10/20 16:05:00",STAN-2,356.3092
D,DISPATCH,UNIT_SCADA,1,"2022/10/20 16:05:00",STAN-3,147.1868
D,DISPATCH,UNIT_SCADA,1,"2022/10/20 16:05:00",STAN-4,353.72
D,DISPATCH,UNIT_SCADA,1,"2022/10/20 16:05:00",STARHLWF,11.596620
D,DISPATCH,UNIT_SCADA,1,"2022/10/20 16:05:00",STOCKYD1,202.53
D,DISPATCH,UNIT_SCADA,1,"2022/10/20 16:05:00",STWF1,1.5436
D,DISPATCH,UNIT_SCADA,1,"2022/10/20 16:05:00",SUNRSF1,76.031130
D,DISPATCH,UNIT_SCADA,1,"2022/10/20 16:05:00",SUNTPSF1,69.304650
D,DISPATCH,UNIT_SCADA,1,"2022/10/20 16:05:00",SWAN_E,270.968750
D,DISPATCH,UNIT_SCADA,1,"2022/10/20 16:05:00",TALWA1,0
D,DISPATCH,UNIT_SCADA,1,"2022/10/20 16:05:00",TARALGA1,0
D,DISPATCH,UNIT_SCADA,1,"2022/10/20 16:05:00",TARONG#1,347.399990
D,DISPATCH,UNIT_SCADA,1,"2022/10/20 16:05:00",TARONG#2,348.200010
D,DISPATCH,UNIT_SCADA,1,"2022/10/20 16:05:00",TARONG#3,0.90
D,DISPATCH,UNIT_SCADA,1,"2022/10/20 16:05:00",TARONG#4,289
D,DISPATCH,UNIT_SCADA,1,"2022/10/20 16:05:00",TARRALEA,54
D,DISPATCH,UNIT_SCADA,1,"2022/10/20 16:05:00",TBSF1,0.10
D,DISPATCH,UNIT_SCADA,1,"2022/10/20 16:05:00",TNPS1,413.1250
D,DISPATCH,UNIT_SCADA,1,"2022/10/20 16:05:00",TORRB1,0
D,DISPATCH,UNIT_SCADA,1,"2022/10/20 16:05:00",TORRB2,64
D,DISPATCH,UNIT_SCADA,1,"2022/10/20 16:05:00",TORRB3,0
D,DISPATCH,UNIT_SCADA,1,"2022/10/20 16:05:00",TORRB4,0
D,DISPATCH,UNIT_SCADA,1,"2022/10/20 16:05:00",TREVALLN,100.3347
D,DISPATCH,UNIT_SCADA,1,"2022/10/20 16:05:00",TRIBUTE,0
D,DISPATCH,UNIT_SCADA,1,"2022/10/20 16:05:00",TUMUT3,125.649990
D,DISPATCH,UNIT_SCADA,1,"2022/10/20 16:05:00",TUNGATIN,6.740020
D,DISPATCH,UNIT_SCADA,1,"2022/10/20 16:05:00",TVCC201,0
D,DISPATCH,UNIT_SCADA,1,"2022/10/20 16:05:00",TVPP104,0
D,DISPATCH,UNIT_SCADA,1,"2022/10/20 16:05:00",UPPTUMUT,0
D,DISPATCH,UNIT_SCADA,1,"2022/10/20 16:05:00",URANQ11,0
D,DISPATCH,UNIT_SCADA,1,"2022/10/20 16:05:00",URANQ12,0
D,DISPATCH,UNIT_SCADA,1,"2022/10/20 16:05:00",URANQ13,0
D,DISPATCH,UNIT_SCADA,1,"2022/10/20 16:05:00",URANQ14,0
D,DISPATCH,UNIT_SCADA,1,"2022/10/20 16:05:00",VBBG1,15.60
D,DISPATCH,UNIT_SCADA,1,"2022/10/20 16:05:00",VBBL1,0
D,DISPATCH,UNIT_SCADA,1,"2022/10/20 16:05:00",VP5,491.030610
D,DISPATCH,UNIT_SCADA,1,"2022/10/20 16:05:00",VP6,491.201510
D,DISPATCH,UNIT_SCADA,1,"2022/10/20 16:05:00",VPGS1,0
D,DISPATCH,UNIT_SCADA,1,"2022/10/20 16:05:00",VPGS2,0
D,DISPATCH,UNIT_SCADA,1,"2022/10/20 16:05:00",VPGS3,0
D,DISPATCH,UNIT_SCADA,1,"2022/10/20 16:05:00",VPGS4,0
D,DISPATCH,UNIT_SCADA,1,"2022/10/20 16:05:00",VPGS5,0
D,DISPATCH,UNIT_SCADA,1,"2022/10/20 16:05:00",VPGS6,0
D,DISPATCH,UNIT_SCADA,1,"2022/10/20 16:05:00",W/HOE#1,0
D,DISPATCH,UNIT_SCADA,1,"2022/10/20 16:05:00",W/HOE#2,0
D,DISPATCH,UNIT_SCADA,1,"2022/10/20 16:05:00",WAGGNSF1,0
D,DISPATCH,UNIT_SCADA,1,"2022/10/20 16:05:00",WALGRVG1,0.000930
D,DISPATCH,UNIT_SCADA,1,"2022/10/20 16:05:00",WALGRVL1,0
D,DISPATCH,UNIT_SCADA,1,"2022/10/20 16:05:00",WANDBG1,1.630940
D,DISPATCH,UNIT_SCADA,1,"2022/10/20 16:05:00",WANDBL1,0
D,DISPATCH,UNIT_SCADA,1,"2022/10/20 16:05:00",WARWSF1,15.99
D,DISPATCH,UNIT_SCADA,1,"2022/10/20 16:05:00",WARWSF2,15.96
D,DISPATCH,UNIT_SCADA,1,"2022/10/20 16:05:00",WATERLWF,0
D,DISPATCH,UNIT_SCADA,1,"2022/10/20 16:05:00",WDGPH1,13.6830
D,DISPATCH,UNIT_SCADA,1,"2022/10/20 16:05:00",WELLSF1,85.593960
D,DISPATCH,UNIT_SCADA,1,"2022/10/20 16:05:00",WEMENSF1,10.50
D,DISPATCH,UNIT_SCADA,1,"2022/10/20 16:05:00",WGWF1,0.70
D,DISPATCH,UNIT_SCADA,1,"2022/10/20 16:05:00",WHITSF1,52.30
D,DISPATCH,UNIT_SCADA,1,"2022/10/20 16:05:00",WINTSF1,22.94
D,DISPATCH,UNIT_SCADA,1,"2022/10/20 16:05:00",WKIEWA1,32.50
D,DISPATCH,UNIT_SCADA,1,"2022/10/20 16:05:00",WKIEWA2,14.30
D,DISPATCH,UNIT_SCADA,1,"2022/10/20 16:05:00",WOODLWN1,34.036160
D,DISPATCH,UNIT_SCADA,1,"2022/10/20 16:05:00",WOOLGSF1,5.3097
D,DISPATCH,UNIT_SCADA,1,"2022/10/20 16:05:00",WPWF,46.67
D,DISPATCH,UNIT_SCADA,1,"2022/10/20 16:05:00",WRSF1,2.710040
D,DISPATCH,UNIT_SCADA,1,"2022/10/20 16:05:00",WRWF1,18.028230
D,DISPATCH,UNIT_SCADA,1,"2022/10/20 16:05:00",WSTWYSF1,5.033470
D,DISPATCH,UNIT_SCADA,1,"2022/10/20 16:05:00",YABULU,0
D,DISPATCH,UNIT_SCADA,1,"2022/10/20 16:05:00",YABULU2,0
D,DISPATCH,UNIT_SCADA,1,"2022/10/20 16:05:00",YARANSF1,30.85
D,DISPATCH,UNIT_SCADA,1,"2022/10/20 16:05:00",YARWUN_1,159.50
D,DISPATCH,UNIT_SCADA,1,"2022/10/20 16:05:00",YATSF1,25.70
D,DISPATCH,UNIT_SCADA,1,"2022/10/20 16:05:00",YENDWF1,27.22
D,DISPATCH,UNIT_SCADA,1,"2022/10/20 16:05:00",YWPS1,359.6481
D,DISPATCH,UNIT_SCADA,1,"2022/10/20 16:05:00",YWPS2,292.979740
D,DISPATCH,UNIT_SCADA,1,"2022/10/20 16:05:00",YWPS3,356.283540
D,DISPATCH,UNIT_SCADA,1,"2022/10/20 16:05:00",YWPS4,0
C,"END OF REPORT",419
