C,NEMP.WORLD,DISPATCHSCADA,AEMO,PUBLIC,2022/10/20,18:20:09,0000000373272891,DISPATCHSCADA,0000000373272885
I,DISPATCH,UNIT_SCADA,1,SETTLEMENTDATE,DUID,SCADAVALUE
D,DISPATCH,UNIT_SCADA,1,"2022/10/20 18:25:00",BARCSF1,0.10
D,DISPATCH,UNIT_SCADA,1,"2022/10/20 18:25:00",BUTLERSG,8.699999
D,DISPATCH,UNIT_SCADA,1,"2022/10/20 18:25:00",CAPTL_WF,80.805923
D,DISPATCH,UNIT_SCADA,1,"2022/10/20 18:25:00",CHALLHWF,3.20
D,DISPATCH,UNIT_SCADA,1,"2022/10/20 18:25:00",CLOVER,13.05
D,DISPATCH,UNIT_SCADA,1,"2022/10/20 18:25:00",CLUNY,6.386358
D,DISPATCH,UNIT_SCADA,1,"2022/10/20 18:25:00",CULLRGWF,-0.02
D,DISPATCH,UNIT_SCADA,1,"2022/10/20 18:25:00",DIAPURWF1,1.40
D,DISPATCH,UNIT_SCADA,1,"2022/10/20 18:25:00",ERGT01,0
D,DISPATCH,UNIT_SCADA,1,"2022/10/20 18:25:00",GB01,0
D,DISPATCH,UNIT_SCADA,1,"2022/10/20 18:25:00",GERMCRK,19.90
D,DISPATCH,UNIT_SCADA,1,"2022/10/20 18:25:00",GRIFSF1,0.300603
D,DISPATCH,UNIT_SCADA,1,"2022/10/20 18:25:00",HEZ1,0
D,DISPATCH,UNIT_SCADA,1,"2022/10/20 18:25:00",HUGSF1,0.0580
D,DISPATCH,UNIT_SCADA,1,"2022/10/20 18:25:00",KEPBG1,2.01
D,DISPATCH,UNIT_SCADA,1,"2022/10/20 18:25:00",LRSF1,0.2130
D,DISPATCH,UNIT_SCADA,1,"2022/10/20 18:25:00",MBAHNTH,43.649994
D,DISPATCH,UNIT_SCADA,1,"2022/10/20 18:25:00",MLSP1,0
D,DISPATCH,UNIT_SCADA,1,"2022/10/20 18:25:00",MLWF1,8.07
D,DISPATCH,UNIT_SCADA,1,"2022/10/20 18:25:00",PALOONA,30.58
D,DISPATCH,UNIT_SCADA,1,"2022/10/20 18:25:00",PIONEER,41.799999
D,DISPATCH,UNIT_SCADA,1,"2022/10/20 18:25:00",PORTWF,35
D,DISPATCH,UNIT_SCADA,1,"2022/10/20 18:25:00",REPULSE,9.867704
D,DISPATCH,UNIT_SCADA,1,"2022/10/20 18:25:00",ROWALLAN,8.9460
D,DISPATCH,UNIT_SCADA,1,"2022/10/20 18:25:00",ROYALLA1,0
D,DISPATCH,UNIT_SCADA,1,"2022/10/20 18:25:00",RPCG,-1.80
D,DISPATCH,UNIT_SCADA,1,"2022/10/20 18:25:00",RUBICON,0
D,DISPATCH,UNIT_SCADA,1,"2022/10/20 18:25:00",WAUBRAWF,77.053001
D,DISPATCH,UNIT_SCADA,1,"2022/10/20 18:25:00",WOOLNTH1,97.649994
D,DISPATCH,UNIT_SCADA,1,"2022/10/20 18:25:00",YAMBUKWF,5.40
D,DISPATCH,UNIT_SCADA,1,"2022/10/20 18:25:00",YSWF1,2.20
D,DISPATCH,UNIT_SCADA,1,"2022/10/20 18:25:00",ADPBA1G,0.0080
D,DISPATCH,UNIT_SCADA,1,"2022/10/20 18:25:00",ADPBA1L,0
D,DISPATCH,UNIT_SCADA,1,"2022/10/20 18:25:00",ADPPV1,0.5580
D,DISPATCH,UNIT_SCADA,1,"2022/10/20 18:25:00",AGLHAL,30.732150
D,DISPATCH,UNIT_SCADA,1,"2022/10/20 18:25:00",AGLSOM,0
D,DISPATCH,UNIT_SCADA,1,"2022/10/20 18:25:00",ANGAST1,0
D,DISPATCH,UNIT_SCADA,1,"2022/10/20 18:25:00",ARWF1,55.10
D,DISPATCH,UNIT_SCADA,1,"2022/10/20 18:25:00",BALBG1,0
D,DISPATCH,UNIT_SCADA,1,"2022/10/20 18:25:00",BALBL1,0
D,DISPATCH,UNIT_SCADA,1,"2022/10/20 18:25:00",BALDHWF1,104.753010
D,DISPATCH,UNIT_SCADA,1,"2022/10/20 18:25:00",BANGOWF1,90.399330
D,DISPATCH,UNIT_SCADA,1,"2022/10/20 18:25:00",BANGOWF2,61.498050
D,DISPATCH,UNIT_SCADA,1,"2022/10/20 18:25:00",BANN1,5.21
D,DISPATCH,UNIT_SCADA,1,"2022/10/20 18:25:00",BARCALDN,0
D,DISPATCH,UNIT_SCADA,1,"2022/10/20 18:25:00",BARKIPS1,131.23
D,DISPATCH,UNIT_SCADA,1,"2022/10/20 18:25:00",BARRON-1,27.84
D,DISPATCH,UNIT_SCADA,1,"2022/10/20 18:25:00",BARRON-2,28.12
D,DISPATCH,UNIT_SCADA,1,"2022/10/20 18:25:00",BASTYAN,69.420010
D,DISPATCH,UNIT_SCADA,1,"2022/10/20 18:25:00",BBTHREE1,0
D,DISPATCH,UNIT_SCADA,1,"2022/10/20 18:25:00",BBTHREE2,0
D,DISPATCH,UNIT_SCADA,1,"2022/10/20 18:25:00",BBTHREE3,-1.15
D,DISPATCH,UNIT_SCADA,1,"2022/10/20 18:25:00",BDL01,0
D,DISPATCH,UNIT_SCADA,1,"2022/10/20 18:25:00",BDL02,0
D,DISPATCH,UNIT_SCADA,1,"2022/10/20 18:25:00",BERYLSF1,0
D,DISPATCH,UNIT_SCADA,1,"2022/10/20 18:25:00",BLOWERNG,62.60
D,DISPATCH,UNIT_SCADA,1,"2022/10/20 18:25:00",BLUEGSF1,0
D,DISPATCH,UNIT_SCADA,1,"2022/10/20 18:25:00",BLUFF1,0.70
D,DISPATCH,UNIT_SCADA,1,"2022/10/20 18:25:00",BNGSF1,22.31
D,DISPATCH,UNIT_SCADA,1,"2022/10/20 18:25:00",BNGSF2,19.27
D,DISPATCH,UNIT_SCADA,1,"2022/10/20 18:25:00",BOCORWF1,50.59
D,DISPATCH,UNIT_SCADA,1,"2022/10/20 18:25:00",BODWF1,109.612120
D,DISPATCH,UNIT_SCADA,1,"2022/10/20 18:25:00",BOMENSF1,0.781870
D,DISPATCH,UNIT_SCADA,1,"2022/10/20 18:25:00",BOWWBA1G,0
D,DISPATCH,UNIT_SCADA,1,"2022/10/20 18:25:00",BOWWBA1L,0.0030
D,DISPATCH,UNIT_SCADA,1,"2022/10/20 18:25:00",BOWWPV1,0
D,DISPATCH,UNIT_SCADA,1,"2022/10/20 18:25:00",BRAEMAR1,0
D,DISPATCH,UNIT_SCADA,1,"2022/10/20 18:25:00",BRAEMAR2,0
D,DISPATCH,UNIT_SCADA,1,"2022/10/20 18:25:00",BRAEMAR3,0
D,DISPATCH,UNIT_SCADA,1,"2022/10/20 18:25:00",BRAEMAR5,144.146220
D,DISPATCH,UNIT_SCADA,1,"2022/10/20 18:25:00",BRAEMAR6,0
D,DISPATCH,UNIT_SCADA,1,"2022/10/20 18:25:00",BRAEMAR7,153.673390
D,DISPATCH,UNIT_SCADA,1,"2022/10/20 18:25:00",BROKENH1,0
D,DISPATCH,UNIT_SCADA,1,"2022/10/20 18:25:00",BRYB1WF1,93.095290
D,DISPATCH,UNIT_SCADA,1,"2022/10/20 18:25:00",BULBESG1,0
D,DISPATCH,UNIT_SCADA,1,"2022/10/20 18:25:00",BULBESL1,0.04
D,DISPATCH,UNIT_SCADA,1,"2022/10/20 18:25:00",BULGANA1,85.55
D,DISPATCH,UNIT_SCADA,1,"2022/10/20 18:25:00",BW01,658.005680
D,DISPATCH,UNIT_SCADA,1,"2022/10/20 18:25:00",BW02,638.010250
D,DISPATCH,UNIT_SCADA,1,"2022/10/20 18:25:00",BW03,603.341740
D,DISPATCH,UNIT_SCADA,1,"2022/10/20 18:25:00",BW04,0
D,DISPATCH,UNIT_SCADA,1,"2022/10/20 18:25:00",CALL_B_1,320.100010
D,DISPATCH,UNIT_SCADA,1,"2022/10/20 18:25:00",CALL_B_2,319.50
D,DISPATCH,UNIT_SCADA,1,"2022/10/20 18:25:00",CATHROCK,11.60
D,DISPATCH,UNIT_SCADA,1,"2022/10/20 18:25:00",CBWWBA1G,0
D,DISPATCH,UNIT_SCADA,1,"2022/10/20 18:25:00",CBWWBA1L,0
D,DISPATCH,UNIT_SCADA,1,"2022/10/20 18:25:00",CETHANA,97.585750
D,DISPATCH,UNIT_SCADA,1,"2022/10/20 18:25:00",CG1,0
D,DISPATCH,UNIT_SCADA,1,"2022/10/20 18:25:00",CG2,0
D,DISPATCH,UNIT_SCADA,1,"2022/10/20 18:25:00",CG3,0
D,DISPATCH,UNIT_SCADA,1,"2022/10/20 18:25:00",CG4,0
D,DISPATCH,UNIT_SCADA,1,"2022/10/20 18:25:00",CHILDSF1,0
D,DISPATCH,UNIT_SCADA,1,"2022/10/20 18:25:00",CHYTWF1,10.47
D,DISPATCH,UNIT_SCADA,1,"2022/10/20 18:25:00",CLARESF1,0
D,DISPATCH,UNIT_SCADA,1,"2022/10/20 18:25:00",CLEMGPWF,7.779780
D,DISPATCH,UNIT_SCADA,1,"2022/10/20 18:25:00",CLERMSF1,0
D,DISPATCH,UNIT_SCADA,1,"2022/10/20 18:25:00",CNUNDAWF,12.414480
D,DISPATCH,UNIT_SCADA,1,"2022/10/20 18:25:00",COHUNSF1,0.12
D,DISPATCH,UNIT_SCADA,1,"2022/10/20 18:25:00",COLEASF1,2.399860
D,DISPATCH,UNIT_SCADA,1,"2022/10/20 18:25:00",COLUMSF1,0
D,DISPATCH,UNIT_SCADA,1,"2022/10/20 18:25:00",COLWF01,93.821620
D,DISPATCH,UNIT_SCADA,1,"2022/10/20 18:25:00",COOPGWF1,371.359990
D,DISPATCH,UNIT_SCADA,1,"2022/10/20 18:25:00",CPP_3,368.774990
D,DISPATCH,UNIT_SCADA,1,"2022/10/20 18:25:00",CPP_4,0
D,DISPATCH,UNIT_SCADA,1,"2022/10/20 18:25:00",CPSA,0
D,DISPATCH,UNIT_SCADA,1,"2022/10/20 18:25:00",CROOKWF2,42.563510
D,DISPATCH,UNIT_SCADA,1,"2022/10/20 18:25:00",CROWLWF1,23.264260
D,DISPATCH,UNIT_SCADA,1,"2022/10/20 18:25:00",CRURWF1,86.296410
D,DISPATCH,UNIT_SCADA,1,"2022/10/20 18:25:00",CRWASF1,0.015070
D,DISPATCH,UNIT_SCADA,1,"2022/10/20 18:25:00",CSPVPS1,0
D,DISPATCH,UNIT_SCADA,1,"2022/10/20 18:25:00",CTHLWF1,0.003050
D,DISPATCH,UNIT_SCADA,1,"2022/10/20 18:25:00",DALNTH01,2.055390
D,DISPATCH,UNIT_SCADA,1,"2022/10/20 18:25:00",DALNTHL1,0
D,DISPATCH,UNIT_SCADA,1,"2022/10/20 18:25:00",DARLSF1,4.546030
D,DISPATCH,UNIT_SCADA,1,"2022/10/20 18:25:00",DARTM1,0
D,DISPATCH,UNIT_SCADA,1,"2022/10/20 18:25:00",DAYDSF1,0
D,DISPATCH,UNIT_SCADA,1,"2022/10/20 18:25:00",DDPS1,0
D,DISPATCH,UNIT_SCADA,1,"2022/10/20 18:25:00",DDSF1,0
D,DISPATCH,UNIT_SCADA,1,"2022/10/20 18:25:00",DEVILS_G,60.133670
D,DISPATCH,UNIT_SCADA,1,"2022/10/20 18:25:00",DG_NSW1,0
D,DISPATCH,UNIT_SCADA,1,"2022/10/20 18:25:00",DG_QLD1,0
D,DISPATCH,UNIT_SCADA,1,"2022/10/20 18:25:00",DG_SA1,0
D,DISPATCH,UNIT_SCADA,1,"2022/10/20 18:25:00",DG_TAS1,0
D,DISPATCH,UNIT_SCADA,1,"2022/10/20 18:25:00",DG_VIC1,0
D,DISPATCH,UNIT_SCADA,1,"2022/10/20 18:25:00",DRYCGT1,0
D,DISPATCH,UNIT_SCADA,1,"2022/10/20 18:25:00",DRYCGT2,0
D,DISPATCH,UNIT_SCADA,1,"2022/10/20 18:25:00",DRYCGT3,0
D,DISPATCH,UNIT_SCADA,1,"2022/10/20 18:25:00",DUNDWF1,63.52
D,DISPATCH,UNIT_SCADA,1,"2022/10/20 18:25:00",DUNDWF2,20.25
D,DISPATCH,UNIT_SCADA,1,"2022/10/20 18:25:00",DUNDWF3,66.12
D,DISPATCH,UNIT_SCADA,1,"2022/10/20 18:25:00",EILDON1,60
D,DISPATCH,UNIT_SCADA,1,"2022/10/20 18:25:00",EILDON2,60.08
D,DISPATCH,UNIT_SCADA,1,"2022/10/20 18:25:00",ELAINWF1,17.57
D,DISPATCH,UNIT_SCADA,1,"2022/10/20 18:25:00",EMERASF1,0
D,DISPATCH,UNIT_SCADA,1,"2022/10/20 18:25:00",ER01,0
D,DISPATCH,UNIT_SCADA,1,"2022/10/20 18:25:00",ER02,499.848940
D,DISPATCH,UNIT_SCADA,1,"2022/10/20 18:25:00",ER03,639.035640
D,DISPATCH,UNIT_SCADA,1,"2022/10/20 18:25:00",ER04,699.339290
D,DISPATCH,UNIT_SCADA,1,"2022/10/20 18:25:00",FINLYSF1,0.582890
D,DISPATCH,UNIT_SCADA,1,"2022/10/20 18:25:00",FISHER,43.86
D,DISPATCH,UNIT_SCADA,1,"2022/10/20 18:25:00",GANGARR1,0
D,DISPATCH,UNIT_SCADA,1,"2022/10/20 18:25:00",GANNBG1,4.832180
D,DISPATCH,UNIT_SCADA,1,"2022/10/20 18:25:00",GANNBL1,0
D,DISPATCH,UNIT_SCADA,1,"2022/10/20 18:25:00",GANNSF1,1
D,DISPATCH,UNIT_SCADA,1,"2022/10/20 18:25:00",GLRWNSF1,1.38
D,DISPATCH,UNIT_SCADA,1,"2022/10/20 18:25:00",GNNDHSF1,0
D,DISPATCH,UNIT_SCADA,1,"2022/10/20 18:25:00",GOONSF1,0
D,DISPATCH,UNIT_SCADA,1,"2022/10/20 18:25:00",GORDON,270.767640
D,DISPATCH,UNIT_SCADA,1,"2022/10/20 18:25:00",GRANWF1,0
D,DISPATCH,UNIT_SCADA,1,"2022/10/20 18:25:00",GSTONE1,220.6750
D,DISPATCH,UNIT_SCADA,1,"2022/10/20 18:25:00",GSTONE2,0
D,DISPATCH,UNIT_SCADA,1,"2022/10/20 18:25:00",GSTONE3,200.20
D,DISPATCH,UNIT_SCADA,1,"2022/10/20 18:25:00",GSTONE4,0
D,DISPATCH,UNIT_SCADA,1,"2022/10/20 18:25:00",GSTONE5,219.974990
D,DISPATCH,UNIT_SCADA,1,"2022/10/20 18:25:00",GSTONE6,220.50
D,DISPATCH,UNIT_SCADA,1,"2022/10/20 18:25:00",GULLRSF1,0
D,DISPATCH,UNIT_SCADA,1,"2022/10/20 18:25:00",GULLRWF1,92.923580
D,DISPATCH,UNIT_SCADA,1,"2022/10/20 18:25:00",GULLRWF2,101.837010
D,DISPATCH,UNIT_SCADA,1,"2022/10/20 18:25:00",GUNNING1,0
D,DISPATCH,UNIT_SCADA,1,"2022/10/20 18:25:00",GUTHEGA,67.70
D,DISPATCH,UNIT_SCADA,1,"2022/10/20 18:25:00",HALLWF1,7.49
D,DISPATCH,UNIT_SCADA,1,"2022/10/20 18:25:00",HALLWF2,3.10
D,DISPATCH,UNIT_SCADA,1,"2022/10/20 18:25:00",HAMISF1,0
D,DISPATCH,UNIT_SCADA,1,"2022/10/20 18:25:00",HAUGHT11,0
D,DISPATCH,UNIT_SCADA,1,"2022/10/20 18:25:00",HAYMSF1,0
D,DISPATCH,UNIT_SCADA,1,"2022/10/20 18:25:00",HDWF1,8
D,DISPATCH,UNIT_SCADA,1,"2022/10/20 18:25:00",HDWF2,9.40
D,DISPATCH,UNIT_SCADA,1,"2022/10/20 18:25:00",HDWF3,9
D,DISPATCH,UNIT_SCADA,1,"2022/10/20 18:25:00",HILLSTN1,0
D,DISPATCH,UNIT_SCADA,1,"2022/10/20 18:25:00",HPRG1,0
D,DISPATCH,UNIT_SCADA,1,"2022/10/20 18:25:00",HPRL1,1.50
D,DISPATCH,UNIT_SCADA,1,"2022/10/20 18:25:00",HUMENSW,54.432160
D,DISPATCH,UNIT_SCADA,1,"2022/10/20 18:25:00",HUMEV,0
D,DISPATCH,UNIT_SCADA,1,"2022/10/20 18:25:00",HVWWBA1G,0
D,DISPATCH,UNIT_SCADA,1,"2022/10/20 18:25:00",HVWWBA1L,0.0060
D,DISPATCH,UNIT_SCADA,1,"2022/10/20 18:25:00",HVWWPV1,0.3840
D,DISPATCH,UNIT_SCADA,1,"2022/10/20 18:25:00",JBUTTERS,10.895110
D,DISPATCH,UNIT_SCADA,1,"2022/10/20 18:25:00",JEMALNG1,0.02
D,DISPATCH,UNIT_SCADA,1,"2022/10/20 18:25:00",JLA01,0
D,DISPATCH,UNIT_SCADA,1,"2022/10/20 18:25:00",JLA02,0
D,DISPATCH,UNIT_SCADA,1,"2022/10/20 18:25:00",JLA03,0
D,DISPATCH,UNIT_SCADA,1,"2022/10/20 18:25:00",JLA04,0
D,DISPATCH,UNIT_SCADA,1,"2022/10/20 18:25:00",JLB01,0
D,DISPATCH,UNIT_SCADA,1,"2022/10/20 18:25:00",JLB02,0.10
D,DISPATCH,UNIT_SCADA,1,"2022/10/20 18:25:00",JLB03,0
D,DISPATCH,UNIT_SCADA,1,"2022/10/20 18:25:00",JUNEESF1,0.136010
D,DISPATCH,UNIT_SCADA,1,"2022/10/20 18:25:00",KABANWF1,0
D,DISPATCH,UNIT_SCADA,1,"2022/10/20 18:25:00",KAREEYA1,0
D,DISPATCH,UNIT_SCADA,1,"2022/10/20 18:25:00",KAREEYA2,0
D,DISPATCH,UNIT_SCADA,1,"2022/10/20 18:25:00",KAREEYA3,4.7525
D,DISPATCH,UNIT_SCADA,1,"2022/10/20 18:25:00",KAREEYA4,0
D,DISPATCH,UNIT_SCADA,1,"2022/10/20 18:25:00",KARSF1,6.90
D,DISPATCH,UNIT_SCADA,1,"2022/10/20 18:25:00",KEPSF1,0.02
D,DISPATCH,UNIT_SCADA,1,"2022/10/20 18:25:00",KEPWF1,7.65
D,DISPATCH,UNIT_SCADA,1,"2022/10/20 18:25:00",KIAMSF1,0
D,DISPATCH,UNIT_SCADA,1,"2022/10/20 18:25:00",KIATAWF1,5.90
D,DISPATCH,UNIT_SCADA,1,"2022/10/20 18:25:00",KPP_1,0
D,DISPATCH,UNIT_SCADA,1,"2022/10/20 18:25:00",KSP1,0.17
D,DISPATCH,UNIT_SCADA,1,"2022/10/20 18:25:00",LADBROK1,0.01
D,DISPATCH,UNIT_SCADA,1,"2022/10/20 18:25:00",LADBROK2,0.02
D,DISPATCH,UNIT_SCADA,1,"2022/10/20 18:25:00",LBBG1,0
D,DISPATCH,UNIT_SCADA,1,"2022/10/20 18:25:00",LBBL1,0.15
D,DISPATCH,UNIT_SCADA,1,"2022/10/20 18:25:00",LD01,377.593320
D,DISPATCH,UNIT_SCADA,1,"2022/10/20 18:25:00",LD02,37.299720
D,DISPATCH,UNIT_SCADA,1,"2022/10/20 18:25:00",LD04,311.4902
D,DISPATCH,UNIT_SCADA,1,"2022/10/20 18:25:00",LEM_WIL,86.916280
D,DISPATCH,UNIT_SCADA,1,"2022/10/20 18:25:00",LGAPWF1,69.47
D,DISPATCH,UNIT_SCADA,1,"2022/10/20 18:25:00",LGAPWF2,47.03
D,DISPATCH,UNIT_SCADA,1,"2022/10/20 18:25:00",LILYSF1,0
D,DISPATCH,UNIT_SCADA,1,"2022/10/20 18:25:00",LIMOSF11,7.880520
D,DISPATCH,UNIT_SCADA,1,"2022/10/20 18:25:00",LIMOSF21,1.032820
D,DISPATCH,UNIT_SCADA,1,"2022/10/20 18:25:00",LI_WY_CA,62.632010
D,DISPATCH,UNIT_SCADA,1,"2022/10/20 18:25:00",LKBONNY1,18.129820
D,DISPATCH,UNIT_SCADA,1,"2022/10/20 18:25:00",LKBONNY2,28.696110
D,DISPATCH,UNIT_SCADA,1,"2022/10/20 18:25:00",LKBONNY3,5.861320
D,DISPATCH,UNIT_SCADA,1,"2022/10/20 18:25:00",LK_ECHO,0
D,DISPATCH,UNIT_SCADA,1,"2022/10/20 18:25:00",LNGS1,0
D,DISPATCH,UNIT_SCADA,1,"2022/10/20 18:25:00",LNGS2,0
D,DISPATCH,UNIT_SCADA,1,"2022/10/20 18:25:00",LONSDALE,0
D,DISPATCH,UNIT_SCADA,1,"2022/10/20 18:25:00",LOYYB1,581.202510
D,DISPATCH,UNIT_SCADA,1,"2022/10/20 18:25:00",LOYYB2,574.8114
D,DISPATCH,UNIT_SCADA,1,"2022/10/20 18:25:00",LYA1,556
D,DISPATCH,UNIT_SCADA,1,"2022/10/20 18:25:00",LYA2,0
D,DISPATCH,UNIT_SCADA,1,"2022/10/20 18:25:00",LYA3,554
D,DISPATCH,UNIT_SCADA,1,"2022/10/20 18:25:00",LYA4,555
D,DISPATCH,UNIT_SCADA,1,"2022/10/20 18:25:00",MACARTH1,41.599040
D,DISPATCH,UNIT_SCADA,1,"2022/10/20 18:25:00",MACKNTSH,74.070010
D,DISPATCH,UNIT_SCADA,1,"2022/10/20 18:25:00",MANSLR1,0
D,DISPATCH,UNIT_SCADA,1,"2022/10/20 18:25:00",MAPS2PV1,0
D,DISPATCH,UNIT_SCADA,1,"2022/10/20 18:25:00",MAPS3PV1,0
D,DISPATCH,UNIT_SCADA,1,"2022/10/20 18:25:00",MARYRSF1,0
D,DISPATCH,UNIT_SCADA,1,"2022/10/20 18:25:00",MBPS2PV1,0
D,DISPATCH,UNIT_SCADA,1,"2022/10/20 18:25:00",MCKAY1,218.9050
D,DISPATCH,UNIT_SCADA,1,"2022/10/20 18:25:00",MEADOWBK,19.834520
D,DISPATCH,UNIT_SCADA,1,"2022/10/20 18:25:00",MERCER01,14.40
D,DISPATCH,UNIT_SCADA,1,"2022/10/20 18:25:00",METZSF1,0
D,DISPATCH,UNIT_SCADA,1,"2022/10/20 18:25:00",MEWF1,7.4409
D,DISPATCH,UNIT_SCADA,1,"2022/10/20 18:25:00",MIDDLSF1,0
D,DISPATCH,UNIT_SCADA,1,"2022/10/20 18:25:00",MINTARO,0.128180
D,DISPATCH,UNIT_SCADA,1,"2022/10/20 18:25:00",MOLNGSF1,0
D,DISPATCH,UNIT_SCADA,1,"2022/10/20 18:25:00",MOORAWF1,25.78
D,DISPATCH,UNIT_SCADA,1,"2022/10/20 18:25:00",MOREESF1,0
D,DISPATCH,UNIT_SCADA,1,"2022/10/20 18:25:00",MORTLK11,0
D,DISPATCH,UNIT_SCADA,1,"2022/10/20 18:25:00",MORTLK12,0
D,DISPATCH,UNIT_SCADA,1,"2022/10/20 18:25:00",MOUSF1,0
D,DISPATCH,UNIT_SCADA,1,"2022/10/20 18:25:00",MP1,0
D,DISPATCH,UNIT_SCADA,1,"2022/10/20 18:25:00",MP2,638.034670
D,DISPATCH,UNIT_SCADA,1,"2022/10/20 18:25:00",MPP_1,168.0049
D,DISPATCH,UNIT_SCADA,1,"2022/10/20 18:25:00",MPP_2,179.937670
D,DISPATCH,UNIT_SCADA,1,"2022/10/20 18:25:00",MRTLSWF1,0
D,DISPATCH,UNIT_SCADA,1,"2022/10/20 18:25:00",MSTUART1,0
D,DISPATCH,UNIT_SCADA,1,"2022/10/20 18:25:00",MSTUART2,0
D,DISPATCH,UNIT_SCADA,1,"2022/10/20 18:25:00",MSTUART3,0
D,DISPATCH,UNIT_SCADA,1,"2022/10/20 18:25:00",MTGELWF1,55.450610
D,DISPATCH,UNIT_SCADA,1,"2022/10/20 18:25:00",MTMILLAR,14.40
D,DISPATCH,UNIT_SCADA,1,"2022/10/20 18:25:00",MURRAY,472.400020
D,DISPATCH,UNIT_SCADA,1,"2022/10/20 18:25:00",MUSSELR1,5.80
D,DISPATCH,UNIT_SCADA,1,"2022/10/20 18:25:00",MUWAWF1,4.08
D,DISPATCH,UNIT_SCADA,1,"2022/10/20 18:25:00",MUWAWF2,16.40
D,DISPATCH,UNIT_SCADA,1,"2022/10/20 18:25:00",MWPS1PV1,0.37
D,DISPATCH,UNIT_SCADA,1,"2022/10/20 18:25:00",MWPS2PV1,0.04
D,DISPATCH,UNIT_SCADA,1,"2022/10/20 18:25:00",MWPS3PV1,0.02
D,DISPATCH,UNIT_SCADA,1,"2022/10/20 18:25:00",MWPS4PV1,0.34
D,DISPATCH,UNIT_SCADA,1,"2022/10/20 18:25:00",NBHWF1,4.30
D,DISPATCH,UNIT_SCADA,1,"2022/10/20 18:25:00",NEVERSF1,0
D,DISPATCH,UNIT_SCADA,1,"2022/10/20 18:25:00",NPS,0
D,DISPATCH,UNIT_SCADA,1,"2022/10/20 18:25:00",NUMURSF1,1.23
D,DISPATCH,UNIT_SCADA,1,"2022/10/20 18:25:00",NYNGAN1,0
D,DISPATCH,UNIT_SCADA,1,"2022/10/20 18:25:00",OAKEY1,126.209250
D,DISPATCH,UNIT_SCADA,1,"2022/10/20 18:25:00",OAKEY1SF,0
D,DISPATCH,UNIT_SCADA,1,"2022/10/20 18:25:00",OAKEY2,0
D,DISPATCH,UNIT_SCADA,1,"2022/10/20 18:25:00",OAKEY2SF,0
D,DISPATCH,UNIT_SCADA,1,"2022/10/20 18:25:00",OAKLAND1,21.50
D,DISPATCH,UNIT_SCADA,1,"2022/10/20 18:25:00",OSB-AG,175.769990
D,DISPATCH,UNIT_SCADA,1,"2022/10/20 18:25:00",PAREPS1,0
D,DISPATCH,UNIT_SCADA,1,"2022/10/20 18:25:00",PAREPW1,173.239990
D,DISPATCH,UNIT_SCADA,1,"2022/10/20 18:25:00",PARSF1,0.001530
D,DISPATCH,UNIT_SCADA,1,"2022/10/20 18:25:00",POAT110,3
D,DISPATCH,UNIT_SCADA,1,"2022/10/20 18:25:00",POAT220,0
D,DISPATCH,UNIT_SCADA,1,"2022/10/20 18:25:00",POR01,0.008670
D,DISPATCH,UNIT_SCADA,1,"2022/10/20 18:25:00",POR03,0
D,DISPATCH,UNIT_SCADA,1,"2022/10/20 18:25:00",PPCCGT,192.343030
D,DISPATCH,UNIT_SCADA,1,"2022/10/20 18:25:00",PTSTAN1,0
D,DISPATCH,UNIT_SCADA,1,"2022/10/20 18:25:00",PUMP1,0
D,DISPATCH,UNIT_SCADA,1,"2022/10/20 18:25:00",PUMP2,0
D,DISPATCH,UNIT_SCADA,1,"2022/10/20 18:25:00",QBYNBG1,0.0005
D,DISPATCH,UNIT_SCADA,1,"2022/10/20 18:25:00",QBYNBL1,0
D,DISPATCH,UNIT_SCADA,1,"2022/10/20 18:25:00",QPS1,0
D,DISPATCH,UNIT_SCADA,1,"2022/10/20 18:25:00",QPS2,0
D,DISPATCH,UNIT_SCADA,1,"2022/10/20 18:25:00",QPS3,0
D,DISPATCH,UNIT_SCADA,1,"2022/10/20 18:25:00",QPS4,0
D,DISPATCH,UNIT_SCADA,1,"2022/10/20 18:25:00",QPS5,117.12
D,DISPATCH,UNIT_SCADA,1,"2022/10/20 18:25:00",REECE1,95.578110
D,DISPATCH,UNIT_SCADA,1,"2022/10/20 18:25:00",REECE2,99.100010
D,DISPATCH,UNIT_SCADA,1,"2022/10/20 18:25:00",ROMA_7,0
D,DISPATCH,UNIT_SCADA,1,"2022/10/20 18:25:00",ROMA_8,0
D,DISPATCH,UNIT_SCADA,1,"2022/10/20 18:25:00",RRSF1,0
D,DISPATCH,UNIT_SCADA,1,"2022/10/20 18:25:00",RT_NSW1,0
D,DISPATCH,UNIT_SCADA,1,"2022/10/20 18:25:00",RT_NSW2,0
D,DISPATCH,UNIT_SCADA,1,"2022/10/20 18:25:00",RT_NSW3,0
D,DISPATCH,UNIT_SCADA,1,"2022/10/20 18:25:00",RT_NSW4,0
D,DISPATCH,UNIT_SCADA,1,"2022/10/20 18:25:00",RT_NSW5,0
D,DISPATCH,UNIT_SCADA,1,"2022/10/20 18:25:00",RT_NSW6,0
D,DISPATCH,UNIT_SCADA,1,"2022/10/20 18:25:00",RT_QLD1,0
D,DISPATCH,UNIT_SCADA,1,"2022/10/20 18:25:00",RT_SA1,0
D,DISPATCH,UNIT_SCADA,1,"2022/10/20 18:25:00",RT_SA2,0
D,DISPATCH,UNIT_SCADA,1,"2022/10/20 18:25:00",RT_SA3,0
D,DISPATCH,UNIT_SCADA,1,"2022/10/20 18:25:00",RT_SA4,0
D,DISPATCH,UNIT_SCADA,1,"2022/10/20 18:25:00",RT_SA5,0
D,DISPATCH,UNIT_SCADA,1,"2022/10/20 18:25:00",RT_SA6,0
D,DISPATCH,UNIT_SCADA,1,"2022/10/20 18:25:00",RT_TAS1,0
D,DISPATCH,UNIT_SCADA,1,"2022/10/20 18:25:00",RT_VIC1,0
D,DISPATCH,UNIT_SCADA,1,"2022/10/20 18:25:00",RT_VIC10,0
D,DISPATCH,UNIT_SCADA,1,"2022/10/20 18:25:00",RT_VIC11,0
D,DISPATCH,UNIT_SCADA,1,"2022/10/20 18:25:00",RT_VIC12,0
D,DISPATCH,UNIT_SCADA,1,"2022/10/20 18:25:00",RT_VIC2,0
D,DISPATCH,UNIT_SCADA,1,"2022/10/20 18:25:00",RT_VIC3,0
D,DISPATCH,UNIT_SCADA,1,"2022/10/20 18:25:00",RT_VIC4,0
D,DISPATCH,UNIT_SCADA,1,"2022/10/20 18:25:00",RT_VIC5,0
D,DISPATCH,UNIT_SCADA,1,"2022/10/20 18:25:00",RT_VIC6,0
D,DISPATCH,UNIT_SCADA,1,"2022/10/20 18:25:00",RT_VIC7,0
D,DISPATCH,UNIT_SCADA,1,"2022/10/20 18:25:00",RT_VIC8,0
D,DISPATCH,UNIT_SCADA,1,"2022/10/20 18:25:00",RT_VIC9,0
D,DISPATCH,UNIT_SCADA,1,"2022/10/20 18:25:00",RUGBYR1,0
D,DISPATCH,UNIT_SCADA,1,"2022/10/20 18:25:00",SALTCRK1,28.35
D,DISPATCH,UNIT_SCADA,1,"2022/10/20 18:25:00",SAPHWF1,215.037770
D,DISPATCH,UNIT_SCADA,1,"2022/10/20 18:25:00",SEBSF1,0
D,DISPATCH,UNIT_SCADA,1,"2022/10/20 18:25:00",SHGEN,80.748480
D,DISPATCH,UNIT_SCADA,1,"2022/10/20 18:25:00",SHPUMP,0
D,DISPATCH,UNIT_SCADA,1,"2022/10/20 18:25:00",SITHE01,0.153860
D,DISPATCH,UNIT_SCADA,1,"2022/10/20 18:25:00",SMCSF1,0
D,DISPATCH,UNIT_SCADA,1,"2022/10/20 18:25:00",SNAPPER1,0
D,DISPATCH,UNIT_SCADA,1,"2022/10/20 18:25:00",SNOWNTH1,73.30
D,DISPATCH,UNIT_SCADA,1,"2022/10/20 18:25:00",SNOWSTH1,26.40
D,DISPATCH,UNIT_SCADA,1,"2022/10/20 18:25:00",SNOWTWN1,42.170250
D,DISPATCH,UNIT_SCADA,1,"2022/10/20 18:25:00",SNOWYP,0
D,DISPATCH,UNIT_SCADA,1,"2022/10/20 18:25:00",SNUG1,0
D,DISPATCH,UNIT_SCADA,1,"2022/10/20 18:25:00",SRSF1,0
D,DISPATCH,UNIT_SCADA,1,"2022/10/20 18:25:00",STAN-1,278.864040
D,DISPATCH,UNIT_SCADA,1,"2022/10/20 18:25:00",STAN-2,362.871920
D,DISPATCH,UNIT_SCADA,1,"2022/10/20 18:25:00",STAN-3,364.640780
D,DISPATCH,UNIT_SCADA,1,"2022/10/20 18:25:00",STAN-4,364.871490
D,DISPATCH,UNIT_SCADA,1,"2022/10/20 18:25:00",STARHLWF,9.197320
D,DISPATCH,UNIT_SCADA,1,"2022/10/20 18:25:00",STOCKYD1,186.91
D,DISPATCH,UNIT_SCADA,1,"2022/10/20 18:25:00",STWF1,77.4493
D,DISPATCH,UNIT_SCADA,1,"2022/10/20 18:25:00",SUNRSF1,5.406270
D,DISPATCH,UNIT_SCADA,1,"2022/10/20 18:25:00",SUNTPSF1,0
D,DISPATCH,UNIT_SCADA,1,"2022/10/20 18:25:00",SWAN_E,352.114380
D,DISPATCH,UNIT_SCADA,1,"2022/10/20 18:25:00",TALWA1,0
D,DISPATCH,UNIT_SCADA,1,"2022/10/20 18:25:00",TARALGA1,0
D,DISPATCH,UNIT_SCADA,1,"2022/10/20 18:25:00",TARONG#1,349.399990
D,DISPATCH,UNIT_SCADA,1,"2022/10/20 18:25:00",TARONG#2,349.200010
D,DISPATCH,UNIT_SCADA,1,"2022/10/20 18:25:00",TARONG#3,0.90
D,DISPATCH,UNIT_SCADA,1,"2022/10/20 18:25:00",TARONG#4,295.200010
D,DISPATCH,UNIT_SCADA,1,"2022/10/20 18:25:00",TARRALEA,53.80
D,DISPATCH,UNIT_SCADA,1,"2022/10/20 18:25:00",TBSF1,4.30
D,DISPATCH,UNIT_SCADA,1,"2022/10/20 18:25:00",TNPS1,419.500030
D,DISPATCH,UNIT_SCADA,1,"2022/10/20 18:25:00",TORRB1,0
D,DISPATCH,UNIT_SCADA,1,"2022/10/20 18:25:00",TORRB2,68
D,DISPATCH,UNIT_SCADA,1,"2022/10/20 18:25:00",TORRB3,0
D,DISPATCH,UNIT_SCADA,1,"2022/10/20 18:25:00",TORRB4,0
D,DISPATCH,UNIT_SCADA,1,"2022/10/20 18:25:00",TREVALLN,98.4577
D,DISPATCH,UNIT_SCADA,1,"2022/10/20 18:25:00",TRIBUTE,0
D,DISPATCH,UNIT_SCADA,1,"2022/10/20 18:25:00",TUMUT3,382.87
D,DISPATCH,UNIT_SCADA,1,"2022/10/20 18:25:00",TUNGATIN,2.900020
D,DISPATCH,UNIT_SCADA,1,"2022/10/20 18:25:00",TVCC201,0
D,DISPATCH,UNIT_SCADA,1,"2022/10/20 18:25:00",TVPP104,57.767950
D,DISPATCH,UNIT_SCADA,1,"2022/10/20 18:25:00",UPPTUMUT,118.255170
D,DISPATCH,UNIT_SCADA,1,"2022/10/20 18:25:00",URANQ11,0
D,DISPATCH,UNIT_SCADA,1,"2022/10/20 18:25:00",URANQ12,0
D,DISPATCH,UNIT_SCADA,1,"2022/10/20 18:25:00",URANQ13,0
D,DISPATCH,UNIT_SCADA,1,"2022/10/20 18:25:00",URANQ14,155.272750
D,DISPATCH,UNIT_SCADA,1,"2022/10/20 18:25:00",VBBG1,0
D,DISPATCH,UNIT_SCADA,1,"2022/10/20 18:25:00",VBBL1,1.50
D,DISPATCH,UNIT_SCADA,1,"2022/10/20 18:25:00",VP5,563.762330
D,DISPATCH,UNIT_SCADA,1,"2022/10/20 18:25:00",VP6,631.904050
D,DISPATCH,UNIT_SCADA,1,"2022/10/20 18:25:00",VPGS1,0
D,DISPATCH,UNIT_SCADA,1,"2022/10/20 18:25:00",VPGS2,0
D,DISPATCH,UNIT_SCADA,1,"2022/10/20 18:25:00",VPGS3,0
D,DISPATCH,UNIT_SCADA,1,"2022/10/20 18:25:00",VPGS4,0
D,DISPATCH,UNIT_SCADA,1,"2022/10/20 18:25:00",VPGS5,0
D,DISPATCH,UNIT_SCADA,1,"2022/10/20 18:25:00",VPGS6,0
D,DISPATCH,UNIT_SCADA,1,"2022/10/20 18:25:00",W/HOE#1,218.03
D,DISPATCH,UNIT_SCADA,1,"2022/10/20 18:25:00",W/HOE#2,0
D,DISPATCH,UNIT_SCADA,1,"2022/10/20 18:25:00",WAGGNSF1,0
D,DISPATCH,UNIT_SCADA,1,"2022/10/20 18:25:00",WALGRVG1,0
D,DISPATCH,UNIT_SCADA,1,"2022/10/20 18:25:00",WALGRVL1,0.017690
D,DISPATCH,UNIT_SCADA,1,"2022/10/20 18:25:00",WANDBG1,59.546550
D,DISPATCH,UNIT_SCADA,1,"2022/10/20 18:25:00",WANDBL1,0
D,DISPATCH,UNIT_SCADA,1,"2022/10/20 18:25:00",WARWSF1,0
D,DISPATCH,UNIT_SCADA,1,"2022/10/20 18:25:00",WARWSF2,0
D,DISPATCH,UNIT_SCADA,1,"2022/10/20 18:25:00",WATERLWF,0
D,DISPATCH,UNIT_SCADA,1,"2022/10/20 18:25:00",WDGPH1,0
D,DISPATCH,UNIT_SCADA,1,"2022/10/20 18:25:00",WELLSF1,0
D,DISPATCH,UNIT_SCADA,1,"2022/10/20 18:25:00",WEMENSF1,2.40
D,DISPATCH,UNIT_SCADA,1,"2022/10/20 18:25:00",WGWF1,11.80
D,DISPATCH,UNIT_SCADA,1,"2022/10/20 18:25:00",WHITSF1,0
D,DISPATCH,UNIT_SCADA,1,"2022/10/20 18:25:00",WINTSF1,1.08
D,DISPATCH,UNIT_SCADA,1,"2022/10/20 18:25:00",WKIEWA1,33.90
D,DISPATCH,UNIT_SCADA,1,"2022/10/20 18:25:00",WKIEWA2,34
D,DISPATCH,UNIT_SCADA,1,"2022/10/20 18:25:00",WOODLWN1,36.321350
D,DISPATCH,UNIT_SCADA,1,"2022/10/20 18:25:00",WOOLGSF1,0
D,DISPATCH,UNIT_SCADA,1,"2022/10/20 18:25:00",WPWF,32.26
D,DISPATCH,UNIT_SCADA,1,"2022/10/20 18:25:00",WRSF1,0
D,DISPATCH,UNIT_SCADA,1,"2022/10/20 18:25:00",WRWF1,71.418930
D,DISPATCH,UNIT_SCADA,1,"2022/10/20 18:25:00",WSTWYSF1,0
D,DISPATCH,UNIT_SCADA,1,"2022/10/20 18:25:00",YABULU,151.470020
D,DISPATCH,UNIT_SCADA,1,"2022/10/20 18:25:00",YABULU2,0
D,DISPATCH,UNIT_SCADA,1,"2022/10/20 18:25:00",YARANSF1,0
D,DISPATCH,UNIT_SCADA,1,"2022/10/20 18:25:00",YARWUN_1,162.78
D,DISPATCH,UNIT_SCADA,1,"2022/10/20 18:25:00",YATSF1,5.05
D,DISPATCH,UNIT_SCADA,1,"2022/10/20 18:25:00",YENDWF1,25.60
D,DISPATCH,UNIT_SCADA,1,"2022/10/20 18:25:00",YWPS1,353.6329
D,DISPATCH,UNIT_SCADA,1,"2022/10/20 18:25:00",YWPS2,290.473420
D,DISPATCH,UNIT_SCADA,1,"2022/10/20 18:25:00",YWPS3,358.541780
D,DISPATCH,UNIT_SCADA,1,"2022/10/20 18:25:00",YWPS4,0
C,"END OF REPORT",419
