C,NEMP.WORLD,DISPATCHSCADA,AEMO,PUBLIC,2022/10/20,17:55:10,0000000373271631,DISPATCHSCADA,0000000373271625
I,DISPATCH,UNIT_SCADA,1,SETTLEMENTDATE,DUID,SCADAVALUE
D,DISPATCH,UNIT_SCADA,1,"2022/10/20 18:00:00",BARCSF1,2.30
D,DISPATCH,UNIT_SCADA,1,"2022/10/20 18:00:00",BUTLERSG,8.699999
D,DISPATCH,UNIT_SCADA,1,"2022/10/20 18:00:00",CAPTL_WF,94.829575
D,DISPATCH,UNIT_SCADA,1,"2022/10/20 18:00:00",CHALLHWF,5
D,DISPATCH,UNIT_SCADA,1,"2022/10/20 18:00:00",CLOVER,12.99
D,DISPATCH,UNIT_SCADA,1,"2022/10/20 18:00:00",CLUNY,6.529183
D,DISPATCH,UNIT_SCADA,1,"2022/10/20 18:00:00",CULLRGWF,-0.04
D,DISPATCH,UNIT_SCADA,1,"2022/10/20 18:00:00",DIAPURWF1,1.80
D,DISPATCH,UNIT_SCADA,1,"2022/10/20 18:00:00",ERGT01,0
D,DISPATCH,UNIT_SCADA,1,"2022/10/20 18:00:00",GB01,0
D,DISPATCH,UNIT_SCADA,1,"2022/10/20 18:00:00",GERMCRK,20
D,DISPATCH,UNIT_SCADA,1,"2022/10/20 18:00:00",GRIFSF1,3.401236
D,DISPATCH,UNIT_SCADA,1,"2022/10/20 18:00:00",HEZ1,0
D,DISPATCH,UNIT_SCADA,1,"2022/10/20 18:00:00",HUGSF1,1.1340
D,DISPATCH,UNIT_SCADA,1,"2022/10/20 18:00:00",KEPBG1,2.01
D,DISPATCH,UNIT_SCADA,1,"2022/10/20 18:00:00",LRSF1,2.0220
D,DISPATCH,UNIT_SCADA,1,"2022/10/20 18:00:00",MBAHNTH,43.706253
D,DISPATCH,UNIT_SCADA,1,"2022/10/20 18:00:00",MLSP1,0
D,DISPATCH,UNIT_SCADA,1,"2022/10/20 18:00:00",MLWF1,6.72
D,DISPATCH,UNIT_SCADA,1,"2022/10/20 18:00:00",PALOONA,30.33
D,DISPATCH,UNIT_SCADA,1,"2022/10/20 18:00:00",PIONEER,39.100002
D,DISPATCH,UNIT_SCADA,1,"2022/10/20 18:00:00",PORTWF,28.90
D,DISPATCH,UNIT_SCADA,1,"2022/10/20 18:00:00",REPULSE,9.854277
D,DISPATCH,UNIT_SCADA,1,"2022/10/20 18:00:00",ROWALLAN,9.0809
D,DISPATCH,UNIT_SCADA,1,"2022/10/20 18:00:00",ROYALLA1,0
D,DISPATCH,UNIT_SCADA,1,"2022/10/20 18:00:00",RPCG,-1.80
D,DISPATCH,UNIT_SCADA,1,"2022/10/20 18:00:00",RUBICON,0
D,DISPATCH,UNIT_SCADA,1,"2022/10/20 18:00:00",WAUBRAWF,62.7920
D,DISPATCH,UNIT_SCADA,1,"2022/10/20 18:00:00",WOOLNTH1,95.470001
D,DISPATCH,UNIT_SCADA,1,"2022/10/20 18:00:00",YAMBUKWF,2.80
D,DISPATCH,UNIT_SCADA,1,"2022/10/20 18:00:00",YSWF1,1.30
D,DISPATCH,UNIT_SCADA,1,"2022/10/20 18:00:00",ADPBA1G,0.0080
D,DISPATCH,UNIT_SCADA,1,"2022/10/20 18:00:00",ADPBA1L,0
D,DISPATCH,UNIT_SCADA,1,"2022/10/20 18:00:00",ADPPV1,2.40
D,DISPATCH,UNIT_SCADA,1,"2022/10/20 18:00:00",AGLHAL,30.800820
D,DISPATCH,UNIT_SCADA,1,"2022/10/20 18:00:00",AGLSOM,0
D,DISPATCH,UNIT_SCADA,1,"2022/10/20 18:00:00",ANGAST1,0
D,DISPATCH,UNIT_SCADA,1,"2022/10/20 18:00:00",ARWF1,72
D,DISPATCH,UNIT_SCADA,1,"2022/10/20 18:00:00",BALBG1,0
D,DISPATCH,UNIT_SCADA,1,"2022/10/20 18:00:00",BALBL1,1.26
D,DISPATCH,UNIT_SCADA,1,"2022/10/20 18:00:00",BALDHWF1,105.5810
D,DISPATCH,UNIT_SCADA,1,"2022/10/20 18:00:00",BANGOWF1,76.898150
D,DISPATCH,UNIT_SCADA,1,"2022/10/20 18:00:00",BANGOWF2,61.798960
D,DISPATCH,UNIT_SCADA,1,"2022/10/20 18:00:00",BANN1,6.43
D,DISPATCH,UNIT_SCADA,1,"2022/10/20 18:00:00",BARCALDN,0
D,DISPATCH,UNIT_SCADA,1,"2022/10/20 18:00:00",BARKIPS1,87.45
D,DISPATCH,UNIT_SCADA,1,"2022/10/20 18:00:00",BARRON-1,27.84
D,DISPATCH,UNIT_SCADA,1,"2022/10/20 18:00:00",BARRON-2,28.12
D,DISPATCH,UNIT_SCADA,1,"2022/10/20 18:00:00",BASTYAN,69.920010
D,DISPATCH,UNIT_SCADA,1,"2022/10/20 18:00:00",BBTHREE1,0
D,DISPATCH,UNIT_SCADA,1,"2022/10/20 18:00:00",BBTHREE2,0
D,DISPATCH,UNIT_SCADA,1,"2022/10/20 18:00:00",BBTHREE3,-1.09
D,DISPATCH,UNIT_SCADA,1,"2022/10/20 18:00:00",BDL01,0
D,DISPATCH,UNIT_SCADA,1,"2022/10/20 18:00:00",BDL02,0
D,DISPATCH,UNIT_SCADA,1,"2022/10/20 18:00:00",BERYLSF1,1.780220
D,DISPATCH,UNIT_SCADA,1,"2022/10/20 18:00:00",BLOWERNG,62.70
D,DISPATCH,UNIT_SCADA,1,"2022/10/20 18:00:00",BLUEGSF1,0.389070
D,DISPATCH,UNIT_SCADA,1,"2022/10/20 18:00:00",BLUFF1,4.10
D,DISPATCH,UNIT_SCADA,1,"2022/10/20 18:00:00",BNGSF1,49.45
D,DISPATCH,UNIT_SCADA,1,"2022/10/20 18:00:00",BNGSF2,48.28
D,DISPATCH,UNIT_SCADA,1,"2022/10/20 18:00:00",BOCORWF1,65.61
D,DISPATCH,UNIT_SCADA,1,"2022/10/20 18:00:00",BODWF1,102.8112
D,DISPATCH,UNIT_SCADA,1,"2022/10/20 18:00:00",BOMENSF1,3.100020
D,DISPATCH,UNIT_SCADA,1,"2022/10/20 18:00:00",BOWWBA1G,0
D,DISPATCH,UNIT_SCADA,1,"2022/10/20 18:00:00",BOWWBA1L,0.0010
D,DISPATCH,UNIT_SCADA,1,"2022/10/20 18:00:00",BOWWPV1,0.0010
D,DISPATCH,UNIT_SCADA,1,"2022/10/20 18:00:00",BRAEMAR1,0
D,DISPATCH,UNIT_SCADA,1,"2022/10/20 18:00:00",BRAEMAR2,0
D,DISPATCH,UNIT_SCADA,1,"2022/10/20 18:00:00",BRAEMAR3,0
D,DISPATCH,UNIT_SCADA,1,"2022/10/20 18:00:00",BRAEMAR5,142.655720
D,DISPATCH,UNIT_SCADA,1,"2022/10/20 18:00:00",BRAEMAR6,0
D,DISPATCH,UNIT_SCADA,1,"2022/10/20 18:00:00",BRAEMAR7,153.774090
D,DISPATCH,UNIT_SCADA,1,"2022/10/20 18:00:00",BROKENH1,6.7999
D,DISPATCH,UNIT_SCADA,1,"2022/10/20 18:00:00",BRYB1WF1,102.989240
D,DISPATCH,UNIT_SCADA,1,"2022/10/20 18:00:00",BULBESG1,0
D,DISPATCH,UNIT_SCADA,1,"2022/10/20 18:00:00",BULBESL1,0.03
D,DISPATCH,UNIT_SCADA,1,"2022/10/20 18:00:00",BULGANA1,68.09
D,DISPATCH,UNIT_SCADA,1,"2022/10/20 18:00:00",BW01,658.689270
D,DISPATCH,UNIT_SCADA,1,"2022/10/20 18:00:00",BW02,632.175170
D,DISPATCH,UNIT_SCADA,1,"2022/10/20 18:00:00",BW03,605.319270
D,DISPATCH,UNIT_SCADA,1,"2022/10/20 18:00:00",BW04,0
D,DISPATCH,UNIT_SCADA,1,"2022/10/20 18:00:00",CALL_B_1,318.700010
D,DISPATCH,UNIT_SCADA,1,"2022/10/20 18:00:00",CALL_B_2,318.200010
D,DISPATCH,UNIT_SCADA,1,"2022/10/20 18:00:00",CATHROCK,12.80
D,DISPATCH,UNIT_SCADA,1,"2022/10/20 18:00:00",CBWWBA1G,0
D,DISPATCH,UNIT_SCADA,1,"2022/10/20 18:00:00",CBWWBA1L,0
D,DISPATCH,UNIT_SCADA,1,"2022/10/20 18:00:00",CETHANA,97.645620
D,DISPATCH,UNIT_SCADA,1,"2022/10/20 18:00:00",CG1,0
D,DISPATCH,UNIT_SCADA,1,"2022/10/20 18:00:00",CG2,0
D,DISPATCH,UNIT_SCADA,1,"2022/10/20 18:00:00",CG3,0
D,DISPATCH,UNIT_SCADA,1,"2022/10/20 18:00:00",CG4,0
D,DISPATCH,UNIT_SCADA,1,"2022/10/20 18:00:00",CHILDSF1,0
D,DISPATCH,UNIT_SCADA,1,"2022/10/20 18:00:00",CHYTWF1,7.76
D,DISPATCH,UNIT_SCADA,1,"2022/10/20 18:00:00",CLARESF1,0
D,DISPATCH,UNIT_SCADA,1,"2022/10/20 18:00:00",CLEMGPWF,14.623110
D,DISPATCH,UNIT_SCADA,1,"2022/10/20 18:00:00",CLERMSF1,0
D,DISPATCH,UNIT_SCADA,1,"2022/10/20 18:00:00",CNUNDAWF,12.114130
D,DISPATCH,UNIT_SCADA,1,"2022/10/20 18:00:00",COHUNSF1,0.90
D,DISPATCH,UNIT_SCADA,1,"2022/10/20 18:00:00",COLEASF1,8.902490
D,DISPATCH,UNIT_SCADA,1,"2022/10/20 18:00:00",COLUMSF1,0.0250
D,DISPATCH,UNIT_SCADA,1,"2022/10/20 18:00:00",COLWF01,137.010760
D,DISPATCH,UNIT_SCADA,1,"2022/10/20 18:00:00",COOPGWF1,347.769990
D,DISPATCH,UNIT_SCADA,1,"2022/10/20 18:00:00",CPP_3,369.8750
D,DISPATCH,UNIT_SCADA,1,"2022/10/20 18:00:00",CPP_4,0
D,DISPATCH,UNIT_SCADA,1,"2022/10/20 18:00:00",CPSA,0
D,DISPATCH,UNIT_SCADA,1,"2022/10/20 18:00:00",CROOKWF2,57.763940
D,DISPATCH,UNIT_SCADA,1,"2022/10/20 18:00:00",CROWLWF1,24.897540
D,DISPATCH,UNIT_SCADA,1,"2022/10/20 18:00:00",CRURWF1,70.998780
D,DISPATCH,UNIT_SCADA,1,"2022/10/20 18:00:00",CRWASF1,0.937340
D,DISPATCH,UNIT_SCADA,1,"2022/10/20 18:00:00",CSPVPS1,0.1320
D,DISPATCH,UNIT_SCADA,1,"2022/10/20 18:00:00",CTHLWF1,0.003050
D,DISPATCH,UNIT_SCADA,1,"2022/10/20 18:00:00",DALNTH01,0
D,DISPATCH,UNIT_SCADA,1,"2022/10/20 18:00:00",DALNTHL1,0.059510
D,DISPATCH,UNIT_SCADA,1,"2022/10/20 18:00:00",DARLSF1,14.681440
D,DISPATCH,UNIT_SCADA,1,"2022/10/20 18:00:00",DARTM1,0
D,DISPATCH,UNIT_SCADA,1,"2022/10/20 18:00:00",DAYDSF1,0
D,DISPATCH,UNIT_SCADA,1,"2022/10/20 18:00:00",DDPS1,0
D,DISPATCH,UNIT_SCADA,1,"2022/10/20 18:00:00",DDSF1,0
D,DISPATCH,UNIT_SCADA,1,"2022/10/20 18:00:00",DEVILS_G,60.717190
D,DISPATCH,UNIT_SCADA,1,"2022/10/20 18:00:00",DG_NSW1,0
D,DISPATCH,UNIT_SCADA,1,"2022/10/20 18:00:00",DG_QLD1,0
D,DISPATCH,UNIT_SCADA,1,"2022/10/20 18:00:00",DG_SA1,0
D,DISPATCH,UNIT_SCADA,1,"2022/10/20 18:00:00",DG_TAS1,0
D,DISPATCH,UNIT_SCADA,1,"2022/10/20 18:00:00",DG_VIC1,0
D,DISPATCH,UNIT_SCADA,1,"2022/10/20 18:00:00",DRYCGT1,0
D,DISPATCH,UNIT_SCADA,1,"2022/10/20 18:00:00",DRYCGT2,0
D,DISPATCH,UNIT_SCADA,1,"2022/10/20 18:00:00",DRYCGT3,0
D,DISPATCH,UNIT_SCADA,1,"2022/10/20 18:00:00",DUNDWF1,54.98
D,DISPATCH,UNIT_SCADA,1,"2022/10/20 18:00:00",DUNDWF2,13.90
D,DISPATCH,UNIT_SCADA,1,"2022/10/20 18:00:00",DUNDWF3,69.48
D,DISPATCH,UNIT_SCADA,1,"2022/10/20 18:00:00",EILDON1,59.96
D,DISPATCH,UNIT_SCADA,1,"2022/10/20 18:00:00",EILDON2,60.08
D,DISPATCH,UNIT_SCADA,1,"2022/10/20 18:00:00",ELAINWF1,15.92
D,DISPATCH,UNIT_SCADA,1,"2022/10/20 18:00:00",EMERASF1,0
D,DISPATCH,UNIT_SCADA,1,"2022/10/20 18:00:00",ER01,0
D,DISPATCH,UNIT_SCADA,1,"2022/10/20 18:00:00",ER02,524.702820
D,DISPATCH,UNIT_SCADA,1,"2022/10/20 18:00:00",ER03,638.815920
D,DISPATCH,UNIT_SCADA,1,"2022/10/20 18:00:00",ER04,697.923220
D,DISPATCH,UNIT_SCADA,1,"2022/10/20 18:00:00",FINLYSF1,5.246050
D,DISPATCH,UNIT_SCADA,1,"2022/10/20 18:00:00",FISHER,44
D,DISPATCH,UNIT_SCADA,1,"2022/10/20 18:00:00",GANGARR1,0
D,DISPATCH,UNIT_SCADA,1,"2022/10/20 18:00:00",GANNBG1,0
D,DISPATCH,UNIT_SCADA,1,"2022/10/20 18:00:00",GANNBL1,0.112280
D,DISPATCH,UNIT_SCADA,1,"2022/10/20 18:00:00",GANNSF1,3.70
D,DISPATCH,UNIT_SCADA,1,"2022/10/20 18:00:00",GLRWNSF1,5.73
D,DISPATCH,UNIT_SCADA,1,"2022/10/20 18:00:00",GNNDHSF1,1.246280
D,DISPATCH,UNIT_SCADA,1,"2022/10/20 18:00:00",GOONSF1,1.114520
D,DISPATCH,UNIT_SCADA,1,"2022/10/20 18:00:00",GORDON,271.575320
D,DISPATCH,UNIT_SCADA,1,"2022/10/20 18:00:00",GRANWF1,0
D,DISPATCH,UNIT_SCADA,1,"2022/10/20 18:00:00",GSTONE1,219.6250
D,DISPATCH,UNIT_SCADA,1,"2022/10/20 18:00:00",GSTONE2,0
D,DISPATCH,UNIT_SCADA,1,"2022/10/20 18:00:00",GSTONE3,199.849990
D,DISPATCH,UNIT_SCADA,1,"2022/10/20 18:00:00",GSTONE4,0
D,DISPATCH,UNIT_SCADA,1,"2022/10/20 18:00:00",GSTONE5,220.149990
D,DISPATCH,UNIT_SCADA,1,"2022/10/20 18:00:00",GSTONE6,219.6250
D,DISPATCH,UNIT_SCADA,1,"2022/10/20 18:00:00",GULLRSF1,0
D,DISPATCH,UNIT_SCADA,1,"2022/10/20 18:00:00",GULLRWF1,97.373530
D,DISPATCH,UNIT_SCADA,1,"2022/10/20 18:00:00",GULLRWF2,101.900480
D,DISPATCH,UNIT_SCADA,1,"2022/10/20 18:00:00",GUNNING1,0
D,DISPATCH,UNIT_SCADA,1,"2022/10/20 18:00:00",GUTHEGA,67.80
D,DISPATCH,UNIT_SCADA,1,"2022/10/20 18:00:00",HALLWF1,2.02
D,DISPATCH,UNIT_SCADA,1,"2022/10/20 18:00:00",HALLWF2,2.50
D,DISPATCH,UNIT_SCADA,1,"2022/10/20 18:00:00",HAMISF1,0
D,DISPATCH,UNIT_SCADA,1,"2022/10/20 18:00:00",HAUGHT11,0
D,DISPATCH,UNIT_SCADA,1,"2022/10/20 18:00:00",HAYMSF1,0
D,DISPATCH,UNIT_SCADA,1,"2022/10/20 18:00:00",HDWF1,11.90
D,DISPATCH,UNIT_SCADA,1,"2022/10/20 18:00:00",HDWF2,12.80
D,DISPATCH,UNIT_SCADA,1,"2022/10/20 18:00:00",HDWF3,14.30
D,DISPATCH,UNIT_SCADA,1,"2022/10/20 18:00:00",HILLSTN1,0
D,DISPATCH,UNIT_SCADA,1,"2022/10/20 18:00:00",HPRG1,4.80
D,DISPATCH,UNIT_SCADA,1,"2022/10/20 18:00:00",HPRL1,0
D,DISPATCH,UNIT_SCADA,1,"2022/10/20 18:00:00",HUMENSW,54.902820
D,DISPATCH,UNIT_SCADA,1,"2022/10/20 18:00:00",HUMEV,0
D,DISPATCH,UNIT_SCADA,1,"2022/10/20 18:00:00",HVWWBA1G,0
D,DISPATCH,UNIT_SCADA,1,"2022/10/20 18:00:00",HVWWBA1L,0.0070
D,DISPATCH,UNIT_SCADA,1,"2022/10/20 18:00:00",HVWWPV1,1.5090
D,DISPATCH,UNIT_SCADA,1,"2022/10/20 18:00:00",JBUTTERS,0
D,DISPATCH,UNIT_SCADA,1,"2022/10/20 18:00:00",JEMALNG1,1.03
D,DISPATCH,UNIT_SCADA,1,"2022/10/20 18:00:00",JLA01,0
D,DISPATCH,UNIT_SCADA,1,"2022/10/20 18:00:00",JLA02,0
D,DISPATCH,UNIT_SCADA,1,"2022/10/20 18:00:00",JLA03,0
D,DISPATCH,UNIT_SCADA,1,"2022/10/20 18:00:00",JLA04,0
D,DISPATCH,UNIT_SCADA,1,"2022/10/20 18:00:00",JLB01,0
D,DISPATCH,UNIT_SCADA,1,"2022/10/20 18:00:00",JLB02,0.10
D,DISPATCH,UNIT_SCADA,1,"2022/10/20 18:00:00",JLB03,0
D,DISPATCH,UNIT_SCADA,1,"2022/10/20 18:00:00",JUNEESF1,0.777380
D,DISPATCH,UNIT_SCADA,1,"2022/10/20 18:00:00",KABANWF1,0
D,DISPATCH,UNIT_SCADA,1,"2022/10/20 18:00:00",KAREEYA1,17.9875
D,DISPATCH,UNIT_SCADA,1,"2022/10/20 18:00:00",KAREEYA2,0
D,DISPATCH,UNIT_SCADA,1,"2022/10/20 18:00:00",KAREEYA3,21.4175
D,DISPATCH,UNIT_SCADA,1,"2022/10/20 18:00:00",KAREEYA4,0
D,DISPATCH,UNIT_SCADA,1,"2022/10/20 18:00:00",KARSF1,8.30
D,DISPATCH,UNIT_SCADA,1,"2022/10/20 18:00:00",KEPSF1,0.02
D,DISPATCH,UNIT_SCADA,1,"2022/10/20 18:00:00",KEPWF1,15.79
D,DISPATCH,UNIT_SCADA,1,"2022/10/20 18:00:00",KIAMSF1,0.850690
D,DISPATCH,UNIT_SCADA,1,"2022/10/20 18:00:00",KIATAWF1,8.10
D,DISPATCH,UNIT_SCADA,1,"2022/10/20 18:00:00",KPP_1,0
D,DISPATCH,UNIT_SCADA,1,"2022/10/20 18:00:00",KSP1,7.81
D,DISPATCH,UNIT_SCADA,1,"2022/10/20 18:00:00",LADBROK1,0.02
D,DISPATCH,UNIT_SCADA,1,"2022/10/20 18:00:00",LADBROK2,0.02
D,DISPATCH,UNIT_SCADA,1,"2022/10/20 18:00:00",LBBG1,0
D,DISPATCH,UNIT_SCADA,1,"2022/10/20 18:00:00",LBBL1,0.15
D,DISPATCH,UNIT_SCADA,1,"2022/10/20 18:00:00",LD01,375.4509
D,DISPATCH,UNIT_SCADA,1,"2022/10/20 18:00:00",LD02,33.326210
D,DISPATCH,UNIT_SCADA,1,"2022/10/20 18:00:00",LD04,320.627470
D,DISPATCH,UNIT_SCADA,1,"2022/10/20 18:00:00",LEM_WIL,86.917580
D,DISPATCH,UNIT_SCADA,1,"2022/10/20 18:00:00",LGAPWF1,69.82
D,DISPATCH,UNIT_SCADA,1,"2022/10/20 18:00:00",LGAPWF2,53.26
D,DISPATCH,UNIT_SCADA,1,"2022/10/20 18:00:00",LILYSF1,0
D,DISPATCH,UNIT_SCADA,1,"2022/10/20 18:00:00",LIMOSF11,17.578850
D,DISPATCH,UNIT_SCADA,1,"2022/10/20 18:00:00",LIMOSF21,2.109010
D,DISPATCH,UNIT_SCADA,1,"2022/10/20 18:00:00",LI_WY_CA,63.216740
D,DISPATCH,UNIT_SCADA,1,"2022/10/20 18:00:00",LKBONNY1,13.932270
D,DISPATCH,UNIT_SCADA,1,"2022/10/20 18:00:00",LKBONNY2,27.038710
D,DISPATCH,UNIT_SCADA,1,"2022/10/20 18:00:00",LKBONNY3,2.7911
D,DISPATCH,UNIT_SCADA,1,"2022/10/20 18:00:00",LK_ECHO,0
D,DISPATCH,UNIT_SCADA,1,"2022/10/20 18:00:00",LNGS1,0
D,DISPATCH,UNIT_SCADA,1,"2022/10/20 18:00:00",LNGS2,0
D,DISPATCH,UNIT_SCADA,1,"2022/10/20 18:00:00",LONSDALE,0
D,DISPATCH,UNIT_SCADA,1,"2022/10/20 18:00:00",LOYYB1,580.074710
D,DISPATCH,UNIT_SCADA,1,"2022/10/20 18:00:00",LOYYB2,575.187320
D,DISPATCH,UNIT_SCADA,1,"2022/10/20 18:00:00",LYA1,555
D,DISPATCH,UNIT_SCADA,1,"2022/10/20 18:00:00",LYA2,0
D,DISPATCH,UNIT_SCADA,1,"2022/10/20 18:00:00",LYA3,554
D,DISPATCH,UNIT_SCADA,1,"2022/10/20 18:00:00",LYA4,557
D,DISPATCH,UNIT_SCADA,1,"2022/10/20 18:00:00",MACARTH1,41.799030
D,DISPATCH,UNIT_SCADA,1,"2022/10/20 18:00:00",MACKNTSH,72.12
D,DISPATCH,UNIT_SCADA,1,"2022/10/20 18:00:00",MANSLR1,0
D,DISPATCH,UNIT_SCADA,1,"2022/10/20 18:00:00",MAPS2PV1,0
D,DISPATCH,UNIT_SCADA,1,"2022/10/20 18:00:00",MAPS3PV1,0
D,DISPATCH,UNIT_SCADA,1,"2022/10/20 18:00:00",MARYRSF1,0.06
D,DISPATCH,UNIT_SCADA,1,"2022/10/20 18:00:00",MBPS2PV1,0
D,DISPATCH,UNIT_SCADA,1,"2022/10/20 18:00:00",MCKAY1,218.25
D,DISPATCH,UNIT_SCADA,1,"2022/10/20 18:00:00",MEADOWBK,20.034580
D,DISPATCH,UNIT_SCADA,1,"2022/10/20 18:00:00",MERCER01,17.70
D,DISPATCH,UNIT_SCADA,1,"2022/10/20 18:00:00",METZSF1,0
D,DISPATCH,UNIT_SCADA,1,"2022/10/20 18:00:00",MEWF1,0
D,DISPATCH,UNIT_SCADA,1,"2022/10/20 18:00:00",MIDDLSF1,0.10
D,DISPATCH,UNIT_SCADA,1,"2022/10/20 18:00:00",MINTARO,0.128180
D,DISPATCH,UNIT_SCADA,1,"2022/10/20 18:00:00",MOLNGSF1,0.374760
D,DISPATCH,UNIT_SCADA,1,"2022/10/20 18:00:00",MOORAWF1,22.42
D,DISPATCH,UNIT_SCADA,1,"2022/10/20 18:00:00",MOREESF1,0
D,DISPATCH,UNIT_SCADA,1,"2022/10/20 18:00:00",MORTLK11,0
D,DISPATCH,UNIT_SCADA,1,"2022/10/20 18:00:00",MORTLK12,0
D,DISPATCH,UNIT_SCADA,1,"2022/10/20 18:00:00",MOUSF1,0
D,DISPATCH,UNIT_SCADA,1,"2022/10/20 18:00:00",MP1,0
D,DISPATCH,UNIT_SCADA,1,"2022/10/20 18:00:00",MP2,637.766050
D,DISPATCH,UNIT_SCADA,1,"2022/10/20 18:00:00",MPP_1,164.327410
D,DISPATCH,UNIT_SCADA,1,"2022/10/20 18:00:00",MPP_2,183.416790
D,DISPATCH,UNIT_SCADA,1,"2022/10/20 18:00:00",MRTLSWF1,0
D,DISPATCH,UNIT_SCADA,1,"2022/10/20 18:00:00",MSTUART1,0
D,DISPATCH,UNIT_SCADA,1,"2022/10/20 18:00:00",MSTUART2,0
D,DISPATCH,UNIT_SCADA,1,"2022/10/20 18:00:00",MSTUART3,0
D,DISPATCH,UNIT_SCADA,1,"2022/10/20 18:00:00",MTGELWF1,64.952550
D,DISPATCH,UNIT_SCADA,1,"2022/10/20 18:00:00",MTMILLAR,12.40
D,DISPATCH,UNIT_SCADA,1,"2022/10/20 18:00:00",MURRAY,486.300050
D,DISPATCH,UNIT_SCADA,1,"2022/10/20 18:00:00",MUSSELR1,0
D,DISPATCH,UNIT_SCADA,1,"2022/10/20 18:00:00",MUWAWF1,4.13
D,DISPATCH,UNIT_SCADA,1,"2022/10/20 18:00:00",MUWAWF2,3.90
D,DISPATCH,UNIT_SCADA,1,"2022/10/20 18:00:00",MWPS1PV1,0.27
D,DISPATCH,UNIT_SCADA,1,"2022/10/20 18:00:00",MWPS2PV1,0.16
D,DISPATCH,UNIT_SCADA,1,"2022/10/20 18:00:00",MWPS3PV1,0.19
D,DISPATCH,UNIT_SCADA,1,"2022/10/20 18:00:00",MWPS4PV1,1.64
D,DISPATCH,UNIT_SCADA,1,"2022/10/20 18:00:00",NBHWF1,6.70
D,DISPATCH,UNIT_SCADA,1,"2022/10/20 18:00:00",NEVERSF1,2.67
D,DISPATCH,UNIT_SCADA,1,"2022/10/20 18:00:00",NPS,0
D,DISPATCH,UNIT_SCADA,1,"2022/10/20 18:00:00",NUMURSF1,5.81
D,DISPATCH,UNIT_SCADA,1,"2022/10/20 18:00:00",NYNGAN1,4.75
D,DISPATCH,UNIT_SCADA,1,"2022/10/20 18:00:00",OAKEY1,125.528080
D,DISPATCH,UNIT_SCADA,1,"2022/10/20 18:00:00",OAKEY1SF,0.0510
D,DISPATCH,UNIT_SCADA,1,"2022/10/20 18:00:00",OAKEY2,0
D,DISPATCH,UNIT_SCADA,1,"2022/10/20 18:00:00",OAKEY2SF,0.10
D,DISPATCH,UNIT_SCADA,1,"2022/10/20 18:00:00",OAKLAND1,22.60
D,DISPATCH,UNIT_SCADA,1,"2022/10/20 18:00:00",OSB-AG,176
D,DISPATCH,UNIT_SCADA,1,"2022/10/20 18:00:00",PAREPS1,0
D,DISPATCH,UNIT_SCADA,1,"2022/10/20 18:00:00",PAREPW1,172.50
D,DISPATCH,UNIT_SCADA,1,"2022/10/20 18:00:00",PARSF1,0.999470
D,DISPATCH,UNIT_SCADA,1,"2022/10/20 18:00:00",POAT110,3.51
D,DISPATCH,UNIT_SCADA,1,"2022/10/20 18:00:00",POAT220,0
D,DISPATCH,UNIT_SCADA,1,"2022/10/20 18:00:00",POR01,0.008670
D,DISPATCH,UNIT_SCADA,1,"2022/10/20 18:00:00",POR03,0
D,DISPATCH,UNIT_SCADA,1,"2022/10/20 18:00:00",PPCCGT,162.143360
D,DISPATCH,UNIT_SCADA,1,"2022/10/20 18:00:00",PTSTAN1,0
D,DISPATCH,UNIT_SCADA,1,"2022/10/20 18:00:00",PUMP1,0
D,DISPATCH,UNIT_SCADA,1,"2022/10/20 18:00:00",PUMP2,0
D,DISPATCH,UNIT_SCADA,1,"2022/10/20 18:00:00",QBYNBG1,0
D,DISPATCH,UNIT_SCADA,1,"2022/10/20 18:00:00",QBYNBL1,0.0015
D,DISPATCH,UNIT_SCADA,1,"2022/10/20 18:00:00",QPS1,0
D,DISPATCH,UNIT_SCADA,1,"2022/10/20 18:00:00",QPS2,0
D,DISPATCH,UNIT_SCADA,1,"2022/10/20 18:00:00",QPS3,0
D,DISPATCH,UNIT_SCADA,1,"2022/10/20 18:00:00",QPS4,0
D,DISPATCH,UNIT_SCADA,1,"2022/10/20 18:00:00",QPS5,116.579990
D,DISPATCH,UNIT_SCADA,1,"2022/10/20 18:00:00",REECE1,54.830410
D,DISPATCH,UNIT_SCADA,1,"2022/10/20 18:00:00",REECE2,75.470010
D,DISPATCH,UNIT_SCADA,1,"2022/10/20 18:00:00",ROMA_7,0
D,DISPATCH,UNIT_SCADA,1,"2022/10/20 18:00:00",ROMA_8,0
D,DISPATCH,UNIT_SCADA,1,"2022/10/20 18:00:00",RRSF1,0
D,DISPATCH,UNIT_SCADA,1,"2022/10/20 18:00:00",RT_NSW1,0
D,DISPATCH,UNIT_SCADA,1,"2022/10/20 18:00:00",RT_NSW2,0
D,DISPATCH,UNIT_SCADA,1,"2022/10/20 18:00:00",RT_NSW3,0
D,DISPATCH,UNIT_SCADA,1,"2022/10/20 18:00:00",RT_NSW4,0
D,DISPATCH,UNIT_SCADA,1,"2022/10/20 18:00:00",RT_NSW5,0
D,DISPATCH,UNIT_SCADA,1,"2022/10/20 18:00:00",RT_NSW6,0
D,DISPATCH,UNIT_SCADA,1,"2022/10/20 18:00:00",RT_QLD1,0
D,DISPATCH,UNIT_SCADA,1,"2022/10/20 18:00:00",RT_SA1,0
D,DISPATCH,UNIT_SCADA,1,"2022/10/20 18:00:00",RT_SA2,0
D,DISPATCH,UNIT_SCADA,1,"2022/10/20 18:00:00",RT_SA3,0
D,DISPATCH,UNIT_SCADA,1,"2022/10/20 18:00:00",RT_SA4,0
D,DISPATCH,UNIT_SCADA,1,"2022/10/20 18:00:00",RT_SA5,0
D,DISPATCH,UNIT_SCADA,1,"2022/10/20 18:00:00",RT_SA6,0
D,DISPATCH,UNIT_SCADA,1,"2022/10/20 18:00:00",RT_TAS1,0
D,DISPATCH,UNIT_SCADA,1,"2022/10/20 18:00:00",RT_VIC1,0
D,DISPATCH,UNIT_SCADA,1,"2022/10/20 18:00:00",RT_VIC10,0
D,DISPATCH,UNIT_SCADA,1,"2022/10/20 18:00:00",RT_VIC11,0
D,DISPATCH,UNIT_SCADA,1,"2022/10/20 18:00:00",RT_VIC12,0
D,DISPATCH,UNIT_SCADA,1,"2022/10/20 18:00:00",RT_VIC2,0
D,DISPATCH,UNIT_SCADA,1,"2022/10/20 18:00:00",RT_VIC3,0
D,DISPATCH,UNIT_SCADA,1,"2022/10/20 18:00:00",RT_VIC4,0
D,DISPATCH,UNIT_SCADA,1,"2022/10/20 18:00:00",RT_VIC5,0
D,DISPATCH,UNIT_SCADA,1,"2022/10/20 18:00:00",RT_VIC6,0
D,DISPATCH,UNIT_SCADA,1,"2022/10/20 18:00:00",RT_VIC7,0
D,DISPATCH,UNIT_SCADA,1,"2022/10/20 18:00:00",RT_VIC8,0
D,DISPATCH,UNIT_SCADA,1,"2022/10/20 18:00:00",RT_VIC9,0
D,DISPATCH,UNIT_SCADA,1,"2022/10/20 18:00:00",RUGBYR1,0.998020
D,DISPATCH,UNIT_SCADA,1,"2022/10/20 18:00:00",SALTCRK1,23.41
D,DISPATCH,UNIT_SCADA,1,"2022/10/20 18:00:00",SAPHWF1,164.747090
D,DISPATCH,UNIT_SCADA,1,"2022/10/20 18:00:00",SEBSF1,1.633060
D,DISPATCH,UNIT_SCADA,1,"2022/10/20 18:00:00",SHGEN,79.010280
D,DISPATCH,UNIT_SCADA,1,"2022/10/20 18:00:00",SHPUMP,0
D,DISPATCH,UNIT_SCADA,1,"2022/10/20 18:00:00",SITHE01,0.123710
D,DISPATCH,UNIT_SCADA,1,"2022/10/20 18:00:00",SMCSF1,0
D,DISPATCH,UNIT_SCADA,1,"2022/10/20 18:00:00",SNAPPER1,0
D,DISPATCH,UNIT_SCADA,1,"2022/10/20 18:00:00",SNOWNTH1,52.90
D,DISPATCH,UNIT_SCADA,1,"2022/10/20 18:00:00",SNOWSTH1,16.90
D,DISPATCH,UNIT_SCADA,1,"2022/10/20 18:00:00",SNOWTWN1,23.964660
D,DISPATCH,UNIT_SCADA,1,"2022/10/20 18:00:00",SNOWYP,0
D,DISPATCH,UNIT_SCADA,1,"2022/10/20 18:00:00",SNUG1,0
D,DISPATCH,UNIT_SCADA,1,"2022/10/20 18:00:00",SRSF1,0
D,DISPATCH,UNIT_SCADA,1,"2022/10/20 18:00:00",STAN-1,277.838620
D,DISPATCH,UNIT_SCADA,1,"2022/10/20 18:00:00",STAN-2,364.076780
D,DISPATCH,UNIT_SCADA,1,"2022/10/20 18:00:00",STAN-3,364.627960
D,DISPATCH,UNIT_SCADA,1,"2022/10/20 18:00:00",STAN-4,363.769170
D,DISPATCH,UNIT_SCADA,1,"2022/10/20 18:00:00",STARHLWF,17.894780
D,DISPATCH,UNIT_SCADA,1,"2022/10/20 18:00:00",STOCKYD1,232.539990
D,DISPATCH,UNIT_SCADA,1,"2022/10/20 18:00:00",STWF1,49.356830
D,DISPATCH,UNIT_SCADA,1,"2022/10/20 18:00:00",SUNRSF1,14.058140
D,DISPATCH,UNIT_SCADA,1,"2022/10/20 18:00:00",SUNTPSF1,3.4052
D,DISPATCH,UNIT_SCADA,1,"2022/10/20 18:00:00",SWAN_E,352.114380
D,DISPATCH,UNIT_SCADA,1,"2022/10/20 18:00:00",TALWA1,0
D,DISPATCH,UNIT_SCADA,1,"2022/10/20 18:00:00",TARALGA1,0
D,DISPATCH,UNIT_SCADA,1,"2022/10/20 18:00:00",TARONG#1,348.399990
D,DISPATCH,UNIT_SCADA,1,"2022/10/20 18:00:00",TARONG#2,348.800020
D,DISPATCH,UNIT_SCADA,1,"2022/10/20 18:00:00",TARONG#3,0.90
D,DISPATCH,UNIT_SCADA,1,"2022/10/20 18:00:00",TARONG#4,245
D,DISPATCH,UNIT_SCADA,1,"2022/10/20 18:00:00",TARRALEA,53.70
D,DISPATCH,UNIT_SCADA,1,"2022/10/20 18:00:00",TBSF1,7
D,DISPATCH,UNIT_SCADA,1,"2022/10/20 18:00:00",TNPS1,418.9375
D,DISPATCH,UNIT_SCADA,1,"2022/10/20 18:00:00",TORRB1,0
D,DISPATCH,UNIT_SCADA,1,"2022/10/20 18:00:00",TORRB2,78
D,DISPATCH,UNIT_SCADA,1,"2022/10/20 18:00:00",TORRB3,0
D,DISPATCH,UNIT_SCADA,1,"2022/10/20 18:00:00",TORRB4,0
D,DISPATCH,UNIT_SCADA,1,"2022/10/20 18:00:00",TREVALLN,98.885150
D,DISPATCH,UNIT_SCADA,1,"2022/10/20 18:00:00",TRIBUTE,0
D,DISPATCH,UNIT_SCADA,1,"2022/10/20 18:00:00",TUMUT3,301.38
D,DISPATCH,UNIT_SCADA,1,"2022/10/20 18:00:00",TUNGATIN,10.740020
D,DISPATCH,UNIT_SCADA,1,"2022/10/20 18:00:00",TVCC201,0
D,DISPATCH,UNIT_SCADA,1,"2022/10/20 18:00:00",TVPP104,57.865630
D,DISPATCH,UNIT_SCADA,1,"2022/10/20 18:00:00",UPPTUMUT,118.537860
D,DISPATCH,UNIT_SCADA,1,"2022/10/20 18:00:00",URANQ11,0
D,DISPATCH,UNIT_SCADA,1,"2022/10/20 18:00:00",URANQ12,0
D,DISPATCH,UNIT_SCADA,1,"2022/10/20 18:00:00",URANQ13,0
D,DISPATCH,UNIT_SCADA,1,"2022/10/20 18:00:00",URANQ14,154.070340
D,DISPATCH,UNIT_SCADA,1,"2022/10/20 18:00:00",VBBG1,0
D,DISPATCH,UNIT_SCADA,1,"2022/10/20 18:00:00",VBBL1,1.60
D,DISPATCH,UNIT_SCADA,1,"2022/10/20 18:00:00",VP5,585.247380
D,DISPATCH,UNIT_SCADA,1,"2022/10/20 18:00:00",VP6,600.946040
D,DISPATCH,UNIT_SCADA,1,"2022/10/20 18:00:00",VPGS1,0
D,DISPATCH,UNIT_SCADA,1,"2022/10/20 18:00:00",VPGS2,0
D,DISPATCH,UNIT_SCADA,1,"2022/10/20 18:00:00",VPGS3,0
D,DISPATCH,UNIT_SCADA,1,"2022/10/20 18:00:00",VPGS4,0
D,DISPATCH,UNIT_SCADA,1,"2022/10/20 18:00:00",VPGS5,0
D,DISPATCH,UNIT_SCADA,1,"2022/10/20 18:00:00",VPGS6,0
D,DISPATCH,UNIT_SCADA,1,"2022/10/20 18:00:00",W/HOE#1,159.72
D,DISPATCH,UNIT_SCADA,1,"2022/10/20 18:00:00",W/HOE#2,0
D,DISPATCH,UNIT_SCADA,1,"2022/10/20 18:00:00",WAGGNSF1,0
D,DISPATCH,UNIT_SCADA,1,"2022/10/20 18:00:00",WALGRVG1,0
D,DISPATCH,UNIT_SCADA,1,"2022/10/20 18:00:00",WALGRVL1,0.028850
D,DISPATCH,UNIT_SCADA,1,"2022/10/20 18:00:00",WANDBG1,59.539910
D,DISPATCH,UNIT_SCADA,1,"2022/10/20 18:00:00",WANDBL1,0
D,DISPATCH,UNIT_SCADA,1,"2022/10/20 18:00:00",WARWSF1,0
D,DISPATCH,UNIT_SCADA,1,"2022/10/20 18:00:00",WARWSF2,0
D,DISPATCH,UNIT_SCADA,1,"2022/10/20 18:00:00",WATERLWF,0
D,DISPATCH,UNIT_SCADA,1,"2022/10/20 18:00:00",WDGPH1,0
D,DISPATCH,UNIT_SCADA,1,"2022/10/20 18:00:00",WELLSF1,3.848330
D,DISPATCH,UNIT_SCADA,1,"2022/10/20 18:00:00",WEMENSF1,2.80
D,DISPATCH,UNIT_SCADA,1,"2022/10/20 18:00:00",WGWF1,17.70
D,DISPATCH,UNIT_SCADA,1,"2022/10/20 18:00:00",WHITSF1,0
D,DISPATCH,UNIT_SCADA,1,"2022/10/20 18:00:00",WINTSF1,4.43
D,DISPATCH,UNIT_SCADA,1,"2022/10/20 18:00:00",WKIEWA1,33.90
D,DISPATCH,UNIT_SCADA,1,"2022/10/20 18:00:00",WKIEWA2,34.10
D,DISPATCH,UNIT_SCADA,1,"2022/10/20 18:00:00",WOODLWN1,32.603520
D,DISPATCH,UNIT_SCADA,1,"2022/10/20 18:00:00",WOOLGSF1,0
D,DISPATCH,UNIT_SCADA,1,"2022/10/20 18:00:00",WPWF,32.90
D,DISPATCH,UNIT_SCADA,1,"2022/10/20 18:00:00",WRSF1,0.190440
D,DISPATCH,UNIT_SCADA,1,"2022/10/20 18:00:00",WRWF1,78.816510
D,DISPATCH,UNIT_SCADA,1,"2022/10/20 18:00:00",WSTWYSF1,0.093350
D,DISPATCH,UNIT_SCADA,1,"2022/10/20 18:00:00",YABULU,150.390010
D,DISPATCH,UNIT_SCADA,1,"2022/10/20 18:00:00",YABULU2,0
D,DISPATCH,UNIT_SCADA,1,"2022/10/20 18:00:00",YARANSF1,0.02
D,DISPATCH,UNIT_SCADA,1,"2022/10/20 18:00:00",YARWUN_1,162.429990
D,DISPATCH,UNIT_SCADA,1,"2022/10/20 18:00:00",YATSF1,10.57
D,DISPATCH,UNIT_SCADA,1,"2022/10/20 18:00:00",YENDWF1,29.30
D,DISPATCH,UNIT_SCADA,1,"2022/10/20 18:00:00",YWPS1,354.886080
D,DISPATCH,UNIT_SCADA,1,"2022/10/20 18:00:00",YWPS2,290.222780
D,DISPATCH,UNIT_SCADA,1,"2022/10/20 18:00:00",YWPS3,359.388610
D,DISPATCH,UNIT_SCADA,1,"2022/10/20 18:00:00",YWPS4,0
C,"END OF REPORT",419
