C,NEMP.WORLD,DISPATCHSCADA,AEMO,PUBLIC,2022/10/20,08:45:10,0000000373241750,DISPATCHSCADA,0000000373241744
I,DISPATCH,UNIT_SCADA,1,SETTLEMENTDATE,DUID,SCADAVALUE
D,DISPATCH,UNIT_SCADA,1,"2022/10/20 08:50:00",BARCSF1,9.200001
D,DISPATCH,UNIT_SCADA,1,"2022/10/20 08:50:00",BUTLERSG,8.699999
D,DISPATCH,UNIT_SCADA,1,"2022/10/20 08:50:00",CAPTL_WF,50.918747
D,DISPATCH,UNIT_SCADA,1,"2022/10/20 08:50:00",CHALLHWF,2.60
D,DISPATCH,UNIT_SCADA,1,"2022/10/20 08:50:00",CLOVER,13.30
D,DISPATCH,UNIT_SCADA,1,"2022/10/20 08:50:00",CLUNY,6.248112
D,DISPATCH,UNIT_SCADA,1,"2022/10/20 08:50:00",CULLRGWF,-0.04
D,DISPATCH,UNIT_SCADA,1,"2022/10/20 08:50:00",DIAPURWF1,7.30
D,DISPATCH,UNIT_SCADA,1,"2022/10/20 08:50:00",ERGT01,0
D,DISPATCH,UNIT_SCADA,1,"2022/10/20 08:50:00",GB01,0
D,DISPATCH,UNIT_SCADA,1,"2022/10/20 08:50:00",GERMCRK,19.40
D,DISPATCH,UNIT_SCADA,1,"2022/10/20 08:50:00",GRIFSF1,2.198825
D,DISPATCH,UNIT_SCADA,1,"2022/10/20 08:50:00",HEZ1,0
D,DISPATCH,UNIT_SCADA,1,"2022/10/20 08:50:00",HUGSF1,10.8190
D,DISPATCH,UNIT_SCADA,1,"2022/10/20 08:50:00",KEPBG1,0.01
D,DISPATCH,UNIT_SCADA,1,"2022/10/20 08:50:00",LRSF1,9.0260
D,DISPATCH,UNIT_SCADA,1,"2022/10/20 08:50:00",MBAHNTH,45.150009
D,DISPATCH,UNIT_SCADA,1,"2022/10/20 08:50:00",MLSP1,8.485001
D,DISPATCH,UNIT_SCADA,1,"2022/10/20 08:50:00",MLWF1,5.61
D,DISPATCH,UNIT_SCADA,1,"2022/10/20 08:50:00",PALOONA,30.059999
D,DISPATCH,UNIT_SCADA,1,"2022/10/20 08:50:00",PIONEER,38.100002
D,DISPATCH,UNIT_SCADA,1,"2022/10/20 08:50:00",PORTWF,58.099998
D,DISPATCH,UNIT_SCADA,1,"2022/10/20 08:50:00",REPULSE,9.582055
D,DISPATCH,UNIT_SCADA,1,"2022/10/20 08:50:00",ROWALLAN,8.8608
D,DISPATCH,UNIT_SCADA,1,"2022/10/20 08:50:00",ROYALLA1,13.691004
D,DISPATCH,UNIT_SCADA,1,"2022/10/20 08:50:00",RPCG,-1.80
D,DISPATCH,UNIT_SCADA,1,"2022/10/20 08:50:00",RUBICON,0
D,DISPATCH,UNIT_SCADA,1,"2022/10/20 08:50:00",WAUBRAWF,18.625999
D,DISPATCH,UNIT_SCADA,1,"2022/10/20 08:50:00",WOOLNTH1,0.30
D,DISPATCH,UNIT_SCADA,1,"2022/10/20 08:50:00",YAMBUKWF,6.90
D,DISPATCH,UNIT_SCADA,1,"2022/10/20 08:50:00",YSWF1,0.50
D,DISPATCH,UNIT_SCADA,1,"2022/10/20 08:50:00",ADPBA1G,0.0080
D,DISPATCH,UNIT_SCADA,1,"2022/10/20 08:50:00",ADPBA1L,0
D,DISPATCH,UNIT_SCADA,1,"2022/10/20 08:50:00",ADPPV1,0.0540
D,DISPATCH,UNIT_SCADA,1,"2022/10/20 08:50:00",AGLHAL,0
D,DISPATCH,UNIT_SCADA,1,"2022/10/20 08:50:00",AGLSOM,0
D,DISPATCH,UNIT_SCADA,1,"2022/10/20 08:50:00",ANGAST1,0
D,DISPATCH,UNIT_SCADA,1,"2022/10/20 08:50:00",ARWF1,4.60
D,DISPATCH,UNIT_SCADA,1,"2022/10/20 08:50:00",BALBG1,1.58
D,DISPATCH,UNIT_SCADA,1,"2022/10/20 08:50:00",BALBL1,0
D,DISPATCH,UNIT_SCADA,1,"2022/10/20 08:50:00",BALDHWF1,2.4130
D,DISPATCH,UNIT_SCADA,1,"2022/10/20 08:50:00",BANGOWF1,23.996950
D,DISPATCH,UNIT_SCADA,1,"2022/10/20 08:50:00",BANGOWF2,40.597920
D,DISPATCH,UNIT_SCADA,1,"2022/10/20 08:50:00",BANN1,22.87
D,DISPATCH,UNIT_SCADA,1,"2022/10/20 08:50:00",BARCALDN,0
D,DISPATCH,UNIT_SCADA,1,"2022/10/20 08:50:00",BARKIPS1,0
D,DISPATCH,UNIT_SCADA,1,"2022/10/20 08:50:00",BARRON-1,0
D,DISPATCH,UNIT_SCADA,1,"2022/10/20 08:50:00",BARRON-2,0
D,DISPATCH,UNIT_SCADA,1,"2022/10/20 08:50:00",BASTYAN,53.580010
D,DISPATCH,UNIT_SCADA,1,"2022/10/20 08:50:00",BBTHREE1,0
D,DISPATCH,UNIT_SCADA,1,"2022/10/20 08:50:00",BBTHREE2,0
D,DISPATCH,UNIT_SCADA,1,"2022/10/20 08:50:00",BBTHREE3,-1.02
D,DISPATCH,UNIT_SCADA,1,"2022/10/20 08:50:00",BDL01,0
D,DISPATCH,UNIT_SCADA,1,"2022/10/20 08:50:00",BDL02,0
D,DISPATCH,UNIT_SCADA,1,"2022/10/20 08:50:00",BERYLSF1,7.021330
D,DISPATCH,UNIT_SCADA,1,"2022/10/20 08:50:00",BLOWERNG,62.50
D,DISPATCH,UNIT_SCADA,1,"2022/10/20 08:50:00",BLUEGSF1,51.308540
D,DISPATCH,UNIT_SCADA,1,"2022/10/20 08:50:00",BLUFF1,34.90
D,DISPATCH,UNIT_SCADA,1,"2022/10/20 08:50:00",BNGSF1,89.06
D,DISPATCH,UNIT_SCADA,1,"2022/10/20 08:50:00",BNGSF2,86
D,DISPATCH,UNIT_SCADA,1,"2022/10/20 08:50:00",BOCORWF1,0
D,DISPATCH,UNIT_SCADA,1,"2022/10/20 08:50:00",BODWF1,101.383620
D,DISPATCH,UNIT_SCADA,1,"2022/10/20 08:50:00",BOMENSF1,19.491870
D,DISPATCH,UNIT_SCADA,1,"2022/10/20 08:50:00",BOWWBA1G,0
D,DISPATCH,UNIT_SCADA,1,"2022/10/20 08:50:00",BOWWBA1L,0
D,DISPATCH,UNIT_SCADA,1,"2022/10/20 08:50:00",BOWWPV1,0.0010
D,DISPATCH,UNIT_SCADA,1,"2022/10/20 08:50:00",BRAEMAR1,0
D,DISPATCH,UNIT_SCADA,1,"2022/10/20 08:50:00",BRAEMAR2,0
D,DISPATCH,UNIT_SCADA,1,"2022/10/20 08:50:00",BRAEMAR3,0
D,DISPATCH,UNIT_SCADA,1,"2022/10/20 08:50:00",BRAEMAR5,0.292060
D,DISPATCH,UNIT_SCADA,1,"2022/10/20 08:50:00",BRAEMAR6,0
D,DISPATCH,UNIT_SCADA,1,"2022/10/20 08:50:00",BRAEMAR7,0.130920
D,DISPATCH,UNIT_SCADA,1,"2022/10/20 08:50:00",BROKENH1,10.099850
D,DISPATCH,UNIT_SCADA,1,"2022/10/20 08:50:00",BRYB1WF1,112.669560
D,DISPATCH,UNIT_SCADA,1,"2022/10/20 08:50:00",BULBESG1,0
D,DISPATCH,UNIT_SCADA,1,"2022/10/20 08:50:00",BULBESL1,0.03
D,DISPATCH,UNIT_SCADA,1,"2022/10/20 08:50:00",BULGANA1,8.19
D,DISPATCH,UNIT_SCADA,1,"2022/10/20 08:50:00",BW01,657.6394
D,DISPATCH,UNIT_SCADA,1,"2022/10/20 08:50:00",BW02,617.599730
D,DISPATCH,UNIT_SCADA,1,"2022/10/20 08:50:00",BW03,548.311580
D,DISPATCH,UNIT_SCADA,1,"2022/10/20 08:50:00",BW04,0
D,DISPATCH,UNIT_SCADA,1,"2022/10/20 08:50:00",CALL_B_1,318.800020
D,DISPATCH,UNIT_SCADA,1,"2022/10/20 08:50:00",CALL_B_2,319.50
D,DISPATCH,UNIT_SCADA,1,"2022/10/20 08:50:00",CATHROCK,0
D,DISPATCH,UNIT_SCADA,1,"2022/10/20 08:50:00",CBWWBA1G,0
D,DISPATCH,UNIT_SCADA,1,"2022/10/20 08:50:00",CBWWBA1L,0
D,DISPATCH,UNIT_SCADA,1,"2022/10/20 08:50:00",CETHANA,97.406130
D,DISPATCH,UNIT_SCADA,1,"2022/10/20 08:50:00",CG1,0
D,DISPATCH,UNIT_SCADA,1,"2022/10/20 08:50:00",CG2,0
D,DISPATCH,UNIT_SCADA,1,"2022/10/20 08:50:00",CG3,0
D,DISPATCH,UNIT_SCADA,1,"2022/10/20 08:50:00",CG4,0
D,DISPATCH,UNIT_SCADA,1,"2022/10/20 08:50:00",CHILDSF1,31.55
D,DISPATCH,UNIT_SCADA,1,"2022/10/20 08:50:00",CHYTWF1,0.48
D,DISPATCH,UNIT_SCADA,1,"2022/10/20 08:50:00",CLARESF1,17.501180
D,DISPATCH,UNIT_SCADA,1,"2022/10/20 08:50:00",CLEMGPWF,7.563670
D,DISPATCH,UNIT_SCADA,1,"2022/10/20 08:50:00",CLERMSF1,21.62
D,DISPATCH,UNIT_SCADA,1,"2022/10/20 08:50:00",CNUNDAWF,0.200230
D,DISPATCH,UNIT_SCADA,1,"2022/10/20 08:50:00",COHUNSF1,3.14
D,DISPATCH,UNIT_SCADA,1,"2022/10/20 08:50:00",COLEASF1,27.600140
D,DISPATCH,UNIT_SCADA,1,"2022/10/20 08:50:00",COLUMSF1,17.8140
D,DISPATCH,UNIT_SCADA,1,"2022/10/20 08:50:00",COLWF01,127.379260
D,DISPATCH,UNIT_SCADA,1,"2022/10/20 08:50:00",COOPGWF1,297.829990
D,DISPATCH,UNIT_SCADA,1,"2022/10/20 08:50:00",CPP_3,357.774990
D,DISPATCH,UNIT_SCADA,1,"2022/10/20 08:50:00",CPP_4,0
D,DISPATCH,UNIT_SCADA,1,"2022/10/20 08:50:00",CPSA,0
D,DISPATCH,UNIT_SCADA,1,"2022/10/20 08:50:00",CROOKWF2,33.154190
D,DISPATCH,UNIT_SCADA,1,"2022/10/20 08:50:00",CROWLWF1,25.430020
D,DISPATCH,UNIT_SCADA,1,"2022/10/20 08:50:00",CRURWF1,44.899440
D,DISPATCH,UNIT_SCADA,1,"2022/10/20 08:50:00",CRWASF1,28.768260
D,DISPATCH,UNIT_SCADA,1,"2022/10/20 08:50:00",CSPVPS1,21.0580
D,DISPATCH,UNIT_SCADA,1,"2022/10/20 08:50:00",CTHLWF1,0.003050
D,DISPATCH,UNIT_SCADA,1,"2022/10/20 08:50:00",DALNTH01,0
D,DISPATCH,UNIT_SCADA,1,"2022/10/20 08:50:00",DALNTHL1,0.032040
D,DISPATCH,UNIT_SCADA,1,"2022/10/20 08:50:00",DARLSF1,43.055160
D,DISPATCH,UNIT_SCADA,1,"2022/10/20 08:50:00",DARTM1,0
D,DISPATCH,UNIT_SCADA,1,"2022/10/20 08:50:00",DAYDSF1,59.8190
D,DISPATCH,UNIT_SCADA,1,"2022/10/20 08:50:00",DDPS1,0
D,DISPATCH,UNIT_SCADA,1,"2022/10/20 08:50:00",DDSF1,19.142660
D,DISPATCH,UNIT_SCADA,1,"2022/10/20 08:50:00",DEVILS_G,58.876310
D,DISPATCH,UNIT_SCADA,1,"2022/10/20 08:50:00",DG_NSW1,0
D,DISPATCH,UNIT_SCADA,1,"2022/10/20 08:50:00",DG_QLD1,0
D,DISPATCH,UNIT_SCADA,1,"2022/10/20 08:50:00",DG_SA1,0
D,DISPATCH,UNIT_SCADA,1,"2022/10/20 08:50:00",DG_TAS1,0
D,DISPATCH,UNIT_SCADA,1,"2022/10/20 08:50:00",DG_VIC1,0
D,DISPATCH,UNIT_SCADA,1,"2022/10/20 08:50:00",DRYCGT1,0
D,DISPATCH,UNIT_SCADA,1,"2022/10/20 08:50:00",DRYCGT2,0
D,DISPATCH,UNIT_SCADA,1,"2022/10/20 08:50:00",DRYCGT3,0
D,DISPATCH,UNIT_SCADA,1,"2022/10/20 08:50:00",DUNDWF1,75.14
D,DISPATCH,UNIT_SCADA,1,"2022/10/20 08:50:00",DUNDWF2,21.15
D,DISPATCH,UNIT_SCADA,1,"2022/10/20 08:50:00",DUNDWF3,72.71
D,DISPATCH,UNIT_SCADA,1,"2022/10/20 08:50:00",EILDON1,59.48
D,DISPATCH,UNIT_SCADA,1,"2022/10/20 08:50:00",EILDON2,59.88
D,DISPATCH,UNIT_SCADA,1,"2022/10/20 08:50:00",ELAINWF1,13.13
D,DISPATCH,UNIT_SCADA,1,"2022/10/20 08:50:00",EMERASF1,0
D,DISPATCH,UNIT_SCADA,1,"2022/10/20 08:50:00",ER01,0
D,DISPATCH,UNIT_SCADA,1,"2022/10/20 08:50:00",ER02,551.143680
D,DISPATCH,UNIT_SCADA,1,"2022/10/20 08:50:00",ER03,514.497620
D,DISPATCH,UNIT_SCADA,1,"2022/10/20 08:50:00",ER04,514.424380
D,DISPATCH,UNIT_SCADA,1,"2022/10/20 08:50:00",FINLYSF1,114.097810
D,DISPATCH,UNIT_SCADA,1,"2022/10/20 08:50:00",FISHER,43.90
D,DISPATCH,UNIT_SCADA,1,"2022/10/20 08:50:00",GANGARR1,35.7760
D,DISPATCH,UNIT_SCADA,1,"2022/10/20 08:50:00",GANNBG1,0
D,DISPATCH,UNIT_SCADA,1,"2022/10/20 08:50:00",GANNBL1,0.400280
D,DISPATCH,UNIT_SCADA,1,"2022/10/20 08:50:00",GANNSF1,15.20
D,DISPATCH,UNIT_SCADA,1,"2022/10/20 08:50:00",GLRWNSF1,110.05
D,DISPATCH,UNIT_SCADA,1,"2022/10/20 08:50:00",GNNDHSF1,31.867020
D,DISPATCH,UNIT_SCADA,1,"2022/10/20 08:50:00",GOONSF1,25.548480
D,DISPATCH,UNIT_SCADA,1,"2022/10/20 08:50:00",GORDON,239.216550
D,DISPATCH,UNIT_SCADA,1,"2022/10/20 08:50:00",GRANWF1,0.06
D,DISPATCH,UNIT_SCADA,1,"2022/10/20 08:50:00",GSTONE1,194.0750
D,DISPATCH,UNIT_SCADA,1,"2022/10/20 08:50:00",GSTONE2,0
D,DISPATCH,UNIT_SCADA,1,"2022/10/20 08:50:00",GSTONE3,201.0750
D,DISPATCH,UNIT_SCADA,1,"2022/10/20 08:50:00",GSTONE4,0
D,DISPATCH,UNIT_SCADA,1,"2022/10/20 08:50:00",GSTONE5,201.4250
D,DISPATCH,UNIT_SCADA,1,"2022/10/20 08:50:00",GSTONE6,202.1250
D,DISPATCH,UNIT_SCADA,1,"2022/10/20 08:50:00",GULLRSF1,0.894990
D,DISPATCH,UNIT_SCADA,1,"2022/10/20 08:50:00",GULLRWF1,65.9940
D,DISPATCH,UNIT_SCADA,1,"2022/10/20 08:50:00",GULLRWF2,88.824110
D,DISPATCH,UNIT_SCADA,1,"2022/10/20 08:50:00",GUNNING1,0
D,DISPATCH,UNIT_SCADA,1,"2022/10/20 08:50:00",GUTHEGA,67.80
D,DISPATCH,UNIT_SCADA,1,"2022/10/20 08:50:00",HALLWF1,27.45
D,DISPATCH,UNIT_SCADA,1,"2022/10/20 08:50:00",HALLWF2,53.64
D,DISPATCH,UNIT_SCADA,1,"2022/10/20 08:50:00",HAMISF1,38.70
D,DISPATCH,UNIT_SCADA,1,"2022/10/20 08:50:00",HAUGHT11,13.655040
D,DISPATCH,UNIT_SCADA,1,"2022/10/20 08:50:00",HAYMSF1,35.3030
D,DISPATCH,UNIT_SCADA,1,"2022/10/20 08:50:00",HDWF1,71.90
D,DISPATCH,UNIT_SCADA,1,"2022/10/20 08:50:00",HDWF2,39.10
D,DISPATCH,UNIT_SCADA,1,"2022/10/20 08:50:00",HDWF3,56.60
D,DISPATCH,UNIT_SCADA,1,"2022/10/20 08:50:00",HILLSTN1,13.721090
D,DISPATCH,UNIT_SCADA,1,"2022/10/20 08:50:00",HPRG1,0
D,DISPATCH,UNIT_SCADA,1,"2022/10/20 08:50:00",HPRL1,28.20
D,DISPATCH,UNIT_SCADA,1,"2022/10/20 08:50:00",HUMENSW,54.081470
D,DISPATCH,UNIT_SCADA,1,"2022/10/20 08:50:00",HUMEV,0
D,DISPATCH,UNIT_SCADA,1,"2022/10/20 08:50:00",HVWWBA1G,0
D,DISPATCH,UNIT_SCADA,1,"2022/10/20 08:50:00",HVWWBA1L,0.0060
D,DISPATCH,UNIT_SCADA,1,"2022/10/20 08:50:00",HVWWPV1,0.0380
D,DISPATCH,UNIT_SCADA,1,"2022/10/20 08:50:00",JBUTTERS,0
D,DISPATCH,UNIT_SCADA,1,"2022/10/20 08:50:00",JEMALNG1,7.81
D,DISPATCH,UNIT_SCADA,1,"2022/10/20 08:50:00",JLA01,0
D,DISPATCH,UNIT_SCADA,1,"2022/10/20 08:50:00",JLA02,0
D,DISPATCH,UNIT_SCADA,1,"2022/10/20 08:50:00",JLA03,0
D,DISPATCH,UNIT_SCADA,1,"2022/10/20 08:50:00",JLA04,0
D,DISPATCH,UNIT_SCADA,1,"2022/10/20 08:50:00",JLB01,0
D,DISPATCH,UNIT_SCADA,1,"2022/10/20 08:50:00",JLB02,0.10
D,DISPATCH,UNIT_SCADA,1,"2022/10/20 08:50:00",JLB03,0
D,DISPATCH,UNIT_SCADA,1,"2022/10/20 08:50:00",JUNEESF1,5.049090
D,DISPATCH,UNIT_SCADA,1,"2022/10/20 08:50:00",KABANWF1,0
D,DISPATCH,UNIT_SCADA,1,"2022/10/20 08:50:00",KAREEYA1,0
D,DISPATCH,UNIT_SCADA,1,"2022/10/20 08:50:00",KAREEYA2,0
D,DISPATCH,UNIT_SCADA,1,"2022/10/20 08:50:00",KAREEYA3,4.7775
D,DISPATCH,UNIT_SCADA,1,"2022/10/20 08:50:00",KAREEYA4,0
D,DISPATCH,UNIT_SCADA,1,"2022/10/20 08:50:00",KARSF1,18.60
D,DISPATCH,UNIT_SCADA,1,"2022/10/20 08:50:00",KEPSF1,7.86
D,DISPATCH,UNIT_SCADA,1,"2022/10/20 08:50:00",KEPWF1,0
D,DISPATCH,UNIT_SCADA,1,"2022/10/20 08:50:00",KIAMSF1,22.480350
D,DISPATCH,UNIT_SCADA,1,"2022/10/20 08:50:00",KIATAWF1,12
D,DISPATCH,UNIT_SCADA,1,"2022/10/20 08:50:00",KPP_1,0
D,DISPATCH,UNIT_SCADA,1,"2022/10/20 08:50:00",KSP1,29.27
D,DISPATCH,UNIT_SCADA,1,"2022/10/20 08:50:00",LADBROK1,0.01
D,DISPATCH,UNIT_SCADA,1,"2022/10/20 08:50:00",LADBROK2,5.79
D,DISPATCH,UNIT_SCADA,1,"2022/10/20 08:50:00",LBBG1,0
D,DISPATCH,UNIT_SCADA,1,"2022/10/20 08:50:00",LBBL1,6.60
D,DISPATCH,UNIT_SCADA,1,"2022/10/20 08:50:00",LD01,320.8472
D,DISPATCH,UNIT_SCADA,1,"2022/10/20 08:50:00",LD02,0
D,DISPATCH,UNIT_SCADA,1,"2022/10/20 08:50:00",LD04,319.6936
D,DISPATCH,UNIT_SCADA,1,"2022/10/20 08:50:00",LEM_WIL,86.911350
D,DISPATCH,UNIT_SCADA,1,"2022/10/20 08:50:00",LGAPWF1,0
D,DISPATCH,UNIT_SCADA,1,"2022/10/20 08:50:00",LGAPWF2,0
D,DISPATCH,UNIT_SCADA,1,"2022/10/20 08:50:00",LILYSF1,0
D,DISPATCH,UNIT_SCADA,1,"2022/10/20 08:50:00",LIMOSF11,19.311050
D,DISPATCH,UNIT_SCADA,1,"2022/10/20 08:50:00",LIMOSF21,2.443550
D,DISPATCH,UNIT_SCADA,1,"2022/10/20 08:50:00",LI_WY_CA,61.024480
D,DISPATCH,UNIT_SCADA,1,"2022/10/20 08:50:00",LKBONNY1,0
D,DISPATCH,UNIT_SCADA,1,"2022/10/20 08:50:00",LKBONNY2,0.047670
D,DISPATCH,UNIT_SCADA,1,"2022/10/20 08:50:00",LKBONNY3,0
D,DISPATCH,UNIT_SCADA,1,"2022/10/20 08:50:00",LK_ECHO,0
D,DISPATCH,UNIT_SCADA,1,"2022/10/20 08:50:00",LNGS1,0
D,DISPATCH,UNIT_SCADA,1,"2022/10/20 08:50:00",LNGS2,0
D,DISPATCH,UNIT_SCADA,1,"2022/10/20 08:50:00",LONSDALE,0
D,DISPATCH,UNIT_SCADA,1,"2022/10/20 08:50:00",LOYYB1,551.878480
D,DISPATCH,UNIT_SCADA,1,"2022/10/20 08:50:00",LOYYB2,551.126590
D,DISPATCH,UNIT_SCADA,1,"2022/10/20 08:50:00",LYA1,515
D,DISPATCH,UNIT_SCADA,1,"2022/10/20 08:50:00",LYA2,0
D,DISPATCH,UNIT_SCADA,1,"2022/10/20 08:50:00",LYA3,474
D,DISPATCH,UNIT_SCADA,1,"2022/10/20 08:50:00",LYA4,474
D,DISPATCH,UNIT_SCADA,1,"2022/10/20 08:50:00",MACARTH1,40.299070
D,DISPATCH,UNIT_SCADA,1,"2022/10/20 08:50:00",MACKNTSH,0
D,DISPATCH,UNIT_SCADA,1,"2022/10/20 08:50:00",MANSLR1,7.5620
D,DISPATCH,UNIT_SCADA,1,"2022/10/20 08:50:00",MAPS2PV1,0
D,DISPATCH,UNIT_SCADA,1,"2022/10/20 08:50:00",MAPS3PV1,0
D,DISPATCH,UNIT_SCADA,1,"2022/10/20 08:50:00",MARYRSF1,6.90
D,DISPATCH,UNIT_SCADA,1,"2022/10/20 08:50:00",MBPS2PV1,0
D,DISPATCH,UNIT_SCADA,1,"2022/10/20 08:50:00",MCKAY1,0.02
D,DISPATCH,UNIT_SCADA,1,"2022/10/20 08:50:00",MEADOWBK,19.948840
D,DISPATCH,UNIT_SCADA,1,"2022/10/20 08:50:00",MERCER01,18.70
D,DISPATCH,UNIT_SCADA,1,"2022/10/20 08:50:00",METZSF1,28.024830
D,DISPATCH,UNIT_SCADA,1,"2022/10/20 08:50:00",MEWF1,0
D,DISPATCH,UNIT_SCADA,1,"2022/10/20 08:50:00",MIDDLSF1,3
D,DISPATCH,UNIT_SCADA,1,"2022/10/20 08:50:00",MINTARO,0.128180
D,DISPATCH,UNIT_SCADA,1,"2022/10/20 08:50:00",MOLNGSF1,6.973980
D,DISPATCH,UNIT_SCADA,1,"2022/10/20 08:50:00",MOORAWF1,24.51
D,DISPATCH,UNIT_SCADA,1,"2022/10/20 08:50:00",MOREESF1,30.7420
D,DISPATCH,UNIT_SCADA,1,"2022/10/20 08:50:00",MORTLK11,0
D,DISPATCH,UNIT_SCADA,1,"2022/10/20 08:50:00",MORTLK12,0
D,DISPATCH,UNIT_SCADA,1,"2022/10/20 08:50:00",MOUSF1,0
D,DISPATCH,UNIT_SCADA,1,"2022/10/20 08:50:00",MP1,0
D,DISPATCH,UNIT_SCADA,1,"2022/10/20 08:50:00",MP2,346.062410
D,DISPATCH,UNIT_SCADA,1,"2022/10/20 08:50:00",MPP_1,172.597950
D,DISPATCH,UNIT_SCADA,1,"2022/10/20 08:50:00",MPP_2,77.578290
D,DISPATCH,UNIT_SCADA,1,"2022/10/20 08:50:00",MRTLSWF1,0
D,DISPATCH,UNIT_SCADA,1,"2022/10/20 08:50:00",MSTUART1,0
D,DISPATCH,UNIT_SCADA,1,"2022/10/20 08:50:00",MSTUART2,0
D,DISPATCH,UNIT_SCADA,1,"2022/10/20 08:50:00",MSTUART3,0
D,DISPATCH,UNIT_SCADA,1,"2022/10/20 08:50:00",MTGELWF1,38.326670
D,DISPATCH,UNIT_SCADA,1,"2022/10/20 08:50:00",MTMILLAR,1.40
D,DISPATCH,UNIT_SCADA,1,"2022/10/20 08:50:00",MURRAY,0
D,DISPATCH,UNIT_SCADA,1,"2022/10/20 08:50:00",MUSSELR1,94.20
D,DISPATCH,UNIT_SCADA,1,"2022/10/20 08:50:00",MUWAWF1,82.56
D,DISPATCH,UNIT_SCADA,1,"2022/10/20 08:50:00",MUWAWF2,57
D,DISPATCH,UNIT_SCADA,1,"2022/10/20 08:50:00",MWPS1PV1,0.13
D,DISPATCH,UNIT_SCADA,1,"2022/10/20 08:50:00",MWPS2PV1,0
D,DISPATCH,UNIT_SCADA,1,"2022/10/20 08:50:00",MWPS3PV1,0
D,DISPATCH,UNIT_SCADA,1,"2022/10/20 08:50:00",MWPS4PV1,0.01
D,DISPATCH,UNIT_SCADA,1,"2022/10/20 08:50:00",NBHWF1,77.80
D,DISPATCH,UNIT_SCADA,1,"2022/10/20 08:50:00",NEVERSF1,6.01
D,DISPATCH,UNIT_SCADA,1,"2022/10/20 08:50:00",NPS,0
D,DISPATCH,UNIT_SCADA,1,"2022/10/20 08:50:00",NUMURSF1,92.55
D,DISPATCH,UNIT_SCADA,1,"2022/10/20 08:50:00",NYNGAN1,19.25
D,DISPATCH,UNIT_SCADA,1,"2022/10/20 08:50:00",OAKEY1,0
D,DISPATCH,UNIT_SCADA,1,"2022/10/20 08:50:00",OAKEY1SF,4.6160
D,DISPATCH,UNIT_SCADA,1,"2022/10/20 08:50:00",OAKEY2,0
D,DISPATCH,UNIT_SCADA,1,"2022/10/20 08:50:00",OAKEY2SF,8.84
D,DISPATCH,UNIT_SCADA,1,"2022/10/20 08:50:00",OAKLAND1,6.20
D,DISPATCH,UNIT_SCADA,1,"2022/10/20 08:50:00",OSB-AG,0
D,DISPATCH,UNIT_SCADA,1,"2022/10/20 08:50:00",PAREPS1,0.0660
D,DISPATCH,UNIT_SCADA,1,"2022/10/20 08:50:00",PAREPW1,50.04
D,DISPATCH,UNIT_SCADA,1,"2022/10/20 08:50:00",PARSF1,20.100710
D,DISPATCH,UNIT_SCADA,1,"2022/10/20 08:50:00",POAT110,0
D,DISPATCH,UNIT_SCADA,1,"2022/10/20 08:50:00",POAT220,0
D,DISPATCH,UNIT_SCADA,1,"2022/10/20 08:50:00",POR01,0
D,DISPATCH,UNIT_SCADA,1,"2022/10/20 08:50:00",POR03,0
D,DISPATCH,UNIT_SCADA,1,"2022/10/20 08:50:00",PPCCGT,174.223240
D,DISPATCH,UNIT_SCADA,1,"2022/10/20 08:50:00",PTSTAN1,0
D,DISPATCH,UNIT_SCADA,1,"2022/10/20 08:50:00",PUMP1,0
D,DISPATCH,UNIT_SCADA,1,"2022/10/20 08:50:00",PUMP2,0
D,DISPATCH,UNIT_SCADA,1,"2022/10/20 08:50:00",QBYNBG1,0
D,DISPATCH,UNIT_SCADA,1,"2022/10/20 08:50:00",QBYNBL1,0.0245
D,DISPATCH,UNIT_SCADA,1,"2022/10/20 08:50:00",QPS1,0
D,DISPATCH,UNIT_SCADA,1,"2022/10/20 08:50:00",QPS2,0
D,DISPATCH,UNIT_SCADA,1,"2022/10/20 08:50:00",QPS3,0
D,DISPATCH,UNIT_SCADA,1,"2022/10/20 08:50:00",QPS4,0
D,DISPATCH,UNIT_SCADA,1,"2022/10/20 08:50:00",QPS5,75.55
D,DISPATCH,UNIT_SCADA,1,"2022/10/20 08:50:00",REECE1,48.100350
D,DISPATCH,UNIT_SCADA,1,"2022/10/20 08:50:00",REECE2,0
D,DISPATCH,UNIT_SCADA,1,"2022/10/20 08:50:00",ROMA_7,0
D,DISPATCH,UNIT_SCADA,1,"2022/10/20 08:50:00",ROMA_8,0
D,DISPATCH,UNIT_SCADA,1,"2022/10/20 08:50:00",RRSF1,15.978440
D,DISPATCH,UNIT_SCADA,1,"2022/10/20 08:50:00",RT_NSW1,0
D,DISPATCH,UNIT_SCADA,1,"2022/10/20 08:50:00",RT_NSW2,0
D,DISPATCH,UNIT_SCADA,1,"2022/10/20 08:50:00",RT_NSW3,0
D,DISPATCH,UNIT_SCADA,1,"2022/10/20 08:50:00",RT_NSW4,0
D,DISPATCH,UNIT_SCADA,1,"2022/10/20 08:50:00",RT_NSW5,0
D,DISPATCH,UNIT_SCADA,1,"2022/10/20 08:50:00",RT_NSW6,0
D,DISPATCH,UNIT_SCADA,1,"2022/10/20 08:50:00",RT_QLD1,0
D,DISPATCH,UNIT_SCADA,1,"2022/10/20 08:50:00",RT_SA1,0
D,DISPATCH,UNIT_SCADA,1,"2022/10/20 08:50:00",RT_SA2,0
D,DISPATCH,UNIT_SCADA,1,"2022/10/20 08:50:00",RT_SA3,0
D,DISPATCH,UNIT_SCADA,1,"2022/10/20 08:50:00",RT_SA4,0
D,DISPATCH,UNIT_SCADA,1,"2022/10/20 08:50:00",RT_SA5,0
D,DISPATCH,UNIT_SCADA,1,"2022/10/20 08:50:00",RT_SA6,0
D,DISPATCH,UNIT_SCADA,1,"2022/10/20 08:50:00",RT_TAS1,0
D,DISPATCH,UNIT_SCADA,1,"2022/10/20 08:50:00",RT_VIC1,0
D,DISPATCH,UNIT_SCADA,1,"2022/10/20 08:50:00",RT_VIC10,0
D,DISPATCH,UNIT_SCADA,1,"2022/10/20 08:50:00",RT_VIC11,0
D,DISPATCH,UNIT_SCADA,1,"2022/10/20 08:50:00",RT_VIC12,0
D,DISPATCH,UNIT_SCADA,1,"2022/10/20 08:50:00",RT_VIC2,0
D,DISPATCH,UNIT_SCADA,1,"2022/10/20 08:50:00",RT_VIC3,0
D,DISPATCH,UNIT_SCADA,1,"2022/10/20 08:50:00",RT_VIC4,0
D,DISPATCH,UNIT_SCADA,1,"2022/10/20 08:50:00",RT_VIC5,0
D,DISPATCH,UNIT_SCADA,1,"2022/10/20 08:50:00",RT_VIC6,0
D,DISPATCH,UNIT_SCADA,1,"2022/10/20 08:50:00",RT_VIC7,0
D,DISPATCH,UNIT_SCADA,1,"2022/10/20 08:50:00",RT_VIC8,0
D,DISPATCH,UNIT_SCADA,1,"2022/10/20 08:50:00",RT_VIC9,0
D,DISPATCH,UNIT_SCADA,1,"2022/10/20 08:50:00",RUGBYR1,6.733570
D,DISPATCH,UNIT_SCADA,1,"2022/10/20 08:50:00",SALTCRK1,33.35
D,DISPATCH,UNIT_SCADA,1,"2022/10/20 08:50:00",SAPHWF1,255.788510
D,DISPATCH,UNIT_SCADA,1,"2022/10/20 08:50:00",SEBSF1,64.612740
D,DISPATCH,UNIT_SCADA,1,"2022/10/20 08:50:00",SHGEN,0
D,DISPATCH,UNIT_SCADA,1,"2022/10/20 08:50:00",SHPUMP,0
D,DISPATCH,UNIT_SCADA,1,"2022/10/20 08:50:00",SITHE01,0.173950
D,DISPATCH,UNIT_SCADA,1,"2022/10/20 08:50:00",SMCSF1,27.8120
D,DISPATCH,UNIT_SCADA,1,"2022/10/20 08:50:00",SNAPPER1,0
D,DISPATCH,UNIT_SCADA,1,"2022/10/20 08:50:00",SNOWNTH1,118.80
D,DISPATCH,UNIT_SCADA,1,"2022/10/20 08:50:00",SNOWSTH1,96.80
D,DISPATCH,UNIT_SCADA,1,"2022/10/20 08:50:00",SNOWTWN1,0
D,DISPATCH,UNIT_SCADA,1,"2022/10/20 08:50:00",SNOWYP,0
D,DISPATCH,UNIT_SCADA,1,"2022/10/20 08:50:00",SNUG1,0
D,DISPATCH,UNIT_SCADA,1,"2022/10/20 08:50:00",SRSF1,12.01
D,DISPATCH,UNIT_SCADA,1,"2022/10/20 08:50:00",STAN-1,279.287050
D,DISPATCH,UNIT_SCADA,1,"2022/10/20 08:50:00",STAN-2,364.768950
D,DISPATCH,UNIT_SCADA,1,"2022/10/20 08:50:00",STAN-3,155.877270
D,DISPATCH,UNIT_SCADA,1,"2022/10/20 08:50:00",STAN-4,363.910160
D,DISPATCH,UNIT_SCADA,1,"2022/10/20 08:50:00",STARHLWF,0.01
D,DISPATCH,UNIT_SCADA,1,"2022/10/20 08:50:00",STOCKYD1,66.67
D,DISPATCH,UNIT_SCADA,1,"2022/10/20 08:50:00",STWF1,5.663540
D,DISPATCH,UNIT_SCADA,1,"2022/10/20 08:50:00",SUNRSF1,14.314490
D,DISPATCH,UNIT_SCADA,1,"2022/10/20 08:50:00",SUNTPSF1,18.205230
D,DISPATCH,UNIT_SCADA,1,"2022/10/20 08:50:00",SWAN_E,155.131870
D,DISPATCH,UNIT_SCADA,1,"2022/10/20 08:50:00",TALWA1,0
D,DISPATCH,UNIT_SCADA,1,"2022/10/20 08:50:00",TARALGA1,0
D,DISPATCH,UNIT_SCADA,1,"2022/10/20 08:50:00",TARONG#1,349.399990
D,DISPATCH,UNIT_SCADA,1,"2022/10/20 08:50:00",TARONG#2,348.700010
D,DISPATCH,UNIT_SCADA,1,"2022/10/20 08:50:00",TARONG#3,0.90
D,DISPATCH,UNIT_SCADA,1,"2022/10/20 08:50:00",TARONG#4,293
D,DISPATCH,UNIT_SCADA,1,"2022/10/20 08:50:00",TARRALEA,53.80
D,DISPATCH,UNIT_SCADA,1,"2022/10/20 08:50:00",TBSF1,0.10
D,DISPATCH,UNIT_SCADA,1,"2022/10/20 08:50:00",TNPS1,441.25
D,DISPATCH,UNIT_SCADA,1,"2022/10/20 08:50:00",TORRB1,0
D,DISPATCH,UNIT_SCADA,1,"2022/10/20 08:50:00",TORRB2,40
D,DISPATCH,UNIT_SCADA,1,"2022/10/20 08:50:00",TORRB3,0
D,DISPATCH,UNIT_SCADA,1,"2022/10/20 08:50:00",TORRB4,0
D,DISPATCH,UNIT_SCADA,1,"2022/10/20 08:50:00",TREVALLN,98.018970
D,DISPATCH,UNIT_SCADA,1,"2022/10/20 08:50:00",TRIBUTE,0
D,DISPATCH,UNIT_SCADA,1,"2022/10/20 08:50:00",TUMUT3,0
D,DISPATCH,UNIT_SCADA,1,"2022/10/20 08:50:00",TUNGATIN,7.430020
D,DISPATCH,UNIT_SCADA,1,"2022/10/20 08:50:00",TVCC201,0
D,DISPATCH,UNIT_SCADA,1,"2022/10/20 08:50:00",TVPP104,40.029260
D,DISPATCH,UNIT_SCADA,1,"2022/10/20 08:50:00",UPPTUMUT,0
D,DISPATCH,UNIT_SCADA,1,"2022/10/20 08:50:00",URANQ11,0
D,DISPATCH,UNIT_SCADA,1,"2022/10/20 08:50:00",URANQ12,0
D,DISPATCH,UNIT_SCADA,1,"2022/10/20 08:50:00",URANQ13,0
D,DISPATCH,UNIT_SCADA,1,"2022/10/20 08:50:00",URANQ14,0
D,DISPATCH,UNIT_SCADA,1,"2022/10/20 08:50:00",VBBG1,0
D,DISPATCH,UNIT_SCADA,1,"2022/10/20 08:50:00",VBBL1,21.90
D,DISPATCH,UNIT_SCADA,1,"2022/10/20 08:50:00",VP5,499.404880
D,DISPATCH,UNIT_SCADA,1,"2022/10/20 08:50:00",VP6,499.624630
D,DISPATCH,UNIT_SCADA,1,"2022/10/20 08:50:00",VPGS1,0
D,DISPATCH,UNIT_SCADA,1,"2022/10/20 08:50:00",VPGS2,0
D,DISPATCH,UNIT_SCADA,1,"2022/10/20 08:50:00",VPGS3,0
D,DISPATCH,UNIT_SCADA,1,"2022/10/20 08:50:00",VPGS4,0
D,DISPATCH,UNIT_SCADA,1,"2022/10/20 08:50:00",VPGS5,0
D,DISPATCH,UNIT_SCADA,1,"2022/10/20 08:50:00",VPGS6,0
D,DISPATCH,UNIT_SCADA,1,"2022/10/20 08:50:00",W/HOE#1,0
D,DISPATCH,UNIT_SCADA,1,"2022/10/20 08:50:00",W/HOE#2,0
D,DISPATCH,UNIT_SCADA,1,"2022/10/20 08:50:00",WAGGNSF1,0
D,DISPATCH,UNIT_SCADA,1,"2022/10/20 08:50:00",WALGRVG1,0.000930
D,DISPATCH,UNIT_SCADA,1,"2022/10/20 08:50:00",WALGRVL1,0
D,DISPATCH,UNIT_SCADA,1,"2022/10/20 08:50:00",WANDBG1,0
D,DISPATCH,UNIT_SCADA,1,"2022/10/20 08:50:00",WANDBL1,0
D,DISPATCH,UNIT_SCADA,1,"2022/10/20 08:50:00",WARWSF1,11.91
D,DISPATCH,UNIT_SCADA,1,"2022/10/20 08:50:00",WARWSF2,10.53
D,DISPATCH,UNIT_SCADA,1,"2022/10/20 08:50:00",WATERLWF,86.80
D,DISPATCH,UNIT_SCADA,1,"2022/10/20 08:50:00",WDGPH1,42.6730
D,DISPATCH,UNIT_SCADA,1,"2022/10/20 08:50:00",WELLSF1,35.306320
D,DISPATCH,UNIT_SCADA,1,"2022/10/20 08:50:00",WEMENSF1,29.40
D,DISPATCH,UNIT_SCADA,1,"2022/10/20 08:50:00",WGWF1,93.90
D,DISPATCH,UNIT_SCADA,1,"2022/10/20 08:50:00",WHITSF1,39.70
D,DISPATCH,UNIT_SCADA,1,"2022/10/20 08:50:00",WINTSF1,83.07
D,DISPATCH,UNIT_SCADA,1,"2022/10/20 08:50:00",WKIEWA1,33.90
D,DISPATCH,UNIT_SCADA,1,"2022/10/20 08:50:00",WKIEWA2,34
D,DISPATCH,UNIT_SCADA,1,"2022/10/20 08:50:00",WOODLWN1,22.065280
D,DISPATCH,UNIT_SCADA,1,"2022/10/20 08:50:00",WOOLGSF1,23.442430
D,DISPATCH,UNIT_SCADA,1,"2022/10/20 08:50:00",WPWF,42.82
D,DISPATCH,UNIT_SCADA,1,"2022/10/20 08:50:00",WRSF1,4.769430
D,DISPATCH,UNIT_SCADA,1,"2022/10/20 08:50:00",WRWF1,93.2076
D,DISPATCH,UNIT_SCADA,1,"2022/10/20 08:50:00",WSTWYSF1,0
D,DISPATCH,UNIT_SCADA,1,"2022/10/20 08:50:00",YABULU,0
D,DISPATCH,UNIT_SCADA,1,"2022/10/20 08:50:00",YABULU2,0
D,DISPATCH,UNIT_SCADA,1,"2022/10/20 08:50:00",YARANSF1,26.18
D,DISPATCH,UNIT_SCADA,1,"2022/10/20 08:50:00",YARWUN_1,162.53
D,DISPATCH,UNIT_SCADA,1,"2022/10/20 08:50:00",YATSF1,8.29
D,DISPATCH,UNIT_SCADA,1,"2022/10/20 08:50:00",YENDWF1,20.41
D,DISPATCH,UNIT_SCADA,1,"2022/10/20 08:50:00",YWPS1,364.159480
D,DISPATCH,UNIT_SCADA,1,"2022/10/20 08:50:00",YWPS2,287.716460
D,DISPATCH,UNIT_SCADA,1,"2022/10/20 08:50:00",YWPS3,357.9772
D,DISPATCH,UNIT_SCADA,1,"2022/10/20 08:50:00",YWPS4,0
C,"END OF REPORT",419
