C,NEMP.WORLD,DISPATCHSCADA,AEMO,PUBLIC,2022/10/20,11:15:10,0000000373249880,DISPATCHSCADA,0000000373249874
I,DISPATCH,UNIT_SCADA,1,SETTLEMENTDATE,DUID,SCADAVALUE
D,DISPATCH,UNIT_SCADA,1,"2022/10/20 11:20:00",BARCSF1,11.10
D,DISPATCH,UNIT_SCADA,1,"2022/10/20 11:20:00",BUTLERSG,8.699999
D,DISPATCH,UNIT_SCADA,1,"2022/10/20 11:20:00",CAPTL_WF,32.570808
D,DISPATCH,UNIT_SCADA,1,"2022/10/20 11:20:00",CHALLHWF,6.20
D,DISPATCH,UNIT_SCADA,1,"2022/10/20 11:20:00",CLOVER,10.26
D,DISPATCH,UNIT_SCADA,1,"2022/10/20 11:20:00",CLUNY,6.224308
D,DISPATCH,UNIT_SCADA,1,"2022/10/20 11:20:00",CULLRGWF,-0.06
D,DISPATCH,UNIT_SCADA,1,"2022/10/20 11:20:00",DIAPURWF1,3.60
D,DISPATCH,UNIT_SCADA,1,"2022/10/20 11:20:00",ERGT01,0
D,DISPATCH,UNIT_SCADA,1,"2022/10/20 11:20:00",GB01,0
D,DISPATCH,UNIT_SCADA,1,"2022/10/20 11:20:00",GERMCRK,19.799999
D,DISPATCH,UNIT_SCADA,1,"2022/10/20 11:20:00",GRIFSF1,8.598459
D,DISPATCH,UNIT_SCADA,1,"2022/10/20 11:20:00",HEZ1,0
D,DISPATCH,UNIT_SCADA,1,"2022/10/20 11:20:00",HUGSF1,14.2630
D,DISPATCH,UNIT_SCADA,1,"2022/10/20 11:20:00",KEPBG1,0.01
D,DISPATCH,UNIT_SCADA,1,"2022/10/20 11:20:00",LRSF1,13.111001
D,DISPATCH,UNIT_SCADA,1,"2022/10/20 11:20:00",MBAHNTH,48.262497
D,DISPATCH,UNIT_SCADA,1,"2022/10/20 11:20:00",MLSP1,9.010001
D,DISPATCH,UNIT_SCADA,1,"2022/10/20 11:20:00",MLWF1,4.17
D,DISPATCH,UNIT_SCADA,1,"2022/10/20 11:20:00",PALOONA,29.789999
D,DISPATCH,UNIT_SCADA,1,"2022/10/20 11:20:00",PIONEER,44.100002
D,DISPATCH,UNIT_SCADA,1,"2022/10/20 11:20:00",PORTWF,91.50
D,DISPATCH,UNIT_SCADA,1,"2022/10/20 11:20:00",REPULSE,9.619898
D,DISPATCH,UNIT_SCADA,1,"2022/10/20 11:20:00",ROWALLAN,8.9815
D,DISPATCH,UNIT_SCADA,1,"2022/10/20 11:20:00",ROYALLA1,6.794003
D,DISPATCH,UNIT_SCADA,1,"2022/10/20 11:20:00",RPCG,-1.80
D,DISPATCH,UNIT_SCADA,1,"2022/10/20 11:20:00",RUBICON,0
D,DISPATCH,UNIT_SCADA,1,"2022/10/20 11:20:00",WAUBRAWF,13.64
D,DISPATCH,UNIT_SCADA,1,"2022/10/20 11:20:00",WOOLNTH1,0.16
D,DISPATCH,UNIT_SCADA,1,"2022/10/20 11:20:00",YAMBUKWF,6
D,DISPATCH,UNIT_SCADA,1,"2022/10/20 11:20:00",YSWF1,2.10
D,DISPATCH,UNIT_SCADA,1,"2022/10/20 11:20:00",ADPBA1G,0.0080
D,DISPATCH,UNIT_SCADA,1,"2022/10/20 11:20:00",ADPBA1L,0
D,DISPATCH,UNIT_SCADA,1,"2022/10/20 11:20:00",ADPPV1,0.0540
D,DISPATCH,UNIT_SCADA,1,"2022/10/20 11:20:00",AGLHAL,0
D,DISPATCH,UNIT_SCADA,1,"2022/10/20 11:20:00",AGLSOM,0
D,DISPATCH,UNIT_SCADA,1,"2022/10/20 11:20:00",ANGAST1,0
D,DISPATCH,UNIT_SCADA,1,"2022/10/20 11:20:00",ARWF1,0
D,DISPATCH,UNIT_SCADA,1,"2022/10/20 11:20:00",BALBG1,0
D,DISPATCH,UNIT_SCADA,1,"2022/10/20 11:20:00",BALBL1,0
D,DISPATCH,UNIT_SCADA,1,"2022/10/20 11:20:00",BALDHWF1,7.6170
D,DISPATCH,UNIT_SCADA,1,"2022/10/20 11:20:00",BANGOWF1,31.3994
D,DISPATCH,UNIT_SCADA,1,"2022/10/20 11:20:00",BANGOWF2,35.498050
D,DISPATCH,UNIT_SCADA,1,"2022/10/20 11:20:00",BANN1,7.02
D,DISPATCH,UNIT_SCADA,1,"2022/10/20 11:20:00",BARCALDN,0
D,DISPATCH,UNIT_SCADA,1,"2022/10/20 11:20:00",BARKIPS1,0
D,DISPATCH,UNIT_SCADA,1,"2022/10/20 11:20:00",BARRON-1,0
D,DISPATCH,UNIT_SCADA,1,"2022/10/20 11:20:00",BARRON-2,0
D,DISPATCH,UNIT_SCADA,1,"2022/10/20 11:20:00",BASTYAN,52.36
D,DISPATCH,UNIT_SCADA,1,"2022/10/20 11:20:00",BBTHREE1,0
D,DISPATCH,UNIT_SCADA,1,"2022/10/20 11:20:00",BBTHREE2,0
D,DISPATCH,UNIT_SCADA,1,"2022/10/20 11:20:00",BBTHREE3,-1.07
D,DISPATCH,UNIT_SCADA,1,"2022/10/20 11:20:00",BDL01,0
D,DISPATCH,UNIT_SCADA,1,"2022/10/20 11:20:00",BDL02,0
D,DISPATCH,UNIT_SCADA,1,"2022/10/20 11:20:00",BERYLSF1,11.962420
D,DISPATCH,UNIT_SCADA,1,"2022/10/20 11:20:00",BLOWERNG,62.70
D,DISPATCH,UNIT_SCADA,1,"2022/10/20 11:20:00",BLUEGSF1,74.780670
D,DISPATCH,UNIT_SCADA,1,"2022/10/20 11:20:00",BLUFF1,10.40
D,DISPATCH,UNIT_SCADA,1,"2022/10/20 11:20:00",BNGSF1,105.41
D,DISPATCH,UNIT_SCADA,1,"2022/10/20 11:20:00",BNGSF2,110.36
D,DISPATCH,UNIT_SCADA,1,"2022/10/20 11:20:00",BOCORWF1,10.70
D,DISPATCH,UNIT_SCADA,1,"2022/10/20 11:20:00",BODWF1,105.561710
D,DISPATCH,UNIT_SCADA,1,"2022/10/20 11:20:00",BOMENSF1,33.799950
D,DISPATCH,UNIT_SCADA,1,"2022/10/20 11:20:00",BOWWBA1G,0
D,DISPATCH,UNIT_SCADA,1,"2022/10/20 11:20:00",BOWWBA1L,0
D,DISPATCH,UNIT_SCADA,1,"2022/10/20 11:20:00",BOWWPV1,0.0010
D,DISPATCH,UNIT_SCADA,1,"2022/10/20 11:20:00",BRAEMAR1,0
D,DISPATCH,UNIT_SCADA,1,"2022/10/20 11:20:00",BRAEMAR2,0
D,DISPATCH,UNIT_SCADA,1,"2022/10/20 11:20:00",BRAEMAR3,0
D,DISPATCH,UNIT_SCADA,1,"2022/10/20 11:20:00",BRAEMAR5,0.292060
D,DISPATCH,UNIT_SCADA,1,"2022/10/20 11:20:00",BRAEMAR6,0
D,DISPATCH,UNIT_SCADA,1,"2022/10/20 11:20:00",BRAEMAR7,0.130920
D,DISPATCH,UNIT_SCADA,1,"2022/10/20 11:20:00",BROKENH1,42.299350
D,DISPATCH,UNIT_SCADA,1,"2022/10/20 11:20:00",BRYB1WF1,84.580760
D,DISPATCH,UNIT_SCADA,1,"2022/10/20 11:20:00",BULBESG1,0
D,DISPATCH,UNIT_SCADA,1,"2022/10/20 11:20:00",BULBESL1,1.56
D,DISPATCH,UNIT_SCADA,1,"2022/10/20 11:20:00",BULGANA1,4.67
D,DISPATCH,UNIT_SCADA,1,"2022/10/20 11:20:00",BW01,658.518370
D,DISPATCH,UNIT_SCADA,1,"2022/10/20 11:20:00",BW02,619.064640
D,DISPATCH,UNIT_SCADA,1,"2022/10/20 11:20:00",BW03,445.600070
D,DISPATCH,UNIT_SCADA,1,"2022/10/20 11:20:00",BW04,0
D,DISPATCH,UNIT_SCADA,1,"2022/10/20 11:20:00",CALL_B_1,319.899990
D,DISPATCH,UNIT_SCADA,1,"2022/10/20 11:20:00",CALL_B_2,319.800020
D,DISPATCH,UNIT_SCADA,1,"2022/10/20 11:20:00",CATHROCK,0.10
D,DISPATCH,UNIT_SCADA,1,"2022/10/20 11:20:00",CBWWBA1G,0
D,DISPATCH,UNIT_SCADA,1,"2022/10/20 11:20:00",CBWWBA1L,0
D,DISPATCH,UNIT_SCADA,1,"2022/10/20 11:20:00",CETHANA,39.686630
D,DISPATCH,UNIT_SCADA,1,"2022/10/20 11:20:00",CG1,0
D,DISPATCH,UNIT_SCADA,1,"2022/10/20 11:20:00",CG2,0
D,DISPATCH,UNIT_SCADA,1,"2022/10/20 11:20:00",CG3,0
D,DISPATCH,UNIT_SCADA,1,"2022/10/20 11:20:00",CG4,0
D,DISPATCH,UNIT_SCADA,1,"2022/10/20 11:20:00",CHILDSF1,19
D,DISPATCH,UNIT_SCADA,1,"2022/10/20 11:20:00",CHYTWF1,3.28
D,DISPATCH,UNIT_SCADA,1,"2022/10/20 11:20:00",CLARESF1,17.909760
D,DISPATCH,UNIT_SCADA,1,"2022/10/20 11:20:00",CLEMGPWF,10.589140
D,DISPATCH,UNIT_SCADA,1,"2022/10/20 11:20:00",CLERMSF1,13.46
D,DISPATCH,UNIT_SCADA,1,"2022/10/20 11:20:00",CNUNDAWF,0
D,DISPATCH,UNIT_SCADA,1,"2022/10/20 11:20:00",COHUNSF1,6.67
D,DISPATCH,UNIT_SCADA,1,"2022/10/20 11:20:00",COLEASF1,38.002980
D,DISPATCH,UNIT_SCADA,1,"2022/10/20 11:20:00",COLUMSF1,37.2850
D,DISPATCH,UNIT_SCADA,1,"2022/10/20 11:20:00",COLWF01,99.053940
D,DISPATCH,UNIT_SCADA,1,"2022/10/20 11:20:00",COOPGWF1,171.02
D,DISPATCH,UNIT_SCADA,1,"2022/10/20 11:20:00",CPP_3,319.825010
D,DISPATCH,UNIT_SCADA,1,"2022/10/20 11:20:00",CPP_4,0
D,DISPATCH,UNIT_SCADA,1,"2022/10/20 11:20:00",CPSA,0
D,DISPATCH,UNIT_SCADA,1,"2022/10/20 11:20:00",CROOKWF2,44.773020
D,DISPATCH,UNIT_SCADA,1,"2022/10/20 11:20:00",CROWLWF1,0
D,DISPATCH,UNIT_SCADA,1,"2022/10/20 11:20:00",CRURWF1,51.599070
D,DISPATCH,UNIT_SCADA,1,"2022/10/20 11:20:00",CRWASF1,30.232580
D,DISPATCH,UNIT_SCADA,1,"2022/10/20 11:20:00",CSPVPS1,0.5830
D,DISPATCH,UNIT_SCADA,1,"2022/10/20 11:20:00",CTHLWF1,0.003050
D,DISPATCH,UNIT_SCADA,1,"2022/10/20 11:20:00",DALNTH01,0
D,DISPATCH,UNIT_SCADA,1,"2022/10/20 11:20:00",DALNTHL1,0.068670
D,DISPATCH,UNIT_SCADA,1,"2022/10/20 11:20:00",DARLSF1,42.255710
D,DISPATCH,UNIT_SCADA,1,"2022/10/20 11:20:00",DARTM1,0
D,DISPATCH,UNIT_SCADA,1,"2022/10/20 11:20:00",DAYDSF1,0
D,DISPATCH,UNIT_SCADA,1,"2022/10/20 11:20:00",DDPS1,0
D,DISPATCH,UNIT_SCADA,1,"2022/10/20 11:20:00",DDSF1,50.649090
D,DISPATCH,UNIT_SCADA,1,"2022/10/20 11:20:00",DEVILS_G,50.494710
D,DISPATCH,UNIT_SCADA,1,"2022/10/20 11:20:00",DG_NSW1,0
D,DISPATCH,UNIT_SCADA,1,"2022/10/20 11:20:00",DG_QLD1,0
D,DISPATCH,UNIT_SCADA,1,"2022/10/20 11:20:00",DG_SA1,0
D,DISPATCH,UNIT_SCADA,1,"2022/10/20 11:20:00",DG_TAS1,0
D,DISPATCH,UNIT_SCADA,1,"2022/10/20 11:20:00",DG_VIC1,0
D,DISPATCH,UNIT_SCADA,1,"2022/10/20 11:20:00",DRYCGT1,0
D,DISPATCH,UNIT_SCADA,1,"2022/10/20 11:20:00",DRYCGT2,0
D,DISPATCH,UNIT_SCADA,1,"2022/10/20 11:20:00",DRYCGT3,0
D,DISPATCH,UNIT_SCADA,1,"2022/10/20 11:20:00",DUNDWF1,54.54
D,DISPATCH,UNIT_SCADA,1,"2022/10/20 11:20:00",DUNDWF2,17.03
D,DISPATCH,UNIT_SCADA,1,"2022/10/20 11:20:00",DUNDWF3,40.80
D,DISPATCH,UNIT_SCADA,1,"2022/10/20 11:20:00",EILDON1,60.04
D,DISPATCH,UNIT_SCADA,1,"2022/10/20 11:20:00",EILDON2,59.96
D,DISPATCH,UNIT_SCADA,1,"2022/10/20 11:20:00",ELAINWF1,31.01
D,DISPATCH,UNIT_SCADA,1,"2022/10/20 11:20:00",EMERASF1,0
D,DISPATCH,UNIT_SCADA,1,"2022/10/20 11:20:00",ER01,0
D,DISPATCH,UNIT_SCADA,1,"2022/10/20 11:20:00",ER02,344.744020
D,DISPATCH,UNIT_SCADA,1,"2022/10/20 11:20:00",ER03,427.801940
D,DISPATCH,UNIT_SCADA,1,"2022/10/20 11:20:00",ER04,428.583190
D,DISPATCH,UNIT_SCADA,1,"2022/10/20 11:20:00",FINLYSF1,100.492870
D,DISPATCH,UNIT_SCADA,1,"2022/10/20 11:20:00",FISHER,43.94
D,DISPATCH,UNIT_SCADA,1,"2022/10/20 11:20:00",GANGARR1,20.9220
D,DISPATCH,UNIT_SCADA,1,"2022/10/20 11:20:00",GANNBG1,0
D,DISPATCH,UNIT_SCADA,1,"2022/10/20 11:20:00",GANNBL1,3.964240
D,DISPATCH,UNIT_SCADA,1,"2022/10/20 11:20:00",GANNSF1,24.20
D,DISPATCH,UNIT_SCADA,1,"2022/10/20 11:20:00",GLRWNSF1,110
D,DISPATCH,UNIT_SCADA,1,"2022/10/20 11:20:00",GNNDHSF1,90.787140
D,DISPATCH,UNIT_SCADA,1,"2022/10/20 11:20:00",GOONSF1,8.348520
D,DISPATCH,UNIT_SCADA,1,"2022/10/20 11:20:00",GORDON,223.948680
D,DISPATCH,UNIT_SCADA,1,"2022/10/20 11:20:00",GRANWF1,0.42
D,DISPATCH,UNIT_SCADA,1,"2022/10/20 11:20:00",GSTONE1,200.20
D,DISPATCH,UNIT_SCADA,1,"2022/10/20 11:20:00",GSTONE2,0
D,DISPATCH,UNIT_SCADA,1,"2022/10/20 11:20:00",GSTONE3,200.55
D,DISPATCH,UNIT_SCADA,1,"2022/10/20 11:20:00",GSTONE4,0
D,DISPATCH,UNIT_SCADA,1,"2022/10/20 11:20:00",GSTONE5,161.349990
D,DISPATCH,UNIT_SCADA,1,"2022/10/20 11:20:00",GSTONE6,161
D,DISPATCH,UNIT_SCADA,1,"2022/10/20 11:20:00",GULLRSF1,3.934940
D,DISPATCH,UNIT_SCADA,1,"2022/10/20 11:20:00",GULLRWF1,69.383940
D,DISPATCH,UNIT_SCADA,1,"2022/10/20 11:20:00",GULLRWF2,77.575890
D,DISPATCH,UNIT_SCADA,1,"2022/10/20 11:20:00",GUNNING1,0
D,DISPATCH,UNIT_SCADA,1,"2022/10/20 11:20:00",GUTHEGA,68.100010
D,DISPATCH,UNIT_SCADA,1,"2022/10/20 11:20:00",HALLWF1,9.29
D,DISPATCH,UNIT_SCADA,1,"2022/10/20 11:20:00",HALLWF2,10.16
D,DISPATCH,UNIT_SCADA,1,"2022/10/20 11:20:00",HAMISF1,0
D,DISPATCH,UNIT_SCADA,1,"2022/10/20 11:20:00",HAUGHT11,79.183870
D,DISPATCH,UNIT_SCADA,1,"2022/10/20 11:20:00",HAYMSF1,0
D,DISPATCH,UNIT_SCADA,1,"2022/10/20 11:20:00",HDWF1,74.40
D,DISPATCH,UNIT_SCADA,1,"2022/10/20 11:20:00",HDWF2,71.60
D,DISPATCH,UNIT_SCADA,1,"2022/10/20 11:20:00",HDWF3,76.20
D,DISPATCH,UNIT_SCADA,1,"2022/10/20 11:20:00",HILLSTN1,36.206590
D,DISPATCH,UNIT_SCADA,1,"2022/10/20 11:20:00",HPRG1,13.90
D,DISPATCH,UNIT_SCADA,1,"2022/10/20 11:20:00",HPRL1,0
D,DISPATCH,UNIT_SCADA,1,"2022/10/20 11:20:00",HUMENSW,54.844370
D,DISPATCH,UNIT_SCADA,1,"2022/10/20 11:20:00",HUMEV,0
D,DISPATCH,UNIT_SCADA,1,"2022/10/20 11:20:00",HVWWBA1G,0
D,DISPATCH,UNIT_SCADA,1,"2022/10/20 11:20:00",HVWWBA1L,0.0070
D,DISPATCH,UNIT_SCADA,1,"2022/10/20 11:20:00",HVWWPV1,0.0750
D,DISPATCH,UNIT_SCADA,1,"2022/10/20 11:20:00",JBUTTERS,0
D,DISPATCH,UNIT_SCADA,1,"2022/10/20 11:20:00",JEMALNG1,7.43
D,DISPATCH,UNIT_SCADA,1,"2022/10/20 11:20:00",JLA01,0
D,DISPATCH,UNIT_SCADA,1,"2022/10/20 11:20:00",JLA02,0
D,DISPATCH,UNIT_SCADA,1,"2022/10/20 11:20:00",JLA03,0
D,DISPATCH,UNIT_SCADA,1,"2022/10/20 11:20:00",JLA04,0
D,DISPATCH,UNIT_SCADA,1,"2022/10/20 11:20:00",JLB01,0
D,DISPATCH,UNIT_SCADA,1,"2022/10/20 11:20:00",JLB02,0.10
D,DISPATCH,UNIT_SCADA,1,"2022/10/20 11:20:00",JLB03,0
D,DISPATCH,UNIT_SCADA,1,"2022/10/20 11:20:00",JUNEESF1,10.553340
D,DISPATCH,UNIT_SCADA,1,"2022/10/20 11:20:00",KABANWF1,0
D,DISPATCH,UNIT_SCADA,1,"2022/10/20 11:20:00",KAREEYA1,0
D,DISPATCH,UNIT_SCADA,1,"2022/10/20 11:20:00",KAREEYA2,0
D,DISPATCH,UNIT_SCADA,1,"2022/10/20 11:20:00",KAREEYA3,5.0250
D,DISPATCH,UNIT_SCADA,1,"2022/10/20 11:20:00",KAREEYA4,0
D,DISPATCH,UNIT_SCADA,1,"2022/10/20 11:20:00",KARSF1,29.90
D,DISPATCH,UNIT_SCADA,1,"2022/10/20 11:20:00",KEPSF1,10.31
D,DISPATCH,UNIT_SCADA,1,"2022/10/20 11:20:00",KEPWF1,7.70
D,DISPATCH,UNIT_SCADA,1,"2022/10/20 11:20:00",KIAMSF1,9.4873
D,DISPATCH,UNIT_SCADA,1,"2022/10/20 11:20:00",KIATAWF1,4.20
D,DISPATCH,UNIT_SCADA,1,"2022/10/20 11:20:00",KPP_1,0
D,DISPATCH,UNIT_SCADA,1,"2022/10/20 11:20:00",KSP1,46.23
D,DISPATCH,UNIT_SCADA,1,"2022/10/20 11:20:00",LADBROK1,0.01
D,DISPATCH,UNIT_SCADA,1,"2022/10/20 11:20:00",LADBROK2,0.02
D,DISPATCH,UNIT_SCADA,1,"2022/10/20 11:20:00",LBBG1,0
D,DISPATCH,UNIT_SCADA,1,"2022/10/20 11:20:00",LBBL1,10.95
D,DISPATCH,UNIT_SCADA,1,"2022/10/20 11:20:00",LD01,283.547490
D,DISPATCH,UNIT_SCADA,1,"2022/10/20 11:20:00",LD02,0
D,DISPATCH,UNIT_SCADA,1,"2022/10/20 11:20:00",LD04,281.496610
D,DISPATCH,UNIT_SCADA,1,"2022/10/20 11:20:00",LEM_WIL,53.307540
D,DISPATCH,UNIT_SCADA,1,"2022/10/20 11:20:00",LGAPWF1,20.12
D,DISPATCH,UNIT_SCADA,1,"2022/10/20 11:20:00",LGAPWF2,15.06
D,DISPATCH,UNIT_SCADA,1,"2022/10/20 11:20:00",LILYSF1,35.913720
D,DISPATCH,UNIT_SCADA,1,"2022/10/20 11:20:00",LIMOSF11,95.074840
D,DISPATCH,UNIT_SCADA,1,"2022/10/20 11:20:00",LIMOSF21,17.145560
D,DISPATCH,UNIT_SCADA,1,"2022/10/20 11:20:00",LI_WY_CA,56.562590
D,DISPATCH,UNIT_SCADA,1,"2022/10/20 11:20:00",LKBONNY1,0
D,DISPATCH,UNIT_SCADA,1,"2022/10/20 11:20:00",LKBONNY2,0
D,DISPATCH,UNIT_SCADA,1,"2022/10/20 11:20:00",LKBONNY3,0
D,DISPATCH,UNIT_SCADA,1,"2022/10/20 11:20:00",LK_ECHO,0
D,DISPATCH,UNIT_SCADA,1,"2022/10/20 11:20:00",LNGS1,0
D,DISPATCH,UNIT_SCADA,1,"2022/10/20 11:20:00",LNGS2,0
D,DISPATCH,UNIT_SCADA,1,"2022/10/20 11:20:00",LONSDALE,0
D,DISPATCH,UNIT_SCADA,1,"2022/10/20 11:20:00",LOYYB1,441.349370
D,DISPATCH,UNIT_SCADA,1,"2022/10/20 11:20:00",LOYYB2,440.597470
D,DISPATCH,UNIT_SCADA,1,"2022/10/20 11:20:00",LYA1,380
D,DISPATCH,UNIT_SCADA,1,"2022/10/20 11:20:00",LYA2,0
D,DISPATCH,UNIT_SCADA,1,"2022/10/20 11:20:00",LYA3,355
D,DISPATCH,UNIT_SCADA,1,"2022/10/20 11:20:00",LYA4,356
D,DISPATCH,UNIT_SCADA,1,"2022/10/20 11:20:00",MACARTH1,67.198450
D,DISPATCH,UNIT_SCADA,1,"2022/10/20 11:20:00",MACKNTSH,0
D,DISPATCH,UNIT_SCADA,1,"2022/10/20 11:20:00",MANSLR1,29.98
D,DISPATCH,UNIT_SCADA,1,"2022/10/20 11:20:00",MAPS2PV1,0
D,DISPATCH,UNIT_SCADA,1,"2022/10/20 11:20:00",MAPS3PV1,0
D,DISPATCH,UNIT_SCADA,1,"2022/10/20 11:20:00",MARYRSF1,21.86
D,DISPATCH,UNIT_SCADA,1,"2022/10/20 11:20:00",MBPS2PV1,0
D,DISPATCH,UNIT_SCADA,1,"2022/10/20 11:20:00",MCKAY1,0.02
D,DISPATCH,UNIT_SCADA,1,"2022/10/20 11:20:00",MEADOWBK,6.030380
D,DISPATCH,UNIT_SCADA,1,"2022/10/20 11:20:00",MERCER01,29.40
D,DISPATCH,UNIT_SCADA,1,"2022/10/20 11:20:00",METZSF1,25.213670
D,DISPATCH,UNIT_SCADA,1,"2022/10/20 11:20:00",MEWF1,0
D,DISPATCH,UNIT_SCADA,1,"2022/10/20 11:20:00",MIDDLSF1,12.83
D,DISPATCH,UNIT_SCADA,1,"2022/10/20 11:20:00",MINTARO,0.128180
D,DISPATCH,UNIT_SCADA,1,"2022/10/20 11:20:00",MOLNGSF1,9.835350
D,DISPATCH,UNIT_SCADA,1,"2022/10/20 11:20:00",MOORAWF1,69.490010
D,DISPATCH,UNIT_SCADA,1,"2022/10/20 11:20:00",MOREESF1,30.75
D,DISPATCH,UNIT_SCADA,1,"2022/10/20 11:20:00",MORTLK11,0
D,DISPATCH,UNIT_SCADA,1,"2022/10/20 11:20:00",MORTLK12,0
D,DISPATCH,UNIT_SCADA,1,"2022/10/20 11:20:00",MOUSF1,0
D,DISPATCH,UNIT_SCADA,1,"2022/10/20 11:20:00",MP1,0
D,DISPATCH,UNIT_SCADA,1,"2022/10/20 11:20:00",MP2,351.238280
D,DISPATCH,UNIT_SCADA,1,"2022/10/20 11:20:00",MPP_1,180.425960
D,DISPATCH,UNIT_SCADA,1,"2022/10/20 11:20:00",MPP_2,177.984480
D,DISPATCH,UNIT_SCADA,1,"2022/10/20 11:20:00",MRTLSWF1,0
D,DISPATCH,UNIT_SCADA,1,"2022/10/20 11:20:00",MSTUART1,0
D,DISPATCH,UNIT_SCADA,1,"2022/10/20 11:20:00",MSTUART2,0
D,DISPATCH,UNIT_SCADA,1,"2022/10/20 11:20:00",MSTUART3,0
D,DISPATCH,UNIT_SCADA,1,"2022/10/20 11:20:00",MTGELWF1,36.317020
D,DISPATCH,UNIT_SCADA,1,"2022/10/20 11:20:00",MTMILLAR,1.40
D,DISPATCH,UNIT_SCADA,1,"2022/10/20 11:20:00",MURRAY,0
D,DISPATCH,UNIT_SCADA,1,"2022/10/20 11:20:00",MUSSELR1,99.30
D,DISPATCH,UNIT_SCADA,1,"2022/10/20 11:20:00",MUWAWF1,45.98
D,DISPATCH,UNIT_SCADA,1,"2022/10/20 11:20:00",MUWAWF2,21.80
D,DISPATCH,UNIT_SCADA,1,"2022/10/20 11:20:00",MWPS1PV1,0.13
D,DISPATCH,UNIT_SCADA,1,"2022/10/20 11:20:00",MWPS2PV1,0
D,DISPATCH,UNIT_SCADA,1,"2022/10/20 11:20:00",MWPS3PV1,0.09
D,DISPATCH,UNIT_SCADA,1,"2022/10/20 11:20:00",MWPS4PV1,0.01
D,DISPATCH,UNIT_SCADA,1,"2022/10/20 11:20:00",NBHWF1,79.80
D,DISPATCH,UNIT_SCADA,1,"2022/10/20 11:20:00",NEVERSF1,21.06
D,DISPATCH,UNIT_SCADA,1,"2022/10/20 11:20:00",NPS,0
D,DISPATCH,UNIT_SCADA,1,"2022/10/20 11:20:00",NUMURSF1,92.91
D,DISPATCH,UNIT_SCADA,1,"2022/10/20 11:20:00",NYNGAN1,58.75
D,DISPATCH,UNIT_SCADA,1,"2022/10/20 11:20:00",OAKEY1,0
D,DISPATCH,UNIT_SCADA,1,"2022/10/20 11:20:00",OAKEY1SF,7.85
D,DISPATCH,UNIT_SCADA,1,"2022/10/20 11:20:00",OAKEY2,0
D,DISPATCH,UNIT_SCADA,1,"2022/10/20 11:20:00",OAKEY2SF,17.20
D,DISPATCH,UNIT_SCADA,1,"2022/10/20 11:20:00",OAKLAND1,7
D,DISPATCH,UNIT_SCADA,1,"2022/10/20 11:20:00",OSB-AG,0
D,DISPATCH,UNIT_SCADA,1,"2022/10/20 11:20:00",PAREPS1,0.0660
D,DISPATCH,UNIT_SCADA,1,"2022/10/20 11:20:00",PAREPW1,50.05
D,DISPATCH,UNIT_SCADA,1,"2022/10/20 11:20:00",PARSF1,5.799950
D,DISPATCH,UNIT_SCADA,1,"2022/10/20 11:20:00",POAT110,0
D,DISPATCH,UNIT_SCADA,1,"2022/10/20 11:20:00",POAT220,0
D,DISPATCH,UNIT_SCADA,1,"2022/10/20 11:20:00",POR01,0
D,DISPATCH,UNIT_SCADA,1,"2022/10/20 11:20:00",POR03,0
D,DISPATCH,UNIT_SCADA,1,"2022/10/20 11:20:00",PPCCGT,0
D,DISPATCH,UNIT_SCADA,1,"2022/10/20 11:20:00",PTSTAN1,0
D,DISPATCH,UNIT_SCADA,1,"2022/10/20 11:20:00",PUMP1,244.289990
D,DISPATCH,UNIT_SCADA,1,"2022/10/20 11:20:00",PUMP2,0
D,DISPATCH,UNIT_SCADA,1,"2022/10/20 11:20:00",QBYNBG1,2.203470
D,DISPATCH,UNIT_SCADA,1,"2022/10/20 11:20:00",QBYNBL1,0
D,DISPATCH,UNIT_SCADA,1,"2022/10/20 11:20:00",QPS1,0
D,DISPATCH,UNIT_SCADA,1,"2022/10/20 11:20:00",QPS2,0
D,DISPATCH,UNIT_SCADA,1,"2022/10/20 11:20:00",QPS3,0
D,DISPATCH,UNIT_SCADA,1,"2022/10/20 11:20:00",QPS4,0
D,DISPATCH,UNIT_SCADA,1,"2022/10/20 11:20:00",QPS5,76.259990
D,DISPATCH,UNIT_SCADA,1,"2022/10/20 11:20:00",REECE1,0
D,DISPATCH,UNIT_SCADA,1,"2022/10/20 11:20:00",REECE2,0
D,DISPATCH,UNIT_SCADA,1,"2022/10/20 11:20:00",ROMA_7,0
D,DISPATCH,UNIT_SCADA,1,"2022/10/20 11:20:00",ROMA_8,0
D,DISPATCH,UNIT_SCADA,1,"2022/10/20 11:20:00",RRSF1,115.576840
D,DISPATCH,UNIT_SCADA,1,"2022/10/20 11:20:00",RT_NSW1,0
D,DISPATCH,UNIT_SCADA,1,"2022/10/20 11:20:00",RT_NSW2,0
D,DISPATCH,UNIT_SCADA,1,"2022/10/20 11:20:00",RT_NSW3,0
D,DISPATCH,UNIT_SCADA,1,"2022/10/20 11:20:00",RT_NSW4,0
D,DISPATCH,UNIT_SCADA,1,"2022/10/20 11:20:00",RT_NSW5,0
D,DISPATCH,UNIT_SCADA,1,"2022/10/20 11:20:00",RT_NSW6,0
D,DISPATCH,UNIT_SCADA,1,"2022/10/20 11:20:00",RT_QLD1,0
D,DISPATCH,UNIT_SCADA,1,"2022/10/20 11:20:00",RT_SA1,0
D,DISPATCH,UNIT_SCADA,1,"2022/10/20 11:20:00",RT_SA2,0
D,DISPATCH,UNIT_SCADA,1,"2022/10/20 11:20:00",RT_SA3,0
D,DISPATCH,UNIT_SCADA,1,"2022/10/20 11:20:00",RT_SA4,0
D,DISPATCH,UNIT_SCADA,1,"2022/10/20 11:20:00",RT_SA5,0
D,DISPATCH,UNIT_SCADA,1,"2022/10/20 11:20:00",RT_SA6,0
D,DISPATCH,UNIT_SCADA,1,"2022/10/20 11:20:00",RT_TAS1,0
D,DISPATCH,UNIT_SCADA,1,"2022/10/20 11:20:00",RT_VIC1,0
D,DISPATCH,UNIT_SCADA,1,"2022/10/20 11:20:00",RT_VIC10,0
D,DISPATCH,UNIT_SCADA,1,"2022/10/20 11:20:00",RT_VIC11,0
D,DISPATCH,UNIT_SCADA,1,"2022/10/20 11:20:00",RT_VIC12,0
D,DISPATCH,UNIT_SCADA,1,"2022/10/20 11:20:00",RT_VIC2,0
D,DISPATCH,UNIT_SCADA,1,"2022/10/20 11:20:00",RT_VIC3,0
D,DISPATCH,UNIT_SCADA,1,"2022/10/20 11:20:00",RT_VIC4,0
D,DISPATCH,UNIT_SCADA,1,"2022/10/20 11:20:00",RT_VIC5,0
D,DISPATCH,UNIT_SCADA,1,"2022/10/20 11:20:00",RT_VIC6,0
D,DISPATCH,UNIT_SCADA,1,"2022/10/20 11:20:00",RT_VIC7,0
D,DISPATCH,UNIT_SCADA,1,"2022/10/20 11:20:00",RT_VIC8,0
D,DISPATCH,UNIT_SCADA,1,"2022/10/20 11:20:00",RT_VIC9,0
D,DISPATCH,UNIT_SCADA,1,"2022/10/20 11:20:00",RUGBYR1,2.328060
D,DISPATCH,UNIT_SCADA,1,"2022/10/20 11:20:00",SALTCRK1,15.12
D,DISPATCH,UNIT_SCADA,1,"2022/10/20 11:20:00",SAPHWF1,30.977340
D,DISPATCH,UNIT_SCADA,1,"2022/10/20 11:20:00",SEBSF1,25.232660
D,DISPATCH,UNIT_SCADA,1,"2022/10/20 11:20:00",SHGEN,0
D,DISPATCH,UNIT_SCADA,1,"2022/10/20 11:20:00",SHPUMP,0
D,DISPATCH,UNIT_SCADA,1,"2022/10/20 11:20:00",SITHE01,0.123710
D,DISPATCH,UNIT_SCADA,1,"2022/10/20 11:20:00",SMCSF1,98.8990
D,DISPATCH,UNIT_SCADA,1,"2022/10/20 11:20:00",SNAPPER1,0
D,DISPATCH,UNIT_SCADA,1,"2022/10/20 11:20:00",SNOWNTH1,45.40
D,DISPATCH,UNIT_SCADA,1,"2022/10/20 11:20:00",SNOWSTH1,1.30
D,DISPATCH,UNIT_SCADA,1,"2022/10/20 11:20:00",SNOWTWN1,0
D,DISPATCH,UNIT_SCADA,1,"2022/10/20 11:20:00",SNOWYP,0
D,DISPATCH,UNIT_SCADA,1,"2022/10/20 11:20:00",SNUG1,0
D,DISPATCH,UNIT_SCADA,1,"2022/10/20 11:20:00",SRSF1,34.34
D,DISPATCH,UNIT_SCADA,1,"2022/10/20 11:20:00",STAN-1,275.826230
D,DISPATCH,UNIT_SCADA,1,"2022/10/20 11:20:00",STAN-2,332.942350
D,DISPATCH,UNIT_SCADA,1,"2022/10/20 11:20:00",STAN-3,153.800780
D,DISPATCH,UNIT_SCADA,1,"2022/10/20 11:20:00",STAN-4,332.122010
D,DISPATCH,UNIT_SCADA,1,"2022/10/20 11:20:00",STARHLWF,0.01
D,DISPATCH,UNIT_SCADA,1,"2022/10/20 11:20:00",STOCKYD1,71.26
D,DISPATCH,UNIT_SCADA,1,"2022/10/20 11:20:00",STWF1,0
D,DISPATCH,UNIT_SCADA,1,"2022/10/20 11:20:00",SUNRSF1,110.345620
D,DISPATCH,UNIT_SCADA,1,"2022/10/20 11:20:00",SUNTPSF1,120.686040
D,DISPATCH,UNIT_SCADA,1,"2022/10/20 11:20:00",SWAN_E,223.916260
D,DISPATCH,UNIT_SCADA,1,"2022/10/20 11:20:00",TALWA1,0
D,DISPATCH,UNIT_SCADA,1,"2022/10/20 11:20:00",TARALGA1,0
D,DISPATCH,UNIT_SCADA,1,"2022/10/20 11:20:00",TARONG#1,346.50
D,DISPATCH,UNIT_SCADA,1,"2022/10/20 11:20:00",TARONG#2,345.800020
D,DISPATCH,UNIT_SCADA,1,"2022/10/20 11:20:00",TARONG#3,0.90
D,DISPATCH,UNIT_SCADA,1,"2022/10/20 11:20:00",TARONG#4,210.80
D,DISPATCH,UNIT_SCADA,1,"2022/10/20 11:20:00",TARRALEA,54
D,DISPATCH,UNIT_SCADA,1,"2022/10/20 11:20:00",TBSF1,0.10
D,DISPATCH,UNIT_SCADA,1,"2022/10/20 11:20:00",TNPS1,402.6250
D,DISPATCH,UNIT_SCADA,1,"2022/10/20 11:20:00",TORRB1,0
D,DISPATCH,UNIT_SCADA,1,"2022/10/20 11:20:00",TORRB2,43
D,DISPATCH,UNIT_SCADA,1,"2022/10/20 11:20:00",TORRB3,0
D,DISPATCH,UNIT_SCADA,1,"2022/10/20 11:20:00",TORRB4,0
D,DISPATCH,UNIT_SCADA,1,"2022/10/20 11:20:00",TREVALLN,98.4202
D,DISPATCH,UNIT_SCADA,1,"2022/10/20 11:20:00",TRIBUTE,0
D,DISPATCH,UNIT_SCADA,1,"2022/10/20 11:20:00",TUMUT3,0
D,DISPATCH,UNIT_SCADA,1,"2022/10/20 11:20:00",TUNGATIN,7.010020
D,DISPATCH,UNIT_SCADA,1,"2022/10/20 11:20:00",TVCC201,0
D,DISPATCH,UNIT_SCADA,1,"2022/10/20 11:20:00",TVPP104,57.904710
D,DISPATCH,UNIT_SCADA,1,"2022/10/20 11:20:00",UPPTUMUT,30.381250
D,DISPATCH,UNIT_SCADA,1,"2022/10/20 11:20:00",URANQ11,0
D,DISPATCH,UNIT_SCADA,1,"2022/10/20 11:20:00",URANQ12,0
D,DISPATCH,UNIT_SCADA,1,"2022/10/20 11:20:00",URANQ13,0
D,DISPATCH,UNIT_SCADA,1,"2022/10/20 11:20:00",URANQ14,0
D,DISPATCH,UNIT_SCADA,1,"2022/10/20 11:20:00",VBBG1,0
D,DISPATCH,UNIT_SCADA,1,"2022/10/20 11:20:00",VBBL1,114.40
D,DISPATCH,UNIT_SCADA,1,"2022/10/20 11:20:00",VP5,498.9166
D,DISPATCH,UNIT_SCADA,1,"2022/10/20 11:20:00",VP6,501.992860
D,DISPATCH,UNIT_SCADA,1,"2022/10/20 11:20:00",VPGS1,0
D,DISPATCH,UNIT_SCADA,1,"2022/10/20 11:20:00",VPGS2,0
D,DISPATCH,UNIT_SCADA,1,"2022/10/20 11:20:00",VPGS3,0
D,DISPATCH,UNIT_SCADA,1,"2022/10/20 11:20:00",VPGS4,0
D,DISPATCH,UNIT_SCADA,1,"2022/10/20 11:20:00",VPGS5,0
D,DISPATCH,UNIT_SCADA,1,"2022/10/20 11:20:00",VPGS6,0
D,DISPATCH,UNIT_SCADA,1,"2022/10/20 11:20:00",W/HOE#1,0
D,DISPATCH,UNIT_SCADA,1,"2022/10/20 11:20:00",W/HOE#2,0
D,DISPATCH,UNIT_SCADA,1,"2022/10/20 11:20:00",WAGGNSF1,0
D,DISPATCH,UNIT_SCADA,1,"2022/10/20 11:20:00",WALGRVG1,0.0121
D,DISPATCH,UNIT_SCADA,1,"2022/10/20 11:20:00",WALGRVL1,0
D,DISPATCH,UNIT_SCADA,1,"2022/10/20 11:20:00",WANDBG1,0
D,DISPATCH,UNIT_SCADA,1,"2022/10/20 11:20:00",WANDBL1,49.974030
D,DISPATCH,UNIT_SCADA,1,"2022/10/20 11:20:00",WARWSF1,16
D,DISPATCH,UNIT_SCADA,1,"2022/10/20 11:20:00",WARWSF2,15.92
D,DISPATCH,UNIT_SCADA,1,"2022/10/20 11:20:00",WATERLWF,0
D,DISPATCH,UNIT_SCADA,1,"2022/10/20 11:20:00",WDGPH1,57.6650
D,DISPATCH,UNIT_SCADA,1,"2022/10/20 11:20:00",WELLSF1,77.439540
D,DISPATCH,UNIT_SCADA,1,"2022/10/20 11:20:00",WEMENSF1,22.60
D,DISPATCH,UNIT_SCADA,1,"2022/10/20 11:20:00",WGWF1,54.70
D,DISPATCH,UNIT_SCADA,1,"2022/10/20 11:20:00",WHITSF1,0
D,DISPATCH,UNIT_SCADA,1,"2022/10/20 11:20:00",WINTSF1,83.25
D,DISPATCH,UNIT_SCADA,1,"2022/10/20 11:20:00",WKIEWA1,31.90
D,DISPATCH,UNIT_SCADA,1,"2022/10/20 11:20:00",WKIEWA2,14.10
D,DISPATCH,UNIT_SCADA,1,"2022/10/20 11:20:00",WOODLWN1,9.567040
D,DISPATCH,UNIT_SCADA,1,"2022/10/20 11:20:00",WOOLGSF1,26.354690
D,DISPATCH,UNIT_SCADA,1,"2022/10/20 11:20:00",WPWF,8.84
D,DISPATCH,UNIT_SCADA,1,"2022/10/20 11:20:00",WRSF1,0.799580
D,DISPATCH,UNIT_SCADA,1,"2022/10/20 11:20:00",WRWF1,0.286260
D,DISPATCH,UNIT_SCADA,1,"2022/10/20 11:20:00",WSTWYSF1,0.2329
D,DISPATCH,UNIT_SCADA,1,"2022/10/20 11:20:00",YABULU,0
D,DISPATCH,UNIT_SCADA,1,"2022/10/20 11:20:00",YABULU2,0
D,DISPATCH,UNIT_SCADA,1,"2022/10/20 11:20:00",YARANSF1,56.61
D,DISPATCH,UNIT_SCADA,1,"2022/10/20 11:20:00",YARWUN_1,162.12
D,DISPATCH,UNIT_SCADA,1,"2022/10/20 11:20:00",YATSF1,25.35
D,DISPATCH,UNIT_SCADA,1,"2022/10/20 11:20:00",YENDWF1,56.65
D,DISPATCH,UNIT_SCADA,1,"2022/10/20 11:20:00",YWPS1,300.749360
D,DISPATCH,UNIT_SCADA,1,"2022/10/20 11:20:00",YWPS2,290.473420
D,DISPATCH,UNIT_SCADA,1,"2022/10/20 11:20:00",YWPS3,300.3924
D,DISPATCH,UNIT_SCADA,1,"2022/10/20 11:20:00",YWPS4,0
C,"END OF REPORT",419
