C,NEMP.WORLD,DISPATCHSCADA,AEMO,PUBLIC,2022/10/20,23:40:10,0000000373288248,DISPATCHSCADA,0000000373288242
I,DISPATCH,UNIT_SCADA,1,SETTLEMENTDATE,DUID,SCADAVALUE
D,DISPATCH,UNIT_SCADA,1,"2022/10/20 23:45:00",BARCSF1,0
D,DISPATCH,UNIT_SCADA,1,"2022/10/20 23:45:00",BUTLERSG,8.699999
D,DISPATCH,UNIT_SCADA,1,"2022/10/20 23:45:00",CAPTL_WF,63.110336
D,DISPATCH,UNIT_SCADA,1,"2022/10/20 23:45:00",CHALLHWF,9.20
D,DISPATCH,UNIT_SCADA,1,"2022/10/20 23:45:00",CLOVER,13.36
D,DISPATCH,UNIT_SCADA,1,"2022/10/20 23:45:00",CLUNY,5.605402
D,DISPATCH,UNIT_SCADA,1,"2022/10/20 23:45:00",CULLRGWF,-0.04
D,DISPATCH,UNIT_SCADA,1,"2022/10/20 23:45:00",DIAPURWF1,5.90
D,DISPATCH,UNIT_SCADA,1,"2022/10/20 23:45:00",ERGT01,0
D,DISPATCH,UNIT_SCADA,1,"2022/10/20 23:45:00",GB01,0
D,DISPATCH,UNIT_SCADA,1,"2022/10/20 23:45:00",GERMCRK,19.200001
D,DISPATCH,UNIT_SCADA,1,"2022/10/20 23:45:00",GRIFSF1,0.001526
D,DISPATCH,UNIT_SCADA,1,"2022/10/20 23:45:00",HEZ1,0
D,DISPATCH,UNIT_SCADA,1,"2022/10/20 23:45:00",HUGSF1,-0.12
D,DISPATCH,UNIT_SCADA,1,"2022/10/20 23:45:00",KEPBG1,0
D,DISPATCH,UNIT_SCADA,1,"2022/10/20 23:45:00",LRSF1,-0.0310
D,DISPATCH,UNIT_SCADA,1,"2022/10/20 23:45:00",MBAHNTH,46.949997
D,DISPATCH,UNIT_SCADA,1,"2022/10/20 23:45:00",MLSP1,0
D,DISPATCH,UNIT_SCADA,1,"2022/10/20 23:45:00",MLWF1,7.0050
D,DISPATCH,UNIT_SCADA,1,"2022/10/20 23:45:00",PALOONA,30.519999
D,DISPATCH,UNIT_SCADA,1,"2022/10/20 23:45:00",PIONEER,23.40
D,DISPATCH,UNIT_SCADA,1,"2022/10/20 23:45:00",PORTWF,36.299999
D,DISPATCH,UNIT_SCADA,1,"2022/10/20 23:45:00",REPULSE,9.486839
D,DISPATCH,UNIT_SCADA,1,"2022/10/20 23:45:00",ROWALLAN,8.5910
D,DISPATCH,UNIT_SCADA,1,"2022/10/20 23:45:00",ROYALLA1,0
D,DISPATCH,UNIT_SCADA,1,"2022/10/20 23:45:00",RPCG,-0.50
D,DISPATCH,UNIT_SCADA,1,"2022/10/20 23:45:00",RUBICON,0
D,DISPATCH,UNIT_SCADA,1,"2022/10/20 23:45:00",WAUBRAWF,41.994999
D,DISPATCH,UNIT_SCADA,1,"2022/10/20 23:45:00",WOOLNTH1,80.549995
D,DISPATCH,UNIT_SCADA,1,"2022/10/20 23:45:00",YAMBUKWF,5.40
D,DISPATCH,UNIT_SCADA,1,"2022/10/20 23:45:00",YSWF1,0
D,DISPATCH,UNIT_SCADA,1,"2022/10/20 23:45:00",ADPBA1G,0.0080
D,DISPATCH,UNIT_SCADA,1,"2022/10/20 23:45:00",ADPBA1L,0
D,DISPATCH,UNIT_SCADA,1,"2022/10/20 23:45:00",ADPPV1,0
D,DISPATCH,UNIT_SCADA,1,"2022/10/20 23:45:00",AGLHAL,0
D,DISPATCH,UNIT_SCADA,1,"2022/10/20 23:45:00",AGLSOM,0
D,DISPATCH,UNIT_SCADA,1,"2022/10/20 23:45:00",ANGAST1,0
D,DISPATCH,UNIT_SCADA,1,"2022/10/20 23:45:00",ARWF1,22
D,DISPATCH,UNIT_SCADA,1,"2022/10/20 23:45:00",BALBG1,0
D,DISPATCH,UNIT_SCADA,1,"2022/10/20 23:45:00",BALBL1,0
D,DISPATCH,UNIT_SCADA,1,"2022/10/20 23:45:00",BALDHWF1,105.218990
D,DISPATCH,UNIT_SCADA,1,"2022/10/20 23:45:00",BANGOWF1,70.799420
D,DISPATCH,UNIT_SCADA,1,"2022/10/20 23:45:00",BANGOWF2,64.099870
D,DISPATCH,UNIT_SCADA,1,"2022/10/20 23:45:00",BANN1,0
D,DISPATCH,UNIT_SCADA,1,"2022/10/20 23:45:00",BARCALDN,0
D,DISPATCH,UNIT_SCADA,1,"2022/10/20 23:45:00",BARKIPS1,0
D,DISPATCH,UNIT_SCADA,1,"2022/10/20 23:45:00",BARRON-1,0
D,DISPATCH,UNIT_SCADA,1,"2022/10/20 23:45:00",BARRON-2,0
D,DISPATCH,UNIT_SCADA,1,"2022/10/20 23:45:00",BASTYAN,0
D,DISPATCH,UNIT_SCADA,1,"2022/10/20 23:45:00",BBTHREE1,0
D,DISPATCH,UNIT_SCADA,1,"2022/10/20 23:45:00",BBTHREE2,0
D,DISPATCH,UNIT_SCADA,1,"2022/10/20 23:45:00",BBTHREE3,-1.32
D,DISPATCH,UNIT_SCADA,1,"2022/10/20 23:45:00",BDL01,0
D,DISPATCH,UNIT_SCADA,1,"2022/10/20 23:45:00",BDL02,0
D,DISPATCH,UNIT_SCADA,1,"2022/10/20 23:45:00",BERYLSF1,0
D,DISPATCH,UNIT_SCADA,1,"2022/10/20 23:45:00",BLOWERNG,62.60
D,DISPATCH,UNIT_SCADA,1,"2022/10/20 23:45:00",BLUEGSF1,0
D,DISPATCH,UNIT_SCADA,1,"2022/10/20 23:45:00",BLUFF1,0.50
D,DISPATCH,UNIT_SCADA,1,"2022/10/20 23:45:00",BNGSF1,0
D,DISPATCH,UNIT_SCADA,1,"2022/10/20 23:45:00",BNGSF2,0
D,DISPATCH,UNIT_SCADA,1,"2022/10/20 23:45:00",BOCORWF1,3.45
D,DISPATCH,UNIT_SCADA,1,"2022/10/20 23:45:00",BODWF1,108.261990
D,DISPATCH,UNIT_SCADA,1,"2022/10/20 23:45:00",BOMENSF1,0
D,DISPATCH,UNIT_SCADA,1,"2022/10/20 23:45:00",BOWWBA1G,0
D,DISPATCH,UNIT_SCADA,1,"2022/10/20 23:45:00",BOWWBA1L,0.0010
D,DISPATCH,UNIT_SCADA,1,"2022/10/20 23:45:00",BOWWPV1,0
D,DISPATCH,UNIT_SCADA,1,"2022/10/20 23:45:00",BRAEMAR1,0
D,DISPATCH,UNIT_SCADA,1,"2022/10/20 23:45:00",BRAEMAR2,0
D,DISPATCH,UNIT_SCADA,1,"2022/10/20 23:45:00",BRAEMAR3,0
D,DISPATCH,UNIT_SCADA,1,"2022/10/20 23:45:00",BRAEMAR5,0.201420
D,DISPATCH,UNIT_SCADA,1,"2022/10/20 23:45:00",BRAEMAR6,0
D,DISPATCH,UNIT_SCADA,1,"2022/10/20 23:45:00",BRAEMAR7,0.060430
D,DISPATCH,UNIT_SCADA,1,"2022/10/20 23:45:00",BROKENH1,0
D,DISPATCH,UNIT_SCADA,1,"2022/10/20 23:45:00",BRYB1WF1,77.030590
D,DISPATCH,UNIT_SCADA,1,"2022/10/20 23:45:00",BULBESG1,0
D,DISPATCH,UNIT_SCADA,1,"2022/10/20 23:45:00",BULBESL1,0.03
D,DISPATCH,UNIT_SCADA,1,"2022/10/20 23:45:00",BULGANA1,30.73
D,DISPATCH,UNIT_SCADA,1,"2022/10/20 23:45:00",BW01,636.862730
D,DISPATCH,UNIT_SCADA,1,"2022/10/20 23:45:00",BW02,611.154360
D,DISPATCH,UNIT_SCADA,1,"2022/10/20 23:45:00",BW03,547.481510
D,DISPATCH,UNIT_SCADA,1,"2022/10/20 23:45:00",BW04,0
D,DISPATCH,UNIT_SCADA,1,"2022/10/20 23:45:00",CALL_B_1,319.50
D,DISPATCH,UNIT_SCADA,1,"2022/10/20 23:45:00",CALL_B_2,320.600010
D,DISPATCH,UNIT_SCADA,1,"2022/10/20 23:45:00",CATHROCK,2.80
D,DISPATCH,UNIT_SCADA,1,"2022/10/20 23:45:00",CBWWBA1G,0
D,DISPATCH,UNIT_SCADA,1,"2022/10/20 23:45:00",CBWWBA1L,0
D,DISPATCH,UNIT_SCADA,1,"2022/10/20 23:45:00",CETHANA,88.6045
D,DISPATCH,UNIT_SCADA,1,"2022/10/20 23:45:00",CG1,0
D,DISPATCH,UNIT_SCADA,1,"2022/10/20 23:45:00",CG2,0
D,DISPATCH,UNIT_SCADA,1,"2022/10/20 23:45:00",CG3,0
D,DISPATCH,UNIT_SCADA,1,"2022/10/20 23:45:00",CG4,0
D,DISPATCH,UNIT_SCADA,1,"2022/10/20 23:45:00",CHILDSF1,0
D,DISPATCH,UNIT_SCADA,1,"2022/10/20 23:45:00",CHYTWF1,0
D,DISPATCH,UNIT_SCADA,1,"2022/10/20 23:45:00",CLARESF1,0
D,DISPATCH,UNIT_SCADA,1,"2022/10/20 23:45:00",CLEMGPWF,0
D,DISPATCH,UNIT_SCADA,1,"2022/10/20 23:45:00",CLERMSF1,0
D,DISPATCH,UNIT_SCADA,1,"2022/10/20 23:45:00",CNUNDAWF,12.414480
D,DISPATCH,UNIT_SCADA,1,"2022/10/20 23:45:00",COHUNSF1,0
D,DISPATCH,UNIT_SCADA,1,"2022/10/20 23:45:00",COLEASF1,0
D,DISPATCH,UNIT_SCADA,1,"2022/10/20 23:45:00",COLUMSF1,0
D,DISPATCH,UNIT_SCADA,1,"2022/10/20 23:45:00",COLWF01,80.204470
D,DISPATCH,UNIT_SCADA,1,"2022/10/20 23:45:00",COOPGWF1,353.609990
D,DISPATCH,UNIT_SCADA,1,"2022/10/20 23:45:00",CPP_3,389.950010
D,DISPATCH,UNIT_SCADA,1,"2022/10/20 23:45:00",CPP_4,0
D,DISPATCH,UNIT_SCADA,1,"2022/10/20 23:45:00",CPSA,0
D,DISPATCH,UNIT_SCADA,1,"2022/10/20 23:45:00",CROOKWF2,59.233690
D,DISPATCH,UNIT_SCADA,1,"2022/10/20 23:45:00",CROWLWF1,18.502660
D,DISPATCH,UNIT_SCADA,1,"2022/10/20 23:45:00",CRURWF1,61.197150
D,DISPATCH,UNIT_SCADA,1,"2022/10/20 23:45:00",CRWASF1,0
D,DISPATCH,UNIT_SCADA,1,"2022/10/20 23:45:00",CSPVPS1,0
D,DISPATCH,UNIT_SCADA,1,"2022/10/20 23:45:00",CTHLWF1,0.003050
D,DISPATCH,UNIT_SCADA,1,"2022/10/20 23:45:00",DALNTH01,0.013730
D,DISPATCH,UNIT_SCADA,1,"2022/10/20 23:45:00",DALNTHL1,0
D,DISPATCH,UNIT_SCADA,1,"2022/10/20 23:45:00",DARLSF1,0
D,DISPATCH,UNIT_SCADA,1,"2022/10/20 23:45:00",DARTM1,0
D,DISPATCH,UNIT_SCADA,1,"2022/10/20 23:45:00",DAYDSF1,0
D,DISPATCH,UNIT_SCADA,1,"2022/10/20 23:45:00",DDPS1,0
D,DISPATCH,UNIT_SCADA,1,"2022/10/20 23:45:00",DDSF1,0
D,DISPATCH,UNIT_SCADA,1,"2022/10/20 23:45:00",DEVILS_G,56.400650
D,DISPATCH,UNIT_SCADA,1,"2022/10/20 23:45:00",DG_NSW1,0
D,DISPATCH,UNIT_SCADA,1,"2022/10/20 23:45:00",DG_QLD1,0
D,DISPATCH,UNIT_SCADA,1,"2022/10/20 23:45:00",DG_SA1,0
D,DISPATCH,UNIT_SCADA,1,"2022/10/20 23:45:00",DG_TAS1,0
D,DISPATCH,UNIT_SCADA,1,"2022/10/20 23:45:00",DG_VIC1,0
D,DISPATCH,UNIT_SCADA,1,"2022/10/20 23:45:00",DRYCGT1,0
D,DISPATCH,UNIT_SCADA,1,"2022/10/20 23:45:00",DRYCGT2,0
D,DISPATCH,UNIT_SCADA,1,"2022/10/20 23:45:00",DRYCGT3,0
D,DISPATCH,UNIT_SCADA,1,"2022/10/20 23:45:00",DUNDWF1,117.65
D,DISPATCH,UNIT_SCADA,1,"2022/10/20 23:45:00",DUNDWF2,35.66
D,DISPATCH,UNIT_SCADA,1,"2022/10/20 23:45:00",DUNDWF3,84.89
D,DISPATCH,UNIT_SCADA,1,"2022/10/20 23:45:00",EILDON1,59.72
D,DISPATCH,UNIT_SCADA,1,"2022/10/20 23:45:00",EILDON2,60.04
D,DISPATCH,UNIT_SCADA,1,"2022/10/20 23:45:00",ELAINWF1,5.11
D,DISPATCH,UNIT_SCADA,1,"2022/10/20 23:45:00",EMERASF1,0
D,DISPATCH,UNIT_SCADA,1,"2022/10/20 23:45:00",ER01,0
D,DISPATCH,UNIT_SCADA,1,"2022/10/20 23:45:00",ER02,575.118650
D,DISPATCH,UNIT_SCADA,1,"2022/10/20 23:45:00",ER03,571.847110
D,DISPATCH,UNIT_SCADA,1,"2022/10/20 23:45:00",ER04,574.215330
D,DISPATCH,UNIT_SCADA,1,"2022/10/20 23:45:00",FINLYSF1,0
D,DISPATCH,UNIT_SCADA,1,"2022/10/20 23:45:00",FISHER,43.96
D,DISPATCH,UNIT_SCADA,1,"2022/10/20 23:45:00",GANGARR1,0
D,DISPATCH,UNIT_SCADA,1,"2022/10/20 23:45:00",GANNBG1,0.027720
D,DISPATCH,UNIT_SCADA,1,"2022/10/20 23:45:00",GANNBL1,0
D,DISPATCH,UNIT_SCADA,1,"2022/10/20 23:45:00",GANNSF1,0
D,DISPATCH,UNIT_SCADA,1,"2022/10/20 23:45:00",GLRWNSF1,0
D,DISPATCH,UNIT_SCADA,1,"2022/10/20 23:45:00",GNNDHSF1,0
D,DISPATCH,UNIT_SCADA,1,"2022/10/20 23:45:00",GOONSF1,0
D,DISPATCH,UNIT_SCADA,1,"2022/10/20 23:45:00",GORDON,207.132420
D,DISPATCH,UNIT_SCADA,1,"2022/10/20 23:45:00",GRANWF1,0
D,DISPATCH,UNIT_SCADA,1,"2022/10/20 23:45:00",GSTONE1,193.024990
D,DISPATCH,UNIT_SCADA,1,"2022/10/20 23:45:00",GSTONE2,0
D,DISPATCH,UNIT_SCADA,1,"2022/10/20 23:45:00",GSTONE3,178.849990
D,DISPATCH,UNIT_SCADA,1,"2022/10/20 23:45:00",GSTONE4,0
D,DISPATCH,UNIT_SCADA,1,"2022/10/20 23:45:00",GSTONE5,183.9250
D,DISPATCH,UNIT_SCADA,1,"2022/10/20 23:45:00",GSTONE6,185.149990
D,DISPATCH,UNIT_SCADA,1,"2022/10/20 23:45:00",GULLRSF1,0
D,DISPATCH,UNIT_SCADA,1,"2022/10/20 23:45:00",GULLRWF1,58.144120
D,DISPATCH,UNIT_SCADA,1,"2022/10/20 23:45:00",GULLRWF2,92.124940
D,DISPATCH,UNIT_SCADA,1,"2022/10/20 23:45:00",GUNNING1,0
D,DISPATCH,UNIT_SCADA,1,"2022/10/20 23:45:00",GUTHEGA,67.70
D,DISPATCH,UNIT_SCADA,1,"2022/10/20 23:45:00",HALLWF1,11.36
D,DISPATCH,UNIT_SCADA,1,"2022/10/20 23:45:00",HALLWF2,20.17
D,DISPATCH,UNIT_SCADA,1,"2022/10/20 23:45:00",HAMISF1,0
D,DISPATCH,UNIT_SCADA,1,"2022/10/20 23:45:00",HAUGHT11,0
D,DISPATCH,UNIT_SCADA,1,"2022/10/20 23:45:00",HAYMSF1,0
D,DISPATCH,UNIT_SCADA,1,"2022/10/20 23:45:00",HDWF1,23.40
D,DISPATCH,UNIT_SCADA,1,"2022/10/20 23:45:00",HDWF2,11.20
D,DISPATCH,UNIT_SCADA,1,"2022/10/20 23:45:00",HDWF3,15.90
D,DISPATCH,UNIT_SCADA,1,"2022/10/20 23:45:00",HILLSTN1,0
D,DISPATCH,UNIT_SCADA,1,"2022/10/20 23:45:00",HPRG1,4.10
D,DISPATCH,UNIT_SCADA,1,"2022/10/20 23:45:00",HPRL1,0
D,DISPATCH,UNIT_SCADA,1,"2022/10/20 23:45:00",HUMENSW,54.315260
D,DISPATCH,UNIT_SCADA,1,"2022/10/20 23:45:00",HUMEV,0
D,DISPATCH,UNIT_SCADA,1,"2022/10/20 23:45:00",HVWWBA1G,0
D,DISPATCH,UNIT_SCADA,1,"2022/10/20 23:45:00",HVWWBA1L,0.0060
D,DISPATCH,UNIT_SCADA,1,"2022/10/20 23:45:00",HVWWPV1,0
D,DISPATCH,UNIT_SCADA,1,"2022/10/20 23:45:00",JBUTTERS,0
D,DISPATCH,UNIT_SCADA,1,"2022/10/20 23:45:00",JEMALNG1,0
D,DISPATCH,UNIT_SCADA,1,"2022/10/20 23:45:00",JLA01,0
D,DISPATCH,UNIT_SCADA,1,"2022/10/20 23:45:00",JLA02,0
D,DISPATCH,UNIT_SCADA,1,"2022/10/20 23:45:00",JLA03,0
D,DISPATCH,UNIT_SCADA,1,"2022/10/20 23:45:00",JLA04,0
D,DISPATCH,UNIT_SCADA,1,"2022/10/20 23:45:00",JLB01,0
D,DISPATCH,UNIT_SCADA,1,"2022/10/20 23:45:00",JLB02,0.10
D,DISPATCH,UNIT_SCADA,1,"2022/10/20 23:45:00",JLB03,0
D,DISPATCH,UNIT_SCADA,1,"2022/10/20 23:45:00",JUNEESF1,0
D,DISPATCH,UNIT_SCADA,1,"2022/10/20 23:45:00",KABANWF1,0
D,DISPATCH,UNIT_SCADA,1,"2022/10/20 23:45:00",KAREEYA1,0
D,DISPATCH,UNIT_SCADA,1,"2022/10/20 23:45:00",KAREEYA2,0
D,DISPATCH,UNIT_SCADA,1,"2022/10/20 23:45:00",KAREEYA3,4.8925
D,DISPATCH,UNIT_SCADA,1,"2022/10/20 23:45:00",KAREEYA4,0
D,DISPATCH,UNIT_SCADA,1,"2022/10/20 23:45:00",KARSF1,0
D,DISPATCH,UNIT_SCADA,1,"2022/10/20 23:45:00",KEPSF1,0
D,DISPATCH,UNIT_SCADA,1,"2022/10/20 23:45:00",KEPWF1,1.95
D,DISPATCH,UNIT_SCADA,1,"2022/10/20 23:45:00",KIAMSF1,0
D,DISPATCH,UNIT_SCADA,1,"2022/10/20 23:45:00",KIATAWF1,17.90
D,DISPATCH,UNIT_SCADA,1,"2022/10/20 23:45:00",KPP_1,0
D,DISPATCH,UNIT_SCADA,1,"2022/10/20 23:45:00",KSP1,0
D,DISPATCH,UNIT_SCADA,1,"2022/10/20 23:45:00",LADBROK1,0.01
D,DISPATCH,UNIT_SCADA,1,"2022/10/20 23:45:00",LADBROK2,0.02
D,DISPATCH,UNIT_SCADA,1,"2022/10/20 23:45:00",LBBG1,3.30
D,DISPATCH,UNIT_SCADA,1,"2022/10/20 23:45:00",LBBL1,0
D,DISPATCH,UNIT_SCADA,1,"2022/10/20 23:45:00",LD01,289.059110
D,DISPATCH,UNIT_SCADA,1,"2022/10/20 23:45:00",LD02,0
D,DISPATCH,UNIT_SCADA,1,"2022/10/20 23:45:00",LD04,283.181240
D,DISPATCH,UNIT_SCADA,1,"2022/10/20 23:45:00",LEM_WIL,86.6025
D,DISPATCH,UNIT_SCADA,1,"2022/10/20 23:45:00",LGAPWF1,84.65
D,DISPATCH,UNIT_SCADA,1,"2022/10/20 23:45:00",LGAPWF2,56.71
D,DISPATCH,UNIT_SCADA,1,"2022/10/20 23:45:00",LILYSF1,0
D,DISPATCH,UNIT_SCADA,1,"2022/10/20 23:45:00",LIMOSF11,0
D,DISPATCH,UNIT_SCADA,1,"2022/10/20 23:45:00",LIMOSF21,0
D,DISPATCH,UNIT_SCADA,1,"2022/10/20 23:45:00",LI_WY_CA,55.688550
D,DISPATCH,UNIT_SCADA,1,"2022/10/20 23:45:00",LKBONNY1,19.380150
D,DISPATCH,UNIT_SCADA,1,"2022/10/20 23:45:00",LKBONNY2,44.615250
D,DISPATCH,UNIT_SCADA,1,"2022/10/20 23:45:00",LKBONNY3,11.610990
D,DISPATCH,UNIT_SCADA,1,"2022/10/20 23:45:00",LK_ECHO,0
D,DISPATCH,UNIT_SCADA,1,"2022/10/20 23:45:00",LNGS1,0
D,DISPATCH,UNIT_SCADA,1,"2022/10/20 23:45:00",LNGS2,0
D,DISPATCH,UNIT_SCADA,1,"2022/10/20 23:45:00",LONSDALE,0
D,DISPATCH,UNIT_SCADA,1,"2022/10/20 23:45:00",LOYYB1,574.8114
D,DISPATCH,UNIT_SCADA,1,"2022/10/20 23:45:00",LOYYB2,575.187320
D,DISPATCH,UNIT_SCADA,1,"2022/10/20 23:45:00",LYA1,559
D,DISPATCH,UNIT_SCADA,1,"2022/10/20 23:45:00",LYA2,0
D,DISPATCH,UNIT_SCADA,1,"2022/10/20 23:45:00",LYA3,559
D,DISPATCH,UNIT_SCADA,1,"2022/10/20 23:45:00",LYA4,561
D,DISPATCH,UNIT_SCADA,1,"2022/10/20 23:45:00",MACARTH1,60.398610
D,DISPATCH,UNIT_SCADA,1,"2022/10/20 23:45:00",MACKNTSH,0
D,DISPATCH,UNIT_SCADA,1,"2022/10/20 23:45:00",MANSLR1,0
D,DISPATCH,UNIT_SCADA,1,"2022/10/20 23:45:00",MAPS2PV1,0
D,DISPATCH,UNIT_SCADA,1,"2022/10/20 23:45:00",MAPS3PV1,0
D,DISPATCH,UNIT_SCADA,1,"2022/10/20 23:45:00",MARYRSF1,0
D,DISPATCH,UNIT_SCADA,1,"2022/10/20 23:45:00",MBPS2PV1,0
D,DISPATCH,UNIT_SCADA,1,"2022/10/20 23:45:00",MCKAY1,222.0450
D,DISPATCH,UNIT_SCADA,1,"2022/10/20 23:45:00",MEADOWBK,15.2903
D,DISPATCH,UNIT_SCADA,1,"2022/10/20 23:45:00",MERCER01,16.10
D,DISPATCH,UNIT_SCADA,1,"2022/10/20 23:45:00",METZSF1,0
D,DISPATCH,UNIT_SCADA,1,"2022/10/20 23:45:00",MEWF1,5
D,DISPATCH,UNIT_SCADA,1,"2022/10/20 23:45:00",MIDDLSF1,0
D,DISPATCH,UNIT_SCADA,1,"2022/10/20 23:45:00",MINTARO,0.128180
D,DISPATCH,UNIT_SCADA,1,"2022/10/20 23:45:00",MOLNGSF1,0
D,DISPATCH,UNIT_SCADA,1,"2022/10/20 23:45:00",MOORAWF1,42.81
D,DISPATCH,UNIT_SCADA,1,"2022/10/20 23:45:00",MOREESF1,0
D,DISPATCH,UNIT_SCADA,1,"2022/10/20 23:45:00",MORTLK11,0
D,DISPATCH,UNIT_SCADA,1,"2022/10/20 23:45:00",MORTLK12,0
D,DISPATCH,UNIT_SCADA,1,"2022/10/20 23:45:00",MOUSF1,0
D,DISPATCH,UNIT_SCADA,1,"2022/10/20 23:45:00",MP1,0
D,DISPATCH,UNIT_SCADA,1,"2022/10/20 23:45:00",MP2,351.360350
D,DISPATCH,UNIT_SCADA,1,"2022/10/20 23:45:00",MPP_1,188.757540
D,DISPATCH,UNIT_SCADA,1,"2022/10/20 23:45:00",MPP_2,189.901990
D,DISPATCH,UNIT_SCADA,1,"2022/10/20 23:45:00",MRTLSWF1,0
D,DISPATCH,UNIT_SCADA,1,"2022/10/20 23:45:00",MSTUART1,0
D,DISPATCH,UNIT_SCADA,1,"2022/10/20 23:45:00",MSTUART2,0
D,DISPATCH,UNIT_SCADA,1,"2022/10/20 23:45:00",MSTUART3,0
D,DISPATCH,UNIT_SCADA,1,"2022/10/20 23:45:00",MTGELWF1,64.976960
D,DISPATCH,UNIT_SCADA,1,"2022/10/20 23:45:00",MTMILLAR,16.30
D,DISPATCH,UNIT_SCADA,1,"2022/10/20 23:45:00",MURRAY,55.20
D,DISPATCH,UNIT_SCADA,1,"2022/10/20 23:45:00",MUSSELR1,18.60
D,DISPATCH,UNIT_SCADA,1,"2022/10/20 23:45:00",MUWAWF1,46.08
D,DISPATCH,UNIT_SCADA,1,"2022/10/20 23:45:00",MUWAWF2,66.80
D,DISPATCH,UNIT_SCADA,1,"2022/10/20 23:45:00",MWPS1PV1,0
D,DISPATCH,UNIT_SCADA,1,"2022/10/20 23:45:00",MWPS2PV1,0
D,DISPATCH,UNIT_SCADA,1,"2022/10/20 23:45:00",MWPS3PV1,0
D,DISPATCH,UNIT_SCADA,1,"2022/10/20 23:45:00",MWPS4PV1,0
D,DISPATCH,UNIT_SCADA,1,"2022/10/20 23:45:00",NBHWF1,13.90
D,DISPATCH,UNIT_SCADA,1,"2022/10/20 23:45:00",NEVERSF1,0
D,DISPATCH,UNIT_SCADA,1,"2022/10/20 23:45:00",NPS,0
D,DISPATCH,UNIT_SCADA,1,"2022/10/20 23:45:00",NUMURSF1,0
D,DISPATCH,UNIT_SCADA,1,"2022/10/20 23:45:00",NYNGAN1,0
D,DISPATCH,UNIT_SCADA,1,"2022/10/20 23:45:00",OAKEY1,0
D,DISPATCH,UNIT_SCADA,1,"2022/10/20 23:45:00",OAKEY1SF,0
D,DISPATCH,UNIT_SCADA,1,"2022/10/20 23:45:00",OAKEY2,0
D,DISPATCH,UNIT_SCADA,1,"2022/10/20 23:45:00",OAKEY2SF,0
D,DISPATCH,UNIT_SCADA,1,"2022/10/20 23:45:00",OAKLAND1,7.90
D,DISPATCH,UNIT_SCADA,1,"2022/10/20 23:45:00",OSB-AG,181.049990
D,DISPATCH,UNIT_SCADA,1,"2022/10/20 23:45:00",PAREPS1,0
D,DISPATCH,UNIT_SCADA,1,"2022/10/20 23:45:00",PAREPW1,55.99
D,DISPATCH,UNIT_SCADA,1,"2022/10/20 23:45:00",PARSF1,0.001530
D,DISPATCH,UNIT_SCADA,1,"2022/10/20 23:45:00",POAT110,3.20
D,DISPATCH,UNIT_SCADA,1,"2022/10/20 23:45:00",POAT220,0
D,DISPATCH,UNIT_SCADA,1,"2022/10/20 23:45:00",POR01,0
D,DISPATCH,UNIT_SCADA,1,"2022/10/20 23:45:00",POR03,0
D,DISPATCH,UNIT_SCADA,1,"2022/10/20 23:45:00",PPCCGT,167.512190
D,DISPATCH,UNIT_SCADA,1,"2022/10/20 23:45:00",PTSTAN1,0
D,DISPATCH,UNIT_SCADA,1,"2022/10/20 23:45:00",PUMP1,0
D,DISPATCH,UNIT_SCADA,1,"2022/10/20 23:45:00",PUMP2,0
D,DISPATCH,UNIT_SCADA,1,"2022/10/20 23:45:00",QBYNBG1,0.0055
D,DISPATCH,UNIT_SCADA,1,"2022/10/20 23:45:00",QBYNBL1,0
D,DISPATCH,UNIT_SCADA,1,"2022/10/20 23:45:00",QPS1,0
D,DISPATCH,UNIT_SCADA,1,"2022/10/20 23:45:00",QPS2,0
D,DISPATCH,UNIT_SCADA,1,"2022/10/20 23:45:00",QPS3,0
D,DISPATCH,UNIT_SCADA,1,"2022/10/20 23:45:00",QPS4,0
D,DISPATCH,UNIT_SCADA,1,"2022/10/20 23:45:00",QPS5,0
D,DISPATCH,UNIT_SCADA,1,"2022/10/20 23:45:00",REECE1,0
D,DISPATCH,UNIT_SCADA,1,"2022/10/20 23:45:00",REECE2,0
D,DISPATCH,UNIT_SCADA,1,"2022/10/20 23:45:00",ROMA_7,0
D,DISPATCH,UNIT_SCADA,1,"2022/10/20 23:45:00",ROMA_8,0
D,DISPATCH,UNIT_SCADA,1,"2022/10/20 23:45:00",RRSF1,0
D,DISPATCH,UNIT_SCADA,1,"2022/10/20 23:45:00",RT_NSW1,0
D,DISPATCH,UNIT_SCADA,1,"2022/10/20 23:45:00",RT_NSW2,0
D,DISPATCH,UNIT_SCADA,1,"2022/10/20 23:45:00",RT_NSW3,0
D,DISPATCH,UNIT_SCADA,1,"2022/10/20 23:45:00",RT_NSW4,0
D,DISPATCH,UNIT_SCADA,1,"2022/10/20 23:45:00",RT_NSW5,0
D,DISPATCH,UNIT_SCADA,1,"2022/10/20 23:45:00",RT_NSW6,0
D,DISPATCH,UNIT_SCADA,1,"2022/10/20 23:45:00",RT_QLD1,0
D,DISPATCH,UNIT_SCADA,1,"2022/10/20 23:45:00",RT_SA1,0
D,DISPATCH,UNIT_SCADA,1,"2022/10/20 23:45:00",RT_SA2,0
D,DISPATCH,UNIT_SCADA,1,"2022/10/20 23:45:00",RT_SA3,0
D,DISPATCH,UNIT_SCADA,1,"2022/10/20 23:45:00",RT_SA4,0
D,DISPATCH,UNIT_SCADA,1,"2022/10/20 23:45:00",RT_SA5,0
D,DISPATCH,UNIT_SCADA,1,"2022/10/20 23:45:00",RT_SA6,0
D,DISPATCH,UNIT_SCADA,1,"2022/10/20 23:45:00",RT_TAS1,0
D,DISPATCH,UNIT_SCADA,1,"2022/10/20 23:45:00",RT_VIC1,0
D,DISPATCH,UNIT_SCADA,1,"2022/10/20 23:45:00",RT_VIC10,0
D,DISPATCH,UNIT_SCADA,1,"2022/10/20 23:45:00",RT_VIC11,0
D,DISPATCH,UNIT_SCADA,1,"2022/10/20 23:45:00",RT_VIC12,0
D,DISPATCH,UNIT_SCADA,1,"2022/10/20 23:45:00",RT_VIC2,0
D,DISPATCH,UNIT_SCADA,1,"2022/10/20 23:45:00",RT_VIC3,0
D,DISPATCH,UNIT_SCADA,1,"2022/10/20 23:45:00",RT_VIC4,0
D,DISPATCH,UNIT_SCADA,1,"2022/10/20 23:45:00",RT_VIC5,0
D,DISPATCH,UNIT_SCADA,1,"2022/10/20 23:45:00",RT_VIC6,0
D,DISPATCH,UNIT_SCADA,1,"2022/10/20 23:45:00",RT_VIC7,0
D,DISPATCH,UNIT_SCADA,1,"2022/10/20 23:45:00",RT_VIC8,0
D,DISPATCH,UNIT_SCADA,1,"2022/10/20 23:45:00",RT_VIC9,0
D,DISPATCH,UNIT_SCADA,1,"2022/10/20 23:45:00",RUGBYR1,0
D,DISPATCH,UNIT_SCADA,1,"2022/10/20 23:45:00",SALTCRK1,21.95
D,DISPATCH,UNIT_SCADA,1,"2022/10/20 23:45:00",SAPHWF1,251.613650
D,DISPATCH,UNIT_SCADA,1,"2022/10/20 23:45:00",SEBSF1,0
D,DISPATCH,UNIT_SCADA,1,"2022/10/20 23:45:00",SHGEN,0
D,DISPATCH,UNIT_SCADA,1,"2022/10/20 23:45:00",SHPUMP,0
D,DISPATCH,UNIT_SCADA,1,"2022/10/20 23:45:00",SITHE01,0.153860
D,DISPATCH,UNIT_SCADA,1,"2022/10/20 23:45:00",SMCSF1,0
D,DISPATCH,UNIT_SCADA,1,"2022/10/20 23:45:00",SNAPPER1,0
D,DISPATCH,UNIT_SCADA,1,"2022/10/20 23:45:00",SNOWNTH1,34.10
D,DISPATCH,UNIT_SCADA,1,"2022/10/20 23:45:00",SNOWSTH1,24.50
D,DISPATCH,UNIT_SCADA,1,"2022/10/20 23:45:00",SNOWTWN1,20.936260
D,DISPATCH,UNIT_SCADA,1,"2022/10/20 23:45:00",SNOWYP,0
D,DISPATCH,UNIT_SCADA,1,"2022/10/20 23:45:00",SNUG1,0
D,DISPATCH,UNIT_SCADA,1,"2022/10/20 23:45:00",SRSF1,0
D,DISPATCH,UNIT_SCADA,1,"2022/10/20 23:45:00",STAN-1,280.696990
D,DISPATCH,UNIT_SCADA,1,"2022/10/20 23:45:00",STAN-2,359.821290
D,DISPATCH,UNIT_SCADA,1,"2022/10/20 23:45:00",STAN-3,364.551060
D,DISPATCH,UNIT_SCADA,1,"2022/10/20 23:45:00",STAN-4,364.025510
D,DISPATCH,UNIT_SCADA,1,"2022/10/20 23:45:00",STARHLWF,16.995040
D,DISPATCH,UNIT_SCADA,1,"2022/10/20 23:45:00",STOCKYD1,157.84
D,DISPATCH,UNIT_SCADA,1,"2022/10/20 23:45:00",STWF1,19.913020
D,DISPATCH,UNIT_SCADA,1,"2022/10/20 23:45:00",SUNRSF1,0
D,DISPATCH,UNIT_SCADA,1,"2022/10/20 23:45:00",SUNTPSF1,0
D,DISPATCH,UNIT_SCADA,1,"2022/10/20 23:45:00",SWAN_E,221.1250
D,DISPATCH,UNIT_SCADA,1,"2022/10/20 23:45:00",TALWA1,0
D,DISPATCH,UNIT_SCADA,1,"2022/10/20 23:45:00",TARALGA1,0
D,DISPATCH,UNIT_SCADA,1,"2022/10/20 23:45:00",TARONG#1,348.800020
D,DISPATCH,UNIT_SCADA,1,"2022/10/20 23:45:00",TARONG#2,348.899990
D,DISPATCH,UNIT_SCADA,1,"2022/10/20 23:45:00",TARONG#3,0.90
D,DISPATCH,UNIT_SCADA,1,"2022/10/20 23:45:00",TARONG#4,226
D,DISPATCH,UNIT_SCADA,1,"2022/10/20 23:45:00",TARRALEA,54
D,DISPATCH,UNIT_SCADA,1,"2022/10/20 23:45:00",TBSF1,0
D,DISPATCH,UNIT_SCADA,1,"2022/10/20 23:45:00",TNPS1,350.50
D,DISPATCH,UNIT_SCADA,1,"2022/10/20 23:45:00",TORRB1,0
D,DISPATCH,UNIT_SCADA,1,"2022/10/20 23:45:00",TORRB2,60
D,DISPATCH,UNIT_SCADA,1,"2022/10/20 23:45:00",TORRB3,0
D,DISPATCH,UNIT_SCADA,1,"2022/10/20 23:45:00",TORRB4,0
D,DISPATCH,UNIT_SCADA,1,"2022/10/20 23:45:00",TREVALLN,99.243350
D,DISPATCH,UNIT_SCADA,1,"2022/10/20 23:45:00",TRIBUTE,0
D,DISPATCH,UNIT_SCADA,1,"2022/10/20 23:45:00",TUMUT3,340.84
D,DISPATCH,UNIT_SCADA,1,"2022/10/20 23:45:00",TUNGATIN,3.200020
D,DISPATCH,UNIT_SCADA,1,"2022/10/20 23:45:00",TVCC201,0
D,DISPATCH,UNIT_SCADA,1,"2022/10/20 23:45:00",TVPP104,0
D,DISPATCH,UNIT_SCADA,1,"2022/10/20 23:45:00",UPPTUMUT,0
D,DISPATCH,UNIT_SCADA,1,"2022/10/20 23:45:00",URANQ11,0
D,DISPATCH,UNIT_SCADA,1,"2022/10/20 23:45:00",URANQ12,0
D,DISPATCH,UNIT_SCADA,1,"2022/10/20 23:45:00",URANQ13,0
D,DISPATCH,UNIT_SCADA,1,"2022/10/20 23:45:00",URANQ14,0
D,DISPATCH,UNIT_SCADA,1,"2022/10/20 23:45:00",VBBG1,14.90
D,DISPATCH,UNIT_SCADA,1,"2022/10/20 23:45:00",VBBL1,0
D,DISPATCH,UNIT_SCADA,1,"2022/10/20 23:45:00",VP5,561.711490
D,DISPATCH,UNIT_SCADA,1,"2022/10/20 23:45:00",VP6,600.140380
D,DISPATCH,UNIT_SCADA,1,"2022/10/20 23:45:00",VPGS1,0
D,DISPATCH,UNIT_SCADA,1,"2022/10/20 23:45:00",VPGS2,0
D,DISPATCH,UNIT_SCADA,1,"2022/10/20 23:45:00",VPGS3,0
D,DISPATCH,UNIT_SCADA,1,"2022/10/20 23:45:00",VPGS4,0
D,DISPATCH,UNIT_SCADA,1,"2022/10/20 23:45:00",VPGS5,0
D,DISPATCH,UNIT_SCADA,1,"2022/10/20 23:45:00",VPGS6,0
D,DISPATCH,UNIT_SCADA,1,"2022/10/20 23:45:00",W/HOE#1,0
D,DISPATCH,UNIT_SCADA,1,"2022/10/20 23:45:00",W/HOE#2,0
D,DISPATCH,UNIT_SCADA,1,"2022/10/20 23:45:00",WAGGNSF1,0
D,DISPATCH,UNIT_SCADA,1,"2022/10/20 23:45:00",WALGRVG1,0.040020
D,DISPATCH,UNIT_SCADA,1,"2022/10/20 23:45:00",WALGRVL1,0
D,DISPATCH,UNIT_SCADA,1,"2022/10/20 23:45:00",WANDBG1,0
D,DISPATCH,UNIT_SCADA,1,"2022/10/20 23:45:00",WANDBL1,0
D,DISPATCH,UNIT_SCADA,1,"2022/10/20 23:45:00",WARWSF1,0
D,DISPATCH,UNIT_SCADA,1,"2022/10/20 23:45:00",WARWSF2,0
D,DISPATCH,UNIT_SCADA,1,"2022/10/20 23:45:00",WATERLWF,17.80
D,DISPATCH,UNIT_SCADA,1,"2022/10/20 23:45:00",WDGPH1,0
D,DISPATCH,UNIT_SCADA,1,"2022/10/20 23:45:00",WELLSF1,0
D,DISPATCH,UNIT_SCADA,1,"2022/10/20 23:45:00",WEMENSF1,0
D,DISPATCH,UNIT_SCADA,1,"2022/10/20 23:45:00",WGWF1,12.40
D,DISPATCH,UNIT_SCADA,1,"2022/10/20 23:45:00",WHITSF1,0
D,DISPATCH,UNIT_SCADA,1,"2022/10/20 23:45:00",WINTSF1,0
D,DISPATCH,UNIT_SCADA,1,"2022/10/20 23:45:00",WKIEWA1,33.90
D,DISPATCH,UNIT_SCADA,1,"2022/10/20 23:45:00",WKIEWA2,34
D,DISPATCH,UNIT_SCADA,1,"2022/10/20 23:45:00",WOODLWN1,28.630810
D,DISPATCH,UNIT_SCADA,1,"2022/10/20 23:45:00",WOOLGSF1,0
D,DISPATCH,UNIT_SCADA,1,"2022/10/20 23:45:00",WPWF,39.30
D,DISPATCH,UNIT_SCADA,1,"2022/10/20 23:45:00",WRSF1,0
D,DISPATCH,UNIT_SCADA,1,"2022/10/20 23:45:00",WRWF1,118.7573
D,DISPATCH,UNIT_SCADA,1,"2022/10/20 23:45:00",WSTWYSF1,0
D,DISPATCH,UNIT_SCADA,1,"2022/10/20 23:45:00",YABULU,0
D,DISPATCH,UNIT_SCADA,1,"2022/10/20 23:45:00",YABULU2,0
D,DISPATCH,UNIT_SCADA,1,"2022/10/20 23:45:00",YARANSF1,0
D,DISPATCH,UNIT_SCADA,1,"2022/10/20 23:45:00",YARWUN_1,164.349990
D,DISPATCH,UNIT_SCADA,1,"2022/10/20 23:45:00",YATSF1,0
D,DISPATCH,UNIT_SCADA,1,"2022/10/20 23:45:00",YENDWF1,43.67
D,DISPATCH,UNIT_SCADA,1,"2022/10/20 23:45:00",YWPS1,280.698730
D,DISPATCH,UNIT_SCADA,1,"2022/10/20 23:45:00",YWPS2,361.151890
D,DISPATCH,UNIT_SCADA,1,"2022/10/20 23:45:00",YWPS3,363.340520
D,DISPATCH,UNIT_SCADA,1,"2022/10/20 23:45:00",YWPS4,0
C,"END OF REPORT",419
