C,NEMP.WORLD,DISPATCHSCADA,AEMO,PUBLIC,2022/10/20,13:05:10,0000000373256491,DISPATCHSCADA,0000000373256485
I,DISPATCH,UNIT_SCADA,1,SETTLEMENTDATE,DUID,SCADAVALUE
D,DISPATCH,UNIT_SCADA,1,"2022/10/20 13:10:00",BARCSF1,9.400001
D,DISPATCH,UNIT_SCADA,1,"2022/10/20 13:10:00",BUTLERSG,8.699999
D,DISPATCH,UNIT_SCADA,1,"2022/10/20 13:10:00",CAPTL_WF,52.950027
D,DISPATCH,UNIT_SCADA,1,"2022/10/20 13:10:00",CHALLHWF,4.90
D,DISPATCH,UNIT_SCADA,1,"2022/10/20 13:10:00",CLOVER,10.47
D,DISPATCH,UNIT_SCADA,1,"2022/10/20 13:10:00",CLUNY,5.181506
D,DISPATCH,UNIT_SCADA,1,"2022/10/20 13:10:00",CULLRGWF,-0.05
D,DISPATCH,UNIT_SCADA,1,"2022/10/20 13:10:00",DIAPURWF1,3.10
D,DISPATCH,UNIT_SCADA,1,"2022/10/20 13:10:00",ERGT01,0
D,DISPATCH,UNIT_SCADA,1,"2022/10/20 13:10:00",GB01,0
D,DISPATCH,UNIT_SCADA,1,"2022/10/20 13:10:00",GERMCRK,18.40
D,DISPATCH,UNIT_SCADA,1,"2022/10/20 13:10:00",GRIFSF1,6.199740
D,DISPATCH,UNIT_SCADA,1,"2022/10/20 13:10:00",HEZ1,0
D,DISPATCH,UNIT_SCADA,1,"2022/10/20 13:10:00",HUGSF1,8.35
D,DISPATCH,UNIT_SCADA,1,"2022/10/20 13:10:00",KEPBG1,0
D,DISPATCH,UNIT_SCADA,1,"2022/10/20 13:10:00",LRSF1,5.3150
D,DISPATCH,UNIT_SCADA,1,"2022/10/20 13:10:00",MBAHNTH,45.731247
D,DISPATCH,UNIT_SCADA,1,"2022/10/20 13:10:00",MLSP1,3.860001
D,DISPATCH,UNIT_SCADA,1,"2022/10/20 13:10:00",MLWF1,3.54
D,DISPATCH,UNIT_SCADA,1,"2022/10/20 13:10:00",PALOONA,30.369999
D,DISPATCH,UNIT_SCADA,1,"2022/10/20 13:10:00",PIONEER,41.299999
D,DISPATCH,UNIT_SCADA,1,"2022/10/20 13:10:00",PORTWF,96.599998
D,DISPATCH,UNIT_SCADA,1,"2022/10/20 13:10:00",REPULSE,9.340352
D,DISPATCH,UNIT_SCADA,1,"2022/10/20 13:10:00",ROWALLAN,8.8750
D,DISPATCH,UNIT_SCADA,1,"2022/10/20 13:10:00",ROYALLA1,11.216003
D,DISPATCH,UNIT_SCADA,1,"2022/10/20 13:10:00",RPCG,-1.80
D,DISPATCH,UNIT_SCADA,1,"2022/10/20 13:10:00",RUBICON,0
D,DISPATCH,UNIT_SCADA,1,"2022/10/20 13:10:00",WAUBRAWF,30.59
D,DISPATCH,UNIT_SCADA,1,"2022/10/20 13:10:00",WOOLNTH1,65.669998
D,DISPATCH,UNIT_SCADA,1,"2022/10/20 13:10:00",YAMBUKWF,8.90
D,DISPATCH,UNIT_SCADA,1,"2022/10/20 13:10:00",YSWF1,4.80
D,DISPATCH,UNIT_SCADA,1,"2022/10/20 13:10:00",ADPBA1G,0.0080
D,DISPATCH,UNIT_SCADA,1,"2022/10/20 13:10:00",ADPBA1L,0
D,DISPATCH,UNIT_SCADA,1,"2022/10/20 13:10:00",ADPPV1,8.7820
D,DISPATCH,UNIT_SCADA,1,"2022/10/20 13:10:00",AGLHAL,0
D,DISPATCH,UNIT_SCADA,1,"2022/10/20 13:10:00",AGLSOM,0
D,DISPATCH,UNIT_SCADA,1,"2022/10/20 13:10:00",ANGAST1,0
D,DISPATCH,UNIT_SCADA,1,"2022/10/20 13:10:00",ARWF1,13.30
D,DISPATCH,UNIT_SCADA,1,"2022/10/20 13:10:00",BALBG1,0
D,DISPATCH,UNIT_SCADA,1,"2022/10/20 13:10:00",BALBL1,0
D,DISPATCH,UNIT_SCADA,1,"2022/10/20 13:10:00",BALDHWF1,57.5770
D,DISPATCH,UNIT_SCADA,1,"2022/10/20 13:10:00",BANGOWF1,44.397650
D,DISPATCH,UNIT_SCADA,1,"2022/10/20 13:10:00",BANGOWF2,25.098570
D,DISPATCH,UNIT_SCADA,1,"2022/10/20 13:10:00",BANN1,33.07
D,DISPATCH,UNIT_SCADA,1,"2022/10/20 13:10:00",BARCALDN,0
D,DISPATCH,UNIT_SCADA,1,"2022/10/20 13:10:00",BARKIPS1,0
D,DISPATCH,UNIT_SCADA,1,"2022/10/20 13:10:00",BARRON-1,0
D,DISPATCH,UNIT_SCADA,1,"2022/10/20 13:10:00",BARRON-2,0
D,DISPATCH,UNIT_SCADA,1,"2022/10/20 13:10:00",BASTYAN,52.73
D,DISPATCH,UNIT_SCADA,1,"2022/10/20 13:10:00",BBTHREE1,0
D,DISPATCH,UNIT_SCADA,1,"2022/10/20 13:10:00",BBTHREE2,21.18
D,DISPATCH,UNIT_SCADA,1,"2022/10/20 13:10:00",BBTHREE3,0
D,DISPATCH,UNIT_SCADA,1,"2022/10/20 13:10:00",BDL01,0
D,DISPATCH,UNIT_SCADA,1,"2022/10/20 13:10:00",BDL02,0
D,DISPATCH,UNIT_SCADA,1,"2022/10/20 13:10:00",BERYLSF1,15.382150
D,DISPATCH,UNIT_SCADA,1,"2022/10/20 13:10:00",BLOWERNG,62.60
D,DISPATCH,UNIT_SCADA,1,"2022/10/20 13:10:00",BLUEGSF1,23.903230
D,DISPATCH,UNIT_SCADA,1,"2022/10/20 13:10:00",BLUFF1,3.50
D,DISPATCH,UNIT_SCADA,1,"2022/10/20 13:10:00",BNGSF1,43.12
D,DISPATCH,UNIT_SCADA,1,"2022/10/20 13:10:00",BNGSF2,44.99
D,DISPATCH,UNIT_SCADA,1,"2022/10/20 13:10:00",BOCORWF1,33.72
D,DISPATCH,UNIT_SCADA,1,"2022/10/20 13:10:00",BODWF1,53.593030
D,DISPATCH,UNIT_SCADA,1,"2022/10/20 13:10:00",BOMENSF1,30.672460
D,DISPATCH,UNIT_SCADA,1,"2022/10/20 13:10:00",BOWWBA1G,0.0010
D,DISPATCH,UNIT_SCADA,1,"2022/10/20 13:10:00",BOWWBA1L,0
D,DISPATCH,UNIT_SCADA,1,"2022/10/20 13:10:00",BOWWPV1,0
D,DISPATCH,UNIT_SCADA,1,"2022/10/20 13:10:00",BRAEMAR1,0
D,DISPATCH,UNIT_SCADA,1,"2022/10/20 13:10:00",BRAEMAR2,0
D,DISPATCH,UNIT_SCADA,1,"2022/10/20 13:10:00",BRAEMAR3,0
D,DISPATCH,UNIT_SCADA,1,"2022/10/20 13:10:00",BRAEMAR5,0.292060
D,DISPATCH,UNIT_SCADA,1,"2022/10/20 13:10:00",BRAEMAR6,0
D,DISPATCH,UNIT_SCADA,1,"2022/10/20 13:10:00",BRAEMAR7,0.130920
D,DISPATCH,UNIT_SCADA,1,"2022/10/20 13:10:00",BROKENH1,51.899210
D,DISPATCH,UNIT_SCADA,1,"2022/10/20 13:10:00",BRYB1WF1,122.557410
D,DISPATCH,UNIT_SCADA,1,"2022/10/20 13:10:00",BULBESG1,0
D,DISPATCH,UNIT_SCADA,1,"2022/10/20 13:10:00",BULBESL1,2.01
D,DISPATCH,UNIT_SCADA,1,"2022/10/20 13:10:00",BULGANA1,0.79
D,DISPATCH,UNIT_SCADA,1,"2022/10/20 13:10:00",BW01,659.226380
D,DISPATCH,UNIT_SCADA,1,"2022/10/20 13:10:00",BW02,618.698430
D,DISPATCH,UNIT_SCADA,1,"2022/10/20 13:10:00",BW03,503.950560
D,DISPATCH,UNIT_SCADA,1,"2022/10/20 13:10:00",BW04,0
D,DISPATCH,UNIT_SCADA,1,"2022/10/20 13:10:00",CALL_B_1,319.899990
D,DISPATCH,UNIT_SCADA,1,"2022/10/20 13:10:00",CALL_B_2,319.100010
D,DISPATCH,UNIT_SCADA,1,"2022/10/20 13:10:00",CATHROCK,7.20
D,DISPATCH,UNIT_SCADA,1,"2022/10/20 13:10:00",CBWWBA1G,0
D,DISPATCH,UNIT_SCADA,1,"2022/10/20 13:10:00",CBWWBA1L,0
D,DISPATCH,UNIT_SCADA,1,"2022/10/20 13:10:00",CETHANA,88.305120
D,DISPATCH,UNIT_SCADA,1,"2022/10/20 13:10:00",CG1,0
D,DISPATCH,UNIT_SCADA,1,"2022/10/20 13:10:00",CG2,0
D,DISPATCH,UNIT_SCADA,1,"2022/10/20 13:10:00",CG3,0
D,DISPATCH,UNIT_SCADA,1,"2022/10/20 13:10:00",CG4,0
D,DISPATCH,UNIT_SCADA,1,"2022/10/20 13:10:00",CHILDSF1,12.74
D,DISPATCH,UNIT_SCADA,1,"2022/10/20 13:10:00",CHYTWF1,6.08
D,DISPATCH,UNIT_SCADA,1,"2022/10/20 13:10:00",CLARESF1,20.0448
D,DISPATCH,UNIT_SCADA,1,"2022/10/20 13:10:00",CLEMGPWF,17.000260
D,DISPATCH,UNIT_SCADA,1,"2022/10/20 13:10:00",CLERMSF1,63.08
D,DISPATCH,UNIT_SCADA,1,"2022/10/20 13:10:00",CNUNDAWF,16.619390
D,DISPATCH,UNIT_SCADA,1,"2022/10/20 13:10:00",COHUNSF1,0.08
D,DISPATCH,UNIT_SCADA,1,"2022/10/20 13:10:00",COLEASF1,16.902040
D,DISPATCH,UNIT_SCADA,1,"2022/10/20 13:10:00",COLUMSF1,18.6560
D,DISPATCH,UNIT_SCADA,1,"2022/10/20 13:10:00",COLWF01,82.215610
D,DISPATCH,UNIT_SCADA,1,"2022/10/20 13:10:00",COOPGWF1,106.17
D,DISPATCH,UNIT_SCADA,1,"2022/10/20 13:10:00",CPP_3,292.600010
D,DISPATCH,UNIT_SCADA,1,"2022/10/20 13:10:00",CPP_4,0
D,DISPATCH,UNIT_SCADA,1,"2022/10/20 13:10:00",CPSA,0
D,DISPATCH,UNIT_SCADA,1,"2022/10/20 13:10:00",CROOKWF2,34.213780
D,DISPATCH,UNIT_SCADA,1,"2022/10/20 13:10:00",CROWLWF1,8.1193
D,DISPATCH,UNIT_SCADA,1,"2022/10/20 13:10:00",CRURWF1,44.9968
D,DISPATCH,UNIT_SCADA,1,"2022/10/20 13:10:00",CRWASF1,15.123970
D,DISPATCH,UNIT_SCADA,1,"2022/10/20 13:10:00",CSPVPS1,40.1550
D,DISPATCH,UNIT_SCADA,1,"2022/10/20 13:10:00",CTHLWF1,0.003050
D,DISPATCH,UNIT_SCADA,1,"2022/10/20 13:10:00",DALNTH01,0
D,DISPATCH,UNIT_SCADA,1,"2022/10/20 13:10:00",DALNTHL1,0.227360
D,DISPATCH,UNIT_SCADA,1,"2022/10/20 13:10:00",DARLSF1,69.694480
D,DISPATCH,UNIT_SCADA,1,"2022/10/20 13:10:00",DARTM1,0
D,DISPATCH,UNIT_SCADA,1,"2022/10/20 13:10:00",DAYDSF1,66.808010
D,DISPATCH,UNIT_SCADA,1,"2022/10/20 13:10:00",DDPS1,0
D,DISPATCH,UNIT_SCADA,1,"2022/10/20 13:10:00",DDSF1,13.057020
D,DISPATCH,UNIT_SCADA,1,"2022/10/20 13:10:00",DEVILS_G,58.558910
D,DISPATCH,UNIT_SCADA,1,"2022/10/20 13:10:00",DG_NSW1,0
D,DISPATCH,UNIT_SCADA,1,"2022/10/20 13:10:00",DG_QLD1,0
D,DISPATCH,UNIT_SCADA,1,"2022/10/20 13:10:00",DG_SA1,0
D,DISPATCH,UNIT_SCADA,1,"2022/10/20 13:10:00",DG_TAS1,0
D,DISPATCH,UNIT_SCADA,1,"2022/10/20 13:10:00",DG_VIC1,0
D,DISPATCH,UNIT_SCADA,1,"2022/10/20 13:10:00",DRYCGT1,0
D,DISPATCH,UNIT_SCADA,1,"2022/10/20 13:10:00",DRYCGT2,0
D,DISPATCH,UNIT_SCADA,1,"2022/10/20 13:10:00",DRYCGT3,0
D,DISPATCH,UNIT_SCADA,1,"2022/10/20 13:10:00",DUNDWF1,56.45
D,DISPATCH,UNIT_SCADA,1,"2022/10/20 13:10:00",DUNDWF2,20.68
D,DISPATCH,UNIT_SCADA,1,"2022/10/20 13:10:00",DUNDWF3,51.52
D,DISPATCH,UNIT_SCADA,1,"2022/10/20 13:10:00",EILDON1,59.80
D,DISPATCH,UNIT_SCADA,1,"2022/10/20 13:10:00",EILDON2,59.92
D,DISPATCH,UNIT_SCADA,1,"2022/10/20 13:10:00",ELAINWF1,29.44
D,DISPATCH,UNIT_SCADA,1,"2022/10/20 13:10:00",EMERASF1,0
D,DISPATCH,UNIT_SCADA,1,"2022/10/20 13:10:00",ER01,0
D,DISPATCH,UNIT_SCADA,1,"2022/10/20 13:10:00",ER02,301.872280
D,DISPATCH,UNIT_SCADA,1,"2022/10/20 13:10:00",ER03,430.682830
D,DISPATCH,UNIT_SCADA,1,"2022/10/20 13:10:00",ER04,431.879150
D,DISPATCH,UNIT_SCADA,1,"2022/10/20 13:10:00",FINLYSF1,92.0882
D,DISPATCH,UNIT_SCADA,1,"2022/10/20 13:10:00",FISHER,43.93
D,DISPATCH,UNIT_SCADA,1,"2022/10/20 13:10:00",GANGARR1,55.4860
D,DISPATCH,UNIT_SCADA,1,"2022/10/20 13:10:00",GANNBG1,0
D,DISPATCH,UNIT_SCADA,1,"2022/10/20 13:10:00",GANNBL1,3.987660
D,DISPATCH,UNIT_SCADA,1,"2022/10/20 13:10:00",GANNSF1,22.90
D,DISPATCH,UNIT_SCADA,1,"2022/10/20 13:10:00",GLRWNSF1,0
D,DISPATCH,UNIT_SCADA,1,"2022/10/20 13:10:00",GNNDHSF1,88.616840
D,DISPATCH,UNIT_SCADA,1,"2022/10/20 13:10:00",GOONSF1,14.432590
D,DISPATCH,UNIT_SCADA,1,"2022/10/20 13:10:00",GORDON,188.005650
D,DISPATCH,UNIT_SCADA,1,"2022/10/20 13:10:00",GRANWF1,0
D,DISPATCH,UNIT_SCADA,1,"2022/10/20 13:10:00",GSTONE1,200.899990
D,DISPATCH,UNIT_SCADA,1,"2022/10/20 13:10:00",GSTONE2,0
D,DISPATCH,UNIT_SCADA,1,"2022/10/20 13:10:00",GSTONE3,200.20
D,DISPATCH,UNIT_SCADA,1,"2022/10/20 13:10:00",GSTONE4,0
D,DISPATCH,UNIT_SCADA,1,"2022/10/20 13:10:00",GSTONE5,185.50
D,DISPATCH,UNIT_SCADA,1,"2022/10/20 13:10:00",GSTONE6,201.4250
D,DISPATCH,UNIT_SCADA,1,"2022/10/20 13:10:00",GULLRSF1,1.694970
D,DISPATCH,UNIT_SCADA,1,"2022/10/20 13:10:00",GULLRWF1,50.134240
D,DISPATCH,UNIT_SCADA,1,"2022/10/20 13:10:00",GULLRWF2,80.324460
D,DISPATCH,UNIT_SCADA,1,"2022/10/20 13:10:00",GUNNING1,0
D,DISPATCH,UNIT_SCADA,1,"2022/10/20 13:10:00",GUTHEGA,67.600010
D,DISPATCH,UNIT_SCADA,1,"2022/10/20 13:10:00",HALLWF1,8.61
D,DISPATCH,UNIT_SCADA,1,"2022/10/20 13:10:00",HALLWF2,13.11
D,DISPATCH,UNIT_SCADA,1,"2022/10/20 13:10:00",HAMISF1,23.70
D,DISPATCH,UNIT_SCADA,1,"2022/10/20 13:10:00",HAUGHT11,32.612350
D,DISPATCH,UNIT_SCADA,1,"2022/10/20 13:10:00",HAYMSF1,29.8670
D,DISPATCH,UNIT_SCADA,1,"2022/10/20 13:10:00",HDWF1,14.30
D,DISPATCH,UNIT_SCADA,1,"2022/10/20 13:10:00",HDWF2,12.30
D,DISPATCH,UNIT_SCADA,1,"2022/10/20 13:10:00",HDWF3,14.10
D,DISPATCH,UNIT_SCADA,1,"2022/10/20 13:10:00",HILLSTN1,77.905920
D,DISPATCH,UNIT_SCADA,1,"2022/10/20 13:10:00",HPRG1,18.90
D,DISPATCH,UNIT_SCADA,1,"2022/10/20 13:10:00",HPRL1,0
D,DISPATCH,UNIT_SCADA,1,"2022/10/20 13:10:00",HUMENSW,54.256810
D,DISPATCH,UNIT_SCADA,1,"2022/10/20 13:10:00",HUMEV,0
D,DISPATCH,UNIT_SCADA,1,"2022/10/20 13:10:00",HVWWBA1G,0
D,DISPATCH,UNIT_SCADA,1,"2022/10/20 13:10:00",HVWWBA1L,0.0070
D,DISPATCH,UNIT_SCADA,1,"2022/10/20 13:10:00",HVWWPV1,4.7810
D,DISPATCH,UNIT_SCADA,1,"2022/10/20 13:10:00",JBUTTERS,0
D,DISPATCH,UNIT_SCADA,1,"2022/10/20 13:10:00",JEMALNG1,3.35
D,DISPATCH,UNIT_SCADA,1,"2022/10/20 13:10:00",JLA01,0
D,DISPATCH,UNIT_SCADA,1,"2022/10/20 13:10:00",JLA02,0
D,DISPATCH,UNIT_SCADA,1,"2022/10/20 13:10:00",JLA03,0
D,DISPATCH,UNIT_SCADA,1,"2022/10/20 13:10:00",JLA04,0
D,DISPATCH,UNIT_SCADA,1,"2022/10/20 13:10:00",JLB01,0
D,DISPATCH,UNIT_SCADA,1,"2022/10/20 13:10:00",JLB02,0.10
D,DISPATCH,UNIT_SCADA,1,"2022/10/20 13:10:00",JLB03,0
D,DISPATCH,UNIT_SCADA,1,"2022/10/20 13:10:00",JUNEESF1,8.596480
D,DISPATCH,UNIT_SCADA,1,"2022/10/20 13:10:00",KABANWF1,0
D,DISPATCH,UNIT_SCADA,1,"2022/10/20 13:10:00",KAREEYA1,0
D,DISPATCH,UNIT_SCADA,1,"2022/10/20 13:10:00",KAREEYA2,0
D,DISPATCH,UNIT_SCADA,1,"2022/10/20 13:10:00",KAREEYA3,4.7375
D,DISPATCH,UNIT_SCADA,1,"2022/10/20 13:10:00",KAREEYA4,0
D,DISPATCH,UNIT_SCADA,1,"2022/10/20 13:10:00",KARSF1,69.80
D,DISPATCH,UNIT_SCADA,1,"2022/10/20 13:10:00",KEPSF1,12.18
D,DISPATCH,UNIT_SCADA,1,"2022/10/20 13:10:00",KEPWF1,9.29
D,DISPATCH,UNIT_SCADA,1,"2022/10/20 13:10:00",KIAMSF1,27.080950
D,DISPATCH,UNIT_SCADA,1,"2022/10/20 13:10:00",KIATAWF1,10.70
D,DISPATCH,UNIT_SCADA,1,"2022/10/20 13:10:00",KPP_1,0
D,DISPATCH,UNIT_SCADA,1,"2022/10/20 13:10:00",KSP1,45.59
D,DISPATCH,UNIT_SCADA,1,"2022/10/20 13:10:00",LADBROK1,0.01
D,DISPATCH,UNIT_SCADA,1,"2022/10/20 13:10:00",LADBROK2,0.02
D,DISPATCH,UNIT_SCADA,1,"2022/10/20 13:10:00",LBBG1,0
D,DISPATCH,UNIT_SCADA,1,"2022/10/20 13:10:00",LBBL1,3
D,DISPATCH,UNIT_SCADA,1,"2022/10/20 13:10:00",LD01,279.738770
D,DISPATCH,UNIT_SCADA,1,"2022/10/20 13:10:00",LD02,0
D,DISPATCH,UNIT_SCADA,1,"2022/10/20 13:10:00",LD04,279.757080
D,DISPATCH,UNIT_SCADA,1,"2022/10/20 13:10:00",LEM_WIL,78.877820
D,DISPATCH,UNIT_SCADA,1,"2022/10/20 13:10:00",LGAPWF1,39.67
D,DISPATCH,UNIT_SCADA,1,"2022/10/20 13:10:00",LGAPWF2,29.64
D,DISPATCH,UNIT_SCADA,1,"2022/10/20 13:10:00",LILYSF1,73.9246
D,DISPATCH,UNIT_SCADA,1,"2022/10/20 13:10:00",LIMOSF11,61.760130
D,DISPATCH,UNIT_SCADA,1,"2022/10/20 13:10:00",LIMOSF21,8.932540
D,DISPATCH,UNIT_SCADA,1,"2022/10/20 13:10:00",LI_WY_CA,54.772220
D,DISPATCH,UNIT_SCADA,1,"2022/10/20 13:10:00",LKBONNY1,0
D,DISPATCH,UNIT_SCADA,1,"2022/10/20 13:10:00",LKBONNY2,22.812920
D,DISPATCH,UNIT_SCADA,1,"2022/10/20 13:10:00",LKBONNY3,2.735280
D,DISPATCH,UNIT_SCADA,1,"2022/10/20 13:10:00",LK_ECHO,0
D,DISPATCH,UNIT_SCADA,1,"2022/10/20 13:10:00",LNGS1,0
D,DISPATCH,UNIT_SCADA,1,"2022/10/20 13:10:00",LNGS2,0
D,DISPATCH,UNIT_SCADA,1,"2022/10/20 13:10:00",LONSDALE,0
D,DISPATCH,UNIT_SCADA,1,"2022/10/20 13:10:00",LOYYB1,438.341770
D,DISPATCH,UNIT_SCADA,1,"2022/10/20 13:10:00",LOYYB2,439.093660
D,DISPATCH,UNIT_SCADA,1,"2022/10/20 13:10:00",LYA1,382
D,DISPATCH,UNIT_SCADA,1,"2022/10/20 13:10:00",LYA2,0
D,DISPATCH,UNIT_SCADA,1,"2022/10/20 13:10:00",LYA3,381
D,DISPATCH,UNIT_SCADA,1,"2022/10/20 13:10:00",LYA4,382
D,DISPATCH,UNIT_SCADA,1,"2022/10/20 13:10:00",MACARTH1,61.398580
D,DISPATCH,UNIT_SCADA,1,"2022/10/20 13:10:00",MACKNTSH,0
D,DISPATCH,UNIT_SCADA,1,"2022/10/20 13:10:00",MANSLR1,37.6090
D,DISPATCH,UNIT_SCADA,1,"2022/10/20 13:10:00",MAPS2PV1,0
D,DISPATCH,UNIT_SCADA,1,"2022/10/20 13:10:00",MAPS3PV1,0
D,DISPATCH,UNIT_SCADA,1,"2022/10/20 13:10:00",MARYRSF1,16.02
D,DISPATCH,UNIT_SCADA,1,"2022/10/20 13:10:00",MBPS2PV1,0
D,DISPATCH,UNIT_SCADA,1,"2022/10/20 13:10:00",MCKAY1,0.02
D,DISPATCH,UNIT_SCADA,1,"2022/10/20 13:10:00",MEADOWBK,6.201860
D,DISPATCH,UNIT_SCADA,1,"2022/10/20 13:10:00",MERCER01,35
D,DISPATCH,UNIT_SCADA,1,"2022/10/20 13:10:00",METZSF1,22.0919
D,DISPATCH,UNIT_SCADA,1,"2022/10/20 13:10:00",MEWF1,15.960060
D,DISPATCH,UNIT_SCADA,1,"2022/10/20 13:10:00",MIDDLSF1,7.63
D,DISPATCH,UNIT_SCADA,1,"2022/10/20 13:10:00",MINTARO,0.128180
D,DISPATCH,UNIT_SCADA,1,"2022/10/20 13:10:00",MOLNGSF1,14.5034
D,DISPATCH,UNIT_SCADA,1,"2022/10/20 13:10:00",MOORAWF1,71.30
D,DISPATCH,UNIT_SCADA,1,"2022/10/20 13:10:00",MOREESF1,28.12
D,DISPATCH,UNIT_SCADA,1,"2022/10/20 13:10:00",MORTLK11,0
D,DISPATCH,UNIT_SCADA,1,"2022/10/20 13:10:00",MORTLK12,0
D,DISPATCH,UNIT_SCADA,1,"2022/10/20 13:10:00",MOUSF1,0
D,DISPATCH,UNIT_SCADA,1,"2022/10/20 13:10:00",MP1,0
D,DISPATCH,UNIT_SCADA,1,"2022/10/20 13:10:00",MP2,354.851590
D,DISPATCH,UNIT_SCADA,1,"2022/10/20 13:10:00",MPP_1,163.259260
D,DISPATCH,UNIT_SCADA,1,"2022/10/20 13:10:00",MPP_2,185.980350
D,DISPATCH,UNIT_SCADA,1,"2022/10/20 13:10:00",MRTLSWF1,0
D,DISPATCH,UNIT_SCADA,1,"2022/10/20 13:10:00",MSTUART1,0
D,DISPATCH,UNIT_SCADA,1,"2022/10/20 13:10:00",MSTUART2,0
D,DISPATCH,UNIT_SCADA,1,"2022/10/20 13:10:00",MSTUART3,0
D,DISPATCH,UNIT_SCADA,1,"2022/10/20 13:10:00",MTGELWF1,47.276220
D,DISPATCH,UNIT_SCADA,1,"2022/10/20 13:10:00",MTMILLAR,10.50
D,DISPATCH,UNIT_SCADA,1,"2022/10/20 13:10:00",MURRAY,0
D,DISPATCH,UNIT_SCADA,1,"2022/10/20 13:10:00",MUSSELR1,43.40
D,DISPATCH,UNIT_SCADA,1,"2022/10/20 13:10:00",MUWAWF1,72.08
D,DISPATCH,UNIT_SCADA,1,"2022/10/20 13:10:00",MUWAWF2,28.50
D,DISPATCH,UNIT_SCADA,1,"2022/10/20 13:10:00",MWPS1PV1,2.62
D,DISPATCH,UNIT_SCADA,1,"2022/10/20 13:10:00",MWPS2PV1,1.15
D,DISPATCH,UNIT_SCADA,1,"2022/10/20 13:10:00",MWPS3PV1,1.02
D,DISPATCH,UNIT_SCADA,1,"2022/10/20 13:10:00",MWPS4PV1,1.98
D,DISPATCH,UNIT_SCADA,1,"2022/10/20 13:10:00",NBHWF1,9.10
D,DISPATCH,UNIT_SCADA,1,"2022/10/20 13:10:00",NEVERSF1,51.58
D,DISPATCH,UNIT_SCADA,1,"2022/10/20 13:10:00",NPS,0
D,DISPATCH,UNIT_SCADA,1,"2022/10/20 13:10:00",NUMURSF1,62.18
D,DISPATCH,UNIT_SCADA,1,"2022/10/20 13:10:00",NYNGAN1,28.25
D,DISPATCH,UNIT_SCADA,1,"2022/10/20 13:10:00",OAKEY1,0
D,DISPATCH,UNIT_SCADA,1,"2022/10/20 13:10:00",OAKEY1SF,12.0660
D,DISPATCH,UNIT_SCADA,1,"2022/10/20 13:10:00",OAKEY2,0
D,DISPATCH,UNIT_SCADA,1,"2022/10/20 13:10:00",OAKEY2SF,23.21
D,DISPATCH,UNIT_SCADA,1,"2022/10/20 13:10:00",OAKLAND1,5.60
D,DISPATCH,UNIT_SCADA,1,"2022/10/20 13:10:00",OSB-AG,0
D,DISPATCH,UNIT_SCADA,1,"2022/10/20 13:10:00",PAREPS1,0.0660
D,DISPATCH,UNIT_SCADA,1,"2022/10/20 13:10:00",PAREPW1,47.05
D,DISPATCH,UNIT_SCADA,1,"2022/10/20 13:10:00",PARSF1,9.199660
D,DISPATCH,UNIT_SCADA,1,"2022/10/20 13:10:00",POAT110,0
D,DISPATCH,UNIT_SCADA,1,"2022/10/20 13:10:00",POAT220,0
D,DISPATCH,UNIT_SCADA,1,"2022/10/20 13:10:00",POR01,0.008670
D,DISPATCH,UNIT_SCADA,1,"2022/10/20 13:10:00",POR03,0
D,DISPATCH,UNIT_SCADA,1,"2022/10/20 13:10:00",PPCCGT,0
D,DISPATCH,UNIT_SCADA,1,"2022/10/20 13:10:00",PTSTAN1,0
D,DISPATCH,UNIT_SCADA,1,"2022/10/20 13:10:00",PUMP1,0
D,DISPATCH,UNIT_SCADA,1,"2022/10/20 13:10:00",PUMP2,0
D,DISPATCH,UNIT_SCADA,1,"2022/10/20 13:10:00",QBYNBG1,0
D,DISPATCH,UNIT_SCADA,1,"2022/10/20 13:10:00",QBYNBL1,0.0225
D,DISPATCH,UNIT_SCADA,1,"2022/10/20 13:10:00",QPS1,0
D,DISPATCH,UNIT_SCADA,1,"2022/10/20 13:10:00",QPS2,0
D,DISPATCH,UNIT_SCADA,1,"2022/10/20 13:10:00",QPS3,0
D,DISPATCH,UNIT_SCADA,1,"2022/10/20 13:10:00",QPS4,0
D,DISPATCH,UNIT_SCADA,1,"2022/10/20 13:10:00",QPS5,72.63
D,DISPATCH,UNIT_SCADA,1,"2022/10/20 13:10:00",REECE1,0
D,DISPATCH,UNIT_SCADA,1,"2022/10/20 13:10:00",REECE2,0
D,DISPATCH,UNIT_SCADA,1,"2022/10/20 13:10:00",ROMA_7,0
D,DISPATCH,UNIT_SCADA,1,"2022/10/20 13:10:00",ROMA_8,0
D,DISPATCH,UNIT_SCADA,1,"2022/10/20 13:10:00",RRSF1,115.640140
D,DISPATCH,UNIT_SCADA,1,"2022/10/20 13:10:00",RT_NSW1,0
D,DISPATCH,UNIT_SCADA,1,"2022/10/20 13:10:00",RT_NSW2,0
D,DISPATCH,UNIT_SCADA,1,"2022/10/20 13:10:00",RT_NSW3,0
D,DISPATCH,UNIT_SCADA,1,"2022/10/20 13:10:00",RT_NSW4,0
D,DISPATCH,UNIT_SCADA,1,"2022/10/20 13:10:00",RT_NSW5,0
D,DISPATCH,UNIT_SCADA,1,"2022/10/20 13:10:00",RT_NSW6,0
D,DISPATCH,UNIT_SCADA,1,"2022/10/20 13:10:00",RT_QLD1,0
D,DISPATCH,UNIT_SCADA,1,"2022/10/20 13:10:00",RT_SA1,0
D,DISPATCH,UNIT_SCADA,1,"2022/10/20 13:10:00",RT_SA2,0
D,DISPATCH,UNIT_SCADA,1,"2022/10/20 13:10:00",RT_SA3,0
D,DISPATCH,UNIT_SCADA,1,"2022/10/20 13:10:00",RT_SA4,0
D,DISPATCH,UNIT_SCADA,1,"2022/10/20 13:10:00",RT_SA5,0
D,DISPATCH,UNIT_SCADA,1,"2022/10/20 13:10:00",RT_SA6,0
D,DISPATCH,UNIT_SCADA,1,"2022/10/20 13:10:00",RT_TAS1,0
D,DISPATCH,UNIT_SCADA,1,"2022/10/20 13:10:00",RT_VIC1,0
D,DISPATCH,UNIT_SCADA,1,"2022/10/20 13:10:00",RT_VIC10,0
D,DISPATCH,UNIT_SCADA,1,"2022/10/20 13:10:00",RT_VIC11,0
D,DISPATCH,UNIT_SCADA,1,"2022/10/20 13:10:00",RT_VIC12,0
D,DISPATCH,UNIT_SCADA,1,"2022/10/20 13:10:00",RT_VIC2,0
D,DISPATCH,UNIT_SCADA,1,"2022/10/20 13:10:00",RT_VIC3,0
D,DISPATCH,UNIT_SCADA,1,"2022/10/20 13:10:00",RT_VIC4,0
D,DISPATCH,UNIT_SCADA,1,"2022/10/20 13:10:00",RT_VIC5,0
D,DISPATCH,UNIT_SCADA,1,"2022/10/20 13:10:00",RT_VIC6,0
D,DISPATCH,UNIT_SCADA,1,"2022/10/20 13:10:00",RT_VIC7,0
D,DISPATCH,UNIT_SCADA,1,"2022/10/20 13:10:00",RT_VIC8,0
D,DISPATCH,UNIT_SCADA,1,"2022/10/20 13:10:00",RT_VIC9,0
D,DISPATCH,UNIT_SCADA,1,"2022/10/20 13:10:00",RUGBYR1,49.395710
D,DISPATCH,UNIT_SCADA,1,"2022/10/20 13:10:00",SALTCRK1,18.96
D,DISPATCH,UNIT_SCADA,1,"2022/10/20 13:10:00",SAPHWF1,0
D,DISPATCH,UNIT_SCADA,1,"2022/10/20 13:10:00",SEBSF1,29.671590
D,DISPATCH,UNIT_SCADA,1,"2022/10/20 13:10:00",SHGEN,0
D,DISPATCH,UNIT_SCADA,1,"2022/10/20 13:10:00",SHPUMP,0
D,DISPATCH,UNIT_SCADA,1,"2022/10/20 13:10:00",SITHE01,0.123710
D,DISPATCH,UNIT_SCADA,1,"2022/10/20 13:10:00",SMCSF1,50.4630
D,DISPATCH,UNIT_SCADA,1,"2022/10/20 13:10:00",SNAPPER1,0
D,DISPATCH,UNIT_SCADA,1,"2022/10/20 13:10:00",SNOWNTH1,50.50
D,DISPATCH,UNIT_SCADA,1,"2022/10/20 13:10:00",SNOWSTH1,28
D,DISPATCH,UNIT_SCADA,1,"2022/10/20 13:10:00",SNOWTWN1,40.3657
D,DISPATCH,UNIT_SCADA,1,"2022/10/20 13:10:00",SNOWYP,0
D,DISPATCH,UNIT_SCADA,1,"2022/10/20 13:10:00",SNUG1,0
D,DISPATCH,UNIT_SCADA,1,"2022/10/20 13:10:00",SRSF1,24.34
D,DISPATCH,UNIT_SCADA,1,"2022/10/20 13:10:00",STAN-1,277.800170
D,DISPATCH,UNIT_SCADA,1,"2022/10/20 13:10:00",STAN-2,358.193420
D,DISPATCH,UNIT_SCADA,1,"2022/10/20 13:10:00",STAN-3,159.4278
D,DISPATCH,UNIT_SCADA,1,"2022/10/20 13:10:00",STAN-4,362.2182
D,DISPATCH,UNIT_SCADA,1,"2022/10/20 13:10:00",STARHLWF,3.998830
D,DISPATCH,UNIT_SCADA,1,"2022/10/20 13:10:00",STOCKYD1,71.44
D,DISPATCH,UNIT_SCADA,1,"2022/10/20 13:10:00",STWF1,0
D,DISPATCH,UNIT_SCADA,1,"2022/10/20 13:10:00",SUNRSF1,20.375370
D,DISPATCH,UNIT_SCADA,1,"2022/10/20 13:10:00",SUNTPSF1,16.145880
D,DISPATCH,UNIT_SCADA,1,"2022/10/20 13:10:00",SWAN_E,191.816860
D,DISPATCH,UNIT_SCADA,1,"2022/10/20 13:10:00",TALWA1,0
D,DISPATCH,UNIT_SCADA,1,"2022/10/20 13:10:00",TARALGA1,0
D,DISPATCH,UNIT_SCADA,1,"2022/10/20 13:10:00",TARONG#1,346.50
D,DISPATCH,UNIT_SCADA,1,"2022/10/20 13:10:00",TARONG#2,345.600010
D,DISPATCH,UNIT_SCADA,1,"2022/10/20 13:10:00",TARONG#3,0.90
D,DISPATCH,UNIT_SCADA,1,"2022/10/20 13:10:00",TARONG#4,286.399990
D,DISPATCH,UNIT_SCADA,1,"2022/10/20 13:10:00",TARRALEA,54
D,DISPATCH,UNIT_SCADA,1,"2022/10/20 13:10:00",TBSF1,0.10
D,DISPATCH,UNIT_SCADA,1,"2022/10/20 13:10:00",TNPS1,319.9375
D,DISPATCH,UNIT_SCADA,1,"2022/10/20 13:10:00",TORRB1,0
D,DISPATCH,UNIT_SCADA,1,"2022/10/20 13:10:00",TORRB2,40
D,DISPATCH,UNIT_SCADA,1,"2022/10/20 13:10:00",TORRB3,0
D,DISPATCH,UNIT_SCADA,1,"2022/10/20 13:10:00",TORRB4,0
D,DISPATCH,UNIT_SCADA,1,"2022/10/20 13:10:00",TREVALLN,99.352390
D,DISPATCH,UNIT_SCADA,1,"2022/10/20 13:10:00",TRIBUTE,0
D,DISPATCH,UNIT_SCADA,1,"2022/10/20 13:10:00",TUMUT3,0
D,DISPATCH,UNIT_SCADA,1,"2022/10/20 13:10:00",TUNGATIN,6.360020
D,DISPATCH,UNIT_SCADA,1,"2022/10/20 13:10:00",TVCC201,0
D,DISPATCH,UNIT_SCADA,1,"2022/10/20 13:10:00",TVPP104,0
D,DISPATCH,UNIT_SCADA,1,"2022/10/20 13:10:00",UPPTUMUT,0
D,DISPATCH,UNIT_SCADA,1,"2022/10/20 13:10:00",URANQ11,0
D,DISPATCH,UNIT_SCADA,1,"2022/10/20 13:10:00",URANQ12,0
D,DISPATCH,UNIT_SCADA,1,"2022/10/20 13:10:00",URANQ13,0
D,DISPATCH,UNIT_SCADA,1,"2022/10/20 13:10:00",URANQ14,0
D,DISPATCH,UNIT_SCADA,1,"2022/10/20 13:10:00",VBBG1,0
D,DISPATCH,UNIT_SCADA,1,"2022/10/20 13:10:00",VBBL1,71.10
D,DISPATCH,UNIT_SCADA,1,"2022/10/20 13:10:00",VP5,548.820430
D,DISPATCH,UNIT_SCADA,1,"2022/10/20 13:10:00",VP6,546.159240
D,DISPATCH,UNIT_SCADA,1,"2022/10/20 13:10:00",VPGS1,0
D,DISPATCH,UNIT_SCADA,1,"2022/10/20 13:10:00",VPGS2,0
D,DISPATCH,UNIT_SCADA,1,"2022/10/20 13:10:00",VPGS3,0
D,DISPATCH,UNIT_SCADA,1,"2022/10/20 13:10:00",VPGS4,0
D,DISPATCH,UNIT_SCADA,1,"2022/10/20 13:10:00",VPGS5,0
D,DISPATCH,UNIT_SCADA,1,"2022/10/20 13:10:00",VPGS6,0
D,DISPATCH,UNIT_SCADA,1,"2022/10/20 13:10:00",W/HOE#1,0
D,DISPATCH,UNIT_SCADA,1,"2022/10/20 13:10:00",W/HOE#2,0
D,DISPATCH,UNIT_SCADA,1,"2022/10/20 13:10:00",WAGGNSF1,0
D,DISPATCH,UNIT_SCADA,1,"2022/10/20 13:10:00",WALGRVG1,0.000930
D,DISPATCH,UNIT_SCADA,1,"2022/10/20 13:10:00",WALGRVL1,0
D,DISPATCH,UNIT_SCADA,1,"2022/10/20 13:10:00",WANDBG1,0
D,DISPATCH,UNIT_SCADA,1,"2022/10/20 13:10:00",WANDBL1,50.000710
D,DISPATCH,UNIT_SCADA,1,"2022/10/20 13:10:00",WARWSF1,15.97
D,DISPATCH,UNIT_SCADA,1,"2022/10/20 13:10:00",WARWSF2,15.93
D,DISPATCH,UNIT_SCADA,1,"2022/10/20 13:10:00",WATERLWF,14.80
D,DISPATCH,UNIT_SCADA,1,"2022/10/20 13:10:00",WDGPH1,35.2440
D,DISPATCH,UNIT_SCADA,1,"2022/10/20 13:10:00",WELLSF1,16.849010
D,DISPATCH,UNIT_SCADA,1,"2022/10/20 13:10:00",WEMENSF1,53.40
D,DISPATCH,UNIT_SCADA,1,"2022/10/20 13:10:00",WGWF1,35.50
D,DISPATCH,UNIT_SCADA,1,"2022/10/20 13:10:00",WHITSF1,46.10
D,DISPATCH,UNIT_SCADA,1,"2022/10/20 13:10:00",WINTSF1,67.71
D,DISPATCH,UNIT_SCADA,1,"2022/10/20 13:10:00",WKIEWA1,31.90
D,DISPATCH,UNIT_SCADA,1,"2022/10/20 13:10:00",WKIEWA2,14
D,DISPATCH,UNIT_SCADA,1,"2022/10/20 13:10:00",WOODLWN1,17.046650
D,DISPATCH,UNIT_SCADA,1,"2022/10/20 13:10:00",WOOLGSF1,61.1410
D,DISPATCH,UNIT_SCADA,1,"2022/10/20 13:10:00",WPWF,32.43
D,DISPATCH,UNIT_SCADA,1,"2022/10/20 13:10:00",WRSF1,12.180550
D,DISPATCH,UNIT_SCADA,1,"2022/10/20 13:10:00",WRWF1,0
D,DISPATCH,UNIT_SCADA,1,"2022/10/20 13:10:00",WSTWYSF1,0.649470
D,DISPATCH,UNIT_SCADA,1,"2022/10/20 13:10:00",YABULU,0
D,DISPATCH,UNIT_SCADA,1,"2022/10/20 13:10:00",YABULU2,0
D,DISPATCH,UNIT_SCADA,1,"2022/10/20 13:10:00",YARANSF1,58.71
D,DISPATCH,UNIT_SCADA,1,"2022/10/20 13:10:00",YARWUN_1,160.759990
D,DISPATCH,UNIT_SCADA,1,"2022/10/20 13:10:00",YATSF1,12.92
D,DISPATCH,UNIT_SCADA,1,"2022/10/20 13:10:00",YENDWF1,44.70
D,DISPATCH,UNIT_SCADA,1,"2022/10/20 13:10:00",YWPS1,249.369610
D,DISPATCH,UNIT_SCADA,1,"2022/10/20 13:10:00",YWPS2,250.622790
D,DISPATCH,UNIT_SCADA,1,"2022/10/20 13:10:00",YWPS3,279.221530
D,DISPATCH,UNIT_SCADA,1,"2022/10/20 13:10:00",YWPS4,0
C,"END OF REPORT",419
