C,NEMP.WORLD,DISPATCHSCADA,AEMO,PUBLIC,2022/10/20,06:35:10,0000000373235066,DISPATCHSCADA,0000000373235060
I,DISPATCH,UNIT_SCADA,1,SETTLEMENTDATE,DUID,SCADAVALUE
D,DISPATCH,UNIT_SCADA,1,"2022/10/20 06:40:00",BARCSF1,4.60
D,DISPATCH,UNIT_SCADA,1,"2022/10/20 06:40:00",BUTLERSG,8.699999
D,DISPATCH,UNIT_SCADA,1,"2022/10/20 06:40:00",CAPTL_WF,41.680325
D,DISPATCH,UNIT_SCADA,1,"2022/10/20 06:40:00",CHALLHWF,17
D,DISPATCH,UNIT_SCADA,1,"2022/10/20 06:40:00",CLOVER,13.190001
D,DISPATCH,UNIT_SCADA,1,"2022/10/20 06:40:00",CLUNY,6.267338
D,DISPATCH,UNIT_SCADA,1,"2022/10/20 06:40:00",CULLRGWF,-0.04
D,DISPATCH,UNIT_SCADA,1,"2022/10/20 06:40:00",DIAPURWF1,7.30
D,DISPATCH,UNIT_SCADA,1,"2022/10/20 06:40:00",ERGT01,0
D,DISPATCH,UNIT_SCADA,1,"2022/10/20 06:40:00",GB01,0
D,DISPATCH,UNIT_SCADA,1,"2022/10/20 06:40:00",GERMCRK,23
D,DISPATCH,UNIT_SCADA,1,"2022/10/20 06:40:00",GRIFSF1,1.701381
D,DISPATCH,UNIT_SCADA,1,"2022/10/20 06:40:00",HEZ1,0
D,DISPATCH,UNIT_SCADA,1,"2022/10/20 06:40:00",HUGSF1,0.3270
D,DISPATCH,UNIT_SCADA,1,"2022/10/20 06:40:00",KEPBG1,0.01
D,DISPATCH,UNIT_SCADA,1,"2022/10/20 06:40:00",LRSF1,3.5230
D,DISPATCH,UNIT_SCADA,1,"2022/10/20 06:40:00",MBAHNTH,47.868759
D,DISPATCH,UNIT_SCADA,1,"2022/10/20 06:40:00",MLSP1,1.769001
D,DISPATCH,UNIT_SCADA,1,"2022/10/20 06:40:00",MLWF1,1.7850
D,DISPATCH,UNIT_SCADA,1,"2022/10/20 06:40:00",PALOONA,30.369999
D,DISPATCH,UNIT_SCADA,1,"2022/10/20 06:40:00",PIONEER,38.100002
D,DISPATCH,UNIT_SCADA,1,"2022/10/20 06:40:00",PORTWF,40.099998
D,DISPATCH,UNIT_SCADA,1,"2022/10/20 06:40:00",REPULSE,9.556420
D,DISPATCH,UNIT_SCADA,1,"2022/10/20 06:40:00",ROWALLAN,8.7259
D,DISPATCH,UNIT_SCADA,1,"2022/10/20 06:40:00",ROYALLA1,3.424003
D,DISPATCH,UNIT_SCADA,1,"2022/10/20 06:40:00",RPCG,-1.20
D,DISPATCH,UNIT_SCADA,1,"2022/10/20 06:40:00",RUBICON,0
D,DISPATCH,UNIT_SCADA,1,"2022/10/20 06:40:00",WAUBRAWF,74.249001
D,DISPATCH,UNIT_SCADA,1,"2022/10/20 06:40:00",WOOLNTH1,19.59
D,DISPATCH,UNIT_SCADA,1,"2022/10/20 06:40:00",YAMBUKWF,6.10
D,DISPATCH,UNIT_SCADA,1,"2022/10/20 06:40:00",YSWF1,0.80
D,DISPATCH,UNIT_SCADA,1,"2022/10/20 06:40:00",ADPBA1G,0.0080
D,DISPATCH,UNIT_SCADA,1,"2022/10/20 06:40:00",ADPBA1L,0
D,DISPATCH,UNIT_SCADA,1,"2022/10/20 06:40:00",ADPPV1,1.3290
D,DISPATCH,UNIT_SCADA,1,"2022/10/20 06:40:00",AGLHAL,0
D,DISPATCH,UNIT_SCADA,1,"2022/10/20 06:40:00",AGLSOM,0
D,DISPATCH,UNIT_SCADA,1,"2022/10/20 06:40:00",ANGAST1,0
D,DISPATCH,UNIT_SCADA,1,"2022/10/20 06:40:00",ARWF1,7.70
D,DISPATCH,UNIT_SCADA,1,"2022/10/20 06:40:00",BALBG1,0
D,DISPATCH,UNIT_SCADA,1,"2022/10/20 06:40:00",BALBL1,0
D,DISPATCH,UNIT_SCADA,1,"2022/10/20 06:40:00",BALDHWF1,0
D,DISPATCH,UNIT_SCADA,1,"2022/10/20 06:40:00",BANGOWF1,55.296250
D,DISPATCH,UNIT_SCADA,1,"2022/10/20 06:40:00",BANGOWF2,44.299610
D,DISPATCH,UNIT_SCADA,1,"2022/10/20 06:40:00",BANN1,2.69
D,DISPATCH,UNIT_SCADA,1,"2022/10/20 06:40:00",BARCALDN,0
D,DISPATCH,UNIT_SCADA,1,"2022/10/20 06:40:00",BARKIPS1,0
D,DISPATCH,UNIT_SCADA,1,"2022/10/20 06:40:00",BARRON-1,28.04
D,DISPATCH,UNIT_SCADA,1,"2022/10/20 06:40:00",BARRON-2,0
D,DISPATCH,UNIT_SCADA,1,"2022/10/20 06:40:00",BASTYAN,69.87
D,DISPATCH,UNIT_SCADA,1,"2022/10/20 06:40:00",BBTHREE1,-1.03
D,DISPATCH,UNIT_SCADA,1,"2022/10/20 06:40:00",BBTHREE2,0
D,DISPATCH,UNIT_SCADA,1,"2022/10/20 06:40:00",BBTHREE3,0
D,DISPATCH,UNIT_SCADA,1,"2022/10/20 06:40:00",BDL01,0
D,DISPATCH,UNIT_SCADA,1,"2022/10/20 06:40:00",BDL02,0
D,DISPATCH,UNIT_SCADA,1,"2022/10/20 06:40:00",BERYLSF1,2.351060
D,DISPATCH,UNIT_SCADA,1,"2022/10/20 06:40:00",BLOWERNG,62.70
D,DISPATCH,UNIT_SCADA,1,"2022/10/20 06:40:00",BLUEGSF1,4.868350
D,DISPATCH,UNIT_SCADA,1,"2022/10/20 06:40:00",BLUFF1,7.20
D,DISPATCH,UNIT_SCADA,1,"2022/10/20 06:40:00",BNGSF1,2.15
D,DISPATCH,UNIT_SCADA,1,"2022/10/20 06:40:00",BNGSF2,2.26
D,DISPATCH,UNIT_SCADA,1,"2022/10/20 06:40:00",BOCORWF1,0
D,DISPATCH,UNIT_SCADA,1,"2022/10/20 06:40:00",BODWF1,106.790440
D,DISPATCH,UNIT_SCADA,1,"2022/10/20 06:40:00",BOMENSF1,22.861070
D,DISPATCH,UNIT_SCADA,1,"2022/10/20 06:40:00",BOWWBA1G,0
D,DISPATCH,UNIT_SCADA,1,"2022/10/20 06:40:00",BOWWBA1L,0.0040
D,DISPATCH,UNIT_SCADA,1,"2022/10/20 06:40:00",BOWWPV1,0
D,DISPATCH,UNIT_SCADA,1,"2022/10/20 06:40:00",BRAEMAR1,0
D,DISPATCH,UNIT_SCADA,1,"2022/10/20 06:40:00",BRAEMAR2,0
D,DISPATCH,UNIT_SCADA,1,"2022/10/20 06:40:00",BRAEMAR3,0
D,DISPATCH,UNIT_SCADA,1,"2022/10/20 06:40:00",BRAEMAR5,0.292060
D,DISPATCH,UNIT_SCADA,1,"2022/10/20 06:40:00",BRAEMAR6,0
D,DISPATCH,UNIT_SCADA,1,"2022/10/20 06:40:00",BRAEMAR7,0.130920
D,DISPATCH,UNIT_SCADA,1,"2022/10/20 06:40:00",BROKENH1,0
D,DISPATCH,UNIT_SCADA,1,"2022/10/20 06:40:00",BRYB1WF1,97.904940
D,DISPATCH,UNIT_SCADA,1,"2022/10/20 06:40:00",BULBESG1,3.58
D,DISPATCH,UNIT_SCADA,1,"2022/10/20 06:40:00",BULBESL1,0
D,DISPATCH,UNIT_SCADA,1,"2022/10/20 06:40:00",BULGANA1,52.86
D,DISPATCH,UNIT_SCADA,1,"2022/10/20 06:40:00",BW01,659.470520
D,DISPATCH,UNIT_SCADA,1,"2022/10/20 06:40:00",BW02,619.333190
D,DISPATCH,UNIT_SCADA,1,"2022/10/20 06:40:00",BW03,551.094850
D,DISPATCH,UNIT_SCADA,1,"2022/10/20 06:40:00",BW04,0
D,DISPATCH,UNIT_SCADA,1,"2022/10/20 06:40:00",CALL_B_1,319.700010
D,DISPATCH,UNIT_SCADA,1,"2022/10/20 06:40:00",CALL_B_2,321.50
D,DISPATCH,UNIT_SCADA,1,"2022/10/20 06:40:00",CATHROCK,5.40
D,DISPATCH,UNIT_SCADA,1,"2022/10/20 06:40:00",CBWWBA1G,0
D,DISPATCH,UNIT_SCADA,1,"2022/10/20 06:40:00",CBWWBA1L,0
D,DISPATCH,UNIT_SCADA,1,"2022/10/20 06:40:00",CETHANA,98.1845
D,DISPATCH,UNIT_SCADA,1,"2022/10/20 06:40:00",CG1,0
D,DISPATCH,UNIT_SCADA,1,"2022/10/20 06:40:00",CG2,0
D,DISPATCH,UNIT_SCADA,1,"2022/10/20 06:40:00",CG3,0
D,DISPATCH,UNIT_SCADA,1,"2022/10/20 06:40:00",CG4,0
D,DISPATCH,UNIT_SCADA,1,"2022/10/20 06:40:00",CHILDSF1,4.22
D,DISPATCH,UNIT_SCADA,1,"2022/10/20 06:40:00",CHYTWF1,6.44
D,DISPATCH,UNIT_SCADA,1,"2022/10/20 06:40:00",CLARESF1,2.358780
D,DISPATCH,UNIT_SCADA,1,"2022/10/20 06:40:00",CLEMGPWF,2.521220
D,DISPATCH,UNIT_SCADA,1,"2022/10/20 06:40:00",CLERMSF1,0
D,DISPATCH,UNIT_SCADA,1,"2022/10/20 06:40:00",CNUNDAWF,17.820790
D,DISPATCH,UNIT_SCADA,1,"2022/10/20 06:40:00",COHUNSF1,2.07
D,DISPATCH,UNIT_SCADA,1,"2022/10/20 06:40:00",COLEASF1,8.099110
D,DISPATCH,UNIT_SCADA,1,"2022/10/20 06:40:00",COLUMSF1,6.0620
D,DISPATCH,UNIT_SCADA,1,"2022/10/20 06:40:00",COLWF01,83.616390
D,DISPATCH,UNIT_SCADA,1,"2022/10/20 06:40:00",COOPGWF1,368.640010
D,DISPATCH,UNIT_SCADA,1,"2022/10/20 06:40:00",CPP_3,360.25
D,DISPATCH,UNIT_SCADA,1,"2022/10/20 06:40:00",CPP_4,0
D,DISPATCH,UNIT_SCADA,1,"2022/10/20 06:40:00",CPSA,0
D,DISPATCH,UNIT_SCADA,1,"2022/10/20 06:40:00",CROOKWF2,45.953460
D,DISPATCH,UNIT_SCADA,1,"2022/10/20 06:40:00",CROWLWF1,44.013570
D,DISPATCH,UNIT_SCADA,1,"2022/10/20 06:40:00",CRURWF1,75.30
D,DISPATCH,UNIT_SCADA,1,"2022/10/20 06:40:00",CRWASF1,12.677120
D,DISPATCH,UNIT_SCADA,1,"2022/10/20 06:40:00",CSPVPS1,1.3280
D,DISPATCH,UNIT_SCADA,1,"2022/10/20 06:40:00",CTHLWF1,0.003050
D,DISPATCH,UNIT_SCADA,1,"2022/10/20 06:40:00",DALNTH01,0
D,DISPATCH,UNIT_SCADA,1,"2022/10/20 06:40:00",DALNTHL1,6.001360
D,DISPATCH,UNIT_SCADA,1,"2022/10/20 06:40:00",DARLSF1,16.835890
D,DISPATCH,UNIT_SCADA,1,"2022/10/20 06:40:00",DARTM1,0
D,DISPATCH,UNIT_SCADA,1,"2022/10/20 06:40:00",DAYDSF1,2.8510
D,DISPATCH,UNIT_SCADA,1,"2022/10/20 06:40:00",DDPS1,0
D,DISPATCH,UNIT_SCADA,1,"2022/10/20 06:40:00",DDSF1,4.507390
D,DISPATCH,UNIT_SCADA,1,"2022/10/20 06:40:00",DEVILS_G,61.010160
D,DISPATCH,UNIT_SCADA,1,"2022/10/20 06:40:00",DG_NSW1,0
D,DISPATCH,UNIT_SCADA,1,"2022/10/20 06:40:00",DG_QLD1,0
D,DISPATCH,UNIT_SCADA,1,"2022/10/20 06:40:00",DG_SA1,0
D,DISPATCH,UNIT_SCADA,1,"2022/10/20 06:40:00",DG_TAS1,0
D,DISPATCH,UNIT_SCADA,1,"2022/10/20 06:40:00",DG_VIC1,0
D,DISPATCH,UNIT_SCADA,1,"2022/10/20 06:40:00",DRYCGT1,0
D,DISPATCH,UNIT_SCADA,1,"2022/10/20 06:40:00",DRYCGT2,0
D,DISPATCH,UNIT_SCADA,1,"2022/10/20 06:40:00",DRYCGT3,0
D,DISPATCH,UNIT_SCADA,1,"2022/10/20 06:40:00",DUNDWF1,45.22
D,DISPATCH,UNIT_SCADA,1,"2022/10/20 06:40:00",DUNDWF2,11.94
D,DISPATCH,UNIT_SCADA,1,"2022/10/20 06:40:00",DUNDWF3,31.15
D,DISPATCH,UNIT_SCADA,1,"2022/10/20 06:40:00",EILDON1,60.24
D,DISPATCH,UNIT_SCADA,1,"2022/10/20 06:40:00",EILDON2,59.96
D,DISPATCH,UNIT_SCADA,1,"2022/10/20 06:40:00",ELAINWF1,24.34
D,DISPATCH,UNIT_SCADA,1,"2022/10/20 06:40:00",EMERASF1,0
D,DISPATCH,UNIT_SCADA,1,"2022/10/20 06:40:00",ER01,0
D,DISPATCH,UNIT_SCADA,1,"2022/10/20 06:40:00",ER02,676.9024
D,DISPATCH,UNIT_SCADA,1,"2022/10/20 06:40:00",ER03,674.876040
D,DISPATCH,UNIT_SCADA,1,"2022/10/20 06:40:00",ER04,686.179930
D,DISPATCH,UNIT_SCADA,1,"2022/10/20 06:40:00",FINLYSF1,52.555120
D,DISPATCH,UNIT_SCADA,1,"2022/10/20 06:40:00",FISHER,45.94
D,DISPATCH,UNIT_SCADA,1,"2022/10/20 06:40:00",GANGARR1,7.0240
D,DISPATCH,UNIT_SCADA,1,"2022/10/20 06:40:00",GANNBG1,16.281160
D,DISPATCH,UNIT_SCADA,1,"2022/10/20 06:40:00",GANNBL1,0
D,DISPATCH,UNIT_SCADA,1,"2022/10/20 06:40:00",GANNSF1,16.30
D,DISPATCH,UNIT_SCADA,1,"2022/10/20 06:40:00",GLRWNSF1,39.93
D,DISPATCH,UNIT_SCADA,1,"2022/10/20 06:40:00",GNNDHSF1,7.7219
D,DISPATCH,UNIT_SCADA,1,"2022/10/20 06:40:00",GOONSF1,1.680930
D,DISPATCH,UNIT_SCADA,1,"2022/10/20 06:40:00",GORDON,273.546230
D,DISPATCH,UNIT_SCADA,1,"2022/10/20 06:40:00",GRANWF1,17.06
D,DISPATCH,UNIT_SCADA,1,"2022/10/20 06:40:00",GSTONE1,201.774990
D,DISPATCH,UNIT_SCADA,1,"2022/10/20 06:40:00",GSTONE2,0
D,DISPATCH,UNIT_SCADA,1,"2022/10/20 06:40:00",GSTONE3,199.849990
D,DISPATCH,UNIT_SCADA,1,"2022/10/20 06:40:00",GSTONE4,0
D,DISPATCH,UNIT_SCADA,1,"2022/10/20 06:40:00",GSTONE5,202.1250
D,DISPATCH,UNIT_SCADA,1,"2022/10/20 06:40:00",GSTONE6,201.774990
D,DISPATCH,UNIT_SCADA,1,"2022/10/20 06:40:00",GULLRSF1,0
D,DISPATCH,UNIT_SCADA,1,"2022/10/20 06:40:00",GULLRWF1,79.0238
D,DISPATCH,UNIT_SCADA,1,"2022/10/20 06:40:00",GULLRWF2,106.0519
D,DISPATCH,UNIT_SCADA,1,"2022/10/20 06:40:00",GUNNING1,0
D,DISPATCH,UNIT_SCADA,1,"2022/10/20 06:40:00",GUTHEGA,67.50
D,DISPATCH,UNIT_SCADA,1,"2022/10/20 06:40:00",HALLWF1,73.78
D,DISPATCH,UNIT_SCADA,1,"2022/10/20 06:40:00",HALLWF2,52.23
D,DISPATCH,UNIT_SCADA,1,"2022/10/20 06:40:00",HAMISF1,0
D,DISPATCH,UNIT_SCADA,1,"2022/10/20 06:40:00",HAUGHT11,10.835460
D,DISPATCH,UNIT_SCADA,1,"2022/10/20 06:40:00",HAYMSF1,0
D,DISPATCH,UNIT_SCADA,1,"2022/10/20 06:40:00",HDWF1,22.40
D,DISPATCH,UNIT_SCADA,1,"2022/10/20 06:40:00",HDWF2,14.10
D,DISPATCH,UNIT_SCADA,1,"2022/10/20 06:40:00",HDWF3,17.50
D,DISPATCH,UNIT_SCADA,1,"2022/10/20 06:40:00",HILLSTN1,0.942050
D,DISPATCH,UNIT_SCADA,1,"2022/10/20 06:40:00",HPRG1,6.30
D,DISPATCH,UNIT_SCADA,1,"2022/10/20 06:40:00",HPRL1,0
D,DISPATCH,UNIT_SCADA,1,"2022/10/20 06:40:00",HUMENSW,54.665950
D,DISPATCH,UNIT_SCADA,1,"2022/10/20 06:40:00",HUMEV,0
D,DISPATCH,UNIT_SCADA,1,"2022/10/20 06:40:00",HVWWBA1G,0
D,DISPATCH,UNIT_SCADA,1,"2022/10/20 06:40:00",HVWWBA1L,0.0060
D,DISPATCH,UNIT_SCADA,1,"2022/10/20 06:40:00",HVWWPV1,0.7280
D,DISPATCH,UNIT_SCADA,1,"2022/10/20 06:40:00",JBUTTERS,0
D,DISPATCH,UNIT_SCADA,1,"2022/10/20 06:40:00",JEMALNG1,0.03
D,DISPATCH,UNIT_SCADA,1,"2022/10/20 06:40:00",JLA01,0
D,DISPATCH,UNIT_SCADA,1,"2022/10/20 06:40:00",JLA02,0
D,DISPATCH,UNIT_SCADA,1,"2022/10/20 06:40:00",JLA03,0
D,DISPATCH,UNIT_SCADA,1,"2022/10/20 06:40:00",JLA04,0
D,DISPATCH,UNIT_SCADA,1,"2022/10/20 06:40:00",JLB01,0
D,DISPATCH,UNIT_SCADA,1,"2022/10/20 06:40:00",JLB02,0.10
D,DISPATCH,UNIT_SCADA,1,"2022/10/20 06:40:00",JLB03,0
D,DISPATCH,UNIT_SCADA,1,"2022/10/20 06:40:00",JUNEESF1,5.976320
D,DISPATCH,UNIT_SCADA,1,"2022/10/20 06:40:00",KABANWF1,1.55
D,DISPATCH,UNIT_SCADA,1,"2022/10/20 06:40:00",KAREEYA1,17.9475
D,DISPATCH,UNIT_SCADA,1,"2022/10/20 06:40:00",KAREEYA2,0
D,DISPATCH,UNIT_SCADA,1,"2022/10/20 06:40:00",KAREEYA3,21.5825
D,DISPATCH,UNIT_SCADA,1,"2022/10/20 06:40:00",KAREEYA4,0
D,DISPATCH,UNIT_SCADA,1,"2022/10/20 06:40:00",KARSF1,8.50
D,DISPATCH,UNIT_SCADA,1,"2022/10/20 06:40:00",KEPSF1,0.07
D,DISPATCH,UNIT_SCADA,1,"2022/10/20 06:40:00",KEPWF1,0
D,DISPATCH,UNIT_SCADA,1,"2022/10/20 06:40:00",KIAMSF1,2.338450
D,DISPATCH,UNIT_SCADA,1,"2022/10/20 06:40:00",KIATAWF1,30.80
D,DISPATCH,UNIT_SCADA,1,"2022/10/20 06:40:00",KPP_1,0
D,DISPATCH,UNIT_SCADA,1,"2022/10/20 06:40:00",KSP1,1.35
D,DISPATCH,UNIT_SCADA,1,"2022/10/20 06:40:00",LADBROK1,0.01
D,DISPATCH,UNIT_SCADA,1,"2022/10/20 06:40:00",LADBROK2,37.96
D,DISPATCH,UNIT_SCADA,1,"2022/10/20 06:40:00",LBBG1,2.55
D,DISPATCH,UNIT_SCADA,1,"2022/10/20 06:40:00",LBBL1,0
D,DISPATCH,UNIT_SCADA,1,"2022/10/20 06:40:00",LD01,319.840090
D,DISPATCH,UNIT_SCADA,1,"2022/10/20 06:40:00",LD02,0
D,DISPATCH,UNIT_SCADA,1,"2022/10/20 06:40:00",LD04,314.365050
D,DISPATCH,UNIT_SCADA,1,"2022/10/20 06:40:00",LEM_WIL,87.022260
D,DISPATCH,UNIT_SCADA,1,"2022/10/20 06:40:00",LGAPWF1,87.33
D,DISPATCH,UNIT_SCADA,1,"2022/10/20 06:40:00",LGAPWF2,62.68
D,DISPATCH,UNIT_SCADA,1,"2022/10/20 06:40:00",LILYSF1,3.6864
D,DISPATCH,UNIT_SCADA,1,"2022/10/20 06:40:00",LIMOSF11,21.536740
D,DISPATCH,UNIT_SCADA,1,"2022/10/20 06:40:00",LIMOSF21,2.537360
D,DISPATCH,UNIT_SCADA,1,"2022/10/20 06:40:00",LI_WY_CA,77.166990
D,DISPATCH,UNIT_SCADA,1,"2022/10/20 06:40:00",LKBONNY1,0
D,DISPATCH,UNIT_SCADA,1,"2022/10/20 06:40:00",LKBONNY2,32.826450
D,DISPATCH,UNIT_SCADA,1,"2022/10/20 06:40:00",LKBONNY3,8.373310
D,DISPATCH,UNIT_SCADA,1,"2022/10/20 06:40:00",LK_ECHO,0
D,DISPATCH,UNIT_SCADA,1,"2022/10/20 06:40:00",LNGS1,0
D,DISPATCH,UNIT_SCADA,1,"2022/10/20 06:40:00",LNGS2,0
D,DISPATCH,UNIT_SCADA,1,"2022/10/20 06:40:00",LONSDALE,0
D,DISPATCH,UNIT_SCADA,1,"2022/10/20 06:40:00",LOYYB1,581.202510
D,DISPATCH,UNIT_SCADA,1,"2022/10/20 06:40:00",LOYYB2,576.315190
D,DISPATCH,UNIT_SCADA,1,"2022/10/20 06:40:00",LYA1,563
D,DISPATCH,UNIT_SCADA,1,"2022/10/20 06:40:00",LYA2,0
D,DISPATCH,UNIT_SCADA,1,"2022/10/20 06:40:00",LYA3,560
D,DISPATCH,UNIT_SCADA,1,"2022/10/20 06:40:00",LYA4,562
D,DISPATCH,UNIT_SCADA,1,"2022/10/20 06:40:00",MACARTH1,33.699220
D,DISPATCH,UNIT_SCADA,1,"2022/10/20 06:40:00",MACKNTSH,0
D,DISPATCH,UNIT_SCADA,1,"2022/10/20 06:40:00",MANSLR1,0
D,DISPATCH,UNIT_SCADA,1,"2022/10/20 06:40:00",MAPS2PV1,0
D,DISPATCH,UNIT_SCADA,1,"2022/10/20 06:40:00",MAPS3PV1,0
D,DISPATCH,UNIT_SCADA,1,"2022/10/20 06:40:00",MARYRSF1,1.81
D,DISPATCH,UNIT_SCADA,1,"2022/10/20 06:40:00",MBPS2PV1,0
D,DISPATCH,UNIT_SCADA,1,"2022/10/20 06:40:00",MCKAY1,241.609990
D,DISPATCH,UNIT_SCADA,1,"2022/10/20 06:40:00",MEADOWBK,20.1489
D,DISPATCH,UNIT_SCADA,1,"2022/10/20 06:40:00",MERCER01,21.90
D,DISPATCH,UNIT_SCADA,1,"2022/10/20 06:40:00",METZSF1,37.005840
D,DISPATCH,UNIT_SCADA,1,"2022/10/20 06:40:00",MEWF1,1.255810
D,DISPATCH,UNIT_SCADA,1,"2022/10/20 06:40:00",MIDDLSF1,2.66
D,DISPATCH,UNIT_SCADA,1,"2022/10/20 06:40:00",MINTARO,0.128180
D,DISPATCH,UNIT_SCADA,1,"2022/10/20 06:40:00",MOLNGSF1,0.631110
D,DISPATCH,UNIT_SCADA,1,"2022/10/20 06:40:00",MOORAWF1,34.60
D,DISPATCH,UNIT_SCADA,1,"2022/10/20 06:40:00",MOREESF1,7.01
D,DISPATCH,UNIT_SCADA,1,"2022/10/20 06:40:00",MORTLK11,0
D,DISPATCH,UNIT_SCADA,1,"2022/10/20 06:40:00",MORTLK12,0
D,DISPATCH,UNIT_SCADA,1,"2022/10/20 06:40:00",MOUSF1,0
D,DISPATCH,UNIT_SCADA,1,"2022/10/20 06:40:00",MP1,0
D,DISPATCH,UNIT_SCADA,1,"2022/10/20 06:40:00",MP2,555.342960
D,DISPATCH,UNIT_SCADA,1,"2022/10/20 06:40:00",MPP_1,175.054690
D,DISPATCH,UNIT_SCADA,1,"2022/10/20 06:40:00",MPP_2,0
D,DISPATCH,UNIT_SCADA,1,"2022/10/20 06:40:00",MRTLSWF1,0
D,DISPATCH,UNIT_SCADA,1,"2022/10/20 06:40:00",MSTUART1,0
D,DISPATCH,UNIT_SCADA,1,"2022/10/20 06:40:00",MSTUART2,0
D,DISPATCH,UNIT_SCADA,1,"2022/10/20 06:40:00",MSTUART3,0
D,DISPATCH,UNIT_SCADA,1,"2022/10/20 06:40:00",MTGELWF1,34.284490
D,DISPATCH,UNIT_SCADA,1,"2022/10/20 06:40:00",MTMILLAR,12.40
D,DISPATCH,UNIT_SCADA,1,"2022/10/20 06:40:00",MURRAY,3.10
D,DISPATCH,UNIT_SCADA,1,"2022/10/20 06:40:00",MUSSELR1,21.60
D,DISPATCH,UNIT_SCADA,1,"2022/10/20 06:40:00",MUWAWF1,179.94
D,DISPATCH,UNIT_SCADA,1,"2022/10/20 06:40:00",MUWAWF2,171.100010
D,DISPATCH,UNIT_SCADA,1,"2022/10/20 06:40:00",MWPS1PV1,0.12
D,DISPATCH,UNIT_SCADA,1,"2022/10/20 06:40:00",MWPS2PV1,0.15
D,DISPATCH,UNIT_SCADA,1,"2022/10/20 06:40:00",MWPS3PV1,0.01
D,DISPATCH,UNIT_SCADA,1,"2022/10/20 06:40:00",MWPS4PV1,0.05
D,DISPATCH,UNIT_SCADA,1,"2022/10/20 06:40:00",NBHWF1,102.20
D,DISPATCH,UNIT_SCADA,1,"2022/10/20 06:40:00",NEVERSF1,3.62
D,DISPATCH,UNIT_SCADA,1,"2022/10/20 06:40:00",NPS,0
D,DISPATCH,UNIT_SCADA,1,"2022/10/20 06:40:00",NUMURSF1,32.76
D,DISPATCH,UNIT_SCADA,1,"2022/10/20 06:40:00",NYNGAN1,0
D,DISPATCH,UNIT_SCADA,1,"2022/10/20 06:40:00",OAKEY1,0
D,DISPATCH,UNIT_SCADA,1,"2022/10/20 06:40:00",OAKEY1SF,0.95
D,DISPATCH,UNIT_SCADA,1,"2022/10/20 06:40:00",OAKEY2,0
D,DISPATCH,UNIT_SCADA,1,"2022/10/20 06:40:00",OAKEY2SF,1.72
D,DISPATCH,UNIT_SCADA,1,"2022/10/20 06:40:00",OAKLAND1,21.10
D,DISPATCH,UNIT_SCADA,1,"2022/10/20 06:40:00",OSB-AG,0
D,DISPATCH,UNIT_SCADA,1,"2022/10/20 06:40:00",PAREPS1,0.0660
D,DISPATCH,UNIT_SCADA,1,"2022/10/20 06:40:00",PAREPW1,90.97
D,DISPATCH,UNIT_SCADA,1,"2022/10/20 06:40:00",PARSF1,0.999470
D,DISPATCH,UNIT_SCADA,1,"2022/10/20 06:40:00",POAT110,0
D,DISPATCH,UNIT_SCADA,1,"2022/10/20 06:40:00",POAT220,0
D,DISPATCH,UNIT_SCADA,1,"2022/10/20 06:40:00",POR01,0
D,DISPATCH,UNIT_SCADA,1,"2022/10/20 06:40:00",POR03,0
D,DISPATCH,UNIT_SCADA,1,"2022/10/20 06:40:00",PPCCGT,174.894330
D,DISPATCH,UNIT_SCADA,1,"2022/10/20 06:40:00",PTSTAN1,0
D,DISPATCH,UNIT_SCADA,1,"2022/10/20 06:40:00",PUMP1,0
D,DISPATCH,UNIT_SCADA,1,"2022/10/20 06:40:00",PUMP2,0
D,DISPATCH,UNIT_SCADA,1,"2022/10/20 06:40:00",QBYNBG1,0
D,DISPATCH,UNIT_SCADA,1,"2022/10/20 06:40:00",QBYNBL1,0.0015
D,DISPATCH,UNIT_SCADA,1,"2022/10/20 06:40:00",QPS1,0
D,DISPATCH,UNIT_SCADA,1,"2022/10/20 06:40:00",QPS2,0
D,DISPATCH,UNIT_SCADA,1,"2022/10/20 06:40:00",QPS3,0
D,DISPATCH,UNIT_SCADA,1,"2022/10/20 06:40:00",QPS4,0
D,DISPATCH,UNIT_SCADA,1,"2022/10/20 06:40:00",QPS5,76.46
D,DISPATCH,UNIT_SCADA,1,"2022/10/20 06:40:00",REECE1,48.1626
D,DISPATCH,UNIT_SCADA,1,"2022/10/20 06:40:00",REECE2,47.20
D,DISPATCH,UNIT_SCADA,1,"2022/10/20 06:40:00",ROMA_7,0
D,DISPATCH,UNIT_SCADA,1,"2022/10/20 06:40:00",ROMA_8,0
D,DISPATCH,UNIT_SCADA,1,"2022/10/20 06:40:00",RRSF1,19.693290
D,DISPATCH,UNIT_SCADA,1,"2022/10/20 06:40:00",RT_NSW1,0
D,DISPATCH,UNIT_SCADA,1,"2022/10/20 06:40:00",RT_NSW2,0
D,DISPATCH,UNIT_SCADA,1,"2022/10/20 06:40:00",RT_NSW3,0
D,DISPATCH,UNIT_SCADA,1,"2022/10/20 06:40:00",RT_NSW4,0
D,DISPATCH,UNIT_SCADA,1,"2022/10/20 06:40:00",RT_NSW5,0
D,DISPATCH,UNIT_SCADA,1,"2022/10/20 06:40:00",RT_NSW6,0
D,DISPATCH,UNIT_SCADA,1,"2022/10/20 06:40:00",RT_QLD1,0
D,DISPATCH,UNIT_SCADA,1,"2022/10/20 06:40:00",RT_SA1,0
D,DISPATCH,UNIT_SCADA,1,"2022/10/20 06:40:00",RT_SA2,0
D,DISPATCH,UNIT_SCADA,1,"2022/10/20 06:40:00",RT_SA3,0
D,DISPATCH,UNIT_SCADA,1,"2022/10/20 06:40:00",RT_SA4,0
D,DISPATCH,UNIT_SCADA,1,"2022/10/20 06:40:00",RT_SA5,0
D,DISPATCH,UNIT_SCADA,1,"2022/10/20 06:40:00",RT_SA6,0
D,DISPATCH,UNIT_SCADA,1,"2022/10/20 06:40:00",RT_TAS1,0
D,DISPATCH,UNIT_SCADA,1,"2022/10/20 06:40:00",RT_VIC1,0
D,DISPATCH,UNIT_SCADA,1,"2022/10/20 06:40:00",RT_VIC10,0
D,DISPATCH,UNIT_SCADA,1,"2022/10/20 06:40:00",RT_VIC11,0
D,DISPATCH,UNIT_SCADA,1,"2022/10/20 06:40:00",RT_VIC12,0
D,DISPATCH,UNIT_SCADA,1,"2022/10/20 06:40:00",RT_VIC2,0
D,DISPATCH,UNIT_SCADA,1,"2022/10/20 06:40:00",RT_VIC3,0
D,DISPATCH,UNIT_SCADA,1,"2022/10/20 06:40:00",RT_VIC4,0
D,DISPATCH,UNIT_SCADA,1,"2022/10/20 06:40:00",RT_VIC5,0
D,DISPATCH,UNIT_SCADA,1,"2022/10/20 06:40:00",RT_VIC6,0
D,DISPATCH,UNIT_SCADA,1,"2022/10/20 06:40:00",RT_VIC7,0
D,DISPATCH,UNIT_SCADA,1,"2022/10/20 06:40:00",RT_VIC8,0
D,DISPATCH,UNIT_SCADA,1,"2022/10/20 06:40:00",RT_VIC9,0
D,DISPATCH,UNIT_SCADA,1,"2022/10/20 06:40:00",RUGBYR1,2.4361
D,DISPATCH,UNIT_SCADA,1,"2022/10/20 06:40:00",SALTCRK1,9.31
D,DISPATCH,UNIT_SCADA,1,"2022/10/20 06:40:00",SAPHWF1,155.509280
D,DISPATCH,UNIT_SCADA,1,"2022/10/20 06:40:00",SEBSF1,48.339470
D,DISPATCH,UNIT_SCADA,1,"2022/10/20 06:40:00",SHGEN,79.521510
D,DISPATCH,UNIT_SCADA,1,"2022/10/20 06:40:00",SHPUMP,0
D,DISPATCH,UNIT_SCADA,1,"2022/10/20 06:40:00",SITHE01,0.005650
D,DISPATCH,UNIT_SCADA,1,"2022/10/20 06:40:00",SMCSF1,13.4650
D,DISPATCH,UNIT_SCADA,1,"2022/10/20 06:40:00",SNAPPER1,0
D,DISPATCH,UNIT_SCADA,1,"2022/10/20 06:40:00",SNOWNTH1,140.30
D,DISPATCH,UNIT_SCADA,1,"2022/10/20 06:40:00",SNOWSTH1,121.50
D,DISPATCH,UNIT_SCADA,1,"2022/10/20 06:40:00",SNOWTWN1,76.842350
D,DISPATCH,UNIT_SCADA,1,"2022/10/20 06:40:00",SNOWYP,0
D,DISPATCH,UNIT_SCADA,1,"2022/10/20 06:40:00",SNUG1,0
D,DISPATCH,UNIT_SCADA,1,"2022/10/20 06:40:00",SRSF1,4.03
D,DISPATCH,UNIT_SCADA,1,"2022/10/20 06:40:00",STAN-1,279.530580
D,DISPATCH,UNIT_SCADA,1,"2022/10/20 06:40:00",STAN-2,364.281890
D,DISPATCH,UNIT_SCADA,1,"2022/10/20 06:40:00",STAN-3,209.660750
D,DISPATCH,UNIT_SCADA,1,"2022/10/20 06:40:00",STAN-4,364.538240
D,DISPATCH,UNIT_SCADA,1,"2022/10/20 06:40:00",STARHLWF,2.599240
D,DISPATCH,UNIT_SCADA,1,"2022/10/20 06:40:00",STOCKYD1,274.38
D,DISPATCH,UNIT_SCADA,1,"2022/10/20 06:40:00",STWF1,36.469670
D,DISPATCH,UNIT_SCADA,1,"2022/10/20 06:40:00",SUNRSF1,16.438550
D,DISPATCH,UNIT_SCADA,1,"2022/10/20 06:40:00",SUNTPSF1,13.556730
D,DISPATCH,UNIT_SCADA,1,"2022/10/20 06:40:00",SWAN_E,249.436250
D,DISPATCH,UNIT_SCADA,1,"2022/10/20 06:40:00",TALWA1,0
D,DISPATCH,UNIT_SCADA,1,"2022/10/20 06:40:00",TARALGA1,0
D,DISPATCH,UNIT_SCADA,1,"2022/10/20 06:40:00",TARONG#1,350.700010
D,DISPATCH,UNIT_SCADA,1,"2022/10/20 06:40:00",TARONG#2,349.600010
D,DISPATCH,UNIT_SCADA,1,"2022/10/20 06:40:00",TARONG#3,0.90
D,DISPATCH,UNIT_SCADA,1,"2022/10/20 06:40:00",TARONG#4,294.899990
D,DISPATCH,UNIT_SCADA,1,"2022/10/20 06:40:00",TARRALEA,54.10
D,DISPATCH,UNIT_SCADA,1,"2022/10/20 06:40:00",TBSF1,2.30
D,DISPATCH,UNIT_SCADA,1,"2022/10/20 06:40:00",TNPS1,439
D,DISPATCH,UNIT_SCADA,1,"2022/10/20 06:40:00",TORRB1,0
D,DISPATCH,UNIT_SCADA,1,"2022/10/20 06:40:00",TORRB2,42
D,DISPATCH,UNIT_SCADA,1,"2022/10/20 06:40:00",TORRB3,0
D,DISPATCH,UNIT_SCADA,1,"2022/10/20 06:40:00",TORRB4,0
D,DISPATCH,UNIT_SCADA,1,"2022/10/20 06:40:00",TREVALLN,98.755260
D,DISPATCH,UNIT_SCADA,1,"2022/10/20 06:40:00",TRIBUTE,0
D,DISPATCH,UNIT_SCADA,1,"2022/10/20 06:40:00",TUMUT3,0
D,DISPATCH,UNIT_SCADA,1,"2022/10/20 06:40:00",TUNGATIN,3.800020
D,DISPATCH,UNIT_SCADA,1,"2022/10/20 06:40:00",TVCC201,0
D,DISPATCH,UNIT_SCADA,1,"2022/10/20 06:40:00",TVPP104,56.459040
D,DISPATCH,UNIT_SCADA,1,"2022/10/20 06:40:00",UPPTUMUT,93.596910
D,DISPATCH,UNIT_SCADA,1,"2022/10/20 06:40:00",URANQ11,0
D,DISPATCH,UNIT_SCADA,1,"2022/10/20 06:40:00",URANQ12,0
D,DISPATCH,UNIT_SCADA,1,"2022/10/20 06:40:00",URANQ13,0
D,DISPATCH,UNIT_SCADA,1,"2022/10/20 06:40:00",URANQ14,0
D,DISPATCH,UNIT_SCADA,1,"2022/10/20 06:40:00",VBBG1,212.899990
D,DISPATCH,UNIT_SCADA,1,"2022/10/20 06:40:00",VBBL1,0
D,DISPATCH,UNIT_SCADA,1,"2022/10/20 06:40:00",VP5,603.0946
D,DISPATCH,UNIT_SCADA,1,"2022/10/20 06:40:00",VP6,599.1394
D,DISPATCH,UNIT_SCADA,1,"2022/10/20 06:40:00",VPGS1,0
D,DISPATCH,UNIT_SCADA,1,"2022/10/20 06:40:00",VPGS2,0
D,DISPATCH,UNIT_SCADA,1,"2022/10/20 06:40:00",VPGS3,0
D,DISPATCH,UNIT_SCADA,1,"2022/10/20 06:40:00",VPGS4,0
D,DISPATCH,UNIT_SCADA,1,"2022/10/20 06:40:00",VPGS5,0
D,DISPATCH,UNIT_SCADA,1,"2022/10/20 06:40:00",VPGS6,0
D,DISPATCH,UNIT_SCADA,1,"2022/10/20 06:40:00",W/HOE#1,0
D,DISPATCH,UNIT_SCADA,1,"2022/10/20 06:40:00",W/HOE#2,0
D,DISPATCH,UNIT_SCADA,1,"2022/10/20 06:40:00",WAGGNSF1,0
D,DISPATCH,UNIT_SCADA,1,"2022/10/20 06:40:00",WALGRVG1,4.422230
D,DISPATCH,UNIT_SCADA,1,"2022/10/20 06:40:00",WALGRVL1,0
D,DISPATCH,UNIT_SCADA,1,"2022/10/20 06:40:00",WANDBG1,0.1237
D,DISPATCH,UNIT_SCADA,1,"2022/10/20 06:40:00",WANDBL1,0
D,DISPATCH,UNIT_SCADA,1,"2022/10/20 06:40:00",WARWSF1,2.35
D,DISPATCH,UNIT_SCADA,1,"2022/10/20 06:40:00",WARWSF2,2.27
D,DISPATCH,UNIT_SCADA,1,"2022/10/20 06:40:00",WATERLWF,66.30
D,DISPATCH,UNIT_SCADA,1,"2022/10/20 06:40:00",WDGPH1,5.9620
D,DISPATCH,UNIT_SCADA,1,"2022/10/20 06:40:00",WELLSF1,14.444190
D,DISPATCH,UNIT_SCADA,1,"2022/10/20 06:40:00",WEMENSF1,2.60
D,DISPATCH,UNIT_SCADA,1,"2022/10/20 06:40:00",WGWF1,110
D,DISPATCH,UNIT_SCADA,1,"2022/10/20 06:40:00",WHITSF1,0
D,DISPATCH,UNIT_SCADA,1,"2022/10/20 06:40:00",WINTSF1,23.12
D,DISPATCH,UNIT_SCADA,1,"2022/10/20 06:40:00",WKIEWA1,34
D,DISPATCH,UNIT_SCADA,1,"2022/10/20 06:40:00",WKIEWA2,34.20
D,DISPATCH,UNIT_SCADA,1,"2022/10/20 06:40:00",WOODLWN1,29.527310
D,DISPATCH,UNIT_SCADA,1,"2022/10/20 06:40:00",WOOLGSF1,7.115010
D,DISPATCH,UNIT_SCADA,1,"2022/10/20 06:40:00",WPWF,52.12
D,DISPATCH,UNIT_SCADA,1,"2022/10/20 06:40:00",WRSF1,1.600390
D,DISPATCH,UNIT_SCADA,1,"2022/10/20 06:40:00",WRWF1,109.922940
D,DISPATCH,UNIT_SCADA,1,"2022/10/20 06:40:00",WSTWYSF1,0
D,DISPATCH,UNIT_SCADA,1,"2022/10/20 06:40:00",YABULU,0
D,DISPATCH,UNIT_SCADA,1,"2022/10/20 06:40:00",YABULU2,0
D,DISPATCH,UNIT_SCADA,1,"2022/10/20 06:40:00",YARANSF1,4.78
D,DISPATCH,UNIT_SCADA,1,"2022/10/20 06:40:00",YARWUN_1,129.50
D,DISPATCH,UNIT_SCADA,1,"2022/10/20 06:40:00",YATSF1,3.10
D,DISPATCH,UNIT_SCADA,1,"2022/10/20 06:40:00",YENDWF1,34.20
D,DISPATCH,UNIT_SCADA,1,"2022/10/20 06:40:00",YWPS1,364.911410
D,DISPATCH,UNIT_SCADA,1,"2022/10/20 06:40:00",YWPS2,291.225310
D,DISPATCH,UNIT_SCADA,1,"2022/10/20 06:40:00",YWPS3,361.082280
D,DISPATCH,UNIT_SCADA,1,"2022/10/20 06:40:00",YWPS4,0
C,"END OF REPORT",419
