C,NEMP.WORLD,DISPATCHSCADA,AEMO,PUBLIC,2022/10/20,15:00:09,0000000373262437,DISPATCHSCADA,0000000373262431
I,DISPATCH,UNIT_SCADA,1,SETTLEMENTDATE,DUID,SCADAVALUE
D,DISPATCH,UNIT_SCADA,1,"2022/10/20 15:05:00",BARCSF1,0.20
D,DISPATCH,UNIT_SCADA,1,"2022/10/20 15:05:00",BUTLERSG,8.699999
D,DISPATCH,UNIT_SCADA,1,"2022/10/20 15:05:00",CAPTL_WF,67.629944
D,DISPATCH,UNIT_SCADA,1,"2022/10/20 15:05:00",CHALLHWF,11.200001
D,DISPATCH,UNIT_SCADA,1,"2022/10/20 15:05:00",CLOVER,10.43
D,DISPATCH,UNIT_SCADA,1,"2022/10/20 15:05:00",CLUNY,6.200503
D,DISPATCH,UNIT_SCADA,1,"2022/10/20 15:05:00",CULLRGWF,-0.05
D,DISPATCH,UNIT_SCADA,1,"2022/10/20 15:05:00",DIAPURWF1,6.70
D,DISPATCH,UNIT_SCADA,1,"2022/10/20 15:05:00",ERGT01,0
D,DISPATCH,UNIT_SCADA,1,"2022/10/20 15:05:00",GB01,0
D,DISPATCH,UNIT_SCADA,1,"2022/10/20 15:05:00",GERMCRK,21.700001
D,DISPATCH,UNIT_SCADA,1,"2022/10/20 15:05:00",GRIFSF1,2.699321
D,DISPATCH,UNIT_SCADA,1,"2022/10/20 15:05:00",HEZ1,0
D,DISPATCH,UNIT_SCADA,1,"2022/10/20 15:05:00",HUGSF1,10.9630
D,DISPATCH,UNIT_SCADA,1,"2022/10/20 15:05:00",KEPBG1,0
D,DISPATCH,UNIT_SCADA,1,"2022/10/20 15:05:00",LRSF1,13.101001
D,DISPATCH,UNIT_SCADA,1,"2022/10/20 15:05:00",MBAHNTH,43.199997
D,DISPATCH,UNIT_SCADA,1,"2022/10/20 15:05:00",MLSP1,2.403001
D,DISPATCH,UNIT_SCADA,1,"2022/10/20 15:05:00",MLWF1,5.9250
D,DISPATCH,UNIT_SCADA,1,"2022/10/20 15:05:00",PALOONA,30.189999
D,DISPATCH,UNIT_SCADA,1,"2022/10/20 15:05:00",PIONEER,45.50
D,DISPATCH,UNIT_SCADA,1,"2022/10/20 15:05:00",PORTWF,46.099998
D,DISPATCH,UNIT_SCADA,1,"2022/10/20 15:05:00",REPULSE,9.447776
D,DISPATCH,UNIT_SCADA,1,"2022/10/20 15:05:00",ROWALLAN,8.8040
D,DISPATCH,UNIT_SCADA,1,"2022/10/20 15:05:00",ROYALLA1,4.321003
D,DISPATCH,UNIT_SCADA,1,"2022/10/20 15:05:00",RPCG,-1.80
D,DISPATCH,UNIT_SCADA,1,"2022/10/20 15:05:00",RUBICON,0
D,DISPATCH,UNIT_SCADA,1,"2022/10/20 15:05:00",WAUBRAWF,62.782001
D,DISPATCH,UNIT_SCADA,1,"2022/10/20 15:05:00",WOOLNTH1,98.759995
D,DISPATCH,UNIT_SCADA,1,"2022/10/20 15:05:00",YAMBUKWF,4.80
D,DISPATCH,UNIT_SCADA,1,"2022/10/20 15:05:00",YSWF1,2.80
D,DISPATCH,UNIT_SCADA,1,"2022/10/20 15:05:00",ADPBA1G,0.0080
D,DISPATCH,UNIT_SCADA,1,"2022/10/20 15:05:00",ADPBA1L,0
D,DISPATCH,UNIT_SCADA,1,"2022/10/20 15:05:00",ADPPV1,8.7760
D,DISPATCH,UNIT_SCADA,1,"2022/10/20 15:05:00",AGLHAL,0
D,DISPATCH,UNIT_SCADA,1,"2022/10/20 15:05:00",AGLSOM,0
D,DISPATCH,UNIT_SCADA,1,"2022/10/20 15:05:00",ANGAST1,0
D,DISPATCH,UNIT_SCADA,1,"2022/10/20 15:05:00",ARWF1,12.20
D,DISPATCH,UNIT_SCADA,1,"2022/10/20 15:05:00",BALBG1,0
D,DISPATCH,UNIT_SCADA,1,"2022/10/20 15:05:00",BALBL1,0
D,DISPATCH,UNIT_SCADA,1,"2022/10/20 15:05:00",BALDHWF1,88.85
D,DISPATCH,UNIT_SCADA,1,"2022/10/20 15:05:00",BANGOWF1,28.298770
D,DISPATCH,UNIT_SCADA,1,"2022/10/20 15:05:00",BANGOWF2,25
D,DISPATCH,UNIT_SCADA,1,"2022/10/20 15:05:00",BANN1,19.75
D,DISPATCH,UNIT_SCADA,1,"2022/10/20 15:05:00",BARCALDN,0
D,DISPATCH,UNIT_SCADA,1,"2022/10/20 15:05:00",BARKIPS1,0
D,DISPATCH,UNIT_SCADA,1,"2022/10/20 15:05:00",BARRON-1,24.60
D,DISPATCH,UNIT_SCADA,1,"2022/10/20 15:05:00",BARRON-2,0
D,DISPATCH,UNIT_SCADA,1,"2022/10/20 15:05:00",BASTYAN,49.74
D,DISPATCH,UNIT_SCADA,1,"2022/10/20 15:05:00",BBTHREE1,0
D,DISPATCH,UNIT_SCADA,1,"2022/10/20 15:05:00",BBTHREE2,0
D,DISPATCH,UNIT_SCADA,1,"2022/10/20 15:05:00",BBTHREE3,-1.11
D,DISPATCH,UNIT_SCADA,1,"2022/10/20 15:05:00",BDL01,0
D,DISPATCH,UNIT_SCADA,1,"2022/10/20 15:05:00",BDL02,0
D,DISPATCH,UNIT_SCADA,1,"2022/10/20 15:05:00",BERYLSF1,0.651820
D,DISPATCH,UNIT_SCADA,1,"2022/10/20 15:05:00",BLOWERNG,62.50
D,DISPATCH,UNIT_SCADA,1,"2022/10/20 15:05:00",BLUEGSF1,47.962110
D,DISPATCH,UNIT_SCADA,1,"2022/10/20 15:05:00",BLUFF1,0.70
D,DISPATCH,UNIT_SCADA,1,"2022/10/20 15:05:00",BNGSF1,24.11
D,DISPATCH,UNIT_SCADA,1,"2022/10/20 15:05:00",BNGSF2,19.89
D,DISPATCH,UNIT_SCADA,1,"2022/10/20 15:05:00",BOCORWF1,55.93
D,DISPATCH,UNIT_SCADA,1,"2022/10/20 15:05:00",BODWF1,56.2326
D,DISPATCH,UNIT_SCADA,1,"2022/10/20 15:05:00",BOMENSF1,19.850770
D,DISPATCH,UNIT_SCADA,1,"2022/10/20 15:05:00",BOWWBA1G,0
D,DISPATCH,UNIT_SCADA,1,"2022/10/20 15:05:00",BOWWBA1L,0.0010
D,DISPATCH,UNIT_SCADA,1,"2022/10/20 15:05:00",BOWWPV1,0
D,DISPATCH,UNIT_SCADA,1,"2022/10/20 15:05:00",BRAEMAR1,0
D,DISPATCH,UNIT_SCADA,1,"2022/10/20 15:05:00",BRAEMAR2,0
D,DISPATCH,UNIT_SCADA,1,"2022/10/20 15:05:00",BRAEMAR3,0
D,DISPATCH,UNIT_SCADA,1,"2022/10/20 15:05:00",BRAEMAR5,0.292060
D,DISPATCH,UNIT_SCADA,1,"2022/10/20 15:05:00",BRAEMAR6,0
D,DISPATCH,UNIT_SCADA,1,"2022/10/20 15:05:00",BRAEMAR7,137.0361
D,DISPATCH,UNIT_SCADA,1,"2022/10/20 15:05:00",BROKENH1,22.099660
D,DISPATCH,UNIT_SCADA,1,"2022/10/20 15:05:00",BRYB1WF1,75.956360
D,DISPATCH,UNIT_SCADA,1,"2022/10/20 15:05:00",BULBESG1,0
D,DISPATCH,UNIT_SCADA,1,"2022/10/20 15:05:00",BULBESL1,2.42
D,DISPATCH,UNIT_SCADA,1,"2022/10/20 15:05:00",BULGANA1,4.43
D,DISPATCH,UNIT_SCADA,1,"2022/10/20 15:05:00",BW01,654.880620
D,DISPATCH,UNIT_SCADA,1,"2022/10/20 15:05:00",BW02,614.889770
D,DISPATCH,UNIT_SCADA,1,"2022/10/20 15:05:00",BW03,570.186950
D,DISPATCH,UNIT_SCADA,1,"2022/10/20 15:05:00",BW04,0
D,DISPATCH,UNIT_SCADA,1,"2022/10/20 15:05:00",CALL_B_1,317.700010
D,DISPATCH,UNIT_SCADA,1,"2022/10/20 15:05:00",CALL_B_2,316.700010
D,DISPATCH,UNIT_SCADA,1,"2022/10/20 15:05:00",CATHROCK,6.30
D,DISPATCH,UNIT_SCADA,1,"2022/10/20 15:05:00",CBWWBA1G,0
D,DISPATCH,UNIT_SCADA,1,"2022/10/20 15:05:00",CBWWBA1L,0
D,DISPATCH,UNIT_SCADA,1,"2022/10/20 15:05:00",CETHANA,85.670620
D,DISPATCH,UNIT_SCADA,1,"2022/10/20 15:05:00",CG1,0
D,DISPATCH,UNIT_SCADA,1,"2022/10/20 15:05:00",CG2,0
D,DISPATCH,UNIT_SCADA,1,"2022/10/20 15:05:00",CG3,0
D,DISPATCH,UNIT_SCADA,1,"2022/10/20 15:05:00",CG4,0
D,DISPATCH,UNIT_SCADA,1,"2022/10/20 15:05:00",CHILDSF1,7.65
D,DISPATCH,UNIT_SCADA,1,"2022/10/20 15:05:00",CHYTWF1,9.96
D,DISPATCH,UNIT_SCADA,1,"2022/10/20 15:05:00",CLARESF1,52.299770
D,DISPATCH,UNIT_SCADA,1,"2022/10/20 15:05:00",CLEMGPWF,0
D,DISPATCH,UNIT_SCADA,1,"2022/10/20 15:05:00",CLERMSF1,24.18
D,DISPATCH,UNIT_SCADA,1,"2022/10/20 15:05:00",CNUNDAWF,8.009340
D,DISPATCH,UNIT_SCADA,1,"2022/10/20 15:05:00",COHUNSF1,8.84
D,DISPATCH,UNIT_SCADA,1,"2022/10/20 15:05:00",COLEASF1,26.199360
D,DISPATCH,UNIT_SCADA,1,"2022/10/20 15:05:00",COLUMSF1,41.5240
D,DISPATCH,UNIT_SCADA,1,"2022/10/20 15:05:00",COLWF01,91.924930
D,DISPATCH,UNIT_SCADA,1,"2022/10/20 15:05:00",COOPGWF1,274.040010
D,DISPATCH,UNIT_SCADA,1,"2022/10/20 15:05:00",CPP_3,357.225010
D,DISPATCH,UNIT_SCADA,1,"2022/10/20 15:05:00",CPP_4,0
D,DISPATCH,UNIT_SCADA,1,"2022/10/20 15:05:00",CPSA,0
D,DISPATCH,UNIT_SCADA,1,"2022/10/20 15:05:00",CROOKWF2,31.064320
D,DISPATCH,UNIT_SCADA,1,"2022/10/20 15:05:00",CROWLWF1,0
D,DISPATCH,UNIT_SCADA,1,"2022/10/20 15:05:00",CRURWF1,14.897150
D,DISPATCH,UNIT_SCADA,1,"2022/10/20 15:05:00",CRWASF1,29.769730
D,DISPATCH,UNIT_SCADA,1,"2022/10/20 15:05:00",CSPVPS1,4.8370
D,DISPATCH,UNIT_SCADA,1,"2022/10/20 15:05:00",CTHLWF1,0.003050
D,DISPATCH,UNIT_SCADA,1,"2022/10/20 15:05:00",DALNTH01,0
D,DISPATCH,UNIT_SCADA,1,"2022/10/20 15:05:00",DALNTHL1,0.071720
D,DISPATCH,UNIT_SCADA,1,"2022/10/20 15:05:00",DARLSF1,56.225770
D,DISPATCH,UNIT_SCADA,1,"2022/10/20 15:05:00",DARTM1,0
D,DISPATCH,UNIT_SCADA,1,"2022/10/20 15:05:00",DAYDSF1,24.2280
D,DISPATCH,UNIT_SCADA,1,"2022/10/20 15:05:00",DDPS1,0
D,DISPATCH,UNIT_SCADA,1,"2022/10/20 15:05:00",DDSF1,13.093890
D,DISPATCH,UNIT_SCADA,1,"2022/10/20 15:05:00",DEVILS_G,58.9642
D,DISPATCH,UNIT_SCADA,1,"2022/10/20 15:05:00",DG_NSW1,0
D,DISPATCH,UNIT_SCADA,1,"2022/10/20 15:05:00",DG_QLD1,0
D,DISPATCH,UNIT_SCADA,1,"2022/10/20 15:05:00",DG_SA1,0
D,DISPATCH,UNIT_SCADA,1,"2022/10/20 15:05:00",DG_TAS1,0
D,DISPATCH,UNIT_SCADA,1,"2022/10/20 15:05:00",DG_VIC1,0
D,DISPATCH,UNIT_SCADA,1,"2022/10/20 15:05:00",DRYCGT1,0
D,DISPATCH,UNIT_SCADA,1,"2022/10/20 15:05:00",DRYCGT2,0
D,DISPATCH,UNIT_SCADA,1,"2022/10/20 15:05:00",DRYCGT3,0
D,DISPATCH,UNIT_SCADA,1,"2022/10/20 15:05:00",DUNDWF1,63.23
D,DISPATCH,UNIT_SCADA,1,"2022/10/20 15:05:00",DUNDWF2,12.78
D,DISPATCH,UNIT_SCADA,1,"2022/10/20 15:05:00",DUNDWF3,48.71
D,DISPATCH,UNIT_SCADA,1,"2022/10/20 15:05:00",EILDON1,60.12
D,DISPATCH,UNIT_SCADA,1,"2022/10/20 15:05:00",EILDON2,60.12
D,DISPATCH,UNIT_SCADA,1,"2022/10/20 15:05:00",ELAINWF1,19.20
D,DISPATCH,UNIT_SCADA,1,"2022/10/20 15:05:00",EMERASF1,0
D,DISPATCH,UNIT_SCADA,1,"2022/10/20 15:05:00",ER01,0
D,DISPATCH,UNIT_SCADA,1,"2022/10/20 15:05:00",ER02,558.492430
D,DISPATCH,UNIT_SCADA,1,"2022/10/20 15:05:00",ER03,557.882020
D,DISPATCH,UNIT_SCADA,1,"2022/10/20 15:05:00",ER04,557.100770
D,DISPATCH,UNIT_SCADA,1,"2022/10/20 15:05:00",FINLYSF1,107.640190
D,DISPATCH,UNIT_SCADA,1,"2022/10/20 15:05:00",FISHER,44.11
D,DISPATCH,UNIT_SCADA,1,"2022/10/20 15:05:00",GANGARR1,0
D,DISPATCH,UNIT_SCADA,1,"2022/10/20 15:05:00",GANNBG1,0
D,DISPATCH,UNIT_SCADA,1,"2022/10/20 15:05:00",GANNBL1,5.655240
D,DISPATCH,UNIT_SCADA,1,"2022/10/20 15:05:00",GANNSF1,35
D,DISPATCH,UNIT_SCADA,1,"2022/10/20 15:05:00",GLRWNSF1,99.96
D,DISPATCH,UNIT_SCADA,1,"2022/10/20 15:05:00",GNNDHSF1,17.299380
D,DISPATCH,UNIT_SCADA,1,"2022/10/20 15:05:00",GOONSF1,49.960480
D,DISPATCH,UNIT_SCADA,1,"2022/10/20 15:05:00",GORDON,214.548950
D,DISPATCH,UNIT_SCADA,1,"2022/10/20 15:05:00",GRANWF1,0
D,DISPATCH,UNIT_SCADA,1,"2022/10/20 15:05:00",GSTONE1,200.724990
D,DISPATCH,UNIT_SCADA,1,"2022/10/20 15:05:00",GSTONE2,0
D,DISPATCH,UNIT_SCADA,1,"2022/10/20 15:05:00",GSTONE3,200.024990
D,DISPATCH,UNIT_SCADA,1,"2022/10/20 15:05:00",GSTONE4,0
D,DISPATCH,UNIT_SCADA,1,"2022/10/20 15:05:00",GSTONE5,186.024990
D,DISPATCH,UNIT_SCADA,1,"2022/10/20 15:05:00",GSTONE6,200.55
D,DISPATCH,UNIT_SCADA,1,"2022/10/20 15:05:00",GULLRSF1,0.824990
D,DISPATCH,UNIT_SCADA,1,"2022/10/20 15:05:00",GULLRWF1,62.494050
D,DISPATCH,UNIT_SCADA,1,"2022/10/20 15:05:00",GULLRWF2,69.336510
D,DISPATCH,UNIT_SCADA,1,"2022/10/20 15:05:00",GUNNING1,0
D,DISPATCH,UNIT_SCADA,1,"2022/10/20 15:05:00",GUTHEGA,61.10
D,DISPATCH,UNIT_SCADA,1,"2022/10/20 15:05:00",HALLWF1,0
D,DISPATCH,UNIT_SCADA,1,"2022/10/20 15:05:00",HALLWF2,0
D,DISPATCH,UNIT_SCADA,1,"2022/10/20 15:05:00",HAMISF1,7.50
D,DISPATCH,UNIT_SCADA,1,"2022/10/20 15:05:00",HAUGHT11,44.457980
D,DISPATCH,UNIT_SCADA,1,"2022/10/20 15:05:00",HAYMSF1,8.1550
D,DISPATCH,UNIT_SCADA,1,"2022/10/20 15:05:00",HDWF1,2.20
D,DISPATCH,UNIT_SCADA,1,"2022/10/20 15:05:00",HDWF2,2.30
D,DISPATCH,UNIT_SCADA,1,"2022/10/20 15:05:00",HDWF3,3
D,DISPATCH,UNIT_SCADA,1,"2022/10/20 15:05:00",HILLSTN1,25.709570
D,DISPATCH,UNIT_SCADA,1,"2022/10/20 15:05:00",HPRG1,0
D,DISPATCH,UNIT_SCADA,1,"2022/10/20 15:05:00",HPRL1,3.90
D,DISPATCH,UNIT_SCADA,1,"2022/10/20 15:05:00",HUMENSW,54.785920
D,DISPATCH,UNIT_SCADA,1,"2022/10/20 15:05:00",HUMEV,0
D,DISPATCH,UNIT_SCADA,1,"2022/10/20 15:05:00",HVWWBA1G,0
D,DISPATCH,UNIT_SCADA,1,"2022/10/20 15:05:00",HVWWBA1L,0.0070
D,DISPATCH,UNIT_SCADA,1,"2022/10/20 15:05:00",HVWWPV1,4.5360
D,DISPATCH,UNIT_SCADA,1,"2022/10/20 15:05:00",JBUTTERS,0
D,DISPATCH,UNIT_SCADA,1,"2022/10/20 15:05:00",JEMALNG1,33.63
D,DISPATCH,UNIT_SCADA,1,"2022/10/20 15:05:00",JLA01,0
D,DISPATCH,UNIT_SCADA,1,"2022/10/20 15:05:00",JLA02,0
D,DISPATCH,UNIT_SCADA,1,"2022/10/20 15:05:00",JLA03,0
D,DISPATCH,UNIT_SCADA,1,"2022/10/20 15:05:00",JLA04,0
D,DISPATCH,UNIT_SCADA,1,"2022/10/20 15:05:00",JLB01,0
D,DISPATCH,UNIT_SCADA,1,"2022/10/20 15:05:00",JLB02,0.10
D,DISPATCH,UNIT_SCADA,1,"2022/10/20 15:05:00",JLB03,0
D,DISPATCH,UNIT_SCADA,1,"2022/10/20 15:05:00",JUNEESF1,8.890370
D,DISPATCH,UNIT_SCADA,1,"2022/10/20 15:05:00",KABANWF1,1.8920
D,DISPATCH,UNIT_SCADA,1,"2022/10/20 15:05:00",KAREEYA1,0
D,DISPATCH,UNIT_SCADA,1,"2022/10/20 15:05:00",KAREEYA2,0
D,DISPATCH,UNIT_SCADA,1,"2022/10/20 15:05:00",KAREEYA3,4.7325
D,DISPATCH,UNIT_SCADA,1,"2022/10/20 15:05:00",KAREEYA4,0
D,DISPATCH,UNIT_SCADA,1,"2022/10/20 15:05:00",KARSF1,58.60
D,DISPATCH,UNIT_SCADA,1,"2022/10/20 15:05:00",KEPSF1,10.77
D,DISPATCH,UNIT_SCADA,1,"2022/10/20 15:05:00",KEPWF1,14.49
D,DISPATCH,UNIT_SCADA,1,"2022/10/20 15:05:00",KIAMSF1,25.104910
D,DISPATCH,UNIT_SCADA,1,"2022/10/20 15:05:00",KIATAWF1,10.80
D,DISPATCH,UNIT_SCADA,1,"2022/10/20 15:05:00",KPP_1,0
D,DISPATCH,UNIT_SCADA,1,"2022/10/20 15:05:00",KSP1,22.59
D,DISPATCH,UNIT_SCADA,1,"2022/10/20 15:05:00",LADBROK1,0.01
D,DISPATCH,UNIT_SCADA,1,"2022/10/20 15:05:00",LADBROK2,0.02
D,DISPATCH,UNIT_SCADA,1,"2022/10/20 15:05:00",LBBG1,0
D,DISPATCH,UNIT_SCADA,1,"2022/10/20 15:05:00",LBBL1,0.30
D,DISPATCH,UNIT_SCADA,1,"2022/10/20 15:05:00",LD01,275.435640
D,DISPATCH,UNIT_SCADA,1,"2022/10/20 15:05:00",LD02,32.026120
D,DISPATCH,UNIT_SCADA,1,"2022/10/20 15:05:00",LD04,276.406130
D,DISPATCH,UNIT_SCADA,1,"2022/10/20 15:05:00",LEM_WIL,78.907840
D,DISPATCH,UNIT_SCADA,1,"2022/10/20 15:05:00",LGAPWF1,54.27
D,DISPATCH,UNIT_SCADA,1,"2022/10/20 15:05:00",LGAPWF2,32.93
D,DISPATCH,UNIT_SCADA,1,"2022/10/20 15:05:00",LILYSF1,62.390270
D,DISPATCH,UNIT_SCADA,1,"2022/10/20 15:05:00",LIMOSF11,107.099560
D,DISPATCH,UNIT_SCADA,1,"2022/10/20 15:05:00",LIMOSF21,21.014880
D,DISPATCH,UNIT_SCADA,1,"2022/10/20 15:05:00",LI_WY_CA,62.488580
D,DISPATCH,UNIT_SCADA,1,"2022/10/20 15:05:00",LKBONNY1,0
D,DISPATCH,UNIT_SCADA,1,"2022/10/20 15:05:00",LKBONNY2,9.991370
D,DISPATCH,UNIT_SCADA,1,"2022/10/20 15:05:00",LKBONNY3,2.846930
D,DISPATCH,UNIT_SCADA,1,"2022/10/20 15:05:00",LK_ECHO,0
D,DISPATCH,UNIT_SCADA,1,"2022/10/20 15:05:00",LNGS1,0
D,DISPATCH,UNIT_SCADA,1,"2022/10/20 15:05:00",LNGS2,0
D,DISPATCH,UNIT_SCADA,1,"2022/10/20 15:05:00",LONSDALE,0
D,DISPATCH,UNIT_SCADA,1,"2022/10/20 15:05:00",LOYYB1,430.070890
D,DISPATCH,UNIT_SCADA,1,"2022/10/20 15:05:00",LOYYB2,430.070890
D,DISPATCH,UNIT_SCADA,1,"2022/10/20 15:05:00",LYA1,449
D,DISPATCH,UNIT_SCADA,1,"2022/10/20 15:05:00",LYA2,0
D,DISPATCH,UNIT_SCADA,1,"2022/10/20 15:05:00",LYA3,470
D,DISPATCH,UNIT_SCADA,1,"2022/10/20 15:05:00",LYA4,469
D,DISPATCH,UNIT_SCADA,1,"2022/10/20 15:05:00",MACARTH1,42.999010
D,DISPATCH,UNIT_SCADA,1,"2022/10/20 15:05:00",MACKNTSH,0
D,DISPATCH,UNIT_SCADA,1,"2022/10/20 15:05:00",MANSLR1,7.6230
D,DISPATCH,UNIT_SCADA,1,"2022/10/20 15:05:00",MAPS2PV1,0
D,DISPATCH,UNIT_SCADA,1,"2022/10/20 15:05:00",MAPS3PV1,0
D,DISPATCH,UNIT_SCADA,1,"2022/10/20 15:05:00",MARYRSF1,6.05
D,DISPATCH,UNIT_SCADA,1,"2022/10/20 15:05:00",MBPS2PV1,0
D,DISPATCH,UNIT_SCADA,1,"2022/10/20 15:05:00",MCKAY1,0.02
D,DISPATCH,UNIT_SCADA,1,"2022/10/20 15:05:00",MEADOWBK,5.830320
D,DISPATCH,UNIT_SCADA,1,"2022/10/20 15:05:00",MERCER01,23.20
D,DISPATCH,UNIT_SCADA,1,"2022/10/20 15:05:00",METZSF1,68.197180
D,DISPATCH,UNIT_SCADA,1,"2022/10/20 15:05:00",MEWF1,23.354370
D,DISPATCH,UNIT_SCADA,1,"2022/10/20 15:05:00",MIDDLSF1,26.05
D,DISPATCH,UNIT_SCADA,1,"2022/10/20 15:05:00",MINTARO,0.128180
D,DISPATCH,UNIT_SCADA,1,"2022/10/20 15:05:00",MOLNGSF1,8.370490
D,DISPATCH,UNIT_SCADA,1,"2022/10/20 15:05:00",MOORAWF1,36.48
D,DISPATCH,UNIT_SCADA,1,"2022/10/20 15:05:00",MOREESF1,21.87
D,DISPATCH,UNIT_SCADA,1,"2022/10/20 15:05:00",MORTLK11,0
D,DISPATCH,UNIT_SCADA,1,"2022/10/20 15:05:00",MORTLK12,0
D,DISPATCH,UNIT_SCADA,1,"2022/10/20 15:05:00",MOUSF1,0
D,DISPATCH,UNIT_SCADA,1,"2022/10/20 15:05:00",MP1,0
D,DISPATCH,UNIT_SCADA,1,"2022/10/20 15:05:00",MP2,442.841220
D,DISPATCH,UNIT_SCADA,1,"2022/10/20 15:05:00",MPP_1,151.265440
D,DISPATCH,UNIT_SCADA,1,"2022/10/20 15:05:00",MPP_2,186.789090
D,DISPATCH,UNIT_SCADA,1,"2022/10/20 15:05:00",MRTLSWF1,0
D,DISPATCH,UNIT_SCADA,1,"2022/10/20 15:05:00",MSTUART1,0
D,DISPATCH,UNIT_SCADA,1,"2022/10/20 15:05:00",MSTUART2,0
D,DISPATCH,UNIT_SCADA,1,"2022/10/20 15:05:00",MSTUART3,0
D,DISPATCH,UNIT_SCADA,1,"2022/10/20 15:05:00",MTGELWF1,39.849540
D,DISPATCH,UNIT_SCADA,1,"2022/10/20 15:05:00",MTMILLAR,12.40
D,DISPATCH,UNIT_SCADA,1,"2022/10/20 15:05:00",MURRAY,0
D,DISPATCH,UNIT_SCADA,1,"2022/10/20 15:05:00",MUSSELR1,4.30
D,DISPATCH,UNIT_SCADA,1,"2022/10/20 15:05:00",MUWAWF1,65.92
D,DISPATCH,UNIT_SCADA,1,"2022/10/20 15:05:00",MUWAWF2,36.80
D,DISPATCH,UNIT_SCADA,1,"2022/10/20 15:05:00",MWPS1PV1,1.75
D,DISPATCH,UNIT_SCADA,1,"2022/10/20 15:05:00",MWPS2PV1,2.85
D,DISPATCH,UNIT_SCADA,1,"2022/10/20 15:05:00",MWPS3PV1,0.55
D,DISPATCH,UNIT_SCADA,1,"2022/10/20 15:05:00",MWPS4PV1,1.24
D,DISPATCH,UNIT_SCADA,1,"2022/10/20 15:05:00",NBHWF1,0
D,DISPATCH,UNIT_SCADA,1,"2022/10/20 15:05:00",NEVERSF1,8.36
D,DISPATCH,UNIT_SCADA,1,"2022/10/20 15:05:00",NPS,0
D,DISPATCH,UNIT_SCADA,1,"2022/10/20 15:05:00",NUMURSF1,50.26
D,DISPATCH,UNIT_SCADA,1,"2022/10/20 15:05:00",NYNGAN1,2.25
D,DISPATCH,UNIT_SCADA,1,"2022/10/20 15:05:00",OAKEY1,0
D,DISPATCH,UNIT_SCADA,1,"2022/10/20 15:05:00",OAKEY1SF,7.8070
D,DISPATCH,UNIT_SCADA,1,"2022/10/20 15:05:00",OAKEY2,0
D,DISPATCH,UNIT_SCADA,1,"2022/10/20 15:05:00",OAKEY2SF,12.97
D,DISPATCH,UNIT_SCADA,1,"2022/10/20 15:05:00",OAKLAND1,13.80
D,DISPATCH,UNIT_SCADA,1,"2022/10/20 15:05:00",OSB-AG,16.75
D,DISPATCH,UNIT_SCADA,1,"2022/10/20 15:05:00",PAREPS1,0
D,DISPATCH,UNIT_SCADA,1,"2022/10/20 15:05:00",PAREPW1,47.48
D,DISPATCH,UNIT_SCADA,1,"2022/10/20 15:05:00",PARSF1,40.099180
D,DISPATCH,UNIT_SCADA,1,"2022/10/20 15:05:00",POAT110,0
D,DISPATCH,UNIT_SCADA,1,"2022/10/20 15:05:00",POAT220,0
D,DISPATCH,UNIT_SCADA,1,"2022/10/20 15:05:00",POR01,0
D,DISPATCH,UNIT_SCADA,1,"2022/10/20 15:05:00",POR03,0
D,DISPATCH,UNIT_SCADA,1,"2022/10/20 15:05:00",PPCCGT,162.143360
D,DISPATCH,UNIT_SCADA,1,"2022/10/20 15:05:00",PTSTAN1,0
D,DISPATCH,UNIT_SCADA,1,"2022/10/20 15:05:00",PUMP1,0
D,DISPATCH,UNIT_SCADA,1,"2022/10/20 15:05:00",PUMP2,0
D,DISPATCH,UNIT_SCADA,1,"2022/10/20 15:05:00",QBYNBG1,0
D,DISPATCH,UNIT_SCADA,1,"2022/10/20 15:05:00",QBYNBL1,0.741490
D,DISPATCH,UNIT_SCADA,1,"2022/10/20 15:05:00",QPS1,0
D,DISPATCH,UNIT_SCADA,1,"2022/10/20 15:05:00",QPS2,0
D,DISPATCH,UNIT_SCADA,1,"2022/10/20 15:05:00",QPS3,0
D,DISPATCH,UNIT_SCADA,1,"2022/10/20 15:05:00",QPS4,0
D,DISPATCH,UNIT_SCADA,1,"2022/10/20 15:05:00",QPS5,73.04
D,DISPATCH,UNIT_SCADA,1,"2022/10/20 15:05:00",REECE1,0
D,DISPATCH,UNIT_SCADA,1,"2022/10/20 15:05:00",REECE2,0
D,DISPATCH,UNIT_SCADA,1,"2022/10/20 15:05:00",ROMA_7,0
D,DISPATCH,UNIT_SCADA,1,"2022/10/20 15:05:00",ROMA_8,0
D,DISPATCH,UNIT_SCADA,1,"2022/10/20 15:05:00",RRSF1,2.954470
D,DISPATCH,UNIT_SCADA,1,"2022/10/20 15:05:00",RT_NSW1,0
D,DISPATCH,UNIT_SCADA,1,"2022/10/20 15:05:00",RT_NSW2,0
D,DISPATCH,UNIT_SCADA,1,"2022/10/20 15:05:00",RT_NSW3,0
D,DISPATCH,UNIT_SCADA,1,"2022/10/20 15:05:00",RT_NSW4,0
D,DISPATCH,UNIT_SCADA,1,"2022/10/20 15:05:00",RT_NSW5,0
D,DISPATCH,UNIT_SCADA,1,"2022/10/20 15:05:00",RT_NSW6,0
D,DISPATCH,UNIT_SCADA,1,"2022/10/20 15:05:00",RT_QLD1,0
D,DISPATCH,UNIT_SCADA,1,"2022/10/20 15:05:00",RT_SA1,0
D,DISPATCH,UNIT_SCADA,1,"2022/10/20 15:05:00",RT_SA2,0
D,DISPATCH,UNIT_SCADA,1,"2022/10/20 15:05:00",RT_SA3,0
D,DISPATCH,UNIT_SCADA,1,"2022/10/20 15:05:00",RT_SA4,0
D,DISPATCH,UNIT_SCADA,1,"2022/10/20 15:05:00",RT_SA5,0
D,DISPATCH,UNIT_SCADA,1,"2022/10/20 15:05:00",RT_SA6,0
D,DISPATCH,UNIT_SCADA,1,"2022/10/20 15:05:00",RT_TAS1,0
D,DISPATCH,UNIT_SCADA,1,"2022/10/20 15:05:00",RT_VIC1,0
D,DISPATCH,UNIT_SCADA,1,"2022/10/20 15:05:00",RT_VIC10,0
D,DISPATCH,UNIT_SCADA,1,"2022/10/20 15:05:00",RT_VIC11,0
D,DISPATCH,UNIT_SCADA,1,"2022/10/20 15:05:00",RT_VIC12,0
D,DISPATCH,UNIT_SCADA,1,"2022/10/20 15:05:00",RT_VIC2,0
D,DISPATCH,UNIT_SCADA,1,"2022/10/20 15:05:00",RT_VIC3,0
D,DISPATCH,UNIT_SCADA,1,"2022/10/20 15:05:00",RT_VIC4,0
D,DISPATCH,UNIT_SCADA,1,"2022/10/20 15:05:00",RT_VIC5,0
D,DISPATCH,UNIT_SCADA,1,"2022/10/20 15:05:00",RT_VIC6,0
D,DISPATCH,UNIT_SCADA,1,"2022/10/20 15:05:00",RT_VIC7,0
D,DISPATCH,UNIT_SCADA,1,"2022/10/20 15:05:00",RT_VIC8,0
D,DISPATCH,UNIT_SCADA,1,"2022/10/20 15:05:00",RT_VIC9,0
D,DISPATCH,UNIT_SCADA,1,"2022/10/20 15:05:00",RUGBYR1,0.036150
D,DISPATCH,UNIT_SCADA,1,"2022/10/20 15:05:00",SALTCRK1,15.34
D,DISPATCH,UNIT_SCADA,1,"2022/10/20 15:05:00",SAPHWF1,13.270770
D,DISPATCH,UNIT_SCADA,1,"2022/10/20 15:05:00",SEBSF1,12.713420
D,DISPATCH,UNIT_SCADA,1,"2022/10/20 15:05:00",SHGEN,0
D,DISPATCH,UNIT_SCADA,1,"2022/10/20 15:05:00",SHPUMP,0
D,DISPATCH,UNIT_SCADA,1,"2022/10/20 15:05:00",SITHE01,0.005650
D,DISPATCH,UNIT_SCADA,1,"2022/10/20 15:05:00",SMCSF1,9.7730
D,DISPATCH,UNIT_SCADA,1,"2022/10/20 15:05:00",SNAPPER1,0
D,DISPATCH,UNIT_SCADA,1,"2022/10/20 15:05:00",SNOWNTH1,32.50
D,DISPATCH,UNIT_SCADA,1,"2022/10/20 15:05:00",SNOWSTH1,13.30
D,DISPATCH,UNIT_SCADA,1,"2022/10/20 15:05:00",SNOWTWN1,18.239480
D,DISPATCH,UNIT_SCADA,1,"2022/10/20 15:05:00",SNOWYP,0
D,DISPATCH,UNIT_SCADA,1,"2022/10/20 15:05:00",SNUG1,0
D,DISPATCH,UNIT_SCADA,1,"2022/10/20 15:05:00",SRSF1,7.10
D,DISPATCH,UNIT_SCADA,1,"2022/10/20 15:05:00",STAN-1,337.633670
D,DISPATCH,UNIT_SCADA,1,"2022/10/20 15:05:00",STAN-2,360.564730
D,DISPATCH,UNIT_SCADA,1,"2022/10/20 15:05:00",STAN-3,158.287020
D,DISPATCH,UNIT_SCADA,1,"2022/10/20 15:05:00",STAN-4,348.182710
D,DISPATCH,UNIT_SCADA,1,"2022/10/20 15:05:00",STARHLWF,12.796270
D,DISPATCH,UNIT_SCADA,1,"2022/10/20 15:05:00",STOCKYD1,168.48
D,DISPATCH,UNIT_SCADA,1,"2022/10/20 15:05:00",STWF1,0
D,DISPATCH,UNIT_SCADA,1,"2022/10/20 15:05:00",SUNRSF1,73.028150
D,DISPATCH,UNIT_SCADA,1,"2022/10/20 15:05:00",SUNTPSF1,44.9427
D,DISPATCH,UNIT_SCADA,1,"2022/10/20 15:05:00",SWAN_E,190.221880
D,DISPATCH,UNIT_SCADA,1,"2022/10/20 15:05:00",TALWA1,0
D,DISPATCH,UNIT_SCADA,1,"2022/10/20 15:05:00",TARALGA1,0
D,DISPATCH,UNIT_SCADA,1,"2022/10/20 15:05:00",TARONG#1,343.200010
D,DISPATCH,UNIT_SCADA,1,"2022/10/20 15:05:00",TARONG#2,343.200010
D,DISPATCH,UNIT_SCADA,1,"2022/10/20 15:05:00",TARONG#3,0.90
D,DISPATCH,UNIT_SCADA,1,"2022/10/20 15:05:00",TARONG#4,283.800020
D,DISPATCH,UNIT_SCADA,1,"2022/10/20 15:05:00",TARRALEA,54
D,DISPATCH,UNIT_SCADA,1,"2022/10/20 15:05:00",TBSF1,0.10
D,DISPATCH,UNIT_SCADA,1,"2022/10/20 15:05:00",TNPS1,317.50
D,DISPATCH,UNIT_SCADA,1,"2022/10/20 15:05:00",TORRB1,0
D,DISPATCH,UNIT_SCADA,1,"2022/10/20 15:05:00",TORRB2,40
D,DISPATCH,UNIT_SCADA,1,"2022/10/20 15:05:00",TORRB3,0
D,DISPATCH,UNIT_SCADA,1,"2022/10/20 15:05:00",TORRB4,0
D,DISPATCH,UNIT_SCADA,1,"2022/10/20 15:05:00",TREVALLN,100.563740
D,DISPATCH,UNIT_SCADA,1,"2022/10/20 15:05:00",TRIBUTE,0
D,DISPATCH,UNIT_SCADA,1,"2022/10/20 15:05:00",TUMUT3,0
D,DISPATCH,UNIT_SCADA,1,"2022/10/20 15:05:00",TUNGATIN,5.140020
D,DISPATCH,UNIT_SCADA,1,"2022/10/20 15:05:00",TVCC201,0
D,DISPATCH,UNIT_SCADA,1,"2022/10/20 15:05:00",TVPP104,0
D,DISPATCH,UNIT_SCADA,1,"2022/10/20 15:05:00",UPPTUMUT,0
D,DISPATCH,UNIT_SCADA,1,"2022/10/20 15:05:00",URANQ11,0
D,DISPATCH,UNIT_SCADA,1,"2022/10/20 15:05:00",URANQ12,0
D,DISPATCH,UNIT_SCADA,1,"2022/10/20 15:05:00",URANQ13,0
D,DISPATCH,UNIT_SCADA,1,"2022/10/20 15:05:00",URANQ14,0
D,DISPATCH,UNIT_SCADA,1,"2022/10/20 15:05:00",VBBG1,0
D,DISPATCH,UNIT_SCADA,1,"2022/10/20 15:05:00",VBBL1,15.80
D,DISPATCH,UNIT_SCADA,1,"2022/10/20 15:05:00",VP5,548.283330
D,DISPATCH,UNIT_SCADA,1,"2022/10/20 15:05:00",VP6,598.797550
D,DISPATCH,UNIT_SCADA,1,"2022/10/20 15:05:00",VPGS1,0
D,DISPATCH,UNIT_SCADA,1,"2022/10/20 15:05:00",VPGS2,0
D,DISPATCH,UNIT_SCADA,1,"2022/10/20 15:05:00",VPGS3,0
D,DISPATCH,UNIT_SCADA,1,"2022/10/20 15:05:00",VPGS4,0
D,DISPATCH,UNIT_SCADA,1,"2022/10/20 15:05:00",VPGS5,0
D,DISPATCH,UNIT_SCADA,1,"2022/10/20 15:05:00",VPGS6,0
D,DISPATCH,UNIT_SCADA,1,"2022/10/20 15:05:00",W/HOE#1,0
D,DISPATCH,UNIT_SCADA,1,"2022/10/20 15:05:00",W/HOE#2,0
D,DISPATCH,UNIT_SCADA,1,"2022/10/20 15:05:00",WAGGNSF1,0
D,DISPATCH,UNIT_SCADA,1,"2022/10/20 15:05:00",WALGRVG1,0.000930
D,DISPATCH,UNIT_SCADA,1,"2022/10/20 15:05:00",WALGRVL1,0
D,DISPATCH,UNIT_SCADA,1,"2022/10/20 15:05:00",WANDBG1,0
D,DISPATCH,UNIT_SCADA,1,"2022/10/20 15:05:00",WANDBL1,-0.141490
D,DISPATCH,UNIT_SCADA,1,"2022/10/20 15:05:00",WARWSF1,4.50
D,DISPATCH,UNIT_SCADA,1,"2022/10/20 15:05:00",WARWSF2,4.02
D,DISPATCH,UNIT_SCADA,1,"2022/10/20 15:05:00",WATERLWF,4.40
D,DISPATCH,UNIT_SCADA,1,"2022/10/20 15:05:00",WDGPH1,45.3090
D,DISPATCH,UNIT_SCADA,1,"2022/10/20 15:05:00",WELLSF1,14.7982
D,DISPATCH,UNIT_SCADA,1,"2022/10/20 15:05:00",WEMENSF1,7.60
D,DISPATCH,UNIT_SCADA,1,"2022/10/20 15:05:00",WGWF1,1
D,DISPATCH,UNIT_SCADA,1,"2022/10/20 15:05:00",WHITSF1,8.80
D,DISPATCH,UNIT_SCADA,1,"2022/10/20 15:05:00",WINTSF1,85.05
D,DISPATCH,UNIT_SCADA,1,"2022/10/20 15:05:00",WKIEWA1,31.70
D,DISPATCH,UNIT_SCADA,1,"2022/10/20 15:05:00",WKIEWA2,13.90
D,DISPATCH,UNIT_SCADA,1,"2022/10/20 15:05:00",WOODLWN1,20.984210
D,DISPATCH,UNIT_SCADA,1,"2022/10/20 15:05:00",WOOLGSF1,5.297920
D,DISPATCH,UNIT_SCADA,1,"2022/10/20 15:05:00",WPWF,39.91
D,DISPATCH,UNIT_SCADA,1,"2022/10/20 15:05:00",WRSF1,8.220470
D,DISPATCH,UNIT_SCADA,1,"2022/10/20 15:05:00",WRWF1,6.7866
D,DISPATCH,UNIT_SCADA,1,"2022/10/20 15:05:00",WSTWYSF1,1.125060
D,DISPATCH,UNIT_SCADA,1,"2022/10/20 15:05:00",YABULU,0
D,DISPATCH,UNIT_SCADA,1,"2022/10/20 15:05:00",YABULU2,0
D,DISPATCH,UNIT_SCADA,1,"2022/10/20 15:05:00",YARANSF1,21.31
D,DISPATCH,UNIT_SCADA,1,"2022/10/20 15:05:00",YARWUN_1,161.06
D,DISPATCH,UNIT_SCADA,1,"2022/10/20 15:05:00",YATSF1,64.28
D,DISPATCH,UNIT_SCADA,1,"2022/10/20 15:05:00",YENDWF1,29.50
D,DISPATCH,UNIT_SCADA,1,"2022/10/20 15:05:00",YWPS1,311.777220
D,DISPATCH,UNIT_SCADA,1,"2022/10/20 15:05:00",YWPS2,287.465820
D,DISPATCH,UNIT_SCADA,1,"2022/10/20 15:05:00",YWPS3,301.521510
D,DISPATCH,UNIT_SCADA,1,"2022/10/20 15:05:00",YWPS4,0
C,"END OF REPORT",419
