C,NEMP.WORLD,DISPATCHSCADA,AEMO,PUBLIC,2022/10/20,19:35:10,0000000373276651,DISPATCHSCADA,0000000373276645
I,DISPATCH,UNIT_SCADA,1,SETTLEMENTDATE,DUID,SCADAVALUE
D,DISPATCH,UNIT_SCADA,1,"2022/10/20 19:40:00",BARCSF1,0.10
D,DISPATCH,UNIT_SCADA,1,"2022/10/20 19:40:00",BUTLERSG,8.699999
D,DISPATCH,UNIT_SCADA,1,"2022/10/20 19:40:00",CAPTL_WF,100.595291
D,DISPATCH,UNIT_SCADA,1,"2022/10/20 19:40:00",CHALLHWF,9.90
D,DISPATCH,UNIT_SCADA,1,"2022/10/20 19:40:00",CLOVER,13.21
D,DISPATCH,UNIT_SCADA,1,"2022/10/20 19:40:00",CLUNY,6.377203
D,DISPATCH,UNIT_SCADA,1,"2022/10/20 19:40:00",CULLRGWF,-0.05
D,DISPATCH,UNIT_SCADA,1,"2022/10/20 19:40:00",DIAPURWF1,1
D,DISPATCH,UNIT_SCADA,1,"2022/10/20 19:40:00",ERGT01,0
D,DISPATCH,UNIT_SCADA,1,"2022/10/20 19:40:00",GB01,0
D,DISPATCH,UNIT_SCADA,1,"2022/10/20 19:40:00",GERMCRK,20.50
D,DISPATCH,UNIT_SCADA,1,"2022/10/20 19:40:00",GRIFSF1,0.001526
D,DISPATCH,UNIT_SCADA,1,"2022/10/20 19:40:00",HEZ1,0
D,DISPATCH,UNIT_SCADA,1,"2022/10/20 19:40:00",HUGSF1,-0.0420
D,DISPATCH,UNIT_SCADA,1,"2022/10/20 19:40:00",KEPBG1,0
D,DISPATCH,UNIT_SCADA,1,"2022/10/20 19:40:00",LRSF1,0.0110
D,DISPATCH,UNIT_SCADA,1,"2022/10/20 19:40:00",MBAHNTH,43.893753
D,DISPATCH,UNIT_SCADA,1,"2022/10/20 19:40:00",MLSP1,0
D,DISPATCH,UNIT_SCADA,1,"2022/10/20 19:40:00",MLWF1,4.4250
D,DISPATCH,UNIT_SCADA,1,"2022/10/20 19:40:00",PALOONA,30.50
D,DISPATCH,UNIT_SCADA,1,"2022/10/20 19:40:00",PIONEER,25.700001
D,DISPATCH,UNIT_SCADA,1,"2022/10/20 19:40:00",PORTWF,44.099998
D,DISPATCH,UNIT_SCADA,1,"2022/10/20 19:40:00",REPULSE,9.816434
D,DISPATCH,UNIT_SCADA,1,"2022/10/20 19:40:00",ROWALLAN,8.7898
D,DISPATCH,UNIT_SCADA,1,"2022/10/20 19:40:00",ROYALLA1,0
D,DISPATCH,UNIT_SCADA,1,"2022/10/20 19:40:00",RPCG,-0.50
D,DISPATCH,UNIT_SCADA,1,"2022/10/20 19:40:00",RUBICON,0
D,DISPATCH,UNIT_SCADA,1,"2022/10/20 19:40:00",WAUBRAWF,75.587997
D,DISPATCH,UNIT_SCADA,1,"2022/10/20 19:40:00",WOOLNTH1,97.299995
D,DISPATCH,UNIT_SCADA,1,"2022/10/20 19:40:00",YAMBUKWF,6.60
D,DISPATCH,UNIT_SCADA,1,"2022/10/20 19:40:00",YSWF1,1.80
D,DISPATCH,UNIT_SCADA,1,"2022/10/20 19:40:00",ADPBA1G,0.0080
D,DISPATCH,UNIT_SCADA,1,"2022/10/20 19:40:00",ADPBA1L,0
D,DISPATCH,UNIT_SCADA,1,"2022/10/20 19:40:00",ADPPV1,0
D,DISPATCH,UNIT_SCADA,1,"2022/10/20 19:40:00",AGLHAL,30.915260
D,DISPATCH,UNIT_SCADA,1,"2022/10/20 19:40:00",AGLSOM,0
D,DISPATCH,UNIT_SCADA,1,"2022/10/20 19:40:00",ANGAST1,0
D,DISPATCH,UNIT_SCADA,1,"2022/10/20 19:40:00",ARWF1,21.70
D,DISPATCH,UNIT_SCADA,1,"2022/10/20 19:40:00",BALBG1,0
D,DISPATCH,UNIT_SCADA,1,"2022/10/20 19:40:00",BALBL1,0
D,DISPATCH,UNIT_SCADA,1,"2022/10/20 19:40:00",BALDHWF1,105.3660
D,DISPATCH,UNIT_SCADA,1,"2022/10/20 19:40:00",BANGOWF1,87.996950
D,DISPATCH,UNIT_SCADA,1,"2022/10/20 19:40:00",BANGOWF2,67.098570
D,DISPATCH,UNIT_SCADA,1,"2022/10/20 19:40:00",BANN1,0
D,DISPATCH,UNIT_SCADA,1,"2022/10/20 19:40:00",BARCALDN,0
D,DISPATCH,UNIT_SCADA,1,"2022/10/20 19:40:00",BARKIPS1,89.72
D,DISPATCH,UNIT_SCADA,1,"2022/10/20 19:40:00",BARRON-1,28.92
D,DISPATCH,UNIT_SCADA,1,"2022/10/20 19:40:00",BARRON-2,19.56
D,DISPATCH,UNIT_SCADA,1,"2022/10/20 19:40:00",BASTYAN,70.180010
D,DISPATCH,UNIT_SCADA,1,"2022/10/20 19:40:00",BBTHREE1,0
D,DISPATCH,UNIT_SCADA,1,"2022/10/20 19:40:00",BBTHREE2,0
D,DISPATCH,UNIT_SCADA,1,"2022/10/20 19:40:00",BBTHREE3,-1.09
D,DISPATCH,UNIT_SCADA,1,"2022/10/20 19:40:00",BDL01,0
D,DISPATCH,UNIT_SCADA,1,"2022/10/20 19:40:00",BDL02,0
D,DISPATCH,UNIT_SCADA,1,"2022/10/20 19:40:00",BERYLSF1,0
D,DISPATCH,UNIT_SCADA,1,"2022/10/20 19:40:00",BLOWERNG,62.60
D,DISPATCH,UNIT_SCADA,1,"2022/10/20 19:40:00",BLUEGSF1,0
D,DISPATCH,UNIT_SCADA,1,"2022/10/20 19:40:00",BLUFF1,1.90
D,DISPATCH,UNIT_SCADA,1,"2022/10/20 19:40:00",BNGSF1,0
D,DISPATCH,UNIT_SCADA,1,"2022/10/20 19:40:00",BNGSF2,0
D,DISPATCH,UNIT_SCADA,1,"2022/10/20 19:40:00",BOCORWF1,20.85
D,DISPATCH,UNIT_SCADA,1,"2022/10/20 19:40:00",BODWF1,109.252090
D,DISPATCH,UNIT_SCADA,1,"2022/10/20 19:40:00",BOMENSF1,0
D,DISPATCH,UNIT_SCADA,1,"2022/10/20 19:40:00",BOWWBA1G,0.0010
D,DISPATCH,UNIT_SCADA,1,"2022/10/20 19:40:00",BOWWBA1L,0
D,DISPATCH,UNIT_SCADA,1,"2022/10/20 19:40:00",BOWWPV1,0
D,DISPATCH,UNIT_SCADA,1,"2022/10/20 19:40:00",BRAEMAR1,0
D,DISPATCH,UNIT_SCADA,1,"2022/10/20 19:40:00",BRAEMAR2,0
D,DISPATCH,UNIT_SCADA,1,"2022/10/20 19:40:00",BRAEMAR3,0
D,DISPATCH,UNIT_SCADA,1,"2022/10/20 19:40:00",BRAEMAR5,144.357710
D,DISPATCH,UNIT_SCADA,1,"2022/10/20 19:40:00",BRAEMAR6,0
D,DISPATCH,UNIT_SCADA,1,"2022/10/20 19:40:00",BRAEMAR7,155.919220
D,DISPATCH,UNIT_SCADA,1,"2022/10/20 19:40:00",BROKENH1,0
D,DISPATCH,UNIT_SCADA,1,"2022/10/20 19:40:00",BRYB1WF1,100.273140
D,DISPATCH,UNIT_SCADA,1,"2022/10/20 19:40:00",BULBESG1,0
D,DISPATCH,UNIT_SCADA,1,"2022/10/20 19:40:00",BULBESL1,0.03
D,DISPATCH,UNIT_SCADA,1,"2022/10/20 19:40:00",BULGANA1,51.67
D,DISPATCH,UNIT_SCADA,1,"2022/10/20 19:40:00",BW01,659.763490
D,DISPATCH,UNIT_SCADA,1,"2022/10/20 19:40:00",BW02,639.938960
D,DISPATCH,UNIT_SCADA,1,"2022/10/20 19:40:00",BW03,618.771670
D,DISPATCH,UNIT_SCADA,1,"2022/10/20 19:40:00",BW04,0
D,DISPATCH,UNIT_SCADA,1,"2022/10/20 19:40:00",CALL_B_1,321.50
D,DISPATCH,UNIT_SCADA,1,"2022/10/20 19:40:00",CALL_B_2,323.200010
D,DISPATCH,UNIT_SCADA,1,"2022/10/20 19:40:00",CATHROCK,3.30
D,DISPATCH,UNIT_SCADA,1,"2022/10/20 19:40:00",CBWWBA1G,0
D,DISPATCH,UNIT_SCADA,1,"2022/10/20 19:40:00",CBWWBA1L,0
D,DISPATCH,UNIT_SCADA,1,"2022/10/20 19:40:00",CETHANA,97.7055
D,DISPATCH,UNIT_SCADA,1,"2022/10/20 19:40:00",CG1,0
D,DISPATCH,UNIT_SCADA,1,"2022/10/20 19:40:00",CG2,0
D,DISPATCH,UNIT_SCADA,1,"2022/10/20 19:40:00",CG3,0
D,DISPATCH,UNIT_SCADA,1,"2022/10/20 19:40:00",CG4,0
D,DISPATCH,UNIT_SCADA,1,"2022/10/20 19:40:00",CHILDSF1,0
D,DISPATCH,UNIT_SCADA,1,"2022/10/20 19:40:00",CHYTWF1,7
D,DISPATCH,UNIT_SCADA,1,"2022/10/20 19:40:00",CLARESF1,0
D,DISPATCH,UNIT_SCADA,1,"2022/10/20 19:40:00",CLEMGPWF,2.521220
D,DISPATCH,UNIT_SCADA,1,"2022/10/20 19:40:00",CLERMSF1,0
D,DISPATCH,UNIT_SCADA,1,"2022/10/20 19:40:00",CNUNDAWF,15.5181
D,DISPATCH,UNIT_SCADA,1,"2022/10/20 19:40:00",COHUNSF1,0
D,DISPATCH,UNIT_SCADA,1,"2022/10/20 19:40:00",COLEASF1,0
D,DISPATCH,UNIT_SCADA,1,"2022/10/20 19:40:00",COLUMSF1,0
D,DISPATCH,UNIT_SCADA,1,"2022/10/20 19:40:00",COLWF01,121.106280
D,DISPATCH,UNIT_SCADA,1,"2022/10/20 19:40:00",COOPGWF1,291.170010
D,DISPATCH,UNIT_SCADA,1,"2022/10/20 19:40:00",CPP_3,371.524990
D,DISPATCH,UNIT_SCADA,1,"2022/10/20 19:40:00",CPP_4,0
D,DISPATCH,UNIT_SCADA,1,"2022/10/20 19:40:00",CPSA,0
D,DISPATCH,UNIT_SCADA,1,"2022/10/20 19:40:00",CROOKWF2,32.084840
D,DISPATCH,UNIT_SCADA,1,"2022/10/20 19:40:00",CROWLWF1,38.342660
D,DISPATCH,UNIT_SCADA,1,"2022/10/20 19:40:00",CRURWF1,62.396350
D,DISPATCH,UNIT_SCADA,1,"2022/10/20 19:40:00",CRWASF1,0
D,DISPATCH,UNIT_SCADA,1,"2022/10/20 19:40:00",CSPVPS1,0
D,DISPATCH,UNIT_SCADA,1,"2022/10/20 19:40:00",CTHLWF1,0.003050
D,DISPATCH,UNIT_SCADA,1,"2022/10/20 19:40:00",DALNTH01,0
D,DISPATCH,UNIT_SCADA,1,"2022/10/20 19:40:00",DALNTHL1,0.077820
D,DISPATCH,UNIT_SCADA,1,"2022/10/20 19:40:00",DARLSF1,0
D,DISPATCH,UNIT_SCADA,1,"2022/10/20 19:40:00",DARTM1,0
D,DISPATCH,UNIT_SCADA,1,"2022/10/20 19:40:00",DAYDSF1,0
D,DISPATCH,UNIT_SCADA,1,"2022/10/20 19:40:00",DDPS1,0
D,DISPATCH,UNIT_SCADA,1,"2022/10/20 19:40:00",DDSF1,0
D,DISPATCH,UNIT_SCADA,1,"2022/10/20 19:40:00",DEVILS_G,61.022370
D,DISPATCH,UNIT_SCADA,1,"2022/10/20 19:40:00",DG_NSW1,0
D,DISPATCH,UNIT_SCADA,1,"2022/10/20 19:40:00",DG_QLD1,0
D,DISPATCH,UNIT_SCADA,1,"2022/10/20 19:40:00",DG_SA1,0
D,DISPATCH,UNIT_SCADA,1,"2022/10/20 19:40:00",DG_TAS1,0
D,DISPATCH,UNIT_SCADA,1,"2022/10/20 19:40:00",DG_VIC1,0
D,DISPATCH,UNIT_SCADA,1,"2022/10/20 19:40:00",DRYCGT1,0
D,DISPATCH,UNIT_SCADA,1,"2022/10/20 19:40:00",DRYCGT2,0
D,DISPATCH,UNIT_SCADA,1,"2022/10/20 19:40:00",DRYCGT3,0
D,DISPATCH,UNIT_SCADA,1,"2022/10/20 19:40:00",DUNDWF1,81.53
D,DISPATCH,UNIT_SCADA,1,"2022/10/20 19:40:00",DUNDWF2,24.55
D,DISPATCH,UNIT_SCADA,1,"2022/10/20 19:40:00",DUNDWF3,91.83
D,DISPATCH,UNIT_SCADA,1,"2022/10/20 19:40:00",EILDON1,60.04
D,DISPATCH,UNIT_SCADA,1,"2022/10/20 19:40:00",EILDON2,60.16
D,DISPATCH,UNIT_SCADA,1,"2022/10/20 19:40:00",ELAINWF1,9.21
D,DISPATCH,UNIT_SCADA,1,"2022/10/20 19:40:00",EMERASF1,0
D,DISPATCH,UNIT_SCADA,1,"2022/10/20 19:40:00",ER01,0
D,DISPATCH,UNIT_SCADA,1,"2022/10/20 19:40:00",ER02,680.051880
D,DISPATCH,UNIT_SCADA,1,"2022/10/20 19:40:00",ER03,639.3042
D,DISPATCH,UNIT_SCADA,1,"2022/10/20 19:40:00",ER04,698.973080
D,DISPATCH,UNIT_SCADA,1,"2022/10/20 19:40:00",FINLYSF1,0
D,DISPATCH,UNIT_SCADA,1,"2022/10/20 19:40:00",FISHER,43.87
D,DISPATCH,UNIT_SCADA,1,"2022/10/20 19:40:00",GANGARR1,0
D,DISPATCH,UNIT_SCADA,1,"2022/10/20 19:40:00",GANNBG1,20.051940
D,DISPATCH,UNIT_SCADA,1,"2022/10/20 19:40:00",GANNBL1,0
D,DISPATCH,UNIT_SCADA,1,"2022/10/20 19:40:00",GANNSF1,0
D,DISPATCH,UNIT_SCADA,1,"2022/10/20 19:40:00",GLRWNSF1,0
D,DISPATCH,UNIT_SCADA,1,"2022/10/20 19:40:00",GNNDHSF1,0
D,DISPATCH,UNIT_SCADA,1,"2022/10/20 19:40:00",GOONSF1,0
D,DISPATCH,UNIT_SCADA,1,"2022/10/20 19:40:00",GORDON,271.697850
D,DISPATCH,UNIT_SCADA,1,"2022/10/20 19:40:00",GRANWF1,0
D,DISPATCH,UNIT_SCADA,1,"2022/10/20 19:40:00",GSTONE1,210.524990
D,DISPATCH,UNIT_SCADA,1,"2022/10/20 19:40:00",GSTONE2,0
D,DISPATCH,UNIT_SCADA,1,"2022/10/20 19:40:00",GSTONE3,200.20
D,DISPATCH,UNIT_SCADA,1,"2022/10/20 19:40:00",GSTONE4,0
D,DISPATCH,UNIT_SCADA,1,"2022/10/20 19:40:00",GSTONE5,211.9250
D,DISPATCH,UNIT_SCADA,1,"2022/10/20 19:40:00",GSTONE6,212.80
D,DISPATCH,UNIT_SCADA,1,"2022/10/20 19:40:00",GULLRSF1,0
D,DISPATCH,UNIT_SCADA,1,"2022/10/20 19:40:00",GULLRWF1,69.753940
D,DISPATCH,UNIT_SCADA,1,"2022/10/20 19:40:00",GULLRWF2,72.358040
D,DISPATCH,UNIT_SCADA,1,"2022/10/20 19:40:00",GUNNING1,0
D,DISPATCH,UNIT_SCADA,1,"2022/10/20 19:40:00",GUTHEGA,68.40
D,DISPATCH,UNIT_SCADA,1,"2022/10/20 19:40:00",HALLWF1,7.86
D,DISPATCH,UNIT_SCADA,1,"2022/10/20 19:40:00",HALLWF2,1.21
D,DISPATCH,UNIT_SCADA,1,"2022/10/20 19:40:00",HAMISF1,0
D,DISPATCH,UNIT_SCADA,1,"2022/10/20 19:40:00",HAUGHT11,0
D,DISPATCH,UNIT_SCADA,1,"2022/10/20 19:40:00",HAYMSF1,0
D,DISPATCH,UNIT_SCADA,1,"2022/10/20 19:40:00",HDWF1,15.10
D,DISPATCH,UNIT_SCADA,1,"2022/10/20 19:40:00",HDWF2,11.40
D,DISPATCH,UNIT_SCADA,1,"2022/10/20 19:40:00",HDWF3,15.10
D,DISPATCH,UNIT_SCADA,1,"2022/10/20 19:40:00",HILLSTN1,0
D,DISPATCH,UNIT_SCADA,1,"2022/10/20 19:40:00",HPRG1,14.20
D,DISPATCH,UNIT_SCADA,1,"2022/10/20 19:40:00",HPRL1,0
D,DISPATCH,UNIT_SCADA,1,"2022/10/20 19:40:00",HUMENSW,54.872060
D,DISPATCH,UNIT_SCADA,1,"2022/10/20 19:40:00",HUMEV,0
D,DISPATCH,UNIT_SCADA,1,"2022/10/20 19:40:00",HVWWBA1G,0
D,DISPATCH,UNIT_SCADA,1,"2022/10/20 19:40:00",HVWWBA1L,0.0070
D,DISPATCH,UNIT_SCADA,1,"2022/10/20 19:40:00",HVWWPV1,0
D,DISPATCH,UNIT_SCADA,1,"2022/10/20 19:40:00",JBUTTERS,10.729540
D,DISPATCH,UNIT_SCADA,1,"2022/10/20 19:40:00",JEMALNG1,0
D,DISPATCH,UNIT_SCADA,1,"2022/10/20 19:40:00",JLA01,0
D,DISPATCH,UNIT_SCADA,1,"2022/10/20 19:40:00",JLA02,0
D,DISPATCH,UNIT_SCADA,1,"2022/10/20 19:40:00",JLA03,0
D,DISPATCH,UNIT_SCADA,1,"2022/10/20 19:40:00",JLA04,0
D,DISPATCH,UNIT_SCADA,1,"2022/10/20 19:40:00",JLB01,0
D,DISPATCH,UNIT_SCADA,1,"2022/10/20 19:40:00",JLB02,0.10
D,DISPATCH,UNIT_SCADA,1,"2022/10/20 19:40:00",JLB03,0
D,DISPATCH,UNIT_SCADA,1,"2022/10/20 19:40:00",JUNEESF1,0
D,DISPATCH,UNIT_SCADA,1,"2022/10/20 19:40:00",KABANWF1,0
D,DISPATCH,UNIT_SCADA,1,"2022/10/20 19:40:00",KAREEYA1,0
D,DISPATCH,UNIT_SCADA,1,"2022/10/20 19:40:00",KAREEYA2,0
D,DISPATCH,UNIT_SCADA,1,"2022/10/20 19:40:00",KAREEYA3,5.0325
D,DISPATCH,UNIT_SCADA,1,"2022/10/20 19:40:00",KAREEYA4,0
D,DISPATCH,UNIT_SCADA,1,"2022/10/20 19:40:00",KARSF1,0
D,DISPATCH,UNIT_SCADA,1,"2022/10/20 19:40:00",KEPSF1,0
D,DISPATCH,UNIT_SCADA,1,"2022/10/20 19:40:00",KEPWF1,8.07
D,DISPATCH,UNIT_SCADA,1,"2022/10/20 19:40:00",KIAMSF1,0
D,DISPATCH,UNIT_SCADA,1,"2022/10/20 19:40:00",KIATAWF1,1.10
D,DISPATCH,UNIT_SCADA,1,"2022/10/20 19:40:00",KPP_1,0
D,DISPATCH,UNIT_SCADA,1,"2022/10/20 19:40:00",KSP1,0
D,DISPATCH,UNIT_SCADA,1,"2022/10/20 19:40:00",LADBROK1,0.01
D,DISPATCH,UNIT_SCADA,1,"2022/10/20 19:40:00",LADBROK2,0.02
D,DISPATCH,UNIT_SCADA,1,"2022/10/20 19:40:00",LBBG1,5.40
D,DISPATCH,UNIT_SCADA,1,"2022/10/20 19:40:00",LBBL1,0
D,DISPATCH,UNIT_SCADA,1,"2022/10/20 19:40:00",LD01,382.042910
D,DISPATCH,UNIT_SCADA,1,"2022/10/20 19:40:00",LD02,72.933140
D,DISPATCH,UNIT_SCADA,1,"2022/10/20 19:40:00",LD04,314.7496
D,DISPATCH,UNIT_SCADA,1,"2022/10/20 19:40:00",LEM_WIL,87.086160
D,DISPATCH,UNIT_SCADA,1,"2022/10/20 19:40:00",LGAPWF1,93.05
D,DISPATCH,UNIT_SCADA,1,"2022/10/20 19:40:00",LGAPWF2,67.90
D,DISPATCH,UNIT_SCADA,1,"2022/10/20 19:40:00",LILYSF1,0
D,DISPATCH,UNIT_SCADA,1,"2022/10/20 19:40:00",LIMOSF11,0
D,DISPATCH,UNIT_SCADA,1,"2022/10/20 19:40:00",LIMOSF21,0
D,DISPATCH,UNIT_SCADA,1,"2022/10/20 19:40:00",LI_WY_CA,63.289520
D,DISPATCH,UNIT_SCADA,1,"2022/10/20 19:40:00",LKBONNY1,19.558770
D,DISPATCH,UNIT_SCADA,1,"2022/10/20 19:40:00",LKBONNY2,65.987720
D,DISPATCH,UNIT_SCADA,1,"2022/10/20 19:40:00",LKBONNY3,18.030530
D,DISPATCH,UNIT_SCADA,1,"2022/10/20 19:40:00",LK_ECHO,0
D,DISPATCH,UNIT_SCADA,1,"2022/10/20 19:40:00",LNGS1,0
D,DISPATCH,UNIT_SCADA,1,"2022/10/20 19:40:00",LNGS2,0
D,DISPATCH,UNIT_SCADA,1,"2022/10/20 19:40:00",LONSDALE,0
D,DISPATCH,UNIT_SCADA,1,"2022/10/20 19:40:00",LOYYB1,581.954410
D,DISPATCH,UNIT_SCADA,1,"2022/10/20 19:40:00",LOYYB2,575.187320
D,DISPATCH,UNIT_SCADA,1,"2022/10/20 19:40:00",LYA1,561
D,DISPATCH,UNIT_SCADA,1,"2022/10/20 19:40:00",LYA2,0
D,DISPATCH,UNIT_SCADA,1,"2022/10/20 19:40:00",LYA3,561
D,DISPATCH,UNIT_SCADA,1,"2022/10/20 19:40:00",LYA4,562
D,DISPATCH,UNIT_SCADA,1,"2022/10/20 19:40:00",MACARTH1,94.9978
D,DISPATCH,UNIT_SCADA,1,"2022/10/20 19:40:00",MACKNTSH,74.59
D,DISPATCH,UNIT_SCADA,1,"2022/10/20 19:40:00",MANSLR1,0
D,DISPATCH,UNIT_SCADA,1,"2022/10/20 19:40:00",MAPS2PV1,0
D,DISPATCH,UNIT_SCADA,1,"2022/10/20 19:40:00",MAPS3PV1,0
D,DISPATCH,UNIT_SCADA,1,"2022/10/20 19:40:00",MARYRSF1,0
D,DISPATCH,UNIT_SCADA,1,"2022/10/20 19:40:00",MBPS2PV1,0
D,DISPATCH,UNIT_SCADA,1,"2022/10/20 19:40:00",MCKAY1,227.134980
D,DISPATCH,UNIT_SCADA,1,"2022/10/20 19:40:00",MEADOWBK,19.777360
D,DISPATCH,UNIT_SCADA,1,"2022/10/20 19:40:00",MERCER01,14.80
D,DISPATCH,UNIT_SCADA,1,"2022/10/20 19:40:00",METZSF1,0
D,DISPATCH,UNIT_SCADA,1,"2022/10/20 19:40:00",MEWF1,0.557470
D,DISPATCH,UNIT_SCADA,1,"2022/10/20 19:40:00",MIDDLSF1,0
D,DISPATCH,UNIT_SCADA,1,"2022/10/20 19:40:00",MINTARO,0.128180
D,DISPATCH,UNIT_SCADA,1,"2022/10/20 19:40:00",MOLNGSF1,0
D,DISPATCH,UNIT_SCADA,1,"2022/10/20 19:40:00",MOORAWF1,8.80
D,DISPATCH,UNIT_SCADA,1,"2022/10/20 19:40:00",MOREESF1,0
D,DISPATCH,UNIT_SCADA,1,"2022/10/20 19:40:00",MORTLK11,0
D,DISPATCH,UNIT_SCADA,1,"2022/10/20 19:40:00",MORTLK12,0
D,DISPATCH,UNIT_SCADA,1,"2022/10/20 19:40:00",MOUSF1,0
D,DISPATCH,UNIT_SCADA,1,"2022/10/20 19:40:00",MP1,0
D,DISPATCH,UNIT_SCADA,1,"2022/10/20 19:40:00",MP2,620.553890
D,DISPATCH,UNIT_SCADA,1,"2022/10/20 19:40:00",MPP_1,198.386170
D,DISPATCH,UNIT_SCADA,1,"2022/10/20 19:40:00",MPP_2,177.328320
D,DISPATCH,UNIT_SCADA,1,"2022/10/20 19:40:00",MRTLSWF1,0
D,DISPATCH,UNIT_SCADA,1,"2022/10/20 19:40:00",MSTUART1,0
D,DISPATCH,UNIT_SCADA,1,"2022/10/20 19:40:00",MSTUART2,0
D,DISPATCH,UNIT_SCADA,1,"2022/10/20 19:40:00",MSTUART3,0
D,DISPATCH,UNIT_SCADA,1,"2022/10/20 19:40:00",MTGELWF1,63.016140
D,DISPATCH,UNIT_SCADA,1,"2022/10/20 19:40:00",MTMILLAR,12.40
D,DISPATCH,UNIT_SCADA,1,"2022/10/20 19:40:00",MURRAY,313.50
D,DISPATCH,UNIT_SCADA,1,"2022/10/20 19:40:00",MUSSELR1,4.50
D,DISPATCH,UNIT_SCADA,1,"2022/10/20 19:40:00",MUWAWF1,4.05
D,DISPATCH,UNIT_SCADA,1,"2022/10/20 19:40:00",MUWAWF2,15.30
D,DISPATCH,UNIT_SCADA,1,"2022/10/20 19:40:00",MWPS1PV1,0
D,DISPATCH,UNIT_SCADA,1,"2022/10/20 19:40:00",MWPS2PV1,0
D,DISPATCH,UNIT_SCADA,1,"2022/10/20 19:40:00",MWPS3PV1,0
D,DISPATCH,UNIT_SCADA,1,"2022/10/20 19:40:00",MWPS4PV1,0
D,DISPATCH,UNIT_SCADA,1,"2022/10/20 19:40:00",NBHWF1,6.60
D,DISPATCH,UNIT_SCADA,1,"2022/10/20 19:40:00",NEVERSF1,0
D,DISPATCH,UNIT_SCADA,1,"2022/10/20 19:40:00",NPS,0
D,DISPATCH,UNIT_SCADA,1,"2022/10/20 19:40:00",NUMURSF1,0
D,DISPATCH,UNIT_SCADA,1,"2022/10/20 19:40:00",NYNGAN1,0
D,DISPATCH,UNIT_SCADA,1,"2022/10/20 19:40:00",OAKEY1,125.984020
D,DISPATCH,UNIT_SCADA,1,"2022/10/20 19:40:00",OAKEY1SF,0
D,DISPATCH,UNIT_SCADA,1,"2022/10/20 19:40:00",OAKEY2,0
D,DISPATCH,UNIT_SCADA,1,"2022/10/20 19:40:00",OAKEY2SF,0
D,DISPATCH,UNIT_SCADA,1,"2022/10/20 19:40:00",OAKLAND1,23.30
D,DISPATCH,UNIT_SCADA,1,"2022/10/20 19:40:00",OSB-AG,177.769990
D,DISPATCH,UNIT_SCADA,1,"2022/10/20 19:40:00",PAREPS1,0
D,DISPATCH,UNIT_SCADA,1,"2022/10/20 19:40:00",PAREPW1,143.44
D,DISPATCH,UNIT_SCADA,1,"2022/10/20 19:40:00",PARSF1,0.001530
D,DISPATCH,UNIT_SCADA,1,"2022/10/20 19:40:00",POAT110,2.95
D,DISPATCH,UNIT_SCADA,1,"2022/10/20 19:40:00",POAT220,0
D,DISPATCH,UNIT_SCADA,1,"2022/10/20 19:40:00",POR01,0.008670
D,DISPATCH,UNIT_SCADA,1,"2022/10/20 19:40:00",POR03,0
D,DISPATCH,UNIT_SCADA,1,"2022/10/20 19:40:00",PPCCGT,195.027450
D,DISPATCH,UNIT_SCADA,1,"2022/10/20 19:40:00",PTSTAN1,0
D,DISPATCH,UNIT_SCADA,1,"2022/10/20 19:40:00",PUMP1,0
D,DISPATCH,UNIT_SCADA,1,"2022/10/20 19:40:00",PUMP2,0
D,DISPATCH,UNIT_SCADA,1,"2022/10/20 19:40:00",QBYNBG1,0
D,DISPATCH,UNIT_SCADA,1,"2022/10/20 19:40:00",QBYNBL1,0.0065
D,DISPATCH,UNIT_SCADA,1,"2022/10/20 19:40:00",QPS1,0
D,DISPATCH,UNIT_SCADA,1,"2022/10/20 19:40:00",QPS2,0
D,DISPATCH,UNIT_SCADA,1,"2022/10/20 19:40:00",QPS3,0
D,DISPATCH,UNIT_SCADA,1,"2022/10/20 19:40:00",QPS4,0
D,DISPATCH,UNIT_SCADA,1,"2022/10/20 19:40:00",QPS5,120.67
D,DISPATCH,UNIT_SCADA,1,"2022/10/20 19:40:00",REECE1,95.136090
D,DISPATCH,UNIT_SCADA,1,"2022/10/20 19:40:00",REECE2,103.27
D,DISPATCH,UNIT_SCADA,1,"2022/10/20 19:40:00",ROMA_7,0
D,DISPATCH,UNIT_SCADA,1,"2022/10/20 19:40:00",ROMA_8,0
D,DISPATCH,UNIT_SCADA,1,"2022/10/20 19:40:00",RRSF1,0
D,DISPATCH,UNIT_SCADA,1,"2022/10/20 19:40:00",RT_NSW1,0
D,DISPATCH,UNIT_SCADA,1,"2022/10/20 19:40:00",RT_NSW2,0
D,DISPATCH,UNIT_SCADA,1,"2022/10/20 19:40:00",RT_NSW3,0
D,DISPATCH,UNIT_SCADA,1,"2022/10/20 19:40:00",RT_NSW4,0
D,DISPATCH,UNIT_SCADA,1,"2022/10/20 19:40:00",RT_NSW5,0
D,DISPATCH,UNIT_SCADA,1,"2022/10/20 19:40:00",RT_NSW6,0
D,DISPATCH,UNIT_SCADA,1,"2022/10/20 19:40:00",RT_QLD1,0
D,DISPATCH,UNIT_SCADA,1,"2022/10/20 19:40:00",RT_SA1,0
D,DISPATCH,UNIT_SCADA,1,"2022/10/20 19:40:00",RT_SA2,0
D,DISPATCH,UNIT_SCADA,1,"2022/10/20 19:40:00",RT_SA3,0
D,DISPATCH,UNIT_SCADA,1,"2022/10/20 19:40:00",RT_SA4,0
D,DISPATCH,UNIT_SCADA,1,"2022/10/20 19:40:00",RT_SA5,0
D,DISPATCH,UNIT_SCADA,1,"2022/10/20 19:40:00",RT_SA6,0
D,DISPATCH,UNIT_SCADA,1,"2022/10/20 19:40:00",RT_TAS1,0
D,DISPATCH,UNIT_SCADA,1,"2022/10/20 19:40:00",RT_VIC1,0
D,DISPATCH,UNIT_SCADA,1,"2022/10/20 19:40:00",RT_VIC10,0
D,DISPATCH,UNIT_SCADA,1,"2022/10/20 19:40:00",RT_VIC11,0
D,DISPATCH,UNIT_SCADA,1,"2022/10/20 19:40:00",RT_VIC12,0
D,DISPATCH,UNIT_SCADA,1,"2022/10/20 19:40:00",RT_VIC2,0
D,DISPATCH,UNIT_SCADA,1,"2022/10/20 19:40:00",RT_VIC3,0
D,DISPATCH,UNIT_SCADA,1,"2022/10/20 19:40:00",RT_VIC4,0
D,DISPATCH,UNIT_SCADA,1,"2022/10/20 19:40:00",RT_VIC5,0
D,DISPATCH,UNIT_SCADA,1,"2022/10/20 19:40:00",RT_VIC6,0
D,DISPATCH,UNIT_SCADA,1,"2022/10/20 19:40:00",RT_VIC7,0
D,DISPATCH,UNIT_SCADA,1,"2022/10/20 19:40:00",RT_VIC8,0
D,DISPATCH,UNIT_SCADA,1,"2022/10/20 19:40:00",RT_VIC9,0
D,DISPATCH,UNIT_SCADA,1,"2022/10/20 19:40:00",RUGBYR1,0
D,DISPATCH,UNIT_SCADA,1,"2022/10/20 19:40:00",SALTCRK1,38.15
D,DISPATCH,UNIT_SCADA,1,"2022/10/20 19:40:00",SAPHWF1,236.983290
D,DISPATCH,UNIT_SCADA,1,"2022/10/20 19:40:00",SEBSF1,0
D,DISPATCH,UNIT_SCADA,1,"2022/10/20 19:40:00",SHGEN,80.748480
D,DISPATCH,UNIT_SCADA,1,"2022/10/20 19:40:00",SHPUMP,0
D,DISPATCH,UNIT_SCADA,1,"2022/10/20 19:40:00",SITHE01,0.123710
D,DISPATCH,UNIT_SCADA,1,"2022/10/20 19:40:00",SMCSF1,0
D,DISPATCH,UNIT_SCADA,1,"2022/10/20 19:40:00",SNAPPER1,0
D,DISPATCH,UNIT_SCADA,1,"2022/10/20 19:40:00",SNOWNTH1,30.70
D,DISPATCH,UNIT_SCADA,1,"2022/10/20 19:40:00",SNOWSTH1,11.40
D,DISPATCH,UNIT_SCADA,1,"2022/10/20 19:40:00",SNOWTWN1,28.100990
D,DISPATCH,UNIT_SCADA,1,"2022/10/20 19:40:00",SNOWYP,0
D,DISPATCH,UNIT_SCADA,1,"2022/10/20 19:40:00",SNUG1,0
D,DISPATCH,UNIT_SCADA,1,"2022/10/20 19:40:00",SRSF1,0
D,DISPATCH,UNIT_SCADA,1,"2022/10/20 19:40:00",STAN-1,279.440860
D,DISPATCH,UNIT_SCADA,1,"2022/10/20 19:40:00",STAN-2,364.756130
D,DISPATCH,UNIT_SCADA,1,"2022/10/20 19:40:00",STAN-3,364.743320
D,DISPATCH,UNIT_SCADA,1,"2022/10/20 19:40:00",STAN-4,364.038330
D,DISPATCH,UNIT_SCADA,1,"2022/10/20 19:40:00",STARHLWF,12.296410
D,DISPATCH,UNIT_SCADA,1,"2022/10/20 19:40:00",STOCKYD1,161.14
D,DISPATCH,UNIT_SCADA,1,"2022/10/20 19:40:00",STWF1,126.690770
D,DISPATCH,UNIT_SCADA,1,"2022/10/20 19:40:00",SUNRSF1,0
D,DISPATCH,UNIT_SCADA,1,"2022/10/20 19:40:00",SUNTPSF1,0
D,DISPATCH,UNIT_SCADA,1,"2022/10/20 19:40:00",SWAN_E,351.316890
D,DISPATCH,UNIT_SCADA,1,"2022/10/20 19:40:00",TALWA1,0
D,DISPATCH,UNIT_SCADA,1,"2022/10/20 19:40:00",TARALGA1,0
D,DISPATCH,UNIT_SCADA,1,"2022/10/20 19:40:00",TARONG#1,349.200010
D,DISPATCH,UNIT_SCADA,1,"2022/10/20 19:40:00",TARONG#2,350.100010
D,DISPATCH,UNIT_SCADA,1,"2022/10/20 19:40:00",TARONG#3,0.90
D,DISPATCH,UNIT_SCADA,1,"2022/10/20 19:40:00",TARONG#4,293.899990
D,DISPATCH,UNIT_SCADA,1,"2022/10/20 19:40:00",TARRALEA,54
D,DISPATCH,UNIT_SCADA,1,"2022/10/20 19:40:00",TBSF1,0
D,DISPATCH,UNIT_SCADA,1,"2022/10/20 19:40:00",TNPS1,423.8125
D,DISPATCH,UNIT_SCADA,1,"2022/10/20 19:40:00",TORRB1,0
D,DISPATCH,UNIT_SCADA,1,"2022/10/20 19:40:00",TORRB2,80
D,DISPATCH,UNIT_SCADA,1,"2022/10/20 19:40:00",TORRB3,0
D,DISPATCH,UNIT_SCADA,1,"2022/10/20 19:40:00",TORRB4,0
D,DISPATCH,UNIT_SCADA,1,"2022/10/20 19:40:00",TREVALLN,98.123470
D,DISPATCH,UNIT_SCADA,1,"2022/10/20 19:40:00",TRIBUTE,0
D,DISPATCH,UNIT_SCADA,1,"2022/10/20 19:40:00",TUMUT3,444.91
D,DISPATCH,UNIT_SCADA,1,"2022/10/20 19:40:00",TUNGATIN,6.600020
D,DISPATCH,UNIT_SCADA,1,"2022/10/20 19:40:00",TVCC201,0
D,DISPATCH,UNIT_SCADA,1,"2022/10/20 19:40:00",TVPP104,57.865630
D,DISPATCH,UNIT_SCADA,1,"2022/10/20 19:40:00",UPPTUMUT,126.2991
D,DISPATCH,UNIT_SCADA,1,"2022/10/20 19:40:00",URANQ11,0
D,DISPATCH,UNIT_SCADA,1,"2022/10/20 19:40:00",URANQ12,0
D,DISPATCH,UNIT_SCADA,1,"2022/10/20 19:40:00",URANQ13,0
D,DISPATCH,UNIT_SCADA,1,"2022/10/20 19:40:00",URANQ14,0
D,DISPATCH,UNIT_SCADA,1,"2022/10/20 19:40:00",VBBG1,39.80
D,DISPATCH,UNIT_SCADA,1,"2022/10/20 19:40:00",VBBL1,0
D,DISPATCH,UNIT_SCADA,1,"2022/10/20 19:40:00",VP5,562.175350
D,DISPATCH,UNIT_SCADA,1,"2022/10/20 19:40:00",VP6,602.386540
D,DISPATCH,UNIT_SCADA,1,"2022/10/20 19:40:00",VPGS1,0
D,DISPATCH,UNIT_SCADA,1,"2022/10/20 19:40:00",VPGS2,0
D,DISPATCH,UNIT_SCADA,1,"2022/10/20 19:40:00",VPGS3,0
D,DISPATCH,UNIT_SCADA,1,"2022/10/20 19:40:00",VPGS4,0
D,DISPATCH,UNIT_SCADA,1,"2022/10/20 19:40:00",VPGS5,0
D,DISPATCH,UNIT_SCADA,1,"2022/10/20 19:40:00",VPGS6,0
D,DISPATCH,UNIT_SCADA,1,"2022/10/20 19:40:00",W/HOE#1,0
D,DISPATCH,UNIT_SCADA,1,"2022/10/20 19:40:00",W/HOE#2,0
D,DISPATCH,UNIT_SCADA,1,"2022/10/20 19:40:00",WAGGNSF1,0
D,DISPATCH,UNIT_SCADA,1,"2022/10/20 19:40:00",WALGRVG1,0.000930
D,DISPATCH,UNIT_SCADA,1,"2022/10/20 19:40:00",WALGRVL1,0
D,DISPATCH,UNIT_SCADA,1,"2022/10/20 19:40:00",WANDBG1,60.406990
D,DISPATCH,UNIT_SCADA,1,"2022/10/20 19:40:00",WANDBL1,0
D,DISPATCH,UNIT_SCADA,1,"2022/10/20 19:40:00",WARWSF1,0
D,DISPATCH,UNIT_SCADA,1,"2022/10/20 19:40:00",WARWSF2,0
D,DISPATCH,UNIT_SCADA,1,"2022/10/20 19:40:00",WATERLWF,7.70
D,DISPATCH,UNIT_SCADA,1,"2022/10/20 19:40:00",WDGPH1,0
D,DISPATCH,UNIT_SCADA,1,"2022/10/20 19:40:00",WELLSF1,0
D,DISPATCH,UNIT_SCADA,1,"2022/10/20 19:40:00",WEMENSF1,0
D,DISPATCH,UNIT_SCADA,1,"2022/10/20 19:40:00",WGWF1,4.10
D,DISPATCH,UNIT_SCADA,1,"2022/10/20 19:40:00",WHITSF1,0
D,DISPATCH,UNIT_SCADA,1,"2022/10/20 19:40:00",WINTSF1,0
D,DISPATCH,UNIT_SCADA,1,"2022/10/20 19:40:00",WKIEWA1,34.10
D,DISPATCH,UNIT_SCADA,1,"2022/10/20 19:40:00",WKIEWA2,34.10
D,DISPATCH,UNIT_SCADA,1,"2022/10/20 19:40:00",WOODLWN1,39.327260
D,DISPATCH,UNIT_SCADA,1,"2022/10/20 19:40:00",WOOLGSF1,0
D,DISPATCH,UNIT_SCADA,1,"2022/10/20 19:40:00",WPWF,45.88
D,DISPATCH,UNIT_SCADA,1,"2022/10/20 19:40:00",WRSF1,0
D,DISPATCH,UNIT_SCADA,1,"2022/10/20 19:40:00",WRWF1,104.7715
D,DISPATCH,UNIT_SCADA,1,"2022/10/20 19:40:00",WSTWYSF1,0
D,DISPATCH,UNIT_SCADA,1,"2022/10/20 19:40:00",YABULU,152.550020
D,DISPATCH,UNIT_SCADA,1,"2022/10/20 19:40:00",YABULU2,0
D,DISPATCH,UNIT_SCADA,1,"2022/10/20 19:40:00",YARANSF1,0
D,DISPATCH,UNIT_SCADA,1,"2022/10/20 19:40:00",YARWUN_1,162.33
D,DISPATCH,UNIT_SCADA,1,"2022/10/20 19:40:00",YATSF1,0
D,DISPATCH,UNIT_SCADA,1,"2022/10/20 19:40:00",YENDWF1,18.49
D,DISPATCH,UNIT_SCADA,1,"2022/10/20 19:40:00",YWPS1,356.139250
D,DISPATCH,UNIT_SCADA,1,"2022/10/20 19:40:00",YWPS2,358.645570
D,DISPATCH,UNIT_SCADA,1,"2022/10/20 19:40:00",YWPS3,362.493680
D,DISPATCH,UNIT_SCADA,1,"2022/10/20 19:40:00",YWPS4,0
C,"END OF REPORT",419
