C,NEMP.WORLD,DISPATCHSCADA,AEMO,PUBLIC,2022/10/20,21:05:09,0000000373280973,DISPATCHSCADA,0000000373280967
I,DISPATCH,UNIT_SCADA,1,SETTLEMENTDATE,DUID,SCADAVALUE
D,DISPATCH,UNIT_SCADA,1,"2022/10/20 21:10:00",BARCSF1,0
D,DISPATCH,UNIT_SCADA,1,"2022/10/20 21:10:00",BUTLERSG,8.699999
D,DISPATCH,UNIT_SCADA,1,"2022/10/20 21:10:00",CAPTL_WF,79.102768
D,DISPATCH,UNIT_SCADA,1,"2022/10/20 21:10:00",CHALLHWF,9.60
D,DISPATCH,UNIT_SCADA,1,"2022/10/20 21:10:00",CLOVER,13.29
D,DISPATCH,UNIT_SCADA,1,"2022/10/20 21:10:00",CLUNY,6.338750
D,DISPATCH,UNIT_SCADA,1,"2022/10/20 21:10:00",CULLRGWF,-0.05
D,DISPATCH,UNIT_SCADA,1,"2022/10/20 21:10:00",DIAPURWF1,1.40
D,DISPATCH,UNIT_SCADA,1,"2022/10/20 21:10:00",ERGT01,0
D,DISPATCH,UNIT_SCADA,1,"2022/10/20 21:10:00",GB01,0
D,DISPATCH,UNIT_SCADA,1,"2022/10/20 21:10:00",GERMCRK,19.299999
D,DISPATCH,UNIT_SCADA,1,"2022/10/20 21:10:00",GRIFSF1,0.001526
D,DISPATCH,UNIT_SCADA,1,"2022/10/20 21:10:00",HEZ1,0
D,DISPATCH,UNIT_SCADA,1,"2022/10/20 21:10:00",HUGSF1,-0.1050
D,DISPATCH,UNIT_SCADA,1,"2022/10/20 21:10:00",KEPBG1,0
D,DISPATCH,UNIT_SCADA,1,"2022/10/20 21:10:00",LRSF1,-0.0320
D,DISPATCH,UNIT_SCADA,1,"2022/10/20 21:10:00",MBAHNTH,45.112503
D,DISPATCH,UNIT_SCADA,1,"2022/10/20 21:10:00",MLSP1,0
D,DISPATCH,UNIT_SCADA,1,"2022/10/20 21:10:00",MLWF1,5.94
D,DISPATCH,UNIT_SCADA,1,"2022/10/20 21:10:00",PALOONA,30.429998
D,DISPATCH,UNIT_SCADA,1,"2022/10/20 21:10:00",PIONEER,16.90
D,DISPATCH,UNIT_SCADA,1,"2022/10/20 21:10:00",PORTWF,44.400002
D,DISPATCH,UNIT_SCADA,1,"2022/10/20 21:10:00",REPULSE,9.486839
D,DISPATCH,UNIT_SCADA,1,"2022/10/20 21:10:00",ROWALLAN,8.8253
D,DISPATCH,UNIT_SCADA,1,"2022/10/20 21:10:00",ROYALLA1,0
D,DISPATCH,UNIT_SCADA,1,"2022/10/20 21:10:00",RPCG,-0.50
D,DISPATCH,UNIT_SCADA,1,"2022/10/20 21:10:00",RUBICON,0
D,DISPATCH,UNIT_SCADA,1,"2022/10/20 21:10:00",WAUBRAWF,49.6040
D,DISPATCH,UNIT_SCADA,1,"2022/10/20 21:10:00",WOOLNTH1,78.869995
D,DISPATCH,UNIT_SCADA,1,"2022/10/20 21:10:00",YAMBUKWF,4
D,DISPATCH,UNIT_SCADA,1,"2022/10/20 21:10:00",YSWF1,0.30
D,DISPATCH,UNIT_SCADA,1,"2022/10/20 21:10:00",ADPBA1G,0.0080
D,DISPATCH,UNIT_SCADA,1,"2022/10/20 21:10:00",ADPBA1L,0
D,DISPATCH,UNIT_SCADA,1,"2022/10/20 21:10:00",ADPPV1,0
D,DISPATCH,UNIT_SCADA,1,"2022/10/20 21:10:00",AGLHAL,31.060220
D,DISPATCH,UNIT_SCADA,1,"2022/10/20 21:10:00",AGLSOM,0
D,DISPATCH,UNIT_SCADA,1,"2022/10/20 21:10:00",ANGAST1,0
D,DISPATCH,UNIT_SCADA,1,"2022/10/20 21:10:00",ARWF1,3.80
D,DISPATCH,UNIT_SCADA,1,"2022/10/20 21:10:00",BALBG1,6.17
D,DISPATCH,UNIT_SCADA,1,"2022/10/20 21:10:00",BALBL1,0
D,DISPATCH,UNIT_SCADA,1,"2022/10/20 21:10:00",BALDHWF1,100.0940
D,DISPATCH,UNIT_SCADA,1,"2022/10/20 21:10:00",BANGOWF1,86.297710
D,DISPATCH,UNIT_SCADA,1,"2022/10/20 21:10:00",BANGOWF2,64.898830
D,DISPATCH,UNIT_SCADA,1,"2022/10/20 21:10:00",BANN1,0
D,DISPATCH,UNIT_SCADA,1,"2022/10/20 21:10:00",BARCALDN,0
D,DISPATCH,UNIT_SCADA,1,"2022/10/20 21:10:00",BARKIPS1,191.44
D,DISPATCH,UNIT_SCADA,1,"2022/10/20 21:10:00",BARRON-1,0
D,DISPATCH,UNIT_SCADA,1,"2022/10/20 21:10:00",BARRON-2,0
D,DISPATCH,UNIT_SCADA,1,"2022/10/20 21:10:00",BASTYAN,0
D,DISPATCH,UNIT_SCADA,1,"2022/10/20 21:10:00",BBTHREE1,0
D,DISPATCH,UNIT_SCADA,1,"2022/10/20 21:10:00",BBTHREE2,0
D,DISPATCH,UNIT_SCADA,1,"2022/10/20 21:10:00",BBTHREE3,-1.07
D,DISPATCH,UNIT_SCADA,1,"2022/10/20 21:10:00",BDL01,0
D,DISPATCH,UNIT_SCADA,1,"2022/10/20 21:10:00",BDL02,0
D,DISPATCH,UNIT_SCADA,1,"2022/10/20 21:10:00",BERYLSF1,0
D,DISPATCH,UNIT_SCADA,1,"2022/10/20 21:10:00",BLOWERNG,62.60
D,DISPATCH,UNIT_SCADA,1,"2022/10/20 21:10:00",BLUEGSF1,0
D,DISPATCH,UNIT_SCADA,1,"2022/10/20 21:10:00",BLUFF1,12.70
D,DISPATCH,UNIT_SCADA,1,"2022/10/20 21:10:00",BNGSF1,0
D,DISPATCH,UNIT_SCADA,1,"2022/10/20 21:10:00",BNGSF2,0
D,DISPATCH,UNIT_SCADA,1,"2022/10/20 21:10:00",BOCORWF1,29.85
D,DISPATCH,UNIT_SCADA,1,"2022/10/20 21:10:00",BODWF1,111.002020
D,DISPATCH,UNIT_SCADA,1,"2022/10/20 21:10:00",BOMENSF1,0
D,DISPATCH,UNIT_SCADA,1,"2022/10/20 21:10:00",BOWWBA1G,0
D,DISPATCH,UNIT_SCADA,1,"2022/10/20 21:10:00",BOWWBA1L,0.0010
D,DISPATCH,UNIT_SCADA,1,"2022/10/20 21:10:00",BOWWPV1,0
D,DISPATCH,UNIT_SCADA,1,"2022/10/20 21:10:00",BRAEMAR1,0
D,DISPATCH,UNIT_SCADA,1,"2022/10/20 21:10:00",BRAEMAR2,0
D,DISPATCH,UNIT_SCADA,1,"2022/10/20 21:10:00",BRAEMAR3,0
D,DISPATCH,UNIT_SCADA,1,"2022/10/20 21:10:00",BRAEMAR5,144.226790
D,DISPATCH,UNIT_SCADA,1,"2022/10/20 21:10:00",BRAEMAR6,0
D,DISPATCH,UNIT_SCADA,1,"2022/10/20 21:10:00",BRAEMAR7,140.148040
D,DISPATCH,UNIT_SCADA,1,"2022/10/20 21:10:00",BROKENH1,0
D,DISPATCH,UNIT_SCADA,1,"2022/10/20 21:10:00",BRYB1WF1,66.898610
D,DISPATCH,UNIT_SCADA,1,"2022/10/20 21:10:00",BULBESG1,0
D,DISPATCH,UNIT_SCADA,1,"2022/10/20 21:10:00",BULBESL1,0.03
D,DISPATCH,UNIT_SCADA,1,"2022/10/20 21:10:00",BULGANA1,25.45
D,DISPATCH,UNIT_SCADA,1,"2022/10/20 21:10:00",BW01,661.301570
D,DISPATCH,UNIT_SCADA,1,"2022/10/20 21:10:00",BW02,639.230960
D,DISPATCH,UNIT_SCADA,1,"2022/10/20 21:10:00",BW03,578.439030
D,DISPATCH,UNIT_SCADA,1,"2022/10/20 21:10:00",BW04,0
D,DISPATCH,UNIT_SCADA,1,"2022/10/20 21:10:00",CALL_B_1,320.399990
D,DISPATCH,UNIT_SCADA,1,"2022/10/20 21:10:00",CALL_B_2,321.399990
D,DISPATCH,UNIT_SCADA,1,"2022/10/20 21:10:00",CATHROCK,0.80
D,DISPATCH,UNIT_SCADA,1,"2022/10/20 21:10:00",CBWWBA1G,0
D,DISPATCH,UNIT_SCADA,1,"2022/10/20 21:10:00",CBWWBA1L,0
D,DISPATCH,UNIT_SCADA,1,"2022/10/20 21:10:00",CETHANA,97.166630
D,DISPATCH,UNIT_SCADA,1,"2022/10/20 21:10:00",CG1,0
D,DISPATCH,UNIT_SCADA,1,"2022/10/20 21:10:00",CG2,0
D,DISPATCH,UNIT_SCADA,1,"2022/10/20 21:10:00",CG3,0
D,DISPATCH,UNIT_SCADA,1,"2022/10/20 21:10:00",CG4,0
D,DISPATCH,UNIT_SCADA,1,"2022/10/20 21:10:00",CHILDSF1,0
D,DISPATCH,UNIT_SCADA,1,"2022/10/20 21:10:00",CHYTWF1,5.08
D,DISPATCH,UNIT_SCADA,1,"2022/10/20 21:10:00",CLARESF1,0
D,DISPATCH,UNIT_SCADA,1,"2022/10/20 21:10:00",CLEMGPWF,1.728840
D,DISPATCH,UNIT_SCADA,1,"2022/10/20 21:10:00",CLERMSF1,0
D,DISPATCH,UNIT_SCADA,1,"2022/10/20 21:10:00",CNUNDAWF,15.217750
D,DISPATCH,UNIT_SCADA,1,"2022/10/20 21:10:00",COHUNSF1,0
D,DISPATCH,UNIT_SCADA,1,"2022/10/20 21:10:00",COLEASF1,0
D,DISPATCH,UNIT_SCADA,1,"2022/10/20 21:10:00",COLUMSF1,0
D,DISPATCH,UNIT_SCADA,1,"2022/10/20 21:10:00",COLWF01,131.897460
D,DISPATCH,UNIT_SCADA,1,"2022/10/20 21:10:00",COOPGWF1,378.329990
D,DISPATCH,UNIT_SCADA,1,"2022/10/20 21:10:00",CPP_3,381.425020
D,DISPATCH,UNIT_SCADA,1,"2022/10/20 21:10:00",CPP_4,0
D,DISPATCH,UNIT_SCADA,1,"2022/10/20 21:10:00",CPSA,0
D,DISPATCH,UNIT_SCADA,1,"2022/10/20 21:10:00",CROOKWF2,39.913330
D,DISPATCH,UNIT_SCADA,1,"2022/10/20 21:10:00",CROWLWF1,18.601980
D,DISPATCH,UNIT_SCADA,1,"2022/10/20 21:10:00",CRURWF1,89.199280
D,DISPATCH,UNIT_SCADA,1,"2022/10/20 21:10:00",CRWASF1,0
D,DISPATCH,UNIT_SCADA,1,"2022/10/20 21:10:00",CSPVPS1,0
D,DISPATCH,UNIT_SCADA,1,"2022/10/20 21:10:00",CTHLWF1,0.003050
D,DISPATCH,UNIT_SCADA,1,"2022/10/20 21:10:00",DALNTH01,0.013730
D,DISPATCH,UNIT_SCADA,1,"2022/10/20 21:10:00",DALNTHL1,0
D,DISPATCH,UNIT_SCADA,1,"2022/10/20 21:10:00",DARLSF1,0
D,DISPATCH,UNIT_SCADA,1,"2022/10/20 21:10:00",DARTM1,0
D,DISPATCH,UNIT_SCADA,1,"2022/10/20 21:10:00",DAYDSF1,0
D,DISPATCH,UNIT_SCADA,1,"2022/10/20 21:10:00",DDPS1,0
D,DISPATCH,UNIT_SCADA,1,"2022/10/20 21:10:00",DDSF1,0
D,DISPATCH,UNIT_SCADA,1,"2022/10/20 21:10:00",DEVILS_G,48.651390
D,DISPATCH,UNIT_SCADA,1,"2022/10/20 21:10:00",DG_NSW1,0
D,DISPATCH,UNIT_SCADA,1,"2022/10/20 21:10:00",DG_QLD1,0
D,DISPATCH,UNIT_SCADA,1,"2022/10/20 21:10:00",DG_SA1,0
D,DISPATCH,UNIT_SCADA,1,"2022/10/20 21:10:00",DG_TAS1,0
D,DISPATCH,UNIT_SCADA,1,"2022/10/20 21:10:00",DG_VIC1,0
D,DISPATCH,UNIT_SCADA,1,"2022/10/20 21:10:00",DRYCGT1,0
D,DISPATCH,UNIT_SCADA,1,"2022/10/20 21:10:00",DRYCGT2,0
D,DISPATCH,UNIT_SCADA,1,"2022/10/20 21:10:00",DRYCGT3,0
D,DISPATCH,UNIT_SCADA,1,"2022/10/20 21:10:00",DUNDWF1,80.03
D,DISPATCH,UNIT_SCADA,1,"2022/10/20 21:10:00",DUNDWF2,24.87
D,DISPATCH,UNIT_SCADA,1,"2022/10/20 21:10:00",DUNDWF3,72.64
D,DISPATCH,UNIT_SCADA,1,"2022/10/20 21:10:00",EILDON1,59.88
D,DISPATCH,UNIT_SCADA,1,"2022/10/20 21:10:00",EILDON2,60.04
D,DISPATCH,UNIT_SCADA,1,"2022/10/20 21:10:00",ELAINWF1,7.48
D,DISPATCH,UNIT_SCADA,1,"2022/10/20 21:10:00",EMERASF1,0
D,DISPATCH,UNIT_SCADA,1,"2022/10/20 21:10:00",ER01,0
D,DISPATCH,UNIT_SCADA,1,"2022/10/20 21:10:00",ER02,650.119810
D,DISPATCH,UNIT_SCADA,1,"2022/10/20 21:10:00",ER03,667.405210
D,DISPATCH,UNIT_SCADA,1,"2022/10/20 21:10:00",ER04,663.987180
D,DISPATCH,UNIT_SCADA,1,"2022/10/20 21:10:00",FINLYSF1,0
D,DISPATCH,UNIT_SCADA,1,"2022/10/20 21:10:00",FISHER,43.87
D,DISPATCH,UNIT_SCADA,1,"2022/10/20 21:10:00",GANGARR1,0
D,DISPATCH,UNIT_SCADA,1,"2022/10/20 21:10:00",GANNBG1,0
D,DISPATCH,UNIT_SCADA,1,"2022/10/20 21:10:00",GANNBL1,0.025970
D,DISPATCH,UNIT_SCADA,1,"2022/10/20 21:10:00",GANNSF1,0
D,DISPATCH,UNIT_SCADA,1,"2022/10/20 21:10:00",GLRWNSF1,0
D,DISPATCH,UNIT_SCADA,1,"2022/10/20 21:10:00",GNNDHSF1,0
D,DISPATCH,UNIT_SCADA,1,"2022/10/20 21:10:00",GOONSF1,0
D,DISPATCH,UNIT_SCADA,1,"2022/10/20 21:10:00",GORDON,244.994080
D,DISPATCH,UNIT_SCADA,1,"2022/10/20 21:10:00",GRANWF1,0
D,DISPATCH,UNIT_SCADA,1,"2022/10/20 21:10:00",GSTONE1,206.3250
D,DISPATCH,UNIT_SCADA,1,"2022/10/20 21:10:00",GSTONE2,0
D,DISPATCH,UNIT_SCADA,1,"2022/10/20 21:10:00",GSTONE3,200.024990
D,DISPATCH,UNIT_SCADA,1,"2022/10/20 21:10:00",GSTONE4,0
D,DISPATCH,UNIT_SCADA,1,"2022/10/20 21:10:00",GSTONE5,205.45
D,DISPATCH,UNIT_SCADA,1,"2022/10/20 21:10:00",GSTONE6,206.6750
D,DISPATCH,UNIT_SCADA,1,"2022/10/20 21:10:00",GULLRSF1,0
D,DISPATCH,UNIT_SCADA,1,"2022/10/20 21:10:00",GULLRWF1,72.913890
D,DISPATCH,UNIT_SCADA,1,"2022/10/20 21:10:00",GULLRWF2,102.636830
D,DISPATCH,UNIT_SCADA,1,"2022/10/20 21:10:00",GUNNING1,0
D,DISPATCH,UNIT_SCADA,1,"2022/10/20 21:10:00",GUTHEGA,68.100010
D,DISPATCH,UNIT_SCADA,1,"2022/10/20 21:10:00",HALLWF1,23.25
D,DISPATCH,UNIT_SCADA,1,"2022/10/20 21:10:00",HALLWF2,29.02
D,DISPATCH,UNIT_SCADA,1,"2022/10/20 21:10:00",HAMISF1,0
D,DISPATCH,UNIT_SCADA,1,"2022/10/20 21:10:00",HAUGHT11,0
D,DISPATCH,UNIT_SCADA,1,"2022/10/20 21:10:00",HAYMSF1,0
D,DISPATCH,UNIT_SCADA,1,"2022/10/20 21:10:00",HDWF1,18.20
D,DISPATCH,UNIT_SCADA,1,"2022/10/20 21:10:00",HDWF2,9.20
D,DISPATCH,UNIT_SCADA,1,"2022/10/20 21:10:00",HDWF3,16.40
D,DISPATCH,UNIT_SCADA,1,"2022/10/20 21:10:00",HILLSTN1,0
D,DISPATCH,UNIT_SCADA,1,"2022/10/20 21:10:00",HPRG1,0.50
D,DISPATCH,UNIT_SCADA,1,"2022/10/20 21:10:00",HPRL1,0
D,DISPATCH,UNIT_SCADA,1,"2022/10/20 21:10:00",HUMENSW,54.315260
D,DISPATCH,UNIT_SCADA,1,"2022/10/20 21:10:00",HUMEV,0
D,DISPATCH,UNIT_SCADA,1,"2022/10/20 21:10:00",HVWWBA1G,0
D,DISPATCH,UNIT_SCADA,1,"2022/10/20 21:10:00",HVWWBA1L,0.0060
D,DISPATCH,UNIT_SCADA,1,"2022/10/20 21:10:00",HVWWPV1,0
D,DISPATCH,UNIT_SCADA,1,"2022/10/20 21:10:00",JBUTTERS,0
D,DISPATCH,UNIT_SCADA,1,"2022/10/20 21:10:00",JEMALNG1,0
D,DISPATCH,UNIT_SCADA,1,"2022/10/20 21:10:00",JLA01,0
D,DISPATCH,UNIT_SCADA,1,"2022/10/20 21:10:00",JLA02,0
D,DISPATCH,UNIT_SCADA,1,"2022/10/20 21:10:00",JLA03,0
D,DISPATCH,UNIT_SCADA,1,"2022/10/20 21:10:00",JLA04,0
D,DISPATCH,UNIT_SCADA,1,"2022/10/20 21:10:00",JLB01,0
D,DISPATCH,UNIT_SCADA,1,"2022/10/20 21:10:00",JLB02,0.10
D,DISPATCH,UNIT_SCADA,1,"2022/10/20 21:10:00",JLB03,0
D,DISPATCH,UNIT_SCADA,1,"2022/10/20 21:10:00",JUNEESF1,0
D,DISPATCH,UNIT_SCADA,1,"2022/10/20 21:10:00",KABANWF1,1.4080
D,DISPATCH,UNIT_SCADA,1,"2022/10/20 21:10:00",KAREEYA1,0
D,DISPATCH,UNIT_SCADA,1,"2022/10/20 21:10:00",KAREEYA2,0
D,DISPATCH,UNIT_SCADA,1,"2022/10/20 21:10:00",KAREEYA3,4.9050
D,DISPATCH,UNIT_SCADA,1,"2022/10/20 21:10:00",KAREEYA4,0
D,DISPATCH,UNIT_SCADA,1,"2022/10/20 21:10:00",KARSF1,0
D,DISPATCH,UNIT_SCADA,1,"2022/10/20 21:10:00",KEPSF1,0
D,DISPATCH,UNIT_SCADA,1,"2022/10/20 21:10:00",KEPWF1,3.12
D,DISPATCH,UNIT_SCADA,1,"2022/10/20 21:10:00",KIAMSF1,0
D,DISPATCH,UNIT_SCADA,1,"2022/10/20 21:10:00",KIATAWF1,10.90
D,DISPATCH,UNIT_SCADA,1,"2022/10/20 21:10:00",KPP_1,0
D,DISPATCH,UNIT_SCADA,1,"2022/10/20 21:10:00",KSP1,0
D,DISPATCH,UNIT_SCADA,1,"2022/10/20 21:10:00",LADBROK1,0.01
D,DISPATCH,UNIT_SCADA,1,"2022/10/20 21:10:00",LADBROK2,0.02
D,DISPATCH,UNIT_SCADA,1,"2022/10/20 21:10:00",LBBG1,0
D,DISPATCH,UNIT_SCADA,1,"2022/10/20 21:10:00",LBBL1,0
D,DISPATCH,UNIT_SCADA,1,"2022/10/20 21:10:00",LD01,378.911710
D,DISPATCH,UNIT_SCADA,1,"2022/10/20 21:10:00",LD02,84.359260
D,DISPATCH,UNIT_SCADA,1,"2022/10/20 21:10:00",LD04,312.9368
D,DISPATCH,UNIT_SCADA,1,"2022/10/20 21:10:00",LEM_WIL,86.989270
D,DISPATCH,UNIT_SCADA,1,"2022/10/20 21:10:00",LGAPWF1,98.37
D,DISPATCH,UNIT_SCADA,1,"2022/10/20 21:10:00",LGAPWF2,63.39
D,DISPATCH,UNIT_SCADA,1,"2022/10/20 21:10:00",LILYSF1,0
D,DISPATCH,UNIT_SCADA,1,"2022/10/20 21:10:00",LIMOSF11,0
D,DISPATCH,UNIT_SCADA,1,"2022/10/20 21:10:00",LIMOSF21,0
D,DISPATCH,UNIT_SCADA,1,"2022/10/20 21:10:00",LI_WY_CA,63.4824
D,DISPATCH,UNIT_SCADA,1,"2022/10/20 21:10:00",LKBONNY1,17.415340
D,DISPATCH,UNIT_SCADA,1,"2022/10/20 21:10:00",LKBONNY2,55.019860
D,DISPATCH,UNIT_SCADA,1,"2022/10/20 21:10:00",LKBONNY3,12.3925
D,DISPATCH,UNIT_SCADA,1,"2022/10/20 21:10:00",LK_ECHO,0
D,DISPATCH,UNIT_SCADA,1,"2022/10/20 21:10:00",LNGS1,0
D,DISPATCH,UNIT_SCADA,1,"2022/10/20 21:10:00",LNGS2,0
D,DISPATCH,UNIT_SCADA,1,"2022/10/20 21:10:00",LONSDALE,0
D,DISPATCH,UNIT_SCADA,1,"2022/10/20 21:10:00",LOYYB1,578.570860
D,DISPATCH,UNIT_SCADA,1,"2022/10/20 21:10:00",LOYYB2,575.187320
D,DISPATCH,UNIT_SCADA,1,"2022/10/20 21:10:00",LYA1,561
D,DISPATCH,UNIT_SCADA,1,"2022/10/20 21:10:00",LYA2,0
D,DISPATCH,UNIT_SCADA,1,"2022/10/20 21:10:00",LYA3,560
D,DISPATCH,UNIT_SCADA,1,"2022/10/20 21:10:00",LYA4,561
D,DISPATCH,UNIT_SCADA,1,"2022/10/20 21:10:00",MACARTH1,134.096910
D,DISPATCH,UNIT_SCADA,1,"2022/10/20 21:10:00",MACKNTSH,0
D,DISPATCH,UNIT_SCADA,1,"2022/10/20 21:10:00",MANSLR1,0
D,DISPATCH,UNIT_SCADA,1,"2022/10/20 21:10:00",MAPS2PV1,0
D,DISPATCH,UNIT_SCADA,1,"2022/10/20 21:10:00",MAPS3PV1,0
D,DISPATCH,UNIT_SCADA,1,"2022/10/20 21:10:00",MARYRSF1,0
D,DISPATCH,UNIT_SCADA,1,"2022/10/20 21:10:00",MBPS2PV1,0
D,DISPATCH,UNIT_SCADA,1,"2022/10/20 21:10:00",MCKAY1,222.445010
D,DISPATCH,UNIT_SCADA,1,"2022/10/20 21:10:00",MEADOWBK,19.777360
D,DISPATCH,UNIT_SCADA,1,"2022/10/20 21:10:00",MERCER01,18.40
D,DISPATCH,UNIT_SCADA,1,"2022/10/20 21:10:00",METZSF1,0
D,DISPATCH,UNIT_SCADA,1,"2022/10/20 21:10:00",MEWF1,17.735680
D,DISPATCH,UNIT_SCADA,1,"2022/10/20 21:10:00",MIDDLSF1,0
D,DISPATCH,UNIT_SCADA,1,"2022/10/20 21:10:00",MINTARO,0.128180
D,DISPATCH,UNIT_SCADA,1,"2022/10/20 21:10:00",MOLNGSF1,0
D,DISPATCH,UNIT_SCADA,1,"2022/10/20 21:10:00",MOORAWF1,13.22
D,DISPATCH,UNIT_SCADA,1,"2022/10/20 21:10:00",MOREESF1,0
D,DISPATCH,UNIT_SCADA,1,"2022/10/20 21:10:00",MORTLK11,0
D,DISPATCH,UNIT_SCADA,1,"2022/10/20 21:10:00",MORTLK12,0
D,DISPATCH,UNIT_SCADA,1,"2022/10/20 21:10:00",MOUSF1,0
D,DISPATCH,UNIT_SCADA,1,"2022/10/20 21:10:00",MP1,0
D,DISPATCH,UNIT_SCADA,1,"2022/10/20 21:10:00",MP2,445.429170
D,DISPATCH,UNIT_SCADA,1,"2022/10/20 21:10:00",MPP_1,189.169540
D,DISPATCH,UNIT_SCADA,1,"2022/10/20 21:10:00",MPP_2,180.090260
D,DISPATCH,UNIT_SCADA,1,"2022/10/20 21:10:00",MRTLSWF1,0
D,DISPATCH,UNIT_SCADA,1,"2022/10/20 21:10:00",MSTUART1,0
D,DISPATCH,UNIT_SCADA,1,"2022/10/20 21:10:00",MSTUART2,0
D,DISPATCH,UNIT_SCADA,1,"2022/10/20 21:10:00",MSTUART3,0
D,DISPATCH,UNIT_SCADA,1,"2022/10/20 21:10:00",MTGELWF1,38.927890
D,DISPATCH,UNIT_SCADA,1,"2022/10/20 21:10:00",MTMILLAR,24
D,DISPATCH,UNIT_SCADA,1,"2022/10/20 21:10:00",MURRAY,55.50
D,DISPATCH,UNIT_SCADA,1,"2022/10/20 21:10:00",MUSSELR1,20.10
D,DISPATCH,UNIT_SCADA,1,"2022/10/20 21:10:00",MUWAWF1,14.49
D,DISPATCH,UNIT_SCADA,1,"2022/10/20 21:10:00",MUWAWF2,19.20
D,DISPATCH,UNIT_SCADA,1,"2022/10/20 21:10:00",MWPS1PV1,0
D,DISPATCH,UNIT_SCADA,1,"2022/10/20 21:10:00",MWPS2PV1,0
D,DISPATCH,UNIT_SCADA,1,"2022/10/20 21:10:00",MWPS3PV1,0
D,DISPATCH,UNIT_SCADA,1,"2022/10/20 21:10:00",MWPS4PV1,0
D,DISPATCH,UNIT_SCADA,1,"2022/10/20 21:10:00",NBHWF1,28
D,DISPATCH,UNIT_SCADA,1,"2022/10/20 21:10:00",NEVERSF1,0
D,DISPATCH,UNIT_SCADA,1,"2022/10/20 21:10:00",NPS,0
D,DISPATCH,UNIT_SCADA,1,"2022/10/20 21:10:00",NUMURSF1,0
D,DISPATCH,UNIT_SCADA,1,"2022/10/20 21:10:00",NYNGAN1,0
D,DISPATCH,UNIT_SCADA,1,"2022/10/20 21:10:00",OAKEY1,0
D,DISPATCH,UNIT_SCADA,1,"2022/10/20 21:10:00",OAKEY1SF,0
D,DISPATCH,UNIT_SCADA,1,"2022/10/20 21:10:00",OAKEY2,0
D,DISPATCH,UNIT_SCADA,1,"2022/10/20 21:10:00",OAKEY2SF,0
D,DISPATCH,UNIT_SCADA,1,"2022/10/20 21:10:00",OAKLAND1,20.30
D,DISPATCH,UNIT_SCADA,1,"2022/10/20 21:10:00",OSB-AG,178.87
D,DISPATCH,UNIT_SCADA,1,"2022/10/20 21:10:00",PAREPS1,0
D,DISPATCH,UNIT_SCADA,1,"2022/10/20 21:10:00",PAREPW1,56.33
D,DISPATCH,UNIT_SCADA,1,"2022/10/20 21:10:00",PARSF1,0.001530
D,DISPATCH,UNIT_SCADA,1,"2022/10/20 21:10:00",POAT110,3.14
D,DISPATCH,UNIT_SCADA,1,"2022/10/20 21:10:00",POAT220,0
D,DISPATCH,UNIT_SCADA,1,"2022/10/20 21:10:00",POR01,0
D,DISPATCH,UNIT_SCADA,1,"2022/10/20 21:10:00",POR03,0
D,DISPATCH,UNIT_SCADA,1,"2022/10/20 21:10:00",PPCCGT,166.169980
D,DISPATCH,UNIT_SCADA,1,"2022/10/20 21:10:00",PTSTAN1,0
D,DISPATCH,UNIT_SCADA,1,"2022/10/20 21:10:00",PUMP1,0
D,DISPATCH,UNIT_SCADA,1,"2022/10/20 21:10:00",PUMP2,0
D,DISPATCH,UNIT_SCADA,1,"2022/10/20 21:10:00",QBYNBG1,0.0015
D,DISPATCH,UNIT_SCADA,1,"2022/10/20 21:10:00",QBYNBL1,0
D,DISPATCH,UNIT_SCADA,1,"2022/10/20 21:10:00",QPS1,0
D,DISPATCH,UNIT_SCADA,1,"2022/10/20 21:10:00",QPS2,0
D,DISPATCH,UNIT_SCADA,1,"2022/10/20 21:10:00",QPS3,0
D,DISPATCH,UNIT_SCADA,1,"2022/10/20 21:10:00",QPS4,0
D,DISPATCH,UNIT_SCADA,1,"2022/10/20 21:10:00",QPS5,0
D,DISPATCH,UNIT_SCADA,1,"2022/10/20 21:10:00",REECE1,0
D,DISPATCH,UNIT_SCADA,1,"2022/10/20 21:10:00",REECE2,0
D,DISPATCH,UNIT_SCADA,1,"2022/10/20 21:10:00",ROMA_7,0
D,DISPATCH,UNIT_SCADA,1,"2022/10/20 21:10:00",ROMA_8,0
D,DISPATCH,UNIT_SCADA,1,"2022/10/20 21:10:00",RRSF1,0
D,DISPATCH,UNIT_SCADA,1,"2022/10/20 21:10:00",RT_NSW1,0
D,DISPATCH,UNIT_SCADA,1,"2022/10/20 21:10:00",RT_NSW2,0
D,DISPATCH,UNIT_SCADA,1,"2022/10/20 21:10:00",RT_NSW3,0
D,DISPATCH,UNIT_SCADA,1,"2022/10/20 21:10:00",RT_NSW4,0
D,DISPATCH,UNIT_SCADA,1,"2022/10/20 21:10:00",RT_NSW5,0
D,DISPATCH,UNIT_SCADA,1,"2022/10/20 21:10:00",RT_NSW6,0
D,DISPATCH,UNIT_SCADA,1,"2022/10/20 21:10:00",RT_QLD1,0
D,DISPATCH,UNIT_SCADA,1,"2022/10/20 21:10:00",RT_SA1,0
D,DISPATCH,UNIT_SCADA,1,"2022/10/20 21:10:00",RT_SA2,0
D,DISPATCH,UNIT_SCADA,1,"2022/10/20 21:10:00",RT_SA3,0
D,DISPATCH,UNIT_SCADA,1,"2022/10/20 21:10:00",RT_SA4,0
D,DISPATCH,UNIT_SCADA,1,"2022/10/20 21:10:00",RT_SA5,0
D,DISPATCH,UNIT_SCADA,1,"2022/10/20 21:10:00",RT_SA6,0
D,DISPATCH,UNIT_SCADA,1,"2022/10/20 21:10:00",RT_TAS1,0
D,DISPATCH,UNIT_SCADA,1,"2022/10/20 21:10:00",RT_VIC1,0
D,DISPATCH,UNIT_SCADA,1,"2022/10/20 21:10:00",RT_VIC10,0
D,DISPATCH,UNIT_SCADA,1,"2022/10/20 21:10:00",RT_VIC11,0
D,DISPATCH,UNIT_SCADA,1,"2022/10/20 21:10:00",RT_VIC12,0
D,DISPATCH,UNIT_SCADA,1,"2022/10/20 21:10:00",RT_VIC2,0
D,DISPATCH,UNIT_SCADA,1,"2022/10/20 21:10:00",RT_VIC3,0
D,DISPATCH,UNIT_SCADA,1,"2022/10/20 21:10:00",RT_VIC4,0
D,DISPATCH,UNIT_SCADA,1,"2022/10/20 21:10:00",RT_VIC5,0
D,DISPATCH,UNIT_SCADA,1,"2022/10/20 21:10:00",RT_VIC6,0
D,DISPATCH,UNIT_SCADA,1,"2022/10/20 21:10:00",RT_VIC7,0
D,DISPATCH,UNIT_SCADA,1,"2022/10/20 21:10:00",RT_VIC8,0
D,DISPATCH,UNIT_SCADA,1,"2022/10/20 21:10:00",RT_VIC9,0
D,DISPATCH,UNIT_SCADA,1,"2022/10/20 21:10:00",RUGBYR1,0
D,DISPATCH,UNIT_SCADA,1,"2022/10/20 21:10:00",SALTCRK1,28.12
D,DISPATCH,UNIT_SCADA,1,"2022/10/20 21:10:00",SAPHWF1,250.615710
D,DISPATCH,UNIT_SCADA,1,"2022/10/20 21:10:00",SEBSF1,0
D,DISPATCH,UNIT_SCADA,1,"2022/10/20 21:10:00",SHGEN,0
D,DISPATCH,UNIT_SCADA,1,"2022/10/20 21:10:00",SHPUMP,0
D,DISPATCH,UNIT_SCADA,1,"2022/10/20 21:10:00",SITHE01,0.133760
D,DISPATCH,UNIT_SCADA,1,"2022/10/20 21:10:00",SMCSF1,0
D,DISPATCH,UNIT_SCADA,1,"2022/10/20 21:10:00",SNAPPER1,0
D,DISPATCH,UNIT_SCADA,1,"2022/10/20 21:10:00",SNOWNTH1,53.40
D,DISPATCH,UNIT_SCADA,1,"2022/10/20 21:10:00",SNOWSTH1,34.90
D,DISPATCH,UNIT_SCADA,1,"2022/10/20 21:10:00",SNOWTWN1,31.581810
D,DISPATCH,UNIT_SCADA,1,"2022/10/20 21:10:00",SNOWYP,0
D,DISPATCH,UNIT_SCADA,1,"2022/10/20 21:10:00",SNUG1,0
D,DISPATCH,UNIT_SCADA,1,"2022/10/20 21:10:00",SRSF1,0
D,DISPATCH,UNIT_SCADA,1,"2022/10/20 21:10:00",STAN-1,278.466710
D,DISPATCH,UNIT_SCADA,1,"2022/10/20 21:10:00",STAN-2,363.602540
D,DISPATCH,UNIT_SCADA,1,"2022/10/20 21:10:00",STAN-3,364.538240
D,DISPATCH,UNIT_SCADA,1,"2022/10/20 21:10:00",STAN-4,363.961430
D,DISPATCH,UNIT_SCADA,1,"2022/10/20 21:10:00",STARHLWF,21.5937
D,DISPATCH,UNIT_SCADA,1,"2022/10/20 21:10:00",STOCKYD1,173.399990
D,DISPATCH,UNIT_SCADA,1,"2022/10/20 21:10:00",STWF1,52.444040
D,DISPATCH,UNIT_SCADA,1,"2022/10/20 21:10:00",SUNRSF1,0
D,DISPATCH,UNIT_SCADA,1,"2022/10/20 21:10:00",SUNTPSF1,0
D,DISPATCH,UNIT_SCADA,1,"2022/10/20 21:10:00",SWAN_E,345.734380
D,DISPATCH,UNIT_SCADA,1,"2022/10/20 21:10:00",TALWA1,0
D,DISPATCH,UNIT_SCADA,1,"2022/10/20 21:10:00",TARALGA1,0
D,DISPATCH,UNIT_SCADA,1,"2022/10/20 21:10:00",TARONG#1,349
D,DISPATCH,UNIT_SCADA,1,"2022/10/20 21:10:00",TARONG#2,349.50
D,DISPATCH,UNIT_SCADA,1,"2022/10/20 21:10:00",TARONG#3,0.90
D,DISPATCH,UNIT_SCADA,1,"2022/10/20 21:10:00",TARONG#4,295.100010
D,DISPATCH,UNIT_SCADA,1,"2022/10/20 21:10:00",TARRALEA,54
D,DISPATCH,UNIT_SCADA,1,"2022/10/20 21:10:00",TBSF1,0
D,DISPATCH,UNIT_SCADA,1,"2022/10/20 21:10:00",TNPS1,420.6250
D,DISPATCH,UNIT_SCADA,1,"2022/10/20 21:10:00",TORRB1,0
D,DISPATCH,UNIT_SCADA,1,"2022/10/20 21:10:00",TORRB2,63
D,DISPATCH,UNIT_SCADA,1,"2022/10/20 21:10:00",TORRB3,0
D,DISPATCH,UNIT_SCADA,1,"2022/10/20 21:10:00",TORRB4,0
D,DISPATCH,UNIT_SCADA,1,"2022/10/20 21:10:00",TREVALLN,97.910560
D,DISPATCH,UNIT_SCADA,1,"2022/10/20 21:10:00",TRIBUTE,0
D,DISPATCH,UNIT_SCADA,1,"2022/10/20 21:10:00",TUMUT3,288.78
D,DISPATCH,UNIT_SCADA,1,"2022/10/20 21:10:00",TUNGATIN,7.820010
D,DISPATCH,UNIT_SCADA,1,"2022/10/20 21:10:00",TVCC201,0
D,DISPATCH,UNIT_SCADA,1,"2022/10/20 21:10:00",TVPP104,0
D,DISPATCH,UNIT_SCADA,1,"2022/10/20 21:10:00",UPPTUMUT,0
D,DISPATCH,UNIT_SCADA,1,"2022/10/20 21:10:00",URANQ11,0
D,DISPATCH,UNIT_SCADA,1,"2022/10/20 21:10:00",URANQ12,0
D,DISPATCH,UNIT_SCADA,1,"2022/10/20 21:10:00",URANQ13,0
D,DISPATCH,UNIT_SCADA,1,"2022/10/20 21:10:00",URANQ14,0
D,DISPATCH,UNIT_SCADA,1,"2022/10/20 21:10:00",VBBG1,13.50
D,DISPATCH,UNIT_SCADA,1,"2022/10/20 21:10:00",VBBL1,0
D,DISPATCH,UNIT_SCADA,1,"2022/10/20 21:10:00",VP5,561.174380
D,DISPATCH,UNIT_SCADA,1,"2022/10/20 21:10:00",VP6,597.625670
D,DISPATCH,UNIT_SCADA,1,"2022/10/20 21:10:00",VPGS1,0
D,DISPATCH,UNIT_SCADA,1,"2022/10/20 21:10:00",VPGS2,0
D,DISPATCH,UNIT_SCADA,1,"2022/10/20 21:10:00",VPGS3,0
D,DISPATCH,UNIT_SCADA,1,"2022/10/20 21:10:00",VPGS4,0
D,DISPATCH,UNIT_SCADA,1,"2022/10/20 21:10:00",VPGS5,0
D,DISPATCH,UNIT_SCADA,1,"2022/10/20 21:10:00",VPGS6,0
D,DISPATCH,UNIT_SCADA,1,"2022/10/20 21:10:00",W/HOE#1,0
D,DISPATCH,UNIT_SCADA,1,"2022/10/20 21:10:00",W/HOE#2,0
D,DISPATCH,UNIT_SCADA,1,"2022/10/20 21:10:00",WAGGNSF1,0
D,DISPATCH,UNIT_SCADA,1,"2022/10/20 21:10:00",WALGRVG1,0.000930
D,DISPATCH,UNIT_SCADA,1,"2022/10/20 21:10:00",WALGRVL1,0
D,DISPATCH,UNIT_SCADA,1,"2022/10/20 21:10:00",WANDBG1,0
D,DISPATCH,UNIT_SCADA,1,"2022/10/20 21:10:00",WANDBL1,0
D,DISPATCH,UNIT_SCADA,1,"2022/10/20 21:10:00",WARWSF1,0
D,DISPATCH,UNIT_SCADA,1,"2022/10/20 21:10:00",WARWSF2,0
D,DISPATCH,UNIT_SCADA,1,"2022/10/20 21:10:00",WATERLWF,18
D,DISPATCH,UNIT_SCADA,1,"2022/10/20 21:10:00",WDGPH1,0
D,DISPATCH,UNIT_SCADA,1,"2022/10/20 21:10:00",WELLSF1,0
D,DISPATCH,UNIT_SCADA,1,"2022/10/20 21:10:00",WEMENSF1,0
D,DISPATCH,UNIT_SCADA,1,"2022/10/20 21:10:00",WGWF1,31.70
D,DISPATCH,UNIT_SCADA,1,"2022/10/20 21:10:00",WHITSF1,0
D,DISPATCH,UNIT_SCADA,1,"2022/10/20 21:10:00",WINTSF1,0
D,DISPATCH,UNIT_SCADA,1,"2022/10/20 21:10:00",WKIEWA1,34
D,DISPATCH,UNIT_SCADA,1,"2022/10/20 21:10:00",WKIEWA2,34.10
D,DISPATCH,UNIT_SCADA,1,"2022/10/20 21:10:00",WOODLWN1,35.662170
D,DISPATCH,UNIT_SCADA,1,"2022/10/20 21:10:00",WOOLGSF1,0
D,DISPATCH,UNIT_SCADA,1,"2022/10/20 21:10:00",WPWF,57.35
D,DISPATCH,UNIT_SCADA,1,"2022/10/20 21:10:00",WRSF1,0
D,DISPATCH,UNIT_SCADA,1,"2022/10/20 21:10:00",WRWF1,138.036160
D,DISPATCH,UNIT_SCADA,1,"2022/10/20 21:10:00",WSTWYSF1,0
D,DISPATCH,UNIT_SCADA,1,"2022/10/20 21:10:00",YABULU,91.620010
D,DISPATCH,UNIT_SCADA,1,"2022/10/20 21:10:00",YABULU2,0
D,DISPATCH,UNIT_SCADA,1,"2022/10/20 21:10:00",YARANSF1,0
D,DISPATCH,UNIT_SCADA,1,"2022/10/20 21:10:00",YARWUN_1,164.50
D,DISPATCH,UNIT_SCADA,1,"2022/10/20 21:10:00",YATSF1,0
D,DISPATCH,UNIT_SCADA,1,"2022/10/20 21:10:00",YENDWF1,9.64
D,DISPATCH,UNIT_SCADA,1,"2022/10/20 21:10:00",YWPS1,319.797450
D,DISPATCH,UNIT_SCADA,1,"2022/10/20 21:10:00",YWPS2,359.898740
D,DISPATCH,UNIT_SCADA,1,"2022/10/20 21:10:00",YWPS3,360.235440
D,DISPATCH,UNIT_SCADA,1,"2022/10/20 21:10:00",YWPS4,0
C,"END OF REPORT",419
