C,NEMP.WORLD,DISPATCHSCADA,AEMO,PUBLIC,2022/10/20,06:25:09,0000000373234592,DISPATCHSCADA,0000000373234586
I,DISPATCH,UNIT_SCADA,1,SETTLEMENTDATE,DUID,SCADAVALUE
D,DISPATCH,UNIT_SCADA,1,"2022/10/20 06:30:00",BARCSF1,2.90
D,DISPATCH,UNIT_SCADA,1,"2022/10/20 06:30:00",BUTLERSG,8.699999
D,DISPATCH,UNIT_SCADA,1,"2022/10/20 06:30:00",CAPTL_WF,39.059189
D,DISPATCH,UNIT_SCADA,1,"2022/10/20 06:30:00",CHALLHWF,16.900002
D,DISPATCH,UNIT_SCADA,1,"2022/10/20 06:30:00",CLOVER,13.20
D,DISPATCH,UNIT_SCADA,1,"2022/10/20 06:30:00",CLUNY,6.238956
D,DISPATCH,UNIT_SCADA,1,"2022/10/20 06:30:00",CULLRGWF,-0.03
D,DISPATCH,UNIT_SCADA,1,"2022/10/20 06:30:00",DIAPURWF1,7.30
D,DISPATCH,UNIT_SCADA,1,"2022/10/20 06:30:00",ERGT01,0
D,DISPATCH,UNIT_SCADA,1,"2022/10/20 06:30:00",GB01,0
D,DISPATCH,UNIT_SCADA,1,"2022/10/20 06:30:00",GERMCRK,22.90
D,DISPATCH,UNIT_SCADA,1,"2022/10/20 06:30:00",GRIFSF1,0.898756
D,DISPATCH,UNIT_SCADA,1,"2022/10/20 06:30:00",HEZ1,0
D,DISPATCH,UNIT_SCADA,1,"2022/10/20 06:30:00",HUGSF1,0.5340
D,DISPATCH,UNIT_SCADA,1,"2022/10/20 06:30:00",KEPBG1,0.01
D,DISPATCH,UNIT_SCADA,1,"2022/10/20 06:30:00",LRSF1,0.5390
D,DISPATCH,UNIT_SCADA,1,"2022/10/20 06:30:00",MBAHNTH,47.850006
D,DISPATCH,UNIT_SCADA,1,"2022/10/20 06:30:00",MLSP1,1.919001
D,DISPATCH,UNIT_SCADA,1,"2022/10/20 06:30:00",MLWF1,1.17
D,DISPATCH,UNIT_SCADA,1,"2022/10/20 06:30:00",PALOONA,30.209999
D,DISPATCH,UNIT_SCADA,1,"2022/10/20 06:30:00",PIONEER,39.400002
D,DISPATCH,UNIT_SCADA,1,"2022/10/20 06:30:00",PORTWF,41.400002
D,DISPATCH,UNIT_SCADA,1,"2022/10/20 06:30:00",REPULSE,9.467307
D,DISPATCH,UNIT_SCADA,1,"2022/10/20 06:30:00",ROWALLAN,9.0738
D,DISPATCH,UNIT_SCADA,1,"2022/10/20 06:30:00",ROYALLA1,2.676003
D,DISPATCH,UNIT_SCADA,1,"2022/10/20 06:30:00",RPCG,-1.20
D,DISPATCH,UNIT_SCADA,1,"2022/10/20 06:30:00",RUBICON,0
D,DISPATCH,UNIT_SCADA,1,"2022/10/20 06:30:00",WAUBRAWF,71.998001
D,DISPATCH,UNIT_SCADA,1,"2022/10/20 06:30:00",WOOLNTH1,21.860001
D,DISPATCH,UNIT_SCADA,1,"2022/10/20 06:30:00",YAMBUKWF,6.40
D,DISPATCH,UNIT_SCADA,1,"2022/10/20 06:30:00",YSWF1,1.10
D,DISPATCH,UNIT_SCADA,1,"2022/10/20 06:30:00",ADPBA1G,0.0080
D,DISPATCH,UNIT_SCADA,1,"2022/10/20 06:30:00",ADPBA1L,0
D,DISPATCH,UNIT_SCADA,1,"2022/10/20 06:30:00",ADPPV1,0.9320
D,DISPATCH,UNIT_SCADA,1,"2022/10/20 06:30:00",AGLHAL,0
D,DISPATCH,UNIT_SCADA,1,"2022/10/20 06:30:00",AGLSOM,0
D,DISPATCH,UNIT_SCADA,1,"2022/10/20 06:30:00",ANGAST1,0
D,DISPATCH,UNIT_SCADA,1,"2022/10/20 06:30:00",ARWF1,6.10
D,DISPATCH,UNIT_SCADA,1,"2022/10/20 06:30:00",BALBG1,0
D,DISPATCH,UNIT_SCADA,1,"2022/10/20 06:30:00",BALBL1,0
D,DISPATCH,UNIT_SCADA,1,"2022/10/20 06:30:00",BALDHWF1,0
D,DISPATCH,UNIT_SCADA,1,"2022/10/20 06:30:00",BANGOWF1,50.896770
D,DISPATCH,UNIT_SCADA,1,"2022/10/20 06:30:00",BANGOWF2,50.099870
D,DISPATCH,UNIT_SCADA,1,"2022/10/20 06:30:00",BANN1,1.38
D,DISPATCH,UNIT_SCADA,1,"2022/10/20 06:30:00",BARCALDN,0
D,DISPATCH,UNIT_SCADA,1,"2022/10/20 06:30:00",BARKIPS1,0
D,DISPATCH,UNIT_SCADA,1,"2022/10/20 06:30:00",BARRON-1,28.04
D,DISPATCH,UNIT_SCADA,1,"2022/10/20 06:30:00",BARRON-2,0
D,DISPATCH,UNIT_SCADA,1,"2022/10/20 06:30:00",BASTYAN,68.820010
D,DISPATCH,UNIT_SCADA,1,"2022/10/20 06:30:00",BBTHREE1,-1.05
D,DISPATCH,UNIT_SCADA,1,"2022/10/20 06:30:00",BBTHREE2,0
D,DISPATCH,UNIT_SCADA,1,"2022/10/20 06:30:00",BBTHREE3,0
D,DISPATCH,UNIT_SCADA,1,"2022/10/20 06:30:00",BDL01,0
D,DISPATCH,UNIT_SCADA,1,"2022/10/20 06:30:00",BDL02,0
D,DISPATCH,UNIT_SCADA,1,"2022/10/20 06:30:00",BERYLSF1,2.191760
D,DISPATCH,UNIT_SCADA,1,"2022/10/20 06:30:00",BLOWERNG,62.60
D,DISPATCH,UNIT_SCADA,1,"2022/10/20 06:30:00",BLUEGSF1,4.453630
D,DISPATCH,UNIT_SCADA,1,"2022/10/20 06:30:00",BLUFF1,1.30
D,DISPATCH,UNIT_SCADA,1,"2022/10/20 06:30:00",BNGSF1,1.08
D,DISPATCH,UNIT_SCADA,1,"2022/10/20 06:30:00",BNGSF2,0.92
D,DISPATCH,UNIT_SCADA,1,"2022/10/20 06:30:00",BOCORWF1,0
D,DISPATCH,UNIT_SCADA,1,"2022/10/20 06:30:00",BODWF1,106.041060
D,DISPATCH,UNIT_SCADA,1,"2022/10/20 06:30:00",BOMENSF1,35.631040
D,DISPATCH,UNIT_SCADA,1,"2022/10/20 06:30:00",BOWWBA1G,0
D,DISPATCH,UNIT_SCADA,1,"2022/10/20 06:30:00",BOWWBA1L,0.0040
D,DISPATCH,UNIT_SCADA,1,"2022/10/20 06:30:00",BOWWPV1,0
D,DISPATCH,UNIT_SCADA,1,"2022/10/20 06:30:00",BRAEMAR1,0
D,DISPATCH,UNIT_SCADA,1,"2022/10/20 06:30:00",BRAEMAR2,0
D,DISPATCH,UNIT_SCADA,1,"2022/10/20 06:30:00",BRAEMAR3,0
D,DISPATCH,UNIT_SCADA,1,"2022/10/20 06:30:00",BRAEMAR5,0.292060
D,DISPATCH,UNIT_SCADA,1,"2022/10/20 06:30:00",BRAEMAR6,0
D,DISPATCH,UNIT_SCADA,1,"2022/10/20 06:30:00",BRAEMAR7,0.130920
D,DISPATCH,UNIT_SCADA,1,"2022/10/20 06:30:00",BROKENH1,0
D,DISPATCH,UNIT_SCADA,1,"2022/10/20 06:30:00",BRYB1WF1,93.699550
D,DISPATCH,UNIT_SCADA,1,"2022/10/20 06:30:00",BULBESG1,0.78
D,DISPATCH,UNIT_SCADA,1,"2022/10/20 06:30:00",BULBESL1,0
D,DISPATCH,UNIT_SCADA,1,"2022/10/20 06:30:00",BULGANA1,56.80
D,DISPATCH,UNIT_SCADA,1,"2022/10/20 06:30:00",BW01,643.430240
D,DISPATCH,UNIT_SCADA,1,"2022/10/20 06:30:00",BW02,612.887760
D,DISPATCH,UNIT_SCADA,1,"2022/10/20 06:30:00",BW03,542.647460
D,DISPATCH,UNIT_SCADA,1,"2022/10/20 06:30:00",BW04,0
D,DISPATCH,UNIT_SCADA,1,"2022/10/20 06:30:00",CALL_B_1,316.600010
D,DISPATCH,UNIT_SCADA,1,"2022/10/20 06:30:00",CALL_B_2,315.800020
D,DISPATCH,UNIT_SCADA,1,"2022/10/20 06:30:00",CATHROCK,5.90
D,DISPATCH,UNIT_SCADA,1,"2022/10/20 06:30:00",CBWWBA1G,0
D,DISPATCH,UNIT_SCADA,1,"2022/10/20 06:30:00",CBWWBA1L,0
D,DISPATCH,UNIT_SCADA,1,"2022/10/20 06:30:00",CETHANA,97.585750
D,DISPATCH,UNIT_SCADA,1,"2022/10/20 06:30:00",CG1,0
D,DISPATCH,UNIT_SCADA,1,"2022/10/20 06:30:00",CG2,0
D,DISPATCH,UNIT_SCADA,1,"2022/10/20 06:30:00",CG3,0
D,DISPATCH,UNIT_SCADA,1,"2022/10/20 06:30:00",CG4,0
D,DISPATCH,UNIT_SCADA,1,"2022/10/20 06:30:00",CHILDSF1,1.51
D,DISPATCH,UNIT_SCADA,1,"2022/10/20 06:30:00",CHYTWF1,8.30
D,DISPATCH,UNIT_SCADA,1,"2022/10/20 06:30:00",CLARESF1,0
D,DISPATCH,UNIT_SCADA,1,"2022/10/20 06:30:00",CLEMGPWF,1.800870
D,DISPATCH,UNIT_SCADA,1,"2022/10/20 06:30:00",CLERMSF1,0
D,DISPATCH,UNIT_SCADA,1,"2022/10/20 06:30:00",CNUNDAWF,16.419160
D,DISPATCH,UNIT_SCADA,1,"2022/10/20 06:30:00",COHUNSF1,0.91
D,DISPATCH,UNIT_SCADA,1,"2022/10/20 06:30:00",COLEASF1,5.997940
D,DISPATCH,UNIT_SCADA,1,"2022/10/20 06:30:00",COLUMSF1,4.7280
D,DISPATCH,UNIT_SCADA,1,"2022/10/20 06:30:00",COLWF01,88.5481
D,DISPATCH,UNIT_SCADA,1,"2022/10/20 06:30:00",COOPGWF1,368.510010
D,DISPATCH,UNIT_SCADA,1,"2022/10/20 06:30:00",CPP_3,357.774990
D,DISPATCH,UNIT_SCADA,1,"2022/10/20 06:30:00",CPP_4,0
D,DISPATCH,UNIT_SCADA,1,"2022/10/20 06:30:00",CPSA,0
D,DISPATCH,UNIT_SCADA,1,"2022/10/20 06:30:00",CROOKWF2,45.102620
D,DISPATCH,UNIT_SCADA,1,"2022/10/20 06:30:00",CROWLWF1,42.297340
D,DISPATCH,UNIT_SCADA,1,"2022/10/20 06:30:00",CRURWF1,80.999540
D,DISPATCH,UNIT_SCADA,1,"2022/10/20 06:30:00",CRWASF1,9.960960
D,DISPATCH,UNIT_SCADA,1,"2022/10/20 06:30:00",CSPVPS1,1.4240
D,DISPATCH,UNIT_SCADA,1,"2022/10/20 06:30:00",CTHLWF1,0.003050
D,DISPATCH,UNIT_SCADA,1,"2022/10/20 06:30:00",DALNTH01,0
D,DISPATCH,UNIT_SCADA,1,"2022/10/20 06:30:00",DALNTHL1,6.022730
D,DISPATCH,UNIT_SCADA,1,"2022/10/20 06:30:00",DARLSF1,10.995830
D,DISPATCH,UNIT_SCADA,1,"2022/10/20 06:30:00",DARTM1,0
D,DISPATCH,UNIT_SCADA,1,"2022/10/20 06:30:00",DAYDSF1,0
D,DISPATCH,UNIT_SCADA,1,"2022/10/20 06:30:00",DDPS1,0
D,DISPATCH,UNIT_SCADA,1,"2022/10/20 06:30:00",DDSF1,1.7703
D,DISPATCH,UNIT_SCADA,1,"2022/10/20 06:30:00",DEVILS_G,59.154640
D,DISPATCH,UNIT_SCADA,1,"2022/10/20 06:30:00",DG_NSW1,0
D,DISPATCH,UNIT_SCADA,1,"2022/10/20 06:30:00",DG_QLD1,0
D,DISPATCH,UNIT_SCADA,1,"2022/10/20 06:30:00",DG_SA1,0
D,DISPATCH,UNIT_SCADA,1,"2022/10/20 06:30:00",DG_TAS1,0
D,DISPATCH,UNIT_SCADA,1,"2022/10/20 06:30:00",DG_VIC1,0
D,DISPATCH,UNIT_SCADA,1,"2022/10/20 06:30:00",DRYCGT1,0
D,DISPATCH,UNIT_SCADA,1,"2022/10/20 06:30:00",DRYCGT2,0
D,DISPATCH,UNIT_SCADA,1,"2022/10/20 06:30:00",DRYCGT3,0
D,DISPATCH,UNIT_SCADA,1,"2022/10/20 06:30:00",DUNDWF1,43.66
D,DISPATCH,UNIT_SCADA,1,"2022/10/20 06:30:00",DUNDWF2,12.52
D,DISPATCH,UNIT_SCADA,1,"2022/10/20 06:30:00",DUNDWF3,27.36
D,DISPATCH,UNIT_SCADA,1,"2022/10/20 06:30:00",EILDON1,59.92
D,DISPATCH,UNIT_SCADA,1,"2022/10/20 06:30:00",EILDON2,60.08
D,DISPATCH,UNIT_SCADA,1,"2022/10/20 06:30:00",ELAINWF1,22.71
D,DISPATCH,UNIT_SCADA,1,"2022/10/20 06:30:00",EMERASF1,0
D,DISPATCH,UNIT_SCADA,1,"2022/10/20 06:30:00",ER01,0
D,DISPATCH,UNIT_SCADA,1,"2022/10/20 06:30:00",ER02,677.976620
D,DISPATCH,UNIT_SCADA,1,"2022/10/20 06:30:00",ER03,677.146550
D,DISPATCH,UNIT_SCADA,1,"2022/10/20 06:30:00",ER04,687.718020
D,DISPATCH,UNIT_SCADA,1,"2022/10/20 06:30:00",FINLYSF1,39.377430
D,DISPATCH,UNIT_SCADA,1,"2022/10/20 06:30:00",FISHER,45.81
D,DISPATCH,UNIT_SCADA,1,"2022/10/20 06:30:00",GANGARR1,4.7480
D,DISPATCH,UNIT_SCADA,1,"2022/10/20 06:30:00",GANNBG1,14.570760
D,DISPATCH,UNIT_SCADA,1,"2022/10/20 06:30:00",GANNBL1,0
D,DISPATCH,UNIT_SCADA,1,"2022/10/20 06:30:00",GANNSF1,11.30
D,DISPATCH,UNIT_SCADA,1,"2022/10/20 06:30:00",GLRWNSF1,30.85
D,DISPATCH,UNIT_SCADA,1,"2022/10/20 06:30:00",GNNDHSF1,14.2076
D,DISPATCH,UNIT_SCADA,1,"2022/10/20 06:30:00",GOONSF1,0.526130
D,DISPATCH,UNIT_SCADA,1,"2022/10/20 06:30:00",GORDON,268.285370
D,DISPATCH,UNIT_SCADA,1,"2022/10/20 06:30:00",GRANWF1,12.25
D,DISPATCH,UNIT_SCADA,1,"2022/10/20 06:30:00",GSTONE1,200.55
D,DISPATCH,UNIT_SCADA,1,"2022/10/20 06:30:00",GSTONE2,0
D,DISPATCH,UNIT_SCADA,1,"2022/10/20 06:30:00",GSTONE3,199.849990
D,DISPATCH,UNIT_SCADA,1,"2022/10/20 06:30:00",GSTONE4,0
D,DISPATCH,UNIT_SCADA,1,"2022/10/20 06:30:00",GSTONE5,200.024990
D,DISPATCH,UNIT_SCADA,1,"2022/10/20 06:30:00",GSTONE6,200.20
D,DISPATCH,UNIT_SCADA,1,"2022/10/20 06:30:00",GULLRSF1,0
D,DISPATCH,UNIT_SCADA,1,"2022/10/20 06:30:00",GULLRWF1,79.033810
D,DISPATCH,UNIT_SCADA,1,"2022/10/20 06:30:00",GULLRWF2,105.525050
D,DISPATCH,UNIT_SCADA,1,"2022/10/20 06:30:00",GUNNING1,0
D,DISPATCH,UNIT_SCADA,1,"2022/10/20 06:30:00",GUTHEGA,67.100010
D,DISPATCH,UNIT_SCADA,1,"2022/10/20 06:30:00",HALLWF1,74.13
D,DISPATCH,UNIT_SCADA,1,"2022/10/20 06:30:00",HALLWF2,52.13
D,DISPATCH,UNIT_SCADA,1,"2022/10/20 06:30:00",HAMISF1,0
D,DISPATCH,UNIT_SCADA,1,"2022/10/20 06:30:00",HAUGHT11,9.636350
D,DISPATCH,UNIT_SCADA,1,"2022/10/20 06:30:00",HAYMSF1,0
D,DISPATCH,UNIT_SCADA,1,"2022/10/20 06:30:00",HDWF1,34.80
D,DISPATCH,UNIT_SCADA,1,"2022/10/20 06:30:00",HDWF2,17.60
D,DISPATCH,UNIT_SCADA,1,"2022/10/20 06:30:00",HDWF3,24.40
D,DISPATCH,UNIT_SCADA,1,"2022/10/20 06:30:00",HILLSTN1,1.046940
D,DISPATCH,UNIT_SCADA,1,"2022/10/20 06:30:00",HPRG1,0
D,DISPATCH,UNIT_SCADA,1,"2022/10/20 06:30:00",HPRL1,6.90
D,DISPATCH,UNIT_SCADA,1,"2022/10/20 06:30:00",HUMENSW,54.988950
D,DISPATCH,UNIT_SCADA,1,"2022/10/20 06:30:00",HUMEV,0
D,DISPATCH,UNIT_SCADA,1,"2022/10/20 06:30:00",HVWWBA1G,0
D,DISPATCH,UNIT_SCADA,1,"2022/10/20 06:30:00",HVWWBA1L,0.0060
D,DISPATCH,UNIT_SCADA,1,"2022/10/20 06:30:00",HVWWPV1,0.3340
D,DISPATCH,UNIT_SCADA,1,"2022/10/20 06:30:00",JBUTTERS,0
D,DISPATCH,UNIT_SCADA,1,"2022/10/20 06:30:00",JEMALNG1,0
D,DISPATCH,UNIT_SCADA,1,"2022/10/20 06:30:00",JLA01,0
D,DISPATCH,UNIT_SCADA,1,"2022/10/20 06:30:00",JLA02,0
D,DISPATCH,UNIT_SCADA,1,"2022/10/20 06:30:00",JLA03,0
D,DISPATCH,UNIT_SCADA,1,"2022/10/20 06:30:00",JLA04,0
D,DISPATCH,UNIT_SCADA,1,"2022/10/20 06:30:00",JLB01,0
D,DISPATCH,UNIT_SCADA,1,"2022/10/20 06:30:00",JLB02,0.10
D,DISPATCH,UNIT_SCADA,1,"2022/10/20 06:30:00",JLB03,0
D,DISPATCH,UNIT_SCADA,1,"2022/10/20 06:30:00",JUNEESF1,5.969920
D,DISPATCH,UNIT_SCADA,1,"2022/10/20 06:30:00",KABANWF1,1.7640
D,DISPATCH,UNIT_SCADA,1,"2022/10/20 06:30:00",KAREEYA1,17.8625
D,DISPATCH,UNIT_SCADA,1,"2022/10/20 06:30:00",KAREEYA2,0
D,DISPATCH,UNIT_SCADA,1,"2022/10/20 06:30:00",KAREEYA3,21.29
D,DISPATCH,UNIT_SCADA,1,"2022/10/20 06:30:00",KAREEYA4,0
D,DISPATCH,UNIT_SCADA,1,"2022/10/20 06:30:00",KARSF1,3.10
D,DISPATCH,UNIT_SCADA,1,"2022/10/20 06:30:00",KEPSF1,0
D,DISPATCH,UNIT_SCADA,1,"2022/10/20 06:30:00",KEPWF1,0
D,DISPATCH,UNIT_SCADA,1,"2022/10/20 06:30:00",KIAMSF1,2.864880
D,DISPATCH,UNIT_SCADA,1,"2022/10/20 06:30:00",KIATAWF1,30.70
D,DISPATCH,UNIT_SCADA,1,"2022/10/20 06:30:00",KPP_1,0
D,DISPATCH,UNIT_SCADA,1,"2022/10/20 06:30:00",KSP1,1.84
D,DISPATCH,UNIT_SCADA,1,"2022/10/20 06:30:00",LADBROK1,0.01
D,DISPATCH,UNIT_SCADA,1,"2022/10/20 06:30:00",LADBROK2,37.60
D,DISPATCH,UNIT_SCADA,1,"2022/10/20 06:30:00",LBBG1,0
D,DISPATCH,UNIT_SCADA,1,"2022/10/20 06:30:00",LBBL1,0.60
D,DISPATCH,UNIT_SCADA,1,"2022/10/20 06:30:00",LD01,319.455540
D,DISPATCH,UNIT_SCADA,1,"2022/10/20 06:30:00",LD02,0
D,DISPATCH,UNIT_SCADA,1,"2022/10/20 06:30:00",LD04,315.189060
D,DISPATCH,UNIT_SCADA,1,"2022/10/20 06:30:00",LEM_WIL,86.591840
D,DISPATCH,UNIT_SCADA,1,"2022/10/20 06:30:00",LGAPWF1,94.63
D,DISPATCH,UNIT_SCADA,1,"2022/10/20 06:30:00",LGAPWF2,66.46
D,DISPATCH,UNIT_SCADA,1,"2022/10/20 06:30:00",LILYSF1,0
D,DISPATCH,UNIT_SCADA,1,"2022/10/20 06:30:00",LIMOSF11,15.020830
D,DISPATCH,UNIT_SCADA,1,"2022/10/20 06:30:00",LIMOSF21,1.708980
D,DISPATCH,UNIT_SCADA,1,"2022/10/20 06:30:00",LI_WY_CA,76.176220
D,DISPATCH,UNIT_SCADA,1,"2022/10/20 06:30:00",LKBONNY1,0
D,DISPATCH,UNIT_SCADA,1,"2022/10/20 06:30:00",LKBONNY2,29.661590
D,DISPATCH,UNIT_SCADA,1,"2022/10/20 06:30:00",LKBONNY3,7.535980
D,DISPATCH,UNIT_SCADA,1,"2022/10/20 06:30:00",LK_ECHO,0
D,DISPATCH,UNIT_SCADA,1,"2022/10/20 06:30:00",LNGS1,0
D,DISPATCH,UNIT_SCADA,1,"2022/10/20 06:30:00",LNGS2,0
D,DISPATCH,UNIT_SCADA,1,"2022/10/20 06:30:00",LONSDALE,0
D,DISPATCH,UNIT_SCADA,1,"2022/10/20 06:30:00",LOYYB1,577.443050
D,DISPATCH,UNIT_SCADA,1,"2022/10/20 06:30:00",LOYYB2,571.427860
D,DISPATCH,UNIT_SCADA,1,"2022/10/20 06:30:00",LYA1,552
D,DISPATCH,UNIT_SCADA,1,"2022/10/20 06:30:00",LYA2,0
D,DISPATCH,UNIT_SCADA,1,"2022/10/20 06:30:00",LYA3,550
D,DISPATCH,UNIT_SCADA,1,"2022/10/20 06:30:00",LYA4,551
D,DISPATCH,UNIT_SCADA,1,"2022/10/20 06:30:00",MACARTH1,48.998870
D,DISPATCH,UNIT_SCADA,1,"2022/10/20 06:30:00",MACKNTSH,0
D,DISPATCH,UNIT_SCADA,1,"2022/10/20 06:30:00",MANSLR1,0
D,DISPATCH,UNIT_SCADA,1,"2022/10/20 06:30:00",MAPS2PV1,0
D,DISPATCH,UNIT_SCADA,1,"2022/10/20 06:30:00",MAPS3PV1,0
D,DISPATCH,UNIT_SCADA,1,"2022/10/20 06:30:00",MARYRSF1,2.20
D,DISPATCH,UNIT_SCADA,1,"2022/10/20 06:30:00",MBPS2PV1,0
D,DISPATCH,UNIT_SCADA,1,"2022/10/20 06:30:00",MCKAY1,237.4650
D,DISPATCH,UNIT_SCADA,1,"2022/10/20 06:30:00",MEADOWBK,19.948840
D,DISPATCH,UNIT_SCADA,1,"2022/10/20 06:30:00",MERCER01,23.60
D,DISPATCH,UNIT_SCADA,1,"2022/10/20 06:30:00",METZSF1,46.355340
D,DISPATCH,UNIT_SCADA,1,"2022/10/20 06:30:00",MEWF1,0
D,DISPATCH,UNIT_SCADA,1,"2022/10/20 06:30:00",MIDDLSF1,1.30
D,DISPATCH,UNIT_SCADA,1,"2022/10/20 06:30:00",MINTARO,0.128180
D,DISPATCH,UNIT_SCADA,1,"2022/10/20 06:30:00",MOLNGSF1,0
D,DISPATCH,UNIT_SCADA,1,"2022/10/20 06:30:00",MOORAWF1,31.77
D,DISPATCH,UNIT_SCADA,1,"2022/10/20 06:30:00",MOREESF1,2.7080
D,DISPATCH,UNIT_SCADA,1,"2022/10/20 06:30:00",MORTLK11,0
D,DISPATCH,UNIT_SCADA,1,"2022/10/20 06:30:00",MORTLK12,0
D,DISPATCH,UNIT_SCADA,1,"2022/10/20 06:30:00",MOUSF1,0
D,DISPATCH,UNIT_SCADA,1,"2022/10/20 06:30:00",MP1,0
D,DISPATCH,UNIT_SCADA,1,"2022/10/20 06:30:00",MP2,542.281250
D,DISPATCH,UNIT_SCADA,1,"2022/10/20 06:30:00",MPP_1,176.946850
D,DISPATCH,UNIT_SCADA,1,"2022/10/20 06:30:00",MPP_2,0
D,DISPATCH,UNIT_SCADA,1,"2022/10/20 06:30:00",MRTLSWF1,0
D,DISPATCH,UNIT_SCADA,1,"2022/10/20 06:30:00",MSTUART1,0
D,DISPATCH,UNIT_SCADA,1,"2022/10/20 06:30:00",MSTUART2,0
D,DISPATCH,UNIT_SCADA,1,"2022/10/20 06:30:00",MSTUART3,0
D,DISPATCH,UNIT_SCADA,1,"2022/10/20 06:30:00",MTGELWF1,29.906620
D,DISPATCH,UNIT_SCADA,1,"2022/10/20 06:30:00",MTMILLAR,13.40
D,DISPATCH,UNIT_SCADA,1,"2022/10/20 06:30:00",MURRAY,124.20
D,DISPATCH,UNIT_SCADA,1,"2022/10/20 06:30:00",MUSSELR1,15.50
D,DISPATCH,UNIT_SCADA,1,"2022/10/20 06:30:00",MUWAWF1,181.429990
D,DISPATCH,UNIT_SCADA,1,"2022/10/20 06:30:00",MUWAWF2,173.100010
D,DISPATCH,UNIT_SCADA,1,"2022/10/20 06:30:00",MWPS1PV1,0.05
D,DISPATCH,UNIT_SCADA,1,"2022/10/20 06:30:00",MWPS2PV1,0.08
D,DISPATCH,UNIT_SCADA,1,"2022/10/20 06:30:00",MWPS3PV1,0
D,DISPATCH,UNIT_SCADA,1,"2022/10/20 06:30:00",MWPS4PV1,0.05
D,DISPATCH,UNIT_SCADA,1,"2022/10/20 06:30:00",NBHWF1,87.90
D,DISPATCH,UNIT_SCADA,1,"2022/10/20 06:30:00",NEVERSF1,1.65
D,DISPATCH,UNIT_SCADA,1,"2022/10/20 06:30:00",NPS,0
D,DISPATCH,UNIT_SCADA,1,"2022/10/20 06:30:00",NUMURSF1,30.03
D,DISPATCH,UNIT_SCADA,1,"2022/10/20 06:30:00",NYNGAN1,0
D,DISPATCH,UNIT_SCADA,1,"2022/10/20 06:30:00",OAKEY1,0
D,DISPATCH,UNIT_SCADA,1,"2022/10/20 06:30:00",OAKEY1SF,0.8820
D,DISPATCH,UNIT_SCADA,1,"2022/10/20 06:30:00",OAKEY2,0
D,DISPATCH,UNIT_SCADA,1,"2022/10/20 06:30:00",OAKEY2SF,1.65
D,DISPATCH,UNIT_SCADA,1,"2022/10/20 06:30:00",OAKLAND1,26.30
D,DISPATCH,UNIT_SCADA,1,"2022/10/20 06:30:00",OSB-AG,0
D,DISPATCH,UNIT_SCADA,1,"2022/10/20 06:30:00",PAREPS1,0.0660
D,DISPATCH,UNIT_SCADA,1,"2022/10/20 06:30:00",PAREPW1,87.08
D,DISPATCH,UNIT_SCADA,1,"2022/10/20 06:30:00",PARSF1,0.599680
D,DISPATCH,UNIT_SCADA,1,"2022/10/20 06:30:00",POAT110,0
D,DISPATCH,UNIT_SCADA,1,"2022/10/20 06:30:00",POAT220,0
D,DISPATCH,UNIT_SCADA,1,"2022/10/20 06:30:00",POR01,0
D,DISPATCH,UNIT_SCADA,1,"2022/10/20 06:30:00",POR03,0
D,DISPATCH,UNIT_SCADA,1,"2022/10/20 06:30:00",PPCCGT,170.196610
D,DISPATCH,UNIT_SCADA,1,"2022/10/20 06:30:00",PTSTAN1,0
D,DISPATCH,UNIT_SCADA,1,"2022/10/20 06:30:00",PUMP1,0
D,DISPATCH,UNIT_SCADA,1,"2022/10/20 06:30:00",PUMP2,0
D,DISPATCH,UNIT_SCADA,1,"2022/10/20 06:30:00",QBYNBG1,0.0025
D,DISPATCH,UNIT_SCADA,1,"2022/10/20 06:30:00",QBYNBL1,0
D,DISPATCH,UNIT_SCADA,1,"2022/10/20 06:30:00",QPS1,0
D,DISPATCH,UNIT_SCADA,1,"2022/10/20 06:30:00",QPS2,0
D,DISPATCH,UNIT_SCADA,1,"2022/10/20 06:30:00",QPS3,0
D,DISPATCH,UNIT_SCADA,1,"2022/10/20 06:30:00",QPS4,0
D,DISPATCH,UNIT_SCADA,1,"2022/10/20 06:30:00",QPS5,73.75
D,DISPATCH,UNIT_SCADA,1,"2022/10/20 06:30:00",REECE1,43.860590
D,DISPATCH,UNIT_SCADA,1,"2022/10/20 06:30:00",REECE2,82.23
D,DISPATCH,UNIT_SCADA,1,"2022/10/20 06:30:00",ROMA_7,0
D,DISPATCH,UNIT_SCADA,1,"2022/10/20 06:30:00",ROMA_8,0
D,DISPATCH,UNIT_SCADA,1,"2022/10/20 06:30:00",RRSF1,9.550480
D,DISPATCH,UNIT_SCADA,1,"2022/10/20 06:30:00",RT_NSW1,0
D,DISPATCH,UNIT_SCADA,1,"2022/10/20 06:30:00",RT_NSW2,0
D,DISPATCH,UNIT_SCADA,1,"2022/10/20 06:30:00",RT_NSW3,0
D,DISPATCH,UNIT_SCADA,1,"2022/10/20 06:30:00",RT_NSW4,0
D,DISPATCH,UNIT_SCADA,1,"2022/10/20 06:30:00",RT_NSW5,0
D,DISPATCH,UNIT_SCADA,1,"2022/10/20 06:30:00",RT_NSW6,0
D,DISPATCH,UNIT_SCADA,1,"2022/10/20 06:30:00",RT_QLD1,0
D,DISPATCH,UNIT_SCADA,1,"2022/10/20 06:30:00",RT_SA1,0
D,DISPATCH,UNIT_SCADA,1,"2022/10/20 06:30:00",RT_SA2,0
D,DISPATCH,UNIT_SCADA,1,"2022/10/20 06:30:00",RT_SA3,0
D,DISPATCH,UNIT_SCADA,1,"2022/10/20 06:30:00",RT_SA4,0
D,DISPATCH,UNIT_SCADA,1,"2022/10/20 06:30:00",RT_SA5,0
D,DISPATCH,UNIT_SCADA,1,"2022/10/20 06:30:00",RT_SA6,0
D,DISPATCH,UNIT_SCADA,1,"2022/10/20 06:30:00",RT_TAS1,0
D,DISPATCH,UNIT_SCADA,1,"2022/10/20 06:30:00",RT_VIC1,0
D,DISPATCH,UNIT_SCADA,1,"2022/10/20 06:30:00",RT_VIC10,0
D,DISPATCH,UNIT_SCADA,1,"2022/10/20 06:30:00",RT_VIC11,0
D,DISPATCH,UNIT_SCADA,1,"2022/10/20 06:30:00",RT_VIC12,0
D,DISPATCH,UNIT_SCADA,1,"2022/10/20 06:30:00",RT_VIC2,0
D,DISPATCH,UNIT_SCADA,1,"2022/10/20 06:30:00",RT_VIC3,0
D,DISPATCH,UNIT_SCADA,1,"2022/10/20 06:30:00",RT_VIC4,0
D,DISPATCH,UNIT_SCADA,1,"2022/10/20 06:30:00",RT_VIC5,0
D,DISPATCH,UNIT_SCADA,1,"2022/10/20 06:30:00",RT_VIC6,0
D,DISPATCH,UNIT_SCADA,1,"2022/10/20 06:30:00",RT_VIC7,0
D,DISPATCH,UNIT_SCADA,1,"2022/10/20 06:30:00",RT_VIC8,0
D,DISPATCH,UNIT_SCADA,1,"2022/10/20 06:30:00",RT_VIC9,0
D,DISPATCH,UNIT_SCADA,1,"2022/10/20 06:30:00",RUGBYR1,2.997250
D,DISPATCH,UNIT_SCADA,1,"2022/10/20 06:30:00",SALTCRK1,9.89
D,DISPATCH,UNIT_SCADA,1,"2022/10/20 06:30:00",SAPHWF1,203.593510
D,DISPATCH,UNIT_SCADA,1,"2022/10/20 06:30:00",SEBSF1,25.219910
D,DISPATCH,UNIT_SCADA,1,"2022/10/20 06:30:00",SHGEN,0
D,DISPATCH,UNIT_SCADA,1,"2022/10/20 06:30:00",SHPUMP,0
D,DISPATCH,UNIT_SCADA,1,"2022/10/20 06:30:00",SITHE01,0.153860
D,DISPATCH,UNIT_SCADA,1,"2022/10/20 06:30:00",SMCSF1,8.1780
D,DISPATCH,UNIT_SCADA,1,"2022/10/20 06:30:00",SNAPPER1,0
D,DISPATCH,UNIT_SCADA,1,"2022/10/20 06:30:00",SNOWNTH1,137.200010
D,DISPATCH,UNIT_SCADA,1,"2022/10/20 06:30:00",SNOWSTH1,121.10
D,DISPATCH,UNIT_SCADA,1,"2022/10/20 06:30:00",SNOWTWN1,86.298840
D,DISPATCH,UNIT_SCADA,1,"2022/10/20 06:30:00",SNOWYP,0
D,DISPATCH,UNIT_SCADA,1,"2022/10/20 06:30:00",SNUG1,0
D,DISPATCH,UNIT_SCADA,1,"2022/10/20 06:30:00",SRSF1,3.27
D,DISPATCH,UNIT_SCADA,1,"2022/10/20 06:30:00",STAN-1,277.287480
D,DISPATCH,UNIT_SCADA,1,"2022/10/20 06:30:00",STAN-2,361.615780
D,DISPATCH,UNIT_SCADA,1,"2022/10/20 06:30:00",STAN-3,215.210860
D,DISPATCH,UNIT_SCADA,1,"2022/10/20 06:30:00",STAN-4,361.872130
D,DISPATCH,UNIT_SCADA,1,"2022/10/20 06:30:00",STARHLWF,1.199650
D,DISPATCH,UNIT_SCADA,1,"2022/10/20 06:30:00",STOCKYD1,252.070010
D,DISPATCH,UNIT_SCADA,1,"2022/10/20 06:30:00",STWF1,45.105060
D,DISPATCH,UNIT_SCADA,1,"2022/10/20 06:30:00",SUNRSF1,9.379720
D,DISPATCH,UNIT_SCADA,1,"2022/10/20 06:30:00",SUNTPSF1,3.5761
D,DISPATCH,UNIT_SCADA,1,"2022/10/20 06:30:00",SWAN_E,241.461270
D,DISPATCH,UNIT_SCADA,1,"2022/10/20 06:30:00",TALWA1,0
D,DISPATCH,UNIT_SCADA,1,"2022/10/20 06:30:00",TARALGA1,0
D,DISPATCH,UNIT_SCADA,1,"2022/10/20 06:30:00",TARONG#1,348.100010
D,DISPATCH,UNIT_SCADA,1,"2022/10/20 06:30:00",TARONG#2,346.100010
D,DISPATCH,UNIT_SCADA,1,"2022/10/20 06:30:00",TARONG#3,0.90
D,DISPATCH,UNIT_SCADA,1,"2022/10/20 06:30:00",TARONG#4,291.800020
D,DISPATCH,UNIT_SCADA,1,"2022/10/20 06:30:00",TARRALEA,53.90
D,DISPATCH,UNIT_SCADA,1,"2022/10/20 06:30:00",TBSF1,1.20
D,DISPATCH,UNIT_SCADA,1,"2022/10/20 06:30:00",TNPS1,439.750030
D,DISPATCH,UNIT_SCADA,1,"2022/10/20 06:30:00",TORRB1,0
D,DISPATCH,UNIT_SCADA,1,"2022/10/20 06:30:00",TORRB2,40
D,DISPATCH,UNIT_SCADA,1,"2022/10/20 06:30:00",TORRB3,0
D,DISPATCH,UNIT_SCADA,1,"2022/10/20 06:30:00",TORRB4,0
D,DISPATCH,UNIT_SCADA,1,"2022/10/20 06:30:00",TREVALLN,98.873250
D,DISPATCH,UNIT_SCADA,1,"2022/10/20 06:30:00",TRIBUTE,0
D,DISPATCH,UNIT_SCADA,1,"2022/10/20 06:30:00",TUMUT3,0
D,DISPATCH,UNIT_SCADA,1,"2022/10/20 06:30:00",TUNGATIN,4.870020
D,DISPATCH,UNIT_SCADA,1,"2022/10/20 06:30:00",TVCC201,0
D,DISPATCH,UNIT_SCADA,1,"2022/10/20 06:30:00",TVPP104,29.851010
D,DISPATCH,UNIT_SCADA,1,"2022/10/20 06:30:00",UPPTUMUT,0
D,DISPATCH,UNIT_SCADA,1,"2022/10/20 06:30:00",URANQ11,0
D,DISPATCH,UNIT_SCADA,1,"2022/10/20 06:30:00",URANQ12,0
D,DISPATCH,UNIT_SCADA,1,"2022/10/20 06:30:00",URANQ13,0
D,DISPATCH,UNIT_SCADA,1,"2022/10/20 06:30:00",URANQ14,0
D,DISPATCH,UNIT_SCADA,1,"2022/10/20 06:30:00",VBBG1,231.399990
D,DISPATCH,UNIT_SCADA,1,"2022/10/20 06:30:00",VBBL1,0
D,DISPATCH,UNIT_SCADA,1,"2022/10/20 06:30:00",VP5,599.090580
D,DISPATCH,UNIT_SCADA,1,"2022/10/20 06:30:00",VP6,598.602230
D,DISPATCH,UNIT_SCADA,1,"2022/10/20 06:30:00",VPGS1,0
D,DISPATCH,UNIT_SCADA,1,"2022/10/20 06:30:00",VPGS2,0
D,DISPATCH,UNIT_SCADA,1,"2022/10/20 06:30:00",VPGS3,0
D,DISPATCH,UNIT_SCADA,1,"2022/10/20 06:30:00",VPGS4,0
D,DISPATCH,UNIT_SCADA,1,"2022/10/20 06:30:00",VPGS5,0
D,DISPATCH,UNIT_SCADA,1,"2022/10/20 06:30:00",VPGS6,0
D,DISPATCH,UNIT_SCADA,1,"2022/10/20 06:30:00",W/HOE#1,0
D,DISPATCH,UNIT_SCADA,1,"2022/10/20 06:30:00",W/HOE#2,0
D,DISPATCH,UNIT_SCADA,1,"2022/10/20 06:30:00",WAGGNSF1,0
D,DISPATCH,UNIT_SCADA,1,"2022/10/20 06:30:00",WALGRVG1,0.000930
D,DISPATCH,UNIT_SCADA,1,"2022/10/20 06:30:00",WALGRVL1,0
D,DISPATCH,UNIT_SCADA,1,"2022/10/20 06:30:00",WANDBG1,0
D,DISPATCH,UNIT_SCADA,1,"2022/10/20 06:30:00",WANDBL1,0
D,DISPATCH,UNIT_SCADA,1,"2022/10/20 06:30:00",WARWSF1,1.98
D,DISPATCH,UNIT_SCADA,1,"2022/10/20 06:30:00",WARWSF2,1.85
D,DISPATCH,UNIT_SCADA,1,"2022/10/20 06:30:00",WATERLWF,65.20
D,DISPATCH,UNIT_SCADA,1,"2022/10/20 06:30:00",WDGPH1,4.1630
D,DISPATCH,UNIT_SCADA,1,"2022/10/20 06:30:00",WELLSF1,9.951930
D,DISPATCH,UNIT_SCADA,1,"2022/10/20 06:30:00",WEMENSF1,1.20
D,DISPATCH,UNIT_SCADA,1,"2022/10/20 06:30:00",WGWF1,113.80
D,DISPATCH,UNIT_SCADA,1,"2022/10/20 06:30:00",WHITSF1,0
D,DISPATCH,UNIT_SCADA,1,"2022/10/20 06:30:00",WINTSF1,14.72
D,DISPATCH,UNIT_SCADA,1,"2022/10/20 06:30:00",WKIEWA1,33.70
D,DISPATCH,UNIT_SCADA,1,"2022/10/20 06:30:00",WKIEWA2,33.80
D,DISPATCH,UNIT_SCADA,1,"2022/10/20 06:30:00",WOODLWN1,29.219680
D,DISPATCH,UNIT_SCADA,1,"2022/10/20 06:30:00",WOOLGSF1,6.134020
D,DISPATCH,UNIT_SCADA,1,"2022/10/20 06:30:00",WPWF,50.41
D,DISPATCH,UNIT_SCADA,1,"2022/10/20 06:30:00",WRSF1,1.140170
D,DISPATCH,UNIT_SCADA,1,"2022/10/20 06:30:00",WRWF1,78.390480
D,DISPATCH,UNIT_SCADA,1,"2022/10/20 06:30:00",WSTWYSF1,0
D,DISPATCH,UNIT_SCADA,1,"2022/10/20 06:30:00",YABULU,0
D,DISPATCH,UNIT_SCADA,1,"2022/10/20 06:30:00",YABULU2,0
D,DISPATCH,UNIT_SCADA,1,"2022/10/20 06:30:00",YARANSF1,5.63
D,DISPATCH,UNIT_SCADA,1,"2022/10/20 06:30:00",YARWUN_1,130.06
D,DISPATCH,UNIT_SCADA,1,"2022/10/20 06:30:00",YATSF1,3.10
D,DISPATCH,UNIT_SCADA,1,"2022/10/20 06:30:00",YENDWF1,37.36
D,DISPATCH,UNIT_SCADA,1,"2022/10/20 06:30:00",YWPS1,364.911410
D,DISPATCH,UNIT_SCADA,1,"2022/10/20 06:30:00",YWPS2,288.718990
D,DISPATCH,UNIT_SCADA,1,"2022/10/20 06:30:00",YWPS3,357.694950
D,DISPATCH,UNIT_SCADA,1,"2022/10/20 06:30:00",YWPS4,0
C,"END OF REPORT",419
