C,NEMP.WORLD,DISPATCHSCADA,AEMO,PUBLIC,2022/10/20,15:50:10,0000000373264980,DISPATCHSCADA,0000000373264974
I,DISPATCH,UNIT_SCADA,1,SETTLEMENTDATE,DUID,SCADAVALUE
D,DISPATCH,UNIT_SCADA,1,"2022/10/20 15:55:00",BARCSF1,9.60
D,DISPATCH,UNIT_SCADA,1,"2022/10/20 15:55:00",BUTLERSG,8.599998
D,DISPATCH,UNIT_SCADA,1,"2022/10/20 15:55:00",CAPTL_WF,82.637985
D,DISPATCH,UNIT_SCADA,1,"2022/10/20 15:55:00",CHALLHWF,10.60
D,DISPATCH,UNIT_SCADA,1,"2022/10/20 15:55:00",CLOVER,10.19
D,DISPATCH,UNIT_SCADA,1,"2022/10/20 15:55:00",CLUNY,6.143740
D,DISPATCH,UNIT_SCADA,1,"2022/10/20 15:55:00",CULLRGWF,-0.02
D,DISPATCH,UNIT_SCADA,1,"2022/10/20 15:55:00",DIAPURWF1,4.90
D,DISPATCH,UNIT_SCADA,1,"2022/10/20 15:55:00",ERGT01,0
D,DISPATCH,UNIT_SCADA,1,"2022/10/20 15:55:00",GB01,0
D,DISPATCH,UNIT_SCADA,1,"2022/10/20 15:55:00",GERMCRK,21.200001
D,DISPATCH,UNIT_SCADA,1,"2022/10/20 15:55:00",GRIFSF1,18.599222
D,DISPATCH,UNIT_SCADA,1,"2022/10/20 15:55:00",HEZ1,0
D,DISPATCH,UNIT_SCADA,1,"2022/10/20 15:55:00",HUGSF1,7.0380
D,DISPATCH,UNIT_SCADA,1,"2022/10/20 15:55:00",KEPBG1,0
D,DISPATCH,UNIT_SCADA,1,"2022/10/20 15:55:00",LRSF1,12.229001
D,DISPATCH,UNIT_SCADA,1,"2022/10/20 15:55:00",MBAHNTH,43.837494
D,DISPATCH,UNIT_SCADA,1,"2022/10/20 15:55:00",MLSP1,1.898001
D,DISPATCH,UNIT_SCADA,1,"2022/10/20 15:55:00",MLWF1,6.87
D,DISPATCH,UNIT_SCADA,1,"2022/10/20 15:55:00",PALOONA,30.279999
D,DISPATCH,UNIT_SCADA,1,"2022/10/20 15:55:00",PIONEER,31.50
D,DISPATCH,UNIT_SCADA,1,"2022/10/20 15:55:00",PORTWF,35.700001
D,DISPATCH,UNIT_SCADA,1,"2022/10/20 15:55:00",REPULSE,9.479515
D,DISPATCH,UNIT_SCADA,1,"2022/10/20 15:55:00",ROWALLAN,8.7756
D,DISPATCH,UNIT_SCADA,1,"2022/10/20 15:55:00",ROYALLA1,3.389003
D,DISPATCH,UNIT_SCADA,1,"2022/10/20 15:55:00",RPCG,-1.80
D,DISPATCH,UNIT_SCADA,1,"2022/10/20 15:55:00",RUBICON,0
D,DISPATCH,UNIT_SCADA,1,"2022/10/20 15:55:00",WAUBRAWF,59.750999
D,DISPATCH,UNIT_SCADA,1,"2022/10/20 15:55:00",WOOLNTH1,96.300003
D,DISPATCH,UNIT_SCADA,1,"2022/10/20 15:55:00",YAMBUKWF,3.10
D,DISPATCH,UNIT_SCADA,1,"2022/10/20 15:55:00",YSWF1,3.10
D,DISPATCH,UNIT_SCADA,1,"2022/10/20 15:55:00",ADPBA1G,0.0080
D,DISPATCH,UNIT_SCADA,1,"2022/10/20 15:55:00",ADPBA1L,0
D,DISPATCH,UNIT_SCADA,1,"2022/10/20 15:55:00",ADPPV1,8.7730
D,DISPATCH,UNIT_SCADA,1,"2022/10/20 15:55:00",AGLHAL,0
D,DISPATCH,UNIT_SCADA,1,"2022/10/20 15:55:00",AGLSOM,0
D,DISPATCH,UNIT_SCADA,1,"2022/10/20 15:55:00",ANGAST1,0
D,DISPATCH,UNIT_SCADA,1,"2022/10/20 15:55:00",ARWF1,29.80
D,DISPATCH,UNIT_SCADA,1,"2022/10/20 15:55:00",BALBG1,0
D,DISPATCH,UNIT_SCADA,1,"2022/10/20 15:55:00",BALBL1,0
D,DISPATCH,UNIT_SCADA,1,"2022/10/20 15:55:00",BALDHWF1,95.6490
D,DISPATCH,UNIT_SCADA,1,"2022/10/20 15:55:00",BANGOWF1,75.696950
D,DISPATCH,UNIT_SCADA,1,"2022/10/20 15:55:00",BANGOWF2,55.098570
D,DISPATCH,UNIT_SCADA,1,"2022/10/20 15:55:00",BANN1,44.60
D,DISPATCH,UNIT_SCADA,1,"2022/10/20 15:55:00",BARCALDN,0
D,DISPATCH,UNIT_SCADA,1,"2022/10/20 15:55:00",BARKIPS1,0
D,DISPATCH,UNIT_SCADA,1,"2022/10/20 15:55:00",BARRON-1,24.48
D,DISPATCH,UNIT_SCADA,1,"2022/10/20 15:55:00",BARRON-2,0
D,DISPATCH,UNIT_SCADA,1,"2022/10/20 15:55:00",BASTYAN,49.33
D,DISPATCH,UNIT_SCADA,1,"2022/10/20 15:55:00",BBTHREE1,0
D,DISPATCH,UNIT_SCADA,1,"2022/10/20 15:55:00",BBTHREE2,0
D,DISPATCH,UNIT_SCADA,1,"2022/10/20 15:55:00",BBTHREE3,-1.12
D,DISPATCH,UNIT_SCADA,1,"2022/10/20 15:55:00",BDL01,0
D,DISPATCH,UNIT_SCADA,1,"2022/10/20 15:55:00",BDL02,0
D,DISPATCH,UNIT_SCADA,1,"2022/10/20 15:55:00",BERYLSF1,10.831360
D,DISPATCH,UNIT_SCADA,1,"2022/10/20 15:55:00",BLOWERNG,62.50
D,DISPATCH,UNIT_SCADA,1,"2022/10/20 15:55:00",BLUEGSF1,21.2224
D,DISPATCH,UNIT_SCADA,1,"2022/10/20 15:55:00",BLUFF1,0
D,DISPATCH,UNIT_SCADA,1,"2022/10/20 15:55:00",BNGSF1,98.45
D,DISPATCH,UNIT_SCADA,1,"2022/10/20 15:55:00",BNGSF2,110.25
D,DISPATCH,UNIT_SCADA,1,"2022/10/20 15:55:00",BOCORWF1,49.11
D,DISPATCH,UNIT_SCADA,1,"2022/10/20 15:55:00",BODWF1,97.810470
D,DISPATCH,UNIT_SCADA,1,"2022/10/20 15:55:00",BOMENSF1,28.8011
D,DISPATCH,UNIT_SCADA,1,"2022/10/20 15:55:00",BOWWBA1G,0
D,DISPATCH,UNIT_SCADA,1,"2022/10/20 15:55:00",BOWWBA1L,0
D,DISPATCH,UNIT_SCADA,1,"2022/10/20 15:55:00",BOWWPV1,0.0010
D,DISPATCH,UNIT_SCADA,1,"2022/10/20 15:55:00",BRAEMAR1,0
D,DISPATCH,UNIT_SCADA,1,"2022/10/20 15:55:00",BRAEMAR2,0
D,DISPATCH,UNIT_SCADA,1,"2022/10/20 15:55:00",BRAEMAR3,0
D,DISPATCH,UNIT_SCADA,1,"2022/10/20 15:55:00",BRAEMAR5,0.292060
D,DISPATCH,UNIT_SCADA,1,"2022/10/20 15:55:00",BRAEMAR6,0
D,DISPATCH,UNIT_SCADA,1,"2022/10/20 15:55:00",BRAEMAR7,137.227450
D,DISPATCH,UNIT_SCADA,1,"2022/10/20 15:55:00",BROKENH1,22.199660
D,DISPATCH,UNIT_SCADA,1,"2022/10/20 15:55:00",BRYB1WF1,76.676580
D,DISPATCH,UNIT_SCADA,1,"2022/10/20 15:55:00",BULBESG1,0
D,DISPATCH,UNIT_SCADA,1,"2022/10/20 15:55:00",BULBESL1,0.03
D,DISPATCH,UNIT_SCADA,1,"2022/10/20 15:55:00",BULGANA1,15.65
D,DISPATCH,UNIT_SCADA,1,"2022/10/20 15:55:00",BW01,652.268250
D,DISPATCH,UNIT_SCADA,1,"2022/10/20 15:55:00",BW02,614.108520
D,DISPATCH,UNIT_SCADA,1,"2022/10/20 15:55:00",BW03,468.403140
D,DISPATCH,UNIT_SCADA,1,"2022/10/20 15:55:00",BW04,0
D,DISPATCH,UNIT_SCADA,1,"2022/10/20 15:55:00",CALL_B_1,319.200010
D,DISPATCH,UNIT_SCADA,1,"2022/10/20 15:55:00",CALL_B_2,315.800020
D,DISPATCH,UNIT_SCADA,1,"2022/10/20 15:55:00",CATHROCK,4.70
D,DISPATCH,UNIT_SCADA,1,"2022/10/20 15:55:00",CBWWBA1G,0
D,DISPATCH,UNIT_SCADA,1,"2022/10/20 15:55:00",CBWWBA1L,0
D,DISPATCH,UNIT_SCADA,1,"2022/10/20 15:55:00",CETHANA,97.885120
D,DISPATCH,UNIT_SCADA,1,"2022/10/20 15:55:00",CG1,0
D,DISPATCH,UNIT_SCADA,1,"2022/10/20 15:55:00",CG2,0
D,DISPATCH,UNIT_SCADA,1,"2022/10/20 15:55:00",CG3,0
D,DISPATCH,UNIT_SCADA,1,"2022/10/20 15:55:00",CG4,0
D,DISPATCH,UNIT_SCADA,1,"2022/10/20 15:55:00",CHILDSF1,6.98
D,DISPATCH,UNIT_SCADA,1,"2022/10/20 15:55:00",CHYTWF1,10.26
D,DISPATCH,UNIT_SCADA,1,"2022/10/20 15:55:00",CLARESF1,67.8912
D,DISPATCH,UNIT_SCADA,1,"2022/10/20 15:55:00",CLEMGPWF,2.593260
D,DISPATCH,UNIT_SCADA,1,"2022/10/20 15:55:00",CLERMSF1,16
D,DISPATCH,UNIT_SCADA,1,"2022/10/20 15:55:00",CNUNDAWF,11.213080
D,DISPATCH,UNIT_SCADA,1,"2022/10/20 15:55:00",COHUNSF1,16.96
D,DISPATCH,UNIT_SCADA,1,"2022/10/20 15:55:00",COLEASF1,28.1014
D,DISPATCH,UNIT_SCADA,1,"2022/10/20 15:55:00",COLUMSF1,6.04
D,DISPATCH,UNIT_SCADA,1,"2022/10/20 15:55:00",COLWF01,58.858620
D,DISPATCH,UNIT_SCADA,1,"2022/10/20 15:55:00",COOPGWF1,186.41
D,DISPATCH,UNIT_SCADA,1,"2022/10/20 15:55:00",CPP_3,359.425020
D,DISPATCH,UNIT_SCADA,1,"2022/10/20 15:55:00",CPP_4,0
D,DISPATCH,UNIT_SCADA,1,"2022/10/20 15:55:00",CPSA,0
D,DISPATCH,UNIT_SCADA,1,"2022/10/20 15:55:00",CROOKWF2,63.054550
D,DISPATCH,UNIT_SCADA,1,"2022/10/20 15:55:00",CROWLWF1,14.734850
D,DISPATCH,UNIT_SCADA,1,"2022/10/20 15:55:00",CRURWF1,20.5967
D,DISPATCH,UNIT_SCADA,1,"2022/10/20 15:55:00",CRWASF1,29.604860
D,DISPATCH,UNIT_SCADA,1,"2022/10/20 15:55:00",CSPVPS1,8.6620
D,DISPATCH,UNIT_SCADA,1,"2022/10/20 15:55:00",CTHLWF1,0.003050
D,DISPATCH,UNIT_SCADA,1,"2022/10/20 15:55:00",DALNTH01,0
D,DISPATCH,UNIT_SCADA,1,"2022/10/20 15:55:00",DALNTHL1,0.086980
D,DISPATCH,UNIT_SCADA,1,"2022/10/20 15:55:00",DARLSF1,123.623530
D,DISPATCH,UNIT_SCADA,1,"2022/10/20 15:55:00",DARTM1,0
D,DISPATCH,UNIT_SCADA,1,"2022/10/20 15:55:00",DAYDSF1,147.02
D,DISPATCH,UNIT_SCADA,1,"2022/10/20 15:55:00",DDPS1,0
D,DISPATCH,UNIT_SCADA,1,"2022/10/20 15:55:00",DDSF1,15.481340
D,DISPATCH,UNIT_SCADA,1,"2022/10/20 15:55:00",DEVILS_G,59.003270
D,DISPATCH,UNIT_SCADA,1,"2022/10/20 15:55:00",DG_NSW1,0
D,DISPATCH,UNIT_SCADA,1,"2022/10/20 15:55:00",DG_QLD1,0
D,DISPATCH,UNIT_SCADA,1,"2022/10/20 15:55:00",DG_SA1,0
D,DISPATCH,UNIT_SCADA,1,"2022/10/20 15:55:00",DG_TAS1,0
D,DISPATCH,UNIT_SCADA,1,"2022/10/20 15:55:00",DG_VIC1,0
D,DISPATCH,UNIT_SCADA,1,"2022/10/20 15:55:00",DRYCGT1,0
D,DISPATCH,UNIT_SCADA,1,"2022/10/20 15:55:00",DRYCGT2,0
D,DISPATCH,UNIT_SCADA,1,"2022/10/20 15:55:00",DRYCGT3,0
D,DISPATCH,UNIT_SCADA,1,"2022/10/20 15:55:00",DUNDWF1,62.01
D,DISPATCH,UNIT_SCADA,1,"2022/10/20 15:55:00",DUNDWF2,17.64
D,DISPATCH,UNIT_SCADA,1,"2022/10/20 15:55:00",DUNDWF3,60.74
D,DISPATCH,UNIT_SCADA,1,"2022/10/20 15:55:00",EILDON1,60.16
D,DISPATCH,UNIT_SCADA,1,"2022/10/20 15:55:00",EILDON2,60
D,DISPATCH,UNIT_SCADA,1,"2022/10/20 15:55:00",ELAINWF1,24.39
D,DISPATCH,UNIT_SCADA,1,"2022/10/20 15:55:00",EMERASF1,0
D,DISPATCH,UNIT_SCADA,1,"2022/10/20 15:55:00",ER01,0
D,DISPATCH,UNIT_SCADA,1,"2022/10/20 15:55:00",ER02,638.693850
D,DISPATCH,UNIT_SCADA,1,"2022/10/20 15:55:00",ER03,638.840330
D,DISPATCH,UNIT_SCADA,1,"2022/10/20 15:55:00",ER04,642.356020
D,DISPATCH,UNIT_SCADA,1,"2022/10/20 15:55:00",FINLYSF1,36.099790
D,DISPATCH,UNIT_SCADA,1,"2022/10/20 15:55:00",FISHER,43.89
D,DISPATCH,UNIT_SCADA,1,"2022/10/20 15:55:00",GANGARR1,80.0260
D,DISPATCH,UNIT_SCADA,1,"2022/10/20 15:55:00",GANNBG1,0
D,DISPATCH,UNIT_SCADA,1,"2022/10/20 15:55:00",GANNBL1,5.837850
D,DISPATCH,UNIT_SCADA,1,"2022/10/20 15:55:00",GANNSF1,44
D,DISPATCH,UNIT_SCADA,1,"2022/10/20 15:55:00",GLRWNSF1,53.15
D,DISPATCH,UNIT_SCADA,1,"2022/10/20 15:55:00",GNNDHSF1,22.934080
D,DISPATCH,UNIT_SCADA,1,"2022/10/20 15:55:00",GOONSF1,56.691540
D,DISPATCH,UNIT_SCADA,1,"2022/10/20 15:55:00",GORDON,223.105040
D,DISPATCH,UNIT_SCADA,1,"2022/10/20 15:55:00",GRANWF1,0
D,DISPATCH,UNIT_SCADA,1,"2022/10/20 15:55:00",GSTONE1,199.849990
D,DISPATCH,UNIT_SCADA,1,"2022/10/20 15:55:00",GSTONE2,0
D,DISPATCH,UNIT_SCADA,1,"2022/10/20 15:55:00",GSTONE3,200.55
D,DISPATCH,UNIT_SCADA,1,"2022/10/20 15:55:00",GSTONE4,0
D,DISPATCH,UNIT_SCADA,1,"2022/10/20 15:55:00",GSTONE5,184.974990
D,DISPATCH,UNIT_SCADA,1,"2022/10/20 15:55:00",GSTONE6,200.20
D,DISPATCH,UNIT_SCADA,1,"2022/10/20 15:55:00",GULLRSF1,0.784990
D,DISPATCH,UNIT_SCADA,1,"2022/10/20 15:55:00",GULLRWF1,70.353940
D,DISPATCH,UNIT_SCADA,1,"2022/10/20 15:55:00",GULLRWF2,70.866320
D,DISPATCH,UNIT_SCADA,1,"2022/10/20 15:55:00",GUNNING1,0
D,DISPATCH,UNIT_SCADA,1,"2022/10/20 15:55:00",GUTHEGA,67.100010
D,DISPATCH,UNIT_SCADA,1,"2022/10/20 15:55:00",HALLWF1,0
D,DISPATCH,UNIT_SCADA,1,"2022/10/20 15:55:00",HALLWF2,0
D,DISPATCH,UNIT_SCADA,1,"2022/10/20 15:55:00",HAMISF1,33.60
D,DISPATCH,UNIT_SCADA,1,"2022/10/20 15:55:00",HAUGHT11,7.9401
D,DISPATCH,UNIT_SCADA,1,"2022/10/20 15:55:00",HAYMSF1,35.3840
D,DISPATCH,UNIT_SCADA,1,"2022/10/20 15:55:00",HDWF1,8.10
D,DISPATCH,UNIT_SCADA,1,"2022/10/20 15:55:00",HDWF2,7.50
D,DISPATCH,UNIT_SCADA,1,"2022/10/20 15:55:00",HDWF3,10.30
D,DISPATCH,UNIT_SCADA,1,"2022/10/20 15:55:00",HILLSTN1,1.626620
D,DISPATCH,UNIT_SCADA,1,"2022/10/20 15:55:00",HPRG1,0
D,DISPATCH,UNIT_SCADA,1,"2022/10/20 15:55:00",HPRL1,17.80
D,DISPATCH,UNIT_SCADA,1,"2022/10/20 15:55:00",HUMENSW,55.604190
D,DISPATCH,UNIT_SCADA,1,"2022/10/20 15:55:00",HUMEV,0
D,DISPATCH,UNIT_SCADA,1,"2022/10/20 15:55:00",HVWWBA1G,0
D,DISPATCH,UNIT_SCADA,1,"2022/10/20 15:55:00",HVWWBA1L,0.0070
D,DISPATCH,UNIT_SCADA,1,"2022/10/20 15:55:00",HVWWPV1,4.6870
D,DISPATCH,UNIT_SCADA,1,"2022/10/20 15:55:00",JBUTTERS,0
D,DISPATCH,UNIT_SCADA,1,"2022/10/20 15:55:00",JEMALNG1,31.33
D,DISPATCH,UNIT_SCADA,1,"2022/10/20 15:55:00",JLA01,0
D,DISPATCH,UNIT_SCADA,1,"2022/10/20 15:55:00",JLA02,0
D,DISPATCH,UNIT_SCADA,1,"2022/10/20 15:55:00",JLA03,0
D,DISPATCH,UNIT_SCADA,1,"2022/10/20 15:55:00",JLA04,0
D,DISPATCH,UNIT_SCADA,1,"2022/10/20 15:55:00",JLB01,0
D,DISPATCH,UNIT_SCADA,1,"2022/10/20 15:55:00",JLB02,0.10
D,DISPATCH,UNIT_SCADA,1,"2022/10/20 15:55:00",JLB03,0
D,DISPATCH,UNIT_SCADA,1,"2022/10/20 15:55:00",JUNEESF1,7.248130
D,DISPATCH,UNIT_SCADA,1,"2022/10/20 15:55:00",KABANWF1,0.3550
D,DISPATCH,UNIT_SCADA,1,"2022/10/20 15:55:00",KAREEYA1,17.8050
D,DISPATCH,UNIT_SCADA,1,"2022/10/20 15:55:00",KAREEYA2,0
D,DISPATCH,UNIT_SCADA,1,"2022/10/20 15:55:00",KAREEYA3,21.4675
D,DISPATCH,UNIT_SCADA,1,"2022/10/20 15:55:00",KAREEYA4,0
D,DISPATCH,UNIT_SCADA,1,"2022/10/20 15:55:00",KARSF1,68.80
D,DISPATCH,UNIT_SCADA,1,"2022/10/20 15:55:00",KEPSF1,5.72
D,DISPATCH,UNIT_SCADA,1,"2022/10/20 15:55:00",KEPWF1,18.03
D,DISPATCH,UNIT_SCADA,1,"2022/10/20 15:55:00",KIAMSF1,49.938960
D,DISPATCH,UNIT_SCADA,1,"2022/10/20 15:55:00",KIATAWF1,4.10
D,DISPATCH,UNIT_SCADA,1,"2022/10/20 15:55:00",KPP_1,0
D,DISPATCH,UNIT_SCADA,1,"2022/10/20 15:55:00",KSP1,24.06
D,DISPATCH,UNIT_SCADA,1,"2022/10/20 15:55:00",LADBROK1,0.01
D,DISPATCH,UNIT_SCADA,1,"2022/10/20 15:55:00",LADBROK2,0.02
D,DISPATCH,UNIT_SCADA,1,"2022/10/20 15:55:00",LBBG1,0
D,DISPATCH,UNIT_SCADA,1,"2022/10/20 15:55:00",LBBL1,0.15
D,DISPATCH,UNIT_SCADA,1,"2022/10/20 15:55:00",LD01,275.1976
D,DISPATCH,UNIT_SCADA,1,"2022/10/20 15:55:00",LD02,32.044430
D,DISPATCH,UNIT_SCADA,1,"2022/10/20 15:55:00",LD04,275.984990
D,DISPATCH,UNIT_SCADA,1,"2022/10/20 15:55:00",LEM_WIL,86.707180
D,DISPATCH,UNIT_SCADA,1,"2022/10/20 15:55:00",LGAPWF1,50.09
D,DISPATCH,UNIT_SCADA,1,"2022/10/20 15:55:00",LGAPWF2,36.21
D,DISPATCH,UNIT_SCADA,1,"2022/10/20 15:55:00",LILYSF1,37.486590
D,DISPATCH,UNIT_SCADA,1,"2022/10/20 15:55:00",LIMOSF11,55.606770
D,DISPATCH,UNIT_SCADA,1,"2022/10/20 15:55:00",LIMOSF21,7.619170
D,DISPATCH,UNIT_SCADA,1,"2022/10/20 15:55:00",LI_WY_CA,62.593410
D,DISPATCH,UNIT_SCADA,1,"2022/10/20 15:55:00",LKBONNY1,0
D,DISPATCH,UNIT_SCADA,1,"2022/10/20 15:55:00",LKBONNY2,13.3459
D,DISPATCH,UNIT_SCADA,1,"2022/10/20 15:55:00",LKBONNY3,4.856520
D,DISPATCH,UNIT_SCADA,1,"2022/10/20 15:55:00",LK_ECHO,0
D,DISPATCH,UNIT_SCADA,1,"2022/10/20 15:55:00",LNGS1,0
D,DISPATCH,UNIT_SCADA,1,"2022/10/20 15:55:00",LNGS2,0
D,DISPATCH,UNIT_SCADA,1,"2022/10/20 15:55:00",LONSDALE,0
D,DISPATCH,UNIT_SCADA,1,"2022/10/20 15:55:00",LOYYB1,482.327850
D,DISPATCH,UNIT_SCADA,1,"2022/10/20 15:55:00",LOYYB2,481.9519
D,DISPATCH,UNIT_SCADA,1,"2022/10/20 15:55:00",LYA1,553
D,DISPATCH,UNIT_SCADA,1,"2022/10/20 15:55:00",LYA2,0
D,DISPATCH,UNIT_SCADA,1,"2022/10/20 15:55:00",LYA3,550
D,DISPATCH,UNIT_SCADA,1,"2022/10/20 15:55:00",LYA4,552
D,DISPATCH,UNIT_SCADA,1,"2022/10/20 15:55:00",MACARTH1,54.298740
D,DISPATCH,UNIT_SCADA,1,"2022/10/20 15:55:00",MACKNTSH,0
D,DISPATCH,UNIT_SCADA,1,"2022/10/20 15:55:00",MANSLR1,11.7570
D,DISPATCH,UNIT_SCADA,1,"2022/10/20 15:55:00",MAPS2PV1,0
D,DISPATCH,UNIT_SCADA,1,"2022/10/20 15:55:00",MAPS3PV1,0
D,DISPATCH,UNIT_SCADA,1,"2022/10/20 15:55:00",MARYRSF1,10.26
D,DISPATCH,UNIT_SCADA,1,"2022/10/20 15:55:00",MBPS2PV1,0
D,DISPATCH,UNIT_SCADA,1,"2022/10/20 15:55:00",MCKAY1,0.02
D,DISPATCH,UNIT_SCADA,1,"2022/10/20 15:55:00",MEADOWBK,6.0018
D,DISPATCH,UNIT_SCADA,1,"2022/10/20 15:55:00",MERCER01,24.80
D,DISPATCH,UNIT_SCADA,1,"2022/10/20 15:55:00",METZSF1,90.502290
D,DISPATCH,UNIT_SCADA,1,"2022/10/20 15:55:00",MEWF1,41.605120
D,DISPATCH,UNIT_SCADA,1,"2022/10/20 15:55:00",MIDDLSF1,22.24
D,DISPATCH,UNIT_SCADA,1,"2022/10/20 15:55:00",MINTARO,0.128180
D,DISPATCH,UNIT_SCADA,1,"2022/10/20 15:55:00",MOLNGSF1,6.139010
D,DISPATCH,UNIT_SCADA,1,"2022/10/20 15:55:00",MOORAWF1,39.76
D,DISPATCH,UNIT_SCADA,1,"2022/10/20 15:55:00",MOREESF1,4.4980
D,DISPATCH,UNIT_SCADA,1,"2022/10/20 15:55:00",MORTLK11,0
D,DISPATCH,UNIT_SCADA,1,"2022/10/20 15:55:00",MORTLK12,0
D,DISPATCH,UNIT_SCADA,1,"2022/10/20 15:55:00",MOUSF1,0
D,DISPATCH,UNIT_SCADA,1,"2022/10/20 15:55:00",MP1,0
D,DISPATCH,UNIT_SCADA,1,"2022/10/20 15:55:00",MP2,546.016660
D,DISPATCH,UNIT_SCADA,1,"2022/10/20 15:55:00",MPP_1,39.521590
D,DISPATCH,UNIT_SCADA,1,"2022/10/20 15:55:00",MPP_2,187.277390
D,DISPATCH,UNIT_SCADA,1,"2022/10/20 15:55:00",MRTLSWF1,0
D,DISPATCH,UNIT_SCADA,1,"2022/10/20 15:55:00",MSTUART1,0
D,DISPATCH,UNIT_SCADA,1,"2022/10/20 15:55:00",MSTUART2,0
D,DISPATCH,UNIT_SCADA,1,"2022/10/20 15:55:00",MSTUART3,0
D,DISPATCH,UNIT_SCADA,1,"2022/10/20 15:55:00",MTGELWF1,53.115940
D,DISPATCH,UNIT_SCADA,1,"2022/10/20 15:55:00",MTMILLAR,13.40
D,DISPATCH,UNIT_SCADA,1,"2022/10/20 15:55:00",MURRAY,0
D,DISPATCH,UNIT_SCADA,1,"2022/10/20 15:55:00",MUSSELR1,4.20
D,DISPATCH,UNIT_SCADA,1,"2022/10/20 15:55:00",MUWAWF1,42
D,DISPATCH,UNIT_SCADA,1,"2022/10/20 15:55:00",MUWAWF2,48.90
D,DISPATCH,UNIT_SCADA,1,"2022/10/20 15:55:00",MWPS1PV1,4.57
D,DISPATCH,UNIT_SCADA,1,"2022/10/20 15:55:00",MWPS2PV1,3.99
D,DISPATCH,UNIT_SCADA,1,"2022/10/20 15:55:00",MWPS3PV1,0.56
D,DISPATCH,UNIT_SCADA,1,"2022/10/20 15:55:00",MWPS4PV1,0.44
D,DISPATCH,UNIT_SCADA,1,"2022/10/20 15:55:00",NBHWF1,0
D,DISPATCH,UNIT_SCADA,1,"2022/10/20 15:55:00",NEVERSF1,7.21
D,DISPATCH,UNIT_SCADA,1,"2022/10/20 15:55:00",NPS,0
D,DISPATCH,UNIT_SCADA,1,"2022/10/20 15:55:00",NUMURSF1,82.79
D,DISPATCH,UNIT_SCADA,1,"2022/10/20 15:55:00",NYNGAN1,2.75
D,DISPATCH,UNIT_SCADA,1,"2022/10/20 15:55:00",OAKEY1,0
D,DISPATCH,UNIT_SCADA,1,"2022/10/20 15:55:00",OAKEY1SF,6.6090
D,DISPATCH,UNIT_SCADA,1,"2022/10/20 15:55:00",OAKEY2,0
D,DISPATCH,UNIT_SCADA,1,"2022/10/20 15:55:00",OAKEY2SF,12.30
D,DISPATCH,UNIT_SCADA,1,"2022/10/20 15:55:00",OAKLAND1,14.90
D,DISPATCH,UNIT_SCADA,1,"2022/10/20 15:55:00",OSB-AG,52.19
D,DISPATCH,UNIT_SCADA,1,"2022/10/20 15:55:00",PAREPS1,0.7530
D,DISPATCH,UNIT_SCADA,1,"2022/10/20 15:55:00",PAREPW1,83.61
D,DISPATCH,UNIT_SCADA,1,"2022/10/20 15:55:00",PARSF1,37.599750
D,DISPATCH,UNIT_SCADA,1,"2022/10/20 15:55:00",POAT110,0
D,DISPATCH,UNIT_SCADA,1,"2022/10/20 15:55:00",POAT220,0
D,DISPATCH,UNIT_SCADA,1,"2022/10/20 15:55:00",POR01,0
D,DISPATCH,UNIT_SCADA,1,"2022/10/20 15:55:00",POR03,0
D,DISPATCH,UNIT_SCADA,1,"2022/10/20 15:55:00",PPCCGT,161.472260
D,DISPATCH,UNIT_SCADA,1,"2022/10/20 15:55:00",PTSTAN1,0
D,DISPATCH,UNIT_SCADA,1,"2022/10/20 15:55:00",PUMP1,0
D,DISPATCH,UNIT_SCADA,1,"2022/10/20 15:55:00",PUMP2,0
D,DISPATCH,UNIT_SCADA,1,"2022/10/20 15:55:00",QBYNBG1,0
D,DISPATCH,UNIT_SCADA,1,"2022/10/20 15:55:00",QBYNBL1,2.859460
D,DISPATCH,UNIT_SCADA,1,"2022/10/20 15:55:00",QPS1,0
D,DISPATCH,UNIT_SCADA,1,"2022/10/20 15:55:00",QPS2,0
D,DISPATCH,UNIT_SCADA,1,"2022/10/20 15:55:00",QPS3,0
D,DISPATCH,UNIT_SCADA,1,"2022/10/20 15:55:00",QPS4,0
D,DISPATCH,UNIT_SCADA,1,"2022/10/20 15:55:00",QPS5,72.98
D,DISPATCH,UNIT_SCADA,1,"2022/10/20 15:55:00",REECE1,0
D,DISPATCH,UNIT_SCADA,1,"2022/10/20 15:55:00",REECE2,0
D,DISPATCH,UNIT_SCADA,1,"2022/10/20 15:55:00",ROMA_7,0
D,DISPATCH,UNIT_SCADA,1,"2022/10/20 15:55:00",ROMA_8,0
D,DISPATCH,UNIT_SCADA,1,"2022/10/20 15:55:00",RRSF1,62.643370
D,DISPATCH,UNIT_SCADA,1,"2022/10/20 15:55:00",RT_NSW1,0
D,DISPATCH,UNIT_SCADA,1,"2022/10/20 15:55:00",RT_NSW2,0
D,DISPATCH,UNIT_SCADA,1,"2022/10/20 15:55:00",RT_NSW3,0
D,DISPATCH,UNIT_SCADA,1,"2022/10/20 15:55:00",RT_NSW4,0
D,DISPATCH,UNIT_SCADA,1,"2022/10/20 15:55:00",RT_NSW5,0
D,DISPATCH,UNIT_SCADA,1,"2022/10/20 15:55:00",RT_NSW6,0
D,DISPATCH,UNIT_SCADA,1,"2022/10/20 15:55:00",RT_QLD1,0
D,DISPATCH,UNIT_SCADA,1,"2022/10/20 15:55:00",RT_SA1,0
D,DISPATCH,UNIT_SCADA,1,"2022/10/20 15:55:00",RT_SA2,0
D,DISPATCH,UNIT_SCADA,1,"2022/10/20 15:55:00",RT_SA3,0
D,DISPATCH,UNIT_SCADA,1,"2022/10/20 15:55:00",RT_SA4,0
D,DISPATCH,UNIT_SCADA,1,"2022/10/20 15:55:00",RT_SA5,0
D,DISPATCH,UNIT_SCADA,1,"2022/10/20 15:55:00",RT_SA6,0
D,DISPATCH,UNIT_SCADA,1,"2022/10/20 15:55:00",RT_TAS1,0
D,DISPATCH,UNIT_SCADA,1,"2022/10/20 15:55:00",RT_VIC1,0
D,DISPATCH,UNIT_SCADA,1,"2022/10/20 15:55:00",RT_VIC10,0
D,DISPATCH,UNIT_SCADA,1,"2022/10/20 15:55:00",RT_VIC11,0
D,DISPATCH,UNIT_SCADA,1,"2022/10/20 15:55:00",RT_VIC12,0
D,DISPATCH,UNIT_SCADA,1,"2022/10/20 15:55:00",RT_VIC2,0
D,DISPATCH,UNIT_SCADA,1,"2022/10/20 15:55:00",RT_VIC3,0
D,DISPATCH,UNIT_SCADA,1,"2022/10/20 15:55:00",RT_VIC4,0
D,DISPATCH,UNIT_SCADA,1,"2022/10/20 15:55:00",RT_VIC5,0
D,DISPATCH,UNIT_SCADA,1,"2022/10/20 15:55:00",RT_VIC6,0
D,DISPATCH,UNIT_SCADA,1,"2022/10/20 15:55:00",RT_VIC7,0
D,DISPATCH,UNIT_SCADA,1,"2022/10/20 15:55:00",RT_VIC8,0
D,DISPATCH,UNIT_SCADA,1,"2022/10/20 15:55:00",RT_VIC9,0
D,DISPATCH,UNIT_SCADA,1,"2022/10/20 15:55:00",RUGBYR1,0
D,DISPATCH,UNIT_SCADA,1,"2022/10/20 15:55:00",SALTCRK1,20.74
D,DISPATCH,UNIT_SCADA,1,"2022/10/20 15:55:00",SAPHWF1,30.592810
D,DISPATCH,UNIT_SCADA,1,"2022/10/20 15:55:00",SEBSF1,9.751210
D,DISPATCH,UNIT_SCADA,1,"2022/10/20 15:55:00",SHGEN,0
D,DISPATCH,UNIT_SCADA,1,"2022/10/20 15:55:00",SHPUMP,0
D,DISPATCH,UNIT_SCADA,1,"2022/10/20 15:55:00",SITHE01,0.123710
D,DISPATCH,UNIT_SCADA,1,"2022/10/20 15:55:00",SMCSF1,22.6910
D,DISPATCH,UNIT_SCADA,1,"2022/10/20 15:55:00",SNAPPER1,0
D,DISPATCH,UNIT_SCADA,1,"2022/10/20 15:55:00",SNOWNTH1,15.50
D,DISPATCH,UNIT_SCADA,1,"2022/10/20 15:55:00",SNOWSTH1,14.30
D,DISPATCH,UNIT_SCADA,1,"2022/10/20 15:55:00",SNOWTWN1,5.912080
D,DISPATCH,UNIT_SCADA,1,"2022/10/20 15:55:00",SNOWYP,0
D,DISPATCH,UNIT_SCADA,1,"2022/10/20 15:55:00",SNUG1,0
D,DISPATCH,UNIT_SCADA,1,"2022/10/20 15:55:00",SRSF1,1.68
D,DISPATCH,UNIT_SCADA,1,"2022/10/20 15:55:00",STAN-1,278.928160
D,DISPATCH,UNIT_SCADA,1,"2022/10/20 15:55:00",STAN-2,347.1701
D,DISPATCH,UNIT_SCADA,1,"2022/10/20 15:55:00",STAN-3,142.7903
D,DISPATCH,UNIT_SCADA,1,"2022/10/20 15:55:00",STAN-4,348.618530
D,DISPATCH,UNIT_SCADA,1,"2022/10/20 15:55:00",STARHLWF,10.896820
D,DISPATCH,UNIT_SCADA,1,"2022/10/20 15:55:00",STOCKYD1,205.58
D,DISPATCH,UNIT_SCADA,1,"2022/10/20 15:55:00",STWF1,0
D,DISPATCH,UNIT_SCADA,1,"2022/10/20 15:55:00",SUNRSF1,30.611120
D,DISPATCH,UNIT_SCADA,1,"2022/10/20 15:55:00",SUNTPSF1,61.092850
D,DISPATCH,UNIT_SCADA,1,"2022/10/20 15:55:00",SWAN_E,191.816860
D,DISPATCH,UNIT_SCADA,1,"2022/10/20 15:55:00",TALWA1,0
D,DISPATCH,UNIT_SCADA,1,"2022/10/20 15:55:00",TARALGA1,0
D,DISPATCH,UNIT_SCADA,1,"2022/10/20 15:55:00",TARONG#1,344.100010
D,DISPATCH,UNIT_SCADA,1,"2022/10/20 15:55:00",TARONG#2,344.100010
D,DISPATCH,UNIT_SCADA,1,"2022/10/20 15:55:00",TARONG#3,0.90
D,DISPATCH,UNIT_SCADA,1,"2022/10/20 15:55:00",TARONG#4,283.399990
D,DISPATCH,UNIT_SCADA,1,"2022/10/20 15:55:00",TARRALEA,54
D,DISPATCH,UNIT_SCADA,1,"2022/10/20 15:55:00",TBSF1,0.10
D,DISPATCH,UNIT_SCADA,1,"2022/10/20 15:55:00",TNPS1,375.0625
D,DISPATCH,UNIT_SCADA,1,"2022/10/20 15:55:00",TORRB1,0
D,DISPATCH,UNIT_SCADA,1,"2022/10/20 15:55:00",TORRB2,52
D,DISPATCH,UNIT_SCADA,1,"2022/10/20 15:55:00",TORRB3,0
D,DISPATCH,UNIT_SCADA,1,"2022/10/20 15:55:00",TORRB4,0
D,DISPATCH,UNIT_SCADA,1,"2022/10/20 15:55:00",TREVALLN,100.474140
D,DISPATCH,UNIT_SCADA,1,"2022/10/20 15:55:00",TRIBUTE,0
D,DISPATCH,UNIT_SCADA,1,"2022/10/20 15:55:00",TUMUT3,119.079990
D,DISPATCH,UNIT_SCADA,1,"2022/10/20 15:55:00",TUNGATIN,4.320020
D,DISPATCH,UNIT_SCADA,1,"2022/10/20 15:55:00",TVCC201,0
D,DISPATCH,UNIT_SCADA,1,"2022/10/20 15:55:00",TVPP104,0
D,DISPATCH,UNIT_SCADA,1,"2022/10/20 15:55:00",UPPTUMUT,0
D,DISPATCH,UNIT_SCADA,1,"2022/10/20 15:55:00",URANQ11,0
D,DISPATCH,UNIT_SCADA,1,"2022/10/20 15:55:00",URANQ12,0
D,DISPATCH,UNIT_SCADA,1,"2022/10/20 15:55:00",URANQ13,0
D,DISPATCH,UNIT_SCADA,1,"2022/10/20 15:55:00",URANQ14,0
D,DISPATCH,UNIT_SCADA,1,"2022/10/20 15:55:00",VBBG1,0
D,DISPATCH,UNIT_SCADA,1,"2022/10/20 15:55:00",VBBL1,18.50
D,DISPATCH,UNIT_SCADA,1,"2022/10/20 15:55:00",VP5,516.788210
D,DISPATCH,UNIT_SCADA,1,"2022/10/20 15:55:00",VP6,516.714970
D,DISPATCH,UNIT_SCADA,1,"2022/10/20 15:55:00",VPGS1,0
D,DISPATCH,UNIT_SCADA,1,"2022/10/20 15:55:00",VPGS2,0
D,DISPATCH,UNIT_SCADA,1,"2022/10/20 15:55:00",VPGS3,0
D,DISPATCH,UNIT_SCADA,1,"2022/10/20 15:55:00",VPGS4,0
D,DISPATCH,UNIT_SCADA,1,"2022/10/20 15:55:00",VPGS5,0
D,DISPATCH,UNIT_SCADA,1,"2022/10/20 15:55:00",VPGS6,0
D,DISPATCH,UNIT_SCADA,1,"2022/10/20 15:55:00",W/HOE#1,0
D,DISPATCH,UNIT_SCADA,1,"2022/10/20 15:55:00",W/HOE#2,0
D,DISPATCH,UNIT_SCADA,1,"2022/10/20 15:55:00",WAGGNSF1,0
D,DISPATCH,UNIT_SCADA,1,"2022/10/20 15:55:00",WALGRVG1,0
D,DISPATCH,UNIT_SCADA,1,"2022/10/20 15:55:00",WALGRVL1,30.166310
D,DISPATCH,UNIT_SCADA,1,"2022/10/20 15:55:00",WANDBG1,0
D,DISPATCH,UNIT_SCADA,1,"2022/10/20 15:55:00",WANDBL1,0.384120
D,DISPATCH,UNIT_SCADA,1,"2022/10/20 15:55:00",WARWSF1,3.79
D,DISPATCH,UNIT_SCADA,1,"2022/10/20 15:55:00",WARWSF2,4.08
D,DISPATCH,UNIT_SCADA,1,"2022/10/20 15:55:00",WATERLWF,0
D,DISPATCH,UNIT_SCADA,1,"2022/10/20 15:55:00",WDGPH1,41.9070
D,DISPATCH,UNIT_SCADA,1,"2022/10/20 15:55:00",WELLSF1,100.267040
D,DISPATCH,UNIT_SCADA,1,"2022/10/20 15:55:00",WEMENSF1,11.50
D,DISPATCH,UNIT_SCADA,1,"2022/10/20 15:55:00",WGWF1,1.80
D,DISPATCH,UNIT_SCADA,1,"2022/10/20 15:55:00",WHITSF1,42.50
D,DISPATCH,UNIT_SCADA,1,"2022/10/20 15:55:00",WINTSF1,43.18
D,DISPATCH,UNIT_SCADA,1,"2022/10/20 15:55:00",WKIEWA1,31.90
D,DISPATCH,UNIT_SCADA,1,"2022/10/20 15:55:00",WKIEWA2,14
D,DISPATCH,UNIT_SCADA,1,"2022/10/20 15:55:00",WOODLWN1,30.9951
D,DISPATCH,UNIT_SCADA,1,"2022/10/20 15:55:00",WOOLGSF1,6.390020
D,DISPATCH,UNIT_SCADA,1,"2022/10/20 15:55:00",WPWF,42.16
D,DISPATCH,UNIT_SCADA,1,"2022/10/20 15:55:00",WRSF1,5.969420
D,DISPATCH,UNIT_SCADA,1,"2022/10/20 15:55:00",WRWF1,16.827040
D,DISPATCH,UNIT_SCADA,1,"2022/10/20 15:55:00",WSTWYSF1,5.058050
D,DISPATCH,UNIT_SCADA,1,"2022/10/20 15:55:00",YABULU,0
D,DISPATCH,UNIT_SCADA,1,"2022/10/20 15:55:00",YABULU2,0
D,DISPATCH,UNIT_SCADA,1,"2022/10/20 15:55:00",YARANSF1,37.61
D,DISPATCH,UNIT_SCADA,1,"2022/10/20 15:55:00",YARWUN_1,160.61
D,DISPATCH,UNIT_SCADA,1,"2022/10/20 15:55:00",YATSF1,35.65
D,DISPATCH,UNIT_SCADA,1,"2022/10/20 15:55:00",YENDWF1,36.79
D,DISPATCH,UNIT_SCADA,1,"2022/10/20 15:55:00",YWPS1,363.908870
D,DISPATCH,UNIT_SCADA,1,"2022/10/20 15:55:00",YWPS2,290.974670
D,DISPATCH,UNIT_SCADA,1,"2022/10/20 15:55:00",YWPS3,358.541780
D,DISPATCH,UNIT_SCADA,1,"2022/10/20 15:55:00",YWPS4,0
C,"END OF REPORT",419
