C,NEMP.WORLD,DISPATCHSCADA,AEMO,PUBLIC,2022/10/20,08:50:10,0000000373241998,DISPATCHSCADA,0000000373241992
I,DISPATCH,UNIT_SCADA,1,SETTLEMENTDATE,DUID,SCADAVALUE
D,DISPATCH,UNIT_SCADA,1,"2022/10/20 08:55:00",BARCSF1,9.90
D,DISPATCH,UNIT_SCADA,1,"2022/10/20 08:55:00",BUTLERSG,8.699999
D,DISPATCH,UNIT_SCADA,1,"2022/10/20 08:55:00",CAPTL_WF,54.328953
D,DISPATCH,UNIT_SCADA,1,"2022/10/20 08:55:00",CHALLHWF,2.40
D,DISPATCH,UNIT_SCADA,1,"2022/10/20 08:55:00",CLOVER,13.35
D,DISPATCH,UNIT_SCADA,1,"2022/10/20 08:55:00",CLUNY,6.148318
D,DISPATCH,UNIT_SCADA,1,"2022/10/20 08:55:00",CULLRGWF,-0.04
D,DISPATCH,UNIT_SCADA,1,"2022/10/20 08:55:00",DIAPURWF1,7.30
D,DISPATCH,UNIT_SCADA,1,"2022/10/20 08:55:00",ERGT01,0
D,DISPATCH,UNIT_SCADA,1,"2022/10/20 08:55:00",GB01,0
D,DISPATCH,UNIT_SCADA,1,"2022/10/20 08:55:00",GERMCRK,19.90
D,DISPATCH,UNIT_SCADA,1,"2022/10/20 08:55:00",GRIFSF1,2.198825
D,DISPATCH,UNIT_SCADA,1,"2022/10/20 08:55:00",HEZ1,0
D,DISPATCH,UNIT_SCADA,1,"2022/10/20 08:55:00",HUGSF1,10.691001
D,DISPATCH,UNIT_SCADA,1,"2022/10/20 08:55:00",KEPBG1,0.01
D,DISPATCH,UNIT_SCADA,1,"2022/10/20 08:55:00",LRSF1,9.4090
D,DISPATCH,UNIT_SCADA,1,"2022/10/20 08:55:00",MBAHNTH,45.206253
D,DISPATCH,UNIT_SCADA,1,"2022/10/20 08:55:00",MLSP1,8.426001
D,DISPATCH,UNIT_SCADA,1,"2022/10/20 08:55:00",MLWF1,4.98
D,DISPATCH,UNIT_SCADA,1,"2022/10/20 08:55:00",PALOONA,30.09
D,DISPATCH,UNIT_SCADA,1,"2022/10/20 08:55:00",PIONEER,37.700001
D,DISPATCH,UNIT_SCADA,1,"2022/10/20 08:55:00",PORTWF,60.900002
D,DISPATCH,UNIT_SCADA,1,"2022/10/20 08:55:00",REPULSE,9.320821
D,DISPATCH,UNIT_SCADA,1,"2022/10/20 08:55:00",ROWALLAN,8.846601
D,DISPATCH,UNIT_SCADA,1,"2022/10/20 08:55:00",ROYALLA1,14.118004
D,DISPATCH,UNIT_SCADA,1,"2022/10/20 08:55:00",RPCG,-1.80
D,DISPATCH,UNIT_SCADA,1,"2022/10/20 08:55:00",RUBICON,0
D,DISPATCH,UNIT_SCADA,1,"2022/10/20 08:55:00",WAUBRAWF,18.058001
D,DISPATCH,UNIT_SCADA,1,"2022/10/20 08:55:00",WOOLNTH1,0.35
D,DISPATCH,UNIT_SCADA,1,"2022/10/20 08:55:00",YAMBUKWF,6.20
D,DISPATCH,UNIT_SCADA,1,"2022/10/20 08:55:00",YSWF1,0.50
D,DISPATCH,UNIT_SCADA,1,"2022/10/20 08:55:00",ADPBA1G,0.0080
D,DISPATCH,UNIT_SCADA,1,"2022/10/20 08:55:00",ADPBA1L,0
D,DISPATCH,UNIT_SCADA,1,"2022/10/20 08:55:00",ADPPV1,0.0540
D,DISPATCH,UNIT_SCADA,1,"2022/10/20 08:55:00",AGLHAL,0
D,DISPATCH,UNIT_SCADA,1,"2022/10/20 08:55:00",AGLSOM,0
D,DISPATCH,UNIT_SCADA,1,"2022/10/20 08:55:00",ANGAST1,0
D,DISPATCH,UNIT_SCADA,1,"2022/10/20 08:55:00",ARWF1,3.50
D,DISPATCH,UNIT_SCADA,1,"2022/10/20 08:55:00",BALBG1,0
D,DISPATCH,UNIT_SCADA,1,"2022/10/20 08:55:00",BALBL1,0
D,DISPATCH,UNIT_SCADA,1,"2022/10/20 08:55:00",BALDHWF1,2.1580
D,DISPATCH,UNIT_SCADA,1,"2022/10/20 08:55:00",BANGOWF1,23.0985
D,DISPATCH,UNIT_SCADA,1,"2022/10/20 08:55:00",BANGOWF2,36.299610
D,DISPATCH,UNIT_SCADA,1,"2022/10/20 08:55:00",BANN1,25.55
D,DISPATCH,UNIT_SCADA,1,"2022/10/20 08:55:00",BARCALDN,0
D,DISPATCH,UNIT_SCADA,1,"2022/10/20 08:55:00",BARKIPS1,0
D,DISPATCH,UNIT_SCADA,1,"2022/10/20 08:55:00",BARRON-1,0
D,DISPATCH,UNIT_SCADA,1,"2022/10/20 08:55:00",BARRON-2,0
D,DISPATCH,UNIT_SCADA,1,"2022/10/20 08:55:00",BASTYAN,51.96
D,DISPATCH,UNIT_SCADA,1,"2022/10/20 08:55:00",BBTHREE1,0
D,DISPATCH,UNIT_SCADA,1,"2022/10/20 08:55:00",BBTHREE2,0
D,DISPATCH,UNIT_SCADA,1,"2022/10/20 08:55:00",BBTHREE3,-1.06
D,DISPATCH,UNIT_SCADA,1,"2022/10/20 08:55:00",BDL01,0
D,DISPATCH,UNIT_SCADA,1,"2022/10/20 08:55:00",BDL02,0
D,DISPATCH,UNIT_SCADA,1,"2022/10/20 08:55:00",BERYLSF1,6.511560
D,DISPATCH,UNIT_SCADA,1,"2022/10/20 08:55:00",BLOWERNG,62.50
D,DISPATCH,UNIT_SCADA,1,"2022/10/20 08:55:00",BLUEGSF1,24.572930
D,DISPATCH,UNIT_SCADA,1,"2022/10/20 08:55:00",BLUFF1,36
D,DISPATCH,UNIT_SCADA,1,"2022/10/20 08:55:00",BNGSF1,110.13
D,DISPATCH,UNIT_SCADA,1,"2022/10/20 08:55:00",BNGSF2,110.54
D,DISPATCH,UNIT_SCADA,1,"2022/10/20 08:55:00",BOCORWF1,0
D,DISPATCH,UNIT_SCADA,1,"2022/10/20 08:55:00",BODWF1,104.912810
D,DISPATCH,UNIT_SCADA,1,"2022/10/20 08:55:00",BOMENSF1,23.589840
D,DISPATCH,UNIT_SCADA,1,"2022/10/20 08:55:00",BOWWBA1G,0
D,DISPATCH,UNIT_SCADA,1,"2022/10/20 08:55:00",BOWWBA1L,0
D,DISPATCH,UNIT_SCADA,1,"2022/10/20 08:55:00",BOWWPV1,0.0010
D,DISPATCH,UNIT_SCADA,1,"2022/10/20 08:55:00",BRAEMAR1,0
D,DISPATCH,UNIT_SCADA,1,"2022/10/20 08:55:00",BRAEMAR2,0
D,DISPATCH,UNIT_SCADA,1,"2022/10/20 08:55:00",BRAEMAR3,0
D,DISPATCH,UNIT_SCADA,1,"2022/10/20 08:55:00",BRAEMAR5,0.292060
D,DISPATCH,UNIT_SCADA,1,"2022/10/20 08:55:00",BRAEMAR6,0
D,DISPATCH,UNIT_SCADA,1,"2022/10/20 08:55:00",BRAEMAR7,0.130920
D,DISPATCH,UNIT_SCADA,1,"2022/10/20 08:55:00",BROKENH1,13.1998
D,DISPATCH,UNIT_SCADA,1,"2022/10/20 08:55:00",BRYB1WF1,103.691150
D,DISPATCH,UNIT_SCADA,1,"2022/10/20 08:55:00",BULBESG1,0
D,DISPATCH,UNIT_SCADA,1,"2022/10/20 08:55:00",BULBESL1,1.84
D,DISPATCH,UNIT_SCADA,1,"2022/10/20 08:55:00",BULGANA1,9.56
D,DISPATCH,UNIT_SCADA,1,"2022/10/20 08:55:00",BW01,658.0545
D,DISPATCH,UNIT_SCADA,1,"2022/10/20 08:55:00",BW02,617.941530
D,DISPATCH,UNIT_SCADA,1,"2022/10/20 08:55:00",BW03,549.239320
D,DISPATCH,UNIT_SCADA,1,"2022/10/20 08:55:00",BW04,0
D,DISPATCH,UNIT_SCADA,1,"2022/10/20 08:55:00",CALL_B_1,319.899990
D,DISPATCH,UNIT_SCADA,1,"2022/10/20 08:55:00",CALL_B_2,319.899990
D,DISPATCH,UNIT_SCADA,1,"2022/10/20 08:55:00",CATHROCK,0
D,DISPATCH,UNIT_SCADA,1,"2022/10/20 08:55:00",CBWWBA1G,0
D,DISPATCH,UNIT_SCADA,1,"2022/10/20 08:55:00",CBWWBA1L,0
D,DISPATCH,UNIT_SCADA,1,"2022/10/20 08:55:00",CETHANA,97.406130
D,DISPATCH,UNIT_SCADA,1,"2022/10/20 08:55:00",CG1,0
D,DISPATCH,UNIT_SCADA,1,"2022/10/20 08:55:00",CG2,0
D,DISPATCH,UNIT_SCADA,1,"2022/10/20 08:55:00",CG3,0
D,DISPATCH,UNIT_SCADA,1,"2022/10/20 08:55:00",CG4,0
D,DISPATCH,UNIT_SCADA,1,"2022/10/20 08:55:00",CHILDSF1,29.90
D,DISPATCH,UNIT_SCADA,1,"2022/10/20 08:55:00",CHYTWF1,0.43
D,DISPATCH,UNIT_SCADA,1,"2022/10/20 08:55:00",CLARESF1,18.919420
D,DISPATCH,UNIT_SCADA,1,"2022/10/20 08:55:00",CLEMGPWF,10.733220
D,DISPATCH,UNIT_SCADA,1,"2022/10/20 08:55:00",CLERMSF1,17.80
D,DISPATCH,UNIT_SCADA,1,"2022/10/20 08:55:00",CNUNDAWF,0.200230
D,DISPATCH,UNIT_SCADA,1,"2022/10/20 08:55:00",COHUNSF1,4.07
D,DISPATCH,UNIT_SCADA,1,"2022/10/20 08:55:00",COLEASF1,33.100250
D,DISPATCH,UNIT_SCADA,1,"2022/10/20 08:55:00",COLUMSF1,15.54
D,DISPATCH,UNIT_SCADA,1,"2022/10/20 08:55:00",COLWF01,123.344770
D,DISPATCH,UNIT_SCADA,1,"2022/10/20 08:55:00",COOPGWF1,295.230010
D,DISPATCH,UNIT_SCADA,1,"2022/10/20 08:55:00",CPP_3,360.524990
D,DISPATCH,UNIT_SCADA,1,"2022/10/20 08:55:00",CPP_4,0
D,DISPATCH,UNIT_SCADA,1,"2022/10/20 08:55:00",CPSA,0
D,DISPATCH,UNIT_SCADA,1,"2022/10/20 08:55:00",CROOKWF2,37.374230
D,DISPATCH,UNIT_SCADA,1,"2022/10/20 08:55:00",CROWLWF1,25.187330
D,DISPATCH,UNIT_SCADA,1,"2022/10/20 08:55:00",CRURWF1,38.797210
D,DISPATCH,UNIT_SCADA,1,"2022/10/20 08:55:00",CRWASF1,29.134850
D,DISPATCH,UNIT_SCADA,1,"2022/10/20 08:55:00",CSPVPS1,22.5390
D,DISPATCH,UNIT_SCADA,1,"2022/10/20 08:55:00",CTHLWF1,0.003050
D,DISPATCH,UNIT_SCADA,1,"2022/10/20 08:55:00",DALNTH01,0
D,DISPATCH,UNIT_SCADA,1,"2022/10/20 08:55:00",DALNTHL1,0.022890
D,DISPATCH,UNIT_SCADA,1,"2022/10/20 08:55:00",DARLSF1,34.5864
D,DISPATCH,UNIT_SCADA,1,"2022/10/20 08:55:00",DARTM1,0
D,DISPATCH,UNIT_SCADA,1,"2022/10/20 08:55:00",DAYDSF1,83.8740
D,DISPATCH,UNIT_SCADA,1,"2022/10/20 08:55:00",DDPS1,0
D,DISPATCH,UNIT_SCADA,1,"2022/10/20 08:55:00",DDSF1,11.672580
D,DISPATCH,UNIT_SCADA,1,"2022/10/20 08:55:00",DEVILS_G,57.885070
D,DISPATCH,UNIT_SCADA,1,"2022/10/20 08:55:00",DG_NSW1,0
D,DISPATCH,UNIT_SCADA,1,"2022/10/20 08:55:00",DG_QLD1,0
D,DISPATCH,UNIT_SCADA,1,"2022/10/20 08:55:00",DG_SA1,0
D,DISPATCH,UNIT_SCADA,1,"2022/10/20 08:55:00",DG_TAS1,0
D,DISPATCH,UNIT_SCADA,1,"2022/10/20 08:55:00",DG_VIC1,0
D,DISPATCH,UNIT_SCADA,1,"2022/10/20 08:55:00",DRYCGT1,0
D,DISPATCH,UNIT_SCADA,1,"2022/10/20 08:55:00",DRYCGT2,0
D,DISPATCH,UNIT_SCADA,1,"2022/10/20 08:55:00",DRYCGT3,0
D,DISPATCH,UNIT_SCADA,1,"2022/10/20 08:55:00",DUNDWF1,72.30
D,DISPATCH,UNIT_SCADA,1,"2022/10/20 08:55:00",DUNDWF2,21.06
D,DISPATCH,UNIT_SCADA,1,"2022/10/20 08:55:00",DUNDWF3,59.67
D,DISPATCH,UNIT_SCADA,1,"2022/10/20 08:55:00",EILDON1,59.92
D,DISPATCH,UNIT_SCADA,1,"2022/10/20 08:55:00",EILDON2,60.08
D,DISPATCH,UNIT_SCADA,1,"2022/10/20 08:55:00",ELAINWF1,13.85
D,DISPATCH,UNIT_SCADA,1,"2022/10/20 08:55:00",EMERASF1,0
D,DISPATCH,UNIT_SCADA,1,"2022/10/20 08:55:00",ER01,0
D,DISPATCH,UNIT_SCADA,1,"2022/10/20 08:55:00",ER02,538.936460
D,DISPATCH,UNIT_SCADA,1,"2022/10/20 08:55:00",ER03,498.530550
D,DISPATCH,UNIT_SCADA,1,"2022/10/20 08:55:00",ER04,498.213170
D,DISPATCH,UNIT_SCADA,1,"2022/10/20 08:55:00",FINLYSF1,105.357440
D,DISPATCH,UNIT_SCADA,1,"2022/10/20 08:55:00",FISHER,43.98
D,DISPATCH,UNIT_SCADA,1,"2022/10/20 08:55:00",GANGARR1,38.4310
D,DISPATCH,UNIT_SCADA,1,"2022/10/20 08:55:00",GANNBG1,0
D,DISPATCH,UNIT_SCADA,1,"2022/10/20 08:55:00",GANNBL1,0.089840
D,DISPATCH,UNIT_SCADA,1,"2022/10/20 08:55:00",GANNSF1,17.90
D,DISPATCH,UNIT_SCADA,1,"2022/10/20 08:55:00",GLRWNSF1,109.93
D,DISPATCH,UNIT_SCADA,1,"2022/10/20 08:55:00",GNNDHSF1,24.570610
D,DISPATCH,UNIT_SCADA,1,"2022/10/20 08:55:00",GOONSF1,24.3473
D,DISPATCH,UNIT_SCADA,1,"2022/10/20 08:55:00",GORDON,239.045070
D,DISPATCH,UNIT_SCADA,1,"2022/10/20 08:55:00",GRANWF1,0
D,DISPATCH,UNIT_SCADA,1,"2022/10/20 08:55:00",GSTONE1,195.30
D,DISPATCH,UNIT_SCADA,1,"2022/10/20 08:55:00",GSTONE2,0
D,DISPATCH,UNIT_SCADA,1,"2022/10/20 08:55:00",GSTONE3,195.30
D,DISPATCH,UNIT_SCADA,1,"2022/10/20 08:55:00",GSTONE4,0
D,DISPATCH,UNIT_SCADA,1,"2022/10/20 08:55:00",GSTONE5,197.05
D,DISPATCH,UNIT_SCADA,1,"2022/10/20 08:55:00",GSTONE6,198.274990
D,DISPATCH,UNIT_SCADA,1,"2022/10/20 08:55:00",GULLRSF1,1.314980
D,DISPATCH,UNIT_SCADA,1,"2022/10/20 08:55:00",GULLRWF1,64.674010
D,DISPATCH,UNIT_SCADA,1,"2022/10/20 08:55:00",GULLRWF2,94.683090
D,DISPATCH,UNIT_SCADA,1,"2022/10/20 08:55:00",GUNNING1,0
D,DISPATCH,UNIT_SCADA,1,"2022/10/20 08:55:00",GUTHEGA,67.50
D,DISPATCH,UNIT_SCADA,1,"2022/10/20 08:55:00",HALLWF1,26.81
D,DISPATCH,UNIT_SCADA,1,"2022/10/20 08:55:00",HALLWF2,51.16
D,DISPATCH,UNIT_SCADA,1,"2022/10/20 08:55:00",HAMISF1,28.70
D,DISPATCH,UNIT_SCADA,1,"2022/10/20 08:55:00",HAUGHT11,17.505280
D,DISPATCH,UNIT_SCADA,1,"2022/10/20 08:55:00",HAYMSF1,34.3870
D,DISPATCH,UNIT_SCADA,1,"2022/10/20 08:55:00",HDWF1,68.70
D,DISPATCH,UNIT_SCADA,1,"2022/10/20 08:55:00",HDWF2,37.50
D,DISPATCH,UNIT_SCADA,1,"2022/10/20 08:55:00",HDWF3,54.80
D,DISPATCH,UNIT_SCADA,1,"2022/10/20 08:55:00",HILLSTN1,17.198080
D,DISPATCH,UNIT_SCADA,1,"2022/10/20 08:55:00",HPRG1,0
D,DISPATCH,UNIT_SCADA,1,"2022/10/20 08:55:00",HPRL1,16
D,DISPATCH,UNIT_SCADA,1,"2022/10/20 08:55:00",HUMENSW,54.785920
D,DISPATCH,UNIT_SCADA,1,"2022/10/20 08:55:00",HUMEV,0
D,DISPATCH,UNIT_SCADA,1,"2022/10/20 08:55:00",HVWWBA1G,0
D,DISPATCH,UNIT_SCADA,1,"2022/10/20 08:55:00",HVWWBA1L,0.0060
D,DISPATCH,UNIT_SCADA,1,"2022/10/20 08:55:00",HVWWPV1,0.0140
D,DISPATCH,UNIT_SCADA,1,"2022/10/20 08:55:00",JBUTTERS,0
D,DISPATCH,UNIT_SCADA,1,"2022/10/20 08:55:00",JEMALNG1,7.36
D,DISPATCH,UNIT_SCADA,1,"2022/10/20 08:55:00",JLA01,0
D,DISPATCH,UNIT_SCADA,1,"2022/10/20 08:55:00",JLA02,0
D,DISPATCH,UNIT_SCADA,1,"2022/10/20 08:55:00",JLA03,0
D,DISPATCH,UNIT_SCADA,1,"2022/10/20 08:55:00",JLA04,0
D,DISPATCH,UNIT_SCADA,1,"2022/10/20 08:55:00",JLB01,0
D,DISPATCH,UNIT_SCADA,1,"2022/10/20 08:55:00",JLB02,0.10
D,DISPATCH,UNIT_SCADA,1,"2022/10/20 08:55:00",JLB03,0
D,DISPATCH,UNIT_SCADA,1,"2022/10/20 08:55:00",JUNEESF1,6.602240
D,DISPATCH,UNIT_SCADA,1,"2022/10/20 08:55:00",KABANWF1,0.0470
D,DISPATCH,UNIT_SCADA,1,"2022/10/20 08:55:00",KAREEYA1,0
D,DISPATCH,UNIT_SCADA,1,"2022/10/20 08:55:00",KAREEYA2,0
D,DISPATCH,UNIT_SCADA,1,"2022/10/20 08:55:00",KAREEYA3,4.9025
D,DISPATCH,UNIT_SCADA,1,"2022/10/20 08:55:00",KAREEYA4,0
D,DISPATCH,UNIT_SCADA,1,"2022/10/20 08:55:00",KARSF1,18
D,DISPATCH,UNIT_SCADA,1,"2022/10/20 08:55:00",KEPSF1,7.70
D,DISPATCH,UNIT_SCADA,1,"2022/10/20 08:55:00",KEPWF1,1.55
D,DISPATCH,UNIT_SCADA,1,"2022/10/20 08:55:00",KIAMSF1,28.606850
D,DISPATCH,UNIT_SCADA,1,"2022/10/20 08:55:00",KIATAWF1,11.20
D,DISPATCH,UNIT_SCADA,1,"2022/10/20 08:55:00",KPP_1,0
D,DISPATCH,UNIT_SCADA,1,"2022/10/20 08:55:00",KSP1,26.40
D,DISPATCH,UNIT_SCADA,1,"2022/10/20 08:55:00",LADBROK1,0.02
D,DISPATCH,UNIT_SCADA,1,"2022/10/20 08:55:00",LADBROK2,5.78
D,DISPATCH,UNIT_SCADA,1,"2022/10/20 08:55:00",LBBG1,0
D,DISPATCH,UNIT_SCADA,1,"2022/10/20 08:55:00",LBBL1,11.10
D,DISPATCH,UNIT_SCADA,1,"2022/10/20 08:55:00",LD01,320.004880
D,DISPATCH,UNIT_SCADA,1,"2022/10/20 08:55:00",LD02,0
D,DISPATCH,UNIT_SCADA,1,"2022/10/20 08:55:00",LD04,315.5553
D,DISPATCH,UNIT_SCADA,1,"2022/10/20 08:55:00",LEM_WIL,87.251870
D,DISPATCH,UNIT_SCADA,1,"2022/10/20 08:55:00",LGAPWF1,0
D,DISPATCH,UNIT_SCADA,1,"2022/10/20 08:55:00",LGAPWF2,0
D,DISPATCH,UNIT_SCADA,1,"2022/10/20 08:55:00",LILYSF1,2.801660
D,DISPATCH,UNIT_SCADA,1,"2022/10/20 08:55:00",LIMOSF11,11.848480
D,DISPATCH,UNIT_SCADA,1,"2022/10/20 08:55:00",LIMOSF21,1.199210
D,DISPATCH,UNIT_SCADA,1,"2022/10/20 08:55:00",LI_WY_CA,60.950620
D,DISPATCH,UNIT_SCADA,1,"2022/10/20 08:55:00",LKBONNY1,0
D,DISPATCH,UNIT_SCADA,1,"2022/10/20 08:55:00",LKBONNY2,0
D,DISPATCH,UNIT_SCADA,1,"2022/10/20 08:55:00",LKBONNY3,0
D,DISPATCH,UNIT_SCADA,1,"2022/10/20 08:55:00",LK_ECHO,0
D,DISPATCH,UNIT_SCADA,1,"2022/10/20 08:55:00",LNGS1,0
D,DISPATCH,UNIT_SCADA,1,"2022/10/20 08:55:00",LNGS2,0
D,DISPATCH,UNIT_SCADA,1,"2022/10/20 08:55:00",LONSDALE,0
D,DISPATCH,UNIT_SCADA,1,"2022/10/20 08:55:00",LOYYB1,536.840520
D,DISPATCH,UNIT_SCADA,1,"2022/10/20 08:55:00",LOYYB2,536.088620
D,DISPATCH,UNIT_SCADA,1,"2022/10/20 08:55:00",LYA1,517
D,DISPATCH,UNIT_SCADA,1,"2022/10/20 08:55:00",LYA2,0
D,DISPATCH,UNIT_SCADA,1,"2022/10/20 08:55:00",LYA3,454
D,DISPATCH,UNIT_SCADA,1,"2022/10/20 08:55:00",LYA4,456
D,DISPATCH,UNIT_SCADA,1,"2022/10/20 08:55:00",MACARTH1,47.098910
D,DISPATCH,UNIT_SCADA,1,"2022/10/20 08:55:00",MACKNTSH,0
D,DISPATCH,UNIT_SCADA,1,"2022/10/20 08:55:00",MANSLR1,7.3350
D,DISPATCH,UNIT_SCADA,1,"2022/10/20 08:55:00",MAPS2PV1,0
D,DISPATCH,UNIT_SCADA,1,"2022/10/20 08:55:00",MAPS3PV1,0
D,DISPATCH,UNIT_SCADA,1,"2022/10/20 08:55:00",MARYRSF1,8.51
D,DISPATCH,UNIT_SCADA,1,"2022/10/20 08:55:00",MBPS2PV1,0
D,DISPATCH,UNIT_SCADA,1,"2022/10/20 08:55:00",MCKAY1,0.02
D,DISPATCH,UNIT_SCADA,1,"2022/10/20 08:55:00",MEADOWBK,19.948840
D,DISPATCH,UNIT_SCADA,1,"2022/10/20 08:55:00",MERCER01,18.90
D,DISPATCH,UNIT_SCADA,1,"2022/10/20 08:55:00",METZSF1,32.415310
D,DISPATCH,UNIT_SCADA,1,"2022/10/20 08:55:00",MEWF1,0
D,DISPATCH,UNIT_SCADA,1,"2022/10/20 08:55:00",MIDDLSF1,2.67
D,DISPATCH,UNIT_SCADA,1,"2022/10/20 08:55:00",MINTARO,0.128180
D,DISPATCH,UNIT_SCADA,1,"2022/10/20 08:55:00",MOLNGSF1,6.947130
D,DISPATCH,UNIT_SCADA,1,"2022/10/20 08:55:00",MOORAWF1,23.92
D,DISPATCH,UNIT_SCADA,1,"2022/10/20 08:55:00",MOREESF1,19.1560
D,DISPATCH,UNIT_SCADA,1,"2022/10/20 08:55:00",MORTLK11,0
D,DISPATCH,UNIT_SCADA,1,"2022/10/20 08:55:00",MORTLK12,0
D,DISPATCH,UNIT_SCADA,1,"2022/10/20 08:55:00",MOUSF1,0
D,DISPATCH,UNIT_SCADA,1,"2022/10/20 08:55:00",MP1,0
D,DISPATCH,UNIT_SCADA,1,"2022/10/20 08:55:00",MP2,348.357360
D,DISPATCH,UNIT_SCADA,1,"2022/10/20 08:55:00",MPP_1,174.917360
D,DISPATCH,UNIT_SCADA,1,"2022/10/20 08:55:00",MPP_2,77.547770
D,DISPATCH,UNIT_SCADA,1,"2022/10/20 08:55:00",MRTLSWF1,0
D,DISPATCH,UNIT_SCADA,1,"2022/10/20 08:55:00",MSTUART1,0
D,DISPATCH,UNIT_SCADA,1,"2022/10/20 08:55:00",MSTUART2,0
D,DISPATCH,UNIT_SCADA,1,"2022/10/20 08:55:00",MSTUART3,0
D,DISPATCH,UNIT_SCADA,1,"2022/10/20 08:55:00",MTGELWF1,37.990970
D,DISPATCH,UNIT_SCADA,1,"2022/10/20 08:55:00",MTMILLAR,1.40
D,DISPATCH,UNIT_SCADA,1,"2022/10/20 08:55:00",MURRAY,0
D,DISPATCH,UNIT_SCADA,1,"2022/10/20 08:55:00",MUSSELR1,99.30
D,DISPATCH,UNIT_SCADA,1,"2022/10/20 08:55:00",MUWAWF1,79.25
D,DISPATCH,UNIT_SCADA,1,"2022/10/20 08:55:00",MUWAWF2,55.30
D,DISPATCH,UNIT_SCADA,1,"2022/10/20 08:55:00",MWPS1PV1,0.13
D,DISPATCH,UNIT_SCADA,1,"2022/10/20 08:55:00",MWPS2PV1,0
D,DISPATCH,UNIT_SCADA,1,"2022/10/20 08:55:00",MWPS3PV1,0
D,DISPATCH,UNIT_SCADA,1,"2022/10/20 08:55:00",MWPS4PV1,0.01
D,DISPATCH,UNIT_SCADA,1,"2022/10/20 08:55:00",NBHWF1,71.30
D,DISPATCH,UNIT_SCADA,1,"2022/10/20 08:55:00",NEVERSF1,7.80
D,DISPATCH,UNIT_SCADA,1,"2022/10/20 08:55:00",NPS,0
D,DISPATCH,UNIT_SCADA,1,"2022/10/20 08:55:00",NUMURSF1,89.89
D,DISPATCH,UNIT_SCADA,1,"2022/10/20 08:55:00",NYNGAN1,21
D,DISPATCH,UNIT_SCADA,1,"2022/10/20 08:55:00",OAKEY1,0
D,DISPATCH,UNIT_SCADA,1,"2022/10/20 08:55:00",OAKEY1SF,5.7790
D,DISPATCH,UNIT_SCADA,1,"2022/10/20 08:55:00",OAKEY2,0
D,DISPATCH,UNIT_SCADA,1,"2022/10/20 08:55:00",OAKEY2SF,10.09
D,DISPATCH,UNIT_SCADA,1,"2022/10/20 08:55:00",OAKLAND1,5.40
D,DISPATCH,UNIT_SCADA,1,"2022/10/20 08:55:00",OSB-AG,0
D,DISPATCH,UNIT_SCADA,1,"2022/10/20 08:55:00",PAREPS1,0.0660
D,DISPATCH,UNIT_SCADA,1,"2022/10/20 08:55:00",PAREPW1,64.60
D,DISPATCH,UNIT_SCADA,1,"2022/10/20 08:55:00",PARSF1,18.400850
D,DISPATCH,UNIT_SCADA,1,"2022/10/20 08:55:00",POAT110,0
D,DISPATCH,UNIT_SCADA,1,"2022/10/20 08:55:00",POAT220,0
D,DISPATCH,UNIT_SCADA,1,"2022/10/20 08:55:00",POR01,0
D,DISPATCH,UNIT_SCADA,1,"2022/10/20 08:55:00",POR03,0
D,DISPATCH,UNIT_SCADA,1,"2022/10/20 08:55:00",PPCCGT,173.552120
D,DISPATCH,UNIT_SCADA,1,"2022/10/20 08:55:00",PTSTAN1,0
D,DISPATCH,UNIT_SCADA,1,"2022/10/20 08:55:00",PUMP1,0
D,DISPATCH,UNIT_SCADA,1,"2022/10/20 08:55:00",PUMP2,0
D,DISPATCH,UNIT_SCADA,1,"2022/10/20 08:55:00",QBYNBG1,0.0325
D,DISPATCH,UNIT_SCADA,1,"2022/10/20 08:55:00",QBYNBL1,0
D,DISPATCH,UNIT_SCADA,1,"2022/10/20 08:55:00",QPS1,0
D,DISPATCH,UNIT_SCADA,1,"2022/10/20 08:55:00",QPS2,0
D,DISPATCH,UNIT_SCADA,1,"2022/10/20 08:55:00",QPS3,0
D,DISPATCH,UNIT_SCADA,1,"2022/10/20 08:55:00",QPS4,0
D,DISPATCH,UNIT_SCADA,1,"2022/10/20 08:55:00",QPS5,75.30
D,DISPATCH,UNIT_SCADA,1,"2022/10/20 08:55:00",REECE1,46.189030
D,DISPATCH,UNIT_SCADA,1,"2022/10/20 08:55:00",REECE2,0
D,DISPATCH,UNIT_SCADA,1,"2022/10/20 08:55:00",ROMA_7,0
D,DISPATCH,UNIT_SCADA,1,"2022/10/20 08:55:00",ROMA_8,0
D,DISPATCH,UNIT_SCADA,1,"2022/10/20 08:55:00",RRSF1,19.676790
D,DISPATCH,UNIT_SCADA,1,"2022/10/20 08:55:00",RT_NSW1,0
D,DISPATCH,UNIT_SCADA,1,"2022/10/20 08:55:00",RT_NSW2,0
D,DISPATCH,UNIT_SCADA,1,"2022/10/20 08:55:00",RT_NSW3,0
D,DISPATCH,UNIT_SCADA,1,"2022/10/20 08:55:00",RT_NSW4,0
D,DISPATCH,UNIT_SCADA,1,"2022/10/20 08:55:00",RT_NSW5,0
D,DISPATCH,UNIT_SCADA,1,"2022/10/20 08:55:00",RT_NSW6,0
D,DISPATCH,UNIT_SCADA,1,"2022/10/20 08:55:00",RT_QLD1,0
D,DISPATCH,UNIT_SCADA,1,"2022/10/20 08:55:00",RT_SA1,0
D,DISPATCH,UNIT_SCADA,1,"2022/10/20 08:55:00",RT_SA2,0
D,DISPATCH,UNIT_SCADA,1,"2022/10/20 08:55:00",RT_SA3,0
D,DISPATCH,UNIT_SCADA,1,"2022/10/20 08:55:00",RT_SA4,0
D,DISPATCH,UNIT_SCADA,1,"2022/10/20 08:55:00",RT_SA5,0
D,DISPATCH,UNIT_SCADA,1,"2022/10/20 08:55:00",RT_SA6,0
D,DISPATCH,UNIT_SCADA,1,"2022/10/20 08:55:00",RT_TAS1,0
D,DISPATCH,UNIT_SCADA,1,"2022/10/20 08:55:00",RT_VIC1,0
D,DISPATCH,UNIT_SCADA,1,"2022/10/20 08:55:00",RT_VIC10,0
D,DISPATCH,UNIT_SCADA,1,"2022/10/20 08:55:00",RT_VIC11,0
D,DISPATCH,UNIT_SCADA,1,"2022/10/20 08:55:00",RT_VIC12,0
D,DISPATCH,UNIT_SCADA,1,"2022/10/20 08:55:00",RT_VIC2,0
D,DISPATCH,UNIT_SCADA,1,"2022/10/20 08:55:00",RT_VIC3,0
D,DISPATCH,UNIT_SCADA,1,"2022/10/20 08:55:00",RT_VIC4,0
D,DISPATCH,UNIT_SCADA,1,"2022/10/20 08:55:00",RT_VIC5,0
D,DISPATCH,UNIT_SCADA,1,"2022/10/20 08:55:00",RT_VIC6,0
D,DISPATCH,UNIT_SCADA,1,"2022/10/20 08:55:00",RT_VIC7,0
D,DISPATCH,UNIT_SCADA,1,"2022/10/20 08:55:00",RT_VIC8,0
D,DISPATCH,UNIT_SCADA,1,"2022/10/20 08:55:00",RT_VIC9,0
D,DISPATCH,UNIT_SCADA,1,"2022/10/20 08:55:00",RUGBYR1,10.873340
D,DISPATCH,UNIT_SCADA,1,"2022/10/20 08:55:00",SALTCRK1,31.44
D,DISPATCH,UNIT_SCADA,1,"2022/10/20 08:55:00",SAPHWF1,253.3257
D,DISPATCH,UNIT_SCADA,1,"2022/10/20 08:55:00",SEBSF1,87.241850
D,DISPATCH,UNIT_SCADA,1,"2022/10/20 08:55:00",SHGEN,0
D,DISPATCH,UNIT_SCADA,1,"2022/10/20 08:55:00",SHPUMP,0
D,DISPATCH,UNIT_SCADA,1,"2022/10/20 08:55:00",SITHE01,0.1840
D,DISPATCH,UNIT_SCADA,1,"2022/10/20 08:55:00",SMCSF1,55.5720
D,DISPATCH,UNIT_SCADA,1,"2022/10/20 08:55:00",SNAPPER1,0
D,DISPATCH,UNIT_SCADA,1,"2022/10/20 08:55:00",SNOWNTH1,120
D,DISPATCH,UNIT_SCADA,1,"2022/10/20 08:55:00",SNOWSTH1,95.50
D,DISPATCH,UNIT_SCADA,1,"2022/10/20 08:55:00",SNOWTWN1,0
D,DISPATCH,UNIT_SCADA,1,"2022/10/20 08:55:00",SNOWYP,0
D,DISPATCH,UNIT_SCADA,1,"2022/10/20 08:55:00",SNUG1,0
D,DISPATCH,UNIT_SCADA,1,"2022/10/20 08:55:00",SRSF1,18.66
D,DISPATCH,UNIT_SCADA,1,"2022/10/20 08:55:00",STAN-1,277.825810
D,DISPATCH,UNIT_SCADA,1,"2022/10/20 08:55:00",STAN-2,364.8074
D,DISPATCH,UNIT_SCADA,1,"2022/10/20 08:55:00",STAN-3,155.9670
D,DISPATCH,UNIT_SCADA,1,"2022/10/20 08:55:00",STAN-4,365.422670
D,DISPATCH,UNIT_SCADA,1,"2022/10/20 08:55:00",STARHLWF,0.01
D,DISPATCH,UNIT_SCADA,1,"2022/10/20 08:55:00",STOCKYD1,62.33
D,DISPATCH,UNIT_SCADA,1,"2022/10/20 08:55:00",STWF1,3.532160
D,DISPATCH,UNIT_SCADA,1,"2022/10/20 08:55:00",SUNRSF1,5.754180
D,DISPATCH,UNIT_SCADA,1,"2022/10/20 08:55:00",SUNTPSF1,19.777520
D,DISPATCH,UNIT_SCADA,1,"2022/10/20 08:55:00",SWAN_E,155.131870
D,DISPATCH,UNIT_SCADA,1,"2022/10/20 08:55:00",TALWA1,0
D,DISPATCH,UNIT_SCADA,1,"2022/10/20 08:55:00",TARALGA1,0
D,DISPATCH,UNIT_SCADA,1,"2022/10/20 08:55:00",TARONG#1,350.50
D,DISPATCH,UNIT_SCADA,1,"2022/10/20 08:55:00",TARONG#2,349.50
D,DISPATCH,UNIT_SCADA,1,"2022/10/20 08:55:00",TARONG#3,0.90
D,DISPATCH,UNIT_SCADA,1,"2022/10/20 08:55:00",TARONG#4,295.300020
D,DISPATCH,UNIT_SCADA,1,"2022/10/20 08:55:00",TARRALEA,54
D,DISPATCH,UNIT_SCADA,1,"2022/10/20 08:55:00",TBSF1,0.20
D,DISPATCH,UNIT_SCADA,1,"2022/10/20 08:55:00",TNPS1,442.3750
D,DISPATCH,UNIT_SCADA,1,"2022/10/20 08:55:00",TORRB1,0
D,DISPATCH,UNIT_SCADA,1,"2022/10/20 08:55:00",TORRB2,41
D,DISPATCH,UNIT_SCADA,1,"2022/10/20 08:55:00",TORRB3,0
D,DISPATCH,UNIT_SCADA,1,"2022/10/20 08:55:00",TORRB4,0
D,DISPATCH,UNIT_SCADA,1,"2022/10/20 08:55:00",TREVALLN,98.029280
D,DISPATCH,UNIT_SCADA,1,"2022/10/20 08:55:00",TRIBUTE,0
D,DISPATCH,UNIT_SCADA,1,"2022/10/20 08:55:00",TUMUT3,0
D,DISPATCH,UNIT_SCADA,1,"2022/10/20 08:55:00",TUNGATIN,5.240020
D,DISPATCH,UNIT_SCADA,1,"2022/10/20 08:55:00",TVCC201,0
D,DISPATCH,UNIT_SCADA,1,"2022/10/20 08:55:00",TVPP104,39.990190
D,DISPATCH,UNIT_SCADA,1,"2022/10/20 08:55:00",UPPTUMUT,0
D,DISPATCH,UNIT_SCADA,1,"2022/10/20 08:55:00",URANQ11,0
D,DISPATCH,UNIT_SCADA,1,"2022/10/20 08:55:00",URANQ12,0
D,DISPATCH,UNIT_SCADA,1,"2022/10/20 08:55:00",URANQ13,0
D,DISPATCH,UNIT_SCADA,1,"2022/10/20 08:55:00",URANQ14,0
D,DISPATCH,UNIT_SCADA,1,"2022/10/20 08:55:00",VBBG1,0
D,DISPATCH,UNIT_SCADA,1,"2022/10/20 08:55:00",VBBL1,15.50
D,DISPATCH,UNIT_SCADA,1,"2022/10/20 08:55:00",VP5,499.209560
D,DISPATCH,UNIT_SCADA,1,"2022/10/20 08:55:00",VP6,500.112920
D,DISPATCH,UNIT_SCADA,1,"2022/10/20 08:55:00",VPGS1,0
D,DISPATCH,UNIT_SCADA,1,"2022/10/20 08:55:00",VPGS2,0
D,DISPATCH,UNIT_SCADA,1,"2022/10/20 08:55:00",VPGS3,0
D,DISPATCH,UNIT_SCADA,1,"2022/10/20 08:55:00",VPGS4,0
D,DISPATCH,UNIT_SCADA,1,"2022/10/20 08:55:00",VPGS5,0
D,DISPATCH,UNIT_SCADA,1,"2022/10/20 08:55:00",VPGS6,0
D,DISPATCH,UNIT_SCADA,1,"2022/10/20 08:55:00",W/HOE#1,0
D,DISPATCH,UNIT_SCADA,1,"2022/10/20 08:55:00",W/HOE#2,0
D,DISPATCH,UNIT_SCADA,1,"2022/10/20 08:55:00",WAGGNSF1,0
D,DISPATCH,UNIT_SCADA,1,"2022/10/20 08:55:00",WALGRVG1,0.000930
D,DISPATCH,UNIT_SCADA,1,"2022/10/20 08:55:00",WALGRVL1,0
D,DISPATCH,UNIT_SCADA,1,"2022/10/20 08:55:00",WANDBG1,0
D,DISPATCH,UNIT_SCADA,1,"2022/10/20 08:55:00",WANDBL1,0
D,DISPATCH,UNIT_SCADA,1,"2022/10/20 08:55:00",WARWSF1,16
D,DISPATCH,UNIT_SCADA,1,"2022/10/20 08:55:00",WARWSF2,16.03
D,DISPATCH,UNIT_SCADA,1,"2022/10/20 08:55:00",WATERLWF,85.20
D,DISPATCH,UNIT_SCADA,1,"2022/10/20 08:55:00",WDGPH1,49.0580
D,DISPATCH,UNIT_SCADA,1,"2022/10/20 08:55:00",WELLSF1,50.455480
D,DISPATCH,UNIT_SCADA,1,"2022/10/20 08:55:00",WEMENSF1,27
D,DISPATCH,UNIT_SCADA,1,"2022/10/20 08:55:00",WGWF1,97.90
D,DISPATCH,UNIT_SCADA,1,"2022/10/20 08:55:00",WHITSF1,30.30
D,DISPATCH,UNIT_SCADA,1,"2022/10/20 08:55:00",WINTSF1,83.46
D,DISPATCH,UNIT_SCADA,1,"2022/10/20 08:55:00",WKIEWA1,34
D,DISPATCH,UNIT_SCADA,1,"2022/10/20 08:55:00",WKIEWA2,34.10
D,DISPATCH,UNIT_SCADA,1,"2022/10/20 08:55:00",WOODLWN1,24.025270
D,DISPATCH,UNIT_SCADA,1,"2022/10/20 08:55:00",WOOLGSF1,19.761150
D,DISPATCH,UNIT_SCADA,1,"2022/10/20 08:55:00",WPWF,39.71
D,DISPATCH,UNIT_SCADA,1,"2022/10/20 08:55:00",WRSF1,5.58
D,DISPATCH,UNIT_SCADA,1,"2022/10/20 08:55:00",WRWF1,80.491340
D,DISPATCH,UNIT_SCADA,1,"2022/10/20 08:55:00",WSTWYSF1,0
D,DISPATCH,UNIT_SCADA,1,"2022/10/20 08:55:00",YABULU,0
D,DISPATCH,UNIT_SCADA,1,"2022/10/20 08:55:00",YABULU2,0
D,DISPATCH,UNIT_SCADA,1,"2022/10/20 08:55:00",YARANSF1,26.71
D,DISPATCH,UNIT_SCADA,1,"2022/10/20 08:55:00",YARWUN_1,164.039990
D,DISPATCH,UNIT_SCADA,1,"2022/10/20 08:55:00",YATSF1,8.47
D,DISPATCH,UNIT_SCADA,1,"2022/10/20 08:55:00",YENDWF1,20.76
D,DISPATCH,UNIT_SCADA,1,"2022/10/20 08:55:00",YWPS1,365.412660
D,DISPATCH,UNIT_SCADA,1,"2022/10/20 08:55:00",YWPS2,286.964570
D,DISPATCH,UNIT_SCADA,1,"2022/10/20 08:55:00",YWPS3,359.388610
D,DISPATCH,UNIT_SCADA,1,"2022/10/20 08:55:00",YWPS4,0
C,"END OF REPORT",419
