C,NEMP.WORLD,DISPATCHSCADA,AEMO,PUBLIC,2022/10/20,06:50:10,0000000373235750,DISPATCHSCADA,0000000373235744
I,DISPATCH,UNIT_SCADA,1,SETTLEMENTDATE,DUID,SCADAVALUE
D,DISPATCH,UNIT_SCADA,1,"2022/10/20 06:55:00",BARCSF1,7.30
D,DISPATCH,UNIT_SCADA,1,"2022/10/20 06:55:00",BUTLERSG,8.699999
D,DISPATCH,UNIT_SCADA,1,"2022/10/20 06:55:00",CAPTL_WF,42.988937
D,DISPATCH,UNIT_SCADA,1,"2022/10/20 06:55:00",CHALLHWF,16
D,DISPATCH,UNIT_SCADA,1,"2022/10/20 06:55:00",CLOVER,13.24
D,DISPATCH,UNIT_SCADA,1,"2022/10/20 06:55:00",CLUNY,6.181277
D,DISPATCH,UNIT_SCADA,1,"2022/10/20 06:55:00",CULLRGWF,-0.05
D,DISPATCH,UNIT_SCADA,1,"2022/10/20 06:55:00",DIAPURWF1,7.30
D,DISPATCH,UNIT_SCADA,1,"2022/10/20 06:55:00",ERGT01,0
D,DISPATCH,UNIT_SCADA,1,"2022/10/20 06:55:00",GB01,0
D,DISPATCH,UNIT_SCADA,1,"2022/10/20 06:55:00",GERMCRK,23
D,DISPATCH,UNIT_SCADA,1,"2022/10/20 06:55:00",GRIFSF1,1.499962
D,DISPATCH,UNIT_SCADA,1,"2022/10/20 06:55:00",HEZ1,0
D,DISPATCH,UNIT_SCADA,1,"2022/10/20 06:55:00",HUGSF1,0.3290
D,DISPATCH,UNIT_SCADA,1,"2022/10/20 06:55:00",KEPBG1,0.01
D,DISPATCH,UNIT_SCADA,1,"2022/10/20 06:55:00",LRSF1,6.697001
D,DISPATCH,UNIT_SCADA,1,"2022/10/20 06:55:00",MBAHNTH,47.943741
D,DISPATCH,UNIT_SCADA,1,"2022/10/20 06:55:00",MLSP1,2.827001
D,DISPATCH,UNIT_SCADA,1,"2022/10/20 06:55:00",MLWF1,3.3750
D,DISPATCH,UNIT_SCADA,1,"2022/10/20 06:55:00",PALOONA,30.369999
D,DISPATCH,UNIT_SCADA,1,"2022/10/20 06:55:00",PIONEER,38.600002
D,DISPATCH,UNIT_SCADA,1,"2022/10/20 06:55:00",PORTWF,45.700001
D,DISPATCH,UNIT_SCADA,1,"2022/10/20 06:55:00",REPULSE,9.536889
D,DISPATCH,UNIT_SCADA,1,"2022/10/20 06:55:00",ROWALLAN,8.9318
D,DISPATCH,UNIT_SCADA,1,"2022/10/20 06:55:00",ROYALLA1,4.456003
D,DISPATCH,UNIT_SCADA,1,"2022/10/20 06:55:00",RPCG,-1.20
D,DISPATCH,UNIT_SCADA,1,"2022/10/20 06:55:00",RUBICON,0
D,DISPATCH,UNIT_SCADA,1,"2022/10/20 06:55:00",WAUBRAWF,66.320999
D,DISPATCH,UNIT_SCADA,1,"2022/10/20 06:55:00",WOOLNTH1,24.579998
D,DISPATCH,UNIT_SCADA,1,"2022/10/20 06:55:00",YAMBUKWF,6.80
D,DISPATCH,UNIT_SCADA,1,"2022/10/20 06:55:00",YSWF1,0.50
D,DISPATCH,UNIT_SCADA,1,"2022/10/20 06:55:00",ADPBA1G,0.0080
D,DISPATCH,UNIT_SCADA,1,"2022/10/20 06:55:00",ADPBA1L,0
D,DISPATCH,UNIT_SCADA,1,"2022/10/20 06:55:00",ADPPV1,2.2720
D,DISPATCH,UNIT_SCADA,1,"2022/10/20 06:55:00",AGLHAL,0
D,DISPATCH,UNIT_SCADA,1,"2022/10/20 06:55:00",AGLSOM,0
D,DISPATCH,UNIT_SCADA,1,"2022/10/20 06:55:00",ANGAST1,0
D,DISPATCH,UNIT_SCADA,1,"2022/10/20 06:55:00",ARWF1,4.90
D,DISPATCH,UNIT_SCADA,1,"2022/10/20 06:55:00",BALBG1,0
D,DISPATCH,UNIT_SCADA,1,"2022/10/20 06:55:00",BALBL1,0
D,DISPATCH,UNIT_SCADA,1,"2022/10/20 06:55:00",BALDHWF1,0
D,DISPATCH,UNIT_SCADA,1,"2022/10/20 06:55:00",BANGOWF1,46.697490
D,DISPATCH,UNIT_SCADA,1,"2022/10/20 06:55:00",BANGOWF2,43.6978
D,DISPATCH,UNIT_SCADA,1,"2022/10/20 06:55:00",BANN1,8.11
D,DISPATCH,UNIT_SCADA,1,"2022/10/20 06:55:00",BARCALDN,0
D,DISPATCH,UNIT_SCADA,1,"2022/10/20 06:55:00",BARKIPS1,0
D,DISPATCH,UNIT_SCADA,1,"2022/10/20 06:55:00",BARRON-1,28.04
D,DISPATCH,UNIT_SCADA,1,"2022/10/20 06:55:00",BARRON-2,0
D,DISPATCH,UNIT_SCADA,1,"2022/10/20 06:55:00",BASTYAN,50.95
D,DISPATCH,UNIT_SCADA,1,"2022/10/20 06:55:00",BBTHREE1,-1.02
D,DISPATCH,UNIT_SCADA,1,"2022/10/20 06:55:00",BBTHREE2,0
D,DISPATCH,UNIT_SCADA,1,"2022/10/20 06:55:00",BBTHREE3,0
D,DISPATCH,UNIT_SCADA,1,"2022/10/20 06:55:00",BDL01,0
D,DISPATCH,UNIT_SCADA,1,"2022/10/20 06:55:00",BDL02,0
D,DISPATCH,UNIT_SCADA,1,"2022/10/20 06:55:00",BERYLSF1,3.521950
D,DISPATCH,UNIT_SCADA,1,"2022/10/20 06:55:00",BLOWERNG,62.40
D,DISPATCH,UNIT_SCADA,1,"2022/10/20 06:55:00",BLUEGSF1,7.205890
D,DISPATCH,UNIT_SCADA,1,"2022/10/20 06:55:00",BLUFF1,8.30
D,DISPATCH,UNIT_SCADA,1,"2022/10/20 06:55:00",BNGSF1,4.35
D,DISPATCH,UNIT_SCADA,1,"2022/10/20 06:55:00",BNGSF2,4.90
D,DISPATCH,UNIT_SCADA,1,"2022/10/20 06:55:00",BOCORWF1,0
D,DISPATCH,UNIT_SCADA,1,"2022/10/20 06:55:00",BODWF1,103.702920
D,DISPATCH,UNIT_SCADA,1,"2022/10/20 06:55:00",BOMENSF1,16.880750
D,DISPATCH,UNIT_SCADA,1,"2022/10/20 06:55:00",BOWWBA1G,0
D,DISPATCH,UNIT_SCADA,1,"2022/10/20 06:55:00",BOWWBA1L,0.0020
D,DISPATCH,UNIT_SCADA,1,"2022/10/20 06:55:00",BOWWPV1,0
D,DISPATCH,UNIT_SCADA,1,"2022/10/20 06:55:00",BRAEMAR1,0
D,DISPATCH,UNIT_SCADA,1,"2022/10/20 06:55:00",BRAEMAR2,0
D,DISPATCH,UNIT_SCADA,1,"2022/10/20 06:55:00",BRAEMAR3,0
D,DISPATCH,UNIT_SCADA,1,"2022/10/20 06:55:00",BRAEMAR5,0.292060
D,DISPATCH,UNIT_SCADA,1,"2022/10/20 06:55:00",BRAEMAR6,0
D,DISPATCH,UNIT_SCADA,1,"2022/10/20 06:55:00",BRAEMAR7,0.130920
D,DISPATCH,UNIT_SCADA,1,"2022/10/20 06:55:00",BROKENH1,2.199970
D,DISPATCH,UNIT_SCADA,1,"2022/10/20 06:55:00",BRYB1WF1,102.427710
D,DISPATCH,UNIT_SCADA,1,"2022/10/20 06:55:00",BULBESG1,18.42
D,DISPATCH,UNIT_SCADA,1,"2022/10/20 06:55:00",BULBESL1,0
D,DISPATCH,UNIT_SCADA,1,"2022/10/20 06:55:00",BULGANA1,48.83
D,DISPATCH,UNIT_SCADA,1,"2022/10/20 06:55:00",BW01,660.398250
D,DISPATCH,UNIT_SCADA,1,"2022/10/20 06:55:00",BW02,618.063660
D,DISPATCH,UNIT_SCADA,1,"2022/10/20 06:55:00",BW03,550.240360
D,DISPATCH,UNIT_SCADA,1,"2022/10/20 06:55:00",BW04,0
D,DISPATCH,UNIT_SCADA,1,"2022/10/20 06:55:00",CALL_B_1,321
D,DISPATCH,UNIT_SCADA,1,"2022/10/20 06:55:00",CALL_B_2,320.800020
D,DISPATCH,UNIT_SCADA,1,"2022/10/20 06:55:00",CATHROCK,2.80
D,DISPATCH,UNIT_SCADA,1,"2022/10/20 06:55:00",CBWWBA1G,0
D,DISPATCH,UNIT_SCADA,1,"2022/10/20 06:55:00",CBWWBA1L,0
D,DISPATCH,UNIT_SCADA,1,"2022/10/20 06:55:00",CETHANA,97.585750
D,DISPATCH,UNIT_SCADA,1,"2022/10/20 06:55:00",CG1,0
D,DISPATCH,UNIT_SCADA,1,"2022/10/20 06:55:00",CG2,0
D,DISPATCH,UNIT_SCADA,1,"2022/10/20 06:55:00",CG3,0
D,DISPATCH,UNIT_SCADA,1,"2022/10/20 06:55:00",CG4,0
D,DISPATCH,UNIT_SCADA,1,"2022/10/20 06:55:00",CHILDSF1,2.59
D,DISPATCH,UNIT_SCADA,1,"2022/10/20 06:55:00",CHYTWF1,5.53
D,DISPATCH,UNIT_SCADA,1,"2022/10/20 06:55:00",CLARESF1,2.32
D,DISPATCH,UNIT_SCADA,1,"2022/10/20 06:55:00",CLEMGPWF,8.500130
D,DISPATCH,UNIT_SCADA,1,"2022/10/20 06:55:00",CLERMSF1,0
D,DISPATCH,UNIT_SCADA,1,"2022/10/20 06:55:00",CNUNDAWF,14.817290
D,DISPATCH,UNIT_SCADA,1,"2022/10/20 06:55:00",COHUNSF1,1.50
D,DISPATCH,UNIT_SCADA,1,"2022/10/20 06:55:00",COLEASF1,8.7995
D,DISPATCH,UNIT_SCADA,1,"2022/10/20 06:55:00",COLUMSF1,5.7750
D,DISPATCH,UNIT_SCADA,1,"2022/10/20 06:55:00",COLWF01,95.521470
D,DISPATCH,UNIT_SCADA,1,"2022/10/20 06:55:00",COOPGWF1,343.859990
D,DISPATCH,UNIT_SCADA,1,"2022/10/20 06:55:00",CPP_3,359.975010
D,DISPATCH,UNIT_SCADA,1,"2022/10/20 06:55:00",CPP_4,0
D,DISPATCH,UNIT_SCADA,1,"2022/10/20 06:55:00",CPSA,0
D,DISPATCH,UNIT_SCADA,1,"2022/10/20 06:55:00",CROOKWF2,38.143280
D,DISPATCH,UNIT_SCADA,1,"2022/10/20 06:55:00",CROWLWF1,44.660740
D,DISPATCH,UNIT_SCADA,1,"2022/10/20 06:55:00",CRURWF1,78.198440
D,DISPATCH,UNIT_SCADA,1,"2022/10/20 06:55:00",CRWASF1,16.508420
D,DISPATCH,UNIT_SCADA,1,"2022/10/20 06:55:00",CSPVPS1,4.0790
D,DISPATCH,UNIT_SCADA,1,"2022/10/20 06:55:00",CTHLWF1,0.003050
D,DISPATCH,UNIT_SCADA,1,"2022/10/20 06:55:00",DALNTH01,0
D,DISPATCH,UNIT_SCADA,1,"2022/10/20 06:55:00",DALNTHL1,0.096130
D,DISPATCH,UNIT_SCADA,1,"2022/10/20 06:55:00",DARLSF1,31.1718
D,DISPATCH,UNIT_SCADA,1,"2022/10/20 06:55:00",DARTM1,0
D,DISPATCH,UNIT_SCADA,1,"2022/10/20 06:55:00",DAYDSF1,7.3060
D,DISPATCH,UNIT_SCADA,1,"2022/10/20 06:55:00",DDPS1,0
D,DISPATCH,UNIT_SCADA,1,"2022/10/20 06:55:00",DDSF1,4.718590
D,DISPATCH,UNIT_SCADA,1,"2022/10/20 06:55:00",DEVILS_G,60.145880
D,DISPATCH,UNIT_SCADA,1,"2022/10/20 06:55:00",DG_NSW1,0
D,DISPATCH,UNIT_SCADA,1,"2022/10/20 06:55:00",DG_QLD1,0
D,DISPATCH,UNIT_SCADA,1,"2022/10/20 06:55:00",DG_SA1,0
D,DISPATCH,UNIT_SCADA,1,"2022/10/20 06:55:00",DG_TAS1,0
D,DISPATCH,UNIT_SCADA,1,"2022/10/20 06:55:00",DG_VIC1,0
D,DISPATCH,UNIT_SCADA,1,"2022/10/20 06:55:00",DRYCGT1,0
D,DISPATCH,UNIT_SCADA,1,"2022/10/20 06:55:00",DRYCGT2,0
D,DISPATCH,UNIT_SCADA,1,"2022/10/20 06:55:00",DRYCGT3,0
D,DISPATCH,UNIT_SCADA,1,"2022/10/20 06:55:00",DUNDWF1,42.56
D,DISPATCH,UNIT_SCADA,1,"2022/10/20 06:55:00",DUNDWF2,14.25
D,DISPATCH,UNIT_SCADA,1,"2022/10/20 06:55:00",DUNDWF3,38.12
D,DISPATCH,UNIT_SCADA,1,"2022/10/20 06:55:00",EILDON1,60.08
D,DISPATCH,UNIT_SCADA,1,"2022/10/20 06:55:00",EILDON2,59.84
D,DISPATCH,UNIT_SCADA,1,"2022/10/20 06:55:00",ELAINWF1,20.73
D,DISPATCH,UNIT_SCADA,1,"2022/10/20 06:55:00",EMERASF1,0
D,DISPATCH,UNIT_SCADA,1,"2022/10/20 06:55:00",ER01,0
D,DISPATCH,UNIT_SCADA,1,"2022/10/20 06:55:00",ER02,676.1944
D,DISPATCH,UNIT_SCADA,1,"2022/10/20 06:55:00",ER03,675.193420
D,DISPATCH,UNIT_SCADA,1,"2022/10/20 06:55:00",ER04,678.049930
D,DISPATCH,UNIT_SCADA,1,"2022/10/20 06:55:00",FINLYSF1,73.643090
D,DISPATCH,UNIT_SCADA,1,"2022/10/20 06:55:00",FISHER,45.91
D,DISPATCH,UNIT_SCADA,1,"2022/10/20 06:55:00",GANGARR1,0
D,DISPATCH,UNIT_SCADA,1,"2022/10/20 06:55:00",GANNBG1,15.008960
D,DISPATCH,UNIT_SCADA,1,"2022/10/20 06:55:00",GANNBL1,0
D,DISPATCH,UNIT_SCADA,1,"2022/10/20 06:55:00",GANNSF1,19.10
D,DISPATCH,UNIT_SCADA,1,"2022/10/20 06:55:00",GLRWNSF1,61.75
D,DISPATCH,UNIT_SCADA,1,"2022/10/20 06:55:00",GNNDHSF1,7.716870
D,DISPATCH,UNIT_SCADA,1,"2022/10/20 06:55:00",GOONSF1,5.772790
D,DISPATCH,UNIT_SCADA,1,"2022/10/20 06:55:00",GORDON,270.907470
D,DISPATCH,UNIT_SCADA,1,"2022/10/20 06:55:00",GRANWF1,12.43
D,DISPATCH,UNIT_SCADA,1,"2022/10/20 06:55:00",GSTONE1,201.599990
D,DISPATCH,UNIT_SCADA,1,"2022/10/20 06:55:00",GSTONE2,0
D,DISPATCH,UNIT_SCADA,1,"2022/10/20 06:55:00",GSTONE3,199.849990
D,DISPATCH,UNIT_SCADA,1,"2022/10/20 06:55:00",GSTONE4,0
D,DISPATCH,UNIT_SCADA,1,"2022/10/20 06:55:00",GSTONE5,200.724990
D,DISPATCH,UNIT_SCADA,1,"2022/10/20 06:55:00",GSTONE6,200.724990
D,DISPATCH,UNIT_SCADA,1,"2022/10/20 06:55:00",GULLRSF1,0.2650
D,DISPATCH,UNIT_SCADA,1,"2022/10/20 06:55:00",GULLRWF1,79.543790
D,DISPATCH,UNIT_SCADA,1,"2022/10/20 06:55:00",GULLRWF2,95.679690
D,DISPATCH,UNIT_SCADA,1,"2022/10/20 06:55:00",GUNNING1,0
D,DISPATCH,UNIT_SCADA,1,"2022/10/20 06:55:00",GUTHEGA,67.70
D,DISPATCH,UNIT_SCADA,1,"2022/10/20 06:55:00",HALLWF1,68.47
D,DISPATCH,UNIT_SCADA,1,"2022/10/20 06:55:00",HALLWF2,49.34
D,DISPATCH,UNIT_SCADA,1,"2022/10/20 06:55:00",HAMISF1,2.90
D,DISPATCH,UNIT_SCADA,1,"2022/10/20 06:55:00",HAUGHT11,5.713150
D,DISPATCH,UNIT_SCADA,1,"2022/10/20 06:55:00",HAYMSF1,2.31
D,DISPATCH,UNIT_SCADA,1,"2022/10/20 06:55:00",HDWF1,23.20
D,DISPATCH,UNIT_SCADA,1,"2022/10/20 06:55:00",HDWF2,12.60
D,DISPATCH,UNIT_SCADA,1,"2022/10/20 06:55:00",HDWF3,14.80
D,DISPATCH,UNIT_SCADA,1,"2022/10/20 06:55:00",HILLSTN1,1.7831
D,DISPATCH,UNIT_SCADA,1,"2022/10/20 06:55:00",HPRG1,0.90
D,DISPATCH,UNIT_SCADA,1,"2022/10/20 06:55:00",HPRL1,0
D,DISPATCH,UNIT_SCADA,1,"2022/10/20 06:55:00",HUMENSW,55.545750
D,DISPATCH,UNIT_SCADA,1,"2022/10/20 06:55:00",HUMEV,0
D,DISPATCH,UNIT_SCADA,1,"2022/10/20 06:55:00",HVWWBA1G,0
D,DISPATCH,UNIT_SCADA,1,"2022/10/20 06:55:00",HVWWBA1L,0.0070
D,DISPATCH,UNIT_SCADA,1,"2022/10/20 06:55:00",HVWWPV1,1.4850
D,DISPATCH,UNIT_SCADA,1,"2022/10/20 06:55:00",JBUTTERS,0
D,DISPATCH,UNIT_SCADA,1,"2022/10/20 06:55:00",JEMALNG1,0.03
D,DISPATCH,UNIT_SCADA,1,"2022/10/20 06:55:00",JLA01,0
D,DISPATCH,UNIT_SCADA,1,"2022/10/20 06:55:00",JLA02,0
D,DISPATCH,UNIT_SCADA,1,"2022/10/20 06:55:00",JLA03,0
D,DISPATCH,UNIT_SCADA,1,"2022/10/20 06:55:00",JLA04,0
D,DISPATCH,UNIT_SCADA,1,"2022/10/20 06:55:00",JLB01,0
D,DISPATCH,UNIT_SCADA,1,"2022/10/20 06:55:00",JLB02,0.10
D,DISPATCH,UNIT_SCADA,1,"2022/10/20 06:55:00",JLB03,0
D,DISPATCH,UNIT_SCADA,1,"2022/10/20 06:55:00",JUNEESF1,3.307390
D,DISPATCH,UNIT_SCADA,1,"2022/10/20 06:55:00",KABANWF1,1.0440
D,DISPATCH,UNIT_SCADA,1,"2022/10/20 06:55:00",KAREEYA1,18.0525
D,DISPATCH,UNIT_SCADA,1,"2022/10/20 06:55:00",KAREEYA2,0
D,DISPATCH,UNIT_SCADA,1,"2022/10/20 06:55:00",KAREEYA3,21.5425
D,DISPATCH,UNIT_SCADA,1,"2022/10/20 06:55:00",KAREEYA4,0
D,DISPATCH,UNIT_SCADA,1,"2022/10/20 06:55:00",KARSF1,15.40
D,DISPATCH,UNIT_SCADA,1,"2022/10/20 06:55:00",KEPSF1,0.63
D,DISPATCH,UNIT_SCADA,1,"2022/10/20 06:55:00",KEPWF1,0
D,DISPATCH,UNIT_SCADA,1,"2022/10/20 06:55:00",KIAMSF1,2.368960
D,DISPATCH,UNIT_SCADA,1,"2022/10/20 06:55:00",KIATAWF1,30.90
D,DISPATCH,UNIT_SCADA,1,"2022/10/20 06:55:00",KPP_1,0
D,DISPATCH,UNIT_SCADA,1,"2022/10/20 06:55:00",KSP1,13.34
D,DISPATCH,UNIT_SCADA,1,"2022/10/20 06:55:00",LADBROK1,0.01
D,DISPATCH,UNIT_SCADA,1,"2022/10/20 06:55:00",LADBROK2,38.13
D,DISPATCH,UNIT_SCADA,1,"2022/10/20 06:55:00",LBBG1,20.70
D,DISPATCH,UNIT_SCADA,1,"2022/10/20 06:55:00",LBBL1,0
D,DISPATCH,UNIT_SCADA,1,"2022/10/20 06:55:00",LD01,320.700710
D,DISPATCH,UNIT_SCADA,1,"2022/10/20 06:55:00",LD02,0
D,DISPATCH,UNIT_SCADA,1,"2022/10/20 06:55:00",LD04,325.040440
D,DISPATCH,UNIT_SCADA,1,"2022/10/20 06:55:00",LEM_WIL,86.8846
D,DISPATCH,UNIT_SCADA,1,"2022/10/20 06:55:00",LGAPWF1,85.18
D,DISPATCH,UNIT_SCADA,1,"2022/10/20 06:55:00",LGAPWF2,57.92
D,DISPATCH,UNIT_SCADA,1,"2022/10/20 06:55:00",LILYSF1,8.454140
D,DISPATCH,UNIT_SCADA,1,"2022/10/20 06:55:00",LIMOSF11,8.494850
D,DISPATCH,UNIT_SCADA,1,"2022/10/20 06:55:00",LIMOSF21,1.556760
D,DISPATCH,UNIT_SCADA,1,"2022/10/20 06:55:00",LI_WY_CA,77.212770
D,DISPATCH,UNIT_SCADA,1,"2022/10/20 06:55:00",LKBONNY1,0
D,DISPATCH,UNIT_SCADA,1,"2022/10/20 06:55:00",LKBONNY2,27.9368
D,DISPATCH,UNIT_SCADA,1,"2022/10/20 06:55:00",LKBONNY3,7.201050
D,DISPATCH,UNIT_SCADA,1,"2022/10/20 06:55:00",LK_ECHO,0
D,DISPATCH,UNIT_SCADA,1,"2022/10/20 06:55:00",LNGS1,0
D,DISPATCH,UNIT_SCADA,1,"2022/10/20 06:55:00",LNGS2,0
D,DISPATCH,UNIT_SCADA,1,"2022/10/20 06:55:00",LONSDALE,0
D,DISPATCH,UNIT_SCADA,1,"2022/10/20 06:55:00",LOYYB1,578.946840
D,DISPATCH,UNIT_SCADA,1,"2022/10/20 06:55:00",LOYYB2,576.315190
D,DISPATCH,UNIT_SCADA,1,"2022/10/20 06:55:00",LYA1,563
D,DISPATCH,UNIT_SCADA,1,"2022/10/20 06:55:00",LYA2,0
D,DISPATCH,UNIT_SCADA,1,"2022/10/20 06:55:00",LYA3,560
D,DISPATCH,UNIT_SCADA,1,"2022/10/20 06:55:00",LYA4,562
D,DISPATCH,UNIT_SCADA,1,"2022/10/20 06:55:00",MACARTH1,22.999470
D,DISPATCH,UNIT_SCADA,1,"2022/10/20 06:55:00",MACKNTSH,0
D,DISPATCH,UNIT_SCADA,1,"2022/10/20 06:55:00",MANSLR1,0
D,DISPATCH,UNIT_SCADA,1,"2022/10/20 06:55:00",MAPS2PV1,0
D,DISPATCH,UNIT_SCADA,1,"2022/10/20 06:55:00",MAPS3PV1,0
D,DISPATCH,UNIT_SCADA,1,"2022/10/20 06:55:00",MARYRSF1,3.59
D,DISPATCH,UNIT_SCADA,1,"2022/10/20 06:55:00",MBPS2PV1,0
D,DISPATCH,UNIT_SCADA,1,"2022/10/20 06:55:00",MCKAY1,240.89
D,DISPATCH,UNIT_SCADA,1,"2022/10/20 06:55:00",MEADOWBK,19.920260
D,DISPATCH,UNIT_SCADA,1,"2022/10/20 06:55:00",MERCER01,17.90
D,DISPATCH,UNIT_SCADA,1,"2022/10/20 06:55:00",METZSF1,72.4192
D,DISPATCH,UNIT_SCADA,1,"2022/10/20 06:55:00",MEWF1,3
D,DISPATCH,UNIT_SCADA,1,"2022/10/20 06:55:00",MIDDLSF1,2.01
D,DISPATCH,UNIT_SCADA,1,"2022/10/20 06:55:00",MINTARO,0.128180
D,DISPATCH,UNIT_SCADA,1,"2022/10/20 06:55:00",MOLNGSF1,0.455330
D,DISPATCH,UNIT_SCADA,1,"2022/10/20 06:55:00",MOORAWF1,30.63
D,DISPATCH,UNIT_SCADA,1,"2022/10/20 06:55:00",MOREESF1,2.5620
D,DISPATCH,UNIT_SCADA,1,"2022/10/20 06:55:00",MORTLK11,0
D,DISPATCH,UNIT_SCADA,1,"2022/10/20 06:55:00",MORTLK12,0
D,DISPATCH,UNIT_SCADA,1,"2022/10/20 06:55:00",MOUSF1,0
D,DISPATCH,UNIT_SCADA,1,"2022/10/20 06:55:00",MP1,0
D,DISPATCH,UNIT_SCADA,1,"2022/10/20 06:55:00",MP2,550.801880
D,DISPATCH,UNIT_SCADA,1,"2022/10/20 06:55:00",MPP_1,179.968190
D,DISPATCH,UNIT_SCADA,1,"2022/10/20 06:55:00",MPP_2,0
D,DISPATCH,UNIT_SCADA,1,"2022/10/20 06:55:00",MRTLSWF1,0
D,DISPATCH,UNIT_SCADA,1,"2022/10/20 06:55:00",MSTUART1,0
D,DISPATCH,UNIT_SCADA,1,"2022/10/20 06:55:00",MSTUART2,0
D,DISPATCH,UNIT_SCADA,1,"2022/10/20 06:55:00",MSTUART3,0
D,DISPATCH,UNIT_SCADA,1,"2022/10/20 06:55:00",MTGELWF1,36.8862
D,DISPATCH,UNIT_SCADA,1,"2022/10/20 06:55:00",MTMILLAR,12.40
D,DISPATCH,UNIT_SCADA,1,"2022/10/20 06:55:00",MURRAY,1.40
D,DISPATCH,UNIT_SCADA,1,"2022/10/20 06:55:00",MUSSELR1,25.30
D,DISPATCH,UNIT_SCADA,1,"2022/10/20 06:55:00",MUWAWF1,177.03
D,DISPATCH,UNIT_SCADA,1,"2022/10/20 06:55:00",MUWAWF2,169.399990
D,DISPATCH,UNIT_SCADA,1,"2022/10/20 06:55:00",MWPS1PV1,0.02
D,DISPATCH,UNIT_SCADA,1,"2022/10/20 06:55:00",MWPS2PV1,0.26
D,DISPATCH,UNIT_SCADA,1,"2022/10/20 06:55:00",MWPS3PV1,0.01
D,DISPATCH,UNIT_SCADA,1,"2022/10/20 06:55:00",MWPS4PV1,0.06
D,DISPATCH,UNIT_SCADA,1,"2022/10/20 06:55:00",NBHWF1,109
D,DISPATCH,UNIT_SCADA,1,"2022/10/20 06:55:00",NEVERSF1,3.10
D,DISPATCH,UNIT_SCADA,1,"2022/10/20 06:55:00",NPS,0
D,DISPATCH,UNIT_SCADA,1,"2022/10/20 06:55:00",NUMURSF1,66.59
D,DISPATCH,UNIT_SCADA,1,"2022/10/20 06:55:00",NYNGAN1,1.25
D,DISPATCH,UNIT_SCADA,1,"2022/10/20 06:55:00",OAKEY1,0
D,DISPATCH,UNIT_SCADA,1,"2022/10/20 06:55:00",OAKEY1SF,1.0450
D,DISPATCH,UNIT_SCADA,1,"2022/10/20 06:55:00",OAKEY2,0
D,DISPATCH,UNIT_SCADA,1,"2022/10/20 06:55:00",OAKEY2SF,2.12
D,DISPATCH,UNIT_SCADA,1,"2022/10/20 06:55:00",OAKLAND1,12.20
D,DISPATCH,UNIT_SCADA,1,"2022/10/20 06:55:00",OSB-AG,0
D,DISPATCH,UNIT_SCADA,1,"2022/10/20 06:55:00",PAREPS1,0.0660
D,DISPATCH,UNIT_SCADA,1,"2022/10/20 06:55:00",PAREPW1,75.97
D,DISPATCH,UNIT_SCADA,1,"2022/10/20 06:55:00",PARSF1,3.5996
D,DISPATCH,UNIT_SCADA,1,"2022/10/20 06:55:00",POAT110,0
D,DISPATCH,UNIT_SCADA,1,"2022/10/20 06:55:00",POAT220,0
D,DISPATCH,UNIT_SCADA,1,"2022/10/20 06:55:00",POR01,0
D,DISPATCH,UNIT_SCADA,1,"2022/10/20 06:55:00",POR03,0
D,DISPATCH,UNIT_SCADA,1,"2022/10/20 06:55:00",PPCCGT,175.565440
D,DISPATCH,UNIT_SCADA,1,"2022/10/20 06:55:00",PTSTAN1,0
D,DISPATCH,UNIT_SCADA,1,"2022/10/20 06:55:00",PUMP1,0
D,DISPATCH,UNIT_SCADA,1,"2022/10/20 06:55:00",PUMP2,0
D,DISPATCH,UNIT_SCADA,1,"2022/10/20 06:55:00",QBYNBG1,0
D,DISPATCH,UNIT_SCADA,1,"2022/10/20 06:55:00",QBYNBL1,0.0005
D,DISPATCH,UNIT_SCADA,1,"2022/10/20 06:55:00",QPS1,0
D,DISPATCH,UNIT_SCADA,1,"2022/10/20 06:55:00",QPS2,0
D,DISPATCH,UNIT_SCADA,1,"2022/10/20 06:55:00",QPS3,0
D,DISPATCH,UNIT_SCADA,1,"2022/10/20 06:55:00",QPS4,0
D,DISPATCH,UNIT_SCADA,1,"2022/10/20 06:55:00",QPS5,77.68
D,DISPATCH,UNIT_SCADA,1,"2022/10/20 06:55:00",REECE1,45.255170
D,DISPATCH,UNIT_SCADA,1,"2022/10/20 06:55:00",REECE2,37.66
D,DISPATCH,UNIT_SCADA,1,"2022/10/20 06:55:00",ROMA_7,0
D,DISPATCH,UNIT_SCADA,1,"2022/10/20 06:55:00",ROMA_8,0
D,DISPATCH,UNIT_SCADA,1,"2022/10/20 06:55:00",RRSF1,19.037270
D,DISPATCH,UNIT_SCADA,1,"2022/10/20 06:55:00",RT_NSW1,0
D,DISPATCH,UNIT_SCADA,1,"2022/10/20 06:55:00",RT_NSW2,0
D,DISPATCH,UNIT_SCADA,1,"2022/10/20 06:55:00",RT_NSW3,0
D,DISPATCH,UNIT_SCADA,1,"2022/10/20 06:55:00",RT_NSW4,0
D,DISPATCH,UNIT_SCADA,1,"2022/10/20 06:55:00",RT_NSW5,0
D,DISPATCH,UNIT_SCADA,1,"2022/10/20 06:55:00",RT_NSW6,0
D,DISPATCH,UNIT_SCADA,1,"2022/10/20 06:55:00",RT_QLD1,0
D,DISPATCH,UNIT_SCADA,1,"2022/10/20 06:55:00",RT_SA1,0
D,DISPATCH,UNIT_SCADA,1,"2022/10/20 06:55:00",RT_SA2,0
D,DISPATCH,UNIT_SCADA,1,"2022/10/20 06:55:00",RT_SA3,0
D,DISPATCH,UNIT_SCADA,1,"2022/10/20 06:55:00",RT_SA4,0
D,DISPATCH,UNIT_SCADA,1,"2022/10/20 06:55:00",RT_SA5,0
D,DISPATCH,UNIT_SCADA,1,"2022/10/20 06:55:00",RT_SA6,0
D,DISPATCH,UNIT_SCADA,1,"2022/10/20 06:55:00",RT_TAS1,0
D,DISPATCH,UNIT_SCADA,1,"2022/10/20 06:55:00",RT_VIC1,0
D,DISPATCH,UNIT_SCADA,1,"2022/10/20 06:55:00",RT_VIC10,0
D,DISPATCH,UNIT_SCADA,1,"2022/10/20 06:55:00",RT_VIC11,0
D,DISPATCH,UNIT_SCADA,1,"2022/10/20 06:55:00",RT_VIC12,0
D,DISPATCH,UNIT_SCADA,1,"2022/10/20 06:55:00",RT_VIC2,0
D,DISPATCH,UNIT_SCADA,1,"2022/10/20 06:55:00",RT_VIC3,0
D,DISPATCH,UNIT_SCADA,1,"2022/10/20 06:55:00",RT_VIC4,0
D,DISPATCH,UNIT_SCADA,1,"2022/10/20 06:55:00",RT_VIC5,0
D,DISPATCH,UNIT_SCADA,1,"2022/10/20 06:55:00",RT_VIC6,0
D,DISPATCH,UNIT_SCADA,1,"2022/10/20 06:55:00",RT_VIC7,0
D,DISPATCH,UNIT_SCADA,1,"2022/10/20 06:55:00",RT_VIC8,0
D,DISPATCH,UNIT_SCADA,1,"2022/10/20 06:55:00",RT_VIC9,0
D,DISPATCH,UNIT_SCADA,1,"2022/10/20 06:55:00",RUGBYR1,7.918340
D,DISPATCH,UNIT_SCADA,1,"2022/10/20 06:55:00",SALTCRK1,12.68
D,DISPATCH,UNIT_SCADA,1,"2022/10/20 06:55:00",SAPHWF1,145.630580
D,DISPATCH,UNIT_SCADA,1,"2022/10/20 06:55:00",SEBSF1,47.701490
D,DISPATCH,UNIT_SCADA,1,"2022/10/20 06:55:00",SHGEN,78.908030
D,DISPATCH,UNIT_SCADA,1,"2022/10/20 06:55:00",SHPUMP,0
D,DISPATCH,UNIT_SCADA,1,"2022/10/20 06:55:00",SITHE01,0.043330
D,DISPATCH,UNIT_SCADA,1,"2022/10/20 06:55:00",SMCSF1,18.6740
D,DISPATCH,UNIT_SCADA,1,"2022/10/20 06:55:00",SNAPPER1,0
D,DISPATCH,UNIT_SCADA,1,"2022/10/20 06:55:00",SNOWNTH1,138.400010
D,DISPATCH,UNIT_SCADA,1,"2022/10/20 06:55:00",SNOWSTH1,120.80
D,DISPATCH,UNIT_SCADA,1,"2022/10/20 06:55:00",SNOWTWN1,70.048450
D,DISPATCH,UNIT_SCADA,1,"2022/10/20 06:55:00",SNOWYP,0
D,DISPATCH,UNIT_SCADA,1,"2022/10/20 06:55:00",SNUG1,0
D,DISPATCH,UNIT_SCADA,1,"2022/10/20 06:55:00",SRSF1,3.30
D,DISPATCH,UNIT_SCADA,1,"2022/10/20 06:55:00",STAN-1,279.081970
D,DISPATCH,UNIT_SCADA,1,"2022/10/20 06:55:00",STAN-2,365.473940
D,DISPATCH,UNIT_SCADA,1,"2022/10/20 06:55:00",STAN-3,186.524630
D,DISPATCH,UNIT_SCADA,1,"2022/10/20 06:55:00",STAN-4,364.627960
D,DISPATCH,UNIT_SCADA,1,"2022/10/20 06:55:00",STARHLWF,3.598950
D,DISPATCH,UNIT_SCADA,1,"2022/10/20 06:55:00",STOCKYD1,278.09
D,DISPATCH,UNIT_SCADA,1,"2022/10/20 06:55:00",STWF1,31.031360
D,DISPATCH,UNIT_SCADA,1,"2022/10/20 06:55:00",SUNRSF1,11.494620
D,DISPATCH,UNIT_SCADA,1,"2022/10/20 06:55:00",SUNTPSF1,11.685360
D,DISPATCH,UNIT_SCADA,1,"2022/10/20 06:55:00",SWAN_E,248.040620
D,DISPATCH,UNIT_SCADA,1,"2022/10/20 06:55:00",TALWA1,0
D,DISPATCH,UNIT_SCADA,1,"2022/10/20 06:55:00",TARALGA1,0
D,DISPATCH,UNIT_SCADA,1,"2022/10/20 06:55:00",TARONG#1,348.899990
D,DISPATCH,UNIT_SCADA,1,"2022/10/20 06:55:00",TARONG#2,349.399990
D,DISPATCH,UNIT_SCADA,1,"2022/10/20 06:55:00",TARONG#3,0.90
D,DISPATCH,UNIT_SCADA,1,"2022/10/20 06:55:00",TARONG#4,294
D,DISPATCH,UNIT_SCADA,1,"2022/10/20 06:55:00",TARRALEA,54
D,DISPATCH,UNIT_SCADA,1,"2022/10/20 06:55:00",TBSF1,5.30
D,DISPATCH,UNIT_SCADA,1,"2022/10/20 06:55:00",TNPS1,442
D,DISPATCH,UNIT_SCADA,1,"2022/10/20 06:55:00",TORRB1,0
D,DISPATCH,UNIT_SCADA,1,"2022/10/20 06:55:00",TORRB2,41
D,DISPATCH,UNIT_SCADA,1,"2022/10/20 06:55:00",TORRB3,0
D,DISPATCH,UNIT_SCADA,1,"2022/10/20 06:55:00",TORRB4,0
D,DISPATCH,UNIT_SCADA,1,"2022/10/20 06:55:00",TREVALLN,98.525550
D,DISPATCH,UNIT_SCADA,1,"2022/10/20 06:55:00",TRIBUTE,0
D,DISPATCH,UNIT_SCADA,1,"2022/10/20 06:55:00",TUMUT3,0
D,DISPATCH,UNIT_SCADA,1,"2022/10/20 06:55:00",TUNGATIN,3.900020
D,DISPATCH,UNIT_SCADA,1,"2022/10/20 06:55:00",TVCC201,0
D,DISPATCH,UNIT_SCADA,1,"2022/10/20 06:55:00",TVPP104,57.865630
D,DISPATCH,UNIT_SCADA,1,"2022/10/20 06:55:00",UPPTUMUT,119.132740
D,DISPATCH,UNIT_SCADA,1,"2022/10/20 06:55:00",URANQ11,0
D,DISPATCH,UNIT_SCADA,1,"2022/10/20 06:55:00",URANQ12,0
D,DISPATCH,UNIT_SCADA,1,"2022/10/20 06:55:00",URANQ13,0
D,DISPATCH,UNIT_SCADA,1,"2022/10/20 06:55:00",URANQ14,0
D,DISPATCH,UNIT_SCADA,1,"2022/10/20 06:55:00",VBBG1,158.600010
D,DISPATCH,UNIT_SCADA,1,"2022/10/20 06:55:00",VBBL1,0
D,DISPATCH,UNIT_SCADA,1,"2022/10/20 06:55:00",VP5,597.283870
D,DISPATCH,UNIT_SCADA,1,"2022/10/20 06:55:00",VP6,598.211610
D,DISPATCH,UNIT_SCADA,1,"2022/10/20 06:55:00",VPGS1,0
D,DISPATCH,UNIT_SCADA,1,"2022/10/20 06:55:00",VPGS2,0
D,DISPATCH,UNIT_SCADA,1,"2022/10/20 06:55:00",VPGS3,0
D,DISPATCH,UNIT_SCADA,1,"2022/10/20 06:55:00",VPGS4,0
D,DISPATCH,UNIT_SCADA,1,"2022/10/20 06:55:00",VPGS5,0
D,DISPATCH,UNIT_SCADA,1,"2022/10/20 06:55:00",VPGS6,0
D,DISPATCH,UNIT_SCADA,1,"2022/10/20 06:55:00",W/HOE#1,0
D,DISPATCH,UNIT_SCADA,1,"2022/10/20 06:55:00",W/HOE#2,41.34
D,DISPATCH,UNIT_SCADA,1,"2022/10/20 06:55:00",WAGGNSF1,0
D,DISPATCH,UNIT_SCADA,1,"2022/10/20 06:55:00",WALGRVG1,4.156020
D,DISPATCH,UNIT_SCADA,1,"2022/10/20 06:55:00",WALGRVL1,0
D,DISPATCH,UNIT_SCADA,1,"2022/10/20 06:55:00",WANDBG1,0.470150
D,DISPATCH,UNIT_SCADA,1,"2022/10/20 06:55:00",WANDBL1,0
D,DISPATCH,UNIT_SCADA,1,"2022/10/20 06:55:00",WARWSF1,2.17
D,DISPATCH,UNIT_SCADA,1,"2022/10/20 06:55:00",WARWSF2,2.01
D,DISPATCH,UNIT_SCADA,1,"2022/10/20 06:55:00",WATERLWF,70.80
D,DISPATCH,UNIT_SCADA,1,"2022/10/20 06:55:00",WDGPH1,8.69
D,DISPATCH,UNIT_SCADA,1,"2022/10/20 06:55:00",WELLSF1,12.375070
D,DISPATCH,UNIT_SCADA,1,"2022/10/20 06:55:00",WEMENSF1,2.80
D,DISPATCH,UNIT_SCADA,1,"2022/10/20 06:55:00",WGWF1,107.10
D,DISPATCH,UNIT_SCADA,1,"2022/10/20 06:55:00",WHITSF1,3.30
D,DISPATCH,UNIT_SCADA,1,"2022/10/20 06:55:00",WINTSF1,28.64
D,DISPATCH,UNIT_SCADA,1,"2022/10/20 06:55:00",WKIEWA1,34
D,DISPATCH,UNIT_SCADA,1,"2022/10/20 06:55:00",WKIEWA2,34
D,DISPATCH,UNIT_SCADA,1,"2022/10/20 06:55:00",WOODLWN1,27.303640
D,DISPATCH,UNIT_SCADA,1,"2022/10/20 06:55:00",WOOLGSF1,6.383870
D,DISPATCH,UNIT_SCADA,1,"2022/10/20 06:55:00",WPWF,44.01
D,DISPATCH,UNIT_SCADA,1,"2022/10/20 06:55:00",WRSF1,0.870390
D,DISPATCH,UNIT_SCADA,1,"2022/10/20 06:55:00",WRWF1,32.137330
D,DISPATCH,UNIT_SCADA,1,"2022/10/20 06:55:00",WSTWYSF1,0
D,DISPATCH,UNIT_SCADA,1,"2022/10/20 06:55:00",YABULU,0
D,DISPATCH,UNIT_SCADA,1,"2022/10/20 06:55:00",YABULU2,0
D,DISPATCH,UNIT_SCADA,1,"2022/10/20 06:55:00",YARANSF1,12.84
D,DISPATCH,UNIT_SCADA,1,"2022/10/20 06:55:00",YARWUN_1,129.099990
D,DISPATCH,UNIT_SCADA,1,"2022/10/20 06:55:00",YATSF1,9.76
D,DISPATCH,UNIT_SCADA,1,"2022/10/20 06:55:00",YENDWF1,25.37
D,DISPATCH,UNIT_SCADA,1,"2022/10/20 06:55:00",YWPS1,363.908870
D,DISPATCH,UNIT_SCADA,1,"2022/10/20 06:55:00",YWPS2,289.470890
D,DISPATCH,UNIT_SCADA,1,"2022/10/20 06:55:00",YWPS3,361.082280
D,DISPATCH,UNIT_SCADA,1,"2022/10/20 06:55:00",YWPS4,0
C,"END OF REPORT",419
