C,NEMP.WORLD,DISPATCHSCADA,AEMO,PUBLIC,2022/10/20,18:25:10,0000000373273140,DISPATCHSCADA,0000000373273134
I,DISPATCH,UNIT_SCADA,1,SETTLEMENTDATE,DUID,SCADAVALUE
D,DISPATCH,UNIT_SCADA,1,"2022/10/20 18:30:00",BARCSF1,0.10
D,DISPATCH,UNIT_SCADA,1,"2022/10/20 18:30:00",BUTLERSG,8.699999
D,DISPATCH,UNIT_SCADA,1,"2022/10/20 18:30:00",CAPTL_WF,81.723907
D,DISPATCH,UNIT_SCADA,1,"2022/10/20 18:30:00",CHALLHWF,4.30
D,DISPATCH,UNIT_SCADA,1,"2022/10/20 18:30:00",CLOVER,13.04
D,DISPATCH,UNIT_SCADA,1,"2022/10/20 18:30:00",CLUNY,6.381781
D,DISPATCH,UNIT_SCADA,1,"2022/10/20 18:30:00",CULLRGWF,-0.04
D,DISPATCH,UNIT_SCADA,1,"2022/10/20 18:30:00",DIAPURWF1,1.60
D,DISPATCH,UNIT_SCADA,1,"2022/10/20 18:30:00",ERGT01,0
D,DISPATCH,UNIT_SCADA,1,"2022/10/20 18:30:00",GB01,0
D,DISPATCH,UNIT_SCADA,1,"2022/10/20 18:30:00",GERMCRK,20.10
D,DISPATCH,UNIT_SCADA,1,"2022/10/20 18:30:00",GRIFSF1,0.099184
D,DISPATCH,UNIT_SCADA,1,"2022/10/20 18:30:00",HEZ1,0
D,DISPATCH,UNIT_SCADA,1,"2022/10/20 18:30:00",HUGSF1,-0.0420
D,DISPATCH,UNIT_SCADA,1,"2022/10/20 18:30:00",KEPBG1,2.01
D,DISPATCH,UNIT_SCADA,1,"2022/10/20 18:30:00",LRSF1,0.1120
D,DISPATCH,UNIT_SCADA,1,"2022/10/20 18:30:00",MBAHNTH,43.537506
D,DISPATCH,UNIT_SCADA,1,"2022/10/20 18:30:00",MLSP1,0
D,DISPATCH,UNIT_SCADA,1,"2022/10/20 18:30:00",MLWF1,8.22
D,DISPATCH,UNIT_SCADA,1,"2022/10/20 18:30:00",PALOONA,30.82
D,DISPATCH,UNIT_SCADA,1,"2022/10/20 18:30:00",PIONEER,42.50
D,DISPATCH,UNIT_SCADA,1,"2022/10/20 18:30:00",PORTWF,34.099998
D,DISPATCH,UNIT_SCADA,1,"2022/10/20 18:30:00",REPULSE,9.790799
D,DISPATCH,UNIT_SCADA,1,"2022/10/20 18:30:00",ROWALLAN,8.8182
D,DISPATCH,UNIT_SCADA,1,"2022/10/20 18:30:00",ROYALLA1,0
D,DISPATCH,UNIT_SCADA,1,"2022/10/20 18:30:00",RPCG,-1.80
D,DISPATCH,UNIT_SCADA,1,"2022/10/20 18:30:00",RUBICON,0
D,DISPATCH,UNIT_SCADA,1,"2022/10/20 18:30:00",WAUBRAWF,79.1810
D,DISPATCH,UNIT_SCADA,1,"2022/10/20 18:30:00",WOOLNTH1,98.529999
D,DISPATCH,UNIT_SCADA,1,"2022/10/20 18:30:00",YAMBUKWF,5.50
D,DISPATCH,UNIT_SCADA,1,"2022/10/20 18:30:00",YSWF1,2.40
D,DISPATCH,UNIT_SCADA,1,"2022/10/20 18:30:00",ADPBA1G,0.0080
D,DISPATCH,UNIT_SCADA,1,"2022/10/20 18:30:00",ADPBA1L,0
D,DISPATCH,UNIT_SCADA,1,"2022/10/20 18:30:00",ADPPV1,0.3960
D,DISPATCH,UNIT_SCADA,1,"2022/10/20 18:30:00",AGLHAL,30.777930
D,DISPATCH,UNIT_SCADA,1,"2022/10/20 18:30:00",AGLSOM,0
D,DISPATCH,UNIT_SCADA,1,"2022/10/20 18:30:00",ANGAST1,0
D,DISPATCH,UNIT_SCADA,1,"2022/10/20 18:30:00",ARWF1,50.90
D,DISPATCH,UNIT_SCADA,1,"2022/10/20 18:30:00",BALBG1,0
D,DISPATCH,UNIT_SCADA,1,"2022/10/20 18:30:00",BALBL1,0
D,DISPATCH,UNIT_SCADA,1,"2022/10/20 18:30:00",BALDHWF1,104.343990
D,DISPATCH,UNIT_SCADA,1,"2022/10/20 18:30:00",BANGOWF1,88.499890
D,DISPATCH,UNIT_SCADA,1,"2022/10/20 18:30:00",BANGOWF2,61.498050
D,DISPATCH,UNIT_SCADA,1,"2022/10/20 18:30:00",BANN1,3.79
D,DISPATCH,UNIT_SCADA,1,"2022/10/20 18:30:00",BARCALDN,0
D,DISPATCH,UNIT_SCADA,1,"2022/10/20 18:30:00",BARKIPS1,137.36
D,DISPATCH,UNIT_SCADA,1,"2022/10/20 18:30:00",BARRON-1,27.84
D,DISPATCH,UNIT_SCADA,1,"2022/10/20 18:30:00",BARRON-2,28.12
D,DISPATCH,UNIT_SCADA,1,"2022/10/20 18:30:00",BASTYAN,69.750010
D,DISPATCH,UNIT_SCADA,1,"2022/10/20 18:30:00",BBTHREE1,0
D,DISPATCH,UNIT_SCADA,1,"2022/10/20 18:30:00",BBTHREE2,0
D,DISPATCH,UNIT_SCADA,1,"2022/10/20 18:30:00",BBTHREE3,-1.08
D,DISPATCH,UNIT_SCADA,1,"2022/10/20 18:30:00",BDL01,0
D,DISPATCH,UNIT_SCADA,1,"2022/10/20 18:30:00",BDL02,0
D,DISPATCH,UNIT_SCADA,1,"2022/10/20 18:30:00",BERYLSF1,0
D,DISPATCH,UNIT_SCADA,1,"2022/10/20 18:30:00",BLOWERNG,62.60
D,DISPATCH,UNIT_SCADA,1,"2022/10/20 18:30:00",BLUEGSF1,0
D,DISPATCH,UNIT_SCADA,1,"2022/10/20 18:30:00",BLUFF1,1.50
D,DISPATCH,UNIT_SCADA,1,"2022/10/20 18:30:00",BNGSF1,17.02
D,DISPATCH,UNIT_SCADA,1,"2022/10/20 18:30:00",BNGSF2,14.72
D,DISPATCH,UNIT_SCADA,1,"2022/10/20 18:30:00",BOCORWF1,50.23
D,DISPATCH,UNIT_SCADA,1,"2022/10/20 18:30:00",BODWF1,111.830950
D,DISPATCH,UNIT_SCADA,1,"2022/10/20 18:30:00",BOMENSF1,0.540170
D,DISPATCH,UNIT_SCADA,1,"2022/10/20 18:30:00",BOWWBA1G,0
D,DISPATCH,UNIT_SCADA,1,"2022/10/20 18:30:00",BOWWBA1L,0.0030
D,DISPATCH,UNIT_SCADA,1,"2022/10/20 18:30:00",BOWWPV1,0
D,DISPATCH,UNIT_SCADA,1,"2022/10/20 18:30:00",BRAEMAR1,0
D,DISPATCH,UNIT_SCADA,1,"2022/10/20 18:30:00",BRAEMAR2,0
D,DISPATCH,UNIT_SCADA,1,"2022/10/20 18:30:00",BRAEMAR3,0
D,DISPATCH,UNIT_SCADA,1,"2022/10/20 18:30:00",BRAEMAR5,144.418140
D,DISPATCH,UNIT_SCADA,1,"2022/10/20 18:30:00",BRAEMAR6,0
D,DISPATCH,UNIT_SCADA,1,"2022/10/20 18:30:00",BRAEMAR7,153.361190
D,DISPATCH,UNIT_SCADA,1,"2022/10/20 18:30:00",BROKENH1,0
D,DISPATCH,UNIT_SCADA,1,"2022/10/20 18:30:00",BRYB1WF1,89.079120
D,DISPATCH,UNIT_SCADA,1,"2022/10/20 18:30:00",BULBESG1,0
D,DISPATCH,UNIT_SCADA,1,"2022/10/20 18:30:00",BULBESL1,0.04
D,DISPATCH,UNIT_SCADA,1,"2022/10/20 18:30:00",BULGANA1,82.10
D,DISPATCH,UNIT_SCADA,1,"2022/10/20 18:30:00",BW01,658.030090
D,DISPATCH,UNIT_SCADA,1,"2022/10/20 18:30:00",BW02,638.571780
D,DISPATCH,UNIT_SCADA,1,"2022/10/20 18:30:00",BW03,605.270450
D,DISPATCH,UNIT_SCADA,1,"2022/10/20 18:30:00",BW04,0
D,DISPATCH,UNIT_SCADA,1,"2022/10/20 18:30:00",CALL_B_1,320
D,DISPATCH,UNIT_SCADA,1,"2022/10/20 18:30:00",CALL_B_2,319.50
D,DISPATCH,UNIT_SCADA,1,"2022/10/20 18:30:00",CATHROCK,11
D,DISPATCH,UNIT_SCADA,1,"2022/10/20 18:30:00",CBWWBA1G,0
D,DISPATCH,UNIT_SCADA,1,"2022/10/20 18:30:00",CBWWBA1L,0
D,DISPATCH,UNIT_SCADA,1,"2022/10/20 18:30:00",CETHANA,97.885120
D,DISPATCH,UNIT_SCADA,1,"2022/10/20 18:30:00",CG1,0
D,DISPATCH,UNIT_SCADA,1,"2022/10/20 18:30:00",CG2,0
D,DISPATCH,UNIT_SCADA,1,"2022/10/20 18:30:00",CG3,0
D,DISPATCH,UNIT_SCADA,1,"2022/10/20 18:30:00",CG4,0
D,DISPATCH,UNIT_SCADA,1,"2022/10/20 18:30:00",CHILDSF1,0
D,DISPATCH,UNIT_SCADA,1,"2022/10/20 18:30:00",CHYTWF1,12.76
D,DISPATCH,UNIT_SCADA,1,"2022/10/20 18:30:00",CLARESF1,0
D,DISPATCH,UNIT_SCADA,1,"2022/10/20 18:30:00",CLEMGPWF,6.267050
D,DISPATCH,UNIT_SCADA,1,"2022/10/20 18:30:00",CLERMSF1,0
D,DISPATCH,UNIT_SCADA,1,"2022/10/20 18:30:00",CNUNDAWF,11.413310
D,DISPATCH,UNIT_SCADA,1,"2022/10/20 18:30:00",COHUNSF1,0
D,DISPATCH,UNIT_SCADA,1,"2022/10/20 18:30:00",COLEASF1,0.999080
D,DISPATCH,UNIT_SCADA,1,"2022/10/20 18:30:00",COLUMSF1,0
D,DISPATCH,UNIT_SCADA,1,"2022/10/20 18:30:00",COLWF01,108.133060
D,DISPATCH,UNIT_SCADA,1,"2022/10/20 18:30:00",COOPGWF1,368.540010
D,DISPATCH,UNIT_SCADA,1,"2022/10/20 18:30:00",CPP_3,368.774990
D,DISPATCH,UNIT_SCADA,1,"2022/10/20 18:30:00",CPP_4,0
D,DISPATCH,UNIT_SCADA,1,"2022/10/20 18:30:00",CPSA,0
D,DISPATCH,UNIT_SCADA,1,"2022/10/20 18:30:00",CROOKWF2,41.473410
D,DISPATCH,UNIT_SCADA,1,"2022/10/20 18:30:00",CROWLWF1,24.868860
D,DISPATCH,UNIT_SCADA,1,"2022/10/20 18:30:00",CRURWF1,101.598460
D,DISPATCH,UNIT_SCADA,1,"2022/10/20 18:30:00",CRWASF1,0.015070
D,DISPATCH,UNIT_SCADA,1,"2022/10/20 18:30:00",CSPVPS1,0
D,DISPATCH,UNIT_SCADA,1,"2022/10/20 18:30:00",CTHLWF1,0.003050
D,DISPATCH,UNIT_SCADA,1,"2022/10/20 18:30:00",DALNTH01,0
D,DISPATCH,UNIT_SCADA,1,"2022/10/20 18:30:00",DALNTHL1,0.093080
D,DISPATCH,UNIT_SCADA,1,"2022/10/20 18:30:00",DARLSF1,1.632780
D,DISPATCH,UNIT_SCADA,1,"2022/10/20 18:30:00",DARTM1,0
D,DISPATCH,UNIT_SCADA,1,"2022/10/20 18:30:00",DAYDSF1,0
D,DISPATCH,UNIT_SCADA,1,"2022/10/20 18:30:00",DDPS1,0
D,DISPATCH,UNIT_SCADA,1,"2022/10/20 18:30:00",DDSF1,0
D,DISPATCH,UNIT_SCADA,1,"2022/10/20 18:30:00",DEVILS_G,60.336320
D,DISPATCH,UNIT_SCADA,1,"2022/10/20 18:30:00",DG_NSW1,0
D,DISPATCH,UNIT_SCADA,1,"2022/10/20 18:30:00",DG_QLD1,0
D,DISPATCH,UNIT_SCADA,1,"2022/10/20 18:30:00",DG_SA1,0
D,DISPATCH,UNIT_SCADA,1,"2022/10/20 18:30:00",DG_TAS1,0
D,DISPATCH,UNIT_SCADA,1,"2022/10/20 18:30:00",DG_VIC1,0
D,DISPATCH,UNIT_SCADA,1,"2022/10/20 18:30:00",DRYCGT1,0
D,DISPATCH,UNIT_SCADA,1,"2022/10/20 18:30:00",DRYCGT2,0
D,DISPATCH,UNIT_SCADA,1,"2022/10/20 18:30:00",DRYCGT3,0
D,DISPATCH,UNIT_SCADA,1,"2022/10/20 18:30:00",DUNDWF1,63.69
D,DISPATCH,UNIT_SCADA,1,"2022/10/20 18:30:00",DUNDWF2,13.31
D,DISPATCH,UNIT_SCADA,1,"2022/10/20 18:30:00",DUNDWF3,57.02
D,DISPATCH,UNIT_SCADA,1,"2022/10/20 18:30:00",EILDON1,59.88
D,DISPATCH,UNIT_SCADA,1,"2022/10/20 18:30:00",EILDON2,60.08
D,DISPATCH,UNIT_SCADA,1,"2022/10/20 18:30:00",ELAINWF1,17.09
D,DISPATCH,UNIT_SCADA,1,"2022/10/20 18:30:00",EMERASF1,0
D,DISPATCH,UNIT_SCADA,1,"2022/10/20 18:30:00",ER01,0
D,DISPATCH,UNIT_SCADA,1,"2022/10/20 18:30:00",ER02,501.191740
D,DISPATCH,UNIT_SCADA,1,"2022/10/20 18:30:00",ER03,639.768070
D,DISPATCH,UNIT_SCADA,1,"2022/10/20 18:30:00",ER04,699.485780
D,DISPATCH,UNIT_SCADA,1,"2022/10/20 18:30:00",FINLYSF1,0
D,DISPATCH,UNIT_SCADA,1,"2022/10/20 18:30:00",FISHER,43.98
D,DISPATCH,UNIT_SCADA,1,"2022/10/20 18:30:00",GANGARR1,0
D,DISPATCH,UNIT_SCADA,1,"2022/10/20 18:30:00",GANNBG1,5.025890
D,DISPATCH,UNIT_SCADA,1,"2022/10/20 18:30:00",GANNBL1,0
D,DISPATCH,UNIT_SCADA,1,"2022/10/20 18:30:00",GANNSF1,0.40
D,DISPATCH,UNIT_SCADA,1,"2022/10/20 18:30:00",GLRWNSF1,0.82
D,DISPATCH,UNIT_SCADA,1,"2022/10/20 18:30:00",GNNDHSF1,0
D,DISPATCH,UNIT_SCADA,1,"2022/10/20 18:30:00",GOONSF1,0
D,DISPATCH,UNIT_SCADA,1,"2022/10/20 18:30:00",GORDON,271.745120
D,DISPATCH,UNIT_SCADA,1,"2022/10/20 18:30:00",GRANWF1,0
D,DISPATCH,UNIT_SCADA,1,"2022/10/20 18:30:00",GSTONE1,219.45
D,DISPATCH,UNIT_SCADA,1,"2022/10/20 18:30:00",GSTONE2,0
D,DISPATCH,UNIT_SCADA,1,"2022/10/20 18:30:00",GSTONE3,200.20
D,DISPATCH,UNIT_SCADA,1,"2022/10/20 18:30:00",GSTONE4,0
D,DISPATCH,UNIT_SCADA,1,"2022/10/20 18:30:00",GSTONE5,218.9250
D,DISPATCH,UNIT_SCADA,1,"2022/10/20 18:30:00",GSTONE6,219.45
D,DISPATCH,UNIT_SCADA,1,"2022/10/20 18:30:00",GULLRSF1,0
D,DISPATCH,UNIT_SCADA,1,"2022/10/20 18:30:00",GULLRWF1,86.773680
D,DISPATCH,UNIT_SCADA,1,"2022/10/20 18:30:00",GULLRWF2,103.957150
D,DISPATCH,UNIT_SCADA,1,"2022/10/20 18:30:00",GUNNING1,0
D,DISPATCH,UNIT_SCADA,1,"2022/10/20 18:30:00",GUTHEGA,68
D,DISPATCH,UNIT_SCADA,1,"2022/10/20 18:30:00",HALLWF1,6.81
D,DISPATCH,UNIT_SCADA,1,"2022/10/20 18:30:00",HALLWF2,2.40
D,DISPATCH,UNIT_SCADA,1,"2022/10/20 18:30:00",HAMISF1,0
D,DISPATCH,UNIT_SCADA,1,"2022/10/20 18:30:00",HAUGHT11,0
D,DISPATCH,UNIT_SCADA,1,"2022/10/20 18:30:00",HAYMSF1,0
D,DISPATCH,UNIT_SCADA,1,"2022/10/20 18:30:00",HDWF1,7.10
D,DISPATCH,UNIT_SCADA,1,"2022/10/20 18:30:00",HDWF2,9.50
D,DISPATCH,UNIT_SCADA,1,"2022/10/20 18:30:00",HDWF3,8.70
D,DISPATCH,UNIT_SCADA,1,"2022/10/20 18:30:00",HILLSTN1,0
D,DISPATCH,UNIT_SCADA,1,"2022/10/20 18:30:00",HPRG1,2.50
D,DISPATCH,UNIT_SCADA,1,"2022/10/20 18:30:00",HPRL1,0
D,DISPATCH,UNIT_SCADA,1,"2022/10/20 18:30:00",HUMENSW,54.665950
D,DISPATCH,UNIT_SCADA,1,"2022/10/20 18:30:00",HUMEV,0
D,DISPATCH,UNIT_SCADA,1,"2022/10/20 18:30:00",HVWWBA1G,0
D,DISPATCH,UNIT_SCADA,1,"2022/10/20 18:30:00",HVWWBA1L,0.0060
D,DISPATCH,UNIT_SCADA,1,"2022/10/20 18:30:00",HVWWPV1,0.3570
D,DISPATCH,UNIT_SCADA,1,"2022/10/20 18:30:00",JBUTTERS,24.417860
D,DISPATCH,UNIT_SCADA,1,"2022/10/20 18:30:00",JEMALNG1,0.02
D,DISPATCH,UNIT_SCADA,1,"2022/10/20 18:30:00",JLA01,0
D,DISPATCH,UNIT_SCADA,1,"2022/10/20 18:30:00",JLA02,0
D,DISPATCH,UNIT_SCADA,1,"2022/10/20 18:30:00",JLA03,0
D,DISPATCH,UNIT_SCADA,1,"2022/10/20 18:30:00",JLA04,0
D,DISPATCH,UNIT_SCADA,1,"2022/10/20 18:30:00",JLB01,0
D,DISPATCH,UNIT_SCADA,1,"2022/10/20 18:30:00",JLB02,0.10
D,DISPATCH,UNIT_SCADA,1,"2022/10/20 18:30:00",JLB03,0
D,DISPATCH,UNIT_SCADA,1,"2022/10/20 18:30:00",JUNEESF1,0.032910
D,DISPATCH,UNIT_SCADA,1,"2022/10/20 18:30:00",KABANWF1,0
D,DISPATCH,UNIT_SCADA,1,"2022/10/20 18:30:00",KAREEYA1,0
D,DISPATCH,UNIT_SCADA,1,"2022/10/20 18:30:00",KAREEYA2,0
D,DISPATCH,UNIT_SCADA,1,"2022/10/20 18:30:00",KAREEYA3,4.9750
D,DISPATCH,UNIT_SCADA,1,"2022/10/20 18:30:00",KAREEYA4,0
D,DISPATCH,UNIT_SCADA,1,"2022/10/20 18:30:00",KARSF1,4
D,DISPATCH,UNIT_SCADA,1,"2022/10/20 18:30:00",KEPSF1,0.02
D,DISPATCH,UNIT_SCADA,1,"2022/10/20 18:30:00",KEPWF1,5.14
D,DISPATCH,UNIT_SCADA,1,"2022/10/20 18:30:00",KIAMSF1,0
D,DISPATCH,UNIT_SCADA,1,"2022/10/20 18:30:00",KIATAWF1,6.20
D,DISPATCH,UNIT_SCADA,1,"2022/10/20 18:30:00",KPP_1,0
D,DISPATCH,UNIT_SCADA,1,"2022/10/20 18:30:00",KSP1,0
D,DISPATCH,UNIT_SCADA,1,"2022/10/20 18:30:00",LADBROK1,0.02
D,DISPATCH,UNIT_SCADA,1,"2022/10/20 18:30:00",LADBROK2,0.02
D,DISPATCH,UNIT_SCADA,1,"2022/10/20 18:30:00",LBBG1,1.20
D,DISPATCH,UNIT_SCADA,1,"2022/10/20 18:30:00",LBBL1,0
D,DISPATCH,UNIT_SCADA,1,"2022/10/20 18:30:00",LD01,378.508880
D,DISPATCH,UNIT_SCADA,1,"2022/10/20 18:30:00",LD02,37.519450
D,DISPATCH,UNIT_SCADA,1,"2022/10/20 18:30:00",LD04,310.519740
D,DISPATCH,UNIT_SCADA,1,"2022/10/20 18:30:00",LEM_WIL,86.898880
D,DISPATCH,UNIT_SCADA,1,"2022/10/20 18:30:00",LGAPWF1,64.48
D,DISPATCH,UNIT_SCADA,1,"2022/10/20 18:30:00",LGAPWF2,47.43
D,DISPATCH,UNIT_SCADA,1,"2022/10/20 18:30:00",LILYSF1,0
D,DISPATCH,UNIT_SCADA,1,"2022/10/20 18:30:00",LIMOSF11,6.077820
D,DISPATCH,UNIT_SCADA,1,"2022/10/20 18:30:00",LIMOSF21,0.790330
D,DISPATCH,UNIT_SCADA,1,"2022/10/20 18:30:00",LI_WY_CA,63.075740
D,DISPATCH,UNIT_SCADA,1,"2022/10/20 18:30:00",LKBONNY1,19.9160
D,DISPATCH,UNIT_SCADA,1,"2022/10/20 18:30:00",LKBONNY2,30.080380
D,DISPATCH,UNIT_SCADA,1,"2022/10/20 18:30:00",LKBONNY3,6.475360
D,DISPATCH,UNIT_SCADA,1,"2022/10/20 18:30:00",LK_ECHO,0
D,DISPATCH,UNIT_SCADA,1,"2022/10/20 18:30:00",LNGS1,0
D,DISPATCH,UNIT_SCADA,1,"2022/10/20 18:30:00",LNGS2,0
D,DISPATCH,UNIT_SCADA,1,"2022/10/20 18:30:00",LONSDALE,0
D,DISPATCH,UNIT_SCADA,1,"2022/10/20 18:30:00",LOYYB1,580.450620
D,DISPATCH,UNIT_SCADA,1,"2022/10/20 18:30:00",LOYYB2,574.435420
D,DISPATCH,UNIT_SCADA,1,"2022/10/20 18:30:00",LYA1,559
D,DISPATCH,UNIT_SCADA,1,"2022/10/20 18:30:00",LYA2,0
D,DISPATCH,UNIT_SCADA,1,"2022/10/20 18:30:00",LYA3,560
D,DISPATCH,UNIT_SCADA,1,"2022/10/20 18:30:00",LYA4,560
D,DISPATCH,UNIT_SCADA,1,"2022/10/20 18:30:00",MACARTH1,46.398930
D,DISPATCH,UNIT_SCADA,1,"2022/10/20 18:30:00",MACKNTSH,74.360010
D,DISPATCH,UNIT_SCADA,1,"2022/10/20 18:30:00",MANSLR1,0
D,DISPATCH,UNIT_SCADA,1,"2022/10/20 18:30:00",MAPS2PV1,0
D,DISPATCH,UNIT_SCADA,1,"2022/10/20 18:30:00",MAPS3PV1,0
D,DISPATCH,UNIT_SCADA,1,"2022/10/20 18:30:00",MARYRSF1,0
D,DISPATCH,UNIT_SCADA,1,"2022/10/20 18:30:00",MBPS2PV1,0
D,DISPATCH,UNIT_SCADA,1,"2022/10/20 18:30:00",MCKAY1,220.50
D,DISPATCH,UNIT_SCADA,1,"2022/10/20 18:30:00",MEADOWBK,19.948840
D,DISPATCH,UNIT_SCADA,1,"2022/10/20 18:30:00",MERCER01,13.50
D,DISPATCH,UNIT_SCADA,1,"2022/10/20 18:30:00",METZSF1,0
D,DISPATCH,UNIT_SCADA,1,"2022/10/20 18:30:00",MEWF1,18.008060
D,DISPATCH,UNIT_SCADA,1,"2022/10/20 18:30:00",MIDDLSF1,0
D,DISPATCH,UNIT_SCADA,1,"2022/10/20 18:30:00",MINTARO,0.128180
D,DISPATCH,UNIT_SCADA,1,"2022/10/20 18:30:00",MOLNGSF1,0
D,DISPATCH,UNIT_SCADA,1,"2022/10/20 18:30:00",MOORAWF1,23.32
D,DISPATCH,UNIT_SCADA,1,"2022/10/20 18:30:00",MOREESF1,0
D,DISPATCH,UNIT_SCADA,1,"2022/10/20 18:30:00",MORTLK11,0
D,DISPATCH,UNIT_SCADA,1,"2022/10/20 18:30:00",MORTLK12,0
D,DISPATCH,UNIT_SCADA,1,"2022/10/20 18:30:00",MOUSF1,0
D,DISPATCH,UNIT_SCADA,1,"2022/10/20 18:30:00",MP1,0
D,DISPATCH,UNIT_SCADA,1,"2022/10/20 18:30:00",MP2,641.0376
D,DISPATCH,UNIT_SCADA,1,"2022/10/20 18:30:00",MPP_1,165.960140
D,DISPATCH,UNIT_SCADA,1,"2022/10/20 18:30:00",MPP_2,177.587740
D,DISPATCH,UNIT_SCADA,1,"2022/10/20 18:30:00",MRTLSWF1,0
D,DISPATCH,UNIT_SCADA,1,"2022/10/20 18:30:00",MSTUART1,0
D,DISPATCH,UNIT_SCADA,1,"2022/10/20 18:30:00",MSTUART2,0
D,DISPATCH,UNIT_SCADA,1,"2022/10/20 18:30:00",MSTUART3,0
D,DISPATCH,UNIT_SCADA,1,"2022/10/20 18:30:00",MTGELWF1,54.077270
D,DISPATCH,UNIT_SCADA,1,"2022/10/20 18:30:00",MTMILLAR,15.80
D,DISPATCH,UNIT_SCADA,1,"2022/10/20 18:30:00",MURRAY,474.899990
D,DISPATCH,UNIT_SCADA,1,"2022/10/20 18:30:00",MUSSELR1,2.30
D,DISPATCH,UNIT_SCADA,1,"2022/10/20 18:30:00",MUWAWF1,4.76
D,DISPATCH,UNIT_SCADA,1,"2022/10/20 18:30:00",MUWAWF2,14.30
D,DISPATCH,UNIT_SCADA,1,"2022/10/20 18:30:00",MWPS1PV1,0.24
D,DISPATCH,UNIT_SCADA,1,"2022/10/20 18:30:00",MWPS2PV1,0
D,DISPATCH,UNIT_SCADA,1,"2022/10/20 18:30:00",MWPS3PV1,0.01
D,DISPATCH,UNIT_SCADA,1,"2022/10/20 18:30:00",MWPS4PV1,0.19
D,DISPATCH,UNIT_SCADA,1,"2022/10/20 18:30:00",NBHWF1,4.30
D,DISPATCH,UNIT_SCADA,1,"2022/10/20 18:30:00",NEVERSF1,0
D,DISPATCH,UNIT_SCADA,1,"2022/10/20 18:30:00",NPS,0
D,DISPATCH,UNIT_SCADA,1,"2022/10/20 18:30:00",NUMURSF1,0.72
D,DISPATCH,UNIT_SCADA,1,"2022/10/20 18:30:00",NYNGAN1,0
D,DISPATCH,UNIT_SCADA,1,"2022/10/20 18:30:00",OAKEY1,126.209250
D,DISPATCH,UNIT_SCADA,1,"2022/10/20 18:30:00",OAKEY1SF,0
D,DISPATCH,UNIT_SCADA,1,"2022/10/20 18:30:00",OAKEY2,0
D,DISPATCH,UNIT_SCADA,1,"2022/10/20 18:30:00",OAKEY2SF,0
D,DISPATCH,UNIT_SCADA,1,"2022/10/20 18:30:00",OAKLAND1,22.10
D,DISPATCH,UNIT_SCADA,1,"2022/10/20 18:30:00",OSB-AG,176.409990
D,DISPATCH,UNIT_SCADA,1,"2022/10/20 18:30:00",PAREPS1,0
D,DISPATCH,UNIT_SCADA,1,"2022/10/20 18:30:00",PAREPW1,162.649990
D,DISPATCH,UNIT_SCADA,1,"2022/10/20 18:30:00",PARSF1,0.001530
D,DISPATCH,UNIT_SCADA,1,"2022/10/20 18:30:00",POAT110,3.04
D,DISPATCH,UNIT_SCADA,1,"2022/10/20 18:30:00",POAT220,0
D,DISPATCH,UNIT_SCADA,1,"2022/10/20 18:30:00",POR01,0.008670
D,DISPATCH,UNIT_SCADA,1,"2022/10/20 18:30:00",POR03,0
D,DISPATCH,UNIT_SCADA,1,"2022/10/20 18:30:00",PPCCGT,194.356350
D,DISPATCH,UNIT_SCADA,1,"2022/10/20 18:30:00",PTSTAN1,0
D,DISPATCH,UNIT_SCADA,1,"2022/10/20 18:30:00",PUMP1,0
D,DISPATCH,UNIT_SCADA,1,"2022/10/20 18:30:00",PUMP2,0
D,DISPATCH,UNIT_SCADA,1,"2022/10/20 18:30:00",QBYNBG1,0
D,DISPATCH,UNIT_SCADA,1,"2022/10/20 18:30:00",QBYNBL1,0.0005
D,DISPATCH,UNIT_SCADA,1,"2022/10/20 18:30:00",QPS1,0
D,DISPATCH,UNIT_SCADA,1,"2022/10/20 18:30:00",QPS2,0
D,DISPATCH,UNIT_SCADA,1,"2022/10/20 18:30:00",QPS3,0
D,DISPATCH,UNIT_SCADA,1,"2022/10/20 18:30:00",QPS4,0
D,DISPATCH,UNIT_SCADA,1,"2022/10/20 18:30:00",QPS5,118.12
D,DISPATCH,UNIT_SCADA,1,"2022/10/20 18:30:00",REECE1,97.520550
D,DISPATCH,UNIT_SCADA,1,"2022/10/20 18:30:00",REECE2,99.59
D,DISPATCH,UNIT_SCADA,1,"2022/10/20 18:30:00",ROMA_7,0
D,DISPATCH,UNIT_SCADA,1,"2022/10/20 18:30:00",ROMA_8,0
D,DISPATCH,UNIT_SCADA,1,"2022/10/20 18:30:00",RRSF1,0
D,DISPATCH,UNIT_SCADA,1,"2022/10/20 18:30:00",RT_NSW1,0
D,DISPATCH,UNIT_SCADA,1,"2022/10/20 18:30:00",RT_NSW2,0
D,DISPATCH,UNIT_SCADA,1,"2022/10/20 18:30:00",RT_NSW3,0
D,DISPATCH,UNIT_SCADA,1,"2022/10/20 18:30:00",RT_NSW4,0
D,DISPATCH,UNIT_SCADA,1,"2022/10/20 18:30:00",RT_NSW5,0
D,DISPATCH,UNIT_SCADA,1,"2022/10/20 18:30:00",RT_NSW6,0
D,DISPATCH,UNIT_SCADA,1,"2022/10/20 18:30:00",RT_QLD1,0
D,DISPATCH,UNIT_SCADA,1,"2022/10/20 18:30:00",RT_SA1,0
D,DISPATCH,UNIT_SCADA,1,"2022/10/20 18:30:00",RT_SA2,0
D,DISPATCH,UNIT_SCADA,1,"2022/10/20 18:30:00",RT_SA3,0
D,DISPATCH,UNIT_SCADA,1,"2022/10/20 18:30:00",RT_SA4,0
D,DISPATCH,UNIT_SCADA,1,"2022/10/20 18:30:00",RT_SA5,0
D,DISPATCH,UNIT_SCADA,1,"2022/10/20 18:30:00",RT_SA6,0
D,DISPATCH,UNIT_SCADA,1,"2022/10/20 18:30:00",RT_TAS1,0
D,DISPATCH,UNIT_SCADA,1,"2022/10/20 18:30:00",RT_VIC1,0
D,DISPATCH,UNIT_SCADA,1,"2022/10/20 18:30:00",RT_VIC10,0
D,DISPATCH,UNIT_SCADA,1,"2022/10/20 18:30:00",RT_VIC11,0
D,DISPATCH,UNIT_SCADA,1,"2022/10/20 18:30:00",RT_VIC12,0
D,DISPATCH,UNIT_SCADA,1,"2022/10/20 18:30:00",RT_VIC2,0
D,DISPATCH,UNIT_SCADA,1,"2022/10/20 18:30:00",RT_VIC3,0
D,DISPATCH,UNIT_SCADA,1,"2022/10/20 18:30:00",RT_VIC4,0
D,DISPATCH,UNIT_SCADA,1,"2022/10/20 18:30:00",RT_VIC5,0
D,DISPATCH,UNIT_SCADA,1,"2022/10/20 18:30:00",RT_VIC6,0
D,DISPATCH,UNIT_SCADA,1,"2022/10/20 18:30:00",RT_VIC7,0
D,DISPATCH,UNIT_SCADA,1,"2022/10/20 18:30:00",RT_VIC8,0
D,DISPATCH,UNIT_SCADA,1,"2022/10/20 18:30:00",RT_VIC9,0
D,DISPATCH,UNIT_SCADA,1,"2022/10/20 18:30:00",RUGBYR1,0
D,DISPATCH,UNIT_SCADA,1,"2022/10/20 18:30:00",SALTCRK1,25.60
D,DISPATCH,UNIT_SCADA,1,"2022/10/20 18:30:00",SAPHWF1,227.0222
D,DISPATCH,UNIT_SCADA,1,"2022/10/20 18:30:00",SEBSF1,0
D,DISPATCH,UNIT_SCADA,1,"2022/10/20 18:30:00",SHGEN,80.748480
D,DISPATCH,UNIT_SCADA,1,"2022/10/20 18:30:00",SHPUMP,0
D,DISPATCH,UNIT_SCADA,1,"2022/10/20 18:30:00",SITHE01,0.123710
D,DISPATCH,UNIT_SCADA,1,"2022/10/20 18:30:00",SMCSF1,0
D,DISPATCH,UNIT_SCADA,1,"2022/10/20 18:30:00",SNAPPER1,0
D,DISPATCH,UNIT_SCADA,1,"2022/10/20 18:30:00",SNOWNTH1,71.30
D,DISPATCH,UNIT_SCADA,1,"2022/10/20 18:30:00",SNOWSTH1,27.20
D,DISPATCH,UNIT_SCADA,1,"2022/10/20 18:30:00",SNOWTWN1,49.3716
D,DISPATCH,UNIT_SCADA,1,"2022/10/20 18:30:00",SNOWYP,0
D,DISPATCH,UNIT_SCADA,1,"2022/10/20 18:30:00",SNUG1,0
D,DISPATCH,UNIT_SCADA,1,"2022/10/20 18:30:00",SRSF1,0
D,DISPATCH,UNIT_SCADA,1,"2022/10/20 18:30:00",STAN-1,279.569030
D,DISPATCH,UNIT_SCADA,1,"2022/10/20 18:30:00",STAN-2,362.9360
D,DISPATCH,UNIT_SCADA,1,"2022/10/20 18:30:00",STAN-3,364.422880
D,DISPATCH,UNIT_SCADA,1,"2022/10/20 18:30:00",STAN-4,366.204560
D,DISPATCH,UNIT_SCADA,1,"2022/10/20 18:30:00",STARHLWF,6.897990
D,DISPATCH,UNIT_SCADA,1,"2022/10/20 18:30:00",STOCKYD1,181.350010
D,DISPATCH,UNIT_SCADA,1,"2022/10/20 18:30:00",STWF1,94.236660
D,DISPATCH,UNIT_SCADA,1,"2022/10/20 18:30:00",SUNRSF1,4.032960
D,DISPATCH,UNIT_SCADA,1,"2022/10/20 18:30:00",SUNTPSF1,0
D,DISPATCH,UNIT_SCADA,1,"2022/10/20 18:30:00",SWAN_E,352.114380
D,DISPATCH,UNIT_SCADA,1,"2022/10/20 18:30:00",TALWA1,0
D,DISPATCH,UNIT_SCADA,1,"2022/10/20 18:30:00",TARALGA1,0
D,DISPATCH,UNIT_SCADA,1,"2022/10/20 18:30:00",TARONG#1,349.399990
D,DISPATCH,UNIT_SCADA,1,"2022/10/20 18:30:00",TARONG#2,350.100010
D,DISPATCH,UNIT_SCADA,1,"2022/10/20 18:30:00",TARONG#3,0.90
D,DISPATCH,UNIT_SCADA,1,"2022/10/20 18:30:00",TARONG#4,295.200010
D,DISPATCH,UNIT_SCADA,1,"2022/10/20 18:30:00",TARRALEA,53.90
D,DISPATCH,UNIT_SCADA,1,"2022/10/20 18:30:00",TBSF1,3.30
D,DISPATCH,UNIT_SCADA,1,"2022/10/20 18:30:00",TNPS1,420.6250
D,DISPATCH,UNIT_SCADA,1,"2022/10/20 18:30:00",TORRB1,0
D,DISPATCH,UNIT_SCADA,1,"2022/10/20 18:30:00",TORRB2,69
D,DISPATCH,UNIT_SCADA,1,"2022/10/20 18:30:00",TORRB3,0
D,DISPATCH,UNIT_SCADA,1,"2022/10/20 18:30:00",TORRB4,0
D,DISPATCH,UNIT_SCADA,1,"2022/10/20 18:30:00",TREVALLN,98.750490
D,DISPATCH,UNIT_SCADA,1,"2022/10/20 18:30:00",TRIBUTE,0
D,DISPATCH,UNIT_SCADA,1,"2022/10/20 18:30:00",TUMUT3,389.19
D,DISPATCH,UNIT_SCADA,1,"2022/10/20 18:30:00",TUNGATIN,5.320010
D,DISPATCH,UNIT_SCADA,1,"2022/10/20 18:30:00",TVCC201,0
D,DISPATCH,UNIT_SCADA,1,"2022/10/20 18:30:00",TVPP104,57.767950
D,DISPATCH,UNIT_SCADA,1,"2022/10/20 18:30:00",UPPTUMUT,119.718160
D,DISPATCH,UNIT_SCADA,1,"2022/10/20 18:30:00",URANQ11,0
D,DISPATCH,UNIT_SCADA,1,"2022/10/20 18:30:00",URANQ12,0
D,DISPATCH,UNIT_SCADA,1,"2022/10/20 18:30:00",URANQ13,0
D,DISPATCH,UNIT_SCADA,1,"2022/10/20 18:30:00",URANQ14,154.711230
D,DISPATCH,UNIT_SCADA,1,"2022/10/20 18:30:00",VBBG1,17.10
D,DISPATCH,UNIT_SCADA,1,"2022/10/20 18:30:00",VBBL1,0
D,DISPATCH,UNIT_SCADA,1,"2022/10/20 18:30:00",VP5,548.112430
D,DISPATCH,UNIT_SCADA,1,"2022/10/20 18:30:00",VP6,628.290650
D,DISPATCH,UNIT_SCADA,1,"2022/10/20 18:30:00",VPGS1,0
D,DISPATCH,UNIT_SCADA,1,"2022/10/20 18:30:00",VPGS2,0
D,DISPATCH,UNIT_SCADA,1,"2022/10/20 18:30:00",VPGS3,0
D,DISPATCH,UNIT_SCADA,1,"2022/10/20 18:30:00",VPGS4,0
D,DISPATCH,UNIT_SCADA,1,"2022/10/20 18:30:00",VPGS5,0
D,DISPATCH,UNIT_SCADA,1,"2022/10/20 18:30:00",VPGS6,0
D,DISPATCH,UNIT_SCADA,1,"2022/10/20 18:30:00",W/HOE#1,202.629990
D,DISPATCH,UNIT_SCADA,1,"2022/10/20 18:30:00",W/HOE#2,0
D,DISPATCH,UNIT_SCADA,1,"2022/10/20 18:30:00",WAGGNSF1,0
D,DISPATCH,UNIT_SCADA,1,"2022/10/20 18:30:00",WALGRVG1,4.154160
D,DISPATCH,UNIT_SCADA,1,"2022/10/20 18:30:00",WALGRVL1,0
D,DISPATCH,UNIT_SCADA,1,"2022/10/20 18:30:00",WANDBG1,60.046840
D,DISPATCH,UNIT_SCADA,1,"2022/10/20 18:30:00",WANDBL1,0
D,DISPATCH,UNIT_SCADA,1,"2022/10/20 18:30:00",WARWSF1,0
D,DISPATCH,UNIT_SCADA,1,"2022/10/20 18:30:00",WARWSF2,0
D,DISPATCH,UNIT_SCADA,1,"2022/10/20 18:30:00",WATERLWF,0
D,DISPATCH,UNIT_SCADA,1,"2022/10/20 18:30:00",WDGPH1,0
D,DISPATCH,UNIT_SCADA,1,"2022/10/20 18:30:00",WELLSF1,0
D,DISPATCH,UNIT_SCADA,1,"2022/10/20 18:30:00",WEMENSF1,1.90
D,DISPATCH,UNIT_SCADA,1,"2022/10/20 18:30:00",WGWF1,12.30
D,DISPATCH,UNIT_SCADA,1,"2022/10/20 18:30:00",WHITSF1,0
D,DISPATCH,UNIT_SCADA,1,"2022/10/20 18:30:00",WINTSF1,0.58
D,DISPATCH,UNIT_SCADA,1,"2022/10/20 18:30:00",WKIEWA1,33.90
D,DISPATCH,UNIT_SCADA,1,"2022/10/20 18:30:00",WKIEWA2,33.90
D,DISPATCH,UNIT_SCADA,1,"2022/10/20 18:30:00",WOODLWN1,35.591850
D,DISPATCH,UNIT_SCADA,1,"2022/10/20 18:30:00",WOOLGSF1,0
D,DISPATCH,UNIT_SCADA,1,"2022/10/20 18:30:00",WPWF,29.23
D,DISPATCH,UNIT_SCADA,1,"2022/10/20 18:30:00",WRSF1,0
D,DISPATCH,UNIT_SCADA,1,"2022/10/20 18:30:00",WRWF1,75.653620
D,DISPATCH,UNIT_SCADA,1,"2022/10/20 18:30:00",WSTWYSF1,0
D,DISPATCH,UNIT_SCADA,1,"2022/10/20 18:30:00",YABULU,151.650010
D,DISPATCH,UNIT_SCADA,1,"2022/10/20 18:30:00",YABULU2,0
D,DISPATCH,UNIT_SCADA,1,"2022/10/20 18:30:00",YARANSF1,0
D,DISPATCH,UNIT_SCADA,1,"2022/10/20 18:30:00",YARWUN_1,163.179990
D,DISPATCH,UNIT_SCADA,1,"2022/10/20 18:30:00",YATSF1,2.50
D,DISPATCH,UNIT_SCADA,1,"2022/10/20 18:30:00",YENDWF1,26.01
D,DISPATCH,UNIT_SCADA,1,"2022/10/20 18:30:00",YWPS1,355.136720
D,DISPATCH,UNIT_SCADA,1,"2022/10/20 18:30:00",YWPS2,290.222780
D,DISPATCH,UNIT_SCADA,1,"2022/10/20 18:30:00",YWPS3,359.953160
D,DISPATCH,UNIT_SCADA,1,"2022/10/20 18:30:00",YWPS4,0
C,"END OF REPORT",419
