C,NEMP.WORLD,DISPATCHSCADA,AEMO,PUBLIC,2022/10/20,23:50:09,0000000373288723,DISPATCHSCADA,0000000373288717
I,DISPATCH,UNIT_SCADA,1,SETTLEMENTDATE,DUID,SCADAVALUE
D,DISPATCH,UNIT_SCADA,1,"2022/10/20 23:55:00",BARCSF1,0
D,DISPATCH,UNIT_SCADA,1,"2022/10/20 23:55:00",BUTLERSG,8.699999
D,DISPATCH,UNIT_SCADA,1,"2022/10/20 23:55:00",CAPTL_WF,55.051620
D,DISPATCH,UNIT_SCADA,1,"2022/10/20 23:55:00",CHALLHWF,6.50
D,DISPATCH,UNIT_SCADA,1,"2022/10/20 23:55:00",CLOVER,13.35
D,DISPATCH,UNIT_SCADA,1,"2022/10/20 23:55:00",CLUNY,5.538567
D,DISPATCH,UNIT_SCADA,1,"2022/10/20 23:55:00",CULLRGWF,-0.05
D,DISPATCH,UNIT_SCADA,1,"2022/10/20 23:55:00",DIAPURWF1,6.30
D,DISPATCH,UNIT_SCADA,1,"2022/10/20 23:55:00",ERGT01,0
D,DISPATCH,UNIT_SCADA,1,"2022/10/20 23:55:00",GB01,0
D,DISPATCH,UNIT_SCADA,1,"2022/10/20 23:55:00",GERMCRK,19.90
D,DISPATCH,UNIT_SCADA,1,"2022/10/20 23:55:00",GRIFSF1,0.001526
D,DISPATCH,UNIT_SCADA,1,"2022/10/20 23:55:00",HEZ1,0
D,DISPATCH,UNIT_SCADA,1,"2022/10/20 23:55:00",HUGSF1,-0.12
D,DISPATCH,UNIT_SCADA,1,"2022/10/20 23:55:00",KEPBG1,0
D,DISPATCH,UNIT_SCADA,1,"2022/10/20 23:55:00",LRSF1,-0.0310
D,DISPATCH,UNIT_SCADA,1,"2022/10/20 23:55:00",MBAHNTH,47.118759
D,DISPATCH,UNIT_SCADA,1,"2022/10/20 23:55:00",MLSP1,0
D,DISPATCH,UNIT_SCADA,1,"2022/10/20 23:55:00",MLWF1,6.3750
D,DISPATCH,UNIT_SCADA,1,"2022/10/20 23:55:00",PALOONA,30.91
D,DISPATCH,UNIT_SCADA,1,"2022/10/20 23:55:00",PIONEER,22.60
D,DISPATCH,UNIT_SCADA,1,"2022/10/20 23:55:00",PORTWF,34.700001
D,DISPATCH,UNIT_SCADA,1,"2022/10/20 23:55:00",REPULSE,9.352560
D,DISPATCH,UNIT_SCADA,1,"2022/10/20 23:55:00",ROWALLAN,8.9389
D,DISPATCH,UNIT_SCADA,1,"2022/10/20 23:55:00",ROYALLA1,0
D,DISPATCH,UNIT_SCADA,1,"2022/10/20 23:55:00",RPCG,-0.50
D,DISPATCH,UNIT_SCADA,1,"2022/10/20 23:55:00",RUBICON,0
D,DISPATCH,UNIT_SCADA,1,"2022/10/20 23:55:00",WAUBRAWF,42.654999
D,DISPATCH,UNIT_SCADA,1,"2022/10/20 23:55:00",WOOLNTH1,80.719994
D,DISPATCH,UNIT_SCADA,1,"2022/10/20 23:55:00",YAMBUKWF,5.90
D,DISPATCH,UNIT_SCADA,1,"2022/10/20 23:55:00",YSWF1,0
D,DISPATCH,UNIT_SCADA,1,"2022/10/20 23:55:00",ADPBA1G,0.0080
D,DISPATCH,UNIT_SCADA,1,"2022/10/20 23:55:00",ADPBA1L,0
D,DISPATCH,UNIT_SCADA,1,"2022/10/20 23:55:00",ADPPV1,0
D,DISPATCH,UNIT_SCADA,1,"2022/10/20 23:55:00",AGLHAL,0
D,DISPATCH,UNIT_SCADA,1,"2022/10/20 23:55:00",AGLSOM,0
D,DISPATCH,UNIT_SCADA,1,"2022/10/20 23:55:00",ANGAST1,0
D,DISPATCH,UNIT_SCADA,1,"2022/10/20 23:55:00",ARWF1,19
D,DISPATCH,UNIT_SCADA,1,"2022/10/20 23:55:00",BALBG1,0
D,DISPATCH,UNIT_SCADA,1,"2022/10/20 23:55:00",BALBL1,0
D,DISPATCH,UNIT_SCADA,1,"2022/10/20 23:55:00",BALDHWF1,105.0780
D,DISPATCH,UNIT_SCADA,1,"2022/10/20 23:55:00",BANGOWF1,72.796520
D,DISPATCH,UNIT_SCADA,1,"2022/10/20 23:55:00",BANGOWF2,66.898830
D,DISPATCH,UNIT_SCADA,1,"2022/10/20 23:55:00",BANN1,0
D,DISPATCH,UNIT_SCADA,1,"2022/10/20 23:55:00",BARCALDN,0
D,DISPATCH,UNIT_SCADA,1,"2022/10/20 23:55:00",BARKIPS1,0
D,DISPATCH,UNIT_SCADA,1,"2022/10/20 23:55:00",BARRON-1,0
D,DISPATCH,UNIT_SCADA,1,"2022/10/20 23:55:00",BARRON-2,0
D,DISPATCH,UNIT_SCADA,1,"2022/10/20 23:55:00",BASTYAN,0
D,DISPATCH,UNIT_SCADA,1,"2022/10/20 23:55:00",BBTHREE1,0
D,DISPATCH,UNIT_SCADA,1,"2022/10/20 23:55:00",BBTHREE2,0
D,DISPATCH,UNIT_SCADA,1,"2022/10/20 23:55:00",BBTHREE3,-1.09
D,DISPATCH,UNIT_SCADA,1,"2022/10/20 23:55:00",BDL01,0
D,DISPATCH,UNIT_SCADA,1,"2022/10/20 23:55:00",BDL02,0
D,DISPATCH,UNIT_SCADA,1,"2022/10/20 23:55:00",BERYLSF1,0
D,DISPATCH,UNIT_SCADA,1,"2022/10/20 23:55:00",BLOWERNG,62.60
D,DISPATCH,UNIT_SCADA,1,"2022/10/20 23:55:00",BLUEGSF1,0
D,DISPATCH,UNIT_SCADA,1,"2022/10/20 23:55:00",BLUFF1,0.30
D,DISPATCH,UNIT_SCADA,1,"2022/10/20 23:55:00",BNGSF1,0
D,DISPATCH,UNIT_SCADA,1,"2022/10/20 23:55:00",BNGSF2,0
D,DISPATCH,UNIT_SCADA,1,"2022/10/20 23:55:00",BOCORWF1,3.28
D,DISPATCH,UNIT_SCADA,1,"2022/10/20 23:55:00",BODWF1,102.302550
D,DISPATCH,UNIT_SCADA,1,"2022/10/20 23:55:00",BOMENSF1,0
D,DISPATCH,UNIT_SCADA,1,"2022/10/20 23:55:00",BOWWBA1G,0
D,DISPATCH,UNIT_SCADA,1,"2022/10/20 23:55:00",BOWWBA1L,0.0010
D,DISPATCH,UNIT_SCADA,1,"2022/10/20 23:55:00",BOWWPV1,0
D,DISPATCH,UNIT_SCADA,1,"2022/10/20 23:55:00",BRAEMAR1,0
D,DISPATCH,UNIT_SCADA,1,"2022/10/20 23:55:00",BRAEMAR2,0
D,DISPATCH,UNIT_SCADA,1,"2022/10/20 23:55:00",BRAEMAR3,0
D,DISPATCH,UNIT_SCADA,1,"2022/10/20 23:55:00",BRAEMAR5,0.201420
D,DISPATCH,UNIT_SCADA,1,"2022/10/20 23:55:00",BRAEMAR6,0
D,DISPATCH,UNIT_SCADA,1,"2022/10/20 23:55:00",BRAEMAR7,0.060430
D,DISPATCH,UNIT_SCADA,1,"2022/10/20 23:55:00",BROKENH1,0
D,DISPATCH,UNIT_SCADA,1,"2022/10/20 23:55:00",BRYB1WF1,71.4580
D,DISPATCH,UNIT_SCADA,1,"2022/10/20 23:55:00",BULBESG1,0
D,DISPATCH,UNIT_SCADA,1,"2022/10/20 23:55:00",BULBESL1,0.03
D,DISPATCH,UNIT_SCADA,1,"2022/10/20 23:55:00",BULGANA1,27.45
D,DISPATCH,UNIT_SCADA,1,"2022/10/20 23:55:00",BW01,620.578310
D,DISPATCH,UNIT_SCADA,1,"2022/10/20 23:55:00",BW02,589.327820
D,DISPATCH,UNIT_SCADA,1,"2022/10/20 23:55:00",BW03,524.971370
D,DISPATCH,UNIT_SCADA,1,"2022/10/20 23:55:00",BW04,0
D,DISPATCH,UNIT_SCADA,1,"2022/10/20 23:55:00",CALL_B_1,320.300020
D,DISPATCH,UNIT_SCADA,1,"2022/10/20 23:55:00",CALL_B_2,322.100010
D,DISPATCH,UNIT_SCADA,1,"2022/10/20 23:55:00",CATHROCK,2.50
D,DISPATCH,UNIT_SCADA,1,"2022/10/20 23:55:00",CBWWBA1G,0
D,DISPATCH,UNIT_SCADA,1,"2022/10/20 23:55:00",CBWWBA1L,0
D,DISPATCH,UNIT_SCADA,1,"2022/10/20 23:55:00",CETHANA,88.6045
D,DISPATCH,UNIT_SCADA,1,"2022/10/20 23:55:00",CG1,0
D,DISPATCH,UNIT_SCADA,1,"2022/10/20 23:55:00",CG2,0
D,DISPATCH,UNIT_SCADA,1,"2022/10/20 23:55:00",CG3,0
D,DISPATCH,UNIT_SCADA,1,"2022/10/20 23:55:00",CG4,0
D,DISPATCH,UNIT_SCADA,1,"2022/10/20 23:55:00",CHILDSF1,0
D,DISPATCH,UNIT_SCADA,1,"2022/10/20 23:55:00",CHYTWF1,0
D,DISPATCH,UNIT_SCADA,1,"2022/10/20 23:55:00",CLARESF1,0
D,DISPATCH,UNIT_SCADA,1,"2022/10/20 23:55:00",CLEMGPWF,0
D,DISPATCH,UNIT_SCADA,1,"2022/10/20 23:55:00",CLERMSF1,0
D,DISPATCH,UNIT_SCADA,1,"2022/10/20 23:55:00",CNUNDAWF,13.7160
D,DISPATCH,UNIT_SCADA,1,"2022/10/20 23:55:00",COHUNSF1,0
D,DISPATCH,UNIT_SCADA,1,"2022/10/20 23:55:00",COLEASF1,0
D,DISPATCH,UNIT_SCADA,1,"2022/10/20 23:55:00",COLUMSF1,0
D,DISPATCH,UNIT_SCADA,1,"2022/10/20 23:55:00",COLWF01,72.938130
D,DISPATCH,UNIT_SCADA,1,"2022/10/20 23:55:00",COOPGWF1,359.489990
D,DISPATCH,UNIT_SCADA,1,"2022/10/20 23:55:00",CPP_3,391.050020
D,DISPATCH,UNIT_SCADA,1,"2022/10/20 23:55:00",CPP_4,0
D,DISPATCH,UNIT_SCADA,1,"2022/10/20 23:55:00",CPSA,0
D,DISPATCH,UNIT_SCADA,1,"2022/10/20 23:55:00",CROOKWF2,46.624860
D,DISPATCH,UNIT_SCADA,1,"2022/10/20 23:55:00",CROWLWF1,17.2073
D,DISPATCH,UNIT_SCADA,1,"2022/10/20 23:55:00",CRURWF1,72.897160
D,DISPATCH,UNIT_SCADA,1,"2022/10/20 23:55:00",CRWASF1,0
D,DISPATCH,UNIT_SCADA,1,"2022/10/20 23:55:00",CSPVPS1,0
D,DISPATCH,UNIT_SCADA,1,"2022/10/20 23:55:00",CTHLWF1,0.003050
D,DISPATCH,UNIT_SCADA,1,"2022/10/20 23:55:00",DALNTH01,0
D,DISPATCH,UNIT_SCADA,1,"2022/10/20 23:55:00",DALNTHL1,0.196840
D,DISPATCH,UNIT_SCADA,1,"2022/10/20 23:55:00",DARLSF1,0
D,DISPATCH,UNIT_SCADA,1,"2022/10/20 23:55:00",DARTM1,0
D,DISPATCH,UNIT_SCADA,1,"2022/10/20 23:55:00",DAYDSF1,0
D,DISPATCH,UNIT_SCADA,1,"2022/10/20 23:55:00",DDPS1,0
D,DISPATCH,UNIT_SCADA,1,"2022/10/20 23:55:00",DDSF1,0
D,DISPATCH,UNIT_SCADA,1,"2022/10/20 23:55:00",DEVILS_G,56.400650
D,DISPATCH,UNIT_SCADA,1,"2022/10/20 23:55:00",DG_NSW1,0
D,DISPATCH,UNIT_SCADA,1,"2022/10/20 23:55:00",DG_QLD1,0
D,DISPATCH,UNIT_SCADA,1,"2022/10/20 23:55:00",DG_SA1,0
D,DISPATCH,UNIT_SCADA,1,"2022/10/20 23:55:00",DG_TAS1,0
D,DISPATCH,UNIT_SCADA,1,"2022/10/20 23:55:00",DG_VIC1,0
D,DISPATCH,UNIT_SCADA,1,"2022/10/20 23:55:00",DRYCGT1,0
D,DISPATCH,UNIT_SCADA,1,"2022/10/20 23:55:00",DRYCGT2,0
D,DISPATCH,UNIT_SCADA,1,"2022/10/20 23:55:00",DRYCGT3,0
D,DISPATCH,UNIT_SCADA,1,"2022/10/20 23:55:00",DUNDWF1,113.20
D,DISPATCH,UNIT_SCADA,1,"2022/10/20 23:55:00",DUNDWF2,36.35
D,DISPATCH,UNIT_SCADA,1,"2022/10/20 23:55:00",DUNDWF3,82.28
D,DISPATCH,UNIT_SCADA,1,"2022/10/20 23:55:00",EILDON1,59.88
D,DISPATCH,UNIT_SCADA,1,"2022/10/20 23:55:00",EILDON2,60
D,DISPATCH,UNIT_SCADA,1,"2022/10/20 23:55:00",ELAINWF1,5.48
D,DISPATCH,UNIT_SCADA,1,"2022/10/20 23:55:00",EMERASF1,0
D,DISPATCH,UNIT_SCADA,1,"2022/10/20 23:55:00",ER01,0
D,DISPATCH,UNIT_SCADA,1,"2022/10/20 23:55:00",ER02,573.116640
D,DISPATCH,UNIT_SCADA,1,"2022/10/20 23:55:00",ER03,572.726010
D,DISPATCH,UNIT_SCADA,1,"2022/10/20 23:55:00",ER04,573.092220
D,DISPATCH,UNIT_SCADA,1,"2022/10/20 23:55:00",FINLYSF1,0
D,DISPATCH,UNIT_SCADA,1,"2022/10/20 23:55:00",FISHER,44.21
D,DISPATCH,UNIT_SCADA,1,"2022/10/20 23:55:00",GANGARR1,0
D,DISPATCH,UNIT_SCADA,1,"2022/10/20 23:55:00",GANNBG1,0
D,DISPATCH,UNIT_SCADA,1,"2022/10/20 23:55:00",GANNBL1,0.024680
D,DISPATCH,UNIT_SCADA,1,"2022/10/20 23:55:00",GANNSF1,0
D,DISPATCH,UNIT_SCADA,1,"2022/10/20 23:55:00",GLRWNSF1,0
D,DISPATCH,UNIT_SCADA,1,"2022/10/20 23:55:00",GNNDHSF1,0
D,DISPATCH,UNIT_SCADA,1,"2022/10/20 23:55:00",GOONSF1,0
D,DISPATCH,UNIT_SCADA,1,"2022/10/20 23:55:00",GORDON,200.729310
D,DISPATCH,UNIT_SCADA,1,"2022/10/20 23:55:00",GRANWF1,0
D,DISPATCH,UNIT_SCADA,1,"2022/10/20 23:55:00",GSTONE1,187.0750
D,DISPATCH,UNIT_SCADA,1,"2022/10/20 23:55:00",GSTONE2,0
D,DISPATCH,UNIT_SCADA,1,"2022/10/20 23:55:00",GSTONE3,184.80
D,DISPATCH,UNIT_SCADA,1,"2022/10/20 23:55:00",GSTONE4,0
D,DISPATCH,UNIT_SCADA,1,"2022/10/20 23:55:00",GSTONE5,187.4250
D,DISPATCH,UNIT_SCADA,1,"2022/10/20 23:55:00",GSTONE6,186.20
D,DISPATCH,UNIT_SCADA,1,"2022/10/20 23:55:00",GULLRSF1,0
D,DISPATCH,UNIT_SCADA,1,"2022/10/20 23:55:00",GULLRWF1,57.494130
D,DISPATCH,UNIT_SCADA,1,"2022/10/20 23:55:00",GULLRWF2,87.9989
D,DISPATCH,UNIT_SCADA,1,"2022/10/20 23:55:00",GUNNING1,0
D,DISPATCH,UNIT_SCADA,1,"2022/10/20 23:55:00",GUTHEGA,67.90
D,DISPATCH,UNIT_SCADA,1,"2022/10/20 23:55:00",HALLWF1,7.09
D,DISPATCH,UNIT_SCADA,1,"2022/10/20 23:55:00",HALLWF2,19.54
D,DISPATCH,UNIT_SCADA,1,"2022/10/20 23:55:00",HAMISF1,0
D,DISPATCH,UNIT_SCADA,1,"2022/10/20 23:55:00",HAUGHT11,0
D,DISPATCH,UNIT_SCADA,1,"2022/10/20 23:55:00",HAYMSF1,0
D,DISPATCH,UNIT_SCADA,1,"2022/10/20 23:55:00",HDWF1,17.20
D,DISPATCH,UNIT_SCADA,1,"2022/10/20 23:55:00",HDWF2,10
D,DISPATCH,UNIT_SCADA,1,"2022/10/20 23:55:00",HDWF3,12.90
D,DISPATCH,UNIT_SCADA,1,"2022/10/20 23:55:00",HILLSTN1,0
D,DISPATCH,UNIT_SCADA,1,"2022/10/20 23:55:00",HPRG1,1.10
D,DISPATCH,UNIT_SCADA,1,"2022/10/20 23:55:00",HPRL1,0
D,DISPATCH,UNIT_SCADA,1,"2022/10/20 23:55:00",HUMENSW,54.081470
D,DISPATCH,UNIT_SCADA,1,"2022/10/20 23:55:00",HUMEV,0
D,DISPATCH,UNIT_SCADA,1,"2022/10/20 23:55:00",HVWWBA1G,0
D,DISPATCH,UNIT_SCADA,1,"2022/10/20 23:55:00",HVWWBA1L,0.0060
D,DISPATCH,UNIT_SCADA,1,"2022/10/20 23:55:00",HVWWPV1,0
D,DISPATCH,UNIT_SCADA,1,"2022/10/20 23:55:00",JBUTTERS,0
D,DISPATCH,UNIT_SCADA,1,"2022/10/20 23:55:00",JEMALNG1,0
D,DISPATCH,UNIT_SCADA,1,"2022/10/20 23:55:00",JLA01,0
D,DISPATCH,UNIT_SCADA,1,"2022/10/20 23:55:00",JLA02,0
D,DISPATCH,UNIT_SCADA,1,"2022/10/20 23:55:00",JLA03,0
D,DISPATCH,UNIT_SCADA,1,"2022/10/20 23:55:00",JLA04,0
D,DISPATCH,UNIT_SCADA,1,"2022/10/20 23:55:00",JLB01,0
D,DISPATCH,UNIT_SCADA,1,"2022/10/20 23:55:00",JLB02,0.10
D,DISPATCH,UNIT_SCADA,1,"2022/10/20 23:55:00",JLB03,0
D,DISPATCH,UNIT_SCADA,1,"2022/10/20 23:55:00",JUNEESF1,0
D,DISPATCH,UNIT_SCADA,1,"2022/10/20 23:55:00",KABANWF1,0
D,DISPATCH,UNIT_SCADA,1,"2022/10/20 23:55:00",KAREEYA1,0
D,DISPATCH,UNIT_SCADA,1,"2022/10/20 23:55:00",KAREEYA2,0
D,DISPATCH,UNIT_SCADA,1,"2022/10/20 23:55:00",KAREEYA3,4.9075
D,DISPATCH,UNIT_SCADA,1,"2022/10/20 23:55:00",KAREEYA4,0
D,DISPATCH,UNIT_SCADA,1,"2022/10/20 23:55:00",KARSF1,0
D,DISPATCH,UNIT_SCADA,1,"2022/10/20 23:55:00",KEPSF1,0
D,DISPATCH,UNIT_SCADA,1,"2022/10/20 23:55:00",KEPWF1,2.44
D,DISPATCH,UNIT_SCADA,1,"2022/10/20 23:55:00",KIAMSF1,0
D,DISPATCH,UNIT_SCADA,1,"2022/10/20 23:55:00",KIATAWF1,19.10
D,DISPATCH,UNIT_SCADA,1,"2022/10/20 23:55:00",KPP_1,0
D,DISPATCH,UNIT_SCADA,1,"2022/10/20 23:55:00",KSP1,0
D,DISPATCH,UNIT_SCADA,1,"2022/10/20 23:55:00",LADBROK1,0.01
D,DISPATCH,UNIT_SCADA,1,"2022/10/20 23:55:00",LADBROK2,0.02
D,DISPATCH,UNIT_SCADA,1,"2022/10/20 23:55:00",LBBG1,0
D,DISPATCH,UNIT_SCADA,1,"2022/10/20 23:55:00",LBBL1,0
D,DISPATCH,UNIT_SCADA,1,"2022/10/20 23:55:00",LD01,272.322750
D,DISPATCH,UNIT_SCADA,1,"2022/10/20 23:55:00",LD02,0
D,DISPATCH,UNIT_SCADA,1,"2022/10/20 23:55:00",LD04,278.347110
D,DISPATCH,UNIT_SCADA,1,"2022/10/20 23:55:00",LEM_WIL,86.902250
D,DISPATCH,UNIT_SCADA,1,"2022/10/20 23:55:00",LGAPWF1,84.46
D,DISPATCH,UNIT_SCADA,1,"2022/10/20 23:55:00",LGAPWF2,57.17
D,DISPATCH,UNIT_SCADA,1,"2022/10/20 23:55:00",LILYSF1,0
D,DISPATCH,UNIT_SCADA,1,"2022/10/20 23:55:00",LIMOSF11,0
D,DISPATCH,UNIT_SCADA,1,"2022/10/20 23:55:00",LIMOSF21,0
D,DISPATCH,UNIT_SCADA,1,"2022/10/20 23:55:00",LI_WY_CA,55.976180
D,DISPATCH,UNIT_SCADA,1,"2022/10/20 23:55:00",LKBONNY1,18.040510
D,DISPATCH,UNIT_SCADA,1,"2022/10/20 23:55:00",LKBONNY2,45.843340
D,DISPATCH,UNIT_SCADA,1,"2022/10/20 23:55:00",LKBONNY3,10.438730
D,DISPATCH,UNIT_SCADA,1,"2022/10/20 23:55:00",LK_ECHO,0
D,DISPATCH,UNIT_SCADA,1,"2022/10/20 23:55:00",LNGS1,0
D,DISPATCH,UNIT_SCADA,1,"2022/10/20 23:55:00",LNGS2,0
D,DISPATCH,UNIT_SCADA,1,"2022/10/20 23:55:00",LONSDALE,0
D,DISPATCH,UNIT_SCADA,1,"2022/10/20 23:55:00",LOYYB1,575.939270
D,DISPATCH,UNIT_SCADA,1,"2022/10/20 23:55:00",LOYYB2,577.818970
D,DISPATCH,UNIT_SCADA,1,"2022/10/20 23:55:00",LYA1,560
D,DISPATCH,UNIT_SCADA,1,"2022/10/20 23:55:00",LYA2,0
D,DISPATCH,UNIT_SCADA,1,"2022/10/20 23:55:00",LYA3,559
D,DISPATCH,UNIT_SCADA,1,"2022/10/20 23:55:00",LYA4,559
D,DISPATCH,UNIT_SCADA,1,"2022/10/20 23:55:00",MACARTH1,61.298580
D,DISPATCH,UNIT_SCADA,1,"2022/10/20 23:55:00",MACKNTSH,0
D,DISPATCH,UNIT_SCADA,1,"2022/10/20 23:55:00",MANSLR1,0
D,DISPATCH,UNIT_SCADA,1,"2022/10/20 23:55:00",MAPS2PV1,0
D,DISPATCH,UNIT_SCADA,1,"2022/10/20 23:55:00",MAPS3PV1,0
D,DISPATCH,UNIT_SCADA,1,"2022/10/20 23:55:00",MARYRSF1,0
D,DISPATCH,UNIT_SCADA,1,"2022/10/20 23:55:00",MBPS2PV1,0
D,DISPATCH,UNIT_SCADA,1,"2022/10/20 23:55:00",MCKAY1,224.31
D,DISPATCH,UNIT_SCADA,1,"2022/10/20 23:55:00",MEADOWBK,19.777360
D,DISPATCH,UNIT_SCADA,1,"2022/10/20 23:55:00",MERCER01,17.60
D,DISPATCH,UNIT_SCADA,1,"2022/10/20 23:55:00",METZSF1,0
D,DISPATCH,UNIT_SCADA,1,"2022/10/20 23:55:00",MEWF1,0.6783
D,DISPATCH,UNIT_SCADA,1,"2022/10/20 23:55:00",MIDDLSF1,0
D,DISPATCH,UNIT_SCADA,1,"2022/10/20 23:55:00",MINTARO,0.128180
D,DISPATCH,UNIT_SCADA,1,"2022/10/20 23:55:00",MOLNGSF1,0
D,DISPATCH,UNIT_SCADA,1,"2022/10/20 23:55:00",MOORAWF1,36.66
D,DISPATCH,UNIT_SCADA,1,"2022/10/20 23:55:00",MOREESF1,0
D,DISPATCH,UNIT_SCADA,1,"2022/10/20 23:55:00",MORTLK11,0
D,DISPATCH,UNIT_SCADA,1,"2022/10/20 23:55:00",MORTLK12,0
D,DISPATCH,UNIT_SCADA,1,"2022/10/20 23:55:00",MOUSF1,0
D,DISPATCH,UNIT_SCADA,1,"2022/10/20 23:55:00",MP1,0
D,DISPATCH,UNIT_SCADA,1,"2022/10/20 23:55:00",MP2,349.773410
D,DISPATCH,UNIT_SCADA,1,"2022/10/20 23:55:00",MPP_1,185.919310
D,DISPATCH,UNIT_SCADA,1,"2022/10/20 23:55:00",MPP_2,189.154280
D,DISPATCH,UNIT_SCADA,1,"2022/10/20 23:55:00",MRTLSWF1,0
D,DISPATCH,UNIT_SCADA,1,"2022/10/20 23:55:00",MSTUART1,0
D,DISPATCH,UNIT_SCADA,1,"2022/10/20 23:55:00",MSTUART2,0
D,DISPATCH,UNIT_SCADA,1,"2022/10/20 23:55:00",MSTUART3,0
D,DISPATCH,UNIT_SCADA,1,"2022/10/20 23:55:00",MTGELWF1,65.973390
D,DISPATCH,UNIT_SCADA,1,"2022/10/20 23:55:00",MTMILLAR,12.40
D,DISPATCH,UNIT_SCADA,1,"2022/10/20 23:55:00",MURRAY,56
D,DISPATCH,UNIT_SCADA,1,"2022/10/20 23:55:00",MUSSELR1,19.20
D,DISPATCH,UNIT_SCADA,1,"2022/10/20 23:55:00",MUWAWF1,35.92
D,DISPATCH,UNIT_SCADA,1,"2022/10/20 23:55:00",MUWAWF2,52.50
D,DISPATCH,UNIT_SCADA,1,"2022/10/20 23:55:00",MWPS1PV1,0
D,DISPATCH,UNIT_SCADA,1,"2022/10/20 23:55:00",MWPS2PV1,0
D,DISPATCH,UNIT_SCADA,1,"2022/10/20 23:55:00",MWPS3PV1,0
D,DISPATCH,UNIT_SCADA,1,"2022/10/20 23:55:00",MWPS4PV1,0
D,DISPATCH,UNIT_SCADA,1,"2022/10/20 23:55:00",NBHWF1,11.40
D,DISPATCH,UNIT_SCADA,1,"2022/10/20 23:55:00",NEVERSF1,0
D,DISPATCH,UNIT_SCADA,1,"2022/10/20 23:55:00",NPS,0
D,DISPATCH,UNIT_SCADA,1,"2022/10/20 23:55:00",NUMURSF1,0
D,DISPATCH,UNIT_SCADA,1,"2022/10/20 23:55:00",NYNGAN1,0
D,DISPATCH,UNIT_SCADA,1,"2022/10/20 23:55:00",OAKEY1,0
D,DISPATCH,UNIT_SCADA,1,"2022/10/20 23:55:00",OAKEY1SF,0
D,DISPATCH,UNIT_SCADA,1,"2022/10/20 23:55:00",OAKEY2,0
D,DISPATCH,UNIT_SCADA,1,"2022/10/20 23:55:00",OAKEY2SF,0
D,DISPATCH,UNIT_SCADA,1,"2022/10/20 23:55:00",OAKLAND1,7.40
D,DISPATCH,UNIT_SCADA,1,"2022/10/20 23:55:00",OSB-AG,180.099990
D,DISPATCH,UNIT_SCADA,1,"2022/10/20 23:55:00",PAREPS1,0
D,DISPATCH,UNIT_SCADA,1,"2022/10/20 23:55:00",PAREPW1,62.66
D,DISPATCH,UNIT_SCADA,1,"2022/10/20 23:55:00",PARSF1,0.001530
D,DISPATCH,UNIT_SCADA,1,"2022/10/20 23:55:00",POAT110,3.16
D,DISPATCH,UNIT_SCADA,1,"2022/10/20 23:55:00",POAT220,0
D,DISPATCH,UNIT_SCADA,1,"2022/10/20 23:55:00",POR01,0
D,DISPATCH,UNIT_SCADA,1,"2022/10/20 23:55:00",POR03,0
D,DISPATCH,UNIT_SCADA,1,"2022/10/20 23:55:00",PPCCGT,165.498890
D,DISPATCH,UNIT_SCADA,1,"2022/10/20 23:55:00",PTSTAN1,0
D,DISPATCH,UNIT_SCADA,1,"2022/10/20 23:55:00",PUMP1,0
D,DISPATCH,UNIT_SCADA,1,"2022/10/20 23:55:00",PUMP2,0
D,DISPATCH,UNIT_SCADA,1,"2022/10/20 23:55:00",QBYNBG1,0
D,DISPATCH,UNIT_SCADA,1,"2022/10/20 23:55:00",QBYNBL1,0.0035
D,DISPATCH,UNIT_SCADA,1,"2022/10/20 23:55:00",QPS1,0
D,DISPATCH,UNIT_SCADA,1,"2022/10/20 23:55:00",QPS2,0
D,DISPATCH,UNIT_SCADA,1,"2022/10/20 23:55:00",QPS3,0
D,DISPATCH,UNIT_SCADA,1,"2022/10/20 23:55:00",QPS4,0
D,DISPATCH,UNIT_SCADA,1,"2022/10/20 23:55:00",QPS5,0
D,DISPATCH,UNIT_SCADA,1,"2022/10/20 23:55:00",REECE1,0
D,DISPATCH,UNIT_SCADA,1,"2022/10/20 23:55:00",REECE2,0
D,DISPATCH,UNIT_SCADA,1,"2022/10/20 23:55:00",ROMA_7,0
D,DISPATCH,UNIT_SCADA,1,"2022/10/20 23:55:00",ROMA_8,0
D,DISPATCH,UNIT_SCADA,1,"2022/10/20 23:55:00",RRSF1,0
D,DISPATCH,UNIT_SCADA,1,"2022/10/20 23:55:00",RT_NSW1,0
D,DISPATCH,UNIT_SCADA,1,"2022/10/20 23:55:00",RT_NSW2,0
D,DISPATCH,UNIT_SCADA,1,"2022/10/20 23:55:00",RT_NSW3,0
D,DISPATCH,UNIT_SCADA,1,"2022/10/20 23:55:00",RT_NSW4,0
D,DISPATCH,UNIT_SCADA,1,"2022/10/20 23:55:00",RT_NSW5,0
D,DISPATCH,UNIT_SCADA,1,"2022/10/20 23:55:00",RT_NSW6,0
D,DISPATCH,UNIT_SCADA,1,"2022/10/20 23:55:00",RT_QLD1,0
D,DISPATCH,UNIT_SCADA,1,"2022/10/20 23:55:00",RT_SA1,0
D,DISPATCH,UNIT_SCADA,1,"2022/10/20 23:55:00",RT_SA2,0
D,DISPATCH,UNIT_SCADA,1,"2022/10/20 23:55:00",RT_SA3,0
D,DISPATCH,UNIT_SCADA,1,"2022/10/20 23:55:00",RT_SA4,0
D,DISPATCH,UNIT_SCADA,1,"2022/10/20 23:55:00",RT_SA5,0
D,DISPATCH,UNIT_SCADA,1,"2022/10/20 23:55:00",RT_SA6,0
D,DISPATCH,UNIT_SCADA,1,"2022/10/20 23:55:00",RT_TAS1,0
D,DISPATCH,UNIT_SCADA,1,"2022/10/20 23:55:00",RT_VIC1,0
D,DISPATCH,UNIT_SCADA,1,"2022/10/20 23:55:00",RT_VIC10,0
D,DISPATCH,UNIT_SCADA,1,"2022/10/20 23:55:00",RT_VIC11,0
D,DISPATCH,UNIT_SCADA,1,"2022/10/20 23:55:00",RT_VIC12,0
D,DISPATCH,UNIT_SCADA,1,"2022/10/20 23:55:00",RT_VIC2,0
D,DISPATCH,UNIT_SCADA,1,"2022/10/20 23:55:00",RT_VIC3,0
D,DISPATCH,UNIT_SCADA,1,"2022/10/20 23:55:00",RT_VIC4,0
D,DISPATCH,UNIT_SCADA,1,"2022/10/20 23:55:00",RT_VIC5,0
D,DISPATCH,UNIT_SCADA,1,"2022/10/20 23:55:00",RT_VIC6,0
D,DISPATCH,UNIT_SCADA,1,"2022/10/20 23:55:00",RT_VIC7,0
D,DISPATCH,UNIT_SCADA,1,"2022/10/20 23:55:00",RT_VIC8,0
D,DISPATCH,UNIT_SCADA,1,"2022/10/20 23:55:00",RT_VIC9,0
D,DISPATCH,UNIT_SCADA,1,"2022/10/20 23:55:00",RUGBYR1,0
D,DISPATCH,UNIT_SCADA,1,"2022/10/20 23:55:00",SALTCRK1,13.69
D,DISPATCH,UNIT_SCADA,1,"2022/10/20 23:55:00",SAPHWF1,252.501720
D,DISPATCH,UNIT_SCADA,1,"2022/10/20 23:55:00",SEBSF1,0
D,DISPATCH,UNIT_SCADA,1,"2022/10/20 23:55:00",SHGEN,0
D,DISPATCH,UNIT_SCADA,1,"2022/10/20 23:55:00",SHPUMP,0
D,DISPATCH,UNIT_SCADA,1,"2022/10/20 23:55:00",SITHE01,0.123710
D,DISPATCH,UNIT_SCADA,1,"2022/10/20 23:55:00",SMCSF1,0
D,DISPATCH,UNIT_SCADA,1,"2022/10/20 23:55:00",SNAPPER1,0
D,DISPATCH,UNIT_SCADA,1,"2022/10/20 23:55:00",SNOWNTH1,25.50
D,DISPATCH,UNIT_SCADA,1,"2022/10/20 23:55:00",SNOWSTH1,18.20
D,DISPATCH,UNIT_SCADA,1,"2022/10/20 23:55:00",SNOWTWN1,10.763650
D,DISPATCH,UNIT_SCADA,1,"2022/10/20 23:55:00",SNOWYP,0
D,DISPATCH,UNIT_SCADA,1,"2022/10/20 23:55:00",SNUG1,0
D,DISPATCH,UNIT_SCADA,1,"2022/10/20 23:55:00",SRSF1,0
D,DISPATCH,UNIT_SCADA,1,"2022/10/20 23:55:00",STAN-1,280.1843
D,DISPATCH,UNIT_SCADA,1,"2022/10/20 23:55:00",STAN-2,360.128910
D,DISPATCH,UNIT_SCADA,1,"2022/10/20 23:55:00",STAN-3,363.371830
D,DISPATCH,UNIT_SCADA,1,"2022/10/20 23:55:00",STAN-4,364.756130
D,DISPATCH,UNIT_SCADA,1,"2022/10/20 23:55:00",STARHLWF,20.494020
D,DISPATCH,UNIT_SCADA,1,"2022/10/20 23:55:00",STOCKYD1,160.13
D,DISPATCH,UNIT_SCADA,1,"2022/10/20 23:55:00",STWF1,18.341960
D,DISPATCH,UNIT_SCADA,1,"2022/10/20 23:55:00",SUNRSF1,0
D,DISPATCH,UNIT_SCADA,1,"2022/10/20 23:55:00",SUNTPSF1,0
D,DISPATCH,UNIT_SCADA,1,"2022/10/20 23:55:00",SWAN_E,221.523770
D,DISPATCH,UNIT_SCADA,1,"2022/10/20 23:55:00",TALWA1,0
D,DISPATCH,UNIT_SCADA,1,"2022/10/20 23:55:00",TARALGA1,0
D,DISPATCH,UNIT_SCADA,1,"2022/10/20 23:55:00",TARONG#1,349.899990
D,DISPATCH,UNIT_SCADA,1,"2022/10/20 23:55:00",TARONG#2,350
D,DISPATCH,UNIT_SCADA,1,"2022/10/20 23:55:00",TARONG#3,0.90
D,DISPATCH,UNIT_SCADA,1,"2022/10/20 23:55:00",TARONG#4,225.50
D,DISPATCH,UNIT_SCADA,1,"2022/10/20 23:55:00",TARRALEA,54
D,DISPATCH,UNIT_SCADA,1,"2022/10/20 23:55:00",TBSF1,0
D,DISPATCH,UNIT_SCADA,1,"2022/10/20 23:55:00",TNPS1,350.50
D,DISPATCH,UNIT_SCADA,1,"2022/10/20 23:55:00",TORRB1,0
D,DISPATCH,UNIT_SCADA,1,"2022/10/20 23:55:00",TORRB2,62
D,DISPATCH,UNIT_SCADA,1,"2022/10/20 23:55:00",TORRB3,0
D,DISPATCH,UNIT_SCADA,1,"2022/10/20 23:55:00",TORRB4,0
D,DISPATCH,UNIT_SCADA,1,"2022/10/20 23:55:00",TREVALLN,99.263910
D,DISPATCH,UNIT_SCADA,1,"2022/10/20 23:55:00",TRIBUTE,0
D,DISPATCH,UNIT_SCADA,1,"2022/10/20 23:55:00",TUMUT3,349.510010
D,DISPATCH,UNIT_SCADA,1,"2022/10/20 23:55:00",TUNGATIN,4.050020
D,DISPATCH,UNIT_SCADA,1,"2022/10/20 23:55:00",TVCC201,0
D,DISPATCH,UNIT_SCADA,1,"2022/10/20 23:55:00",TVPP104,0
D,DISPATCH,UNIT_SCADA,1,"2022/10/20 23:55:00",UPPTUMUT,0
D,DISPATCH,UNIT_SCADA,1,"2022/10/20 23:55:00",URANQ11,0
D,DISPATCH,UNIT_SCADA,1,"2022/10/20 23:55:00",URANQ12,0
D,DISPATCH,UNIT_SCADA,1,"2022/10/20 23:55:00",URANQ13,0
D,DISPATCH,UNIT_SCADA,1,"2022/10/20 23:55:00",URANQ14,0
D,DISPATCH,UNIT_SCADA,1,"2022/10/20 23:55:00",VBBG1,28.80
D,DISPATCH,UNIT_SCADA,1,"2022/10/20 23:55:00",VBBL1,0
D,DISPATCH,UNIT_SCADA,1,"2022/10/20 23:55:00",VP5,558.806090
D,DISPATCH,UNIT_SCADA,1,"2022/10/20 23:55:00",VP6,599.163820
D,DISPATCH,UNIT_SCADA,1,"2022/10/20 23:55:00",VPGS1,0
D,DISPATCH,UNIT_SCADA,1,"2022/10/20 23:55:00",VPGS2,0
D,DISPATCH,UNIT_SCADA,1,"2022/10/20 23:55:00",VPGS3,0
D,DISPATCH,UNIT_SCADA,1,"2022/10/20 23:55:00",VPGS4,0
D,DISPATCH,UNIT_SCADA,1,"2022/10/20 23:55:00",VPGS5,0
D,DISPATCH,UNIT_SCADA,1,"2022/10/20 23:55:00",VPGS6,0
D,DISPATCH,UNIT_SCADA,1,"2022/10/20 23:55:00",W/HOE#1,0
D,DISPATCH,UNIT_SCADA,1,"2022/10/20 23:55:00",W/HOE#2,0
D,DISPATCH,UNIT_SCADA,1,"2022/10/20 23:55:00",WAGGNSF1,0
D,DISPATCH,UNIT_SCADA,1,"2022/10/20 23:55:00",WALGRVG1,0.000930
D,DISPATCH,UNIT_SCADA,1,"2022/10/20 23:55:00",WALGRVL1,0
D,DISPATCH,UNIT_SCADA,1,"2022/10/20 23:55:00",WANDBG1,0
D,DISPATCH,UNIT_SCADA,1,"2022/10/20 23:55:00",WANDBL1,0
D,DISPATCH,UNIT_SCADA,1,"2022/10/20 23:55:00",WARWSF1,0
D,DISPATCH,UNIT_SCADA,1,"2022/10/20 23:55:00",WARWSF2,0
D,DISPATCH,UNIT_SCADA,1,"2022/10/20 23:55:00",WATERLWF,18.60
D,DISPATCH,UNIT_SCADA,1,"2022/10/20 23:55:00",WDGPH1,0
D,DISPATCH,UNIT_SCADA,1,"2022/10/20 23:55:00",WELLSF1,0
D,DISPATCH,UNIT_SCADA,1,"2022/10/20 23:55:00",WEMENSF1,0
D,DISPATCH,UNIT_SCADA,1,"2022/10/20 23:55:00",WGWF1,13.20
D,DISPATCH,UNIT_SCADA,1,"2022/10/20 23:55:00",WHITSF1,0
D,DISPATCH,UNIT_SCADA,1,"2022/10/20 23:55:00",WINTSF1,0
D,DISPATCH,UNIT_SCADA,1,"2022/10/20 23:55:00",WKIEWA1,34
D,DISPATCH,UNIT_SCADA,1,"2022/10/20 23:55:00",WKIEWA2,34
D,DISPATCH,UNIT_SCADA,1,"2022/10/20 23:55:00",WOODLWN1,23.445180
D,DISPATCH,UNIT_SCADA,1,"2022/10/20 23:55:00",WOOLGSF1,0
D,DISPATCH,UNIT_SCADA,1,"2022/10/20 23:55:00",WPWF,33.94
D,DISPATCH,UNIT_SCADA,1,"2022/10/20 23:55:00",WRSF1,0
D,DISPATCH,UNIT_SCADA,1,"2022/10/20 23:55:00",WRWF1,134.6694
D,DISPATCH,UNIT_SCADA,1,"2022/10/20 23:55:00",WSTWYSF1,0
D,DISPATCH,UNIT_SCADA,1,"2022/10/20 23:55:00",YABULU,0
D,DISPATCH,UNIT_SCADA,1,"2022/10/20 23:55:00",YABULU2,0
D,DISPATCH,UNIT_SCADA,1,"2022/10/20 23:55:00",YARANSF1,0
D,DISPATCH,UNIT_SCADA,1,"2022/10/20 23:55:00",YARWUN_1,163.64
D,DISPATCH,UNIT_SCADA,1,"2022/10/20 23:55:00",YATSF1,0
D,DISPATCH,UNIT_SCADA,1,"2022/10/20 23:55:00",YENDWF1,39.45
D,DISPATCH,UNIT_SCADA,1,"2022/10/20 23:55:00",YWPS1,280.197480
D,DISPATCH,UNIT_SCADA,1,"2022/10/20 23:55:00",YWPS2,360.399990
D,DISPATCH,UNIT_SCADA,1,"2022/10/20 23:55:00",YWPS3,359.953160
D,DISPATCH,UNIT_SCADA,1,"2022/10/20 23:55:00",YWPS4,0
C,"END OF REPORT",419
