C,NEMP.WORLD,DISPATCHSCADA,AEMO,PUBLIC,2022/10/20,13:25:09,0000000373257532,DISPATCHSCADA,0000000373257526
I,DISPATCH,UNIT_SCADA,1,SETTLEMENTDATE,DUID,SCADAVALUE
D,DISPATCH,UNIT_SCADA,1,"2022/10/20 13:30:00",BARCSF1,8
D,DISPATCH,UNIT_SCADA,1,"2022/10/20 13:30:00",BUTLERSG,8.699999
D,DISPATCH,UNIT_SCADA,1,"2022/10/20 13:30:00",CAPTL_WF,56.164917
D,DISPATCH,UNIT_SCADA,1,"2022/10/20 13:30:00",CHALLHWF,8
D,DISPATCH,UNIT_SCADA,1,"2022/10/20 13:30:00",CLOVER,10.67
D,DISPATCH,UNIT_SCADA,1,"2022/10/20 13:30:00",CLUNY,5.200732
D,DISPATCH,UNIT_SCADA,1,"2022/10/20 13:30:00",CULLRGWF,-0.07
D,DISPATCH,UNIT_SCADA,1,"2022/10/20 13:30:00",DIAPURWF1,2.60
D,DISPATCH,UNIT_SCADA,1,"2022/10/20 13:30:00",ERGT01,0
D,DISPATCH,UNIT_SCADA,1,"2022/10/20 13:30:00",GB01,0
D,DISPATCH,UNIT_SCADA,1,"2022/10/20 13:30:00",GERMCRK,10.30
D,DISPATCH,UNIT_SCADA,1,"2022/10/20 13:30:00",GRIFSF1,9.498741
D,DISPATCH,UNIT_SCADA,1,"2022/10/20 13:30:00",HEZ1,0
D,DISPATCH,UNIT_SCADA,1,"2022/10/20 13:30:00",HUGSF1,11.922001
D,DISPATCH,UNIT_SCADA,1,"2022/10/20 13:30:00",KEPBG1,0
D,DISPATCH,UNIT_SCADA,1,"2022/10/20 13:30:00",LRSF1,13.8950
D,DISPATCH,UNIT_SCADA,1,"2022/10/20 13:30:00",MBAHNTH,45.731247
D,DISPATCH,UNIT_SCADA,1,"2022/10/20 13:30:00",MLSP1,4.819001
D,DISPATCH,UNIT_SCADA,1,"2022/10/20 13:30:00",MLWF1,3.39
D,DISPATCH,UNIT_SCADA,1,"2022/10/20 13:30:00",PALOONA,30.199999
D,DISPATCH,UNIT_SCADA,1,"2022/10/20 13:30:00",PIONEER,42.200001
D,DISPATCH,UNIT_SCADA,1,"2022/10/20 13:30:00",PORTWF,86.699997
D,DISPATCH,UNIT_SCADA,1,"2022/10/20 13:30:00",REPULSE,9.397726
D,DISPATCH,UNIT_SCADA,1,"2022/10/20 13:30:00",ROWALLAN,8.8892
D,DISPATCH,UNIT_SCADA,1,"2022/10/20 13:30:00",ROYALLA1,7.454003
D,DISPATCH,UNIT_SCADA,1,"2022/10/20 13:30:00",RPCG,-1.80
D,DISPATCH,UNIT_SCADA,1,"2022/10/20 13:30:00",RUBICON,0
D,DISPATCH,UNIT_SCADA,1,"2022/10/20 13:30:00",WAUBRAWF,42.188999
D,DISPATCH,UNIT_SCADA,1,"2022/10/20 13:30:00",WOOLNTH1,81.189995
D,DISPATCH,UNIT_SCADA,1,"2022/10/20 13:30:00",YAMBUKWF,8.10
D,DISPATCH,UNIT_SCADA,1,"2022/10/20 13:30:00",YSWF1,3.60
D,DISPATCH,UNIT_SCADA,1,"2022/10/20 13:30:00",ADPBA1G,0.0080
D,DISPATCH,UNIT_SCADA,1,"2022/10/20 13:30:00",ADPBA1L,0
D,DISPATCH,UNIT_SCADA,1,"2022/10/20 13:30:00",ADPPV1,0.0850
D,DISPATCH,UNIT_SCADA,1,"2022/10/20 13:30:00",AGLHAL,0
D,DISPATCH,UNIT_SCADA,1,"2022/10/20 13:30:00",AGLSOM,0
D,DISPATCH,UNIT_SCADA,1,"2022/10/20 13:30:00",ANGAST1,0
D,DISPATCH,UNIT_SCADA,1,"2022/10/20 13:30:00",ARWF1,8.70
D,DISPATCH,UNIT_SCADA,1,"2022/10/20 13:30:00",BALBG1,0
D,DISPATCH,UNIT_SCADA,1,"2022/10/20 13:30:00",BALBL1,0
D,DISPATCH,UNIT_SCADA,1,"2022/10/20 13:30:00",BALDHWF1,57.7290
D,DISPATCH,UNIT_SCADA,1,"2022/10/20 13:30:00",BANGOWF1,21.096510
D,DISPATCH,UNIT_SCADA,1,"2022/10/20 13:30:00",BANGOWF2,10.099870
D,DISPATCH,UNIT_SCADA,1,"2022/10/20 13:30:00",BANN1,13.53
D,DISPATCH,UNIT_SCADA,1,"2022/10/20 13:30:00",BARCALDN,0
D,DISPATCH,UNIT_SCADA,1,"2022/10/20 13:30:00",BARKIPS1,0
D,DISPATCH,UNIT_SCADA,1,"2022/10/20 13:30:00",BARRON-1,0
D,DISPATCH,UNIT_SCADA,1,"2022/10/20 13:30:00",BARRON-2,0
D,DISPATCH,UNIT_SCADA,1,"2022/10/20 13:30:00",BASTYAN,53.73
D,DISPATCH,UNIT_SCADA,1,"2022/10/20 13:30:00",BBTHREE1,0
D,DISPATCH,UNIT_SCADA,1,"2022/10/20 13:30:00",BBTHREE2,21.08
D,DISPATCH,UNIT_SCADA,1,"2022/10/20 13:30:00",BBTHREE3,-1.08
D,DISPATCH,UNIT_SCADA,1,"2022/10/20 13:30:00",BDL01,0
D,DISPATCH,UNIT_SCADA,1,"2022/10/20 13:30:00",BDL02,0
D,DISPATCH,UNIT_SCADA,1,"2022/10/20 13:30:00",BERYLSF1,6.171710
D,DISPATCH,UNIT_SCADA,1,"2022/10/20 13:30:00",BLOWERNG,62.70
D,DISPATCH,UNIT_SCADA,1,"2022/10/20 13:30:00",BLUEGSF1,53.059590
D,DISPATCH,UNIT_SCADA,1,"2022/10/20 13:30:00",BLUFF1,2
D,DISPATCH,UNIT_SCADA,1,"2022/10/20 13:30:00",BNGSF1,40.92
D,DISPATCH,UNIT_SCADA,1,"2022/10/20 13:30:00",BNGSF2,47.47
D,DISPATCH,UNIT_SCADA,1,"2022/10/20 13:30:00",BOCORWF1,37.37
D,DISPATCH,UNIT_SCADA,1,"2022/10/20 13:30:00",BODWF1,51.851460
D,DISPATCH,UNIT_SCADA,1,"2022/10/20 13:30:00",BOMENSF1,24.761730
D,DISPATCH,UNIT_SCADA,1,"2022/10/20 13:30:00",BOWWBA1G,0
D,DISPATCH,UNIT_SCADA,1,"2022/10/20 13:30:00",BOWWBA1L,0.0010
D,DISPATCH,UNIT_SCADA,1,"2022/10/20 13:30:00",BOWWPV1,0
D,DISPATCH,UNIT_SCADA,1,"2022/10/20 13:30:00",BRAEMAR1,0
D,DISPATCH,UNIT_SCADA,1,"2022/10/20 13:30:00",BRAEMAR2,0
D,DISPATCH,UNIT_SCADA,1,"2022/10/20 13:30:00",BRAEMAR3,0
D,DISPATCH,UNIT_SCADA,1,"2022/10/20 13:30:00",BRAEMAR5,0.292060
D,DISPATCH,UNIT_SCADA,1,"2022/10/20 13:30:00",BRAEMAR6,0
D,DISPATCH,UNIT_SCADA,1,"2022/10/20 13:30:00",BRAEMAR7,0.130920
D,DISPATCH,UNIT_SCADA,1,"2022/10/20 13:30:00",BROKENH1,25.599610
D,DISPATCH,UNIT_SCADA,1,"2022/10/20 13:30:00",BRYB1WF1,108.793780
D,DISPATCH,UNIT_SCADA,1,"2022/10/20 13:30:00",BULBESG1,0
D,DISPATCH,UNIT_SCADA,1,"2022/10/20 13:30:00",BULBESL1,2.01
D,DISPATCH,UNIT_SCADA,1,"2022/10/20 13:30:00",BULGANA1,0.85
D,DISPATCH,UNIT_SCADA,1,"2022/10/20 13:30:00",BW01,657.663820
D,DISPATCH,UNIT_SCADA,1,"2022/10/20 13:30:00",BW02,618.625180
D,DISPATCH,UNIT_SCADA,1,"2022/10/20 13:30:00",BW03,524.629580
D,DISPATCH,UNIT_SCADA,1,"2022/10/20 13:30:00",BW04,0
D,DISPATCH,UNIT_SCADA,1,"2022/10/20 13:30:00",CALL_B_1,320.50
D,DISPATCH,UNIT_SCADA,1,"2022/10/20 13:30:00",CALL_B_2,320.50
D,DISPATCH,UNIT_SCADA,1,"2022/10/20 13:30:00",CATHROCK,6.90
D,DISPATCH,UNIT_SCADA,1,"2022/10/20 13:30:00",CBWWBA1G,0
D,DISPATCH,UNIT_SCADA,1,"2022/10/20 13:30:00",CBWWBA1L,0
D,DISPATCH,UNIT_SCADA,1,"2022/10/20 13:30:00",CETHANA,89.921750
D,DISPATCH,UNIT_SCADA,1,"2022/10/20 13:30:00",CG1,0
D,DISPATCH,UNIT_SCADA,1,"2022/10/20 13:30:00",CG2,0
D,DISPATCH,UNIT_SCADA,1,"2022/10/20 13:30:00",CG3,0
D,DISPATCH,UNIT_SCADA,1,"2022/10/20 13:30:00",CG4,0
D,DISPATCH,UNIT_SCADA,1,"2022/10/20 13:30:00",CHILDSF1,19.09
D,DISPATCH,UNIT_SCADA,1,"2022/10/20 13:30:00",CHYTWF1,6.16
D,DISPATCH,UNIT_SCADA,1,"2022/10/20 13:30:00",CLARESF1,17.349630
D,DISPATCH,UNIT_SCADA,1,"2022/10/20 13:30:00",CLEMGPWF,15.991770
D,DISPATCH,UNIT_SCADA,1,"2022/10/20 13:30:00",CLERMSF1,69.26
D,DISPATCH,UNIT_SCADA,1,"2022/10/20 13:30:00",CNUNDAWF,13.515770
D,DISPATCH,UNIT_SCADA,1,"2022/10/20 13:30:00",COHUNSF1,0.07
D,DISPATCH,UNIT_SCADA,1,"2022/10/20 13:30:00",COLEASF1,33.100250
D,DISPATCH,UNIT_SCADA,1,"2022/10/20 13:30:00",COLUMSF1,16.6760
D,DISPATCH,UNIT_SCADA,1,"2022/10/20 13:30:00",COLWF01,90.838480
D,DISPATCH,UNIT_SCADA,1,"2022/10/20 13:30:00",COOPGWF1,115.71
D,DISPATCH,UNIT_SCADA,1,"2022/10/20 13:30:00",CPP_3,359.700010
D,DISPATCH,UNIT_SCADA,1,"2022/10/20 13:30:00",CPP_4,0
D,DISPATCH,UNIT_SCADA,1,"2022/10/20 13:30:00",CPSA,0
D,DISPATCH,UNIT_SCADA,1,"2022/10/20 13:30:00",CROOKWF2,27.595030
D,DISPATCH,UNIT_SCADA,1,"2022/10/20 13:30:00",CROWLWF1,5.262590
D,DISPATCH,UNIT_SCADA,1,"2022/10/20 13:30:00",CRURWF1,53.099180
D,DISPATCH,UNIT_SCADA,1,"2022/10/20 13:30:00",CRWASF1,21.929990
D,DISPATCH,UNIT_SCADA,1,"2022/10/20 13:30:00",CSPVPS1,18.9470
D,DISPATCH,UNIT_SCADA,1,"2022/10/20 13:30:00",CTHLWF1,0.003050
D,DISPATCH,UNIT_SCADA,1,"2022/10/20 13:30:00",DALNTH01,0
D,DISPATCH,UNIT_SCADA,1,"2022/10/20 13:30:00",DALNTHL1,2.204930
D,DISPATCH,UNIT_SCADA,1,"2022/10/20 13:30:00",DARLSF1,63.624080
D,DISPATCH,UNIT_SCADA,1,"2022/10/20 13:30:00",DARTM1,0
D,DISPATCH,UNIT_SCADA,1,"2022/10/20 13:30:00",DAYDSF1,49.3310
D,DISPATCH,UNIT_SCADA,1,"2022/10/20 13:30:00",DDPS1,0
D,DISPATCH,UNIT_SCADA,1,"2022/10/20 13:30:00",DDSF1,25.799680
D,DISPATCH,UNIT_SCADA,1,"2022/10/20 13:30:00",DEVILS_G,58.456380
D,DISPATCH,UNIT_SCADA,1,"2022/10/20 13:30:00",DG_NSW1,0
D,DISPATCH,UNIT_SCADA,1,"2022/10/20 13:30:00",DG_QLD1,0
D,DISPATCH,UNIT_SCADA,1,"2022/10/20 13:30:00",DG_SA1,0
D,DISPATCH,UNIT_SCADA,1,"2022/10/20 13:30:00",DG_TAS1,0
D,DISPATCH,UNIT_SCADA,1,"2022/10/20 13:30:00",DG_VIC1,0
D,DISPATCH,UNIT_SCADA,1,"2022/10/20 13:30:00",DRYCGT1,0
D,DISPATCH,UNIT_SCADA,1,"2022/10/20 13:30:00",DRYCGT2,0
D,DISPATCH,UNIT_SCADA,1,"2022/10/20 13:30:00",DRYCGT3,0
D,DISPATCH,UNIT_SCADA,1,"2022/10/20 13:30:00",DUNDWF1,55.65
D,DISPATCH,UNIT_SCADA,1,"2022/10/20 13:30:00",DUNDWF2,21.06
D,DISPATCH,UNIT_SCADA,1,"2022/10/20 13:30:00",DUNDWF3,56.36
D,DISPATCH,UNIT_SCADA,1,"2022/10/20 13:30:00",EILDON1,60.12
D,DISPATCH,UNIT_SCADA,1,"2022/10/20 13:30:00",EILDON2,60.12
D,DISPATCH,UNIT_SCADA,1,"2022/10/20 13:30:00",ELAINWF1,24.81
D,DISPATCH,UNIT_SCADA,1,"2022/10/20 13:30:00",EMERASF1,0
D,DISPATCH,UNIT_SCADA,1,"2022/10/20 13:30:00",ER01,0
D,DISPATCH,UNIT_SCADA,1,"2022/10/20 13:30:00",ER02,311.174190
D,DISPATCH,UNIT_SCADA,1,"2022/10/20 13:30:00",ER03,450.336460
D,DISPATCH,UNIT_SCADA,1,"2022/10/20 13:30:00",ER04,451.142150
D,DISPATCH,UNIT_SCADA,1,"2022/10/20 13:30:00",FINLYSF1,101.127640
D,DISPATCH,UNIT_SCADA,1,"2022/10/20 13:30:00",FISHER,43.86
D,DISPATCH,UNIT_SCADA,1,"2022/10/20 13:30:00",GANGARR1,80.4940
D,DISPATCH,UNIT_SCADA,1,"2022/10/20 13:30:00",GANNBG1,0
D,DISPATCH,UNIT_SCADA,1,"2022/10/20 13:30:00",GANNBL1,2.736050
D,DISPATCH,UNIT_SCADA,1,"2022/10/20 13:30:00",GANNSF1,24.60
D,DISPATCH,UNIT_SCADA,1,"2022/10/20 13:30:00",GLRWNSF1,0
D,DISPATCH,UNIT_SCADA,1,"2022/10/20 13:30:00",GNNDHSF1,82.896550
D,DISPATCH,UNIT_SCADA,1,"2022/10/20 13:30:00",GOONSF1,11.124440
D,DISPATCH,UNIT_SCADA,1,"2022/10/20 13:30:00",GORDON,210.176670
D,DISPATCH,UNIT_SCADA,1,"2022/10/20 13:30:00",GRANWF1,0
D,DISPATCH,UNIT_SCADA,1,"2022/10/20 13:30:00",GSTONE1,203.70
D,DISPATCH,UNIT_SCADA,1,"2022/10/20 13:30:00",GSTONE2,0
D,DISPATCH,UNIT_SCADA,1,"2022/10/20 13:30:00",GSTONE3,200.20
D,DISPATCH,UNIT_SCADA,1,"2022/10/20 13:30:00",GSTONE4,0
D,DISPATCH,UNIT_SCADA,1,"2022/10/20 13:30:00",GSTONE5,188.1250
D,DISPATCH,UNIT_SCADA,1,"2022/10/20 13:30:00",GSTONE6,202.8250
D,DISPATCH,UNIT_SCADA,1,"2022/10/20 13:30:00",GULLRSF1,0.874990
D,DISPATCH,UNIT_SCADA,1,"2022/10/20 13:30:00",GULLRWF1,58.464110
D,DISPATCH,UNIT_SCADA,1,"2022/10/20 13:30:00",GULLRWF2,82.114530
D,DISPATCH,UNIT_SCADA,1,"2022/10/20 13:30:00",GUNNING1,0
D,DISPATCH,UNIT_SCADA,1,"2022/10/20 13:30:00",GUTHEGA,67.80
D,DISPATCH,UNIT_SCADA,1,"2022/10/20 13:30:00",HALLWF1,0
D,DISPATCH,UNIT_SCADA,1,"2022/10/20 13:30:00",HALLWF2,8.54
D,DISPATCH,UNIT_SCADA,1,"2022/10/20 13:30:00",HAMISF1,16.90
D,DISPATCH,UNIT_SCADA,1,"2022/10/20 13:30:00",HAUGHT11,27.244540
D,DISPATCH,UNIT_SCADA,1,"2022/10/20 13:30:00",HAYMSF1,15.6710
D,DISPATCH,UNIT_SCADA,1,"2022/10/20 13:30:00",HDWF1,8.40
D,DISPATCH,UNIT_SCADA,1,"2022/10/20 13:30:00",HDWF2,11.20
D,DISPATCH,UNIT_SCADA,1,"2022/10/20 13:30:00",HDWF3,11.90
D,DISPATCH,UNIT_SCADA,1,"2022/10/20 13:30:00",HILLSTN1,44.230660
D,DISPATCH,UNIT_SCADA,1,"2022/10/20 13:30:00",HPRG1,0
D,DISPATCH,UNIT_SCADA,1,"2022/10/20 13:30:00",HPRL1,4.80
D,DISPATCH,UNIT_SCADA,1,"2022/10/20 13:30:00",HUMENSW,54.198360
D,DISPATCH,UNIT_SCADA,1,"2022/10/20 13:30:00",HUMEV,0
D,DISPATCH,UNIT_SCADA,1,"2022/10/20 13:30:00",HVWWBA1G,0
D,DISPATCH,UNIT_SCADA,1,"2022/10/20 13:30:00",HVWWBA1L,0.0070
D,DISPATCH,UNIT_SCADA,1,"2022/10/20 13:30:00",HVWWPV1,4.0020
D,DISPATCH,UNIT_SCADA,1,"2022/10/20 13:30:00",JBUTTERS,0
D,DISPATCH,UNIT_SCADA,1,"2022/10/20 13:30:00",JEMALNG1,4.36
D,DISPATCH,UNIT_SCADA,1,"2022/10/20 13:30:00",JLA01,0
D,DISPATCH,UNIT_SCADA,1,"2022/10/20 13:30:00",JLA02,0
D,DISPATCH,UNIT_SCADA,1,"2022/10/20 13:30:00",JLA03,0
D,DISPATCH,UNIT_SCADA,1,"2022/10/20 13:30:00",JLA04,0
D,DISPATCH,UNIT_SCADA,1,"2022/10/20 13:30:00",JLB01,0
D,DISPATCH,UNIT_SCADA,1,"2022/10/20 13:30:00",JLB02,0.10
D,DISPATCH,UNIT_SCADA,1,"2022/10/20 13:30:00",JLB03,0
D,DISPATCH,UNIT_SCADA,1,"2022/10/20 13:30:00",JUNEESF1,12.7145
D,DISPATCH,UNIT_SCADA,1,"2022/10/20 13:30:00",KABANWF1,0
D,DISPATCH,UNIT_SCADA,1,"2022/10/20 13:30:00",KAREEYA1,0
D,DISPATCH,UNIT_SCADA,1,"2022/10/20 13:30:00",KAREEYA2,0
D,DISPATCH,UNIT_SCADA,1,"2022/10/20 13:30:00",KAREEYA3,5.0350
D,DISPATCH,UNIT_SCADA,1,"2022/10/20 13:30:00",KAREEYA4,0
D,DISPATCH,UNIT_SCADA,1,"2022/10/20 13:30:00",KARSF1,29.70
D,DISPATCH,UNIT_SCADA,1,"2022/10/20 13:30:00",KEPSF1,11.33
D,DISPATCH,UNIT_SCADA,1,"2022/10/20 13:30:00",KEPWF1,8.77
D,DISPATCH,UNIT_SCADA,1,"2022/10/20 13:30:00",KIAMSF1,29.018840
D,DISPATCH,UNIT_SCADA,1,"2022/10/20 13:30:00",KIATAWF1,15.40
D,DISPATCH,UNIT_SCADA,1,"2022/10/20 13:30:00",KPP_1,0
D,DISPATCH,UNIT_SCADA,1,"2022/10/20 13:30:00",KSP1,41.49
D,DISPATCH,UNIT_SCADA,1,"2022/10/20 13:30:00",LADBROK1,0.01
D,DISPATCH,UNIT_SCADA,1,"2022/10/20 13:30:00",LADBROK2,0.02
D,DISPATCH,UNIT_SCADA,1,"2022/10/20 13:30:00",LBBG1,0
D,DISPATCH,UNIT_SCADA,1,"2022/10/20 13:30:00",LBBL1,0
D,DISPATCH,UNIT_SCADA,1,"2022/10/20 13:30:00",LD01,279.665530
D,DISPATCH,UNIT_SCADA,1,"2022/10/20 13:30:00",LD02,0
D,DISPATCH,UNIT_SCADA,1,"2022/10/20 13:30:00",LD04,273.659480
D,DISPATCH,UNIT_SCADA,1,"2022/10/20 13:30:00",LEM_WIL,79.166150
D,DISPATCH,UNIT_SCADA,1,"2022/10/20 13:30:00",LGAPWF1,41.36
D,DISPATCH,UNIT_SCADA,1,"2022/10/20 13:30:00",LGAPWF2,34.96
D,DISPATCH,UNIT_SCADA,1,"2022/10/20 13:30:00",LILYSF1,60.555260
D,DISPATCH,UNIT_SCADA,1,"2022/10/20 13:30:00",LIMOSF11,76.634930
D,DISPATCH,UNIT_SCADA,1,"2022/10/20 13:30:00",LIMOSF21,10.196350
D,DISPATCH,UNIT_SCADA,1,"2022/10/20 13:30:00",LI_WY_CA,55.510310
D,DISPATCH,UNIT_SCADA,1,"2022/10/20 13:30:00",LKBONNY1,0
D,DISPATCH,UNIT_SCADA,1,"2022/10/20 13:30:00",LKBONNY2,22.650870
D,DISPATCH,UNIT_SCADA,1,"2022/10/20 13:30:00",LKBONNY3,4.744880
D,DISPATCH,UNIT_SCADA,1,"2022/10/20 13:30:00",LK_ECHO,0
D,DISPATCH,UNIT_SCADA,1,"2022/10/20 13:30:00",LNGS1,0
D,DISPATCH,UNIT_SCADA,1,"2022/10/20 13:30:00",LNGS2,0
D,DISPATCH,UNIT_SCADA,1,"2022/10/20 13:30:00",LONSDALE,0
D,DISPATCH,UNIT_SCADA,1,"2022/10/20 13:30:00",LOYYB1,446.612670
D,DISPATCH,UNIT_SCADA,1,"2022/10/20 13:30:00",LOYYB2,464.658230
D,DISPATCH,UNIT_SCADA,1,"2022/10/20 13:30:00",LYA1,355
D,DISPATCH,UNIT_SCADA,1,"2022/10/20 13:30:00",LYA2,0
D,DISPATCH,UNIT_SCADA,1,"2022/10/20 13:30:00",LYA3,355
D,DISPATCH,UNIT_SCADA,1,"2022/10/20 13:30:00",LYA4,355
D,DISPATCH,UNIT_SCADA,1,"2022/10/20 13:30:00",MACARTH1,59.798620
D,DISPATCH,UNIT_SCADA,1,"2022/10/20 13:30:00",MACKNTSH,0
D,DISPATCH,UNIT_SCADA,1,"2022/10/20 13:30:00",MANSLR1,20.3810
D,DISPATCH,UNIT_SCADA,1,"2022/10/20 13:30:00",MAPS2PV1,0
D,DISPATCH,UNIT_SCADA,1,"2022/10/20 13:30:00",MAPS3PV1,0
D,DISPATCH,UNIT_SCADA,1,"2022/10/20 13:30:00",MARYRSF1,9.89
D,DISPATCH,UNIT_SCADA,1,"2022/10/20 13:30:00",MBPS2PV1,0
D,DISPATCH,UNIT_SCADA,1,"2022/10/20 13:30:00",MCKAY1,0.02
D,DISPATCH,UNIT_SCADA,1,"2022/10/20 13:30:00",MEADOWBK,5.773160
D,DISPATCH,UNIT_SCADA,1,"2022/10/20 13:30:00",MERCER01,28.90
D,DISPATCH,UNIT_SCADA,1,"2022/10/20 13:30:00",METZSF1,3.829820
D,DISPATCH,UNIT_SCADA,1,"2022/10/20 13:30:00",MEWF1,6
D,DISPATCH,UNIT_SCADA,1,"2022/10/20 13:30:00",MIDDLSF1,12.46
D,DISPATCH,UNIT_SCADA,1,"2022/10/20 13:30:00",MINTARO,0.128180
D,DISPATCH,UNIT_SCADA,1,"2022/10/20 13:30:00",MOLNGSF1,25.980620
D,DISPATCH,UNIT_SCADA,1,"2022/10/20 13:30:00",MOORAWF1,75.80
D,DISPATCH,UNIT_SCADA,1,"2022/10/20 13:30:00",MOREESF1,53.58
D,DISPATCH,UNIT_SCADA,1,"2022/10/20 13:30:00",MORTLK11,0
D,DISPATCH,UNIT_SCADA,1,"2022/10/20 13:30:00",MORTLK12,0
D,DISPATCH,UNIT_SCADA,1,"2022/10/20 13:30:00",MOUSF1,0
D,DISPATCH,UNIT_SCADA,1,"2022/10/20 13:30:00",MP1,0
D,DISPATCH,UNIT_SCADA,1,"2022/10/20 13:30:00",MP2,363.372250
D,DISPATCH,UNIT_SCADA,1,"2022/10/20 13:30:00",MPP_1,158.620420
D,DISPATCH,UNIT_SCADA,1,"2022/10/20 13:30:00",MPP_2,183.935610
D,DISPATCH,UNIT_SCADA,1,"2022/10/20 13:30:00",MRTLSWF1,0
D,DISPATCH,UNIT_SCADA,1,"2022/10/20 13:30:00",MSTUART1,0
D,DISPATCH,UNIT_SCADA,1,"2022/10/20 13:30:00",MSTUART2,0
D,DISPATCH,UNIT_SCADA,1,"2022/10/20 13:30:00",MSTUART3,0
D,DISPATCH,UNIT_SCADA,1,"2022/10/20 13:30:00",MTGELWF1,42.266610
D,DISPATCH,UNIT_SCADA,1,"2022/10/20 13:30:00",MTMILLAR,0.40
D,DISPATCH,UNIT_SCADA,1,"2022/10/20 13:30:00",MURRAY,0
D,DISPATCH,UNIT_SCADA,1,"2022/10/20 13:30:00",MUSSELR1,20.70
D,DISPATCH,UNIT_SCADA,1,"2022/10/20 13:30:00",MUWAWF1,32.87
D,DISPATCH,UNIT_SCADA,1,"2022/10/20 13:30:00",MUWAWF2,20.80
D,DISPATCH,UNIT_SCADA,1,"2022/10/20 13:30:00",MWPS1PV1,3.84
D,DISPATCH,UNIT_SCADA,1,"2022/10/20 13:30:00",MWPS2PV1,1.84
D,DISPATCH,UNIT_SCADA,1,"2022/10/20 13:30:00",MWPS3PV1,0.81
D,DISPATCH,UNIT_SCADA,1,"2022/10/20 13:30:00",MWPS4PV1,2.20
D,DISPATCH,UNIT_SCADA,1,"2022/10/20 13:30:00",NBHWF1,0.90
D,DISPATCH,UNIT_SCADA,1,"2022/10/20 13:30:00",NEVERSF1,97.18
D,DISPATCH,UNIT_SCADA,1,"2022/10/20 13:30:00",NPS,0
D,DISPATCH,UNIT_SCADA,1,"2022/10/20 13:30:00",NUMURSF1,81.49
D,DISPATCH,UNIT_SCADA,1,"2022/10/20 13:30:00",NYNGAN1,20
D,DISPATCH,UNIT_SCADA,1,"2022/10/20 13:30:00",OAKEY1,0
D,DISPATCH,UNIT_SCADA,1,"2022/10/20 13:30:00",OAKEY1SF,7.5090
D,DISPATCH,UNIT_SCADA,1,"2022/10/20 13:30:00",OAKEY2,0
D,DISPATCH,UNIT_SCADA,1,"2022/10/20 13:30:00",OAKEY2SF,12.99
D,DISPATCH,UNIT_SCADA,1,"2022/10/20 13:30:00",OAKLAND1,6.30
D,DISPATCH,UNIT_SCADA,1,"2022/10/20 13:30:00",OSB-AG,0
D,DISPATCH,UNIT_SCADA,1,"2022/10/20 13:30:00",PAREPS1,0.0660
D,DISPATCH,UNIT_SCADA,1,"2022/10/20 13:30:00",PAREPW1,60.96
D,DISPATCH,UNIT_SCADA,1,"2022/10/20 13:30:00",PARSF1,8.900590
D,DISPATCH,UNIT_SCADA,1,"2022/10/20 13:30:00",POAT110,0
D,DISPATCH,UNIT_SCADA,1,"2022/10/20 13:30:00",POAT220,0
D,DISPATCH,UNIT_SCADA,1,"2022/10/20 13:30:00",POR01,0
D,DISPATCH,UNIT_SCADA,1,"2022/10/20 13:30:00",POR03,0
D,DISPATCH,UNIT_SCADA,1,"2022/10/20 13:30:00",PPCCGT,0
D,DISPATCH,UNIT_SCADA,1,"2022/10/20 13:30:00",PTSTAN1,0
D,DISPATCH,UNIT_SCADA,1,"2022/10/20 13:30:00",PUMP1,0
D,DISPATCH,UNIT_SCADA,1,"2022/10/20 13:30:00",PUMP2,0
D,DISPATCH,UNIT_SCADA,1,"2022/10/20 13:30:00",QBYNBG1,0
D,DISPATCH,UNIT_SCADA,1,"2022/10/20 13:30:00",QBYNBL1,1.479480
D,DISPATCH,UNIT_SCADA,1,"2022/10/20 13:30:00",QPS1,0
D,DISPATCH,UNIT_SCADA,1,"2022/10/20 13:30:00",QPS2,0
D,DISPATCH,UNIT_SCADA,1,"2022/10/20 13:30:00",QPS3,0
D,DISPATCH,UNIT_SCADA,1,"2022/10/20 13:30:00",QPS4,0
D,DISPATCH,UNIT_SCADA,1,"2022/10/20 13:30:00",QPS5,73.68
D,DISPATCH,UNIT_SCADA,1,"2022/10/20 13:30:00",REECE1,0
D,DISPATCH,UNIT_SCADA,1,"2022/10/20 13:30:00",REECE2,0
D,DISPATCH,UNIT_SCADA,1,"2022/10/20 13:30:00",ROMA_7,0
D,DISPATCH,UNIT_SCADA,1,"2022/10/20 13:30:00",ROMA_8,0
D,DISPATCH,UNIT_SCADA,1,"2022/10/20 13:30:00",RRSF1,48.838470
D,DISPATCH,UNIT_SCADA,1,"2022/10/20 13:30:00",RT_NSW1,0
D,DISPATCH,UNIT_SCADA,1,"2022/10/20 13:30:00",RT_NSW2,0
D,DISPATCH,UNIT_SCADA,1,"2022/10/20 13:30:00",RT_NSW3,0
D,DISPATCH,UNIT_SCADA,1,"2022/10/20 13:30:00",RT_NSW4,0
D,DISPATCH,UNIT_SCADA,1,"2022/10/20 13:30:00",RT_NSW5,0
D,DISPATCH,UNIT_SCADA,1,"2022/10/20 13:30:00",RT_NSW6,0
D,DISPATCH,UNIT_SCADA,1,"2022/10/20 13:30:00",RT_QLD1,0
D,DISPATCH,UNIT_SCADA,1,"2022/10/20 13:30:00",RT_SA1,0
D,DISPATCH,UNIT_SCADA,1,"2022/10/20 13:30:00",RT_SA2,0
D,DISPATCH,UNIT_SCADA,1,"2022/10/20 13:30:00",RT_SA3,0
D,DISPATCH,UNIT_SCADA,1,"2022/10/20 13:30:00",RT_SA4,0
D,DISPATCH,UNIT_SCADA,1,"2022/10/20 13:30:00",RT_SA5,0
D,DISPATCH,UNIT_SCADA,1,"2022/10/20 13:30:00",RT_SA6,0
D,DISPATCH,UNIT_SCADA,1,"2022/10/20 13:30:00",RT_TAS1,0
D,DISPATCH,UNIT_SCADA,1,"2022/10/20 13:30:00",RT_VIC1,0
D,DISPATCH,UNIT_SCADA,1,"2022/10/20 13:30:00",RT_VIC10,0
D,DISPATCH,UNIT_SCADA,1,"2022/10/20 13:30:00",RT_VIC11,0
D,DISPATCH,UNIT_SCADA,1,"2022/10/20 13:30:00",RT_VIC12,0
D,DISPATCH,UNIT_SCADA,1,"2022/10/20 13:30:00",RT_VIC2,0
D,DISPATCH,UNIT_SCADA,1,"2022/10/20 13:30:00",RT_VIC3,0
D,DISPATCH,UNIT_SCADA,1,"2022/10/20 13:30:00",RT_VIC4,0
D,DISPATCH,UNIT_SCADA,1,"2022/10/20 13:30:00",RT_VIC5,0
D,DISPATCH,UNIT_SCADA,1,"2022/10/20 13:30:00",RT_VIC6,0
D,DISPATCH,UNIT_SCADA,1,"2022/10/20 13:30:00",RT_VIC7,0
D,DISPATCH,UNIT_SCADA,1,"2022/10/20 13:30:00",RT_VIC8,0
D,DISPATCH,UNIT_SCADA,1,"2022/10/20 13:30:00",RT_VIC9,0
D,DISPATCH,UNIT_SCADA,1,"2022/10/20 13:30:00",RUGBYR1,36.472830
D,DISPATCH,UNIT_SCADA,1,"2022/10/20 13:30:00",SALTCRK1,17.09
D,DISPATCH,UNIT_SCADA,1,"2022/10/20 13:30:00",SAPHWF1,0
D,DISPATCH,UNIT_SCADA,1,"2022/10/20 13:30:00",SEBSF1,53.221340
D,DISPATCH,UNIT_SCADA,1,"2022/10/20 13:30:00",SHGEN,0
D,DISPATCH,UNIT_SCADA,1,"2022/10/20 13:30:00",SHPUMP,0
D,DISPATCH,UNIT_SCADA,1,"2022/10/20 13:30:00",SITHE01,0.083520
D,DISPATCH,UNIT_SCADA,1,"2022/10/20 13:30:00",SMCSF1,106.8240
D,DISPATCH,UNIT_SCADA,1,"2022/10/20 13:30:00",SNAPPER1,0
D,DISPATCH,UNIT_SCADA,1,"2022/10/20 13:30:00",SNOWNTH1,48.90
D,DISPATCH,UNIT_SCADA,1,"2022/10/20 13:30:00",SNOWSTH1,39.80
D,DISPATCH,UNIT_SCADA,1,"2022/10/20 13:30:00",SNOWTWN1,37.645610
D,DISPATCH,UNIT_SCADA,1,"2022/10/20 13:30:00",SNOWYP,0
D,DISPATCH,UNIT_SCADA,1,"2022/10/20 13:30:00",SNUG1,0
D,DISPATCH,UNIT_SCADA,1,"2022/10/20 13:30:00",SRSF1,26.03
D,DISPATCH,UNIT_SCADA,1,"2022/10/20 13:30:00",STAN-1,279.261410
D,DISPATCH,UNIT_SCADA,1,"2022/10/20 13:30:00",STAN-2,360.808260
D,DISPATCH,UNIT_SCADA,1,"2022/10/20 13:30:00",STAN-3,159.350890
D,DISPATCH,UNIT_SCADA,1,"2022/10/20 13:30:00",STAN-4,348.054530
D,DISPATCH,UNIT_SCADA,1,"2022/10/20 13:30:00",STARHLWF,18.694550
D,DISPATCH,UNIT_SCADA,1,"2022/10/20 13:30:00",STOCKYD1,89.42
D,DISPATCH,UNIT_SCADA,1,"2022/10/20 13:30:00",STWF1,0
D,DISPATCH,UNIT_SCADA,1,"2022/10/20 13:30:00",SUNRSF1,77.633320
D,DISPATCH,UNIT_SCADA,1,"2022/10/20 13:30:00",SUNTPSF1,1.935450
D,DISPATCH,UNIT_SCADA,1,"2022/10/20 13:30:00",SWAN_E,191.418140
D,DISPATCH,UNIT_SCADA,1,"2022/10/20 13:30:00",TALWA1,0
D,DISPATCH,UNIT_SCADA,1,"2022/10/20 13:30:00",TARALGA1,0
D,DISPATCH,UNIT_SCADA,1,"2022/10/20 13:30:00",TARONG#1,347.700010
D,DISPATCH,UNIT_SCADA,1,"2022/10/20 13:30:00",TARONG#2,347.200010
D,DISPATCH,UNIT_SCADA,1,"2022/10/20 13:30:00",TARONG#3,0.90
D,DISPATCH,UNIT_SCADA,1,"2022/10/20 13:30:00",TARONG#4,287.300020
D,DISPATCH,UNIT_SCADA,1,"2022/10/20 13:30:00",TARRALEA,54
D,DISPATCH,UNIT_SCADA,1,"2022/10/20 13:30:00",TBSF1,0.10
D,DISPATCH,UNIT_SCADA,1,"2022/10/20 13:30:00",TNPS1,321.6250
D,DISPATCH,UNIT_SCADA,1,"2022/10/20 13:30:00",TORRB1,0
D,DISPATCH,UNIT_SCADA,1,"2022/10/20 13:30:00",TORRB2,42
D,DISPATCH,UNIT_SCADA,1,"2022/10/20 13:30:00",TORRB3,0
D,DISPATCH,UNIT_SCADA,1,"2022/10/20 13:30:00",TORRB4,0
D,DISPATCH,UNIT_SCADA,1,"2022/10/20 13:30:00",TREVALLN,100.1649
D,DISPATCH,UNIT_SCADA,1,"2022/10/20 13:30:00",TRIBUTE,0
D,DISPATCH,UNIT_SCADA,1,"2022/10/20 13:30:00",TUMUT3,133.48
D,DISPATCH,UNIT_SCADA,1,"2022/10/20 13:30:00",TUNGATIN,4.000020
D,DISPATCH,UNIT_SCADA,1,"2022/10/20 13:30:00",TVCC201,0
D,DISPATCH,UNIT_SCADA,1,"2022/10/20 13:30:00",TVPP104,0
D,DISPATCH,UNIT_SCADA,1,"2022/10/20 13:30:00",UPPTUMUT,0
D,DISPATCH,UNIT_SCADA,1,"2022/10/20 13:30:00",URANQ11,0
D,DISPATCH,UNIT_SCADA,1,"2022/10/20 13:30:00",URANQ12,0
D,DISPATCH,UNIT_SCADA,1,"2022/10/20 13:30:00",URANQ13,0
D,DISPATCH,UNIT_SCADA,1,"2022/10/20 13:30:00",URANQ14,0
D,DISPATCH,UNIT_SCADA,1,"2022/10/20 13:30:00",VBBG1,0
D,DISPATCH,UNIT_SCADA,1,"2022/10/20 13:30:00",VBBL1,69.50
D,DISPATCH,UNIT_SCADA,1,"2022/10/20 13:30:00",VP5,538.956850
D,DISPATCH,UNIT_SCADA,1,"2022/10/20 13:30:00",VP6,544.523440
D,DISPATCH,UNIT_SCADA,1,"2022/10/20 13:30:00",VPGS1,0
D,DISPATCH,UNIT_SCADA,1,"2022/10/20 13:30:00",VPGS2,0
D,DISPATCH,UNIT_SCADA,1,"2022/10/20 13:30:00",VPGS3,0
D,DISPATCH,UNIT_SCADA,1,"2022/10/20 13:30:00",VPGS4,0
D,DISPATCH,UNIT_SCADA,1,"2022/10/20 13:30:00",VPGS5,0
D,DISPATCH,UNIT_SCADA,1,"2022/10/20 13:30:00",VPGS6,0
D,DISPATCH,UNIT_SCADA,1,"2022/10/20 13:30:00",W/HOE#1,0
D,DISPATCH,UNIT_SCADA,1,"2022/10/20 13:30:00",W/HOE#2,0
D,DISPATCH,UNIT_SCADA,1,"2022/10/20 13:30:00",WAGGNSF1,0
D,DISPATCH,UNIT_SCADA,1,"2022/10/20 13:30:00",WALGRVG1,0.000930
D,DISPATCH,UNIT_SCADA,1,"2022/10/20 13:30:00",WALGRVL1,0
D,DISPATCH,UNIT_SCADA,1,"2022/10/20 13:30:00",WANDBG1,0
D,DISPATCH,UNIT_SCADA,1,"2022/10/20 13:30:00",WANDBL1,50.031520
D,DISPATCH,UNIT_SCADA,1,"2022/10/20 13:30:00",WARWSF1,15.99
D,DISPATCH,UNIT_SCADA,1,"2022/10/20 13:30:00",WARWSF2,15.98
D,DISPATCH,UNIT_SCADA,1,"2022/10/20 13:30:00",WATERLWF,13.30
D,DISPATCH,UNIT_SCADA,1,"2022/10/20 13:30:00",WDGPH1,24.1850
D,DISPATCH,UNIT_SCADA,1,"2022/10/20 13:30:00",WELLSF1,11.538870
D,DISPATCH,UNIT_SCADA,1,"2022/10/20 13:30:00",WEMENSF1,44.40
D,DISPATCH,UNIT_SCADA,1,"2022/10/20 13:30:00",WGWF1,12.90
D,DISPATCH,UNIT_SCADA,1,"2022/10/20 13:30:00",WHITSF1,18
D,DISPATCH,UNIT_SCADA,1,"2022/10/20 13:30:00",WINTSF1,63.43
D,DISPATCH,UNIT_SCADA,1,"2022/10/20 13:30:00",WKIEWA1,32.10
D,DISPATCH,UNIT_SCADA,1,"2022/10/20 13:30:00",WKIEWA2,14.10
D,DISPATCH,UNIT_SCADA,1,"2022/10/20 13:30:00",WOODLWN1,14.225320
D,DISPATCH,UNIT_SCADA,1,"2022/10/20 13:30:00",WOOLGSF1,22.746110
D,DISPATCH,UNIT_SCADA,1,"2022/10/20 13:30:00",WPWF,27.27
D,DISPATCH,UNIT_SCADA,1,"2022/10/20 13:30:00",WRSF1,6.049990
D,DISPATCH,UNIT_SCADA,1,"2022/10/20 13:30:00",WRWF1,0
D,DISPATCH,UNIT_SCADA,1,"2022/10/20 13:30:00",WSTWYSF1,0.980380
D,DISPATCH,UNIT_SCADA,1,"2022/10/20 13:30:00",YABULU,0
D,DISPATCH,UNIT_SCADA,1,"2022/10/20 13:30:00",YABULU2,0
D,DISPATCH,UNIT_SCADA,1,"2022/10/20 13:30:00",YARANSF1,50.65
D,DISPATCH,UNIT_SCADA,1,"2022/10/20 13:30:00",YARWUN_1,160.66
D,DISPATCH,UNIT_SCADA,1,"2022/10/20 13:30:00",YATSF1,57.52
D,DISPATCH,UNIT_SCADA,1,"2022/10/20 13:30:00",YENDWF1,36.92
D,DISPATCH,UNIT_SCADA,1,"2022/10/20 13:30:00",YWPS1,256.637970
D,DISPATCH,UNIT_SCADA,1,"2022/10/20 13:30:00",YWPS2,255.886080
D,DISPATCH,UNIT_SCADA,1,"2022/10/20 13:30:00",YWPS3,278.374690
D,DISPATCH,UNIT_SCADA,1,"2022/10/20 13:30:00",YWPS4,0
C,"END OF REPORT",419
