C,NEMP.WORLD,DISPATCHSCADA,AEMO,PUBLIC,2022/10/20,23:30:09,0000000373287762,DISPATCHSCADA,0000000373287756
I,DISPATCH,UNIT_SCADA,1,SETTLEMENTDATE,DUID,SCADAVALUE
D,DISPATCH,UNIT_SCADA,1,"2022/10/20 23:35:00",BARCSF1,0
D,DISPATCH,UNIT_SCADA,1,"2022/10/20 23:35:00",BUTLERSG,8.699999
D,DISPATCH,UNIT_SCADA,1,"2022/10/20 23:35:00",CAPTL_WF,80.212158
D,DISPATCH,UNIT_SCADA,1,"2022/10/20 23:35:00",CHALLHWF,9.20
D,DISPATCH,UNIT_SCADA,1,"2022/10/20 23:35:00",CLOVER,13.36
D,DISPATCH,UNIT_SCADA,1,"2022/10/20 23:35:00",CLUNY,5.609980
D,DISPATCH,UNIT_SCADA,1,"2022/10/20 23:35:00",CULLRGWF,-0.04
D,DISPATCH,UNIT_SCADA,1,"2022/10/20 23:35:00",DIAPURWF1,3.50
D,DISPATCH,UNIT_SCADA,1,"2022/10/20 23:35:00",ERGT01,0
D,DISPATCH,UNIT_SCADA,1,"2022/10/20 23:35:00",GB01,0
D,DISPATCH,UNIT_SCADA,1,"2022/10/20 23:35:00",GERMCRK,19.50
D,DISPATCH,UNIT_SCADA,1,"2022/10/20 23:35:00",GRIFSF1,0.001526
D,DISPATCH,UNIT_SCADA,1,"2022/10/20 23:35:00",HEZ1,0
D,DISPATCH,UNIT_SCADA,1,"2022/10/20 23:35:00",HUGSF1,-0.12
D,DISPATCH,UNIT_SCADA,1,"2022/10/20 23:35:00",KEPBG1,0
D,DISPATCH,UNIT_SCADA,1,"2022/10/20 23:35:00",LRSF1,-0.0310
D,DISPATCH,UNIT_SCADA,1,"2022/10/20 23:35:00",MBAHNTH,47.006256
D,DISPATCH,UNIT_SCADA,1,"2022/10/20 23:35:00",MLSP1,0
D,DISPATCH,UNIT_SCADA,1,"2022/10/20 23:35:00",MLWF1,6.0150
D,DISPATCH,UNIT_SCADA,1,"2022/10/20 23:35:00",PALOONA,30.529999
D,DISPATCH,UNIT_SCADA,1,"2022/10/20 23:35:00",PIONEER,26.300001
D,DISPATCH,UNIT_SCADA,1,"2022/10/20 23:35:00",PORTWF,41.400002
D,DISPATCH,UNIT_SCADA,1,"2022/10/20 23:35:00",REPULSE,9.556420
D,DISPATCH,UNIT_SCADA,1,"2022/10/20 23:35:00",ROWALLAN,8.8111
D,DISPATCH,UNIT_SCADA,1,"2022/10/20 23:35:00",ROYALLA1,0
D,DISPATCH,UNIT_SCADA,1,"2022/10/20 23:35:00",RPCG,-0.50
D,DISPATCH,UNIT_SCADA,1,"2022/10/20 23:35:00",RUBICON,0
D,DISPATCH,UNIT_SCADA,1,"2022/10/20 23:35:00",WAUBRAWF,32.6450
D,DISPATCH,UNIT_SCADA,1,"2022/10/20 23:35:00",WOOLNTH1,79.529999
D,DISPATCH,UNIT_SCADA,1,"2022/10/20 23:35:00",YAMBUKWF,4.40
D,DISPATCH,UNIT_SCADA,1,"2022/10/20 23:35:00",YSWF1,0
D,DISPATCH,UNIT_SCADA,1,"2022/10/20 23:35:00",ADPBA1G,0.0080
D,DISPATCH,UNIT_SCADA,1,"2022/10/20 23:35:00",ADPBA1L,0
D,DISPATCH,UNIT_SCADA,1,"2022/10/20 23:35:00",ADPPV1,0
D,DISPATCH,UNIT_SCADA,1,"2022/10/20 23:35:00",AGLHAL,0
D,DISPATCH,UNIT_SCADA,1,"2022/10/20 23:35:00",AGLSOM,0
D,DISPATCH,UNIT_SCADA,1,"2022/10/20 23:35:00",ANGAST1,0
D,DISPATCH,UNIT_SCADA,1,"2022/10/20 23:35:00",ARWF1,18.20
D,DISPATCH,UNIT_SCADA,1,"2022/10/20 23:35:00",BALBG1,0
D,DISPATCH,UNIT_SCADA,1,"2022/10/20 23:35:00",BALBL1,0
D,DISPATCH,UNIT_SCADA,1,"2022/10/20 23:35:00",BALDHWF1,105.1550
D,DISPATCH,UNIT_SCADA,1,"2022/10/20 23:35:00",BANGOWF1,69.998630
D,DISPATCH,UNIT_SCADA,1,"2022/10/20 23:35:00",BANGOWF2,65.298320
D,DISPATCH,UNIT_SCADA,1,"2022/10/20 23:35:00",BANN1,0
D,DISPATCH,UNIT_SCADA,1,"2022/10/20 23:35:00",BARCALDN,0
D,DISPATCH,UNIT_SCADA,1,"2022/10/20 23:35:00",BARKIPS1,0
D,DISPATCH,UNIT_SCADA,1,"2022/10/20 23:35:00",BARRON-1,0
D,DISPATCH,UNIT_SCADA,1,"2022/10/20 23:35:00",BARRON-2,0
D,DISPATCH,UNIT_SCADA,1,"2022/10/20 23:35:00",BASTYAN,0
D,DISPATCH,UNIT_SCADA,1,"2022/10/20 23:35:00",BBTHREE1,0
D,DISPATCH,UNIT_SCADA,1,"2022/10/20 23:35:00",BBTHREE2,0
D,DISPATCH,UNIT_SCADA,1,"2022/10/20 23:35:00",BBTHREE3,-1.08
D,DISPATCH,UNIT_SCADA,1,"2022/10/20 23:35:00",BDL01,0
D,DISPATCH,UNIT_SCADA,1,"2022/10/20 23:35:00",BDL02,0
D,DISPATCH,UNIT_SCADA,1,"2022/10/20 23:35:00",BERYLSF1,0
D,DISPATCH,UNIT_SCADA,1,"2022/10/20 23:35:00",BLOWERNG,62.60
D,DISPATCH,UNIT_SCADA,1,"2022/10/20 23:35:00",BLUEGSF1,0
D,DISPATCH,UNIT_SCADA,1,"2022/10/20 23:35:00",BLUFF1,0.60
D,DISPATCH,UNIT_SCADA,1,"2022/10/20 23:35:00",BNGSF1,0
D,DISPATCH,UNIT_SCADA,1,"2022/10/20 23:35:00",BNGSF2,0
D,DISPATCH,UNIT_SCADA,1,"2022/10/20 23:35:00",BOCORWF1,2.46
D,DISPATCH,UNIT_SCADA,1,"2022/10/20 23:35:00",BODWF1,109.720970
D,DISPATCH,UNIT_SCADA,1,"2022/10/20 23:35:00",BOMENSF1,0
D,DISPATCH,UNIT_SCADA,1,"2022/10/20 23:35:00",BOWWBA1G,0
D,DISPATCH,UNIT_SCADA,1,"2022/10/20 23:35:00",BOWWBA1L,0.0010
D,DISPATCH,UNIT_SCADA,1,"2022/10/20 23:35:00",BOWWPV1,0
D,DISPATCH,UNIT_SCADA,1,"2022/10/20 23:35:00",BRAEMAR1,0
D,DISPATCH,UNIT_SCADA,1,"2022/10/20 23:35:00",BRAEMAR2,0
D,DISPATCH,UNIT_SCADA,1,"2022/10/20 23:35:00",BRAEMAR3,0
D,DISPATCH,UNIT_SCADA,1,"2022/10/20 23:35:00",BRAEMAR5,0.201420
D,DISPATCH,UNIT_SCADA,1,"2022/10/20 23:35:00",BRAEMAR6,0
D,DISPATCH,UNIT_SCADA,1,"2022/10/20 23:35:00",BRAEMAR7,0.060430
D,DISPATCH,UNIT_SCADA,1,"2022/10/20 23:35:00",BROKENH1,0
D,DISPATCH,UNIT_SCADA,1,"2022/10/20 23:35:00",BRYB1WF1,85.508510
D,DISPATCH,UNIT_SCADA,1,"2022/10/20 23:35:00",BULBESG1,0
D,DISPATCH,UNIT_SCADA,1,"2022/10/20 23:35:00",BULBESL1,0.03
D,DISPATCH,UNIT_SCADA,1,"2022/10/20 23:35:00",BULGANA1,31.30
D,DISPATCH,UNIT_SCADA,1,"2022/10/20 23:35:00",BW01,656.809330
D,DISPATCH,UNIT_SCADA,1,"2022/10/20 23:35:00",BW02,636.398860
D,DISPATCH,UNIT_SCADA,1,"2022/10/20 23:35:00",BW03,575.094240
D,DISPATCH,UNIT_SCADA,1,"2022/10/20 23:35:00",BW04,0
D,DISPATCH,UNIT_SCADA,1,"2022/10/20 23:35:00",CALL_B_1,319.200010
D,DISPATCH,UNIT_SCADA,1,"2022/10/20 23:35:00",CALL_B_2,320.100010
D,DISPATCH,UNIT_SCADA,1,"2022/10/20 23:35:00",CATHROCK,2.50
D,DISPATCH,UNIT_SCADA,1,"2022/10/20 23:35:00",CBWWBA1G,0
D,DISPATCH,UNIT_SCADA,1,"2022/10/20 23:35:00",CBWWBA1L,0
D,DISPATCH,UNIT_SCADA,1,"2022/10/20 23:35:00",CETHANA,87.706380
D,DISPATCH,UNIT_SCADA,1,"2022/10/20 23:35:00",CG1,0
D,DISPATCH,UNIT_SCADA,1,"2022/10/20 23:35:00",CG2,0
D,DISPATCH,UNIT_SCADA,1,"2022/10/20 23:35:00",CG3,0
D,DISPATCH,UNIT_SCADA,1,"2022/10/20 23:35:00",CG4,0
D,DISPATCH,UNIT_SCADA,1,"2022/10/20 23:35:00",CHILDSF1,0
D,DISPATCH,UNIT_SCADA,1,"2022/10/20 23:35:00",CHYTWF1,0
D,DISPATCH,UNIT_SCADA,1,"2022/10/20 23:35:00",CLARESF1,0
D,DISPATCH,UNIT_SCADA,1,"2022/10/20 23:35:00",CLEMGPWF,0
D,DISPATCH,UNIT_SCADA,1,"2022/10/20 23:35:00",CLERMSF1,0
D,DISPATCH,UNIT_SCADA,1,"2022/10/20 23:35:00",CNUNDAWF,14.016350
D,DISPATCH,UNIT_SCADA,1,"2022/10/20 23:35:00",COHUNSF1,0
D,DISPATCH,UNIT_SCADA,1,"2022/10/20 23:35:00",COLEASF1,0
D,DISPATCH,UNIT_SCADA,1,"2022/10/20 23:35:00",COLUMSF1,0
D,DISPATCH,UNIT_SCADA,1,"2022/10/20 23:35:00",COLWF01,98.437480
D,DISPATCH,UNIT_SCADA,1,"2022/10/20 23:35:00",COOPGWF1,331.850010
D,DISPATCH,UNIT_SCADA,1,"2022/10/20 23:35:00",CPP_3,389.675020
D,DISPATCH,UNIT_SCADA,1,"2022/10/20 23:35:00",CPP_4,0
D,DISPATCH,UNIT_SCADA,1,"2022/10/20 23:35:00",CPSA,0
D,DISPATCH,UNIT_SCADA,1,"2022/10/20 23:35:00",CROOKWF2,58.943160
D,DISPATCH,UNIT_SCADA,1,"2022/10/20 23:35:00",CROWLWF1,20.374530
D,DISPATCH,UNIT_SCADA,1,"2022/10/20 23:35:00",CRURWF1,75.397350
D,DISPATCH,UNIT_SCADA,1,"2022/10/20 23:35:00",CRWASF1,0
D,DISPATCH,UNIT_SCADA,1,"2022/10/20 23:35:00",CSPVPS1,0
D,DISPATCH,UNIT_SCADA,1,"2022/10/20 23:35:00",CTHLWF1,0.003050
D,DISPATCH,UNIT_SCADA,1,"2022/10/20 23:35:00",DALNTH01,0
D,DISPATCH,UNIT_SCADA,1,"2022/10/20 23:35:00",DALNTHL1,0.135810
D,DISPATCH,UNIT_SCADA,1,"2022/10/20 23:35:00",DARLSF1,0
D,DISPATCH,UNIT_SCADA,1,"2022/10/20 23:35:00",DARTM1,0
D,DISPATCH,UNIT_SCADA,1,"2022/10/20 23:35:00",DAYDSF1,0
D,DISPATCH,UNIT_SCADA,1,"2022/10/20 23:35:00",DDPS1,0
D,DISPATCH,UNIT_SCADA,1,"2022/10/20 23:35:00",DDSF1,0
D,DISPATCH,UNIT_SCADA,1,"2022/10/20 23:35:00",DEVILS_G,55.751210
D,DISPATCH,UNIT_SCADA,1,"2022/10/20 23:35:00",DG_NSW1,0
D,DISPATCH,UNIT_SCADA,1,"2022/10/20 23:35:00",DG_QLD1,0
D,DISPATCH,UNIT_SCADA,1,"2022/10/20 23:35:00",DG_SA1,0
D,DISPATCH,UNIT_SCADA,1,"2022/10/20 23:35:00",DG_TAS1,0
D,DISPATCH,UNIT_SCADA,1,"2022/10/20 23:35:00",DG_VIC1,0
D,DISPATCH,UNIT_SCADA,1,"2022/10/20 23:35:00",DRYCGT1,0
D,DISPATCH,UNIT_SCADA,1,"2022/10/20 23:35:00",DRYCGT2,0
D,DISPATCH,UNIT_SCADA,1,"2022/10/20 23:35:00",DRYCGT3,0
D,DISPATCH,UNIT_SCADA,1,"2022/10/20 23:35:00",DUNDWF1,114.65
D,DISPATCH,UNIT_SCADA,1,"2022/10/20 23:35:00",DUNDWF2,37.88
D,DISPATCH,UNIT_SCADA,1,"2022/10/20 23:35:00",DUNDWF3,89.92
D,DISPATCH,UNIT_SCADA,1,"2022/10/20 23:35:00",EILDON1,59.76
D,DISPATCH,UNIT_SCADA,1,"2022/10/20 23:35:00",EILDON2,59.96
D,DISPATCH,UNIT_SCADA,1,"2022/10/20 23:35:00",ELAINWF1,5.51
D,DISPATCH,UNIT_SCADA,1,"2022/10/20 23:35:00",EMERASF1,0
D,DISPATCH,UNIT_SCADA,1,"2022/10/20 23:35:00",ER01,0
D,DISPATCH,UNIT_SCADA,1,"2022/10/20 23:35:00",ER02,600.4364
D,DISPATCH,UNIT_SCADA,1,"2022/10/20 23:35:00",ER03,599.948120
D,DISPATCH,UNIT_SCADA,1,"2022/10/20 23:35:00",ER04,600.997920
D,DISPATCH,UNIT_SCADA,1,"2022/10/20 23:35:00",FINLYSF1,0
D,DISPATCH,UNIT_SCADA,1,"2022/10/20 23:35:00",FISHER,43.99
D,DISPATCH,UNIT_SCADA,1,"2022/10/20 23:35:00",GANGARR1,0
D,DISPATCH,UNIT_SCADA,1,"2022/10/20 23:35:00",GANNBG1,0
D,DISPATCH,UNIT_SCADA,1,"2022/10/20 23:35:00",GANNBL1,0.069270
D,DISPATCH,UNIT_SCADA,1,"2022/10/20 23:35:00",GANNSF1,0
D,DISPATCH,UNIT_SCADA,1,"2022/10/20 23:35:00",GLRWNSF1,0
D,DISPATCH,UNIT_SCADA,1,"2022/10/20 23:35:00",GNNDHSF1,0
D,DISPATCH,UNIT_SCADA,1,"2022/10/20 23:35:00",GOONSF1,0
D,DISPATCH,UNIT_SCADA,1,"2022/10/20 23:35:00",GORDON,218.508710
D,DISPATCH,UNIT_SCADA,1,"2022/10/20 23:35:00",GRANWF1,0
D,DISPATCH,UNIT_SCADA,1,"2022/10/20 23:35:00",GSTONE1,200.20
D,DISPATCH,UNIT_SCADA,1,"2022/10/20 23:35:00",GSTONE2,0
D,DISPATCH,UNIT_SCADA,1,"2022/10/20 23:35:00",GSTONE3,139.474990
D,DISPATCH,UNIT_SCADA,1,"2022/10/20 23:35:00",GSTONE4,0
D,DISPATCH,UNIT_SCADA,1,"2022/10/20 23:35:00",GSTONE5,200.899990
D,DISPATCH,UNIT_SCADA,1,"2022/10/20 23:35:00",GSTONE6,199.849990
D,DISPATCH,UNIT_SCADA,1,"2022/10/20 23:35:00",GULLRSF1,0
D,DISPATCH,UNIT_SCADA,1,"2022/10/20 23:35:00",GULLRWF1,52.9242
D,DISPATCH,UNIT_SCADA,1,"2022/10/20 23:35:00",GULLRWF2,95.476550
D,DISPATCH,UNIT_SCADA,1,"2022/10/20 23:35:00",GUNNING1,0
D,DISPATCH,UNIT_SCADA,1,"2022/10/20 23:35:00",GUTHEGA,67.40
D,DISPATCH,UNIT_SCADA,1,"2022/10/20 23:35:00",HALLWF1,16.85
D,DISPATCH,UNIT_SCADA,1,"2022/10/20 23:35:00",HALLWF2,18.22
D,DISPATCH,UNIT_SCADA,1,"2022/10/20 23:35:00",HAMISF1,0
D,DISPATCH,UNIT_SCADA,1,"2022/10/20 23:35:00",HAUGHT11,0
D,DISPATCH,UNIT_SCADA,1,"2022/10/20 23:35:00",HAYMSF1,0
D,DISPATCH,UNIT_SCADA,1,"2022/10/20 23:35:00",HDWF1,32.90
D,DISPATCH,UNIT_SCADA,1,"2022/10/20 23:35:00",HDWF2,10.20
D,DISPATCH,UNIT_SCADA,1,"2022/10/20 23:35:00",HDWF3,20.50
D,DISPATCH,UNIT_SCADA,1,"2022/10/20 23:35:00",HILLSTN1,0
D,DISPATCH,UNIT_SCADA,1,"2022/10/20 23:35:00",HPRG1,0
D,DISPATCH,UNIT_SCADA,1,"2022/10/20 23:35:00",HPRL1,0.40
D,DISPATCH,UNIT_SCADA,1,"2022/10/20 23:35:00",HUMENSW,54.170680
D,DISPATCH,UNIT_SCADA,1,"2022/10/20 23:35:00",HUMEV,0
D,DISPATCH,UNIT_SCADA,1,"2022/10/20 23:35:00",HVWWBA1G,0
D,DISPATCH,UNIT_SCADA,1,"2022/10/20 23:35:00",HVWWBA1L,0.0060
D,DISPATCH,UNIT_SCADA,1,"2022/10/20 23:35:00",HVWWPV1,0
D,DISPATCH,UNIT_SCADA,1,"2022/10/20 23:35:00",JBUTTERS,0
D,DISPATCH,UNIT_SCADA,1,"2022/10/20 23:35:00",JEMALNG1,0
D,DISPATCH,UNIT_SCADA,1,"2022/10/20 23:35:00",JLA01,0
D,DISPATCH,UNIT_SCADA,1,"2022/10/20 23:35:00",JLA02,0
D,DISPATCH,UNIT_SCADA,1,"2022/10/20 23:35:00",JLA03,0
D,DISPATCH,UNIT_SCADA,1,"2022/10/20 23:35:00",JLA04,0
D,DISPATCH,UNIT_SCADA,1,"2022/10/20 23:35:00",JLB01,0
D,DISPATCH,UNIT_SCADA,1,"2022/10/20 23:35:00",JLB02,0.10
D,DISPATCH,UNIT_SCADA,1,"2022/10/20 23:35:00",JLB03,0
D,DISPATCH,UNIT_SCADA,1,"2022/10/20 23:35:00",JUNEESF1,0
D,DISPATCH,UNIT_SCADA,1,"2022/10/20 23:35:00",KABANWF1,0
D,DISPATCH,UNIT_SCADA,1,"2022/10/20 23:35:00",KAREEYA1,0
D,DISPATCH,UNIT_SCADA,1,"2022/10/20 23:35:00",KAREEYA2,0
D,DISPATCH,UNIT_SCADA,1,"2022/10/20 23:35:00",KAREEYA3,4.7925
D,DISPATCH,UNIT_SCADA,1,"2022/10/20 23:35:00",KAREEYA4,0
D,DISPATCH,UNIT_SCADA,1,"2022/10/20 23:35:00",KARSF1,0
D,DISPATCH,UNIT_SCADA,1,"2022/10/20 23:35:00",KEPSF1,0
D,DISPATCH,UNIT_SCADA,1,"2022/10/20 23:35:00",KEPWF1,2.36
D,DISPATCH,UNIT_SCADA,1,"2022/10/20 23:35:00",KIAMSF1,0
D,DISPATCH,UNIT_SCADA,1,"2022/10/20 23:35:00",KIATAWF1,16.10
D,DISPATCH,UNIT_SCADA,1,"2022/10/20 23:35:00",KPP_1,0
D,DISPATCH,UNIT_SCADA,1,"2022/10/20 23:35:00",KSP1,0
D,DISPATCH,UNIT_SCADA,1,"2022/10/20 23:35:00",LADBROK1,0.01
D,DISPATCH,UNIT_SCADA,1,"2022/10/20 23:35:00",LADBROK2,0.02
D,DISPATCH,UNIT_SCADA,1,"2022/10/20 23:35:00",LBBG1,2.70
D,DISPATCH,UNIT_SCADA,1,"2022/10/20 23:35:00",LBBL1,0
D,DISPATCH,UNIT_SCADA,1,"2022/10/20 23:35:00",LD01,314.621430
D,DISPATCH,UNIT_SCADA,1,"2022/10/20 23:35:00",LD02,0
D,DISPATCH,UNIT_SCADA,1,"2022/10/20 23:35:00",LD04,294.222840
D,DISPATCH,UNIT_SCADA,1,"2022/10/20 23:35:00",LEM_WIL,86.760160
D,DISPATCH,UNIT_SCADA,1,"2022/10/20 23:35:00",LGAPWF1,90.439990
D,DISPATCH,UNIT_SCADA,1,"2022/10/20 23:35:00",LGAPWF2,63.68
D,DISPATCH,UNIT_SCADA,1,"2022/10/20 23:35:00",LILYSF1,0
D,DISPATCH,UNIT_SCADA,1,"2022/10/20 23:35:00",LIMOSF11,0
D,DISPATCH,UNIT_SCADA,1,"2022/10/20 23:35:00",LIMOSF21,0
D,DISPATCH,UNIT_SCADA,1,"2022/10/20 23:35:00",LI_WY_CA,55.617130
D,DISPATCH,UNIT_SCADA,1,"2022/10/20 23:35:00",LKBONNY1,19.558770
D,DISPATCH,UNIT_SCADA,1,"2022/10/20 23:35:00",LKBONNY2,48.846250
D,DISPATCH,UNIT_SCADA,1,"2022/10/20 23:35:00",LKBONNY3,12.615790
D,DISPATCH,UNIT_SCADA,1,"2022/10/20 23:35:00",LK_ECHO,0
D,DISPATCH,UNIT_SCADA,1,"2022/10/20 23:35:00",LNGS1,0
D,DISPATCH,UNIT_SCADA,1,"2022/10/20 23:35:00",LNGS2,0
D,DISPATCH,UNIT_SCADA,1,"2022/10/20 23:35:00",LONSDALE,0
D,DISPATCH,UNIT_SCADA,1,"2022/10/20 23:35:00",LOYYB1,574.059510
D,DISPATCH,UNIT_SCADA,1,"2022/10/20 23:35:00",LOYYB2,574.435420
D,DISPATCH,UNIT_SCADA,1,"2022/10/20 23:35:00",LYA1,556
D,DISPATCH,UNIT_SCADA,1,"2022/10/20 23:35:00",LYA2,0
D,DISPATCH,UNIT_SCADA,1,"2022/10/20 23:35:00",LYA3,556
D,DISPATCH,UNIT_SCADA,1,"2022/10/20 23:35:00",LYA4,555
D,DISPATCH,UNIT_SCADA,1,"2022/10/20 23:35:00",MACARTH1,55.598720
D,DISPATCH,UNIT_SCADA,1,"2022/10/20 23:35:00",MACKNTSH,0
D,DISPATCH,UNIT_SCADA,1,"2022/10/20 23:35:00",MANSLR1,0
D,DISPATCH,UNIT_SCADA,1,"2022/10/20 23:35:00",MAPS2PV1,0
D,DISPATCH,UNIT_SCADA,1,"2022/10/20 23:35:00",MAPS3PV1,0
D,DISPATCH,UNIT_SCADA,1,"2022/10/20 23:35:00",MARYRSF1,0
D,DISPATCH,UNIT_SCADA,1,"2022/10/20 23:35:00",MBPS2PV1,0
D,DISPATCH,UNIT_SCADA,1,"2022/10/20 23:35:00",MCKAY1,220.4050
D,DISPATCH,UNIT_SCADA,1,"2022/10/20 23:35:00",MEADOWBK,5.801740
D,DISPATCH,UNIT_SCADA,1,"2022/10/20 23:35:00",MERCER01,17.50
D,DISPATCH,UNIT_SCADA,1,"2022/10/20 23:35:00",METZSF1,0
D,DISPATCH,UNIT_SCADA,1,"2022/10/20 23:35:00",MEWF1,15.240190
D,DISPATCH,UNIT_SCADA,1,"2022/10/20 23:35:00",MIDDLSF1,0
D,DISPATCH,UNIT_SCADA,1,"2022/10/20 23:35:00",MINTARO,0.128180
D,DISPATCH,UNIT_SCADA,1,"2022/10/20 23:35:00",MOLNGSF1,0
D,DISPATCH,UNIT_SCADA,1,"2022/10/20 23:35:00",MOORAWF1,21.77
D,DISPATCH,UNIT_SCADA,1,"2022/10/20 23:35:00",MOREESF1,0
D,DISPATCH,UNIT_SCADA,1,"2022/10/20 23:35:00",MORTLK11,0
D,DISPATCH,UNIT_SCADA,1,"2022/10/20 23:35:00",MORTLK12,0
D,DISPATCH,UNIT_SCADA,1,"2022/10/20 23:35:00",MOUSF1,0
D,DISPATCH,UNIT_SCADA,1,"2022/10/20 23:35:00",MP1,0
D,DISPATCH,UNIT_SCADA,1,"2022/10/20 23:35:00",MP2,347.063420
D,DISPATCH,UNIT_SCADA,1,"2022/10/20 23:35:00",MPP_1,188.9254
D,DISPATCH,UNIT_SCADA,1,"2022/10/20 23:35:00",MPP_2,193.060670
D,DISPATCH,UNIT_SCADA,1,"2022/10/20 23:35:00",MRTLSWF1,0
D,DISPATCH,UNIT_SCADA,1,"2022/10/20 23:35:00",MSTUART1,0
D,DISPATCH,UNIT_SCADA,1,"2022/10/20 23:35:00",MSTUART2,0
D,DISPATCH,UNIT_SCADA,1,"2022/10/20 23:35:00",MSTUART3,0
D,DISPATCH,UNIT_SCADA,1,"2022/10/20 23:35:00",MTGELWF1,63.432720
D,DISPATCH,UNIT_SCADA,1,"2022/10/20 23:35:00",MTMILLAR,16.30
D,DISPATCH,UNIT_SCADA,1,"2022/10/20 23:35:00",MURRAY,55
D,DISPATCH,UNIT_SCADA,1,"2022/10/20 23:35:00",MUSSELR1,19.70
D,DISPATCH,UNIT_SCADA,1,"2022/10/20 23:35:00",MUWAWF1,67.68
D,DISPATCH,UNIT_SCADA,1,"2022/10/20 23:35:00",MUWAWF2,80.10
D,DISPATCH,UNIT_SCADA,1,"2022/10/20 23:35:00",MWPS1PV1,0
D,DISPATCH,UNIT_SCADA,1,"2022/10/20 23:35:00",MWPS2PV1,0
D,DISPATCH,UNIT_SCADA,1,"2022/10/20 23:35:00",MWPS3PV1,0
D,DISPATCH,UNIT_SCADA,1,"2022/10/20 23:35:00",MWPS4PV1,0
D,DISPATCH,UNIT_SCADA,1,"2022/10/20 23:35:00",NBHWF1,13.80
D,DISPATCH,UNIT_SCADA,1,"2022/10/20 23:35:00",NEVERSF1,0
D,DISPATCH,UNIT_SCADA,1,"2022/10/20 23:35:00",NPS,0
D,DISPATCH,UNIT_SCADA,1,"2022/10/20 23:35:00",NUMURSF1,0
D,DISPATCH,UNIT_SCADA,1,"2022/10/20 23:35:00",NYNGAN1,0
D,DISPATCH,UNIT_SCADA,1,"2022/10/20 23:35:00",OAKEY1,0
D,DISPATCH,UNIT_SCADA,1,"2022/10/20 23:35:00",OAKEY1SF,0
D,DISPATCH,UNIT_SCADA,1,"2022/10/20 23:35:00",OAKEY2,0
D,DISPATCH,UNIT_SCADA,1,"2022/10/20 23:35:00",OAKEY2SF,0
D,DISPATCH,UNIT_SCADA,1,"2022/10/20 23:35:00",OAKLAND1,7.20
D,DISPATCH,UNIT_SCADA,1,"2022/10/20 23:35:00",OSB-AG,180.45
D,DISPATCH,UNIT_SCADA,1,"2022/10/20 23:35:00",PAREPS1,0
D,DISPATCH,UNIT_SCADA,1,"2022/10/20 23:35:00",PAREPW1,51.55
D,DISPATCH,UNIT_SCADA,1,"2022/10/20 23:35:00",PARSF1,0.001530
D,DISPATCH,UNIT_SCADA,1,"2022/10/20 23:35:00",POAT110,3.13
D,DISPATCH,UNIT_SCADA,1,"2022/10/20 23:35:00",POAT220,0
D,DISPATCH,UNIT_SCADA,1,"2022/10/20 23:35:00",POR01,0
D,DISPATCH,UNIT_SCADA,1,"2022/10/20 23:35:00",POR03,0
D,DISPATCH,UNIT_SCADA,1,"2022/10/20 23:35:00",PPCCGT,164.156680
D,DISPATCH,UNIT_SCADA,1,"2022/10/20 23:35:00",PTSTAN1,0
D,DISPATCH,UNIT_SCADA,1,"2022/10/20 23:35:00",PUMP1,0
D,DISPATCH,UNIT_SCADA,1,"2022/10/20 23:35:00",PUMP2,0
D,DISPATCH,UNIT_SCADA,1,"2022/10/20 23:35:00",QBYNBG1,0
D,DISPATCH,UNIT_SCADA,1,"2022/10/20 23:35:00",QBYNBL1,0.0035
D,DISPATCH,UNIT_SCADA,1,"2022/10/20 23:35:00",QPS1,0
D,DISPATCH,UNIT_SCADA,1,"2022/10/20 23:35:00",QPS2,0
D,DISPATCH,UNIT_SCADA,1,"2022/10/20 23:35:00",QPS3,0
D,DISPATCH,UNIT_SCADA,1,"2022/10/20 23:35:00",QPS4,0
D,DISPATCH,UNIT_SCADA,1,"2022/10/20 23:35:00",QPS5,0
D,DISPATCH,UNIT_SCADA,1,"2022/10/20 23:35:00",REECE1,0
D,DISPATCH,UNIT_SCADA,1,"2022/10/20 23:35:00",REECE2,0
D,DISPATCH,UNIT_SCADA,1,"2022/10/20 23:35:00",ROMA_7,0
D,DISPATCH,UNIT_SCADA,1,"2022/10/20 23:35:00",ROMA_8,0
D,DISPATCH,UNIT_SCADA,1,"2022/10/20 23:35:00",RRSF1,0
D,DISPATCH,UNIT_SCADA,1,"2022/10/20 23:35:00",RT_NSW1,0
D,DISPATCH,UNIT_SCADA,1,"2022/10/20 23:35:00",RT_NSW2,0
D,DISPATCH,UNIT_SCADA,1,"2022/10/20 23:35:00",RT_NSW3,0
D,DISPATCH,UNIT_SCADA,1,"2022/10/20 23:35:00",RT_NSW4,0
D,DISPATCH,UNIT_SCADA,1,"2022/10/20 23:35:00",RT_NSW5,0
D,DISPATCH,UNIT_SCADA,1,"2022/10/20 23:35:00",RT_NSW6,0
D,DISPATCH,UNIT_SCADA,1,"2022/10/20 23:35:00",RT_QLD1,0
D,DISPATCH,UNIT_SCADA,1,"2022/10/20 23:35:00",RT_SA1,0
D,DISPATCH,UNIT_SCADA,1,"2022/10/20 23:35:00",RT_SA2,0
D,DISPATCH,UNIT_SCADA,1,"2022/10/20 23:35:00",RT_SA3,0
D,DISPATCH,UNIT_SCADA,1,"2022/10/20 23:35:00",RT_SA4,0
D,DISPATCH,UNIT_SCADA,1,"2022/10/20 23:35:00",RT_SA5,0
D,DISPATCH,UNIT_SCADA,1,"2022/10/20 23:35:00",RT_SA6,0
D,DISPATCH,UNIT_SCADA,1,"2022/10/20 23:35:00",RT_TAS1,0
D,DISPATCH,UNIT_SCADA,1,"2022/10/20 23:35:00",RT_VIC1,0
D,DISPATCH,UNIT_SCADA,1,"2022/10/20 23:35:00",RT_VIC10,0
D,DISPATCH,UNIT_SCADA,1,"2022/10/20 23:35:00",RT_VIC11,0
D,DISPATCH,UNIT_SCADA,1,"2022/10/20 23:35:00",RT_VIC12,0
D,DISPATCH,UNIT_SCADA,1,"2022/10/20 23:35:00",RT_VIC2,0
D,DISPATCH,UNIT_SCADA,1,"2022/10/20 23:35:00",RT_VIC3,0
D,DISPATCH,UNIT_SCADA,1,"2022/10/20 23:35:00",RT_VIC4,0
D,DISPATCH,UNIT_SCADA,1,"2022/10/20 23:35:00",RT_VIC5,0
D,DISPATCH,UNIT_SCADA,1,"2022/10/20 23:35:00",RT_VIC6,0
D,DISPATCH,UNIT_SCADA,1,"2022/10/20 23:35:00",RT_VIC7,0
D,DISPATCH,UNIT_SCADA,1,"2022/10/20 23:35:00",RT_VIC8,0
D,DISPATCH,UNIT_SCADA,1,"2022/10/20 23:35:00",RT_VIC9,0
D,DISPATCH,UNIT_SCADA,1,"2022/10/20 23:35:00",RUGBYR1,0
D,DISPATCH,UNIT_SCADA,1,"2022/10/20 23:35:00",SALTCRK1,28.38
D,DISPATCH,UNIT_SCADA,1,"2022/10/20 23:35:00",SAPHWF1,240.975050
D,DISPATCH,UNIT_SCADA,1,"2022/10/20 23:35:00",SEBSF1,0
D,DISPATCH,UNIT_SCADA,1,"2022/10/20 23:35:00",SHGEN,0
D,DISPATCH,UNIT_SCADA,1,"2022/10/20 23:35:00",SHPUMP,0
D,DISPATCH,UNIT_SCADA,1,"2022/10/20 23:35:00",SITHE01,0.133760
D,DISPATCH,UNIT_SCADA,1,"2022/10/20 23:35:00",SMCSF1,0
D,DISPATCH,UNIT_SCADA,1,"2022/10/20 23:35:00",SNAPPER1,0
D,DISPATCH,UNIT_SCADA,1,"2022/10/20 23:35:00",SNOWNTH1,28.50
D,DISPATCH,UNIT_SCADA,1,"2022/10/20 23:35:00",SNOWSTH1,27.80
D,DISPATCH,UNIT_SCADA,1,"2022/10/20 23:35:00",SNOWTWN1,28.4393
D,DISPATCH,UNIT_SCADA,1,"2022/10/20 23:35:00",SNOWYP,0
D,DISPATCH,UNIT_SCADA,1,"2022/10/20 23:35:00",SNUG1,0
D,DISPATCH,UNIT_SCADA,1,"2022/10/20 23:35:00",SRSF1,0
D,DISPATCH,UNIT_SCADA,1,"2022/10/20 23:35:00",STAN-1,277.556640
D,DISPATCH,UNIT_SCADA,1,"2022/10/20 23:35:00",STAN-2,358.501040
D,DISPATCH,UNIT_SCADA,1,"2022/10/20 23:35:00",STAN-3,363.50
D,DISPATCH,UNIT_SCADA,1,"2022/10/20 23:35:00",STAN-4,364.538240
D,DISPATCH,UNIT_SCADA,1,"2022/10/20 23:35:00",STARHLWF,18.094720
D,DISPATCH,UNIT_SCADA,1,"2022/10/20 23:35:00",STOCKYD1,149.17
D,DISPATCH,UNIT_SCADA,1,"2022/10/20 23:35:00",STWF1,20.055850
D,DISPATCH,UNIT_SCADA,1,"2022/10/20 23:35:00",SUNRSF1,0
D,DISPATCH,UNIT_SCADA,1,"2022/10/20 23:35:00",SUNTPSF1,0
D,DISPATCH,UNIT_SCADA,1,"2022/10/20 23:35:00",SWAN_E,217.735630
D,DISPATCH,UNIT_SCADA,1,"2022/10/20 23:35:00",TALWA1,0
D,DISPATCH,UNIT_SCADA,1,"2022/10/20 23:35:00",TARALGA1,0
D,DISPATCH,UNIT_SCADA,1,"2022/10/20 23:35:00",TARONG#1,349.899990
D,DISPATCH,UNIT_SCADA,1,"2022/10/20 23:35:00",TARONG#2,348.300020
D,DISPATCH,UNIT_SCADA,1,"2022/10/20 23:35:00",TARONG#3,0.90
D,DISPATCH,UNIT_SCADA,1,"2022/10/20 23:35:00",TARONG#4,225.600010
D,DISPATCH,UNIT_SCADA,1,"2022/10/20 23:35:00",TARRALEA,54
D,DISPATCH,UNIT_SCADA,1,"2022/10/20 23:35:00",TBSF1,0
D,DISPATCH,UNIT_SCADA,1,"2022/10/20 23:35:00",TNPS1,349.3750
D,DISPATCH,UNIT_SCADA,1,"2022/10/20 23:35:00",TORRB1,0
D,DISPATCH,UNIT_SCADA,1,"2022/10/20 23:35:00",TORRB2,60
D,DISPATCH,UNIT_SCADA,1,"2022/10/20 23:35:00",TORRB3,0
D,DISPATCH,UNIT_SCADA,1,"2022/10/20 23:35:00",TORRB4,0
D,DISPATCH,UNIT_SCADA,1,"2022/10/20 23:35:00",TREVALLN,98.098190
D,DISPATCH,UNIT_SCADA,1,"2022/10/20 23:35:00",TRIBUTE,0
D,DISPATCH,UNIT_SCADA,1,"2022/10/20 23:35:00",TUMUT3,212.03
D,DISPATCH,UNIT_SCADA,1,"2022/10/20 23:35:00",TUNGATIN,4.490020
D,DISPATCH,UNIT_SCADA,1,"2022/10/20 23:35:00",TVCC201,0
D,DISPATCH,UNIT_SCADA,1,"2022/10/20 23:35:00",TVPP104,0
D,DISPATCH,UNIT_SCADA,1,"2022/10/20 23:35:00",UPPTUMUT,0
D,DISPATCH,UNIT_SCADA,1,"2022/10/20 23:35:00",URANQ11,0
D,DISPATCH,UNIT_SCADA,1,"2022/10/20 23:35:00",URANQ12,0
D,DISPATCH,UNIT_SCADA,1,"2022/10/20 23:35:00",URANQ13,0
D,DISPATCH,UNIT_SCADA,1,"2022/10/20 23:35:00",URANQ14,0
D,DISPATCH,UNIT_SCADA,1,"2022/10/20 23:35:00",VBBG1,8.40
D,DISPATCH,UNIT_SCADA,1,"2022/10/20 23:35:00",VBBL1,0
D,DISPATCH,UNIT_SCADA,1,"2022/10/20 23:35:00",VP5,564.079710
D,DISPATCH,UNIT_SCADA,1,"2022/10/20 23:35:00",VP6,602.508610
D,DISPATCH,UNIT_SCADA,1,"2022/10/20 23:35:00",VPGS1,0
D,DISPATCH,UNIT_SCADA,1,"2022/10/20 23:35:00",VPGS2,0
D,DISPATCH,UNIT_SCADA,1,"2022/10/20 23:35:00",VPGS3,0
D,DISPATCH,UNIT_SCADA,1,"2022/10/20 23:35:00",VPGS4,0
D,DISPATCH,UNIT_SCADA,1,"2022/10/20 23:35:00",VPGS5,0
D,DISPATCH,UNIT_SCADA,1,"2022/10/20 23:35:00",VPGS6,0
D,DISPATCH,UNIT_SCADA,1,"2022/10/20 23:35:00",W/HOE#1,0
D,DISPATCH,UNIT_SCADA,1,"2022/10/20 23:35:00",W/HOE#2,0
D,DISPATCH,UNIT_SCADA,1,"2022/10/20 23:35:00",WAGGNSF1,0
D,DISPATCH,UNIT_SCADA,1,"2022/10/20 23:35:00",WALGRVG1,0.000930
D,DISPATCH,UNIT_SCADA,1,"2022/10/20 23:35:00",WALGRVL1,0
D,DISPATCH,UNIT_SCADA,1,"2022/10/20 23:35:00",WANDBG1,0
D,DISPATCH,UNIT_SCADA,1,"2022/10/20 23:35:00",WANDBL1,0
D,DISPATCH,UNIT_SCADA,1,"2022/10/20 23:35:00",WARWSF1,0
D,DISPATCH,UNIT_SCADA,1,"2022/10/20 23:35:00",WARWSF2,0
D,DISPATCH,UNIT_SCADA,1,"2022/10/20 23:35:00",WATERLWF,20.20
D,DISPATCH,UNIT_SCADA,1,"2022/10/20 23:35:00",WDGPH1,0
D,DISPATCH,UNIT_SCADA,1,"2022/10/20 23:35:00",WELLSF1,0
D,DISPATCH,UNIT_SCADA,1,"2022/10/20 23:35:00",WEMENSF1,0
D,DISPATCH,UNIT_SCADA,1,"2022/10/20 23:35:00",WGWF1,12.90
D,DISPATCH,UNIT_SCADA,1,"2022/10/20 23:35:00",WHITSF1,0
D,DISPATCH,UNIT_SCADA,1,"2022/10/20 23:35:00",WINTSF1,0
D,DISPATCH,UNIT_SCADA,1,"2022/10/20 23:35:00",WKIEWA1,33.90
D,DISPATCH,UNIT_SCADA,1,"2022/10/20 23:35:00",WKIEWA2,33.90
D,DISPATCH,UNIT_SCADA,1,"2022/10/20 23:35:00",WOODLWN1,27.1718
D,DISPATCH,UNIT_SCADA,1,"2022/10/20 23:35:00",WOOLGSF1,0
D,DISPATCH,UNIT_SCADA,1,"2022/10/20 23:35:00",WPWF,44.23
D,DISPATCH,UNIT_SCADA,1,"2022/10/20 23:35:00",WRSF1,0
D,DISPATCH,UNIT_SCADA,1,"2022/10/20 23:35:00",WRWF1,104.391850
D,DISPATCH,UNIT_SCADA,1,"2022/10/20 23:35:00",WSTWYSF1,0
D,DISPATCH,UNIT_SCADA,1,"2022/10/20 23:35:00",YABULU,0
D,DISPATCH,UNIT_SCADA,1,"2022/10/20 23:35:00",YABULU2,0
D,DISPATCH,UNIT_SCADA,1,"2022/10/20 23:35:00",YARANSF1,0
D,DISPATCH,UNIT_SCADA,1,"2022/10/20 23:35:00",YARWUN_1,163.739990
D,DISPATCH,UNIT_SCADA,1,"2022/10/20 23:35:00",YATSF1,0
D,DISPATCH,UNIT_SCADA,1,"2022/10/20 23:35:00",YENDWF1,29.94
D,DISPATCH,UNIT_SCADA,1,"2022/10/20 23:35:00",YWPS1,278.693660
D,DISPATCH,UNIT_SCADA,1,"2022/10/20 23:35:00",YWPS2,359.146850
D,DISPATCH,UNIT_SCADA,1,"2022/10/20 23:35:00",YWPS3,359.106320
D,DISPATCH,UNIT_SCADA,1,"2022/10/20 23:35:00",YWPS4,0
C,"END OF REPORT",419
