C,NEMP.WORLD,DISPATCHSCADA,AEMO,PUBLIC,2022/10/20,16:10:10,0000000373266067,DISPATCHSCADA,0000000373266061
I,DISPATCH,UNIT_SCADA,1,SETTLEMENTDATE,DUID,SCADAVALUE
D,DISPATCH,UNIT_SCADA,1,"2022/10/20 16:15:00",BARCSF1,3.60
D,DISPATCH,UNIT_SCADA,1,"2022/10/20 16:15:00",BUTLERSG,8.699999
D,DISPATCH,UNIT_SCADA,1,"2022/10/20 16:15:00",CAPTL_WF,87.356796
D,DISPATCH,UNIT_SCADA,1,"2022/10/20 16:15:00",CHALLHWF,14.30
D,DISPATCH,UNIT_SCADA,1,"2022/10/20 16:15:00",CLOVER,10.36
D,DISPATCH,UNIT_SCADA,1,"2022/10/20 16:15:00",CLUNY,6.219730
D,DISPATCH,UNIT_SCADA,1,"2022/10/20 16:15:00",CULLRGWF,-0.02
D,DISPATCH,UNIT_SCADA,1,"2022/10/20 16:15:00",DIAPURWF1,2.60
D,DISPATCH,UNIT_SCADA,1,"2022/10/20 16:15:00",ERGT01,0
D,DISPATCH,UNIT_SCADA,1,"2022/10/20 16:15:00",GB01,0
D,DISPATCH,UNIT_SCADA,1,"2022/10/20 16:15:00",GERMCRK,21.90
D,DISPATCH,UNIT_SCADA,1,"2022/10/20 16:15:00",GRIFSF1,20.399786
D,DISPATCH,UNIT_SCADA,1,"2022/10/20 16:15:00",HEZ1,0
D,DISPATCH,UNIT_SCADA,1,"2022/10/20 16:15:00",HUGSF1,12.018001
D,DISPATCH,UNIT_SCADA,1,"2022/10/20 16:15:00",KEPBG1,0
D,DISPATCH,UNIT_SCADA,1,"2022/10/20 16:15:00",LRSF1,12.019001
D,DISPATCH,UNIT_SCADA,1,"2022/10/20 16:15:00",MBAHNTH,41.868744
D,DISPATCH,UNIT_SCADA,1,"2022/10/20 16:15:00",MLSP1,2.400001
D,DISPATCH,UNIT_SCADA,1,"2022/10/20 16:15:00",MLWF1,7.7250
D,DISPATCH,UNIT_SCADA,1,"2022/10/20 16:15:00",PALOONA,30.33
D,DISPATCH,UNIT_SCADA,1,"2022/10/20 16:15:00",PIONEER,38.799999
D,DISPATCH,UNIT_SCADA,1,"2022/10/20 16:15:00",PORTWF,36.299999
D,DISPATCH,UNIT_SCADA,1,"2022/10/20 16:15:00",REPULSE,9.524681
D,DISPATCH,UNIT_SCADA,1,"2022/10/20 16:15:00",ROWALLAN,8.9673
D,DISPATCH,UNIT_SCADA,1,"2022/10/20 16:15:00",ROYALLA1,2.630003
D,DISPATCH,UNIT_SCADA,1,"2022/10/20 16:15:00",RPCG,-1.80
D,DISPATCH,UNIT_SCADA,1,"2022/10/20 16:15:00",RUBICON,0
D,DISPATCH,UNIT_SCADA,1,"2022/10/20 16:15:00",WAUBRAWF,59.139999
D,DISPATCH,UNIT_SCADA,1,"2022/10/20 16:15:00",WOOLNTH1,96.779999
D,DISPATCH,UNIT_SCADA,1,"2022/10/20 16:15:00",YAMBUKWF,3.30
D,DISPATCH,UNIT_SCADA,1,"2022/10/20 16:15:00",YSWF1,2.80
D,DISPATCH,UNIT_SCADA,1,"2022/10/20 16:15:00",ADPBA1G,0.0080
D,DISPATCH,UNIT_SCADA,1,"2022/10/20 16:15:00",ADPBA1L,0
D,DISPATCH,UNIT_SCADA,1,"2022/10/20 16:15:00",ADPPV1,8.7840
D,DISPATCH,UNIT_SCADA,1,"2022/10/20 16:15:00",AGLHAL,0
D,DISPATCH,UNIT_SCADA,1,"2022/10/20 16:15:00",AGLSOM,0
D,DISPATCH,UNIT_SCADA,1,"2022/10/20 16:15:00",ANGAST1,0
D,DISPATCH,UNIT_SCADA,1,"2022/10/20 16:15:00",ARWF1,39.50
D,DISPATCH,UNIT_SCADA,1,"2022/10/20 16:15:00",BALBG1,0
D,DISPATCH,UNIT_SCADA,1,"2022/10/20 16:15:00",BALBL1,14.62
D,DISPATCH,UNIT_SCADA,1,"2022/10/20 16:15:00",BALDHWF1,97.4950
D,DISPATCH,UNIT_SCADA,1,"2022/10/20 16:15:00",BANGOWF1,79.295650
D,DISPATCH,UNIT_SCADA,1,"2022/10/20 16:15:00",BANGOWF2,55.199740
D,DISPATCH,UNIT_SCADA,1,"2022/10/20 16:15:00",BANN1,30.40
D,DISPATCH,UNIT_SCADA,1,"2022/10/20 16:15:00",BARCALDN,0
D,DISPATCH,UNIT_SCADA,1,"2022/10/20 16:15:00",BARKIPS1,0
D,DISPATCH,UNIT_SCADA,1,"2022/10/20 16:15:00",BARRON-1,24.56
D,DISPATCH,UNIT_SCADA,1,"2022/10/20 16:15:00",BARRON-2,0
D,DISPATCH,UNIT_SCADA,1,"2022/10/20 16:15:00",BASTYAN,50.93
D,DISPATCH,UNIT_SCADA,1,"2022/10/20 16:15:00",BBTHREE1,0
D,DISPATCH,UNIT_SCADA,1,"2022/10/20 16:15:00",BBTHREE2,0
D,DISPATCH,UNIT_SCADA,1,"2022/10/20 16:15:00",BBTHREE3,-1.09
D,DISPATCH,UNIT_SCADA,1,"2022/10/20 16:15:00",BDL01,0
D,DISPATCH,UNIT_SCADA,1,"2022/10/20 16:15:00",BDL02,0
D,DISPATCH,UNIT_SCADA,1,"2022/10/20 16:15:00",BERYLSF1,11.521680
D,DISPATCH,UNIT_SCADA,1,"2022/10/20 16:15:00",BLOWERNG,62.50
D,DISPATCH,UNIT_SCADA,1,"2022/10/20 16:15:00",BLUEGSF1,18.5856
D,DISPATCH,UNIT_SCADA,1,"2022/10/20 16:15:00",BLUFF1,0.10
D,DISPATCH,UNIT_SCADA,1,"2022/10/20 16:15:00",BNGSF1,34.88
D,DISPATCH,UNIT_SCADA,1,"2022/10/20 16:15:00",BNGSF2,61.26
D,DISPATCH,UNIT_SCADA,1,"2022/10/20 16:15:00",BOCORWF1,58.36
D,DISPATCH,UNIT_SCADA,1,"2022/10/20 16:15:00",BODWF1,90.942580
D,DISPATCH,UNIT_SCADA,1,"2022/10/20 16:15:00",BOMENSF1,38.502170
D,DISPATCH,UNIT_SCADA,1,"2022/10/20 16:15:00",BOWWBA1G,0
D,DISPATCH,UNIT_SCADA,1,"2022/10/20 16:15:00",BOWWBA1L,0.0020
D,DISPATCH,UNIT_SCADA,1,"2022/10/20 16:15:00",BOWWPV1,0
D,DISPATCH,UNIT_SCADA,1,"2022/10/20 16:15:00",BRAEMAR1,0
D,DISPATCH,UNIT_SCADA,1,"2022/10/20 16:15:00",BRAEMAR2,0
D,DISPATCH,UNIT_SCADA,1,"2022/10/20 16:15:00",BRAEMAR3,0
D,DISPATCH,UNIT_SCADA,1,"2022/10/20 16:15:00",BRAEMAR5,0.292060
D,DISPATCH,UNIT_SCADA,1,"2022/10/20 16:15:00",BRAEMAR6,0
D,DISPATCH,UNIT_SCADA,1,"2022/10/20 16:15:00",BRAEMAR7,112.130520
D,DISPATCH,UNIT_SCADA,1,"2022/10/20 16:15:00",BROKENH1,39.799390
D,DISPATCH,UNIT_SCADA,1,"2022/10/20 16:15:00",BRYB1WF1,80.125120
D,DISPATCH,UNIT_SCADA,1,"2022/10/20 16:15:00",BULBESG1,0
D,DISPATCH,UNIT_SCADA,1,"2022/10/20 16:15:00",BULBESL1,1.26
D,DISPATCH,UNIT_SCADA,1,"2022/10/20 16:15:00",BULGANA1,20.85
D,DISPATCH,UNIT_SCADA,1,"2022/10/20 16:15:00",BW01,658.176570
D,DISPATCH,UNIT_SCADA,1,"2022/10/20 16:15:00",BW02,620.163270
D,DISPATCH,UNIT_SCADA,1,"2022/10/20 16:15:00",BW03,454.2916
D,DISPATCH,UNIT_SCADA,1,"2022/10/20 16:15:00",BW04,0
D,DISPATCH,UNIT_SCADA,1,"2022/10/20 16:15:00",CALL_B_1,320.399990
D,DISPATCH,UNIT_SCADA,1,"2022/10/20 16:15:00",CALL_B_2,310.300020
D,DISPATCH,UNIT_SCADA,1,"2022/10/20 16:15:00",CATHROCK,7.40
D,DISPATCH,UNIT_SCADA,1,"2022/10/20 16:15:00",CBWWBA1G,0
D,DISPATCH,UNIT_SCADA,1,"2022/10/20 16:15:00",CBWWBA1L,0
D,DISPATCH,UNIT_SCADA,1,"2022/10/20 16:15:00",CETHANA,98.124630
D,DISPATCH,UNIT_SCADA,1,"2022/10/20 16:15:00",CG1,0
D,DISPATCH,UNIT_SCADA,1,"2022/10/20 16:15:00",CG2,0
D,DISPATCH,UNIT_SCADA,1,"2022/10/20 16:15:00",CG3,0
D,DISPATCH,UNIT_SCADA,1,"2022/10/20 16:15:00",CG4,0
D,DISPATCH,UNIT_SCADA,1,"2022/10/20 16:15:00",CHILDSF1,5.91
D,DISPATCH,UNIT_SCADA,1,"2022/10/20 16:15:00",CHYTWF1,9.40
D,DISPATCH,UNIT_SCADA,1,"2022/10/20 16:15:00",CLARESF1,7.9337
D,DISPATCH,UNIT_SCADA,1,"2022/10/20 16:15:00",CLEMGPWF,11.093390
D,DISPATCH,UNIT_SCADA,1,"2022/10/20 16:15:00",CLERMSF1,49.58
D,DISPATCH,UNIT_SCADA,1,"2022/10/20 16:15:00",CNUNDAWF,10.011680
D,DISPATCH,UNIT_SCADA,1,"2022/10/20 16:15:00",COHUNSF1,13.41
D,DISPATCH,UNIT_SCADA,1,"2022/10/20 16:15:00",COLEASF1,66.403070
D,DISPATCH,UNIT_SCADA,1,"2022/10/20 16:15:00",COLUMSF1,1.3860
D,DISPATCH,UNIT_SCADA,1,"2022/10/20 16:15:00",COLWF01,78.648060
D,DISPATCH,UNIT_SCADA,1,"2022/10/20 16:15:00",COOPGWF1,205.490010
D,DISPATCH,UNIT_SCADA,1,"2022/10/20 16:15:00",CPP_3,370.149990
D,DISPATCH,UNIT_SCADA,1,"2022/10/20 16:15:00",CPP_4,0
D,DISPATCH,UNIT_SCADA,1,"2022/10/20 16:15:00",CPSA,0
D,DISPATCH,UNIT_SCADA,1,"2022/10/20 16:15:00",CROOKWF2,44.2237
D,DISPATCH,UNIT_SCADA,1,"2022/10/20 16:15:00",CROWLWF1,16.973820
D,DISPATCH,UNIT_SCADA,1,"2022/10/20 16:15:00",CRURWF1,48.797970
D,DISPATCH,UNIT_SCADA,1,"2022/10/20 16:15:00",CRWASF1,30.283780
D,DISPATCH,UNIT_SCADA,1,"2022/10/20 16:15:00",CSPVPS1,21.5920
D,DISPATCH,UNIT_SCADA,1,"2022/10/20 16:15:00",CTHLWF1,0.003050
D,DISPATCH,UNIT_SCADA,1,"2022/10/20 16:15:00",DALNTH01,0
D,DISPATCH,UNIT_SCADA,1,"2022/10/20 16:15:00",DALNTHL1,0.090030
D,DISPATCH,UNIT_SCADA,1,"2022/10/20 16:15:00",DARLSF1,88.813550
D,DISPATCH,UNIT_SCADA,1,"2022/10/20 16:15:00",DARTM1,0
D,DISPATCH,UNIT_SCADA,1,"2022/10/20 16:15:00",DAYDSF1,126.7320
D,DISPATCH,UNIT_SCADA,1,"2022/10/20 16:15:00",DDPS1,0
D,DISPATCH,UNIT_SCADA,1,"2022/10/20 16:15:00",DDSF1,14.3232
D,DISPATCH,UNIT_SCADA,1,"2022/10/20 16:15:00",DEVILS_G,59.689320
D,DISPATCH,UNIT_SCADA,1,"2022/10/20 16:15:00",DG_NSW1,0
D,DISPATCH,UNIT_SCADA,1,"2022/10/20 16:15:00",DG_QLD1,0
D,DISPATCH,UNIT_SCADA,1,"2022/10/20 16:15:00",DG_SA1,0
D,DISPATCH,UNIT_SCADA,1,"2022/10/20 16:15:00",DG_TAS1,0
D,DISPATCH,UNIT_SCADA,1,"2022/10/20 16:15:00",DG_VIC1,0
D,DISPATCH,UNIT_SCADA,1,"2022/10/20 16:15:00",DRYCGT1,0
D,DISPATCH,UNIT_SCADA,1,"2022/10/20 16:15:00",DRYCGT2,0
D,DISPATCH,UNIT_SCADA,1,"2022/10/20 16:15:00",DRYCGT3,0
D,DISPATCH,UNIT_SCADA,1,"2022/10/20 16:15:00",DUNDWF1,70.47
D,DISPATCH,UNIT_SCADA,1,"2022/10/20 16:15:00",DUNDWF2,17.38
D,DISPATCH,UNIT_SCADA,1,"2022/10/20 16:15:00",DUNDWF3,55.17
D,DISPATCH,UNIT_SCADA,1,"2022/10/20 16:15:00",EILDON1,60.04
D,DISPATCH,UNIT_SCADA,1,"2022/10/20 16:15:00",EILDON2,60.04
D,DISPATCH,UNIT_SCADA,1,"2022/10/20 16:15:00",ELAINWF1,26.37
D,DISPATCH,UNIT_SCADA,1,"2022/10/20 16:15:00",EMERASF1,0
D,DISPATCH,UNIT_SCADA,1,"2022/10/20 16:15:00",ER01,0
D,DISPATCH,UNIT_SCADA,1,"2022/10/20 16:15:00",ER02,641.159670
D,DISPATCH,UNIT_SCADA,1,"2022/10/20 16:15:00",ER03,622.092040
D,DISPATCH,UNIT_SCADA,1,"2022/10/20 16:15:00",ER04,648.337520
D,DISPATCH,UNIT_SCADA,1,"2022/10/20 16:15:00",FINLYSF1,32.089720
D,DISPATCH,UNIT_SCADA,1,"2022/10/20 16:15:00",FISHER,43.87
D,DISPATCH,UNIT_SCADA,1,"2022/10/20 16:15:00",GANGARR1,73.6610
D,DISPATCH,UNIT_SCADA,1,"2022/10/20 16:15:00",GANNBG1,0.045450
D,DISPATCH,UNIT_SCADA,1,"2022/10/20 16:15:00",GANNBL1,0
D,DISPATCH,UNIT_SCADA,1,"2022/10/20 16:15:00",GANNSF1,21.30
D,DISPATCH,UNIT_SCADA,1,"2022/10/20 16:15:00",GLRWNSF1,27.22
D,DISPATCH,UNIT_SCADA,1,"2022/10/20 16:15:00",GNNDHSF1,71.828570
D,DISPATCH,UNIT_SCADA,1,"2022/10/20 16:15:00",GOONSF1,56.723280
D,DISPATCH,UNIT_SCADA,1,"2022/10/20 16:15:00",GORDON,251.0889
D,DISPATCH,UNIT_SCADA,1,"2022/10/20 16:15:00",GRANWF1,0
D,DISPATCH,UNIT_SCADA,1,"2022/10/20 16:15:00",GSTONE1,194.0750
D,DISPATCH,UNIT_SCADA,1,"2022/10/20 16:15:00",GSTONE2,0
D,DISPATCH,UNIT_SCADA,1,"2022/10/20 16:15:00",GSTONE3,193.55
D,DISPATCH,UNIT_SCADA,1,"2022/10/20 16:15:00",GSTONE4,0
D,DISPATCH,UNIT_SCADA,1,"2022/10/20 16:15:00",GSTONE5,193.724990
D,DISPATCH,UNIT_SCADA,1,"2022/10/20 16:15:00",GSTONE6,194.4250
D,DISPATCH,UNIT_SCADA,1,"2022/10/20 16:15:00",GULLRSF1,0.474990
D,DISPATCH,UNIT_SCADA,1,"2022/10/20 16:15:00",GULLRWF1,74.183870
D,DISPATCH,UNIT_SCADA,1,"2022/10/20 16:15:00",GULLRWF2,80.724380
D,DISPATCH,UNIT_SCADA,1,"2022/10/20 16:15:00",GUNNING1,0
D,DISPATCH,UNIT_SCADA,1,"2022/10/20 16:15:00",GUTHEGA,67.70
D,DISPATCH,UNIT_SCADA,1,"2022/10/20 16:15:00",HALLWF1,0
D,DISPATCH,UNIT_SCADA,1,"2022/10/20 16:15:00",HALLWF2,0
D,DISPATCH,UNIT_SCADA,1,"2022/10/20 16:15:00",HAMISF1,44.30
D,DISPATCH,UNIT_SCADA,1,"2022/10/20 16:15:00",HAUGHT11,2.415230
D,DISPATCH,UNIT_SCADA,1,"2022/10/20 16:15:00",HAYMSF1,42.4640
D,DISPATCH,UNIT_SCADA,1,"2022/10/20 16:15:00",HDWF1,10.20
D,DISPATCH,UNIT_SCADA,1,"2022/10/20 16:15:00",HDWF2,19.10
D,DISPATCH,UNIT_SCADA,1,"2022/10/20 16:15:00",HDWF3,16
D,DISPATCH,UNIT_SCADA,1,"2022/10/20 16:15:00",HILLSTN1,0.757660
D,DISPATCH,UNIT_SCADA,1,"2022/10/20 16:15:00",HPRG1,1.30
D,DISPATCH,UNIT_SCADA,1,"2022/10/20 16:15:00",HPRL1,0
D,DISPATCH,UNIT_SCADA,1,"2022/10/20 16:15:00",HUMENSW,54.4906
D,DISPATCH,UNIT_SCADA,1,"2022/10/20 16:15:00",HUMEV,0
D,DISPATCH,UNIT_SCADA,1,"2022/10/20 16:15:00",HVWWBA1G,0
D,DISPATCH,UNIT_SCADA,1,"2022/10/20 16:15:00",HVWWBA1L,0.0070
D,DISPATCH,UNIT_SCADA,1,"2022/10/20 16:15:00",HVWWPV1,4.8070
D,DISPATCH,UNIT_SCADA,1,"2022/10/20 16:15:00",JBUTTERS,0
D,DISPATCH,UNIT_SCADA,1,"2022/10/20 16:15:00",JEMALNG1,9.07
D,DISPATCH,UNIT_SCADA,1,"2022/10/20 16:15:00",JLA01,0
D,DISPATCH,UNIT_SCADA,1,"2022/10/20 16:15:00",JLA02,0
D,DISPATCH,UNIT_SCADA,1,"2022/10/20 16:15:00",JLA03,0
D,DISPATCH,UNIT_SCADA,1,"2022/10/20 16:15:00",JLA04,0
D,DISPATCH,UNIT_SCADA,1,"2022/10/20 16:15:00",JLB01,0
D,DISPATCH,UNIT_SCADA,1,"2022/10/20 16:15:00",JLB02,0.10
D,DISPATCH,UNIT_SCADA,1,"2022/10/20 16:15:00",JLB03,0
D,DISPATCH,UNIT_SCADA,1,"2022/10/20 16:15:00",JUNEESF1,5.087740
D,DISPATCH,UNIT_SCADA,1,"2022/10/20 16:15:00",KABANWF1,0.9780
D,DISPATCH,UNIT_SCADA,1,"2022/10/20 16:15:00",KAREEYA1,18.0025
D,DISPATCH,UNIT_SCADA,1,"2022/10/20 16:15:00",KAREEYA2,0
D,DISPATCH,UNIT_SCADA,1,"2022/10/20 16:15:00",KAREEYA3,17.6475
D,DISPATCH,UNIT_SCADA,1,"2022/10/20 16:15:00",KAREEYA4,0
D,DISPATCH,UNIT_SCADA,1,"2022/10/20 16:15:00",KARSF1,82.40
D,DISPATCH,UNIT_SCADA,1,"2022/10/20 16:15:00",KEPSF1,11.98
D,DISPATCH,UNIT_SCADA,1,"2022/10/20 16:15:00",KEPWF1,0
D,DISPATCH,UNIT_SCADA,1,"2022/10/20 16:15:00",KIAMSF1,49.565120
D,DISPATCH,UNIT_SCADA,1,"2022/10/20 16:15:00",KIATAWF1,2.90
D,DISPATCH,UNIT_SCADA,1,"2022/10/20 16:15:00",KPP_1,0
D,DISPATCH,UNIT_SCADA,1,"2022/10/20 16:15:00",KSP1,38.34
D,DISPATCH,UNIT_SCADA,1,"2022/10/20 16:15:00",LADBROK1,0.02
D,DISPATCH,UNIT_SCADA,1,"2022/10/20 16:15:00",LADBROK2,0.02
D,DISPATCH,UNIT_SCADA,1,"2022/10/20 16:15:00",LBBG1,0
D,DISPATCH,UNIT_SCADA,1,"2022/10/20 16:15:00",LBBL1,0
D,DISPATCH,UNIT_SCADA,1,"2022/10/20 16:15:00",LD01,298.873870
D,DISPATCH,UNIT_SCADA,1,"2022/10/20 16:15:00",LD02,33.289590
D,DISPATCH,UNIT_SCADA,1,"2022/10/20 16:15:00",LD04,296.328610
D,DISPATCH,UNIT_SCADA,1,"2022/10/20 16:15:00",LEM_WIL,86.731860
D,DISPATCH,UNIT_SCADA,1,"2022/10/20 16:15:00",LGAPWF1,64.20
D,DISPATCH,UNIT_SCADA,1,"2022/10/20 16:15:00",LGAPWF2,31.02
D,DISPATCH,UNIT_SCADA,1,"2022/10/20 16:15:00",LILYSF1,90.701810
D,DISPATCH,UNIT_SCADA,1,"2022/10/20 16:15:00",LIMOSF11,89.193410
D,DISPATCH,UNIT_SCADA,1,"2022/10/20 16:15:00",LIMOSF21,9.511340
D,DISPATCH,UNIT_SCADA,1,"2022/10/20 16:15:00",LI_WY_CA,62.892030
D,DISPATCH,UNIT_SCADA,1,"2022/10/20 16:15:00",LKBONNY1,0
D,DISPATCH,UNIT_SCADA,1,"2022/10/20 16:15:00",LKBONNY2,9.583820
D,DISPATCH,UNIT_SCADA,1,"2022/10/20 16:15:00",LKBONNY3,3.628440
D,DISPATCH,UNIT_SCADA,1,"2022/10/20 16:15:00",LK_ECHO,0
D,DISPATCH,UNIT_SCADA,1,"2022/10/20 16:15:00",LNGS1,0
D,DISPATCH,UNIT_SCADA,1,"2022/10/20 16:15:00",LNGS2,0
D,DISPATCH,UNIT_SCADA,1,"2022/10/20 16:15:00",LONSDALE,0
D,DISPATCH,UNIT_SCADA,1,"2022/10/20 16:15:00",LOYYB1,543.231630
D,DISPATCH,UNIT_SCADA,1,"2022/10/20 16:15:00",LOYYB2,551.126590
D,DISPATCH,UNIT_SCADA,1,"2022/10/20 16:15:00",LYA1,561
D,DISPATCH,UNIT_SCADA,1,"2022/10/20 16:15:00",LYA2,0
D,DISPATCH,UNIT_SCADA,1,"2022/10/20 16:15:00",LYA3,561
D,DISPATCH,UNIT_SCADA,1,"2022/10/20 16:15:00",LYA4,561
D,DISPATCH,UNIT_SCADA,1,"2022/10/20 16:15:00",MACARTH1,55.298720
D,DISPATCH,UNIT_SCADA,1,"2022/10/20 16:15:00",MACKNTSH,0
D,DISPATCH,UNIT_SCADA,1,"2022/10/20 16:15:00",MANSLR1,8.0270
D,DISPATCH,UNIT_SCADA,1,"2022/10/20 16:15:00",MAPS2PV1,0
D,DISPATCH,UNIT_SCADA,1,"2022/10/20 16:15:00",MAPS3PV1,0
D,DISPATCH,UNIT_SCADA,1,"2022/10/20 16:15:00",MARYRSF1,6.24
D,DISPATCH,UNIT_SCADA,1,"2022/10/20 16:15:00",MBPS2PV1,0
D,DISPATCH,UNIT_SCADA,1,"2022/10/20 16:15:00",MCKAY1,161.419980
D,DISPATCH,UNIT_SCADA,1,"2022/10/20 16:15:00",MEADOWBK,5.687420
D,DISPATCH,UNIT_SCADA,1,"2022/10/20 16:15:00",MERCER01,29
D,DISPATCH,UNIT_SCADA,1,"2022/10/20 16:15:00",METZSF1,84.785190
D,DISPATCH,UNIT_SCADA,1,"2022/10/20 16:15:00",MEWF1,61.609990
D,DISPATCH,UNIT_SCADA,1,"2022/10/20 16:15:00",MIDDLSF1,12.33
D,DISPATCH,UNIT_SCADA,1,"2022/10/20 16:15:00",MINTARO,0.128180
D,DISPATCH,UNIT_SCADA,1,"2022/10/20 16:15:00",MOLNGSF1,4.779130
D,DISPATCH,UNIT_SCADA,1,"2022/10/20 16:15:00",MOORAWF1,38.77
D,DISPATCH,UNIT_SCADA,1,"2022/10/20 16:15:00",MOREESF1,2.5980
D,DISPATCH,UNIT_SCADA,1,"2022/10/20 16:15:00",MORTLK11,0
D,DISPATCH,UNIT_SCADA,1,"2022/10/20 16:15:00",MORTLK12,0
D,DISPATCH,UNIT_SCADA,1,"2022/10/20 16:15:00",MOUSF1,0
D,DISPATCH,UNIT_SCADA,1,"2022/10/20 16:15:00",MP1,0
D,DISPATCH,UNIT_SCADA,1,"2022/10/20 16:15:00",MP2,556.319520
D,DISPATCH,UNIT_SCADA,1,"2022/10/20 16:15:00",MPP_1,69.3993
D,DISPATCH,UNIT_SCADA,1,"2022/10/20 16:15:00",MPP_2,189.398440
D,DISPATCH,UNIT_SCADA,1,"2022/10/20 16:15:00",MRTLSWF1,0
D,DISPATCH,UNIT_SCADA,1,"2022/10/20 16:15:00",MSTUART1,0
D,DISPATCH,UNIT_SCADA,1,"2022/10/20 16:15:00",MSTUART2,0
D,DISPATCH,UNIT_SCADA,1,"2022/10/20 16:15:00",MSTUART3,0
D,DISPATCH,UNIT_SCADA,1,"2022/10/20 16:15:00",MTGELWF1,51.701410
D,DISPATCH,UNIT_SCADA,1,"2022/10/20 16:15:00",MTMILLAR,12
D,DISPATCH,UNIT_SCADA,1,"2022/10/20 16:15:00",MURRAY,0
D,DISPATCH,UNIT_SCADA,1,"2022/10/20 16:15:00",MUSSELR1,2.60
D,DISPATCH,UNIT_SCADA,1,"2022/10/20 16:15:00",MUWAWF1,77.36
D,DISPATCH,UNIT_SCADA,1,"2022/10/20 16:15:00",MUWAWF2,31.20
D,DISPATCH,UNIT_SCADA,1,"2022/10/20 16:15:00",MWPS1PV1,4.56
D,DISPATCH,UNIT_SCADA,1,"2022/10/20 16:15:00",MWPS2PV1,4.60
D,DISPATCH,UNIT_SCADA,1,"2022/10/20 16:15:00",MWPS3PV1,1.05
D,DISPATCH,UNIT_SCADA,1,"2022/10/20 16:15:00",MWPS4PV1,1.11
D,DISPATCH,UNIT_SCADA,1,"2022/10/20 16:15:00",NBHWF1,0
D,DISPATCH,UNIT_SCADA,1,"2022/10/20 16:15:00",NEVERSF1,4.57
D,DISPATCH,UNIT_SCADA,1,"2022/10/20 16:15:00",NPS,0
D,DISPATCH,UNIT_SCADA,1,"2022/10/20 16:15:00",NUMURSF1,58.17
D,DISPATCH,UNIT_SCADA,1,"2022/10/20 16:15:00",NYNGAN1,10.75
D,DISPATCH,UNIT_SCADA,1,"2022/10/20 16:15:00",OAKEY1,0
D,DISPATCH,UNIT_SCADA,1,"2022/10/20 16:15:00",OAKEY1SF,4.47
D,DISPATCH,UNIT_SCADA,1,"2022/10/20 16:15:00",OAKEY2,0
D,DISPATCH,UNIT_SCADA,1,"2022/10/20 16:15:00",OAKEY2SF,9.63
D,DISPATCH,UNIT_SCADA,1,"2022/10/20 16:15:00",OAKLAND1,16.40
D,DISPATCH,UNIT_SCADA,1,"2022/10/20 16:15:00",OSB-AG,79.13
D,DISPATCH,UNIT_SCADA,1,"2022/10/20 16:15:00",PAREPS1,1.2260
D,DISPATCH,UNIT_SCADA,1,"2022/10/20 16:15:00",PAREPW1,97.46
D,DISPATCH,UNIT_SCADA,1,"2022/10/20 16:15:00",PARSF1,42.000460
D,DISPATCH,UNIT_SCADA,1,"2022/10/20 16:15:00",POAT110,0
D,DISPATCH,UNIT_SCADA,1,"2022/10/20 16:15:00",POAT220,0
D,DISPATCH,UNIT_SCADA,1,"2022/10/20 16:15:00",POR01,0.008670
D,DISPATCH,UNIT_SCADA,1,"2022/10/20 16:15:00",POR03,0
D,DISPATCH,UNIT_SCADA,1,"2022/10/20 16:15:00",PPCCGT,166.841090
D,DISPATCH,UNIT_SCADA,1,"2022/10/20 16:15:00",PTSTAN1,0
D,DISPATCH,UNIT_SCADA,1,"2022/10/20 16:15:00",PUMP1,0
D,DISPATCH,UNIT_SCADA,1,"2022/10/20 16:15:00",PUMP2,0
D,DISPATCH,UNIT_SCADA,1,"2022/10/20 16:15:00",QBYNBG1,0
D,DISPATCH,UNIT_SCADA,1,"2022/10/20 16:15:00",QBYNBL1,2.299460
D,DISPATCH,UNIT_SCADA,1,"2022/10/20 16:15:00",QPS1,0
D,DISPATCH,UNIT_SCADA,1,"2022/10/20 16:15:00",QPS2,0
D,DISPATCH,UNIT_SCADA,1,"2022/10/20 16:15:00",QPS3,0
D,DISPATCH,UNIT_SCADA,1,"2022/10/20 16:15:00",QPS4,0
D,DISPATCH,UNIT_SCADA,1,"2022/10/20 16:15:00",QPS5,75.25
D,DISPATCH,UNIT_SCADA,1,"2022/10/20 16:15:00",REECE1,44.788230
D,DISPATCH,UNIT_SCADA,1,"2022/10/20 16:15:00",REECE2,0
D,DISPATCH,UNIT_SCADA,1,"2022/10/20 16:15:00",ROMA_7,0
D,DISPATCH,UNIT_SCADA,1,"2022/10/20 16:15:00",ROMA_8,0
D,DISPATCH,UNIT_SCADA,1,"2022/10/20 16:15:00",RRSF1,42.865880
D,DISPATCH,UNIT_SCADA,1,"2022/10/20 16:15:00",RT_NSW1,0
D,DISPATCH,UNIT_SCADA,1,"2022/10/20 16:15:00",RT_NSW2,0
D,DISPATCH,UNIT_SCADA,1,"2022/10/20 16:15:00",RT_NSW3,0
D,DISPATCH,UNIT_SCADA,1,"2022/10/20 16:15:00",RT_NSW4,0
D,DISPATCH,UNIT_SCADA,1,"2022/10/20 16:15:00",RT_NSW5,0
D,DISPATCH,UNIT_SCADA,1,"2022/10/20 16:15:00",RT_NSW6,0
D,DISPATCH,UNIT_SCADA,1,"2022/10/20 16:15:00",RT_QLD1,0
D,DISPATCH,UNIT_SCADA,1,"2022/10/20 16:15:00",RT_SA1,0
D,DISPATCH,UNIT_SCADA,1,"2022/10/20 16:15:00",RT_SA2,0
D,DISPATCH,UNIT_SCADA,1,"2022/10/20 16:15:00",RT_SA3,0
D,DISPATCH,UNIT_SCADA,1,"2022/10/20 16:15:00",RT_SA4,0
D,DISPATCH,UNIT_SCADA,1,"2022/10/20 16:15:00",RT_SA5,0
D,DISPATCH,UNIT_SCADA,1,"2022/10/20 16:15:00",RT_SA6,0
D,DISPATCH,UNIT_SCADA,1,"2022/10/20 16:15:00",RT_TAS1,0
D,DISPATCH,UNIT_SCADA,1,"2022/10/20 16:15:00",RT_VIC1,0
D,DISPATCH,UNIT_SCADA,1,"2022/10/20 16:15:00",RT_VIC10,0
D,DISPATCH,UNIT_SCADA,1,"2022/10/20 16:15:00",RT_VIC11,0
D,DISPATCH,UNIT_SCADA,1,"2022/10/20 16:15:00",RT_VIC12,0
D,DISPATCH,UNIT_SCADA,1,"2022/10/20 16:15:00",RT_VIC2,0
D,DISPATCH,UNIT_SCADA,1,"2022/10/20 16:15:00",RT_VIC3,0
D,DISPATCH,UNIT_SCADA,1,"2022/10/20 16:15:00",RT_VIC4,0
D,DISPATCH,UNIT_SCADA,1,"2022/10/20 16:15:00",RT_VIC5,0
D,DISPATCH,UNIT_SCADA,1,"2022/10/20 16:15:00",RT_VIC6,0
D,DISPATCH,UNIT_SCADA,1,"2022/10/20 16:15:00",RT_VIC7,0
D,DISPATCH,UNIT_SCADA,1,"2022/10/20 16:15:00",RT_VIC8,0
D,DISPATCH,UNIT_SCADA,1,"2022/10/20 16:15:00",RT_VIC9,0
D,DISPATCH,UNIT_SCADA,1,"2022/10/20 16:15:00",RUGBYR1,0
D,DISPATCH,UNIT_SCADA,1,"2022/10/20 16:15:00",SALTCRK1,18.91
D,DISPATCH,UNIT_SCADA,1,"2022/10/20 16:15:00",SAPHWF1,42.714580
D,DISPATCH,UNIT_SCADA,1,"2022/10/20 16:15:00",SEBSF1,9.002080
D,DISPATCH,UNIT_SCADA,1,"2022/10/20 16:15:00",SHGEN,0
D,DISPATCH,UNIT_SCADA,1,"2022/10/20 16:15:00",SHPUMP,0
D,DISPATCH,UNIT_SCADA,1,"2022/10/20 16:15:00",SITHE01,0.083520
D,DISPATCH,UNIT_SCADA,1,"2022/10/20 16:15:00",SMCSF1,29.4120
D,DISPATCH,UNIT_SCADA,1,"2022/10/20 16:15:00",SNAPPER1,0
D,DISPATCH,UNIT_SCADA,1,"2022/10/20 16:15:00",SNOWNTH1,14.90
D,DISPATCH,UNIT_SCADA,1,"2022/10/20 16:15:00",SNOWSTH1,13.90
D,DISPATCH,UNIT_SCADA,1,"2022/10/20 16:15:00",SNOWTWN1,4.906260
D,DISPATCH,UNIT_SCADA,1,"2022/10/20 16:15:00",SNOWYP,0
D,DISPATCH,UNIT_SCADA,1,"2022/10/20 16:15:00",SNUG1,0
D,DISPATCH,UNIT_SCADA,1,"2022/10/20 16:15:00",SRSF1,3.35
D,DISPATCH,UNIT_SCADA,1,"2022/10/20 16:15:00",STAN-1,280.9790
D,DISPATCH,UNIT_SCADA,1,"2022/10/20 16:15:00",STAN-2,359.872560
D,DISPATCH,UNIT_SCADA,1,"2022/10/20 16:15:00",STAN-3,181.115510
D,DISPATCH,UNIT_SCADA,1,"2022/10/20 16:15:00",STAN-4,364.153690
D,DISPATCH,UNIT_SCADA,1,"2022/10/20 16:15:00",STARHLWF,11.496650
D,DISPATCH,UNIT_SCADA,1,"2022/10/20 16:15:00",STOCKYD1,196.97
D,DISPATCH,UNIT_SCADA,1,"2022/10/20 16:15:00",STWF1,4.411080
D,DISPATCH,UNIT_SCADA,1,"2022/10/20 16:15:00",SUNRSF1,43.547720
D,DISPATCH,UNIT_SCADA,1,"2022/10/20 16:15:00",SUNTPSF1,78.952010
D,DISPATCH,UNIT_SCADA,1,"2022/10/20 16:15:00",SWAN_E,255.018740
D,DISPATCH,UNIT_SCADA,1,"2022/10/20 16:15:00",TALWA1,0
D,DISPATCH,UNIT_SCADA,1,"2022/10/20 16:15:00",TARALGA1,0
D,DISPATCH,UNIT_SCADA,1,"2022/10/20 16:15:00",TARONG#1,348.700010
D,DISPATCH,UNIT_SCADA,1,"2022/10/20 16:15:00",TARONG#2,350.50
D,DISPATCH,UNIT_SCADA,1,"2022/10/20 16:15:00",TARONG#3,0.90
D,DISPATCH,UNIT_SCADA,1,"2022/10/20 16:15:00",TARONG#4,255.100010
D,DISPATCH,UNIT_SCADA,1,"2022/10/20 16:15:00",TARRALEA,54
D,DISPATCH,UNIT_SCADA,1,"2022/10/20 16:15:00",TBSF1,0.10
D,DISPATCH,UNIT_SCADA,1,"2022/10/20 16:15:00",TNPS1,420.6250
D,DISPATCH,UNIT_SCADA,1,"2022/10/20 16:15:00",TORRB1,0
D,DISPATCH,UNIT_SCADA,1,"2022/10/20 16:15:00",TORRB2,52
D,DISPATCH,UNIT_SCADA,1,"2022/10/20 16:15:00",TORRB3,0
D,DISPATCH,UNIT_SCADA,1,"2022/10/20 16:15:00",TORRB4,0
D,DISPATCH,UNIT_SCADA,1,"2022/10/20 16:15:00",TREVALLN,100.114990
D,DISPATCH,UNIT_SCADA,1,"2022/10/20 16:15:00",TRIBUTE,0
D,DISPATCH,UNIT_SCADA,1,"2022/10/20 16:15:00",TUMUT3,122.28
D,DISPATCH,UNIT_SCADA,1,"2022/10/20 16:15:00",TUNGATIN,4.540020
D,DISPATCH,UNIT_SCADA,1,"2022/10/20 16:15:00",TVCC201,0
D,DISPATCH,UNIT_SCADA,1,"2022/10/20 16:15:00",TVPP104,0
D,DISPATCH,UNIT_SCADA,1,"2022/10/20 16:15:00",UPPTUMUT,0
D,DISPATCH,UNIT_SCADA,1,"2022/10/20 16:15:00",URANQ11,0
D,DISPATCH,UNIT_SCADA,1,"2022/10/20 16:15:00",URANQ12,0
D,DISPATCH,UNIT_SCADA,1,"2022/10/20 16:15:00",URANQ13,0
D,DISPATCH,UNIT_SCADA,1,"2022/10/20 16:15:00",URANQ14,0
D,DISPATCH,UNIT_SCADA,1,"2022/10/20 16:15:00",VBBG1,7
D,DISPATCH,UNIT_SCADA,1,"2022/10/20 16:15:00",VBBL1,0
D,DISPATCH,UNIT_SCADA,1,"2022/10/20 16:15:00",VP5,479.091770
D,DISPATCH,UNIT_SCADA,1,"2022/10/20 16:15:00",VP6,476.503810
D,DISPATCH,UNIT_SCADA,1,"2022/10/20 16:15:00",VPGS1,0
D,DISPATCH,UNIT_SCADA,1,"2022/10/20 16:15:00",VPGS2,0
D,DISPATCH,UNIT_SCADA,1,"2022/10/20 16:15:00",VPGS3,0
D,DISPATCH,UNIT_SCADA,1,"2022/10/20 16:15:00",VPGS4,0
D,DISPATCH,UNIT_SCADA,1,"2022/10/20 16:15:00",VPGS5,0
D,DISPATCH,UNIT_SCADA,1,"2022/10/20 16:15:00",VPGS6,0
D,DISPATCH,UNIT_SCADA,1,"2022/10/20 16:15:00",W/HOE#1,0
D,DISPATCH,UNIT_SCADA,1,"2022/10/20 16:15:00",W/HOE#2,0
D,DISPATCH,UNIT_SCADA,1,"2022/10/20 16:15:00",WAGGNSF1,0
D,DISPATCH,UNIT_SCADA,1,"2022/10/20 16:15:00",WALGRVG1,0
D,DISPATCH,UNIT_SCADA,1,"2022/10/20 16:15:00",WALGRVL1,33.1188
D,DISPATCH,UNIT_SCADA,1,"2022/10/20 16:15:00",WANDBG1,0
D,DISPATCH,UNIT_SCADA,1,"2022/10/20 16:15:00",WANDBL1,0
D,DISPATCH,UNIT_SCADA,1,"2022/10/20 16:15:00",WARWSF1,4.17
D,DISPATCH,UNIT_SCADA,1,"2022/10/20 16:15:00",WARWSF2,3.97
D,DISPATCH,UNIT_SCADA,1,"2022/10/20 16:15:00",WATERLWF,0.10
D,DISPATCH,UNIT_SCADA,1,"2022/10/20 16:15:00",WDGPH1,15.2260
D,DISPATCH,UNIT_SCADA,1,"2022/10/20 16:15:00",WELLSF1,59.983220
D,DISPATCH,UNIT_SCADA,1,"2022/10/20 16:15:00",WEMENSF1,9.20
D,DISPATCH,UNIT_SCADA,1,"2022/10/20 16:15:00",WGWF1,0
D,DISPATCH,UNIT_SCADA,1,"2022/10/20 16:15:00",WHITSF1,48.90
D,DISPATCH,UNIT_SCADA,1,"2022/10/20 16:15:00",WINTSF1,21.22
D,DISPATCH,UNIT_SCADA,1,"2022/10/20 16:15:00",WKIEWA1,32.10
D,DISPATCH,UNIT_SCADA,1,"2022/10/20 16:15:00",WKIEWA2,14.10
D,DISPATCH,UNIT_SCADA,1,"2022/10/20 16:15:00",WOODLWN1,31.249990
D,DISPATCH,UNIT_SCADA,1,"2022/10/20 16:15:00",WOOLGSF1,13.5337
D,DISPATCH,UNIT_SCADA,1,"2022/10/20 16:15:00",WPWF,49.13
D,DISPATCH,UNIT_SCADA,1,"2022/10/20 16:15:00",WRSF1,3.459580
D,DISPATCH,UNIT_SCADA,1,"2022/10/20 16:15:00",WRWF1,17.724270
D,DISPATCH,UNIT_SCADA,1,"2022/10/20 16:15:00",WSTWYSF1,5.044220
D,DISPATCH,UNIT_SCADA,1,"2022/10/20 16:15:00",YABULU,0
D,DISPATCH,UNIT_SCADA,1,"2022/10/20 16:15:00",YABULU2,0
D,DISPATCH,UNIT_SCADA,1,"2022/10/20 16:15:00",YARANSF1,21.51
D,DISPATCH,UNIT_SCADA,1,"2022/10/20 16:15:00",YARWUN_1,159.899990
D,DISPATCH,UNIT_SCADA,1,"2022/10/20 16:15:00",YATSF1,37.54
D,DISPATCH,UNIT_SCADA,1,"2022/10/20 16:15:00",YENDWF1,34.51
D,DISPATCH,UNIT_SCADA,1,"2022/10/20 16:15:00",YWPS1,359.146850
D,DISPATCH,UNIT_SCADA,1,"2022/10/20 16:15:00",YWPS2,291.475950
D,DISPATCH,UNIT_SCADA,1,"2022/10/20 16:15:00",YWPS3,360.517730
D,DISPATCH,UNIT_SCADA,1,"2022/10/20 16:15:00",YWPS4,0
C,"END OF REPORT",419
