C,NEMP.WORLD,DISPATCHSCADA,AEMO,PUBLIC,2022/10/20,19:50:09,0000000373277356,DISPATCHSCADA,0000000373277350
I,DISPATCH,UNIT_SCADA,1,SETTLEMENTDATE,DUID,SCADAVALUE
D,DISPATCH,UNIT_SCADA,1,"2022/10/20 19:55:00",BARCSF1,0.10
D,DISPATCH,UNIT_SCADA,1,"2022/10/20 19:55:00",BUTLERSG,8.699999
D,DISPATCH,UNIT_SCADA,1,"2022/10/20 19:55:00",CAPTL_WF,114.751755
D,DISPATCH,UNIT_SCADA,1,"2022/10/20 19:55:00",CHALLHWF,11
D,DISPATCH,UNIT_SCADA,1,"2022/10/20 19:55:00",CLOVER,13.23
D,DISPATCH,UNIT_SCADA,1,"2022/10/20 19:55:00",CLUNY,6.343328
D,DISPATCH,UNIT_SCADA,1,"2022/10/20 19:55:00",CULLRGWF,-0.05
D,DISPATCH,UNIT_SCADA,1,"2022/10/20 19:55:00",DIAPURWF1,0.50
D,DISPATCH,UNIT_SCADA,1,"2022/10/20 19:55:00",ERGT01,0
D,DISPATCH,UNIT_SCADA,1,"2022/10/20 19:55:00",GB01,0
D,DISPATCH,UNIT_SCADA,1,"2022/10/20 19:55:00",GERMCRK,21.60
D,DISPATCH,UNIT_SCADA,1,"2022/10/20 19:55:00",GRIFSF1,0.001526
D,DISPATCH,UNIT_SCADA,1,"2022/10/20 19:55:00",HEZ1,0
D,DISPATCH,UNIT_SCADA,1,"2022/10/20 19:55:00",HUGSF1,-0.0420
D,DISPATCH,UNIT_SCADA,1,"2022/10/20 19:55:00",KEPBG1,0
D,DISPATCH,UNIT_SCADA,1,"2022/10/20 19:55:00",LRSF1,0.0110
D,DISPATCH,UNIT_SCADA,1,"2022/10/20 19:55:00",MBAHNTH,43.837494
D,DISPATCH,UNIT_SCADA,1,"2022/10/20 19:55:00",MLSP1,0
D,DISPATCH,UNIT_SCADA,1,"2022/10/20 19:55:00",MLWF1,6.12
D,DISPATCH,UNIT_SCADA,1,"2022/10/20 19:55:00",PALOONA,30.859999
D,DISPATCH,UNIT_SCADA,1,"2022/10/20 19:55:00",PIONEER,22.800001
D,DISPATCH,UNIT_SCADA,1,"2022/10/20 19:55:00",PORTWF,44.900002
D,DISPATCH,UNIT_SCADA,1,"2022/10/20 19:55:00",REPULSE,9.689479
D,DISPATCH,UNIT_SCADA,1,"2022/10/20 19:55:00",ROWALLAN,8.7827
D,DISPATCH,UNIT_SCADA,1,"2022/10/20 19:55:00",ROYALLA1,0
D,DISPATCH,UNIT_SCADA,1,"2022/10/20 19:55:00",RPCG,-0.50
D,DISPATCH,UNIT_SCADA,1,"2022/10/20 19:55:00",RUBICON,0
D,DISPATCH,UNIT_SCADA,1,"2022/10/20 19:55:00",WAUBRAWF,76.954002
D,DISPATCH,UNIT_SCADA,1,"2022/10/20 19:55:00",WOOLNTH1,73.43
D,DISPATCH,UNIT_SCADA,1,"2022/10/20 19:55:00",YAMBUKWF,7.30
D,DISPATCH,UNIT_SCADA,1,"2022/10/20 19:55:00",YSWF1,1.80
D,DISPATCH,UNIT_SCADA,1,"2022/10/20 19:55:00",ADPBA1G,0.0080
D,DISPATCH,UNIT_SCADA,1,"2022/10/20 19:55:00",ADPBA1L,0
D,DISPATCH,UNIT_SCADA,1,"2022/10/20 19:55:00",ADPPV1,0
D,DISPATCH,UNIT_SCADA,1,"2022/10/20 19:55:00",AGLHAL,30.945780
D,DISPATCH,UNIT_SCADA,1,"2022/10/20 19:55:00",AGLSOM,0
D,DISPATCH,UNIT_SCADA,1,"2022/10/20 19:55:00",ANGAST1,0
D,DISPATCH,UNIT_SCADA,1,"2022/10/20 19:55:00",ARWF1,10.40
D,DISPATCH,UNIT_SCADA,1,"2022/10/20 19:55:00",BALBG1,0
D,DISPATCH,UNIT_SCADA,1,"2022/10/20 19:55:00",BALBL1,0
D,DISPATCH,UNIT_SCADA,1,"2022/10/20 19:55:00",BALDHWF1,105.414990
D,DISPATCH,UNIT_SCADA,1,"2022/10/20 19:55:00",BANGOWF1,87.796750
D,DISPATCH,UNIT_SCADA,1,"2022/10/20 19:55:00",BANGOWF2,67.298320
D,DISPATCH,UNIT_SCADA,1,"2022/10/20 19:55:00",BANN1,0
D,DISPATCH,UNIT_SCADA,1,"2022/10/20 19:55:00",BARCALDN,0
D,DISPATCH,UNIT_SCADA,1,"2022/10/20 19:55:00",BARKIPS1,192.159990
D,DISPATCH,UNIT_SCADA,1,"2022/10/20 19:55:00",BARRON-1,27.84
D,DISPATCH,UNIT_SCADA,1,"2022/10/20 19:55:00",BARRON-2,0
D,DISPATCH,UNIT_SCADA,1,"2022/10/20 19:55:00",BASTYAN,69.610010
D,DISPATCH,UNIT_SCADA,1,"2022/10/20 19:55:00",BBTHREE1,0
D,DISPATCH,UNIT_SCADA,1,"2022/10/20 19:55:00",BBTHREE2,0
D,DISPATCH,UNIT_SCADA,1,"2022/10/20 19:55:00",BBTHREE3,-1.11
D,DISPATCH,UNIT_SCADA,1,"2022/10/20 19:55:00",BDL01,0
D,DISPATCH,UNIT_SCADA,1,"2022/10/20 19:55:00",BDL02,0
D,DISPATCH,UNIT_SCADA,1,"2022/10/20 19:55:00",BERYLSF1,0
D,DISPATCH,UNIT_SCADA,1,"2022/10/20 19:55:00",BLOWERNG,62.60
D,DISPATCH,UNIT_SCADA,1,"2022/10/20 19:55:00",BLUEGSF1,0
D,DISPATCH,UNIT_SCADA,1,"2022/10/20 19:55:00",BLUFF1,1.30
D,DISPATCH,UNIT_SCADA,1,"2022/10/20 19:55:00",BNGSF1,0
D,DISPATCH,UNIT_SCADA,1,"2022/10/20 19:55:00",BNGSF2,0
D,DISPATCH,UNIT_SCADA,1,"2022/10/20 19:55:00",BOCORWF1,21.53
D,DISPATCH,UNIT_SCADA,1,"2022/10/20 19:55:00",BODWF1,107.292820
D,DISPATCH,UNIT_SCADA,1,"2022/10/20 19:55:00",BOMENSF1,0
D,DISPATCH,UNIT_SCADA,1,"2022/10/20 19:55:00",BOWWBA1G,0.0010
D,DISPATCH,UNIT_SCADA,1,"2022/10/20 19:55:00",BOWWBA1L,0
D,DISPATCH,UNIT_SCADA,1,"2022/10/20 19:55:00",BOWWPV1,0
D,DISPATCH,UNIT_SCADA,1,"2022/10/20 19:55:00",BRAEMAR1,0
D,DISPATCH,UNIT_SCADA,1,"2022/10/20 19:55:00",BRAEMAR2,0
D,DISPATCH,UNIT_SCADA,1,"2022/10/20 19:55:00",BRAEMAR3,0
D,DISPATCH,UNIT_SCADA,1,"2022/10/20 19:55:00",BRAEMAR5,145.707230
D,DISPATCH,UNIT_SCADA,1,"2022/10/20 19:55:00",BRAEMAR6,0
D,DISPATCH,UNIT_SCADA,1,"2022/10/20 19:55:00",BRAEMAR7,154.589840
D,DISPATCH,UNIT_SCADA,1,"2022/10/20 19:55:00",BROKENH1,0
D,DISPATCH,UNIT_SCADA,1,"2022/10/20 19:55:00",BRYB1WF1,113.0663
D,DISPATCH,UNIT_SCADA,1,"2022/10/20 19:55:00",BULBESG1,0
D,DISPATCH,UNIT_SCADA,1,"2022/10/20 19:55:00",BULBESL1,0.03
D,DISPATCH,UNIT_SCADA,1,"2022/10/20 19:55:00",BULGANA1,39.46
D,DISPATCH,UNIT_SCADA,1,"2022/10/20 19:55:00",BW01,661.106260
D,DISPATCH,UNIT_SCADA,1,"2022/10/20 19:55:00",BW02,641.379390
D,DISPATCH,UNIT_SCADA,1,"2022/10/20 19:55:00",BW03,619.235530
D,DISPATCH,UNIT_SCADA,1,"2022/10/20 19:55:00",BW04,0
D,DISPATCH,UNIT_SCADA,1,"2022/10/20 19:55:00",CALL_B_1,319.600010
D,DISPATCH,UNIT_SCADA,1,"2022/10/20 19:55:00",CALL_B_2,323.300020
D,DISPATCH,UNIT_SCADA,1,"2022/10/20 19:55:00",CATHROCK,2.40
D,DISPATCH,UNIT_SCADA,1,"2022/10/20 19:55:00",CBWWBA1G,0
D,DISPATCH,UNIT_SCADA,1,"2022/10/20 19:55:00",CBWWBA1L,0
D,DISPATCH,UNIT_SCADA,1,"2022/10/20 19:55:00",CETHANA,97.645620
D,DISPATCH,UNIT_SCADA,1,"2022/10/20 19:55:00",CG1,0
D,DISPATCH,UNIT_SCADA,1,"2022/10/20 19:55:00",CG2,0
D,DISPATCH,UNIT_SCADA,1,"2022/10/20 19:55:00",CG3,0
D,DISPATCH,UNIT_SCADA,1,"2022/10/20 19:55:00",CG4,0
D,DISPATCH,UNIT_SCADA,1,"2022/10/20 19:55:00",CHILDSF1,0
D,DISPATCH,UNIT_SCADA,1,"2022/10/20 19:55:00",CHYTWF1,5.20
D,DISPATCH,UNIT_SCADA,1,"2022/10/20 19:55:00",CLARESF1,0
D,DISPATCH,UNIT_SCADA,1,"2022/10/20 19:55:00",CLEMGPWF,0.936460
D,DISPATCH,UNIT_SCADA,1,"2022/10/20 19:55:00",CLERMSF1,0
D,DISPATCH,UNIT_SCADA,1,"2022/10/20 19:55:00",CNUNDAWF,15.217750
D,DISPATCH,UNIT_SCADA,1,"2022/10/20 19:55:00",COHUNSF1,0
D,DISPATCH,UNIT_SCADA,1,"2022/10/20 19:55:00",COLEASF1,0
D,DISPATCH,UNIT_SCADA,1,"2022/10/20 19:55:00",COLUMSF1,0
D,DISPATCH,UNIT_SCADA,1,"2022/10/20 19:55:00",COLWF01,106.669720
D,DISPATCH,UNIT_SCADA,1,"2022/10/20 19:55:00",COOPGWF1,356.600010
D,DISPATCH,UNIT_SCADA,1,"2022/10/20 19:55:00",CPP_3,369.8750
D,DISPATCH,UNIT_SCADA,1,"2022/10/20 19:55:00",CPP_4,0
D,DISPATCH,UNIT_SCADA,1,"2022/10/20 19:55:00",CPSA,0
D,DISPATCH,UNIT_SCADA,1,"2022/10/20 19:55:00",CROOKWF2,36.204780
D,DISPATCH,UNIT_SCADA,1,"2022/10/20 19:55:00",CROWLWF1,35.9977
D,DISPATCH,UNIT_SCADA,1,"2022/10/20 19:55:00",CRURWF1,85.597240
D,DISPATCH,UNIT_SCADA,1,"2022/10/20 19:55:00",CRWASF1,0
D,DISPATCH,UNIT_SCADA,1,"2022/10/20 19:55:00",CSPVPS1,0
D,DISPATCH,UNIT_SCADA,1,"2022/10/20 19:55:00",CTHLWF1,0.003050
D,DISPATCH,UNIT_SCADA,1,"2022/10/20 19:55:00",DALNTH01,0
D,DISPATCH,UNIT_SCADA,1,"2022/10/20 19:55:00",DALNTHL1,0.114440
D,DISPATCH,UNIT_SCADA,1,"2022/10/20 19:55:00",DARLSF1,0
D,DISPATCH,UNIT_SCADA,1,"2022/10/20 19:55:00",DARTM1,0
D,DISPATCH,UNIT_SCADA,1,"2022/10/20 19:55:00",DAYDSF1,0
D,DISPATCH,UNIT_SCADA,1,"2022/10/20 19:55:00",DDPS1,0
D,DISPATCH,UNIT_SCADA,1,"2022/10/20 19:55:00",DDSF1,0
D,DISPATCH,UNIT_SCADA,1,"2022/10/20 19:55:00",DEVILS_G,58.229320
D,DISPATCH,UNIT_SCADA,1,"2022/10/20 19:55:00",DG_NSW1,0
D,DISPATCH,UNIT_SCADA,1,"2022/10/20 19:55:00",DG_QLD1,0
D,DISPATCH,UNIT_SCADA,1,"2022/10/20 19:55:00",DG_SA1,0
D,DISPATCH,UNIT_SCADA,1,"2022/10/20 19:55:00",DG_TAS1,0
D,DISPATCH,UNIT_SCADA,1,"2022/10/20 19:55:00",DG_VIC1,0
D,DISPATCH,UNIT_SCADA,1,"2022/10/20 19:55:00",DRYCGT1,0
D,DISPATCH,UNIT_SCADA,1,"2022/10/20 19:55:00",DRYCGT2,0
D,DISPATCH,UNIT_SCADA,1,"2022/10/20 19:55:00",DRYCGT3,0
D,DISPATCH,UNIT_SCADA,1,"2022/10/20 19:55:00",DUNDWF1,68.57
D,DISPATCH,UNIT_SCADA,1,"2022/10/20 19:55:00",DUNDWF2,19.10
D,DISPATCH,UNIT_SCADA,1,"2022/10/20 19:55:00",DUNDWF3,79.14
D,DISPATCH,UNIT_SCADA,1,"2022/10/20 19:55:00",EILDON1,60.20
D,DISPATCH,UNIT_SCADA,1,"2022/10/20 19:55:00",EILDON2,60.20
D,DISPATCH,UNIT_SCADA,1,"2022/10/20 19:55:00",ELAINWF1,13.49
D,DISPATCH,UNIT_SCADA,1,"2022/10/20 19:55:00",EMERASF1,0
D,DISPATCH,UNIT_SCADA,1,"2022/10/20 19:55:00",ER01,0
D,DISPATCH,UNIT_SCADA,1,"2022/10/20 19:55:00",ER02,680.222780
D,DISPATCH,UNIT_SCADA,1,"2022/10/20 19:55:00",ER03,636.594180
D,DISPATCH,UNIT_SCADA,1,"2022/10/20 19:55:00",ER04,697.459350
D,DISPATCH,UNIT_SCADA,1,"2022/10/20 19:55:00",FINLYSF1,0
D,DISPATCH,UNIT_SCADA,1,"2022/10/20 19:55:00",FISHER,43.90
D,DISPATCH,UNIT_SCADA,1,"2022/10/20 19:55:00",GANGARR1,0
D,DISPATCH,UNIT_SCADA,1,"2022/10/20 19:55:00",GANNBG1,21.931570
D,DISPATCH,UNIT_SCADA,1,"2022/10/20 19:55:00",GANNBL1,0
D,DISPATCH,UNIT_SCADA,1,"2022/10/20 19:55:00",GANNSF1,0
D,DISPATCH,UNIT_SCADA,1,"2022/10/20 19:55:00",GLRWNSF1,0
D,DISPATCH,UNIT_SCADA,1,"2022/10/20 19:55:00",GNNDHSF1,0
D,DISPATCH,UNIT_SCADA,1,"2022/10/20 19:55:00",GOONSF1,0
D,DISPATCH,UNIT_SCADA,1,"2022/10/20 19:55:00",GORDON,260.747680
D,DISPATCH,UNIT_SCADA,1,"2022/10/20 19:55:00",GRANWF1,0
D,DISPATCH,UNIT_SCADA,1,"2022/10/20 19:55:00",GSTONE1,214.3750
D,DISPATCH,UNIT_SCADA,1,"2022/10/20 19:55:00",GSTONE2,0
D,DISPATCH,UNIT_SCADA,1,"2022/10/20 19:55:00",GSTONE3,215.95
D,DISPATCH,UNIT_SCADA,1,"2022/10/20 19:55:00",GSTONE4,0
D,DISPATCH,UNIT_SCADA,1,"2022/10/20 19:55:00",GSTONE5,218.75
D,DISPATCH,UNIT_SCADA,1,"2022/10/20 19:55:00",GSTONE6,217.8750
D,DISPATCH,UNIT_SCADA,1,"2022/10/20 19:55:00",GULLRSF1,0
D,DISPATCH,UNIT_SCADA,1,"2022/10/20 19:55:00",GULLRWF1,72.483890
D,DISPATCH,UNIT_SCADA,1,"2022/10/20 19:55:00",GULLRWF2,90.030180
D,DISPATCH,UNIT_SCADA,1,"2022/10/20 19:55:00",GUNNING1,0
D,DISPATCH,UNIT_SCADA,1,"2022/10/20 19:55:00",GUTHEGA,67.70
D,DISPATCH,UNIT_SCADA,1,"2022/10/20 19:55:00",HALLWF1,5.19
D,DISPATCH,UNIT_SCADA,1,"2022/10/20 19:55:00",HALLWF2,2.82
D,DISPATCH,UNIT_SCADA,1,"2022/10/20 19:55:00",HAMISF1,0
D,DISPATCH,UNIT_SCADA,1,"2022/10/20 19:55:00",HAUGHT11,0
D,DISPATCH,UNIT_SCADA,1,"2022/10/20 19:55:00",HAYMSF1,0
D,DISPATCH,UNIT_SCADA,1,"2022/10/20 19:55:00",HDWF1,19.80
D,DISPATCH,UNIT_SCADA,1,"2022/10/20 19:55:00",HDWF2,14.60
D,DISPATCH,UNIT_SCADA,1,"2022/10/20 19:55:00",HDWF3,14.90
D,DISPATCH,UNIT_SCADA,1,"2022/10/20 19:55:00",HILLSTN1,0
D,DISPATCH,UNIT_SCADA,1,"2022/10/20 19:55:00",HPRG1,4.20
D,DISPATCH,UNIT_SCADA,1,"2022/10/20 19:55:00",HPRL1,0
D,DISPATCH,UNIT_SCADA,1,"2022/10/20 19:55:00",HUMENSW,55.078160
D,DISPATCH,UNIT_SCADA,1,"2022/10/20 19:55:00",HUMEV,0
D,DISPATCH,UNIT_SCADA,1,"2022/10/20 19:55:00",HVWWBA1G,0
D,DISPATCH,UNIT_SCADA,1,"2022/10/20 19:55:00",HVWWBA1L,0.0070
D,DISPATCH,UNIT_SCADA,1,"2022/10/20 19:55:00",HVWWPV1,0
D,DISPATCH,UNIT_SCADA,1,"2022/10/20 19:55:00",JBUTTERS,9.618670
D,DISPATCH,UNIT_SCADA,1,"2022/10/20 19:55:00",JEMALNG1,0
D,DISPATCH,UNIT_SCADA,1,"2022/10/20 19:55:00",JLA01,0
D,DISPATCH,UNIT_SCADA,1,"2022/10/20 19:55:00",JLA02,0
D,DISPATCH,UNIT_SCADA,1,"2022/10/20 19:55:00",JLA03,0
D,DISPATCH,UNIT_SCADA,1,"2022/10/20 19:55:00",JLA04,0
D,DISPATCH,UNIT_SCADA,1,"2022/10/20 19:55:00",JLB01,0
D,DISPATCH,UNIT_SCADA,1,"2022/10/20 19:55:00",JLB02,0.10
D,DISPATCH,UNIT_SCADA,1,"2022/10/20 19:55:00",JLB03,0
D,DISPATCH,UNIT_SCADA,1,"2022/10/20 19:55:00",JUNEESF1,0
D,DISPATCH,UNIT_SCADA,1,"2022/10/20 19:55:00",KABANWF1,0
D,DISPATCH,UNIT_SCADA,1,"2022/10/20 19:55:00",KAREEYA1,0
D,DISPATCH,UNIT_SCADA,1,"2022/10/20 19:55:00",KAREEYA2,0
D,DISPATCH,UNIT_SCADA,1,"2022/10/20 19:55:00",KAREEYA3,4.9525
D,DISPATCH,UNIT_SCADA,1,"2022/10/20 19:55:00",KAREEYA4,0
D,DISPATCH,UNIT_SCADA,1,"2022/10/20 19:55:00",KARSF1,0
D,DISPATCH,UNIT_SCADA,1,"2022/10/20 19:55:00",KEPSF1,0
D,DISPATCH,UNIT_SCADA,1,"2022/10/20 19:55:00",KEPWF1,6.91
D,DISPATCH,UNIT_SCADA,1,"2022/10/20 19:55:00",KIAMSF1,0
D,DISPATCH,UNIT_SCADA,1,"2022/10/20 19:55:00",KIATAWF1,1
D,DISPATCH,UNIT_SCADA,1,"2022/10/20 19:55:00",KPP_1,0
D,DISPATCH,UNIT_SCADA,1,"2022/10/20 19:55:00",KSP1,0
D,DISPATCH,UNIT_SCADA,1,"2022/10/20 19:55:00",LADBROK1,0.01
D,DISPATCH,UNIT_SCADA,1,"2022/10/20 19:55:00",LADBROK2,0.02
D,DISPATCH,UNIT_SCADA,1,"2022/10/20 19:55:00",LBBG1,4.05
D,DISPATCH,UNIT_SCADA,1,"2022/10/20 19:55:00",LBBL1,0
D,DISPATCH,UNIT_SCADA,1,"2022/10/20 19:55:00",LD01,379.442720
D,DISPATCH,UNIT_SCADA,1,"2022/10/20 19:55:00",LD02,73.116240
D,DISPATCH,UNIT_SCADA,1,"2022/10/20 19:55:00",LD04,316.818760
D,DISPATCH,UNIT_SCADA,1,"2022/10/20 19:55:00",LEM_WIL,86.926930
D,DISPATCH,UNIT_SCADA,1,"2022/10/20 19:55:00",LGAPWF1,92.20
D,DISPATCH,UNIT_SCADA,1,"2022/10/20 19:55:00",LGAPWF2,73
D,DISPATCH,UNIT_SCADA,1,"2022/10/20 19:55:00",LILYSF1,0
D,DISPATCH,UNIT_SCADA,1,"2022/10/20 19:55:00",LIMOSF11,0
D,DISPATCH,UNIT_SCADA,1,"2022/10/20 19:55:00",LIMOSF21,0
D,DISPATCH,UNIT_SCADA,1,"2022/10/20 19:55:00",LI_WY_CA,62.931850
D,DISPATCH,UNIT_SCADA,1,"2022/10/20 19:55:00",LKBONNY1,25.453190
D,DISPATCH,UNIT_SCADA,1,"2022/10/20 19:55:00",LKBONNY2,66.362080
D,DISPATCH,UNIT_SCADA,1,"2022/10/20 19:55:00",LKBONNY3,16.076760
D,DISPATCH,UNIT_SCADA,1,"2022/10/20 19:55:00",LK_ECHO,0
D,DISPATCH,UNIT_SCADA,1,"2022/10/20 19:55:00",LNGS1,0
D,DISPATCH,UNIT_SCADA,1,"2022/10/20 19:55:00",LNGS2,0
D,DISPATCH,UNIT_SCADA,1,"2022/10/20 19:55:00",LONSDALE,0
D,DISPATCH,UNIT_SCADA,1,"2022/10/20 19:55:00",LOYYB1,581.202510
D,DISPATCH,UNIT_SCADA,1,"2022/10/20 19:55:00",LOYYB2,574.8114
D,DISPATCH,UNIT_SCADA,1,"2022/10/20 19:55:00",LYA1,560
D,DISPATCH,UNIT_SCADA,1,"2022/10/20 19:55:00",LYA2,0
D,DISPATCH,UNIT_SCADA,1,"2022/10/20 19:55:00",LYA3,561
D,DISPATCH,UNIT_SCADA,1,"2022/10/20 19:55:00",LYA4,561
D,DISPATCH,UNIT_SCADA,1,"2022/10/20 19:55:00",MACARTH1,92.897860
D,DISPATCH,UNIT_SCADA,1,"2022/10/20 19:55:00",MACKNTSH,70.37
D,DISPATCH,UNIT_SCADA,1,"2022/10/20 19:55:00",MANSLR1,0
D,DISPATCH,UNIT_SCADA,1,"2022/10/20 19:55:00",MAPS2PV1,0
D,DISPATCH,UNIT_SCADA,1,"2022/10/20 19:55:00",MAPS3PV1,0
D,DISPATCH,UNIT_SCADA,1,"2022/10/20 19:55:00",MARYRSF1,0
D,DISPATCH,UNIT_SCADA,1,"2022/10/20 19:55:00",MBPS2PV1,0
D,DISPATCH,UNIT_SCADA,1,"2022/10/20 19:55:00",MCKAY1,229.289990
D,DISPATCH,UNIT_SCADA,1,"2022/10/20 19:55:00",MEADOWBK,19.777360
D,DISPATCH,UNIT_SCADA,1,"2022/10/20 19:55:00",MERCER01,16.20
D,DISPATCH,UNIT_SCADA,1,"2022/10/20 19:55:00",METZSF1,0
D,DISPATCH,UNIT_SCADA,1,"2022/10/20 19:55:00",MEWF1,1.990910
D,DISPATCH,UNIT_SCADA,1,"2022/10/20 19:55:00",MIDDLSF1,0
D,DISPATCH,UNIT_SCADA,1,"2022/10/20 19:55:00",MINTARO,0.128180
D,DISPATCH,UNIT_SCADA,1,"2022/10/20 19:55:00",MOLNGSF1,0
D,DISPATCH,UNIT_SCADA,1,"2022/10/20 19:55:00",MOORAWF1,10.40
D,DISPATCH,UNIT_SCADA,1,"2022/10/20 19:55:00",MOREESF1,0
D,DISPATCH,UNIT_SCADA,1,"2022/10/20 19:55:00",MORTLK11,0
D,DISPATCH,UNIT_SCADA,1,"2022/10/20 19:55:00",MORTLK12,0
D,DISPATCH,UNIT_SCADA,1,"2022/10/20 19:55:00",MOUSF1,0
D,DISPATCH,UNIT_SCADA,1,"2022/10/20 19:55:00",MP1,0
D,DISPATCH,UNIT_SCADA,1,"2022/10/20 19:55:00",MP2,624.167240
D,DISPATCH,UNIT_SCADA,1,"2022/10/20 19:55:00",MPP_1,200.476680
D,DISPATCH,UNIT_SCADA,1,"2022/10/20 19:55:00",MPP_2,177.297810
D,DISPATCH,UNIT_SCADA,1,"2022/10/20 19:55:00",MRTLSWF1,0
D,DISPATCH,UNIT_SCADA,1,"2022/10/20 19:55:00",MSTUART1,0
D,DISPATCH,UNIT_SCADA,1,"2022/10/20 19:55:00",MSTUART2,0
D,DISPATCH,UNIT_SCADA,1,"2022/10/20 19:55:00",MSTUART3,0
D,DISPATCH,UNIT_SCADA,1,"2022/10/20 19:55:00",MTGELWF1,47.648550
D,DISPATCH,UNIT_SCADA,1,"2022/10/20 19:55:00",MTMILLAR,12.40
D,DISPATCH,UNIT_SCADA,1,"2022/10/20 19:55:00",MURRAY,282.600010
D,DISPATCH,UNIT_SCADA,1,"2022/10/20 19:55:00",MUSSELR1,25
D,DISPATCH,UNIT_SCADA,1,"2022/10/20 19:55:00",MUWAWF1,0.29
D,DISPATCH,UNIT_SCADA,1,"2022/10/20 19:55:00",MUWAWF2,9.70
D,DISPATCH,UNIT_SCADA,1,"2022/10/20 19:55:00",MWPS1PV1,0
D,DISPATCH,UNIT_SCADA,1,"2022/10/20 19:55:00",MWPS2PV1,0
D,DISPATCH,UNIT_SCADA,1,"2022/10/20 19:55:00",MWPS3PV1,0
D,DISPATCH,UNIT_SCADA,1,"2022/10/20 19:55:00",MWPS4PV1,0
D,DISPATCH,UNIT_SCADA,1,"2022/10/20 19:55:00",NBHWF1,15.70
D,DISPATCH,UNIT_SCADA,1,"2022/10/20 19:55:00",NEVERSF1,0
D,DISPATCH,UNIT_SCADA,1,"2022/10/20 19:55:00",NPS,0
D,DISPATCH,UNIT_SCADA,1,"2022/10/20 19:55:00",NUMURSF1,0
D,DISPATCH,UNIT_SCADA,1,"2022/10/20 19:55:00",NYNGAN1,0
D,DISPATCH,UNIT_SCADA,1,"2022/10/20 19:55:00",OAKEY1,126.242210
D,DISPATCH,UNIT_SCADA,1,"2022/10/20 19:55:00",OAKEY1SF,0
D,DISPATCH,UNIT_SCADA,1,"2022/10/20 19:55:00",OAKEY2,0
D,DISPATCH,UNIT_SCADA,1,"2022/10/20 19:55:00",OAKEY2SF,0
D,DISPATCH,UNIT_SCADA,1,"2022/10/20 19:55:00",OAKLAND1,21.60
D,DISPATCH,UNIT_SCADA,1,"2022/10/20 19:55:00",OSB-AG,178.09
D,DISPATCH,UNIT_SCADA,1,"2022/10/20 19:55:00",PAREPS1,0
D,DISPATCH,UNIT_SCADA,1,"2022/10/20 19:55:00",PAREPW1,112.30
D,DISPATCH,UNIT_SCADA,1,"2022/10/20 19:55:00",PARSF1,0.001530
D,DISPATCH,UNIT_SCADA,1,"2022/10/20 19:55:00",POAT110,3.14
D,DISPATCH,UNIT_SCADA,1,"2022/10/20 19:55:00",POAT220,0
D,DISPATCH,UNIT_SCADA,1,"2022/10/20 19:55:00",POR01,0.008670
D,DISPATCH,UNIT_SCADA,1,"2022/10/20 19:55:00",POR03,0
D,DISPATCH,UNIT_SCADA,1,"2022/10/20 19:55:00",PPCCGT,174.894330
D,DISPATCH,UNIT_SCADA,1,"2022/10/20 19:55:00",PTSTAN1,0
D,DISPATCH,UNIT_SCADA,1,"2022/10/20 19:55:00",PUMP1,0
D,DISPATCH,UNIT_SCADA,1,"2022/10/20 19:55:00",PUMP2,0
D,DISPATCH,UNIT_SCADA,1,"2022/10/20 19:55:00",QBYNBG1,0
D,DISPATCH,UNIT_SCADA,1,"2022/10/20 19:55:00",QBYNBL1,0.0035
D,DISPATCH,UNIT_SCADA,1,"2022/10/20 19:55:00",QPS1,0
D,DISPATCH,UNIT_SCADA,1,"2022/10/20 19:55:00",QPS2,0
D,DISPATCH,UNIT_SCADA,1,"2022/10/20 19:55:00",QPS3,0
D,DISPATCH,UNIT_SCADA,1,"2022/10/20 19:55:00",QPS4,0
D,DISPATCH,UNIT_SCADA,1,"2022/10/20 19:55:00",QPS5,120.42
D,DISPATCH,UNIT_SCADA,1,"2022/10/20 19:55:00",REECE1,99.108120
D,DISPATCH,UNIT_SCADA,1,"2022/10/20 19:55:00",REECE2,99.34
D,DISPATCH,UNIT_SCADA,1,"2022/10/20 19:55:00",ROMA_7,0
D,DISPATCH,UNIT_SCADA,1,"2022/10/20 19:55:00",ROMA_8,0
D,DISPATCH,UNIT_SCADA,1,"2022/10/20 19:55:00",RRSF1,0
D,DISPATCH,UNIT_SCADA,1,"2022/10/20 19:55:00",RT_NSW1,0
D,DISPATCH,UNIT_SCADA,1,"2022/10/20 19:55:00",RT_NSW2,0
D,DISPATCH,UNIT_SCADA,1,"2022/10/20 19:55:00",RT_NSW3,0
D,DISPATCH,UNIT_SCADA,1,"2022/10/20 19:55:00",RT_NSW4,0
D,DISPATCH,UNIT_SCADA,1,"2022/10/20 19:55:00",RT_NSW5,0
D,DISPATCH,UNIT_SCADA,1,"2022/10/20 19:55:00",RT_NSW6,0
D,DISPATCH,UNIT_SCADA,1,"2022/10/20 19:55:00",RT_QLD1,0
D,DISPATCH,UNIT_SCADA,1,"2022/10/20 19:55:00",RT_SA1,0
D,DISPATCH,UNIT_SCADA,1,"2022/10/20 19:55:00",RT_SA2,0
D,DISPATCH,UNIT_SCADA,1,"2022/10/20 19:55:00",RT_SA3,0
D,DISPATCH,UNIT_SCADA,1,"2022/10/20 19:55:00",RT_SA4,0
D,DISPATCH,UNIT_SCADA,1,"2022/10/20 19:55:00",RT_SA5,0
D,DISPATCH,UNIT_SCADA,1,"2022/10/20 19:55:00",RT_SA6,0
D,DISPATCH,UNIT_SCADA,1,"2022/10/20 19:55:00",RT_TAS1,0
D,DISPATCH,UNIT_SCADA,1,"2022/10/20 19:55:00",RT_VIC1,0
D,DISPATCH,UNIT_SCADA,1,"2022/10/20 19:55:00",RT_VIC10,0
D,DISPATCH,UNIT_SCADA,1,"2022/10/20 19:55:00",RT_VIC11,0
D,DISPATCH,UNIT_SCADA,1,"2022/10/20 19:55:00",RT_VIC12,0
D,DISPATCH,UNIT_SCADA,1,"2022/10/20 19:55:00",RT_VIC2,0
D,DISPATCH,UNIT_SCADA,1,"2022/10/20 19:55:00",RT_VIC3,0
D,DISPATCH,UNIT_SCADA,1,"2022/10/20 19:55:00",RT_VIC4,0
D,DISPATCH,UNIT_SCADA,1,"2022/10/20 19:55:00",RT_VIC5,0
D,DISPATCH,UNIT_SCADA,1,"2022/10/20 19:55:00",RT_VIC6,0
D,DISPATCH,UNIT_SCADA,1,"2022/10/20 19:55:00",RT_VIC7,0
D,DISPATCH,UNIT_SCADA,1,"2022/10/20 19:55:00",RT_VIC8,0
D,DISPATCH,UNIT_SCADA,1,"2022/10/20 19:55:00",RT_VIC9,0
D,DISPATCH,UNIT_SCADA,1,"2022/10/20 19:55:00",RUGBYR1,0
D,DISPATCH,UNIT_SCADA,1,"2022/10/20 19:55:00",SALTCRK1,37.70
D,DISPATCH,UNIT_SCADA,1,"2022/10/20 19:55:00",SAPHWF1,241.652560
D,DISPATCH,UNIT_SCADA,1,"2022/10/20 19:55:00",SEBSF1,0
D,DISPATCH,UNIT_SCADA,1,"2022/10/20 19:55:00",SHGEN,80.032750
D,DISPATCH,UNIT_SCADA,1,"2022/10/20 19:55:00",SHPUMP,0
D,DISPATCH,UNIT_SCADA,1,"2022/10/20 19:55:00",SITHE01,0.123710
D,DISPATCH,UNIT_SCADA,1,"2022/10/20 19:55:00",SMCSF1,0
D,DISPATCH,UNIT_SCADA,1,"2022/10/20 19:55:00",SNAPPER1,0
D,DISPATCH,UNIT_SCADA,1,"2022/10/20 19:55:00",SNOWNTH1,21.20
D,DISPATCH,UNIT_SCADA,1,"2022/10/20 19:55:00",SNOWSTH1,8.70
D,DISPATCH,UNIT_SCADA,1,"2022/10/20 19:55:00",SNOWTWN1,20.382710
D,DISPATCH,UNIT_SCADA,1,"2022/10/20 19:55:00",SNOWYP,0
D,DISPATCH,UNIT_SCADA,1,"2022/10/20 19:55:00",SNUG1,0
D,DISPATCH,UNIT_SCADA,1,"2022/10/20 19:55:00",SRSF1,0
D,DISPATCH,UNIT_SCADA,1,"2022/10/20 19:55:00",STAN-1,280.248380
D,DISPATCH,UNIT_SCADA,1,"2022/10/20 19:55:00",STAN-2,364.102420
D,DISPATCH,UNIT_SCADA,1,"2022/10/20 19:55:00",STAN-3,363.294920
D,DISPATCH,UNIT_SCADA,1,"2022/10/20 19:55:00",STAN-4,364.743320
D,DISPATCH,UNIT_SCADA,1,"2022/10/20 19:55:00",STARHLWF,14.595740
D,DISPATCH,UNIT_SCADA,1,"2022/10/20 19:55:00",STOCKYD1,174.539990
D,DISPATCH,UNIT_SCADA,1,"2022/10/20 19:55:00",STWF1,120.626230
D,DISPATCH,UNIT_SCADA,1,"2022/10/20 19:55:00",SUNRSF1,0
D,DISPATCH,UNIT_SCADA,1,"2022/10/20 19:55:00",SUNTPSF1,0
D,DISPATCH,UNIT_SCADA,1,"2022/10/20 19:55:00",SWAN_E,352.513120
D,DISPATCH,UNIT_SCADA,1,"2022/10/20 19:55:00",TALWA1,0
D,DISPATCH,UNIT_SCADA,1,"2022/10/20 19:55:00",TARALGA1,0
D,DISPATCH,UNIT_SCADA,1,"2022/10/20 19:55:00",TARONG#1,348.399990
D,DISPATCH,UNIT_SCADA,1,"2022/10/20 19:55:00",TARONG#2,349.700010
D,DISPATCH,UNIT_SCADA,1,"2022/10/20 19:55:00",TARONG#3,0.90
D,DISPATCH,UNIT_SCADA,1,"2022/10/20 19:55:00",TARONG#4,294.899990
D,DISPATCH,UNIT_SCADA,1,"2022/10/20 19:55:00",TARRALEA,53.90
D,DISPATCH,UNIT_SCADA,1,"2022/10/20 19:55:00",TBSF1,0
D,DISPATCH,UNIT_SCADA,1,"2022/10/20 19:55:00",TNPS1,421.3750
D,DISPATCH,UNIT_SCADA,1,"2022/10/20 19:55:00",TORRB1,0
D,DISPATCH,UNIT_SCADA,1,"2022/10/20 19:55:00",TORRB2,67
D,DISPATCH,UNIT_SCADA,1,"2022/10/20 19:55:00",TORRB3,0
D,DISPATCH,UNIT_SCADA,1,"2022/10/20 19:55:00",TORRB4,0
D,DISPATCH,UNIT_SCADA,1,"2022/10/20 19:55:00",TREVALLN,98.055060
D,DISPATCH,UNIT_SCADA,1,"2022/10/20 19:55:00",TRIBUTE,0
D,DISPATCH,UNIT_SCADA,1,"2022/10/20 19:55:00",TUMUT3,418.829990
D,DISPATCH,UNIT_SCADA,1,"2022/10/20 19:55:00",TUNGATIN,5.890020
D,DISPATCH,UNIT_SCADA,1,"2022/10/20 19:55:00",TVCC201,0
D,DISPATCH,UNIT_SCADA,1,"2022/10/20 19:55:00",TVPP104,57.904710
D,DISPATCH,UNIT_SCADA,1,"2022/10/20 19:55:00",UPPTUMUT,123.819470
D,DISPATCH,UNIT_SCADA,1,"2022/10/20 19:55:00",URANQ11,0
D,DISPATCH,UNIT_SCADA,1,"2022/10/20 19:55:00",URANQ12,0
D,DISPATCH,UNIT_SCADA,1,"2022/10/20 19:55:00",URANQ13,0
D,DISPATCH,UNIT_SCADA,1,"2022/10/20 19:55:00",URANQ14,0
D,DISPATCH,UNIT_SCADA,1,"2022/10/20 19:55:00",VBBG1,2.90
D,DISPATCH,UNIT_SCADA,1,"2022/10/20 19:55:00",VBBL1,0
D,DISPATCH,UNIT_SCADA,1,"2022/10/20 19:55:00",VP5,558.903750
D,DISPATCH,UNIT_SCADA,1,"2022/10/20 19:55:00",VP6,599.700930
D,DISPATCH,UNIT_SCADA,1,"2022/10/20 19:55:00",VPGS1,0
D,DISPATCH,UNIT_SCADA,1,"2022/10/20 19:55:00",VPGS2,0
D,DISPATCH,UNIT_SCADA,1,"2022/10/20 19:55:00",VPGS3,0
D,DISPATCH,UNIT_SCADA,1,"2022/10/20 19:55:00",VPGS4,0
D,DISPATCH,UNIT_SCADA,1,"2022/10/20 19:55:00",VPGS5,0
D,DISPATCH,UNIT_SCADA,1,"2022/10/20 19:55:00",VPGS6,0
D,DISPATCH,UNIT_SCADA,1,"2022/10/20 19:55:00",W/HOE#1,0
D,DISPATCH,UNIT_SCADA,1,"2022/10/20 19:55:00",W/HOE#2,0
D,DISPATCH,UNIT_SCADA,1,"2022/10/20 19:55:00",WAGGNSF1,0
D,DISPATCH,UNIT_SCADA,1,"2022/10/20 19:55:00",WALGRVG1,7.726570
D,DISPATCH,UNIT_SCADA,1,"2022/10/20 19:55:00",WALGRVL1,0
D,DISPATCH,UNIT_SCADA,1,"2022/10/20 19:55:00",WANDBG1,0
D,DISPATCH,UNIT_SCADA,1,"2022/10/20 19:55:00",WANDBL1,0
D,DISPATCH,UNIT_SCADA,1,"2022/10/20 19:55:00",WARWSF1,0
D,DISPATCH,UNIT_SCADA,1,"2022/10/20 19:55:00",WARWSF2,0
D,DISPATCH,UNIT_SCADA,1,"2022/10/20 19:55:00",WATERLWF,6.70
D,DISPATCH,UNIT_SCADA,1,"2022/10/20 19:55:00",WDGPH1,0
D,DISPATCH,UNIT_SCADA,1,"2022/10/20 19:55:00",WELLSF1,0
D,DISPATCH,UNIT_SCADA,1,"2022/10/20 19:55:00",WEMENSF1,0
D,DISPATCH,UNIT_SCADA,1,"2022/10/20 19:55:00",WGWF1,4.50
D,DISPATCH,UNIT_SCADA,1,"2022/10/20 19:55:00",WHITSF1,0
D,DISPATCH,UNIT_SCADA,1,"2022/10/20 19:55:00",WINTSF1,0
D,DISPATCH,UNIT_SCADA,1,"2022/10/20 19:55:00",WKIEWA1,33.90
D,DISPATCH,UNIT_SCADA,1,"2022/10/20 19:55:00",WKIEWA2,33.90
D,DISPATCH,UNIT_SCADA,1,"2022/10/20 19:55:00",WOODLWN1,42.886890
D,DISPATCH,UNIT_SCADA,1,"2022/10/20 19:55:00",WOOLGSF1,0
D,DISPATCH,UNIT_SCADA,1,"2022/10/20 19:55:00",WPWF,48.47
D,DISPATCH,UNIT_SCADA,1,"2022/10/20 19:55:00",WRSF1,0
D,DISPATCH,UNIT_SCADA,1,"2022/10/20 19:55:00",WRWF1,102.592510
D,DISPATCH,UNIT_SCADA,1,"2022/10/20 19:55:00",WSTWYSF1,0
D,DISPATCH,UNIT_SCADA,1,"2022/10/20 19:55:00",YABULU,153.900010
D,DISPATCH,UNIT_SCADA,1,"2022/10/20 19:55:00",YABULU2,0
D,DISPATCH,UNIT_SCADA,1,"2022/10/20 19:55:00",YARANSF1,0
D,DISPATCH,UNIT_SCADA,1,"2022/10/20 19:55:00",YARWUN_1,163.34
D,DISPATCH,UNIT_SCADA,1,"2022/10/20 19:55:00",YATSF1,0
D,DISPATCH,UNIT_SCADA,1,"2022/10/20 19:55:00",YENDWF1,11.28
D,DISPATCH,UNIT_SCADA,1,"2022/10/20 19:55:00",YWPS1,346.113920
D,DISPATCH,UNIT_SCADA,1,"2022/10/20 19:55:00",YWPS2,362.405060
D,DISPATCH,UNIT_SCADA,1,"2022/10/20 19:55:00",YWPS3,361.364560
D,DISPATCH,UNIT_SCADA,1,"2022/10/20 19:55:00",YWPS4,0
C,"END OF REPORT",419
