C,NEMP.WORLD,DISPATCHSCADA,AEMO,PUBLIC,2022/10/20,14:30:11,0000000373260929,DISPATCHSCADA,0000000373260923
I,DISPATCH,UNIT_SCADA,1,SETTLEMENTDATE,DUID,SCADAVALUE
D,DISPATCH,UNIT_SCADA,1,"2022/10/20 14:35:00",BARCSF1,3.20
D,DISPATCH,UNIT_SCADA,1,"2022/10/20 14:35:00",BUTLERSG,8.699999
D,DISPATCH,UNIT_SCADA,1,"2022/10/20 14:35:00",CAPTL_WF,71.692497
D,DISPATCH,UNIT_SCADA,1,"2022/10/20 14:35:00",CHALLHWF,10.30
D,DISPATCH,UNIT_SCADA,1,"2022/10/20 14:35:00",CLOVER,10.79
D,DISPATCH,UNIT_SCADA,1,"2022/10/20 14:35:00",CLUNY,6.143740
D,DISPATCH,UNIT_SCADA,1,"2022/10/20 14:35:00",CULLRGWF,-0.04
D,DISPATCH,UNIT_SCADA,1,"2022/10/20 14:35:00",DIAPURWF1,7.20
D,DISPATCH,UNIT_SCADA,1,"2022/10/20 14:35:00",ERGT01,0
D,DISPATCH,UNIT_SCADA,1,"2022/10/20 14:35:00",GB01,0
D,DISPATCH,UNIT_SCADA,1,"2022/10/20 14:35:00",GERMCRK,21.50
D,DISPATCH,UNIT_SCADA,1,"2022/10/20 14:35:00",GRIFSF1,8.699168
D,DISPATCH,UNIT_SCADA,1,"2022/10/20 14:35:00",HEZ1,0
D,DISPATCH,UNIT_SCADA,1,"2022/10/20 14:35:00",HUGSF1,2.7860
D,DISPATCH,UNIT_SCADA,1,"2022/10/20 14:35:00",KEPBG1,0
D,DISPATCH,UNIT_SCADA,1,"2022/10/20 14:35:00",LRSF1,11.4230
D,DISPATCH,UNIT_SCADA,1,"2022/10/20 14:35:00",MBAHNTH,43.199997
D,DISPATCH,UNIT_SCADA,1,"2022/10/20 14:35:00",MLSP1,2.853001
D,DISPATCH,UNIT_SCADA,1,"2022/10/20 14:35:00",MLWF1,5.3250
D,DISPATCH,UNIT_SCADA,1,"2022/10/20 14:35:00",PALOONA,30.219999
D,DISPATCH,UNIT_SCADA,1,"2022/10/20 14:35:00",PIONEER,42.200001
D,DISPATCH,UNIT_SCADA,1,"2022/10/20 14:35:00",PORTWF,59.599998
D,DISPATCH,UNIT_SCADA,1,"2022/10/20 14:35:00",REPULSE,9.550317
D,DISPATCH,UNIT_SCADA,1,"2022/10/20 14:35:00",ROWALLAN,8.8040
D,DISPATCH,UNIT_SCADA,1,"2022/10/20 14:35:00",ROYALLA1,5.492003
D,DISPATCH,UNIT_SCADA,1,"2022/10/20 14:35:00",RPCG,-1.80
D,DISPATCH,UNIT_SCADA,1,"2022/10/20 14:35:00",RUBICON,0
D,DISPATCH,UNIT_SCADA,1,"2022/10/20 14:35:00",WAUBRAWF,65.767998
D,DISPATCH,UNIT_SCADA,1,"2022/10/20 14:35:00",WOOLNTH1,98.209991
D,DISPATCH,UNIT_SCADA,1,"2022/10/20 14:35:00",YAMBUKWF,6.90
D,DISPATCH,UNIT_SCADA,1,"2022/10/20 14:35:00",YSWF1,2.20
D,DISPATCH,UNIT_SCADA,1,"2022/10/20 14:35:00",ADPBA1G,0.0080
D,DISPATCH,UNIT_SCADA,1,"2022/10/20 14:35:00",ADPBA1L,0
D,DISPATCH,UNIT_SCADA,1,"2022/10/20 14:35:00",ADPPV1,8.7810
D,DISPATCH,UNIT_SCADA,1,"2022/10/20 14:35:00",AGLHAL,0
D,DISPATCH,UNIT_SCADA,1,"2022/10/20 14:35:00",AGLSOM,0
D,DISPATCH,UNIT_SCADA,1,"2022/10/20 14:35:00",ANGAST1,-0.10
D,DISPATCH,UNIT_SCADA,1,"2022/10/20 14:35:00",ARWF1,7.70
D,DISPATCH,UNIT_SCADA,1,"2022/10/20 14:35:00",BALBG1,0
D,DISPATCH,UNIT_SCADA,1,"2022/10/20 14:35:00",BALBL1,0
D,DISPATCH,UNIT_SCADA,1,"2022/10/20 14:35:00",BALDHWF1,79.1060
D,DISPATCH,UNIT_SCADA,1,"2022/10/20 14:35:00",BANGOWF1,20.295720
D,DISPATCH,UNIT_SCADA,1,"2022/10/20 14:35:00",BANGOWF2,0
D,DISPATCH,UNIT_SCADA,1,"2022/10/20 14:35:00",BANN1,30.04
D,DISPATCH,UNIT_SCADA,1,"2022/10/20 14:35:00",BARCALDN,0
D,DISPATCH,UNIT_SCADA,1,"2022/10/20 14:35:00",BARKIPS1,0
D,DISPATCH,UNIT_SCADA,1,"2022/10/20 14:35:00",BARRON-1,16.92
D,DISPATCH,UNIT_SCADA,1,"2022/10/20 14:35:00",BARRON-2,0
D,DISPATCH,UNIT_SCADA,1,"2022/10/20 14:35:00",BASTYAN,53.400010
D,DISPATCH,UNIT_SCADA,1,"2022/10/20 14:35:00",BBTHREE1,0
D,DISPATCH,UNIT_SCADA,1,"2022/10/20 14:35:00",BBTHREE2,21.17
D,DISPATCH,UNIT_SCADA,1,"2022/10/20 14:35:00",BBTHREE3,-1.08
D,DISPATCH,UNIT_SCADA,1,"2022/10/20 14:35:00",BDL01,0
D,DISPATCH,UNIT_SCADA,1,"2022/10/20 14:35:00",BDL02,0
D,DISPATCH,UNIT_SCADA,1,"2022/10/20 14:35:00",BERYLSF1,0
D,DISPATCH,UNIT_SCADA,1,"2022/10/20 14:35:00",BLOWERNG,62.50
D,DISPATCH,UNIT_SCADA,1,"2022/10/20 14:35:00",BLUEGSF1,28.750850
D,DISPATCH,UNIT_SCADA,1,"2022/10/20 14:35:00",BLUFF1,0
D,DISPATCH,UNIT_SCADA,1,"2022/10/20 14:35:00",BNGSF1,17.91
D,DISPATCH,UNIT_SCADA,1,"2022/10/20 14:35:00",BNGSF2,17.20
D,DISPATCH,UNIT_SCADA,1,"2022/10/20 14:35:00",BOCORWF1,44.19
D,DISPATCH,UNIT_SCADA,1,"2022/10/20 14:35:00",BODWF1,63.1612
D,DISPATCH,UNIT_SCADA,1,"2022/10/20 14:35:00",BOMENSF1,36.729690
D,DISPATCH,UNIT_SCADA,1,"2022/10/20 14:35:00",BOWWBA1G,0
D,DISPATCH,UNIT_SCADA,1,"2022/10/20 14:35:00",BOWWBA1L,0.0010
D,DISPATCH,UNIT_SCADA,1,"2022/10/20 14:35:00",BOWWPV1,0
D,DISPATCH,UNIT_SCADA,1,"2022/10/20 14:35:00",BRAEMAR1,0
D,DISPATCH,UNIT_SCADA,1,"2022/10/20 14:35:00",BRAEMAR2,0
D,DISPATCH,UNIT_SCADA,1,"2022/10/20 14:35:00",BRAEMAR3,0
D,DISPATCH,UNIT_SCADA,1,"2022/10/20 14:35:00",BRAEMAR5,0.292060
D,DISPATCH,UNIT_SCADA,1,"2022/10/20 14:35:00",BRAEMAR6,0
D,DISPATCH,UNIT_SCADA,1,"2022/10/20 14:35:00",BRAEMAR7,0.130920
D,DISPATCH,UNIT_SCADA,1,"2022/10/20 14:35:00",BROKENH1,16.199750
D,DISPATCH,UNIT_SCADA,1,"2022/10/20 14:35:00",BRYB1WF1,88.413830
D,DISPATCH,UNIT_SCADA,1,"2022/10/20 14:35:00",BULBESG1,0.14
D,DISPATCH,UNIT_SCADA,1,"2022/10/20 14:35:00",BULBESL1,0
D,DISPATCH,UNIT_SCADA,1,"2022/10/20 14:35:00",BULGANA1,7.92
D,DISPATCH,UNIT_SCADA,1,"2022/10/20 14:35:00",BW01,660.715640
D,DISPATCH,UNIT_SCADA,1,"2022/10/20 14:35:00",BW02,619.137880
D,DISPATCH,UNIT_SCADA,1,"2022/10/20 14:35:00",BW03,548.067440
D,DISPATCH,UNIT_SCADA,1,"2022/10/20 14:35:00",BW04,0
D,DISPATCH,UNIT_SCADA,1,"2022/10/20 14:35:00",CALL_B_1,321.200010
D,DISPATCH,UNIT_SCADA,1,"2022/10/20 14:35:00",CALL_B_2,321.50
D,DISPATCH,UNIT_SCADA,1,"2022/10/20 14:35:00",CATHROCK,9.50
D,DISPATCH,UNIT_SCADA,1,"2022/10/20 14:35:00",CBWWBA1G,0
D,DISPATCH,UNIT_SCADA,1,"2022/10/20 14:35:00",CBWWBA1L,0
D,DISPATCH,UNIT_SCADA,1,"2022/10/20 14:35:00",CETHANA,81.299750
D,DISPATCH,UNIT_SCADA,1,"2022/10/20 14:35:00",CG1,0
D,DISPATCH,UNIT_SCADA,1,"2022/10/20 14:35:00",CG2,0
D,DISPATCH,UNIT_SCADA,1,"2022/10/20 14:35:00",CG3,0
D,DISPATCH,UNIT_SCADA,1,"2022/10/20 14:35:00",CG4,0
D,DISPATCH,UNIT_SCADA,1,"2022/10/20 14:35:00",CHILDSF1,8.31
D,DISPATCH,UNIT_SCADA,1,"2022/10/20 14:35:00",CHYTWF1,7.88
D,DISPATCH,UNIT_SCADA,1,"2022/10/20 14:35:00",CLARESF1,97.263620
D,DISPATCH,UNIT_SCADA,1,"2022/10/20 14:35:00",CLEMGPWF,2.593260
D,DISPATCH,UNIT_SCADA,1,"2022/10/20 14:35:00",CLERMSF1,62.86
D,DISPATCH,UNIT_SCADA,1,"2022/10/20 14:35:00",CNUNDAWF,10.7125
D,DISPATCH,UNIT_SCADA,1,"2022/10/20 14:35:00",COHUNSF1,8.69
D,DISPATCH,UNIT_SCADA,1,"2022/10/20 14:35:00",COLEASF1,38.401240
D,DISPATCH,UNIT_SCADA,1,"2022/10/20 14:35:00",COLUMSF1,13.5540
D,DISPATCH,UNIT_SCADA,1,"2022/10/20 14:35:00",COLWF01,91.313030
D,DISPATCH,UNIT_SCADA,1,"2022/10/20 14:35:00",COOPGWF1,117.59
D,DISPATCH,UNIT_SCADA,1,"2022/10/20 14:35:00",CPP_3,387.200010
D,DISPATCH,UNIT_SCADA,1,"2022/10/20 14:35:00",CPP_4,0
D,DISPATCH,UNIT_SCADA,1,"2022/10/20 14:35:00",CPSA,0
D,DISPATCH,UNIT_SCADA,1,"2022/10/20 14:35:00",CROOKWF2,34.184480
D,DISPATCH,UNIT_SCADA,1,"2022/10/20 14:35:00",CROWLWF1,11.251710
D,DISPATCH,UNIT_SCADA,1,"2022/10/20 14:35:00",CRURWF1,27.699020
D,DISPATCH,UNIT_SCADA,1,"2022/10/20 14:35:00",CRWASF1,13.407230
D,DISPATCH,UNIT_SCADA,1,"2022/10/20 14:35:00",CSPVPS1,10.8780
D,DISPATCH,UNIT_SCADA,1,"2022/10/20 14:35:00",CTHLWF1,0.003050
D,DISPATCH,UNIT_SCADA,1,"2022/10/20 14:35:00",DALNTH01,0
D,DISPATCH,UNIT_SCADA,1,"2022/10/20 14:35:00",DALNTHL1,0.105290
D,DISPATCH,UNIT_SCADA,1,"2022/10/20 14:35:00",DARLSF1,81.767550
D,DISPATCH,UNIT_SCADA,1,"2022/10/20 14:35:00",DARTM1,0
D,DISPATCH,UNIT_SCADA,1,"2022/10/20 14:35:00",DAYDSF1,15.7710
D,DISPATCH,UNIT_SCADA,1,"2022/10/20 14:35:00",DDPS1,0
D,DISPATCH,UNIT_SCADA,1,"2022/10/20 14:35:00",DDSF1,36.823040
D,DISPATCH,UNIT_SCADA,1,"2022/10/20 14:35:00",DEVILS_G,62.914520
D,DISPATCH,UNIT_SCADA,1,"2022/10/20 14:35:00",DG_NSW1,0
D,DISPATCH,UNIT_SCADA,1,"2022/10/20 14:35:00",DG_QLD1,0
D,DISPATCH,UNIT_SCADA,1,"2022/10/20 14:35:00",DG_SA1,0
D,DISPATCH,UNIT_SCADA,1,"2022/10/20 14:35:00",DG_TAS1,0
D,DISPATCH,UNIT_SCADA,1,"2022/10/20 14:35:00",DG_VIC1,0
D,DISPATCH,UNIT_SCADA,1,"2022/10/20 14:35:00",DRYCGT1,0
D,DISPATCH,UNIT_SCADA,1,"2022/10/20 14:35:00",DRYCGT2,0
D,DISPATCH,UNIT_SCADA,1,"2022/10/20 14:35:00",DRYCGT3,0
D,DISPATCH,UNIT_SCADA,1,"2022/10/20 14:35:00",DUNDWF1,60.63
D,DISPATCH,UNIT_SCADA,1,"2022/10/20 14:35:00",DUNDWF2,16.55
D,DISPATCH,UNIT_SCADA,1,"2022/10/20 14:35:00",DUNDWF3,48.66
D,DISPATCH,UNIT_SCADA,1,"2022/10/20 14:35:00",EILDON1,59.96
D,DISPATCH,UNIT_SCADA,1,"2022/10/20 14:35:00",EILDON2,60.08
D,DISPATCH,UNIT_SCADA,1,"2022/10/20 14:35:00",ELAINWF1,20.85
D,DISPATCH,UNIT_SCADA,1,"2022/10/20 14:35:00",EMERASF1,0
D,DISPATCH,UNIT_SCADA,1,"2022/10/20 14:35:00",ER01,0
D,DISPATCH,UNIT_SCADA,1,"2022/10/20 14:35:00",ER02,520.039670
D,DISPATCH,UNIT_SCADA,1,"2022/10/20 14:35:00",ER03,520.4303
D,DISPATCH,UNIT_SCADA,1,"2022/10/20 14:35:00",ER04,518.770140
D,DISPATCH,UNIT_SCADA,1,"2022/10/20 14:35:00",FINLYSF1,94.9630
D,DISPATCH,UNIT_SCADA,1,"2022/10/20 14:35:00",FISHER,43.96
D,DISPATCH,UNIT_SCADA,1,"2022/10/20 14:35:00",GANGARR1,11.0570
D,DISPATCH,UNIT_SCADA,1,"2022/10/20 14:35:00",GANNBG1,0
D,DISPATCH,UNIT_SCADA,1,"2022/10/20 14:35:00",GANNBL1,1.256120
D,DISPATCH,UNIT_SCADA,1,"2022/10/20 14:35:00",GANNSF1,28.60
D,DISPATCH,UNIT_SCADA,1,"2022/10/20 14:35:00",GLRWNSF1,87.01
D,DISPATCH,UNIT_SCADA,1,"2022/10/20 14:35:00",GNNDHSF1,42.199820
D,DISPATCH,UNIT_SCADA,1,"2022/10/20 14:35:00",GOONSF1,46.437480
D,DISPATCH,UNIT_SCADA,1,"2022/10/20 14:35:00",GORDON,199.756160
D,DISPATCH,UNIT_SCADA,1,"2022/10/20 14:35:00",GRANWF1,0
D,DISPATCH,UNIT_SCADA,1,"2022/10/20 14:35:00",GSTONE1,203.70
D,DISPATCH,UNIT_SCADA,1,"2022/10/20 14:35:00",GSTONE2,0
D,DISPATCH,UNIT_SCADA,1,"2022/10/20 14:35:00",GSTONE3,199.849990
D,DISPATCH,UNIT_SCADA,1,"2022/10/20 14:35:00",GSTONE4,0
D,DISPATCH,UNIT_SCADA,1,"2022/10/20 14:35:00",GSTONE5,189.349990
D,DISPATCH,UNIT_SCADA,1,"2022/10/20 14:35:00",GSTONE6,204.75
D,DISPATCH,UNIT_SCADA,1,"2022/10/20 14:35:00",GULLRSF1,1.264980
D,DISPATCH,UNIT_SCADA,1,"2022/10/20 14:35:00",GULLRWF1,61.974050
D,DISPATCH,UNIT_SCADA,1,"2022/10/20 14:35:00",GULLRWF2,55.161970
D,DISPATCH,UNIT_SCADA,1,"2022/10/20 14:35:00",GUNNING1,0
D,DISPATCH,UNIT_SCADA,1,"2022/10/20 14:35:00",GUTHEGA,64.40
D,DISPATCH,UNIT_SCADA,1,"2022/10/20 14:35:00",HALLWF1,0
D,DISPATCH,UNIT_SCADA,1,"2022/10/20 14:35:00",HALLWF2,0
D,DISPATCH,UNIT_SCADA,1,"2022/10/20 14:35:00",HAMISF1,5.80
D,DISPATCH,UNIT_SCADA,1,"2022/10/20 14:35:00",HAUGHT11,53.864450
D,DISPATCH,UNIT_SCADA,1,"2022/10/20 14:35:00",HAYMSF1,4.7990
D,DISPATCH,UNIT_SCADA,1,"2022/10/20 14:35:00",HDWF1,4
D,DISPATCH,UNIT_SCADA,1,"2022/10/20 14:35:00",HDWF2,4.20
D,DISPATCH,UNIT_SCADA,1,"2022/10/20 14:35:00",HDWF3,2.80
D,DISPATCH,UNIT_SCADA,1,"2022/10/20 14:35:00",HILLSTN1,59.711490
D,DISPATCH,UNIT_SCADA,1,"2022/10/20 14:35:00",HPRG1,0
D,DISPATCH,UNIT_SCADA,1,"2022/10/20 14:35:00",HPRL1,11.90
D,DISPATCH,UNIT_SCADA,1,"2022/10/20 14:35:00",HUMENSW,54.432160
D,DISPATCH,UNIT_SCADA,1,"2022/10/20 14:35:00",HUMEV,0
D,DISPATCH,UNIT_SCADA,1,"2022/10/20 14:35:00",HVWWBA1G,0
D,DISPATCH,UNIT_SCADA,1,"2022/10/20 14:35:00",HVWWBA1L,0.0070
D,DISPATCH,UNIT_SCADA,1,"2022/10/20 14:35:00",HVWWPV1,4.8610
D,DISPATCH,UNIT_SCADA,1,"2022/10/20 14:35:00",JBUTTERS,0
D,DISPATCH,UNIT_SCADA,1,"2022/10/20 14:35:00",JEMALNG1,11.51
D,DISPATCH,UNIT_SCADA,1,"2022/10/20 14:35:00",JLA01,0
D,DISPATCH,UNIT_SCADA,1,"2022/10/20 14:35:00",JLA02,0
D,DISPATCH,UNIT_SCADA,1,"2022/10/20 14:35:00",JLA03,0
D,DISPATCH,UNIT_SCADA,1,"2022/10/20 14:35:00",JLA04,0
D,DISPATCH,UNIT_SCADA,1,"2022/10/20 14:35:00",JLB01,0
D,DISPATCH,UNIT_SCADA,1,"2022/10/20 14:35:00",JLB02,0.10
D,DISPATCH,UNIT_SCADA,1,"2022/10/20 14:35:00",JLB03,0
D,DISPATCH,UNIT_SCADA,1,"2022/10/20 14:35:00",JUNEESF1,10.840580
D,DISPATCH,UNIT_SCADA,1,"2022/10/20 14:35:00",KABANWF1,3.18
D,DISPATCH,UNIT_SCADA,1,"2022/10/20 14:35:00",KAREEYA1,0
D,DISPATCH,UNIT_SCADA,1,"2022/10/20 14:35:00",KAREEYA2,0
D,DISPATCH,UNIT_SCADA,1,"2022/10/20 14:35:00",KAREEYA3,5.0650
D,DISPATCH,UNIT_SCADA,1,"2022/10/20 14:35:00",KAREEYA4,0
D,DISPATCH,UNIT_SCADA,1,"2022/10/20 14:35:00",KARSF1,74.90
D,DISPATCH,UNIT_SCADA,1,"2022/10/20 14:35:00",KEPSF1,5.42
D,DISPATCH,UNIT_SCADA,1,"2022/10/20 14:35:00",KEPWF1,11.01
D,DISPATCH,UNIT_SCADA,1,"2022/10/20 14:35:00",KIAMSF1,16.399630
D,DISPATCH,UNIT_SCADA,1,"2022/10/20 14:35:00",KIATAWF1,16.90
D,DISPATCH,UNIT_SCADA,1,"2022/10/20 14:35:00",KPP_1,0
D,DISPATCH,UNIT_SCADA,1,"2022/10/20 14:35:00",KSP1,11.13
D,DISPATCH,UNIT_SCADA,1,"2022/10/20 14:35:00",LADBROK1,0.01
D,DISPATCH,UNIT_SCADA,1,"2022/10/20 14:35:00",LADBROK2,0.02
D,DISPATCH,UNIT_SCADA,1,"2022/10/20 14:35:00",LBBG1,0
D,DISPATCH,UNIT_SCADA,1,"2022/10/20 14:35:00",LBBL1,0
D,DISPATCH,UNIT_SCADA,1,"2022/10/20 14:35:00",LD01,286.367370
D,DISPATCH,UNIT_SCADA,1,"2022/10/20 14:35:00",LD02,12.396620
D,DISPATCH,UNIT_SCADA,1,"2022/10/20 14:35:00",LD04,286.294130
D,DISPATCH,UNIT_SCADA,1,"2022/10/20 14:35:00",LEM_WIL,79.195760
D,DISPATCH,UNIT_SCADA,1,"2022/10/20 14:35:00",LGAPWF1,56.02
D,DISPATCH,UNIT_SCADA,1,"2022/10/20 14:35:00",LGAPWF2,31.56
D,DISPATCH,UNIT_SCADA,1,"2022/10/20 14:35:00",LILYSF1,69.730290
D,DISPATCH,UNIT_SCADA,1,"2022/10/20 14:35:00",LIMOSF11,97.260250
D,DISPATCH,UNIT_SCADA,1,"2022/10/20 14:35:00",LIMOSF21,6.735910
D,DISPATCH,UNIT_SCADA,1,"2022/10/20 14:35:00",LI_WY_CA,62.358860
D,DISPATCH,UNIT_SCADA,1,"2022/10/20 14:35:00",LKBONNY1,0
D,DISPATCH,UNIT_SCADA,1,"2022/10/20 14:35:00",LKBONNY2,12.810250
D,DISPATCH,UNIT_SCADA,1,"2022/10/20 14:35:00",LKBONNY3,1.786310
D,DISPATCH,UNIT_SCADA,1,"2022/10/20 14:35:00",LK_ECHO,0
D,DISPATCH,UNIT_SCADA,1,"2022/10/20 14:35:00",LNGS1,0
D,DISPATCH,UNIT_SCADA,1,"2022/10/20 14:35:00",LNGS2,0
D,DISPATCH,UNIT_SCADA,1,"2022/10/20 14:35:00",LONSDALE,0
D,DISPATCH,UNIT_SCADA,1,"2022/10/20 14:35:00",LOYYB1,477.816470
D,DISPATCH,UNIT_SCADA,1,"2022/10/20 14:35:00",LOYYB2,451.50
D,DISPATCH,UNIT_SCADA,1,"2022/10/20 14:35:00",LYA1,459
D,DISPATCH,UNIT_SCADA,1,"2022/10/20 14:35:00",LYA2,0
D,DISPATCH,UNIT_SCADA,1,"2022/10/20 14:35:00",LYA3,480
D,DISPATCH,UNIT_SCADA,1,"2022/10/20 14:35:00",LYA4,476
D,DISPATCH,UNIT_SCADA,1,"2022/10/20 14:35:00",MACARTH1,48.798870
D,DISPATCH,UNIT_SCADA,1,"2022/10/20 14:35:00",MACKNTSH,0
D,DISPATCH,UNIT_SCADA,1,"2022/10/20 14:35:00",MANSLR1,37.1950
D,DISPATCH,UNIT_SCADA,1,"2022/10/20 14:35:00",MAPS2PV1,0
D,DISPATCH,UNIT_SCADA,1,"2022/10/20 14:35:00",MAPS3PV1,0
D,DISPATCH,UNIT_SCADA,1,"2022/10/20 14:35:00",MARYRSF1,7.82
D,DISPATCH,UNIT_SCADA,1,"2022/10/20 14:35:00",MBPS2PV1,0
D,DISPATCH,UNIT_SCADA,1,"2022/10/20 14:35:00",MCKAY1,0.02
D,DISPATCH,UNIT_SCADA,1,"2022/10/20 14:35:00",MEADOWBK,6.030380
D,DISPATCH,UNIT_SCADA,1,"2022/10/20 14:35:00",MERCER01,27.30
D,DISPATCH,UNIT_SCADA,1,"2022/10/20 14:35:00",METZSF1,40.448730
D,DISPATCH,UNIT_SCADA,1,"2022/10/20 14:35:00",MEWF1,1
D,DISPATCH,UNIT_SCADA,1,"2022/10/20 14:35:00",MIDDLSF1,13.14
D,DISPATCH,UNIT_SCADA,1,"2022/10/20 14:35:00",MINTARO,0.128180
D,DISPATCH,UNIT_SCADA,1,"2022/10/20 14:35:00",MOLNGSF1,7.630730
D,DISPATCH,UNIT_SCADA,1,"2022/10/20 14:35:00",MOORAWF1,35.67
D,DISPATCH,UNIT_SCADA,1,"2022/10/20 14:35:00",MOREESF1,10.5980
D,DISPATCH,UNIT_SCADA,1,"2022/10/20 14:35:00",MORTLK11,0
D,DISPATCH,UNIT_SCADA,1,"2022/10/20 14:35:00",MORTLK12,0
D,DISPATCH,UNIT_SCADA,1,"2022/10/20 14:35:00",MOUSF1,0
D,DISPATCH,UNIT_SCADA,1,"2022/10/20 14:35:00",MP1,0
D,DISPATCH,UNIT_SCADA,1,"2022/10/20 14:35:00",MP2,369.671170
D,DISPATCH,UNIT_SCADA,1,"2022/10/20 14:35:00",MPP_1,143.2238
D,DISPATCH,UNIT_SCADA,1,"2022/10/20 14:35:00",MPP_2,184.9122
D,DISPATCH,UNIT_SCADA,1,"2022/10/20 14:35:00",MRTLSWF1,0
D,DISPATCH,UNIT_SCADA,1,"2022/10/20 14:35:00",MSTUART1,0
D,DISPATCH,UNIT_SCADA,1,"2022/10/20 14:35:00",MSTUART2,0
D,DISPATCH,UNIT_SCADA,1,"2022/10/20 14:35:00",MSTUART3,0
D,DISPATCH,UNIT_SCADA,1,"2022/10/20 14:35:00",MTGELWF1,38.927890
D,DISPATCH,UNIT_SCADA,1,"2022/10/20 14:35:00",MTMILLAR,9.10
D,DISPATCH,UNIT_SCADA,1,"2022/10/20 14:35:00",MURRAY,0
D,DISPATCH,UNIT_SCADA,1,"2022/10/20 14:35:00",MUSSELR1,5.10
D,DISPATCH,UNIT_SCADA,1,"2022/10/20 14:35:00",MUWAWF1,30.28
D,DISPATCH,UNIT_SCADA,1,"2022/10/20 14:35:00",MUWAWF2,22
D,DISPATCH,UNIT_SCADA,1,"2022/10/20 14:35:00",MWPS1PV1,4.57
D,DISPATCH,UNIT_SCADA,1,"2022/10/20 14:35:00",MWPS2PV1,1.74
D,DISPATCH,UNIT_SCADA,1,"2022/10/20 14:35:00",MWPS3PV1,0.50
D,DISPATCH,UNIT_SCADA,1,"2022/10/20 14:35:00",MWPS4PV1,1.51
D,DISPATCH,UNIT_SCADA,1,"2022/10/20 14:35:00",NBHWF1,0
D,DISPATCH,UNIT_SCADA,1,"2022/10/20 14:35:00",NEVERSF1,6.20
D,DISPATCH,UNIT_SCADA,1,"2022/10/20 14:35:00",NPS,0
D,DISPATCH,UNIT_SCADA,1,"2022/10/20 14:35:00",NUMURSF1,76.62
D,DISPATCH,UNIT_SCADA,1,"2022/10/20 14:35:00",NYNGAN1,0
D,DISPATCH,UNIT_SCADA,1,"2022/10/20 14:35:00",OAKEY1,0
D,DISPATCH,UNIT_SCADA,1,"2022/10/20 14:35:00",OAKEY1SF,3.1580
D,DISPATCH,UNIT_SCADA,1,"2022/10/20 14:35:00",OAKEY2,0
D,DISPATCH,UNIT_SCADA,1,"2022/10/20 14:35:00",OAKEY2SF,6.28
D,DISPATCH,UNIT_SCADA,1,"2022/10/20 14:35:00",OAKLAND1,13.50
D,DISPATCH,UNIT_SCADA,1,"2022/10/20 14:35:00",OSB-AG,0.47
D,DISPATCH,UNIT_SCADA,1,"2022/10/20 14:35:00",PAREPS1,0
D,DISPATCH,UNIT_SCADA,1,"2022/10/20 14:35:00",PAREPW1,54.95
D,DISPATCH,UNIT_SCADA,1,"2022/10/20 14:35:00",PARSF1,33.299760
D,DISPATCH,UNIT_SCADA,1,"2022/10/20 14:35:00",POAT110,0
D,DISPATCH,UNIT_SCADA,1,"2022/10/20 14:35:00",POAT220,0
D,DISPATCH,UNIT_SCADA,1,"2022/10/20 14:35:00",POR01,0
D,DISPATCH,UNIT_SCADA,1,"2022/10/20 14:35:00",POR03,0
D,DISPATCH,UNIT_SCADA,1,"2022/10/20 14:35:00",PPCCGT,68.8599
D,DISPATCH,UNIT_SCADA,1,"2022/10/20 14:35:00",PTSTAN1,0
D,DISPATCH,UNIT_SCADA,1,"2022/10/20 14:35:00",PUMP1,0
D,DISPATCH,UNIT_SCADA,1,"2022/10/20 14:35:00",PUMP2,0
D,DISPATCH,UNIT_SCADA,1,"2022/10/20 14:35:00",QBYNBG1,0
D,DISPATCH,UNIT_SCADA,1,"2022/10/20 14:35:00",QBYNBL1,1.282480
D,DISPATCH,UNIT_SCADA,1,"2022/10/20 14:35:00",QPS1,0
D,DISPATCH,UNIT_SCADA,1,"2022/10/20 14:35:00",QPS2,0
D,DISPATCH,UNIT_SCADA,1,"2022/10/20 14:35:00",QPS3,0
D,DISPATCH,UNIT_SCADA,1,"2022/10/20 14:35:00",QPS4,0
D,DISPATCH,UNIT_SCADA,1,"2022/10/20 14:35:00",QPS5,75.439990
D,DISPATCH,UNIT_SCADA,1,"2022/10/20 14:35:00",REECE1,0
D,DISPATCH,UNIT_SCADA,1,"2022/10/20 14:35:00",REECE2,0
D,DISPATCH,UNIT_SCADA,1,"2022/10/20 14:35:00",ROMA_7,0
D,DISPATCH,UNIT_SCADA,1,"2022/10/20 14:35:00",ROMA_8,0
D,DISPATCH,UNIT_SCADA,1,"2022/10/20 14:35:00",RRSF1,24.367770
D,DISPATCH,UNIT_SCADA,1,"2022/10/20 14:35:00",RT_NSW1,0
D,DISPATCH,UNIT_SCADA,1,"2022/10/20 14:35:00",RT_NSW2,0
D,DISPATCH,UNIT_SCADA,1,"2022/10/20 14:35:00",RT_NSW3,0
D,DISPATCH,UNIT_SCADA,1,"2022/10/20 14:35:00",RT_NSW4,0
D,DISPATCH,UNIT_SCADA,1,"2022/10/20 14:35:00",RT_NSW5,0
D,DISPATCH,UNIT_SCADA,1,"2022/10/20 14:35:00",RT_NSW6,0
D,DISPATCH,UNIT_SCADA,1,"2022/10/20 14:35:00",RT_QLD1,0
D,DISPATCH,UNIT_SCADA,1,"2022/10/20 14:35:00",RT_SA1,0
D,DISPATCH,UNIT_SCADA,1,"2022/10/20 14:35:00",RT_SA2,0
D,DISPATCH,UNIT_SCADA,1,"2022/10/20 14:35:00",RT_SA3,0
D,DISPATCH,UNIT_SCADA,1,"2022/10/20 14:35:00",RT_SA4,0
D,DISPATCH,UNIT_SCADA,1,"2022/10/20 14:35:00",RT_SA5,0
D,DISPATCH,UNIT_SCADA,1,"2022/10/20 14:35:00",RT_SA6,0
D,DISPATCH,UNIT_SCADA,1,"2022/10/20 14:35:00",RT_TAS1,0
D,DISPATCH,UNIT_SCADA,1,"2022/10/20 14:35:00",RT_VIC1,0
D,DISPATCH,UNIT_SCADA,1,"2022/10/20 14:35:00",RT_VIC10,0
D,DISPATCH,UNIT_SCADA,1,"2022/10/20 14:35:00",RT_VIC11,0
D,DISPATCH,UNIT_SCADA,1,"2022/10/20 14:35:00",RT_VIC12,0
D,DISPATCH,UNIT_SCADA,1,"2022/10/20 14:35:00",RT_VIC2,0
D,DISPATCH,UNIT_SCADA,1,"2022/10/20 14:35:00",RT_VIC3,0
D,DISPATCH,UNIT_SCADA,1,"2022/10/20 14:35:00",RT_VIC4,0
D,DISPATCH,UNIT_SCADA,1,"2022/10/20 14:35:00",RT_VIC5,0
D,DISPATCH,UNIT_SCADA,1,"2022/10/20 14:35:00",RT_VIC6,0
D,DISPATCH,UNIT_SCADA,1,"2022/10/20 14:35:00",RT_VIC7,0
D,DISPATCH,UNIT_SCADA,1,"2022/10/20 14:35:00",RT_VIC8,0
D,DISPATCH,UNIT_SCADA,1,"2022/10/20 14:35:00",RT_VIC9,0
D,DISPATCH,UNIT_SCADA,1,"2022/10/20 14:35:00",RUGBYR1,0.029070
D,DISPATCH,UNIT_SCADA,1,"2022/10/20 14:35:00",SALTCRK1,15.21
D,DISPATCH,UNIT_SCADA,1,"2022/10/20 14:35:00",SAPHWF1,17.0428
D,DISPATCH,UNIT_SCADA,1,"2022/10/20 14:35:00",SEBSF1,0.456610
D,DISPATCH,UNIT_SCADA,1,"2022/10/20 14:35:00",SHGEN,0
D,DISPATCH,UNIT_SCADA,1,"2022/10/20 14:35:00",SHPUMP,0
D,DISPATCH,UNIT_SCADA,1,"2022/10/20 14:35:00",SITHE01,0.143810
D,DISPATCH,UNIT_SCADA,1,"2022/10/20 14:35:00",SMCSF1,54.4320
D,DISPATCH,UNIT_SCADA,1,"2022/10/20 14:35:00",SNAPPER1,0
D,DISPATCH,UNIT_SCADA,1,"2022/10/20 14:35:00",SNOWNTH1,33.20
D,DISPATCH,UNIT_SCADA,1,"2022/10/20 14:35:00",SNOWSTH1,15.40
D,DISPATCH,UNIT_SCADA,1,"2022/10/20 14:35:00",SNOWTWN1,23.220390
D,DISPATCH,UNIT_SCADA,1,"2022/10/20 14:35:00",SNOWYP,0
D,DISPATCH,UNIT_SCADA,1,"2022/10/20 14:35:00",SNUG1,0
D,DISPATCH,UNIT_SCADA,1,"2022/10/20 14:35:00",SRSF1,10.97
D,DISPATCH,UNIT_SCADA,1,"2022/10/20 14:35:00",STAN-1,340.0947
D,DISPATCH,UNIT_SCADA,1,"2022/10/20 14:35:00",STAN-2,364.768950
D,DISPATCH,UNIT_SCADA,1,"2022/10/20 14:35:00",STAN-3,155.813170
D,DISPATCH,UNIT_SCADA,1,"2022/10/20 14:35:00",STAN-4,366.486540
D,DISPATCH,UNIT_SCADA,1,"2022/10/20 14:35:00",STARHLWF,17.294960
D,DISPATCH,UNIT_SCADA,1,"2022/10/20 14:35:00",STOCKYD1,161.259990
D,DISPATCH,UNIT_SCADA,1,"2022/10/20 14:35:00",STWF1,0
D,DISPATCH,UNIT_SCADA,1,"2022/10/20 14:35:00",SUNRSF1,50.313570
D,DISPATCH,UNIT_SCADA,1,"2022/10/20 14:35:00",SUNTPSF1,22.5034
D,DISPATCH,UNIT_SCADA,1,"2022/10/20 14:35:00",SWAN_E,190.221880
D,DISPATCH,UNIT_SCADA,1,"2022/10/20 14:35:00",TALWA1,0
D,DISPATCH,UNIT_SCADA,1,"2022/10/20 14:35:00",TARALGA1,0
D,DISPATCH,UNIT_SCADA,1,"2022/10/20 14:35:00",TARONG#1,349.300020
D,DISPATCH,UNIT_SCADA,1,"2022/10/20 14:35:00",TARONG#2,348.50
D,DISPATCH,UNIT_SCADA,1,"2022/10/20 14:35:00",TARONG#3,0.90
D,DISPATCH,UNIT_SCADA,1,"2022/10/20 14:35:00",TARONG#4,288.200010
D,DISPATCH,UNIT_SCADA,1,"2022/10/20 14:35:00",TARRALEA,54.10
D,DISPATCH,UNIT_SCADA,1,"2022/10/20 14:35:00",TBSF1,0.10
D,DISPATCH,UNIT_SCADA,1,"2022/10/20 14:35:00",TNPS1,325
D,DISPATCH,UNIT_SCADA,1,"2022/10/20 14:35:00",TORRB1,0
D,DISPATCH,UNIT_SCADA,1,"2022/10/20 14:35:00",TORRB2,43
D,DISPATCH,UNIT_SCADA,1,"2022/10/20 14:35:00",TORRB3,0
D,DISPATCH,UNIT_SCADA,1,"2022/10/20 14:35:00",TORRB4,0
D,DISPATCH,UNIT_SCADA,1,"2022/10/20 14:35:00",TREVALLN,100.565330
D,DISPATCH,UNIT_SCADA,1,"2022/10/20 14:35:00",TRIBUTE,0
D,DISPATCH,UNIT_SCADA,1,"2022/10/20 14:35:00",TUMUT3,0
D,DISPATCH,UNIT_SCADA,1,"2022/10/20 14:35:00",TUNGATIN,5.600020
D,DISPATCH,UNIT_SCADA,1,"2022/10/20 14:35:00",TVCC201,0
D,DISPATCH,UNIT_SCADA,1,"2022/10/20 14:35:00",TVPP104,0
D,DISPATCH,UNIT_SCADA,1,"2022/10/20 14:35:00",UPPTUMUT,0
D,DISPATCH,UNIT_SCADA,1,"2022/10/20 14:35:00",URANQ11,0
D,DISPATCH,UNIT_SCADA,1,"2022/10/20 14:35:00",URANQ12,0
D,DISPATCH,UNIT_SCADA,1,"2022/10/20 14:35:00",URANQ13,0
D,DISPATCH,UNIT_SCADA,1,"2022/10/20 14:35:00",URANQ14,0
D,DISPATCH,UNIT_SCADA,1,"2022/10/20 14:35:00",VBBG1,0
D,DISPATCH,UNIT_SCADA,1,"2022/10/20 14:35:00",VBBL1,25.20
D,DISPATCH,UNIT_SCADA,1,"2022/10/20 14:35:00",VP5,500.381470
D,DISPATCH,UNIT_SCADA,1,"2022/10/20 14:35:00",VP6,497.183140
D,DISPATCH,UNIT_SCADA,1,"2022/10/20 14:35:00",VPGS1,0
D,DISPATCH,UNIT_SCADA,1,"2022/10/20 14:35:00",VPGS2,0
D,DISPATCH,UNIT_SCADA,1,"2022/10/20 14:35:00",VPGS3,0
D,DISPATCH,UNIT_SCADA,1,"2022/10/20 14:35:00",VPGS4,0
D,DISPATCH,UNIT_SCADA,1,"2022/10/20 14:35:00",VPGS5,0
D,DISPATCH,UNIT_SCADA,1,"2022/10/20 14:35:00",VPGS6,0
D,DISPATCH,UNIT_SCADA,1,"2022/10/20 14:35:00",W/HOE#1,0
D,DISPATCH,UNIT_SCADA,1,"2022/10/20 14:35:00",W/HOE#2,0
D,DISPATCH,UNIT_SCADA,1,"2022/10/20 14:35:00",WAGGNSF1,0
D,DISPATCH,UNIT_SCADA,1,"2022/10/20 14:35:00",WALGRVG1,0.000930
D,DISPATCH,UNIT_SCADA,1,"2022/10/20 14:35:00",WALGRVL1,0
D,DISPATCH,UNIT_SCADA,1,"2022/10/20 14:35:00",WANDBG1,0
D,DISPATCH,UNIT_SCADA,1,"2022/10/20 14:35:00",WANDBL1,1.827290
D,DISPATCH,UNIT_SCADA,1,"2022/10/20 14:35:00",WARWSF1,7.97
D,DISPATCH,UNIT_SCADA,1,"2022/10/20 14:35:00",WARWSF2,8.42
D,DISPATCH,UNIT_SCADA,1,"2022/10/20 14:35:00",WATERLWF,0.40
D,DISPATCH,UNIT_SCADA,1,"2022/10/20 14:35:00",WDGPH1,47.8320
D,DISPATCH,UNIT_SCADA,1,"2022/10/20 14:35:00",WELLSF1,19.223320
D,DISPATCH,UNIT_SCADA,1,"2022/10/20 14:35:00",WEMENSF1,74.50
D,DISPATCH,UNIT_SCADA,1,"2022/10/20 14:35:00",WGWF1,3.30
D,DISPATCH,UNIT_SCADA,1,"2022/10/20 14:35:00",WHITSF1,6.30
D,DISPATCH,UNIT_SCADA,1,"2022/10/20 14:35:00",WINTSF1,72.67
D,DISPATCH,UNIT_SCADA,1,"2022/10/20 14:35:00",WKIEWA1,32.20
D,DISPATCH,UNIT_SCADA,1,"2022/10/20 14:35:00",WKIEWA2,14.10
D,DISPATCH,UNIT_SCADA,1,"2022/10/20 14:35:00",WOODLWN1,20.518380
D,DISPATCH,UNIT_SCADA,1,"2022/10/20 14:35:00",WOOLGSF1,15.340030
D,DISPATCH,UNIT_SCADA,1,"2022/10/20 14:35:00",WPWF,34.81
D,DISPATCH,UNIT_SCADA,1,"2022/10/20 14:35:00",WRSF1,7.400130
D,DISPATCH,UNIT_SCADA,1,"2022/10/20 14:35:00",WRWF1,9.657130
D,DISPATCH,UNIT_SCADA,1,"2022/10/20 14:35:00",WSTWYSF1,0.922820
D,DISPATCH,UNIT_SCADA,1,"2022/10/20 14:35:00",YABULU,0
D,DISPATCH,UNIT_SCADA,1,"2022/10/20 14:35:00",YABULU2,0
D,DISPATCH,UNIT_SCADA,1,"2022/10/20 14:35:00",YARANSF1,28.15
D,DISPATCH,UNIT_SCADA,1,"2022/10/20 14:35:00",YARWUN_1,159.50
D,DISPATCH,UNIT_SCADA,1,"2022/10/20 14:35:00",YATSF1,29.71
D,DISPATCH,UNIT_SCADA,1,"2022/10/20 14:35:00",YENDWF1,34.19
D,DISPATCH,UNIT_SCADA,1,"2022/10/20 14:35:00",YWPS1,292.729130
D,DISPATCH,UNIT_SCADA,1,"2022/10/20 14:35:00",YWPS2,272.678470
D,DISPATCH,UNIT_SCADA,1,"2022/10/20 14:35:00",YWPS3,284.302520
D,DISPATCH,UNIT_SCADA,1,"2022/10/20 14:35:00",YWPS4,0
C,"END OF REPORT",419
