C,NEMP.WORLD,DISPATCHSCADA,AEMO,PUBLIC,2022/10/20,11:30:10,0000000373250661,DISPATCHSCADA,0000000373250655
I,DISPATCH,UNIT_SCADA,1,SETTLEMENTDATE,DUID,SCADAVALUE
D,DISPATCH,UNIT_SCADA,1,"2022/10/20 11:35:00",BARCSF1,9.80
D,DISPATCH,UNIT_SCADA,1,"2022/10/20 11:35:00",BUTLERSG,8.699999
D,DISPATCH,UNIT_SCADA,1,"2022/10/20 11:35:00",CAPTL_WF,28.969193
D,DISPATCH,UNIT_SCADA,1,"2022/10/20 11:35:00",CHALLHWF,2.90
D,DISPATCH,UNIT_SCADA,1,"2022/10/20 11:35:00",CLOVER,10.30
D,DISPATCH,UNIT_SCADA,1,"2022/10/20 11:35:00",CLUNY,6.200503
D,DISPATCH,UNIT_SCADA,1,"2022/10/20 11:35:00",CULLRGWF,-0.06
D,DISPATCH,UNIT_SCADA,1,"2022/10/20 11:35:00",DIAPURWF1,2.90
D,DISPATCH,UNIT_SCADA,1,"2022/10/20 11:35:00",ERGT01,0
D,DISPATCH,UNIT_SCADA,1,"2022/10/20 11:35:00",GB01,0
D,DISPATCH,UNIT_SCADA,1,"2022/10/20 11:35:00",GERMCRK,16.700001
D,DISPATCH,UNIT_SCADA,1,"2022/10/20 11:35:00",GRIFSF1,6.700236
D,DISPATCH,UNIT_SCADA,1,"2022/10/20 11:35:00",HEZ1,0
D,DISPATCH,UNIT_SCADA,1,"2022/10/20 11:35:00",HUGSF1,14.2630
D,DISPATCH,UNIT_SCADA,1,"2022/10/20 11:35:00",KEPBG1,0.01
D,DISPATCH,UNIT_SCADA,1,"2022/10/20 11:35:00",LRSF1,13.106001
D,DISPATCH,UNIT_SCADA,1,"2022/10/20 11:35:00",MBAHNTH,48.356247
D,DISPATCH,UNIT_SCADA,1,"2022/10/20 11:35:00",MLSP1,3.093001
D,DISPATCH,UNIT_SCADA,1,"2022/10/20 11:35:00",MLWF1,4.38
D,DISPATCH,UNIT_SCADA,1,"2022/10/20 11:35:00",PALOONA,30.279999
D,DISPATCH,UNIT_SCADA,1,"2022/10/20 11:35:00",PIONEER,46.100002
D,DISPATCH,UNIT_SCADA,1,"2022/10/20 11:35:00",PORTWF,89.699997
D,DISPATCH,UNIT_SCADA,1,"2022/10/20 11:35:00",REPULSE,9.695582
D,DISPATCH,UNIT_SCADA,1,"2022/10/20 11:35:00",ROWALLAN,8.8324
D,DISPATCH,UNIT_SCADA,1,"2022/10/20 11:35:00",ROYALLA1,7.501003
D,DISPATCH,UNIT_SCADA,1,"2022/10/20 11:35:00",RPCG,-1.80
D,DISPATCH,UNIT_SCADA,1,"2022/10/20 11:35:00",RUBICON,0
D,DISPATCH,UNIT_SCADA,1,"2022/10/20 11:35:00",WAUBRAWF,9.24
D,DISPATCH,UNIT_SCADA,1,"2022/10/20 11:35:00",WOOLNTH1,6.26
D,DISPATCH,UNIT_SCADA,1,"2022/10/20 11:35:00",YAMBUKWF,8.20
D,DISPATCH,UNIT_SCADA,1,"2022/10/20 11:35:00",YSWF1,1.20
D,DISPATCH,UNIT_SCADA,1,"2022/10/20 11:35:00",ADPBA1G,0.0080
D,DISPATCH,UNIT_SCADA,1,"2022/10/20 11:35:00",ADPBA1L,0
D,DISPATCH,UNIT_SCADA,1,"2022/10/20 11:35:00",ADPPV1,0.0610
D,DISPATCH,UNIT_SCADA,1,"2022/10/20 11:35:00",AGLHAL,0
D,DISPATCH,UNIT_SCADA,1,"2022/10/20 11:35:00",AGLSOM,0
D,DISPATCH,UNIT_SCADA,1,"2022/10/20 11:35:00",ANGAST1,0
D,DISPATCH,UNIT_SCADA,1,"2022/10/20 11:35:00",ARWF1,0
D,DISPATCH,UNIT_SCADA,1,"2022/10/20 11:35:00",BALBG1,0
D,DISPATCH,UNIT_SCADA,1,"2022/10/20 11:35:00",BALBL1,0
D,DISPATCH,UNIT_SCADA,1,"2022/10/20 11:35:00",BALDHWF1,10.8090
D,DISPATCH,UNIT_SCADA,1,"2022/10/20 11:35:00",BANGOWF1,40.598760
D,DISPATCH,UNIT_SCADA,1,"2022/10/20 11:35:00",BANGOWF2,48.299610
D,DISPATCH,UNIT_SCADA,1,"2022/10/20 11:35:00",BANN1,36.32
D,DISPATCH,UNIT_SCADA,1,"2022/10/20 11:35:00",BARCALDN,0
D,DISPATCH,UNIT_SCADA,1,"2022/10/20 11:35:00",BARKIPS1,0
D,DISPATCH,UNIT_SCADA,1,"2022/10/20 11:35:00",BARRON-1,0
D,DISPATCH,UNIT_SCADA,1,"2022/10/20 11:35:00",BARRON-2,0
D,DISPATCH,UNIT_SCADA,1,"2022/10/20 11:35:00",BASTYAN,55
D,DISPATCH,UNIT_SCADA,1,"2022/10/20 11:35:00",BBTHREE1,0
D,DISPATCH,UNIT_SCADA,1,"2022/10/20 11:35:00",BBTHREE2,0
D,DISPATCH,UNIT_SCADA,1,"2022/10/20 11:35:00",BBTHREE3,-1.02
D,DISPATCH,UNIT_SCADA,1,"2022/10/20 11:35:00",BDL01,0
D,DISPATCH,UNIT_SCADA,1,"2022/10/20 11:35:00",BDL02,0
D,DISPATCH,UNIT_SCADA,1,"2022/10/20 11:35:00",BERYLSF1,21.810070
D,DISPATCH,UNIT_SCADA,1,"2022/10/20 11:35:00",BLOWERNG,62.50
D,DISPATCH,UNIT_SCADA,1,"2022/10/20 11:35:00",BLUEGSF1,75.005950
D,DISPATCH,UNIT_SCADA,1,"2022/10/20 11:35:00",BLUFF1,10.10
D,DISPATCH,UNIT_SCADA,1,"2022/10/20 11:35:00",BNGSF1,109.95
D,DISPATCH,UNIT_SCADA,1,"2022/10/20 11:35:00",BNGSF2,110.35
D,DISPATCH,UNIT_SCADA,1,"2022/10/20 11:35:00",BOCORWF1,15.01
D,DISPATCH,UNIT_SCADA,1,"2022/10/20 11:35:00",BODWF1,101.779240
D,DISPATCH,UNIT_SCADA,1,"2022/10/20 11:35:00",BOMENSF1,43.471730
D,DISPATCH,UNIT_SCADA,1,"2022/10/20 11:35:00",BOWWBA1G,0
D,DISPATCH,UNIT_SCADA,1,"2022/10/20 11:35:00",BOWWBA1L,0
D,DISPATCH,UNIT_SCADA,1,"2022/10/20 11:35:00",BOWWPV1,0.0010
D,DISPATCH,UNIT_SCADA,1,"2022/10/20 11:35:00",BRAEMAR1,0
D,DISPATCH,UNIT_SCADA,1,"2022/10/20 11:35:00",BRAEMAR2,0
D,DISPATCH,UNIT_SCADA,1,"2022/10/20 11:35:00",BRAEMAR3,0
D,DISPATCH,UNIT_SCADA,1,"2022/10/20 11:35:00",BRAEMAR5,0.292060
D,DISPATCH,UNIT_SCADA,1,"2022/10/20 11:35:00",BRAEMAR6,0
D,DISPATCH,UNIT_SCADA,1,"2022/10/20 11:35:00",BRAEMAR7,0.130920
D,DISPATCH,UNIT_SCADA,1,"2022/10/20 11:35:00",BROKENH1,45.099310
D,DISPATCH,UNIT_SCADA,1,"2022/10/20 11:35:00",BRYB1WF1,100.273140
D,DISPATCH,UNIT_SCADA,1,"2022/10/20 11:35:00",BULBESG1,0
D,DISPATCH,UNIT_SCADA,1,"2022/10/20 11:35:00",BULBESL1,1.22
D,DISPATCH,UNIT_SCADA,1,"2022/10/20 11:35:00",BULGANA1,0.43
D,DISPATCH,UNIT_SCADA,1,"2022/10/20 11:35:00",BW01,660.202940
D,DISPATCH,UNIT_SCADA,1,"2022/10/20 11:35:00",BW02,619.650570
D,DISPATCH,UNIT_SCADA,1,"2022/10/20 11:35:00",BW03,418.329130
D,DISPATCH,UNIT_SCADA,1,"2022/10/20 11:35:00",BW04,0
D,DISPATCH,UNIT_SCADA,1,"2022/10/20 11:35:00",CALL_B_1,322.399990
D,DISPATCH,UNIT_SCADA,1,"2022/10/20 11:35:00",CALL_B_2,322
D,DISPATCH,UNIT_SCADA,1,"2022/10/20 11:35:00",CATHROCK,0
D,DISPATCH,UNIT_SCADA,1,"2022/10/20 11:35:00",CBWWBA1G,0
D,DISPATCH,UNIT_SCADA,1,"2022/10/20 11:35:00",CBWWBA1L,0
D,DISPATCH,UNIT_SCADA,1,"2022/10/20 11:35:00",CETHANA,8.791130
D,DISPATCH,UNIT_SCADA,1,"2022/10/20 11:35:00",CG1,0
D,DISPATCH,UNIT_SCADA,1,"2022/10/20 11:35:00",CG2,0
D,DISPATCH,UNIT_SCADA,1,"2022/10/20 11:35:00",CG3,0
D,DISPATCH,UNIT_SCADA,1,"2022/10/20 11:35:00",CG4,0
D,DISPATCH,UNIT_SCADA,1,"2022/10/20 11:35:00",CHILDSF1,28.53
D,DISPATCH,UNIT_SCADA,1,"2022/10/20 11:35:00",CHYTWF1,2.79
D,DISPATCH,UNIT_SCADA,1,"2022/10/20 11:35:00",CLARESF1,21.618690
D,DISPATCH,UNIT_SCADA,1,"2022/10/20 11:35:00",CLEMGPWF,7.923850
D,DISPATCH,UNIT_SCADA,1,"2022/10/20 11:35:00",CLERMSF1,26.55
D,DISPATCH,UNIT_SCADA,1,"2022/10/20 11:35:00",CNUNDAWF,0
D,DISPATCH,UNIT_SCADA,1,"2022/10/20 11:35:00",COHUNSF1,6.47
D,DISPATCH,UNIT_SCADA,1,"2022/10/20 11:35:00",COLEASF1,49.298470
D,DISPATCH,UNIT_SCADA,1,"2022/10/20 11:35:00",COLUMSF1,33.1810
D,DISPATCH,UNIT_SCADA,1,"2022/10/20 11:35:00",COLWF01,99.696350
D,DISPATCH,UNIT_SCADA,1,"2022/10/20 11:35:00",COOPGWF1,133.820010
D,DISPATCH,UNIT_SCADA,1,"2022/10/20 11:35:00",CPP_3,283.524990
D,DISPATCH,UNIT_SCADA,1,"2022/10/20 11:35:00",CPP_4,0
D,DISPATCH,UNIT_SCADA,1,"2022/10/20 11:35:00",CPSA,0
D,DISPATCH,UNIT_SCADA,1,"2022/10/20 11:35:00",CROOKWF2,38.233620
D,DISPATCH,UNIT_SCADA,1,"2022/10/20 11:35:00",CROWLWF1,0
D,DISPATCH,UNIT_SCADA,1,"2022/10/20 11:35:00",CRURWF1,38.098040
D,DISPATCH,UNIT_SCADA,1,"2022/10/20 11:35:00",CRWASF1,27.284480
D,DISPATCH,UNIT_SCADA,1,"2022/10/20 11:35:00",CSPVPS1,0.1130
D,DISPATCH,UNIT_SCADA,1,"2022/10/20 11:35:00",CTHLWF1,0.003050
D,DISPATCH,UNIT_SCADA,1,"2022/10/20 11:35:00",DALNTH01,0
D,DISPATCH,UNIT_SCADA,1,"2022/10/20 11:35:00",DALNTHL1,0.093080
D,DISPATCH,UNIT_SCADA,1,"2022/10/20 11:35:00",DARLSF1,58.122770
D,DISPATCH,UNIT_SCADA,1,"2022/10/20 11:35:00",DARTM1,0
D,DISPATCH,UNIT_SCADA,1,"2022/10/20 11:35:00",DAYDSF1,0
D,DISPATCH,UNIT_SCADA,1,"2022/10/20 11:35:00",DDPS1,0
D,DISPATCH,UNIT_SCADA,1,"2022/10/20 11:35:00",DDSF1,69.402630
D,DISPATCH,UNIT_SCADA,1,"2022/10/20 11:35:00",DEVILS_G,50.416580
D,DISPATCH,UNIT_SCADA,1,"2022/10/20 11:35:00",DG_NSW1,0
D,DISPATCH,UNIT_SCADA,1,"2022/10/20 11:35:00",DG_QLD1,0
D,DISPATCH,UNIT_SCADA,1,"2022/10/20 11:35:00",DG_SA1,0
D,DISPATCH,UNIT_SCADA,1,"2022/10/20 11:35:00",DG_TAS1,0
D,DISPATCH,UNIT_SCADA,1,"2022/10/20 11:35:00",DG_VIC1,0
D,DISPATCH,UNIT_SCADA,1,"2022/10/20 11:35:00",DRYCGT1,0
D,DISPATCH,UNIT_SCADA,1,"2022/10/20 11:35:00",DRYCGT2,0
D,DISPATCH,UNIT_SCADA,1,"2022/10/20 11:35:00",DRYCGT3,0
D,DISPATCH,UNIT_SCADA,1,"2022/10/20 11:35:00",DUNDWF1,55.27
D,DISPATCH,UNIT_SCADA,1,"2022/10/20 11:35:00",DUNDWF2,17.40
D,DISPATCH,UNIT_SCADA,1,"2022/10/20 11:35:00",DUNDWF3,42.25
D,DISPATCH,UNIT_SCADA,1,"2022/10/20 11:35:00",EILDON1,59.92
D,DISPATCH,UNIT_SCADA,1,"2022/10/20 11:35:00",EILDON2,60.04
D,DISPATCH,UNIT_SCADA,1,"2022/10/20 11:35:00",ELAINWF1,31.17
D,DISPATCH,UNIT_SCADA,1,"2022/10/20 11:35:00",EMERASF1,0
D,DISPATCH,UNIT_SCADA,1,"2022/10/20 11:35:00",ER01,0
D,DISPATCH,UNIT_SCADA,1,"2022/10/20 11:35:00",ER02,332.487980
D,DISPATCH,UNIT_SCADA,1,"2022/10/20 11:35:00",ER03,431.122310
D,DISPATCH,UNIT_SCADA,1,"2022/10/20 11:35:00",ER04,432.513920
D,DISPATCH,UNIT_SCADA,1,"2022/10/20 11:35:00",FINLYSF1,71.342030
D,DISPATCH,UNIT_SCADA,1,"2022/10/20 11:35:00",FISHER,43.86
D,DISPATCH,UNIT_SCADA,1,"2022/10/20 11:35:00",GANGARR1,20.5150
D,DISPATCH,UNIT_SCADA,1,"2022/10/20 11:35:00",GANNBG1,0
D,DISPATCH,UNIT_SCADA,1,"2022/10/20 11:35:00",GANNBL1,2.135160
D,DISPATCH,UNIT_SCADA,1,"2022/10/20 11:35:00",GANNSF1,26.20
D,DISPATCH,UNIT_SCADA,1,"2022/10/20 11:35:00",GLRWNSF1,109.98
D,DISPATCH,UNIT_SCADA,1,"2022/10/20 11:35:00",GNNDHSF1,61.732430
D,DISPATCH,UNIT_SCADA,1,"2022/10/20 11:35:00",GOONSF1,14.4033
D,DISPATCH,UNIT_SCADA,1,"2022/10/20 11:35:00",GORDON,219.005430
D,DISPATCH,UNIT_SCADA,1,"2022/10/20 11:35:00",GRANWF1,0
D,DISPATCH,UNIT_SCADA,1,"2022/10/20 11:35:00",GSTONE1,201.774990
D,DISPATCH,UNIT_SCADA,1,"2022/10/20 11:35:00",GSTONE2,0
D,DISPATCH,UNIT_SCADA,1,"2022/10/20 11:35:00",GSTONE3,199.50
D,DISPATCH,UNIT_SCADA,1,"2022/10/20 11:35:00",GSTONE4,0
D,DISPATCH,UNIT_SCADA,1,"2022/10/20 11:35:00",GSTONE5,190.224990
D,DISPATCH,UNIT_SCADA,1,"2022/10/20 11:35:00",GSTONE6,191.274990
D,DISPATCH,UNIT_SCADA,1,"2022/10/20 11:35:00",GULLRSF1,2.984950
D,DISPATCH,UNIT_SCADA,1,"2022/10/20 11:35:00",GULLRWF1,59.4341
D,DISPATCH,UNIT_SCADA,1,"2022/10/20 11:35:00",GULLRWF2,82.400180
D,DISPATCH,UNIT_SCADA,1,"2022/10/20 11:35:00",GUNNING1,0
D,DISPATCH,UNIT_SCADA,1,"2022/10/20 11:35:00",GUTHEGA,68.100010
D,DISPATCH,UNIT_SCADA,1,"2022/10/20 11:35:00",HALLWF1,9.56
D,DISPATCH,UNIT_SCADA,1,"2022/10/20 11:35:00",HALLWF2,10
D,DISPATCH,UNIT_SCADA,1,"2022/10/20 11:35:00",HAMISF1,0
D,DISPATCH,UNIT_SCADA,1,"2022/10/20 11:35:00",HAUGHT11,99.962880
D,DISPATCH,UNIT_SCADA,1,"2022/10/20 11:35:00",HAYMSF1,0
D,DISPATCH,UNIT_SCADA,1,"2022/10/20 11:35:00",HDWF1,68.30
D,DISPATCH,UNIT_SCADA,1,"2022/10/20 11:35:00",HDWF2,83.70
D,DISPATCH,UNIT_SCADA,1,"2022/10/20 11:35:00",HDWF3,92
D,DISPATCH,UNIT_SCADA,1,"2022/10/20 11:35:00",HILLSTN1,56.0599
D,DISPATCH,UNIT_SCADA,1,"2022/10/20 11:35:00",HPRG1,5.60
D,DISPATCH,UNIT_SCADA,1,"2022/10/20 11:35:00",HPRL1,0
D,DISPATCH,UNIT_SCADA,1,"2022/10/20 11:35:00",HUMENSW,54.872060
D,DISPATCH,UNIT_SCADA,1,"2022/10/20 11:35:00",HUMEV,0
D,DISPATCH,UNIT_SCADA,1,"2022/10/20 11:35:00",HVWWBA1G,0
D,DISPATCH,UNIT_SCADA,1,"2022/10/20 11:35:00",HVWWBA1L,0.0060
D,DISPATCH,UNIT_SCADA,1,"2022/10/20 11:35:00",HVWWPV1,0.2710
D,DISPATCH,UNIT_SCADA,1,"2022/10/20 11:35:00",JBUTTERS,0
D,DISPATCH,UNIT_SCADA,1,"2022/10/20 11:35:00",JEMALNG1,5.24
D,DISPATCH,UNIT_SCADA,1,"2022/10/20 11:35:00",JLA01,0
D,DISPATCH,UNIT_SCADA,1,"2022/10/20 11:35:00",JLA02,0
D,DISPATCH,UNIT_SCADA,1,"2022/10/20 11:35:00",JLA03,0
D,DISPATCH,UNIT_SCADA,1,"2022/10/20 11:35:00",JLA04,0
D,DISPATCH,UNIT_SCADA,1,"2022/10/20 11:35:00",JLB01,0
D,DISPATCH,UNIT_SCADA,1,"2022/10/20 11:35:00",JLB02,0.10
D,DISPATCH,UNIT_SCADA,1,"2022/10/20 11:35:00",JLB03,0
D,DISPATCH,UNIT_SCADA,1,"2022/10/20 11:35:00",JUNEESF1,11.632640
D,DISPATCH,UNIT_SCADA,1,"2022/10/20 11:35:00",KABANWF1,0
D,DISPATCH,UNIT_SCADA,1,"2022/10/20 11:35:00",KAREEYA1,0
D,DISPATCH,UNIT_SCADA,1,"2022/10/20 11:35:00",KAREEYA2,0
D,DISPATCH,UNIT_SCADA,1,"2022/10/20 11:35:00",KAREEYA3,5.05
D,DISPATCH,UNIT_SCADA,1,"2022/10/20 11:35:00",KAREEYA4,0
D,DISPATCH,UNIT_SCADA,1,"2022/10/20 11:35:00",KARSF1,16.20
D,DISPATCH,UNIT_SCADA,1,"2022/10/20 11:35:00",KEPSF1,12.06
D,DISPATCH,UNIT_SCADA,1,"2022/10/20 11:35:00",KEPWF1,13.11
D,DISPATCH,UNIT_SCADA,1,"2022/10/20 11:35:00",KIAMSF1,12.104220
D,DISPATCH,UNIT_SCADA,1,"2022/10/20 11:35:00",KIATAWF1,9
D,DISPATCH,UNIT_SCADA,1,"2022/10/20 11:35:00",KPP_1,0
D,DISPATCH,UNIT_SCADA,1,"2022/10/20 11:35:00",KSP1,45.11
D,DISPATCH,UNIT_SCADA,1,"2022/10/20 11:35:00",LADBROK1,0.01
D,DISPATCH,UNIT_SCADA,1,"2022/10/20 11:35:00",LADBROK2,0.01
D,DISPATCH,UNIT_SCADA,1,"2022/10/20 11:35:00",LBBG1,0
D,DISPATCH,UNIT_SCADA,1,"2022/10/20 11:35:00",LBBL1,10.95
D,DISPATCH,UNIT_SCADA,1,"2022/10/20 11:35:00",LD01,278.713350
D,DISPATCH,UNIT_SCADA,1,"2022/10/20 11:35:00",LD02,0
D,DISPATCH,UNIT_SCADA,1,"2022/10/20 11:35:00",LD04,281.459990
D,DISPATCH,UNIT_SCADA,1,"2022/10/20 11:35:00",LEM_WIL,21.634110
D,DISPATCH,UNIT_SCADA,1,"2022/10/20 11:35:00",LGAPWF1,20.25
D,DISPATCH,UNIT_SCADA,1,"2022/10/20 11:35:00",LGAPWF2,15.06
D,DISPATCH,UNIT_SCADA,1,"2022/10/20 11:35:00",LILYSF1,39.845880
D,DISPATCH,UNIT_SCADA,1,"2022/10/20 11:35:00",LIMOSF11,67.983980
D,DISPATCH,UNIT_SCADA,1,"2022/10/20 11:35:00",LIMOSF21,12.5753
D,DISPATCH,UNIT_SCADA,1,"2022/10/20 11:35:00",LI_WY_CA,56.400690
D,DISPATCH,UNIT_SCADA,1,"2022/10/20 11:35:00",LKBONNY1,0
D,DISPATCH,UNIT_SCADA,1,"2022/10/20 11:35:00",LKBONNY2,0
D,DISPATCH,UNIT_SCADA,1,"2022/10/20 11:35:00",LKBONNY3,0
D,DISPATCH,UNIT_SCADA,1,"2022/10/20 11:35:00",LK_ECHO,0
D,DISPATCH,UNIT_SCADA,1,"2022/10/20 11:35:00",LNGS1,0
D,DISPATCH,UNIT_SCADA,1,"2022/10/20 11:35:00",LNGS2,0
D,DISPATCH,UNIT_SCADA,1,"2022/10/20 11:35:00",LONSDALE,0
D,DISPATCH,UNIT_SCADA,1,"2022/10/20 11:35:00",LOYYB1,390.220250
D,DISPATCH,UNIT_SCADA,1,"2022/10/20 11:35:00",LOYYB2,393.227840
D,DISPATCH,UNIT_SCADA,1,"2022/10/20 11:35:00",LYA1,365
D,DISPATCH,UNIT_SCADA,1,"2022/10/20 11:35:00",LYA2,0
D,DISPATCH,UNIT_SCADA,1,"2022/10/20 11:35:00",LYA3,361
D,DISPATCH,UNIT_SCADA,1,"2022/10/20 11:35:00",LYA4,362
D,DISPATCH,UNIT_SCADA,1,"2022/10/20 11:35:00",MACARTH1,70.198380
D,DISPATCH,UNIT_SCADA,1,"2022/10/20 11:35:00",MACKNTSH,0
D,DISPATCH,UNIT_SCADA,1,"2022/10/20 11:35:00",MANSLR1,37.4520
D,DISPATCH,UNIT_SCADA,1,"2022/10/20 11:35:00",MAPS2PV1,0
D,DISPATCH,UNIT_SCADA,1,"2022/10/20 11:35:00",MAPS3PV1,0
D,DISPATCH,UNIT_SCADA,1,"2022/10/20 11:35:00",MARYRSF1,17.20
D,DISPATCH,UNIT_SCADA,1,"2022/10/20 11:35:00",MBPS2PV1,0
D,DISPATCH,UNIT_SCADA,1,"2022/10/20 11:35:00",MCKAY1,0.02
D,DISPATCH,UNIT_SCADA,1,"2022/10/20 11:35:00",MEADOWBK,5.830320
D,DISPATCH,UNIT_SCADA,1,"2022/10/20 11:35:00",MERCER01,33.80
D,DISPATCH,UNIT_SCADA,1,"2022/10/20 11:35:00",METZSF1,22.802590
D,DISPATCH,UNIT_SCADA,1,"2022/10/20 11:35:00",MEWF1,1.457980
D,DISPATCH,UNIT_SCADA,1,"2022/10/20 11:35:00",MIDDLSF1,8.80
D,DISPATCH,UNIT_SCADA,1,"2022/10/20 11:35:00",MINTARO,0.128180
D,DISPATCH,UNIT_SCADA,1,"2022/10/20 11:35:00",MOLNGSF1,0.272220
D,DISPATCH,UNIT_SCADA,1,"2022/10/20 11:35:00",MOORAWF1,75.560010
D,DISPATCH,UNIT_SCADA,1,"2022/10/20 11:35:00",MOREESF1,6.1320
D,DISPATCH,UNIT_SCADA,1,"2022/10/20 11:35:00",MORTLK11,0
D,DISPATCH,UNIT_SCADA,1,"2022/10/20 11:35:00",MORTLK12,0
D,DISPATCH,UNIT_SCADA,1,"2022/10/20 11:35:00",MOUSF1,0
D,DISPATCH,UNIT_SCADA,1,"2022/10/20 11:35:00",MP1,0
D,DISPATCH,UNIT_SCADA,1,"2022/10/20 11:35:00",MP2,367.547120
D,DISPATCH,UNIT_SCADA,1,"2022/10/20 11:35:00",MPP_1,138.462890
D,DISPATCH,UNIT_SCADA,1,"2022/10/20 11:35:00",MPP_2,168.477940
D,DISPATCH,UNIT_SCADA,1,"2022/10/20 11:35:00",MRTLSWF1,0
D,DISPATCH,UNIT_SCADA,1,"2022/10/20 11:35:00",MSTUART1,0
D,DISPATCH,UNIT_SCADA,1,"2022/10/20 11:35:00",MSTUART2,0
D,DISPATCH,UNIT_SCADA,1,"2022/10/20 11:35:00",MSTUART3,0
D,DISPATCH,UNIT_SCADA,1,"2022/10/20 11:35:00",MTGELWF1,34.952850
D,DISPATCH,UNIT_SCADA,1,"2022/10/20 11:35:00",MTMILLAR,1.40
D,DISPATCH,UNIT_SCADA,1,"2022/10/20 11:35:00",MURRAY,0
D,DISPATCH,UNIT_SCADA,1,"2022/10/20 11:35:00",MUSSELR1,95.399990
D,DISPATCH,UNIT_SCADA,1,"2022/10/20 11:35:00",MUWAWF1,33.85
D,DISPATCH,UNIT_SCADA,1,"2022/10/20 11:35:00",MUWAWF2,32.20
D,DISPATCH,UNIT_SCADA,1,"2022/10/20 11:35:00",MWPS1PV1,0.13
D,DISPATCH,UNIT_SCADA,1,"2022/10/20 11:35:00",MWPS2PV1,0
D,DISPATCH,UNIT_SCADA,1,"2022/10/20 11:35:00",MWPS3PV1,0.10
D,DISPATCH,UNIT_SCADA,1,"2022/10/20 11:35:00",MWPS4PV1,0.01
D,DISPATCH,UNIT_SCADA,1,"2022/10/20 11:35:00",NBHWF1,10
D,DISPATCH,UNIT_SCADA,1,"2022/10/20 11:35:00",NEVERSF1,17.73
D,DISPATCH,UNIT_SCADA,1,"2022/10/20 11:35:00",NPS,0
D,DISPATCH,UNIT_SCADA,1,"2022/10/20 11:35:00",NUMURSF1,74.41
D,DISPATCH,UNIT_SCADA,1,"2022/10/20 11:35:00",NYNGAN1,67.75
D,DISPATCH,UNIT_SCADA,1,"2022/10/20 11:35:00",OAKEY1,0
D,DISPATCH,UNIT_SCADA,1,"2022/10/20 11:35:00",OAKEY1SF,5.6260
D,DISPATCH,UNIT_SCADA,1,"2022/10/20 11:35:00",OAKEY2,0
D,DISPATCH,UNIT_SCADA,1,"2022/10/20 11:35:00",OAKEY2SF,11.01
D,DISPATCH,UNIT_SCADA,1,"2022/10/20 11:35:00",OAKLAND1,5.90
D,DISPATCH,UNIT_SCADA,1,"2022/10/20 11:35:00",OSB-AG,0
D,DISPATCH,UNIT_SCADA,1,"2022/10/20 11:35:00",PAREPS1,0.0660
D,DISPATCH,UNIT_SCADA,1,"2022/10/20 11:35:00",PAREPW1,60.45
D,DISPATCH,UNIT_SCADA,1,"2022/10/20 11:35:00",PARSF1,7.100020
D,DISPATCH,UNIT_SCADA,1,"2022/10/20 11:35:00",POAT110,0
D,DISPATCH,UNIT_SCADA,1,"2022/10/20 11:35:00",POAT220,0
D,DISPATCH,UNIT_SCADA,1,"2022/10/20 11:35:00",POR01,0
D,DISPATCH,UNIT_SCADA,1,"2022/10/20 11:35:00",POR03,0
D,DISPATCH,UNIT_SCADA,1,"2022/10/20 11:35:00",PPCCGT,0
D,DISPATCH,UNIT_SCADA,1,"2022/10/20 11:35:00",PTSTAN1,0
D,DISPATCH,UNIT_SCADA,1,"2022/10/20 11:35:00",PUMP1,243.849990
D,DISPATCH,UNIT_SCADA,1,"2022/10/20 11:35:00",PUMP2,0
D,DISPATCH,UNIT_SCADA,1,"2022/10/20 11:35:00",QBYNBG1,1.168480
D,DISPATCH,UNIT_SCADA,1,"2022/10/20 11:35:00",QBYNBL1,0
D,DISPATCH,UNIT_SCADA,1,"2022/10/20 11:35:00",QPS1,0
D,DISPATCH,UNIT_SCADA,1,"2022/10/20 11:35:00",QPS2,0
D,DISPATCH,UNIT_SCADA,1,"2022/10/20 11:35:00",QPS3,0
D,DISPATCH,UNIT_SCADA,1,"2022/10/20 11:35:00",QPS4,0
D,DISPATCH,UNIT_SCADA,1,"2022/10/20 11:35:00",QPS5,88.03
D,DISPATCH,UNIT_SCADA,1,"2022/10/20 11:35:00",REECE1,0
D,DISPATCH,UNIT_SCADA,1,"2022/10/20 11:35:00",REECE2,0
D,DISPATCH,UNIT_SCADA,1,"2022/10/20 11:35:00",ROMA_7,0
D,DISPATCH,UNIT_SCADA,1,"2022/10/20 11:35:00",ROMA_8,0
D,DISPATCH,UNIT_SCADA,1,"2022/10/20 11:35:00",RRSF1,81.556660
D,DISPATCH,UNIT_SCADA,1,"2022/10/20 11:35:00",RT_NSW1,0
D,DISPATCH,UNIT_SCADA,1,"2022/10/20 11:35:00",RT_NSW2,0
D,DISPATCH,UNIT_SCADA,1,"2022/10/20 11:35:00",RT_NSW3,0
D,DISPATCH,UNIT_SCADA,1,"2022/10/20 11:35:00",RT_NSW4,0
D,DISPATCH,UNIT_SCADA,1,"2022/10/20 11:35:00",RT_NSW5,0
D,DISPATCH,UNIT_SCADA,1,"2022/10/20 11:35:00",RT_NSW6,0
D,DISPATCH,UNIT_SCADA,1,"2022/10/20 11:35:00",RT_QLD1,0
D,DISPATCH,UNIT_SCADA,1,"2022/10/20 11:35:00",RT_SA1,0
D,DISPATCH,UNIT_SCADA,1,"2022/10/20 11:35:00",RT_SA2,0
D,DISPATCH,UNIT_SCADA,1,"2022/10/20 11:35:00",RT_SA3,0
D,DISPATCH,UNIT_SCADA,1,"2022/10/20 11:35:00",RT_SA4,0
D,DISPATCH,UNIT_SCADA,1,"2022/10/20 11:35:00",RT_SA5,0
D,DISPATCH,UNIT_SCADA,1,"2022/10/20 11:35:00",RT_SA6,0
D,DISPATCH,UNIT_SCADA,1,"2022/10/20 11:35:00",RT_TAS1,0
D,DISPATCH,UNIT_SCADA,1,"2022/10/20 11:35:00",RT_VIC1,0
D,DISPATCH,UNIT_SCADA,1,"2022/10/20 11:35:00",RT_VIC10,0
D,DISPATCH,UNIT_SCADA,1,"2022/10/20 11:35:00",RT_VIC11,0
D,DISPATCH,UNIT_SCADA,1,"2022/10/20 11:35:00",RT_VIC12,0
D,DISPATCH,UNIT_SCADA,1,"2022/10/20 11:35:00",RT_VIC2,0
D,DISPATCH,UNIT_SCADA,1,"2022/10/20 11:35:00",RT_VIC3,0
D,DISPATCH,UNIT_SCADA,1,"2022/10/20 11:35:00",RT_VIC4,0
D,DISPATCH,UNIT_SCADA,1,"2022/10/20 11:35:00",RT_VIC5,0
D,DISPATCH,UNIT_SCADA,1,"2022/10/20 11:35:00",RT_VIC6,0
D,DISPATCH,UNIT_SCADA,1,"2022/10/20 11:35:00",RT_VIC7,0
D,DISPATCH,UNIT_SCADA,1,"2022/10/20 11:35:00",RT_VIC8,0
D,DISPATCH,UNIT_SCADA,1,"2022/10/20 11:35:00",RT_VIC9,0
D,DISPATCH,UNIT_SCADA,1,"2022/10/20 11:35:00",RUGBYR1,2.3625
D,DISPATCH,UNIT_SCADA,1,"2022/10/20 11:35:00",SALTCRK1,14.70
D,DISPATCH,UNIT_SCADA,1,"2022/10/20 11:35:00",SAPHWF1,42.018770
D,DISPATCH,UNIT_SCADA,1,"2022/10/20 11:35:00",SEBSF1,28.414630
D,DISPATCH,UNIT_SCADA,1,"2022/10/20 11:35:00",SHGEN,0
D,DISPATCH,UNIT_SCADA,1,"2022/10/20 11:35:00",SHPUMP,0
D,DISPATCH,UNIT_SCADA,1,"2022/10/20 11:35:00",SITHE01,0.123710
D,DISPATCH,UNIT_SCADA,1,"2022/10/20 11:35:00",SMCSF1,95.04
D,DISPATCH,UNIT_SCADA,1,"2022/10/20 11:35:00",SNAPPER1,0
D,DISPATCH,UNIT_SCADA,1,"2022/10/20 11:35:00",SNOWNTH1,107.70
D,DISPATCH,UNIT_SCADA,1,"2022/10/20 11:35:00",SNOWSTH1,45.50
D,DISPATCH,UNIT_SCADA,1,"2022/10/20 11:35:00",SNOWTWN1,0
D,DISPATCH,UNIT_SCADA,1,"2022/10/20 11:35:00",SNOWYP,0
D,DISPATCH,UNIT_SCADA,1,"2022/10/20 11:35:00",SNUG1,0
D,DISPATCH,UNIT_SCADA,1,"2022/10/20 11:35:00",SRSF1,29.66
D,DISPATCH,UNIT_SCADA,1,"2022/10/20 11:35:00",STAN-1,279.197330
D,DISPATCH,UNIT_SCADA,1,"2022/10/20 11:35:00",STAN-2,347.5162
D,DISPATCH,UNIT_SCADA,1,"2022/10/20 11:35:00",STAN-3,154.928760
D,DISPATCH,UNIT_SCADA,1,"2022/10/20 11:35:00",STAN-4,348.733890
D,DISPATCH,UNIT_SCADA,1,"2022/10/20 11:35:00",STARHLWF,0.01
D,DISPATCH,UNIT_SCADA,1,"2022/10/20 11:35:00",STOCKYD1,89.42
D,DISPATCH,UNIT_SCADA,1,"2022/10/20 11:35:00",STWF1,0
D,DISPATCH,UNIT_SCADA,1,"2022/10/20 11:35:00",SUNRSF1,96.127260
D,DISPATCH,UNIT_SCADA,1,"2022/10/20 11:35:00",SUNTPSF1,95.555050
D,DISPATCH,UNIT_SCADA,1,"2022/10/20 11:35:00",SWAN_E,251.828740
D,DISPATCH,UNIT_SCADA,1,"2022/10/20 11:35:00",TALWA1,0
D,DISPATCH,UNIT_SCADA,1,"2022/10/20 11:35:00",TARALGA1,0
D,DISPATCH,UNIT_SCADA,1,"2022/10/20 11:35:00",TARONG#1,348.300020
D,DISPATCH,UNIT_SCADA,1,"2022/10/20 11:35:00",TARONG#2,348.399990
D,DISPATCH,UNIT_SCADA,1,"2022/10/20 11:35:00",TARONG#3,0.90
D,DISPATCH,UNIT_SCADA,1,"2022/10/20 11:35:00",TARONG#4,213.100010
D,DISPATCH,UNIT_SCADA,1,"2022/10/20 11:35:00",TARRALEA,54
D,DISPATCH,UNIT_SCADA,1,"2022/10/20 11:35:00",TBSF1,0.10
D,DISPATCH,UNIT_SCADA,1,"2022/10/20 11:35:00",TNPS1,405.6250
D,DISPATCH,UNIT_SCADA,1,"2022/10/20 11:35:00",TORRB1,0
D,DISPATCH,UNIT_SCADA,1,"2022/10/20 11:35:00",TORRB2,44
D,DISPATCH,UNIT_SCADA,1,"2022/10/20 11:35:00",TORRB3,0
D,DISPATCH,UNIT_SCADA,1,"2022/10/20 11:35:00",TORRB4,0
D,DISPATCH,UNIT_SCADA,1,"2022/10/20 11:35:00",TREVALLN,98.015470
D,DISPATCH,UNIT_SCADA,1,"2022/10/20 11:35:00",TRIBUTE,0
D,DISPATCH,UNIT_SCADA,1,"2022/10/20 11:35:00",TUMUT3,0
D,DISPATCH,UNIT_SCADA,1,"2022/10/20 11:35:00",TUNGATIN,7.510020
D,DISPATCH,UNIT_SCADA,1,"2022/10/20 11:35:00",TVCC201,0
D,DISPATCH,UNIT_SCADA,1,"2022/10/20 11:35:00",TVPP104,57.807020
D,DISPATCH,UNIT_SCADA,1,"2022/10/20 11:35:00",UPPTUMUT,35.9505
D,DISPATCH,UNIT_SCADA,1,"2022/10/20 11:35:00",URANQ11,0
D,DISPATCH,UNIT_SCADA,1,"2022/10/20 11:35:00",URANQ12,0
D,DISPATCH,UNIT_SCADA,1,"2022/10/20 11:35:00",URANQ13,0
D,DISPATCH,UNIT_SCADA,1,"2022/10/20 11:35:00",URANQ14,0
D,DISPATCH,UNIT_SCADA,1,"2022/10/20 11:35:00",VBBG1,0
D,DISPATCH,UNIT_SCADA,1,"2022/10/20 11:35:00",VBBL1,98.30
D,DISPATCH,UNIT_SCADA,1,"2022/10/20 11:35:00",VP5,499.7467
D,DISPATCH,UNIT_SCADA,1,"2022/10/20 11:35:00",VP6,498.843350
D,DISPATCH,UNIT_SCADA,1,"2022/10/20 11:35:00",VPGS1,0
D,DISPATCH,UNIT_SCADA,1,"2022/10/20 11:35:00",VPGS2,0
D,DISPATCH,UNIT_SCADA,1,"2022/10/20 11:35:00",VPGS3,0
D,DISPATCH,UNIT_SCADA,1,"2022/10/20 11:35:00",VPGS4,0
D,DISPATCH,UNIT_SCADA,1,"2022/10/20 11:35:00",VPGS5,0
D,DISPATCH,UNIT_SCADA,1,"2022/10/20 11:35:00",VPGS6,0
D,DISPATCH,UNIT_SCADA,1,"2022/10/20 11:35:00",W/HOE#1,0
D,DISPATCH,UNIT_SCADA,1,"2022/10/20 11:35:00",W/HOE#2,0
D,DISPATCH,UNIT_SCADA,1,"2022/10/20 11:35:00",WAGGNSF1,0
D,DISPATCH,UNIT_SCADA,1,"2022/10/20 11:35:00",WALGRVG1,0.000930
D,DISPATCH,UNIT_SCADA,1,"2022/10/20 11:35:00",WALGRVL1,0
D,DISPATCH,UNIT_SCADA,1,"2022/10/20 11:35:00",WANDBG1,0
D,DISPATCH,UNIT_SCADA,1,"2022/10/20 11:35:00",WANDBL1,48.896930
D,DISPATCH,UNIT_SCADA,1,"2022/10/20 11:35:00",WARWSF1,14.49
D,DISPATCH,UNIT_SCADA,1,"2022/10/20 11:35:00",WARWSF2,14.87
D,DISPATCH,UNIT_SCADA,1,"2022/10/20 11:35:00",WATERLWF,38.80
D,DISPATCH,UNIT_SCADA,1,"2022/10/20 11:35:00",WDGPH1,75.7050
D,DISPATCH,UNIT_SCADA,1,"2022/10/20 11:35:00",WELLSF1,84.690620
D,DISPATCH,UNIT_SCADA,1,"2022/10/20 11:35:00",WEMENSF1,21.50
D,DISPATCH,UNIT_SCADA,1,"2022/10/20 11:35:00",WGWF1,56.30
D,DISPATCH,UNIT_SCADA,1,"2022/10/20 11:35:00",WHITSF1,0
D,DISPATCH,UNIT_SCADA,1,"2022/10/20 11:35:00",WINTSF1,82.48
D,DISPATCH,UNIT_SCADA,1,"2022/10/20 11:35:00",WKIEWA1,32.30
D,DISPATCH,UNIT_SCADA,1,"2022/10/20 11:35:00",WKIEWA2,14.20
D,DISPATCH,UNIT_SCADA,1,"2022/10/20 11:35:00",WOODLWN1,16.220460
D,DISPATCH,UNIT_SCADA,1,"2022/10/20 11:35:00",WOOLGSF1,29.069310
D,DISPATCH,UNIT_SCADA,1,"2022/10/20 11:35:00",WPWF,9.65
D,DISPATCH,UNIT_SCADA,1,"2022/10/20 11:35:00",WRSF1,0.5298
D,DISPATCH,UNIT_SCADA,1,"2022/10/20 11:35:00",WRWF1,4.362250
D,DISPATCH,UNIT_SCADA,1,"2022/10/20 11:35:00",WSTWYSF1,0.193530
D,DISPATCH,UNIT_SCADA,1,"2022/10/20 11:35:00",YABULU,0
D,DISPATCH,UNIT_SCADA,1,"2022/10/20 11:35:00",YABULU2,0
D,DISPATCH,UNIT_SCADA,1,"2022/10/20 11:35:00",YARANSF1,51.84
D,DISPATCH,UNIT_SCADA,1,"2022/10/20 11:35:00",YARWUN_1,161.269990
D,DISPATCH,UNIT_SCADA,1,"2022/10/20 11:35:00",YATSF1,39.82
D,DISPATCH,UNIT_SCADA,1,"2022/10/20 11:35:00",YENDWF1,56.38
D,DISPATCH,UNIT_SCADA,1,"2022/10/20 11:35:00",YWPS1,300.749360
D,DISPATCH,UNIT_SCADA,1,"2022/10/20 11:35:00",YWPS2,290.974670
D,DISPATCH,UNIT_SCADA,1,"2022/10/20 11:35:00",YWPS3,301.521510
D,DISPATCH,UNIT_SCADA,1,"2022/10/20 11:35:00",YWPS4,0
C,"END OF REPORT",419
