C,NEMP.WORLD,DISPATCHSCADA,AEMO,PUBLIC,2022/10/20,05:25:10,0000000373231914,DISPATCHSCADA,0000000373231908
I,DISPATCH,UNIT_SCADA,1,SETTLEMENTDATE,DUID,SCADAVALUE
D,DISPATCH,UNIT_SCADA,1,"2022/10/20 05:30:00",BARCSF1,0.10
D,DISPATCH,UNIT_SCADA,1,"2022/10/20 05:30:00",BUTLERSG,8.699999
D,DISPATCH,UNIT_SCADA,1,"2022/10/20 05:30:00",CAPTL_WF,9.045060
D,DISPATCH,UNIT_SCADA,1,"2022/10/20 05:30:00",CHALLHWF,24.299999
D,DISPATCH,UNIT_SCADA,1,"2022/10/20 05:30:00",CLOVER,13.16
D,DISPATCH,UNIT_SCADA,1,"2022/10/20 05:30:00",CLUNY,6.228885
D,DISPATCH,UNIT_SCADA,1,"2022/10/20 05:30:00",CULLRGWF,-0.04
D,DISPATCH,UNIT_SCADA,1,"2022/10/20 05:30:00",DIAPURWF1,7.30
D,DISPATCH,UNIT_SCADA,1,"2022/10/20 05:30:00",ERGT01,0
D,DISPATCH,UNIT_SCADA,1,"2022/10/20 05:30:00",GB01,0
D,DISPATCH,UNIT_SCADA,1,"2022/10/20 05:30:00",GERMCRK,21.60
D,DISPATCH,UNIT_SCADA,1,"2022/10/20 05:30:00",GRIFSF1,0.001526
D,DISPATCH,UNIT_SCADA,1,"2022/10/20 05:30:00",HEZ1,0
D,DISPATCH,UNIT_SCADA,1,"2022/10/20 05:30:00",HUGSF1,-0.1740
D,DISPATCH,UNIT_SCADA,1,"2022/10/20 05:30:00",KEPBG1,0.01
D,DISPATCH,UNIT_SCADA,1,"2022/10/20 05:30:00",LRSF1,0.0240
D,DISPATCH,UNIT_SCADA,1,"2022/10/20 05:30:00",MBAHNTH,47.981247
D,DISPATCH,UNIT_SCADA,1,"2022/10/20 05:30:00",MLSP1,0
D,DISPATCH,UNIT_SCADA,1,"2022/10/20 05:30:00",MLWF1,4.4850
D,DISPATCH,UNIT_SCADA,1,"2022/10/20 05:30:00",PALOONA,30.029999
D,DISPATCH,UNIT_SCADA,1,"2022/10/20 05:30:00",PIONEER,43.799999
D,DISPATCH,UNIT_SCADA,1,"2022/10/20 05:30:00",PORTWF,43.200001
D,DISPATCH,UNIT_SCADA,1,"2022/10/20 05:30:00",REPULSE,9.403830
D,DISPATCH,UNIT_SCADA,1,"2022/10/20 05:30:00",ROWALLAN,8.8040
D,DISPATCH,UNIT_SCADA,1,"2022/10/20 05:30:00",ROYALLA1,0
D,DISPATCH,UNIT_SCADA,1,"2022/10/20 05:30:00",RPCG,-1.20
D,DISPATCH,UNIT_SCADA,1,"2022/10/20 05:30:00",RUBICON,0
D,DISPATCH,UNIT_SCADA,1,"2022/10/20 05:30:00",WAUBRAWF,90.871002
D,DISPATCH,UNIT_SCADA,1,"2022/10/20 05:30:00",WOOLNTH1,39.200001
D,DISPATCH,UNIT_SCADA,1,"2022/10/20 05:30:00",YAMBUKWF,2.70
D,DISPATCH,UNIT_SCADA,1,"2022/10/20 05:30:00",YSWF1,1.40
D,DISPATCH,UNIT_SCADA,1,"2022/10/20 05:30:00",ADPBA1G,0.0080
D,DISPATCH,UNIT_SCADA,1,"2022/10/20 05:30:00",ADPBA1L,0
D,DISPATCH,UNIT_SCADA,1,"2022/10/20 05:30:00",ADPPV1,0
D,DISPATCH,UNIT_SCADA,1,"2022/10/20 05:30:00",AGLHAL,0
D,DISPATCH,UNIT_SCADA,1,"2022/10/20 05:30:00",AGLSOM,0
D,DISPATCH,UNIT_SCADA,1,"2022/10/20 05:30:00",ANGAST1,0
D,DISPATCH,UNIT_SCADA,1,"2022/10/20 05:30:00",ARWF1,5.70
D,DISPATCH,UNIT_SCADA,1,"2022/10/20 05:30:00",BALBG1,0
D,DISPATCH,UNIT_SCADA,1,"2022/10/20 05:30:00",BALBL1,0
D,DISPATCH,UNIT_SCADA,1,"2022/10/20 05:30:00",BALDHWF1,5.0530
D,DISPATCH,UNIT_SCADA,1,"2022/10/20 05:30:00",BANGOWF1,70.999620
D,DISPATCH,UNIT_SCADA,1,"2022/10/20 05:30:00",BANGOWF2,67.697790
D,DISPATCH,UNIT_SCADA,1,"2022/10/20 05:30:00",BANN1,0
D,DISPATCH,UNIT_SCADA,1,"2022/10/20 05:30:00",BARCALDN,0
D,DISPATCH,UNIT_SCADA,1,"2022/10/20 05:30:00",BARKIPS1,0
D,DISPATCH,UNIT_SCADA,1,"2022/10/20 05:30:00",BARRON-1,28.04
D,DISPATCH,UNIT_SCADA,1,"2022/10/20 05:30:00",BARRON-2,0
D,DISPATCH,UNIT_SCADA,1,"2022/10/20 05:30:00",BASTYAN,0
D,DISPATCH,UNIT_SCADA,1,"2022/10/20 05:30:00",BBTHREE1,-1.02
D,DISPATCH,UNIT_SCADA,1,"2022/10/20 05:30:00",BBTHREE2,0
D,DISPATCH,UNIT_SCADA,1,"2022/10/20 05:30:00",BBTHREE3,0
D,DISPATCH,UNIT_SCADA,1,"2022/10/20 05:30:00",BDL01,0
D,DISPATCH,UNIT_SCADA,1,"2022/10/20 05:30:00",BDL02,0
D,DISPATCH,UNIT_SCADA,1,"2022/10/20 05:30:00",BERYLSF1,0
D,DISPATCH,UNIT_SCADA,1,"2022/10/20 05:30:00",BLOWERNG,62.60
D,DISPATCH,UNIT_SCADA,1,"2022/10/20 05:30:00",BLUEGSF1,0
D,DISPATCH,UNIT_SCADA,1,"2022/10/20 05:30:00",BLUFF1,10
D,DISPATCH,UNIT_SCADA,1,"2022/10/20 05:30:00",BNGSF1,0
D,DISPATCH,UNIT_SCADA,1,"2022/10/20 05:30:00",BNGSF2,0
D,DISPATCH,UNIT_SCADA,1,"2022/10/20 05:30:00",BOCORWF1,0
D,DISPATCH,UNIT_SCADA,1,"2022/10/20 05:30:00",BODWF1,101.251750
D,DISPATCH,UNIT_SCADA,1,"2022/10/20 05:30:00",BOMENSF1,0
D,DISPATCH,UNIT_SCADA,1,"2022/10/20 05:30:00",BOWWBA1G,0
D,DISPATCH,UNIT_SCADA,1,"2022/10/20 05:30:00",BOWWBA1L,0
D,DISPATCH,UNIT_SCADA,1,"2022/10/20 05:30:00",BOWWPV1,0
D,DISPATCH,UNIT_SCADA,1,"2022/10/20 05:30:00",BRAEMAR1,0
D,DISPATCH,UNIT_SCADA,1,"2022/10/20 05:30:00",BRAEMAR2,0
D,DISPATCH,UNIT_SCADA,1,"2022/10/20 05:30:00",BRAEMAR3,0
D,DISPATCH,UNIT_SCADA,1,"2022/10/20 05:30:00",BRAEMAR5,0.292060
D,DISPATCH,UNIT_SCADA,1,"2022/10/20 05:30:00",BRAEMAR6,0
D,DISPATCH,UNIT_SCADA,1,"2022/10/20 05:30:00",BRAEMAR7,0.130920
D,DISPATCH,UNIT_SCADA,1,"2022/10/20 05:30:00",BROKENH1,0
D,DISPATCH,UNIT_SCADA,1,"2022/10/20 05:30:00",BRYB1WF1,107.225140
D,DISPATCH,UNIT_SCADA,1,"2022/10/20 05:30:00",BULBESG1,0
D,DISPATCH,UNIT_SCADA,1,"2022/10/20 05:30:00",BULBESL1,0.07
D,DISPATCH,UNIT_SCADA,1,"2022/10/20 05:30:00",BULGANA1,48.11
D,DISPATCH,UNIT_SCADA,1,"2022/10/20 05:30:00",BW01,501.4603
D,DISPATCH,UNIT_SCADA,1,"2022/10/20 05:30:00",BW02,508.735780
D,DISPATCH,UNIT_SCADA,1,"2022/10/20 05:30:00",BW03,519.356080
D,DISPATCH,UNIT_SCADA,1,"2022/10/20 05:30:00",BW04,0
D,DISPATCH,UNIT_SCADA,1,"2022/10/20 05:30:00",CALL_B_1,319.399990
D,DISPATCH,UNIT_SCADA,1,"2022/10/20 05:30:00",CALL_B_2,322.600010
D,DISPATCH,UNIT_SCADA,1,"2022/10/20 05:30:00",CATHROCK,9.70
D,DISPATCH,UNIT_SCADA,1,"2022/10/20 05:30:00",CBWWBA1G,0
D,DISPATCH,UNIT_SCADA,1,"2022/10/20 05:30:00",CBWWBA1L,0
D,DISPATCH,UNIT_SCADA,1,"2022/10/20 05:30:00",CETHANA,97.765370
D,DISPATCH,UNIT_SCADA,1,"2022/10/20 05:30:00",CG1,0
D,DISPATCH,UNIT_SCADA,1,"2022/10/20 05:30:00",CG2,0
D,DISPATCH,UNIT_SCADA,1,"2022/10/20 05:30:00",CG3,0
D,DISPATCH,UNIT_SCADA,1,"2022/10/20 05:30:00",CG4,0
D,DISPATCH,UNIT_SCADA,1,"2022/10/20 05:30:00",CHILDSF1,0
D,DISPATCH,UNIT_SCADA,1,"2022/10/20 05:30:00",CHYTWF1,7.73
D,DISPATCH,UNIT_SCADA,1,"2022/10/20 05:30:00",CLARESF1,0
D,DISPATCH,UNIT_SCADA,1,"2022/10/20 05:30:00",CLEMGPWF,21.8266
D,DISPATCH,UNIT_SCADA,1,"2022/10/20 05:30:00",CLERMSF1,0
D,DISPATCH,UNIT_SCADA,1,"2022/10/20 05:30:00",CNUNDAWF,0
D,DISPATCH,UNIT_SCADA,1,"2022/10/20 05:30:00",COHUNSF1,0
D,DISPATCH,UNIT_SCADA,1,"2022/10/20 05:30:00",COLEASF1,0
D,DISPATCH,UNIT_SCADA,1,"2022/10/20 05:30:00",COLUMSF1,0
D,DISPATCH,UNIT_SCADA,1,"2022/10/20 05:30:00",COLWF01,117.627220
D,DISPATCH,UNIT_SCADA,1,"2022/10/20 05:30:00",COOPGWF1,373.950010
D,DISPATCH,UNIT_SCADA,1,"2022/10/20 05:30:00",CPP_3,360.524990
D,DISPATCH,UNIT_SCADA,1,"2022/10/20 05:30:00",CPP_4,0
D,DISPATCH,UNIT_SCADA,1,"2022/10/20 05:30:00",CPSA,0
D,DISPATCH,UNIT_SCADA,1,"2022/10/20 05:30:00",CROOKWF2,26.193640
D,DISPATCH,UNIT_SCADA,1,"2022/10/20 05:30:00",CROWLWF1,39.139330
D,DISPATCH,UNIT_SCADA,1,"2022/10/20 05:30:00",CRURWF1,86.296410
D,DISPATCH,UNIT_SCADA,1,"2022/10/20 05:30:00",CRWASF1,0
D,DISPATCH,UNIT_SCADA,1,"2022/10/20 05:30:00",CSPVPS1,0
D,DISPATCH,UNIT_SCADA,1,"2022/10/20 05:30:00",CTHLWF1,0.003050
D,DISPATCH,UNIT_SCADA,1,"2022/10/20 05:30:00",DALNTH01,0
D,DISPATCH,UNIT_SCADA,1,"2022/10/20 05:30:00",DALNTHL1,0.062560
D,DISPATCH,UNIT_SCADA,1,"2022/10/20 05:30:00",DARLSF1,0
D,DISPATCH,UNIT_SCADA,1,"2022/10/20 05:30:00",DARTM1,0
D,DISPATCH,UNIT_SCADA,1,"2022/10/20 05:30:00",DAYDSF1,0
D,DISPATCH,UNIT_SCADA,1,"2022/10/20 05:30:00",DDPS1,0
D,DISPATCH,UNIT_SCADA,1,"2022/10/20 05:30:00",DDSF1,0
D,DISPATCH,UNIT_SCADA,1,"2022/10/20 05:30:00",DEVILS_G,60.0824
D,DISPATCH,UNIT_SCADA,1,"2022/10/20 05:30:00",DG_NSW1,0
D,DISPATCH,UNIT_SCADA,1,"2022/10/20 05:30:00",DG_QLD1,0
D,DISPATCH,UNIT_SCADA,1,"2022/10/20 05:30:00",DG_SA1,0
D,DISPATCH,UNIT_SCADA,1,"2022/10/20 05:30:00",DG_TAS1,0
D,DISPATCH,UNIT_SCADA,1,"2022/10/20 05:30:00",DG_VIC1,0
D,DISPATCH,UNIT_SCADA,1,"2022/10/20 05:30:00",DRYCGT1,0
D,DISPATCH,UNIT_SCADA,1,"2022/10/20 05:30:00",DRYCGT2,0
D,DISPATCH,UNIT_SCADA,1,"2022/10/20 05:30:00",DRYCGT3,0
D,DISPATCH,UNIT_SCADA,1,"2022/10/20 05:30:00",DUNDWF1,101.50
D,DISPATCH,UNIT_SCADA,1,"2022/10/20 05:30:00",DUNDWF2,25.57
D,DISPATCH,UNIT_SCADA,1,"2022/10/20 05:30:00",DUNDWF3,66.89
D,DISPATCH,UNIT_SCADA,1,"2022/10/20 05:30:00",EILDON1,59.88
D,DISPATCH,UNIT_SCADA,1,"2022/10/20 05:30:00",EILDON2,60.04
D,DISPATCH,UNIT_SCADA,1,"2022/10/20 05:30:00",ELAINWF1,26.87
D,DISPATCH,UNIT_SCADA,1,"2022/10/20 05:30:00",EMERASF1,0
D,DISPATCH,UNIT_SCADA,1,"2022/10/20 05:30:00",ER01,0
D,DISPATCH,UNIT_SCADA,1,"2022/10/20 05:30:00",ER02,598.287960
D,DISPATCH,UNIT_SCADA,1,"2022/10/20 05:30:00",ER03,621.408390
D,DISPATCH,UNIT_SCADA,1,"2022/10/20 05:30:00",ER04,618.942570
D,DISPATCH,UNIT_SCADA,1,"2022/10/20 05:30:00",FINLYSF1,0
D,DISPATCH,UNIT_SCADA,1,"2022/10/20 05:30:00",FISHER,45.78
D,DISPATCH,UNIT_SCADA,1,"2022/10/20 05:30:00",GANGARR1,0
D,DISPATCH,UNIT_SCADA,1,"2022/10/20 05:30:00",GANNBG1,0
D,DISPATCH,UNIT_SCADA,1,"2022/10/20 05:30:00",GANNBL1,0.026260
D,DISPATCH,UNIT_SCADA,1,"2022/10/20 05:30:00",GANNSF1,0
D,DISPATCH,UNIT_SCADA,1,"2022/10/20 05:30:00",GLRWNSF1,0
D,DISPATCH,UNIT_SCADA,1,"2022/10/20 05:30:00",GNNDHSF1,0
D,DISPATCH,UNIT_SCADA,1,"2022/10/20 05:30:00",GOONSF1,0
D,DISPATCH,UNIT_SCADA,1,"2022/10/20 05:30:00",GORDON,234.490020
D,DISPATCH,UNIT_SCADA,1,"2022/10/20 05:30:00",GRANWF1,6.82
D,DISPATCH,UNIT_SCADA,1,"2022/10/20 05:30:00",GSTONE1,204.75
D,DISPATCH,UNIT_SCADA,1,"2022/10/20 05:30:00",GSTONE2,0
D,DISPATCH,UNIT_SCADA,1,"2022/10/20 05:30:00",GSTONE3,200.024990
D,DISPATCH,UNIT_SCADA,1,"2022/10/20 05:30:00",GSTONE4,0
D,DISPATCH,UNIT_SCADA,1,"2022/10/20 05:30:00",GSTONE5,205.6250
D,DISPATCH,UNIT_SCADA,1,"2022/10/20 05:30:00",GSTONE6,202.474990
D,DISPATCH,UNIT_SCADA,1,"2022/10/20 05:30:00",GULLRSF1,0
D,DISPATCH,UNIT_SCADA,1,"2022/10/20 05:30:00",GULLRWF1,51.904210
D,DISPATCH,UNIT_SCADA,1,"2022/10/20 05:30:00",GULLRWF2,97.120630
D,DISPATCH,UNIT_SCADA,1,"2022/10/20 05:30:00",GUNNING1,0
D,DISPATCH,UNIT_SCADA,1,"2022/10/20 05:30:00",GUTHEGA,67.90
D,DISPATCH,UNIT_SCADA,1,"2022/10/20 05:30:00",HALLWF1,70.55
D,DISPATCH,UNIT_SCADA,1,"2022/10/20 05:30:00",HALLWF2,55.05
D,DISPATCH,UNIT_SCADA,1,"2022/10/20 05:30:00",HAMISF1,0
D,DISPATCH,UNIT_SCADA,1,"2022/10/20 05:30:00",HAUGHT11,0
D,DISPATCH,UNIT_SCADA,1,"2022/10/20 05:30:00",HAYMSF1,0
D,DISPATCH,UNIT_SCADA,1,"2022/10/20 05:30:00",HDWF1,42.10
D,DISPATCH,UNIT_SCADA,1,"2022/10/20 05:30:00",HDWF2,20.70
D,DISPATCH,UNIT_SCADA,1,"2022/10/20 05:30:00",HDWF3,26
D,DISPATCH,UNIT_SCADA,1,"2022/10/20 05:30:00",HILLSTN1,0
D,DISPATCH,UNIT_SCADA,1,"2022/10/20 05:30:00",HPRG1,0
D,DISPATCH,UNIT_SCADA,1,"2022/10/20 05:30:00",HPRL1,5.50
D,DISPATCH,UNIT_SCADA,1,"2022/10/20 05:30:00",HUMENSW,54.256810
D,DISPATCH,UNIT_SCADA,1,"2022/10/20 05:30:00",HUMEV,0
D,DISPATCH,UNIT_SCADA,1,"2022/10/20 05:30:00",HVWWBA1G,0
D,DISPATCH,UNIT_SCADA,1,"2022/10/20 05:30:00",HVWWBA1L,0.0070
D,DISPATCH,UNIT_SCADA,1,"2022/10/20 05:30:00",HVWWPV1,0
D,DISPATCH,UNIT_SCADA,1,"2022/10/20 05:30:00",JBUTTERS,0
D,DISPATCH,UNIT_SCADA,1,"2022/10/20 05:30:00",JEMALNG1,0
D,DISPATCH,UNIT_SCADA,1,"2022/10/20 05:30:00",JLA01,0
D,DISPATCH,UNIT_SCADA,1,"2022/10/20 05:30:00",JLA02,0
D,DISPATCH,UNIT_SCADA,1,"2022/10/20 05:30:00",JLA03,0
D,DISPATCH,UNIT_SCADA,1,"2022/10/20 05:30:00",JLA04,0
D,DISPATCH,UNIT_SCADA,1,"2022/10/20 05:30:00",JLB01,0
D,DISPATCH,UNIT_SCADA,1,"2022/10/20 05:30:00",JLB02,0.10
D,DISPATCH,UNIT_SCADA,1,"2022/10/20 05:30:00",JLB03,0
D,DISPATCH,UNIT_SCADA,1,"2022/10/20 05:30:00",JUNEESF1,0
D,DISPATCH,UNIT_SCADA,1,"2022/10/20 05:30:00",KABANWF1,0.6110
D,DISPATCH,UNIT_SCADA,1,"2022/10/20 05:30:00",KAREEYA1,18.0075
D,DISPATCH,UNIT_SCADA,1,"2022/10/20 05:30:00",KAREEYA2,0
D,DISPATCH,UNIT_SCADA,1,"2022/10/20 05:30:00",KAREEYA3,21.4825
D,DISPATCH,UNIT_SCADA,1,"2022/10/20 05:30:00",KAREEYA4,0
D,DISPATCH,UNIT_SCADA,1,"2022/10/20 05:30:00",KARSF1,0
D,DISPATCH,UNIT_SCADA,1,"2022/10/20 05:30:00",KEPSF1,0
D,DISPATCH,UNIT_SCADA,1,"2022/10/20 05:30:00",KEPWF1,0
D,DISPATCH,UNIT_SCADA,1,"2022/10/20 05:30:00",KIAMSF1,0
D,DISPATCH,UNIT_SCADA,1,"2022/10/20 05:30:00",KIATAWF1,30.90
D,DISPATCH,UNIT_SCADA,1,"2022/10/20 05:30:00",KPP_1,0
D,DISPATCH,UNIT_SCADA,1,"2022/10/20 05:30:00",KSP1,0
D,DISPATCH,UNIT_SCADA,1,"2022/10/20 05:30:00",LADBROK1,0.01
D,DISPATCH,UNIT_SCADA,1,"2022/10/20 05:30:00",LADBROK2,38.15
D,DISPATCH,UNIT_SCADA,1,"2022/10/20 05:30:00",LBBG1,0
D,DISPATCH,UNIT_SCADA,1,"2022/10/20 05:30:00",LBBL1,4.65
D,DISPATCH,UNIT_SCADA,1,"2022/10/20 05:30:00",LD01,321.506410
D,DISPATCH,UNIT_SCADA,1,"2022/10/20 05:30:00",LD02,0
D,DISPATCH,UNIT_SCADA,1,"2022/10/20 05:30:00",LD04,321.268340
D,DISPATCH,UNIT_SCADA,1,"2022/10/20 05:30:00",LEM_WIL,87.133160
D,DISPATCH,UNIT_SCADA,1,"2022/10/20 05:30:00",LGAPWF1,89.87
D,DISPATCH,UNIT_SCADA,1,"2022/10/20 05:30:00",LGAPWF2,52.82
D,DISPATCH,UNIT_SCADA,1,"2022/10/20 05:30:00",LILYSF1,0
D,DISPATCH,UNIT_SCADA,1,"2022/10/20 05:30:00",LIMOSF11,0
D,DISPATCH,UNIT_SCADA,1,"2022/10/20 05:30:00",LIMOSF21,0
D,DISPATCH,UNIT_SCADA,1,"2022/10/20 05:30:00",LI_WY_CA,76.962830
D,DISPATCH,UNIT_SCADA,1,"2022/10/20 05:30:00",LKBONNY1,0
D,DISPATCH,UNIT_SCADA,1,"2022/10/20 05:30:00",LKBONNY2,26.636130
D,DISPATCH,UNIT_SCADA,1,"2022/10/20 05:30:00",LKBONNY3,8.261670
D,DISPATCH,UNIT_SCADA,1,"2022/10/20 05:30:00",LK_ECHO,0
D,DISPATCH,UNIT_SCADA,1,"2022/10/20 05:30:00",LNGS1,0
D,DISPATCH,UNIT_SCADA,1,"2022/10/20 05:30:00",LNGS2,0
D,DISPATCH,UNIT_SCADA,1,"2022/10/20 05:30:00",LONSDALE,0
D,DISPATCH,UNIT_SCADA,1,"2022/10/20 05:30:00",LOYYB1,582.7063
D,DISPATCH,UNIT_SCADA,1,"2022/10/20 05:30:00",LOYYB2,576.315190
D,DISPATCH,UNIT_SCADA,1,"2022/10/20 05:30:00",LYA1,464
D,DISPATCH,UNIT_SCADA,1,"2022/10/20 05:30:00",LYA2,0
D,DISPATCH,UNIT_SCADA,1,"2022/10/20 05:30:00",LYA3,466
D,DISPATCH,UNIT_SCADA,1,"2022/10/20 05:30:00",LYA4,465
D,DISPATCH,UNIT_SCADA,1,"2022/10/20 05:30:00",MACARTH1,38.699110
D,DISPATCH,UNIT_SCADA,1,"2022/10/20 05:30:00",MACKNTSH,0
D,DISPATCH,UNIT_SCADA,1,"2022/10/20 05:30:00",MANSLR1,0
D,DISPATCH,UNIT_SCADA,1,"2022/10/20 05:30:00",MAPS2PV1,0
D,DISPATCH,UNIT_SCADA,1,"2022/10/20 05:30:00",MAPS3PV1,0
D,DISPATCH,UNIT_SCADA,1,"2022/10/20 05:30:00",MARYRSF1,0
D,DISPATCH,UNIT_SCADA,1,"2022/10/20 05:30:00",MBPS2PV1,0
D,DISPATCH,UNIT_SCADA,1,"2022/10/20 05:30:00",MCKAY1,238.999980
D,DISPATCH,UNIT_SCADA,1,"2022/10/20 05:30:00",MEADOWBK,20.034580
D,DISPATCH,UNIT_SCADA,1,"2022/10/20 05:30:00",MERCER01,17.90
D,DISPATCH,UNIT_SCADA,1,"2022/10/20 05:30:00",METZSF1,0.397460
D,DISPATCH,UNIT_SCADA,1,"2022/10/20 05:30:00",MEWF1,5
D,DISPATCH,UNIT_SCADA,1,"2022/10/20 05:30:00",MIDDLSF1,0
D,DISPATCH,UNIT_SCADA,1,"2022/10/20 05:30:00",MINTARO,0.128180
D,DISPATCH,UNIT_SCADA,1,"2022/10/20 05:30:00",MOLNGSF1,0
D,DISPATCH,UNIT_SCADA,1,"2022/10/20 05:30:00",MOORAWF1,31.59
D,DISPATCH,UNIT_SCADA,1,"2022/10/20 05:30:00",MOREESF1,0
D,DISPATCH,UNIT_SCADA,1,"2022/10/20 05:30:00",MORTLK11,0
D,DISPATCH,UNIT_SCADA,1,"2022/10/20 05:30:00",MORTLK12,0
D,DISPATCH,UNIT_SCADA,1,"2022/10/20 05:30:00",MOUSF1,0
D,DISPATCH,UNIT_SCADA,1,"2022/10/20 05:30:00",MP1,0
D,DISPATCH,UNIT_SCADA,1,"2022/10/20 05:30:00",MP2,570.577580
D,DISPATCH,UNIT_SCADA,1,"2022/10/20 05:30:00",MPP_1,166.494230
D,DISPATCH,UNIT_SCADA,1,"2022/10/20 05:30:00",MPP_2,0
D,DISPATCH,UNIT_SCADA,1,"2022/10/20 05:30:00",MRTLSWF1,0
D,DISPATCH,UNIT_SCADA,1,"2022/10/20 05:30:00",MSTUART1,0
D,DISPATCH,UNIT_SCADA,1,"2022/10/20 05:30:00",MSTUART2,0
D,DISPATCH,UNIT_SCADA,1,"2022/10/20 05:30:00",MSTUART3,0
D,DISPATCH,UNIT_SCADA,1,"2022/10/20 05:30:00",MTGELWF1,30.649740
D,DISPATCH,UNIT_SCADA,1,"2022/10/20 05:30:00",MTMILLAR,9.10
D,DISPATCH,UNIT_SCADA,1,"2022/10/20 05:30:00",MURRAY,0
D,DISPATCH,UNIT_SCADA,1,"2022/10/20 05:30:00",MUSSELR1,0
D,DISPATCH,UNIT_SCADA,1,"2022/10/20 05:30:00",MUWAWF1,186.13
D,DISPATCH,UNIT_SCADA,1,"2022/10/20 05:30:00",MUWAWF2,179.100010
D,DISPATCH,UNIT_SCADA,1,"2022/10/20 05:30:00",MWPS1PV1,0
D,DISPATCH,UNIT_SCADA,1,"2022/10/20 05:30:00",MWPS2PV1,0
D,DISPATCH,UNIT_SCADA,1,"2022/10/20 05:30:00",MWPS3PV1,0
D,DISPATCH,UNIT_SCADA,1,"2022/10/20 05:30:00",MWPS4PV1,0
D,DISPATCH,UNIT_SCADA,1,"2022/10/20 05:30:00",NBHWF1,107.80
D,DISPATCH,UNIT_SCADA,1,"2022/10/20 05:30:00",NEVERSF1,0
D,DISPATCH,UNIT_SCADA,1,"2022/10/20 05:30:00",NPS,0
D,DISPATCH,UNIT_SCADA,1,"2022/10/20 05:30:00",NUMURSF1,0
D,DISPATCH,UNIT_SCADA,1,"2022/10/20 05:30:00",NYNGAN1,0
D,DISPATCH,UNIT_SCADA,1,"2022/10/20 05:30:00",OAKEY1,0
D,DISPATCH,UNIT_SCADA,1,"2022/10/20 05:30:00",OAKEY1SF,0
D,DISPATCH,UNIT_SCADA,1,"2022/10/20 05:30:00",OAKEY2,0
D,DISPATCH,UNIT_SCADA,1,"2022/10/20 05:30:00",OAKEY2SF,0
D,DISPATCH,UNIT_SCADA,1,"2022/10/20 05:30:00",OAKLAND1,22.30
D,DISPATCH,UNIT_SCADA,1,"2022/10/20 05:30:00",OSB-AG,0
D,DISPATCH,UNIT_SCADA,1,"2022/10/20 05:30:00",PAREPS1,0.0660
D,DISPATCH,UNIT_SCADA,1,"2022/10/20 05:30:00",PAREPW1,65.38
D,DISPATCH,UNIT_SCADA,1,"2022/10/20 05:30:00",PARSF1,0.001530
D,DISPATCH,UNIT_SCADA,1,"2022/10/20 05:30:00",POAT110,0
D,DISPATCH,UNIT_SCADA,1,"2022/10/20 05:30:00",POAT220,0
D,DISPATCH,UNIT_SCADA,1,"2022/10/20 05:30:00",POR01,0
D,DISPATCH,UNIT_SCADA,1,"2022/10/20 05:30:00",POR03,0
D,DISPATCH,UNIT_SCADA,1,"2022/10/20 05:30:00",PPCCGT,123.890430
D,DISPATCH,UNIT_SCADA,1,"2022/10/20 05:30:00",PTSTAN1,0
D,DISPATCH,UNIT_SCADA,1,"2022/10/20 05:30:00",PUMP1,0
D,DISPATCH,UNIT_SCADA,1,"2022/10/20 05:30:00",PUMP2,0
D,DISPATCH,UNIT_SCADA,1,"2022/10/20 05:30:00",QBYNBG1,0.0045
D,DISPATCH,UNIT_SCADA,1,"2022/10/20 05:30:00",QBYNBL1,0
D,DISPATCH,UNIT_SCADA,1,"2022/10/20 05:30:00",QPS1,0
D,DISPATCH,UNIT_SCADA,1,"2022/10/20 05:30:00",QPS2,0
D,DISPATCH,UNIT_SCADA,1,"2022/10/20 05:30:00",QPS3,0
D,DISPATCH,UNIT_SCADA,1,"2022/10/20 05:30:00",QPS4,0
D,DISPATCH,UNIT_SCADA,1,"2022/10/20 05:30:00",QPS5,76.58
D,DISPATCH,UNIT_SCADA,1,"2022/10/20 05:30:00",REECE1,0
D,DISPATCH,UNIT_SCADA,1,"2022/10/20 05:30:00",REECE2,63.04
D,DISPATCH,UNIT_SCADA,1,"2022/10/20 05:30:00",ROMA_7,0
D,DISPATCH,UNIT_SCADA,1,"2022/10/20 05:30:00",ROMA_8,0
D,DISPATCH,UNIT_SCADA,1,"2022/10/20 05:30:00",RRSF1,0
D,DISPATCH,UNIT_SCADA,1,"2022/10/20 05:30:00",RT_NSW1,0
D,DISPATCH,UNIT_SCADA,1,"2022/10/20 05:30:00",RT_NSW2,0
D,DISPATCH,UNIT_SCADA,1,"2022/10/20 05:30:00",RT_NSW3,0
D,DISPATCH,UNIT_SCADA,1,"2022/10/20 05:30:00",RT_NSW4,0
D,DISPATCH,UNIT_SCADA,1,"2022/10/20 05:30:00",RT_NSW5,0
D,DISPATCH,UNIT_SCADA,1,"2022/10/20 05:30:00",RT_NSW6,0
D,DISPATCH,UNIT_SCADA,1,"2022/10/20 05:30:00",RT_QLD1,0
D,DISPATCH,UNIT_SCADA,1,"2022/10/20 05:30:00",RT_SA1,0
D,DISPATCH,UNIT_SCADA,1,"2022/10/20 05:30:00",RT_SA2,0
D,DISPATCH,UNIT_SCADA,1,"2022/10/20 05:30:00",RT_SA3,0
D,DISPATCH,UNIT_SCADA,1,"2022/10/20 05:30:00",RT_SA4,0
D,DISPATCH,UNIT_SCADA,1,"2022/10/20 05:30:00",RT_SA5,0
D,DISPATCH,UNIT_SCADA,1,"2022/10/20 05:30:00",RT_SA6,0
D,DISPATCH,UNIT_SCADA,1,"2022/10/20 05:30:00",RT_TAS1,0
D,DISPATCH,UNIT_SCADA,1,"2022/10/20 05:30:00",RT_VIC1,0
D,DISPATCH,UNIT_SCADA,1,"2022/10/20 05:30:00",RT_VIC10,0
D,DISPATCH,UNIT_SCADA,1,"2022/10/20 05:30:00",RT_VIC11,0
D,DISPATCH,UNIT_SCADA,1,"2022/10/20 05:30:00",RT_VIC12,0
D,DISPATCH,UNIT_SCADA,1,"2022/10/20 05:30:00",RT_VIC2,0
D,DISPATCH,UNIT_SCADA,1,"2022/10/20 05:30:00",RT_VIC3,0
D,DISPATCH,UNIT_SCADA,1,"2022/10/20 05:30:00",RT_VIC4,0
D,DISPATCH,UNIT_SCADA,1,"2022/10/20 05:30:00",RT_VIC5,0
D,DISPATCH,UNIT_SCADA,1,"2022/10/20 05:30:00",RT_VIC6,0
D,DISPATCH,UNIT_SCADA,1,"2022/10/20 05:30:00",RT_VIC7,0
D,DISPATCH,UNIT_SCADA,1,"2022/10/20 05:30:00",RT_VIC8,0
D,DISPATCH,UNIT_SCADA,1,"2022/10/20 05:30:00",RT_VIC9,0
D,DISPATCH,UNIT_SCADA,1,"2022/10/20 05:30:00",RUGBYR1,0
D,DISPATCH,UNIT_SCADA,1,"2022/10/20 05:30:00",SALTCRK1,20.62
D,DISPATCH,UNIT_SCADA,1,"2022/10/20 05:30:00",SAPHWF1,184.293880
D,DISPATCH,UNIT_SCADA,1,"2022/10/20 05:30:00",SEBSF1,0.173760
D,DISPATCH,UNIT_SCADA,1,"2022/10/20 05:30:00",SHGEN,0
D,DISPATCH,UNIT_SCADA,1,"2022/10/20 05:30:00",SHPUMP,0
D,DISPATCH,UNIT_SCADA,1,"2022/10/20 05:30:00",SITHE01,0.123710
D,DISPATCH,UNIT_SCADA,1,"2022/10/20 05:30:00",SMCSF1,0
D,DISPATCH,UNIT_SCADA,1,"2022/10/20 05:30:00",SNAPPER1,0
D,DISPATCH,UNIT_SCADA,1,"2022/10/20 05:30:00",SNOWNTH1,140.50
D,DISPATCH,UNIT_SCADA,1,"2022/10/20 05:30:00",SNOWSTH1,121.30
D,DISPATCH,UNIT_SCADA,1,"2022/10/20 05:30:00",SNOWTWN1,93.331630
D,DISPATCH,UNIT_SCADA,1,"2022/10/20 05:30:00",SNOWYP,0
D,DISPATCH,UNIT_SCADA,1,"2022/10/20 05:30:00",SNUG1,0
D,DISPATCH,UNIT_SCADA,1,"2022/10/20 05:30:00",SRSF1,0
D,DISPATCH,UNIT_SCADA,1,"2022/10/20 05:30:00",STAN-1,279.863860
D,DISPATCH,UNIT_SCADA,1,"2022/10/20 05:30:00",STAN-2,364.743320
D,DISPATCH,UNIT_SCADA,1,"2022/10/20 05:30:00",STAN-3,272.814060
D,DISPATCH,UNIT_SCADA,1,"2022/10/20 05:30:00",STAN-4,364.192140
D,DISPATCH,UNIT_SCADA,1,"2022/10/20 05:30:00",STARHLWF,17.194990
D,DISPATCH,UNIT_SCADA,1,"2022/10/20 05:30:00",STOCKYD1,245.009990
D,DISPATCH,UNIT_SCADA,1,"2022/10/20 05:30:00",STWF1,74.493930
D,DISPATCH,UNIT_SCADA,1,"2022/10/20 05:30:00",SUNRSF1,0
D,DISPATCH,UNIT_SCADA,1,"2022/10/20 05:30:00",SUNTPSF1,0
D,DISPATCH,UNIT_SCADA,1,"2022/10/20 05:30:00",SWAN_E,246.046880
D,DISPATCH,UNIT_SCADA,1,"2022/10/20 05:30:00",TALWA1,0
D,DISPATCH,UNIT_SCADA,1,"2022/10/20 05:30:00",TARALGA1,0
D,DISPATCH,UNIT_SCADA,1,"2022/10/20 05:30:00",TARONG#1,282
D,DISPATCH,UNIT_SCADA,1,"2022/10/20 05:30:00",TARONG#2,281.399990
D,DISPATCH,UNIT_SCADA,1,"2022/10/20 05:30:00",TARONG#3,0.90
D,DISPATCH,UNIT_SCADA,1,"2022/10/20 05:30:00",TARONG#4,192.80
D,DISPATCH,UNIT_SCADA,1,"2022/10/20 05:30:00",TARRALEA,53.90
D,DISPATCH,UNIT_SCADA,1,"2022/10/20 05:30:00",TBSF1,0
D,DISPATCH,UNIT_SCADA,1,"2022/10/20 05:30:00",TNPS1,381.8125
D,DISPATCH,UNIT_SCADA,1,"2022/10/20 05:30:00",TORRB1,0
D,DISPATCH,UNIT_SCADA,1,"2022/10/20 05:30:00",TORRB2,41
D,DISPATCH,UNIT_SCADA,1,"2022/10/20 05:30:00",TORRB3,0
D,DISPATCH,UNIT_SCADA,1,"2022/10/20 05:30:00",TORRB4,0
D,DISPATCH,UNIT_SCADA,1,"2022/10/20 05:30:00",TREVALLN,99.502310
D,DISPATCH,UNIT_SCADA,1,"2022/10/20 05:30:00",TRIBUTE,0
D,DISPATCH,UNIT_SCADA,1,"2022/10/20 05:30:00",TUMUT3,0
D,DISPATCH,UNIT_SCADA,1,"2022/10/20 05:30:00",TUNGATIN,4.530010
D,DISPATCH,UNIT_SCADA,1,"2022/10/20 05:30:00",TVCC201,0
D,DISPATCH,UNIT_SCADA,1,"2022/10/20 05:30:00",TVPP104,0
D,DISPATCH,UNIT_SCADA,1,"2022/10/20 05:30:00",UPPTUMUT,0
D,DISPATCH,UNIT_SCADA,1,"2022/10/20 05:30:00",URANQ11,0
D,DISPATCH,UNIT_SCADA,1,"2022/10/20 05:30:00",URANQ12,0
D,DISPATCH,UNIT_SCADA,1,"2022/10/20 05:30:00",URANQ13,0
D,DISPATCH,UNIT_SCADA,1,"2022/10/20 05:30:00",URANQ14,0
D,DISPATCH,UNIT_SCADA,1,"2022/10/20 05:30:00",VBBG1,49
D,DISPATCH,UNIT_SCADA,1,"2022/10/20 05:30:00",VBBL1,0
D,DISPATCH,UNIT_SCADA,1,"2022/10/20 05:30:00",VP5,601.849430
D,DISPATCH,UNIT_SCADA,1,"2022/10/20 05:30:00",VP6,600.360110
D,DISPATCH,UNIT_SCADA,1,"2022/10/20 05:30:00",VPGS1,0
D,DISPATCH,UNIT_SCADA,1,"2022/10/20 05:30:00",VPGS2,0
D,DISPATCH,UNIT_SCADA,1,"2022/10/20 05:30:00",VPGS3,0
D,DISPATCH,UNIT_SCADA,1,"2022/10/20 05:30:00",VPGS4,0
D,DISPATCH,UNIT_SCADA,1,"2022/10/20 05:30:00",VPGS5,0
D,DISPATCH,UNIT_SCADA,1,"2022/10/20 05:30:00",VPGS6,0
D,DISPATCH,UNIT_SCADA,1,"2022/10/20 05:30:00",W/HOE#1,0
D,DISPATCH,UNIT_SCADA,1,"2022/10/20 05:30:00",W/HOE#2,0
D,DISPATCH,UNIT_SCADA,1,"2022/10/20 05:30:00",WAGGNSF1,0
D,DISPATCH,UNIT_SCADA,1,"2022/10/20 05:30:00",WALGRVG1,0.023270
D,DISPATCH,UNIT_SCADA,1,"2022/10/20 05:30:00",WALGRVL1,0
D,DISPATCH,UNIT_SCADA,1,"2022/10/20 05:30:00",WANDBG1,0
D,DISPATCH,UNIT_SCADA,1,"2022/10/20 05:30:00",WANDBL1,0
D,DISPATCH,UNIT_SCADA,1,"2022/10/20 05:30:00",WARWSF1,0
D,DISPATCH,UNIT_SCADA,1,"2022/10/20 05:30:00",WARWSF2,0
D,DISPATCH,UNIT_SCADA,1,"2022/10/20 05:30:00",WATERLWF,89.70
D,DISPATCH,UNIT_SCADA,1,"2022/10/20 05:30:00",WDGPH1,0
D,DISPATCH,UNIT_SCADA,1,"2022/10/20 05:30:00",WELLSF1,0
D,DISPATCH,UNIT_SCADA,1,"2022/10/20 05:30:00",WEMENSF1,0
D,DISPATCH,UNIT_SCADA,1,"2022/10/20 05:30:00",WGWF1,108.10
D,DISPATCH,UNIT_SCADA,1,"2022/10/20 05:30:00",WHITSF1,0
D,DISPATCH,UNIT_SCADA,1,"2022/10/20 05:30:00",WINTSF1,0
D,DISPATCH,UNIT_SCADA,1,"2022/10/20 05:30:00",WKIEWA1,34
D,DISPATCH,UNIT_SCADA,1,"2022/10/20 05:30:00",WKIEWA2,33.90
D,DISPATCH,UNIT_SCADA,1,"2022/10/20 05:30:00",WOODLWN1,17.240010
D,DISPATCH,UNIT_SCADA,1,"2022/10/20 05:30:00",WOOLGSF1,0
D,DISPATCH,UNIT_SCADA,1,"2022/10/20 05:30:00",WPWF,68.26
D,DISPATCH,UNIT_SCADA,1,"2022/10/20 05:30:00",WRSF1,0
D,DISPATCH,UNIT_SCADA,1,"2022/10/20 05:30:00",WRWF1,39.7876
D,DISPATCH,UNIT_SCADA,1,"2022/10/20 05:30:00",WSTWYSF1,0
D,DISPATCH,UNIT_SCADA,1,"2022/10/20 05:30:00",YABULU,0
D,DISPATCH,UNIT_SCADA,1,"2022/10/20 05:30:00",YABULU2,0
D,DISPATCH,UNIT_SCADA,1,"2022/10/20 05:30:00",YARANSF1,0
D,DISPATCH,UNIT_SCADA,1,"2022/10/20 05:30:00",YARWUN_1,129.75
D,DISPATCH,UNIT_SCADA,1,"2022/10/20 05:30:00",YATSF1,0
D,DISPATCH,UNIT_SCADA,1,"2022/10/20 05:30:00",YENDWF1,36.17
D,DISPATCH,UNIT_SCADA,1,"2022/10/20 05:30:00",YWPS1,364.410130
D,DISPATCH,UNIT_SCADA,1,"2022/10/20 05:30:00",YWPS2,288.718990
D,DISPATCH,UNIT_SCADA,1,"2022/10/20 05:30:00",YWPS3,360.235440
D,DISPATCH,UNIT_SCADA,1,"2022/10/20 05:30:00",YWPS4,0
C,"END OF REPORT",419
