C,NEMP.WORLD,DISPATCHSCADA,AEMO,PUBLIC,2022/10/20,18:45:10,0000000373274184,DISPATCHSCADA,0000000373274178
I,DISPATCH,UNIT_SCADA,1,SETTLEMENTDATE,DUID,SCADAVALUE
D,DISPATCH,UNIT_SCADA,1,"2022/10/20 18:50:00",BARCSF1,0.10
D,DISPATCH,UNIT_SCADA,1,"2022/10/20 18:50:00",BUTLERSG,8.699999
D,DISPATCH,UNIT_SCADA,1,"2022/10/20 18:50:00",CAPTL_WF,81.395775
D,DISPATCH,UNIT_SCADA,1,"2022/10/20 18:50:00",CHALLHWF,6.60
D,DISPATCH,UNIT_SCADA,1,"2022/10/20 18:50:00",CLOVER,13.06
D,DISPATCH,UNIT_SCADA,1,"2022/10/20 18:50:00",CLUNY,6.410162
D,DISPATCH,UNIT_SCADA,1,"2022/10/20 18:50:00",CULLRGWF,-0.02
D,DISPATCH,UNIT_SCADA,1,"2022/10/20 18:50:00",DIAPURWF1,1.30
D,DISPATCH,UNIT_SCADA,1,"2022/10/20 18:50:00",ERGT01,0
D,DISPATCH,UNIT_SCADA,1,"2022/10/20 18:50:00",GB01,0
D,DISPATCH,UNIT_SCADA,1,"2022/10/20 18:50:00",GERMCRK,20.799999
D,DISPATCH,UNIT_SCADA,1,"2022/10/20 18:50:00",GRIFSF1,0.001526
D,DISPATCH,UNIT_SCADA,1,"2022/10/20 18:50:00",HEZ1,0
D,DISPATCH,UNIT_SCADA,1,"2022/10/20 18:50:00",HUGSF1,-0.0420
D,DISPATCH,UNIT_SCADA,1,"2022/10/20 18:50:00",KEPBG1,2.01
D,DISPATCH,UNIT_SCADA,1,"2022/10/20 18:50:00",LRSF1,0.0110
D,DISPATCH,UNIT_SCADA,1,"2022/10/20 18:50:00",MBAHNTH,43.6875
D,DISPATCH,UNIT_SCADA,1,"2022/10/20 18:50:00",MLSP1,0
D,DISPATCH,UNIT_SCADA,1,"2022/10/20 18:50:00",MLWF1,6.51
D,DISPATCH,UNIT_SCADA,1,"2022/10/20 18:50:00",PALOONA,30.76
D,DISPATCH,UNIT_SCADA,1,"2022/10/20 18:50:00",PIONEER,42.700001
D,DISPATCH,UNIT_SCADA,1,"2022/10/20 18:50:00",PORTWF,40.900002
D,DISPATCH,UNIT_SCADA,1,"2022/10/20 18:50:00",REPULSE,9.828641
D,DISPATCH,UNIT_SCADA,1,"2022/10/20 18:50:00",ROWALLAN,8.9886
D,DISPATCH,UNIT_SCADA,1,"2022/10/20 18:50:00",ROYALLA1,0
D,DISPATCH,UNIT_SCADA,1,"2022/10/20 18:50:00",RPCG,-1.80
D,DISPATCH,UNIT_SCADA,1,"2022/10/20 18:50:00",RUBICON,0
D,DISPATCH,UNIT_SCADA,1,"2022/10/20 18:50:00",WAUBRAWF,71.452003
D,DISPATCH,UNIT_SCADA,1,"2022/10/20 18:50:00",WOOLNTH1,95.419998
D,DISPATCH,UNIT_SCADA,1,"2022/10/20 18:50:00",YAMBUKWF,5.60
D,DISPATCH,UNIT_SCADA,1,"2022/10/20 18:50:00",YSWF1,1.80
D,DISPATCH,UNIT_SCADA,1,"2022/10/20 18:50:00",ADPBA1G,0.0080
D,DISPATCH,UNIT_SCADA,1,"2022/10/20 18:50:00",ADPBA1L,0
D,DISPATCH,UNIT_SCADA,1,"2022/10/20 18:50:00",ADPPV1,0.2260
D,DISPATCH,UNIT_SCADA,1,"2022/10/20 18:50:00",AGLHAL,30.800820
D,DISPATCH,UNIT_SCADA,1,"2022/10/20 18:50:00",AGLSOM,0
D,DISPATCH,UNIT_SCADA,1,"2022/10/20 18:50:00",ANGAST1,0
D,DISPATCH,UNIT_SCADA,1,"2022/10/20 18:50:00",ARWF1,54.80
D,DISPATCH,UNIT_SCADA,1,"2022/10/20 18:50:00",BALBG1,0
D,DISPATCH,UNIT_SCADA,1,"2022/10/20 18:50:00",BALBL1,0
D,DISPATCH,UNIT_SCADA,1,"2022/10/20 18:50:00",BALDHWF1,101.8690
D,DISPATCH,UNIT_SCADA,1,"2022/10/20 18:50:00",BANGOWF1,83.197070
D,DISPATCH,UNIT_SCADA,1,"2022/10/20 18:50:00",BANGOWF2,63.098570
D,DISPATCH,UNIT_SCADA,1,"2022/10/20 18:50:00",BANN1,0.12
D,DISPATCH,UNIT_SCADA,1,"2022/10/20 18:50:00",BARCALDN,0
D,DISPATCH,UNIT_SCADA,1,"2022/10/20 18:50:00",BARKIPS1,88.58
D,DISPATCH,UNIT_SCADA,1,"2022/10/20 18:50:00",BARRON-1,27.84
D,DISPATCH,UNIT_SCADA,1,"2022/10/20 18:50:00",BARRON-2,28.12
D,DISPATCH,UNIT_SCADA,1,"2022/10/20 18:50:00",BASTYAN,69.45
D,DISPATCH,UNIT_SCADA,1,"2022/10/20 18:50:00",BBTHREE1,0
D,DISPATCH,UNIT_SCADA,1,"2022/10/20 18:50:00",BBTHREE2,0
D,DISPATCH,UNIT_SCADA,1,"2022/10/20 18:50:00",BBTHREE3,-1.10
D,DISPATCH,UNIT_SCADA,1,"2022/10/20 18:50:00",BDL01,0
D,DISPATCH,UNIT_SCADA,1,"2022/10/20 18:50:00",BDL02,0
D,DISPATCH,UNIT_SCADA,1,"2022/10/20 18:50:00",BERYLSF1,0
D,DISPATCH,UNIT_SCADA,1,"2022/10/20 18:50:00",BLOWERNG,62.60
D,DISPATCH,UNIT_SCADA,1,"2022/10/20 18:50:00",BLUEGSF1,0
D,DISPATCH,UNIT_SCADA,1,"2022/10/20 18:50:00",BLUFF1,0.90
D,DISPATCH,UNIT_SCADA,1,"2022/10/20 18:50:00",BNGSF1,2.51
D,DISPATCH,UNIT_SCADA,1,"2022/10/20 18:50:00",BNGSF2,1.59
D,DISPATCH,UNIT_SCADA,1,"2022/10/20 18:50:00",BOCORWF1,49.70
D,DISPATCH,UNIT_SCADA,1,"2022/10/20 18:50:00",BODWF1,112.0319
D,DISPATCH,UNIT_SCADA,1,"2022/10/20 18:50:00",BOMENSF1,0
D,DISPATCH,UNIT_SCADA,1,"2022/10/20 18:50:00",BOWWBA1G,0
D,DISPATCH,UNIT_SCADA,1,"2022/10/20 18:50:00",BOWWBA1L,0.0030
D,DISPATCH,UNIT_SCADA,1,"2022/10/20 18:50:00",BOWWPV1,0
D,DISPATCH,UNIT_SCADA,1,"2022/10/20 18:50:00",BRAEMAR1,0
D,DISPATCH,UNIT_SCADA,1,"2022/10/20 18:50:00",BRAEMAR2,0
D,DISPATCH,UNIT_SCADA,1,"2022/10/20 18:50:00",BRAEMAR3,0
D,DISPATCH,UNIT_SCADA,1,"2022/10/20 18:50:00",BRAEMAR5,144.710210
D,DISPATCH,UNIT_SCADA,1,"2022/10/20 18:50:00",BRAEMAR6,0
D,DISPATCH,UNIT_SCADA,1,"2022/10/20 18:50:00",BRAEMAR7,140.218540
D,DISPATCH,UNIT_SCADA,1,"2022/10/20 18:50:00",BROKENH1,0
D,DISPATCH,UNIT_SCADA,1,"2022/10/20 18:50:00",BRYB1WF1,92.069890
D,DISPATCH,UNIT_SCADA,1,"2022/10/20 18:50:00",BULBESG1,0
D,DISPATCH,UNIT_SCADA,1,"2022/10/20 18:50:00",BULBESL1,0.03
D,DISPATCH,UNIT_SCADA,1,"2022/10/20 18:50:00",BULGANA1,72.91
D,DISPATCH,UNIT_SCADA,1,"2022/10/20 18:50:00",BW01,658.640440
D,DISPATCH,UNIT_SCADA,1,"2022/10/20 18:50:00",BW02,636.8139
D,DISPATCH,UNIT_SCADA,1,"2022/10/20 18:50:00",BW03,615.1095
D,DISPATCH,UNIT_SCADA,1,"2022/10/20 18:50:00",BW04,0
D,DISPATCH,UNIT_SCADA,1,"2022/10/20 18:50:00",CALL_B_1,319
D,DISPATCH,UNIT_SCADA,1,"2022/10/20 18:50:00",CALL_B_2,319.100010
D,DISPATCH,UNIT_SCADA,1,"2022/10/20 18:50:00",CATHROCK,6.60
D,DISPATCH,UNIT_SCADA,1,"2022/10/20 18:50:00",CBWWBA1G,0
D,DISPATCH,UNIT_SCADA,1,"2022/10/20 18:50:00",CBWWBA1L,0
D,DISPATCH,UNIT_SCADA,1,"2022/10/20 18:50:00",CETHANA,97.525880
D,DISPATCH,UNIT_SCADA,1,"2022/10/20 18:50:00",CG1,0
D,DISPATCH,UNIT_SCADA,1,"2022/10/20 18:50:00",CG2,0
D,DISPATCH,UNIT_SCADA,1,"2022/10/20 18:50:00",CG3,0
D,DISPATCH,UNIT_SCADA,1,"2022/10/20 18:50:00",CG4,0
D,DISPATCH,UNIT_SCADA,1,"2022/10/20 18:50:00",CHILDSF1,0
D,DISPATCH,UNIT_SCADA,1,"2022/10/20 18:50:00",CHYTWF1,10.63
D,DISPATCH,UNIT_SCADA,1,"2022/10/20 18:50:00",CLARESF1,0
D,DISPATCH,UNIT_SCADA,1,"2022/10/20 18:50:00",CLEMGPWF,8.932340
D,DISPATCH,UNIT_SCADA,1,"2022/10/20 18:50:00",CLERMSF1,0
D,DISPATCH,UNIT_SCADA,1,"2022/10/20 18:50:00",CNUNDAWF,12.714830
D,DISPATCH,UNIT_SCADA,1,"2022/10/20 18:50:00",COHUNSF1,0
D,DISPATCH,UNIT_SCADA,1,"2022/10/20 18:50:00",COLEASF1,0
D,DISPATCH,UNIT_SCADA,1,"2022/10/20 18:50:00",COLUMSF1,0
D,DISPATCH,UNIT_SCADA,1,"2022/10/20 18:50:00",COLWF01,127.432660
D,DISPATCH,UNIT_SCADA,1,"2022/10/20 18:50:00",COOPGWF1,353.209990
D,DISPATCH,UNIT_SCADA,1,"2022/10/20 18:50:00",CPP_3,369.600010
D,DISPATCH,UNIT_SCADA,1,"2022/10/20 18:50:00",CPP_4,0
D,DISPATCH,UNIT_SCADA,1,"2022/10/20 18:50:00",CPSA,0
D,DISPATCH,UNIT_SCADA,1,"2022/10/20 18:50:00",CROOKWF2,46.784770
D,DISPATCH,UNIT_SCADA,1,"2022/10/20 18:50:00",CROWLWF1,32.503810
D,DISPATCH,UNIT_SCADA,1,"2022/10/20 18:50:00",CRURWF1,118.998020
D,DISPATCH,UNIT_SCADA,1,"2022/10/20 18:50:00",CRWASF1,0.015070
D,DISPATCH,UNIT_SCADA,1,"2022/10/20 18:50:00",CSPVPS1,0
D,DISPATCH,UNIT_SCADA,1,"2022/10/20 18:50:00",CTHLWF1,0.003050
D,DISPATCH,UNIT_SCADA,1,"2022/10/20 18:50:00",DALNTH01,0
D,DISPATCH,UNIT_SCADA,1,"2022/10/20 18:50:00",DALNTHL1,0.151060
D,DISPATCH,UNIT_SCADA,1,"2022/10/20 18:50:00",DARLSF1,0
D,DISPATCH,UNIT_SCADA,1,"2022/10/20 18:50:00",DARTM1,0
D,DISPATCH,UNIT_SCADA,1,"2022/10/20 18:50:00",DAYDSF1,0
D,DISPATCH,UNIT_SCADA,1,"2022/10/20 18:50:00",DDPS1,0
D,DISPATCH,UNIT_SCADA,1,"2022/10/20 18:50:00",DDSF1,0
D,DISPATCH,UNIT_SCADA,1,"2022/10/20 18:50:00",DEVILS_G,60.285040
D,DISPATCH,UNIT_SCADA,1,"2022/10/20 18:50:00",DG_NSW1,0
D,DISPATCH,UNIT_SCADA,1,"2022/10/20 18:50:00",DG_QLD1,0
D,DISPATCH,UNIT_SCADA,1,"2022/10/20 18:50:00",DG_SA1,0
D,DISPATCH,UNIT_SCADA,1,"2022/10/20 18:50:00",DG_TAS1,0
D,DISPATCH,UNIT_SCADA,1,"2022/10/20 18:50:00",DG_VIC1,0
D,DISPATCH,UNIT_SCADA,1,"2022/10/20 18:50:00",DRYCGT1,0
D,DISPATCH,UNIT_SCADA,1,"2022/10/20 18:50:00",DRYCGT2,0
D,DISPATCH,UNIT_SCADA,1,"2022/10/20 18:50:00",DRYCGT3,0
D,DISPATCH,UNIT_SCADA,1,"2022/10/20 18:50:00",DUNDWF1,81.84
D,DISPATCH,UNIT_SCADA,1,"2022/10/20 18:50:00",DUNDWF2,18.80
D,DISPATCH,UNIT_SCADA,1,"2022/10/20 18:50:00",DUNDWF3,69.67
D,DISPATCH,UNIT_SCADA,1,"2022/10/20 18:50:00",EILDON1,60.08
D,DISPATCH,UNIT_SCADA,1,"2022/10/20 18:50:00",EILDON2,60
D,DISPATCH,UNIT_SCADA,1,"2022/10/20 18:50:00",ELAINWF1,11.69
D,DISPATCH,UNIT_SCADA,1,"2022/10/20 18:50:00",EMERASF1,0
D,DISPATCH,UNIT_SCADA,1,"2022/10/20 18:50:00",ER01,0
D,DISPATCH,UNIT_SCADA,1,"2022/10/20 18:50:00",ER02,543.355470
D,DISPATCH,UNIT_SCADA,1,"2022/10/20 18:50:00",ER03,639.450680
D,DISPATCH,UNIT_SCADA,1,"2022/10/20 18:50:00",ER04,698.094180
D,DISPATCH,UNIT_SCADA,1,"2022/10/20 18:50:00",FINLYSF1,0
D,DISPATCH,UNIT_SCADA,1,"2022/10/20 18:50:00",FISHER,43.98
D,DISPATCH,UNIT_SCADA,1,"2022/10/20 18:50:00",GANGARR1,0
D,DISPATCH,UNIT_SCADA,1,"2022/10/20 18:50:00",GANNBG1,19.782130
D,DISPATCH,UNIT_SCADA,1,"2022/10/20 18:50:00",GANNBL1,0
D,DISPATCH,UNIT_SCADA,1,"2022/10/20 18:50:00",GANNSF1,0
D,DISPATCH,UNIT_SCADA,1,"2022/10/20 18:50:00",GLRWNSF1,0
D,DISPATCH,UNIT_SCADA,1,"2022/10/20 18:50:00",GNNDHSF1,0
D,DISPATCH,UNIT_SCADA,1,"2022/10/20 18:50:00",GOONSF1,0
D,DISPATCH,UNIT_SCADA,1,"2022/10/20 18:50:00",GORDON,251.188780
D,DISPATCH,UNIT_SCADA,1,"2022/10/20 18:50:00",GRANWF1,0
D,DISPATCH,UNIT_SCADA,1,"2022/10/20 18:50:00",GSTONE1,221.024990
D,DISPATCH,UNIT_SCADA,1,"2022/10/20 18:50:00",GSTONE2,0
D,DISPATCH,UNIT_SCADA,1,"2022/10/20 18:50:00",GSTONE3,219.45
D,DISPATCH,UNIT_SCADA,1,"2022/10/20 18:50:00",GSTONE4,0
D,DISPATCH,UNIT_SCADA,1,"2022/10/20 18:50:00",GSTONE5,221.024990
D,DISPATCH,UNIT_SCADA,1,"2022/10/20 18:50:00",GSTONE6,221.724990
D,DISPATCH,UNIT_SCADA,1,"2022/10/20 18:50:00",GULLRSF1,0
D,DISPATCH,UNIT_SCADA,1,"2022/10/20 18:50:00",GULLRWF1,84.043720
D,DISPATCH,UNIT_SCADA,1,"2022/10/20 18:50:00",GULLRWF2,108.990920
D,DISPATCH,UNIT_SCADA,1,"2022/10/20 18:50:00",GUNNING1,0
D,DISPATCH,UNIT_SCADA,1,"2022/10/20 18:50:00",GUTHEGA,67.80
D,DISPATCH,UNIT_SCADA,1,"2022/10/20 18:50:00",HALLWF1,3.24
D,DISPATCH,UNIT_SCADA,1,"2022/10/20 18:50:00",HALLWF2,3.33
D,DISPATCH,UNIT_SCADA,1,"2022/10/20 18:50:00",HAMISF1,0
D,DISPATCH,UNIT_SCADA,1,"2022/10/20 18:50:00",HAUGHT11,0
D,DISPATCH,UNIT_SCADA,1,"2022/10/20 18:50:00",HAYMSF1,0
D,DISPATCH,UNIT_SCADA,1,"2022/10/20 18:50:00",HDWF1,9.40
D,DISPATCH,UNIT_SCADA,1,"2022/10/20 18:50:00",HDWF2,8
D,DISPATCH,UNIT_SCADA,1,"2022/10/20 18:50:00",HDWF3,10.90
D,DISPATCH,UNIT_SCADA,1,"2022/10/20 18:50:00",HILLSTN1,0
D,DISPATCH,UNIT_SCADA,1,"2022/10/20 18:50:00",HPRG1,33.50
D,DISPATCH,UNIT_SCADA,1,"2022/10/20 18:50:00",HPRL1,0
D,DISPATCH,UNIT_SCADA,1,"2022/10/20 18:50:00",HUMENSW,54.6075
D,DISPATCH,UNIT_SCADA,1,"2022/10/20 18:50:00",HUMEV,0
D,DISPATCH,UNIT_SCADA,1,"2022/10/20 18:50:00",HVWWBA1G,0
D,DISPATCH,UNIT_SCADA,1,"2022/10/20 18:50:00",HVWWBA1L,0.0070
D,DISPATCH,UNIT_SCADA,1,"2022/10/20 18:50:00",HVWWPV1,0.1720
D,DISPATCH,UNIT_SCADA,1,"2022/10/20 18:50:00",JBUTTERS,10.232860
D,DISPATCH,UNIT_SCADA,1,"2022/10/20 18:50:00",JEMALNG1,0
D,DISPATCH,UNIT_SCADA,1,"2022/10/20 18:50:00",JLA01,0
D,DISPATCH,UNIT_SCADA,1,"2022/10/20 18:50:00",JLA02,0
D,DISPATCH,UNIT_SCADA,1,"2022/10/20 18:50:00",JLA03,0
D,DISPATCH,UNIT_SCADA,1,"2022/10/20 18:50:00",JLA04,0
D,DISPATCH,UNIT_SCADA,1,"2022/10/20 18:50:00",JLB01,0
D,DISPATCH,UNIT_SCADA,1,"2022/10/20 18:50:00",JLB02,0.10
D,DISPATCH,UNIT_SCADA,1,"2022/10/20 18:50:00",JLB03,0
D,DISPATCH,UNIT_SCADA,1,"2022/10/20 18:50:00",JUNEESF1,0
D,DISPATCH,UNIT_SCADA,1,"2022/10/20 18:50:00",KABANWF1,1.2090
D,DISPATCH,UNIT_SCADA,1,"2022/10/20 18:50:00",KAREEYA1,0
D,DISPATCH,UNIT_SCADA,1,"2022/10/20 18:50:00",KAREEYA2,0
D,DISPATCH,UNIT_SCADA,1,"2022/10/20 18:50:00",KAREEYA3,4.8450
D,DISPATCH,UNIT_SCADA,1,"2022/10/20 18:50:00",KAREEYA4,0
D,DISPATCH,UNIT_SCADA,1,"2022/10/20 18:50:00",KARSF1,0.10
D,DISPATCH,UNIT_SCADA,1,"2022/10/20 18:50:00",KEPSF1,0
D,DISPATCH,UNIT_SCADA,1,"2022/10/20 18:50:00",KEPWF1,7.06
D,DISPATCH,UNIT_SCADA,1,"2022/10/20 18:50:00",KIAMSF1,0
D,DISPATCH,UNIT_SCADA,1,"2022/10/20 18:50:00",KIATAWF1,4.40
D,DISPATCH,UNIT_SCADA,1,"2022/10/20 18:50:00",KPP_1,0
D,DISPATCH,UNIT_SCADA,1,"2022/10/20 18:50:00",KSP1,0
D,DISPATCH,UNIT_SCADA,1,"2022/10/20 18:50:00",LADBROK1,0.01
D,DISPATCH,UNIT_SCADA,1,"2022/10/20 18:50:00",LADBROK2,0.02
D,DISPATCH,UNIT_SCADA,1,"2022/10/20 18:50:00",LBBG1,3.75
D,DISPATCH,UNIT_SCADA,1,"2022/10/20 18:50:00",LBBL1,0
D,DISPATCH,UNIT_SCADA,1,"2022/10/20 18:50:00",LD01,379.515990
D,DISPATCH,UNIT_SCADA,1,"2022/10/20 18:50:00",LD02,39.8999
D,DISPATCH,UNIT_SCADA,1,"2022/10/20 18:50:00",LD04,309.366120
D,DISPATCH,UNIT_SCADA,1,"2022/10/20 18:50:00",LEM_WIL,87.0098
D,DISPATCH,UNIT_SCADA,1,"2022/10/20 18:50:00",LGAPWF1,72.79
D,DISPATCH,UNIT_SCADA,1,"2022/10/20 18:50:00",LGAPWF2,50.12
D,DISPATCH,UNIT_SCADA,1,"2022/10/20 18:50:00",LILYSF1,0
D,DISPATCH,UNIT_SCADA,1,"2022/10/20 18:50:00",LIMOSF11,0
D,DISPATCH,UNIT_SCADA,1,"2022/10/20 18:50:00",LIMOSF21,0
D,DISPATCH,UNIT_SCADA,1,"2022/10/20 18:50:00",LI_WY_CA,63.132510
D,DISPATCH,UNIT_SCADA,1,"2022/10/20 18:50:00",LKBONNY1,19.558770
D,DISPATCH,UNIT_SCADA,1,"2022/10/20 18:50:00",LKBONNY2,42.583550
D,DISPATCH,UNIT_SCADA,1,"2022/10/20 18:50:00",LKBONNY3,10.438730
D,DISPATCH,UNIT_SCADA,1,"2022/10/20 18:50:00",LK_ECHO,0
D,DISPATCH,UNIT_SCADA,1,"2022/10/20 18:50:00",LNGS1,0
D,DISPATCH,UNIT_SCADA,1,"2022/10/20 18:50:00",LNGS2,0
D,DISPATCH,UNIT_SCADA,1,"2022/10/20 18:50:00",LONSDALE,0
D,DISPATCH,UNIT_SCADA,1,"2022/10/20 18:50:00",LOYYB1,580.074710
D,DISPATCH,UNIT_SCADA,1,"2022/10/20 18:50:00",LOYYB2,575.187320
D,DISPATCH,UNIT_SCADA,1,"2022/10/20 18:50:00",LYA1,562
D,DISPATCH,UNIT_SCADA,1,"2022/10/20 18:50:00",LYA2,0
D,DISPATCH,UNIT_SCADA,1,"2022/10/20 18:50:00",LYA3,562
D,DISPATCH,UNIT_SCADA,1,"2022/10/20 18:50:00",LYA4,562
D,DISPATCH,UNIT_SCADA,1,"2022/10/20 18:50:00",MACARTH1,55.698720
D,DISPATCH,UNIT_SCADA,1,"2022/10/20 18:50:00",MACKNTSH,74.470010
D,DISPATCH,UNIT_SCADA,1,"2022/10/20 18:50:00",MANSLR1,0
D,DISPATCH,UNIT_SCADA,1,"2022/10/20 18:50:00",MAPS2PV1,0
D,DISPATCH,UNIT_SCADA,1,"2022/10/20 18:50:00",MAPS3PV1,0
D,DISPATCH,UNIT_SCADA,1,"2022/10/20 18:50:00",MARYRSF1,0
D,DISPATCH,UNIT_SCADA,1,"2022/10/20 18:50:00",MBPS2PV1,0
D,DISPATCH,UNIT_SCADA,1,"2022/10/20 18:50:00",MCKAY1,224.509990
D,DISPATCH,UNIT_SCADA,1,"2022/10/20 18:50:00",MEADOWBK,19.7202
D,DISPATCH,UNIT_SCADA,1,"2022/10/20 18:50:00",MERCER01,15.30
D,DISPATCH,UNIT_SCADA,1,"2022/10/20 18:50:00",METZSF1,0
D,DISPATCH,UNIT_SCADA,1,"2022/10/20 18:50:00",MEWF1,22.640640
D,DISPATCH,UNIT_SCADA,1,"2022/10/20 18:50:00",MIDDLSF1,0
D,DISPATCH,UNIT_SCADA,1,"2022/10/20 18:50:00",MINTARO,0.128180
D,DISPATCH,UNIT_SCADA,1,"2022/10/20 18:50:00",MOLNGSF1,0
D,DISPATCH,UNIT_SCADA,1,"2022/10/20 18:50:00",MOORAWF1,6.07
D,DISPATCH,UNIT_SCADA,1,"2022/10/20 18:50:00",MOREESF1,0
D,DISPATCH,UNIT_SCADA,1,"2022/10/20 18:50:00",MORTLK11,0
D,DISPATCH,UNIT_SCADA,1,"2022/10/20 18:50:00",MORTLK12,0
D,DISPATCH,UNIT_SCADA,1,"2022/10/20 18:50:00",MOUSF1,0
D,DISPATCH,UNIT_SCADA,1,"2022/10/20 18:50:00",MP1,0
D,DISPATCH,UNIT_SCADA,1,"2022/10/20 18:50:00",MP2,641.477050
D,DISPATCH,UNIT_SCADA,1,"2022/10/20 18:50:00",MPP_1,187.826720
D,DISPATCH,UNIT_SCADA,1,"2022/10/20 18:50:00",MPP_2,177.557220
D,DISPATCH,UNIT_SCADA,1,"2022/10/20 18:50:00",MRTLSWF1,0
D,DISPATCH,UNIT_SCADA,1,"2022/10/20 18:50:00",MSTUART1,0
D,DISPATCH,UNIT_SCADA,1,"2022/10/20 18:50:00",MSTUART2,0
D,DISPATCH,UNIT_SCADA,1,"2022/10/20 18:50:00",MSTUART3,0
D,DISPATCH,UNIT_SCADA,1,"2022/10/20 18:50:00",MTGELWF1,62.723170
D,DISPATCH,UNIT_SCADA,1,"2022/10/20 18:50:00",MTMILLAR,18.20
D,DISPATCH,UNIT_SCADA,1,"2022/10/20 18:50:00",MURRAY,479
D,DISPATCH,UNIT_SCADA,1,"2022/10/20 18:50:00",MUSSELR1,0
D,DISPATCH,UNIT_SCADA,1,"2022/10/20 18:50:00",MUWAWF1,6.65
D,DISPATCH,UNIT_SCADA,1,"2022/10/20 18:50:00",MUWAWF2,15.10
D,DISPATCH,UNIT_SCADA,1,"2022/10/20 18:50:00",MWPS1PV1,0.04
D,DISPATCH,UNIT_SCADA,1,"2022/10/20 18:50:00",MWPS2PV1,0.01
D,DISPATCH,UNIT_SCADA,1,"2022/10/20 18:50:00",MWPS3PV1,0.01
D,DISPATCH,UNIT_SCADA,1,"2022/10/20 18:50:00",MWPS4PV1,0.15
D,DISPATCH,UNIT_SCADA,1,"2022/10/20 18:50:00",NBHWF1,3
D,DISPATCH,UNIT_SCADA,1,"2022/10/20 18:50:00",NEVERSF1,0
D,DISPATCH,UNIT_SCADA,1,"2022/10/20 18:50:00",NPS,0
D,DISPATCH,UNIT_SCADA,1,"2022/10/20 18:50:00",NUMURSF1,0
D,DISPATCH,UNIT_SCADA,1,"2022/10/20 18:50:00",NYNGAN1,0
D,DISPATCH,UNIT_SCADA,1,"2022/10/20 18:50:00",OAKEY1,126.544350
D,DISPATCH,UNIT_SCADA,1,"2022/10/20 18:50:00",OAKEY1SF,0
D,DISPATCH,UNIT_SCADA,1,"2022/10/20 18:50:00",OAKEY2,0
D,DISPATCH,UNIT_SCADA,1,"2022/10/20 18:50:00",OAKEY2SF,0
D,DISPATCH,UNIT_SCADA,1,"2022/10/20 18:50:00",OAKLAND1,24.50
D,DISPATCH,UNIT_SCADA,1,"2022/10/20 18:50:00",OSB-AG,176.23
D,DISPATCH,UNIT_SCADA,1,"2022/10/20 18:50:00",PAREPS1,0
D,DISPATCH,UNIT_SCADA,1,"2022/10/20 18:50:00",PAREPW1,159.269990
D,DISPATCH,UNIT_SCADA,1,"2022/10/20 18:50:00",PARSF1,0.001530
D,DISPATCH,UNIT_SCADA,1,"2022/10/20 18:50:00",POAT110,2.92
D,DISPATCH,UNIT_SCADA,1,"2022/10/20 18:50:00",POAT220,0
D,DISPATCH,UNIT_SCADA,1,"2022/10/20 18:50:00",POR01,0.008670
D,DISPATCH,UNIT_SCADA,1,"2022/10/20 18:50:00",POR03,0
D,DISPATCH,UNIT_SCADA,1,"2022/10/20 18:50:00",PPCCGT,173.552120
D,DISPATCH,UNIT_SCADA,1,"2022/10/20 18:50:00",PTSTAN1,0
D,DISPATCH,UNIT_SCADA,1,"2022/10/20 18:50:00",PUMP1,0
D,DISPATCH,UNIT_SCADA,1,"2022/10/20 18:50:00",PUMP2,0
D,DISPATCH,UNIT_SCADA,1,"2022/10/20 18:50:00",QBYNBG1,0
D,DISPATCH,UNIT_SCADA,1,"2022/10/20 18:50:00",QBYNBL1,0.0005
D,DISPATCH,UNIT_SCADA,1,"2022/10/20 18:50:00",QPS1,0
D,DISPATCH,UNIT_SCADA,1,"2022/10/20 18:50:00",QPS2,0
D,DISPATCH,UNIT_SCADA,1,"2022/10/20 18:50:00",QPS3,0
D,DISPATCH,UNIT_SCADA,1,"2022/10/20 18:50:00",QPS4,0
D,DISPATCH,UNIT_SCADA,1,"2022/10/20 18:50:00",QPS5,118.67
D,DISPATCH,UNIT_SCADA,1,"2022/10/20 18:50:00",REECE1,100.054440
D,DISPATCH,UNIT_SCADA,1,"2022/10/20 18:50:00",REECE2,99.860010
D,DISPATCH,UNIT_SCADA,1,"2022/10/20 18:50:00",ROMA_7,0
D,DISPATCH,UNIT_SCADA,1,"2022/10/20 18:50:00",ROMA_8,0
D,DISPATCH,UNIT_SCADA,1,"2022/10/20 18:50:00",RRSF1,0
D,DISPATCH,UNIT_SCADA,1,"2022/10/20 18:50:00",RT_NSW1,0
D,DISPATCH,UNIT_SCADA,1,"2022/10/20 18:50:00",RT_NSW2,0
D,DISPATCH,UNIT_SCADA,1,"2022/10/20 18:50:00",RT_NSW3,0
D,DISPATCH,UNIT_SCADA,1,"2022/10/20 18:50:00",RT_NSW4,0
D,DISPATCH,UNIT_SCADA,1,"2022/10/20 18:50:00",RT_NSW5,0
D,DISPATCH,UNIT_SCADA,1,"2022/10/20 18:50:00",RT_NSW6,0
D,DISPATCH,UNIT_SCADA,1,"2022/10/20 18:50:00",RT_QLD1,0
D,DISPATCH,UNIT_SCADA,1,"2022/10/20 18:50:00",RT_SA1,0
D,DISPATCH,UNIT_SCADA,1,"2022/10/20 18:50:00",RT_SA2,0
D,DISPATCH,UNIT_SCADA,1,"2022/10/20 18:50:00",RT_SA3,0
D,DISPATCH,UNIT_SCADA,1,"2022/10/20 18:50:00",RT_SA4,0
D,DISPATCH,UNIT_SCADA,1,"2022/10/20 18:50:00",RT_SA5,0
D,DISPATCH,UNIT_SCADA,1,"2022/10/20 18:50:00",RT_SA6,0
D,DISPATCH,UNIT_SCADA,1,"2022/10/20 18:50:00",RT_TAS1,0
D,DISPATCH,UNIT_SCADA,1,"2022/10/20 18:50:00",RT_VIC1,0
D,DISPATCH,UNIT_SCADA,1,"2022/10/20 18:50:00",RT_VIC10,0
D,DISPATCH,UNIT_SCADA,1,"2022/10/20 18:50:00",RT_VIC11,0
D,DISPATCH,UNIT_SCADA,1,"2022/10/20 18:50:00",RT_VIC12,0
D,DISPATCH,UNIT_SCADA,1,"2022/10/20 18:50:00",RT_VIC2,0
D,DISPATCH,UNIT_SCADA,1,"2022/10/20 18:50:00",RT_VIC3,0
D,DISPATCH,UNIT_SCADA,1,"2022/10/20 18:50:00",RT_VIC4,0
D,DISPATCH,UNIT_SCADA,1,"2022/10/20 18:50:00",RT_VIC5,0
D,DISPATCH,UNIT_SCADA,1,"2022/10/20 18:50:00",RT_VIC6,0
D,DISPATCH,UNIT_SCADA,1,"2022/10/20 18:50:00",RT_VIC7,0
D,DISPATCH,UNIT_SCADA,1,"2022/10/20 18:50:00",RT_VIC8,0
D,DISPATCH,UNIT_SCADA,1,"2022/10/20 18:50:00",RT_VIC9,0
D,DISPATCH,UNIT_SCADA,1,"2022/10/20 18:50:00",RUGBYR1,0
D,DISPATCH,UNIT_SCADA,1,"2022/10/20 18:50:00",SALTCRK1,24.51
D,DISPATCH,UNIT_SCADA,1,"2022/10/20 18:50:00",SAPHWF1,218.022430
D,DISPATCH,UNIT_SCADA,1,"2022/10/20 18:50:00",SEBSF1,0
D,DISPATCH,UNIT_SCADA,1,"2022/10/20 18:50:00",SHGEN,80.646240
D,DISPATCH,UNIT_SCADA,1,"2022/10/20 18:50:00",SHPUMP,0
D,DISPATCH,UNIT_SCADA,1,"2022/10/20 18:50:00",SITHE01,0.123710
D,DISPATCH,UNIT_SCADA,1,"2022/10/20 18:50:00",SMCSF1,0
D,DISPATCH,UNIT_SCADA,1,"2022/10/20 18:50:00",SNAPPER1,0
D,DISPATCH,UNIT_SCADA,1,"2022/10/20 18:50:00",SNOWNTH1,60.60
D,DISPATCH,UNIT_SCADA,1,"2022/10/20 18:50:00",SNOWSTH1,25.60
D,DISPATCH,UNIT_SCADA,1,"2022/10/20 18:50:00",SNOWTWN1,46.782160
D,DISPATCH,UNIT_SCADA,1,"2022/10/20 18:50:00",SNOWYP,0
D,DISPATCH,UNIT_SCADA,1,"2022/10/20 18:50:00",SNUG1,0
D,DISPATCH,UNIT_SCADA,1,"2022/10/20 18:50:00",SRSF1,0
D,DISPATCH,UNIT_SCADA,1,"2022/10/20 18:50:00",STAN-1,271.109280
D,DISPATCH,UNIT_SCADA,1,"2022/10/20 18:50:00",STAN-2,365.012480
D,DISPATCH,UNIT_SCADA,1,"2022/10/20 18:50:00",STAN-3,365.089390
D,DISPATCH,UNIT_SCADA,1,"2022/10/20 18:50:00",STAN-4,363.487180
D,DISPATCH,UNIT_SCADA,1,"2022/10/20 18:50:00",STARHLWF,7.797730
D,DISPATCH,UNIT_SCADA,1,"2022/10/20 18:50:00",STOCKYD1,155.53
D,DISPATCH,UNIT_SCADA,1,"2022/10/20 18:50:00",STWF1,114.374920
D,DISPATCH,UNIT_SCADA,1,"2022/10/20 18:50:00",SUNRSF1,0
D,DISPATCH,UNIT_SCADA,1,"2022/10/20 18:50:00",SUNTPSF1,0
D,DISPATCH,UNIT_SCADA,1,"2022/10/20 18:50:00",SWAN_E,352.114380
D,DISPATCH,UNIT_SCADA,1,"2022/10/20 18:50:00",TALWA1,0
D,DISPATCH,UNIT_SCADA,1,"2022/10/20 18:50:00",TARALGA1,0
D,DISPATCH,UNIT_SCADA,1,"2022/10/20 18:50:00",TARONG#1,349.50
D,DISPATCH,UNIT_SCADA,1,"2022/10/20 18:50:00",TARONG#2,349.50
D,DISPATCH,UNIT_SCADA,1,"2022/10/20 18:50:00",TARONG#3,0.90
D,DISPATCH,UNIT_SCADA,1,"2022/10/20 18:50:00",TARONG#4,293.800020
D,DISPATCH,UNIT_SCADA,1,"2022/10/20 18:50:00",TARRALEA,54
D,DISPATCH,UNIT_SCADA,1,"2022/10/20 18:50:00",TBSF1,1.10
D,DISPATCH,UNIT_SCADA,1,"2022/10/20 18:50:00",TNPS1,420.4375
D,DISPATCH,UNIT_SCADA,1,"2022/10/20 18:50:00",TORRB1,0
D,DISPATCH,UNIT_SCADA,1,"2022/10/20 18:50:00",TORRB2,63
D,DISPATCH,UNIT_SCADA,1,"2022/10/20 18:50:00",TORRB3,0
D,DISPATCH,UNIT_SCADA,1,"2022/10/20 18:50:00",TORRB4,0
D,DISPATCH,UNIT_SCADA,1,"2022/10/20 18:50:00",TREVALLN,98.406960
D,DISPATCH,UNIT_SCADA,1,"2022/10/20 18:50:00",TRIBUTE,0
D,DISPATCH,UNIT_SCADA,1,"2022/10/20 18:50:00",TUMUT3,352.34
D,DISPATCH,UNIT_SCADA,1,"2022/10/20 18:50:00",TUNGATIN,3.900020
D,DISPATCH,UNIT_SCADA,1,"2022/10/20 18:50:00",TVCC201,0
D,DISPATCH,UNIT_SCADA,1,"2022/10/20 18:50:00",TVPP104,57.807020
D,DISPATCH,UNIT_SCADA,1,"2022/10/20 18:50:00",UPPTUMUT,122.723460
D,DISPATCH,UNIT_SCADA,1,"2022/10/20 18:50:00",URANQ11,0
D,DISPATCH,UNIT_SCADA,1,"2022/10/20 18:50:00",URANQ12,0
D,DISPATCH,UNIT_SCADA,1,"2022/10/20 18:50:00",URANQ13,0
D,DISPATCH,UNIT_SCADA,1,"2022/10/20 18:50:00",URANQ14,155.272750
D,DISPATCH,UNIT_SCADA,1,"2022/10/20 18:50:00",VBBG1,112.90
D,DISPATCH,UNIT_SCADA,1,"2022/10/20 18:50:00",VBBL1,0
D,DISPATCH,UNIT_SCADA,1,"2022/10/20 18:50:00",VP5,560.734860
D,DISPATCH,UNIT_SCADA,1,"2022/10/20 18:50:00",VP6,615.204350
D,DISPATCH,UNIT_SCADA,1,"2022/10/20 18:50:00",VPGS1,0
D,DISPATCH,UNIT_SCADA,1,"2022/10/20 18:50:00",VPGS2,0
D,DISPATCH,UNIT_SCADA,1,"2022/10/20 18:50:00",VPGS3,0
D,DISPATCH,UNIT_SCADA,1,"2022/10/20 18:50:00",VPGS4,0
D,DISPATCH,UNIT_SCADA,1,"2022/10/20 18:50:00",VPGS5,0
D,DISPATCH,UNIT_SCADA,1,"2022/10/20 18:50:00",VPGS6,0
D,DISPATCH,UNIT_SCADA,1,"2022/10/20 18:50:00",W/HOE#1,162.769990
D,DISPATCH,UNIT_SCADA,1,"2022/10/20 18:50:00",W/HOE#2,0
D,DISPATCH,UNIT_SCADA,1,"2022/10/20 18:50:00",WAGGNSF1,0
D,DISPATCH,UNIT_SCADA,1,"2022/10/20 18:50:00",WALGRVG1,5.729080
D,DISPATCH,UNIT_SCADA,1,"2022/10/20 18:50:00",WALGRVL1,0
D,DISPATCH,UNIT_SCADA,1,"2022/10/20 18:50:00",WANDBG1,49.833780
D,DISPATCH,UNIT_SCADA,1,"2022/10/20 18:50:00",WANDBL1,0
D,DISPATCH,UNIT_SCADA,1,"2022/10/20 18:50:00",WARWSF1,0
D,DISPATCH,UNIT_SCADA,1,"2022/10/20 18:50:00",WARWSF2,0
D,DISPATCH,UNIT_SCADA,1,"2022/10/20 18:50:00",WATERLWF,0.40
D,DISPATCH,UNIT_SCADA,1,"2022/10/20 18:50:00",WDGPH1,0
D,DISPATCH,UNIT_SCADA,1,"2022/10/20 18:50:00",WELLSF1,0
D,DISPATCH,UNIT_SCADA,1,"2022/10/20 18:50:00",WEMENSF1,0
D,DISPATCH,UNIT_SCADA,1,"2022/10/20 18:50:00",WGWF1,9.80
D,DISPATCH,UNIT_SCADA,1,"2022/10/20 18:50:00",WHITSF1,0
D,DISPATCH,UNIT_SCADA,1,"2022/10/20 18:50:00",WINTSF1,0
D,DISPATCH,UNIT_SCADA,1,"2022/10/20 18:50:00",WKIEWA1,34.10
D,DISPATCH,UNIT_SCADA,1,"2022/10/20 18:50:00",WKIEWA2,34.30
D,DISPATCH,UNIT_SCADA,1,"2022/10/20 18:50:00",WOODLWN1,30.256810
D,DISPATCH,UNIT_SCADA,1,"2022/10/20 18:50:00",WOOLGSF1,0
D,DISPATCH,UNIT_SCADA,1,"2022/10/20 18:50:00",WPWF,31.75
D,DISPATCH,UNIT_SCADA,1,"2022/10/20 18:50:00",WRSF1,0
D,DISPATCH,UNIT_SCADA,1,"2022/10/20 18:50:00",WRWF1,87.317610
D,DISPATCH,UNIT_SCADA,1,"2022/10/20 18:50:00",WSTWYSF1,0
D,DISPATCH,UNIT_SCADA,1,"2022/10/20 18:50:00",YABULU,151.740010
D,DISPATCH,UNIT_SCADA,1,"2022/10/20 18:50:00",YABULU2,0
D,DISPATCH,UNIT_SCADA,1,"2022/10/20 18:50:00",YARANSF1,0
D,DISPATCH,UNIT_SCADA,1,"2022/10/20 18:50:00",YARWUN_1,163.179990
D,DISPATCH,UNIT_SCADA,1,"2022/10/20 18:50:00",YATSF1,0.12
D,DISPATCH,UNIT_SCADA,1,"2022/10/20 18:50:00",YENDWF1,20.06
D,DISPATCH,UNIT_SCADA,1,"2022/10/20 18:50:00",YWPS1,355.136720
D,DISPATCH,UNIT_SCADA,1,"2022/10/20 18:50:00",YWPS2,290.974670
D,DISPATCH,UNIT_SCADA,1,"2022/10/20 18:50:00",YWPS3,361.364560
D,DISPATCH,UNIT_SCADA,1,"2022/10/20 18:50:00",YWPS4,0
C,"END OF REPORT",419
