C,NEMP.WORLD,DISPATCHSCADA,AEMO,PUBLIC,2022/10/20,00:20:09,0000000373216201,DISPATCHSCADA,0000000373216195
I,DISPATCH,UNIT_SCADA,1,SETTLEMENTDATE,DUID,SCADAVALUE
D,DISPATCH,UNIT_SCADA,1,"2022/10/20 00:25:00",BARCSF1,0.10
D,DISPATCH,UNIT_SCADA,1,"2022/10/20 00:25:00",BUTLERSG,8.699999
D,DISPATCH,UNIT_SCADA,1,"2022/10/20 00:25:00",CAPTL_WF,19.529594
D,DISPATCH,UNIT_SCADA,1,"2022/10/20 00:25:00",CHALLHWF,18
D,DISPATCH,UNIT_SCADA,1,"2022/10/20 00:25:00",CLOVER,13.57
D,DISPATCH,UNIT_SCADA,1,"2022/10/20 00:25:00",CLUNY,6.276494
D,DISPATCH,UNIT_SCADA,1,"2022/10/20 00:25:00",CULLRGWF,-0.04
D,DISPATCH,UNIT_SCADA,1,"2022/10/20 00:25:00",DIAPURWF1,7.30
D,DISPATCH,UNIT_SCADA,1,"2022/10/20 00:25:00",ERGT01,0
D,DISPATCH,UNIT_SCADA,1,"2022/10/20 00:25:00",GB01,0
D,DISPATCH,UNIT_SCADA,1,"2022/10/20 00:25:00",GERMCRK,10.70
D,DISPATCH,UNIT_SCADA,1,"2022/10/20 00:25:00",GRIFSF1,0.001526
D,DISPATCH,UNIT_SCADA,1,"2022/10/20 00:25:00",HEZ1,0
D,DISPATCH,UNIT_SCADA,1,"2022/10/20 00:25:00",HUGSF1,-0.1740
D,DISPATCH,UNIT_SCADA,1,"2022/10/20 00:25:00",KEPBG1,0.01
D,DISPATCH,UNIT_SCADA,1,"2022/10/20 00:25:00",LRSF1,0.0240
D,DISPATCH,UNIT_SCADA,1,"2022/10/20 00:25:00",MBAHNTH,50.324997
D,DISPATCH,UNIT_SCADA,1,"2022/10/20 00:25:00",MLSP1,0
D,DISPATCH,UNIT_SCADA,1,"2022/10/20 00:25:00",MLWF1,1.74
D,DISPATCH,UNIT_SCADA,1,"2022/10/20 00:25:00",PALOONA,30.209999
D,DISPATCH,UNIT_SCADA,1,"2022/10/20 00:25:00",PIONEER,42.900002
D,DISPATCH,UNIT_SCADA,1,"2022/10/20 00:25:00",PORTWF,31.90
D,DISPATCH,UNIT_SCADA,1,"2022/10/20 00:25:00",REPULSE,9.486839
D,DISPATCH,UNIT_SCADA,1,"2022/10/20 00:25:00",ROWALLAN,9.0028
D,DISPATCH,UNIT_SCADA,1,"2022/10/20 00:25:00",ROYALLA1,0
D,DISPATCH,UNIT_SCADA,1,"2022/10/20 00:25:00",RPCG,-1.20
D,DISPATCH,UNIT_SCADA,1,"2022/10/20 00:25:00",RUBICON,0
D,DISPATCH,UNIT_SCADA,1,"2022/10/20 00:25:00",WAUBRAWF,147.7630
D,DISPATCH,UNIT_SCADA,1,"2022/10/20 00:25:00",WOOLNTH1,23.219999
D,DISPATCH,UNIT_SCADA,1,"2022/10/20 00:25:00",YAMBUKWF,1.90
D,DISPATCH,UNIT_SCADA,1,"2022/10/20 00:25:00",YSWF1,2.20
D,DISPATCH,UNIT_SCADA,1,"2022/10/20 00:25:00",ADPBA1G,0.0080
D,DISPATCH,UNIT_SCADA,1,"2022/10/20 00:25:00",ADPBA1L,0
D,DISPATCH,UNIT_SCADA,1,"2022/10/20 00:25:00",ADPPV1,0
D,DISPATCH,UNIT_SCADA,1,"2022/10/20 00:25:00",AGLHAL,0
D,DISPATCH,UNIT_SCADA,1,"2022/10/20 00:25:00",AGLSOM,0
D,DISPATCH,UNIT_SCADA,1,"2022/10/20 00:25:00",ANGAST1,0
D,DISPATCH,UNIT_SCADA,1,"2022/10/20 00:25:00",ARWF1,95.30
D,DISPATCH,UNIT_SCADA,1,"2022/10/20 00:25:00",BALBG1,0
D,DISPATCH,UNIT_SCADA,1,"2022/10/20 00:25:00",BALBL1,0
D,DISPATCH,UNIT_SCADA,1,"2022/10/20 00:25:00",BALDHWF1,0
D,DISPATCH,UNIT_SCADA,1,"2022/10/20 00:25:00",BANGOWF1,49.895780
D,DISPATCH,UNIT_SCADA,1,"2022/10/20 00:25:00",BANGOWF2,44.299610
D,DISPATCH,UNIT_SCADA,1,"2022/10/20 00:25:00",BANN1,0
D,DISPATCH,UNIT_SCADA,1,"2022/10/20 00:25:00",BARCALDN,0
D,DISPATCH,UNIT_SCADA,1,"2022/10/20 00:25:00",BARKIPS1,0
D,DISPATCH,UNIT_SCADA,1,"2022/10/20 00:25:00",BARRON-1,0
D,DISPATCH,UNIT_SCADA,1,"2022/10/20 00:25:00",BARRON-2,0
D,DISPATCH,UNIT_SCADA,1,"2022/10/20 00:25:00",BASTYAN,0
D,DISPATCH,UNIT_SCADA,1,"2022/10/20 00:25:00",BBTHREE1,-1.16
D,DISPATCH,UNIT_SCADA,1,"2022/10/20 00:25:00",BBTHREE2,0
D,DISPATCH,UNIT_SCADA,1,"2022/10/20 00:25:00",BBTHREE3,0
D,DISPATCH,UNIT_SCADA,1,"2022/10/20 00:25:00",BDL01,0
D,DISPATCH,UNIT_SCADA,1,"2022/10/20 00:25:00",BDL02,0
D,DISPATCH,UNIT_SCADA,1,"2022/10/20 00:25:00",BERYLSF1,0
D,DISPATCH,UNIT_SCADA,1,"2022/10/20 00:25:00",BLOWERNG,62.60
D,DISPATCH,UNIT_SCADA,1,"2022/10/20 00:25:00",BLUEGSF1,0
D,DISPATCH,UNIT_SCADA,1,"2022/10/20 00:25:00",BLUFF1,20.20
D,DISPATCH,UNIT_SCADA,1,"2022/10/20 00:25:00",BNGSF1,0
D,DISPATCH,UNIT_SCADA,1,"2022/10/20 00:25:00",BNGSF2,0
D,DISPATCH,UNIT_SCADA,1,"2022/10/20 00:25:00",BOCORWF1,19.25
D,DISPATCH,UNIT_SCADA,1,"2022/10/20 00:25:00",BODWF1,52.931570
D,DISPATCH,UNIT_SCADA,1,"2022/10/20 00:25:00",BOMENSF1,0
D,DISPATCH,UNIT_SCADA,1,"2022/10/20 00:25:00",BOWWBA1G,0.0010
D,DISPATCH,UNIT_SCADA,1,"2022/10/20 00:25:00",BOWWBA1L,0
D,DISPATCH,UNIT_SCADA,1,"2022/10/20 00:25:00",BOWWPV1,0
D,DISPATCH,UNIT_SCADA,1,"2022/10/20 00:25:00",BRAEMAR1,0
D,DISPATCH,UNIT_SCADA,1,"2022/10/20 00:25:00",BRAEMAR2,0
D,DISPATCH,UNIT_SCADA,1,"2022/10/20 00:25:00",BRAEMAR3,0
D,DISPATCH,UNIT_SCADA,1,"2022/10/20 00:25:00",BRAEMAR5,0.292060
D,DISPATCH,UNIT_SCADA,1,"2022/10/20 00:25:00",BRAEMAR6,0
D,DISPATCH,UNIT_SCADA,1,"2022/10/20 00:25:00",BRAEMAR7,66.680090
D,DISPATCH,UNIT_SCADA,1,"2022/10/20 00:25:00",BROKENH1,0
D,DISPATCH,UNIT_SCADA,1,"2022/10/20 00:25:00",BRYB1WF1,72.184330
D,DISPATCH,UNIT_SCADA,1,"2022/10/20 00:25:00",BULBESG1,0
D,DISPATCH,UNIT_SCADA,1,"2022/10/20 00:25:00",BULBESL1,0.03
D,DISPATCH,UNIT_SCADA,1,"2022/10/20 00:25:00",BULGANA1,76.87
D,DISPATCH,UNIT_SCADA,1,"2022/10/20 00:25:00",BW01,475.532170
D,DISPATCH,UNIT_SCADA,1,"2022/10/20 00:25:00",BW02,468.012510
D,DISPATCH,UNIT_SCADA,1,"2022/10/20 00:25:00",BW03,466.059360
D,DISPATCH,UNIT_SCADA,1,"2022/10/20 00:25:00",BW04,0
D,DISPATCH,UNIT_SCADA,1,"2022/10/20 00:25:00",CALL_B_1,320.200010
D,DISPATCH,UNIT_SCADA,1,"2022/10/20 00:25:00",CALL_B_2,320.899990
D,DISPATCH,UNIT_SCADA,1,"2022/10/20 00:25:00",CATHROCK,4.90
D,DISPATCH,UNIT_SCADA,1,"2022/10/20 00:25:00",CBWWBA1G,0
D,DISPATCH,UNIT_SCADA,1,"2022/10/20 00:25:00",CBWWBA1L,0
D,DISPATCH,UNIT_SCADA,1,"2022/10/20 00:25:00",CETHANA,98.364130
D,DISPATCH,UNIT_SCADA,1,"2022/10/20 00:25:00",CG1,0
D,DISPATCH,UNIT_SCADA,1,"2022/10/20 00:25:00",CG2,0
D,DISPATCH,UNIT_SCADA,1,"2022/10/20 00:25:00",CG3,0
D,DISPATCH,UNIT_SCADA,1,"2022/10/20 00:25:00",CG4,0
D,DISPATCH,UNIT_SCADA,1,"2022/10/20 00:25:00",CHILDSF1,0
D,DISPATCH,UNIT_SCADA,1,"2022/10/20 00:25:00",CHYTWF1,18.96
D,DISPATCH,UNIT_SCADA,1,"2022/10/20 00:25:00",CLARESF1,0
D,DISPATCH,UNIT_SCADA,1,"2022/10/20 00:25:00",CLEMGPWF,45.093910
D,DISPATCH,UNIT_SCADA,1,"2022/10/20 00:25:00",CLERMSF1,0
D,DISPATCH,UNIT_SCADA,1,"2022/10/20 00:25:00",CNUNDAWF,15.918570
D,DISPATCH,UNIT_SCADA,1,"2022/10/20 00:25:00",COHUNSF1,0
D,DISPATCH,UNIT_SCADA,1,"2022/10/20 00:25:00",COLEASF1,0
D,DISPATCH,UNIT_SCADA,1,"2022/10/20 00:25:00",COLUMSF1,0
D,DISPATCH,UNIT_SCADA,1,"2022/10/20 00:25:00",COLWF01,133.455410
D,DISPATCH,UNIT_SCADA,1,"2022/10/20 00:25:00",COOPGWF1,387.109990
D,DISPATCH,UNIT_SCADA,1,"2022/10/20 00:25:00",CPP_3,362.725010
D,DISPATCH,UNIT_SCADA,1,"2022/10/20 00:25:00",CPP_4,0
D,DISPATCH,UNIT_SCADA,1,"2022/10/20 00:25:00",CPSA,0
D,DISPATCH,UNIT_SCADA,1,"2022/10/20 00:25:00",CROOKWF2,23.134510
D,DISPATCH,UNIT_SCADA,1,"2022/10/20 00:25:00",CROWLWF1,57.612290
D,DISPATCH,UNIT_SCADA,1,"2022/10/20 00:25:00",CRURWF1,44.496760
D,DISPATCH,UNIT_SCADA,1,"2022/10/20 00:25:00",CRWASF1,0
D,DISPATCH,UNIT_SCADA,1,"2022/10/20 00:25:00",CSPVPS1,0
D,DISPATCH,UNIT_SCADA,1,"2022/10/20 00:25:00",CTHLWF1,0.003050
D,DISPATCH,UNIT_SCADA,1,"2022/10/20 00:25:00",DALNTH01,0.022890
D,DISPATCH,UNIT_SCADA,1,"2022/10/20 00:25:00",DALNTHL1,0
D,DISPATCH,UNIT_SCADA,1,"2022/10/20 00:25:00",DARLSF1,0
D,DISPATCH,UNIT_SCADA,1,"2022/10/20 00:25:00",DARTM1,0
D,DISPATCH,UNIT_SCADA,1,"2022/10/20 00:25:00",DAYDSF1,0
D,DISPATCH,UNIT_SCADA,1,"2022/10/20 00:25:00",DDPS1,0
D,DISPATCH,UNIT_SCADA,1,"2022/10/20 00:25:00",DDSF1,0
D,DISPATCH,UNIT_SCADA,1,"2022/10/20 00:25:00",DEVILS_G,54.596390
D,DISPATCH,UNIT_SCADA,1,"2022/10/20 00:25:00",DG_NSW1,0
D,DISPATCH,UNIT_SCADA,1,"2022/10/20 00:25:00",DG_QLD1,0
D,DISPATCH,UNIT_SCADA,1,"2022/10/20 00:25:00",DG_SA1,0
D,DISPATCH,UNIT_SCADA,1,"2022/10/20 00:25:00",DG_TAS1,0
D,DISPATCH,UNIT_SCADA,1,"2022/10/20 00:25:00",DG_VIC1,0
D,DISPATCH,UNIT_SCADA,1,"2022/10/20 00:25:00",DRYCGT1,0
D,DISPATCH,UNIT_SCADA,1,"2022/10/20 00:25:00",DRYCGT2,0
D,DISPATCH,UNIT_SCADA,1,"2022/10/20 00:25:00",DRYCGT3,0
D,DISPATCH,UNIT_SCADA,1,"2022/10/20 00:25:00",DUNDWF1,44.80
D,DISPATCH,UNIT_SCADA,1,"2022/10/20 00:25:00",DUNDWF2,15.58
D,DISPATCH,UNIT_SCADA,1,"2022/10/20 00:25:00",DUNDWF3,33.34
D,DISPATCH,UNIT_SCADA,1,"2022/10/20 00:25:00",EILDON1,59.88
D,DISPATCH,UNIT_SCADA,1,"2022/10/20 00:25:00",EILDON2,59.88
D,DISPATCH,UNIT_SCADA,1,"2022/10/20 00:25:00",ELAINWF1,37.92
D,DISPATCH,UNIT_SCADA,1,"2022/10/20 00:25:00",EMERASF1,0
D,DISPATCH,UNIT_SCADA,1,"2022/10/20 00:25:00",ER01,0
D,DISPATCH,UNIT_SCADA,1,"2022/10/20 00:25:00",ER02,492.549010
D,DISPATCH,UNIT_SCADA,1,"2022/10/20 00:25:00",ER03,492.402530
D,DISPATCH,UNIT_SCADA,1,"2022/10/20 00:25:00",ER04,492.890810
D,DISPATCH,UNIT_SCADA,1,"2022/10/20 00:25:00",FINLYSF1,0
D,DISPATCH,UNIT_SCADA,1,"2022/10/20 00:25:00",FISHER,30.80
D,DISPATCH,UNIT_SCADA,1,"2022/10/20 00:25:00",GANGARR1,0
D,DISPATCH,UNIT_SCADA,1,"2022/10/20 00:25:00",GANNBG1,0
D,DISPATCH,UNIT_SCADA,1,"2022/10/20 00:25:00",GANNBL1,0.2380
D,DISPATCH,UNIT_SCADA,1,"2022/10/20 00:25:00",GANNSF1,0
D,DISPATCH,UNIT_SCADA,1,"2022/10/20 00:25:00",GLRWNSF1,0
D,DISPATCH,UNIT_SCADA,1,"2022/10/20 00:25:00",GNNDHSF1,0
D,DISPATCH,UNIT_SCADA,1,"2022/10/20 00:25:00",GOONSF1,0
D,DISPATCH,UNIT_SCADA,1,"2022/10/20 00:25:00",GORDON,198.133160
D,DISPATCH,UNIT_SCADA,1,"2022/10/20 00:25:00",GRANWF1,0
D,DISPATCH,UNIT_SCADA,1,"2022/10/20 00:25:00",GSTONE1,200.899990
D,DISPATCH,UNIT_SCADA,1,"2022/10/20 00:25:00",GSTONE2,0
D,DISPATCH,UNIT_SCADA,1,"2022/10/20 00:25:00",GSTONE3,200.3750
D,DISPATCH,UNIT_SCADA,1,"2022/10/20 00:25:00",GSTONE4,0
D,DISPATCH,UNIT_SCADA,1,"2022/10/20 00:25:00",GSTONE5,201.0750
D,DISPATCH,UNIT_SCADA,1,"2022/10/20 00:25:00",GSTONE6,201.4250
D,DISPATCH,UNIT_SCADA,1,"2022/10/20 00:25:00",GULLRSF1,0
D,DISPATCH,UNIT_SCADA,1,"2022/10/20 00:25:00",GULLRWF1,67.023980
D,DISPATCH,UNIT_SCADA,1,"2022/10/20 00:25:00",GULLRWF2,95.901860
D,DISPATCH,UNIT_SCADA,1,"2022/10/20 00:25:00",GUNNING1,0
D,DISPATCH,UNIT_SCADA,1,"2022/10/20 00:25:00",GUTHEGA,67.80
D,DISPATCH,UNIT_SCADA,1,"2022/10/20 00:25:00",HALLWF1,73.689990
D,DISPATCH,UNIT_SCADA,1,"2022/10/20 00:25:00",HALLWF2,53.23
D,DISPATCH,UNIT_SCADA,1,"2022/10/20 00:25:00",HAMISF1,0
D,DISPATCH,UNIT_SCADA,1,"2022/10/20 00:25:00",HAUGHT11,0
D,DISPATCH,UNIT_SCADA,1,"2022/10/20 00:25:00",HAYMSF1,0
D,DISPATCH,UNIT_SCADA,1,"2022/10/20 00:25:00",HDWF1,34.60
D,DISPATCH,UNIT_SCADA,1,"2022/10/20 00:25:00",HDWF2,18.80
D,DISPATCH,UNIT_SCADA,1,"2022/10/20 00:25:00",HDWF3,34.40
D,DISPATCH,UNIT_SCADA,1,"2022/10/20 00:25:00",HILLSTN1,0
D,DISPATCH,UNIT_SCADA,1,"2022/10/20 00:25:00",HPRG1,17.70
D,DISPATCH,UNIT_SCADA,1,"2022/10/20 00:25:00",HPRL1,0
D,DISPATCH,UNIT_SCADA,1,"2022/10/20 00:25:00",HUMENSW,53.992260
D,DISPATCH,UNIT_SCADA,1,"2022/10/20 00:25:00",HUMEV,0
D,DISPATCH,UNIT_SCADA,1,"2022/10/20 00:25:00",HVWWBA1G,0
D,DISPATCH,UNIT_SCADA,1,"2022/10/20 00:25:00",HVWWBA1L,0.0070
D,DISPATCH,UNIT_SCADA,1,"2022/10/20 00:25:00",HVWWPV1,0
D,DISPATCH,UNIT_SCADA,1,"2022/10/20 00:25:00",JBUTTERS,0
D,DISPATCH,UNIT_SCADA,1,"2022/10/20 00:25:00",JEMALNG1,0
D,DISPATCH,UNIT_SCADA,1,"2022/10/20 00:25:00",JLA01,0
D,DISPATCH,UNIT_SCADA,1,"2022/10/20 00:25:00",JLA02,0
D,DISPATCH,UNIT_SCADA,1,"2022/10/20 00:25:00",JLA03,0
D,DISPATCH,UNIT_SCADA,1,"2022/10/20 00:25:00",JLA04,0
D,DISPATCH,UNIT_SCADA,1,"2022/10/20 00:25:00",JLB01,0
D,DISPATCH,UNIT_SCADA,1,"2022/10/20 00:25:00",JLB02,0.10
D,DISPATCH,UNIT_SCADA,1,"2022/10/20 00:25:00",JLB03,0
D,DISPATCH,UNIT_SCADA,1,"2022/10/20 00:25:00",JUNEESF1,0
D,DISPATCH,UNIT_SCADA,1,"2022/10/20 00:25:00",KABANWF1,0
D,DISPATCH,UNIT_SCADA,1,"2022/10/20 00:25:00",KAREEYA1,0
D,DISPATCH,UNIT_SCADA,1,"2022/10/20 00:25:00",KAREEYA2,0
D,DISPATCH,UNIT_SCADA,1,"2022/10/20 00:25:00",KAREEYA3,4.94
D,DISPATCH,UNIT_SCADA,1,"2022/10/20 00:25:00",KAREEYA4,0
D,DISPATCH,UNIT_SCADA,1,"2022/10/20 00:25:00",KARSF1,0
D,DISPATCH,UNIT_SCADA,1,"2022/10/20 00:25:00",KEPSF1,0
D,DISPATCH,UNIT_SCADA,1,"2022/10/20 00:25:00",KEPWF1,24.63
D,DISPATCH,UNIT_SCADA,1,"2022/10/20 00:25:00",KIAMSF1,0
D,DISPATCH,UNIT_SCADA,1,"2022/10/20 00:25:00",KIATAWF1,30.80
D,DISPATCH,UNIT_SCADA,1,"2022/10/20 00:25:00",KPP_1,0
D,DISPATCH,UNIT_SCADA,1,"2022/10/20 00:25:00",KSP1,0
D,DISPATCH,UNIT_SCADA,1,"2022/10/20 00:25:00",LADBROK1,0.01
D,DISPATCH,UNIT_SCADA,1,"2022/10/20 00:25:00",LADBROK2,37.79
D,DISPATCH,UNIT_SCADA,1,"2022/10/20 00:25:00",LBBG1,0
D,DISPATCH,UNIT_SCADA,1,"2022/10/20 00:25:00",LBBL1,0
D,DISPATCH,UNIT_SCADA,1,"2022/10/20 00:25:00",LD01,319.5105
D,DISPATCH,UNIT_SCADA,1,"2022/10/20 00:25:00",LD02,0
D,DISPATCH,UNIT_SCADA,1,"2022/10/20 00:25:00",LD04,314.859470
D,DISPATCH,UNIT_SCADA,1,"2022/10/20 00:25:00",LEM_WIL,87.078370
D,DISPATCH,UNIT_SCADA,1,"2022/10/20 00:25:00",LGAPWF1,57.46
D,DISPATCH,UNIT_SCADA,1,"2022/10/20 00:25:00",LGAPWF2,24.15
D,DISPATCH,UNIT_SCADA,1,"2022/10/20 00:25:00",LILYSF1,0
D,DISPATCH,UNIT_SCADA,1,"2022/10/20 00:25:00",LIMOSF11,0
D,DISPATCH,UNIT_SCADA,1,"2022/10/20 00:25:00",LIMOSF21,0
D,DISPATCH,UNIT_SCADA,1,"2022/10/20 00:25:00",LI_WY_CA,56.135330
D,DISPATCH,UNIT_SCADA,1,"2022/10/20 00:25:00",LKBONNY1,0
D,DISPATCH,UNIT_SCADA,1,"2022/10/20 00:25:00",LKBONNY2,29.488590
D,DISPATCH,UNIT_SCADA,1,"2022/10/20 00:25:00",LKBONNY3,7.982560
D,DISPATCH,UNIT_SCADA,1,"2022/10/20 00:25:00",LK_ECHO,0
D,DISPATCH,UNIT_SCADA,1,"2022/10/20 00:25:00",LNGS1,0
D,DISPATCH,UNIT_SCADA,1,"2022/10/20 00:25:00",LNGS2,0
D,DISPATCH,UNIT_SCADA,1,"2022/10/20 00:25:00",LONSDALE,0
D,DISPATCH,UNIT_SCADA,1,"2022/10/20 00:25:00",LOYYB1,537.216430
D,DISPATCH,UNIT_SCADA,1,"2022/10/20 00:25:00",LOYYB2,536.464540
D,DISPATCH,UNIT_SCADA,1,"2022/10/20 00:25:00",LYA1,561
D,DISPATCH,UNIT_SCADA,1,"2022/10/20 00:25:00",LYA2,0
D,DISPATCH,UNIT_SCADA,1,"2022/10/20 00:25:00",LYA3,559
D,DISPATCH,UNIT_SCADA,1,"2022/10/20 00:25:00",LYA4,559
D,DISPATCH,UNIT_SCADA,1,"2022/10/20 00:25:00",MACARTH1,38.499110
D,DISPATCH,UNIT_SCADA,1,"2022/10/20 00:25:00",MACKNTSH,0
D,DISPATCH,UNIT_SCADA,1,"2022/10/20 00:25:00",MANSLR1,0
D,DISPATCH,UNIT_SCADA,1,"2022/10/20 00:25:00",MAPS2PV1,0
D,DISPATCH,UNIT_SCADA,1,"2022/10/20 00:25:00",MAPS3PV1,0
D,DISPATCH,UNIT_SCADA,1,"2022/10/20 00:25:00",MARYRSF1,0
D,DISPATCH,UNIT_SCADA,1,"2022/10/20 00:25:00",MBPS2PV1,0
D,DISPATCH,UNIT_SCADA,1,"2022/10/20 00:25:00",MCKAY1,0.02
D,DISPATCH,UNIT_SCADA,1,"2022/10/20 00:25:00",MEADOWBK,19.920260
D,DISPATCH,UNIT_SCADA,1,"2022/10/20 00:25:00",MERCER01,41.10
D,DISPATCH,UNIT_SCADA,1,"2022/10/20 00:25:00",METZSF1,0
D,DISPATCH,UNIT_SCADA,1,"2022/10/20 00:25:00",MEWF1,18.491390
D,DISPATCH,UNIT_SCADA,1,"2022/10/20 00:25:00",MIDDLSF1,0
D,DISPATCH,UNIT_SCADA,1,"2022/10/20 00:25:00",MINTARO,0.128180
D,DISPATCH,UNIT_SCADA,1,"2022/10/20 00:25:00",MOLNGSF1,0
D,DISPATCH,UNIT_SCADA,1,"2022/10/20 00:25:00",MOORAWF1,64.37
D,DISPATCH,UNIT_SCADA,1,"2022/10/20 00:25:00",MOREESF1,0
D,DISPATCH,UNIT_SCADA,1,"2022/10/20 00:25:00",MORTLK11,0
D,DISPATCH,UNIT_SCADA,1,"2022/10/20 00:25:00",MORTLK12,0
D,DISPATCH,UNIT_SCADA,1,"2022/10/20 00:25:00",MOUSF1,0
D,DISPATCH,UNIT_SCADA,1,"2022/10/20 00:25:00",MP1,0
D,DISPATCH,UNIT_SCADA,1,"2022/10/20 00:25:00",MP2,359.807740
D,DISPATCH,UNIT_SCADA,1,"2022/10/20 00:25:00",MPP_1,86.031940
D,DISPATCH,UNIT_SCADA,1,"2022/10/20 00:25:00",MPP_2,0
D,DISPATCH,UNIT_SCADA,1,"2022/10/20 00:25:00",MRTLSWF1,0
D,DISPATCH,UNIT_SCADA,1,"2022/10/20 00:25:00",MSTUART1,0
D,DISPATCH,UNIT_SCADA,1,"2022/10/20 00:25:00",MSTUART2,0
D,DISPATCH,UNIT_SCADA,1,"2022/10/20 00:25:00",MSTUART3,0
D,DISPATCH,UNIT_SCADA,1,"2022/10/20 00:25:00",MTGELWF1,1.087980
D,DISPATCH,UNIT_SCADA,1,"2022/10/20 00:25:00",MTMILLAR,11
D,DISPATCH,UNIT_SCADA,1,"2022/10/20 00:25:00",MURRAY,63.10
D,DISPATCH,UNIT_SCADA,1,"2022/10/20 00:25:00",MUSSELR1,72.10
D,DISPATCH,UNIT_SCADA,1,"2022/10/20 00:25:00",MUWAWF1,177.13
D,DISPATCH,UNIT_SCADA,1,"2022/10/20 00:25:00",MUWAWF2,183.20
D,DISPATCH,UNIT_SCADA,1,"2022/10/20 00:25:00",MWPS1PV1,0
D,DISPATCH,UNIT_SCADA,1,"2022/10/20 00:25:00",MWPS2PV1,0
D,DISPATCH,UNIT_SCADA,1,"2022/10/20 00:25:00",MWPS3PV1,0
D,DISPATCH,UNIT_SCADA,1,"2022/10/20 00:25:00",MWPS4PV1,0
D,DISPATCH,UNIT_SCADA,1,"2022/10/20 00:25:00",NBHWF1,106.20
D,DISPATCH,UNIT_SCADA,1,"2022/10/20 00:25:00",NEVERSF1,0
D,DISPATCH,UNIT_SCADA,1,"2022/10/20 00:25:00",NPS,0
D,DISPATCH,UNIT_SCADA,1,"2022/10/20 00:25:00",NUMURSF1,0
D,DISPATCH,UNIT_SCADA,1,"2022/10/20 00:25:00",NYNGAN1,0
D,DISPATCH,UNIT_SCADA,1,"2022/10/20 00:25:00",OAKEY1,0
D,DISPATCH,UNIT_SCADA,1,"2022/10/20 00:25:00",OAKEY1SF,0
D,DISPATCH,UNIT_SCADA,1,"2022/10/20 00:25:00",OAKEY2,0
D,DISPATCH,UNIT_SCADA,1,"2022/10/20 00:25:00",OAKEY2SF,0
D,DISPATCH,UNIT_SCADA,1,"2022/10/20 00:25:00",OAKLAND1,18.90
D,DISPATCH,UNIT_SCADA,1,"2022/10/20 00:25:00",OSB-AG,0
D,DISPATCH,UNIT_SCADA,1,"2022/10/20 00:25:00",PAREPS1,0.0660
D,DISPATCH,UNIT_SCADA,1,"2022/10/20 00:25:00",PAREPW1,7.74
D,DISPATCH,UNIT_SCADA,1,"2022/10/20 00:25:00",PARSF1,0.001530
D,DISPATCH,UNIT_SCADA,1,"2022/10/20 00:25:00",POAT110,0
D,DISPATCH,UNIT_SCADA,1,"2022/10/20 00:25:00",POAT220,0
D,DISPATCH,UNIT_SCADA,1,"2022/10/20 00:25:00",POR01,0
D,DISPATCH,UNIT_SCADA,1,"2022/10/20 00:25:00",POR03,0
D,DISPATCH,UNIT_SCADA,1,"2022/10/20 00:25:00",PPCCGT,172.209920
D,DISPATCH,UNIT_SCADA,1,"2022/10/20 00:25:00",PTSTAN1,0
D,DISPATCH,UNIT_SCADA,1,"2022/10/20 00:25:00",PUMP1,0
D,DISPATCH,UNIT_SCADA,1,"2022/10/20 00:25:00",PUMP2,0
D,DISPATCH,UNIT_SCADA,1,"2022/10/20 00:25:00",QBYNBG1,0.0055
D,DISPATCH,UNIT_SCADA,1,"2022/10/20 00:25:00",QBYNBL1,0
D,DISPATCH,UNIT_SCADA,1,"2022/10/20 00:25:00",QPS1,0
D,DISPATCH,UNIT_SCADA,1,"2022/10/20 00:25:00",QPS2,0
D,DISPATCH,UNIT_SCADA,1,"2022/10/20 00:25:00",QPS3,0
D,DISPATCH,UNIT_SCADA,1,"2022/10/20 00:25:00",QPS4,0
D,DISPATCH,UNIT_SCADA,1,"2022/10/20 00:25:00",QPS5,74.80
D,DISPATCH,UNIT_SCADA,1,"2022/10/20 00:25:00",REECE1,0
D,DISPATCH,UNIT_SCADA,1,"2022/10/20 00:25:00",REECE2,0
D,DISPATCH,UNIT_SCADA,1,"2022/10/20 00:25:00",ROMA_7,0
D,DISPATCH,UNIT_SCADA,1,"2022/10/20 00:25:00",ROMA_8,0
D,DISPATCH,UNIT_SCADA,1,"2022/10/20 00:25:00",RRSF1,0
D,DISPATCH,UNIT_SCADA,1,"2022/10/20 00:25:00",RT_NSW1,0
D,DISPATCH,UNIT_SCADA,1,"2022/10/20 00:25:00",RT_NSW2,0
D,DISPATCH,UNIT_SCADA,1,"2022/10/20 00:25:00",RT_NSW3,0
D,DISPATCH,UNIT_SCADA,1,"2022/10/20 00:25:00",RT_NSW4,0
D,DISPATCH,UNIT_SCADA,1,"2022/10/20 00:25:00",RT_NSW5,0
D,DISPATCH,UNIT_SCADA,1,"2022/10/20 00:25:00",RT_NSW6,0
D,DISPATCH,UNIT_SCADA,1,"2022/10/20 00:25:00",RT_QLD1,0
D,DISPATCH,UNIT_SCADA,1,"2022/10/20 00:25:00",RT_SA1,0
D,DISPATCH,UNIT_SCADA,1,"2022/10/20 00:25:00",RT_SA2,0
D,DISPATCH,UNIT_SCADA,1,"2022/10/20 00:25:00",RT_SA3,0
D,DISPATCH,UNIT_SCADA,1,"2022/10/20 00:25:00",RT_SA4,0
D,DISPATCH,UNIT_SCADA,1,"2022/10/20 00:25:00",RT_SA5,0
D,DISPATCH,UNIT_SCADA,1,"2022/10/20 00:25:00",RT_SA6,0
D,DISPATCH,UNIT_SCADA,1,"2022/10/20 00:25:00",RT_TAS1,0
D,DISPATCH,UNIT_SCADA,1,"2022/10/20 00:25:00",RT_VIC1,0
D,DISPATCH,UNIT_SCADA,1,"2022/10/20 00:25:00",RT_VIC10,0
D,DISPATCH,UNIT_SCADA,1,"2022/10/20 00:25:00",RT_VIC11,0
D,DISPATCH,UNIT_SCADA,1,"2022/10/20 00:25:00",RT_VIC12,0
D,DISPATCH,UNIT_SCADA,1,"2022/10/20 00:25:00",RT_VIC2,0
D,DISPATCH,UNIT_SCADA,1,"2022/10/20 00:25:00",RT_VIC3,0
D,DISPATCH,UNIT_SCADA,1,"2022/10/20 00:25:00",RT_VIC4,0
D,DISPATCH,UNIT_SCADA,1,"2022/10/20 00:25:00",RT_VIC5,0
D,DISPATCH,UNIT_SCADA,1,"2022/10/20 00:25:00",RT_VIC6,0
D,DISPATCH,UNIT_SCADA,1,"2022/10/20 00:25:00",RT_VIC7,0
D,DISPATCH,UNIT_SCADA,1,"2022/10/20 00:25:00",RT_VIC8,0
D,DISPATCH,UNIT_SCADA,1,"2022/10/20 00:25:00",RT_VIC9,0
D,DISPATCH,UNIT_SCADA,1,"2022/10/20 00:25:00",RUGBYR1,0
D,DISPATCH,UNIT_SCADA,1,"2022/10/20 00:25:00",SALTCRK1,10.84
D,DISPATCH,UNIT_SCADA,1,"2022/10/20 00:25:00",SAPHWF1,232.716870
D,DISPATCH,UNIT_SCADA,1,"2022/10/20 00:25:00",SEBSF1,0
D,DISPATCH,UNIT_SCADA,1,"2022/10/20 00:25:00",SHGEN,0
D,DISPATCH,UNIT_SCADA,1,"2022/10/20 00:25:00",SHPUMP,0
D,DISPATCH,UNIT_SCADA,1,"2022/10/20 00:25:00",SITHE01,0.143810
D,DISPATCH,UNIT_SCADA,1,"2022/10/20 00:25:00",SMCSF1,0
D,DISPATCH,UNIT_SCADA,1,"2022/10/20 00:25:00",SNAPPER1,0
D,DISPATCH,UNIT_SCADA,1,"2022/10/20 00:25:00",SNOWNTH1,128.80
D,DISPATCH,UNIT_SCADA,1,"2022/10/20 00:25:00",SNOWSTH1,109
D,DISPATCH,UNIT_SCADA,1,"2022/10/20 00:25:00",SNOWTWN1,88.8653
D,DISPATCH,UNIT_SCADA,1,"2022/10/20 00:25:00",SNOWYP,0
D,DISPATCH,UNIT_SCADA,1,"2022/10/20 00:25:00",SNUG1,0
D,DISPATCH,UNIT_SCADA,1,"2022/10/20 00:25:00",SRSF1,0
D,DISPATCH,UNIT_SCADA,1,"2022/10/20 00:25:00",STAN-1,280.312470
D,DISPATCH,UNIT_SCADA,1,"2022/10/20 00:25:00",STAN-2,365.832820
D,DISPATCH,UNIT_SCADA,1,"2022/10/20 00:25:00",STAN-3,364.025510
D,DISPATCH,UNIT_SCADA,1,"2022/10/20 00:25:00",STAN-4,366.717250
D,DISPATCH,UNIT_SCADA,1,"2022/10/20 00:25:00",STARHLWF,25.792480
D,DISPATCH,UNIT_SCADA,1,"2022/10/20 00:25:00",STOCKYD1,266.50
D,DISPATCH,UNIT_SCADA,1,"2022/10/20 00:25:00",STWF1,177.008930
D,DISPATCH,UNIT_SCADA,1,"2022/10/20 00:25:00",SUNRSF1,0
D,DISPATCH,UNIT_SCADA,1,"2022/10/20 00:25:00",SUNTPSF1,0
D,DISPATCH,UNIT_SCADA,1,"2022/10/20 00:25:00",SWAN_E,260.800630
D,DISPATCH,UNIT_SCADA,1,"2022/10/20 00:25:00",TALWA1,0
D,DISPATCH,UNIT_SCADA,1,"2022/10/20 00:25:00",TARALGA1,0
D,DISPATCH,UNIT_SCADA,1,"2022/10/20 00:25:00",TARONG#1,290.600010
D,DISPATCH,UNIT_SCADA,1,"2022/10/20 00:25:00",TARONG#2,290.300020
D,DISPATCH,UNIT_SCADA,1,"2022/10/20 00:25:00",TARONG#3,0.90
D,DISPATCH,UNIT_SCADA,1,"2022/10/20 00:25:00",TARONG#4,191.600010
D,DISPATCH,UNIT_SCADA,1,"2022/10/20 00:25:00",TARRALEA,53.90
D,DISPATCH,UNIT_SCADA,1,"2022/10/20 00:25:00",TBSF1,0
D,DISPATCH,UNIT_SCADA,1,"2022/10/20 00:25:00",TNPS1,299.50
D,DISPATCH,UNIT_SCADA,1,"2022/10/20 00:25:00",TORRB1,0
D,DISPATCH,UNIT_SCADA,1,"2022/10/20 00:25:00",TORRB2,41
D,DISPATCH,UNIT_SCADA,1,"2022/10/20 00:25:00",TORRB3,0
D,DISPATCH,UNIT_SCADA,1,"2022/10/20 00:25:00",TORRB4,0
D,DISPATCH,UNIT_SCADA,1,"2022/10/20 00:25:00",TREVALLN,99.967350
D,DISPATCH,UNIT_SCADA,1,"2022/10/20 00:25:00",TRIBUTE,0
D,DISPATCH,UNIT_SCADA,1,"2022/10/20 00:25:00",TUMUT3,0
D,DISPATCH,UNIT_SCADA,1,"2022/10/20 00:25:00",TUNGATIN,4.860020
D,DISPATCH,UNIT_SCADA,1,"2022/10/20 00:25:00",TVCC201,0
D,DISPATCH,UNIT_SCADA,1,"2022/10/20 00:25:00",TVPP104,0
D,DISPATCH,UNIT_SCADA,1,"2022/10/20 00:25:00",UPPTUMUT,0
D,DISPATCH,UNIT_SCADA,1,"2022/10/20 00:25:00",URANQ11,0
D,DISPATCH,UNIT_SCADA,1,"2022/10/20 00:25:00",URANQ12,0
D,DISPATCH,UNIT_SCADA,1,"2022/10/20 00:25:00",URANQ13,0
D,DISPATCH,UNIT_SCADA,1,"2022/10/20 00:25:00",URANQ14,0
D,DISPATCH,UNIT_SCADA,1,"2022/10/20 00:25:00",VBBG1,0
D,DISPATCH,UNIT_SCADA,1,"2022/10/20 00:25:00",VBBL1,175.899990
D,DISPATCH,UNIT_SCADA,1,"2022/10/20 00:25:00",VP5,624.628420
D,DISPATCH,UNIT_SCADA,1,"2022/10/20 00:25:00",VP6,643.037230
D,DISPATCH,UNIT_SCADA,1,"2022/10/20 00:25:00",VPGS1,0
D,DISPATCH,UNIT_SCADA,1,"2022/10/20 00:25:00",VPGS2,0
D,DISPATCH,UNIT_SCADA,1,"2022/10/20 00:25:00",VPGS3,0
D,DISPATCH,UNIT_SCADA,1,"2022/10/20 00:25:00",VPGS4,0
D,DISPATCH,UNIT_SCADA,1,"2022/10/20 00:25:00",VPGS5,0
D,DISPATCH,UNIT_SCADA,1,"2022/10/20 00:25:00",VPGS6,0
D,DISPATCH,UNIT_SCADA,1,"2022/10/20 00:25:00",W/HOE#1,0
D,DISPATCH,UNIT_SCADA,1,"2022/10/20 00:25:00",W/HOE#2,0
D,DISPATCH,UNIT_SCADA,1,"2022/10/20 00:25:00",WAGGNSF1,0
D,DISPATCH,UNIT_SCADA,1,"2022/10/20 00:25:00",WALGRVG1,0.038160
D,DISPATCH,UNIT_SCADA,1,"2022/10/20 00:25:00",WALGRVL1,0
D,DISPATCH,UNIT_SCADA,1,"2022/10/20 00:25:00",WANDBG1,0
D,DISPATCH,UNIT_SCADA,1,"2022/10/20 00:25:00",WANDBL1,0
D,DISPATCH,UNIT_SCADA,1,"2022/10/20 00:25:00",WARWSF1,0
D,DISPATCH,UNIT_SCADA,1,"2022/10/20 00:25:00",WARWSF2,0
D,DISPATCH,UNIT_SCADA,1,"2022/10/20 00:25:00",WATERLWF,68.20
D,DISPATCH,UNIT_SCADA,1,"2022/10/20 00:25:00",WDGPH1,0
D,DISPATCH,UNIT_SCADA,1,"2022/10/20 00:25:00",WELLSF1,0
D,DISPATCH,UNIT_SCADA,1,"2022/10/20 00:25:00",WEMENSF1,0
D,DISPATCH,UNIT_SCADA,1,"2022/10/20 00:25:00",WGWF1,91.50
D,DISPATCH,UNIT_SCADA,1,"2022/10/20 00:25:00",WHITSF1,0
D,DISPATCH,UNIT_SCADA,1,"2022/10/20 00:25:00",WINTSF1,0
D,DISPATCH,UNIT_SCADA,1,"2022/10/20 00:25:00",WKIEWA1,33.90
D,DISPATCH,UNIT_SCADA,1,"2022/10/20 00:25:00",WKIEWA2,34
D,DISPATCH,UNIT_SCADA,1,"2022/10/20 00:25:00",WOODLWN1,16.158940
D,DISPATCH,UNIT_SCADA,1,"2022/10/20 00:25:00",WOOLGSF1,0
D,DISPATCH,UNIT_SCADA,1,"2022/10/20 00:25:00",WPWF,65.58
D,DISPATCH,UNIT_SCADA,1,"2022/10/20 00:25:00",WRSF1,0
D,DISPATCH,UNIT_SCADA,1,"2022/10/20 00:25:00",WRWF1,73.380630
D,DISPATCH,UNIT_SCADA,1,"2022/10/20 00:25:00",WSTWYSF1,0
D,DISPATCH,UNIT_SCADA,1,"2022/10/20 00:25:00",YABULU,0
D,DISPATCH,UNIT_SCADA,1,"2022/10/20 00:25:00",YABULU2,0
D,DISPATCH,UNIT_SCADA,1,"2022/10/20 00:25:00",YARANSF1,0
D,DISPATCH,UNIT_SCADA,1,"2022/10/20 00:25:00",YARWUN_1,159.45
D,DISPATCH,UNIT_SCADA,1,"2022/10/20 00:25:00",YATSF1,0
D,DISPATCH,UNIT_SCADA,1,"2022/10/20 00:25:00",YENDWF1,46.26
D,DISPATCH,UNIT_SCADA,1,"2022/10/20 00:25:00",YWPS1,365.913910
D,DISPATCH,UNIT_SCADA,1,"2022/10/20 00:25:00",YWPS2,359.146850
D,DISPATCH,UNIT_SCADA,1,"2022/10/20 00:25:00",YWPS3,359.6709
D,DISPATCH,UNIT_SCADA,1,"2022/10/20 00:25:00",YWPS4,0
C,"END OF REPORT",419
