C,NEMP.WORLD,DISPATCHSCADA,AEMO,PUBLIC,2022/10/20,11:40:09,0000000373251404,DISPATCHSCADA,0000000373251398
I,DISPATCH,UNIT_SCADA,1,SETTLEMENTDATE,DUID,SCADAVALUE
D,DISPATCH,UNIT_SCADA,1,"2022/10/20 11:45:00",BARCSF1,11.10
D,DISPATCH,UNIT_SCADA,1,"2022/10/20 11:45:00",BUTLERSG,8.699999
D,DISPATCH,UNIT_SCADA,1,"2022/10/20 11:45:00",CAPTL_WF,29.621546
D,DISPATCH,UNIT_SCADA,1,"2022/10/20 11:45:00",CHALLHWF,3.80
D,DISPATCH,UNIT_SCADA,1,"2022/10/20 11:45:00",CLOVER,10.940001
D,DISPATCH,UNIT_SCADA,1,"2022/10/20 11:45:00",CLUNY,5.214466
D,DISPATCH,UNIT_SCADA,1,"2022/10/20 11:45:00",CULLRGWF,-0.04
D,DISPATCH,UNIT_SCADA,1,"2022/10/20 11:45:00",DIAPURWF1,2.80
D,DISPATCH,UNIT_SCADA,1,"2022/10/20 11:45:00",ERGT01,0
D,DISPATCH,UNIT_SCADA,1,"2022/10/20 11:45:00",GB01,0
D,DISPATCH,UNIT_SCADA,1,"2022/10/20 11:45:00",GERMCRK,17.60
D,DISPATCH,UNIT_SCADA,1,"2022/10/20 11:45:00",GRIFSF1,7.701228
D,DISPATCH,UNIT_SCADA,1,"2022/10/20 11:45:00",HEZ1,0
D,DISPATCH,UNIT_SCADA,1,"2022/10/20 11:45:00",HUGSF1,14.2630
D,DISPATCH,UNIT_SCADA,1,"2022/10/20 11:45:00",KEPBG1,0.01
D,DISPATCH,UNIT_SCADA,1,"2022/10/20 11:45:00",LRSF1,9.30
D,DISPATCH,UNIT_SCADA,1,"2022/10/20 11:45:00",MBAHNTH,48.206253
D,DISPATCH,UNIT_SCADA,1,"2022/10/20 11:45:00",MLSP1,3.495001
D,DISPATCH,UNIT_SCADA,1,"2022/10/20 11:45:00",MLWF1,5.67
D,DISPATCH,UNIT_SCADA,1,"2022/10/20 11:45:00",PALOONA,30.139999
D,DISPATCH,UNIT_SCADA,1,"2022/10/20 11:45:00",PIONEER,42.200001
D,DISPATCH,UNIT_SCADA,1,"2022/10/20 11:45:00",PORTWF,90.50
D,DISPATCH,UNIT_SCADA,1,"2022/10/20 11:45:00",REPULSE,9.499046
D,DISPATCH,UNIT_SCADA,1,"2022/10/20 11:45:00",ROWALLAN,8.7472
D,DISPATCH,UNIT_SCADA,1,"2022/10/20 11:45:00",ROYALLA1,3.966003
D,DISPATCH,UNIT_SCADA,1,"2022/10/20 11:45:00",RPCG,-1.80
D,DISPATCH,UNIT_SCADA,1,"2022/10/20 11:45:00",RUBICON,0
D,DISPATCH,UNIT_SCADA,1,"2022/10/20 11:45:00",WAUBRAWF,9.8210
D,DISPATCH,UNIT_SCADA,1,"2022/10/20 11:45:00",WOOLNTH1,11.86
D,DISPATCH,UNIT_SCADA,1,"2022/10/20 11:45:00",YAMBUKWF,6.80
D,DISPATCH,UNIT_SCADA,1,"2022/10/20 11:45:00",YSWF1,2.10
D,DISPATCH,UNIT_SCADA,1,"2022/10/20 11:45:00",ADPBA1G,0.0080
D,DISPATCH,UNIT_SCADA,1,"2022/10/20 11:45:00",ADPBA1L,0
D,DISPATCH,UNIT_SCADA,1,"2022/10/20 11:45:00",ADPPV1,0.0590
D,DISPATCH,UNIT_SCADA,1,"2022/10/20 11:45:00",AGLHAL,0
D,DISPATCH,UNIT_SCADA,1,"2022/10/20 11:45:00",AGLSOM,0
D,DISPATCH,UNIT_SCADA,1,"2022/10/20 11:45:00",ANGAST1,0
D,DISPATCH,UNIT_SCADA,1,"2022/10/20 11:45:00",ARWF1,11.10
D,DISPATCH,UNIT_SCADA,1,"2022/10/20 11:45:00",BALBG1,0
D,DISPATCH,UNIT_SCADA,1,"2022/10/20 11:45:00",BALBL1,0
D,DISPATCH,UNIT_SCADA,1,"2022/10/20 11:45:00",BALDHWF1,15.4350
D,DISPATCH,UNIT_SCADA,1,"2022/10/20 11:45:00",BANGOWF1,40.398570
D,DISPATCH,UNIT_SCADA,1,"2022/10/20 11:45:00",BANGOWF2,46.797660
D,DISPATCH,UNIT_SCADA,1,"2022/10/20 11:45:00",BANN1,23.65
D,DISPATCH,UNIT_SCADA,1,"2022/10/20 11:45:00",BARCALDN,0
D,DISPATCH,UNIT_SCADA,1,"2022/10/20 11:45:00",BARKIPS1,0
D,DISPATCH,UNIT_SCADA,1,"2022/10/20 11:45:00",BARRON-1,0
D,DISPATCH,UNIT_SCADA,1,"2022/10/20 11:45:00",BARRON-2,0
D,DISPATCH,UNIT_SCADA,1,"2022/10/20 11:45:00",BASTYAN,58.14
D,DISPATCH,UNIT_SCADA,1,"2022/10/20 11:45:00",BBTHREE1,0
D,DISPATCH,UNIT_SCADA,1,"2022/10/20 11:45:00",BBTHREE2,0
D,DISPATCH,UNIT_SCADA,1,"2022/10/20 11:45:00",BBTHREE3,-1.04
D,DISPATCH,UNIT_SCADA,1,"2022/10/20 11:45:00",BDL01,0
D,DISPATCH,UNIT_SCADA,1,"2022/10/20 11:45:00",BDL02,0
D,DISPATCH,UNIT_SCADA,1,"2022/10/20 11:45:00",BERYLSF1,34.310140
D,DISPATCH,UNIT_SCADA,1,"2022/10/20 11:45:00",BLOWERNG,62.50
D,DISPATCH,UNIT_SCADA,1,"2022/10/20 11:45:00",BLUEGSF1,74.817540
D,DISPATCH,UNIT_SCADA,1,"2022/10/20 11:45:00",BLUFF1,8.40
D,DISPATCH,UNIT_SCADA,1,"2022/10/20 11:45:00",BNGSF1,90.65
D,DISPATCH,UNIT_SCADA,1,"2022/10/20 11:45:00",BNGSF2,80.31
D,DISPATCH,UNIT_SCADA,1,"2022/10/20 11:45:00",BOCORWF1,14.86
D,DISPATCH,UNIT_SCADA,1,"2022/10/20 11:45:00",BODWF1,100.401890
D,DISPATCH,UNIT_SCADA,1,"2022/10/20 11:45:00",BOMENSF1,37.150840
D,DISPATCH,UNIT_SCADA,1,"2022/10/20 11:45:00",BOWWBA1G,0
D,DISPATCH,UNIT_SCADA,1,"2022/10/20 11:45:00",BOWWBA1L,0
D,DISPATCH,UNIT_SCADA,1,"2022/10/20 11:45:00",BOWWPV1,0.0010
D,DISPATCH,UNIT_SCADA,1,"2022/10/20 11:45:00",BRAEMAR1,0
D,DISPATCH,UNIT_SCADA,1,"2022/10/20 11:45:00",BRAEMAR2,0
D,DISPATCH,UNIT_SCADA,1,"2022/10/20 11:45:00",BRAEMAR3,0
D,DISPATCH,UNIT_SCADA,1,"2022/10/20 11:45:00",BRAEMAR5,0.292060
D,DISPATCH,UNIT_SCADA,1,"2022/10/20 11:45:00",BRAEMAR6,0
D,DISPATCH,UNIT_SCADA,1,"2022/10/20 11:45:00",BRAEMAR7,0.130920
D,DISPATCH,UNIT_SCADA,1,"2022/10/20 11:45:00",BROKENH1,23.599640
D,DISPATCH,UNIT_SCADA,1,"2022/10/20 11:45:00",BRYB1WF1,100.895710
D,DISPATCH,UNIT_SCADA,1,"2022/10/20 11:45:00",BULBESG1,0
D,DISPATCH,UNIT_SCADA,1,"2022/10/20 11:45:00",BULBESL1,0
D,DISPATCH,UNIT_SCADA,1,"2022/10/20 11:45:00",BULGANA1,0.22
D,DISPATCH,UNIT_SCADA,1,"2022/10/20 11:45:00",BW01,660.056460
D,DISPATCH,UNIT_SCADA,1,"2022/10/20 11:45:00",BW02,620.675960
D,DISPATCH,UNIT_SCADA,1,"2022/10/20 11:45:00",BW03,423.822390
D,DISPATCH,UNIT_SCADA,1,"2022/10/20 11:45:00",BW04,0
D,DISPATCH,UNIT_SCADA,1,"2022/10/20 11:45:00",CALL_B_1,319.899990
D,DISPATCH,UNIT_SCADA,1,"2022/10/20 11:45:00",CALL_B_2,320.899990
D,DISPATCH,UNIT_SCADA,1,"2022/10/20 11:45:00",CATHROCK,0
D,DISPATCH,UNIT_SCADA,1,"2022/10/20 11:45:00",CBWWBA1G,0
D,DISPATCH,UNIT_SCADA,1,"2022/10/20 11:45:00",CBWWBA1L,0
D,DISPATCH,UNIT_SCADA,1,"2022/10/20 11:45:00",CETHANA,27.591880
D,DISPATCH,UNIT_SCADA,1,"2022/10/20 11:45:00",CG1,0
D,DISPATCH,UNIT_SCADA,1,"2022/10/20 11:45:00",CG2,0
D,DISPATCH,UNIT_SCADA,1,"2022/10/20 11:45:00",CG3,0
D,DISPATCH,UNIT_SCADA,1,"2022/10/20 11:45:00",CG4,0
D,DISPATCH,UNIT_SCADA,1,"2022/10/20 11:45:00",CHILDSF1,19.53
D,DISPATCH,UNIT_SCADA,1,"2022/10/20 11:45:00",CHYTWF1,3.59
D,DISPATCH,UNIT_SCADA,1,"2022/10/20 11:45:00",CLARESF1,24.820740
D,DISPATCH,UNIT_SCADA,1,"2022/10/20 11:45:00",CLEMGPWF,7.347570
D,DISPATCH,UNIT_SCADA,1,"2022/10/20 11:45:00",CLERMSF1,58
D,DISPATCH,UNIT_SCADA,1,"2022/10/20 11:45:00",CNUNDAWF,0
D,DISPATCH,UNIT_SCADA,1,"2022/10/20 11:45:00",COHUNSF1,0.08
D,DISPATCH,UNIT_SCADA,1,"2022/10/20 11:45:00",COLEASF1,32.399860
D,DISPATCH,UNIT_SCADA,1,"2022/10/20 11:45:00",COLUMSF1,21.8720
D,DISPATCH,UNIT_SCADA,1,"2022/10/20 11:45:00",COLWF01,102.983140
D,DISPATCH,UNIT_SCADA,1,"2022/10/20 11:45:00",COOPGWF1,123.83
D,DISPATCH,UNIT_SCADA,1,"2022/10/20 11:45:00",CPP_3,281.050020
D,DISPATCH,UNIT_SCADA,1,"2022/10/20 11:45:00",CPP_4,0
D,DISPATCH,UNIT_SCADA,1,"2022/10/20 11:45:00",CPSA,0
D,DISPATCH,UNIT_SCADA,1,"2022/10/20 11:45:00",CROOKWF2,43.314260
D,DISPATCH,UNIT_SCADA,1,"2022/10/20 11:45:00",CROWLWF1,5.942020
D,DISPATCH,UNIT_SCADA,1,"2022/10/20 11:45:00",CRURWF1,45.695960
D,DISPATCH,UNIT_SCADA,1,"2022/10/20 11:45:00",CRWASF1,26.491910
D,DISPATCH,UNIT_SCADA,1,"2022/10/20 11:45:00",CSPVPS1,0.0530
D,DISPATCH,UNIT_SCADA,1,"2022/10/20 11:45:00",CTHLWF1,0.003050
D,DISPATCH,UNIT_SCADA,1,"2022/10/20 11:45:00",DALNTH01,0
D,DISPATCH,UNIT_SCADA,1,"2022/10/20 11:45:00",DALNTHL1,1.994350
D,DISPATCH,UNIT_SCADA,1,"2022/10/20 11:45:00",DARLSF1,56.700020
D,DISPATCH,UNIT_SCADA,1,"2022/10/20 11:45:00",DARTM1,0
D,DISPATCH,UNIT_SCADA,1,"2022/10/20 11:45:00",DAYDSF1,0
D,DISPATCH,UNIT_SCADA,1,"2022/10/20 11:45:00",DDPS1,0
D,DISPATCH,UNIT_SCADA,1,"2022/10/20 11:45:00",DDSF1,30.650370
D,DISPATCH,UNIT_SCADA,1,"2022/10/20 11:45:00",DEVILS_G,50.431220
D,DISPATCH,UNIT_SCADA,1,"2022/10/20 11:45:00",DG_NSW1,0
D,DISPATCH,UNIT_SCADA,1,"2022/10/20 11:45:00",DG_QLD1,0
D,DISPATCH,UNIT_SCADA,1,"2022/10/20 11:45:00",DG_SA1,0
D,DISPATCH,UNIT_SCADA,1,"2022/10/20 11:45:00",DG_TAS1,0
D,DISPATCH,UNIT_SCADA,1,"2022/10/20 11:45:00",DG_VIC1,0
D,DISPATCH,UNIT_SCADA,1,"2022/10/20 11:45:00",DRYCGT1,0
D,DISPATCH,UNIT_SCADA,1,"2022/10/20 11:45:00",DRYCGT2,0
D,DISPATCH,UNIT_SCADA,1,"2022/10/20 11:45:00",DRYCGT3,0
D,DISPATCH,UNIT_SCADA,1,"2022/10/20 11:45:00",DUNDWF1,51.32
D,DISPATCH,UNIT_SCADA,1,"2022/10/20 11:45:00",DUNDWF2,14.22
D,DISPATCH,UNIT_SCADA,1,"2022/10/20 11:45:00",DUNDWF3,46.56
D,DISPATCH,UNIT_SCADA,1,"2022/10/20 11:45:00",EILDON1,59.92
D,DISPATCH,UNIT_SCADA,1,"2022/10/20 11:45:00",EILDON2,59.92
D,DISPATCH,UNIT_SCADA,1,"2022/10/20 11:45:00",ELAINWF1,24.05
D,DISPATCH,UNIT_SCADA,1,"2022/10/20 11:45:00",EMERASF1,0
D,DISPATCH,UNIT_SCADA,1,"2022/10/20 11:45:00",ER01,0
D,DISPATCH,UNIT_SCADA,1,"2022/10/20 11:45:00",ER02,306.340120
D,DISPATCH,UNIT_SCADA,1,"2022/10/20 11:45:00",ER03,405.0477
D,DISPATCH,UNIT_SCADA,1,"2022/10/20 11:45:00",ER04,404.461730
D,DISPATCH,UNIT_SCADA,1,"2022/10/20 11:45:00",FINLYSF1,113.340970
D,DISPATCH,UNIT_SCADA,1,"2022/10/20 11:45:00",FISHER,43.94
D,DISPATCH,UNIT_SCADA,1,"2022/10/20 11:45:00",GANGARR1,26.7060
D,DISPATCH,UNIT_SCADA,1,"2022/10/20 11:45:00",GANNBG1,0
D,DISPATCH,UNIT_SCADA,1,"2022/10/20 11:45:00",GANNBL1,1.403440
D,DISPATCH,UNIT_SCADA,1,"2022/10/20 11:45:00",GANNSF1,23.40
D,DISPATCH,UNIT_SCADA,1,"2022/10/20 11:45:00",GLRWNSF1,109.94
D,DISPATCH,UNIT_SCADA,1,"2022/10/20 11:45:00",GNNDHSF1,55.322270
D,DISPATCH,UNIT_SCADA,1,"2022/10/20 11:45:00",GOONSF1,32.531010
D,DISPATCH,UNIT_SCADA,1,"2022/10/20 11:45:00",GORDON,201.607540
D,DISPATCH,UNIT_SCADA,1,"2022/10/20 11:45:00",GRANWF1,0
D,DISPATCH,UNIT_SCADA,1,"2022/10/20 11:45:00",GSTONE1,203.1750
D,DISPATCH,UNIT_SCADA,1,"2022/10/20 11:45:00",GSTONE2,0
D,DISPATCH,UNIT_SCADA,1,"2022/10/20 11:45:00",GSTONE3,200.55
D,DISPATCH,UNIT_SCADA,1,"2022/10/20 11:45:00",GSTONE4,0
D,DISPATCH,UNIT_SCADA,1,"2022/10/20 11:45:00",GSTONE5,204.75
D,DISPATCH,UNIT_SCADA,1,"2022/10/20 11:45:00",GSTONE6,204.399990
D,DISPATCH,UNIT_SCADA,1,"2022/10/20 11:45:00",GULLRSF1,3.284950
D,DISPATCH,UNIT_SCADA,1,"2022/10/20 11:45:00",GULLRWF1,61.134070
D,DISPATCH,UNIT_SCADA,1,"2022/10/20 11:45:00",GULLRWF2,87.046740
D,DISPATCH,UNIT_SCADA,1,"2022/10/20 11:45:00",GUNNING1,0
D,DISPATCH,UNIT_SCADA,1,"2022/10/20 11:45:00",GUTHEGA,68.100010
D,DISPATCH,UNIT_SCADA,1,"2022/10/20 11:45:00",HALLWF1,10.86
D,DISPATCH,UNIT_SCADA,1,"2022/10/20 11:45:00",HALLWF2,9.14
D,DISPATCH,UNIT_SCADA,1,"2022/10/20 11:45:00",HAMISF1,0
D,DISPATCH,UNIT_SCADA,1,"2022/10/20 11:45:00",HAUGHT11,47.4665
D,DISPATCH,UNIT_SCADA,1,"2022/10/20 11:45:00",HAYMSF1,0
D,DISPATCH,UNIT_SCADA,1,"2022/10/20 11:45:00",HDWF1,77.20
D,DISPATCH,UNIT_SCADA,1,"2022/10/20 11:45:00",HDWF2,80.90
D,DISPATCH,UNIT_SCADA,1,"2022/10/20 11:45:00",HDWF3,96.40
D,DISPATCH,UNIT_SCADA,1,"2022/10/20 11:45:00",HILLSTN1,46.362630
D,DISPATCH,UNIT_SCADA,1,"2022/10/20 11:45:00",HPRG1,14.70
D,DISPATCH,UNIT_SCADA,1,"2022/10/20 11:45:00",HPRL1,0
D,DISPATCH,UNIT_SCADA,1,"2022/10/20 11:45:00",HUMENSW,54.902820
D,DISPATCH,UNIT_SCADA,1,"2022/10/20 11:45:00",HUMEV,0
D,DISPATCH,UNIT_SCADA,1,"2022/10/20 11:45:00",HVWWBA1G,0
D,DISPATCH,UNIT_SCADA,1,"2022/10/20 11:45:00",HVWWBA1L,0.0070
D,DISPATCH,UNIT_SCADA,1,"2022/10/20 11:45:00",HVWWPV1,0.24
D,DISPATCH,UNIT_SCADA,1,"2022/10/20 11:45:00",JBUTTERS,0
D,DISPATCH,UNIT_SCADA,1,"2022/10/20 11:45:00",JEMALNG1,5.24
D,DISPATCH,UNIT_SCADA,1,"2022/10/20 11:45:00",JLA01,0
D,DISPATCH,UNIT_SCADA,1,"2022/10/20 11:45:00",JLA02,0
D,DISPATCH,UNIT_SCADA,1,"2022/10/20 11:45:00",JLA03,0
D,DISPATCH,UNIT_SCADA,1,"2022/10/20 11:45:00",JLA04,0
D,DISPATCH,UNIT_SCADA,1,"2022/10/20 11:45:00",JLB01,0
D,DISPATCH,UNIT_SCADA,1,"2022/10/20 11:45:00",JLB02,0.10
D,DISPATCH,UNIT_SCADA,1,"2022/10/20 11:45:00",JLB03,0
D,DISPATCH,UNIT_SCADA,1,"2022/10/20 11:45:00",JUNEESF1,14.607870
D,DISPATCH,UNIT_SCADA,1,"2022/10/20 11:45:00",KABANWF1,0
D,DISPATCH,UNIT_SCADA,1,"2022/10/20 11:45:00",KAREEYA1,0
D,DISPATCH,UNIT_SCADA,1,"2022/10/20 11:45:00",KAREEYA2,0
D,DISPATCH,UNIT_SCADA,1,"2022/10/20 11:45:00",KAREEYA3,5.0650
D,DISPATCH,UNIT_SCADA,1,"2022/10/20 11:45:00",KAREEYA4,0
D,DISPATCH,UNIT_SCADA,1,"2022/10/20 11:45:00",KARSF1,16.60
D,DISPATCH,UNIT_SCADA,1,"2022/10/20 11:45:00",KEPSF1,11.12
D,DISPATCH,UNIT_SCADA,1,"2022/10/20 11:45:00",KEPWF1,12.98
D,DISPATCH,UNIT_SCADA,1,"2022/10/20 11:45:00",KIAMSF1,34.031430
D,DISPATCH,UNIT_SCADA,1,"2022/10/20 11:45:00",KIATAWF1,6.90
D,DISPATCH,UNIT_SCADA,1,"2022/10/20 11:45:00",KPP_1,0
D,DISPATCH,UNIT_SCADA,1,"2022/10/20 11:45:00",KSP1,41.40
D,DISPATCH,UNIT_SCADA,1,"2022/10/20 11:45:00",LADBROK1,0.01
D,DISPATCH,UNIT_SCADA,1,"2022/10/20 11:45:00",LADBROK2,0.01
D,DISPATCH,UNIT_SCADA,1,"2022/10/20 11:45:00",LBBG1,0
D,DISPATCH,UNIT_SCADA,1,"2022/10/20 11:45:00",LBBL1,2.10
D,DISPATCH,UNIT_SCADA,1,"2022/10/20 11:45:00",LD01,284.426390
D,DISPATCH,UNIT_SCADA,1,"2022/10/20 11:45:00",LD02,0
D,DISPATCH,UNIT_SCADA,1,"2022/10/20 11:45:00",LD04,280.104980
D,DISPATCH,UNIT_SCADA,1,"2022/10/20 11:45:00",LEM_WIL,43.471860
D,DISPATCH,UNIT_SCADA,1,"2022/10/20 11:45:00",LGAPWF1,20.16
D,DISPATCH,UNIT_SCADA,1,"2022/10/20 11:45:00",LGAPWF2,14.95
D,DISPATCH,UNIT_SCADA,1,"2022/10/20 11:45:00",LILYSF1,37.486590
D,DISPATCH,UNIT_SCADA,1,"2022/10/20 11:45:00",LIMOSF11,81.972530
D,DISPATCH,UNIT_SCADA,1,"2022/10/20 11:45:00",LIMOSF21,9.902520
D,DISPATCH,UNIT_SCADA,1,"2022/10/20 11:45:00",LI_WY_CA,56.483240
D,DISPATCH,UNIT_SCADA,1,"2022/10/20 11:45:00",LKBONNY1,0
D,DISPATCH,UNIT_SCADA,1,"2022/10/20 11:45:00",LKBONNY2,0
D,DISPATCH,UNIT_SCADA,1,"2022/10/20 11:45:00",LKBONNY3,0
D,DISPATCH,UNIT_SCADA,1,"2022/10/20 11:45:00",LK_ECHO,0
D,DISPATCH,UNIT_SCADA,1,"2022/10/20 11:45:00",LNGS1,0
D,DISPATCH,UNIT_SCADA,1,"2022/10/20 11:45:00",LNGS2,0
D,DISPATCH,UNIT_SCADA,1,"2022/10/20 11:45:00",LONSDALE,0
D,DISPATCH,UNIT_SCADA,1,"2022/10/20 11:45:00",LOYYB1,431.198730
D,DISPATCH,UNIT_SCADA,1,"2022/10/20 11:45:00",LOYYB2,441.349370
D,DISPATCH,UNIT_SCADA,1,"2022/10/20 11:45:00",LYA1,363
D,DISPATCH,UNIT_SCADA,1,"2022/10/20 11:45:00",LYA2,0
D,DISPATCH,UNIT_SCADA,1,"2022/10/20 11:45:00",LYA3,363
D,DISPATCH,UNIT_SCADA,1,"2022/10/20 11:45:00",LYA4,362
D,DISPATCH,UNIT_SCADA,1,"2022/10/20 11:45:00",MACARTH1,72.098340
D,DISPATCH,UNIT_SCADA,1,"2022/10/20 11:45:00",MACKNTSH,0
D,DISPATCH,UNIT_SCADA,1,"2022/10/20 11:45:00",MANSLR1,9.6270
D,DISPATCH,UNIT_SCADA,1,"2022/10/20 11:45:00",MAPS2PV1,0
D,DISPATCH,UNIT_SCADA,1,"2022/10/20 11:45:00",MAPS3PV1,0
D,DISPATCH,UNIT_SCADA,1,"2022/10/20 11:45:00",MARYRSF1,14.92
D,DISPATCH,UNIT_SCADA,1,"2022/10/20 11:45:00",MBPS2PV1,0
D,DISPATCH,UNIT_SCADA,1,"2022/10/20 11:45:00",MCKAY1,0.02
D,DISPATCH,UNIT_SCADA,1,"2022/10/20 11:45:00",MEADOWBK,6.030380
D,DISPATCH,UNIT_SCADA,1,"2022/10/20 11:45:00",MERCER01,32.50
D,DISPATCH,UNIT_SCADA,1,"2022/10/20 11:45:00",METZSF1,28.656560
D,DISPATCH,UNIT_SCADA,1,"2022/10/20 11:45:00",MEWF1,3.946880
D,DISPATCH,UNIT_SCADA,1,"2022/10/20 11:45:00",MIDDLSF1,10.37
D,DISPATCH,UNIT_SCADA,1,"2022/10/20 11:45:00",MINTARO,0.128180
D,DISPATCH,UNIT_SCADA,1,"2022/10/20 11:45:00",MOLNGSF1,0.2649
D,DISPATCH,UNIT_SCADA,1,"2022/10/20 11:45:00",MOORAWF1,81.87
D,DISPATCH,UNIT_SCADA,1,"2022/10/20 11:45:00",MOREESF1,8.4480
D,DISPATCH,UNIT_SCADA,1,"2022/10/20 11:45:00",MORTLK11,0
D,DISPATCH,UNIT_SCADA,1,"2022/10/20 11:45:00",MORTLK12,0
D,DISPATCH,UNIT_SCADA,1,"2022/10/20 11:45:00",MOUSF1,0
D,DISPATCH,UNIT_SCADA,1,"2022/10/20 11:45:00",MP1,0
D,DISPATCH,UNIT_SCADA,1,"2022/10/20 11:45:00",MP2,373.846040
D,DISPATCH,UNIT_SCADA,1,"2022/10/20 11:45:00",MPP_1,167.196150
D,DISPATCH,UNIT_SCADA,1,"2022/10/20 11:45:00",MPP_2,182.363890
D,DISPATCH,UNIT_SCADA,1,"2022/10/20 11:45:00",MRTLSWF1,0
D,DISPATCH,UNIT_SCADA,1,"2022/10/20 11:45:00",MSTUART1,0
D,DISPATCH,UNIT_SCADA,1,"2022/10/20 11:45:00",MSTUART2,0
D,DISPATCH,UNIT_SCADA,1,"2022/10/20 11:45:00",MSTUART3,0
D,DISPATCH,UNIT_SCADA,1,"2022/10/20 11:45:00",MTGELWF1,36.028630
D,DISPATCH,UNIT_SCADA,1,"2022/10/20 11:45:00",MTMILLAR,1.40
D,DISPATCH,UNIT_SCADA,1,"2022/10/20 11:45:00",MURRAY,0
D,DISPATCH,UNIT_SCADA,1,"2022/10/20 11:45:00",MUSSELR1,89.60
D,DISPATCH,UNIT_SCADA,1,"2022/10/20 11:45:00",MUWAWF1,40.48
D,DISPATCH,UNIT_SCADA,1,"2022/10/20 11:45:00",MUWAWF2,37.10
D,DISPATCH,UNIT_SCADA,1,"2022/10/20 11:45:00",MWPS1PV1,0.13
D,DISPATCH,UNIT_SCADA,1,"2022/10/20 11:45:00",MWPS2PV1,0
D,DISPATCH,UNIT_SCADA,1,"2022/10/20 11:45:00",MWPS3PV1,0
D,DISPATCH,UNIT_SCADA,1,"2022/10/20 11:45:00",MWPS4PV1,0.01
D,DISPATCH,UNIT_SCADA,1,"2022/10/20 11:45:00",NBHWF1,9.90
D,DISPATCH,UNIT_SCADA,1,"2022/10/20 11:45:00",NEVERSF1,47.46
D,DISPATCH,UNIT_SCADA,1,"2022/10/20 11:45:00",NPS,0
D,DISPATCH,UNIT_SCADA,1,"2022/10/20 11:45:00",NUMURSF1,91.68
D,DISPATCH,UNIT_SCADA,1,"2022/10/20 11:45:00",NYNGAN1,9.75
D,DISPATCH,UNIT_SCADA,1,"2022/10/20 11:45:00",OAKEY1,0
D,DISPATCH,UNIT_SCADA,1,"2022/10/20 11:45:00",OAKEY1SF,12.3510
D,DISPATCH,UNIT_SCADA,1,"2022/10/20 11:45:00",OAKEY2,0
D,DISPATCH,UNIT_SCADA,1,"2022/10/20 11:45:00",OAKEY2SF,22.68
D,DISPATCH,UNIT_SCADA,1,"2022/10/20 11:45:00",OAKLAND1,7.90
D,DISPATCH,UNIT_SCADA,1,"2022/10/20 11:45:00",OSB-AG,0
D,DISPATCH,UNIT_SCADA,1,"2022/10/20 11:45:00",PAREPS1,0.0660
D,DISPATCH,UNIT_SCADA,1,"2022/10/20 11:45:00",PAREPW1,50.13
D,DISPATCH,UNIT_SCADA,1,"2022/10/20 11:45:00",PARSF1,21.300070
D,DISPATCH,UNIT_SCADA,1,"2022/10/20 11:45:00",POAT110,0
D,DISPATCH,UNIT_SCADA,1,"2022/10/20 11:45:00",POAT220,0
D,DISPATCH,UNIT_SCADA,1,"2022/10/20 11:45:00",POR01,0
D,DISPATCH,UNIT_SCADA,1,"2022/10/20 11:45:00",POR03,0
D,DISPATCH,UNIT_SCADA,1,"2022/10/20 11:45:00",PPCCGT,0
D,DISPATCH,UNIT_SCADA,1,"2022/10/20 11:45:00",PTSTAN1,0
D,DISPATCH,UNIT_SCADA,1,"2022/10/20 11:45:00",PUMP1,243.849990
D,DISPATCH,UNIT_SCADA,1,"2022/10/20 11:45:00",PUMP2,0
D,DISPATCH,UNIT_SCADA,1,"2022/10/20 11:45:00",QBYNBG1,0
D,DISPATCH,UNIT_SCADA,1,"2022/10/20 11:45:00",QBYNBL1,0.1325
D,DISPATCH,UNIT_SCADA,1,"2022/10/20 11:45:00",QPS1,0
D,DISPATCH,UNIT_SCADA,1,"2022/10/20 11:45:00",QPS2,0
D,DISPATCH,UNIT_SCADA,1,"2022/10/20 11:45:00",QPS3,0
D,DISPATCH,UNIT_SCADA,1,"2022/10/20 11:45:00",QPS4,0
D,DISPATCH,UNIT_SCADA,1,"2022/10/20 11:45:00",QPS5,77.16
D,DISPATCH,UNIT_SCADA,1,"2022/10/20 11:45:00",REECE1,0
D,DISPATCH,UNIT_SCADA,1,"2022/10/20 11:45:00",REECE2,0
D,DISPATCH,UNIT_SCADA,1,"2022/10/20 11:45:00",ROMA_7,0
D,DISPATCH,UNIT_SCADA,1,"2022/10/20 11:45:00",ROMA_8,0
D,DISPATCH,UNIT_SCADA,1,"2022/10/20 11:45:00",RRSF1,17.718260
D,DISPATCH,UNIT_SCADA,1,"2022/10/20 11:45:00",RT_NSW1,0
D,DISPATCH,UNIT_SCADA,1,"2022/10/20 11:45:00",RT_NSW2,0
D,DISPATCH,UNIT_SCADA,1,"2022/10/20 11:45:00",RT_NSW3,0
D,DISPATCH,UNIT_SCADA,1,"2022/10/20 11:45:00",RT_NSW4,0
D,DISPATCH,UNIT_SCADA,1,"2022/10/20 11:45:00",RT_NSW5,0
D,DISPATCH,UNIT_SCADA,1,"2022/10/20 11:45:00",RT_NSW6,0
D,DISPATCH,UNIT_SCADA,1,"2022/10/20 11:45:00",RT_QLD1,0
D,DISPATCH,UNIT_SCADA,1,"2022/10/20 11:45:00",RT_SA1,0
D,DISPATCH,UNIT_SCADA,1,"2022/10/20 11:45:00",RT_SA2,0
D,DISPATCH,UNIT_SCADA,1,"2022/10/20 11:45:00",RT_SA3,0
D,DISPATCH,UNIT_SCADA,1,"2022/10/20 11:45:00",RT_SA4,0
D,DISPATCH,UNIT_SCADA,1,"2022/10/20 11:45:00",RT_SA5,0
D,DISPATCH,UNIT_SCADA,1,"2022/10/20 11:45:00",RT_SA6,0
D,DISPATCH,UNIT_SCADA,1,"2022/10/20 11:45:00",RT_TAS1,0
D,DISPATCH,UNIT_SCADA,1,"2022/10/20 11:45:00",RT_VIC1,0
D,DISPATCH,UNIT_SCADA,1,"2022/10/20 11:45:00",RT_VIC10,0
D,DISPATCH,UNIT_SCADA,1,"2022/10/20 11:45:00",RT_VIC11,0
D,DISPATCH,UNIT_SCADA,1,"2022/10/20 11:45:00",RT_VIC12,0
D,DISPATCH,UNIT_SCADA,1,"2022/10/20 11:45:00",RT_VIC2,0
D,DISPATCH,UNIT_SCADA,1,"2022/10/20 11:45:00",RT_VIC3,0
D,DISPATCH,UNIT_SCADA,1,"2022/10/20 11:45:00",RT_VIC4,0
D,DISPATCH,UNIT_SCADA,1,"2022/10/20 11:45:00",RT_VIC5,0
D,DISPATCH,UNIT_SCADA,1,"2022/10/20 11:45:00",RT_VIC6,0
D,DISPATCH,UNIT_SCADA,1,"2022/10/20 11:45:00",RT_VIC7,0
D,DISPATCH,UNIT_SCADA,1,"2022/10/20 11:45:00",RT_VIC8,0
D,DISPATCH,UNIT_SCADA,1,"2022/10/20 11:45:00",RT_VIC9,0
D,DISPATCH,UNIT_SCADA,1,"2022/10/20 11:45:00",RUGBYR1,4.719870
D,DISPATCH,UNIT_SCADA,1,"2022/10/20 11:45:00",SALTCRK1,15.90
D,DISPATCH,UNIT_SCADA,1,"2022/10/20 11:45:00",SAPHWF1,42.357520
D,DISPATCH,UNIT_SCADA,1,"2022/10/20 11:45:00",SEBSF1,0.158920
D,DISPATCH,UNIT_SCADA,1,"2022/10/20 11:45:00",SHGEN,0
D,DISPATCH,UNIT_SCADA,1,"2022/10/20 11:45:00",SHPUMP,0
D,DISPATCH,UNIT_SCADA,1,"2022/10/20 11:45:00",SITHE01,0.123710
D,DISPATCH,UNIT_SCADA,1,"2022/10/20 11:45:00",SMCSF1,57.16
D,DISPATCH,UNIT_SCADA,1,"2022/10/20 11:45:00",SNAPPER1,0
D,DISPATCH,UNIT_SCADA,1,"2022/10/20 11:45:00",SNOWNTH1,96.50
D,DISPATCH,UNIT_SCADA,1,"2022/10/20 11:45:00",SNOWSTH1,47.50
D,DISPATCH,UNIT_SCADA,1,"2022/10/20 11:45:00",SNOWTWN1,0
D,DISPATCH,UNIT_SCADA,1,"2022/10/20 11:45:00",SNOWYP,0
D,DISPATCH,UNIT_SCADA,1,"2022/10/20 11:45:00",SNUG1,0
D,DISPATCH,UNIT_SCADA,1,"2022/10/20 11:45:00",SRSF1,41.75
D,DISPATCH,UNIT_SCADA,1,"2022/10/20 11:45:00",STAN-1,283.286190
D,DISPATCH,UNIT_SCADA,1,"2022/10/20 11:45:00",STAN-2,360.6160
D,DISPATCH,UNIT_SCADA,1,"2022/10/20 11:45:00",STAN-3,156.300250
D,DISPATCH,UNIT_SCADA,1,"2022/10/20 11:45:00",STAN-4,360.385250
D,DISPATCH,UNIT_SCADA,1,"2022/10/20 11:45:00",STARHLWF,0.199940
D,DISPATCH,UNIT_SCADA,1,"2022/10/20 11:45:00",STOCKYD1,95.32
D,DISPATCH,UNIT_SCADA,1,"2022/10/20 11:45:00",STWF1,0
D,DISPATCH,UNIT_SCADA,1,"2022/10/20 11:45:00",SUNRSF1,74.190890
D,DISPATCH,UNIT_SCADA,1,"2022/10/20 11:45:00",SUNTPSF1,106.150910
D,DISPATCH,UNIT_SCADA,1,"2022/10/20 11:45:00",SWAN_E,295.691250
D,DISPATCH,UNIT_SCADA,1,"2022/10/20 11:45:00",TALWA1,0
D,DISPATCH,UNIT_SCADA,1,"2022/10/20 11:45:00",TARALGA1,0
D,DISPATCH,UNIT_SCADA,1,"2022/10/20 11:45:00",TARONG#1,347.200010
D,DISPATCH,UNIT_SCADA,1,"2022/10/20 11:45:00",TARONG#2,346.899990
D,DISPATCH,UNIT_SCADA,1,"2022/10/20 11:45:00",TARONG#3,0.90
D,DISPATCH,UNIT_SCADA,1,"2022/10/20 11:45:00",TARONG#4,212.30
D,DISPATCH,UNIT_SCADA,1,"2022/10/20 11:45:00",TARRALEA,54.10
D,DISPATCH,UNIT_SCADA,1,"2022/10/20 11:45:00",TBSF1,0.10
D,DISPATCH,UNIT_SCADA,1,"2022/10/20 11:45:00",TNPS1,403.3750
D,DISPATCH,UNIT_SCADA,1,"2022/10/20 11:45:00",TORRB1,0
D,DISPATCH,UNIT_SCADA,1,"2022/10/20 11:45:00",TORRB2,43
D,DISPATCH,UNIT_SCADA,1,"2022/10/20 11:45:00",TORRB3,0
D,DISPATCH,UNIT_SCADA,1,"2022/10/20 11:45:00",TORRB4,0
D,DISPATCH,UNIT_SCADA,1,"2022/10/20 11:45:00",TREVALLN,99.134120
D,DISPATCH,UNIT_SCADA,1,"2022/10/20 11:45:00",TRIBUTE,0
D,DISPATCH,UNIT_SCADA,1,"2022/10/20 11:45:00",TUMUT3,0
D,DISPATCH,UNIT_SCADA,1,"2022/10/20 11:45:00",TUNGATIN,10.120020
D,DISPATCH,UNIT_SCADA,1,"2022/10/20 11:45:00",TVCC201,0
D,DISPATCH,UNIT_SCADA,1,"2022/10/20 11:45:00",TVPP104,57.611660
D,DISPATCH,UNIT_SCADA,1,"2022/10/20 11:45:00",UPPTUMUT,126.324340
D,DISPATCH,UNIT_SCADA,1,"2022/10/20 11:45:00",URANQ11,0
D,DISPATCH,UNIT_SCADA,1,"2022/10/20 11:45:00",URANQ12,0
D,DISPATCH,UNIT_SCADA,1,"2022/10/20 11:45:00",URANQ13,0
D,DISPATCH,UNIT_SCADA,1,"2022/10/20 11:45:00",URANQ14,0
D,DISPATCH,UNIT_SCADA,1,"2022/10/20 11:45:00",VBBG1,0
D,DISPATCH,UNIT_SCADA,1,"2022/10/20 11:45:00",VBBL1,104.10
D,DISPATCH,UNIT_SCADA,1,"2022/10/20 11:45:00",VP5,509.292880
D,DISPATCH,UNIT_SCADA,1,"2022/10/20 11:45:00",VP6,512.2959
D,DISPATCH,UNIT_SCADA,1,"2022/10/20 11:45:00",VPGS1,0
D,DISPATCH,UNIT_SCADA,1,"2022/10/20 11:45:00",VPGS2,0
D,DISPATCH,UNIT_SCADA,1,"2022/10/20 11:45:00",VPGS3,0
D,DISPATCH,UNIT_SCADA,1,"2022/10/20 11:45:00",VPGS4,0
D,DISPATCH,UNIT_SCADA,1,"2022/10/20 11:45:00",VPGS5,0
D,DISPATCH,UNIT_SCADA,1,"2022/10/20 11:45:00",VPGS6,0
D,DISPATCH,UNIT_SCADA,1,"2022/10/20 11:45:00",W/HOE#1,0
D,DISPATCH,UNIT_SCADA,1,"2022/10/20 11:45:00",W/HOE#2,0
D,DISPATCH,UNIT_SCADA,1,"2022/10/20 11:45:00",WAGGNSF1,0
D,DISPATCH,UNIT_SCADA,1,"2022/10/20 11:45:00",WALGRVG1,0.000930
D,DISPATCH,UNIT_SCADA,1,"2022/10/20 11:45:00",WALGRVL1,0
D,DISPATCH,UNIT_SCADA,1,"2022/10/20 11:45:00",WANDBG1,0
D,DISPATCH,UNIT_SCADA,1,"2022/10/20 11:45:00",WANDBL1,49.545060
D,DISPATCH,UNIT_SCADA,1,"2022/10/20 11:45:00",WARWSF1,15.98
D,DISPATCH,UNIT_SCADA,1,"2022/10/20 11:45:00",WARWSF2,15.97
D,DISPATCH,UNIT_SCADA,1,"2022/10/20 11:45:00",WATERLWF,5.60
D,DISPATCH,UNIT_SCADA,1,"2022/10/20 11:45:00",WDGPH1,82.4580
D,DISPATCH,UNIT_SCADA,1,"2022/10/20 11:45:00",WELLSF1,93.528650
D,DISPATCH,UNIT_SCADA,1,"2022/10/20 11:45:00",WEMENSF1,28.40
D,DISPATCH,UNIT_SCADA,1,"2022/10/20 11:45:00",WGWF1,57.30
D,DISPATCH,UNIT_SCADA,1,"2022/10/20 11:45:00",WHITSF1,0
D,DISPATCH,UNIT_SCADA,1,"2022/10/20 11:45:00",WINTSF1,81.53
D,DISPATCH,UNIT_SCADA,1,"2022/10/20 11:45:00",WKIEWA1,32.10
D,DISPATCH,UNIT_SCADA,1,"2022/10/20 11:45:00",WKIEWA2,14.10
D,DISPATCH,UNIT_SCADA,1,"2022/10/20 11:45:00",WOODLWN1,17.4070
D,DISPATCH,UNIT_SCADA,1,"2022/10/20 11:45:00",WOOLGSF1,33.513470
D,DISPATCH,UNIT_SCADA,1,"2022/10/20 11:45:00",WPWF,9.97
D,DISPATCH,UNIT_SCADA,1,"2022/10/20 11:45:00",WRSF1,0.820340
D,DISPATCH,UNIT_SCADA,1,"2022/10/20 11:45:00",WRWF1,18.407870
D,DISPATCH,UNIT_SCADA,1,"2022/10/20 11:45:00",WSTWYSF1,0.097930
D,DISPATCH,UNIT_SCADA,1,"2022/10/20 11:45:00",YABULU,0
D,DISPATCH,UNIT_SCADA,1,"2022/10/20 11:45:00",YABULU2,0
D,DISPATCH,UNIT_SCADA,1,"2022/10/20 11:45:00",YARANSF1,46.86
D,DISPATCH,UNIT_SCADA,1,"2022/10/20 11:45:00",YARWUN_1,161.62
D,DISPATCH,UNIT_SCADA,1,"2022/10/20 11:45:00",YATSF1,14.83
D,DISPATCH,UNIT_SCADA,1,"2022/10/20 11:45:00",YENDWF1,57.55
D,DISPATCH,UNIT_SCADA,1,"2022/10/20 11:45:00",YWPS1,285.7114
D,DISPATCH,UNIT_SCADA,1,"2022/10/20 11:45:00",YWPS2,276.437990
D,DISPATCH,UNIT_SCADA,1,"2022/10/20 11:45:00",YWPS3,284.584810
D,DISPATCH,UNIT_SCADA,1,"2022/10/20 11:45:00",YWPS4,0
C,"END OF REPORT",419
