C,NEMP.WORLD,DISPATCHSCADA,AEMO,PUBLIC,2022/10/20,21:55:09,0000000373283312,DISPATCHSCADA,0000000373283306
I,DISPATCH,UNIT_SCADA,1,SETTLEMENTDATE,DUID,SCADAVALUE
D,DISPATCH,UNIT_SCADA,1,"2022/10/20 22:00:00",BARCSF1,0
D,DISPATCH,UNIT_SCADA,1,"2022/10/20 22:00:00",BUTLERSG,8.699999
D,DISPATCH,UNIT_SCADA,1,"2022/10/20 22:00:00",CAPTL_WF,94.501442
D,DISPATCH,UNIT_SCADA,1,"2022/10/20 22:00:00",CHALLHWF,14.20
D,DISPATCH,UNIT_SCADA,1,"2022/10/20 22:00:00",CLOVER,13.23
D,DISPATCH,UNIT_SCADA,1,"2022/10/20 22:00:00",CLUNY,5.709774
D,DISPATCH,UNIT_SCADA,1,"2022/10/20 22:00:00",CULLRGWF,-0.06
D,DISPATCH,UNIT_SCADA,1,"2022/10/20 22:00:00",DIAPURWF1,0.90
D,DISPATCH,UNIT_SCADA,1,"2022/10/20 22:00:00",ERGT01,0
D,DISPATCH,UNIT_SCADA,1,"2022/10/20 22:00:00",GB01,0
D,DISPATCH,UNIT_SCADA,1,"2022/10/20 22:00:00",GERMCRK,19.10
D,DISPATCH,UNIT_SCADA,1,"2022/10/20 22:00:00",GRIFSF1,0.001526
D,DISPATCH,UNIT_SCADA,1,"2022/10/20 22:00:00",HEZ1,0
D,DISPATCH,UNIT_SCADA,1,"2022/10/20 22:00:00",HUGSF1,-0.1050
D,DISPATCH,UNIT_SCADA,1,"2022/10/20 22:00:00",KEPBG1,0
D,DISPATCH,UNIT_SCADA,1,"2022/10/20 22:00:00",LRSF1,-0.0320
D,DISPATCH,UNIT_SCADA,1,"2022/10/20 22:00:00",MBAHNTH,45.300003
D,DISPATCH,UNIT_SCADA,1,"2022/10/20 22:00:00",MLSP1,0
D,DISPATCH,UNIT_SCADA,1,"2022/10/20 22:00:00",MLWF1,1.47
D,DISPATCH,UNIT_SCADA,1,"2022/10/20 22:00:00",PALOONA,30.429998
D,DISPATCH,UNIT_SCADA,1,"2022/10/20 22:00:00",PIONEER,22
D,DISPATCH,UNIT_SCADA,1,"2022/10/20 22:00:00",PORTWF,43.799999
D,DISPATCH,UNIT_SCADA,1,"2022/10/20 22:00:00",REPULSE,9.542993
D,DISPATCH,UNIT_SCADA,1,"2022/10/20 22:00:00",ROWALLAN,9.1448
D,DISPATCH,UNIT_SCADA,1,"2022/10/20 22:00:00",ROYALLA1,0
D,DISPATCH,UNIT_SCADA,1,"2022/10/20 22:00:00",RPCG,-0.50
D,DISPATCH,UNIT_SCADA,1,"2022/10/20 22:00:00",RUBICON,0
D,DISPATCH,UNIT_SCADA,1,"2022/10/20 22:00:00",WAUBRAWF,35.709999
D,DISPATCH,UNIT_SCADA,1,"2022/10/20 22:00:00",WOOLNTH1,81.209999
D,DISPATCH,UNIT_SCADA,1,"2022/10/20 22:00:00",YAMBUKWF,6.90
D,DISPATCH,UNIT_SCADA,1,"2022/10/20 22:00:00",YSWF1,0.60
D,DISPATCH,UNIT_SCADA,1,"2022/10/20 22:00:00",ADPBA1G,0.0080
D,DISPATCH,UNIT_SCADA,1,"2022/10/20 22:00:00",ADPBA1L,0
D,DISPATCH,UNIT_SCADA,1,"2022/10/20 22:00:00",ADPPV1,0
D,DISPATCH,UNIT_SCADA,1,"2022/10/20 22:00:00",AGLHAL,30.968670
D,DISPATCH,UNIT_SCADA,1,"2022/10/20 22:00:00",AGLSOM,0
D,DISPATCH,UNIT_SCADA,1,"2022/10/20 22:00:00",ANGAST1,0
D,DISPATCH,UNIT_SCADA,1,"2022/10/20 22:00:00",ARWF1,7.60
D,DISPATCH,UNIT_SCADA,1,"2022/10/20 22:00:00",BALBG1,0
D,DISPATCH,UNIT_SCADA,1,"2022/10/20 22:00:00",BALBL1,0
D,DISPATCH,UNIT_SCADA,1,"2022/10/20 22:00:00",BALDHWF1,104.856990
D,DISPATCH,UNIT_SCADA,1,"2022/10/20 22:00:00",BANGOWF1,73.397120
D,DISPATCH,UNIT_SCADA,1,"2022/10/20 22:00:00",BANGOWF2,66.797670
D,DISPATCH,UNIT_SCADA,1,"2022/10/20 22:00:00",BANN1,0
D,DISPATCH,UNIT_SCADA,1,"2022/10/20 22:00:00",BARCALDN,0
D,DISPATCH,UNIT_SCADA,1,"2022/10/20 22:00:00",BARKIPS1,192.929990
D,DISPATCH,UNIT_SCADA,1,"2022/10/20 22:00:00",BARRON-1,0
D,DISPATCH,UNIT_SCADA,1,"2022/10/20 22:00:00",BARRON-2,0
D,DISPATCH,UNIT_SCADA,1,"2022/10/20 22:00:00",BASTYAN,0
D,DISPATCH,UNIT_SCADA,1,"2022/10/20 22:00:00",BBTHREE1,0
D,DISPATCH,UNIT_SCADA,1,"2022/10/20 22:00:00",BBTHREE2,0
D,DISPATCH,UNIT_SCADA,1,"2022/10/20 22:00:00",BBTHREE3,-1.07
D,DISPATCH,UNIT_SCADA,1,"2022/10/20 22:00:00",BDL01,0
D,DISPATCH,UNIT_SCADA,1,"2022/10/20 22:00:00",BDL02,0
D,DISPATCH,UNIT_SCADA,1,"2022/10/20 22:00:00",BERYLSF1,0
D,DISPATCH,UNIT_SCADA,1,"2022/10/20 22:00:00",BLOWERNG,62.40
D,DISPATCH,UNIT_SCADA,1,"2022/10/20 22:00:00",BLUEGSF1,0
D,DISPATCH,UNIT_SCADA,1,"2022/10/20 22:00:00",BLUFF1,10.20
D,DISPATCH,UNIT_SCADA,1,"2022/10/20 22:00:00",BNGSF1,0
D,DISPATCH,UNIT_SCADA,1,"2022/10/20 22:00:00",BNGSF2,0
D,DISPATCH,UNIT_SCADA,1,"2022/10/20 22:00:00",BOCORWF1,7.75
D,DISPATCH,UNIT_SCADA,1,"2022/10/20 22:00:00",BODWF1,110.591760
D,DISPATCH,UNIT_SCADA,1,"2022/10/20 22:00:00",BOMENSF1,0
D,DISPATCH,UNIT_SCADA,1,"2022/10/20 22:00:00",BOWWBA1G,0.0010
D,DISPATCH,UNIT_SCADA,1,"2022/10/20 22:00:00",BOWWBA1L,0
D,DISPATCH,UNIT_SCADA,1,"2022/10/20 22:00:00",BOWWPV1,0.0010
D,DISPATCH,UNIT_SCADA,1,"2022/10/20 22:00:00",BRAEMAR1,0
D,DISPATCH,UNIT_SCADA,1,"2022/10/20 22:00:00",BRAEMAR2,0
D,DISPATCH,UNIT_SCADA,1,"2022/10/20 22:00:00",BRAEMAR3,0
D,DISPATCH,UNIT_SCADA,1,"2022/10/20 22:00:00",BRAEMAR5,144.559130
D,DISPATCH,UNIT_SCADA,1,"2022/10/20 22:00:00",BRAEMAR6,0
D,DISPATCH,UNIT_SCADA,1,"2022/10/20 22:00:00",BRAEMAR7,139.503490
D,DISPATCH,UNIT_SCADA,1,"2022/10/20 22:00:00",BROKENH1,0
D,DISPATCH,UNIT_SCADA,1,"2022/10/20 22:00:00",BRYB1WF1,95.9823
D,DISPATCH,UNIT_SCADA,1,"2022/10/20 22:00:00",BULBESG1,0
D,DISPATCH,UNIT_SCADA,1,"2022/10/20 22:00:00",BULBESL1,0.03
D,DISPATCH,UNIT_SCADA,1,"2022/10/20 22:00:00",BULGANA1,19.35
D,DISPATCH,UNIT_SCADA,1,"2022/10/20 22:00:00",BW01,657.541750
D,DISPATCH,UNIT_SCADA,1,"2022/10/20 22:00:00",BW02,638.0835
D,DISPATCH,UNIT_SCADA,1,"2022/10/20 22:00:00",BW03,501.533540
D,DISPATCH,UNIT_SCADA,1,"2022/10/20 22:00:00",BW04,0
D,DISPATCH,UNIT_SCADA,1,"2022/10/20 22:00:00",CALL_B_1,320.100010
D,DISPATCH,UNIT_SCADA,1,"2022/10/20 22:00:00",CALL_B_2,317.399990
D,DISPATCH,UNIT_SCADA,1,"2022/10/20 22:00:00",CATHROCK,4.20
D,DISPATCH,UNIT_SCADA,1,"2022/10/20 22:00:00",CBWWBA1G,0
D,DISPATCH,UNIT_SCADA,1,"2022/10/20 22:00:00",CBWWBA1L,0
D,DISPATCH,UNIT_SCADA,1,"2022/10/20 22:00:00",CETHANA,86.4490
D,DISPATCH,UNIT_SCADA,1,"2022/10/20 22:00:00",CG1,0
D,DISPATCH,UNIT_SCADA,1,"2022/10/20 22:00:00",CG2,0
D,DISPATCH,UNIT_SCADA,1,"2022/10/20 22:00:00",CG3,0
D,DISPATCH,UNIT_SCADA,1,"2022/10/20 22:00:00",CG4,0
D,DISPATCH,UNIT_SCADA,1,"2022/10/20 22:00:00",CHILDSF1,0
D,DISPATCH,UNIT_SCADA,1,"2022/10/20 22:00:00",CHYTWF1,5.22
D,DISPATCH,UNIT_SCADA,1,"2022/10/20 22:00:00",CLARESF1,0
D,DISPATCH,UNIT_SCADA,1,"2022/10/20 22:00:00",CLEMGPWF,0
D,DISPATCH,UNIT_SCADA,1,"2022/10/20 22:00:00",CLERMSF1,0
D,DISPATCH,UNIT_SCADA,1,"2022/10/20 22:00:00",CNUNDAWF,18.221260
D,DISPATCH,UNIT_SCADA,1,"2022/10/20 22:00:00",COHUNSF1,0
D,DISPATCH,UNIT_SCADA,1,"2022/10/20 22:00:00",COLEASF1,0
D,DISPATCH,UNIT_SCADA,1,"2022/10/20 22:00:00",COLUMSF1,0
D,DISPATCH,UNIT_SCADA,1,"2022/10/20 22:00:00",COLWF01,140.952160
D,DISPATCH,UNIT_SCADA,1,"2022/10/20 22:00:00",COOPGWF1,382.980010
D,DISPATCH,UNIT_SCADA,1,"2022/10/20 22:00:00",CPP_3,379.50
D,DISPATCH,UNIT_SCADA,1,"2022/10/20 22:00:00",CPP_4,0
D,DISPATCH,UNIT_SCADA,1,"2022/10/20 22:00:00",CPSA,0
D,DISPATCH,UNIT_SCADA,1,"2022/10/20 22:00:00",CROOKWF2,25.833520
D,DISPATCH,UNIT_SCADA,1,"2022/10/20 22:00:00",CROWLWF1,28.203010
D,DISPATCH,UNIT_SCADA,1,"2022/10/20 22:00:00",CRURWF1,83.296180
D,DISPATCH,UNIT_SCADA,1,"2022/10/20 22:00:00",CRWASF1,0
D,DISPATCH,UNIT_SCADA,1,"2022/10/20 22:00:00",CSPVPS1,0
D,DISPATCH,UNIT_SCADA,1,"2022/10/20 22:00:00",CTHLWF1,0.003050
D,DISPATCH,UNIT_SCADA,1,"2022/10/20 22:00:00",DALNTH01,0
D,DISPATCH,UNIT_SCADA,1,"2022/10/20 22:00:00",DALNTHL1,0.065610
D,DISPATCH,UNIT_SCADA,1,"2022/10/20 22:00:00",DARLSF1,0
D,DISPATCH,UNIT_SCADA,1,"2022/10/20 22:00:00",DARTM1,0
D,DISPATCH,UNIT_SCADA,1,"2022/10/20 22:00:00",DAYDSF1,0
D,DISPATCH,UNIT_SCADA,1,"2022/10/20 22:00:00",DDPS1,0
D,DISPATCH,UNIT_SCADA,1,"2022/10/20 22:00:00",DDSF1,0
D,DISPATCH,UNIT_SCADA,1,"2022/10/20 22:00:00",DEVILS_G,57.848450
D,DISPATCH,UNIT_SCADA,1,"2022/10/20 22:00:00",DG_NSW1,0
D,DISPATCH,UNIT_SCADA,1,"2022/10/20 22:00:00",DG_QLD1,0
D,DISPATCH,UNIT_SCADA,1,"2022/10/20 22:00:00",DG_SA1,0
D,DISPATCH,UNIT_SCADA,1,"2022/10/20 22:00:00",DG_TAS1,0
D,DISPATCH,UNIT_SCADA,1,"2022/10/20 22:00:00",DG_VIC1,0
D,DISPATCH,UNIT_SCADA,1,"2022/10/20 22:00:00",DRYCGT1,0
D,DISPATCH,UNIT_SCADA,1,"2022/10/20 22:00:00",DRYCGT2,0
D,DISPATCH,UNIT_SCADA,1,"2022/10/20 22:00:00",DRYCGT3,0
D,DISPATCH,UNIT_SCADA,1,"2022/10/20 22:00:00",DUNDWF1,90.09
D,DISPATCH,UNIT_SCADA,1,"2022/10/20 22:00:00",DUNDWF2,30.07
D,DISPATCH,UNIT_SCADA,1,"2022/10/20 22:00:00",DUNDWF3,78.18
D,DISPATCH,UNIT_SCADA,1,"2022/10/20 22:00:00",EILDON1,59.76
D,DISPATCH,UNIT_SCADA,1,"2022/10/20 22:00:00",EILDON2,59.96
D,DISPATCH,UNIT_SCADA,1,"2022/10/20 22:00:00",ELAINWF1,13.76
D,DISPATCH,UNIT_SCADA,1,"2022/10/20 22:00:00",EMERASF1,0
D,DISPATCH,UNIT_SCADA,1,"2022/10/20 22:00:00",ER01,0
D,DISPATCH,UNIT_SCADA,1,"2022/10/20 22:00:00",ER02,591.305420
D,DISPATCH,UNIT_SCADA,1,"2022/10/20 22:00:00",ER03,594.869930
D,DISPATCH,UNIT_SCADA,1,"2022/10/20 22:00:00",ER04,590.597410
D,DISPATCH,UNIT_SCADA,1,"2022/10/20 22:00:00",FINLYSF1,0
D,DISPATCH,UNIT_SCADA,1,"2022/10/20 22:00:00",FISHER,43.81
D,DISPATCH,UNIT_SCADA,1,"2022/10/20 22:00:00",GANGARR1,0
D,DISPATCH,UNIT_SCADA,1,"2022/10/20 22:00:00",GANNBG1,0
D,DISPATCH,UNIT_SCADA,1,"2022/10/20 22:00:00",GANNBL1,0.348880
D,DISPATCH,UNIT_SCADA,1,"2022/10/20 22:00:00",GANNSF1,0
D,DISPATCH,UNIT_SCADA,1,"2022/10/20 22:00:00",GLRWNSF1,0
D,DISPATCH,UNIT_SCADA,1,"2022/10/20 22:00:00",GNNDHSF1,0
D,DISPATCH,UNIT_SCADA,1,"2022/10/20 22:00:00",GOONSF1,0
D,DISPATCH,UNIT_SCADA,1,"2022/10/20 22:00:00",GORDON,252.092330
D,DISPATCH,UNIT_SCADA,1,"2022/10/20 22:00:00",GRANWF1,0
D,DISPATCH,UNIT_SCADA,1,"2022/10/20 22:00:00",GSTONE1,200.899990
D,DISPATCH,UNIT_SCADA,1,"2022/10/20 22:00:00",GSTONE2,0
D,DISPATCH,UNIT_SCADA,1,"2022/10/20 22:00:00",GSTONE3,200.024990
D,DISPATCH,UNIT_SCADA,1,"2022/10/20 22:00:00",GSTONE4,0
D,DISPATCH,UNIT_SCADA,1,"2022/10/20 22:00:00",GSTONE5,200.724990
D,DISPATCH,UNIT_SCADA,1,"2022/10/20 22:00:00",GSTONE6,200.20
D,DISPATCH,UNIT_SCADA,1,"2022/10/20 22:00:00",GULLRSF1,0
D,DISPATCH,UNIT_SCADA,1,"2022/10/20 22:00:00",GULLRWF1,63.824030
D,DISPATCH,UNIT_SCADA,1,"2022/10/20 22:00:00",GULLRWF2,75.563650
D,DISPATCH,UNIT_SCADA,1,"2022/10/20 22:00:00",GUNNING1,0
D,DISPATCH,UNIT_SCADA,1,"2022/10/20 22:00:00",GUTHEGA,67.40
D,DISPATCH,UNIT_SCADA,1,"2022/10/20 22:00:00",HALLWF1,39.32
D,DISPATCH,UNIT_SCADA,1,"2022/10/20 22:00:00",HALLWF2,19.63
D,DISPATCH,UNIT_SCADA,1,"2022/10/20 22:00:00",HAMISF1,0
D,DISPATCH,UNIT_SCADA,1,"2022/10/20 22:00:00",HAUGHT11,0
D,DISPATCH,UNIT_SCADA,1,"2022/10/20 22:00:00",HAYMSF1,0
D,DISPATCH,UNIT_SCADA,1,"2022/10/20 22:00:00",HDWF1,26.10
D,DISPATCH,UNIT_SCADA,1,"2022/10/20 22:00:00",HDWF2,15.70
D,DISPATCH,UNIT_SCADA,1,"2022/10/20 22:00:00",HDWF3,15.30
D,DISPATCH,UNIT_SCADA,1,"2022/10/20 22:00:00",HILLSTN1,0
D,DISPATCH,UNIT_SCADA,1,"2022/10/20 22:00:00",HPRG1,0
D,DISPATCH,UNIT_SCADA,1,"2022/10/20 22:00:00",HPRL1,51.80
D,DISPATCH,UNIT_SCADA,1,"2022/10/20 22:00:00",HUMENSW,54.549050
D,DISPATCH,UNIT_SCADA,1,"2022/10/20 22:00:00",HUMEV,0
D,DISPATCH,UNIT_SCADA,1,"2022/10/20 22:00:00",HVWWBA1G,0
D,DISPATCH,UNIT_SCADA,1,"2022/10/20 22:00:00",HVWWBA1L,0.0070
D,DISPATCH,UNIT_SCADA,1,"2022/10/20 22:00:00",HVWWPV1,0
D,DISPATCH,UNIT_SCADA,1,"2022/10/20 22:00:00",JBUTTERS,0
D,DISPATCH,UNIT_SCADA,1,"2022/10/20 22:00:00",JEMALNG1,0
D,DISPATCH,UNIT_SCADA,1,"2022/10/20 22:00:00",JLA01,0
D,DISPATCH,UNIT_SCADA,1,"2022/10/20 22:00:00",JLA02,0
D,DISPATCH,UNIT_SCADA,1,"2022/10/20 22:00:00",JLA03,0
D,DISPATCH,UNIT_SCADA,1,"2022/10/20 22:00:00",JLA04,0
D,DISPATCH,UNIT_SCADA,1,"2022/10/20 22:00:00",JLB01,0
D,DISPATCH,UNIT_SCADA,1,"2022/10/20 22:00:00",JLB02,0.10
D,DISPATCH,UNIT_SCADA,1,"2022/10/20 22:00:00",JLB03,0
D,DISPATCH,UNIT_SCADA,1,"2022/10/20 22:00:00",JUNEESF1,0
D,DISPATCH,UNIT_SCADA,1,"2022/10/20 22:00:00",KABANWF1,0
D,DISPATCH,UNIT_SCADA,1,"2022/10/20 22:00:00",KAREEYA1,0
D,DISPATCH,UNIT_SCADA,1,"2022/10/20 22:00:00",KAREEYA2,0
D,DISPATCH,UNIT_SCADA,1,"2022/10/20 22:00:00",KAREEYA3,4.79
D,DISPATCH,UNIT_SCADA,1,"2022/10/20 22:00:00",KAREEYA4,0
D,DISPATCH,UNIT_SCADA,1,"2022/10/20 22:00:00",KARSF1,0
D,DISPATCH,UNIT_SCADA,1,"2022/10/20 22:00:00",KEPSF1,0
D,DISPATCH,UNIT_SCADA,1,"2022/10/20 22:00:00",KEPWF1,1.09
D,DISPATCH,UNIT_SCADA,1,"2022/10/20 22:00:00",KIAMSF1,0
D,DISPATCH,UNIT_SCADA,1,"2022/10/20 22:00:00",KIATAWF1,4.50
D,DISPATCH,UNIT_SCADA,1,"2022/10/20 22:00:00",KPP_1,0
D,DISPATCH,UNIT_SCADA,1,"2022/10/20 22:00:00",KSP1,0
D,DISPATCH,UNIT_SCADA,1,"2022/10/20 22:00:00",LADBROK1,0.01
D,DISPATCH,UNIT_SCADA,1,"2022/10/20 22:00:00",LADBROK2,0.02
D,DISPATCH,UNIT_SCADA,1,"2022/10/20 22:00:00",LBBG1,0
D,DISPATCH,UNIT_SCADA,1,"2022/10/20 22:00:00",LBBL1,1.50
D,DISPATCH,UNIT_SCADA,1,"2022/10/20 22:00:00",LD01,375.505860
D,DISPATCH,UNIT_SCADA,1,"2022/10/20 22:00:00",LD02,88.186290
D,DISPATCH,UNIT_SCADA,1,"2022/10/20 22:00:00",LD04,311.746580
D,DISPATCH,UNIT_SCADA,1,"2022/10/20 22:00:00",LEM_WIL,86.942770
D,DISPATCH,UNIT_SCADA,1,"2022/10/20 22:00:00",LGAPWF1,90.28
D,DISPATCH,UNIT_SCADA,1,"2022/10/20 22:00:00",LGAPWF2,58.48
D,DISPATCH,UNIT_SCADA,1,"2022/10/20 22:00:00",LILYSF1,0
D,DISPATCH,UNIT_SCADA,1,"2022/10/20 22:00:00",LIMOSF11,0
D,DISPATCH,UNIT_SCADA,1,"2022/10/20 22:00:00",LIMOSF21,0
D,DISPATCH,UNIT_SCADA,1,"2022/10/20 22:00:00",LI_WY_CA,55.614230
D,DISPATCH,UNIT_SCADA,1,"2022/10/20 22:00:00",LKBONNY1,19.112220
D,DISPATCH,UNIT_SCADA,1,"2022/10/20 22:00:00",LKBONNY2,63.7551
D,DISPATCH,UNIT_SCADA,1,"2022/10/20 22:00:00",LKBONNY3,17.472310
D,DISPATCH,UNIT_SCADA,1,"2022/10/20 22:00:00",LK_ECHO,0
D,DISPATCH,UNIT_SCADA,1,"2022/10/20 22:00:00",LNGS1,0
D,DISPATCH,UNIT_SCADA,1,"2022/10/20 22:00:00",LNGS2,0
D,DISPATCH,UNIT_SCADA,1,"2022/10/20 22:00:00",LONSDALE,0
D,DISPATCH,UNIT_SCADA,1,"2022/10/20 22:00:00",LOYYB1,580.450620
D,DISPATCH,UNIT_SCADA,1,"2022/10/20 22:00:00",LOYYB2,575.187320
D,DISPATCH,UNIT_SCADA,1,"2022/10/20 22:00:00",LYA1,553
D,DISPATCH,UNIT_SCADA,1,"2022/10/20 22:00:00",LYA2,0
D,DISPATCH,UNIT_SCADA,1,"2022/10/20 22:00:00",LYA3,553
D,DISPATCH,UNIT_SCADA,1,"2022/10/20 22:00:00",LYA4,555
D,DISPATCH,UNIT_SCADA,1,"2022/10/20 22:00:00",MACARTH1,114.597350
D,DISPATCH,UNIT_SCADA,1,"2022/10/20 22:00:00",MACKNTSH,0
D,DISPATCH,UNIT_SCADA,1,"2022/10/20 22:00:00",MANSLR1,0
D,DISPATCH,UNIT_SCADA,1,"2022/10/20 22:00:00",MAPS2PV1,0
D,DISPATCH,UNIT_SCADA,1,"2022/10/20 22:00:00",MAPS3PV1,0
D,DISPATCH,UNIT_SCADA,1,"2022/10/20 22:00:00",MARYRSF1,0
D,DISPATCH,UNIT_SCADA,1,"2022/10/20 22:00:00",MBPS2PV1,0
D,DISPATCH,UNIT_SCADA,1,"2022/10/20 22:00:00",MCKAY1,219.634990
D,DISPATCH,UNIT_SCADA,1,"2022/10/20 22:00:00",MEADOWBK,6.0018
D,DISPATCH,UNIT_SCADA,1,"2022/10/20 22:00:00",MERCER01,35.20
D,DISPATCH,UNIT_SCADA,1,"2022/10/20 22:00:00",METZSF1,0
D,DISPATCH,UNIT_SCADA,1,"2022/10/20 22:00:00",MEWF1,27.321340
D,DISPATCH,UNIT_SCADA,1,"2022/10/20 22:00:00",MIDDLSF1,0
D,DISPATCH,UNIT_SCADA,1,"2022/10/20 22:00:00",MINTARO,0.128180
D,DISPATCH,UNIT_SCADA,1,"2022/10/20 22:00:00",MOLNGSF1,0
D,DISPATCH,UNIT_SCADA,1,"2022/10/20 22:00:00",MOORAWF1,2.13
D,DISPATCH,UNIT_SCADA,1,"2022/10/20 22:00:00",MOREESF1,0
D,DISPATCH,UNIT_SCADA,1,"2022/10/20 22:00:00",MORTLK11,0
D,DISPATCH,UNIT_SCADA,1,"2022/10/20 22:00:00",MORTLK12,0
D,DISPATCH,UNIT_SCADA,1,"2022/10/20 22:00:00",MOUSF1,0
D,DISPATCH,UNIT_SCADA,1,"2022/10/20 22:00:00",MP1,0
D,DISPATCH,UNIT_SCADA,1,"2022/10/20 22:00:00",MP2,348.821230
D,DISPATCH,UNIT_SCADA,1,"2022/10/20 22:00:00",MPP_1,189.520510
D,DISPATCH,UNIT_SCADA,1,"2022/10/20 22:00:00",MPP_2,185.476790
D,DISPATCH,UNIT_SCADA,1,"2022/10/20 22:00:00",MRTLSWF1,0
D,DISPATCH,UNIT_SCADA,1,"2022/10/20 22:00:00",MSTUART1,0
D,DISPATCH,UNIT_SCADA,1,"2022/10/20 22:00:00",MSTUART2,0
D,DISPATCH,UNIT_SCADA,1,"2022/10/20 22:00:00",MSTUART3,0
D,DISPATCH,UNIT_SCADA,1,"2022/10/20 22:00:00",MTGELWF1,53.012180
D,DISPATCH,UNIT_SCADA,1,"2022/10/20 22:00:00",MTMILLAR,27.30
D,DISPATCH,UNIT_SCADA,1,"2022/10/20 22:00:00",MURRAY,0
D,DISPATCH,UNIT_SCADA,1,"2022/10/20 22:00:00",MUSSELR1,18.50
D,DISPATCH,UNIT_SCADA,1,"2022/10/20 22:00:00",MUWAWF1,26.98
D,DISPATCH,UNIT_SCADA,1,"2022/10/20 22:00:00",MUWAWF2,55.30
D,DISPATCH,UNIT_SCADA,1,"2022/10/20 22:00:00",MWPS1PV1,0
D,DISPATCH,UNIT_SCADA,1,"2022/10/20 22:00:00",MWPS2PV1,0
D,DISPATCH,UNIT_SCADA,1,"2022/10/20 22:00:00",MWPS3PV1,0
D,DISPATCH,UNIT_SCADA,1,"2022/10/20 22:00:00",MWPS4PV1,0
D,DISPATCH,UNIT_SCADA,1,"2022/10/20 22:00:00",NBHWF1,54.90
D,DISPATCH,UNIT_SCADA,1,"2022/10/20 22:00:00",NEVERSF1,0
D,DISPATCH,UNIT_SCADA,1,"2022/10/20 22:00:00",NPS,0
D,DISPATCH,UNIT_SCADA,1,"2022/10/20 22:00:00",NUMURSF1,0
D,DISPATCH,UNIT_SCADA,1,"2022/10/20 22:00:00",NYNGAN1,0
D,DISPATCH,UNIT_SCADA,1,"2022/10/20 22:00:00",OAKEY1,0
D,DISPATCH,UNIT_SCADA,1,"2022/10/20 22:00:00",OAKEY1SF,0
D,DISPATCH,UNIT_SCADA,1,"2022/10/20 22:00:00",OAKEY2,0
D,DISPATCH,UNIT_SCADA,1,"2022/10/20 22:00:00",OAKEY2SF,0
D,DISPATCH,UNIT_SCADA,1,"2022/10/20 22:00:00",OAKLAND1,5.40
D,DISPATCH,UNIT_SCADA,1,"2022/10/20 22:00:00",OSB-AG,179.69
D,DISPATCH,UNIT_SCADA,1,"2022/10/20 22:00:00",PAREPS1,0
D,DISPATCH,UNIT_SCADA,1,"2022/10/20 22:00:00",PAREPW1,52.50
D,DISPATCH,UNIT_SCADA,1,"2022/10/20 22:00:00",PARSF1,0.001530
D,DISPATCH,UNIT_SCADA,1,"2022/10/20 22:00:00",POAT110,3.21
D,DISPATCH,UNIT_SCADA,1,"2022/10/20 22:00:00",POAT220,0
D,DISPATCH,UNIT_SCADA,1,"2022/10/20 22:00:00",POR01,0
D,DISPATCH,UNIT_SCADA,1,"2022/10/20 22:00:00",POR03,0
D,DISPATCH,UNIT_SCADA,1,"2022/10/20 22:00:00",PPCCGT,164.156680
D,DISPATCH,UNIT_SCADA,1,"2022/10/20 22:00:00",PTSTAN1,0
D,DISPATCH,UNIT_SCADA,1,"2022/10/20 22:00:00",PUMP1,0
D,DISPATCH,UNIT_SCADA,1,"2022/10/20 22:00:00",PUMP2,0
D,DISPATCH,UNIT_SCADA,1,"2022/10/20 22:00:00",QBYNBG1,0
D,DISPATCH,UNIT_SCADA,1,"2022/10/20 22:00:00",QBYNBL1,0.0015
D,DISPATCH,UNIT_SCADA,1,"2022/10/20 22:00:00",QPS1,0
D,DISPATCH,UNIT_SCADA,1,"2022/10/20 22:00:00",QPS2,0
D,DISPATCH,UNIT_SCADA,1,"2022/10/20 22:00:00",QPS3,0
D,DISPATCH,UNIT_SCADA,1,"2022/10/20 22:00:00",QPS4,0
D,DISPATCH,UNIT_SCADA,1,"2022/10/20 22:00:00",QPS5,0
D,DISPATCH,UNIT_SCADA,1,"2022/10/20 22:00:00",REECE1,0
D,DISPATCH,UNIT_SCADA,1,"2022/10/20 22:00:00",REECE2,0
D,DISPATCH,UNIT_SCADA,1,"2022/10/20 22:00:00",ROMA_7,0
D,DISPATCH,UNIT_SCADA,1,"2022/10/20 22:00:00",ROMA_8,0
D,DISPATCH,UNIT_SCADA,1,"2022/10/20 22:00:00",RRSF1,0
D,DISPATCH,UNIT_SCADA,1,"2022/10/20 22:00:00",RT_NSW1,0
D,DISPATCH,UNIT_SCADA,1,"2022/10/20 22:00:00",RT_NSW2,0
D,DISPATCH,UNIT_SCADA,1,"2022/10/20 22:00:00",RT_NSW3,0
D,DISPATCH,UNIT_SCADA,1,"2022/10/20 22:00:00",RT_NSW4,0
D,DISPATCH,UNIT_SCADA,1,"2022/10/20 22:00:00",RT_NSW5,0
D,DISPATCH,UNIT_SCADA,1,"2022/10/20 22:00:00",RT_NSW6,0
D,DISPATCH,UNIT_SCADA,1,"2022/10/20 22:00:00",RT_QLD1,0
D,DISPATCH,UNIT_SCADA,1,"2022/10/20 22:00:00",RT_SA1,0
D,DISPATCH,UNIT_SCADA,1,"2022/10/20 22:00:00",RT_SA2,0
D,DISPATCH,UNIT_SCADA,1,"2022/10/20 22:00:00",RT_SA3,0
D,DISPATCH,UNIT_SCADA,1,"2022/10/20 22:00:00",RT_SA4,0
D,DISPATCH,UNIT_SCADA,1,"2022/10/20 22:00:00",RT_SA5,0
D,DISPATCH,UNIT_SCADA,1,"2022/10/20 22:00:00",RT_SA6,0
D,DISPATCH,UNIT_SCADA,1,"2022/10/20 22:00:00",RT_TAS1,0
D,DISPATCH,UNIT_SCADA,1,"2022/10/20 22:00:00",RT_VIC1,0
D,DISPATCH,UNIT_SCADA,1,"2022/10/20 22:00:00",RT_VIC10,0
D,DISPATCH,UNIT_SCADA,1,"2022/10/20 22:00:00",RT_VIC11,0
D,DISPATCH,UNIT_SCADA,1,"2022/10/20 22:00:00",RT_VIC12,0
D,DISPATCH,UNIT_SCADA,1,"2022/10/20 22:00:00",RT_VIC2,0
D,DISPATCH,UNIT_SCADA,1,"2022/10/20 22:00:00",RT_VIC3,0
D,DISPATCH,UNIT_SCADA,1,"2022/10/20 22:00:00",RT_VIC4,0
D,DISPATCH,UNIT_SCADA,1,"2022/10/20 22:00:00",RT_VIC5,0
D,DISPATCH,UNIT_SCADA,1,"2022/10/20 22:00:00",RT_VIC6,0
D,DISPATCH,UNIT_SCADA,1,"2022/10/20 22:00:00",RT_VIC7,0
D,DISPATCH,UNIT_SCADA,1,"2022/10/20 22:00:00",RT_VIC8,0
D,DISPATCH,UNIT_SCADA,1,"2022/10/20 22:00:00",RT_VIC9,0
D,DISPATCH,UNIT_SCADA,1,"2022/10/20 22:00:00",RUGBYR1,0
D,DISPATCH,UNIT_SCADA,1,"2022/10/20 22:00:00",SALTCRK1,33.29
D,DISPATCH,UNIT_SCADA,1,"2022/10/20 22:00:00",SAPHWF1,244.802020
D,DISPATCH,UNIT_SCADA,1,"2022/10/20 22:00:00",SEBSF1,0
D,DISPATCH,UNIT_SCADA,1,"2022/10/20 22:00:00",SHGEN,0
D,DISPATCH,UNIT_SCADA,1,"2022/10/20 22:00:00",SHPUMP,0
D,DISPATCH,UNIT_SCADA,1,"2022/10/20 22:00:00",SITHE01,0.153860
D,DISPATCH,UNIT_SCADA,1,"2022/10/20 22:00:00",SMCSF1,0
D,DISPATCH,UNIT_SCADA,1,"2022/10/20 22:00:00",SNAPPER1,0
D,DISPATCH,UNIT_SCADA,1,"2022/10/20 22:00:00",SNOWNTH1,66.10
D,DISPATCH,UNIT_SCADA,1,"2022/10/20 22:00:00",SNOWSTH1,61.60
D,DISPATCH,UNIT_SCADA,1,"2022/10/20 22:00:00",SNOWTWN1,55.214160
D,DISPATCH,UNIT_SCADA,1,"2022/10/20 22:00:00",SNOWYP,0
D,DISPATCH,UNIT_SCADA,1,"2022/10/20 22:00:00",SNUG1,0
D,DISPATCH,UNIT_SCADA,1,"2022/10/20 22:00:00",SRSF1,0
D,DISPATCH,UNIT_SCADA,1,"2022/10/20 22:00:00",STAN-1,280.1843
D,DISPATCH,UNIT_SCADA,1,"2022/10/20 22:00:00",STAN-2,363.051360
D,DISPATCH,UNIT_SCADA,1,"2022/10/20 22:00:00",STAN-3,365.499570
D,DISPATCH,UNIT_SCADA,1,"2022/10/20 22:00:00",STAN-4,364.756130
D,DISPATCH,UNIT_SCADA,1,"2022/10/20 22:00:00",STARHLWF,16.295250
D,DISPATCH,UNIT_SCADA,1,"2022/10/20 22:00:00",STOCKYD1,171.22
D,DISPATCH,UNIT_SCADA,1,"2022/10/20 22:00:00",STWF1,31.866330
D,DISPATCH,UNIT_SCADA,1,"2022/10/20 22:00:00",SUNRSF1,0
D,DISPATCH,UNIT_SCADA,1,"2022/10/20 22:00:00",SUNTPSF1,0
D,DISPATCH,UNIT_SCADA,1,"2022/10/20 22:00:00",SWAN_E,289.111880
D,DISPATCH,UNIT_SCADA,1,"2022/10/20 22:00:00",TALWA1,0
D,DISPATCH,UNIT_SCADA,1,"2022/10/20 22:00:00",TARALGA1,0
D,DISPATCH,UNIT_SCADA,1,"2022/10/20 22:00:00",TARONG#1,349.300020
D,DISPATCH,UNIT_SCADA,1,"2022/10/20 22:00:00",TARONG#2,349.700010
D,DISPATCH,UNIT_SCADA,1,"2022/10/20 22:00:00",TARONG#3,0.90
D,DISPATCH,UNIT_SCADA,1,"2022/10/20 22:00:00",TARONG#4,294.50
D,DISPATCH,UNIT_SCADA,1,"2022/10/20 22:00:00",TARRALEA,54
D,DISPATCH,UNIT_SCADA,1,"2022/10/20 22:00:00",TBSF1,0
D,DISPATCH,UNIT_SCADA,1,"2022/10/20 22:00:00",TNPS1,418.75
D,DISPATCH,UNIT_SCADA,1,"2022/10/20 22:00:00",TORRB1,0
D,DISPATCH,UNIT_SCADA,1,"2022/10/20 22:00:00",TORRB2,57
D,DISPATCH,UNIT_SCADA,1,"2022/10/20 22:00:00",TORRB3,0
D,DISPATCH,UNIT_SCADA,1,"2022/10/20 22:00:00",TORRB4,0
D,DISPATCH,UNIT_SCADA,1,"2022/10/20 22:00:00",TREVALLN,98.171940
D,DISPATCH,UNIT_SCADA,1,"2022/10/20 22:00:00",TRIBUTE,0
D,DISPATCH,UNIT_SCADA,1,"2022/10/20 22:00:00",TUMUT3,0
D,DISPATCH,UNIT_SCADA,1,"2022/10/20 22:00:00",TUNGATIN,3.200020
D,DISPATCH,UNIT_SCADA,1,"2022/10/20 22:00:00",TVCC201,0
D,DISPATCH,UNIT_SCADA,1,"2022/10/20 22:00:00",TVPP104,0
D,DISPATCH,UNIT_SCADA,1,"2022/10/20 22:00:00",UPPTUMUT,0
D,DISPATCH,UNIT_SCADA,1,"2022/10/20 22:00:00",URANQ11,0
D,DISPATCH,UNIT_SCADA,1,"2022/10/20 22:00:00",URANQ12,0
D,DISPATCH,UNIT_SCADA,1,"2022/10/20 22:00:00",URANQ13,0
D,DISPATCH,UNIT_SCADA,1,"2022/10/20 22:00:00",URANQ14,0
D,DISPATCH,UNIT_SCADA,1,"2022/10/20 22:00:00",VBBG1,0
D,DISPATCH,UNIT_SCADA,1,"2022/10/20 22:00:00",VBBL1,11.60
D,DISPATCH,UNIT_SCADA,1,"2022/10/20 22:00:00",VP5,554.094060
D,DISPATCH,UNIT_SCADA,1,"2022/10/20 22:00:00",VP6,549.308780
D,DISPATCH,UNIT_SCADA,1,"2022/10/20 22:00:00",VPGS1,0
D,DISPATCH,UNIT_SCADA,1,"2022/10/20 22:00:00",VPGS2,0
D,DISPATCH,UNIT_SCADA,1,"2022/10/20 22:00:00",VPGS3,0
D,DISPATCH,UNIT_SCADA,1,"2022/10/20 22:00:00",VPGS4,0
D,DISPATCH,UNIT_SCADA,1,"2022/10/20 22:00:00",VPGS5,0
D,DISPATCH,UNIT_SCADA,1,"2022/10/20 22:00:00",VPGS6,0
D,DISPATCH,UNIT_SCADA,1,"2022/10/20 22:00:00",W/HOE#1,0
D,DISPATCH,UNIT_SCADA,1,"2022/10/20 22:00:00",W/HOE#2,0
D,DISPATCH,UNIT_SCADA,1,"2022/10/20 22:00:00",WAGGNSF1,0
D,DISPATCH,UNIT_SCADA,1,"2022/10/20 22:00:00",WALGRVG1,0
D,DISPATCH,UNIT_SCADA,1,"2022/10/20 22:00:00",WALGRVL1,3.249420
D,DISPATCH,UNIT_SCADA,1,"2022/10/20 22:00:00",WANDBG1,0
D,DISPATCH,UNIT_SCADA,1,"2022/10/20 22:00:00",WANDBL1,50.087440
D,DISPATCH,UNIT_SCADA,1,"2022/10/20 22:00:00",WARWSF1,0
D,DISPATCH,UNIT_SCADA,1,"2022/10/20 22:00:00",WARWSF2,0
D,DISPATCH,UNIT_SCADA,1,"2022/10/20 22:00:00",WATERLWF,26.90
D,DISPATCH,UNIT_SCADA,1,"2022/10/20 22:00:00",WDGPH1,0
D,DISPATCH,UNIT_SCADA,1,"2022/10/20 22:00:00",WELLSF1,0
D,DISPATCH,UNIT_SCADA,1,"2022/10/20 22:00:00",WEMENSF1,0
D,DISPATCH,UNIT_SCADA,1,"2022/10/20 22:00:00",WGWF1,20.40
D,DISPATCH,UNIT_SCADA,1,"2022/10/20 22:00:00",WHITSF1,0
D,DISPATCH,UNIT_SCADA,1,"2022/10/20 22:00:00",WINTSF1,0
D,DISPATCH,UNIT_SCADA,1,"2022/10/20 22:00:00",WKIEWA1,33.90
D,DISPATCH,UNIT_SCADA,1,"2022/10/20 22:00:00",WKIEWA2,33.90
D,DISPATCH,UNIT_SCADA,1,"2022/10/20 22:00:00",WOODLWN1,38.334080
D,DISPATCH,UNIT_SCADA,1,"2022/10/20 22:00:00",WOOLGSF1,0
D,DISPATCH,UNIT_SCADA,1,"2022/10/20 22:00:00",WPWF,62.63
D,DISPATCH,UNIT_SCADA,1,"2022/10/20 22:00:00",WRSF1,0
D,DISPATCH,UNIT_SCADA,1,"2022/10/20 22:00:00",WRWF1,134.074920
D,DISPATCH,UNIT_SCADA,1,"2022/10/20 22:00:00",WSTWYSF1,0
D,DISPATCH,UNIT_SCADA,1,"2022/10/20 22:00:00",YABULU,0
D,DISPATCH,UNIT_SCADA,1,"2022/10/20 22:00:00",YABULU2,0
D,DISPATCH,UNIT_SCADA,1,"2022/10/20 22:00:00",YARANSF1,0
D,DISPATCH,UNIT_SCADA,1,"2022/10/20 22:00:00",YARWUN_1,163.989990
D,DISPATCH,UNIT_SCADA,1,"2022/10/20 22:00:00",YATSF1,0
D,DISPATCH,UNIT_SCADA,1,"2022/10/20 22:00:00",YENDWF1,9.29
D,DISPATCH,UNIT_SCADA,1,"2022/10/20 22:00:00",YWPS1,320.799990
D,DISPATCH,UNIT_SCADA,1,"2022/10/20 22:00:00",YWPS2,357.893680
D,DISPATCH,UNIT_SCADA,1,"2022/10/20 22:00:00",YWPS3,359.953160
D,DISPATCH,UNIT_SCADA,1,"2022/10/20 22:00:00",YWPS4,0
C,"END OF REPORT",419
