C,NEMP.WORLD,DISPATCHSCADA,AEMO,PUBLIC,2022/10/20,15:30:09,0000000373263931,DISPATCHSCADA,0000000373263925
I,DISPATCH,UNIT_SCADA,1,SETTLEMENTDATE,DUID,SCADAVALUE
D,DISPATCH,UNIT_SCADA,1,"2022/10/20 15:35:00",BARCSF1,9.60
D,DISPATCH,UNIT_SCADA,1,"2022/10/20 15:35:00",BUTLERSG,8.699999
D,DISPATCH,UNIT_SCADA,1,"2022/10/20 15:35:00",CAPTL_WF,76.153503
D,DISPATCH,UNIT_SCADA,1,"2022/10/20 15:35:00",CHALLHWF,10.50
D,DISPATCH,UNIT_SCADA,1,"2022/10/20 15:35:00",CLOVER,10.34
D,DISPATCH,UNIT_SCADA,1,"2022/10/20 15:35:00",CLUNY,6.200503
D,DISPATCH,UNIT_SCADA,1,"2022/10/20 15:35:00",CULLRGWF,-0.04
D,DISPATCH,UNIT_SCADA,1,"2022/10/20 15:35:00",DIAPURWF1,4.40
D,DISPATCH,UNIT_SCADA,1,"2022/10/20 15:35:00",ERGT01,0
D,DISPATCH,UNIT_SCADA,1,"2022/10/20 15:35:00",GB01,0
D,DISPATCH,UNIT_SCADA,1,"2022/10/20 15:35:00",GERMCRK,21.700001
D,DISPATCH,UNIT_SCADA,1,"2022/10/20 15:35:00",GRIFSF1,8.400091
D,DISPATCH,UNIT_SCADA,1,"2022/10/20 15:35:00",HEZ1,0
D,DISPATCH,UNIT_SCADA,1,"2022/10/20 15:35:00",HUGSF1,11.825001
D,DISPATCH,UNIT_SCADA,1,"2022/10/20 15:35:00",KEPBG1,0
D,DISPATCH,UNIT_SCADA,1,"2022/10/20 15:35:00",LRSF1,12.434001
D,DISPATCH,UNIT_SCADA,1,"2022/10/20 15:35:00",MBAHNTH,43.012497
D,DISPATCH,UNIT_SCADA,1,"2022/10/20 15:35:00",MLSP1,2.753001
D,DISPATCH,UNIT_SCADA,1,"2022/10/20 15:35:00",MLWF1,6.06
D,DISPATCH,UNIT_SCADA,1,"2022/10/20 15:35:00",PALOONA,30.439999
D,DISPATCH,UNIT_SCADA,1,"2022/10/20 15:35:00",PIONEER,34
D,DISPATCH,UNIT_SCADA,1,"2022/10/20 15:35:00",PORTWF,37
D,DISPATCH,UNIT_SCADA,1,"2022/10/20 15:35:00",REPULSE,9.530785
D,DISPATCH,UNIT_SCADA,1,"2022/10/20 15:35:00",ROWALLAN,8.9815
D,DISPATCH,UNIT_SCADA,1,"2022/10/20 15:35:00",ROYALLA1,3.949003
D,DISPATCH,UNIT_SCADA,1,"2022/10/20 15:35:00",RPCG,-1.80
D,DISPATCH,UNIT_SCADA,1,"2022/10/20 15:35:00",RUBICON,0
D,DISPATCH,UNIT_SCADA,1,"2022/10/20 15:35:00",WAUBRAWF,57.832001
D,DISPATCH,UNIT_SCADA,1,"2022/10/20 15:35:00",WOOLNTH1,97.319992
D,DISPATCH,UNIT_SCADA,1,"2022/10/20 15:35:00",YAMBUKWF,3
D,DISPATCH,UNIT_SCADA,1,"2022/10/20 15:35:00",YSWF1,2.40
D,DISPATCH,UNIT_SCADA,1,"2022/10/20 15:35:00",ADPBA1G,0.0080
D,DISPATCH,UNIT_SCADA,1,"2022/10/20 15:35:00",ADPBA1L,0
D,DISPATCH,UNIT_SCADA,1,"2022/10/20 15:35:00",ADPPV1,8.7570
D,DISPATCH,UNIT_SCADA,1,"2022/10/20 15:35:00",AGLHAL,0
D,DISPATCH,UNIT_SCADA,1,"2022/10/20 15:35:00",AGLSOM,0
D,DISPATCH,UNIT_SCADA,1,"2022/10/20 15:35:00",ANGAST1,0
D,DISPATCH,UNIT_SCADA,1,"2022/10/20 15:35:00",ARWF1,24.20
D,DISPATCH,UNIT_SCADA,1,"2022/10/20 15:35:00",BALBG1,0
D,DISPATCH,UNIT_SCADA,1,"2022/10/20 15:35:00",BALBL1,0
D,DISPATCH,UNIT_SCADA,1,"2022/10/20 15:35:00",BALDHWF1,98.7090
D,DISPATCH,UNIT_SCADA,1,"2022/10/20 15:35:00",BANGOWF1,65.799350
D,DISPATCH,UNIT_SCADA,1,"2022/10/20 15:35:00",BANGOWF2,25
D,DISPATCH,UNIT_SCADA,1,"2022/10/20 15:35:00",BANN1,20.12
D,DISPATCH,UNIT_SCADA,1,"2022/10/20 15:35:00",BARCALDN,0
D,DISPATCH,UNIT_SCADA,1,"2022/10/20 15:35:00",BARKIPS1,0
D,DISPATCH,UNIT_SCADA,1,"2022/10/20 15:35:00",BARRON-1,24.48
D,DISPATCH,UNIT_SCADA,1,"2022/10/20 15:35:00",BARRON-2,0
D,DISPATCH,UNIT_SCADA,1,"2022/10/20 15:35:00",BASTYAN,49.88
D,DISPATCH,UNIT_SCADA,1,"2022/10/20 15:35:00",BBTHREE1,0
D,DISPATCH,UNIT_SCADA,1,"2022/10/20 15:35:00",BBTHREE2,0
D,DISPATCH,UNIT_SCADA,1,"2022/10/20 15:35:00",BBTHREE3,-1.28
D,DISPATCH,UNIT_SCADA,1,"2022/10/20 15:35:00",BDL01,0
D,DISPATCH,UNIT_SCADA,1,"2022/10/20 15:35:00",BDL02,0
D,DISPATCH,UNIT_SCADA,1,"2022/10/20 15:35:00",BERYLSF1,5.441570
D,DISPATCH,UNIT_SCADA,1,"2022/10/20 15:35:00",BLOWERNG,62.80
D,DISPATCH,UNIT_SCADA,1,"2022/10/20 15:35:00",BLUEGSF1,19.838980
D,DISPATCH,UNIT_SCADA,1,"2022/10/20 15:35:00",BLUFF1,0
D,DISPATCH,UNIT_SCADA,1,"2022/10/20 15:35:00",BNGSF1,71.11
D,DISPATCH,UNIT_SCADA,1,"2022/10/20 15:35:00",BNGSF2,36.98
D,DISPATCH,UNIT_SCADA,1,"2022/10/20 15:35:00",BOCORWF1,53.69
D,DISPATCH,UNIT_SCADA,1,"2022/10/20 15:35:00",BODWF1,83.082490
D,DISPATCH,UNIT_SCADA,1,"2022/10/20 15:35:00",BOMENSF1,16.0824
D,DISPATCH,UNIT_SCADA,1,"2022/10/20 15:35:00",BOWWBA1G,0
D,DISPATCH,UNIT_SCADA,1,"2022/10/20 15:35:00",BOWWBA1L,0
D,DISPATCH,UNIT_SCADA,1,"2022/10/20 15:35:00",BOWWPV1,0.0010
D,DISPATCH,UNIT_SCADA,1,"2022/10/20 15:35:00",BRAEMAR1,0
D,DISPATCH,UNIT_SCADA,1,"2022/10/20 15:35:00",BRAEMAR2,0
D,DISPATCH,UNIT_SCADA,1,"2022/10/20 15:35:00",BRAEMAR3,0
D,DISPATCH,UNIT_SCADA,1,"2022/10/20 15:35:00",BRAEMAR5,0.292060
D,DISPATCH,UNIT_SCADA,1,"2022/10/20 15:35:00",BRAEMAR6,0
D,DISPATCH,UNIT_SCADA,1,"2022/10/20 15:35:00",BRAEMAR7,138.546750
D,DISPATCH,UNIT_SCADA,1,"2022/10/20 15:35:00",BROKENH1,21.599670
D,DISPATCH,UNIT_SCADA,1,"2022/10/20 15:35:00",BRYB1WF1,77.146560
D,DISPATCH,UNIT_SCADA,1,"2022/10/20 15:35:00",BULBESG1,0
D,DISPATCH,UNIT_SCADA,1,"2022/10/20 15:35:00",BULBESL1,0.03
D,DISPATCH,UNIT_SCADA,1,"2022/10/20 15:35:00",BULGANA1,6.99
D,DISPATCH,UNIT_SCADA,1,"2022/10/20 15:35:00",BW01,654.319090
D,DISPATCH,UNIT_SCADA,1,"2022/10/20 15:35:00",BW02,615.304810
D,DISPATCH,UNIT_SCADA,1,"2022/10/20 15:35:00",BW03,496.968020
D,DISPATCH,UNIT_SCADA,1,"2022/10/20 15:35:00",BW04,0
D,DISPATCH,UNIT_SCADA,1,"2022/10/20 15:35:00",CALL_B_1,318
D,DISPATCH,UNIT_SCADA,1,"2022/10/20 15:35:00",CALL_B_2,315.700010
D,DISPATCH,UNIT_SCADA,1,"2022/10/20 15:35:00",CATHROCK,4.20
D,DISPATCH,UNIT_SCADA,1,"2022/10/20 15:35:00",CBWWBA1G,0
D,DISPATCH,UNIT_SCADA,1,"2022/10/20 15:35:00",CBWWBA1L,0
D,DISPATCH,UNIT_SCADA,1,"2022/10/20 15:35:00",CETHANA,97.166630
D,DISPATCH,UNIT_SCADA,1,"2022/10/20 15:35:00",CG1,0
D,DISPATCH,UNIT_SCADA,1,"2022/10/20 15:35:00",CG2,0
D,DISPATCH,UNIT_SCADA,1,"2022/10/20 15:35:00",CG3,0
D,DISPATCH,UNIT_SCADA,1,"2022/10/20 15:35:00",CG4,0
D,DISPATCH,UNIT_SCADA,1,"2022/10/20 15:35:00",CHILDSF1,9.85
D,DISPATCH,UNIT_SCADA,1,"2022/10/20 15:35:00",CHYTWF1,10.84
D,DISPATCH,UNIT_SCADA,1,"2022/10/20 15:35:00",CLARESF1,96.735230
D,DISPATCH,UNIT_SCADA,1,"2022/10/20 15:35:00",CLEMGPWF,2.016980
D,DISPATCH,UNIT_SCADA,1,"2022/10/20 15:35:00",CLERMSF1,15.96
D,DISPATCH,UNIT_SCADA,1,"2022/10/20 15:35:00",CNUNDAWF,10.912730
D,DISPATCH,UNIT_SCADA,1,"2022/10/20 15:35:00",COHUNSF1,10.39
D,DISPATCH,UNIT_SCADA,1,"2022/10/20 15:35:00",COLEASF1,28.1014
D,DISPATCH,UNIT_SCADA,1,"2022/10/20 15:35:00",COLUMSF1,13.9880
D,DISPATCH,UNIT_SCADA,1,"2022/10/20 15:35:00",COLWF01,73.368430
D,DISPATCH,UNIT_SCADA,1,"2022/10/20 15:35:00",COOPGWF1,239.17
D,DISPATCH,UNIT_SCADA,1,"2022/10/20 15:35:00",CPP_3,356.675020
D,DISPATCH,UNIT_SCADA,1,"2022/10/20 15:35:00",CPP_4,0
D,DISPATCH,UNIT_SCADA,1,"2022/10/20 15:35:00",CPSA,0
D,DISPATCH,UNIT_SCADA,1,"2022/10/20 15:35:00",CROOKWF2,45.273510
D,DISPATCH,UNIT_SCADA,1,"2022/10/20 15:35:00",CROWLWF1,10.771460
D,DISPATCH,UNIT_SCADA,1,"2022/10/20 15:35:00",CRURWF1,6.998320
D,DISPATCH,UNIT_SCADA,1,"2022/10/20 15:35:00",CRWASF1,22.764550
D,DISPATCH,UNIT_SCADA,1,"2022/10/20 15:35:00",CSPVPS1,20.6620
D,DISPATCH,UNIT_SCADA,1,"2022/10/20 15:35:00",CTHLWF1,0.003050
D,DISPATCH,UNIT_SCADA,1,"2022/10/20 15:35:00",DALNTH01,0.010680
D,DISPATCH,UNIT_SCADA,1,"2022/10/20 15:35:00",DALNTHL1,0
D,DISPATCH,UNIT_SCADA,1,"2022/10/20 15:35:00",DARLSF1,70.846240
D,DISPATCH,UNIT_SCADA,1,"2022/10/20 15:35:00",DARTM1,0
D,DISPATCH,UNIT_SCADA,1,"2022/10/20 15:35:00",DAYDSF1,64.3590
D,DISPATCH,UNIT_SCADA,1,"2022/10/20 15:35:00",DDPS1,0
D,DISPATCH,UNIT_SCADA,1,"2022/10/20 15:35:00",DDSF1,18.174980
D,DISPATCH,UNIT_SCADA,1,"2022/10/20 15:35:00",DEVILS_G,59.740590
D,DISPATCH,UNIT_SCADA,1,"2022/10/20 15:35:00",DG_NSW1,0
D,DISPATCH,UNIT_SCADA,1,"2022/10/20 15:35:00",DG_QLD1,0
D,DISPATCH,UNIT_SCADA,1,"2022/10/20 15:35:00",DG_SA1,0
D,DISPATCH,UNIT_SCADA,1,"2022/10/20 15:35:00",DG_TAS1,0
D,DISPATCH,UNIT_SCADA,1,"2022/10/20 15:35:00",DG_VIC1,0
D,DISPATCH,UNIT_SCADA,1,"2022/10/20 15:35:00",DRYCGT1,0
D,DISPATCH,UNIT_SCADA,1,"2022/10/20 15:35:00",DRYCGT2,0
D,DISPATCH,UNIT_SCADA,1,"2022/10/20 15:35:00",DRYCGT3,0
D,DISPATCH,UNIT_SCADA,1,"2022/10/20 15:35:00",DUNDWF1,60.12
D,DISPATCH,UNIT_SCADA,1,"2022/10/20 15:35:00",DUNDWF2,20.17
D,DISPATCH,UNIT_SCADA,1,"2022/10/20 15:35:00",DUNDWF3,56.51
D,DISPATCH,UNIT_SCADA,1,"2022/10/20 15:35:00",EILDON1,60.04
D,DISPATCH,UNIT_SCADA,1,"2022/10/20 15:35:00",EILDON2,60.12
D,DISPATCH,UNIT_SCADA,1,"2022/10/20 15:35:00",ELAINWF1,25.58
D,DISPATCH,UNIT_SCADA,1,"2022/10/20 15:35:00",EMERASF1,0
D,DISPATCH,UNIT_SCADA,1,"2022/10/20 15:35:00",ER01,0
D,DISPATCH,UNIT_SCADA,1,"2022/10/20 15:35:00",ER02,568.673220
D,DISPATCH,UNIT_SCADA,1,"2022/10/20 15:35:00",ER03,569.405640
D,DISPATCH,UNIT_SCADA,1,"2022/10/20 15:35:00",ER04,568.429080
D,DISPATCH,UNIT_SCADA,1,"2022/10/20 15:35:00",FINLYSF1,54.050510
D,DISPATCH,UNIT_SCADA,1,"2022/10/20 15:35:00",FISHER,43.76
D,DISPATCH,UNIT_SCADA,1,"2022/10/20 15:35:00",GANGARR1,0
D,DISPATCH,UNIT_SCADA,1,"2022/10/20 15:35:00",GANNBG1,0
D,DISPATCH,UNIT_SCADA,1,"2022/10/20 15:35:00",GANNBL1,5.156940
D,DISPATCH,UNIT_SCADA,1,"2022/10/20 15:35:00",GANNSF1,16.60
D,DISPATCH,UNIT_SCADA,1,"2022/10/20 15:35:00",GLRWNSF1,77.63
D,DISPATCH,UNIT_SCADA,1,"2022/10/20 15:35:00",GNNDHSF1,75.333260
D,DISPATCH,UNIT_SCADA,1,"2022/10/20 15:35:00",GOONSF1,39.083850
D,DISPATCH,UNIT_SCADA,1,"2022/10/20 15:35:00",GORDON,225.178830
D,DISPATCH,UNIT_SCADA,1,"2022/10/20 15:35:00",GRANWF1,0
D,DISPATCH,UNIT_SCADA,1,"2022/10/20 15:35:00",GSTONE1,200.899990
D,DISPATCH,UNIT_SCADA,1,"2022/10/20 15:35:00",GSTONE2,0
D,DISPATCH,UNIT_SCADA,1,"2022/10/20 15:35:00",GSTONE3,200.3750
D,DISPATCH,UNIT_SCADA,1,"2022/10/20 15:35:00",GSTONE4,0
D,DISPATCH,UNIT_SCADA,1,"2022/10/20 15:35:00",GSTONE5,185.149990
D,DISPATCH,UNIT_SCADA,1,"2022/10/20 15:35:00",GSTONE6,200.3750
D,DISPATCH,UNIT_SCADA,1,"2022/10/20 15:35:00",GULLRSF1,0.884990
D,DISPATCH,UNIT_SCADA,1,"2022/10/20 15:35:00",GULLRWF1,72.343890
D,DISPATCH,UNIT_SCADA,1,"2022/10/20 15:35:00",GULLRWF2,72.085080
D,DISPATCH,UNIT_SCADA,1,"2022/10/20 15:35:00",GUNNING1,0
D,DISPATCH,UNIT_SCADA,1,"2022/10/20 15:35:00",GUTHEGA,67.100010
D,DISPATCH,UNIT_SCADA,1,"2022/10/20 15:35:00",HALLWF1,0
D,DISPATCH,UNIT_SCADA,1,"2022/10/20 15:35:00",HALLWF2,0
D,DISPATCH,UNIT_SCADA,1,"2022/10/20 15:35:00",HAMISF1,13.90
D,DISPATCH,UNIT_SCADA,1,"2022/10/20 15:35:00",HAUGHT11,87.535610
D,DISPATCH,UNIT_SCADA,1,"2022/10/20 15:35:00",HAYMSF1,15.38
D,DISPATCH,UNIT_SCADA,1,"2022/10/20 15:35:00",HDWF1,4.10
D,DISPATCH,UNIT_SCADA,1,"2022/10/20 15:35:00",HDWF2,4.90
D,DISPATCH,UNIT_SCADA,1,"2022/10/20 15:35:00",HDWF3,4.60
D,DISPATCH,UNIT_SCADA,1,"2022/10/20 15:35:00",HILLSTN1,19.313660
D,DISPATCH,UNIT_SCADA,1,"2022/10/20 15:35:00",HPRG1,0
D,DISPATCH,UNIT_SCADA,1,"2022/10/20 15:35:00",HPRL1,18.20
D,DISPATCH,UNIT_SCADA,1,"2022/10/20 15:35:00",HUMENSW,54.813610
D,DISPATCH,UNIT_SCADA,1,"2022/10/20 15:35:00",HUMEV,0
D,DISPATCH,UNIT_SCADA,1,"2022/10/20 15:35:00",HVWWBA1G,0
D,DISPATCH,UNIT_SCADA,1,"2022/10/20 15:35:00",HVWWBA1L,0.0080
D,DISPATCH,UNIT_SCADA,1,"2022/10/20 15:35:00",HVWWPV1,0.5620
D,DISPATCH,UNIT_SCADA,1,"2022/10/20 15:35:00",JBUTTERS,0
D,DISPATCH,UNIT_SCADA,1,"2022/10/20 15:35:00",JEMALNG1,50.33
D,DISPATCH,UNIT_SCADA,1,"2022/10/20 15:35:00",JLA01,0
D,DISPATCH,UNIT_SCADA,1,"2022/10/20 15:35:00",JLA02,0
D,DISPATCH,UNIT_SCADA,1,"2022/10/20 15:35:00",JLA03,0
D,DISPATCH,UNIT_SCADA,1,"2022/10/20 15:35:00",JLA04,0
D,DISPATCH,UNIT_SCADA,1,"2022/10/20 15:35:00",JLB01,0
D,DISPATCH,UNIT_SCADA,1,"2022/10/20 15:35:00",JLB02,0.10
D,DISPATCH,UNIT_SCADA,1,"2022/10/20 15:35:00",JLB03,0
D,DISPATCH,UNIT_SCADA,1,"2022/10/20 15:35:00",JUNEESF1,3.948670
D,DISPATCH,UNIT_SCADA,1,"2022/10/20 15:35:00",KABANWF1,2.38
D,DISPATCH,UNIT_SCADA,1,"2022/10/20 15:35:00",KAREEYA1,17.81
D,DISPATCH,UNIT_SCADA,1,"2022/10/20 15:35:00",KAREEYA2,0
D,DISPATCH,UNIT_SCADA,1,"2022/10/20 15:35:00",KAREEYA3,21.2550
D,DISPATCH,UNIT_SCADA,1,"2022/10/20 15:35:00",KAREEYA4,0
D,DISPATCH,UNIT_SCADA,1,"2022/10/20 15:35:00",KARSF1,34
D,DISPATCH,UNIT_SCADA,1,"2022/10/20 15:35:00",KEPSF1,0.54
D,DISPATCH,UNIT_SCADA,1,"2022/10/20 15:35:00",KEPWF1,24.60
D,DISPATCH,UNIT_SCADA,1,"2022/10/20 15:35:00",KIAMSF1,10.196840
D,DISPATCH,UNIT_SCADA,1,"2022/10/20 15:35:00",KIATAWF1,7.60
D,DISPATCH,UNIT_SCADA,1,"2022/10/20 15:35:00",KPP_1,0
D,DISPATCH,UNIT_SCADA,1,"2022/10/20 15:35:00",KSP1,15.15
D,DISPATCH,UNIT_SCADA,1,"2022/10/20 15:35:00",LADBROK1,0.01
D,DISPATCH,UNIT_SCADA,1,"2022/10/20 15:35:00",LADBROK2,0.02
D,DISPATCH,UNIT_SCADA,1,"2022/10/20 15:35:00",LBBG1,0
D,DISPATCH,UNIT_SCADA,1,"2022/10/20 15:35:00",LBBL1,2.70
D,DISPATCH,UNIT_SCADA,1,"2022/10/20 15:35:00",LD01,277.065340
D,DISPATCH,UNIT_SCADA,1,"2022/10/20 15:35:00",LD02,29.792170
D,DISPATCH,UNIT_SCADA,1,"2022/10/20 15:35:00",LD04,274.977870
D,DISPATCH,UNIT_SCADA,1,"2022/10/20 15:35:00",LEM_WIL,78.775120
D,DISPATCH,UNIT_SCADA,1,"2022/10/20 15:35:00",LGAPWF1,51.21
D,DISPATCH,UNIT_SCADA,1,"2022/10/20 15:35:00",LGAPWF2,39.91
D,DISPATCH,UNIT_SCADA,1,"2022/10/20 15:35:00",LILYSF1,62.128120
D,DISPATCH,UNIT_SCADA,1,"2022/10/20 15:35:00",LIMOSF11,91.529870
D,DISPATCH,UNIT_SCADA,1,"2022/10/20 15:35:00",LIMOSF21,10.029970
D,DISPATCH,UNIT_SCADA,1,"2022/10/20 15:35:00",LI_WY_CA,62.309130
D,DISPATCH,UNIT_SCADA,1,"2022/10/20 15:35:00",LKBONNY1,0
D,DISPATCH,UNIT_SCADA,1,"2022/10/20 15:35:00",LKBONNY2,12.430530
D,DISPATCH,UNIT_SCADA,1,"2022/10/20 15:35:00",LKBONNY3,3.907550
D,DISPATCH,UNIT_SCADA,1,"2022/10/20 15:35:00",LK_ECHO,0
D,DISPATCH,UNIT_SCADA,1,"2022/10/20 15:35:00",LNGS1,0
D,DISPATCH,UNIT_SCADA,1,"2022/10/20 15:35:00",LNGS2,0
D,DISPATCH,UNIT_SCADA,1,"2022/10/20 15:35:00",LONSDALE,0
D,DISPATCH,UNIT_SCADA,1,"2022/10/20 15:35:00",LOYYB1,480.448090
D,DISPATCH,UNIT_SCADA,1,"2022/10/20 15:35:00",LOYYB2,481.575960
D,DISPATCH,UNIT_SCADA,1,"2022/10/20 15:35:00",LYA1,534
D,DISPATCH,UNIT_SCADA,1,"2022/10/20 15:35:00",LYA2,0
D,DISPATCH,UNIT_SCADA,1,"2022/10/20 15:35:00",LYA3,546
D,DISPATCH,UNIT_SCADA,1,"2022/10/20 15:35:00",LYA4,548
D,DISPATCH,UNIT_SCADA,1,"2022/10/20 15:35:00",MACARTH1,50.598830
D,DISPATCH,UNIT_SCADA,1,"2022/10/20 15:35:00",MACKNTSH,0
D,DISPATCH,UNIT_SCADA,1,"2022/10/20 15:35:00",MANSLR1,7.2150
D,DISPATCH,UNIT_SCADA,1,"2022/10/20 15:35:00",MAPS2PV1,0
D,DISPATCH,UNIT_SCADA,1,"2022/10/20 15:35:00",MAPS3PV1,0
D,DISPATCH,UNIT_SCADA,1,"2022/10/20 15:35:00",MARYRSF1,5.56
D,DISPATCH,UNIT_SCADA,1,"2022/10/20 15:35:00",MBPS2PV1,0
D,DISPATCH,UNIT_SCADA,1,"2022/10/20 15:35:00",MCKAY1,0.02
D,DISPATCH,UNIT_SCADA,1,"2022/10/20 15:35:00",MEADOWBK,5.887480
D,DISPATCH,UNIT_SCADA,1,"2022/10/20 15:35:00",MERCER01,23
D,DISPATCH,UNIT_SCADA,1,"2022/10/20 15:35:00",METZSF1,93.223960
D,DISPATCH,UNIT_SCADA,1,"2022/10/20 15:35:00",MEWF1,35.616770
D,DISPATCH,UNIT_SCADA,1,"2022/10/20 15:35:00",MIDDLSF1,10.84
D,DISPATCH,UNIT_SCADA,1,"2022/10/20 15:35:00",MINTARO,0.128180
D,DISPATCH,UNIT_SCADA,1,"2022/10/20 15:35:00",MOLNGSF1,9.019910
D,DISPATCH,UNIT_SCADA,1,"2022/10/20 15:35:00",MOORAWF1,42.20
D,DISPATCH,UNIT_SCADA,1,"2022/10/20 15:35:00",MOREESF1,7.75
D,DISPATCH,UNIT_SCADA,1,"2022/10/20 15:35:00",MORTLK11,0
D,DISPATCH,UNIT_SCADA,1,"2022/10/20 15:35:00",MORTLK12,0
D,DISPATCH,UNIT_SCADA,1,"2022/10/20 15:35:00",MOUSF1,0
D,DISPATCH,UNIT_SCADA,1,"2022/10/20 15:35:00",MP1,0
D,DISPATCH,UNIT_SCADA,1,"2022/10/20 15:35:00",MP2,524.434270
D,DISPATCH,UNIT_SCADA,1,"2022/10/20 15:35:00",MPP_1,182.608050
D,DISPATCH,UNIT_SCADA,1,"2022/10/20 15:35:00",MPP_2,173.956020
D,DISPATCH,UNIT_SCADA,1,"2022/10/20 15:35:00",MRTLSWF1,0
D,DISPATCH,UNIT_SCADA,1,"2022/10/20 15:35:00",MSTUART1,0
D,DISPATCH,UNIT_SCADA,1,"2022/10/20 15:35:00",MSTUART2,0
D,DISPATCH,UNIT_SCADA,1,"2022/10/20 15:35:00",MSTUART3,0
D,DISPATCH,UNIT_SCADA,1,"2022/10/20 15:35:00",MTGELWF1,50.650040
D,DISPATCH,UNIT_SCADA,1,"2022/10/20 15:35:00",MTMILLAR,11.50
D,DISPATCH,UNIT_SCADA,1,"2022/10/20 15:35:00",MURRAY,0
D,DISPATCH,UNIT_SCADA,1,"2022/10/20 15:35:00",MUSSELR1,3.30
D,DISPATCH,UNIT_SCADA,1,"2022/10/20 15:35:00",MUWAWF1,71.80
D,DISPATCH,UNIT_SCADA,1,"2022/10/20 15:35:00",MUWAWF2,36.90
D,DISPATCH,UNIT_SCADA,1,"2022/10/20 15:35:00",MWPS1PV1,4.57
D,DISPATCH,UNIT_SCADA,1,"2022/10/20 15:35:00",MWPS2PV1,3.07
D,DISPATCH,UNIT_SCADA,1,"2022/10/20 15:35:00",MWPS3PV1,1.19
D,DISPATCH,UNIT_SCADA,1,"2022/10/20 15:35:00",MWPS4PV1,0.77
D,DISPATCH,UNIT_SCADA,1,"2022/10/20 15:35:00",NBHWF1,0
D,DISPATCH,UNIT_SCADA,1,"2022/10/20 15:35:00",NEVERSF1,8.55
D,DISPATCH,UNIT_SCADA,1,"2022/10/20 15:35:00",NPS,0
D,DISPATCH,UNIT_SCADA,1,"2022/10/20 15:35:00",NUMURSF1,83.06
D,DISPATCH,UNIT_SCADA,1,"2022/10/20 15:35:00",NYNGAN1,0
D,DISPATCH,UNIT_SCADA,1,"2022/10/20 15:35:00",OAKEY1,0
D,DISPATCH,UNIT_SCADA,1,"2022/10/20 15:35:00",OAKEY1SF,4.0230
D,DISPATCH,UNIT_SCADA,1,"2022/10/20 15:35:00",OAKEY2,0
D,DISPATCH,UNIT_SCADA,1,"2022/10/20 15:35:00",OAKEY2SF,6.80
D,DISPATCH,UNIT_SCADA,1,"2022/10/20 15:35:00",OAKLAND1,13.60
D,DISPATCH,UNIT_SCADA,1,"2022/10/20 15:35:00",OSB-AG,28.12
D,DISPATCH,UNIT_SCADA,1,"2022/10/20 15:35:00",PAREPS1,0.7530
D,DISPATCH,UNIT_SCADA,1,"2022/10/20 15:35:00",PAREPW1,49.59
D,DISPATCH,UNIT_SCADA,1,"2022/10/20 15:35:00",PARSF1,17.601280
D,DISPATCH,UNIT_SCADA,1,"2022/10/20 15:35:00",POAT110,0
D,DISPATCH,UNIT_SCADA,1,"2022/10/20 15:35:00",POAT220,0
D,DISPATCH,UNIT_SCADA,1,"2022/10/20 15:35:00",POR01,0.008670
D,DISPATCH,UNIT_SCADA,1,"2022/10/20 15:35:00",POR03,0
D,DISPATCH,UNIT_SCADA,1,"2022/10/20 15:35:00",PPCCGT,160.801150
D,DISPATCH,UNIT_SCADA,1,"2022/10/20 15:35:00",PTSTAN1,0
D,DISPATCH,UNIT_SCADA,1,"2022/10/20 15:35:00",PUMP1,0
D,DISPATCH,UNIT_SCADA,1,"2022/10/20 15:35:00",PUMP2,0
D,DISPATCH,UNIT_SCADA,1,"2022/10/20 15:35:00",QBYNBG1,0
D,DISPATCH,UNIT_SCADA,1,"2022/10/20 15:35:00",QBYNBL1,1.325480
D,DISPATCH,UNIT_SCADA,1,"2022/10/20 15:35:00",QPS1,0
D,DISPATCH,UNIT_SCADA,1,"2022/10/20 15:35:00",QPS2,0
D,DISPATCH,UNIT_SCADA,1,"2022/10/20 15:35:00",QPS3,0
D,DISPATCH,UNIT_SCADA,1,"2022/10/20 15:35:00",QPS4,0
D,DISPATCH,UNIT_SCADA,1,"2022/10/20 15:35:00",QPS5,72.92
D,DISPATCH,UNIT_SCADA,1,"2022/10/20 15:35:00",REECE1,0
D,DISPATCH,UNIT_SCADA,1,"2022/10/20 15:35:00",REECE2,0
D,DISPATCH,UNIT_SCADA,1,"2022/10/20 15:35:00",ROMA_7,0
D,DISPATCH,UNIT_SCADA,1,"2022/10/20 15:35:00",ROMA_8,0
D,DISPATCH,UNIT_SCADA,1,"2022/10/20 15:35:00",RRSF1,5.389240
D,DISPATCH,UNIT_SCADA,1,"2022/10/20 15:35:00",RT_NSW1,0
D,DISPATCH,UNIT_SCADA,1,"2022/10/20 15:35:00",RT_NSW2,0
D,DISPATCH,UNIT_SCADA,1,"2022/10/20 15:35:00",RT_NSW3,0
D,DISPATCH,UNIT_SCADA,1,"2022/10/20 15:35:00",RT_NSW4,0
D,DISPATCH,UNIT_SCADA,1,"2022/10/20 15:35:00",RT_NSW5,0
D,DISPATCH,UNIT_SCADA,1,"2022/10/20 15:35:00",RT_NSW6,0
D,DISPATCH,UNIT_SCADA,1,"2022/10/20 15:35:00",RT_QLD1,0
D,DISPATCH,UNIT_SCADA,1,"2022/10/20 15:35:00",RT_SA1,0
D,DISPATCH,UNIT_SCADA,1,"2022/10/20 15:35:00",RT_SA2,0
D,DISPATCH,UNIT_SCADA,1,"2022/10/20 15:35:00",RT_SA3,0
D,DISPATCH,UNIT_SCADA,1,"2022/10/20 15:35:00",RT_SA4,0
D,DISPATCH,UNIT_SCADA,1,"2022/10/20 15:35:00",RT_SA5,0
D,DISPATCH,UNIT_SCADA,1,"2022/10/20 15:35:00",RT_SA6,0
D,DISPATCH,UNIT_SCADA,1,"2022/10/20 15:35:00",RT_TAS1,0
D,DISPATCH,UNIT_SCADA,1,"2022/10/20 15:35:00",RT_VIC1,0
D,DISPATCH,UNIT_SCADA,1,"2022/10/20 15:35:00",RT_VIC10,0
D,DISPATCH,UNIT_SCADA,1,"2022/10/20 15:35:00",RT_VIC11,0
D,DISPATCH,UNIT_SCADA,1,"2022/10/20 15:35:00",RT_VIC12,0
D,DISPATCH,UNIT_SCADA,1,"2022/10/20 15:35:00",RT_VIC2,0
D,DISPATCH,UNIT_SCADA,1,"2022/10/20 15:35:00",RT_VIC3,0
D,DISPATCH,UNIT_SCADA,1,"2022/10/20 15:35:00",RT_VIC4,0
D,DISPATCH,UNIT_SCADA,1,"2022/10/20 15:35:00",RT_VIC5,0
D,DISPATCH,UNIT_SCADA,1,"2022/10/20 15:35:00",RT_VIC6,0
D,DISPATCH,UNIT_SCADA,1,"2022/10/20 15:35:00",RT_VIC7,0
D,DISPATCH,UNIT_SCADA,1,"2022/10/20 15:35:00",RT_VIC8,0
D,DISPATCH,UNIT_SCADA,1,"2022/10/20 15:35:00",RT_VIC9,0
D,DISPATCH,UNIT_SCADA,1,"2022/10/20 15:35:00",RUGBYR1,0.000480
D,DISPATCH,UNIT_SCADA,1,"2022/10/20 15:35:00",SALTCRK1,22.42
D,DISPATCH,UNIT_SCADA,1,"2022/10/20 15:35:00",SAPHWF1,33.128860
D,DISPATCH,UNIT_SCADA,1,"2022/10/20 15:35:00",SEBSF1,13.581220
D,DISPATCH,UNIT_SCADA,1,"2022/10/20 15:35:00",SHGEN,0
D,DISPATCH,UNIT_SCADA,1,"2022/10/20 15:35:00",SHPUMP,0
D,DISPATCH,UNIT_SCADA,1,"2022/10/20 15:35:00",SITHE01,0.083520
D,DISPATCH,UNIT_SCADA,1,"2022/10/20 15:35:00",SMCSF1,0
D,DISPATCH,UNIT_SCADA,1,"2022/10/20 15:35:00",SNAPPER1,0
D,DISPATCH,UNIT_SCADA,1,"2022/10/20 15:35:00",SNOWNTH1,16
D,DISPATCH,UNIT_SCADA,1,"2022/10/20 15:35:00",SNOWSTH1,11.40
D,DISPATCH,UNIT_SCADA,1,"2022/10/20 15:35:00",SNOWTWN1,6.468660
D,DISPATCH,UNIT_SCADA,1,"2022/10/20 15:35:00",SNOWYP,0
D,DISPATCH,UNIT_SCADA,1,"2022/10/20 15:35:00",SNUG1,0
D,DISPATCH,UNIT_SCADA,1,"2022/10/20 15:35:00",SRSF1,13.07
D,DISPATCH,UNIT_SCADA,1,"2022/10/20 15:35:00",STAN-1,338.274570
D,DISPATCH,UNIT_SCADA,1,"2022/10/20 15:35:00",STAN-2,346.285680
D,DISPATCH,UNIT_SCADA,1,"2022/10/20 15:35:00",STAN-3,140.598450
D,DISPATCH,UNIT_SCADA,1,"2022/10/20 15:35:00",STAN-4,348.233980
D,DISPATCH,UNIT_SCADA,1,"2022/10/20 15:35:00",STARHLWF,14.695710
D,DISPATCH,UNIT_SCADA,1,"2022/10/20 15:35:00",STOCKYD1,192.649990
D,DISPATCH,UNIT_SCADA,1,"2022/10/20 15:35:00",STWF1,0
D,DISPATCH,UNIT_SCADA,1,"2022/10/20 15:35:00",SUNRSF1,49.214920
D,DISPATCH,UNIT_SCADA,1,"2022/10/20 15:35:00",SUNTPSF1,25.195090
D,DISPATCH,UNIT_SCADA,1,"2022/10/20 15:35:00",SWAN_E,225.511260
D,DISPATCH,UNIT_SCADA,1,"2022/10/20 15:35:00",TALWA1,0
D,DISPATCH,UNIT_SCADA,1,"2022/10/20 15:35:00",TARALGA1,0
D,DISPATCH,UNIT_SCADA,1,"2022/10/20 15:35:00",TARONG#1,343.700010
D,DISPATCH,UNIT_SCADA,1,"2022/10/20 15:35:00",TARONG#2,343.300020
D,DISPATCH,UNIT_SCADA,1,"2022/10/20 15:35:00",TARONG#3,0.90
D,DISPATCH,UNIT_SCADA,1,"2022/10/20 15:35:00",TARONG#4,283.800020
D,DISPATCH,UNIT_SCADA,1,"2022/10/20 15:35:00",TARRALEA,54
D,DISPATCH,UNIT_SCADA,1,"2022/10/20 15:35:00",TBSF1,0.10
D,DISPATCH,UNIT_SCADA,1,"2022/10/20 15:35:00",TNPS1,319.562470
D,DISPATCH,UNIT_SCADA,1,"2022/10/20 15:35:00",TORRB1,0
D,DISPATCH,UNIT_SCADA,1,"2022/10/20 15:35:00",TORRB2,40
D,DISPATCH,UNIT_SCADA,1,"2022/10/20 15:35:00",TORRB3,0
D,DISPATCH,UNIT_SCADA,1,"2022/10/20 15:35:00",TORRB4,0
D,DISPATCH,UNIT_SCADA,1,"2022/10/20 15:35:00",TREVALLN,100.5520
D,DISPATCH,UNIT_SCADA,1,"2022/10/20 15:35:00",TRIBUTE,0
D,DISPATCH,UNIT_SCADA,1,"2022/10/20 15:35:00",TUMUT3,167.789990
D,DISPATCH,UNIT_SCADA,1,"2022/10/20 15:35:00",TUNGATIN,3.680020
D,DISPATCH,UNIT_SCADA,1,"2022/10/20 15:35:00",TVCC201,0
D,DISPATCH,UNIT_SCADA,1,"2022/10/20 15:35:00",TVPP104,0
D,DISPATCH,UNIT_SCADA,1,"2022/10/20 15:35:00",UPPTUMUT,0
D,DISPATCH,UNIT_SCADA,1,"2022/10/20 15:35:00",URANQ11,0
D,DISPATCH,UNIT_SCADA,1,"2022/10/20 15:35:00",URANQ12,0
D,DISPATCH,UNIT_SCADA,1,"2022/10/20 15:35:00",URANQ13,0
D,DISPATCH,UNIT_SCADA,1,"2022/10/20 15:35:00",URANQ14,0
D,DISPATCH,UNIT_SCADA,1,"2022/10/20 15:35:00",VBBG1,0
D,DISPATCH,UNIT_SCADA,1,"2022/10/20 15:35:00",VBBL1,65
D,DISPATCH,UNIT_SCADA,1,"2022/10/20 15:35:00",VP5,560.9790
D,DISPATCH,UNIT_SCADA,1,"2022/10/20 15:35:00",VP6,560.393070
D,DISPATCH,UNIT_SCADA,1,"2022/10/20 15:35:00",VPGS1,0
D,DISPATCH,UNIT_SCADA,1,"2022/10/20 15:35:00",VPGS2,0
D,DISPATCH,UNIT_SCADA,1,"2022/10/20 15:35:00",VPGS3,0
D,DISPATCH,UNIT_SCADA,1,"2022/10/20 15:35:00",VPGS4,0
D,DISPATCH,UNIT_SCADA,1,"2022/10/20 15:35:00",VPGS5,0
D,DISPATCH,UNIT_SCADA,1,"2022/10/20 15:35:00",VPGS6,0
D,DISPATCH,UNIT_SCADA,1,"2022/10/20 15:35:00",W/HOE#1,0
D,DISPATCH,UNIT_SCADA,1,"2022/10/20 15:35:00",W/HOE#2,0
D,DISPATCH,UNIT_SCADA,1,"2022/10/20 15:35:00",WAGGNSF1,0
D,DISPATCH,UNIT_SCADA,1,"2022/10/20 15:35:00",WALGRVG1,0
D,DISPATCH,UNIT_SCADA,1,"2022/10/20 15:35:00",WALGRVL1,7.801040
D,DISPATCH,UNIT_SCADA,1,"2022/10/20 15:35:00",WANDBG1,0
D,DISPATCH,UNIT_SCADA,1,"2022/10/20 15:35:00",WANDBL1,1.4972
D,DISPATCH,UNIT_SCADA,1,"2022/10/20 15:35:00",WARWSF1,4.92
D,DISPATCH,UNIT_SCADA,1,"2022/10/20 15:35:00",WARWSF2,5.29
D,DISPATCH,UNIT_SCADA,1,"2022/10/20 15:35:00",WATERLWF,2.50
D,DISPATCH,UNIT_SCADA,1,"2022/10/20 15:35:00",WDGPH1,27.9140
D,DISPATCH,UNIT_SCADA,1,"2022/10/20 15:35:00",WELLSF1,27.420460
D,DISPATCH,UNIT_SCADA,1,"2022/10/20 15:35:00",WEMENSF1,9.80
D,DISPATCH,UNIT_SCADA,1,"2022/10/20 15:35:00",WGWF1,2
D,DISPATCH,UNIT_SCADA,1,"2022/10/20 15:35:00",WHITSF1,16.50
D,DISPATCH,UNIT_SCADA,1,"2022/10/20 15:35:00",WINTSF1,70.27
D,DISPATCH,UNIT_SCADA,1,"2022/10/20 15:35:00",WKIEWA1,31.70
D,DISPATCH,UNIT_SCADA,1,"2022/10/20 15:35:00",WKIEWA2,13.90
D,DISPATCH,UNIT_SCADA,1,"2022/10/20 15:35:00",WOODLWN1,28.481390
D,DISPATCH,UNIT_SCADA,1,"2022/10/20 15:35:00",WOOLGSF1,6.106620
D,DISPATCH,UNIT_SCADA,1,"2022/10/20 15:35:00",WPWF,45.25
D,DISPATCH,UNIT_SCADA,1,"2022/10/20 15:35:00",WRSF1,4.7499
D,DISPATCH,UNIT_SCADA,1,"2022/10/20 15:35:00",WRWF1,14.865340
D,DISPATCH,UNIT_SCADA,1,"2022/10/20 15:35:00",WSTWYSF1,2.316160
D,DISPATCH,UNIT_SCADA,1,"2022/10/20 15:35:00",YABULU,0
D,DISPATCH,UNIT_SCADA,1,"2022/10/20 15:35:00",YABULU2,0
D,DISPATCH,UNIT_SCADA,1,"2022/10/20 15:35:00",YARANSF1,23.70
D,DISPATCH,UNIT_SCADA,1,"2022/10/20 15:35:00",YARWUN_1,159.649990
D,DISPATCH,UNIT_SCADA,1,"2022/10/20 15:35:00",YATSF1,34.34
D,DISPATCH,UNIT_SCADA,1,"2022/10/20 15:35:00",YENDWF1,24.83
D,DISPATCH,UNIT_SCADA,1,"2022/10/20 15:35:00",YWPS1,361.402530
D,DISPATCH,UNIT_SCADA,1,"2022/10/20 15:35:00",YWPS2,290.724060
D,DISPATCH,UNIT_SCADA,1,"2022/10/20 15:35:00",YWPS3,354.307590
D,DISPATCH,UNIT_SCADA,1,"2022/10/20 15:35:00",YWPS4,0
C,"END OF REPORT",419
