C,NEMP.WORLD,DISPATCHSCADA,AEMO,PUBLIC,2022/10/20,21:30:09,0000000373282126,DISPATCHSCADA,0000000373282120
I,DISPATCH,UNIT_SCADA,1,SETTLEMENTDATE,DUID,SCADAVALUE
D,DISPATCH,UNIT_SCADA,1,"2022/10/20 21:35:00",BARCSF1,0
D,DISPATCH,UNIT_SCADA,1,"2022/10/20 21:35:00",BUTLERSG,8.699999
D,DISPATCH,UNIT_SCADA,1,"2022/10/20 21:35:00",CAPTL_WF,73.860504
D,DISPATCH,UNIT_SCADA,1,"2022/10/20 21:35:00",CHALLHWF,12.90
D,DISPATCH,UNIT_SCADA,1,"2022/10/20 21:35:00",CLOVER,13.29
D,DISPATCH,UNIT_SCADA,1,"2022/10/20 21:35:00",CLUNY,6.371710
D,DISPATCH,UNIT_SCADA,1,"2022/10/20 21:35:00",CULLRGWF,-0.04
D,DISPATCH,UNIT_SCADA,1,"2022/10/20 21:35:00",DIAPURWF1,0.70
D,DISPATCH,UNIT_SCADA,1,"2022/10/20 21:35:00",ERGT01,0
D,DISPATCH,UNIT_SCADA,1,"2022/10/20 21:35:00",GB01,0
D,DISPATCH,UNIT_SCADA,1,"2022/10/20 21:35:00",GERMCRK,19.50
D,DISPATCH,UNIT_SCADA,1,"2022/10/20 21:35:00",GRIFSF1,0.001526
D,DISPATCH,UNIT_SCADA,1,"2022/10/20 21:35:00",HEZ1,0
D,DISPATCH,UNIT_SCADA,1,"2022/10/20 21:35:00",HUGSF1,-0.1050
D,DISPATCH,UNIT_SCADA,1,"2022/10/20 21:35:00",KEPBG1,0
D,DISPATCH,UNIT_SCADA,1,"2022/10/20 21:35:00",LRSF1,-0.0320
D,DISPATCH,UNIT_SCADA,1,"2022/10/20 21:35:00",MBAHNTH,45.150009
D,DISPATCH,UNIT_SCADA,1,"2022/10/20 21:35:00",MLSP1,0
D,DISPATCH,UNIT_SCADA,1,"2022/10/20 21:35:00",MLWF1,2.43
D,DISPATCH,UNIT_SCADA,1,"2022/10/20 21:35:00",PALOONA,30.609999
D,DISPATCH,UNIT_SCADA,1,"2022/10/20 21:35:00",PIONEER,25.800001
D,DISPATCH,UNIT_SCADA,1,"2022/10/20 21:35:00",PORTWF,42.599998
D,DISPATCH,UNIT_SCADA,1,"2022/10/20 21:35:00",REPULSE,9.416038
D,DISPATCH,UNIT_SCADA,1,"2022/10/20 21:35:00",ROWALLAN,8.9673
D,DISPATCH,UNIT_SCADA,1,"2022/10/20 21:35:00",ROYALLA1,0
D,DISPATCH,UNIT_SCADA,1,"2022/10/20 21:35:00",RPCG,-0.50
D,DISPATCH,UNIT_SCADA,1,"2022/10/20 21:35:00",RUBICON,0
D,DISPATCH,UNIT_SCADA,1,"2022/10/20 21:35:00",WAUBRAWF,41.393002
D,DISPATCH,UNIT_SCADA,1,"2022/10/20 21:35:00",WOOLNTH1,78.509995
D,DISPATCH,UNIT_SCADA,1,"2022/10/20 21:35:00",YAMBUKWF,6.70
D,DISPATCH,UNIT_SCADA,1,"2022/10/20 21:35:00",YSWF1,0.40
D,DISPATCH,UNIT_SCADA,1,"2022/10/20 21:35:00",ADPBA1G,0.0080
D,DISPATCH,UNIT_SCADA,1,"2022/10/20 21:35:00",ADPBA1L,0
D,DISPATCH,UNIT_SCADA,1,"2022/10/20 21:35:00",ADPPV1,0
D,DISPATCH,UNIT_SCADA,1,"2022/10/20 21:35:00",AGLHAL,30.983930
D,DISPATCH,UNIT_SCADA,1,"2022/10/20 21:35:00",AGLSOM,0
D,DISPATCH,UNIT_SCADA,1,"2022/10/20 21:35:00",ANGAST1,0
D,DISPATCH,UNIT_SCADA,1,"2022/10/20 21:35:00",ARWF1,3.70
D,DISPATCH,UNIT_SCADA,1,"2022/10/20 21:35:00",BALBG1,0
D,DISPATCH,UNIT_SCADA,1,"2022/10/20 21:35:00",BALBL1,0
D,DISPATCH,UNIT_SCADA,1,"2022/10/20 21:35:00",BALDHWF1,103.6220
D,DISPATCH,UNIT_SCADA,1,"2022/10/20 21:35:00",BANGOWF1,82.699010
D,DISPATCH,UNIT_SCADA,1,"2022/10/20 21:35:00",BANGOWF2,67.897540
D,DISPATCH,UNIT_SCADA,1,"2022/10/20 21:35:00",BANN1,0
D,DISPATCH,UNIT_SCADA,1,"2022/10/20 21:35:00",BARCALDN,0
D,DISPATCH,UNIT_SCADA,1,"2022/10/20 21:35:00",BARKIPS1,191.069990
D,DISPATCH,UNIT_SCADA,1,"2022/10/20 21:35:00",BARRON-1,0
D,DISPATCH,UNIT_SCADA,1,"2022/10/20 21:35:00",BARRON-2,0
D,DISPATCH,UNIT_SCADA,1,"2022/10/20 21:35:00",BASTYAN,0
D,DISPATCH,UNIT_SCADA,1,"2022/10/20 21:35:00",BBTHREE1,0
D,DISPATCH,UNIT_SCADA,1,"2022/10/20 21:35:00",BBTHREE2,0
D,DISPATCH,UNIT_SCADA,1,"2022/10/20 21:35:00",BBTHREE3,0
D,DISPATCH,UNIT_SCADA,1,"2022/10/20 21:35:00",BDL01,0
D,DISPATCH,UNIT_SCADA,1,"2022/10/20 21:35:00",BDL02,0
D,DISPATCH,UNIT_SCADA,1,"2022/10/20 21:35:00",BERYLSF1,0
D,DISPATCH,UNIT_SCADA,1,"2022/10/20 21:35:00",BLOWERNG,62.60
D,DISPATCH,UNIT_SCADA,1,"2022/10/20 21:35:00",BLUEGSF1,0
D,DISPATCH,UNIT_SCADA,1,"2022/10/20 21:35:00",BLUFF1,9.90
D,DISPATCH,UNIT_SCADA,1,"2022/10/20 21:35:00",BNGSF1,0
D,DISPATCH,UNIT_SCADA,1,"2022/10/20 21:35:00",BNGSF2,0
D,DISPATCH,UNIT_SCADA,1,"2022/10/20 21:35:00",BOCORWF1,12.16
D,DISPATCH,UNIT_SCADA,1,"2022/10/20 21:35:00",BODWF1,112.0612
D,DISPATCH,UNIT_SCADA,1,"2022/10/20 21:35:00",BOMENSF1,0
D,DISPATCH,UNIT_SCADA,1,"2022/10/20 21:35:00",BOWWBA1G,0.0010
D,DISPATCH,UNIT_SCADA,1,"2022/10/20 21:35:00",BOWWBA1L,0
D,DISPATCH,UNIT_SCADA,1,"2022/10/20 21:35:00",BOWWPV1,0.0010
D,DISPATCH,UNIT_SCADA,1,"2022/10/20 21:35:00",BRAEMAR1,0
D,DISPATCH,UNIT_SCADA,1,"2022/10/20 21:35:00",BRAEMAR2,0
D,DISPATCH,UNIT_SCADA,1,"2022/10/20 21:35:00",BRAEMAR3,0
D,DISPATCH,UNIT_SCADA,1,"2022/10/20 21:35:00",BRAEMAR5,143.3204
D,DISPATCH,UNIT_SCADA,1,"2022/10/20 21:35:00",BRAEMAR6,0
D,DISPATCH,UNIT_SCADA,1,"2022/10/20 21:35:00",BRAEMAR7,137.932420
D,DISPATCH,UNIT_SCADA,1,"2022/10/20 21:35:00",BROKENH1,0
D,DISPATCH,UNIT_SCADA,1,"2022/10/20 21:35:00",BRYB1WF1,72.6543
D,DISPATCH,UNIT_SCADA,1,"2022/10/20 21:35:00",BULBESG1,0
D,DISPATCH,UNIT_SCADA,1,"2022/10/20 21:35:00",BULBESL1,0.03
D,DISPATCH,UNIT_SCADA,1,"2022/10/20 21:35:00",BULGANA1,20.69
D,DISPATCH,UNIT_SCADA,1,"2022/10/20 21:35:00",BW01,656.003660
D,DISPATCH,UNIT_SCADA,1,"2022/10/20 21:35:00",BW02,636.008240
D,DISPATCH,UNIT_SCADA,1,"2022/10/20 21:35:00",BW03,558.370360
D,DISPATCH,UNIT_SCADA,1,"2022/10/20 21:35:00",BW04,0
D,DISPATCH,UNIT_SCADA,1,"2022/10/20 21:35:00",CALL_B_1,318.100010
D,DISPATCH,UNIT_SCADA,1,"2022/10/20 21:35:00",CALL_B_2,317.100010
D,DISPATCH,UNIT_SCADA,1,"2022/10/20 21:35:00",CATHROCK,2.10
D,DISPATCH,UNIT_SCADA,1,"2022/10/20 21:35:00",CBWWBA1G,0
D,DISPATCH,UNIT_SCADA,1,"2022/10/20 21:35:00",CBWWBA1L,0
D,DISPATCH,UNIT_SCADA,1,"2022/10/20 21:35:00",CETHANA,88.305120
D,DISPATCH,UNIT_SCADA,1,"2022/10/20 21:35:00",CG1,0
D,DISPATCH,UNIT_SCADA,1,"2022/10/20 21:35:00",CG2,0
D,DISPATCH,UNIT_SCADA,1,"2022/10/20 21:35:00",CG3,0
D,DISPATCH,UNIT_SCADA,1,"2022/10/20 21:35:00",CG4,0
D,DISPATCH,UNIT_SCADA,1,"2022/10/20 21:35:00",CHILDSF1,0
D,DISPATCH,UNIT_SCADA,1,"2022/10/20 21:35:00",CHYTWF1,1.76
D,DISPATCH,UNIT_SCADA,1,"2022/10/20 21:35:00",CLARESF1,0
D,DISPATCH,UNIT_SCADA,1,"2022/10/20 21:35:00",CLEMGPWF,0
D,DISPATCH,UNIT_SCADA,1,"2022/10/20 21:35:00",CLERMSF1,0
D,DISPATCH,UNIT_SCADA,1,"2022/10/20 21:35:00",CNUNDAWF,15.618220
D,DISPATCH,UNIT_SCADA,1,"2022/10/20 21:35:00",COHUNSF1,0
D,DISPATCH,UNIT_SCADA,1,"2022/10/20 21:35:00",COLEASF1,0
D,DISPATCH,UNIT_SCADA,1,"2022/10/20 21:35:00",COLUMSF1,0
D,DISPATCH,UNIT_SCADA,1,"2022/10/20 21:35:00",COLWF01,128.7068
D,DISPATCH,UNIT_SCADA,1,"2022/10/20 21:35:00",COOPGWF1,389.820010
D,DISPATCH,UNIT_SCADA,1,"2022/10/20 21:35:00",CPP_3,377.300020
D,DISPATCH,UNIT_SCADA,1,"2022/10/20 21:35:00",CPP_4,0
D,DISPATCH,UNIT_SCADA,1,"2022/10/20 21:35:00",CPSA,0
D,DISPATCH,UNIT_SCADA,1,"2022/10/20 21:35:00",CROOKWF2,24.152590
D,DISPATCH,UNIT_SCADA,1,"2022/10/20 21:35:00",CROWLWF1,24.523780
D,DISPATCH,UNIT_SCADA,1,"2022/10/20 21:35:00",CRURWF1,78.096660
D,DISPATCH,UNIT_SCADA,1,"2022/10/20 21:35:00",CRWASF1,0
D,DISPATCH,UNIT_SCADA,1,"2022/10/20 21:35:00",CSPVPS1,0
D,DISPATCH,UNIT_SCADA,1,"2022/10/20 21:35:00",CTHLWF1,0.003050
D,DISPATCH,UNIT_SCADA,1,"2022/10/20 21:35:00",DALNTH01,0
D,DISPATCH,UNIT_SCADA,1,"2022/10/20 21:35:00",DALNTHL1,0.102240
D,DISPATCH,UNIT_SCADA,1,"2022/10/20 21:35:00",DARLSF1,0
D,DISPATCH,UNIT_SCADA,1,"2022/10/20 21:35:00",DARTM1,0
D,DISPATCH,UNIT_SCADA,1,"2022/10/20 21:35:00",DAYDSF1,0
D,DISPATCH,UNIT_SCADA,1,"2022/10/20 21:35:00",DDPS1,0
D,DISPATCH,UNIT_SCADA,1,"2022/10/20 21:35:00",DDSF1,0
D,DISPATCH,UNIT_SCADA,1,"2022/10/20 21:35:00",DEVILS_G,57.784970
D,DISPATCH,UNIT_SCADA,1,"2022/10/20 21:35:00",DG_NSW1,0
D,DISPATCH,UNIT_SCADA,1,"2022/10/20 21:35:00",DG_QLD1,0
D,DISPATCH,UNIT_SCADA,1,"2022/10/20 21:35:00",DG_SA1,0
D,DISPATCH,UNIT_SCADA,1,"2022/10/20 21:35:00",DG_TAS1,0
D,DISPATCH,UNIT_SCADA,1,"2022/10/20 21:35:00",DG_VIC1,0
D,DISPATCH,UNIT_SCADA,1,"2022/10/20 21:35:00",DRYCGT1,0
D,DISPATCH,UNIT_SCADA,1,"2022/10/20 21:35:00",DRYCGT2,0
D,DISPATCH,UNIT_SCADA,1,"2022/10/20 21:35:00",DRYCGT3,0
D,DISPATCH,UNIT_SCADA,1,"2022/10/20 21:35:00",DUNDWF1,69.32
D,DISPATCH,UNIT_SCADA,1,"2022/10/20 21:35:00",DUNDWF2,24.38
D,DISPATCH,UNIT_SCADA,1,"2022/10/20 21:35:00",DUNDWF3,81.84
D,DISPATCH,UNIT_SCADA,1,"2022/10/20 21:35:00",EILDON1,60.28
D,DISPATCH,UNIT_SCADA,1,"2022/10/20 21:35:00",EILDON2,60.08
D,DISPATCH,UNIT_SCADA,1,"2022/10/20 21:35:00",ELAINWF1,12.83
D,DISPATCH,UNIT_SCADA,1,"2022/10/20 21:35:00",EMERASF1,0
D,DISPATCH,UNIT_SCADA,1,"2022/10/20 21:35:00",ER01,0
D,DISPATCH,UNIT_SCADA,1,"2022/10/20 21:35:00",ER02,653.366880
D,DISPATCH,UNIT_SCADA,1,"2022/10/20 21:35:00",ER03,674.973690
D,DISPATCH,UNIT_SCADA,1,"2022/10/20 21:35:00",ER04,675.3399
D,DISPATCH,UNIT_SCADA,1,"2022/10/20 21:35:00",FINLYSF1,0
D,DISPATCH,UNIT_SCADA,1,"2022/10/20 21:35:00",FISHER,43.96
D,DISPATCH,UNIT_SCADA,1,"2022/10/20 21:35:00",GANGARR1,0
D,DISPATCH,UNIT_SCADA,1,"2022/10/20 21:35:00",GANNBG1,0
D,DISPATCH,UNIT_SCADA,1,"2022/10/20 21:35:00",GANNBL1,0.412160
D,DISPATCH,UNIT_SCADA,1,"2022/10/20 21:35:00",GANNSF1,0
D,DISPATCH,UNIT_SCADA,1,"2022/10/20 21:35:00",GLRWNSF1,0
D,DISPATCH,UNIT_SCADA,1,"2022/10/20 21:35:00",GNNDHSF1,0
D,DISPATCH,UNIT_SCADA,1,"2022/10/20 21:35:00",GOONSF1,0
D,DISPATCH,UNIT_SCADA,1,"2022/10/20 21:35:00",GORDON,227.770980
D,DISPATCH,UNIT_SCADA,1,"2022/10/20 21:35:00",GRANWF1,0
D,DISPATCH,UNIT_SCADA,1,"2022/10/20 21:35:00",GSTONE1,200.20
D,DISPATCH,UNIT_SCADA,1,"2022/10/20 21:35:00",GSTONE2,0
D,DISPATCH,UNIT_SCADA,1,"2022/10/20 21:35:00",GSTONE3,200.024990
D,DISPATCH,UNIT_SCADA,1,"2022/10/20 21:35:00",GSTONE4,0
D,DISPATCH,UNIT_SCADA,1,"2022/10/20 21:35:00",GSTONE5,200.724990
D,DISPATCH,UNIT_SCADA,1,"2022/10/20 21:35:00",GSTONE6,200.024990
D,DISPATCH,UNIT_SCADA,1,"2022/10/20 21:35:00",GULLRSF1,0
D,DISPATCH,UNIT_SCADA,1,"2022/10/20 21:35:00",GULLRWF1,65.7640
D,DISPATCH,UNIT_SCADA,1,"2022/10/20 21:35:00",GULLRWF2,104.966440
D,DISPATCH,UNIT_SCADA,1,"2022/10/20 21:35:00",GUNNING1,0
D,DISPATCH,UNIT_SCADA,1,"2022/10/20 21:35:00",GUTHEGA,67.20
D,DISPATCH,UNIT_SCADA,1,"2022/10/20 21:35:00",HALLWF1,37.53
D,DISPATCH,UNIT_SCADA,1,"2022/10/20 21:35:00",HALLWF2,25.33
D,DISPATCH,UNIT_SCADA,1,"2022/10/20 21:35:00",HAMISF1,0
D,DISPATCH,UNIT_SCADA,1,"2022/10/20 21:35:00",HAUGHT11,0
D,DISPATCH,UNIT_SCADA,1,"2022/10/20 21:35:00",HAYMSF1,0
D,DISPATCH,UNIT_SCADA,1,"2022/10/20 21:35:00",HDWF1,18
D,DISPATCH,UNIT_SCADA,1,"2022/10/20 21:35:00",HDWF2,11.40
D,DISPATCH,UNIT_SCADA,1,"2022/10/20 21:35:00",HDWF3,16.40
D,DISPATCH,UNIT_SCADA,1,"2022/10/20 21:35:00",HILLSTN1,0
D,DISPATCH,UNIT_SCADA,1,"2022/10/20 21:35:00",HPRG1,0
D,DISPATCH,UNIT_SCADA,1,"2022/10/20 21:35:00",HPRL1,1.90
D,DISPATCH,UNIT_SCADA,1,"2022/10/20 21:35:00",HUMENSW,54.844370
D,DISPATCH,UNIT_SCADA,1,"2022/10/20 21:35:00",HUMEV,0
D,DISPATCH,UNIT_SCADA,1,"2022/10/20 21:35:00",HVWWBA1G,0
D,DISPATCH,UNIT_SCADA,1,"2022/10/20 21:35:00",HVWWBA1L,0.0070
D,DISPATCH,UNIT_SCADA,1,"2022/10/20 21:35:00",HVWWPV1,0
D,DISPATCH,UNIT_SCADA,1,"2022/10/20 21:35:00",JBUTTERS,0
D,DISPATCH,UNIT_SCADA,1,"2022/10/20 21:35:00",JEMALNG1,0
D,DISPATCH,UNIT_SCADA,1,"2022/10/20 21:35:00",JLA01,0
D,DISPATCH,UNIT_SCADA,1,"2022/10/20 21:35:00",JLA02,0
D,DISPATCH,UNIT_SCADA,1,"2022/10/20 21:35:00",JLA03,0
D,DISPATCH,UNIT_SCADA,1,"2022/10/20 21:35:00",JLA04,0
D,DISPATCH,UNIT_SCADA,1,"2022/10/20 21:35:00",JLB01,0
D,DISPATCH,UNIT_SCADA,1,"2022/10/20 21:35:00",JLB02,0.10
D,DISPATCH,UNIT_SCADA,1,"2022/10/20 21:35:00",JLB03,0
D,DISPATCH,UNIT_SCADA,1,"2022/10/20 21:35:00",JUNEESF1,0
D,DISPATCH,UNIT_SCADA,1,"2022/10/20 21:35:00",KABANWF1,0.7060
D,DISPATCH,UNIT_SCADA,1,"2022/10/20 21:35:00",KAREEYA1,0
D,DISPATCH,UNIT_SCADA,1,"2022/10/20 21:35:00",KAREEYA2,0
D,DISPATCH,UNIT_SCADA,1,"2022/10/20 21:35:00",KAREEYA3,4.7450
D,DISPATCH,UNIT_SCADA,1,"2022/10/20 21:35:00",KAREEYA4,0
D,DISPATCH,UNIT_SCADA,1,"2022/10/20 21:35:00",KARSF1,0
D,DISPATCH,UNIT_SCADA,1,"2022/10/20 21:35:00",KEPSF1,0
D,DISPATCH,UNIT_SCADA,1,"2022/10/20 21:35:00",KEPWF1,3.02
D,DISPATCH,UNIT_SCADA,1,"2022/10/20 21:35:00",KIAMSF1,0
D,DISPATCH,UNIT_SCADA,1,"2022/10/20 21:35:00",KIATAWF1,2.70
D,DISPATCH,UNIT_SCADA,1,"2022/10/20 21:35:00",KPP_1,0
D,DISPATCH,UNIT_SCADA,1,"2022/10/20 21:35:00",KSP1,0
D,DISPATCH,UNIT_SCADA,1,"2022/10/20 21:35:00",LADBROK1,0.01
D,DISPATCH,UNIT_SCADA,1,"2022/10/20 21:35:00",LADBROK2,0.02
D,DISPATCH,UNIT_SCADA,1,"2022/10/20 21:35:00",LBBG1,0
D,DISPATCH,UNIT_SCADA,1,"2022/10/20 21:35:00",LBBL1,3.30
D,DISPATCH,UNIT_SCADA,1,"2022/10/20 21:35:00",LD01,378.142640
D,DISPATCH,UNIT_SCADA,1,"2022/10/20 21:35:00",LD02,87.984860
D,DISPATCH,UNIT_SCADA,1,"2022/10/20 21:35:00",LD04,308.285770
D,DISPATCH,UNIT_SCADA,1,"2022/10/20 21:35:00",LEM_WIL,86.779130
D,DISPATCH,UNIT_SCADA,1,"2022/10/20 21:35:00",LGAPWF1,86.41
D,DISPATCH,UNIT_SCADA,1,"2022/10/20 21:35:00",LGAPWF2,51.89
D,DISPATCH,UNIT_SCADA,1,"2022/10/20 21:35:00",LILYSF1,0
D,DISPATCH,UNIT_SCADA,1,"2022/10/20 21:35:00",LIMOSF11,0
D,DISPATCH,UNIT_SCADA,1,"2022/10/20 21:35:00",LIMOSF21,0
D,DISPATCH,UNIT_SCADA,1,"2022/10/20 21:35:00",LI_WY_CA,62.490560
D,DISPATCH,UNIT_SCADA,1,"2022/10/20 21:35:00",LKBONNY1,14.2002
D,DISPATCH,UNIT_SCADA,1,"2022/10/20 21:35:00",LKBONNY2,58.597460
D,DISPATCH,UNIT_SCADA,1,"2022/10/20 21:35:00",LKBONNY3,17.249020
D,DISPATCH,UNIT_SCADA,1,"2022/10/20 21:35:00",LK_ECHO,0
D,DISPATCH,UNIT_SCADA,1,"2022/10/20 21:35:00",LNGS1,0
D,DISPATCH,UNIT_SCADA,1,"2022/10/20 21:35:00",LNGS2,0
D,DISPATCH,UNIT_SCADA,1,"2022/10/20 21:35:00",LONSDALE,0
D,DISPATCH,UNIT_SCADA,1,"2022/10/20 21:35:00",LOYYB1,578.946840
D,DISPATCH,UNIT_SCADA,1,"2022/10/20 21:35:00",LOYYB2,573.683530
D,DISPATCH,UNIT_SCADA,1,"2022/10/20 21:35:00",LYA1,552
D,DISPATCH,UNIT_SCADA,1,"2022/10/20 21:35:00",LYA2,0
D,DISPATCH,UNIT_SCADA,1,"2022/10/20 21:35:00",LYA3,550
D,DISPATCH,UNIT_SCADA,1,"2022/10/20 21:35:00",LYA4,552
D,DISPATCH,UNIT_SCADA,1,"2022/10/20 21:35:00",MACARTH1,168.096120
D,DISPATCH,UNIT_SCADA,1,"2022/10/20 21:35:00",MACKNTSH,0
D,DISPATCH,UNIT_SCADA,1,"2022/10/20 21:35:00",MANSLR1,0
D,DISPATCH,UNIT_SCADA,1,"2022/10/20 21:35:00",MAPS2PV1,0
D,DISPATCH,UNIT_SCADA,1,"2022/10/20 21:35:00",MAPS3PV1,0
D,DISPATCH,UNIT_SCADA,1,"2022/10/20 21:35:00",MARYRSF1,0
D,DISPATCH,UNIT_SCADA,1,"2022/10/20 21:35:00",MBPS2PV1,0
D,DISPATCH,UNIT_SCADA,1,"2022/10/20 21:35:00",MCKAY1,217.849980
D,DISPATCH,UNIT_SCADA,1,"2022/10/20 21:35:00",MEADOWBK,19.748780
D,DISPATCH,UNIT_SCADA,1,"2022/10/20 21:35:00",MERCER01,34.70
D,DISPATCH,UNIT_SCADA,1,"2022/10/20 21:35:00",METZSF1,0
D,DISPATCH,UNIT_SCADA,1,"2022/10/20 21:35:00",MEWF1,31.1552
D,DISPATCH,UNIT_SCADA,1,"2022/10/20 21:35:00",MIDDLSF1,0
D,DISPATCH,UNIT_SCADA,1,"2022/10/20 21:35:00",MINTARO,0.128180
D,DISPATCH,UNIT_SCADA,1,"2022/10/20 21:35:00",MOLNGSF1,0
D,DISPATCH,UNIT_SCADA,1,"2022/10/20 21:35:00",MOORAWF1,11.77
D,DISPATCH,UNIT_SCADA,1,"2022/10/20 21:35:00",MOREESF1,0
D,DISPATCH,UNIT_SCADA,1,"2022/10/20 21:35:00",MORTLK11,0
D,DISPATCH,UNIT_SCADA,1,"2022/10/20 21:35:00",MORTLK12,0
D,DISPATCH,UNIT_SCADA,1,"2022/10/20 21:35:00",MOUSF1,0
D,DISPATCH,UNIT_SCADA,1,"2022/10/20 21:35:00",MP1,0
D,DISPATCH,UNIT_SCADA,1,"2022/10/20 21:35:00",MP2,355.730530
D,DISPATCH,UNIT_SCADA,1,"2022/10/20 21:35:00",MPP_1,187.2011
D,DISPATCH,UNIT_SCADA,1,"2022/10/20 21:35:00",MPP_2,180.8990
D,DISPATCH,UNIT_SCADA,1,"2022/10/20 21:35:00",MRTLSWF1,0
D,DISPATCH,UNIT_SCADA,1,"2022/10/20 21:35:00",MSTUART1,0
D,DISPATCH,UNIT_SCADA,1,"2022/10/20 21:35:00",MSTUART2,0
D,DISPATCH,UNIT_SCADA,1,"2022/10/20 21:35:00",MSTUART3,0
D,DISPATCH,UNIT_SCADA,1,"2022/10/20 21:35:00",MTGELWF1,41.778310
D,DISPATCH,UNIT_SCADA,1,"2022/10/20 21:35:00",MTMILLAR,29.20
D,DISPATCH,UNIT_SCADA,1,"2022/10/20 21:35:00",MURRAY,0
D,DISPATCH,UNIT_SCADA,1,"2022/10/20 21:35:00",MUSSELR1,20
D,DISPATCH,UNIT_SCADA,1,"2022/10/20 21:35:00",MUWAWF1,21.72
D,DISPATCH,UNIT_SCADA,1,"2022/10/20 21:35:00",MUWAWF2,18.10
D,DISPATCH,UNIT_SCADA,1,"2022/10/20 21:35:00",MWPS1PV1,0
D,DISPATCH,UNIT_SCADA,1,"2022/10/20 21:35:00",MWPS2PV1,0
D,DISPATCH,UNIT_SCADA,1,"2022/10/20 21:35:00",MWPS3PV1,0
D,DISPATCH,UNIT_SCADA,1,"2022/10/20 21:35:00",MWPS4PV1,0
D,DISPATCH,UNIT_SCADA,1,"2022/10/20 21:35:00",NBHWF1,33.10
D,DISPATCH,UNIT_SCADA,1,"2022/10/20 21:35:00",NEVERSF1,0
D,DISPATCH,UNIT_SCADA,1,"2022/10/20 21:35:00",NPS,0
D,DISPATCH,UNIT_SCADA,1,"2022/10/20 21:35:00",NUMURSF1,0
D,DISPATCH,UNIT_SCADA,1,"2022/10/20 21:35:00",NYNGAN1,0
D,DISPATCH,UNIT_SCADA,1,"2022/10/20 21:35:00",OAKEY1,0
D,DISPATCH,UNIT_SCADA,1,"2022/10/20 21:35:00",OAKEY1SF,0
D,DISPATCH,UNIT_SCADA,1,"2022/10/20 21:35:00",OAKEY2,0
D,DISPATCH,UNIT_SCADA,1,"2022/10/20 21:35:00",OAKEY2SF,0
D,DISPATCH,UNIT_SCADA,1,"2022/10/20 21:35:00",OAKLAND1,12.90
D,DISPATCH,UNIT_SCADA,1,"2022/10/20 21:35:00",OSB-AG,179.629990
D,DISPATCH,UNIT_SCADA,1,"2022/10/20 21:35:00",PAREPS1,0
D,DISPATCH,UNIT_SCADA,1,"2022/10/20 21:35:00",PAREPW1,56.98
D,DISPATCH,UNIT_SCADA,1,"2022/10/20 21:35:00",PARSF1,0.001530
D,DISPATCH,UNIT_SCADA,1,"2022/10/20 21:35:00",POAT110,3.19
D,DISPATCH,UNIT_SCADA,1,"2022/10/20 21:35:00",POAT220,0
D,DISPATCH,UNIT_SCADA,1,"2022/10/20 21:35:00",POR01,0
D,DISPATCH,UNIT_SCADA,1,"2022/10/20 21:35:00",POR03,0
D,DISPATCH,UNIT_SCADA,1,"2022/10/20 21:35:00",PPCCGT,162.143360
D,DISPATCH,UNIT_SCADA,1,"2022/10/20 21:35:00",PTSTAN1,0
D,DISPATCH,UNIT_SCADA,1,"2022/10/20 21:35:00",PUMP1,0
D,DISPATCH,UNIT_SCADA,1,"2022/10/20 21:35:00",PUMP2,0
D,DISPATCH,UNIT_SCADA,1,"2022/10/20 21:35:00",QBYNBG1,0.0025
D,DISPATCH,UNIT_SCADA,1,"2022/10/20 21:35:00",QBYNBL1,0
D,DISPATCH,UNIT_SCADA,1,"2022/10/20 21:35:00",QPS1,0
D,DISPATCH,UNIT_SCADA,1,"2022/10/20 21:35:00",QPS2,0
D,DISPATCH,UNIT_SCADA,1,"2022/10/20 21:35:00",QPS3,0
D,DISPATCH,UNIT_SCADA,1,"2022/10/20 21:35:00",QPS4,0
D,DISPATCH,UNIT_SCADA,1,"2022/10/20 21:35:00",QPS5,0
D,DISPATCH,UNIT_SCADA,1,"2022/10/20 21:35:00",REECE1,0
D,DISPATCH,UNIT_SCADA,1,"2022/10/20 21:35:00",REECE2,0
D,DISPATCH,UNIT_SCADA,1,"2022/10/20 21:35:00",ROMA_7,0
D,DISPATCH,UNIT_SCADA,1,"2022/10/20 21:35:00",ROMA_8,0
D,DISPATCH,UNIT_SCADA,1,"2022/10/20 21:35:00",RRSF1,0
D,DISPATCH,UNIT_SCADA,1,"2022/10/20 21:35:00",RT_NSW1,0
D,DISPATCH,UNIT_SCADA,1,"2022/10/20 21:35:00",RT_NSW2,0
D,DISPATCH,UNIT_SCADA,1,"2022/10/20 21:35:00",RT_NSW3,0
D,DISPATCH,UNIT_SCADA,1,"2022/10/20 21:35:00",RT_NSW4,0
D,DISPATCH,UNIT_SCADA,1,"2022/10/20 21:35:00",RT_NSW5,0
D,DISPATCH,UNIT_SCADA,1,"2022/10/20 21:35:00",RT_NSW6,0
D,DISPATCH,UNIT_SCADA,1,"2022/10/20 21:35:00",RT_QLD1,0
D,DISPATCH,UNIT_SCADA,1,"2022/10/20 21:35:00",RT_SA1,0
D,DISPATCH,UNIT_SCADA,1,"2022/10/20 21:35:00",RT_SA2,0
D,DISPATCH,UNIT_SCADA,1,"2022/10/20 21:35:00",RT_SA3,0
D,DISPATCH,UNIT_SCADA,1,"2022/10/20 21:35:00",RT_SA4,0
D,DISPATCH,UNIT_SCADA,1,"2022/10/20 21:35:00",RT_SA5,0
D,DISPATCH,UNIT_SCADA,1,"2022/10/20 21:35:00",RT_SA6,0
D,DISPATCH,UNIT_SCADA,1,"2022/10/20 21:35:00",RT_TAS1,0
D,DISPATCH,UNIT_SCADA,1,"2022/10/20 21:35:00",RT_VIC1,0
D,DISPATCH,UNIT_SCADA,1,"2022/10/20 21:35:00",RT_VIC10,0
D,DISPATCH,UNIT_SCADA,1,"2022/10/20 21:35:00",RT_VIC11,0
D,DISPATCH,UNIT_SCADA,1,"2022/10/20 21:35:00",RT_VIC12,0
D,DISPATCH,UNIT_SCADA,1,"2022/10/20 21:35:00",RT_VIC2,0
D,DISPATCH,UNIT_SCADA,1,"2022/10/20 21:35:00",RT_VIC3,0
D,DISPATCH,UNIT_SCADA,1,"2022/10/20 21:35:00",RT_VIC4,0
D,DISPATCH,UNIT_SCADA,1,"2022/10/20 21:35:00",RT_VIC5,0
D,DISPATCH,UNIT_SCADA,1,"2022/10/20 21:35:00",RT_VIC6,0
D,DISPATCH,UNIT_SCADA,1,"2022/10/20 21:35:00",RT_VIC7,0
D,DISPATCH,UNIT_SCADA,1,"2022/10/20 21:35:00",RT_VIC8,0
D,DISPATCH,UNIT_SCADA,1,"2022/10/20 21:35:00",RT_VIC9,0
D,DISPATCH,UNIT_SCADA,1,"2022/10/20 21:35:00",RUGBYR1,0
D,DISPATCH,UNIT_SCADA,1,"2022/10/20 21:35:00",SALTCRK1,32.89
D,DISPATCH,UNIT_SCADA,1,"2022/10/20 21:35:00",SAPHWF1,251.796750
D,DISPATCH,UNIT_SCADA,1,"2022/10/20 21:35:00",SEBSF1,0
D,DISPATCH,UNIT_SCADA,1,"2022/10/20 21:35:00",SHGEN,0
D,DISPATCH,UNIT_SCADA,1,"2022/10/20 21:35:00",SHPUMP,0
D,DISPATCH,UNIT_SCADA,1,"2022/10/20 21:35:00",SITHE01,0.123710
D,DISPATCH,UNIT_SCADA,1,"2022/10/20 21:35:00",SMCSF1,0
D,DISPATCH,UNIT_SCADA,1,"2022/10/20 21:35:00",SNAPPER1,0
D,DISPATCH,UNIT_SCADA,1,"2022/10/20 21:35:00",SNOWNTH1,69.50
D,DISPATCH,UNIT_SCADA,1,"2022/10/20 21:35:00",SNOWSTH1,39.20
D,DISPATCH,UNIT_SCADA,1,"2022/10/20 21:35:00",SNOWTWN1,47.713220
D,DISPATCH,UNIT_SCADA,1,"2022/10/20 21:35:00",SNOWYP,0
D,DISPATCH,UNIT_SCADA,1,"2022/10/20 21:35:00",SNUG1,0
D,DISPATCH,UNIT_SCADA,1,"2022/10/20 21:35:00",SRSF1,0
D,DISPATCH,UNIT_SCADA,1,"2022/10/20 21:35:00",STAN-1,277.9668
D,DISPATCH,UNIT_SCADA,1,"2022/10/20 21:35:00",STAN-2,362.910370
D,DISPATCH,UNIT_SCADA,1,"2022/10/20 21:35:00",STAN-3,362.820650
D,DISPATCH,UNIT_SCADA,1,"2022/10/20 21:35:00",STAN-4,363.653810
D,DISPATCH,UNIT_SCADA,1,"2022/10/20 21:35:00",STARHLWF,18.194690
D,DISPATCH,UNIT_SCADA,1,"2022/10/20 21:35:00",STOCKYD1,174.350010
D,DISPATCH,UNIT_SCADA,1,"2022/10/20 21:35:00",STWF1,43.918520
D,DISPATCH,UNIT_SCADA,1,"2022/10/20 21:35:00",SUNRSF1,0
D,DISPATCH,UNIT_SCADA,1,"2022/10/20 21:35:00",SUNTPSF1,0
D,DISPATCH,UNIT_SCADA,1,"2022/10/20 21:35:00",SWAN_E,258.806880
D,DISPATCH,UNIT_SCADA,1,"2022/10/20 21:35:00",TALWA1,0
D,DISPATCH,UNIT_SCADA,1,"2022/10/20 21:35:00",TARALGA1,0
D,DISPATCH,UNIT_SCADA,1,"2022/10/20 21:35:00",TARONG#1,347.899990
D,DISPATCH,UNIT_SCADA,1,"2022/10/20 21:35:00",TARONG#2,347.399990
D,DISPATCH,UNIT_SCADA,1,"2022/10/20 21:35:00",TARONG#3,0.90
D,DISPATCH,UNIT_SCADA,1,"2022/10/20 21:35:00",TARONG#4,290.700010
D,DISPATCH,UNIT_SCADA,1,"2022/10/20 21:35:00",TARRALEA,53.90
D,DISPATCH,UNIT_SCADA,1,"2022/10/20 21:35:00",TBSF1,0
D,DISPATCH,UNIT_SCADA,1,"2022/10/20 21:35:00",TNPS1,417.8125
D,DISPATCH,UNIT_SCADA,1,"2022/10/20 21:35:00",TORRB1,0
D,DISPATCH,UNIT_SCADA,1,"2022/10/20 21:35:00",TORRB2,57
D,DISPATCH,UNIT_SCADA,1,"2022/10/20 21:35:00",TORRB3,0
D,DISPATCH,UNIT_SCADA,1,"2022/10/20 21:35:00",TORRB4,0
D,DISPATCH,UNIT_SCADA,1,"2022/10/20 21:35:00",TREVALLN,98.038120
D,DISPATCH,UNIT_SCADA,1,"2022/10/20 21:35:00",TRIBUTE,0
D,DISPATCH,UNIT_SCADA,1,"2022/10/20 21:35:00",TUMUT3,123.29
D,DISPATCH,UNIT_SCADA,1,"2022/10/20 21:35:00",TUNGATIN,2.900020
D,DISPATCH,UNIT_SCADA,1,"2022/10/20 21:35:00",TVCC201,0
D,DISPATCH,UNIT_SCADA,1,"2022/10/20 21:35:00",TVPP104,0
D,DISPATCH,UNIT_SCADA,1,"2022/10/20 21:35:00",UPPTUMUT,0
D,DISPATCH,UNIT_SCADA,1,"2022/10/20 21:35:00",URANQ11,0
D,DISPATCH,UNIT_SCADA,1,"2022/10/20 21:35:00",URANQ12,0
D,DISPATCH,UNIT_SCADA,1,"2022/10/20 21:35:00",URANQ13,0
D,DISPATCH,UNIT_SCADA,1,"2022/10/20 21:35:00",URANQ14,0
D,DISPATCH,UNIT_SCADA,1,"2022/10/20 21:35:00",VBBG1,0
D,DISPATCH,UNIT_SCADA,1,"2022/10/20 21:35:00",VBBL1,7.20
D,DISPATCH,UNIT_SCADA,1,"2022/10/20 21:35:00",VP5,551.310790
D,DISPATCH,UNIT_SCADA,1,"2022/10/20 21:35:00",VP6,588.933960
D,DISPATCH,UNIT_SCADA,1,"2022/10/20 21:35:00",VPGS1,0
D,DISPATCH,UNIT_SCADA,1,"2022/10/20 21:35:00",VPGS2,0
D,DISPATCH,UNIT_SCADA,1,"2022/10/20 21:35:00",VPGS3,0
D,DISPATCH,UNIT_SCADA,1,"2022/10/20 21:35:00",VPGS4,0
D,DISPATCH,UNIT_SCADA,1,"2022/10/20 21:35:00",VPGS5,0
D,DISPATCH,UNIT_SCADA,1,"2022/10/20 21:35:00",VPGS6,0
D,DISPATCH,UNIT_SCADA,1,"2022/10/20 21:35:00",W/HOE#1,0
D,DISPATCH,UNIT_SCADA,1,"2022/10/20 21:35:00",W/HOE#2,0
D,DISPATCH,UNIT_SCADA,1,"2022/10/20 21:35:00",WAGGNSF1,0
D,DISPATCH,UNIT_SCADA,1,"2022/10/20 21:35:00",WALGRVG1,0
D,DISPATCH,UNIT_SCADA,1,"2022/10/20 21:35:00",WALGRVL1,6.661740
D,DISPATCH,UNIT_SCADA,1,"2022/10/20 21:35:00",WANDBG1,0
D,DISPATCH,UNIT_SCADA,1,"2022/10/20 21:35:00",WANDBL1,0.732080
D,DISPATCH,UNIT_SCADA,1,"2022/10/20 21:35:00",WARWSF1,0
D,DISPATCH,UNIT_SCADA,1,"2022/10/20 21:35:00",WARWSF2,0
D,DISPATCH,UNIT_SCADA,1,"2022/10/20 21:35:00",WATERLWF,33.40
D,DISPATCH,UNIT_SCADA,1,"2022/10/20 21:35:00",WDGPH1,0
D,DISPATCH,UNIT_SCADA,1,"2022/10/20 21:35:00",WELLSF1,0
D,DISPATCH,UNIT_SCADA,1,"2022/10/20 21:35:00",WEMENSF1,0
D,DISPATCH,UNIT_SCADA,1,"2022/10/20 21:35:00",WGWF1,44.80
D,DISPATCH,UNIT_SCADA,1,"2022/10/20 21:35:00",WHITSF1,0
D,DISPATCH,UNIT_SCADA,1,"2022/10/20 21:35:00",WINTSF1,0
D,DISPATCH,UNIT_SCADA,1,"2022/10/20 21:35:00",WKIEWA1,33.70
D,DISPATCH,UNIT_SCADA,1,"2022/10/20 21:35:00",WKIEWA2,33.90
D,DISPATCH,UNIT_SCADA,1,"2022/10/20 21:35:00",WOODLWN1,33.570340
D,DISPATCH,UNIT_SCADA,1,"2022/10/20 21:35:00",WOOLGSF1,0
D,DISPATCH,UNIT_SCADA,1,"2022/10/20 21:35:00",WPWF,63.13
D,DISPATCH,UNIT_SCADA,1,"2022/10/20 21:35:00",WRSF1,0
D,DISPATCH,UNIT_SCADA,1,"2022/10/20 21:35:00",WRWF1,139.920960
D,DISPATCH,UNIT_SCADA,1,"2022/10/20 21:35:00",WSTWYSF1,0
D,DISPATCH,UNIT_SCADA,1,"2022/10/20 21:35:00",YABULU,0
D,DISPATCH,UNIT_SCADA,1,"2022/10/20 21:35:00",YABULU2,0
D,DISPATCH,UNIT_SCADA,1,"2022/10/20 21:35:00",YARANSF1,0
D,DISPATCH,UNIT_SCADA,1,"2022/10/20 21:35:00",YARWUN_1,164.349990
D,DISPATCH,UNIT_SCADA,1,"2022/10/20 21:35:00",YATSF1,0
D,DISPATCH,UNIT_SCADA,1,"2022/10/20 21:35:00",YENDWF1,8.31
D,DISPATCH,UNIT_SCADA,1,"2022/10/20 21:35:00",YWPS1,319.2962
D,DISPATCH,UNIT_SCADA,1,"2022/10/20 21:35:00",YWPS2,358.645570
D,DISPATCH,UNIT_SCADA,1,"2022/10/20 21:35:00",YWPS3,358.824040
D,DISPATCH,UNIT_SCADA,1,"2022/10/20 21:35:00",YWPS4,0
C,"END OF REPORT",419
