C,NEMP.WORLD,DISPATCHSCADA,AEMO,PUBLIC,2022/10/20,21:35:10,0000000373282385,DISPATCHSCADA,0000000373282379
I,DISPATCH,UNIT_SCADA,1,SETTLEMENTDATE,DUID,SCADAVALUE
D,DISPATCH,UNIT_SCADA,1,"2022/10/20 21:40:00",BARCSF1,0
D,DISPATCH,UNIT_SCADA,1,"2022/10/20 21:40:00",BUTLERSG,8.699999
D,DISPATCH,UNIT_SCADA,1,"2022/10/20 21:40:00",CAPTL_WF,77.919159
D,DISPATCH,UNIT_SCADA,1,"2022/10/20 21:40:00",CHALLHWF,15
D,DISPATCH,UNIT_SCADA,1,"2022/10/20 21:40:00",CLOVER,13.29
D,DISPATCH,UNIT_SCADA,1,"2022/10/20 21:40:00",CLUNY,5.858091
D,DISPATCH,UNIT_SCADA,1,"2022/10/20 21:40:00",CULLRGWF,-0.03
D,DISPATCH,UNIT_SCADA,1,"2022/10/20 21:40:00",DIAPURWF1,0.70
D,DISPATCH,UNIT_SCADA,1,"2022/10/20 21:40:00",ERGT01,0
D,DISPATCH,UNIT_SCADA,1,"2022/10/20 21:40:00",GB01,0
D,DISPATCH,UNIT_SCADA,1,"2022/10/20 21:40:00",GERMCRK,19.200001
D,DISPATCH,UNIT_SCADA,1,"2022/10/20 21:40:00",GRIFSF1,0.001526
D,DISPATCH,UNIT_SCADA,1,"2022/10/20 21:40:00",HEZ1,0
D,DISPATCH,UNIT_SCADA,1,"2022/10/20 21:40:00",HUGSF1,-0.1050
D,DISPATCH,UNIT_SCADA,1,"2022/10/20 21:40:00",KEPBG1,0
D,DISPATCH,UNIT_SCADA,1,"2022/10/20 21:40:00",LRSF1,-0.0320
D,DISPATCH,UNIT_SCADA,1,"2022/10/20 21:40:00",MBAHNTH,45.056244
D,DISPATCH,UNIT_SCADA,1,"2022/10/20 21:40:00",MLSP1,0
D,DISPATCH,UNIT_SCADA,1,"2022/10/20 21:40:00",MLWF1,2.1450
D,DISPATCH,UNIT_SCADA,1,"2022/10/20 21:40:00",PALOONA,30.609999
D,DISPATCH,UNIT_SCADA,1,"2022/10/20 21:40:00",PIONEER,26.700001
D,DISPATCH,UNIT_SCADA,1,"2022/10/20 21:40:00",PORTWF,43.799999
D,DISPATCH,UNIT_SCADA,1,"2022/10/20 21:40:00",REPULSE,9.499046
D,DISPATCH,UNIT_SCADA,1,"2022/10/20 21:40:00",ROWALLAN,8.7046
D,DISPATCH,UNIT_SCADA,1,"2022/10/20 21:40:00",ROYALLA1,0
D,DISPATCH,UNIT_SCADA,1,"2022/10/20 21:40:00",RPCG,-0.50
D,DISPATCH,UNIT_SCADA,1,"2022/10/20 21:40:00",RUBICON,0
D,DISPATCH,UNIT_SCADA,1,"2022/10/20 21:40:00",WAUBRAWF,39.424999
D,DISPATCH,UNIT_SCADA,1,"2022/10/20 21:40:00",WOOLNTH1,79.779999
D,DISPATCH,UNIT_SCADA,1,"2022/10/20 21:40:00",YAMBUKWF,7.50
D,DISPATCH,UNIT_SCADA,1,"2022/10/20 21:40:00",YSWF1,0.40
D,DISPATCH,UNIT_SCADA,1,"2022/10/20 21:40:00",ADPBA1G,0.0080
D,DISPATCH,UNIT_SCADA,1,"2022/10/20 21:40:00",ADPBA1L,0
D,DISPATCH,UNIT_SCADA,1,"2022/10/20 21:40:00",ADPPV1,0
D,DISPATCH,UNIT_SCADA,1,"2022/10/20 21:40:00",AGLHAL,30.953410
D,DISPATCH,UNIT_SCADA,1,"2022/10/20 21:40:00",AGLSOM,0
D,DISPATCH,UNIT_SCADA,1,"2022/10/20 21:40:00",ANGAST1,0
D,DISPATCH,UNIT_SCADA,1,"2022/10/20 21:40:00",ARWF1,6
D,DISPATCH,UNIT_SCADA,1,"2022/10/20 21:40:00",BALBG1,0
D,DISPATCH,UNIT_SCADA,1,"2022/10/20 21:40:00",BALBL1,0
D,DISPATCH,UNIT_SCADA,1,"2022/10/20 21:40:00",BALDHWF1,104.2260
D,DISPATCH,UNIT_SCADA,1,"2022/10/20 21:40:00",BANGOWF1,74.197910
D,DISPATCH,UNIT_SCADA,1,"2022/10/20 21:40:00",BANGOWF2,68.099870
D,DISPATCH,UNIT_SCADA,1,"2022/10/20 21:40:00",BANN1,0
D,DISPATCH,UNIT_SCADA,1,"2022/10/20 21:40:00",BARCALDN,0
D,DISPATCH,UNIT_SCADA,1,"2022/10/20 21:40:00",BARKIPS1,193.259990
D,DISPATCH,UNIT_SCADA,1,"2022/10/20 21:40:00",BARRON-1,0
D,DISPATCH,UNIT_SCADA,1,"2022/10/20 21:40:00",BARRON-2,0
D,DISPATCH,UNIT_SCADA,1,"2022/10/20 21:40:00",BASTYAN,0
D,DISPATCH,UNIT_SCADA,1,"2022/10/20 21:40:00",BBTHREE1,0
D,DISPATCH,UNIT_SCADA,1,"2022/10/20 21:40:00",BBTHREE2,0
D,DISPATCH,UNIT_SCADA,1,"2022/10/20 21:40:00",BBTHREE3,-1.08
D,DISPATCH,UNIT_SCADA,1,"2022/10/20 21:40:00",BDL01,0
D,DISPATCH,UNIT_SCADA,1,"2022/10/20 21:40:00",BDL02,0
D,DISPATCH,UNIT_SCADA,1,"2022/10/20 21:40:00",BERYLSF1,0
D,DISPATCH,UNIT_SCADA,1,"2022/10/20 21:40:00",BLOWERNG,62.60
D,DISPATCH,UNIT_SCADA,1,"2022/10/20 21:40:00",BLUEGSF1,0
D,DISPATCH,UNIT_SCADA,1,"2022/10/20 21:40:00",BLUFF1,8.30
D,DISPATCH,UNIT_SCADA,1,"2022/10/20 21:40:00",BNGSF1,0
D,DISPATCH,UNIT_SCADA,1,"2022/10/20 21:40:00",BNGSF2,0
D,DISPATCH,UNIT_SCADA,1,"2022/10/20 21:40:00",BOCORWF1,11.68
D,DISPATCH,UNIT_SCADA,1,"2022/10/20 21:40:00",BODWF1,112.052830
D,DISPATCH,UNIT_SCADA,1,"2022/10/20 21:40:00",BOMENSF1,0
D,DISPATCH,UNIT_SCADA,1,"2022/10/20 21:40:00",BOWWBA1G,0.0010
D,DISPATCH,UNIT_SCADA,1,"2022/10/20 21:40:00",BOWWBA1L,0
D,DISPATCH,UNIT_SCADA,1,"2022/10/20 21:40:00",BOWWPV1,0.0010
D,DISPATCH,UNIT_SCADA,1,"2022/10/20 21:40:00",BRAEMAR1,0
D,DISPATCH,UNIT_SCADA,1,"2022/10/20 21:40:00",BRAEMAR2,0
D,DISPATCH,UNIT_SCADA,1,"2022/10/20 21:40:00",BRAEMAR3,0
D,DISPATCH,UNIT_SCADA,1,"2022/10/20 21:40:00",BRAEMAR5,144.428210
D,DISPATCH,UNIT_SCADA,1,"2022/10/20 21:40:00",BRAEMAR6,0
D,DISPATCH,UNIT_SCADA,1,"2022/10/20 21:40:00",BRAEMAR7,139.775410
D,DISPATCH,UNIT_SCADA,1,"2022/10/20 21:40:00",BROKENH1,0
D,DISPATCH,UNIT_SCADA,1,"2022/10/20 21:40:00",BRYB1WF1,83.024340
D,DISPATCH,UNIT_SCADA,1,"2022/10/20 21:40:00",BULBESG1,0
D,DISPATCH,UNIT_SCADA,1,"2022/10/20 21:40:00",BULBESL1,0.03
D,DISPATCH,UNIT_SCADA,1,"2022/10/20 21:40:00",BULGANA1,21.28
D,DISPATCH,UNIT_SCADA,1,"2022/10/20 21:40:00",BW01,659.836730
D,DISPATCH,UNIT_SCADA,1,"2022/10/20 21:40:00",BW02,639.060060
D,DISPATCH,UNIT_SCADA,1,"2022/10/20 21:40:00",BW03,565.914370
D,DISPATCH,UNIT_SCADA,1,"2022/10/20 21:40:00",BW04,0
D,DISPATCH,UNIT_SCADA,1,"2022/10/20 21:40:00",CALL_B_1,319.50
D,DISPATCH,UNIT_SCADA,1,"2022/10/20 21:40:00",CALL_B_2,319.300020
D,DISPATCH,UNIT_SCADA,1,"2022/10/20 21:40:00",CATHROCK,3.30
D,DISPATCH,UNIT_SCADA,1,"2022/10/20 21:40:00",CBWWBA1G,0
D,DISPATCH,UNIT_SCADA,1,"2022/10/20 21:40:00",CBWWBA1L,0
D,DISPATCH,UNIT_SCADA,1,"2022/10/20 21:40:00",CETHANA,88.305120
D,DISPATCH,UNIT_SCADA,1,"2022/10/20 21:40:00",CG1,0
D,DISPATCH,UNIT_SCADA,1,"2022/10/20 21:40:00",CG2,0
D,DISPATCH,UNIT_SCADA,1,"2022/10/20 21:40:00",CG3,0
D,DISPATCH,UNIT_SCADA,1,"2022/10/20 21:40:00",CG4,0
D,DISPATCH,UNIT_SCADA,1,"2022/10/20 21:40:00",CHILDSF1,0
D,DISPATCH,UNIT_SCADA,1,"2022/10/20 21:40:00",CHYTWF1,2.95
D,DISPATCH,UNIT_SCADA,1,"2022/10/20 21:40:00",CLARESF1,0
D,DISPATCH,UNIT_SCADA,1,"2022/10/20 21:40:00",CLEMGPWF,0
D,DISPATCH,UNIT_SCADA,1,"2022/10/20 21:40:00",CLERMSF1,0
D,DISPATCH,UNIT_SCADA,1,"2022/10/20 21:40:00",CNUNDAWF,15.117640
D,DISPATCH,UNIT_SCADA,1,"2022/10/20 21:40:00",COHUNSF1,0
D,DISPATCH,UNIT_SCADA,1,"2022/10/20 21:40:00",COLEASF1,0
D,DISPATCH,UNIT_SCADA,1,"2022/10/20 21:40:00",COLUMSF1,0
D,DISPATCH,UNIT_SCADA,1,"2022/10/20 21:40:00",COLWF01,127.4174
D,DISPATCH,UNIT_SCADA,1,"2022/10/20 21:40:00",COOPGWF1,389.049990
D,DISPATCH,UNIT_SCADA,1,"2022/10/20 21:40:00",CPP_3,378.1250
D,DISPATCH,UNIT_SCADA,1,"2022/10/20 21:40:00",CPP_4,0
D,DISPATCH,UNIT_SCADA,1,"2022/10/20 21:40:00",CPSA,0
D,DISPATCH,UNIT_SCADA,1,"2022/10/20 21:40:00",CROOKWF2,23.573970
D,DISPATCH,UNIT_SCADA,1,"2022/10/20 21:40:00",CROWLWF1,25.9584
D,DISPATCH,UNIT_SCADA,1,"2022/10/20 21:40:00",CRURWF1,78.096660
D,DISPATCH,UNIT_SCADA,1,"2022/10/20 21:40:00",CRWASF1,0
D,DISPATCH,UNIT_SCADA,1,"2022/10/20 21:40:00",CSPVPS1,0
D,DISPATCH,UNIT_SCADA,1,"2022/10/20 21:40:00",CTHLWF1,0.003050
D,DISPATCH,UNIT_SCADA,1,"2022/10/20 21:40:00",DALNTH01,0.050350
D,DISPATCH,UNIT_SCADA,1,"2022/10/20 21:40:00",DALNTHL1,0
D,DISPATCH,UNIT_SCADA,1,"2022/10/20 21:40:00",DARLSF1,0
D,DISPATCH,UNIT_SCADA,1,"2022/10/20 21:40:00",DARTM1,0
D,DISPATCH,UNIT_SCADA,1,"2022/10/20 21:40:00",DAYDSF1,0
D,DISPATCH,UNIT_SCADA,1,"2022/10/20 21:40:00",DDPS1,0
D,DISPATCH,UNIT_SCADA,1,"2022/10/20 21:40:00",DDSF1,0
D,DISPATCH,UNIT_SCADA,1,"2022/10/20 21:40:00",DEVILS_G,58.265940
D,DISPATCH,UNIT_SCADA,1,"2022/10/20 21:40:00",DG_NSW1,0
D,DISPATCH,UNIT_SCADA,1,"2022/10/20 21:40:00",DG_QLD1,0
D,DISPATCH,UNIT_SCADA,1,"2022/10/20 21:40:00",DG_SA1,0
D,DISPATCH,UNIT_SCADA,1,"2022/10/20 21:40:00",DG_TAS1,0
D,DISPATCH,UNIT_SCADA,1,"2022/10/20 21:40:00",DG_VIC1,0
D,DISPATCH,UNIT_SCADA,1,"2022/10/20 21:40:00",DRYCGT1,0
D,DISPATCH,UNIT_SCADA,1,"2022/10/20 21:40:00",DRYCGT2,0
D,DISPATCH,UNIT_SCADA,1,"2022/10/20 21:40:00",DRYCGT3,0
D,DISPATCH,UNIT_SCADA,1,"2022/10/20 21:40:00",DUNDWF1,75.60
D,DISPATCH,UNIT_SCADA,1,"2022/10/20 21:40:00",DUNDWF2,25.24
D,DISPATCH,UNIT_SCADA,1,"2022/10/20 21:40:00",DUNDWF3,73.82
D,DISPATCH,UNIT_SCADA,1,"2022/10/20 21:40:00",EILDON1,59.80
D,DISPATCH,UNIT_SCADA,1,"2022/10/20 21:40:00",EILDON2,60.08
D,DISPATCH,UNIT_SCADA,1,"2022/10/20 21:40:00",ELAINWF1,11.12
D,DISPATCH,UNIT_SCADA,1,"2022/10/20 21:40:00",EMERASF1,0
D,DISPATCH,UNIT_SCADA,1,"2022/10/20 21:40:00",ER01,0
D,DISPATCH,UNIT_SCADA,1,"2022/10/20 21:40:00",ER02,656.272220
D,DISPATCH,UNIT_SCADA,1,"2022/10/20 21:40:00",ER03,666.330990
D,DISPATCH,UNIT_SCADA,1,"2022/10/20 21:40:00",ER04,659.592590
D,DISPATCH,UNIT_SCADA,1,"2022/10/20 21:40:00",FINLYSF1,0
D,DISPATCH,UNIT_SCADA,1,"2022/10/20 21:40:00",FISHER,43.87
D,DISPATCH,UNIT_SCADA,1,"2022/10/20 21:40:00",GANGARR1,0
D,DISPATCH,UNIT_SCADA,1,"2022/10/20 21:40:00",GANNBG1,0
D,DISPATCH,UNIT_SCADA,1,"2022/10/20 21:40:00",GANNBL1,0.025040
D,DISPATCH,UNIT_SCADA,1,"2022/10/20 21:40:00",GANNSF1,0
D,DISPATCH,UNIT_SCADA,1,"2022/10/20 21:40:00",GLRWNSF1,0
D,DISPATCH,UNIT_SCADA,1,"2022/10/20 21:40:00",GNNDHSF1,0
D,DISPATCH,UNIT_SCADA,1,"2022/10/20 21:40:00",GOONSF1,0
D,DISPATCH,UNIT_SCADA,1,"2022/10/20 21:40:00",GORDON,249.760560
D,DISPATCH,UNIT_SCADA,1,"2022/10/20 21:40:00",GRANWF1,0
D,DISPATCH,UNIT_SCADA,1,"2022/10/20 21:40:00",GSTONE1,200.20
D,DISPATCH,UNIT_SCADA,1,"2022/10/20 21:40:00",GSTONE2,0
D,DISPATCH,UNIT_SCADA,1,"2022/10/20 21:40:00",GSTONE3,200.024990
D,DISPATCH,UNIT_SCADA,1,"2022/10/20 21:40:00",GSTONE4,0
D,DISPATCH,UNIT_SCADA,1,"2022/10/20 21:40:00",GSTONE5,200.724990
D,DISPATCH,UNIT_SCADA,1,"2022/10/20 21:40:00",GSTONE6,200.024990
D,DISPATCH,UNIT_SCADA,1,"2022/10/20 21:40:00",GULLRSF1,0
D,DISPATCH,UNIT_SCADA,1,"2022/10/20 21:40:00",GULLRWF1,62.274060
D,DISPATCH,UNIT_SCADA,1,"2022/10/20 21:40:00",GULLRWF2,101.430750
D,DISPATCH,UNIT_SCADA,1,"2022/10/20 21:40:00",GUNNING1,0
D,DISPATCH,UNIT_SCADA,1,"2022/10/20 21:40:00",GUTHEGA,67.80
D,DISPATCH,UNIT_SCADA,1,"2022/10/20 21:40:00",HALLWF1,37.42
D,DISPATCH,UNIT_SCADA,1,"2022/10/20 21:40:00",HALLWF2,25.60
D,DISPATCH,UNIT_SCADA,1,"2022/10/20 21:40:00",HAMISF1,0
D,DISPATCH,UNIT_SCADA,1,"2022/10/20 21:40:00",HAUGHT11,0
D,DISPATCH,UNIT_SCADA,1,"2022/10/20 21:40:00",HAYMSF1,0
D,DISPATCH,UNIT_SCADA,1,"2022/10/20 21:40:00",HDWF1,24.50
D,DISPATCH,UNIT_SCADA,1,"2022/10/20 21:40:00",HDWF2,15.10
D,DISPATCH,UNIT_SCADA,1,"2022/10/20 21:40:00",HDWF3,16.60
D,DISPATCH,UNIT_SCADA,1,"2022/10/20 21:40:00",HILLSTN1,0
D,DISPATCH,UNIT_SCADA,1,"2022/10/20 21:40:00",HPRG1,0
D,DISPATCH,UNIT_SCADA,1,"2022/10/20 21:40:00",HPRL1,0.20
D,DISPATCH,UNIT_SCADA,1,"2022/10/20 21:40:00",HUMENSW,54.462920
D,DISPATCH,UNIT_SCADA,1,"2022/10/20 21:40:00",HUMEV,0
D,DISPATCH,UNIT_SCADA,1,"2022/10/20 21:40:00",HVWWBA1G,0
D,DISPATCH,UNIT_SCADA,1,"2022/10/20 21:40:00",HVWWBA1L,0.0060
D,DISPATCH,UNIT_SCADA,1,"2022/10/20 21:40:00",HVWWPV1,0
D,DISPATCH,UNIT_SCADA,1,"2022/10/20 21:40:00",JBUTTERS,0
D,DISPATCH,UNIT_SCADA,1,"2022/10/20 21:40:00",JEMALNG1,0
D,DISPATCH,UNIT_SCADA,1,"2022/10/20 21:40:00",JLA01,0
D,DISPATCH,UNIT_SCADA,1,"2022/10/20 21:40:00",JLA02,0
D,DISPATCH,UNIT_SCADA,1,"2022/10/20 21:40:00",JLA03,0
D,DISPATCH,UNIT_SCADA,1,"2022/10/20 21:40:00",JLA04,0
D,DISPATCH,UNIT_SCADA,1,"2022/10/20 21:40:00",JLB01,0
D,DISPATCH,UNIT_SCADA,1,"2022/10/20 21:40:00",JLB02,0.10
D,DISPATCH,UNIT_SCADA,1,"2022/10/20 21:40:00",JLB03,0
D,DISPATCH,UNIT_SCADA,1,"2022/10/20 21:40:00",JUNEESF1,0
D,DISPATCH,UNIT_SCADA,1,"2022/10/20 21:40:00",KABANWF1,0.1410
D,DISPATCH,UNIT_SCADA,1,"2022/10/20 21:40:00",KAREEYA1,0
D,DISPATCH,UNIT_SCADA,1,"2022/10/20 21:40:00",KAREEYA2,0
D,DISPATCH,UNIT_SCADA,1,"2022/10/20 21:40:00",KAREEYA3,4.8350
D,DISPATCH,UNIT_SCADA,1,"2022/10/20 21:40:00",KAREEYA4,0
D,DISPATCH,UNIT_SCADA,1,"2022/10/20 21:40:00",KARSF1,0
D,DISPATCH,UNIT_SCADA,1,"2022/10/20 21:40:00",KEPSF1,0
D,DISPATCH,UNIT_SCADA,1,"2022/10/20 21:40:00",KEPWF1,2.97
D,DISPATCH,UNIT_SCADA,1,"2022/10/20 21:40:00",KIAMSF1,0
D,DISPATCH,UNIT_SCADA,1,"2022/10/20 21:40:00",KIATAWF1,3.20
D,DISPATCH,UNIT_SCADA,1,"2022/10/20 21:40:00",KPP_1,0
D,DISPATCH,UNIT_SCADA,1,"2022/10/20 21:40:00",KSP1,0
D,DISPATCH,UNIT_SCADA,1,"2022/10/20 21:40:00",LADBROK1,0.01
D,DISPATCH,UNIT_SCADA,1,"2022/10/20 21:40:00",LADBROK2,0.02
D,DISPATCH,UNIT_SCADA,1,"2022/10/20 21:40:00",LBBG1,0
D,DISPATCH,UNIT_SCADA,1,"2022/10/20 21:40:00",LBBL1,1.35
D,DISPATCH,UNIT_SCADA,1,"2022/10/20 21:40:00",LD01,381.548520
D,DISPATCH,UNIT_SCADA,1,"2022/10/20 21:40:00",LD02,88.845480
D,DISPATCH,UNIT_SCADA,1,"2022/10/20 21:40:00",LD04,314.603120
D,DISPATCH,UNIT_SCADA,1,"2022/10/20 21:40:00",LEM_WIL,86.852130
D,DISPATCH,UNIT_SCADA,1,"2022/10/20 21:40:00",LGAPWF1,82.11
D,DISPATCH,UNIT_SCADA,1,"2022/10/20 21:40:00",LGAPWF2,51.82
D,DISPATCH,UNIT_SCADA,1,"2022/10/20 21:40:00",LILYSF1,0
D,DISPATCH,UNIT_SCADA,1,"2022/10/20 21:40:00",LIMOSF11,0
D,DISPATCH,UNIT_SCADA,1,"2022/10/20 21:40:00",LIMOSF21,0
D,DISPATCH,UNIT_SCADA,1,"2022/10/20 21:40:00",LI_WY_CA,56.0096
D,DISPATCH,UNIT_SCADA,1,"2022/10/20 21:40:00",LKBONNY1,14.646750
D,DISPATCH,UNIT_SCADA,1,"2022/10/20 21:40:00",LKBONNY2,57.6319
D,DISPATCH,UNIT_SCADA,1,"2022/10/20 21:40:00",LKBONNY3,15.909290
D,DISPATCH,UNIT_SCADA,1,"2022/10/20 21:40:00",LK_ECHO,0
D,DISPATCH,UNIT_SCADA,1,"2022/10/20 21:40:00",LNGS1,0
D,DISPATCH,UNIT_SCADA,1,"2022/10/20 21:40:00",LNGS2,0
D,DISPATCH,UNIT_SCADA,1,"2022/10/20 21:40:00",LONSDALE,0
D,DISPATCH,UNIT_SCADA,1,"2022/10/20 21:40:00",LOYYB1,580.450620
D,DISPATCH,UNIT_SCADA,1,"2022/10/20 21:40:00",LOYYB2,575.939270
D,DISPATCH,UNIT_SCADA,1,"2022/10/20 21:40:00",LYA1,560
D,DISPATCH,UNIT_SCADA,1,"2022/10/20 21:40:00",LYA2,0
D,DISPATCH,UNIT_SCADA,1,"2022/10/20 21:40:00",LYA3,560
D,DISPATCH,UNIT_SCADA,1,"2022/10/20 21:40:00",LYA4,561
D,DISPATCH,UNIT_SCADA,1,"2022/10/20 21:40:00",MACARTH1,164.396210
D,DISPATCH,UNIT_SCADA,1,"2022/10/20 21:40:00",MACKNTSH,0
D,DISPATCH,UNIT_SCADA,1,"2022/10/20 21:40:00",MANSLR1,0
D,DISPATCH,UNIT_SCADA,1,"2022/10/20 21:40:00",MAPS2PV1,0
D,DISPATCH,UNIT_SCADA,1,"2022/10/20 21:40:00",MAPS3PV1,0
D,DISPATCH,UNIT_SCADA,1,"2022/10/20 21:40:00",MARYRSF1,0
D,DISPATCH,UNIT_SCADA,1,"2022/10/20 21:40:00",MBPS2PV1,0
D,DISPATCH,UNIT_SCADA,1,"2022/10/20 21:40:00",MCKAY1,220.069990
D,DISPATCH,UNIT_SCADA,1,"2022/10/20 21:40:00",MEADOWBK,6.7163
D,DISPATCH,UNIT_SCADA,1,"2022/10/20 21:40:00",MERCER01,36.60
D,DISPATCH,UNIT_SCADA,1,"2022/10/20 21:40:00",METZSF1,0
D,DISPATCH,UNIT_SCADA,1,"2022/10/20 21:40:00",MEWF1,30.900220
D,DISPATCH,UNIT_SCADA,1,"2022/10/20 21:40:00",MIDDLSF1,0
D,DISPATCH,UNIT_SCADA,1,"2022/10/20 21:40:00",MINTARO,0.128180
D,DISPATCH,UNIT_SCADA,1,"2022/10/20 21:40:00",MOLNGSF1,0
D,DISPATCH,UNIT_SCADA,1,"2022/10/20 21:40:00",MOORAWF1,11.15
D,DISPATCH,UNIT_SCADA,1,"2022/10/20 21:40:00",MOREESF1,0
D,DISPATCH,UNIT_SCADA,1,"2022/10/20 21:40:00",MORTLK11,0
D,DISPATCH,UNIT_SCADA,1,"2022/10/20 21:40:00",MORTLK12,0
D,DISPATCH,UNIT_SCADA,1,"2022/10/20 21:40:00",MOUSF1,0
D,DISPATCH,UNIT_SCADA,1,"2022/10/20 21:40:00",MP1,0
D,DISPATCH,UNIT_SCADA,1,"2022/10/20 21:40:00",MP2,350.725560
D,DISPATCH,UNIT_SCADA,1,"2022/10/20 21:40:00",MPP_1,187.887770
D,DISPATCH,UNIT_SCADA,1,"2022/10/20 21:40:00",MPP_2,185.598880
D,DISPATCH,UNIT_SCADA,1,"2022/10/20 21:40:00",MRTLSWF1,0
D,DISPATCH,UNIT_SCADA,1,"2022/10/20 21:40:00",MSTUART1,0
D,DISPATCH,UNIT_SCADA,1,"2022/10/20 21:40:00",MSTUART2,0
D,DISPATCH,UNIT_SCADA,1,"2022/10/20 21:40:00",MSTUART3,0
D,DISPATCH,UNIT_SCADA,1,"2022/10/20 21:40:00",MTGELWF1,43.597210
D,DISPATCH,UNIT_SCADA,1,"2022/10/20 21:40:00",MTMILLAR,31.60
D,DISPATCH,UNIT_SCADA,1,"2022/10/20 21:40:00",MURRAY,0
D,DISPATCH,UNIT_SCADA,1,"2022/10/20 21:40:00",MUSSELR1,21.20
D,DISPATCH,UNIT_SCADA,1,"2022/10/20 21:40:00",MUWAWF1,21.36
D,DISPATCH,UNIT_SCADA,1,"2022/10/20 21:40:00",MUWAWF2,18.70
D,DISPATCH,UNIT_SCADA,1,"2022/10/20 21:40:00",MWPS1PV1,0
D,DISPATCH,UNIT_SCADA,1,"2022/10/20 21:40:00",MWPS2PV1,0
D,DISPATCH,UNIT_SCADA,1,"2022/10/20 21:40:00",MWPS3PV1,0
D,DISPATCH,UNIT_SCADA,1,"2022/10/20 21:40:00",MWPS4PV1,0
D,DISPATCH,UNIT_SCADA,1,"2022/10/20 21:40:00",NBHWF1,36.80
D,DISPATCH,UNIT_SCADA,1,"2022/10/20 21:40:00",NEVERSF1,0
D,DISPATCH,UNIT_SCADA,1,"2022/10/20 21:40:00",NPS,0
D,DISPATCH,UNIT_SCADA,1,"2022/10/20 21:40:00",NUMURSF1,0
D,DISPATCH,UNIT_SCADA,1,"2022/10/20 21:40:00",NYNGAN1,0
D,DISPATCH,UNIT_SCADA,1,"2022/10/20 21:40:00",OAKEY1,0
D,DISPATCH,UNIT_SCADA,1,"2022/10/20 21:40:00",OAKEY1SF,0
D,DISPATCH,UNIT_SCADA,1,"2022/10/20 21:40:00",OAKEY2,0
D,DISPATCH,UNIT_SCADA,1,"2022/10/20 21:40:00",OAKEY2SF,0
D,DISPATCH,UNIT_SCADA,1,"2022/10/20 21:40:00",OAKLAND1,10.90
D,DISPATCH,UNIT_SCADA,1,"2022/10/20 21:40:00",OSB-AG,180.48
D,DISPATCH,UNIT_SCADA,1,"2022/10/20 21:40:00",PAREPS1,0
D,DISPATCH,UNIT_SCADA,1,"2022/10/20 21:40:00",PAREPW1,56.18
D,DISPATCH,UNIT_SCADA,1,"2022/10/20 21:40:00",PARSF1,0.001530
D,DISPATCH,UNIT_SCADA,1,"2022/10/20 21:40:00",POAT110,3.07
D,DISPATCH,UNIT_SCADA,1,"2022/10/20 21:40:00",POAT220,0
D,DISPATCH,UNIT_SCADA,1,"2022/10/20 21:40:00",POR01,0
D,DISPATCH,UNIT_SCADA,1,"2022/10/20 21:40:00",POR03,0
D,DISPATCH,UNIT_SCADA,1,"2022/10/20 21:40:00",PPCCGT,166.169980
D,DISPATCH,UNIT_SCADA,1,"2022/10/20 21:40:00",PTSTAN1,0
D,DISPATCH,UNIT_SCADA,1,"2022/10/20 21:40:00",PUMP1,0
D,DISPATCH,UNIT_SCADA,1,"2022/10/20 21:40:00",PUMP2,0
D,DISPATCH,UNIT_SCADA,1,"2022/10/20 21:40:00",QBYNBG1,0
D,DISPATCH,UNIT_SCADA,1,"2022/10/20 21:40:00",QBYNBL1,0.0005
D,DISPATCH,UNIT_SCADA,1,"2022/10/20 21:40:00",QPS1,0
D,DISPATCH,UNIT_SCADA,1,"2022/10/20 21:40:00",QPS2,0
D,DISPATCH,UNIT_SCADA,1,"2022/10/20 21:40:00",QPS3,0
D,DISPATCH,UNIT_SCADA,1,"2022/10/20 21:40:00",QPS4,0
D,DISPATCH,UNIT_SCADA,1,"2022/10/20 21:40:00",QPS5,0
D,DISPATCH,UNIT_SCADA,1,"2022/10/20 21:40:00",REECE1,0
D,DISPATCH,UNIT_SCADA,1,"2022/10/20 21:40:00",REECE2,0
D,DISPATCH,UNIT_SCADA,1,"2022/10/20 21:40:00",ROMA_7,0
D,DISPATCH,UNIT_SCADA,1,"2022/10/20 21:40:00",ROMA_8,0
D,DISPATCH,UNIT_SCADA,1,"2022/10/20 21:40:00",RRSF1,0
D,DISPATCH,UNIT_SCADA,1,"2022/10/20 21:40:00",RT_NSW1,0
D,DISPATCH,UNIT_SCADA,1,"2022/10/20 21:40:00",RT_NSW2,0
D,DISPATCH,UNIT_SCADA,1,"2022/10/20 21:40:00",RT_NSW3,0
D,DISPATCH,UNIT_SCADA,1,"2022/10/20 21:40:00",RT_NSW4,0
D,DISPATCH,UNIT_SCADA,1,"2022/10/20 21:40:00",RT_NSW5,0
D,DISPATCH,UNIT_SCADA,1,"2022/10/20 21:40:00",RT_NSW6,0
D,DISPATCH,UNIT_SCADA,1,"2022/10/20 21:40:00",RT_QLD1,0
D,DISPATCH,UNIT_SCADA,1,"2022/10/20 21:40:00",RT_SA1,0
D,DISPATCH,UNIT_SCADA,1,"2022/10/20 21:40:00",RT_SA2,0
D,DISPATCH,UNIT_SCADA,1,"2022/10/20 21:40:00",RT_SA3,0
D,DISPATCH,UNIT_SCADA,1,"2022/10/20 21:40:00",RT_SA4,0
D,DISPATCH,UNIT_SCADA,1,"2022/10/20 21:40:00",RT_SA5,0
D,DISPATCH,UNIT_SCADA,1,"2022/10/20 21:40:00",RT_SA6,0
D,DISPATCH,UNIT_SCADA,1,"2022/10/20 21:40:00",RT_TAS1,0
D,DISPATCH,UNIT_SCADA,1,"2022/10/20 21:40:00",RT_VIC1,0
D,DISPATCH,UNIT_SCADA,1,"2022/10/20 21:40:00",RT_VIC10,0
D,DISPATCH,UNIT_SCADA,1,"2022/10/20 21:40:00",RT_VIC11,0
D,DISPATCH,UNIT_SCADA,1,"2022/10/20 21:40:00",RT_VIC12,0
D,DISPATCH,UNIT_SCADA,1,"2022/10/20 21:40:00",RT_VIC2,0
D,DISPATCH,UNIT_SCADA,1,"2022/10/20 21:40:00",RT_VIC3,0
D,DISPATCH,UNIT_SCADA,1,"2022/10/20 21:40:00",RT_VIC4,0
D,DISPATCH,UNIT_SCADA,1,"2022/10/20 21:40:00",RT_VIC5,0
D,DISPATCH,UNIT_SCADA,1,"2022/10/20 21:40:00",RT_VIC6,0
D,DISPATCH,UNIT_SCADA,1,"2022/10/20 21:40:00",RT_VIC7,0
D,DISPATCH,UNIT_SCADA,1,"2022/10/20 21:40:00",RT_VIC8,0
D,DISPATCH,UNIT_SCADA,1,"2022/10/20 21:40:00",RT_VIC9,0
D,DISPATCH,UNIT_SCADA,1,"2022/10/20 21:40:00",RUGBYR1,0
D,DISPATCH,UNIT_SCADA,1,"2022/10/20 21:40:00",SALTCRK1,32.48
D,DISPATCH,UNIT_SCADA,1,"2022/10/20 21:40:00",SAPHWF1,254.625780
D,DISPATCH,UNIT_SCADA,1,"2022/10/20 21:40:00",SEBSF1,0
D,DISPATCH,UNIT_SCADA,1,"2022/10/20 21:40:00",SHGEN,0
D,DISPATCH,UNIT_SCADA,1,"2022/10/20 21:40:00",SHPUMP,0
D,DISPATCH,UNIT_SCADA,1,"2022/10/20 21:40:00",SITHE01,0.123710
D,DISPATCH,UNIT_SCADA,1,"2022/10/20 21:40:00",SMCSF1,0
D,DISPATCH,UNIT_SCADA,1,"2022/10/20 21:40:00",SNAPPER1,0
D,DISPATCH,UNIT_SCADA,1,"2022/10/20 21:40:00",SNOWNTH1,70.90
D,DISPATCH,UNIT_SCADA,1,"2022/10/20 21:40:00",SNOWSTH1,37.70
D,DISPATCH,UNIT_SCADA,1,"2022/10/20 21:40:00",SNOWTWN1,49.240730
D,DISPATCH,UNIT_SCADA,1,"2022/10/20 21:40:00",SNOWYP,0
D,DISPATCH,UNIT_SCADA,1,"2022/10/20 21:40:00",SNUG1,0
D,DISPATCH,UNIT_SCADA,1,"2022/10/20 21:40:00",SRSF1,0
D,DISPATCH,UNIT_SCADA,1,"2022/10/20 21:40:00",STAN-1,279.9664
D,DISPATCH,UNIT_SCADA,1,"2022/10/20 21:40:00",STAN-2,364.538240
D,DISPATCH,UNIT_SCADA,1,"2022/10/20 21:40:00",STAN-3,365.384220
D,DISPATCH,UNIT_SCADA,1,"2022/10/20 21:40:00",STAN-4,364.1665
D,DISPATCH,UNIT_SCADA,1,"2022/10/20 21:40:00",STARHLWF,16.295250
D,DISPATCH,UNIT_SCADA,1,"2022/10/20 21:40:00",STOCKYD1,170.17
D,DISPATCH,UNIT_SCADA,1,"2022/10/20 21:40:00",STWF1,39.875490
D,DISPATCH,UNIT_SCADA,1,"2022/10/20 21:40:00",SUNRSF1,0
D,DISPATCH,UNIT_SCADA,1,"2022/10/20 21:40:00",SUNTPSF1,0
D,DISPATCH,UNIT_SCADA,1,"2022/10/20 21:40:00",SWAN_E,290.108730
D,DISPATCH,UNIT_SCADA,1,"2022/10/20 21:40:00",TALWA1,0
D,DISPATCH,UNIT_SCADA,1,"2022/10/20 21:40:00",TARALGA1,0
D,DISPATCH,UNIT_SCADA,1,"2022/10/20 21:40:00",TARONG#1,347.899990
D,DISPATCH,UNIT_SCADA,1,"2022/10/20 21:40:00",TARONG#2,349.600010
D,DISPATCH,UNIT_SCADA,1,"2022/10/20 21:40:00",TARONG#3,0.90
D,DISPATCH,UNIT_SCADA,1,"2022/10/20 21:40:00",TARONG#4,293.600010
D,DISPATCH,UNIT_SCADA,1,"2022/10/20 21:40:00",TARRALEA,53.90
D,DISPATCH,UNIT_SCADA,1,"2022/10/20 21:40:00",TBSF1,0
D,DISPATCH,UNIT_SCADA,1,"2022/10/20 21:40:00",TNPS1,419.6875
D,DISPATCH,UNIT_SCADA,1,"2022/10/20 21:40:00",TORRB1,0
D,DISPATCH,UNIT_SCADA,1,"2022/10/20 21:40:00",TORRB2,60
D,DISPATCH,UNIT_SCADA,1,"2022/10/20 21:40:00",TORRB3,0
D,DISPATCH,UNIT_SCADA,1,"2022/10/20 21:40:00",TORRB4,0
D,DISPATCH,UNIT_SCADA,1,"2022/10/20 21:40:00",TREVALLN,97.928710
D,DISPATCH,UNIT_SCADA,1,"2022/10/20 21:40:00",TRIBUTE,0
D,DISPATCH,UNIT_SCADA,1,"2022/10/20 21:40:00",TUMUT3,1.70
D,DISPATCH,UNIT_SCADA,1,"2022/10/20 21:40:00",TUNGATIN,5.630010
D,DISPATCH,UNIT_SCADA,1,"2022/10/20 21:40:00",TVCC201,0
D,DISPATCH,UNIT_SCADA,1,"2022/10/20 21:40:00",TVPP104,0
D,DISPATCH,UNIT_SCADA,1,"2022/10/20 21:40:00",UPPTUMUT,0
D,DISPATCH,UNIT_SCADA,1,"2022/10/20 21:40:00",URANQ11,0
D,DISPATCH,UNIT_SCADA,1,"2022/10/20 21:40:00",URANQ12,0
D,DISPATCH,UNIT_SCADA,1,"2022/10/20 21:40:00",URANQ13,0
D,DISPATCH,UNIT_SCADA,1,"2022/10/20 21:40:00",URANQ14,0
D,DISPATCH,UNIT_SCADA,1,"2022/10/20 21:40:00",VBBG1,1.50
D,DISPATCH,UNIT_SCADA,1,"2022/10/20 21:40:00",VBBL1,0
D,DISPATCH,UNIT_SCADA,1,"2022/10/20 21:40:00",VP5,563.005490
D,DISPATCH,UNIT_SCADA,1,"2022/10/20 21:40:00",VP6,599.041750
D,DISPATCH,UNIT_SCADA,1,"2022/10/20 21:40:00",VPGS1,0
D,DISPATCH,UNIT_SCADA,1,"2022/10/20 21:40:00",VPGS2,0
D,DISPATCH,UNIT_SCADA,1,"2022/10/20 21:40:00",VPGS3,0
D,DISPATCH,UNIT_SCADA,1,"2022/10/20 21:40:00",VPGS4,0
D,DISPATCH,UNIT_SCADA,1,"2022/10/20 21:40:00",VPGS5,0
D,DISPATCH,UNIT_SCADA,1,"2022/10/20 21:40:00",VPGS6,0
D,DISPATCH,UNIT_SCADA,1,"2022/10/20 21:40:00",W/HOE#1,0
D,DISPATCH,UNIT_SCADA,1,"2022/10/20 21:40:00",W/HOE#2,0
D,DISPATCH,UNIT_SCADA,1,"2022/10/20 21:40:00",WAGGNSF1,0
D,DISPATCH,UNIT_SCADA,1,"2022/10/20 21:40:00",WALGRVG1,0
D,DISPATCH,UNIT_SCADA,1,"2022/10/20 21:40:00",WALGRVL1,2.994380
D,DISPATCH,UNIT_SCADA,1,"2022/10/20 21:40:00",WANDBG1,0
D,DISPATCH,UNIT_SCADA,1,"2022/10/20 21:40:00",WANDBL1,0
D,DISPATCH,UNIT_SCADA,1,"2022/10/20 21:40:00",WARWSF1,0
D,DISPATCH,UNIT_SCADA,1,"2022/10/20 21:40:00",WARWSF2,0
D,DISPATCH,UNIT_SCADA,1,"2022/10/20 21:40:00",WATERLWF,32.20
D,DISPATCH,UNIT_SCADA,1,"2022/10/20 21:40:00",WDGPH1,0
D,DISPATCH,UNIT_SCADA,1,"2022/10/20 21:40:00",WELLSF1,0
D,DISPATCH,UNIT_SCADA,1,"2022/10/20 21:40:00",WEMENSF1,0
D,DISPATCH,UNIT_SCADA,1,"2022/10/20 21:40:00",WGWF1,45
D,DISPATCH,UNIT_SCADA,1,"2022/10/20 21:40:00",WHITSF1,0
D,DISPATCH,UNIT_SCADA,1,"2022/10/20 21:40:00",WINTSF1,0
D,DISPATCH,UNIT_SCADA,1,"2022/10/20 21:40:00",WKIEWA1,33.90
D,DISPATCH,UNIT_SCADA,1,"2022/10/20 21:40:00",WKIEWA2,33.90
D,DISPATCH,UNIT_SCADA,1,"2022/10/20 21:40:00",WOODLWN1,34.748090
D,DISPATCH,UNIT_SCADA,1,"2022/10/20 21:40:00",WOOLGSF1,0
D,DISPATCH,UNIT_SCADA,1,"2022/10/20 21:40:00",WPWF,65.14
D,DISPATCH,UNIT_SCADA,1,"2022/10/20 21:40:00",WRSF1,0
D,DISPATCH,UNIT_SCADA,1,"2022/10/20 21:40:00",WRWF1,140.282290
D,DISPATCH,UNIT_SCADA,1,"2022/10/20 21:40:00",WSTWYSF1,0
D,DISPATCH,UNIT_SCADA,1,"2022/10/20 21:40:00",YABULU,0
D,DISPATCH,UNIT_SCADA,1,"2022/10/20 21:40:00",YABULU2,0
D,DISPATCH,UNIT_SCADA,1,"2022/10/20 21:40:00",YARANSF1,0
D,DISPATCH,UNIT_SCADA,1,"2022/10/20 21:40:00",YARWUN_1,163.64
D,DISPATCH,UNIT_SCADA,1,"2022/10/20 21:40:00",YATSF1,0
D,DISPATCH,UNIT_SCADA,1,"2022/10/20 21:40:00",YENDWF1,8.77
D,DISPATCH,UNIT_SCADA,1,"2022/10/20 21:40:00",YWPS1,318.544310
D,DISPATCH,UNIT_SCADA,1,"2022/10/20 21:40:00",YWPS2,359.146850
D,DISPATCH,UNIT_SCADA,1,"2022/10/20 21:40:00",YWPS3,359.388610
D,DISPATCH,UNIT_SCADA,1,"2022/10/20 21:40:00",YWPS4,0
C,"END OF REPORT",419
