C,NEMP.WORLD,DISPATCHSCADA,AEMO,PUBLIC,2022/10/20,21:20:09,0000000373281681,DISPATCHSCADA,0000000373281675
I,DISPATCH,UNIT_SCADA,1,SETTLEMENTDATE,DUID,SCADAVALUE
D,DISPATCH,UNIT_SCADA,1,"2022/10/20 21:25:00",BARCSF1,0
D,DISPATCH,UNIT_SCADA,1,"2022/10/20 21:25:00",BUTLERSG,8.699999
D,DISPATCH,UNIT_SCADA,1,"2022/10/20 21:25:00",CAPTL_WF,79.298088
D,DISPATCH,UNIT_SCADA,1,"2022/10/20 21:25:00",CHALLHWF,9.40
D,DISPATCH,UNIT_SCADA,1,"2022/10/20 21:25:00",CLOVER,13.28
D,DISPATCH,UNIT_SCADA,1,"2022/10/20 21:25:00",CLUNY,6.310369
D,DISPATCH,UNIT_SCADA,1,"2022/10/20 21:25:00",CULLRGWF,-0.05
D,DISPATCH,UNIT_SCADA,1,"2022/10/20 21:25:00",DIAPURWF1,3.50
D,DISPATCH,UNIT_SCADA,1,"2022/10/20 21:25:00",ERGT01,0
D,DISPATCH,UNIT_SCADA,1,"2022/10/20 21:25:00",GB01,0
D,DISPATCH,UNIT_SCADA,1,"2022/10/20 21:25:00",GERMCRK,19.50
D,DISPATCH,UNIT_SCADA,1,"2022/10/20 21:25:00",GRIFSF1,0.001526
D,DISPATCH,UNIT_SCADA,1,"2022/10/20 21:25:00",HEZ1,0
D,DISPATCH,UNIT_SCADA,1,"2022/10/20 21:25:00",HUGSF1,-0.1050
D,DISPATCH,UNIT_SCADA,1,"2022/10/20 21:25:00",KEPBG1,0
D,DISPATCH,UNIT_SCADA,1,"2022/10/20 21:25:00",LRSF1,-0.0320
D,DISPATCH,UNIT_SCADA,1,"2022/10/20 21:25:00",MBAHNTH,45.056244
D,DISPATCH,UNIT_SCADA,1,"2022/10/20 21:25:00",MLSP1,0
D,DISPATCH,UNIT_SCADA,1,"2022/10/20 21:25:00",MLWF1,3.8250
D,DISPATCH,UNIT_SCADA,1,"2022/10/20 21:25:00",PALOONA,30.379999
D,DISPATCH,UNIT_SCADA,1,"2022/10/20 21:25:00",PIONEER,24.90
D,DISPATCH,UNIT_SCADA,1,"2022/10/20 21:25:00",PORTWF,40.400002
D,DISPATCH,UNIT_SCADA,1,"2022/10/20 21:25:00",REPULSE,9.562524
D,DISPATCH,UNIT_SCADA,1,"2022/10/20 21:25:00",ROWALLAN,8.9886
D,DISPATCH,UNIT_SCADA,1,"2022/10/20 21:25:00",ROYALLA1,0
D,DISPATCH,UNIT_SCADA,1,"2022/10/20 21:25:00",RPCG,-0.50
D,DISPATCH,UNIT_SCADA,1,"2022/10/20 21:25:00",RUBICON,0
D,DISPATCH,UNIT_SCADA,1,"2022/10/20 21:25:00",WAUBRAWF,45.231998
D,DISPATCH,UNIT_SCADA,1,"2022/10/20 21:25:00",WOOLNTH1,80.25
D,DISPATCH,UNIT_SCADA,1,"2022/10/20 21:25:00",YAMBUKWF,6.20
D,DISPATCH,UNIT_SCADA,1,"2022/10/20 21:25:00",YSWF1,0
D,DISPATCH,UNIT_SCADA,1,"2022/10/20 21:25:00",ADPBA1G,0.0080
D,DISPATCH,UNIT_SCADA,1,"2022/10/20 21:25:00",ADPBA1L,0
D,DISPATCH,UNIT_SCADA,1,"2022/10/20 21:25:00",ADPPV1,0
D,DISPATCH,UNIT_SCADA,1,"2022/10/20 21:25:00",AGLHAL,30.983930
D,DISPATCH,UNIT_SCADA,1,"2022/10/20 21:25:00",AGLSOM,0
D,DISPATCH,UNIT_SCADA,1,"2022/10/20 21:25:00",ANGAST1,0
D,DISPATCH,UNIT_SCADA,1,"2022/10/20 21:25:00",ARWF1,3.90
D,DISPATCH,UNIT_SCADA,1,"2022/10/20 21:25:00",BALBG1,0
D,DISPATCH,UNIT_SCADA,1,"2022/10/20 21:25:00",BALBL1,0
D,DISPATCH,UNIT_SCADA,1,"2022/10/20 21:25:00",BALDHWF1,101.9590
D,DISPATCH,UNIT_SCADA,1,"2022/10/20 21:25:00",BANGOWF1,86.8983
D,DISPATCH,UNIT_SCADA,1,"2022/10/20 21:25:00",BANGOWF2,63.798960
D,DISPATCH,UNIT_SCADA,1,"2022/10/20 21:25:00",BANN1,0
D,DISPATCH,UNIT_SCADA,1,"2022/10/20 21:25:00",BARCALDN,0
D,DISPATCH,UNIT_SCADA,1,"2022/10/20 21:25:00",BARKIPS1,191.61
D,DISPATCH,UNIT_SCADA,1,"2022/10/20 21:25:00",BARRON-1,0
D,DISPATCH,UNIT_SCADA,1,"2022/10/20 21:25:00",BARRON-2,0
D,DISPATCH,UNIT_SCADA,1,"2022/10/20 21:25:00",BASTYAN,0
D,DISPATCH,UNIT_SCADA,1,"2022/10/20 21:25:00",BBTHREE1,0
D,DISPATCH,UNIT_SCADA,1,"2022/10/20 21:25:00",BBTHREE2,0
D,DISPATCH,UNIT_SCADA,1,"2022/10/20 21:25:00",BBTHREE3,-1.16
D,DISPATCH,UNIT_SCADA,1,"2022/10/20 21:25:00",BDL01,0
D,DISPATCH,UNIT_SCADA,1,"2022/10/20 21:25:00",BDL02,0
D,DISPATCH,UNIT_SCADA,1,"2022/10/20 21:25:00",BERYLSF1,0
D,DISPATCH,UNIT_SCADA,1,"2022/10/20 21:25:00",BLOWERNG,62.60
D,DISPATCH,UNIT_SCADA,1,"2022/10/20 21:25:00",BLUEGSF1,0
D,DISPATCH,UNIT_SCADA,1,"2022/10/20 21:25:00",BLUFF1,12.30
D,DISPATCH,UNIT_SCADA,1,"2022/10/20 21:25:00",BNGSF1,0
D,DISPATCH,UNIT_SCADA,1,"2022/10/20 21:25:00",BNGSF2,0
D,DISPATCH,UNIT_SCADA,1,"2022/10/20 21:25:00",BOCORWF1,18.10
D,DISPATCH,UNIT_SCADA,1,"2022/10/20 21:25:00",BODWF1,109.522110
D,DISPATCH,UNIT_SCADA,1,"2022/10/20 21:25:00",BOMENSF1,0
D,DISPATCH,UNIT_SCADA,1,"2022/10/20 21:25:00",BOWWBA1G,0.0010
D,DISPATCH,UNIT_SCADA,1,"2022/10/20 21:25:00",BOWWBA1L,0
D,DISPATCH,UNIT_SCADA,1,"2022/10/20 21:25:00",BOWWPV1,0.0010
D,DISPATCH,UNIT_SCADA,1,"2022/10/20 21:25:00",BRAEMAR1,0
D,DISPATCH,UNIT_SCADA,1,"2022/10/20 21:25:00",BRAEMAR2,0
D,DISPATCH,UNIT_SCADA,1,"2022/10/20 21:25:00",BRAEMAR3,0
D,DISPATCH,UNIT_SCADA,1,"2022/10/20 21:25:00",BRAEMAR5,145.072750
D,DISPATCH,UNIT_SCADA,1,"2022/10/20 21:25:00",BRAEMAR6,0
D,DISPATCH,UNIT_SCADA,1,"2022/10/20 21:25:00",BRAEMAR7,140.218540
D,DISPATCH,UNIT_SCADA,1,"2022/10/20 21:25:00",BROKENH1,0
D,DISPATCH,UNIT_SCADA,1,"2022/10/20 21:25:00",BRYB1WF1,70.560770
D,DISPATCH,UNIT_SCADA,1,"2022/10/20 21:25:00",BULBESG1,0
D,DISPATCH,UNIT_SCADA,1,"2022/10/20 21:25:00",BULBESL1,0.03
D,DISPATCH,UNIT_SCADA,1,"2022/10/20 21:25:00",BULGANA1,21.75
D,DISPATCH,UNIT_SCADA,1,"2022/10/20 21:25:00",BW01,658.200990
D,DISPATCH,UNIT_SCADA,1,"2022/10/20 21:25:00",BW02,639.694820
D,DISPATCH,UNIT_SCADA,1,"2022/10/20 21:25:00",BW03,575.606930
D,DISPATCH,UNIT_SCADA,1,"2022/10/20 21:25:00",BW04,0
D,DISPATCH,UNIT_SCADA,1,"2022/10/20 21:25:00",CALL_B_1,320.200010
D,DISPATCH,UNIT_SCADA,1,"2022/10/20 21:25:00",CALL_B_2,319.50
D,DISPATCH,UNIT_SCADA,1,"2022/10/20 21:25:00",CATHROCK,1.80
D,DISPATCH,UNIT_SCADA,1,"2022/10/20 21:25:00",CBWWBA1G,0
D,DISPATCH,UNIT_SCADA,1,"2022/10/20 21:25:00",CBWWBA1L,0
D,DISPATCH,UNIT_SCADA,1,"2022/10/20 21:25:00",CETHANA,91.298870
D,DISPATCH,UNIT_SCADA,1,"2022/10/20 21:25:00",CG1,0
D,DISPATCH,UNIT_SCADA,1,"2022/10/20 21:25:00",CG2,0
D,DISPATCH,UNIT_SCADA,1,"2022/10/20 21:25:00",CG3,0
D,DISPATCH,UNIT_SCADA,1,"2022/10/20 21:25:00",CG4,0
D,DISPATCH,UNIT_SCADA,1,"2022/10/20 21:25:00",CHILDSF1,0
D,DISPATCH,UNIT_SCADA,1,"2022/10/20 21:25:00",CHYTWF1,4.34
D,DISPATCH,UNIT_SCADA,1,"2022/10/20 21:25:00",CLARESF1,0
D,DISPATCH,UNIT_SCADA,1,"2022/10/20 21:25:00",CLEMGPWF,0
D,DISPATCH,UNIT_SCADA,1,"2022/10/20 21:25:00",CLERMSF1,0
D,DISPATCH,UNIT_SCADA,1,"2022/10/20 21:25:00",CNUNDAWF,16.319040
D,DISPATCH,UNIT_SCADA,1,"2022/10/20 21:25:00",COHUNSF1,0
D,DISPATCH,UNIT_SCADA,1,"2022/10/20 21:25:00",COLEASF1,0
D,DISPATCH,UNIT_SCADA,1,"2022/10/20 21:25:00",COLUMSF1,0
D,DISPATCH,UNIT_SCADA,1,"2022/10/20 21:25:00",COLWF01,132.860310
D,DISPATCH,UNIT_SCADA,1,"2022/10/20 21:25:00",COOPGWF1,386.019990
D,DISPATCH,UNIT_SCADA,1,"2022/10/20 21:25:00",CPP_3,380.050020
D,DISPATCH,UNIT_SCADA,1,"2022/10/20 21:25:00",CPP_4,0
D,DISPATCH,UNIT_SCADA,1,"2022/10/20 21:25:00",CPSA,0
D,DISPATCH,UNIT_SCADA,1,"2022/10/20 21:25:00",CROOKWF2,30.104830
D,DISPATCH,UNIT_SCADA,1,"2022/10/20 21:25:00",CROWLWF1,22.588420
D,DISPATCH,UNIT_SCADA,1,"2022/10/20 21:25:00",CRURWF1,75.096440
D,DISPATCH,UNIT_SCADA,1,"2022/10/20 21:25:00",CRWASF1,0
D,DISPATCH,UNIT_SCADA,1,"2022/10/20 21:25:00",CSPVPS1,0
D,DISPATCH,UNIT_SCADA,1,"2022/10/20 21:25:00",CTHLWF1,0.003050
D,DISPATCH,UNIT_SCADA,1,"2022/10/20 21:25:00",DALNTH01,0
D,DISPATCH,UNIT_SCADA,1,"2022/10/20 21:25:00",DALNTHL1,0.086980
D,DISPATCH,UNIT_SCADA,1,"2022/10/20 21:25:00",DARLSF1,0
D,DISPATCH,UNIT_SCADA,1,"2022/10/20 21:25:00",DARTM1,0
D,DISPATCH,UNIT_SCADA,1,"2022/10/20 21:25:00",DAYDSF1,0
D,DISPATCH,UNIT_SCADA,1,"2022/10/20 21:25:00",DDPS1,0
D,DISPATCH,UNIT_SCADA,1,"2022/10/20 21:25:00",DDSF1,0
D,DISPATCH,UNIT_SCADA,1,"2022/10/20 21:25:00",DEVILS_G,47.840820
D,DISPATCH,UNIT_SCADA,1,"2022/10/20 21:25:00",DG_NSW1,0
D,DISPATCH,UNIT_SCADA,1,"2022/10/20 21:25:00",DG_QLD1,0
D,DISPATCH,UNIT_SCADA,1,"2022/10/20 21:25:00",DG_SA1,0
D,DISPATCH,UNIT_SCADA,1,"2022/10/20 21:25:00",DG_TAS1,0
D,DISPATCH,UNIT_SCADA,1,"2022/10/20 21:25:00",DG_VIC1,0
D,DISPATCH,UNIT_SCADA,1,"2022/10/20 21:25:00",DRYCGT1,0
D,DISPATCH,UNIT_SCADA,1,"2022/10/20 21:25:00",DRYCGT2,0
D,DISPATCH,UNIT_SCADA,1,"2022/10/20 21:25:00",DRYCGT3,0
D,DISPATCH,UNIT_SCADA,1,"2022/10/20 21:25:00",DUNDWF1,72.67
D,DISPATCH,UNIT_SCADA,1,"2022/10/20 21:25:00",DUNDWF2,24.11
D,DISPATCH,UNIT_SCADA,1,"2022/10/20 21:25:00",DUNDWF3,86.58
D,DISPATCH,UNIT_SCADA,1,"2022/10/20 21:25:00",EILDON1,59.88
D,DISPATCH,UNIT_SCADA,1,"2022/10/20 21:25:00",EILDON2,60.08
D,DISPATCH,UNIT_SCADA,1,"2022/10/20 21:25:00",ELAINWF1,9.63
D,DISPATCH,UNIT_SCADA,1,"2022/10/20 21:25:00",EMERASF1,0
D,DISPATCH,UNIT_SCADA,1,"2022/10/20 21:25:00",ER01,0
D,DISPATCH,UNIT_SCADA,1,"2022/10/20 21:25:00",ER02,672.532230
D,DISPATCH,UNIT_SCADA,1,"2022/10/20 21:25:00",ER03,695.725950
D,DISPATCH,UNIT_SCADA,1,"2022/10/20 21:25:00",ER04,685.081240
D,DISPATCH,UNIT_SCADA,1,"2022/10/20 21:25:00",FINLYSF1,0
D,DISPATCH,UNIT_SCADA,1,"2022/10/20 21:25:00",FISHER,44
D,DISPATCH,UNIT_SCADA,1,"2022/10/20 21:25:00",GANGARR1,0
D,DISPATCH,UNIT_SCADA,1,"2022/10/20 21:25:00",GANNBG1,0
D,DISPATCH,UNIT_SCADA,1,"2022/10/20 21:25:00",GANNBL1,0.513880
D,DISPATCH,UNIT_SCADA,1,"2022/10/20 21:25:00",GANNSF1,0
D,DISPATCH,UNIT_SCADA,1,"2022/10/20 21:25:00",GLRWNSF1,0
D,DISPATCH,UNIT_SCADA,1,"2022/10/20 21:25:00",GNNDHSF1,0
D,DISPATCH,UNIT_SCADA,1,"2022/10/20 21:25:00",GOONSF1,0
D,DISPATCH,UNIT_SCADA,1,"2022/10/20 21:25:00",GORDON,243.241580
D,DISPATCH,UNIT_SCADA,1,"2022/10/20 21:25:00",GRANWF1,0
D,DISPATCH,UNIT_SCADA,1,"2022/10/20 21:25:00",GSTONE1,200.55
D,DISPATCH,UNIT_SCADA,1,"2022/10/20 21:25:00",GSTONE2,0
D,DISPATCH,UNIT_SCADA,1,"2022/10/20 21:25:00",GSTONE3,200.024990
D,DISPATCH,UNIT_SCADA,1,"2022/10/20 21:25:00",GSTONE4,0
D,DISPATCH,UNIT_SCADA,1,"2022/10/20 21:25:00",GSTONE5,200.724990
D,DISPATCH,UNIT_SCADA,1,"2022/10/20 21:25:00",GSTONE6,201.0750
D,DISPATCH,UNIT_SCADA,1,"2022/10/20 21:25:00",GULLRSF1,0
D,DISPATCH,UNIT_SCADA,1,"2022/10/20 21:25:00",GULLRWF1,71.853910
D,DISPATCH,UNIT_SCADA,1,"2022/10/20 21:25:00",GULLRWF2,99.291550
D,DISPATCH,UNIT_SCADA,1,"2022/10/20 21:25:00",GUNNING1,0
D,DISPATCH,UNIT_SCADA,1,"2022/10/20 21:25:00",GUTHEGA,67.20
D,DISPATCH,UNIT_SCADA,1,"2022/10/20 21:25:00",HALLWF1,26.53
D,DISPATCH,UNIT_SCADA,1,"2022/10/20 21:25:00",HALLWF2,22.09
D,DISPATCH,UNIT_SCADA,1,"2022/10/20 21:25:00",HAMISF1,0
D,DISPATCH,UNIT_SCADA,1,"2022/10/20 21:25:00",HAUGHT11,0
D,DISPATCH,UNIT_SCADA,1,"2022/10/20 21:25:00",HAYMSF1,0
D,DISPATCH,UNIT_SCADA,1,"2022/10/20 21:25:00",HDWF1,12.90
D,DISPATCH,UNIT_SCADA,1,"2022/10/20 21:25:00",HDWF2,9.80
D,DISPATCH,UNIT_SCADA,1,"2022/10/20 21:25:00",HDWF3,11.60
D,DISPATCH,UNIT_SCADA,1,"2022/10/20 21:25:00",HILLSTN1,0
D,DISPATCH,UNIT_SCADA,1,"2022/10/20 21:25:00",HPRG1,0
D,DISPATCH,UNIT_SCADA,1,"2022/10/20 21:25:00",HPRL1,1
D,DISPATCH,UNIT_SCADA,1,"2022/10/20 21:25:00",HUMENSW,54.727470
D,DISPATCH,UNIT_SCADA,1,"2022/10/20 21:25:00",HUMEV,0
D,DISPATCH,UNIT_SCADA,1,"2022/10/20 21:25:00",HVWWBA1G,0
D,DISPATCH,UNIT_SCADA,1,"2022/10/20 21:25:00",HVWWBA1L,0.0060
D,DISPATCH,UNIT_SCADA,1,"2022/10/20 21:25:00",HVWWPV1,0
D,DISPATCH,UNIT_SCADA,1,"2022/10/20 21:25:00",JBUTTERS,0
D,DISPATCH,UNIT_SCADA,1,"2022/10/20 21:25:00",JEMALNG1,0
D,DISPATCH,UNIT_SCADA,1,"2022/10/20 21:25:00",JLA01,0
D,DISPATCH,UNIT_SCADA,1,"2022/10/20 21:25:00",JLA02,0
D,DISPATCH,UNIT_SCADA,1,"2022/10/20 21:25:00",JLA03,0
D,DISPATCH,UNIT_SCADA,1,"2022/10/20 21:25:00",JLA04,0
D,DISPATCH,UNIT_SCADA,1,"2022/10/20 21:25:00",JLB01,0
D,DISPATCH,UNIT_SCADA,1,"2022/10/20 21:25:00",JLB02,0.10
D,DISPATCH,UNIT_SCADA,1,"2022/10/20 21:25:00",JLB03,0
D,DISPATCH,UNIT_SCADA,1,"2022/10/20 21:25:00",JUNEESF1,0
D,DISPATCH,UNIT_SCADA,1,"2022/10/20 21:25:00",KABANWF1,1.5780
D,DISPATCH,UNIT_SCADA,1,"2022/10/20 21:25:00",KAREEYA1,0
D,DISPATCH,UNIT_SCADA,1,"2022/10/20 21:25:00",KAREEYA2,0
D,DISPATCH,UNIT_SCADA,1,"2022/10/20 21:25:00",KAREEYA3,4.7150
D,DISPATCH,UNIT_SCADA,1,"2022/10/20 21:25:00",KAREEYA4,0
D,DISPATCH,UNIT_SCADA,1,"2022/10/20 21:25:00",KARSF1,0
D,DISPATCH,UNIT_SCADA,1,"2022/10/20 21:25:00",KEPSF1,0
D,DISPATCH,UNIT_SCADA,1,"2022/10/20 21:25:00",KEPWF1,2.99
D,DISPATCH,UNIT_SCADA,1,"2022/10/20 21:25:00",KIAMSF1,0
D,DISPATCH,UNIT_SCADA,1,"2022/10/20 21:25:00",KIATAWF1,4.30
D,DISPATCH,UNIT_SCADA,1,"2022/10/20 21:25:00",KPP_1,0
D,DISPATCH,UNIT_SCADA,1,"2022/10/20 21:25:00",KSP1,0
D,DISPATCH,UNIT_SCADA,1,"2022/10/20 21:25:00",LADBROK1,0.01
D,DISPATCH,UNIT_SCADA,1,"2022/10/20 21:25:00",LADBROK2,0.02
D,DISPATCH,UNIT_SCADA,1,"2022/10/20 21:25:00",LBBG1,0
D,DISPATCH,UNIT_SCADA,1,"2022/10/20 21:25:00",LBBL1,0
D,DISPATCH,UNIT_SCADA,1,"2022/10/20 21:25:00",LD01,373.363430
D,DISPATCH,UNIT_SCADA,1,"2022/10/20 21:25:00",LD02,88.332770
D,DISPATCH,UNIT_SCADA,1,"2022/10/20 21:25:00",LD04,308.6337
D,DISPATCH,UNIT_SCADA,1,"2022/10/20 21:25:00",LEM_WIL,86.927190
D,DISPATCH,UNIT_SCADA,1,"2022/10/20 21:25:00",LGAPWF1,91.53
D,DISPATCH,UNIT_SCADA,1,"2022/10/20 21:25:00",LGAPWF2,57.56
D,DISPATCH,UNIT_SCADA,1,"2022/10/20 21:25:00",LILYSF1,0
D,DISPATCH,UNIT_SCADA,1,"2022/10/20 21:25:00",LIMOSF11,0
D,DISPATCH,UNIT_SCADA,1,"2022/10/20 21:25:00",LIMOSF21,0
D,DISPATCH,UNIT_SCADA,1,"2022/10/20 21:25:00",LI_WY_CA,62.790410
D,DISPATCH,UNIT_SCADA,1,"2022/10/20 21:25:00",LKBONNY1,14.914680
D,DISPATCH,UNIT_SCADA,1,"2022/10/20 21:25:00",LKBONNY2,60.104760
D,DISPATCH,UNIT_SCADA,1,"2022/10/20 21:25:00",LKBONNY3,15.127780
D,DISPATCH,UNIT_SCADA,1,"2022/10/20 21:25:00",LK_ECHO,0
D,DISPATCH,UNIT_SCADA,1,"2022/10/20 21:25:00",LNGS1,0
D,DISPATCH,UNIT_SCADA,1,"2022/10/20 21:25:00",LNGS2,0
D,DISPATCH,UNIT_SCADA,1,"2022/10/20 21:25:00",LONSDALE,0
D,DISPATCH,UNIT_SCADA,1,"2022/10/20 21:25:00",LOYYB1,580.074710
D,DISPATCH,UNIT_SCADA,1,"2022/10/20 21:25:00",LOYYB2,574.8114
D,DISPATCH,UNIT_SCADA,1,"2022/10/20 21:25:00",LYA1,556
D,DISPATCH,UNIT_SCADA,1,"2022/10/20 21:25:00",LYA2,0
D,DISPATCH,UNIT_SCADA,1,"2022/10/20 21:25:00",LYA3,558
D,DISPATCH,UNIT_SCADA,1,"2022/10/20 21:25:00",LYA4,557
D,DISPATCH,UNIT_SCADA,1,"2022/10/20 21:25:00",MACARTH1,146.596620
D,DISPATCH,UNIT_SCADA,1,"2022/10/20 21:25:00",MACKNTSH,0
D,DISPATCH,UNIT_SCADA,1,"2022/10/20 21:25:00",MANSLR1,0
D,DISPATCH,UNIT_SCADA,1,"2022/10/20 21:25:00",MAPS2PV1,0
D,DISPATCH,UNIT_SCADA,1,"2022/10/20 21:25:00",MAPS3PV1,0
D,DISPATCH,UNIT_SCADA,1,"2022/10/20 21:25:00",MARYRSF1,0
D,DISPATCH,UNIT_SCADA,1,"2022/10/20 21:25:00",MBPS2PV1,0
D,DISPATCH,UNIT_SCADA,1,"2022/10/20 21:25:00",MCKAY1,219.8550
D,DISPATCH,UNIT_SCADA,1,"2022/10/20 21:25:00",MEADOWBK,19.748780
D,DISPATCH,UNIT_SCADA,1,"2022/10/20 21:25:00",MERCER01,30.60
D,DISPATCH,UNIT_SCADA,1,"2022/10/20 21:25:00",METZSF1,0
D,DISPATCH,UNIT_SCADA,1,"2022/10/20 21:25:00",MEWF1,29.600770
D,DISPATCH,UNIT_SCADA,1,"2022/10/20 21:25:00",MIDDLSF1,0
D,DISPATCH,UNIT_SCADA,1,"2022/10/20 21:25:00",MINTARO,0.128180
D,DISPATCH,UNIT_SCADA,1,"2022/10/20 21:25:00",MOLNGSF1,0
D,DISPATCH,UNIT_SCADA,1,"2022/10/20 21:25:00",MOORAWF1,12.42
D,DISPATCH,UNIT_SCADA,1,"2022/10/20 21:25:00",MOREESF1,0
D,DISPATCH,UNIT_SCADA,1,"2022/10/20 21:25:00",MORTLK11,0
D,DISPATCH,UNIT_SCADA,1,"2022/10/20 21:25:00",MORTLK12,0
D,DISPATCH,UNIT_SCADA,1,"2022/10/20 21:25:00",MOUSF1,0
D,DISPATCH,UNIT_SCADA,1,"2022/10/20 21:25:00",MP1,0
D,DISPATCH,UNIT_SCADA,1,"2022/10/20 21:25:00",MP2,396.771180
D,DISPATCH,UNIT_SCADA,1,"2022/10/20 21:25:00",MPP_1,198.889720
D,DISPATCH,UNIT_SCADA,1,"2022/10/20 21:25:00",MPP_2,179.525670
D,DISPATCH,UNIT_SCADA,1,"2022/10/20 21:25:00",MRTLSWF1,0
D,DISPATCH,UNIT_SCADA,1,"2022/10/20 21:25:00",MSTUART1,0
D,DISPATCH,UNIT_SCADA,1,"2022/10/20 21:25:00",MSTUART2,0
D,DISPATCH,UNIT_SCADA,1,"2022/10/20 21:25:00",MSTUART3,0
D,DISPATCH,UNIT_SCADA,1,"2022/10/20 21:25:00",MTGELWF1,31.0892
D,DISPATCH,UNIT_SCADA,1,"2022/10/20 21:25:00",MTMILLAR,28.80
D,DISPATCH,UNIT_SCADA,1,"2022/10/20 21:25:00",MURRAY,0
D,DISPATCH,UNIT_SCADA,1,"2022/10/20 21:25:00",MUSSELR1,18.60
D,DISPATCH,UNIT_SCADA,1,"2022/10/20 21:25:00",MUWAWF1,34.54
D,DISPATCH,UNIT_SCADA,1,"2022/10/20 21:25:00",MUWAWF2,14.40
D,DISPATCH,UNIT_SCADA,1,"2022/10/20 21:25:00",MWPS1PV1,0
D,DISPATCH,UNIT_SCADA,1,"2022/10/20 21:25:00",MWPS2PV1,0
D,DISPATCH,UNIT_SCADA,1,"2022/10/20 21:25:00",MWPS3PV1,0
D,DISPATCH,UNIT_SCADA,1,"2022/10/20 21:25:00",MWPS4PV1,0
D,DISPATCH,UNIT_SCADA,1,"2022/10/20 21:25:00",NBHWF1,24.90
D,DISPATCH,UNIT_SCADA,1,"2022/10/20 21:25:00",NEVERSF1,0
D,DISPATCH,UNIT_SCADA,1,"2022/10/20 21:25:00",NPS,0
D,DISPATCH,UNIT_SCADA,1,"2022/10/20 21:25:00",NUMURSF1,0
D,DISPATCH,UNIT_SCADA,1,"2022/10/20 21:25:00",NYNGAN1,0
D,DISPATCH,UNIT_SCADA,1,"2022/10/20 21:25:00",OAKEY1,0
D,DISPATCH,UNIT_SCADA,1,"2022/10/20 21:25:00",OAKEY1SF,0
D,DISPATCH,UNIT_SCADA,1,"2022/10/20 21:25:00",OAKEY2,0
D,DISPATCH,UNIT_SCADA,1,"2022/10/20 21:25:00",OAKEY2SF,0
D,DISPATCH,UNIT_SCADA,1,"2022/10/20 21:25:00",OAKLAND1,17
D,DISPATCH,UNIT_SCADA,1,"2022/10/20 21:25:00",OSB-AG,179.83
D,DISPATCH,UNIT_SCADA,1,"2022/10/20 21:25:00",PAREPS1,0
D,DISPATCH,UNIT_SCADA,1,"2022/10/20 21:25:00",PAREPW1,61.18
D,DISPATCH,UNIT_SCADA,1,"2022/10/20 21:25:00",PARSF1,0.001530
D,DISPATCH,UNIT_SCADA,1,"2022/10/20 21:25:00",POAT110,3.13
D,DISPATCH,UNIT_SCADA,1,"2022/10/20 21:25:00",POAT220,0
D,DISPATCH,UNIT_SCADA,1,"2022/10/20 21:25:00",POR01,0
D,DISPATCH,UNIT_SCADA,1,"2022/10/20 21:25:00",POR03,0
D,DISPATCH,UNIT_SCADA,1,"2022/10/20 21:25:00",PPCCGT,164.156680
D,DISPATCH,UNIT_SCADA,1,"2022/10/20 21:25:00",PTSTAN1,0
D,DISPATCH,UNIT_SCADA,1,"2022/10/20 21:25:00",PUMP1,0
D,DISPATCH,UNIT_SCADA,1,"2022/10/20 21:25:00",PUMP2,0
D,DISPATCH,UNIT_SCADA,1,"2022/10/20 21:25:00",QBYNBG1,0.0025
D,DISPATCH,UNIT_SCADA,1,"2022/10/20 21:25:00",QBYNBL1,0
D,DISPATCH,UNIT_SCADA,1,"2022/10/20 21:25:00",QPS1,0
D,DISPATCH,UNIT_SCADA,1,"2022/10/20 21:25:00",QPS2,0
D,DISPATCH,UNIT_SCADA,1,"2022/10/20 21:25:00",QPS3,0
D,DISPATCH,UNIT_SCADA,1,"2022/10/20 21:25:00",QPS4,0
D,DISPATCH,UNIT_SCADA,1,"2022/10/20 21:25:00",QPS5,0
D,DISPATCH,UNIT_SCADA,1,"2022/10/20 21:25:00",REECE1,0
D,DISPATCH,UNIT_SCADA,1,"2022/10/20 21:25:00",REECE2,0
D,DISPATCH,UNIT_SCADA,1,"2022/10/20 21:25:00",ROMA_7,0
D,DISPATCH,UNIT_SCADA,1,"2022/10/20 21:25:00",ROMA_8,0
D,DISPATCH,UNIT_SCADA,1,"2022/10/20 21:25:00",RRSF1,0
D,DISPATCH,UNIT_SCADA,1,"2022/10/20 21:25:00",RT_NSW1,0
D,DISPATCH,UNIT_SCADA,1,"2022/10/20 21:25:00",RT_NSW2,0
D,DISPATCH,UNIT_SCADA,1,"2022/10/20 21:25:00",RT_NSW3,0
D,DISPATCH,UNIT_SCADA,1,"2022/10/20 21:25:00",RT_NSW4,0
D,DISPATCH,UNIT_SCADA,1,"2022/10/20 21:25:00",RT_NSW5,0
D,DISPATCH,UNIT_SCADA,1,"2022/10/20 21:25:00",RT_NSW6,0
D,DISPATCH,UNIT_SCADA,1,"2022/10/20 21:25:00",RT_QLD1,0
D,DISPATCH,UNIT_SCADA,1,"2022/10/20 21:25:00",RT_SA1,0
D,DISPATCH,UNIT_SCADA,1,"2022/10/20 21:25:00",RT_SA2,0
D,DISPATCH,UNIT_SCADA,1,"2022/10/20 21:25:00",RT_SA3,0
D,DISPATCH,UNIT_SCADA,1,"2022/10/20 21:25:00",RT_SA4,0
D,DISPATCH,UNIT_SCADA,1,"2022/10/20 21:25:00",RT_SA5,0
D,DISPATCH,UNIT_SCADA,1,"2022/10/20 21:25:00",RT_SA6,0
D,DISPATCH,UNIT_SCADA,1,"2022/10/20 21:25:00",RT_TAS1,0
D,DISPATCH,UNIT_SCADA,1,"2022/10/20 21:25:00",RT_VIC1,0
D,DISPATCH,UNIT_SCADA,1,"2022/10/20 21:25:00",RT_VIC10,0
D,DISPATCH,UNIT_SCADA,1,"2022/10/20 21:25:00",RT_VIC11,0
D,DISPATCH,UNIT_SCADA,1,"2022/10/20 21:25:00",RT_VIC12,0
D,DISPATCH,UNIT_SCADA,1,"2022/10/20 21:25:00",RT_VIC2,0
D,DISPATCH,UNIT_SCADA,1,"2022/10/20 21:25:00",RT_VIC3,0
D,DISPATCH,UNIT_SCADA,1,"2022/10/20 21:25:00",RT_VIC4,0
D,DISPATCH,UNIT_SCADA,1,"2022/10/20 21:25:00",RT_VIC5,0
D,DISPATCH,UNIT_SCADA,1,"2022/10/20 21:25:00",RT_VIC6,0
D,DISPATCH,UNIT_SCADA,1,"2022/10/20 21:25:00",RT_VIC7,0
D,DISPATCH,UNIT_SCADA,1,"2022/10/20 21:25:00",RT_VIC8,0
D,DISPATCH,UNIT_SCADA,1,"2022/10/20 21:25:00",RT_VIC9,0
D,DISPATCH,UNIT_SCADA,1,"2022/10/20 21:25:00",RUGBYR1,0
D,DISPATCH,UNIT_SCADA,1,"2022/10/20 21:25:00",SALTCRK1,31.24
D,DISPATCH,UNIT_SCADA,1,"2022/10/20 21:25:00",SAPHWF1,250.853740
D,DISPATCH,UNIT_SCADA,1,"2022/10/20 21:25:00",SEBSF1,0
D,DISPATCH,UNIT_SCADA,1,"2022/10/20 21:25:00",SHGEN,0
D,DISPATCH,UNIT_SCADA,1,"2022/10/20 21:25:00",SHPUMP,0
D,DISPATCH,UNIT_SCADA,1,"2022/10/20 21:25:00",SITHE01,0.1639
D,DISPATCH,UNIT_SCADA,1,"2022/10/20 21:25:00",SMCSF1,0
D,DISPATCH,UNIT_SCADA,1,"2022/10/20 21:25:00",SNAPPER1,0
D,DISPATCH,UNIT_SCADA,1,"2022/10/20 21:25:00",SNOWNTH1,75.50
D,DISPATCH,UNIT_SCADA,1,"2022/10/20 21:25:00",SNOWSTH1,29.30
D,DISPATCH,UNIT_SCADA,1,"2022/10/20 21:25:00",SNOWTWN1,48.781460
D,DISPATCH,UNIT_SCADA,1,"2022/10/20 21:25:00",SNOWYP,0
D,DISPATCH,UNIT_SCADA,1,"2022/10/20 21:25:00",SNUG1,0
D,DISPATCH,UNIT_SCADA,1,"2022/10/20 21:25:00",SRSF1,0
D,DISPATCH,UNIT_SCADA,1,"2022/10/20 21:25:00",STAN-1,280.953370
D,DISPATCH,UNIT_SCADA,1,"2022/10/20 21:25:00",STAN-2,364.153690
D,DISPATCH,UNIT_SCADA,1,"2022/10/20 21:25:00",STAN-3,364.589510
D,DISPATCH,UNIT_SCADA,1,"2022/10/20 21:25:00",STAN-4,365.166290
D,DISPATCH,UNIT_SCADA,1,"2022/10/20 21:25:00",STARHLWF,20.893910
D,DISPATCH,UNIT_SCADA,1,"2022/10/20 21:25:00",STOCKYD1,171.009990
D,DISPATCH,UNIT_SCADA,1,"2022/10/20 21:25:00",STWF1,52.916460
D,DISPATCH,UNIT_SCADA,1,"2022/10/20 21:25:00",SUNRSF1,0
D,DISPATCH,UNIT_SCADA,1,"2022/10/20 21:25:00",SUNTPSF1,0
D,DISPATCH,UNIT_SCADA,1,"2022/10/20 21:25:00",SWAN_E,264.588750
D,DISPATCH,UNIT_SCADA,1,"2022/10/20 21:25:00",TALWA1,0
D,DISPATCH,UNIT_SCADA,1,"2022/10/20 21:25:00",TARALGA1,0
D,DISPATCH,UNIT_SCADA,1,"2022/10/20 21:25:00",TARONG#1,349.700010
D,DISPATCH,UNIT_SCADA,1,"2022/10/20 21:25:00",TARONG#2,350.399990
D,DISPATCH,UNIT_SCADA,1,"2022/10/20 21:25:00",TARONG#3,0.90
D,DISPATCH,UNIT_SCADA,1,"2022/10/20 21:25:00",TARONG#4,295.100010
D,DISPATCH,UNIT_SCADA,1,"2022/10/20 21:25:00",TARRALEA,54
D,DISPATCH,UNIT_SCADA,1,"2022/10/20 21:25:00",TBSF1,0
D,DISPATCH,UNIT_SCADA,1,"2022/10/20 21:25:00",TNPS1,419.1250
D,DISPATCH,UNIT_SCADA,1,"2022/10/20 21:25:00",TORRB1,0
D,DISPATCH,UNIT_SCADA,1,"2022/10/20 21:25:00",TORRB2,60
D,DISPATCH,UNIT_SCADA,1,"2022/10/20 21:25:00",TORRB3,0
D,DISPATCH,UNIT_SCADA,1,"2022/10/20 21:25:00",TORRB4,0
D,DISPATCH,UNIT_SCADA,1,"2022/10/20 21:25:00",TREVALLN,97.918820
D,DISPATCH,UNIT_SCADA,1,"2022/10/20 21:25:00",TRIBUTE,0
D,DISPATCH,UNIT_SCADA,1,"2022/10/20 21:25:00",TUMUT3,289.25
D,DISPATCH,UNIT_SCADA,1,"2022/10/20 21:25:00",TUNGATIN,2.900020
D,DISPATCH,UNIT_SCADA,1,"2022/10/20 21:25:00",TVCC201,0
D,DISPATCH,UNIT_SCADA,1,"2022/10/20 21:25:00",TVPP104,0
D,DISPATCH,UNIT_SCADA,1,"2022/10/20 21:25:00",UPPTUMUT,0
D,DISPATCH,UNIT_SCADA,1,"2022/10/20 21:25:00",URANQ11,0
D,DISPATCH,UNIT_SCADA,1,"2022/10/20 21:25:00",URANQ12,0
D,DISPATCH,UNIT_SCADA,1,"2022/10/20 21:25:00",URANQ13,0
D,DISPATCH,UNIT_SCADA,1,"2022/10/20 21:25:00",URANQ14,0
D,DISPATCH,UNIT_SCADA,1,"2022/10/20 21:25:00",VBBG1,2.40
D,DISPATCH,UNIT_SCADA,1,"2022/10/20 21:25:00",VBBL1,0
D,DISPATCH,UNIT_SCADA,1,"2022/10/20 21:25:00",VP5,560.954590
D,DISPATCH,UNIT_SCADA,1,"2022/10/20 21:25:00",VP6,597.088560
D,DISPATCH,UNIT_SCADA,1,"2022/10/20 21:25:00",VPGS1,0
D,DISPATCH,UNIT_SCADA,1,"2022/10/20 21:25:00",VPGS2,0
D,DISPATCH,UNIT_SCADA,1,"2022/10/20 21:25:00",VPGS3,0
D,DISPATCH,UNIT_SCADA,1,"2022/10/20 21:25:00",VPGS4,0
D,DISPATCH,UNIT_SCADA,1,"2022/10/20 21:25:00",VPGS5,0
D,DISPATCH,UNIT_SCADA,1,"2022/10/20 21:25:00",VPGS6,0
D,DISPATCH,UNIT_SCADA,1,"2022/10/20 21:25:00",W/HOE#1,0
D,DISPATCH,UNIT_SCADA,1,"2022/10/20 21:25:00",W/HOE#2,0
D,DISPATCH,UNIT_SCADA,1,"2022/10/20 21:25:00",WAGGNSF1,0
D,DISPATCH,UNIT_SCADA,1,"2022/10/20 21:25:00",WALGRVG1,0.000930
D,DISPATCH,UNIT_SCADA,1,"2022/10/20 21:25:00",WALGRVL1,0
D,DISPATCH,UNIT_SCADA,1,"2022/10/20 21:25:00",WANDBG1,0
D,DISPATCH,UNIT_SCADA,1,"2022/10/20 21:25:00",WANDBL1,0.122570
D,DISPATCH,UNIT_SCADA,1,"2022/10/20 21:25:00",WARWSF1,0
D,DISPATCH,UNIT_SCADA,1,"2022/10/20 21:25:00",WARWSF2,0
D,DISPATCH,UNIT_SCADA,1,"2022/10/20 21:25:00",WATERLWF,24.70
D,DISPATCH,UNIT_SCADA,1,"2022/10/20 21:25:00",WDGPH1,0
D,DISPATCH,UNIT_SCADA,1,"2022/10/20 21:25:00",WELLSF1,0
D,DISPATCH,UNIT_SCADA,1,"2022/10/20 21:25:00",WEMENSF1,0
D,DISPATCH,UNIT_SCADA,1,"2022/10/20 21:25:00",WGWF1,47.90
D,DISPATCH,UNIT_SCADA,1,"2022/10/20 21:25:00",WHITSF1,0
D,DISPATCH,UNIT_SCADA,1,"2022/10/20 21:25:00",WINTSF1,0
D,DISPATCH,UNIT_SCADA,1,"2022/10/20 21:25:00",WKIEWA1,33.80
D,DISPATCH,UNIT_SCADA,1,"2022/10/20 21:25:00",WKIEWA2,33.90
D,DISPATCH,UNIT_SCADA,1,"2022/10/20 21:25:00",WOODLWN1,33.227560
D,DISPATCH,UNIT_SCADA,1,"2022/10/20 21:25:00",WOOLGSF1,0
D,DISPATCH,UNIT_SCADA,1,"2022/10/20 21:25:00",WPWF,54.46
D,DISPATCH,UNIT_SCADA,1,"2022/10/20 21:25:00",WRSF1,0
D,DISPATCH,UNIT_SCADA,1,"2022/10/20 21:25:00",WRWF1,137.656520
D,DISPATCH,UNIT_SCADA,1,"2022/10/20 21:25:00",WSTWYSF1,0
D,DISPATCH,UNIT_SCADA,1,"2022/10/20 21:25:00",YABULU,0
D,DISPATCH,UNIT_SCADA,1,"2022/10/20 21:25:00",YABULU2,0
D,DISPATCH,UNIT_SCADA,1,"2022/10/20 21:25:00",YARANSF1,0
D,DISPATCH,UNIT_SCADA,1,"2022/10/20 21:25:00",YARWUN_1,162.429990
D,DISPATCH,UNIT_SCADA,1,"2022/10/20 21:25:00",YATSF1,0
D,DISPATCH,UNIT_SCADA,1,"2022/10/20 21:25:00",YENDWF1,12.14
D,DISPATCH,UNIT_SCADA,1,"2022/10/20 21:25:00",YWPS1,319.546840
D,DISPATCH,UNIT_SCADA,1,"2022/10/20 21:25:00",YWPS2,358.896210
D,DISPATCH,UNIT_SCADA,1,"2022/10/20 21:25:00",YWPS3,358.541780
D,DISPATCH,UNIT_SCADA,1,"2022/10/20 21:25:00",YWPS4,0
C,"END OF REPORT",419
