C,NEMP.WORLD,DISPATCHSCADA,AEMO,PUBLIC,2022/10/20,06:55:09,0000000373235961,DISPATCHSCADA,0000000373235955
I,DISPATCH,UNIT_SCADA,1,SETTLEMENTDATE,DUID,SCADAVALUE
D,DISPATCH,UNIT_SCADA,1,"2022/10/20 07:00:00",BARCSF1,5
D,DISPATCH,UNIT_SCADA,1,"2022/10/20 07:00:00",BUTLERSG,8.699999
D,DISPATCH,UNIT_SCADA,1,"2022/10/20 07:00:00",CAPTL_WF,46.133518
D,DISPATCH,UNIT_SCADA,1,"2022/10/20 07:00:00",CHALLHWF,16.10
D,DISPATCH,UNIT_SCADA,1,"2022/10/20 07:00:00",CLOVER,13.27
D,DISPATCH,UNIT_SCADA,1,"2022/10/20 07:00:00",CLUNY,6.200503
D,DISPATCH,UNIT_SCADA,1,"2022/10/20 07:00:00",CULLRGWF,-0.04
D,DISPATCH,UNIT_SCADA,1,"2022/10/20 07:00:00",DIAPURWF1,7.30
D,DISPATCH,UNIT_SCADA,1,"2022/10/20 07:00:00",ERGT01,0
D,DISPATCH,UNIT_SCADA,1,"2022/10/20 07:00:00",GB01,0
D,DISPATCH,UNIT_SCADA,1,"2022/10/20 07:00:00",GERMCRK,23
D,DISPATCH,UNIT_SCADA,1,"2022/10/20 07:00:00",GRIFSF1,1.701381
D,DISPATCH,UNIT_SCADA,1,"2022/10/20 07:00:00",HEZ1,0
D,DISPATCH,UNIT_SCADA,1,"2022/10/20 07:00:00",HUGSF1,0.3290
D,DISPATCH,UNIT_SCADA,1,"2022/10/20 07:00:00",KEPBG1,0.01
D,DISPATCH,UNIT_SCADA,1,"2022/10/20 07:00:00",LRSF1,1.97
D,DISPATCH,UNIT_SCADA,1,"2022/10/20 07:00:00",MBAHNTH,47.850006
D,DISPATCH,UNIT_SCADA,1,"2022/10/20 07:00:00",MLSP1,3.079001
D,DISPATCH,UNIT_SCADA,1,"2022/10/20 07:00:00",MLWF1,4.2150
D,DISPATCH,UNIT_SCADA,1,"2022/10/20 07:00:00",PALOONA,30.469999
D,DISPATCH,UNIT_SCADA,1,"2022/10/20 07:00:00",PIONEER,40.100002
D,DISPATCH,UNIT_SCADA,1,"2022/10/20 07:00:00",PORTWF,47.299999
D,DISPATCH,UNIT_SCADA,1,"2022/10/20 07:00:00",REPULSE,9.384298
D,DISPATCH,UNIT_SCADA,1,"2022/10/20 07:00:00",ROWALLAN,8.9247
D,DISPATCH,UNIT_SCADA,1,"2022/10/20 07:00:00",ROYALLA1,5.272003
D,DISPATCH,UNIT_SCADA,1,"2022/10/20 07:00:00",RPCG,-1.20
D,DISPATCH,UNIT_SCADA,1,"2022/10/20 07:00:00",RUBICON,0
D,DISPATCH,UNIT_SCADA,1,"2022/10/20 07:00:00",WAUBRAWF,64.550003
D,DISPATCH,UNIT_SCADA,1,"2022/10/20 07:00:00",WOOLNTH1,25.25
D,DISPATCH,UNIT_SCADA,1,"2022/10/20 07:00:00",YAMBUKWF,5.50
D,DISPATCH,UNIT_SCADA,1,"2022/10/20 07:00:00",YSWF1,0.40
D,DISPATCH,UNIT_SCADA,1,"2022/10/20 07:00:00",ADPBA1G,0.0080
D,DISPATCH,UNIT_SCADA,1,"2022/10/20 07:00:00",ADPBA1L,0
D,DISPATCH,UNIT_SCADA,1,"2022/10/20 07:00:00",ADPPV1,2.7170
D,DISPATCH,UNIT_SCADA,1,"2022/10/20 07:00:00",AGLHAL,0
D,DISPATCH,UNIT_SCADA,1,"2022/10/20 07:00:00",AGLSOM,0
D,DISPATCH,UNIT_SCADA,1,"2022/10/20 07:00:00",ANGAST1,0
D,DISPATCH,UNIT_SCADA,1,"2022/10/20 07:00:00",ARWF1,5.80
D,DISPATCH,UNIT_SCADA,1,"2022/10/20 07:00:00",BALBG1,0
D,DISPATCH,UNIT_SCADA,1,"2022/10/20 07:00:00",BALBL1,0
D,DISPATCH,UNIT_SCADA,1,"2022/10/20 07:00:00",BALDHWF1,0
D,DISPATCH,UNIT_SCADA,1,"2022/10/20 07:00:00",BANGOWF1,43.196460
D,DISPATCH,UNIT_SCADA,1,"2022/10/20 07:00:00",BANGOWF2,45.6978
D,DISPATCH,UNIT_SCADA,1,"2022/10/20 07:00:00",BANN1,9.48
D,DISPATCH,UNIT_SCADA,1,"2022/10/20 07:00:00",BARCALDN,0
D,DISPATCH,UNIT_SCADA,1,"2022/10/20 07:00:00",BARKIPS1,0
D,DISPATCH,UNIT_SCADA,1,"2022/10/20 07:00:00",BARRON-1,28.04
D,DISPATCH,UNIT_SCADA,1,"2022/10/20 07:00:00",BARRON-2,0
D,DISPATCH,UNIT_SCADA,1,"2022/10/20 07:00:00",BASTYAN,50.45
D,DISPATCH,UNIT_SCADA,1,"2022/10/20 07:00:00",BBTHREE1,-1.07
D,DISPATCH,UNIT_SCADA,1,"2022/10/20 07:00:00",BBTHREE2,0
D,DISPATCH,UNIT_SCADA,1,"2022/10/20 07:00:00",BBTHREE3,0
D,DISPATCH,UNIT_SCADA,1,"2022/10/20 07:00:00",BDL01,0
D,DISPATCH,UNIT_SCADA,1,"2022/10/20 07:00:00",BDL02,0
D,DISPATCH,UNIT_SCADA,1,"2022/10/20 07:00:00",BERYLSF1,3.110410
D,DISPATCH,UNIT_SCADA,1,"2022/10/20 07:00:00",BLOWERNG,62.40
D,DISPATCH,UNIT_SCADA,1,"2022/10/20 07:00:00",BLUEGSF1,7.523330
D,DISPATCH,UNIT_SCADA,1,"2022/10/20 07:00:00",BLUFF1,3.60
D,DISPATCH,UNIT_SCADA,1,"2022/10/20 07:00:00",BNGSF1,5.65
D,DISPATCH,UNIT_SCADA,1,"2022/10/20 07:00:00",BNGSF2,6.26
D,DISPATCH,UNIT_SCADA,1,"2022/10/20 07:00:00",BOCORWF1,0
D,DISPATCH,UNIT_SCADA,1,"2022/10/20 07:00:00",BODWF1,104.571610
D,DISPATCH,UNIT_SCADA,1,"2022/10/20 07:00:00",BOMENSF1,17.181050
D,DISPATCH,UNIT_SCADA,1,"2022/10/20 07:00:00",BOWWBA1G,0
D,DISPATCH,UNIT_SCADA,1,"2022/10/20 07:00:00",BOWWBA1L,0.0020
D,DISPATCH,UNIT_SCADA,1,"2022/10/20 07:00:00",BOWWPV1,0
D,DISPATCH,UNIT_SCADA,1,"2022/10/20 07:00:00",BRAEMAR1,0
D,DISPATCH,UNIT_SCADA,1,"2022/10/20 07:00:00",BRAEMAR2,0
D,DISPATCH,UNIT_SCADA,1,"2022/10/20 07:00:00",BRAEMAR3,0
D,DISPATCH,UNIT_SCADA,1,"2022/10/20 07:00:00",BRAEMAR5,0.292060
D,DISPATCH,UNIT_SCADA,1,"2022/10/20 07:00:00",BRAEMAR6,0
D,DISPATCH,UNIT_SCADA,1,"2022/10/20 07:00:00",BRAEMAR7,0.130920
D,DISPATCH,UNIT_SCADA,1,"2022/10/20 07:00:00",BROKENH1,5.099920
D,DISPATCH,UNIT_SCADA,1,"2022/10/20 07:00:00",BRYB1WF1,105.931180
D,DISPATCH,UNIT_SCADA,1,"2022/10/20 07:00:00",BULBESG1,20.14
D,DISPATCH,UNIT_SCADA,1,"2022/10/20 07:00:00",BULBESL1,0
D,DISPATCH,UNIT_SCADA,1,"2022/10/20 07:00:00",BULGANA1,45.05
D,DISPATCH,UNIT_SCADA,1,"2022/10/20 07:00:00",BW01,659.543760
D,DISPATCH,UNIT_SCADA,1,"2022/10/20 07:00:00",BW02,618.918150
D,DISPATCH,UNIT_SCADA,1,"2022/10/20 07:00:00",BW03,549.507870
D,DISPATCH,UNIT_SCADA,1,"2022/10/20 07:00:00",BW04,0
D,DISPATCH,UNIT_SCADA,1,"2022/10/20 07:00:00",CALL_B_1,319.800020
D,DISPATCH,UNIT_SCADA,1,"2022/10/20 07:00:00",CALL_B_2,319.700010
D,DISPATCH,UNIT_SCADA,1,"2022/10/20 07:00:00",CATHROCK,3.40
D,DISPATCH,UNIT_SCADA,1,"2022/10/20 07:00:00",CBWWBA1G,0
D,DISPATCH,UNIT_SCADA,1,"2022/10/20 07:00:00",CBWWBA1L,0
D,DISPATCH,UNIT_SCADA,1,"2022/10/20 07:00:00",CETHANA,97.7055
D,DISPATCH,UNIT_SCADA,1,"2022/10/20 07:00:00",CG1,0
D,DISPATCH,UNIT_SCADA,1,"2022/10/20 07:00:00",CG2,0
D,DISPATCH,UNIT_SCADA,1,"2022/10/20 07:00:00",CG3,0
D,DISPATCH,UNIT_SCADA,1,"2022/10/20 07:00:00",CG4,0
D,DISPATCH,UNIT_SCADA,1,"2022/10/20 07:00:00",CHILDSF1,3.48
D,DISPATCH,UNIT_SCADA,1,"2022/10/20 07:00:00",CHYTWF1,4.90
D,DISPATCH,UNIT_SCADA,1,"2022/10/20 07:00:00",CLARESF1,5.254910
D,DISPATCH,UNIT_SCADA,1,"2022/10/20 07:00:00",CLEMGPWF,8.932340
D,DISPATCH,UNIT_SCADA,1,"2022/10/20 07:00:00",CLERMSF1,0.26
D,DISPATCH,UNIT_SCADA,1,"2022/10/20 07:00:00",CNUNDAWF,14.617050
D,DISPATCH,UNIT_SCADA,1,"2022/10/20 07:00:00",COHUNSF1,1.60
D,DISPATCH,UNIT_SCADA,1,"2022/10/20 07:00:00",COLEASF1,9.396890
D,DISPATCH,UNIT_SCADA,1,"2022/10/20 07:00:00",COLUMSF1,4.7480
D,DISPATCH,UNIT_SCADA,1,"2022/10/20 07:00:00",COLWF01,90.788130
D,DISPATCH,UNIT_SCADA,1,"2022/10/20 07:00:00",COOPGWF1,333.399990
D,DISPATCH,UNIT_SCADA,1,"2022/10/20 07:00:00",CPP_3,360.800020
D,DISPATCH,UNIT_SCADA,1,"2022/10/20 07:00:00",CPP_4,0
D,DISPATCH,UNIT_SCADA,1,"2022/10/20 07:00:00",CPSA,0
D,DISPATCH,UNIT_SCADA,1,"2022/10/20 07:00:00",CROOKWF2,34.343180
D,DISPATCH,UNIT_SCADA,1,"2022/10/20 07:00:00",CROWLWF1,48.080890
D,DISPATCH,UNIT_SCADA,1,"2022/10/20 07:00:00",CRURWF1,74.499050
D,DISPATCH,UNIT_SCADA,1,"2022/10/20 07:00:00",CRWASF1,15.2320
D,DISPATCH,UNIT_SCADA,1,"2022/10/20 07:00:00",CSPVPS1,5.1660
D,DISPATCH,UNIT_SCADA,1,"2022/10/20 07:00:00",CTHLWF1,0.003050
D,DISPATCH,UNIT_SCADA,1,"2022/10/20 07:00:00",DALNTH01,0
D,DISPATCH,UNIT_SCADA,1,"2022/10/20 07:00:00",DALNTHL1,0.083920
D,DISPATCH,UNIT_SCADA,1,"2022/10/20 07:00:00",DARLSF1,38.150060
D,DISPATCH,UNIT_SCADA,1,"2022/10/20 07:00:00",DARTM1,0
D,DISPATCH,UNIT_SCADA,1,"2022/10/20 07:00:00",DAYDSF1,8.5810
D,DISPATCH,UNIT_SCADA,1,"2022/10/20 07:00:00",DDPS1,0
D,DISPATCH,UNIT_SCADA,1,"2022/10/20 07:00:00",DDSF1,6.814720
D,DISPATCH,UNIT_SCADA,1,"2022/10/20 07:00:00",DEVILS_G,57.860650
D,DISPATCH,UNIT_SCADA,1,"2022/10/20 07:00:00",DG_NSW1,0
D,DISPATCH,UNIT_SCADA,1,"2022/10/20 07:00:00",DG_QLD1,0
D,DISPATCH,UNIT_SCADA,1,"2022/10/20 07:00:00",DG_SA1,0
D,DISPATCH,UNIT_SCADA,1,"2022/10/20 07:00:00",DG_TAS1,0
D,DISPATCH,UNIT_SCADA,1,"2022/10/20 07:00:00",DG_VIC1,0
D,DISPATCH,UNIT_SCADA,1,"2022/10/20 07:00:00",DRYCGT1,0
D,DISPATCH,UNIT_SCADA,1,"2022/10/20 07:00:00",DRYCGT2,0
D,DISPATCH,UNIT_SCADA,1,"2022/10/20 07:00:00",DRYCGT3,0
D,DISPATCH,UNIT_SCADA,1,"2022/10/20 07:00:00",DUNDWF1,54.16
D,DISPATCH,UNIT_SCADA,1,"2022/10/20 07:00:00",DUNDWF2,15.62
D,DISPATCH,UNIT_SCADA,1,"2022/10/20 07:00:00",DUNDWF3,41.14
D,DISPATCH,UNIT_SCADA,1,"2022/10/20 07:00:00",EILDON1,59.76
D,DISPATCH,UNIT_SCADA,1,"2022/10/20 07:00:00",EILDON2,59.88
D,DISPATCH,UNIT_SCADA,1,"2022/10/20 07:00:00",ELAINWF1,17.06
D,DISPATCH,UNIT_SCADA,1,"2022/10/20 07:00:00",EMERASF1,0
D,DISPATCH,UNIT_SCADA,1,"2022/10/20 07:00:00",ER01,0
D,DISPATCH,UNIT_SCADA,1,"2022/10/20 07:00:00",ER02,679.124150
D,DISPATCH,UNIT_SCADA,1,"2022/10/20 07:00:00",ER03,679.5636
D,DISPATCH,UNIT_SCADA,1,"2022/10/20 07:00:00",ER04,686.375240
D,DISPATCH,UNIT_SCADA,1,"2022/10/20 07:00:00",FINLYSF1,80.918590
D,DISPATCH,UNIT_SCADA,1,"2022/10/20 07:00:00",FISHER,45.92
D,DISPATCH,UNIT_SCADA,1,"2022/10/20 07:00:00",GANGARR1,8.3550
D,DISPATCH,UNIT_SCADA,1,"2022/10/20 07:00:00",GANNBG1,14.933280
D,DISPATCH,UNIT_SCADA,1,"2022/10/20 07:00:00",GANNBL1,0
D,DISPATCH,UNIT_SCADA,1,"2022/10/20 07:00:00",GANNSF1,8.20
D,DISPATCH,UNIT_SCADA,1,"2022/10/20 07:00:00",GLRWNSF1,65.55
D,DISPATCH,UNIT_SCADA,1,"2022/10/20 07:00:00",GNNDHSF1,5.974590
D,DISPATCH,UNIT_SCADA,1,"2022/10/20 07:00:00",GOONSF1,5.9144
D,DISPATCH,UNIT_SCADA,1,"2022/10/20 07:00:00",GORDON,256.696010
D,DISPATCH,UNIT_SCADA,1,"2022/10/20 07:00:00",GRANWF1,10.30
D,DISPATCH,UNIT_SCADA,1,"2022/10/20 07:00:00",GSTONE1,200.3750
D,DISPATCH,UNIT_SCADA,1,"2022/10/20 07:00:00",GSTONE2,0
D,DISPATCH,UNIT_SCADA,1,"2022/10/20 07:00:00",GSTONE3,199.849990
D,DISPATCH,UNIT_SCADA,1,"2022/10/20 07:00:00",GSTONE4,0
D,DISPATCH,UNIT_SCADA,1,"2022/10/20 07:00:00",GSTONE5,200.724990
D,DISPATCH,UNIT_SCADA,1,"2022/10/20 07:00:00",GSTONE6,200.724990
D,DISPATCH,UNIT_SCADA,1,"2022/10/20 07:00:00",GULLRSF1,0.2650
D,DISPATCH,UNIT_SCADA,1,"2022/10/20 07:00:00",GULLRWF1,76.653850
D,DISPATCH,UNIT_SCADA,1,"2022/10/20 07:00:00",GULLRWF2,95.2036
D,DISPATCH,UNIT_SCADA,1,"2022/10/20 07:00:00",GUNNING1,0
D,DISPATCH,UNIT_SCADA,1,"2022/10/20 07:00:00",GUTHEGA,67.70
D,DISPATCH,UNIT_SCADA,1,"2022/10/20 07:00:00",HALLWF1,58.29
D,DISPATCH,UNIT_SCADA,1,"2022/10/20 07:00:00",HALLWF2,52.35
D,DISPATCH,UNIT_SCADA,1,"2022/10/20 07:00:00",HAMISF1,3.20
D,DISPATCH,UNIT_SCADA,1,"2022/10/20 07:00:00",HAUGHT11,10.883070
D,DISPATCH,UNIT_SCADA,1,"2022/10/20 07:00:00",HAYMSF1,2.4690
D,DISPATCH,UNIT_SCADA,1,"2022/10/20 07:00:00",HDWF1,26.50
D,DISPATCH,UNIT_SCADA,1,"2022/10/20 07:00:00",HDWF2,13.50
D,DISPATCH,UNIT_SCADA,1,"2022/10/20 07:00:00",HDWF3,16.80
D,DISPATCH,UNIT_SCADA,1,"2022/10/20 07:00:00",HILLSTN1,1.5360
D,DISPATCH,UNIT_SCADA,1,"2022/10/20 07:00:00",HPRG1,0.10
D,DISPATCH,UNIT_SCADA,1,"2022/10/20 07:00:00",HPRL1,0
D,DISPATCH,UNIT_SCADA,1,"2022/10/20 07:00:00",HUMENSW,54.813610
D,DISPATCH,UNIT_SCADA,1,"2022/10/20 07:00:00",HUMEV,0
D,DISPATCH,UNIT_SCADA,1,"2022/10/20 07:00:00",HVWWBA1G,0
D,DISPATCH,UNIT_SCADA,1,"2022/10/20 07:00:00",HVWWBA1L,0.0070
D,DISPATCH,UNIT_SCADA,1,"2022/10/20 07:00:00",HVWWPV1,1.8470
D,DISPATCH,UNIT_SCADA,1,"2022/10/20 07:00:00",JBUTTERS,0
D,DISPATCH,UNIT_SCADA,1,"2022/10/20 07:00:00",JEMALNG1,0.03
D,DISPATCH,UNIT_SCADA,1,"2022/10/20 07:00:00",JLA01,0
D,DISPATCH,UNIT_SCADA,1,"2022/10/20 07:00:00",JLA02,0
D,DISPATCH,UNIT_SCADA,1,"2022/10/20 07:00:00",JLA03,0
D,DISPATCH,UNIT_SCADA,1,"2022/10/20 07:00:00",JLA04,0
D,DISPATCH,UNIT_SCADA,1,"2022/10/20 07:00:00",JLB01,0
D,DISPATCH,UNIT_SCADA,1,"2022/10/20 07:00:00",JLB02,0.10
D,DISPATCH,UNIT_SCADA,1,"2022/10/20 07:00:00",JLB03,0
D,DISPATCH,UNIT_SCADA,1,"2022/10/20 07:00:00",JUNEESF1,3.803780
D,DISPATCH,UNIT_SCADA,1,"2022/10/20 07:00:00",KABANWF1,1.0250
D,DISPATCH,UNIT_SCADA,1,"2022/10/20 07:00:00",KAREEYA1,17.9675
D,DISPATCH,UNIT_SCADA,1,"2022/10/20 07:00:00",KAREEYA2,0
D,DISPATCH,UNIT_SCADA,1,"2022/10/20 07:00:00",KAREEYA3,21.42
D,DISPATCH,UNIT_SCADA,1,"2022/10/20 07:00:00",KAREEYA4,0
D,DISPATCH,UNIT_SCADA,1,"2022/10/20 07:00:00",KARSF1,11.90
D,DISPATCH,UNIT_SCADA,1,"2022/10/20 07:00:00",KEPSF1,1.13
D,DISPATCH,UNIT_SCADA,1,"2022/10/20 07:00:00",KEPWF1,0
D,DISPATCH,UNIT_SCADA,1,"2022/10/20 07:00:00",KIAMSF1,2.307930
D,DISPATCH,UNIT_SCADA,1,"2022/10/20 07:00:00",KIATAWF1,30.80
D,DISPATCH,UNIT_SCADA,1,"2022/10/20 07:00:00",KPP_1,0
D,DISPATCH,UNIT_SCADA,1,"2022/10/20 07:00:00",KSP1,24.32
D,DISPATCH,UNIT_SCADA,1,"2022/10/20 07:00:00",LADBROK1,0.01
D,DISPATCH,UNIT_SCADA,1,"2022/10/20 07:00:00",LADBROK2,37.98
D,DISPATCH,UNIT_SCADA,1,"2022/10/20 07:00:00",LBBG1,24
D,DISPATCH,UNIT_SCADA,1,"2022/10/20 07:00:00",LBBL1,0
D,DISPATCH,UNIT_SCADA,1,"2022/10/20 07:00:00",LD01,319.8584
D,DISPATCH,UNIT_SCADA,1,"2022/10/20 07:00:00",LD02,0
D,DISPATCH,UNIT_SCADA,1,"2022/10/20 07:00:00",LD04,320.737340
D,DISPATCH,UNIT_SCADA,1,"2022/10/20 07:00:00",LEM_WIL,86.845890
D,DISPATCH,UNIT_SCADA,1,"2022/10/20 07:00:00",LGAPWF1,86.17
D,DISPATCH,UNIT_SCADA,1,"2022/10/20 07:00:00",LGAPWF2,59.08
D,DISPATCH,UNIT_SCADA,1,"2022/10/20 07:00:00",LILYSF1,10.944510
D,DISPATCH,UNIT_SCADA,1,"2022/10/20 07:00:00",LIMOSF11,11.0428
D,DISPATCH,UNIT_SCADA,1,"2022/10/20 07:00:00",LIMOSF21,1.1762
D,DISPATCH,UNIT_SCADA,1,"2022/10/20 07:00:00",LI_WY_CA,76.8606
D,DISPATCH,UNIT_SCADA,1,"2022/10/20 07:00:00",LKBONNY1,0
D,DISPATCH,UNIT_SCADA,1,"2022/10/20 07:00:00",LKBONNY2,26.697590
D,DISPATCH,UNIT_SCADA,1,"2022/10/20 07:00:00",LKBONNY3,7.815090
D,DISPATCH,UNIT_SCADA,1,"2022/10/20 07:00:00",LK_ECHO,0
D,DISPATCH,UNIT_SCADA,1,"2022/10/20 07:00:00",LNGS1,0
D,DISPATCH,UNIT_SCADA,1,"2022/10/20 07:00:00",LNGS2,0
D,DISPATCH,UNIT_SCADA,1,"2022/10/20 07:00:00",LONSDALE,0
D,DISPATCH,UNIT_SCADA,1,"2022/10/20 07:00:00",LOYYB1,581.202510
D,DISPATCH,UNIT_SCADA,1,"2022/10/20 07:00:00",LOYYB2,574.8114
D,DISPATCH,UNIT_SCADA,1,"2022/10/20 07:00:00",LYA1,560
D,DISPATCH,UNIT_SCADA,1,"2022/10/20 07:00:00",LYA2,0
D,DISPATCH,UNIT_SCADA,1,"2022/10/20 07:00:00",LYA3,559
D,DISPATCH,UNIT_SCADA,1,"2022/10/20 07:00:00",LYA4,560
D,DISPATCH,UNIT_SCADA,1,"2022/10/20 07:00:00",MACARTH1,19.599550
D,DISPATCH,UNIT_SCADA,1,"2022/10/20 07:00:00",MACKNTSH,0
D,DISPATCH,UNIT_SCADA,1,"2022/10/20 07:00:00",MANSLR1,0.1130
D,DISPATCH,UNIT_SCADA,1,"2022/10/20 07:00:00",MAPS2PV1,0
D,DISPATCH,UNIT_SCADA,1,"2022/10/20 07:00:00",MAPS3PV1,0
D,DISPATCH,UNIT_SCADA,1,"2022/10/20 07:00:00",MARYRSF1,4.24
D,DISPATCH,UNIT_SCADA,1,"2022/10/20 07:00:00",MBPS2PV1,0
D,DISPATCH,UNIT_SCADA,1,"2022/10/20 07:00:00",MCKAY1,239.709990
D,DISPATCH,UNIT_SCADA,1,"2022/10/20 07:00:00",MEADOWBK,19.691620
D,DISPATCH,UNIT_SCADA,1,"2022/10/20 07:00:00",MERCER01,18.60
D,DISPATCH,UNIT_SCADA,1,"2022/10/20 07:00:00",METZSF1,64.269970
D,DISPATCH,UNIT_SCADA,1,"2022/10/20 07:00:00",MEWF1,5
D,DISPATCH,UNIT_SCADA,1,"2022/10/20 07:00:00",MIDDLSF1,1.70
D,DISPATCH,UNIT_SCADA,1,"2022/10/20 07:00:00",MINTARO,0.128180
D,DISPATCH,UNIT_SCADA,1,"2022/10/20 07:00:00",MOLNGSF1,0.479740
D,DISPATCH,UNIT_SCADA,1,"2022/10/20 07:00:00",MOORAWF1,28.64
D,DISPATCH,UNIT_SCADA,1,"2022/10/20 07:00:00",MOREESF1,1.5740
D,DISPATCH,UNIT_SCADA,1,"2022/10/20 07:00:00",MORTLK11,0
D,DISPATCH,UNIT_SCADA,1,"2022/10/20 07:00:00",MORTLK12,0
D,DISPATCH,UNIT_SCADA,1,"2022/10/20 07:00:00",MOUSF1,0
D,DISPATCH,UNIT_SCADA,1,"2022/10/20 07:00:00",MP1,0
D,DISPATCH,UNIT_SCADA,1,"2022/10/20 07:00:00",MP2,549.141660
D,DISPATCH,UNIT_SCADA,1,"2022/10/20 07:00:00",MPP_1,177.343580
D,DISPATCH,UNIT_SCADA,1,"2022/10/20 07:00:00",MPP_2,0
D,DISPATCH,UNIT_SCADA,1,"2022/10/20 07:00:00",MRTLSWF1,0
D,DISPATCH,UNIT_SCADA,1,"2022/10/20 07:00:00",MSTUART1,0
D,DISPATCH,UNIT_SCADA,1,"2022/10/20 07:00:00",MSTUART2,0
D,DISPATCH,UNIT_SCADA,1,"2022/10/20 07:00:00",MSTUART3,0
D,DISPATCH,UNIT_SCADA,1,"2022/10/20 07:00:00",MTGELWF1,38.7112
D,DISPATCH,UNIT_SCADA,1,"2022/10/20 07:00:00",MTMILLAR,12
D,DISPATCH,UNIT_SCADA,1,"2022/10/20 07:00:00",MURRAY,0
D,DISPATCH,UNIT_SCADA,1,"2022/10/20 07:00:00",MUSSELR1,23.10
D,DISPATCH,UNIT_SCADA,1,"2022/10/20 07:00:00",MUWAWF1,179.58
D,DISPATCH,UNIT_SCADA,1,"2022/10/20 07:00:00",MUWAWF2,160.100010
D,DISPATCH,UNIT_SCADA,1,"2022/10/20 07:00:00",MWPS1PV1,0.06
D,DISPATCH,UNIT_SCADA,1,"2022/10/20 07:00:00",MWPS2PV1,0.21
D,DISPATCH,UNIT_SCADA,1,"2022/10/20 07:00:00",MWPS3PV1,0.01
D,DISPATCH,UNIT_SCADA,1,"2022/10/20 07:00:00",MWPS4PV1,0.07
D,DISPATCH,UNIT_SCADA,1,"2022/10/20 07:00:00",NBHWF1,112.50
D,DISPATCH,UNIT_SCADA,1,"2022/10/20 07:00:00",NEVERSF1,3.89
D,DISPATCH,UNIT_SCADA,1,"2022/10/20 07:00:00",NPS,0
D,DISPATCH,UNIT_SCADA,1,"2022/10/20 07:00:00",NUMURSF1,70.25
D,DISPATCH,UNIT_SCADA,1,"2022/10/20 07:00:00",NYNGAN1,1.75
D,DISPATCH,UNIT_SCADA,1,"2022/10/20 07:00:00",OAKEY1,0
D,DISPATCH,UNIT_SCADA,1,"2022/10/20 07:00:00",OAKEY1SF,1.2840
D,DISPATCH,UNIT_SCADA,1,"2022/10/20 07:00:00",OAKEY2,0
D,DISPATCH,UNIT_SCADA,1,"2022/10/20 07:00:00",OAKEY2SF,2.43
D,DISPATCH,UNIT_SCADA,1,"2022/10/20 07:00:00",OAKLAND1,10.50
D,DISPATCH,UNIT_SCADA,1,"2022/10/20 07:00:00",OSB-AG,0
D,DISPATCH,UNIT_SCADA,1,"2022/10/20 07:00:00",PAREPS1,0.0660
D,DISPATCH,UNIT_SCADA,1,"2022/10/20 07:00:00",PAREPW1,75.80
D,DISPATCH,UNIT_SCADA,1,"2022/10/20 07:00:00",PARSF1,4.1001
D,DISPATCH,UNIT_SCADA,1,"2022/10/20 07:00:00",POAT110,0
D,DISPATCH,UNIT_SCADA,1,"2022/10/20 07:00:00",POAT220,0
D,DISPATCH,UNIT_SCADA,1,"2022/10/20 07:00:00",POR01,0
D,DISPATCH,UNIT_SCADA,1,"2022/10/20 07:00:00",POR03,0
D,DISPATCH,UNIT_SCADA,1,"2022/10/20 07:00:00",PPCCGT,175.565440
D,DISPATCH,UNIT_SCADA,1,"2022/10/20 07:00:00",PTSTAN1,0
D,DISPATCH,UNIT_SCADA,1,"2022/10/20 07:00:00",PUMP1,0
D,DISPATCH,UNIT_SCADA,1,"2022/10/20 07:00:00",PUMP2,0
D,DISPATCH,UNIT_SCADA,1,"2022/10/20 07:00:00",QBYNBG1,0
D,DISPATCH,UNIT_SCADA,1,"2022/10/20 07:00:00",QBYNBL1,0.0035
D,DISPATCH,UNIT_SCADA,1,"2022/10/20 07:00:00",QPS1,0
D,DISPATCH,UNIT_SCADA,1,"2022/10/20 07:00:00",QPS2,0
D,DISPATCH,UNIT_SCADA,1,"2022/10/20 07:00:00",QPS3,0
D,DISPATCH,UNIT_SCADA,1,"2022/10/20 07:00:00",QPS4,0
D,DISPATCH,UNIT_SCADA,1,"2022/10/20 07:00:00",QPS5,76.53
D,DISPATCH,UNIT_SCADA,1,"2022/10/20 07:00:00",REECE1,44.595230
D,DISPATCH,UNIT_SCADA,1,"2022/10/20 07:00:00",REECE2,39.59
D,DISPATCH,UNIT_SCADA,1,"2022/10/20 07:00:00",ROMA_7,0
D,DISPATCH,UNIT_SCADA,1,"2022/10/20 07:00:00",ROMA_8,0
D,DISPATCH,UNIT_SCADA,1,"2022/10/20 07:00:00",RRSF1,28.2472
D,DISPATCH,UNIT_SCADA,1,"2022/10/20 07:00:00",RT_NSW1,0
D,DISPATCH,UNIT_SCADA,1,"2022/10/20 07:00:00",RT_NSW2,0
D,DISPATCH,UNIT_SCADA,1,"2022/10/20 07:00:00",RT_NSW3,0
D,DISPATCH,UNIT_SCADA,1,"2022/10/20 07:00:00",RT_NSW4,0
D,DISPATCH,UNIT_SCADA,1,"2022/10/20 07:00:00",RT_NSW5,0
D,DISPATCH,UNIT_SCADA,1,"2022/10/20 07:00:00",RT_NSW6,0
D,DISPATCH,UNIT_SCADA,1,"2022/10/20 07:00:00",RT_QLD1,0
D,DISPATCH,UNIT_SCADA,1,"2022/10/20 07:00:00",RT_SA1,0
D,DISPATCH,UNIT_SCADA,1,"2022/10/20 07:00:00",RT_SA2,0
D,DISPATCH,UNIT_SCADA,1,"2022/10/20 07:00:00",RT_SA3,0
D,DISPATCH,UNIT_SCADA,1,"2022/10/20 07:00:00",RT_SA4,0
D,DISPATCH,UNIT_SCADA,1,"2022/10/20 07:00:00",RT_SA5,0
D,DISPATCH,UNIT_SCADA,1,"2022/10/20 07:00:00",RT_SA6,0
D,DISPATCH,UNIT_SCADA,1,"2022/10/20 07:00:00",RT_TAS1,0
D,DISPATCH,UNIT_SCADA,1,"2022/10/20 07:00:00",RT_VIC1,0
D,DISPATCH,UNIT_SCADA,1,"2022/10/20 07:00:00",RT_VIC10,0
D,DISPATCH,UNIT_SCADA,1,"2022/10/20 07:00:00",RT_VIC11,0
D,DISPATCH,UNIT_SCADA,1,"2022/10/20 07:00:00",RT_VIC12,0
D,DISPATCH,UNIT_SCADA,1,"2022/10/20 07:00:00",RT_VIC2,0
D,DISPATCH,UNIT_SCADA,1,"2022/10/20 07:00:00",RT_VIC3,0
D,DISPATCH,UNIT_SCADA,1,"2022/10/20 07:00:00",RT_VIC4,0
D,DISPATCH,UNIT_SCADA,1,"2022/10/20 07:00:00",RT_VIC5,0
D,DISPATCH,UNIT_SCADA,1,"2022/10/20 07:00:00",RT_VIC6,0
D,DISPATCH,UNIT_SCADA,1,"2022/10/20 07:00:00",RT_VIC7,0
D,DISPATCH,UNIT_SCADA,1,"2022/10/20 07:00:00",RT_VIC8,0
D,DISPATCH,UNIT_SCADA,1,"2022/10/20 07:00:00",RT_VIC9,0
D,DISPATCH,UNIT_SCADA,1,"2022/10/20 07:00:00",RUGBYR1,18.071550
D,DISPATCH,UNIT_SCADA,1,"2022/10/20 07:00:00",SALTCRK1,12.46
D,DISPATCH,UNIT_SCADA,1,"2022/10/20 07:00:00",SAPHWF1,148.303960
D,DISPATCH,UNIT_SCADA,1,"2022/10/20 07:00:00",SEBSF1,33.479140
D,DISPATCH,UNIT_SCADA,1,"2022/10/20 07:00:00",SHGEN,78.805780
D,DISPATCH,UNIT_SCADA,1,"2022/10/20 07:00:00",SHPUMP,0
D,DISPATCH,UNIT_SCADA,1,"2022/10/20 07:00:00",SITHE01,0.123710
D,DISPATCH,UNIT_SCADA,1,"2022/10/20 07:00:00",SMCSF1,26.0370
D,DISPATCH,UNIT_SCADA,1,"2022/10/20 07:00:00",SNAPPER1,0
D,DISPATCH,UNIT_SCADA,1,"2022/10/20 07:00:00",SNOWNTH1,138.50
D,DISPATCH,UNIT_SCADA,1,"2022/10/20 07:00:00",SNOWSTH1,119.80
D,DISPATCH,UNIT_SCADA,1,"2022/10/20 07:00:00",SNOWTWN1,77.587830
D,DISPATCH,UNIT_SCADA,1,"2022/10/20 07:00:00",SNOWYP,0
D,DISPATCH,UNIT_SCADA,1,"2022/10/20 07:00:00",SNUG1,0
D,DISPATCH,UNIT_SCADA,1,"2022/10/20 07:00:00",SRSF1,3.64
D,DISPATCH,UNIT_SCADA,1,"2022/10/20 07:00:00",STAN-1,280.658540
D,DISPATCH,UNIT_SCADA,1,"2022/10/20 07:00:00",STAN-2,364.974030
D,DISPATCH,UNIT_SCADA,1,"2022/10/20 07:00:00",STAN-3,179.6671
D,DISPATCH,UNIT_SCADA,1,"2022/10/20 07:00:00",STAN-4,363.179530
D,DISPATCH,UNIT_SCADA,1,"2022/10/20 07:00:00",STARHLWF,4.398720
D,DISPATCH,UNIT_SCADA,1,"2022/10/20 07:00:00",STOCKYD1,274.179990
D,DISPATCH,UNIT_SCADA,1,"2022/10/20 07:00:00",STWF1,29.833830
D,DISPATCH,UNIT_SCADA,1,"2022/10/20 07:00:00",SUNRSF1,7.045090
D,DISPATCH,UNIT_SCADA,1,"2022/10/20 07:00:00",SUNTPSF1,9.121840
D,DISPATCH,UNIT_SCADA,1,"2022/10/20 07:00:00",SWAN_E,258.408110
D,DISPATCH,UNIT_SCADA,1,"2022/10/20 07:00:00",TALWA1,0
D,DISPATCH,UNIT_SCADA,1,"2022/10/20 07:00:00",TARALGA1,0
D,DISPATCH,UNIT_SCADA,1,"2022/10/20 07:00:00",TARONG#1,348.50
D,DISPATCH,UNIT_SCADA,1,"2022/10/20 07:00:00",TARONG#2,348.800020
D,DISPATCH,UNIT_SCADA,1,"2022/10/20 07:00:00",TARONG#3,0.90
D,DISPATCH,UNIT_SCADA,1,"2022/10/20 07:00:00",TARONG#4,295.399990
D,DISPATCH,UNIT_SCADA,1,"2022/10/20 07:00:00",TARRALEA,54
D,DISPATCH,UNIT_SCADA,1,"2022/10/20 07:00:00",TBSF1,7
D,DISPATCH,UNIT_SCADA,1,"2022/10/20 07:00:00",TNPS1,440.6875
D,DISPATCH,UNIT_SCADA,1,"2022/10/20 07:00:00",TORRB1,0
D,DISPATCH,UNIT_SCADA,1,"2022/10/20 07:00:00",TORRB2,41
D,DISPATCH,UNIT_SCADA,1,"2022/10/20 07:00:00",TORRB3,0
D,DISPATCH,UNIT_SCADA,1,"2022/10/20 07:00:00",TORRB4,0
D,DISPATCH,UNIT_SCADA,1,"2022/10/20 07:00:00",TREVALLN,98.373380
D,DISPATCH,UNIT_SCADA,1,"2022/10/20 07:00:00",TRIBUTE,0
D,DISPATCH,UNIT_SCADA,1,"2022/10/20 07:00:00",TUMUT3,0
D,DISPATCH,UNIT_SCADA,1,"2022/10/20 07:00:00",TUNGATIN,3.200020
D,DISPATCH,UNIT_SCADA,1,"2022/10/20 07:00:00",TVCC201,0
D,DISPATCH,UNIT_SCADA,1,"2022/10/20 07:00:00",TVPP104,57.826560
D,DISPATCH,UNIT_SCADA,1,"2022/10/20 07:00:00",UPPTUMUT,117.626750
D,DISPATCH,UNIT_SCADA,1,"2022/10/20 07:00:00",URANQ11,0
D,DISPATCH,UNIT_SCADA,1,"2022/10/20 07:00:00",URANQ12,0
D,DISPATCH,UNIT_SCADA,1,"2022/10/20 07:00:00",URANQ13,0
D,DISPATCH,UNIT_SCADA,1,"2022/10/20 07:00:00",URANQ14,0
D,DISPATCH,UNIT_SCADA,1,"2022/10/20 07:00:00",VBBG1,124.10
D,DISPATCH,UNIT_SCADA,1,"2022/10/20 07:00:00",VBBL1,0
D,DISPATCH,UNIT_SCADA,1,"2022/10/20 07:00:00",VP5,600.018310
D,DISPATCH,UNIT_SCADA,1,"2022/10/20 07:00:00",VP6,598.358090
D,DISPATCH,UNIT_SCADA,1,"2022/10/20 07:00:00",VPGS1,0
D,DISPATCH,UNIT_SCADA,1,"2022/10/20 07:00:00",VPGS2,0
D,DISPATCH,UNIT_SCADA,1,"2022/10/20 07:00:00",VPGS3,0
D,DISPATCH,UNIT_SCADA,1,"2022/10/20 07:00:00",VPGS4,0
D,DISPATCH,UNIT_SCADA,1,"2022/10/20 07:00:00",VPGS5,0
D,DISPATCH,UNIT_SCADA,1,"2022/10/20 07:00:00",VPGS6,0
D,DISPATCH,UNIT_SCADA,1,"2022/10/20 07:00:00",W/HOE#1,0
D,DISPATCH,UNIT_SCADA,1,"2022/10/20 07:00:00",W/HOE#2,42.99
D,DISPATCH,UNIT_SCADA,1,"2022/10/20 07:00:00",WAGGNSF1,0
D,DISPATCH,UNIT_SCADA,1,"2022/10/20 07:00:00",WALGRVG1,1.789930
D,DISPATCH,UNIT_SCADA,1,"2022/10/20 07:00:00",WALGRVL1,0
D,DISPATCH,UNIT_SCADA,1,"2022/10/20 07:00:00",WANDBG1,0
D,DISPATCH,UNIT_SCADA,1,"2022/10/20 07:00:00",WANDBL1,0.2443
D,DISPATCH,UNIT_SCADA,1,"2022/10/20 07:00:00",WARWSF1,3.62
D,DISPATCH,UNIT_SCADA,1,"2022/10/20 07:00:00",WARWSF2,3.46
D,DISPATCH,UNIT_SCADA,1,"2022/10/20 07:00:00",WATERLWF,69.90
D,DISPATCH,UNIT_SCADA,1,"2022/10/20 07:00:00",WDGPH1,8.6410
D,DISPATCH,UNIT_SCADA,1,"2022/10/20 07:00:00",WELLSF1,14.004730
D,DISPATCH,UNIT_SCADA,1,"2022/10/20 07:00:00",WEMENSF1,3.30
D,DISPATCH,UNIT_SCADA,1,"2022/10/20 07:00:00",WGWF1,110.30
D,DISPATCH,UNIT_SCADA,1,"2022/10/20 07:00:00",WHITSF1,3.50
D,DISPATCH,UNIT_SCADA,1,"2022/10/20 07:00:00",WINTSF1,32.36
D,DISPATCH,UNIT_SCADA,1,"2022/10/20 07:00:00",WKIEWA1,33.90
D,DISPATCH,UNIT_SCADA,1,"2022/10/20 07:00:00",WKIEWA2,34
D,DISPATCH,UNIT_SCADA,1,"2022/10/20 07:00:00",WOODLWN1,28.991170
D,DISPATCH,UNIT_SCADA,1,"2022/10/20 07:00:00",WOOLGSF1,7.724030
D,DISPATCH,UNIT_SCADA,1,"2022/10/20 07:00:00",WPWF,42.50
D,DISPATCH,UNIT_SCADA,1,"2022/10/20 07:00:00",WRSF1,1.070590
D,DISPATCH,UNIT_SCADA,1,"2022/10/20 07:00:00",WRWF1,38.057830
D,DISPATCH,UNIT_SCADA,1,"2022/10/20 07:00:00",WSTWYSF1,0
D,DISPATCH,UNIT_SCADA,1,"2022/10/20 07:00:00",YABULU,0
D,DISPATCH,UNIT_SCADA,1,"2022/10/20 07:00:00",YABULU2,0
D,DISPATCH,UNIT_SCADA,1,"2022/10/20 07:00:00",YARANSF1,12.44
D,DISPATCH,UNIT_SCADA,1,"2022/10/20 07:00:00",YARWUN_1,129.649990
D,DISPATCH,UNIT_SCADA,1,"2022/10/20 07:00:00",YATSF1,12.85
D,DISPATCH,UNIT_SCADA,1,"2022/10/20 07:00:00",YENDWF1,21.33
D,DISPATCH,UNIT_SCADA,1,"2022/10/20 07:00:00",YWPS1,365.412660
D,DISPATCH,UNIT_SCADA,1,"2022/10/20 07:00:00",YWPS2,290.222780
D,DISPATCH,UNIT_SCADA,1,"2022/10/20 07:00:00",YWPS3,359.953160
D,DISPATCH,UNIT_SCADA,1,"2022/10/20 07:00:00",YWPS4,0
C,"END OF REPORT",419
