C,NEMP.WORLD,DISPATCHSCADA,AEMO,PUBLIC,2022/10/20,13:30:09,0000000373257773,DISPATCHSCADA,0000000373257767
I,DISPATCH,UNIT_SCADA,1,SETTLEMENTDATE,DUID,SCADAVALUE
D,DISPATCH,UNIT_SCADA,1,"2022/10/20 13:35:00",BARCSF1,11
D,DISPATCH,UNIT_SCADA,1,"2022/10/20 13:35:00",BUTLERSG,8.699999
D,DISPATCH,UNIT_SCADA,1,"2022/10/20 13:35:00",CAPTL_WF,51.903137
D,DISPATCH,UNIT_SCADA,1,"2022/10/20 13:35:00",CHALLHWF,8.10
D,DISPATCH,UNIT_SCADA,1,"2022/10/20 13:35:00",CLOVER,10.48
D,DISPATCH,UNIT_SCADA,1,"2022/10/20 13:35:00",CLUNY,5.252918
D,DISPATCH,UNIT_SCADA,1,"2022/10/20 13:35:00",CULLRGWF,-0.05
D,DISPATCH,UNIT_SCADA,1,"2022/10/20 13:35:00",DIAPURWF1,2.50
D,DISPATCH,UNIT_SCADA,1,"2022/10/20 13:35:00",ERGT01,0
D,DISPATCH,UNIT_SCADA,1,"2022/10/20 13:35:00",GB01,0
D,DISPATCH,UNIT_SCADA,1,"2022/10/20 13:35:00",GERMCRK,13.10
D,DISPATCH,UNIT_SCADA,1,"2022/10/20 13:35:00",GRIFSF1,7.701228
D,DISPATCH,UNIT_SCADA,1,"2022/10/20 13:35:00",HEZ1,0
D,DISPATCH,UNIT_SCADA,1,"2022/10/20 13:35:00",HUGSF1,8.672001
D,DISPATCH,UNIT_SCADA,1,"2022/10/20 13:35:00",KEPBG1,0
D,DISPATCH,UNIT_SCADA,1,"2022/10/20 13:35:00",LRSF1,13.429001
D,DISPATCH,UNIT_SCADA,1,"2022/10/20 13:35:00",MBAHNTH,45.918747
D,DISPATCH,UNIT_SCADA,1,"2022/10/20 13:35:00",MLSP1,6.181001
D,DISPATCH,UNIT_SCADA,1,"2022/10/20 13:35:00",MLWF1,3.4950
D,DISPATCH,UNIT_SCADA,1,"2022/10/20 13:35:00",PALOONA,30.32
D,DISPATCH,UNIT_SCADA,1,"2022/10/20 13:35:00",PIONEER,41.700001
D,DISPATCH,UNIT_SCADA,1,"2022/10/20 13:35:00",PORTWF,84.300003
D,DISPATCH,UNIT_SCADA,1,"2022/10/20 13:35:00",REPULSE,9.461204
D,DISPATCH,UNIT_SCADA,1,"2022/10/20 13:35:00",ROWALLAN,8.974401
D,DISPATCH,UNIT_SCADA,1,"2022/10/20 13:35:00",ROYALLA1,7.700003
D,DISPATCH,UNIT_SCADA,1,"2022/10/20 13:35:00",RPCG,-1.80
D,DISPATCH,UNIT_SCADA,1,"2022/10/20 13:35:00",RUBICON,0
D,DISPATCH,UNIT_SCADA,1,"2022/10/20 13:35:00",WAUBRAWF,41.073002
D,DISPATCH,UNIT_SCADA,1,"2022/10/20 13:35:00",WOOLNTH1,85.300003
D,DISPATCH,UNIT_SCADA,1,"2022/10/20 13:35:00",YAMBUKWF,8.40
D,DISPATCH,UNIT_SCADA,1,"2022/10/20 13:35:00",YSWF1,2.90
D,DISPATCH,UNIT_SCADA,1,"2022/10/20 13:35:00",ADPBA1G,0.0080
D,DISPATCH,UNIT_SCADA,1,"2022/10/20 13:35:00",ADPBA1L,0
D,DISPATCH,UNIT_SCADA,1,"2022/10/20 13:35:00",ADPPV1,8.7950
D,DISPATCH,UNIT_SCADA,1,"2022/10/20 13:35:00",AGLHAL,0
D,DISPATCH,UNIT_SCADA,1,"2022/10/20 13:35:00",AGLSOM,0
D,DISPATCH,UNIT_SCADA,1,"2022/10/20 13:35:00",ANGAST1,0
D,DISPATCH,UNIT_SCADA,1,"2022/10/20 13:35:00",ARWF1,8.50
D,DISPATCH,UNIT_SCADA,1,"2022/10/20 13:35:00",BALBG1,0
D,DISPATCH,UNIT_SCADA,1,"2022/10/20 13:35:00",BALBL1,0
D,DISPATCH,UNIT_SCADA,1,"2022/10/20 13:35:00",BALDHWF1,59.0770
D,DISPATCH,UNIT_SCADA,1,"2022/10/20 13:35:00",BANGOWF1,23.396350
D,DISPATCH,UNIT_SCADA,1,"2022/10/20 13:35:00",BANGOWF2,0
D,DISPATCH,UNIT_SCADA,1,"2022/10/20 13:35:00",BANN1,56.94
D,DISPATCH,UNIT_SCADA,1,"2022/10/20 13:35:00",BARCALDN,0
D,DISPATCH,UNIT_SCADA,1,"2022/10/20 13:35:00",BARKIPS1,0
D,DISPATCH,UNIT_SCADA,1,"2022/10/20 13:35:00",BARRON-1,0
D,DISPATCH,UNIT_SCADA,1,"2022/10/20 13:35:00",BARRON-2,0
D,DISPATCH,UNIT_SCADA,1,"2022/10/20 13:35:00",BASTYAN,50.43
D,DISPATCH,UNIT_SCADA,1,"2022/10/20 13:35:00",BBTHREE1,0
D,DISPATCH,UNIT_SCADA,1,"2022/10/20 13:35:00",BBTHREE2,21.35
D,DISPATCH,UNIT_SCADA,1,"2022/10/20 13:35:00",BBTHREE3,0
D,DISPATCH,UNIT_SCADA,1,"2022/10/20 13:35:00",BDL01,0
D,DISPATCH,UNIT_SCADA,1,"2022/10/20 13:35:00",BDL02,0
D,DISPATCH,UNIT_SCADA,1,"2022/10/20 13:35:00",BERYLSF1,5.372530
D,DISPATCH,UNIT_SCADA,1,"2022/10/20 13:35:00",BLOWERNG,62.60
D,DISPATCH,UNIT_SCADA,1,"2022/10/20 13:35:00",BLUEGSF1,74.862590
D,DISPATCH,UNIT_SCADA,1,"2022/10/20 13:35:00",BLUFF1,2.40
D,DISPATCH,UNIT_SCADA,1,"2022/10/20 13:35:00",BNGSF1,36.38
D,DISPATCH,UNIT_SCADA,1,"2022/10/20 13:35:00",BNGSF2,39.86
D,DISPATCH,UNIT_SCADA,1,"2022/10/20 13:35:00",BOCORWF1,37.61
D,DISPATCH,UNIT_SCADA,1,"2022/10/20 13:35:00",BODWF1,58.792620
D,DISPATCH,UNIT_SCADA,1,"2022/10/20 13:35:00",BOMENSF1,30.482030
D,DISPATCH,UNIT_SCADA,1,"2022/10/20 13:35:00",BOWWBA1G,0
D,DISPATCH,UNIT_SCADA,1,"2022/10/20 13:35:00",BOWWBA1L,0.0010
D,DISPATCH,UNIT_SCADA,1,"2022/10/20 13:35:00",BOWWPV1,0
D,DISPATCH,UNIT_SCADA,1,"2022/10/20 13:35:00",BRAEMAR1,0
D,DISPATCH,UNIT_SCADA,1,"2022/10/20 13:35:00",BRAEMAR2,0
D,DISPATCH,UNIT_SCADA,1,"2022/10/20 13:35:00",BRAEMAR3,0
D,DISPATCH,UNIT_SCADA,1,"2022/10/20 13:35:00",BRAEMAR5,0.292060
D,DISPATCH,UNIT_SCADA,1,"2022/10/20 13:35:00",BRAEMAR6,0
D,DISPATCH,UNIT_SCADA,1,"2022/10/20 13:35:00",BRAEMAR7,0.130920
D,DISPATCH,UNIT_SCADA,1,"2022/10/20 13:35:00",BROKENH1,19.099710
D,DISPATCH,UNIT_SCADA,1,"2022/10/20 13:35:00",BRYB1WF1,107.798890
D,DISPATCH,UNIT_SCADA,1,"2022/10/20 13:35:00",BULBESG1,0
D,DISPATCH,UNIT_SCADA,1,"2022/10/20 13:35:00",BULBESL1,0.38
D,DISPATCH,UNIT_SCADA,1,"2022/10/20 13:35:00",BULGANA1,0.41
D,DISPATCH,UNIT_SCADA,1,"2022/10/20 13:35:00",BW01,657.248780
D,DISPATCH,UNIT_SCADA,1,"2022/10/20 13:35:00",BW02,617.648560
D,DISPATCH,UNIT_SCADA,1,"2022/10/20 13:35:00",BW03,532.002750
D,DISPATCH,UNIT_SCADA,1,"2022/10/20 13:35:00",BW04,0
D,DISPATCH,UNIT_SCADA,1,"2022/10/20 13:35:00",CALL_B_1,319.800020
D,DISPATCH,UNIT_SCADA,1,"2022/10/20 13:35:00",CALL_B_2,319.100010
D,DISPATCH,UNIT_SCADA,1,"2022/10/20 13:35:00",CATHROCK,7
D,DISPATCH,UNIT_SCADA,1,"2022/10/20 13:35:00",CBWWBA1G,0
D,DISPATCH,UNIT_SCADA,1,"2022/10/20 13:35:00",CBWWBA1L,0
D,DISPATCH,UNIT_SCADA,1,"2022/10/20 13:35:00",CETHANA,90.161250
D,DISPATCH,UNIT_SCADA,1,"2022/10/20 13:35:00",CG1,0
D,DISPATCH,UNIT_SCADA,1,"2022/10/20 13:35:00",CG2,0
D,DISPATCH,UNIT_SCADA,1,"2022/10/20 13:35:00",CG3,0
D,DISPATCH,UNIT_SCADA,1,"2022/10/20 13:35:00",CG4,0
D,DISPATCH,UNIT_SCADA,1,"2022/10/20 13:35:00",CHILDSF1,23.17
D,DISPATCH,UNIT_SCADA,1,"2022/10/20 13:35:00",CHYTWF1,5.58
D,DISPATCH,UNIT_SCADA,1,"2022/10/20 13:35:00",CLARESF1,28.2880
D,DISPATCH,UNIT_SCADA,1,"2022/10/20 13:35:00",CLEMGPWF,15.991770
D,DISPATCH,UNIT_SCADA,1,"2022/10/20 13:35:00",CLERMSF1,53.76
D,DISPATCH,UNIT_SCADA,1,"2022/10/20 13:35:00",CNUNDAWF,13.015180
D,DISPATCH,UNIT_SCADA,1,"2022/10/20 13:35:00",COHUNSF1,0.07
D,DISPATCH,UNIT_SCADA,1,"2022/10/20 13:35:00",COLEASF1,30.696960
D,DISPATCH,UNIT_SCADA,1,"2022/10/20 13:35:00",COLUMSF1,17.0410
D,DISPATCH,UNIT_SCADA,1,"2022/10/20 13:35:00",COLWF01,84.2588
D,DISPATCH,UNIT_SCADA,1,"2022/10/20 13:35:00",COOPGWF1,121.98
D,DISPATCH,UNIT_SCADA,1,"2022/10/20 13:35:00",CPP_3,370.425020
D,DISPATCH,UNIT_SCADA,1,"2022/10/20 13:35:00",CPP_4,0
D,DISPATCH,UNIT_SCADA,1,"2022/10/20 13:35:00",CPSA,0
D,DISPATCH,UNIT_SCADA,1,"2022/10/20 13:35:00",CROOKWF2,29.754480
D,DISPATCH,UNIT_SCADA,1,"2022/10/20 13:35:00",CROWLWF1,7.424510
D,DISPATCH,UNIT_SCADA,1,"2022/10/20 13:35:00",CRURWF1,48.9971
D,DISPATCH,UNIT_SCADA,1,"2022/10/20 13:35:00",CRWASF1,27.709440
D,DISPATCH,UNIT_SCADA,1,"2022/10/20 13:35:00",CSPVPS1,14.4030
D,DISPATCH,UNIT_SCADA,1,"2022/10/20 13:35:00",CTHLWF1,0.003050
D,DISPATCH,UNIT_SCADA,1,"2022/10/20 13:35:00",DALNTH01,0
D,DISPATCH,UNIT_SCADA,1,"2022/10/20 13:35:00",DALNTHL1,0.987260
D,DISPATCH,UNIT_SCADA,1,"2022/10/20 13:35:00",DARLSF1,67.797490
D,DISPATCH,UNIT_SCADA,1,"2022/10/20 13:35:00",DARTM1,0
D,DISPATCH,UNIT_SCADA,1,"2022/10/20 13:35:00",DAYDSF1,68.7440
D,DISPATCH,UNIT_SCADA,1,"2022/10/20 13:35:00",DDPS1,0
D,DISPATCH,UNIT_SCADA,1,"2022/10/20 13:35:00",DDSF1,12.347390
D,DISPATCH,UNIT_SCADA,1,"2022/10/20 13:35:00",DEVILS_G,57.338180
D,DISPATCH,UNIT_SCADA,1,"2022/10/20 13:35:00",DG_NSW1,0
D,DISPATCH,UNIT_SCADA,1,"2022/10/20 13:35:00",DG_QLD1,0
D,DISPATCH,UNIT_SCADA,1,"2022/10/20 13:35:00",DG_SA1,0
D,DISPATCH,UNIT_SCADA,1,"2022/10/20 13:35:00",DG_TAS1,0
D,DISPATCH,UNIT_SCADA,1,"2022/10/20 13:35:00",DG_VIC1,0
D,DISPATCH,UNIT_SCADA,1,"2022/10/20 13:35:00",DRYCGT1,0
D,DISPATCH,UNIT_SCADA,1,"2022/10/20 13:35:00",DRYCGT2,0
D,DISPATCH,UNIT_SCADA,1,"2022/10/20 13:35:00",DRYCGT3,0
D,DISPATCH,UNIT_SCADA,1,"2022/10/20 13:35:00",DUNDWF1,57.58
D,DISPATCH,UNIT_SCADA,1,"2022/10/20 13:35:00",DUNDWF2,18.97
D,DISPATCH,UNIT_SCADA,1,"2022/10/20 13:35:00",DUNDWF3,57.12
D,DISPATCH,UNIT_SCADA,1,"2022/10/20 13:35:00",EILDON1,59.96
D,DISPATCH,UNIT_SCADA,1,"2022/10/20 13:35:00",EILDON2,59.96
D,DISPATCH,UNIT_SCADA,1,"2022/10/20 13:35:00",ELAINWF1,20.91
D,DISPATCH,UNIT_SCADA,1,"2022/10/20 13:35:00",EMERASF1,0
D,DISPATCH,UNIT_SCADA,1,"2022/10/20 13:35:00",ER01,0
D,DISPATCH,UNIT_SCADA,1,"2022/10/20 13:35:00",ER02,304.313720
D,DISPATCH,UNIT_SCADA,1,"2022/10/20 13:35:00",ER03,440.204470
D,DISPATCH,UNIT_SCADA,1,"2022/10/20 13:35:00",ER04,440.521850
D,DISPATCH,UNIT_SCADA,1,"2022/10/20 13:35:00",FINLYSF1,100.462350
D,DISPATCH,UNIT_SCADA,1,"2022/10/20 13:35:00",FISHER,44.07
D,DISPATCH,UNIT_SCADA,1,"2022/10/20 13:35:00",GANGARR1,43.6910
D,DISPATCH,UNIT_SCADA,1,"2022/10/20 13:35:00",GANNBG1,0
D,DISPATCH,UNIT_SCADA,1,"2022/10/20 13:35:00",GANNBL1,5.008980
D,DISPATCH,UNIT_SCADA,1,"2022/10/20 13:35:00",GANNSF1,28.70
D,DISPATCH,UNIT_SCADA,1,"2022/10/20 13:35:00",GLRWNSF1,0
D,DISPATCH,UNIT_SCADA,1,"2022/10/20 13:35:00",GNNDHSF1,81.154270
D,DISPATCH,UNIT_SCADA,1,"2022/10/20 13:35:00",GOONSF1,10.213780
D,DISPATCH,UNIT_SCADA,1,"2022/10/20 13:35:00",GORDON,207.639770
D,DISPATCH,UNIT_SCADA,1,"2022/10/20 13:35:00",GRANWF1,0
D,DISPATCH,UNIT_SCADA,1,"2022/10/20 13:35:00",GSTONE1,201.4250
D,DISPATCH,UNIT_SCADA,1,"2022/10/20 13:35:00",GSTONE2,0
D,DISPATCH,UNIT_SCADA,1,"2022/10/20 13:35:00",GSTONE3,200.20
D,DISPATCH,UNIT_SCADA,1,"2022/10/20 13:35:00",GSTONE4,0
D,DISPATCH,UNIT_SCADA,1,"2022/10/20 13:35:00",GSTONE5,185.849990
D,DISPATCH,UNIT_SCADA,1,"2022/10/20 13:35:00",GSTONE6,200.724990
D,DISPATCH,UNIT_SCADA,1,"2022/10/20 13:35:00",GULLRSF1,0.944990
D,DISPATCH,UNIT_SCADA,1,"2022/10/20 13:35:00",GULLRWF1,64.044020
D,DISPATCH,UNIT_SCADA,1,"2022/10/20 13:35:00",GULLRWF2,89.8334
D,DISPATCH,UNIT_SCADA,1,"2022/10/20 13:35:00",GUNNING1,0
D,DISPATCH,UNIT_SCADA,1,"2022/10/20 13:35:00",GUTHEGA,67.30
D,DISPATCH,UNIT_SCADA,1,"2022/10/20 13:35:00",HALLWF1,0
D,DISPATCH,UNIT_SCADA,1,"2022/10/20 13:35:00",HALLWF2,7.96
D,DISPATCH,UNIT_SCADA,1,"2022/10/20 13:35:00",HAMISF1,28.50
D,DISPATCH,UNIT_SCADA,1,"2022/10/20 13:35:00",HAUGHT11,9.202180
D,DISPATCH,UNIT_SCADA,1,"2022/10/20 13:35:00",HAYMSF1,23.7050
D,DISPATCH,UNIT_SCADA,1,"2022/10/20 13:35:00",HDWF1,8.90
D,DISPATCH,UNIT_SCADA,1,"2022/10/20 13:35:00",HDWF2,10.70
D,DISPATCH,UNIT_SCADA,1,"2022/10/20 13:35:00",HDWF3,11
D,DISPATCH,UNIT_SCADA,1,"2022/10/20 13:35:00",HILLSTN1,54.046720
D,DISPATCH,UNIT_SCADA,1,"2022/10/20 13:35:00",HPRG1,0
D,DISPATCH,UNIT_SCADA,1,"2022/10/20 13:35:00",HPRL1,0.80
D,DISPATCH,UNIT_SCADA,1,"2022/10/20 13:35:00",HUMENSW,54.902820
D,DISPATCH,UNIT_SCADA,1,"2022/10/20 13:35:00",HUMEV,0
D,DISPATCH,UNIT_SCADA,1,"2022/10/20 13:35:00",HVWWBA1G,0
D,DISPATCH,UNIT_SCADA,1,"2022/10/20 13:35:00",HVWWBA1L,0.0070
D,DISPATCH,UNIT_SCADA,1,"2022/10/20 13:35:00",HVWWPV1,4.6920
D,DISPATCH,UNIT_SCADA,1,"2022/10/20 13:35:00",JBUTTERS,0
D,DISPATCH,UNIT_SCADA,1,"2022/10/20 13:35:00",JEMALNG1,7.39
D,DISPATCH,UNIT_SCADA,1,"2022/10/20 13:35:00",JLA01,0
D,DISPATCH,UNIT_SCADA,1,"2022/10/20 13:35:00",JLA02,0
D,DISPATCH,UNIT_SCADA,1,"2022/10/20 13:35:00",JLA03,0
D,DISPATCH,UNIT_SCADA,1,"2022/10/20 13:35:00",JLA04,0
D,DISPATCH,UNIT_SCADA,1,"2022/10/20 13:35:00",JLB01,0
D,DISPATCH,UNIT_SCADA,1,"2022/10/20 13:35:00",JLB02,0.10
D,DISPATCH,UNIT_SCADA,1,"2022/10/20 13:35:00",JLB03,0
D,DISPATCH,UNIT_SCADA,1,"2022/10/20 13:35:00",JUNEESF1,12.067330
D,DISPATCH,UNIT_SCADA,1,"2022/10/20 13:35:00",KABANWF1,0.1730
D,DISPATCH,UNIT_SCADA,1,"2022/10/20 13:35:00",KAREEYA1,0
D,DISPATCH,UNIT_SCADA,1,"2022/10/20 13:35:00",KAREEYA2,0
D,DISPATCH,UNIT_SCADA,1,"2022/10/20 13:35:00",KAREEYA3,4.65
D,DISPATCH,UNIT_SCADA,1,"2022/10/20 13:35:00",KAREEYA4,0
D,DISPATCH,UNIT_SCADA,1,"2022/10/20 13:35:00",KARSF1,64
D,DISPATCH,UNIT_SCADA,1,"2022/10/20 13:35:00",KEPSF1,7.78
D,DISPATCH,UNIT_SCADA,1,"2022/10/20 13:35:00",KEPWF1,6.53
D,DISPATCH,UNIT_SCADA,1,"2022/10/20 13:35:00",KIAMSF1,38.746470
D,DISPATCH,UNIT_SCADA,1,"2022/10/20 13:35:00",KIATAWF1,13.20
D,DISPATCH,UNIT_SCADA,1,"2022/10/20 13:35:00",KPP_1,0
D,DISPATCH,UNIT_SCADA,1,"2022/10/20 13:35:00",KSP1,44.80
D,DISPATCH,UNIT_SCADA,1,"2022/10/20 13:35:00",LADBROK1,0.02
D,DISPATCH,UNIT_SCADA,1,"2022/10/20 13:35:00",LADBROK2,0.02
D,DISPATCH,UNIT_SCADA,1,"2022/10/20 13:35:00",LBBG1,0
D,DISPATCH,UNIT_SCADA,1,"2022/10/20 13:35:00",LBBL1,0.15
D,DISPATCH,UNIT_SCADA,1,"2022/10/20 13:35:00",LD01,277.596370
D,DISPATCH,UNIT_SCADA,1,"2022/10/20 13:35:00",LD02,0
D,DISPATCH,UNIT_SCADA,1,"2022/10/20 13:35:00",LD04,276.332890
D,DISPATCH,UNIT_SCADA,1,"2022/10/20 13:35:00",LEM_WIL,78.714160
D,DISPATCH,UNIT_SCADA,1,"2022/10/20 13:35:00",LGAPWF1,40.90
D,DISPATCH,UNIT_SCADA,1,"2022/10/20 13:35:00",LGAPWF2,29.45
D,DISPATCH,UNIT_SCADA,1,"2022/10/20 13:35:00",LILYSF1,44.040190
D,DISPATCH,UNIT_SCADA,1,"2022/10/20 13:35:00",LIMOSF11,76.463720
D,DISPATCH,UNIT_SCADA,1,"2022/10/20 13:35:00",LIMOSF21,11.909760
D,DISPATCH,UNIT_SCADA,1,"2022/10/20 13:35:00",LI_WY_CA,54.349090
D,DISPATCH,UNIT_SCADA,1,"2022/10/20 13:35:00",LKBONNY1,0
D,DISPATCH,UNIT_SCADA,1,"2022/10/20 13:35:00",LKBONNY2,22.589540
D,DISPATCH,UNIT_SCADA,1,"2022/10/20 13:35:00",LKBONNY3,3.628440
D,DISPATCH,UNIT_SCADA,1,"2022/10/20 13:35:00",LK_ECHO,0
D,DISPATCH,UNIT_SCADA,1,"2022/10/20 13:35:00",LNGS1,0
D,DISPATCH,UNIT_SCADA,1,"2022/10/20 13:35:00",LNGS2,0
D,DISPATCH,UNIT_SCADA,1,"2022/10/20 13:35:00",LONSDALE,0
D,DISPATCH,UNIT_SCADA,1,"2022/10/20 13:35:00",LOYYB1,436.837980
D,DISPATCH,UNIT_SCADA,1,"2022/10/20 13:35:00",LOYYB2,440.597470
D,DISPATCH,UNIT_SCADA,1,"2022/10/20 13:35:00",LYA1,349
D,DISPATCH,UNIT_SCADA,1,"2022/10/20 13:35:00",LYA2,0
D,DISPATCH,UNIT_SCADA,1,"2022/10/20 13:35:00",LYA3,347
D,DISPATCH,UNIT_SCADA,1,"2022/10/20 13:35:00",LYA4,347
D,DISPATCH,UNIT_SCADA,1,"2022/10/20 13:35:00",MACARTH1,56.798690
D,DISPATCH,UNIT_SCADA,1,"2022/10/20 13:35:00",MACKNTSH,0
D,DISPATCH,UNIT_SCADA,1,"2022/10/20 13:35:00",MANSLR1,19.2870
D,DISPATCH,UNIT_SCADA,1,"2022/10/20 13:35:00",MAPS2PV1,0
D,DISPATCH,UNIT_SCADA,1,"2022/10/20 13:35:00",MAPS3PV1,0
D,DISPATCH,UNIT_SCADA,1,"2022/10/20 13:35:00",MARYRSF1,16.20
D,DISPATCH,UNIT_SCADA,1,"2022/10/20 13:35:00",MBPS2PV1,0
D,DISPATCH,UNIT_SCADA,1,"2022/10/20 13:35:00",MCKAY1,0.02
D,DISPATCH,UNIT_SCADA,1,"2022/10/20 13:35:00",MEADOWBK,5.973220
D,DISPATCH,UNIT_SCADA,1,"2022/10/20 13:35:00",MERCER01,30.60
D,DISPATCH,UNIT_SCADA,1,"2022/10/20 13:35:00",METZSF1,4.435230
D,DISPATCH,UNIT_SCADA,1,"2022/10/20 13:35:00",MEWF1,4
D,DISPATCH,UNIT_SCADA,1,"2022/10/20 13:35:00",MIDDLSF1,15.14
D,DISPATCH,UNIT_SCADA,1,"2022/10/20 13:35:00",MINTARO,0.128180
D,DISPATCH,UNIT_SCADA,1,"2022/10/20 13:35:00",MOLNGSF1,25.931790
D,DISPATCH,UNIT_SCADA,1,"2022/10/20 13:35:00",MOORAWF1,71.34
D,DISPATCH,UNIT_SCADA,1,"2022/10/20 13:35:00",MOREESF1,56.09
D,DISPATCH,UNIT_SCADA,1,"2022/10/20 13:35:00",MORTLK11,0
D,DISPATCH,UNIT_SCADA,1,"2022/10/20 13:35:00",MORTLK12,0
D,DISPATCH,UNIT_SCADA,1,"2022/10/20 13:35:00",MOUSF1,0
D,DISPATCH,UNIT_SCADA,1,"2022/10/20 13:35:00",MP1,0
D,DISPATCH,UNIT_SCADA,1,"2022/10/20 13:35:00",MP2,348.674740
D,DISPATCH,UNIT_SCADA,1,"2022/10/20 13:35:00",MPP_1,158.788280
D,DISPATCH,UNIT_SCADA,1,"2022/10/20 13:35:00",MPP_2,179.8156
D,DISPATCH,UNIT_SCADA,1,"2022/10/20 13:35:00",MRTLSWF1,0
D,DISPATCH,UNIT_SCADA,1,"2022/10/20 13:35:00",MSTUART1,0
D,DISPATCH,UNIT_SCADA,1,"2022/10/20 13:35:00",MSTUART2,0
D,DISPATCH,UNIT_SCADA,1,"2022/10/20 13:35:00",MSTUART3,0
D,DISPATCH,UNIT_SCADA,1,"2022/10/20 13:35:00",MTGELWF1,42.039250
D,DISPATCH,UNIT_SCADA,1,"2022/10/20 13:35:00",MTMILLAR,11.50
D,DISPATCH,UNIT_SCADA,1,"2022/10/20 13:35:00",MURRAY,0
D,DISPATCH,UNIT_SCADA,1,"2022/10/20 13:35:00",MUSSELR1,18.60
D,DISPATCH,UNIT_SCADA,1,"2022/10/20 13:35:00",MUWAWF1,31.67
D,DISPATCH,UNIT_SCADA,1,"2022/10/20 13:35:00",MUWAWF2,20
D,DISPATCH,UNIT_SCADA,1,"2022/10/20 13:35:00",MWPS1PV1,4.32
D,DISPATCH,UNIT_SCADA,1,"2022/10/20 13:35:00",MWPS2PV1,1.61
D,DISPATCH,UNIT_SCADA,1,"2022/10/20 13:35:00",MWPS3PV1,1.17
D,DISPATCH,UNIT_SCADA,1,"2022/10/20 13:35:00",MWPS4PV1,1.97
D,DISPATCH,UNIT_SCADA,1,"2022/10/20 13:35:00",NBHWF1,0
D,DISPATCH,UNIT_SCADA,1,"2022/10/20 13:35:00",NEVERSF1,42.53
D,DISPATCH,UNIT_SCADA,1,"2022/10/20 13:35:00",NPS,0
D,DISPATCH,UNIT_SCADA,1,"2022/10/20 13:35:00",NUMURSF1,88.28
D,DISPATCH,UNIT_SCADA,1,"2022/10/20 13:35:00",NYNGAN1,15.50
D,DISPATCH,UNIT_SCADA,1,"2022/10/20 13:35:00",OAKEY1,0
D,DISPATCH,UNIT_SCADA,1,"2022/10/20 13:35:00",OAKEY1SF,8.40
D,DISPATCH,UNIT_SCADA,1,"2022/10/20 13:35:00",OAKEY2,0
D,DISPATCH,UNIT_SCADA,1,"2022/10/20 13:35:00",OAKEY2SF,13.89
D,DISPATCH,UNIT_SCADA,1,"2022/10/20 13:35:00",OAKLAND1,6.60
D,DISPATCH,UNIT_SCADA,1,"2022/10/20 13:35:00",OSB-AG,0
D,DISPATCH,UNIT_SCADA,1,"2022/10/20 13:35:00",PAREPS1,0.0660
D,DISPATCH,UNIT_SCADA,1,"2022/10/20 13:35:00",PAREPW1,62.75
D,DISPATCH,UNIT_SCADA,1,"2022/10/20 13:35:00",PARSF1,8.101020
D,DISPATCH,UNIT_SCADA,1,"2022/10/20 13:35:00",POAT110,0
D,DISPATCH,UNIT_SCADA,1,"2022/10/20 13:35:00",POAT220,0
D,DISPATCH,UNIT_SCADA,1,"2022/10/20 13:35:00",POR01,0.008670
D,DISPATCH,UNIT_SCADA,1,"2022/10/20 13:35:00",POR03,0
D,DISPATCH,UNIT_SCADA,1,"2022/10/20 13:35:00",PPCCGT,0
D,DISPATCH,UNIT_SCADA,1,"2022/10/20 13:35:00",PTSTAN1,0
D,DISPATCH,UNIT_SCADA,1,"2022/10/20 13:35:00",PUMP1,0
D,DISPATCH,UNIT_SCADA,1,"2022/10/20 13:35:00",PUMP2,0
D,DISPATCH,UNIT_SCADA,1,"2022/10/20 13:35:00",QBYNBG1,0
D,DISPATCH,UNIT_SCADA,1,"2022/10/20 13:35:00",QBYNBL1,1.485480
D,DISPATCH,UNIT_SCADA,1,"2022/10/20 13:35:00",QPS1,0
D,DISPATCH,UNIT_SCADA,1,"2022/10/20 13:35:00",QPS2,0
D,DISPATCH,UNIT_SCADA,1,"2022/10/20 13:35:00",QPS3,0
D,DISPATCH,UNIT_SCADA,1,"2022/10/20 13:35:00",QPS4,0
D,DISPATCH,UNIT_SCADA,1,"2022/10/20 13:35:00",QPS5,73.02
D,DISPATCH,UNIT_SCADA,1,"2022/10/20 13:35:00",REECE1,0
D,DISPATCH,UNIT_SCADA,1,"2022/10/20 13:35:00",REECE2,0
D,DISPATCH,UNIT_SCADA,1,"2022/10/20 13:35:00",ROMA_7,0
D,DISPATCH,UNIT_SCADA,1,"2022/10/20 13:35:00",ROMA_8,0
D,DISPATCH,UNIT_SCADA,1,"2022/10/20 13:35:00",RRSF1,72.028140
D,DISPATCH,UNIT_SCADA,1,"2022/10/20 13:35:00",RT_NSW1,0
D,DISPATCH,UNIT_SCADA,1,"2022/10/20 13:35:00",RT_NSW2,0
D,DISPATCH,UNIT_SCADA,1,"2022/10/20 13:35:00",RT_NSW3,0
D,DISPATCH,UNIT_SCADA,1,"2022/10/20 13:35:00",RT_NSW4,0
D,DISPATCH,UNIT_SCADA,1,"2022/10/20 13:35:00",RT_NSW5,0
D,DISPATCH,UNIT_SCADA,1,"2022/10/20 13:35:00",RT_NSW6,0
D,DISPATCH,UNIT_SCADA,1,"2022/10/20 13:35:00",RT_QLD1,0
D,DISPATCH,UNIT_SCADA,1,"2022/10/20 13:35:00",RT_SA1,0
D,DISPATCH,UNIT_SCADA,1,"2022/10/20 13:35:00",RT_SA2,0
D,DISPATCH,UNIT_SCADA,1,"2022/10/20 13:35:00",RT_SA3,0
D,DISPATCH,UNIT_SCADA,1,"2022/10/20 13:35:00",RT_SA4,0
D,DISPATCH,UNIT_SCADA,1,"2022/10/20 13:35:00",RT_SA5,0
D,DISPATCH,UNIT_SCADA,1,"2022/10/20 13:35:00",RT_SA6,0
D,DISPATCH,UNIT_SCADA,1,"2022/10/20 13:35:00",RT_TAS1,0
D,DISPATCH,UNIT_SCADA,1,"2022/10/20 13:35:00",RT_VIC1,0
D,DISPATCH,UNIT_SCADA,1,"2022/10/20 13:35:00",RT_VIC10,0
D,DISPATCH,UNIT_SCADA,1,"2022/10/20 13:35:00",RT_VIC11,0
D,DISPATCH,UNIT_SCADA,1,"2022/10/20 13:35:00",RT_VIC12,0
D,DISPATCH,UNIT_SCADA,1,"2022/10/20 13:35:00",RT_VIC2,0
D,DISPATCH,UNIT_SCADA,1,"2022/10/20 13:35:00",RT_VIC3,0
D,DISPATCH,UNIT_SCADA,1,"2022/10/20 13:35:00",RT_VIC4,0
D,DISPATCH,UNIT_SCADA,1,"2022/10/20 13:35:00",RT_VIC5,0
D,DISPATCH,UNIT_SCADA,1,"2022/10/20 13:35:00",RT_VIC6,0
D,DISPATCH,UNIT_SCADA,1,"2022/10/20 13:35:00",RT_VIC7,0
D,DISPATCH,UNIT_SCADA,1,"2022/10/20 13:35:00",RT_VIC8,0
D,DISPATCH,UNIT_SCADA,1,"2022/10/20 13:35:00",RT_VIC9,0
D,DISPATCH,UNIT_SCADA,1,"2022/10/20 13:35:00",RUGBYR1,29.586430
D,DISPATCH,UNIT_SCADA,1,"2022/10/20 13:35:00",SALTCRK1,18.01
D,DISPATCH,UNIT_SCADA,1,"2022/10/20 13:35:00",SAPHWF1,0
D,DISPATCH,UNIT_SCADA,1,"2022/10/20 13:35:00",SEBSF1,48.771420
D,DISPATCH,UNIT_SCADA,1,"2022/10/20 13:35:00",SHGEN,0
D,DISPATCH,UNIT_SCADA,1,"2022/10/20 13:35:00",SHPUMP,0
D,DISPATCH,UNIT_SCADA,1,"2022/10/20 13:35:00",SITHE01,0.123710
D,DISPATCH,UNIT_SCADA,1,"2022/10/20 13:35:00",SMCSF1,116.1850
D,DISPATCH,UNIT_SCADA,1,"2022/10/20 13:35:00",SNAPPER1,0
D,DISPATCH,UNIT_SCADA,1,"2022/10/20 13:35:00",SNOWNTH1,43.40
D,DISPATCH,UNIT_SCADA,1,"2022/10/20 13:35:00",SNOWSTH1,36.60
D,DISPATCH,UNIT_SCADA,1,"2022/10/20 13:35:00",SNOWTWN1,41.369770
D,DISPATCH,UNIT_SCADA,1,"2022/10/20 13:35:00",SNOWYP,0
D,DISPATCH,UNIT_SCADA,1,"2022/10/20 13:35:00",SNUG1,0
D,DISPATCH,UNIT_SCADA,1,"2022/10/20 13:35:00",SRSF1,33.21
D,DISPATCH,UNIT_SCADA,1,"2022/10/20 13:35:00",STAN-1,279.658750
D,DISPATCH,UNIT_SCADA,1,"2022/10/20 13:35:00",STAN-2,361.705510
D,DISPATCH,UNIT_SCADA,1,"2022/10/20 13:35:00",STAN-3,159.350890
D,DISPATCH,UNIT_SCADA,1,"2022/10/20 13:35:00",STAN-4,350.848820
D,DISPATCH,UNIT_SCADA,1,"2022/10/20 13:35:00",STARHLWF,18.494610
D,DISPATCH,UNIT_SCADA,1,"2022/10/20 13:35:00",STOCKYD1,97.92
D,DISPATCH,UNIT_SCADA,1,"2022/10/20 13:35:00",STWF1,0
D,DISPATCH,UNIT_SCADA,1,"2022/10/20 13:35:00",SUNRSF1,58.205540
D,DISPATCH,UNIT_SCADA,1,"2022/10/20 13:35:00",SUNTPSF1,2.619060
D,DISPATCH,UNIT_SCADA,1,"2022/10/20 13:35:00",SWAN_E,190.819990
D,DISPATCH,UNIT_SCADA,1,"2022/10/20 13:35:00",TALWA1,0
D,DISPATCH,UNIT_SCADA,1,"2022/10/20 13:35:00",TARALGA1,0
D,DISPATCH,UNIT_SCADA,1,"2022/10/20 13:35:00",TARONG#1,344.399990
D,DISPATCH,UNIT_SCADA,1,"2022/10/20 13:35:00",TARONG#2,344.50
D,DISPATCH,UNIT_SCADA,1,"2022/10/20 13:35:00",TARONG#3,0.90
D,DISPATCH,UNIT_SCADA,1,"2022/10/20 13:35:00",TARONG#4,285.700010
D,DISPATCH,UNIT_SCADA,1,"2022/10/20 13:35:00",TARRALEA,54
D,DISPATCH,UNIT_SCADA,1,"2022/10/20 13:35:00",TBSF1,0.10
D,DISPATCH,UNIT_SCADA,1,"2022/10/20 13:35:00",TNPS1,319
D,DISPATCH,UNIT_SCADA,1,"2022/10/20 13:35:00",TORRB1,0
D,DISPATCH,UNIT_SCADA,1,"2022/10/20 13:35:00",TORRB2,40
D,DISPATCH,UNIT_SCADA,1,"2022/10/20 13:35:00",TORRB3,0
D,DISPATCH,UNIT_SCADA,1,"2022/10/20 13:35:00",TORRB4,0
D,DISPATCH,UNIT_SCADA,1,"2022/10/20 13:35:00",TREVALLN,100.061550
D,DISPATCH,UNIT_SCADA,1,"2022/10/20 13:35:00",TRIBUTE,0
D,DISPATCH,UNIT_SCADA,1,"2022/10/20 13:35:00",TUMUT3,128.149990
D,DISPATCH,UNIT_SCADA,1,"2022/10/20 13:35:00",TUNGATIN,5.810020
D,DISPATCH,UNIT_SCADA,1,"2022/10/20 13:35:00",TVCC201,0
D,DISPATCH,UNIT_SCADA,1,"2022/10/20 13:35:00",TVPP104,0
D,DISPATCH,UNIT_SCADA,1,"2022/10/20 13:35:00",UPPTUMUT,0
D,DISPATCH,UNIT_SCADA,1,"2022/10/20 13:35:00",URANQ11,0
D,DISPATCH,UNIT_SCADA,1,"2022/10/20 13:35:00",URANQ12,0
D,DISPATCH,UNIT_SCADA,1,"2022/10/20 13:35:00",URANQ13,0
D,DISPATCH,UNIT_SCADA,1,"2022/10/20 13:35:00",URANQ14,0
D,DISPATCH,UNIT_SCADA,1,"2022/10/20 13:35:00",VBBG1,0
D,DISPATCH,UNIT_SCADA,1,"2022/10/20 13:35:00",VBBL1,68.60
D,DISPATCH,UNIT_SCADA,1,"2022/10/20 13:35:00",VP5,553.874330
D,DISPATCH,UNIT_SCADA,1,"2022/10/20 13:35:00",VP6,550.480650
D,DISPATCH,UNIT_SCADA,1,"2022/10/20 13:35:00",VPGS1,0
D,DISPATCH,UNIT_SCADA,1,"2022/10/20 13:35:00",VPGS2,0
D,DISPATCH,UNIT_SCADA,1,"2022/10/20 13:35:00",VPGS3,0
D,DISPATCH,UNIT_SCADA,1,"2022/10/20 13:35:00",VPGS4,0
D,DISPATCH,UNIT_SCADA,1,"2022/10/20 13:35:00",VPGS5,0
D,DISPATCH,UNIT_SCADA,1,"2022/10/20 13:35:00",VPGS6,0
D,DISPATCH,UNIT_SCADA,1,"2022/10/20 13:35:00",W/HOE#1,0
D,DISPATCH,UNIT_SCADA,1,"2022/10/20 13:35:00",W/HOE#2,0
D,DISPATCH,UNIT_SCADA,1,"2022/10/20 13:35:00",WAGGNSF1,0
D,DISPATCH,UNIT_SCADA,1,"2022/10/20 13:35:00",WALGRVG1,0.021410
D,DISPATCH,UNIT_SCADA,1,"2022/10/20 13:35:00",WALGRVL1,0
D,DISPATCH,UNIT_SCADA,1,"2022/10/20 13:35:00",WANDBG1,0
D,DISPATCH,UNIT_SCADA,1,"2022/10/20 13:35:00",WANDBL1,19.178010
D,DISPATCH,UNIT_SCADA,1,"2022/10/20 13:35:00",WARWSF1,13.67
D,DISPATCH,UNIT_SCADA,1,"2022/10/20 13:35:00",WARWSF2,14.81
D,DISPATCH,UNIT_SCADA,1,"2022/10/20 13:35:00",WATERLWF,14.70
D,DISPATCH,UNIT_SCADA,1,"2022/10/20 13:35:00",WDGPH1,39.5490
D,DISPATCH,UNIT_SCADA,1,"2022/10/20 13:35:00",WELLSF1,7.583730
D,DISPATCH,UNIT_SCADA,1,"2022/10/20 13:35:00",WEMENSF1,55.30
D,DISPATCH,UNIT_SCADA,1,"2022/10/20 13:35:00",WGWF1,12.40
D,DISPATCH,UNIT_SCADA,1,"2022/10/20 13:35:00",WHITSF1,24.90
D,DISPATCH,UNIT_SCADA,1,"2022/10/20 13:35:00",WINTSF1,83.14
D,DISPATCH,UNIT_SCADA,1,"2022/10/20 13:35:00",WKIEWA1,31.80
D,DISPATCH,UNIT_SCADA,1,"2022/10/20 13:35:00",WKIEWA2,14
D,DISPATCH,UNIT_SCADA,1,"2022/10/20 13:35:00",WOODLWN1,14.989970
D,DISPATCH,UNIT_SCADA,1,"2022/10/20 13:35:00",WOOLGSF1,30.041090
D,DISPATCH,UNIT_SCADA,1,"2022/10/20 13:35:00",WPWF,28.94
D,DISPATCH,UNIT_SCADA,1,"2022/10/20 13:35:00",WRSF1,6.240420
D,DISPATCH,UNIT_SCADA,1,"2022/10/20 13:35:00",WRWF1,0
D,DISPATCH,UNIT_SCADA,1,"2022/10/20 13:35:00",WSTWYSF1,1.043940
D,DISPATCH,UNIT_SCADA,1,"2022/10/20 13:35:00",YABULU,0
D,DISPATCH,UNIT_SCADA,1,"2022/10/20 13:35:00",YABULU2,0
D,DISPATCH,UNIT_SCADA,1,"2022/10/20 13:35:00",YARANSF1,49.50
D,DISPATCH,UNIT_SCADA,1,"2022/10/20 13:35:00",YARWUN_1,161.42
D,DISPATCH,UNIT_SCADA,1,"2022/10/20 13:35:00",YATSF1,29.24
D,DISPATCH,UNIT_SCADA,1,"2022/10/20 13:35:00",YENDWF1,43.47
D,DISPATCH,UNIT_SCADA,1,"2022/10/20 13:35:00",YWPS1,261.650630
D,DISPATCH,UNIT_SCADA,1,"2022/10/20 13:35:00",YWPS2,256.888610
D,DISPATCH,UNIT_SCADA,1,"2022/10/20 13:35:00",YWPS3,280.350650
D,DISPATCH,UNIT_SCADA,1,"2022/10/20 13:35:00",YWPS4,0
C,"END OF REPORT",419
