C,NEMP.WORLD,DISPATCHSCADA,AEMO,PUBLIC,2022/10/20,09:40:10,0000000373244603,DISPATCHSCADA,0000000373244597
I,DISPATCH,UNIT_SCADA,1,SETTLEMENTDATE,DUID,SCADAVALUE
D,DISPATCH,UNIT_SCADA,1,"2022/10/20 09:45:00",BARCSF1,7.30
D,DISPATCH,UNIT_SCADA,1,"2022/10/20 09:45:00",BUTLERSG,8.599998
D,DISPATCH,UNIT_SCADA,1,"2022/10/20 09:45:00",CAPTL_WF,44.238956
D,DISPATCH,UNIT_SCADA,1,"2022/10/20 09:45:00",CHALLHWF,3.20
D,DISPATCH,UNIT_SCADA,1,"2022/10/20 09:45:00",CLOVER,9.97
D,DISPATCH,UNIT_SCADA,1,"2022/10/20 09:45:00",CLUNY,6.181277
D,DISPATCH,UNIT_SCADA,1,"2022/10/20 09:45:00",CULLRGWF,-0.05
D,DISPATCH,UNIT_SCADA,1,"2022/10/20 09:45:00",DIAPURWF1,3.70
D,DISPATCH,UNIT_SCADA,1,"2022/10/20 09:45:00",ERGT01,0
D,DISPATCH,UNIT_SCADA,1,"2022/10/20 09:45:00",GB01,0
D,DISPATCH,UNIT_SCADA,1,"2022/10/20 09:45:00",GERMCRK,19.299999
D,DISPATCH,UNIT_SCADA,1,"2022/10/20 09:45:00",GRIFSF1,4.399176
D,DISPATCH,UNIT_SCADA,1,"2022/10/20 09:45:00",HEZ1,0
D,DISPATCH,UNIT_SCADA,1,"2022/10/20 09:45:00",HUGSF1,13.9610
D,DISPATCH,UNIT_SCADA,1,"2022/10/20 09:45:00",KEPBG1,0.01
D,DISPATCH,UNIT_SCADA,1,"2022/10/20 09:45:00",LRSF1,10.5780
D,DISPATCH,UNIT_SCADA,1,"2022/10/20 09:45:00",MBAHNTH,46.349991
D,DISPATCH,UNIT_SCADA,1,"2022/10/20 09:45:00",MLSP1,10.865001
D,DISPATCH,UNIT_SCADA,1,"2022/10/20 09:45:00",MLWF1,6.54
D,DISPATCH,UNIT_SCADA,1,"2022/10/20 09:45:00",PALOONA,30.08
D,DISPATCH,UNIT_SCADA,1,"2022/10/20 09:45:00",PIONEER,40.799999
D,DISPATCH,UNIT_SCADA,1,"2022/10/20 09:45:00",PORTWF,66.699997
D,DISPATCH,UNIT_SCADA,1,"2022/10/20 09:45:00",REPULSE,9.423362
D,DISPATCH,UNIT_SCADA,1,"2022/10/20 09:45:00",ROWALLAN,9.0596
D,DISPATCH,UNIT_SCADA,1,"2022/10/20 09:45:00",ROYALLA1,7.899004
D,DISPATCH,UNIT_SCADA,1,"2022/10/20 09:45:00",RPCG,-1.80
D,DISPATCH,UNIT_SCADA,1,"2022/10/20 09:45:00",RUBICON,0
D,DISPATCH,UNIT_SCADA,1,"2022/10/20 09:45:00",WAUBRAWF,2.8190
D,DISPATCH,UNIT_SCADA,1,"2022/10/20 09:45:00",WOOLNTH1,-0.79
D,DISPATCH,UNIT_SCADA,1,"2022/10/20 09:45:00",YAMBUKWF,5.60
D,DISPATCH,UNIT_SCADA,1,"2022/10/20 09:45:00",YSWF1,0.10
D,DISPATCH,UNIT_SCADA,1,"2022/10/20 09:45:00",ADPBA1G,0.0080
D,DISPATCH,UNIT_SCADA,1,"2022/10/20 09:45:00",ADPBA1L,0
D,DISPATCH,UNIT_SCADA,1,"2022/10/20 09:45:00",ADPPV1,0.0530
D,DISPATCH,UNIT_SCADA,1,"2022/10/20 09:45:00",AGLHAL,0
D,DISPATCH,UNIT_SCADA,1,"2022/10/20 09:45:00",AGLSOM,0
D,DISPATCH,UNIT_SCADA,1,"2022/10/20 09:45:00",ANGAST1,0
D,DISPATCH,UNIT_SCADA,1,"2022/10/20 09:45:00",ARWF1,4.40
D,DISPATCH,UNIT_SCADA,1,"2022/10/20 09:45:00",BALBG1,0
D,DISPATCH,UNIT_SCADA,1,"2022/10/20 09:45:00",BALBL1,0
D,DISPATCH,UNIT_SCADA,1,"2022/10/20 09:45:00",BALDHWF1,3.8280
D,DISPATCH,UNIT_SCADA,1,"2022/10/20 09:45:00",BANGOWF1,30.095670
D,DISPATCH,UNIT_SCADA,1,"2022/10/20 09:45:00",BANGOWF2,38.299610
D,DISPATCH,UNIT_SCADA,1,"2022/10/20 09:45:00",BANN1,27.84
D,DISPATCH,UNIT_SCADA,1,"2022/10/20 09:45:00",BARCALDN,0
D,DISPATCH,UNIT_SCADA,1,"2022/10/20 09:45:00",BARKIPS1,0
D,DISPATCH,UNIT_SCADA,1,"2022/10/20 09:45:00",BARRON-1,0
D,DISPATCH,UNIT_SCADA,1,"2022/10/20 09:45:00",BARRON-2,0
D,DISPATCH,UNIT_SCADA,1,"2022/10/20 09:45:00",BASTYAN,51.73
D,DISPATCH,UNIT_SCADA,1,"2022/10/20 09:45:00",BBTHREE1,0
D,DISPATCH,UNIT_SCADA,1,"2022/10/20 09:45:00",BBTHREE2,0
D,DISPATCH,UNIT_SCADA,1,"2022/10/20 09:45:00",BBTHREE3,-1.05
D,DISPATCH,UNIT_SCADA,1,"2022/10/20 09:45:00",BDL01,0
D,DISPATCH,UNIT_SCADA,1,"2022/10/20 09:45:00",BDL02,0
D,DISPATCH,UNIT_SCADA,1,"2022/10/20 09:45:00",BERYLSF1,3.190070
D,DISPATCH,UNIT_SCADA,1,"2022/10/20 09:45:00",BLOWERNG,62.60
D,DISPATCH,UNIT_SCADA,1,"2022/10/20 09:45:00",BLUEGSF1,34.836480
D,DISPATCH,UNIT_SCADA,1,"2022/10/20 09:45:00",BLUFF1,49.60
D,DISPATCH,UNIT_SCADA,1,"2022/10/20 09:45:00",BNGSF1,109.96
D,DISPATCH,UNIT_SCADA,1,"2022/10/20 09:45:00",BNGSF2,110.47
D,DISPATCH,UNIT_SCADA,1,"2022/10/20 09:45:00",BOCORWF1,0
D,DISPATCH,UNIT_SCADA,1,"2022/10/20 09:45:00",BODWF1,106.702530
D,DISPATCH,UNIT_SCADA,1,"2022/10/20 09:45:00",BOMENSF1,42.622110
D,DISPATCH,UNIT_SCADA,1,"2022/10/20 09:45:00",BOWWBA1G,0
D,DISPATCH,UNIT_SCADA,1,"2022/10/20 09:45:00",BOWWBA1L,0.0010
D,DISPATCH,UNIT_SCADA,1,"2022/10/20 09:45:00",BOWWPV1,0
D,DISPATCH,UNIT_SCADA,1,"2022/10/20 09:45:00",BRAEMAR1,0
D,DISPATCH,UNIT_SCADA,1,"2022/10/20 09:45:00",BRAEMAR2,0
D,DISPATCH,UNIT_SCADA,1,"2022/10/20 09:45:00",BRAEMAR3,0
D,DISPATCH,UNIT_SCADA,1,"2022/10/20 09:45:00",BRAEMAR5,0.292060
D,DISPATCH,UNIT_SCADA,1,"2022/10/20 09:45:00",BRAEMAR6,0
D,DISPATCH,UNIT_SCADA,1,"2022/10/20 09:45:00",BRAEMAR7,0.130920
D,DISPATCH,UNIT_SCADA,1,"2022/10/20 09:45:00",BROKENH1,13.899790
D,DISPATCH,UNIT_SCADA,1,"2022/10/20 09:45:00",BRYB1WF1,90.055690
D,DISPATCH,UNIT_SCADA,1,"2022/10/20 09:45:00",BULBESG1,0
D,DISPATCH,UNIT_SCADA,1,"2022/10/20 09:45:00",BULBESL1,1.97
D,DISPATCH,UNIT_SCADA,1,"2022/10/20 09:45:00",BULGANA1,20.85
D,DISPATCH,UNIT_SCADA,1,"2022/10/20 09:45:00",BW01,657.590580
D,DISPATCH,UNIT_SCADA,1,"2022/10/20 09:45:00",BW02,618.4787
D,DISPATCH,UNIT_SCADA,1,"2022/10/20 09:45:00",BW03,547.798890
D,DISPATCH,UNIT_SCADA,1,"2022/10/20 09:45:00",BW04,0
D,DISPATCH,UNIT_SCADA,1,"2022/10/20 09:45:00",CALL_B_1,318.899990
D,DISPATCH,UNIT_SCADA,1,"2022/10/20 09:45:00",CALL_B_2,318.899990
D,DISPATCH,UNIT_SCADA,1,"2022/10/20 09:45:00",CATHROCK,0
D,DISPATCH,UNIT_SCADA,1,"2022/10/20 09:45:00",CBWWBA1G,0
D,DISPATCH,UNIT_SCADA,1,"2022/10/20 09:45:00",CBWWBA1L,0
D,DISPATCH,UNIT_SCADA,1,"2022/10/20 09:45:00",CETHANA,77.5875
D,DISPATCH,UNIT_SCADA,1,"2022/10/20 09:45:00",CG1,0
D,DISPATCH,UNIT_SCADA,1,"2022/10/20 09:45:00",CG2,0
D,DISPATCH,UNIT_SCADA,1,"2022/10/20 09:45:00",CG3,0
D,DISPATCH,UNIT_SCADA,1,"2022/10/20 09:45:00",CG4,0
D,DISPATCH,UNIT_SCADA,1,"2022/10/20 09:45:00",CHILDSF1,7.83
D,DISPATCH,UNIT_SCADA,1,"2022/10/20 09:45:00",CHYTWF1,2.94
D,DISPATCH,UNIT_SCADA,1,"2022/10/20 09:45:00",CLARESF1,86.351880
D,DISPATCH,UNIT_SCADA,1,"2022/10/20 09:45:00",CLEMGPWF,10.012870
D,DISPATCH,UNIT_SCADA,1,"2022/10/20 09:45:00",CLERMSF1,28.75
D,DISPATCH,UNIT_SCADA,1,"2022/10/20 09:45:00",CNUNDAWF,0.200230
D,DISPATCH,UNIT_SCADA,1,"2022/10/20 09:45:00",COHUNSF1,5.33
D,DISPATCH,UNIT_SCADA,1,"2022/10/20 09:45:00",COLEASF1,19.998860
D,DISPATCH,UNIT_SCADA,1,"2022/10/20 09:45:00",COLUMSF1,19.6710
D,DISPATCH,UNIT_SCADA,1,"2022/10/20 09:45:00",COLWF01,83.9292
D,DISPATCH,UNIT_SCADA,1,"2022/10/20 09:45:00",COOPGWF1,203.81
D,DISPATCH,UNIT_SCADA,1,"2022/10/20 09:45:00",CPP_3,362.725010
D,DISPATCH,UNIT_SCADA,1,"2022/10/20 09:45:00",CPP_4,0
D,DISPATCH,UNIT_SCADA,1,"2022/10/20 09:45:00",CPSA,0
D,DISPATCH,UNIT_SCADA,1,"2022/10/20 09:45:00",CROOKWF2,39.124740
D,DISPATCH,UNIT_SCADA,1,"2022/10/20 09:45:00",CROWLWF1,23.966720
D,DISPATCH,UNIT_SCADA,1,"2022/10/20 09:45:00",CRURWF1,58.696960
D,DISPATCH,UNIT_SCADA,1,"2022/10/20 09:45:00",CRWASF1,30.247940
D,DISPATCH,UNIT_SCADA,1,"2022/10/20 09:45:00",CSPVPS1,3.9850
D,DISPATCH,UNIT_SCADA,1,"2022/10/20 09:45:00",CTHLWF1,0.003050
D,DISPATCH,UNIT_SCADA,1,"2022/10/20 09:45:00",DALNTH01,0
D,DISPATCH,UNIT_SCADA,1,"2022/10/20 09:45:00",DALNTHL1,0.062560
D,DISPATCH,UNIT_SCADA,1,"2022/10/20 09:45:00",DARLSF1,31.7951
D,DISPATCH,UNIT_SCADA,1,"2022/10/20 09:45:00",DARTM1,0
D,DISPATCH,UNIT_SCADA,1,"2022/10/20 09:45:00",DAYDSF1,11.7450
D,DISPATCH,UNIT_SCADA,1,"2022/10/20 09:45:00",DDPS1,0
D,DISPATCH,UNIT_SCADA,1,"2022/10/20 09:45:00",DDSF1,17.012740
D,DISPATCH,UNIT_SCADA,1,"2022/10/20 09:45:00",DEVILS_G,62.038020
D,DISPATCH,UNIT_SCADA,1,"2022/10/20 09:45:00",DG_NSW1,0
D,DISPATCH,UNIT_SCADA,1,"2022/10/20 09:45:00",DG_QLD1,0
D,DISPATCH,UNIT_SCADA,1,"2022/10/20 09:45:00",DG_SA1,0
D,DISPATCH,UNIT_SCADA,1,"2022/10/20 09:45:00",DG_TAS1,0
D,DISPATCH,UNIT_SCADA,1,"2022/10/20 09:45:00",DG_VIC1,0
D,DISPATCH,UNIT_SCADA,1,"2022/10/20 09:45:00",DRYCGT1,0
D,DISPATCH,UNIT_SCADA,1,"2022/10/20 09:45:00",DRYCGT2,0
D,DISPATCH,UNIT_SCADA,1,"2022/10/20 09:45:00",DRYCGT3,0
D,DISPATCH,UNIT_SCADA,1,"2022/10/20 09:45:00",DUNDWF1,54.81
D,DISPATCH,UNIT_SCADA,1,"2022/10/20 09:45:00",DUNDWF2,18.94
D,DISPATCH,UNIT_SCADA,1,"2022/10/20 09:45:00",DUNDWF3,49.97
D,DISPATCH,UNIT_SCADA,1,"2022/10/20 09:45:00",EILDON1,59.96
D,DISPATCH,UNIT_SCADA,1,"2022/10/20 09:45:00",EILDON2,60.08
D,DISPATCH,UNIT_SCADA,1,"2022/10/20 09:45:00",ELAINWF1,15.36
D,DISPATCH,UNIT_SCADA,1,"2022/10/20 09:45:00",EMERASF1,0
D,DISPATCH,UNIT_SCADA,1,"2022/10/20 09:45:00",ER01,0
D,DISPATCH,UNIT_SCADA,1,"2022/10/20 09:45:00",ER02,353.044950
D,DISPATCH,UNIT_SCADA,1,"2022/10/20 09:45:00",ER03,430.4631
D,DISPATCH,UNIT_SCADA,1,"2022/10/20 09:45:00",ER04,423.724730
D,DISPATCH,UNIT_SCADA,1,"2022/10/20 09:45:00",FINLYSF1,131.151290
D,DISPATCH,UNIT_SCADA,1,"2022/10/20 09:45:00",FISHER,43.79
D,DISPATCH,UNIT_SCADA,1,"2022/10/20 09:45:00",GANGARR1,19.3970
D,DISPATCH,UNIT_SCADA,1,"2022/10/20 09:45:00",GANNBG1,0
D,DISPATCH,UNIT_SCADA,1,"2022/10/20 09:45:00",GANNBL1,5.160480
D,DISPATCH,UNIT_SCADA,1,"2022/10/20 09:45:00",GANNSF1,30.80
D,DISPATCH,UNIT_SCADA,1,"2022/10/20 09:45:00",GLRWNSF1,107.19
D,DISPATCH,UNIT_SCADA,1,"2022/10/20 09:45:00",GNNDHSF1,62.311510
D,DISPATCH,UNIT_SCADA,1,"2022/10/20 09:45:00",GOONSF1,20.431220
D,DISPATCH,UNIT_SCADA,1,"2022/10/20 09:45:00",GORDON,236.483250
D,DISPATCH,UNIT_SCADA,1,"2022/10/20 09:45:00",GRANWF1,0.78
D,DISPATCH,UNIT_SCADA,1,"2022/10/20 09:45:00",GSTONE1,170.80
D,DISPATCH,UNIT_SCADA,1,"2022/10/20 09:45:00",GSTONE2,0
D,DISPATCH,UNIT_SCADA,1,"2022/10/20 09:45:00",GSTONE3,170.974990
D,DISPATCH,UNIT_SCADA,1,"2022/10/20 09:45:00",GSTONE4,0
D,DISPATCH,UNIT_SCADA,1,"2022/10/20 09:45:00",GSTONE5,172.55
D,DISPATCH,UNIT_SCADA,1,"2022/10/20 09:45:00",GSTONE6,172.20
D,DISPATCH,UNIT_SCADA,1,"2022/10/20 09:45:00",GULLRSF1,4.934930
D,DISPATCH,UNIT_SCADA,1,"2022/10/20 09:45:00",GULLRWF1,55.074160
D,DISPATCH,UNIT_SCADA,1,"2022/10/20 09:45:00",GULLRWF2,77.290250
D,DISPATCH,UNIT_SCADA,1,"2022/10/20 09:45:00",GUNNING1,0
D,DISPATCH,UNIT_SCADA,1,"2022/10/20 09:45:00",GUTHEGA,67.90
D,DISPATCH,UNIT_SCADA,1,"2022/10/20 09:45:00",HALLWF1,38.38
D,DISPATCH,UNIT_SCADA,1,"2022/10/20 09:45:00",HALLWF2,50.28
D,DISPATCH,UNIT_SCADA,1,"2022/10/20 09:45:00",HAMISF1,3.30
D,DISPATCH,UNIT_SCADA,1,"2022/10/20 09:45:00",HAUGHT11,40.914940
D,DISPATCH,UNIT_SCADA,1,"2022/10/20 09:45:00",HAYMSF1,3.4880
D,DISPATCH,UNIT_SCADA,1,"2022/10/20 09:45:00",HDWF1,78
D,DISPATCH,UNIT_SCADA,1,"2022/10/20 09:45:00",HDWF2,53.30
D,DISPATCH,UNIT_SCADA,1,"2022/10/20 09:45:00",HDWF3,61.80
D,DISPATCH,UNIT_SCADA,1,"2022/10/20 09:45:00",HILLSTN1,9.2928
D,DISPATCH,UNIT_SCADA,1,"2022/10/20 09:45:00",HPRG1,1.80
D,DISPATCH,UNIT_SCADA,1,"2022/10/20 09:45:00",HPRL1,0
D,DISPATCH,UNIT_SCADA,1,"2022/10/20 09:45:00",HUMENSW,54.665950
D,DISPATCH,UNIT_SCADA,1,"2022/10/20 09:45:00",HUMEV,0
D,DISPATCH,UNIT_SCADA,1,"2022/10/20 09:45:00",HVWWBA1G,0
D,DISPATCH,UNIT_SCADA,1,"2022/10/20 09:45:00",HVWWBA1L,0.0060
D,DISPATCH,UNIT_SCADA,1,"2022/10/20 09:45:00",HVWWPV1,0.01
D,DISPATCH,UNIT_SCADA,1,"2022/10/20 09:45:00",JBUTTERS,0
D,DISPATCH,UNIT_SCADA,1,"2022/10/20 09:45:00",JEMALNG1,4.80
D,DISPATCH,UNIT_SCADA,1,"2022/10/20 09:45:00",JLA01,0
D,DISPATCH,UNIT_SCADA,1,"2022/10/20 09:45:00",JLA02,0
D,DISPATCH,UNIT_SCADA,1,"2022/10/20 09:45:00",JLA03,0
D,DISPATCH,UNIT_SCADA,1,"2022/10/20 09:45:00",JLA04,0
D,DISPATCH,UNIT_SCADA,1,"2022/10/20 09:45:00",JLB01,0
D,DISPATCH,UNIT_SCADA,1,"2022/10/20 09:45:00",JLB02,0.10
D,DISPATCH,UNIT_SCADA,1,"2022/10/20 09:45:00",JLB03,0
D,DISPATCH,UNIT_SCADA,1,"2022/10/20 09:45:00",JUNEESF1,12.646910
D,DISPATCH,UNIT_SCADA,1,"2022/10/20 09:45:00",KABANWF1,0
D,DISPATCH,UNIT_SCADA,1,"2022/10/20 09:45:00",KAREEYA1,0
D,DISPATCH,UNIT_SCADA,1,"2022/10/20 09:45:00",KAREEYA2,0
D,DISPATCH,UNIT_SCADA,1,"2022/10/20 09:45:00",KAREEYA3,4.7725
D,DISPATCH,UNIT_SCADA,1,"2022/10/20 09:45:00",KAREEYA4,0
D,DISPATCH,UNIT_SCADA,1,"2022/10/20 09:45:00",KARSF1,26.30
D,DISPATCH,UNIT_SCADA,1,"2022/10/20 09:45:00",KEPSF1,12.17
D,DISPATCH,UNIT_SCADA,1,"2022/10/20 09:45:00",KEPWF1,3.85
D,DISPATCH,UNIT_SCADA,1,"2022/10/20 09:45:00",KIAMSF1,16.475930
D,DISPATCH,UNIT_SCADA,1,"2022/10/20 09:45:00",KIATAWF1,13.90
D,DISPATCH,UNIT_SCADA,1,"2022/10/20 09:45:00",KPP_1,0
D,DISPATCH,UNIT_SCADA,1,"2022/10/20 09:45:00",KSP1,33.27
D,DISPATCH,UNIT_SCADA,1,"2022/10/20 09:45:00",LADBROK1,0.01
D,DISPATCH,UNIT_SCADA,1,"2022/10/20 09:45:00",LADBROK2,5.70
D,DISPATCH,UNIT_SCADA,1,"2022/10/20 09:45:00",LBBG1,0
D,DISPATCH,UNIT_SCADA,1,"2022/10/20 09:45:00",LBBL1,11.10
D,DISPATCH,UNIT_SCADA,1,"2022/10/20 09:45:00",LD01,279.061250
D,DISPATCH,UNIT_SCADA,1,"2022/10/20 09:45:00",LD02,0
D,DISPATCH,UNIT_SCADA,1,"2022/10/20 09:45:00",LD04,278.200620
D,DISPATCH,UNIT_SCADA,1,"2022/10/20 09:45:00",LEM_WIL,78.796170
D,DISPATCH,UNIT_SCADA,1,"2022/10/20 09:45:00",LGAPWF1,20.15
D,DISPATCH,UNIT_SCADA,1,"2022/10/20 09:45:00",LGAPWF2,14.98
D,DISPATCH,UNIT_SCADA,1,"2022/10/20 09:45:00",LILYSF1,18.874370
D,DISPATCH,UNIT_SCADA,1,"2022/10/20 09:45:00",LIMOSF11,71.579310
D,DISPATCH,UNIT_SCADA,1,"2022/10/20 09:45:00",LIMOSF21,9.279470
D,DISPATCH,UNIT_SCADA,1,"2022/10/20 09:45:00",LI_WY_CA,55.969920
D,DISPATCH,UNIT_SCADA,1,"2022/10/20 09:45:00",LKBONNY1,0
D,DISPATCH,UNIT_SCADA,1,"2022/10/20 09:45:00",LKBONNY2,0
D,DISPATCH,UNIT_SCADA,1,"2022/10/20 09:45:00",LKBONNY3,0
D,DISPATCH,UNIT_SCADA,1,"2022/10/20 09:45:00",LK_ECHO,0
D,DISPATCH,UNIT_SCADA,1,"2022/10/20 09:45:00",LNGS1,0
D,DISPATCH,UNIT_SCADA,1,"2022/10/20 09:45:00",LNGS2,0
D,DISPATCH,UNIT_SCADA,1,"2022/10/20 09:45:00",LONSDALE,0
D,DISPATCH,UNIT_SCADA,1,"2022/10/20 09:45:00",LOYYB1,439.469640
D,DISPATCH,UNIT_SCADA,1,"2022/10/20 09:45:00",LOYYB2,437.965820
D,DISPATCH,UNIT_SCADA,1,"2022/10/20 09:45:00",LYA1,515
D,DISPATCH,UNIT_SCADA,1,"2022/10/20 09:45:00",LYA2,0
D,DISPATCH,UNIT_SCADA,1,"2022/10/20 09:45:00",LYA3,455
D,DISPATCH,UNIT_SCADA,1,"2022/10/20 09:45:00",LYA4,454
D,DISPATCH,UNIT_SCADA,1,"2022/10/20 09:45:00",MACARTH1,49.298860
D,DISPATCH,UNIT_SCADA,1,"2022/10/20 09:45:00",MACKNTSH,0
D,DISPATCH,UNIT_SCADA,1,"2022/10/20 09:45:00",MANSLR1,16.2130
D,DISPATCH,UNIT_SCADA,1,"2022/10/20 09:45:00",MAPS2PV1,0
D,DISPATCH,UNIT_SCADA,1,"2022/10/20 09:45:00",MAPS3PV1,0
D,DISPATCH,UNIT_SCADA,1,"2022/10/20 09:45:00",MARYRSF1,1.88
D,DISPATCH,UNIT_SCADA,1,"2022/10/20 09:45:00",MBPS2PV1,0
D,DISPATCH,UNIT_SCADA,1,"2022/10/20 09:45:00",MCKAY1,0.02
D,DISPATCH,UNIT_SCADA,1,"2022/10/20 09:45:00",MEADOWBK,6.116120
D,DISPATCH,UNIT_SCADA,1,"2022/10/20 09:45:00",MERCER01,22.60
D,DISPATCH,UNIT_SCADA,1,"2022/10/20 09:45:00",METZSF1,30.262190
D,DISPATCH,UNIT_SCADA,1,"2022/10/20 09:45:00",MEWF1,2
D,DISPATCH,UNIT_SCADA,1,"2022/10/20 09:45:00",MIDDLSF1,4.21
D,DISPATCH,UNIT_SCADA,1,"2022/10/20 09:45:00",MINTARO,0.128180
D,DISPATCH,UNIT_SCADA,1,"2022/10/20 09:45:00",MOLNGSF1,4.178530
D,DISPATCH,UNIT_SCADA,1,"2022/10/20 09:45:00",MOORAWF1,27.14
D,DISPATCH,UNIT_SCADA,1,"2022/10/20 09:45:00",MOREESF1,10.8480
D,DISPATCH,UNIT_SCADA,1,"2022/10/20 09:45:00",MORTLK11,0
D,DISPATCH,UNIT_SCADA,1,"2022/10/20 09:45:00",MORTLK12,0
D,DISPATCH,UNIT_SCADA,1,"2022/10/20 09:45:00",MOUSF1,0
D,DISPATCH,UNIT_SCADA,1,"2022/10/20 09:45:00",MP1,0
D,DISPATCH,UNIT_SCADA,1,"2022/10/20 09:45:00",MP2,349.626920
D,DISPATCH,UNIT_SCADA,1,"2022/10/20 09:45:00",MPP_1,168.477940
D,DISPATCH,UNIT_SCADA,1,"2022/10/20 09:45:00",MPP_2,111.347110
D,DISPATCH,UNIT_SCADA,1,"2022/10/20 09:45:00",MRTLSWF1,0
D,DISPATCH,UNIT_SCADA,1,"2022/10/20 09:45:00",MSTUART1,0
D,DISPATCH,UNIT_SCADA,1,"2022/10/20 09:45:00",MSTUART2,0
D,DISPATCH,UNIT_SCADA,1,"2022/10/20 09:45:00",MSTUART3,0
D,DISPATCH,UNIT_SCADA,1,"2022/10/20 09:45:00",MTGELWF1,36.303290
D,DISPATCH,UNIT_SCADA,1,"2022/10/20 09:45:00",MTMILLAR,1.90
D,DISPATCH,UNIT_SCADA,1,"2022/10/20 09:45:00",MURRAY,0
D,DISPATCH,UNIT_SCADA,1,"2022/10/20 09:45:00",MUSSELR1,99.899990
D,DISPATCH,UNIT_SCADA,1,"2022/10/20 09:45:00",MUWAWF1,41.78
D,DISPATCH,UNIT_SCADA,1,"2022/10/20 09:45:00",MUWAWF2,29.80
D,DISPATCH,UNIT_SCADA,1,"2022/10/20 09:45:00",MWPS1PV1,0.13
D,DISPATCH,UNIT_SCADA,1,"2022/10/20 09:45:00",MWPS2PV1,0
D,DISPATCH,UNIT_SCADA,1,"2022/10/20 09:45:00",MWPS3PV1,0
D,DISPATCH,UNIT_SCADA,1,"2022/10/20 09:45:00",MWPS4PV1,0.01
D,DISPATCH,UNIT_SCADA,1,"2022/10/20 09:45:00",NBHWF1,61.10
D,DISPATCH,UNIT_SCADA,1,"2022/10/20 09:45:00",NEVERSF1,38.56
D,DISPATCH,UNIT_SCADA,1,"2022/10/20 09:45:00",NPS,0
D,DISPATCH,UNIT_SCADA,1,"2022/10/20 09:45:00",NUMURSF1,93.31
D,DISPATCH,UNIT_SCADA,1,"2022/10/20 09:45:00",NYNGAN1,28.50
D,DISPATCH,UNIT_SCADA,1,"2022/10/20 09:45:00",OAKEY1,0
D,DISPATCH,UNIT_SCADA,1,"2022/10/20 09:45:00",OAKEY1SF,4.9480
D,DISPATCH,UNIT_SCADA,1,"2022/10/20 09:45:00",OAKEY2,0
D,DISPATCH,UNIT_SCADA,1,"2022/10/20 09:45:00",OAKEY2SF,8.49
D,DISPATCH,UNIT_SCADA,1,"2022/10/20 09:45:00",OAKLAND1,8
D,DISPATCH,UNIT_SCADA,1,"2022/10/20 09:45:00",OSB-AG,0
D,DISPATCH,UNIT_SCADA,1,"2022/10/20 09:45:00",PAREPS1,0.0660
D,DISPATCH,UNIT_SCADA,1,"2022/10/20 09:45:00",PAREPW1,50.04
D,DISPATCH,UNIT_SCADA,1,"2022/10/20 09:45:00",PARSF1,16.801710
D,DISPATCH,UNIT_SCADA,1,"2022/10/20 09:45:00",POAT110,0
D,DISPATCH,UNIT_SCADA,1,"2022/10/20 09:45:00",POAT220,0
D,DISPATCH,UNIT_SCADA,1,"2022/10/20 09:45:00",POR01,0
D,DISPATCH,UNIT_SCADA,1,"2022/10/20 09:45:00",POR03,0
D,DISPATCH,UNIT_SCADA,1,"2022/10/20 09:45:00",PPCCGT,0
D,DISPATCH,UNIT_SCADA,1,"2022/10/20 09:45:00",PTSTAN1,0
D,DISPATCH,UNIT_SCADA,1,"2022/10/20 09:45:00",PUMP1,0
D,DISPATCH,UNIT_SCADA,1,"2022/10/20 09:45:00",PUMP2,0
D,DISPATCH,UNIT_SCADA,1,"2022/10/20 09:45:00",QBYNBG1,0.0015
D,DISPATCH,UNIT_SCADA,1,"2022/10/20 09:45:00",QBYNBL1,0
D,DISPATCH,UNIT_SCADA,1,"2022/10/20 09:45:00",QPS1,0
D,DISPATCH,UNIT_SCADA,1,"2022/10/20 09:45:00",QPS2,0
D,DISPATCH,UNIT_SCADA,1,"2022/10/20 09:45:00",QPS3,0
D,DISPATCH,UNIT_SCADA,1,"2022/10/20 09:45:00",QPS4,0
D,DISPATCH,UNIT_SCADA,1,"2022/10/20 09:45:00",QPS5,73.21
D,DISPATCH,UNIT_SCADA,1,"2022/10/20 09:45:00",REECE1,46.718220
D,DISPATCH,UNIT_SCADA,1,"2022/10/20 09:45:00",REECE2,0
D,DISPATCH,UNIT_SCADA,1,"2022/10/20 09:45:00",ROMA_7,0
D,DISPATCH,UNIT_SCADA,1,"2022/10/20 09:45:00",ROMA_8,0
D,DISPATCH,UNIT_SCADA,1,"2022/10/20 09:45:00",RRSF1,53.800380
D,DISPATCH,UNIT_SCADA,1,"2022/10/20 09:45:00",RT_NSW1,0
D,DISPATCH,UNIT_SCADA,1,"2022/10/20 09:45:00",RT_NSW2,0
D,DISPATCH,UNIT_SCADA,1,"2022/10/20 09:45:00",RT_NSW3,0
D,DISPATCH,UNIT_SCADA,1,"2022/10/20 09:45:00",RT_NSW4,0
D,DISPATCH,UNIT_SCADA,1,"2022/10/20 09:45:00",RT_NSW5,0
D,DISPATCH,UNIT_SCADA,1,"2022/10/20 09:45:00",RT_NSW6,0
D,DISPATCH,UNIT_SCADA,1,"2022/10/20 09:45:00",RT_QLD1,0
D,DISPATCH,UNIT_SCADA,1,"2022/10/20 09:45:00",RT_SA1,0
D,DISPATCH,UNIT_SCADA,1,"2022/10/20 09:45:00",RT_SA2,0
D,DISPATCH,UNIT_SCADA,1,"2022/10/20 09:45:00",RT_SA3,0
D,DISPATCH,UNIT_SCADA,1,"2022/10/20 09:45:00",RT_SA4,0
D,DISPATCH,UNIT_SCADA,1,"2022/10/20 09:45:00",RT_SA5,0
D,DISPATCH,UNIT_SCADA,1,"2022/10/20 09:45:00",RT_SA6,0
D,DISPATCH,UNIT_SCADA,1,"2022/10/20 09:45:00",RT_TAS1,0
D,DISPATCH,UNIT_SCADA,1,"2022/10/20 09:45:00",RT_VIC1,0
D,DISPATCH,UNIT_SCADA,1,"2022/10/20 09:45:00",RT_VIC10,0
D,DISPATCH,UNIT_SCADA,1,"2022/10/20 09:45:00",RT_VIC11,0
D,DISPATCH,UNIT_SCADA,1,"2022/10/20 09:45:00",RT_VIC12,0
D,DISPATCH,UNIT_SCADA,1,"2022/10/20 09:45:00",RT_VIC2,0
D,DISPATCH,UNIT_SCADA,1,"2022/10/20 09:45:00",RT_VIC3,0
D,DISPATCH,UNIT_SCADA,1,"2022/10/20 09:45:00",RT_VIC4,0
D,DISPATCH,UNIT_SCADA,1,"2022/10/20 09:45:00",RT_VIC5,0
D,DISPATCH,UNIT_SCADA,1,"2022/10/20 09:45:00",RT_VIC6,0
D,DISPATCH,UNIT_SCADA,1,"2022/10/20 09:45:00",RT_VIC7,0
D,DISPATCH,UNIT_SCADA,1,"2022/10/20 09:45:00",RT_VIC8,0
D,DISPATCH,UNIT_SCADA,1,"2022/10/20 09:45:00",RT_VIC9,0
D,DISPATCH,UNIT_SCADA,1,"2022/10/20 09:45:00",RUGBYR1,14.390270
D,DISPATCH,UNIT_SCADA,1,"2022/10/20 09:45:00",SALTCRK1,27.96
D,DISPATCH,UNIT_SCADA,1,"2022/10/20 09:45:00",SAPHWF1,185.923550
D,DISPATCH,UNIT_SCADA,1,"2022/10/20 09:45:00",SEBSF1,54.718540
D,DISPATCH,UNIT_SCADA,1,"2022/10/20 09:45:00",SHGEN,0
D,DISPATCH,UNIT_SCADA,1,"2022/10/20 09:45:00",SHPUMP,0
D,DISPATCH,UNIT_SCADA,1,"2022/10/20 09:45:00",SITHE01,0.1840
D,DISPATCH,UNIT_SCADA,1,"2022/10/20 09:45:00",SMCSF1,77.7620
D,DISPATCH,UNIT_SCADA,1,"2022/10/20 09:45:00",SNAPPER1,0
D,DISPATCH,UNIT_SCADA,1,"2022/10/20 09:45:00",SNOWNTH1,118.80
D,DISPATCH,UNIT_SCADA,1,"2022/10/20 09:45:00",SNOWSTH1,93.900010
D,DISPATCH,UNIT_SCADA,1,"2022/10/20 09:45:00",SNOWTWN1,0
D,DISPATCH,UNIT_SCADA,1,"2022/10/20 09:45:00",SNOWYP,0
D,DISPATCH,UNIT_SCADA,1,"2022/10/20 09:45:00",SNUG1,0
D,DISPATCH,UNIT_SCADA,1,"2022/10/20 09:45:00",SRSF1,18.04
D,DISPATCH,UNIT_SCADA,1,"2022/10/20 09:45:00",STAN-1,273.749760
D,DISPATCH,UNIT_SCADA,1,"2022/10/20 09:45:00",STAN-2,329.891720
D,DISPATCH,UNIT_SCADA,1,"2022/10/20 09:45:00",STAN-3,156.0439
D,DISPATCH,UNIT_SCADA,1,"2022/10/20 09:45:00",STAN-4,329.891720
D,DISPATCH,UNIT_SCADA,1,"2022/10/20 09:45:00",STARHLWF,0.01
D,DISPATCH,UNIT_SCADA,1,"2022/10/20 09:45:00",STOCKYD1,48.14
D,DISPATCH,UNIT_SCADA,1,"2022/10/20 09:45:00",STWF1,0
D,DISPATCH,UNIT_SCADA,1,"2022/10/20 09:45:00",SUNRSF1,35.948730
D,DISPATCH,UNIT_SCADA,1,"2022/10/20 09:45:00",SUNTPSF1,94.734720
D,DISPATCH,UNIT_SCADA,1,"2022/10/20 09:45:00",SWAN_E,218.134370
D,DISPATCH,UNIT_SCADA,1,"2022/10/20 09:45:00",TALWA1,0
D,DISPATCH,UNIT_SCADA,1,"2022/10/20 09:45:00",TARALGA1,0
D,DISPATCH,UNIT_SCADA,1,"2022/10/20 09:45:00",TARONG#1,344.700010
D,DISPATCH,UNIT_SCADA,1,"2022/10/20 09:45:00",TARONG#2,345.300020
D,DISPATCH,UNIT_SCADA,1,"2022/10/20 09:45:00",TARONG#3,0.90
D,DISPATCH,UNIT_SCADA,1,"2022/10/20 09:45:00",TARONG#4,270.300020
D,DISPATCH,UNIT_SCADA,1,"2022/10/20 09:45:00",TARRALEA,53.90
D,DISPATCH,UNIT_SCADA,1,"2022/10/20 09:45:00",TBSF1,0.20
D,DISPATCH,UNIT_SCADA,1,"2022/10/20 09:45:00",TNPS1,352
D,DISPATCH,UNIT_SCADA,1,"2022/10/20 09:45:00",TORRB1,0
D,DISPATCH,UNIT_SCADA,1,"2022/10/20 09:45:00",TORRB2,40
D,DISPATCH,UNIT_SCADA,1,"2022/10/20 09:45:00",TORRB3,0
D,DISPATCH,UNIT_SCADA,1,"2022/10/20 09:45:00",TORRB4,0
D,DISPATCH,UNIT_SCADA,1,"2022/10/20 09:45:00",TREVALLN,98.188580
D,DISPATCH,UNIT_SCADA,1,"2022/10/20 09:45:00",TRIBUTE,0
D,DISPATCH,UNIT_SCADA,1,"2022/10/20 09:45:00",TUMUT3,0
D,DISPATCH,UNIT_SCADA,1,"2022/10/20 09:45:00",TUNGATIN,3.800020
D,DISPATCH,UNIT_SCADA,1,"2022/10/20 09:45:00",TVCC201,0
D,DISPATCH,UNIT_SCADA,1,"2022/10/20 09:45:00",TVPP104,57.904710
D,DISPATCH,UNIT_SCADA,1,"2022/10/20 09:45:00",UPPTUMUT,0
D,DISPATCH,UNIT_SCADA,1,"2022/10/20 09:45:00",URANQ11,0
D,DISPATCH,UNIT_SCADA,1,"2022/10/20 09:45:00",URANQ12,0
D,DISPATCH,UNIT_SCADA,1,"2022/10/20 09:45:00",URANQ13,0
D,DISPATCH,UNIT_SCADA,1,"2022/10/20 09:45:00",URANQ14,0
D,DISPATCH,UNIT_SCADA,1,"2022/10/20 09:45:00",VBBG1,0
D,DISPATCH,UNIT_SCADA,1,"2022/10/20 09:45:00",VBBL1,3.40
D,DISPATCH,UNIT_SCADA,1,"2022/10/20 09:45:00",VP5,499.014250
D,DISPATCH,UNIT_SCADA,1,"2022/10/20 09:45:00",VP6,500.4303
D,DISPATCH,UNIT_SCADA,1,"2022/10/20 09:45:00",VPGS1,0
D,DISPATCH,UNIT_SCADA,1,"2022/10/20 09:45:00",VPGS2,0
D,DISPATCH,UNIT_SCADA,1,"2022/10/20 09:45:00",VPGS3,0
D,DISPATCH,UNIT_SCADA,1,"2022/10/20 09:45:00",VPGS4,0
D,DISPATCH,UNIT_SCADA,1,"2022/10/20 09:45:00",VPGS5,0
D,DISPATCH,UNIT_SCADA,1,"2022/10/20 09:45:00",VPGS6,0
D,DISPATCH,UNIT_SCADA,1,"2022/10/20 09:45:00",W/HOE#1,0
D,DISPATCH,UNIT_SCADA,1,"2022/10/20 09:45:00",W/HOE#2,0
D,DISPATCH,UNIT_SCADA,1,"2022/10/20 09:45:00",WAGGNSF1,0
D,DISPATCH,UNIT_SCADA,1,"2022/10/20 09:45:00",WALGRVG1,0.000930
D,DISPATCH,UNIT_SCADA,1,"2022/10/20 09:45:00",WALGRVL1,0
D,DISPATCH,UNIT_SCADA,1,"2022/10/20 09:45:00",WANDBG1,0
D,DISPATCH,UNIT_SCADA,1,"2022/10/20 09:45:00",WANDBL1,28.185920
D,DISPATCH,UNIT_SCADA,1,"2022/10/20 09:45:00",WARWSF1,12.74
D,DISPATCH,UNIT_SCADA,1,"2022/10/20 09:45:00",WARWSF2,11.59
D,DISPATCH,UNIT_SCADA,1,"2022/10/20 09:45:00",WATERLWF,46.30
D,DISPATCH,UNIT_SCADA,1,"2022/10/20 09:45:00",WDGPH1,31.7080
D,DISPATCH,UNIT_SCADA,1,"2022/10/20 09:45:00",WELLSF1,159.520870
D,DISPATCH,UNIT_SCADA,1,"2022/10/20 09:45:00",WEMENSF1,23.20
D,DISPATCH,UNIT_SCADA,1,"2022/10/20 09:45:00",WGWF1,100.70
D,DISPATCH,UNIT_SCADA,1,"2022/10/20 09:45:00",WHITSF1,4.10
D,DISPATCH,UNIT_SCADA,1,"2022/10/20 09:45:00",WINTSF1,77.25
D,DISPATCH,UNIT_SCADA,1,"2022/10/20 09:45:00",WKIEWA1,33.90
D,DISPATCH,UNIT_SCADA,1,"2022/10/20 09:45:00",WKIEWA2,14
D,DISPATCH,UNIT_SCADA,1,"2022/10/20 09:45:00",WOODLWN1,22.434420
D,DISPATCH,UNIT_SCADA,1,"2022/10/20 09:45:00",WOOLGSF1,28.172290
D,DISPATCH,UNIT_SCADA,1,"2022/10/20 09:45:00",WPWF,44.14
D,DISPATCH,UNIT_SCADA,1,"2022/10/20 09:45:00",WRSF1,2.259590
D,DISPATCH,UNIT_SCADA,1,"2022/10/20 09:45:00",WRWF1,34.908370
D,DISPATCH,UNIT_SCADA,1,"2022/10/20 09:45:00",WSTWYSF1,0
D,DISPATCH,UNIT_SCADA,1,"2022/10/20 09:45:00",YABULU,0
D,DISPATCH,UNIT_SCADA,1,"2022/10/20 09:45:00",YABULU2,0
D,DISPATCH,UNIT_SCADA,1,"2022/10/20 09:45:00",YARANSF1,6.94
D,DISPATCH,UNIT_SCADA,1,"2022/10/20 09:45:00",YARWUN_1,163.64
D,DISPATCH,UNIT_SCADA,1,"2022/10/20 09:45:00",YATSF1,26.39
D,DISPATCH,UNIT_SCADA,1,"2022/10/20 09:45:00",YENDWF1,32.39
D,DISPATCH,UNIT_SCADA,1,"2022/10/20 09:45:00",YWPS1,304.258240
D,DISPATCH,UNIT_SCADA,1,"2022/10/20 09:45:00",YWPS2,289.721530
D,DISPATCH,UNIT_SCADA,1,"2022/10/20 09:45:00",YWPS3,302.932920
D,DISPATCH,UNIT_SCADA,1,"2022/10/20 09:45:00",YWPS4,0
C,"END OF REPORT",419
