C,NEMP.WORLD,DISPATCHSCADA,AEMO,PUBLIC,2022/10/20,02:00:10,0000000373221307,DISPATCHSCADA,0000000373221301
I,DISPATCH,UNIT_SCADA,1,SETTLEMENTDATE,DUID,SCADAVALUE
D,DISPATCH,UNIT_SCADA,1,"2022/10/20 02:05:00",BARCSF1,0.10
D,DISPATCH,UNIT_SCADA,1,"2022/10/20 02:05:00",BUTLERSG,8.699999
D,DISPATCH,UNIT_SCADA,1,"2022/10/20 02:05:00",CAPTL_WF,7.994263
D,DISPATCH,UNIT_SCADA,1,"2022/10/20 02:05:00",CHALLHWF,15.70
D,DISPATCH,UNIT_SCADA,1,"2022/10/20 02:05:00",CLOVER,13.33
D,DISPATCH,UNIT_SCADA,1,"2022/10/20 02:05:00",CLUNY,6.252689
D,DISPATCH,UNIT_SCADA,1,"2022/10/20 02:05:00",CULLRGWF,-0.03
D,DISPATCH,UNIT_SCADA,1,"2022/10/20 02:05:00",DIAPURWF1,7.30
D,DISPATCH,UNIT_SCADA,1,"2022/10/20 02:05:00",ERGT01,0
D,DISPATCH,UNIT_SCADA,1,"2022/10/20 02:05:00",GB01,0
D,DISPATCH,UNIT_SCADA,1,"2022/10/20 02:05:00",GERMCRK,21.700001
D,DISPATCH,UNIT_SCADA,1,"2022/10/20 02:05:00",GRIFSF1,0.001526
D,DISPATCH,UNIT_SCADA,1,"2022/10/20 02:05:00",HEZ1,0
D,DISPATCH,UNIT_SCADA,1,"2022/10/20 02:05:00",HUGSF1,-0.1740
D,DISPATCH,UNIT_SCADA,1,"2022/10/20 02:05:00",KEPBG1,0.02
D,DISPATCH,UNIT_SCADA,1,"2022/10/20 02:05:00",LRSF1,0.0240
D,DISPATCH,UNIT_SCADA,1,"2022/10/20 02:05:00",MBAHNTH,50.100006
D,DISPATCH,UNIT_SCADA,1,"2022/10/20 02:05:00",MLSP1,0
D,DISPATCH,UNIT_SCADA,1,"2022/10/20 02:05:00",MLWF1,1.71
D,DISPATCH,UNIT_SCADA,1,"2022/10/20 02:05:00",PALOONA,30.459999
D,DISPATCH,UNIT_SCADA,1,"2022/10/20 02:05:00",PIONEER,43
D,DISPATCH,UNIT_SCADA,1,"2022/10/20 02:05:00",PORTWF,28.50
D,DISPATCH,UNIT_SCADA,1,"2022/10/20 02:05:00",REPULSE,9.416038
D,DISPATCH,UNIT_SCADA,1,"2022/10/20 02:05:00",ROWALLAN,9.0596
D,DISPATCH,UNIT_SCADA,1,"2022/10/20 02:05:00",ROYALLA1,0
D,DISPATCH,UNIT_SCADA,1,"2022/10/20 02:05:00",RPCG,-1.20
D,DISPATCH,UNIT_SCADA,1,"2022/10/20 02:05:00",RUBICON,0
D,DISPATCH,UNIT_SCADA,1,"2022/10/20 02:05:00",WAUBRAWF,93.231003
D,DISPATCH,UNIT_SCADA,1,"2022/10/20 02:05:00",WOOLNTH1,8.51
D,DISPATCH,UNIT_SCADA,1,"2022/10/20 02:05:00",YAMBUKWF,2.20
D,DISPATCH,UNIT_SCADA,1,"2022/10/20 02:05:00",YSWF1,2.80
D,DISPATCH,UNIT_SCADA,1,"2022/10/20 02:05:00",ADPBA1G,0.0080
D,DISPATCH,UNIT_SCADA,1,"2022/10/20 02:05:00",ADPBA1L,0
D,DISPATCH,UNIT_SCADA,1,"2022/10/20 02:05:00",ADPPV1,0
D,DISPATCH,UNIT_SCADA,1,"2022/10/20 02:05:00",AGLHAL,0
D,DISPATCH,UNIT_SCADA,1,"2022/10/20 02:05:00",AGLSOM,0
D,DISPATCH,UNIT_SCADA,1,"2022/10/20 02:05:00",ANGAST1,0
D,DISPATCH,UNIT_SCADA,1,"2022/10/20 02:05:00",ARWF1,20.90
D,DISPATCH,UNIT_SCADA,1,"2022/10/20 02:05:00",BALBG1,0
D,DISPATCH,UNIT_SCADA,1,"2022/10/20 02:05:00",BALBL1,0
D,DISPATCH,UNIT_SCADA,1,"2022/10/20 02:05:00",BALDHWF1,0
D,DISPATCH,UNIT_SCADA,1,"2022/10/20 02:05:00",BANGOWF1,45.0959
D,DISPATCH,UNIT_SCADA,1,"2022/10/20 02:05:00",BANGOWF2,42.699090
D,DISPATCH,UNIT_SCADA,1,"2022/10/20 02:05:00",BANN1,0
D,DISPATCH,UNIT_SCADA,1,"2022/10/20 02:05:00",BARCALDN,0
D,DISPATCH,UNIT_SCADA,1,"2022/10/20 02:05:00",BARKIPS1,0
D,DISPATCH,UNIT_SCADA,1,"2022/10/20 02:05:00",BARRON-1,0
D,DISPATCH,UNIT_SCADA,1,"2022/10/20 02:05:00",BARRON-2,0
D,DISPATCH,UNIT_SCADA,1,"2022/10/20 02:05:00",BASTYAN,0
D,DISPATCH,UNIT_SCADA,1,"2022/10/20 02:05:00",BBTHREE1,0
D,DISPATCH,UNIT_SCADA,1,"2022/10/20 02:05:00",BBTHREE2,0
D,DISPATCH,UNIT_SCADA,1,"2022/10/20 02:05:00",BBTHREE3,0
D,DISPATCH,UNIT_SCADA,1,"2022/10/20 02:05:00",BDL01,0
D,DISPATCH,UNIT_SCADA,1,"2022/10/20 02:05:00",BDL02,0
D,DISPATCH,UNIT_SCADA,1,"2022/10/20 02:05:00",BERYLSF1,0
D,DISPATCH,UNIT_SCADA,1,"2022/10/20 02:05:00",BLOWERNG,62.60
D,DISPATCH,UNIT_SCADA,1,"2022/10/20 02:05:00",BLUEGSF1,0
D,DISPATCH,UNIT_SCADA,1,"2022/10/20 02:05:00",BLUFF1,11.30
D,DISPATCH,UNIT_SCADA,1,"2022/10/20 02:05:00",BNGSF1,0
D,DISPATCH,UNIT_SCADA,1,"2022/10/20 02:05:00",BNGSF2,0
D,DISPATCH,UNIT_SCADA,1,"2022/10/20 02:05:00",BOCORWF1,5.88
D,DISPATCH,UNIT_SCADA,1,"2022/10/20 02:05:00",BODWF1,97.890010
D,DISPATCH,UNIT_SCADA,1,"2022/10/20 02:05:00",BOMENSF1,0
D,DISPATCH,UNIT_SCADA,1,"2022/10/20 02:05:00",BOWWBA1G,0
D,DISPATCH,UNIT_SCADA,1,"2022/10/20 02:05:00",BOWWBA1L,0.0010
D,DISPATCH,UNIT_SCADA,1,"2022/10/20 02:05:00",BOWWPV1,0
D,DISPATCH,UNIT_SCADA,1,"2022/10/20 02:05:00",BRAEMAR1,0
D,DISPATCH,UNIT_SCADA,1,"2022/10/20 02:05:00",BRAEMAR2,0
D,DISPATCH,UNIT_SCADA,1,"2022/10/20 02:05:00",BRAEMAR3,0
D,DISPATCH,UNIT_SCADA,1,"2022/10/20 02:05:00",BRAEMAR5,0.292060
D,DISPATCH,UNIT_SCADA,1,"2022/10/20 02:05:00",BRAEMAR6,0
D,DISPATCH,UNIT_SCADA,1,"2022/10/20 02:05:00",BRAEMAR7,0.130920
D,DISPATCH,UNIT_SCADA,1,"2022/10/20 02:05:00",BROKENH1,0
D,DISPATCH,UNIT_SCADA,1,"2022/10/20 02:05:00",BRYB1WF1,129.387340
D,DISPATCH,UNIT_SCADA,1,"2022/10/20 02:05:00",BULBESG1,0
D,DISPATCH,UNIT_SCADA,1,"2022/10/20 02:05:00",BULBESL1,0.03
D,DISPATCH,UNIT_SCADA,1,"2022/10/20 02:05:00",BULGANA1,45.23
D,DISPATCH,UNIT_SCADA,1,"2022/10/20 02:05:00",BW01,443.036560
D,DISPATCH,UNIT_SCADA,1,"2022/10/20 02:05:00",BW02,439.887080
D,DISPATCH,UNIT_SCADA,1,"2022/10/20 02:05:00",BW03,437.250340
D,DISPATCH,UNIT_SCADA,1,"2022/10/20 02:05:00",BW04,0
D,DISPATCH,UNIT_SCADA,1,"2022/10/20 02:05:00",CALL_B_1,319.600010
D,DISPATCH,UNIT_SCADA,1,"2022/10/20 02:05:00",CALL_B_2,320.600010
D,DISPATCH,UNIT_SCADA,1,"2022/10/20 02:05:00",CATHROCK,8.70
D,DISPATCH,UNIT_SCADA,1,"2022/10/20 02:05:00",CBWWBA1G,0
D,DISPATCH,UNIT_SCADA,1,"2022/10/20 02:05:00",CBWWBA1L,0
D,DISPATCH,UNIT_SCADA,1,"2022/10/20 02:05:00",CETHANA,98.1845
D,DISPATCH,UNIT_SCADA,1,"2022/10/20 02:05:00",CG1,0
D,DISPATCH,UNIT_SCADA,1,"2022/10/20 02:05:00",CG2,0
D,DISPATCH,UNIT_SCADA,1,"2022/10/20 02:05:00",CG3,0
D,DISPATCH,UNIT_SCADA,1,"2022/10/20 02:05:00",CG4,0
D,DISPATCH,UNIT_SCADA,1,"2022/10/20 02:05:00",CHILDSF1,0
D,DISPATCH,UNIT_SCADA,1,"2022/10/20 02:05:00",CHYTWF1,15.84
D,DISPATCH,UNIT_SCADA,1,"2022/10/20 02:05:00",CLARESF1,0
D,DISPATCH,UNIT_SCADA,1,"2022/10/20 02:05:00",CLEMGPWF,28.886030
D,DISPATCH,UNIT_SCADA,1,"2022/10/20 02:05:00",CLERMSF1,0
D,DISPATCH,UNIT_SCADA,1,"2022/10/20 02:05:00",CNUNDAWF,0
D,DISPATCH,UNIT_SCADA,1,"2022/10/20 02:05:00",COHUNSF1,0
D,DISPATCH,UNIT_SCADA,1,"2022/10/20 02:05:00",COLEASF1,0
D,DISPATCH,UNIT_SCADA,1,"2022/10/20 02:05:00",COLUMSF1,0
D,DISPATCH,UNIT_SCADA,1,"2022/10/20 02:05:00",COLWF01,65.680930
D,DISPATCH,UNIT_SCADA,1,"2022/10/20 02:05:00",COOPGWF1,330.81
D,DISPATCH,UNIT_SCADA,1,"2022/10/20 02:05:00",CPP_3,359.425020
D,DISPATCH,UNIT_SCADA,1,"2022/10/20 02:05:00",CPP_4,0
D,DISPATCH,UNIT_SCADA,1,"2022/10/20 02:05:00",CPSA,0
D,DISPATCH,UNIT_SCADA,1,"2022/10/20 02:05:00",CROOKWF2,12.893870
D,DISPATCH,UNIT_SCADA,1,"2022/10/20 02:05:00",CROWLWF1,52.486150
D,DISPATCH,UNIT_SCADA,1,"2022/10/20 02:05:00",CRURWF1,28.296410
D,DISPATCH,UNIT_SCADA,1,"2022/10/20 02:05:00",CRWASF1,0
D,DISPATCH,UNIT_SCADA,1,"2022/10/20 02:05:00",CSPVPS1,0
D,DISPATCH,UNIT_SCADA,1,"2022/10/20 02:05:00",CTHLWF1,0.003050
D,DISPATCH,UNIT_SCADA,1,"2022/10/20 02:05:00",DALNTH01,0
D,DISPATCH,UNIT_SCADA,1,"2022/10/20 02:05:00",DALNTHL1,0.077820
D,DISPATCH,UNIT_SCADA,1,"2022/10/20 02:05:00",DARLSF1,0
D,DISPATCH,UNIT_SCADA,1,"2022/10/20 02:05:00",DARTM1,0
D,DISPATCH,UNIT_SCADA,1,"2022/10/20 02:05:00",DAYDSF1,0
D,DISPATCH,UNIT_SCADA,1,"2022/10/20 02:05:00",DDPS1,0
D,DISPATCH,UNIT_SCADA,1,"2022/10/20 02:05:00",DDSF1,0
D,DISPATCH,UNIT_SCADA,1,"2022/10/20 02:05:00",DEVILS_G,55.065160
D,DISPATCH,UNIT_SCADA,1,"2022/10/20 02:05:00",DG_NSW1,0
D,DISPATCH,UNIT_SCADA,1,"2022/10/20 02:05:00",DG_QLD1,0
D,DISPATCH,UNIT_SCADA,1,"2022/10/20 02:05:00",DG_SA1,0
D,DISPATCH,UNIT_SCADA,1,"2022/10/20 02:05:00",DG_TAS1,0
D,DISPATCH,UNIT_SCADA,1,"2022/10/20 02:05:00",DG_VIC1,0
D,DISPATCH,UNIT_SCADA,1,"2022/10/20 02:05:00",DRYCGT1,0
D,DISPATCH,UNIT_SCADA,1,"2022/10/20 02:05:00",DRYCGT2,0
D,DISPATCH,UNIT_SCADA,1,"2022/10/20 02:05:00",DRYCGT3,0
D,DISPATCH,UNIT_SCADA,1,"2022/10/20 02:05:00",DUNDWF1,79.45
D,DISPATCH,UNIT_SCADA,1,"2022/10/20 02:05:00",DUNDWF2,27.51
D,DISPATCH,UNIT_SCADA,1,"2022/10/20 02:05:00",DUNDWF3,63.15
D,DISPATCH,UNIT_SCADA,1,"2022/10/20 02:05:00",EILDON1,59.96
D,DISPATCH,UNIT_SCADA,1,"2022/10/20 02:05:00",EILDON2,59.80
D,DISPATCH,UNIT_SCADA,1,"2022/10/20 02:05:00",ELAINWF1,42.03
D,DISPATCH,UNIT_SCADA,1,"2022/10/20 02:05:00",EMERASF1,0
D,DISPATCH,UNIT_SCADA,1,"2022/10/20 02:05:00",ER01,0
D,DISPATCH,UNIT_SCADA,1,"2022/10/20 02:05:00",ER02,391.1803
D,DISPATCH,UNIT_SCADA,1,"2022/10/20 02:05:00",ER03,325.651950
D,DISPATCH,UNIT_SCADA,1,"2022/10/20 02:05:00",ER04,386.517120
D,DISPATCH,UNIT_SCADA,1,"2022/10/20 02:05:00",FINLYSF1,0
D,DISPATCH,UNIT_SCADA,1,"2022/10/20 02:05:00",FISHER,32.16
D,DISPATCH,UNIT_SCADA,1,"2022/10/20 02:05:00",GANGARR1,0
D,DISPATCH,UNIT_SCADA,1,"2022/10/20 02:05:00",GANNBG1,0
D,DISPATCH,UNIT_SCADA,1,"2022/10/20 02:05:00",GANNBL1,6.902230
D,DISPATCH,UNIT_SCADA,1,"2022/10/20 02:05:00",GANNSF1,0
D,DISPATCH,UNIT_SCADA,1,"2022/10/20 02:05:00",GLRWNSF1,0
D,DISPATCH,UNIT_SCADA,1,"2022/10/20 02:05:00",GNNDHSF1,0
D,DISPATCH,UNIT_SCADA,1,"2022/10/20 02:05:00",GOONSF1,0
D,DISPATCH,UNIT_SCADA,1,"2022/10/20 02:05:00",GORDON,197.2356
D,DISPATCH,UNIT_SCADA,1,"2022/10/20 02:05:00",GRANWF1,0
D,DISPATCH,UNIT_SCADA,1,"2022/10/20 02:05:00",GSTONE1,139.649990
D,DISPATCH,UNIT_SCADA,1,"2022/10/20 02:05:00",GSTONE2,0
D,DISPATCH,UNIT_SCADA,1,"2022/10/20 02:05:00",GSTONE3,218.9250
D,DISPATCH,UNIT_SCADA,1,"2022/10/20 02:05:00",GSTONE4,0
D,DISPATCH,UNIT_SCADA,1,"2022/10/20 02:05:00",GSTONE5,221.55
D,DISPATCH,UNIT_SCADA,1,"2022/10/20 02:05:00",GSTONE6,221.20
D,DISPATCH,UNIT_SCADA,1,"2022/10/20 02:05:00",GULLRSF1,0
D,DISPATCH,UNIT_SCADA,1,"2022/10/20 02:05:00",GULLRWF1,51.794210
D,DISPATCH,UNIT_SCADA,1,"2022/10/20 02:05:00",GULLRWF2,50.083770
D,DISPATCH,UNIT_SCADA,1,"2022/10/20 02:05:00",GUNNING1,0
D,DISPATCH,UNIT_SCADA,1,"2022/10/20 02:05:00",GUTHEGA,68
D,DISPATCH,UNIT_SCADA,1,"2022/10/20 02:05:00",HALLWF1,64.14
D,DISPATCH,UNIT_SCADA,1,"2022/10/20 02:05:00",HALLWF2,49.61
D,DISPATCH,UNIT_SCADA,1,"2022/10/20 02:05:00",HAMISF1,0
D,DISPATCH,UNIT_SCADA,1,"2022/10/20 02:05:00",HAUGHT11,0
D,DISPATCH,UNIT_SCADA,1,"2022/10/20 02:05:00",HAYMSF1,0
D,DISPATCH,UNIT_SCADA,1,"2022/10/20 02:05:00",HDWF1,95.20
D,DISPATCH,UNIT_SCADA,1,"2022/10/20 02:05:00",HDWF2,79.30
D,DISPATCH,UNIT_SCADA,1,"2022/10/20 02:05:00",HDWF3,87.90
D,DISPATCH,UNIT_SCADA,1,"2022/10/20 02:05:00",HILLSTN1,0
D,DISPATCH,UNIT_SCADA,1,"2022/10/20 02:05:00",HPRG1,0
D,DISPATCH,UNIT_SCADA,1,"2022/10/20 02:05:00",HPRL1,34
D,DISPATCH,UNIT_SCADA,1,"2022/10/20 02:05:00",HUMENSW,55.222740
D,DISPATCH,UNIT_SCADA,1,"2022/10/20 02:05:00",HUMEV,0
D,DISPATCH,UNIT_SCADA,1,"2022/10/20 02:05:00",HVWWBA1G,0
D,DISPATCH,UNIT_SCADA,1,"2022/10/20 02:05:00",HVWWBA1L,0.0060
D,DISPATCH,UNIT_SCADA,1,"2022/10/20 02:05:00",HVWWPV1,0
D,DISPATCH,UNIT_SCADA,1,"2022/10/20 02:05:00",JBUTTERS,0
D,DISPATCH,UNIT_SCADA,1,"2022/10/20 02:05:00",JEMALNG1,0
D,DISPATCH,UNIT_SCADA,1,"2022/10/20 02:05:00",JLA01,0
D,DISPATCH,UNIT_SCADA,1,"2022/10/20 02:05:00",JLA02,0
D,DISPATCH,UNIT_SCADA,1,"2022/10/20 02:05:00",JLA03,0
D,DISPATCH,UNIT_SCADA,1,"2022/10/20 02:05:00",JLA04,0
D,DISPATCH,UNIT_SCADA,1,"2022/10/20 02:05:00",JLB01,0
D,DISPATCH,UNIT_SCADA,1,"2022/10/20 02:05:00",JLB02,0.10
D,DISPATCH,UNIT_SCADA,1,"2022/10/20 02:05:00",JLB03,0
D,DISPATCH,UNIT_SCADA,1,"2022/10/20 02:05:00",JUNEESF1,0
D,DISPATCH,UNIT_SCADA,1,"2022/10/20 02:05:00",KABANWF1,0.6120
D,DISPATCH,UNIT_SCADA,1,"2022/10/20 02:05:00",KAREEYA1,0
D,DISPATCH,UNIT_SCADA,1,"2022/10/20 02:05:00",KAREEYA2,0
D,DISPATCH,UNIT_SCADA,1,"2022/10/20 02:05:00",KAREEYA3,21.48
D,DISPATCH,UNIT_SCADA,1,"2022/10/20 02:05:00",KAREEYA4,0
D,DISPATCH,UNIT_SCADA,1,"2022/10/20 02:05:00",KARSF1,0
D,DISPATCH,UNIT_SCADA,1,"2022/10/20 02:05:00",KEPSF1,0
D,DISPATCH,UNIT_SCADA,1,"2022/10/20 02:05:00",KEPWF1,4.94
D,DISPATCH,UNIT_SCADA,1,"2022/10/20 02:05:00",KIAMSF1,0
D,DISPATCH,UNIT_SCADA,1,"2022/10/20 02:05:00",KIATAWF1,31
D,DISPATCH,UNIT_SCADA,1,"2022/10/20 02:05:00",KPP_1,0
D,DISPATCH,UNIT_SCADA,1,"2022/10/20 02:05:00",KSP1,0
D,DISPATCH,UNIT_SCADA,1,"2022/10/20 02:05:00",LADBROK1,0.01
D,DISPATCH,UNIT_SCADA,1,"2022/10/20 02:05:00",LADBROK2,37.76
D,DISPATCH,UNIT_SCADA,1,"2022/10/20 02:05:00",LBBG1,0
D,DISPATCH,UNIT_SCADA,1,"2022/10/20 02:05:00",LBBL1,0.15
D,DISPATCH,UNIT_SCADA,1,"2022/10/20 02:05:00",LD01,318.247010
D,DISPATCH,UNIT_SCADA,1,"2022/10/20 02:05:00",LD02,0
D,DISPATCH,UNIT_SCADA,1,"2022/10/20 02:05:00",LD04,313.962220
D,DISPATCH,UNIT_SCADA,1,"2022/10/20 02:05:00",LEM_WIL,86.564340
D,DISPATCH,UNIT_SCADA,1,"2022/10/20 02:05:00",LGAPWF1,61.80
D,DISPATCH,UNIT_SCADA,1,"2022/10/20 02:05:00",LGAPWF2,35.05
D,DISPATCH,UNIT_SCADA,1,"2022/10/20 02:05:00",LILYSF1,0
D,DISPATCH,UNIT_SCADA,1,"2022/10/20 02:05:00",LIMOSF11,0
D,DISPATCH,UNIT_SCADA,1,"2022/10/20 02:05:00",LIMOSF21,0
D,DISPATCH,UNIT_SCADA,1,"2022/10/20 02:05:00",LI_WY_CA,56.191640
D,DISPATCH,UNIT_SCADA,1,"2022/10/20 02:05:00",LKBONNY1,0
D,DISPATCH,UNIT_SCADA,1,"2022/10/20 02:05:00",LKBONNY2,27.690990
D,DISPATCH,UNIT_SCADA,1,"2022/10/20 02:05:00",LKBONNY3,10.494550
D,DISPATCH,UNIT_SCADA,1,"2022/10/20 02:05:00",LK_ECHO,0
D,DISPATCH,UNIT_SCADA,1,"2022/10/20 02:05:00",LNGS1,0
D,DISPATCH,UNIT_SCADA,1,"2022/10/20 02:05:00",LNGS2,0
D,DISPATCH,UNIT_SCADA,1,"2022/10/20 02:05:00",LONSDALE,0
D,DISPATCH,UNIT_SCADA,1,"2022/10/20 02:05:00",LOYYB1,454.883540
D,DISPATCH,UNIT_SCADA,1,"2022/10/20 02:05:00",LOYYB2,455.635440
D,DISPATCH,UNIT_SCADA,1,"2022/10/20 02:05:00",LYA1,504
D,DISPATCH,UNIT_SCADA,1,"2022/10/20 02:05:00",LYA2,0
D,DISPATCH,UNIT_SCADA,1,"2022/10/20 02:05:00",LYA3,505
D,DISPATCH,UNIT_SCADA,1,"2022/10/20 02:05:00",LYA4,506
D,DISPATCH,UNIT_SCADA,1,"2022/10/20 02:05:00",MACARTH1,31.799260
D,DISPATCH,UNIT_SCADA,1,"2022/10/20 02:05:00",MACKNTSH,0
D,DISPATCH,UNIT_SCADA,1,"2022/10/20 02:05:00",MANSLR1,0
D,DISPATCH,UNIT_SCADA,1,"2022/10/20 02:05:00",MAPS2PV1,0
D,DISPATCH,UNIT_SCADA,1,"2022/10/20 02:05:00",MAPS3PV1,0
D,DISPATCH,UNIT_SCADA,1,"2022/10/20 02:05:00",MARYRSF1,0
D,DISPATCH,UNIT_SCADA,1,"2022/10/20 02:05:00",MBPS2PV1,0
D,DISPATCH,UNIT_SCADA,1,"2022/10/20 02:05:00",MCKAY1,0.02
D,DISPATCH,UNIT_SCADA,1,"2022/10/20 02:05:00",MEADOWBK,19.605880
D,DISPATCH,UNIT_SCADA,1,"2022/10/20 02:05:00",MERCER01,40.20
D,DISPATCH,UNIT_SCADA,1,"2022/10/20 02:05:00",METZSF1,0
D,DISPATCH,UNIT_SCADA,1,"2022/10/20 02:05:00",MEWF1,2
D,DISPATCH,UNIT_SCADA,1,"2022/10/20 02:05:00",MIDDLSF1,0
D,DISPATCH,UNIT_SCADA,1,"2022/10/20 02:05:00",MINTARO,0.128180
D,DISPATCH,UNIT_SCADA,1,"2022/10/20 02:05:00",MOLNGSF1,0
D,DISPATCH,UNIT_SCADA,1,"2022/10/20 02:05:00",MOORAWF1,53.89
D,DISPATCH,UNIT_SCADA,1,"2022/10/20 02:05:00",MOREESF1,0
D,DISPATCH,UNIT_SCADA,1,"2022/10/20 02:05:00",MORTLK11,0
D,DISPATCH,UNIT_SCADA,1,"2022/10/20 02:05:00",MORTLK12,0
D,DISPATCH,UNIT_SCADA,1,"2022/10/20 02:05:00",MOUSF1,0
D,DISPATCH,UNIT_SCADA,1,"2022/10/20 02:05:00",MP1,0
D,DISPATCH,UNIT_SCADA,1,"2022/10/20 02:05:00",MP2,279.240110
D,DISPATCH,UNIT_SCADA,1,"2022/10/20 02:05:00",MPP_1,135.823030
D,DISPATCH,UNIT_SCADA,1,"2022/10/20 02:05:00",MPP_2,0
D,DISPATCH,UNIT_SCADA,1,"2022/10/20 02:05:00",MRTLSWF1,0
D,DISPATCH,UNIT_SCADA,1,"2022/10/20 02:05:00",MSTUART1,0
D,DISPATCH,UNIT_SCADA,1,"2022/10/20 02:05:00",MSTUART2,0
D,DISPATCH,UNIT_SCADA,1,"2022/10/20 02:05:00",MSTUART3,0
D,DISPATCH,UNIT_SCADA,1,"2022/10/20 02:05:00",MTGELWF1,15.189060
D,DISPATCH,UNIT_SCADA,1,"2022/10/20 02:05:00",MTMILLAR,7.60
D,DISPATCH,UNIT_SCADA,1,"2022/10/20 02:05:00",MURRAY,0
D,DISPATCH,UNIT_SCADA,1,"2022/10/20 02:05:00",MUSSELR1,38.20
D,DISPATCH,UNIT_SCADA,1,"2022/10/20 02:05:00",MUWAWF1,185.600010
D,DISPATCH,UNIT_SCADA,1,"2022/10/20 02:05:00",MUWAWF2,183.50
D,DISPATCH,UNIT_SCADA,1,"2022/10/20 02:05:00",MWPS1PV1,0
D,DISPATCH,UNIT_SCADA,1,"2022/10/20 02:05:00",MWPS2PV1,0
D,DISPATCH,UNIT_SCADA,1,"2022/10/20 02:05:00",MWPS3PV1,0
D,DISPATCH,UNIT_SCADA,1,"2022/10/20 02:05:00",MWPS4PV1,0
D,DISPATCH,UNIT_SCADA,1,"2022/10/20 02:05:00",NBHWF1,105.80
D,DISPATCH,UNIT_SCADA,1,"2022/10/20 02:05:00",NEVERSF1,0
D,DISPATCH,UNIT_SCADA,1,"2022/10/20 02:05:00",NPS,0
D,DISPATCH,UNIT_SCADA,1,"2022/10/20 02:05:00",NUMURSF1,0
D,DISPATCH,UNIT_SCADA,1,"2022/10/20 02:05:00",NYNGAN1,0
D,DISPATCH,UNIT_SCADA,1,"2022/10/20 02:05:00",OAKEY1,0
D,DISPATCH,UNIT_SCADA,1,"2022/10/20 02:05:00",OAKEY1SF,0
D,DISPATCH,UNIT_SCADA,1,"2022/10/20 02:05:00",OAKEY2,0
D,DISPATCH,UNIT_SCADA,1,"2022/10/20 02:05:00",OAKEY2SF,0
D,DISPATCH,UNIT_SCADA,1,"2022/10/20 02:05:00",OAKLAND1,12.50
D,DISPATCH,UNIT_SCADA,1,"2022/10/20 02:05:00",OSB-AG,0
D,DISPATCH,UNIT_SCADA,1,"2022/10/20 02:05:00",PAREPS1,0.0660
D,DISPATCH,UNIT_SCADA,1,"2022/10/20 02:05:00",PAREPW1,41.72
D,DISPATCH,UNIT_SCADA,1,"2022/10/20 02:05:00",PARSF1,0.001530
D,DISPATCH,UNIT_SCADA,1,"2022/10/20 02:05:00",POAT110,0
D,DISPATCH,UNIT_SCADA,1,"2022/10/20 02:05:00",POAT220,0
D,DISPATCH,UNIT_SCADA,1,"2022/10/20 02:05:00",POR01,0
D,DISPATCH,UNIT_SCADA,1,"2022/10/20 02:05:00",POR03,0
D,DISPATCH,UNIT_SCADA,1,"2022/10/20 02:05:00",PPCCGT,123.890430
D,DISPATCH,UNIT_SCADA,1,"2022/10/20 02:05:00",PTSTAN1,0
D,DISPATCH,UNIT_SCADA,1,"2022/10/20 02:05:00",PUMP1,0
D,DISPATCH,UNIT_SCADA,1,"2022/10/20 02:05:00",PUMP2,0
D,DISPATCH,UNIT_SCADA,1,"2022/10/20 02:05:00",QBYNBG1,0
D,DISPATCH,UNIT_SCADA,1,"2022/10/20 02:05:00",QBYNBL1,0.0045
D,DISPATCH,UNIT_SCADA,1,"2022/10/20 02:05:00",QPS1,0
D,DISPATCH,UNIT_SCADA,1,"2022/10/20 02:05:00",QPS2,0
D,DISPATCH,UNIT_SCADA,1,"2022/10/20 02:05:00",QPS3,0
D,DISPATCH,UNIT_SCADA,1,"2022/10/20 02:05:00",QPS4,0
D,DISPATCH,UNIT_SCADA,1,"2022/10/20 02:05:00",QPS5,74.29
D,DISPATCH,UNIT_SCADA,1,"2022/10/20 02:05:00",REECE1,0
D,DISPATCH,UNIT_SCADA,1,"2022/10/20 02:05:00",REECE2,0
D,DISPATCH,UNIT_SCADA,1,"2022/10/20 02:05:00",ROMA_7,0
D,DISPATCH,UNIT_SCADA,1,"2022/10/20 02:05:00",ROMA_8,0
D,DISPATCH,UNIT_SCADA,1,"2022/10/20 02:05:00",RRSF1,0
D,DISPATCH,UNIT_SCADA,1,"2022/10/20 02:05:00",RT_NSW1,0
D,DISPATCH,UNIT_SCADA,1,"2022/10/20 02:05:00",RT_NSW2,0
D,DISPATCH,UNIT_SCADA,1,"2022/10/20 02:05:00",RT_NSW3,0
D,DISPATCH,UNIT_SCADA,1,"2022/10/20 02:05:00",RT_NSW4,0
D,DISPATCH,UNIT_SCADA,1,"2022/10/20 02:05:00",RT_NSW5,0
D,DISPATCH,UNIT_SCADA,1,"2022/10/20 02:05:00",RT_NSW6,0
D,DISPATCH,UNIT_SCADA,1,"2022/10/20 02:05:00",RT_QLD1,0
D,DISPATCH,UNIT_SCADA,1,"2022/10/20 02:05:00",RT_SA1,0
D,DISPATCH,UNIT_SCADA,1,"2022/10/20 02:05:00",RT_SA2,0
D,DISPATCH,UNIT_SCADA,1,"2022/10/20 02:05:00",RT_SA3,0
D,DISPATCH,UNIT_SCADA,1,"2022/10/20 02:05:00",RT_SA4,0
D,DISPATCH,UNIT_SCADA,1,"2022/10/20 02:05:00",RT_SA5,0
D,DISPATCH,UNIT_SCADA,1,"2022/10/20 02:05:00",RT_SA6,0
D,DISPATCH,UNIT_SCADA,1,"2022/10/20 02:05:00",RT_TAS1,0
D,DISPATCH,UNIT_SCADA,1,"2022/10/20 02:05:00",RT_VIC1,0
D,DISPATCH,UNIT_SCADA,1,"2022/10/20 02:05:00",RT_VIC10,0
D,DISPATCH,UNIT_SCADA,1,"2022/10/20 02:05:00",RT_VIC11,0
D,DISPATCH,UNIT_SCADA,1,"2022/10/20 02:05:00",RT_VIC12,0
D,DISPATCH,UNIT_SCADA,1,"2022/10/20 02:05:00",RT_VIC2,0
D,DISPATCH,UNIT_SCADA,1,"2022/10/20 02:05:00",RT_VIC3,0
D,DISPATCH,UNIT_SCADA,1,"2022/10/20 02:05:00",RT_VIC4,0
D,DISPATCH,UNIT_SCADA,1,"2022/10/20 02:05:00",RT_VIC5,0
D,DISPATCH,UNIT_SCADA,1,"2022/10/20 02:05:00",RT_VIC6,0
D,DISPATCH,UNIT_SCADA,1,"2022/10/20 02:05:00",RT_VIC7,0
D,DISPATCH,UNIT_SCADA,1,"2022/10/20 02:05:00",RT_VIC8,0
D,DISPATCH,UNIT_SCADA,1,"2022/10/20 02:05:00",RT_VIC9,0
D,DISPATCH,UNIT_SCADA,1,"2022/10/20 02:05:00",RUGBYR1,0
D,DISPATCH,UNIT_SCADA,1,"2022/10/20 02:05:00",SALTCRK1,16.04
D,DISPATCH,UNIT_SCADA,1,"2022/10/20 02:05:00",SAPHWF1,179.880980
D,DISPATCH,UNIT_SCADA,1,"2022/10/20 02:05:00",SEBSF1,0
D,DISPATCH,UNIT_SCADA,1,"2022/10/20 02:05:00",SHGEN,0
D,DISPATCH,UNIT_SCADA,1,"2022/10/20 02:05:00",SHPUMP,0
D,DISPATCH,UNIT_SCADA,1,"2022/10/20 02:05:00",SITHE01,0.123710
D,DISPATCH,UNIT_SCADA,1,"2022/10/20 02:05:00",SMCSF1,0
D,DISPATCH,UNIT_SCADA,1,"2022/10/20 02:05:00",SNAPPER1,0
D,DISPATCH,UNIT_SCADA,1,"2022/10/20 02:05:00",SNOWNTH1,127.70
D,DISPATCH,UNIT_SCADA,1,"2022/10/20 02:05:00",SNOWSTH1,112.60
D,DISPATCH,UNIT_SCADA,1,"2022/10/20 02:05:00",SNOWTWN1,89.531330
D,DISPATCH,UNIT_SCADA,1,"2022/10/20 02:05:00",SNOWYP,0
D,DISPATCH,UNIT_SCADA,1,"2022/10/20 02:05:00",SNUG1,0
D,DISPATCH,UNIT_SCADA,1,"2022/10/20 02:05:00",SRSF1,0
D,DISPATCH,UNIT_SCADA,1,"2022/10/20 02:05:00",STAN-1,278.325710
D,DISPATCH,UNIT_SCADA,1,"2022/10/20 02:05:00",STAN-2,364.320340
D,DISPATCH,UNIT_SCADA,1,"2022/10/20 02:05:00",STAN-3,362.013120
D,DISPATCH,UNIT_SCADA,1,"2022/10/20 02:05:00",STAN-4,363.0770
D,DISPATCH,UNIT_SCADA,1,"2022/10/20 02:05:00",STARHLWF,15.795390
D,DISPATCH,UNIT_SCADA,1,"2022/10/20 02:05:00",STOCKYD1,240.100010
D,DISPATCH,UNIT_SCADA,1,"2022/10/20 02:05:00",STWF1,112.397350
D,DISPATCH,UNIT_SCADA,1,"2022/10/20 02:05:00",SUNRSF1,0
D,DISPATCH,UNIT_SCADA,1,"2022/10/20 02:05:00",SUNTPSF1,0
D,DISPATCH,UNIT_SCADA,1,"2022/10/20 02:05:00",SWAN_E,247.4425
D,DISPATCH,UNIT_SCADA,1,"2022/10/20 02:05:00",TALWA1,0
D,DISPATCH,UNIT_SCADA,1,"2022/10/20 02:05:00",TARALGA1,0
D,DISPATCH,UNIT_SCADA,1,"2022/10/20 02:05:00",TARONG#1,279.200010
D,DISPATCH,UNIT_SCADA,1,"2022/10/20 02:05:00",TARONG#2,280.800020
D,DISPATCH,UNIT_SCADA,1,"2022/10/20 02:05:00",TARONG#3,0.90
D,DISPATCH,UNIT_SCADA,1,"2022/10/20 02:05:00",TARONG#4,189.80
D,DISPATCH,UNIT_SCADA,1,"2022/10/20 02:05:00",TARRALEA,54
D,DISPATCH,UNIT_SCADA,1,"2022/10/20 02:05:00",TBSF1,0
D,DISPATCH,UNIT_SCADA,1,"2022/10/20 02:05:00",TNPS1,299.125030
D,DISPATCH,UNIT_SCADA,1,"2022/10/20 02:05:00",TORRB1,0
D,DISPATCH,UNIT_SCADA,1,"2022/10/20 02:05:00",TORRB2,41
D,DISPATCH,UNIT_SCADA,1,"2022/10/20 02:05:00",TORRB3,0
D,DISPATCH,UNIT_SCADA,1,"2022/10/20 02:05:00",TORRB4,0
D,DISPATCH,UNIT_SCADA,1,"2022/10/20 02:05:00",TREVALLN,99.741070
D,DISPATCH,UNIT_SCADA,1,"2022/10/20 02:05:00",TRIBUTE,0
D,DISPATCH,UNIT_SCADA,1,"2022/10/20 02:05:00",TUMUT3,0
D,DISPATCH,UNIT_SCADA,1,"2022/10/20 02:05:00",TUNGATIN,4.890020
D,DISPATCH,UNIT_SCADA,1,"2022/10/20 02:05:00",TVCC201,0
D,DISPATCH,UNIT_SCADA,1,"2022/10/20 02:05:00",TVPP104,0
D,DISPATCH,UNIT_SCADA,1,"2022/10/20 02:05:00",UPPTUMUT,0
D,DISPATCH,UNIT_SCADA,1,"2022/10/20 02:05:00",URANQ11,0
D,DISPATCH,UNIT_SCADA,1,"2022/10/20 02:05:00",URANQ12,0
D,DISPATCH,UNIT_SCADA,1,"2022/10/20 02:05:00",URANQ13,0
D,DISPATCH,UNIT_SCADA,1,"2022/10/20 02:05:00",URANQ14,0
D,DISPATCH,UNIT_SCADA,1,"2022/10/20 02:05:00",VBBG1,0
D,DISPATCH,UNIT_SCADA,1,"2022/10/20 02:05:00",VBBL1,72.10
D,DISPATCH,UNIT_SCADA,1,"2022/10/20 02:05:00",VP5,543.571290
D,DISPATCH,UNIT_SCADA,1,"2022/10/20 02:05:00",VP6,538.956850
D,DISPATCH,UNIT_SCADA,1,"2022/10/20 02:05:00",VPGS1,0
D,DISPATCH,UNIT_SCADA,1,"2022/10/20 02:05:00",VPGS2,0
D,DISPATCH,UNIT_SCADA,1,"2022/10/20 02:05:00",VPGS3,0
D,DISPATCH,UNIT_SCADA,1,"2022/10/20 02:05:00",VPGS4,0
D,DISPATCH,UNIT_SCADA,1,"2022/10/20 02:05:00",VPGS5,0
D,DISPATCH,UNIT_SCADA,1,"2022/10/20 02:05:00",VPGS6,0
D,DISPATCH,UNIT_SCADA,1,"2022/10/20 02:05:00",W/HOE#1,0
D,DISPATCH,UNIT_SCADA,1,"2022/10/20 02:05:00",W/HOE#2,0
D,DISPATCH,UNIT_SCADA,1,"2022/10/20 02:05:00",WAGGNSF1,0
D,DISPATCH,UNIT_SCADA,1,"2022/10/20 02:05:00",WALGRVG1,0
D,DISPATCH,UNIT_SCADA,1,"2022/10/20 02:05:00",WALGRVL1,0.015820
D,DISPATCH,UNIT_SCADA,1,"2022/10/20 02:05:00",WANDBG1,0
D,DISPATCH,UNIT_SCADA,1,"2022/10/20 02:05:00",WANDBL1,0
D,DISPATCH,UNIT_SCADA,1,"2022/10/20 02:05:00",WARWSF1,0
D,DISPATCH,UNIT_SCADA,1,"2022/10/20 02:05:00",WARWSF2,0
D,DISPATCH,UNIT_SCADA,1,"2022/10/20 02:05:00",WATERLWF,69.30
D,DISPATCH,UNIT_SCADA,1,"2022/10/20 02:05:00",WDGPH1,0
D,DISPATCH,UNIT_SCADA,1,"2022/10/20 02:05:00",WELLSF1,0
D,DISPATCH,UNIT_SCADA,1,"2022/10/20 02:05:00",WEMENSF1,0
D,DISPATCH,UNIT_SCADA,1,"2022/10/20 02:05:00",WGWF1,116.70
D,DISPATCH,UNIT_SCADA,1,"2022/10/20 02:05:00",WHITSF1,0
D,DISPATCH,UNIT_SCADA,1,"2022/10/20 02:05:00",WINTSF1,0
D,DISPATCH,UNIT_SCADA,1,"2022/10/20 02:05:00",WKIEWA1,33.90
D,DISPATCH,UNIT_SCADA,1,"2022/10/20 02:05:00",WKIEWA2,34.10
D,DISPATCH,UNIT_SCADA,1,"2022/10/20 02:05:00",WOODLWN1,11.790710
D,DISPATCH,UNIT_SCADA,1,"2022/10/20 02:05:00",WOOLGSF1,0
D,DISPATCH,UNIT_SCADA,1,"2022/10/20 02:05:00",WPWF,77.65
D,DISPATCH,UNIT_SCADA,1,"2022/10/20 02:05:00",WRSF1,0
D,DISPATCH,UNIT_SCADA,1,"2022/10/20 02:05:00",WRWF1,49.807280
D,DISPATCH,UNIT_SCADA,1,"2022/10/20 02:05:00",WSTWYSF1,0
D,DISPATCH,UNIT_SCADA,1,"2022/10/20 02:05:00",YABULU,0
D,DISPATCH,UNIT_SCADA,1,"2022/10/20 02:05:00",YABULU2,0
D,DISPATCH,UNIT_SCADA,1,"2022/10/20 02:05:00",YARANSF1,0
D,DISPATCH,UNIT_SCADA,1,"2022/10/20 02:05:00",YARWUN_1,138.789990
D,DISPATCH,UNIT_SCADA,1,"2022/10/20 02:05:00",YATSF1,0
D,DISPATCH,UNIT_SCADA,1,"2022/10/20 02:05:00",YENDWF1,41.26
D,DISPATCH,UNIT_SCADA,1,"2022/10/20 02:05:00",YWPS1,363.908870
D,DISPATCH,UNIT_SCADA,1,"2022/10/20 02:05:00",YWPS2,360.149350
D,DISPATCH,UNIT_SCADA,1,"2022/10/20 02:05:00",YWPS3,357.9772
D,DISPATCH,UNIT_SCADA,1,"2022/10/20 02:05:00",YWPS4,0
C,"END OF REPORT",419
