C,NEMP.WORLD,DISPATCHSCADA,AEMO,PUBLIC,2022/10/20,10:45:10,0000000373248134,DISPATCHSCADA,0000000373248128
I,DISPATCH,UNIT_SCADA,1,SETTLEMENTDATE,DUID,SCADAVALUE
D,DISPATCH,UNIT_SCADA,1,"2022/10/20 10:50:00",BARCSF1,11.10
D,DISPATCH,UNIT_SCADA,1,"2022/10/20 10:50:00",BUTLERSG,8.699999
D,DISPATCH,UNIT_SCADA,1,"2022/10/20 10:50:00",CAPTL_WF,31.453606
D,DISPATCH,UNIT_SCADA,1,"2022/10/20 10:50:00",CHALLHWF,4.40
D,DISPATCH,UNIT_SCADA,1,"2022/10/20 10:50:00",CLOVER,10.10
D,DISPATCH,UNIT_SCADA,1,"2022/10/20 10:50:00",CLUNY,6.210575
D,DISPATCH,UNIT_SCADA,1,"2022/10/20 10:50:00",CULLRGWF,-0.03
D,DISPATCH,UNIT_SCADA,1,"2022/10/20 10:50:00",DIAPURWF1,3.30
D,DISPATCH,UNIT_SCADA,1,"2022/10/20 10:50:00",ERGT01,0
D,DISPATCH,UNIT_SCADA,1,"2022/10/20 10:50:00",GB01,0
D,DISPATCH,UNIT_SCADA,1,"2022/10/20 10:50:00",GERMCRK,19.50
D,DISPATCH,UNIT_SCADA,1,"2022/10/20 10:50:00",GRIFSF1,9.498741
D,DISPATCH,UNIT_SCADA,1,"2022/10/20 10:50:00",HEZ1,0
D,DISPATCH,UNIT_SCADA,1,"2022/10/20 10:50:00",HUGSF1,8.3940
D,DISPATCH,UNIT_SCADA,1,"2022/10/20 10:50:00",KEPBG1,0
D,DISPATCH,UNIT_SCADA,1,"2022/10/20 10:50:00",LRSF1,10.731001
D,DISPATCH,UNIT_SCADA,1,"2022/10/20 10:50:00",MBAHNTH,45.768753
D,DISPATCH,UNIT_SCADA,1,"2022/10/20 10:50:00",MLSP1,3.705001
D,DISPATCH,UNIT_SCADA,1,"2022/10/20 10:50:00",MLWF1,3.72
D,DISPATCH,UNIT_SCADA,1,"2022/10/20 10:50:00",PALOONA,30.289999
D,DISPATCH,UNIT_SCADA,1,"2022/10/20 10:50:00",PIONEER,39.799999
D,DISPATCH,UNIT_SCADA,1,"2022/10/20 10:50:00",PORTWF,83.900002
D,DISPATCH,UNIT_SCADA,1,"2022/10/20 10:50:00",REPULSE,9.372091
D,DISPATCH,UNIT_SCADA,1,"2022/10/20 10:50:00",ROWALLAN,8.9034
D,DISPATCH,UNIT_SCADA,1,"2022/10/20 10:50:00",ROYALLA1,6.792003
D,DISPATCH,UNIT_SCADA,1,"2022/10/20 10:50:00",RPCG,-1.80
D,DISPATCH,UNIT_SCADA,1,"2022/10/20 10:50:00",RUBICON,0
D,DISPATCH,UNIT_SCADA,1,"2022/10/20 10:50:00",WAUBRAWF,11.8430
D,DISPATCH,UNIT_SCADA,1,"2022/10/20 10:50:00",WOOLNTH1,-0.71
D,DISPATCH,UNIT_SCADA,1,"2022/10/20 10:50:00",YAMBUKWF,6.40
D,DISPATCH,UNIT_SCADA,1,"2022/10/20 10:50:00",YSWF1,1
D,DISPATCH,UNIT_SCADA,1,"2022/10/20 10:50:00",ADPBA1G,0.0080
D,DISPATCH,UNIT_SCADA,1,"2022/10/20 10:50:00",ADPBA1L,0
D,DISPATCH,UNIT_SCADA,1,"2022/10/20 10:50:00",ADPPV1,0.0530
D,DISPATCH,UNIT_SCADA,1,"2022/10/20 10:50:00",AGLHAL,0
D,DISPATCH,UNIT_SCADA,1,"2022/10/20 10:50:00",AGLSOM,0
D,DISPATCH,UNIT_SCADA,1,"2022/10/20 10:50:00",ANGAST1,0
D,DISPATCH,UNIT_SCADA,1,"2022/10/20 10:50:00",ARWF1,0
D,DISPATCH,UNIT_SCADA,1,"2022/10/20 10:50:00",BALBG1,0
D,DISPATCH,UNIT_SCADA,1,"2022/10/20 10:50:00",BALBL1,0
D,DISPATCH,UNIT_SCADA,1,"2022/10/20 10:50:00",BALDHWF1,6.3570
D,DISPATCH,UNIT_SCADA,1,"2022/10/20 10:50:00",BANGOWF1,32.097660
D,DISPATCH,UNIT_SCADA,1,"2022/10/20 10:50:00",BANGOWF2,48.597920
D,DISPATCH,UNIT_SCADA,1,"2022/10/20 10:50:00",BANN1,14.84
D,DISPATCH,UNIT_SCADA,1,"2022/10/20 10:50:00",BARCALDN,0
D,DISPATCH,UNIT_SCADA,1,"2022/10/20 10:50:00",BARKIPS1,0
D,DISPATCH,UNIT_SCADA,1,"2022/10/20 10:50:00",BARRON-1,0
D,DISPATCH,UNIT_SCADA,1,"2022/10/20 10:50:00",BARRON-2,0
D,DISPATCH,UNIT_SCADA,1,"2022/10/20 10:50:00",BASTYAN,50.92
D,DISPATCH,UNIT_SCADA,1,"2022/10/20 10:50:00",BBTHREE1,0
D,DISPATCH,UNIT_SCADA,1,"2022/10/20 10:50:00",BBTHREE2,0
D,DISPATCH,UNIT_SCADA,1,"2022/10/20 10:50:00",BBTHREE3,-1.05
D,DISPATCH,UNIT_SCADA,1,"2022/10/20 10:50:00",BDL01,0
D,DISPATCH,UNIT_SCADA,1,"2022/10/20 10:50:00",BDL02,0
D,DISPATCH,UNIT_SCADA,1,"2022/10/20 10:50:00",BERYLSF1,5.842480
D,DISPATCH,UNIT_SCADA,1,"2022/10/20 10:50:00",BLOWERNG,62.50
D,DISPATCH,UNIT_SCADA,1,"2022/10/20 10:50:00",BLUEGSF1,74.997760
D,DISPATCH,UNIT_SCADA,1,"2022/10/20 10:50:00",BLUFF1,10.30
D,DISPATCH,UNIT_SCADA,1,"2022/10/20 10:50:00",BNGSF1,54.57
D,DISPATCH,UNIT_SCADA,1,"2022/10/20 10:50:00",BNGSF2,60.28
D,DISPATCH,UNIT_SCADA,1,"2022/10/20 10:50:00",BOCORWF1,0.73
D,DISPATCH,UNIT_SCADA,1,"2022/10/20 10:50:00",BODWF1,104.044130
D,DISPATCH,UNIT_SCADA,1,"2022/10/20 10:50:00",BOMENSF1,66.569010
D,DISPATCH,UNIT_SCADA,1,"2022/10/20 10:50:00",BOWWBA1G,0
D,DISPATCH,UNIT_SCADA,1,"2022/10/20 10:50:00",BOWWBA1L,0
D,DISPATCH,UNIT_SCADA,1,"2022/10/20 10:50:00",BOWWPV1,0
D,DISPATCH,UNIT_SCADA,1,"2022/10/20 10:50:00",BRAEMAR1,0
D,DISPATCH,UNIT_SCADA,1,"2022/10/20 10:50:00",BRAEMAR2,0
D,DISPATCH,UNIT_SCADA,1,"2022/10/20 10:50:00",BRAEMAR3,0
D,DISPATCH,UNIT_SCADA,1,"2022/10/20 10:50:00",BRAEMAR5,0.292060
D,DISPATCH,UNIT_SCADA,1,"2022/10/20 10:50:00",BRAEMAR6,0
D,DISPATCH,UNIT_SCADA,1,"2022/10/20 10:50:00",BRAEMAR7,0.130920
D,DISPATCH,UNIT_SCADA,1,"2022/10/20 10:50:00",BROKENH1,18.099720
D,DISPATCH,UNIT_SCADA,1,"2022/10/20 10:50:00",BRYB1WF1,89.359890
D,DISPATCH,UNIT_SCADA,1,"2022/10/20 10:50:00",BULBESG1,0
D,DISPATCH,UNIT_SCADA,1,"2022/10/20 10:50:00",BULBESL1,2.13
D,DISPATCH,UNIT_SCADA,1,"2022/10/20 10:50:00",BULGANA1,7.61
D,DISPATCH,UNIT_SCADA,1,"2022/10/20 10:50:00",BW01,659.226380
D,DISPATCH,UNIT_SCADA,1,"2022/10/20 10:50:00",BW02,618.625180
D,DISPATCH,UNIT_SCADA,1,"2022/10/20 10:50:00",BW03,547.481510
D,DISPATCH,UNIT_SCADA,1,"2022/10/20 10:50:00",BW04,0
D,DISPATCH,UNIT_SCADA,1,"2022/10/20 10:50:00",CALL_B_1,319.700010
D,DISPATCH,UNIT_SCADA,1,"2022/10/20 10:50:00",CALL_B_2,318.899990
D,DISPATCH,UNIT_SCADA,1,"2022/10/20 10:50:00",CATHROCK,0.30
D,DISPATCH,UNIT_SCADA,1,"2022/10/20 10:50:00",CBWWBA1G,0
D,DISPATCH,UNIT_SCADA,1,"2022/10/20 10:50:00",CBWWBA1L,0
D,DISPATCH,UNIT_SCADA,1,"2022/10/20 10:50:00",CETHANA,53.757250
D,DISPATCH,UNIT_SCADA,1,"2022/10/20 10:50:00",CG1,0
D,DISPATCH,UNIT_SCADA,1,"2022/10/20 10:50:00",CG2,0
D,DISPATCH,UNIT_SCADA,1,"2022/10/20 10:50:00",CG3,0
D,DISPATCH,UNIT_SCADA,1,"2022/10/20 10:50:00",CG4,0
D,DISPATCH,UNIT_SCADA,1,"2022/10/20 10:50:00",CHILDSF1,8.44
D,DISPATCH,UNIT_SCADA,1,"2022/10/20 10:50:00",CHYTWF1,1.55
D,DISPATCH,UNIT_SCADA,1,"2022/10/20 10:50:00",CLARESF1,90.984450
D,DISPATCH,UNIT_SCADA,1,"2022/10/20 10:50:00",CLEMGPWF,19.377410
D,DISPATCH,UNIT_SCADA,1,"2022/10/20 10:50:00",CLERMSF1,22.69
D,DISPATCH,UNIT_SCADA,1,"2022/10/20 10:50:00",CNUNDAWF,0
D,DISPATCH,UNIT_SCADA,1,"2022/10/20 10:50:00",COHUNSF1,8.70
D,DISPATCH,UNIT_SCADA,1,"2022/10/20 10:50:00",COLEASF1,33.697640
D,DISPATCH,UNIT_SCADA,1,"2022/10/20 10:50:00",COLUMSF1,31.6690
D,DISPATCH,UNIT_SCADA,1,"2022/10/20 10:50:00",COLWF01,72.608520
D,DISPATCH,UNIT_SCADA,1,"2022/10/20 10:50:00",COOPGWF1,180.44
D,DISPATCH,UNIT_SCADA,1,"2022/10/20 10:50:00",CPP_3,369.325010
D,DISPATCH,UNIT_SCADA,1,"2022/10/20 10:50:00",CPP_4,0
D,DISPATCH,UNIT_SCADA,1,"2022/10/20 10:50:00",CPSA,0
D,DISPATCH,UNIT_SCADA,1,"2022/10/20 10:50:00",CROOKWF2,45.874110
D,DISPATCH,UNIT_SCADA,1,"2022/10/20 10:50:00",CROWLWF1,12.7872
D,DISPATCH,UNIT_SCADA,1,"2022/10/20 10:50:00",CRURWF1,63.697340
D,DISPATCH,UNIT_SCADA,1,"2022/10/20 10:50:00",CRWASF1,30.273530
D,DISPATCH,UNIT_SCADA,1,"2022/10/20 10:50:00",CSPVPS1,1.0240
D,DISPATCH,UNIT_SCADA,1,"2022/10/20 10:50:00",CTHLWF1,0.003050
D,DISPATCH,UNIT_SCADA,1,"2022/10/20 10:50:00",DALNTH01,0
D,DISPATCH,UNIT_SCADA,1,"2022/10/20 10:50:00",DALNTHL1,0.120550
D,DISPATCH,UNIT_SCADA,1,"2022/10/20 10:50:00",DARLSF1,105.900120
D,DISPATCH,UNIT_SCADA,1,"2022/10/20 10:50:00",DARTM1,0
D,DISPATCH,UNIT_SCADA,1,"2022/10/20 10:50:00",DAYDSF1,4.3080
D,DISPATCH,UNIT_SCADA,1,"2022/10/20 10:50:00",DDPS1,0
D,DISPATCH,UNIT_SCADA,1,"2022/10/20 10:50:00",DDSF1,57.098240
D,DISPATCH,UNIT_SCADA,1,"2022/10/20 10:50:00",DEVILS_G,57.770320
D,DISPATCH,UNIT_SCADA,1,"2022/10/20 10:50:00",DG_NSW1,0
D,DISPATCH,UNIT_SCADA,1,"2022/10/20 10:50:00",DG_QLD1,0
D,DISPATCH,UNIT_SCADA,1,"2022/10/20 10:50:00",DG_SA1,0
D,DISPATCH,UNIT_SCADA,1,"2022/10/20 10:50:00",DG_TAS1,0
D,DISPATCH,UNIT_SCADA,1,"2022/10/20 10:50:00",DG_VIC1,0
D,DISPATCH,UNIT_SCADA,1,"2022/10/20 10:50:00",DRYCGT1,0
D,DISPATCH,UNIT_SCADA,1,"2022/10/20 10:50:00",DRYCGT2,0
D,DISPATCH,UNIT_SCADA,1,"2022/10/20 10:50:00",DRYCGT3,0
D,DISPATCH,UNIT_SCADA,1,"2022/10/20 10:50:00",DUNDWF1,48.86
D,DISPATCH,UNIT_SCADA,1,"2022/10/20 10:50:00",DUNDWF2,16.58
D,DISPATCH,UNIT_SCADA,1,"2022/10/20 10:50:00",DUNDWF3,43.35
D,DISPATCH,UNIT_SCADA,1,"2022/10/20 10:50:00",EILDON1,60
D,DISPATCH,UNIT_SCADA,1,"2022/10/20 10:50:00",EILDON2,60.12
D,DISPATCH,UNIT_SCADA,1,"2022/10/20 10:50:00",ELAINWF1,25.09
D,DISPATCH,UNIT_SCADA,1,"2022/10/20 10:50:00",EMERASF1,0
D,DISPATCH,UNIT_SCADA,1,"2022/10/20 10:50:00",ER01,0
D,DISPATCH,UNIT_SCADA,1,"2022/10/20 10:50:00",ER02,338.469510
D,DISPATCH,UNIT_SCADA,1,"2022/10/20 10:50:00",ER03,374.065770
D,DISPATCH,UNIT_SCADA,1,"2022/10/20 10:50:00",ER04,379.461360
D,DISPATCH,UNIT_SCADA,1,"2022/10/20 10:50:00",FINLYSF1,76.108950
D,DISPATCH,UNIT_SCADA,1,"2022/10/20 10:50:00",FISHER,44.04
D,DISPATCH,UNIT_SCADA,1,"2022/10/20 10:50:00",GANGARR1,14.2470
D,DISPATCH,UNIT_SCADA,1,"2022/10/20 10:50:00",GANNBG1,0
D,DISPATCH,UNIT_SCADA,1,"2022/10/20 10:50:00",GANNBL1,5.086970
D,DISPATCH,UNIT_SCADA,1,"2022/10/20 10:50:00",GANNSF1,40.50
D,DISPATCH,UNIT_SCADA,1,"2022/10/20 10:50:00",GLRWNSF1,110.01
D,DISPATCH,UNIT_SCADA,1,"2022/10/20 10:50:00",GNNDHSF1,86.204850
D,DISPATCH,UNIT_SCADA,1,"2022/10/20 10:50:00",GOONSF1,6.876330
D,DISPATCH,UNIT_SCADA,1,"2022/10/20 10:50:00",GORDON,193.090060
D,DISPATCH,UNIT_SCADA,1,"2022/10/20 10:50:00",GRANWF1,0.81
D,DISPATCH,UNIT_SCADA,1,"2022/10/20 10:50:00",GSTONE1,200.20
D,DISPATCH,UNIT_SCADA,1,"2022/10/20 10:50:00",GSTONE2,0
D,DISPATCH,UNIT_SCADA,1,"2022/10/20 10:50:00",GSTONE3,199.849990
D,DISPATCH,UNIT_SCADA,1,"2022/10/20 10:50:00",GSTONE4,0
D,DISPATCH,UNIT_SCADA,1,"2022/10/20 10:50:00",GSTONE5,166.95
D,DISPATCH,UNIT_SCADA,1,"2022/10/20 10:50:00",GSTONE6,167.1250
D,DISPATCH,UNIT_SCADA,1,"2022/10/20 10:50:00",GULLRSF1,3.394950
D,DISPATCH,UNIT_SCADA,1,"2022/10/20 10:50:00",GULLRWF1,73.493880
D,DISPATCH,UNIT_SCADA,1,"2022/10/20 10:50:00",GULLRWF2,84.107730
D,DISPATCH,UNIT_SCADA,1,"2022/10/20 10:50:00",GUNNING1,0
D,DISPATCH,UNIT_SCADA,1,"2022/10/20 10:50:00",GUTHEGA,67.50
D,DISPATCH,UNIT_SCADA,1,"2022/10/20 10:50:00",HALLWF1,32.53
D,DISPATCH,UNIT_SCADA,1,"2022/10/20 10:50:00",HALLWF2,36.08
D,DISPATCH,UNIT_SCADA,1,"2022/10/20 10:50:00",HAMISF1,0
D,DISPATCH,UNIT_SCADA,1,"2022/10/20 10:50:00",HAUGHT11,34.590720
D,DISPATCH,UNIT_SCADA,1,"2022/10/20 10:50:00",HAYMSF1,0
D,DISPATCH,UNIT_SCADA,1,"2022/10/20 10:50:00",HDWF1,68.30
D,DISPATCH,UNIT_SCADA,1,"2022/10/20 10:50:00",HDWF2,62
D,DISPATCH,UNIT_SCADA,1,"2022/10/20 10:50:00",HDWF3,75
D,DISPATCH,UNIT_SCADA,1,"2022/10/20 10:50:00",HILLSTN1,31.422460
D,DISPATCH,UNIT_SCADA,1,"2022/10/20 10:50:00",HPRG1,0
D,DISPATCH,UNIT_SCADA,1,"2022/10/20 10:50:00",HPRL1,19
D,DISPATCH,UNIT_SCADA,1,"2022/10/20 10:50:00",HUMENSW,54.4906
D,DISPATCH,UNIT_SCADA,1,"2022/10/20 10:50:00",HUMEV,0
D,DISPATCH,UNIT_SCADA,1,"2022/10/20 10:50:00",HVWWBA1G,0
D,DISPATCH,UNIT_SCADA,1,"2022/10/20 10:50:00",HVWWBA1L,0.0060
D,DISPATCH,UNIT_SCADA,1,"2022/10/20 10:50:00",HVWWPV1,0.0150
D,DISPATCH,UNIT_SCADA,1,"2022/10/20 10:50:00",JBUTTERS,0
D,DISPATCH,UNIT_SCADA,1,"2022/10/20 10:50:00",JEMALNG1,2.44
D,DISPATCH,UNIT_SCADA,1,"2022/10/20 10:50:00",JLA01,0
D,DISPATCH,UNIT_SCADA,1,"2022/10/20 10:50:00",JLA02,0
D,DISPATCH,UNIT_SCADA,1,"2022/10/20 10:50:00",JLA03,0
D,DISPATCH,UNIT_SCADA,1,"2022/10/20 10:50:00",JLA04,0
D,DISPATCH,UNIT_SCADA,1,"2022/10/20 10:50:00",JLB01,0
D,DISPATCH,UNIT_SCADA,1,"2022/10/20 10:50:00",JLB02,0.10
D,DISPATCH,UNIT_SCADA,1,"2022/10/20 10:50:00",JLB03,0
D,DISPATCH,UNIT_SCADA,1,"2022/10/20 10:50:00",JUNEESF1,14.556160
D,DISPATCH,UNIT_SCADA,1,"2022/10/20 10:50:00",KABANWF1,0
D,DISPATCH,UNIT_SCADA,1,"2022/10/20 10:50:00",KAREEYA1,0
D,DISPATCH,UNIT_SCADA,1,"2022/10/20 10:50:00",KAREEYA2,0
D,DISPATCH,UNIT_SCADA,1,"2022/10/20 10:50:00",KAREEYA3,4.7625
D,DISPATCH,UNIT_SCADA,1,"2022/10/20 10:50:00",KAREEYA4,0
D,DISPATCH,UNIT_SCADA,1,"2022/10/20 10:50:00",KARSF1,35.30
D,DISPATCH,UNIT_SCADA,1,"2022/10/20 10:50:00",KEPSF1,11.91
D,DISPATCH,UNIT_SCADA,1,"2022/10/20 10:50:00",KEPWF1,4.18
D,DISPATCH,UNIT_SCADA,1,"2022/10/20 10:50:00",KIAMSF1,11.524380
D,DISPATCH,UNIT_SCADA,1,"2022/10/20 10:50:00",KIATAWF1,5.30
D,DISPATCH,UNIT_SCADA,1,"2022/10/20 10:50:00",KPP_1,0
D,DISPATCH,UNIT_SCADA,1,"2022/10/20 10:50:00",KSP1,35.23
D,DISPATCH,UNIT_SCADA,1,"2022/10/20 10:50:00",LADBROK1,0.02
D,DISPATCH,UNIT_SCADA,1,"2022/10/20 10:50:00",LADBROK2,0.02
D,DISPATCH,UNIT_SCADA,1,"2022/10/20 10:50:00",LBBG1,0
D,DISPATCH,UNIT_SCADA,1,"2022/10/20 10:50:00",LBBL1,11.10
D,DISPATCH,UNIT_SCADA,1,"2022/10/20 10:50:00",LD01,264.522250
D,DISPATCH,UNIT_SCADA,1,"2022/10/20 10:50:00",LD02,0
D,DISPATCH,UNIT_SCADA,1,"2022/10/20 10:50:00",LD04,278.530240
D,DISPATCH,UNIT_SCADA,1,"2022/10/20 10:50:00",LEM_WIL,78.965510
D,DISPATCH,UNIT_SCADA,1,"2022/10/20 10:50:00",LGAPWF1,62.10
D,DISPATCH,UNIT_SCADA,1,"2022/10/20 10:50:00",LGAPWF2,0
D,DISPATCH,UNIT_SCADA,1,"2022/10/20 10:50:00",LILYSF1,58.195960
D,DISPATCH,UNIT_SCADA,1,"2022/10/20 10:50:00",LIMOSF11,65.587090
D,DISPATCH,UNIT_SCADA,1,"2022/10/20 10:50:00",LIMOSF21,9.725520
D,DISPATCH,UNIT_SCADA,1,"2022/10/20 10:50:00",LI_WY_CA,55.630710
D,DISPATCH,UNIT_SCADA,1,"2022/10/20 10:50:00",LKBONNY1,0
D,DISPATCH,UNIT_SCADA,1,"2022/10/20 10:50:00",LKBONNY2,0
D,DISPATCH,UNIT_SCADA,1,"2022/10/20 10:50:00",LKBONNY3,0
D,DISPATCH,UNIT_SCADA,1,"2022/10/20 10:50:00",LK_ECHO,0
D,DISPATCH,UNIT_SCADA,1,"2022/10/20 10:50:00",LNGS1,0
D,DISPATCH,UNIT_SCADA,1,"2022/10/20 10:50:00",LNGS2,0
D,DISPATCH,UNIT_SCADA,1,"2022/10/20 10:50:00",LONSDALE,0
D,DISPATCH,UNIT_SCADA,1,"2022/10/20 10:50:00",LOYYB1,437.213930
D,DISPATCH,UNIT_SCADA,1,"2022/10/20 10:50:00",LOYYB2,437.589870
D,DISPATCH,UNIT_SCADA,1,"2022/10/20 10:50:00",LYA1,475
D,DISPATCH,UNIT_SCADA,1,"2022/10/20 10:50:00",LYA2,0
D,DISPATCH,UNIT_SCADA,1,"2022/10/20 10:50:00",LYA3,349
D,DISPATCH,UNIT_SCADA,1,"2022/10/20 10:50:00",LYA4,348
D,DISPATCH,UNIT_SCADA,1,"2022/10/20 10:50:00",MACARTH1,50.398830
D,DISPATCH,UNIT_SCADA,1,"2022/10/20 10:50:00",MACKNTSH,0
D,DISPATCH,UNIT_SCADA,1,"2022/10/20 10:50:00",MANSLR1,17.6040
D,DISPATCH,UNIT_SCADA,1,"2022/10/20 10:50:00",MAPS2PV1,0
D,DISPATCH,UNIT_SCADA,1,"2022/10/20 10:50:00",MAPS3PV1,0
D,DISPATCH,UNIT_SCADA,1,"2022/10/20 10:50:00",MARYRSF1,14.13
D,DISPATCH,UNIT_SCADA,1,"2022/10/20 10:50:00",MBPS2PV1,0
D,DISPATCH,UNIT_SCADA,1,"2022/10/20 10:50:00",MCKAY1,0.02
D,DISPATCH,UNIT_SCADA,1,"2022/10/20 10:50:00",MEADOWBK,5.773160
D,DISPATCH,UNIT_SCADA,1,"2022/10/20 10:50:00",MERCER01,28.90
D,DISPATCH,UNIT_SCADA,1,"2022/10/20 10:50:00",METZSF1,24.429270
D,DISPATCH,UNIT_SCADA,1,"2022/10/20 10:50:00",MEWF1,1
D,DISPATCH,UNIT_SCADA,1,"2022/10/20 10:50:00",MIDDLSF1,12.24
D,DISPATCH,UNIT_SCADA,1,"2022/10/20 10:50:00",MINTARO,0.128180
D,DISPATCH,UNIT_SCADA,1,"2022/10/20 10:50:00",MOLNGSF1,22.181730
D,DISPATCH,UNIT_SCADA,1,"2022/10/20 10:50:00",MOORAWF1,52.44
D,DISPATCH,UNIT_SCADA,1,"2022/10/20 10:50:00",MOREESF1,10.7420
D,DISPATCH,UNIT_SCADA,1,"2022/10/20 10:50:00",MORTLK11,0
D,DISPATCH,UNIT_SCADA,1,"2022/10/20 10:50:00",MORTLK12,0
D,DISPATCH,UNIT_SCADA,1,"2022/10/20 10:50:00",MOUSF1,0
D,DISPATCH,UNIT_SCADA,1,"2022/10/20 10:50:00",MP1,0
D,DISPATCH,UNIT_SCADA,1,"2022/10/20 10:50:00",MP2,348.2597
D,DISPATCH,UNIT_SCADA,1,"2022/10/20 10:50:00",MPP_1,173.986540
D,DISPATCH,UNIT_SCADA,1,"2022/10/20 10:50:00",MPP_2,186.132950
D,DISPATCH,UNIT_SCADA,1,"2022/10/20 10:50:00",MRTLSWF1,0
D,DISPATCH,UNIT_SCADA,1,"2022/10/20 10:50:00",MSTUART1,0
D,DISPATCH,UNIT_SCADA,1,"2022/10/20 10:50:00",MSTUART2,0
D,DISPATCH,UNIT_SCADA,1,"2022/10/20 10:50:00",MSTUART3,0
D,DISPATCH,UNIT_SCADA,1,"2022/10/20 10:50:00",MTGELWF1,42.606890
D,DISPATCH,UNIT_SCADA,1,"2022/10/20 10:50:00",MTMILLAR,1.90
D,DISPATCH,UNIT_SCADA,1,"2022/10/20 10:50:00",MURRAY,0
D,DISPATCH,UNIT_SCADA,1,"2022/10/20 10:50:00",MUSSELR1,99.20
D,DISPATCH,UNIT_SCADA,1,"2022/10/20 10:50:00",MUWAWF1,50.47
D,DISPATCH,UNIT_SCADA,1,"2022/10/20 10:50:00",MUWAWF2,51.80
D,DISPATCH,UNIT_SCADA,1,"2022/10/20 10:50:00",MWPS1PV1,0.13
D,DISPATCH,UNIT_SCADA,1,"2022/10/20 10:50:00",MWPS2PV1,0
D,DISPATCH,UNIT_SCADA,1,"2022/10/20 10:50:00",MWPS3PV1,0
D,DISPATCH,UNIT_SCADA,1,"2022/10/20 10:50:00",MWPS4PV1,0.01
D,DISPATCH,UNIT_SCADA,1,"2022/10/20 10:50:00",NBHWF1,77.90
D,DISPATCH,UNIT_SCADA,1,"2022/10/20 10:50:00",NEVERSF1,66.86
D,DISPATCH,UNIT_SCADA,1,"2022/10/20 10:50:00",NPS,0
D,DISPATCH,UNIT_SCADA,1,"2022/10/20 10:50:00",NUMURSF1,92.85
D,DISPATCH,UNIT_SCADA,1,"2022/10/20 10:50:00",NYNGAN1,96.75
D,DISPATCH,UNIT_SCADA,1,"2022/10/20 10:50:00",OAKEY1,0
D,DISPATCH,UNIT_SCADA,1,"2022/10/20 10:50:00",OAKEY1SF,11.6970
D,DISPATCH,UNIT_SCADA,1,"2022/10/20 10:50:00",OAKEY2,0
D,DISPATCH,UNIT_SCADA,1,"2022/10/20 10:50:00",OAKEY2SF,23.45
D,DISPATCH,UNIT_SCADA,1,"2022/10/20 10:50:00",OAKLAND1,2.40
D,DISPATCH,UNIT_SCADA,1,"2022/10/20 10:50:00",OSB-AG,0
D,DISPATCH,UNIT_SCADA,1,"2022/10/20 10:50:00",PAREPS1,0.0660
D,DISPATCH,UNIT_SCADA,1,"2022/10/20 10:50:00",PAREPW1,70.08
D,DISPATCH,UNIT_SCADA,1,"2022/10/20 10:50:00",PARSF1,4.600590
D,DISPATCH,UNIT_SCADA,1,"2022/10/20 10:50:00",POAT110,0
D,DISPATCH,UNIT_SCADA,1,"2022/10/20 10:50:00",POAT220,0
D,DISPATCH,UNIT_SCADA,1,"2022/10/20 10:50:00",POR01,0
D,DISPATCH,UNIT_SCADA,1,"2022/10/20 10:50:00",POR03,0
D,DISPATCH,UNIT_SCADA,1,"2022/10/20 10:50:00",PPCCGT,0
D,DISPATCH,UNIT_SCADA,1,"2022/10/20 10:50:00",PTSTAN1,0
D,DISPATCH,UNIT_SCADA,1,"2022/10/20 10:50:00",PUMP1,245.179990
D,DISPATCH,UNIT_SCADA,1,"2022/10/20 10:50:00",PUMP2,0
D,DISPATCH,UNIT_SCADA,1,"2022/10/20 10:50:00",QBYNBG1,2.017470
D,DISPATCH,UNIT_SCADA,1,"2022/10/20 10:50:00",QBYNBL1,0
D,DISPATCH,UNIT_SCADA,1,"2022/10/20 10:50:00",QPS1,0
D,DISPATCH,UNIT_SCADA,1,"2022/10/20 10:50:00",QPS2,0
D,DISPATCH,UNIT_SCADA,1,"2022/10/20 10:50:00",QPS3,0
D,DISPATCH,UNIT_SCADA,1,"2022/10/20 10:50:00",QPS4,0
D,DISPATCH,UNIT_SCADA,1,"2022/10/20 10:50:00",QPS5,72.66
D,DISPATCH,UNIT_SCADA,1,"2022/10/20 10:50:00",REECE1,0
D,DISPATCH,UNIT_SCADA,1,"2022/10/20 10:50:00",REECE2,0
D,DISPATCH,UNIT_SCADA,1,"2022/10/20 10:50:00",ROMA_7,0
D,DISPATCH,UNIT_SCADA,1,"2022/10/20 10:50:00",ROMA_8,0
D,DISPATCH,UNIT_SCADA,1,"2022/10/20 10:50:00",RRSF1,89.899470
D,DISPATCH,UNIT_SCADA,1,"2022/10/20 10:50:00",RT_NSW1,0
D,DISPATCH,UNIT_SCADA,1,"2022/10/20 10:50:00",RT_NSW2,0
D,DISPATCH,UNIT_SCADA,1,"2022/10/20 10:50:00",RT_NSW3,0
D,DISPATCH,UNIT_SCADA,1,"2022/10/20 10:50:00",RT_NSW4,0
D,DISPATCH,UNIT_SCADA,1,"2022/10/20 10:50:00",RT_NSW5,0
D,DISPATCH,UNIT_SCADA,1,"2022/10/20 10:50:00",RT_NSW6,0
D,DISPATCH,UNIT_SCADA,1,"2022/10/20 10:50:00",RT_QLD1,0
D,DISPATCH,UNIT_SCADA,1,"2022/10/20 10:50:00",RT_SA1,0
D,DISPATCH,UNIT_SCADA,1,"2022/10/20 10:50:00",RT_SA2,0
D,DISPATCH,UNIT_SCADA,1,"2022/10/20 10:50:00",RT_SA3,0
D,DISPATCH,UNIT_SCADA,1,"2022/10/20 10:50:00",RT_SA4,0
D,DISPATCH,UNIT_SCADA,1,"2022/10/20 10:50:00",RT_SA5,0
D,DISPATCH,UNIT_SCADA,1,"2022/10/20 10:50:00",RT_SA6,0
D,DISPATCH,UNIT_SCADA,1,"2022/10/20 10:50:00",RT_TAS1,0
D,DISPATCH,UNIT_SCADA,1,"2022/10/20 10:50:00",RT_VIC1,0
D,DISPATCH,UNIT_SCADA,1,"2022/10/20 10:50:00",RT_VIC10,0
D,DISPATCH,UNIT_SCADA,1,"2022/10/20 10:50:00",RT_VIC11,0
D,DISPATCH,UNIT_SCADA,1,"2022/10/20 10:50:00",RT_VIC12,0
D,DISPATCH,UNIT_SCADA,1,"2022/10/20 10:50:00",RT_VIC2,0
D,DISPATCH,UNIT_SCADA,1,"2022/10/20 10:50:00",RT_VIC3,0
D,DISPATCH,UNIT_SCADA,1,"2022/10/20 10:50:00",RT_VIC4,0
D,DISPATCH,UNIT_SCADA,1,"2022/10/20 10:50:00",RT_VIC5,0
D,DISPATCH,UNIT_SCADA,1,"2022/10/20 10:50:00",RT_VIC6,0
D,DISPATCH,UNIT_SCADA,1,"2022/10/20 10:50:00",RT_VIC7,0
D,DISPATCH,UNIT_SCADA,1,"2022/10/20 10:50:00",RT_VIC8,0
D,DISPATCH,UNIT_SCADA,1,"2022/10/20 10:50:00",RT_VIC9,0
D,DISPATCH,UNIT_SCADA,1,"2022/10/20 10:50:00",RUGBYR1,4.342270
D,DISPATCH,UNIT_SCADA,1,"2022/10/20 10:50:00",SALTCRK1,14.70
D,DISPATCH,UNIT_SCADA,1,"2022/10/20 10:50:00",SAPHWF1,50.295260
D,DISPATCH,UNIT_SCADA,1,"2022/10/20 10:50:00",SEBSF1,31.022520
D,DISPATCH,UNIT_SCADA,1,"2022/10/20 10:50:00",SHGEN,0
D,DISPATCH,UNIT_SCADA,1,"2022/10/20 10:50:00",SHPUMP,0
D,DISPATCH,UNIT_SCADA,1,"2022/10/20 10:50:00",SITHE01,0.2041
D,DISPATCH,UNIT_SCADA,1,"2022/10/20 10:50:00",SMCSF1,28.86
D,DISPATCH,UNIT_SCADA,1,"2022/10/20 10:50:00",SNAPPER1,0
D,DISPATCH,UNIT_SCADA,1,"2022/10/20 10:50:00",SNOWNTH1,112.70
D,DISPATCH,UNIT_SCADA,1,"2022/10/20 10:50:00",SNOWSTH1,52.70
D,DISPATCH,UNIT_SCADA,1,"2022/10/20 10:50:00",SNOWTWN1,75.747870
D,DISPATCH,UNIT_SCADA,1,"2022/10/20 10:50:00",SNOWYP,0
D,DISPATCH,UNIT_SCADA,1,"2022/10/20 10:50:00",SNUG1,0
D,DISPATCH,UNIT_SCADA,1,"2022/10/20 10:50:00",SRSF1,21.24
D,DISPATCH,UNIT_SCADA,1,"2022/10/20 10:50:00",STAN-1,275.351990
D,DISPATCH,UNIT_SCADA,1,"2022/10/20 10:50:00",STAN-2,327.097440
D,DISPATCH,UNIT_SCADA,1,"2022/10/20 10:50:00",STAN-3,153.8136
D,DISPATCH,UNIT_SCADA,1,"2022/10/20 10:50:00",STAN-4,328.609950
D,DISPATCH,UNIT_SCADA,1,"2022/10/20 10:50:00",STARHLWF,0.01
D,DISPATCH,UNIT_SCADA,1,"2022/10/20 10:50:00",STOCKYD1,63.15
D,DISPATCH,UNIT_SCADA,1,"2022/10/20 10:50:00",STWF1,0
D,DISPATCH,UNIT_SCADA,1,"2022/10/20 10:50:00",SUNRSF1,38.045320
D,DISPATCH,UNIT_SCADA,1,"2022/10/20 10:50:00",SUNTPSF1,34.748460
D,DISPATCH,UNIT_SCADA,1,"2022/10/20 10:50:00",SWAN_E,218.732510
D,DISPATCH,UNIT_SCADA,1,"2022/10/20 10:50:00",TALWA1,0
D,DISPATCH,UNIT_SCADA,1,"2022/10/20 10:50:00",TARALGA1,0
D,DISPATCH,UNIT_SCADA,1,"2022/10/20 10:50:00",TARONG#1,345.600010
D,DISPATCH,UNIT_SCADA,1,"2022/10/20 10:50:00",TARONG#2,344.200010
D,DISPATCH,UNIT_SCADA,1,"2022/10/20 10:50:00",TARONG#3,0.90
D,DISPATCH,UNIT_SCADA,1,"2022/10/20 10:50:00",TARONG#4,210.400010
D,DISPATCH,UNIT_SCADA,1,"2022/10/20 10:50:00",TARRALEA,54
D,DISPATCH,UNIT_SCADA,1,"2022/10/20 10:50:00",TBSF1,0.10
D,DISPATCH,UNIT_SCADA,1,"2022/10/20 10:50:00",TNPS1,399.0625
D,DISPATCH,UNIT_SCADA,1,"2022/10/20 10:50:00",TORRB1,0
D,DISPATCH,UNIT_SCADA,1,"2022/10/20 10:50:00",TORRB2,40
D,DISPATCH,UNIT_SCADA,1,"2022/10/20 10:50:00",TORRB3,0
D,DISPATCH,UNIT_SCADA,1,"2022/10/20 10:50:00",TORRB4,0
D,DISPATCH,UNIT_SCADA,1,"2022/10/20 10:50:00",TREVALLN,97.752790
D,DISPATCH,UNIT_SCADA,1,"2022/10/20 10:50:00",TRIBUTE,0
D,DISPATCH,UNIT_SCADA,1,"2022/10/20 10:50:00",TUMUT3,0
D,DISPATCH,UNIT_SCADA,1,"2022/10/20 10:50:00",TUNGATIN,4.650020
D,DISPATCH,UNIT_SCADA,1,"2022/10/20 10:50:00",TVCC201,0
D,DISPATCH,UNIT_SCADA,1,"2022/10/20 10:50:00",TVPP104,57.650730
D,DISPATCH,UNIT_SCADA,1,"2022/10/20 10:50:00",UPPTUMUT,28.923230
D,DISPATCH,UNIT_SCADA,1,"2022/10/20 10:50:00",URANQ11,0
D,DISPATCH,UNIT_SCADA,1,"2022/10/20 10:50:00",URANQ12,0
D,DISPATCH,UNIT_SCADA,1,"2022/10/20 10:50:00",URANQ13,0
D,DISPATCH,UNIT_SCADA,1,"2022/10/20 10:50:00",URANQ14,0
D,DISPATCH,UNIT_SCADA,1,"2022/10/20 10:50:00",VBBG1,0
D,DISPATCH,UNIT_SCADA,1,"2022/10/20 10:50:00",VBBL1,35.30
D,DISPATCH,UNIT_SCADA,1,"2022/10/20 10:50:00",VP5,503.335660
D,DISPATCH,UNIT_SCADA,1,"2022/10/20 10:50:00",VP6,499.282810
D,DISPATCH,UNIT_SCADA,1,"2022/10/20 10:50:00",VPGS1,0
D,DISPATCH,UNIT_SCADA,1,"2022/10/20 10:50:00",VPGS2,0
D,DISPATCH,UNIT_SCADA,1,"2022/10/20 10:50:00",VPGS3,0
D,DISPATCH,UNIT_SCADA,1,"2022/10/20 10:50:00",VPGS4,0
D,DISPATCH,UNIT_SCADA,1,"2022/10/20 10:50:00",VPGS5,0
D,DISPATCH,UNIT_SCADA,1,"2022/10/20 10:50:00",VPGS6,0
D,DISPATCH,UNIT_SCADA,1,"2022/10/20 10:50:00",W/HOE#1,0
D,DISPATCH,UNIT_SCADA,1,"2022/10/20 10:50:00",W/HOE#2,0
D,DISPATCH,UNIT_SCADA,1,"2022/10/20 10:50:00",WAGGNSF1,0
D,DISPATCH,UNIT_SCADA,1,"2022/10/20 10:50:00",WALGRVG1,0.000930
D,DISPATCH,UNIT_SCADA,1,"2022/10/20 10:50:00",WALGRVL1,0
D,DISPATCH,UNIT_SCADA,1,"2022/10/20 10:50:00",WANDBG1,0
D,DISPATCH,UNIT_SCADA,1,"2022/10/20 10:50:00",WANDBL1,49.979560
D,DISPATCH,UNIT_SCADA,1,"2022/10/20 10:50:00",WARWSF1,10.32
D,DISPATCH,UNIT_SCADA,1,"2022/10/20 10:50:00",WARWSF2,10.09
D,DISPATCH,UNIT_SCADA,1,"2022/10/20 10:50:00",WATERLWF,53.10
D,DISPATCH,UNIT_SCADA,1,"2022/10/20 10:50:00",WDGPH1,115.696010
D,DISPATCH,UNIT_SCADA,1,"2022/10/20 10:50:00",WELLSF1,70.383770
D,DISPATCH,UNIT_SCADA,1,"2022/10/20 10:50:00",WEMENSF1,9.30
D,DISPATCH,UNIT_SCADA,1,"2022/10/20 10:50:00",WGWF1,76.50
D,DISPATCH,UNIT_SCADA,1,"2022/10/20 10:50:00",WHITSF1,0
D,DISPATCH,UNIT_SCADA,1,"2022/10/20 10:50:00",WINTSF1,82.08
D,DISPATCH,UNIT_SCADA,1,"2022/10/20 10:50:00",WKIEWA1,33.80
D,DISPATCH,UNIT_SCADA,1,"2022/10/20 10:50:00",WKIEWA2,14
D,DISPATCH,UNIT_SCADA,1,"2022/10/20 10:50:00",WOODLWN1,15.429430
D,DISPATCH,UNIT_SCADA,1,"2022/10/20 10:50:00",WOOLGSF1,29.590530
D,DISPATCH,UNIT_SCADA,1,"2022/10/20 10:50:00",WPWF,7.04
D,DISPATCH,UNIT_SCADA,1,"2022/10/20 10:50:00",WRSF1,0.520040
D,DISPATCH,UNIT_SCADA,1,"2022/10/20 10:50:00",WRWF1,34.048980
D,DISPATCH,UNIT_SCADA,1,"2022/10/20 10:50:00",WSTWYSF1,0
D,DISPATCH,UNIT_SCADA,1,"2022/10/20 10:50:00",YABULU,0
D,DISPATCH,UNIT_SCADA,1,"2022/10/20 10:50:00",YABULU2,0
D,DISPATCH,UNIT_SCADA,1,"2022/10/20 10:50:00",YARANSF1,48.14
D,DISPATCH,UNIT_SCADA,1,"2022/10/20 10:50:00",YARWUN_1,162.58
D,DISPATCH,UNIT_SCADA,1,"2022/10/20 10:50:00",YATSF1,29.61
D,DISPATCH,UNIT_SCADA,1,"2022/10/20 10:50:00",YENDWF1,53.90
D,DISPATCH,UNIT_SCADA,1,"2022/10/20 10:50:00",YWPS1,299.997470
D,DISPATCH,UNIT_SCADA,1,"2022/10/20 10:50:00",YWPS2,288.468350
D,DISPATCH,UNIT_SCADA,1,"2022/10/20 10:50:00",YWPS3,298.981020
D,DISPATCH,UNIT_SCADA,1,"2022/10/20 10:50:00",YWPS4,0
C,"END OF REPORT",419
