C,NEMP.WORLD,DISPATCHSCADA,AEMO,PUBLIC,2022/10/20,22:30:09,0000000373284946,DISPATCHSCADA,0000000373284940
I,DISPATCH,UNIT_SCADA,1,SETTLEMENTDATE,DUID,SCADAVALUE
D,DISPATCH,UNIT_SCADA,1,"2022/10/20 22:35:00",BARCSF1,0
D,DISPATCH,UNIT_SCADA,1,"2022/10/20 22:35:00",BUTLERSG,8.699999
D,DISPATCH,UNIT_SCADA,1,"2022/10/20 22:35:00",CAPTL_WF,83.032516
D,DISPATCH,UNIT_SCADA,1,"2022/10/20 22:35:00",CHALLHWF,5.60
D,DISPATCH,UNIT_SCADA,1,"2022/10/20 22:35:00",CLOVER,13.25
D,DISPATCH,UNIT_SCADA,1,"2022/10/20 22:35:00",CLUNY,5.605402
D,DISPATCH,UNIT_SCADA,1,"2022/10/20 22:35:00",CULLRGWF,-0.04
D,DISPATCH,UNIT_SCADA,1,"2022/10/20 22:35:00",DIAPURWF1,2.70
D,DISPATCH,UNIT_SCADA,1,"2022/10/20 22:35:00",ERGT01,0
D,DISPATCH,UNIT_SCADA,1,"2022/10/20 22:35:00",GB01,0
D,DISPATCH,UNIT_SCADA,1,"2022/10/20 22:35:00",GERMCRK,19.299999
D,DISPATCH,UNIT_SCADA,1,"2022/10/20 22:35:00",GRIFSF1,0.001526
D,DISPATCH,UNIT_SCADA,1,"2022/10/20 22:35:00",HEZ1,0
D,DISPATCH,UNIT_SCADA,1,"2022/10/20 22:35:00",HUGSF1,-0.12
D,DISPATCH,UNIT_SCADA,1,"2022/10/20 22:35:00",KEPBG1,0
D,DISPATCH,UNIT_SCADA,1,"2022/10/20 22:35:00",LRSF1,-0.0310
D,DISPATCH,UNIT_SCADA,1,"2022/10/20 22:35:00",MBAHNTH,45.337494
D,DISPATCH,UNIT_SCADA,1,"2022/10/20 22:35:00",MLSP1,0
D,DISPATCH,UNIT_SCADA,1,"2022/10/20 22:35:00",MLWF1,2.31
D,DISPATCH,UNIT_SCADA,1,"2022/10/20 22:35:00",PALOONA,30.76
D,DISPATCH,UNIT_SCADA,1,"2022/10/20 22:35:00",PIONEER,16
D,DISPATCH,UNIT_SCADA,1,"2022/10/20 22:35:00",PORTWF,36.400002
D,DISPATCH,UNIT_SCADA,1,"2022/10/20 22:35:00",REPULSE,9.359884
D,DISPATCH,UNIT_SCADA,1,"2022/10/20 22:35:00",ROWALLAN,8.8395
D,DISPATCH,UNIT_SCADA,1,"2022/10/20 22:35:00",ROYALLA1,0
D,DISPATCH,UNIT_SCADA,1,"2022/10/20 22:35:00",RPCG,-0.50
D,DISPATCH,UNIT_SCADA,1,"2022/10/20 22:35:00",RUBICON,0
D,DISPATCH,UNIT_SCADA,1,"2022/10/20 22:35:00",WAUBRAWF,29.509001
D,DISPATCH,UNIT_SCADA,1,"2022/10/20 22:35:00",WOOLNTH1,81.839996
D,DISPATCH,UNIT_SCADA,1,"2022/10/20 22:35:00",YAMBUKWF,2.90
D,DISPATCH,UNIT_SCADA,1,"2022/10/20 22:35:00",YSWF1,0
D,DISPATCH,UNIT_SCADA,1,"2022/10/20 22:35:00",ADPBA1G,0.0080
D,DISPATCH,UNIT_SCADA,1,"2022/10/20 22:35:00",ADPBA1L,0
D,DISPATCH,UNIT_SCADA,1,"2022/10/20 22:35:00",ADPPV1,0
D,DISPATCH,UNIT_SCADA,1,"2022/10/20 22:35:00",AGLHAL,30.930520
D,DISPATCH,UNIT_SCADA,1,"2022/10/20 22:35:00",AGLSOM,0
D,DISPATCH,UNIT_SCADA,1,"2022/10/20 22:35:00",ANGAST1,0
D,DISPATCH,UNIT_SCADA,1,"2022/10/20 22:35:00",ARWF1,20.20
D,DISPATCH,UNIT_SCADA,1,"2022/10/20 22:35:00",BALBG1,9.47
D,DISPATCH,UNIT_SCADA,1,"2022/10/20 22:35:00",BALBL1,0
D,DISPATCH,UNIT_SCADA,1,"2022/10/20 22:35:00",BALDHWF1,105.1170
D,DISPATCH,UNIT_SCADA,1,"2022/10/20 22:35:00",BANGOWF1,62.395970
D,DISPATCH,UNIT_SCADA,1,"2022/10/20 22:35:00",BANGOWF2,68.198440
D,DISPATCH,UNIT_SCADA,1,"2022/10/20 22:35:00",BANN1,0
D,DISPATCH,UNIT_SCADA,1,"2022/10/20 22:35:00",BARCALDN,0
D,DISPATCH,UNIT_SCADA,1,"2022/10/20 22:35:00",BARKIPS1,0.03
D,DISPATCH,UNIT_SCADA,1,"2022/10/20 22:35:00",BARRON-1,0
D,DISPATCH,UNIT_SCADA,1,"2022/10/20 22:35:00",BARRON-2,0
D,DISPATCH,UNIT_SCADA,1,"2022/10/20 22:35:00",BASTYAN,0
D,DISPATCH,UNIT_SCADA,1,"2022/10/20 22:35:00",BBTHREE1,0
D,DISPATCH,UNIT_SCADA,1,"2022/10/20 22:35:00",BBTHREE2,0
D,DISPATCH,UNIT_SCADA,1,"2022/10/20 22:35:00",BBTHREE3,-1.10
D,DISPATCH,UNIT_SCADA,1,"2022/10/20 22:35:00",BDL01,0
D,DISPATCH,UNIT_SCADA,1,"2022/10/20 22:35:00",BDL02,0
D,DISPATCH,UNIT_SCADA,1,"2022/10/20 22:35:00",BERYLSF1,0
D,DISPATCH,UNIT_SCADA,1,"2022/10/20 22:35:00",BLOWERNG,62.50
D,DISPATCH,UNIT_SCADA,1,"2022/10/20 22:35:00",BLUEGSF1,0
D,DISPATCH,UNIT_SCADA,1,"2022/10/20 22:35:00",BLUFF1,5.50
D,DISPATCH,UNIT_SCADA,1,"2022/10/20 22:35:00",BNGSF1,0
D,DISPATCH,UNIT_SCADA,1,"2022/10/20 22:35:00",BNGSF2,0
D,DISPATCH,UNIT_SCADA,1,"2022/10/20 22:35:00",BOCORWF1,1.93
D,DISPATCH,UNIT_SCADA,1,"2022/10/20 22:35:00",BODWF1,109.482340
D,DISPATCH,UNIT_SCADA,1,"2022/10/20 22:35:00",BOMENSF1,0
D,DISPATCH,UNIT_SCADA,1,"2022/10/20 22:35:00",BOWWBA1G,0
D,DISPATCH,UNIT_SCADA,1,"2022/10/20 22:35:00",BOWWBA1L,0.0010
D,DISPATCH,UNIT_SCADA,1,"2022/10/20 22:35:00",BOWWPV1,0
D,DISPATCH,UNIT_SCADA,1,"2022/10/20 22:35:00",BRAEMAR1,0
D,DISPATCH,UNIT_SCADA,1,"2022/10/20 22:35:00",BRAEMAR2,0
D,DISPATCH,UNIT_SCADA,1,"2022/10/20 22:35:00",BRAEMAR3,0
D,DISPATCH,UNIT_SCADA,1,"2022/10/20 22:35:00",BRAEMAR5,0.201420
D,DISPATCH,UNIT_SCADA,1,"2022/10/20 22:35:00",BRAEMAR6,0
D,DISPATCH,UNIT_SCADA,1,"2022/10/20 22:35:00",BRAEMAR7,141.004070
D,DISPATCH,UNIT_SCADA,1,"2022/10/20 22:35:00",BROKENH1,0
D,DISPATCH,UNIT_SCADA,1,"2022/10/20 22:35:00",BRYB1WF1,81.998930
D,DISPATCH,UNIT_SCADA,1,"2022/10/20 22:35:00",BULBESG1,0
D,DISPATCH,UNIT_SCADA,1,"2022/10/20 22:35:00",BULBESL1,0.03
D,DISPATCH,UNIT_SCADA,1,"2022/10/20 22:35:00",BULGANA1,8.07
D,DISPATCH,UNIT_SCADA,1,"2022/10/20 22:35:00",BW01,658.323060
D,DISPATCH,UNIT_SCADA,1,"2022/10/20 22:35:00",BW02,639.230960
D,DISPATCH,UNIT_SCADA,1,"2022/10/20 22:35:00",BW03,506.001370
D,DISPATCH,UNIT_SCADA,1,"2022/10/20 22:35:00",BW04,0
D,DISPATCH,UNIT_SCADA,1,"2022/10/20 22:35:00",CALL_B_1,321.100010
D,DISPATCH,UNIT_SCADA,1,"2022/10/20 22:35:00",CALL_B_2,323.200010
D,DISPATCH,UNIT_SCADA,1,"2022/10/20 22:35:00",CATHROCK,4.60
D,DISPATCH,UNIT_SCADA,1,"2022/10/20 22:35:00",CBWWBA1G,0
D,DISPATCH,UNIT_SCADA,1,"2022/10/20 22:35:00",CBWWBA1L,0
D,DISPATCH,UNIT_SCADA,1,"2022/10/20 22:35:00",CETHANA,87.4070
D,DISPATCH,UNIT_SCADA,1,"2022/10/20 22:35:00",CG1,0
D,DISPATCH,UNIT_SCADA,1,"2022/10/20 22:35:00",CG2,0
D,DISPATCH,UNIT_SCADA,1,"2022/10/20 22:35:00",CG3,0
D,DISPATCH,UNIT_SCADA,1,"2022/10/20 22:35:00",CG4,0
D,DISPATCH,UNIT_SCADA,1,"2022/10/20 22:35:00",CHILDSF1,0
D,DISPATCH,UNIT_SCADA,1,"2022/10/20 22:35:00",CHYTWF1,3.02
D,DISPATCH,UNIT_SCADA,1,"2022/10/20 22:35:00",CLARESF1,0
D,DISPATCH,UNIT_SCADA,1,"2022/10/20 22:35:00",CLEMGPWF,0
D,DISPATCH,UNIT_SCADA,1,"2022/10/20 22:35:00",CLERMSF1,0
D,DISPATCH,UNIT_SCADA,1,"2022/10/20 22:35:00",CNUNDAWF,15.718340
D,DISPATCH,UNIT_SCADA,1,"2022/10/20 22:35:00",COHUNSF1,0
D,DISPATCH,UNIT_SCADA,1,"2022/10/20 22:35:00",COLEASF1,0
D,DISPATCH,UNIT_SCADA,1,"2022/10/20 22:35:00",COLUMSF1,0
D,DISPATCH,UNIT_SCADA,1,"2022/10/20 22:35:00",COLWF01,135.880070
D,DISPATCH,UNIT_SCADA,1,"2022/10/20 22:35:00",COOPGWF1,371.829990
D,DISPATCH,UNIT_SCADA,1,"2022/10/20 22:35:00",CPP_3,387.200010
D,DISPATCH,UNIT_SCADA,1,"2022/10/20 22:35:00",CPP_4,0
D,DISPATCH,UNIT_SCADA,1,"2022/10/20 22:35:00",CPSA,0
D,DISPATCH,UNIT_SCADA,1,"2022/10/20 22:35:00",CROOKWF2,30.953230
D,DISPATCH,UNIT_SCADA,1,"2022/10/20 22:35:00",CROWLWF1,31.502340
D,DISPATCH,UNIT_SCADA,1,"2022/10/20 22:35:00",CRURWF1,68.0959
D,DISPATCH,UNIT_SCADA,1,"2022/10/20 22:35:00",CRWASF1,0
D,DISPATCH,UNIT_SCADA,1,"2022/10/20 22:35:00",CSPVPS1,0
D,DISPATCH,UNIT_SCADA,1,"2022/10/20 22:35:00",CTHLWF1,0.003050
D,DISPATCH,UNIT_SCADA,1,"2022/10/20 22:35:00",DALNTH01,0
D,DISPATCH,UNIT_SCADA,1,"2022/10/20 22:35:00",DALNTHL1,0.093080
D,DISPATCH,UNIT_SCADA,1,"2022/10/20 22:35:00",DARLSF1,0
D,DISPATCH,UNIT_SCADA,1,"2022/10/20 22:35:00",DARTM1,0
D,DISPATCH,UNIT_SCADA,1,"2022/10/20 22:35:00",DAYDSF1,0
D,DISPATCH,UNIT_SCADA,1,"2022/10/20 22:35:00",DDPS1,0
D,DISPATCH,UNIT_SCADA,1,"2022/10/20 22:35:00",DDSF1,0
D,DISPATCH,UNIT_SCADA,1,"2022/10/20 22:35:00",DEVILS_G,58.800620
D,DISPATCH,UNIT_SCADA,1,"2022/10/20 22:35:00",DG_NSW1,0
D,DISPATCH,UNIT_SCADA,1,"2022/10/20 22:35:00",DG_QLD1,0
D,DISPATCH,UNIT_SCADA,1,"2022/10/20 22:35:00",DG_SA1,0
D,DISPATCH,UNIT_SCADA,1,"2022/10/20 22:35:00",DG_TAS1,0
D,DISPATCH,UNIT_SCADA,1,"2022/10/20 22:35:00",DG_VIC1,0
D,DISPATCH,UNIT_SCADA,1,"2022/10/20 22:35:00",DRYCGT1,0
D,DISPATCH,UNIT_SCADA,1,"2022/10/20 22:35:00",DRYCGT2,0
D,DISPATCH,UNIT_SCADA,1,"2022/10/20 22:35:00",DRYCGT3,0
D,DISPATCH,UNIT_SCADA,1,"2022/10/20 22:35:00",DUNDWF1,104.16
D,DISPATCH,UNIT_SCADA,1,"2022/10/20 22:35:00",DUNDWF2,31.10
D,DISPATCH,UNIT_SCADA,1,"2022/10/20 22:35:00",DUNDWF3,88.88
D,DISPATCH,UNIT_SCADA,1,"2022/10/20 22:35:00",EILDON1,59.64
D,DISPATCH,UNIT_SCADA,1,"2022/10/20 22:35:00",EILDON2,59.88
D,DISPATCH,UNIT_SCADA,1,"2022/10/20 22:35:00",ELAINWF1,11.24
D,DISPATCH,UNIT_SCADA,1,"2022/10/20 22:35:00",EMERASF1,0
D,DISPATCH,UNIT_SCADA,1,"2022/10/20 22:35:00",ER01,0
D,DISPATCH,UNIT_SCADA,1,"2022/10/20 22:35:00",ER02,573.556090
D,DISPATCH,UNIT_SCADA,1,"2022/10/20 22:35:00",ER03,570.235780
D,DISPATCH,UNIT_SCADA,1,"2022/10/20 22:35:00",ER04,571.969180
D,DISPATCH,UNIT_SCADA,1,"2022/10/20 22:35:00",FINLYSF1,0
D,DISPATCH,UNIT_SCADA,1,"2022/10/20 22:35:00",FISHER,43.83
D,DISPATCH,UNIT_SCADA,1,"2022/10/20 22:35:00",GANGARR1,0
D,DISPATCH,UNIT_SCADA,1,"2022/10/20 22:35:00",GANNBG1,0
D,DISPATCH,UNIT_SCADA,1,"2022/10/20 22:35:00",GANNBL1,0.021980
D,DISPATCH,UNIT_SCADA,1,"2022/10/20 22:35:00",GANNSF1,0
D,DISPATCH,UNIT_SCADA,1,"2022/10/20 22:35:00",GLRWNSF1,0
D,DISPATCH,UNIT_SCADA,1,"2022/10/20 22:35:00",GNNDHSF1,0
D,DISPATCH,UNIT_SCADA,1,"2022/10/20 22:35:00",GOONSF1,0
D,DISPATCH,UNIT_SCADA,1,"2022/10/20 22:35:00",GORDON,240.739990
D,DISPATCH,UNIT_SCADA,1,"2022/10/20 22:35:00",GRANWF1,0
D,DISPATCH,UNIT_SCADA,1,"2022/10/20 22:35:00",GSTONE1,201.774990
D,DISPATCH,UNIT_SCADA,1,"2022/10/20 22:35:00",GSTONE2,0
D,DISPATCH,UNIT_SCADA,1,"2022/10/20 22:35:00",GSTONE3,139.1250
D,DISPATCH,UNIT_SCADA,1,"2022/10/20 22:35:00",GSTONE4,0
D,DISPATCH,UNIT_SCADA,1,"2022/10/20 22:35:00",GSTONE5,201.774990
D,DISPATCH,UNIT_SCADA,1,"2022/10/20 22:35:00",GSTONE6,202.474990
D,DISPATCH,UNIT_SCADA,1,"2022/10/20 22:35:00",GULLRSF1,0
D,DISPATCH,UNIT_SCADA,1,"2022/10/20 22:35:00",GULLRWF1,68.413960
D,DISPATCH,UNIT_SCADA,1,"2022/10/20 22:35:00",GULLRWF2,88.056030
D,DISPATCH,UNIT_SCADA,1,"2022/10/20 22:35:00",GUNNING1,0
D,DISPATCH,UNIT_SCADA,1,"2022/10/20 22:35:00",GUTHEGA,67.90
D,DISPATCH,UNIT_SCADA,1,"2022/10/20 22:35:00",HALLWF1,30.46
D,DISPATCH,UNIT_SCADA,1,"2022/10/20 22:35:00",HALLWF2,10.18
D,DISPATCH,UNIT_SCADA,1,"2022/10/20 22:35:00",HAMISF1,0
D,DISPATCH,UNIT_SCADA,1,"2022/10/20 22:35:00",HAUGHT11,0
D,DISPATCH,UNIT_SCADA,1,"2022/10/20 22:35:00",HAYMSF1,0
D,DISPATCH,UNIT_SCADA,1,"2022/10/20 22:35:00",HDWF1,27.40
D,DISPATCH,UNIT_SCADA,1,"2022/10/20 22:35:00",HDWF2,6.60
D,DISPATCH,UNIT_SCADA,1,"2022/10/20 22:35:00",HDWF3,15.40
D,DISPATCH,UNIT_SCADA,1,"2022/10/20 22:35:00",HILLSTN1,0
D,DISPATCH,UNIT_SCADA,1,"2022/10/20 22:35:00",HPRG1,0
D,DISPATCH,UNIT_SCADA,1,"2022/10/20 22:35:00",HPRL1,0.50
D,DISPATCH,UNIT_SCADA,1,"2022/10/20 22:35:00",HUMENSW,54.229130
D,DISPATCH,UNIT_SCADA,1,"2022/10/20 22:35:00",HUMEV,0
D,DISPATCH,UNIT_SCADA,1,"2022/10/20 22:35:00",HVWWBA1G,0
D,DISPATCH,UNIT_SCADA,1,"2022/10/20 22:35:00",HVWWBA1L,0.0060
D,DISPATCH,UNIT_SCADA,1,"2022/10/20 22:35:00",HVWWPV1,0
D,DISPATCH,UNIT_SCADA,1,"2022/10/20 22:35:00",JBUTTERS,0
D,DISPATCH,UNIT_SCADA,1,"2022/10/20 22:35:00",JEMALNG1,0
D,DISPATCH,UNIT_SCADA,1,"2022/10/20 22:35:00",JLA01,0
D,DISPATCH,UNIT_SCADA,1,"2022/10/20 22:35:00",JLA02,0
D,DISPATCH,UNIT_SCADA,1,"2022/10/20 22:35:00",JLA03,0
D,DISPATCH,UNIT_SCADA,1,"2022/10/20 22:35:00",JLA04,0
D,DISPATCH,UNIT_SCADA,1,"2022/10/20 22:35:00",JLB01,0
D,DISPATCH,UNIT_SCADA,1,"2022/10/20 22:35:00",JLB02,0.10
D,DISPATCH,UNIT_SCADA,1,"2022/10/20 22:35:00",JLB03,0
D,DISPATCH,UNIT_SCADA,1,"2022/10/20 22:35:00",JUNEESF1,0
D,DISPATCH,UNIT_SCADA,1,"2022/10/20 22:35:00",KABANWF1,0
D,DISPATCH,UNIT_SCADA,1,"2022/10/20 22:35:00",KAREEYA1,0
D,DISPATCH,UNIT_SCADA,1,"2022/10/20 22:35:00",KAREEYA2,0
D,DISPATCH,UNIT_SCADA,1,"2022/10/20 22:35:00",KAREEYA3,5.0325
D,DISPATCH,UNIT_SCADA,1,"2022/10/20 22:35:00",KAREEYA4,0
D,DISPATCH,UNIT_SCADA,1,"2022/10/20 22:35:00",KARSF1,0
D,DISPATCH,UNIT_SCADA,1,"2022/10/20 22:35:00",KEPSF1,0
D,DISPATCH,UNIT_SCADA,1,"2022/10/20 22:35:00",KEPWF1,0.84
D,DISPATCH,UNIT_SCADA,1,"2022/10/20 22:35:00",KIAMSF1,0
D,DISPATCH,UNIT_SCADA,1,"2022/10/20 22:35:00",KIATAWF1,5.30
D,DISPATCH,UNIT_SCADA,1,"2022/10/20 22:35:00",KPP_1,0
D,DISPATCH,UNIT_SCADA,1,"2022/10/20 22:35:00",KSP1,0
D,DISPATCH,UNIT_SCADA,1,"2022/10/20 22:35:00",LADBROK1,0.01
D,DISPATCH,UNIT_SCADA,1,"2022/10/20 22:35:00",LADBROK2,0.02
D,DISPATCH,UNIT_SCADA,1,"2022/10/20 22:35:00",LBBG1,1.95
D,DISPATCH,UNIT_SCADA,1,"2022/10/20 22:35:00",LBBL1,0
D,DISPATCH,UNIT_SCADA,1,"2022/10/20 22:35:00",LD01,385.082550
D,DISPATCH,UNIT_SCADA,1,"2022/10/20 22:35:00",LD02,0
D,DISPATCH,UNIT_SCADA,1,"2022/10/20 22:35:00",LD04,316.4342
D,DISPATCH,UNIT_SCADA,1,"2022/10/20 22:35:00",LEM_WIL,86.875240
D,DISPATCH,UNIT_SCADA,1,"2022/10/20 22:35:00",LGAPWF1,92.63
D,DISPATCH,UNIT_SCADA,1,"2022/10/20 22:35:00",LGAPWF2,64.23
D,DISPATCH,UNIT_SCADA,1,"2022/10/20 22:35:00",LILYSF1,0
D,DISPATCH,UNIT_SCADA,1,"2022/10/20 22:35:00",LIMOSF11,0
D,DISPATCH,UNIT_SCADA,1,"2022/10/20 22:35:00",LIMOSF21,0
D,DISPATCH,UNIT_SCADA,1,"2022/10/20 22:35:00",LI_WY_CA,56.532680
D,DISPATCH,UNIT_SCADA,1,"2022/10/20 22:35:00",LKBONNY1,20.719790
D,DISPATCH,UNIT_SCADA,1,"2022/10/20 22:35:00",LKBONNY2,51.073390
D,DISPATCH,UNIT_SCADA,1,"2022/10/20 22:35:00",LKBONNY3,13.788050
D,DISPATCH,UNIT_SCADA,1,"2022/10/20 22:35:00",LK_ECHO,0
D,DISPATCH,UNIT_SCADA,1,"2022/10/20 22:35:00",LNGS1,0
D,DISPATCH,UNIT_SCADA,1,"2022/10/20 22:35:00",LNGS2,0
D,DISPATCH,UNIT_SCADA,1,"2022/10/20 22:35:00",LONSDALE,0
D,DISPATCH,UNIT_SCADA,1,"2022/10/20 22:35:00",LOYYB1,581.578490
D,DISPATCH,UNIT_SCADA,1,"2022/10/20 22:35:00",LOYYB2,577.818970
D,DISPATCH,UNIT_SCADA,1,"2022/10/20 22:35:00",LYA1,561
D,DISPATCH,UNIT_SCADA,1,"2022/10/20 22:35:00",LYA2,0
D,DISPATCH,UNIT_SCADA,1,"2022/10/20 22:35:00",LYA3,562
D,DISPATCH,UNIT_SCADA,1,"2022/10/20 22:35:00",LYA4,561
D,DISPATCH,UNIT_SCADA,1,"2022/10/20 22:35:00",MACARTH1,104.797580
D,DISPATCH,UNIT_SCADA,1,"2022/10/20 22:35:00",MACKNTSH,0
D,DISPATCH,UNIT_SCADA,1,"2022/10/20 22:35:00",MANSLR1,0
D,DISPATCH,UNIT_SCADA,1,"2022/10/20 22:35:00",MAPS2PV1,0
D,DISPATCH,UNIT_SCADA,1,"2022/10/20 22:35:00",MAPS3PV1,0
D,DISPATCH,UNIT_SCADA,1,"2022/10/20 22:35:00",MARYRSF1,0
D,DISPATCH,UNIT_SCADA,1,"2022/10/20 22:35:00",MBPS2PV1,0
D,DISPATCH,UNIT_SCADA,1,"2022/10/20 22:35:00",MCKAY1,223.8750
D,DISPATCH,UNIT_SCADA,1,"2022/10/20 22:35:00",MEADOWBK,6.0018
D,DISPATCH,UNIT_SCADA,1,"2022/10/20 22:35:00",MERCER01,18.40
D,DISPATCH,UNIT_SCADA,1,"2022/10/20 22:35:00",METZSF1,0
D,DISPATCH,UNIT_SCADA,1,"2022/10/20 22:35:00",MEWF1,0.734240
D,DISPATCH,UNIT_SCADA,1,"2022/10/20 22:35:00",MIDDLSF1,0
D,DISPATCH,UNIT_SCADA,1,"2022/10/20 22:35:00",MINTARO,0.128180
D,DISPATCH,UNIT_SCADA,1,"2022/10/20 22:35:00",MOLNGSF1,0
D,DISPATCH,UNIT_SCADA,1,"2022/10/20 22:35:00",MOORAWF1,0.24
D,DISPATCH,UNIT_SCADA,1,"2022/10/20 22:35:00",MOREESF1,0
D,DISPATCH,UNIT_SCADA,1,"2022/10/20 22:35:00",MORTLK11,0
D,DISPATCH,UNIT_SCADA,1,"2022/10/20 22:35:00",MORTLK12,0
D,DISPATCH,UNIT_SCADA,1,"2022/10/20 22:35:00",MOUSF1,0
D,DISPATCH,UNIT_SCADA,1,"2022/10/20 22:35:00",MP1,0
D,DISPATCH,UNIT_SCADA,1,"2022/10/20 22:35:00",MP2,351.140630
D,DISPATCH,UNIT_SCADA,1,"2022/10/20 22:35:00",MPP_1,196.295640
D,DISPATCH,UNIT_SCADA,1,"2022/10/20 22:35:00",MPP_2,179.510410
D,DISPATCH,UNIT_SCADA,1,"2022/10/20 22:35:00",MRTLSWF1,0
D,DISPATCH,UNIT_SCADA,1,"2022/10/20 22:35:00",MSTUART1,0
D,DISPATCH,UNIT_SCADA,1,"2022/10/20 22:35:00",MSTUART2,0
D,DISPATCH,UNIT_SCADA,1,"2022/10/20 22:35:00",MSTUART3,0
D,DISPATCH,UNIT_SCADA,1,"2022/10/20 22:35:00",MTGELWF1,43.891720
D,DISPATCH,UNIT_SCADA,1,"2022/10/20 22:35:00",MTMILLAR,22.50
D,DISPATCH,UNIT_SCADA,1,"2022/10/20 22:35:00",MURRAY,0
D,DISPATCH,UNIT_SCADA,1,"2022/10/20 22:35:00",MUSSELR1,18.90
D,DISPATCH,UNIT_SCADA,1,"2022/10/20 22:35:00",MUWAWF1,67.16
D,DISPATCH,UNIT_SCADA,1,"2022/10/20 22:35:00",MUWAWF2,75
D,DISPATCH,UNIT_SCADA,1,"2022/10/20 22:35:00",MWPS1PV1,0
D,DISPATCH,UNIT_SCADA,1,"2022/10/20 22:35:00",MWPS2PV1,0
D,DISPATCH,UNIT_SCADA,1,"2022/10/20 22:35:00",MWPS3PV1,0
D,DISPATCH,UNIT_SCADA,1,"2022/10/20 22:35:00",MWPS4PV1,0
D,DISPATCH,UNIT_SCADA,1,"2022/10/20 22:35:00",NBHWF1,54.20
D,DISPATCH,UNIT_SCADA,1,"2022/10/20 22:35:00",NEVERSF1,0
D,DISPATCH,UNIT_SCADA,1,"2022/10/20 22:35:00",NPS,0
D,DISPATCH,UNIT_SCADA,1,"2022/10/20 22:35:00",NUMURSF1,0
D,DISPATCH,UNIT_SCADA,1,"2022/10/20 22:35:00",NYNGAN1,0
D,DISPATCH,UNIT_SCADA,1,"2022/10/20 22:35:00",OAKEY1,0
D,DISPATCH,UNIT_SCADA,1,"2022/10/20 22:35:00",OAKEY1SF,0
D,DISPATCH,UNIT_SCADA,1,"2022/10/20 22:35:00",OAKEY2,0
D,DISPATCH,UNIT_SCADA,1,"2022/10/20 22:35:00",OAKEY2SF,0
D,DISPATCH,UNIT_SCADA,1,"2022/10/20 22:35:00",OAKLAND1,4.90
D,DISPATCH,UNIT_SCADA,1,"2022/10/20 22:35:00",OSB-AG,178.899990
D,DISPATCH,UNIT_SCADA,1,"2022/10/20 22:35:00",PAREPS1,0
D,DISPATCH,UNIT_SCADA,1,"2022/10/20 22:35:00",PAREPW1,54.93
D,DISPATCH,UNIT_SCADA,1,"2022/10/20 22:35:00",PARSF1,0.001530
D,DISPATCH,UNIT_SCADA,1,"2022/10/20 22:35:00",POAT110,3.54
D,DISPATCH,UNIT_SCADA,1,"2022/10/20 22:35:00",POAT220,0
D,DISPATCH,UNIT_SCADA,1,"2022/10/20 22:35:00",POR01,0
D,DISPATCH,UNIT_SCADA,1,"2022/10/20 22:35:00",POR03,0
D,DISPATCH,UNIT_SCADA,1,"2022/10/20 22:35:00",PPCCGT,167.512190
D,DISPATCH,UNIT_SCADA,1,"2022/10/20 22:35:00",PTSTAN1,0
D,DISPATCH,UNIT_SCADA,1,"2022/10/20 22:35:00",PUMP1,0
D,DISPATCH,UNIT_SCADA,1,"2022/10/20 22:35:00",PUMP2,0
D,DISPATCH,UNIT_SCADA,1,"2022/10/20 22:35:00",QBYNBG1,0.0005
D,DISPATCH,UNIT_SCADA,1,"2022/10/20 22:35:00",QBYNBL1,0
D,DISPATCH,UNIT_SCADA,1,"2022/10/20 22:35:00",QPS1,0
D,DISPATCH,UNIT_SCADA,1,"2022/10/20 22:35:00",QPS2,0
D,DISPATCH,UNIT_SCADA,1,"2022/10/20 22:35:00",QPS3,0
D,DISPATCH,UNIT_SCADA,1,"2022/10/20 22:35:00",QPS4,0
D,DISPATCH,UNIT_SCADA,1,"2022/10/20 22:35:00",QPS5,0
D,DISPATCH,UNIT_SCADA,1,"2022/10/20 22:35:00",REECE1,0
D,DISPATCH,UNIT_SCADA,1,"2022/10/20 22:35:00",REECE2,0
D,DISPATCH,UNIT_SCADA,1,"2022/10/20 22:35:00",ROMA_7,0
D,DISPATCH,UNIT_SCADA,1,"2022/10/20 22:35:00",ROMA_8,0
D,DISPATCH,UNIT_SCADA,1,"2022/10/20 22:35:00",RRSF1,0
D,DISPATCH,UNIT_SCADA,1,"2022/10/20 22:35:00",RT_NSW1,0
D,DISPATCH,UNIT_SCADA,1,"2022/10/20 22:35:00",RT_NSW2,0
D,DISPATCH,UNIT_SCADA,1,"2022/10/20 22:35:00",RT_NSW3,0
D,DISPATCH,UNIT_SCADA,1,"2022/10/20 22:35:00",RT_NSW4,0
D,DISPATCH,UNIT_SCADA,1,"2022/10/20 22:35:00",RT_NSW5,0
D,DISPATCH,UNIT_SCADA,1,"2022/10/20 22:35:00",RT_NSW6,0
D,DISPATCH,UNIT_SCADA,1,"2022/10/20 22:35:00",RT_QLD1,0
D,DISPATCH,UNIT_SCADA,1,"2022/10/20 22:35:00",RT_SA1,0
D,DISPATCH,UNIT_SCADA,1,"2022/10/20 22:35:00",RT_SA2,0
D,DISPATCH,UNIT_SCADA,1,"2022/10/20 22:35:00",RT_SA3,0
D,DISPATCH,UNIT_SCADA,1,"2022/10/20 22:35:00",RT_SA4,0
D,DISPATCH,UNIT_SCADA,1,"2022/10/20 22:35:00",RT_SA5,0
D,DISPATCH,UNIT_SCADA,1,"2022/10/20 22:35:00",RT_SA6,0
D,DISPATCH,UNIT_SCADA,1,"2022/10/20 22:35:00",RT_TAS1,0
D,DISPATCH,UNIT_SCADA,1,"2022/10/20 22:35:00",RT_VIC1,0
D,DISPATCH,UNIT_SCADA,1,"2022/10/20 22:35:00",RT_VIC10,0
D,DISPATCH,UNIT_SCADA,1,"2022/10/20 22:35:00",RT_VIC11,0
D,DISPATCH,UNIT_SCADA,1,"2022/10/20 22:35:00",RT_VIC12,0
D,DISPATCH,UNIT_SCADA,1,"2022/10/20 22:35:00",RT_VIC2,0
D,DISPATCH,UNIT_SCADA,1,"2022/10/20 22:35:00",RT_VIC3,0
D,DISPATCH,UNIT_SCADA,1,"2022/10/20 22:35:00",RT_VIC4,0
D,DISPATCH,UNIT_SCADA,1,"2022/10/20 22:35:00",RT_VIC5,0
D,DISPATCH,UNIT_SCADA,1,"2022/10/20 22:35:00",RT_VIC6,0
D,DISPATCH,UNIT_SCADA,1,"2022/10/20 22:35:00",RT_VIC7,0
D,DISPATCH,UNIT_SCADA,1,"2022/10/20 22:35:00",RT_VIC8,0
D,DISPATCH,UNIT_SCADA,1,"2022/10/20 22:35:00",RT_VIC9,0
D,DISPATCH,UNIT_SCADA,1,"2022/10/20 22:35:00",RUGBYR1,0
D,DISPATCH,UNIT_SCADA,1,"2022/10/20 22:35:00",SALTCRK1,35.93
D,DISPATCH,UNIT_SCADA,1,"2022/10/20 22:35:00",SAPHWF1,230.757610
D,DISPATCH,UNIT_SCADA,1,"2022/10/20 22:35:00",SEBSF1,0
D,DISPATCH,UNIT_SCADA,1,"2022/10/20 22:35:00",SHGEN,0
D,DISPATCH,UNIT_SCADA,1,"2022/10/20 22:35:00",SHPUMP,0
D,DISPATCH,UNIT_SCADA,1,"2022/10/20 22:35:00",SITHE01,0.153860
D,DISPATCH,UNIT_SCADA,1,"2022/10/20 22:35:00",SMCSF1,0
D,DISPATCH,UNIT_SCADA,1,"2022/10/20 22:35:00",SNAPPER1,0
D,DISPATCH,UNIT_SCADA,1,"2022/10/20 22:35:00",SNOWNTH1,68.70
D,DISPATCH,UNIT_SCADA,1,"2022/10/20 22:35:00",SNOWSTH1,62.10
D,DISPATCH,UNIT_SCADA,1,"2022/10/20 22:35:00",SNOWTWN1,62.002610
D,DISPATCH,UNIT_SCADA,1,"2022/10/20 22:35:00",SNOWYP,0
D,DISPATCH,UNIT_SCADA,1,"2022/10/20 22:35:00",SNUG1,0
D,DISPATCH,UNIT_SCADA,1,"2022/10/20 22:35:00",SRSF1,0
D,DISPATCH,UNIT_SCADA,1,"2022/10/20 22:35:00",STAN-1,279.953580
D,DISPATCH,UNIT_SCADA,1,"2022/10/20 22:35:00",STAN-2,363.922970
D,DISPATCH,UNIT_SCADA,1,"2022/10/20 22:35:00",STAN-3,364.692050
D,DISPATCH,UNIT_SCADA,1,"2022/10/20 22:35:00",STAN-4,364.422880
D,DISPATCH,UNIT_SCADA,1,"2022/10/20 22:35:00",STARHLWF,24.492860
D,DISPATCH,UNIT_SCADA,1,"2022/10/20 22:35:00",STOCKYD1,139.05
D,DISPATCH,UNIT_SCADA,1,"2022/10/20 22:35:00",STWF1,28.043030
D,DISPATCH,UNIT_SCADA,1,"2022/10/20 22:35:00",SUNRSF1,0
D,DISPATCH,UNIT_SCADA,1,"2022/10/20 22:35:00",SUNTPSF1,0
D,DISPATCH,UNIT_SCADA,1,"2022/10/20 22:35:00",SWAN_E,294.4950
D,DISPATCH,UNIT_SCADA,1,"2022/10/20 22:35:00",TALWA1,0
D,DISPATCH,UNIT_SCADA,1,"2022/10/20 22:35:00",TARALGA1,0
D,DISPATCH,UNIT_SCADA,1,"2022/10/20 22:35:00",TARONG#1,348.700010
D,DISPATCH,UNIT_SCADA,1,"2022/10/20 22:35:00",TARONG#2,349.399990
D,DISPATCH,UNIT_SCADA,1,"2022/10/20 22:35:00",TARONG#3,0.90
D,DISPATCH,UNIT_SCADA,1,"2022/10/20 22:35:00",TARONG#4,227.400010
D,DISPATCH,UNIT_SCADA,1,"2022/10/20 22:35:00",TARRALEA,54
D,DISPATCH,UNIT_SCADA,1,"2022/10/20 22:35:00",TBSF1,0
D,DISPATCH,UNIT_SCADA,1,"2022/10/20 22:35:00",TNPS1,354.0625
D,DISPATCH,UNIT_SCADA,1,"2022/10/20 22:35:00",TORRB1,0
D,DISPATCH,UNIT_SCADA,1,"2022/10/20 22:35:00",TORRB2,64
D,DISPATCH,UNIT_SCADA,1,"2022/10/20 22:35:00",TORRB3,0
D,DISPATCH,UNIT_SCADA,1,"2022/10/20 22:35:00",TORRB4,0
D,DISPATCH,UNIT_SCADA,1,"2022/10/20 22:35:00",TREVALLN,98.020250
D,DISPATCH,UNIT_SCADA,1,"2022/10/20 22:35:00",TRIBUTE,0
D,DISPATCH,UNIT_SCADA,1,"2022/10/20 22:35:00",TUMUT3,145.489990
D,DISPATCH,UNIT_SCADA,1,"2022/10/20 22:35:00",TUNGATIN,7.390020
D,DISPATCH,UNIT_SCADA,1,"2022/10/20 22:35:00",TVCC201,0
D,DISPATCH,UNIT_SCADA,1,"2022/10/20 22:35:00",TVPP104,0
D,DISPATCH,UNIT_SCADA,1,"2022/10/20 22:35:00",UPPTUMUT,0
D,DISPATCH,UNIT_SCADA,1,"2022/10/20 22:35:00",URANQ11,0
D,DISPATCH,UNIT_SCADA,1,"2022/10/20 22:35:00",URANQ12,0
D,DISPATCH,UNIT_SCADA,1,"2022/10/20 22:35:00",URANQ13,0
D,DISPATCH,UNIT_SCADA,1,"2022/10/20 22:35:00",URANQ14,0
D,DISPATCH,UNIT_SCADA,1,"2022/10/20 22:35:00",VBBG1,27
D,DISPATCH,UNIT_SCADA,1,"2022/10/20 22:35:00",VBBL1,0
D,DISPATCH,UNIT_SCADA,1,"2022/10/20 22:35:00",VP5,544.523440
D,DISPATCH,UNIT_SCADA,1,"2022/10/20 22:35:00",VP6,572.869020
D,DISPATCH,UNIT_SCADA,1,"2022/10/20 22:35:00",VPGS1,0
D,DISPATCH,UNIT_SCADA,1,"2022/10/20 22:35:00",VPGS2,0
D,DISPATCH,UNIT_SCADA,1,"2022/10/20 22:35:00",VPGS3,0
D,DISPATCH,UNIT_SCADA,1,"2022/10/20 22:35:00",VPGS4,0
D,DISPATCH,UNIT_SCADA,1,"2022/10/20 22:35:00",VPGS5,0
D,DISPATCH,UNIT_SCADA,1,"2022/10/20 22:35:00",VPGS6,0
D,DISPATCH,UNIT_SCADA,1,"2022/10/20 22:35:00",W/HOE#1,0
D,DISPATCH,UNIT_SCADA,1,"2022/10/20 22:35:00",W/HOE#2,0
D,DISPATCH,UNIT_SCADA,1,"2022/10/20 22:35:00",WAGGNSF1,0
D,DISPATCH,UNIT_SCADA,1,"2022/10/20 22:35:00",WALGRVG1,0.000930
D,DISPATCH,UNIT_SCADA,1,"2022/10/20 22:35:00",WALGRVL1,0
D,DISPATCH,UNIT_SCADA,1,"2022/10/20 22:35:00",WANDBG1,0
D,DISPATCH,UNIT_SCADA,1,"2022/10/20 22:35:00",WANDBL1,0
D,DISPATCH,UNIT_SCADA,1,"2022/10/20 22:35:00",WARWSF1,0
D,DISPATCH,UNIT_SCADA,1,"2022/10/20 22:35:00",WARWSF2,0
D,DISPATCH,UNIT_SCADA,1,"2022/10/20 22:35:00",WATERLWF,31.10
D,DISPATCH,UNIT_SCADA,1,"2022/10/20 22:35:00",WDGPH1,0
D,DISPATCH,UNIT_SCADA,1,"2022/10/20 22:35:00",WELLSF1,0
D,DISPATCH,UNIT_SCADA,1,"2022/10/20 22:35:00",WEMENSF1,0
D,DISPATCH,UNIT_SCADA,1,"2022/10/20 22:35:00",WGWF1,11.50
D,DISPATCH,UNIT_SCADA,1,"2022/10/20 22:35:00",WHITSF1,0
D,DISPATCH,UNIT_SCADA,1,"2022/10/20 22:35:00",WINTSF1,0
D,DISPATCH,UNIT_SCADA,1,"2022/10/20 22:35:00",WKIEWA1,34.10
D,DISPATCH,UNIT_SCADA,1,"2022/10/20 22:35:00",WKIEWA2,34.30
D,DISPATCH,UNIT_SCADA,1,"2022/10/20 22:35:00",WOODLWN1,39.177850
D,DISPATCH,UNIT_SCADA,1,"2022/10/20 22:35:00",WOOLGSF1,0
D,DISPATCH,UNIT_SCADA,1,"2022/10/20 22:35:00",WPWF,54.58
D,DISPATCH,UNIT_SCADA,1,"2022/10/20 22:35:00",WRSF1,0
D,DISPATCH,UNIT_SCADA,1,"2022/10/20 22:35:00",WRWF1,122.740520
D,DISPATCH,UNIT_SCADA,1,"2022/10/20 22:35:00",WSTWYSF1,0
D,DISPATCH,UNIT_SCADA,1,"2022/10/20 22:35:00",YABULU,0
D,DISPATCH,UNIT_SCADA,1,"2022/10/20 22:35:00",YABULU2,0
D,DISPATCH,UNIT_SCADA,1,"2022/10/20 22:35:00",YARANSF1,0
D,DISPATCH,UNIT_SCADA,1,"2022/10/20 22:35:00",YARWUN_1,164.19
D,DISPATCH,UNIT_SCADA,1,"2022/10/20 22:35:00",YATSF1,0
D,DISPATCH,UNIT_SCADA,1,"2022/10/20 22:35:00",YENDWF1,6.48
D,DISPATCH,UNIT_SCADA,1,"2022/10/20 22:35:00",YWPS1,286.212650
D,DISPATCH,UNIT_SCADA,1,"2022/10/20 22:35:00",YWPS2,359.6481
D,DISPATCH,UNIT_SCADA,1,"2022/10/20 22:35:00",YWPS3,359.106320
D,DISPATCH,UNIT_SCADA,1,"2022/10/20 22:35:00",YWPS4,0
C,"END OF REPORT",419
