C,NEMP.WORLD,DISPATCHSCADA,AEMO,PUBLIC,2022/10/20,12:30:10,0000000373254611,DISPATCHSCADA,0000000373254605
I,DISPATCH,UNIT_SCADA,1,SETTLEMENTDATE,DUID,SCADAVALUE
D,DISPATCH,UNIT_SCADA,1,"2022/10/20 12:35:00",BARCSF1,11
D,DISPATCH,UNIT_SCADA,1,"2022/10/20 12:35:00",BUTLERSG,8.699999
D,DISPATCH,UNIT_SCADA,1,"2022/10/20 12:35:00",CAPTL_WF,42.926437
D,DISPATCH,UNIT_SCADA,1,"2022/10/20 12:35:00",CHALLHWF,3.50
D,DISPATCH,UNIT_SCADA,1,"2022/10/20 12:35:00",CLOVER,10.51
D,DISPATCH,UNIT_SCADA,1,"2022/10/20 12:35:00",CLUNY,5.172350
D,DISPATCH,UNIT_SCADA,1,"2022/10/20 12:35:00",CULLRGWF,-0.03
D,DISPATCH,UNIT_SCADA,1,"2022/10/20 12:35:00",DIAPURWF1,5.70
D,DISPATCH,UNIT_SCADA,1,"2022/10/20 12:35:00",ERGT01,0
D,DISPATCH,UNIT_SCADA,1,"2022/10/20 12:35:00",GB01,0
D,DISPATCH,UNIT_SCADA,1,"2022/10/20 12:35:00",GERMCRK,18
D,DISPATCH,UNIT_SCADA,1,"2022/10/20 12:35:00",GRIFSF1,7.600519
D,DISPATCH,UNIT_SCADA,1,"2022/10/20 12:35:00",HEZ1,0
D,DISPATCH,UNIT_SCADA,1,"2022/10/20 12:35:00",HUGSF1,12.953001
D,DISPATCH,UNIT_SCADA,1,"2022/10/20 12:35:00",KEPBG1,0.01
D,DISPATCH,UNIT_SCADA,1,"2022/10/20 12:35:00",LRSF1,12.710001
D,DISPATCH,UNIT_SCADA,1,"2022/10/20 12:35:00",MBAHNTH,45.881256
D,DISPATCH,UNIT_SCADA,1,"2022/10/20 12:35:00",MLSP1,5.288001
D,DISPATCH,UNIT_SCADA,1,"2022/10/20 12:35:00",MLWF1,4.2750
D,DISPATCH,UNIT_SCADA,1,"2022/10/20 12:35:00",PALOONA,30.039999
D,DISPATCH,UNIT_SCADA,1,"2022/10/20 12:35:00",PIONEER,38.700001
D,DISPATCH,UNIT_SCADA,1,"2022/10/20 12:35:00",PORTWF,95
D,DISPATCH,UNIT_SCADA,1,"2022/10/20 12:35:00",REPULSE,9.409934
D,DISPATCH,UNIT_SCADA,1,"2022/10/20 12:35:00",ROWALLAN,8.846601
D,DISPATCH,UNIT_SCADA,1,"2022/10/20 12:35:00",ROYALLA1,4.071003
D,DISPATCH,UNIT_SCADA,1,"2022/10/20 12:35:00",RPCG,-1.80
D,DISPATCH,UNIT_SCADA,1,"2022/10/20 12:35:00",RUBICON,0
D,DISPATCH,UNIT_SCADA,1,"2022/10/20 12:35:00",WAUBRAWF,21.877001
D,DISPATCH,UNIT_SCADA,1,"2022/10/20 12:35:00",WOOLNTH1,32.82
D,DISPATCH,UNIT_SCADA,1,"2022/10/20 12:35:00",YAMBUKWF,6.90
D,DISPATCH,UNIT_SCADA,1,"2022/10/20 12:35:00",YSWF1,5.20
D,DISPATCH,UNIT_SCADA,1,"2022/10/20 12:35:00",ADPBA1G,0.0080
D,DISPATCH,UNIT_SCADA,1,"2022/10/20 12:35:00",ADPBA1L,0
D,DISPATCH,UNIT_SCADA,1,"2022/10/20 12:35:00",ADPPV1,0.0470
D,DISPATCH,UNIT_SCADA,1,"2022/10/20 12:35:00",AGLHAL,0
D,DISPATCH,UNIT_SCADA,1,"2022/10/20 12:35:00",AGLSOM,0
D,DISPATCH,UNIT_SCADA,1,"2022/10/20 12:35:00",ANGAST1,0
D,DISPATCH,UNIT_SCADA,1,"2022/10/20 12:35:00",ARWF1,20.10
D,DISPATCH,UNIT_SCADA,1,"2022/10/20 12:35:00",BALBG1,0
D,DISPATCH,UNIT_SCADA,1,"2022/10/20 12:35:00",BALBL1,0
D,DISPATCH,UNIT_SCADA,1,"2022/10/20 12:35:00",BALDHWF1,30.5130
D,DISPATCH,UNIT_SCADA,1,"2022/10/20 12:35:00",BANGOWF1,37.097730
D,DISPATCH,UNIT_SCADA,1,"2022/10/20 12:35:00",BANGOWF2,25
D,DISPATCH,UNIT_SCADA,1,"2022/10/20 12:35:00",BANN1,41.64
D,DISPATCH,UNIT_SCADA,1,"2022/10/20 12:35:00",BARCALDN,0
D,DISPATCH,UNIT_SCADA,1,"2022/10/20 12:35:00",BARKIPS1,0
D,DISPATCH,UNIT_SCADA,1,"2022/10/20 12:35:00",BARRON-1,0
D,DISPATCH,UNIT_SCADA,1,"2022/10/20 12:35:00",BARRON-2,0
D,DISPATCH,UNIT_SCADA,1,"2022/10/20 12:35:00",BASTYAN,51.51
D,DISPATCH,UNIT_SCADA,1,"2022/10/20 12:35:00",BBTHREE1,0
D,DISPATCH,UNIT_SCADA,1,"2022/10/20 12:35:00",BBTHREE2,23.78
D,DISPATCH,UNIT_SCADA,1,"2022/10/20 12:35:00",BBTHREE3,-1.09
D,DISPATCH,UNIT_SCADA,1,"2022/10/20 12:35:00",BDL01,0
D,DISPATCH,UNIT_SCADA,1,"2022/10/20 12:35:00",BDL02,0
D,DISPATCH,UNIT_SCADA,1,"2022/10/20 12:35:00",BERYLSF1,42.551480
D,DISPATCH,UNIT_SCADA,1,"2022/10/20 12:35:00",BLOWERNG,62.50
D,DISPATCH,UNIT_SCADA,1,"2022/10/20 12:35:00",BLUEGSF1,50.520070
D,DISPATCH,UNIT_SCADA,1,"2022/10/20 12:35:00",BLUFF1,0
D,DISPATCH,UNIT_SCADA,1,"2022/10/20 12:35:00",BNGSF1,53.54
D,DISPATCH,UNIT_SCADA,1,"2022/10/20 12:35:00",BNGSF2,67.90
D,DISPATCH,UNIT_SCADA,1,"2022/10/20 12:35:00",BOCORWF1,19.59
D,DISPATCH,UNIT_SCADA,1,"2022/10/20 12:35:00",BODWF1,93.240950
D,DISPATCH,UNIT_SCADA,1,"2022/10/20 12:35:00",BOMENSF1,22.652320
D,DISPATCH,UNIT_SCADA,1,"2022/10/20 12:35:00",BOWWBA1G,0.0010
D,DISPATCH,UNIT_SCADA,1,"2022/10/20 12:35:00",BOWWBA1L,0
D,DISPATCH,UNIT_SCADA,1,"2022/10/20 12:35:00",BOWWPV1,0
D,DISPATCH,UNIT_SCADA,1,"2022/10/20 12:35:00",BRAEMAR1,0
D,DISPATCH,UNIT_SCADA,1,"2022/10/20 12:35:00",BRAEMAR2,0
D,DISPATCH,UNIT_SCADA,1,"2022/10/20 12:35:00",BRAEMAR3,0
D,DISPATCH,UNIT_SCADA,1,"2022/10/20 12:35:00",BRAEMAR5,0.292060
D,DISPATCH,UNIT_SCADA,1,"2022/10/20 12:35:00",BRAEMAR6,0
D,DISPATCH,UNIT_SCADA,1,"2022/10/20 12:35:00",BRAEMAR7,0.130920
D,DISPATCH,UNIT_SCADA,1,"2022/10/20 12:35:00",BROKENH1,22.199660
D,DISPATCH,UNIT_SCADA,1,"2022/10/20 12:35:00",BRYB1WF1,112.254520
D,DISPATCH,UNIT_SCADA,1,"2022/10/20 12:35:00",BULBESG1,0
D,DISPATCH,UNIT_SCADA,1,"2022/10/20 12:35:00",BULBESL1,2.48
D,DISPATCH,UNIT_SCADA,1,"2022/10/20 12:35:00",BULGANA1,4.65
D,DISPATCH,UNIT_SCADA,1,"2022/10/20 12:35:00",BW01,653.122740
D,DISPATCH,UNIT_SCADA,1,"2022/10/20 12:35:00",BW02,613.937560
D,DISPATCH,UNIT_SCADA,1,"2022/10/20 12:35:00",BW03,488.569460
D,DISPATCH,UNIT_SCADA,1,"2022/10/20 12:35:00",BW04,0
D,DISPATCH,UNIT_SCADA,1,"2022/10/20 12:35:00",CALL_B_1,317.300020
D,DISPATCH,UNIT_SCADA,1,"2022/10/20 12:35:00",CALL_B_2,317.300020
D,DISPATCH,UNIT_SCADA,1,"2022/10/20 12:35:00",CATHROCK,4.60
D,DISPATCH,UNIT_SCADA,1,"2022/10/20 12:35:00",CBWWBA1G,0
D,DISPATCH,UNIT_SCADA,1,"2022/10/20 12:35:00",CBWWBA1L,0
D,DISPATCH,UNIT_SCADA,1,"2022/10/20 12:35:00",CETHANA,25.1370
D,DISPATCH,UNIT_SCADA,1,"2022/10/20 12:35:00",CG1,0
D,DISPATCH,UNIT_SCADA,1,"2022/10/20 12:35:00",CG2,0
D,DISPATCH,UNIT_SCADA,1,"2022/10/20 12:35:00",CG3,0
D,DISPATCH,UNIT_SCADA,1,"2022/10/20 12:35:00",CG4,0
D,DISPATCH,UNIT_SCADA,1,"2022/10/20 12:35:00",CHILDSF1,5.60
D,DISPATCH,UNIT_SCADA,1,"2022/10/20 12:35:00",CHYTWF1,7.15
D,DISPATCH,UNIT_SCADA,1,"2022/10/20 12:35:00",CLARESF1,15.345660
D,DISPATCH,UNIT_SCADA,1,"2022/10/20 12:35:00",CLEMGPWF,24.635970
D,DISPATCH,UNIT_SCADA,1,"2022/10/20 12:35:00",CLERMSF1,23.85
D,DISPATCH,UNIT_SCADA,1,"2022/10/20 12:35:00",CNUNDAWF,0
D,DISPATCH,UNIT_SCADA,1,"2022/10/20 12:35:00",COHUNSF1,0.08
D,DISPATCH,UNIT_SCADA,1,"2022/10/20 12:35:00",COLEASF1,58.897920
D,DISPATCH,UNIT_SCADA,1,"2022/10/20 12:35:00",COLUMSF1,5.7210
D,DISPATCH,UNIT_SCADA,1,"2022/10/20 12:35:00",COLWF01,69.0959
D,DISPATCH,UNIT_SCADA,1,"2022/10/20 12:35:00",COOPGWF1,116.27
D,DISPATCH,UNIT_SCADA,1,"2022/10/20 12:35:00",CPP_3,276.100010
D,DISPATCH,UNIT_SCADA,1,"2022/10/20 12:35:00",CPP_4,0
D,DISPATCH,UNIT_SCADA,1,"2022/10/20 12:35:00",CPSA,0
D,DISPATCH,UNIT_SCADA,1,"2022/10/20 12:35:00",CROOKWF2,26.053260
D,DISPATCH,UNIT_SCADA,1,"2022/10/20 12:35:00",CROWLWF1,8.113410
D,DISPATCH,UNIT_SCADA,1,"2022/10/20 12:35:00",CRURWF1,40.996490
D,DISPATCH,UNIT_SCADA,1,"2022/10/20 12:35:00",CRWASF1,30.166020
D,DISPATCH,UNIT_SCADA,1,"2022/10/20 12:35:00",CSPVPS1,4.6870
D,DISPATCH,UNIT_SCADA,1,"2022/10/20 12:35:00",CTHLWF1,0.003050
D,DISPATCH,UNIT_SCADA,1,"2022/10/20 12:35:00",DALNTH01,0
D,DISPATCH,UNIT_SCADA,1,"2022/10/20 12:35:00",DALNTHL1,0.0473
D,DISPATCH,UNIT_SCADA,1,"2022/10/20 12:35:00",DARLSF1,34.545750
D,DISPATCH,UNIT_SCADA,1,"2022/10/20 12:35:00",DARTM1,0
D,DISPATCH,UNIT_SCADA,1,"2022/10/20 12:35:00",DAYDSF1,29.2880
D,DISPATCH,UNIT_SCADA,1,"2022/10/20 12:35:00",DDPS1,0
D,DISPATCH,UNIT_SCADA,1,"2022/10/20 12:35:00",DDSF1,50.9440
D,DISPATCH,UNIT_SCADA,1,"2022/10/20 12:35:00",DEVILS_G,14.109320
D,DISPATCH,UNIT_SCADA,1,"2022/10/20 12:35:00",DG_NSW1,0
D,DISPATCH,UNIT_SCADA,1,"2022/10/20 12:35:00",DG_QLD1,0
D,DISPATCH,UNIT_SCADA,1,"2022/10/20 12:35:00",DG_SA1,0
D,DISPATCH,UNIT_SCADA,1,"2022/10/20 12:35:00",DG_TAS1,0
D,DISPATCH,UNIT_SCADA,1,"2022/10/20 12:35:00",DG_VIC1,0
D,DISPATCH,UNIT_SCADA,1,"2022/10/20 12:35:00",DRYCGT1,0
D,DISPATCH,UNIT_SCADA,1,"2022/10/20 12:35:00",DRYCGT2,0
D,DISPATCH,UNIT_SCADA,1,"2022/10/20 12:35:00",DRYCGT3,0
D,DISPATCH,UNIT_SCADA,1,"2022/10/20 12:35:00",DUNDWF1,49.26
D,DISPATCH,UNIT_SCADA,1,"2022/10/20 12:35:00",DUNDWF2,15.78
D,DISPATCH,UNIT_SCADA,1,"2022/10/20 12:35:00",DUNDWF3,37.90
D,DISPATCH,UNIT_SCADA,1,"2022/10/20 12:35:00",EILDON1,59.92
D,DISPATCH,UNIT_SCADA,1,"2022/10/20 12:35:00",EILDON2,60.04
D,DISPATCH,UNIT_SCADA,1,"2022/10/20 12:35:00",ELAINWF1,30.88
D,DISPATCH,UNIT_SCADA,1,"2022/10/20 12:35:00",EMERASF1,0
D,DISPATCH,UNIT_SCADA,1,"2022/10/20 12:35:00",ER01,0
D,DISPATCH,UNIT_SCADA,1,"2022/10/20 12:35:00",ER02,318.352020
D,DISPATCH,UNIT_SCADA,1,"2022/10/20 12:35:00",ER03,417.035190
D,DISPATCH,UNIT_SCADA,1,"2022/10/20 12:35:00",ER04,418.036160
D,DISPATCH,UNIT_SCADA,1,"2022/10/20 12:35:00",FINLYSF1,47.122910
D,DISPATCH,UNIT_SCADA,1,"2022/10/20 12:35:00",FISHER,43.85
D,DISPATCH,UNIT_SCADA,1,"2022/10/20 12:35:00",GANGARR1,67.0280
D,DISPATCH,UNIT_SCADA,1,"2022/10/20 12:35:00",GANNBG1,0
D,DISPATCH,UNIT_SCADA,1,"2022/10/20 12:35:00",GANNBL1,4.858840
D,DISPATCH,UNIT_SCADA,1,"2022/10/20 12:35:00",GANNSF1,27.90
D,DISPATCH,UNIT_SCADA,1,"2022/10/20 12:35:00",GLRWNSF1,0
D,DISPATCH,UNIT_SCADA,1,"2022/10/20 12:35:00",GNNDHSF1,91.114440
D,DISPATCH,UNIT_SCADA,1,"2022/10/20 12:35:00",GOONSF1,11.9350
D,DISPATCH,UNIT_SCADA,1,"2022/10/20 12:35:00",GORDON,186.953950
D,DISPATCH,UNIT_SCADA,1,"2022/10/20 12:35:00",GRANWF1,0
D,DISPATCH,UNIT_SCADA,1,"2022/10/20 12:35:00",GSTONE1,201.4250
D,DISPATCH,UNIT_SCADA,1,"2022/10/20 12:35:00",GSTONE2,0
D,DISPATCH,UNIT_SCADA,1,"2022/10/20 12:35:00",GSTONE3,200.20
D,DISPATCH,UNIT_SCADA,1,"2022/10/20 12:35:00",GSTONE4,0
D,DISPATCH,UNIT_SCADA,1,"2022/10/20 12:35:00",GSTONE5,201.0750
D,DISPATCH,UNIT_SCADA,1,"2022/10/20 12:35:00",GSTONE6,200.55
D,DISPATCH,UNIT_SCADA,1,"2022/10/20 12:35:00",GULLRSF1,1.814970
D,DISPATCH,UNIT_SCADA,1,"2022/10/20 12:35:00",GULLRWF1,45.5843
D,DISPATCH,UNIT_SCADA,1,"2022/10/20 12:35:00",GULLRWF2,74.725750
D,DISPATCH,UNIT_SCADA,1,"2022/10/20 12:35:00",GUNNING1,0
D,DISPATCH,UNIT_SCADA,1,"2022/10/20 12:35:00",GUTHEGA,67.100010
D,DISPATCH,UNIT_SCADA,1,"2022/10/20 12:35:00",HALLWF1,0
D,DISPATCH,UNIT_SCADA,1,"2022/10/20 12:35:00",HALLWF2,0
D,DISPATCH,UNIT_SCADA,1,"2022/10/20 12:35:00",HAMISF1,13.60
D,DISPATCH,UNIT_SCADA,1,"2022/10/20 12:35:00",HAUGHT11,5.699070
D,DISPATCH,UNIT_SCADA,1,"2022/10/20 12:35:00",HAYMSF1,11.9980
D,DISPATCH,UNIT_SCADA,1,"2022/10/20 12:35:00",HDWF1,32.60
D,DISPATCH,UNIT_SCADA,1,"2022/10/20 12:35:00",HDWF2,39.40
D,DISPATCH,UNIT_SCADA,1,"2022/10/20 12:35:00",HDWF3,38.60
D,DISPATCH,UNIT_SCADA,1,"2022/10/20 12:35:00",HILLSTN1,53.536770
D,DISPATCH,UNIT_SCADA,1,"2022/10/20 12:35:00",HPRG1,0
D,DISPATCH,UNIT_SCADA,1,"2022/10/20 12:35:00",HPRL1,21.70
D,DISPATCH,UNIT_SCADA,1,"2022/10/20 12:35:00",HUMENSW,55.136610
D,DISPATCH,UNIT_SCADA,1,"2022/10/20 12:35:00",HUMEV,0
D,DISPATCH,UNIT_SCADA,1,"2022/10/20 12:35:00",HVWWBA1G,0
D,DISPATCH,UNIT_SCADA,1,"2022/10/20 12:35:00",HVWWBA1L,0.0070
D,DISPATCH,UNIT_SCADA,1,"2022/10/20 12:35:00",HVWWPV1,0.0430
D,DISPATCH,UNIT_SCADA,1,"2022/10/20 12:35:00",JBUTTERS,0
D,DISPATCH,UNIT_SCADA,1,"2022/10/20 12:35:00",JEMALNG1,1.57
D,DISPATCH,UNIT_SCADA,1,"2022/10/20 12:35:00",JLA01,0
D,DISPATCH,UNIT_SCADA,1,"2022/10/20 12:35:00",JLA02,0
D,DISPATCH,UNIT_SCADA,1,"2022/10/20 12:35:00",JLA03,0
D,DISPATCH,UNIT_SCADA,1,"2022/10/20 12:35:00",JLA04,0
D,DISPATCH,UNIT_SCADA,1,"2022/10/20 12:35:00",JLB01,0
D,DISPATCH,UNIT_SCADA,1,"2022/10/20 12:35:00",JLB02,0.10
D,DISPATCH,UNIT_SCADA,1,"2022/10/20 12:35:00",JLB03,0
D,DISPATCH,UNIT_SCADA,1,"2022/10/20 12:35:00",JUNEESF1,8.269060
D,DISPATCH,UNIT_SCADA,1,"2022/10/20 12:35:00",KABANWF1,0
D,DISPATCH,UNIT_SCADA,1,"2022/10/20 12:35:00",KAREEYA1,0
D,DISPATCH,UNIT_SCADA,1,"2022/10/20 12:35:00",KAREEYA2,0
D,DISPATCH,UNIT_SCADA,1,"2022/10/20 12:35:00",KAREEYA3,4.6150
D,DISPATCH,UNIT_SCADA,1,"2022/10/20 12:35:00",KAREEYA4,0
D,DISPATCH,UNIT_SCADA,1,"2022/10/20 12:35:00",KARSF1,25.30
D,DISPATCH,UNIT_SCADA,1,"2022/10/20 12:35:00",KEPSF1,11.74
D,DISPATCH,UNIT_SCADA,1,"2022/10/20 12:35:00",KEPWF1,8.74
D,DISPATCH,UNIT_SCADA,1,"2022/10/20 12:35:00",KIAMSF1,30.033570
D,DISPATCH,UNIT_SCADA,1,"2022/10/20 12:35:00",KIATAWF1,6.50
D,DISPATCH,UNIT_SCADA,1,"2022/10/20 12:35:00",KPP_1,0
D,DISPATCH,UNIT_SCADA,1,"2022/10/20 12:35:00",KSP1,43.73
D,DISPATCH,UNIT_SCADA,1,"2022/10/20 12:35:00",LADBROK1,0.01
D,DISPATCH,UNIT_SCADA,1,"2022/10/20 12:35:00",LADBROK2,0.02
D,DISPATCH,UNIT_SCADA,1,"2022/10/20 12:35:00",LBBG1,0
D,DISPATCH,UNIT_SCADA,1,"2022/10/20 12:35:00",LBBL1,0.15
D,DISPATCH,UNIT_SCADA,1,"2022/10/20 12:35:00",LD01,276.772370
D,DISPATCH,UNIT_SCADA,1,"2022/10/20 12:35:00",LD02,0
D,DISPATCH,UNIT_SCADA,1,"2022/10/20 12:35:00",LD04,272.212890
D,DISPATCH,UNIT_SCADA,1,"2022/10/20 12:35:00",LEM_WIL,66.812240
D,DISPATCH,UNIT_SCADA,1,"2022/10/20 12:35:00",LGAPWF1,74.90
D,DISPATCH,UNIT_SCADA,1,"2022/10/20 12:35:00",LGAPWF2,53.64
D,DISPATCH,UNIT_SCADA,1,"2022/10/20 12:35:00",LILYSF1,73.9246
D,DISPATCH,UNIT_SCADA,1,"2022/10/20 12:35:00",LIMOSF11,85.154950
D,DISPATCH,UNIT_SCADA,1,"2022/10/20 12:35:00",LIMOSF21,7.095230
D,DISPATCH,UNIT_SCADA,1,"2022/10/20 12:35:00",LI_WY_CA,54.336890
D,DISPATCH,UNIT_SCADA,1,"2022/10/20 12:35:00",LKBONNY1,0
D,DISPATCH,UNIT_SCADA,1,"2022/10/20 12:35:00",LKBONNY2,1.173970
D,DISPATCH,UNIT_SCADA,1,"2022/10/20 12:35:00",LKBONNY3,0
D,DISPATCH,UNIT_SCADA,1,"2022/10/20 12:35:00",LK_ECHO,0
D,DISPATCH,UNIT_SCADA,1,"2022/10/20 12:35:00",LNGS1,0
D,DISPATCH,UNIT_SCADA,1,"2022/10/20 12:35:00",LNGS2,0
D,DISPATCH,UNIT_SCADA,1,"2022/10/20 12:35:00",LONSDALE,0
D,DISPATCH,UNIT_SCADA,1,"2022/10/20 12:35:00",LOYYB1,437.965820
D,DISPATCH,UNIT_SCADA,1,"2022/10/20 12:35:00",LOYYB2,437.213930
D,DISPATCH,UNIT_SCADA,1,"2022/10/20 12:35:00",LYA1,397
D,DISPATCH,UNIT_SCADA,1,"2022/10/20 12:35:00",LYA2,0
D,DISPATCH,UNIT_SCADA,1,"2022/10/20 12:35:00",LYA3,405
D,DISPATCH,UNIT_SCADA,1,"2022/10/20 12:35:00",LYA4,402
D,DISPATCH,UNIT_SCADA,1,"2022/10/20 12:35:00",MACARTH1,64.298520
D,DISPATCH,UNIT_SCADA,1,"2022/10/20 12:35:00",MACKNTSH,0
D,DISPATCH,UNIT_SCADA,1,"2022/10/20 12:35:00",MANSLR1,33.77
D,DISPATCH,UNIT_SCADA,1,"2022/10/20 12:35:00",MAPS2PV1,0
D,DISPATCH,UNIT_SCADA,1,"2022/10/20 12:35:00",MAPS3PV1,0
D,DISPATCH,UNIT_SCADA,1,"2022/10/20 12:35:00",MARYRSF1,22.83
D,DISPATCH,UNIT_SCADA,1,"2022/10/20 12:35:00",MBPS2PV1,0
D,DISPATCH,UNIT_SCADA,1,"2022/10/20 12:35:00",MCKAY1,0.02
D,DISPATCH,UNIT_SCADA,1,"2022/10/20 12:35:00",MEADOWBK,5.973220
D,DISPATCH,UNIT_SCADA,1,"2022/10/20 12:35:00",MERCER01,32.70
D,DISPATCH,UNIT_SCADA,1,"2022/10/20 12:35:00",METZSF1,35.189630
D,DISPATCH,UNIT_SCADA,1,"2022/10/20 12:35:00",MEWF1,10.8119
D,DISPATCH,UNIT_SCADA,1,"2022/10/20 12:35:00",MIDDLSF1,12.30
D,DISPATCH,UNIT_SCADA,1,"2022/10/20 12:35:00",MINTARO,0.128180
D,DISPATCH,UNIT_SCADA,1,"2022/10/20 12:35:00",MOLNGSF1,24.928360
D,DISPATCH,UNIT_SCADA,1,"2022/10/20 12:35:00",MOORAWF1,86.08
D,DISPATCH,UNIT_SCADA,1,"2022/10/20 12:35:00",MOREESF1,14.4460
D,DISPATCH,UNIT_SCADA,1,"2022/10/20 12:35:00",MORTLK11,0
D,DISPATCH,UNIT_SCADA,1,"2022/10/20 12:35:00",MORTLK12,0
D,DISPATCH,UNIT_SCADA,1,"2022/10/20 12:35:00",MOUSF1,0
D,DISPATCH,UNIT_SCADA,1,"2022/10/20 12:35:00",MP1,0
D,DISPATCH,UNIT_SCADA,1,"2022/10/20 12:35:00",MP2,347.893490
D,DISPATCH,UNIT_SCADA,1,"2022/10/20 12:35:00",MPP_1,169.286680
D,DISPATCH,UNIT_SCADA,1,"2022/10/20 12:35:00",MPP_2,190.161410
D,DISPATCH,UNIT_SCADA,1,"2022/10/20 12:35:00",MRTLSWF1,0
D,DISPATCH,UNIT_SCADA,1,"2022/10/20 12:35:00",MSTUART1,0
D,DISPATCH,UNIT_SCADA,1,"2022/10/20 12:35:00",MSTUART2,0
D,DISPATCH,UNIT_SCADA,1,"2022/10/20 12:35:00",MSTUART3,0
D,DISPATCH,UNIT_SCADA,1,"2022/10/20 12:35:00",MTGELWF1,47.460860
D,DISPATCH,UNIT_SCADA,1,"2022/10/20 12:35:00",MTMILLAR,0.40
D,DISPATCH,UNIT_SCADA,1,"2022/10/20 12:35:00",MURRAY,0
D,DISPATCH,UNIT_SCADA,1,"2022/10/20 12:35:00",MUSSELR1,68.70
D,DISPATCH,UNIT_SCADA,1,"2022/10/20 12:35:00",MUWAWF1,62.82
D,DISPATCH,UNIT_SCADA,1,"2022/10/20 12:35:00",MUWAWF2,29.70
D,DISPATCH,UNIT_SCADA,1,"2022/10/20 12:35:00",MWPS1PV1,0.13
D,DISPATCH,UNIT_SCADA,1,"2022/10/20 12:35:00",MWPS2PV1,0
D,DISPATCH,UNIT_SCADA,1,"2022/10/20 12:35:00",MWPS3PV1,0.13
D,DISPATCH,UNIT_SCADA,1,"2022/10/20 12:35:00",MWPS4PV1,0.01
D,DISPATCH,UNIT_SCADA,1,"2022/10/20 12:35:00",NBHWF1,0
D,DISPATCH,UNIT_SCADA,1,"2022/10/20 12:35:00",NEVERSF1,89.87
D,DISPATCH,UNIT_SCADA,1,"2022/10/20 12:35:00",NPS,0
D,DISPATCH,UNIT_SCADA,1,"2022/10/20 12:35:00",NUMURSF1,93.29
D,DISPATCH,UNIT_SCADA,1,"2022/10/20 12:35:00",NYNGAN1,46
D,DISPATCH,UNIT_SCADA,1,"2022/10/20 12:35:00",OAKEY1,0
D,DISPATCH,UNIT_SCADA,1,"2022/10/20 12:35:00",OAKEY1SF,20.6010
D,DISPATCH,UNIT_SCADA,1,"2022/10/20 12:35:00",OAKEY2,0
D,DISPATCH,UNIT_SCADA,1,"2022/10/20 12:35:00",OAKEY2SF,36.98
D,DISPATCH,UNIT_SCADA,1,"2022/10/20 12:35:00",OAKLAND1,4
D,DISPATCH,UNIT_SCADA,1,"2022/10/20 12:35:00",OSB-AG,0
D,DISPATCH,UNIT_SCADA,1,"2022/10/20 12:35:00",PAREPS1,0.0660
D,DISPATCH,UNIT_SCADA,1,"2022/10/20 12:35:00",PAREPW1,64.189990
D,DISPATCH,UNIT_SCADA,1,"2022/10/20 12:35:00",PARSF1,5.101090
D,DISPATCH,UNIT_SCADA,1,"2022/10/20 12:35:00",POAT110,0
D,DISPATCH,UNIT_SCADA,1,"2022/10/20 12:35:00",POAT220,0
D,DISPATCH,UNIT_SCADA,1,"2022/10/20 12:35:00",POR01,0
D,DISPATCH,UNIT_SCADA,1,"2022/10/20 12:35:00",POR03,0
D,DISPATCH,UNIT_SCADA,1,"2022/10/20 12:35:00",PPCCGT,0
D,DISPATCH,UNIT_SCADA,1,"2022/10/20 12:35:00",PTSTAN1,0
D,DISPATCH,UNIT_SCADA,1,"2022/10/20 12:35:00",PUMP1,0
D,DISPATCH,UNIT_SCADA,1,"2022/10/20 12:35:00",PUMP2,0
D,DISPATCH,UNIT_SCADA,1,"2022/10/20 12:35:00",QBYNBG1,0.757490
D,DISPATCH,UNIT_SCADA,1,"2022/10/20 12:35:00",QBYNBL1,0
D,DISPATCH,UNIT_SCADA,1,"2022/10/20 12:35:00",QPS1,0
D,DISPATCH,UNIT_SCADA,1,"2022/10/20 12:35:00",QPS2,0
D,DISPATCH,UNIT_SCADA,1,"2022/10/20 12:35:00",QPS3,0
D,DISPATCH,UNIT_SCADA,1,"2022/10/20 12:35:00",QPS4,0
D,DISPATCH,UNIT_SCADA,1,"2022/10/20 12:35:00",QPS5,74.23
D,DISPATCH,UNIT_SCADA,1,"2022/10/20 12:35:00",REECE1,0
D,DISPATCH,UNIT_SCADA,1,"2022/10/20 12:35:00",REECE2,0
D,DISPATCH,UNIT_SCADA,1,"2022/10/20 12:35:00",ROMA_7,0
D,DISPATCH,UNIT_SCADA,1,"2022/10/20 12:35:00",ROMA_8,0
D,DISPATCH,UNIT_SCADA,1,"2022/10/20 12:35:00",RRSF1,35.432550
D,DISPATCH,UNIT_SCADA,1,"2022/10/20 12:35:00",RT_NSW1,0
D,DISPATCH,UNIT_SCADA,1,"2022/10/20 12:35:00",RT_NSW2,0
D,DISPATCH,UNIT_SCADA,1,"2022/10/20 12:35:00",RT_NSW3,0
D,DISPATCH,UNIT_SCADA,1,"2022/10/20 12:35:00",RT_NSW4,0
D,DISPATCH,UNIT_SCADA,1,"2022/10/20 12:35:00",RT_NSW5,0
D,DISPATCH,UNIT_SCADA,1,"2022/10/20 12:35:00",RT_NSW6,0
D,DISPATCH,UNIT_SCADA,1,"2022/10/20 12:35:00",RT_QLD1,0
D,DISPATCH,UNIT_SCADA,1,"2022/10/20 12:35:00",RT_SA1,0
D,DISPATCH,UNIT_SCADA,1,"2022/10/20 12:35:00",RT_SA2,0
D,DISPATCH,UNIT_SCADA,1,"2022/10/20 12:35:00",RT_SA3,0
D,DISPATCH,UNIT_SCADA,1,"2022/10/20 12:35:00",RT_SA4,0
D,DISPATCH,UNIT_SCADA,1,"2022/10/20 12:35:00",RT_SA5,0
D,DISPATCH,UNIT_SCADA,1,"2022/10/20 12:35:00",RT_SA6,0
D,DISPATCH,UNIT_SCADA,1,"2022/10/20 12:35:00",RT_TAS1,0
D,DISPATCH,UNIT_SCADA,1,"2022/10/20 12:35:00",RT_VIC1,0
D,DISPATCH,UNIT_SCADA,1,"2022/10/20 12:35:00",RT_VIC10,0
D,DISPATCH,UNIT_SCADA,1,"2022/10/20 12:35:00",RT_VIC11,0
D,DISPATCH,UNIT_SCADA,1,"2022/10/20 12:35:00",RT_VIC12,0
D,DISPATCH,UNIT_SCADA,1,"2022/10/20 12:35:00",RT_VIC2,0
D,DISPATCH,UNIT_SCADA,1,"2022/10/20 12:35:00",RT_VIC3,0
D,DISPATCH,UNIT_SCADA,1,"2022/10/20 12:35:00",RT_VIC4,0
D,DISPATCH,UNIT_SCADA,1,"2022/10/20 12:35:00",RT_VIC5,0
D,DISPATCH,UNIT_SCADA,1,"2022/10/20 12:35:00",RT_VIC6,0
D,DISPATCH,UNIT_SCADA,1,"2022/10/20 12:35:00",RT_VIC7,0
D,DISPATCH,UNIT_SCADA,1,"2022/10/20 12:35:00",RT_VIC8,0
D,DISPATCH,UNIT_SCADA,1,"2022/10/20 12:35:00",RT_VIC9,0
D,DISPATCH,UNIT_SCADA,1,"2022/10/20 12:35:00",RUGBYR1,65.193980
D,DISPATCH,UNIT_SCADA,1,"2022/10/20 12:35:00",SALTCRK1,19.76
D,DISPATCH,UNIT_SCADA,1,"2022/10/20 12:35:00",SAPHWF1,2.476540
D,DISPATCH,UNIT_SCADA,1,"2022/10/20 12:35:00",SEBSF1,14.4969
D,DISPATCH,UNIT_SCADA,1,"2022/10/20 12:35:00",SHGEN,0
D,DISPATCH,UNIT_SCADA,1,"2022/10/20 12:35:00",SHPUMP,0
D,DISPATCH,UNIT_SCADA,1,"2022/10/20 12:35:00",SITHE01,0.123710
D,DISPATCH,UNIT_SCADA,1,"2022/10/20 12:35:00",SMCSF1,91.5430
D,DISPATCH,UNIT_SCADA,1,"2022/10/20 12:35:00",SNAPPER1,0
D,DISPATCH,UNIT_SCADA,1,"2022/10/20 12:35:00",SNOWNTH1,55.10
D,DISPATCH,UNIT_SCADA,1,"2022/10/20 12:35:00",SNOWSTH1,22.30
D,DISPATCH,UNIT_SCADA,1,"2022/10/20 12:35:00",SNOWTWN1,11.075440
D,DISPATCH,UNIT_SCADA,1,"2022/10/20 12:35:00",SNOWYP,0
D,DISPATCH,UNIT_SCADA,1,"2022/10/20 12:35:00",SNUG1,0
D,DISPATCH,UNIT_SCADA,1,"2022/10/20 12:35:00",SRSF1,15.23
D,DISPATCH,UNIT_SCADA,1,"2022/10/20 12:35:00",STAN-1,278.082180
D,DISPATCH,UNIT_SCADA,1,"2022/10/20 12:35:00",STAN-2,355.258150
D,DISPATCH,UNIT_SCADA,1,"2022/10/20 12:35:00",STAN-3,159.491880
D,DISPATCH,UNIT_SCADA,1,"2022/10/20 12:35:00",STAN-4,363.820430
D,DISPATCH,UNIT_SCADA,1,"2022/10/20 12:35:00",STARHLWF,0.01
D,DISPATCH,UNIT_SCADA,1,"2022/10/20 12:35:00",STOCKYD1,74.76
D,DISPATCH,UNIT_SCADA,1,"2022/10/20 12:35:00",STWF1,0
D,DISPATCH,UNIT_SCADA,1,"2022/10/20 12:35:00",SUNRSF1,79.290460
D,DISPATCH,UNIT_SCADA,1,"2022/10/20 12:35:00",SUNTPSF1,93.760590
D,DISPATCH,UNIT_SCADA,1,"2022/10/20 12:35:00",SWAN_E,190.221880
D,DISPATCH,UNIT_SCADA,1,"2022/10/20 12:35:00",TALWA1,0
D,DISPATCH,UNIT_SCADA,1,"2022/10/20 12:35:00",TARALGA1,0
D,DISPATCH,UNIT_SCADA,1,"2022/10/20 12:35:00",TARONG#1,343.200010
D,DISPATCH,UNIT_SCADA,1,"2022/10/20 12:35:00",TARONG#2,342.399990
D,DISPATCH,UNIT_SCADA,1,"2022/10/20 12:35:00",TARONG#3,0.90
D,DISPATCH,UNIT_SCADA,1,"2022/10/20 12:35:00",TARONG#4,283.399990
D,DISPATCH,UNIT_SCADA,1,"2022/10/20 12:35:00",TARRALEA,54
D,DISPATCH,UNIT_SCADA,1,"2022/10/20 12:35:00",TBSF1,0.10
D,DISPATCH,UNIT_SCADA,1,"2022/10/20 12:35:00",TNPS1,317.875030
D,DISPATCH,UNIT_SCADA,1,"2022/10/20 12:35:00",TORRB1,0
D,DISPATCH,UNIT_SCADA,1,"2022/10/20 12:35:00",TORRB2,40
D,DISPATCH,UNIT_SCADA,1,"2022/10/20 12:35:00",TORRB3,0
D,DISPATCH,UNIT_SCADA,1,"2022/10/20 12:35:00",TORRB4,0
D,DISPATCH,UNIT_SCADA,1,"2022/10/20 12:35:00",TREVALLN,98.816640
D,DISPATCH,UNIT_SCADA,1,"2022/10/20 12:35:00",TRIBUTE,0
D,DISPATCH,UNIT_SCADA,1,"2022/10/20 12:35:00",TUMUT3,0
D,DISPATCH,UNIT_SCADA,1,"2022/10/20 12:35:00",TUNGATIN,5.280020
D,DISPATCH,UNIT_SCADA,1,"2022/10/20 12:35:00",TVCC201,0
D,DISPATCH,UNIT_SCADA,1,"2022/10/20 12:35:00",TVPP104,0
D,DISPATCH,UNIT_SCADA,1,"2022/10/20 12:35:00",UPPTUMUT,118.213720
D,DISPATCH,UNIT_SCADA,1,"2022/10/20 12:35:00",URANQ11,0
D,DISPATCH,UNIT_SCADA,1,"2022/10/20 12:35:00",URANQ12,0
D,DISPATCH,UNIT_SCADA,1,"2022/10/20 12:35:00",URANQ13,0
D,DISPATCH,UNIT_SCADA,1,"2022/10/20 12:35:00",URANQ14,0
D,DISPATCH,UNIT_SCADA,1,"2022/10/20 12:35:00",VBBG1,0
D,DISPATCH,UNIT_SCADA,1,"2022/10/20 12:35:00",VBBL1,136.70
D,DISPATCH,UNIT_SCADA,1,"2022/10/20 12:35:00",VP5,547.575320
D,DISPATCH,UNIT_SCADA,1,"2022/10/20 12:35:00",VP6,550.138850
D,DISPATCH,UNIT_SCADA,1,"2022/10/20 12:35:00",VPGS1,0
D,DISPATCH,UNIT_SCADA,1,"2022/10/20 12:35:00",VPGS2,0
D,DISPATCH,UNIT_SCADA,1,"2022/10/20 12:35:00",VPGS3,0
D,DISPATCH,UNIT_SCADA,1,"2022/10/20 12:35:00",VPGS4,0
D,DISPATCH,UNIT_SCADA,1,"2022/10/20 12:35:00",VPGS5,0
D,DISPATCH,UNIT_SCADA,1,"2022/10/20 12:35:00",VPGS6,0
D,DISPATCH,UNIT_SCADA,1,"2022/10/20 12:35:00",W/HOE#1,0
D,DISPATCH,UNIT_SCADA,1,"2022/10/20 12:35:00",W/HOE#2,0
D,DISPATCH,UNIT_SCADA,1,"2022/10/20 12:35:00",WAGGNSF1,0
D,DISPATCH,UNIT_SCADA,1,"2022/10/20 12:35:00",WALGRVG1,0.000930
D,DISPATCH,UNIT_SCADA,1,"2022/10/20 12:35:00",WALGRVL1,0
D,DISPATCH,UNIT_SCADA,1,"2022/10/20 12:35:00",WANDBG1,0
D,DISPATCH,UNIT_SCADA,1,"2022/10/20 12:35:00",WANDBL1,0.773990
D,DISPATCH,UNIT_SCADA,1,"2022/10/20 12:35:00",WARWSF1,13.14
D,DISPATCH,UNIT_SCADA,1,"2022/10/20 12:35:00",WARWSF2,11.79
D,DISPATCH,UNIT_SCADA,1,"2022/10/20 12:35:00",WATERLWF,30.90
D,DISPATCH,UNIT_SCADA,1,"2022/10/20 12:35:00",WDGPH1,29.6510
D,DISPATCH,UNIT_SCADA,1,"2022/10/20 12:35:00",WELLSF1,53.641570
D,DISPATCH,UNIT_SCADA,1,"2022/10/20 12:35:00",WEMENSF1,30.70
D,DISPATCH,UNIT_SCADA,1,"2022/10/20 12:35:00",WGWF1,38.70
D,DISPATCH,UNIT_SCADA,1,"2022/10/20 12:35:00",WHITSF1,12.80
D,DISPATCH,UNIT_SCADA,1,"2022/10/20 12:35:00",WINTSF1,81.97
D,DISPATCH,UNIT_SCADA,1,"2022/10/20 12:35:00",WKIEWA1,31.50
D,DISPATCH,UNIT_SCADA,1,"2022/10/20 12:35:00",WKIEWA2,13.80
D,DISPATCH,UNIT_SCADA,1,"2022/10/20 12:35:00",WOODLWN1,18.945110
D,DISPATCH,UNIT_SCADA,1,"2022/10/20 12:35:00",WOOLGSF1,15.473670
D,DISPATCH,UNIT_SCADA,1,"2022/10/20 12:35:00",WPWF,0
D,DISPATCH,UNIT_SCADA,1,"2022/10/20 12:35:00",WRSF1,1.419720
D,DISPATCH,UNIT_SCADA,1,"2022/10/20 12:35:00",WRWF1,9.572290
D,DISPATCH,UNIT_SCADA,1,"2022/10/20 12:35:00",WSTWYSF1,0.150150
D,DISPATCH,UNIT_SCADA,1,"2022/10/20 12:35:00",YABULU,0
D,DISPATCH,UNIT_SCADA,1,"2022/10/20 12:35:00",YABULU2,0
D,DISPATCH,UNIT_SCADA,1,"2022/10/20 12:35:00",YARANSF1,79.06
D,DISPATCH,UNIT_SCADA,1,"2022/10/20 12:35:00",YARWUN_1,161.42
D,DISPATCH,UNIT_SCADA,1,"2022/10/20 12:35:00",YATSF1,13.79
D,DISPATCH,UNIT_SCADA,1,"2022/10/20 12:35:00",YENDWF1,45.99
D,DISPATCH,UNIT_SCADA,1,"2022/10/20 12:35:00",YWPS1,248.617720
D,DISPATCH,UNIT_SCADA,1,"2022/10/20 12:35:00",YWPS2,247.364560
D,DISPATCH,UNIT_SCADA,1,"2022/10/20 12:35:00",YWPS3,276.963290
D,DISPATCH,UNIT_SCADA,1,"2022/10/20 12:35:00",YWPS4,0
C,"END OF REPORT",419
