C,NEMP.WORLD,DISPATCHSCADA,AEMO,PUBLIC,2022/10/20,12:25:10,0000000373254368,DISPATCHSCADA,0000000373254362
I,DISPATCH,UNIT_SCADA,1,SETTLEMENTDATE,DUID,SCADAVALUE
D,DISPATCH,UNIT_SCADA,1,"2022/10/20 12:30:00",BARCSF1,11
D,DISPATCH,UNIT_SCADA,1,"2022/10/20 12:30:00",BUTLERSG,8.699999
D,DISPATCH,UNIT_SCADA,1,"2022/10/20 12:30:00",CAPTL_WF,43.711601
D,DISPATCH,UNIT_SCADA,1,"2022/10/20 12:30:00",CHALLHWF,5.20
D,DISPATCH,UNIT_SCADA,1,"2022/10/20 12:30:00",CLOVER,10.57
D,DISPATCH,UNIT_SCADA,1,"2022/10/20 12:30:00",CLUNY,5.209888
D,DISPATCH,UNIT_SCADA,1,"2022/10/20 12:30:00",CULLRGWF,-0.04
D,DISPATCH,UNIT_SCADA,1,"2022/10/20 12:30:00",DIAPURWF1,3.20
D,DISPATCH,UNIT_SCADA,1,"2022/10/20 12:30:00",ERGT01,0
D,DISPATCH,UNIT_SCADA,1,"2022/10/20 12:30:00",GB01,0
D,DISPATCH,UNIT_SCADA,1,"2022/10/20 12:30:00",GERMCRK,18.10
D,DISPATCH,UNIT_SCADA,1,"2022/10/20 12:30:00",GRIFSF1,6.199740
D,DISPATCH,UNIT_SCADA,1,"2022/10/20 12:30:00",HEZ1,0
D,DISPATCH,UNIT_SCADA,1,"2022/10/20 12:30:00",HUGSF1,14.304001
D,DISPATCH,UNIT_SCADA,1,"2022/10/20 12:30:00",KEPBG1,0.01
D,DISPATCH,UNIT_SCADA,1,"2022/10/20 12:30:00",LRSF1,10.8210
D,DISPATCH,UNIT_SCADA,1,"2022/10/20 12:30:00",MBAHNTH,45.824997
D,DISPATCH,UNIT_SCADA,1,"2022/10/20 12:30:00",MLSP1,6.466001
D,DISPATCH,UNIT_SCADA,1,"2022/10/20 12:30:00",MLWF1,4.3050
D,DISPATCH,UNIT_SCADA,1,"2022/10/20 12:30:00",PALOONA,30.279999
D,DISPATCH,UNIT_SCADA,1,"2022/10/20 12:30:00",PIONEER,41.600002
D,DISPATCH,UNIT_SCADA,1,"2022/10/20 12:30:00",PORTWF,98.599998
D,DISPATCH,UNIT_SCADA,1,"2022/10/20 12:30:00",REPULSE,9.796903
D,DISPATCH,UNIT_SCADA,1,"2022/10/20 12:30:00",ROWALLAN,8.9602
D,DISPATCH,UNIT_SCADA,1,"2022/10/20 12:30:00",ROYALLA1,7.698003
D,DISPATCH,UNIT_SCADA,1,"2022/10/20 12:30:00",RPCG,-1.80
D,DISPATCH,UNIT_SCADA,1,"2022/10/20 12:30:00",RUBICON,0
D,DISPATCH,UNIT_SCADA,1,"2022/10/20 12:30:00",WAUBRAWF,21.625999
D,DISPATCH,UNIT_SCADA,1,"2022/10/20 12:30:00",WOOLNTH1,30.889999
D,DISPATCH,UNIT_SCADA,1,"2022/10/20 12:30:00",YAMBUKWF,6.90
D,DISPATCH,UNIT_SCADA,1,"2022/10/20 12:30:00",YSWF1,5.70
D,DISPATCH,UNIT_SCADA,1,"2022/10/20 12:30:00",ADPBA1G,0.0080
D,DISPATCH,UNIT_SCADA,1,"2022/10/20 12:30:00",ADPBA1L,0
D,DISPATCH,UNIT_SCADA,1,"2022/10/20 12:30:00",ADPPV1,0.0450
D,DISPATCH,UNIT_SCADA,1,"2022/10/20 12:30:00",AGLHAL,0
D,DISPATCH,UNIT_SCADA,1,"2022/10/20 12:30:00",AGLSOM,0
D,DISPATCH,UNIT_SCADA,1,"2022/10/20 12:30:00",ANGAST1,0
D,DISPATCH,UNIT_SCADA,1,"2022/10/20 12:30:00",ARWF1,21.20
D,DISPATCH,UNIT_SCADA,1,"2022/10/20 12:30:00",BALBG1,0
D,DISPATCH,UNIT_SCADA,1,"2022/10/20 12:30:00",BALBL1,0
D,DISPATCH,UNIT_SCADA,1,"2022/10/20 12:30:00",BALDHWF1,29.3540
D,DISPATCH,UNIT_SCADA,1,"2022/10/20 12:30:00",BANGOWF1,35.999080
D,DISPATCH,UNIT_SCADA,1,"2022/10/20 12:30:00",BANGOWF2,25
D,DISPATCH,UNIT_SCADA,1,"2022/10/20 12:30:00",BANN1,43.88
D,DISPATCH,UNIT_SCADA,1,"2022/10/20 12:30:00",BARCALDN,0
D,DISPATCH,UNIT_SCADA,1,"2022/10/20 12:30:00",BARKIPS1,0
D,DISPATCH,UNIT_SCADA,1,"2022/10/20 12:30:00",BARRON-1,0
D,DISPATCH,UNIT_SCADA,1,"2022/10/20 12:30:00",BARRON-2,0
D,DISPATCH,UNIT_SCADA,1,"2022/10/20 12:30:00",BASTYAN,51.490010
D,DISPATCH,UNIT_SCADA,1,"2022/10/20 12:30:00",BBTHREE1,0
D,DISPATCH,UNIT_SCADA,1,"2022/10/20 12:30:00",BBTHREE2,24.05
D,DISPATCH,UNIT_SCADA,1,"2022/10/20 12:30:00",BBTHREE3,-1.03
D,DISPATCH,UNIT_SCADA,1,"2022/10/20 12:30:00",BDL01,0
D,DISPATCH,UNIT_SCADA,1,"2022/10/20 12:30:00",BDL02,0
D,DISPATCH,UNIT_SCADA,1,"2022/10/20 12:30:00",BERYLSF1,36.691740
D,DISPATCH,UNIT_SCADA,1,"2022/10/20 12:30:00",BLOWERNG,62.50
D,DISPATCH,UNIT_SCADA,1,"2022/10/20 12:30:00",BLUEGSF1,45.955070
D,DISPATCH,UNIT_SCADA,1,"2022/10/20 12:30:00",BLUFF1,0
D,DISPATCH,UNIT_SCADA,1,"2022/10/20 12:30:00",BNGSF1,63.25
D,DISPATCH,UNIT_SCADA,1,"2022/10/20 12:30:00",BNGSF2,72.189990
D,DISPATCH,UNIT_SCADA,1,"2022/10/20 12:30:00",BOCORWF1,19.44
D,DISPATCH,UNIT_SCADA,1,"2022/10/20 12:30:00",BODWF1,92.560650
D,DISPATCH,UNIT_SCADA,1,"2022/10/20 12:30:00",BOMENSF1,23.062480
D,DISPATCH,UNIT_SCADA,1,"2022/10/20 12:30:00",BOWWBA1G,0.0010
D,DISPATCH,UNIT_SCADA,1,"2022/10/20 12:30:00",BOWWBA1L,0
D,DISPATCH,UNIT_SCADA,1,"2022/10/20 12:30:00",BOWWPV1,0
D,DISPATCH,UNIT_SCADA,1,"2022/10/20 12:30:00",BRAEMAR1,0
D,DISPATCH,UNIT_SCADA,1,"2022/10/20 12:30:00",BRAEMAR2,0
D,DISPATCH,UNIT_SCADA,1,"2022/10/20 12:30:00",BRAEMAR3,0
D,DISPATCH,UNIT_SCADA,1,"2022/10/20 12:30:00",BRAEMAR5,0.292060
D,DISPATCH,UNIT_SCADA,1,"2022/10/20 12:30:00",BRAEMAR6,0
D,DISPATCH,UNIT_SCADA,1,"2022/10/20 12:30:00",BRAEMAR7,0.130920
D,DISPATCH,UNIT_SCADA,1,"2022/10/20 12:30:00",BROKENH1,20.799680
D,DISPATCH,UNIT_SCADA,1,"2022/10/20 12:30:00",BRYB1WF1,110.612650
D,DISPATCH,UNIT_SCADA,1,"2022/10/20 12:30:00",BULBESG1,0
D,DISPATCH,UNIT_SCADA,1,"2022/10/20 12:30:00",BULBESL1,1.45
D,DISPATCH,UNIT_SCADA,1,"2022/10/20 12:30:00",BULGANA1,0.71
D,DISPATCH,UNIT_SCADA,1,"2022/10/20 12:30:00",BW01,660.544740
D,DISPATCH,UNIT_SCADA,1,"2022/10/20 12:30:00",BW02,619.406430
D,DISPATCH,UNIT_SCADA,1,"2022/10/20 12:30:00",BW03,485.249110
D,DISPATCH,UNIT_SCADA,1,"2022/10/20 12:30:00",BW04,0
D,DISPATCH,UNIT_SCADA,1,"2022/10/20 12:30:00",CALL_B_1,321.800020
D,DISPATCH,UNIT_SCADA,1,"2022/10/20 12:30:00",CALL_B_2,320.700010
D,DISPATCH,UNIT_SCADA,1,"2022/10/20 12:30:00",CATHROCK,0
D,DISPATCH,UNIT_SCADA,1,"2022/10/20 12:30:00",CBWWBA1G,0
D,DISPATCH,UNIT_SCADA,1,"2022/10/20 12:30:00",CBWWBA1L,0
D,DISPATCH,UNIT_SCADA,1,"2022/10/20 12:30:00",CETHANA,15.676750
D,DISPATCH,UNIT_SCADA,1,"2022/10/20 12:30:00",CG1,0
D,DISPATCH,UNIT_SCADA,1,"2022/10/20 12:30:00",CG2,0
D,DISPATCH,UNIT_SCADA,1,"2022/10/20 12:30:00",CG3,0
D,DISPATCH,UNIT_SCADA,1,"2022/10/20 12:30:00",CG4,0
D,DISPATCH,UNIT_SCADA,1,"2022/10/20 12:30:00",CHILDSF1,6.42
D,DISPATCH,UNIT_SCADA,1,"2022/10/20 12:30:00",CHYTWF1,6.82
D,DISPATCH,UNIT_SCADA,1,"2022/10/20 12:30:00",CLARESF1,24.202240
D,DISPATCH,UNIT_SCADA,1,"2022/10/20 12:30:00",CLEMGPWF,22.691020
D,DISPATCH,UNIT_SCADA,1,"2022/10/20 12:30:00",CLERMSF1,36.97
D,DISPATCH,UNIT_SCADA,1,"2022/10/20 12:30:00",CNUNDAWF,0
D,DISPATCH,UNIT_SCADA,1,"2022/10/20 12:30:00",COHUNSF1,0.07
D,DISPATCH,UNIT_SCADA,1,"2022/10/20 12:30:00",COLEASF1,61.699470
D,DISPATCH,UNIT_SCADA,1,"2022/10/20 12:30:00",COLUMSF1,11.2950
D,DISPATCH,UNIT_SCADA,1,"2022/10/20 12:30:00",COLWF01,73.228040
D,DISPATCH,UNIT_SCADA,1,"2022/10/20 12:30:00",COOPGWF1,114.91
D,DISPATCH,UNIT_SCADA,1,"2022/10/20 12:30:00",CPP_3,281.600010
D,DISPATCH,UNIT_SCADA,1,"2022/10/20 12:30:00",CPP_4,0
D,DISPATCH,UNIT_SCADA,1,"2022/10/20 12:30:00",CPSA,0
D,DISPATCH,UNIT_SCADA,1,"2022/10/20 12:30:00",CROOKWF2,26.1741
D,DISPATCH,UNIT_SCADA,1,"2022/10/20 12:30:00",CROWLWF1,9.4935
D,DISPATCH,UNIT_SCADA,1,"2022/10/20 12:30:00",CRURWF1,24.397880
D,DISPATCH,UNIT_SCADA,1,"2022/10/20 12:30:00",CRWASF1,30.0759
D,DISPATCH,UNIT_SCADA,1,"2022/10/20 12:30:00",CSPVPS1,2.7480
D,DISPATCH,UNIT_SCADA,1,"2022/10/20 12:30:00",CTHLWF1,0.003050
D,DISPATCH,UNIT_SCADA,1,"2022/10/20 12:30:00",DALNTH01,0
D,DISPATCH,UNIT_SCADA,1,"2022/10/20 12:30:00",DALNTHL1,0.114440
D,DISPATCH,UNIT_SCADA,1,"2022/10/20 12:30:00",DARLSF1,40.914260
D,DISPATCH,UNIT_SCADA,1,"2022/10/20 12:30:00",DARTM1,0
D,DISPATCH,UNIT_SCADA,1,"2022/10/20 12:30:00",DAYDSF1,15.8270
D,DISPATCH,UNIT_SCADA,1,"2022/10/20 12:30:00",DDPS1,0
D,DISPATCH,UNIT_SCADA,1,"2022/10/20 12:30:00",DDSF1,67.751940
D,DISPATCH,UNIT_SCADA,1,"2022/10/20 12:30:00",DEVILS_G,59.281590
D,DISPATCH,UNIT_SCADA,1,"2022/10/20 12:30:00",DG_NSW1,0
D,DISPATCH,UNIT_SCADA,1,"2022/10/20 12:30:00",DG_QLD1,0
D,DISPATCH,UNIT_SCADA,1,"2022/10/20 12:30:00",DG_SA1,0
D,DISPATCH,UNIT_SCADA,1,"2022/10/20 12:30:00",DG_TAS1,0
D,DISPATCH,UNIT_SCADA,1,"2022/10/20 12:30:00",DG_VIC1,0
D,DISPATCH,UNIT_SCADA,1,"2022/10/20 12:30:00",DRYCGT1,0
D,DISPATCH,UNIT_SCADA,1,"2022/10/20 12:30:00",DRYCGT2,0
D,DISPATCH,UNIT_SCADA,1,"2022/10/20 12:30:00",DRYCGT3,0
D,DISPATCH,UNIT_SCADA,1,"2022/10/20 12:30:00",DUNDWF1,51.94
D,DISPATCH,UNIT_SCADA,1,"2022/10/20 12:30:00",DUNDWF2,16.36
D,DISPATCH,UNIT_SCADA,1,"2022/10/20 12:30:00",DUNDWF3,43.75
D,DISPATCH,UNIT_SCADA,1,"2022/10/20 12:30:00",EILDON1,59.80
D,DISPATCH,UNIT_SCADA,1,"2022/10/20 12:30:00",EILDON2,60.04
D,DISPATCH,UNIT_SCADA,1,"2022/10/20 12:30:00",ELAINWF1,29.62
D,DISPATCH,UNIT_SCADA,1,"2022/10/20 12:30:00",EMERASF1,0
D,DISPATCH,UNIT_SCADA,1,"2022/10/20 12:30:00",ER01,0
D,DISPATCH,UNIT_SCADA,1,"2022/10/20 12:30:00",ER02,305.705350
D,DISPATCH,UNIT_SCADA,1,"2022/10/20 12:30:00",ER03,405.487150
D,DISPATCH,UNIT_SCADA,1,"2022/10/20 12:30:00",ER04,405.145360
D,DISPATCH,UNIT_SCADA,1,"2022/10/20 12:30:00",FINLYSF1,49.015030
D,DISPATCH,UNIT_SCADA,1,"2022/10/20 12:30:00",FISHER,43.79
D,DISPATCH,UNIT_SCADA,1,"2022/10/20 12:30:00",GANGARR1,80.0780
D,DISPATCH,UNIT_SCADA,1,"2022/10/20 12:30:00",GANNBG1,0
D,DISPATCH,UNIT_SCADA,1,"2022/10/20 12:30:00",GANNBL1,2.103380
D,DISPATCH,UNIT_SCADA,1,"2022/10/20 12:30:00",GANNSF1,28.70
D,DISPATCH,UNIT_SCADA,1,"2022/10/20 12:30:00",GLRWNSF1,0
D,DISPATCH,UNIT_SCADA,1,"2022/10/20 12:30:00",GNNDHSF1,65.725560
D,DISPATCH,UNIT_SCADA,1,"2022/10/20 12:30:00",GOONSF1,7.183950
D,DISPATCH,UNIT_SCADA,1,"2022/10/20 12:30:00",GORDON,191.786320
D,DISPATCH,UNIT_SCADA,1,"2022/10/20 12:30:00",GRANWF1,0
D,DISPATCH,UNIT_SCADA,1,"2022/10/20 12:30:00",GSTONE1,202.474990
D,DISPATCH,UNIT_SCADA,1,"2022/10/20 12:30:00",GSTONE2,0
D,DISPATCH,UNIT_SCADA,1,"2022/10/20 12:30:00",GSTONE3,200.20
D,DISPATCH,UNIT_SCADA,1,"2022/10/20 12:30:00",GSTONE4,0
D,DISPATCH,UNIT_SCADA,1,"2022/10/20 12:30:00",GSTONE5,202.1250
D,DISPATCH,UNIT_SCADA,1,"2022/10/20 12:30:00",GSTONE6,202.649990
D,DISPATCH,UNIT_SCADA,1,"2022/10/20 12:30:00",GULLRSF1,1.404980
D,DISPATCH,UNIT_SCADA,1,"2022/10/20 12:30:00",GULLRWF1,51.824210
D,DISPATCH,UNIT_SCADA,1,"2022/10/20 12:30:00",GULLRWF2,83.853820
D,DISPATCH,UNIT_SCADA,1,"2022/10/20 12:30:00",GUNNING1,0
D,DISPATCH,UNIT_SCADA,1,"2022/10/20 12:30:00",GUTHEGA,68.30
D,DISPATCH,UNIT_SCADA,1,"2022/10/20 12:30:00",HALLWF1,0
D,DISPATCH,UNIT_SCADA,1,"2022/10/20 12:30:00",HALLWF2,0
D,DISPATCH,UNIT_SCADA,1,"2022/10/20 12:30:00",HAMISF1,7.60
D,DISPATCH,UNIT_SCADA,1,"2022/10/20 12:30:00",HAUGHT11,4.5312
D,DISPATCH,UNIT_SCADA,1,"2022/10/20 12:30:00",HAYMSF1,6.8180
D,DISPATCH,UNIT_SCADA,1,"2022/10/20 12:30:00",HDWF1,33.30
D,DISPATCH,UNIT_SCADA,1,"2022/10/20 12:30:00",HDWF2,37.40
D,DISPATCH,UNIT_SCADA,1,"2022/10/20 12:30:00",HDWF3,45.60
D,DISPATCH,UNIT_SCADA,1,"2022/10/20 12:30:00",HILLSTN1,44.648450
D,DISPATCH,UNIT_SCADA,1,"2022/10/20 12:30:00",HPRG1,0.40
D,DISPATCH,UNIT_SCADA,1,"2022/10/20 12:30:00",HPRL1,0
D,DISPATCH,UNIT_SCADA,1,"2022/10/20 12:30:00",HUMENSW,55.222740
D,DISPATCH,UNIT_SCADA,1,"2022/10/20 12:30:00",HUMEV,0
D,DISPATCH,UNIT_SCADA,1,"2022/10/20 12:30:00",HVWWBA1G,0
D,DISPATCH,UNIT_SCADA,1,"2022/10/20 12:30:00",HVWWBA1L,0.0070
D,DISPATCH,UNIT_SCADA,1,"2022/10/20 12:30:00",HVWWPV1,0.1060
D,DISPATCH,UNIT_SCADA,1,"2022/10/20 12:30:00",JBUTTERS,0
D,DISPATCH,UNIT_SCADA,1,"2022/10/20 12:30:00",JEMALNG1,1.21
D,DISPATCH,UNIT_SCADA,1,"2022/10/20 12:30:00",JLA01,0
D,DISPATCH,UNIT_SCADA,1,"2022/10/20 12:30:00",JLA02,0
D,DISPATCH,UNIT_SCADA,1,"2022/10/20 12:30:00",JLA03,0
D,DISPATCH,UNIT_SCADA,1,"2022/10/20 12:30:00",JLA04,0
D,DISPATCH,UNIT_SCADA,1,"2022/10/20 12:30:00",JLB01,0
D,DISPATCH,UNIT_SCADA,1,"2022/10/20 12:30:00",JLB02,0.10
D,DISPATCH,UNIT_SCADA,1,"2022/10/20 12:30:00",JLB03,0
D,DISPATCH,UNIT_SCADA,1,"2022/10/20 12:30:00",JUNEESF1,8.680960
D,DISPATCH,UNIT_SCADA,1,"2022/10/20 12:30:00",KABANWF1,0
D,DISPATCH,UNIT_SCADA,1,"2022/10/20 12:30:00",KAREEYA1,0
D,DISPATCH,UNIT_SCADA,1,"2022/10/20 12:30:00",KAREEYA2,0
D,DISPATCH,UNIT_SCADA,1,"2022/10/20 12:30:00",KAREEYA3,4.9575
D,DISPATCH,UNIT_SCADA,1,"2022/10/20 12:30:00",KAREEYA4,0
D,DISPATCH,UNIT_SCADA,1,"2022/10/20 12:30:00",KARSF1,0.20
D,DISPATCH,UNIT_SCADA,1,"2022/10/20 12:30:00",KEPSF1,11.99
D,DISPATCH,UNIT_SCADA,1,"2022/10/20 12:30:00",KEPWF1,5.68
D,DISPATCH,UNIT_SCADA,1,"2022/10/20 12:30:00",KIAMSF1,19.085220
D,DISPATCH,UNIT_SCADA,1,"2022/10/20 12:30:00",KIATAWF1,7
D,DISPATCH,UNIT_SCADA,1,"2022/10/20 12:30:00",KPP_1,0
D,DISPATCH,UNIT_SCADA,1,"2022/10/20 12:30:00",KSP1,35.82
D,DISPATCH,UNIT_SCADA,1,"2022/10/20 12:30:00",LADBROK1,0.01
D,DISPATCH,UNIT_SCADA,1,"2022/10/20 12:30:00",LADBROK2,0.01
D,DISPATCH,UNIT_SCADA,1,"2022/10/20 12:30:00",LBBG1,0
D,DISPATCH,UNIT_SCADA,1,"2022/10/20 12:30:00",LBBL1,0
D,DISPATCH,UNIT_SCADA,1,"2022/10/20 12:30:00",LD01,283.968630
D,DISPATCH,UNIT_SCADA,1,"2022/10/20 12:30:00",LD02,0
D,DISPATCH,UNIT_SCADA,1,"2022/10/20 12:30:00",LD04,281.185330
D,DISPATCH,UNIT_SCADA,1,"2022/10/20 12:30:00",LEM_WIL,67.557740
D,DISPATCH,UNIT_SCADA,1,"2022/10/20 12:30:00",LGAPWF1,29.35
D,DISPATCH,UNIT_SCADA,1,"2022/10/20 12:30:00",LGAPWF2,21.11
D,DISPATCH,UNIT_SCADA,1,"2022/10/20 12:30:00",LILYSF1,53.215230
D,DISPATCH,UNIT_SCADA,1,"2022/10/20 12:30:00",LIMOSF11,142.670180
D,DISPATCH,UNIT_SCADA,1,"2022/10/20 12:30:00",LIMOSF21,6.279240
D,DISPATCH,UNIT_SCADA,1,"2022/10/20 12:30:00",LI_WY_CA,55.266930
D,DISPATCH,UNIT_SCADA,1,"2022/10/20 12:30:00",LKBONNY1,0
D,DISPATCH,UNIT_SCADA,1,"2022/10/20 12:30:00",LKBONNY2,0
D,DISPATCH,UNIT_SCADA,1,"2022/10/20 12:30:00",LKBONNY3,0
D,DISPATCH,UNIT_SCADA,1,"2022/10/20 12:30:00",LK_ECHO,0
D,DISPATCH,UNIT_SCADA,1,"2022/10/20 12:30:00",LNGS1,0
D,DISPATCH,UNIT_SCADA,1,"2022/10/20 12:30:00",LNGS2,0
D,DISPATCH,UNIT_SCADA,1,"2022/10/20 12:30:00",LONSDALE,0
D,DISPATCH,UNIT_SCADA,1,"2022/10/20 12:30:00",LOYYB1,466.537960
D,DISPATCH,UNIT_SCADA,1,"2022/10/20 12:30:00",LOYYB2,459.018980
D,DISPATCH,UNIT_SCADA,1,"2022/10/20 12:30:00",LYA1,391
D,DISPATCH,UNIT_SCADA,1,"2022/10/20 12:30:00",LYA2,0
D,DISPATCH,UNIT_SCADA,1,"2022/10/20 12:30:00",LYA3,403
D,DISPATCH,UNIT_SCADA,1,"2022/10/20 12:30:00",LYA4,398
D,DISPATCH,UNIT_SCADA,1,"2022/10/20 12:30:00",MACARTH1,70.998360
D,DISPATCH,UNIT_SCADA,1,"2022/10/20 12:30:00",MACKNTSH,0
D,DISPATCH,UNIT_SCADA,1,"2022/10/20 12:30:00",MANSLR1,25.9550
D,DISPATCH,UNIT_SCADA,1,"2022/10/20 12:30:00",MAPS2PV1,0
D,DISPATCH,UNIT_SCADA,1,"2022/10/20 12:30:00",MAPS3PV1,0
D,DISPATCH,UNIT_SCADA,1,"2022/10/20 12:30:00",MARYRSF1,20.15
D,DISPATCH,UNIT_SCADA,1,"2022/10/20 12:30:00",MBPS2PV1,0
D,DISPATCH,UNIT_SCADA,1,"2022/10/20 12:30:00",MCKAY1,0.02
D,DISPATCH,UNIT_SCADA,1,"2022/10/20 12:30:00",MEADOWBK,5.887480
D,DISPATCH,UNIT_SCADA,1,"2022/10/20 12:30:00",MERCER01,33.20
D,DISPATCH,UNIT_SCADA,1,"2022/10/20 12:30:00",METZSF1,33.5103
D,DISPATCH,UNIT_SCADA,1,"2022/10/20 12:30:00",MEWF1,8.527360
D,DISPATCH,UNIT_SCADA,1,"2022/10/20 12:30:00",MIDDLSF1,10.98
D,DISPATCH,UNIT_SCADA,1,"2022/10/20 12:30:00",MINTARO,0.128180
D,DISPATCH,UNIT_SCADA,1,"2022/10/20 12:30:00",MOLNGSF1,17.992220
D,DISPATCH,UNIT_SCADA,1,"2022/10/20 12:30:00",MOORAWF1,85.780010
D,DISPATCH,UNIT_SCADA,1,"2022/10/20 12:30:00",MOREESF1,10.8940
D,DISPATCH,UNIT_SCADA,1,"2022/10/20 12:30:00",MORTLK11,0
D,DISPATCH,UNIT_SCADA,1,"2022/10/20 12:30:00",MORTLK12,0
D,DISPATCH,UNIT_SCADA,1,"2022/10/20 12:30:00",MOUSF1,0
D,DISPATCH,UNIT_SCADA,1,"2022/10/20 12:30:00",MP1,0
D,DISPATCH,UNIT_SCADA,1,"2022/10/20 12:30:00",MP2,362.151520
D,DISPATCH,UNIT_SCADA,1,"2022/10/20 12:30:00",MPP_1,162.450520
D,DISPATCH,UNIT_SCADA,1,"2022/10/20 12:30:00",MPP_2,182.913240
D,DISPATCH,UNIT_SCADA,1,"2022/10/20 12:30:00",MRTLSWF1,0
D,DISPATCH,UNIT_SCADA,1,"2022/10/20 12:30:00",MSTUART1,0
D,DISPATCH,UNIT_SCADA,1,"2022/10/20 12:30:00",MSTUART2,0
D,DISPATCH,UNIT_SCADA,1,"2022/10/20 12:30:00",MSTUART3,0
D,DISPATCH,UNIT_SCADA,1,"2022/10/20 12:30:00",MTGELWF1,48.611410
D,DISPATCH,UNIT_SCADA,1,"2022/10/20 12:30:00",MTMILLAR,0.40
D,DISPATCH,UNIT_SCADA,1,"2022/10/20 12:30:00",MURRAY,0
D,DISPATCH,UNIT_SCADA,1,"2022/10/20 12:30:00",MUSSELR1,68.20
D,DISPATCH,UNIT_SCADA,1,"2022/10/20 12:30:00",MUWAWF1,54.01
D,DISPATCH,UNIT_SCADA,1,"2022/10/20 12:30:00",MUWAWF2,31.10
D,DISPATCH,UNIT_SCADA,1,"2022/10/20 12:30:00",MWPS1PV1,0.13
D,DISPATCH,UNIT_SCADA,1,"2022/10/20 12:30:00",MWPS2PV1,0
D,DISPATCH,UNIT_SCADA,1,"2022/10/20 12:30:00",MWPS3PV1,1.10
D,DISPATCH,UNIT_SCADA,1,"2022/10/20 12:30:00",MWPS4PV1,0.01
D,DISPATCH,UNIT_SCADA,1,"2022/10/20 12:30:00",NBHWF1,0
D,DISPATCH,UNIT_SCADA,1,"2022/10/20 12:30:00",NEVERSF1,94.60
D,DISPATCH,UNIT_SCADA,1,"2022/10/20 12:30:00",NPS,0
D,DISPATCH,UNIT_SCADA,1,"2022/10/20 12:30:00",NUMURSF1,77.71
D,DISPATCH,UNIT_SCADA,1,"2022/10/20 12:30:00",NYNGAN1,66
D,DISPATCH,UNIT_SCADA,1,"2022/10/20 12:30:00",OAKEY1,0
D,DISPATCH,UNIT_SCADA,1,"2022/10/20 12:30:00",OAKEY1SF,19.6130
D,DISPATCH,UNIT_SCADA,1,"2022/10/20 12:30:00",OAKEY2,0
D,DISPATCH,UNIT_SCADA,1,"2022/10/20 12:30:00",OAKEY2SF,44.22
D,DISPATCH,UNIT_SCADA,1,"2022/10/20 12:30:00",OAKLAND1,3.30
D,DISPATCH,UNIT_SCADA,1,"2022/10/20 12:30:00",OSB-AG,0
D,DISPATCH,UNIT_SCADA,1,"2022/10/20 12:30:00",PAREPS1,0.0660
D,DISPATCH,UNIT_SCADA,1,"2022/10/20 12:30:00",PAREPW1,67.12
D,DISPATCH,UNIT_SCADA,1,"2022/10/20 12:30:00",PARSF1,3.199820
D,DISPATCH,UNIT_SCADA,1,"2022/10/20 12:30:00",POAT110,0
D,DISPATCH,UNIT_SCADA,1,"2022/10/20 12:30:00",POAT220,0
D,DISPATCH,UNIT_SCADA,1,"2022/10/20 12:30:00",POR01,0
D,DISPATCH,UNIT_SCADA,1,"2022/10/20 12:30:00",POR03,0
D,DISPATCH,UNIT_SCADA,1,"2022/10/20 12:30:00",PPCCGT,0
D,DISPATCH,UNIT_SCADA,1,"2022/10/20 12:30:00",PTSTAN1,0
D,DISPATCH,UNIT_SCADA,1,"2022/10/20 12:30:00",PUMP1,0
D,DISPATCH,UNIT_SCADA,1,"2022/10/20 12:30:00",PUMP2,0
D,DISPATCH,UNIT_SCADA,1,"2022/10/20 12:30:00",QBYNBG1,0.869490
D,DISPATCH,UNIT_SCADA,1,"2022/10/20 12:30:00",QBYNBL1,0
D,DISPATCH,UNIT_SCADA,1,"2022/10/20 12:30:00",QPS1,0
D,DISPATCH,UNIT_SCADA,1,"2022/10/20 12:30:00",QPS2,0
D,DISPATCH,UNIT_SCADA,1,"2022/10/20 12:30:00",QPS3,0
D,DISPATCH,UNIT_SCADA,1,"2022/10/20 12:30:00",QPS4,0
D,DISPATCH,UNIT_SCADA,1,"2022/10/20 12:30:00",QPS5,77.54
D,DISPATCH,UNIT_SCADA,1,"2022/10/20 12:30:00",REECE1,0
D,DISPATCH,UNIT_SCADA,1,"2022/10/20 12:30:00",REECE2,0
D,DISPATCH,UNIT_SCADA,1,"2022/10/20 12:30:00",ROMA_7,0
D,DISPATCH,UNIT_SCADA,1,"2022/10/20 12:30:00",ROMA_8,0
D,DISPATCH,UNIT_SCADA,1,"2022/10/20 12:30:00",RRSF1,34.955970
D,DISPATCH,UNIT_SCADA,1,"2022/10/20 12:30:00",RT_NSW1,0
D,DISPATCH,UNIT_SCADA,1,"2022/10/20 12:30:00",RT_NSW2,0
D,DISPATCH,UNIT_SCADA,1,"2022/10/20 12:30:00",RT_NSW3,0
D,DISPATCH,UNIT_SCADA,1,"2022/10/20 12:30:00",RT_NSW4,0
D,DISPATCH,UNIT_SCADA,1,"2022/10/20 12:30:00",RT_NSW5,0
D,DISPATCH,UNIT_SCADA,1,"2022/10/20 12:30:00",RT_NSW6,0
D,DISPATCH,UNIT_SCADA,1,"2022/10/20 12:30:00",RT_QLD1,0
D,DISPATCH,UNIT_SCADA,1,"2022/10/20 12:30:00",RT_SA1,0
D,DISPATCH,UNIT_SCADA,1,"2022/10/20 12:30:00",RT_SA2,0
D,DISPATCH,UNIT_SCADA,1,"2022/10/20 12:30:00",RT_SA3,0
D,DISPATCH,UNIT_SCADA,1,"2022/10/20 12:30:00",RT_SA4,0
D,DISPATCH,UNIT_SCADA,1,"2022/10/20 12:30:00",RT_SA5,0
D,DISPATCH,UNIT_SCADA,1,"2022/10/20 12:30:00",RT_SA6,0
D,DISPATCH,UNIT_SCADA,1,"2022/10/20 12:30:00",RT_TAS1,0
D,DISPATCH,UNIT_SCADA,1,"2022/10/20 12:30:00",RT_VIC1,0
D,DISPATCH,UNIT_SCADA,1,"2022/10/20 12:30:00",RT_VIC10,0
D,DISPATCH,UNIT_SCADA,1,"2022/10/20 12:30:00",RT_VIC11,0
D,DISPATCH,UNIT_SCADA,1,"2022/10/20 12:30:00",RT_VIC12,0
D,DISPATCH,UNIT_SCADA,1,"2022/10/20 12:30:00",RT_VIC2,0
D,DISPATCH,UNIT_SCADA,1,"2022/10/20 12:30:00",RT_VIC3,0
D,DISPATCH,UNIT_SCADA,1,"2022/10/20 12:30:00",RT_VIC4,0
D,DISPATCH,UNIT_SCADA,1,"2022/10/20 12:30:00",RT_VIC5,0
D,DISPATCH,UNIT_SCADA,1,"2022/10/20 12:30:00",RT_VIC6,0
D,DISPATCH,UNIT_SCADA,1,"2022/10/20 12:30:00",RT_VIC7,0
D,DISPATCH,UNIT_SCADA,1,"2022/10/20 12:30:00",RT_VIC8,0
D,DISPATCH,UNIT_SCADA,1,"2022/10/20 12:30:00",RT_VIC9,0
D,DISPATCH,UNIT_SCADA,1,"2022/10/20 12:30:00",RUGBYR1,65.2288
D,DISPATCH,UNIT_SCADA,1,"2022/10/20 12:30:00",SALTCRK1,17.33
D,DISPATCH,UNIT_SCADA,1,"2022/10/20 12:30:00",SAPHWF1,9.233230
D,DISPATCH,UNIT_SCADA,1,"2022/10/20 12:30:00",SEBSF1,18.064910
D,DISPATCH,UNIT_SCADA,1,"2022/10/20 12:30:00",SHGEN,0
D,DISPATCH,UNIT_SCADA,1,"2022/10/20 12:30:00",SHPUMP,0
D,DISPATCH,UNIT_SCADA,1,"2022/10/20 12:30:00",SITHE01,0.123710
D,DISPATCH,UNIT_SCADA,1,"2022/10/20 12:30:00",SMCSF1,75.6670
D,DISPATCH,UNIT_SCADA,1,"2022/10/20 12:30:00",SNAPPER1,0
D,DISPATCH,UNIT_SCADA,1,"2022/10/20 12:30:00",SNOWNTH1,60.90
D,DISPATCH,UNIT_SCADA,1,"2022/10/20 12:30:00",SNOWSTH1,23.50
D,DISPATCH,UNIT_SCADA,1,"2022/10/20 12:30:00",SNOWTWN1,0
D,DISPATCH,UNIT_SCADA,1,"2022/10/20 12:30:00",SNOWYP,0
D,DISPATCH,UNIT_SCADA,1,"2022/10/20 12:30:00",SNUG1,0
D,DISPATCH,UNIT_SCADA,1,"2022/10/20 12:30:00",SRSF1,13.39
D,DISPATCH,UNIT_SCADA,1,"2022/10/20 12:30:00",STAN-1,281.132810
D,DISPATCH,UNIT_SCADA,1,"2022/10/20 12:30:00",STAN-2,359.385470
D,DISPATCH,UNIT_SCADA,1,"2022/10/20 12:30:00",STAN-3,158.402370
D,DISPATCH,UNIT_SCADA,1,"2022/10/20 12:30:00",STAN-4,366.717250
D,DISPATCH,UNIT_SCADA,1,"2022/10/20 12:30:00",STARHLWF,0.01
D,DISPATCH,UNIT_SCADA,1,"2022/10/20 12:30:00",STOCKYD1,76.57
D,DISPATCH,UNIT_SCADA,1,"2022/10/20 12:30:00",STWF1,0
D,DISPATCH,UNIT_SCADA,1,"2022/10/20 12:30:00",SUNRSF1,66.298930
D,DISPATCH,UNIT_SCADA,1,"2022/10/20 12:30:00",SUNTPSF1,87.061260
D,DISPATCH,UNIT_SCADA,1,"2022/10/20 12:30:00",SWAN_E,190.819990
D,DISPATCH,UNIT_SCADA,1,"2022/10/20 12:30:00",TALWA1,0
D,DISPATCH,UNIT_SCADA,1,"2022/10/20 12:30:00",TARALGA1,0
D,DISPATCH,UNIT_SCADA,1,"2022/10/20 12:30:00",TARONG#1,347.50
D,DISPATCH,UNIT_SCADA,1,"2022/10/20 12:30:00",TARONG#2,346.800020
D,DISPATCH,UNIT_SCADA,1,"2022/10/20 12:30:00",TARONG#3,0.90
D,DISPATCH,UNIT_SCADA,1,"2022/10/20 12:30:00",TARONG#4,288.300020
D,DISPATCH,UNIT_SCADA,1,"2022/10/20 12:30:00",TARRALEA,54
D,DISPATCH,UNIT_SCADA,1,"2022/10/20 12:30:00",TBSF1,0.10
D,DISPATCH,UNIT_SCADA,1,"2022/10/20 12:30:00",TNPS1,325.1875
D,DISPATCH,UNIT_SCADA,1,"2022/10/20 12:30:00",TORRB1,0
D,DISPATCH,UNIT_SCADA,1,"2022/10/20 12:30:00",TORRB2,42
D,DISPATCH,UNIT_SCADA,1,"2022/10/20 12:30:00",TORRB3,0
D,DISPATCH,UNIT_SCADA,1,"2022/10/20 12:30:00",TORRB4,0
D,DISPATCH,UNIT_SCADA,1,"2022/10/20 12:30:00",TREVALLN,99.118810
D,DISPATCH,UNIT_SCADA,1,"2022/10/20 12:30:00",TRIBUTE,0
D,DISPATCH,UNIT_SCADA,1,"2022/10/20 12:30:00",TUMUT3,0
D,DISPATCH,UNIT_SCADA,1,"2022/10/20 12:30:00",TUNGATIN,3.600020
D,DISPATCH,UNIT_SCADA,1,"2022/10/20 12:30:00",TVCC201,0
D,DISPATCH,UNIT_SCADA,1,"2022/10/20 12:30:00",TVPP104,0
D,DISPATCH,UNIT_SCADA,1,"2022/10/20 12:30:00",UPPTUMUT,124.294370
D,DISPATCH,UNIT_SCADA,1,"2022/10/20 12:30:00",URANQ11,0
D,DISPATCH,UNIT_SCADA,1,"2022/10/20 12:30:00",URANQ12,0
D,DISPATCH,UNIT_SCADA,1,"2022/10/20 12:30:00",URANQ13,0
D,DISPATCH,UNIT_SCADA,1,"2022/10/20 12:30:00",URANQ14,0
D,DISPATCH,UNIT_SCADA,1,"2022/10/20 12:30:00",VBBG1,0
D,DISPATCH,UNIT_SCADA,1,"2022/10/20 12:30:00",VBBL1,97.80
D,DISPATCH,UNIT_SCADA,1,"2022/10/20 12:30:00",VP5,552.043210
D,DISPATCH,UNIT_SCADA,1,"2022/10/20 12:30:00",VP6,550.578310
D,DISPATCH,UNIT_SCADA,1,"2022/10/20 12:30:00",VPGS1,0
D,DISPATCH,UNIT_SCADA,1,"2022/10/20 12:30:00",VPGS2,0
D,DISPATCH,UNIT_SCADA,1,"2022/10/20 12:30:00",VPGS3,0
D,DISPATCH,UNIT_SCADA,1,"2022/10/20 12:30:00",VPGS4,0
D,DISPATCH,UNIT_SCADA,1,"2022/10/20 12:30:00",VPGS5,0
D,DISPATCH,UNIT_SCADA,1,"2022/10/20 12:30:00",VPGS6,0
D,DISPATCH,UNIT_SCADA,1,"2022/10/20 12:30:00",W/HOE#1,0
D,DISPATCH,UNIT_SCADA,1,"2022/10/20 12:30:00",W/HOE#2,0
D,DISPATCH,UNIT_SCADA,1,"2022/10/20 12:30:00",WAGGNSF1,0
D,DISPATCH,UNIT_SCADA,1,"2022/10/20 12:30:00",WALGRVG1,0.000930
D,DISPATCH,UNIT_SCADA,1,"2022/10/20 12:30:00",WALGRVL1,0
D,DISPATCH,UNIT_SCADA,1,"2022/10/20 12:30:00",WANDBG1,0
D,DISPATCH,UNIT_SCADA,1,"2022/10/20 12:30:00",WANDBL1,2.458190
D,DISPATCH,UNIT_SCADA,1,"2022/10/20 12:30:00",WARWSF1,11.92
D,DISPATCH,UNIT_SCADA,1,"2022/10/20 12:30:00",WARWSF2,11.55
D,DISPATCH,UNIT_SCADA,1,"2022/10/20 12:30:00",WATERLWF,32.80
D,DISPATCH,UNIT_SCADA,1,"2022/10/20 12:30:00",WDGPH1,46.9970
D,DISPATCH,UNIT_SCADA,1,"2022/10/20 12:30:00",WELLSF1,91.783020
D,DISPATCH,UNIT_SCADA,1,"2022/10/20 12:30:00",WEMENSF1,36.50
D,DISPATCH,UNIT_SCADA,1,"2022/10/20 12:30:00",WGWF1,40.20
D,DISPATCH,UNIT_SCADA,1,"2022/10/20 12:30:00",WHITSF1,6.90
D,DISPATCH,UNIT_SCADA,1,"2022/10/20 12:30:00",WINTSF1,83.13
D,DISPATCH,UNIT_SCADA,1,"2022/10/20 12:30:00",WKIEWA1,32.10
D,DISPATCH,UNIT_SCADA,1,"2022/10/20 12:30:00",WKIEWA2,14.10
D,DISPATCH,UNIT_SCADA,1,"2022/10/20 12:30:00",WOODLWN1,19.147260
D,DISPATCH,UNIT_SCADA,1,"2022/10/20 12:30:00",WOOLGSF1,19.591170
D,DISPATCH,UNIT_SCADA,1,"2022/10/20 12:30:00",WPWF,0
D,DISPATCH,UNIT_SCADA,1,"2022/10/20 12:30:00",WRSF1,1.1597
D,DISPATCH,UNIT_SCADA,1,"2022/10/20 12:30:00",WRWF1,2.760050
D,DISPATCH,UNIT_SCADA,1,"2022/10/20 12:30:00",WSTWYSF1,0.108980
D,DISPATCH,UNIT_SCADA,1,"2022/10/20 12:30:00",YABULU,0
D,DISPATCH,UNIT_SCADA,1,"2022/10/20 12:30:00",YABULU2,0
D,DISPATCH,UNIT_SCADA,1,"2022/10/20 12:30:00",YARANSF1,72.22
D,DISPATCH,UNIT_SCADA,1,"2022/10/20 12:30:00",YARWUN_1,162.069990
D,DISPATCH,UNIT_SCADA,1,"2022/10/20 12:30:00",YATSF1,0.20
D,DISPATCH,UNIT_SCADA,1,"2022/10/20 12:30:00",YENDWF1,46.91
D,DISPATCH,UNIT_SCADA,1,"2022/10/20 12:30:00",YWPS1,249.620250
D,DISPATCH,UNIT_SCADA,1,"2022/10/20 12:30:00",YWPS2,252.126590
D,DISPATCH,UNIT_SCADA,1,"2022/10/20 12:30:00",YWPS3,280.350650
D,DISPATCH,UNIT_SCADA,1,"2022/10/20 12:30:00",YWPS4,0
C,"END OF REPORT",419
