C,NEMP.WORLD,DISPATCHSCADA,AEMO,PUBLIC,2022/10/20,20:50:10,0000000373280235,DISPATCHSCADA,0000000373280229
I,DISPATCH,UNIT_SCADA,1,SETTLEMENTDATE,DUID,SCADAVALUE
D,DISPATCH,UNIT_SCADA,1,"2022/10/20 20:55:00",BARCSF1,0.10
D,DISPATCH,UNIT_SCADA,1,"2022/10/20 20:55:00",BUTLERSG,8.699999
D,DISPATCH,UNIT_SCADA,1,"2022/10/20 20:55:00",CAPTL_WF,91.614677
D,DISPATCH,UNIT_SCADA,1,"2022/10/20 20:55:00",CHALLHWF,7.20
D,DISPATCH,UNIT_SCADA,1,"2022/10/20 20:55:00",CLOVER,13.19
D,DISPATCH,UNIT_SCADA,1,"2022/10/20 20:55:00",CLUNY,6.224308
D,DISPATCH,UNIT_SCADA,1,"2022/10/20 20:55:00",CULLRGWF,-0.02
D,DISPATCH,UNIT_SCADA,1,"2022/10/20 20:55:00",DIAPURWF1,0.60
D,DISPATCH,UNIT_SCADA,1,"2022/10/20 20:55:00",ERGT01,0
D,DISPATCH,UNIT_SCADA,1,"2022/10/20 20:55:00",GB01,0
D,DISPATCH,UNIT_SCADA,1,"2022/10/20 20:55:00",GERMCRK,19
D,DISPATCH,UNIT_SCADA,1,"2022/10/20 20:55:00",GRIFSF1,0.001526
D,DISPATCH,UNIT_SCADA,1,"2022/10/20 20:55:00",HEZ1,0
D,DISPATCH,UNIT_SCADA,1,"2022/10/20 20:55:00",HUGSF1,-0.0420
D,DISPATCH,UNIT_SCADA,1,"2022/10/20 20:55:00",KEPBG1,0
D,DISPATCH,UNIT_SCADA,1,"2022/10/20 20:55:00",LRSF1,0.0110
D,DISPATCH,UNIT_SCADA,1,"2022/10/20 20:55:00",MBAHNTH,45.150009
D,DISPATCH,UNIT_SCADA,1,"2022/10/20 20:55:00",MLSP1,0
D,DISPATCH,UNIT_SCADA,1,"2022/10/20 20:55:00",MLWF1,6.3750
D,DISPATCH,UNIT_SCADA,1,"2022/10/20 20:55:00",PALOONA,30.529999
D,DISPATCH,UNIT_SCADA,1,"2022/10/20 20:55:00",PIONEER,23.700001
D,DISPATCH,UNIT_SCADA,1,"2022/10/20 20:55:00",PORTWF,52
D,DISPATCH,UNIT_SCADA,1,"2022/10/20 20:55:00",REPULSE,9.308614
D,DISPATCH,UNIT_SCADA,1,"2022/10/20 20:55:00",ROWALLAN,8.8821
D,DISPATCH,UNIT_SCADA,1,"2022/10/20 20:55:00",ROYALLA1,0
D,DISPATCH,UNIT_SCADA,1,"2022/10/20 20:55:00",RPCG,-0.50
D,DISPATCH,UNIT_SCADA,1,"2022/10/20 20:55:00",RUBICON,0
D,DISPATCH,UNIT_SCADA,1,"2022/10/20 20:55:00",WAUBRAWF,53.9650
D,DISPATCH,UNIT_SCADA,1,"2022/10/20 20:55:00",WOOLNTH1,79.759995
D,DISPATCH,UNIT_SCADA,1,"2022/10/20 20:55:00",YAMBUKWF,5.50
D,DISPATCH,UNIT_SCADA,1,"2022/10/20 20:55:00",YSWF1,2.50
D,DISPATCH,UNIT_SCADA,1,"2022/10/20 20:55:00",ADPBA1G,0.0080
D,DISPATCH,UNIT_SCADA,1,"2022/10/20 20:55:00",ADPBA1L,0
D,DISPATCH,UNIT_SCADA,1,"2022/10/20 20:55:00",ADPPV1,0
D,DISPATCH,UNIT_SCADA,1,"2022/10/20 20:55:00",AGLHAL,31.029710
D,DISPATCH,UNIT_SCADA,1,"2022/10/20 20:55:00",AGLSOM,0
D,DISPATCH,UNIT_SCADA,1,"2022/10/20 20:55:00",ANGAST1,0
D,DISPATCH,UNIT_SCADA,1,"2022/10/20 20:55:00",ARWF1,2.40
D,DISPATCH,UNIT_SCADA,1,"2022/10/20 20:55:00",BALBG1,4.72
D,DISPATCH,UNIT_SCADA,1,"2022/10/20 20:55:00",BALBL1,0
D,DISPATCH,UNIT_SCADA,1,"2022/10/20 20:55:00",BALDHWF1,96.4380
D,DISPATCH,UNIT_SCADA,1,"2022/10/20 20:55:00",BANGOWF1,86.297710
D,DISPATCH,UNIT_SCADA,1,"2022/10/20 20:55:00",BANGOWF2,66.699090
D,DISPATCH,UNIT_SCADA,1,"2022/10/20 20:55:00",BANN1,0
D,DISPATCH,UNIT_SCADA,1,"2022/10/20 20:55:00",BARCALDN,0
D,DISPATCH,UNIT_SCADA,1,"2022/10/20 20:55:00",BARKIPS1,192.159990
D,DISPATCH,UNIT_SCADA,1,"2022/10/20 20:55:00",BARRON-1,0
D,DISPATCH,UNIT_SCADA,1,"2022/10/20 20:55:00",BARRON-2,0
D,DISPATCH,UNIT_SCADA,1,"2022/10/20 20:55:00",BASTYAN,0
D,DISPATCH,UNIT_SCADA,1,"2022/10/20 20:55:00",BBTHREE1,0
D,DISPATCH,UNIT_SCADA,1,"2022/10/20 20:55:00",BBTHREE2,0
D,DISPATCH,UNIT_SCADA,1,"2022/10/20 20:55:00",BBTHREE3,-1.14
D,DISPATCH,UNIT_SCADA,1,"2022/10/20 20:55:00",BDL01,0
D,DISPATCH,UNIT_SCADA,1,"2022/10/20 20:55:00",BDL02,0
D,DISPATCH,UNIT_SCADA,1,"2022/10/20 20:55:00",BERYLSF1,0
D,DISPATCH,UNIT_SCADA,1,"2022/10/20 20:55:00",BLOWERNG,62.60
D,DISPATCH,UNIT_SCADA,1,"2022/10/20 20:55:00",BLUEGSF1,0
D,DISPATCH,UNIT_SCADA,1,"2022/10/20 20:55:00",BLUFF1,9.20
D,DISPATCH,UNIT_SCADA,1,"2022/10/20 20:55:00",BNGSF1,0
D,DISPATCH,UNIT_SCADA,1,"2022/10/20 20:55:00",BNGSF2,0
D,DISPATCH,UNIT_SCADA,1,"2022/10/20 20:55:00",BOCORWF1,27.49
D,DISPATCH,UNIT_SCADA,1,"2022/10/20 20:55:00",BODWF1,110.951790
D,DISPATCH,UNIT_SCADA,1,"2022/10/20 20:55:00",BOMENSF1,0
D,DISPATCH,UNIT_SCADA,1,"2022/10/20 20:55:00",BOWWBA1G,0
D,DISPATCH,UNIT_SCADA,1,"2022/10/20 20:55:00",BOWWBA1L,0.0010
D,DISPATCH,UNIT_SCADA,1,"2022/10/20 20:55:00",BOWWPV1,0
D,DISPATCH,UNIT_SCADA,1,"2022/10/20 20:55:00",BRAEMAR1,0
D,DISPATCH,UNIT_SCADA,1,"2022/10/20 20:55:00",BRAEMAR2,0
D,DISPATCH,UNIT_SCADA,1,"2022/10/20 20:55:00",BRAEMAR3,0
D,DISPATCH,UNIT_SCADA,1,"2022/10/20 20:55:00",BRAEMAR5,144.619570
D,DISPATCH,UNIT_SCADA,1,"2022/10/20 20:55:00",BRAEMAR6,0
D,DISPATCH,UNIT_SCADA,1,"2022/10/20 20:55:00",BRAEMAR7,140.510590
D,DISPATCH,UNIT_SCADA,1,"2022/10/20 20:55:00",BROKENH1,0
D,DISPATCH,UNIT_SCADA,1,"2022/10/20 20:55:00",BRYB1WF1,61.875340
D,DISPATCH,UNIT_SCADA,1,"2022/10/20 20:55:00",BULBESG1,0
D,DISPATCH,UNIT_SCADA,1,"2022/10/20 20:55:00",BULBESL1,0.03
D,DISPATCH,UNIT_SCADA,1,"2022/10/20 20:55:00",BULGANA1,30.86
D,DISPATCH,UNIT_SCADA,1,"2022/10/20 20:55:00",BW01,659.275210
D,DISPATCH,UNIT_SCADA,1,"2022/10/20 20:55:00",BW02,641.257320
D,DISPATCH,UNIT_SCADA,1,"2022/10/20 20:55:00",BW03,601.8280
D,DISPATCH,UNIT_SCADA,1,"2022/10/20 20:55:00",BW04,0
D,DISPATCH,UNIT_SCADA,1,"2022/10/20 20:55:00",CALL_B_1,319.600010
D,DISPATCH,UNIT_SCADA,1,"2022/10/20 20:55:00",CALL_B_2,320.700010
D,DISPATCH,UNIT_SCADA,1,"2022/10/20 20:55:00",CATHROCK,1.20
D,DISPATCH,UNIT_SCADA,1,"2022/10/20 20:55:00",CBWWBA1G,0
D,DISPATCH,UNIT_SCADA,1,"2022/10/20 20:55:00",CBWWBA1L,0
D,DISPATCH,UNIT_SCADA,1,"2022/10/20 20:55:00",CETHANA,97.166630
D,DISPATCH,UNIT_SCADA,1,"2022/10/20 20:55:00",CG1,0
D,DISPATCH,UNIT_SCADA,1,"2022/10/20 20:55:00",CG2,0
D,DISPATCH,UNIT_SCADA,1,"2022/10/20 20:55:00",CG3,0
D,DISPATCH,UNIT_SCADA,1,"2022/10/20 20:55:00",CG4,0
D,DISPATCH,UNIT_SCADA,1,"2022/10/20 20:55:00",CHILDSF1,0
D,DISPATCH,UNIT_SCADA,1,"2022/10/20 20:55:00",CHYTWF1,0
D,DISPATCH,UNIT_SCADA,1,"2022/10/20 20:55:00",CLARESF1,0
D,DISPATCH,UNIT_SCADA,1,"2022/10/20 20:55:00",CLEMGPWF,0.432210
D,DISPATCH,UNIT_SCADA,1,"2022/10/20 20:55:00",CLERMSF1,0
D,DISPATCH,UNIT_SCADA,1,"2022/10/20 20:55:00",CNUNDAWF,15.718340
D,DISPATCH,UNIT_SCADA,1,"2022/10/20 20:55:00",COHUNSF1,0
D,DISPATCH,UNIT_SCADA,1,"2022/10/20 20:55:00",COLEASF1,0
D,DISPATCH,UNIT_SCADA,1,"2022/10/20 20:55:00",COLUMSF1,0
D,DISPATCH,UNIT_SCADA,1,"2022/10/20 20:55:00",COLWF01,125.610750
D,DISPATCH,UNIT_SCADA,1,"2022/10/20 20:55:00",COOPGWF1,386.829990
D,DISPATCH,UNIT_SCADA,1,"2022/10/20 20:55:00",CPP_3,379.50
D,DISPATCH,UNIT_SCADA,1,"2022/10/20 20:55:00",CPP_4,0
D,DISPATCH,UNIT_SCADA,1,"2022/10/20 20:55:00",CPSA,0
D,DISPATCH,UNIT_SCADA,1,"2022/10/20 20:55:00",CROOKWF2,32.1239
D,DISPATCH,UNIT_SCADA,1,"2022/10/20 20:55:00",CROWLWF1,18.814980
D,DISPATCH,UNIT_SCADA,1,"2022/10/20 20:55:00",CRURWF1,98.797360
D,DISPATCH,UNIT_SCADA,1,"2022/10/20 20:55:00",CRWASF1,0
D,DISPATCH,UNIT_SCADA,1,"2022/10/20 20:55:00",CSPVPS1,0
D,DISPATCH,UNIT_SCADA,1,"2022/10/20 20:55:00",CTHLWF1,0.003050
D,DISPATCH,UNIT_SCADA,1,"2022/10/20 20:55:00",DALNTH01,0
D,DISPATCH,UNIT_SCADA,1,"2022/10/20 20:55:00",DALNTHL1,0.138860
D,DISPATCH,UNIT_SCADA,1,"2022/10/20 20:55:00",DARLSF1,0
D,DISPATCH,UNIT_SCADA,1,"2022/10/20 20:55:00",DARTM1,0
D,DISPATCH,UNIT_SCADA,1,"2022/10/20 20:55:00",DAYDSF1,0
D,DISPATCH,UNIT_SCADA,1,"2022/10/20 20:55:00",DDPS1,0
D,DISPATCH,UNIT_SCADA,1,"2022/10/20 20:55:00",DDSF1,0
D,DISPATCH,UNIT_SCADA,1,"2022/10/20 20:55:00",DEVILS_G,57.987610
D,DISPATCH,UNIT_SCADA,1,"2022/10/20 20:55:00",DG_NSW1,0
D,DISPATCH,UNIT_SCADA,1,"2022/10/20 20:55:00",DG_QLD1,0
D,DISPATCH,UNIT_SCADA,1,"2022/10/20 20:55:00",DG_SA1,0
D,DISPATCH,UNIT_SCADA,1,"2022/10/20 20:55:00",DG_TAS1,0
D,DISPATCH,UNIT_SCADA,1,"2022/10/20 20:55:00",DG_VIC1,0
D,DISPATCH,UNIT_SCADA,1,"2022/10/20 20:55:00",DRYCGT1,0
D,DISPATCH,UNIT_SCADA,1,"2022/10/20 20:55:00",DRYCGT2,0
D,DISPATCH,UNIT_SCADA,1,"2022/10/20 20:55:00",DRYCGT3,0
D,DISPATCH,UNIT_SCADA,1,"2022/10/20 20:55:00",DUNDWF1,93.35
D,DISPATCH,UNIT_SCADA,1,"2022/10/20 20:55:00",DUNDWF2,29.05
D,DISPATCH,UNIT_SCADA,1,"2022/10/20 20:55:00",DUNDWF3,80.65
D,DISPATCH,UNIT_SCADA,1,"2022/10/20 20:55:00",EILDON1,59.76
D,DISPATCH,UNIT_SCADA,1,"2022/10/20 20:55:00",EILDON2,60
D,DISPATCH,UNIT_SCADA,1,"2022/10/20 20:55:00",ELAINWF1,20.46
D,DISPATCH,UNIT_SCADA,1,"2022/10/20 20:55:00",EMERASF1,0
D,DISPATCH,UNIT_SCADA,1,"2022/10/20 20:55:00",ER01,0
D,DISPATCH,UNIT_SCADA,1,"2022/10/20 20:55:00",ER02,654.953860
D,DISPATCH,UNIT_SCADA,1,"2022/10/20 20:55:00",ER03,674.973690
D,DISPATCH,UNIT_SCADA,1,"2022/10/20 20:55:00",ER04,674.436580
D,DISPATCH,UNIT_SCADA,1,"2022/10/20 20:55:00",FINLYSF1,0
D,DISPATCH,UNIT_SCADA,1,"2022/10/20 20:55:00",FISHER,43.82
D,DISPATCH,UNIT_SCADA,1,"2022/10/20 20:55:00",GANGARR1,0
D,DISPATCH,UNIT_SCADA,1,"2022/10/20 20:55:00",GANNBG1,0
D,DISPATCH,UNIT_SCADA,1,"2022/10/20 20:55:00",GANNBL1,0.425770
D,DISPATCH,UNIT_SCADA,1,"2022/10/20 20:55:00",GANNSF1,0
D,DISPATCH,UNIT_SCADA,1,"2022/10/20 20:55:00",GLRWNSF1,0
D,DISPATCH,UNIT_SCADA,1,"2022/10/20 20:55:00",GNNDHSF1,0
D,DISPATCH,UNIT_SCADA,1,"2022/10/20 20:55:00",GOONSF1,0
D,DISPATCH,UNIT_SCADA,1,"2022/10/20 20:55:00",GORDON,259.358030
D,DISPATCH,UNIT_SCADA,1,"2022/10/20 20:55:00",GRANWF1,0
D,DISPATCH,UNIT_SCADA,1,"2022/10/20 20:55:00",GSTONE1,208.774990
D,DISPATCH,UNIT_SCADA,1,"2022/10/20 20:55:00",GSTONE2,0
D,DISPATCH,UNIT_SCADA,1,"2022/10/20 20:55:00",GSTONE3,200.024990
D,DISPATCH,UNIT_SCADA,1,"2022/10/20 20:55:00",GSTONE4,0
D,DISPATCH,UNIT_SCADA,1,"2022/10/20 20:55:00",GSTONE5,208.599990
D,DISPATCH,UNIT_SCADA,1,"2022/10/20 20:55:00",GSTONE6,209.649990
D,DISPATCH,UNIT_SCADA,1,"2022/10/20 20:55:00",GULLRSF1,0
D,DISPATCH,UNIT_SCADA,1,"2022/10/20 20:55:00",GULLRWF1,65.9740
D,DISPATCH,UNIT_SCADA,1,"2022/10/20 20:55:00",GULLRWF2,104.572880
D,DISPATCH,UNIT_SCADA,1,"2022/10/20 20:55:00",GUNNING1,0
D,DISPATCH,UNIT_SCADA,1,"2022/10/20 20:55:00",GUTHEGA,68
D,DISPATCH,UNIT_SCADA,1,"2022/10/20 20:55:00",HALLWF1,20.83
D,DISPATCH,UNIT_SCADA,1,"2022/10/20 20:55:00",HALLWF2,23.85
D,DISPATCH,UNIT_SCADA,1,"2022/10/20 20:55:00",HAMISF1,0
D,DISPATCH,UNIT_SCADA,1,"2022/10/20 20:55:00",HAUGHT11,0
D,DISPATCH,UNIT_SCADA,1,"2022/10/20 20:55:00",HAYMSF1,0
D,DISPATCH,UNIT_SCADA,1,"2022/10/20 20:55:00",HDWF1,23.20
D,DISPATCH,UNIT_SCADA,1,"2022/10/20 20:55:00",HDWF2,12.30
D,DISPATCH,UNIT_SCADA,1,"2022/10/20 20:55:00",HDWF3,20.80
D,DISPATCH,UNIT_SCADA,1,"2022/10/20 20:55:00",HILLSTN1,0
D,DISPATCH,UNIT_SCADA,1,"2022/10/20 20:55:00",HPRG1,0
D,DISPATCH,UNIT_SCADA,1,"2022/10/20 20:55:00",HPRL1,0.20
D,DISPATCH,UNIT_SCADA,1,"2022/10/20 20:55:00",HUMENSW,54.0507
D,DISPATCH,UNIT_SCADA,1,"2022/10/20 20:55:00",HUMEV,0
D,DISPATCH,UNIT_SCADA,1,"2022/10/20 20:55:00",HVWWBA1G,0
D,DISPATCH,UNIT_SCADA,1,"2022/10/20 20:55:00",HVWWBA1L,0.0060
D,DISPATCH,UNIT_SCADA,1,"2022/10/20 20:55:00",HVWWPV1,0
D,DISPATCH,UNIT_SCADA,1,"2022/10/20 20:55:00",JBUTTERS,19.755390
D,DISPATCH,UNIT_SCADA,1,"2022/10/20 20:55:00",JEMALNG1,0
D,DISPATCH,UNIT_SCADA,1,"2022/10/20 20:55:00",JLA01,0
D,DISPATCH,UNIT_SCADA,1,"2022/10/20 20:55:00",JLA02,0
D,DISPATCH,UNIT_SCADA,1,"2022/10/20 20:55:00",JLA03,0
D,DISPATCH,UNIT_SCADA,1,"2022/10/20 20:55:00",JLA04,0
D,DISPATCH,UNIT_SCADA,1,"2022/10/20 20:55:00",JLB01,0
D,DISPATCH,UNIT_SCADA,1,"2022/10/20 20:55:00",JLB02,0.10
D,DISPATCH,UNIT_SCADA,1,"2022/10/20 20:55:00",JLB03,0
D,DISPATCH,UNIT_SCADA,1,"2022/10/20 20:55:00",JUNEESF1,0
D,DISPATCH,UNIT_SCADA,1,"2022/10/20 20:55:00",KABANWF1,0.6770
D,DISPATCH,UNIT_SCADA,1,"2022/10/20 20:55:00",KAREEYA1,0
D,DISPATCH,UNIT_SCADA,1,"2022/10/20 20:55:00",KAREEYA2,0
D,DISPATCH,UNIT_SCADA,1,"2022/10/20 20:55:00",KAREEYA3,4.7250
D,DISPATCH,UNIT_SCADA,1,"2022/10/20 20:55:00",KAREEYA4,0
D,DISPATCH,UNIT_SCADA,1,"2022/10/20 20:55:00",KARSF1,0
D,DISPATCH,UNIT_SCADA,1,"2022/10/20 20:55:00",KEPSF1,0
D,DISPATCH,UNIT_SCADA,1,"2022/10/20 20:55:00",KEPWF1,3.23
D,DISPATCH,UNIT_SCADA,1,"2022/10/20 20:55:00",KIAMSF1,0
D,DISPATCH,UNIT_SCADA,1,"2022/10/20 20:55:00",KIATAWF1,8.70
D,DISPATCH,UNIT_SCADA,1,"2022/10/20 20:55:00",KPP_1,0
D,DISPATCH,UNIT_SCADA,1,"2022/10/20 20:55:00",KSP1,0
D,DISPATCH,UNIT_SCADA,1,"2022/10/20 20:55:00",LADBROK1,0.02
D,DISPATCH,UNIT_SCADA,1,"2022/10/20 20:55:00",LADBROK2,0.02
D,DISPATCH,UNIT_SCADA,1,"2022/10/20 20:55:00",LBBG1,0
D,DISPATCH,UNIT_SCADA,1,"2022/10/20 20:55:00",LBBL1,0
D,DISPATCH,UNIT_SCADA,1,"2022/10/20 20:55:00",LD01,379.424410
D,DISPATCH,UNIT_SCADA,1,"2022/10/20 20:55:00",LD02,85.7326
D,DISPATCH,UNIT_SCADA,1,"2022/10/20 20:55:00",LD04,313.614320
D,DISPATCH,UNIT_SCADA,1,"2022/10/20 20:55:00",LEM_WIL,86.998630
D,DISPATCH,UNIT_SCADA,1,"2022/10/20 20:55:00",LGAPWF1,100.439990
D,DISPATCH,UNIT_SCADA,1,"2022/10/20 20:55:00",LGAPWF2,67.939990
D,DISPATCH,UNIT_SCADA,1,"2022/10/20 20:55:00",LILYSF1,0
D,DISPATCH,UNIT_SCADA,1,"2022/10/20 20:55:00",LIMOSF11,0
D,DISPATCH,UNIT_SCADA,1,"2022/10/20 20:55:00",LIMOSF21,0
D,DISPATCH,UNIT_SCADA,1,"2022/10/20 20:55:00",LI_WY_CA,62.940860
D,DISPATCH,UNIT_SCADA,1,"2022/10/20 20:55:00",LKBONNY1,19.9160
D,DISPATCH,UNIT_SCADA,1,"2022/10/20 20:55:00",LKBONNY2,58.067650
D,DISPATCH,UNIT_SCADA,1,"2022/10/20 20:55:00",LKBONNY3,12.225030
D,DISPATCH,UNIT_SCADA,1,"2022/10/20 20:55:00",LK_ECHO,0
D,DISPATCH,UNIT_SCADA,1,"2022/10/20 20:55:00",LNGS1,0
D,DISPATCH,UNIT_SCADA,1,"2022/10/20 20:55:00",LNGS2,0
D,DISPATCH,UNIT_SCADA,1,"2022/10/20 20:55:00",LONSDALE,0
D,DISPATCH,UNIT_SCADA,1,"2022/10/20 20:55:00",LOYYB1,580.074710
D,DISPATCH,UNIT_SCADA,1,"2022/10/20 20:55:00",LOYYB2,575.939270
D,DISPATCH,UNIT_SCADA,1,"2022/10/20 20:55:00",LYA1,560
D,DISPATCH,UNIT_SCADA,1,"2022/10/20 20:55:00",LYA2,0
D,DISPATCH,UNIT_SCADA,1,"2022/10/20 20:55:00",LYA3,560
D,DISPATCH,UNIT_SCADA,1,"2022/10/20 20:55:00",LYA4,561
D,DISPATCH,UNIT_SCADA,1,"2022/10/20 20:55:00",MACARTH1,150.896510
D,DISPATCH,UNIT_SCADA,1,"2022/10/20 20:55:00",MACKNTSH,25.27
D,DISPATCH,UNIT_SCADA,1,"2022/10/20 20:55:00",MANSLR1,0
D,DISPATCH,UNIT_SCADA,1,"2022/10/20 20:55:00",MAPS2PV1,0
D,DISPATCH,UNIT_SCADA,1,"2022/10/20 20:55:00",MAPS3PV1,0
D,DISPATCH,UNIT_SCADA,1,"2022/10/20 20:55:00",MARYRSF1,0
D,DISPATCH,UNIT_SCADA,1,"2022/10/20 20:55:00",MBPS2PV1,0
D,DISPATCH,UNIT_SCADA,1,"2022/10/20 20:55:00",MCKAY1,220.7150
D,DISPATCH,UNIT_SCADA,1,"2022/10/20 20:55:00",MEADOWBK,19.691620
D,DISPATCH,UNIT_SCADA,1,"2022/10/20 20:55:00",MERCER01,29
D,DISPATCH,UNIT_SCADA,1,"2022/10/20 20:55:00",METZSF1,0
D,DISPATCH,UNIT_SCADA,1,"2022/10/20 20:55:00",MEWF1,9.2288
D,DISPATCH,UNIT_SCADA,1,"2022/10/20 20:55:00",MIDDLSF1,0
D,DISPATCH,UNIT_SCADA,1,"2022/10/20 20:55:00",MINTARO,0.128180
D,DISPATCH,UNIT_SCADA,1,"2022/10/20 20:55:00",MOLNGSF1,0
D,DISPATCH,UNIT_SCADA,1,"2022/10/20 20:55:00",MOORAWF1,19.57
D,DISPATCH,UNIT_SCADA,1,"2022/10/20 20:55:00",MOREESF1,0
D,DISPATCH,UNIT_SCADA,1,"2022/10/20 20:55:00",MORTLK11,0
D,DISPATCH,UNIT_SCADA,1,"2022/10/20 20:55:00",MORTLK12,0
D,DISPATCH,UNIT_SCADA,1,"2022/10/20 20:55:00",MOUSF1,0
D,DISPATCH,UNIT_SCADA,1,"2022/10/20 20:55:00",MP1,0
D,DISPATCH,UNIT_SCADA,1,"2022/10/20 20:55:00",MP2,490.229640
D,DISPATCH,UNIT_SCADA,1,"2022/10/20 20:55:00",MPP_1,182.180790
D,DISPATCH,UNIT_SCADA,1,"2022/10/20 20:55:00",MPP_2,176.473820
D,DISPATCH,UNIT_SCADA,1,"2022/10/20 20:55:00",MRTLSWF1,0
D,DISPATCH,UNIT_SCADA,1,"2022/10/20 20:55:00",MSTUART1,0
D,DISPATCH,UNIT_SCADA,1,"2022/10/20 20:55:00",MSTUART2,0
D,DISPATCH,UNIT_SCADA,1,"2022/10/20 20:55:00",MSTUART3,0
D,DISPATCH,UNIT_SCADA,1,"2022/10/20 20:55:00",MTGELWF1,27.227090
D,DISPATCH,UNIT_SCADA,1,"2022/10/20 20:55:00",MTMILLAR,20.60
D,DISPATCH,UNIT_SCADA,1,"2022/10/20 20:55:00",MURRAY,60.10
D,DISPATCH,UNIT_SCADA,1,"2022/10/20 20:55:00",MUSSELR1,19.20
D,DISPATCH,UNIT_SCADA,1,"2022/10/20 20:55:00",MUWAWF1,10.14
D,DISPATCH,UNIT_SCADA,1,"2022/10/20 20:55:00",MUWAWF2,12.30
D,DISPATCH,UNIT_SCADA,1,"2022/10/20 20:55:00",MWPS1PV1,0
D,DISPATCH,UNIT_SCADA,1,"2022/10/20 20:55:00",MWPS2PV1,0
D,DISPATCH,UNIT_SCADA,1,"2022/10/20 20:55:00",MWPS3PV1,0
D,DISPATCH,UNIT_SCADA,1,"2022/10/20 20:55:00",MWPS4PV1,0
D,DISPATCH,UNIT_SCADA,1,"2022/10/20 20:55:00",NBHWF1,17.40
D,DISPATCH,UNIT_SCADA,1,"2022/10/20 20:55:00",NEVERSF1,0
D,DISPATCH,UNIT_SCADA,1,"2022/10/20 20:55:00",NPS,0
D,DISPATCH,UNIT_SCADA,1,"2022/10/20 20:55:00",NUMURSF1,0
D,DISPATCH,UNIT_SCADA,1,"2022/10/20 20:55:00",NYNGAN1,0
D,DISPATCH,UNIT_SCADA,1,"2022/10/20 20:55:00",OAKEY1,0
D,DISPATCH,UNIT_SCADA,1,"2022/10/20 20:55:00",OAKEY1SF,0
D,DISPATCH,UNIT_SCADA,1,"2022/10/20 20:55:00",OAKEY2,0
D,DISPATCH,UNIT_SCADA,1,"2022/10/20 20:55:00",OAKEY2SF,0
D,DISPATCH,UNIT_SCADA,1,"2022/10/20 20:55:00",OAKLAND1,30.40
D,DISPATCH,UNIT_SCADA,1,"2022/10/20 20:55:00",OSB-AG,177.929990
D,DISPATCH,UNIT_SCADA,1,"2022/10/20 20:55:00",PAREPS1,0
D,DISPATCH,UNIT_SCADA,1,"2022/10/20 20:55:00",PAREPW1,60.46
D,DISPATCH,UNIT_SCADA,1,"2022/10/20 20:55:00",PARSF1,0.001530
D,DISPATCH,UNIT_SCADA,1,"2022/10/20 20:55:00",POAT110,2.89
D,DISPATCH,UNIT_SCADA,1,"2022/10/20 20:55:00",POAT220,0
D,DISPATCH,UNIT_SCADA,1,"2022/10/20 20:55:00",POR01,0
D,DISPATCH,UNIT_SCADA,1,"2022/10/20 20:55:00",POR03,0
D,DISPATCH,UNIT_SCADA,1,"2022/10/20 20:55:00",PPCCGT,166.169980
D,DISPATCH,UNIT_SCADA,1,"2022/10/20 20:55:00",PTSTAN1,0
D,DISPATCH,UNIT_SCADA,1,"2022/10/20 20:55:00",PUMP1,0
D,DISPATCH,UNIT_SCADA,1,"2022/10/20 20:55:00",PUMP2,0
D,DISPATCH,UNIT_SCADA,1,"2022/10/20 20:55:00",QBYNBG1,0
D,DISPATCH,UNIT_SCADA,1,"2022/10/20 20:55:00",QBYNBL1,0.0015
D,DISPATCH,UNIT_SCADA,1,"2022/10/20 20:55:00",QPS1,0
D,DISPATCH,UNIT_SCADA,1,"2022/10/20 20:55:00",QPS2,0
D,DISPATCH,UNIT_SCADA,1,"2022/10/20 20:55:00",QPS3,0
D,DISPATCH,UNIT_SCADA,1,"2022/10/20 20:55:00",QPS4,0
D,DISPATCH,UNIT_SCADA,1,"2022/10/20 20:55:00",QPS5,0
D,DISPATCH,UNIT_SCADA,1,"2022/10/20 20:55:00",REECE1,47.527570
D,DISPATCH,UNIT_SCADA,1,"2022/10/20 20:55:00",REECE2,0
D,DISPATCH,UNIT_SCADA,1,"2022/10/20 20:55:00",ROMA_7,0
D,DISPATCH,UNIT_SCADA,1,"2022/10/20 20:55:00",ROMA_8,0
D,DISPATCH,UNIT_SCADA,1,"2022/10/20 20:55:00",RRSF1,0
D,DISPATCH,UNIT_SCADA,1,"2022/10/20 20:55:00",RT_NSW1,0
D,DISPATCH,UNIT_SCADA,1,"2022/10/20 20:55:00",RT_NSW2,0
D,DISPATCH,UNIT_SCADA,1,"2022/10/20 20:55:00",RT_NSW3,0
D,DISPATCH,UNIT_SCADA,1,"2022/10/20 20:55:00",RT_NSW4,0
D,DISPATCH,UNIT_SCADA,1,"2022/10/20 20:55:00",RT_NSW5,0
D,DISPATCH,UNIT_SCADA,1,"2022/10/20 20:55:00",RT_NSW6,0
D,DISPATCH,UNIT_SCADA,1,"2022/10/20 20:55:00",RT_QLD1,0
D,DISPATCH,UNIT_SCADA,1,"2022/10/20 20:55:00",RT_SA1,0
D,DISPATCH,UNIT_SCADA,1,"2022/10/20 20:55:00",RT_SA2,0
D,DISPATCH,UNIT_SCADA,1,"2022/10/20 20:55:00",RT_SA3,0
D,DISPATCH,UNIT_SCADA,1,"2022/10/20 20:55:00",RT_SA4,0
D,DISPATCH,UNIT_SCADA,1,"2022/10/20 20:55:00",RT_SA5,0
D,DISPATCH,UNIT_SCADA,1,"2022/10/20 20:55:00",RT_SA6,0
D,DISPATCH,UNIT_SCADA,1,"2022/10/20 20:55:00",RT_TAS1,0
D,DISPATCH,UNIT_SCADA,1,"2022/10/20 20:55:00",RT_VIC1,0
D,DISPATCH,UNIT_SCADA,1,"2022/10/20 20:55:00",RT_VIC10,0
D,DISPATCH,UNIT_SCADA,1,"2022/10/20 20:55:00",RT_VIC11,0
D,DISPATCH,UNIT_SCADA,1,"2022/10/20 20:55:00",RT_VIC12,0
D,DISPATCH,UNIT_SCADA,1,"2022/10/20 20:55:00",RT_VIC2,0
D,DISPATCH,UNIT_SCADA,1,"2022/10/20 20:55:00",RT_VIC3,0
D,DISPATCH,UNIT_SCADA,1,"2022/10/20 20:55:00",RT_VIC4,0
D,DISPATCH,UNIT_SCADA,1,"2022/10/20 20:55:00",RT_VIC5,0
D,DISPATCH,UNIT_SCADA,1,"2022/10/20 20:55:00",RT_VIC6,0
D,DISPATCH,UNIT_SCADA,1,"2022/10/20 20:55:00",RT_VIC7,0
D,DISPATCH,UNIT_SCADA,1,"2022/10/20 20:55:00",RT_VIC8,0
D,DISPATCH,UNIT_SCADA,1,"2022/10/20 20:55:00",RT_VIC9,0
D,DISPATCH,UNIT_SCADA,1,"2022/10/20 20:55:00",RUGBYR1,0
D,DISPATCH,UNIT_SCADA,1,"2022/10/20 20:55:00",SALTCRK1,24.06
D,DISPATCH,UNIT_SCADA,1,"2022/10/20 20:55:00",SAPHWF1,246.871140
D,DISPATCH,UNIT_SCADA,1,"2022/10/20 20:55:00",SEBSF1,0
D,DISPATCH,UNIT_SCADA,1,"2022/10/20 20:55:00",SHGEN,0
D,DISPATCH,UNIT_SCADA,1,"2022/10/20 20:55:00",SHPUMP,0
D,DISPATCH,UNIT_SCADA,1,"2022/10/20 20:55:00",SITHE01,0.123710
D,DISPATCH,UNIT_SCADA,1,"2022/10/20 20:55:00",SMCSF1,0
D,DISPATCH,UNIT_SCADA,1,"2022/10/20 20:55:00",SNAPPER1,0
D,DISPATCH,UNIT_SCADA,1,"2022/10/20 20:55:00",SNOWNTH1,55.80
D,DISPATCH,UNIT_SCADA,1,"2022/10/20 20:55:00",SNOWSTH1,29.70
D,DISPATCH,UNIT_SCADA,1,"2022/10/20 20:55:00",SNOWTWN1,39.190220
D,DISPATCH,UNIT_SCADA,1,"2022/10/20 20:55:00",SNOWYP,0
D,DISPATCH,UNIT_SCADA,1,"2022/10/20 20:55:00",SNUG1,0
D,DISPATCH,UNIT_SCADA,1,"2022/10/20 20:55:00",SRSF1,0
D,DISPATCH,UNIT_SCADA,1,"2022/10/20 20:55:00",STAN-1,280.376560
D,DISPATCH,UNIT_SCADA,1,"2022/10/20 20:55:00",STAN-2,365.640560
D,DISPATCH,UNIT_SCADA,1,"2022/10/20 20:55:00",STAN-3,364.397250
D,DISPATCH,UNIT_SCADA,1,"2022/10/20 20:55:00",STAN-4,364.410060
D,DISPATCH,UNIT_SCADA,1,"2022/10/20 20:55:00",STARHLWF,18.594580
D,DISPATCH,UNIT_SCADA,1,"2022/10/20 20:55:00",STOCKYD1,151.67
D,DISPATCH,UNIT_SCADA,1,"2022/10/20 20:55:00",STWF1,68.5832
D,DISPATCH,UNIT_SCADA,1,"2022/10/20 20:55:00",SUNRSF1,0
D,DISPATCH,UNIT_SCADA,1,"2022/10/20 20:55:00",SUNTPSF1,0
D,DISPATCH,UNIT_SCADA,1,"2022/10/20 20:55:00",SWAN_E,342.743740
D,DISPATCH,UNIT_SCADA,1,"2022/10/20 20:55:00",TALWA1,0
D,DISPATCH,UNIT_SCADA,1,"2022/10/20 20:55:00",TARALGA1,0
D,DISPATCH,UNIT_SCADA,1,"2022/10/20 20:55:00",TARONG#1,350.200010
D,DISPATCH,UNIT_SCADA,1,"2022/10/20 20:55:00",TARONG#2,349.800020
D,DISPATCH,UNIT_SCADA,1,"2022/10/20 20:55:00",TARONG#3,0.90
D,DISPATCH,UNIT_SCADA,1,"2022/10/20 20:55:00",TARONG#4,294.800020
D,DISPATCH,UNIT_SCADA,1,"2022/10/20 20:55:00",TARRALEA,54
D,DISPATCH,UNIT_SCADA,1,"2022/10/20 20:55:00",TBSF1,0
D,DISPATCH,UNIT_SCADA,1,"2022/10/20 20:55:00",TNPS1,420.25
D,DISPATCH,UNIT_SCADA,1,"2022/10/20 20:55:00",TORRB1,0
D,DISPATCH,UNIT_SCADA,1,"2022/10/20 20:55:00",TORRB2,61
D,DISPATCH,UNIT_SCADA,1,"2022/10/20 20:55:00",TORRB3,0
D,DISPATCH,UNIT_SCADA,1,"2022/10/20 20:55:00",TORRB4,0
D,DISPATCH,UNIT_SCADA,1,"2022/10/20 20:55:00",TREVALLN,97.915340
D,DISPATCH,UNIT_SCADA,1,"2022/10/20 20:55:00",TRIBUTE,0
D,DISPATCH,UNIT_SCADA,1,"2022/10/20 20:55:00",TUMUT3,288.87
D,DISPATCH,UNIT_SCADA,1,"2022/10/20 20:55:00",TUNGATIN,6.370020
D,DISPATCH,UNIT_SCADA,1,"2022/10/20 20:55:00",TVCC201,0
D,DISPATCH,UNIT_SCADA,1,"2022/10/20 20:55:00",TVPP104,0
D,DISPATCH,UNIT_SCADA,1,"2022/10/20 20:55:00",UPPTUMUT,0
D,DISPATCH,UNIT_SCADA,1,"2022/10/20 20:55:00",URANQ11,0
D,DISPATCH,UNIT_SCADA,1,"2022/10/20 20:55:00",URANQ12,0
D,DISPATCH,UNIT_SCADA,1,"2022/10/20 20:55:00",URANQ13,0
D,DISPATCH,UNIT_SCADA,1,"2022/10/20 20:55:00",URANQ14,0
D,DISPATCH,UNIT_SCADA,1,"2022/10/20 20:55:00",VBBG1,13.70
D,DISPATCH,UNIT_SCADA,1,"2022/10/20 20:55:00",VBBL1,0
D,DISPATCH,UNIT_SCADA,1,"2022/10/20 20:55:00",VP5,559.221190
D,DISPATCH,UNIT_SCADA,1,"2022/10/20 20:55:00",VP6,602.777160
D,DISPATCH,UNIT_SCADA,1,"2022/10/20 20:55:00",VPGS1,0
D,DISPATCH,UNIT_SCADA,1,"2022/10/20 20:55:00",VPGS2,0
D,DISPATCH,UNIT_SCADA,1,"2022/10/20 20:55:00",VPGS3,0
D,DISPATCH,UNIT_SCADA,1,"2022/10/20 20:55:00",VPGS4,0
D,DISPATCH,UNIT_SCADA,1,"2022/10/20 20:55:00",VPGS5,0
D,DISPATCH,UNIT_SCADA,1,"2022/10/20 20:55:00",VPGS6,0
D,DISPATCH,UNIT_SCADA,1,"2022/10/20 20:55:00",W/HOE#1,0
D,DISPATCH,UNIT_SCADA,1,"2022/10/20 20:55:00",W/HOE#2,0
D,DISPATCH,UNIT_SCADA,1,"2022/10/20 20:55:00",WAGGNSF1,0
D,DISPATCH,UNIT_SCADA,1,"2022/10/20 20:55:00",WALGRVG1,0.000930
D,DISPATCH,UNIT_SCADA,1,"2022/10/20 20:55:00",WALGRVL1,0
D,DISPATCH,UNIT_SCADA,1,"2022/10/20 20:55:00",WANDBG1,0
D,DISPATCH,UNIT_SCADA,1,"2022/10/20 20:55:00",WANDBL1,-0.284450
D,DISPATCH,UNIT_SCADA,1,"2022/10/20 20:55:00",WARWSF1,0
D,DISPATCH,UNIT_SCADA,1,"2022/10/20 20:55:00",WARWSF2,0
D,DISPATCH,UNIT_SCADA,1,"2022/10/20 20:55:00",WATERLWF,19.30
D,DISPATCH,UNIT_SCADA,1,"2022/10/20 20:55:00",WDGPH1,0
D,DISPATCH,UNIT_SCADA,1,"2022/10/20 20:55:00",WELLSF1,0
D,DISPATCH,UNIT_SCADA,1,"2022/10/20 20:55:00",WEMENSF1,0
D,DISPATCH,UNIT_SCADA,1,"2022/10/20 20:55:00",WGWF1,28.80
D,DISPATCH,UNIT_SCADA,1,"2022/10/20 20:55:00",WHITSF1,0
D,DISPATCH,UNIT_SCADA,1,"2022/10/20 20:55:00",WINTSF1,0
D,DISPATCH,UNIT_SCADA,1,"2022/10/20 20:55:00",WKIEWA1,33.90
D,DISPATCH,UNIT_SCADA,1,"2022/10/20 20:55:00",WKIEWA2,34
D,DISPATCH,UNIT_SCADA,1,"2022/10/20 20:55:00",WOODLWN1,32.243170
D,DISPATCH,UNIT_SCADA,1,"2022/10/20 20:55:00",WOOLGSF1,0
D,DISPATCH,UNIT_SCADA,1,"2022/10/20 20:55:00",WPWF,52.13
D,DISPATCH,UNIT_SCADA,1,"2022/10/20 20:55:00",WRSF1,0
D,DISPATCH,UNIT_SCADA,1,"2022/10/20 20:55:00",WRWF1,145.863430
D,DISPATCH,UNIT_SCADA,1,"2022/10/20 20:55:00",WSTWYSF1,0
D,DISPATCH,UNIT_SCADA,1,"2022/10/20 20:55:00",YABULU,153.270020
D,DISPATCH,UNIT_SCADA,1,"2022/10/20 20:55:00",YABULU2,0
D,DISPATCH,UNIT_SCADA,1,"2022/10/20 20:55:00",YARANSF1,0
D,DISPATCH,UNIT_SCADA,1,"2022/10/20 20:55:00",YARWUN_1,162.98
D,DISPATCH,UNIT_SCADA,1,"2022/10/20 20:55:00",YATSF1,0
D,DISPATCH,UNIT_SCADA,1,"2022/10/20 20:55:00",YENDWF1,4.77
D,DISPATCH,UNIT_SCADA,1,"2022/10/20 20:55:00",YWPS1,343.106320
D,DISPATCH,UNIT_SCADA,1,"2022/10/20 20:55:00",YWPS2,358.645570
D,DISPATCH,UNIT_SCADA,1,"2022/10/20 20:55:00",YWPS3,362.2114
D,DISPATCH,UNIT_SCADA,1,"2022/10/20 20:55:00",YWPS4,0
C,"END OF REPORT",419
