C,NEMP.WORLD,DISPATCHSCADA,AEMO,PUBLIC,2022/10/20,19:55:10,0000000373277584,DISPATCHSCADA,0000000373277578
I,DISPATCH,UNIT_SCADA,1,SETTLEMENTDATE,DUID,SCADAVALUE
D,DISPATCH,UNIT_SCADA,1,"2022/10/20 20:00:00",BARCSF1,0.10
D,DISPATCH,UNIT_SCADA,1,"2022/10/20 20:00:00",BUTLERSG,8.699999
D,DISPATCH,UNIT_SCADA,1,"2022/10/20 20:00:00",CAPTL_WF,108.982132
D,DISPATCH,UNIT_SCADA,1,"2022/10/20 20:00:00",CHALLHWF,10.70
D,DISPATCH,UNIT_SCADA,1,"2022/10/20 20:00:00",CLOVER,13.15
D,DISPATCH,UNIT_SCADA,1,"2022/10/20 20:00:00",CLUNY,6.386358
D,DISPATCH,UNIT_SCADA,1,"2022/10/20 20:00:00",CULLRGWF,-0.06
D,DISPATCH,UNIT_SCADA,1,"2022/10/20 20:00:00",DIAPURWF1,0.80
D,DISPATCH,UNIT_SCADA,1,"2022/10/20 20:00:00",ERGT01,0
D,DISPATCH,UNIT_SCADA,1,"2022/10/20 20:00:00",GB01,0
D,DISPATCH,UNIT_SCADA,1,"2022/10/20 20:00:00",GERMCRK,21.40
D,DISPATCH,UNIT_SCADA,1,"2022/10/20 20:00:00",GRIFSF1,0.001526
D,DISPATCH,UNIT_SCADA,1,"2022/10/20 20:00:00",HEZ1,0
D,DISPATCH,UNIT_SCADA,1,"2022/10/20 20:00:00",HUGSF1,-0.0420
D,DISPATCH,UNIT_SCADA,1,"2022/10/20 20:00:00",KEPBG1,0
D,DISPATCH,UNIT_SCADA,1,"2022/10/20 20:00:00",LRSF1,0.0110
D,DISPATCH,UNIT_SCADA,1,"2022/10/20 20:00:00",MBAHNTH,43.837494
D,DISPATCH,UNIT_SCADA,1,"2022/10/20 20:00:00",MLSP1,0
D,DISPATCH,UNIT_SCADA,1,"2022/10/20 20:00:00",MLWF1,6.7650
D,DISPATCH,UNIT_SCADA,1,"2022/10/20 20:00:00",PALOONA,30.67
D,DISPATCH,UNIT_SCADA,1,"2022/10/20 20:00:00",PIONEER,23.200001
D,DISPATCH,UNIT_SCADA,1,"2022/10/20 20:00:00",PORTWF,45.299999
D,DISPATCH,UNIT_SCADA,1,"2022/10/20 20:00:00",REPULSE,9.752956
D,DISPATCH,UNIT_SCADA,1,"2022/10/20 20:00:00",ROWALLAN,8.910501
D,DISPATCH,UNIT_SCADA,1,"2022/10/20 20:00:00",ROYALLA1,0
D,DISPATCH,UNIT_SCADA,1,"2022/10/20 20:00:00",RPCG,-0.50
D,DISPATCH,UNIT_SCADA,1,"2022/10/20 20:00:00",RUBICON,0
D,DISPATCH,UNIT_SCADA,1,"2022/10/20 20:00:00",WAUBRAWF,75.661003
D,DISPATCH,UNIT_SCADA,1,"2022/10/20 20:00:00",WOOLNTH1,72.57
D,DISPATCH,UNIT_SCADA,1,"2022/10/20 20:00:00",YAMBUKWF,7.50
D,DISPATCH,UNIT_SCADA,1,"2022/10/20 20:00:00",YSWF1,1.80
D,DISPATCH,UNIT_SCADA,1,"2022/10/20 20:00:00",ADPBA1G,0.0080
D,DISPATCH,UNIT_SCADA,1,"2022/10/20 20:00:00",ADPBA1L,0
D,DISPATCH,UNIT_SCADA,1,"2022/10/20 20:00:00",ADPPV1,0
D,DISPATCH,UNIT_SCADA,1,"2022/10/20 20:00:00",AGLHAL,31.006820
D,DISPATCH,UNIT_SCADA,1,"2022/10/20 20:00:00",AGLSOM,0
D,DISPATCH,UNIT_SCADA,1,"2022/10/20 20:00:00",ANGAST1,0
D,DISPATCH,UNIT_SCADA,1,"2022/10/20 20:00:00",ARWF1,9.30
D,DISPATCH,UNIT_SCADA,1,"2022/10/20 20:00:00",BALBG1,0
D,DISPATCH,UNIT_SCADA,1,"2022/10/20 20:00:00",BALBL1,0
D,DISPATCH,UNIT_SCADA,1,"2022/10/20 20:00:00",BALDHWF1,105.2390
D,DISPATCH,UNIT_SCADA,1,"2022/10/20 20:00:00",BANGOWF1,87.196150
D,DISPATCH,UNIT_SCADA,1,"2022/10/20 20:00:00",BANGOWF2,67.498050
D,DISPATCH,UNIT_SCADA,1,"2022/10/20 20:00:00",BANN1,0
D,DISPATCH,UNIT_SCADA,1,"2022/10/20 20:00:00",BARCALDN,0
D,DISPATCH,UNIT_SCADA,1,"2022/10/20 20:00:00",BARKIPS1,191.289990
D,DISPATCH,UNIT_SCADA,1,"2022/10/20 20:00:00",BARRON-1,27.84
D,DISPATCH,UNIT_SCADA,1,"2022/10/20 20:00:00",BARRON-2,0
D,DISPATCH,UNIT_SCADA,1,"2022/10/20 20:00:00",BASTYAN,69.290010
D,DISPATCH,UNIT_SCADA,1,"2022/10/20 20:00:00",BBTHREE1,0
D,DISPATCH,UNIT_SCADA,1,"2022/10/20 20:00:00",BBTHREE2,0
D,DISPATCH,UNIT_SCADA,1,"2022/10/20 20:00:00",BBTHREE3,-1.08
D,DISPATCH,UNIT_SCADA,1,"2022/10/20 20:00:00",BDL01,0
D,DISPATCH,UNIT_SCADA,1,"2022/10/20 20:00:00",BDL02,0
D,DISPATCH,UNIT_SCADA,1,"2022/10/20 20:00:00",BERYLSF1,0
D,DISPATCH,UNIT_SCADA,1,"2022/10/20 20:00:00",BLOWERNG,62.60
D,DISPATCH,UNIT_SCADA,1,"2022/10/20 20:00:00",BLUEGSF1,0
D,DISPATCH,UNIT_SCADA,1,"2022/10/20 20:00:00",BLUFF1,1.20
D,DISPATCH,UNIT_SCADA,1,"2022/10/20 20:00:00",BNGSF1,0
D,DISPATCH,UNIT_SCADA,1,"2022/10/20 20:00:00",BNGSF2,0
D,DISPATCH,UNIT_SCADA,1,"2022/10/20 20:00:00",BOCORWF1,22.56
D,DISPATCH,UNIT_SCADA,1,"2022/10/20 20:00:00",BODWF1,104.720230
D,DISPATCH,UNIT_SCADA,1,"2022/10/20 20:00:00",BOMENSF1,0
D,DISPATCH,UNIT_SCADA,1,"2022/10/20 20:00:00",BOWWBA1G,0.0010
D,DISPATCH,UNIT_SCADA,1,"2022/10/20 20:00:00",BOWWBA1L,0
D,DISPATCH,UNIT_SCADA,1,"2022/10/20 20:00:00",BOWWPV1,0
D,DISPATCH,UNIT_SCADA,1,"2022/10/20 20:00:00",BRAEMAR1,0
D,DISPATCH,UNIT_SCADA,1,"2022/10/20 20:00:00",BRAEMAR2,0
D,DISPATCH,UNIT_SCADA,1,"2022/10/20 20:00:00",BRAEMAR3,0
D,DISPATCH,UNIT_SCADA,1,"2022/10/20 20:00:00",BRAEMAR5,143.713170
D,DISPATCH,UNIT_SCADA,1,"2022/10/20 20:00:00",BRAEMAR6,0
D,DISPATCH,UNIT_SCADA,1,"2022/10/20 20:00:00",BRAEMAR7,152.233230
D,DISPATCH,UNIT_SCADA,1,"2022/10/20 20:00:00",BROKENH1,0
D,DISPATCH,UNIT_SCADA,1,"2022/10/20 20:00:00",BRYB1WF1,113.4020
D,DISPATCH,UNIT_SCADA,1,"2022/10/20 20:00:00",BULBESG1,0
D,DISPATCH,UNIT_SCADA,1,"2022/10/20 20:00:00",BULBESL1,0.03
D,DISPATCH,UNIT_SCADA,1,"2022/10/20 20:00:00",BULGANA1,41.28
D,DISPATCH,UNIT_SCADA,1,"2022/10/20 20:00:00",BW01,656.687260
D,DISPATCH,UNIT_SCADA,1,"2022/10/20 20:00:00",BW02,635.983830
D,DISPATCH,UNIT_SCADA,1,"2022/10/20 20:00:00",BW03,611.422910
D,DISPATCH,UNIT_SCADA,1,"2022/10/20 20:00:00",BW04,0
D,DISPATCH,UNIT_SCADA,1,"2022/10/20 20:00:00",CALL_B_1,319.50
D,DISPATCH,UNIT_SCADA,1,"2022/10/20 20:00:00",CALL_B_2,319.600010
D,DISPATCH,UNIT_SCADA,1,"2022/10/20 20:00:00",CATHROCK,1.60
D,DISPATCH,UNIT_SCADA,1,"2022/10/20 20:00:00",CBWWBA1G,0
D,DISPATCH,UNIT_SCADA,1,"2022/10/20 20:00:00",CBWWBA1L,0
D,DISPATCH,UNIT_SCADA,1,"2022/10/20 20:00:00",CETHANA,97.406130
D,DISPATCH,UNIT_SCADA,1,"2022/10/20 20:00:00",CG1,0
D,DISPATCH,UNIT_SCADA,1,"2022/10/20 20:00:00",CG2,0
D,DISPATCH,UNIT_SCADA,1,"2022/10/20 20:00:00",CG3,0
D,DISPATCH,UNIT_SCADA,1,"2022/10/20 20:00:00",CG4,0
D,DISPATCH,UNIT_SCADA,1,"2022/10/20 20:00:00",CHILDSF1,0
D,DISPATCH,UNIT_SCADA,1,"2022/10/20 20:00:00",CHYTWF1,4.26
D,DISPATCH,UNIT_SCADA,1,"2022/10/20 20:00:00",CLARESF1,0
D,DISPATCH,UNIT_SCADA,1,"2022/10/20 20:00:00",CLEMGPWF,0.720350
D,DISPATCH,UNIT_SCADA,1,"2022/10/20 20:00:00",CLERMSF1,0
D,DISPATCH,UNIT_SCADA,1,"2022/10/20 20:00:00",CNUNDAWF,16.218920
D,DISPATCH,UNIT_SCADA,1,"2022/10/20 20:00:00",COHUNSF1,0
D,DISPATCH,UNIT_SCADA,1,"2022/10/20 20:00:00",COLEASF1,0
D,DISPATCH,UNIT_SCADA,1,"2022/10/20 20:00:00",COLUMSF1,0
D,DISPATCH,UNIT_SCADA,1,"2022/10/20 20:00:00",COLWF01,96.575870
D,DISPATCH,UNIT_SCADA,1,"2022/10/20 20:00:00",COOPGWF1,368.09
D,DISPATCH,UNIT_SCADA,1,"2022/10/20 20:00:00",CPP_3,369.8750
D,DISPATCH,UNIT_SCADA,1,"2022/10/20 20:00:00",CPP_4,0
D,DISPATCH,UNIT_SCADA,1,"2022/10/20 20:00:00",CPSA,0
D,DISPATCH,UNIT_SCADA,1,"2022/10/20 20:00:00",CROOKWF2,33.7438
D,DISPATCH,UNIT_SCADA,1,"2022/10/20 20:00:00",CROWLWF1,33.544190
D,DISPATCH,UNIT_SCADA,1,"2022/10/20 20:00:00",CRURWF1,85.198970
D,DISPATCH,UNIT_SCADA,1,"2022/10/20 20:00:00",CRWASF1,0
D,DISPATCH,UNIT_SCADA,1,"2022/10/20 20:00:00",CSPVPS1,0
D,DISPATCH,UNIT_SCADA,1,"2022/10/20 20:00:00",CTHLWF1,0.003050
D,DISPATCH,UNIT_SCADA,1,"2022/10/20 20:00:00",DALNTH01,0
D,DISPATCH,UNIT_SCADA,1,"2022/10/20 20:00:00",DALNTHL1,0.025940
D,DISPATCH,UNIT_SCADA,1,"2022/10/20 20:00:00",DARLSF1,0
D,DISPATCH,UNIT_SCADA,1,"2022/10/20 20:00:00",DARTM1,0
D,DISPATCH,UNIT_SCADA,1,"2022/10/20 20:00:00",DAYDSF1,0
D,DISPATCH,UNIT_SCADA,1,"2022/10/20 20:00:00",DDPS1,0
D,DISPATCH,UNIT_SCADA,1,"2022/10/20 20:00:00",DDSF1,0
D,DISPATCH,UNIT_SCADA,1,"2022/10/20 20:00:00",DEVILS_G,58.063290
D,DISPATCH,UNIT_SCADA,1,"2022/10/20 20:00:00",DG_NSW1,0
D,DISPATCH,UNIT_SCADA,1,"2022/10/20 20:00:00",DG_QLD1,0
D,DISPATCH,UNIT_SCADA,1,"2022/10/20 20:00:00",DG_SA1,0
D,DISPATCH,UNIT_SCADA,1,"2022/10/20 20:00:00",DG_TAS1,0
D,DISPATCH,UNIT_SCADA,1,"2022/10/20 20:00:00",DG_VIC1,0
D,DISPATCH,UNIT_SCADA,1,"2022/10/20 20:00:00",DRYCGT1,0
D,DISPATCH,UNIT_SCADA,1,"2022/10/20 20:00:00",DRYCGT2,0
D,DISPATCH,UNIT_SCADA,1,"2022/10/20 20:00:00",DRYCGT3,0
D,DISPATCH,UNIT_SCADA,1,"2022/10/20 20:00:00",DUNDWF1,65.97
D,DISPATCH,UNIT_SCADA,1,"2022/10/20 20:00:00",DUNDWF2,15.82
D,DISPATCH,UNIT_SCADA,1,"2022/10/20 20:00:00",DUNDWF3,81.82
D,DISPATCH,UNIT_SCADA,1,"2022/10/20 20:00:00",EILDON1,59.84
D,DISPATCH,UNIT_SCADA,1,"2022/10/20 20:00:00",EILDON2,60.08
D,DISPATCH,UNIT_SCADA,1,"2022/10/20 20:00:00",ELAINWF1,11.99
D,DISPATCH,UNIT_SCADA,1,"2022/10/20 20:00:00",EMERASF1,0
D,DISPATCH,UNIT_SCADA,1,"2022/10/20 20:00:00",ER01,0
D,DISPATCH,UNIT_SCADA,1,"2022/10/20 20:00:00",ER02,679.5636
D,DISPATCH,UNIT_SCADA,1,"2022/10/20 20:00:00",ER03,639.3042
D,DISPATCH,UNIT_SCADA,1,"2022/10/20 20:00:00",ER04,697.679080
D,DISPATCH,UNIT_SCADA,1,"2022/10/20 20:00:00",FINLYSF1,0
D,DISPATCH,UNIT_SCADA,1,"2022/10/20 20:00:00",FISHER,43.93
D,DISPATCH,UNIT_SCADA,1,"2022/10/20 20:00:00",GANGARR1,0
D,DISPATCH,UNIT_SCADA,1,"2022/10/20 20:00:00",GANNBG1,19.486840
D,DISPATCH,UNIT_SCADA,1,"2022/10/20 20:00:00",GANNBL1,0
D,DISPATCH,UNIT_SCADA,1,"2022/10/20 20:00:00",GANNSF1,0
D,DISPATCH,UNIT_SCADA,1,"2022/10/20 20:00:00",GLRWNSF1,0
D,DISPATCH,UNIT_SCADA,1,"2022/10/20 20:00:00",GNNDHSF1,0
D,DISPATCH,UNIT_SCADA,1,"2022/10/20 20:00:00",GOONSF1,0
D,DISPATCH,UNIT_SCADA,1,"2022/10/20 20:00:00",GORDON,252.860050
D,DISPATCH,UNIT_SCADA,1,"2022/10/20 20:00:00",GRANWF1,0
D,DISPATCH,UNIT_SCADA,1,"2022/10/20 20:00:00",GSTONE1,213.849990
D,DISPATCH,UNIT_SCADA,1,"2022/10/20 20:00:00",GSTONE2,0
D,DISPATCH,UNIT_SCADA,1,"2022/10/20 20:00:00",GSTONE3,198.974990
D,DISPATCH,UNIT_SCADA,1,"2022/10/20 20:00:00",GSTONE4,0
D,DISPATCH,UNIT_SCADA,1,"2022/10/20 20:00:00",GSTONE5,213.3250
D,DISPATCH,UNIT_SCADA,1,"2022/10/20 20:00:00",GSTONE6,212.974990
D,DISPATCH,UNIT_SCADA,1,"2022/10/20 20:00:00",GULLRSF1,0
D,DISPATCH,UNIT_SCADA,1,"2022/10/20 20:00:00",GULLRWF1,73.523880
D,DISPATCH,UNIT_SCADA,1,"2022/10/20 20:00:00",GULLRWF2,93.419880
D,DISPATCH,UNIT_SCADA,1,"2022/10/20 20:00:00",GUNNING1,0
D,DISPATCH,UNIT_SCADA,1,"2022/10/20 20:00:00",GUTHEGA,67.40
D,DISPATCH,UNIT_SCADA,1,"2022/10/20 20:00:00",HALLWF1,4.96
D,DISPATCH,UNIT_SCADA,1,"2022/10/20 20:00:00",HALLWF2,4.49
D,DISPATCH,UNIT_SCADA,1,"2022/10/20 20:00:00",HAMISF1,0
D,DISPATCH,UNIT_SCADA,1,"2022/10/20 20:00:00",HAUGHT11,0
D,DISPATCH,UNIT_SCADA,1,"2022/10/20 20:00:00",HAYMSF1,0
D,DISPATCH,UNIT_SCADA,1,"2022/10/20 20:00:00",HDWF1,19.80
D,DISPATCH,UNIT_SCADA,1,"2022/10/20 20:00:00",HDWF2,13.10
D,DISPATCH,UNIT_SCADA,1,"2022/10/20 20:00:00",HDWF3,16.30
D,DISPATCH,UNIT_SCADA,1,"2022/10/20 20:00:00",HILLSTN1,0
D,DISPATCH,UNIT_SCADA,1,"2022/10/20 20:00:00",HPRG1,1.30
D,DISPATCH,UNIT_SCADA,1,"2022/10/20 20:00:00",HPRL1,0
D,DISPATCH,UNIT_SCADA,1,"2022/10/20 20:00:00",HUMENSW,54.665950
D,DISPATCH,UNIT_SCADA,1,"2022/10/20 20:00:00",HUMEV,0
D,DISPATCH,UNIT_SCADA,1,"2022/10/20 20:00:00",HVWWBA1G,0
D,DISPATCH,UNIT_SCADA,1,"2022/10/20 20:00:00",HVWWBA1L,0.0070
D,DISPATCH,UNIT_SCADA,1,"2022/10/20 20:00:00",HVWWPV1,0
D,DISPATCH,UNIT_SCADA,1,"2022/10/20 20:00:00",JBUTTERS,9.362320
D,DISPATCH,UNIT_SCADA,1,"2022/10/20 20:00:00",JEMALNG1,0
D,DISPATCH,UNIT_SCADA,1,"2022/10/20 20:00:00",JLA01,0
D,DISPATCH,UNIT_SCADA,1,"2022/10/20 20:00:00",JLA02,0
D,DISPATCH,UNIT_SCADA,1,"2022/10/20 20:00:00",JLA03,0
D,DISPATCH,UNIT_SCADA,1,"2022/10/20 20:00:00",JLA04,0
D,DISPATCH,UNIT_SCADA,1,"2022/10/20 20:00:00",JLB01,0
D,DISPATCH,UNIT_SCADA,1,"2022/10/20 20:00:00",JLB02,0.10
D,DISPATCH,UNIT_SCADA,1,"2022/10/20 20:00:00",JLB03,0
D,DISPATCH,UNIT_SCADA,1,"2022/10/20 20:00:00",JUNEESF1,0
D,DISPATCH,UNIT_SCADA,1,"2022/10/20 20:00:00",KABANWF1,0
D,DISPATCH,UNIT_SCADA,1,"2022/10/20 20:00:00",KAREEYA1,0
D,DISPATCH,UNIT_SCADA,1,"2022/10/20 20:00:00",KAREEYA2,0
D,DISPATCH,UNIT_SCADA,1,"2022/10/20 20:00:00",KAREEYA3,4.6550
D,DISPATCH,UNIT_SCADA,1,"2022/10/20 20:00:00",KAREEYA4,0
D,DISPATCH,UNIT_SCADA,1,"2022/10/20 20:00:00",KARSF1,0
D,DISPATCH,UNIT_SCADA,1,"2022/10/20 20:00:00",KEPSF1,0
D,DISPATCH,UNIT_SCADA,1,"2022/10/20 20:00:00",KEPWF1,6.60
D,DISPATCH,UNIT_SCADA,1,"2022/10/20 20:00:00",KIAMSF1,0
D,DISPATCH,UNIT_SCADA,1,"2022/10/20 20:00:00",KIATAWF1,1.10
D,DISPATCH,UNIT_SCADA,1,"2022/10/20 20:00:00",KPP_1,0
D,DISPATCH,UNIT_SCADA,1,"2022/10/20 20:00:00",KSP1,0
D,DISPATCH,UNIT_SCADA,1,"2022/10/20 20:00:00",LADBROK1,0.01
D,DISPATCH,UNIT_SCADA,1,"2022/10/20 20:00:00",LADBROK2,0.01
D,DISPATCH,UNIT_SCADA,1,"2022/10/20 20:00:00",LBBG1,0.45
D,DISPATCH,UNIT_SCADA,1,"2022/10/20 20:00:00",LBBL1,0
D,DISPATCH,UNIT_SCADA,1,"2022/10/20 20:00:00",LD01,376.000240
D,DISPATCH,UNIT_SCADA,1,"2022/10/20 20:00:00",LD02,69.930110
D,DISPATCH,UNIT_SCADA,1,"2022/10/20 20:00:00",LD04,310.849330
D,DISPATCH,UNIT_SCADA,1,"2022/10/20 20:00:00",LEM_WIL,86.8038
D,DISPATCH,UNIT_SCADA,1,"2022/10/20 20:00:00",LGAPWF1,94.06
D,DISPATCH,UNIT_SCADA,1,"2022/10/20 20:00:00",LGAPWF2,79.99
D,DISPATCH,UNIT_SCADA,1,"2022/10/20 20:00:00",LILYSF1,0
D,DISPATCH,UNIT_SCADA,1,"2022/10/20 20:00:00",LIMOSF11,0
D,DISPATCH,UNIT_SCADA,1,"2022/10/20 20:00:00",LIMOSF21,0
D,DISPATCH,UNIT_SCADA,1,"2022/10/20 20:00:00",LI_WY_CA,62.700370
D,DISPATCH,UNIT_SCADA,1,"2022/10/20 20:00:00",LKBONNY1,24.6494
D,DISPATCH,UNIT_SCADA,1,"2022/10/20 20:00:00",LKBONNY2,63.671680
D,DISPATCH,UNIT_SCADA,1,"2022/10/20 20:00:00",LKBONNY3,15.239430
D,DISPATCH,UNIT_SCADA,1,"2022/10/20 20:00:00",LK_ECHO,0
D,DISPATCH,UNIT_SCADA,1,"2022/10/20 20:00:00",LNGS1,0
D,DISPATCH,UNIT_SCADA,1,"2022/10/20 20:00:00",LNGS2,0
D,DISPATCH,UNIT_SCADA,1,"2022/10/20 20:00:00",LONSDALE,0
D,DISPATCH,UNIT_SCADA,1,"2022/10/20 20:00:00",LOYYB1,579.698730
D,DISPATCH,UNIT_SCADA,1,"2022/10/20 20:00:00",LOYYB2,572.931640
D,DISPATCH,UNIT_SCADA,1,"2022/10/20 20:00:00",LYA1,554
D,DISPATCH,UNIT_SCADA,1,"2022/10/20 20:00:00",LYA2,0
D,DISPATCH,UNIT_SCADA,1,"2022/10/20 20:00:00",LYA3,555
D,DISPATCH,UNIT_SCADA,1,"2022/10/20 20:00:00",LYA4,557
D,DISPATCH,UNIT_SCADA,1,"2022/10/20 20:00:00",MACARTH1,98.697720
D,DISPATCH,UNIT_SCADA,1,"2022/10/20 20:00:00",MACKNTSH,73.87
D,DISPATCH,UNIT_SCADA,1,"2022/10/20 20:00:00",MANSLR1,0
D,DISPATCH,UNIT_SCADA,1,"2022/10/20 20:00:00",MAPS2PV1,0
D,DISPATCH,UNIT_SCADA,1,"2022/10/20 20:00:00",MAPS3PV1,0
D,DISPATCH,UNIT_SCADA,1,"2022/10/20 20:00:00",MARYRSF1,0
D,DISPATCH,UNIT_SCADA,1,"2022/10/20 20:00:00",MBPS2PV1,0
D,DISPATCH,UNIT_SCADA,1,"2022/10/20 20:00:00",MCKAY1,218.87
D,DISPATCH,UNIT_SCADA,1,"2022/10/20 20:00:00",MEADOWBK,19.834520
D,DISPATCH,UNIT_SCADA,1,"2022/10/20 20:00:00",MERCER01,17
D,DISPATCH,UNIT_SCADA,1,"2022/10/20 20:00:00",METZSF1,0
D,DISPATCH,UNIT_SCADA,1,"2022/10/20 20:00:00",MEWF1,3.1671
D,DISPATCH,UNIT_SCADA,1,"2022/10/20 20:00:00",MIDDLSF1,0
D,DISPATCH,UNIT_SCADA,1,"2022/10/20 20:00:00",MINTARO,0.128180
D,DISPATCH,UNIT_SCADA,1,"2022/10/20 20:00:00",MOLNGSF1,0
D,DISPATCH,UNIT_SCADA,1,"2022/10/20 20:00:00",MOORAWF1,5.92
D,DISPATCH,UNIT_SCADA,1,"2022/10/20 20:00:00",MOREESF1,0
D,DISPATCH,UNIT_SCADA,1,"2022/10/20 20:00:00",MORTLK11,0
D,DISPATCH,UNIT_SCADA,1,"2022/10/20 20:00:00",MORTLK12,0
D,DISPATCH,UNIT_SCADA,1,"2022/10/20 20:00:00",MOUSF1,0
D,DISPATCH,UNIT_SCADA,1,"2022/10/20 20:00:00",MP1,0
D,DISPATCH,UNIT_SCADA,1,"2022/10/20 20:00:00",MP2,634.103940
D,DISPATCH,UNIT_SCADA,1,"2022/10/20 20:00:00",MPP_1,202.704540
D,DISPATCH,UNIT_SCADA,1,"2022/10/20 20:00:00",MPP_2,178.350710
D,DISPATCH,UNIT_SCADA,1,"2022/10/20 20:00:00",MRTLSWF1,0
D,DISPATCH,UNIT_SCADA,1,"2022/10/20 20:00:00",MSTUART1,0
D,DISPATCH,UNIT_SCADA,1,"2022/10/20 20:00:00",MSTUART2,0
D,DISPATCH,UNIT_SCADA,1,"2022/10/20 20:00:00",MSTUART3,0
D,DISPATCH,UNIT_SCADA,1,"2022/10/20 20:00:00",MTGELWF1,42.2071
D,DISPATCH,UNIT_SCADA,1,"2022/10/20 20:00:00",MTMILLAR,12.40
D,DISPATCH,UNIT_SCADA,1,"2022/10/20 20:00:00",MURRAY,290.200010
D,DISPATCH,UNIT_SCADA,1,"2022/10/20 20:00:00",MUSSELR1,25.80
D,DISPATCH,UNIT_SCADA,1,"2022/10/20 20:00:00",MUWAWF1,1.15
D,DISPATCH,UNIT_SCADA,1,"2022/10/20 20:00:00",MUWAWF2,6.80
D,DISPATCH,UNIT_SCADA,1,"2022/10/20 20:00:00",MWPS1PV1,0
D,DISPATCH,UNIT_SCADA,1,"2022/10/20 20:00:00",MWPS2PV1,0
D,DISPATCH,UNIT_SCADA,1,"2022/10/20 20:00:00",MWPS3PV1,0
D,DISPATCH,UNIT_SCADA,1,"2022/10/20 20:00:00",MWPS4PV1,0
D,DISPATCH,UNIT_SCADA,1,"2022/10/20 20:00:00",NBHWF1,17.20
D,DISPATCH,UNIT_SCADA,1,"2022/10/20 20:00:00",NEVERSF1,0
D,DISPATCH,UNIT_SCADA,1,"2022/10/20 20:00:00",NPS,0
D,DISPATCH,UNIT_SCADA,1,"2022/10/20 20:00:00",NUMURSF1,0
D,DISPATCH,UNIT_SCADA,1,"2022/10/20 20:00:00",NYNGAN1,0
D,DISPATCH,UNIT_SCADA,1,"2022/10/20 20:00:00",OAKEY1,125.857680
D,DISPATCH,UNIT_SCADA,1,"2022/10/20 20:00:00",OAKEY1SF,0
D,DISPATCH,UNIT_SCADA,1,"2022/10/20 20:00:00",OAKEY2,0
D,DISPATCH,UNIT_SCADA,1,"2022/10/20 20:00:00",OAKEY2SF,0
D,DISPATCH,UNIT_SCADA,1,"2022/10/20 20:00:00",OAKLAND1,22.10
D,DISPATCH,UNIT_SCADA,1,"2022/10/20 20:00:00",OSB-AG,177.53
D,DISPATCH,UNIT_SCADA,1,"2022/10/20 20:00:00",PAREPS1,0
D,DISPATCH,UNIT_SCADA,1,"2022/10/20 20:00:00",PAREPW1,109.259990
D,DISPATCH,UNIT_SCADA,1,"2022/10/20 20:00:00",PARSF1,0.001530
D,DISPATCH,UNIT_SCADA,1,"2022/10/20 20:00:00",POAT110,3.01
D,DISPATCH,UNIT_SCADA,1,"2022/10/20 20:00:00",POAT220,0
D,DISPATCH,UNIT_SCADA,1,"2022/10/20 20:00:00",POR01,0
D,DISPATCH,UNIT_SCADA,1,"2022/10/20 20:00:00",POR03,0
D,DISPATCH,UNIT_SCADA,1,"2022/10/20 20:00:00",PPCCGT,172.209920
D,DISPATCH,UNIT_SCADA,1,"2022/10/20 20:00:00",PTSTAN1,0
D,DISPATCH,UNIT_SCADA,1,"2022/10/20 20:00:00",PUMP1,0
D,DISPATCH,UNIT_SCADA,1,"2022/10/20 20:00:00",PUMP2,0
D,DISPATCH,UNIT_SCADA,1,"2022/10/20 20:00:00",QBYNBG1,0
D,DISPATCH,UNIT_SCADA,1,"2022/10/20 20:00:00",QBYNBL1,0.0005
D,DISPATCH,UNIT_SCADA,1,"2022/10/20 20:00:00",QPS1,0
D,DISPATCH,UNIT_SCADA,1,"2022/10/20 20:00:00",QPS2,0
D,DISPATCH,UNIT_SCADA,1,"2022/10/20 20:00:00",QPS3,0
D,DISPATCH,UNIT_SCADA,1,"2022/10/20 20:00:00",QPS4,0
D,DISPATCH,UNIT_SCADA,1,"2022/10/20 20:00:00",QPS5,119.73
D,DISPATCH,UNIT_SCADA,1,"2022/10/20 20:00:00",REECE1,99.195290
D,DISPATCH,UNIT_SCADA,1,"2022/10/20 20:00:00",REECE2,98.800010
D,DISPATCH,UNIT_SCADA,1,"2022/10/20 20:00:00",ROMA_7,0
D,DISPATCH,UNIT_SCADA,1,"2022/10/20 20:00:00",ROMA_8,0
D,DISPATCH,UNIT_SCADA,1,"2022/10/20 20:00:00",RRSF1,0
D,DISPATCH,UNIT_SCADA,1,"2022/10/20 20:00:00",RT_NSW1,0
D,DISPATCH,UNIT_SCADA,1,"2022/10/20 20:00:00",RT_NSW2,0
D,DISPATCH,UNIT_SCADA,1,"2022/10/20 20:00:00",RT_NSW3,0
D,DISPATCH,UNIT_SCADA,1,"2022/10/20 20:00:00",RT_NSW4,0
D,DISPATCH,UNIT_SCADA,1,"2022/10/20 20:00:00",RT_NSW5,0
D,DISPATCH,UNIT_SCADA,1,"2022/10/20 20:00:00",RT_NSW6,0
D,DISPATCH,UNIT_SCADA,1,"2022/10/20 20:00:00",RT_QLD1,0
D,DISPATCH,UNIT_SCADA,1,"2022/10/20 20:00:00",RT_SA1,0
D,DISPATCH,UNIT_SCADA,1,"2022/10/20 20:00:00",RT_SA2,0
D,DISPATCH,UNIT_SCADA,1,"2022/10/20 20:00:00",RT_SA3,0
D,DISPATCH,UNIT_SCADA,1,"2022/10/20 20:00:00",RT_SA4,0
D,DISPATCH,UNIT_SCADA,1,"2022/10/20 20:00:00",RT_SA5,0
D,DISPATCH,UNIT_SCADA,1,"2022/10/20 20:00:00",RT_SA6,0
D,DISPATCH,UNIT_SCADA,1,"2022/10/20 20:00:00",RT_TAS1,0
D,DISPATCH,UNIT_SCADA,1,"2022/10/20 20:00:00",RT_VIC1,0
D,DISPATCH,UNIT_SCADA,1,"2022/10/20 20:00:00",RT_VIC10,0
D,DISPATCH,UNIT_SCADA,1,"2022/10/20 20:00:00",RT_VIC11,0
D,DISPATCH,UNIT_SCADA,1,"2022/10/20 20:00:00",RT_VIC12,0
D,DISPATCH,UNIT_SCADA,1,"2022/10/20 20:00:00",RT_VIC2,0
D,DISPATCH,UNIT_SCADA,1,"2022/10/20 20:00:00",RT_VIC3,0
D,DISPATCH,UNIT_SCADA,1,"2022/10/20 20:00:00",RT_VIC4,0
D,DISPATCH,UNIT_SCADA,1,"2022/10/20 20:00:00",RT_VIC5,0
D,DISPATCH,UNIT_SCADA,1,"2022/10/20 20:00:00",RT_VIC6,0
D,DISPATCH,UNIT_SCADA,1,"2022/10/20 20:00:00",RT_VIC7,0
D,DISPATCH,UNIT_SCADA,1,"2022/10/20 20:00:00",RT_VIC8,0
D,DISPATCH,UNIT_SCADA,1,"2022/10/20 20:00:00",RT_VIC9,0
D,DISPATCH,UNIT_SCADA,1,"2022/10/20 20:00:00",RUGBYR1,0
D,DISPATCH,UNIT_SCADA,1,"2022/10/20 20:00:00",SALTCRK1,37.01
D,DISPATCH,UNIT_SCADA,1,"2022/10/20 20:00:00",SAPHWF1,247.649350
D,DISPATCH,UNIT_SCADA,1,"2022/10/20 20:00:00",SEBSF1,0
D,DISPATCH,UNIT_SCADA,1,"2022/10/20 20:00:00",SHGEN,80.441740
D,DISPATCH,UNIT_SCADA,1,"2022/10/20 20:00:00",SHPUMP,0
D,DISPATCH,UNIT_SCADA,1,"2022/10/20 20:00:00",SITHE01,0.153860
D,DISPATCH,UNIT_SCADA,1,"2022/10/20 20:00:00",SMCSF1,0
D,DISPATCH,UNIT_SCADA,1,"2022/10/20 20:00:00",SNAPPER1,0
D,DISPATCH,UNIT_SCADA,1,"2022/10/20 20:00:00",SNOWNTH1,20.70
D,DISPATCH,UNIT_SCADA,1,"2022/10/20 20:00:00",SNOWSTH1,14.40
D,DISPATCH,UNIT_SCADA,1,"2022/10/20 20:00:00",SNOWTWN1,18.000480
D,DISPATCH,UNIT_SCADA,1,"2022/10/20 20:00:00",SNOWYP,0
D,DISPATCH,UNIT_SCADA,1,"2022/10/20 20:00:00",SNUG1,0
D,DISPATCH,UNIT_SCADA,1,"2022/10/20 20:00:00",SRSF1,0
D,DISPATCH,UNIT_SCADA,1,"2022/10/20 20:00:00",STAN-1,280.709810
D,DISPATCH,UNIT_SCADA,1,"2022/10/20 20:00:00",STAN-2,362.756560
D,DISPATCH,UNIT_SCADA,1,"2022/10/20 20:00:00",STAN-3,362.705290
D,DISPATCH,UNIT_SCADA,1,"2022/10/20 20:00:00",STAN-4,364.845860
D,DISPATCH,UNIT_SCADA,1,"2022/10/20 20:00:00",STARHLWF,13.696010
D,DISPATCH,UNIT_SCADA,1,"2022/10/20 20:00:00",STOCKYD1,172.55
D,DISPATCH,UNIT_SCADA,1,"2022/10/20 20:00:00",STWF1,115.6823
D,DISPATCH,UNIT_SCADA,1,"2022/10/20 20:00:00",SUNRSF1,0
D,DISPATCH,UNIT_SCADA,1,"2022/10/20 20:00:00",SUNTPSF1,0
D,DISPATCH,UNIT_SCADA,1,"2022/10/20 20:00:00",SWAN_E,350.319980
D,DISPATCH,UNIT_SCADA,1,"2022/10/20 20:00:00",TALWA1,0
D,DISPATCH,UNIT_SCADA,1,"2022/10/20 20:00:00",TARALGA1,0
D,DISPATCH,UNIT_SCADA,1,"2022/10/20 20:00:00",TARONG#1,348.200010
D,DISPATCH,UNIT_SCADA,1,"2022/10/20 20:00:00",TARONG#2,348.300020
D,DISPATCH,UNIT_SCADA,1,"2022/10/20 20:00:00",TARONG#3,0.90
D,DISPATCH,UNIT_SCADA,1,"2022/10/20 20:00:00",TARONG#4,293.899990
D,DISPATCH,UNIT_SCADA,1,"2022/10/20 20:00:00",TARRALEA,53.90
D,DISPATCH,UNIT_SCADA,1,"2022/10/20 20:00:00",TBSF1,0
D,DISPATCH,UNIT_SCADA,1,"2022/10/20 20:00:00",TNPS1,418.5625
D,DISPATCH,UNIT_SCADA,1,"2022/10/20 20:00:00",TORRB1,0
D,DISPATCH,UNIT_SCADA,1,"2022/10/20 20:00:00",TORRB2,58
D,DISPATCH,UNIT_SCADA,1,"2022/10/20 20:00:00",TORRB3,0
D,DISPATCH,UNIT_SCADA,1,"2022/10/20 20:00:00",TORRB4,0
D,DISPATCH,UNIT_SCADA,1,"2022/10/20 20:00:00",TREVALLN,98.1088
D,DISPATCH,UNIT_SCADA,1,"2022/10/20 20:00:00",TRIBUTE,0
D,DISPATCH,UNIT_SCADA,1,"2022/10/20 20:00:00",TUMUT3,409.640010
D,DISPATCH,UNIT_SCADA,1,"2022/10/20 20:00:00",TUNGATIN,3.300020
D,DISPATCH,UNIT_SCADA,1,"2022/10/20 20:00:00",TVCC201,0
D,DISPATCH,UNIT_SCADA,1,"2022/10/20 20:00:00",TVPP104,57.904710
D,DISPATCH,UNIT_SCADA,1,"2022/10/20 20:00:00",UPPTUMUT,120.243840
D,DISPATCH,UNIT_SCADA,1,"2022/10/20 20:00:00",URANQ11,0
D,DISPATCH,UNIT_SCADA,1,"2022/10/20 20:00:00",URANQ12,0
D,DISPATCH,UNIT_SCADA,1,"2022/10/20 20:00:00",URANQ13,0
D,DISPATCH,UNIT_SCADA,1,"2022/10/20 20:00:00",URANQ14,0
D,DISPATCH,UNIT_SCADA,1,"2022/10/20 20:00:00",VBBG1,3.50
D,DISPATCH,UNIT_SCADA,1,"2022/10/20 20:00:00",VBBL1,0
D,DISPATCH,UNIT_SCADA,1,"2022/10/20 20:00:00",VP5,560.661620
D,DISPATCH,UNIT_SCADA,1,"2022/10/20 20:00:00",VP6,600.604250
D,DISPATCH,UNIT_SCADA,1,"2022/10/20 20:00:00",VPGS1,0
D,DISPATCH,UNIT_SCADA,1,"2022/10/20 20:00:00",VPGS2,0
D,DISPATCH,UNIT_SCADA,1,"2022/10/20 20:00:00",VPGS3,0
D,DISPATCH,UNIT_SCADA,1,"2022/10/20 20:00:00",VPGS4,0
D,DISPATCH,UNIT_SCADA,1,"2022/10/20 20:00:00",VPGS5,0
D,DISPATCH,UNIT_SCADA,1,"2022/10/20 20:00:00",VPGS6,0
D,DISPATCH,UNIT_SCADA,1,"2022/10/20 20:00:00",W/HOE#1,0
D,DISPATCH,UNIT_SCADA,1,"2022/10/20 20:00:00",W/HOE#2,0
D,DISPATCH,UNIT_SCADA,1,"2022/10/20 20:00:00",WAGGNSF1,0
D,DISPATCH,UNIT_SCADA,1,"2022/10/20 20:00:00",WALGRVG1,2.1939
D,DISPATCH,UNIT_SCADA,1,"2022/10/20 20:00:00",WALGRVL1,0
D,DISPATCH,UNIT_SCADA,1,"2022/10/20 20:00:00",WANDBG1,0
D,DISPATCH,UNIT_SCADA,1,"2022/10/20 20:00:00",WANDBL1,0.007740
D,DISPATCH,UNIT_SCADA,1,"2022/10/20 20:00:00",WARWSF1,0
D,DISPATCH,UNIT_SCADA,1,"2022/10/20 20:00:00",WARWSF2,0
D,DISPATCH,UNIT_SCADA,1,"2022/10/20 20:00:00",WATERLWF,7.30
D,DISPATCH,UNIT_SCADA,1,"2022/10/20 20:00:00",WDGPH1,0
D,DISPATCH,UNIT_SCADA,1,"2022/10/20 20:00:00",WELLSF1,0
D,DISPATCH,UNIT_SCADA,1,"2022/10/20 20:00:00",WEMENSF1,0
D,DISPATCH,UNIT_SCADA,1,"2022/10/20 20:00:00",WGWF1,6.80
D,DISPATCH,UNIT_SCADA,1,"2022/10/20 20:00:00",WHITSF1,0
D,DISPATCH,UNIT_SCADA,1,"2022/10/20 20:00:00",WINTSF1,0
D,DISPATCH,UNIT_SCADA,1,"2022/10/20 20:00:00",WKIEWA1,33.70
D,DISPATCH,UNIT_SCADA,1,"2022/10/20 20:00:00",WKIEWA2,33.80
D,DISPATCH,UNIT_SCADA,1,"2022/10/20 20:00:00",WOODLWN1,40.302860
D,DISPATCH,UNIT_SCADA,1,"2022/10/20 20:00:00",WOOLGSF1,0
D,DISPATCH,UNIT_SCADA,1,"2022/10/20 20:00:00",WPWF,50.18
D,DISPATCH,UNIT_SCADA,1,"2022/10/20 20:00:00",WRSF1,0
D,DISPATCH,UNIT_SCADA,1,"2022/10/20 20:00:00",WRWF1,107.889230
D,DISPATCH,UNIT_SCADA,1,"2022/10/20 20:00:00",WSTWYSF1,0
D,DISPATCH,UNIT_SCADA,1,"2022/10/20 20:00:00",YABULU,153.270020
D,DISPATCH,UNIT_SCADA,1,"2022/10/20 20:00:00",YABULU2,0
D,DISPATCH,UNIT_SCADA,1,"2022/10/20 20:00:00",YARANSF1,0
D,DISPATCH,UNIT_SCADA,1,"2022/10/20 20:00:00",YARWUN_1,163.44
D,DISPATCH,UNIT_SCADA,1,"2022/10/20 20:00:00",YATSF1,0
D,DISPATCH,UNIT_SCADA,1,"2022/10/20 20:00:00",YENDWF1,11.61
D,DISPATCH,UNIT_SCADA,1,"2022/10/20 20:00:00",YWPS1,343.858220
D,DISPATCH,UNIT_SCADA,1,"2022/10/20 20:00:00",YWPS2,358.896210
D,DISPATCH,UNIT_SCADA,1,"2022/10/20 20:00:00",YWPS3,358.824040
D,DISPATCH,UNIT_SCADA,1,"2022/10/20 20:00:00",YWPS4,0
C,"END OF REPORT",419
