C,NEMP.WORLD,DISPATCHSCADA,AEMO,PUBLIC,2022/10/20,08:55:10,0000000373242230,DISPATCHSCADA,0000000373242224
I,DISPATCH,UNIT_SCADA,1,SETTLEMENTDATE,DUID,SCADAVALUE
D,DISPATCH,UNIT_SCADA,1,"2022/10/20 09:00:00",BARCSF1,10.300001
D,DISPATCH,UNIT_SCADA,1,"2022/10/20 09:00:00",BUTLERSG,8.699999
D,DISPATCH,UNIT_SCADA,1,"2022/10/20 09:00:00",CAPTL_WF,56.489143
D,DISPATCH,UNIT_SCADA,1,"2022/10/20 09:00:00",CHALLHWF,2.40
D,DISPATCH,UNIT_SCADA,1,"2022/10/20 09:00:00",CLOVER,13.30
D,DISPATCH,UNIT_SCADA,1,"2022/10/20 09:00:00",CLUNY,6.195926
D,DISPATCH,UNIT_SCADA,1,"2022/10/20 09:00:00",CULLRGWF,-0.03
D,DISPATCH,UNIT_SCADA,1,"2022/10/20 09:00:00",DIAPURWF1,6.40
D,DISPATCH,UNIT_SCADA,1,"2022/10/20 09:00:00",ERGT01,0
D,DISPATCH,UNIT_SCADA,1,"2022/10/20 09:00:00",GB01,0
D,DISPATCH,UNIT_SCADA,1,"2022/10/20 09:00:00",GERMCRK,19.40
D,DISPATCH,UNIT_SCADA,1,"2022/10/20 09:00:00",GRIFSF1,2.101167
D,DISPATCH,UNIT_SCADA,1,"2022/10/20 09:00:00",HEZ1,0
D,DISPATCH,UNIT_SCADA,1,"2022/10/20 09:00:00",HUGSF1,11.710001
D,DISPATCH,UNIT_SCADA,1,"2022/10/20 09:00:00",KEPBG1,0.01
D,DISPATCH,UNIT_SCADA,1,"2022/10/20 09:00:00",LRSF1,8.167001
D,DISPATCH,UNIT_SCADA,1,"2022/10/20 09:00:00",MBAHNTH,45.1875
D,DISPATCH,UNIT_SCADA,1,"2022/10/20 09:00:00",MLSP1,8.276001
D,DISPATCH,UNIT_SCADA,1,"2022/10/20 09:00:00",MLWF1,5.28
D,DISPATCH,UNIT_SCADA,1,"2022/10/20 09:00:00",PALOONA,30.289999
D,DISPATCH,UNIT_SCADA,1,"2022/10/20 09:00:00",PIONEER,38.100002
D,DISPATCH,UNIT_SCADA,1,"2022/10/20 09:00:00",PORTWF,62
D,DISPATCH,UNIT_SCADA,1,"2022/10/20 09:00:00",REPULSE,9.721218
D,DISPATCH,UNIT_SCADA,1,"2022/10/20 09:00:00",ROWALLAN,8.8750
D,DISPATCH,UNIT_SCADA,1,"2022/10/20 09:00:00",ROYALLA1,14.933004
D,DISPATCH,UNIT_SCADA,1,"2022/10/20 09:00:00",RPCG,-1.80
D,DISPATCH,UNIT_SCADA,1,"2022/10/20 09:00:00",RUBICON,0
D,DISPATCH,UNIT_SCADA,1,"2022/10/20 09:00:00",WAUBRAWF,16.122999
D,DISPATCH,UNIT_SCADA,1,"2022/10/20 09:00:00",WOOLNTH1,0.52
D,DISPATCH,UNIT_SCADA,1,"2022/10/20 09:00:00",YAMBUKWF,4.70
D,DISPATCH,UNIT_SCADA,1,"2022/10/20 09:00:00",YSWF1,0.50
D,DISPATCH,UNIT_SCADA,1,"2022/10/20 09:00:00",ADPBA1G,0.0080
D,DISPATCH,UNIT_SCADA,1,"2022/10/20 09:00:00",ADPBA1L,0
D,DISPATCH,UNIT_SCADA,1,"2022/10/20 09:00:00",ADPPV1,0.0550
D,DISPATCH,UNIT_SCADA,1,"2022/10/20 09:00:00",AGLHAL,0
D,DISPATCH,UNIT_SCADA,1,"2022/10/20 09:00:00",AGLSOM,0
D,DISPATCH,UNIT_SCADA,1,"2022/10/20 09:00:00",ANGAST1,0
D,DISPATCH,UNIT_SCADA,1,"2022/10/20 09:00:00",ARWF1,3.90
D,DISPATCH,UNIT_SCADA,1,"2022/10/20 09:00:00",BALBG1,0
D,DISPATCH,UNIT_SCADA,1,"2022/10/20 09:00:00",BALBL1,0
D,DISPATCH,UNIT_SCADA,1,"2022/10/20 09:00:00",BALDHWF1,2.5130
D,DISPATCH,UNIT_SCADA,1,"2022/10/20 09:00:00",BANGOWF1,27.497980
D,DISPATCH,UNIT_SCADA,1,"2022/10/20 09:00:00",BANGOWF2,37.199740
D,DISPATCH,UNIT_SCADA,1,"2022/10/20 09:00:00",BANN1,29.51
D,DISPATCH,UNIT_SCADA,1,"2022/10/20 09:00:00",BARCALDN,0
D,DISPATCH,UNIT_SCADA,1,"2022/10/20 09:00:00",BARKIPS1,0
D,DISPATCH,UNIT_SCADA,1,"2022/10/20 09:00:00",BARRON-1,0
D,DISPATCH,UNIT_SCADA,1,"2022/10/20 09:00:00",BARRON-2,0
D,DISPATCH,UNIT_SCADA,1,"2022/10/20 09:00:00",BASTYAN,51.20
D,DISPATCH,UNIT_SCADA,1,"2022/10/20 09:00:00",BBTHREE1,0
D,DISPATCH,UNIT_SCADA,1,"2022/10/20 09:00:00",BBTHREE2,0
D,DISPATCH,UNIT_SCADA,1,"2022/10/20 09:00:00",BBTHREE3,-1.07
D,DISPATCH,UNIT_SCADA,1,"2022/10/20 09:00:00",BDL01,0
D,DISPATCH,UNIT_SCADA,1,"2022/10/20 09:00:00",BDL02,0
D,DISPATCH,UNIT_SCADA,1,"2022/10/20 09:00:00",BERYLSF1,7.2417
D,DISPATCH,UNIT_SCADA,1,"2022/10/20 09:00:00",BLOWERNG,62.50
D,DISPATCH,UNIT_SCADA,1,"2022/10/20 09:00:00",BLUEGSF1,41.334790
D,DISPATCH,UNIT_SCADA,1,"2022/10/20 09:00:00",BLUFF1,40.20
D,DISPATCH,UNIT_SCADA,1,"2022/10/20 09:00:00",BNGSF1,109.96
D,DISPATCH,UNIT_SCADA,1,"2022/10/20 09:00:00",BNGSF2,110.35
D,DISPATCH,UNIT_SCADA,1,"2022/10/20 09:00:00",BOCORWF1,0
D,DISPATCH,UNIT_SCADA,1,"2022/10/20 09:00:00",BODWF1,105.6915
D,DISPATCH,UNIT_SCADA,1,"2022/10/20 09:00:00",BOMENSF1,18.931560
D,DISPATCH,UNIT_SCADA,1,"2022/10/20 09:00:00",BOWWBA1G,0
D,DISPATCH,UNIT_SCADA,1,"2022/10/20 09:00:00",BOWWBA1L,0
D,DISPATCH,UNIT_SCADA,1,"2022/10/20 09:00:00",BOWWPV1,0.0010
D,DISPATCH,UNIT_SCADA,1,"2022/10/20 09:00:00",BRAEMAR1,0
D,DISPATCH,UNIT_SCADA,1,"2022/10/20 09:00:00",BRAEMAR2,0
D,DISPATCH,UNIT_SCADA,1,"2022/10/20 09:00:00",BRAEMAR3,0
D,DISPATCH,UNIT_SCADA,1,"2022/10/20 09:00:00",BRAEMAR5,0.292060
D,DISPATCH,UNIT_SCADA,1,"2022/10/20 09:00:00",BRAEMAR6,0
D,DISPATCH,UNIT_SCADA,1,"2022/10/20 09:00:00",BRAEMAR7,0.130920
D,DISPATCH,UNIT_SCADA,1,"2022/10/20 09:00:00",BROKENH1,11.999820
D,DISPATCH,UNIT_SCADA,1,"2022/10/20 09:00:00",BRYB1WF1,91.886780
D,DISPATCH,UNIT_SCADA,1,"2022/10/20 09:00:00",BULBESG1,0
D,DISPATCH,UNIT_SCADA,1,"2022/10/20 09:00:00",BULBESL1,0.50
D,DISPATCH,UNIT_SCADA,1,"2022/10/20 09:00:00",BULGANA1,10.17
D,DISPATCH,UNIT_SCADA,1,"2022/10/20 09:00:00",BW01,657.444090
D,DISPATCH,UNIT_SCADA,1,"2022/10/20 09:00:00",BW02,618.014830
D,DISPATCH,UNIT_SCADA,1,"2022/10/20 09:00:00",BW03,546.651430
D,DISPATCH,UNIT_SCADA,1,"2022/10/20 09:00:00",BW04,0
D,DISPATCH,UNIT_SCADA,1,"2022/10/20 09:00:00",CALL_B_1,318.399990
D,DISPATCH,UNIT_SCADA,1,"2022/10/20 09:00:00",CALL_B_2,317.899990
D,DISPATCH,UNIT_SCADA,1,"2022/10/20 09:00:00",CATHROCK,0
D,DISPATCH,UNIT_SCADA,1,"2022/10/20 09:00:00",CBWWBA1G,0
D,DISPATCH,UNIT_SCADA,1,"2022/10/20 09:00:00",CBWWBA1L,0
D,DISPATCH,UNIT_SCADA,1,"2022/10/20 09:00:00",CETHANA,97.4660
D,DISPATCH,UNIT_SCADA,1,"2022/10/20 09:00:00",CG1,0
D,DISPATCH,UNIT_SCADA,1,"2022/10/20 09:00:00",CG2,0
D,DISPATCH,UNIT_SCADA,1,"2022/10/20 09:00:00",CG3,0
D,DISPATCH,UNIT_SCADA,1,"2022/10/20 09:00:00",CG4,0
D,DISPATCH,UNIT_SCADA,1,"2022/10/20 09:00:00",CHILDSF1,19.69
D,DISPATCH,UNIT_SCADA,1,"2022/10/20 09:00:00",CHYTWF1,0.63
D,DISPATCH,UNIT_SCADA,1,"2022/10/20 09:00:00",CLARESF1,51.2512
D,DISPATCH,UNIT_SCADA,1,"2022/10/20 09:00:00",CLEMGPWF,11.309490
D,DISPATCH,UNIT_SCADA,1,"2022/10/20 09:00:00",CLERMSF1,16.98
D,DISPATCH,UNIT_SCADA,1,"2022/10/20 09:00:00",CNUNDAWF,0.200230
D,DISPATCH,UNIT_SCADA,1,"2022/10/20 09:00:00",COHUNSF1,3.76
D,DISPATCH,UNIT_SCADA,1,"2022/10/20 09:00:00",COLEASF1,32.200730
D,DISPATCH,UNIT_SCADA,1,"2022/10/20 09:00:00",COLUMSF1,18.3480
D,DISPATCH,UNIT_SCADA,1,"2022/10/20 09:00:00",COLWF01,116.986340
D,DISPATCH,UNIT_SCADA,1,"2022/10/20 09:00:00",COOPGWF1,293.22
D,DISPATCH,UNIT_SCADA,1,"2022/10/20 09:00:00",CPP_3,358.325010
D,DISPATCH,UNIT_SCADA,1,"2022/10/20 09:00:00",CPP_4,0
D,DISPATCH,UNIT_SCADA,1,"2022/10/20 09:00:00",CPSA,0
D,DISPATCH,UNIT_SCADA,1,"2022/10/20 09:00:00",CROOKWF2,29.605560
D,DISPATCH,UNIT_SCADA,1,"2022/10/20 09:00:00",CROWLWF1,26.532860
D,DISPATCH,UNIT_SCADA,1,"2022/10/20 09:00:00",CRURWF1,55.395820
D,DISPATCH,UNIT_SCADA,1,"2022/10/20 09:00:00",CRWASF1,30.119940
D,DISPATCH,UNIT_SCADA,1,"2022/10/20 09:00:00",CSPVPS1,30.8810
D,DISPATCH,UNIT_SCADA,1,"2022/10/20 09:00:00",CTHLWF1,0.003050
D,DISPATCH,UNIT_SCADA,1,"2022/10/20 09:00:00",DALNTH01,0
D,DISPATCH,UNIT_SCADA,1,"2022/10/20 09:00:00",DALNTHL1,0.077820
D,DISPATCH,UNIT_SCADA,1,"2022/10/20 09:00:00",DARLSF1,32.7707
D,DISPATCH,UNIT_SCADA,1,"2022/10/20 09:00:00",DARTM1,0
D,DISPATCH,UNIT_SCADA,1,"2022/10/20 09:00:00",DAYDSF1,79.6660
D,DISPATCH,UNIT_SCADA,1,"2022/10/20 09:00:00",DDPS1,0
D,DISPATCH,UNIT_SCADA,1,"2022/10/20 09:00:00",DDSF1,17.195010
D,DISPATCH,UNIT_SCADA,1,"2022/10/20 09:00:00",DEVILS_G,58.063290
D,DISPATCH,UNIT_SCADA,1,"2022/10/20 09:00:00",DG_NSW1,0
D,DISPATCH,UNIT_SCADA,1,"2022/10/20 09:00:00",DG_QLD1,0
D,DISPATCH,UNIT_SCADA,1,"2022/10/20 09:00:00",DG_SA1,0
D,DISPATCH,UNIT_SCADA,1,"2022/10/20 09:00:00",DG_TAS1,0
D,DISPATCH,UNIT_SCADA,1,"2022/10/20 09:00:00",DG_VIC1,0
D,DISPATCH,UNIT_SCADA,1,"2022/10/20 09:00:00",DRYCGT1,0
D,DISPATCH,UNIT_SCADA,1,"2022/10/20 09:00:00",DRYCGT2,0
D,DISPATCH,UNIT_SCADA,1,"2022/10/20 09:00:00",DRYCGT3,0
D,DISPATCH,UNIT_SCADA,1,"2022/10/20 09:00:00",DUNDWF1,60.36
D,DISPATCH,UNIT_SCADA,1,"2022/10/20 09:00:00",DUNDWF2,17.59
D,DISPATCH,UNIT_SCADA,1,"2022/10/20 09:00:00",DUNDWF3,58.32
D,DISPATCH,UNIT_SCADA,1,"2022/10/20 09:00:00",EILDON1,59.80
D,DISPATCH,UNIT_SCADA,1,"2022/10/20 09:00:00",EILDON2,59.88
D,DISPATCH,UNIT_SCADA,1,"2022/10/20 09:00:00",ELAINWF1,13.63
D,DISPATCH,UNIT_SCADA,1,"2022/10/20 09:00:00",EMERASF1,0
D,DISPATCH,UNIT_SCADA,1,"2022/10/20 09:00:00",ER01,0
D,DISPATCH,UNIT_SCADA,1,"2022/10/20 09:00:00",ER02,518.941040
D,DISPATCH,UNIT_SCADA,1,"2022/10/20 09:00:00",ER03,476.313420
D,DISPATCH,UNIT_SCADA,1,"2022/10/20 09:00:00",ER04,479.926760
D,DISPATCH,UNIT_SCADA,1,"2022/10/20 09:00:00",FINLYSF1,94.749370
D,DISPATCH,UNIT_SCADA,1,"2022/10/20 09:00:00",FISHER,44.02
D,DISPATCH,UNIT_SCADA,1,"2022/10/20 09:00:00",GANGARR1,27.4250
D,DISPATCH,UNIT_SCADA,1,"2022/10/20 09:00:00",GANNBG1,0
D,DISPATCH,UNIT_SCADA,1,"2022/10/20 09:00:00",GANNBL1,0.626310
D,DISPATCH,UNIT_SCADA,1,"2022/10/20 09:00:00",GANNSF1,21.60
D,DISPATCH,UNIT_SCADA,1,"2022/10/20 09:00:00",GLRWNSF1,110.07
D,DISPATCH,UNIT_SCADA,1,"2022/10/20 09:00:00",GNNDHSF1,42.350880
D,DISPATCH,UNIT_SCADA,1,"2022/10/20 09:00:00",GOONSF1,36.1590
D,DISPATCH,UNIT_SCADA,1,"2022/10/20 09:00:00",GORDON,230.853180
D,DISPATCH,UNIT_SCADA,1,"2022/10/20 09:00:00",GRANWF1,0.70
D,DISPATCH,UNIT_SCADA,1,"2022/10/20 09:00:00",GSTONE1,195.1250
D,DISPATCH,UNIT_SCADA,1,"2022/10/20 09:00:00",GSTONE2,0
D,DISPATCH,UNIT_SCADA,1,"2022/10/20 09:00:00",GSTONE3,195.30
D,DISPATCH,UNIT_SCADA,1,"2022/10/20 09:00:00",GSTONE4,0
D,DISPATCH,UNIT_SCADA,1,"2022/10/20 09:00:00",GSTONE5,194.95
D,DISPATCH,UNIT_SCADA,1,"2022/10/20 09:00:00",GSTONE6,194.95
D,DISPATCH,UNIT_SCADA,1,"2022/10/20 09:00:00",GULLRSF1,1.174980
D,DISPATCH,UNIT_SCADA,1,"2022/10/20 09:00:00",GULLRWF1,68.013970
D,DISPATCH,UNIT_SCADA,1,"2022/10/20 09:00:00",GULLRWF2,92.791460
D,DISPATCH,UNIT_SCADA,1,"2022/10/20 09:00:00",GUNNING1,0
D,DISPATCH,UNIT_SCADA,1,"2022/10/20 09:00:00",GUTHEGA,67.50
D,DISPATCH,UNIT_SCADA,1,"2022/10/20 09:00:00",HALLWF1,26.37
D,DISPATCH,UNIT_SCADA,1,"2022/10/20 09:00:00",HALLWF2,48.07
D,DISPATCH,UNIT_SCADA,1,"2022/10/20 09:00:00",HAMISF1,18.60
D,DISPATCH,UNIT_SCADA,1,"2022/10/20 09:00:00",HAUGHT11,46.958590
D,DISPATCH,UNIT_SCADA,1,"2022/10/20 09:00:00",HAYMSF1,21.26
D,DISPATCH,UNIT_SCADA,1,"2022/10/20 09:00:00",HDWF1,63.30
D,DISPATCH,UNIT_SCADA,1,"2022/10/20 09:00:00",HDWF2,38.60
D,DISPATCH,UNIT_SCADA,1,"2022/10/20 09:00:00",HDWF3,51.70
D,DISPATCH,UNIT_SCADA,1,"2022/10/20 09:00:00",HILLSTN1,17.699840
D,DISPATCH,UNIT_SCADA,1,"2022/10/20 09:00:00",HPRG1,0
D,DISPATCH,UNIT_SCADA,1,"2022/10/20 09:00:00",HPRL1,34
D,DISPATCH,UNIT_SCADA,1,"2022/10/20 09:00:00",HUMENSW,53.906120
D,DISPATCH,UNIT_SCADA,1,"2022/10/20 09:00:00",HUMEV,0
D,DISPATCH,UNIT_SCADA,1,"2022/10/20 09:00:00",HVWWBA1G,0
D,DISPATCH,UNIT_SCADA,1,"2022/10/20 09:00:00",HVWWBA1L,0.0070
D,DISPATCH,UNIT_SCADA,1,"2022/10/20 09:00:00",HVWWPV1,0.0190
D,DISPATCH,UNIT_SCADA,1,"2022/10/20 09:00:00",JBUTTERS,0
D,DISPATCH,UNIT_SCADA,1,"2022/10/20 09:00:00",JEMALNG1,9.38
D,DISPATCH,UNIT_SCADA,1,"2022/10/20 09:00:00",JLA01,0
D,DISPATCH,UNIT_SCADA,1,"2022/10/20 09:00:00",JLA02,0
D,DISPATCH,UNIT_SCADA,1,"2022/10/20 09:00:00",JLA03,0
D,DISPATCH,UNIT_SCADA,1,"2022/10/20 09:00:00",JLA04,0
D,DISPATCH,UNIT_SCADA,1,"2022/10/20 09:00:00",JLB01,0
D,DISPATCH,UNIT_SCADA,1,"2022/10/20 09:00:00",JLB02,0.10
D,DISPATCH,UNIT_SCADA,1,"2022/10/20 09:00:00",JLB03,0
D,DISPATCH,UNIT_SCADA,1,"2022/10/20 09:00:00",JUNEESF1,8.020220
D,DISPATCH,UNIT_SCADA,1,"2022/10/20 09:00:00",KABANWF1,0.0770
D,DISPATCH,UNIT_SCADA,1,"2022/10/20 09:00:00",KAREEYA1,0
D,DISPATCH,UNIT_SCADA,1,"2022/10/20 09:00:00",KAREEYA2,0
D,DISPATCH,UNIT_SCADA,1,"2022/10/20 09:00:00",KAREEYA3,4.7150
D,DISPATCH,UNIT_SCADA,1,"2022/10/20 09:00:00",KAREEYA4,0
D,DISPATCH,UNIT_SCADA,1,"2022/10/20 09:00:00",KARSF1,12
D,DISPATCH,UNIT_SCADA,1,"2022/10/20 09:00:00",KEPSF1,8.93
D,DISPATCH,UNIT_SCADA,1,"2022/10/20 09:00:00",KEPWF1,1.31
D,DISPATCH,UNIT_SCADA,1,"2022/10/20 09:00:00",KIAMSF1,16.811630
D,DISPATCH,UNIT_SCADA,1,"2022/10/20 09:00:00",KIATAWF1,10.40
D,DISPATCH,UNIT_SCADA,1,"2022/10/20 09:00:00",KPP_1,0
D,DISPATCH,UNIT_SCADA,1,"2022/10/20 09:00:00",KSP1,16.85
D,DISPATCH,UNIT_SCADA,1,"2022/10/20 09:00:00",LADBROK1,0.02
D,DISPATCH,UNIT_SCADA,1,"2022/10/20 09:00:00",LADBROK2,5.71
D,DISPATCH,UNIT_SCADA,1,"2022/10/20 09:00:00",LBBG1,0
D,DISPATCH,UNIT_SCADA,1,"2022/10/20 09:00:00",LBBL1,11.10
D,DISPATCH,UNIT_SCADA,1,"2022/10/20 09:00:00",LD01,318.082210
D,DISPATCH,UNIT_SCADA,1,"2022/10/20 09:00:00",LD02,0
D,DISPATCH,UNIT_SCADA,1,"2022/10/20 09:00:00",LD04,318.814670
D,DISPATCH,UNIT_SCADA,1,"2022/10/20 09:00:00",LEM_WIL,86.961470
D,DISPATCH,UNIT_SCADA,1,"2022/10/20 09:00:00",LGAPWF1,0
D,DISPATCH,UNIT_SCADA,1,"2022/10/20 09:00:00",LGAPWF2,0
D,DISPATCH,UNIT_SCADA,1,"2022/10/20 09:00:00",LILYSF1,3.293180
D,DISPATCH,UNIT_SCADA,1,"2022/10/20 09:00:00",LIMOSF11,6.480660
D,DISPATCH,UNIT_SCADA,1,"2022/10/20 09:00:00",LIMOSF21,1.287710
D,DISPATCH,UNIT_SCADA,1,"2022/10/20 09:00:00",LI_WY_CA,60.775750
D,DISPATCH,UNIT_SCADA,1,"2022/10/20 09:00:00",LKBONNY1,0
D,DISPATCH,UNIT_SCADA,1,"2022/10/20 09:00:00",LKBONNY2,0.451780
D,DISPATCH,UNIT_SCADA,1,"2022/10/20 09:00:00",LKBONNY3,0
D,DISPATCH,UNIT_SCADA,1,"2022/10/20 09:00:00",LK_ECHO,0
D,DISPATCH,UNIT_SCADA,1,"2022/10/20 09:00:00",LNGS1,0
D,DISPATCH,UNIT_SCADA,1,"2022/10/20 09:00:00",LNGS2,0
D,DISPATCH,UNIT_SCADA,1,"2022/10/20 09:00:00",LONSDALE,0
D,DISPATCH,UNIT_SCADA,1,"2022/10/20 09:00:00",LOYYB1,540.599980
D,DISPATCH,UNIT_SCADA,1,"2022/10/20 09:00:00",LOYYB2,543.6076
D,DISPATCH,UNIT_SCADA,1,"2022/10/20 09:00:00",LYA1,514
D,DISPATCH,UNIT_SCADA,1,"2022/10/20 09:00:00",LYA2,0
D,DISPATCH,UNIT_SCADA,1,"2022/10/20 09:00:00",LYA3,447
D,DISPATCH,UNIT_SCADA,1,"2022/10/20 09:00:00",LYA4,449
D,DISPATCH,UNIT_SCADA,1,"2022/10/20 09:00:00",MACARTH1,52.798780
D,DISPATCH,UNIT_SCADA,1,"2022/10/20 09:00:00",MACKNTSH,0
D,DISPATCH,UNIT_SCADA,1,"2022/10/20 09:00:00",MANSLR1,7.8580
D,DISPATCH,UNIT_SCADA,1,"2022/10/20 09:00:00",MAPS2PV1,0
D,DISPATCH,UNIT_SCADA,1,"2022/10/20 09:00:00",MAPS3PV1,0
D,DISPATCH,UNIT_SCADA,1,"2022/10/20 09:00:00",MARYRSF1,5.11
D,DISPATCH,UNIT_SCADA,1,"2022/10/20 09:00:00",MBPS2PV1,0
D,DISPATCH,UNIT_SCADA,1,"2022/10/20 09:00:00",MCKAY1,0.02
D,DISPATCH,UNIT_SCADA,1,"2022/10/20 09:00:00",MEADOWBK,19.805940
D,DISPATCH,UNIT_SCADA,1,"2022/10/20 09:00:00",MERCER01,19.90
D,DISPATCH,UNIT_SCADA,1,"2022/10/20 09:00:00",METZSF1,35.500230
D,DISPATCH,UNIT_SCADA,1,"2022/10/20 09:00:00",MEWF1,0
D,DISPATCH,UNIT_SCADA,1,"2022/10/20 09:00:00",MIDDLSF1,2.87
D,DISPATCH,UNIT_SCADA,1,"2022/10/20 09:00:00",MINTARO,0.128180
D,DISPATCH,UNIT_SCADA,1,"2022/10/20 09:00:00",MOLNGSF1,6.573590
D,DISPATCH,UNIT_SCADA,1,"2022/10/20 09:00:00",MOORAWF1,23.80
D,DISPATCH,UNIT_SCADA,1,"2022/10/20 09:00:00",MOREESF1,9.4640
D,DISPATCH,UNIT_SCADA,1,"2022/10/20 09:00:00",MORTLK11,0
D,DISPATCH,UNIT_SCADA,1,"2022/10/20 09:00:00",MORTLK12,0
D,DISPATCH,UNIT_SCADA,1,"2022/10/20 09:00:00",MOUSF1,0
D,DISPATCH,UNIT_SCADA,1,"2022/10/20 09:00:00",MP1,0
D,DISPATCH,UNIT_SCADA,1,"2022/10/20 09:00:00",MP2,344.744020
D,DISPATCH,UNIT_SCADA,1,"2022/10/20 09:00:00",MPP_1,174.429060
D,DISPATCH,UNIT_SCADA,1,"2022/10/20 09:00:00",MPP_2,78.570140
D,DISPATCH,UNIT_SCADA,1,"2022/10/20 09:00:00",MRTLSWF1,0
D,DISPATCH,UNIT_SCADA,1,"2022/10/20 09:00:00",MSTUART1,0
D,DISPATCH,UNIT_SCADA,1,"2022/10/20 09:00:00",MSTUART2,0
D,DISPATCH,UNIT_SCADA,1,"2022/10/20 09:00:00",MSTUART3,0
D,DISPATCH,UNIT_SCADA,1,"2022/10/20 09:00:00",MTGELWF1,38.338880
D,DISPATCH,UNIT_SCADA,1,"2022/10/20 09:00:00",MTMILLAR,1.40
D,DISPATCH,UNIT_SCADA,1,"2022/10/20 09:00:00",MURRAY,0
D,DISPATCH,UNIT_SCADA,1,"2022/10/20 09:00:00",MUSSELR1,96
D,DISPATCH,UNIT_SCADA,1,"2022/10/20 09:00:00",MUWAWF1,77.17
D,DISPATCH,UNIT_SCADA,1,"2022/10/20 09:00:00",MUWAWF2,55.30
D,DISPATCH,UNIT_SCADA,1,"2022/10/20 09:00:00",MWPS1PV1,0.13
D,DISPATCH,UNIT_SCADA,1,"2022/10/20 09:00:00",MWPS2PV1,0
D,DISPATCH,UNIT_SCADA,1,"2022/10/20 09:00:00",MWPS3PV1,0
D,DISPATCH,UNIT_SCADA,1,"2022/10/20 09:00:00",MWPS4PV1,0.01
D,DISPATCH,UNIT_SCADA,1,"2022/10/20 09:00:00",NBHWF1,71.30
D,DISPATCH,UNIT_SCADA,1,"2022/10/20 09:00:00",NEVERSF1,10.75
D,DISPATCH,UNIT_SCADA,1,"2022/10/20 09:00:00",NPS,0
D,DISPATCH,UNIT_SCADA,1,"2022/10/20 09:00:00",NUMURSF1,90.75
D,DISPATCH,UNIT_SCADA,1,"2022/10/20 09:00:00",NYNGAN1,12.25
D,DISPATCH,UNIT_SCADA,1,"2022/10/20 09:00:00",OAKEY1,0
D,DISPATCH,UNIT_SCADA,1,"2022/10/20 09:00:00",OAKEY1SF,5.0520
D,DISPATCH,UNIT_SCADA,1,"2022/10/20 09:00:00",OAKEY2,0
D,DISPATCH,UNIT_SCADA,1,"2022/10/20 09:00:00",OAKEY2SF,10.38
D,DISPATCH,UNIT_SCADA,1,"2022/10/20 09:00:00",OAKLAND1,4.80
D,DISPATCH,UNIT_SCADA,1,"2022/10/20 09:00:00",OSB-AG,0
D,DISPATCH,UNIT_SCADA,1,"2022/10/20 09:00:00",PAREPS1,0.0660
D,DISPATCH,UNIT_SCADA,1,"2022/10/20 09:00:00",PAREPW1,79.36
D,DISPATCH,UNIT_SCADA,1,"2022/10/20 09:00:00",PARSF1,21.199360
D,DISPATCH,UNIT_SCADA,1,"2022/10/20 09:00:00",POAT110,0
D,DISPATCH,UNIT_SCADA,1,"2022/10/20 09:00:00",POAT220,0
D,DISPATCH,UNIT_SCADA,1,"2022/10/20 09:00:00",POR01,0
D,DISPATCH,UNIT_SCADA,1,"2022/10/20 09:00:00",POR03,0
D,DISPATCH,UNIT_SCADA,1,"2022/10/20 09:00:00",PPCCGT,170.196610
D,DISPATCH,UNIT_SCADA,1,"2022/10/20 09:00:00",PTSTAN1,0
D,DISPATCH,UNIT_SCADA,1,"2022/10/20 09:00:00",PUMP1,0
D,DISPATCH,UNIT_SCADA,1,"2022/10/20 09:00:00",PUMP2,0
D,DISPATCH,UNIT_SCADA,1,"2022/10/20 09:00:00",QBYNBG1,0
D,DISPATCH,UNIT_SCADA,1,"2022/10/20 09:00:00",QBYNBL1,0.0005
D,DISPATCH,UNIT_SCADA,1,"2022/10/20 09:00:00",QPS1,0
D,DISPATCH,UNIT_SCADA,1,"2022/10/20 09:00:00",QPS2,0
D,DISPATCH,UNIT_SCADA,1,"2022/10/20 09:00:00",QPS3,0
D,DISPATCH,UNIT_SCADA,1,"2022/10/20 09:00:00",QPS4,0
D,DISPATCH,UNIT_SCADA,1,"2022/10/20 09:00:00",QPS5,75.14
D,DISPATCH,UNIT_SCADA,1,"2022/10/20 09:00:00",REECE1,44.894070
D,DISPATCH,UNIT_SCADA,1,"2022/10/20 09:00:00",REECE2,0
D,DISPATCH,UNIT_SCADA,1,"2022/10/20 09:00:00",ROMA_7,0
D,DISPATCH,UNIT_SCADA,1,"2022/10/20 09:00:00",ROMA_8,0
D,DISPATCH,UNIT_SCADA,1,"2022/10/20 09:00:00",RRSF1,20.148170
D,DISPATCH,UNIT_SCADA,1,"2022/10/20 09:00:00",RT_NSW1,0
D,DISPATCH,UNIT_SCADA,1,"2022/10/20 09:00:00",RT_NSW2,0
D,DISPATCH,UNIT_SCADA,1,"2022/10/20 09:00:00",RT_NSW3,0
D,DISPATCH,UNIT_SCADA,1,"2022/10/20 09:00:00",RT_NSW4,0
D,DISPATCH,UNIT_SCADA,1,"2022/10/20 09:00:00",RT_NSW5,0
D,DISPATCH,UNIT_SCADA,1,"2022/10/20 09:00:00",RT_NSW6,0
D,DISPATCH,UNIT_SCADA,1,"2022/10/20 09:00:00",RT_QLD1,0
D,DISPATCH,UNIT_SCADA,1,"2022/10/20 09:00:00",RT_SA1,0
D,DISPATCH,UNIT_SCADA,1,"2022/10/20 09:00:00",RT_SA2,0
D,DISPATCH,UNIT_SCADA,1,"2022/10/20 09:00:00",RT_SA3,0
D,DISPATCH,UNIT_SCADA,1,"2022/10/20 09:00:00",RT_SA4,0
D,DISPATCH,UNIT_SCADA,1,"2022/10/20 09:00:00",RT_SA5,0
D,DISPATCH,UNIT_SCADA,1,"2022/10/20 09:00:00",RT_SA6,0
D,DISPATCH,UNIT_SCADA,1,"2022/10/20 09:00:00",RT_TAS1,0
D,DISPATCH,UNIT_SCADA,1,"2022/10/20 09:00:00",RT_VIC1,0
D,DISPATCH,UNIT_SCADA,1,"2022/10/20 09:00:00",RT_VIC10,0
D,DISPATCH,UNIT_SCADA,1,"2022/10/20 09:00:00",RT_VIC11,0
D,DISPATCH,UNIT_SCADA,1,"2022/10/20 09:00:00",RT_VIC12,0
D,DISPATCH,UNIT_SCADA,1,"2022/10/20 09:00:00",RT_VIC2,0
D,DISPATCH,UNIT_SCADA,1,"2022/10/20 09:00:00",RT_VIC3,0
D,DISPATCH,UNIT_SCADA,1,"2022/10/20 09:00:00",RT_VIC4,0
D,DISPATCH,UNIT_SCADA,1,"2022/10/20 09:00:00",RT_VIC5,0
D,DISPATCH,UNIT_SCADA,1,"2022/10/20 09:00:00",RT_VIC6,0
D,DISPATCH,UNIT_SCADA,1,"2022/10/20 09:00:00",RT_VIC7,0
D,DISPATCH,UNIT_SCADA,1,"2022/10/20 09:00:00",RT_VIC8,0
D,DISPATCH,UNIT_SCADA,1,"2022/10/20 09:00:00",RT_VIC9,0
D,DISPATCH,UNIT_SCADA,1,"2022/10/20 09:00:00",RUGBYR1,20.896770
D,DISPATCH,UNIT_SCADA,1,"2022/10/20 09:00:00",SALTCRK1,26.26
D,DISPATCH,UNIT_SCADA,1,"2022/10/20 09:00:00",SAPHWF1,247.7226
D,DISPATCH,UNIT_SCADA,1,"2022/10/20 09:00:00",SEBSF1,90.025150
D,DISPATCH,UNIT_SCADA,1,"2022/10/20 09:00:00",SHGEN,0
D,DISPATCH,UNIT_SCADA,1,"2022/10/20 09:00:00",SHPUMP,0
D,DISPATCH,UNIT_SCADA,1,"2022/10/20 09:00:00",SITHE01,0.173950
D,DISPATCH,UNIT_SCADA,1,"2022/10/20 09:00:00",SMCSF1,58.3920
D,DISPATCH,UNIT_SCADA,1,"2022/10/20 09:00:00",SNAPPER1,0
D,DISPATCH,UNIT_SCADA,1,"2022/10/20 09:00:00",SNOWNTH1,124.30
D,DISPATCH,UNIT_SCADA,1,"2022/10/20 09:00:00",SNOWSTH1,103.20
D,DISPATCH,UNIT_SCADA,1,"2022/10/20 09:00:00",SNOWTWN1,0
D,DISPATCH,UNIT_SCADA,1,"2022/10/20 09:00:00",SNOWYP,0
D,DISPATCH,UNIT_SCADA,1,"2022/10/20 09:00:00",SNUG1,0
D,DISPATCH,UNIT_SCADA,1,"2022/10/20 09:00:00",SRSF1,22.53
D,DISPATCH,UNIT_SCADA,1,"2022/10/20 09:00:00",STAN-1,277.902710
D,DISPATCH,UNIT_SCADA,1,"2022/10/20 09:00:00",STAN-2,363.910160
D,DISPATCH,UNIT_SCADA,1,"2022/10/20 09:00:00",STAN-3,155.9670
D,DISPATCH,UNIT_SCADA,1,"2022/10/20 09:00:00",STAN-4,363.256440
D,DISPATCH,UNIT_SCADA,1,"2022/10/20 09:00:00",STARHLWF,0.01
D,DISPATCH,UNIT_SCADA,1,"2022/10/20 09:00:00",STOCKYD1,64.29
D,DISPATCH,UNIT_SCADA,1,"2022/10/20 09:00:00",STWF1,3.729920
D,DISPATCH,UNIT_SCADA,1,"2022/10/20 09:00:00",SUNRSF1,5.690090
D,DISPATCH,UNIT_SCADA,1,"2022/10/20 09:00:00",SUNTPSF1,27.562070
D,DISPATCH,UNIT_SCADA,1,"2022/10/20 09:00:00",SWAN_E,155.331250
D,DISPATCH,UNIT_SCADA,1,"2022/10/20 09:00:00",TALWA1,0
D,DISPATCH,UNIT_SCADA,1,"2022/10/20 09:00:00",TARALGA1,0
D,DISPATCH,UNIT_SCADA,1,"2022/10/20 09:00:00",TARONG#1,348.600010
D,DISPATCH,UNIT_SCADA,1,"2022/10/20 09:00:00",TARONG#2,348.300020
D,DISPATCH,UNIT_SCADA,1,"2022/10/20 09:00:00",TARONG#3,0.90
D,DISPATCH,UNIT_SCADA,1,"2022/10/20 09:00:00",TARONG#4,293.300020
D,DISPATCH,UNIT_SCADA,1,"2022/10/20 09:00:00",TARRALEA,54
D,DISPATCH,UNIT_SCADA,1,"2022/10/20 09:00:00",TBSF1,0.10
D,DISPATCH,UNIT_SCADA,1,"2022/10/20 09:00:00",TNPS1,440.50
D,DISPATCH,UNIT_SCADA,1,"2022/10/20 09:00:00",TORRB1,0
D,DISPATCH,UNIT_SCADA,1,"2022/10/20 09:00:00",TORRB2,40
D,DISPATCH,UNIT_SCADA,1,"2022/10/20 09:00:00",TORRB3,0
D,DISPATCH,UNIT_SCADA,1,"2022/10/20 09:00:00",TORRB4,0
D,DISPATCH,UNIT_SCADA,1,"2022/10/20 09:00:00",TREVALLN,97.904770
D,DISPATCH,UNIT_SCADA,1,"2022/10/20 09:00:00",TRIBUTE,0
D,DISPATCH,UNIT_SCADA,1,"2022/10/20 09:00:00",TUMUT3,0
D,DISPATCH,UNIT_SCADA,1,"2022/10/20 09:00:00",TUNGATIN,3.900020
D,DISPATCH,UNIT_SCADA,1,"2022/10/20 09:00:00",TVCC201,0
D,DISPATCH,UNIT_SCADA,1,"2022/10/20 09:00:00",TVPP104,39.990190
D,DISPATCH,UNIT_SCADA,1,"2022/10/20 09:00:00",UPPTUMUT,0
D,DISPATCH,UNIT_SCADA,1,"2022/10/20 09:00:00",URANQ11,0
D,DISPATCH,UNIT_SCADA,1,"2022/10/20 09:00:00",URANQ12,0
D,DISPATCH,UNIT_SCADA,1,"2022/10/20 09:00:00",URANQ13,0
D,DISPATCH,UNIT_SCADA,1,"2022/10/20 09:00:00",URANQ14,0
D,DISPATCH,UNIT_SCADA,1,"2022/10/20 09:00:00",VBBG1,0
D,DISPATCH,UNIT_SCADA,1,"2022/10/20 09:00:00",VBBL1,15.40
D,DISPATCH,UNIT_SCADA,1,"2022/10/20 09:00:00",VP5,500.332640
D,DISPATCH,UNIT_SCADA,1,"2022/10/20 09:00:00",VP6,497.427280
D,DISPATCH,UNIT_SCADA,1,"2022/10/20 09:00:00",VPGS1,0
D,DISPATCH,UNIT_SCADA,1,"2022/10/20 09:00:00",VPGS2,0
D,DISPATCH,UNIT_SCADA,1,"2022/10/20 09:00:00",VPGS3,0
D,DISPATCH,UNIT_SCADA,1,"2022/10/20 09:00:00",VPGS4,0
D,DISPATCH,UNIT_SCADA,1,"2022/10/20 09:00:00",VPGS5,0
D,DISPATCH,UNIT_SCADA,1,"2022/10/20 09:00:00",VPGS6,0
D,DISPATCH,UNIT_SCADA,1,"2022/10/20 09:00:00",W/HOE#1,0
D,DISPATCH,UNIT_SCADA,1,"2022/10/20 09:00:00",W/HOE#2,0
D,DISPATCH,UNIT_SCADA,1,"2022/10/20 09:00:00",WAGGNSF1,0
D,DISPATCH,UNIT_SCADA,1,"2022/10/20 09:00:00",WALGRVG1,0.000930
D,DISPATCH,UNIT_SCADA,1,"2022/10/20 09:00:00",WALGRVL1,0
D,DISPATCH,UNIT_SCADA,1,"2022/10/20 09:00:00",WANDBG1,0
D,DISPATCH,UNIT_SCADA,1,"2022/10/20 09:00:00",WANDBL1,0.148790
D,DISPATCH,UNIT_SCADA,1,"2022/10/20 09:00:00",WARWSF1,13.84
D,DISPATCH,UNIT_SCADA,1,"2022/10/20 09:00:00",WARWSF2,13.94
D,DISPATCH,UNIT_SCADA,1,"2022/10/20 09:00:00",WATERLWF,86.70
D,DISPATCH,UNIT_SCADA,1,"2022/10/20 09:00:00",WDGPH1,28.1620
D,DISPATCH,UNIT_SCADA,1,"2022/10/20 09:00:00",WELLSF1,67.124440
D,DISPATCH,UNIT_SCADA,1,"2022/10/20 09:00:00",WEMENSF1,14.60
D,DISPATCH,UNIT_SCADA,1,"2022/10/20 09:00:00",WGWF1,95.80
D,DISPATCH,UNIT_SCADA,1,"2022/10/20 09:00:00",WHITSF1,27.20
D,DISPATCH,UNIT_SCADA,1,"2022/10/20 09:00:00",WINTSF1,84.37
D,DISPATCH,UNIT_SCADA,1,"2022/10/20 09:00:00",WKIEWA1,33.80
D,DISPATCH,UNIT_SCADA,1,"2022/10/20 09:00:00",WKIEWA2,34
D,DISPATCH,UNIT_SCADA,1,"2022/10/20 09:00:00",WOODLWN1,23.014510
D,DISPATCH,UNIT_SCADA,1,"2022/10/20 09:00:00",WOOLGSF1,17.308670
D,DISPATCH,UNIT_SCADA,1,"2022/10/20 09:00:00",WPWF,40.45
D,DISPATCH,UNIT_SCADA,1,"2022/10/20 09:00:00",WRSF1,5.329750
D,DISPATCH,UNIT_SCADA,1,"2022/10/20 09:00:00",WRWF1,84.982380
D,DISPATCH,UNIT_SCADA,1,"2022/10/20 09:00:00",WSTWYSF1,0
D,DISPATCH,UNIT_SCADA,1,"2022/10/20 09:00:00",YABULU,0
D,DISPATCH,UNIT_SCADA,1,"2022/10/20 09:00:00",YABULU2,0
D,DISPATCH,UNIT_SCADA,1,"2022/10/20 09:00:00",YARANSF1,16.81
D,DISPATCH,UNIT_SCADA,1,"2022/10/20 09:00:00",YARWUN_1,163.34
D,DISPATCH,UNIT_SCADA,1,"2022/10/20 09:00:00",YATSF1,13.93
D,DISPATCH,UNIT_SCADA,1,"2022/10/20 09:00:00",YENDWF1,21.48
D,DISPATCH,UNIT_SCADA,1,"2022/10/20 09:00:00",YWPS1,364.410130
D,DISPATCH,UNIT_SCADA,1,"2022/10/20 09:00:00",YWPS2,287.716460
D,DISPATCH,UNIT_SCADA,1,"2022/10/20 09:00:00",YWPS3,357.9772
D,DISPATCH,UNIT_SCADA,1,"2022/10/20 09:00:00",YWPS4,0
C,"END OF REPORT",419
