C,NEMP.WORLD,DISPATCHSCADA,AEMO,PUBLIC,2022/10/20,17:40:09,0000000373270877,DISPATCHSCADA,0000000373270871
I,DISPATCH,UNIT_SCADA,1,SETTLEMENTDATE,DUID,SCADAVALUE
D,DISPATCH,UNIT_SCADA,1,"2022/10/20 17:45:00",BARCSF1,5.10
D,DISPATCH,UNIT_SCADA,1,"2022/10/20 17:45:00",BUTLERSG,8.699999
D,DISPATCH,UNIT_SCADA,1,"2022/10/20 17:45:00",CAPTL_WF,93.321732
D,DISPATCH,UNIT_SCADA,1,"2022/10/20 17:45:00",CHALLHWF,8.70
D,DISPATCH,UNIT_SCADA,1,"2022/10/20 17:45:00",CLOVER,13
D,DISPATCH,UNIT_SCADA,1,"2022/10/20 17:45:00",CLUNY,6.329595
D,DISPATCH,UNIT_SCADA,1,"2022/10/20 17:45:00",CULLRGWF,-0.02
D,DISPATCH,UNIT_SCADA,1,"2022/10/20 17:45:00",DIAPURWF1,1.80
D,DISPATCH,UNIT_SCADA,1,"2022/10/20 17:45:00",ERGT01,0
D,DISPATCH,UNIT_SCADA,1,"2022/10/20 17:45:00",GB01,0
D,DISPATCH,UNIT_SCADA,1,"2022/10/20 17:45:00",GERMCRK,20
D,DISPATCH,UNIT_SCADA,1,"2022/10/20 17:45:00",GRIFSF1,10.200656
D,DISPATCH,UNIT_SCADA,1,"2022/10/20 17:45:00",HEZ1,0
D,DISPATCH,UNIT_SCADA,1,"2022/10/20 17:45:00",HUGSF1,2.5980
D,DISPATCH,UNIT_SCADA,1,"2022/10/20 17:45:00",KEPBG1,2.01
D,DISPATCH,UNIT_SCADA,1,"2022/10/20 17:45:00",LRSF1,4.2140
D,DISPATCH,UNIT_SCADA,1,"2022/10/20 17:45:00",MBAHNTH,43.725006
D,DISPATCH,UNIT_SCADA,1,"2022/10/20 17:45:00",MLSP1,0.138001
D,DISPATCH,UNIT_SCADA,1,"2022/10/20 17:45:00",MLWF1,8.235001
D,DISPATCH,UNIT_SCADA,1,"2022/10/20 17:45:00",PALOONA,30.269999
D,DISPATCH,UNIT_SCADA,1,"2022/10/20 17:45:00",PIONEER,27.300001
D,DISPATCH,UNIT_SCADA,1,"2022/10/20 17:45:00",PORTWF,28.60
D,DISPATCH,UNIT_SCADA,1,"2022/10/20 17:45:00",REPULSE,9.530785
D,DISPATCH,UNIT_SCADA,1,"2022/10/20 17:45:00",ROWALLAN,8.7685
D,DISPATCH,UNIT_SCADA,1,"2022/10/20 17:45:00",ROYALLA1,0
D,DISPATCH,UNIT_SCADA,1,"2022/10/20 17:45:00",RPCG,-1.80
D,DISPATCH,UNIT_SCADA,1,"2022/10/20 17:45:00",RUBICON,0
D,DISPATCH,UNIT_SCADA,1,"2022/10/20 17:45:00",WAUBRAWF,69.441002
D,DISPATCH,UNIT_SCADA,1,"2022/10/20 17:45:00",WOOLNTH1,97.860001
D,DISPATCH,UNIT_SCADA,1,"2022/10/20 17:45:00",YAMBUKWF,3.10
D,DISPATCH,UNIT_SCADA,1,"2022/10/20 17:45:00",YSWF1,1.20
D,DISPATCH,UNIT_SCADA,1,"2022/10/20 17:45:00",ADPBA1G,0.0080
D,DISPATCH,UNIT_SCADA,1,"2022/10/20 17:45:00",ADPBA1L,0
D,DISPATCH,UNIT_SCADA,1,"2022/10/20 17:45:00",ADPPV1,2.3740
D,DISPATCH,UNIT_SCADA,1,"2022/10/20 17:45:00",AGLHAL,30.6940
D,DISPATCH,UNIT_SCADA,1,"2022/10/20 17:45:00",AGLSOM,0
D,DISPATCH,UNIT_SCADA,1,"2022/10/20 17:45:00",ANGAST1,0
D,DISPATCH,UNIT_SCADA,1,"2022/10/20 17:45:00",ARWF1,72.20
D,DISPATCH,UNIT_SCADA,1,"2022/10/20 17:45:00",BALBG1,0
D,DISPATCH,UNIT_SCADA,1,"2022/10/20 17:45:00",BALBL1,4.29
D,DISPATCH,UNIT_SCADA,1,"2022/10/20 17:45:00",BALDHWF1,104.8720
D,DISPATCH,UNIT_SCADA,1,"2022/10/20 17:45:00",BANGOWF1,77.9968
D,DISPATCH,UNIT_SCADA,1,"2022/10/20 17:45:00",BANGOWF2,60.699090
D,DISPATCH,UNIT_SCADA,1,"2022/10/20 17:45:00",BANN1,7.58
D,DISPATCH,UNIT_SCADA,1,"2022/10/20 17:45:00",BARCALDN,0
D,DISPATCH,UNIT_SCADA,1,"2022/10/20 17:45:00",BARKIPS1,87.63
D,DISPATCH,UNIT_SCADA,1,"2022/10/20 17:45:00",BARRON-1,27.84
D,DISPATCH,UNIT_SCADA,1,"2022/10/20 17:45:00",BARRON-2,28.12
D,DISPATCH,UNIT_SCADA,1,"2022/10/20 17:45:00",BASTYAN,49.78
D,DISPATCH,UNIT_SCADA,1,"2022/10/20 17:45:00",BBTHREE1,0
D,DISPATCH,UNIT_SCADA,1,"2022/10/20 17:45:00",BBTHREE2,0
D,DISPATCH,UNIT_SCADA,1,"2022/10/20 17:45:00",BBTHREE3,-1.13
D,DISPATCH,UNIT_SCADA,1,"2022/10/20 17:45:00",BDL01,0
D,DISPATCH,UNIT_SCADA,1,"2022/10/20 17:45:00",BDL02,0
D,DISPATCH,UNIT_SCADA,1,"2022/10/20 17:45:00",BERYLSF1,3.960040
D,DISPATCH,UNIT_SCADA,1,"2022/10/20 17:45:00",BLOWERNG,62.40
D,DISPATCH,UNIT_SCADA,1,"2022/10/20 17:45:00",BLUEGSF1,2.082880
D,DISPATCH,UNIT_SCADA,1,"2022/10/20 17:45:00",BLUFF1,1.90
D,DISPATCH,UNIT_SCADA,1,"2022/10/20 17:45:00",BNGSF1,65.87
D,DISPATCH,UNIT_SCADA,1,"2022/10/20 17:45:00",BNGSF2,66.23
D,DISPATCH,UNIT_SCADA,1,"2022/10/20 17:45:00",BOCORWF1,73.93
D,DISPATCH,UNIT_SCADA,1,"2022/10/20 17:45:00",BODWF1,104.521380
D,DISPATCH,UNIT_SCADA,1,"2022/10/20 17:45:00",BOMENSF1,6.1030
D,DISPATCH,UNIT_SCADA,1,"2022/10/20 17:45:00",BOWWBA1G,0
D,DISPATCH,UNIT_SCADA,1,"2022/10/20 17:45:00",BOWWBA1L,0.0010
D,DISPATCH,UNIT_SCADA,1,"2022/10/20 17:45:00",BOWWPV1,0.0010
D,DISPATCH,UNIT_SCADA,1,"2022/10/20 17:45:00",BRAEMAR1,0
D,DISPATCH,UNIT_SCADA,1,"2022/10/20 17:45:00",BRAEMAR2,0
D,DISPATCH,UNIT_SCADA,1,"2022/10/20 17:45:00",BRAEMAR3,0
D,DISPATCH,UNIT_SCADA,1,"2022/10/20 17:45:00",BRAEMAR5,144.428210
D,DISPATCH,UNIT_SCADA,1,"2022/10/20 17:45:00",BRAEMAR6,0
D,DISPATCH,UNIT_SCADA,1,"2022/10/20 17:45:00",BRAEMAR7,138.576970
D,DISPATCH,UNIT_SCADA,1,"2022/10/20 17:45:00",BROKENH1,9.399860
D,DISPATCH,UNIT_SCADA,1,"2022/10/20 17:45:00",BRYB1WF1,89.188980
D,DISPATCH,UNIT_SCADA,1,"2022/10/20 17:45:00",BULBESG1,0
D,DISPATCH,UNIT_SCADA,1,"2022/10/20 17:45:00",BULBESL1,0.03
D,DISPATCH,UNIT_SCADA,1,"2022/10/20 17:45:00",BULGANA1,54.05
D,DISPATCH,UNIT_SCADA,1,"2022/10/20 17:45:00",BW01,658.323060
D,DISPATCH,UNIT_SCADA,1,"2022/10/20 17:45:00",BW02,619.919130
D,DISPATCH,UNIT_SCADA,1,"2022/10/20 17:45:00",BW03,605.954040
D,DISPATCH,UNIT_SCADA,1,"2022/10/20 17:45:00",BW04,0
D,DISPATCH,UNIT_SCADA,1,"2022/10/20 17:45:00",CALL_B_1,319.399990
D,DISPATCH,UNIT_SCADA,1,"2022/10/20 17:45:00",CALL_B_2,318
D,DISPATCH,UNIT_SCADA,1,"2022/10/20 17:45:00",CATHROCK,12.90
D,DISPATCH,UNIT_SCADA,1,"2022/10/20 17:45:00",CBWWBA1G,0
D,DISPATCH,UNIT_SCADA,1,"2022/10/20 17:45:00",CBWWBA1L,0
D,DISPATCH,UNIT_SCADA,1,"2022/10/20 17:45:00",CETHANA,96.9870
D,DISPATCH,UNIT_SCADA,1,"2022/10/20 17:45:00",CG1,0
D,DISPATCH,UNIT_SCADA,1,"2022/10/20 17:45:00",CG2,0
D,DISPATCH,UNIT_SCADA,1,"2022/10/20 17:45:00",CG3,0
D,DISPATCH,UNIT_SCADA,1,"2022/10/20 17:45:00",CG4,0
D,DISPATCH,UNIT_SCADA,1,"2022/10/20 17:45:00",CHILDSF1,0
D,DISPATCH,UNIT_SCADA,1,"2022/10/20 17:45:00",CHYTWF1,6.71
D,DISPATCH,UNIT_SCADA,1,"2022/10/20 17:45:00",CLARESF1,0
D,DISPATCH,UNIT_SCADA,1,"2022/10/20 17:45:00",CLEMGPWF,15.487520
D,DISPATCH,UNIT_SCADA,1,"2022/10/20 17:45:00",CLERMSF1,0.34
D,DISPATCH,UNIT_SCADA,1,"2022/10/20 17:45:00",CNUNDAWF,8.509930
D,DISPATCH,UNIT_SCADA,1,"2022/10/20 17:45:00",COHUNSF1,1.17
D,DISPATCH,UNIT_SCADA,1,"2022/10/20 17:45:00",COLEASF1,10.701530
D,DISPATCH,UNIT_SCADA,1,"2022/10/20 17:45:00",COLUMSF1,1.1110
D,DISPATCH,UNIT_SCADA,1,"2022/10/20 17:45:00",COLWF01,132.112610
D,DISPATCH,UNIT_SCADA,1,"2022/10/20 17:45:00",COOPGWF1,356.540010
D,DISPATCH,UNIT_SCADA,1,"2022/10/20 17:45:00",CPP_3,369.600010
D,DISPATCH,UNIT_SCADA,1,"2022/10/20 17:45:00",CPP_4,0
D,DISPATCH,UNIT_SCADA,1,"2022/10/20 17:45:00",CPSA,0
D,DISPATCH,UNIT_SCADA,1,"2022/10/20 17:45:00",CROOKWF2,70.443580
D,DISPATCH,UNIT_SCADA,1,"2022/10/20 17:45:00",CROWLWF1,27.744260
D,DISPATCH,UNIT_SCADA,1,"2022/10/20 17:45:00",CRURWF1,75.096440
D,DISPATCH,UNIT_SCADA,1,"2022/10/20 17:45:00",CRWASF1,2.391680
D,DISPATCH,UNIT_SCADA,1,"2022/10/20 17:45:00",CSPVPS1,0.5520
D,DISPATCH,UNIT_SCADA,1,"2022/10/20 17:45:00",CTHLWF1,0.003050
D,DISPATCH,UNIT_SCADA,1,"2022/10/20 17:45:00",DALNTH01,0
D,DISPATCH,UNIT_SCADA,1,"2022/10/20 17:45:00",DALNTHL1,0.032040
D,DISPATCH,UNIT_SCADA,1,"2022/10/20 17:45:00",DARLSF1,26.5377
D,DISPATCH,UNIT_SCADA,1,"2022/10/20 17:45:00",DARTM1,0
D,DISPATCH,UNIT_SCADA,1,"2022/10/20 17:45:00",DAYDSF1,0
D,DISPATCH,UNIT_SCADA,1,"2022/10/20 17:45:00",DDPS1,0
D,DISPATCH,UNIT_SCADA,1,"2022/10/20 17:45:00",DDSF1,0.116080
D,DISPATCH,UNIT_SCADA,1,"2022/10/20 17:45:00",DEVILS_G,59.103370
D,DISPATCH,UNIT_SCADA,1,"2022/10/20 17:45:00",DG_NSW1,0
D,DISPATCH,UNIT_SCADA,1,"2022/10/20 17:45:00",DG_QLD1,0
D,DISPATCH,UNIT_SCADA,1,"2022/10/20 17:45:00",DG_SA1,0
D,DISPATCH,UNIT_SCADA,1,"2022/10/20 17:45:00",DG_TAS1,0
D,DISPATCH,UNIT_SCADA,1,"2022/10/20 17:45:00",DG_VIC1,0
D,DISPATCH,UNIT_SCADA,1,"2022/10/20 17:45:00",DRYCGT1,0
D,DISPATCH,UNIT_SCADA,1,"2022/10/20 17:45:00",DRYCGT2,0
D,DISPATCH,UNIT_SCADA,1,"2022/10/20 17:45:00",DRYCGT3,0
D,DISPATCH,UNIT_SCADA,1,"2022/10/20 17:45:00",DUNDWF1,59.56
D,DISPATCH,UNIT_SCADA,1,"2022/10/20 17:45:00",DUNDWF2,11.07
D,DISPATCH,UNIT_SCADA,1,"2022/10/20 17:45:00",DUNDWF3,52.52
D,DISPATCH,UNIT_SCADA,1,"2022/10/20 17:45:00",EILDON1,59.88
D,DISPATCH,UNIT_SCADA,1,"2022/10/20 17:45:00",EILDON2,60
D,DISPATCH,UNIT_SCADA,1,"2022/10/20 17:45:00",ELAINWF1,14.03
D,DISPATCH,UNIT_SCADA,1,"2022/10/20 17:45:00",EMERASF1,0
D,DISPATCH,UNIT_SCADA,1,"2022/10/20 17:45:00",ER01,0
D,DISPATCH,UNIT_SCADA,1,"2022/10/20 17:45:00",ER02,549.141660
D,DISPATCH,UNIT_SCADA,1,"2022/10/20 17:45:00",ER03,638.034670
D,DISPATCH,UNIT_SCADA,1,"2022/10/20 17:45:00",ER04,688.889890
D,DISPATCH,UNIT_SCADA,1,"2022/10/20 17:45:00",FINLYSF1,18.112460
D,DISPATCH,UNIT_SCADA,1,"2022/10/20 17:45:00",FISHER,43.83
D,DISPATCH,UNIT_SCADA,1,"2022/10/20 17:45:00",GANGARR1,0
D,DISPATCH,UNIT_SCADA,1,"2022/10/20 17:45:00",GANNBG1,0
D,DISPATCH,UNIT_SCADA,1,"2022/10/20 17:45:00",GANNBL1,0.554850
D,DISPATCH,UNIT_SCADA,1,"2022/10/20 17:45:00",GANNSF1,7.30
D,DISPATCH,UNIT_SCADA,1,"2022/10/20 17:45:00",GLRWNSF1,8.88
D,DISPATCH,UNIT_SCADA,1,"2022/10/20 17:45:00",GNNDHSF1,1.331880
D,DISPATCH,UNIT_SCADA,1,"2022/10/20 17:45:00",GOONSF1,3.0042
D,DISPATCH,UNIT_SCADA,1,"2022/10/20 17:45:00",GORDON,262.583740
D,DISPATCH,UNIT_SCADA,1,"2022/10/20 17:45:00",GRANWF1,0
D,DISPATCH,UNIT_SCADA,1,"2022/10/20 17:45:00",GSTONE1,217.1750
D,DISPATCH,UNIT_SCADA,1,"2022/10/20 17:45:00",GSTONE2,0
D,DISPATCH,UNIT_SCADA,1,"2022/10/20 17:45:00",GSTONE3,199.849990
D,DISPATCH,UNIT_SCADA,1,"2022/10/20 17:45:00",GSTONE4,0
D,DISPATCH,UNIT_SCADA,1,"2022/10/20 17:45:00",GSTONE5,217.8750
D,DISPATCH,UNIT_SCADA,1,"2022/10/20 17:45:00",GSTONE6,217.1750
D,DISPATCH,UNIT_SCADA,1,"2022/10/20 17:45:00",GULLRSF1,0.3050
D,DISPATCH,UNIT_SCADA,1,"2022/10/20 17:45:00",GULLRWF1,92.2736
D,DISPATCH,UNIT_SCADA,1,"2022/10/20 17:45:00",GULLRWF2,97.133320
D,DISPATCH,UNIT_SCADA,1,"2022/10/20 17:45:00",GUNNING1,0
D,DISPATCH,UNIT_SCADA,1,"2022/10/20 17:45:00",GUTHEGA,67.600010
D,DISPATCH,UNIT_SCADA,1,"2022/10/20 17:45:00",HALLWF1,1.60
D,DISPATCH,UNIT_SCADA,1,"2022/10/20 17:45:00",HALLWF2,1.05
D,DISPATCH,UNIT_SCADA,1,"2022/10/20 17:45:00",HAMISF1,0
D,DISPATCH,UNIT_SCADA,1,"2022/10/20 17:45:00",HAUGHT11,0
D,DISPATCH,UNIT_SCADA,1,"2022/10/20 17:45:00",HAYMSF1,0
D,DISPATCH,UNIT_SCADA,1,"2022/10/20 17:45:00",HDWF1,16.30
D,DISPATCH,UNIT_SCADA,1,"2022/10/20 17:45:00",HDWF2,16.10
D,DISPATCH,UNIT_SCADA,1,"2022/10/20 17:45:00",HDWF3,18.50
D,DISPATCH,UNIT_SCADA,1,"2022/10/20 17:45:00",HILLSTN1,0
D,DISPATCH,UNIT_SCADA,1,"2022/10/20 17:45:00",HPRG1,0
D,DISPATCH,UNIT_SCADA,1,"2022/10/20 17:45:00",HPRL1,8.50
D,DISPATCH,UNIT_SCADA,1,"2022/10/20 17:45:00",HUMENSW,54.638260
D,DISPATCH,UNIT_SCADA,1,"2022/10/20 17:45:00",HUMEV,0
D,DISPATCH,UNIT_SCADA,1,"2022/10/20 17:45:00",HVWWBA1G,0
D,DISPATCH,UNIT_SCADA,1,"2022/10/20 17:45:00",HVWWBA1L,0.0060
D,DISPATCH,UNIT_SCADA,1,"2022/10/20 17:45:00",HVWWPV1,1.2320
D,DISPATCH,UNIT_SCADA,1,"2022/10/20 17:45:00",JBUTTERS,0
D,DISPATCH,UNIT_SCADA,1,"2022/10/20 17:45:00",JEMALNG1,2.03
D,DISPATCH,UNIT_SCADA,1,"2022/10/20 17:45:00",JLA01,0
D,DISPATCH,UNIT_SCADA,1,"2022/10/20 17:45:00",JLA02,0
D,DISPATCH,UNIT_SCADA,1,"2022/10/20 17:45:00",JLA03,0
D,DISPATCH,UNIT_SCADA,1,"2022/10/20 17:45:00",JLA04,0
D,DISPATCH,UNIT_SCADA,1,"2022/10/20 17:45:00",JLB01,0
D,DISPATCH,UNIT_SCADA,1,"2022/10/20 17:45:00",JLB02,0.10
D,DISPATCH,UNIT_SCADA,1,"2022/10/20 17:45:00",JLB03,0
D,DISPATCH,UNIT_SCADA,1,"2022/10/20 17:45:00",JUNEESF1,1.205310
D,DISPATCH,UNIT_SCADA,1,"2022/10/20 17:45:00",KABANWF1,2.1870
D,DISPATCH,UNIT_SCADA,1,"2022/10/20 17:45:00",KAREEYA1,17.9350
D,DISPATCH,UNIT_SCADA,1,"2022/10/20 17:45:00",KAREEYA2,0
D,DISPATCH,UNIT_SCADA,1,"2022/10/20 17:45:00",KAREEYA3,21.3775
D,DISPATCH,UNIT_SCADA,1,"2022/10/20 17:45:00",KAREEYA4,0
D,DISPATCH,UNIT_SCADA,1,"2022/10/20 17:45:00",KARSF1,14
D,DISPATCH,UNIT_SCADA,1,"2022/10/20 17:45:00",KEPSF1,0.02
D,DISPATCH,UNIT_SCADA,1,"2022/10/20 17:45:00",KEPWF1,12.73
D,DISPATCH,UNIT_SCADA,1,"2022/10/20 17:45:00",KIAMSF1,1.796750
D,DISPATCH,UNIT_SCADA,1,"2022/10/20 17:45:00",KIATAWF1,8.60
D,DISPATCH,UNIT_SCADA,1,"2022/10/20 17:45:00",KPP_1,0
D,DISPATCH,UNIT_SCADA,1,"2022/10/20 17:45:00",KSP1,8.28
D,DISPATCH,UNIT_SCADA,1,"2022/10/20 17:45:00",LADBROK1,0.01
D,DISPATCH,UNIT_SCADA,1,"2022/10/20 17:45:00",LADBROK2,0.02
D,DISPATCH,UNIT_SCADA,1,"2022/10/20 17:45:00",LBBG1,0
D,DISPATCH,UNIT_SCADA,1,"2022/10/20 17:45:00",LBBL1,1.35
D,DISPATCH,UNIT_SCADA,1,"2022/10/20 17:45:00",LD01,380.852690
D,DISPATCH,UNIT_SCADA,1,"2022/10/20 17:45:00",LD02,32.502210
D,DISPATCH,UNIT_SCADA,1,"2022/10/20 17:45:00",LD04,319.821780
D,DISPATCH,UNIT_SCADA,1,"2022/10/20 17:45:00",LEM_WIL,86.496520
D,DISPATCH,UNIT_SCADA,1,"2022/10/20 17:45:00",LGAPWF1,70.26
D,DISPATCH,UNIT_SCADA,1,"2022/10/20 17:45:00",LGAPWF2,54.94
D,DISPATCH,UNIT_SCADA,1,"2022/10/20 17:45:00",LILYSF1,0
D,DISPATCH,UNIT_SCADA,1,"2022/10/20 17:45:00",LIMOSF11,19.371480
D,DISPATCH,UNIT_SCADA,1,"2022/10/20 17:45:00",LIMOSF21,2.500190
D,DISPATCH,UNIT_SCADA,1,"2022/10/20 17:45:00",LI_WY_CA,62.375810
D,DISPATCH,UNIT_SCADA,1,"2022/10/20 17:45:00",LKBONNY1,8.930940
D,DISPATCH,UNIT_SCADA,1,"2022/10/20 17:45:00",LKBONNY2,21.869810
D,DISPATCH,UNIT_SCADA,1,"2022/10/20 17:45:00",LKBONNY3,3.070210
D,DISPATCH,UNIT_SCADA,1,"2022/10/20 17:45:00",LK_ECHO,0
D,DISPATCH,UNIT_SCADA,1,"2022/10/20 17:45:00",LNGS1,0
D,DISPATCH,UNIT_SCADA,1,"2022/10/20 17:45:00",LNGS2,0
D,DISPATCH,UNIT_SCADA,1,"2022/10/20 17:45:00",LONSDALE,0
D,DISPATCH,UNIT_SCADA,1,"2022/10/20 17:45:00",LOYYB1,580.074710
D,DISPATCH,UNIT_SCADA,1,"2022/10/20 17:45:00",LOYYB2,574.8114
D,DISPATCH,UNIT_SCADA,1,"2022/10/20 17:45:00",LYA1,556
D,DISPATCH,UNIT_SCADA,1,"2022/10/20 17:45:00",LYA2,0
D,DISPATCH,UNIT_SCADA,1,"2022/10/20 17:45:00",LYA3,555
D,DISPATCH,UNIT_SCADA,1,"2022/10/20 17:45:00",LYA4,559
D,DISPATCH,UNIT_SCADA,1,"2022/10/20 17:45:00",MACARTH1,48.598880
D,DISPATCH,UNIT_SCADA,1,"2022/10/20 17:45:00",MACKNTSH,31.55
D,DISPATCH,UNIT_SCADA,1,"2022/10/20 17:45:00",MANSLR1,0.8320
D,DISPATCH,UNIT_SCADA,1,"2022/10/20 17:45:00",MAPS2PV1,0
D,DISPATCH,UNIT_SCADA,1,"2022/10/20 17:45:00",MAPS3PV1,0
D,DISPATCH,UNIT_SCADA,1,"2022/10/20 17:45:00",MARYRSF1,0.42
D,DISPATCH,UNIT_SCADA,1,"2022/10/20 17:45:00",MBPS2PV1,0
D,DISPATCH,UNIT_SCADA,1,"2022/10/20 17:45:00",MCKAY1,219.534990
D,DISPATCH,UNIT_SCADA,1,"2022/10/20 17:45:00",MEADOWBK,15.8619
D,DISPATCH,UNIT_SCADA,1,"2022/10/20 17:45:00",MERCER01,26.30
D,DISPATCH,UNIT_SCADA,1,"2022/10/20 17:45:00",METZSF1,1.755660
D,DISPATCH,UNIT_SCADA,1,"2022/10/20 17:45:00",MEWF1,0
D,DISPATCH,UNIT_SCADA,1,"2022/10/20 17:45:00",MIDDLSF1,0.10
D,DISPATCH,UNIT_SCADA,1,"2022/10/20 17:45:00",MINTARO,0.128180
D,DISPATCH,UNIT_SCADA,1,"2022/10/20 17:45:00",MOLNGSF1,0.950940
D,DISPATCH,UNIT_SCADA,1,"2022/10/20 17:45:00",MOORAWF1,28.59
D,DISPATCH,UNIT_SCADA,1,"2022/10/20 17:45:00",MOREESF1,0.3380
D,DISPATCH,UNIT_SCADA,1,"2022/10/20 17:45:00",MORTLK11,0
D,DISPATCH,UNIT_SCADA,1,"2022/10/20 17:45:00",MORTLK12,0
D,DISPATCH,UNIT_SCADA,1,"2022/10/20 17:45:00",MOUSF1,0
D,DISPATCH,UNIT_SCADA,1,"2022/10/20 17:45:00",MP1,0
D,DISPATCH,UNIT_SCADA,1,"2022/10/20 17:45:00",MP2,629.684880
D,DISPATCH,UNIT_SCADA,1,"2022/10/20 17:45:00",MPP_1,204.062620
D,DISPATCH,UNIT_SCADA,1,"2022/10/20 17:45:00",MPP_2,181.3110
D,DISPATCH,UNIT_SCADA,1,"2022/10/20 17:45:00",MRTLSWF1,0
D,DISPATCH,UNIT_SCADA,1,"2022/10/20 17:45:00",MSTUART1,0
D,DISPATCH,UNIT_SCADA,1,"2022/10/20 17:45:00",MSTUART2,0
D,DISPATCH,UNIT_SCADA,1,"2022/10/20 17:45:00",MSTUART3,0
D,DISPATCH,UNIT_SCADA,1,"2022/10/20 17:45:00",MTGELWF1,63.344220
D,DISPATCH,UNIT_SCADA,1,"2022/10/20 17:45:00",MTMILLAR,13.40
D,DISPATCH,UNIT_SCADA,1,"2022/10/20 17:45:00",MURRAY,303.300020
D,DISPATCH,UNIT_SCADA,1,"2022/10/20 17:45:00",MUSSELR1,3.30
D,DISPATCH,UNIT_SCADA,1,"2022/10/20 17:45:00",MUWAWF1,5.46
D,DISPATCH,UNIT_SCADA,1,"2022/10/20 17:45:00",MUWAWF2,6.80
D,DISPATCH,UNIT_SCADA,1,"2022/10/20 17:45:00",MWPS1PV1,0.11
D,DISPATCH,UNIT_SCADA,1,"2022/10/20 17:45:00",MWPS2PV1,0.34
D,DISPATCH,UNIT_SCADA,1,"2022/10/20 17:45:00",MWPS3PV1,0.31
D,DISPATCH,UNIT_SCADA,1,"2022/10/20 17:45:00",MWPS4PV1,2.99
D,DISPATCH,UNIT_SCADA,1,"2022/10/20 17:45:00",NBHWF1,11.40
D,DISPATCH,UNIT_SCADA,1,"2022/10/20 17:45:00",NEVERSF1,4.24
D,DISPATCH,UNIT_SCADA,1,"2022/10/20 17:45:00",NPS,0
D,DISPATCH,UNIT_SCADA,1,"2022/10/20 17:45:00",NUMURSF1,22.39
D,DISPATCH,UNIT_SCADA,1,"2022/10/20 17:45:00",NYNGAN1,12.25
D,DISPATCH,UNIT_SCADA,1,"2022/10/20 17:45:00",OAKEY1,125.786270
D,DISPATCH,UNIT_SCADA,1,"2022/10/20 17:45:00",OAKEY1SF,0.3030
D,DISPATCH,UNIT_SCADA,1,"2022/10/20 17:45:00",OAKEY2,0
D,DISPATCH,UNIT_SCADA,1,"2022/10/20 17:45:00",OAKEY2SF,0.58
D,DISPATCH,UNIT_SCADA,1,"2022/10/20 17:45:00",OAKLAND1,20.50
D,DISPATCH,UNIT_SCADA,1,"2022/10/20 17:45:00",OSB-AG,166.84
D,DISPATCH,UNIT_SCADA,1,"2022/10/20 17:45:00",PAREPS1,0
D,DISPATCH,UNIT_SCADA,1,"2022/10/20 17:45:00",PAREPW1,161.87
D,DISPATCH,UNIT_SCADA,1,"2022/10/20 17:45:00",PARSF1,2.299530
D,DISPATCH,UNIT_SCADA,1,"2022/10/20 17:45:00",POAT110,3.12
D,DISPATCH,UNIT_SCADA,1,"2022/10/20 17:45:00",POAT220,0
D,DISPATCH,UNIT_SCADA,1,"2022/10/20 17:45:00",POR01,0.008670
D,DISPATCH,UNIT_SCADA,1,"2022/10/20 17:45:00",POR03,0
D,DISPATCH,UNIT_SCADA,1,"2022/10/20 17:45:00",PPCCGT,162.814470
D,DISPATCH,UNIT_SCADA,1,"2022/10/20 17:45:00",PTSTAN1,0
D,DISPATCH,UNIT_SCADA,1,"2022/10/20 17:45:00",PUMP1,0
D,DISPATCH,UNIT_SCADA,1,"2022/10/20 17:45:00",PUMP2,0
D,DISPATCH,UNIT_SCADA,1,"2022/10/20 17:45:00",QBYNBG1,0
D,DISPATCH,UNIT_SCADA,1,"2022/10/20 17:45:00",QBYNBL1,0.0035
D,DISPATCH,UNIT_SCADA,1,"2022/10/20 17:45:00",QPS1,0
D,DISPATCH,UNIT_SCADA,1,"2022/10/20 17:45:00",QPS2,0
D,DISPATCH,UNIT_SCADA,1,"2022/10/20 17:45:00",QPS3,0
D,DISPATCH,UNIT_SCADA,1,"2022/10/20 17:45:00",QPS4,0
D,DISPATCH,UNIT_SCADA,1,"2022/10/20 17:45:00",QPS5,117.16
D,DISPATCH,UNIT_SCADA,1,"2022/10/20 17:45:00",REECE1,53.479420
D,DISPATCH,UNIT_SCADA,1,"2022/10/20 17:45:00",REECE2,44.79
D,DISPATCH,UNIT_SCADA,1,"2022/10/20 17:45:00",ROMA_7,0
D,DISPATCH,UNIT_SCADA,1,"2022/10/20 17:45:00",ROMA_8,0
D,DISPATCH,UNIT_SCADA,1,"2022/10/20 17:45:00",RRSF1,0
D,DISPATCH,UNIT_SCADA,1,"2022/10/20 17:45:00",RT_NSW1,0
D,DISPATCH,UNIT_SCADA,1,"2022/10/20 17:45:00",RT_NSW2,0
D,DISPATCH,UNIT_SCADA,1,"2022/10/20 17:45:00",RT_NSW3,0
D,DISPATCH,UNIT_SCADA,1,"2022/10/20 17:45:00",RT_NSW4,0
D,DISPATCH,UNIT_SCADA,1,"2022/10/20 17:45:00",RT_NSW5,0
D,DISPATCH,UNIT_SCADA,1,"2022/10/20 17:45:00",RT_NSW6,0
D,DISPATCH,UNIT_SCADA,1,"2022/10/20 17:45:00",RT_QLD1,0
D,DISPATCH,UNIT_SCADA,1,"2022/10/20 17:45:00",RT_SA1,0
D,DISPATCH,UNIT_SCADA,1,"2022/10/20 17:45:00",RT_SA2,0
D,DISPATCH,UNIT_SCADA,1,"2022/10/20 17:45:00",RT_SA3,0
D,DISPATCH,UNIT_SCADA,1,"2022/10/20 17:45:00",RT_SA4,0
D,DISPATCH,UNIT_SCADA,1,"2022/10/20 17:45:00",RT_SA5,0
D,DISPATCH,UNIT_SCADA,1,"2022/10/20 17:45:00",RT_SA6,0
D,DISPATCH,UNIT_SCADA,1,"2022/10/20 17:45:00",RT_TAS1,0
D,DISPATCH,UNIT_SCADA,1,"2022/10/20 17:45:00",RT_VIC1,0
D,DISPATCH,UNIT_SCADA,1,"2022/10/20 17:45:00",RT_VIC10,0
D,DISPATCH,UNIT_SCADA,1,"2022/10/20 17:45:00",RT_VIC11,0
D,DISPATCH,UNIT_SCADA,1,"2022/10/20 17:45:00",RT_VIC12,0
D,DISPATCH,UNIT_SCADA,1,"2022/10/20 17:45:00",RT_VIC2,0
D,DISPATCH,UNIT_SCADA,1,"2022/10/20 17:45:00",RT_VIC3,0
D,DISPATCH,UNIT_SCADA,1,"2022/10/20 17:45:00",RT_VIC4,0
D,DISPATCH,UNIT_SCADA,1,"2022/10/20 17:45:00",RT_VIC5,0
D,DISPATCH,UNIT_SCADA,1,"2022/10/20 17:45:00",RT_VIC6,0
D,DISPATCH,UNIT_SCADA,1,"2022/10/20 17:45:00",RT_VIC7,0
D,DISPATCH,UNIT_SCADA,1,"2022/10/20 17:45:00",RT_VIC8,0
D,DISPATCH,UNIT_SCADA,1,"2022/10/20 17:45:00",RT_VIC9,0
D,DISPATCH,UNIT_SCADA,1,"2022/10/20 17:45:00",RUGBYR1,3.404930
D,DISPATCH,UNIT_SCADA,1,"2022/10/20 17:45:00",SALTCRK1,23.96
D,DISPATCH,UNIT_SCADA,1,"2022/10/20 17:45:00",SAPHWF1,135.0927
D,DISPATCH,UNIT_SCADA,1,"2022/10/20 17:45:00",SEBSF1,1.649610
D,DISPATCH,UNIT_SCADA,1,"2022/10/20 17:45:00",SHGEN,78.499040
D,DISPATCH,UNIT_SCADA,1,"2022/10/20 17:45:00",SHPUMP,0
D,DISPATCH,UNIT_SCADA,1,"2022/10/20 17:45:00",SITHE01,0.123710
D,DISPATCH,UNIT_SCADA,1,"2022/10/20 17:45:00",SMCSF1,0
D,DISPATCH,UNIT_SCADA,1,"2022/10/20 17:45:00",SNAPPER1,0
D,DISPATCH,UNIT_SCADA,1,"2022/10/20 17:45:00",SNOWNTH1,28.80
D,DISPATCH,UNIT_SCADA,1,"2022/10/20 17:45:00",SNOWSTH1,17.80
D,DISPATCH,UNIT_SCADA,1,"2022/10/20 17:45:00",SNOWTWN1,10.735230
D,DISPATCH,UNIT_SCADA,1,"2022/10/20 17:45:00",SNOWYP,0
D,DISPATCH,UNIT_SCADA,1,"2022/10/20 17:45:00",SNUG1,0
D,DISPATCH,UNIT_SCADA,1,"2022/10/20 17:45:00",SRSF1,0
D,DISPATCH,UNIT_SCADA,1,"2022/10/20 17:45:00",STAN-1,278.735870
D,DISPATCH,UNIT_SCADA,1,"2022/10/20 17:45:00",STAN-2,364.076780
D,DISPATCH,UNIT_SCADA,1,"2022/10/20 17:45:00",STAN-3,363.243620
D,DISPATCH,UNIT_SCADA,1,"2022/10/20 17:45:00",STAN-4,363.461550
D,DISPATCH,UNIT_SCADA,1,"2022/10/20 17:45:00",STARHLWF,20.693970
D,DISPATCH,UNIT_SCADA,1,"2022/10/20 17:45:00",STOCKYD1,209.67
D,DISPATCH,UNIT_SCADA,1,"2022/10/20 17:45:00",STWF1,13.0135
D,DISPATCH,UNIT_SCADA,1,"2022/10/20 17:45:00",SUNRSF1,17.344930
D,DISPATCH,UNIT_SCADA,1,"2022/10/20 17:45:00",SUNTPSF1,9.2842
D,DISPATCH,UNIT_SCADA,1,"2022/10/20 17:45:00",SWAN_E,340.75
D,DISPATCH,UNIT_SCADA,1,"2022/10/20 17:45:00",TALWA1,0
D,DISPATCH,UNIT_SCADA,1,"2022/10/20 17:45:00",TARALGA1,0
D,DISPATCH,UNIT_SCADA,1,"2022/10/20 17:45:00",TARONG#1,348.899990
D,DISPATCH,UNIT_SCADA,1,"2022/10/20 17:45:00",TARONG#2,348.600010
D,DISPATCH,UNIT_SCADA,1,"2022/10/20 17:45:00",TARONG#3,0.90
D,DISPATCH,UNIT_SCADA,1,"2022/10/20 17:45:00",TARONG#4,243.70
D,DISPATCH,UNIT_SCADA,1,"2022/10/20 17:45:00",TARRALEA,53.80
D,DISPATCH,UNIT_SCADA,1,"2022/10/20 17:45:00",TBSF1,28.80
D,DISPATCH,UNIT_SCADA,1,"2022/10/20 17:45:00",TNPS1,419.3125
D,DISPATCH,UNIT_SCADA,1,"2022/10/20 17:45:00",TORRB1,0
D,DISPATCH,UNIT_SCADA,1,"2022/10/20 17:45:00",TORRB2,59
D,DISPATCH,UNIT_SCADA,1,"2022/10/20 17:45:00",TORRB3,0
D,DISPATCH,UNIT_SCADA,1,"2022/10/20 17:45:00",TORRB4,0
D,DISPATCH,UNIT_SCADA,1,"2022/10/20 17:45:00",TREVALLN,99.182410
D,DISPATCH,UNIT_SCADA,1,"2022/10/20 17:45:00",TRIBUTE,0
D,DISPATCH,UNIT_SCADA,1,"2022/10/20 17:45:00",TUMUT3,337.989990
D,DISPATCH,UNIT_SCADA,1,"2022/10/20 17:45:00",TUNGATIN,2.400020
D,DISPATCH,UNIT_SCADA,1,"2022/10/20 17:45:00",TVCC201,0
D,DISPATCH,UNIT_SCADA,1,"2022/10/20 17:45:00",TVPP104,57.8461
D,DISPATCH,UNIT_SCADA,1,"2022/10/20 17:45:00",UPPTUMUT,117.0352
D,DISPATCH,UNIT_SCADA,1,"2022/10/20 17:45:00",URANQ11,0
D,DISPATCH,UNIT_SCADA,1,"2022/10/20 17:45:00",URANQ12,0
D,DISPATCH,UNIT_SCADA,1,"2022/10/20 17:45:00",URANQ13,0
D,DISPATCH,UNIT_SCADA,1,"2022/10/20 17:45:00",URANQ14,153.636990
D,DISPATCH,UNIT_SCADA,1,"2022/10/20 17:45:00",VBBG1,0
D,DISPATCH,UNIT_SCADA,1,"2022/10/20 17:45:00",VBBL1,8.80
D,DISPATCH,UNIT_SCADA,1,"2022/10/20 17:45:00",VP5,585.882140
D,DISPATCH,UNIT_SCADA,1,"2022/10/20 17:45:00",VP6,598.821960
D,DISPATCH,UNIT_SCADA,1,"2022/10/20 17:45:00",VPGS1,0
D,DISPATCH,UNIT_SCADA,1,"2022/10/20 17:45:00",VPGS2,0
D,DISPATCH,UNIT_SCADA,1,"2022/10/20 17:45:00",VPGS3,0
D,DISPATCH,UNIT_SCADA,1,"2022/10/20 17:45:00",VPGS4,0
D,DISPATCH,UNIT_SCADA,1,"2022/10/20 17:45:00",VPGS5,0
D,DISPATCH,UNIT_SCADA,1,"2022/10/20 17:45:00",VPGS6,0
D,DISPATCH,UNIT_SCADA,1,"2022/10/20 17:45:00",W/HOE#1,159.61
D,DISPATCH,UNIT_SCADA,1,"2022/10/20 17:45:00",W/HOE#2,0
D,DISPATCH,UNIT_SCADA,1,"2022/10/20 17:45:00",WAGGNSF1,0
D,DISPATCH,UNIT_SCADA,1,"2022/10/20 17:45:00",WALGRVG1,0
D,DISPATCH,UNIT_SCADA,1,"2022/10/20 17:45:00",WALGRVL1,3.074430
D,DISPATCH,UNIT_SCADA,1,"2022/10/20 17:45:00",WANDBG1,0
D,DISPATCH,UNIT_SCADA,1,"2022/10/20 17:45:00",WANDBL1,0
D,DISPATCH,UNIT_SCADA,1,"2022/10/20 17:45:00",WARWSF1,0.55
D,DISPATCH,UNIT_SCADA,1,"2022/10/20 17:45:00",WARWSF2,0.60
D,DISPATCH,UNIT_SCADA,1,"2022/10/20 17:45:00",WATERLWF,0
D,DISPATCH,UNIT_SCADA,1,"2022/10/20 17:45:00",WDGPH1,0
D,DISPATCH,UNIT_SCADA,1,"2022/10/20 17:45:00",WELLSF1,4.1413
D,DISPATCH,UNIT_SCADA,1,"2022/10/20 17:45:00",WEMENSF1,5.70
D,DISPATCH,UNIT_SCADA,1,"2022/10/20 17:45:00",WGWF1,14.40
D,DISPATCH,UNIT_SCADA,1,"2022/10/20 17:45:00",WHITSF1,0
D,DISPATCH,UNIT_SCADA,1,"2022/10/20 17:45:00",WINTSF1,6.99
D,DISPATCH,UNIT_SCADA,1,"2022/10/20 17:45:00",WKIEWA1,33.90
D,DISPATCH,UNIT_SCADA,1,"2022/10/20 17:45:00",WKIEWA2,34
D,DISPATCH,UNIT_SCADA,1,"2022/10/20 17:45:00",WOODLWN1,31.496090
D,DISPATCH,UNIT_SCADA,1,"2022/10/20 17:45:00",WOOLGSF1,0
D,DISPATCH,UNIT_SCADA,1,"2022/10/20 17:45:00",WPWF,39.42
D,DISPATCH,UNIT_SCADA,1,"2022/10/20 17:45:00",WRSF1,0.550550
D,DISPATCH,UNIT_SCADA,1,"2022/10/20 17:45:00",WRWF1,79.092390
D,DISPATCH,UNIT_SCADA,1,"2022/10/20 17:45:00",WSTWYSF1,0.242750
D,DISPATCH,UNIT_SCADA,1,"2022/10/20 17:45:00",YABULU,151.380020
D,DISPATCH,UNIT_SCADA,1,"2022/10/20 17:45:00",YABULU2,0
D,DISPATCH,UNIT_SCADA,1,"2022/10/20 17:45:00",YARANSF1,1.27
D,DISPATCH,UNIT_SCADA,1,"2022/10/20 17:45:00",YARWUN_1,161.47
D,DISPATCH,UNIT_SCADA,1,"2022/10/20 17:45:00",YATSF1,6.38
D,DISPATCH,UNIT_SCADA,1,"2022/10/20 17:45:00",YENDWF1,24.26
D,DISPATCH,UNIT_SCADA,1,"2022/10/20 17:45:00",YWPS1,353.6329
D,DISPATCH,UNIT_SCADA,1,"2022/10/20 17:45:00",YWPS2,289.972140
D,DISPATCH,UNIT_SCADA,1,"2022/10/20 17:45:00",YWPS3,359.106320
D,DISPATCH,UNIT_SCADA,1,"2022/10/20 17:45:00",YWPS4,0
C,"END OF REPORT",419
