C,NEMP.WORLD,DISPATCHSCADA,AEMO,PUBLIC,2022/10/20,16:35:09,0000000373267343,DISPATCHSCADA,0000000373267337
I,DISPATCH,UNIT_SCADA,1,SETTLEMENTDATE,DUID,SCADAVALUE
D,DISPATCH,UNIT_SCADA,1,"2022/10/20 16:40:00",BARCSF1,1.80
D,DISPATCH,UNIT_SCADA,1,"2022/10/20 16:40:00",BUTLERSG,8.699999
D,DISPATCH,UNIT_SCADA,1,"2022/10/20 16:40:00",CAPTL_WF,91.224045
D,DISPATCH,UNIT_SCADA,1,"2022/10/20 16:40:00",CHALLHWF,16.200001
D,DISPATCH,UNIT_SCADA,1,"2022/10/20 16:40:00",CLOVER,10.20
D,DISPATCH,UNIT_SCADA,1,"2022/10/20 16:40:00",CLUNY,6.281987
D,DISPATCH,UNIT_SCADA,1,"2022/10/20 16:40:00",CULLRGWF,0
D,DISPATCH,UNIT_SCADA,1,"2022/10/20 16:40:00",DIAPURWF1,2.20
D,DISPATCH,UNIT_SCADA,1,"2022/10/20 16:40:00",ERGT01,0
D,DISPATCH,UNIT_SCADA,1,"2022/10/20 16:40:00",GB01,0
D,DISPATCH,UNIT_SCADA,1,"2022/10/20 16:40:00",GERMCRK,21.700001
D,DISPATCH,UNIT_SCADA,1,"2022/10/20 16:40:00",GRIFSF1,2.800030
D,DISPATCH,UNIT_SCADA,1,"2022/10/20 16:40:00",HEZ1,0
D,DISPATCH,UNIT_SCADA,1,"2022/10/20 16:40:00",HUGSF1,10.4530
D,DISPATCH,UNIT_SCADA,1,"2022/10/20 16:40:00",KEPBG1,0.01
D,DISPATCH,UNIT_SCADA,1,"2022/10/20 16:40:00",LRSF1,10.4930
D,DISPATCH,UNIT_SCADA,1,"2022/10/20 16:40:00",MBAHNTH,41.887497
D,DISPATCH,UNIT_SCADA,1,"2022/10/20 16:40:00",MLSP1,1.696001
D,DISPATCH,UNIT_SCADA,1,"2022/10/20 16:40:00",MLWF1,6.42
D,DISPATCH,UNIT_SCADA,1,"2022/10/20 16:40:00",PALOONA,30.25
D,DISPATCH,UNIT_SCADA,1,"2022/10/20 16:40:00",PIONEER,28.10
D,DISPATCH,UNIT_SCADA,1,"2022/10/20 16:40:00",PORTWF,34.599998
D,DISPATCH,UNIT_SCADA,1,"2022/10/20 16:40:00",REPULSE,9.334249
D,DISPATCH,UNIT_SCADA,1,"2022/10/20 16:40:00",ROWALLAN,8.9247
D,DISPATCH,UNIT_SCADA,1,"2022/10/20 16:40:00",ROYALLA1,1.793003
D,DISPATCH,UNIT_SCADA,1,"2022/10/20 16:40:00",RPCG,-1.80
D,DISPATCH,UNIT_SCADA,1,"2022/10/20 16:40:00",RUBICON,0
D,DISPATCH,UNIT_SCADA,1,"2022/10/20 16:40:00",WAUBRAWF,53.786999
D,DISPATCH,UNIT_SCADA,1,"2022/10/20 16:40:00",WOOLNTH1,96.419998
D,DISPATCH,UNIT_SCADA,1,"2022/10/20 16:40:00",YAMBUKWF,1.90
D,DISPATCH,UNIT_SCADA,1,"2022/10/20 16:40:00",YSWF1,1.50
D,DISPATCH,UNIT_SCADA,1,"2022/10/20 16:40:00",ADPBA1G,0.0080
D,DISPATCH,UNIT_SCADA,1,"2022/10/20 16:40:00",ADPBA1L,0
D,DISPATCH,UNIT_SCADA,1,"2022/10/20 16:40:00",ADPPV1,8.7710
D,DISPATCH,UNIT_SCADA,1,"2022/10/20 16:40:00",AGLHAL,0
D,DISPATCH,UNIT_SCADA,1,"2022/10/20 16:40:00",AGLSOM,0
D,DISPATCH,UNIT_SCADA,1,"2022/10/20 16:40:00",ANGAST1,0
D,DISPATCH,UNIT_SCADA,1,"2022/10/20 16:40:00",ARWF1,54.10
D,DISPATCH,UNIT_SCADA,1,"2022/10/20 16:40:00",BALBG1,0
D,DISPATCH,UNIT_SCADA,1,"2022/10/20 16:40:00",BALBL1,15.65
D,DISPATCH,UNIT_SCADA,1,"2022/10/20 16:40:00",BALDHWF1,101.1560
D,DISPATCH,UNIT_SCADA,1,"2022/10/20 16:40:00",BANGOWF1,77.698940
D,DISPATCH,UNIT_SCADA,1,"2022/10/20 16:40:00",BANGOWF2,9
D,DISPATCH,UNIT_SCADA,1,"2022/10/20 16:40:00",BANN1,14.65
D,DISPATCH,UNIT_SCADA,1,"2022/10/20 16:40:00",BARCALDN,0
D,DISPATCH,UNIT_SCADA,1,"2022/10/20 16:40:00",BARKIPS1,0
D,DISPATCH,UNIT_SCADA,1,"2022/10/20 16:40:00",BARRON-1,25.64
D,DISPATCH,UNIT_SCADA,1,"2022/10/20 16:40:00",BARRON-2,25.28
D,DISPATCH,UNIT_SCADA,1,"2022/10/20 16:40:00",BASTYAN,50.51
D,DISPATCH,UNIT_SCADA,1,"2022/10/20 16:40:00",BBTHREE1,0
D,DISPATCH,UNIT_SCADA,1,"2022/10/20 16:40:00",BBTHREE2,0
D,DISPATCH,UNIT_SCADA,1,"2022/10/20 16:40:00",BBTHREE3,-1.08
D,DISPATCH,UNIT_SCADA,1,"2022/10/20 16:40:00",BDL01,0
D,DISPATCH,UNIT_SCADA,1,"2022/10/20 16:40:00",BDL02,0
D,DISPATCH,UNIT_SCADA,1,"2022/10/20 16:40:00",BERYLSF1,16.752160
D,DISPATCH,UNIT_SCADA,1,"2022/10/20 16:40:00",BLOWERNG,62.50
D,DISPATCH,UNIT_SCADA,1,"2022/10/20 16:40:00",BLUEGSF1,9.025020
D,DISPATCH,UNIT_SCADA,1,"2022/10/20 16:40:00",BLUFF1,0
D,DISPATCH,UNIT_SCADA,1,"2022/10/20 16:40:00",BNGSF1,109.96
D,DISPATCH,UNIT_SCADA,1,"2022/10/20 16:40:00",BNGSF2,110.46
D,DISPATCH,UNIT_SCADA,1,"2022/10/20 16:40:00",BOCORWF1,60.70
D,DISPATCH,UNIT_SCADA,1,"2022/10/20 16:40:00",BODWF1,97.0611
D,DISPATCH,UNIT_SCADA,1,"2022/10/20 16:40:00",BOMENSF1,15.071640
D,DISPATCH,UNIT_SCADA,1,"2022/10/20 16:40:00",BOWWBA1G,0
D,DISPATCH,UNIT_SCADA,1,"2022/10/20 16:40:00",BOWWBA1L,0.0020
D,DISPATCH,UNIT_SCADA,1,"2022/10/20 16:40:00",BOWWPV1,0
D,DISPATCH,UNIT_SCADA,1,"2022/10/20 16:40:00",BRAEMAR1,0
D,DISPATCH,UNIT_SCADA,1,"2022/10/20 16:40:00",BRAEMAR2,0
D,DISPATCH,UNIT_SCADA,1,"2022/10/20 16:40:00",BRAEMAR3,0
D,DISPATCH,UNIT_SCADA,1,"2022/10/20 16:40:00",BRAEMAR5,0.292060
D,DISPATCH,UNIT_SCADA,1,"2022/10/20 16:40:00",BRAEMAR6,0
D,DISPATCH,UNIT_SCADA,1,"2022/10/20 16:40:00",BRAEMAR7,139.342360
D,DISPATCH,UNIT_SCADA,1,"2022/10/20 16:40:00",BROKENH1,15.899760
D,DISPATCH,UNIT_SCADA,1,"2022/10/20 16:40:00",BRYB1WF1,87.009990
D,DISPATCH,UNIT_SCADA,1,"2022/10/20 16:40:00",BULBESG1,0
D,DISPATCH,UNIT_SCADA,1,"2022/10/20 16:40:00",BULBESL1,1.84
D,DISPATCH,UNIT_SCADA,1,"2022/10/20 16:40:00",BULGANA1,36.54
D,DISPATCH,UNIT_SCADA,1,"2022/10/20 16:40:00",BW01,658.7381
D,DISPATCH,UNIT_SCADA,1,"2022/10/20 16:40:00",BW02,619.089050
D,DISPATCH,UNIT_SCADA,1,"2022/10/20 16:40:00",BW03,474.189360
D,DISPATCH,UNIT_SCADA,1,"2022/10/20 16:40:00",BW04,0
D,DISPATCH,UNIT_SCADA,1,"2022/10/20 16:40:00",CALL_B_1,319.200010
D,DISPATCH,UNIT_SCADA,1,"2022/10/20 16:40:00",CALL_B_2,313.899990
D,DISPATCH,UNIT_SCADA,1,"2022/10/20 16:40:00",CATHROCK,9.10
D,DISPATCH,UNIT_SCADA,1,"2022/10/20 16:40:00",CBWWBA1G,0
D,DISPATCH,UNIT_SCADA,1,"2022/10/20 16:40:00",CBWWBA1L,0
D,DISPATCH,UNIT_SCADA,1,"2022/10/20 16:40:00",CETHANA,97.106750
D,DISPATCH,UNIT_SCADA,1,"2022/10/20 16:40:00",CG1,0
D,DISPATCH,UNIT_SCADA,1,"2022/10/20 16:40:00",CG2,0
D,DISPATCH,UNIT_SCADA,1,"2022/10/20 16:40:00",CG3,0
D,DISPATCH,UNIT_SCADA,1,"2022/10/20 16:40:00",CG4,0
D,DISPATCH,UNIT_SCADA,1,"2022/10/20 16:40:00",CHILDSF1,3.72
D,DISPATCH,UNIT_SCADA,1,"2022/10/20 16:40:00",CHYTWF1,7.60
D,DISPATCH,UNIT_SCADA,1,"2022/10/20 16:40:00",CLARESF1,0
D,DISPATCH,UNIT_SCADA,1,"2022/10/20 16:40:00",CLEMGPWF,18.008750
D,DISPATCH,UNIT_SCADA,1,"2022/10/20 16:40:00",CLERMSF1,49.11
D,DISPATCH,UNIT_SCADA,1,"2022/10/20 16:40:00",CNUNDAWF,10.312030
D,DISPATCH,UNIT_SCADA,1,"2022/10/20 16:40:00",COHUNSF1,17.38
D,DISPATCH,UNIT_SCADA,1,"2022/10/20 16:40:00",COLEASF1,8.202110
D,DISPATCH,UNIT_SCADA,1,"2022/10/20 16:40:00",COLUMSF1,6.1310
D,DISPATCH,UNIT_SCADA,1,"2022/10/20 16:40:00",COLWF01,96.084530
D,DISPATCH,UNIT_SCADA,1,"2022/10/20 16:40:00",COOPGWF1,300.070010
D,DISPATCH,UNIT_SCADA,1,"2022/10/20 16:40:00",CPP_3,369.325010
D,DISPATCH,UNIT_SCADA,1,"2022/10/20 16:40:00",CPP_4,0
D,DISPATCH,UNIT_SCADA,1,"2022/10/20 16:40:00",CPSA,0
D,DISPATCH,UNIT_SCADA,1,"2022/10/20 16:40:00",CROOKWF2,46.814070
D,DISPATCH,UNIT_SCADA,1,"2022/10/20 16:40:00",CROWLWF1,30.315520
D,DISPATCH,UNIT_SCADA,1,"2022/10/20 16:40:00",CRURWF1,55.895860
D,DISPATCH,UNIT_SCADA,1,"2022/10/20 16:40:00",CRWASF1,25.731070
D,DISPATCH,UNIT_SCADA,1,"2022/10/20 16:40:00",CSPVPS1,4.4780
D,DISPATCH,UNIT_SCADA,1,"2022/10/20 16:40:00",CTHLWF1,0.003050
D,DISPATCH,UNIT_SCADA,1,"2022/10/20 16:40:00",DALNTH01,0
D,DISPATCH,UNIT_SCADA,1,"2022/10/20 16:40:00",DALNTHL1,0.141910
D,DISPATCH,UNIT_SCADA,1,"2022/10/20 16:40:00",DARLSF1,149.666660
D,DISPATCH,UNIT_SCADA,1,"2022/10/20 16:40:00",DARTM1,0
D,DISPATCH,UNIT_SCADA,1,"2022/10/20 16:40:00",DAYDSF1,48.5690
D,DISPATCH,UNIT_SCADA,1,"2022/10/20 16:40:00",DDPS1,0
D,DISPATCH,UNIT_SCADA,1,"2022/10/20 16:40:00",DDSF1,10.723330
D,DISPATCH,UNIT_SCADA,1,"2022/10/20 16:40:00",DEVILS_G,59.789420
D,DISPATCH,UNIT_SCADA,1,"2022/10/20 16:40:00",DG_NSW1,0
D,DISPATCH,UNIT_SCADA,1,"2022/10/20 16:40:00",DG_QLD1,0
D,DISPATCH,UNIT_SCADA,1,"2022/10/20 16:40:00",DG_SA1,0
D,DISPATCH,UNIT_SCADA,1,"2022/10/20 16:40:00",DG_TAS1,0
D,DISPATCH,UNIT_SCADA,1,"2022/10/20 16:40:00",DG_VIC1,0
D,DISPATCH,UNIT_SCADA,1,"2022/10/20 16:40:00",DRYCGT1,0
D,DISPATCH,UNIT_SCADA,1,"2022/10/20 16:40:00",DRYCGT2,0
D,DISPATCH,UNIT_SCADA,1,"2022/10/20 16:40:00",DRYCGT3,0
D,DISPATCH,UNIT_SCADA,1,"2022/10/20 16:40:00",DUNDWF1,70.86
D,DISPATCH,UNIT_SCADA,1,"2022/10/20 16:40:00",DUNDWF2,15.96
D,DISPATCH,UNIT_SCADA,1,"2022/10/20 16:40:00",DUNDWF3,71.84
D,DISPATCH,UNIT_SCADA,1,"2022/10/20 16:40:00",EILDON1,59.84
D,DISPATCH,UNIT_SCADA,1,"2022/10/20 16:40:00",EILDON2,59.92
D,DISPATCH,UNIT_SCADA,1,"2022/10/20 16:40:00",ELAINWF1,23.26
D,DISPATCH,UNIT_SCADA,1,"2022/10/20 16:40:00",EMERASF1,0
D,DISPATCH,UNIT_SCADA,1,"2022/10/20 16:40:00",ER01,0
D,DISPATCH,UNIT_SCADA,1,"2022/10/20 16:40:00",ER02,667.893490
D,DISPATCH,UNIT_SCADA,1,"2022/10/20 16:40:00",ER03,634.860780
D,DISPATCH,UNIT_SCADA,1,"2022/10/20 16:40:00",ER04,677.952210
D,DISPATCH,UNIT_SCADA,1,"2022/10/20 16:40:00",FINLYSF1,122.099640
D,DISPATCH,UNIT_SCADA,1,"2022/10/20 16:40:00",FISHER,43.96
D,DISPATCH,UNIT_SCADA,1,"2022/10/20 16:40:00",GANGARR1,14.8420
D,DISPATCH,UNIT_SCADA,1,"2022/10/20 16:40:00",GANNBG1,0
D,DISPATCH,UNIT_SCADA,1,"2022/10/20 16:40:00",GANNBL1,0.105180
D,DISPATCH,UNIT_SCADA,1,"2022/10/20 16:40:00",GANNSF1,13.10
D,DISPATCH,UNIT_SCADA,1,"2022/10/20 16:40:00",GLRWNSF1,66.48
D,DISPATCH,UNIT_SCADA,1,"2022/10/20 16:40:00",GNNDHSF1,60.911650
D,DISPATCH,UNIT_SCADA,1,"2022/10/20 16:40:00",GOONSF1,13.333940
D,DISPATCH,UNIT_SCADA,1,"2022/10/20 16:40:00",GORDON,265.329040
D,DISPATCH,UNIT_SCADA,1,"2022/10/20 16:40:00",GRANWF1,0
D,DISPATCH,UNIT_SCADA,1,"2022/10/20 16:40:00",GSTONE1,199.849990
D,DISPATCH,UNIT_SCADA,1,"2022/10/20 16:40:00",GSTONE2,0
D,DISPATCH,UNIT_SCADA,1,"2022/10/20 16:40:00",GSTONE3,199.849990
D,DISPATCH,UNIT_SCADA,1,"2022/10/20 16:40:00",GSTONE4,0
D,DISPATCH,UNIT_SCADA,1,"2022/10/20 16:40:00",GSTONE5,200.20
D,DISPATCH,UNIT_SCADA,1,"2022/10/20 16:40:00",GSTONE6,200.20
D,DISPATCH,UNIT_SCADA,1,"2022/10/20 16:40:00",GULLRSF1,0
D,DISPATCH,UNIT_SCADA,1,"2022/10/20 16:40:00",GULLRWF1,82.203750
D,DISPATCH,UNIT_SCADA,1,"2022/10/20 16:40:00",GULLRWF2,96.942880
D,DISPATCH,UNIT_SCADA,1,"2022/10/20 16:40:00",GUNNING1,0
D,DISPATCH,UNIT_SCADA,1,"2022/10/20 16:40:00",GUTHEGA,67.50
D,DISPATCH,UNIT_SCADA,1,"2022/10/20 16:40:00",HALLWF1,0
D,DISPATCH,UNIT_SCADA,1,"2022/10/20 16:40:00",HALLWF2,0
D,DISPATCH,UNIT_SCADA,1,"2022/10/20 16:40:00",HAMISF1,8.20
D,DISPATCH,UNIT_SCADA,1,"2022/10/20 16:40:00",HAUGHT11,0
D,DISPATCH,UNIT_SCADA,1,"2022/10/20 16:40:00",HAYMSF1,15.3610
D,DISPATCH,UNIT_SCADA,1,"2022/10/20 16:40:00",HDWF1,17.40
D,DISPATCH,UNIT_SCADA,1,"2022/10/20 16:40:00",HDWF2,23.20
D,DISPATCH,UNIT_SCADA,1,"2022/10/20 16:40:00",HDWF3,16.90
D,DISPATCH,UNIT_SCADA,1,"2022/10/20 16:40:00",HILLSTN1,1.306430
D,DISPATCH,UNIT_SCADA,1,"2022/10/20 16:40:00",HPRG1,0
D,DISPATCH,UNIT_SCADA,1,"2022/10/20 16:40:00",HPRL1,10.90
D,DISPATCH,UNIT_SCADA,1,"2022/10/20 16:40:00",HUMENSW,53.758460
D,DISPATCH,UNIT_SCADA,1,"2022/10/20 16:40:00",HUMEV,0
D,DISPATCH,UNIT_SCADA,1,"2022/10/20 16:40:00",HVWWBA1G,0
D,DISPATCH,UNIT_SCADA,1,"2022/10/20 16:40:00",HVWWBA1L,0.0070
D,DISPATCH,UNIT_SCADA,1,"2022/10/20 16:40:00",HVWWPV1,2.5560
D,DISPATCH,UNIT_SCADA,1,"2022/10/20 16:40:00",JBUTTERS,0
D,DISPATCH,UNIT_SCADA,1,"2022/10/20 16:40:00",JEMALNG1,12.11
D,DISPATCH,UNIT_SCADA,1,"2022/10/20 16:40:00",JLA01,0
D,DISPATCH,UNIT_SCADA,1,"2022/10/20 16:40:00",JLA02,0
D,DISPATCH,UNIT_SCADA,1,"2022/10/20 16:40:00",JLA03,0
D,DISPATCH,UNIT_SCADA,1,"2022/10/20 16:40:00",JLA04,0
D,DISPATCH,UNIT_SCADA,1,"2022/10/20 16:40:00",JLB01,0
D,DISPATCH,UNIT_SCADA,1,"2022/10/20 16:40:00",JLB02,0.10
D,DISPATCH,UNIT_SCADA,1,"2022/10/20 16:40:00",JLB03,0
D,DISPATCH,UNIT_SCADA,1,"2022/10/20 16:40:00",JUNEESF1,2.544130
D,DISPATCH,UNIT_SCADA,1,"2022/10/20 16:40:00",KABANWF1,0.83
D,DISPATCH,UNIT_SCADA,1,"2022/10/20 16:40:00",KAREEYA1,17.9225
D,DISPATCH,UNIT_SCADA,1,"2022/10/20 16:40:00",KAREEYA2,0
D,DISPATCH,UNIT_SCADA,1,"2022/10/20 16:40:00",KAREEYA3,21.4275
D,DISPATCH,UNIT_SCADA,1,"2022/10/20 16:40:00",KAREEYA4,0
D,DISPATCH,UNIT_SCADA,1,"2022/10/20 16:40:00",KARSF1,74.20
D,DISPATCH,UNIT_SCADA,1,"2022/10/20 16:40:00",KEPSF1,9.95
D,DISPATCH,UNIT_SCADA,1,"2022/10/20 16:40:00",KEPWF1,15.25
D,DISPATCH,UNIT_SCADA,1,"2022/10/20 16:40:00",KIAMSF1,44.232090
D,DISPATCH,UNIT_SCADA,1,"2022/10/20 16:40:00",KIATAWF1,1.30
D,DISPATCH,UNIT_SCADA,1,"2022/10/20 16:40:00",KPP_1,0
D,DISPATCH,UNIT_SCADA,1,"2022/10/20 16:40:00",KSP1,44.37
D,DISPATCH,UNIT_SCADA,1,"2022/10/20 16:40:00",LADBROK1,0.01
D,DISPATCH,UNIT_SCADA,1,"2022/10/20 16:40:00",LADBROK2,0.02
D,DISPATCH,UNIT_SCADA,1,"2022/10/20 16:40:00",LBBG1,0
D,DISPATCH,UNIT_SCADA,1,"2022/10/20 16:40:00",LBBL1,0
D,DISPATCH,UNIT_SCADA,1,"2022/10/20 16:40:00",LD01,334.360780
D,DISPATCH,UNIT_SCADA,1,"2022/10/20 16:40:00",LD02,30.048520
D,DISPATCH,UNIT_SCADA,1,"2022/10/20 16:40:00",LD04,317.825870
D,DISPATCH,UNIT_SCADA,1,"2022/10/20 16:40:00",LEM_WIL,86.764850
D,DISPATCH,UNIT_SCADA,1,"2022/10/20 16:40:00",LGAPWF1,57.45
D,DISPATCH,UNIT_SCADA,1,"2022/10/20 16:40:00",LGAPWF2,44.22
D,DISPATCH,UNIT_SCADA,1,"2022/10/20 16:40:00",LILYSF1,13.303810
D,DISPATCH,UNIT_SCADA,1,"2022/10/20 16:40:00",LIMOSF11,72.1030
D,DISPATCH,UNIT_SCADA,1,"2022/10/20 16:40:00",LIMOSF21,12.217750
D,DISPATCH,UNIT_SCADA,1,"2022/10/20 16:40:00",LI_WY_CA,62.660240
D,DISPATCH,UNIT_SCADA,1,"2022/10/20 16:40:00",LKBONNY1,0
D,DISPATCH,UNIT_SCADA,1,"2022/10/20 16:40:00",LKBONNY2,9.963420
D,DISPATCH,UNIT_SCADA,1,"2022/10/20 16:40:00",LKBONNY3,2.846930
D,DISPATCH,UNIT_SCADA,1,"2022/10/20 16:40:00",LK_ECHO,0
D,DISPATCH,UNIT_SCADA,1,"2022/10/20 16:40:00",LNGS1,0
D,DISPATCH,UNIT_SCADA,1,"2022/10/20 16:40:00",LNGS2,0
D,DISPATCH,UNIT_SCADA,1,"2022/10/20 16:40:00",LONSDALE,0
D,DISPATCH,UNIT_SCADA,1,"2022/10/20 16:40:00",LOYYB1,581.202510
D,DISPATCH,UNIT_SCADA,1,"2022/10/20 16:40:00",LOYYB2,573.307620
D,DISPATCH,UNIT_SCADA,1,"2022/10/20 16:40:00",LYA1,556
D,DISPATCH,UNIT_SCADA,1,"2022/10/20 16:40:00",LYA2,0
D,DISPATCH,UNIT_SCADA,1,"2022/10/20 16:40:00",LYA3,555
D,DISPATCH,UNIT_SCADA,1,"2022/10/20 16:40:00",LYA4,557
D,DISPATCH,UNIT_SCADA,1,"2022/10/20 16:40:00",MACARTH1,53.898750
D,DISPATCH,UNIT_SCADA,1,"2022/10/20 16:40:00",MACKNTSH,0
D,DISPATCH,UNIT_SCADA,1,"2022/10/20 16:40:00",MANSLR1,4.6180
D,DISPATCH,UNIT_SCADA,1,"2022/10/20 16:40:00",MAPS2PV1,0
D,DISPATCH,UNIT_SCADA,1,"2022/10/20 16:40:00",MAPS3PV1,0
D,DISPATCH,UNIT_SCADA,1,"2022/10/20 16:40:00",MARYRSF1,3.73
D,DISPATCH,UNIT_SCADA,1,"2022/10/20 16:40:00",MBPS2PV1,0
D,DISPATCH,UNIT_SCADA,1,"2022/10/20 16:40:00",MCKAY1,158.14
D,DISPATCH,UNIT_SCADA,1,"2022/10/20 16:40:00",MEADOWBK,5.973220
D,DISPATCH,UNIT_SCADA,1,"2022/10/20 16:40:00",MERCER01,28.80
D,DISPATCH,UNIT_SCADA,1,"2022/10/20 16:40:00",METZSF1,21.797090
D,DISPATCH,UNIT_SCADA,1,"2022/10/20 16:40:00",MEWF1,66.820090
D,DISPATCH,UNIT_SCADA,1,"2022/10/20 16:40:00",MIDDLSF1,10.05
D,DISPATCH,UNIT_SCADA,1,"2022/10/20 16:40:00",MINTARO,0.128180
D,DISPATCH,UNIT_SCADA,1,"2022/10/20 16:40:00",MOLNGSF1,3.048140
D,DISPATCH,UNIT_SCADA,1,"2022/10/20 16:40:00",MOORAWF1,38.85
D,DISPATCH,UNIT_SCADA,1,"2022/10/20 16:40:00",MOREESF1,1.5660
D,DISPATCH,UNIT_SCADA,1,"2022/10/20 16:40:00",MORTLK11,0
D,DISPATCH,UNIT_SCADA,1,"2022/10/20 16:40:00",MORTLK12,0
D,DISPATCH,UNIT_SCADA,1,"2022/10/20 16:40:00",MOUSF1,0
D,DISPATCH,UNIT_SCADA,1,"2022/10/20 16:40:00",MP1,0
D,DISPATCH,UNIT_SCADA,1,"2022/10/20 16:40:00",MP2,598.263550
D,DISPATCH,UNIT_SCADA,1,"2022/10/20 16:40:00",MPP_1,182.241820
D,DISPATCH,UNIT_SCADA,1,"2022/10/20 16:40:00",MPP_2,176.901060
D,DISPATCH,UNIT_SCADA,1,"2022/10/20 16:40:00",MRTLSWF1,0
D,DISPATCH,UNIT_SCADA,1,"2022/10/20 16:40:00",MSTUART1,0
D,DISPATCH,UNIT_SCADA,1,"2022/10/20 16:40:00",MSTUART2,0
D,DISPATCH,UNIT_SCADA,1,"2022/10/20 16:40:00",MSTUART3,0
D,DISPATCH,UNIT_SCADA,1,"2022/10/20 16:40:00",MTGELWF1,41.854610
D,DISPATCH,UNIT_SCADA,1,"2022/10/20 16:40:00",MTMILLAR,11
D,DISPATCH,UNIT_SCADA,1,"2022/10/20 16:40:00",MURRAY,0
D,DISPATCH,UNIT_SCADA,1,"2022/10/20 16:40:00",MUSSELR1,4.10
D,DISPATCH,UNIT_SCADA,1,"2022/10/20 16:40:00",MUWAWF1,33.25
D,DISPATCH,UNIT_SCADA,1,"2022/10/20 16:40:00",MUWAWF2,42.10
D,DISPATCH,UNIT_SCADA,1,"2022/10/20 16:40:00",MWPS1PV1,4.37
D,DISPATCH,UNIT_SCADA,1,"2022/10/20 16:40:00",MWPS2PV1,4.60
D,DISPATCH,UNIT_SCADA,1,"2022/10/20 16:40:00",MWPS3PV1,1.79
D,DISPATCH,UNIT_SCADA,1,"2022/10/20 16:40:00",MWPS4PV1,1.37
D,DISPATCH,UNIT_SCADA,1,"2022/10/20 16:40:00",NBHWF1,0
D,DISPATCH,UNIT_SCADA,1,"2022/10/20 16:40:00",NEVERSF1,9.22
D,DISPATCH,UNIT_SCADA,1,"2022/10/20 16:40:00",NPS,0
D,DISPATCH,UNIT_SCADA,1,"2022/10/20 16:40:00",NUMURSF1,35.26
D,DISPATCH,UNIT_SCADA,1,"2022/10/20 16:40:00",NYNGAN1,18.50
D,DISPATCH,UNIT_SCADA,1,"2022/10/20 16:40:00",OAKEY1,125.786270
D,DISPATCH,UNIT_SCADA,1,"2022/10/20 16:40:00",OAKEY1SF,3.3120
D,DISPATCH,UNIT_SCADA,1,"2022/10/20 16:40:00",OAKEY2,0
D,DISPATCH,UNIT_SCADA,1,"2022/10/20 16:40:00",OAKEY2SF,7.20
D,DISPATCH,UNIT_SCADA,1,"2022/10/20 16:40:00",OAKLAND1,19.50
D,DISPATCH,UNIT_SCADA,1,"2022/10/20 16:40:00",OSB-AG,127.929990
D,DISPATCH,UNIT_SCADA,1,"2022/10/20 16:40:00",PAREPS1,1.50
D,DISPATCH,UNIT_SCADA,1,"2022/10/20 16:40:00",PAREPW1,148.149990
D,DISPATCH,UNIT_SCADA,1,"2022/10/20 16:40:00",PARSF1,10.099950
D,DISPATCH,UNIT_SCADA,1,"2022/10/20 16:40:00",POAT110,3.06
D,DISPATCH,UNIT_SCADA,1,"2022/10/20 16:40:00",POAT220,0
D,DISPATCH,UNIT_SCADA,1,"2022/10/20 16:40:00",POR01,0
D,DISPATCH,UNIT_SCADA,1,"2022/10/20 16:40:00",POR03,0
D,DISPATCH,UNIT_SCADA,1,"2022/10/20 16:40:00",PPCCGT,162.143360
D,DISPATCH,UNIT_SCADA,1,"2022/10/20 16:40:00",PTSTAN1,0
D,DISPATCH,UNIT_SCADA,1,"2022/10/20 16:40:00",PUMP1,0
D,DISPATCH,UNIT_SCADA,1,"2022/10/20 16:40:00",PUMP2,0
D,DISPATCH,UNIT_SCADA,1,"2022/10/20 16:40:00",QBYNBG1,0.0505
D,DISPATCH,UNIT_SCADA,1,"2022/10/20 16:40:00",QBYNBL1,0
D,DISPATCH,UNIT_SCADA,1,"2022/10/20 16:40:00",QPS1,0
D,DISPATCH,UNIT_SCADA,1,"2022/10/20 16:40:00",QPS2,0
D,DISPATCH,UNIT_SCADA,1,"2022/10/20 16:40:00",QPS3,0
D,DISPATCH,UNIT_SCADA,1,"2022/10/20 16:40:00",QPS4,0
D,DISPATCH,UNIT_SCADA,1,"2022/10/20 16:40:00",QPS5,73.27
D,DISPATCH,UNIT_SCADA,1,"2022/10/20 16:40:00",REECE1,44.315070
D,DISPATCH,UNIT_SCADA,1,"2022/10/20 16:40:00",REECE2,3.46
D,DISPATCH,UNIT_SCADA,1,"2022/10/20 16:40:00",ROMA_7,0
D,DISPATCH,UNIT_SCADA,1,"2022/10/20 16:40:00",ROMA_8,0
D,DISPATCH,UNIT_SCADA,1,"2022/10/20 16:40:00",RRSF1,91.130510
D,DISPATCH,UNIT_SCADA,1,"2022/10/20 16:40:00",RT_NSW1,0
D,DISPATCH,UNIT_SCADA,1,"2022/10/20 16:40:00",RT_NSW2,0
D,DISPATCH,UNIT_SCADA,1,"2022/10/20 16:40:00",RT_NSW3,0
D,DISPATCH,UNIT_SCADA,1,"2022/10/20 16:40:00",RT_NSW4,0
D,DISPATCH,UNIT_SCADA,1,"2022/10/20 16:40:00",RT_NSW5,0
D,DISPATCH,UNIT_SCADA,1,"2022/10/20 16:40:00",RT_NSW6,0
D,DISPATCH,UNIT_SCADA,1,"2022/10/20 16:40:00",RT_QLD1,0
D,DISPATCH,UNIT_SCADA,1,"2022/10/20 16:40:00",RT_SA1,0
D,DISPATCH,UNIT_SCADA,1,"2022/10/20 16:40:00",RT_SA2,0
D,DISPATCH,UNIT_SCADA,1,"2022/10/20 16:40:00",RT_SA3,0
D,DISPATCH,UNIT_SCADA,1,"2022/10/20 16:40:00",RT_SA4,0
D,DISPATCH,UNIT_SCADA,1,"2022/10/20 16:40:00",RT_SA5,0
D,DISPATCH,UNIT_SCADA,1,"2022/10/20 16:40:00",RT_SA6,0
D,DISPATCH,UNIT_SCADA,1,"2022/10/20 16:40:00",RT_TAS1,0
D,DISPATCH,UNIT_SCADA,1,"2022/10/20 16:40:00",RT_VIC1,0
D,DISPATCH,UNIT_SCADA,1,"2022/10/20 16:40:00",RT_VIC10,0
D,DISPATCH,UNIT_SCADA,1,"2022/10/20 16:40:00",RT_VIC11,0
D,DISPATCH,UNIT_SCADA,1,"2022/10/20 16:40:00",RT_VIC12,0
D,DISPATCH,UNIT_SCADA,1,"2022/10/20 16:40:00",RT_VIC2,0
D,DISPATCH,UNIT_SCADA,1,"2022/10/20 16:40:00",RT_VIC3,0
D,DISPATCH,UNIT_SCADA,1,"2022/10/20 16:40:00",RT_VIC4,0
D,DISPATCH,UNIT_SCADA,1,"2022/10/20 16:40:00",RT_VIC5,0
D,DISPATCH,UNIT_SCADA,1,"2022/10/20 16:40:00",RT_VIC6,0
D,DISPATCH,UNIT_SCADA,1,"2022/10/20 16:40:00",RT_VIC7,0
D,DISPATCH,UNIT_SCADA,1,"2022/10/20 16:40:00",RT_VIC8,0
D,DISPATCH,UNIT_SCADA,1,"2022/10/20 16:40:00",RT_VIC9,0
D,DISPATCH,UNIT_SCADA,1,"2022/10/20 16:40:00",RUGBYR1,0
D,DISPATCH,UNIT_SCADA,1,"2022/10/20 16:40:00",SALTCRK1,17.03
D,DISPATCH,UNIT_SCADA,1,"2022/10/20 16:40:00",SAPHWF1,84.042110
D,DISPATCH,UNIT_SCADA,1,"2022/10/20 16:40:00",SEBSF1,5.076890
D,DISPATCH,UNIT_SCADA,1,"2022/10/20 16:40:00",SHGEN,0
D,DISPATCH,UNIT_SCADA,1,"2022/10/20 16:40:00",SHPUMP,0
D,DISPATCH,UNIT_SCADA,1,"2022/10/20 16:40:00",SITHE01,0.005650
D,DISPATCH,UNIT_SCADA,1,"2022/10/20 16:40:00",SMCSF1,19.3130
D,DISPATCH,UNIT_SCADA,1,"2022/10/20 16:40:00",SNAPPER1,0
D,DISPATCH,UNIT_SCADA,1,"2022/10/20 16:40:00",SNOWNTH1,21
D,DISPATCH,UNIT_SCADA,1,"2022/10/20 16:40:00",SNOWSTH1,19.90
D,DISPATCH,UNIT_SCADA,1,"2022/10/20 16:40:00",SNOWTWN1,12.0635
D,DISPATCH,UNIT_SCADA,1,"2022/10/20 16:40:00",SNOWYP,0
D,DISPATCH,UNIT_SCADA,1,"2022/10/20 16:40:00",SNUG1,0
D,DISPATCH,UNIT_SCADA,1,"2022/10/20 16:40:00",SRSF1,4.94
D,DISPATCH,UNIT_SCADA,1,"2022/10/20 16:40:00",STAN-1,278.0181
D,DISPATCH,UNIT_SCADA,1,"2022/10/20 16:40:00",STAN-2,363.692260
D,DISPATCH,UNIT_SCADA,1,"2022/10/20 16:40:00",STAN-3,234.578550
D,DISPATCH,UNIT_SCADA,1,"2022/10/20 16:40:00",STAN-4,365.191960
D,DISPATCH,UNIT_SCADA,1,"2022/10/20 16:40:00",STARHLWF,15.495480
D,DISPATCH,UNIT_SCADA,1,"2022/10/20 16:40:00",STOCKYD1,222.69
D,DISPATCH,UNIT_SCADA,1,"2022/10/20 16:40:00",STWF1,3.323420
D,DISPATCH,UNIT_SCADA,1,"2022/10/20 16:40:00",SUNRSF1,154.758530
D,DISPATCH,UNIT_SCADA,1,"2022/10/20 16:40:00",SUNTPSF1,59.3753
D,DISPATCH,UNIT_SCADA,1,"2022/10/20 16:40:00",SWAN_E,219.928740
D,DISPATCH,UNIT_SCADA,1,"2022/10/20 16:40:00",TALWA1,0
D,DISPATCH,UNIT_SCADA,1,"2022/10/20 16:40:00",TARALGA1,0
D,DISPATCH,UNIT_SCADA,1,"2022/10/20 16:40:00",TARONG#1,349.50
D,DISPATCH,UNIT_SCADA,1,"2022/10/20 16:40:00",TARONG#2,349
D,DISPATCH,UNIT_SCADA,1,"2022/10/20 16:40:00",TARONG#3,0.90
D,DISPATCH,UNIT_SCADA,1,"2022/10/20 16:40:00",TARONG#4,245.20
D,DISPATCH,UNIT_SCADA,1,"2022/10/20 16:40:00",TARRALEA,54
D,DISPATCH,UNIT_SCADA,1,"2022/10/20 16:40:00",TBSF1,0.10
D,DISPATCH,UNIT_SCADA,1,"2022/10/20 16:40:00",TNPS1,419.1250
D,DISPATCH,UNIT_SCADA,1,"2022/10/20 16:40:00",TORRB1,0
D,DISPATCH,UNIT_SCADA,1,"2022/10/20 16:40:00",TORRB2,60
D,DISPATCH,UNIT_SCADA,1,"2022/10/20 16:40:00",TORRB3,0
D,DISPATCH,UNIT_SCADA,1,"2022/10/20 16:40:00",TORRB4,0
D,DISPATCH,UNIT_SCADA,1,"2022/10/20 16:40:00",TREVALLN,99.755970
D,DISPATCH,UNIT_SCADA,1,"2022/10/20 16:40:00",TRIBUTE,0
D,DISPATCH,UNIT_SCADA,1,"2022/10/20 16:40:00",TUMUT3,118.18
D,DISPATCH,UNIT_SCADA,1,"2022/10/20 16:40:00",TUNGATIN,3.500020
D,DISPATCH,UNIT_SCADA,1,"2022/10/20 16:40:00",TVCC201,0
D,DISPATCH,UNIT_SCADA,1,"2022/10/20 16:40:00",TVPP104,0
D,DISPATCH,UNIT_SCADA,1,"2022/10/20 16:40:00",UPPTUMUT,0
D,DISPATCH,UNIT_SCADA,1,"2022/10/20 16:40:00",URANQ11,0
D,DISPATCH,UNIT_SCADA,1,"2022/10/20 16:40:00",URANQ12,0
D,DISPATCH,UNIT_SCADA,1,"2022/10/20 16:40:00",URANQ13,0
D,DISPATCH,UNIT_SCADA,1,"2022/10/20 16:40:00",URANQ14,0
D,DISPATCH,UNIT_SCADA,1,"2022/10/20 16:40:00",VBBG1,0
D,DISPATCH,UNIT_SCADA,1,"2022/10/20 16:40:00",VBBL1,26.80
D,DISPATCH,UNIT_SCADA,1,"2022/10/20 16:40:00",VP5,504.361080
D,DISPATCH,UNIT_SCADA,1,"2022/10/20 16:40:00",VP6,508.755770
D,DISPATCH,UNIT_SCADA,1,"2022/10/20 16:40:00",VPGS1,0
D,DISPATCH,UNIT_SCADA,1,"2022/10/20 16:40:00",VPGS2,0
D,DISPATCH,UNIT_SCADA,1,"2022/10/20 16:40:00",VPGS3,0
D,DISPATCH,UNIT_SCADA,1,"2022/10/20 16:40:00",VPGS4,0
D,DISPATCH,UNIT_SCADA,1,"2022/10/20 16:40:00",VPGS5,0
D,DISPATCH,UNIT_SCADA,1,"2022/10/20 16:40:00",VPGS6,0
D,DISPATCH,UNIT_SCADA,1,"2022/10/20 16:40:00",W/HOE#1,158.819990
D,DISPATCH,UNIT_SCADA,1,"2022/10/20 16:40:00",W/HOE#2,0
D,DISPATCH,UNIT_SCADA,1,"2022/10/20 16:40:00",WAGGNSF1,0
D,DISPATCH,UNIT_SCADA,1,"2022/10/20 16:40:00",WALGRVG1,0
D,DISPATCH,UNIT_SCADA,1,"2022/10/20 16:40:00",WALGRVL1,14.610770
D,DISPATCH,UNIT_SCADA,1,"2022/10/20 16:40:00",WANDBG1,0
D,DISPATCH,UNIT_SCADA,1,"2022/10/20 16:40:00",WANDBL1,2.055970
D,DISPATCH,UNIT_SCADA,1,"2022/10/20 16:40:00",WARWSF1,4.16
D,DISPATCH,UNIT_SCADA,1,"2022/10/20 16:40:00",WARWSF2,4.65
D,DISPATCH,UNIT_SCADA,1,"2022/10/20 16:40:00",WATERLWF,0.80
D,DISPATCH,UNIT_SCADA,1,"2022/10/20 16:40:00",WDGPH1,9.3870
D,DISPATCH,UNIT_SCADA,1,"2022/10/20 16:40:00",WELLSF1,49.839020
D,DISPATCH,UNIT_SCADA,1,"2022/10/20 16:40:00",WEMENSF1,29.80
D,DISPATCH,UNIT_SCADA,1,"2022/10/20 16:40:00",WGWF1,4.70
D,DISPATCH,UNIT_SCADA,1,"2022/10/20 16:40:00",WHITSF1,8
D,DISPATCH,UNIT_SCADA,1,"2022/10/20 16:40:00",WINTSF1,41.33
D,DISPATCH,UNIT_SCADA,1,"2022/10/20 16:40:00",WKIEWA1,33.70
D,DISPATCH,UNIT_SCADA,1,"2022/10/20 16:40:00",WKIEWA2,33.90
D,DISPATCH,UNIT_SCADA,1,"2022/10/20 16:40:00",WOODLWN1,31.5664
D,DISPATCH,UNIT_SCADA,1,"2022/10/20 16:40:00",WOOLGSF1,1.924290
D,DISPATCH,UNIT_SCADA,1,"2022/10/20 16:40:00",WPWF,40.07
D,DISPATCH,UNIT_SCADA,1,"2022/10/20 16:40:00",WRSF1,3.170260
D,DISPATCH,UNIT_SCADA,1,"2022/10/20 16:40:00",WRWF1,25.691920
D,DISPATCH,UNIT_SCADA,1,"2022/10/20 16:40:00",WSTWYSF1,1.332350
D,DISPATCH,UNIT_SCADA,1,"2022/10/20 16:40:00",YABULU,0
D,DISPATCH,UNIT_SCADA,1,"2022/10/20 16:40:00",YABULU2,0
D,DISPATCH,UNIT_SCADA,1,"2022/10/20 16:40:00",YARANSF1,11.70
D,DISPATCH,UNIT_SCADA,1,"2022/10/20 16:40:00",YARWUN_1,160.56
D,DISPATCH,UNIT_SCADA,1,"2022/10/20 16:40:00",YATSF1,18.59
D,DISPATCH,UNIT_SCADA,1,"2022/10/20 16:40:00",YENDWF1,28.86
D,DISPATCH,UNIT_SCADA,1,"2022/10/20 16:40:00",YWPS1,354.3848
D,DISPATCH,UNIT_SCADA,1,"2022/10/20 16:40:00",YWPS2,289.220250
D,DISPATCH,UNIT_SCADA,1,"2022/10/20 16:40:00",YWPS3,359.953160
D,DISPATCH,UNIT_SCADA,1,"2022/10/20 16:40:00",YWPS4,0
C,"END OF REPORT",419
