C,NEMP.WORLD,DISPATCHSCADA,AEMO,PUBLIC,2022/10/20,11:55:10,0000000373252210,DISPATCHSCADA,0000000373252204
I,DISPATCH,UNIT_SCADA,1,SETTLEMENTDATE,DUID,SCADAVALUE
D,DISPATCH,UNIT_SCADA,1,"2022/10/20 12:00:00",BARCSF1,5.60
D,DISPATCH,UNIT_SCADA,1,"2022/10/20 12:00:00",BUTLERSG,8.699999
D,DISPATCH,UNIT_SCADA,1,"2022/10/20 12:00:00",CAPTL_WF,37.680260
D,DISPATCH,UNIT_SCADA,1,"2022/10/20 12:00:00",CHALLHWF,3.30
D,DISPATCH,UNIT_SCADA,1,"2022/10/20 12:00:00",CLOVER,10.61
D,DISPATCH,UNIT_SCADA,1,"2022/10/20 12:00:00",CLUNY,5.262074
D,DISPATCH,UNIT_SCADA,1,"2022/10/20 12:00:00",CULLRGWF,-0.05
D,DISPATCH,UNIT_SCADA,1,"2022/10/20 12:00:00",DIAPURWF1,4
D,DISPATCH,UNIT_SCADA,1,"2022/10/20 12:00:00",ERGT01,0
D,DISPATCH,UNIT_SCADA,1,"2022/10/20 12:00:00",GB01,0
D,DISPATCH,UNIT_SCADA,1,"2022/10/20 12:00:00",GERMCRK,18
D,DISPATCH,UNIT_SCADA,1,"2022/10/20 12:00:00",GRIFSF1,8.400091
D,DISPATCH,UNIT_SCADA,1,"2022/10/20 12:00:00",HEZ1,0
D,DISPATCH,UNIT_SCADA,1,"2022/10/20 12:00:00",HUGSF1,12.5150
D,DISPATCH,UNIT_SCADA,1,"2022/10/20 12:00:00",KEPBG1,0.01
D,DISPATCH,UNIT_SCADA,1,"2022/10/20 12:00:00",LRSF1,12.8730
D,DISPATCH,UNIT_SCADA,1,"2022/10/20 12:00:00",MBAHNTH,48.300003
D,DISPATCH,UNIT_SCADA,1,"2022/10/20 12:00:00",MLSP1,3.497001
D,DISPATCH,UNIT_SCADA,1,"2022/10/20 12:00:00",MLWF1,4.0350
D,DISPATCH,UNIT_SCADA,1,"2022/10/20 12:00:00",PALOONA,30.049999
D,DISPATCH,UNIT_SCADA,1,"2022/10/20 12:00:00",PIONEER,41.900002
D,DISPATCH,UNIT_SCADA,1,"2022/10/20 12:00:00",PORTWF,92.699997
D,DISPATCH,UNIT_SCADA,1,"2022/10/20 12:00:00",REPULSE,9.441672
D,DISPATCH,UNIT_SCADA,1,"2022/10/20 12:00:00",ROWALLAN,8.7969
D,DISPATCH,UNIT_SCADA,1,"2022/10/20 12:00:00",ROYALLA1,4.478003
D,DISPATCH,UNIT_SCADA,1,"2022/10/20 12:00:00",RPCG,-1.80
D,DISPATCH,UNIT_SCADA,1,"2022/10/20 12:00:00",RUBICON,0
D,DISPATCH,UNIT_SCADA,1,"2022/10/20 12:00:00",WAUBRAWF,10.9780
D,DISPATCH,UNIT_SCADA,1,"2022/10/20 12:00:00",WOOLNTH1,17.049999
D,DISPATCH,UNIT_SCADA,1,"2022/10/20 12:00:00",YAMBUKWF,5.60
D,DISPATCH,UNIT_SCADA,1,"2022/10/20 12:00:00",YSWF1,2.20
D,DISPATCH,UNIT_SCADA,1,"2022/10/20 12:00:00",ADPBA1G,0.0080
D,DISPATCH,UNIT_SCADA,1,"2022/10/20 12:00:00",ADPBA1L,0
D,DISPATCH,UNIT_SCADA,1,"2022/10/20 12:00:00",ADPPV1,0.0640
D,DISPATCH,UNIT_SCADA,1,"2022/10/20 12:00:00",AGLHAL,0
D,DISPATCH,UNIT_SCADA,1,"2022/10/20 12:00:00",AGLSOM,0
D,DISPATCH,UNIT_SCADA,1,"2022/10/20 12:00:00",ANGAST1,0
D,DISPATCH,UNIT_SCADA,1,"2022/10/20 12:00:00",ARWF1,14.70
D,DISPATCH,UNIT_SCADA,1,"2022/10/20 12:00:00",BALBG1,0
D,DISPATCH,UNIT_SCADA,1,"2022/10/20 12:00:00",BALBL1,0
D,DISPATCH,UNIT_SCADA,1,"2022/10/20 12:00:00",BALDHWF1,21.43
D,DISPATCH,UNIT_SCADA,1,"2022/10/20 12:00:00",BANGOWF1,33.899440
D,DISPATCH,UNIT_SCADA,1,"2022/10/20 12:00:00",BANGOWF2,39.199740
D,DISPATCH,UNIT_SCADA,1,"2022/10/20 12:00:00",BANN1,18.75
D,DISPATCH,UNIT_SCADA,1,"2022/10/20 12:00:00",BARCALDN,0
D,DISPATCH,UNIT_SCADA,1,"2022/10/20 12:00:00",BARKIPS1,0
D,DISPATCH,UNIT_SCADA,1,"2022/10/20 12:00:00",BARRON-1,0
D,DISPATCH,UNIT_SCADA,1,"2022/10/20 12:00:00",BARRON-2,0
D,DISPATCH,UNIT_SCADA,1,"2022/10/20 12:00:00",BASTYAN,51.25
D,DISPATCH,UNIT_SCADA,1,"2022/10/20 12:00:00",BBTHREE1,0
D,DISPATCH,UNIT_SCADA,1,"2022/10/20 12:00:00",BBTHREE2,23.97
D,DISPATCH,UNIT_SCADA,1,"2022/10/20 12:00:00",BBTHREE3,0
D,DISPATCH,UNIT_SCADA,1,"2022/10/20 12:00:00",BDL01,0
D,DISPATCH,UNIT_SCADA,1,"2022/10/20 12:00:00",BDL02,0
D,DISPATCH,UNIT_SCADA,1,"2022/10/20 12:00:00",BERYLSF1,25.851090
D,DISPATCH,UNIT_SCADA,1,"2022/10/20 12:00:00",BLOWERNG,62.50
D,DISPATCH,UNIT_SCADA,1,"2022/10/20 12:00:00",BLUEGSF1,74.952710
D,DISPATCH,UNIT_SCADA,1,"2022/10/20 12:00:00",BLUFF1,10.70
D,DISPATCH,UNIT_SCADA,1,"2022/10/20 12:00:00",BNGSF1,110.17
D,DISPATCH,UNIT_SCADA,1,"2022/10/20 12:00:00",BNGSF2,99.759990
D,DISPATCH,UNIT_SCADA,1,"2022/10/20 12:00:00",BOCORWF1,14.63
D,DISPATCH,UNIT_SCADA,1,"2022/10/20 12:00:00",BODWF1,96.1024
D,DISPATCH,UNIT_SCADA,1,"2022/10/20 12:00:00",BOMENSF1,21.751430
D,DISPATCH,UNIT_SCADA,1,"2022/10/20 12:00:00",BOWWBA1G,0
D,DISPATCH,UNIT_SCADA,1,"2022/10/20 12:00:00",BOWWBA1L,0
D,DISPATCH,UNIT_SCADA,1,"2022/10/20 12:00:00",BOWWPV1,0.0010
D,DISPATCH,UNIT_SCADA,1,"2022/10/20 12:00:00",BRAEMAR1,0
D,DISPATCH,UNIT_SCADA,1,"2022/10/20 12:00:00",BRAEMAR2,0
D,DISPATCH,UNIT_SCADA,1,"2022/10/20 12:00:00",BRAEMAR3,0
D,DISPATCH,UNIT_SCADA,1,"2022/10/20 12:00:00",BRAEMAR5,0.292060
D,DISPATCH,UNIT_SCADA,1,"2022/10/20 12:00:00",BRAEMAR6,0
D,DISPATCH,UNIT_SCADA,1,"2022/10/20 12:00:00",BRAEMAR7,0.130920
D,DISPATCH,UNIT_SCADA,1,"2022/10/20 12:00:00",BROKENH1,24.099630
D,DISPATCH,UNIT_SCADA,1,"2022/10/20 12:00:00",BRYB1WF1,106.993210
D,DISPATCH,UNIT_SCADA,1,"2022/10/20 12:00:00",BULBESG1,0
D,DISPATCH,UNIT_SCADA,1,"2022/10/20 12:00:00",BULBESL1,2
D,DISPATCH,UNIT_SCADA,1,"2022/10/20 12:00:00",BULGANA1,1.50
D,DISPATCH,UNIT_SCADA,1,"2022/10/20 12:00:00",BW01,658.9090
D,DISPATCH,UNIT_SCADA,1,"2022/10/20 12:00:00",BW02,621.823430
D,DISPATCH,UNIT_SCADA,1,"2022/10/20 12:00:00",BW03,464.887450
D,DISPATCH,UNIT_SCADA,1,"2022/10/20 12:00:00",BW04,0
D,DISPATCH,UNIT_SCADA,1,"2022/10/20 12:00:00",CALL_B_1,320.300020
D,DISPATCH,UNIT_SCADA,1,"2022/10/20 12:00:00",CALL_B_2,320.300020
D,DISPATCH,UNIT_SCADA,1,"2022/10/20 12:00:00",CATHROCK,0
D,DISPATCH,UNIT_SCADA,1,"2022/10/20 12:00:00",CBWWBA1G,0
D,DISPATCH,UNIT_SCADA,1,"2022/10/20 12:00:00",CBWWBA1L,0
D,DISPATCH,UNIT_SCADA,1,"2022/10/20 12:00:00",CETHANA,22.322880
D,DISPATCH,UNIT_SCADA,1,"2022/10/20 12:00:00",CG1,0
D,DISPATCH,UNIT_SCADA,1,"2022/10/20 12:00:00",CG2,0
D,DISPATCH,UNIT_SCADA,1,"2022/10/20 12:00:00",CG3,0
D,DISPATCH,UNIT_SCADA,1,"2022/10/20 12:00:00",CG4,0
D,DISPATCH,UNIT_SCADA,1,"2022/10/20 12:00:00",CHILDSF1,13.28
D,DISPATCH,UNIT_SCADA,1,"2022/10/20 12:00:00",CHYTWF1,3.76
D,DISPATCH,UNIT_SCADA,1,"2022/10/20 12:00:00",CLARESF1,38.6007
D,DISPATCH,UNIT_SCADA,1,"2022/10/20 12:00:00",CLEMGPWF,7.2035
D,DISPATCH,UNIT_SCADA,1,"2022/10/20 12:00:00",CLERMSF1,13.09
D,DISPATCH,UNIT_SCADA,1,"2022/10/20 12:00:00",CNUNDAWF,0
D,DISPATCH,UNIT_SCADA,1,"2022/10/20 12:00:00",COHUNSF1,0.07
D,DISPATCH,UNIT_SCADA,1,"2022/10/20 12:00:00",COLEASF1,49.998860
D,DISPATCH,UNIT_SCADA,1,"2022/10/20 12:00:00",COLUMSF1,33.2560
D,DISPATCH,UNIT_SCADA,1,"2022/10/20 12:00:00",COLWF01,104.953080
D,DISPATCH,UNIT_SCADA,1,"2022/10/20 12:00:00",COOPGWF1,112.62
D,DISPATCH,UNIT_SCADA,1,"2022/10/20 12:00:00",CPP_3,279.950010
D,DISPATCH,UNIT_SCADA,1,"2022/10/20 12:00:00",CPP_4,0
D,DISPATCH,UNIT_SCADA,1,"2022/10/20 12:00:00",CPSA,0
D,DISPATCH,UNIT_SCADA,1,"2022/10/20 12:00:00",CROOKWF2,36.403750
D,DISPATCH,UNIT_SCADA,1,"2022/10/20 12:00:00",CROWLWF1,0
D,DISPATCH,UNIT_SCADA,1,"2022/10/20 12:00:00",CRURWF1,96.098040
D,DISPATCH,UNIT_SCADA,1,"2022/10/20 12:00:00",CRWASF1,20.955140
D,DISPATCH,UNIT_SCADA,1,"2022/10/20 12:00:00",CSPVPS1,0.2360
D,DISPATCH,UNIT_SCADA,1,"2022/10/20 12:00:00",CTHLWF1,0.003050
D,DISPATCH,UNIT_SCADA,1,"2022/10/20 12:00:00",DALNTH01,0
D,DISPATCH,UNIT_SCADA,1,"2022/10/20 12:00:00",DALNTHL1,0.065610
D,DISPATCH,UNIT_SCADA,1,"2022/10/20 12:00:00",DARLSF1,65.019730
D,DISPATCH,UNIT_SCADA,1,"2022/10/20 12:00:00",DARTM1,0
D,DISPATCH,UNIT_SCADA,1,"2022/10/20 12:00:00",DAYDSF1,0
D,DISPATCH,UNIT_SCADA,1,"2022/10/20 12:00:00",DDPS1,0
D,DISPATCH,UNIT_SCADA,1,"2022/10/20 12:00:00",DDSF1,49.076230
D,DISPATCH,UNIT_SCADA,1,"2022/10/20 12:00:00",DEVILS_G,50.416580
D,DISPATCH,UNIT_SCADA,1,"2022/10/20 12:00:00",DG_NSW1,0
D,DISPATCH,UNIT_SCADA,1,"2022/10/20 12:00:00",DG_QLD1,0
D,DISPATCH,UNIT_SCADA,1,"2022/10/20 12:00:00",DG_SA1,0
D,DISPATCH,UNIT_SCADA,1,"2022/10/20 12:00:00",DG_TAS1,0
D,DISPATCH,UNIT_SCADA,1,"2022/10/20 12:00:00",DG_VIC1,0
D,DISPATCH,UNIT_SCADA,1,"2022/10/20 12:00:00",DRYCGT1,0
D,DISPATCH,UNIT_SCADA,1,"2022/10/20 12:00:00",DRYCGT2,0
D,DISPATCH,UNIT_SCADA,1,"2022/10/20 12:00:00",DRYCGT3,0
D,DISPATCH,UNIT_SCADA,1,"2022/10/20 12:00:00",DUNDWF1,57.06
D,DISPATCH,UNIT_SCADA,1,"2022/10/20 12:00:00",DUNDWF2,14.21
D,DISPATCH,UNIT_SCADA,1,"2022/10/20 12:00:00",DUNDWF3,42.72
D,DISPATCH,UNIT_SCADA,1,"2022/10/20 12:00:00",EILDON1,60
D,DISPATCH,UNIT_SCADA,1,"2022/10/20 12:00:00",EILDON2,60.16
D,DISPATCH,UNIT_SCADA,1,"2022/10/20 12:00:00",ELAINWF1,25.03
D,DISPATCH,UNIT_SCADA,1,"2022/10/20 12:00:00",EMERASF1,0
D,DISPATCH,UNIT_SCADA,1,"2022/10/20 12:00:00",ER01,0
D,DISPATCH,UNIT_SCADA,1,"2022/10/20 12:00:00",ER02,305.021760
D,DISPATCH,UNIT_SCADA,1,"2022/10/20 12:00:00",ER03,406.6102
D,DISPATCH,UNIT_SCADA,1,"2022/10/20 12:00:00",ER04,407.318240
D,DISPATCH,UNIT_SCADA,1,"2022/10/20 12:00:00",FINLYSF1,102.647440
D,DISPATCH,UNIT_SCADA,1,"2022/10/20 12:00:00",FISHER,44.21
D,DISPATCH,UNIT_SCADA,1,"2022/10/20 12:00:00",GANGARR1,44.0010
D,DISPATCH,UNIT_SCADA,1,"2022/10/20 12:00:00",GANNBG1,0
D,DISPATCH,UNIT_SCADA,1,"2022/10/20 12:00:00",GANNBL1,2.601190
D,DISPATCH,UNIT_SCADA,1,"2022/10/20 12:00:00",GANNSF1,25.50
D,DISPATCH,UNIT_SCADA,1,"2022/10/20 12:00:00",GLRWNSF1,109.93
D,DISPATCH,UNIT_SCADA,1,"2022/10/20 12:00:00",GNNDHSF1,64.582510
D,DISPATCH,UNIT_SCADA,1,"2022/10/20 12:00:00",GOONSF1,19.928280
D,DISPATCH,UNIT_SCADA,1,"2022/10/20 12:00:00",GORDON,176.611710
D,DISPATCH,UNIT_SCADA,1,"2022/10/20 12:00:00",GRANWF1,0
D,DISPATCH,UNIT_SCADA,1,"2022/10/20 12:00:00",GSTONE1,201.25
D,DISPATCH,UNIT_SCADA,1,"2022/10/20 12:00:00",GSTONE2,0
D,DISPATCH,UNIT_SCADA,1,"2022/10/20 12:00:00",GSTONE3,199.849990
D,DISPATCH,UNIT_SCADA,1,"2022/10/20 12:00:00",GSTONE4,0
D,DISPATCH,UNIT_SCADA,1,"2022/10/20 12:00:00",GSTONE5,202.474990
D,DISPATCH,UNIT_SCADA,1,"2022/10/20 12:00:00",GSTONE6,202.30
D,DISPATCH,UNIT_SCADA,1,"2022/10/20 12:00:00",GULLRSF1,1.664970
D,DISPATCH,UNIT_SCADA,1,"2022/10/20 12:00:00",GULLRWF1,55.144160
D,DISPATCH,UNIT_SCADA,1,"2022/10/20 12:00:00",GULLRWF2,82.666790
D,DISPATCH,UNIT_SCADA,1,"2022/10/20 12:00:00",GUNNING1,0
D,DISPATCH,UNIT_SCADA,1,"2022/10/20 12:00:00",GUTHEGA,68.100010
D,DISPATCH,UNIT_SCADA,1,"2022/10/20 12:00:00",HALLWF1,9.66
D,DISPATCH,UNIT_SCADA,1,"2022/10/20 12:00:00",HALLWF2,7.50
D,DISPATCH,UNIT_SCADA,1,"2022/10/20 12:00:00",HAMISF1,0
D,DISPATCH,UNIT_SCADA,1,"2022/10/20 12:00:00",HAUGHT11,14.791680
D,DISPATCH,UNIT_SCADA,1,"2022/10/20 12:00:00",HAYMSF1,0
D,DISPATCH,UNIT_SCADA,1,"2022/10/20 12:00:00",HDWF1,61.10
D,DISPATCH,UNIT_SCADA,1,"2022/10/20 12:00:00",HDWF2,71.50
D,DISPATCH,UNIT_SCADA,1,"2022/10/20 12:00:00",HDWF3,81.50
D,DISPATCH,UNIT_SCADA,1,"2022/10/20 12:00:00",HILLSTN1,36.280320
D,DISPATCH,UNIT_SCADA,1,"2022/10/20 12:00:00",HPRG1,15.40
D,DISPATCH,UNIT_SCADA,1,"2022/10/20 12:00:00",HPRL1,0
D,DISPATCH,UNIT_SCADA,1,"2022/10/20 12:00:00",HUMENSW,54.4906
D,DISPATCH,UNIT_SCADA,1,"2022/10/20 12:00:00",HUMEV,0
D,DISPATCH,UNIT_SCADA,1,"2022/10/20 12:00:00",HVWWBA1G,0
D,DISPATCH,UNIT_SCADA,1,"2022/10/20 12:00:00",HVWWBA1L,0.0070
D,DISPATCH,UNIT_SCADA,1,"2022/10/20 12:00:00",HVWWPV1,0.0160
D,DISPATCH,UNIT_SCADA,1,"2022/10/20 12:00:00",JBUTTERS,0
D,DISPATCH,UNIT_SCADA,1,"2022/10/20 12:00:00",JEMALNG1,2.21
D,DISPATCH,UNIT_SCADA,1,"2022/10/20 12:00:00",JLA01,0
D,DISPATCH,UNIT_SCADA,1,"2022/10/20 12:00:00",JLA02,0
D,DISPATCH,UNIT_SCADA,1,"2022/10/20 12:00:00",JLA03,0
D,DISPATCH,UNIT_SCADA,1,"2022/10/20 12:00:00",JLA04,0
D,DISPATCH,UNIT_SCADA,1,"2022/10/20 12:00:00",JLB01,0
D,DISPATCH,UNIT_SCADA,1,"2022/10/20 12:00:00",JLB02,0.10
D,DISPATCH,UNIT_SCADA,1,"2022/10/20 12:00:00",JLB03,0
D,DISPATCH,UNIT_SCADA,1,"2022/10/20 12:00:00",JUNEESF1,10.467840
D,DISPATCH,UNIT_SCADA,1,"2022/10/20 12:00:00",KABANWF1,0
D,DISPATCH,UNIT_SCADA,1,"2022/10/20 12:00:00",KAREEYA1,0
D,DISPATCH,UNIT_SCADA,1,"2022/10/20 12:00:00",KAREEYA2,0
D,DISPATCH,UNIT_SCADA,1,"2022/10/20 12:00:00",KAREEYA3,4.91
D,DISPATCH,UNIT_SCADA,1,"2022/10/20 12:00:00",KAREEYA4,0
D,DISPATCH,UNIT_SCADA,1,"2022/10/20 12:00:00",KARSF1,21.50
D,DISPATCH,UNIT_SCADA,1,"2022/10/20 12:00:00",KEPSF1,12.05
D,DISPATCH,UNIT_SCADA,1,"2022/10/20 12:00:00",KEPWF1,10.29
D,DISPATCH,UNIT_SCADA,1,"2022/10/20 12:00:00",KIAMSF1,20.092320
D,DISPATCH,UNIT_SCADA,1,"2022/10/20 12:00:00",KIATAWF1,4.70
D,DISPATCH,UNIT_SCADA,1,"2022/10/20 12:00:00",KPP_1,0
D,DISPATCH,UNIT_SCADA,1,"2022/10/20 12:00:00",KSP1,40.10
D,DISPATCH,UNIT_SCADA,1,"2022/10/20 12:00:00",LADBROK1,0.01
D,DISPATCH,UNIT_SCADA,1,"2022/10/20 12:00:00",LADBROK2,0.01
D,DISPATCH,UNIT_SCADA,1,"2022/10/20 12:00:00",LBBG1,0
D,DISPATCH,UNIT_SCADA,1,"2022/10/20 12:00:00",LBBL1,0
D,DISPATCH,UNIT_SCADA,1,"2022/10/20 12:00:00",LD01,283.364350
D,DISPATCH,UNIT_SCADA,1,"2022/10/20 12:00:00",LD02,0
D,DISPATCH,UNIT_SCADA,1,"2022/10/20 12:00:00",LD04,280.690950
D,DISPATCH,UNIT_SCADA,1,"2022/10/20 12:00:00",LEM_WIL,38.092960
D,DISPATCH,UNIT_SCADA,1,"2022/10/20 12:00:00",LGAPWF1,20.25
D,DISPATCH,UNIT_SCADA,1,"2022/10/20 12:00:00",LGAPWF2,15
D,DISPATCH,UNIT_SCADA,1,"2022/10/20 12:00:00",LILYSF1,34.6030
D,DISPATCH,UNIT_SCADA,1,"2022/10/20 12:00:00",LIMOSF11,102.446780
D,DISPATCH,UNIT_SCADA,1,"2022/10/20 12:00:00",LIMOSF21,14.249760
D,DISPATCH,UNIT_SCADA,1,"2022/10/20 12:00:00",LI_WY_CA,55.9388
D,DISPATCH,UNIT_SCADA,1,"2022/10/20 12:00:00",LKBONNY1,0
D,DISPATCH,UNIT_SCADA,1,"2022/10/20 12:00:00",LKBONNY2,0
D,DISPATCH,UNIT_SCADA,1,"2022/10/20 12:00:00",LKBONNY3,0
D,DISPATCH,UNIT_SCADA,1,"2022/10/20 12:00:00",LK_ECHO,0
D,DISPATCH,UNIT_SCADA,1,"2022/10/20 12:00:00",LNGS1,0
D,DISPATCH,UNIT_SCADA,1,"2022/10/20 12:00:00",LNGS2,0
D,DISPATCH,UNIT_SCADA,1,"2022/10/20 12:00:00",LONSDALE,0
D,DISPATCH,UNIT_SCADA,1,"2022/10/20 12:00:00",LOYYB1,435.710110
D,DISPATCH,UNIT_SCADA,1,"2022/10/20 12:00:00",LOYYB2,438.717710
D,DISPATCH,UNIT_SCADA,1,"2022/10/20 12:00:00",LYA1,356
D,DISPATCH,UNIT_SCADA,1,"2022/10/20 12:00:00",LYA2,0
D,DISPATCH,UNIT_SCADA,1,"2022/10/20 12:00:00",LYA3,355
D,DISPATCH,UNIT_SCADA,1,"2022/10/20 12:00:00",LYA4,356
D,DISPATCH,UNIT_SCADA,1,"2022/10/20 12:00:00",MACARTH1,75.898250
D,DISPATCH,UNIT_SCADA,1,"2022/10/20 12:00:00",MACKNTSH,0
D,DISPATCH,UNIT_SCADA,1,"2022/10/20 12:00:00",MANSLR1,24.1890
D,DISPATCH,UNIT_SCADA,1,"2022/10/20 12:00:00",MAPS2PV1,0
D,DISPATCH,UNIT_SCADA,1,"2022/10/20 12:00:00",MAPS3PV1,0
D,DISPATCH,UNIT_SCADA,1,"2022/10/20 12:00:00",MARYRSF1,16.23
D,DISPATCH,UNIT_SCADA,1,"2022/10/20 12:00:00",MBPS2PV1,0
D,DISPATCH,UNIT_SCADA,1,"2022/10/20 12:00:00",MCKAY1,0.02
D,DISPATCH,UNIT_SCADA,1,"2022/10/20 12:00:00",MEADOWBK,6.230440
D,DISPATCH,UNIT_SCADA,1,"2022/10/20 12:00:00",MERCER01,35.60
D,DISPATCH,UNIT_SCADA,1,"2022/10/20 12:00:00",METZSF1,24.613530
D,DISPATCH,UNIT_SCADA,1,"2022/10/20 12:00:00",MEWF1,9.660930
D,DISPATCH,UNIT_SCADA,1,"2022/10/20 12:00:00",MIDDLSF1,8.13
D,DISPATCH,UNIT_SCADA,1,"2022/10/20 12:00:00",MINTARO,0.128180
D,DISPATCH,UNIT_SCADA,1,"2022/10/20 12:00:00",MOLNGSF1,0
D,DISPATCH,UNIT_SCADA,1,"2022/10/20 12:00:00",MOORAWF1,81.350010
D,DISPATCH,UNIT_SCADA,1,"2022/10/20 12:00:00",MOREESF1,7.31
D,DISPATCH,UNIT_SCADA,1,"2022/10/20 12:00:00",MORTLK11,0
D,DISPATCH,UNIT_SCADA,1,"2022/10/20 12:00:00",MORTLK12,0
D,DISPATCH,UNIT_SCADA,1,"2022/10/20 12:00:00",MOUSF1,0
D,DISPATCH,UNIT_SCADA,1,"2022/10/20 12:00:00",MP1,0
D,DISPATCH,UNIT_SCADA,1,"2022/10/20 12:00:00",MP2,348.7724
D,DISPATCH,UNIT_SCADA,1,"2022/10/20 12:00:00",MPP_1,164.052730
D,DISPATCH,UNIT_SCADA,1,"2022/10/20 12:00:00",MPP_2,183.691450
D,DISPATCH,UNIT_SCADA,1,"2022/10/20 12:00:00",MRTLSWF1,0
D,DISPATCH,UNIT_SCADA,1,"2022/10/20 12:00:00",MSTUART1,0
D,DISPATCH,UNIT_SCADA,1,"2022/10/20 12:00:00",MSTUART2,0
D,DISPATCH,UNIT_SCADA,1,"2022/10/20 12:00:00",MSTUART3,0
D,DISPATCH,UNIT_SCADA,1,"2022/10/20 12:00:00",MTGELWF1,41.581470
D,DISPATCH,UNIT_SCADA,1,"2022/10/20 12:00:00",MTMILLAR,0.40
D,DISPATCH,UNIT_SCADA,1,"2022/10/20 12:00:00",MURRAY,0
D,DISPATCH,UNIT_SCADA,1,"2022/10/20 12:00:00",MUSSELR1,86.70
D,DISPATCH,UNIT_SCADA,1,"2022/10/20 12:00:00",MUWAWF1,53.19
D,DISPATCH,UNIT_SCADA,1,"2022/10/20 12:00:00",MUWAWF2,36.60
D,DISPATCH,UNIT_SCADA,1,"2022/10/20 12:00:00",MWPS1PV1,0.13
D,DISPATCH,UNIT_SCADA,1,"2022/10/20 12:00:00",MWPS2PV1,0
D,DISPATCH,UNIT_SCADA,1,"2022/10/20 12:00:00",MWPS3PV1,0
D,DISPATCH,UNIT_SCADA,1,"2022/10/20 12:00:00",MWPS4PV1,0.01
D,DISPATCH,UNIT_SCADA,1,"2022/10/20 12:00:00",NBHWF1,9.90
D,DISPATCH,UNIT_SCADA,1,"2022/10/20 12:00:00",NEVERSF1,30.42
D,DISPATCH,UNIT_SCADA,1,"2022/10/20 12:00:00",NPS,0
D,DISPATCH,UNIT_SCADA,1,"2022/10/20 12:00:00",NUMURSF1,92.43
D,DISPATCH,UNIT_SCADA,1,"2022/10/20 12:00:00",NYNGAN1,9.25
D,DISPATCH,UNIT_SCADA,1,"2022/10/20 12:00:00",OAKEY1,0
D,DISPATCH,UNIT_SCADA,1,"2022/10/20 12:00:00",OAKEY1SF,10.5090
D,DISPATCH,UNIT_SCADA,1,"2022/10/20 12:00:00",OAKEY2,0
D,DISPATCH,UNIT_SCADA,1,"2022/10/20 12:00:00",OAKEY2SF,20.79
D,DISPATCH,UNIT_SCADA,1,"2022/10/20 12:00:00",OAKLAND1,6.90
D,DISPATCH,UNIT_SCADA,1,"2022/10/20 12:00:00",OSB-AG,0
D,DISPATCH,UNIT_SCADA,1,"2022/10/20 12:00:00",PAREPS1,0.0660
D,DISPATCH,UNIT_SCADA,1,"2022/10/20 12:00:00",PAREPW1,50.42
D,DISPATCH,UNIT_SCADA,1,"2022/10/20 12:00:00",PARSF1,12.401010
D,DISPATCH,UNIT_SCADA,1,"2022/10/20 12:00:00",POAT110,0
D,DISPATCH,UNIT_SCADA,1,"2022/10/20 12:00:00",POAT220,0
D,DISPATCH,UNIT_SCADA,1,"2022/10/20 12:00:00",POR01,0
D,DISPATCH,UNIT_SCADA,1,"2022/10/20 12:00:00",POR03,0
D,DISPATCH,UNIT_SCADA,1,"2022/10/20 12:00:00",PPCCGT,0
D,DISPATCH,UNIT_SCADA,1,"2022/10/20 12:00:00",PTSTAN1,0
D,DISPATCH,UNIT_SCADA,1,"2022/10/20 12:00:00",PUMP1,0
D,DISPATCH,UNIT_SCADA,1,"2022/10/20 12:00:00",PUMP2,0
D,DISPATCH,UNIT_SCADA,1,"2022/10/20 12:00:00",QBYNBG1,0.816490
D,DISPATCH,UNIT_SCADA,1,"2022/10/20 12:00:00",QBYNBL1,0
D,DISPATCH,UNIT_SCADA,1,"2022/10/20 12:00:00",QPS1,0
D,DISPATCH,UNIT_SCADA,1,"2022/10/20 12:00:00",QPS2,0
D,DISPATCH,UNIT_SCADA,1,"2022/10/20 12:00:00",QPS3,0
D,DISPATCH,UNIT_SCADA,1,"2022/10/20 12:00:00",QPS4,0
D,DISPATCH,UNIT_SCADA,1,"2022/10/20 12:00:00",QPS5,75.65
D,DISPATCH,UNIT_SCADA,1,"2022/10/20 12:00:00",REECE1,0
D,DISPATCH,UNIT_SCADA,1,"2022/10/20 12:00:00",REECE2,0
D,DISPATCH,UNIT_SCADA,1,"2022/10/20 12:00:00",ROMA_7,0
D,DISPATCH,UNIT_SCADA,1,"2022/10/20 12:00:00",ROMA_8,0
D,DISPATCH,UNIT_SCADA,1,"2022/10/20 12:00:00",RRSF1,15.0733
D,DISPATCH,UNIT_SCADA,1,"2022/10/20 12:00:00",RT_NSW1,0
D,DISPATCH,UNIT_SCADA,1,"2022/10/20 12:00:00",RT_NSW2,0
D,DISPATCH,UNIT_SCADA,1,"2022/10/20 12:00:00",RT_NSW3,0
D,DISPATCH,UNIT_SCADA,1,"2022/10/20 12:00:00",RT_NSW4,0
D,DISPATCH,UNIT_SCADA,1,"2022/10/20 12:00:00",RT_NSW5,0
D,DISPATCH,UNIT_SCADA,1,"2022/10/20 12:00:00",RT_NSW6,0
D,DISPATCH,UNIT_SCADA,1,"2022/10/20 12:00:00",RT_QLD1,0
D,DISPATCH,UNIT_SCADA,1,"2022/10/20 12:00:00",RT_SA1,0
D,DISPATCH,UNIT_SCADA,1,"2022/10/20 12:00:00",RT_SA2,0
D,DISPATCH,UNIT_SCADA,1,"2022/10/20 12:00:00",RT_SA3,0
D,DISPATCH,UNIT_SCADA,1,"2022/10/20 12:00:00",RT_SA4,0
D,DISPATCH,UNIT_SCADA,1,"2022/10/20 12:00:00",RT_SA5,0
D,DISPATCH,UNIT_SCADA,1,"2022/10/20 12:00:00",RT_SA6,0
D,DISPATCH,UNIT_SCADA,1,"2022/10/20 12:00:00",RT_TAS1,0
D,DISPATCH,UNIT_SCADA,1,"2022/10/20 12:00:00",RT_VIC1,0
D,DISPATCH,UNIT_SCADA,1,"2022/10/20 12:00:00",RT_VIC10,0
D,DISPATCH,UNIT_SCADA,1,"2022/10/20 12:00:00",RT_VIC11,0
D,DISPATCH,UNIT_SCADA,1,"2022/10/20 12:00:00",RT_VIC12,0
D,DISPATCH,UNIT_SCADA,1,"2022/10/20 12:00:00",RT_VIC2,0
D,DISPATCH,UNIT_SCADA,1,"2022/10/20 12:00:00",RT_VIC3,0
D,DISPATCH,UNIT_SCADA,1,"2022/10/20 12:00:00",RT_VIC4,0
D,DISPATCH,UNIT_SCADA,1,"2022/10/20 12:00:00",RT_VIC5,0
D,DISPATCH,UNIT_SCADA,1,"2022/10/20 12:00:00",RT_VIC6,0
D,DISPATCH,UNIT_SCADA,1,"2022/10/20 12:00:00",RT_VIC7,0
D,DISPATCH,UNIT_SCADA,1,"2022/10/20 12:00:00",RT_VIC8,0
D,DISPATCH,UNIT_SCADA,1,"2022/10/20 12:00:00",RT_VIC9,0
D,DISPATCH,UNIT_SCADA,1,"2022/10/20 12:00:00",RUGBYR1,13.547520
D,DISPATCH,UNIT_SCADA,1,"2022/10/20 12:00:00",SALTCRK1,19.52
D,DISPATCH,UNIT_SCADA,1,"2022/10/20 12:00:00",SAPHWF1,13.847560
D,DISPATCH,UNIT_SCADA,1,"2022/10/20 12:00:00",SEBSF1,0.295170
D,DISPATCH,UNIT_SCADA,1,"2022/10/20 12:00:00",SHGEN,0
D,DISPATCH,UNIT_SCADA,1,"2022/10/20 12:00:00",SHPUMP,0
D,DISPATCH,UNIT_SCADA,1,"2022/10/20 12:00:00",SITHE01,0.123710
D,DISPATCH,UNIT_SCADA,1,"2022/10/20 12:00:00",SMCSF1,22.4950
D,DISPATCH,UNIT_SCADA,1,"2022/10/20 12:00:00",SNAPPER1,0
D,DISPATCH,UNIT_SCADA,1,"2022/10/20 12:00:00",SNOWNTH1,47.30
D,DISPATCH,UNIT_SCADA,1,"2022/10/20 12:00:00",SNOWSTH1,0.40
D,DISPATCH,UNIT_SCADA,1,"2022/10/20 12:00:00",SNOWTWN1,0
D,DISPATCH,UNIT_SCADA,1,"2022/10/20 12:00:00",SNOWYP,0
D,DISPATCH,UNIT_SCADA,1,"2022/10/20 12:00:00",SNUG1,0
D,DISPATCH,UNIT_SCADA,1,"2022/10/20 12:00:00",SRSF1,37.97
D,DISPATCH,UNIT_SCADA,1,"2022/10/20 12:00:00",STAN-1,278.0181
D,DISPATCH,UNIT_SCADA,1,"2022/10/20 12:00:00",STAN-2,363.461550
D,DISPATCH,UNIT_SCADA,1,"2022/10/20 12:00:00",STAN-3,160.337860
D,DISPATCH,UNIT_SCADA,1,"2022/10/20 12:00:00",STAN-4,366.409640
D,DISPATCH,UNIT_SCADA,1,"2022/10/20 12:00:00",STARHLWF,0.199940
D,DISPATCH,UNIT_SCADA,1,"2022/10/20 12:00:00",STOCKYD1,93.96
D,DISPATCH,UNIT_SCADA,1,"2022/10/20 12:00:00",STWF1,0
D,DISPATCH,UNIT_SCADA,1,"2022/10/20 12:00:00",SUNRSF1,83.730830
D,DISPATCH,UNIT_SCADA,1,"2022/10/20 12:00:00",SUNTPSF1,125.582360
D,DISPATCH,UNIT_SCADA,1,"2022/10/20 12:00:00",SWAN_E,221.723110
D,DISPATCH,UNIT_SCADA,1,"2022/10/20 12:00:00",TALWA1,0
D,DISPATCH,UNIT_SCADA,1,"2022/10/20 12:00:00",TARALGA1,0
D,DISPATCH,UNIT_SCADA,1,"2022/10/20 12:00:00",TARONG#1,346.300020
D,DISPATCH,UNIT_SCADA,1,"2022/10/20 12:00:00",TARONG#2,346
D,DISPATCH,UNIT_SCADA,1,"2022/10/20 12:00:00",TARONG#3,0.90
D,DISPATCH,UNIT_SCADA,1,"2022/10/20 12:00:00",TARONG#4,211.400010
D,DISPATCH,UNIT_SCADA,1,"2022/10/20 12:00:00",TARRALEA,54
D,DISPATCH,UNIT_SCADA,1,"2022/10/20 12:00:00",TBSF1,0.10
D,DISPATCH,UNIT_SCADA,1,"2022/10/20 12:00:00",TNPS1,399.249970
D,DISPATCH,UNIT_SCADA,1,"2022/10/20 12:00:00",TORRB1,0
D,DISPATCH,UNIT_SCADA,1,"2022/10/20 12:00:00",TORRB2,41
D,DISPATCH,UNIT_SCADA,1,"2022/10/20 12:00:00",TORRB3,0
D,DISPATCH,UNIT_SCADA,1,"2022/10/20 12:00:00",TORRB4,0
D,DISPATCH,UNIT_SCADA,1,"2022/10/20 12:00:00",TREVALLN,99.077030
D,DISPATCH,UNIT_SCADA,1,"2022/10/20 12:00:00",TRIBUTE,0
D,DISPATCH,UNIT_SCADA,1,"2022/10/20 12:00:00",TUMUT3,0
D,DISPATCH,UNIT_SCADA,1,"2022/10/20 12:00:00",TUNGATIN,6.100020
D,DISPATCH,UNIT_SCADA,1,"2022/10/20 12:00:00",TVCC201,0
D,DISPATCH,UNIT_SCADA,1,"2022/10/20 12:00:00",TVPP104,57.767950
D,DISPATCH,UNIT_SCADA,1,"2022/10/20 12:00:00",UPPTUMUT,102.516530
D,DISPATCH,UNIT_SCADA,1,"2022/10/20 12:00:00",URANQ11,0
D,DISPATCH,UNIT_SCADA,1,"2022/10/20 12:00:00",URANQ12,0
D,DISPATCH,UNIT_SCADA,1,"2022/10/20 12:00:00",URANQ13,0
D,DISPATCH,UNIT_SCADA,1,"2022/10/20 12:00:00",URANQ14,0
D,DISPATCH,UNIT_SCADA,1,"2022/10/20 12:00:00",VBBG1,0
D,DISPATCH,UNIT_SCADA,1,"2022/10/20 12:00:00",VBBL1,145.50
D,DISPATCH,UNIT_SCADA,1,"2022/10/20 12:00:00",VP5,525.553160
D,DISPATCH,UNIT_SCADA,1,"2022/10/20 12:00:00",VP6,524.698610
D,DISPATCH,UNIT_SCADA,1,"2022/10/20 12:00:00",VPGS1,0
D,DISPATCH,UNIT_SCADA,1,"2022/10/20 12:00:00",VPGS2,0
D,DISPATCH,UNIT_SCADA,1,"2022/10/20 12:00:00",VPGS3,0
D,DISPATCH,UNIT_SCADA,1,"2022/10/20 12:00:00",VPGS4,0
D,DISPATCH,UNIT_SCADA,1,"2022/10/20 12:00:00",VPGS5,0
D,DISPATCH,UNIT_SCADA,1,"2022/10/20 12:00:00",VPGS6,0
D,DISPATCH,UNIT_SCADA,1,"2022/10/20 12:00:00",W/HOE#1,0
D,DISPATCH,UNIT_SCADA,1,"2022/10/20 12:00:00",W/HOE#2,0
D,DISPATCH,UNIT_SCADA,1,"2022/10/20 12:00:00",WAGGNSF1,0
D,DISPATCH,UNIT_SCADA,1,"2022/10/20 12:00:00",WALGRVG1,0.000930
D,DISPATCH,UNIT_SCADA,1,"2022/10/20 12:00:00",WALGRVL1,0
D,DISPATCH,UNIT_SCADA,1,"2022/10/20 12:00:00",WANDBG1,0
D,DISPATCH,UNIT_SCADA,1,"2022/10/20 12:00:00",WANDBL1,0
D,DISPATCH,UNIT_SCADA,1,"2022/10/20 12:00:00",WARWSF1,11.90
D,DISPATCH,UNIT_SCADA,1,"2022/10/20 12:00:00",WARWSF2,12.05
D,DISPATCH,UNIT_SCADA,1,"2022/10/20 12:00:00",WATERLWF,0
D,DISPATCH,UNIT_SCADA,1,"2022/10/20 12:00:00",WDGPH1,64.1080
D,DISPATCH,UNIT_SCADA,1,"2022/10/20 12:00:00",WELLSF1,70.707250
D,DISPATCH,UNIT_SCADA,1,"2022/10/20 12:00:00",WEMENSF1,39
D,DISPATCH,UNIT_SCADA,1,"2022/10/20 12:00:00",WGWF1,37.30
D,DISPATCH,UNIT_SCADA,1,"2022/10/20 12:00:00",WHITSF1,0
D,DISPATCH,UNIT_SCADA,1,"2022/10/20 12:00:00",WINTSF1,82.85
D,DISPATCH,UNIT_SCADA,1,"2022/10/20 12:00:00",WKIEWA1,31.90
D,DISPATCH,UNIT_SCADA,1,"2022/10/20 12:00:00",WKIEWA2,14
D,DISPATCH,UNIT_SCADA,1,"2022/10/20 12:00:00",WOODLWN1,18.611120
D,DISPATCH,UNIT_SCADA,1,"2022/10/20 12:00:00",WOOLGSF1,14.9207
D,DISPATCH,UNIT_SCADA,1,"2022/10/20 12:00:00",WPWF,9.11
D,DISPATCH,UNIT_SCADA,1,"2022/10/20 12:00:00",WRSF1,1.669970
D,DISPATCH,UNIT_SCADA,1,"2022/10/20 12:00:00",WRWF1,21.709920
D,DISPATCH,UNIT_SCADA,1,"2022/10/20 12:00:00",WSTWYSF1,0.012550
D,DISPATCH,UNIT_SCADA,1,"2022/10/20 12:00:00",YABULU,0
D,DISPATCH,UNIT_SCADA,1,"2022/10/20 12:00:00",YABULU2,0
D,DISPATCH,UNIT_SCADA,1,"2022/10/20 12:00:00",YARANSF1,39.11
D,DISPATCH,UNIT_SCADA,1,"2022/10/20 12:00:00",YARWUN_1,160.86
D,DISPATCH,UNIT_SCADA,1,"2022/10/20 12:00:00",YATSF1,15.76
D,DISPATCH,UNIT_SCADA,1,"2022/10/20 12:00:00",YENDWF1,51.22
D,DISPATCH,UNIT_SCADA,1,"2022/10/20 12:00:00",YWPS1,259.394930
D,DISPATCH,UNIT_SCADA,1,"2022/10/20 12:00:00",YWPS2,254.131650
D,DISPATCH,UNIT_SCADA,1,"2022/10/20 12:00:00",YWPS3,279.221530
D,DISPATCH,UNIT_SCADA,1,"2022/10/20 12:00:00",YWPS4,0
C,"END OF REPORT",419
