C,NEMP.WORLD,DISPATCHSCADA,AEMO,PUBLIC,2022/10/20,17:05:10,0000000373269161,DISPATCHSCADA,0000000373269155
I,DISPATCH,UNIT_SCADA,1,SETTLEMENTDATE,DUID,SCADAVALUE
D,DISPATCH,UNIT_SCADA,1,"2022/10/20 17:10:00",BARCSF1,9.60
D,DISPATCH,UNIT_SCADA,1,"2022/10/20 17:10:00",BUTLERSG,8.699999
D,DISPATCH,UNIT_SCADA,1,"2022/10/20 17:10:00",CAPTL_WF,85.786469
D,DISPATCH,UNIT_SCADA,1,"2022/10/20 17:10:00",CHALLHWF,12.10
D,DISPATCH,UNIT_SCADA,1,"2022/10/20 17:10:00",CLOVER,12.88
D,DISPATCH,UNIT_SCADA,1,"2022/10/20 17:10:00",CLUNY,6.286564
D,DISPATCH,UNIT_SCADA,1,"2022/10/20 17:10:00",CULLRGWF,-0.04
D,DISPATCH,UNIT_SCADA,1,"2022/10/20 17:10:00",DIAPURWF1,1.30
D,DISPATCH,UNIT_SCADA,1,"2022/10/20 17:10:00",ERGT01,0
D,DISPATCH,UNIT_SCADA,1,"2022/10/20 17:10:00",GB01,0
D,DISPATCH,UNIT_SCADA,1,"2022/10/20 17:10:00",GERMCRK,21.700001
D,DISPATCH,UNIT_SCADA,1,"2022/10/20 17:10:00",GRIFSF1,4.499886
D,DISPATCH,UNIT_SCADA,1,"2022/10/20 17:10:00",HEZ1,0
D,DISPATCH,UNIT_SCADA,1,"2022/10/20 17:10:00",HUGSF1,1.2350
D,DISPATCH,UNIT_SCADA,1,"2022/10/20 17:10:00",KEPBG1,0.01
D,DISPATCH,UNIT_SCADA,1,"2022/10/20 17:10:00",LRSF1,9.289001
D,DISPATCH,UNIT_SCADA,1,"2022/10/20 17:10:00",MBAHNTH,43.518753
D,DISPATCH,UNIT_SCADA,1,"2022/10/20 17:10:00",MLSP1,0.439001
D,DISPATCH,UNIT_SCADA,1,"2022/10/20 17:10:00",MLWF1,6.96
D,DISPATCH,UNIT_SCADA,1,"2022/10/20 17:10:00",PALOONA,30.41
D,DISPATCH,UNIT_SCADA,1,"2022/10/20 17:10:00",PIONEER,28.300001
D,DISPATCH,UNIT_SCADA,1,"2022/10/20 17:10:00",PORTWF,32
D,DISPATCH,UNIT_SCADA,1,"2022/10/20 17:10:00",REPULSE,9.479515
D,DISPATCH,UNIT_SCADA,1,"2022/10/20 17:10:00",ROWALLAN,8.8395
D,DISPATCH,UNIT_SCADA,1,"2022/10/20 17:10:00",ROYALLA1,0
D,DISPATCH,UNIT_SCADA,1,"2022/10/20 17:10:00",RPCG,-1.80
D,DISPATCH,UNIT_SCADA,1,"2022/10/20 17:10:00",RUBICON,0
D,DISPATCH,UNIT_SCADA,1,"2022/10/20 17:10:00",WAUBRAWF,59.099998
D,DISPATCH,UNIT_SCADA,1,"2022/10/20 17:10:00",WOOLNTH1,97.279999
D,DISPATCH,UNIT_SCADA,1,"2022/10/20 17:10:00",YAMBUKWF,2.60
D,DISPATCH,UNIT_SCADA,1,"2022/10/20 17:10:00",YSWF1,1.10
D,DISPATCH,UNIT_SCADA,1,"2022/10/20 17:10:00",ADPBA1G,0.0080
D,DISPATCH,UNIT_SCADA,1,"2022/10/20 17:10:00",ADPBA1L,0
D,DISPATCH,UNIT_SCADA,1,"2022/10/20 17:10:00",ADPPV1,8.7590
D,DISPATCH,UNIT_SCADA,1,"2022/10/20 17:10:00",AGLHAL,30.732150
D,DISPATCH,UNIT_SCADA,1,"2022/10/20 17:10:00",AGLSOM,0
D,DISPATCH,UNIT_SCADA,1,"2022/10/20 17:10:00",ANGAST1,0
D,DISPATCH,UNIT_SCADA,1,"2022/10/20 17:10:00",ARWF1,71.70
D,DISPATCH,UNIT_SCADA,1,"2022/10/20 17:10:00",BALBG1,0
D,DISPATCH,UNIT_SCADA,1,"2022/10/20 17:10:00",BALBL1,0
D,DISPATCH,UNIT_SCADA,1,"2022/10/20 17:10:00",BALDHWF1,104.3060
D,DISPATCH,UNIT_SCADA,1,"2022/10/20 17:10:00",BANGOWF1,86.595560
D,DISPATCH,UNIT_SCADA,1,"2022/10/20 17:10:00",BANGOWF2,54.898830
D,DISPATCH,UNIT_SCADA,1,"2022/10/20 17:10:00",BANN1,13.45
D,DISPATCH,UNIT_SCADA,1,"2022/10/20 17:10:00",BARCALDN,0
D,DISPATCH,UNIT_SCADA,1,"2022/10/20 17:10:00",BARKIPS1,0
D,DISPATCH,UNIT_SCADA,1,"2022/10/20 17:10:00",BARRON-1,27.04
D,DISPATCH,UNIT_SCADA,1,"2022/10/20 17:10:00",BARRON-2,27.52
D,DISPATCH,UNIT_SCADA,1,"2022/10/20 17:10:00",BASTYAN,49.25
D,DISPATCH,UNIT_SCADA,1,"2022/10/20 17:10:00",BBTHREE1,0
D,DISPATCH,UNIT_SCADA,1,"2022/10/20 17:10:00",BBTHREE2,0
D,DISPATCH,UNIT_SCADA,1,"2022/10/20 17:10:00",BBTHREE3,-1.07
D,DISPATCH,UNIT_SCADA,1,"2022/10/20 17:10:00",BDL01,0
D,DISPATCH,UNIT_SCADA,1,"2022/10/20 17:10:00",BDL02,0
D,DISPATCH,UNIT_SCADA,1,"2022/10/20 17:10:00",BERYLSF1,5.701760
D,DISPATCH,UNIT_SCADA,1,"2022/10/20 17:10:00",BLOWERNG,62.50
D,DISPATCH,UNIT_SCADA,1,"2022/10/20 17:10:00",BLUEGSF1,3.060990
D,DISPATCH,UNIT_SCADA,1,"2022/10/20 17:10:00",BLUFF1,0
D,DISPATCH,UNIT_SCADA,1,"2022/10/20 17:10:00",BNGSF1,99.22
D,DISPATCH,UNIT_SCADA,1,"2022/10/20 17:10:00",BNGSF2,101.88
D,DISPATCH,UNIT_SCADA,1,"2022/10/20 17:10:00",BOCORWF1,71.44
D,DISPATCH,UNIT_SCADA,1,"2022/10/20 17:10:00",BODWF1,88.602350
D,DISPATCH,UNIT_SCADA,1,"2022/10/20 17:10:00",BOMENSF1,14.0499
D,DISPATCH,UNIT_SCADA,1,"2022/10/20 17:10:00",BOWWBA1G,0
D,DISPATCH,UNIT_SCADA,1,"2022/10/20 17:10:00",BOWWBA1L,0.0020
D,DISPATCH,UNIT_SCADA,1,"2022/10/20 17:10:00",BOWWPV1,0
D,DISPATCH,UNIT_SCADA,1,"2022/10/20 17:10:00",BRAEMAR1,0
D,DISPATCH,UNIT_SCADA,1,"2022/10/20 17:10:00",BRAEMAR2,0
D,DISPATCH,UNIT_SCADA,1,"2022/10/20 17:10:00",BRAEMAR3,0
D,DISPATCH,UNIT_SCADA,1,"2022/10/20 17:10:00",BRAEMAR5,140.973860
D,DISPATCH,UNIT_SCADA,1,"2022/10/20 17:10:00",BRAEMAR6,0
D,DISPATCH,UNIT_SCADA,1,"2022/10/20 17:10:00",BRAEMAR7,151.900890
D,DISPATCH,UNIT_SCADA,1,"2022/10/20 17:10:00",BROKENH1,20.899680
D,DISPATCH,UNIT_SCADA,1,"2022/10/20 17:10:00",BRYB1WF1,98.338290
D,DISPATCH,UNIT_SCADA,1,"2022/10/20 17:10:00",BULBESG1,0
D,DISPATCH,UNIT_SCADA,1,"2022/10/20 17:10:00",BULBESL1,0.05
D,DISPATCH,UNIT_SCADA,1,"2022/10/20 17:10:00",BULGANA1,72.39
D,DISPATCH,UNIT_SCADA,1,"2022/10/20 17:10:00",BW01,647.653930
D,DISPATCH,UNIT_SCADA,1,"2022/10/20 17:10:00",BW02,610.031310
D,DISPATCH,UNIT_SCADA,1,"2022/10/20 17:10:00",BW03,538.667910
D,DISPATCH,UNIT_SCADA,1,"2022/10/20 17:10:00",BW04,0
D,DISPATCH,UNIT_SCADA,1,"2022/10/20 17:10:00",CALL_B_1,315.600010
D,DISPATCH,UNIT_SCADA,1,"2022/10/20 17:10:00",CALL_B_2,311.899990
D,DISPATCH,UNIT_SCADA,1,"2022/10/20 17:10:00",CATHROCK,10.50
D,DISPATCH,UNIT_SCADA,1,"2022/10/20 17:10:00",CBWWBA1G,0
D,DISPATCH,UNIT_SCADA,1,"2022/10/20 17:10:00",CBWWBA1L,0
D,DISPATCH,UNIT_SCADA,1,"2022/10/20 17:10:00",CETHANA,97.4660
D,DISPATCH,UNIT_SCADA,1,"2022/10/20 17:10:00",CG1,0
D,DISPATCH,UNIT_SCADA,1,"2022/10/20 17:10:00",CG2,0
D,DISPATCH,UNIT_SCADA,1,"2022/10/20 17:10:00",CG3,0
D,DISPATCH,UNIT_SCADA,1,"2022/10/20 17:10:00",CG4,0
D,DISPATCH,UNIT_SCADA,1,"2022/10/20 17:10:00",CHILDSF1,0
D,DISPATCH,UNIT_SCADA,1,"2022/10/20 17:10:00",CHYTWF1,8.24
D,DISPATCH,UNIT_SCADA,1,"2022/10/20 17:10:00",CLARESF1,0
D,DISPATCH,UNIT_SCADA,1,"2022/10/20 17:10:00",CLEMGPWF,14.334960
D,DISPATCH,UNIT_SCADA,1,"2022/10/20 17:10:00",CLERMSF1,3.53
D,DISPATCH,UNIT_SCADA,1,"2022/10/20 17:10:00",CNUNDAWF,6.007010
D,DISPATCH,UNIT_SCADA,1,"2022/10/20 17:10:00",COHUNSF1,14.58
D,DISPATCH,UNIT_SCADA,1,"2022/10/20 17:10:00",COLEASF1,12.6997
D,DISPATCH,UNIT_SCADA,1,"2022/10/20 17:10:00",COLUMSF1,4.9570
D,DISPATCH,UNIT_SCADA,1,"2022/10/20 17:10:00",COLWF01,109.933620
D,DISPATCH,UNIT_SCADA,1,"2022/10/20 17:10:00",COOPGWF1,294.890010
D,DISPATCH,UNIT_SCADA,1,"2022/10/20 17:10:00",CPP_3,364.649990
D,DISPATCH,UNIT_SCADA,1,"2022/10/20 17:10:00",CPP_4,0
D,DISPATCH,UNIT_SCADA,1,"2022/10/20 17:10:00",CPSA,0
D,DISPATCH,UNIT_SCADA,1,"2022/10/20 17:10:00",CROOKWF2,65.583890
D,DISPATCH,UNIT_SCADA,1,"2022/10/20 17:10:00",CROWLWF1,34.142210
D,DISPATCH,UNIT_SCADA,1,"2022/10/20 17:10:00",CRURWF1,54.298390
D,DISPATCH,UNIT_SCADA,1,"2022/10/20 17:10:00",CRWASF1,19.783680
D,DISPATCH,UNIT_SCADA,1,"2022/10/20 17:10:00",CSPVPS1,2.4060
D,DISPATCH,UNIT_SCADA,1,"2022/10/20 17:10:00",CTHLWF1,0.003050
D,DISPATCH,UNIT_SCADA,1,"2022/10/20 17:10:00",DALNTH01,0
D,DISPATCH,UNIT_SCADA,1,"2022/10/20 17:10:00",DALNTHL1,0.090030
D,DISPATCH,UNIT_SCADA,1,"2022/10/20 17:10:00",DARLSF1,47.973820
D,DISPATCH,UNIT_SCADA,1,"2022/10/20 17:10:00",DARTM1,0
D,DISPATCH,UNIT_SCADA,1,"2022/10/20 17:10:00",DAYDSF1,5.4310
D,DISPATCH,UNIT_SCADA,1,"2022/10/20 17:10:00",DDPS1,0
D,DISPATCH,UNIT_SCADA,1,"2022/10/20 17:10:00",DDSF1,6.077180
D,DISPATCH,UNIT_SCADA,1,"2022/10/20 17:10:00",DEVILS_G,58.698080
D,DISPATCH,UNIT_SCADA,1,"2022/10/20 17:10:00",DG_NSW1,0
D,DISPATCH,UNIT_SCADA,1,"2022/10/20 17:10:00",DG_QLD1,0
D,DISPATCH,UNIT_SCADA,1,"2022/10/20 17:10:00",DG_SA1,0
D,DISPATCH,UNIT_SCADA,1,"2022/10/20 17:10:00",DG_TAS1,0
D,DISPATCH,UNIT_SCADA,1,"2022/10/20 17:10:00",DG_VIC1,0
D,DISPATCH,UNIT_SCADA,1,"2022/10/20 17:10:00",DRYCGT1,0
D,DISPATCH,UNIT_SCADA,1,"2022/10/20 17:10:00",DRYCGT2,0
D,DISPATCH,UNIT_SCADA,1,"2022/10/20 17:10:00",DRYCGT3,0
D,DISPATCH,UNIT_SCADA,1,"2022/10/20 17:10:00",DUNDWF1,62.47
D,DISPATCH,UNIT_SCADA,1,"2022/10/20 17:10:00",DUNDWF2,16.47
D,DISPATCH,UNIT_SCADA,1,"2022/10/20 17:10:00",DUNDWF3,64.29
D,DISPATCH,UNIT_SCADA,1,"2022/10/20 17:10:00",EILDON1,59.12
D,DISPATCH,UNIT_SCADA,1,"2022/10/20 17:10:00",EILDON2,60.08
D,DISPATCH,UNIT_SCADA,1,"2022/10/20 17:10:00",ELAINWF1,18.64
D,DISPATCH,UNIT_SCADA,1,"2022/10/20 17:10:00",EMERASF1,0
D,DISPATCH,UNIT_SCADA,1,"2022/10/20 17:10:00",ER01,0
D,DISPATCH,UNIT_SCADA,1,"2022/10/20 17:10:00",ER02,671.116210
D,DISPATCH,UNIT_SCADA,1,"2022/10/20 17:10:00",ER03,631.100950
D,DISPATCH,UNIT_SCADA,1,"2022/10/20 17:10:00",ER04,681.4679
D,DISPATCH,UNIT_SCADA,1,"2022/10/20 17:10:00",FINLYSF1,95.255970
D,DISPATCH,UNIT_SCADA,1,"2022/10/20 17:10:00",FISHER,43.85
D,DISPATCH,UNIT_SCADA,1,"2022/10/20 17:10:00",GANGARR1,15.2770
D,DISPATCH,UNIT_SCADA,1,"2022/10/20 17:10:00",GANNBG1,0
D,DISPATCH,UNIT_SCADA,1,"2022/10/20 17:10:00",GANNBL1,0.935620
D,DISPATCH,UNIT_SCADA,1,"2022/10/20 17:10:00",GANNSF1,28.20
D,DISPATCH,UNIT_SCADA,1,"2022/10/20 17:10:00",GLRWNSF1,23.33
D,DISPATCH,UNIT_SCADA,1,"2022/10/20 17:10:00",GNNDHSF1,12.430080
D,DISPATCH,UNIT_SCADA,1,"2022/10/20 17:10:00",GOONSF1,5.316240
D,DISPATCH,UNIT_SCADA,1,"2022/10/20 17:10:00",GORDON,259.7489
D,DISPATCH,UNIT_SCADA,1,"2022/10/20 17:10:00",GRANWF1,0
D,DISPATCH,UNIT_SCADA,1,"2022/10/20 17:10:00",GSTONE1,200.55
D,DISPATCH,UNIT_SCADA,1,"2022/10/20 17:10:00",GSTONE2,0
D,DISPATCH,UNIT_SCADA,1,"2022/10/20 17:10:00",GSTONE3,199.849990
D,DISPATCH,UNIT_SCADA,1,"2022/10/20 17:10:00",GSTONE4,0
D,DISPATCH,UNIT_SCADA,1,"2022/10/20 17:10:00",GSTONE5,200.899990
D,DISPATCH,UNIT_SCADA,1,"2022/10/20 17:10:00",GSTONE6,201.25
D,DISPATCH,UNIT_SCADA,1,"2022/10/20 17:10:00",GULLRSF1,0.3050
D,DISPATCH,UNIT_SCADA,1,"2022/10/20 17:10:00",GULLRWF1,108.413350
D,DISPATCH,UNIT_SCADA,1,"2022/10/20 17:10:00",GULLRWF2,96.3462
D,DISPATCH,UNIT_SCADA,1,"2022/10/20 17:10:00",GUNNING1,0
D,DISPATCH,UNIT_SCADA,1,"2022/10/20 17:10:00",GUTHEGA,66.50
D,DISPATCH,UNIT_SCADA,1,"2022/10/20 17:10:00",HALLWF1,0.07
D,DISPATCH,UNIT_SCADA,1,"2022/10/20 17:10:00",HALLWF2,0
D,DISPATCH,UNIT_SCADA,1,"2022/10/20 17:10:00",HAMISF1,0
D,DISPATCH,UNIT_SCADA,1,"2022/10/20 17:10:00",HAUGHT11,0
D,DISPATCH,UNIT_SCADA,1,"2022/10/20 17:10:00",HAYMSF1,0
D,DISPATCH,UNIT_SCADA,1,"2022/10/20 17:10:00",HDWF1,14.90
D,DISPATCH,UNIT_SCADA,1,"2022/10/20 17:10:00",HDWF2,25.20
D,DISPATCH,UNIT_SCADA,1,"2022/10/20 17:10:00",HDWF3,29.10
D,DISPATCH,UNIT_SCADA,1,"2022/10/20 17:10:00",HILLSTN1,0
D,DISPATCH,UNIT_SCADA,1,"2022/10/20 17:10:00",HPRG1,0
D,DISPATCH,UNIT_SCADA,1,"2022/10/20 17:10:00",HPRL1,15.90
D,DISPATCH,UNIT_SCADA,1,"2022/10/20 17:10:00",HUMENSW,54.638260
D,DISPATCH,UNIT_SCADA,1,"2022/10/20 17:10:00",HUMEV,0
D,DISPATCH,UNIT_SCADA,1,"2022/10/20 17:10:00",HVWWBA1G,0
D,DISPATCH,UNIT_SCADA,1,"2022/10/20 17:10:00",HVWWBA1L,0.0070
D,DISPATCH,UNIT_SCADA,1,"2022/10/20 17:10:00",HVWWPV1,4.5360
D,DISPATCH,UNIT_SCADA,1,"2022/10/20 17:10:00",JBUTTERS,0
D,DISPATCH,UNIT_SCADA,1,"2022/10/20 17:10:00",JEMALNG1,6.04
D,DISPATCH,UNIT_SCADA,1,"2022/10/20 17:10:00",JLA01,0
D,DISPATCH,UNIT_SCADA,1,"2022/10/20 17:10:00",JLA02,0
D,DISPATCH,UNIT_SCADA,1,"2022/10/20 17:10:00",JLA03,0
D,DISPATCH,UNIT_SCADA,1,"2022/10/20 17:10:00",JLA04,0
D,DISPATCH,UNIT_SCADA,1,"2022/10/20 17:10:00",JLB01,0
D,DISPATCH,UNIT_SCADA,1,"2022/10/20 17:10:00",JLB02,0.10
D,DISPATCH,UNIT_SCADA,1,"2022/10/20 17:10:00",JLB03,0
D,DISPATCH,UNIT_SCADA,1,"2022/10/20 17:10:00",JUNEESF1,2.278660
D,DISPATCH,UNIT_SCADA,1,"2022/10/20 17:10:00",KABANWF1,3.2130
D,DISPATCH,UNIT_SCADA,1,"2022/10/20 17:10:00",KAREEYA1,17.7725
D,DISPATCH,UNIT_SCADA,1,"2022/10/20 17:10:00",KAREEYA2,0
D,DISPATCH,UNIT_SCADA,1,"2022/10/20 17:10:00",KAREEYA3,21.22
D,DISPATCH,UNIT_SCADA,1,"2022/10/20 17:10:00",KAREEYA4,0
D,DISPATCH,UNIT_SCADA,1,"2022/10/20 17:10:00",KARSF1,23.60
D,DISPATCH,UNIT_SCADA,1,"2022/10/20 17:10:00",KEPSF1,2.29
D,DISPATCH,UNIT_SCADA,1,"2022/10/20 17:10:00",KEPWF1,20.35
D,DISPATCH,UNIT_SCADA,1,"2022/10/20 17:10:00",KIAMSF1,44.911120
D,DISPATCH,UNIT_SCADA,1,"2022/10/20 17:10:00",KIATAWF1,4.80
D,DISPATCH,UNIT_SCADA,1,"2022/10/20 17:10:00",KPP_1,0
D,DISPATCH,UNIT_SCADA,1,"2022/10/20 17:10:00",KSP1,2.06
D,DISPATCH,UNIT_SCADA,1,"2022/10/20 17:10:00",LADBROK1,0.02
D,DISPATCH,UNIT_SCADA,1,"2022/10/20 17:10:00",LADBROK2,0.02
D,DISPATCH,UNIT_SCADA,1,"2022/10/20 17:10:00",LBBG1,0
D,DISPATCH,UNIT_SCADA,1,"2022/10/20 17:10:00",LBBL1,0.30
D,DISPATCH,UNIT_SCADA,1,"2022/10/20 17:10:00",LD01,356.352420
D,DISPATCH,UNIT_SCADA,1,"2022/10/20 17:10:00",LD02,29.627370
D,DISPATCH,UNIT_SCADA,1,"2022/10/20 17:10:00",LD04,311.636720
D,DISPATCH,UNIT_SCADA,1,"2022/10/20 17:10:00",LEM_WIL,86.459370
D,DISPATCH,UNIT_SCADA,1,"2022/10/20 17:10:00",LGAPWF1,69.56
D,DISPATCH,UNIT_SCADA,1,"2022/10/20 17:10:00",LGAPWF2,48.03
D,DISPATCH,UNIT_SCADA,1,"2022/10/20 17:10:00",LILYSF1,4.685820
D,DISPATCH,UNIT_SCADA,1,"2022/10/20 17:10:00",LIMOSF11,19.784390
D,DISPATCH,UNIT_SCADA,1,"2022/10/20 17:10:00",LIMOSF21,2.792250
D,DISPATCH,UNIT_SCADA,1,"2022/10/20 17:10:00",LI_WY_CA,61.903850
D,DISPATCH,UNIT_SCADA,1,"2022/10/20 17:10:00",LKBONNY1,9.4668
D,DISPATCH,UNIT_SCADA,1,"2022/10/20 17:10:00",LKBONNY2,17.208920
D,DISPATCH,UNIT_SCADA,1,"2022/10/20 17:10:00",LKBONNY3,3.070210
D,DISPATCH,UNIT_SCADA,1,"2022/10/20 17:10:00",LK_ECHO,0
D,DISPATCH,UNIT_SCADA,1,"2022/10/20 17:10:00",LNGS1,0
D,DISPATCH,UNIT_SCADA,1,"2022/10/20 17:10:00",LNGS2,0
D,DISPATCH,UNIT_SCADA,1,"2022/10/20 17:10:00",LONSDALE,0
D,DISPATCH,UNIT_SCADA,1,"2022/10/20 17:10:00",LOYYB1,574.8114
D,DISPATCH,UNIT_SCADA,1,"2022/10/20 17:10:00",LOYYB2,568.7962
D,DISPATCH,UNIT_SCADA,1,"2022/10/20 17:10:00",LYA1,549
D,DISPATCH,UNIT_SCADA,1,"2022/10/20 17:10:00",LYA2,0
D,DISPATCH,UNIT_SCADA,1,"2022/10/20 17:10:00",LYA3,547
D,DISPATCH,UNIT_SCADA,1,"2022/10/20 17:10:00",LYA4,550
D,DISPATCH,UNIT_SCADA,1,"2022/10/20 17:10:00",MACARTH1,54.598740
D,DISPATCH,UNIT_SCADA,1,"2022/10/20 17:10:00",MACKNTSH,3.09
D,DISPATCH,UNIT_SCADA,1,"2022/10/20 17:10:00",MANSLR1,2.95
D,DISPATCH,UNIT_SCADA,1,"2022/10/20 17:10:00",MAPS2PV1,0
D,DISPATCH,UNIT_SCADA,1,"2022/10/20 17:10:00",MAPS3PV1,0
D,DISPATCH,UNIT_SCADA,1,"2022/10/20 17:10:00",MARYRSF1,2.17
D,DISPATCH,UNIT_SCADA,1,"2022/10/20 17:10:00",MBPS2PV1,0
D,DISPATCH,UNIT_SCADA,1,"2022/10/20 17:10:00",MCKAY1,212.334990
D,DISPATCH,UNIT_SCADA,1,"2022/10/20 17:10:00",MEADOWBK,5.830320
D,DISPATCH,UNIT_SCADA,1,"2022/10/20 17:10:00",MERCER01,24.10
D,DISPATCH,UNIT_SCADA,1,"2022/10/20 17:10:00",METZSF1,20.3336
D,DISPATCH,UNIT_SCADA,1,"2022/10/20 17:10:00",MEWF1,0
D,DISPATCH,UNIT_SCADA,1,"2022/10/20 17:10:00",MIDDLSF1,2.50
D,DISPATCH,UNIT_SCADA,1,"2022/10/20 17:10:00",MINTARO,0.128180
D,DISPATCH,UNIT_SCADA,1,"2022/10/20 17:10:00",MOLNGSF1,2.283970
D,DISPATCH,UNIT_SCADA,1,"2022/10/20 17:10:00",MOORAWF1,33.54
D,DISPATCH,UNIT_SCADA,1,"2022/10/20 17:10:00",MOREESF1,0.8060
D,DISPATCH,UNIT_SCADA,1,"2022/10/20 17:10:00",MORTLK11,0
D,DISPATCH,UNIT_SCADA,1,"2022/10/20 17:10:00",MORTLK12,0
D,DISPATCH,UNIT_SCADA,1,"2022/10/20 17:10:00",MOUSF1,0
D,DISPATCH,UNIT_SCADA,1,"2022/10/20 17:10:00",MP1,0
D,DISPATCH,UNIT_SCADA,1,"2022/10/20 17:10:00",MP2,615.744260
D,DISPATCH,UNIT_SCADA,1,"2022/10/20 17:10:00",MPP_1,191.580520
D,DISPATCH,UNIT_SCADA,1,"2022/10/20 17:10:00",MPP_2,174.047580
D,DISPATCH,UNIT_SCADA,1,"2022/10/20 17:10:00",MRTLSWF1,0
D,DISPATCH,UNIT_SCADA,1,"2022/10/20 17:10:00",MSTUART1,0
D,DISPATCH,UNIT_SCADA,1,"2022/10/20 17:10:00",MSTUART2,0
D,DISPATCH,UNIT_SCADA,1,"2022/10/20 17:10:00",MSTUART3,0
D,DISPATCH,UNIT_SCADA,1,"2022/10/20 17:10:00",MTGELWF1,47.459330
D,DISPATCH,UNIT_SCADA,1,"2022/10/20 17:10:00",MTMILLAR,12.40
D,DISPATCH,UNIT_SCADA,1,"2022/10/20 17:10:00",MURRAY,266
D,DISPATCH,UNIT_SCADA,1,"2022/10/20 17:10:00",MUSSELR1,0
D,DISPATCH,UNIT_SCADA,1,"2022/10/20 17:10:00",MUWAWF1,24.11
D,DISPATCH,UNIT_SCADA,1,"2022/10/20 17:10:00",MUWAWF2,24.40
D,DISPATCH,UNIT_SCADA,1,"2022/10/20 17:10:00",MWPS1PV1,0.40
D,DISPATCH,UNIT_SCADA,1,"2022/10/20 17:10:00",MWPS2PV1,4.55
D,DISPATCH,UNIT_SCADA,1,"2022/10/20 17:10:00",MWPS3PV1,1.55
D,DISPATCH,UNIT_SCADA,1,"2022/10/20 17:10:00",MWPS4PV1,0.80
D,DISPATCH,UNIT_SCADA,1,"2022/10/20 17:10:00",NBHWF1,3.90
D,DISPATCH,UNIT_SCADA,1,"2022/10/20 17:10:00",NEVERSF1,0.32
D,DISPATCH,UNIT_SCADA,1,"2022/10/20 17:10:00",NPS,0
D,DISPATCH,UNIT_SCADA,1,"2022/10/20 17:10:00",NUMURSF1,13.85
D,DISPATCH,UNIT_SCADA,1,"2022/10/20 17:10:00",NYNGAN1,8
D,DISPATCH,UNIT_SCADA,1,"2022/10/20 17:10:00",OAKEY1,125.786270
D,DISPATCH,UNIT_SCADA,1,"2022/10/20 17:10:00",OAKEY1SF,1.89
D,DISPATCH,UNIT_SCADA,1,"2022/10/20 17:10:00",OAKEY2,0
D,DISPATCH,UNIT_SCADA,1,"2022/10/20 17:10:00",OAKEY2SF,3.81
D,DISPATCH,UNIT_SCADA,1,"2022/10/20 17:10:00",OAKLAND1,17.70
D,DISPATCH,UNIT_SCADA,1,"2022/10/20 17:10:00",OSB-AG,147.14
D,DISPATCH,UNIT_SCADA,1,"2022/10/20 17:10:00",PAREPS1,0
D,DISPATCH,UNIT_SCADA,1,"2022/10/20 17:10:00",PAREPW1,186.569990
D,DISPATCH,UNIT_SCADA,1,"2022/10/20 17:10:00",PARSF1,4.399180
D,DISPATCH,UNIT_SCADA,1,"2022/10/20 17:10:00",POAT110,3.09
D,DISPATCH,UNIT_SCADA,1,"2022/10/20 17:10:00",POAT220,0
D,DISPATCH,UNIT_SCADA,1,"2022/10/20 17:10:00",POR01,0.008670
D,DISPATCH,UNIT_SCADA,1,"2022/10/20 17:10:00",POR03,0
D,DISPATCH,UNIT_SCADA,1,"2022/10/20 17:10:00",PPCCGT,160.130050
D,DISPATCH,UNIT_SCADA,1,"2022/10/20 17:10:00",PTSTAN1,0
D,DISPATCH,UNIT_SCADA,1,"2022/10/20 17:10:00",PUMP1,0
D,DISPATCH,UNIT_SCADA,1,"2022/10/20 17:10:00",PUMP2,0
D,DISPATCH,UNIT_SCADA,1,"2022/10/20 17:10:00",QBYNBG1,0.0025
D,DISPATCH,UNIT_SCADA,1,"2022/10/20 17:10:00",QBYNBL1,0
D,DISPATCH,UNIT_SCADA,1,"2022/10/20 17:10:00",QPS1,0
D,DISPATCH,UNIT_SCADA,1,"2022/10/20 17:10:00",QPS2,0
D,DISPATCH,UNIT_SCADA,1,"2022/10/20 17:10:00",QPS3,0
D,DISPATCH,UNIT_SCADA,1,"2022/10/20 17:10:00",QPS4,0
D,DISPATCH,UNIT_SCADA,1,"2022/10/20 17:10:00",QPS5,73.12
D,DISPATCH,UNIT_SCADA,1,"2022/10/20 17:10:00",REECE1,43.194440
D,DISPATCH,UNIT_SCADA,1,"2022/10/20 17:10:00",REECE2,32.04
D,DISPATCH,UNIT_SCADA,1,"2022/10/20 17:10:00",ROMA_7,0
D,DISPATCH,UNIT_SCADA,1,"2022/10/20 17:10:00",ROMA_8,0
D,DISPATCH,UNIT_SCADA,1,"2022/10/20 17:10:00",RRSF1,12.225830
D,DISPATCH,UNIT_SCADA,1,"2022/10/20 17:10:00",RT_NSW1,0
D,DISPATCH,UNIT_SCADA,1,"2022/10/20 17:10:00",RT_NSW2,0
D,DISPATCH,UNIT_SCADA,1,"2022/10/20 17:10:00",RT_NSW3,0
D,DISPATCH,UNIT_SCADA,1,"2022/10/20 17:10:00",RT_NSW4,0
D,DISPATCH,UNIT_SCADA,1,"2022/10/20 17:10:00",RT_NSW5,0
D,DISPATCH,UNIT_SCADA,1,"2022/10/20 17:10:00",RT_NSW6,0
D,DISPATCH,UNIT_SCADA,1,"2022/10/20 17:10:00",RT_QLD1,0
D,DISPATCH,UNIT_SCADA,1,"2022/10/20 17:10:00",RT_SA1,0
D,DISPATCH,UNIT_SCADA,1,"2022/10/20 17:10:00",RT_SA2,0
D,DISPATCH,UNIT_SCADA,1,"2022/10/20 17:10:00",RT_SA3,0
D,DISPATCH,UNIT_SCADA,1,"2022/10/20 17:10:00",RT_SA4,0
D,DISPATCH,UNIT_SCADA,1,"2022/10/20 17:10:00",RT_SA5,0
D,DISPATCH,UNIT_SCADA,1,"2022/10/20 17:10:00",RT_SA6,0
D,DISPATCH,UNIT_SCADA,1,"2022/10/20 17:10:00",RT_TAS1,0
D,DISPATCH,UNIT_SCADA,1,"2022/10/20 17:10:00",RT_VIC1,0
D,DISPATCH,UNIT_SCADA,1,"2022/10/20 17:10:00",RT_VIC10,0
D,DISPATCH,UNIT_SCADA,1,"2022/10/20 17:10:00",RT_VIC11,0
D,DISPATCH,UNIT_SCADA,1,"2022/10/20 17:10:00",RT_VIC12,0
D,DISPATCH,UNIT_SCADA,1,"2022/10/20 17:10:00",RT_VIC2,0
D,DISPATCH,UNIT_SCADA,1,"2022/10/20 17:10:00",RT_VIC3,0
D,DISPATCH,UNIT_SCADA,1,"2022/10/20 17:10:00",RT_VIC4,0
D,DISPATCH,UNIT_SCADA,1,"2022/10/20 17:10:00",RT_VIC5,0
D,DISPATCH,UNIT_SCADA,1,"2022/10/20 17:10:00",RT_VIC6,0
D,DISPATCH,UNIT_SCADA,1,"2022/10/20 17:10:00",RT_VIC7,0
D,DISPATCH,UNIT_SCADA,1,"2022/10/20 17:10:00",RT_VIC8,0
D,DISPATCH,UNIT_SCADA,1,"2022/10/20 17:10:00",RT_VIC9,0
D,DISPATCH,UNIT_SCADA,1,"2022/10/20 17:10:00",RUGBYR1,37.074940
D,DISPATCH,UNIT_SCADA,1,"2022/10/20 17:10:00",SALTCRK1,19.82
D,DISPATCH,UNIT_SCADA,1,"2022/10/20 17:10:00",SAPHWF1,75.143050
D,DISPATCH,UNIT_SCADA,1,"2022/10/20 17:10:00",SEBSF1,4.124070
D,DISPATCH,UNIT_SCADA,1,"2022/10/20 17:10:00",SHGEN,78.396790
D,DISPATCH,UNIT_SCADA,1,"2022/10/20 17:10:00",SHPUMP,0
D,DISPATCH,UNIT_SCADA,1,"2022/10/20 17:10:00",SITHE01,0.005650
D,DISPATCH,UNIT_SCADA,1,"2022/10/20 17:10:00",SMCSF1,22.2660
D,DISPATCH,UNIT_SCADA,1,"2022/10/20 17:10:00",SNAPPER1,0
D,DISPATCH,UNIT_SCADA,1,"2022/10/20 17:10:00",SNOWNTH1,29.80
D,DISPATCH,UNIT_SCADA,1,"2022/10/20 17:10:00",SNOWSTH1,22.60
D,DISPATCH,UNIT_SCADA,1,"2022/10/20 17:10:00",SNOWTWN1,13.914150
D,DISPATCH,UNIT_SCADA,1,"2022/10/20 17:10:00",SNOWYP,0
D,DISPATCH,UNIT_SCADA,1,"2022/10/20 17:10:00",SNUG1,0
D,DISPATCH,UNIT_SCADA,1,"2022/10/20 17:10:00",SRSF1,1.77
D,DISPATCH,UNIT_SCADA,1,"2022/10/20 17:10:00",STAN-1,275.633970
D,DISPATCH,UNIT_SCADA,1,"2022/10/20 17:10:00",STAN-2,361.167140
D,DISPATCH,UNIT_SCADA,1,"2022/10/20 17:10:00",STAN-3,282.811950
D,DISPATCH,UNIT_SCADA,1,"2022/10/20 17:10:00",STAN-4,362.448940
D,DISPATCH,UNIT_SCADA,1,"2022/10/20 17:10:00",STARHLWF,19.1944
D,DISPATCH,UNIT_SCADA,1,"2022/10/20 17:10:00",STOCKYD1,236.78
D,DISPATCH,UNIT_SCADA,1,"2022/10/20 17:10:00",STWF1,9.420920
D,DISPATCH,UNIT_SCADA,1,"2022/10/20 17:10:00",SUNRSF1,11.219960
D,DISPATCH,UNIT_SCADA,1,"2022/10/20 17:10:00",SUNTPSF1,29.8436
D,DISPATCH,UNIT_SCADA,1,"2022/10/20 17:10:00",SWAN_E,338.357480
D,DISPATCH,UNIT_SCADA,1,"2022/10/20 17:10:00",TALWA1,0
D,DISPATCH,UNIT_SCADA,1,"2022/10/20 17:10:00",TARALGA1,0
D,DISPATCH,UNIT_SCADA,1,"2022/10/20 17:10:00",TARONG#1,346.300020
D,DISPATCH,UNIT_SCADA,1,"2022/10/20 17:10:00",TARONG#2,345.600010
D,DISPATCH,UNIT_SCADA,1,"2022/10/20 17:10:00",TARONG#3,0.90
D,DISPATCH,UNIT_SCADA,1,"2022/10/20 17:10:00",TARONG#4,241.900010
D,DISPATCH,UNIT_SCADA,1,"2022/10/20 17:10:00",TARRALEA,54
D,DISPATCH,UNIT_SCADA,1,"2022/10/20 17:10:00",TBSF1,12.70
D,DISPATCH,UNIT_SCADA,1,"2022/10/20 17:10:00",TNPS1,413.312470
D,DISPATCH,UNIT_SCADA,1,"2022/10/20 17:10:00",TORRB1,0
D,DISPATCH,UNIT_SCADA,1,"2022/10/20 17:10:00",TORRB2,52
D,DISPATCH,UNIT_SCADA,1,"2022/10/20 17:10:00",TORRB3,0
D,DISPATCH,UNIT_SCADA,1,"2022/10/20 17:10:00",TORRB4,0
D,DISPATCH,UNIT_SCADA,1,"2022/10/20 17:10:00",TREVALLN,99.471130
D,DISPATCH,UNIT_SCADA,1,"2022/10/20 17:10:00",TRIBUTE,0
D,DISPATCH,UNIT_SCADA,1,"2022/10/20 17:10:00",TUMUT3,247.729980
D,DISPATCH,UNIT_SCADA,1,"2022/10/20 17:10:00",TUNGATIN,4.080020
D,DISPATCH,UNIT_SCADA,1,"2022/10/20 17:10:00",TVCC201,0
D,DISPATCH,UNIT_SCADA,1,"2022/10/20 17:10:00",TVPP104,56.830220
D,DISPATCH,UNIT_SCADA,1,"2022/10/20 17:10:00",UPPTUMUT,117.234410
D,DISPATCH,UNIT_SCADA,1,"2022/10/20 17:10:00",URANQ11,0
D,DISPATCH,UNIT_SCADA,1,"2022/10/20 17:10:00",URANQ12,0
D,DISPATCH,UNIT_SCADA,1,"2022/10/20 17:10:00",URANQ13,0
D,DISPATCH,UNIT_SCADA,1,"2022/10/20 17:10:00",URANQ14,0
D,DISPATCH,UNIT_SCADA,1,"2022/10/20 17:10:00",VBBG1,0
D,DISPATCH,UNIT_SCADA,1,"2022/10/20 17:10:00",VBBL1,59.10
D,DISPATCH,UNIT_SCADA,1,"2022/10/20 17:10:00",VP5,586.346010
D,DISPATCH,UNIT_SCADA,1,"2022/10/20 17:10:00",VP6,585.418270
D,DISPATCH,UNIT_SCADA,1,"2022/10/20 17:10:00",VPGS1,0
D,DISPATCH,UNIT_SCADA,1,"2022/10/20 17:10:00",VPGS2,0
D,DISPATCH,UNIT_SCADA,1,"2022/10/20 17:10:00",VPGS3,0
D,DISPATCH,UNIT_SCADA,1,"2022/10/20 17:10:00",VPGS4,0
D,DISPATCH,UNIT_SCADA,1,"2022/10/20 17:10:00",VPGS5,0
D,DISPATCH,UNIT_SCADA,1,"2022/10/20 17:10:00",VPGS6,0
D,DISPATCH,UNIT_SCADA,1,"2022/10/20 17:10:00",W/HOE#1,155.48
D,DISPATCH,UNIT_SCADA,1,"2022/10/20 17:10:00",W/HOE#2,0
D,DISPATCH,UNIT_SCADA,1,"2022/10/20 17:10:00",WAGGNSF1,0
D,DISPATCH,UNIT_SCADA,1,"2022/10/20 17:10:00",WALGRVG1,0
D,DISPATCH,UNIT_SCADA,1,"2022/10/20 17:10:00",WALGRVL1,10.457540
D,DISPATCH,UNIT_SCADA,1,"2022/10/20 17:10:00",WANDBG1,0
D,DISPATCH,UNIT_SCADA,1,"2022/10/20 17:10:00",WANDBL1,1.1101
D,DISPATCH,UNIT_SCADA,1,"2022/10/20 17:10:00",WARWSF1,1.43
D,DISPATCH,UNIT_SCADA,1,"2022/10/20 17:10:00",WARWSF2,1.59
D,DISPATCH,UNIT_SCADA,1,"2022/10/20 17:10:00",WATERLWF,0
D,DISPATCH,UNIT_SCADA,1,"2022/10/20 17:10:00",WDGPH1,3.8490
D,DISPATCH,UNIT_SCADA,1,"2022/10/20 17:10:00",WELLSF1,66.343180
D,DISPATCH,UNIT_SCADA,1,"2022/10/20 17:10:00",WEMENSF1,9.70
D,DISPATCH,UNIT_SCADA,1,"2022/10/20 17:10:00",WGWF1,9.80
D,DISPATCH,UNIT_SCADA,1,"2022/10/20 17:10:00",WHITSF1,2.20
D,DISPATCH,UNIT_SCADA,1,"2022/10/20 17:10:00",WINTSF1,23.03
D,DISPATCH,UNIT_SCADA,1,"2022/10/20 17:10:00",WKIEWA1,33.30
D,DISPATCH,UNIT_SCADA,1,"2022/10/20 17:10:00",WKIEWA2,33.60
D,DISPATCH,UNIT_SCADA,1,"2022/10/20 17:10:00",WOODLWN1,34.642620
D,DISPATCH,UNIT_SCADA,1,"2022/10/20 17:10:00",WOOLGSF1,1.560580
D,DISPATCH,UNIT_SCADA,1,"2022/10/20 17:10:00",WPWF,41.23
D,DISPATCH,UNIT_SCADA,1,"2022/10/20 17:10:00",WRSF1,0.699480
D,DISPATCH,UNIT_SCADA,1,"2022/10/20 17:10:00",WRWF1,51.183030
D,DISPATCH,UNIT_SCADA,1,"2022/10/20 17:10:00",WSTWYSF1,1.115580
D,DISPATCH,UNIT_SCADA,1,"2022/10/20 17:10:00",YABULU,0
D,DISPATCH,UNIT_SCADA,1,"2022/10/20 17:10:00",YABULU2,0
D,DISPATCH,UNIT_SCADA,1,"2022/10/20 17:10:00",YARANSF1,7.80
D,DISPATCH,UNIT_SCADA,1,"2022/10/20 17:10:00",YARWUN_1,161.16
D,DISPATCH,UNIT_SCADA,1,"2022/10/20 17:10:00",YATSF1,21.16
D,DISPATCH,UNIT_SCADA,1,"2022/10/20 17:10:00",YENDWF1,23.02
D,DISPATCH,UNIT_SCADA,1,"2022/10/20 17:10:00",YWPS1,353.131650
D,DISPATCH,UNIT_SCADA,1,"2022/10/20 17:10:00",YWPS2,287.215180
D,DISPATCH,UNIT_SCADA,1,"2022/10/20 17:10:00",YWPS3,355.436710
D,DISPATCH,UNIT_SCADA,1,"2022/10/20 17:10:00",YWPS4,0
C,"END OF REPORT",419
