C,NEMP.WORLD,DISPATCHSCADA,AEMO,PUBLIC,2022/10/20,13:45:10,0000000373258560,DISPATCHSCADA,0000000373258554
I,DISPATCH,UNIT_SCADA,1,SETTLEMENTDATE,DUID,SCADAVALUE
D,DISPATCH,UNIT_SCADA,1,"2022/10/20 13:50:00",BARCSF1,4
D,DISPATCH,UNIT_SCADA,1,"2022/10/20 13:50:00",BUTLERSG,8.699999
D,DISPATCH,UNIT_SCADA,1,"2022/10/20 13:50:00",CAPTL_WF,43.711605
D,DISPATCH,UNIT_SCADA,1,"2022/10/20 13:50:00",CHALLHWF,8.60
D,DISPATCH,UNIT_SCADA,1,"2022/10/20 13:50:00",CLOVER,10.74
D,DISPATCH,UNIT_SCADA,1,"2022/10/20 13:50:00",CLUNY,5.238270
D,DISPATCH,UNIT_SCADA,1,"2022/10/20 13:50:00",CULLRGWF,-0.05
D,DISPATCH,UNIT_SCADA,1,"2022/10/20 13:50:00",DIAPURWF1,5.20
D,DISPATCH,UNIT_SCADA,1,"2022/10/20 13:50:00",ERGT01,0
D,DISPATCH,UNIT_SCADA,1,"2022/10/20 13:50:00",GB01,0
D,DISPATCH,UNIT_SCADA,1,"2022/10/20 13:50:00",GERMCRK,20.200001
D,DISPATCH,UNIT_SCADA,1,"2022/10/20 13:50:00",GRIFSF1,6.700236
D,DISPATCH,UNIT_SCADA,1,"2022/10/20 13:50:00",HEZ1,0
D,DISPATCH,UNIT_SCADA,1,"2022/10/20 13:50:00",HUGSF1,7.736001
D,DISPATCH,UNIT_SCADA,1,"2022/10/20 13:50:00",KEPBG1,0
D,DISPATCH,UNIT_SCADA,1,"2022/10/20 13:50:00",LRSF1,12.705001
D,DISPATCH,UNIT_SCADA,1,"2022/10/20 13:50:00",MBAHNTH,36.318748
D,DISPATCH,UNIT_SCADA,1,"2022/10/20 13:50:00",MLSP1,8.112001
D,DISPATCH,UNIT_SCADA,1,"2022/10/20 13:50:00",MLWF1,3.30
D,DISPATCH,UNIT_SCADA,1,"2022/10/20 13:50:00",PALOONA,30.199999
D,DISPATCH,UNIT_SCADA,1,"2022/10/20 13:50:00",PIONEER,42.700001
D,DISPATCH,UNIT_SCADA,1,"2022/10/20 13:50:00",PORTWF,81.699997
D,DISPATCH,UNIT_SCADA,1,"2022/10/20 13:50:00",REPULSE,9.511253
D,DISPATCH,UNIT_SCADA,1,"2022/10/20 13:50:00",ROWALLAN,8.7330
D,DISPATCH,UNIT_SCADA,1,"2022/10/20 13:50:00",ROYALLA1,9.225003
D,DISPATCH,UNIT_SCADA,1,"2022/10/20 13:50:00",RPCG,-1.80
D,DISPATCH,UNIT_SCADA,1,"2022/10/20 13:50:00",RUBICON,0
D,DISPATCH,UNIT_SCADA,1,"2022/10/20 13:50:00",WAUBRAWF,52.837002
D,DISPATCH,UNIT_SCADA,1,"2022/10/20 13:50:00",WOOLNTH1,95.389999
D,DISPATCH,UNIT_SCADA,1,"2022/10/20 13:50:00",YAMBUKWF,7.80
D,DISPATCH,UNIT_SCADA,1,"2022/10/20 13:50:00",YSWF1,2.50
D,DISPATCH,UNIT_SCADA,1,"2022/10/20 13:50:00",ADPBA1G,0.0080
D,DISPATCH,UNIT_SCADA,1,"2022/10/20 13:50:00",ADPBA1L,0
D,DISPATCH,UNIT_SCADA,1,"2022/10/20 13:50:00",ADPPV1,1.4110
D,DISPATCH,UNIT_SCADA,1,"2022/10/20 13:50:00",AGLHAL,0
D,DISPATCH,UNIT_SCADA,1,"2022/10/20 13:50:00",AGLSOM,0
D,DISPATCH,UNIT_SCADA,1,"2022/10/20 13:50:00",ANGAST1,0
D,DISPATCH,UNIT_SCADA,1,"2022/10/20 13:50:00",ARWF1,1
D,DISPATCH,UNIT_SCADA,1,"2022/10/20 13:50:00",BALBG1,0
D,DISPATCH,UNIT_SCADA,1,"2022/10/20 13:50:00",BALBL1,0
D,DISPATCH,UNIT_SCADA,1,"2022/10/20 13:50:00",BALDHWF1,71.8080
D,DISPATCH,UNIT_SCADA,1,"2022/10/20 13:50:00",BANGOWF1,20.198060
D,DISPATCH,UNIT_SCADA,1,"2022/10/20 13:50:00",BANGOWF2,23.498050
D,DISPATCH,UNIT_SCADA,1,"2022/10/20 13:50:00",BANN1,39.82
D,DISPATCH,UNIT_SCADA,1,"2022/10/20 13:50:00",BARCALDN,0
D,DISPATCH,UNIT_SCADA,1,"2022/10/20 13:50:00",BARKIPS1,0
D,DISPATCH,UNIT_SCADA,1,"2022/10/20 13:50:00",BARRON-1,0
D,DISPATCH,UNIT_SCADA,1,"2022/10/20 13:50:00",BARRON-2,0
D,DISPATCH,UNIT_SCADA,1,"2022/10/20 13:50:00",BASTYAN,53.240010
D,DISPATCH,UNIT_SCADA,1,"2022/10/20 13:50:00",BBTHREE1,0
D,DISPATCH,UNIT_SCADA,1,"2022/10/20 13:50:00",BBTHREE2,21.39
D,DISPATCH,UNIT_SCADA,1,"2022/10/20 13:50:00",BBTHREE3,-1
D,DISPATCH,UNIT_SCADA,1,"2022/10/20 13:50:00",BDL01,0
D,DISPATCH,UNIT_SCADA,1,"2022/10/20 13:50:00",BDL02,0
D,DISPATCH,UNIT_SCADA,1,"2022/10/20 13:50:00",BERYLSF1,2.210350
D,DISPATCH,UNIT_SCADA,1,"2022/10/20 13:50:00",BLOWERNG,62.60
D,DISPATCH,UNIT_SCADA,1,"2022/10/20 13:50:00",BLUEGSF1,74.907650
D,DISPATCH,UNIT_SCADA,1,"2022/10/20 13:50:00",BLUFF1,2.50
D,DISPATCH,UNIT_SCADA,1,"2022/10/20 13:50:00",BNGSF1,27.32
D,DISPATCH,UNIT_SCADA,1,"2022/10/20 13:50:00",BNGSF2,27.86
D,DISPATCH,UNIT_SCADA,1,"2022/10/20 13:50:00",BOCORWF1,35.39
D,DISPATCH,UNIT_SCADA,1,"2022/10/20 13:50:00",BODWF1,64.6432
D,DISPATCH,UNIT_SCADA,1,"2022/10/20 13:50:00",BOMENSF1,42.270540
D,DISPATCH,UNIT_SCADA,1,"2022/10/20 13:50:00",BOWWBA1G,0
D,DISPATCH,UNIT_SCADA,1,"2022/10/20 13:50:00",BOWWBA1L,0.0010
D,DISPATCH,UNIT_SCADA,1,"2022/10/20 13:50:00",BOWWPV1,0
D,DISPATCH,UNIT_SCADA,1,"2022/10/20 13:50:00",BRAEMAR1,0
D,DISPATCH,UNIT_SCADA,1,"2022/10/20 13:50:00",BRAEMAR2,0
D,DISPATCH,UNIT_SCADA,1,"2022/10/20 13:50:00",BRAEMAR3,0
D,DISPATCH,UNIT_SCADA,1,"2022/10/20 13:50:00",BRAEMAR5,0.292060
D,DISPATCH,UNIT_SCADA,1,"2022/10/20 13:50:00",BRAEMAR6,0
D,DISPATCH,UNIT_SCADA,1,"2022/10/20 13:50:00",BRAEMAR7,0.130920
D,DISPATCH,UNIT_SCADA,1,"2022/10/20 13:50:00",BROKENH1,47.599270
D,DISPATCH,UNIT_SCADA,1,"2022/10/20 13:50:00",BRYB1WF1,99.162280
D,DISPATCH,UNIT_SCADA,1,"2022/10/20 13:50:00",BULBESG1,0
D,DISPATCH,UNIT_SCADA,1,"2022/10/20 13:50:00",BULBESL1,1.36
D,DISPATCH,UNIT_SCADA,1,"2022/10/20 13:50:00",BULGANA1,0
D,DISPATCH,UNIT_SCADA,1,"2022/10/20 13:50:00",BW01,658.371890
D,DISPATCH,UNIT_SCADA,1,"2022/10/20 13:50:00",BW02,617.209110
D,DISPATCH,UNIT_SCADA,1,"2022/10/20 13:50:00",BW03,539.888610
D,DISPATCH,UNIT_SCADA,1,"2022/10/20 13:50:00",BW04,0
D,DISPATCH,UNIT_SCADA,1,"2022/10/20 13:50:00",CALL_B_1,321.300020
D,DISPATCH,UNIT_SCADA,1,"2022/10/20 13:50:00",CALL_B_2,320.800020
D,DISPATCH,UNIT_SCADA,1,"2022/10/20 13:50:00",CATHROCK,7.20
D,DISPATCH,UNIT_SCADA,1,"2022/10/20 13:50:00",CBWWBA1G,0
D,DISPATCH,UNIT_SCADA,1,"2022/10/20 13:50:00",CBWWBA1L,0
D,DISPATCH,UNIT_SCADA,1,"2022/10/20 13:50:00",CETHANA,86.389120
D,DISPATCH,UNIT_SCADA,1,"2022/10/20 13:50:00",CG1,0
D,DISPATCH,UNIT_SCADA,1,"2022/10/20 13:50:00",CG2,0
D,DISPATCH,UNIT_SCADA,1,"2022/10/20 13:50:00",CG3,0
D,DISPATCH,UNIT_SCADA,1,"2022/10/20 13:50:00",CG4,0
D,DISPATCH,UNIT_SCADA,1,"2022/10/20 13:50:00",CHILDSF1,18.67
D,DISPATCH,UNIT_SCADA,1,"2022/10/20 13:50:00",CHYTWF1,7.03
D,DISPATCH,UNIT_SCADA,1,"2022/10/20 13:50:00",CLARESF1,40.323070
D,DISPATCH,UNIT_SCADA,1,"2022/10/20 13:50:00",CLEMGPWF,8.8603
D,DISPATCH,UNIT_SCADA,1,"2022/10/20 13:50:00",CLERMSF1,35.38
D,DISPATCH,UNIT_SCADA,1,"2022/10/20 13:50:00",CNUNDAWF,11.9139
D,DISPATCH,UNIT_SCADA,1,"2022/10/20 13:50:00",COHUNSF1,0.08
D,DISPATCH,UNIT_SCADA,1,"2022/10/20 13:50:00",COLEASF1,39.898150
D,DISPATCH,UNIT_SCADA,1,"2022/10/20 13:50:00",COLUMSF1,23.1940
D,DISPATCH,UNIT_SCADA,1,"2022/10/20 13:50:00",COLWF01,99.258410
D,DISPATCH,UNIT_SCADA,1,"2022/10/20 13:50:00",COOPGWF1,104.87
D,DISPATCH,UNIT_SCADA,1,"2022/10/20 13:50:00",CPP_3,370.975010
D,DISPATCH,UNIT_SCADA,1,"2022/10/20 13:50:00",CPP_4,0
D,DISPATCH,UNIT_SCADA,1,"2022/10/20 13:50:00",CPSA,0
D,DISPATCH,UNIT_SCADA,1,"2022/10/20 13:50:00",CROOKWF2,41.965360
D,DISPATCH,UNIT_SCADA,1,"2022/10/20 13:50:00",CROWLWF1,8.577540
D,DISPATCH,UNIT_SCADA,1,"2022/10/20 13:50:00",CRURWF1,40.3991
D,DISPATCH,UNIT_SCADA,1,"2022/10/20 13:50:00",CRWASF1,26.452990
D,DISPATCH,UNIT_SCADA,1,"2022/10/20 13:50:00",CSPVPS1,12.8570
D,DISPATCH,UNIT_SCADA,1,"2022/10/20 13:50:00",CTHLWF1,0.003050
D,DISPATCH,UNIT_SCADA,1,"2022/10/20 13:50:00",DALNTH01,0
D,DISPATCH,UNIT_SCADA,1,"2022/10/20 13:50:00",DALNTHL1,1.029980
D,DISPATCH,UNIT_SCADA,1,"2022/10/20 13:50:00",DARLSF1,74.775740
D,DISPATCH,UNIT_SCADA,1,"2022/10/20 13:50:00",DARTM1,0
D,DISPATCH,UNIT_SCADA,1,"2022/10/20 13:50:00",DAYDSF1,74.4670
D,DISPATCH,UNIT_SCADA,1,"2022/10/20 13:50:00",DDPS1,0
D,DISPATCH,UNIT_SCADA,1,"2022/10/20 13:50:00",DDSF1,14.840320
D,DISPATCH,UNIT_SCADA,1,"2022/10/20 13:50:00",DEVILS_G,58.7225
D,DISPATCH,UNIT_SCADA,1,"2022/10/20 13:50:00",DG_NSW1,0
D,DISPATCH,UNIT_SCADA,1,"2022/10/20 13:50:00",DG_QLD1,0
D,DISPATCH,UNIT_SCADA,1,"2022/10/20 13:50:00",DG_SA1,0
D,DISPATCH,UNIT_SCADA,1,"2022/10/20 13:50:00",DG_TAS1,0
D,DISPATCH,UNIT_SCADA,1,"2022/10/20 13:50:00",DG_VIC1,0
D,DISPATCH,UNIT_SCADA,1,"2022/10/20 13:50:00",DRYCGT1,0
D,DISPATCH,UNIT_SCADA,1,"2022/10/20 13:50:00",DRYCGT2,0
D,DISPATCH,UNIT_SCADA,1,"2022/10/20 13:50:00",DRYCGT3,0
D,DISPATCH,UNIT_SCADA,1,"2022/10/20 13:50:00",DUNDWF1,59.63
D,DISPATCH,UNIT_SCADA,1,"2022/10/20 13:50:00",DUNDWF2,19.21
D,DISPATCH,UNIT_SCADA,1,"2022/10/20 13:50:00",DUNDWF3,58.44
D,DISPATCH,UNIT_SCADA,1,"2022/10/20 13:50:00",EILDON1,60.16
D,DISPATCH,UNIT_SCADA,1,"2022/10/20 13:50:00",EILDON2,60.04
D,DISPATCH,UNIT_SCADA,1,"2022/10/20 13:50:00",ELAINWF1,22.48
D,DISPATCH,UNIT_SCADA,1,"2022/10/20 13:50:00",EMERASF1,0
D,DISPATCH,UNIT_SCADA,1,"2022/10/20 13:50:00",ER01,0
D,DISPATCH,UNIT_SCADA,1,"2022/10/20 13:50:00",ER02,359.929810
D,DISPATCH,UNIT_SCADA,1,"2022/10/20 13:50:00",ER03,451.9234
D,DISPATCH,UNIT_SCADA,1,"2022/10/20 13:50:00",ER04,450.458530
D,DISPATCH,UNIT_SCADA,1,"2022/10/20 13:50:00",FINLYSF1,114.512860
D,DISPATCH,UNIT_SCADA,1,"2022/10/20 13:50:00",FISHER,43.93
D,DISPATCH,UNIT_SCADA,1,"2022/10/20 13:50:00",GANGARR1,79.919010
D,DISPATCH,UNIT_SCADA,1,"2022/10/20 13:50:00",GANNBG1,0
D,DISPATCH,UNIT_SCADA,1,"2022/10/20 13:50:00",GANNBL1,1.522510
D,DISPATCH,UNIT_SCADA,1,"2022/10/20 13:50:00",GANNSF1,22.60
D,DISPATCH,UNIT_SCADA,1,"2022/10/20 13:50:00",GLRWNSF1,0
D,DISPATCH,UNIT_SCADA,1,"2022/10/20 13:50:00",GNNDHSF1,63.822150
D,DISPATCH,UNIT_SCADA,1,"2022/10/20 13:50:00",GOONSF1,17.252460
D,DISPATCH,UNIT_SCADA,1,"2022/10/20 13:50:00",GORDON,213.568150
D,DISPATCH,UNIT_SCADA,1,"2022/10/20 13:50:00",GRANWF1,0
D,DISPATCH,UNIT_SCADA,1,"2022/10/20 13:50:00",GSTONE1,196.8750
D,DISPATCH,UNIT_SCADA,1,"2022/10/20 13:50:00",GSTONE2,0
D,DISPATCH,UNIT_SCADA,1,"2022/10/20 13:50:00",GSTONE3,193.55
D,DISPATCH,UNIT_SCADA,1,"2022/10/20 13:50:00",GSTONE4,0
D,DISPATCH,UNIT_SCADA,1,"2022/10/20 13:50:00",GSTONE5,180.4250
D,DISPATCH,UNIT_SCADA,1,"2022/10/20 13:50:00",GSTONE6,195.1250
D,DISPATCH,UNIT_SCADA,1,"2022/10/20 13:50:00",GULLRSF1,1.244980
D,DISPATCH,UNIT_SCADA,1,"2022/10/20 13:50:00",GULLRWF1,64.554020
D,DISPATCH,UNIT_SCADA,1,"2022/10/20 13:50:00",GULLRWF2,61.490680
D,DISPATCH,UNIT_SCADA,1,"2022/10/20 13:50:00",GUNNING1,0
D,DISPATCH,UNIT_SCADA,1,"2022/10/20 13:50:00",GUTHEGA,67.90
D,DISPATCH,UNIT_SCADA,1,"2022/10/20 13:50:00",HALLWF1,0
D,DISPATCH,UNIT_SCADA,1,"2022/10/20 13:50:00",HALLWF2,2.98
D,DISPATCH,UNIT_SCADA,1,"2022/10/20 13:50:00",HAMISF1,14.50
D,DISPATCH,UNIT_SCADA,1,"2022/10/20 13:50:00",HAUGHT11,82.403330
D,DISPATCH,UNIT_SCADA,1,"2022/10/20 13:50:00",HAYMSF1,20.0090
D,DISPATCH,UNIT_SCADA,1,"2022/10/20 13:50:00",HDWF1,7.90
D,DISPATCH,UNIT_SCADA,1,"2022/10/20 13:50:00",HDWF2,8.70
D,DISPATCH,UNIT_SCADA,1,"2022/10/20 13:50:00",HDWF3,7.90
D,DISPATCH,UNIT_SCADA,1,"2022/10/20 13:50:00",HILLSTN1,22.328320
D,DISPATCH,UNIT_SCADA,1,"2022/10/20 13:50:00",HPRG1,44.80
D,DISPATCH,UNIT_SCADA,1,"2022/10/20 13:50:00",HPRL1,0
D,DISPATCH,UNIT_SCADA,1,"2022/10/20 13:50:00",HUMENSW,54.638260
D,DISPATCH,UNIT_SCADA,1,"2022/10/20 13:50:00",HUMEV,0
D,DISPATCH,UNIT_SCADA,1,"2022/10/20 13:50:00",HVWWBA1G,0
D,DISPATCH,UNIT_SCADA,1,"2022/10/20 13:50:00",HVWWBA1L,0.0070
D,DISPATCH,UNIT_SCADA,1,"2022/10/20 13:50:00",HVWWPV1,4.0780
D,DISPATCH,UNIT_SCADA,1,"2022/10/20 13:50:00",JBUTTERS,0
D,DISPATCH,UNIT_SCADA,1,"2022/10/20 13:50:00",JEMALNG1,23.65
D,DISPATCH,UNIT_SCADA,1,"2022/10/20 13:50:00",JLA01,0
D,DISPATCH,UNIT_SCADA,1,"2022/10/20 13:50:00",JLA02,0
D,DISPATCH,UNIT_SCADA,1,"2022/10/20 13:50:00",JLA03,0
D,DISPATCH,UNIT_SCADA,1,"2022/10/20 13:50:00",JLA04,0
D,DISPATCH,UNIT_SCADA,1,"2022/10/20 13:50:00",JLB01,0
D,DISPATCH,UNIT_SCADA,1,"2022/10/20 13:50:00",JLB02,0.10
D,DISPATCH,UNIT_SCADA,1,"2022/10/20 13:50:00",JLB03,0
D,DISPATCH,UNIT_SCADA,1,"2022/10/20 13:50:00",JUNEESF1,9.378820
D,DISPATCH,UNIT_SCADA,1,"2022/10/20 13:50:00",KABANWF1,1.0580
D,DISPATCH,UNIT_SCADA,1,"2022/10/20 13:50:00",KAREEYA1,0
D,DISPATCH,UNIT_SCADA,1,"2022/10/20 13:50:00",KAREEYA2,0
D,DISPATCH,UNIT_SCADA,1,"2022/10/20 13:50:00",KAREEYA3,5.0175
D,DISPATCH,UNIT_SCADA,1,"2022/10/20 13:50:00",KAREEYA4,0
D,DISPATCH,UNIT_SCADA,1,"2022/10/20 13:50:00",KARSF1,42.70
D,DISPATCH,UNIT_SCADA,1,"2022/10/20 13:50:00",KEPSF1,12.07
D,DISPATCH,UNIT_SCADA,1,"2022/10/20 13:50:00",KEPWF1,5.15
D,DISPATCH,UNIT_SCADA,1,"2022/10/20 13:50:00",KIAMSF1,15.323870
D,DISPATCH,UNIT_SCADA,1,"2022/10/20 13:50:00",KIATAWF1,11.30
D,DISPATCH,UNIT_SCADA,1,"2022/10/20 13:50:00",KPP_1,0
D,DISPATCH,UNIT_SCADA,1,"2022/10/20 13:50:00",KSP1,36.08
D,DISPATCH,UNIT_SCADA,1,"2022/10/20 13:50:00",LADBROK1,0.01
D,DISPATCH,UNIT_SCADA,1,"2022/10/20 13:50:00",LADBROK2,0.02
D,DISPATCH,UNIT_SCADA,1,"2022/10/20 13:50:00",LBBG1,0.15
D,DISPATCH,UNIT_SCADA,1,"2022/10/20 13:50:00",LBBL1,0
D,DISPATCH,UNIT_SCADA,1,"2022/10/20 13:50:00",LD01,285.030670
D,DISPATCH,UNIT_SCADA,1,"2022/10/20 13:50:00",LD02,0
D,DISPATCH,UNIT_SCADA,1,"2022/10/20 13:50:00",LD04,284.371460
D,DISPATCH,UNIT_SCADA,1,"2022/10/20 13:50:00",LEM_WIL,79.114720
D,DISPATCH,UNIT_SCADA,1,"2022/10/20 13:50:00",LGAPWF1,48.03
D,DISPATCH,UNIT_SCADA,1,"2022/10/20 13:50:00",LGAPWF2,41.69
D,DISPATCH,UNIT_SCADA,1,"2022/10/20 13:50:00",LILYSF1,70.778870
D,DISPATCH,UNIT_SCADA,1,"2022/10/20 13:50:00",LIMOSF11,91.479520
D,DISPATCH,UNIT_SCADA,1,"2022/10/20 13:50:00",LIMOSF21,11.516810
D,DISPATCH,UNIT_SCADA,1,"2022/10/20 13:50:00",LI_WY_CA,55.606440
D,DISPATCH,UNIT_SCADA,1,"2022/10/20 13:50:00",LKBONNY1,0
D,DISPATCH,UNIT_SCADA,1,"2022/10/20 13:50:00",LKBONNY2,18.829360
D,DISPATCH,UNIT_SCADA,1,"2022/10/20 13:50:00",LKBONNY3,0
D,DISPATCH,UNIT_SCADA,1,"2022/10/20 13:50:00",LK_ECHO,0
D,DISPATCH,UNIT_SCADA,1,"2022/10/20 13:50:00",LNGS1,0
D,DISPATCH,UNIT_SCADA,1,"2022/10/20 13:50:00",LNGS2,0
D,DISPATCH,UNIT_SCADA,1,"2022/10/20 13:50:00",LONSDALE,0
D,DISPATCH,UNIT_SCADA,1,"2022/10/20 13:50:00",LOYYB1,444.732910
D,DISPATCH,UNIT_SCADA,1,"2022/10/20 13:50:00",LOYYB2,442.101260
D,DISPATCH,UNIT_SCADA,1,"2022/10/20 13:50:00",LYA1,369
D,DISPATCH,UNIT_SCADA,1,"2022/10/20 13:50:00",LYA2,0
D,DISPATCH,UNIT_SCADA,1,"2022/10/20 13:50:00",LYA3,371
D,DISPATCH,UNIT_SCADA,1,"2022/10/20 13:50:00",LYA4,369
D,DISPATCH,UNIT_SCADA,1,"2022/10/20 13:50:00",MACARTH1,56.3987
D,DISPATCH,UNIT_SCADA,1,"2022/10/20 13:50:00",MACKNTSH,0
D,DISPATCH,UNIT_SCADA,1,"2022/10/20 13:50:00",MANSLR1,31.6180
D,DISPATCH,UNIT_SCADA,1,"2022/10/20 13:50:00",MAPS2PV1,0
D,DISPATCH,UNIT_SCADA,1,"2022/10/20 13:50:00",MAPS3PV1,0
D,DISPATCH,UNIT_SCADA,1,"2022/10/20 13:50:00",MARYRSF1,6.84
D,DISPATCH,UNIT_SCADA,1,"2022/10/20 13:50:00",MBPS2PV1,0
D,DISPATCH,UNIT_SCADA,1,"2022/10/20 13:50:00",MCKAY1,0.02
D,DISPATCH,UNIT_SCADA,1,"2022/10/20 13:50:00",MEADOWBK,6.030380
D,DISPATCH,UNIT_SCADA,1,"2022/10/20 13:50:00",MERCER01,30.10
D,DISPATCH,UNIT_SCADA,1,"2022/10/20 13:50:00",METZSF1,5.440720
D,DISPATCH,UNIT_SCADA,1,"2022/10/20 13:50:00",MEWF1,6.114050
D,DISPATCH,UNIT_SCADA,1,"2022/10/20 13:50:00",MIDDLSF1,26.02
D,DISPATCH,UNIT_SCADA,1,"2022/10/20 13:50:00",MINTARO,0.128180
D,DISPATCH,UNIT_SCADA,1,"2022/10/20 13:50:00",MOLNGSF1,23.2755
D,DISPATCH,UNIT_SCADA,1,"2022/10/20 13:50:00",MOORAWF1,60.31
D,DISPATCH,UNIT_SCADA,1,"2022/10/20 13:50:00",MOREESF1,55.6340
D,DISPATCH,UNIT_SCADA,1,"2022/10/20 13:50:00",MORTLK11,0
D,DISPATCH,UNIT_SCADA,1,"2022/10/20 13:50:00",MORTLK12,0
D,DISPATCH,UNIT_SCADA,1,"2022/10/20 13:50:00",MOUSF1,0
D,DISPATCH,UNIT_SCADA,1,"2022/10/20 13:50:00",MP1,0
D,DISPATCH,UNIT_SCADA,1,"2022/10/20 13:50:00",MP2,368.279540
D,DISPATCH,UNIT_SCADA,1,"2022/10/20 13:50:00",MPP_1,148.289890
D,DISPATCH,UNIT_SCADA,1,"2022/10/20 13:50:00",MPP_2,178.182850
D,DISPATCH,UNIT_SCADA,1,"2022/10/20 13:50:00",MRTLSWF1,0
D,DISPATCH,UNIT_SCADA,1,"2022/10/20 13:50:00",MSTUART1,0
D,DISPATCH,UNIT_SCADA,1,"2022/10/20 13:50:00",MSTUART2,0
D,DISPATCH,UNIT_SCADA,1,"2022/10/20 13:50:00",MSTUART3,0
D,DISPATCH,UNIT_SCADA,1,"2022/10/20 13:50:00",MTGELWF1,42.370370
D,DISPATCH,UNIT_SCADA,1,"2022/10/20 13:50:00",MTMILLAR,2.40
D,DISPATCH,UNIT_SCADA,1,"2022/10/20 13:50:00",MURRAY,0
D,DISPATCH,UNIT_SCADA,1,"2022/10/20 13:50:00",MUSSELR1,2.90
D,DISPATCH,UNIT_SCADA,1,"2022/10/20 13:50:00",MUWAWF1,26.36
D,DISPATCH,UNIT_SCADA,1,"2022/10/20 13:50:00",MUWAWF2,18.90
D,DISPATCH,UNIT_SCADA,1,"2022/10/20 13:50:00",MWPS1PV1,2.14
D,DISPATCH,UNIT_SCADA,1,"2022/10/20 13:50:00",MWPS2PV1,2.06
D,DISPATCH,UNIT_SCADA,1,"2022/10/20 13:50:00",MWPS3PV1,0.61
D,DISPATCH,UNIT_SCADA,1,"2022/10/20 13:50:00",MWPS4PV1,1.70
D,DISPATCH,UNIT_SCADA,1,"2022/10/20 13:50:00",NBHWF1,0
D,DISPATCH,UNIT_SCADA,1,"2022/10/20 13:50:00",NEVERSF1,63.45
D,DISPATCH,UNIT_SCADA,1,"2022/10/20 13:50:00",NPS,0
D,DISPATCH,UNIT_SCADA,1,"2022/10/20 13:50:00",NUMURSF1,89.93
D,DISPATCH,UNIT_SCADA,1,"2022/10/20 13:50:00",NYNGAN1,3.25
D,DISPATCH,UNIT_SCADA,1,"2022/10/20 13:50:00",OAKEY1,0
D,DISPATCH,UNIT_SCADA,1,"2022/10/20 13:50:00",OAKEY1SF,7.6690
D,DISPATCH,UNIT_SCADA,1,"2022/10/20 13:50:00",OAKEY2,0
D,DISPATCH,UNIT_SCADA,1,"2022/10/20 13:50:00",OAKEY2SF,12.59
D,DISPATCH,UNIT_SCADA,1,"2022/10/20 13:50:00",OAKLAND1,7.90
D,DISPATCH,UNIT_SCADA,1,"2022/10/20 13:50:00",OSB-AG,0
D,DISPATCH,UNIT_SCADA,1,"2022/10/20 13:50:00",PAREPS1,0.0660
D,DISPATCH,UNIT_SCADA,1,"2022/10/20 13:50:00",PAREPW1,70.27
D,DISPATCH,UNIT_SCADA,1,"2022/10/20 13:50:00",PARSF1,12.3003
D,DISPATCH,UNIT_SCADA,1,"2022/10/20 13:50:00",POAT110,0
D,DISPATCH,UNIT_SCADA,1,"2022/10/20 13:50:00",POAT220,0
D,DISPATCH,UNIT_SCADA,1,"2022/10/20 13:50:00",POR01,0.008670
D,DISPATCH,UNIT_SCADA,1,"2022/10/20 13:50:00",POR03,0
D,DISPATCH,UNIT_SCADA,1,"2022/10/20 13:50:00",PPCCGT,0
D,DISPATCH,UNIT_SCADA,1,"2022/10/20 13:50:00",PTSTAN1,0
D,DISPATCH,UNIT_SCADA,1,"2022/10/20 13:50:00",PUMP1,0
D,DISPATCH,UNIT_SCADA,1,"2022/10/20 13:50:00",PUMP2,0
D,DISPATCH,UNIT_SCADA,1,"2022/10/20 13:50:00",QBYNBG1,0
D,DISPATCH,UNIT_SCADA,1,"2022/10/20 13:50:00",QBYNBL1,1.498480
D,DISPATCH,UNIT_SCADA,1,"2022/10/20 13:50:00",QPS1,0
D,DISPATCH,UNIT_SCADA,1,"2022/10/20 13:50:00",QPS2,0
D,DISPATCH,UNIT_SCADA,1,"2022/10/20 13:50:00",QPS3,0
D,DISPATCH,UNIT_SCADA,1,"2022/10/20 13:50:00",QPS4,0
D,DISPATCH,UNIT_SCADA,1,"2022/10/20 13:50:00",QPS5,75.78
D,DISPATCH,UNIT_SCADA,1,"2022/10/20 13:50:00",REECE1,0
D,DISPATCH,UNIT_SCADA,1,"2022/10/20 13:50:00",REECE2,0
D,DISPATCH,UNIT_SCADA,1,"2022/10/20 13:50:00",ROMA_7,0
D,DISPATCH,UNIT_SCADA,1,"2022/10/20 13:50:00",ROMA_8,0
D,DISPATCH,UNIT_SCADA,1,"2022/10/20 13:50:00",RRSF1,115.784610
D,DISPATCH,UNIT_SCADA,1,"2022/10/20 13:50:00",RT_NSW1,0
D,DISPATCH,UNIT_SCADA,1,"2022/10/20 13:50:00",RT_NSW2,0
D,DISPATCH,UNIT_SCADA,1,"2022/10/20 13:50:00",RT_NSW3,0
D,DISPATCH,UNIT_SCADA,1,"2022/10/20 13:50:00",RT_NSW4,0
D,DISPATCH,UNIT_SCADA,1,"2022/10/20 13:50:00",RT_NSW5,0
D,DISPATCH,UNIT_SCADA,1,"2022/10/20 13:50:00",RT_NSW6,0
D,DISPATCH,UNIT_SCADA,1,"2022/10/20 13:50:00",RT_QLD1,0
D,DISPATCH,UNIT_SCADA,1,"2022/10/20 13:50:00",RT_SA1,0
D,DISPATCH,UNIT_SCADA,1,"2022/10/20 13:50:00",RT_SA2,0
D,DISPATCH,UNIT_SCADA,1,"2022/10/20 13:50:00",RT_SA3,0
D,DISPATCH,UNIT_SCADA,1,"2022/10/20 13:50:00",RT_SA4,0
D,DISPATCH,UNIT_SCADA,1,"2022/10/20 13:50:00",RT_SA5,0
D,DISPATCH,UNIT_SCADA,1,"2022/10/20 13:50:00",RT_SA6,0
D,DISPATCH,UNIT_SCADA,1,"2022/10/20 13:50:00",RT_TAS1,0
D,DISPATCH,UNIT_SCADA,1,"2022/10/20 13:50:00",RT_VIC1,0
D,DISPATCH,UNIT_SCADA,1,"2022/10/20 13:50:00",RT_VIC10,0
D,DISPATCH,UNIT_SCADA,1,"2022/10/20 13:50:00",RT_VIC11,0
D,DISPATCH,UNIT_SCADA,1,"2022/10/20 13:50:00",RT_VIC12,0
D,DISPATCH,UNIT_SCADA,1,"2022/10/20 13:50:00",RT_VIC2,0
D,DISPATCH,UNIT_SCADA,1,"2022/10/20 13:50:00",RT_VIC3,0
D,DISPATCH,UNIT_SCADA,1,"2022/10/20 13:50:00",RT_VIC4,0
D,DISPATCH,UNIT_SCADA,1,"2022/10/20 13:50:00",RT_VIC5,0
D,DISPATCH,UNIT_SCADA,1,"2022/10/20 13:50:00",RT_VIC6,0
D,DISPATCH,UNIT_SCADA,1,"2022/10/20 13:50:00",RT_VIC7,0
D,DISPATCH,UNIT_SCADA,1,"2022/10/20 13:50:00",RT_VIC8,0
D,DISPATCH,UNIT_SCADA,1,"2022/10/20 13:50:00",RT_VIC9,0
D,DISPATCH,UNIT_SCADA,1,"2022/10/20 13:50:00",RUGBYR1,6.238980
D,DISPATCH,UNIT_SCADA,1,"2022/10/20 13:50:00",SALTCRK1,13.61
D,DISPATCH,UNIT_SCADA,1,"2022/10/20 13:50:00",SAPHWF1,0
D,DISPATCH,UNIT_SCADA,1,"2022/10/20 13:50:00",SEBSF1,18.185210
D,DISPATCH,UNIT_SCADA,1,"2022/10/20 13:50:00",SHGEN,0
D,DISPATCH,UNIT_SCADA,1,"2022/10/20 13:50:00",SHPUMP,0
D,DISPATCH,UNIT_SCADA,1,"2022/10/20 13:50:00",SITHE01,0.123710
D,DISPATCH,UNIT_SCADA,1,"2022/10/20 13:50:00",SMCSF1,45.8230
D,DISPATCH,UNIT_SCADA,1,"2022/10/20 13:50:00",SNAPPER1,0
D,DISPATCH,UNIT_SCADA,1,"2022/10/20 13:50:00",SNOWNTH1,37.10
D,DISPATCH,UNIT_SCADA,1,"2022/10/20 13:50:00",SNOWSTH1,31.10
D,DISPATCH,UNIT_SCADA,1,"2022/10/20 13:50:00",SNOWTWN1,26.912820
D,DISPATCH,UNIT_SCADA,1,"2022/10/20 13:50:00",SNOWYP,0
D,DISPATCH,UNIT_SCADA,1,"2022/10/20 13:50:00",SNUG1,0
D,DISPATCH,UNIT_SCADA,1,"2022/10/20 13:50:00",SRSF1,13.87
D,DISPATCH,UNIT_SCADA,1,"2022/10/20 13:50:00",STAN-1,308.229640
D,DISPATCH,UNIT_SCADA,1,"2022/10/20 13:50:00",STAN-2,351.758880
D,DISPATCH,UNIT_SCADA,1,"2022/10/20 13:50:00",STAN-3,157.966570
D,DISPATCH,UNIT_SCADA,1,"2022/10/20 13:50:00",STAN-4,350.733460
D,DISPATCH,UNIT_SCADA,1,"2022/10/20 13:50:00",STARHLWF,13.995920
D,DISPATCH,UNIT_SCADA,1,"2022/10/20 13:50:00",STOCKYD1,108.22
D,DISPATCH,UNIT_SCADA,1,"2022/10/20 13:50:00",STWF1,0
D,DISPATCH,UNIT_SCADA,1,"2022/10/20 13:50:00",SUNRSF1,65.841160
D,DISPATCH,UNIT_SCADA,1,"2022/10/20 13:50:00",SUNTPSF1,3.482110
D,DISPATCH,UNIT_SCADA,1,"2022/10/20 13:50:00",SWAN_E,190.421250
D,DISPATCH,UNIT_SCADA,1,"2022/10/20 13:50:00",TALWA1,0
D,DISPATCH,UNIT_SCADA,1,"2022/10/20 13:50:00",TARALGA1,0
D,DISPATCH,UNIT_SCADA,1,"2022/10/20 13:50:00",TARONG#1,348.600010
D,DISPATCH,UNIT_SCADA,1,"2022/10/20 13:50:00",TARONG#2,348.100010
D,DISPATCH,UNIT_SCADA,1,"2022/10/20 13:50:00",TARONG#3,0.90
D,DISPATCH,UNIT_SCADA,1,"2022/10/20 13:50:00",TARONG#4,287.899990
D,DISPATCH,UNIT_SCADA,1,"2022/10/20 13:50:00",TARRALEA,54
D,DISPATCH,UNIT_SCADA,1,"2022/10/20 13:50:00",TBSF1,0.10
D,DISPATCH,UNIT_SCADA,1,"2022/10/20 13:50:00",TNPS1,322.749970
D,DISPATCH,UNIT_SCADA,1,"2022/10/20 13:50:00",TORRB1,0
D,DISPATCH,UNIT_SCADA,1,"2022/10/20 13:50:00",TORRB2,43
D,DISPATCH,UNIT_SCADA,1,"2022/10/20 13:50:00",TORRB3,0
D,DISPATCH,UNIT_SCADA,1,"2022/10/20 13:50:00",TORRB4,0
D,DISPATCH,UNIT_SCADA,1,"2022/10/20 13:50:00",TREVALLN,100.103170
D,DISPATCH,UNIT_SCADA,1,"2022/10/20 13:50:00",TRIBUTE,0
D,DISPATCH,UNIT_SCADA,1,"2022/10/20 13:50:00",TUMUT3,96.81
D,DISPATCH,UNIT_SCADA,1,"2022/10/20 13:50:00",TUNGATIN,5.240020
D,DISPATCH,UNIT_SCADA,1,"2022/10/20 13:50:00",TVCC201,0
D,DISPATCH,UNIT_SCADA,1,"2022/10/20 13:50:00",TVPP104,0
D,DISPATCH,UNIT_SCADA,1,"2022/10/20 13:50:00",UPPTUMUT,0
D,DISPATCH,UNIT_SCADA,1,"2022/10/20 13:50:00",URANQ11,0
D,DISPATCH,UNIT_SCADA,1,"2022/10/20 13:50:00",URANQ12,0
D,DISPATCH,UNIT_SCADA,1,"2022/10/20 13:50:00",URANQ13,0
D,DISPATCH,UNIT_SCADA,1,"2022/10/20 13:50:00",URANQ14,0
D,DISPATCH,UNIT_SCADA,1,"2022/10/20 13:50:00",VBBG1,0
D,DISPATCH,UNIT_SCADA,1,"2022/10/20 13:50:00",VBBL1,27.90
D,DISPATCH,UNIT_SCADA,1,"2022/10/20 13:50:00",VP5,522.818660
D,DISPATCH,UNIT_SCADA,1,"2022/10/20 13:50:00",VP6,524.210330
D,DISPATCH,UNIT_SCADA,1,"2022/10/20 13:50:00",VPGS1,0
D,DISPATCH,UNIT_SCADA,1,"2022/10/20 13:50:00",VPGS2,0
D,DISPATCH,UNIT_SCADA,1,"2022/10/20 13:50:00",VPGS3,0
D,DISPATCH,UNIT_SCADA,1,"2022/10/20 13:50:00",VPGS4,0
D,DISPATCH,UNIT_SCADA,1,"2022/10/20 13:50:00",VPGS5,0
D,DISPATCH,UNIT_SCADA,1,"2022/10/20 13:50:00",VPGS6,0
D,DISPATCH,UNIT_SCADA,1,"2022/10/20 13:50:00",W/HOE#1,0
D,DISPATCH,UNIT_SCADA,1,"2022/10/20 13:50:00",W/HOE#2,0
D,DISPATCH,UNIT_SCADA,1,"2022/10/20 13:50:00",WAGGNSF1,0
D,DISPATCH,UNIT_SCADA,1,"2022/10/20 13:50:00",WALGRVG1,0.041890
D,DISPATCH,UNIT_SCADA,1,"2022/10/20 13:50:00",WALGRVL1,0
D,DISPATCH,UNIT_SCADA,1,"2022/10/20 13:50:00",WANDBG1,0.467730
D,DISPATCH,UNIT_SCADA,1,"2022/10/20 13:50:00",WANDBL1,0
D,DISPATCH,UNIT_SCADA,1,"2022/10/20 13:50:00",WARWSF1,15.94
D,DISPATCH,UNIT_SCADA,1,"2022/10/20 13:50:00",WARWSF2,15.92
D,DISPATCH,UNIT_SCADA,1,"2022/10/20 13:50:00",WATERLWF,12.10
D,DISPATCH,UNIT_SCADA,1,"2022/10/20 13:50:00",WDGPH1,81.9790
D,DISPATCH,UNIT_SCADA,1,"2022/10/20 13:50:00",WELLSF1,8.682380
D,DISPATCH,UNIT_SCADA,1,"2022/10/20 13:50:00",WEMENSF1,57.90
D,DISPATCH,UNIT_SCADA,1,"2022/10/20 13:50:00",WGWF1,5
D,DISPATCH,UNIT_SCADA,1,"2022/10/20 13:50:00",WHITSF1,19.30
D,DISPATCH,UNIT_SCADA,1,"2022/10/20 13:50:00",WINTSF1,74.81
D,DISPATCH,UNIT_SCADA,1,"2022/10/20 13:50:00",WKIEWA1,32.30
D,DISPATCH,UNIT_SCADA,1,"2022/10/20 13:50:00",WKIEWA2,14.10
D,DISPATCH,UNIT_SCADA,1,"2022/10/20 13:50:00",WOODLWN1,14.779030
D,DISPATCH,UNIT_SCADA,1,"2022/10/20 13:50:00",WOOLGSF1,10.676220
D,DISPATCH,UNIT_SCADA,1,"2022/10/20 13:50:00",WPWF,29.40
D,DISPATCH,UNIT_SCADA,1,"2022/10/20 13:50:00",WRSF1,8.409680
D,DISPATCH,UNIT_SCADA,1,"2022/10/20 13:50:00",WRWF1,0
D,DISPATCH,UNIT_SCADA,1,"2022/10/20 13:50:00",WSTWYSF1,0.9824
D,DISPATCH,UNIT_SCADA,1,"2022/10/20 13:50:00",YABULU,0
D,DISPATCH,UNIT_SCADA,1,"2022/10/20 13:50:00",YABULU2,0
D,DISPATCH,UNIT_SCADA,1,"2022/10/20 13:50:00",YARANSF1,24.10
D,DISPATCH,UNIT_SCADA,1,"2022/10/20 13:50:00",YARWUN_1,159.599990
D,DISPATCH,UNIT_SCADA,1,"2022/10/20 13:50:00",YATSF1,18.71
D,DISPATCH,UNIT_SCADA,1,"2022/10/20 13:50:00",YENDWF1,44.12
D,DISPATCH,UNIT_SCADA,1,"2022/10/20 13:50:00",YWPS1,269.6709
D,DISPATCH,UNIT_SCADA,1,"2022/10/20 13:50:00",YWPS2,269.921510
D,DISPATCH,UNIT_SCADA,1,"2022/10/20 13:50:00",YWPS3,281.197480
D,DISPATCH,UNIT_SCADA,1,"2022/10/20 13:50:00",YWPS4,0
C,"END OF REPORT",419
