C,NEMP.WORLD,DISPATCHSCADA,AEMO,PUBLIC,2022/10/20,08:10:12,0000000373239734,DISPATCHSCADA,0000000373239728
I,DISPATCH,UNIT_SCADA,1,SETTLEMENTDATE,DUID,SCADAVALUE
D,DISPATCH,UNIT_SCADA,1,"2022/10/20 08:15:00",BARCSF1,8.10
D,DISPATCH,UNIT_SCADA,1,"2022/10/20 08:15:00",BUTLERSG,8.699999
D,DISPATCH,UNIT_SCADA,1,"2022/10/20 08:15:00",CAPTL_WF,72.352661
D,DISPATCH,UNIT_SCADA,1,"2022/10/20 08:15:00",CHALLHWF,10.50
D,DISPATCH,UNIT_SCADA,1,"2022/10/20 08:15:00",CLOVER,13.37
D,DISPATCH,UNIT_SCADA,1,"2022/10/20 08:15:00",CLUNY,6.210575
D,DISPATCH,UNIT_SCADA,1,"2022/10/20 08:15:00",CULLRGWF,-0.05
D,DISPATCH,UNIT_SCADA,1,"2022/10/20 08:15:00",DIAPURWF1,7.30
D,DISPATCH,UNIT_SCADA,1,"2022/10/20 08:15:00",ERGT01,0
D,DISPATCH,UNIT_SCADA,1,"2022/10/20 08:15:00",GB01,0
D,DISPATCH,UNIT_SCADA,1,"2022/10/20 08:15:00",GERMCRK,19
D,DISPATCH,UNIT_SCADA,1,"2022/10/20 08:15:00",GRIFSF1,1.799039
D,DISPATCH,UNIT_SCADA,1,"2022/10/20 08:15:00",HEZ1,0
D,DISPATCH,UNIT_SCADA,1,"2022/10/20 08:15:00",HUGSF1,9.186001
D,DISPATCH,UNIT_SCADA,1,"2022/10/20 08:15:00",KEPBG1,0.01
D,DISPATCH,UNIT_SCADA,1,"2022/10/20 08:15:00",LRSF1,5.3680
D,DISPATCH,UNIT_SCADA,1,"2022/10/20 08:15:00",MBAHNTH,45.262497
D,DISPATCH,UNIT_SCADA,1,"2022/10/20 08:15:00",MLSP1,7.159001
D,DISPATCH,UNIT_SCADA,1,"2022/10/20 08:15:00",MLWF1,6.9150
D,DISPATCH,UNIT_SCADA,1,"2022/10/20 08:15:00",PALOONA,30.039999
D,DISPATCH,UNIT_SCADA,1,"2022/10/20 08:15:00",PIONEER,40.100002
D,DISPATCH,UNIT_SCADA,1,"2022/10/20 08:15:00",PORTWF,52.799999
D,DISPATCH,UNIT_SCADA,1,"2022/10/20 08:15:00",REPULSE,9.416038
D,DISPATCH,UNIT_SCADA,1,"2022/10/20 08:15:00",ROWALLAN,8.7756
D,DISPATCH,UNIT_SCADA,1,"2022/10/20 08:15:00",ROYALLA1,11.740004
D,DISPATCH,UNIT_SCADA,1,"2022/10/20 08:15:00",RPCG,-1.80
D,DISPATCH,UNIT_SCADA,1,"2022/10/20 08:15:00",RUBICON,0
D,DISPATCH,UNIT_SCADA,1,"2022/10/20 08:15:00",WAUBRAWF,28.646999
D,DISPATCH,UNIT_SCADA,1,"2022/10/20 08:15:00",WOOLNTH1,5.62
D,DISPATCH,UNIT_SCADA,1,"2022/10/20 08:15:00",YAMBUKWF,5.10
D,DISPATCH,UNIT_SCADA,1,"2022/10/20 08:15:00",YSWF1,0.30
D,DISPATCH,UNIT_SCADA,1,"2022/10/20 08:15:00",ADPBA1G,0.0080
D,DISPATCH,UNIT_SCADA,1,"2022/10/20 08:15:00",ADPBA1L,0
D,DISPATCH,UNIT_SCADA,1,"2022/10/20 08:15:00",ADPPV1,0.0660
D,DISPATCH,UNIT_SCADA,1,"2022/10/20 08:15:00",AGLHAL,0
D,DISPATCH,UNIT_SCADA,1,"2022/10/20 08:15:00",AGLSOM,0
D,DISPATCH,UNIT_SCADA,1,"2022/10/20 08:15:00",ANGAST1,0
D,DISPATCH,UNIT_SCADA,1,"2022/10/20 08:15:00",ARWF1,14.30
D,DISPATCH,UNIT_SCADA,1,"2022/10/20 08:15:00",BALBG1,0
D,DISPATCH,UNIT_SCADA,1,"2022/10/20 08:15:00",BALBL1,0
D,DISPATCH,UNIT_SCADA,1,"2022/10/20 08:15:00",BALDHWF1,1.1610
D,DISPATCH,UNIT_SCADA,1,"2022/10/20 08:15:00",BANGOWF1,25.2958
D,DISPATCH,UNIT_SCADA,1,"2022/10/20 08:15:00",BANGOWF2,30.699090
D,DISPATCH,UNIT_SCADA,1,"2022/10/20 08:15:00",BANN1,9.19
D,DISPATCH,UNIT_SCADA,1,"2022/10/20 08:15:00",BARCALDN,0
D,DISPATCH,UNIT_SCADA,1,"2022/10/20 08:15:00",BARKIPS1,0
D,DISPATCH,UNIT_SCADA,1,"2022/10/20 08:15:00",BARRON-1,28.04
D,DISPATCH,UNIT_SCADA,1,"2022/10/20 08:15:00",BARRON-2,0
D,DISPATCH,UNIT_SCADA,1,"2022/10/20 08:15:00",BASTYAN,51.93
D,DISPATCH,UNIT_SCADA,1,"2022/10/20 08:15:00",BBTHREE1,0
D,DISPATCH,UNIT_SCADA,1,"2022/10/20 08:15:00",BBTHREE2,0
D,DISPATCH,UNIT_SCADA,1,"2022/10/20 08:15:00",BBTHREE3,-1.05
D,DISPATCH,UNIT_SCADA,1,"2022/10/20 08:15:00",BDL01,0
D,DISPATCH,UNIT_SCADA,1,"2022/10/20 08:15:00",BDL02,0
D,DISPATCH,UNIT_SCADA,1,"2022/10/20 08:15:00",BERYLSF1,2.860840
D,DISPATCH,UNIT_SCADA,1,"2022/10/20 08:15:00",BLOWERNG,62.50
D,DISPATCH,UNIT_SCADA,1,"2022/10/20 08:15:00",BLUEGSF1,46.637050
D,DISPATCH,UNIT_SCADA,1,"2022/10/20 08:15:00",BLUFF1,36.70
D,DISPATCH,UNIT_SCADA,1,"2022/10/20 08:15:00",BNGSF1,72.20
D,DISPATCH,UNIT_SCADA,1,"2022/10/20 08:15:00",BNGSF2,48.65
D,DISPATCH,UNIT_SCADA,1,"2022/10/20 08:15:00",BOCORWF1,0
D,DISPATCH,UNIT_SCADA,1,"2022/10/20 08:15:00",BODWF1,101.670390
D,DISPATCH,UNIT_SCADA,1,"2022/10/20 08:15:00",BOMENSF1,24.849620
D,DISPATCH,UNIT_SCADA,1,"2022/10/20 08:15:00",BOWWBA1G,0
D,DISPATCH,UNIT_SCADA,1,"2022/10/20 08:15:00",BOWWBA1L,0
D,DISPATCH,UNIT_SCADA,1,"2022/10/20 08:15:00",BOWWPV1,0.0010
D,DISPATCH,UNIT_SCADA,1,"2022/10/20 08:15:00",BRAEMAR1,0
D,DISPATCH,UNIT_SCADA,1,"2022/10/20 08:15:00",BRAEMAR2,0
D,DISPATCH,UNIT_SCADA,1,"2022/10/20 08:15:00",BRAEMAR3,0
D,DISPATCH,UNIT_SCADA,1,"2022/10/20 08:15:00",BRAEMAR5,0.292060
D,DISPATCH,UNIT_SCADA,1,"2022/10/20 08:15:00",BRAEMAR6,0
D,DISPATCH,UNIT_SCADA,1,"2022/10/20 08:15:00",BRAEMAR7,0.130920
D,DISPATCH,UNIT_SCADA,1,"2022/10/20 08:15:00",BROKENH1,5.099920
D,DISPATCH,UNIT_SCADA,1,"2022/10/20 08:15:00",BRYB1WF1,120.0061
D,DISPATCH,UNIT_SCADA,1,"2022/10/20 08:15:00",BULBESG1,1.49
D,DISPATCH,UNIT_SCADA,1,"2022/10/20 08:15:00",BULBESL1,0
D,DISPATCH,UNIT_SCADA,1,"2022/10/20 08:15:00",BULGANA1,17.21
D,DISPATCH,UNIT_SCADA,1,"2022/10/20 08:15:00",BW01,658.957820
D,DISPATCH,UNIT_SCADA,1,"2022/10/20 08:15:00",BW02,619.748230
D,DISPATCH,UNIT_SCADA,1,"2022/10/20 08:15:00",BW03,558.321530
D,DISPATCH,UNIT_SCADA,1,"2022/10/20 08:15:00",BW04,0
D,DISPATCH,UNIT_SCADA,1,"2022/10/20 08:15:00",CALL_B_1,323.100010
D,DISPATCH,UNIT_SCADA,1,"2022/10/20 08:15:00",CALL_B_2,322.200010
D,DISPATCH,UNIT_SCADA,1,"2022/10/20 08:15:00",CATHROCK,0
D,DISPATCH,UNIT_SCADA,1,"2022/10/20 08:15:00",CBWWBA1G,0
D,DISPATCH,UNIT_SCADA,1,"2022/10/20 08:15:00",CBWWBA1L,0
D,DISPATCH,UNIT_SCADA,1,"2022/10/20 08:15:00",CETHANA,97.7055
D,DISPATCH,UNIT_SCADA,1,"2022/10/20 08:15:00",CG1,0
D,DISPATCH,UNIT_SCADA,1,"2022/10/20 08:15:00",CG2,0
D,DISPATCH,UNIT_SCADA,1,"2022/10/20 08:15:00",CG3,0
D,DISPATCH,UNIT_SCADA,1,"2022/10/20 08:15:00",CG4,0
D,DISPATCH,UNIT_SCADA,1,"2022/10/20 08:15:00",CHILDSF1,9.05
D,DISPATCH,UNIT_SCADA,1,"2022/10/20 08:15:00",CHYTWF1,0.53
D,DISPATCH,UNIT_SCADA,1,"2022/10/20 08:15:00",CLARESF1,91.0336
D,DISPATCH,UNIT_SCADA,1,"2022/10/20 08:15:00",CLEMGPWF,6.339080
D,DISPATCH,UNIT_SCADA,1,"2022/10/20 08:15:00",CLERMSF1,31.03
D,DISPATCH,UNIT_SCADA,1,"2022/10/20 08:15:00",CNUNDAWF,19.723010
D,DISPATCH,UNIT_SCADA,1,"2022/10/20 08:15:00",COHUNSF1,2.71
D,DISPATCH,UNIT_SCADA,1,"2022/10/20 08:15:00",COLEASF1,39.699020
D,DISPATCH,UNIT_SCADA,1,"2022/10/20 08:15:00",COLUMSF1,11.4930
D,DISPATCH,UNIT_SCADA,1,"2022/10/20 08:15:00",COLWF01,137.395290
D,DISPATCH,UNIT_SCADA,1,"2022/10/20 08:15:00",COOPGWF1,342.570010
D,DISPATCH,UNIT_SCADA,1,"2022/10/20 08:15:00",CPP_3,364.925020
D,DISPATCH,UNIT_SCADA,1,"2022/10/20 08:15:00",CPP_4,0
D,DISPATCH,UNIT_SCADA,1,"2022/10/20 08:15:00",CPSA,0
D,DISPATCH,UNIT_SCADA,1,"2022/10/20 08:15:00",CROOKWF2,45.202710
D,DISPATCH,UNIT_SCADA,1,"2022/10/20 08:15:00",CROWLWF1,28.736510
D,DISPATCH,UNIT_SCADA,1,"2022/10/20 08:15:00",CRURWF1,63.498210
D,DISPATCH,UNIT_SCADA,1,"2022/10/20 08:15:00",CRWASF1,25.6041
D,DISPATCH,UNIT_SCADA,1,"2022/10/20 08:15:00",CSPVPS1,33.9710
D,DISPATCH,UNIT_SCADA,1,"2022/10/20 08:15:00",CTHLWF1,0.003050
D,DISPATCH,UNIT_SCADA,1,"2022/10/20 08:15:00",DALNTH01,0
D,DISPATCH,UNIT_SCADA,1,"2022/10/20 08:15:00",DALNTHL1,0.053410
D,DISPATCH,UNIT_SCADA,1,"2022/10/20 08:15:00",DARLSF1,115.127670
D,DISPATCH,UNIT_SCADA,1,"2022/10/20 08:15:00",DARTM1,0
D,DISPATCH,UNIT_SCADA,1,"2022/10/20 08:15:00",DAYDSF1,66.4140
D,DISPATCH,UNIT_SCADA,1,"2022/10/20 08:15:00",DDPS1,0
D,DISPATCH,UNIT_SCADA,1,"2022/10/20 08:15:00",DDSF1,7.962620
D,DISPATCH,UNIT_SCADA,1,"2022/10/20 08:15:00",DEVILS_G,59.015470
D,DISPATCH,UNIT_SCADA,1,"2022/10/20 08:15:00",DG_NSW1,0
D,DISPATCH,UNIT_SCADA,1,"2022/10/20 08:15:00",DG_QLD1,0
D,DISPATCH,UNIT_SCADA,1,"2022/10/20 08:15:00",DG_SA1,0
D,DISPATCH,UNIT_SCADA,1,"2022/10/20 08:15:00",DG_TAS1,0
D,DISPATCH,UNIT_SCADA,1,"2022/10/20 08:15:00",DG_VIC1,0
D,DISPATCH,UNIT_SCADA,1,"2022/10/20 08:15:00",DRYCGT1,0
D,DISPATCH,UNIT_SCADA,1,"2022/10/20 08:15:00",DRYCGT2,0
D,DISPATCH,UNIT_SCADA,1,"2022/10/20 08:15:00",DRYCGT3,0
D,DISPATCH,UNIT_SCADA,1,"2022/10/20 08:15:00",DUNDWF1,84.50
D,DISPATCH,UNIT_SCADA,1,"2022/10/20 08:15:00",DUNDWF2,24.69
D,DISPATCH,UNIT_SCADA,1,"2022/10/20 08:15:00",DUNDWF3,68.80
D,DISPATCH,UNIT_SCADA,1,"2022/10/20 08:15:00",EILDON1,60.08
D,DISPATCH,UNIT_SCADA,1,"2022/10/20 08:15:00",EILDON2,59.92
D,DISPATCH,UNIT_SCADA,1,"2022/10/20 08:15:00",ELAINWF1,11.71
D,DISPATCH,UNIT_SCADA,1,"2022/10/20 08:15:00",EMERASF1,0
D,DISPATCH,UNIT_SCADA,1,"2022/10/20 08:15:00",ER01,0
D,DISPATCH,UNIT_SCADA,1,"2022/10/20 08:15:00",ER02,580.880430
D,DISPATCH,UNIT_SCADA,1,"2022/10/20 08:15:00",ER03,580.953670
D,DISPATCH,UNIT_SCADA,1,"2022/10/20 08:15:00",ER04,586.373720
D,DISPATCH,UNIT_SCADA,1,"2022/10/20 08:15:00",FINLYSF1,124.791340
D,DISPATCH,UNIT_SCADA,1,"2022/10/20 08:15:00",FISHER,43.92
D,DISPATCH,UNIT_SCADA,1,"2022/10/20 08:15:00",GANGARR1,9.5750
D,DISPATCH,UNIT_SCADA,1,"2022/10/20 08:15:00",GANNBG1,0.195520
D,DISPATCH,UNIT_SCADA,1,"2022/10/20 08:15:00",GANNBL1,0
D,DISPATCH,UNIT_SCADA,1,"2022/10/20 08:15:00",GANNSF1,50
D,DISPATCH,UNIT_SCADA,1,"2022/10/20 08:15:00",GLRWNSF1,110.02
D,DISPATCH,UNIT_SCADA,1,"2022/10/20 08:15:00",GNNDHSF1,54.415890
D,DISPATCH,UNIT_SCADA,1,"2022/10/20 08:15:00",GOONSF1,35.834290
D,DISPATCH,UNIT_SCADA,1,"2022/10/20 08:15:00",GORDON,241.5896
D,DISPATCH,UNIT_SCADA,1,"2022/10/20 08:15:00",GRANWF1,3.15
D,DISPATCH,UNIT_SCADA,1,"2022/10/20 08:15:00",GSTONE1,189.70
D,DISPATCH,UNIT_SCADA,1,"2022/10/20 08:15:00",GSTONE2,0
D,DISPATCH,UNIT_SCADA,1,"2022/10/20 08:15:00",GSTONE3,188.474990
D,DISPATCH,UNIT_SCADA,1,"2022/10/20 08:15:00",GSTONE4,0
D,DISPATCH,UNIT_SCADA,1,"2022/10/20 08:15:00",GSTONE5,187.95
D,DISPATCH,UNIT_SCADA,1,"2022/10/20 08:15:00",GSTONE6,187.95
D,DISPATCH,UNIT_SCADA,1,"2022/10/20 08:15:00",GULLRSF1,1.224980
D,DISPATCH,UNIT_SCADA,1,"2022/10/20 08:15:00",GULLRWF1,70.263930
D,DISPATCH,UNIT_SCADA,1,"2022/10/20 08:15:00",GULLRWF2,92.029720
D,DISPATCH,UNIT_SCADA,1,"2022/10/20 08:15:00",GUNNING1,0
D,DISPATCH,UNIT_SCADA,1,"2022/10/20 08:15:00",GUTHEGA,68
D,DISPATCH,UNIT_SCADA,1,"2022/10/20 08:15:00",HALLWF1,51.36
D,DISPATCH,UNIT_SCADA,1,"2022/10/20 08:15:00",HALLWF2,48.33
D,DISPATCH,UNIT_SCADA,1,"2022/10/20 08:15:00",HAMISF1,38.50
D,DISPATCH,UNIT_SCADA,1,"2022/10/20 08:15:00",HAUGHT11,6.3040
D,DISPATCH,UNIT_SCADA,1,"2022/10/20 08:15:00",HAYMSF1,34.3250
D,DISPATCH,UNIT_SCADA,1,"2022/10/20 08:15:00",HDWF1,77.10
D,DISPATCH,UNIT_SCADA,1,"2022/10/20 08:15:00",HDWF2,32.50
D,DISPATCH,UNIT_SCADA,1,"2022/10/20 08:15:00",HDWF3,64.20
D,DISPATCH,UNIT_SCADA,1,"2022/10/20 08:15:00",HILLSTN1,20.154370
D,DISPATCH,UNIT_SCADA,1,"2022/10/20 08:15:00",HPRG1,3.30
D,DISPATCH,UNIT_SCADA,1,"2022/10/20 08:15:00",HPRL1,0
D,DISPATCH,UNIT_SCADA,1,"2022/10/20 08:15:00",HUMENSW,54.638260
D,DISPATCH,UNIT_SCADA,1,"2022/10/20 08:15:00",HUMEV,0
D,DISPATCH,UNIT_SCADA,1,"2022/10/20 08:15:00",HVWWBA1G,0
D,DISPATCH,UNIT_SCADA,1,"2022/10/20 08:15:00",HVWWBA1L,0.0070
D,DISPATCH,UNIT_SCADA,1,"2022/10/20 08:15:00",HVWWPV1,0.1220
D,DISPATCH,UNIT_SCADA,1,"2022/10/20 08:15:00",JBUTTERS,0
D,DISPATCH,UNIT_SCADA,1,"2022/10/20 08:15:00",JEMALNG1,6.37
D,DISPATCH,UNIT_SCADA,1,"2022/10/20 08:15:00",JLA01,0
D,DISPATCH,UNIT_SCADA,1,"2022/10/20 08:15:00",JLA02,0
D,DISPATCH,UNIT_SCADA,1,"2022/10/20 08:15:00",JLA03,0
D,DISPATCH,UNIT_SCADA,1,"2022/10/20 08:15:00",JLA04,0
D,DISPATCH,UNIT_SCADA,1,"2022/10/20 08:15:00",JLB01,0
D,DISPATCH,UNIT_SCADA,1,"2022/10/20 08:15:00",JLB02,0.10
D,DISPATCH,UNIT_SCADA,1,"2022/10/20 08:15:00",JLB03,0
D,DISPATCH,UNIT_SCADA,1,"2022/10/20 08:15:00",JUNEESF1,2.796420
D,DISPATCH,UNIT_SCADA,1,"2022/10/20 08:15:00",KABANWF1,0
D,DISPATCH,UNIT_SCADA,1,"2022/10/20 08:15:00",KAREEYA1,0
D,DISPATCH,UNIT_SCADA,1,"2022/10/20 08:15:00",KAREEYA2,0
D,DISPATCH,UNIT_SCADA,1,"2022/10/20 08:15:00",KAREEYA3,5.0150
D,DISPATCH,UNIT_SCADA,1,"2022/10/20 08:15:00",KAREEYA4,0
D,DISPATCH,UNIT_SCADA,1,"2022/10/20 08:15:00",KARSF1,11.80
D,DISPATCH,UNIT_SCADA,1,"2022/10/20 08:15:00",KEPSF1,2.22
D,DISPATCH,UNIT_SCADA,1,"2022/10/20 08:15:00",KEPWF1,0
D,DISPATCH,UNIT_SCADA,1,"2022/10/20 08:15:00",KIAMSF1,6.214240
D,DISPATCH,UNIT_SCADA,1,"2022/10/20 08:15:00",KIATAWF1,21.50
D,DISPATCH,UNIT_SCADA,1,"2022/10/20 08:15:00",KPP_1,0
D,DISPATCH,UNIT_SCADA,1,"2022/10/20 08:15:00",KSP1,41.20
D,DISPATCH,UNIT_SCADA,1,"2022/10/20 08:15:00",LADBROK1,0.02
D,DISPATCH,UNIT_SCADA,1,"2022/10/20 08:15:00",LADBROK2,38.50
D,DISPATCH,UNIT_SCADA,1,"2022/10/20 08:15:00",LBBG1,0
D,DISPATCH,UNIT_SCADA,1,"2022/10/20 08:15:00",LBBL1,10.95
D,DISPATCH,UNIT_SCADA,1,"2022/10/20 08:15:00",LD01,322.898040
D,DISPATCH,UNIT_SCADA,1,"2022/10/20 08:15:00",LD02,0
D,DISPATCH,UNIT_SCADA,1,"2022/10/20 08:15:00",LD04,324.015010
D,DISPATCH,UNIT_SCADA,1,"2022/10/20 08:15:00",LEM_WIL,86.916020
D,DISPATCH,UNIT_SCADA,1,"2022/10/20 08:15:00",LGAPWF1,20.15
D,DISPATCH,UNIT_SCADA,1,"2022/10/20 08:15:00",LGAPWF2,15.02
D,DISPATCH,UNIT_SCADA,1,"2022/10/20 08:15:00",LILYSF1,3.735550
D,DISPATCH,UNIT_SCADA,1,"2022/10/20 08:15:00",LIMOSF11,12.2211
D,DISPATCH,UNIT_SCADA,1,"2022/10/20 08:15:00",LIMOSF21,1.7019
D,DISPATCH,UNIT_SCADA,1,"2022/10/20 08:15:00",LI_WY_CA,77.454930
D,DISPATCH,UNIT_SCADA,1,"2022/10/20 08:15:00",LKBONNY1,0
D,DISPATCH,UNIT_SCADA,1,"2022/10/20 08:15:00",LKBONNY2,1.168390
D,DISPATCH,UNIT_SCADA,1,"2022/10/20 08:15:00",LKBONNY3,0
D,DISPATCH,UNIT_SCADA,1,"2022/10/20 08:15:00",LK_ECHO,0
D,DISPATCH,UNIT_SCADA,1,"2022/10/20 08:15:00",LNGS1,0
D,DISPATCH,UNIT_SCADA,1,"2022/10/20 08:15:00",LNGS2,0
D,DISPATCH,UNIT_SCADA,1,"2022/10/20 08:15:00",LONSDALE,0
D,DISPATCH,UNIT_SCADA,1,"2022/10/20 08:15:00",LOYYB1,499.621520
D,DISPATCH,UNIT_SCADA,1,"2022/10/20 08:15:00",LOYYB2,500.373410
D,DISPATCH,UNIT_SCADA,1,"2022/10/20 08:15:00",LYA1,532
D,DISPATCH,UNIT_SCADA,1,"2022/10/20 08:15:00",LYA2,0
D,DISPATCH,UNIT_SCADA,1,"2022/10/20 08:15:00",LYA3,531
D,DISPATCH,UNIT_SCADA,1,"2022/10/20 08:15:00",LYA4,532
D,DISPATCH,UNIT_SCADA,1,"2022/10/20 08:15:00",MACARTH1,17.3996
D,DISPATCH,UNIT_SCADA,1,"2022/10/20 08:15:00",MACKNTSH,0
D,DISPATCH,UNIT_SCADA,1,"2022/10/20 08:15:00",MANSLR1,3.8930
D,DISPATCH,UNIT_SCADA,1,"2022/10/20 08:15:00",MAPS2PV1,0
D,DISPATCH,UNIT_SCADA,1,"2022/10/20 08:15:00",MAPS3PV1,0
D,DISPATCH,UNIT_SCADA,1,"2022/10/20 08:15:00",MARYRSF1,14.25
D,DISPATCH,UNIT_SCADA,1,"2022/10/20 08:15:00",MBPS2PV1,0
D,DISPATCH,UNIT_SCADA,1,"2022/10/20 08:15:00",MCKAY1,0.02
D,DISPATCH,UNIT_SCADA,1,"2022/10/20 08:15:00",MEADOWBK,19.977420
D,DISPATCH,UNIT_SCADA,1,"2022/10/20 08:15:00",MERCER01,24.30
D,DISPATCH,UNIT_SCADA,1,"2022/10/20 08:15:00",METZSF1,9.610090
D,DISPATCH,UNIT_SCADA,1,"2022/10/20 08:15:00",MEWF1,0.223970
D,DISPATCH,UNIT_SCADA,1,"2022/10/20 08:15:00",MIDDLSF1,4.57
D,DISPATCH,UNIT_SCADA,1,"2022/10/20 08:15:00",MINTARO,0.128180
D,DISPATCH,UNIT_SCADA,1,"2022/10/20 08:15:00",MOLNGSF1,4.325020
D,DISPATCH,UNIT_SCADA,1,"2022/10/20 08:15:00",MOORAWF1,22.73
D,DISPATCH,UNIT_SCADA,1,"2022/10/20 08:15:00",MOREESF1,0.4560
D,DISPATCH,UNIT_SCADA,1,"2022/10/20 08:15:00",MORTLK11,0
D,DISPATCH,UNIT_SCADA,1,"2022/10/20 08:15:00",MORTLK12,0
D,DISPATCH,UNIT_SCADA,1,"2022/10/20 08:15:00",MOUSF1,0
D,DISPATCH,UNIT_SCADA,1,"2022/10/20 08:15:00",MP1,0
D,DISPATCH,UNIT_SCADA,1,"2022/10/20 08:15:00",MP2,357.1954
D,DISPATCH,UNIT_SCADA,1,"2022/10/20 08:15:00",MPP_1,180.120790
D,DISPATCH,UNIT_SCADA,1,"2022/10/20 08:15:00",MPP_2,78.9974
D,DISPATCH,UNIT_SCADA,1,"2022/10/20 08:15:00",MRTLSWF1,0
D,DISPATCH,UNIT_SCADA,1,"2022/10/20 08:15:00",MSTUART1,0
D,DISPATCH,UNIT_SCADA,1,"2022/10/20 08:15:00",MSTUART2,0
D,DISPATCH,UNIT_SCADA,1,"2022/10/20 08:15:00",MSTUART3,0
D,DISPATCH,UNIT_SCADA,1,"2022/10/20 08:15:00",MTGELWF1,48.849450
D,DISPATCH,UNIT_SCADA,1,"2022/10/20 08:15:00",MTMILLAR,1.40
D,DISPATCH,UNIT_SCADA,1,"2022/10/20 08:15:00",MURRAY,0
D,DISPATCH,UNIT_SCADA,1,"2022/10/20 08:15:00",MUSSELR1,87.70
D,DISPATCH,UNIT_SCADA,1,"2022/10/20 08:15:00",MUWAWF1,122.32
D,DISPATCH,UNIT_SCADA,1,"2022/10/20 08:15:00",MUWAWF2,95.50
D,DISPATCH,UNIT_SCADA,1,"2022/10/20 08:15:00",MWPS1PV1,0.13
D,DISPATCH,UNIT_SCADA,1,"2022/10/20 08:15:00",MWPS2PV1,0
D,DISPATCH,UNIT_SCADA,1,"2022/10/20 08:15:00",MWPS3PV1,0.35
D,DISPATCH,UNIT_SCADA,1,"2022/10/20 08:15:00",MWPS4PV1,0.01
D,DISPATCH,UNIT_SCADA,1,"2022/10/20 08:15:00",NBHWF1,91.10
D,DISPATCH,UNIT_SCADA,1,"2022/10/20 08:15:00",NEVERSF1,2.14
D,DISPATCH,UNIT_SCADA,1,"2022/10/20 08:15:00",NPS,0
D,DISPATCH,UNIT_SCADA,1,"2022/10/20 08:15:00",NUMURSF1,90.63
D,DISPATCH,UNIT_SCADA,1,"2022/10/20 08:15:00",NYNGAN1,7
D,DISPATCH,UNIT_SCADA,1,"2022/10/20 08:15:00",OAKEY1,0
D,DISPATCH,UNIT_SCADA,1,"2022/10/20 08:15:00",OAKEY1SF,4.52
D,DISPATCH,UNIT_SCADA,1,"2022/10/20 08:15:00",OAKEY2,0
D,DISPATCH,UNIT_SCADA,1,"2022/10/20 08:15:00",OAKEY2SF,7.82
D,DISPATCH,UNIT_SCADA,1,"2022/10/20 08:15:00",OAKLAND1,3.60
D,DISPATCH,UNIT_SCADA,1,"2022/10/20 08:15:00",OSB-AG,0
D,DISPATCH,UNIT_SCADA,1,"2022/10/20 08:15:00",PAREPS1,0.0660
D,DISPATCH,UNIT_SCADA,1,"2022/10/20 08:15:00",PAREPW1,99.90
D,DISPATCH,UNIT_SCADA,1,"2022/10/20 08:15:00",PARSF1,21.000990
D,DISPATCH,UNIT_SCADA,1,"2022/10/20 08:15:00",POAT110,0
D,DISPATCH,UNIT_SCADA,1,"2022/10/20 08:15:00",POAT220,0
D,DISPATCH,UNIT_SCADA,1,"2022/10/20 08:15:00",POR01,0
D,DISPATCH,UNIT_SCADA,1,"2022/10/20 08:15:00",POR03,0
D,DISPATCH,UNIT_SCADA,1,"2022/10/20 08:15:00",PPCCGT,176.907650
D,DISPATCH,UNIT_SCADA,1,"2022/10/20 08:15:00",PTSTAN1,0
D,DISPATCH,UNIT_SCADA,1,"2022/10/20 08:15:00",PUMP1,0
D,DISPATCH,UNIT_SCADA,1,"2022/10/20 08:15:00",PUMP2,0
D,DISPATCH,UNIT_SCADA,1,"2022/10/20 08:15:00",QBYNBG1,0.0045
D,DISPATCH,UNIT_SCADA,1,"2022/10/20 08:15:00",QBYNBL1,0
D,DISPATCH,UNIT_SCADA,1,"2022/10/20 08:15:00",QPS1,0
D,DISPATCH,UNIT_SCADA,1,"2022/10/20 08:15:00",QPS2,0
D,DISPATCH,UNIT_SCADA,1,"2022/10/20 08:15:00",QPS3,0
D,DISPATCH,UNIT_SCADA,1,"2022/10/20 08:15:00",QPS4,0
D,DISPATCH,UNIT_SCADA,1,"2022/10/20 08:15:00",QPS5,78.16
D,DISPATCH,UNIT_SCADA,1,"2022/10/20 08:15:00",REECE1,46.388260
D,DISPATCH,UNIT_SCADA,1,"2022/10/20 08:15:00",REECE2,0
D,DISPATCH,UNIT_SCADA,1,"2022/10/20 08:15:00",ROMA_7,0
D,DISPATCH,UNIT_SCADA,1,"2022/10/20 08:15:00",ROMA_8,0
D,DISPATCH,UNIT_SCADA,1,"2022/10/20 08:15:00",RRSF1,108.472020
D,DISPATCH,UNIT_SCADA,1,"2022/10/20 08:15:00",RT_NSW1,0
D,DISPATCH,UNIT_SCADA,1,"2022/10/20 08:15:00",RT_NSW2,0
D,DISPATCH,UNIT_SCADA,1,"2022/10/20 08:15:00",RT_NSW3,0
D,DISPATCH,UNIT_SCADA,1,"2022/10/20 08:15:00",RT_NSW4,0
D,DISPATCH,UNIT_SCADA,1,"2022/10/20 08:15:00",RT_NSW5,0
D,DISPATCH,UNIT_SCADA,1,"2022/10/20 08:15:00",RT_NSW6,0
D,DISPATCH,UNIT_SCADA,1,"2022/10/20 08:15:00",RT_QLD1,0
D,DISPATCH,UNIT_SCADA,1,"2022/10/20 08:15:00",RT_SA1,0
D,DISPATCH,UNIT_SCADA,1,"2022/10/20 08:15:00",RT_SA2,0
D,DISPATCH,UNIT_SCADA,1,"2022/10/20 08:15:00",RT_SA3,0
D,DISPATCH,UNIT_SCADA,1,"2022/10/20 08:15:00",RT_SA4,0
D,DISPATCH,UNIT_SCADA,1,"2022/10/20 08:15:00",RT_SA5,0
D,DISPATCH,UNIT_SCADA,1,"2022/10/20 08:15:00",RT_SA6,0
D,DISPATCH,UNIT_SCADA,1,"2022/10/20 08:15:00",RT_TAS1,0
D,DISPATCH,UNIT_SCADA,1,"2022/10/20 08:15:00",RT_VIC1,0
D,DISPATCH,UNIT_SCADA,1,"2022/10/20 08:15:00",RT_VIC10,0
D,DISPATCH,UNIT_SCADA,1,"2022/10/20 08:15:00",RT_VIC11,0
D,DISPATCH,UNIT_SCADA,1,"2022/10/20 08:15:00",RT_VIC12,0
D,DISPATCH,UNIT_SCADA,1,"2022/10/20 08:15:00",RT_VIC2,0
D,DISPATCH,UNIT_SCADA,1,"2022/10/20 08:15:00",RT_VIC3,0
D,DISPATCH,UNIT_SCADA,1,"2022/10/20 08:15:00",RT_VIC4,0
D,DISPATCH,UNIT_SCADA,1,"2022/10/20 08:15:00",RT_VIC5,0
D,DISPATCH,UNIT_SCADA,1,"2022/10/20 08:15:00",RT_VIC6,0
D,DISPATCH,UNIT_SCADA,1,"2022/10/20 08:15:00",RT_VIC7,0
D,DISPATCH,UNIT_SCADA,1,"2022/10/20 08:15:00",RT_VIC8,0
D,DISPATCH,UNIT_SCADA,1,"2022/10/20 08:15:00",RT_VIC9,0
D,DISPATCH,UNIT_SCADA,1,"2022/10/20 08:15:00",RUGBYR1,2.321660
D,DISPATCH,UNIT_SCADA,1,"2022/10/20 08:15:00",SALTCRK1,26.01
D,DISPATCH,UNIT_SCADA,1,"2022/10/20 08:15:00",SAPHWF1,133.829250
D,DISPATCH,UNIT_SCADA,1,"2022/10/20 08:15:00",SEBSF1,30.868040
D,DISPATCH,UNIT_SCADA,1,"2022/10/20 08:15:00",SHGEN,0
D,DISPATCH,UNIT_SCADA,1,"2022/10/20 08:15:00",SHPUMP,0
D,DISPATCH,UNIT_SCADA,1,"2022/10/20 08:15:00",SITHE01,0.1840
D,DISPATCH,UNIT_SCADA,1,"2022/10/20 08:15:00",SMCSF1,15.7510
D,DISPATCH,UNIT_SCADA,1,"2022/10/20 08:15:00",SNAPPER1,0
D,DISPATCH,UNIT_SCADA,1,"2022/10/20 08:15:00",SNOWNTH1,129.100010
D,DISPATCH,UNIT_SCADA,1,"2022/10/20 08:15:00",SNOWSTH1,113.10
D,DISPATCH,UNIT_SCADA,1,"2022/10/20 08:15:00",SNOWTWN1,0
D,DISPATCH,UNIT_SCADA,1,"2022/10/20 08:15:00",SNOWYP,0
D,DISPATCH,UNIT_SCADA,1,"2022/10/20 08:15:00",SNUG1,0
D,DISPATCH,UNIT_SCADA,1,"2022/10/20 08:15:00",SRSF1,5.20
D,DISPATCH,UNIT_SCADA,1,"2022/10/20 08:15:00",STAN-1,280.889280
D,DISPATCH,UNIT_SCADA,1,"2022/10/20 08:15:00",STAN-2,365.999450
D,DISPATCH,UNIT_SCADA,1,"2022/10/20 08:15:00",STAN-3,154.633940
D,DISPATCH,UNIT_SCADA,1,"2022/10/20 08:15:00",STAN-4,364.422880
D,DISPATCH,UNIT_SCADA,1,"2022/10/20 08:15:00",STARHLWF,0.01
D,DISPATCH,UNIT_SCADA,1,"2022/10/20 08:15:00",STOCKYD1,91.81
D,DISPATCH,UNIT_SCADA,1,"2022/10/20 08:15:00",STWF1,29.712980
D,DISPATCH,UNIT_SCADA,1,"2022/10/20 08:15:00",SUNRSF1,5.497830
D,DISPATCH,UNIT_SCADA,1,"2022/10/20 08:15:00",SUNTPSF1,45.250320
D,DISPATCH,UNIT_SCADA,1,"2022/10/20 08:15:00",SWAN_E,195.206250
D,DISPATCH,UNIT_SCADA,1,"2022/10/20 08:15:00",TALWA1,0
D,DISPATCH,UNIT_SCADA,1,"2022/10/20 08:15:00",TARALGA1,0
D,DISPATCH,UNIT_SCADA,1,"2022/10/20 08:15:00",TARONG#1,349
D,DISPATCH,UNIT_SCADA,1,"2022/10/20 08:15:00",TARONG#2,349.899990
D,DISPATCH,UNIT_SCADA,1,"2022/10/20 08:15:00",TARONG#3,0.90
D,DISPATCH,UNIT_SCADA,1,"2022/10/20 08:15:00",TARONG#4,295.50
D,DISPATCH,UNIT_SCADA,1,"2022/10/20 08:15:00",TARRALEA,54
D,DISPATCH,UNIT_SCADA,1,"2022/10/20 08:15:00",TBSF1,15.20
D,DISPATCH,UNIT_SCADA,1,"2022/10/20 08:15:00",TNPS1,442.75
D,DISPATCH,UNIT_SCADA,1,"2022/10/20 08:15:00",TORRB1,0
D,DISPATCH,UNIT_SCADA,1,"2022/10/20 08:15:00",TORRB2,44
D,DISPATCH,UNIT_SCADA,1,"2022/10/20 08:15:00",TORRB3,0
D,DISPATCH,UNIT_SCADA,1,"2022/10/20 08:15:00",TORRB4,0
D,DISPATCH,UNIT_SCADA,1,"2022/10/20 08:15:00",TREVALLN,98.049260
D,DISPATCH,UNIT_SCADA,1,"2022/10/20 08:15:00",TRIBUTE,0
D,DISPATCH,UNIT_SCADA,1,"2022/10/20 08:15:00",TUMUT3,0
D,DISPATCH,UNIT_SCADA,1,"2022/10/20 08:15:00",TUNGATIN,6.410020
D,DISPATCH,UNIT_SCADA,1,"2022/10/20 08:15:00",TVCC201,0
D,DISPATCH,UNIT_SCADA,1,"2022/10/20 08:15:00",TVPP104,39.970660
D,DISPATCH,UNIT_SCADA,1,"2022/10/20 08:15:00",UPPTUMUT,0
D,DISPATCH,UNIT_SCADA,1,"2022/10/20 08:15:00",URANQ11,0
D,DISPATCH,UNIT_SCADA,1,"2022/10/20 08:15:00",URANQ12,0
D,DISPATCH,UNIT_SCADA,1,"2022/10/20 08:15:00",URANQ13,0
D,DISPATCH,UNIT_SCADA,1,"2022/10/20 08:15:00",URANQ14,0
D,DISPATCH,UNIT_SCADA,1,"2022/10/20 08:15:00",VBBG1,242.100010
D,DISPATCH,UNIT_SCADA,1,"2022/10/20 08:15:00",VBBL1,0
D,DISPATCH,UNIT_SCADA,1,"2022/10/20 08:15:00",VP5,495.840330
D,DISPATCH,UNIT_SCADA,1,"2022/10/20 08:15:00",VP6,453.407380
D,DISPATCH,UNIT_SCADA,1,"2022/10/20 08:15:00",VPGS1,0
D,DISPATCH,UNIT_SCADA,1,"2022/10/20 08:15:00",VPGS2,0
D,DISPATCH,UNIT_SCADA,1,"2022/10/20 08:15:00",VPGS3,0
D,DISPATCH,UNIT_SCADA,1,"2022/10/20 08:15:00",VPGS4,0
D,DISPATCH,UNIT_SCADA,1,"2022/10/20 08:15:00",VPGS5,0
D,DISPATCH,UNIT_SCADA,1,"2022/10/20 08:15:00",VPGS6,0
D,DISPATCH,UNIT_SCADA,1,"2022/10/20 08:15:00",W/HOE#1,0
D,DISPATCH,UNIT_SCADA,1,"2022/10/20 08:15:00",W/HOE#2,0
D,DISPATCH,UNIT_SCADA,1,"2022/10/20 08:15:00",WAGGNSF1,0
D,DISPATCH,UNIT_SCADA,1,"2022/10/20 08:15:00",WALGRVG1,0
D,DISPATCH,UNIT_SCADA,1,"2022/10/20 08:15:00",WALGRVL1,4.213730
D,DISPATCH,UNIT_SCADA,1,"2022/10/20 08:15:00",WANDBG1,0
D,DISPATCH,UNIT_SCADA,1,"2022/10/20 08:15:00",WANDBL1,49.2772
D,DISPATCH,UNIT_SCADA,1,"2022/10/20 08:15:00",WARWSF1,7.83
D,DISPATCH,UNIT_SCADA,1,"2022/10/20 08:15:00",WARWSF2,6.88
D,DISPATCH,UNIT_SCADA,1,"2022/10/20 08:15:00",WATERLWF,3.40
D,DISPATCH,UNIT_SCADA,1,"2022/10/20 08:15:00",WDGPH1,18.7920
D,DISPATCH,UNIT_SCADA,1,"2022/10/20 08:15:00",WELLSF1,20.865190
D,DISPATCH,UNIT_SCADA,1,"2022/10/20 08:15:00",WEMENSF1,39.50
D,DISPATCH,UNIT_SCADA,1,"2022/10/20 08:15:00",WGWF1,84.30
D,DISPATCH,UNIT_SCADA,1,"2022/10/20 08:15:00",WHITSF1,35.30
D,DISPATCH,UNIT_SCADA,1,"2022/10/20 08:15:00",WINTSF1,82.65
D,DISPATCH,UNIT_SCADA,1,"2022/10/20 08:15:00",WKIEWA1,34.30
D,DISPATCH,UNIT_SCADA,1,"2022/10/20 08:15:00",WKIEWA2,34.20
D,DISPATCH,UNIT_SCADA,1,"2022/10/20 08:15:00",WOODLWN1,23.3485
D,DISPATCH,UNIT_SCADA,1,"2022/10/20 08:15:00",WOOLGSF1,8.532480
D,DISPATCH,UNIT_SCADA,1,"2022/10/20 08:15:00",WPWF,38.53
D,DISPATCH,UNIT_SCADA,1,"2022/10/20 08:15:00",WRSF1,0.749530
D,DISPATCH,UNIT_SCADA,1,"2022/10/20 08:15:00",WRWF1,31.374380
D,DISPATCH,UNIT_SCADA,1,"2022/10/20 08:15:00",WSTWYSF1,0
D,DISPATCH,UNIT_SCADA,1,"2022/10/20 08:15:00",YABULU,0
D,DISPATCH,UNIT_SCADA,1,"2022/10/20 08:15:00",YABULU2,0
D,DISPATCH,UNIT_SCADA,1,"2022/10/20 08:15:00",YARANSF1,67.85
D,DISPATCH,UNIT_SCADA,1,"2022/10/20 08:15:00",YARWUN_1,129.25
D,DISPATCH,UNIT_SCADA,1,"2022/10/20 08:15:00",YATSF1,7.82
D,DISPATCH,UNIT_SCADA,1,"2022/10/20 08:15:00",YENDWF1,19.86
D,DISPATCH,UNIT_SCADA,1,"2022/10/20 08:15:00",YWPS1,366.916440
D,DISPATCH,UNIT_SCADA,1,"2022/10/20 08:15:00",YWPS2,291.475950
D,DISPATCH,UNIT_SCADA,1,"2022/10/20 08:15:00",YWPS3,361.929110
D,DISPATCH,UNIT_SCADA,1,"2022/10/20 08:15:00",YWPS4,0
C,"END OF REPORT",419
