C,NEMP.WORLD,DISPATCHSCADA,AEMO,PUBLIC,2022/10/20,09:35:10,0000000373244348,DISPATCHSCADA,0000000373244342
I,DISPATCH,UNIT_SCADA,1,SETTLEMENTDATE,DUID,SCADAVALUE
D,DISPATCH,UNIT_SCADA,1,"2022/10/20 09:40:00",BARCSF1,10.10
D,DISPATCH,UNIT_SCADA,1,"2022/10/20 09:40:00",BUTLERSG,8.699999
D,DISPATCH,UNIT_SCADA,1,"2022/10/20 09:40:00",CAPTL_WF,42.203770
D,DISPATCH,UNIT_SCADA,1,"2022/10/20 09:40:00",CHALLHWF,3.30
D,DISPATCH,UNIT_SCADA,1,"2022/10/20 09:40:00",CLOVER,9.92
D,DISPATCH,UNIT_SCADA,1,"2022/10/20 09:40:00",CLUNY,6.195926
D,DISPATCH,UNIT_SCADA,1,"2022/10/20 09:40:00",CULLRGWF,-0.05
D,DISPATCH,UNIT_SCADA,1,"2022/10/20 09:40:00",DIAPURWF1,5.40
D,DISPATCH,UNIT_SCADA,1,"2022/10/20 09:40:00",ERGT01,0
D,DISPATCH,UNIT_SCADA,1,"2022/10/20 09:40:00",GB01,0
D,DISPATCH,UNIT_SCADA,1,"2022/10/20 09:40:00",GERMCRK,19.60
D,DISPATCH,UNIT_SCADA,1,"2022/10/20 09:40:00",GRIFSF1,4.399176
D,DISPATCH,UNIT_SCADA,1,"2022/10/20 09:40:00",HEZ1,0
D,DISPATCH,UNIT_SCADA,1,"2022/10/20 09:40:00",HUGSF1,14.066001
D,DISPATCH,UNIT_SCADA,1,"2022/10/20 09:40:00",KEPBG1,0.01
D,DISPATCH,UNIT_SCADA,1,"2022/10/20 09:40:00",LRSF1,13.9490
D,DISPATCH,UNIT_SCADA,1,"2022/10/20 09:40:00",MBAHNTH,46.631256
D,DISPATCH,UNIT_SCADA,1,"2022/10/20 09:40:00",MLSP1,10.513001
D,DISPATCH,UNIT_SCADA,1,"2022/10/20 09:40:00",MLWF1,6.21
D,DISPATCH,UNIT_SCADA,1,"2022/10/20 09:40:00",PALOONA,30.119999
D,DISPATCH,UNIT_SCADA,1,"2022/10/20 09:40:00",PIONEER,43.799999
D,DISPATCH,UNIT_SCADA,1,"2022/10/20 09:40:00",PORTWF,65.50
D,DISPATCH,UNIT_SCADA,1,"2022/10/20 09:40:00",REPULSE,9.314717
D,DISPATCH,UNIT_SCADA,1,"2022/10/20 09:40:00",ROWALLAN,8.8963
D,DISPATCH,UNIT_SCADA,1,"2022/10/20 09:40:00",ROYALLA1,7.773004
D,DISPATCH,UNIT_SCADA,1,"2022/10/20 09:40:00",RPCG,-1.80
D,DISPATCH,UNIT_SCADA,1,"2022/10/20 09:40:00",RUBICON,0
D,DISPATCH,UNIT_SCADA,1,"2022/10/20 09:40:00",WAUBRAWF,3.1940
D,DISPATCH,UNIT_SCADA,1,"2022/10/20 09:40:00",WOOLNTH1,-0.80
D,DISPATCH,UNIT_SCADA,1,"2022/10/20 09:40:00",YAMBUKWF,5.60
D,DISPATCH,UNIT_SCADA,1,"2022/10/20 09:40:00",YSWF1,0.30
D,DISPATCH,UNIT_SCADA,1,"2022/10/20 09:40:00",ADPBA1G,0.0080
D,DISPATCH,UNIT_SCADA,1,"2022/10/20 09:40:00",ADPBA1L,0
D,DISPATCH,UNIT_SCADA,1,"2022/10/20 09:40:00",ADPPV1,0.0530
D,DISPATCH,UNIT_SCADA,1,"2022/10/20 09:40:00",AGLHAL,0
D,DISPATCH,UNIT_SCADA,1,"2022/10/20 09:40:00",AGLSOM,0
D,DISPATCH,UNIT_SCADA,1,"2022/10/20 09:40:00",ANGAST1,0
D,DISPATCH,UNIT_SCADA,1,"2022/10/20 09:40:00",ARWF1,5.20
D,DISPATCH,UNIT_SCADA,1,"2022/10/20 09:40:00",BALBG1,0
D,DISPATCH,UNIT_SCADA,1,"2022/10/20 09:40:00",BALBL1,0
D,DISPATCH,UNIT_SCADA,1,"2022/10/20 09:40:00",BALDHWF1,3.9140
D,DISPATCH,UNIT_SCADA,1,"2022/10/20 09:40:00",BANGOWF1,30.496070
D,DISPATCH,UNIT_SCADA,1,"2022/10/20 09:40:00",BANGOWF2,38.499350
D,DISPATCH,UNIT_SCADA,1,"2022/10/20 09:40:00",BANN1,21.96
D,DISPATCH,UNIT_SCADA,1,"2022/10/20 09:40:00",BARCALDN,0
D,DISPATCH,UNIT_SCADA,1,"2022/10/20 09:40:00",BARKIPS1,0
D,DISPATCH,UNIT_SCADA,1,"2022/10/20 09:40:00",BARRON-1,0
D,DISPATCH,UNIT_SCADA,1,"2022/10/20 09:40:00",BARRON-2,0
D,DISPATCH,UNIT_SCADA,1,"2022/10/20 09:40:00",BASTYAN,54.29
D,DISPATCH,UNIT_SCADA,1,"2022/10/20 09:40:00",BBTHREE1,0
D,DISPATCH,UNIT_SCADA,1,"2022/10/20 09:40:00",BBTHREE2,0
D,DISPATCH,UNIT_SCADA,1,"2022/10/20 09:40:00",BBTHREE3,-1.16
D,DISPATCH,UNIT_SCADA,1,"2022/10/20 09:40:00",BDL01,0
D,DISPATCH,UNIT_SCADA,1,"2022/10/20 09:40:00",BDL02,0
D,DISPATCH,UNIT_SCADA,1,"2022/10/20 09:40:00",BERYLSF1,2.061660
D,DISPATCH,UNIT_SCADA,1,"2022/10/20 09:40:00",BLOWERNG,62.60
D,DISPATCH,UNIT_SCADA,1,"2022/10/20 09:40:00",BLUEGSF1,34.121730
D,DISPATCH,UNIT_SCADA,1,"2022/10/20 09:40:00",BLUFF1,46.70
D,DISPATCH,UNIT_SCADA,1,"2022/10/20 09:40:00",BNGSF1,109.99
D,DISPATCH,UNIT_SCADA,1,"2022/10/20 09:40:00",BNGSF2,102.31
D,DISPATCH,UNIT_SCADA,1,"2022/10/20 09:40:00",BOCORWF1,0
D,DISPATCH,UNIT_SCADA,1,"2022/10/20 09:40:00",BODWF1,105.990830
D,DISPATCH,UNIT_SCADA,1,"2022/10/20 09:40:00",BOMENSF1,35.682310
D,DISPATCH,UNIT_SCADA,1,"2022/10/20 09:40:00",BOWWBA1G,0
D,DISPATCH,UNIT_SCADA,1,"2022/10/20 09:40:00",BOWWBA1L,0.0010
D,DISPATCH,UNIT_SCADA,1,"2022/10/20 09:40:00",BOWWPV1,0
D,DISPATCH,UNIT_SCADA,1,"2022/10/20 09:40:00",BRAEMAR1,0
D,DISPATCH,UNIT_SCADA,1,"2022/10/20 09:40:00",BRAEMAR2,0
D,DISPATCH,UNIT_SCADA,1,"2022/10/20 09:40:00",BRAEMAR3,0
D,DISPATCH,UNIT_SCADA,1,"2022/10/20 09:40:00",BRAEMAR5,0.292060
D,DISPATCH,UNIT_SCADA,1,"2022/10/20 09:40:00",BRAEMAR6,0
D,DISPATCH,UNIT_SCADA,1,"2022/10/20 09:40:00",BRAEMAR7,0.130920
D,DISPATCH,UNIT_SCADA,1,"2022/10/20 09:40:00",BROKENH1,18.099720
D,DISPATCH,UNIT_SCADA,1,"2022/10/20 09:40:00",BRYB1WF1,87.296870
D,DISPATCH,UNIT_SCADA,1,"2022/10/20 09:40:00",BULBESG1,0.39
D,DISPATCH,UNIT_SCADA,1,"2022/10/20 09:40:00",BULBESL1,0
D,DISPATCH,UNIT_SCADA,1,"2022/10/20 09:40:00",BULGANA1,20.35
D,DISPATCH,UNIT_SCADA,1,"2022/10/20 09:40:00",BW01,658.5672
D,DISPATCH,UNIT_SCADA,1,"2022/10/20 09:40:00",BW02,621.286320
D,DISPATCH,UNIT_SCADA,1,"2022/10/20 09:40:00",BW03,553.658330
D,DISPATCH,UNIT_SCADA,1,"2022/10/20 09:40:00",BW04,0
D,DISPATCH,UNIT_SCADA,1,"2022/10/20 09:40:00",CALL_B_1,321
D,DISPATCH,UNIT_SCADA,1,"2022/10/20 09:40:00",CALL_B_2,323.399990
D,DISPATCH,UNIT_SCADA,1,"2022/10/20 09:40:00",CATHROCK,0
D,DISPATCH,UNIT_SCADA,1,"2022/10/20 09:40:00",CBWWBA1G,0
D,DISPATCH,UNIT_SCADA,1,"2022/10/20 09:40:00",CBWWBA1L,0
D,DISPATCH,UNIT_SCADA,1,"2022/10/20 09:40:00",CETHANA,42.3810
D,DISPATCH,UNIT_SCADA,1,"2022/10/20 09:40:00",CG1,0
D,DISPATCH,UNIT_SCADA,1,"2022/10/20 09:40:00",CG2,0
D,DISPATCH,UNIT_SCADA,1,"2022/10/20 09:40:00",CG3,0
D,DISPATCH,UNIT_SCADA,1,"2022/10/20 09:40:00",CG4,0
D,DISPATCH,UNIT_SCADA,1,"2022/10/20 09:40:00",CHILDSF1,5.79
D,DISPATCH,UNIT_SCADA,1,"2022/10/20 09:40:00",CHYTWF1,2.96
D,DISPATCH,UNIT_SCADA,1,"2022/10/20 09:40:00",CLARESF1,39.096320
D,DISPATCH,UNIT_SCADA,1,"2022/10/20 09:40:00",CLEMGPWF,6.699250
D,DISPATCH,UNIT_SCADA,1,"2022/10/20 09:40:00",CLERMSF1,21.39
D,DISPATCH,UNIT_SCADA,1,"2022/10/20 09:40:00",CNUNDAWF,0.200230
D,DISPATCH,UNIT_SCADA,1,"2022/10/20 09:40:00",COHUNSF1,5.62
D,DISPATCH,UNIT_SCADA,1,"2022/10/20 09:40:00",COLEASF1,21.502630
D,DISPATCH,UNIT_SCADA,1,"2022/10/20 09:40:00",COLUMSF1,33.55
D,DISPATCH,UNIT_SCADA,1,"2022/10/20 09:40:00",COLWF01,68.674750
D,DISPATCH,UNIT_SCADA,1,"2022/10/20 09:40:00",COOPGWF1,186.55
D,DISPATCH,UNIT_SCADA,1,"2022/10/20 09:40:00",CPP_3,361.6250
D,DISPATCH,UNIT_SCADA,1,"2022/10/20 09:40:00",CPP_4,0
D,DISPATCH,UNIT_SCADA,1,"2022/10/20 09:40:00",CPSA,0
D,DISPATCH,UNIT_SCADA,1,"2022/10/20 09:40:00",CROOKWF2,35.723810
D,DISPATCH,UNIT_SCADA,1,"2022/10/20 09:40:00",CROWLWF1,24.579070
D,DISPATCH,UNIT_SCADA,1,"2022/10/20 09:40:00",CRURWF1,67.396740
D,DISPATCH,UNIT_SCADA,1,"2022/10/20 09:40:00",CRWASF1,30.247940
D,DISPATCH,UNIT_SCADA,1,"2022/10/20 09:40:00",CSPVPS1,4.7860
D,DISPATCH,UNIT_SCADA,1,"2022/10/20 09:40:00",CTHLWF1,0.003050
D,DISPATCH,UNIT_SCADA,1,"2022/10/20 09:40:00",DALNTH01,0
D,DISPATCH,UNIT_SCADA,1,"2022/10/20 09:40:00",DALNTHL1,0.025940
D,DISPATCH,UNIT_SCADA,1,"2022/10/20 09:40:00",DARLSF1,32.4184
D,DISPATCH,UNIT_SCADA,1,"2022/10/20 09:40:00",DARTM1,0
D,DISPATCH,UNIT_SCADA,1,"2022/10/20 09:40:00",DAYDSF1,13.1860
D,DISPATCH,UNIT_SCADA,1,"2022/10/20 09:40:00",DDPS1,0
D,DISPATCH,UNIT_SCADA,1,"2022/10/20 09:40:00",DDSF1,23.067650
D,DISPATCH,UNIT_SCADA,1,"2022/10/20 09:40:00",DEVILS_G,59.218120
D,DISPATCH,UNIT_SCADA,1,"2022/10/20 09:40:00",DG_NSW1,0
D,DISPATCH,UNIT_SCADA,1,"2022/10/20 09:40:00",DG_QLD1,0
D,DISPATCH,UNIT_SCADA,1,"2022/10/20 09:40:00",DG_SA1,0
D,DISPATCH,UNIT_SCADA,1,"2022/10/20 09:40:00",DG_TAS1,0
D,DISPATCH,UNIT_SCADA,1,"2022/10/20 09:40:00",DG_VIC1,0
D,DISPATCH,UNIT_SCADA,1,"2022/10/20 09:40:00",DRYCGT1,0
D,DISPATCH,UNIT_SCADA,1,"2022/10/20 09:40:00",DRYCGT2,0
D,DISPATCH,UNIT_SCADA,1,"2022/10/20 09:40:00",DRYCGT3,0
D,DISPATCH,UNIT_SCADA,1,"2022/10/20 09:40:00",DUNDWF1,51.39
D,DISPATCH,UNIT_SCADA,1,"2022/10/20 09:40:00",DUNDWF2,17.36
D,DISPATCH,UNIT_SCADA,1,"2022/10/20 09:40:00",DUNDWF3,47.68
D,DISPATCH,UNIT_SCADA,1,"2022/10/20 09:40:00",EILDON1,59.84
D,DISPATCH,UNIT_SCADA,1,"2022/10/20 09:40:00",EILDON2,59.88
D,DISPATCH,UNIT_SCADA,1,"2022/10/20 09:40:00",ELAINWF1,15.50
D,DISPATCH,UNIT_SCADA,1,"2022/10/20 09:40:00",EMERASF1,0
D,DISPATCH,UNIT_SCADA,1,"2022/10/20 09:40:00",ER01,0
D,DISPATCH,UNIT_SCADA,1,"2022/10/20 09:40:00",ER02,368.865480
D,DISPATCH,UNIT_SCADA,1,"2022/10/20 09:40:00",ER03,452.362850
D,DISPATCH,UNIT_SCADA,1,"2022/10/20 09:40:00",ER04,441.400790
D,DISPATCH,UNIT_SCADA,1,"2022/10/20 09:40:00",FINLYSF1,131.725040
D,DISPATCH,UNIT_SCADA,1,"2022/10/20 09:40:00",FISHER,43.87
D,DISPATCH,UNIT_SCADA,1,"2022/10/20 09:40:00",GANGARR1,16.8720
D,DISPATCH,UNIT_SCADA,1,"2022/10/20 09:40:00",GANNBG1,0
D,DISPATCH,UNIT_SCADA,1,"2022/10/20 09:40:00",GANNBL1,2.812540
D,DISPATCH,UNIT_SCADA,1,"2022/10/20 09:40:00",GANNSF1,30.80
D,DISPATCH,UNIT_SCADA,1,"2022/10/20 09:40:00",GLRWNSF1,106.47
D,DISPATCH,UNIT_SCADA,1,"2022/10/20 09:40:00",GNNDHSF1,84.049670
D,DISPATCH,UNIT_SCADA,1,"2022/10/20 09:40:00",GOONSF1,24.007930
D,DISPATCH,UNIT_SCADA,1,"2022/10/20 09:40:00",GORDON,238.863650
D,DISPATCH,UNIT_SCADA,1,"2022/10/20 09:40:00",GRANWF1,1.08
D,DISPATCH,UNIT_SCADA,1,"2022/10/20 09:40:00",GSTONE1,164.849990
D,DISPATCH,UNIT_SCADA,1,"2022/10/20 09:40:00",GSTONE2,0
D,DISPATCH,UNIT_SCADA,1,"2022/10/20 09:40:00",GSTONE3,166.774990
D,DISPATCH,UNIT_SCADA,1,"2022/10/20 09:40:00",GSTONE4,0
D,DISPATCH,UNIT_SCADA,1,"2022/10/20 09:40:00",GSTONE5,168.1750
D,DISPATCH,UNIT_SCADA,1,"2022/10/20 09:40:00",GSTONE6,169.05
D,DISPATCH,UNIT_SCADA,1,"2022/10/20 09:40:00",GULLRSF1,2.344960
D,DISPATCH,UNIT_SCADA,1,"2022/10/20 09:40:00",GULLRWF1,61.434060
D,DISPATCH,UNIT_SCADA,1,"2022/10/20 09:40:00",GULLRWF2,76.515810
D,DISPATCH,UNIT_SCADA,1,"2022/10/20 09:40:00",GUNNING1,0
D,DISPATCH,UNIT_SCADA,1,"2022/10/20 09:40:00",GUTHEGA,67.90
D,DISPATCH,UNIT_SCADA,1,"2022/10/20 09:40:00",HALLWF1,39.04
D,DISPATCH,UNIT_SCADA,1,"2022/10/20 09:40:00",HALLWF2,51.08
D,DISPATCH,UNIT_SCADA,1,"2022/10/20 09:40:00",HAMISF1,3.70
D,DISPATCH,UNIT_SCADA,1,"2022/10/20 09:40:00",HAUGHT11,43.065350
D,DISPATCH,UNIT_SCADA,1,"2022/10/20 09:40:00",HAYMSF1,4.0570
D,DISPATCH,UNIT_SCADA,1,"2022/10/20 09:40:00",HDWF1,77
D,DISPATCH,UNIT_SCADA,1,"2022/10/20 09:40:00",HDWF2,49.40
D,DISPATCH,UNIT_SCADA,1,"2022/10/20 09:40:00",HDWF3,60.90
D,DISPATCH,UNIT_SCADA,1,"2022/10/20 09:40:00",HILLSTN1,10.659840
D,DISPATCH,UNIT_SCADA,1,"2022/10/20 09:40:00",HPRG1,29.40
D,DISPATCH,UNIT_SCADA,1,"2022/10/20 09:40:00",HPRL1,0
D,DISPATCH,UNIT_SCADA,1,"2022/10/20 09:40:00",HUMENSW,53.758460
D,DISPATCH,UNIT_SCADA,1,"2022/10/20 09:40:00",HUMEV,0
D,DISPATCH,UNIT_SCADA,1,"2022/10/20 09:40:00",HVWWBA1G,0
D,DISPATCH,UNIT_SCADA,1,"2022/10/20 09:40:00",HVWWBA1L,0.0060
D,DISPATCH,UNIT_SCADA,1,"2022/10/20 09:40:00",HVWWPV1,0.1290
D,DISPATCH,UNIT_SCADA,1,"2022/10/20 09:40:00",JBUTTERS,0
D,DISPATCH,UNIT_SCADA,1,"2022/10/20 09:40:00",JEMALNG1,4.80
D,DISPATCH,UNIT_SCADA,1,"2022/10/20 09:40:00",JLA01,0
D,DISPATCH,UNIT_SCADA,1,"2022/10/20 09:40:00",JLA02,0
D,DISPATCH,UNIT_SCADA,1,"2022/10/20 09:40:00",JLA03,0
D,DISPATCH,UNIT_SCADA,1,"2022/10/20 09:40:00",JLA04,0
D,DISPATCH,UNIT_SCADA,1,"2022/10/20 09:40:00",JLB01,0
D,DISPATCH,UNIT_SCADA,1,"2022/10/20 09:40:00",JLB02,0.10
D,DISPATCH,UNIT_SCADA,1,"2022/10/20 09:40:00",JLB03,0
D,DISPATCH,UNIT_SCADA,1,"2022/10/20 09:40:00",JUNEESF1,12.9623
D,DISPATCH,UNIT_SCADA,1,"2022/10/20 09:40:00",KABANWF1,0
D,DISPATCH,UNIT_SCADA,1,"2022/10/20 09:40:00",KAREEYA1,0
D,DISPATCH,UNIT_SCADA,1,"2022/10/20 09:40:00",KAREEYA2,0
D,DISPATCH,UNIT_SCADA,1,"2022/10/20 09:40:00",KAREEYA3,5.01
D,DISPATCH,UNIT_SCADA,1,"2022/10/20 09:40:00",KAREEYA4,0
D,DISPATCH,UNIT_SCADA,1,"2022/10/20 09:40:00",KARSF1,39.90
D,DISPATCH,UNIT_SCADA,1,"2022/10/20 09:40:00",KEPSF1,12.25
D,DISPATCH,UNIT_SCADA,1,"2022/10/20 09:40:00",KEPWF1,3.86
D,DISPATCH,UNIT_SCADA,1,"2022/10/20 09:40:00",KIAMSF1,15.018690
D,DISPATCH,UNIT_SCADA,1,"2022/10/20 09:40:00",KIATAWF1,12
D,DISPATCH,UNIT_SCADA,1,"2022/10/20 09:40:00",KPP_1,0
D,DISPATCH,UNIT_SCADA,1,"2022/10/20 09:40:00",KSP1,9.58
D,DISPATCH,UNIT_SCADA,1,"2022/10/20 09:40:00",LADBROK1,0.02
D,DISPATCH,UNIT_SCADA,1,"2022/10/20 09:40:00",LADBROK2,6.20
D,DISPATCH,UNIT_SCADA,1,"2022/10/20 09:40:00",LBBG1,0
D,DISPATCH,UNIT_SCADA,1,"2022/10/20 09:40:00",LBBL1,10.05
D,DISPATCH,UNIT_SCADA,1,"2022/10/20 09:40:00",LD01,280.837430
D,DISPATCH,UNIT_SCADA,1,"2022/10/20 09:40:00",LD02,0
D,DISPATCH,UNIT_SCADA,1,"2022/10/20 09:40:00",LD04,284.975740
D,DISPATCH,UNIT_SCADA,1,"2022/10/20 09:40:00",LEM_WIL,79.962440
D,DISPATCH,UNIT_SCADA,1,"2022/10/20 09:40:00",LGAPWF1,20.06
D,DISPATCH,UNIT_SCADA,1,"2022/10/20 09:40:00",LGAPWF2,14.99
D,DISPATCH,UNIT_SCADA,1,"2022/10/20 09:40:00",LILYSF1,33.554430
D,DISPATCH,UNIT_SCADA,1,"2022/10/20 09:40:00",LIMOSF11,66.201420
D,DISPATCH,UNIT_SCADA,1,"2022/10/20 09:40:00",LIMOSF21,8.780320
D,DISPATCH,UNIT_SCADA,1,"2022/10/20 09:40:00",LI_WY_CA,56.290670
D,DISPATCH,UNIT_SCADA,1,"2022/10/20 09:40:00",LKBONNY1,0
D,DISPATCH,UNIT_SCADA,1,"2022/10/20 09:40:00",LKBONNY2,0
D,DISPATCH,UNIT_SCADA,1,"2022/10/20 09:40:00",LKBONNY3,0
D,DISPATCH,UNIT_SCADA,1,"2022/10/20 09:40:00",LK_ECHO,0
D,DISPATCH,UNIT_SCADA,1,"2022/10/20 09:40:00",LNGS1,0
D,DISPATCH,UNIT_SCADA,1,"2022/10/20 09:40:00",LNGS2,0
D,DISPATCH,UNIT_SCADA,1,"2022/10/20 09:40:00",LONSDALE,0
D,DISPATCH,UNIT_SCADA,1,"2022/10/20 09:40:00",LOYYB1,441.725310
D,DISPATCH,UNIT_SCADA,1,"2022/10/20 09:40:00",LOYYB2,458.267090
D,DISPATCH,UNIT_SCADA,1,"2022/10/20 09:40:00",LYA1,522
D,DISPATCH,UNIT_SCADA,1,"2022/10/20 09:40:00",LYA2,0
D,DISPATCH,UNIT_SCADA,1,"2022/10/20 09:40:00",LYA3,455
D,DISPATCH,UNIT_SCADA,1,"2022/10/20 09:40:00",LYA4,457
D,DISPATCH,UNIT_SCADA,1,"2022/10/20 09:40:00",MACARTH1,51.8988
D,DISPATCH,UNIT_SCADA,1,"2022/10/20 09:40:00",MACKNTSH,0
D,DISPATCH,UNIT_SCADA,1,"2022/10/20 09:40:00",MANSLR1,14.1180
D,DISPATCH,UNIT_SCADA,1,"2022/10/20 09:40:00",MAPS2PV1,0
D,DISPATCH,UNIT_SCADA,1,"2022/10/20 09:40:00",MAPS3PV1,0
D,DISPATCH,UNIT_SCADA,1,"2022/10/20 09:40:00",MARYRSF1,3.37
D,DISPATCH,UNIT_SCADA,1,"2022/10/20 09:40:00",MBPS2PV1,0
D,DISPATCH,UNIT_SCADA,1,"2022/10/20 09:40:00",MCKAY1,0.02
D,DISPATCH,UNIT_SCADA,1,"2022/10/20 09:40:00",MEADOWBK,5.830320
D,DISPATCH,UNIT_SCADA,1,"2022/10/20 09:40:00",MERCER01,22.10
D,DISPATCH,UNIT_SCADA,1,"2022/10/20 09:40:00",METZSF1,26.377090
D,DISPATCH,UNIT_SCADA,1,"2022/10/20 09:40:00",MEWF1,2
D,DISPATCH,UNIT_SCADA,1,"2022/10/20 09:40:00",MIDDLSF1,4.04
D,DISPATCH,UNIT_SCADA,1,"2022/10/20 09:40:00",MINTARO,0.128180
D,DISPATCH,UNIT_SCADA,1,"2022/10/20 09:40:00",MOLNGSF1,4.3592
D,DISPATCH,UNIT_SCADA,1,"2022/10/20 09:40:00",MOORAWF1,26.53
D,DISPATCH,UNIT_SCADA,1,"2022/10/20 09:40:00",MOREESF1,10.8080
D,DISPATCH,UNIT_SCADA,1,"2022/10/20 09:40:00",MORTLK11,0
D,DISPATCH,UNIT_SCADA,1,"2022/10/20 09:40:00",MORTLK12,0
D,DISPATCH,UNIT_SCADA,1,"2022/10/20 09:40:00",MOUSF1,0
D,DISPATCH,UNIT_SCADA,1,"2022/10/20 09:40:00",MP1,0
D,DISPATCH,UNIT_SCADA,1,"2022/10/20 09:40:00",MP2,352.996090
D,DISPATCH,UNIT_SCADA,1,"2022/10/20 09:40:00",MPP_1,168.371120
D,DISPATCH,UNIT_SCADA,1,"2022/10/20 09:40:00",MPP_2,98.926040
D,DISPATCH,UNIT_SCADA,1,"2022/10/20 09:40:00",MRTLSWF1,0
D,DISPATCH,UNIT_SCADA,1,"2022/10/20 09:40:00",MSTUART1,0
D,DISPATCH,UNIT_SCADA,1,"2022/10/20 09:40:00",MSTUART2,0
D,DISPATCH,UNIT_SCADA,1,"2022/10/20 09:40:00",MSTUART3,0
D,DISPATCH,UNIT_SCADA,1,"2022/10/20 09:40:00",MTGELWF1,35.0322
D,DISPATCH,UNIT_SCADA,1,"2022/10/20 09:40:00",MTMILLAR,1.40
D,DISPATCH,UNIT_SCADA,1,"2022/10/20 09:40:00",MURRAY,0
D,DISPATCH,UNIT_SCADA,1,"2022/10/20 09:40:00",MUSSELR1,99.80
D,DISPATCH,UNIT_SCADA,1,"2022/10/20 09:40:00",MUWAWF1,46.07
D,DISPATCH,UNIT_SCADA,1,"2022/10/20 09:40:00",MUWAWF2,27.80
D,DISPATCH,UNIT_SCADA,1,"2022/10/20 09:40:00",MWPS1PV1,0.13
D,DISPATCH,UNIT_SCADA,1,"2022/10/20 09:40:00",MWPS2PV1,0
D,DISPATCH,UNIT_SCADA,1,"2022/10/20 09:40:00",MWPS3PV1,0
D,DISPATCH,UNIT_SCADA,1,"2022/10/20 09:40:00",MWPS4PV1,0
D,DISPATCH,UNIT_SCADA,1,"2022/10/20 09:40:00",NBHWF1,67.80
D,DISPATCH,UNIT_SCADA,1,"2022/10/20 09:40:00",NEVERSF1,39.37
D,DISPATCH,UNIT_SCADA,1,"2022/10/20 09:40:00",NPS,0
D,DISPATCH,UNIT_SCADA,1,"2022/10/20 09:40:00",NUMURSF1,93.56
D,DISPATCH,UNIT_SCADA,1,"2022/10/20 09:40:00",NYNGAN1,19.50
D,DISPATCH,UNIT_SCADA,1,"2022/10/20 09:40:00",OAKEY1,0
D,DISPATCH,UNIT_SCADA,1,"2022/10/20 09:40:00",OAKEY1SF,4.2470
D,DISPATCH,UNIT_SCADA,1,"2022/10/20 09:40:00",OAKEY2,0
D,DISPATCH,UNIT_SCADA,1,"2022/10/20 09:40:00",OAKEY2SF,7.63
D,DISPATCH,UNIT_SCADA,1,"2022/10/20 09:40:00",OAKLAND1,6.50
D,DISPATCH,UNIT_SCADA,1,"2022/10/20 09:40:00",OSB-AG,0
D,DISPATCH,UNIT_SCADA,1,"2022/10/20 09:40:00",PAREPS1,0.0660
D,DISPATCH,UNIT_SCADA,1,"2022/10/20 09:40:00",PAREPW1,50.12
D,DISPATCH,UNIT_SCADA,1,"2022/10/20 09:40:00",PARSF1,19.200430
D,DISPATCH,UNIT_SCADA,1,"2022/10/20 09:40:00",POAT110,0
D,DISPATCH,UNIT_SCADA,1,"2022/10/20 09:40:00",POAT220,0
D,DISPATCH,UNIT_SCADA,1,"2022/10/20 09:40:00",POR01,0
D,DISPATCH,UNIT_SCADA,1,"2022/10/20 09:40:00",POR03,0
D,DISPATCH,UNIT_SCADA,1,"2022/10/20 09:40:00",PPCCGT,0
D,DISPATCH,UNIT_SCADA,1,"2022/10/20 09:40:00",PTSTAN1,0
D,DISPATCH,UNIT_SCADA,1,"2022/10/20 09:40:00",PUMP1,0
D,DISPATCH,UNIT_SCADA,1,"2022/10/20 09:40:00",PUMP2,0
D,DISPATCH,UNIT_SCADA,1,"2022/10/20 09:40:00",QBYNBG1,0
D,DISPATCH,UNIT_SCADA,1,"2022/10/20 09:40:00",QBYNBL1,0.0025
D,DISPATCH,UNIT_SCADA,1,"2022/10/20 09:40:00",QPS1,0
D,DISPATCH,UNIT_SCADA,1,"2022/10/20 09:40:00",QPS2,0
D,DISPATCH,UNIT_SCADA,1,"2022/10/20 09:40:00",QPS3,0
D,DISPATCH,UNIT_SCADA,1,"2022/10/20 09:40:00",QPS4,0
D,DISPATCH,UNIT_SCADA,1,"2022/10/20 09:40:00",QPS5,75.34
D,DISPATCH,UNIT_SCADA,1,"2022/10/20 09:40:00",REECE1,48.448990
D,DISPATCH,UNIT_SCADA,1,"2022/10/20 09:40:00",REECE2,0
D,DISPATCH,UNIT_SCADA,1,"2022/10/20 09:40:00",ROMA_7,0
D,DISPATCH,UNIT_SCADA,1,"2022/10/20 09:40:00",ROMA_8,0
D,DISPATCH,UNIT_SCADA,1,"2022/10/20 09:40:00",RRSF1,12.785670
D,DISPATCH,UNIT_SCADA,1,"2022/10/20 09:40:00",RT_NSW1,0
D,DISPATCH,UNIT_SCADA,1,"2022/10/20 09:40:00",RT_NSW2,0
D,DISPATCH,UNIT_SCADA,1,"2022/10/20 09:40:00",RT_NSW3,0
D,DISPATCH,UNIT_SCADA,1,"2022/10/20 09:40:00",RT_NSW4,0
D,DISPATCH,UNIT_SCADA,1,"2022/10/20 09:40:00",RT_NSW5,0
D,DISPATCH,UNIT_SCADA,1,"2022/10/20 09:40:00",RT_NSW6,0
D,DISPATCH,UNIT_SCADA,1,"2022/10/20 09:40:00",RT_QLD1,0
D,DISPATCH,UNIT_SCADA,1,"2022/10/20 09:40:00",RT_SA1,0
D,DISPATCH,UNIT_SCADA,1,"2022/10/20 09:40:00",RT_SA2,0
D,DISPATCH,UNIT_SCADA,1,"2022/10/20 09:40:00",RT_SA3,0
D,DISPATCH,UNIT_SCADA,1,"2022/10/20 09:40:00",RT_SA4,0
D,DISPATCH,UNIT_SCADA,1,"2022/10/20 09:40:00",RT_SA5,0
D,DISPATCH,UNIT_SCADA,1,"2022/10/20 09:40:00",RT_SA6,0
D,DISPATCH,UNIT_SCADA,1,"2022/10/20 09:40:00",RT_TAS1,0
D,DISPATCH,UNIT_SCADA,1,"2022/10/20 09:40:00",RT_VIC1,0
D,DISPATCH,UNIT_SCADA,1,"2022/10/20 09:40:00",RT_VIC10,0
D,DISPATCH,UNIT_SCADA,1,"2022/10/20 09:40:00",RT_VIC11,0
D,DISPATCH,UNIT_SCADA,1,"2022/10/20 09:40:00",RT_VIC12,0
D,DISPATCH,UNIT_SCADA,1,"2022/10/20 09:40:00",RT_VIC2,0
D,DISPATCH,UNIT_SCADA,1,"2022/10/20 09:40:00",RT_VIC3,0
D,DISPATCH,UNIT_SCADA,1,"2022/10/20 09:40:00",RT_VIC4,0
D,DISPATCH,UNIT_SCADA,1,"2022/10/20 09:40:00",RT_VIC5,0
D,DISPATCH,UNIT_SCADA,1,"2022/10/20 09:40:00",RT_VIC6,0
D,DISPATCH,UNIT_SCADA,1,"2022/10/20 09:40:00",RT_VIC7,0
D,DISPATCH,UNIT_SCADA,1,"2022/10/20 09:40:00",RT_VIC8,0
D,DISPATCH,UNIT_SCADA,1,"2022/10/20 09:40:00",RT_VIC9,0
D,DISPATCH,UNIT_SCADA,1,"2022/10/20 09:40:00",RUGBYR1,15.547390
D,DISPATCH,UNIT_SCADA,1,"2022/10/20 09:40:00",SALTCRK1,23.05
D,DISPATCH,UNIT_SCADA,1,"2022/10/20 09:40:00",SAPHWF1,197.560090
D,DISPATCH,UNIT_SCADA,1,"2022/10/20 09:40:00",SEBSF1,71.526640
D,DISPATCH,UNIT_SCADA,1,"2022/10/20 09:40:00",SHGEN,0
D,DISPATCH,UNIT_SCADA,1,"2022/10/20 09:40:00",SHPUMP,0
D,DISPATCH,UNIT_SCADA,1,"2022/10/20 09:40:00",SITHE01,0.2041
D,DISPATCH,UNIT_SCADA,1,"2022/10/20 09:40:00",SMCSF1,78.6280
D,DISPATCH,UNIT_SCADA,1,"2022/10/20 09:40:00",SNAPPER1,0
D,DISPATCH,UNIT_SCADA,1,"2022/10/20 09:40:00",SNOWNTH1,117.20
D,DISPATCH,UNIT_SCADA,1,"2022/10/20 09:40:00",SNOWSTH1,86.50
D,DISPATCH,UNIT_SCADA,1,"2022/10/20 09:40:00",SNOWTWN1,0
D,DISPATCH,UNIT_SCADA,1,"2022/10/20 09:40:00",SNOWYP,0
D,DISPATCH,UNIT_SCADA,1,"2022/10/20 09:40:00",SNUG1,0
D,DISPATCH,UNIT_SCADA,1,"2022/10/20 09:40:00",SRSF1,24.10
D,DISPATCH,UNIT_SCADA,1,"2022/10/20 09:40:00",STAN-1,277.684810
D,DISPATCH,UNIT_SCADA,1,"2022/10/20 09:40:00",STAN-2,333.737060
D,DISPATCH,UNIT_SCADA,1,"2022/10/20 09:40:00",STAN-3,154.954390
D,DISPATCH,UNIT_SCADA,1,"2022/10/20 09:40:00",STAN-4,332.993620
D,DISPATCH,UNIT_SCADA,1,"2022/10/20 09:40:00",STARHLWF,0.01
D,DISPATCH,UNIT_SCADA,1,"2022/10/20 09:40:00",STOCKYD1,52.38
D,DISPATCH,UNIT_SCADA,1,"2022/10/20 09:40:00",STWF1,0
D,DISPATCH,UNIT_SCADA,1,"2022/10/20 09:40:00",SUNRSF1,42.650490
D,DISPATCH,UNIT_SCADA,1,"2022/10/20 09:40:00",SUNTPSF1,84.779740
D,DISPATCH,UNIT_SCADA,1,"2022/10/20 09:40:00",SWAN_E,224.913120
D,DISPATCH,UNIT_SCADA,1,"2022/10/20 09:40:00",TALWA1,0
D,DISPATCH,UNIT_SCADA,1,"2022/10/20 09:40:00",TARALGA1,0
D,DISPATCH,UNIT_SCADA,1,"2022/10/20 09:40:00",TARONG#1,346.800020
D,DISPATCH,UNIT_SCADA,1,"2022/10/20 09:40:00",TARONG#2,346.399990
D,DISPATCH,UNIT_SCADA,1,"2022/10/20 09:40:00",TARONG#3,0.90
D,DISPATCH,UNIT_SCADA,1,"2022/10/20 09:40:00",TARONG#4,287.100010
D,DISPATCH,UNIT_SCADA,1,"2022/10/20 09:40:00",TARRALEA,54
D,DISPATCH,UNIT_SCADA,1,"2022/10/20 09:40:00",TBSF1,0.10
D,DISPATCH,UNIT_SCADA,1,"2022/10/20 09:40:00",TNPS1,347.687470
D,DISPATCH,UNIT_SCADA,1,"2022/10/20 09:40:00",TORRB1,0
D,DISPATCH,UNIT_SCADA,1,"2022/10/20 09:40:00",TORRB2,43
D,DISPATCH,UNIT_SCADA,1,"2022/10/20 09:40:00",TORRB3,0
D,DISPATCH,UNIT_SCADA,1,"2022/10/20 09:40:00",TORRB4,0
D,DISPATCH,UNIT_SCADA,1,"2022/10/20 09:40:00",TREVALLN,98.034680
D,DISPATCH,UNIT_SCADA,1,"2022/10/20 09:40:00",TRIBUTE,0
D,DISPATCH,UNIT_SCADA,1,"2022/10/20 09:40:00",TUMUT3,0
D,DISPATCH,UNIT_SCADA,1,"2022/10/20 09:40:00",TUNGATIN,7.960020
D,DISPATCH,UNIT_SCADA,1,"2022/10/20 09:40:00",TVCC201,0
D,DISPATCH,UNIT_SCADA,1,"2022/10/20 09:40:00",TVPP104,57.220940
D,DISPATCH,UNIT_SCADA,1,"2022/10/20 09:40:00",UPPTUMUT,0
D,DISPATCH,UNIT_SCADA,1,"2022/10/20 09:40:00",URANQ11,0
D,DISPATCH,UNIT_SCADA,1,"2022/10/20 09:40:00",URANQ12,0
D,DISPATCH,UNIT_SCADA,1,"2022/10/20 09:40:00",URANQ13,0
D,DISPATCH,UNIT_SCADA,1,"2022/10/20 09:40:00",URANQ14,0
D,DISPATCH,UNIT_SCADA,1,"2022/10/20 09:40:00",VBBG1,6.20
D,DISPATCH,UNIT_SCADA,1,"2022/10/20 09:40:00",VBBL1,0
D,DISPATCH,UNIT_SCADA,1,"2022/10/20 09:40:00",VP5,501.675480
D,DISPATCH,UNIT_SCADA,1,"2022/10/20 09:40:00",VP6,501.553410
D,DISPATCH,UNIT_SCADA,1,"2022/10/20 09:40:00",VPGS1,0
D,DISPATCH,UNIT_SCADA,1,"2022/10/20 09:40:00",VPGS2,0
D,DISPATCH,UNIT_SCADA,1,"2022/10/20 09:40:00",VPGS3,0
D,DISPATCH,UNIT_SCADA,1,"2022/10/20 09:40:00",VPGS4,0
D,DISPATCH,UNIT_SCADA,1,"2022/10/20 09:40:00",VPGS5,0
D,DISPATCH,UNIT_SCADA,1,"2022/10/20 09:40:00",VPGS6,0
D,DISPATCH,UNIT_SCADA,1,"2022/10/20 09:40:00",W/HOE#1,0
D,DISPATCH,UNIT_SCADA,1,"2022/10/20 09:40:00",W/HOE#2,0
D,DISPATCH,UNIT_SCADA,1,"2022/10/20 09:40:00",WAGGNSF1,0
D,DISPATCH,UNIT_SCADA,1,"2022/10/20 09:40:00",WALGRVG1,0
D,DISPATCH,UNIT_SCADA,1,"2022/10/20 09:40:00",WALGRVL1,0.0121
D,DISPATCH,UNIT_SCADA,1,"2022/10/20 09:40:00",WANDBG1,0
D,DISPATCH,UNIT_SCADA,1,"2022/10/20 09:40:00",WANDBL1,27.225570
D,DISPATCH,UNIT_SCADA,1,"2022/10/20 09:40:00",WARWSF1,13.12
D,DISPATCH,UNIT_SCADA,1,"2022/10/20 09:40:00",WARWSF2,13.35
D,DISPATCH,UNIT_SCADA,1,"2022/10/20 09:40:00",WATERLWF,38.10
D,DISPATCH,UNIT_SCADA,1,"2022/10/20 09:40:00",WDGPH1,48.0980
D,DISPATCH,UNIT_SCADA,1,"2022/10/20 09:40:00",WELLSF1,114.958420
D,DISPATCH,UNIT_SCADA,1,"2022/10/20 09:40:00",WEMENSF1,30.10
D,DISPATCH,UNIT_SCADA,1,"2022/10/20 09:40:00",WGWF1,99.30
D,DISPATCH,UNIT_SCADA,1,"2022/10/20 09:40:00",WHITSF1,4.70
D,DISPATCH,UNIT_SCADA,1,"2022/10/20 09:40:00",WINTSF1,80.31
D,DISPATCH,UNIT_SCADA,1,"2022/10/20 09:40:00",WKIEWA1,34.30
D,DISPATCH,UNIT_SCADA,1,"2022/10/20 09:40:00",WKIEWA2,14.20
D,DISPATCH,UNIT_SCADA,1,"2022/10/20 09:40:00",WOODLWN1,25.317280
D,DISPATCH,UNIT_SCADA,1,"2022/10/20 09:40:00",WOOLGSF1,42.254340
D,DISPATCH,UNIT_SCADA,1,"2022/10/20 09:40:00",WPWF,48.72
D,DISPATCH,UNIT_SCADA,1,"2022/10/20 09:40:00",WRSF1,2.500080
D,DISPATCH,UNIT_SCADA,1,"2022/10/20 09:40:00",WRWF1,47.660030
D,DISPATCH,UNIT_SCADA,1,"2022/10/20 09:40:00",WSTWYSF1,0
D,DISPATCH,UNIT_SCADA,1,"2022/10/20 09:40:00",YABULU,0
D,DISPATCH,UNIT_SCADA,1,"2022/10/20 09:40:00",YABULU2,0
D,DISPATCH,UNIT_SCADA,1,"2022/10/20 09:40:00",YARANSF1,13.40
D,DISPATCH,UNIT_SCADA,1,"2022/10/20 09:40:00",YARWUN_1,162.98
D,DISPATCH,UNIT_SCADA,1,"2022/10/20 09:40:00",YATSF1,15.67
D,DISPATCH,UNIT_SCADA,1,"2022/10/20 09:40:00",YENDWF1,27.91
D,DISPATCH,UNIT_SCADA,1,"2022/10/20 09:40:00",YWPS1,313.281010
D,DISPATCH,UNIT_SCADA,1,"2022/10/20 09:40:00",YWPS2,289.470890
D,DISPATCH,UNIT_SCADA,1,"2022/10/20 09:40:00",YWPS3,308.2962
D,DISPATCH,UNIT_SCADA,1,"2022/10/20 09:40:00",YWPS4,0
C,"END OF REPORT",419
